Nr.;Datum;Zeit;P.Zeit;AV Pyro top;AV Control TC;AV Piston TC Top;AV Piston TC Bot;AV Transformer T;SV Temperature  ;AV CZ Output;AV abs. pressure;Vacuum;AV rel. pressure;SV Rel. Pressure;SV Force        ;AV Force;AV Abs. Piston T;AV Rel. Piston T;AV Speed;Power;U RMS;I RMS
;;;;°C;°C;°C;°C;°C;°C    ;%;mbar(a;mbar(a;mbar(g;mbar(g;kN    ;kN;mm;mm;mm/min;kW;V;kA
1;27.06.2023;10:52:59;00:00:00;250,0;20,6;19,6;19,7;26,0;20,0;0,0;1007,6;1,01E3;-4,2;20,00;3,0;3,0;48,05;0,47;-0,001;0,0;0,00;0,039
2;27.06.2023;10:53:00;00:00:01;250,0;20,5;19,6;19,7;26,0;20,0;0,0;1007,7;1,01E3;-4,3;20,00;3,0;3,0;48,05;0,47;0,001;0,0;0,01;0,039
3;27.06.2023;10:53:01;00:00:02;250,0;20,5;19,6;19,7;26,0;20,0;0,0;1007,6;1,01E3;-4,3;20,00;3,0;3,0;48,05;0,47;0,004;0,0;0,00;0,039
4;27.06.2023;10:53:02;00:00:03;250,0;20,5;19,6;19,7;26,0;20,0;0,0;1007,7;1,01E3;-4,3;20,00;3,0;3,0;48,05;0,47;0,002;0,0;0,01;0,040
5;27.06.2023;10:53:03;00:00:04;250,0;20,4;19,6;19,6;26,0;20,0;0,0;1007,7;1,01E3;-4,3;20,00;3,0;3,0;48,05;0,47;-0,001;0,0;0,00;0,039
6;27.06.2023;10:53:04;00:00:05;250,0;20,4;19,6;19,7;26,0;20,0;0,0;1007,7;1,01E3;-4,3;20,00;3,0;3,0;48,05;0,47;0,005;0,0;0,00;0,039
7;27.06.2023;10:53:05;00:00:06;250,0;20,4;19,6;19,7;26,0;20,0;0,0;1007,7;1,01E3;-4,3;20,00;3,0;3,1;48,05;0,47;0,007;0,0;0,00;0,040
8;27.06.2023;10:53:06;00:00:07;250,0;20,4;19,6;19,6;26,0;20,0;0,0;1007,7;1,01E3;-4,2;20,00;3,0;3,0;48,05;0,47;0,003;0,0;0,00;0,039
9;27.06.2023;10:53:07;00:00:08;250,0;20,4;19,6;19,6;26,0;20,0;0,0;1007,7;1,01E3;-4,3;20,00;3,0;3,0;48,05;0,47;0,000;0,0;0,00;0,039
10;27.06.2023;10:53:08;00:00:09;250,0;20,3;19,6;19,6;26,0;20,0;0,0;962,7;9,63E2;-47,4;20,00;3,0;2,9;48,05;0,47;-0,001;0,0;0,00;0,040
11;27.06.2023;10:53:09;00:00:10;250,0;20,3;19,6;19,6;26,0;20,0;0,0;911,9;9,12E2;-94,8;20,00;3,0;3,0;48,05;0,47;0,002;0,0;0,00;0,039
12;27.06.2023;10:53:10;00:00:11;250,0;20,3;19,6;19,6;26,0;20,0;0,0;889,3;8,89E2;-120,8;20,00;3,0;3,0;48,05;0,47;0,001;0,0;0,00;0,039
13;27.06.2023;10:53:11;00:00:12;250,0;20,3;19,6;19,6;26,0;20,0;0,0;842,0;8,42E2;-165,9;20,00;3,0;2,9;48,05;0,47;0,002;0,0;0,00;0,040
14;27.06.2023;10:53:12;00:00:13;250,0;20,2;19,6;19,5;25,9;20,0;0,0;802,8;8,03E2;-206,5;20,00;3,0;3,0;48,05;0,47;0,011;0,0;0,00;0,039
15;27.06.2023;10:53:13;00:00:14;250,0;20,2;19,6;19,5;25,9;20,0;0,0;785,1;7,85E2;-223,7;20,00;3,0;3,0;48,05;0,47;0,016;0,0;0,00;0,039
16;27.06.2023;10:53:14;00:00:15;250,0;20,2;19,6;19,5;25,9;20,0;0,0;751,4;7,51E2;-258,2;20,00;3,0;2,9;48,05;0,47;0,019;0,0;0,00;0,039
17;27.06.2023;10:53:15;00:00:16;250,0;20,2;19,6;19,3;25,9;20,0;0,0;720,1;7,20E2;-287,9;20,00;3,0;3,0;48,05;0,47;0,030;0,0;0,00;0,039
18;27.06.2023;10:53:16;00:00:17;250,0;20,1;19,6;19,3;25,9;20,0;0,0;705,6;7,06E2;-304,4;20,00;3,0;3,0;48,05;0,48;0,043;0,0;0,01;0,039
19;27.06.2023;10:53:17;00:00:18;250,0;20,1;19,6;19,1;25,9;20,0;0,0;677,0;6,77E2;-331,6;20,00;3,0;3,0;48,06;0,48;0,060;0,0;0,00;0,039
20;27.06.2023;10:53:18;00:00:19;250,0;20,0;19,6;19,1;25,9;20,0;0,0;663,9;6,64E2;-346,9;20,00;3,0;3,0;48,06;0,48;0,071;0,0;0,00;0,039
21;27.06.2023;10:53:19;00:00:20;250,0;20,0;19,6;18,9;25,9;20,0;0,0;635,3;6,35E2;-374,0;20,00;3,0;3,0;48,06;0,48;0,107;0,0;0,01;0,039
22;27.06.2023;10:53:20;00:00:21;250,0;20,0;19,6;18,9;25,9;20,0;0,0;608,7;6,09E2;-399,9;20,00;3,0;2,9;48,06;0,49;0,131;0,0;0,00;0,039
23;27.06.2023;10:53:21;00:00:22;250,0;20,0;19,6;18,9;25,9;20,0;0,0;597,5;5,97E2;-411,5;20,00;3,0;3,0;48,07;0,49;0,140;0,0;0,01;0,039
24;27.06.2023;10:53:22;00:00:23;250,0;19,9;19,6;18,5;25,9;20,0;0,0;573,0;5,73E2;-435,6;20,00;3,0;3,0;48,07;0,49;0,151;0,0;0,00;0,039
25;27.06.2023;10:53:23;00:00:24;250,0;19,8;19,6;18,2;25,9;20,0;0,0;550,9;5,51E2;-458,8;20,00;3,0;3,1;48,07;0,50;0,167;0,0;0,00;0,039
26;27.06.2023;10:53:24;00:00:25;250,0;19,8;19,6;18,2;25,8;20,0;0,0;540,4;5,40E2;-469,1;20,00;3,0;3,0;48,07;0,50;0,169;0,0;0,00;0,039
27;27.06.2023;10:53:25;00:00:26;250,0;19,7;19,5;17,7;25,7;20,0;0,0;517,9;5,18E2;-492,3;20,00;3,0;3,0;48,08;0,50;0,172;0,0;0,01;0,039
28;27.06.2023;10:53:26;00:00:27;250,0;19,6;19,5;17,7;25,7;20,0;0,0;497,6;4,98E2;-511,4;20,00;3,0;3,0;48,08;0,51;0,185;0,0;0,00;0,039
29;27.06.2023;10:53:27;00:00:28;250,0;19,6;19,5;17,7;25,7;20,0;0,0;488,0;4,88E2;-520,6;20,00;3,0;3,0;48,08;0,51;0,188;0,0;0,00;0,039
30;27.06.2023;10:53:28;00:00:29;250,0;19,6;19,5;17,3;25,7;20,0;0,0;467,7;4,68E2;-540,1;20,00;3,0;3,0;48,09;0,51;0,183;0,0;0,01;0,039
31;27.06.2023;10:53:29;00:00:30;250,0;19,5;19,5;17,0;25,7;20,0;0,0;450,5;4,50E2;-541,2;20,00;3,0;3,0;48,09;0,52;0,182;0,0;0,00;0,039
32;27.06.2023;10:53:30;00:00:31;250,0;19,5;19,5;17,0;25,7;20,0;0,0;441,1;4,41E2;-541,2;20,00;3,0;2,9;48,10;0,52;0,189;0,0;0,01;0,039
33;27.06.2023;10:53:31;00:00:32;250,0;19,5;19,5;17,0;25,6;20,0;0,0;423,3;4,23E2;-541,2;20,00;3,0;3,0;48,10;0,52;0,195;0,0;0,00;0,039
34;27.06.2023;10:53:32;00:00:33;250,0;19,4;19,5;16,6;25,6;20,0;0,0;415,0;4,15E2;-541,2;20,00;3,0;3,1;48,10;0,52;0,194;0,0;0,01;0,039
35;27.06.2023;10:53:33;00:00:34;250,0;19,4;19,5;16,6;25,6;20,0;0,0;398,0;3,98E2;-541,2;20,00;3,0;2,9;48,11;0,53;0,193;0,0;0,00;0,039
36;27.06.2023;10:53:34;00:00:35;250,0;19,4;19,5;16,4;25,6;20,0;0,0;383,5;3,84E2;-541,2;20,00;3,0;2,9;48,11;0,53;0,202;0,0;0,01;0,040
37;27.06.2023;10:53:35;00:00:36;250,0;19,4;19,5;16,4;25,6;20,0;0,0;376,1;3,76E2;-541,2;20,00;3,0;3,0;48,11;0,54;0,210;0,0;0,01;0,039
38;27.06.2023;10:53:36;00:00:37;250,0;19,3;19,5;16,2;25,6;20,0;0,0;360,2;3,60E2;-541,2;20,00;3,0;3,0;48,12;0,54;0,218;0,0;0,00;0,039
39;27.06.2023;10:53:37;00:00:38;250,0;19,3;19,5;16,0;25,6;20,0;0,0;345,7;3,46E2;-541,2;20,00;3,0;3,0;48,12;0,55;0,221;0,0;0,00;0,039
40;27.06.2023;10:53:38;00:00:39;250,0;19,3;19,5;16,0;25,6;20,0;0,0;339,3;3,39E2;-541,2;20,00;3,0;3,0;48,13;0,55;0,228;0,0;0,00;0,039
41;27.06.2023;10:53:39;00:00:40;250,0;19,3;19,5;16,0;25,6;20,0;0,0;326,0;3,26E2;-541,2;20,00;3,0;3,0;48,13;0,55;0,239;0,0;0,00;0,042
42;27.06.2023;10:53:40;00:00:41;250,0;19,3;19,5;15,8;25,6;20,0;0,0;313,6;3,14E2;-541,2;20,00;3,0;2,9;48,13;0,56;0,242;0,0;0,00;0,039
43;27.06.2023;10:53:41;00:00:42;250,0;19,3;19,5;15,8;25,6;20,0;0,0;307,5;3,07E2;-541,2;20,00;3,0;3,0;48,14;0,56;0,243;0,0;0,00;0,039
44;27.06.2023;10:53:42;00:00:43;250,0;19,2;19,5;15,7;25,6;20,0;0,0;294,5;2,95E2;-541,2;20,00;3,0;3,0;48,14;0,57;0,248;0,0;0,00;0,039
45;27.06.2023;10:53:43;00:00:44;250,0;19,2;19,5;15,6;25,6;20,0;0,0;282,8;2,83E2;-541,2;20,00;3,0;3,1;48,15;0,57;0,248;0,0;0,01;0,039
46;27.06.2023;10:53:44;00:00:45;250,0;19,2;19,5;15,6;25,6;20,0;0,0;277,3;2,77E2;-541,2;20,00;3,0;3,1;48,15;0,57;0,248;0,0;0,01;0,039
47;27.06.2023;10:53:45;00:00:46;250,0;19,1;19,4;15,4;25,5;20,0;0,0;266,5;2,66E2;-541,2;20,00;3,0;3,0;48,15;0,58;0,245;0,0;0,00;0,039
48;27.06.2023;10:53:46;00:00:47;250,0;19,1;19,4;15,4;25,5;20,0;0,0;261,3;2,61E2;-541,2;20,00;3,0;3,1;48,16;0,58;0,244;0,0;0,00;0,039
49;27.06.2023;10:53:47;00:00:48;250,0;19,1;19,4;15,4;25,5;20,0;0,0;251,2;2,51E2;-541,2;20,00;3,0;3,0;48,16;0,58;0,226;0,0;0,01;0,039
50;27.06.2023;10:53:48;00:00:49;250,0;19,1;19,4;15,3;25,5;20,0;0,0;240,7;2,41E2;-541,2;20,00;3,0;3,0;48,16;0,59;0,204;0,0;0,01;0,039
51;27.06.2023;10:53:49;00:00:50;250,0;19,1;19,4;15,3;25,5;20,0;0,0;236,0;2,36E2;-541,2;20,00;3,0;3,0;48,16;0,59;0,189;0,0;0,00;0,039
52;27.06.2023;10:53:50;00:00:51;250,0;19,0;19,4;15,3;25,5;20,0;0,0;226,8;2,27E2;-541,2;20,00;3,0;3,0;48,17;0,59;0,172;0,0;0,00;0,040
53;27.06.2023;10:53:51;00:00:52;250,0;19,0;19,4;15,3;25,5;20,0;0,0;218,1;2,18E2;-541,2;20,00;3,0;3,0;48,17;0,59;0,154;0,0;0,00;0,040
54;27.06.2023;10:53:52;00:00:53;250,0;19,0;19,4;15,2;25,5;20,0;0,0;213,8;2,14E2;-541,2;20,00;3,0;3,0;48,17;0,59;0,146;0,0;0,01;0,039
55;27.06.2023;10:53:53;00:00:54;250,0;19,0;19,4;15,2;25,5;20,0;0,0;205,3;2,05E2;-541,2;20,00;3,0;3,0;48,17;0,60;0,131;0,0;0,00;0,040
56;27.06.2023;10:53:54;00:00:55;250,0;19,0;19,4;15,2;25,5;20,0;0,0;196,8;1,97E2;-541,2;20,00;3,0;3,0;48,17;0,60;0,118;0,0;0,00;0,040
57;27.06.2023;10:53:55;00:00:56;250,0;19,0;19,4;15,2;25,5;20,0;0,0;192,9;1,93E2;-541,2;20,00;3,0;3,0;48,17;0,60;0,110;0,0;0,01;0,039
58;27.06.2023;10:53:56;00:00:57;250,0;18,9;19,4;15,2;25,4;20,0;0,0;185,6;1,86E2;-541,2;20,00;3,0;2,9;48,17;0,60;0,095;0,0;0,01;0,039
59;27.06.2023;10:53:57;00:00:58;250,0;18,9;19,4;15,2;25,4;20,0;0,0;181,9;1,82E2;-541,2;20,00;3,0;2,9;48,18;0,60;0,088;0,0;0,00;0,039
60;27.06.2023;10:53:58;00:00:59;250,0;18,9;19,4;15,1;25,4;20,0;0,0;174,9;1,75E2;-541,2;20,00;3,0;2,9;48,18;0,60;0,083;0,0;0,00;0,039
61;27.06.2023;10:53:59;00:01:00;250,0;18,9;19,5;15,1;25,4;20,0;0,0;166,6;1,67E2;-541,2;20,00;3,0;3,0;48,18;0,60;0,084;0,0;0,01;0,039
62;27.06.2023;10:54:00;00:01:01;250,0;18,9;19,5;15,1;25,4;20,0;0,0;158,9;1,59E2;-541,2;20,00;3,0;3,0;48,18;0,60;0,081;0,0;0,00;0,039
63;27.06.2023;10:54:01;00:01:02;250,0;18,9;19,4;15,1;25,4;20,0;0,0;144,8;1,45E2;-541,2;20,00;3,0;3,0;48,18;0,60;0,076;0,0;0,00;0,040
64;27.06.2023;10:54:02;00:01:03;250,0;18,9;19,4;15,1;25,4;20,0;0,0;133,4;1,33E2;-541,2;20,00;3,0;2,9;48,18;0,60;0,070;0,0;0,00;0,039
65;27.06.2023;10:54:03;00:01:04;250,0;18,8;19,4;15,2;25,4;20,0;0,0;128,0;1,28E2;-541,2;20,00;3,0;2,9;48,18;0,61;0,066;0,0;0,00;0,039
66;27.06.2023;10:54:04;00:01:05;250,0;18,8;19,4;15,2;25,4;20,0;0,0;118,4;1,18E2;-541,2;20,00;3,0;3,0;48,18;0,61;0,070;0,0;0,01;0,039
67;27.06.2023;10:54:05;00:01:06;250,0;18,9;19,5;15,2;25,5;20,0;0,0;109,3;1,09E2;-541,2;20,00;3,0;3,0;48,19;0,61;0,073;0,0;0,00;0,039
68;27.06.2023;10:54:06;00:01:07;250,0;18,9;19,5;15,2;25,5;20,0;0,0;105,2;1,05E2;-541,2;20,00;3,0;3,0;48,19;0,61;0,068;0,0;0,00;0,039
69;27.06.2023;10:54:07;00:01:08;250,0;18,9;19,5;15,2;25,4;20,0;0,0;96,6;9,66E1;-541,2;20,00;3,0;3,0;48,19;0,61;0,069;0,0;0,00;0,039
70;27.06.2023;10:54:08;00:01:09;250,0;18,9;19,5;15,2;25,4;20,0;0,0;89,4;8,94E1;-541,2;20,00;3,0;3,0;48,19;0,61;0,072;0,0;0,00;0,039
71;27.06.2023;10:54:09;00:01:10;250,0;18,9;19,5;15,2;25,4;20,0;0,0;86,0;8,60E1;-541,2;20,00;3,0;3,0;48,19;0,61;0,070;0,0;0,00;0,039
72;27.06.2023;10:54:10;00:01:11;250,0;18,8;19,5;15,2;25,4;20,0;0,0;79,8;7,98E1;-541,2;20,00;3,0;3,0;48,19;0,62;0,072;0,0;0,01;0,039
73;27.06.2023;10:54:11;00:01:12;250,0;18,8;19,5;15,2;25,4;20,0;0,0;76,7;7,67E1;-541,2;20,00;3,0;3,0;48,19;0,62;0,072;0,0;0,01;0,039
74;27.06.2023;10:54:12;00:01:13;250,0;18,8;19,5;15,2;25,4;20,0;0,0;71,1;7,11E1;-541,2;20,00;3,0;3,0;48,19;0,62;0,074;0,0;0,00;0,039
75;27.06.2023;10:54:13;00:01:14;250,0;18,8;19,5;15,2;25,4;20,0;0,0;65,0;6,50E1;-541,2;20,00;3,0;3,0;48,20;0,62;0,071;0,0;0,00;0,040
76;27.06.2023;10:54:14;00:01:15;250,0;18,8;19,5;15,2;25,4;20,0;0,0;62,5;6,25E1;-541,2;20,00;3,0;3,0;48,20;0,62;0,070;0,0;0,00;0,039
77;27.06.2023;10:54:15;00:01:16;250,0;18,8;19,5;15,2;25,4;20,0;0,0;57,4;5,74E1;-541,2;20,00;3,0;3,0;48,20;0,62;0,064;0,0;0,00;0,040
78;27.06.2023;10:54:16;00:01:17;250,0;18,8;19,5;15,2;25,4;20,0;0,0;53,0;5,30E1;-541,2;20,00;3,0;3,0;48,20;0,62;0,057;0,0;0,00;0,039
79;27.06.2023;10:54:17;00:01:18;250,0;18,8;19,5;15,2;25,4;20,0;0,0;51,0;5,10E1;-541,2;20,00;3,0;3,0;48,20;0,62;0,052;0,0;0,01;0,039
80;27.06.2023;10:54:18;00:01:19;250,0;18,7;19,5;15,3;25,4;20,0;0,0;47,1;4,71E1;-541,2;20,00;3,0;3,0;48,20;0,62;0,054;0,0;0,00;0,042
81;27.06.2023;10:54:19;00:01:20;250,0;18,7;19,5;15,3;25,4;20,0;0,0;43,2;4,32E1;-541,2;20,00;3,0;3,0;48,20;0,62;0,054;0,0;0,00;0,039
82;27.06.2023;10:54:20;00:01:21;250,0;18,7;19,5;15,3;25,4;20,0;0,0;41,6;4,16E1;-541,2;20,00;3,0;3,0;48,20;0,62;0,053;0,0;0,01;0,040
83;27.06.2023;10:54:21;00:01:22;250,0;18,7;19,5;15,3;25,4;20,0;0,0;38,3;3,83E1;-541,2;20,00;3,0;3,0;48,20;0,63;0,054;0,0;0,00;0,039
84;27.06.2023;10:54:22;00:01:23;250,0;18,7;19,5;15,3;25,3;20,0;0,0;35,2;3,52E1;-541,2;20,00;3,0;2,9;48,20;0,63;0,049;0,0;0,00;0,039
85;27.06.2023;10:54:23;00:01:24;250,0;18,7;19,5;15,4;25,3;20,0;0,0;34,0;3,40E1;-541,2;20,00;3,0;2,9;48,20;0,63;0,049;0,0;0,01;0,039
86;27.06.2023;10:54:24;00:01:25;250,0;18,7;19,5;15,4;25,3;20,0;0,0;31,3;3,13E1;-541,2;20,00;3,0;3,0;48,20;0,63;0,052;0,0;0,00;0,040
87;27.06.2023;10:54:25;00:01:26;250,0;18,7;19,5;15,3;25,3;20,0;0,0;29,8;2,98E1;-541,2;20,00;3,0;3,0;48,20;0,63;0,048;0,0;0,00;0,040
88;27.06.2023;10:54:26;00:01:27;250,0;18,6;19,5;15,4;25,3;20,0;0,0;27,3;2,73E1;-541,2;20,00;3,0;2,9;48,21;0,63;0,044;0,0;0,00;0,039
89;27.06.2023;10:54:27;00:01:28;250,0;18,6;19,5;15,4;25,3;20,0;0,0;25,2;2,52E1;-541,2;20,00;3,0;3,0;48,21;0,63;0,044;0,0;0,00;0,039
90;27.06.2023;10:54:28;00:01:29;250,0;18,6;19,5;15,4;25,3;20,0;0,0;24,3;2,43E1;-541,2;20,00;3,0;3,0;48,21;0,63;0,042;0,0;0,00;0,039
91;27.06.2023;10:54:29;00:01:30;250,0;18,6;19,5;15,4;25,3;20,0;0,0;22,3;2,23E1;-541,2;20,00;3,0;3,0;48,21;0,63;0,042;0,0;0,01;0,039
92;27.06.2023;10:54:30;00:01:31;250,0;18,6;19,5;15,5;25,3;20,0;0,0;20,6;2,06E1;-541,2;20,00;3,0;3,0;48,21;0,63;0,038;0,0;0,00;0,039
93;27.06.2023;10:54:31;00:01:32;250,0;18,6;19,5;15,5;25,3;20,0;0,0;19,7;1,97E1;-541,2;20,00;3,0;3,1;48,21;0,63;0,034;0,0;0,01;0,039
94;27.06.2023;10:54:32;00:01:33;250,0;18,6;19,5;15,6;25,3;20,0;0,0;18,1;1,81E1;-541,2;20,00;3,0;3,0;48,21;0,63;0,033;0,0;0,01;0,039
95;27.06.2023;10:54:33;00:01:34;250,0;18,6;19,5;15,6;25,3;20,0;0,0;16,6;1,66E1;-541,2;20,00;3,0;3,0;48,21;0,63;0,024;0,0;0,00;0,039
96;27.06.2023;10:54:34;00:01:35;250,0;18,6;19,5;15,6;25,3;20,0;0,0;15,9;1,59E1;-541,2;20,00;3,0;3,0;48,21;0,63;0,022;0,0;0,00;0,039
97;27.06.2023;10:54:35;00:01:36;250,0;18,6;19,5;15,6;25,2;20,0;0,0;14,6;1,46E1;-541,2;20,00;3,0;3,1;48,21;0,63;0,024;0,0;0,01;0,039
98;27.06.2023;10:54:36;00:01:37;250,0;18,6;19,5;15,7;25,2;20,0;0,0;14,2;1,42E1;-541,2;20,00;3,0;3,1;48,21;0,63;0,025;0,0;0,00;0,039
99;27.06.2023;10:54:37;00:01:38;250,0;18,6;19,5;15,7;25,2;20,0;0,0;13,2;1,32E1;-541,2;20,00;3,0;3,0;48,21;0,63;0,023;0,0;0,00;0,039
100;27.06.2023;10:54:38;00:01:39;250,0;18,5;19,5;15,8;25,2;20,0;0,0;12,1;1,21E1;-541,2;20,00;3,0;2,9;48,21;0,63;0,022;0,0;0,01;0,039
101;27.06.2023;10:54:39;00:01:40;250,0;18,5;19,5;15,9;25,2;20,0;0,0;11,4;1,14E1;-541,2;20,00;3,0;3,0;48,21;0,63;0,023;0,0;0,00;0,039
102;27.06.2023;10:54:40;00:01:41;250,0;18,5;19,5;15,9;25,2;20,0;0,0;10,7;1,07E1;-541,2;20,00;3,0;3,0;48,21;0,63;0,019;0,0;0,00;0,039
103;27.06.2023;10:54:41;00:01:42;250,0;18,5;19,5;15,9;25,2;20,0;0,0;10,0;9,96E0;-541,2;20,00;3,0;2,9;48,21;0,63;0,018;0,0;0,01;0,039
104;27.06.2023;10:54:42;00:01:43;250,0;18,5;19,5;15,9;25,2;20,0;0,0;9,5;9,52E0;-541,2;20,00;3,0;3,0;48,21;0,64;0,017;0,0;0,01;0,039
105;27.06.2023;10:54:43;00:01:44;250,0;18,5;19,5;16,0;25,2;20,0;0,0;8,6;8,57E0;-541,2;20,00;3,0;3,0;48,21;0,64;0,020;0,0;0,00;0,039
106;27.06.2023;10:54:44;00:01:45;250,0;18,5;19,5;16,0;25,2;20,0;0,0;7,7;7,75E0;-541,2;20,00;3,0;3,0;48,21;0,64;0,021;0,0;0,00;0,039
107;27.06.2023;10:54:45;00:01:46;250,0;18,5;19,5;16,0;25,1;20,0;0,0;7,5;7,49E0;-541,2;20,00;3,0;3,0;48,21;0,64;0,019;0,0;0,01;0,039
108;27.06.2023;10:54:46;00:01:47;250,0;18,5;19,5;16,0;25,1;20,0;0,0;6,9;6,92E0;-541,2;20,00;3,0;3,0;48,21;0,64;0,017;0,0;0,00;0,039
109;27.06.2023;10:54:47;00:01:48;250,0;18,5;19,5;16,0;25,1;20,0;0,0;6,3;6,28E0;-541,2;20,00;3,0;3,0;48,21;0,64;0,018;0,0;0,01;0,039
110;27.06.2023;10:54:48;00:01:49;250,0;18,4;19,5;16,1;25,1;20,0;0,0;6,1;6,13E0;-541,2;20,00;3,0;3,0;48,21;0,64;0,017;0,0;0,00;0,039
111;27.06.2023;10:54:49;00:01:50;250,0;18,4;19,5;16,2;25,1;20,0;0,0;5,7;5,66E0;-541,2;20,00;3,0;3,0;48,21;0,64;0,022;0,0;0,00;0,039
112;27.06.2023;10:54:50;00:01:51;250,0;18,4;19,5;16,2;25,1;20,0;0,0;5,4;5,36E0;-541,2;20,00;3,0;3,0;48,21;0,64;0,018;0,0;0,00;0,039
113;27.06.2023;10:54:51;00:01:52;250,0;18,4;19,5;16,2;25,1;20,0;0,0;5,1;5,08E0;-541,2;20,00;3,0;3,1;48,21;0,64;0,018;0,0;0,01;0,040
114;27.06.2023;10:54:52;00:01:53;250,0;18,4;19,5;16,2;25,1;20,0;0,0;4,7;4,72E0;-541,2;20,00;3,0;3,1;48,21;0,64;0,016;0,0;0,00;0,039
115;27.06.2023;10:54:53;00:01:54;250,0;18,4;19,5;16,2;25,1;20,0;0,0;4,6;4,64E0;-541,2;20,00;3,0;3,0;48,21;0,64;0,013;0,0;0,00;0,039
116;27.06.2023;10:54:54;00:01:55;250,0;18,4;19,5;16,3;25,1;20,0;0,0;4,3;4,28E0;-541,2;20,00;3,0;3,0;48,21;0,64;0,010;0,0;0,00;0,039
117;27.06.2023;10:54:55;00:01:56;250,0;18,4;19,5;16,4;25,1;20,0;0,0;4,0;3,97E0;-541,2;20,00;3,0;3,0;48,21;0,64;0,008;0,0;0,00;0,039
118;27.06.2023;10:54:56;00:01:57;250,0;18,4;19,5;16,4;25,1;20,0;0,0;3,9;3,86E0;-541,2;20,00;3,0;3,0;48,22;0,64;0,009;0,0;0,01;0,039
119;27.06.2023;10:54:57;00:01:58;250,0;18,4;19,5;16,4;25,1;20,0;0,0;3,6;3,62E0;-541,2;20,00;3,0;3,0;48,22;0,64;0,014;0,0;0,00;0,039
120;27.06.2023;10:54:58;00:01:59;250,0;18,4;19,5;16,4;25,1;20,0;0,0;3,5;3,46E0;-541,2;20,00;3,0;3,0;48,22;0,64;0,015;0,0;0,01;0,039
121;27.06.2023;10:54:59;00:02:00;250,0;18,4;19,5;16,5;25,1;20,0;0,0;3,3;3,34E0;-541,2;20,00;3,0;3,0;48,22;0,64;0,014;0,0;0,01;0,039
122;27.06.2023;10:55:00;00:02:01;250,0;18,4;19,5;16,5;25,1;20,0;0,0;3,2;3,17E0;-541,2;20,00;3,0;3,0;48,22;0,64;0,011;0,0;0,01;0,039
123;27.06.2023;10:55:01;00:02:02;250,0;18,4;19,5;16,5;25,0;20,0;0,0;3,0;2,96E0;-541,2;20,00;3,0;3,0;48,22;0,64;0,012;0,0;0,00;0,040
124;27.06.2023;10:55:02;00:02:03;250,0;18,4;19,5;16,5;25,0;20,0;0,0;2,9;2,90E0;-541,2;20,00;3,0;3,0;48,22;0,64;0,012;0,0;0,00;0,039
125;27.06.2023;10:55:03;00:02:04;250,0;18,4;19,5;16,6;25,0;20,0;0,0;2,7;2,73E0;-541,2;20,00;3,0;3,0;48,22;0,64;0,013;0,0;0,00;0,039
126;27.06.2023;10:55:04;00:02:05;250,0;18,4;19,5;16,6;25,0;20,0;0,0;2,7;2,65E0;-541,2;20,00;3,0;3,0;48,22;0,64;0,012;0,0;0,00;0,039
127;27.06.2023;10:55:05;00:02:06;250,0;18,4;19,5;16,6;25,1;20,0;0,0;2,5;2,51E0;-541,2;20,00;3,0;3,0;48,22;0,64;0,015;0,0;0,01;0,039
128;27.06.2023;10:55:06;00:02:07;250,0;18,4;19,6;16,7;25,1;20,0;0,0;2,4;2,39E0;-541,2;20,00;3,0;3,0;48,22;0,64;0,012;0,0;0,01;0,039
129;27.06.2023;10:55:07;00:02:08;250,0;18,4;19,6;16,7;25,1;20,0;0,0;2,3;2,34E0;-541,2;20,00;3,0;3,0;48,22;0,64;0,012;0,0;0,01;0,039
130;27.06.2023;10:55:08;00:02:09;250,0;18,4;19,6;16,7;25,1;20,0;0,0;2,2;2,24E0;-541,2;20,00;3,0;3,0;48,22;0,64;0,010;0,0;0,00;0,040
131;27.06.2023;10:55:09;00:02:10;250,0;18,4;19,6;16,8;25,1;20,0;0,0;2,1;2,14E0;-541,2;20,00;3,0;2,9;48,22;0,64;0,008;0,0;0,01;0,039
132;27.06.2023;10:55:10;00:02:11;250,0;18,4;19,6;16,8;25,1;20,0;0,0;2,1;2,09E0;-541,2;20,00;3,0;3,0;48,22;0,64;0,008;0,0;0,00;0,039
133;27.06.2023;10:55:11;00:02:12;250,0;18,4;19,6;16,8;25,0;20,0;0,0;2,0;1,99E0;-541,2;20,00;3,0;3,0;48,22;0,64;0,010;0,0;0,01;0,039
134;27.06.2023;10:55:12;00:02:13;250,0;18,4;19,6;16,9;25,0;20,0;0,0;1,9;1,90E0;-541,2;20,00;3,0;3,0;48,22;0,64;0,011;0,0;0,00;0,040
135;27.06.2023;10:55:13;00:02:14;250,0;18,4;19,6;16,9;25,0;20,0;0,0;1,8;1,85E0;-541,2;20,00;3,0;3,0;48,22;0,64;0,007;0,0;0,01;0,040
136;27.06.2023;10:55:14;00:02:15;250,0;18,4;19,6;16,9;25,0;20,0;0,0;1,8;1,75E0;-541,2;20,00;3,0;3,0;48,22;0,64;0,009;0,0;0,00;0,039
137;27.06.2023;10:55:15;00:02:16;250,0;18,4;19,6;16,9;25,0;20,0;0,0;1,7;1,71E0;-541,2;20,00;3,0;3,0;48,22;0,64;0,006;0,0;0,00;0,039
138;27.06.2023;10:55:16;00:02:17;250,0;18,4;19,6;16,9;25,0;20,0;0,0;1,6;1,64E0;-541,2;20,00;3,0;3,0;48,22;0,64;0,009;0,0;0,00;0,039
139;27.06.2023;10:55:17;00:02:18;250,0;18,4;19,6;17,0;25,0;20,0;0,0;1,6;1,57E0;-541,2;20,00;3,0;3,1;48,22;0,64;0,015;0,0;0,00;0,039
140;27.06.2023;10:55:18;00:02:19;250,0;18,4;19,6;17,0;25,0;20,0;0,0;1,5;1,55E0;-541,2;20,00;3,0;3,0;48,22;0,64;0,010;0,0;0,00;0,039
141;27.06.2023;10:55:19;00:02:20;250,0;18,4;19,6;17,0;25,0;20,0;0,0;1,5;1,48E0;-541,2;20,00;3,0;3,0;48,22;0,64;0,010;0,0;0,00;0,040
142;27.06.2023;10:55:20;00:02:21;250,0;18,4;19,6;17,0;25,0;20,0;0,0;1,4;1,41E0;-541,2;20,00;3,0;3,0;48,22;0,64;0,010;0,0;0,01;0,039
143;27.06.2023;10:55:21;00:02:22;250,0;18,4;19,6;17,0;25,0;20,0;0,0;1,4;1,38E0;-541,2;20,00;3,0;3,0;48,22;0,64;0,010;0,0;0,00;0,039
144;27.06.2023;10:55:22;00:02:23;250,0;18,3;19,6;17,1;25,0;20,0;0,0;1,3;1,31E0;-541,2;20,00;3,0;2,9;48,22;0,64;0,009;0,0;0,00;0,039
145;27.06.2023;10:55:23;00:02:24;250,0;18,3;19,6;17,1;25,0;20,0;0,0;1,3;1,25E0;-541,2;20,00;3,0;3,0;48,22;0,64;0,009;0,0;0,00;0,039
146;27.06.2023;10:55:24;00:02:25;250,0;18,3;19,6;17,1;25,0;20,0;0,0;1,2;1,22E0;-541,2;20,00;3,0;3,0;48,22;0,64;0,007;0,0;0,01;0,039
147;27.06.2023;10:55:25;00:02:26;250,0;18,3;19,6;17,1;25,0;20,0;0,0;1,2;1,16E0;-541,2;20,00;3,0;3,0;48,22;0,64;0,009;0,0;0,00;0,039
148;27.06.2023;10:55:26;00:02:27;250,0;18,3;19,6;17,1;24,9;20,0;0,0;1,1;1,11E0;-541,2;20,00;3,0;2,9;48,22;0,64;0,003;0,0;0,00;0,040
149;27.06.2023;10:55:27;00:02:28;250,0;18,3;19,6;17,1;24,9;20,0;0,0;1,1;1,09E0;-541,2;20,00;3,0;3,0;48,22;0,64;0,004;0,0;0,01;0,039
150;27.06.2023;10:55:28;00:02:29;250,0;18,3;19,6;17,2;24,9;20,0;0,0;1,0;1,04E0;-541,2;20,00;3,0;3,0;48,22;0,64;0,006;0,0;0,00;0,039
151;27.06.2023;10:55:29;00:02:30;250,0;18,3;19,6;17,2;24,9;20,0;0,0;1,0;1,02E0;-541,2;20,00;3,0;3,0;48,22;0,64;0,004;0,0;0,01;0,039
152;27.06.2023;10:55:30;00:02:31;250,0;18,3;19,6;17,2;24,9;20,0;0,0;1,0;9,81E-1;-541,2;20,00;3,0;3,0;48,22;0,64;0,003;0,0;0,01;0,040
153;27.06.2023;10:55:31;00:02:32;250,0;18,3;19,6;17,2;24,9;20,0;0,0;0,9;9,39E-1;-541,2;20,00;3,0;2,9;48,22;0,64;0,002;0,0;0,01;0,039
154;27.06.2023;10:55:32;00:02:33;250,0;18,3;19,6;17,2;24,9;20,0;0,0;0,9;8,96E-1;-541,2;20,00;3,0;3,0;48,22;0,64;0,004;0,0;0,00;0,042
155;27.06.2023;10:55:33;00:02:34;250,0;18,3;19,6;17,2;24,9;20,0;0,0;0,9;8,76E-1;-541,2;20,00;3,0;3,0;48,22;0,64;0,003;0,0;0,00;0,043
156;27.06.2023;10:55:34;00:02:35;250,0;18,3;19,6;17,3;24,9;20,0;0,0;0,8;8,37E-1;-541,2;20,00;3,0;3,0;48,22;0,64;0,008;0,0;0,00;0,043
157;27.06.2023;10:55:35;00:02:36;250,0;18,3;19,6;17,3;24,9;20,0;0,0;0,8;7,99E-1;-541,2;20,00;3,0;2,9;48,22;0,65;0,002;0,0;0,00;0,043
158;27.06.2023;10:55:36;00:02:37;250,0;18,3;19,6;17,3;24,9;20,0;0,0;0,8;7,83E-1;-541,2;20,00;3,0;2,9;48,22;0,64;0,007;0,0;0,01;0,042
159;27.06.2023;10:55:37;00:02:38;250,0;18,3;19,6;17,3;24,9;20,0;0,0;0,8;7,56E-1;-541,2;20,00;3,0;3,0;48,22;0,64;0,013;0,0;0,00;0,044
160;27.06.2023;10:55:38;00:02:39;250,0;18,3;19,6;17,3;24,8;20,0;0,0;0,7;7,27E-1;-541,2;20,00;3,0;3,0;48,22;0,65;0,009;0,0;0,00;0,040
161;27.06.2023;10:55:39;00:02:40;250,0;18,3;19,6;17,3;24,8;20,0;0,0;0,7;7,14E-1;-541,2;20,00;3,0;3,0;48,22;0,65;0,007;0,0;0,01;0,042
162;27.06.2023;10:55:40;00:02:41;250,0;18,3;19,6;17,3;24,8;20,0;0,0;0,7;6,88E-1;-541,2;20,00;3,0;3,0;48,22;0,65;0,008;0,0;0,00;0,044
163;27.06.2023;10:55:41;00:02:42;250,0;18,3;19,6;17,4;24,8;20,0;0,0;0,7;6,64E-1;-541,2;20,00;3,0;2,9;48,22;0,65;0,004;0,0;0,01;0,041
164;27.06.2023;10:55:42;00:02:43;250,0;18,3;19,6;17,4;24,8;20,0;0,0;0,7;6,53E-1;-541,2;20,00;3,0;3,0;48,22;0,65;0,004;0,0;0,00;0,039
165;27.06.2023;10:55:43;00:02:44;250,0;18,3;19,6;17,4;24,8;20,0;0,0;0,6;6,30E-1;-541,2;20,00;3,0;3,0;48,22;0,65;0,005;0,0;0,01;0,039
166;27.06.2023;10:55:44;00:02:45;250,0;18,3;19,6;17,4;24,8;20,0;0,0;0,6;6,18E-1;-541,2;20,00;3,0;3,0;48,22;0,65;0,005;0,0;0,01;0,039
167;27.06.2023;10:55:45;00:02:46;250,0;18,2;19,5;17,4;24,8;20,0;0,0;0,6;5,96E-1;-541,2;20,00;3,0;3,0;48,22;0,65;0,009;0,0;0,00;0,039
168;27.06.2023;10:55:46;00:02:47;250,0;18,2;19,5;17,4;24,8;20,0;0,0;0,6;5,75E-1;-541,2;20,00;3,0;3,0;48,22;0,65;0,007;0,0;0,00;0,041
169;27.06.2023;10:55:47;00:02:48;250,0;18,2;19,5;17,4;24,8;20,0;0,0;0,6;5,66E-1;-541,2;20,00;3,0;2,9;48,22;0,65;0,003;0,0;0,00;0,040
170;27.06.2023;10:55:48;00:02:49;250,0;18,2;19,5;17,4;24,8;20,0;0,0;0,5;5,47E-1;-541,2;20,00;3,0;2,9;48,22;0,65;0,004;0,0;0,00;0,043
171;27.06.2023;10:55:49;00:02:50;250,0;18,2;19,5;17,4;24,8;20,0;0,0;0,5;5,31E-1;-541,2;20,00;3,0;2,9;48,22;0,65;0,005;0,0;0,00;0,040
172;27.06.2023;10:55:50;00:02:51;250,0;18,2;19,5;17,4;24,8;20,0;0,0;0,5;5,23E-1;-541,2;20,00;3,0;3,0;48,22;0,65;0,007;0,0;0,00;0,042
173;27.06.2023;10:55:51;00:02:52;250,0;18,2;19,5;17,4;24,8;20,0;0,0;0,5;5,10E-1;-541,2;20,00;3,0;3,0;48,22;0,65;0,014;0,0;0,00;0,043
174;27.06.2023;10:55:52;00:02:53;250,0;18,2;19,5;17,4;24,8;20,0;0,0;0,5;4,97E-1;-541,2;20,00;3,0;3,0;48,22;0,65;0,008;0,0;0,00;0,039
175;27.06.2023;10:55:53;00:02:54;250,0;18,2;19,5;17,4;24,8;20,0;0,0;0,5;4,91E-1;-541,2;20,00;3,0;3,0;48,22;0,65;0,007;0,0;0,01;0,039
176;27.06.2023;10:55:54;00:02:55;250,0;18,2;19,5;17,5;24,8;20,0;0,0;0,5;4,80E-1;-541,2;20,00;3,0;3,0;48,22;0,65;0,006;0,0;0,01;0,039
177;27.06.2023;10:55:55;00:02:56;250,0;18,2;19,5;17,5;24,8;20,0;0,0;0,5;4,69E-1;-541,2;20,00;3,0;3,0;48,22;0,65;0,006;0,0;0,00;0,040
178;27.06.2023;10:55:56;00:02:57;250,0;18,2;19,5;17,5;24,7;20,0;0,0;0,5;4,62E-1;-541,2;20,00;3,0;2,9;48,22;0,65;0,001;0,0;0,01;0,039
179;27.06.2023;10:55:57;00:02:58;250,0;18,2;19,5;17,5;24,7;20,0;0,0;0,5;4,51E-1;-541,2;20,00;3,0;2,9;48,22;0,65;0,001;0,0;0,00;0,039
180;27.06.2023;10:55:58;00:02:59;250,0;18,2;19,5;17,5;24,7;20,0;0,0;0,4;4,46E-1;-541,2;20,00;3,0;3,0;48,22;0,65;0,004;0,0;0,01;0,042
181;27.06.2023;10:55:59;00:03:00;250,0;18,2;19,5;17,5;24,7;20,0;0,0;0,4;4,37E-1;-541,2;20,00;3,0;3,0;48,22;0,65;0,004;0,0;0,00;0,039
182;27.06.2023;10:56:00;00:03:01;250,0;18,2;19,5;17,5;24,7;20,0;0,0;0,4;4,28E-1;-541,2;20,00;3,0;3,0;48,22;0,65;0,001;0,0;0,00;0,040
183;27.06.2023;10:56:01;00:03:02;250,0;18,2;19,5;17,5;24,7;20,0;0,2;14,3;1,43E1;-541,2;20,00;3,0;3,0;48,22;0,65;0,003;0,0;0,00;0,041
184;27.06.2023;10:56:02;00:03:03;250,0;18,2;19,5;17,6;24,7;20,0;0,2;50,2;5,02E1;-541,2;20,00;3,0;3,0;48,22;0,65;0,004;0,0;0,00;0,039
185;27.06.2023;10:56:03;00:03:04;250,0;18,2;19,5;17,8;24,7;20,0;0,2;112,8;1,13E2;-541,2;20,00;3,0;3,0;48,22;0,65;0,006;0,0;0,00;0,039
186;27.06.2023;10:56:04;00:03:05;250,0;18,2;19,5;17,8;24,7;20,0;0,2;140,0;1,40E2;-541,2;20,00;3,0;3,0;48,22;0,65;0,005;0,0;0,00;0,039
187;27.06.2023;10:56:05;00:03:06;250,0;18,3;19,5;17,8;24,8;20,0;0,2;195,8;1,96E2;-541,2;20,00;3,0;3,0;48,22;0,65;0,002;0,0;0,00;0,040
188;27.06.2023;10:56:06;00:03:07;250,0;18,3;19,6;17,9;24,8;20,0;0,2;250,1;2,50E2;-541,2;20,00;3,0;3,0;48,22;0,65;-0,003;0,0;0,00;0,039
189;27.06.2023;10:56:07;00:03:08;250,0;18,3;19,6;18,5;24,8;20,0;0,2;279,0;2,79E2;-541,2;20,00;3,0;3,0;48,22;0,65;-0,002;0,0;0,00;0,039
190;27.06.2023;10:56:08;00:03:09;250,0;18,4;19,6;19,2;24,8;20,0;0,2;334,5;3,34E2;-541,2;20,00;3,0;2,9;48,22;0,65;-0,004;0,0;0,00;0,039
191;27.06.2023;10:56:09;00:03:10;250,0;18,4;19,6;19,2;24,8;20,0;0,2;395,5;3,95E2;-541,2;20,00;3,0;3,0;48,22;0,65;-0,003;0,0;0,00;0,040
192;27.06.2023;10:56:10;00:03:11;250,0;18,4;19,6;19,9;24,8;20,0;0,2;422,4;4,22E2;-541,2;20,00;3,0;3,1;48,22;0,65;-0,006;0,0;0,00;0,040
193;27.06.2023;10:56:11;00:03:12;250,0;18,5;19,6;19,9;24,8;20,0;0,1;479,4;4,79E2;-535,0;20,00;3,0;3,1;48,22;0,65;-0,011;0,0;0,00;0,039
194;27.06.2023;10:56:12;00:03:13;250,0;18,6;19,6;20,5;24,8;20,0;0,1;532,2;5,32E2;-479,4;20,00;3,0;3,0;48,22;0,64;-0,014;0,0;0,00;0,039
195;27.06.2023;10:56:13;00:03:14;250,0;18,6;19,6;20,5;24,8;20,0;0,1;560,4;5,60E2;-454,1;20,00;3,0;3,0;48,22;0,64;-0,016;0,0;0,00;0,040
196;27.06.2023;10:56:14;00:03:15;250,0;18,7;19,7;20,9;24,8;20,0;0,1;613,7;6,14E2;-398,7;20,00;3,0;3,0;48,22;0,64;-0,026;0,0;0,01;0,039
197;27.06.2023;10:56:15;00:03:16;250,0;18,7;19,7;20,9;24,7;20,0;0,1;673,2;6,73E2;-342,6;20,00;3,0;3,1;48,22;0,64;-0,031;0,0;0,00;0,039
198;27.06.2023;10:56:16;00:03:17;250,0;18,8;19,7;21,4;24,7;20,0;0,1;701,1;7,01E2;-312,3;20,00;3,0;3,1;48,22;0,64;-0,034;0,0;0,00;0,039
199;27.06.2023;10:56:17;00:03:18;250,0;18,8;19,7;21,4;24,7;20,0;0,1;756,0;7,56E2;-260,5;20,00;3,0;3,0;48,22;0,64;-0,047;0,0;0,00;0,039
200;27.06.2023;10:56:18;00:03:19;250,0;18,8;19,7;21,8;24,7;20,0;0,1;782,9;7,83E2;-230,0;20,00;3,0;3,0;48,22;0,64;-0,056;0,0;0,00;0,039
201;27.06.2023;10:56:19;00:03:20;250,0;18,8;19,7;21,8;24,7;20,0;0,1;838,4;8,38E2;-178,1;20,00;3,0;2,9;48,21;0,64;-0,065;0,0;0,00;0,039
202;27.06.2023;10:56:20;00:03:21;250,0;18,9;19,7;22,2;24,7;20,0;0,1;893,5;8,94E2;-122,3;20,00;3,0;3,0;48,21;0,63;-0,076;0,0;0,00;0,039
203;27.06.2023;10:56:21;00:03:22;250,0;18,9;19,7;22,2;24,7;20,0;0,1;924,5;9,25E2;-92,0;20,00;3,0;3,0;48,21;0,63;-0,081;0,0;0,00;0,039
204;27.06.2023;10:56:22;00:03:23;250,0;19,0;19,7;22,6;24,7;20,0;0,1;979,7;9,80E2;-36,2;20,00;3,0;3,0;48,21;0,63;-0,089;0,0;0,00;0,039
205;27.06.2023;10:56:23;00:03:24;250,0;19,0;19,7;22,9;24,7;20,0;0,1;1032,3;1,03E3;15,5;20,00;3,0;3,0;48,20;0,63;-0,101;0,0;0,00;0,039
206;27.06.2023;10:56:24;00:03:25;250,0;19,0;19,7;22,9;24,7;20,0;0,1;1036,0;1,04E3;24,1;20,00;3,0;3,0;48,20;0,63;-0,112;0,0;0,00;0,039
207;27.06.2023;10:56:25;00:03:26;250,0;19,1;19,7;22,9;24,7;20,0;0,1;1049,2;1,05E3;36,3;20,00;3,0;2,9;48,20;0,63;-0,120;0,0;0,00;0,039
208;27.06.2023;10:56:26;00:03:27;250,0;19,1;19,8;23,1;24,7;20,0;0,1;1036,2;1,04E3;24,0;20,00;3,0;3,0;48,20;0,62;-0,108;0,0;0,00;0,039
209;27.06.2023;10:56:27;00:03:28;250,0;19,2;19,8;23,1;24,7;20,0;0,1;1031,0;1,03E3;19,0;20,00;3,0;2,9;48,20;0,62;-0,097;0,0;0,01;0,039
210;27.06.2023;10:56:28;00:03:29;250,0;19,3;19,8;23,3;24,7;20,0;0,1;1048,1;1,05E3;36,0;20,00;3,0;3,0;48,20;0,62;-0,071;0,0;0,01;0,042
211;27.06.2023;10:56:29;00:03:30;250,0;19,3;19,8;23,3;24,7;20,0;0,1;1039,7;1,04E3;27,2;20,00;3,0;3,0;48,20;0,62;-0,055;0,0;0,01;0,040
212;27.06.2023;10:56:30;00:03:31;250,0;19,3;19,8;23,4;24,7;20,0;0,1;1036,5;1,04E3;24,3;20,00;3,0;2,9;48,20;0,62;-0,052;0,0;0,00;0,040
213;27.06.2023;10:56:31;00:03:32;250,0;19,3;19,8;23,4;24,7;20,0;0,1;1031,6;1,03E3;19,4;20,00;3,0;3,0;48,20;0,62;-0,040;0,0;0,00;0,039
214;27.06.2023;10:56:32;00:03:33;250,0;19,3;19,8;23,4;24,7;20,0;0,1;1029,6;1,03E3;17,4;20,00;3,0;3,0;48,20;0,62;-0,037;0,0;0,00;0,042
215;27.06.2023;10:56:33;00:03:34;250,0;19,3;19,8;23,4;24,7;20,0;0,1;1056,9;1,06E3;44,4;20,00;3,0;3,1;48,20;0,62;-0,023;0,0;0,00;0,039
216;27.06.2023;10:56:34;00:03:35;250,0;19,3;19,8;23,3;24,7;20,0;0,1;1051,2;1,05E3;39,1;20,00;3,0;3,1;48,20;0,62;-0,019;0,0;0,01;0,040
217;27.06.2023;10:56:35;00:03:36;250,0;19,3;19,8;23,3;24,7;20,0;0,1;1049,0;1,05E3;37,0;20,00;3,0;3,0;48,20;0,62;-0,020;0,0;0,00;0,039
218;27.06.2023;10:56:36;00:03:37;250,0;19,3;19,8;23,2;24,7;20,0;0,1;1045,6;1,05E3;33,6;20,00;3,0;3,0;48,20;0,62;-0,016;0,0;0,01;0,039
219;27.06.2023;10:56:37;00:03:38;250,0;19,3;19,8;23,2;24,6;20,0;0,1;1043,0;1,04E3;30,8;20,00;3,0;2,9;48,20;0,62;-0,011;0,0;0,00;0,039
220;27.06.2023;10:56:38;00:03:39;250,0;19,3;19,8;23,1;24,6;20,0;0,1;1041,9;1,04E3;29,6;20,00;3,0;3,0;48,20;0,62;-0,007;0,0;0,00;0,039
221;27.06.2023;10:56:39;00:03:40;250,0;19,3;19,8;23,1;24,6;20,0;0,1;1039,8;1,04E3;27,6;20,00;3,0;3,0;48,20;0,62;-0,005;0,0;0,00;0,039
222;27.06.2023;10:56:40;00:03:41;250,0;19,3;19,8;22,9;24,6;20,0;0,1;1038,2;1,04E3;25,9;20,00;3,0;3,0;48,20;0,62;-0,010;0,0;0,00;0,039
223;27.06.2023;10:56:41;00:03:42;250,0;19,3;19,8;22,9;24,6;20,0;0,1;1037,4;1,04E3;25,3;20,00;3,0;3,1;48,20;0,62;-0,007;0,0;0,00;0,040
224;27.06.2023;10:56:42;00:03:43;250,0;19,2;19,8;22,8;24,6;20,0;0,1;1036,3;1,04E3;24,1;20,00;3,0;3,0;48,20;0,62;-0,007;0,0;0,00;0,039
225;27.06.2023;10:56:43;00:03:44;250,0;19,2;19,8;22,8;24,6;20,0;0,1;1035,7;1,04E3;23,5;20,00;3,0;3,0;48,20;0,62;-0,007;0,0;0,00;0,039
226;27.06.2023;10:56:44;00:03:45;250,0;19,2;19,8;22,6;24,6;20,0;0,1;1034,8;1,03E3;22,6;20,00;3,0;3,0;48,20;0,62;-0,005;0,0;0,01;0,039
227;27.06.2023;10:56:45;00:03:46;250,0;19,2;19,8;22,6;24,7;20,0;0,1;1033,8;1,03E3;21,8;20,00;3,0;3,0;48,20;0,62;-0,003;0,0;0,00;0,039
228;27.06.2023;10:56:46;00:03:47;250,0;19,3;19,9;22,7;24,7;20,0;0,1;1033,4;1,03E3;21,4;20,00;3,0;2,9;48,20;0,62;-0,006;0,0;0,00;0,042
229;27.06.2023;10:56:47;00:03:48;250,0;19,3;19,9;22,6;24,7;20,0;0,1;1032,8;1,03E3;20,8;20,00;3,0;3,0;48,20;0,62;0,000;0,0;0,01;0,039
230;27.06.2023;10:56:48;00:03:49;250,0;19,3;19,9;22,4;24,6;20,0;0,1;1032,2;1,03E3;20,1;20,00;3,0;3,1;48,20;0,62;-0,002;0,0;0,01;0,039
231;27.06.2023;10:56:49;00:03:50;250,0;19,3;19,9;22,4;24,6;20,0;0,1;1031,9;1,03E3;19,8;20,00;3,0;3,0;48,20;0,62;0,001;0,0;0,01;0,039
232;27.06.2023;10:56:50;00:03:51;250,0;19,3;19,9;22,4;24,6;20,0;0,1;1031,5;1,03E3;19,5;20,00;3,0;2,9;48,20;0,62;-0,003;0,0;0,00;0,039
233;27.06.2023;10:56:51;00:03:52;250,0;19,2;19,9;22,2;24,6;20,0;0,1;1030,9;1,03E3;18,9;20,00;3,0;3,0;48,20;0,62;-0,005;0,0;0,00;0,039
234;27.06.2023;10:56:52;00:03:53;250,0;19,2;19,9;22,1;24,6;20,0;0,1;1030,8;1,03E3;18,6;20,00;3,0;3,0;48,20;0,62;-0,003;0,0;0,01;0,039
235;27.06.2023;10:56:53;00:03:54;250,0;19,2;19,9;22,1;24,6;20,0;0,1;1030,4;1,03E3;18,3;20,00;3,0;3,1;48,20;0,62;0,000;0,0;0,00;0,039
236;27.06.2023;10:56:54;00:03:55;250,0;19,2;19,9;21,9;24,6;20,0;0,1;1030,1;1,03E3;18,0;20,00;3,0;3,0;48,20;0,62;0,000;0,0;0,00;0,040
237;27.06.2023;10:56:55;00:03:56;250,0;19,2;19,9;21,9;24,6;20,0;0,1;1029,9;1,03E3;18,0;20,00;3,0;3,0;48,20;0,62;-0,001;0,0;0,00;0,041
238;27.06.2023;10:56:56;00:03:57;250,0;19,2;19,9;21,8;24,6;20,0;0,1;1029,6;1,03E3;17,7;20,00;3,0;3,1;48,20;0,62;0,005;0,0;0,01;0,039
239;27.06.2023;10:56:57;00:03:58;250,0;19,2;19,9;21,8;24,6;20,0;0,1;1029,5;1,03E3;17,4;20,00;3,0;3,0;48,20;0,62;0,003;0,0;0,00;0,039
240;27.06.2023;10:56:58;00:03:59;250,0;19,1;19,9;21,6;24,6;20,0;0,1;1029,2;1,03E3;17,2;20,00;3,0;3,1;48,20;0,62;0,006;0,0;0,00;0,039
241;27.06.2023;10:56:59;00:04:00;250,0;19,1;19,9;21,6;24,6;20,0;0,1;1029,0;1,03E3;17,1;20,00;3,0;3,0;48,20;0,62;0,003;0,0;0,00;0,041
242;27.06.2023;10:57:00;00:04:01;250,0;19,1;19,9;21,6;24,6;20,0;0,1;1028,9;1,03E3;16,8;20,00;3,0;3,1;48,20;0,62;0,002;0,0;0,00;0,039
243;27.06.2023;10:57:01;00:04:02;250,0;19,1;19,9;21,5;24,6;20,0;0,1;1060,0;1,06E3;47,8;20,00;3,0;3,1;48,20;0,62;0,000;0,0;0,00;0,039
244;27.06.2023;10:57:02;00:04:03;250,0;19,1;19,9;21,4;24,6;20,0;0,1;1057,7;1,06E3;45,5;20,00;3,0;3,0;48,20;0,62;-0,005;0,0;0,01;0,039
245;27.06.2023;10:57:03;00:04:04;250,0;19,1;19,9;21,4;24,6;20,0;0,1;1056,9;1,06E3;44,9;20,00;3,0;3,0;48,20;0,62;-0,002;0,0;0,00;0,039
246;27.06.2023;10:57:04;00:04:05;250,0;19,1;19,9;21,2;24,6;20,0;0,1;1055,5;1,06E3;43,4;20,00;3,0;3,0;48,20;0,62;0,001;0,0;0,00;0,043
247;27.06.2023;10:57:05;00:04:06;250,0;19,1;19,9;21,2;24,6;20,0;0,1;1054,5;1,05E3;42,4;20,00;3,0;3,0;48,20;0,62;0,001;0,0;0,01;0,039
248;27.06.2023;10:57:06;00:04:07;250,0;19,1;19,9;21,3;24,6;20,0;0,1;1054,1;1,05E3;42,1;20,00;3,0;3,0;48,20;0,62;0,000;0,0;0,00;0,041
249;27.06.2023;10:57:07;00:04:08;250,0;19,1;19,9;21,1;24,6;20,0;0,1;1053,3;1,05E3;41,3;20,00;3,0;3,0;48,20;0,62;-0,003;0,0;0,00;0,039
250;27.06.2023;10:57:08;00:04:09;250,0;19,0;19,9;21,0;24,5;20,0;0,1;1052,7;1,05E3;40,6;20,00;3,0;3,0;48,20;0,62;0,000;0,0;0,00;0,039
251;27.06.2023;10:57:09;00:04:10;250,0;19,0;19,9;21,0;24,5;20,0;0,1;1052,3;1,05E3;40,3;20,00;3,0;3,0;48,20;0,62;0,000;0,0;0,00;0,039
252;27.06.2023;10:57:10;00:04:11;250,0;19,0;19,9;20,9;24,5;20,0;0,1;1051,8;1,05E3;39,7;20,00;3,0;3,0;48,20;0,62;-0,003;0,0;0,00;0,039
253;27.06.2023;10:57:11;00:04:12;250,0;19,0;19,9;20,9;24,5;20,0;0,1;1051,6;1,05E3;39,7;20,00;3,0;3,0;48,20;0,62;-0,003;0,0;0,00;0,039
254;27.06.2023;10:57:12;00:04:13;250,0;19,0;19,9;20,8;24,5;20,0;0,1;1051,1;1,05E3;39,2;20,00;3,0;3,1;48,20;0,62;-0,002;0,0;0,00;0,039
255;27.06.2023;10:57:13;00:04:14;250,0;19,0;19,9;20,8;24,5;20,0;0,1;1050,7;1,05E3;38,8;20,00;3,0;3,0;48,20;0,62;-0,005;0,0;0,01;0,039
256;27.06.2023;10:57:14;00:04:15;250,0;19,0;19,9;20,8;24,5;20,0;0,1;1050,6;1,05E3;38,5;20,00;3,0;3,0;48,20;0,62;-0,001;0,0;0,00;0,039
257;27.06.2023;10:57:15;00:04:16;250,0;19,0;19,9;20,8;24,5;20,0;0,1;1050,2;1,05E3;38,2;20,00;3,0;3,0;48,20;0,62;-0,003;0,0;0,01;0,040
258;27.06.2023;10:57:16;00:04:17;250,0;19,0;19,9;20,7;24,5;20,0;0,1;1049,9;1,05E3;37,9;20,00;3,0;3,0;48,20;0,62;-0,004;0,0;0,00;0,041
259;27.06.2023;10:57:17;00:04:18;250,0;19,0;19,9;20,7;24,5;20,0;0,1;1049,8;1,05E3;37,9;20,00;3,0;3,0;48,20;0,62;-0,006;0,0;0,00;0,039
260;27.06.2023;10:57:18;00:04:19;250,0;19,0;19,9;20,6;24,5;20,0;0,2;1049,5;1,05E3;37,5;20,00;3,0;3,0;48,20;0,62;-0,002;0,0;0,00;0,039
261;27.06.2023;10:57:19;00:04:20;250,0;19,0;19,9;20,5;24,5;20,0;0,2;1049,3;1,05E3;37,2;20,00;3,0;3,0;48,20;0,62;-0,005;0,0;0,01;0,039
262;27.06.2023;10:57:20;00:04:21;250,0;19,0;19,9;20,5;24,5;20,0;0,2;1049,1;1,05E3;37,2;20,00;3,0;3,0;48,20;0,62;-0,003;0,0;0,00;0,039
263;27.06.2023;10:57:21;00:04:22;250,0;18,9;19,9;20,5;24,5;20,0;0,2;1048,9;1,05E3;36,9;20,00;3,0;3,0;48,20;0,62;0,001;0,0;0,00;0,040
264;27.06.2023;10:57:22;00:04:23;250,0;18,9;19,9;20,4;24,5;20,0;0,2;1048,8;1,05E3;36,9;20,00;3,0;3,0;48,20;0,62;-0,001;0,0;0,00;0,039
265;27.06.2023;10:57:23;00:04:24;250,0;18,9;19,9;20,4;24,5;20,0;0,2;1048,6;1,05E3;36,6;20,00;3,0;3,0;48,20;0,62;-0,004;0,0;0,00;0,039
266;27.06.2023;10:57:24;00:04:25;250,0;18,9;19,9;20,3;24,5;20,0;0,2;1048,4;1,05E3;36,6;20,00;3,0;3,0;48,20;0,62;-0,004;0,0;0,00;0,043
267;27.06.2023;10:57:25;00:04:26;250,0;18,9;19,9;20,3;24,5;20,0;0,2;1048,3;1,05E3;36,4;20,00;3,0;3,0;48,20;0,62;-0,001;0,0;0,00;0,039
268;27.06.2023;10:57:26;00:04:27;250,0;19,0;20,0;20,4;24,5;20,0;0,2;1048,2;1,05E3;36,3;20,00;3,0;3,0;48,20;0,62;0,001;0,0;0,01;0,039
269;27.06.2023;10:57:27;00:04:28;250,0;18,9;20,0;20,3;24,5;20,0;0,2;1048,1;1,05E3;36,0;20,00;3,0;3,1;48,20;0,62;0,001;0,0;0,01;0,040
270;27.06.2023;10:57:28;00:04:29;250,0;18,9;20,0;20,2;24,5;20,0;0,2;1048,0;1,05E3;36,0;20,00;3,0;3,1;48,20;0,62;0,000;0,0;0,01;0,040
271;27.06.2023;10:57:29;00:04:30;250,0;18,9;20,0;20,2;24,5;20,0;0,2;1047,9;1,05E3;36,0;20,00;3,0;3,0;48,20;0,62;-0,004;0,0;0,00;0,039
272;27.06.2023;10:57:30;00:04:31;250,0;18,9;20,0;20,2;24,5;20,0;0,2;1047,8;1,05E3;35,8;20,00;3,0;3,0;48,20;0,62;0,001;0,0;0,01;0,040
273;27.06.2023;10:57:31;00:04:32;250,0;18,9;20,0;20,2;24,5;20,0;0,2;1047,7;1,05E3;35,7;20,00;3,0;3,0;48,20;0,62;0,000;0,0;0,00;0,039
274;27.06.2023;10:57:32;00:04:33;250,0;18,9;20,0;20,1;24,5;20,0;0,2;1047,6;1,05E3;35,7;20,00;3,0;3,0;48,20;0,62;0,000;0,0;0,01;0,039
275;27.06.2023;10:57:33;00:04:34;250,0;18,9;20,0;20,1;24,5;20,0;0,2;1047,5;1,05E3;35,7;20,00;3,0;3,0;48,20;0,62;-0,002;0,0;0,00;0,039
276;27.06.2023;10:57:34;00:04:35;250,0;18,9;20,0;20,1;24,5;20,0;0,2;1047,5;1,05E3;35,4;20,00;3,0;3,0;48,20;0,62;-0,001;0,0;0,00;0,039
277;27.06.2023;10:57:35;00:04:36;250,0;18,9;20,0;20,1;24,5;20,0;0,2;1047,4;1,05E3;35,4;20,00;3,0;3,0;48,20;0,62;-0,005;0,0;0,00;0,042
278;27.06.2023;10:57:36;00:04:37;250,0;18,9;20,0;20,1;24,5;20,0;0,2;1047,3;1,05E3;35,4;20,00;3,0;3,0;48,20;0,62;-0,005;0,0;0,01;0,040
279;27.06.2023;10:57:37;00:04:38;250,0;18,9;20,0;20,0;24,4;20,0;0,2;1047,3;1,05E3;35,4;20,00;3,0;2,9;48,20;0,62;-0,006;0,0;0,00;0,040
280;27.06.2023;10:57:38;00:04:39;250,0;18,8;20,0;19,9;24,4;20,0;0,2;1047,2;1,05E3;35,4;20,00;3,0;3,0;48,20;0,62;-0,003;0,0;0,00;0,044
281;27.06.2023;10:57:39;00:04:40;250,0;18,8;20,0;19,9;24,4;20,0;0,2;1047,2;1,05E3;35,3;20,00;3,0;3,0;48,20;0,62;-0,002;0,0;0,00;0,040
282;27.06.2023;10:57:40;00:04:41;250,0;18,8;20,0;19,9;24,4;20,0;0,2;1047,1;1,05E3;35,1;20,00;3,0;3,0;48,20;0,62;0,001;0,0;0,00;0,042
283;27.06.2023;10:57:41;00:04:42;250,0;18,8;20,0;19,9;24,4;20,0;0,2;1047,0;1,05E3;35,1;20,00;3,0;3,0;48,20;0,62;-0,001;0,0;0,00;0,040
284;27.06.2023;10:57:42;00:04:43;250,0;18,8;20,0;19,8;24,4;20,0;0,2;1047,0;1,05E3;35,1;20,00;3,0;2,9;48,20;0,62;-0,001;0,0;0,00;0,040
285;27.06.2023;10:57:43;00:04:44;250,0;18,8;20,0;19,8;24,4;20,0;0,2;1046,9;1,05E3;35,1;20,00;3,0;3,0;48,20;0,62;-0,001;0,0;0,01;0,041
286;27.06.2023;10:57:44;00:04:45;250,0;18,8;20,0;19,8;24,4;20,0;0,2;1046,9;1,05E3;35,1;20,00;3,0;3,1;48,20;0,62;-0,001;0,0;0,00;0,042
287;27.06.2023;10:57:45;00:04:46;250,0;18,8;20,0;19,8;24,4;20,0;0,2;1046,8;1,05E3;35,1;20,00;3,0;3,1;48,20;0,62;0,000;0,0;0,01;0,039
288;27.06.2023;10:57:46;00:04:47;250,0;18,8;20,0;19,8;24,4;20,0;0,2;1046,8;1,05E3;34,8;20,00;3,0;3,1;48,20;0,62;0,004;0,0;0,01;0,039
289;27.06.2023;10:57:47;00:04:48;250,0;18,8;20,0;19,7;24,4;20,0;0,2;1046,8;1,05E3;34,8;20,00;3,0;3,0;48,20;0,62;-0,002;0,0;0,01;0,043
290;27.06.2023;10:57:48;00:04:49;250,0;18,8;20,0;19,7;24,4;20,0;0,2;1046,7;1,05E3;34,8;20,00;3,0;3,0;48,20;0,62;0,003;0,0;0,00;0,040
291;27.06.2023;10:57:49;00:04:50;250,0;18,8;20,0;19,7;24,4;20,0;0,2;1046,7;1,05E3;34,8;20,00;3,0;3,1;48,20;0,62;-0,002;0,0;0,00;0,042
292;27.06.2023;10:57:50;00:04:51;250,0;18,8;20,0;19,6;24,4;20,0;0,2;1046,7;1,05E3;34,8;20,00;3,0;3,1;48,20;0,62;-0,003;0,0;0,01;0,040
293;27.06.2023;10:57:51;00:04:52;250,0;18,8;20,0;19,6;24,4;20,0;0,2;1046,6;1,05E3;34,8;20,00;3,0;3,0;48,20;0,62;-0,002;0,0;0,00;0,040
294;27.06.2023;10:57:52;00:04:53;250,0;18,8;20,0;19,6;24,4;20,0;0,2;1046,6;1,05E3;34,8;20,00;3,0;2,9;48,20;0,62;-0,002;0,0;0,00;0,040
295;27.06.2023;10:57:53;00:04:54;250,0;18,8;20,0;19,6;24,4;20,0;0,2;1046,5;1,05E3;34,6;20,00;3,0;3,0;48,20;0,62;-0,001;0,0;0,00;0,040
296;27.06.2023;10:57:54;00:04:55;250,0;18,8;20,0;19,6;24,4;20,0;0,2;1046,5;1,05E3;34,5;20,00;3,0;3,0;48,20;0,62;-0,001;0,0;0,01;0,039
297;27.06.2023;10:57:55;00:04:56;250,0;18,8;20,0;19,6;24,4;20,0;0,2;1046,5;1,05E3;34,5;20,00;3,0;2,9;48,20;0,62;-0,006;0,0;0,00;0,039
298;27.06.2023;10:57:56;00:04:57;250,0;18,8;20,0;19,6;24,4;20,0;0,2;1046,4;1,05E3;34,5;20,00;3,0;3,0;48,20;0,62;-0,004;0,0;0,00;0,040
299;27.06.2023;10:57:57;00:04:58;250,0;18,7;20,0;19,5;24,4;20,0;0,2;1046,4;1,05E3;34,5;20,00;3,0;3,0;48,20;0,62;-0,003;0,0;0,00;0,039
300;27.06.2023;10:57:58;00:04:59;250,0;18,7;20,0;19,5;24,4;20,0;0,2;1046,3;1,05E3;34,5;20,00;3,0;2,9;48,20;0,62;0,001;0,0;0,01;0,041
301;27.06.2023;10:57:59;00:05:00;250,0;18,7;20,0;19,5;24,4;20,0;0,2;1046,3;1,05E3;34,5;20,00;3,0;2,9;48,20;0,62;-0,001;0,0;0,00;0,042
302;27.06.2023;10:58:00;00:05:01;250,0;18,7;20,0;19,4;24,4;20,0;0,2;1046,3;1,05E3;34,5;20,00;3,0;3,0;48,20;0,62;0,000;0,0;0,00;0,044
303;27.06.2023;10:58:01;00:05:02;250,0;18,7;20,0;19,4;24,4;20,0;0,1;1046,3;1,05E3;34,5;20,00;3,0;3,0;48,20;0,62;0,002;0,0;0,00;0,043
304;27.06.2023;10:58:02;00:05:03;250,0;18,7;20,0;19,4;24,3;20,0;0,0;1046,3;1,05E3;34,5;20,00;3,0;3,0;48,20;0,62;0,000;0,0;0,01;0,041
305;27.06.2023;10:58:03;00:05:04;250,0;18,7;20,0;19,4;24,3;20,0;0,0;1046,2;1,05E3;34,5;20,00;3,0;3,0;48,20;0,62;0,000;0,0;0,01;0,042
306;27.06.2023;10:58:04;00:05:05;250,0;18,7;20,0;19,4;24,3;20,0;0,0;1046,2;1,05E3;34,3;20,00;3,0;3,0;48,20;0,62;0,002;0,0;0,01;0,043
307;27.06.2023;10:58:05;00:05:06;250,0;18,7;20,0;19,4;24,3;20,0;0,0;1046,2;1,05E3;34,2;20,00;3,0;3,0;48,20;0,62;0,001;0,0;0,01;0,043
308;27.06.2023;10:58:06;00:05:07;250,0;18,7;20,0;19,3;24,3;20,0;0,0;1046,1;1,05E3;34,2;20,00;3,0;2,9;48,20;0,62;0,001;0,0;0,00;0,041
309;27.06.2023;10:58:07;00:05:08;250,0;18,7;20,0;19,3;24,3;20,0;0,0;1046,1;1,05E3;34,2;20,00;3,0;3,0;48,20;0,62;0,002;0,0;0,00;0,043
310;27.06.2023;10:58:08;00:05:09;250,0;18,6;20,0;19,3;24,3;20,0;0,0;1046,1;1,05E3;34,2;20,00;3,0;3,0;48,20;0,62;-0,001;0,0;0,00;0,039
311;27.06.2023;10:58:09;00:05:10;250,0;18,6;20,0;19,3;24,3;20,0;0,0;1029,7;1,03E3;23,7;20,00;3,0;3,0;48,20;0,62;0,000;0,0;0,01;0,042
312;27.06.2023;10:58:10;00:05:11;250,0;18,6;20,0;19,3;24,3;20,0;0,0;996,8;9,97E2;-13,4;20,00;3,0;3,0;48,20;0,62;-0,001;0,0;0,00;0,041
313;27.06.2023;10:58:11;00:05:12;250,0;18,6;20,0;19,3;24,3;20,0;0,0;943,7;9,44E2;-63,4;20,00;3,0;3,0;48,20;0,62;-0,001;0,0;0,01;0,039
314;27.06.2023;10:58:12;00:05:13;250,0;18,6;20,0;19,2;24,3;20,0;0,0;896,2;8,96E2;-112,1;20,00;3,0;3,0;48,20;0,62;0,005;0,0;0,01;0,040
315;27.06.2023;10:58:13;00:05:14;250,0;18,6;20,0;19,2;24,3;20,0;0,0;875,5;8,75E2;-132,5;20,00;3,0;3,0;48,20;0,62;0,005;0,0;0,01;0,039
316;27.06.2023;10:58:14;00:05:15;250,0;18,6;20,0;19,2;24,3;20,0;0,0;837,8;8,38E2;-172,5;20,00;3,0;3,0;48,20;0,62;0,004;0,0;0,00;0,039
317;27.06.2023;10:58:15;00:05:16;250,0;18,6;20,0;19,2;24,3;20,0;0,0;819,3;8,19E2;-189,4;20,00;3,0;3,0;48,20;0,62;0,007;0,0;0,00;0,040
318;27.06.2023;10:58:16;00:05:17;250,0;18,6;20,0;19,0;24,3;20,0;0,0;788,2;7,88E2;-222,8;20,00;3,0;3,0;48,20;0,62;0,006;0,0;0,01;0,039
319;27.06.2023;10:58:17;00:05:18;250,0;18,6;20,0;19,0;24,3;20,0;0,0;756,0;7,56E2;-252,8;20,00;3,0;3,0;48,20;0,62;0,007;0,0;0,00;0,042
320;27.06.2023;10:58:18;00:05:19;250,0;18,6;20,0;18,8;24,3;20,0;0,0;742,7;7,43E2;-268,2;20,00;3,0;3,0;48,20;0,62;0,005;0,0;0,00;0,043
321;27.06.2023;10:58:19;00:05:20;250,0;18,6;20,0;18,8;24,3;20,0;0,0;716,3;7,16E2;-293,4;20,00;3,0;3,1;48,20;0,62;0,007;0,0;0,00;0,039
322;27.06.2023;10:58:20;00:05:21;250,0;18,5;20,0;18,6;24,3;20,0;0,0;690,6;6,91E2;-319,3;20,00;3,0;3,1;48,20;0,62;0,008;0,0;0,01;0,042
323;27.06.2023;10:58:21;00:05:22;250,0;18,5;20,0;18,6;24,3;20,0;0,0;679,1;6,79E2;-330,7;20,00;3,0;3,0;48,20;0,62;0,008;0,0;0,00;0,040
324;27.06.2023;10:58:22;00:05:23;250,0;18,5;20,0;18,3;24,3;20,0;0,0;654,9;6,55E2;-354,8;20,00;3,0;3,0;48,20;0,62;0,005;0,0;0,01;0,040
325;27.06.2023;10:58:23;00:05:24;250,0;18,5;20,0;17,9;24,3;20,0;0,0;630,6;6,31E2;-379,6;20,00;3,0;3,0;48,20;0,62;0,009;0,0;0,00;0,039
326;27.06.2023;10:58:24;00:05:25;250,0;18,5;20,0;17,9;24,3;20,0;0,0;620,0;6,20E2;-390,0;20,00;3,0;3,0;48,20;0,62;0,009;0,0;0,00;0,039
327;27.06.2023;10:58:25;00:05:26;250,0;18,4;20,0;17,9;24,2;20,0;0,0;598,6;5,99E2;-410,2;20,00;3,0;3,0;48,20;0,62;0,007;0,0;0,00;0,042
328;27.06.2023;10:58:26;00:05:27;250,0;18,4;19,9;17,5;24,2;20,0;0,0;578,4;5,78E2;-431,1;20,00;3,0;3,0;48,20;0,62;0,007;0,0;0,01;0,039
329;27.06.2023;10:58:27;00:05:28;250,0;18,3;19,9;17,5;24,2;20,0;0,0;568,9;5,69E2;-440,5;20,00;3,0;2,9;48,20;0,62;0,005;0,0;0,01;0,040
330;27.06.2023;10:58:28;00:05:29;250,0;18,3;19,9;17,1;24,1;20,0;0,0;549,1;5,49E2;-460,4;20,00;3,0;3,0;48,20;0,62;0,006;0,0;0,00;0,039
331;27.06.2023;10:58:29;00:05:30;250,0;18,3;19,9;17,1;24,1;20,0;0,0;528,7;5,29E2;-481,0;20,00;3,0;3,0;48,20;0,62;0,009;0,0;0,01;0,039
332;27.06.2023;10:58:30;00:05:31;250,0;18,3;19,9;16,7;24,1;20,0;0,0;519,8;5,20E2;-489,6;20,00;3,0;3,1;48,20;0,62;0,014;0,0;0,00;0,039
333;27.06.2023;10:58:31;00:05:32;250,0;18,3;19,9;16,7;24,1;20,0;0,0;502,1;5,02E2;-507,7;20,00;3,0;3,0;48,20;0,62;0,013;0,0;0,01;0,040
334;27.06.2023;10:58:32;00:05:33;250,0;18,3;19,9;16,7;24,1;20,0;0,0;492,7;4,93E2;-515,9;20,00;3,0;3,0;48,20;0,62;0,013;0,0;0,00;0,040
335;27.06.2023;10:58:33;00:05:34;250,0;18,2;19,8;16,4;24,1;20,0;0,0;476,2;4,76E2;-533,0;20,00;3,0;3,0;48,20;0,62;0,022;0,0;0,01;0,040
336;27.06.2023;10:58:34;00:05:35;250,0;18,2;19,8;16,1;24,1;20,0;0,0;460,7;4,61E2;-541,2;20,00;3,0;3,0;48,20;0,63;0,027;0,0;0,01;0,039
337;27.06.2023;10:58:35;00:05:36;250,0;18,2;19,8;16,1;24,1;20,0;0,0;452,6;4,53E2;-541,2;20,00;3,0;3,0;48,20;0,63;0,031;0,0;0,00;0,039
338;27.06.2023;10:58:36;00:05:37;250,0;18,2;19,8;15,9;24,1;20,0;0,0;436,0;4,36E2;-541,2;20,00;3,0;3,0;48,20;0,63;0,037;0,0;0,01;0,039
339;27.06.2023;10:58:37;00:05:38;250,0;18,2;19,8;15,9;24,1;20,0;0,0;420,9;4,21E2;-541,2;20,00;3,0;3,0;48,20;0,63;0,034;0,0;0,00;0,041
340;27.06.2023;10:58:38;00:05:39;250,0;18,2;19,8;15,6;24,1;20,0;0,0;413,7;4,14E2;-541,2;20,00;3,0;3,0;48,20;0,63;0,038;0,0;0,00;0,039
341;27.06.2023;10:58:39;00:05:40;250,0;18,2;19,8;15,6;24,1;20,0;0,0;399,6;4,00E2;-541,2;20,00;3,0;3,0;48,21;0,63;0,037;0,0;0,00;0,039
342;27.06.2023;10:58:40;00:05:41;250,0;18,2;19,8;15,4;24,1;20,0;0,0;385,7;3,86E2;-541,2;20,00;3,0;3,0;48,21;0,63;0,038;0,0;0,00;0,041
343;27.06.2023;10:58:41;00:05:42;250,0;18,2;19,8;15,4;24,1;20,0;0,0;379,1;3,79E2;-541,2;20,00;3,0;3,0;48,21;0,63;0,035;0,0;0,00;0,040
344;27.06.2023;10:58:42;00:05:43;250,0;18,1;19,8;15,2;24,1;20,0;0,0;365,0;3,65E2;-541,2;20,00;3,0;3,0;48,21;0,63;0,034;0,0;0,00;0,039
345;27.06.2023;10:58:43;00:05:44;250,0;18,1;19,8;15,1;24,1;20,0;0,0;352,2;3,52E2;-541,2;20,00;3,0;3,0;48,21;0,63;0,033;0,0;0,00;0,039
346;27.06.2023;10:58:44;00:05:45;250,0;18,1;19,8;15,1;24,1;20,0;0,0;346,2;3,46E2;-541,2;20,00;3,0;3,0;48,21;0,63;0,032;0,0;0,01;0,039
347;27.06.2023;10:58:45;00:05:46;250,0;18,1;19,8;15,1;24,1;20,0;0,0;334,1;3,34E2;-541,2;20,00;3,0;3,0;48,21;0,63;0,031;0,0;0,00;0,040
348;27.06.2023;10:58:46;00:05:47;250,0;18,1;19,8;14,9;24,1;20,0;0,0;328,4;3,28E2;-541,2;20,00;3,0;3,0;48,21;0,63;0,031;0,0;0,00;0,039
349;27.06.2023;10:58:47;00:05:48;250,0;18,1;19,8;14,9;24,1;20,0;0,0;317,1;3,17E2;-541,2;20,00;3,0;2,9;48,21;0,63;0,032;0,0;0,01;0,042
350;27.06.2023;10:58:48;00:05:49;250,0;18,1;19,8;14,8;24,1;20,0;0,0;305,6;3,06E2;-541,2;20,00;3,0;3,0;48,21;0,63;0,035;0,0;0,00;0,041
351;27.06.2023;10:58:49;00:05:50;250,0;18,1;19,8;14,8;24,1;20,0;0,0;300,3;3,00E2;-541,2;20,00;3,0;3,0;48,21;0,63;0,035;0,0;0,01;0,039
352;27.06.2023;10:58:50;00:05:51;250,0;18,1;19,8;14,6;24,1;20,0;0,0;290,1;2,90E2;-541,2;20,00;3,0;3,0;48,21;0,63;0,031;0,0;0,00;0,042
353;27.06.2023;10:58:51;00:05:52;250,0;18,1;19,8;14,6;24,1;20,0;0,0;280,0;2,80E2;-541,2;20,00;3,0;3,0;48,21;0,63;0,028;0,0;0,00;0,043
354;27.06.2023;10:58:52;00:05:53;250,0;18,1;19,8;14,6;24,1;20,0;0,0;275,2;2,75E2;-541,2;20,00;3,0;3,0;48,21;0,63;0,031;0,0;0,00;0,040
355;27.06.2023;10:58:53;00:05:54;250,0;18,1;19,8;14,5;24,1;20,0;0,0;265,7;2,66E2;-541,2;20,00;3,0;3,1;48,21;0,64;0,028;0,0;0,00;0,043
356;27.06.2023;10:58:54;00:05:55;250,0;18,1;19,8;14,5;24,1;20,0;0,0;256,1;2,56E2;-541,2;20,00;3,0;3,0;48,21;0,63;0,022;0,0;0,00;0,039
357;27.06.2023;10:58:55;00:05:56;250,0;18,1;19,8;14,5;24,1;20,0;0,0;251,4;2,51E2;-541,2;20,00;3,0;2,9;48,21;0,64;0,022;0,0;0,00;0,044
358;27.06.2023;10:58:56;00:05:57;250,0;18,1;19,8;14,4;24,1;20,0;0,0;243,0;2,43E2;-541,2;20,00;3,0;3,0;48,21;0,64;0,021;0,0;0,00;0,044
359;27.06.2023;10:58:57;00:05:58;250,0;18,1;19,8;14,4;24,1;20,0;0,0;238,7;2,39E2;-541,2;20,00;3,0;3,0;48,21;0,64;0,025;0,0;0,01;0,040
360;27.06.2023;10:58:58;00:05:59;250,0;18,0;19,8;14,4;24,1;20,0;0,0;230,8;2,31E2;-541,2;20,00;3,0;3,0;48,21;0,64;0,026;0,0;0,00;0,039
361;27.06.2023;10:58:59;00:06:00;250,0;18,0;19,8;14,4;24,1;20,0;0,0;222,8;2,23E2;-541,2;20,00;3,0;3,0;48,21;0,64;0,024;0,0;0,00;0,042
362;27.06.2023;10:59:00;00:06:01;250,0;18,0;19,8;14,4;24,1;20,0;0,0;218,3;2,18E2;-541,2;20,00;3,0;3,0;48,21;0,64;0,023;0,0;0,00;0,043
363;27.06.2023;10:59:01;00:06:02;250,0;18,0;19,8;14,3;24,1;20,0;0,0;210,9;2,11E2;-541,2;20,00;3,0;3,0;48,21;0,64;0,022;0,0;0,01;0,039
364;27.06.2023;10:59:02;00:06:03;250,0;18,0;19,8;14,3;24,1;20,0;0,0;203,8;2,04E2;-541,2;20,00;3,0;3,0;48,22;0,64;0,021;0,0;0,00;0,044
365;27.06.2023;10:59:03;00:06:04;250,0;18,0;19,8;14,3;24,1;20,0;0,0;200,3;2,00E2;-541,2;20,00;3,0;3,0;48,22;0,64;0,019;0,0;0,00;0,042
366;27.06.2023;10:59:04;00:06:05;250,0;18,0;19,8;14,3;24,1;20,0;0,0;193,7;1,94E2;-541,2;20,00;3,0;3,0;48,22;0,64;0,016;0,0;0,01;0,040
367;27.06.2023;10:59:05;00:06:06;250,0;18,0;19,8;14,3;24,0;20,0;0,0;187,1;1,87E2;-541,2;20,00;3,0;3,0;48,21;0,64;0,016;0,0;0,01;0,043
368;27.06.2023;10:59:06;00:06:07;250,0;18,0;19,8;14,3;24,0;20,0;0,0;183,4;1,83E2;-541,2;20,00;3,0;3,0;48,22;0,64;0,011;0,0;0,00;0,043
369;27.06.2023;10:59:07;00:06:08;250,0;18,0;19,8;14,3;24,0;20,0;0,0;177,1;1,77E2;-541,2;20,00;3,0;3,0;48,22;0,64;0,012;0,0;0,00;0,039
370;27.06.2023;10:59:08;00:06:09;250,0;18,0;19,8;14,3;24,0;20,0;0,0;166,3;1,66E2;-541,2;20,00;3,0;3,0;48,22;0,64;0,011;0,0;0,00;0,042
371;27.06.2023;10:59:09;00:06:10;250,0;18,0;19,8;14,3;24,0;20,0;0,0;159,3;1,59E2;-541,2;20,00;3,0;3,0;48,22;0,64;0,014;0,0;0,01;0,040
372;27.06.2023;10:59:10;00:06:11;250,0;18,0;19,8;14,3;24,0;20,0;0,0;146,2;1,46E2;-541,2;20,00;3,0;3,0;48,22;0,64;0,017;0,0;0,01;0,041
373;27.06.2023;10:59:11;00:06:12;250,0;18,0;19,8;14,3;24,0;20,0;0,0;140,4;1,40E2;-541,2;20,00;3,0;3,0;48,22;0,64;0,017;0,0;0,01;0,039
374;27.06.2023;10:59:12;00:06:13;250,0;18,0;19,8;14,3;24,0;20,0;0,0;129,0;1,29E2;-541,2;20,00;3,0;2,9;48,22;0,64;0,017;0,0;0,00;0,039
375;27.06.2023;10:59:13;00:06:14;250,0;18,0;19,8;14,3;24,0;20,0;0,0;119,8;1,20E2;-541,2;20,00;3,0;3,0;48,22;0,64;0,020;0,0;0,00;0,040
376;27.06.2023;10:59:14;00:06:15;250,0;18,0;19,8;14,3;24,0;20,0;0,0;115,4;1,15E2;-541,2;20,00;3,0;3,0;48,22;0,64;0,020;0,0;0,01;0,043
377;27.06.2023;10:59:15;00:06:16;250,0;18,0;19,8;14,3;24,0;20,0;0,0;107,1;1,07E2;-541,2;20,00;3,0;3,0;48,22;0,64;0,021;0,0;0,00;0,042
378;27.06.2023;10:59:16;00:06:17;250,0;18,0;19,8;14,3;24,0;20,0;0,0;99,4;9,94E1;-541,2;20,00;3,0;3,0;48,22;0,64;0,021;0,0;0,00;0,042
379;27.06.2023;10:59:17;00:06:18;250,0;18,0;19,8;14,3;24,0;20,0;0,0;95,9;9,59E1;-541,2;20,00;3,0;3,0;48,22;0,64;0,022;0,0;0,01;0,040
380;27.06.2023;10:59:18;00:06:19;250,0;18,0;19,8;14,3;24,0;20,0;0,0;88,4;8,84E1;-541,2;20,00;3,0;3,1;48,22;0,64;0,028;0,0;0,00;0,043
381;27.06.2023;10:59:19;00:06:20;250,0;18,0;19,8;14,3;24,0;20,0;0,0;82,2;8,22E1;-541,2;20,00;3,0;3,0;48,22;0,65;0,032;0,0;0,01;0,039
382;27.06.2023;10:59:20;00:06:21;250,0;18,0;19,8;14,3;24,0;20,0;0,0;79,4;7,94E1;-541,2;20,00;3,0;2,9;48,22;0,64;0,030;0,0;0,00;0,040
383;27.06.2023;10:59:21;00:06:22;250,0;18,0;19,8;14,3;24,0;20,0;0,0;73,8;7,38E1;-541,2;20,00;3,0;3,0;48,22;0,65;0,028;0,0;0,00;0,040
384;27.06.2023;10:59:22;00:06:23;250,0;17,9;19,8;14,4;24,0;20,0;0,0;68,3;6,83E1;-541,2;20,00;3,0;3,0;48,22;0,65;0,029;0,0;0,00;0,039
385;27.06.2023;10:59:23;00:06:24;250,0;17,9;19,8;14,4;24,0;20,0;0,0;65,7;6,57E1;-541,2;20,00;3,0;3,0;48,22;0,65;0,023;0,0;0,00;0,041
386;27.06.2023;10:59:24;00:06:25;250,0;17,9;19,8;14,4;24,0;20,0;0,0;60,5;6,05E1;-541,2;20,00;3,0;3,0;48,22;0,65;0,020;0,0;0,00;0,039
387;27.06.2023;10:59:25;00:06:26;250,0;17,9;19,8;14,3;24,0;20,0;0,0;57,7;5,77E1;-541,2;20,00;3,0;3,0;48,22;0,65;0,018;0,0;0,00;0,040
388;27.06.2023;10:59:26;00:06:27;250,0;17,9;19,8;14,3;23,9;20,0;0,0;53,7;5,37E1;-541,2;20,00;3,0;3,0;48,22;0,65;0,018;0,0;0,00;0,040
389;27.06.2023;10:59:27;00:06:28;250,0;17,9;19,8;14,3;23,9;20,0;0,0;49,8;4,98E1;-541,2;20,00;3,0;3,0;48,22;0,65;0,014;0,0;0,00;0,044
390;27.06.2023;10:59:28;00:06:29;250,0;17,9;19,8;14,3;23,9;20,0;0,0;47,9;4,79E1;-541,2;20,00;3,0;3,0;48,22;0,65;0,015;0,0;0,00;0,040
391;27.06.2023;10:59:29;00:06:30;250,0;17,9;19,8;14,4;23,9;20,0;0,0;44,4;4,44E1;-541,2;20,00;3,0;3,0;48,22;0,65;0,013;0,0;0,01;0,040
392;27.06.2023;10:59:30;00:06:31;250,0;17,9;19,8;14,4;23,9;20,0;0,0;41,0;4,10E1;-541,2;20,00;3,0;3,0;48,22;0,65;0,010;0,0;0,01;0,039
393;27.06.2023;10:59:31;00:06:32;250,0;17,9;19,8;14,4;23,9;20,0;0,0;39,5;3,95E1;-541,2;20,00;3,0;3,0;48,22;0,65;0,010;0,0;0,01;0,039
394;27.06.2023;10:59:32;00:06:33;250,0;17,9;19,8;14,4;23,9;20,0;0,0;36,5;3,65E1;-541,2;20,00;3,0;3,0;48,22;0,65;0,011;0,0;0,00;0,041
395;27.06.2023;10:59:33;00:06:34;250,0;17,9;19,8;14,4;23,9;20,0;0,0;33,8;3,38E1;-541,2;20,00;3,0;3,0;48,22;0,65;0,007;0,0;0,00;0,043
396;27.06.2023;10:59:34;00:06:35;250,0;17,9;19,8;14,5;23,9;20,0;0,0;32,5;3,25E1;-541,2;20,00;3,0;2,9;48,22;0,65;0,007;0,0;0,01;0,043
397;27.06.2023;10:59:35;00:06:36;250,0;17,9;19,8;14,5;23,9;20,0;0,0;30,0;3,00E1;-541,2;20,00;3,0;3,0;48,22;0,65;0,009;0,0;0,01;0,039
398;27.06.2023;10:59:36;00:06:37;250,0;17,9;19,8;14,5;23,9;20,0;0,0;28,6;2,86E1;-541,2;20,00;3,0;3,0;48,22;0,65;0,011;0,0;0,01;0,040
399;27.06.2023;10:59:37;00:06:38;250,0;17,9;19,8;14,5;23,9;20,0;0,0;26,7;2,67E1;-541,2;20,00;3,0;3,0;48,22;0,65;0,008;0,0;0,01;0,041
400;27.06.2023;10:59:38;00:06:39;250,0;17,9;19,8;14,6;23,9;20,0;0,0;24,7;2,47E1;-541,2;20,00;3,0;3,1;48,22;0,65;0,008;0,0;0,01;0,042
401;27.06.2023;10:59:39;00:06:40;250,0;17,9;19,8;14,6;23,9;20,0;0,0;23,8;2,38E1;-541,2;20,00;3,0;3,1;48,22;0,65;0,008;0,0;0,00;0,040
402;27.06.2023;10:59:40;00:06:41;250,0;17,9;19,8;14,7;23,9;20,0;0,0;21,9;2,19E1;-541,2;20,00;3,0;3,0;48,22;0,65;0,009;0,0;0,00;0,039
403;27.06.2023;10:59:41;00:06:42;250,0;17,9;19,8;14,7;23,9;20,0;0,0;20,2;2,02E1;-541,2;20,00;3,0;3,0;48,23;0,65;0,006;0,0;0,00;0,042
404;27.06.2023;10:59:42;00:06:43;250,0;17,9;19,8;14,7;23,9;20,0;0,0;19,5;1,95E1;-541,2;20,00;3,0;2,9;48,22;0,65;0,008;0,0;0,01;0,043
405;27.06.2023;10:59:43;00:06:44;250,0;17,9;19,8;14,7;23,9;20,0;0,0;17,9;1,79E1;-541,2;20,00;3,0;3,0;48,23;0,65;0,011;0,0;0,01;0,042
406;27.06.2023;10:59:44;00:06:45;250,0;17,9;19,8;14,8;23,9;20,0;0,0;16,4;1,64E1;-541,2;20,00;3,0;3,0;48,23;0,65;0,018;0,0;0,00;0,043
407;27.06.2023;10:59:45;00:06:46;250,0;17,9;19,8;14,8;23,9;20,0;0,0;15,9;1,59E1;-541,2;20,00;3,0;3,0;48,23;0,65;0,018;0,0;0,01;0,039
408;27.06.2023;10:59:46;00:06:47;250,0;17,9;19,8;14,8;23,9;20,0;0,0;14,4;1,44E1;-541,2;20,00;3,0;3,0;48,23;0,65;0,013;0,0;0,00;0,040
409;27.06.2023;10:59:47;00:06:48;250,0;17,9;19,8;14,9;23,9;20,0;0,0;13,7;1,37E1;-541,2;20,00;3,0;3,0;48,23;0,65;0,009;0,0;0,00;0,043
410;27.06.2023;10:59:48;00:06:49;250,0;17,9;19,8;14,9;23,9;20,0;0,0;13,2;1,32E1;-541,2;20,00;3,0;3,0;48,23;0,65;0,008;0,0;0,01;0,040
411;27.06.2023;10:59:49;00:06:50;250,0;17,9;19,8;14,9;23,9;20,0;0,0;12,1;1,21E1;-541,2;20,00;3,0;3,0;48,23;0,65;0,006;0,0;0,00;0,043
412;27.06.2023;10:59:50;00:06:51;250,0;17,9;19,8;15,0;23,9;20,0;0,0;11,7;1,17E1;-541,2;20,00;3,0;3,0;48,23;0,65;0,006;0,0;0,01;0,043
413;27.06.2023;10:59:51;00:06:52;250,0;17,9;19,8;15,0;23,9;20,0;0,0;10,8;1,08E1;-541,2;20,00;3,0;3,0;48,23;0,65;0,005;0,0;0,00;0,043
414;27.06.2023;10:59:52;00:06:53;250,0;17,9;19,8;15,1;23,9;20,0;0,0;9,6;9,59E0;-541,2;20,00;3,0;3,0;48,23;0,65;0,003;0,0;0,01;0,042
415;27.06.2023;10:59:53;00:06:54;250,0;17,9;19,8;15,1;23,9;20,0;0,0;9,2;9,25E0;-541,2;20,00;3,0;3,0;48,23;0,65;0,006;0,0;0,01;0,039
416;27.06.2023;10:59:54;00:06:55;250,0;17,9;19,8;15,2;23,9;20,0;0,0;8,0;8,00E0;-541,2;20,00;3,0;3,0;48,23;0,65;0,004;0,0;0,01;0,041
417;27.06.2023;10:59:55;00:06:56;250,0;17,9;19,8;15,2;23,8;20,0;0,0;7,2;7,18E0;-541,2;20,00;3,0;3,0;48,23;0,65;0,004;0,0;0,01;0,039
418;27.06.2023;10:59:56;00:06:57;250,0;17,9;19,8;15,2;23,8;20,0;0,0;6,9;6,88E0;-541,2;20,00;3,0;3,0;48,23;0,65;0,002;0,0;0,00;0,040
419;27.06.2023;10:59:57;00:06:58;250,0;17,9;19,8;15,2;23,8;20,0;0,0;6,1;6,06E0;-541,2;20,00;3,0;3,1;48,23;0,65;0,006;0,0;0,00;0,039
420;27.06.2023;10:59:58;00:06:59;250,0;17,9;19,8;15,3;23,8;20,0;0,0;5,7;5,66E0;-541,2;20,00;3,0;3,0;48,23;0,65;0,003;0,0;0,01;0,042
421;27.06.2023;10:59:59;00:07:00;250,0;17,9;19,8;15,3;23,8;20,0;0,0;5,4;5,40E0;-541,2;20,00;3,0;3,0;48,23;0,65;0,003;0,0;0,01;0,043
422;27.06.2023;11:00:00;00:07:01;250,0;17,9;19,8;15,4;23,8;20,0;0,0;4,9;4,93E0;-541,2;20,00;3,0;3,0;48,23;0,65;0,001;0,0;0,00;0,039
423;27.06.2023;11:00:01;00:07:02;250,0;17,9;19,8;15,4;23,8;20,0;0,0;4,3;4,34E0;-541,2;20,00;3,0;3,0;48,23;0,65;0,002;0,0;0,01;0,040
424;27.06.2023;11:00:02;00:07:03;250,0;17,9;19,8;15,5;23,8;20,0;0,0;4,2;4,21E0;-541,2;20,00;3,0;3,0;48,23;0,65;0,002;0,0;0,00;0,041
425;27.06.2023;11:00:03;00:07:04;250,0;17,9;19,8;15,6;23,8;20,0;0,0;3,9;3,95E0;-541,2;20,00;3,0;3,0;48,23;0,65;0,006;0,0;0,01;0,043
426;27.06.2023;11:00:04;00:07:05;250,0;17,9;19,8;15,6;23,8;20,0;0,0;3,8;3,83E0;-541,2;20,00;3,0;3,0;48,23;0,65;0,007;0,0;0,01;0,040
427;27.06.2023;11:00:05;00:07:06;250,0;17,8;19,8;15,5;23,8;20,0;0,0;3,4;3,35E0;-541,2;20,00;3,0;3,0;48,23;0,65;0,011;0,0;0,00;0,041
428;27.06.2023;11:00:06;00:07:07;250,0;17,8;19,8;15,6;23,8;20,0;0,0;3,1;3,10E0;-541,2;20,00;3,0;3,0;48,23;0,65;0,003;0,0;0,00;0,039
429;27.06.2023;11:00:07;00:07:08;250,0;17,8;19,8;15,6;23,8;20,0;0,0;3,0;2,98E0;-541,2;20,00;3,0;2,9;48,23;0,65;0,001;0,0;0,01;0,040
430;27.06.2023;11:00:08;00:07:09;250,0;17,8;19,8;15,6;23,8;20,0;0,0;2,8;2,78E0;-541,2;20,00;3,0;3,0;48,23;0,65;0,007;0,0;0,00;0,043
431;27.06.2023;11:00:09;00:07:10;250,0;17,8;19,8;15,6;23,8;20,0;0,0;2,7;2,67E0;-541,2;20,00;3,0;3,0;48,23;0,65;0,007;0,0;0,01;0,040
432;27.06.2023;11:00:10;00:07:11;250,0;17,8;19,8;15,7;23,8;20,0;0,0;2,6;2,55E0;-541,2;20,00;3,0;3,0;48,23;0,65;0,006;0,0;0,00;0,042
433;27.06.2023;11:00:11;00:07:12;250,0;17,8;19,7;15,7;23,8;20,0;0,0;2,4;2,38E0;-541,2;20,00;3,0;3,0;48,23;0,65;0,006;0,0;0,00;0,040
434;27.06.2023;11:00:12;00:07:13;250,0;17,8;19,7;15,8;23,7;20,0;0,0;2,2;2,24E0;-541,2;20,00;3,0;3,0;48,23;0,65;0,007;0,0;0,01;0,043
435;27.06.2023;11:00:13;00:07:14;250,0;17,8;19,7;15,8;23,7;20,0;0,0;2,2;2,17E0;-541,2;20,00;3,0;3,0;48,23;0,65;0,005;0,0;0,00;0,040
436;27.06.2023;11:00:14;00:07:15;250,0;17,8;19,8;15,8;23,7;20,0;0,0;2,1;2,06E0;-541,2;20,00;3,0;3,1;48,23;0,65;0,010;0,0;0,00;0,039
437;27.06.2023;11:00:15;00:07:16;250,0;17,8;19,8;15,8;23,7;20,0;0,0;2,0;1,98E0;-541,2;20,00;3,0;3,0;48,23;0,65;0,008;0,0;0,00;0,039
438;27.06.2023;11:00:16;00:07:17;250,0;17,8;19,8;15,9;23,7;20,0;0,0;1,9;1,90E0;-541,2;20,00;3,0;3,0;48,23;0,65;0,004;0,0;0,00;0,041
439;27.06.2023;11:00:17;00:07:18;250,0;17,8;19,8;15,9;23,7;20,0;0,0;1,8;1,79E0;-541,2;20,00;3,0;3,1;48,23;0,65;0,006;0,0;0,00;0,040
440;27.06.2023;11:00:18;00:07:19;250,0;17,8;19,8;15,9;23,7;20,0;0,0;1,7;1,73E0;-541,2;20,00;3,0;3,0;48,23;0,65;0,005;0,0;0,00;0,043
441;27.06.2023;11:00:19;00:07:20;250,0;17,8;19,8;15,9;23,7;20,0;0,0;1,7;1,65E0;-541,2;20,00;3,0;2,9;48,23;0,65;0,000;0,0;0,00;0,040
442;27.06.2023;11:00:20;00:07:21;250,0;17,8;19,8;16,0;23,7;20,0;0,0;1,6;1,58E0;-541,2;20,00;3,0;2,9;48,23;0,65;0,001;0,0;0,00;0,044
443;27.06.2023;11:00:21;00:07:22;250,0;17,8;19,8;16,0;23,7;20,0;0,0;1,5;1,54E0;-541,2;20,00;3,0;2,9;48,23;0,65;0,002;0,0;0,01;0,043
444;27.06.2023;11:00:22;00:07:23;250,0;17,8;19,8;16,0;23,7;20,0;0,0;1,5;1,47E0;-541,2;20,00;3,0;3,0;48,23;0,65;0,001;0,0;0,01;0,042
445;27.06.2023;11:00:23;00:07:24;250,0;17,8;19,8;16,1;23,7;20,0;0,0;1,4;1,41E0;-541,2;20,00;3,0;2,9;48,23;0,65;0,001;0,0;0,00;0,041
446;27.06.2023;11:00:24;00:07:25;250,0;17,8;19,8;16,1;23,7;20,0;0,0;1,4;1,38E0;-541,2;20,00;3,0;3,0;48,23;0,65;0,002;0,0;0,00;0,044
447;27.06.2023;11:00:25;00:07:26;250,0;17,8;19,8;16,1;23,7;20,0;0,0;1,3;1,30E0;-541,2;20,00;3,0;3,0;48,23;0,65;0,000;0,0;0,01;0,043
448;27.06.2023;11:00:26;00:07:27;250,0;17,8;19,7;16,1;23,7;20,0;0,0;1,2;1,24E0;-541,2;20,00;3,0;3,0;48,23;0,65;0,002;0,0;0,00;0,041
449;27.06.2023;11:00:27;00:07:28;250,0;17,8;19,7;16,1;23,7;20,0;0,0;1,2;1,21E0;-541,2;20,00;3,0;3,0;48,23;0,65;0,002;0,0;0,01;0,044
450;27.06.2023;11:00:28;00:07:29;250,0;17,8;19,7;16,2;23,7;20,0;0,0;1,2;1,15E0;-541,2;20,00;3,0;3,0;48,23;0,65;0,002;0,0;0,00;0,044
451;27.06.2023;11:00:29;00:07:30;250,0;17,8;19,7;16,2;23,6;20,0;0,0;1,1;1,13E0;-541,2;20,00;3,0;3,0;48,23;0,65;-0,001;0,0;0,00;0,042
452;27.06.2023;11:00:30;00:07:31;250,0;17,8;19,7;16,2;23,6;20,0;0,0;1,1;1,09E0;-541,2;20,00;3,0;3,0;48,23;0,65;-0,001;0,0;0,00;0,043
453;27.06.2023;11:00:31;00:07:32;250,0;17,8;19,7;16,2;23,6;20,0;0,0;1,0;1,04E0;-541,2;20,00;3,0;3,0;48,23;0,65;0,001;0,0;0,00;0,044
454;27.06.2023;11:00:32;00:07:33;250,0;17,8;19,7;16,2;23,6;20,0;0,0;1,0;1,02E0;-541,2;20,00;3,0;3,0;48,23;0,65;0,001;0,0;0,01;0,042
455;27.06.2023;11:00:33;00:07:34;250,0;17,8;19,7;16,3;23,6;20,0;0,0;1,0;9,74E-1;-541,2;20,00;3,0;3,1;48,23;0,65;0,004;0,0;0,01;0,039
456;27.06.2023;11:00:34;00:07:35;250,0;17,8;19,7;16,3;23,6;20,0;0,0;0,9;9,29E-1;-541,2;20,00;3,0;3,0;48,23;0,65;0,002;0,0;0,00;0,040
457;27.06.2023;11:00:35;00:07:36;250,0;17,8;19,7;16,3;23,6;20,0;0,0;0,9;9,09E-1;-541,2;20,00;3,0;3,0;48,23;0,65;0,001;0,0;0,00;0,042
458;27.06.2023;11:00:36;00:07:37;250,0;17,8;19,7;16,4;23,6;20,0;0,0;0,9;8,66E-1;-541,2;20,00;3,0;2,9;48,23;0,65;-0,001;0,0;0,00;0,043
459;27.06.2023;11:00:37;00:07:38;250,0;17,8;19,7;16,4;23,6;20,0;0,0;0,8;8,21E-1;-541,2;20,00;3,0;2,9;48,23;0,65;-0,001;0,0;0,01;0,042
460;27.06.2023;11:00:38;00:07:39;250,0;17,8;19,7;16,4;23,6;20,0;0,0;0,8;8,00E-1;-541,2;20,00;3,0;3,0;48,23;0,65;0,002;0,0;0,00;0,042
461;27.06.2023;11:00:39;00:07:40;250,0;17,8;19,7;16,4;23,6;20,0;0,0;0,8;7,66E-1;-541,2;20,00;3,0;3,0;48,23;0,65;0,005;0,0;0,00;0,039
462;27.06.2023;11:00:40;00:07:41;250,0;17,8;19,7;16,5;23,6;20,0;0,0;0,7;7,35E-1;-541,2;20,00;3,0;3,0;48,23;0,65;0,004;0,0;0,01;0,039
463;27.06.2023;11:00:41;00:07:42;250,0;17,8;19,7;16,5;23,6;20,0;0,0;0,7;7,21E-1;-541,2;20,00;3,0;3,0;48,23;0,65;0,004;0,0;0,00;0,041
464;27.06.2023;11:00:42;00:07:43;250,0;17,8;19,7;16,5;23,6;20,0;0,0;0,7;6,90E-1;-541,2;20,00;3,0;3,0;48,23;0,65;0,004;0,0;0,00;0,042
465;27.06.2023;11:00:43;00:07:44;250,0;17,8;19,7;16,5;23,6;20,0;0,0;0,7;6,75E-1;-541,2;20,00;3,0;2,9;48,23;0,65;0,005;0,0;0,00;0,043
466;27.06.2023;11:00:44;00:07:45;250,0;17,8;19,7;16,5;23,6;20,0;0,0;0,6;6,44E-1;-541,2;20,00;3,0;3,0;48,23;0,65;0,004;0,0;0,00;0,040
467;27.06.2023;11:00:45;00:07:46;250,0;17,8;19,7;16,5;23,6;20,0;0,0;0,6;6,16E-1;-541,2;20,00;3,0;3,0;48,23;0,65;0,004;0,0;0,00;0,042
468;27.06.2023;11:00:46;00:07:47;250,0;17,8;19,7;16,5;23,6;20,0;0,0;0,6;6,02E-1;-541,2;20,00;3,0;3,0;48,23;0,65;0,004;0,0;0,00;0,040
469;27.06.2023;11:00:47;00:07:48;250,0;17,8;19,7;16,5;23,6;20,0;0,0;0,6;5,75E-1;-541,2;20,00;3,0;3,0;48,23;0,65;0,001;0,0;0,00;0,039
470;27.06.2023;11:00:48;00:07:49;250,0;17,8;19,7;16,6;23,6;20,0;0,0;0,5;5,49E-1;-541,2;20,00;3,0;3,0;48,23;0,65;0,003;0,0;0,01;0,042
471;27.06.2023;11:00:49;00:07:50;250,0;17,8;19,7;16,6;23,6;20,0;0,0;0,5;5,37E-1;-541,2;20,00;3,0;3,0;48,23;0,65;0,004;0,0;0,00;0,039
472;27.06.2023;11:00:50;00:07:51;250,0;17,8;19,7;16,6;23,6;20,0;0,0;0,5;5,17E-1;-541,2;20,00;3,0;3,0;48,23;0,65;0,004;0,0;0,01;0,039
473;27.06.2023;11:00:51;00:07:52;250,0;17,8;19,7;16,6;23,6;20,0;0,0;0,5;4,98E-1;-541,2;20,00;3,0;2,9;48,23;0,65;0,002;0,0;0,01;0,040
474;27.06.2023;11:00:52;00:07:53;250,0;17,8;19,7;16,6;23,6;20,0;0,0;0,5;4,89E-1;-541,2;20,00;3,0;3,0;48,23;0,65;0,005;0,0;0,00;0,039
475;27.06.2023;11:00:53;00:07:54;250,0;17,8;19,7;16,7;23,6;20,0;0,0;0,5;4,73E-1;-541,2;20,00;3,0;3,0;48,23;0,65;0,007;0,0;0,01;0,044
476;27.06.2023;11:00:54;00:07:55;250,0;17,8;19,7;16,7;23,6;20,0;0,0;0,5;4,56E-1;-541,2;20,00;3,0;3,1;48,23;0,65;0,005;0,0;0,00;0,041
477;27.06.2023;11:00:55;00:07:56;250,0;17,8;19,7;16,7;23,6;20,0;0,0;0,4;4,47E-1;-541,2;20,00;3,0;3,0;48,23;0,65;0,001;0,0;0,00;0,043
478;27.06.2023;11:00:56;00:07:57;250,0;17,8;19,7;16,7;23,6;20,0;0,0;0,4;4,32E-1;-541,2;20,00;3,0;3,0;48,23;0,65;0,001;0,0;0,00;0,042
479;27.06.2023;11:00:57;00:07:58;250,0;17,8;19,7;16,7;23,6;20,0;0,0;0,4;4,24E-1;-541,2;20,00;3,0;3,0;48,23;0,65;0,002;0,0;0,01;0,041
480;27.06.2023;11:00:58;00:07:59;250,0;17,8;19,7;16,8;23,6;20,0;0,0;0,4;4,09E-1;-541,2;20,00;3,0;3,0;48,23;0,65;0,003;0,0;0,01;0,041
481;27.06.2023;11:00:59;00:08:00;250,0;17,8;19,7;16,8;23,6;20,0;0,0;0,4;3,96E-1;-541,2;20,00;3,0;2,9;48,23;0,65;-0,001;0,0;0,01;0,039
482;27.06.2023;11:01:00;00:08:01;250,0;17,8;19,7;16,8;23,6;20,0;0,0;0,4;3,89E-1;-541,2;20,00;3,0;2,9;48,23;0,65;0,003;0,0;0,01;0,042
483;27.06.2023;11:01:01;00:08:02;250,0;17,8;19,7;16,8;23,6;20,0;0,0;0,4;3,76E-1;-541,2;20,00;3,0;3,0;48,23;0,65;0,004;0,0;0,00;0,039
484;27.06.2023;11:01:02;00:08:03;250,0;17,8;19,7;16,8;23,6;20,0;0,0;0,4;3,63E-1;-541,2;20,00;3,0;3,1;48,23;0,65;0,005;0,0;0,00;0,039
485;27.06.2023;11:01:03;00:08:04;250,0;17,8;19,7;16,8;23,6;20,0;0,0;0,4;3,59E-1;-541,2;20,00;3,0;3,1;48,23;0,65;0,006;0,0;0,01;0,039
486;27.06.2023;11:01:04;00:08:05;250,0;17,8;19,7;16,9;23,6;20,0;0,2;26,0;2,60E1;-541,2;20,00;3,0;3,0;48,23;0,65;0,004;0,0;0,01;0,039
487;27.06.2023;11:01:05;00:08:06;250,0;17,7;19,7;16,7;23,4;20,0;0,2;90,5;9,05E1;-541,2;20,00;3,0;3,0;48,23;0,65;0,000;0,0;0,00;0,040
488;27.06.2023;11:01:06;00:08:07;250,0;17,7;19,6;17,0;23,4;20,0;0,2;117,8;1,18E2;-541,2;20,00;3,0;3,0;48,23;0,65;0,002;0,0;0,01;0,039
489;27.06.2023;11:01:07;00:08:08;250,0;17,7;19,6;17,0;23,4;20,0;0,2;172,0;1,72E2;-541,2;20,00;3,0;3,0;48,23;0,65;-0,001;0,0;0,00;0,039
490;27.06.2023;11:01:08;00:08:09;250,0;17,7;19,6;17,0;23,4;20,0;0,2;200,4;2,00E2;-541,2;20,00;3,0;3,0;48,23;0,65;-0,002;0,0;0,00;0,040
491;27.06.2023;11:01:09;00:08:10;250,0;17,7;19,6;17,6;23,4;20,0;0,2;259,6;2,60E2;-541,2;20,00;3,0;3,0;48,23;0,65;-0,005;0,0;0,00;0,039
492;27.06.2023;11:01:10;00:08:11;250,0;17,8;19,6;18,3;23,4;20,0;0,2;316,5;3,16E2;-541,2;20,00;3,0;3,0;48,23;0,65;-0,007;0,0;0,00;0,042
493;27.06.2023;11:01:11;00:08:12;250,0;17,8;19,6;18,3;23,4;20,0;0,2;343,3;3,43E2;-541,2;20,00;3,0;3,0;48,23;0,65;-0,007;0,0;0,00;0,041
494;27.06.2023;11:01:12;00:08:13;250,0;17,8;19,6;19,1;23,4;20,0;0,2;400,7;4,01E2;-541,2;20,00;3,0;3,0;48,23;0,65;-0,006;0,0;0,00;0,039
495;27.06.2023;11:01:13;00:08:14;250,0;17,9;19,6;19,1;23,4;20,0;0,2;456,0;4,56E2;-541,2;20,00;3,0;3,0;48,23;0,65;-0,008;0,0;0,00;0,039
496;27.06.2023;11:01:14;00:08:15;250,0;17,9;19,6;19,7;23,4;20,0;0,2;488,1;4,88E2;-524,0;20,00;3,0;3,0;48,23;0,65;-0,008;0,0;0,00;0,039
497;27.06.2023;11:01:15;00:08:16;250,0;18,0;19,6;19,7;23,4;20,0;0,2;541,0;5,41E2;-473,4;20,00;3,0;3,0;48,23;0,65;-0,014;0,0;0,01;0,040
498;27.06.2023;11:01:16;00:08:17;250,0;18,1;19,6;20,1;23,4;20,0;0,2;594,7;5,95E2;-418,0;20,00;3,0;3,0;48,23;0,65;-0,021;0,0;0,01;0,041
499;27.06.2023;11:01:17;00:08:18;250,0;18,1;19,6;20,1;23,4;20,0;0,2;622,3;6,22E2;-392,4;20,00;3,0;3,0;48,23;0,65;-0,027;0,0;0,01;0,040
500;27.06.2023;11:01:18;00:08:19;250,0;18,2;19,6;20,5;23,4;20,0;0,2;677,9;6,78E2;-336,2;20,00;3,0;2,9;48,22;0,65;-0,043;0,0;0,01;0,040
501;27.06.2023;11:01:19;00:08:20;250,0;18,2;19,6;20,5;23,4;20,0;0,2;731,2;7,31E2;-284,8;20,00;3,0;3,1;48,22;0,65;-0,051;0,0;0,00;0,039
502;27.06.2023;11:01:20;00:08:21;250,0;18,2;19,6;21,0;23,4;20,0;0,2;763,4;7,63E2;-250,3;20,00;3,0;3,1;48,22;0,65;-0,054;0,0;0,00;0,042
503;27.06.2023;11:01:21;00:08:22;250,0;18,3;19,6;21,0;23,4;20,0;0,2;818,4;8,18E2;-198,3;20,00;3,0;3,1;48,22;0,64;-0,069;0,0;0,00;0,040
504;27.06.2023;11:01:22;00:08:23;250,0;18,4;19,7;21,5;23,4;20,0;0,2;845,9;8,46E2;-168,1;20,00;3,0;3,1;48,22;0,64;-0,076;0,0;0,00;0,040
505;27.06.2023;11:01:23;00:08:24;250,0;18,4;19,7;21,5;23,4;20,0;0,2;899,7;9,00E2;-116,4;20,00;3,0;2,9;48,22;0,64;-0,095;0,0;0,01;0,040
506;27.06.2023;11:01:24;00:08:25;250,0;18,5;19,7;21,9;23,4;20,0;0,2;955,0;9,55E2;-60,9;20,00;3,0;3,0;48,21;0,64;-0,100;0,0;0,01;0,042
507;27.06.2023;11:01:25;00:08:26;250,0;18,5;19,7;21,9;23,4;20,0;0,2;981,9;9,82E2;-35,1;20,00;3,0;3,0;48,21;0,64;-0,108;0,0;0,00;0,042
508;27.06.2023;11:01:26;00:08:27;250,0;18,6;19,8;22,1;23,5;20,0;0,2;1035,8;1,04E3;21,8;20,00;3,0;3,0;48,21;0,63;-0,111;0,0;0,00;0,040
509;27.06.2023;11:01:27;00:08:28;250,0;18,7;19,8;22,4;23,5;20,0;0,2;1027,8;1,03E3;15,5;20,00;3,0;3,0;48,21;0,63;-0,119;0,0;0,01;0,039
510;27.06.2023;11:01:28;00:08:29;250,0;18,7;19,8;22,4;23,5;20,0;0,2;1050,9;1,05E3;39,5;20,00;3,0;3,1;48,21;0,63;-0,112;0,0;0,01;0,039
511;27.06.2023;11:01:29;00:08:30;250,0;18,8;19,8;22,6;23,5;20,0;0,1;1037,9;1,04E3;25,5;20,00;3,0;3,0;48,20;0,63;-0,103;0,0;0,00;0,039
512;27.06.2023;11:01:30;00:08:31;250,0;18,8;19,9;22,8;23,5;20,0;0,1;1029,7;1,03E3;17,6;20,00;3,0;3,0;48,21;0,63;-0,088;0,0;0,00;0,039
513;27.06.2023;11:01:31;00:08:32;250,0;18,8;19,9;22,8;23,5;20,0;0,1;1043,6;1,04E3;21,9;20,00;3,0;3,0;48,21;0,63;-0,074;0,0;0,00;0,042
514;27.06.2023;11:01:32;00:08:33;250,0;18,9;19,9;22,8;23,5;20,0;0,1;1048,6;1,05E3;36,6;20,00;3,0;3,0;48,20;0,63;-0,055;0,0;0,00;0,039
515;27.06.2023;11:01:33;00:08:34;250,0;18,9;19,9;22,8;23,5;20,0;0,1;1041,9;1,04E3;29,7;20,00;3,0;3,0;48,21;0,63;-0,040;0,0;0,00;0,044
516;27.06.2023;11:01:34;00:08:35;250,0;18,9;19,9;22,8;23,5;20,0;0,1;1039,4;1,04E3;27,4;20,00;3,0;3,1;48,21;0,63;-0,032;0,0;0,00;0,039
517;27.06.2023;11:01:35;00:08:36;250,0;18,9;19,9;22,8;23,5;20,0;0,1;1035,3;1,04E3;23,2;20,00;3,0;3,0;48,20;0,63;-0,024;0,0;0,00;0,044
518;27.06.2023;11:01:36;00:08:37;250,0;18,9;19,9;22,8;23,5;20,0;0,1;1033,6;1,03E3;21,6;20,00;3,0;3,0;48,20;0,63;-0,018;0,0;0,00;0,039
519;27.06.2023;11:01:37;00:08:38;250,0;18,9;19,9;22,7;23,5;20,0;0,1;1030,6;1,03E3;18,6;20,00;3,0;3,0;48,20;0,63;-0,020;0,0;0,00;0,040
520;27.06.2023;11:01:38;00:08:39;250,0;18,9;19,9;22,6;23,5;20,0;0,1;1045,6;1,05E3;24,7;20,00;3,0;3,0;48,20;0,63;-0,013;0,0;0,00;0,039
521;27.06.2023;11:01:39;00:08:40;250,0;18,9;19,9;22,6;23,5;20,0;0,1;1057,9;1,06E3;45,7;20,00;3,0;3,0;48,21;0,63;-0,011;0,0;0,01;0,039
522;27.06.2023;11:01:40;00:08:41;250,0;18,9;19,9;22,5;23,5;20,0;0,1;1053,4;1,05E3;41,5;20,00;3,0;3,0;48,20;0,63;-0,003;0,0;0,01;0,042
523;27.06.2023;11:01:41;00:08:42;250,0;18,9;19,9;22,5;23,5;20,0;0,1;1050,2;1,05E3;38,2;20,00;3,0;3,0;48,21;0,63;-0,003;0,0;0,00;0,039
524;27.06.2023;11:01:42;00:08:43;250,0;18,9;19,9;22,3;23,5;20,0;0,1;1048,9;1,05E3;36,9;20,00;3,0;3,1;48,20;0,63;-0,001;0,0;0,00;0,039
525;27.06.2023;11:01:43;00:08:44;250,0;18,9;19,9;22,3;23,5;20,0;0,1;1046,8;1,05E3;34,8;20,00;3,0;3,0;48,20;0,63;-0,005;0,0;0,00;0,039
526;27.06.2023;11:01:44;00:08:45;250,0;18,9;20,0;22,2;23,5;20,0;0,1;1044,9;1,04E3;33,0;20,00;3,0;2,9;48,20;0,63;-0,007;0,0;0,00;0,040
527;27.06.2023;11:01:45;00:08:46;250,0;19,0;20,0;22,3;23,5;20,0;0,1;1044,2;1,04E3;32,2;20,00;3,0;2,9;48,20;0,63;-0,005;0,0;0,00;0,042
528;27.06.2023;11:01:46;00:08:47;250,0;19,0;20,0;22,2;23,6;20,0;0,1;1042,9;1,04E3;30,9;20,00;3,0;3,1;48,20;0,63;0,000;0,0;0,00;0,040
529;27.06.2023;11:01:47;00:08:48;250,0;18,9;20,0;22,2;23,6;20,0;0,1;1042,4;1,04E3;30,5;20,00;3,0;3,1;48,20;0,63;-0,001;0,0;0,01;0,039
530;27.06.2023;11:01:48;00:08:49;250,0;18,9;20,0;22,2;23,6;20,0;0,1;1041,3;1,04E3;29,3;20,00;3,0;3,0;48,20;0,63;0,000;0,0;0,00;0,043
531;27.06.2023;11:01:49;00:08:50;250,0;18,9;20,0;22,0;23,6;20,0;0,1;1040,4;1,04E3;28,6;20,00;3,0;3,0;48,20;0,63;-0,003;0,0;0,00;0,040
532;27.06.2023;11:01:50;00:08:51;250,0;18,9;20,0;21,9;23,6;20,0;0,1;1040,1;1,04E3;28,1;20,00;3,0;2,9;48,20;0,63;-0,006;0,0;0,01;0,039
533;27.06.2023;11:01:51;00:08:52;250,0;18,9;20,0;21,9;23,6;20,0;0,2;1039,3;1,04E3;27,5;20,00;3,0;3,0;48,20;0,63;-0,001;0,0;0,01;0,043
534;27.06.2023;11:01:52;00:08:53;250,0;18,9;20,0;21,7;23,6;20,0;0,2;1038,7;1,04E3;26,9;20,00;3,0;3,0;48,20;0,63;-0,001;0,0;0,00;0,040
535;27.06.2023;11:01:53;00:08:54;250,0;18,9;20,0;21,7;23,6;20,0;0,2;1038,4;1,04E3;26,6;20,00;3,0;3,0;48,20;0,63;0,000;0,0;0,01;0,039
536;27.06.2023;11:01:54;00:08:55;250,0;18,9;20,0;21,6;23,5;20,0;0,2;1037,9;1,04E3;25,9;20,00;3,0;3,0;48,20;0,63;-0,004;0,0;0,00;0,042
537;27.06.2023;11:01:55;00:08:56;250,0;18,9;20,0;21,6;23,5;20,0;0,2;1037,5;1,04E3;25,6;20,00;3,0;3,0;48,20;0,63;0,000;0,0;0,00;0,039
538;27.06.2023;11:01:56;00:08:57;250,0;18,9;20,0;21,6;23,5;20,0;0,2;1037,3;1,04E3;25,3;20,00;3,0;3,0;48,20;0,63;0,000;0,0;0,00;0,039
539;27.06.2023;11:01:57;00:08:58;250,0;18,9;20,0;21,4;23,5;20,0;0,2;1036,9;1,04E3;25,0;20,00;3,0;3,0;48,20;0,63;0,000;0,0;0,00;0,039
540;27.06.2023;11:01:58;00:08:59;250,0;18,8;20,0;21,3;23,5;20,0;0,2;1036,6;1,04E3;24,7;20,00;3,0;3,0;48,20;0,63;-0,004;0,0;0,00;0,039
541;27.06.2023;11:01:59;00:09:00;250,0;18,8;20,0;21,3;23,5;20,0;0,2;1036,4;1,04E3;24,4;20,00;3,0;3,0;48,20;0,63;-0,002;0,0;0,00;0,040
542;27.06.2023;11:02:00;00:09:01;250,0;18,8;20,0;21,2;23,5;20,0;0,2;1036,1;1,04E3;24,2;20,00;3,0;3,0;48,20;0,63;-0,004;0,0;0,01;0,043
543;27.06.2023;11:02:01;00:09:02;250,0;18,8;20,0;21,2;23,5;20,0;0,2;1036,0;1,04E3;24,1;20,00;3,0;3,0;48,20;0,63;0,000;0,0;0,00;0,043
544;27.06.2023;11:02:02;00:09:03;250,0;18,8;20,0;21,0;23,5;20,0;0,2;1035,8;1,04E3;23,8;20,00;3,0;3,0;48,20;0,63;0,003;0,0;0,00;0,040
545;27.06.2023;11:02:03;00:09:04;250,0;18,8;20,0;21,0;23,5;20,0;0,2;1035,5;1,04E3;23,5;20,00;3,0;3,0;48,20;0,63;-0,002;0,0;0,00;0,041
546;27.06.2023;11:02:04;00:09:05;250,0;18,8;20,0;21,0;23,5;20,0;0,2;1035,4;1,04E3;23,5;20,00;3,0;3,0;48,20;0,63;0,000;0,0;0,01;0,039
547;27.06.2023;11:02:05;00:09:06;250,0;18,8;20,0;20,9;23,6;20,0;0,2;1035,2;1,04E3;23,2;20,00;3,0;3,0;48,20;0,63;0,000;0,0;0,00;0,042
548;27.06.2023;11:02:06;00:09:07;250,0;18,8;20,0;21,0;23,6;20,0;0,2;1035,0;1,04E3;23,2;20,00;3,0;3,0;48,20;0,63;-0,001;0,0;0,01;0,039
549;27.06.2023;11:02:07;00:09:08;250,0;18,8;20,0;20,8;23,6;20,0;0,2;1035,0;1,03E3;23,2;20,00;3,0;2,9;48,20;0,63;-0,003;0,0;0,00;0,039
550;27.06.2023;11:02:08;00:09:09;250,0;18,8;20,0;20,7;23,6;20,0;0,2;1034,8;1,03E3;22,9;20,00;3,0;3,0;48,20;0,63;0,000;0,0;0,00;0,040
551;27.06.2023;11:02:09;00:09:10;250,0;18,8;20,0;20,7;23,5;20,0;0,2;1034,6;1,03E3;22,9;20,00;3,0;3,0;48,20;0,63;0,001;0,0;0,01;0,040
552;27.06.2023;11:02:10;00:09:11;250,0;18,8;20,0;20,7;23,5;20,0;0,2;1034,6;1,03E3;22,6;20,00;3,0;3,0;48,20;0,63;-0,003;0,0;0,01;0,042
553;27.06.2023;11:02:11;00:09:12;250,0;18,8;20,0;20,6;23,5;20,0;0,2;1034,5;1,03E3;22,6;20,00;3,0;3,0;48,20;0,63;-0,003;0,0;0,01;0,039
554;27.06.2023;11:02:12;00:09:13;250,0;18,7;20,0;20,5;23,5;20,0;0,2;1034,4;1,03E3;22,6;20,00;3,0;3,0;48,20;0,63;-0,001;0,0;0,00;0,039
555;27.06.2023;11:02:13;00:09:14;250,0;18,7;20,0;20,5;23,5;20,0;0,2;1034,3;1,03E3;22,6;20,00;3,0;3,0;48,20;0,63;0,001;0,0;0,01;0,043
556;27.06.2023;11:02:14;00:09:15;250,0;18,7;20,0;20,4;23,5;20,0;0,2;1034,2;1,03E3;22,3;20,00;3,0;3,0;48,20;0,63;-0,002;0,0;0,01;0,040
557;27.06.2023;11:02:15;00:09:16;250,0;18,7;20,0;20,4;23,5;20,0;0,2;1034,1;1,03E3;22,3;20,00;3,0;3,0;48,20;0,63;-0,004;0,0;0,00;0,043
558;27.06.2023;11:02:16;00:09:17;250,0;18,7;20,0;20,4;23,5;20,0;0,2;1034,0;1,03E3;22,2;20,00;3,0;3,0;48,20;0,63;0,000;0,0;0,00;0,039
559;27.06.2023;11:02:17;00:09:18;250,0;18,7;20,0;20,4;23,5;20,0;0,2;1034,0;1,03E3;22,2;20,00;3,0;3,0;48,20;0,63;-0,001;0,0;0,01;0,039
560;27.06.2023;11:02:18;00:09:19;250,0;18,7;20,0;20,3;23,5;20,0;0,2;1033,9;1,03E3;22,0;20,00;3,0;3,0;48,20;0,63;0,001;0,0;0,01;0,043
561;27.06.2023;11:02:19;00:09:20;250,0;18,7;20,0;20,3;23,5;20,0;0,2;1033,8;1,03E3;22,0;20,00;3,0;3,0;48,20;0,63;0,000;0,0;0,01;0,039
562;27.06.2023;11:02:20;00:09:21;250,0;18,7;20,0;20,2;23,5;20,0;0,2;1033,8;1,03E3;22,0;20,00;3,0;3,0;48,20;0,63;0,002;0,0;0,01;0,042
563;27.06.2023;11:02:21;00:09:22;250,0;18,7;20,0;20,2;23,5;20,0;0,2;1033,7;1,03E3;22,0;20,00;3,0;3,0;48,20;0,63;0,000;0,0;0,00;0,040
564;27.06.2023;11:02:22;00:09:23;250,0;18,7;20,0;20,1;23,5;20,0;0,2;1033,7;1,03E3;22,0;20,00;3,0;3,0;48,20;0,63;0,001;0,0;0,01;0,042
565;27.06.2023;11:02:23;00:09:24;250,0;18,7;20,0;20,0;23,5;20,0;0,2;1033,6;1,03E3;21,7;20,00;3,0;3,0;48,20;0,63;-0,002;0,0;0,01;0,040
566;27.06.2023;11:02:24;00:09:25;250,0;18,7;20,0;20,0;23,5;20,0;0,2;1033,6;1,03E3;21,7;20,00;3,0;3,0;48,20;0,63;-0,003;0,0;0,00;0,039
567;27.06.2023;11:02:25;00:09:26;250,0;18,7;20,0;20,0;23,5;20,0;0,2;1033,6;1,03E3;21,7;20,00;3,0;3,0;48,20;0,63;0,000;0,0;0,01;0,041
568;27.06.2023;11:02:26;00:09:27;250,0;18,7;20,0;20,1;23,5;20,0;0,2;1033,5;1,03E3;21,7;20,00;3,0;2,9;48,20;0,63;0,000;0,0;0,00;0,041
569;27.06.2023;11:02:27;00:09:28;250,0;18,7;20,0;20,0;23,5;20,0;0,2;1033,5;1,03E3;21,7;20,00;3,0;2,9;48,20;0,63;-0,003;0,0;0,00;0,039
570;27.06.2023;11:02:28;00:09:29;250,0;18,7;20,0;19,9;23,5;20,0;0,2;1033,4;1,03E3;21,7;20,00;3,0;3,0;48,20;0,63;0,000;0,0;0,01;0,041
571;27.06.2023;11:02:29;00:09:30;250,0;18,7;20,0;19,9;23,5;20,0;0,2;1033,4;1,03E3;21,7;20,00;3,0;3,1;48,20;0,63;0,000;0,0;0,01;0,040
572;27.06.2023;11:02:30;00:09:31;250,0;18,7;20,0;19,8;23,5;20,0;0,2;1033,3;1,03E3;21,7;20,00;3,0;3,1;48,20;0,63;0,005;0,0;0,00;0,039
573;27.06.2023;11:02:31;00:09:32;250,0;18,6;20,0;19,8;23,5;20,0;0,2;1033,3;1,03E3;21,4;20,00;3,0;3,0;48,20;0,63;0,000;0,0;0,01;0,044
574;27.06.2023;11:02:32;00:09:33;250,0;18,6;20,0;19,8;23,5;20,0;0,2;1033,3;1,03E3;21,4;20,00;3,0;3,0;48,20;0,63;0,000;0,0;0,01;0,043
575;27.06.2023;11:02:33;00:09:34;250,0;18,6;20,0;19,8;23,5;20,0;0,2;1033,3;1,03E3;21,4;20,00;3,0;3,1;48,20;0,63;0,001;0,0;0,00;0,041
576;27.06.2023;11:02:34;00:09:35;250,0;18,6;20,0;19,8;23,5;20,0;0,2;1033,2;1,03E3;21,4;20,00;3,0;3,0;48,20;0,63;-0,003;0,0;0,01;0,041
577;27.06.2023;11:02:35;00:09:36;250,0;18,6;20,0;19,8;23,5;20,0;0,2;1033,2;1,03E3;21,4;20,00;3,0;3,0;48,20;0,63;-0,003;0,0;0,00;0,042
578;27.06.2023;11:02:36;00:09:37;250,0;18,6;20,0;19,7;23,5;20,0;0,2;1033,1;1,03E3;21,4;20,00;3,0;3,0;48,20;0,63;-0,004;0,0;0,01;0,040
579;27.06.2023;11:02:37;00:09:38;250,0;18,6;20,0;19,7;23,5;20,0;0,2;1033,1;1,03E3;21,4;20,00;3,0;2,9;48,20;0,63;-0,002;0,0;0,01;0,042
580;27.06.2023;11:02:38;00:09:39;250,0;18,6;20,0;19,7;23,5;20,0;0,2;1033,1;1,03E3;21,4;20,00;3,0;3,0;48,20;0,63;-0,002;0,0;0,01;0,044
581;27.06.2023;11:02:39;00:09:40;250,0;18,6;20,0;19,7;23,5;20,0;0,2;1033,0;1,03E3;21,4;20,00;3,0;2,9;48,20;0,63;0,001;0,0;0,00;0,040
582;27.06.2023;11:02:40;00:09:41;250,0;18,6;20,0;19,6;23,5;20,0;0,2;1033,0;1,03E3;21,4;20,00;3,0;3,0;48,20;0,63;-0,001;0,0;0,01;0,039
583;27.06.2023;11:02:41;00:09:42;250,0;18,6;20,0;19,6;23,5;20,0;0,2;1033,0;1,03E3;21,1;20,00;3,0;3,0;48,20;0,63;0,002;0,0;0,00;0,040
584;27.06.2023;11:02:42;00:09:43;250,0;18,6;20,0;19,6;23,5;20,0;0,2;1033,0;1,03E3;21,2;20,00;3,0;3,0;48,20;0,63;0,002;0,0;0,01;0,040
585;27.06.2023;11:02:43;00:09:44;250,0;18,6;20,0;19,6;23,5;20,0;0,2;1032,9;1,03E3;21,1;20,00;3,0;2,9;48,20;0,63;0,000;0,0;0,01;0,043
586;27.06.2023;11:02:44;00:09:45;250,0;18,6;20,0;19,6;23,5;20,0;0,2;1032,9;1,03E3;21,1;20,00;3,0;3,1;48,20;0,63;0,002;0,0;0,01;0,044
587;27.06.2023;11:02:45;00:09:46;250,0;18,6;20,0;19,5;23,5;20,0;0,2;1032,9;1,03E3;21,1;20,00;3,0;3,0;48,20;0,63;0,001;0,0;0,00;0,041
588;27.06.2023;11:02:46;00:09:47;250,0;18,6;20,1;19,5;23,5;20,0;0,2;1032,8;1,03E3;21,1;20,00;3,0;3,0;48,20;0,63;0,001;0,0;0,00;0,040
589;27.06.2023;11:02:47;00:09:48;250,0;18,6;20,0;19,5;23,5;20,0;0,2;1032,9;1,03E3;21,1;20,00;3,0;3,0;48,20;0,63;0,000;0,0;0,00;0,039
590;27.06.2023;11:02:48;00:09:49;250,0;18,6;20,0;19,5;23,5;20,0;0,2;1032,8;1,03E3;21,1;20,00;3,0;3,0;48,20;0,63;-0,001;0,0;0,00;0,039
591;27.06.2023;11:02:49;00:09:50;250,0;18,6;20,0;19,5;23,5;20,0;0,2;1032,8;1,03E3;21,1;20,00;3,0;3,0;48,20;0,63;0,001;0,0;0,00;0,041
592;27.06.2023;11:02:50;00:09:51;250,0;18,6;20,0;19,5;23,5;20,0;0,2;1032,9;1,03E3;21,1;20,00;3,0;3,1;48,20;0,63;0,000;0,0;0,01;0,039
593;27.06.2023;11:02:51;00:09:52;250,0;18,5;20,0;19,4;23,5;20,0;0,2;1032,8;1,03E3;21,0;20,00;3,0;3,0;48,20;0,63;0,000;0,0;0,01;0,039
594;27.06.2023;11:02:52;00:09:53;250,0;18,5;20,0;19,4;23,5;20,0;0,2;1032,8;1,03E3;21,0;20,00;3,0;3,0;48,20;0,63;0,001;0,0;0,00;0,042
595;27.06.2023;11:02:53;00:09:54;250,0;18,5;20,0;19,4;23,5;20,0;0,2;1032,7;1,03E3;21,0;20,00;3,0;3,0;48,20;0,63;0,000;0,0;0,01;0,039
596;27.06.2023;11:02:54;00:09:55;250,0;18,5;20,0;19,3;23,5;20,0;0,2;1032,7;1,03E3;20,9;20,00;3,0;3,0;48,20;0,63;-0,001;0,0;0,00;0,039
597;27.06.2023;11:02:55;00:09:56;250,0;18,5;20,0;19,3;23,5;20,0;0,2;1032,7;1,03E3;20,8;20,00;3,0;3,0;48,20;0,63;0,000;0,0;0,00;0,039
598;27.06.2023;11:02:56;00:09:57;250,0;18,5;20,1;19,3;23,5;20,0;0,2;1032,7;1,03E3;20,8;20,00;3,0;3,0;48,20;0,63;0,001;0,0;0,01;0,043
599;27.06.2023;11:02:57;00:09:58;250,0;18,5;20,1;19,3;23,5;20,0;0,2;1032,7;1,03E3;20,8;20,00;3,0;3,1;48,20;0,63;0,001;0,0;0,00;0,040
600;27.06.2023;11:02:58;00:09:59;250,0;18,5;20,1;19,3;23,5;20,0;0,3;1032,7;1,03E3;20,8;20,00;3,0;2,9;48,20;0,63;-0,002;0,0;0,01;0,040
601;27.06.2023;11:02:59;00:10:00;250,0;18,5;20,1;19,3;23,5;20,0;0,3;1032,6;1,03E3;20,8;20,00;3,0;3,0;48,20;0,63;0,000;0,0;0,00;0,039
602;27.06.2023;11:03:00;00:10:01;250,0;18,5;20,1;19,3;23,5;20,0;0,3;1032,6;1,03E3;20,8;20,00;3,0;3,0;48,20;0,63;-0,001;0,0;0,00;0,043
603;27.06.2023;11:03:01;00:10:02;250,0;18,5;20,1;19,3;23,5;20,0;0,3;1032,6;1,03E3;20,8;20,00;3,0;3,0;48,20;0,63;-0,003;0,0;0,01;0,040
604;27.06.2023;11:03:02;00:10:03;250,0;18,5;20,1;19,2;23,5;20,0;0,3;1032,6;1,03E3;20,8;20,00;3,0;3,0;48,20;0,63;-0,001;0,0;0,00;0,042
605;27.06.2023;11:03:03;00:10:04;250,0;18,5;20,1;19,2;23,5;20,0;0,3;1032,5;1,03E3;20,8;20,00;3,0;3,0;48,20;0,63;0,002;0,0;0,01;0,040
606;27.06.2023;11:03:04;00:10:05;250,0;18,5;20,1;19,2;23,5;20,0;0,0;1032,5;1,03E3;20,8;20,00;3,0;2,9;48,20;0,63;0,003;0,0;0,00;0,040
607;27.06.2023;11:03:05;00:10:06;250,0;18,5;20,1;19,2;23,5;20,0;0,0;1032,5;1,03E3;20,8;20,00;3,0;3,0;48,20;0,63;0,001;0,0;0,00;0,039
608;27.06.2023;11:03:06;00:10:07;250,0;18,5;20,0;19,2;23,4;20,0;0,0;1032,5;1,03E3;20,8;20,00;3,0;3,0;48,20;0,63;-0,001;0,0;0,01;0,039
609;27.06.2023;11:03:07;00:10:08;250,0;18,5;20,0;19,1;23,4;20,0;0,0;1032,5;1,03E3;20,8;20,00;3,0;2,9;48,20;0,63;0,000;0,0;0,01;0,040
610;27.06.2023;11:03:08;00:10:09;250,0;18,5;20,0;19,1;23,4;20,0;0,0;1032,5;1,03E3;20,8;20,00;3,0;3,0;48,20;0,63;0,003;0,0;0,00;0,039
611;27.06.2023;11:03:09;00:10:10;250,0;18,5;20,0;19,1;23,4;20,0;0,0;1032,5;1,03E3;20,8;20,00;3,0;3,0;48,20;0,63;0,002;0,0;0,01;0,040
612;27.06.2023;11:03:10;00:10:11;250,0;18,5;20,0;19,1;23,4;20,0;0,0;1032,4;1,03E3;20,8;20,00;3,0;2,9;48,20;0,63;-0,001;0,0;0,00;0,039
613;27.06.2023;11:03:11;00:10:12;250,0;18,4;20,0;19,1;23,4;20,0;0,0;1032,5;1,03E3;20,8;20,00;3,0;3,0;48,20;0,63;0,002;0,0;0,01;0,042
614;27.06.2023;11:03:12;00:10:13;250,0;18,4;20,0;19,1;23,4;20,0;0,0;1005,6;1,01E3;-1,8;20,00;3,0;3,0;48,20;0,63;-0,001;0,0;0,00;0,039
615;27.06.2023;11:03:13;00:10:14;250,0;18,4;20,0;19,1;23,4;20,0;0,0;952,3;9,52E2;-53,9;20,00;3,0;3,0;48,20;0,63;0,000;0,0;0,00;0,043
616;27.06.2023;11:03:14;00:10:15;250,0;18,4;20,0;19,0;23,4;20,0;0,0;928,3;9,28E2;-81,7;20,00;3,0;3,0;48,20;0,63;-0,001;0,0;0,00;0,041
617;27.06.2023;11:03:15;00:10:16;250,0;18,4;20,0;19,0;23,4;20,0;0,0;882,1;8,82E2;-125,5;20,00;3,0;3,0;48,20;0,63;0,000;0,0;0,00;0,040
618;27.06.2023;11:03:16;00:10:17;250,0;18,4;20,0;19,0;23,4;20,0;0,0;838,9;8,39E2;-170,2;20,00;3,0;3,0;48,20;0,63;0,000;0,0;0,01;0,043
619;27.06.2023;11:03:17;00:10:18;250,0;18,4;20,0;19,0;23,4;20,0;0,0;820,8;8,21E2;-187,5;20,00;3,0;3,0;48,20;0,63;0,002;0,0;0,01;0,039
620;27.06.2023;11:03:18;00:10:19;250,0;18,4;20,0;18,9;23,4;20,0;0,0;787,8;7,88E2;-221,6;20,00;3,0;3,0;48,20;0,63;0,001;0,0;0,00;0,040
621;27.06.2023;11:03:19;00:10:20;250,0;18,4;20,0;18,9;23,4;20,0;0,0;773,2;7,73E2;-236,2;20,00;3,0;2,9;48,20;0,63;0,002;0,0;0,00;0,042
622;27.06.2023;11:03:20;00:10:21;250,0;18,4;20,0;18,9;23,4;20,0;0,0;744,0;7,44E2;-265,8;20,00;3,0;2,9;48,20;0,63;0,004;0,0;0,00;0,043
623;27.06.2023;11:03:21;00:10:22;250,0;18,4;20,0;18,8;23,4;20,0;0,0;717,6;7,18E2;-291,2;20,00;3,0;3,0;48,20;0,63;0,008;0,0;0,00;0,042
624;27.06.2023;11:03:22;00:10:23;250,0;18,4;20,0;18,5;23,4;20,0;0,0;705,2;7,05E2;-305,4;20,00;3,0;3,0;48,20;0,63;0,006;0,0;0,00;0,043
625;27.06.2023;11:03:23;00:10:24;250,0;18,4;20,0;18,5;23,4;20,0;0,0;678,8;6,79E2;-330,6;20,00;3,0;3,0;48,20;0,63;0,008;0,0;0,00;0,044
626;27.06.2023;11:03:24;00:10:25;250,0;18,3;20,0;18,3;23,4;20,0;0,0;655,1;6,55E2;-354,5;20,00;3,0;3,0;48,20;0,63;0,010;0,0;0,00;0,041
627;27.06.2023;11:03:25;00:10:26;250,0;18,3;20,0;18,3;23,4;20,0;0,0;644,4;6,44E2;-365,3;20,00;3,0;3,0;48,21;0,63;0,006;0,0;0,00;0,041
628;27.06.2023;11:03:26;00:10:27;250,0;18,2;19,9;18,1;23,3;20,0;0,0;622,3;6,22E2;-387,8;20,00;3,0;3,0;48,21;0,63;0,006;0,0;0,01;0,039
629;27.06.2023;11:03:27;00:10:28;250,0;18,1;19,9;17,8;23,2;20,0;0,0;600,4;6,00E2;-409,5;20,00;3,0;3,0;48,21;0,63;0,011;0,0;0,01;0,040
630;27.06.2023;11:03:28;00:10:29;250,0;18,1;19,9;17,8;23,2;20,0;0,0;590,8;5,91E2;-419,3;20,00;3,0;3,0;48,20;0,63;0,013;0,0;0,00;0,040
631;27.06.2023;11:03:29;00:10:30;250,0;18,1;19,8;17,4;23,2;20,0;0,0;568,8;5,69E2;-441,4;20,00;3,0;3,0;48,21;0,63;0,010;0,0;0,01;0,043
632;27.06.2023;11:03:30;00:10:31;250,0;18,1;19,8;17,4;23,2;20,0;0,0;549,3;5,49E2;-459,9;20,00;3,0;3,0;48,21;0,63;0,003;0,0;0,01;0,042
633;27.06.2023;11:03:31;00:10:32;250,0;18,1;19,8;17,1;23,2;20,0;0,0;540,2;5,40E2;-470,4;20,00;3,0;3,0;48,21;0,63;0,004;0,0;0,01;0,044
634;27.06.2023;11:03:32;00:10:33;250,0;18,1;19,8;16,8;23,2;20,0;0,0;521,5;5,22E2;-487,8;20,00;3,0;3,0;48,21;0,63;0,007;0,0;0,01;0,044
635;27.06.2023;11:03:33;00:10:34;250,0;18,0;19,8;16,8;23,2;20,0;0,0;512,1;5,12E2;-496,1;20,00;3,0;3,0;48,21;0,63;0,011;0,0;0,01;0,039
636;27.06.2023;11:03:34;00:10:35;250,0;18,0;19,8;16,8;23,2;20,0;0,0;495,1;4,95E2;-514,1;20,00;3,0;3,0;48,21;0,63;0,018;0,0;0,01;0,043
637;27.06.2023;11:03:35;00:10:36;250,0;18,0;19,8;16,4;23,2;20,0;0,0;476,4;4,76E2;-532,7;20,00;3,0;3,0;48,21;0,63;0,020;0,0;0,00;0,043
638;27.06.2023;11:03:36;00:10:37;250,0;18,0;19,8;16,4;23,2;20,0;0,0;468,8;4,69E2;-540,5;20,00;3,0;3,0;48,21;0,63;0,021;0,0;0,01;0,039
639;27.06.2023;11:03:37;00:10:38;250,0;18,0;19,8;16,2;23,2;20,0;0,0;452,3;4,52E2;-541,2;20,00;3,0;3,0;48,21;0,63;0,023;0,0;0,01;0,042
640;27.06.2023;11:03:38;00:10:39;250,0;18,0;19,8;15,9;23,2;20,0;0,0;437,4;4,37E2;-541,2;20,00;3,0;3,0;48,21;0,63;0,028;0,0;0,00;0,042
641;27.06.2023;11:03:39;00:10:40;250,0;18,0;19,8;15,9;23,2;20,0;0,0;429,8;4,30E2;-541,2;20,00;3,0;3,0;48,21;0,63;0,030;0,0;0,00;0,043
642;27.06.2023;11:03:40;00:10:41;250,0;18,0;19,8;15,9;23,2;20,0;0,0;415,1;4,15E2;-541,2;20,00;3,0;3,0;48,21;0,63;0,039;0,0;0,00;0,041
643;27.06.2023;11:03:41;00:10:42;250,0;18,0;19,8;15,7;23,2;20,0;0,0;398,5;3,99E2;-541,2;20,00;3,0;3,0;48,21;0,64;0,042;0,0;0,00;0,041
644;27.06.2023;11:03:42;00:10:43;250,0;18,0;19,8;15,4;23,2;20,0;0,0;392,7;3,93E2;-541,2;20,00;3,0;3,0;48,21;0,64;0,044;0,0;0,01;0,043
645;27.06.2023;11:03:43;00:10:44;250,0;18,0;19,8;15,4;23,2;20,0;0,0;379,2;3,79E2;-541,2;20,00;3,0;3,0;48,21;0,64;0,050;0,0;0,00;0,043
646;27.06.2023;11:03:44;00:10:45;250,0;18,0;19,8;15,4;23,2;20,0;0,0;372,7;3,73E2;-541,2;20,00;3,0;3,1;48,21;0,64;0,055;0,0;0,00;0,042
647;27.06.2023;11:03:45;00:10:46;250,0;18,0;19,8;15,2;23,2;20,0;0,0;359,8;3,60E2;-541,2;20,00;3,0;3,0;48,22;0,64;0,054;0,0;0,00;0,041
648;27.06.2023;11:03:46;00:10:47;250,0;17,8;19,7;15,1;23,1;20,0;0,0;347,6;3,48E2;-541,2;20,00;3,0;3,0;48,22;0,64;0,045;0,0;0,01;0,041
649;27.06.2023;11:03:47;00:10:48;250,0;17,8;19,7;14,9;23,1;20,0;0,0;340,4;3,40E2;-541,2;20,00;3,0;3,0;48,22;0,64;0,038;0,0;0,01;0,043
650;27.06.2023;11:03:48;00:10:49;250,0;17,8;19,7;14,9;23,1;20,0;0,0;328,6;3,29E2;-541,2;20,00;3,0;3,0;48,22;0,64;0,031;0,0;0,00;0,040
651;27.06.2023;11:03:49;00:10:50;250,0;17,8;19,7;14,7;23,1;20,0;0,0;317,6;3,18E2;-541,2;20,00;3,0;3,0;48,22;0,64;0,026;0,0;0,01;0,041
652;27.06.2023;11:03:50;00:10:51;250,0;17,8;19,7;14,7;23,1;20,0;0,0;312,3;3,12E2;-541,2;20,00;3,0;3,0;48,22;0,64;0,022;0,0;0,00;0,041
653;27.06.2023;11:03:51;00:10:52;250,0;17,8;19,7;14,6;23,1;20,0;0,0;301,5;3,01E2;-541,2;20,00;3,0;3,0;48,22;0,64;0,025;0,0;0,01;0,043
654;27.06.2023;11:03:52;00:10:53;250,0;17,8;19,7;14,5;23,1;20,0;0,0;291,0;2,91E2;-541,2;20,00;3,0;3,0;48,22;0,64;0,025;0,0;0,01;0,041
655;27.06.2023;11:03:53;00:10:54;250,0;17,8;19,7;14,5;23,1;20,0;0,0;285,3;2,85E2;-541,2;20,00;3,0;3,0;48,22;0,64;0,024;0,0;0,00;0,044
656;27.06.2023;11:03:54;00:10:55;250,0;17,8;19,7;14,4;23,1;20,0;0,0;275,5;2,75E2;-541,2;20,00;3,0;3,0;48,22;0,64;0,024;0,0;0,00;0,041
657;27.06.2023;11:03:55;00:10:56;250,0;17,8;19,7;14,4;23,1;20,0;0,0;266,3;2,66E2;-541,2;20,00;3,0;3,0;48,22;0,64;0,024;0,0;0,00;0,041
658;27.06.2023;11:03:56;00:10:57;250,0;17,8;19,7;14,4;23,1;20,0;0,0;261,5;2,62E2;-541,2;20,00;3,0;3,0;48,22;0,64;0,024;0,0;0,01;0,040
659;27.06.2023;11:03:57;00:10:58;250,0;17,8;19,7;14,3;23,1;20,0;0,0;252,5;2,53E2;-541,2;20,00;3,0;3,1;48,22;0,64;0,024;0,0;0,00;0,039
660;27.06.2023;11:03:58;00:10:59;250,0;17,8;19,7;14,3;23,1;20,0;0,0;248,1;2,48E2;-541,2;20,00;3,0;3,1;48,22;0,64;0,022;0,0;0,01;0,044
661;27.06.2023;11:03:59;00:11:00;250,0;17,8;19,7;14,3;23,1;20,0;0,0;239,3;2,39E2;-541,2;20,00;3,0;3,0;48,22;0,64;0,025;0,0;0,00;0,043
662;27.06.2023;11:04:00;00:11:01;250,0;17,7;19,7;14,2;23,1;20,0;0,0;231,3;2,31E2;-541,2;20,00;3,0;3,0;48,22;0,64;0,018;0,0;0,00;0,044
663;27.06.2023;11:04:01;00:11:02;250,0;17,7;19,7;14,2;23,1;20,0;0,0;227,3;2,27E2;-541,2;20,00;3,0;3,0;48,22;0,64;0,017;0,0;0,00;0,042
664;27.06.2023;11:04:02;00:11:03;250,0;17,7;19,7;14,2;23,1;20,0;0,0;219,3;2,19E2;-541,2;20,00;3,0;3,0;48,22;0,65;0,020;0,0;0,00;0,042
665;27.06.2023;11:04:03;00:11:04;250,0;17,7;19,7;14,2;23,1;20,0;0,0;212,1;2,12E2;-541,2;20,00;3,0;3,0;48,22;0,65;0,017;0,0;0,01;0,039
666;27.06.2023;11:04:04;00:11:05;250,0;17,7;19,7;14,2;23,1;20,0;0,0;208,3;2,08E2;-541,2;20,00;3,0;3,0;48,22;0,64;0,018;0,0;0,00;0,039
667;27.06.2023;11:04:05;00:11:06;250,0;17,7;19,7;14,2;23,1;20,0;0,0;200,8;2,01E2;-541,2;20,00;3,0;3,0;48,22;0,65;0,012;0,0;0,01;0,040
668;27.06.2023;11:04:06;00:11:07;250,0;17,7;19,6;14,1;23,1;20,0;0,0;194,0;1,94E2;-541,2;20,00;3,0;2,9;48,22;0,65;0,016;0,0;0,00;0,039
669;27.06.2023;11:04:07;00:11:08;250,0;17,7;19,6;14,1;23,1;20,0;0,0;190,7;1,91E2;-541,2;20,00;3,0;2,9;48,22;0,65;0,017;0,0;0,01;0,040
670;27.06.2023;11:04:08;00:11:09;250,0;17,7;19,6;14,1;23,1;20,0;0,0;184,2;1,84E2;-541,2;20,00;3,0;3,0;48,22;0,65;0,018;0,0;0,01;0,042
671;27.06.2023;11:04:09;00:11:10;250,0;17,7;19,6;14,1;23,1;20,0;0,0;177,9;1,78E2;-541,2;20,00;3,0;3,0;48,22;0,65;0,016;0,0;0,00;0,042
672;27.06.2023;11:04:10;00:11:11;250,0;17,7;19,6;14,1;23,1;20,0;0,0;174,8;1,75E2;-541,2;20,00;3,0;3,0;48,22;0,65;0,014;0,0;0,01;0,040
673;27.06.2023;11:04:11;00:11:12;250,0;17,7;19,6;14,1;23,1;20,0;0,0;160,3;1,60E2;-541,2;20,00;3,0;3,0;48,22;0,65;0,014;0,0;0,00;0,040
674;27.06.2023;11:04:12;00:11:13;250,0;17,7;19,6;14,1;23,1;20,0;0,0;153,8;1,54E2;-541,2;20,00;3,0;3,0;48,22;0,65;0,014;0,0;0,01;0,042
675;27.06.2023;11:04:13;00:11:14;250,0;17,7;19,6;14,1;23,1;20,0;0,0;141,5;1,42E2;-541,2;20,00;3,0;3,1;48,22;0,65;0,015;0,0;0,01;0,042
676;27.06.2023;11:04:14;00:11:15;250,0;17,7;19,7;14,2;23,1;20,0;0,0;130,9;1,31E2;-541,2;20,00;3,0;3,0;48,22;0,65;0,012;0,0;0,01;0,042
677;27.06.2023;11:04:15;00:11:16;250,0;17,7;19,7;14,2;23,1;20,0;0,0;126,2;1,26E2;-541,2;20,00;3,0;3,0;48,22;0,65;0,017;0,0;0,01;0,042
678;27.06.2023;11:04:16;00:11:17;250,0;17,7;19,7;14,2;23,1;20,0;0,0;117,3;1,17E2;-541,2;20,00;3,0;3,0;48,22;0,65;0,017;0,0;0,01;0,039
679;27.06.2023;11:04:17;00:11:18;250,0;17,7;19,7;14,2;23,1;20,0;0,0;108,1;1,08E2;-541,2;20,00;3,0;3,0;48,22;0,65;0,017;0,0;0,00;0,040
680;27.06.2023;11:04:18;00:11:19;250,0;17,7;19,7;14,2;23,1;20,0;0,0;104,4;1,04E2;-541,2;20,00;3,0;3,0;48,23;0,65;0,018;0,0;0,00;0,040
681;27.06.2023;11:04:19;00:11:20;250,0;17,7;19,7;14,2;23,1;20,0;0,0;96,9;9,69E1;-541,2;20,00;3,0;3,0;48,23;0,65;0,018;0,0;0,01;0,043
682;27.06.2023;11:04:20;00:11:21;250,0;17,7;19,7;14,2;23,1;20,0;0,0;90,2;9,02E1;-541,2;20,00;3,0;3,0;48,23;0,65;0,014;0,0;0,01;0,040
683;27.06.2023;11:04:21;00:11:22;250,0;17,7;19,7;14,2;23,1;20,0;0,0;86,8;8,68E1;-541,2;20,00;3,0;3,0;48,23;0,65;0,014;0,0;0,00;0,043
684;27.06.2023;11:04:22;00:11:23;250,0;17,7;19,7;14,2;23,1;20,0;0,0;81,0;8,10E1;-541,2;20,00;3,0;3,0;48,23;0,65;0,015;0,0;0,01;0,042
685;27.06.2023;11:04:23;00:11:24;250,0;17,7;19,7;14,2;23,1;20,0;0,0;78,1;7,81E1;-541,2;20,00;3,0;3,0;48,23;0,65;0,014;0,0;0,01;0,042
686;27.06.2023;11:04:24;00:11:25;250,0;17,7;19,7;14,2;23,1;20,0;0,0;72,3;7,23E1;-541,2;20,00;3,0;3,0;48,23;0,65;0,010;0,0;0,01;0,044
687;27.06.2023;11:04:25;00:11:26;250,0;17,7;19,7;14,2;23,1;20,0;0,0;66,8;6,68E1;-541,2;20,00;3,0;2,9;48,23;0,65;0,008;0,0;0,00;0,039
688;27.06.2023;11:04:26;00:11:27;250,0;17,6;19,6;14,2;23,1;20,0;0,0;64,4;6,44E1;-541,2;20,00;3,0;3,0;48,23;0,65;0,013;0,0;0,00;0,042
689;27.06.2023;11:04:27;00:11:28;250,0;17,6;19,6;14,2;23,0;20,0;0,0;59,4;5,94E1;-541,2;20,00;3,0;3,0;48,23;0,65;0,016;0,0;0,01;0,040
690;27.06.2023;11:04:28;00:11:29;250,0;17,6;19,6;14,2;23,0;20,0;0,0;55,0;5,50E1;-541,2;20,00;3,0;3,1;48,23;0,65;0,017;0,0;0,00;0,043
691;27.06.2023;11:04:29;00:11:30;250,0;17,6;19,6;14,2;23,0;20,0;0,0;53,1;5,31E1;-541,2;20,00;3,0;3,1;48,23;0,65;0,016;0,0;0,00;0,044
692;27.06.2023;11:04:30;00:11:31;250,0;17,6;19,6;14,2;23,0;20,0;0,0;48,9;4,89E1;-541,2;20,00;3,0;3,0;48,23;0,65;0,012;0,0;0,01;0,044
693;27.06.2023;11:04:31;00:11:32;250,0;17,6;19,6;14,2;23,0;20,0;0,0;45,4;4,54E1;-541,2;20,00;3,0;3,0;48,23;0,65;0,014;0,0;0,00;0,043
694;27.06.2023;11:04:32;00:11:33;250,0;17,6;19,6;14,2;23,0;20,0;0,0;43,9;4,39E1;-541,2;20,00;3,0;3,0;48,23;0,65;0,015;0,0;0,01;0,044
695;27.06.2023;11:04:33;00:11:34;250,0;17,6;19,6;14,3;23,0;20,0;0,0;40,5;4,05E1;-541,2;20,00;3,0;3,0;48,23;0,65;0,013;0,0;0,00;0,043
696;27.06.2023;11:04:34;00:11:35;250,0;17,6;19,6;14,3;23,0;20,0;0,0;37,6;3,76E1;-541,2;20,00;3,0;3,0;48,23;0,65;0,010;0,0;0,00;0,043
697;27.06.2023;11:04:35;00:11:36;250,0;17,6;19,6;14,3;23,0;20,0;0,0;36,2;3,62E1;-541,2;20,00;3,0;3,0;48,23;0,65;0,007;0,0;0,00;0,042
698;27.06.2023;11:04:36;00:11:37;250,0;17,6;19,6;14,4;23,0;20,0;0,0;33,4;3,34E1;-541,2;20,00;3,0;3,0;48,23;0,65;0,005;0,0;0,00;0,040
699;27.06.2023;11:04:37;00:11:38;250,0;17,7;19,6;14,4;23,0;20,0;0,0;32,2;3,22E1;-541,2;20,00;3,0;3,0;48,23;0,65;0,006;0,0;0,01;0,042
700;27.06.2023;11:04:38;00:11:39;250,0;17,7;19,6;14,4;23,0;20,0;0,0;29,7;2,97E1;-541,2;20,00;3,0;3,0;48,23;0,65;0,003;0,0;0,01;0,042
701;27.06.2023;11:04:39;00:11:40;250,0;17,7;19,6;14,4;23,0;20,0;0,0;27,7;2,77E1;-541,2;20,00;3,0;3,0;48,23;0,65;0,000;0,0;0,00;0,041
702;27.06.2023;11:04:40;00:11:41;250,0;17,7;19,6;14,4;23,0;20,0;0,0;26,8;2,68E1;-541,2;20,00;3,0;3,0;48,23;0,65;0,005;0,0;0,01;0,040
703;27.06.2023;11:04:41;00:11:42;250,0;17,7;19,7;14,5;23,0;20,0;0,0;24,7;2,47E1;-541,2;20,00;3,0;3,0;48,23;0,65;0,005;0,0;0,01;0,039
704;27.06.2023;11:04:42;00:11:43;250,0;17,7;19,7;14,5;23,0;20,0;0,0;22,7;2,27E1;-541,2;20,00;3,0;2,9;48,23;0,65;0,004;0,0;0,01;0,040
705;27.06.2023;11:04:43;00:11:44;250,0;17,7;19,7;14,5;23,0;20,0;0,0;21,7;2,17E1;-541,2;20,00;3,0;2,9;48,23;0,65;0,006;0,0;0,00;0,042
706;27.06.2023;11:04:44;00:11:45;250,0;17,7;19,7;14,5;23,0;20,0;0,0;20,2;2,02E1;-541,2;20,00;3,0;2,9;48,23;0,65;0,001;0,0;0,00;0,042
707;27.06.2023;11:04:45;00:11:46;250,0;17,7;19,7;14,6;22,9;20,0;0,0;18,9;1,89E1;-541,2;20,00;3,0;3,0;48,23;0,65;0,003;0,0;0,00;0,042
708;27.06.2023;11:04:46;00:11:47;250,0;17,5;19,5;14,5;22,9;20,0;0,0;18,1;1,81E1;-541,2;20,00;3,0;2,9;48,23;0,65;0,003;0,0;0,00;0,042
709;27.06.2023;11:04:47;00:11:48;250,0;17,5;19,5;14,6;22,9;20,0;0,0;16,7;1,67E1;-541,2;20,00;3,0;3,0;48,23;0,65;0,006;0,0;0,00;0,040
710;27.06.2023;11:04:48;00:11:49;250,0;17,5;19,5;14,6;22,9;20,0;0,0;15,2;1,52E1;-541,2;20,00;3,0;3,0;48,23;0,65;0,009;0,0;0,00;0,044
711;27.06.2023;11:04:49;00:11:50;250,0;17,5;19,5;14,6;22,9;20,0;0,0;14,5;1,45E1;-541,2;20,00;3,0;3,0;48,23;0,65;0,009;0,0;0,01;0,040
712;27.06.2023;11:04:50;00:11:51;250,0;17,5;19,5;14,7;22,9;20,0;0,0;13,7;1,37E1;-541,2;20,00;3,0;3,1;48,23;0,65;0,011;0,0;0,01;0,043
713;27.06.2023;11:04:51;00:11:52;250,0;17,5;19,5;14,7;22,9;20,0;0,0;13,1;1,31E1;-541,2;20,00;3,0;3,0;48,23;0,65;0,011;0,0;0,00;0,041
714;27.06.2023;11:04:52;00:11:53;250,0;17,5;19,5;14,7;22,9;20,0;0,0;12,4;1,24E1;-541,2;20,00;3,0;3,0;48,23;0,65;0,012;0,0;0,00;0,043
715;27.06.2023;11:04:53;00:11:54;250,0;17,5;19,5;14,8;22,9;20,0;0,0;11,4;1,14E1;-541,2;20,00;3,0;3,1;48,23;0,65;0,011;0,0;0,01;0,044
716;27.06.2023;11:04:54;00:11:55;250,0;17,5;19,5;14,9;22,9;20,0;0,0;11,0;1,10E1;-541,2;20,00;3,0;3,0;48,23;0,65;0,010;0,0;0,00;0,042
717;27.06.2023;11:04:55;00:11:56;250,0;17,6;19,5;14,9;22,9;20,0;0,0;9,8;9,80E0;-541,2;20,00;3,0;3,0;48,23;0,65;0,008;0,0;0,00;0,040
718;27.06.2023;11:04:56;00:11:57;250,0;17,6;19,5;14,9;22,9;20,0;0,0;9,0;8,98E0;-541,2;20,00;3,0;3,0;48,23;0,65;0,004;0,0;0,00;0,042
719;27.06.2023;11:04:57;00:11:58;250,0;17,6;19,5;14,9;22,9;20,0;0,0;8,3;8,26E0;-541,2;20,00;3,0;3,0;48,23;0,65;0,005;0,0;0,00;0,044
720;27.06.2023;11:04:58;00:11:59;250,0;17,6;19,5;15,0;22,9;20,0;0,0;7,2;7,17E0;-541,2;20,00;3,0;3,0;48,23;0,65;0,000;0,0;0,00;0,044
721;27.06.2023;11:04:59;00:12:00;250,0;17,6;19,5;15,0;22,9;20,0;0,0;6,7;6,71E0;-541,2;20,00;3,0;3,0;48,23;0,65;-0,001;0,0;0,00;0,040
722;27.06.2023;11:05:00;00:12:01;250,0;17,6;19,5;15,0;22,9;20,0;0,0;6,3;6,30E0;-541,2;20,00;3,0;3,0;48,23;0,65;-0,003;0,0;0,00;0,043
723;27.06.2023;11:05:01;00:12:02;250,0;17,6;19,5;15,1;22,9;20,0;0,0;5,7;5,73E0;-541,2;20,00;3,0;3,0;48,23;0,65;0,000;0,0;0,01;0,040
724;27.06.2023;11:05:02;00:12:03;250,0;17,6;19,5;15,2;22,9;20,0;0,0;5,4;5,44E0;-541,2;20,00;3,0;3,0;48,23;0,65;0,002;0,0;0,00;0,043
725;27.06.2023;11:05:03;00:12:04;250,0;17,6;19,5;15,2;22,9;20,0;0,0;4,9;4,92E0;-541,2;20,00;3,0;2,9;48,23;0,65;0,001;0,0;0,00;0,041
726;27.06.2023;11:05:04;00:12:05;250,0;17,6;19,5;15,2;22,9;20,0;0,0;4,4;4,35E0;-541,2;20,00;3,0;2,9;48,23;0,65;0,001;0,0;0,01;0,044
727;27.06.2023;11:05:05;00:12:06;250,0;17,6;19,5;15,2;22,9;20,0;0,0;4,2;4,22E0;-541,2;20,00;3,0;3,0;48,23;0,65;0,004;0,0;0,00;0,042
728;27.06.2023;11:05:06;00:12:07;250,0;17,6;19,6;15,3;23,0;20,0;0,0;3,9;3,92E0;-541,2;20,00;3,0;3,0;48,23;0,65;0,001;0,0;0,00;0,044
729;27.06.2023;11:05:07;00:12:08;250,0;17,6;19,6;15,4;23,0;20,0;0,0;3,6;3,65E0;-541,2;20,00;3,0;3,0;48,23;0,65;-0,002;0,0;0,01;0,043
730;27.06.2023;11:05:08;00:12:09;250,0;17,6;19,6;15,4;23,0;20,0;0,0;3,4;3,43E0;-541,2;20,00;3,0;3,0;48,23;0,65;-0,001;0,0;0,00;0,042
731;27.06.2023;11:05:09;00:12:10;250,0;17,6;19,6;15,5;23,0;20,0;0,0;3,1;3,08E0;-541,2;20,00;3,0;3,0;48,23;0,65;0,003;0,0;0,00;0,043
732;27.06.2023;11:05:10;00:12:11;250,0;17,6;19,6;15,5;23,0;20,0;0,0;2,9;2,90E0;-541,2;20,00;3,0;3,0;48,23;0,65;0,003;0,0;0,01;0,044
733;27.06.2023;11:05:11;00:12:12;250,0;17,7;19,6;15,5;23,0;20,0;0,0;2,8;2,76E0;-541,2;20,00;3,0;3,0;48,23;0,65;0,000;0,0;0,01;0,044
734;27.06.2023;11:05:12;00:12:13;250,0;17,7;19,6;15,6;23,0;20,0;0,0;2,6;2,64E0;-541,2;20,00;3,0;2,9;48,23;0,65;-0,001;0,0;0,01;0,043
735;27.06.2023;11:05:13;00:12:14;250,0;17,7;19,6;15,6;23,0;20,0;0,0;2,4;2,45E0;-541,2;20,00;3,0;3,0;48,23;0,65;0,000;0,0;0,00;0,042
736;27.06.2023;11:05:14;00:12:15;250,0;17,7;19,6;15,6;23,0;20,0;0,0;2,3;2,33E0;-541,2;20,00;3,0;3,0;48,23;0,65;0,006;0,0;0,01;0,042
737;27.06.2023;11:05:15;00:12:16;250,0;17,7;19,6;15,7;23,0;20,0;0,0;2,2;2,24E0;-541,2;20,00;3,0;3,0;48,23;0,65;0,003;0,0;0,01;0,041
738;27.06.2023;11:05:16;00:12:17;250,0;17,7;19,6;15,7;23,0;20,0;0,0;2,1;2,12E0;-541,2;20,00;3,0;3,0;48,23;0,65;0,003;0,0;0,00;0,042
739;27.06.2023;11:05:17;00:12:18;250,0;17,7;19,7;15,7;23,0;20,0;0,0;2,0;1,98E0;-541,2;20,00;3,0;3,0;48,23;0,65;0,005;0,0;0,00;0,043
740;27.06.2023;11:05:18;00:12:19;250,0;17,7;19,7;15,8;23,0;20,0;0,0;1,8;1,84E0;-541,2;20,00;3,0;3,0;48,23;0,65;0,002;0,0;0,01;0,039
741;27.06.2023;11:05:19;00:12:20;250,0;17,7;19,7;15,8;23,0;20,0;0,0;1,8;1,81E0;-541,2;20,00;3,0;3,0;48,23;0,65;0,000;0,0;0,00;0,042
742;27.06.2023;11:05:20;00:12:21;250,0;17,7;19,7;15,8;23,0;20,0;0,0;1,7;1,71E0;-541,2;20,00;3,0;2,9;48,23;0,65;0,000;0,0;0,00;0,044
743;27.06.2023;11:05:21;00:12:22;250,0;17,7;19,7;15,9;23,0;20,0;0,0;1,6;1,65E0;-541,2;20,00;3,0;3,0;48,23;0,65;0,003;0,0;0,00;0,044
744;27.06.2023;11:05:22;00:12:23;250,0;17,7;19,7;15,9;23,0;20,0;0,0;1,6;1,58E0;-541,2;20,00;3,0;3,0;48,23;0,65;0,005;0,0;0,00;0,042
745;27.06.2023;11:05:23;00:12:24;250,0;17,7;19,7;15,9;23,0;20,0;0,0;1,5;1,52E0;-541,2;20,00;3,0;3,0;48,23;0,65;0,002;0,0;0,01;0,043
746;27.06.2023;11:05:24;00:12:25;250,0;17,7;19,7;16,0;23,0;20,0;0,0;1,4;1,43E0;-541,2;20,00;3,0;2,9;48,23;0,65;-0,001;0,0;0,00;0,044
747;27.06.2023;11:05:25;00:12:26;250,0;17,7;19,7;16,0;23,0;20,0;0,0;1,4;1,40E0;-541,2;20,00;3,0;3,0;48,23;0,65;-0,002;0,0;0,01;0,043
748;27.06.2023;11:05:26;00:12:27;250,0;17,7;19,6;16,0;23,0;20,0;0,0;1,3;1,33E0;-541,2;20,00;3,0;3,0;48,23;0,65;-0,003;0,0;0,01;0,040
749;27.06.2023;11:05:27;00:12:28;250,0;17,7;19,6;16,0;23,0;20,0;0,0;1,3;1,26E0;-541,2;20,00;3,0;3,0;48,23;0,65;-0,001;0,0;0,00;0,044
750;27.06.2023;11:05:28;00:12:29;250,0;17,7;19,6;16,0;23,0;20,0;0,0;1,2;1,22E0;-541,2;20,00;3,0;3,0;48,23;0,65;0,003;0,0;0,00;0,042
751;27.06.2023;11:05:29;00:12:30;250,0;17,7;19,6;16,1;23,0;20,0;0,0;1,2;1,16E0;-541,2;20,00;3,0;3,0;48,23;0,65;0,001;0,0;0,00;0,041
752;27.06.2023;11:05:30;00:12:31;250,0;17,7;19,6;16,1;23,0;20,0;0,0;1,1;1,13E0;-541,2;20,00;3,0;3,0;48,23;0,65;0,000;0,0;0,01;0,044
753;27.06.2023;11:05:31;00:12:32;250,0;17,7;19,6;16,1;23,0;20,0;0,0;1,1;1,08E0;-541,2;20,00;3,0;2,9;48,23;0,65;-0,002;0,0;0,00;0,044
754;27.06.2023;11:05:32;00:12:33;250,0;17,7;19,6;16,2;23,0;20,0;0,0;1,0;1,04E0;-541,2;20,00;3,0;2,9;48,23;0,65;-0,002;0,0;0,00;0,039
755;27.06.2023;11:05:33;00:12:34;250,0;17,7;19,6;16,2;23,0;20,0;0,0;1,0;1,02E0;-541,2;20,00;3,0;3,0;48,23;0,65;-0,002;0,0;0,00;0,039
756;27.06.2023;11:05:34;00:12:35;250,0;17,7;19,6;16,2;23,0;20,0;0,0;1,0;9,72E-1;-541,2;20,00;3,0;3,0;48,23;0,65;0,000;0,0;0,01;0,039
757;27.06.2023;11:05:35;00:12:36;250,0;17,7;19,6;16,2;23,0;20,0;0,0;0,9;9,28E-1;-541,2;20,00;3,0;2,9;48,23;0,65;0,001;0,0;0,00;0,039
758;27.06.2023;11:05:36;00:12:37;250,0;17,7;19,6;16,2;23,0;20,0;0,0;0,9;9,08E-1;-541,2;20,00;3,0;2,9;48,23;0,65;-0,001;0,0;0,00;0,041
759;27.06.2023;11:05:37;00:12:38;250,0;17,7;19,6;16,3;23,0;20,0;0,0;0,9;8,62E-1;-541,2;20,00;3,0;3,0;48,23;0,65;-0,001;0,0;0,01;0,041
760;27.06.2023;11:05:38;00:12:39;250,0;17,7;19,6;16,3;23,0;20,0;0,0;0,8;8,23E-1;-541,2;20,00;3,0;3,0;48,23;0,65;-0,001;0,0;0,01;0,043
761;27.06.2023;11:05:39;00:12:40;250,0;17,7;19,6;16,3;23,0;20,0;0,0;0,8;8,01E-1;-541,2;20,00;3,0;3,0;48,23;0,65;0,001;0,0;0,01;0,044
762;27.06.2023;11:05:40;00:12:41;250,0;17,7;19,6;16,3;23,0;20,0;0,0;0,8;7,68E-1;-541,2;20,00;3,0;3,0;48,23;0,65;0,002;0,0;0,01;0,043
763;27.06.2023;11:05:41;00:12:42;250,0;17,7;19,6;16,4;23,0;20,0;0,0;0,8;7,52E-1;-541,2;20,00;3,0;3,0;48,23;0,65;0,000;0,0;0,01;0,040
764;27.06.2023;11:05:42;00:12:43;250,0;17,7;19,7;16,4;23,0;20,0;0,0;0,7;7,22E-1;-541,2;20,00;3,0;3,0;48,23;0,65;0,003;0,0;0,00;0,040
765;27.06.2023;11:05:43;00:12:44;250,0;17,7;19,7;16,4;23,0;20,0;0,0;0,7;6,89E-1;-541,2;20,00;3,0;3,0;48,23;0,65;-0,002;0,0;0,00;0,043
766;27.06.2023;11:05:44;00:12:45;250,0;17,7;19,7;16,4;23,0;20,0;0,0;0,7;6,74E-1;-541,2;20,00;3,0;3,0;48,23;0,65;-0,001;0,0;0,00;0,041
767;27.06.2023;11:05:45;00:12:46;250,0;17,7;19,7;16,4;23,0;20,0;0,0;0,6;6,45E-1;-541,2;20,00;3,0;3,0;48,23;0,65;0,004;0,0;0,01;0,043
768;27.06.2023;11:05:46;00:12:47;250,0;17,6;19,5;16,3;22,9;20,0;0,0;0,6;6,18E-1;-541,2;20,00;3,0;3,0;48,23;0,65;0,006;0,0;0,01;0,042
769;27.06.2023;11:05:47;00:12:48;250,0;17,6;19,5;16,4;22,9;20,0;0,0;0,6;6,03E-1;-541,2;20,00;3,0;3,0;48,23;0,65;0,005;0,0;0,00;0,042
770;27.06.2023;11:05:48;00:12:49;250,0;17,6;19,5;16,4;22,9;20,0;0,0;0,6;5,75E-1;-541,2;20,00;3,0;3,0;48,23;0,65;0,002;0,0;0,00;0,040
771;27.06.2023;11:05:49;00:12:50;250,0;17,6;19,5;16,4;22,8;20,0;0,0;0,5;5,47E-1;-541,2;20,00;3,0;3,0;48,23;0,65;-0,001;0,0;0,01;0,044
772;27.06.2023;11:05:50;00:12:51;250,0;17,6;19,5;16,4;22,8;20,0;0,0;0,5;5,34E-1;-541,2;20,00;3,0;3,0;48,23;0,65;-0,001;0,0;0,01;0,043
773;27.06.2023;11:05:51;00:12:52;250,0;17,6;19,5;16,5;22,8;20,0;0,0;0,5;5,15E-1;-541,2;20,00;3,0;3,0;48,23;0,65;0,001;0,0;0,00;0,043
774;27.06.2023;11:05:52;00:12:53;250,0;17,6;19,5;16,5;22,8;20,0;0,0;0,5;4,96E-1;-541,2;20,00;3,0;3,0;48,23;0,65;0,001;0,0;0,00;0,040
775;27.06.2023;11:05:53;00:12:54;250,0;17,6;19,5;16,5;22,8;20,0;0,0;0,5;4,86E-1;-541,2;20,00;3,0;3,0;48,23;0,65;-0,001;0,0;0,00;0,039
776;27.06.2023;11:05:54;00:12:55;250,0;17,6;19,6;16,5;22,9;20,0;0,0;0,5;4,68E-1;-541,2;20,00;3,0;3,0;48,23;0,65;-0,001;0,0;0,00;0,044
777;27.06.2023;11:05:55;00:12:56;250,0;17,7;19,6;16,5;22,9;20,0;0,0;0,5;4,60E-1;-541,2;20,00;3,0;3,0;48,23;0,65;0,003;0,0;0,01;0,042
778;27.06.2023;11:05:56;00:12:57;250,0;17,7;19,6;16,5;22,9;20,0;0,0;0,4;4,40E-1;-541,2;20,00;3,0;3,0;48,23;0,65;0,002;0,0;0,00;0,044
779;27.06.2023;11:05:57;00:12:58;250,0;17,7;19,6;16,6;22,9;20,0;0,0;0,4;4,25E-1;-541,2;20,00;3,0;3,0;48,23;0,65;0,001;0,0;0,00;0,043
780;27.06.2023;11:05:58;00:12:59;250,0;17,7;19,6;16,6;22,9;20,0;0,0;0,4;4,16E-1;-541,2;20,00;3,0;3,0;48,23;0,65;0,002;0,0;0,01;0,042
781;27.06.2023;11:05:59;00:13:00;250,0;17,7;19,6;16,6;22,9;20,0;0,0;0,4;4,00E-1;-541,2;20,00;3,0;3,0;48,23;0,65;0,000;0,0;0,01;0,039
782;27.06.2023;11:06:00;00:13:01;250,0;17,7;19,6;16,7;22,9;20,0;0,0;0,4;3,86E-1;-541,2;20,00;3,0;3,0;48,23;0,65;0,000;0,0;0,00;0,043
783;27.06.2023;11:06:01;00:13:02;250,0;17,7;19,6;16,7;22,9;20,0;0,0;0,4;3,78E-1;-541,2;20,00;3,0;2,9;48,23;0,65;-0,003;0,0;0,00;0,044
784;27.06.2023;11:06:02;00:13:03;250,0;17,7;19,6;16,7;22,9;20,0;0,0;0,4;3,63E-1;-541,2;20,00;3,0;3,0;48,23;0,65;-0,001;0,0;0,01;0,043
785;27.06.2023;11:06:03;00:13:04;250,0;17,7;19,6;16,7;22,9;20,0;0,0;0,4;3,53E-1;-541,2;20,00;3,0;3,0;48,23;0,65;0,003;0,0;0,01;0,044
786;27.06.2023;11:06:04;00:13:05;250,0;17,7;19,6;16,7;22,9;20,0;0,0;0,3;3,48E-1;-541,2;20,00;3,0;3,0;48,23;0,65;0,003;0,0;0,00;0,042
787;27.06.2023;11:06:05;00:13:06;250,0;17,7;19,6;16,7;22,9;20,0;0,0;0,3;3,37E-1;-541,2;20,00;3,0;2,9;48,23;0,65;0,002;0,0;0,00;0,044
788;27.06.2023;11:06:06;00:13:07;250,0;17,7;19,6;16,7;22,9;20,0;0,0;0,3;3,27E-1;-541,2;20,00;3,0;3,0;48,23;0,65;0,003;0,0;0,00;0,043
789;27.06.2023;11:06:07;00:13:08;250,0;17,7;19,6;16,8;22,9;20,0;0,0;0,3;3,23E-1;-541,2;20,00;3,0;3,0;48,23;0,65;0,003;0,0;0,00;0,044
790;27.06.2023;11:06:08;00:13:09;250,0;17,7;19,6;16,8;22,9;20,0;0,0;0,3;3,13E-1;-541,2;20,00;3,0;3,0;48,23;0,65;0,001;0,0;0,01;0,043
791;27.06.2023;11:06:09;00:13:10;250,0;17,7;19,6;16,8;22,9;20,0;0,0;0,3;3,09E-1;-541,2;20,00;3,0;3,0;48,23;0,65;-0,002;0,0;0,00;0,044
792;27.06.2023;11:06:10;00:13:11;250,0;17,7;19,6;16,8;22,9;20,0;0,0;0,3;3,00E-1;-541,2;20,00;3,0;2,9;48,23;0,65;0,002;0,0;0,01;0,044
793;27.06.2023;11:06:11;00:13:12;250,0;17,7;19,6;16,8;22,9;20,0;0,0;0,3;2,92E-1;-541,2;20,00;3,0;2,9;48,23;0,65;-0,002;0,0;0,01;0,044
794;27.06.2023;11:06:12;00:13:13;250,0;17,7;19,6;16,8;22,9;20,0;0,0;0,3;2,88E-1;-541,2;20,00;3,0;3,0;48,23;0,65;0,001;0,0;0,01;0,044
795;27.06.2023;11:06:13;00:13:14;250,0;17,7;19,6;16,8;22,9;20,0;0,0;0,3;2,81E-1;-541,2;20,00;3,0;3,0;48,23;0,65;0,002;0,0;0,00;0,044
796;27.06.2023;11:06:14;00:13:15;250,0;17,7;19,6;16,9;22,9;20,0;0,0;0,3;2,73E-1;-541,2;20,00;3,0;3,0;48,23;0,66;-0,002;0,0;0,00;0,044
797;27.06.2023;11:06:15;00:13:16;250,0;17,7;19,6;16,9;22,9;20,0;0,0;0,3;2,69E-1;-541,2;20,00;3,0;3,0;48,23;0,65;-0,002;0,0;0,01;0,043
798;27.06.2023;11:06:16;00:13:17;250,0;17,7;19,6;16,9;22,9;20,0;0,0;0,3;2,63E-1;-541,2;20,00;3,0;3,0;48,23;0,65;-0,002;0,0;0,00;0,044
799;27.06.2023;11:06:17;00:13:18;250,0;17,7;19,6;16,9;22,9;20,0;0,0;0,3;2,57E-1;-541,2;20,00;3,0;3,0;48,23;0,65;0,002;0,0;0,01;0,044
800;27.06.2023;11:06:18;00:13:19;250,0;17,7;19,6;16,9;22,9;20,0;0,0;0,3;2,54E-1;-541,2;20,00;3,0;3,0;48,23;0,65;0,003;0,0;0,01;0,044
801;27.06.2023;11:06:19;00:13:20;250,0;17,7;19,6;16,9;22,9;20,0;0,0;0,2;2,48E-1;-541,2;20,00;3,0;2,9;48,23;0,65;0,000;0,0;0,00;0,044
802;27.06.2023;11:06:20;00:13:21;250,0;17,7;19,6;16,9;22,9;20,0;0,0;0,2;2,45E-1;-541,2;20,00;3,0;3,0;48,23;0,65;-0,002;0,0;0,00;0,044
803;27.06.2023;11:06:21;00:13:22;250,0;17,7;19,6;17,0;22,9;20,0;0,0;0,2;2,41E-1;-541,2;20,00;3,0;3,0;48,23;0,65;0,000;0,0;0,00;0,043
804;27.06.2023;11:06:22;00:13:23;250,0;17,7;19,6;17,0;22,9;20,0;0,0;0,2;2,36E-1;-541,2;20,00;3,0;3,0;48,23;0,65;0,001;0,0;0,01;0,044
805;27.06.2023;11:06:23;00:13:24;250,0;17,7;19,6;17,0;22,9;20,0;0,0;0,2;2,34E-1;-541,2;20,00;3,0;3,0;48,23;0,65;0,000;0,0;0,01;0,042
806;27.06.2023;11:06:24;00:13:25;250,0;17,7;19,6;17,0;22,9;20,0;0,0;0,2;2,30E-1;-541,2;20,00;3,0;3,0;48,23;0,65;-0,002;0,0;0,01;0,044
807;27.06.2023;11:06:25;00:13:26;250,0;17,6;19,6;17,0;22,9;20,0;0,0;0,2;2,27E-1;-541,2;20,00;3,0;3,0;48,23;0,65;0,001;0,0;0,00;0,044
808;27.06.2023;11:06:26;00:13:27;250,0;17,6;19,5;16,9;22,8;20,0;0,0;0,2;2,25E-1;-541,2;20,00;3,0;3,1;48,23;0,65;0,002;0,0;0,00;0,043
809;27.06.2023;11:06:27;00:13:28;250,0;17,6;19,5;16,9;22,8;20,0;0,0;0,2;2,21E-1;-541,2;20,00;3,0;3,0;48,23;0,65;0,003;0,0;0,01;0,044
810;27.06.2023;11:06:28;00:13:29;250,0;17,6;19,5;16,9;22,8;20,0;0,0;0,2;2,18E-1;-541,2;20,00;3,0;3,0;48,23;0,65;0,000;0,0;0,00;0,044
811;27.06.2023;11:06:29;00:13:30;250,0;17,6;19,5;16,9;22,8;20,0;0,0;0,2;2,16E-1;-541,2;20,00;3,0;3,0;48,23;0,65;0,001;0,0;0,00;0,044
812;27.06.2023;11:06:30;00:13:31;250,0;17,6;19,5;17,0;22,8;20,0;0,0;0,2;2,13E-1;-541,2;20,00;3,0;3,0;48,23;0,65;-0,003;0,0;0,00;0,044
813;27.06.2023;11:06:31;00:13:32;250,0;17,7;19,5;17,0;22,8;20,0;0,0;0,2;2,10E-1;-541,2;20,00;3,0;3,0;48,23;0,65;-0,002;0,0;0,01;0,044
814;27.06.2023;11:06:32;00:13:33;250,0;17,7;19,5;17,0;22,8;20,0;0,0;0,2;2,08E-1;-541,2;20,00;3,0;3,0;48,23;0,65;0,000;0,0;0,01;0,044
815;27.06.2023;11:06:33;00:13:34;250,0;17,6;19,5;17,0;22,8;20,0;0,0;0,2;2,05E-1;-541,2;20,00;3,0;3,0;48,23;0,65;0,003;0,0;0,00;0,043
816;27.06.2023;11:06:34;00:13:35;250,0;17,6;19,5;17,0;22,8;20,0;0,0;0,2;2,03E-1;-541,2;20,00;3,0;3,0;48,23;0,65;0,002;0,0;0,00;0,044
817;27.06.2023;11:06:35;00:13:36;250,0;17,7;19,5;17,0;22,8;20,0;0,0;0,2;2,01E-1;-541,2;20,00;3,0;3,0;48,23;0,65;0,002;0,0;0,00;0,044
818;27.06.2023;11:06:36;00:13:37;250,0;17,7;19,5;17,0;22,8;20,0;0,0;0,2;1,99E-1;-541,2;20,00;3,0;3,0;48,23;0,65;0,000;0,0;0,00;0,044
819;27.06.2023;11:06:37;00:13:38;250,0;17,7;19,5;17,0;22,8;20,0;0,0;0,2;1,98E-1;-541,2;20,00;3,0;2,9;48,23;0,65;-0,003;0,0;0,00;0,044
820;27.06.2023;11:06:38;00:13:39;250,0;17,7;19,5;17,1;22,8;20,0;0,0;0,2;1,95E-1;-541,2;20,00;3,0;3,0;48,23;0,65;0,002;0,0;0,00;0,043
821;27.06.2023;11:06:39;00:13:40;250,0;17,7;19,5;17,1;22,8;20,0;0,0;0,2;1,93E-1;-541,2;20,00;3,0;3,0;48,23;0,65;0,004;0,0;0,01;0,044
822;27.06.2023;11:06:40;00:13:41;250,0;17,7;19,5;17,1;22,8;20,0;0,0;0,2;1,92E-1;-541,2;20,00;3,0;3,0;48,23;0,65;0,001;0,0;0,01;0,044
823;27.06.2023;11:06:41;00:13:42;250,0;17,7;19,5;17,1;22,8;20,0;0,0;0,2;1,89E-1;-541,2;20,00;3,0;2,9;48,23;0,65;-0,001;0,0;0,00;0,044
824;27.06.2023;11:06:42;00:13:43;250,0;17,7;19,5;17,1;22,8;20,0;0,0;0,2;1,87E-1;-541,2;20,00;3,0;3,0;48,23;0,65;-0,002;0,0;0,00;0,043
825;27.06.2023;11:06:43;00:13:44;250,0;17,7;19,5;17,1;22,8;20,0;0,0;0,2;1,86E-1;-541,2;20,00;3,0;3,0;48,23;0,65;-0,001;0,0;0,00;0,044
826;27.06.2023;11:06:44;00:13:45;250,0;17,7;19,5;17,1;22,8;20,0;0,0;0,2;1,84E-1;-541,2;20,00;3,0;3,0;48,23;0,65;-0,001;0,0;0,00;0,044
827;27.06.2023;11:06:45;00:13:46;250,0;17,7;19,5;17,1;22,8;20,0;0,0;0,2;1,82E-1;-541,2;20,00;3,0;3,0;48,23;0,65;0,001;0,0;0,01;0,044
828;27.06.2023;11:06:46;00:13:47;250,0;17,6;19,5;17,1;22,8;20,0;0,0;0,2;1,81E-1;-541,2;20,00;3,0;3,0;48,23;0,65;0,001;0,0;0,01;0,044
829;27.06.2023;11:06:47;00:13:48;250,0;17,6;19,4;17,1;22,7;20,0;0,0;0,2;1,80E-1;-541,2;20,00;3,0;3,0;48,23;0,65;0,001;0,0;0,01;0,043
830;27.06.2023;11:06:48;00:13:49;250,0;17,6;19,4;17,1;22,7;20,0;0,0;0,2;1,79E-1;-541,2;20,00;3,0;3,0;48,23;0,65;0,001;0,0;0,00;0,044
831;27.06.2023;11:06:49;00:13:50;250,0;17,6;19,4;17,1;22,7;20,0;0,0;0,2;1,77E-1;-541,2;20,00;3,0;3,0;48,23;0,65;0,003;0,0;0,00;0,044
832;27.06.2023;11:06:50;00:13:51;250,0;17,6;19,5;17,1;22,7;20,0;0,0;0,2;1,76E-1;-541,2;20,00;3,0;3,0;48,23;0,65;0,002;0,0;0,01;0,044
833;27.06.2023;11:06:51;00:13:52;250,0;17,6;19,5;17,1;22,7;20,0;0,0;0,2;1,75E-1;-541,2;20,00;3,0;3,0;48,23;0,65;0,002;0,0;0,00;0,044
834;27.06.2023;11:06:52;00:13:53;250,0;17,6;19,5;17,1;22,7;20,0;0,0;0,2;1,73E-1;-541,2;20,00;3,0;3,0;48,23;0,65;0,000;0,0;0,00;0,044
835;27.06.2023;11:06:53;00:13:54;250,0;17,6;19,4;17,2;22,7;20,0;0,0;0,2;1,72E-1;-541,2;20,00;3,0;3,0;48,23;0,65;0,001;0,0;0,00;0,044
836;27.06.2023;11:06:54;00:13:55;250,0;17,6;19,5;17,2;22,7;20,0;0,0;0,2;1,71E-1;-541,2;20,00;3,0;3,0;48,23;0,65;0,001;0,0;0,00;0,044
837;27.06.2023;11:06:55;00:13:56;250,0;17,6;19,5;17,2;22,7;20,0;0,0;0,2;1,70E-1;-541,2;20,00;3,0;3,0;48,23;0,65;0,000;0,0;0,01;0,044
838;27.06.2023;11:06:56;00:13:57;250,0;17,6;19,5;17,2;22,7;20,0;0,0;0,2;1,69E-1;-541,2;20,00;3,0;3,0;48,23;0,65;-0,002;0,0;0,00;0,044
839;27.06.2023;11:06:57;00:13:58;250,0;17,6;19,5;17,2;22,7;20,0;0,0;0,2;1,68E-1;-541,2;20,00;3,0;3,1;48,23;0,65;0,001;0,0;0,01;0,044
840;27.06.2023;11:06:58;00:13:59;250,0;17,6;19,5;17,2;22,7;20,0;0,0;0,2;1,67E-1;-541,2;20,00;3,0;3,1;48,23;0,65;0,000;0,0;0,01;0,044
841;27.06.2023;11:06:59;00:14:00;250,0;17,6;19,5;17,2;22,7;20,0;0,0;0,2;1,67E-1;-541,2;20,00;3,0;3,1;48,23;0,65;0,000;0,0;0,00;0,044
842;27.06.2023;11:07:00;00:14:01;250,0;17,6;19,5;17,2;22,7;20,0;0,0;0,2;1,66E-1;-541,2;20,00;3,0;3,0;48,23;0,65;0,001;0,0;0,01;0,044
843;27.06.2023;11:07:01;00:14:02;250,0;17,7;19,5;17,2;22,7;20,0;0,0;0,2;1,65E-1;-541,2;20,00;3,0;3,0;48,23;0,65;-0,002;0,0;0,00;0,044
844;27.06.2023;11:07:02;00:14:03;250,0;17,7;19,5;17,2;22,7;20,0;0,0;0,2;1,64E-1;-541,2;20,00;3,0;3,0;48,23;0,65;-0,001;0,0;0,01;0,044
845;27.06.2023;11:07:03;00:14:04;250,0;17,7;19,5;17,3;22,7;20,0;0,0;0,2;1,63E-1;-541,2;20,00;3,0;3,0;48,23;0,65;-0,001;0,0;0,00;0,044
846;27.06.2023;11:07:04;00:14:05;250,0;17,7;19,5;17,3;22,7;20,0;0,0;0,2;1,62E-1;-541,2;20,00;3,0;3,0;48,23;0,65;-0,005;0,0;0,01;0,044
847;27.06.2023;11:07:05;00:14:06;250,0;17,7;19,5;17,3;22,7;20,0;0,0;0,2;1,62E-1;-541,2;20,00;3,0;2,9;48,23;0,65;-0,009;0,0;0,00;0,043
848;27.06.2023;11:07:06;00:14:07;250,0;17,7;19,5;17,3;22,7;20,0;0,0;0,2;1,61E-1;-541,2;20,00;3,0;3,0;48,23;0,65;-0,001;0,0;0,00;0,044
849;27.06.2023;11:07:07;00:14:08;250,0;17,7;19,5;17,3;22,7;20,0;0,0;0,2;1,60E-1;-541,2;20,00;3,0;3,0;48,23;0,65;-0,002;0,0;0,01;0,044
850;27.06.2023;11:07:08;00:14:09;250,0;17,7;19,5;17,3;22,7;20,0;0,0;0,2;1,60E-1;-541,2;20,00;3,0;3,0;48,23;0,65;-0,001;0,0;0,01;0,044
851;27.06.2023;11:07:09;00:14:10;250,0;17,7;19,5;17,4;22,7;20,0;0,0;0,2;1,59E-1;-541,2;20,00;3,0;3,0;48,23;0,65;-0,003;0,0;0,00;0,044
852;27.06.2023;11:07:10;00:14:11;250,0;17,7;19,5;17,4;22,7;20,0;0,0;0,2;1,58E-1;-541,2;20,00;3,0;3,0;48,23;0,65;-0,002;0,0;0,01;0,044
853;27.06.2023;11:07:11;00:14:12;250,0;17,7;19,5;17,4;22,7;20,0;0,0;0,2;1,58E-1;-541,2;20,00;3,0;3,0;48,23;0,65;-0,001;0,0;0,01;0,044
854;27.06.2023;11:07:12;00:14:13;250,0;17,7;19,5;17,4;22,7;20,0;0,0;0,2;1,57E-1;-541,2;20,00;3,0;3,0;48,23;0,65;0,001;0,0;0,00;0,044
855;27.06.2023;11:07:13;00:14:14;250,0;17,7;19,5;17,4;22,7;20,0;0,0;0,2;1,57E-1;-541,2;20,00;3,0;3,0;48,23;0,65;0,002;0,0;0,00;0,044
856;27.06.2023;11:07:14;00:14:15;250,0;17,7;19,5;17,4;22,7;20,0;0,0;0,2;1,56E-1;-541,2;20,00;3,0;3,0;48,23;0,65;0,001;0,0;0,00;0,041
857;27.06.2023;11:07:15;00:14:16;250,0;17,7;19,5;17,4;22,7;20,0;0,0;0,2;1,56E-1;-541,2;20,00;3,0;3,0;48,23;0,65;-0,002;0,0;0,00;0,040
858;27.06.2023;11:07:16;00:14:17;250,0;17,7;19,5;17,4;22,7;20,0;0,0;0,2;1,55E-1;-541,2;20,00;3,0;3,1;48,23;0,65;0,002;0,0;0,01;0,044
859;27.06.2023;11:07:17;00:14:18;250,0;17,7;19,5;17,4;22,7;20,0;0,0;0,2;1,55E-1;-541,2;20,00;3,0;3,0;48,23;0,65;0,001;0,0;0,00;0,043
860;27.06.2023;11:07:18;00:14:19;250,0;17,7;19,5;17,4;22,7;20,0;0,0;0,2;1,54E-1;-541,2;20,00;3,0;3,0;48,23;0,65;0,000;0,0;0,01;0,044
861;27.06.2023;11:07:19;00:14:20;250,0;17,7;19,5;17,4;22,7;20,0;0,0;0,2;1,54E-1;-541,2;20,00;3,0;3,0;48,23;0,65;0,003;0,0;0,00;0,044
862;27.06.2023;11:07:20;00:14:21;250,0;17,7;19,5;17,4;22,7;20,0;0,0;0,2;1,53E-1;-541,2;20,00;3,0;3,1;48,23;0,65;0,002;0,0;0,01;0,044
863;27.06.2023;11:07:21;00:14:22;250,0;17,7;19,5;17,5;22,7;20,0;0,0;0,2;1,53E-1;-541,2;20,00;3,0;3,0;48,23;0,65;0,002;0,0;0,00;0,044
864;27.06.2023;11:07:22;00:14:23;250,0;17,7;19,6;17,5;22,7;20,0;0,0;0,2;1,53E-1;-541,2;20,00;3,0;3,0;48,23;0,65;0,002;0,0;0,00;0,042
865;27.06.2023;11:07:23;00:14:24;250,0;17,7;19,6;17,5;22,7;20,0;0,0;0,2;1,52E-1;-541,2;20,00;3,0;2,9;48,23;0,65;0,003;0,0;0,01;0,044
866;27.06.2023;11:07:24;00:14:25;250,0;17,7;19,6;17,5;22,7;20,0;0,0;0,2;1,52E-1;-541,2;20,00;3,0;3,0;48,23;0,65;-0,001;0,0;0,00;0,043
867;27.06.2023;11:07:25;00:14:26;250,0;17,7;19,6;17,5;22,7;20,0;0,0;0,2;1,51E-1;-541,2;20,00;3,0;3,0;48,23;0,65;0,001;0,0;0,01;0,044
868;27.06.2023;11:07:26;00:14:27;250,0;17,7;19,5;17,4;22,6;20,0;0,0;0,2;1,51E-1;-541,2;20,00;3,0;3,0;48,23;0,65;0,000;0,0;0,00;0,043
869;27.06.2023;11:07:27;00:14:28;250,0;17,7;19,5;17,4;22,6;20,0;0,0;0,2;1,50E-1;-541,2;20,00;3,0;3,0;48,23;0,65;-0,003;0,0;0,01;0,044
870;27.06.2023;11:07:28;00:14:29;250,0;17,7;19,5;17,4;22,6;20,0;0,0;0,1;1,50E-1;-541,2;20,00;3,0;3,0;48,23;0,65;-0,001;0,0;0,00;0,044
871;27.06.2023;11:07:29;00:14:30;250,0;17,7;19,5;17,4;22,6;20,0;0,0;0,1;1,49E-1;-541,2;20,00;3,0;3,0;48,23;0,65;0,001;0,0;0,01;0,043
872;27.06.2023;11:07:30;00:14:31;250,0;17,7;19,5;17,4;22,6;20,0;0,0;0,1;1,49E-1;-541,2;20,00;3,0;3,0;48,23;0,65;0,000;0,0;0,00;0,040
873;27.06.2023;11:07:31;00:14:32;250,0;17,7;19,5;17,5;22,6;20,0;0,0;0,1;1,49E-1;-541,2;20,00;3,0;3,0;48,23;0,65;0,004;0,0;0,01;0,044
874;27.06.2023;11:07:32;00:14:33;250,0;17,7;19,5;17,5;22,6;20,0;0,0;0,1;1,48E-1;-541,2;20,00;3,0;3,0;48,23;0,65;0,004;0,0;0,01;0,044
875;27.06.2023;11:07:33;00:14:34;250,0;17,7;19,5;17,5;22,6;20,0;0,0;0,1;1,48E-1;-541,2;20,00;3,0;3,0;48,23;0,65;0,001;0,0;0,00;0,044
876;27.06.2023;11:07:34;00:14:35;250,0;17,7;19,5;17,5;22,7;20,0;0,0;0,1;1,47E-1;-541,2;20,00;3,0;3,0;48,23;0,65;0,002;0,0;0,01;0,044
877;27.06.2023;11:07:35;00:14:36;250,0;17,7;19,5;17,5;22,7;20,0;0,0;0,1;1,47E-1;-541,2;20,00;3,0;3,0;48,23;0,65;0,001;0,0;0,00;0,044
878;27.06.2023;11:07:36;00:14:37;250,0;17,7;19,5;17,5;22,7;20,0;0,0;0,1;1,47E-1;-541,2;20,00;3,0;3,0;48,23;0,65;0,001;0,0;0,01;0,043
879;27.06.2023;11:07:37;00:14:38;250,0;17,7;19,5;17,5;22,7;20,0;0,0;0,1;1,46E-1;-541,2;20,00;3,0;3,0;48,23;0,65;0,000;0,0;0,00;0,044
880;27.06.2023;11:07:38;00:14:39;250,0;17,7;19,5;17,5;22,7;20,0;0,0;0,1;1,46E-1;-541,2;20,00;3,0;3,0;48,23;0,65;0,000;0,0;0,00;0,044
881;27.06.2023;11:07:39;00:14:40;250,0;17,7;19,5;17,5;22,7;20,0;0,0;0,1;1,46E-1;-541,2;20,00;3,0;3,0;48,23;0,65;0,001;0,0;0,00;0,044
882;27.06.2023;11:07:40;00:14:41;250,0;17,7;19,5;17,5;22,7;20,0;0,0;0,1;1,45E-1;-541,2;20,00;3,0;3,0;48,23;0,65;0,001;0,0;0,01;0,044
883;27.06.2023;11:07:41;00:14:42;250,0;17,7;19,5;17,6;22,7;20,0;0,0;0,1;1,45E-1;-541,2;20,00;3,0;2,9;48,23;0,65;-0,001;0,0;0,00;0,044
884;27.06.2023;11:07:42;00:14:43;250,0;17,7;19,5;17,6;22,7;20,0;0,0;0,1;1,45E-1;-541,2;20,00;3,0;3,0;48,23;0,66;0,002;0,0;0,01;0,044
885;27.06.2023;11:07:43;00:14:44;250,0;17,7;19,5;17,6;22,7;20,0;0,0;0,1;1,44E-1;-541,2;20,00;3,0;3,0;48,23;0,65;0,001;0,0;0,00;0,044
886;27.06.2023;11:07:44;00:14:45;250,0;17,7;19,5;17,6;22,7;20,0;0,0;0,1;1,44E-1;-541,2;20,00;3,0;3,0;48,23;0,65;0,000;0,0;0,00;0,044
887;27.06.2023;11:07:45;00:14:46;250,0;17,7;19,5;17,6;22,7;20,0;0,0;0,1;1,44E-1;-541,2;20,00;3,0;3,0;48,23;0,65;-0,002;0,0;0,01;0,044
888;27.06.2023;11:07:46;00:14:47;250,0;17,7;19,5;17,5;22,6;20,0;0,0;0,1;1,43E-1;-541,2;20,00;3,0;3,0;48,23;0,65;0,001;0,0;0,01;0,044
889;27.06.2023;11:07:47;00:14:48;250,0;17,7;19,5;17,6;22,6;20,0;0,0;0,1;1,43E-1;-541,2;20,00;3,0;3,0;48,23;0,65;0,000;0,0;0,00;0,043
890;27.06.2023;11:07:48;00:14:49;250,0;17,7;19,5;17,6;22,6;20,0;0,0;0,1;1,43E-1;-541,2;20,00;3,0;2,9;48,23;0,65;-0,003;0,0;0,00;0,044
891;27.06.2023;11:07:49;00:14:50;250,0;17,7;19,5;17,6;22,6;20,0;0,0;0,1;1,42E-1;-541,2;20,00;3,0;3,0;48,23;0,65;-0,004;0,0;0,00;0,043
892;27.06.2023;11:07:50;00:14:51;250,0;17,7;19,5;17,6;22,6;20,0;0,0;0,1;1,42E-1;-541,2;20,00;3,0;3,0;48,23;0,65;-0,003;0,0;0,00;0,044
893;27.06.2023;11:07:51;00:14:52;250,0;17,7;19,5;17,6;22,6;20,0;0,0;0,1;1,42E-1;-541,2;20,00;3,0;3,0;48,23;0,65;-0,002;0,0;0,01;0,044
894;27.06.2023;11:07:52;00:14:53;250,0;17,7;19,5;17,6;22,6;20,0;0,0;0,1;1,42E-1;-541,2;20,00;3,0;3,0;48,23;0,66;-0,004;0,0;0,01;0,044
895;27.06.2023;11:07:53;00:14:54;250,0;17,7;19,5;17,6;22,6;20,0;0,0;0,1;1,41E-1;-541,2;20,00;3,0;3,0;48,23;0,65;0,002;0,0;0,00;0,044
896;27.06.2023;11:07:54;00:14:55;250,0;17,7;19,5;17,6;22,6;20,0;0,0;0,1;1,41E-1;-541,2;20,00;3,0;3,0;48,23;0,65;0,000;0,0;0,01;0,044
897;27.06.2023;11:07:55;00:14:56;250,0;17,7;19,5;17,6;22,6;20,0;0,0;0,1;1,41E-1;-541,2;20,00;3,0;3,0;48,23;0,65;0,001;0,0;0,01;0,044
898;27.06.2023;11:07:56;00:14:57;250,0;17,7;19,5;17,6;22,6;20,0;0,0;0,1;1,41E-1;-541,2;20,00;3,0;3,0;48,23;0,65;0,000;0,0;0,01;0,044
899;27.06.2023;11:07:57;00:14:58;250,0;17,7;19,5;17,6;22,6;20,0;0,0;0,1;1,40E-1;-541,2;20,00;3,0;2,9;48,23;0,65;0,001;0,0;0,01;0,044
900;27.06.2023;11:07:58;00:14:59;250,0;17,7;19,5;17,6;22,6;20,0;0,0;0,1;1,40E-1;-541,2;20,00;3,0;3,0;48,23;0,65;0,002;0,0;0,01;0,044
901;27.06.2023;11:07:59;00:15:00;250,0;17,7;19,5;17,6;22,6;20,0;0,0;0,1;1,40E-1;-541,2;20,00;3,0;3,0;48,23;0,65;0,001;0,0;0,01;0,044
902;27.06.2023;11:08:00;00:15:01;250,0;17,7;19,5;17,7;22,6;20,0;0,0;0,1;1,39E-1;-541,2;20,00;3,0;3,0;48,23;0,65;0,003;0,0;0,00;0,044
903;27.06.2023;11:08:01;00:15:02;250,0;17,7;19,5;17,7;22,6;20,0;0,0;0,1;1,39E-1;-541,2;20,00;3,0;3,0;48,23;0,66;0,000;0,0;0,00;0,044
904;27.06.2023;11:08:02;00:15:03;250,0;17,7;19,5;17,7;22,6;20,0;0,0;0,1;1,39E-1;-541,2;20,00;3,0;3,0;48,23;0,66;-0,001;0,0;0,01;0,044
905;27.06.2023;11:08:03;00:15:04;250,0;17,7;19,5;17,7;22,6;20,0;0,0;0,1;1,39E-1;-541,2;20,00;3,0;3,0;48,23;0,65;0,002;0,0;0,01;0,044
906;27.06.2023;11:08:04;00:15:05;250,0;17,7;19,5;17,7;22,6;20,0;0,0;0,1;1,38E-1;-541,2;20,00;3,0;3,0;48,23;0,65;0,000;0,0;0,00;0,044
907;27.06.2023;11:08:05;00:15:06;250,0;17,7;19,5;17,7;22,6;21,7;45,0;0,1;1,38E-1;-541,2;20,00;3,0;2,9;48,23;0,65;0,001;0,0;0,00;0,044
908;27.06.2023;11:08:06;00:15:07;250,0;17,7;19,4;17,7;22,6;22,8;45,0;0,1;1,38E-1;-541,2;20,00;3,0;3,0;48,24;0,66;0,006;2,3;6,32;0,419
909;27.06.2023;11:08:07;00:15:08;250,0;17,9;19,4;17,6;22,5;25,0;45,0;0,1;1,38E-1;-541,2;20,00;3,0;3,0;48,24;0,66;0,062;2,8;6,18;0,464
910;27.06.2023;11:08:08;00:15:09;250,1;17,9;19,4;17,6;22,6;27,3;45,0;0,1;1,39E-1;-541,2;20,00;3,0;3,0;48,24;0,66;0,064;2,9;6,12;0,482
911;27.06.2023;11:08:09;00:15:10;250,3;17,9;19,4;17,6;22,6;28,4;45,0;0,1;1,39E-1;-541,2;20,00;3,0;3,0;48,24;0,66;0,063;3,0;6,09;0,488
912;27.06.2023;11:08:10;00:15:11;250,1;21,1;19,4;17,6;22,8;30,8;45,0;0,1;1,39E-1;-541,2;20,00;3,0;3,0;48,24;0,66;0,053;3,0;6,10;0,502
913;27.06.2023;11:08:11;00:15:12;250,0;29,5;19,5;17,6;23,0;33,1;45,0;0,1;1,40E-1;-541,2;20,00;3,0;3,0;48,24;0,66;0,037;3,1;6,06;0,508
914;27.06.2023;11:08:12;00:15:13;250,1;29,5;19,5;17,6;23,0;34,2;45,0;0,1;1,40E-1;-541,2;20,00;3,0;3,0;48,24;0,66;0,034;3,1;6,08;0,513
915;27.06.2023;11:08:13;00:15:14;250,0;29,5;19,7;17,7;23,0;36,4;45,0;0,1;1,40E-1;-541,2;20,00;3,0;3,0;48,24;0,66;0,023;3,1;6,01;0,522
916;27.06.2023;11:08:14;00:15:15;250,0;44,0;19,7;17,7;23,3;38,7;45,0;0,1;1,41E-1;-541,2;20,00;3,0;3,0;48,24;0,66;0,014;3,2;5,97;0,527
917;27.06.2023;11:08:15;00:15:16;250,2;64,4;19,9;17,8;23,5;39,8;45,0;0,1;1,41E-1;-541,2;20,00;3,0;3,0;48,24;0,66;0,012;3,2;5,99;0,532
918;27.06.2023;11:08:16;00:15:17;250,2;64,4;20,3;17,8;23,5;42,2;45,0;0,1;1,41E-1;-541,2;20,00;3,0;3,0;48,24;0,66;0,011;3,2;5,96;0,541
919;27.06.2023;11:08:17;00:15:18;250,0;88,1;20,3;17,8;23,5;43,3;45,0;0,1;1,41E-1;-541,2;20,00;3,0;3,0;48,24;0,66;0,011;3,2;5,96;0,542
920;27.06.2023;11:08:18;00:15:19;250,0;88,1;20,7;17,8;23,6;45,6;45,0;0,1;1,41E-1;-541,2;20,00;3,0;3,0;48,24;0,66;0,009;3,2;5,97;0,550
921;27.06.2023;11:08:19;00:15:20;250,0;112,8;20,7;18,0;23,7;47,8;45,0;0,1;1,42E-1;-541,2;20,00;3,0;3,0;48,24;0,66;0,011;3,3;5,97;0,556
922;27.06.2023;11:08:20;00:15:21;250,1;112,8;20,7;18,0;23,7;48,9;45,0;0,1;1,42E-1;-541,2;20,00;3,0;3,0;48,24;0,66;0,009;3,3;5,95;0,557
923;27.06.2023;11:08:21;00:15:22;250,1;137,2;21,2;18,1;23,7;51,2;45,0;0,1;1,42E-1;-541,2;20,00;3,0;3,0;48,24;0,66;0,001;3,3;5,91;0,562
924;27.06.2023;11:08:22;00:15:23;250,1;137,2;21,7;18,2;23,7;53,6;45,0;0,1;1,42E-1;-541,1;20,00;3,0;3,0;48,24;0,66;0,003;3,4;5,94;0,567
925;27.06.2023;11:08:23;00:15:24;250,1;160,9;21,7;18,2;23,8;54,7;45,0;0,1;1,42E-1;-541,2;20,00;3,0;2,9;48,24;0,66;0,009;3,3;5,92;0,567
926;27.06.2023;11:08:24;00:15:25;250,0;160,9;21,7;18,2;23,8;57,0;45,0;0,1;1,42E-1;-541,2;20,00;3,0;3,0;48,24;0,67;0,034;3,4;5,92;0,569
927;27.06.2023;11:08:25;00:15:26;250,0;183,7;22,2;18,4;23,8;59,2;45,0;0,1;1,42E-1;-541,2;20,00;3,0;3,0;48,25;0,67;0,076;3,4;5,90;0,574
928;27.06.2023;11:08:26;00:15:27;250,0;183,7;22,1;18,4;23,8;60,3;45,0;0,1;1,42E-1;-541,2;20,00;3,0;3,0;48,25;0,68;0,103;3,4;5,92;0,576
929;27.06.2023;11:08:27;00:15:28;250,0;206,8;22,7;18,4;23,8;62,6;45,0;0,1;1,42E-1;-541,2;20,00;3,0;3,0;48,26;0,68;0,154;3,4;5,87;0,578
930;27.06.2023;11:08:28;00:15:29;250,2;206,8;23,2;18,6;23,8;65,0;45,0;0,1;1,42E-1;-541,2;20,00;3,0;3,0;48,27;0,69;0,211;3,4;5,86;0,582
931;27.06.2023;11:08:29;00:15:30;250,0;206,8;23,2;18,6;23,8;66,1;45,0;0,1;1,42E-1;-541,2;20,00;3,0;3,0;48,27;0,69;0,238;3,4;5,90;0,584
932;27.06.2023;11:08:30;00:15:31;250,1;229,1;23,2;18,6;23,8;68,3;45,0;0,1;1,42E-1;-541,2;20,00;3,0;3,0;48,28;0,70;0,265;3,5;5,88;0,586
933;27.06.2023;11:08:31;00:15:32;250,1;229,1;23,9;18,8;23,8;69,5;45,0;0,1;1,42E-1;-541,2;20,00;3,0;2,9;48,28;0,70;0,281;3,5;5,89;0,586
934;27.06.2023;11:08:32;00:15:33;250,2;250,5;23,9;18,8;23,9;71,7;45,0;0,1;1,42E-1;-541,2;20,00;3,0;3,0;48,29;0,72;0,350;3,5;5,93;0,589
935;27.06.2023;11:08:33;00:15:34;250,1;271,0;24,5;19,0;23,9;73,9;45,0;0,1;1,42E-1;-541,2;20,00;3,0;3,0;48,31;0,73;0,429;3,5;5,91;0,591
936;27.06.2023;11:08:34;00:15:35;250,0;271,0;24,5;19,0;23,8;75,1;45,0;0,1;1,41E-1;-541,2;20,00;3,0;3,0;48,32;0,74;0,483;3,5;5,87;0,591
937;27.06.2023;11:08:35;00:15:36;250,3;289,6;25,0;19,1;23,9;77,5;45,0;0,1;1,41E-1;-541,2;20,00;3,0;3,0;48,34;0,76;0,597;3,5;5,87;0,596
938;27.06.2023;11:08:36;00:15:37;250,3;289,6;25,6;19,1;23,9;79,7;45,0;0,1;1,41E-1;-541,2;20,00;3,0;3,0;48,36;0,78;0,729;3,5;5,87;0,596
939;27.06.2023;11:08:37;00:15:38;250,1;307,6;25,6;19,3;23,9;80,9;45,0;0,1;1,41E-1;-541,2;20,00;3,0;3,0;48,37;0,79;0,804;3,5;5,84;0,600
940;27.06.2023;11:08:38;00:15:39;250,0;307,6;26,1;19,3;23,9;300,7;44,4;0,1;1,41E-1;-541,2;20,00;3,0;3,0;48,40;0,82;0,960;3,5;5,88;0,601
941;27.06.2023;11:08:39;00:15:40;250,1;325,2;26,1;19,5;23,9;302,4;43,0;0,1;1,41E-1;-541,2;20,00;3,0;3,0;48,43;0,85;1,106;3,5;5,80;0,593
942;27.06.2023;11:08:40;00:15:41;250,2;325,2;26,1;19,5;23,9;303,3;43,0;0,1;1,41E-1;-541,2;20,00;3,0;3,0;48,44;0,87;1,187;3,4;5,75;0,586
943;27.06.2023;11:08:41;00:15:42;250,1;342,4;26,6;19,7;24,0;305,1;41,6;0,1;1,40E-1;-541,2;20,00;3,0;2,9;48,49;0,91;1,385;3,3;5,72;0,576
944;27.06.2023;11:08:42;00:15:43;250,0;342,4;27,1;19,8;24,0;306,8;41,7;0,1;1,40E-1;-541,2;20,00;3,0;3,0;48,53;0,95;1,538;3,3;5,68;0,576
945;27.06.2023;11:08:43;00:15:44;250,0;359,1;27,1;19,8;24,0;307,6;41,0;0,1;1,40E-1;-541,2;20,00;3,0;3,0;48,55;0,97;1,622;3,3;5,66;0,576
946;27.06.2023;11:08:44;00:15:45;250,3;359,1;27,1;19,8;24,0;309,3;40,4;0,1;1,40E-1;-541,2;20,00;3,0;3,0;48,60;1,02;1,772;3,2;5,63;0,567
947;27.06.2023;11:08:45;00:15:46;250,0;375,2;27,6;20,0;24,1;310,2;39,2;0,1;1,40E-1;-541,2;20,00;3,0;3,0;48,62;1,04;1,868;3,2;5,60;0,567
948;27.06.2023;11:08:46;00:15:47;250,2;375,2;27,6;20,0;24,1;311,9;39,1;0,1;1,40E-1;-541,2;20,00;3,0;3,0;48,67;1,09;2,031;3,1;5,55;0,557
949;27.06.2023;11:08:47;00:15:48;250,0;391,7;28,2;20,2;24,1;313,7;37,8;0,1;1,40E-1;-541,2;20,00;3,0;3,0;48,72;1,14;2,155;3,1;5,52;0,556
950;27.06.2023;11:08:48;00:15:49;250,1;391,7;28,2;20,2;24,1;314,6;37,8;0,1;1,40E-1;-541,2;20,00;3,0;3,0;48,74;1,17;2,213;3,0;5,45;0,546
951;27.06.2023;11:08:49;00:15:50;250,0;391,7;28,6;20,4;24,1;316,3;37,9;0,1;1,39E-1;-541,2;20,00;3,0;3,0;48,80;1,22;2,292;3,0;5,45;0,546
952;27.06.2023;11:08:50;00:15:51;250,2;407,4;28,6;20,4;24,1;318,0;36,6;0,1;1,39E-1;-541,2;20,00;3,0;2,9;48,85;1,27;2,409;2,9;5,42;0,534
953;27.06.2023;11:08:51;00:15:52;250,3;422,1;29,1;20,6;24,1;318,8;36,6;0,1;1,39E-1;-541,2;20,00;3,0;3,0;48,88;1,30;2,464;2,9;5,40;0,535
954;27.06.2023;11:08:52;00:15:53;250,3;422,1;29,1;20,6;24,1;320,5;35,4;0,1;1,39E-1;-541,2;20,00;3,0;3,0;48,93;1,35;2,531;2,8;5,29;0,527
955;27.06.2023;11:08:53;00:15:54;250,0;436,3;29,6;20,9;24,2;322,4;34,8;0,1;1,39E-1;-541,2;20,00;3,0;3,0;48,99;1,41;2,591;2,8;5,34;0,527
956;27.06.2023;11:08:54;00:15:55;250,0;436,3;29,6;20,9;24,2;323,2;34,2;0,1;1,38E-1;-541,2;20,00;3,0;3,0;49,02;1,43;2,604;2,7;5,29;0,518
957;27.06.2023;11:08:55;00:15:56;250,0;448,6;30,0;21,1;24,2;324,9;33,3;0,1;1,38E-1;-541,2;20,00;3,0;3,0;49,07;1,49;2,624;2,7;5,26;0,513
958;27.06.2023;11:08:56;00:15:57;250,0;448,6;30,0;21,1;24,2;325,8;33,2;0,1;1,38E-1;-541,2;20,00;3,0;2,9;49,10;1,51;2,634;2,6;5,20;0,507
959;27.06.2023;11:08:57;00:15:58;250,0;448,6;30,4;21,3;24,2;327,5;33,2;0,1;1,38E-1;-541,2;20,00;3,0;3,0;49,15;1,57;2,635;2,6;5,20;0,503
960;27.06.2023;11:08:58;00:15:59;250,2;460,0;30,4;21,3;24,2;329,2;32,2;0,1;1,37E-1;-541,2;20,00;3,0;3,0;49,20;1,62;2,634;2,6;5,15;0,499
961;27.06.2023;11:08:59;00:16:00;250,0;470,6;30,7;21,5;24,2;330,2;32,2;0,1;1,37E-1;-541,2;20,00;3,0;3,0;49,23;1,64;2,619;2,6;5,16;0,498
962;27.06.2023;11:09:00;00:16:01;250,1;470,6;30,7;21,5;24,3;331,9;31,3;0,1;1,37E-1;-541,2;20,00;3,0;3,0;49,27;1,70;2,573;2,5;5,09;0,489
963;27.06.2023;11:09:01;00:16:02;250,1;480,0;31,0;21,6;24,3;333,6;30,5;0,1;1,36E-1;-541,2;20,00;3,0;3,0;49,33;1,75;2,546;2,4;5,02;0,484
964;27.06.2023;11:09:02;00:16:03;250,0;480,0;31,3;21,6;24,3;334,4;30,5;0,1;1,36E-1;-541,2;20,00;3,0;3,0;49,35;1,77;2,550;2,4;5,04;0,479
965;27.06.2023;11:09:03;00:16:04;250,1;488,7;31,3;21,8;24,3;336,1;30,0;0,1;1,36E-1;-541,2;20,00;3,0;2,9;49,40;1,82;2,517;2,4;5,04;0,484
966;27.06.2023;11:09:04;00:16:05;250,1;488,7;31,5;21,8;24,3;337,8;29,8;0,1;1,35E-1;-541,2;20,00;3,0;2,9;49,45;1,86;2,466;2,4;4,97;0,474
967;27.06.2023;11:09:05;00:16:06;250,1;496,6;31,5;22,0;24,3;338,8;29,1;0,1;1,35E-1;-541,2;20,00;3,0;3,0;49,47;1,89;2,440;2,4;4,98;0,471
968;27.06.2023;11:09:06;00:16:07;250,1;496,5;31,4;22,0;24,3;340,5;29,1;0,1;1,35E-1;-541,2;20,00;3,0;3,0;49,52;1,94;2,364;2,3;4,95;0,469
969;27.06.2023;11:09:07;00:16:08;250,0;504,1;31,7;22,1;24,3;342,2;28,5;0,1;1,34E-1;-541,2;20,00;3,0;3,0;49,56;1,98;2,316;2,3;4,91;0,467
970;27.06.2023;11:09:08;00:16:09;250,1;504,1;31,7;22,1;24,3;343,1;28,5;0,1;1,34E-1;-541,2;20,00;3,0;3,0;49,58;2,00;2,280;2,3;4,93;0,460
971;27.06.2023;11:09:09;00:16:10;250,0;504,1;31,9;22,3;24,3;344,8;28,5;0,1;1,34E-1;-541,2;20,00;3,0;3,0;49,62;2,04;2,212;2,3;4,92;0,464
972;27.06.2023;11:09:10;00:16:11;250,1;511,0;31,9;22,3;24,3;345,6;27,9;0,1;1,33E-1;-541,2;20,00;3,0;3,0;49,64;2,06;2,182;2,3;4,90;0,459
973;27.06.2023;11:09:11;00:16:12;250,1;517,3;32,1;22,5;24,3;347,5;27,4;0,1;1,33E-1;-541,2;20,00;3,0;3,0;49,68;2,10;2,130;2,2;4,85;0,458
974;27.06.2023;11:09:12;00:16:13;250,1;517,3;32,2;22,5;24,3;349,2;27,3;0,1;1,32E-1;-541,2;20,00;3,0;3,0;49,72;2,14;2,056;2,2;4,80;0,449
975;27.06.2023;11:09:13;00:16:14;250,0;517,3;32,2;22,7;24,3;350,0;27,3;0,1;1,32E-1;-541,2;20,00;3,0;3,0;49,74;2,16;2,025;2,2;4,85;0,449
976;27.06.2023;11:09:14;00:16:15;250,0;523,0;32,2;22,7;24,3;351,7;26,8;0,1;1,32E-1;-541,2;20,00;3,0;3,0;49,77;2,20;1,968;2,2;4,81;0,449
977;27.06.2023;11:09:15;00:16:16;250,1;527,7;32,4;22,9;24,4;353,4;26,4;0,1;1,31E-1;-541,2;20,00;3,0;3,0;49,81;2,23;1,914;2,2;4,80;0,449
978;27.06.2023;11:09:16;00:16:17;250,1;527,7;32,4;22,9;24,4;354,3;26,4;0,1;1,31E-1;-541,2;20,00;3,0;3,0;49,82;2,25;1,888;2,1;4,79;0,444
979;27.06.2023;11:09:17;00:16:18;250,1;532,0;32,5;23,0;24,4;356,1;26,0;0,1;1,31E-1;-541,2;20,00;3,0;3,0;49,86;2,28;1,821;2,1;4,73;0,440
980;27.06.2023;11:09:18;00:16:19;250,2;532,0;32,6;23,0;24,4;357,8;26,0;0,1;1,30E-1;-541,2;20,00;3,0;3,0;49,90;2,32;1,761;2,1;4,76;0,440
981;27.06.2023;11:09:19;00:16:20;250,3;535,9;32,6;23,2;24,5;358,6;25,8;0,1;1,30E-1;-541,2;20,00;3,0;3,0;49,91;2,33;1,739;2,1;4,76;0,440
982;27.06.2023;11:09:20;00:16:21;250,0;535,9;32,6;23,2;24,5;360,3;25,6;0,1;1,30E-1;-541,2;20,00;3,0;3,0;49,94;2,36;1,698;2,0;4,74;0,435
983;27.06.2023;11:09:21;00:16:22;250,3;539,5;32,7;23,4;24,5;362,0;25,3;0,1;1,30E-1;-541,2;20,00;3,0;3,0;49,97;2,39;1,651;2,1;4,71;0,434
984;27.06.2023;11:09:22;00:16:23;250,0;539,5;32,8;23,5;24,5;362,9;25,3;0,1;1,29E-1;-541,2;20,00;3,0;3,0;49,99;2,41;1,620;2,0;4,74;0,433
985;27.06.2023;11:09:23;00:16:24;250,1;542,7;32,8;23,5;24,5;364,7;25,0;0,1;1,29E-1;-541,2;20,00;3,0;3,0;50,02;2,44;1,548;2,0;4,71;0,430
986;27.06.2023;11:09:24;00:16:25;250,0;542,7;32,8;23,5;24,5;365,6;25,0;0,1;1,29E-1;-541,2;20,00;3,0;3,0;50,03;2,45;1,516;2,0;4,67;0,430
987;27.06.2023;11:09:25;00:16:26;250,1;545,6;32,8;23,6;24,5;367,3;24,7;0,1;1,28E-1;-541,2;20,00;3,0;3,0;50,06;2,48;1,464;2,0;4,67;0,429
988;27.06.2023;11:09:26;00:16:27;250,3;545,5;32,8;23,6;24,5;369,0;24,7;0,1;1,28E-1;-541,2;20,00;3,0;3,0;50,08;2,50;1,435;2,0;4,68;0,429
989;27.06.2023;11:09:27;00:16:28;250,1;545,5;32,8;23,7;24,5;369,8;24,7;0,1;1,28E-1;-541,2;20,00;3,0;3,0;50,10;2,52;1,415;2,0;4,67;0,426
990;27.06.2023;11:09:28;00:16:29;250,1;548,3;32,8;23,7;24,4;371,5;24,5;0,1;1,27E-1;-541,2;20,00;3,0;3,0;50,12;2,54;1,370;2,0;4,66;0,422
991;27.06.2023;11:09:29;00:16:30;250,1;550,8;32,9;23,9;24,4;373,4;24,5;0,1;1,27E-1;-541,2;20,00;3,0;3,0;50,15;2,57;1,327;2,0;4,71;0,425
992;27.06.2023;11:09:30;00:16:31;250,1;550,8;32,9;23,9;24,5;374,2;24,3;0,1;1,27E-1;-541,2;20,00;3,0;3,0;50,16;2,58;1,308;2,0;4,66;0,421
993;27.06.2023;11:09:31;00:16:32;250,3;553,1;32,9;24,0;24,5;375,9;24,1;0,1;1,26E-1;-541,2;20,00;3,0;3,0;50,18;2,61;1,264;1,9;4,62;0,421
994;27.06.2023;11:09:32;00:16:33;250,3;553,1;32,9;24,0;24,5;377,6;24,0;0,1;1,26E-1;-541,2;20,00;3,0;3,0;50,21;2,63;1,227;1,9;4,61;0,420
995;27.06.2023;11:09:33;00:16:34;250,2;553,1;32,9;24,2;24,5;378,5;24,0;0,1;1,26E-1;-541,2;20,00;3,0;3,0;50,21;2,64;1,211;1,9;4,60;0,420
996;27.06.2023;11:09:34;00:16:35;250,0;555,2;32,9;24,2;24,5;380,2;23,8;0,1;1,25E-1;-541,2;20,00;3,0;3,0;50,24;2,66;1,180;1,9;4,56;0,419
997;27.06.2023;11:09:35;00:16:36;250,0;555,2;33,0;24,2;24,5;381,0;23,8;0,1;1,25E-1;-541,2;20,00;3,0;3,0;50,24;2,67;1,168;1,9;4,65;0,419
998;27.06.2023;11:09:36;00:16:37;250,1;557,0;33,0;24,3;24,5;382,9;23,7;0,1;1,25E-1;-541,2;20,00;3,0;3,0;50,27;2,69;1,119;1,9;4,62;0,415
999;27.06.2023;11:09:37;00:16:38;250,2;558,6;33,0;24,4;24,5;384,6;23,5;0,1;1,24E-1;-541,2;20,00;3,0;3,0;50,29;2,71;1,083;1,9;4,55;0,414
1000;27.06.2023;11:09:38;00:16:39;250,1;558,6;33,0;24,4;24,5;385,4;23,5;0,1;1,24E-1;-541,2;20,00;3,0;3,0;50,30;2,72;1,071;1,9;4,57;0,415
1001;27.06.2023;11:09:39;00:16:40;250,1;560,1;33,0;24,6;24,5;387,1;23,5;0,1;1,24E-1;-541,2;20,00;3,0;3,0;50,32;2,74;1,046;1,9;4,60;0,413
1002;27.06.2023;11:09:40;00:16:41;250,1;560,1;33,0;24,6;24,5;388,8;23,4;0,1;1,23E-1;-541,2;20,00;3,0;3,0;50,34;2,76;1,010;1,9;4,57;0,412
1003;27.06.2023;11:09:41;00:16:42;250,1;560,1;33,0;24,7;24,5;389,7;23,4;0,1;1,23E-1;-541,2;20,00;3,0;3,0;50,35;2,77;0,998;1,9;4,57;0,414
1004;27.06.2023;11:09:42;00:16:43;250,0;561,4;33,0;24,7;24,5;391,5;23,3;0,1;1,23E-1;-541,2;20,00;3,0;3,0;50,37;2,79;0,974;1,9;4,62;0,410
1005;27.06.2023;11:09:43;00:16:44;250,1;562,7;33,0;24,8;24,6;393,2;23,2;0,1;1,22E-1;-541,2;20,00;3,0;3,0;50,38;2,81;0,944;1,9;4,57;0,410
1006;27.06.2023;11:09:44;00:16:45;250,0;562,7;33,0;24,8;24,6;394,1;23,2;0,1;1,22E-1;-541,2;20,00;3,0;3,1;50,39;2,81;0,925;1,9;4,59;0,410
1007;27.06.2023;11:09:45;00:16:46;250,0;563,8;33,0;24,9;24,6;395,8;23,1;0,1;1,22E-1;-541,2;20,00;3,0;3,0;50,41;2,83;0,890;1,9;4,56;0,410
1008;27.06.2023;11:09:46;00:16:47;250,0;563,8;33,0;24,9;24,6;397,5;23,1;0,1;1,22E-1;-541,2;20,00;3,0;3,0;50,42;2,85;0,861;1,9;4,54;0,408
1009;27.06.2023;11:09:47;00:16:48;250,0;564,8;33,0;25,0;24,6;398,3;23,1;0,1;1,21E-1;-541,2;20,00;3,0;3,0;50,43;2,86;0,854;1,9;4,58;0,410
1010;27.06.2023;11:09:48;00:16:49;250,3;564,8;33,0;25,0;24,5;400,2;23,0;0,1;1,21E-1;-541,2;20,00;3,0;3,0;50,45;2,87;0,851;1,9;4,53;0,410
1011;27.06.2023;11:09:49;00:16:50;250,0;564,8;33,0;25,0;24,5;401,0;23,0;0,1;1,21E-1;-541,2;20,00;3,0;3,0;50,46;2,88;0,845;1,9;4,58;0,410
1012;27.06.2023;11:09:50;00:16:51;250,0;565,8;33,0;25,1;24,6;402,7;22,9;0,1;1,20E-1;-541,2;20,00;3,0;3,0;50,47;2,90;0,815;1,9;4,57;0,407
1013;27.06.2023;11:09:51;00:16:52;250,1;566,6;33,0;25,2;24,6;404,4;22,8;0,1;1,20E-1;-541,2;20,00;3,0;3,0;50,49;2,91;0,789;1,8;4,50;0,408
1014;27.06.2023;11:09:52;00:16:53;250,0;566,6;33,0;25,2;24,6;405,3;22,8;0,1;1,20E-1;-541,2;20,00;3,0;2,9;50,49;2,92;0,778;1,9;4,53;0,406
1015;27.06.2023;11:09:53;00:16:54;250,2;566,6;33,0;25,2;24,6;407,0;22,8;0,1;1,20E-1;-541,2;20,00;3,0;3,0;50,51;2,93;0,752;1,9;4,57;0,410
1016;27.06.2023;11:09:54;00:16:55;250,1;567,4;33,0;25,3;24,7;408,8;22,8;0,1;1,19E-1;-541,2;20,00;3,0;3,0;50,52;2,95;0,743;1,8;4,49;0,405
1017;27.06.2023;11:09:55;00:16:56;250,1;568,0;33,1;25,4;24,7;409,6;22,8;0,1;1,19E-1;-541,2;20,00;3,0;3,0;50,53;2,95;0,727;1,8;4,54;0,407
1018;27.06.2023;11:09:56;00:16:57;250,0;568,0;33,1;25,4;24,7;411,3;22,7;0,1;1,19E-1;-541,2;20,00;3,0;3,0;50,55;2,97;0,711;1,8;4,48;0,405
1019;27.06.2023;11:09:57;00:16:58;250,1;568,6;33,1;25,5;24,7;413,0;22,8;0,1;1,19E-1;-541,2;20,00;3,0;3,0;50,56;2,98;0,699;1,8;4,56;0,406
1020;27.06.2023;11:09:58;00:16:59;250,0;568,6;33,1;25,5;24,7;413,9;22,7;0,1;1,18E-1;-541,2;20,00;3,0;3,0;50,56;2,99;0,689;1,8;4,50;0,405
1021;27.06.2023;11:09:59;00:17:00;250,0;569,1;33,1;25,6;24,7;415,6;22,7;0,1;1,18E-1;-541,2;20,00;3,0;3,0;50,58;3,00;0,674;1,8;4,54;0,405
1022;27.06.2023;11:10:00;00:17:01;250,0;569,1;33,1;25,7;24,7;417,4;22,7;0,1;1,18E-1;-541,2;20,00;3,0;3,0;50,59;3,01;0,652;1,8;4,55;0,405
1023;27.06.2023;11:10:01;00:17:02;250,2;569,6;33,1;25,7;24,7;418,3;22,7;0,1;1,18E-1;-541,2;20,00;3,0;3,0;50,59;3,02;0,641;1,8;4,52;0,405
1024;27.06.2023;11:10:02;00:17:03;250,0;569,6;33,1;25,7;24,7;420,0;22,7;0,1;1,17E-1;-541,2;20,00;3,0;3,0;50,61;3,03;0,620;1,8;4,54;0,405
1025;27.06.2023;11:10:03;00:17:04;250,1;569,6;33,1;25,8;24,7;420,8;22,7;0,1;1,17E-1;-541,2;20,00;3,0;3,0;50,61;3,03;0,611;1,8;4,51;0,406
1026;27.06.2023;11:10:04;00:17:05;250,1;570,0;33,1;25,8;24,7;422,5;22,7;0,1;1,17E-1;-541,2;20,00;3,0;3,0;50,62;3,04;0,584;1,8;4,55;0,405
1027;27.06.2023;11:10:05;00:17:06;250,3;570,4;33,1;25,8;24,7;424,2;22,7;0,1;1,17E-1;-541,2;20,00;3,0;3,0;50,63;3,05;0,573;1,8;4,53;0,405
1028;27.06.2023;11:10:06;00:17:07;250,0;570,4;33,0;25,8;24,7;425,2;22,7;0,1;1,17E-1;-541,2;20,00;3,0;3,0;50,64;3,06;0,571;1,8;4,53;0,405
1029;27.06.2023;11:10:07;00:17:08;250,3;570,8;33,0;25,9;24,7;426,9;22,7;0,1;1,16E-1;-541,2;20,00;3,0;3,0;50,65;3,07;0,568;1,8;4,52;0,405
1030;27.06.2023;11:10:08;00:17:09;250,1;570,8;33,0;25,9;24,7;428,6;22,7;0,1;1,16E-1;-541,2;20,00;3,0;3,0;50,66;3,08;0,561;1,8;4,55;0,405
1031;27.06.2023;11:10:09;00:17:10;250,0;570,8;33,0;25,9;24,7;429,5;22,7;0,1;1,16E-1;-541,2;20,00;3,0;3,0;50,67;3,09;0,553;1,9;4,54;0,405
1032;27.06.2023;11:10:10;00:17:11;250,0;571,1;33,0;25,9;24,7;431,2;22,7;0,1;1,16E-1;-541,2;20,00;3,0;3,1;50,68;3,10;0,553;1,8;4,55;0,405
1033;27.06.2023;11:10:11;00:17:12;250,3;571,5;33,0;26,0;24,7;432,9;22,7;0,1;1,15E-1;-541,2;20,00;3,0;3,0;50,68;3,11;0,535;1,8;4,50;0,405
1034;27.06.2023;11:10:12;00:17:13;250,2;571,5;33,0;26,0;24,7;433,9;22,7;0,1;1,15E-1;-541,2;20,00;3,0;3,0;50,69;3,12;0,525;1,8;4,51;0,405
1035;27.06.2023;11:10:13;00:17:14;250,0;571,5;33,0;26,1;24,7;435,6;22,7;0,1;1,15E-1;-541,2;20,00;3,0;3,0;50,70;3,12;0,516;1,9;4,52;0,405
1036;27.06.2023;11:10:14;00:17:15;250,2;571,8;33,0;26,1;24,8;436,4;22,7;0,1;1,15E-1;-541,2;20,00;3,0;3,0;50,71;3,13;0,506;1,8;4,56;0,405
1037;27.06.2023;11:10:15;00:17:16;250,1;572,1;33,0;26,2;24,8;438,1;22,7;0,1;1,15E-1;-541,2;20,00;3,0;3,0;50,72;3,14;0,512;1,8;4,53;0,406
1038;27.06.2023;11:10:16;00:17:17;250,2;572,1;33,0;26,2;24,8;439,8;22,8;0,1;1,14E-1;-541,2;20,00;3,0;2,9;50,72;3,15;0,504;1,8;4,52;0,408
1039;27.06.2023;11:10:17;00:17:18;250,1;572,3;33,0;26,2;24,8;440,7;22,8;0,1;1,14E-1;-541,2;20,00;3,0;3,0;50,73;3,15;0,496;1,8;4,56;0,408
1040;27.06.2023;11:10:18;00:17:19;250,0;572,3;33,0;26,2;24,9;442,5;22,8;0,1;1,14E-1;-541,2;20,00;3,0;3,0;50,74;3,16;0,483;1,9;4,55;0,408
1041;27.06.2023;11:10:19;00:17:20;250,1;572,6;33,0;26,3;24,9;444,2;22,8;0,1;1,14E-1;-541,2;20,00;3,0;3,0;50,75;3,17;0,478;1,8;4,51;0,407
1042;27.06.2023;11:10:20;00:17:21;250,0;572,6;33,0;26,3;24,9;445,1;22,8;0,1;1,14E-1;-541,2;20,00;3,0;3,0;50,75;3,18;0,468;1,8;4,49;0,408
1043;27.06.2023;11:10:21;00:17:22;250,0;572,8;33,0;26,4;24,9;446,8;22,8;0,1;1,14E-1;-541,2;20,00;3,0;3,0;50,76;3,19;0,460;1,9;4,54;0,410
1044;27.06.2023;11:10:22;00:17:23;250,2;572,8;33,1;26,5;24,9;448,5;22,9;0,1;1,13E-1;-541,2;20,00;3,0;3,0;50,77;3,19;0,445;1,9;4,56;0,410
1045;27.06.2023;11:10:23;00:17:24;250,2;573,0;33,1;26,5;24,9;449,3;22,9;0,1;1,13E-1;-541,2;20,00;3,0;3,0;50,78;3,20;0,439;1,9;4,57;0,410
1046;27.06.2023;11:10:24;00:17:25;250,0;573,0;33,1;26,5;24,9;451,2;22,9;0,1;1,13E-1;-541,2;20,00;3,0;3,0;50,79;3,21;0,449;1,9;4,56;0,410
1047;27.06.2023;11:10:25;00:17:26;250,1;573,3;33,1;26,5;24,9;452,9;22,9;0,1;1,13E-1;-541,2;20,00;3,0;3,0;50,79;3,21;0,442;1,9;4,54;0,409
1048;27.06.2023;11:10:26;00:17:27;250,0;573,3;32,9;26,5;24,9;453,7;23,0;0,1;1,13E-1;-541,2;20,00;3,0;3,0;50,80;3,22;0,433;1,9;4,57;0,410
1049;27.06.2023;11:10:27;00:17:28;250,0;573,2;32,9;26,5;24,8;455,4;23,0;0,1;1,13E-1;-541,2;20,00;3,0;3,0;50,80;3,22;0,424;1,9;4,55;0,410
1050;27.06.2023;11:10:28;00:17:29;250,2;573,5;32,9;26,5;24,8;456,3;23,0;0,1;1,12E-1;-541,2;20,00;3,0;3,0;50,81;3,23;0,414;1,9;4,58;0,410
1051;27.06.2023;11:10:29;00:17:30;250,0;573,5;32,9;26,5;24,8;458,0;23,1;0,1;1,12E-1;-541,2;20,00;3,0;3,0;50,82;3,24;0,414;1,9;4,57;0,410
1052;27.06.2023;11:10:30;00:17:31;250,1;573,7;32,9;26,5;24,9;459,8;23,1;0,1;1,12E-1;-541,2;20,00;3,0;3,0;50,83;3,25;0,413;1,9;4,53;0,410
1053;27.06.2023;11:10:31;00:17:32;250,0;573,7;33,0;26,6;24,9;460,6;23,1;0,1;1,12E-1;-541,2;20,00;3,0;3,0;50,83;3,25;0,410;1,9;4,58;0,410
1054;27.06.2023;11:10:32;00:17:33;250,0;574,0;33,0;26,6;24,9;462,3;23,1;0,1;1,12E-1;-541,2;20,00;3,0;3,0;50,84;3,26;0,413;1,9;4,57;0,410
1055;27.06.2023;11:10:33;00:17:34;250,1;574,0;33,0;26,7;24,9;464,0;23,2;0,1;1,12E-1;-541,2;20,00;3,0;3,0;50,85;3,27;0,411;1,9;4,58;0,412
1056;27.06.2023;11:10:34;00:17:35;250,1;574,4;33,0;26,7;25,0;464,9;23,2;0,1;1,12E-1;-541,2;20,00;3,0;3,0;50,85;3,27;0,410;1,9;4,55;0,411
1057;27.06.2023;11:10:35;00:17:36;250,0;574,7;33,0;26,7;25,0;466,6;23,2;0,1;1,11E-1;-541,2;20,00;3,0;3,0;50,86;3,28;0,400;1,9;4,55;0,411
1058;27.06.2023;11:10:36;00:17:37;250,1;574,7;33,0;26,7;25,0;468,4;23,3;0,1;1,11E-1;-541,2;20,00;3,0;3,0;50,86;3,29;0,399;1,9;4,57;0,412
1059;27.06.2023;11:10:37;00:17:38;250,2;574,7;33,0;26,8;25,0;469,3;23,3;0,1;1,11E-1;-541,2;20,00;3,0;3,0;50,87;3,29;0,396;1,9;4,55;0,415
1060;27.06.2023;11:10:38;00:17:39;250,2;575,0;33,0;26,8;24,9;471,0;23,3;0,1;1,11E-1;-541,2;20,00;3,0;2,9;50,88;3,30;0,387;1,9;4,54;0,415
1061;27.06.2023;11:10:39;00:17:40;250,1;575,0;33,0;26,8;24,9;471,8;23,4;0,1;1,11E-1;-541,2;20,00;3,0;3,0;50,88;3,30;0,381;1,9;4,54;0,413
1062;27.06.2023;11:10:40;00:17:41;250,1;575,3;33,0;26,9;25,0;473,5;23,4;0,1;1,11E-1;-541,2;20,00;3,0;3,0;50,89;3,31;0,367;1,9;4,60;0,415
1063;27.06.2023;11:10:41;00:17:42;250,0;575,6;33,1;26,9;25,0;475,2;23,4;0,1;1,10E-1;-541,2;20,00;3,0;3,0;50,90;3,32;0,372;1,9;4,56;0,415
1064;27.06.2023;11:10:42;00:17:43;250,1;575,6;33,1;26,9;25,0;476,1;23,5;0,1;1,10E-1;-541,2;20,00;3,0;3,0;50,90;3,32;0,373;1,9;4,60;0,415
1065;27.06.2023;11:10:43;00:17:44;250,1;576,0;33,1;27,0;25,0;477,9;23,5;0,1;1,10E-1;-541,2;20,00;3,0;3,0;50,91;3,33;0,366;1,9;4,61;0,415
1066;27.06.2023;11:10:44;00:17:45;250,1;576,0;33,1;27,0;25,0;479,6;23,6;0,1;1,10E-1;-541,2;20,00;3,0;3,0;50,91;3,33;0,374;1,9;4,56;0,415
1067;27.06.2023;11:10:45;00:17:46;250,1;576,3;33,1;27,0;25,0;480,5;23,6;0,1;1,10E-1;-541,2;20,00;3,0;3,0;50,92;3,34;0,368;1,9;4,57;0,415
1068;27.06.2023;11:10:46;00:17:47;250,2;576,3;33,1;27,0;25,0;482,2;23,6;0,1;1,10E-1;-541,2;20,00;3,0;3,0;50,93;3,35;0,374;1,9;4,61;0,415
1069;27.06.2023;11:10:47;00:17:48;250,1;576,7;33,1;27,1;25,0;483,9;23,7;0,1;1,10E-1;-541,2;20,00;3,0;3,0;50,93;3,36;0,380;1,9;4,55;0,416
1070;27.06.2023;11:10:48;00:17:49;250,1;576,7;33,1;27,1;25,0;484,9;23,7;0,1;1,10E-1;-541,2;20,00;3,0;3,0;50,94;3,36;0,380;1,9;4,60;0,417
1071;27.06.2023;11:10:49;00:17:50;250,1;576,7;33,1;27,1;25,0;486,6;23,8;0,1;1,09E-1;-541,2;20,00;3,0;3,0;50,95;3,37;0,387;1,9;4,59;0,416
1072;27.06.2023;11:10:50;00:17:51;250,3;577,1;33,1;27,1;25,0;488,3;23,8;0,1;1,09E-1;-541,2;20,00;3,0;3,1;50,95;3,38;0,377;1,9;4,60;0,420
1073;27.06.2023;11:10:51;00:17:52;250,2;577,5;33,1;27,2;25,0;489,1;23,9;0,1;1,09E-1;-541,2;20,00;3,0;3,0;50,96;3,38;0,371;1,9;4,61;0,420
1074;27.06.2023;11:10:52;00:17:53;250,3;577,5;33,1;27,2;25,0;490,8;23,9;0,1;1,09E-1;-541,2;20,00;3,0;3,0;50,96;3,39;0,363;1,9;4,61;0,420
1075;27.06.2023;11:10:53;00:17:54;250,1;577,5;33,2;27,3;25,0;491,7;23,9;0,1;1,09E-1;-541,2;20,00;3,0;3,0;50,97;3,39;0,363;1,9;4,62;0,420
1076;27.06.2023;11:10:54;00:17:55;250,0;577,9;33,2;27,3;25,1;493,5;24,0;0,1;1,09E-1;-541,2;20,00;3,0;3,0;50,97;3,40;0,361;2,0;4,63;0,420
1077;27.06.2023;11:10:55;00:17:56;250,0;578,4;33,2;27,3;25,1;495,2;24,0;0,1;1,09E-1;-541,2;20,00;3,0;3,0;50,98;3,40;0,349;1,9;4,59;0,421
1078;27.06.2023;11:10:56;00:17:57;250,1;578,4;33,2;27,3;25,1;496,1;24,0;0,1;1,09E-1;-541,2;20,00;3,0;3,0;50,99;3,41;0,347;2,0;4,60;0,421
1079;27.06.2023;11:10:57;00:17:58;250,0;578,4;33,2;27,4;25,1;497,8;24,1;0,1;1,09E-1;-541,2;20,00;3,0;2,9;50,99;3,42;0,349;2,0;4,62;0,422
1080;27.06.2023;11:10:58;00:17:59;250,1;578,8;33,2;27,4;25,2;499,5;24,2;0,1;1,08E-1;-541,2;20,00;3,0;2,9;51,00;3,42;0,349;2,0;4,62;0,424
1081;27.06.2023;11:10:59;00:18:00;250,1;578,8;33,3;27,4;25,2;500,3;24,2;0,1;1,08E-1;-541,2;20,00;3,0;3,0;51,00;3,42;0,347;1,9;4,65;0,422
1082;27.06.2023;11:11:00;00:18:01;250,0;579,3;33,3;27,4;25,2;502,2;24,3;0,1;1,08E-1;-541,2;20,00;3,0;3,0;51,01;3,43;0,349;2,0;4,64;0,424
1083;27.06.2023;11:11:01;00:18:02;250,0;579,8;33,3;27,5;25,2;503,9;24,3;0,1;1,08E-1;-541,2;20,00;3,0;3,0;51,02;3,44;0,353;2,0;4,60;0,424
1084;27.06.2023;11:11:02;00:18:03;250,0;579,8;33,3;27,5;25,2;504,7;24,3;0,1;1,08E-1;-541,2;20,00;3,0;3,0;51,02;3,44;0,348;2,0;4,64;0,425
1085;27.06.2023;11:11:03;00:18:04;250,0;580,3;33,3;27,5;25,2;506,4;24,4;0,1;1,08E-1;-541,2;20,00;3,0;3,0;51,03;3,45;0,350;2,0;4,62;0,425
1086;27.06.2023;11:11:04;00:18:05;250,1;580,3;33,4;27,5;25,2;508,1;24,5;0,1;1,08E-1;-541,2;20,00;3,0;2,9;51,03;3,46;0,348;2,0;4,62;0,425
1087;27.06.2023;11:11:05;00:18:06;250,0;580,9;33,4;27,6;25,2;509,0;24,5;0,1;1,07E-1;-541,2;20,00;3,0;3,0;51,04;3,46;0,352;2,0;4,64;0,426
1088;27.06.2023;11:11:06;00:18:07;250,0;580,8;33,3;27,5;25,1;510,8;24,6;0,1;1,07E-1;-541,2;20,00;3,0;3,0;51,05;3,47;0,357;2,0;4,62;0,429
1089;27.06.2023;11:11:07;00:18:08;250,0;580,8;33,3;27,6;25,1;511,6;24,6;0,1;1,07E-1;-541,2;20,00;3,0;3,0;51,05;3,47;0,353;2,0;4,64;0,429
1090;27.06.2023;11:11:08;00:18:09;250,0;581,4;33,3;27,6;25,1;513,3;24,6;0,1;1,07E-1;-541,2;20,00;3,0;3,0;51,06;3,48;0,363;2,0;4,61;0,428
1091;27.06.2023;11:11:09;00:18:10;250,0;581,4;33,3;27,6;25,1;515,0;24,7;0,1;1,07E-1;-541,2;20,00;3,0;3,1;51,06;3,49;0,356;2,0;4,64;0,429
1092;27.06.2023;11:11:10;00:18:11;250,0;582,0;33,3;27,6;25,1;515,9;24,7;0,1;1,07E-1;-541,2;20,00;3,0;2,9;51,07;3,49;0,359;2,0;4,67;0,430
1093;27.06.2023;11:11:11;00:18:12;250,0;582,7;33,4;27,7;25,1;517,6;24,8;0,1;1,07E-1;-541,2;20,00;3,0;3,0;51,07;3,50;0,367;2,0;4,65;0,430
1094;27.06.2023;11:11:12;00:18:13;250,0;582,7;33,4;27,7;25,2;519,4;24,9;0,1;1,07E-1;-541,2;20,00;3,0;3,0;51,08;3,51;0,363;2,0;4,68;0,431
1095;27.06.2023;11:11:13;00:18:14;250,0;582,7;33,4;27,7;25,2;520,3;24,9;0,1;1,07E-1;-541,2;20,00;3,0;3,0;51,09;3,51;0,360;2,0;4,68;0,430
1096;27.06.2023;11:11:14;00:18:15;250,2;583,4;33,4;27,7;25,2;522,0;24,9;0,1;1,06E-1;-541,2;20,00;3,0;3,0;51,09;3,52;0,351;2,0;4,67;0,432
1097;27.06.2023;11:11:15;00:18:16;250,0;584,0;33,4;27,8;25,2;523,7;25,0;0,1;1,06E-1;-541,2;20,00;3,0;3,0;51,10;3,52;0,349;2,0;4,69;0,430
1098;27.06.2023;11:11:16;00:18:17;250,0;584,0;33,4;27,8;25,2;524,5;25,0;0,1;1,06E-1;-541,2;20,00;3,0;3,0;51,10;3,53;0,347;2,0;4,71;0,431
1099;27.06.2023;11:11:17;00:18:18;250,0;584,0;33,5;27,8;25,2;526,2;25,1;0,1;1,06E-1;-541,2;20,00;3,0;3,0;51,11;3,53;0,370;2,0;4,67;0,435
1100;27.06.2023;11:11:18;00:18:19;250,0;584,7;33,5;27,8;25,2;527,1;25,1;0,1;1,06E-1;-541,2;20,00;3,0;3,0;51,12;3,54;0,373;2,0;4,70;0,435
1101;27.06.2023;11:11:19;00:18:20;250,1;585,4;33,5;27,9;25,2;528,9;25,2;0,1;1,06E-1;-541,2;20,00;3,0;3,0;51,12;3,55;0,370;2,0;4,72;0,435
1102;27.06.2023;11:11:20;00:18:21;250,3;585,4;33,5;27,9;25,2;530,6;25,3;0,1;1,06E-1;-541,2;20,00;3,0;3,0;51,13;3,55;0,370;2,0;4,67;0,435
1103;27.06.2023;11:11:21;00:18:22;250,0;585,4;33,6;27,9;25,2;531,5;25,3;0,1;1,06E-1;-541,2;20,00;3,0;3,1;51,13;3,56;0,363;2,1;4,72;0,439
1104;27.06.2023;11:11:22;00:18:23;250,0;586,2;33,6;27,9;25,3;533,2;25,3;0,1;1,05E-1;-541,2;20,00;3,0;3,0;51,14;3,56;0,371;2,0;4,73;0,438
1105;27.06.2023;11:11:23;00:18:24;250,1;586,9;33,6;28,0;25,3;534,9;25,4;0,1;1,05E-1;-541,2;20,00;3,0;3,0;51,15;3,57;0,368;2,1;4,72;0,437
1106;27.06.2023;11:11:24;00:18:25;250,0;586,9;33,6;28,0;25,3;535,7;25,4;0,1;1,05E-1;-541,2;20,00;3,0;3,0;51,15;3,57;0,370;2,1;4,70;0,440
1107;27.06.2023;11:11:25;00:18:26;250,1;587,7;33,6;28,0;25,3;537,6;25,5;0,1;1,05E-1;-541,2;20,00;3,0;3,1;51,16;3,58;0,376;2,1;4,73;0,440
1108;27.06.2023;11:11:26;00:18:27;250,3;587,8;33,6;28,1;25,4;539,3;25,6;0,1;1,05E-1;-541,2;20,00;3,0;3,0;51,17;3,59;0,378;2,1;4,73;0,441
1109;27.06.2023;11:11:27;00:18:28;250,1;587,8;33,7;28,1;25,4;540,1;25,6;0,1;1,05E-1;-541,2;20,00;3,0;3,0;51,17;3,59;0,381;2,1;4,72;0,441
1110;27.06.2023;11:11:28;00:18:29;250,1;588,6;33,7;28,1;25,4;541,8;25,7;0,1;1,05E-1;-541,2;20,00;3,0;3,0;51,18;3,60;0,378;2,1;4,75;0,440
1111;27.06.2023;11:11:29;00:18:30;250,1;588,6;33,7;28,2;25,4;543,5;25,8;0,1;1,04E-1;-541,2;20,00;3,0;3,0;51,19;3,61;0,375;2,1;4,74;0,443
1112;27.06.2023;11:11:30;00:18:31;250,1;589,5;33,7;28,2;25,4;544,4;25,8;0,1;1,04E-1;-541,2;20,00;3,0;3,0;51,19;3,62;0,372;2,1;4,71;0,444
1113;27.06.2023;11:11:31;00:18:32;250,0;590,5;33,8;28,2;25,4;546,2;25,8;0,1;1,04E-1;-541,2;20,00;3,0;3,0;51,20;3,63;0,391;2,1;4,74;0,442
1114;27.06.2023;11:11:32;00:18:33;250,3;590,5;33,8;28,2;25,4;547,1;25,8;0,1;1,04E-1;-541,2;20,00;3,0;2,9;51,21;3,63;0,398;2,1;4,70;0,443
1115;27.06.2023;11:11:33;00:18:34;250,0;590,5;33,8;28,2;25,4;548,8;26,0;0,1;1,04E-1;-541,2;20,00;3,0;3,0;51,21;3,64;0,404;2,1;4,76;0,443
1116;27.06.2023;11:11:34;00:18:35;250,1;591,5;33,8;28,3;25,4;550,5;26,0;0,1;1,04E-1;-541,2;20,00;3,0;3,0;51,22;3,64;0,411;2,1;4,73;0,443
1117;27.06.2023;11:11:35;00:18:36;250,3;591,5;33,9;28,3;25,4;551,3;26,0;0,1;1,04E-1;-541,2;20,00;3,0;3,0;51,23;3,65;0,409;2,1;4,75;0,444
1118;27.06.2023;11:11:36;00:18:37;250,2;592,4;33,9;28,3;25,5;553,0;26,1;0,1;1,04E-1;-541,2;20,00;3,0;3,0;51,24;3,65;0,413;2,1;4,77;0,445
1119;27.06.2023;11:11:37;00:18:38;250,0;592,4;33,9;28,4;25,5;554,9;26,2;0,1;1,04E-1;-541,2;20,00;3,0;2,9;51,24;3,67;0,418;2,1;4,74;0,445
1120;27.06.2023;11:11:38;00:18:39;250,1;593,3;33,9;28,4;25,5;555,7;26,2;0,1;1,04E-1;-541,2;20,00;3,0;3,0;51,25;3,67;0,419;2,1;4,78;0,445
1121;27.06.2023;11:11:39;00:18:40;250,2;594,3;34,0;28,4;25,5;557,4;26,3;0,1;1,03E-1;-541,2;20,00;3,0;3,0;51,26;3,68;0,428;2,2;4,79;0,449
1122;27.06.2023;11:11:40;00:18:41;250,1;594,3;34,0;28,4;25,5;559,1;26,3;0,1;1,03E-1;-541,2;20,00;3,0;3,0;51,26;3,69;0,425;2,1;4,75;0,449
1123;27.06.2023;11:11:41;00:18:42;250,3;595,2;34,0;28,5;25,5;560,0;26,3;0,1;1,03E-1;-541,2;20,00;3,0;3,0;51,27;3,69;0,431;2,1;4,76;0,449
1124;27.06.2023;11:11:42;00:18:43;250,0;595,2;34,1;28,5;25,5;561,7;26,4;0,1;1,03E-1;-541,2;20,00;3,0;3,0;51,28;3,70;0,426;2,1;4,73;0,449
1125;27.06.2023;11:11:43;00:18:44;250,0;596,2;34,1;28,6;25,6;563,5;26,5;0,1;1,03E-1;-541,2;20,00;3,0;3,0;51,29;3,71;0,422;2,1;4,79;0,449
1126;27.06.2023;11:11:44;00:18:45;250,0;596,2;34,1;28,6;25,6;564,3;26,5;0,1;1,03E-1;-541,2;20,00;3,0;3,0;51,29;3,71;0,431;2,1;4,76;0,450
1127;27.06.2023;11:11:45;00:18:46;250,2;597,2;34,1;28,6;25,6;566,0;26,6;0,1;1,03E-1;-541,2;20,00;3,0;3,0;51,30;3,72;0,433;2,1;4,76;0,449
1128;27.06.2023;11:11:46;00:18:47;250,0;597,2;34,1;28,6;25,6;566,9;26,6;0,1;1,03E-1;-541,2;20,00;3,0;3,0;51,30;3,72;0,426;2,2;4,77;0,451
1129;27.06.2023;11:11:47;00:18:48;250,3;598,2;34,1;28,6;25,5;568,6;26,8;0,1;1,03E-1;-541,2;20,00;3,0;3,0;51,31;3,74;0,421;2,1;4,78;0,453
1130;27.06.2023;11:11:48;00:18:49;250,1;598,2;34,1;28,6;25,5;570,3;26,8;0,1;1,02E-1;-541,2;20,00;3,0;3,0;51,32;3,74;0,433;2,2;4,80;0,454
1131;27.06.2023;11:11:49;00:18:50;250,0;598,2;34,1;28,6;25,5;571,3;26,9;0,1;1,02E-1;-541,2;20,00;3,0;3,0;51,33;3,75;0,437;2,2;4,79;0,454
1132;27.06.2023;11:11:50;00:18:51;250,0;599,3;34,1;28,6;25,6;573,0;26,9;0,1;1,02E-1;-541,2;20,00;3,0;3,0;51,34;3,76;0,457;2,2;4,81;0,454
1133;27.06.2023;11:11:51;00:18:52;250,0;600,5;34,2;28,7;25,6;574,7;26,9;0,1;1,02E-1;-541,2;20,00;3,0;3,0;51,35;3,77;0,460;2,2;4,82;0,459
1134;27.06.2023;11:11:52;00:18:53;250,1;600,5;34,2;28,7;25,6;575,5;27,0;0,1;1,02E-1;-541,2;20,00;3,0;2,9;51,35;3,77;0,458;2,2;4,88;0,459
1135;27.06.2023;11:11:53;00:18:54;250,3;600,5;34,2;28,7;25,6;577,2;27,1;0,1;1,02E-1;-541,2;20,00;3,0;3,0;51,36;3,79;0,456;2,2;4,86;0,460
1136;27.06.2023;11:11:54;00:18:55;250,0;601,6;34,2;28,7;25,5;578,9;27,1;0,1;1,02E-1;-541,2;20,00;3,0;3,1;51,37;3,79;0,455;2,2;4,84;0,462
1137;27.06.2023;11:11:55;00:18:56;250,2;602,8;34,3;28,8;25,5;579,9;27,2;0,1;1,02E-1;-541,2;20,00;3,0;3,0;51,38;3,80;0,463;2,2;4,83;0,459
1138;27.06.2023;11:11:56;00:18:57;250,0;602,8;34,3;28,8;25,6;581,6;27,2;0,1;1,01E-1;-541,2;20,00;3,0;3,0;51,38;3,81;0,474;2,2;4,88;0,462
1139;27.06.2023;11:11:57;00:18:58;250,1;602,8;34,3;28,8;25,6;582,5;27,3;0,1;1,01E-1;-541,2;20,00;3,0;3,0;51,39;3,81;0,483;2,3;4,88;0,464
1140;27.06.2023;11:11:58;00:18:59;250,1;604,0;34,3;28,8;25,6;584,2;27,3;0,1;1,01E-1;-541,2;20,00;3,0;3,0;51,40;3,83;0,487;2,2;4,84;0,460
1141;27.06.2023;11:11:59;00:19:00;250,0;605,2;34,4;28,9;25,5;585,9;27,4;0,1;1,01E-1;-541,2;20,00;3,0;2,9;51,41;3,83;0,490;2,2;4,85;0,462
1142;27.06.2023;11:12:00;00:19:01;250,0;605,2;34,4;28,9;25,5;586,7;27,4;0,1;1,01E-1;-541,2;20,00;3,0;3,0;51,41;3,84;0,492;2,2;4,84;0,460
1143;27.06.2023;11:12:01;00:19:02;250,3;605,2;34,5;29,0;25,5;588,6;27,6;0,1;1,01E-1;-541,2;20,00;3,0;3,0;51,43;3,85;0,494;2,2;4,82;0,462
1144;27.06.2023;11:12:02;00:19:03;250,0;606,5;34,5;29,0;25,6;590,3;27,6;0,1;1,01E-1;-541,2;20,00;3,0;3,0;51,44;3,86;0,504;2,2;4,82;0,464
1145;27.06.2023;11:12:03;00:19:04;250,0;606,5;34,5;29,0;25,6;591,1;27,7;0,1;1,01E-1;-541,2;20,00;3,0;3,0;51,44;3,87;0,518;2,2;4,81;0,465
1146;27.06.2023;11:12:04;00:19:05;250,1;607,9;34,5;29,0;25,6;592,8;27,7;0,1;1,01E-1;-541,2;20,00;3,0;3,0;51,46;3,88;0,531;2,2;4,83;0,464
1147;27.06.2023;11:12:05;00:19:06;250,0;607,9;34,6;29,1;25,6;594,5;27,8;0,1;1,01E-1;-541,2;20,00;3,0;3,0;51,47;3,89;0,526;2,3;4,86;0,466
1148;27.06.2023;11:12:06;00:19:07;250,1;609,1;34,6;29,1;25,6;595,4;27,8;0,1;1,00E-1;-541,2;20,00;3,0;3,0;51,47;3,89;0,530;2,3;4,88;0,464
1149;27.06.2023;11:12:07;00:19:08;250,1;609,1;34,6;29,1;25,6;597,2;27,9;0,1;1,00E-1;-541,2;20,00;3,0;3,0;51,48;3,91;0,540;2,3;4,86;0,468
1150;27.06.2023;11:12:08;00:19:09;250,2;610,5;34,6;29,1;25,6;598,9;28,0;0,1;1,00E-1;-541,2;20,00;3,0;3,0;51,49;3,92;0,538;2,3;4,88;0,469
1151;27.06.2023;11:12:09;00:19:10;250,1;610,5;34,6;29,1;25,6;599,8;28,0;0,1;1,00E-1;-541,2;20,00;3,0;3,0;51,50;3,92;0,541;2,3;4,86;0,469
1152;27.06.2023;11:12:10;00:19:11;250,2;611,9;34,6;29,2;25,7;601,5;28,0;0,1;1,00E-1;-541,2;20,00;3,0;3,0;51,51;3,94;0,549;2,3;4,85;0,469
1153;27.06.2023;11:12:11;00:19:12;250,0;611,9;34,7;29,2;25,7;602,3;28,1;0,1;1,00E-1;-541,2;20,00;3,0;2,9;51,52;3,94;0,551;2,3;4,88;0,469
1154;27.06.2023;11:12:12;00:19:13;250,1;613,3;34,7;29,3;25,7;604,0;28,1;0,1;9,99E-2;-541,2;20,00;3,0;3,0;51,53;3,95;0,555;2,3;4,88;0,469
1155;27.06.2023;11:12:13;00:19:14;250,1;613,3;34,8;29,4;25,7;605,9;28,3;0,1;9,98E-2;-541,2;20,00;3,0;3,0;51,54;3,96;0,561;2,3;4,91;0,471
1156;27.06.2023;11:12:14;00:19:15;250,0;614,7;34,8;29,4;25,7;606,7;28,2;0,1;9,97E-2;-541,2;20,00;3,0;2,9;51,55;3,97;0,562;2,3;4,89;0,472
1157;27.06.2023;11:12:15;00:19:16;250,1;616,0;34,8;29,5;25,7;608,4;28,3;0,1;9,97E-2;-541,2;20,00;3,0;3,0;51,56;3,98;0,568;2,3;4,88;0,471
1158;27.06.2023;11:12:16;00:19:17;250,3;616,0;34,8;29,5;25,7;610,1;28,4;0,1;9,95E-2;-541,2;20,00;3,0;3,0;51,57;3,99;0,570;2,3;4,88;0,474
1159;27.06.2023;11:12:17;00:19:18;250,2;616,0;34,9;29,5;25,7;610,9;28,5;0,1;9,94E-2;-541,2;20,00;3,0;3,0;51,57;4,00;0,564;2,3;4,87;0,474
1160;27.06.2023;11:12:18;00:19:19;250,2;617,4;34,9;29,5;25,8;612,6;28,5;0,1;9,93E-2;-541,2;20,00;3,0;3,0;51,59;4,01;0,565;2,3;4,87;0,476
1161;27.06.2023;11:12:19;00:19:20;250,0;618,7;35,0;29,6;25,8;614,5;28,5;0,1;9,92E-2;-541,2;20,00;3,0;3,0;51,60;4,02;0,577;2,3;4,90;0,477
1162;27.06.2023;11:12:20;00:19:21;250,2;618,7;35,0;29,6;25,8;615,3;28,6;0,1;9,92E-2;-541,2;20,00;3,0;3,0;51,60;4,03;0,581;2,4;4,92;0,478
1163;27.06.2023;11:12:21;00:19:22;250,1;618,7;35,0;29,6;25,8;617,0;28,8;0,1;9,91E-2;-541,2;20,00;3,0;3,0;51,62;4,04;0,583;2,3;4,90;0,479
1164;27.06.2023;11:12:22;00:19:23;250,1;620,1;35,0;29,6;25,8;618,7;28,8;0,1;9,89E-2;-541,2;20,00;3,0;3,0;51,63;4,05;0,592;2,4;4,89;0,479
1165;27.06.2023;11:12:23;00:19:24;250,2;621,5;35,1;29,7;25,8;619,6;28,9;0,1;9,89E-2;-541,2;20,00;3,0;3,0;51,64;4,06;0,581;2,4;4,96;0,479
1166;27.06.2023;11:12:24;00:19:25;250,2;621,5;35,1;29,7;25,8;621,3;28,9;0,1;9,87E-2;-541,2;20,00;3,0;3,0;51,65;4,07;0,589;2,4;4,88;0,479
1167;27.06.2023;11:12:25;00:19:26;250,2;622,9;35,1;29,7;25,8;622,1;28,9;0,1;9,87E-2;-541,2;20,00;3,0;3,0;51,65;4,07;0,592;2,4;4,94;0,479
1168;27.06.2023;11:12:26;00:19:27;250,0;622,9;35,1;29,7;25,8;624,0;29,0;0,1;9,86E-2;-541,2;20,00;3,0;3,0;51,67;4,09;0,596;2,4;4,90;0,483
1169;27.06.2023;11:12:27;00:19:28;250,1;624,4;35,2;29,8;25,8;625,7;29,1;0,1;9,85E-2;-541,2;20,00;3,0;3,0;51,68;4,10;0,605;2,4;4,93;0,484
1170;27.06.2023;11:12:28;00:19:29;250,0;624,4;35,2;29,8;25,8;626,5;29,1;0,1;9,85E-2;-541,2;20,00;3,0;3,0;51,69;4,10;0,610;2,4;4,93;0,484
1171;27.06.2023;11:12:29;00:19:30;250,0;624,4;35,2;29,8;25,9;628,2;29,2;0,1;9,83E-2;-541,2;20,00;3,0;3,0;51,70;4,12;0,605;2,4;4,96;0,484
1172;27.06.2023;11:12:30;00:19:31;250,0;626,0;35,3;29,8;25,8;629,9;29,3;0,1;9,82E-2;-541,2;20,00;3,0;3,0;51,71;4,13;0,606;2,4;4,95;0,484
1173;27.06.2023;11:12:31;00:19:32;250,2;626,0;35,3;29,8;25,8;630,8;29,3;0,1;9,81E-2;-541,2;20,00;3,0;3,0;51,71;4,14;0,608;2,4;4,96;0,485
1174;27.06.2023;11:12:32;00:19:33;250,1;627,6;35,3;29,8;25,8;632,6;29,4;0,1;9,80E-2;-541,2;20,00;3,0;3,0;51,73;4,15;0,617;2,4;4,94;0,484
1175;27.06.2023;11:12:33;00:19:34;250,2;627,6;35,4;29,9;25,8;634,3;29,5;0,1;9,80E-2;-541,2;20,00;3,0;3,0;51,74;4,17;0,627;2,4;4,93;0,488
1176;27.06.2023;11:12:34;00:19:35;250,0;629,2;35,4;29,9;25,8;635,2;29,5;0,1;9,79E-2;-541,2;20,00;3,0;3,0;51,75;4,17;0,620;2,4;4,96;0,488
1177;27.06.2023;11:12:35;00:19:36;250,0;630,7;35,5;29,9;25,8;636,9;29,6;0,1;9,78E-2;-541,2;20,00;3,0;3,0;51,76;4,18;0,613;2,4;4,98;0,488
1178;27.06.2023;11:12:36;00:19:37;250,0;630,7;35,5;29,9;25,8;637,7;29,6;0,1;9,77E-2;-541,2;20,00;3,0;3,0;51,76;4,19;0,609;2,4;4,96;0,488
1179;27.06.2023;11:12:37;00:19:38;250,0;630,7;35,5;30,0;25,8;639,4;29,7;0,1;9,76E-2;-541,2;20,00;3,0;3,0;51,78;4,20;0,606;2,4;4,95;0,488
1180;27.06.2023;11:12:38;00:19:39;250,0;632,2;35,5;30,0;25,9;641,3;29,8;0,1;9,75E-2;-541,2;20,00;3,0;3,0;51,79;4,22;0,618;2,4;5,00;0,488
1181;27.06.2023;11:12:39;00:19:40;250,0;632,2;35,6;30,0;25,9;642,1;29,8;0,1;9,75E-2;-541,2;20,00;3,0;3,0;51,79;4,22;0,620;2,4;4,98;0,491
1182;27.06.2023;11:12:40;00:19:41;250,0;633,7;35,6;30,1;25,9;643,8;29,9;0,1;9,74E-2;-541,2;20,00;3,0;3,0;51,81;4,23;0,606;2,5;5,01;0,490
1183;27.06.2023;11:12:41;00:19:42;250,1;635,3;35,7;30,1;25,9;645,5;29,9;0,1;9,73E-2;-541,2;20,00;3,0;3,0;51,82;4,24;0,617;2,5;5,01;0,492
1184;27.06.2023;11:12:42;00:19:43;250,0;635,3;35,7;30,1;26,0;646,4;30,0;0,1;9,73E-2;-541,2;20,00;3,0;3,0;51,83;4,25;0,615;2,4;4,97;0,493
1185;27.06.2023;11:12:43;00:19:44;250,2;636,9;35,8;30,1;26,0;648,1;30,1;0,1;9,71E-2;-541,2;20,00;3,0;2,9;51,84;4,26;0,631;2,5;5,02;0,493
1186;27.06.2023;11:12:44;00:19:45;250,2;636,9;35,8;30,1;26,0;649,9;30,2;0,1;9,70E-2;-541,2;20,00;3,0;3,0;51,85;4,28;0,633;2,5;4,98;0,494
1187;27.06.2023;11:12:45;00:19:46;250,1;636,9;35,8;30,2;26,0;650,8;30,2;0,1;9,70E-2;-541,2;20,00;3,0;3,0;51,86;4,28;0,627;2,5;5,02;0,493
1188;27.06.2023;11:12:46;00:19:47;250,0;638,5;35,8;30,2;26,0;652,5;30,3;0,1;9,69E-2;-541,2;20,00;3,0;3,0;51,87;4,29;0,616;2,5;5,02;0,494
1189;27.06.2023;11:12:47;00:19:48;250,2;638,5;35,8;30,1;25,9;654,2;30,4;0,1;9,68E-2;-541,2;20,00;3,0;3,0;51,88;4,31;0,619;2,5;4,98;0,498
1190;27.06.2023;11:12:48;00:19:49;250,1;640,2;35,8;30,2;25,9;655,0;30,4;0,1;9,68E-2;-541,2;20,00;3,0;3,1;51,89;4,32;0,625;2,5;5,03;0,498
1191;27.06.2023;11:12:49;00:19:50;250,1;640,2;35,8;30,2;25,9;656,7;30,5;0,1;9,67E-2;-541,2;20,00;3,0;3,0;51,90;4,33;0,623;2,5;5,02;0,498
1192;27.06.2023;11:12:50;00:19:51;250,2;642,0;35,9;30,2;25,9;657,7;30,5;0,1;9,66E-2;-541,2;20,00;3,0;3,0;51,91;4,33;0,621;2,5;5,02;0,498
1193;27.06.2023;11:12:51;00:19:52;250,0;642,0;36,0;30,3;25,9;659,4;30,6;0,1;9,65E-2;-541,2;20,00;3,0;3,0;51,92;4,35;0,615;2,5;5,06;0,501
1194;27.06.2023;11:12:52;00:19:53;250,1;643,7;36,0;30,3;25,9;661,1;30,6;0,1;9,63E-2;-541,2;20,00;3,0;3,0;51,94;4,36;0,608;2,5;5,01;0,501
1195;27.06.2023;11:12:53;00:19:54;250,1;643,7;36,0;30,3;25,9;661,9;30,7;0,1;9,63E-2;-541,2;20,00;3,0;2,9;51,94;4,37;0,611;2,5;5,04;0,502
1196;27.06.2023;11:12:54;00:19:55;250,0;645,5;36,1;30,3;25,9;663,6;30,7;0,1;9,63E-2;-541,2;20,00;3,0;3,0;51,95;4,38;0,598;2,5;5,04;0,503
1197;27.06.2023;11:12:55;00:19:56;250,1;647,1;36,1;30,4;25,9;665,3;30,8;0,1;9,62E-2;-541,2;20,00;3,0;3,0;51,97;4,38;0,600;2,5;5,04;0,503
1198;27.06.2023;11:12:56;00:19:57;250,0;647,1;36,1;30,4;26,0;666,3;30,8;0,1;9,62E-2;-541,2;20,00;3,0;3,0;51,97;4,40;0,594;2,5;5,07;0,503
1199;27.06.2023;11:12:57;00:19:58;250,0;647,1;36,2;30,4;26,0;668,0;31,0;0,1;9,61E-2;-541,2;20,00;3,0;3,0;51,99;4,41;0,594;2,5;5,02;0,503
1200;27.06.2023;11:12:58;00:19:59;250,2;648,8;36,2;30,4;26,0;669,7;31,0;0,1;9,60E-2;-541,2;20,00;3,0;3,0;52,00;4,41;0,592;2,6;5,03;0,504
1201;27.06.2023;11:12:59;00:20:00;250,0;648,8;36,3;30,5;26,0;670,6;31,1;0,1;9,59E-2;-541,2;20,00;3,0;3,0;52,00;4,42;0,584;2,6;5,06;0,508
1202;27.06.2023;11:13:00;00:20:01;250,2;650,5;36,3;30,5;26,0;672,3;31,1;0,1;9,58E-2;-541,2;20,00;3,0;3,0;52,01;4,43;0,581;2,6;5,09;0,508
1203;27.06.2023;11:13:01;00:20:02;250,1;650,5;36,4;30,5;26,0;673,1;31,2;0,1;9,57E-2;-541,2;20,00;3,0;3,0;52,02;4,44;0,573;2,6;5,03;0,508
1204;27.06.2023;11:13:02;00:20:03;250,1;652,1;36,4;30,6;26,0;675,0;31,3;0,1;9,57E-2;-541,2;20,00;3,0;3,0;52,03;4,45;0,568;2,6;5,09;0,508
1205;27.06.2023;11:13:03;00:20:04;250,1;653,9;36,4;30,6;26,0;676,7;31,3;0,1;9,57E-2;-541,2;20,00;3,0;3,0;52,04;4,46;0,548;2,6;5,06;0,509
1206;27.06.2023;11:13:04;00:20:05;250,1;653,9;36,4;30,6;26,0;677,5;31,4;0,1;9,56E-2;-541,2;20,00;3,0;3,0;52,05;4,47;0,546;2,6;5,07;0,509
1207;27.06.2023;11:13:05;00:20:06;250,0;653,9;36,5;30,7;26,0;679,2;31,5;0,1;9,55E-2;-541,2;20,00;3,0;3,0;52,06;4,48;0,535;2,6;5,10;0,512
1208;27.06.2023;11:13:06;00:20:07;250,0;655,4;36,5;30,5;26,1;680,9;31,6;0,1;9,54E-2;-541,2;20,00;3,0;3,0;52,06;4,49;0,523;2,6;5,09;0,512
1209;27.06.2023;11:13:07;00:20:08;250,2;655,4;36,5;30,5;25,9;681,8;31,7;0,1;9,53E-2;-541,2;20,00;3,0;3,0;52,07;4,49;0,508;2,6;5,08;0,512
1210;27.06.2023;11:13:08;00:20:09;250,0;657,3;36,5;30,6;25,9;683,6;31,7;0,1;9,52E-2;-541,2;20,00;3,0;3,0;52,08;4,50;0,499;2,6;5,11;0,513
1211;27.06.2023;11:13:09;00:20:10;250,0;657,3;36,5;30,6;25,9;685,3;31,9;0,1;9,52E-2;-541,2;20,00;3,0;3,0;52,09;4,51;0,488;2,6;5,10;0,513
1212;27.06.2023;11:13:10;00:20:11;250,0;659,1;36,5;30,6;26,0;686,2;31,8;0,1;9,52E-2;-541,2;20,00;3,0;3,0;52,09;4,52;0,486;2,6;5,13;0,515
1213;27.06.2023;11:13:11;00:20:12;250,1;659,1;36,6;30,7;26,0;687,9;32,0;0,1;9,51E-2;-541,2;20,00;3,0;3,0;52,11;4,53;0,484;2,6;5,08;0,514
1214;27.06.2023;11:13:12;00:20:13;250,1;661,0;36,6;30,7;26,0;689,6;32,0;0,1;9,50E-2;-541,2;20,00;3,0;3,1;52,11;4,53;0,486;2,6;5,09;0,518
1215;27.06.2023;11:13:13;00:20:14;250,3;661,0;36,6;30,7;26,0;690,4;32,1;0,1;9,50E-2;-541,2;20,00;3,0;3,0;52,12;4,54;0,475;2,6;5,10;0,518
1216;27.06.2023;11:13:14;00:20:15;250,1;662,9;36,7;30,8;26,0;692,3;32,1;0,1;9,49E-2;-541,2;20,00;3,0;3,0;52,13;4,55;0,446;2,7;5,13;0,518
1217;27.06.2023;11:13:15;00:20:16;250,1;662,9;36,8;30,8;26,0;693,1;32,2;0,1;9,48E-2;-541,2;20,00;3,0;3,0;52,13;4,55;0,438;2,6;5,11;0,518
1218;27.06.2023;11:13:16;00:20:17;250,2;664,7;36,8;30,8;26,1;694,8;32,2;0,1;9,47E-2;-541,2;20,00;3,0;2,9;52,14;4,56;0,420;2,6;5,13;0,519
1219;27.06.2023;11:13:17;00:20:18;250,0;664,7;36,8;30,8;26,1;696,5;32,4;0,1;9,47E-2;-541,2;20,00;3,0;3,0;52,14;4,56;0,411;2,7;5,12;0,523
1220;27.06.2023;11:13:18;00:20:19;250,0;666,5;36,8;30,9;26,1;697,4;32,3;0,1;9,46E-2;-541,2;20,00;3,0;3,0;52,15;4,57;0,396;2,7;5,15;0,523
1221;27.06.2023;11:13:19;00:20:20;250,0;668,2;36,9;31,0;26,1;699,1;32,5;0,1;9,46E-2;-541,2;20,00;3,0;3,0;52,15;4,57;0,379;2,7;5,16;0,523
1222;27.06.2023;11:13:20;00:20:21;250,3;668,2;36,9;31,0;26,1;700,9;32,5;0,1;9,45E-2;-541,2;20,00;3,0;3,0;52,16;4,58;0,360;2,7;5,13;0,523
1223;27.06.2023;11:13:21;00:20:22;250,1;668,2;37,0;31,0;26,1;701,8;32,6;0,1;9,45E-2;-541,2;20,00;3,0;3,0;52,16;4,58;0,347;2,7;5,12;0,523
1224;27.06.2023;11:13:22;00:20:23;250,1;670,1;37,0;31,0;26,1;703,5;32,6;0,1;9,45E-2;-541,2;20,00;3,0;3,0;52,17;4,59;0,330;2,7;5,14;0,524
1225;27.06.2023;11:13:23;00:20:24;250,1;671,9;37,1;31,1;26,1;705,2;32,7;0,1;9,44E-2;-541,2;20,00;3,0;3,0;52,17;4,60;0,313;2,7;5,16;0,527
1226;27.06.2023;11:13:24;00:20:25;250,0;671,9;37,1;31,1;26,1;706,0;32,7;0,1;9,43E-2;-541,2;20,00;3,0;3,0;52,17;4,60;0,311;2,7;5,14;0,526
1227;27.06.2023;11:13:25;00:20:26;250,0;673,7;37,2;31,1;26,1;707,7;32,8;0,1;9,42E-2;-541,2;20,00;3,0;3,0;52,18;4,60;0,280;2,7;5,19;0,527
1228;27.06.2023;11:13:26;00:20:27;250,2;673,7;37,2;31,2;26,2;709,6;33,0;0,1;9,41E-2;-541,2;20,00;3,0;3,0;52,18;4,61;0,267;2,7;5,17;0,527
1229;27.06.2023;11:13:27;00:20:28;250,2;673,7;37,3;31,2;26,2;710,4;33,0;0,1;9,40E-2;-541,2;20,00;3,0;3,1;52,19;4,61;0,264;2,7;5,16;0,527
1230;27.06.2023;11:13:28;00:20:29;250,1;675,6;37,3;31,2;26,2;712,1;33,1;0,1;9,40E-2;-541,2;20,00;3,0;3,0;52,19;4,62;0,259;2,7;5,16;0,530
1231;27.06.2023;11:13:29;00:20:30;250,2;675,6;37,3;31,2;26,2;713,0;33,1;0,1;9,40E-2;-541,2;20,00;3,0;3,0;52,19;4,62;0,252;2,8;5,20;0,532
1232;27.06.2023;11:13:30;00:20:31;250,1;677,6;37,4;31,3;26,1;714,7;33,2;0,1;9,40E-2;-541,2;20,00;3,0;3,0;52,20;4,62;0,226;2,7;5,18;0,532
1233;27.06.2023;11:13:31;00:20:32;250,0;677,6;37,4;31,3;26,1;716,4;33,3;0,1;9,39E-2;-541,2;20,00;3,0;3,0;52,20;4,63;0,203;2,8;5,20;0,532
1234;27.06.2023;11:13:32;00:20:33;250,0;677,6;37,4;31,4;26,1;717,2;33,4;0,1;9,39E-2;-541,2;20,00;3,0;3,0;52,20;4,62;0,202;2,8;5,18;0,534
1235;27.06.2023;11:13:33;00:20:34;250,1;679,7;37,4;31,4;26,1;719,0;33,5;0,1;9,38E-2;-541,2;20,00;3,0;3,0;52,21;4,63;0,193;2,8;5,18;0,532
1236;27.06.2023;11:13:34;00:20:35;250,3;681,7;37,5;31,4;26,1;720,7;33,5;0,1;9,37E-2;-541,2;20,00;3,0;3,0;52,21;4,63;0,183;2,8;5,19;0,534
1237;27.06.2023;11:13:35;00:20:36;250,1;681,7;37,6;31,4;26,1;721,6;33,5;0,1;9,37E-2;-541,2;20,00;3,0;3,0;52,21;4,63;0,177;2,8;5,19;0,537
1238;27.06.2023;11:13:36;00:20:37;250,2;683,7;37,6;31,5;26,2;723,3;33,6;0,1;9,36E-2;-541,2;20,00;3,0;3,0;52,21;4,64;0,162;2,8;5,22;0,538
1239;27.06.2023;11:13:37;00:20:38;250,1;683,7;37,7;31,5;26,2;725,0;33,8;0,1;9,35E-2;-541,2;20,00;3,0;3,1;52,22;4,64;0,168;2,8;5,19;0,537
1240;27.06.2023;11:13:38;00:20:39;250,1;685,6;37,7;31,6;26,3;725,0;33,6;0,1;9,35E-2;-541,2;20,00;3,0;3,0;52,22;4,64;0,163;2,8;5,23;0,537
1241;27.06.2023;11:13:39;00:20:40;250,2;687,5;37,8;31,7;26,3;725,0;33,6;0,1;9,34E-2;-541,2;20,00;3,0;3,0;52,22;4,65;0,157;2,8;5,22;0,537
1242;27.06.2023;11:13:40;00:20:41;250,1;687,5;37,8;31,7;26,3;725,0;33,5;0,1;9,34E-2;-541,2;20,00;3,0;3,0;52,22;4,65;0,158;2,8;5,21;0,537
1243;27.06.2023;11:13:41;00:20:42;250,2;687,5;37,9;31,7;26,3;725,0;33,5;0,1;9,34E-2;-541,2;20,00;3,1;3,0;52,22;4,65;0,155;2,8;5,16;0,537
1244;27.06.2023;11:13:42;00:20:43;250,1;689,4;37,9;31,7;26,3;725,0;33,4;0,1;9,34E-2;-541,2;20,00;3,1;3,0;52,23;4,65;0,167;2,8;5,17;0,537
1245;27.06.2023;11:13:43;00:20:44;250,2;689,4;37,9;31,7;26,3;725,0;33,4;0,1;9,33E-2;-541,2;20,00;3,1;3,0;52,23;4,66;0,171;2,8;5,18;0,537
1246;27.06.2023;11:13:44;00:20:45;250,2;691,3;38,0;31,8;26,3;725,0;33,3;0,1;9,33E-2;-541,2;20,00;3,1;3,0;52,24;4,66;0,192;2,8;5,19;0,536
1247;27.06.2023;11:13:45;00:20:46;250,1;691,3;38,1;31,9;26,3;725,0;33,3;0,1;9,31E-2;-541,2;20,00;3,1;3,1;52,24;4,66;0,212;2,8;5,16;0,537
1248;27.06.2023;11:13:46;00:20:47;250,1;693,2;38,1;31,9;26,3;725,0;33,2;0,1;9,31E-2;-541,2;20,00;3,1;3,1;52,25;4,67;0,216;2,8;5,16;0,537
1249;27.06.2023;11:13:47;00:20:48;250,0;693,1;38,1;31,8;26,3;725,0;33,2;0,1;9,30E-2;-541,2;20,00;3,1;3,1;52,25;4,67;0,223;2,8;5,14;0,532
1250;27.06.2023;11:13:48;00:20:49;250,0;695,1;38,1;31,9;26,3;725,0;33,1;0,1;9,29E-2;-541,2;20,00;3,2;3,2;52,25;4,68;0,223;2,8;5,14;0,534
1251;27.06.2023;11:13:49;00:20:50;250,1;695,1;38,1;31,9;26,3;725,0;33,1;0,1;9,28E-2;-541,2;20,00;3,2;3,2;52,26;4,68;0,225;2,8;5,17;0,535
1252;27.06.2023;11:13:50;00:20:51;250,1;697,0;38,2;32,0;26,3;725,0;32,9;0,1;9,28E-2;-541,2;20,00;3,2;3,2;52,26;4,69;0,233;2,7;5,13;0,533
1253;27.06.2023;11:13:51;00:20:52;250,1;697,0;38,3;32,0;26,3;725,0;32,9;0,1;9,27E-2;-541,2;20,00;3,2;3,2;52,27;4,69;0,244;2,7;5,15;0,533
1254;27.06.2023;11:13:52;00:20:53;250,0;698,8;38,3;32,0;26,3;725,0;32,9;0,1;9,27E-2;-541,2;20,00;3,2;3,2;52,27;4,69;0,251;2,7;5,15;0,532
1255;27.06.2023;11:13:53;00:20:54;250,0;698,8;38,3;32,0;26,3;725,0;32,8;0,1;9,26E-2;-541,2;20,00;3,2;3,3;52,27;4,70;0,256;2,7;5,13;0,532
1256;27.06.2023;11:13:54;00:20:55;250,0;700,6;38,4;32,1;26,4;725,0;32,7;0,1;9,25E-2;-541,2;20,00;3,2;3,2;52,28;4,70;0,259;2,7;5,12;0,532
1257;27.06.2023;11:13:55;00:20:56;250,0;700,6;38,5;32,2;26,4;725,0;32,7;0,1;9,24E-2;-541,2;20,00;3,3;3,2;52,28;4,71;0,255;2,7;5,14;0,532
1258;27.06.2023;11:13:56;00:20:57;250,0;702,1;38,5;32,2;26,3;725,0;32,6;0,1;9,23E-2;-541,2;20,00;3,3;3,3;52,29;4,71;0,249;2,7;5,10;0,531
1259;27.06.2023;11:13:57;00:20:58;250,0;702,1;38,5;32,2;26,3;725,0;32,6;0,1;9,22E-2;-541,2;20,00;3,3;3,2;52,29;4,71;0,240;2,7;5,12;0,532
1260;27.06.2023;11:13:58;00:20:59;250,0;703,6;38,5;32,2;26,3;725,0;32,5;0,1;9,22E-2;-541,2;20,00;3,3;3,3;52,29;4,72;0,234;2,7;5,12;0,531
1261;27.06.2023;11:13:59;00:21:00;250,0;705,0;38,6;32,3;26,4;725,0;32,4;0,1;9,21E-2;-541,2;20,00;3,3;3,3;52,30;4,72;0,247;2,7;5,14;0,530
1262;27.06.2023;11:14:00;00:21:01;250,1;705,0;38,6;32,3;26,4;725,0;32,4;0,1;9,20E-2;-541,2;20,00;3,3;3,3;52,30;4,73;0,245;2,7;5,11;0,531
1263;27.06.2023;11:14:01;00:21:02;250,0;705,0;38,7;32,4;26,4;725,0;32,4;0,1;9,19E-2;-541,2;20,00;3,4;3,3;52,31;4,73;0,252;2,7;5,12;0,532
1264;27.06.2023;11:14:02;00:21:03;250,1;706,3;38,7;32,4;26,4;725,0;32,3;0,1;9,17E-2;-541,2;20,00;3,4;3,4;52,31;4,74;0,245;2,7;5,11;0,529
1265;27.06.2023;11:14:03;00:21:04;250,2;706,3;38,7;32,5;26,4;725,0;32,3;0,1;9,17E-2;-541,2;20,00;3,4;3,3;52,31;4,74;0,241;2,7;5,12;0,529
1266;27.06.2023;11:14:04;00:21:05;250,0;707,6;38,7;32,5;26,4;725,0;32,2;0,1;9,16E-2;-541,2;20,00;3,4;3,3;52,32;4,74;0,249;2,7;5,10;0,529
1267;27.06.2023;11:14:05;00:21:06;250,1;708,7;38,8;32,5;26,4;725,0;32,1;0,1;9,15E-2;-541,2;20,00;3,4;3,4;52,32;4,75;0,241;2,7;5,12;0,529
1268;27.06.2023;11:14:06;00:21:07;250,2;708,7;38,8;32,5;26,4;725,0;32,1;0,1;9,15E-2;-541,2;20,00;3,4;3,4;52,33;4,75;0,245;2,7;5,10;0,528
1269;27.06.2023;11:14:07;00:21:08;250,0;708,7;38,8;32,5;26,3;725,0;32,2;0,1;9,13E-2;-541,2;20,00;3,4;3,4;52,33;4,76;0,246;2,7;5,13;0,530
1270;27.06.2023;11:14:08;00:21:09;250,2;708,7;38,8;32,5;26,3;725,0;32,2;0,1;9,12E-2;-541,2;20,00;3,5;3,5;52,34;4,76;0,250;2,7;5,09;0,528
1271;27.06.2023;11:14:09;00:21:10;250,3;709,9;38,8;32,5;26,3;725,0;32,1;0,1;9,11E-2;-541,2;20,00;3,5;3,5;52,34;4,76;0,260;2,7;5,14;0,531
1272;27.06.2023;11:14:10;00:21:11;250,1;711,1;38,9;32,6;26,4;725,0;32,0;0,1;9,11E-2;-541,2;20,00;3,5;3,5;52,35;4,77;0,265;2,7;5,12;0,527
1273;27.06.2023;11:14:11;00:21:12;250,1;711,1;38,9;32,6;26,4;725,0;32,0;0,1;9,10E-2;-541,2;20,00;3,5;3,5;52,35;4,77;0,271;2,7;5,09;0,527
1274;27.06.2023;11:14:12;00:21:13;250,2;712,2;38,9;32,7;26,4;725,0;31,9;0,1;9,10E-2;-541,2;20,00;3,5;3,5;52,35;4,78;0,275;2,7;5,08;0,527
1275;27.06.2023;11:14:13;00:21:14;250,2;712,2;39,0;32,7;26,4;725,0;31,9;0,1;9,09E-2;-541,2;20,00;3,5;3,5;52,36;4,79;0,277;2,7;5,09;0,527
1276;27.06.2023;11:14:14;00:21:15;250,1;713,3;39,0;32,8;26,4;725,0;31,8;0,1;9,08E-2;-541,2;20,00;3,5;3,5;52,36;4,79;0,278;2,7;5,09;0,527
1277;27.06.2023;11:14:15;00:21:16;250,2;713,3;39,0;32,8;26,4;725,0;31,8;0,1;9,07E-2;-541,2;20,00;3,6;3,6;52,37;4,79;0,279;2,7;5,11;0,527
1278;27.06.2023;11:14:16;00:21:17;250,1;714,3;39,0;32,8;26,5;725,0;31,7;0,1;9,06E-2;-541,2;20,00;3,6;3,6;52,38;4,80;0,278;2,7;5,08;0,527
1279;27.06.2023;11:14:17;00:21:18;250,2;714,3;39,0;32,8;26,5;725,0;31,8;0,1;9,06E-2;-541,2;20,00;3,6;3,5;52,38;4,80;0,272;2,7;5,10;0,527
1280;27.06.2023;11:14:18;00:21:19;250,1;715,2;39,1;32,9;26,5;725,0;31,7;0,1;9,05E-2;-541,2;20,00;3,6;3,6;52,39;4,81;0,281;2,7;5,05;0,524
1281;27.06.2023;11:14:19;00:21:20;250,2;715,2;39,1;32,9;26,5;725,0;31,7;0,1;9,05E-2;-541,2;20,00;3,6;3,6;52,39;4,81;0,281;2,7;5,05;0,527
1282;27.06.2023;11:14:20;00:21:21;250,1;716,1;39,1;33,0;26,5;725,0;31,6;0,1;9,04E-2;-541,2;20,00;3,6;3,6;52,39;4,81;0,292;2,7;5,08;0,527
1283;27.06.2023;11:14:21;00:21:22;250,1;716,1;39,2;33,0;26,5;725,0;31,6;0,1;9,03E-2;-541,2;20,00;3,7;3,6;52,40;4,82;0,298;2,7;5,06;0,527
1284;27.06.2023;11:14:22;00:21:23;250,3;716,9;39,2;33,0;26,5;725,0;31,6;0,1;9,02E-2;-541,2;20,00;3,7;3,7;52,40;4,83;0,292;2,7;5,09;0,524
1285;27.06.2023;11:14:23;00:21:24;250,1;716,9;39,2;33,1;26,5;725,0;31,6;0,1;9,01E-2;-541,2;20,00;3,7;3,6;52,41;4,83;0,293;2,7;5,10;0,527
1286;27.06.2023;11:14:24;00:21:25;250,0;717,6;39,2;33,1;26,5;725,0;31,5;0,1;8,99E-2;-541,2;20,00;3,7;3,7;52,41;4,84;0,285;2,7;5,04;0,527
1287;27.06.2023;11:14:25;00:21:26;250,2;717,6;39,3;33,2;26,5;725,0;31,5;0,1;8,99E-2;-541,2;20,00;3,7;3,7;52,42;4,84;0,287;2,7;5,07;0,524
1288;27.06.2023;11:14:26;00:21:27;250,2;718,3;39,3;33,2;26,6;725,0;31,5;0,1;8,98E-2;-541,2;20,00;3,7;3,7;52,42;4,85;0,288;2,6;5,05;0,526
1289;27.06.2023;11:14:27;00:21:28;250,0;718,2;39,2;33,1;26,5;725,0;31,5;0,1;8,96E-2;-541,2;20,00;3,8;3,7;52,43;4,86;0,299;2,7;5,04;0,526
1290;27.06.2023;11:14:28;00:21:29;250,1;718,9;39,2;33,2;26,5;725,0;31,5;0,1;8,95E-2;-541,2;20,00;3,8;3,8;52,43;4,85;0,303;2,7;5,09;0,526
1291;27.06.2023;11:14:29;00:21:30;250,1;718,9;39,2;33,2;26,5;725,0;31,4;0,1;8,94E-2;-541,2;20,00;3,8;3,8;52,44;4,86;0,300;2,7;5,08;0,525
1292;27.06.2023;11:14:30;00:21:31;250,0;719,5;39,3;33,3;26,6;725,0;31,4;0,1;8,93E-2;-541,2;20,00;3,8;3,7;52,45;4,87;0,298;2,7;5,06;0,523
1293;27.06.2023;11:14:31;00:21:32;250,2;719,5;39,3;33,3;26,6;725,0;31,4;0,1;8,92E-2;-541,2;20,00;3,8;3,8;52,45;4,87;0,298;2,7;5,07;0,526
1294;27.06.2023;11:14:32;00:21:33;250,1;720,0;39,3;33,3;26,6;725,0;31,3;0,1;8,91E-2;-541,2;20,00;3,8;3,8;52,46;4,88;0,304;2,7;5,07;0,523
1295;27.06.2023;11:14:33;00:21:34;250,0;720,0;39,3;33,3;26,6;725,0;31,3;0,1;8,90E-2;-541,2;20,00;3,8;3,8;52,46;4,88;0,307;2,6;5,08;0,523
1296;27.06.2023;11:14:34;00:21:35;250,0;720,6;39,4;33,4;26,6;725,0;31,3;0,1;8,88E-2;-541,2;20,00;3,9;3,8;52,46;4,89;0,318;2,6;5,04;0,523
1297;27.06.2023;11:14:35;00:21:36;250,0;720,6;39,4;33,5;26,6;725,0;31,3;0,1;8,88E-2;-541,2;20,00;3,9;3,9;52,47;4,89;0,312;2,6;5,06;0,523
1298;27.06.2023;11:14:36;00:21:37;250,0;720,6;39,4;33,5;26,6;725,0;31,3;0,1;8,87E-2;-541,2;20,00;3,9;3,8;52,47;4,90;0,304;2,7;5,05;0,523
1299;27.06.2023;11:14:37;00:21:38;250,2;721,0;39,4;33,5;26,5;725,0;31,3;0,1;8,86E-2;-541,2;20,00;3,9;3,9;52,48;4,90;0,321;2,6;5,06;0,523
1300;27.06.2023;11:14:38;00:21:39;250,0;721,4;39,4;33,5;26,5;722,7;73,2;0,1;8,84E-2;-541,2;20,00;3,9;3,9;52,48;4,90;0,278;0,0;0,01;0,044
1301;27.06.2023;11:14:39;00:21:40;250,0;721,4;39,5;33,5;26,5;721,0;73,4;0,1;8,83E-2;-541,2;20,00;3,9;3,9;52,50;4,92;0,302;0,0;0,01;0,044
1302;27.06.2023;11:14:40;00:21:41;250,0;721,6;39,5;33,6;26,4;718,2;73,5;0,1;8,81E-2;-541,2;20,00;3,9;3,9;52,53;4,95;0,535;0,0;0,01;0,044
1303;27.06.2023;11:14:41;00:21:42;250,0;721,6;39,4;33,6;26,4;715,4;73,7;0,1;8,79E-2;-541,2;20,00;3,9;3,9;52,55;4,97;0,753;0,0;0,01;0,044
1304;27.06.2023;11:14:42;00:21:43;250,0;721,2;39,4;33,6;26,3;714,0;73,8;0,1;8,78E-2;-541,2;20,00;3,9;3,9;52,56;4,98;0,828;0,0;0,01;0,044
1305;27.06.2023;11:14:43;00:21:44;250,0;719,4;39,4;33,7;26,3;711,1;73,9;0,1;8,76E-2;-541,2;20,00;3,9;3,9;52,58;5,00;0,910;0,0;0,01;0,044
1306;27.06.2023;11:14:44;00:21:45;250,0;719,4;39,4;33,7;26,2;708,3;74,1;0,1;8,73E-2;-541,2;20,00;3,9;3,9;52,59;5,01;0,911;0,0;0,01;0,044
1307;27.06.2023;11:14:45;00:21:46;250,0;719,4;39,3;33,7;26,2;706,7;74,2;0,1;8,72E-2;-541,2;20,00;3,9;3,9;52,60;5,02;0,893;0,0;0,01;0,044
1308;27.06.2023;11:14:46;00:21:47;250,0;716,0;39,3;33,7;25,9;703,9;74,3;0,1;8,70E-2;-541,2;20,00;3,9;3,9;52,62;5,04;0,855;0,0;0,01;0,044
1309;27.06.2023;11:14:47;00:21:48;250,0;716,0;39,3;33,7;25,9;702,4;74,4;0,1;8,68E-2;-541,2;20,00;3,9;3,8;52,62;5,04;0,824;0,0;0,01;0,044
1310;27.06.2023;11:14:48;00:21:49;250,0;710,1;39,1;33,7;25,8;699,6;74,6;0,1;8,65E-2;-541,2;20,00;3,9;3,9;52,63;5,06;0,760;0,0;0,01;0,044
1311;27.06.2023;11:14:49;00:21:50;250,0;710,1;39,1;33,7;25,8;696,8;74,7;0,1;8,64E-2;-541,2;20,00;3,9;3,9;52,64;5,06;0,691;0,0;0,01;0,044
1312;27.06.2023;11:14:50;00:21:51;250,0;702,8;38,9;33,7;25,7;695,4;74,8;0,1;8,62E-2;-541,2;20,00;3,9;3,9;52,65;5,07;0,655;0,0;0,01;0,044
1313;27.06.2023;11:14:51;00:21:52;250,0;702,8;38,6;33,7;25,7;692,3;75,0;0,1;8,59E-2;-541,2;20,00;3,9;3,9;52,66;5,08;0,588;0,0;0,01;0,044
1314;27.06.2023;11:14:52;00:21:53;250,0;694,4;38,6;33,7;25,6;689,5;75,1;0,1;8,57E-2;-541,2;20,00;3,9;3,9;52,66;5,09;0,532;0,0;0,00;0,044
1315;27.06.2023;11:14:53;00:21:54;250,0;694,4;38,6;33,7;25,6;688,1;75,2;0,1;8,56E-2;-541,2;20,00;3,9;3,9;52,67;5,09;0,505;0,0;0,01;0,044
1316;27.06.2023;11:14:54;00:21:55;250,0;685,6;38,3;33,7;25,6;685,3;75,3;0,1;8,54E-2;-541,2;20,00;3,9;3,9;52,67;5,10;0,456;0,0;0,01;0,044
1317;27.06.2023;11:14:55;00:21:56;250,0;677,1;38,0;33,6;25,6;682,5;75,4;0,1;8,52E-2;-541,2;20,00;3,9;3,9;52,68;5,10;0,413;0,0;0,01;0,044
1318;27.06.2023;11:14:56;00:21:57;250,0;677,1;38,0;33,6;25,6;681,1;75,5;0,1;8,51E-2;-541,2;20,00;3,9;3,9;52,68;5,11;0,399;0,0;0,01;0,044
1319;27.06.2023;11:14:57;00:21:58;250,0;677,1;37,7;33,6;25,6;678,0;75,6;0,1;8,48E-2;-541,2;20,00;3,9;3,8;52,69;5,11;0,367;0,0;0,00;0,044
1320;27.06.2023;11:14:58;00:21:59;250,0;668,5;37,7;33,6;25,5;676,6;75,7;0,1;8,47E-2;-541,2;20,00;3,9;3,8;52,69;5,12;0,354;0,0;0,01;0,044
1321;27.06.2023;11:14:59;00:22:00;250,0;668,5;37,4;33,6;25,5;673,8;75,8;0,1;8,45E-2;-541,2;20,00;3,9;3,9;52,70;5,12;0,335;0,0;0,01;0,044
1322;27.06.2023;11:15:00;00:22:01;250,0;660,0;37,4;33,6;25,5;671,0;76,0;0,1;8,42E-2;-541,2;20,00;3,9;3,9;52,70;5,13;0,316;0,0;0,01;0,044
1323;27.06.2023;11:15:01;00:22:02;250,0;660,0;37,4;33,6;25,5;669,5;76,0;0,1;8,41E-2;-541,2;20,00;3,9;3,8;52,71;5,13;0,300;0,0;0,00;0,044
1324;27.06.2023;11:15:02;00:22:03;250,0;651,2;37,1;33,6;25,5;666,7;76,1;0,1;8,40E-2;-541,2;20,00;3,9;3,9;52,71;5,14;0,288;0,0;0,01;0,044
1325;27.06.2023;11:15:03;00:22:04;250,0;642,6;36,8;33,5;25,5;663,7;76,3;0,1;8,37E-2;-541,2;20,00;3,9;3,9;52,72;5,14;0,266;0,0;0,01;0,044
1326;27.06.2023;11:15:04;00:22:05;250,0;642,6;36,8;33,5;25,5;662,3;76,3;0,1;8,36E-2;-541,2;20,00;3,9;3,9;52,72;5,14;0,257;0,0;0,01;0,044
1327;27.06.2023;11:15:05;00:22:06;250,0;642,6;36,4;33,5;25,5;659,4;76,4;0,1;8,35E-2;-541,2;20,00;3,9;3,9;52,72;5,15;0,244;0,0;0,01;0,044
1328;27.06.2023;11:15:06;00:22:07;250,0;634,1;36,4;33,5;25,5;656,6;76,6;0,1;8,33E-2;-541,2;20,00;3,9;3,9;52,73;5,15;0,237;0,0;0,01;0,044
1329;27.06.2023;11:15:07;00:22:08;250,0;634,1;36,4;33,5;25,5;655,2;76,6;0,1;8,32E-2;-541,2;20,00;3,9;3,9;52,73;5,15;0,229;0,0;0,01;0,044
1330;27.06.2023;11:15:08;00:22:09;250,0;625,0;36,0;33,4;25,5;652,4;76,7;0,1;8,30E-2;-541,2;20,00;3,9;3,9;52,73;5,15;0,212;0,0;0,01;0,044
1331;27.06.2023;11:15:09;00:22:10;250,0;625,0;35,7;33,3;25,5;649,3;76,8;0,1;8,29E-2;-541,2;20,00;3,9;3,9;52,74;5,16;0,202;0,0;0,01;0,044
1332;27.06.2023;11:15:10;00:22:11;250,0;616,5;35,7;33,3;25,5;647,9;76,9;0,1;8,28E-2;-541,2;20,00;3,9;3,8;52,74;5,16;0,197;0,0;0,01;0,044
1333;27.06.2023;11:15:11;00:22:12;250,0;616,5;35,4;33,3;25,5;645,1;77,0;0,1;8,26E-2;-541,2;20,00;3,9;3,9;52,74;5,16;0,183;0,0;0,01;0,044
1334;27.06.2023;11:15:12;00:22:13;250,0;616,5;35,4;33,2;25,5;643,7;77,0;0,1;8,25E-2;-541,2;20,00;3,9;3,8;52,74;5,17;0,176;0,0;0,01;0,044
1335;27.06.2023;11:15:13;00:22:14;250,0;608,0;35,4;33,2;25,5;640,9;77,1;0,1;8,24E-2;-541,2;20,00;3,9;3,8;52,75;5,17;0,172;0,0;0,01;0,044
1336;27.06.2023;11:15:14;00:22:15;250,0;599,6;35,0;33,2;25,5;638,1;77,2;0,1;8,23E-2;-541,2;20,00;3,9;3,9;52,75;5,17;0,174;0,0;0,01;0,044
1337;27.06.2023;11:15:15;00:22:16;250,0;599,6;35,0;33,2;25,5;636,6;77,3;0,1;8,22E-2;-541,2;20,00;3,9;3,9;52,75;5,17;0,169;0,0;0,01;0,044
1338;27.06.2023;11:15:16;00:22:17;250,0;592,0;34,7;33,1;25,5;633,6;77,4;0,1;8,20E-2;-541,2;20,00;3,9;3,9;52,75;5,18;0,159;0,0;0,01;0,044
1339;27.06.2023;11:15:17;00:22:18;250,0;592,0;34,5;33,1;25,5;630,8;77,5;0,1;8,18E-2;-541,2;20,00;3,9;3,9;52,76;5,18;0,156;0,0;0,00;0,044
1340;27.06.2023;11:15:18;00:22:19;250,0;584,4;34,5;33,0;25,5;629,4;77,5;0,1;8,18E-2;-541,2;20,00;3,9;3,9;52,76;5,18;0,148;0,0;0,01;0,044
1341;27.06.2023;11:15:19;00:22:20;250,0;584,4;34,2;32,9;25,5;626,5;77,6;0,1;8,17E-2;-541,2;20,00;3,9;3,9;52,76;5,18;0,142;0,0;0,00;0,044
1342;27.06.2023;11:15:20;00:22:21;250,0;577,0;34,2;32,9;25,5;623,7;77,7;0,1;8,16E-2;-541,2;20,00;3,9;3,8;52,76;5,19;0,137;0,0;0,01;0,044
1343;27.06.2023;11:15:21;00:22:22;250,0;577,0;34,2;32,9;25,5;622,3;77,7;0,1;8,15E-2;-541,2;20,00;3,9;3,9;52,76;5,19;0,140;0,0;0,01;0,044
1344;27.06.2023;11:15:22;00:22:23;250,0;569,6;33,9;32,9;25,4;619,3;77,8;0,1;8,13E-2;-541,2;20,00;3,9;3,9;52,77;5,19;0,137;0,0;0,01;0,044
1345;27.06.2023;11:15:23;00:22:24;250,0;562,4;33,6;32,8;25,4;616,4;77,9;0,1;8,13E-2;-541,2;20,00;3,9;3,9;52,77;5,19;0,137;0,0;0,01;0,044
1346;27.06.2023;11:15:24;00:22:25;250,0;562,4;33,6;32,8;25,4;615,0;77,9;0,1;8,12E-2;-541,2;20,00;3,9;3,9;52,77;5,19;0,137;0,0;0,01;0,044
1347;27.06.2023;11:15:25;00:22:26;250,0;562,4;33,3;32,8;25,4;612,2;78,0;0,1;8,11E-2;-541,2;20,00;3,9;3,9;52,77;5,20;0,133;0,0;0,01;0,044
1348;27.06.2023;11:15:26;00:22:27;250,0;555,2;33,3;32,7;25,4;610,8;78,0;0,1;8,10E-2;-541,2;20,00;3,9;3,9;52,77;5,20;0,130;0,0;0,01;0,044
1349;27.06.2023;11:15:27;00:22:28;250,0;555,2;33,3;32,7;25,4;608,0;78,1;0,1;8,09E-2;-541,2;20,00;3,9;3,9;52,78;5,20;0,127;0,0;0,00;0,044
1350;27.06.2023;11:15:28;00:22:29;250,0;547,5;33,0;32,5;25,4;604,9;78,2;0,1;8,07E-2;-541,2;20,00;3,9;3,9;52,78;5,20;0,113;0,0;0,00;0,044
1351;27.06.2023;11:15:29;00:22:30;250,0;547,5;33,0;32,5;25,4;603,5;78,2;0,1;8,07E-2;-541,2;20,00;3,9;3,9;52,78;5,20;0,110;0,0;0,01;0,044
1352;27.06.2023;11:15:30;00:22:31;250,0;540,0;32,7;32,4;25,4;600,7;78,3;0,1;8,06E-2;-541,2;20,00;3,9;3,9;52,78;5,20;0,107;0,0;0,00;0,044
1353;27.06.2023;11:15:31;00:22:32;250,0;540,0;32,5;32,4;25,3;597,9;78,3;0,1;8,05E-2;-541,2;20,00;3,9;3,9;52,78;5,21;0,105;0,0;0,00;0,044
1354;27.06.2023;11:15:32;00:22:33;250,0;540,0;32,5;32,3;25,3;596,5;78,4;0,1;8,05E-2;-541,2;20,00;3,9;3,9;52,78;5,21;0,106;0,0;0,00;0,044
1355;27.06.2023;11:15:33;00:22:34;250,0;532,6;32,5;32,3;25,3;593,6;78,4;0,1;8,03E-2;-541,2;20,00;3,9;3,9;52,79;5,21;0,110;0,0;0,01;0,044
1356;27.06.2023;11:15:34;00:22:35;250,0;525,3;32,2;32,1;25,3;590,6;78,5;0,1;8,02E-2;-541,2;20,00;3,9;3,9;52,79;5,21;0,115;0,0;0,01;0,044
1357;27.06.2023;11:15:35;00:22:36;250,0;525,3;32,0;32,1;25,3;589,2;78,5;0,1;8,01E-2;-541,2;20,00;3,9;3,9;52,79;5,21;0,115;0,0;0,00;0,043
1358;27.06.2023;11:15:36;00:22:37;250,0;518,6;32,0;32,0;25,3;586,4;78,5;0,1;8,01E-2;-541,2;20,00;3,9;3,9;52,79;5,22;0,105;0,0;0,01;0,044
1359;27.06.2023;11:15:37;00:22:38;250,0;518,6;32,0;32,0;25,3;584,9;78,6;0,1;8,00E-2;-541,2;20,00;3,9;3,9;52,79;5,22;0,102;0,0;0,01;0,044
1360;27.06.2023;11:15:38;00:22:39;250,0;512,0;31,8;31,9;25,3;582,1;78,6;0,1;7,99E-2;-541,2;20,00;3,9;3,9;52,79;5,22;0,092;0,0;0,01;0,044
1361;27.06.2023;11:15:39;00:22:40;250,0;505,5;31,5;31,8;25,3;579,3;78,7;0,1;7,98E-2;-541,2;20,00;3,9;3,9;52,80;5,22;0,090;0,0;0,01;0,044
1362;27.06.2023;11:15:40;00:22:41;250,0;505,5;31,5;31,8;25,3;577,7;78,7;0,1;7,98E-2;-541,2;20,00;3,9;3,9;52,80;5,22;0,089;0,0;0,00;0,044
1363;27.06.2023;11:15:41;00:22:42;250,0;505,5;31,3;31,8;25,3;574,8;78,7;0,1;7,96E-2;-541,2;20,00;3,9;4,0;52,80;5,22;0,090;0,0;0,01;0,044
1364;27.06.2023;11:15:42;00:22:43;250,0;499,1;31,3;31,7;25,3;572,0;78,8;0,1;7,95E-2;-541,2;20,00;3,9;3,9;52,80;5,22;0,091;0,0;0,01;0,044
1365;27.06.2023;11:15:43;00:22:44;250,0;499,1;31,3;31,7;25,3;570,6;78,8;0,1;7,95E-2;-541,2;20,00;3,9;3,9;52,80;5,22;0,092;0,0;0,01;0,044
1366;27.06.2023;11:15:44;00:22:45;250,0;492,7;31,1;31,6;25,3;567,8;78,8;0,1;7,94E-2;-541,2;20,00;3,9;3,9;52,80;5,23;0,088;0,0;0,01;0,044
1367;27.06.2023;11:15:45;00:22:46;250,0;492,7;30,9;31,6;25,3;565,0;78,8;0,1;7,93E-2;-541,2;20,00;3,9;3,9;52,81;5,23;0,085;0,0;0,01;0,044
1368;27.06.2023;11:15:46;00:22:47;250,0;486,4;30,9;31,5;25,3;563,3;78,9;0,1;7,93E-2;-541,2;20,00;3,9;3,9;52,81;5,23;0,088;0,0;0,01;0,044
1369;27.06.2023;11:15:47;00:22:48;250,0;486,3;30,8;31,4;25,3;560,5;78,9;0,1;7,91E-2;-541,2;20,00;3,9;3,9;52,81;5,23;0,084;0,0;0,00;0,044
1370;27.06.2023;11:15:48;00:22:49;250,0;479,5;30,6;31,2;25,2;557,7;78,9;0,1;7,90E-2;-541,2;20,00;3,9;3,9;52,81;5,23;0,083;0,0;0,01;0,044
1371;27.06.2023;11:15:49;00:22:50;250,0;479,5;30,6;31,2;25,2;556,3;78,9;0,1;7,90E-2;-541,2;20,00;3,9;3,9;52,81;5,23;0,082;0,0;0,00;0,044
1372;27.06.2023;11:15:50;00:22:51;250,0;479,5;30,4;31,1;25,2;553,5;78,9;0,1;7,89E-2;-541,2;20,00;3,9;3,9;52,81;5,23;0,083;0,0;0,00;0,044
1373;27.06.2023;11:15:51;00:22:52;250,0;472,7;30,4;31,1;25,2;552,0;79,0;0,1;7,89E-2;-541,2;20,00;3,9;3,9;52,81;5,24;0,082;0,0;0,01;0,044
1374;27.06.2023;11:15:52;00:22:53;250,0;466,0;30,2;31,0;25,2;549,0;79,0;0,1;7,88E-2;-541,2;20,00;3,9;3,9;52,81;5,24;0,085;0,0;0,01;0,044
1375;27.06.2023;11:15:53;00:22:54;250,0;466,0;30,2;31,0;25,2;546,2;79,0;0,1;7,87E-2;-541,2;20,00;3,9;3,9;52,82;5,24;0,081;0,0;0,01;0,044
1376;27.06.2023;11:15:54;00:22:55;250,0;459,4;30,0;30,8;25,2;544,8;79,0;0,1;7,86E-2;-541,2;20,00;3,9;3,9;52,82;5,24;0,078;0,0;0,00;0,044
1377;27.06.2023;11:15:55;00:22:56;250,0;459,4;29,8;30,8;25,2;541,9;79,0;0,1;7,85E-2;-541,2;20,00;3,9;3,9;52,82;5,24;0,077;0,0;0,01;0,044
1378;27.06.2023;11:15:56;00:22:57;250,0;453,6;29,8;30,7;25,2;539,1;79,0;0,1;7,84E-2;-541,2;20,00;3,9;3,9;52,82;5,24;0,074;0,0;0,01;0,044
1379;27.06.2023;11:15:57;00:22:58;250,0;453,6;29,8;30,7;25,2;537,7;79,0;0,1;7,84E-2;-541,2;20,00;3,9;3,9;52,82;5,24;0,075;0,0;0,00;0,044
1380;27.06.2023;11:15:58;00:22:59;250,0;447,8;29,6;30,6;25,2;534,7;79,0;0,1;7,84E-2;-541,2;20,00;3,9;3,9;52,82;5,24;0,076;0,0;0,00;0,044
1381;27.06.2023;11:15:59;00:23:00;250,0;447,8;29,5;30,6;25,2;531,8;79,0;0,1;7,83E-2;-541,2;20,00;3,9;3,9;52,82;5,25;0,073;0,0;0,00;0,044
1382;27.06.2023;11:16:00;00:23:01;250,0;442,0;29,5;30,5;25,2;530,4;79,0;0,1;7,83E-2;-541,2;20,00;3,9;3,9;52,82;5,25;0,072;0,0;0,01;0,044
1383;27.06.2023;11:16:01;00:23:02;250,0;442,0;29,5;30,5;25,2;527,6;79,0;0,1;7,82E-2;-541,2;20,00;3,9;3,9;52,83;5,25;0,072;0,0;0,01;0,044
1384;27.06.2023;11:16:02;00:23:03;250,0;436,4;29,3;30,4;25,2;526,2;79,0;0,1;7,81E-2;-541,2;20,00;3,9;3,9;52,83;5,25;0,069;0,0;0,00;0,044
1385;27.06.2023;11:16:03;00:23:04;250,0;436,4;29,2;30,4;25,2;523,4;79,0;0,1;7,80E-2;-541,2;20,00;3,9;3,9;52,83;5,25;0,067;0,0;0,00;0,044
1386;27.06.2023;11:16:04;00:23:05;250,0;430,8;29,2;30,2;25,2;520,3;79,0;0,1;7,79E-2;-541,2;20,00;3,9;3,9;52,83;5,25;0,074;0,0;0,01;0,044
1387;27.06.2023;11:16:05;00:23:06;250,0;430,8;29,2;30,2;25,2;518,9;79,0;0,1;7,79E-2;-541,2;20,00;3,9;3,9;52,83;5,25;0,075;0,0;0,01;0,044
1388;27.06.2023;11:16:06;00:23:07;250,0;425,2;29,0;30,1;25,2;516,1;79,0;0,1;7,79E-2;-541,2;20,00;3,9;3,9;52,83;5,25;0,067;0,0;0,01;0,044
1389;27.06.2023;11:16:07;00:23:08;250,0;425,3;29,0;30,1;25,2;513,3;79,0;0,1;7,78E-2;-541,2;20,00;3,9;4,0;52,83;5,26;0,073;0,0;0,00;0,044
1390;27.06.2023;11:16:08;00:23:09;250,0;425,3;28,9;30,0;25,2;511,9;79,0;0,1;7,78E-2;-541,2;20,00;3,9;3,9;52,83;5,26;0,070;0,0;0,00;0,044
1391;27.06.2023;11:16:09;00:23:10;250,0;419,4;28,9;30,0;25,2;509,0;78,9;0,1;7,76E-2;-541,2;20,00;3,9;3,9;52,83;5,26;0,069;0,0;0,01;0,044
1392;27.06.2023;11:16:10;00:23:11;250,0;413,7;28,7;29,9;25,2;506,0;78,9;0,1;7,75E-2;-541,2;20,00;3,9;3,9;52,84;5,26;0,062;0,0;0,00;0,044
1393;27.06.2023;11:16:11;00:23:12;250,0;413,7;28,7;29,9;25,2;504,6;78,9;0,1;7,75E-2;-541,2;20,00;3,9;3,9;52,84;5,26;0,061;0,0;0,01;0,044
1394;27.06.2023;11:16:12;00:23:13;250,0;408,0;28,5;29,8;25,2;501,8;78,9;0,1;7,74E-2;-541,2;20,00;3,9;4,0;52,84;5,26;0,061;0,0;0,00;0,044
1395;27.06.2023;11:16:13;00:23:14;250,0;408,0;28,4;29,8;25,2;498,9;78,9;0,1;7,74E-2;-541,2;20,00;3,9;3,9;52,84;5,26;0,060;0,0;0,01;0,044
1396;27.06.2023;11:16:14;00:23:15;250,0;402,4;28,4;29,6;25,2;497,5;78,8;0,1;7,74E-2;-541,2;20,00;3,9;3,9;52,84;5,26;0,062;0,0;0,01;0,044
1397;27.06.2023;11:16:15;00:23:16;250,0;402,4;28,3;29,6;25,2;494,7;78,8;0,1;7,73E-2;-541,2;20,00;3,9;3,9;52,84;5,26;0,059;0,0;0,01;0,044
1398;27.06.2023;11:16:16;00:23:17;250,0;402,4;28,3;29,6;25,2;493,3;78,8;0,1;7,72E-2;-541,2;20,00;3,9;3,9;52,84;5,26;0,059;0,0;0,01;0,044
1399;27.06.2023;11:16:17;00:23:18;250,0;397,2;28,3;29,5;25,2;490,2;78,8;0,1;7,71E-2;-541,2;20,00;3,9;3,9;52,84;5,26;0,054;0,0;0,01;0,044
1400;27.06.2023;11:16:18;00:23:19;250,0;392,1;28,1;29,4;25,2;487,4;78,7;0,1;7,70E-2;-541,2;20,00;3,9;3,9;52,84;5,27;0,058;0,0;0,01;0,044
1401;27.06.2023;11:16:19;00:23:20;250,0;392,1;28,1;29,4;25,2;486,0;78,7;0,1;7,70E-2;-541,2;20,00;3,9;3,9;52,84;5,27;0,057;0,0;0,01;0,044
1402;27.06.2023;11:16:20;00:23:21;250,0;387,0;28,0;29,3;25,2;483,2;78,7;0,1;7,69E-2;-541,2;20,00;3,9;4,0;52,84;5,27;0,056;0,0;0,00;0,044
1403;27.06.2023;11:16:21;00:23:22;250,0;387,0;28,0;29,3;25,2;480,4;78,6;0,1;7,69E-2;-541,2;20,00;3,9;3,9;52,85;5,27;0,051;0,0;0,00;0,044
1404;27.06.2023;11:16:22;00:23:23;250,0;382,0;27,9;29,2;25,2;479,0;78,6;0,1;7,68E-2;-541,2;20,00;3,9;3,9;52,85;5,27;0,052;0,0;0,00;0,044
1405;27.06.2023;11:16:23;00:23:24;250,0;382,0;27,7;29,1;25,2;475,9;78,5;0,1;7,68E-2;-541,2;20,00;3,9;3,8;52,85;5,27;0,046;0,0;0,01;0,044
1406;27.06.2023;11:16:24;00:23:25;250,0;377,1;27,7;29,1;25,1;473,1;78,5;0,1;7,67E-2;-541,2;20,00;3,9;3,8;52,85;5,27;0,044;0,0;0,00;0,044
1407;27.06.2023;11:16:25;00:23:26;250,0;377,1;27,7;29,1;25,1;471,7;78,5;0,1;7,66E-2;-541,2;20,00;3,9;3,9;52,85;5,27;0,050;0,0;0,01;0,044
1408;27.06.2023;11:16:26;00:23:27;250,0;372,2;27,6;29,0;25,1;468,9;78,4;0,1;7,65E-2;-541,2;20,00;3,9;4,0;52,85;5,27;0,055;0,0;0,00;0,044
1409;27.06.2023;11:16:27;00:23:28;250,0;372,2;27,6;29,0;25,1;466,0;78,3;0,1;7,65E-2;-541,2;20,00;3,9;3,9;52,85;5,27;0,054;0,0;0,01;0,044
1410;27.06.2023;11:16:28;00:23:29;250,0;372,2;27,5;28,8;25,1;464,6;78,3;0,1;7,64E-2;-541,2;20,00;3,9;4,0;52,85;5,27;0,055;0,0;0,01;0,044
1411;27.06.2023;11:16:29;00:23:30;250,0;367,1;27,5;28,8;25,1;461,6;78,2;0,1;7,64E-2;-541,2;20,00;3,9;3,9;52,85;5,27;0,049;0,0;0,01;0,044
1412;27.06.2023;11:16:30;00:23:31;250,0;362,0;27,3;28,7;25,1;460,2;78,2;0,1;7,64E-2;-541,2;20,00;3,9;3,9;52,85;5,28;0,046;0,0;0,00;0,044
1413;27.06.2023;11:16:31;00:23:32;250,0;362,0;27,3;28,7;25,1;457,3;78,2;0,1;7,63E-2;-541,2;20,00;3,9;3,9;52,85;5,28;0,042;0,0;0,00;0,044
1414;27.06.2023;11:16:32;00:23:33;250,0;356,9;27,2;28,6;25,1;454,5;78,1;0,1;7,62E-2;-541,2;20,00;3,9;3,9;52,85;5,28;0,044;0,0;0,00;0,044
1415;27.06.2023;11:16:33;00:23:34;250,0;356,9;27,2;28,6;25,1;453,1;78,0;0,1;7,62E-2;-541,2;20,00;3,9;3,9;52,85;5,28;0,044;0,0;0,00;0,044
1416;27.06.2023;11:16:34;00:23:35;250,0;356,9;27,1;28,5;25,1;450,3;78,0;0,1;7,61E-2;-541,2;20,00;3,9;3,9;52,85;5,28;0,045;0,0;0,00;0,044
1417;27.06.2023;11:16:35;00:23:36;250,0;351,8;27,1;28,5;25,1;447,2;77,9;0,1;7,60E-2;-541,2;20,00;3,9;3,9;52,85;5,28;0,045;0,0;0,00;0,044
1418;27.06.2023;11:16:36;00:23:37;250,0;351,8;26,9;28,4;25,1;445,8;77,9;0,1;7,59E-2;-541,2;20,00;3,9;3,8;52,86;5,28;0,042;0,0;0,01;0,044
1419;27.06.2023;11:16:37;00:23:38;250,0;347,0;26,9;28,4;25,1;443,0;77,8;0,1;7,59E-2;-541,2;20,00;3,9;3,9;52,86;5,28;0,044;0,0;0,01;0,044
1420;27.06.2023;11:16:38;00:23:39;250,0;347,0;26,8;28,3;25,1;440,2;77,7;0,1;7,59E-2;-541,2;20,00;3,9;3,9;52,86;5,28;0,043;0,0;0,01;0,044
1421;27.06.2023;11:16:39;00:23:40;250,0;342,3;26,8;28,3;25,1;438,8;77,7;0,1;7,58E-2;-541,2;20,00;3,9;3,9;52,86;5,28;0,042;0,0;0,00;0,044
1422;27.06.2023;11:16:40;00:23:41;250,0;337,6;26,7;28,2;25,1;436,0;77,6;0,1;7,58E-2;-541,2;20,00;3,9;3,9;52,86;5,28;0,046;0,0;0,00;0,044
1423;27.06.2023;11:16:41;00:23:42;250,0;337,6;26,7;28,2;25,1;434,3;77,5;0,1;7,57E-2;-541,2;20,00;3,9;3,9;52,86;5,28;0,046;0,0;0,00;0,044
1424;27.06.2023;11:16:42;00:23:43;250,0;333,2;26,6;28,1;25,1;431,5;77,4;0,1;7,56E-2;-541,2;20,00;3,9;3,9;52,86;5,28;0,044;0,0;0,01;0,044
1425;27.06.2023;11:16:43;00:23:44;250,0;333,2;26,5;28,1;25,1;428,7;77,4;0,1;7,55E-2;-541,2;20,00;3,9;3,9;52,86;5,28;0,042;0,0;0,00;0,044
1426;27.06.2023;11:16:44;00:23:45;250,0;333,2;26,5;28,1;25,1;427,3;77,3;0,1;7,55E-2;-541,2;20,00;3,9;3,9;52,86;5,29;0,041;0,0;0,01;0,044
1427;27.06.2023;11:16:45;00:23:46;250,0;328,8;26,5;27,9;25,1;424,4;77,2;0,1;7,54E-2;-541,2;20,00;3,9;3,9;52,86;5,29;0,040;0,0;0,00;0,044
1428;27.06.2023;11:16:46;00:23:47;250,0;324,4;26,4;27,8;25,1;421,6;77,1;0,1;7,54E-2;-541,2;20,00;3,9;3,9;52,86;5,29;0,039;0,0;0,00;0,044
1429;27.06.2023;11:16:47;00:23:48;250,0;324,4;26,4;27,8;25,1;420,0;77,1;0,1;7,54E-2;-541,2;20,00;3,9;3,9;52,86;5,29;0,038;0,0;0,01;0,044
1430;27.06.2023;11:16:48;00:23:49;250,0;319,7;26,1;27,6;24,9;417,2;77,0;0,1;7,53E-2;-541,2;20,00;3,9;3,9;52,86;5,29;0,041;0,0;0,01;0,044
1431;27.06.2023;11:16:49;00:23:50;250,0;319,7;26,1;27,6;24,9;414,3;76,9;0,1;7,52E-2;-541,2;20,00;3,9;3,9;52,87;5,29;0,042;0,0;0,01;0,044
1432;27.06.2023;11:16:50;00:23:51;250,0;319,7;26,0;27,6;24,9;412,9;76,8;0,1;7,51E-2;-541,2;20,00;3,9;3,9;52,87;5,29;0,042;0,0;0,01;0,044
1433;27.06.2023;11:16:51;00:23:52;250,0;315,1;26,0;27,5;24,9;410,1;76,7;0,1;7,51E-2;-541,2;20,00;3,9;3,9;52,87;5,29;0,043;0,0;0,01;0,044
1434;27.06.2023;11:16:52;00:23:53;250,0;310,6;25,9;27,4;24,9;407,3;76,6;0,1;7,50E-2;-541,2;20,00;3,9;3,9;52,87;5,29;0,043;0,0;0,00;0,044
1435;27.06.2023;11:16:53;00:23:54;250,0;310,6;25,9;27,4;24,9;405,6;76,5;0,1;7,50E-2;-541,2;20,00;3,9;3,8;52,87;5,29;0,042;0,0;0,00;0,044
1436;27.06.2023;11:16:54;00:23:55;250,0;310,6;25,8;27,3;24,9;402,8;76,4;0,1;7,49E-2;-541,2;20,00;3,9;3,9;52,87;5,29;0,044;0,0;0,01;0,044
1437;27.06.2023;11:16:55;00:23:56;250,0;306,2;25,8;27,3;24,9;401,4;76,3;0,1;7,49E-2;-541,2;20,00;3,9;3,9;52,87;5,29;0,045;0,0;0,00;0,044
1438;27.06.2023;11:16:56;00:23:57;250,0;302,1;25,7;27,2;24,9;398,6;76,2;0,1;7,48E-2;-541,2;20,00;3,9;3,9;52,87;5,29;0,042;0,0;0,01;0,044
1439;27.06.2023;11:16:57;00:23:58;250,0;302,1;25,7;27,2;24,8;395,8;76,1;0,1;7,47E-2;-541,2;20,00;3,9;3,8;52,87;5,29;0,040;0,0;0,01;0,044
1440;27.06.2023;11:16:58;00:23:59;250,0;298,0;25,6;27,1;24,8;394,4;76,1;0,1;7,47E-2;-541,2;20,00;3,9;3,9;52,87;5,29;0,046;0,0;0,00;0,044
1441;27.06.2023;11:16:59;00:24:00;250,0;298,0;25,5;27,1;24,8;391,3;75,9;0,1;7,46E-2;-541,2;20,00;3,9;3,9;52,87;5,30;0,045;0,0;0,01;0,044
1442;27.06.2023;11:17:00;00:24:01;250,0;294,0;25,5;27,0;24,8;388,5;75,8;0,1;7,45E-2;-541,2;20,00;3,9;3,9;52,87;5,30;0,043;0,0;0,00;0,044
1443;27.06.2023;11:17:01;00:24:02;250,0;294,0;25,5;27,0;24,8;387,1;75,7;0,1;7,45E-2;-541,2;20,00;3,9;3,9;52,87;5,30;0,044;0,0;0,01;0,044
1444;27.06.2023;11:17:02;00:24:03;250,0;290,0;25,4;26,9;24,8;384,3;75,6;0,1;7,44E-2;-541,2;20,00;3,9;3,9;52,87;5,30;0,040;0,0;0,00;0,044
1445;27.06.2023;11:17:03;00:24:04;250,0;290,0;25,3;26,8;24,8;381,4;75,5;0,1;7,44E-2;-541,2;20,00;3,9;3,9;52,88;5,30;0,035;0,0;0,00;0,044
1446;27.06.2023;11:17:04;00:24:05;250,0;290,0;25,3;26,8;24,8;380,0;75,4;0,1;7,44E-2;-541,2;20,00;3,9;3,9;52,88;5,30;0,037;0,0;0,00;0,044
1447;27.06.2023;11:17:05;00:24:06;250,0;286,0;25,3;26,8;24,8;377,0;75,3;0,1;7,43E-2;-541,2;20,00;3,9;3,9;52,88;5,30;0,039;0,0;0,00;0,044
1448;27.06.2023;11:17:06;00:24:07;250,0;282,2;25,2;26,7;24,8;374,2;75,1;0,1;7,42E-2;-541,2;20,00;3,9;3,9;52,88;5,30;0,037;0,0;0,01;0,044
1449;27.06.2023;11:17:07;00:24:08;250,0;282,2;25,3;26,7;24,8;372,7;75,0;0,1;7,41E-2;-541,2;20,00;3,9;3,9;52,88;5,30;0,033;0,0;0,00;0,044
1450;27.06.2023;11:17:08;00:24:09;250,0;278,1;25,2;26,6;24,8;369,9;74,9;0,1;7,40E-2;-541,2;20,00;3,9;3,9;52,88;5,30;0,036;0,0;0,00;0,044
1451;27.06.2023;11:17:09;00:24:10;250,0;278,1;25,2;26,6;24,8;368,5;74,8;0,1;7,40E-2;-541,2;20,00;3,9;4,0;52,88;5,30;0,041;0,0;0,01;0,044
1452;27.06.2023;11:17:10;00:24:11;250,0;278,1;25,1;26,5;24,8;365,7;74,7;0,1;7,39E-2;-541,2;20,00;3,9;3,9;52,88;5,30;0,037;0,0;0,00;0,044
1453;27.06.2023;11:17:11;00:24:12;250,0;274,0;25,1;26,5;24,8;362,6;74,5;0,1;7,39E-2;-541,2;20,00;3,9;3,9;52,88;5,30;0,039;0,0;0,01;0,044
1454;27.06.2023;11:17:12;00:24:13;250,0;274,0;25,0;26,4;24,8;361,2;74,4;0,1;7,39E-2;-541,2;20,00;3,9;3,9;52,88;5,30;0,035;0,0;0,01;0,044
1455;27.06.2023;11:17:13;00:24:14;250,0;269,9;25,0;26,4;24,8;358,4;74,3;0,1;7,38E-2;-541,2;20,00;3,9;3,9;52,88;5,30;0,031;0,0;0,01;0,044
1456;27.06.2023;11:17:14;00:24:15;250,0;269,9;24,9;26,3;24,8;355,6;74,1;0,1;7,37E-2;-541,2;20,00;3,9;3,9;52,88;5,31;0,033;0,0;0,01;0,044
1457;27.06.2023;11:17:15;00:24:16;250,0;265,9;24,9;26,3;24,8;354,2;74,1;0,1;7,36E-2;-541,2;20,00;3,9;3,9;52,88;5,31;0,036;0,0;0,01;0,044
1458;27.06.2023;11:17:16;00:24:17;250,0;262,2;24,8;26,2;24,8;351,4;73,9;0,1;7,36E-2;-541,2;20,00;3,9;3,9;52,88;5,31;0,033;0,0;0,01;0,044
1459;27.06.2023;11:17:17;00:24:18;250,0;262,2;24,7;26,2;24,8;348,3;73,7;0,1;7,35E-2;-541,2;20,00;3,9;3,9;52,88;5,31;0,032;0,0;0,01;0,044
1460;27.06.2023;11:17:18;00:24:19;250,0;258,6;24,7;26,1;24,8;346,9;73,6;0,1;7,35E-2;-541,2;20,00;3,9;3,9;52,88;5,31;0,034;0,0;0,01;0,044
1461;27.06.2023;11:17:19;00:24:20;250,0;258,6;24,7;26,1;24,8;344,1;73,5;0,1;7,34E-2;-541,2;20,00;3,9;3,9;52,88;5,31;0,038;0,0;0,00;0,044
1462;27.06.2023;11:17:20;00:24:21;250,0;258,6;24,7;26,1;24,8;342,7;73,4;0,1;7,35E-2;-541,2;20,00;3,9;4,0;52,88;5,31;0,038;0,0;0,00;0,044
1463;27.06.2023;11:17:21;00:24:22;250,0;254,9;24,6;26,1;24,8;339,8;73,2;0,1;7,34E-2;-541,2;20,00;3,9;3,9;52,89;5,31;0,035;0,0;0,01;0,044
1464;27.06.2023;11:17:22;00:24:23;250,0;254,9;24,5;26,0;24,8;337,0;73,1;0,1;7,34E-2;-541,2;20,00;3,9;3,9;52,89;5,31;0,037;0,0;0,01;0,044
1465;27.06.2023;11:17:23;00:24:24;250,0;251,2;24,5;26,0;24,8;335,6;73,0;0,1;7,33E-2;-541,2;20,00;3,9;3,8;52,89;5,31;0,036;0,0;0,01;0,044
1466;27.06.2023;11:17:24;00:24:25;250,0;247,5;24,5;25,9;24,8;332,6;72,8;0,1;7,33E-2;-541,2;20,00;3,9;3,9;52,89;5,31;0,035;0,0;0,00;0,044
1467;27.06.2023;11:17:25;00:24:26;250,0;247,5;24,5;25,9;24,8;329,7;72,6;0,1;7,32E-2;-541,2;20,00;3,9;3,8;52,89;5,31;0,031;0,0;0,01;0,044
1468;27.06.2023;11:17:26;00:24:27;250,0;243,9;24,4;25,8;24,8;328,3;72,5;0,1;7,32E-2;-541,2;20,00;3,9;3,9;52,89;5,31;0,031;0,0;0,01;0,044
1469;27.06.2023;11:17:27;00:24:28;250,0;243,9;24,3;25,8;24,8;325,5;72,3;0,1;7,31E-2;-541,2;20,00;3,9;3,9;52,89;5,31;0,034;0,0;0,01;0,044
1470;27.06.2023;11:17:28;00:24:29;250,0;243,8;24,2;25,7;24,7;322,7;72,1;0,1;7,31E-2;-541,2;20,00;3,9;3,9;52,89;5,31;0,033;0,0;0,00;0,044
1471;27.06.2023;11:17:29;00:24:30;250,0;240,1;24,2;25,7;24,7;321,3;72,0;0,1;7,31E-2;-541,2;20,00;3,9;3,9;52,89;5,31;0,035;0,0;0,01;0,044
1472;27.06.2023;11:17:30;00:24:31;250,0;240,1;24,2;25,7;24,7;318,2;71,8;0,1;7,30E-2;-541,2;20,00;3,9;3,9;52,89;5,31;0,035;0,0;0,01;0,044
1473;27.06.2023;11:17:31;00:24:32;250,0;236,4;24,2;25,6;24,7;315,4;71,7;0,1;7,30E-2;-541,2;20,00;3,9;3,9;52,89;5,31;0,038;0,0;0,01;0,044
1474;27.06.2023;11:17:32;00:24:33;250,0;236,4;24,1;25,5;24,7;314,0;71,6;0,1;7,30E-2;-541,2;20,00;3,9;3,9;52,89;5,31;0,034;0,0;0,01;0,044
1475;27.06.2023;11:17:33;00:24:34;250,0;232,8;24,1;25,5;24,7;311,2;71,4;0,1;7,29E-2;-541,2;20,00;3,9;3,9;52,89;5,32;0,038;0,0;0,01;0,044
1476;27.06.2023;11:17:34;00:24:35;250,0;232,8;24,0;25,5;24,7;309,8;71,3;0,1;7,29E-2;-541,2;20,00;3,9;3,9;52,89;5,31;0,037;0,0;0,01;0,044
1477;27.06.2023;11:17:35;00:24:36;250,0;229,2;24,0;25,4;24,7;306,9;71,1;0,1;7,28E-2;-541,2;20,00;3,9;3,9;52,89;5,32;0,037;0,0;0,00;0,044
1478;27.06.2023;11:17:36;00:24:37;250,0;225,9;23,9;25,3;24,7;303,9;70,8;0,1;7,28E-2;-541,2;20,00;3,9;3,9;52,89;5,32;0,032;0,0;0,00;0,044
1479;27.06.2023;11:17:37;00:24:38;250,0;225,9;23,9;25,3;24,7;302,5;70,7;0,1;7,27E-2;-541,2;20,00;3,9;3,9;52,89;5,32;0,032;0,0;0,00;0,044
1480;27.06.2023;11:17:38;00:24:39;250,0;225,9;23,9;25,2;24,7;299,7;70,5;0,1;7,26E-2;-541,2;20,00;3,9;3,9;52,90;5,32;0,034;0,0;0,01;0,044
1481;27.06.2023;11:17:39;00:24:40;250,0;222,6;23,9;25,2;24,6;296,8;70,3;0,1;7,26E-2;-541,2;20,00;3,9;3,9;52,90;5,32;0,032;0,0;0,01;0,044
1482;27.06.2023;11:17:40;00:24:41;250,0;222,6;23,8;25,2;24,6;295,4;70,2;0,1;7,25E-2;-541,2;20,00;3,9;3,9;52,90;5,32;0,034;0,0;0,01;0,044
1483;27.06.2023;11:17:41;00:24:42;250,0;219,4;23,8;25,2;24,6;292,6;70,0;0,1;7,25E-2;-541,2;20,00;3,9;3,9;52,90;5,32;0,035;0,0;0,01;0,044
1484;27.06.2023;11:17:42;00:24:43;250,0;216,2;23,7;25,1;24,6;289,5;69,8;0,1;7,25E-2;-541,2;20,00;3,9;3,9;52,90;5,32;0,035;0,0;0,01;0,044
1485;27.06.2023;11:17:43;00:24:44;250,0;216,2;23,7;25,1;24,6;288,1;69,7;0,1;7,24E-2;-541,2;20,00;3,9;3,9;52,90;5,32;0,033;0,0;0,00;0,044
1486;27.06.2023;11:17:44;00:24:45;250,0;213,0;23,7;25,0;24,6;285,3;69,5;0,1;7,23E-2;-541,2;20,00;3,9;3,9;52,90;5,32;0,030;0,0;0,00;0,044
1487;27.06.2023;11:17:45;00:24:46;250,0;213,0;23,7;25,0;24,6;282,5;69,2;0,1;7,23E-2;-541,2;20,00;3,9;3,9;52,90;5,32;0,028;0,0;0,01;0,044
1488;27.06.2023;11:17:46;00:24:47;250,0;209,8;23,6;24,9;24,6;281,1;69,1;0,1;7,22E-2;-541,2;20,00;3,9;3,9;52,90;5,32;0,029;0,0;0,00;0,044
1489;27.06.2023;11:17:47;00:24:48;250,0;209,8;23,6;24,9;24,6;278,3;68,9;0,1;7,21E-2;-541,2;20,00;3,9;3,9;52,90;5,32;0,029;0,0;0,01;0,044
1490;27.06.2023;11:17:48;00:24:49;250,0;209,8;23,5;24,9;24,6;276,6;68,8;0,1;7,21E-2;-541,2;20,00;3,9;3,9;52,90;5,32;0,026;0,0;0,01;0,044
1491;27.06.2023;11:17:49;00:24:50;250,0;206,5;23,5;24,8;24,6;273,8;68,5;0,1;7,20E-2;-541,2;20,00;3,9;3,9;52,90;5,32;0,028;0,0;0,00;0,044
1492;27.06.2023;11:17:50;00:24:51;250,0;206,5;23,4;24,8;24,6;271,0;68,3;0,1;7,20E-2;-541,2;20,00;3,9;3,9;52,90;5,32;0,027;0,0;0,01;0,044
1493;27.06.2023;11:17:51;00:24:52;250,0;203,2;23,4;24,8;24,6;269,6;68,2;0,1;7,19E-2;-541,2;20,00;3,9;3,9;52,90;5,33;0,029;0,0;0,01;0,044
1494;27.06.2023;11:17:52;00:24:53;250,0;199,9;23,3;24,7;24,6;266,8;68,0;0,1;7,19E-2;-541,2;20,00;3,9;3,9;52,90;5,33;0,029;0,0;0,01;0,044
1495;27.06.2023;11:17:53;00:24:54;250,0;199,9;23,3;24,7;24,5;263,9;67,7;0,1;7,18E-2;-541,2;20,00;3,9;3,8;52,90;5,33;0,028;0,0;0,01;0,044
1496;27.06.2023;11:17:54;00:24:55;250,0;199,9;23,3;24,7;24,5;262,5;67,6;0,1;7,18E-2;-541,2;20,00;3,9;3,8;52,90;5,33;0,028;0,0;0,00;0,044
1497;27.06.2023;11:17:55;00:24:56;250,0;196,7;23,3;24,6;24,5;259,5;67,3;0,1;7,17E-2;-541,2;20,00;3,9;3,9;52,90;5,33;0,031;0,0;0,00;0,044
1498;27.06.2023;11:17:56;00:24:57;250,0;193,8;23,2;24,5;24,5;256,6;67,1;0,1;7,16E-2;-541,2;20,00;3,9;3,9;52,90;5,33;0,034;0,0;0,01;0,044
1499;27.06.2023;11:17:57;00:24:58;250,0;193,8;23,2;24,5;24,5;255,2;67,0;0,1;7,16E-2;-541,2;20,00;3,9;3,9;52,90;5,33;0,036;0,0;0,01;0,044
1500;27.06.2023;11:17:58;00:24:59;250,0;193,8;23,2;24,5;24,5;252,4;66,7;0,1;7,16E-2;-541,2;20,00;3,9;3,9;52,91;5,33;0,037;0,0;0,01;0,044
1501;27.06.2023;11:17:59;00:25:00;250,0;190,9;23,2;24,5;24,5;251,0;66,6;0,1;7,15E-2;-541,2;20,00;3,9;3,9;52,91;5,33;0,038;0,0;0,00;0,044
1502;27.06.2023;11:18:00;00:25:01;250,0;190,9;23,1;24,4;24,5;248,2;66,4;0,1;7,15E-2;-541,2;20,00;3,9;3,9;52,91;5,33;0,033;0,0;0,00;0,044
1503;27.06.2023;11:18:01;00:25:02;250,0;188,0;23,1;24,4;24,5;245,1;66,1;0,1;7,14E-2;-541,2;20,00;3,9;3,9;52,91;5,33;0,032;0,0;0,01;0,044
1504;27.06.2023;11:18:02;00:25:03;250,0;185,2;23,0;24,3;24,5;243,7;66,0;0,1;7,14E-2;-541,2;20,00;3,9;3,9;52,91;5,33;0,029;0,0;0,01;0,044
1505;27.06.2023;11:18:03;00:25:04;250,0;185,2;23,0;24,3;24,5;240,9;65,7;0,1;7,13E-2;-541,2;20,00;3,9;3,9;52,91;5,33;0,031;0,0;0,01;0,044
1506;27.06.2023;11:18:04;00:25:05;250,0;182,4;23,0;24,3;24,5;238,1;65,4;0,1;7,12E-2;-541,2;20,00;3,9;3,9;52,91;5,33;0,030;0,0;0,01;0,044
1507;27.06.2023;11:18:05;00:25:06;250,0;182,4;23,0;24,3;24,5;236,7;65,3;0,1;7,12E-2;-541,2;20,00;3,9;3,9;52,91;5,33;0,031;0,0;0,01;0,044
1508;27.06.2023;11:18:06;00:25:07;250,0;182,4;22,9;24,2;24,5;233,9;65,0;0,1;7,11E-2;-541,2;20,00;3,9;3,9;52,91;5,33;0,029;0,0;0,01;0,044
1509;27.06.2023;11:18:07;00:25:08;250,0;179,5;22,9;24,2;24,5;230,8;64,8;0,1;7,10E-2;-541,2;20,00;3,9;3,9;52,91;5,33;0,023;0,0;0,01;0,044
1510;27.06.2023;11:18:08;00:25:09;250,0;179,5;22,9;24,2;24,5;229,4;64,6;0,1;7,10E-2;-541,2;20,00;3,9;3,9;52,91;5,33;0,026;0,0;0,00;0,044
1511;27.06.2023;11:18:09;00:25:10;250,0;176,5;22,9;24,1;24,5;226,6;64,4;0,1;7,10E-2;-541,2;20,00;3,9;4,0;52,91;5,33;0,031;0,0;0,00;0,044
1512;27.06.2023;11:18:10;00:25:11;250,0;176,5;22,8;24,0;24,5;223,7;64,1;0,1;7,10E-2;-541,2;20,00;3,9;3,9;52,91;5,33;0,029;0,0;0,00;0,044
1513;27.06.2023;11:18:11;00:25:12;250,0;173,4;22,8;24,0;24,5;222,3;63,9;0,1;7,10E-2;-541,2;20,00;3,9;3,9;52,91;5,33;0,030;0,0;0,01;0,044
1514;27.06.2023;11:18:12;00:25:13;250,0;173,4;22,7;24,0;24,5;219,5;63,7;0,1;7,09E-2;-541,2;20,00;3,9;3,9;52,91;5,34;0,031;0,0;0,01;0,044
1515;27.06.2023;11:18:13;00:25:14;250,0;170,5;22,7;24,0;24,5;217,9;63,5;0,1;7,08E-2;-541,2;20,00;3,9;3,9;52,91;5,34;0,031;0,0;0,00;0,044
1516;27.06.2023;11:18:14;00:25:15;250,0;170,5;22,7;24,0;24,5;215,1;63,2;0,1;7,07E-2;-541,2;20,00;3,9;3,9;52,91;5,34;0,026;0,0;0,00;0,044
1517;27.06.2023;11:18:15;00:25:16;250,0;167,6;22,7;23,9;24,5;212,2;62,9;0,1;7,07E-2;-541,2;20,00;3,9;3,9;52,91;5,34;0,026;0,0;0,00;0,044
1518;27.06.2023;11:18:16;00:25:17;250,0;167,6;22,6;23,9;24,5;210,8;62,8;0,1;7,06E-2;-541,2;20,00;3,9;3,9;52,91;5,34;0,027;0,0;0,01;0,044
1519;27.06.2023;11:18:17;00:25:18;250,0;165,0;22,6;23,8;24,5;208,0;62,5;0,1;7,06E-2;-541,2;20,00;3,9;3,9;52,92;5,34;0,026;0,0;0,01;0,044
1520;27.06.2023;11:18:18;00:25:19;250,0;165,0;22,6;23,8;24,5;205,2;62,2;0,1;7,05E-2;-541,2;20,00;3,9;3,9;52,91;5,34;0,028;0,0;0,01;0,044
1521;27.06.2023;11:18:19;00:25:20;250,0;162,4;22,6;23,8;24,5;203,5;62,1;0,1;7,05E-2;-541,2;20,00;3,9;3,9;52,91;5,34;0,025;0,0;0,01;0,044
1522;27.06.2023;11:18:20;00:25:21;250,0;159,9;22,5;23,7;24,5;200,7;61,8;0,1;7,04E-2;-541,2;20,00;3,9;3,9;52,92;5,34;0,025;0,0;0,00;0,044
1523;27.06.2023;11:18:21;00:25:22;250,0;159,9;22,5;23,7;24,4;197,9;61,5;0,1;7,04E-2;-541,2;20,00;3,9;3,9;52,92;5,34;0,022;0,0;0,01;0,044
1524;27.06.2023;11:18:22;00:25:23;250,0;159,9;22,5;23,6;24,4;196,5;61,3;0,1;7,03E-2;-541,2;20,00;3,9;3,9;52,92;5,34;0,022;0,0;0,01;0,044
1525;27.06.2023;11:18:23;00:25:24;250,0;157,3;22,5;23,6;24,4;193,7;61,0;0,1;7,03E-2;-541,2;20,00;3,9;4,0;52,92;5,34;0,022;0,0;0,00;0,044
1526;27.06.2023;11:18:24;00:25:25;250,0;154,8;22,4;23,6;24,4;190,8;60,7;0,1;7,02E-2;-541,2;20,00;3,9;4,0;52,92;5,34;0,022;0,0;0,01;0,044
1527;27.06.2023;11:18:25;00:25:26;250,0;154,8;22,4;23,6;24,4;189,2;60,5;0,1;7,01E-2;-541,2;20,00;3,9;4,0;52,92;5,34;0,020;0,0;0,01;0,044
1528;27.06.2023;11:18:26;00:25:27;250,0;152,3;22,4;23,5;24,4;186,4;60,2;0,1;7,01E-2;-541,2;20,00;3,9;3,9;52,92;5,34;0,018;0,0;0,01;0,044
1529;27.06.2023;11:18:27;00:25:28;250,0;152,3;22,4;23,5;24,4;185,0;60,1;0,1;7,01E-2;-541,2;20,00;3,9;3,9;52,92;5,34;0,016;0,0;0,00;0,044
1530;27.06.2023;11:18:28;00:25:29;250,0;152,3;22,3;23,4;24,4;182,2;59,8;0,1;7,00E-2;-541,2;20,00;3,9;4,0;52,92;5,34;0,024;0,0;0,00;0,044
1531;27.06.2023;11:18:29;00:25:30;250,0;149,6;22,3;23,4;24,4;179,3;59,5;0,1;7,00E-2;-541,2;20,00;3,9;3,9;52,92;5,34;0,021;0,0;0,01;0,044
1532;27.06.2023;11:18:30;00:25:31;250,0;149,6;22,3;23,4;24,4;177,9;59,3;0,1;6,99E-2;-541,2;20,00;3,9;3,9;52,92;5,34;0,024;0,0;0,00;0,044
1533;27.06.2023;11:18:31;00:25:32;250,0;147,0;22,2;23,4;24,4;174,9;59,0;0,1;6,99E-2;-541,2;20,00;3,9;3,9;52,92;5,34;0,021;0,0;0,01;0,044
1534;27.06.2023;11:18:32;00:25:33;250,0;144,5;22,2;23,3;24,4;172,0;58,6;0,1;6,98E-2;-541,2;20,00;3,9;3,9;52,92;5,34;0,018;0,0;0,00;0,044
1535;27.06.2023;11:18:33;00:25:34;250,0;144,5;22,2;23,3;24,4;170,6;58,5;0,1;6,98E-2;-541,2;20,00;3,9;3,9;52,92;5,34;0,017;0,0;0,01;0,044
1536;27.06.2023;11:18:34;00:25:35;250,0;144,5;22,1;23,3;24,3;167,8;58,2;0,1;6,97E-2;-541,2;20,00;3,9;3,8;52,92;5,34;0,017;0,0;0,00;0,044
1537;27.06.2023;11:18:35;00:25:36;250,0;142,0;22,1;23,2;24,3;165,0;57,8;0,1;6,96E-2;-541,2;20,00;3,9;3,9;52,92;5,34;0,021;0,0;0,01;0,044
1538;27.06.2023;11:18:36;00:25:37;250,0;142,0;22,1;23,2;24,3;163,6;57,7;0,1;6,96E-2;-541,2;20,00;3,9;3,9;52,92;5,34;0,017;0,0;0,01;0,044
1539;27.06.2023;11:18:37;00:25:38;250,0;139,6;22,1;23,2;24,3;160,5;57,3;0,1;6,95E-2;-541,2;20,00;3,9;3,9;52,92;5,34;0,015;0,0;0,00;0,044
1540;27.06.2023;11:18:38;00:25:39;250,0;139,6;22,1;23,2;24,3;159,1;57,1;0,1;6,95E-2;-541,2;20,00;3,9;3,9;52,92;5,34;0,016;0,0;0,01;0,044
1541;27.06.2023;11:18:39;00:25:40;250,0;137,4;22,1;23,1;24,3;156,3;56,8;0,1;6,95E-2;-541,2;20,00;3,9;4,0;52,92;5,35;0,025;0,0;0,01;0,044
1542;27.06.2023;11:18:40;00:25:41;250,0;135,1;22,0;23,1;24,3;153,5;56,5;0,1;6,95E-2;-541,2;20,00;3,9;4,0;52,92;5,35;0,022;0,0;0,01;0,044
1543;27.06.2023;11:18:41;00:25:42;250,0;135,1;22,0;23,1;24,3;152,1;56,3;0,1;6,94E-2;-541,2;20,00;3,9;3,9;52,92;5,35;0,021;0,0;0,00;0,044
1544;27.06.2023;11:18:42;00:25:43;250,0;135,1;22,0;23,0;24,3;149,3;56,0;0,1;6,94E-2;-541,2;20,00;3,9;3,9;52,92;5,35;0,020;0,0;0,00;0,044
1545;27.06.2023;11:18:43;00:25:44;250,0;132,8;22,0;23,0;24,3;146,2;55,6;0,1;6,93E-2;-541,2;20,00;3,9;3,9;52,92;5,35;0,020;0,0;0,00;0,044
1546;27.06.2023;11:18:44;00:25:45;250,0;132,8;21,9;23,0;24,3;144,8;55,4;0,1;6,92E-2;-541,2;20,00;3,9;3,9;52,92;5,35;0,021;0,0;0,01;0,044
1547;27.06.2023;11:18:45;00:25:46;250,0;130,6;21,9;22,9;24,3;142,0;55,1;0,1;6,91E-2;-541,2;20,00;3,9;3,9;52,92;5,35;0,020;0,0;0,01;0,044
1548;27.06.2023;11:18:46;00:25:47;250,0;128,5;21,9;22,9;24,3;139,1;54,7;0,1;6,91E-2;-541,2;20,00;3,9;3,9;52,92;5,35;0,023;0,0;0,00;0,044
1549;27.06.2023;11:18:47;00:25:48;250,0;128,5;21,9;22,9;24,3;137,7;54,6;0,1;6,91E-2;-541,2;20,00;3,9;3,9;52,92;5,35;0,022;0,0;0,00;0,044
1550;27.06.2023;11:18:48;00:25:49;250,0;128,3;21,7;22,7;24,1;134,9;54,2;0,1;6,90E-2;-541,2;20,00;3,9;3,9;52,92;5,35;0,021;0,0;0,00;0,044
1551;27.06.2023;11:18:49;00:25:50;250,0;126,0;21,7;22,7;24,1;131,9;53,8;0,1;6,90E-2;-541,2;20,00;3,9;3,9;52,93;5,35;0,020;0,0;0,00;0,044
1552;27.06.2023;11:18:50;00:25:51;250,0;126,0;21,7;22,7;24,1;130,5;53,7;0,1;6,90E-2;-541,2;20,00;3,9;3,9;52,93;5,35;0,018;0,0;0,00;0,044
1553;27.06.2023;11:18:51;00:25:52;250,0;123,8;21,6;22,6;24,1;127,6;53,3;0,1;6,89E-2;-541,2;20,00;3,9;3,9;52,93;5,35;0,020;0,0;0,00;0,044
1554;27.06.2023;11:18:52;00:25:53;250,0;123,8;21,6;22,6;24,1;126,2;53,1;0,1;6,89E-2;-541,2;20,00;3,9;3,9;52,93;5,35;0,022;0,0;0,01;0,044
1555;27.06.2023;11:18:53;00:25:54;250,0;121,5;21,6;22,6;24,1;123,4;52,8;0,1;6,88E-2;-541,2;20,00;3,9;3,9;52,93;5,35;0,023;0,0;0,00;0,044
1556;27.06.2023;11:18:54;00:25:55;250,0;121,5;21,6;22,6;24,1;120,6;52,4;0,1;6,87E-2;-541,2;20,00;3,9;3,9;52,93;5,35;0,021;0,0;0,00;0,044
1557;27.06.2023;11:18:55;00:25:56;250,0;119,3;21,5;22,5;24,1;119,2;52,2;0,1;6,87E-2;-541,2;20,00;3,9;3,9;52,93;5,35;0,023;0,0;0,00;0,044
1558;27.06.2023;11:18:56;00:25:57;250,0;119,3;21,5;22,5;24,1;116,1;51,8;0,1;6,86E-2;-541,2;20,00;3,9;3,9;52,93;5,35;0,022;0,0;0,01;0,044
1559;27.06.2023;11:18:57;00:25:58;250,0;117,2;21,5;22,5;24,1;113,3;51,4;0,1;6,86E-2;-541,2;20,00;3,9;3,9;52,93;5,35;0,022;0,0;0,00;0,044
1560;27.06.2023;11:18:58;00:25:59;250,0;117,2;21,5;22,5;24,1;111,9;51,3;0,1;6,85E-2;-541,2;20,00;3,9;4,0;52,93;5,35;0,022;0,0;0,01;0,044
1561;27.06.2023;11:18:59;00:26:00;250,0;115,2;21,5;22,4;24,1;109,1;50,9;0,1;6,85E-2;-541,2;20,00;3,9;3,9;52,93;5,35;0,021;0,0;0,00;0,044
1562;27.06.2023;11:19:00;00:26:01;250,0;113,3;21,4;22,4;24,1;106,2;50,5;0,1;6,85E-2;-541,2;20,00;3,9;3,9;52,93;5,35;0,022;0,0;0,01;0,044
1563;27.06.2023;11:19:01;00:26:02;250,0;113,3;21,4;22,4;24,1;104,8;50,3;0,1;6,84E-2;-541,2;20,00;3,9;3,9;52,93;5,35;0,021;0,0;0,00;0,044
1564;27.06.2023;11:19:02;00:26:03;250,0;113,3;21,4;22,4;24,1;101,8;49,9;0,1;6,84E-2;-541,2;20,00;3,9;3,9;52,93;5,35;0,019;0,0;0,01;0,044
1565;27.06.2023;11:19:03;00:26:04;250,0;111,4;21,4;22,4;24,1;99,0;49,5;0,1;6,83E-2;-541,2;20,00;3,9;3,9;52,93;5,35;0,020;0,0;0,01;0,044
1566;27.06.2023;11:19:04;00:26:05;250,0;111,4;21,4;22,3;24,1;97,6;49,3;0,1;6,83E-2;-541,2;20,00;3,9;3,8;52,93;5,35;0,018;0,0;0,00;0,044
1567;27.06.2023;11:19:05;00:26:06;250,0;109,5;21,4;22,3;24,1;94,7;48,9;0,1;6,82E-2;-541,2;20,00;3,9;3,9;52,93;5,35;0,014;0,0;0,01;0,044
1568;27.06.2023;11:19:06;00:26:07;250,0;109,5;21,3;22,3;24,1;93,3;48,7;0,1;6,82E-2;-541,2;20,00;3,9;3,9;52,93;5,35;0,017;0,0;0,01;0,044
1569;27.06.2023;11:19:07;00:26:08;250,0;107,7;21,3;22,3;24,1;90,5;48,4;0,1;6,81E-2;-541,2;20,00;3,9;3,9;52,93;5,36;0,020;0,0;0,01;0,044
1570;27.06.2023;11:19:08;00:26:09;250,0;107,8;21,3;22,3;24,1;87,4;47,9;0,1;6,81E-2;-541,2;20,00;3,9;3,9;52,93;5,35;0,017;0,0;0,00;0,044
1571;27.06.2023;11:19:09;00:26:10;250,0;105,8;21,3;22,3;24,1;86,0;47,7;0,1;6,81E-2;-541,2;20,00;3,9;3,9;52,93;5,35;0,016;0,0;0,01;0,044
1572;27.06.2023;11:19:10;00:26:11;250,0;105,8;21,3;22,3;24,1;83,2;47,3;0,1;6,80E-2;-541,2;20,00;3,9;3,9;52,93;5,36;0,015;0,0;0,01;0,044
1573;27.06.2023;11:19:11;00:26:12;250,0;103,9;21,3;22,2;24,1;80,4;46,9;0,1;6,80E-2;-541,2;20,00;3,9;3,9;52,93;5,36;0,014;0,0;0,01;0,044
1574;27.06.2023;11:19:12;00:26:13;250,0;103,9;21,3;22,2;24,1;79,0;46,7;0,1;6,80E-2;-541,2;20,00;3,9;3,9;52,93;5,36;0,015;0,0;0,01;0,044
1575;27.06.2023;11:19:13;00:26:14;250,0;102,0;21,3;22,2;24,1;76,2;46,3;0,1;6,78E-2;-541,2;20,00;3,9;3,9;52,93;5,36;0,014;0,0;0,00;0,044
1576;27.06.2023;11:19:14;00:26:15;250,0;102,0;21,2;22,1;24,1;73,1;45,9;0,1;6,78E-2;-541,2;20,00;3,9;3,9;52,93;5,36;0,014;0,0;0,00;0,044
1577;27.06.2023;11:19:15;00:26:16;250,0;100,2;21,2;22,1;24,1;71,7;45,7;0,1;6,77E-2;-541,2;20,00;3,9;3,9;52,93;5,36;0,014;0,0;0,00;0,044
1578;27.06.2023;11:19:16;00:26:17;250,0;98,5;21,2;22,1;24,1;68,9;45,3;0,1;6,77E-2;-541,2;20,00;3,9;3,9;52,93;5,36;0,017;0,0;0,01;0,044
1579;27.06.2023;11:19:17;00:26:18;250,0;98,5;21,2;22,1;24,1;67,5;45,1;0,1;6,77E-2;-541,2;20,00;3,9;3,8;52,93;5,36;0,017;0,0;0,00;0,044
1580;27.06.2023;11:19:18;00:26:19;250,0;98,5;21,2;22,1;24,1;64,7;44,7;0,1;6,76E-2;-541,2;20,00;3,9;3,9;52,93;5,36;0,017;0,0;0,00;0,044
1581;27.06.2023;11:19:19;00:26:20;250,0;96,8;21,2;22,0;24,1;61,8;44,2;0,1;6,76E-2;-541,2;20,00;3,9;3,9;52,93;5,36;0,014;0,0;0,00;0,044
1582;27.06.2023;11:19:20;00:26:21;250,0;96,8;21,2;22,0;24,1;60,2;44,0;0,1;6,75E-2;-541,2;20,00;3,9;3,9;52,93;5,36;0,016;0,0;0,00;0,044
1583;27.06.2023;11:19:21;00:26:22;250,0;95,2;21,1;22,0;24,1;57,4;43,6;0,1;6,75E-2;-541,2;20,00;3,9;3,9;52,93;5,36;0,012;0,0;0,00;0,044
1584;27.06.2023;11:19:22;00:26:23;250,0;95,2;21,1;22,0;24,1;54,5;43,1;0,1;6,75E-2;-541,2;20,00;3,9;3,9;52,94;5,36;0,015;0,0;0,01;0,044
1585;27.06.2023;11:19:23;00:26:24;250,0;93,6;21,1;21,9;24,0;53,1;42,9;0,1;6,74E-2;-541,2;20,00;3,9;4,0;52,94;5,36;0,018;0,0;0,01;0,044
1586;27.06.2023;11:19:24;00:26:25;250,0;93,6;21,1;21,9;24,0;50,3;42,5;0,1;6,74E-2;-541,2;20,00;3,9;3,9;52,93;5,36;0,018;0,0;0,01;0,044
1587;27.06.2023;11:19:25;00:26:26;250,0;92,0;21,1;21,9;24,0;47,5;42,1;0,1;6,72E-2;-541,2;20,00;3,9;3,9;52,94;5,36;0,017;0,0;0,01;0,044
1588;27.06.2023;11:19:26;00:26:27;250,0;92,0;21,0;21,8;24,0;45,9;41,8;0,1;6,72E-2;-541,2;20,00;3,9;3,9;52,94;5,36;0,017;0,0;0,01;0,044
1589;27.06.2023;11:19:27;00:26:28;250,0;90,5;21,0;21,8;24,0;43,0;41,4;0,1;6,72E-2;-541,2;20,00;3,9;3,9;52,94;5,36;0,016;0,0;0,01;0,044
1590;27.06.2023;11:19:28;00:26:29;250,0;90,5;21,0;21,8;24,0;40,2;41,0;0,1;6,71E-2;-541,2;20,00;3,9;3,9;52,94;5,36;0,016;0,0;0,01;0,044
1591;27.06.2023;11:19:29;00:26:30;250,0;88,8;21,0;21,8;24,0;38,8;40,7;0,1;6,71E-2;-541,2;20,00;3,9;3,9;52,94;5,36;0,019;0,0;0,01;0,044
1592;27.06.2023;11:19:30;00:26:31;250,0;88,8;21,0;21,8;24,0;36,0;40,3;0,1;6,70E-2;-541,2;20,00;3,9;3,9;52,94;5,36;0,016;0,0;0,01;0,044
1593;27.06.2023;11:19:31;00:26:32;250,0;87,2;21,0;21,8;24,0;34,6;40,1;0,1;6,70E-2;-541,2;20,00;3,9;3,9;52,94;5,36;0,015;0,0;0,01;0,044
1594;27.06.2023;11:19:32;00:26:33;250,0;87,2;20,9;21,7;24,0;31,5;39,6;0,1;6,70E-2;-541,2;20,00;3,9;3,9;52,94;5,36;0,016;0,0;0,00;0,044
1595;27.06.2023;11:19:33;00:26:34;250,0;85,7;20,9;21,7;24,0;28,7;39,2;0,1;6,69E-2;-541,2;20,00;3,9;3,9;52,94;5,36;0,013;0,0;0,01;0,044
1596;27.06.2023;11:19:34;00:26:35;250,0;85,7;20,9;21,7;24,0;27,3;38,9;0,1;6,69E-2;-541,2;20,00;3,9;3,9;52,94;5,36;0,013;0,0;0,01;0,044
1597;27.06.2023;11:19:35;00:26:36;250,0;84,1;20,9;21,7;24,0;24,5;38,5;0,1;6,68E-2;-541,2;20,00;3,9;3,9;52,94;5,36;0,013;0,0;0,00;0,044
1598;27.06.2023;11:19:36;00:26:37;250,0;82,7;20,9;21,6;24,0;21,6;38,0;0,1;6,67E-2;-541,2;20,00;3,9;3,9;52,94;5,36;0,014;0,0;0,01;0,044
1599;27.06.2023;11:19:37;00:26:38;250,0;82,7;20,9;21,6;24,0;20,2;37,8;0,1;6,67E-2;-541,2;20,00;3,9;3,9;52,94;5,36;0,016;0,0;0,01;0,044