Nr.;Datum;Zeit;P.Zeit;AV Pyro top;AV Control TC;AV Piston TC Top;AV Piston TC Bot;AV Transformer T;SV Temperature  ;AV CZ Output;AV abs. pressure;Vacuum;AV rel. pressure;SV Rel. Pressure;SV Force        ;AV Force;AV Abs. Piston T;AV Rel. Piston T;AV Speed;Power;U RMS;I RMS
;;;;°C;°C;°C;°C;°C;°C    ;%;mbar(a;mbar(a;mbar(g;mbar(g;kN    ;kN;mm;mm;mm/min;kW;V;kA
1;27.06.2023;12:04:46;00:00:00;250,0;24,4;20,0;18,7;20,2;20,0;0,0;1009,3;1,01E3;-1,8;20,00;3,0;3,0;47,94;0,41;-0,015;0,0;0,00;0,048
2;27.06.2023;12:04:47;00:00:01;250,0;24,2;20,0;18,7;20,2;20,0;0,0;1009,5;1,01E3;-1,5;20,00;3,0;3,0;47,94;0,41;-0,011;0,0;0,01;0,049
3;27.06.2023;12:04:48;00:00:02;250,0;24,2;20,0;18,7;20,2;20,0;0,0;1009,3;1,01E3;-1,8;20,00;3,0;3,0;47,94;0,41;-0,007;0,0;0,01;0,049
4;27.06.2023;12:04:49;00:00:03;250,0;24,0;19,9;18,6;20,1;20,0;0,0;1009,3;1,01E3;-1,8;20,00;3,0;3,0;47,94;0,41;-0,007;0,0;0,00;0,049
5;27.06.2023;12:04:50;00:00:04;250,0;24,0;19,9;18,6;20,1;20,0;0,0;1009,3;1,01E3;-1,8;20,00;3,0;3,0;47,94;0,41;-0,005;0,0;0,01;0,049
6;27.06.2023;12:04:51;00:00:05;250,0;23,8;19,9;18,6;20,1;20,0;0,0;1009,3;1,01E3;-1,8;20,00;3,0;3,0;47,94;0,41;-0,006;0,0;0,01;0,049
7;27.06.2023;12:04:52;00:00:06;250,0;23,8;19,9;18,6;20,1;20,0;0,0;1009,3;1,01E3;-1,8;20,00;3,0;3,0;47,94;0,41;-0,005;0,0;0,01;0,049
8;27.06.2023;12:04:53;00:00:07;250,0;23,6;19,9;18,6;20,1;20,0;0,0;1009,3;1,01E3;-1,8;20,00;3,0;3,0;47,94;0,41;-0,006;0,0;0,00;0,049
9;27.06.2023;12:04:54;00:00:08;250,0;23,6;19,9;18,6;20,1;20,0;0,0;991,9;9,92E2;-17,6;20,00;3,0;3,0;47,94;0,41;-0,004;0,0;0,01;0,049
10;27.06.2023;12:04:55;00:00:09;250,0;23,6;19,9;18,6;20,1;20,0;0,0;961,5;9,62E2;-46,7;20,00;3,0;3,0;47,94;0,41;0,000;0,0;0,00;0,049
11;27.06.2023;12:04:56;00:00:10;250,0;23,5;19,9;18,6;20,1;20,0;0,0;941,7;9,42E2;-67,8;20,00;3,0;3,0;47,94;0,41;0,000;0,0;0,00;0,049
12;27.06.2023;12:04:57;00:00:11;250,0;23,3;19,9;18,6;20,1;20,0;0,0;891,5;8,92E2;-115,0;20,00;3,0;3,0;47,94;0,41;0,000;0,0;0,01;0,049
13;27.06.2023;12:04:58;00:00:12;250,0;23,3;19,9;18,6;20,1;20,0;0,0;848,9;8,49E2;-159,6;20,00;3,0;3,0;47,94;0,41;0,001;0,0;0,00;0,049
14;27.06.2023;12:04:59;00:00:13;250,0;23,2;19,9;18,6;20,1;20,0;0,0;829,2;8,29E2;-178,7;20,00;3,0;3,0;47,94;0,41;0,001;0,0;0,00;0,049
15;27.06.2023;12:05:00;00:00:14;250,0;23,2;19,9;18,6;20,1;20,0;0,0;792,4;7,92E2;-216,5;20,00;3,0;3,0;47,94;0,41;0,006;0,0;0,01;0,049
16;27.06.2023;12:05:01;00:00:15;250,0;23,0;19,9;18,6;20,1;20,0;0,0;759,1;7,59E2;-248,1;20,00;3,0;2,9;47,94;0,41;0,003;0,0;0,00;0,049
17;27.06.2023;12:05:02;00:00:16;250,0;23,0;19,9;18,6;20,1;20,0;0,0;744,0;7,44E2;-266,0;20,00;3,0;2,9;47,94;0,41;0,006;0,0;0,00;0,047
18;27.06.2023;12:05:03;00:00:17;250,0;22,9;19,9;18,6;20,1;20,0;0,0;710,8;7,11E2;-297,6;20,00;3,0;3,0;47,94;0,41;0,007;0,0;0,00;0,049
19;27.06.2023;12:05:04;00:00:18;250,0;22,9;19,9;18,6;20,2;20,0;0,0;681,4;6,81E2;-327,5;20,00;3,0;3,0;47,94;0,41;0,022;0,0;0,01;0,049
20;27.06.2023;12:05:05;00:00:19;250,0;22,9;19,9;18,6;20,2;20,0;0,0;667,1;6,67E2;-340,7;20,00;3,0;3,0;47,94;0,41;0,027;0,0;0,00;0,049
21;27.06.2023;12:05:06;00:00:20;250,0;22,7;19,9;18,6;20,2;20,0;0,0;640,7;6,41E2;-368,5;20,00;3,0;3,0;47,94;0,41;0,041;0,0;0,01;0,049
22;27.06.2023;12:05:07;00:00:21;250,0;22,6;19,9;18,6;20,2;20,0;0,0;615,8;6,16E2;-394,7;20,00;3,0;3,0;47,94;0,41;0,049;0,0;0,01;0,049
23;27.06.2023;12:05:08;00:00:22;250,0;22,6;19,9;18,6;20,2;20,0;0,0;602,4;6,02E2;-406,4;20,00;3,0;3,0;47,94;0,41;0,055;0,0;0,01;0,048
24;27.06.2023;12:05:09;00:00:23;250,0;22,1;19,6;18,3;19,9;20,0;0,0;577,2;5,77E2;-432,5;20,00;3,0;3,0;47,95;0,42;0,060;0,0;0,00;0,049
25;27.06.2023;12:05:10;00:00:24;250,0;22,1;19,6;18,3;19,9;20,0;0,0;565,1;5,65E2;-443,4;20,00;3,0;2,9;47,95;0,42;0,063;0,0;0,01;0,049
26;27.06.2023;12:05:11;00:00:25;250,0;22,1;19,6;18,3;19,9;20,0;0,0;544,1;5,44E2;-466,2;20,00;3,0;3,0;47,95;0,42;0,066;0,0;0,01;0,048
27;27.06.2023;12:05:12;00:00:26;250,0;22,0;19,6;18,2;19,9;20,0;0,0;522,4;5,22E2;-486,1;20,00;3,0;3,0;47,95;0,42;0,070;0,0;0,01;0,049
28;27.06.2023;12:05:13;00:00:27;250,0;22,0;19,6;18,2;19,9;20,0;0,0;511,5;5,11E2;-495,8;20,00;3,0;3,0;47,95;0,42;0,067;0,0;0,00;0,049
29;27.06.2023;12:05:14;00:00:28;250,0;21,8;19,6;18,2;19,9;20,0;0,0;490,9;4,91E2;-516,4;20,00;3,0;3,0;47,95;0,42;0,062;0,0;0,00;0,049
30;27.06.2023;12:05:15;00:00:29;250,0;21,7;19,6;18,2;19,9;20,0;0,0;472,0;4,72E2;-537,4;20,00;3,0;3,0;47,95;0,42;0,061;0,0;0,00;0,049
31;27.06.2023;12:05:16;00:00:30;250,0;21,7;19,6;18,2;20,0;20,0;0,0;462,8;4,63E2;-541,2;20,00;3,0;3,0;47,95;0,42;0,060;0,0;0,01;0,048
32;27.06.2023;12:05:17;00:00:31;250,0;21,6;19,6;18,2;20,0;20,0;0,0;444,7;4,45E2;-541,2;20,00;3,0;3,0;47,95;0,43;0,059;0,0;0,00;0,049
33;27.06.2023;12:05:18;00:00:32;250,0;21,6;19,6;18,2;20,0;20,0;0,0;427,9;4,28E2;-541,2;20,00;3,0;2,9;47,96;0,43;0,065;0,0;0,00;0,049
34;27.06.2023;12:05:19;00:00:33;250,0;21,5;19,6;18,2;20,0;20,0;0,0;419,2;4,19E2;-541,2;20,00;3,0;3,0;47,96;0,43;0,066;0,0;0,01;0,048
35;27.06.2023;12:05:20;00:00:34;250,0;21,5;19,6;18,2;20,0;20,0;0,0;403,2;4,03E2;-541,2;20,00;3,0;3,0;47,96;0,43;0,066;0,0;0,01;0,049
36;27.06.2023;12:05:21;00:00:35;250,0;21,5;19,6;18,2;20,0;20,0;0,0;394,0;3,94E2;-541,2;20,00;3,0;3,0;47,96;0,43;0,065;0,0;0,00;0,049
37;27.06.2023;12:05:22;00:00:36;250,0;21,3;19,6;18,2;20,0;20,0;0,0;378,6;3,79E2;-541,2;20,00;3,0;3,0;47,96;0,43;0,064;0,0;0,01;0,049
38;27.06.2023;12:05:23;00:00:37;250,0;21,2;19,6;18,1;20,0;20,0;0,0;364,1;3,64E2;-541,2;20,00;3,0;3,0;47,96;0,43;0,057;0,0;0,01;0,049
39;27.06.2023;12:05:24;00:00:38;250,0;21,2;19,6;18,1;20,0;20,0;0,0;357,1;3,57E2;-541,2;20,00;3,0;3,0;47,96;0,43;0,058;0,0;0,00;0,049
40;27.06.2023;12:05:25;00:00:39;250,0;21,1;19,6;18,1;20,0;20,0;0,0;343,3;3,43E2;-541,2;20,00;3,0;3,0;47,96;0,43;0,054;0,0;0,00;0,048
41;27.06.2023;12:05:26;00:00:40;250,0;21,1;19,6;18,1;20,0;20,0;0,0;330,0;3,30E2;-541,2;20,00;3,0;3,0;47,96;0,43;0,057;0,0;0,01;0,049
42;27.06.2023;12:05:27;00:00:41;250,0;21,0;19,6;18,1;20,0;20,0;0,0;322,6;3,23E2;-541,2;20,00;3,0;3,0;47,96;0,43;0,055;0,0;0,01;0,046
43;27.06.2023;12:05:28;00:00:42;250,0;21,0;19,3;17,8;20,0;20,0;0,0;310,1;3,10E2;-541,2;20,00;3,0;3,0;47,97;0,44;0,057;0,0;0,01;0,049
44;27.06.2023;12:05:29;00:00:43;250,0;20,6;19,3;17,7;19,7;20,0;0,0;298,4;2,98E2;-541,2;20,00;3,0;3,0;47,97;0,44;0,061;0,0;0,00;0,048
45;27.06.2023;12:05:30;00:00:44;250,0;20,6;19,3;17,7;19,7;20,0;0,0;292,5;2,92E2;-541,2;20,00;3,0;3,0;47,97;0,44;0,060;0,0;0,01;0,049
46;27.06.2023;12:05:31;00:00:45;250,0;20,5;19,3;17,7;19,7;20,0;0,0;281,4;2,81E2;-541,2;20,00;3,0;3,0;47,97;0,44;0,059;0,0;0,00;0,049
47;27.06.2023;12:05:32;00:00:46;250,0;20,5;19,3;17,7;19,7;20,0;0,0;270,5;2,70E2;-541,2;20,00;3,0;3,0;47,97;0,44;0,061;0,0;0,00;0,048
48;27.06.2023;12:05:33;00:00:47;250,0;20,4;19,3;17,7;19,7;20,0;0,0;264,5;2,65E2;-541,2;20,00;3,0;3,0;47,97;0,44;0,061;0,0;0,00;0,048
49;27.06.2023;12:05:34;00:00:48;250,0;20,4;19,3;17,7;19,8;20,0;0,0;254,2;2,54E2;-541,2;20,00;3,0;3,0;47,97;0,44;0,058;0,0;0,00;0,048
50;27.06.2023;12:05:35;00:00:49;250,0;20,3;19,3;17,7;19,8;20,0;0,0;249,4;2,49E2;-541,2;20,00;3,0;3,0;47,97;0,44;0,056;0,0;0,01;0,048
51;27.06.2023;12:05:36;00:00:50;250,0;20,3;19,3;17,7;19,8;20,0;0,0;239,7;2,40E2;-541,2;20,00;3,0;3,0;47,97;0,44;0,053;0,0;0,00;0,048
52;27.06.2023;12:05:37;00:00:51;250,0;20,2;19,3;17,6;19,8;20,0;0,0;230,5;2,31E2;-541,2;20,00;3,0;3,0;47,97;0,44;0,053;0,0;0,00;0,049
53;27.06.2023;12:05:38;00:00:52;250,0;20,2;19,3;17,6;19,8;20,0;0,0;226,1;2,26E2;-541,2;20,00;3,0;3,0;47,97;0,44;0,053;0,0;0,00;0,048
54;27.06.2023;12:05:39;00:00:53;250,0;20,1;19,3;17,6;19,8;20,0;0,0;216,6;2,17E2;-541,2;20,00;3,0;3,0;47,98;0,44;0,054;0,0;0,00;0,048
55;27.06.2023;12:05:40;00:00:54;250,0;20,1;19,3;17,6;19,8;20,0;0,0;208,3;2,08E2;-541,2;20,00;3,0;3,0;47,98;0,44;0,053;0,0;0,00;0,049
56;27.06.2023;12:05:41;00:00:55;250,0;20,1;19,3;17,6;19,8;20,0;0,0;204,2;2,04E2;-541,2;20,00;3,0;3,0;47,98;0,45;0,056;0,0;0,00;0,049
57;27.06.2023;12:05:42;00:00:56;250,0;20,1;19,3;17,6;19,8;20,0;0,0;196,5;1,96E2;-541,2;20,00;3,0;3,0;47,98;0,45;0,053;0,0;0,00;0,049
58;27.06.2023;12:05:43;00:00:57;250,0;20,0;19,3;17,6;19,8;20,0;0,0;189,0;1,89E2;-541,2;20,00;3,0;3,0;47,98;0,45;0,050;0,0;0,01;0,049
59;27.06.2023;12:05:44;00:00:58;250,0;20,0;19,3;17,6;19,8;20,0;0,0;185,4;1,85E2;-541,2;20,00;3,0;3,0;47,98;0,45;0,048;0,0;0,00;0,049
60;27.06.2023;12:05:45;00:00:59;250,0;19,9;19,3;17,6;19,9;20,0;0,0;177,7;1,78E2;-541,2;20,00;3,0;3,0;47,98;0,45;0,045;0,0;0,01;0,049
61;27.06.2023;12:05:46;00:01:00;250,0;19,9;19,3;17,6;19,9;20,0;0,0;171,0;1,71E2;-541,2;20,00;3,0;3,0;47,98;0,45;0,044;0,0;0,01;0,049
62;27.06.2023;12:05:47;00:01:01;250,0;19,9;19,3;17,6;19,9;20,0;0,0;164,2;1,64E2;-541,2;20,00;3,0;3,0;47,98;0,45;0,044;0,0;0,00;0,049
63;27.06.2023;12:05:48;00:01:02;250,0;19,8;19,2;17,5;19,9;20,0;0,0;150,9;1,51E2;-541,2;20,00;3,0;3,0;47,98;0,45;0,045;0,0;0,00;0,049
64;27.06.2023;12:05:49;00:01:03;250,0;19,8;19,2;17,5;19,8;20,0;0,0;144,8;1,45E2;-541,2;20,00;3,0;3,0;47,98;0,45;0,043;0,0;0,01;0,049
65;27.06.2023;12:05:50;00:01:04;250,0;19,7;19,2;17,5;19,8;20,0;0,0;133,7;1,34E2;-541,2;20,00;3,0;3,0;47,98;0,45;0,050;0,0;0,01;0,049
66;27.06.2023;12:05:51;00:01:05;250,0;19,7;19,2;17,5;19,8;20,0;0,0;122,9;1,23E2;-541,2;20,00;3,0;3,0;47,99;0,45;0,052;0,0;0,00;0,049
67;27.06.2023;12:05:52;00:01:06;250,0;19,6;19,2;17,5;19,8;20,0;0,0;118,2;1,18E2;-541,2;20,00;3,0;3,0;47,98;0,46;0,052;0,0;0,00;0,049
68;27.06.2023;12:05:53;00:01:07;250,0;19,6;19,2;17,4;19,8;20,0;0,0;109,6;1,10E2;-541,2;20,00;3,0;3,0;47,99;0,46;0,051;0,0;0,00;0,049
69;27.06.2023;12:05:54;00:01:08;250,0;19,6;19,2;17,4;19,8;20,0;0,0;101,6;1,02E2;-541,2;20,00;3,0;3,0;47,99;0,46;0,048;0,0;0,00;0,049
70;27.06.2023;12:05:55;00:01:09;250,0;19,5;19,2;17,4;19,8;20,0;0,0;97,9;9,79E1;-541,2;20,00;3,0;3,0;47,99;0,46;0,050;0,0;0,01;0,049
71;27.06.2023;12:05:56;00:01:10;250,0;19,5;19,2;17,4;19,8;20,0;0,0;90,7;9,07E1;-541,2;20,00;3,0;3,0;47,99;0,46;0,059;0,0;0,01;0,049
72;27.06.2023;12:05:57;00:01:11;250,0;19,4;19,2;17,4;19,8;20,0;0,0;83,7;8,37E1;-541,2;20,00;3,0;3,0;47,99;0,46;0,062;0,0;0,00;0,049
73;27.06.2023;12:05:58;00:01:12;250,0;19,4;19,2;17,4;19,8;20,0;0,0;80,8;8,08E1;-541,2;20,00;3,0;3,0;47,99;0,46;0,060;0,0;0,01;0,049
74;27.06.2023;12:05:59;00:01:13;250,0;19,4;19,2;17,4;19,8;20,0;0,0;75,0;7,50E1;-541,2;20,00;3,0;3,0;47,99;0,46;0,062;0,0;0,00;0,049
75;27.06.2023;12:06:00;00:01:14;250,0;19,4;19,2;17,4;19,8;20,0;0,0;72,3;7,23E1;-541,2;20,00;3,0;3,0;47,99;0,46;0,060;0,0;0,01;0,048
76;27.06.2023;12:06:01;00:01:15;250,0;19,4;19,2;17,4;19,8;20,0;0,0;66,8;6,68E1;-541,2;20,00;3,0;3,0;47,99;0,46;0,057;0,0;0,01;0,049
77;27.06.2023;12:06:02;00:01:16;250,0;19,3;19,2;17,4;19,8;20,0;0,0;61,9;6,19E1;-541,2;20,00;3,0;3,0;48,00;0,47;0,057;0,0;0,00;0,049
78;27.06.2023;12:06:03;00:01:17;250,0;19,3;19,2;17,4;19,9;20,0;0,0;59,3;5,93E1;-541,2;20,00;3,0;3,0;48,00;0,47;0,054;0,0;0,00;0,049
79;27.06.2023;12:06:04;00:01:18;250,0;19,3;19,2;17,4;19,9;20,0;0,0;54,7;5,47E1;-541,2;20,00;3,0;3,0;48,00;0,47;0,058;0,0;0,00;0,049
80;27.06.2023;12:06:05;00:01:19;250,0;19,2;19,2;17,4;19,9;20,0;0,0;50,6;5,06E1;-541,2;20,00;3,0;3,0;48,00;0,47;0,058;0,0;0,00;0,048
81;27.06.2023;12:06:06;00:01:20;250,0;19,2;19,2;17,4;19,9;20,0;0,0;48,8;4,88E1;-541,2;20,00;3,0;3,0;48,00;0,47;0,054;0,0;0,00;0,049
82;27.06.2023;12:06:07;00:01:21;250,0;19,2;19,2;17,4;19,9;20,0;0,0;45,2;4,52E1;-541,2;20,00;3,0;3,0;48,00;0,47;0,054;0,0;0,01;0,049
83;27.06.2023;12:06:08;00:01:22;250,0;19,0;19,1;17,3;19,9;20,0;0,0;42,0;4,20E1;-541,2;20,00;3,0;3,0;48,00;0,47;0,052;0,0;0,00;0,049
84;27.06.2023;12:06:09;00:01:23;250,0;19,0;19,1;17,3;19,7;20,0;0,0;40,3;4,03E1;-541,2;20,00;3,0;3,0;48,00;0,47;0,052;0,0;0,00;0,049
85;27.06.2023;12:06:10;00:01:24;250,0;19,0;19,1;17,3;19,8;20,0;0,0;37,2;3,72E1;-541,2;20,00;3,0;3,0;48,00;0,47;0,050;0,0;0,00;0,049
86;27.06.2023;12:06:11;00:01:25;250,0;19,0;19,1;17,3;19,8;20,0;0,0;34,4;3,44E1;-541,2;20,00;3,0;3,0;48,00;0,47;0,045;0,0;0,01;0,049
87;27.06.2023;12:06:12;00:01:26;250,0;19,0;19,1;17,3;19,8;20,0;0,0;33,2;3,32E1;-541,2;20,00;3,0;3,0;48,00;0,47;0,046;0,0;0,00;0,049
88;27.06.2023;12:06:13;00:01:27;250,0;18,9;19,1;17,3;19,8;20,0;0,0;30,8;3,08E1;-541,2;20,00;3,0;3,0;48,00;0,47;0,042;0,0;0,00;0,049
89;27.06.2023;12:06:14;00:01:28;250,0;18,9;19,1;17,3;19,8;20,0;0,0;29,5;2,95E1;-541,2;20,00;3,0;3,0;48,00;0,47;0,040;0,0;0,01;0,049
90;27.06.2023;12:06:15;00:01:29;250,0;18,9;19,1;17,3;19,8;20,0;0,0;27,3;2,73E1;-541,2;20,00;3,0;3,0;48,01;0,48;0,043;0,0;0,01;0,049
91;27.06.2023;12:06:16;00:01:30;250,0;18,9;19,1;17,3;19,8;20,0;0,0;25,4;2,54E1;-541,2;20,00;3,0;3,0;48,01;0,48;0,043;0,0;0,00;0,049
92;27.06.2023;12:06:17;00:01:31;250,0;18,9;19,1;17,3;19,8;20,0;0,0;24,5;2,45E1;-541,2;20,00;3,0;3,0;48,01;0,48;0,042;0,0;0,00;0,049
93;27.06.2023;12:06:18;00:01:32;250,0;18,8;19,1;17,3;19,8;20,0;0,0;22,4;2,24E1;-541,2;20,00;3,0;3,0;48,01;0,48;0,047;0,0;0,01;0,049
94;27.06.2023;12:06:19;00:01:33;250,0;18,8;19,1;17,3;19,8;20,0;0,0;20,8;2,08E1;-541,2;20,00;3,0;3,0;48,01;0,48;0,047;0,0;0,01;0,049
95;27.06.2023;12:06:20;00:01:34;250,0;18,8;19,1;17,3;19,8;20,0;0,0;20,1;2,01E1;-541,2;20,00;3,0;3,0;48,01;0,48;0,046;0,0;0,00;0,048
96;27.06.2023;12:06:21;00:01:35;250,0;18,8;19,1;17,3;19,8;20,0;0,0;18,7;1,87E1;-541,2;20,00;3,0;3,0;48,01;0,48;0,042;0,0;0,00;0,049
97;27.06.2023;12:06:22;00:01:36;250,0;18,8;19,1;17,3;19,8;20,0;0,0;17,2;1,72E1;-541,2;20,00;3,0;3,0;48,01;0,48;0,042;0,0;0,00;0,048
98;27.06.2023;12:06:23;00:01:37;250,0;18,7;19,1;17,4;19,8;20,0;0,0;16,4;1,64E1;-541,2;20,00;3,0;3,0;48,01;0,48;0,045;0,0;0,01;0,049
99;27.06.2023;12:06:24;00:01:38;250,0;18,7;19,1;17,4;19,8;20,0;0,0;15,2;1,52E1;-541,2;20,00;3,0;3,0;48,01;0,48;0,044;0,0;0,00;0,049
100;27.06.2023;12:06:25;00:01:39;250,0;18,7;19,1;17,4;19,8;20,0;0,0;14,0;1,40E1;-541,2;20,00;3,0;3,0;48,01;0,48;0,040;0,0;0,00;0,049
101;27.06.2023;12:06:26;00:01:40;250,0;18,7;19,1;17,4;19,8;20,0;0,0;13,7;1,37E1;-541,2;20,00;3,0;3,0;48,01;0,48;0,038;0,0;0,00;0,049
102;27.06.2023;12:06:27;00:01:41;250,0;18,7;19,1;17,4;19,9;20,0;0,0;12,9;1,29E1;-541,2;20,00;3,0;3,0;48,01;0,48;0,035;0,0;0,00;0,049
103;27.06.2023;12:06:28;00:01:42;250,0;18,7;19,1;17,4;19,9;20,0;0,0;12,3;1,23E1;-541,2;20,00;3,0;3,0;48,01;0,48;0,036;0,0;0,00;0,049
104;27.06.2023;12:06:29;00:01:43;250,0;18,5;19,0;17,2;19,7;20,0;0,0;11,4;1,14E1;-541,2;20,00;3,0;3,0;48,02;0,49;0,031;0,0;0,00;0,049
105;27.06.2023;12:06:30;00:01:44;250,0;18,5;19,0;17,2;19,7;20,0;0,0;10,6;1,06E1;-541,2;20,00;3,0;3,0;48,02;0,49;0,032;0,0;0,00;0,049
106;27.06.2023;12:06:31;00:01:45;250,0;18,5;19,0;17,3;19,7;20,0;0,0;9,9;9,91E0;-541,2;20,00;3,0;3,0;48,02;0,49;0,033;0,0;0,00;0,048
107;27.06.2023;12:06:32;00:01:46;250,0;18,5;19,0;17,3;19,7;20,0;0,0;8,9;8,93E0;-541,2;20,00;3,0;3,0;48,02;0,49;0,036;0,0;0,01;0,048
108;27.06.2023;12:06:33;00:01:47;250,0;18,4;19,0;17,3;19,7;20,0;0,0;8,2;8,18E0;-541,2;20,00;3,0;3,0;48,02;0,49;0,036;0,0;0,01;0,049
109;27.06.2023;12:06:34;00:01:48;250,0;18,4;19,0;17,3;19,7;20,0;0,0;7,7;7,66E0;-541,2;20,00;3,0;3,0;48,02;0,49;0,034;0,0;0,01;0,049
110;27.06.2023;12:06:35;00:01:49;250,0;18,4;19,0;17,3;19,8;20,0;0,0;7,0;7,04E0;-541,2;20,00;3,0;3,0;48,02;0,49;0,032;0,0;0,00;0,049
111;27.06.2023;12:06:36;00:01:50;250,0;18,4;19,0;17,3;19,8;20,0;0,0;6,4;6,41E0;-541,2;20,00;3,0;3,0;48,02;0,49;0,032;0,0;0,01;0,049
112;27.06.2023;12:06:37;00:01:51;250,0;18,4;19,0;17,3;19,8;20,0;0,0;6,2;6,19E0;-541,2;20,00;3,0;3,0;48,02;0,49;0,030;0,0;0,00;0,049
113;27.06.2023;12:06:38;00:01:52;250,0;18,4;19,0;17,3;19,8;20,0;0,0;5,7;5,72E0;-541,2;20,00;3,0;3,0;48,02;0,49;0,028;0,0;0,01;0,049
114;27.06.2023;12:06:39;00:01:53;250,0;18,4;19,0;17,3;19,8;20,0;0,0;5,4;5,42E0;-541,2;20,00;3,0;3,0;48,02;0,49;0,026;0,0;0,00;0,049
115;27.06.2023;12:06:40;00:01:54;250,0;18,4;19,0;17,3;19,8;20,0;0,0;4,9;4,86E0;-541,2;20,00;3,0;3,0;48,02;0,49;0,025;0,0;0,00;0,049
116;27.06.2023;12:06:41;00:01:55;250,0;18,4;19,0;17,3;19,8;20,0;0,0;4,5;4,50E0;-541,2;20,00;3,0;3,0;48,02;0,49;0,019;0,0;0,01;0,049
117;27.06.2023;12:06:42;00:01:56;250,0;18,4;19,0;17,3;19,8;20,0;0,0;4,4;4,41E0;-541,2;20,00;3,0;3,0;48,02;0,49;0,019;0,0;0,01;0,048
118;27.06.2023;12:06:43;00:01:57;250,0;18,3;19,0;17,3;19,8;20,0;0,0;4,0;3,99E0;-541,2;20,00;3,0;3,0;48,02;0,49;0,019;0,0;0,01;0,049
119;27.06.2023;12:06:44;00:01:58;250,0;18,3;19,0;17,3;19,8;20,0;0,0;3,7;3,65E0;-541,2;20,00;3,0;3,0;48,02;0,49;0,019;0,0;0,01;0,049
120;27.06.2023;12:06:45;00:01:59;250,0;18,3;19,0;17,3;19,8;20,0;0,0;3,5;3,51E0;-541,2;20,00;3,0;3,0;48,02;0,49;0,022;0,0;0,01;0,049
121;27.06.2023;12:06:46;00:02:00;250,0;18,3;19,0;17,4;19,8;20,0;0,0;3,2;3,23E0;-541,2;20,00;3,0;3,0;48,02;0,49;0,022;0,0;0,00;0,049
122;27.06.2023;12:06:47;00:02:01;250,0;18,3;19,0;17,4;19,8;20,0;0,0;3,0;2,99E0;-541,2;20,00;3,0;3,0;48,02;0,49;0,019;0,0;0,00;0,049
123;27.06.2023;12:06:48;00:02:02;250,0;18,3;19,0;17,4;19,8;20,0;0,0;2,9;2,86E0;-541,2;20,00;3,0;3,0;48,02;0,49;0,019;0,0;0,01;0,049
124;27.06.2023;12:06:49;00:02:03;250,0;18,2;19,0;17,4;19,8;20,0;0,0;2,8;2,77E0;-541,2;20,00;3,0;3,0;48,02;0,49;0,015;0,0;0,01;0,049
125;27.06.2023;12:06:50;00:02:04;250,0;18,2;19,0;17,4;19,8;20,0;0,0;2,6;2,59E0;-541,2;20,00;3,0;3,0;48,02;0,49;0,015;0,0;0,01;0,049
126;27.06.2023;12:06:51;00:02:05;250,0;18,2;19,0;17,4;19,8;20,0;0,0;2,5;2,52E0;-541,2;20,00;3,0;3,0;48,02;0,49;0,012;0,0;0,01;0,048
127;27.06.2023;12:06:52;00:02:06;250,0;18,2;19,0;17,4;19,8;20,0;0,0;2,3;2,34E0;-541,2;20,00;3,0;3,0;48,02;0,49;0,016;0,0;0,01;0,049
128;27.06.2023;12:06:53;00:02:07;250,0;18,2;19,0;17,4;19,8;20,0;0,0;2,3;2,30E0;-541,2;20,00;3,0;3,0;48,02;0,49;0,016;0,0;0,00;0,049
129;27.06.2023;12:06:54;00:02:08;250,0;18,2;19,0;17,4;19,8;20,0;0,0;2,1;2,13E0;-541,2;20,00;3,0;3,0;48,02;0,49;0,014;0,0;0,01;0,049
130;27.06.2023;12:06:55;00:02:09;250,0;18,2;19,0;17,4;19,8;20,0;0,0;2,0;2,02E0;-541,2;20,00;3,0;3,0;48,02;0,49;0,013;0,0;0,00;0,049
131;27.06.2023;12:06:56;00:02:10;250,0;18,2;19,0;17,4;19,8;20,0;0,0;1,9;1,92E0;-541,2;20,00;3,0;3,0;48,02;0,49;0,011;0,0;0,00;0,049
132;27.06.2023;12:06:57;00:02:11;250,0;18,2;19,0;17,4;19,8;20,0;0,0;1,8;1,80E0;-541,2;20,00;3,0;2,9;48,02;0,49;0,009;0,0;0,00;0,049
133;27.06.2023;12:06:58;00:02:12;250,0;18,2;19,0;17,4;19,8;20,0;0,0;1,7;1,74E0;-541,2;20,00;3,0;3,0;48,02;0,49;0,012;0,0;0,01;0,049
134;27.06.2023;12:06:59;00:02:13;250,0;18,2;19,0;17,4;19,8;20,0;0,0;1,7;1,71E0;-541,2;20,00;3,0;3,0;48,02;0,49;0,014;0,0;0,00;0,048
135;27.06.2023;12:07:00;00:02:14;250,0;18,2;19,0;17,4;19,8;20,0;0,0;1,6;1,63E0;-541,2;20,00;3,0;3,0;48,03;0,49;0,012;0,0;0,00;0,049
136;27.06.2023;12:07:01;00:02:15;250,0;18,2;19,0;17,4;19,9;20,0;0,0;1,6;1,55E0;-541,2;20,00;3,0;3,0;48,03;0,50;0,013;0,0;0,01;0,049
137;27.06.2023;12:07:02;00:02:16;250,0;18,2;19,0;17,4;19,9;20,0;0,0;1,5;1,53E0;-541,2;20,00;3,0;3,0;48,03;0,49;0,014;0,0;0,01;0,049
138;27.06.2023;12:07:03;00:02:17;250,0;18,2;19,0;17,4;19,9;20,0;0,0;1,4;1,45E0;-541,2;20,00;3,0;3,0;48,02;0,50;0,009;0,0;0,01;0,049
139;27.06.2023;12:07:04;00:02:18;250,0;18,1;19,0;17,5;19,9;20,0;0,0;1,4;1,38E0;-541,2;20,00;3,0;3,0;48,02;0,50;0,010;0,0;0,00;0,049
140;27.06.2023;12:07:05;00:02:19;250,0;18,1;19,0;17,5;19,9;20,0;0,0;1,4;1,35E0;-541,2;20,00;3,0;3,0;48,03;0,49;0,010;0,0;0,00;0,049
141;27.06.2023;12:07:06;00:02:20;250,0;18,1;19,0;17,5;19,9;20,0;0,0;1,3;1,29E0;-541,2;20,00;3,0;3,0;48,03;0,50;0,008;0,0;0,01;0,048
142;27.06.2023;12:07:07;00:02:21;250,0;18,1;19,0;17,5;19,9;20,0;0,0;1,3;1,26E0;-541,2;20,00;3,0;3,0;48,03;0,50;0,006;0,0;0,01;0,049
143;27.06.2023;12:07:08;00:02:22;250,0;18,1;19,0;17,5;19,8;20,0;0,0;1,2;1,20E0;-541,2;20,00;3,0;3,0;48,03;0,50;0,008;0,0;0,00;0,049
144;27.06.2023;12:07:09;00:02:23;250,0;18,0;19,0;17,4;19,8;20,0;0,0;1,1;1,14E0;-541,2;20,00;3,0;3,0;48,03;0,50;0,009;0,0;0,01;0,049
145;27.06.2023;12:07:10;00:02:24;250,0;18,0;19,0;17,4;19,8;20,0;0,0;1,1;1,14E0;-541,2;20,00;3,0;3,0;48,03;0,50;0,009;0,0;0,00;0,049
146;27.06.2023;12:07:11;00:02:25;250,0;18,0;19,0;17,4;19,8;20,0;0,0;1,1;1,09E0;-541,2;20,00;3,0;3,0;48,03;0,50;0,010;0,0;0,01;0,049
147;27.06.2023;12:07:12;00:02:26;250,0;18,0;19,0;17,4;19,8;20,0;0,0;1,1;1,05E0;-541,2;20,00;3,0;3,0;48,03;0,50;0,007;0,0;0,01;0,049
148;27.06.2023;12:07:13;00:02:27;250,0;18,0;19,0;17,4;19,8;20,0;0,0;1,0;1,02E0;-541,2;20,00;3,0;3,0;48,03;0,50;0,007;0,0;0,00;0,049
149;27.06.2023;12:07:14;00:02:28;250,0;18,0;19,0;17,4;19,8;20,0;0,0;1,0;9,68E-1;-541,2;20,00;3,0;3,0;48,03;0,50;0,010;0,0;0,00;0,049
150;27.06.2023;12:07:15;00:02:29;250,0;18,0;19,0;17,4;19,9;20,0;0,0;0,9;9,34E-1;-541,2;20,00;3,0;3,0;48,03;0,50;0,006;0,0;0,01;0,049
151;27.06.2023;12:07:16;00:02:30;250,0;18,0;19,0;17,4;19,9;20,0;0,0;0,9;9,16E-1;-541,2;20,00;3,0;3,0;48,03;0,50;0,006;0,0;0,00;0,049
152;27.06.2023;12:07:17;00:02:31;250,0;18,0;19,0;17,5;19,9;20,0;0,0;0,9;8,82E-1;-541,2;20,00;3,0;3,0;48,03;0,50;0,006;0,0;0,01;0,049
153;27.06.2023;12:07:18;00:02:32;250,0;18,0;19,0;17,5;19,9;20,0;0,0;0,9;8,64E-1;-541,2;20,00;3,0;3,0;48,03;0,50;0,006;0,0;0,00;0,049
154;27.06.2023;12:07:19;00:02:33;250,0;18,0;19,0;17,5;19,9;20,0;0,0;0,8;8,33E-1;-541,2;20,00;3,0;3,0;48,03;0,50;0,007;0,0;0,00;0,049
155;27.06.2023;12:07:20;00:02:34;250,0;18,0;19,0;17,5;19,9;20,0;0,0;0,8;8,00E-1;-541,2;20,00;3,0;3,0;48,03;0,50;0,007;0,0;0,01;0,049
156;27.06.2023;12:07:21;00:02:35;250,0;18,0;19,0;17,5;19,9;20,0;0,0;0,8;7,84E-1;-541,2;20,00;3,0;3,0;48,03;0,50;0,005;0,0;0,01;0,049
157;27.06.2023;12:07:22;00:02:36;250,0;18,0;19,0;17,5;19,9;20,0;0,0;0,8;7,60E-1;-541,2;20,00;3,0;3,0;48,03;0,50;0,006;0,0;0,00;0,049
158;27.06.2023;12:07:23;00:02:37;250,0;18,0;19,0;17,5;19,9;20,0;0,0;0,7;7,33E-1;-541,2;20,00;3,0;3,0;48,03;0,50;0,007;0,0;0,01;0,049
159;27.06.2023;12:07:24;00:02:38;250,0;18,0;19,0;17,5;19,9;20,0;0,0;0,7;7,23E-1;-541,2;20,00;3,0;3,0;48,03;0,50;0,005;0,0;0,00;0,049
160;27.06.2023;12:07:25;00:02:39;250,0;18,0;19,0;17,5;19,9;20,0;0,0;0,7;6,99E-1;-541,2;20,00;3,0;3,0;48,03;0,50;0,003;0,0;0,01;0,049
161;27.06.2023;12:07:26;00:02:40;250,0;18,0;19,0;17,5;19,9;20,0;0,0;0,7;6,77E-1;-541,2;20,00;3,0;3,0;48,03;0,50;0,008;0,0;0,00;0,049
162;27.06.2023;12:07:27;00:02:41;250,0;18,0;19,0;17,5;19,9;20,0;0,0;0,7;6,66E-1;-541,2;20,00;3,0;3,0;48,03;0,50;0,008;0,0;0,00;0,049
163;27.06.2023;12:07:28;00:02:42;250,0;18,0;18,9;17,5;19,8;20,0;0,0;0,6;6,44E-1;-541,2;20,00;3,0;3,0;48,03;0,50;0,008;0,0;0,00;0,049
164;27.06.2023;12:07:29;00:02:43;250,0;17,9;18,9;17,5;19,9;20,0;0,0;0,6;6,21E-1;-541,2;20,00;3,0;3,0;48,03;0,50;0,008;0,0;0,00;0,049
165;27.06.2023;12:07:30;00:02:44;250,0;17,9;18,9;17,5;19,9;20,0;0,0;0,6;6,21E-1;-541,2;20,00;3,0;3,0;48,03;0,50;0,008;0,0;0,00;0,049
166;27.06.2023;12:07:31;00:02:45;250,0;17,9;18,9;17,5;19,9;20,0;0,0;0,6;6,00E-1;-541,2;20,00;3,0;3,0;48,03;0,50;0,007;0,0;0,01;0,049
167;27.06.2023;12:07:32;00:02:46;250,0;17,9;18,9;17,5;19,9;20,0;0,0;0,6;5,80E-1;-541,2;20,00;3,0;3,0;48,03;0,50;0,005;0,0;0,01;0,049
168;27.06.2023;12:07:33;00:02:47;250,0;17,9;18,9;17,5;19,9;20,0;0,0;0,6;5,70E-1;-541,2;20,00;3,0;3,0;48,03;0,50;0,007;0,0;0,01;0,049
169;27.06.2023;12:07:34;00:02:48;250,0;17,9;18,9;17,5;19,9;20,0;0,0;0,6;5,52E-1;-541,2;20,00;3,0;3,0;48,03;0,50;0,006;0,0;0,01;0,049
170;27.06.2023;12:07:35;00:02:49;250,0;17,9;18,9;17,5;19,9;20,0;0,0;0,5;5,33E-1;-541,2;20,00;3,0;3,0;48,03;0,50;0,006;0,0;0,01;0,049
171;27.06.2023;12:07:36;00:02:50;250,0;17,9;18,9;17,5;19,9;20,0;0,0;0,5;5,25E-1;-541,2;20,00;3,0;3,0;48,03;0,50;0,004;0,0;0,00;0,049
172;27.06.2023;12:07:37;00:02:51;250,0;17,9;18,9;17,5;19,9;20,0;0,0;0,5;5,12E-1;-541,2;20,00;3,0;3,0;48,03;0,50;0,006;0,0;0,01;0,049
173;27.06.2023;12:07:38;00:02:52;250,0;17,9;18,9;17,5;19,9;20,0;0,0;0,5;5,05E-1;-541,2;20,00;3,0;3,0;48,03;0,50;0,007;0,0;0,00;0,049
174;27.06.2023;12:07:39;00:02:53;250,0;17,9;18,9;17,5;19,9;20,0;0,0;0,5;4,92E-1;-541,2;20,00;3,0;3,0;48,03;0,50;0,006;0,0;0,01;0,049
175;27.06.2023;12:07:40;00:02:54;250,0;17,9;18,9;17,5;19,9;20,0;0,0;0,5;4,80E-1;-541,2;20,00;3,0;3,0;48,03;0,50;0,007;0,0;0,01;0,049
176;27.06.2023;12:07:41;00:02:55;250,0;17,8;18,9;17,5;19,9;20,0;0,0;0,5;4,74E-1;-541,2;20,00;3,0;3,0;48,03;0,50;0,005;0,0;0,01;0,049
177;27.06.2023;12:07:42;00:02:56;250,0;17,8;18,9;17,5;19,9;20,0;0,0;0,5;4,62E-1;-541,2;20,00;3,0;3,0;48,03;0,50;0,007;0,0;0,01;0,049
178;27.06.2023;12:07:43;00:02:57;250,0;17,9;18,9;17,5;19,9;20,0;0,0;0,5;4,51E-1;-541,2;20,00;3,0;3,0;48,03;0,50;0,005;0,0;0,00;0,049
179;27.06.2023;12:07:44;00:02:58;250,0;17,9;18,9;17,5;19,9;20,0;0,0;0,4;4,45E-1;-541,2;20,00;3,0;3,0;48,03;0,50;0,005;0,0;0,01;0,049
180;27.06.2023;12:07:45;00:02:59;250,0;17,8;18,9;17,5;19,9;20,0;0,2;7,6;7,64E0;-541,2;20,00;3,0;3,0;48,03;0,50;0,007;0,0;0,01;0,049
181;27.06.2023;12:07:46;00:03:00;250,0;17,8;19,0;17,6;19,9;20,0;0,2;77,4;7,74E1;-541,2;20,00;3,0;3,0;48,03;0,50;0,006;0,0;0,00;0,049
182;27.06.2023;12:07:47;00:03:01;250,0;17,8;19,0;17,6;19,9;20,0;0,2;104,3;1,04E2;-541,2;20,00;3,0;3,0;48,03;0,50;0,006;0,0;0,00;0,049
183;27.06.2023;12:07:48;00:03:02;250,0;17,8;19,0;17,6;19,9;20,0;0,2;163,0;1,63E2;-541,2;20,00;3,0;3,0;48,03;0,50;0,005;0,0;0,01;0,049
184;27.06.2023;12:07:49;00:03:03;250,0;17,8;18,9;17,5;19,9;20,0;0,2;218,9;2,19E2;-541,2;20,00;3,0;3,0;48,03;0,50;0,000;0,0;0,00;0,049
185;27.06.2023;12:07:50;00:03:04;250,0;17,8;18,9;17,5;19,9;20,0;0,2;247,7;2,48E2;-541,2;20,00;3,0;3,0;48,03;0,50;0,000;0,0;0,01;0,049
186;27.06.2023;12:07:51;00:03:05;250,0;17,9;18,9;17,6;19,9;20,0;0,2;301,2;3,01E2;-541,2;20,00;3,0;3,0;48,03;0,50;0,000;0,0;0,01;0,049
187;27.06.2023;12:07:52;00:03:06;250,0;17,9;18,9;17,6;19,9;20,0;0,2;330,1;3,30E2;-541,2;20,00;3,0;3,0;48,03;0,50;0,002;0,0;0,00;0,049
188;27.06.2023;12:07:53;00:03:07;250,0;17,9;18,9;17,6;19,9;20,0;0,2;385,7;3,86E2;-541,2;20,00;3,0;3,0;48,03;0,50;-0,002;0,0;0,01;0,049
189;27.06.2023;12:07:54;00:03:08;250,0;18,0;18,9;17,6;19,9;20,0;0,2;446,3;4,46E2;-541,2;20,00;3,0;3,0;48,03;0,50;-0,006;0,0;0,01;0,049
190;27.06.2023;12:07:55;00:03:09;250,0;18,0;18,9;17,6;19,9;20,0;0,2;472,3;4,72E2;-538,9;20,00;3,0;3,0;48,03;0,50;-0,009;0,0;0,00;0,049
191;27.06.2023;12:07:56;00:03:10;250,0;18,1;18,9;17,7;19,9;20,0;0,2;526,8;5,27E2;-483,7;20,00;3,0;3,1;48,03;0,50;-0,012;0,0;0,00;0,049
192;27.06.2023;12:07:57;00:03:11;250,0;18,1;18,9;17,7;19,9;20,0;0,2;580,6;5,81E2;-433,5;20,00;3,0;3,1;48,03;0,50;-0,019;0,0;0,00;0,049
193;27.06.2023;12:07:58;00:03:12;250,0;18,2;18,9;17,7;19,9;20,0;0,2;607,4;6,07E2;-407,7;20,00;3,0;3,0;48,03;0,50;-0,023;0,0;0,00;0,049
194;27.06.2023;12:07:59;00:03:13;250,0;18,2;19,0;17,7;19,9;20,0;0,2;662,7;6,63E2;-351,6;20,00;3,0;3,0;48,02;0,50;-0,034;0,0;0,01;0,049
195;27.06.2023;12:08:00;00:03:14;250,0;18,2;19,0;17,8;19,9;20,0;0,2;721,1;7,21E2;-291,7;20,00;3,0;3,0;48,02;0,49;-0,048;0,0;0,01;0,049
196;27.06.2023;12:08:01;00:03:15;250,0;18,2;19,0;17,8;19,9;20,0;0,2;749,4;7,49E2;-265,8;20,00;3,0;3,0;48,02;0,49;-0,054;0,0;0,01;0,049
197;27.06.2023;12:08:02;00:03:16;250,0;18,3;19,0;17,8;19,9;20,0;0,2;803,7;8,04E2;-209,6;20,00;3,0;3,0;48,02;0,49;-0,066;0,0;0,01;0,049
198;27.06.2023;12:08:03;00:03:17;250,0;18,4;19,0;17,9;19,9;20,0;0,2;858,7;8,59E2;-157,9;20,00;3,0;3,0;48,02;0,49;-0,078;0,0;0,01;0,049
199;27.06.2023;12:08:04;00:03:18;250,0;18,4;19,0;17,9;19,9;20,0;0,2;884,7;8,85E2;-127,7;20,00;3,0;3,0;48,02;0,49;-0,078;0,0;0,00;0,049
200;27.06.2023;12:08:05;00:03:19;250,0;18,5;19,0;18,0;19,9;20,0;0,2;940,1;9,40E2;-76,2;20,00;3,0;3,0;48,01;0,48;-0,088;0,0;0,00;0,049
201;27.06.2023;12:08:06;00:03:20;250,0;18,5;19,0;18,0;19,9;20,0;0,2;965,9;9,66E2;-46,3;20,00;3,0;3,0;48,01;0,48;-0,092;0,0;0,01;0,049
202;27.06.2023;12:08:07;00:03:21;250,0;18,5;19,0;18,0;19,9;20,0;0,2;1025,0;1,02E3;9,3;20,00;3,0;3,0;48,01;0,48;-0,096;0,0;0,01;0,049
203;27.06.2023;12:08:08;00:03:22;250,0;18,6;19,0;18,1;19,9;20,0;0,2;1034,2;1,03E3;23,0;20,00;3,0;3,0;48,01;0,48;-0,099;0,0;0,00;0,049
204;27.06.2023;12:08:09;00:03:23;250,1;18,8;19,3;18,3;19,9;20,0;0,2;1027,0;1,03E3;15,9;20,00;3,0;3,0;48,01;0,48;-0,099;0,0;0,00;0,049
205;27.06.2023;12:08:10;00:03:24;250,0;18,9;19,3;18,4;20,1;20,0;0,1;1050,2;1,05E3;39,1;20,00;3,0;3,0;48,01;0,48;-0,086;0,0;0,01;0,049
206;27.06.2023;12:08:11;00:03:25;250,0;18,9;19,3;18,5;20,1;20,0;0,1;1039,3;1,04E3;28,2;20,00;3,0;3,0;48,01;0,48;-0,072;0,0;0,00;0,049
207;27.06.2023;12:08:12;00:03:26;250,0;18,9;19,3;18,5;20,1;20,0;0,1;1035,3;1,04E3;23,6;20,00;3,0;3,0;48,01;0,48;-0,068;0,0;0,01;0,049
208;27.06.2023;12:08:13;00:03:27;250,0;18,9;19,3;18,5;20,1;20,0;0,1;1028,5;1,03E3;17,3;20,00;3,0;3,0;48,01;0,48;-0,049;0,0;0,01;0,049
209;27.06.2023;12:08:14;00:03:28;250,0;19,0;19,3;18,6;20,1;20,0;0,1;1047,6;1,05E3;36,3;20,00;3,0;3,0;48,01;0,48;-0,038;0,0;0,01;0,048
210;27.06.2023;12:08:15;00:03:29;250,0;19,0;19,3;18,6;20,1;20,0;0,1;1044,2;1,04E3;33,0;20,00;3,0;3,0;48,01;0,48;-0,032;0,0;0,01;0,049
211;27.06.2023;12:08:16;00:03:30;250,0;19,0;19,3;18,6;20,1;20,0;0,1;1039,2;1,04E3;27,9;20,00;3,0;3,0;48,01;0,48;-0,021;0,0;0,01;0,049
212;27.06.2023;12:08:17;00:03:31;250,0;19,0;19,3;18,7;20,1;20,0;0,1;1037,2;1,04E3;25,9;20,00;3,0;3,0;48,01;0,48;-0,018;0,0;0,00;0,049
213;27.06.2023;12:08:18;00:03:32;250,0;19,0;19,3;18,7;20,1;20,0;0,1;1033,9;1,03E3;22,6;20,00;3,0;3,0;48,01;0,48;-0,015;0,0;0,01;0,049
214;27.06.2023;12:08:19;00:03:33;250,0;19,0;19,4;18,8;20,1;20,0;0,1;1031,1;1,03E3;19,7;20,00;3,0;3,0;48,01;0,48;-0,010;0,0;0,01;0,049
215;27.06.2023;12:08:20;00:03:34;250,0;19,0;19,4;18,8;20,1;20,0;0,1;1029,9;1,03E3;18,6;20,00;3,0;3,0;48,01;0,48;-0,007;0,0;0,00;0,049
216;27.06.2023;12:08:21;00:03:35;250,0;19,0;19,4;18,8;20,1;20,0;0,1;1028,1;1,03E3;16,8;20,00;3,0;3,0;48,01;0,48;-0,003;0,0;0,01;0,049
217;27.06.2023;12:08:22;00:03:36;250,0;19,0;19,4;18,8;20,1;20,0;0,1;1050,9;1,05E3;39,6;20,00;3,0;3,0;48,01;0,48;-0,002;0,0;0,00;0,049
218;27.06.2023;12:08:23;00:03:37;250,0;19,0;19,4;18,8;20,1;20,0;0,1;1049,2;1,05E3;38,0;20,00;3,0;3,0;48,01;0,48;0,000;0,0;0,00;0,049
219;27.06.2023;12:08:24;00:03:38;250,0;18,9;19,4;18,9;20,1;20,0;0,1;1046,5;1,05E3;35,3;20,00;3,0;3,0;48,01;0,48;-0,002;0,0;0,01;0,049
220;27.06.2023;12:08:25;00:03:39;250,0;18,9;19,4;18,9;20,1;20,0;0,1;1044,2;1,04E3;33,0;20,00;3,0;3,0;48,01;0,48;-0,004;0,0;0,00;0,049
221;27.06.2023;12:08:26;00:03:40;250,0;18,9;19,4;18,9;20,1;20,0;0,1;1043,4;1,04E3;32,1;20,00;3,0;3,0;48,01;0,48;-0,005;0,0;0,01;0,049
222;27.06.2023;12:08:27;00:03:41;250,0;18,9;19,4;18,9;20,1;20,0;0,1;1041,9;1,04E3;30,5;20,00;3,0;3,0;48,01;0,48;-0,002;0,0;0,01;0,049
223;27.06.2023;12:08:28;00:03:42;250,0;18,9;19,4;18,9;20,2;20,0;0,1;1040,7;1,04E3;29,3;20,00;3,0;3,0;48,01;0,48;-0,002;0,0;0,01;0,049
224;27.06.2023;12:08:29;00:03:43;250,0;18,9;19,4;19,0;20,2;20,0;0,1;1040,0;1,04E3;28,7;20,00;3,0;3,0;48,01;0,48;0,002;0,0;0,01;0,049
225;27.06.2023;12:08:30;00:03:44;250,0;18,9;19,4;19,0;20,2;20,0;0,1;1039,1;1,04E3;27,9;20,00;3,0;3,0;48,01;0,48;0,001;0,0;0,01;0,049
226;27.06.2023;12:08:31;00:03:45;250,0;18,9;19,4;19,0;20,2;20,0;0,1;1038,6;1,04E3;27,4;20,00;3,0;3,0;48,01;0,48;0,002;0,0;0,00;0,049
227;27.06.2023;12:08:32;00:03:46;250,0;18,9;19,4;19,0;20,1;20,0;0,2;1037,9;1,04E3;26,6;20,00;3,0;3,0;48,01;0,48;0,002;0,0;0,01;0,049
228;27.06.2023;12:08:33;00:03:47;250,0;18,9;19,4;19,1;20,1;20,0;0,2;1037,2;1,04E3;25,9;20,00;3,0;3,0;48,01;0,48;0,002;0,0;0,01;0,049
229;27.06.2023;12:08:34;00:03:48;250,0;18,8;19,4;19,1;20,1;20,0;0,2;1036,9;1,04E3;25,6;20,00;3,0;3,0;48,01;0,48;0,002;0,0;0,00;0,049
230;27.06.2023;12:08:35;00:03:49;250,0;18,8;19,4;19,1;20,1;20,0;0,2;1036,4;1,04E3;25,0;20,00;3,0;2,9;48,01;0,48;-0,001;0,0;0,01;0,049
231;27.06.2023;12:08:36;00:03:50;250,0;18,8;19,4;19,1;20,1;20,0;0,2;1035,9;1,04E3;24,7;20,00;3,0;3,0;48,01;0,48;-0,001;0,0;0,01;0,049
232;27.06.2023;12:08:37;00:03:51;250,0;18,8;19,4;19,1;20,1;20,0;0,2;1035,6;1,04E3;24,4;20,00;3,0;3,0;48,01;0,48;0,000;0,0;0,00;0,049
233;27.06.2023;12:08:38;00:03:52;250,0;18,8;19,4;19,1;20,1;20,0;0,2;1035,3;1,04E3;24,1;20,00;3,0;3,0;48,01;0,48;-0,001;0,0;0,00;0,049
234;27.06.2023;12:08:39;00:03:53;250,0;18,8;19,4;19,1;20,1;20,0;0,2;1034,9;1,03E3;23,5;20,00;3,0;3,0;48,01;0,48;0,005;0,0;0,00;0,049
235;27.06.2023;12:08:40;00:03:54;250,0;18,8;19,4;19,1;20,1;20,0;0,2;1034,7;1,03E3;23,5;20,00;3,0;3,0;48,01;0,48;0,001;0,0;0,01;0,049
236;27.06.2023;12:08:41;00:03:55;250,0;18,7;19,4;19,1;20,1;20,0;0,2;1034,4;1,03E3;23,2;20,00;3,0;3,0;48,01;0,48;0,001;0,0;0,01;0,049
237;27.06.2023;12:08:42;00:03:56;250,0;18,7;19,4;19,1;20,1;20,0;0,2;1034,1;1,03E3;22,9;20,00;3,0;3,0;48,01;0,48;0,003;0,0;0,00;0,049
238;27.06.2023;12:08:43;00:03:57;250,0;18,7;19,4;19,1;20,1;20,0;0,2;1034,0;1,03E3;22,9;20,00;3,0;3,0;48,01;0,48;-0,001;0,0;0,01;0,049
239;27.06.2023;12:08:44;00:03:58;250,0;18,7;19,4;19,1;20,1;20,0;0,2;1033,8;1,03E3;22,6;20,00;3,0;3,0;48,01;0,48;0,005;0,0;0,00;0,049
240;27.06.2023;12:08:45;00:03:59;250,0;18,7;19,4;19,0;20,1;20,0;0,2;1033,7;1,03E3;22,6;20,00;3,0;3,0;48,01;0,48;0,002;0,0;0,01;0,049
241;27.06.2023;12:08:46;00:04:00;250,0;18,7;19,4;19,0;20,1;20,0;0,2;1033,5;1,03E3;22,3;20,00;3,0;3,0;48,01;0,48;0,004;0,0;0,00;0,049
242;27.06.2023;12:08:47;00:04:01;250,0;18,7;19,4;19,0;20,1;20,0;0,2;1033,3;1,03E3;22,2;20,00;3,0;3,0;48,01;0,48;0,006;0,0;0,00;0,049
243;27.06.2023;12:08:48;00:04:02;250,0;18,7;19,4;19,0;20,1;20,0;0,2;1033,2;1,03E3;22,0;20,00;3,0;3,0;48,01;0,48;0,003;0,0;0,00;0,049
244;27.06.2023;12:08:49;00:04:03;250,0;18,7;19,5;19,1;20,2;20,0;0,2;1033,0;1,03E3;22,0;20,00;3,0;3,0;48,01;0,48;0,004;0,0;0,00;0,049
245;27.06.2023;12:08:50;00:04:04;250,0;18,7;19,5;19,1;20,2;20,0;0,2;1033,0;1,03E3;21,7;20,00;3,0;2,9;48,01;0,48;0,002;0,0;0,00;0,049
246;27.06.2023;12:08:51;00:04:05;250,0;18,7;19,5;19,1;20,2;20,0;0,2;1032,9;1,03E3;21,7;20,00;3,0;3,0;48,01;0,48;0,004;0,0;0,00;0,049
247;27.06.2023;12:08:52;00:04:06;250,0;18,7;19,5;19,1;20,2;20,0;0,2;1032,7;1,03E3;21,7;20,00;3,0;3,0;48,01;0,48;0,005;0,0;0,01;0,049
248;27.06.2023;12:08:53;00:04:07;250,0;18,7;19,5;19,1;20,2;20,0;0,2;1032,6;1,03E3;21,4;20,00;3,0;3,0;48,01;0,48;0,005;0,0;0,01;0,049
249;27.06.2023;12:08:54;00:04:08;250,0;18,7;19,5;19,0;20,2;20,0;0,2;1032,6;1,03E3;21,4;20,00;3,0;3,0;48,01;0,48;0,007;0,0;0,00;0,049
250;27.06.2023;12:08:55;00:04:09;250,0;18,7;19,5;19,0;20,2;20,0;0,2;1032,5;1,03E3;21,3;20,00;3,0;3,0;48,01;0,48;0,003;0,0;0,00;0,049
251;27.06.2023;12:08:56;00:04:10;250,0;18,6;19,5;19,0;20,2;20,0;0,2;1032,4;1,03E3;21,1;20,00;3,0;3,1;48,01;0,48;0,003;0,0;0,01;0,049
252;27.06.2023;12:08:57;00:04:11;250,0;18,6;19,5;19,0;20,2;20,0;0,2;1032,4;1,03E3;21,1;20,00;3,0;2,9;48,01;0,48;0,001;0,0;0,00;0,049
253;27.06.2023;12:08:58;00:04:12;250,0;18,6;19,5;19,0;20,2;20,0;0,2;1032,3;1,03E3;21,1;20,00;3,0;3,0;48,01;0,48;0,001;0,0;0,01;0,049
254;27.06.2023;12:08:59;00:04:13;250,0;18,6;19,5;19,0;20,2;20,0;0,2;1032,3;1,03E3;21,1;20,00;3,0;3,0;48,01;0,48;0,001;0,0;0,00;0,049
255;27.06.2023;12:09:00;00:04:14;250,0;18,6;19,5;19,0;20,2;20,0;0,2;1032,2;1,03E3;21,0;20,00;3,0;3,0;48,01;0,48;0,001;0,0;0,01;0,049
256;27.06.2023;12:09:01;00:04:15;250,0;18,6;19,5;18,9;20,2;20,0;0,2;1032,1;1,03E3;21,0;20,00;3,0;3,0;48,01;0,48;-0,001;0,0;0,00;0,049
257;27.06.2023;12:09:02;00:04:16;250,0;18,6;19,5;18,9;20,2;20,0;0,2;1032,1;1,03E3;20,8;20,00;3,0;3,0;48,01;0,48;-0,001;0,0;0,01;0,049
258;27.06.2023;12:09:03;00:04:17;250,0;18,6;19,5;18,9;20,2;20,0;0,2;1032,0;1,03E3;20,8;20,00;3,0;3,0;48,01;0,48;0,001;0,0;0,01;0,049
259;27.06.2023;12:09:04;00:04:18;250,0;18,6;19,5;18,9;20,2;20,0;0,2;1032,0;1,03E3;20,8;20,00;3,0;3,0;48,01;0,48;-0,001;0,0;0,00;0,049
260;27.06.2023;12:09:05;00:04:19;250,0;18,6;19,5;18,9;20,2;20,0;0,2;1031,9;1,03E3;20,8;20,00;3,0;3,0;48,01;0,48;0,000;0,0;0,00;0,049
261;27.06.2023;12:09:06;00:04:20;250,0;18,6;19,5;18,9;20,2;20,0;0,2;1031,9;1,03E3;20,8;20,00;3,0;3,0;48,01;0,48;0,000;0,0;0,01;0,049
262;27.06.2023;12:09:07;00:04:21;250,0;18,5;19,5;18,9;20,2;20,0;0,2;1031,8;1,03E3;20,8;20,00;3,0;3,0;48,01;0,48;0,001;0,0;0,00;0,049
263;27.06.2023;12:09:08;00:04:22;250,0;18,5;19,5;18,9;20,2;20,0;0,2;1031,8;1,03E3;20,8;20,00;3,0;3,0;48,01;0,48;0,001;0,0;0,01;0,049
264;27.06.2023;12:09:09;00:04:23;250,0;18,6;19,5;18,9;20,2;20,0;0,2;1031,8;1,03E3;20,6;20,00;3,0;3,0;48,01;0,48;0,002;0,0;0,00;0,049
265;27.06.2023;12:09:10;00:04:24;250,0;18,6;19,5;18,9;20,2;20,0;0,2;1031,7;1,03E3;20,6;20,00;3,0;3,0;48,01;0,48;-0,002;0,0;0,00;0,049
266;27.06.2023;12:09:11;00:04:25;250,0;18,6;19,5;18,9;20,2;20,0;0,2;1031,7;1,03E3;20,5;20,00;3,0;3,0;48,01;0,48;0,000;0,0;0,00;0,049
267;27.06.2023;12:09:12;00:04:26;250,0;18,6;19,5;18,9;20,2;20,0;0,2;1031,6;1,03E3;20,5;20,00;3,0;3,0;48,01;0,48;-0,001;0,0;0,00;0,049
268;27.06.2023;12:09:13;00:04:27;250,0;18,6;19,5;18,9;20,2;20,0;0,2;1031,6;1,03E3;20,5;20,00;3,0;3,0;48,01;0,48;0,001;0,0;0,00;0,049
269;27.06.2023;12:09:14;00:04:28;250,0;18,5;19,5;18,9;20,2;20,0;0,2;1031,6;1,03E3;20,5;20,00;3,0;3,1;48,01;0,48;0,000;0,0;0,00;0,049
270;27.06.2023;12:09:15;00:04:29;250,0;18,5;19,5;18,8;20,2;20,0;0,2;1031,5;1,03E3;20,5;20,00;3,0;3,0;48,01;0,48;-0,001;0,0;0,00;0,049
271;27.06.2023;12:09:16;00:04:30;250,0;18,5;19,5;18,8;20,2;20,0;0,2;1031,5;1,03E3;20,5;20,00;3,0;3,0;48,01;0,48;0,001;0,0;0,01;0,049
272;27.06.2023;12:09:17;00:04:31;250,0;18,5;19,5;18,8;20,2;20,0;0,2;1031,5;1,03E3;20,5;20,00;3,0;3,0;48,01;0,48;0,000;0,0;0,01;0,049
273;27.06.2023;12:09:18;00:04:32;250,0;18,5;19,5;18,8;20,2;20,0;0,2;1031,5;1,03E3;20,5;20,00;3,0;3,0;48,01;0,48;-0,002;0,0;0,01;0,049
274;27.06.2023;12:09:19;00:04:33;250,0;18,5;19,5;18,8;20,2;20,0;0,2;1031,5;1,03E3;20,4;20,00;3,0;2,9;48,01;0,48;-0,001;0,0;0,01;0,049
275;27.06.2023;12:09:20;00:04:34;250,0;18,5;19,5;18,8;20,2;20,0;0,2;1031,4;1,03E3;20,3;20,00;3,0;3,0;48,01;0,48;-0,001;0,0;0,00;0,049
276;27.06.2023;12:09:21;00:04:35;250,0;18,5;19,5;18,8;20,2;20,0;0,2;1031,4;1,03E3;20,1;20,00;3,0;3,0;48,01;0,48;-0,001;0,0;0,01;0,049
277;27.06.2023;12:09:22;00:04:36;250,0;18,5;19,5;18,8;20,2;20,0;0,2;1031,4;1,03E3;20,2;20,00;3,0;3,0;48,01;0,48;0,000;0,0;0,00;0,049
278;27.06.2023;12:09:23;00:04:37;250,0;18,5;19,5;18,7;20,2;20,0;0,2;1031,4;1,03E3;20,1;20,00;3,0;3,0;48,01;0,48;0,001;0,0;0,01;0,049
279;27.06.2023;12:09:24;00:04:38;250,0;18,4;19,5;18,7;20,2;20,0;0,2;1031,4;1,03E3;20,1;20,00;3,0;2,9;48,01;0,48;0,000;0,0;0,00;0,049
280;27.06.2023;12:09:25;00:04:39;250,0;18,4;19,5;18,7;20,2;20,0;0,2;1031,3;1,03E3;20,1;20,00;3,0;3,0;48,01;0,48;-0,005;0,0;0,01;0,049
281;27.06.2023;12:09:26;00:04:40;250,0;18,4;19,5;18,7;20,2;20,0;0,2;1031,3;1,03E3;20,1;20,00;3,0;3,0;48,01;0,48;-0,004;0,0;0,00;0,049
282;27.06.2023;12:09:27;00:04:41;250,0;18,4;19,5;18,7;20,2;20,0;0,2;1031,3;1,03E3;20,1;20,00;3,0;3,0;48,01;0,48;0,001;0,0;0,01;0,049
283;27.06.2023;12:09:28;00:04:42;250,0;18,4;19,5;18,7;20,2;20,0;0,3;1031,2;1,03E3;20,1;20,00;3,0;3,0;48,01;0,48;0,002;0,0;0,01;0,049
284;27.06.2023;12:09:29;00:04:43;250,0;18,5;19,6;18,8;20,3;20,0;0,2;1031,3;1,03E3;20,1;20,00;3,0;2,9;48,01;0,48;-0,002;0,0;0,01;0,049
285;27.06.2023;12:09:30;00:04:44;250,0;18,5;19,6;18,7;20,3;20,0;0,2;1031,3;1,03E3;20,1;20,00;3,0;3,0;48,01;0,48;0,001;0,0;0,00;0,049
286;27.06.2023;12:09:31;00:04:45;250,0;18,5;19,6;18,7;20,3;20,0;0,3;1031,2;1,03E3;20,1;20,00;3,0;3,0;48,01;0,48;-0,004;0,0;0,00;0,049
287;27.06.2023;12:09:32;00:04:46;250,0;18,4;19,6;18,7;20,3;20,0;0,3;1031,2;1,03E3;20,1;20,00;3,0;3,0;48,01;0,48;-0,001;0,0;0,00;0,049
288;27.06.2023;12:09:33;00:04:47;250,0;18,4;19,6;18,7;20,3;20,0;0,3;1031,2;1,03E3;20,1;20,00;3,0;3,0;48,01;0,48;0,000;0,0;0,00;0,049
289;27.06.2023;12:09:34;00:04:48;250,0;18,4;19,6;18,7;20,3;20,0;0,3;1031,1;1,03E3;20,1;20,00;3,0;2,9;48,01;0,48;-0,001;0,0;0,01;0,049
290;27.06.2023;12:09:35;00:04:49;250,0;18,4;19,6;18,7;20,3;20,0;0,3;1031,1;1,03E3;20,1;20,00;3,0;3,0;48,01;0,48;-0,001;0,0;0,01;0,049
291;27.06.2023;12:09:36;00:04:50;250,0;18,4;19,6;18,7;20,3;20,0;0,3;1031,1;1,03E3;20,1;20,00;3,0;3,0;48,01;0,48;0,004;0,0;0,01;0,049
292;27.06.2023;12:09:37;00:04:51;250,0;18,4;19,6;18,7;20,3;20,0;0,3;1031,1;1,03E3;20,0;20,00;3,0;3,0;48,01;0,48;-0,001;0,0;0,01;0,049
293;27.06.2023;12:09:38;00:04:52;250,0;18,4;19,6;18,7;20,3;20,0;0,3;1031,1;1,03E3;19,8;20,00;3,0;3,0;48,01;0,48;0,000;0,0;0,00;0,049
294;27.06.2023;12:09:39;00:04:53;250,0;18,4;19,6;18,7;20,3;20,0;0,3;1031,1;1,03E3;19,8;20,00;3,0;3,0;48,01;0,48;0,000;0,0;0,00;0,049
295;27.06.2023;12:09:40;00:04:54;250,0;18,4;19,6;18,7;20,3;20,0;0,3;1031,0;1,03E3;19,8;20,00;3,0;3,0;48,01;0,48;-0,002;0,0;0,01;0,049
296;27.06.2023;12:09:41;00:04:55;250,0;18,4;19,6;18,6;20,3;20,0;0,3;1031,0;1,03E3;19,8;20,00;3,0;3,0;48,01;0,48;-0,001;0,0;0,00;0,049
297;27.06.2023;12:09:42;00:04:56;250,0;18,4;19,6;18,6;20,3;20,0;0,3;1031,0;1,03E3;19,8;20,00;3,0;3,0;48,01;0,48;-0,003;0,0;0,01;0,049
298;27.06.2023;12:09:43;00:04:57;250,0;18,4;19,6;18,6;20,3;20,0;0,3;1031,0;1,03E3;19,8;20,00;3,0;3,0;48,01;0,48;-0,003;0,0;0,00;0,049
299;27.06.2023;12:09:44;00:04:58;250,0;18,4;19,6;18,6;20,3;20,0;0,3;1031,0;1,03E3;19,8;20,00;3,0;3,0;48,01;0,48;0,000;0,0;0,01;0,049
300;27.06.2023;12:09:45;00:04:59;250,0;18,3;19,6;18,6;20,3;20,0;0,0;1031,0;1,03E3;19,8;20,00;3,0;3,0;48,01;0,48;0,002;0,0;0,01;0,049
301;27.06.2023;12:09:46;00:05:00;250,0;18,3;19,6;18,6;20,3;20,0;0,0;1031,0;1,03E3;19,8;20,00;3,0;3,0;48,01;0,48;0,002;0,0;0,00;0,049
302;27.06.2023;12:09:47;00:05:01;250,0;18,3;19,6;18,6;20,3;20,0;0,0;1031,0;1,03E3;19,8;20,00;3,0;3,0;48,01;0,48;0,004;0,0;0,00;0,049
303;27.06.2023;12:09:48;00:05:02;250,0;18,3;19,6;18,6;20,2;20,0;0,0;1030,9;1,03E3;19,8;20,00;3,0;3,0;48,01;0,48;0,005;0,0;0,00;0,049
304;27.06.2023;12:09:49;00:05:03;250,0;18,3;19,6;18,6;20,2;20,0;0,0;1030,9;1,03E3;19,8;20,00;3,0;3,1;48,01;0,48;0,007;0,0;0,00;0,049
305;27.06.2023;12:09:50;00:05:04;250,0;18,4;19,6;18,6;20,3;20,0;0,0;1030,9;1,03E3;19,8;20,00;3,0;3,1;48,01;0,48;0,003;0,0;0,01;0,049
306;27.06.2023;12:09:51;00:05:05;250,0;18,4;19,6;18,6;20,3;20,0;0,0;1030,9;1,03E3;19,8;20,00;3,0;3,0;48,01;0,48;0,002;0,0;0,01;0,049
307;27.06.2023;12:09:52;00:05:06;250,0;18,4;19,6;18,6;20,3;20,0;0,0;1030,9;1,03E3;19,8;20,00;3,0;3,0;48,01;0,48;-0,002;0,0;0,01;0,049
308;27.06.2023;12:09:53;00:05:07;250,0;18,4;19,6;18,6;20,3;20,0;0,0;1020,0;1,02E3;13,4;20,00;3,0;3,0;48,01;0,48;0,000;0,0;0,00;0,049
309;27.06.2023;12:09:54;00:05:08;250,0;18,3;19,6;18,6;20,3;20,0;0,0;963,3;9,63E2;-45,1;20,00;3,0;3,0;48,01;0,48;0,001;0,0;0,00;0,049
310;27.06.2023;12:09:55;00:05:09;250,0;18,3;19,6;18,6;20,3;20,0;0,0;938,8;9,39E2;-69,4;20,00;3,0;3,0;48,01;0,48;0,004;0,0;0,01;0,049
311;27.06.2023;12:09:56;00:05:10;250,0;18,3;19,6;18,6;20,3;20,0;0,0;891,5;8,92E2;-118,0;20,00;3,0;3,0;48,01;0,48;0,003;0,0;0,01;0,049
312;27.06.2023;12:09:57;00:05:11;250,0;18,3;19,6;18,6;20,3;20,0;0,0;847,3;8,47E2;-160,6;20,00;3,0;3,0;48,01;0,48;0,004;0,0;0,01;0,049
313;27.06.2023;12:09:58;00:05:12;250,0;18,3;19,6;18,6;20,3;20,0;0,0;829,1;8,29E2;-181,4;20,00;3,0;3,0;48,01;0,48;0,004;0,0;0,01;0,049
314;27.06.2023;12:09:59;00:05:13;250,0;18,3;19,6;18,6;20,3;20,0;0,0;795,6;7,96E2;-213,6;20,00;3,0;3,0;48,01;0,48;0,008;0,0;0,01;0,049
315;27.06.2023;12:10:00;00:05:14;250,0;18,3;19,6;18,5;20,3;20,0;0,0;764,6;7,65E2;-245,0;20,00;3,0;2,9;48,01;0,48;0,004;0,0;0,01;0,049
316;27.06.2023;12:10:01;00:05:15;250,0;18,3;19,6;18,5;20,3;20,0;0,0;751,4;7,51E2;-258,4;20,00;3,0;2,9;48,01;0,48;0,004;0,0;0,01;0,049
317;27.06.2023;12:10:02;00:05:16;250,0;18,3;19,6;18,5;20,3;20,0;0,0;724,3;7,24E2;-286,1;20,00;3,0;3,0;48,01;0,48;0,006;0,0;0,01;0,049
318;27.06.2023;12:10:03;00:05:17;250,0;18,3;19,6;18,5;20,3;20,0;0,0;709,3;7,09E2;-300,4;20,00;3,0;3,0;48,01;0,48;0,007;0,0;0,00;0,049
319;27.06.2023;12:10:04;00:05:18;250,0;18,3;19,6;18,5;20,3;20,0;0,0;684,0;6,84E2;-325,9;20,00;3,0;3,0;48,01;0,48;0,006;0,0;0,00;0,049
320;27.06.2023;12:10:05;00:05:19;250,0;18,2;19,6;18,5;20,3;20,0;0,0;660,4;6,60E2;-348,3;20,00;3,0;3,1;48,01;0,48;0,011;0,0;0,01;0,049
321;27.06.2023;12:10:06;00:05:20;250,0;18,2;19,6;18,5;20,3;20,0;0,0;649,6;6,50E2;-361,0;20,00;3,0;3,0;48,01;0,48;0,011;0,0;0,01;0,049
322;27.06.2023;12:10:07;00:05:21;250,0;18,2;19,6;18,5;20,3;20,0;0,0;626,8;6,27E2;-382,0;20,00;3,0;3,0;48,01;0,48;0,009;0,0;0,01;0,049
323;27.06.2023;12:10:08;00:05:22;250,0;18,2;19,6;18,5;20,1;20,0;0,0;606,2;6,06E2;-404,0;20,00;3,0;3,0;48,01;0,48;0,010;0,0;0,00;0,049
324;27.06.2023;12:10:09;00:05:23;250,0;18,0;19,4;18,3;20,1;20,0;0,0;594,1;5,94E2;-415,3;20,00;3,0;3,0;48,01;0,48;0,011;0,0;0,01;0,049
325;27.06.2023;12:10:10;00:05:24;250,0;18,0;19,4;18,2;20,1;20,0;0,0;573,4;5,73E2;-436,0;20,00;3,0;3,0;48,01;0,48;0,010;0,0;0,00;0,049
326;27.06.2023;12:10:11;00:05:25;250,0;17,9;19,4;18,2;20,1;20,0;0,0;553,7;5,54E2;-454,5;20,00;3,0;3,0;48,01;0,48;0,018;0,0;0,00;0,049
327;27.06.2023;12:10:12;00:05:26;250,0;17,9;19,4;18,2;20,1;20,0;0,0;545,0;5,45E2;-465,0;20,00;3,0;3,0;48,01;0,48;0,020;0,0;0,00;0,049
328;27.06.2023;12:10:13;00:05:27;250,0;17,9;19,4;18,2;20,1;20,0;0,0;526,4;5,26E2;-482,4;20,00;3,0;3,0;48,01;0,48;0,024;0,0;0,01;0,049
329;27.06.2023;12:10:14;00:05:28;250,0;17,9;19,4;18,2;20,1;20,0;0,0;516,8;5,17E2;-492,4;20,00;3,0;3,0;48,01;0,48;0,024;0,0;0,01;0,049
330;27.06.2023;12:10:15;00:05:29;250,0;17,9;19,4;18,2;20,1;20,0;0,0;498,5;4,98E2;-510,3;20,00;3,0;3,0;48,01;0,48;0,025;0,0;0,01;0,049
331;27.06.2023;12:10:16;00:05:30;250,0;17,9;19,4;18,2;20,1;20,0;0,0;481,5;4,81E2;-527,7;20,00;3,0;3,0;48,01;0,48;0,029;0,0;0,01;0,049
332;27.06.2023;12:10:17;00:05:31;250,0;17,9;19,4;18,2;20,1;20,0;0,0;473,1;4,73E2;-535,6;20,00;3,0;3,0;48,01;0,48;0,027;0,0;0,00;0,049
333;27.06.2023;12:10:18;00:05:32;250,0;17,9;19,4;18,1;20,1;20,0;0,0;456,7;4,57E2;-541,2;20,00;3,0;3,0;48,02;0,49;0,031;0,0;0,01;0,049
334;27.06.2023;12:10:19;00:05:33;250,0;17,9;19,4;18,1;20,1;20,0;0,0;441,7;4,42E2;-541,2;20,00;3,0;3,0;48,02;0,49;0,033;0,0;0,00;0,049
335;27.06.2023;12:10:20;00:05:34;250,0;17,9;19,4;18,1;20,1;20,0;0,0;433,4;4,33E2;-541,2;20,00;3,0;3,0;48,02;0,49;0,029;0,0;0,00;0,049
336;27.06.2023;12:10:21;00:05:35;250,0;17,9;19,4;18,1;20,1;20,0;0,0;417,7;4,18E2;-541,2;20,00;3,0;3,0;48,02;0,49;0,028;0,0;0,00;0,049
337;27.06.2023;12:10:22;00:05:36;250,0;17,9;19,4;18,1;20,1;20,0;0,0;403,7;4,04E2;-541,2;20,00;3,0;3,0;48,02;0,49;0,033;0,0;0,00;0,049
338;27.06.2023;12:10:23;00:05:37;250,0;17,9;19,4;18,1;20,1;20,0;0,0;396,9;3,97E2;-541,2;20,00;3,0;3,0;48,02;0,49;0,032;0,0;0,00;0,049
339;27.06.2023;12:10:24;00:05:38;250,0;17,9;19,4;18,0;20,1;20,0;0,0;382,5;3,83E2;-541,2;20,00;3,0;3,0;48,02;0,49;0,029;0,0;0,01;0,049
340;27.06.2023;12:10:25;00:05:39;250,0;17,9;19,4;18,0;20,1;20,0;0,0;369,9;3,70E2;-541,2;20,00;3,0;3,0;48,02;0,49;0,023;0,0;0,00;0,049
341;27.06.2023;12:10:26;00:05:40;250,0;17,8;19,4;18,0;20,1;20,0;0,0;363,7;3,64E2;-541,2;20,00;3,0;3,0;48,02;0,49;0,022;0,0;0,01;0,049
342;27.06.2023;12:10:27;00:05:41;250,0;17,8;19,4;18,0;20,1;20,0;0,0;350,1;3,50E2;-541,2;20,00;3,0;3,0;48,02;0,49;0,021;0,0;0,00;0,049
343;27.06.2023;12:10:28;00:05:42;250,0;17,8;19,4;18,0;20,1;20,0;0,0;344,2;3,44E2;-541,2;20,00;3,0;3,0;48,02;0,49;0,022;0,0;0,01;0,049
344;27.06.2023;12:10:29;00:05:43;250,0;17,6;19,2;17,7;19,9;20,0;0,0;332,4;3,32E2;-541,2;20,00;3,0;3,0;48,02;0,49;0,025;0,0;0,00;0,049
345;27.06.2023;12:10:30;00:05:44;250,0;17,6;19,2;17,7;19,9;20,0;0,0;321,1;3,21E2;-541,2;20,00;3,0;3,0;48,02;0,49;0,026;0,0;0,00;0,049
346;27.06.2023;12:10:31;00:05:45;250,0;17,6;19,2;17,7;19,9;20,0;0,0;315,6;3,16E2;-541,2;20,00;3,0;3,0;48,02;0,49;0,028;0,0;0,00;0,049
347;27.06.2023;12:10:32;00:05:46;250,0;17,6;19,2;17,7;19,9;20,0;0,0;304,9;3,05E2;-541,2;20,00;3,0;3,0;48,02;0,49;0,025;0,0;0,00;0,049
348;27.06.2023;12:10:33;00:05:47;250,0;17,6;19,2;17,7;19,9;20,0;0,0;293,7;2,94E2;-541,2;20,00;3,0;2,9;48,02;0,49;0,023;0,0;0,01;0,049
349;27.06.2023;12:10:34;00:05:48;250,0;17,6;19,2;17,6;20,0;20,0;0,0;288,7;2,89E2;-541,2;20,00;3,0;3,0;48,02;0,49;0,020;0,0;0,01;0,049
350;27.06.2023;12:10:35;00:05:49;250,0;17,6;19,2;17,6;20,0;20,0;0,0;278,8;2,79E2;-541,2;20,00;3,0;3,0;48,02;0,49;0,024;0,0;0,00;0,049
351;27.06.2023;12:10:36;00:05:50;250,0;17,6;19,2;17,6;20,0;20,0;0,0;269,2;2,69E2;-541,2;20,00;3,0;3,0;48,02;0,49;0,021;0,0;0,00;0,049
352;27.06.2023;12:10:37;00:05:51;250,0;17,6;19,2;17,6;20,0;20,0;0,0;264,7;2,65E2;-541,2;20,00;3,0;3,0;48,02;0,49;0,024;0,0;0,01;0,049
353;27.06.2023;12:10:38;00:05:52;250,0;17,6;19,2;17,6;20,0;20,0;0,0;255,8;2,56E2;-541,2;20,00;3,0;3,0;48,02;0,49;0,019;0,0;0,01;0,049
354;27.06.2023;12:10:39;00:05:53;250,0;17,6;19,2;17,5;20,0;20,0;0,0;246,2;2,46E2;-541,2;20,00;3,0;3,0;48,02;0,49;0,022;0,0;0,01;0,049
355;27.06.2023;12:10:40;00:05:54;250,0;17,6;19,2;17,5;20,0;20,0;0,0;242,0;2,42E2;-541,2;20,00;3,0;3,0;48,02;0,49;0,019;0,0;0,01;0,049
356;27.06.2023;12:10:41;00:05:55;250,0;17,6;19,2;17,5;20,0;20,0;0,0;234,0;2,34E2;-541,2;20,00;3,0;3,0;48,02;0,49;0,020;0,0;0,00;0,049
357;27.06.2023;12:10:42;00:05:56;250,0;17,6;19,2;17,5;20,0;20,0;0,0;230,0;2,30E2;-541,2;20,00;3,0;3,0;48,02;0,50;0,016;0,0;0,01;0,049
358;27.06.2023;12:10:43;00:05:57;250,0;17,6;19,2;17,5;20,0;20,0;0,0;222,2;2,22E2;-541,2;20,00;3,0;3,0;48,02;0,49;0,016;0,0;0,01;0,049
359;27.06.2023;12:10:44;00:05:58;250,0;17,6;19,2;17,5;20,0;20,0;0,0;214,6;2,15E2;-541,2;20,00;3,0;3,0;48,02;0,49;0,014;0,0;0,01;0,049
360;27.06.2023;12:10:45;00:05:59;250,0;17,6;19,2;17,5;20,0;20,0;0,0;211,0;2,11E2;-541,2;20,00;3,0;3,0;48,03;0,50;0,015;0,0;0,01;0,049
361;27.06.2023;12:10:46;00:06:00;250,0;17,6;19,2;17,5;20,0;20,0;0,0;203,2;2,03E2;-541,2;20,00;3,0;3,0;48,03;0,50;0,014;0,0;0,01;0,049
362;27.06.2023;12:10:47;00:06:01;250,0;17,6;19,2;17,5;20,0;20,0;0,0;196,4;1,96E2;-541,2;20,00;3,0;3,0;48,03;0,50;0,017;0,0;0,00;0,049
363;27.06.2023;12:10:48;00:06:02;250,0;17,6;19,2;17,5;20,0;20,0;0,0;193,1;1,93E2;-541,2;20,00;3,0;3,0;48,03;0,50;0,018;0,0;0,00;0,049
364;27.06.2023;12:10:49;00:06:03;250,0;17,5;19,1;17,4;19,9;20,0;0,0;186,8;1,87E2;-541,2;20,00;3,0;3,0;48,03;0,50;0,016;0,0;0,00;0,049
365;27.06.2023;12:10:50;00:06:04;250,0;17,5;19,1;17,3;19,9;20,0;0,0;180,4;1,80E2;-541,2;20,00;3,0;3,0;48,03;0,50;0,016;0,0;0,00;0,049
366;27.06.2023;12:10:51;00:06:05;250,0;17,5;19,1;17,3;19,9;20,0;0,0;176,8;1,77E2;-541,2;20,00;3,0;3,1;48,03;0,50;0,018;0,0;0,00;0,049
367;27.06.2023;12:10:52;00:06:06;250,0;17,5;19,1;17,3;19,9;20,0;0,0;165,6;1,66E2;-541,2;20,00;3,0;3,0;48,03;0,50;0,013;0,0;0,01;0,049
368;27.06.2023;12:10:53;00:06:07;250,0;17,5;19,1;17,3;19,9;20,0;0,0;158,4;1,58E2;-541,2;20,00;3,0;3,0;48,03;0,50;0,015;0,0;0,01;0,049
369;27.06.2023;12:10:54;00:06:08;250,0;17,5;19,1;17,3;19,9;20,0;0,0;146,0;1,46E2;-541,2;20,00;3,0;3,0;48,03;0,50;0,015;0,0;0,01;0,049
370;27.06.2023;12:10:55;00:06:09;250,0;17,5;19,1;17,3;19,9;20,0;0,0;134,9;1,35E2;-541,2;20,00;3,0;3,0;48,03;0,50;0,017;0,0;0,00;0,049
371;27.06.2023;12:10:56;00:06:10;250,0;17,5;19,1;17,3;19,9;20,0;0,0;130,1;1,30E2;-541,2;20,00;3,0;3,0;48,03;0,50;0,016;0,0;0,00;0,049
372;27.06.2023;12:10:57;00:06:11;250,0;17,5;19,1;17,3;19,9;20,0;0,0;120,1;1,20E2;-541,2;20,00;3,0;3,0;48,03;0,50;0,019;0,0;0,01;0,049
373;27.06.2023;12:10:58;00:06:12;250,0;17,5;19,1;17,3;19,9;20,0;0,0;111,6;1,12E2;-541,2;20,00;3,0;3,0;48,03;0,50;0,021;0,0;0,00;0,049
374;27.06.2023;12:10:59;00:06:13;250,0;17,5;19,1;17,3;19,9;20,0;0,0;107,6;1,08E2;-541,2;20,00;3,0;3,0;48,03;0,50;0,017;0,0;0,00;0,049
375;27.06.2023;12:11:00;00:06:14;250,0;17,5;19,1;17,3;20,0;20,0;0,0;100,2;1,00E2;-541,2;20,00;3,0;3,0;48,03;0,50;0,020;0,0;0,00;0,049
376;27.06.2023;12:11:01;00:06:15;250,0;17,5;19,1;17,3;20,0;20,0;0,0;93,2;9,32E1;-541,2;20,00;3,0;3,0;48,03;0,50;0,021;0,0;0,00;0,049
377;27.06.2023;12:11:02;00:06:16;250,0;17,5;19,1;17,3;20,0;20,0;0,0;89,9;8,99E1;-541,2;20,00;3,0;3,0;48,03;0,50;0,021;0,0;0,00;0,049
378;27.06.2023;12:11:03;00:06:17;250,0;17,5;19,1;17,3;20,0;20,0;0,0;83,2;8,32E1;-541,2;20,00;3,0;3,0;48,03;0,50;0,020;0,0;0,00;0,049
379;27.06.2023;12:11:04;00:06:18;250,0;17,5;19,1;17,3;20,0;20,0;0,0;77,4;7,74E1;-541,2;20,00;3,0;3,0;48,03;0,50;0,015;0,0;0,01;0,049
380;27.06.2023;12:11:05;00:06:19;250,0;17,5;19,1;17,3;20,0;20,0;0,0;74,7;7,47E1;-541,2;20,00;3,0;3,0;48,03;0,50;0,015;0,0;0,00;0,049
381;27.06.2023;12:11:06;00:06:20;250,0;17,5;19,1;17,3;20,0;20,0;0,0;69,4;6,94E1;-541,2;20,00;3,0;3,0;48,03;0,50;0,014;0,0;0,00;0,049
382;27.06.2023;12:11:07;00:06:21;250,0;17,5;19,1;17,3;20,0;20,0;0,0;66,8;6,68E1;-541,2;20,00;3,0;3,0;48,03;0,50;0,013;0,0;0,00;0,049
383;27.06.2023;12:11:08;00:06:22;250,0;17,5;19,1;17,3;20,0;20,0;0,0;62,1;6,21E1;-541,2;20,00;3,0;3,0;48,03;0,50;0,013;0,0;0,01;0,049
384;27.06.2023;12:11:09;00:06:23;250,0;17,3;18,9;17,1;19,8;20,0;0,0;57,0;5,70E1;-541,2;20,00;3,0;3,0;48,03;0,50;0,013;0,0;0,00;0,049
385;27.06.2023;12:11:10;00:06:24;250,0;17,3;18,9;17,1;19,8;20,0;0,0;54,9;5,49E1;-541,2;20,00;3,0;3,0;48,03;0,50;0,012;0,0;0,01;0,049
386;27.06.2023;12:11:11;00:06:25;250,0;17,3;18,9;17,1;19,8;20,0;0,0;51,0;5,10E1;-541,2;20,00;3,0;3,0;48,03;0,50;0,011;0,0;0,00;0,049
387;27.06.2023;12:11:12;00:06:26;250,0;17,3;18,9;17,1;19,8;20,0;0,0;47,4;4,74E1;-541,2;20,00;3,0;3,0;48,03;0,50;0,013;0,0;0,00;0,049
388;27.06.2023;12:11:13;00:06:27;250,0;17,3;18,9;17,1;19,8;20,0;0,0;45,8;4,58E1;-541,2;20,00;3,0;3,0;48,03;0,50;0,012;0,0;0,00;0,049
389;27.06.2023;12:11:14;00:06:28;250,0;17,3;18,9;17,1;19,8;20,0;0,0;42,5;4,25E1;-541,2;20,00;3,0;3,0;48,03;0,50;0,013;0,0;0,01;0,049
390;27.06.2023;12:11:15;00:06:29;250,0;17,3;18,9;17,1;19,8;20,0;0,0;39,3;3,93E1;-541,2;20,00;3,0;3,0;48,03;0,50;0,008;0,0;0,01;0,049
391;27.06.2023;12:11:16;00:06:30;250,0;17,3;18,9;17,1;19,8;20,0;0,0;37,8;3,78E1;-541,2;20,00;3,0;3,0;48,03;0,50;0,008;0,0;0,01;0,049
392;27.06.2023;12:11:17;00:06:31;250,0;17,3;18,9;17,1;19,8;20,0;0,0;35,2;3,52E1;-541,2;20,00;3,0;3,0;48,03;0,50;0,010;0,0;0,01;0,049
393;27.06.2023;12:11:18;00:06:32;250,0;17,3;18,9;17,1;19,8;20,0;0,0;32,6;3,26E1;-541,2;20,00;3,0;3,0;48,03;0,50;0,011;0,0;0,01;0,049
394;27.06.2023;12:11:19;00:06:33;250,0;17,3;18,9;17,1;19,8;20,0;0,0;31,5;3,15E1;-541,2;20,00;3,0;3,0;48,03;0,50;0,013;0,0;0,00;0,049
395;27.06.2023;12:11:20;00:06:34;250,0;17,3;18,9;17,1;19,8;20,0;0,0;29,1;2,91E1;-541,2;20,00;3,0;3,0;48,03;0,50;0,011;0,0;0,01;0,049
396;27.06.2023;12:11:21;00:06:35;250,0;17,3;18,9;17,1;19,8;20,0;0,0;28,0;2,80E1;-541,2;20,00;3,0;3,0;48,03;0,50;0,009;0,0;0,00;0,049
397;27.06.2023;12:11:22;00:06:36;250,0;17,3;18,9;17,1;19,8;20,0;0,0;26,2;2,62E1;-541,2;20,00;3,0;3,0;48,03;0,50;0,009;0,0;0,00;0,049
398;27.06.2023;12:11:23;00:06:37;250,0;17,3;18,9;17,1;19,8;20,0;0,0;24,3;2,43E1;-541,2;20,00;3,0;3,0;48,03;0,50;0,007;0,0;0,01;0,049
399;27.06.2023;12:11:24;00:06:38;250,0;17,3;18,9;17,1;19,8;20,0;0,0;23,1;2,31E1;-541,2;20,00;3,0;3,0;48,03;0,50;0,007;0,0;0,01;0,049
400;27.06.2023;12:11:25;00:06:39;250,0;17,3;18,9;17,1;19,8;20,0;0,0;21,4;2,14E1;-541,2;20,00;3,0;2,9;48,03;0,50;0,005;0,0;0,01;0,049
401;27.06.2023;12:11:26;00:06:40;250,0;17,3;18,9;17,1;19,8;20,0;0,0;20,1;2,01E1;-541,2;20,00;3,0;3,0;48,03;0,50;0,008;0,0;0,01;0,049
402;27.06.2023;12:11:27;00:06:41;250,0;17,3;18,9;17,1;19,8;20,0;0,0;19,5;1,95E1;-541,2;20,00;3,0;3,0;48,03;0,50;0,007;0,0;0,00;0,049
403;27.06.2023;12:11:28;00:06:42;250,0;17,3;18,9;17,1;19,9;20,0;0,0;17,9;1,79E1;-541,2;20,00;3,0;3,0;48,03;0,50;0,008;0,0;0,01;0,049
404;27.06.2023;12:11:29;00:06:43;250,0;17,4;19,0;17,1;19,9;20,0;0,0;16,5;1,65E1;-541,2;20,00;3,0;3,0;48,03;0,50;0,010;0,0;0,00;0,049
405;27.06.2023;12:11:30;00:06:44;250,0;17,4;19,0;17,2;19,9;20,0;0,0;15,9;1,59E1;-541,2;20,00;3,0;3,0;48,03;0,50;0,012;0,0;0,01;0,049
406;27.06.2023;12:11:31;00:06:45;250,0;17,4;19,0;17,2;19,9;20,0;0,0;14,6;1,46E1;-541,2;20,00;3,0;3,0;48,03;0,50;0,012;0,0;0,01;0,049
407;27.06.2023;12:11:32;00:06:46;250,0;17,4;19,0;17,2;19,9;20,0;0,0;14,2;1,42E1;-541,2;20,00;3,0;3,0;48,03;0,50;0,011;0,0;0,01;0,049
408;27.06.2023;12:11:33;00:06:47;250,0;17,4;19,0;17,2;19,9;20,0;0,0;13,3;1,33E1;-541,2;20,00;3,0;3,0;48,04;0,51;0,011;0,0;0,01;0,049
409;27.06.2023;12:11:34;00:06:48;250,0;17,4;19,0;17,2;19,9;20,0;0,0;12,3;1,23E1;-541,2;20,00;3,0;2,9;48,04;0,51;0,010;0,0;0,01;0,049
410;27.06.2023;12:11:35;00:06:49;250,0;17,4;19,0;17,2;19,9;20,0;0,0;11,9;1,19E1;-541,2;20,00;3,0;2,9;48,04;0,51;0,011;0,0;0,01;0,049
411;27.06.2023;12:11:36;00:06:50;250,0;17,4;19,0;17,2;19,9;20,0;0,0;11,2;1,12E1;-541,2;20,00;3,0;3,0;48,04;0,51;0,010;0,0;0,01;0,049
412;27.06.2023;12:11:37;00:06:51;250,0;17,4;19,0;17,2;19,9;20,0;0,0;10,2;1,02E1;-541,2;20,00;3,0;3,0;48,04;0,51;0,009;0,0;0,01;0,049
413;27.06.2023;12:11:38;00:06:52;250,0;17,4;19,0;17,2;19,9;20,0;0,0;9,7;9,72E0;-541,2;20,00;3,0;3,0;48,04;0,51;0,009;0,0;0,01;0,049
414;27.06.2023;12:11:39;00:06:53;250,0;17,4;19,0;17,2;19,9;20,0;0,0;8,9;8,92E0;-541,2;20,00;3,0;3,0;48,04;0,51;0,010;0,0;0,00;0,049
415;27.06.2023;12:11:40;00:06:54;250,0;17,4;19,0;17,2;19,9;20,0;0,0;7,6;7,62E0;-541,2;20,00;3,0;3,0;48,04;0,51;0,004;0,0;0,00;0,049
416;27.06.2023;12:11:41;00:06:55;250,0;17,4;19,0;17,2;19,9;20,0;0,0;7,3;7,26E0;-541,2;20,00;3,0;2,9;48,04;0,51;0,003;0,0;0,01;0,049
417;27.06.2023;12:11:42;00:06:56;250,0;17,4;19,0;17,2;19,9;20,0;0,0;6,7;6,65E0;-541,2;20,00;3,0;3,0;48,04;0,51;0,005;0,0;0,00;0,049
418;27.06.2023;12:11:43;00:06:57;250,0;17,4;19,0;17,2;19,9;20,0;0,0;5,9;5,93E0;-541,2;20,00;3,0;3,0;48,04;0,51;0,006;0,0;0,01;0,049
419;27.06.2023;12:11:44;00:06:58;250,0;17,4;19,0;17,2;19,9;20,0;0,0;5,8;5,77E0;-541,2;20,00;3,0;3,0;48,04;0,51;0,004;0,0;0,00;0,049
420;27.06.2023;12:11:45;00:06:59;250,0;17,4;19,0;17,3;19,9;20,0;0,0;5,4;5,39E0;-541,2;20,00;3,0;3,0;48,04;0,51;0,003;0,0;0,01;0,049
421;27.06.2023;12:11:46;00:07:00;250,0;17,4;19,0;17,3;19,9;20,0;0,0;5,1;5,11E0;-541,2;20,00;3,0;3,0;48,04;0,51;0,003;0,0;0,01;0,049
422;27.06.2023;12:11:47;00:07:01;250,0;17,4;19,0;17,3;19,9;20,0;0,0;4,6;4,57E0;-541,2;20,00;3,0;3,0;48,04;0,51;0,004;0,0;0,01;0,049
423;27.06.2023;12:11:48;00:07:02;250,0;17,4;19,0;17,3;19,9;20,0;0,0;4,2;4,16E0;-541,2;20,00;3,0;3,0;48,04;0,51;0,006;0,0;0,01;0,049
424;27.06.2023;12:11:49;00:07:03;250,0;17,4;18,8;17,1;19,9;20,0;0,0;3,9;3,90E0;-541,2;20,00;3,0;3,0;48,04;0,51;0,005;0,0;0,00;0,049
425;27.06.2023;12:11:50;00:07:04;250,0;17,3;18,8;17,1;19,8;20,0;0,0;3,7;3,66E0;-541,2;20,00;3,0;3,0;48,04;0,51;0,002;0,0;0,01;0,049
426;27.06.2023;12:11:51;00:07:05;250,0;17,3;18,8;17,1;19,8;20,0;0,0;3,3;3,31E0;-541,2;20,00;3,0;3,0;48,04;0,51;0,003;0,0;0,00;0,049
427;27.06.2023;12:11:52;00:07:06;250,0;17,3;18,8;17,1;19,8;20,0;0,0;3,2;3,19E0;-541,2;20,00;3,0;3,0;48,04;0,51;0,001;0,0;0,00;0,049
428;27.06.2023;12:11:53;00:07:07;250,0;17,3;18,8;17,1;19,8;20,0;0,0;2,9;2,95E0;-541,2;20,00;3,0;3,0;48,04;0,51;0,002;0,0;0,01;0,049
429;27.06.2023;12:11:54;00:07:08;250,0;17,3;18,8;17,2;19,8;20,0;0,0;2,8;2,75E0;-541,2;20,00;3,0;3,0;48,04;0,51;0,004;0,0;0,01;0,049
430;27.06.2023;12:11:55;00:07:09;250,0;17,3;18,8;17,2;19,8;20,0;0,0;2,6;2,64E0;-541,2;20,00;3,0;2,9;48,04;0,51;0,003;0,0;0,00;0,049
431;27.06.2023;12:11:56;00:07:10;250,0;17,3;18,9;17,2;19,8;20,0;0,0;2,5;2,50E0;-541,2;20,00;3,0;3,0;48,04;0,51;0,000;0,0;0,00;0,049
432;27.06.2023;12:11:57;00:07:11;250,0;17,3;18,9;17,2;19,8;20,0;0,0;2,3;2,32E0;-541,2;20,00;3,0;3,0;48,04;0,51;0,005;0,0;0,00;0,049
433;27.06.2023;12:11:58;00:07:12;250,0;17,3;18,9;17,2;19,8;20,0;0,0;2,2;2,23E0;-541,2;20,00;3,0;3,0;48,04;0,51;0,004;0,0;0,00;0,049
434;27.06.2023;12:11:59;00:07:13;250,0;17,3;18,9;17,2;19,8;20,0;0,0;2,0;2,04E0;-541,2;20,00;3,0;3,0;48,04;0,51;0,003;0,0;0,00;0,049
435;27.06.2023;12:12:00;00:07:14;250,0;17,3;18,9;17,2;19,8;20,0;0,0;2,0;1,99E0;-541,2;20,00;3,0;3,0;48,04;0,51;0,007;0,0;0,01;0,049
436;27.06.2023;12:12:01;00:07:15;250,0;17,4;18,9;17,2;19,8;20,0;0,0;1,9;1,87E0;-541,2;20,00;3,0;3,0;48,04;0,51;0,004;0,0;0,00;0,049
437;27.06.2023;12:12:02;00:07:16;250,0;17,4;18,9;17,2;19,9;20,0;0,0;1,7;1,71E0;-541,2;20,00;3,0;3,0;48,04;0,51;0,005;0,0;0,01;0,049
438;27.06.2023;12:12:03;00:07:17;250,0;17,4;18,9;17,2;19,9;20,0;0,0;1,7;1,70E0;-541,2;20,00;3,0;3,0;48,04;0,51;0,006;0,0;0,01;0,049
439;27.06.2023;12:12:04;00:07:18;250,0;17,4;18,9;17,2;19,9;20,0;0,0;1,6;1,61E0;-541,2;20,00;3,0;3,0;48,04;0,51;0,005;0,0;0,01;0,049
440;27.06.2023;12:12:05;00:07:19;250,0;17,4;18,9;17,2;19,9;20,0;0,0;1,5;1,52E0;-541,2;20,00;3,0;3,0;48,04;0,51;0,005;0,0;0,01;0,049
441;27.06.2023;12:12:06;00:07:20;250,0;17,4;18,9;17,2;19,9;20,0;0,0;1,5;1,48E0;-541,2;20,00;3,0;3,0;48,04;0,51;0,004;0,0;0,01;0,049
442;27.06.2023;12:12:07;00:07:21;250,0;17,4;18,9;17,2;19,9;20,0;0,0;1,4;1,41E0;-541,2;20,00;3,0;3,0;48,04;0,51;0,002;0,0;0,00;0,049
443;27.06.2023;12:12:08;00:07:22;250,0;17,3;18,9;17,2;19,8;20,0;0,0;1,3;1,30E0;-541,2;20,00;3,0;3,0;48,04;0,51;0,002;0,0;0,01;0,049
444;27.06.2023;12:12:09;00:07:23;250,0;17,3;18,9;17,2;19,8;20,0;0,0;1,3;1,27E0;-541,2;20,00;3,0;2,9;48,04;0,51;0,002;0,0;0,01;0,049
445;27.06.2023;12:12:10;00:07:24;250,0;17,3;18,9;17,2;19,8;20,0;0,0;1,2;1,20E0;-541,2;20,00;3,0;3,0;48,04;0,51;0,005;0,0;0,01;0,049
446;27.06.2023;12:12:11;00:07:25;250,0;17,3;18,9;17,2;19,8;20,0;0,0;1,2;1,20E0;-541,2;20,00;3,0;3,0;48,04;0,51;0,004;0,0;0,01;0,049
447;27.06.2023;12:12:12;00:07:26;250,0;17,3;18,9;17,2;19,8;20,0;0,0;1,1;1,11E0;-541,2;20,00;3,0;3,0;48,04;0,51;0,001;0,0;0,00;0,049
448;27.06.2023;12:12:13;00:07:27;250,0;17,3;18,9;17,2;19,8;20,0;0,0;1,0;9,79E-1;-541,2;20,00;3,0;3,0;48,04;0,51;0,001;0,0;0,00;0,049
449;27.06.2023;12:12:14;00:07:28;250,0;17,4;18,9;17,2;19,8;20,0;0,0;1,0;9,58E-1;-541,2;20,00;3,0;3,0;48,04;0,51;0,002;0,0;0,01;0,049
450;27.06.2023;12:12:15;00:07:29;250,0;17,4;18,9;17,2;19,9;20,0;0,0;0,9;9,15E-1;-541,2;20,00;3,0;2,9;48,04;0,51;0,002;0,0;0,01;0,049
451;27.06.2023;12:12:16;00:07:30;250,0;17,4;18,8;17,3;19,9;20,0;0,0;0,9;8,74E-1;-541,2;20,00;3,0;3,0;48,04;0,51;0,007;0,0;0,01;0,049
452;27.06.2023;12:12:17;00:07:31;250,0;17,4;18,9;17,3;19,9;20,0;0,0;0,9;8,52E-1;-541,2;20,00;3,0;3,0;48,04;0,51;0,007;0,0;0,01;0,049
453;27.06.2023;12:12:18;00:07:32;250,0;17,4;18,9;17,3;19,9;20,0;0,0;0,8;8,10E-1;-541,2;20,00;3,0;2,9;48,04;0,51;0,006;0,0;0,01;0,049
454;27.06.2023;12:12:19;00:07:33;250,0;17,4;18,9;17,3;19,9;20,0;0,0;0,8;7,74E-1;-541,2;20,00;3,0;3,0;48,04;0,51;0,008;0,0;0,01;0,049
455;27.06.2023;12:12:20;00:07:34;250,0;17,4;18,9;17,3;19,9;20,0;0,0;0,8;7,58E-1;-541,2;20,00;3,0;3,0;48,04;0,51;0,006;0,0;0,00;0,049
456;27.06.2023;12:12:21;00:07:35;250,0;17,4;18,9;17,3;19,9;20,0;0,0;0,7;7,29E-1;-541,2;20,00;3,0;3,0;48,04;0,51;0,007;0,0;0,01;0,049
457;27.06.2023;12:12:22;00:07:36;250,0;17,4;18,9;17,3;19,9;20,0;0,0;0,7;7,01E-1;-541,2;20,00;3,0;3,0;48,04;0,51;0,004;0,0;0,01;0,049
458;27.06.2023;12:12:23;00:07:37;250,0;17,4;18,9;17,3;19,9;20,0;0,0;0,7;6,87E-1;-541,2;20,00;3,0;3,0;48,04;0,51;0,002;0,0;0,01;0,049
459;27.06.2023;12:12:24;00:07:38;250,0;17,4;18,9;17,3;19,9;20,0;0,0;0,7;6,58E-1;-541,2;20,00;3,0;3,0;48,04;0,51;0,006;0,0;0,01;0,049
460;27.06.2023;12:12:25;00:07:39;250,0;17,4;18,9;17,3;19,9;20,0;0,0;0,6;6,44E-1;-541,2;20,00;3,0;3,0;48,04;0,51;0,006;0,0;0,00;0,049
461;27.06.2023;12:12:26;00:07:40;250,0;17,4;18,9;17,3;19,9;20,0;0,0;0,6;6,18E-1;-541,2;20,00;3,0;3,0;48,04;0,51;0,001;0,0;0,00;0,049
462;27.06.2023;12:12:27;00:07:41;250,0;17,4;18,9;17,3;19,9;20,0;0,0;0,6;5,92E-1;-541,2;20,00;3,0;3,0;48,04;0,51;0,000;0,0;0,00;0,049
463;27.06.2023;12:12:28;00:07:42;250,0;17,4;18,9;17,3;19,9;20,0;0,0;0,6;5,79E-1;-541,2;20,00;3,0;3,0;48,04;0,51;0,000;0,0;0,00;0,049
464;27.06.2023;12:12:29;00:07:43;250,0;17,4;18,8;17,3;19,9;20,0;0,0;0,6;5,56E-1;-541,2;20,00;3,0;3,1;48,04;0,51;0,005;0,0;0,00;0,049
465;27.06.2023;12:12:30;00:07:44;250,0;17,4;18,8;17,3;19,9;20,0;0,0;0,5;5,30E-1;-541,2;20,00;3,0;3,0;48,04;0,51;0,004;0,0;0,00;0,049
466;27.06.2023;12:12:31;00:07:45;250,0;17,4;18,8;17,3;19,9;20,0;0,0;0,5;5,20E-1;-541,2;20,00;3,0;3,0;48,04;0,51;0,002;0,0;0,01;0,049
467;27.06.2023;12:12:32;00:07:46;250,0;17,4;18,8;17,3;19,9;20,0;0,0;0,5;5,03E-1;-541,2;20,00;3,0;3,0;48,04;0,51;0,003;0,0;0,00;0,049
468;27.06.2023;12:12:33;00:07:47;250,0;17,4;18,8;17,3;19,9;20,0;0,0;0,5;4,86E-1;-541,2;20,00;3,0;3,0;48,04;0,51;0,004;0,0;0,01;0,049
469;27.06.2023;12:12:34;00:07:48;250,0;17,4;18,8;17,3;19,9;20,0;0,0;0,5;4,78E-1;-541,2;20,00;3,0;3,0;48,04;0,51;0,002;0,0;0,00;0,049
470;27.06.2023;12:12:35;00:07:49;250,0;17,4;18,8;17,3;19,9;20,0;0,0;0,5;4,62E-1;-541,2;20,00;3,0;3,0;48,04;0,51;0,003;0,0;0,00;0,049
471;27.06.2023;12:12:36;00:07:50;250,0;17,4;18,8;17,3;19,9;20,0;0,0;0,4;4,44E-1;-541,2;20,00;3,0;3,0;48,04;0,51;0,000;0,0;0,01;0,049
472;27.06.2023;12:12:37;00:07:51;250,0;17,4;18,8;17,3;19,9;20,0;0,0;0,4;4,37E-1;-541,2;20,00;3,0;3,0;48,04;0,51;0,000;0,0;0,01;0,049
473;27.06.2023;12:12:38;00:07:52;250,0;17,4;18,8;17,4;19,9;20,0;0,0;0,4;4,22E-1;-541,2;20,00;3,0;3,0;48,04;0,51;-0,001;0,0;0,01;0,049
474;27.06.2023;12:12:39;00:07:53;250,0;17,4;18,8;17,4;19,9;20,0;0,0;0,4;4,14E-1;-541,2;20,00;3,0;3,0;48,04;0,51;0,002;0,0;0,00;0,049
475;27.06.2023;12:12:40;00:07:54;250,0;17,4;18,9;17,4;19,9;20,0;0,0;0,4;4,00E-1;-541,2;20,00;3,0;3,0;48,04;0,51;0,001;0,0;0,01;0,049
476;27.06.2023;12:12:41;00:07:55;250,0;17,4;18,9;17,4;19,9;20,0;0,0;0,4;3,87E-1;-541,2;20,00;3,0;3,0;48,04;0,51;0,001;0,0;0,00;0,049
477;27.06.2023;12:12:42;00:07:56;250,0;17,4;18,9;17,4;19,9;20,0;0,0;0,4;3,78E-1;-541,2;20,00;3,0;3,0;48,04;0,51;0,002;0,0;0,00;0,049
478;27.06.2023;12:12:43;00:07:57;250,0;17,4;18,9;17,4;19,9;20,0;0,0;0,4;3,65E-1;-541,2;20,00;3,0;3,0;48,04;0,51;0,002;0,0;0,01;0,049
479;27.06.2023;12:12:44;00:07:58;250,0;17,5;18,9;17,4;19,9;20,0;0,2;15,8;1,58E1;-541,2;20,00;3,0;3,0;48,04;0,51;-0,001;0,0;0,01;0,049
480;27.06.2023;12:12:45;00:07:59;250,0;17,5;18,9;17,4;19,9;20,0;0,2;82,0;8,20E1;-541,2;20,00;3,0;3,0;48,04;0,51;0,001;0,0;0,00;0,049
481;27.06.2023;12:12:46;00:08:00;250,0;17,5;18,9;17,4;19,9;20,0;0,2;109,3;1,09E2;-541,2;20,00;3,0;3,0;48,04;0,51;0,000;0,0;0,00;0,049
482;27.06.2023;12:12:47;00:08:01;250,0;17,5;18,9;17,4;19,9;20,0;0,2;163,8;1,64E2;-541,2;20,00;3,0;3,0;48,04;0,51;0,000;0,0;0,00;0,049
483;27.06.2023;12:12:48;00:08:02;250,0;17,5;18,9;17,4;19,9;20,0;0,2;223,5;2,24E2;-541,2;20,00;3,0;3,0;48,04;0,51;0,000;0,0;0,00;0,049
484;27.06.2023;12:12:49;00:08:03;250,0;17,5;18,9;17,4;19,9;20,0;0,2;252,8;2,53E2;-541,2;20,00;3,0;3,0;48,04;0,51;-0,001;0,0;0,00;0,049
485;27.06.2023;12:12:50;00:08:04;250,0;17,5;18,9;17,4;19,9;20,0;0,2;305,9;3,06E2;-541,2;20,00;3,0;3,0;48,04;0,51;-0,002;0,0;0,01;0,049
486;27.06.2023;12:12:51;00:08:05;250,0;17,6;18,9;17,5;20,0;20,0;0,2;363,7;3,64E2;-541,2;20,00;3,0;3,0;48,04;0,51;-0,005;0,0;0,01;0,049
487;27.06.2023;12:12:52;00:08:06;250,0;17,6;18,9;17,5;20,0;20,0;0,2;390,8;3,91E2;-541,2;20,00;3,0;3,0;48,04;0,51;-0,003;0,0;0,00;0,049
488;27.06.2023;12:12:53;00:08:07;250,0;17,6;18,9;17,5;20,0;20,0;0,2;450,4;4,50E2;-541,2;20,00;3,0;3,0;48,04;0,51;-0,005;0,0;0,01;0,049
489;27.06.2023;12:12:54;00:08:08;250,0;17,7;18,9;17,5;20,0;20,0;0,2;477,7;4,78E2;-532,2;20,00;3,0;3,0;48,04;0,51;-0,010;0,0;0,00;0,049
490;27.06.2023;12:12:55;00:08:09;250,0;17,7;18,9;17,5;20,0;20,0;0,2;532,4;5,32E2;-481,4;20,00;3,0;3,0;48,04;0,51;-0,009;0,0;0,01;0,049
491;27.06.2023;12:12:56;00:08:10;250,0;17,9;18,9;17,6;20,0;20,0;0,2;585,3;5,85E2;-426,4;20,00;3,0;3,0;48,04;0,51;-0,013;0,0;0,01;0,049
492;27.06.2023;12:12:57;00:08:11;250,0;17,9;18,9;17,7;20,0;20,0;0,2;613,1;6,13E2;-400,7;20,00;3,0;3,0;48,04;0,51;-0,020;0,0;0,00;0,049
493;27.06.2023;12:12:58;00:08:12;250,0;18,0;18,9;17,7;20,0;20,0;0,2;667,6;6,68E2;-345,1;20,00;3,0;3,0;48,04;0,51;-0,028;0,0;0,00;0,049
494;27.06.2023;12:12:59;00:08:13;250,0;18,1;18,9;17,7;20,0;20,0;0,2;726,6;7,27E2;-289,0;20,00;3,0;3,0;48,03;0,50;-0,036;0,0;0,01;0,049
495;27.06.2023;12:13:00;00:08:14;250,0;18,1;18,9;17,7;20,0;20,0;0,2;754,9;7,55E2;-258,6;20,00;3,0;3,0;48,03;0,50;-0,041;0,0;0,01;0,049
496;27.06.2023;12:13:01;00:08:15;250,0;18,1;19,0;17,8;20,0;20,0;0,2;808,9;8,09E2;-206,8;20,00;3,0;2,9;48,03;0,50;-0,052;0,0;0,01;0,049
497;27.06.2023;12:13:02;00:08:16;250,0;18,1;19,0;17,8;20,0;20,0;0,2;863,9;8,64E2;-150,9;20,00;3,0;3,0;48,03;0,50;-0,067;0,0;0,01;0,049
498;27.06.2023;12:13:03;00:08:17;250,0;18,1;19,0;17,8;20,0;20,0;0,2;891,0;8,91E2;-125,2;20,00;3,0;3,0;48,03;0,50;-0,070;0,0;0,00;0,049
499;27.06.2023;12:13:04;00:08:18;250,0;18,2;19,0;17,9;20,0;20,0;0,2;945,4;9,45E2;-69,3;20,00;3,0;3,0;48,03;0,50;-0,083;0,0;0,00;0,049
500;27.06.2023;12:13:05;00:08:19;250,0;18,3;19,0;18,0;20,0;20,0;0,2;1005,0;1,01E3;-8,7;20,00;3,0;3,0;48,02;0,49;-0,093;0,0;0,01;0,049
501;27.06.2023;12:13:06;00:08:20;250,0;18,3;19,0;18,0;20,0;20,0;0,2;1029,4;1,03E3;16,8;20,00;3,0;3,0;48,02;0,49;-0,098;0,0;0,00;0,049
502;27.06.2023;12:13:07;00:08:21;250,0;18,4;19,0;18,1;20,0;20,0;0,2;1029,1;1,03E3;18,7;20,00;3,0;3,0;48,02;0,49;-0,100;0,0;0,01;0,049
503;27.06.2023;12:13:08;00:08:22;250,0;18,4;19,0;18,1;20,0;20,0;0,2;1045,7;1,05E3;30,2;20,00;3,0;3,0;48,02;0,49;-0,095;0,0;0,01;0,049
504;27.06.2023;12:13:09;00:08:23;250,0;18,5;19,1;18,2;20,1;20,0;0,2;1038,8;1,04E3;27,6;20,00;3,0;3,0;48,02;0,49;-0,084;0,0;0,01;0,049
505;27.06.2023;12:13:10;00:08:24;250,0;18,6;19,1;18,3;20,1;20,0;0,2;1029,9;1,03E3;18,4;20,00;3,0;3,0;48,02;0,49;-0,070;0,0;0,01;0,049
506;27.06.2023;12:13:11;00:08:25;250,0;18,6;19,1;18,3;20,1;20,0;0,2;1036,2;1,04E3;16,0;20,00;3,0;3,0;48,02;0,49;-0,062;0,0;0,01;0,049
507;27.06.2023;12:13:12;00:08:26;250,0;18,6;19,1;18,4;20,1;20,0;0,2;1048,5;1,05E3;36,9;20,00;3,0;3,1;48,02;0,49;-0,041;0,0;0,00;0,049
508;27.06.2023;12:13:13;00:08:27;250,0;18,6;19,2;18,4;20,1;20,0;0,2;1041,6;1,04E3;30,0;20,00;3,0;3,0;48,02;0,49;-0,035;0,0;0,01;0,049
509;27.06.2023;12:13:14;00:08:28;250,0;18,7;19,2;18,4;20,0;20,0;0,2;1039,2;1,04E3;27,7;20,00;3,0;3,0;48,02;0,49;-0,029;0,0;0,00;0,049
510;27.06.2023;12:13:15;00:08:29;250,0;18,7;19,2;18,5;20,0;20,0;0,2;1035,0;1,03E3;23,5;20,00;3,0;3,0;48,02;0,49;-0,022;0,0;0,01;0,049
511;27.06.2023;12:13:16;00:08:30;250,0;18,7;19,2;18,5;20,0;20,0;0,2;1031,7;1,03E3;20,5;20,00;3,0;3,0;48,02;0,49;-0,020;0,0;0,00;0,049
512;27.06.2023;12:13:17;00:08:31;250,0;18,7;19,2;18,6;20,0;20,0;0,2;1030,3;1,03E3;19,0;20,00;3,0;3,0;48,02;0,49;-0,018;0,0;0,01;0,049
513;27.06.2023;12:13:18;00:08:32;250,0;18,7;19,2;18,6;20,0;20,0;0,2;1029,3;1,03E3;16,4;20,00;3,0;3,0;48,02;0,49;-0,013;0,0;0,00;0,049
514;27.06.2023;12:13:19;00:08:33;250,0;18,7;19,2;18,6;20,0;20,0;0,2;1058,5;1,06E3;47,7;20,00;3,0;3,0;48,02;0,49;-0,008;0,0;0,01;0,049
515;27.06.2023;12:13:20;00:08:34;250,0;18,7;19,2;18,6;20,0;20,0;0,2;1054,0;1,05E3;42,6;20,00;3,0;2,9;48,02;0,49;-0,007;0,0;0,00;0,049
516;27.06.2023;12:13:21;00:08:35;250,0;18,7;19,2;18,7;20,0;20,0;0,2;1050,6;1,05E3;39,2;20,00;3,0;3,0;48,02;0,49;-0,003;0,0;0,01;0,049
517;27.06.2023;12:13:22;00:08:36;250,0;18,6;19,2;18,7;20,0;20,0;0,2;1049,3;1,05E3;37,9;20,00;3,0;3,0;48,02;0,49;-0,003;0,0;0,00;0,049
518;27.06.2023;12:13:23;00:08:37;250,0;18,6;19,2;18,7;20,0;20,0;0,2;1047,0;1,05E3;35,7;20,00;3,0;3,0;48,02;0,49;-0,003;0,0;0,00;0,049
519;27.06.2023;12:13:24;00:08:38;250,0;18,6;19,2;18,7;20,0;20,0;0,2;1045,1;1,05E3;33,9;20,00;3,0;3,0;48,02;0,49;-0,002;0,0;0,00;0,049
520;27.06.2023;12:13:25;00:08:39;250,0;18,6;19,2;18,8;20,0;20,0;0,2;1044,3;1,04E3;33,0;20,00;3,0;3,0;48,02;0,49;-0,003;0,0;0,01;0,049
521;27.06.2023;12:13:26;00:08:40;250,0;18,6;19,2;18,8;20,0;20,0;0,2;1043,0;1,04E3;31,7;20,00;3,0;3,0;48,02;0,49;-0,001;0,0;0,01;0,049
522;27.06.2023;12:13:27;00:08:41;250,0;18,6;19,2;18,8;20,0;20,0;0,2;1041,9;1,04E3;30,5;20,00;3,0;3,0;48,02;0,49;-0,003;0,0;0,00;0,049
523;27.06.2023;12:13:28;00:08:42;250,0;18,6;19,2;18,8;20,0;20,0;0,2;1041,4;1,04E3;30,1;20,00;3,0;3,0;48,02;0,49;-0,005;0,0;0,00;0,049
524;27.06.2023;12:13:29;00:08:43;250,0;18,7;19,4;19,0;20,2;20,0;0,2;1040,5;1,04E3;29,2;20,00;3,0;3,0;48,02;0,49;0,000;0,0;0,00;0,049
525;27.06.2023;12:13:30;00:08:44;250,0;18,7;19,3;19,0;20,2;20,0;0,2;1039,7;1,04E3;28,4;20,00;3,0;3,0;48,02;0,49;-0,002;0,0;0,01;0,049
526;27.06.2023;12:13:31;00:08:45;250,0;18,7;19,3;19,0;20,2;20,0;0,2;1039,3;1,04E3;28,1;20,00;3,0;3,0;48,02;0,49;-0,002;0,0;0,01;0,049
527;27.06.2023;12:13:32;00:08:46;250,0;18,7;19,3;19,0;20,1;20,0;0,2;1038,7;1,04E3;27,5;20,00;3,0;3,0;48,02;0,49;-0,002;0,0;0,00;0,049
528;27.06.2023;12:13:33;00:08:47;250,0;18,7;19,3;19,0;20,1;20,0;0,2;1038,4;1,04E3;27,1;20,00;3,0;3,0;48,02;0,49;0,001;0,0;0,01;0,049
529;27.06.2023;12:13:34;00:08:48;250,0;18,7;19,3;19,0;20,1;20,0;0,2;1037,9;1,04E3;26,6;20,00;3,0;3,0;48,02;0,49;0,002;0,0;0,01;0,049
530;27.06.2023;12:13:35;00:08:49;250,0;18,7;19,3;19,0;20,1;20,0;0,2;1037,4;1,04E3;26,1;20,00;3,0;3,0;48,02;0,49;-0,004;0,0;0,01;0,049
531;27.06.2023;12:13:36;00:08:50;250,0;18,7;19,3;19,0;20,1;20,0;0,2;1037,2;1,04E3;25,9;20,00;3,0;3,0;48,02;0,49;-0,003;0,0;0,01;0,049
532;27.06.2023;12:13:37;00:08:51;250,0;18,7;19,4;19,0;20,1;20,0;0,2;1036,8;1,04E3;25,5;20,00;3,0;3,0;48,02;0,49;-0,005;0,0;0,01;0,049
533;27.06.2023;12:13:38;00:08:52;250,0;18,7;19,4;19,0;20,2;20,0;0,2;1036,5;1,04E3;25,1;20,00;3,0;3,0;48,02;0,49;-0,004;0,0;0,01;0,049
534;27.06.2023;12:13:39;00:08:53;250,0;18,7;19,4;19,0;20,2;20,0;0,2;1036,4;1,04E3;25,0;20,00;3,0;3,0;48,02;0,49;-0,003;0,0;0,01;0,049
535;27.06.2023;12:13:40;00:08:54;250,0;18,6;19,4;19,0;20,1;20,0;0,2;1036,1;1,04E3;24,7;20,00;3,0;3,0;48,02;0,49;-0,001;0,0;0,00;0,049
536;27.06.2023;12:13:41;00:08:55;250,0;18,6;19,3;19,0;20,1;20,0;0,2;1035,9;1,04E3;24,4;20,00;3,0;3,0;48,02;0,49;0,000;0,0;0,01;0,049
537;27.06.2023;12:13:42;00:08:56;250,0;18,6;19,3;19,0;20,1;20,0;0,2;1035,7;1,04E3;24,4;20,00;3,0;3,0;48,02;0,49;-0,004;0,0;0,01;0,049
538;27.06.2023;12:13:43;00:08:57;250,0;18,6;19,3;19,0;20,1;20,0;0,2;1035,5;1,04E3;24,1;20,00;3,0;3,0;48,02;0,49;-0,004;0,0;0,00;0,049
539;27.06.2023;12:13:44;00:08:58;250,0;18,6;19,3;19,0;20,1;20,0;0,2;1035,3;1,04E3;24,1;20,00;3,0;3,0;48,02;0,49;0,003;0,0;0,01;0,049
540;27.06.2023;12:13:45;00:08:59;250,0;18,6;19,3;19,0;20,1;20,0;0,2;1035,2;1,04E3;23,8;20,00;3,0;3,0;48,02;0,49;0,001;0,0;0,01;0,049
541;27.06.2023;12:13:46;00:09:00;250,0;18,6;19,3;19,0;20,1;20,0;0,2;1035,0;1,04E3;23,8;20,00;3,0;3,0;48,02;0,49;-0,002;0,0;0,00;0,049
542;27.06.2023;12:13:47;00:09:01;250,0;18,6;19,3;19,0;20,1;20,0;0,2;1035,0;1,03E3;23,7;20,00;3,0;3,1;48,02;0,49;0,001;0,0;0,01;0,049
543;27.06.2023;12:13:48;00:09:02;250,0;18,6;19,3;19,0;20,2;20,0;0,2;1034,8;1,03E3;23,5;20,00;3,0;3,0;48,02;0,49;0,001;0,0;0,00;0,049
544;27.06.2023;12:13:49;00:09:03;250,0;18,6;19,4;19,0;20,2;20,0;0,2;1034,7;1,03E3;23,4;20,00;3,0;3,0;48,02;0,49;-0,001;0,0;0,01;0,049
545;27.06.2023;12:13:50;00:09:04;250,0;18,6;19,4;19,0;20,2;20,0;0,2;1034,6;1,03E3;23,2;20,00;3,0;3,0;48,02;0,49;-0,002;0,0;0,00;0,049
546;27.06.2023;12:13:51;00:09:05;250,0;18,6;19,4;19,0;20,2;20,0;0,2;1034,5;1,03E3;23,2;20,00;3,0;3,0;48,02;0,49;-0,001;0,0;0,00;0,049
547;27.06.2023;12:13:52;00:09:06;250,0;18,6;19,4;19,0;20,2;20,0;0,2;1034,4;1,03E3;23,2;20,00;3,0;3,0;48,02;0,49;-0,003;0,0;0,01;0,049
548;27.06.2023;12:13:53;00:09:07;250,0;18,6;19,4;19,0;20,2;20,0;0,2;1034,3;1,03E3;23,2;20,00;3,0;3,0;48,02;0,49;-0,001;0,0;0,00;0,049
549;27.06.2023;12:13:54;00:09:08;250,0;18,6;19,4;19,0;20,2;20,0;0,2;1034,2;1,03E3;22,9;20,00;3,0;3,0;48,02;0,49;0,000;0,0;0,01;0,049
550;27.06.2023;12:13:55;00:09:09;250,0;18,5;19,4;18,9;20,2;20,0;0,2;1034,2;1,03E3;22,9;20,00;3,0;3,0;48,02;0,49;-0,002;0,0;0,01;0,049
551;27.06.2023;12:13:56;00:09:10;250,0;18,5;19,4;18,9;20,2;20,0;0,2;1034,1;1,03E3;22,9;20,00;3,0;3,0;48,02;0,49;-0,002;0,0;0,01;0,049
552;27.06.2023;12:13:57;00:09:11;250,0;18,5;19,4;18,9;20,2;20,0;0,2;1034,0;1,03E3;22,8;20,00;3,0;3,0;48,02;0,49;-0,001;0,0;0,01;0,049
553;27.06.2023;12:13:58;00:09:12;250,0;18,5;19,4;18,9;20,2;20,0;0,2;1034,0;1,03E3;22,9;20,00;3,0;3,0;48,02;0,49;0,003;0,0;0,01;0,049
554;27.06.2023;12:13:59;00:09:13;250,0;18,5;19,4;18,9;20,2;20,0;0,2;1033,9;1,03E3;22,6;20,00;3,0;3,0;48,02;0,49;0,005;0,0;0,01;0,049
555;27.06.2023;12:14:00;00:09:14;250,0;18,5;19,4;18,9;20,2;20,0;0,2;1033,9;1,03E3;22,6;20,00;3,0;2,9;48,02;0,49;-0,002;0,0;0,01;0,049
556;27.06.2023;12:14:01;00:09:15;250,0;18,5;19,4;18,9;20,2;20,0;0,2;1033,9;1,03E3;22,6;20,00;3,0;3,0;48,02;0,49;-0,001;0,0;0,01;0,049
557;27.06.2023;12:14:02;00:09:16;250,0;18,5;19,4;18,9;20,2;20,0;0,2;1033,8;1,03E3;22,6;20,00;3,0;3,0;48,02;0,49;-0,001;0,0;0,01;0,049
558;27.06.2023;12:14:03;00:09:17;250,0;18,5;19,3;18,8;20,2;20,0;0,2;1033,8;1,03E3;22,6;20,00;3,0;3,0;48,02;0,49;-0,002;0,0;0,01;0,049
559;27.06.2023;12:14:04;00:09:18;250,0;18,5;19,3;18,8;20,1;20,0;0,2;1033,7;1,03E3;22,6;20,00;3,0;2,9;48,02;0,49;-0,002;0,0;0,00;0,049
560;27.06.2023;12:14:05;00:09:19;250,0;18,5;19,3;18,8;20,1;20,0;0,2;1033,7;1,03E3;22,4;20,00;3,0;3,0;48,02;0,49;-0,001;0,0;0,01;0,049
561;27.06.2023;12:14:06;00:09:20;250,0;18,4;19,3;18,8;20,1;20,0;0,2;1033,6;1,03E3;22,4;20,00;3,0;3,0;48,02;0,49;0,001;0,0;0,00;0,049
562;27.06.2023;12:14:07;00:09:21;250,0;18,4;19,3;18,8;20,1;20,0;0,2;1033,6;1,03E3;22,3;20,00;3,0;3,0;48,02;0,49;0,001;0,0;0,00;0,049
563;27.06.2023;12:14:08;00:09:22;250,0;18,4;19,3;18,8;20,1;20,0;0,2;1033,5;1,03E3;22,3;20,00;3,0;3,0;48,02;0,49;0,002;0,0;0,01;0,049
564;27.06.2023;12:14:09;00:09:23;250,0;18,5;19,4;18,9;20,2;20,0;0,2;1033,5;1,03E3;22,3;20,00;3,0;3,0;48,02;0,49;0,001;0,0;0,00;0,049
565;27.06.2023;12:14:10;00:09:24;250,0;18,5;19,4;18,8;20,2;20,0;0,2;1033,5;1,03E3;22,3;20,00;3,0;3,0;48,02;0,49;0,002;0,0;0,00;0,049
566;27.06.2023;12:14:11;00:09:25;250,0;18,5;19,4;18,8;20,2;20,0;0,2;1033,4;1,03E3;22,3;20,00;3,0;2,9;48,02;0,49;0,000;0,0;0,01;0,049
567;27.06.2023;12:14:12;00:09:26;250,0;18,5;19,4;18,8;20,2;20,0;0,2;1033,4;1,03E3;22,3;20,00;3,0;2,9;48,02;0,49;0,000;0,0;0,01;0,049
568;27.06.2023;12:14:13;00:09:27;250,0;18,5;19,4;18,8;20,2;20,0;0,2;1033,3;1,03E3;22,3;20,00;3,0;3,1;48,02;0,49;0,001;0,0;0,00;0,049
569;27.06.2023;12:14:14;00:09:28;250,0;18,4;19,4;18,8;20,2;20,0;0,2;1033,4;1,03E3;22,3;20,00;3,0;3,0;48,02;0,49;0,000;0,0;0,00;0,049
570;27.06.2023;12:14:15;00:09:29;250,0;18,4;19,4;18,8;20,2;20,0;0,2;1033,3;1,03E3;22,3;20,00;3,0;3,0;48,02;0,49;0,000;0,0;0,00;0,049
571;27.06.2023;12:14:16;00:09:30;250,0;18,4;19,4;18,8;20,2;20,0;0,2;1033,3;1,03E3;22,1;20,00;3,0;3,0;48,02;0,49;-0,002;0,0;0,01;0,049
572;27.06.2023;12:14:17;00:09:31;250,0;18,4;19,4;18,8;20,2;20,0;0,3;1033,3;1,03E3;22,0;20,00;3,0;3,0;48,02;0,49;-0,001;0,0;0,00;0,049
573;27.06.2023;12:14:18;00:09:32;250,0;18,4;19,4;18,7;20,2;20,0;0,3;1033,3;1,03E3;22,0;20,00;3,0;3,0;48,02;0,49;-0,001;0,0;0,01;0,049
574;27.06.2023;12:14:19;00:09:33;250,0;18,4;19,4;18,7;20,2;20,0;0,3;1033,2;1,03E3;22,0;20,00;3,0;3,0;48,02;0,49;0,001;0,0;0,01;0,049
575;27.06.2023;12:14:20;00:09:34;250,0;18,4;19,4;18,7;20,2;20,0;0,3;1033,2;1,03E3;22,0;20,00;3,0;3,0;48,02;0,49;-0,002;0,0;0,01;0,049
576;27.06.2023;12:14:21;00:09:35;250,0;18,4;19,4;18,7;20,2;20,0;0,3;1033,2;1,03E3;22,0;20,00;3,0;3,0;48,02;0,49;0,000;0,0;0,01;0,049
577;27.06.2023;12:14:22;00:09:36;250,0;18,4;19,4;18,7;20,2;20,0;0,3;1033,2;1,03E3;22,0;20,00;3,0;2,9;48,02;0,49;-0,005;0,0;0,01;0,049
578;27.06.2023;12:14:23;00:09:37;250,0;18,4;19,4;18,7;20,2;20,0;0,3;1033,1;1,03E3;22,0;20,00;3,0;3,0;48,02;0,49;-0,002;0,0;0,01;0,049
579;27.06.2023;12:14:24;00:09:38;250,0;18,4;19,4;18,7;20,2;20,0;0,3;1033,1;1,03E3;22,0;20,00;3,0;3,0;48,02;0,49;0,000;0,0;0,01;0,049
580;27.06.2023;12:14:25;00:09:39;250,0;18,4;19,4;18,7;20,2;20,0;0,3;1033,1;1,03E3;22,0;20,00;3,0;3,0;48,02;0,49;0,002;0,0;0,00;0,049
581;27.06.2023;12:14:26;00:09:40;250,0;18,4;19,4;18,7;20,2;20,0;0,3;1033,1;1,03E3;22,0;20,00;3,0;3,0;48,02;0,49;0,004;0,0;0,01;0,049
582;27.06.2023;12:14:27;00:09:41;250,0;18,4;19,4;18,7;20,2;20,0;0,3;1033,1;1,03E3;22,0;20,00;3,0;3,0;48,02;0,49;0,003;0,0;0,01;0,049
583;27.06.2023;12:14:28;00:09:42;250,0;18,3;19,4;18,6;20,1;20,0;0,3;1033,0;1,03E3;22,0;20,00;3,0;3,0;48,02;0,49;0,003;0,0;0,00;0,049
584;27.06.2023;12:14:29;00:09:43;250,0;18,4;19,5;18,7;20,1;20,0;0,3;1033,0;1,03E3;22,0;20,00;3,0;3,0;48,02;0,49;0,001;0,0;0,01;0,049
585;27.06.2023;12:14:30;00:09:44;250,0;18,4;19,5;18,7;20,2;20,0;0,3;1033,0;1,03E3;22,0;20,00;3,0;3,0;48,02;0,49;0,000;0,0;0,01;0,049
586;27.06.2023;12:14:31;00:09:45;250,0;18,4;19,5;18,7;20,2;20,0;0,3;1033,0;1,03E3;21,9;20,00;3,0;3,0;48,02;0,49;0,002;0,0;0,01;0,049
587;27.06.2023;12:14:32;00:09:46;250,0;18,4;19,5;18,7;20,2;20,0;0,3;1033,0;1,03E3;21,9;20,00;3,0;3,0;48,02;0,49;0,002;0,0;0,00;0,049
588;27.06.2023;12:14:33;00:09:47;250,0;18,4;19,5;18,7;20,2;20,0;0,3;1033,0;1,03E3;21,7;20,00;3,0;3,1;48,02;0,49;0,000;0,0;0,00;0,049
589;27.06.2023;12:14:34;00:09:48;250,0;18,4;19,5;18,6;20,2;20,0;0,3;1033,0;1,03E3;21,7;20,00;3,0;3,0;48,02;0,49;0,000;0,0;0,00;0,049
590;27.06.2023;12:14:35;00:09:49;250,0;18,4;19,5;18,6;20,2;20,0;0,3;1033,0;1,03E3;21,7;20,00;3,0;3,0;48,02;0,49;0,001;0,0;0,00;0,049
591;27.06.2023;12:14:36;00:09:50;250,0;18,4;19,5;18,6;20,2;20,0;0,3;1033,0;1,03E3;21,7;20,00;3,0;3,0;48,02;0,49;0,005;0,0;0,00;0,049
592;27.06.2023;12:14:37;00:09:51;250,0;18,4;19,5;18,6;20,2;20,0;0,3;1032,9;1,03E3;21,7;20,00;3,0;3,0;48,02;0,49;0,005;0,0;0,00;0,049
593;27.06.2023;12:14:38;00:09:52;250,0;18,4;19,5;18,6;20,2;20,0;0,3;1032,9;1,03E3;21,7;20,00;3,0;3,0;48,02;0,49;0,001;0,0;0,01;0,049
594;27.06.2023;12:14:39;00:09:53;250,0;18,3;19,5;18,6;20,2;20,0;0,3;1032,9;1,03E3;21,7;20,00;3,0;3,0;48,02;0,49;0,003;0,0;0,00;0,049
595;27.06.2023;12:14:40;00:09:54;250,0;18,3;19,5;18,6;20,2;20,0;0,3;1032,9;1,03E3;21,7;20,00;3,0;3,0;48,02;0,49;0,001;0,0;0,00;0,049
596;27.06.2023;12:14:41;00:09:55;250,0;18,3;19,5;18,6;20,2;20,0;0,3;1032,9;1,03E3;21,7;20,00;3,0;3,0;48,02;0,49;0,002;0,0;0,01;0,049
597;27.06.2023;12:14:42;00:09:56;250,0;18,3;19,5;18,6;20,2;20,0;0,3;1032,9;1,03E3;21,7;20,00;3,0;3,0;48,02;0,49;0,000;0,0;0,00;0,049
598;27.06.2023;12:14:43;00:09:57;250,0;18,3;19,5;18,6;20,2;20,0;0,3;1032,8;1,03E3;21,7;20,00;3,0;3,0;48,02;0,49;0,000;0,0;0,01;0,049
599;27.06.2023;12:14:44;00:09:58;250,0;18,3;19,5;18,6;20,2;20,0;0,0;1032,8;1,03E3;21,7;20,00;3,0;3,0;48,02;0,49;0,002;0,0;0,01;0,049
600;27.06.2023;12:14:45;00:09:59;250,0;18,3;19,5;18,6;20,2;20,0;0,0;1032,8;1,03E3;21,7;20,00;3,0;3,0;48,02;0,49;0,003;0,0;0,01;0,049
601;27.06.2023;12:14:46;00:10:00;250,0;18,3;19,5;18,6;20,2;20,0;0,0;1032,8;1,03E3;21,7;20,00;3,0;3,0;48,02;0,49;0,002;0,0;0,00;0,049
602;27.06.2023;12:14:47;00:10:01;250,0;18,3;19,5;18,6;20,2;20,0;0,0;1032,8;1,03E3;21,7;20,00;3,0;3,0;48,02;0,49;0,002;0,0;0,00;0,049
603;27.06.2023;12:14:48;00:10:02;250,0;18,3;19,5;18,6;20,2;20,0;0,0;1032,7;1,03E3;21,7;20,00;3,0;3,0;48,02;0,49;-0,001;0,0;0,01;0,049
604;27.06.2023;12:14:49;00:10:03;250,0;18,3;19,4;18,5;20,2;20,0;0,0;1032,8;1,03E3;21,7;20,00;3,0;3,0;48,02;0,49;-0,002;0,0;0,00;0,049
605;27.06.2023;12:14:50;00:10:04;250,0;18,3;19,4;18,5;20,2;20,0;0,0;1032,7;1,03E3;21,7;20,00;3,0;3,0;48,02;0,49;0,001;0,0;0,00;0,049
606;27.06.2023;12:14:51;00:10:05;250,0;18,3;19,4;18,5;20,2;20,0;0,0;1032,7;1,03E3;21,7;20,00;3,0;3,0;48,02;0,49;-0,001;0,0;0,01;0,049
607;27.06.2023;12:14:52;00:10:06;250,0;18,2;19,4;18,5;20,2;20,0;0,0;1017,0;1,02E3;8,4;20,00;3,0;3,0;48,02;0,49;0,000;0,0;0,01;0,049
608;27.06.2023;12:14:53;00:10:07;250,0;18,2;19,4;18,5;20,1;20,0;0,0;961,4;9,61E2;-45,0;20,00;3,0;3,0;48,02;0,49;-0,001;0,0;0,01;0,049
609;27.06.2023;12:14:54;00:10:08;250,0;18,2;19,4;18,5;20,1;20,0;0,0;935,9;9,36E2;-73,4;20,00;3,0;3,0;48,02;0,49;0,001;0,0;0,01;0,049
610;27.06.2023;12:14:55;00:10:09;250,0;18,2;19,4;18,5;20,1;20,0;0,0;886,1;8,86E2;-121,3;20,00;3,0;3,0;48,02;0,49;0,002;0,0;0,00;0,049
611;27.06.2023;12:14:56;00:10:10;250,0;18,2;19,4;18,5;20,1;20,0;0,0;846,3;8,46E2;-163,3;20,00;3,0;3,0;48,02;0,49;0,001;0,0;0,01;0,049
612;27.06.2023;12:14:57;00:10:11;250,0;18,2;19,4;18,5;20,1;20,0;0,0;827,4;8,27E2;-180,9;20,00;3,0;3,0;48,02;0,49;0,002;0,0;0,00;0,049
613;27.06.2023;12:14:58;00:10:12;250,0;18,2;19,4;18,4;20,1;20,0;0,0;793,8;7,94E2;-215,7;20,00;3,0;3,0;48,02;0,49;0,003;0,0;0,01;0,049
614;27.06.2023;12:14:59;00:10:13;250,0;18,2;19,4;18,4;20,1;20,0;0,0;764,3;7,64E2;-244,4;20,00;3,0;3,0;48,02;0,49;0,001;0,0;0,00;0,049
615;27.06.2023;12:15:00;00:10:14;250,0;18,2;19,4;18,4;20,1;20,0;0,0;750,7;7,51E2;-259,9;20,00;3,0;3,0;48,02;0,49;0,000;0,0;0,01;0,049
616;27.06.2023;12:15:01;00:10:15;250,0;18,2;19,4;18,4;20,1;20,0;0,0;721,5;7,22E2;-287,5;20,00;3,0;3,0;48,02;0,49;0,000;0,0;0,01;0,049
617;27.06.2023;12:15:02;00:10:16;250,0;18,2;19,4;18,4;20,1;20,0;0,0;708,9;7,09E2;-301,7;20,00;3,0;3,0;48,02;0,49;0,001;0,0;0,00;0,049
618;27.06.2023;12:15:03;00:10:17;250,0;18,2;19,4;18,4;20,1;20,0;0,0;684,1;6,84E2;-325,1;20,00;3,0;3,0;48,02;0,49;0,002;0,0;0,01;0,049
619;27.06.2023;12:15:04;00:10:18;250,0;18,2;19,4;18,4;20,1;20,0;0,0;661,1;6,61E2;-349,2;20,00;3,0;3,0;48,02;0,49;0,004;0,0;0,01;0,049
620;27.06.2023;12:15:05;00:10:19;250,0;18,2;19,4;18,4;20,1;20,0;0,0;648,7;6,49E2;-360,0;20,00;3,0;3,0;48,02;0,49;0,006;0,0;0,00;0,049
621;27.06.2023;12:15:06;00:10:20;250,0;18,1;19,4;18,4;20,2;20,0;0,0;627,4;6,27E2;-382,8;20,00;3,0;3,0;48,02;0,49;0,006;0,0;0,01;0,049
622;27.06.2023;12:15:07;00:10:21;250,0;18,1;19,4;18,4;20,2;20,0;0,0;603,2;6,03E2;-406,4;20,00;3,0;3,0;48,02;0,49;0,004;0,0;0,00;0,049
623;27.06.2023;12:15:08;00:10:22;250,0;18,1;19,4;18,4;20,2;20,0;0,0;593,9;5,94E2;-416,2;20,00;3,0;3,0;48,02;0,49;0,007;0,0;0,01;0,049
624;27.06.2023;12:15:09;00:10:23;250,0;17,9;19,3;18,2;20,0;20,0;0,0;572,9;5,73E2;-435,3;20,00;3,0;3,0;48,02;0,49;0,007;0,0;0,01;0,049
625;27.06.2023;12:15:10;00:10:24;250,0;17,9;19,2;18,2;20,0;20,0;0,0;552,6;5,53E2;-455,4;20,00;3,0;3,0;48,02;0,49;0,006;0,0;0,00;0,049
626;27.06.2023;12:15:11;00:10:25;250,0;17,9;19,2;18,2;20,0;20,0;0,0;544,3;5,44E2;-464,4;20,00;3,0;3,0;48,02;0,49;0,009;0,0;0,01;0,049
627;27.06.2023;12:15:12;00:10:26;250,0;17,9;19,2;18,2;20,0;20,0;0,0;525,8;5,26E2;-483,2;20,00;3,0;3,0;48,02;0,49;0,014;0,0;0,01;0,049
628;27.06.2023;12:15:13;00:10:27;250,0;17,9;19,2;18,2;20,0;20,0;0,0;506,9;5,07E2;-502,9;20,00;3,0;3,0;48,02;0,49;0,018;0,0;0,01;0,049
629;27.06.2023;12:15:14;00:10:28;250,0;17,9;19,2;18,1;20,0;20,0;0,0;497,5;4,98E2;-511,0;20,00;3,0;3,0;48,02;0,49;0,019;0,0;0,01;0,049
630;27.06.2023;12:15:15;00:10:29;250,0;17,9;19,2;18,1;20,0;20,0;0,0;481,7;4,82E2;-528,4;20,00;3,0;3,0;48,02;0,49;0,023;0,0;0,01;0,049
631;27.06.2023;12:15:16;00:10:30;250,0;17,8;19,2;18,1;20,0;20,0;0,0;472,2;4,72E2;-536,2;20,00;3,0;3,0;48,02;0,49;0,023;0,0;0,00;0,049
632;27.06.2023;12:15:17;00:10:31;250,0;17,8;19,2;18,1;20,0;20,0;0,0;456,4;4,56E2;-541,2;20,00;3,0;2,9;48,02;0,49;0,022;0,0;0,01;0,049
633;27.06.2023;12:15:18;00:10:32;250,0;17,8;19,2;18,1;20,0;20,0;0,0;441,6;4,42E2;-541,2;20,00;3,0;3,0;48,02;0,49;0,025;0,0;0,00;0,049
634;27.06.2023;12:15:19;00:10:33;250,0;17,8;19,2;18,1;20,0;20,0;0,0;433,2;4,33E2;-541,2;20,00;3,0;3,0;48,02;0,49;0,028;0,0;0,00;0,049
635;27.06.2023;12:15:20;00:10:34;250,0;17,8;19,2;18,0;20,0;20,0;0,0;418,2;4,18E2;-541,2;20,00;3,0;3,0;48,02;0,49;0,025;0,0;0,01;0,049
636;27.06.2023;12:15:21;00:10:35;250,0;17,8;19,2;18,0;20,0;20,0;0,0;403,7;4,04E2;-541,2;20,00;3,0;3,0;48,02;0,49;0,024;0,0;0,00;0,049
637;27.06.2023;12:15:22;00:10:36;250,0;17,8;19,2;18,0;20,1;20,0;0,0;396,8;3,97E2;-541,2;20,00;3,0;3,0;48,02;0,49;0,028;0,0;0,00;0,049
638;27.06.2023;12:15:23;00:10:37;250,0;17,8;19,2;18,0;20,1;20,0;0,0;383,3;3,83E2;-541,2;20,00;3,0;3,0;48,03;0,50;0,026;0,0;0,00;0,049
639;27.06.2023;12:15:24;00:10:38;250,0;17,8;19,2;18,0;20,1;20,0;0,0;370,3;3,70E2;-541,2;20,00;3,0;3,0;48,03;0,50;0,027;0,0;0,00;0,049
640;27.06.2023;12:15:25;00:10:39;250,0;17,8;19,2;17,9;20,1;20,0;0,0;363,7;3,64E2;-541,2;20,00;3,0;3,0;48,03;0,50;0,028;0,0;0,00;0,049
641;27.06.2023;12:15:26;00:10:40;250,0;17,8;19,2;17,9;20,1;20,0;0,0;350,3;3,50E2;-541,2;20,00;3,0;3,0;48,03;0,50;0,025;0,0;0,01;0,049
642;27.06.2023;12:15:27;00:10:41;250,0;17,8;19,2;17,9;20,1;20,0;0,0;338,5;3,38E2;-541,2;20,00;3,0;3,0;48,03;0,50;0,022;0,0;0,00;0,049
643;27.06.2023;12:15:28;00:10:42;250,0;17,8;19,2;17,9;20,1;20,0;0,0;332,7;3,33E2;-541,2;20,00;3,0;3,0;48,03;0,50;0,024;0,0;0,00;0,049
644;27.06.2023;12:15:29;00:10:43;250,0;17,6;19,1;17,8;20,0;20,0;0,0;321,0;3,21E2;-541,2;20,00;3,0;3,0;48,03;0,50;0,027;0,0;0,01;0,049
645;27.06.2023;12:15:30;00:10:44;250,0;17,6;19,1;17,7;20,0;20,0;0,0;315,7;3,16E2;-541,2;20,00;3,0;3,0;48,03;0,50;0,026;0,0;0,01;0,049
646;27.06.2023;12:15:31;00:10:45;250,0;17,6;19,1;17,7;20,0;20,0;0,0;304,9;3,05E2;-541,2;20,00;3,0;3,0;48,03;0,50;0,027;0,0;0,01;0,049
647;27.06.2023;12:15:32;00:10:46;250,0;17,6;19,1;17,7;20,0;20,0;0,0;293,7;2,94E2;-541,2;20,00;3,0;3,0;48,03;0,50;0,026;0,0;0,01;0,049
648;27.06.2023;12:15:33;00:10:47;250,0;17,6;19,1;17,6;20,0;20,0;0,0;288,7;2,89E2;-541,2;20,00;3,0;3,0;48,03;0,50;0,026;0,0;0,00;0,049
649;27.06.2023;12:15:34;00:10:48;250,0;17,6;19,1;17,6;20,0;20,0;0,0;278,9;2,79E2;-541,2;20,00;3,0;3,0;48,03;0,50;0,026;0,0;0,00;0,049
650;27.06.2023;12:15:35;00:10:49;250,0;17,6;19,1;17,6;20,0;20,0;0,0;269,4;2,69E2;-541,2;20,00;3,0;3,0;48,03;0,50;0,026;0,0;0,00;0,049
651;27.06.2023;12:15:36;00:10:50;250,0;17,6;19,1;17,6;20,0;20,0;0,0;264,8;2,65E2;-541,2;20,00;3,0;3,0;48,03;0,50;0,025;0,0;0,00;0,049
652;27.06.2023;12:15:37;00:10:51;250,0;17,6;19,1;17,6;20,0;20,0;0,0;255,8;2,56E2;-541,2;20,00;3,0;3,0;48,03;0,50;0,017;0,0;0,01;0,049
653;27.06.2023;12:15:38;00:10:52;250,0;17,6;19,1;17,6;20,0;20,0;0,0;246,3;2,46E2;-541,2;20,00;3,0;3,0;48,03;0,50;0,017;0,0;0,00;0,049
654;27.06.2023;12:15:39;00:10:53;250,0;17,6;19,1;17,6;20,0;20,0;0,0;242,3;2,42E2;-541,2;20,00;3,0;3,0;48,03;0,50;0,016;0,0;0,01;0,049
655;27.06.2023;12:15:40;00:10:54;250,0;17,6;19,1;17,5;20,0;20,0;0,0;234,1;2,34E2;-541,2;20,00;3,0;3,0;48,03;0,50;0,016;0,0;0,00;0,049
656;27.06.2023;12:15:41;00:10:55;250,0;17,6;19,1;17,5;20,0;20,0;0,0;230,0;2,30E2;-541,2;20,00;3,0;3,0;48,03;0,50;0,016;0,0;0,00;0,049
657;27.06.2023;12:15:42;00:10:56;250,0;17,6;19,1;17,5;20,0;20,0;0,0;222,2;2,22E2;-541,2;20,00;3,0;3,0;48,03;0,50;0,015;0,0;0,01;0,049
658;27.06.2023;12:15:43;00:10:57;250,0;17,6;19,1;17,5;20,0;20,0;0,0;214,6;2,15E2;-541,2;20,00;3,0;3,0;48,03;0,50;0,016;0,0;0,01;0,049
659;27.06.2023;12:15:44;00:10:58;250,0;17,6;19,1;17,5;20,0;20,0;0,0;210,4;2,10E2;-541,2;20,00;3,0;3,1;48,03;0,50;0,017;0,0;0,01;0,049
660;27.06.2023;12:15:45;00:10:59;250,0;17,6;19,1;17,5;20,0;20,0;0,0;203,4;2,03E2;-541,2;20,00;3,0;3,0;48,03;0,50;0,013;0,0;0,00;0,049
661;27.06.2023;12:15:46;00:11:00;250,0;17,6;19,1;17,5;20,0;20,0;0,0;196,6;1,97E2;-541,2;20,00;3,0;3,1;48,03;0,50;0,011;0,0;0,01;0,049
662;27.06.2023;12:15:47;00:11:01;250,0;17,6;19,1;17,5;20,0;20,0;0,0;193,3;1,93E2;-541,2;20,00;3,0;3,0;48,03;0,50;0,011;0,0;0,01;0,049
663;27.06.2023;12:15:48;00:11:02;250,0;17,6;19,1;17,4;20,0;20,0;0,0;186,8;1,87E2;-541,2;20,00;3,0;3,0;48,03;0,50;0,012;0,0;0,00;0,049
664;27.06.2023;12:15:49;00:11:03;250,0;17,5;19,0;17,3;19,9;20,0;0,0;180,3;1,80E2;-541,2;20,00;3,0;2,9;48,03;0,50;0,013;0,0;0,01;0,049
665;27.06.2023;12:15:50;00:11:04;250,0;17,5;19,0;17,3;19,9;20,0;0,0;177,1;1,77E2;-541,2;20,00;3,0;2,9;48,03;0,50;0,013;0,0;0,01;0,049
666;27.06.2023;12:15:51;00:11:05;250,0;17,5;19,0;17,3;19,9;20,0;0,0;166,7;1,67E2;-541,2;20,00;3,0;3,0;48,03;0,50;0,012;0,0;0,00;0,049
667;27.06.2023;12:15:52;00:11:06;250,0;17,5;19,0;17,3;19,9;20,0;0,0;153,0;1,53E2;-541,2;20,00;3,0;3,0;48,04;0,50;0,013;0,0;0,00;0,049
668;27.06.2023;12:15:53;00:11:07;250,0;17,5;19,0;17,3;19,9;20,0;0,0;146,7;1,47E2;-541,2;20,00;3,0;3,0;48,03;0,50;0,016;0,0;0,00;0,049
669;27.06.2023;12:15:54;00:11:08;250,0;17,5;19,0;17,3;19,9;20,0;0,0;135,7;1,36E2;-541,2;20,00;3,0;3,0;48,04;0,50;0,016;0,0;0,00;0,049
670;27.06.2023;12:15:55;00:11:09;250,0;17,5;19,0;17,3;19,9;20,0;0,0;130,7;1,31E2;-541,2;20,00;3,0;3,0;48,03;0,50;0,017;0,0;0,01;0,049
671;27.06.2023;12:15:56;00:11:10;250,0;17,5;19,0;17,3;19,9;20,0;0,0;121,0;1,21E2;-541,2;20,00;3,0;3,0;48,04;0,50;0,016;0,0;0,00;0,049
672;27.06.2023;12:15:57;00:11:11;250,0;17,5;19,0;17,3;19,9;20,0;0,0;112,5;1,12E2;-541,2;20,00;3,0;3,0;48,04;0,51;0,014;0,0;0,01;0,049
673;27.06.2023;12:15:58;00:11:12;250,0;17,5;19,0;17,3;19,9;20,0;0,0;108,5;1,09E2;-541,2;20,00;3,0;3,0;48,04;0,51;0,016;0,0;0,01;0,049
674;27.06.2023;12:15:59;00:11:13;250,0;17,5;19,0;17,3;19,9;20,0;0,0;101,0;1,01E2;-541,2;20,00;3,0;3,0;48,04;0,51;0,014;0,0;0,00;0,049
675;27.06.2023;12:16:00;00:11:14;250,0;17,5;19,0;17,2;19,9;20,0;0,0;94,0;9,40E1;-541,2;20,00;3,0;3,0;48,04;0,51;0,012;0,0;0,01;0,049
676;27.06.2023;12:16:01;00:11:15;250,0;17,5;19,0;17,2;19,9;20,0;0,0;90,8;9,08E1;-541,2;20,00;3,0;3,0;48,04;0,51;0,012;0,0;0,01;0,049
677;27.06.2023;12:16:02;00:11:16;250,0;17,5;19,0;17,2;19,9;20,0;0,0;83,9;8,39E1;-541,2;20,00;3,0;3,0;48,04;0,51;0,013;0,0;0,01;0,049
678;27.06.2023;12:16:03;00:11:17;250,0;17,5;19,0;17,2;19,9;20,0;0,0;78,2;7,82E1;-541,2;20,00;3,0;3,0;48,04;0,51;0,014;0,0;0,01;0,049
679;27.06.2023;12:16:04;00:11:18;250,0;17,5;19,0;17,2;19,9;20,0;0,0;75,5;7,55E1;-541,2;20,00;3,0;3,0;48,04;0,51;0,013;0,0;0,01;0,049
680;27.06.2023;12:16:05;00:11:19;250,0;17,5;19,0;17,2;19,9;20,0;0,0;70,3;7,03E1;-541,2;20,00;3,0;3,0;48,04;0,51;0,015;0,0;0,00;0,049
681;27.06.2023;12:16:06;00:11:20;250,0;17,5;19,0;17,2;19,9;20,0;0,0;65,2;6,52E1;-541,2;20,00;3,0;3,0;48,04;0,51;0,015;0,0;0,00;0,049
682;27.06.2023;12:16:07;00:11:21;250,0;17,5;19,0;17,2;19,9;20,0;0,0;62,7;6,27E1;-541,2;20,00;3,0;3,0;48,04;0,51;0,015;0,0;0,01;0,049
683;27.06.2023;12:16:08;00:11:22;250,0;17,5;19,0;17,2;19,9;20,0;0,0;57,6;5,76E1;-541,2;20,00;3,0;3,0;48,04;0,51;0,011;0,0;0,01;0,049
684;27.06.2023;12:16:09;00:11:23;250,0;17,5;18,9;17,1;19,9;20,0;0,0;55,6;5,56E1;-541,2;20,00;3,0;3,0;48,04;0,51;0,009;0,0;0,00;0,049
685;27.06.2023;12:16:10;00:11:24;250,0;17,4;18,9;17,1;19,9;20,0;0,0;51,8;5,18E1;-541,2;20,00;3,0;3,0;48,04;0,51;0,008;0,0;0,00;0,049
686;27.06.2023;12:16:11;00:11:25;250,0;17,4;18,9;17,1;19,9;20,0;0,0;48,0;4,80E1;-541,2;20,00;3,0;3,0;48,04;0,51;0,006;0,0;0,00;0,049
687;27.06.2023;12:16:12;00:11:26;250,0;17,4;18,9;17,1;19,9;20,0;0,0;46,4;4,64E1;-541,2;20,00;3,0;3,0;48,04;0,51;0,006;0,0;0,01;0,049
688;27.06.2023;12:16:13;00:11:27;250,0;17,4;18,9;17,1;19,9;20,0;0,0;43,1;4,31E1;-541,2;20,00;3,0;3,0;48,04;0,51;0,009;0,0;0,00;0,049
689;27.06.2023;12:16:14;00:11:28;250,0;17,4;18,9;17,2;19,9;20,0;0,0;39,9;3,99E1;-541,2;20,00;3,0;3,0;48,04;0,51;0,010;0,0;0,00;0,049
690;27.06.2023;12:16:15;00:11:29;250,0;17,4;18,9;17,2;19,9;20,0;0,0;38,4;3,84E1;-541,2;20,00;3,0;3,0;48,04;0,51;0,011;0,0;0,00;0,049
691;27.06.2023;12:16:16;00:11:30;250,0;17,5;18,9;17,2;19,9;20,0;0,0;35,7;3,57E1;-541,2;20,00;3,0;3,0;48,04;0,51;0,010;0,0;0,01;0,049
692;27.06.2023;12:16:17;00:11:31;250,0;17,5;18,9;17,2;19,9;20,0;0,0;33,3;3,33E1;-541,2;20,00;3,0;3,0;48,04;0,51;0,009;0,0;0,01;0,049
693;27.06.2023;12:16:18;00:11:32;250,0;17,5;18,9;17,2;19,9;20,0;0,0;32,1;3,21E1;-541,2;20,00;3,0;3,0;48,04;0,51;0,007;0,0;0,00;0,049
694;27.06.2023;12:16:19;00:11:33;250,0;17,5;18,9;17,2;19,9;20,0;0,0;29,8;2,98E1;-541,2;20,00;3,0;3,0;48,04;0,51;0,006;0,0;0,00;0,049
695;27.06.2023;12:16:20;00:11:34;250,0;17,5;18,9;17,2;19,9;20,0;0,0;28,4;2,84E1;-541,2;20,00;3,0;3,0;48,04;0,51;0,007;0,0;0,00;0,049
696;27.06.2023;12:16:21;00:11:35;250,0;17,5;18,9;17,2;19,9;20,0;0,0;26,6;2,66E1;-541,2;20,00;3,0;3,0;48,04;0,51;0,006;0,0;0,00;0,049
697;27.06.2023;12:16:22;00:11:36;250,0;17,5;18,9;17,2;19,9;20,0;0,0;24,6;2,46E1;-541,2;20,00;3,0;3,0;48,04;0,51;0,008;0,0;0,01;0,049
698;27.06.2023;12:16:23;00:11:37;250,0;17,5;18,9;17,2;19,9;20,0;0,0;23,4;2,34E1;-541,2;20,00;3,0;3,0;48,04;0,51;0,005;0,0;0,00;0,049
699;27.06.2023;12:16:24;00:11:38;250,0;17,5;18,9;17,2;19,9;20,0;0,0;21,7;2,17E1;-541,2;20,00;3,0;3,0;48,04;0,51;0,006;0,0;0,01;0,049
700;27.06.2023;12:16:25;00:11:39;250,0;17,5;18,9;17,2;19,9;20,0;0,0;20,5;2,05E1;-541,2;20,00;3,0;3,0;48,04;0,51;0,006;0,0;0,01;0,049
701;27.06.2023;12:16:26;00:11:40;250,0;17,5;18,9;17,2;19,9;20,0;0,0;19,5;1,95E1;-541,2;20,00;3,0;3,0;48,04;0,51;0,005;0,0;0,00;0,049
702;27.06.2023;12:16:27;00:11:41;250,0;17,5;18,9;17,2;19,9;20,0;0,0;18,0;1,80E1;-541,2;20,00;3,0;3,0;48,04;0,51;0,005;0,0;0,00;0,049
703;27.06.2023;12:16:28;00:11:42;250,0;17,5;18,9;17,2;19,9;20,0;0,0;16,8;1,68E1;-541,2;20,00;3,0;3,0;48,04;0,51;0,002;0,0;0,01;0,049
704;27.06.2023;12:16:29;00:11:43;250,0;17,5;18,9;17,2;19,9;20,0;0,0;16,1;1,61E1;-541,2;20,00;3,0;3,0;48,04;0,51;0,000;0,0;0,01;0,049
705;27.06.2023;12:16:30;00:11:44;250,0;17,5;18,8;17,2;19,9;20,0;0,0;14,9;1,49E1;-541,2;20,00;3,0;2,9;48,04;0,51;0,004;0,0;0,00;0,049
706;27.06.2023;12:16:31;00:11:45;250,0;17,5;18,8;17,2;19,9;20,0;0,0;14,0;1,40E1;-541,2;20,00;3,0;3,0;48,04;0,51;0,006;0,0;0,00;0,049
707;27.06.2023;12:16:32;00:11:46;250,0;17,5;18,8;17,2;19,9;20,0;0,0;13,6;1,36E1;-541,2;20,00;3,0;3,0;48,04;0,51;0,004;0,0;0,01;0,049
708;27.06.2023;12:16:33;00:11:47;250,0;17,5;18,8;17,2;19,9;20,0;0,0;12,7;1,27E1;-541,2;20,00;3,0;3,0;48,04;0,51;0,003;0,0;0,01;0,049
709;27.06.2023;12:16:34;00:11:48;250,0;17,5;18,9;17,2;19,9;20,0;0,0;12,1;1,21E1;-541,2;20,00;3,0;3,0;48,04;0,51;0,004;0,0;0,00;0,049
710;27.06.2023;12:16:35;00:11:49;250,0;17,5;18,9;17,2;19,9;20,0;0,0;11,4;1,14E1;-541,2;20,00;3,0;3,0;48,04;0,51;0,005;0,0;0,00;0,049
711;27.06.2023;12:16:36;00:11:50;250,0;17,5;18,9;17,2;19,9;20,0;0,0;10,5;1,05E1;-541,2;20,00;3,0;3,0;48,04;0,51;0,002;0,0;0,01;0,049
712;27.06.2023;12:16:37;00:11:51;250,0;17,5;18,9;17,2;19,9;20,0;0,0;10,1;1,01E1;-541,2;20,00;3,0;3,0;48,04;0,51;0,001;0,0;0,00;0,049
713;27.06.2023;12:16:38;00:11:52;250,0;17,5;18,9;17,2;19,9;20,0;0,0;9,1;9,06E0;-541,2;20,00;3,0;3,0;48,04;0,51;0,003;0,0;0,01;0,049
714;27.06.2023;12:16:39;00:11:53;250,0;17,5;18,9;17,2;19,9;20,0;0,0;7,9;7,86E0;-541,2;20,00;3,0;3,0;48,04;0,51;0,001;0,0;0,01;0,049
715;27.06.2023;12:16:40;00:11:54;250,0;17,5;18,9;17,2;19,9;20,0;0,0;7,4;7,39E0;-541,2;20,00;3,0;3,0;48,04;0,51;0,001;0,0;0,01;0,049
716;27.06.2023;12:16:41;00:11:55;250,0;17,5;18,9;17,2;19,9;20,0;0,0;7,0;6,95E0;-541,2;20,00;3,0;3,0;48,04;0,51;-0,004;0,0;0,01;0,049
717;27.06.2023;12:16:42;00:11:56;250,0;17,5;18,9;17,2;20,0;20,0;0,0;6,3;6,26E0;-541,2;20,00;3,0;3,0;48,04;0,51;0,002;0,0;0,01;0,049
718;27.06.2023;12:16:43;00:11:57;250,0;17,5;18,9;17,2;20,0;20,0;0,0;6,0;5,95E0;-541,2;20,00;3,0;3,0;48,04;0,51;0,002;0,0;0,01;0,049
719;27.06.2023;12:16:44;00:11:58;250,0;17,5;18,9;17,2;20,0;20,0;0,0;5,6;5,59E0;-541,2;20,00;3,0;3,0;48,04;0,51;0,002;0,0;0,00;0,049
720;27.06.2023;12:16:45;00:11:59;250,0;17,5;18,9;17,2;20,0;20,0;0,0;5,0;5,03E0;-541,2;20,00;3,0;2,9;48,04;0,51;-0,002;0,0;0,01;0,049
721;27.06.2023;12:16:46;00:12:00;250,0;17,5;18,9;17,2;20,0;20,0;0,0;4,7;4,67E0;-541,2;20,00;3,0;3,0;48,04;0,51;0,000;0,0;0,01;0,049
722;27.06.2023;12:16:47;00:12:01;250,0;17,5;18,9;17,3;20,0;20,0;0,0;4,2;4,23E0;-541,2;20,00;3,0;3,0;48,04;0,51;0,000;0,0;0,01;0,049
723;27.06.2023;12:16:48;00:12:02;250,0;17,5;18,9;17,3;20,0;20,0;0,0;4,0;4,00E0;-541,2;20,00;3,0;3,0;48,04;0,51;0,001;0,0;0,00;0,049
724;27.06.2023;12:16:49;00:12:03;250,0;17,4;18,8;17,2;19,9;20,0;0,0;3,8;3,75E0;-541,2;20,00;3,0;3,0;48,04;0,51;0,000;0,0;0,00;0,049
725;27.06.2023;12:16:50;00:12:04;250,0;17,4;18,8;17,2;19,9;20,0;0,0;3,5;3,50E0;-541,2;20,00;3,0;3,0;48,04;0,51;0,003;0,0;0,01;0,049
726;27.06.2023;12:16:51;00:12:05;250,0;17,4;18,8;17,2;19,9;20,0;0,0;3,3;3,27E0;-541,2;20,00;3,0;3,0;48,04;0,51;0,003;0,0;0,01;0,049
727;27.06.2023;12:16:52;00:12:06;250,0;17,4;18,8;17,2;19,9;20,0;0,0;3,0;3,00E0;-541,2;20,00;3,0;2,9;48,04;0,51;0,005;0,0;0,01;0,049
728;27.06.2023;12:16:53;00:12:07;250,0;17,4;18,8;17,2;19,9;20,0;0,0;2,7;2,73E0;-541,2;20,00;3,0;3,1;48,04;0,51;0,007;0,0;0,01;0,049
729;27.06.2023;12:16:54;00:12:08;250,0;17,4;18,8;17,2;19,9;20,0;0,0;2,7;2,73E0;-541,2;20,00;3,0;3,1;48,04;0,51;0,006;0,0;0,00;0,049
730;27.06.2023;12:16:55;00:12:09;250,0;17,4;18,8;17,2;19,9;20,0;0,0;2,5;2,50E0;-541,2;20,00;3,0;3,0;48,04;0,51;0,002;0,0;0,00;0,049
731;27.06.2023;12:16:56;00:12:10;250,0;17,5;18,8;17,2;19,9;20,0;0,0;2,4;2,36E0;-541,2;20,00;3,0;3,0;48,04;0,51;0,002;0,0;0,01;0,049
732;27.06.2023;12:16:57;00:12:11;250,0;17,5;18,8;17,2;19,9;20,0;0,0;2,3;2,26E0;-541,2;20,00;3,0;3,0;48,04;0,51;0,002;0,0;0,01;0,049
733;27.06.2023;12:16:58;00:12:12;250,0;17,5;18,8;17,2;19,9;20,0;0,0;2,0;2,04E0;-541,2;20,00;3,0;3,0;48,04;0,51;0,003;0,0;0,00;0,049
734;27.06.2023;12:16:59;00:12:13;250,0;17,5;18,8;17,2;19,9;20,0;0,0;2,0;1,96E0;-541,2;20,00;3,0;3,0;48,04;0,51;0,004;0,0;0,01;0,049
735;27.06.2023;12:17:00;00:12:14;250,0;17,5;18,8;17,2;19,9;20,0;0,0;1,8;1,85E0;-541,2;20,00;3,0;2,9;48,04;0,51;0,002;0,0;0,01;0,049
736;27.06.2023;12:17:01;00:12:15;250,0;17,5;18,8;17,2;19,9;20,0;0,0;1,8;1,78E0;-541,2;20,00;3,0;3,0;48,04;0,51;0,004;0,0;0,00;0,049
737;27.06.2023;12:17:02;00:12:16;250,0;17,5;18,8;17,2;19,9;20,0;0,0;1,7;1,71E0;-541,2;20,00;3,0;3,0;48,04;0,51;0,006;0,0;0,00;0,049
738;27.06.2023;12:17:03;00:12:17;250,0;17,5;18,8;17,2;19,9;20,0;0,0;1,6;1,58E0;-541,2;20,00;3,0;3,0;48,04;0,51;0,004;0,0;0,00;0,049
739;27.06.2023;12:17:04;00:12:18;250,0;17,5;18,8;17,3;19,9;20,0;0,0;1,5;1,50E0;-541,2;20,00;3,0;3,0;48,04;0,51;0,004;0,0;0,01;0,049
740;27.06.2023;12:17:05;00:12:19;250,0;17,5;18,8;17,3;19,9;20,0;0,0;1,4;1,43E0;-541,2;20,00;3,0;3,0;48,04;0,51;0,001;0,0;0,01;0,049
741;27.06.2023;12:17:06;00:12:20;250,0;17,5;18,8;17,3;20,0;20,0;0,0;1,4;1,36E0;-541,2;20,00;3,0;3,1;48,04;0,51;0,003;0,0;0,01;0,049
742;27.06.2023;12:17:07;00:12:21;250,0;17,5;18,8;17,3;20,0;20,0;0,0;1,3;1,28E0;-541,2;20,00;3,0;3,1;48,04;0,51;0,005;0,0;0,00;0,049
743;27.06.2023;12:17:08;00:12:22;250,0;17,5;18,8;17,3;20,0;20,0;0,0;1,3;1,27E0;-541,2;20,00;3,0;3,0;48,04;0,51;0,002;0,0;0,01;0,049
744;27.06.2023;12:17:09;00:12:23;250,0;17,4;18,7;17,2;19,9;20,0;0,0;1,2;1,19E0;-541,2;20,00;3,0;3,0;48,04;0,51;0,003;0,0;0,00;0,049
745;27.06.2023;12:17:10;00:12:24;250,0;17,4;18,7;17,2;19,9;20,0;0,0;1,1;1,11E0;-541,2;20,00;3,0;3,1;48,04;0,51;0,002;0,0;0,01;0,049
746;27.06.2023;12:17:11;00:12:25;250,0;17,4;18,7;17,2;19,9;20,0;0,0;1,0;9,96E-1;-541,2;20,00;3,0;3,0;48,04;0,51;0,002;0,0;0,00;0,049
747;27.06.2023;12:17:12;00:12:26;250,0;17,4;18,7;17,2;19,9;20,0;0,0;1,0;9,52E-1;-541,2;20,00;3,0;3,0;48,04;0,51;0,001;0,0;0,00;0,049
748;27.06.2023;12:17:13;00:12:27;250,0;17,4;18,7;17,2;19,9;20,0;0,0;0,9;9,29E-1;-541,2;20,00;3,0;3,0;48,04;0,51;0,001;0,0;0,01;0,049
749;27.06.2023;12:17:14;00:12:28;250,0;17,4;18,7;17,2;19,9;20,0;0,0;0,9;8,86E-1;-541,2;20,00;3,0;3,0;48,04;0,51;-0,001;0,0;0,00;0,049
750;27.06.2023;12:17:15;00:12:29;250,0;17,4;18,7;17,2;19,9;20,0;0,0;0,8;8,44E-1;-541,2;20,00;3,0;3,0;48,04;0,51;0,002;0,0;0,00;0,049
751;27.06.2023;12:17:16;00:12:30;250,0;17,5;18,7;17,3;19,9;20,0;0,0;0,8;8,20E-1;-541,2;20,00;3,0;3,0;48,04;0,51;0,001;0,0;0,00;0,049
752;27.06.2023;12:17:17;00:12:31;250,0;17,5;18,7;17,3;19,9;20,0;0,0;0,8;7,80E-1;-541,2;20,00;3,0;3,0;48,04;0,51;0,001;0,0;0,01;0,049
753;27.06.2023;12:17:18;00:12:32;250,0;17,5;18,7;17,3;19,9;20,0;0,0;0,7;7,49E-1;-541,2;20,00;3,0;3,0;48,04;0,51;0,004;0,0;0,01;0,049
754;27.06.2023;12:17:19;00:12:33;250,0;17,5;18,7;17,3;19,9;20,0;0,0;0,7;7,34E-1;-541,2;20,00;3,0;3,0;48,04;0,51;0,004;0,0;0,00;0,049
755;27.06.2023;12:17:20;00:12:34;250,0;17,5;18,7;17,3;19,9;20,0;0,0;0,7;7,04E-1;-541,2;20,00;3,0;3,0;48,04;0,51;0,006;0,0;0,01;0,049
756;27.06.2023;12:17:21;00:12:35;250,0;17,5;18,7;17,3;19,9;20,0;0,0;0,7;6,75E-1;-541,2;20,00;3,0;3,0;48,04;0,51;0,004;0,0;0,00;0,049
757;27.06.2023;12:17:22;00:12:36;250,0;17,5;18,7;17,3;19,9;20,0;0,0;0,7;6,59E-1;-541,2;20,00;3,0;3,0;48,04;0,51;0,004;0,0;0,00;0,049
758;27.06.2023;12:17:23;00:12:37;250,0;17,5;18,7;17,3;19,9;20,0;0,0;0,6;6,31E-1;-541,2;20,00;3,0;3,0;48,04;0,51;0,005;0,0;0,01;0,049
759;27.06.2023;12:17:24;00:12:38;250,0;17,5;18,7;17,3;19,9;20,0;0,0;0,6;6,05E-1;-541,2;20,00;3,0;3,0;48,04;0,51;0,002;0,0;0,00;0,049
760;27.06.2023;12:17:25;00:12:39;250,0;17,5;18,7;17,3;19,9;20,0;0,0;0,6;5,91E-1;-541,2;20,00;3,0;3,0;48,04;0,51;0,002;0,0;0,00;0,049
761;27.06.2023;12:17:26;00:12:40;250,0;17,5;18,7;17,3;19,9;20,0;0,0;0,6;5,65E-1;-541,2;20,00;3,0;3,0;48,04;0,51;0,000;0,0;0,00;0,049
762;27.06.2023;12:17:27;00:12:41;250,0;17,5;18,7;17,3;19,9;20,0;0,0;0,6;5,53E-1;-541,2;20,00;3,0;3,0;48,04;0,51;0,002;0,0;0,00;0,049
763;27.06.2023;12:17:28;00:12:42;250,0;17,5;18,7;17,3;19,9;20,0;0,0;0,5;5,27E-1;-541,2;20,00;3,0;3,0;48,04;0,51;0,002;0,0;0,00;0,049
764;27.06.2023;12:17:29;00:12:43;250,0;17,5;18,7;17,3;19,9;20,0;0,0;0,5;5,09E-1;-541,2;20,00;3,0;3,0;48,04;0,51;0,003;0,0;0,00;0,049
765;27.06.2023;12:17:30;00:12:44;250,0;17,5;18,7;17,3;19,9;20,0;0,0;0,5;5,00E-1;-541,2;20,00;3,0;3,0;48,04;0,51;0,002;0,0;0,00;0,049
766;27.06.2023;12:17:31;00:12:45;250,0;17,5;18,7;17,3;19,9;20,0;0,0;0,5;4,81E-1;-541,2;20,00;3,0;3,0;48,04;0,51;0,004;0,0;0,00;0,049
767;27.06.2023;12:17:32;00:12:46;250,0;17,5;18,7;17,3;20,0;20,0;0,0;0,5;4,64E-1;-541,2;20,00;3,0;3,0;48,04;0,51;0,001;0,0;0,00;0,049
768;27.06.2023;12:17:33;00:12:47;250,0;17,5;18,7;17,3;20,0;20,0;0,0;0,5;4,56E-1;-541,2;20,00;3,0;3,0;48,04;0,51;-0,002;0,0;0,01;0,049
769;27.06.2023;12:17:34;00:12:48;250,0;17,5;18,7;17,3;20,0;20,0;0,0;0,4;4,38E-1;-541,2;20,00;3,0;3,0;48,04;0,51;-0,001;0,0;0,00;0,049
770;27.06.2023;12:17:35;00:12:49;250,0;17,5;18,7;17,3;20,0;20,0;0,0;0,4;4,22E-1;-541,2;20,00;3,0;3,0;48,04;0,51;-0,002;0,0;0,01;0,049
771;27.06.2023;12:17:36;00:12:50;250,0;17,5;18,7;17,3;20,0;20,0;0,0;0,4;4,14E-1;-541,2;20,00;3,0;3,0;48,04;0,51;-0,002;0,0;0,01;0,049
772;27.06.2023;12:17:37;00:12:51;250,0;17,5;18,7;17,4;20,0;20,0;0,0;0,4;3,98E-1;-541,2;20,00;3,0;3,0;48,04;0,51;-0,001;0,0;0,00;0,049
773;27.06.2023;12:17:38;00:12:52;250,0;17,6;18,7;17,4;20,0;20,0;0,0;0,4;3,91E-1;-541,2;20,00;3,0;3,0;48,04;0,51;-0,002;0,0;0,01;0,049
774;27.06.2023;12:17:39;00:12:53;250,0;17,6;18,7;17,4;20,0;20,0;0,0;0,4;3,76E-1;-541,2;20,00;3,0;3,0;48,04;0,51;0,001;0,0;0,01;0,049
775;27.06.2023;12:17:40;00:12:54;250,0;17,6;18,7;17,4;20,0;20,0;0,0;0,4;3,61E-1;-541,2;20,00;3,0;3,0;48,04;0,51;0,003;0,0;0,00;0,049
776;27.06.2023;12:17:41;00:12:55;250,0;17,6;18,7;17,4;20,0;20,0;0,0;0,4;3,56E-1;-541,2;20,00;3,0;3,0;48,04;0,51;0,002;0,0;0,01;0,049
777;27.06.2023;12:17:42;00:12:56;250,0;17,6;18,7;17,4;20,0;20,0;0,0;0,3;3,45E-1;-541,2;20,00;3,0;3,0;48,04;0,51;0,001;0,0;0,00;0,049
778;27.06.2023;12:17:43;00:12:57;250,0;17,6;18,7;17,4;20,0;20,0;0,0;0,3;3,34E-1;-541,2;20,00;3,0;3,0;48,04;0,51;-0,001;0,0;0,01;0,049
779;27.06.2023;12:17:44;00:12:58;250,0;17,6;18,7;17,4;20,0;20,0;0,0;0,3;3,29E-1;-541,2;20,00;3,0;3,0;48,04;0,51;-0,001;0,0;0,01;0,049
780;27.06.2023;12:17:45;00:12:59;250,0;17,6;18,7;17,4;20,0;20,0;0,0;0,3;3,20E-1;-541,2;20,00;3,0;3,0;48,04;0,51;-0,006;0,0;0,01;0,049
781;27.06.2023;12:17:46;00:13:00;250,0;17,6;18,7;17,4;20,0;20,0;0,0;0,3;3,09E-1;-541,2;20,00;3,0;3,1;48,04;0,51;0,002;0,0;0,01;0,049
782;27.06.2023;12:17:47;00:13:01;250,0;17,6;18,7;17,4;20,0;20,0;0,0;0,3;3,05E-1;-541,2;20,00;3,0;3,1;48,04;0,51;0,002;0,0;0,00;0,049
783;27.06.2023;12:17:48;00:13:02;250,0;17,5;18,7;17,4;20,0;20,0;0,0;0,3;2,96E-1;-541,2;20,00;3,0;3,0;48,04;0,51;0,001;0,0;0,00;0,049
784;27.06.2023;12:17:49;00:13:03;250,0;17,5;18,7;17,4;19,9;20,0;0,0;0,3;2,88E-1;-541,2;20,00;3,0;3,0;48,04;0,51;0,000;0,0;0,01;0,049
785;27.06.2023;12:17:50;00:13:04;250,0;17,5;18,7;17,4;20,0;20,0;0,0;0,3;2,83E-1;-541,2;20,00;3,0;3,0;48,04;0,51;-0,002;0,0;0,00;0,049
786;27.06.2023;12:17:51;00:13:05;250,0;17,5;18,7;17,4;20,0;20,0;0,0;0,3;2,75E-1;-541,2;20,00;3,0;3,0;48,04;0,51;0,000;0,0;0,01;0,049
787;27.06.2023;12:17:52;00:13:06;250,0;17,6;18,7;17,4;20,0;20,0;0,0;0,3;2,71E-1;-541,2;20,00;3,0;3,0;48,04;0,51;0,003;0,0;0,00;0,049
788;27.06.2023;12:17:53;00:13:07;250,0;17,6;18,7;17,4;20,0;20,0;0,0;0,3;2,63E-1;-541,2;20,00;3,0;3,0;48,04;0,51;0,002;0,0;0,00;0,049
789;27.06.2023;12:17:54;00:13:08;250,0;17,6;18,7;17,4;20,0;20,0;0,0;0,3;2,57E-1;-541,2;20,00;3,0;3,0;48,04;0,51;0,001;0,0;0,00;0,049
790;27.06.2023;12:17:55;00:13:09;250,0;17,6;18,7;17,4;20,0;20,0;0,0;0,3;2,53E-1;-541,2;20,00;3,0;3,0;48,04;0,51;0,002;0,0;0,00;0,049
791;27.06.2023;12:17:56;00:13:10;250,0;17,6;18,7;17,4;20,0;20,0;0,0;0,2;2,47E-1;-541,2;20,00;3,0;3,0;48,04;0,51;-0,001;0,0;0,01;0,049
792;27.06.2023;12:17:57;00:13:11;250,0;17,6;18,7;17,4;20,0;20,0;0,0;0,2;2,41E-1;-541,2;20,00;3,0;3,0;48,04;0,51;-0,001;0,0;0,01;0,049
793;27.06.2023;12:17:58;00:13:12;250,0;17,6;18,7;17,4;20,0;20,0;0,0;0,2;2,39E-1;-541,2;20,00;3,0;3,0;48,04;0,51;0,000;0,0;0,01;0,049
794;27.06.2023;12:17:59;00:13:13;250,0;17,6;18,7;17,4;20,0;20,0;0,0;0,2;2,34E-1;-541,2;20,00;3,0;3,0;48,04;0,51;-0,001;0,0;0,01;0,049
795;27.06.2023;12:18:00;00:13:14;250,0;17,6;18,7;17,4;20,0;20,0;0,0;0,2;2,29E-1;-541,2;20,00;3,0;3,0;48,04;0,51;0,001;0,0;0,01;0,049
796;27.06.2023;12:18:01;00:13:15;250,0;17,6;18,7;17,4;20,0;20,0;0,0;0,2;2,27E-1;-541,2;20,00;3,0;3,0;48,04;0,51;0,001;0,0;0,01;0,049
797;27.06.2023;12:18:02;00:13:16;250,0;17,6;18,7;17,4;20,0;20,0;0,0;0,2;2,23E-1;-541,2;20,00;3,0;3,0;48,04;0,51;-0,001;0,0;0,01;0,049
798;27.06.2023;12:18:03;00:13:17;250,0;17,6;18,7;17,4;20,0;20,0;0,0;0,2;2,19E-1;-541,2;20,00;3,0;3,0;48,04;0,51;-0,001;0,0;0,00;0,049
799;27.06.2023;12:18:04;00:13:18;250,0;17,6;18,7;17,4;20,0;20,0;0,0;0,2;2,17E-1;-541,2;20,00;3,0;3,0;48,04;0,51;-0,002;0,0;0,01;0,049
800;27.06.2023;12:18:05;00:13:19;250,0;17,6;18,7;17,4;20,0;20,0;0,0;0,2;2,13E-1;-541,2;20,00;3,0;3,0;48,04;0,51;0,000;0,0;0,00;0,049
801;27.06.2023;12:18:06;00:13:20;250,0;17,6;18,7;17,4;20,0;20,0;0,0;0,2;2,11E-1;-541,2;20,00;3,0;3,0;48,04;0,51;-0,001;0,0;0,00;0,049
802;27.06.2023;12:18:07;00:13:21;250,0;17,6;18,7;17,4;20,0;20,0;0,0;0,2;2,07E-1;-541,2;20,00;3,0;3,0;48,04;0,51;-0,002;0,0;0,01;0,049
803;27.06.2023;12:18:08;00:13:22;250,0;17,6;18,7;17,4;20,0;20,0;0,0;0,2;2,04E-1;-541,2;20,00;3,0;3,0;48,04;0,51;0,001;0,0;0,01;0,049
804;27.06.2023;12:18:09;00:13:23;250,0;17,6;18,6;17,4;20,0;20,0;0,0;0,2;2,02E-1;-541,2;20,00;3,0;3,0;48,04;0,51;0,001;0,0;0,01;0,049
805;27.06.2023;12:18:10;00:13:24;250,0;17,6;18,6;17,4;20,0;20,0;0,0;0,2;1,99E-1;-541,2;20,00;3,0;3,0;48,04;0,51;0,001;0,0;0,00;0,049
806;27.06.2023;12:18:11;00:13:25;250,0;17,6;18,6;17,4;20,0;20,0;0,0;0,2;1,96E-1;-541,2;20,00;3,0;3,0;48,04;0,51;0,002;0,0;0,01;0,049
807;27.06.2023;12:18:12;00:13:26;250,0;17,6;18,6;17,4;20,0;20,0;0,0;0,2;1,94E-1;-541,2;20,00;3,0;3,0;48,04;0,51;0,002;0,0;0,00;0,049
808;27.06.2023;12:18:13;00:13:27;250,0;17,6;18,6;17,4;20,0;20,0;0,0;0,2;1,91E-1;-541,2;20,00;3,0;3,0;48,04;0,51;0,000;0,0;0,00;0,049
809;27.06.2023;12:18:14;00:13:28;250,0;17,6;18,6;17,4;20,0;20,0;0,0;0,2;1,89E-1;-541,2;20,00;3,0;3,0;48,04;0,51;0,000;0,0;0,01;0,049
810;27.06.2023;12:18:15;00:13:29;250,0;17,6;18,6;17,4;20,0;20,0;0,0;0,2;1,87E-1;-541,2;20,00;3,0;3,0;48,04;0,51;-0,001;0,0;0,01;0,049
811;27.06.2023;12:18:16;00:13:30;250,0;17,6;18,6;17,4;20,0;20,0;0,0;0,2;1,85E-1;-541,2;20,00;3,0;3,0;48,04;0,51;0,001;0,0;0,00;0,049
812;27.06.2023;12:18:17;00:13:31;250,0;17,6;18,6;17,4;20,0;20,0;0,0;0,2;1,83E-1;-541,2;20,00;3,0;3,0;48,04;0,51;0,000;0,0;0,00;0,049
813;27.06.2023;12:18:18;00:13:32;250,0;17,6;18,6;17,4;20,0;20,0;0,0;0,2;1,81E-1;-541,2;20,00;3,0;3,0;48,04;0,51;0,000;0,0;0,01;0,049
814;27.06.2023;12:18:19;00:13:33;250,0;17,6;18,6;17,4;20,0;20,0;0,0;0,2;1,79E-1;-541,2;20,00;3,0;3,0;48,04;0,51;0,000;0,0;0,01;0,049
815;27.06.2023;12:18:20;00:13:34;250,0;17,6;18,6;17,5;20,0;20,0;0,0;0,2;1,78E-1;-541,2;20,00;3,0;3,0;48,04;0,51;-0,001;0,0;0,01;0,049
816;27.06.2023;12:18:21;00:13:35;250,0;17,6;18,6;17,5;20,0;20,0;0,0;0,2;1,76E-1;-541,2;20,00;3,0;3,0;48,04;0,51;0,000;0,0;0,01;0,049
817;27.06.2023;12:18:22;00:13:36;250,0;17,6;18,6;17,5;20,0;20,0;0,0;0,2;1,74E-1;-541,2;20,00;3,0;3,0;48,04;0,51;0,003;0,0;0,01;0,049
818;27.06.2023;12:18:23;00:13:37;250,0;17,6;18,6;17,5;20,0;20,0;0,0;0,2;1,73E-1;-541,2;20,00;3,0;3,1;48,04;0,51;0,003;0,0;0,01;0,049
819;27.06.2023;12:18:24;00:13:38;250,0;17,6;18,6;17,5;20,0;20,0;0,0;0,2;1,71E-1;-541,2;20,00;3,0;3,0;48,04;0,51;0,002;0,0;0,01;0,049
820;27.06.2023;12:18:25;00:13:39;250,0;17,6;18,6;17,5;20,0;20,0;0,0;0,2;1,69E-1;-541,2;20,00;3,0;3,0;48,04;0,51;0,001;0,0;0,00;0,049
821;27.06.2023;12:18:26;00:13:40;250,0;17,6;18,6;17,5;20,0;20,0;0,0;0,2;1,68E-1;-541,2;20,00;3,0;3,0;48,04;0,51;0,001;0,0;0,01;0,049
822;27.06.2023;12:18:27;00:13:41;250,0;17,6;18,7;17,5;20,0;20,0;0,0;0,2;1,67E-1;-541,2;20,00;3,0;3,0;48,04;0,51;-0,001;0,0;0,01;0,049
823;27.06.2023;12:18:28;00:13:42;250,0;17,6;18,7;17,5;19,9;20,0;0,0;0,2;1,65E-1;-541,2;20,00;3,0;3,0;48,04;0,51;0,000;0,0;0,00;0,049
824;27.06.2023;12:18:29;00:13:43;250,0;17,6;18,6;17,4;19,9;20,0;0,0;0,2;1,65E-1;-541,2;20,00;3,0;3,0;48,04;0,51;0,001;0,0;0,01;0,049
825;27.06.2023;12:18:30;00:13:44;250,0;17,6;18,6;17,4;19,9;20,0;0,0;0,2;1,63E-1;-541,2;20,00;3,0;3,0;48,04;0,51;0,000;0,0;0,01;0,049
826;27.06.2023;12:18:31;00:13:45;250,0;17,6;18,6;17,4;19,9;20,0;0,0;0,2;1,63E-1;-541,2;20,00;3,0;3,0;48,04;0,51;-0,001;0,0;0,01;0,049
827;27.06.2023;12:18:32;00:13:46;250,0;17,6;18,6;17,4;19,9;20,0;0,0;0,2;1,61E-1;-541,2;20,00;3,0;3,0;48,04;0,51;0,000;0,0;0,00;0,049
828;27.06.2023;12:18:33;00:13:47;250,0;17,6;18,6;17,4;19,9;20,0;0,0;0,2;1,60E-1;-541,2;20,00;3,0;3,0;48,04;0,51;0,000;0,0;0,01;0,049
829;27.06.2023;12:18:34;00:13:48;250,0;17,6;18,6;17,4;19,9;20,0;0,0;0,2;1,60E-1;-541,2;20,00;3,0;3,0;48,04;0,51;0,001;0,0;0,00;0,049
830;27.06.2023;12:18:35;00:13:49;250,0;17,6;18,6;17,4;19,9;20,0;0,0;0,2;1,58E-1;-541,2;20,00;3,0;3,0;48,04;0,51;0,002;0,0;0,01;0,049
831;27.06.2023;12:18:36;00:13:50;250,0;17,6;18,6;17,5;19,9;20,0;0,0;0,2;1,57E-1;-541,2;20,00;3,0;3,0;48,04;0,51;0,002;0,0;0,00;0,049
832;27.06.2023;12:18:37;00:13:51;250,0;17,6;18,6;17,5;19,9;20,0;0,0;0,2;1,57E-1;-541,2;20,00;3,0;3,0;48,04;0,51;0,000;0,0;0,01;0,049
833;27.06.2023;12:18:38;00:13:52;250,0;17,6;18,6;17,5;20,0;20,0;0,0;0,2;1,56E-1;-541,2;20,00;3,0;3,0;48,04;0,51;0,000;0,0;0,01;0,049
834;27.06.2023;12:18:39;00:13:53;250,0;17,6;18,6;17,5;20,0;20,0;0,0;0,2;1,55E-1;-541,2;20,00;3,0;3,0;48,04;0,51;0,001;0,0;0,00;0,049
835;27.06.2023;12:18:40;00:13:54;250,0;17,6;18,6;17,5;20,0;20,0;0,0;0,2;1,54E-1;-541,2;20,00;3,0;3,0;48,04;0,51;-0,003;0,0;0,00;0,049
836;27.06.2023;12:18:41;00:13:55;250,0;17,6;18,6;17,5;20,0;20,0;0,0;0,2;1,53E-1;-541,2;20,00;3,0;3,0;48,04;0,51;-0,003;0,0;0,01;0,049
837;27.06.2023;12:18:42;00:13:56;250,0;17,6;18,6;17,5;20,0;20,0;0,0;0,2;1,53E-1;-541,2;20,00;3,0;2,9;48,04;0,51;-0,002;0,0;0,01;0,049
838;27.06.2023;12:18:43;00:13:57;250,0;17,6;18,6;17,5;20,0;20,0;0,0;0,2;1,52E-1;-541,2;20,00;3,0;3,0;48,04;0,51;-0,001;0,0;0,01;0,049
839;27.06.2023;12:18:44;00:13:58;250,0;17,6;18,6;17,5;20,0;20,0;0,0;0,2;1,51E-1;-541,2;20,00;3,0;3,0;48,04;0,51;0,000;0,0;0,01;0,049
840;27.06.2023;12:18:45;00:13:59;250,0;17,6;18,6;17,5;20,0;20,0;0,0;0,2;1,51E-1;-541,2;20,00;3,0;3,0;48,04;0,51;0,001;0,0;0,01;0,049
841;27.06.2023;12:18:46;00:14:00;250,0;17,6;18,6;17,5;20,0;20,0;0,0;0,2;1,50E-1;-541,2;20,00;3,0;3,0;48,04;0,51;0,000;0,0;0,00;0,049
842;27.06.2023;12:18:47;00:14:01;250,0;17,6;18,6;17,5;20,0;20,0;0,0;0,1;1,49E-1;-541,2;20,00;3,0;3,0;48,04;0,51;0,000;0,0;0,00;0,049
843;27.06.2023;12:18:48;00:14:02;250,0;17,6;18,6;17,5;20,0;20,0;0,0;0,1;1,49E-1;-541,2;20,00;3,0;3,0;48,04;0,51;0,002;0,0;0,01;0,049
844;27.06.2023;12:18:49;00:14:03;250,0;17,6;18,5;17,4;19,9;20,0;0,0;0,1;1,48E-1;-541,2;20,00;3,0;3,0;48,04;0,51;0,000;0,0;0,00;0,049
845;27.06.2023;12:18:50;00:14:04;250,0;17,5;18,5;17,4;19,9;20,0;0,0;0,1;1,47E-1;-541,2;20,00;3,0;3,0;48,04;0,51;0,001;0,0;0,00;0,049
846;27.06.2023;12:18:51;00:14:05;250,0;17,5;18,5;17,4;19,9;20,0;0,0;0,1;1,47E-1;-541,2;20,00;3,0;3,0;48,04;0,51;0,001;0,0;0,01;0,049
847;27.06.2023;12:18:52;00:14:06;250,1;17,6;18,5;17,4;19,9;20,0;0,0;0,1;1,46E-1;-541,2;20,00;3,0;3,0;48,04;0,51;0,002;0,0;0,01;0,049
848;27.06.2023;12:18:53;00:14:07;250,0;17,6;18,5;17,4;19,9;20,0;0,0;0,1;1,46E-1;-541,2;20,00;3,0;3,0;48,04;0,51;0,001;0,0;0,00;0,049
849;27.06.2023;12:18:54;00:14:08;250,0;17,6;18,5;17,5;19,9;20,0;0,0;0,1;1,45E-1;-541,2;20,00;3,0;3,0;48,04;0,51;0,001;0,0;0,00;0,049
850;27.06.2023;12:18:55;00:14:09;250,0;17,6;18,5;17,5;19,9;20,0;0,0;0,1;1,45E-1;-541,2;20,00;3,0;3,0;48,04;0,51;-0,001;0,0;0,01;0,049
851;27.06.2023;12:18:56;00:14:10;250,0;17,6;18,5;17,5;19,9;20,0;0,0;0,1;1,44E-1;-541,2;20,00;3,0;3,0;48,04;0,51;-0,001;0,0;0,01;0,049
852;27.06.2023;12:18:57;00:14:11;250,0;17,6;18,5;17,5;19,9;20,0;0,0;0,1;1,44E-1;-541,2;20,00;3,0;3,0;48,04;0,51;0,000;0,0;0,01;0,049
853;27.06.2023;12:18:58;00:14:12;250,0;17,6;18,5;17,5;19,9;20,0;0,0;0,1;1,43E-1;-541,2;20,00;3,0;3,0;48,04;0,51;0,001;0,0;0,00;0,049
854;27.06.2023;12:18:59;00:14:13;250,0;17,6;18,5;17,5;19,9;20,0;0,0;0,1;1,43E-1;-541,2;20,00;3,0;3,0;48,04;0,51;-0,001;0,0;0,01;0,049
855;27.06.2023;12:19:00;00:14:14;250,0;17,6;18,5;17,5;19,9;20,0;0,0;0,1;1,42E-1;-541,2;20,00;3,0;3,0;48,04;0,51;-0,001;0,0;0,00;0,049
856;27.06.2023;12:19:01;00:14:15;250,0;17,6;18,5;17,5;19,9;20,0;0,0;0,1;1,42E-1;-541,2;20,00;3,0;3,0;48,04;0,51;0,001;0,0;0,01;0,049
857;27.06.2023;12:19:02;00:14:16;250,0;17,6;18,5;17,5;19,9;20,0;0,0;0,1;1,41E-1;-541,2;20,00;3,0;3,0;48,04;0,51;-0,001;0,0;0,00;0,049
858;27.06.2023;12:19:03;00:14:17;250,0;17,6;18,5;17,5;19,9;20,0;0,0;0,1;1,41E-1;-541,2;20,00;3,0;3,0;48,04;0,51;0,002;0,0;0,00;0,049
859;27.06.2023;12:19:04;00:14:18;250,0;17,6;18,5;17,5;20,0;20,0;0,0;0,1;1,40E-1;-541,2;20,00;3,0;3,0;48,04;0,51;-0,002;0,0;0,01;0,049
860;27.06.2023;12:19:05;00:14:19;250,0;17,6;18,5;17,5;20,0;20,0;0,0;0,1;1,40E-1;-541,2;20,00;3,0;3,0;48,04;0,51;-0,001;0,0;0,00;0,049
861;27.06.2023;12:19:06;00:14:20;250,0;17,6;18,5;17,5;20,0;20,0;0,0;0,1;1,40E-1;-541,2;20,00;3,0;3,0;48,04;0,51;0,000;0,0;0,00;0,049
862;27.06.2023;12:19:07;00:14:21;250,0;17,6;18,5;17,5;20,0;20,0;0,0;0,1;1,39E-1;-541,2;20,00;3,0;3,0;48,04;0,51;0,003;0,0;0,01;0,049
863;27.06.2023;12:19:08;00:14:22;250,0;17,6;18,5;17,5;20,0;20,0;0,0;0,1;1,39E-1;-541,2;20,00;3,0;3,0;48,04;0,51;0,001;0,0;0,01;0,049
864;27.06.2023;12:19:09;00:14:23;250,0;17,6;18,5;17,5;19,9;20,0;0,0;0,1;1,38E-1;-541,2;20,00;3,0;3,0;48,04;0,51;0,002;0,0;0,01;0,049
865;27.06.2023;12:19:10;00:14:24;250,0;17,6;18,5;17,5;19,9;20,0;0,0;0,1;1,38E-1;-541,2;20,00;3,0;3,0;48,04;0,51;0,001;0,0;0,01;0,049
866;27.06.2023;12:19:11;00:14:25;250,0;17,6;18,5;17,5;19,9;20,0;0,0;0,1;1,38E-1;-541,2;20,00;3,0;3,0;48,04;0,51;0,004;0,0;0,01;0,049
867;27.06.2023;12:19:12;00:14:26;250,0;17,6;18,5;17,5;19,9;20,0;0,0;0,1;1,37E-1;-541,2;20,00;3,0;3,0;48,04;0,51;0,003;0,0;0,00;0,049
868;27.06.2023;12:19:13;00:14:27;250,0;17,6;18,5;17,5;19,9;20,0;0,0;0,1;1,37E-1;-541,2;20,00;3,0;3,0;48,04;0,51;0,003;0,0;0,00;0,049
869;27.06.2023;12:19:14;00:14:28;250,0;17,6;18,5;17,5;19,9;20,0;0,0;0,1;1,36E-1;-541,2;20,00;3,0;3,0;48,04;0,51;0,004;0,0;0,01;0,049
870;27.06.2023;12:19:15;00:14:29;250,0;17,6;18,5;17,5;19,9;20,0;0,0;0,1;1,36E-1;-541,2;20,00;3,0;3,0;48,04;0,51;0,003;0,0;0,00;0,049
871;27.06.2023;12:19:16;00:14:30;250,0;17,6;18,5;17,5;19,9;20,0;0,0;0,1;1,36E-1;-541,2;20,00;3,0;3,0;48,04;0,51;0,002;0,0;0,00;0,049
872;27.06.2023;12:19:17;00:14:31;250,0;17,6;18,5;17,5;19,9;20,0;0,0;0,1;1,35E-1;-541,2;20,00;3,0;3,0;48,04;0,51;0,003;0,0;0,01;0,049
873;27.06.2023;12:19:18;00:14:32;250,0;17,6;18,5;17,5;19,9;20,0;0,0;0,1;1,35E-1;-541,2;20,00;3,0;3,0;48,04;0,51;0,002;0,0;0,00;0,049
874;27.06.2023;12:19:19;00:14:33;250,0;17,6;18,5;17,5;19,9;20,0;0,0;0,1;1,35E-1;-541,2;20,00;3,0;3,0;48,04;0,51;0,000;0,0;0,01;0,049
875;27.06.2023;12:19:20;00:14:34;250,0;17,6;18,5;17,5;19,9;20,0;0,0;0,1;1,34E-1;-541,2;20,00;3,0;3,0;48,04;0,51;0,000;0,0;0,01;0,049
876;27.06.2023;12:19:21;00:14:35;250,0;17,6;18,5;17,5;19,9;20,0;0,0;0,1;1,34E-1;-541,2;20,00;3,0;3,0;48,04;0,51;0,001;0,0;0,01;0,049
877;27.06.2023;12:19:22;00:14:36;250,0;17,6;18,5;17,5;19,9;20,0;0,0;0,1;1,34E-1;-541,2;20,00;3,0;3,0;48,04;0,51;-0,001;0,0;0,01;0,049
878;27.06.2023;12:19:23;00:14:37;250,0;17,6;18,5;17,5;19,9;20,0;0,0;0,1;1,33E-1;-541,2;20,00;3,0;3,0;48,04;0,51;0,001;0,0;0,00;0,049
879;27.06.2023;12:19:24;00:14:38;250,0;17,6;18,5;17,5;20,0;20,0;0,0;0,1;1,33E-1;-541,2;20,00;3,0;3,0;48,04;0,51;0,000;0,0;0,00;0,049
880;27.06.2023;12:19:25;00:14:39;250,0;17,6;18,5;17,5;20,0;20,0;0,0;0,1;1,33E-1;-541,2;20,00;3,0;3,0;48,04;0,51;0,001;0,0;0,00;0,049
881;27.06.2023;12:19:26;00:14:40;250,0;17,6;18,5;17,5;20,0;20,0;0,0;0,1;1,32E-1;-541,2;20,00;3,0;3,0;48,04;0,51;-0,001;0,0;0,01;0,049
882;27.06.2023;12:19:27;00:14:41;250,0;17,6;18,5;17,5;20,0;20,0;0,0;0,1;1,32E-1;-541,2;20,00;3,0;3,0;48,04;0,51;-0,004;0,0;0,00;0,049
883;27.06.2023;12:19:28;00:14:42;250,0;17,6;18,5;17,6;20,0;20,0;0,0;0,1;1,32E-1;-541,2;20,00;3,0;3,0;48,04;0,51;0,000;0,0;0,01;0,049
884;27.06.2023;12:19:29;00:14:43;250,0;17,6;18,5;17,5;20,0;20,0;0,0;0,1;1,32E-1;-541,2;20,00;3,0;3,0;48,04;0,51;0,000;0,0;0,01;0,049
885;27.06.2023;12:19:30;00:14:44;250,0;17,6;18,5;17,5;20,0;20,0;0,0;0,1;1,31E-1;-541,2;20,00;3,0;3,0;48,04;0,51;0,002;0,0;0,01;0,049
886;27.06.2023;12:19:31;00:14:45;250,0;17,6;18,5;17,5;20,0;20,0;0,0;0,1;1,31E-1;-541,2;20,00;3,0;3,0;48,04;0,51;-0,001;0,0;0,00;0,049
887;27.06.2023;12:19:32;00:14:46;250,0;17,6;18,5;17,6;20,0;20,0;0,0;0,1;1,31E-1;-541,2;20,00;3,0;3,0;48,04;0,51;0,000;0,0;0,01;0,049
888;27.06.2023;12:19:33;00:14:47;250,0;17,6;18,5;17,6;20,0;20,0;0,0;0,1;1,31E-1;-541,2;20,00;3,0;3,0;48,04;0,51;-0,002;0,0;0,01;0,049
889;27.06.2023;12:19:34;00:14:48;250,0;17,6;18,5;17,6;20,0;20,0;0,0;0,1;1,30E-1;-541,2;20,00;3,0;3,0;48,04;0,51;0,002;0,0;0,00;0,049
890;27.06.2023;12:19:35;00:14:49;250,0;17,6;18,5;17,6;20,0;20,0;0,0;0,1;1,30E-1;-541,2;20,00;3,0;3,0;48,04;0,51;0,001;0,0;0,01;0,049
891;27.06.2023;12:19:36;00:14:50;250,0;17,6;18,5;17,6;20,0;20,0;0,0;0,1;1,30E-1;-541,2;20,00;3,0;3,0;48,04;0,51;-0,001;0,0;0,00;0,049
892;27.06.2023;12:19:37;00:14:51;250,0;17,6;18,5;17,6;20,0;20,0;0,0;0,1;1,30E-1;-541,2;20,00;3,0;3,0;48,04;0,51;-0,002;0,0;0,00;0,049
893;27.06.2023;12:19:38;00:14:52;250,0;17,6;18,5;17,6;20,0;20,0;0,0;0,1;1,30E-1;-541,2;20,00;3,0;3,0;48,04;0,51;-0,002;0,0;0,01;0,049
894;27.06.2023;12:19:39;00:14:53;250,0;17,6;18,5;17,6;20,0;20,0;0,0;0,1;1,29E-1;-541,2;20,00;3,0;3,0;48,04;0,51;-0,001;0,0;0,01;0,049
895;27.06.2023;12:19:40;00:14:54;250,0;17,7;18,5;17,6;20,0;20,0;0,0;0,1;1,29E-1;-541,2;20,00;3,0;3,0;48,04;0,51;0,000;0,0;0,01;0,049
896;27.06.2023;12:19:41;00:14:55;250,0;17,7;18,5;17,6;20,0;20,0;0,0;0,1;1,29E-1;-541,2;20,00;3,0;3,0;48,04;0,51;0,001;0,0;0,01;0,049
897;27.06.2023;12:19:42;00:14:56;250,0;17,7;18,5;17,6;20,0;20,2;45,0;0,1;1,28E-1;-541,2;20,00;3,0;3,0;48,04;0,51;0,003;0,0;0,01;0,049
898;27.06.2023;12:19:43;00:14:57;250,0;17,7;18,5;17,6;20,0;22,6;45,0;0,1;1,28E-1;-541,2;20,00;3,0;3,0;48,05;0,51;-0,002;1,6;6,01;0,458
899;27.06.2023;12:19:44;00:14:58;250,0;17,7;18,5;17,6;20,0;23,7;45,0;0,1;1,28E-1;-541,2;20,00;3,0;3,0;48,05;0,52;0,029;3,0;6,11;0,497
900;27.06.2023;12:19:45;00:14:59;250,0;18,6;18,5;17,6;20,2;26,0;45,0;0,1;1,28E-1;-541,2;20,00;3,0;3,0;48,05;0,52;0,056;3,1;6,05;0,520
901;27.06.2023;12:19:46;00:15:00;250,0;18,6;18,5;17,6;20,2;28,2;45,0;0,1;1,29E-1;-541,2;20,00;3,0;3,0;48,05;0,52;0,056;3,2;6,05;0,527
902;27.06.2023;12:19:47;00:15:01;250,0;18,6;18,6;17,6;20,2;29,3;45,0;0,1;1,29E-1;-541,2;20,00;3,0;3,0;48,05;0,52;0,053;3,2;6,03;0,534
903;27.06.2023;12:19:48;00:15:02;250,0;24,3;18,6;17,6;20,4;31,6;45,0;0,1;1,29E-1;-541,2;20,00;3,0;3,0;48,05;0,52;0,037;3,3;6,02;0,542
904;27.06.2023;12:19:49;00:15:03;250,1;24,2;18,7;17,6;20,3;32,9;45,0;0,1;1,29E-1;-541,2;20,00;3,0;3,0;48,05;0,52;0,029;3,3;6,02;0,547
905;27.06.2023;12:19:50;00:15:04;250,0;38,4;18,7;17,6;20,6;35,1;45,0;0,1;1,29E-1;-541,2;20,00;3,0;3,0;48,05;0,52;0,026;3,3;5,99;0,552
906;27.06.2023;12:19:51;00:15:05;250,0;38,4;18,7;17,6;20,6;37,4;45,0;0,1;1,29E-1;-541,2;20,00;3,0;3,0;48,05;0,52;0,014;3,3;6,00;0,557
907;27.06.2023;12:19:52;00:15:06;250,0;59,5;18,9;17,7;20,8;38,5;45,0;0,1;1,29E-1;-541,2;20,00;3,0;3,0;48,05;0,52;0,013;3,3;5,96;0,562
908;27.06.2023;12:19:53;00:15:07;250,0;59,5;19,2;17,7;20,8;40,7;45,0;0,1;1,29E-1;-541,2;20,00;3,0;3,0;48,05;0,52;0,004;3,4;5,98;0,567
909;27.06.2023;12:19:54;00:15:08;250,0;86,2;19,2;17,7;21,0;43,0;45,0;0,1;1,29E-1;-541,2;20,00;3,0;3,0;48,05;0,52;0,002;3,4;5,93;0,571
910;27.06.2023;12:19:55;00:15:09;250,1;86,2;19,2;17,7;21,0;44,3;45,0;0,1;1,29E-1;-541,2;20,00;3,0;3,0;48,05;0,52;0,003;3,4;5,91;0,576
911;27.06.2023;12:19:56;00:15:10;250,1;114,7;19,7;17,9;21,1;46,5;45,0;0,1;1,29E-1;-541,2;20,00;3,0;3,0;48,05;0,52;-0,001;3,4;5,94;0,578
912;27.06.2023;12:19:57;00:15:11;250,2;114,7;20,1;18,0;21,1;48,7;45,0;0,1;1,29E-1;-541,2;20,00;3,0;3,0;48,05;0,52;-0,002;3,5;5,96;0,584
913;27.06.2023;12:19:58;00:15:12;250,2;140,7;20,1;18,0;21,1;49,9;45,0;0,1;1,29E-1;-541,2;20,00;3,0;3,0;48,05;0,52;-0,002;3,5;5,96;0,586
914;27.06.2023;12:19:59;00:15:13;250,2;140,7;20,1;18,0;21,2;52,1;45,0;0,1;1,28E-1;-541,2;20,00;3,0;3,0;48,05;0,52;0,000;3,5;5,90;0,589
915;27.06.2023;12:20:00;00:15:14;250,0;165,6;20,7;18,2;21,2;54,3;45,0;0,1;1,28E-1;-541,2;20,00;3,0;3,0;48,05;0,52;0,001;3,5;5,91;0,591
916;27.06.2023;12:20:01;00:15:15;250,2;165,6;21,2;18,4;21,2;55,7;45,0;0,1;1,28E-1;-541,2;20,00;3,0;3,0;48,05;0,52;0,000;3,5;5,91;0,595
917;27.06.2023;12:20:02;00:15:16;250,1;189,1;21,2;18,4;21,3;57,9;45,0;0,1;1,27E-1;-541,2;20,00;3,0;3,0;48,05;0,52;-0,002;3,5;5,91;0,596
918;27.06.2023;12:20:03;00:15:17;250,0;189,1;21,8;18,4;21,3;59,0;45,0;0,1;1,27E-1;-541,2;20,00;3,0;3,0;48,05;0,52;0,001;3,5;5,91;0,600
919;27.06.2023;12:20:04;00:15:18;250,0;211,4;21,8;18,7;21,4;61,3;45,0;0,1;1,27E-1;-541,2;20,00;3,0;3,0;48,05;0,52;0,000;3,6;5,90;0,601
920;27.06.2023;12:20:05;00:15:19;250,2;232,6;22,3;18,9;21,4;63,5;45,0;0,1;1,26E-1;-541,2;20,00;3,0;3,0;48,05;0,52;0,003;3,6;5,91;0,606
921;27.06.2023;12:20:06;00:15:20;250,1;232,6;22,3;18,9;21,4;64,6;45,0;0,1;1,26E-1;-541,2;20,00;3,0;3,0;48,05;0,52;0,004;3,6;5,91;0,606
922;27.06.2023;12:20:07;00:15:21;250,2;232,6;22,9;19,2;21,4;67,0;45,0;0,1;1,26E-1;-541,2;20,00;3,0;3,0;48,05;0,52;0,004;3,6;5,90;0,609
923;27.06.2023;12:20:08;00:15:22;250,2;252,9;22,9;19,2;21,4;69,3;45,0;0,1;1,25E-1;-541,2;20,00;3,0;3,0;48,05;0,52;0,001;3,6;5,92;0,611
924;27.06.2023;12:20:09;00:15:23;250,0;252,9;23,5;19,2;21,4;70,4;45,0;0,1;1,25E-1;-541,2;20,00;3,0;3,0;48,05;0,51;0,004;3,6;5,92;0,611
925;27.06.2023;12:20:10;00:15:24;250,2;273,7;23,5;19,5;21,5;72,6;45,0;0,1;1,25E-1;-541,2;20,00;3,0;3,0;48,05;0,52;-0,001;3,6;5,91;0,615
926;27.06.2023;12:20:11;00:15:25;250,1;273,7;24,1;19,5;21,5;74,9;45,0;0,1;1,24E-1;-541,2;20,00;3,0;3,0;48,05;0,52;0,002;3,6;5,90;0,615
927;27.06.2023;12:20:12;00:15:26;250,1;293,7;24,1;19,9;21,5;76,0;45,0;0,1;1,24E-1;-541,2;20,00;3,0;3,0;48,05;0,52;0,003;3,6;5,89;0,618
928;27.06.2023;12:20:13;00:15:27;250,0;293,7;24,1;19,9;21,5;78,4;45,0;0,1;1,24E-1;-541,2;20,00;3,0;3,0;48,05;0,52;0,002;3,6;5,90;0,621
929;27.06.2023;12:20:14;00:15:28;250,1;293,7;24,7;20,2;21,5;79,5;45,0;0,1;1,24E-1;-541,2;20,00;3,0;3,0;48,05;0,52;0,006;3,7;5,89;0,623
930;27.06.2023;12:20:15;00:15:29;250,1;313,6;24,7;20,2;21,5;81,8;45,0;0,1;1,23E-1;-541,2;20,00;3,0;3,0;48,05;0,52;0,004;3,7;5,89;0,621
931;27.06.2023;12:20:16;00:15:30;250,0;332,9;25,4;20,6;21,5;301,7;42,2;0,1;1,23E-1;-541,2;20,00;3,0;3,0;48,05;0,52;0,013;3,5;5,76;0,601
932;27.06.2023;12:20:17;00:15:31;250,2;332,9;25,4;20,6;21,6;302,6;42,2;0,1;1,23E-1;-541,2;20,00;3,0;3,0;48,05;0,52;0,013;3,4;5,73;0,596
933;27.06.2023;12:20:18;00:15:32;250,0;350,3;25,9;21,0;21,6;304,2;41,6;0,1;1,22E-1;-541,2;20,00;3,0;3,0;48,06;0,53;0,048;3,4;5,74;0,597
934;27.06.2023;12:20:19;00:15:33;250,1;350,3;26,5;21,0;21,6;306,1;40,9;0,1;1,22E-1;-541,2;20,00;3,0;3,0;48,07;0,54;0,120;3,3;5,60;0,586
935;27.06.2023;12:20:20;00:15:34;250,0;367,1;26,5;21,4;21,6;306,9;39,6;0,1;1,22E-1;-541,2;20,00;3,0;3,0;48,07;0,55;0,196;3,3;5,64;0,586
936;27.06.2023;12:20:21;00:15:35;250,0;367,1;27,0;21,8;21,6;308,6;39,6;0,1;1,22E-1;-541,2;20,00;3,0;3,0;48,10;0,57;0,376;3,2;5,57;0,576
937;27.06.2023;12:20:22;00:15:36;250,0;382,6;27,0;21,8;21,6;310,3;38,4;0,1;1,21E-1;-541,2;20,00;3,0;3,0;48,12;0,59;0,587;3,2;5,59;0,576
938;27.06.2023;12:20:23;00:15:37;250,1;382,6;27,0;21,8;21,6;311,2;38,4;0,1;1,21E-1;-541,2;20,00;3,0;3,0;48,14;0,60;0,705;3,1;5,50;0,567
939;27.06.2023;12:20:24;00:15:38;250,0;397,5;27,5;22,2;21,7;312,9;37,1;0,1;1,21E-1;-541,2;20,00;3,0;3,0;48,17;0,64;0,951;3,1;5,46;0,562
940;27.06.2023;12:20:25;00:15:39;250,1;411,5;28,0;22,7;21,7;314,7;36,1;0,1;1,20E-1;-541,2;20,00;3,0;3,0;48,20;0,67;1,166;3,0;5,42;0,556
941;27.06.2023;12:20:26;00:15:40;250,2;411,5;28,0;22,7;21,7;315,6;36,0;0,1;1,20E-1;-541,2;20,00;3,0;3,0;48,22;0,69;1,248;3,0;5,40;0,547
942;27.06.2023;12:20:27;00:15:41;250,1;411,5;28,4;22,7;21,7;317,3;36,1;0,1;1,20E-1;-541,2;20,00;3,0;3,0;48,26;0,73;1,434;2,9;5,36;0,547
943;27.06.2023;12:20:28;00:15:42;250,0;424,6;28,4;23,1;21,7;318,1;35,1;0,1;1,20E-1;-541,2;20,00;3,0;3,0;48,28;0,74;1,527;2,9;5,39;0,547
944;27.06.2023;12:20:29;00:15:43;250,1;424,6;28,3;23,0;21,7;319,8;35,0;0,1;1,19E-1;-541,2;20,00;3,0;3,0;48,32;0,79;1,684;2,9;5,33;0,537
945;27.06.2023;12:20:30;00:15:44;250,0;437,4;28,7;23,4;21,6;321,5;34,0;0,1;1,19E-1;-541,2;20,00;3,0;3,0;48,37;0,83;1,836;2,8;5,34;0,537
946;27.06.2023;12:20:31;00:15:45;250,1;437,4;28,7;23,4;21,6;322,5;33,9;0,1;1,19E-1;-541,2;20,00;3,0;3,0;48,40;0,86;1,919;2,8;5,24;0,529
947;27.06.2023;12:20:32;00:15:46;250,1;449,4;29,1;23,8;21,6;324,2;32,9;0,1;1,19E-1;-541,2;20,00;3,0;3,0;48,44;0,91;2,020;2,7;5,20;0,523
948;27.06.2023;12:20:33;00:15:47;250,1;449,4;29,5;23,8;21,7;325,9;32,9;0,1;1,18E-1;-541,2;20,00;3,0;3,0;48,49;0,95;2,139;2,7;5,21;0,520
949;27.06.2023;12:20:34;00:15:48;250,1;460,5;29,5;24,3;21,7;326,8;33,0;0,1;1,18E-1;-541,2;20,00;3,0;3,0;48,51;0,97;2,184;2,7;5,21;0,520
950;27.06.2023;12:20:35;00:15:49;250,0;460,5;29,5;24,3;21,7;328,5;32,0;0,1;1,18E-1;-541,2;20,00;3,0;2,9;48,56;1,03;2,242;2,6;5,14;0,512
951;27.06.2023;12:20:36;00:15:50;250,0;470,7;29,9;24,7;21,8;330,2;31,1;0,1;1,17E-1;-541,2;20,00;3,0;3,0;48,61;1,08;2,299;2,6;5,13;0,503
952;27.06.2023;12:20:37;00:15:51;250,0;470,7;30,2;25,1;21,8;331,2;31,2;0,1;1,17E-1;-541,2;20,00;3,0;2,9;48,64;1,10;2,334;2,6;5,08;0,505
953;27.06.2023;12:20:38;00:15:52;250,0;479,4;30,2;25,1;21,8;332,9;30,5;0,1;1,17E-1;-541,2;20,00;3,0;3,0;48,69;1,15;2,387;2,6;5,13;0,504
954;27.06.2023;12:20:39;00:15:53;250,3;479,4;30,5;25,4;21,8;334,6;30,4;0,1;1,17E-1;-541,2;20,00;3,0;3,0;48,73;1,20;2,421;2,5;5,04;0,498
955;27.06.2023;12:20:40;00:15:54;250,1;487,4;30,5;25,4;21,7;335,4;29,7;0,1;1,16E-1;-541,2;20,00;3,0;3,0;48,76;1,23;2,433;2,5;5,01;0,495
956;27.06.2023;12:20:41;00:15:55;250,1;494,8;30,7;25,8;21,7;337,1;29,4;0,1;1,16E-1;-541,2;20,00;3,0;2,9;48,81;1,28;2,456;2,4;4,98;0,491
957;27.06.2023;12:20:42;00:15:56;250,0;494,8;30,7;25,8;21,7;338,0;29,1;0,1;1,16E-1;-541,2;20,00;3,0;3,0;48,84;1,30;2,465;2,4;4,96;0,487
958;27.06.2023;12:20:43;00:15:57;250,0;494,8;30,7;25,8;21,7;339,8;29,1;0,1;1,15E-1;-541,2;20,00;3,0;3,0;48,89;1,36;2,484;2,4;4,95;0,484
959;27.06.2023;12:20:44;00:15:58;250,2;501,5;30,9;26,1;21,7;341,5;28,5;0,1;1,15E-1;-541,2;20,00;3,0;3,0;48,94;1,41;2,482;2,4;4,92;0,479
960;27.06.2023;12:20:45;00:15:59;250,3;501,5;31,1;26,1;21,7;342,4;28,5;0,1;1,15E-1;-541,2;20,00;3,0;3,0;48,96;1,43;2,467;2,4;4,92;0,479
961;27.06.2023;12:20:46;00:16:00;250,1;507,7;31,1;26,4;21,8;344,1;28,0;0,1;1,15E-1;-541,2;20,00;3,0;3,0;49,01;1,48;2,444;2,3;4,84;0,474
962;27.06.2023;12:20:47;00:16:01;250,2;507,7;31,3;26,4;21,8;345,8;28,0;0,1;1,14E-1;-541,2;20,00;3,0;3,0;49,06;1,52;2,410;2,3;4,93;0,474
963;27.06.2023;12:20:48;00:16:02;250,3;513,4;31,3;26,8;21,8;346,6;27,5;0,1;1,14E-1;-541,2;20,00;3,0;3,0;49,08;1,54;2,394;2,3;4,85;0,474
964;27.06.2023;12:20:49;00:16:03;250,0;513,3;31,4;26,7;21,8;348,4;27,5;0,1;1,14E-1;-541,2;20,00;3,0;3,0;49,13;1,59;2,334;2,3;4,84;0,469
965;27.06.2023;12:20:50;00:16:04;250,0;518,8;31,4;27,0;21,9;350,1;27,0;0,1;1,14E-1;-541,2;20,00;3,0;3,0;49,17;1,63;2,285;2,3;4,86;0,469
966;27.06.2023;12:20:51;00:16:05;250,1;518,8;31,4;27,0;21,9;351,0;27,0;0,1;1,14E-1;-541,2;20,00;3,0;3,0;49,19;1,66;2,269;2,2;4,79;0,464
967;27.06.2023;12:20:52;00:16:06;250,1;523,8;31,5;27,3;21,9;352,7;26,6;0,1;1,13E-1;-541,2;20,00;3,0;3,0;49,23;1,70;2,227;2,2;4,81;0,464
968;27.06.2023;12:20:53;00:16:07;250,2;523,8;31,5;27,3;21,9;353,5;26,6;0,1;1,13E-1;-541,2;20,00;3,0;3,0;49,25;1,72;2,197;2,2;4,81;0,459
969;27.06.2023;12:20:54;00:16:08;250,1;528,4;31,7;27,6;21,9;355,2;26,6;0,1;1,13E-1;-541,2;20,00;3,0;3,0;49,29;1,76;2,155;2,2;4,80;0,461
970;27.06.2023;12:20:55;00:16:09;250,0;528,4;31,7;27,6;21,9;357,1;26,1;0,1;1,13E-1;-541,2;20,00;3,0;3,1;49,33;1,80;2,090;2,2;4,77;0,455
971;27.06.2023;12:20:56;00:16:10;250,1;532,6;31,8;27,8;21,9;357,9;25,8;0,1;1,13E-1;-541,2;20,00;3,0;3,0;49,36;1,82;2,058;2,2;4,72;0,455
972;27.06.2023;12:20:57;00:16:11;250,1;532,6;31,9;28,1;21,9;359,6;25,8;0,1;1,13E-1;-541,2;20,00;3,0;3,0;49,39;1,86;2,014;2,1;4,70;0,452
973;27.06.2023;12:20:58;00:16:12;250,1;536,1;31,9;28,1;22,0;361,3;25,5;0,1;1,12E-1;-541,2;20,00;3,0;3,0;49,43;1,89;1,966;2,1;4,75;0,454
974;27.06.2023;12:20:59;00:16:13;250,0;536,1;31,9;28,1;22,0;362,2;25,5;0,1;1,12E-1;-541,2;20,00;3,0;3,0;49,44;1,91;1,949;2,1;4,75;0,449
975;27.06.2023;12:21:00;00:16:14;250,1;539,5;31,9;28,3;22,0;363,9;25,2;0,1;1,12E-1;-541,2;20,00;3,0;2,9;49,48;1,95;1,893;2,1;4,72;0,449
976;27.06.2023;12:21:01;00:16:15;250,0;539,5;32,0;28,3;22,0;365,7;25,2;0,1;1,12E-1;-541,2;20,00;3,0;3,0;49,51;1,98;1,830;2,1;4,69;0,448
977;27.06.2023;12:21:02;00:16:16;250,1;542,5;32,0;28,5;22,0;366,6;25,1;0,1;1,12E-1;-541,2;20,00;3,0;3,0;49,53;2,00;1,808;2,1;4,71;0,449
978;27.06.2023;12:21:03;00:16:17;250,1;542,5;32,0;28,5;22,0;368,3;24,9;0,1;1,11E-1;-541,2;20,00;3,0;3,0;49,56;2,03;1,751;2,1;4,66;0,444
979;27.06.2023;12:21:04;00:16:18;250,1;545,3;32,1;28,7;22,0;370,0;24,6;0,1;1,11E-1;-541,2;20,00;3,0;3,0;49,59;2,06;1,694;2,1;4,70;0,444
980;27.06.2023;12:21:05;00:16:19;250,0;545,3;32,1;28,7;22,0;370,8;24,6;0,1;1,11E-1;-541,2;20,00;3,0;3,0;49,61;2,08;1,662;2,1;4,68;0,444
981;27.06.2023;12:21:06;00:16:20;250,0;547,8;32,1;28,9;22,1;372,5;24,5;0,1;1,11E-1;-541,2;20,00;3,0;3,0;49,64;2,10;1,617;2,1;4,71;0,440
982;27.06.2023;12:21:07;00:16:21;250,2;547,8;32,1;28,9;22,1;373,4;24,4;0,1;1,11E-1;-541,2;20,00;3,0;3,0;49,66;2,12;1,594;2,0;4,66;0,440
983;27.06.2023;12:21:08;00:16:22;250,0;549,9;32,2;29,1;22,1;375,2;24,2;0,1;1,10E-1;-541,2;20,00;3,0;3,0;49,69;2,15;1,546;2,1;4,64;0,440
984;27.06.2023;12:21:09;00:16:23;250,0;549,9;32,1;29,0;22,1;376,9;24,2;0,1;1,10E-1;-541,2;20,00;3,0;3,0;49,71;2,18;1,508;2,0;4,66;0,435
985;27.06.2023;12:21:10;00:16:24;250,1;549,9;32,1;29,2;22,1;377,8;24,2;0,1;1,10E-1;-541,2;20,00;3,0;3,1;49,73;2,19;1,484;2,0;4,65;0,440
986;27.06.2023;12:21:11;00:16:25;250,0;552,0;32,1;29,2;22,1;379,5;24,0;0,1;1,10E-1;-541,2;20,00;3,0;3,0;49,75;2,22;1,423;2,0;4,63;0,435
987;27.06.2023;12:21:12;00:16:26;250,0;552,0;32,2;29,3;22,1;381,2;24,0;0,1;1,10E-1;-541,2;20,00;3,0;3,0;49,77;2,24;1,368;2,0;4,58;0,435
988;27.06.2023;12:21:13;00:16:27;250,0;553,9;32,2;29,3;22,0;382,0;23,8;0,1;1,09E-1;-541,2;20,00;3,0;3,0;49,79;2,25;1,347;2,0;4,57;0,435
989;27.06.2023;12:21:14;00:16:28;250,2;555,6;32,2;29,5;22,1;383,9;23,7;0,1;1,09E-1;-541,2;20,00;3,0;3,0;49,81;2,28;1,312;2,0;4,60;0,434
990;27.06.2023;12:21:15;00:16:29;250,1;555,6;32,2;29,5;22,1;385,6;23,7;0,1;1,09E-1;-541,2;20,00;3,0;3,1;49,84;2,31;1,260;2,0;4,62;0,431
991;27.06.2023;12:21:16;00:16:30;250,0;557,2;32,2;29,6;22,1;386,4;23,5;0,1;1,09E-1;-541,2;20,00;3,0;3,0;49,85;2,31;1,247;2,0;4,60;0,432
992;27.06.2023;12:21:17;00:16:31;250,0;557,2;32,2;29,6;22,1;388,1;23,5;0,1;1,09E-1;-541,2;20,00;3,0;3,0;49,87;2,34;1,208;2,0;4,61;0,430
993;27.06.2023;12:21:18;00:16:32;250,0;558,4;32,2;29,7;22,2;389,8;23,4;0,1;1,09E-1;-541,2;20,00;3,0;3,0;49,89;2,36;1,172;2,0;4,60;0,430
994;27.06.2023;12:21:19;00:16:33;250,0;558,4;32,2;29,7;22,2;390,7;23,4;0,1;1,08E-1;-541,2;20,00;3,0;3,0;49,90;2,37;1,153;2,0;4,57;0,430
995;27.06.2023;12:21:20;00:16:34;250,1;559,6;32,2;29,8;22,2;392,5;23,3;0,1;1,08E-1;-541,2;20,00;3,0;3,0;49,92;2,40;1,130;2,0;4,61;0,430
996;27.06.2023;12:21:21;00:16:35;250,0;559,6;32,2;29,8;22,2;393,4;23,3;0,1;1,08E-1;-541,2;20,00;3,0;3,0;49,94;2,40;1,123;2,0;4,57;0,430
997;27.06.2023;12:21:22;00:16:36;250,1;560,6;32,3;29,9;22,2;395,1;23,3;0,1;1,08E-1;-541,2;20,00;3,0;3,0;49,95;2,42;1,089;2,0;4,57;0,430
998;27.06.2023;12:21:23;00:16:37;250,1;560,6;32,3;29,9;22,2;396,8;23,2;0,1;1,08E-1;-541,2;20,00;3,0;3,0;49,98;2,44;1,047;2,0;4,56;0,430
999;27.06.2023;12:21:24;00:16:38;250,0;561,5;32,3;30,0;22,2;397,6;23,2;0,1;1,08E-1;-541,2;20,00;3,0;3,0;49,98;2,45;1,026;2,0;4,59;0,429
1000;27.06.2023;12:21:25;00:16:39;250,1;561,5;32,3;30,0;22,2;399,3;23,2;0,1;1,07E-1;-541,2;20,00;3,0;3,0;50,00;2,47;0,989;2,0;4,56;0,429
1001;27.06.2023;12:21:26;00:16:40;250,1;562,4;32,3;30,0;22,3;401,1;23,1;0,1;1,07E-1;-541,2;20,00;3,0;3,0;50,02;2,49;0,957;1,9;4,56;0,425
1002;27.06.2023;12:21:27;00:16:41;250,1;562,4;32,3;30,0;22,3;402,0;23,1;0,1;1,07E-1;-541,2;20,00;3,0;3,0;50,03;2,50;0,940;1,9;4,56;0,427
1003;27.06.2023;12:21:28;00:16:42;250,0;563,1;32,3;30,1;22,3;403,7;23,1;0,1;1,07E-1;-541,2;20,00;3,0;3,0;50,05;2,51;0,921;1,9;4,56;0,426
1004;27.06.2023;12:21:29;00:16:43;250,2;563,2;32,4;30,2;22,4;405,4;23,1;0,1;1,07E-1;-541,2;20,00;3,0;3,0;50,06;2,53;0,891;1,9;4,54;0,427
1005;27.06.2023;12:21:30;00:16:44;250,2;563,9;32,3;30,3;22,4;406,2;23,1;0,1;1,06E-1;-541,2;20,00;3,0;3,0;50,07;2,54;0,883;2,0;4,55;0,426
1006;27.06.2023;12:21:31;00:16:45;250,1;563,9;32,3;30,3;22,4;407,9;23,0;0,1;1,06E-1;-541,2;20,00;3,0;3,0;50,08;2,56;0,858;1,9;4,58;0,425
1007;27.06.2023;12:21:32;00:16:46;250,3;564,5;32,3;30,3;22,4;408,9;23,0;0,1;1,06E-1;-541,2;20,00;3,0;3,0;50,10;2,56;0,841;1,9;4,56;0,427
1008;27.06.2023;12:21:33;00:16:47;250,0;564,5;32,3;30,3;22,4;410,6;23,0;0,1;1,06E-1;-541,2;20,00;3,0;3,0;50,11;2,58;0,828;1,9;4,63;0,425
1009;27.06.2023;12:21:34;00:16:48;250,0;565,1;32,3;30,4;22,4;412,3;22,9;0,1;1,06E-1;-541,2;20,00;3,0;3,0;50,13;2,60;0,806;1,9;4,57;0,427
1010;27.06.2023;12:21:35;00:16:49;250,2;565,1;32,3;30,4;22,4;413,2;22,9;0,1;1,06E-1;-541,2;20,00;3,0;3,0;50,13;2,60;0,807;1,9;4,56;0,427
1011;27.06.2023;12:21:36;00:16:50;250,3;565,6;32,3;30,4;22,4;414,9;22,9;0,1;1,05E-1;-541,2;20,00;3,0;3,0;50,15;2,62;0,769;1,9;4,55;0,426
1012;27.06.2023;12:21:37;00:16:51;250,2;565,6;32,4;30,4;22,4;416,6;22,9;0,1;1,05E-1;-541,2;20,00;3,0;3,0;50,16;2,63;0,747;1,9;4,54;0,425
1013;27.06.2023;12:21:38;00:16:52;250,1;566,1;32,4;30,5;22,4;417,6;22,9;0,1;1,05E-1;-541,2;20,00;3,0;3,0;50,17;2,64;0,743;2,0;4,58;0,425
1014;27.06.2023;12:21:39;00:16:53;250,0;566,1;32,4;30,5;22,5;419,3;22,9;0,1;1,05E-1;-541,2;20,00;3,0;3,0;50,18;2,65;0,725;1,9;4,57;0,425
1015;27.06.2023;12:21:40;00:16:54;250,1;566,5;32,4;30,5;22,5;421,0;22,9;0,1;1,05E-1;-541,2;20,00;3,0;3,0;50,20;2,67;0,704;1,9;4,53;0,426
1016;27.06.2023;12:21:41;00:16:55;250,3;566,5;32,4;30,5;22,5;421,8;22,9;0,1;1,05E-1;-541,2;20,00;3,0;3,0;50,20;2,67;0,702;1,9;4,53;0,426
1017;27.06.2023;12:21:42;00:16:56;250,1;566,9;32,4;30,5;22,5;423,5;22,9;0,1;1,04E-1;-541,2;20,00;3,0;3,0;50,22;2,68;0,689;1,9;4,59;0,427
1018;27.06.2023;12:21:43;00:16:57;250,1;566,9;32,4;30,5;22,5;425,2;22,9;0,1;1,04E-1;-541,2;20,00;3,0;3,0;50,23;2,70;0,668;1,9;4,57;0,426
1019;27.06.2023;12:21:44;00:16:58;250,2;567,2;32,4;30,6;22,5;426,2;22,9;0,1;1,04E-1;-541,2;20,00;3,0;3,0;50,23;2,71;0,658;1,9;4,54;0,427
1020;27.06.2023;12:21:45;00:16:59;250,0;567,2;32,4;30,6;22,5;427,9;22,9;0,1;1,04E-1;-541,2;20,00;3,0;3,0;50,25;2,71;0,639;1,9;4,56;0,426
1021;27.06.2023;12:21:46;00:17:00;250,0;567,2;32,4;30,6;22,5;428,8;23,0;0,1;1,04E-1;-541,2;20,00;3,0;3,0;50,25;2,72;0,628;2,0;4,56;0,427
1022;27.06.2023;12:21:47;00:17:01;250,0;567,5;32,4;30,6;22,5;430,5;23,0;0,1;1,04E-1;-541,2;20,00;3,0;3,0;50,26;2,73;0,616;1,9;4,54;0,426
1023;27.06.2023;12:21:48;00:17:02;250,1;567,8;32,4;30,6;22,5;432,2;23,0;0,1;1,03E-1;-541,2;20,00;3,0;3,0;50,27;2,75;0,600;2,0;4,55;0,429
1024;27.06.2023;12:21:49;00:17:03;250,2;567,8;32,4;30,6;22,5;433,0;23,0;0,1;1,03E-1;-541,2;20,00;3,0;3,0;50,28;2,75;0,600;1,9;4,57;0,426
1025;27.06.2023;12:21:50;00:17:04;250,0;568,1;32,3;30,6;22,5;434,9;23,0;0,1;1,03E-1;-541,2;20,00;3,0;3,0;50,29;2,76;0,594;1,9;4,56;0,427
1026;27.06.2023;12:21:51;00:17:05;250,0;568,1;32,3;30,6;22,5;436,6;23,0;0,1;1,03E-1;-541,2;20,00;3,0;3,0;50,30;2,78;0,580;1,9;4,57;0,425
1027;27.06.2023;12:21:52;00:17:06;250,1;568,1;32,3;30,6;22,5;437,4;23,0;0,1;1,03E-1;-541,2;20,00;3,0;3,0;50,31;2,78;0,579;1,9;4,55;0,427
1028;27.06.2023;12:21:53;00:17:07;250,1;568,4;32,3;30,6;22,5;439,1;23,0;0,1;1,03E-1;-541,2;20,00;3,0;3,0;50,32;2,79;0,564;1,9;4,56;0,426
1029;27.06.2023;12:21:54;00:17:08;250,0;568,7;32,3;30,6;22,6;440,8;23,1;0,1;1,03E-1;-541,2;20,00;3,0;3,0;50,33;2,80;0,555;2,0;4,54;0,427
1030;27.06.2023;12:21:55;00:17:09;250,1;568,7;32,3;30,6;22,6;441,7;23,1;0,1;1,02E-1;-541,2;20,00;3,0;3,0;50,34;2,81;0,553;2,0;4,56;0,430
1031;27.06.2023;12:21:56;00:17:10;250,1;568,7;32,4;30,7;22,6;443,5;23,1;0,1;1,02E-1;-541,2;20,00;3,0;3,0;50,35;2,82;0,546;1,9;4,61;0,427
1032;27.06.2023;12:21:57;00:17:11;250,0;569,0;32,4;30,7;22,6;444,4;23,1;0,1;1,02E-1;-541,2;20,00;3,0;3,0;50,35;2,82;0,534;2,0;4,55;0,429
1033;27.06.2023;12:21:58;00:17:12;250,1;569,2;32,4;30,7;22,6;446,1;23,2;0,1;1,02E-1;-541,2;20,00;3,0;3,0;50,36;2,83;0,512;2,0;4,58;0,429
1034;27.06.2023;12:21:59;00:17:13;250,1;569,2;32,4;30,7;22,6;447,8;23,2;0,1;1,02E-1;-541,2;20,00;3,0;3,0;50,37;2,84;0,500;2,0;4,59;0,430
1035;27.06.2023;12:22:00;00:17:14;250,1;569,4;32,4;30,7;22,6;448,6;23,2;0,1;1,02E-1;-541,2;20,00;3,0;3,0;50,37;2,85;0,496;2,0;4,56;0,429
1036;27.06.2023;12:22:01;00:17:15;250,3;569,4;32,4;30,7;22,6;450,3;23,2;0,1;1,02E-1;-541,2;20,00;3,0;3,0;50,39;2,86;0,482;2,0;4,60;0,429
1037;27.06.2023;12:22:02;00:17:16;250,1;569,7;32,4;30,7;22,7;452,1;23,3;0,1;1,01E-1;-541,2;20,00;3,0;3,0;50,40;2,86;0,483;2,0;4,56;0,430
1038;27.06.2023;12:22:03;00:17:17;250,3;569,7;32,4;30,7;22,7;453,0;23,3;0,1;1,01E-1;-541,2;20,00;3,0;3,0;50,40;2,87;0,478;2,0;4,57;0,430
1039;27.06.2023;12:22:04;00:17:18;250,1;569,9;32,4;30,8;22,7;454,7;23,3;0,1;1,01E-1;-541,2;20,00;3,0;3,0;50,41;2,88;0,472;2,0;4,58;0,430
1040;27.06.2023;12:22:05;00:17:19;250,1;569,9;32,4;30,8;22,7;456,4;23,4;0,1;1,01E-1;-541,2;20,00;3,0;3,0;50,42;2,89;0,465;2,0;4,56;0,430
1041;27.06.2023;12:22:06;00:17:20;250,0;569,9;32,4;30,8;22,7;457,2;23,4;0,1;1,01E-1;-541,2;20,00;3,0;3,0;50,42;2,89;0,464;2,0;4,55;0,430
1042;27.06.2023;12:22:07;00:17:21;250,1;570,1;32,4;30,8;22,7;458,9;23,4;0,1;1,01E-1;-541,2;20,00;3,0;3,0;50,43;2,90;0,457;2,0;4,59;0,430
1043;27.06.2023;12:22:08;00:17:22;250,0;570,4;32,4;30,8;22,8;460,8;23,4;0,1;1,01E-1;-541,2;20,00;3,0;3,0;50,44;2,91;0,457;2,0;4,58;0,430
1044;27.06.2023;12:22:09;00:17:23;250,1;570,4;32,3;30,8;22,8;461,6;23,5;0,1;1,00E-1;-541,2;20,00;3,0;3,0;50,45;2,91;0,459;2,0;4,60;0,430
1045;27.06.2023;12:22:10;00:17:24;250,2;570,5;32,3;30,7;22,7;463,3;23,5;0,1;1,00E-1;-541,2;20,00;3,0;3,0;50,45;2,92;0,449;2,0;4,60;0,432
1046;27.06.2023;12:22:11;00:17:25;250,1;570,5;32,3;30,7;22,7;464,2;23,5;0,1;1,00E-1;-541,2;20,00;3,0;3,0;50,46;2,93;0,446;2,0;4,57;0,431
1047;27.06.2023;12:22:12;00:17:26;250,1;570,5;32,3;30,7;22,7;465,9;23,6;0,1;1,00E-1;-541,2;20,00;3,0;3,0;50,47;2,94;0,447;2,0;4,57;0,432
1048;27.06.2023;12:22:13;00:17:27;250,1;570,8;32,3;30,7;22,7;467,6;23,6;0,1;9,99E-2;-541,2;20,00;3,0;3,0;50,48;2,95;0,439;2,0;4,60;0,433
1049;27.06.2023;12:22:14;00:17:28;250,1;570,8;32,4;30,7;22,7;468,4;23,7;0,1;9,98E-2;-541,2;20,00;3,0;3,0;50,48;2,95;0,434;2,0;4,60;0,435
1050;27.06.2023;12:22:15;00:17:29;250,0;571,0;32,4;30,8;22,7;470,3;23,7;0,1;9,97E-2;-541,2;20,00;3,0;2,9;50,49;2,96;0,438;2,0;4,60;0,435
1051;27.06.2023;12:22:16;00:17:30;250,1;571,3;32,4;30,8;22,7;472,0;23,7;0,1;9,96E-2;-541,2;20,00;3,0;3,0;50,50;2,97;0,426;2,0;4,56;0,435
1052;27.06.2023;12:22:17;00:17:31;250,1;571,3;32,4;30,8;22,7;472,8;23,8;0,1;9,94E-2;-541,2;20,00;3,0;3,0;50,50;2,97;0,421;2,0;4,60;0,435
1053;27.06.2023;12:22:18;00:17:32;250,1;571,6;32,4;30,8;22,8;474,5;23,8;0,1;9,93E-2;-541,2;20,00;3,0;3,0;50,51;2,98;0,401;2,0;4,58;0,435
1054;27.06.2023;12:22:19;00:17:33;250,2;571,6;32,4;30,8;22,8;476,2;23,9;0,1;9,92E-2;-541,2;20,00;3,0;3,0;50,51;2,99;0,394;2,0;4,63;0,435
1055;27.06.2023;12:22:20;00:17:34;250,1;572,0;32,4;30,8;22,8;477,1;23,9;0,1;9,91E-2;-541,2;20,00;3,0;3,0;50,52;2,99;0,395;2,0;4,58;0,435
1056;27.06.2023;12:22:21;00:17:35;250,2;572,0;32,4;30,8;22,8;478,9;24,0;0,1;9,89E-2;-541,2;20,00;3,0;3,0;50,53;3,00;0,385;2,0;4,57;0,437
1057;27.06.2023;12:22:22;00:17:36;250,2;572,3;32,4;30,8;22,8;480,6;24,0;0,1;9,87E-2;-541,2;20,00;3,0;3,0;50,53;3,01;0,386;2,0;4,63;0,437
1058;27.06.2023;12:22:23;00:17:37;250,1;572,3;32,4;30,8;22,8;481,5;24,0;0,1;9,86E-2;-541,2;20,00;3,0;3,0;50,54;3,01;0,385;2,0;4,61;0,437
1059;27.06.2023;12:22:24;00:17:38;250,0;572,7;32,5;30,8;22,8;483,2;24,1;0,1;9,86E-2;-541,2;20,00;3,0;3,0;50,55;3,02;0,389;2,0;4,59;0,440
1060;27.06.2023;12:22:25;00:17:39;250,0;572,7;32,5;30,8;22,8;484,0;24,1;0,1;9,85E-2;-541,2;20,00;3,0;3,0;50,55;3,02;0,389;2,0;4,65;0,440
1061;27.06.2023;12:22:26;00:17:40;250,3;573,1;32,5;30,9;22,8;485,7;24,2;0,1;9,83E-2;-541,2;20,00;3,0;3,0;50,56;3,03;0,395;2,0;4,63;0,440
1062;27.06.2023;12:22:27;00:17:41;250,1;573,1;32,5;30,9;22,8;487,6;24,2;0,1;9,81E-2;-541,2;20,00;3,0;3,0;50,57;3,04;0,393;2,0;4,65;0,440
1063;27.06.2023;12:22:28;00:17:42;250,0;573,5;32,5;30,9;22,8;488,4;24,2;0,1;9,80E-2;-541,2;20,00;3,0;3,0;50,57;3,04;0,393;2,0;4,63;0,440
1064;27.06.2023;12:22:29;00:17:43;250,0;573,5;32,5;30,9;22,8;490,1;24,3;0,1;9,80E-2;-541,2;20,00;3,0;3,0;50,58;3,05;0,388;2,0;4,68;0,442
1065;27.06.2023;12:22:30;00:17:44;250,0;574,0;32,5;30,9;22,9;491,8;24,3;0,1;9,78E-2;-541,2;20,00;3,0;3,0;50,59;3,06;0,381;2,1;4,65;0,441
1066;27.06.2023;12:22:31;00:17:45;250,1;574,0;32,5;30,9;22,9;492,7;24,4;0,1;9,77E-2;-541,2;20,00;3,0;3,0;50,59;3,06;0,376;2,1;4,66;0,441
1067;27.06.2023;12:22:32;00:17:46;250,0;574,0;32,5;30,9;22,9;494,4;24,4;0,1;9,75E-2;-541,2;20,00;3,0;3,0;50,60;3,07;0,381;2,1;4,64;0,443
1068;27.06.2023;12:22:33;00:17:47;250,2;574,5;32,6;30,9;22,9;496,2;24,5;0,1;9,74E-2;-541,2;20,00;3,0;3,0;50,61;3,07;0,384;2,1;4,64;0,444
1069;27.06.2023;12:22:34;00:17:48;250,1;575,0;32,6;30,9;22,9;497,1;24,5;0,1;9,74E-2;-541,2;20,00;3,0;3,0;50,61;3,08;0,384;2,1;4,65;0,443
1070;27.06.2023;12:22:35;00:17:49;250,0;575,0;32,6;30,9;23,0;498,8;24,6;0,1;9,72E-2;-541,2;20,00;3,0;3,0;50,62;3,09;0,388;2,1;4,71;0,444
1071;27.06.2023;12:22:36;00:17:50;250,0;575,0;32,6;30,9;23,0;499,6;24,6;0,1;9,71E-2;-541,2;20,00;3,0;3,0;50,62;3,09;0,384;2,1;4,68;0,444
1072;27.06.2023;12:22:37;00:17:51;250,0;575,5;32,6;31,0;23,0;501,3;24,6;0,1;9,69E-2;-541,2;20,00;3,0;3,0;50,63;3,10;0,375;2,1;4,69;0,444
1073;27.06.2023;12:22:38;00:17:52;250,0;576,1;32,6;31,0;23,0;503,0;24,7;0,1;9,68E-2;-541,2;20,00;3,0;3,0;50,63;3,11;0,373;2,1;4,69;0,447
1074;27.06.2023;12:22:39;00:17:53;250,0;576,1;32,6;31,0;23,0;504,0;24,7;0,1;9,68E-2;-541,2;20,00;3,0;3,0;50,64;3,11;0,369;2,1;4,68;0,446
1075;27.06.2023;12:22:40;00:17:54;250,1;576,1;32,7;31,0;23,0;505,7;24,8;0,1;9,66E-2;-541,2;20,00;3,0;2,9;50,65;3,12;0,372;2,1;4,70;0,447
1076;27.06.2023;12:22:41;00:17:55;250,1;576,6;32,7;31,0;23,0;507,4;24,9;0,1;9,64E-2;-541,2;20,00;3,0;3,0;50,65;3,13;0,375;2,1;4,71;0,447
1077;27.06.2023;12:22:42;00:17:56;250,0;576,6;32,7;31,0;23,0;508,2;24,9;0,1;9,64E-2;-541,2;20,00;3,0;3,0;50,66;3,13;0,371;2,1;4,65;0,449
1078;27.06.2023;12:22:43;00:17:57;250,0;577,2;32,7;31,0;23,0;509,9;24,9;0,1;9,63E-2;-541,2;20,00;3,0;2,9;50,67;3,14;0,369;2,1;4,71;0,449
1079;27.06.2023;12:22:44;00:17:58;250,0;577,8;32,8;31,1;23,0;511,6;25,0;0,1;9,61E-2;-541,2;20,00;3,0;3,0;50,68;3,14;0,377;2,1;4,70;0,449
1080;27.06.2023;12:22:45;00:17:59;250,0;577,8;32,8;31,1;23,0;512,6;25,0;0,1;9,60E-2;-541,2;20,00;3,0;3,0;50,68;3,15;0,380;2,1;4,68;0,449
1081;27.06.2023;12:22:46;00:18:00;250,1;578,4;32,8;31,1;23,0;514,3;25,1;0,1;9,58E-2;-541,2;20,00;3,0;3,0;50,69;3,16;0,383;2,1;4,69;0,449
1082;27.06.2023;12:22:47;00:18:01;250,1;578,4;32,8;31,1;23,0;516,0;25,2;0,1;9,57E-2;-541,2;20,00;3,0;3,0;50,70;3,16;0,383;2,1;4,69;0,451
1083;27.06.2023;12:22:48;00:18:02;250,0;579,1;32,8;31,1;23,0;516,9;25,2;0,1;9,57E-2;-541,2;20,00;3,0;3,0;50,70;3,17;0,378;2,1;4,69;0,452
1084;27.06.2023;12:22:49;00:18:03;250,1;579,1;32,8;31,1;23,0;518,6;25,3;0,1;9,55E-2;-541,2;20,00;3,0;3,0;50,71;3,17;0,380;2,1;4,70;0,450
1085;27.06.2023;12:22:50;00:18:04;250,1;579,0;32,8;31,1;23,0;519,4;25,3;0,1;9,55E-2;-541,2;20,00;3,0;3,0;50,71;3,18;0,376;2,1;4,73;0,454
1086;27.06.2023;12:22:51;00:18:05;250,1;579,8;32,8;31,1;23,0;521,3;25,4;0,1;9,53E-2;-541,2;20,00;3,0;3,0;50,72;3,19;0,368;2,1;4,69;0,453
1087;27.06.2023;12:22:52;00:18:06;250,3;579,8;32,9;31,1;23,0;523,0;25,5;0,1;9,52E-2;-541,2;20,00;3,0;2,9;50,73;3,19;0,377;2,1;4,70;0,454
1088;27.06.2023;12:22:53;00:18:07;250,2;580,5;32,9;31,1;23,0;523,8;25,4;0,1;9,51E-2;-541,2;20,00;3,0;3,0;50,73;3,20;0,384;2,1;4,73;0,454
1089;27.06.2023;12:22:54;00:18:08;250,0;581,3;32,9;31,2;23,0;525,5;25,5;0,1;9,50E-2;-541,2;20,00;3,0;3,1;50,74;3,21;0,392;2,1;4,72;0,454
1090;27.06.2023;12:22:55;00:18:09;250,3;581,3;32,9;31,2;23,1;527,2;25,6;0,1;9,48E-2;-541,2;20,00;3,0;3,0;50,74;3,22;0,394;2,1;4,72;0,454
1091;27.06.2023;12:22:56;00:18:10;250,2;581,3;32,9;31,2;23,1;528,1;25,6;0,1;9,47E-2;-541,2;20,00;3,0;3,0;50,75;3,22;0,397;2,2;4,72;0,455
1092;27.06.2023;12:22:57;00:18:11;250,3;582,1;32,9;31,2;23,1;529,9;25,7;0,1;9,46E-2;-541,2;20,00;3,0;3,0;50,76;3,22;0,393;2,2;4,70;0,457
1093;27.06.2023;12:22:58;00:18:12;250,2;582,8;33,0;31,2;23,1;531,6;25,7;0,1;9,45E-2;-541,2;20,00;3,0;3,1;50,76;3,24;0,392;2,2;4,74;0,458
1094;27.06.2023;12:22:59;00:18:13;250,1;582,8;33,0;31,2;23,1;532,5;25,8;0,1;9,45E-2;-541,2;20,00;3,0;3,0;50,77;3,24;0,402;2,2;4,73;0,459
1095;27.06.2023;12:23:00;00:18:14;250,1;582,8;33,0;31,3;23,1;534,2;25,9;0,1;9,43E-2;-541,2;20,00;3,0;3,0;50,78;3,25;0,410;2,2;4,72;0,459
1096;27.06.2023;12:23:01;00:18:15;250,2;583,6;33,0;31,3;23,1;535,9;25,9;0,1;9,41E-2;-541,2;20,00;3,0;3,0;50,79;3,26;0,414;2,2;4,75;0,462
1097;27.06.2023;12:23:02;00:18:16;250,1;583,6;33,0;31,3;23,1;536,7;26,0;0,1;9,41E-2;-541,2;20,00;3,0;3,0;50,79;3,26;0,416;2,2;4,74;0,459
1098;27.06.2023;12:23:03;00:18:17;250,1;584,5;33,0;31,3;23,2;538,6;26,0;0,1;9,40E-2;-541,2;20,00;3,0;3,0;50,80;3,27;0,412;2,2;4,75;0,462
1099;27.06.2023;12:23:04;00:18:18;250,0;585,3;33,1;31,4;23,2;539,4;26,0;0,1;9,39E-2;-541,2;20,00;3,0;3,0;50,80;3,27;0,409;2,2;4,78;0,461
1100;27.06.2023;12:23:05;00:18:19;250,0;585,3;33,1;31,4;23,2;541,1;26,1;0,1;9,37E-2;-541,2;20,00;3,0;3,0;50,81;3,28;0,413;2,2;4,73;0,464
1101;27.06.2023;12:23:06;00:18:20;250,0;586,2;33,1;31,4;23,2;542,8;26,1;0,1;9,36E-2;-541,2;20,00;3,0;3,0;50,82;3,29;0,410;2,2;4,74;0,463
1102;27.06.2023;12:23:07;00:18:21;250,0;586,2;33,1;31,4;23,2;543,7;26,2;0,1;9,35E-2;-541,2;20,00;3,0;3,0;50,82;3,30;0,404;2,2;4,79;0,464
1103;27.06.2023;12:23:08;00:18:22;250,1;587,1;33,2;31,4;23,3;545,4;26,2;0,1;9,34E-2;-541,2;20,00;3,0;2,9;50,83;3,30;0,411;2,2;4,78;0,464
1104;27.06.2023;12:23:09;00:18:23;250,0;587,1;33,2;31,4;23,3;547,2;26,3;0,1;9,33E-2;-541,2;20,00;3,0;3,0;50,84;3,31;0,422;2,2;4,78;0,464
1105;27.06.2023;12:23:10;00:18:24;250,1;587,1;33,2;31,5;23,3;548,1;26,4;0,1;9,32E-2;-541,2;20,00;3,0;3,0;50,85;3,32;0,424;2,2;4,76;0,465
1106;27.06.2023;12:23:11;00:18:25;250,0;588,1;33,2;31,5;23,3;549,8;26,4;0,1;9,30E-2;-541,2;20,00;3,0;3,0;50,86;3,32;0,430;2,2;4,77;0,466
1107;27.06.2023;12:23:12;00:18:26;250,0;588,1;33,2;31,5;23,3;551,5;26,5;0,1;9,29E-2;-541,2;20,00;3,0;3,0;50,86;3,34;0,431;2,2;4,80;0,466
1108;27.06.2023;12:23:13;00:18:27;250,1;589,1;33,2;31,5;23,3;552,3;26,5;0,1;9,29E-2;-541,2;20,00;3,0;3,0;50,87;3,34;0,432;2,2;4,79;0,469
1109;27.06.2023;12:23:14;00:18:28;250,0;590,2;33,3;31,5;23,3;554,0;26,6;0,1;9,28E-2;-541,2;20,00;3,0;3,0;50,88;3,35;0,426;2,3;4,76;0,469
1110;27.06.2023;12:23:15;00:18:29;250,0;590,2;33,3;31,5;23,3;554,9;26,6;0,1;9,27E-2;-541,2;20,00;3,0;3,0;50,88;3,35;0,434;2,2;4,77;0,469
1111;27.06.2023;12:23:16;00:18:30;250,0;590,2;33,3;31,5;23,3;556,7;26,7;0,1;9,26E-2;-541,2;20,00;3,0;3,0;50,89;3,36;0,450;2,2;4,82;0,469
1112;27.06.2023;12:23:17;00:18:31;250,1;591,2;33,3;31,5;23,3;558,4;26,7;0,1;9,24E-2;-541,2;20,00;3,0;3,0;50,90;3,37;0,453;2,2;4,77;0,471
1113;27.06.2023;12:23:18;00:18:32;250,0;591,2;33,4;31,5;23,3;559,2;26,8;0,1;9,23E-2;-541,2;20,00;3,0;3,0;50,91;3,37;0,460;2,3;4,81;0,471
1114;27.06.2023;12:23:19;00:18:33;250,1;592,3;33,4;31,6;23,3;560,9;26,8;0,1;9,22E-2;-541,2;20,00;3,0;3,0;50,91;3,39;0,459;2,3;4,80;0,469
1115;27.06.2023;12:23:20;00:18:34;250,0;592,3;33,4;31,6;23,3;562,6;27,0;0,1;9,22E-2;-541,2;20,00;3,0;3,0;50,93;3,40;0,461;2,3;4,81;0,473
1116;27.06.2023;12:23:21;00:18:35;250,0;593,4;33,4;31,6;23,3;563,5;26,9;0,1;9,21E-2;-541,2;20,00;3,0;3,0;50,93;3,40;0,462;2,3;4,80;0,473
1117;27.06.2023;12:23:22;00:18:36;250,0;594,5;33,5;31,7;23,3;565,3;27,0;0,1;9,19E-2;-541,2;20,00;3,0;3,0;50,94;3,41;0,462;2,3;4,83;0,474
1118;27.06.2023;12:23:23;00:18:37;250,1;594,5;33,5;31,7;23,3;567,0;27,1;0,1;9,18E-2;-541,2;20,00;3,0;3,0;50,95;3,42;0,477;2,3;4,81;0,474
1119;27.06.2023;12:23:24;00:18:38;250,1;594,5;33,6;31,7;23,3;567,9;27,1;0,1;9,17E-2;-541,2;20,00;3,0;3,0;50,95;3,43;0,486;2,3;4,83;0,474
1120;27.06.2023;12:23:25;00:18:39;250,0;595,7;33,6;31,7;23,4;569,6;27,2;0,1;9,16E-2;-541,2;20,00;3,0;3,0;50,97;3,44;0,497;2,3;4,84;0,477
1121;27.06.2023;12:23:26;00:18:40;250,1;596,8;33,6;31,8;23,4;571,3;27,2;0,1;9,15E-2;-541,2;20,00;3,0;3,0;50,98;3,45;0,494;2,3;4,83;0,478
1122;27.06.2023;12:23:27;00:18:41;250,0;596,8;33,6;31,8;23,4;572,1;27,3;0,1;9,14E-2;-541,2;20,00;3,0;3,0;50,98;3,45;0,495;2,3;4,85;0,475
1123;27.06.2023;12:23:28;00:18:42;250,1;598,0;33,7;31,8;23,4;574,0;27,3;0,1;9,12E-2;-541,2;20,00;3,0;3,0;50,99;3,46;0,494;2,3;4,83;0,478
1124;27.06.2023;12:23:29;00:18:43;250,1;598,0;33,7;31,8;23,4;574,8;27,4;0,1;9,11E-2;-541,2;20,00;3,0;3,0;51,00;3,47;0,496;2,3;4,82;0,479
1125;27.06.2023;12:23:30;00:18:44;250,2;597,9;33,7;31,8;23,3;576,5;27,5;0,1;9,11E-2;-541,2;20,00;3,0;3,0;51,01;3,48;0,504;2,3;4,83;0,479
1126;27.06.2023;12:23:31;00:18:45;250,0;599,2;33,7;31,8;23,4;578,2;27,5;0,1;9,10E-2;-541,2;20,00;3,0;3,0;51,02;3,49;0,509;2,3;4,86;0,482
1127;27.06.2023;12:23:32;00:18:46;250,1;599,2;33,7;31,8;23,4;579,1;27,6;0,1;9,10E-2;-541,2;20,00;3,0;3,0;51,03;3,49;0,516;2,3;4,87;0,481
1128;27.06.2023;12:23:33;00:18:47;250,1;600,5;33,7;31,9;23,4;580,8;27,6;0,1;9,09E-2;-541,2;20,00;3,0;3,0;51,03;3,51;0,515;2,4;4,84;0,484
1129;27.06.2023;12:23:34;00:18:48;250,1;601,8;33,8;31,9;23,4;582,6;27,7;0,1;9,08E-2;-541,2;20,00;3,0;3,0;51,05;3,52;0,529;2,3;4,86;0,483
1130;27.06.2023;12:23:35;00:18:49;250,2;601,8;33,8;31,9;23,4;583,5;27,7;0,1;9,07E-2;-541,2;20,00;3,0;3,0;51,05;3,52;0,542;2,3;4,84;0,480
1131;27.06.2023;12:23:36;00:18:50;250,1;601,8;33,8;31,9;23,4;585,2;27,8;0,1;9,06E-2;-541,2;20,00;3,0;3,0;51,06;3,53;0,536;2,3;4,84;0,482
1132;27.06.2023;12:23:37;00:18:51;250,1;603,1;33,8;32,0;23,5;586,9;27,9;0,1;9,06E-2;-541,2;20,00;3,0;3,0;51,08;3,54;0,538;2,4;4,88;0,482
1133;27.06.2023;12:23:38;00:18:52;250,3;603,1;33,9;32,0;23,5;587,7;27,9;0,1;9,05E-2;-541,2;20,00;3,0;3,0;51,08;3,55;0,545;2,3;4,89;0,484
1134;27.06.2023;12:23:39;00:18:53;250,1;604,4;33,9;32,0;23,4;589,4;28,0;0,1;9,05E-2;-541,2;20,00;3,0;3,0;51,10;3,56;0,554;2,4;4,85;0,484
1135;27.06.2023;12:23:40;00:18:54;250,3;605,7;34,0;32,1;23,4;591,3;28,1;0,1;9,04E-2;-541,2;20,00;3,0;3,0;51,11;3,57;0,565;2,4;4,86;0,487
1136;27.06.2023;12:23:41;00:18:55;250,3;605,7;34,0;32,1;23,5;592,1;28,1;0,1;9,03E-2;-541,2;20,00;3,0;3,0;51,11;3,58;0,570;2,4;4,88;0,485
1137;27.06.2023;12:23:42;00:18:56;250,1;607,0;34,0;32,1;23,5;593,8;28,1;0,1;9,01E-2;-541,2;20,00;3,0;3,0;51,12;3,59;0,563;2,4;4,90;0,488
1138;27.06.2023;12:23:43;00:18:57;250,2;607,0;34,0;32,1;23,5;594,7;28,2;0,1;9,01E-2;-541,2;20,00;3,0;3,0;51,12;3,60;0,560;2,4;4,90;0,486
1139;27.06.2023;12:23:44;00:18:58;250,3;607,0;34,1;32,2;23,5;596,4;28,3;0,1;9,00E-2;-541,2;20,00;3,0;3,0;51,14;3,61;0,565;2,4;4,94;0,488
1140;27.06.2023;12:23:45;00:18:59;250,1;608,3;34,1;32,2;23,6;598,1;28,3;0,1;8,99E-2;-541,2;20,00;3,0;3,0;51,15;3,62;0,578;2,4;4,91;0,488
1141;27.06.2023;12:23:46;00:19:00;250,2;608,3;34,1;32,2;23,6;599,1;28,4;0,1;8,99E-2;-541,2;20,00;3,0;3,0;51,16;3,63;0,586;2,4;4,93;0,488
1142;27.06.2023;12:23:47;00:19:01;250,1;609,6;34,1;32,2;23,6;600,8;28,4;0,1;8,97E-2;-541,2;20,00;3,0;3,0;51,17;3,64;0,598;2,4;4,90;0,491
1143;27.06.2023;12:23:48;00:19:02;250,1;611,0;34,2;32,3;23,6;602,5;28,4;0,1;8,96E-2;-541,2;20,00;3,0;3,0;51,18;3,65;0,602;2,4;4,89;0,491
1144;27.06.2023;12:23:49;00:19:03;250,1;611,0;34,2;32,3;23,6;603,3;28,5;0,1;8,95E-2;-541,2;20,00;3,0;3,0;51,19;3,66;0,611;2,4;4,90;0,492
1145;27.06.2023;12:23:50;00:19:04;250,2;612,5;34,3;32,4;23,7;605,0;28,7;0,1;8,94E-2;-541,2;20,00;3,0;3,0;51,20;3,67;0,613;2,4;4,89;0,493
1146;27.06.2023;12:23:51;00:19:05;250,3;612,5;34,3;32,4;23,7;606,7;28,7;0,1;8,93E-2;-541,2;20,00;3,0;3,0;51,22;3,69;0,622;2,4;4,93;0,493
1147;27.06.2023;12:23:52;00:19:06;250,0;612,5;34,3;32,4;23,7;607,7;28,8;0,1;8,93E-2;-541,2;20,00;3,0;3,0;51,22;3,69;0,631;2,4;4,95;0,493
1148;27.06.2023;12:23:53;00:19:07;250,0;613,9;34,3;32,4;23,7;609,4;28,8;0,1;8,91E-2;-541,2;20,00;3,0;3,0;51,24;3,71;0,643;2,5;4,96;0,493
1149;27.06.2023;12:23:54;00:19:08;250,1;613,9;34,3;32,4;23,7;610,2;28,9;0,1;8,90E-2;-541,2;20,00;3,0;2,9;51,24;3,71;0,646;2,4;4,91;0,494
1150;27.06.2023;12:23:55;00:19:09;250,0;615,4;34,4;32,5;23,7;611,9;28,9;0,1;8,89E-2;-541,2;20,00;3,0;3,0;51,25;3,73;0,648;2,5;4,97;0,496
1151;27.06.2023;12:23:56;00:19:10;250,1;615,4;34,5;32,5;23,7;613,6;29,0;0,1;8,88E-2;-541,2;20,00;3,0;3,0;51,27;3,74;0,652;2,5;4,94;0,498
1152;27.06.2023;12:23:57;00:19:11;250,1;616,9;34,5;32,5;23,7;614,5;29,0;0,1;8,88E-2;-541,2;20,00;3,0;3,0;51,27;3,75;0,655;2,5;4,95;0,498
1153;27.06.2023;12:23:58;00:19:12;250,0;618,4;34,5;32,6;23,7;616,3;29,1;0,1;8,87E-2;-541,2;20,00;3,0;3,0;51,29;3,76;0,661;2,5;4,98;0,498
1154;27.06.2023;12:23:59;00:19:13;250,0;618,4;34,5;32,6;23,7;618,0;29,1;0,1;8,86E-2;-541,2;20,00;3,0;3,0;51,30;3,77;0,674;2,5;4,98;0,498
1155;27.06.2023;12:24:00;00:19:14;250,1;618,4;34,6;32,6;23,7;618,9;29,2;0,1;8,85E-2;-541,2;20,00;3,0;3,0;51,31;3,78;0,677;2,5;4,94;0,499
1156;27.06.2023;12:24:01;00:19:15;250,0;619,8;34,6;32,6;23,8;620,6;29,2;0,1;8,83E-2;-541,2;20,00;3,0;3,0;51,33;3,79;0,679;2,5;4,96;0,499
1157;27.06.2023;12:24:02;00:19:16;250,0;621,3;34,6;32,7;23,8;622,3;29,3;0,1;8,82E-2;-541,2;20,00;3,0;3,0;51,34;3,81;0,681;2,5;4,94;0,503
1158;27.06.2023;12:24:03;00:19:17;250,0;621,3;34,6;32,7;23,8;623,1;29,3;0,1;8,82E-2;-541,2;20,00;3,0;2,9;51,35;3,82;0,682;2,5;4,96;0,501
1159;27.06.2023;12:24:04;00:19:18;250,0;621,3;34,7;32,7;23,8;625,0;29,5;0,1;8,81E-2;-541,2;20,00;3,0;3,0;51,36;3,83;0,690;2,5;4,94;0,504
1160;27.06.2023;12:24:05;00:19:19;250,1;622,8;34,7;32,7;23,8;626,7;29,5;0,1;8,80E-2;-541,2;20,00;3,0;3,0;51,37;3,85;0,695;2,5;4,98;0,503
1161;27.06.2023;12:24:06;00:19:20;250,1;622,8;34,8;32,8;23,8;627,5;29,6;0,1;8,79E-2;-541,2;20,00;3,0;3,0;51,38;3,85;0,698;2,5;4,98;0,507
1162;27.06.2023;12:24:07;00:19:21;250,0;624,4;34,8;32,8;23,8;629,2;29,6;0,1;8,78E-2;-541,2;20,00;3,0;3,0;51,40;3,87;0,709;2,5;4,98;0,506
1163;27.06.2023;12:24:08;00:19:22;250,0;624,4;34,8;32,8;23,8;630,1;29,7;0,1;8,78E-2;-541,2;20,00;3,0;3,0;51,41;3,87;0,710;2,5;4,97;0,507
1164;27.06.2023;12:24:09;00:19:23;250,0;625,9;34,8;32,8;23,8;631,8;29,7;0,1;8,77E-2;-541,2;20,00;3,0;3,0;51,42;3,89;0,719;2,5;4,97;0,507
1165;27.06.2023;12:24:10;00:19:24;250,1;626,0;34,9;32,9;23,9;633,6;29,9;0,1;8,76E-2;-541,2;20,00;3,0;3,0;51,43;3,91;0,720;2,5;5,00;0,508
1166;27.06.2023;12:24:11;00:19:25;250,2;627,7;34,9;32,9;23,9;634,5;30,0;0,1;8,75E-2;-541,2;20,00;3,0;3,0;51,44;3,91;0,725;2,5;5,01;0,508
1167;27.06.2023;12:24:12;00:19:26;250,3;627,7;34,9;32,9;23,9;636,2;30,0;0,1;8,75E-2;-541,2;20,00;3,0;3,0;51,46;3,93;0,737;2,5;5,01;0,508
1168;27.06.2023;12:24:13;00:19:27;250,0;629,3;35,0;33,0;23,9;637,9;30,0;0,1;8,73E-2;-541,2;20,00;3,0;3,0;51,47;3,94;0,742;2,5;4,96;0,508
1169;27.06.2023;12:24:14;00:19:28;250,0;629,3;35,1;33,0;23,9;638,7;30,1;0,1;8,72E-2;-541,2;20,00;3,0;3,0;51,48;3,95;0,743;2,5;4,99;0,509
1170;27.06.2023;12:24:15;00:19:29;250,0;631,0;35,1;33,1;23,9;640,4;30,1;0,1;8,71E-2;-541,2;20,00;3,0;3,0;51,50;3,96;0,760;2,6;5,00;0,513
1171;27.06.2023;12:24:16;00:19:30;250,1;631,0;35,1;33,1;23,9;642,3;30,2;0,1;8,71E-2;-541,2;20,00;3,0;3,0;51,51;3,98;0,759;2,6;5,00;0,513
1172;27.06.2023;12:24:17;00:19:31;250,1;632,7;35,1;33,1;23,9;643,1;30,2;0,1;8,70E-2;-541,2;20,00;3,0;3,0;51,52;3,99;0,755;2,6;4,98;0,513
1173;27.06.2023;12:24:18;00:19:32;250,3;634,3;35,2;33,2;23,9;644,8;30,3;0,1;8,69E-2;-541,2;20,00;3,0;3,1;51,54;4,00;0,757;2,6;5,03;0,513
1174;27.06.2023;12:24:19;00:19:33;250,1;634,3;35,2;33,2;23,9;645,7;30,3;0,1;8,69E-2;-541,2;20,00;3,0;3,0;51,55;4,01;0,769;2,6;4,99;0,513
1175;27.06.2023;12:24:20;00:19:34;250,2;634,3;35,3;33,2;23,9;647,4;30,4;0,1;8,67E-2;-541,2;20,00;3,0;3,0;51,56;4,03;0,783;2,6;5,00;0,517
1176;27.06.2023;12:24:21;00:19:35;250,0;635,9;35,3;33,3;24,0;649,1;30,4;0,1;8,66E-2;-541,2;20,00;3,0;3,0;51,57;4,05;0,781;2,6;5,01;0,515
1177;27.06.2023;12:24:22;00:19:36;250,1;635,9;35,4;33,3;24,0;650,0;30,5;0,1;8,66E-2;-541,2;20,00;3,0;3,0;51,59;4,06;0,781;2,6;5,00;0,516
1178;27.06.2023;12:24:23;00:19:37;250,1;637,5;35,4;33,3;24,0;651,7;30,6;0,1;8,65E-2;-541,2;20,00;3,0;3,0;51,60;4,07;0,783;2,6;5,02;0,516
1179;27.06.2023;12:24:24;00:19:38;250,2;637,5;35,4;33,4;24,0;653,4;30,7;0,1;8,64E-2;-541,2;20,00;3,0;3,0;51,61;4,09;0,789;2,6;5,03;0,518
1180;27.06.2023;12:24:25;00:19:39;250,3;639,1;35,4;33,4;24,0;654,3;30,7;0,1;8,64E-2;-541,2;20,00;3,0;3,0;51,63;4,09;0,788;2,6;5,03;0,518
1181;27.06.2023;12:24:26;00:19:40;250,1;640,7;35,5;33,4;24,0;656,0;30,8;0,1;8,63E-2;-541,2;20,00;3,0;3,0;51,64;4,11;0,785;2,6;5,04;0,518
1182;27.06.2023;12:24:27;00:19:41;250,1;640,7;35,5;33,4;24,1;657,7;30,9;0,1;8,61E-2;-541,2;20,00;3,0;3,0;51,66;4,12;0,793;2,6;5,06;0,519
1183;27.06.2023;12:24:28;00:19:42;250,2;640,7;35,6;33,5;24,1;658,7;30,9;0,1;8,60E-2;-541,2;20,00;3,0;3,0;51,67;4,13;0,794;2,6;5,05;0,520
1184;27.06.2023;12:24:29;00:19:43;250,1;642,4;35,6;33,3;24,1;660,4;31,0;0,1;8,59E-2;-541,2;20,00;3,0;3,0;51,68;4,15;0,793;2,6;5,03;0,522
1185;27.06.2023;12:24:30;00:19:44;250,0;642,2;35,5;33,4;23,9;662,1;31,2;0,1;8,59E-2;-541,2;20,00;3,0;3,0;51,70;4,16;0,791;2,6;5,04;0,523
1186;27.06.2023;12:24:31;00:19:45;250,3;644,0;35,5;33,4;23,9;662,9;31,2;0,1;8,58E-2;-541,2;20,00;3,0;3,0;51,71;4,18;0,786;2,7;5,05;0,524
1187;27.06.2023;12:24:32;00:19:46;250,1;644,0;35,5;33,4;23,9;664,6;31,2;0,1;8,57E-2;-541,2;20,00;3,0;3,0;51,72;4,19;0,795;2,7;5,08;0,526
1188;27.06.2023;12:24:33;00:19:47;250,1;645,8;35,6;33,5;24,0;665,5;31,2;0,1;8,57E-2;-541,2;20,00;3,0;3,0;51,73;4,20;0,799;2,6;5,03;0,524
1189;27.06.2023;12:24:34;00:19:48;250,0;647,6;35,6;33,5;24,0;667,3;31,4;0,1;8,56E-2;-541,2;20,00;3,0;3,0;51,75;4,22;0,801;2,6;5,04;0,524
1190;27.06.2023;12:24:35;00:19:49;250,0;647,6;35,6;33,5;24,0;669,0;31,4;0,1;8,54E-2;-541,2;20,00;3,0;3,0;51,77;4,23;0,816;2,7;5,08;0,524
1191;27.06.2023;12:24:36;00:19:50;250,0;647,6;35,7;33,5;24,0;669,9;31,5;0,1;8,54E-2;-541,2;20,00;3,0;3,0;51,77;4,24;0,806;2,7;5,06;0,527
1192;27.06.2023;12:24:37;00:19:51;250,2;649,4;35,7;33,6;24,0;671,6;31,5;0,1;8,54E-2;-541,2;20,00;3,0;3,0;51,79;4,25;0,796;2,7;5,04;0,527
1193;27.06.2023;12:24:38;00:19:52;250,1;651,1;35,8;33,7;24,1;673,3;31,5;0,1;8,53E-2;-541,2;20,00;3,0;3,0;51,80;4,27;0,785;2,7;5,07;0,527
1194;27.06.2023;12:24:39;00:19:53;250,2;651,1;35,8;33,7;24,1;674,1;31,6;0,1;8,53E-2;-541,2;20,00;3,0;3,0;51,81;4,28;0,783;2,7;5,07;0,528
1195;27.06.2023;12:24:40;00:19:54;250,2;651,1;35,8;33,7;24,1;676,0;31,8;0,1;8,52E-2;-541,2;20,00;3,0;3,0;51,82;4,29;0,771;2,7;5,07;0,529
1196;27.06.2023;12:24:41;00:19:55;250,1;652,8;35,8;33,7;24,1;677,7;31,8;0,1;8,50E-2;-541,2;20,00;3,0;3,0;51,84;4,31;0,753;2,7;5,09;0,531
1197;27.06.2023;12:24:42;00:19:56;250,1;652,8;35,9;33,8;24,1;678,5;31,9;0,1;8,50E-2;-541,2;20,00;3,0;3,0;51,85;4,32;0,761;2,7;5,08;0,530
1198;27.06.2023;12:24:43;00:19:57;250,0;654,5;35,9;33,8;24,1;680,2;31,9;0,1;8,49E-2;-541,2;20,00;3,0;3,0;51,86;4,34;0,774;2,7;5,09;0,532
1199;27.06.2023;12:24:44;00:19:58;250,0;654,5;36,0;33,9;24,1;681,9;32,1;0,1;8,48E-2;-541,2;20,00;3,0;3,0;51,88;4,35;0,782;2,7;5,10;0,532
1200;27.06.2023;12:24:45;00:19:59;250,1;656,3;36,0;33,9;24,1;682,8;32,0;0,1;8,48E-2;-541,2;20,00;3,0;3,0;51,89;4,36;0,784;2,7;5,10;0,532
1201;27.06.2023;12:24:46;00:20:00;250,2;658,0;36,1;33,9;24,1;684,6;32,1;0,1;8,47E-2;-541,2;20,00;3,0;3,0;51,90;4,38;0,778;2,7;5,07;0,535
1202;27.06.2023;12:24:47;00:20:01;250,0;658,0;36,1;33,9;24,1;685,5;32,1;0,1;8,47E-2;-541,2;20,00;3,0;3,0;51,91;4,38;0,781;2,8;5,16;0,535
1203;27.06.2023;12:24:48;00:20:02;250,1;659,8;36,1;34,0;24,1;687,2;32,1;0,1;8,46E-2;-541,2;20,00;3,0;3,0;51,92;4,40;0,765;2,8;5,11;0,537
1204;27.06.2023;12:24:49;00:20:03;250,1;659,8;36,1;34,0;24,1;688,9;32,3;0,1;8,45E-2;-541,2;20,00;3,0;3,0;51,94;4,41;0,751;2,7;5,14;0,537
1205;27.06.2023;12:24:50;00:20:04;250,2;659,8;36,1;34,0;24,1;689,7;32,4;0,1;8,44E-2;-541,2;20,00;3,0;3,0;51,95;4,42;0,752;2,8;5,17;0,537
1206;27.06.2023;12:24:51;00:20:05;250,1;661,7;36,2;34,1;24,1;691,4;32,5;0,1;8,43E-2;-541,2;20,00;3,0;3,0;51,96;4,43;0,747;2,8;5,15;0,542
1207;27.06.2023;12:24:52;00:20:06;250,1;661,7;36,3;34,1;24,1;693,3;32,6;0,1;8,42E-2;-541,2;20,00;3,0;3,0;51,98;4,45;0,731;2,8;5,15;0,543
1208;27.06.2023;12:24:53;00:20:07;250,3;663,6;36,3;34,1;24,1;694,1;32,5;0,1;8,42E-2;-541,2;20,00;3,0;2,9;51,98;4,46;0,715;2,8;5,13;0,542
1209;27.06.2023;12:24:54;00:20:08;250,2;663,6;36,4;34,1;24,1;695,8;32,7;0,1;8,42E-2;-541,2;20,00;3,0;3,0;52,00;4,47;0,719;2,8;5,13;0,543
1210;27.06.2023;12:24:55;00:20:09;250,0;665,6;36,4;34,2;24,2;697,5;32,7;0,1;8,41E-2;-541,2;20,00;3,0;3,0;52,01;4,48;0,706;2,8;5,12;0,546
1211;27.06.2023;12:24:56;00:20:10;250,1;665,6;36,4;34,2;24,2;698,4;32,8;0,1;8,41E-2;-541,2;20,00;3,0;3,0;52,02;4,49;0,706;2,8;5,14;0,545
1212;27.06.2023;12:24:57;00:20:11;250,1;667,6;36,4;34,3;24,2;700,1;32,8;0,1;8,40E-2;-541,2;20,00;3,0;3,0;52,03;4,50;0,696;2,8;5,13;0,545
1213;27.06.2023;12:24:58;00:20:12;250,0;667,6;36,4;34,3;24,2;700,9;32,9;0,1;8,39E-2;-541,2;20,00;3,0;3,0;52,04;4,51;0,691;2,8;5,13;0,543
1214;27.06.2023;12:24:59;00:20:13;250,1;669,5;36,5;34,4;24,2;702,8;33,0;0,1;8,38E-2;-541,2;20,00;3,0;3,0;52,05;4,52;0,677;2,8;5,17;0,547
1215;27.06.2023;12:25:00;00:20:14;250,2;669,5;36,5;34,4;24,2;704,5;33,1;0,1;8,37E-2;-541,2;20,00;3,0;3,0;52,06;4,54;0,661;2,8;5,17;0,547
1216;27.06.2023;12:25:01;00:20:15;250,2;671,3;36,6;34,4;24,3;705,3;33,0;0,1;8,37E-2;-541,2;20,00;3,0;3,0;52,07;4,54;0,664;2,8;5,17;0,548
1217;27.06.2023;12:25:02;00:20:16;250,0;671,3;36,7;34,5;24,3;707,0;33,2;0,1;8,36E-2;-541,2;20,00;3,0;3,0;52,08;4,55;0,644;2,8;5,16;0,549
1218;27.06.2023;12:25:03;00:20:17;250,3;673,2;36,7;34,5;24,2;708,7;33,2;0,1;8,36E-2;-541,2;20,00;3,0;3,0;52,10;4,57;0,622;2,8;5,18;0,548
1219;27.06.2023;12:25:04;00:20:18;250,1;673,2;36,8;34,5;24,2;709,6;33,3;0,1;8,35E-2;-541,2;20,00;3,0;3,0;52,10;4,57;0,615;2,9;5,18;0,552
1220;27.06.2023;12:25:05;00:20:19;250,1;675,1;36,8;34,6;24,2;711,4;33,3;0,1;8,35E-2;-541,2;20,00;3,0;3,0;52,11;4,58;0,591;2,9;5,18;0,553
1221;27.06.2023;12:25:06;00:20:20;250,1;677,0;36,9;34,7;24,3;713,1;33,4;0,1;8,34E-2;-541,2;20,00;3,0;3,0;52,12;4,59;0,565;2,9;5,21;0,552
1222;27.06.2023;12:25:07;00:20:21;250,0;677,0;36,9;34,7;24,3;713,9;33,4;0,1;8,33E-2;-541,2;20,00;3,0;3,0;52,12;4,60;0,549;2,9;5,18;0,552
1223;27.06.2023;12:25:08;00:20:22;250,3;677,0;37,0;34,7;24,3;715,6;33,6;0,1;8,32E-2;-541,2;20,00;3,0;3,0;52,14;4,61;0,528;2,9;5,19;0,553
1224;27.06.2023;12:25:09;00:20:23;250,2;678,9;37,0;34,7;24,3;717,3;33,6;0,1;8,31E-2;-541,2;20,00;3,0;3,0;52,15;4,61;0,508;2,9;5,17;0,556
1225;27.06.2023;12:25:10;00:20:24;250,0;678,9;37,1;34,7;24,3;718,2;33,7;0,1;8,31E-2;-541,2;20,00;3,0;3,0;52,15;4,62;0,503;2,9;5,22;0,557
1226;27.06.2023;12:25:11;00:20:25;250,0;680,9;37,1;34,8;24,3;720,0;33,8;0,1;8,30E-2;-541,2;20,00;3,0;3,0;52,16;4,63;0,478;2,9;5,23;0,557
1227;27.06.2023;12:25:12;00:20:26;250,2;680,9;37,1;34,8;24,3;720,9;33,9;0,1;8,30E-2;-541,2;20,00;3,0;3,0;52,16;4,63;0,464;2,9;5,20;0,557
1228;27.06.2023;12:25:13;00:20:27;250,3;683,0;37,2;34,9;24,4;722,6;33,9;0,1;8,29E-2;-541,2;20,00;3,0;3,0;52,17;4,64;0,452;2,9;5,18;0,559
1229;27.06.2023;12:25:14;00:20:28;250,1;683,0;37,2;35,0;24,4;724,3;34,0;0,1;8,29E-2;-541,2;20,00;3,0;3,0;52,18;4,65;0,417;2,9;5,22;0,560
1230;27.06.2023;12:25:15;00:20:29;250,1;683,0;37,2;35,0;24,4;725,0;34,1;0,1;8,29E-2;-541,2;20,00;3,0;3,0;52,18;4,65;0,409;2,9;5,25;0,562
1231;27.06.2023;12:25:16;00:20:30;250,2;685,0;37,2;35,0;24,4;725,0;34,0;0,1;8,28E-2;-541,2;20,00;3,0;3,0;52,18;4,66;0,385;2,9;5,24;0,561
1232;27.06.2023;12:25:17;00:20:31;250,1;687,1;37,3;35,1;24,4;725,0;33,9;0,1;8,27E-2;-541,2;20,00;3,0;3,0;52,19;4,66;0,369;2,9;5,26;0,560
1233;27.06.2023;12:25:18;00:20:32;250,0;687,1;37,4;35,1;24,4;725,0;33,9;0,1;8,26E-2;-541,2;20,00;3,0;3,0;52,20;4,67;0,364;2,9;5,26;0,560
1234;27.06.2023;12:25:19;00:20:33;250,2;689,0;37,4;35,2;24,4;725,0;33,7;0,1;8,26E-2;-541,2;20,00;3,1;3,0;52,20;4,68;0,366;2,9;5,20;0,560
1235;27.06.2023;12:25:20;00:20:34;250,1;689,0;37,5;35,2;24,4;725,0;33,8;0,1;8,25E-2;-541,2;20,00;3,1;3,1;52,22;4,68;0,377;2,9;5,20;0,559
1236;27.06.2023;12:25:21;00:20:35;250,1;691,0;37,5;35,2;24,4;725,0;33,6;0,1;8,25E-2;-541,2;20,00;3,1;3,1;52,22;4,69;0,382;2,9;5,20;0,558
1237;27.06.2023;12:25:22;00:20:36;250,2;692,9;37,6;35,3;24,4;725,0;33,6;0,1;8,24E-2;-541,2;20,00;3,1;3,0;52,23;4,70;0,382;2,9;5,18;0,558
1238;27.06.2023;12:25:23;00:20:37;250,0;692,9;37,6;35,3;24,4;725,0;33,5;0,1;8,23E-2;-541,2;20,00;3,1;3,1;52,24;4,70;0,381;2,9;5,20;0,557
1239;27.06.2023;12:25:24;00:20:38;250,1;692,9;37,7;35,3;24,4;725,0;33,5;0,1;8,23E-2;-541,2;20,00;3,1;3,1;52,23;4,71;0,383;2,9;5,22;0,557
1240;27.06.2023;12:25:25;00:20:39;250,0;694,8;37,7;35,4;24,4;725,0;33,4;0,1;8,22E-2;-541,2;20,00;3,2;3,1;52,25;4,71;0,367;2,9;5,20;0,558
1241;27.06.2023;12:25:26;00:20:40;250,1;694,8;37,7;35,4;24,4;725,0;33,4;0,1;8,21E-2;-541,2;20,00;3,2;3,2;52,25;4,72;0,361;2,9;5,20;0,557
1242;27.06.2023;12:25:27;00:20:41;250,0;696,6;37,8;35,5;24,5;725,0;33,2;0,1;8,20E-2;-541,2;20,00;3,2;3,2;52,25;4,72;0,352;2,9;5,22;0,557
1243;27.06.2023;12:25:28;00:20:42;250,0;696,6;37,9;35,6;24,5;725,0;33,3;0,1;8,19E-2;-541,2;20,00;3,2;3,2;52,26;4,73;0,336;2,9;5,18;0,557
1244;27.06.2023;12:25:29;00:20:43;250,0;698,4;37,9;35,6;24,5;725,0;33,1;0,1;8,19E-2;-541,2;20,00;3,2;3,2;52,26;4,73;0,328;2,9;5,19;0,557
1245;27.06.2023;12:25:30;00:20:44;250,1;698,4;38,0;35,7;24,6;725,0;33,1;0,1;8,18E-2;-541,2;20,00;3,2;3,3;52,27;4,74;0,314;2,9;5,20;0,557
1246;27.06.2023;12:25:31;00:20:45;250,0;700,2;38,0;35,8;24,6;725,0;33,0;0,1;8,18E-2;-541,2;20,00;3,2;3,2;52,28;4,74;0,310;2,9;5,17;0,556
1247;27.06.2023;12:25:32;00:20:46;250,1;700,2;38,0;35,8;24,6;725,0;33,0;0,1;8,17E-2;-541,2;20,00;3,3;3,3;52,28;4,75;0,310;2,9;5,15;0,554
1248;27.06.2023;12:25:33;00:20:47;250,1;702,0;38,1;35,8;24,6;725,0;32,9;0,1;8,16E-2;-541,2;20,00;3,3;3,3;52,28;4,75;0,301;2,9;5,15;0,556
1249;27.06.2023;12:25:34;00:20:48;250,1;702,0;38,2;35,9;24,6;725,0;32,9;0,1;8,15E-2;-541,2;20,00;3,3;3,3;52,29;4,76;0,293;2,8;5,15;0,552
1250;27.06.2023;12:25:35;00:20:49;250,0;703,7;38,2;35,9;24,6;725,0;32,8;0,1;8,14E-2;-541,2;20,00;3,3;3,3;52,29;4,76;0,295;2,8;5,15;0,552
1251;27.06.2023;12:25:36;00:20:50;250,0;703,7;38,2;35,9;24,6;725,0;32,8;0,1;8,13E-2;-541,2;20,00;3,3;3,3;52,30;4,77;0,293;2,8;5,15;0,552
1252;27.06.2023;12:25:37;00:20:51;250,0;705,3;38,3;36,0;24,6;725,0;32,7;0,1;8,13E-2;-541,2;20,00;3,3;3,2;52,30;4,77;0,288;2,8;5,17;0,552
1253;27.06.2023;12:25:38;00:20:52;250,1;705,3;38,3;36,0;24,6;725,0;32,7;0,1;8,12E-2;-541,2;20,00;3,3;3,3;52,30;4,78;0,287;2,8;5,13;0,552
1254;27.06.2023;12:25:39;00:20:53;250,2;706,7;38,3;36,1;24,7;725,0;32,6;0,1;8,11E-2;-541,2;20,00;3,4;3,4;52,31;4,78;0,288;2,8;5,15;0,552
1255;27.06.2023;12:25:40;00:20:54;250,1;706,7;38,3;36,1;24,7;725,0;32,6;0,1;8,11E-2;-541,2;20,00;3,4;3,3;52,32;4,79;0,286;2,8;5,16;0,551
1256;27.06.2023;12:25:41;00:20:55;250,2;708,0;38,4;36,2;24,7;725,0;32,5;0,1;8,09E-2;-541,2;20,00;3,4;3,3;52,32;4,79;0,277;2,8;5,16;0,552
1257;27.06.2023;12:25:42;00:20:56;250,2;708,0;38,5;36,2;24,7;725,0;32,5;0,1;8,08E-2;-541,2;20,00;3,4;3,4;52,33;4,80;0,274;2,8;5,14;0,552
1258;27.06.2023;12:25:43;00:20:57;250,1;709,2;38,5;36,2;24,7;725,0;32,5;0,1;8,07E-2;-541,2;20,00;3,4;3,4;52,33;4,80;0,273;2,8;5,13;0,552
1259;27.06.2023;12:25:44;00:20:58;250,3;709,2;38,5;36,2;24,7;725,0;32,4;0,1;8,06E-2;-541,2;20,00;3,4;3,4;52,34;4,81;0,280;2,8;5,10;0,548
1260;27.06.2023;12:25:45;00:20:59;250,2;710,3;38,5;36,3;24,7;725,0;32,3;0,1;8,06E-2;-541,2;20,00;3,5;3,4;52,34;4,81;0,266;2,8;5,08;0,547
1261;27.06.2023;12:25:46;00:21:00;250,1;710,3;38,5;36,3;24,7;725,0;32,3;0,1;8,05E-2;-541,2;20,00;3,5;3,4;52,34;4,81;0,272;2,8;5,12;0,547
1262;27.06.2023;12:25:47;00:21:01;250,3;711,3;38,6;36,4;24,7;725,0;32,2;0,1;8,04E-2;-541,2;20,00;3,5;3,5;52,35;4,81;0,275;2,8;5,10;0,549
1263;27.06.2023;12:25:48;00:21:02;250,1;711,3;38,6;36,4;24,7;725,0;32,3;0,1;8,02E-2;-541,2;20,00;3,5;3,5;52,35;4,83;0,280;2,8;5,14;0,548
1264;27.06.2023;12:25:49;00:21:03;250,1;712,3;38,6;36,5;24,7;725,0;32,2;0,1;8,02E-2;-541,2;20,00;3,5;3,4;52,36;4,83;0,288;2,8;5,12;0,548
1265;27.06.2023;12:25:50;00:21:04;250,2;712,2;38,6;36,4;24,7;725,0;32,2;0,1;8,01E-2;-541,2;20,00;3,5;3,5;52,36;4,83;0,290;2,8;5,12;0,550
1266;27.06.2023;12:25:51;00:21:05;250,1;712,2;38,6;36,4;24,7;725,0;32,2;0,1;8,01E-2;-541,2;20,00;3,5;3,5;52,37;4,84;0,294;2,8;5,08;0,550
1267;27.06.2023;12:25:52;00:21:06;250,0;713,2;38,6;36,5;24,7;725,0;32,1;0,1;8,00E-2;-541,2;20,00;3,6;3,5;52,37;4,84;0,289;2,8;5,13;0,547
1268;27.06.2023;12:25:53;00:21:07;250,3;714,0;38,7;36,6;24,7;725,0;32,1;0,1;7,98E-2;-541,2;20,00;3,6;3,5;52,38;4,85;0,289;2,8;5,11;0,547
1269;27.06.2023;12:25:54;00:21:08;250,0;714,0;38,7;36,6;24,8;725,0;32,1;0,1;7,97E-2;-541,2;20,00;3,6;3,6;52,38;4,85;0,292;2,8;5,08;0,547
1270;27.06.2023;12:25:55;00:21:09;250,0;714,8;38,7;36,6;24,9;725,0;32,0;0,1;7,97E-2;-541,2;20,00;3,6;3,6;52,39;4,86;0,290;2,8;5,12;0,549
1271;27.06.2023;12:25:56;00:21:10;250,0;714,8;38,7;36,6;24,9;725,0;32,0;0,1;7,96E-2;-541,2;20,00;3,6;3,6;52,40;4,86;0,301;2,8;5,09;0,547
1272;27.06.2023;12:25:57;00:21:11;250,0;715,5;38,8;36,7;24,9;725,0;32,0;0,1;7,95E-2;-541,2;20,00;3,6;3,7;52,40;4,87;0,300;2,8;5,06;0,547
1273;27.06.2023;12:25:58;00:21:12;250,1;715,5;38,8;36,8;24,9;725,0;32,0;0,1;7,94E-2;-541,2;20,00;3,7;3,7;52,40;4,87;0,304;2,8;5,08;0,547
1274;27.06.2023;12:25:59;00:21:13;250,2;716,1;38,8;36,8;24,9;725,0;31,9;0,1;7,93E-2;-541,2;20,00;3,7;3,7;52,41;4,88;0,309;2,8;5,08;0,547
1275;27.06.2023;12:26:00;00:21:14;250,0;716,1;38,8;36,8;24,9;725,0;31,9;0,1;7,92E-2;-541,2;20,00;3,7;3,7;52,41;4,88;0,305;2,8;5,09;0,547
1276;27.06.2023;12:26:01;00:21:15;250,1;716,6;38,8;36,8;25,0;725,0;31,9;0,1;7,91E-2;-541,2;20,00;3,7;3,7;52,42;4,89;0,313;2,8;5,08;0,547
1277;27.06.2023;12:26:02;00:21:16;250,1;717,1;38,9;36,9;25,0;725,0;31,9;0,1;7,90E-2;-541,2;20,00;3,7;3,7;52,42;4,90;0,311;2,8;5,05;0,547
1278;27.06.2023;12:26:03;00:21:17;250,0;717,1;38,9;36,9;25,0;725,0;31,9;0,1;7,89E-2;-541,2;20,00;3,7;3,7;52,43;4,90;0,310;2,8;5,11;0,547
1279;27.06.2023;12:26:04;00:21:18;250,3;717,1;38,9;36,9;24,9;725,0;31,9;0,1;7,89E-2;-541,2;20,00;3,7;3,7;52,43;4,91;0,313;2,8;5,05;0,547
1280;27.06.2023;12:26:05;00:21:19;250,0;717,6;38,9;37,0;24,9;725,0;31,8;0,1;7,88E-2;-541,2;20,00;3,8;3,7;52,44;4,91;0,315;2,8;5,05;0,547
1281;27.06.2023;12:26:06;00:21:20;250,0;717,6;38,9;37,0;24,9;725,0;31,8;0,1;7,87E-2;-541,2;20,00;3,8;3,7;52,45;4,92;0,335;2,8;5,08;0,547
1282;27.06.2023;12:26:07;00:21:21;250,1;718,1;38,9;37,0;25,0;725,0;31,8;0,1;7,85E-2;-541,2;20,00;3,8;3,8;52,45;4,92;0,333;2,8;5,07;0,547
1283;27.06.2023;12:26:08;00:21:22;250,1;718,1;38,9;37,0;25,0;725,0;31,8;0,1;7,85E-2;-541,2;20,00;3,8;3,8;52,46;4,93;0,338;2,8;5,10;0,547
1284;27.06.2023;12:26:09;00:21:23;250,2;718,5;38,9;37,1;24,9;725,0;31,8;0,1;7,84E-2;-541,2;20,00;3,8;3,8;52,46;4,93;0,336;2,8;5,11;0,547
1285;27.06.2023;12:26:10;00:21:24;250,1;718,5;38,9;37,0;24,8;725,0;31,8;0,1;7,83E-2;-541,2;20,00;3,8;3,8;52,47;4,94;0,337;2,8;5,13;0,547
1286;27.06.2023;12:26:11;00:21:25;250,0;718,5;38,9;37,1;24,8;725,0;31,8;0,1;7,82E-2;-541,2;20,00;3,8;3,8;52,47;4,94;0,331;2,8;5,07;0,546
1287;27.06.2023;12:26:12;00:21:26;250,3;718,9;38,9;37,1;24,9;725,0;31,7;0,1;7,80E-2;-541,2;20,00;3,9;3,9;52,48;4,95;0,329;2,8;5,07;0,546
1288;27.06.2023;12:26:13;00:21:27;250,0;719,3;39,0;37,1;24,9;725,0;31,7;0,1;7,79E-2;-541,2;20,00;3,9;3,8;52,49;4,95;0,333;2,8;5,05;0,546
1289;27.06.2023;12:26:14;00:21:28;250,1;719,3;39,0;37,1;24,9;725,0;31,7;0,1;7,79E-2;-541,2;20,00;3,9;3,9;52,49;4,96;0,335;2,8;5,10;0,547
1290;27.06.2023;12:26:15;00:21:29;250,0;719,7;39,0;37,2;24,9;723,8;72,2;0,1;7,79E-2;-541,2;20,00;3,9;3,9;52,49;4,96;0,336;0,3;0,48;0,090
1291;27.06.2023;12:26:16;00:21:30;250,0;719,7;39,0;37,2;24,9;722,4;73,6;0,1;7,78E-2;-541,2;20,00;3,9;3,9;52,50;4,97;0,305;0,0;0,01;0,049
1292;27.06.2023;12:26:17;00:21:31;250,0;719,9;39,0;37,2;24,8;719,6;73,8;0,1;7,76E-2;-541,2;20,00;3,9;3,9;52,53;5,00;0,456;0,0;0,01;0,049
1293;27.06.2023;12:26:18;00:21:32;250,0;719,9;39,0;37,3;24,8;716,5;73,9;0,1;7,75E-2;-541,2;20,00;3,9;3,9;52,56;5,02;0,688;0,0;0,01;0,049
1294;27.06.2023;12:26:19;00:21:33;250,0;719,9;39,0;37,3;24,8;715,1;74,0;0,1;7,74E-2;-541,2;20,00;3,9;3,9;52,56;5,03;0,769;0,0;0,01;0,049
1295;27.06.2023;12:26:20;00:21:34;250,0;719,6;39,0;37,3;24,7;712,3;74,2;0,1;7,72E-2;-541,2;20,00;3,9;3,9;52,58;5,05;0,855;0,0;0,01;0,049
1296;27.06.2023;12:26:21;00:21:35;250,0;718,1;38,9;37,3;24,4;709,5;74,4;0,1;7,70E-2;-541,2;20,00;3,9;3,9;52,60;5,06;0,864;0,0;0,01;0,049
1297;27.06.2023;12:26:22;00:21:36;250,0;718,1;38,9;37,3;24,4;708,1;74,4;0,1;7,69E-2;-541,2;20,00;3,9;3,9;52,60;5,07;0,841;0,0;0,01;0,049
1298;27.06.2023;12:26:23;00:21:37;250,0;714,8;38,8;37,3;24,2;705,3;74,6;0,1;7,67E-2;-541,2;20,00;3,9;3,9;52,61;5,08;0,768;0,0;0,01;0,049
1299;27.06.2023;12:26:24;00:21:38;250,0;714,8;38,7;37,3;24,2;702,2;74,8;0,1;7,64E-2;-541,2;20,00;3,9;3,9;52,62;5,09;0,692;0,0;0,01;0,049
1300;27.06.2023;12:26:25;00:21:39;250,0;709,6;38,7;37,3;24,1;700,8;74,8;0,1;7,64E-2;-541,2;20,00;3,9;3,9;52,63;5,09;0,649;0,0;0,01;0,049
1301;27.06.2023;12:26:26;00:21:40;250,0;709,6;38,5;37,3;24,1;698,0;75,0;0,1;7,62E-2;-541,2;20,00;3,9;3,9;52,63;5,10;0,585;0,0;0,01;0,049
1302;27.06.2023;12:26:27;00:21:41;250,0;702,8;38,5;37,3;24,0;695,2;75,1;0,1;7,60E-2;-541,2;20,00;3,9;3,9;52,64;5,11;0,528;0,0;0,01;0,049
1303;27.06.2023;12:26:28;00:21:42;250,0;702,8;38,5;37,3;24,0;693,7;75,2;0,1;7,59E-2;-541,2;20,00;3,9;3,9;52,65;5,11;0,497;0,0;0,01;0,049
1304;27.06.2023;12:26:29;00:21:43;250,0;694,8;38,2;37,3;23,9;690,9;75,3;0,1;7,57E-2;-541,2;20,00;3,9;3,9;52,65;5,12;0,442;0,0;0,01;0,049
1305;27.06.2023;12:26:30;00:21:44;250,0;694,8;38,2;37,3;23,9;689,3;75,4;0,1;7,56E-2;-541,2;20,00;3,9;3,9;52,65;5,12;0,415;0,0;0,01;0,049
1306;27.06.2023;12:26:31;00:21:45;250,0;685,8;38,0;37,4;24,0;686,5;75,6;0,1;7,54E-2;-541,2;20,00;3,9;3,9;52,66;5,13;0,388;0,0;0,01;0,049
1307;27.06.2023;12:26:32;00:21:46;250,0;685,8;38,0;37,4;24,0;683,6;75,7;0,1;7,52E-2;-541,2;20,00;3,9;3,9;52,67;5,14;0,360;0,0;0,01;0,049
1308;27.06.2023;12:26:33;00:21:47;250,0;685,8;37,7;37,3;24,0;682,2;75,8;0,1;7,51E-2;-541,2;20,00;3,9;3,9;52,67;5,14;0,339;0,0;0,01;0,049
1309;27.06.2023;12:26:34;00:21:48;250,0;676,3;37,7;37,3;23,9;679,4;75,9;0,1;7,50E-2;-541,2;20,00;3,9;3,9;52,67;5,14;0,314;0,0;0,01;0,049
1310;27.06.2023;12:26:35;00:21:49;250,0;666,6;37,4;37,2;23,9;676,6;76,0;0,1;7,48E-2;-541,2;20,00;3,9;3,9;52,68;5,15;0,300;0,0;0,01;0,049
1311;27.06.2023;12:26:36;00:21:50;250,0;666,6;37,4;37,2;23,9;674,9;76,1;0,1;7,47E-2;-541,2;20,00;3,9;3,9;52,68;5,15;0,291;0,0;0,01;0,049
1312;27.06.2023;12:26:37;00:21:51;250,0;656,9;37,1;37,1;23,9;672,1;76,2;0,1;7,45E-2;-541,2;20,00;3,9;3,9;52,69;5,16;0,276;0,0;0,01;0,049
1313;27.06.2023;12:26:38;00:21:52;250,0;656,9;36,7;37,1;23,9;669,3;76,4;0,1;7,44E-2;-541,2;20,00;3,9;3,9;52,69;5,16;0,260;0,0;0,01;0,049
1314;27.06.2023;12:26:39;00:21:53;250,0;647,8;36,7;37,0;23,9;667,9;76,4;0,1;7,43E-2;-541,2;20,00;3,9;3,9;52,69;5,16;0,252;0,0;0,01;0,049
1315;27.06.2023;12:26:40;00:21:54;250,0;647,8;36,7;37,0;23,9;665,1;76,5;0,1;7,41E-2;-541,2;20,00;3,9;3,9;52,70;5,17;0,241;0,0;0,01;0,049
1316;27.06.2023;12:26:41;00:21:55;250,0;638,9;36,4;36,8;23,9;662,3;76,6;0,1;7,40E-2;-541,2;20,00;3,9;3,9;52,70;5,17;0,239;0,0;0,01;0,049
1317;27.06.2023;12:26:42;00:21:56;250,0;638,9;36,1;36,8;23,9;660,6;76,7;0,1;7,39E-2;-541,2;20,00;3,9;3,9;52,71;5,18;0,236;0,0;0,01;0,049
1318;27.06.2023;12:26:43;00:21:57;250,0;630,0;36,1;36,7;23,9;657,8;76,8;0,1;7,38E-2;-541,2;20,00;3,9;3,9;52,71;5,18;0,232;0,0;0,01;0,049
1319;27.06.2023;12:26:44;00:21:58;250,0;630,0;36,1;36,7;23,9;656,4;76,9;0,1;7,37E-2;-541,2;20,00;3,9;3,9;52,71;5,18;0,229;0,0;0,01;0,049
1320;27.06.2023;12:26:45;00:21:59;250,0;621,2;35,7;36,5;23,8;653,6;77,0;0,1;7,36E-2;-541,2;20,00;3,9;3,9;52,72;5,19;0,223;0,0;0,01;0,049
1321;27.06.2023;12:26:46;00:22:00;250,0;621,2;35,4;36,3;23,8;650,7;77,1;0,1;7,35E-2;-541,2;20,00;3,9;3,9;52,72;5,19;0,212;0,0;0,01;0,049
1322;27.06.2023;12:26:47;00:22:01;250,0;621,2;35,4;36,3;23,8;649,3;77,2;0,1;7,35E-2;-541,2;20,00;3,9;3,9;52,72;5,19;0,204;0,0;0,01;0,049
1323;27.06.2023;12:26:48;00:22:02;250,0;612,5;35,4;36,3;23,8;646,3;77,3;0,1;7,34E-2;-541,2;20,00;3,9;3,9;52,73;5,20;0,201;0,0;0,01;0,049
1324;27.06.2023;12:26:49;00:22:03;250,0;603,8;35,1;36,1;23,8;643,5;77,4;0,1;7,33E-2;-541,2;20,00;3,9;3,9;52,73;5,20;0,201;0,0;0,01;0,049
1325;27.06.2023;12:26:50;00:22:04;250,0;603,8;35,1;36,1;23,8;642,0;77,4;0,1;7,32E-2;-541,2;20,00;3,9;3,9;52,73;5,20;0,199;0,0;0,01;0,049
1326;27.06.2023;12:26:51;00:22:05;250,0;594,7;34,6;35,8;23,8;639,2;77,5;0,1;7,31E-2;-541,2;20,00;3,9;3,9;52,74;5,20;0,198;0,0;0,01;0,050
1327;27.06.2023;12:26:52;00:22:06;250,0;594,7;34,6;35,8;23,8;636,4;77,6;0,1;7,31E-2;-541,2;20,00;3,9;3,9;52,74;5,21;0,184;0,0;0,01;0,049
1328;27.06.2023;12:26:53;00:22:07;250,0;594,7;34,3;35,6;23,8;635,0;77,7;0,1;7,30E-2;-541,2;20,00;3,9;3,9;52,74;5,21;0,183;0,0;0,01;0,049
1329;27.06.2023;12:26:54;00:22:08;250,0;585,7;34,3;35,6;23,8;631,9;77,8;0,1;7,30E-2;-541,2;20,00;3,9;3,9;52,74;5,21;0,179;0,0;0,00;0,049
1330;27.06.2023;12:26:55;00:22:09;250,0;585,7;34,0;35,6;23,8;630,5;77,8;0,1;7,29E-2;-541,2;20,00;3,9;3,8;52,75;5,21;0,175;0,0;0,01;0,049
1331;27.06.2023;12:26:56;00:22:10;250,0;576,8;34,0;35,4;23,7;627,7;77,9;0,1;7,28E-2;-541,2;20,00;3,9;4,0;52,75;5,22;0,169;0,0;0,01;0,049
1332;27.06.2023;12:26:57;00:22:11;250,0;568,0;33,6;35,1;23,7;624,9;78,0;0,1;7,27E-2;-541,2;20,00;3,9;3,9;52,75;5,22;0,163;0,0;0,01;0,049
1333;27.06.2023;12:26:58;00:22:12;250,0;568,0;33,6;35,1;23,7;623,5;78,0;0,1;7,27E-2;-541,2;20,00;3,9;3,9;52,75;5,22;0,162;0,0;0,01;0,049
1334;27.06.2023;12:26:59;00:22:13;250,0;559,9;33,3;34,9;23,7;620,7;78,1;0,1;7,25E-2;-541,2;20,00;3,9;3,9;52,75;5,22;0,159;0,0;0,01;0,049
1335;27.06.2023;12:27:00;00:22:14;250,0;559,9;33,3;34,9;23,7;617,6;78,2;0,1;7,25E-2;-541,2;20,00;3,9;3,9;52,76;5,23;0,151;0,0;0,01;0,049
1336;27.06.2023;12:27:01;00:22:15;250,0;552,0;33,1;34,6;23,7;616,2;78,2;0,1;7,24E-2;-541,2;20,00;3,9;3,9;52,76;5,23;0,151;0,0;0,00;0,049
1337;27.06.2023;12:27:02;00:22:16;250,0;552,0;32,8;34,4;23,7;613,4;78,3;0,1;7,24E-2;-541,2;20,00;3,9;3,9;52,76;5,23;0,149;0,0;0,01;0,049
1338;27.06.2023;12:27:03;00:22:17;250,0;544,1;32,8;34,4;23,7;610,6;78,4;0,1;7,23E-2;-541,2;20,00;3,9;3,9;52,77;5,24;0,146;0,0;0,00;0,049
1339;27.06.2023;12:27:04;00:22:18;250,0;544,1;32,8;34,4;23,7;609,1;78,4;0,1;7,22E-2;-541,2;20,00;3,9;3,9;52,77;5,24;0,148;0,0;0,01;0,049
1340;27.06.2023;12:27:05;00:22:19;250,0;536,3;32,5;34,1;23,7;606,3;78,5;0,1;7,21E-2;-541,2;20,00;3,9;3,9;52,77;5,24;0,146;0,0;0,01;0,049
1341;27.06.2023;12:27:06;00:22:20;250,0;528,7;32,2;33,9;23,7;603,3;78,5;0,1;7,20E-2;-541,2;20,00;3,9;3,9;52,77;5,24;0,138;0,0;0,01;0,049
1342;27.06.2023;12:27:07;00:22:21;250,0;528,7;32,2;33,9;23,7;601,9;78,6;0,1;7,20E-2;-541,2;20,00;3,9;3,9;52,77;5,24;0,137;0,0;0,01;0,049
1343;27.06.2023;12:27:08;00:22:22;250,0;528,7;32,2;33,9;23,7;599,0;78,6;0,1;7,20E-2;-541,2;20,00;3,9;3,9;52,78;5,25;0,136;0,0;0,00;0,049
1344;27.06.2023;12:27:09;00:22:23;250,0;520,8;32,0;33,6;23,7;597,6;78,7;0,1;7,19E-2;-541,2;20,00;3,9;3,9;52,78;5,25;0,136;0,0;0,01;0,049
1345;27.06.2023;12:27:10;00:22:24;250,0;520,8;32,0;33,6;23,7;594,8;78,7;0,1;7,18E-2;-541,2;20,00;3,9;3,9;52,78;5,25;0,138;0,0;0,01;0,049
1346;27.06.2023;12:27:11;00:22:25;250,0;512,6;31,7;33,3;23,7;592,0;78,8;0,1;7,17E-2;-541,2;20,00;3,9;3,9;52,78;5,25;0,135;0,0;0,01;0,049
1347;27.06.2023;12:27:12;00:22:26;250,0;512,6;31,7;33,3;23,7;590,6;78,8;0,1;7,17E-2;-541,2;20,00;3,9;3,9;52,78;5,25;0,132;0,0;0,01;0,049
1348;27.06.2023;12:27:13;00:22:27;250,0;512,6;31,4;33,3;23,7;587,5;78,8;0,1;7,16E-2;-541,2;20,00;3,9;3,9;52,79;5,26;0,127;0,0;0,00;0,049
1349;27.06.2023;12:27:14;00:22:28;250,0;504,4;31,4;33,0;23,7;584,7;78,9;0,1;7,15E-2;-541,2;20,00;3,9;3,9;52,79;5,26;0,121;0,0;0,01;0,049
1350;27.06.2023;12:27:15;00:22:29;250,0;504,4;31,1;32,8;23,7;583,3;78,9;0,1;7,15E-2;-541,2;20,00;3,9;3,9;52,79;5,26;0,118;0,0;0,01;0,049
1351;27.06.2023;12:27:16;00:22:30;250,0;496,4;31,1;32,8;23,7;580,5;79,0;0,1;7,15E-2;-541,2;20,00;3,9;3,9;52,79;5,26;0,118;0,0;0,01;0,049
1352;27.06.2023;12:27:17;00:22:31;250,0;496,4;30,9;32,5;23,7;577,7;79,0;0,1;7,14E-2;-541,2;20,00;3,9;3,9;52,80;5,26;0,117;0,0;0,01;0,049
1353;27.06.2023;12:27:18;00:22:32;250,0;488,8;30,9;32,5;23,7;576,3;79,0;0,1;7,14E-2;-541,2;20,00;3,9;3,9;52,80;5,26;0,117;0,0;0,01;0,049
1354;27.06.2023;12:27:19;00:22:33;250,0;481,8;30,7;32,3;23,7;573,2;79,1;0,1;7,13E-2;-541,2;20,00;3,9;3,9;52,80;5,27;0,108;0,0;0,01;0,049
1355;27.06.2023;12:27:20;00:22:34;250,0;481,8;30,7;32,3;23,7;571,8;79,1;0,1;7,12E-2;-541,2;20,00;3,9;3,9;52,80;5,27;0,106;0,0;0,01;0,049
1356;27.06.2023;12:27:21;00:22:35;250,0;474,8;30,5;32,0;23,7;569,0;79,1;0,1;7,11E-2;-541,2;20,00;3,9;3,9;52,80;5,27;0,103;0,0;0,01;0,049
1357;27.06.2023;12:27:22;00:22:36;250,0;474,8;30,5;32,0;23,6;566,1;79,2;0,1;7,11E-2;-541,2;20,00;3,9;3,9;52,80;5,27;0,103;0,0;0,01;0,049
1358;27.06.2023;12:27:23;00:22:37;250,0;474,8;30,2;32,0;23,6;564,7;79,2;0,1;7,10E-2;-541,2;20,00;3,9;3,9;52,80;5,27;0,102;0,0;0,01;0,049
1359;27.06.2023;12:27:24;00:22:38;250,0;468,0;30,2;31,8;23,6;561,9;79,2;0,1;7,10E-2;-541,2;20,00;3,9;3,9;52,81;5,28;0,105;0,0;0,00;0,049
1360;27.06.2023;12:27:25;00:22:39;250,0;461,2;30,0;31,5;23,6;558,9;79,2;0,1;7,09E-2;-541,2;20,00;3,9;3,9;52,81;5,28;0,107;0,0;0,01;0,049
1361;27.06.2023;12:27:26;00:22:40;250,0;461,2;30,0;31,5;23,6;557,5;79,2;0,1;7,09E-2;-541,2;20,00;3,9;3,9;52,81;5,28;0,107;0,0;0,01;0,049
1362;27.06.2023;12:27:27;00:22:41;250,0;454,5;29,8;31,3;23,6;554,6;79,3;0,1;7,08E-2;-541,2;20,00;3,9;3,9;52,81;5,28;0,109;0,0;0,01;0,049
1363;27.06.2023;12:27:28;00:22:42;250,0;454,5;29,8;31,3;23,6;551,8;79,3;0,1;7,07E-2;-541,2;20,00;3,9;3,9;52,81;5,28;0,111;0,0;0,01;0,049
1364;27.06.2023;12:27:29;00:22:43;250,0;447,9;29,6;31,1;23,6;550,4;79,3;0,1;7,06E-2;-541,2;20,00;3,9;3,9;52,81;5,28;0,108;0,0;0,01;0,049
1365;27.06.2023;12:27:30;00:22:44;250,0;447,9;29,7;31,1;23,6;547,6;79,3;0,1;7,06E-2;-541,2;20,00;3,9;3,9;52,82;5,29;0,105;0,0;0,01;0,049
1366;27.06.2023;12:27:31;00:22:45;250,0;441,0;29,5;30,9;23,7;544,5;79,3;0,1;7,05E-2;-541,2;20,00;3,9;3,9;52,82;5,29;0,101;0,0;0,01;0,049
1367;27.06.2023;12:27:32;00:22:46;250,0;441,0;29,5;30,9;23,7;543,1;79,3;0,1;7,05E-2;-541,2;20,00;3,9;3,9;52,82;5,29;0,100;0,0;0,01;0,049
1368;27.06.2023;12:27:33;00:22:47;250,0;441,0;29,3;30,9;23,7;540,3;79,3;0,1;7,04E-2;-541,2;20,00;3,9;3,9;52,82;5,29;0,096;0,0;0,01;0,049
1369;27.06.2023;12:27:34;00:22:48;250,0;434,1;29,3;30,7;23,7;538,9;79,3;0,1;7,04E-2;-541,2;20,00;3,9;3,9;52,82;5,29;0,098;0,0;0,00;0,049
1370;27.06.2023;12:27:35;00:22:49;250,0;427,3;29,1;30,4;23,7;536,1;79,3;0,1;7,03E-2;-541,2;20,00;3,9;3,9;52,82;5,29;0,088;0,0;0,01;0,049
1371;27.06.2023;12:27:36;00:22:50;250,0;427,3;29,1;30,4;23,6;533,2;79,3;0,1;7,02E-2;-541,2;20,00;3,9;3,9;52,83;5,30;0,091;0,0;0,01;0,049
1372;27.06.2023;12:27:37;00:22:51;250,0;427,3;28,9;30,2;23,6;531,6;79,3;0,1;7,02E-2;-541,2;20,00;3,9;3,9;52,83;5,30;0,091;0,0;0,00;0,049
1373;27.06.2023;12:27:38;00:22:52;250,0;420,6;28,9;30,2;23,6;528,8;79,3;0,1;7,01E-2;-541,2;20,00;3,9;4,0;52,83;5,30;0,088;0,0;0,01;0,049
1374;27.06.2023;12:27:39;00:22:53;250,0;414,5;28,7;30,0;23,6;526,0;79,3;0,1;7,00E-2;-541,2;20,00;3,9;3,9;52,83;5,30;0,088;0,0;0,01;0,049
1375;27.06.2023;12:27:40;00:22:54;250,0;414,5;28,7;30,0;23,6;524,6;79,3;0,1;7,00E-2;-541,2;20,00;3,9;3,9;52,83;5,30;0,087;0,0;0,01;0,049
1376;27.06.2023;12:27:41;00:22:55;250,0;408,4;28,6;29,8;23,6;521,7;79,3;0,1;6,99E-2;-541,2;20,00;3,9;3,9;52,83;5,30;0,082;0,0;0,01;0,049
1377;27.06.2023;12:27:42;00:22:56;250,0;408,4;28,4;29,8;23,6;518,9;79,3;0,1;6,99E-2;-541,2;20,00;3,9;3,9;52,83;5,30;0,081;0,0;0,00;0,049
1378;27.06.2023;12:27:43;00:22:57;250,0;402,4;28,4;29,6;23,6;517,3;79,3;0,1;6,98E-2;-541,2;20,00;3,9;3,9;52,84;5,31;0,082;0,0;0,01;0,049
1379;27.06.2023;12:27:44;00:22:58;250,0;402,4;28,4;29,6;23,6;514,4;79,3;0,1;6,97E-2;-541,2;20,00;3,9;3,9;52,84;5,31;0,086;0,0;0,01;0,049
1380;27.06.2023;12:27:45;00:22:59;250,0;396,5;28,2;29,4;23,6;511,6;79,3;0,1;6,96E-2;-541,2;20,00;3,9;3,9;52,84;5,31;0,086;0,0;0,01;0,049
1381;27.06.2023;12:27:46;00:23:00;250,0;396,5;28,0;29,4;23,6;510,2;79,3;0,1;6,96E-2;-541,2;20,00;3,9;3,9;52,84;5,31;0,085;0,0;0,00;0,049
1382;27.06.2023;12:27:47;00:23:01;250,0;390,6;28,0;29,2;23,6;507,4;79,2;0,1;6,96E-2;-541,2;20,00;3,9;3,9;52,84;5,31;0,087;0,0;0,01;0,049
1383;27.06.2023;12:27:48;00:23:02;250,0;390,6;28,0;29,2;23,6;506,0;79,2;0,1;6,96E-2;-541,2;20,00;3,9;3,9;52,84;5,31;0,087;0,0;0,01;0,049
1384;27.06.2023;12:27:49;00:23:03;250,0;384,9;27,9;29,0;23,6;502,9;79,2;0,1;6,95E-2;-541,2;20,00;3,9;3,9;52,84;5,31;0,081;0,0;0,01;0,049
1385;27.06.2023;12:27:50;00:23:04;250,0;384,8;27,8;29,0;23,6;500,1;79,2;0,1;6,94E-2;-541,2;20,00;3,9;3,9;52,84;5,32;0,079;0,0;0,01;0,049
1386;27.06.2023;12:27:51;00:23:05;250,0;384,8;27,6;29,0;23,5;498,7;79,2;0,1;6,94E-2;-541,2;20,00;3,9;3,9;52,85;5,32;0,079;0,0;0,01;0,049
1387;27.06.2023;12:27:52;00:23:06;250,0;378,7;27,6;28,8;23,5;495,9;79,1;0,1;6,93E-2;-541,2;20,00;3,9;3,9;52,85;5,32;0,073;0,0;0,00;0,049
1388;27.06.2023;12:27:53;00:23:07;250,0;378,7;27,5;28,6;23,5;493,1;79,1;0,1;6,92E-2;-541,2;20,00;3,9;3,9;52,85;5,32;0,071;0,0;0,01;0,049
1389;27.06.2023;12:27:54;00:23:08;250,0;372,7;27,5;28,6;23,5;491,7;79,1;0,1;6,92E-2;-541,2;20,00;3,9;3,9;52,85;5,32;0,070;0,0;0,01;0,049
1390;27.06.2023;12:27:55;00:23:09;250,0;366,6;27,3;28,4;23,5;488,6;79,0;0,1;6,91E-2;-541,2;20,00;3,9;3,9;52,85;5,32;0,071;0,0;0,01;0,049
1391;27.06.2023;12:27:56;00:23:10;250,0;366,6;27,3;28,4;23,5;485,8;79,0;0,1;6,91E-2;-541,2;20,00;3,9;3,9;52,85;5,32;0,068;0,0;0,01;0,049
1392;27.06.2023;12:27:57;00:23:11;250,0;366,6;27,2;28,4;23,5;484,4;79,0;0,1;6,90E-2;-541,2;20,00;3,9;3,9;52,85;5,32;0,070;0,0;0,01;0,049
1393;27.06.2023;12:27:58;00:23:12;250,0;360,6;27,2;28,2;23,5;481,5;78,9;0,1;6,90E-2;-541,2;20,00;3,9;3,9;52,85;5,32;0,062;0,0;0,00;0,049
1394;27.06.2023;12:27:59;00:23:13;250,0;360,6;27,2;28,2;23,5;480,1;78,9;0,1;6,89E-2;-541,2;20,00;3,9;3,9;52,85;5,32;0,062;0,0;0,01;0,049
1395;27.06.2023;12:28:00;00:23:14;250,0;355,0;27,0;28,1;23,5;477,3;78,9;0,1;6,88E-2;-541,2;20,00;3,9;3,9;52,86;5,33;0,069;0,0;0,01;0,049
1396;27.06.2023;12:28:01;00:23:15;250,0;355,0;26,9;27,9;23,5;474,3;78,8;0,1;6,87E-2;-541,2;20,00;3,9;3,9;52,86;5,33;0,067;0,0;0,01;0,049
1397;27.06.2023;12:28:02;00:23:16;250,0;349,5;26,9;27,9;23,4;472,9;78,8;0,1;6,87E-2;-541,2;20,00;3,9;3,9;52,86;5,33;0,070;0,0;0,00;0,049
1398;27.06.2023;12:28:03;00:23:17;250,0;344,3;26,7;27,7;23,4;470,0;78,7;0,1;6,86E-2;-541,2;20,00;3,9;3,9;52,86;5,33;0,067;0,0;0,01;0,049
1399;27.06.2023;12:28:04;00:23:18;250,0;344,3;26,7;27,7;23,4;467,2;78,7;0,1;6,85E-2;-541,2;20,00;3,9;3,9;52,86;5,33;0,065;0,0;0,01;0,049
1400;27.06.2023;12:28:05;00:23:19;250,0;344,3;26,6;27,6;23,4;465,8;78,7;0,1;6,85E-2;-541,2;20,00;3,9;3,9;52,86;5,33;0,066;0,0;0,00;0,049
1401;27.06.2023;12:28:06;00:23:20;250,0;339,1;26,6;27,6;23,4;463,0;78,6;0,1;6,85E-2;-541,2;20,00;3,9;4,0;52,86;5,33;0,065;0,0;0,00;0,049
1402;27.06.2023;12:28:07;00:23:21;250,0;334,0;26,5;27,4;23,4;459,9;78,5;0,1;6,84E-2;-541,2;20,00;3,9;3,9;52,86;5,33;0,063;0,0;0,01;0,049
1403;27.06.2023;12:28:08;00:23:22;250,0;334,0;26,5;27,4;23,4;458,5;78,5;0,1;6,84E-2;-541,2;20,00;3,9;3,9;52,86;5,33;0,060;0,0;0,01;0,049
1404;27.06.2023;12:28:09;00:23:23;250,0;328,9;26,3;27,3;23,4;455,7;78,4;0,1;6,83E-2;-541,2;20,00;3,9;3,9;52,87;5,34;0,061;0,0;0,01;0,049
1405;27.06.2023;12:28:10;00:23:24;250,0;328,8;26,3;27,3;23,4;452,9;78,4;0,1;6,82E-2;-541,2;20,00;3,9;3,9;52,87;5,34;0,060;0,0;0,00;0,049
1406;27.06.2023;12:28:11;00:23:25;250,0;328,8;26,2;27,1;23,4;451,5;78,3;0,1;6,82E-2;-541,2;20,00;3,9;3,9;52,87;5,34;0,063;0,0;0,01;0,049
1407;27.06.2023;12:28:12;00:23:26;250,0;323,5;26,2;27,1;23,4;448,6;78,3;0,1;6,81E-2;-541,2;20,00;3,9;3,9;52,87;5,34;0,059;0,0;0,01;0,049
1408;27.06.2023;12:28:13;00:23:27;250,0;323,5;26,2;27,1;23,4;447,0;78,2;0,1;6,81E-2;-541,2;20,00;3,9;3,9;52,87;5,34;0,058;0,0;0,01;0,049
1409;27.06.2023;12:28:14;00:23:28;250,0;318,2;26,0;27,0;23,4;444,2;78,1;0,1;6,80E-2;-541,2;20,00;3,9;3,8;52,87;5,34;0,057;0,0;0,01;0,049
1410;27.06.2023;12:28:15;00:23:29;250,0;313,0;25,9;26,8;23,4;441,4;78,1;0,1;6,80E-2;-541,2;20,00;3,9;3,9;52,87;5,34;0,060;0,0;0,01;0,049
1411;27.06.2023;12:28:16;00:23:30;250,0;313,0;25,9;26,8;23,4;440,0;78,0;0,1;6,79E-2;-541,2;20,00;3,9;3,9;52,87;5,34;0,058;0,0;0,01;0,049
1412;27.06.2023;12:28:17;00:23:31;250,0;313,0;25,8;26,8;23,4;437,1;77,9;0,1;6,78E-2;-541,2;20,00;3,9;3,9;52,87;5,34;0,058;0,0;0,01;0,049
1413;27.06.2023;12:28:18;00:23:32;250,0;307,8;25,8;26,7;23,4;434,3;77,8;0,1;6,77E-2;-541,2;20,00;3,9;4,0;52,87;5,34;0,062;0,0;0,01;0,049
1414;27.06.2023;12:28:19;00:23:33;250,0;307,8;25,7;26,5;23,4;432,7;77,8;0,1;6,77E-2;-541,2;20,00;3,9;3,9;52,87;5,34;0,062;0,0;0,01;0,049
1415;27.06.2023;12:28:20;00:23:34;250,0;303,1;25,7;26,5;23,4;429,8;77,7;0,1;6,76E-2;-541,2;20,00;3,9;3,9;52,88;5,35;0,057;0,0;0,01;0,049
1416;27.06.2023;12:28:21;00:23:35;250,0;303,1;25,6;26,4;23,4;427,0;77,6;0,1;6,76E-2;-541,2;20,00;3,9;3,9;52,88;5,35;0,054;0,0;0,00;0,049
1417;27.06.2023;12:28:22;00:23:36;250,0;298,4;25,6;26,4;23,3;425,6;77,6;0,1;6,76E-2;-541,2;20,00;3,9;4,0;52,88;5,35;0,053;0,0;0,00;0,049
1418;27.06.2023;12:28:23;00:23:37;250,0;293,8;25,5;26,3;23,3;422,8;77,5;0,1;6,75E-2;-541,2;20,00;3,9;3,9;52,88;5,35;0,053;0,0;0,01;0,049
1419;27.06.2023;12:28:24;00:23:38;250,0;293,8;25,5;26,3;23,3;420,0;77,4;0,1;6,75E-2;-541,2;20,00;3,9;3,9;52,88;5,35;0,053;0,0;0,00;0,049
1420;27.06.2023;12:28:25;00:23:39;250,0;289,2;25,3;26,2;23,3;418,3;77,3;0,1;6,74E-2;-541,2;20,00;3,9;3,9;52,88;5,35;0,054;0,0;0,00;0,049
1421;27.06.2023;12:28:26;00:23:40;250,0;289,2;25,2;26,2;23,3;415,5;77,2;0,1;6,73E-2;-541,2;20,00;3,9;3,9;52,88;5,35;0,059;0,0;0,01;0,049
1422;27.06.2023;12:28:27;00:23:41;250,0;289,2;25,2;26,2;23,3;414,1;77,2;0,1;6,73E-2;-541,2;20,00;3,9;3,9;52,88;5,35;0,056;0,0;0,01;0,049
1423;27.06.2023;12:28:28;00:23:42;250,0;284,6;25,2;26,0;23,3;411,3;77,1;0,1;6,72E-2;-541,2;20,00;3,9;3,9;52,88;5,35;0,057;0,0;0,01;0,049
1424;27.06.2023;12:28:29;00:23:43;250,0;280,1;25,1;25,9;23,3;408,5;76,9;0,1;6,71E-2;-541,2;20,00;3,9;3,9;52,88;5,35;0,055;0,0;0,01;0,049
1425;27.06.2023;12:28:30;00:23:44;250,0;280,1;25,1;25,9;23,3;407,1;76,9;0,1;6,71E-2;-541,2;20,00;3,9;3,9;52,88;5,35;0,051;0,0;0,00;0,049
1426;27.06.2023;12:28:31;00:23:45;250,0;275,4;25,0;25,8;23,3;404,0;76,8;0,1;6,71E-2;-541,2;20,00;3,9;3,9;52,89;5,36;0,056;0,0;0,01;0,049
1427;27.06.2023;12:28:32;00:23:46;250,0;275,4;25,0;25,8;23,3;401,2;76,7;0,1;6,70E-2;-541,2;20,00;3,9;3,9;52,89;5,36;0,060;0,0;0,01;0,049
1428;27.06.2023;12:28:33;00:23:47;250,0;275,4;24,9;25,8;23,3;399,8;76,6;0,1;6,70E-2;-541,2;20,00;3,9;3,9;52,89;5,36;0,057;0,0;0,01;0,049
1429;27.06.2023;12:28:34;00:23:48;250,0;270,7;24,9;25,7;23,3;396,9;76,5;0,1;6,69E-2;-541,2;20,00;3,9;3,9;52,89;5,36;0,058;0,0;0,01;0,049
1430;27.06.2023;12:28:35;00:23:49;250,0;266,0;24,7;25,5;23,2;394,1;76,4;0,1;6,68E-2;-541,2;20,00;3,9;3,9;52,89;5,36;0,053;0,0;0,00;0,049
1431;27.06.2023;12:28:36;00:23:50;250,0;266,0;24,7;25,5;23,2;392,7;76,3;0,1;6,67E-2;-541,2;20,00;3,9;3,9;52,89;5,36;0,055;0,0;0,00;0,049
1432;27.06.2023;12:28:37;00:23:51;250,0;266,0;24,6;25,4;23,2;389,7;76,2;0,1;6,67E-2;-541,2;20,00;3,9;4,0;52,89;5,36;0,052;0,0;0,01;0,049
1433;27.06.2023;12:28:38;00:23:52;250,0;261,4;24,6;25,4;23,2;388,3;76,1;0,1;6,66E-2;-541,2;20,00;3,9;4,0;52,89;5,36;0,052;0,0;0,00;0,049
1434;27.06.2023;12:28:39;00:23:53;250,0;257,2;24,5;25,3;23,2;385,4;76,0;0,1;6,66E-2;-541,2;20,00;3,9;3,9;52,89;5,36;0,048;0,0;0,01;0,049
1435;27.06.2023;12:28:40;00:23:54;250,0;257,2;24,5;25,3;23,2;382,6;75,8;0,1;6,66E-2;-541,2;20,00;3,9;3,9;52,89;5,36;0,050;0,0;0,01;0,049
1436;27.06.2023;12:28:41;00:23:55;250,0;257,2;24,4;25,3;23,2;381,2;75,8;0,1;6,65E-2;-541,2;20,00;3,9;3,9;52,89;5,36;0,049;0,0;0,01;0,049
1437;27.06.2023;12:28:42;00:23:56;250,0;252,9;24,4;25,2;23,2;378,4;75,6;0,1;6,64E-2;-541,2;20,00;3,9;3,9;52,90;5,36;0,052;0,0;0,01;0,049
1438;27.06.2023;12:28:43;00:23:57;250,0;248,7;24,3;25,1;23,2;375,3;75,5;0,1;6,64E-2;-541,2;20,00;3,9;3,9;52,90;5,37;0,047;0,0;0,01;0,049
1439;27.06.2023;12:28:44;00:23:58;250,0;248,7;24,3;25,1;23,2;373,9;75,4;0,1;6,63E-2;-541,2;20,00;3,9;3,9;52,90;5,37;0,048;0,0;0,01;0,049
1440;27.06.2023;12:28:45;00:23:59;250,0;248,7;24,2;25,0;23,2;371,1;75,3;0,1;6,62E-2;-541,2;20,00;3,9;3,9;52,90;5,37;0,046;0,0;0,01;0,049
1441;27.06.2023;12:28:46;00:24:00;250,0;244,4;24,2;25,0;23,2;368,3;75,1;0,1;6,62E-2;-541,2;20,00;3,9;3,9;52,90;5,37;0,046;0,0;0,00;0,049
1442;27.06.2023;12:28:47;00:24:01;250,0;244,4;24,1;24,9;23,2;366,9;75,1;0,1;6,61E-2;-541,2;20,00;3,9;3,9;52,90;5,37;0,044;0,0;0,01;0,049
1443;27.06.2023;12:28:48;00:24:02;250,0;240,3;24,1;24,9;23,2;364,0;74,9;0,1;6,61E-2;-541,2;20,00;3,9;3,9;52,90;5,37;0,044;0,0;0,00;0,049
1444;27.06.2023;12:28:49;00:24:03;250,0;240,3;24,0;24,8;23,2;361,0;74,7;0,1;6,60E-2;-541,2;20,00;3,9;3,9;52,90;5,37;0,047;0,0;0,00;0,049
1445;27.06.2023;12:28:50;00:24:04;250,0;236,3;24,0;24,8;23,2;359,6;74,7;0,1;6,60E-2;-541,2;20,00;3,9;3,9;52,90;5,37;0,047;0,0;0,00;0,049
1446;27.06.2023;12:28:51;00:24:05;250,0;236,3;23,9;24,7;23,2;356,8;74,5;0,1;6,59E-2;-541,2;20,00;3,9;3,9;52,90;5,37;0,047;0,0;0,00;0,049
1447;27.06.2023;12:28:52;00:24:06;250,0;236,3;23,9;24,7;23,2;355,3;74,4;0,1;6,59E-2;-541,2;20,00;3,9;3,9;52,90;5,37;0,050;0,0;0,00;0,049
1448;27.06.2023;12:28:53;00:24:07;250,0;232,1;23,9;24,7;23,2;352,5;74,3;0,1;6,58E-2;-541,2;20,00;3,9;3,9;52,90;5,37;0,048;0,0;0,00;0,049
1449;27.06.2023;12:28:54;00:24:08;250,0;228,0;23,8;24,6;23,2;349,7;74,1;0,1;6,57E-2;-541,2;20,00;3,9;3,9;52,90;5,37;0,047;0,0;0,00;0,049
1450;27.06.2023;12:28:55;00:24:09;250,0;228,0;23,8;24,6;23,2;348,3;74,0;0,1;6,57E-2;-541,2;20,00;3,9;3,9;52,90;5,38;0,045;0,0;0,01;0,049
1451;27.06.2023;12:28:56;00:24:10;250,0;223,9;23,7;24,5;23,2;345,2;73,9;0,1;6,56E-2;-541,2;20,00;3,9;3,9;52,91;5,38;0,047;0,0;0,00;0,049
1452;27.06.2023;12:28:57;00:24:11;250,0;223,9;23,6;24,5;23,2;342,4;73,7;0,1;6,56E-2;-541,2;20,00;3,9;3,9;52,91;5,38;0,048;0,0;0,00;0,049
1453;27.06.2023;12:28:58;00:24:12;250,0;219,8;23,6;24,3;23,1;341,0;73,6;0,1;6,56E-2;-541,2;20,00;3,9;3,9;52,91;5,38;0,049;0,0;0,00;0,049
1454;27.06.2023;12:28:59;00:24:13;250,0;216,0;23,6;24,2;23,1;338,2;73,4;0,1;6,55E-2;-541,2;20,00;3,9;3,9;52,91;5,38;0,049;0,0;0,01;0,049
1455;27.06.2023;12:29:00;00:24:14;250,0;216,0;23,6;24,2;23,1;335,4;73,3;0,1;6,54E-2;-541,2;20,00;3,9;3,9;52,91;5,38;0,044;0,0;0,00;0,049
1456;27.06.2023;12:29:01;00:24:15;250,0;216,0;23,5;24,2;23,1;334,0;73,2;0,1;6,54E-2;-541,2;20,00;3,9;3,8;52,91;5,38;0,041;0,0;0,01;0,049
1457;27.06.2023;12:29:02;00:24:16;250,0;212,3;23,5;24,2;23,1;330,9;73,0;0,1;6,53E-2;-541,2;20,00;3,9;3,9;52,91;5,38;0,046;0,0;0,01;0,049
1458;27.06.2023;12:29:03;00:24:17;250,0;208,7;23,4;24,1;23,1;328,1;72,8;0,1;6,52E-2;-541,2;20,00;3,9;3,9;52,91;5,38;0,047;0,0;0,01;0,049
1459;27.06.2023;12:29:04;00:24:18;250,0;208,7;23,4;24,1;23,1;326,7;72,7;0,1;6,52E-2;-541,2;20,00;3,9;3,9;52,91;5,38;0,050;0,0;0,01;0,049
1460;27.06.2023;12:29:05;00:24:19;250,0;208,7;23,3;24,0;23,1;323,9;72,5;0,1;6,51E-2;-541,2;20,00;3,9;3,9;52,91;5,38;0,052;0,0;0,00;0,049
1461;27.06.2023;12:29:06;00:24:20;250,0;205,1;23,3;24,0;23,1;322,4;72,4;0,1;6,51E-2;-541,2;20,00;3,9;3,9;52,91;5,38;0,051;0,0;0,01;0,049
1462;27.06.2023;12:29:07;00:24:21;250,0;205,1;23,2;23,9;23,1;319,6;72,3;0,1;6,51E-2;-541,2;20,00;3,9;3,9;52,91;5,38;0,051;0,0;0,01;0,049
1463;27.06.2023;12:29:08;00:24:22;250,0;201,5;23,2;23,9;23,1;316,6;72,0;0,1;6,50E-2;-541,2;20,00;3,9;3,9;52,91;5,39;0,047;0,0;0,01;0,049
1464;27.06.2023;12:29:09;00:24:23;250,0;198,0;23,2;23,8;23,1;315,2;72,0;0,1;6,50E-2;-541,2;20,00;3,9;3,9;52,92;5,39;0,044;0,0;0,01;0,049
1465;27.06.2023;12:29:10;00:24:24;250,0;198,0;23,2;23,8;23,1;312,3;71,8;0,1;6,49E-2;-541,2;20,00;3,9;3,9;52,92;5,39;0,043;0,0;0,00;0,049
1466;27.06.2023;12:29:11;00:24:25;250,0;198,0;23,1;23,7;23,1;309,5;71,6;0,1;6,48E-2;-541,2;20,00;3,9;3,9;52,92;5,39;0,040;0,0;0,00;0,049
1467;27.06.2023;12:29:12;00:24:26;250,0;194,3;23,1;23,7;23,1;308,1;71,5;0,1;6,48E-2;-541,2;20,00;3,9;3,9;52,92;5,39;0,040;0,0;0,01;0,049
1468;27.06.2023;12:29:13;00:24:27;250,0;194,3;23,1;23,7;23,1;305,3;71,3;0,1;6,47E-2;-541,2;20,00;3,9;3,8;52,92;5,39;0,041;0,0;0,00;0,049
1469;27.06.2023;12:29:14;00:24:28;250,0;190,7;23,0;23,6;23,1;302,2;71,0;0,1;6,46E-2;-541,2;20,00;3,9;3,8;52,92;5,39;0,038;0,0;0,01;0,049
1470;27.06.2023;12:29:15;00:24:29;250,0;190,7;22,9;23,5;23,1;300,8;70,9;0,1;6,46E-2;-541,2;20,00;3,9;3,9;52,92;5,39;0,035;0,0;0,00;0,049
1471;27.06.2023;12:29:16;00:24:30;250,0;187,1;22,9;23,5;23,1;298,0;70,7;0,1;6,46E-2;-541,2;20,00;3,9;3,9;52,92;5,39;0,035;0,0;0,01;0,049
1472;27.06.2023;12:29:17;00:24:31;250,0;187,1;22,8;23,5;23,1;296,6;70,6;0,1;6,45E-2;-541,2;20,00;3,9;4,0;52,92;5,39;0,037;0,0;0,00;0,049
1473;27.06.2023;12:29:18;00:24:32;250,0;183,5;22,8;23,4;23,0;293,8;70,4;0,1;6,45E-2;-541,2;20,00;3,9;3,9;52,92;5,39;0,035;0,0;0,00;0,049
1474;27.06.2023;12:29:19;00:24:33;250,0;180,3;22,7;23,4;23,0;291,0;70,2;0,1;6,44E-2;-541,2;20,00;3,9;3,9;52,92;5,39;0,035;0,0;0,01;0,049
1475;27.06.2023;12:29:20;00:24:34;250,0;180,3;22,7;23,4;23,0;289,3;70,1;0,1;6,44E-2;-541,2;20,00;3,9;3,9;52,92;5,39;0,036;0,0;0,00;0,049
1476;27.06.2023;12:29:21;00:24:35;250,0;180,3;22,7;23,3;23,0;286,5;69,9;0,1;6,43E-2;-541,2;20,00;3,9;3,9;52,92;5,39;0,038;0,0;0,01;0,049
1477;27.06.2023;12:29:22;00:24:36;250,0;177,1;22,7;23,3;23,0;283,7;69,6;0,1;6,42E-2;-541,2;20,00;3,9;3,9;52,92;5,39;0,036;0,0;0,01;0,049
1478;27.06.2023;12:29:23;00:24:37;250,0;177,1;22,6;23,3;23,0;282,3;69,5;0,1;6,42E-2;-541,2;20,00;3,9;3,9;52,92;5,39;0,039;0,0;0,01;0,049
1479;27.06.2023;12:29:24;00:24:38;250,0;173,9;22,6;23,2;23,0;279,4;69,3;0,1;6,41E-2;-541,2;20,00;3,9;3,9;52,93;5,40;0,040;0,0;0,00;0,049
1480;27.06.2023;12:29:25;00:24:39;250,0;173,9;22,5;23,1;23,0;276,6;69,1;0,1;6,41E-2;-541,2;20,00;3,9;3,9;52,93;5,40;0,039;0,0;0,01;0,049
1481;27.06.2023;12:29:26;00:24:40;250,0;170,8;22,5;23,1;23,0;275,0;69,0;0,1;6,41E-2;-541,2;20,00;3,9;3,9;52,93;5,40;0,036;0,0;0,01;0,049
1482;27.06.2023;12:29:27;00:24:41;250,0;167,6;22,5;23,0;23,0;272,2;68,7;0,1;6,40E-2;-541,2;20,00;3,9;3,9;52,93;5,40;0,036;0,0;0,01;0,049
1483;27.06.2023;12:29:28;00:24:42;250,0;167,6;22,5;23,0;23,0;269,3;68,5;0,1;6,39E-2;-541,2;20,00;3,9;3,9;52,93;5,40;0,036;0,0;0,01;0,049
1484;27.06.2023;12:29:29;00:24:43;250,0;167,6;22,4;23,0;23,0;267,9;68,4;0,1;6,39E-2;-541,2;20,00;3,9;3,9;52,93;5,40;0,036;0,0;0,00;0,049
1485;27.06.2023;12:29:30;00:24:44;250,0;164,4;22,4;23,0;23,0;265,1;68,1;0,1;6,38E-2;-541,2;20,00;3,9;3,9;52,93;5,40;0,037;0,0;0,01;0,049
1486;27.06.2023;12:29:31;00:24:45;250,0;164,4;22,4;23,0;23,0;263,7;68,0;0,1;6,38E-2;-541,2;20,00;3,9;3,9;52,93;5,40;0,035;0,0;0,01;0,049
1487;27.06.2023;12:29:32;00:24:46;250,0;161,0;22,3;22,9;23,0;260,6;67,8;0,1;6,37E-2;-541,2;20,00;3,9;3,9;52,93;5,40;0,035;0,0;0,01;0,049
1488;27.06.2023;12:29:33;00:24:47;250,0;161,0;22,2;22,9;23,0;257,8;67,5;0,1;6,37E-2;-541,2;20,00;3,9;3,9;52,93;5,40;0,034;0,0;0,00;0,049
1489;27.06.2023;12:29:34;00:24:48;250,0;157,7;22,2;22,8;22,9;256,4;67,4;0,1;6,36E-2;-541,2;20,00;3,9;3,9;52,93;5,40;0,035;0,0;0,00;0,049
1490;27.06.2023;12:29:35;00:24:49;250,0;157,7;22,2;22,8;22,9;253,6;67,2;0,1;6,36E-2;-541,2;20,00;3,9;3,9;52,93;5,40;0,031;0,0;0,01;0,049
1491;27.06.2023;12:29:36;00:24:50;250,0;154,5;22,2;22,7;22,9;250,8;66,9;0,1;6,36E-2;-541,2;20,00;3,9;3,9;52,93;5,40;0,030;0,0;0,01;0,049
1492;27.06.2023;12:29:37;00:24:51;250,0;154,5;22,2;22,7;22,9;249,4;66,8;0,1;6,35E-2;-541,2;20,00;3,9;3,9;52,93;5,40;0,029;0,0;0,01;0,049
1493;27.06.2023;12:29:38;00:24:52;250,0;151,4;22,1;22,6;22,9;246,3;66,5;0,1;6,35E-2;-541,2;20,00;3,9;3,9;52,93;5,40;0,032;0,0;0,00;0,049
1494;27.06.2023;12:29:39;00:24:53;250,0;151,4;22,0;22,6;22,9;243,5;66,3;0,1;6,34E-2;-541,2;20,00;3,9;3,9;52,93;5,40;0,034;0,0;0,01;0,049
1495;27.06.2023;12:29:40;00:24:54;250,0;148,6;22,0;22,6;22,9;242,1;66,1;0,1;6,33E-2;-541,2;20,00;3,9;3,9;52,93;5,40;0,038;0,0;0,01;0,049
1496;27.06.2023;12:29:41;00:24:55;250,0;148,6;22,0;22,6;22,9;239,3;65,9;0,1;6,32E-2;-541,2;20,00;3,9;3,9;52,94;5,41;0,038;0,0;0,00;0,049
1497;27.06.2023;12:29:42;00:24:56;250,0;145,8;22,0;22,5;22,9;237,8;65,7;0,1;6,32E-2;-541,2;20,00;3,9;3,9;52,94;5,41;0,038;0,0;0,01;0,049
1498;27.06.2023;12:29:43;00:24:57;250,0;145,8;21,9;22,4;22,9;235,0;65,5;0,1;6,32E-2;-541,2;20,00;3,9;3,9;52,94;5,41;0,040;0,0;0,00;0,049
1499;27.06.2023;12:29:44;00:24:58;250,0;143,0;21,9;22,4;22,9;232,0;65,2;0,1;6,31E-2;-541,2;20,00;3,9;3,9;52,94;5,41;0,037;0,0;0,00;0,049
1500;27.06.2023;12:29:45;00:24:59;250,0;143,0;21,9;22,4;22,9;230,6;65,1;0,1;6,31E-2;-541,2;20,00;3,9;3,9;52,94;5,41;0,036;0,0;0,00;0,049
1501;27.06.2023;12:29:46;00:25:00;250,0;140,3;21,9;22,4;22,9;227,7;64,8;0,1;6,31E-2;-541,2;20,00;3,9;3,8;52,94;5,41;0,038;0,0;0,00;0,049
1502;27.06.2023;12:29:47;00:25:01;250,0;137,6;21,8;22,3;22,9;224,9;64,5;0,1;6,30E-2;-541,2;20,00;3,9;3,9;52,94;5,41;0,037;0,0;0,00;0,049
1503;27.06.2023;12:29:48;00:25:02;250,0;137,6;21,8;22,3;22,9;223,5;64,4;0,1;6,30E-2;-541,2;20,00;3,9;3,9;52,94;5,41;0,036;0,0;0,01;0,049
1504;27.06.2023;12:29:49;00:25:03;250,0;137,6;21,7;22,2;22,9;220,7;64,1;0,1;6,29E-2;-541,2;20,00;3,9;3,9;52,94;5,41;0,039;0,0;0,00;0,049
1505;27.06.2023;12:29:50;00:25:04;250,0;134,9;21,7;22,2;22,9;217,6;63,8;0,1;6,28E-2;-541,2;20,00;3,9;3,9;52,94;5,41;0,036;0,0;0,00;0,049
1506;27.06.2023;12:29:51;00:25:05;250,0;134,9;21,6;22,2;22,9;216,2;63,7;0,1;6,28E-2;-541,2;20,00;3,9;3,9;52,94;5,41;0,033;0,0;0,01;0,049
1507;27.06.2023;12:29:52;00:25:06;250,0;132,1;21,6;22,1;22,8;213,4;63,4;0,1;6,27E-2;-541,2;20,00;3,9;3,9;52,94;5,41;0,033;0,0;0,01;0,049
1508;27.06.2023;12:29:53;00:25:07;250,0;132,1;21,6;22,1;22,8;210,6;63,1;0,1;6,27E-2;-541,2;20,00;3,9;3,9;52,94;5,41;0,033;0,0;0,01;0,049
1509;27.06.2023;12:29:54;00:25:08;250,0;129,4;21,6;22,1;22,8;209,2;62,9;0,1;6,27E-2;-541,2;20,00;3,9;3,9;52,94;5,41;0,032;0,0;0,00;0,049
1510;27.06.2023;12:29:55;00:25:09;250,0;129,4;21,5;22,0;22,8;206,4;62,7;0,1;6,26E-2;-541,2;20,00;3,9;3,9;52,94;5,41;0,029;0,0;0,01;0,049
1511;27.06.2023;12:29:56;00:25:10;250,0;129,4;21,5;22,0;22,8;204,9;62,5;0,1;6,26E-2;-541,2;20,00;3,9;3,9;52,94;5,41;0,029;0,0;0,01;0,049
1512;27.06.2023;12:29:57;00:25:11;250,0;126,7;21,5;22,0;22,8;201,9;62,2;0,1;6,25E-2;-541,2;20,00;3,9;3,9;52,94;5,41;0,027;0,0;0,00;0,049
1513;27.06.2023;12:29:58;00:25:12;250,0;124,0;21,5;21,9;22,8;199,1;61,9;0,1;6,24E-2;-541,2;20,00;3,9;3,9;52,94;5,41;0,029;0,0;0,01;0,049
1514;27.06.2023;12:29:59;00:25:13;250,0;124,0;21,5;21,9;22,8;197,7;61,8;0,1;6,24E-2;-541,2;20,00;3,9;3,9;52,94;5,41;0,028;0,0;0,01;0,049
1515;27.06.2023;12:30:00;00:25:14;250,0;121,6;21,4;21,9;22,8;194,8;61,5;0,1;6,23E-2;-541,2;20,00;3,9;3,9;52,94;5,42;0,026;0,0;0,00;0,049
1516;27.06.2023;12:30:01;00:25:15;250,0;121,6;21,4;21,9;22,8;192,0;61,2;0,1;6,23E-2;-541,2;20,00;3,9;3,9;52,95;5,42;0,030;0,0;0,01;0,049
1517;27.06.2023;12:30:02;00:25:16;250,0;119,3;21,4;21,8;22,8;190,6;61,0;0,1;6,22E-2;-541,2;20,00;3,9;3,9;52,95;5,42;0,032;0,0;0,00;0,049
1518;27.06.2023;12:30:03;00:25:17;250,0;117,0;21,3;21,7;22,8;187,6;60,7;0,1;6,22E-2;-541,2;20,00;3,9;3,9;52,95;5,42;0,028;0,0;0,00;0,049
1519;27.06.2023;12:30:04;00:25:18;250,0;117,0;21,3;21,7;22,8;184,7;60,4;0,1;6,22E-2;-541,2;20,00;3,9;3,9;52,95;5,42;0,029;0,0;0,00;0,049
1520;27.06.2023;12:30:05;00:25:19;250,0;117,0;21,3;21,7;22,8;183,3;60,2;0,1;6,21E-2;-541,2;20,00;3,9;3,9;52,95;5,42;0,031;0,0;0,01;0,049
1521;27.06.2023;12:30:06;00:25:20;250,0;114,7;21,3;21,7;22,8;180,5;59,9;0,1;6,21E-2;-541,2;20,00;3,9;3,9;52,95;5,42;0,028;0,0;0,00;0,049
1522;27.06.2023;12:30:07;00:25:21;250,0;112,5;21,2;21,6;22,8;177,7;59,6;0,1;6,20E-2;-541,2;20,00;3,9;3,9;52,95;5,42;0,026;0,0;0,00;0,049
1523;27.06.2023;12:30:08;00:25:22;250,0;112,5;21,2;21,6;22,8;176,3;59,4;0,1;6,19E-2;-541,2;20,00;3,9;3,9;52,95;5,42;0,023;0,0;0,00;0,049
1524;27.06.2023;12:30:09;00:25:23;250,0;112,5;21,2;21,6;22,8;173,2;59,1;0,1;6,19E-2;-541,2;20,00;3,9;3,9;52,95;5,42;0,022;0,0;0,00;0,049
1525;27.06.2023;12:30:10;00:25:24;250,0;110,3;21,2;21,6;22,8;171,8;58,9;0,1;6,18E-2;-541,2;20,00;3,9;3,9;52,95;5,42;0,024;0,0;0,00;0,049
1526;27.06.2023;12:30:11;00:25:25;250,0;110,2;21,1;21,5;22,7;169,0;58,6;0,1;6,18E-2;-541,2;20,00;3,9;3,8;52,95;5,42;0,028;0,0;0,01;0,049
1527;27.06.2023;12:30:12;00:25:26;250,0;107,9;21,1;21,5;22,7;166,2;58,3;0,1;6,17E-2;-541,2;20,00;3,9;3,9;52,95;5,42;0,027;0,0;0,01;0,049
1528;27.06.2023;12:30:13;00:25:27;250,0;107,9;21,1;21,5;22,7;164,8;58,1;0,1;6,17E-2;-541,2;20,00;3,9;3,9;52,95;5,42;0,023;0,0;0,01;0,049
1529;27.06.2023;12:30:14;00:25:28;250,0;105,6;21,0;21,4;22,7;161,9;57,8;0,1;6,17E-2;-541,2;20,00;3,9;3,9;52,95;5,42;0,026;0,0;0,00;0,049
1530;27.06.2023;12:30:15;00:25:29;250,0;105,6;20,9;21,4;22,7;158,9;57,4;0,1;6,16E-2;-541,2;20,00;3,9;3,9;52,95;5,42;0,024;0,0;0,01;0,049
1531;27.06.2023;12:30:16;00:25:30;250,0;103,3;20,9;21,3;22,7;157,5;57,3;0,1;6,16E-2;-541,2;20,00;3,9;3,9;52,95;5,42;0,022;0,0;0,00;0,049
1532;27.06.2023;12:30:17;00:25:31;250,0;103,3;20,9;21,3;22,7;154,7;56,9;0,1;6,15E-2;-541,2;20,00;3,9;3,9;52,95;5,42;0,022;0,0;0,01;0,049
1533;27.06.2023;12:30:18;00:25:32;250,0;101,0;20,9;21,3;22,7;151,8;56,6;0,1;6,14E-2;-541,2;20,00;3,9;3,9;52,95;5,42;0,020;0,0;0,01;0,049
1534;27.06.2023;12:30:19;00:25:33;250,0;101,0;20,8;21,3;22,7;150,4;56,4;0,1;6,14E-2;-541,2;20,00;3,9;3,9;52,95;5,42;0,025;0,0;0,01;0,049
1535;27.06.2023;12:30:20;00:25:34;250,0;98,9;20,8;21,2;22,7;147,6;56,1;0,1;6,13E-2;-541,2;20,00;3,9;3,9;52,95;5,42;0,024;0,0;0,01;0,049
1536;27.06.2023;12:30:21;00:25:35;250,0;98,9;20,8;21,2;22,7;146,0;55,9;0,1;6,13E-2;-541,2;20,00;3,9;3,9;52,95;5,42;0,023;0,0;0,01;0,049
1537;27.06.2023;12:30:22;00:25:36;250,0;97,0;20,8;21,2;22,7;143,1;55,5;0,1;6,13E-2;-541,2;20,00;3,9;3,9;52,95;5,42;0,020;0,0;0,01;0,049
1538;27.06.2023;12:30:23;00:25:37;250,0;97,0;20,8;21,1;22,7;140,3;55,2;0,1;6,12E-2;-541,2;20,00;3,9;3,9;52,95;5,42;0,017;0,0;0,01;0,049
1539;27.06.2023;12:30:24;00:25:38;250,0;97,0;20,8;21,1;22,7;138,9;55,0;0,1;6,12E-2;-541,2;20,00;3,9;3,9;52,95;5,42;0,018;0,0;0,00;0,049
1540;27.06.2023;12:30:25;00:25:39;250,0;95,1;20,8;21,1;22,6;136,1;54,7;0,1;6,12E-2;-541,2;20,00;3,9;3,9;52,95;5,43;0,019;0,0;0,01;0,049
1541;27.06.2023;12:30:26;00:25:40;250,0;93,2;20,7;21,1;22,6;133,0;54,3;0,1;6,11E-2;-541,2;20,00;3,9;3,9;52,95;5,43;0,023;0,0;0,01;0,049
1542;27.06.2023;12:30:27;00:25:41;250,0;93,2;20,7;21,1;22,6;131,6;54,1;0,1;6,11E-2;-541,2;20,00;3,9;3,9;52,96;5,43;0,025;0,0;0,00;0,049
1543;27.06.2023;12:30:28;00:25:42;250,0;91,4;20,7;21,0;22,6;128,8;53,8;0,1;6,10E-2;-541,2;20,00;3,9;3,9;52,96;5,43;0,023;0,0;0,01;0,049
1544;27.06.2023;12:30:29;00:25:43;250,0;91,4;20,6;21,0;22,6;126,0;53,4;0,1;6,09E-2;-541,2;20,00;3,9;3,9;52,96;5,43;0,023;0,0;0,01;0,049
1545;27.06.2023;12:30:30;00:25:44;250,0;89,6;20,6;21,0;22,6;124,6;53,2;0,1;6,09E-2;-541,2;20,00;3,9;3,9;52,96;5,43;0,024;0,0;0,00;0,049
1546;27.06.2023;12:30:31;00:25:45;250,0;89,6;20,7;21,0;22,6;121,8;52,9;0,1;6,08E-2;-541,2;20,00;3,9;3,9;52,96;5,43;0,023;0,0;0,01;0,049
1547;27.06.2023;12:30:32;00:25:46;250,0;87,7;20,6;21,0;22,6;118,9;52,5;0,1;6,08E-2;-541,2;20,00;3,9;3,9;52,96;5,43;0,022;0,0;0,00;0,049
1548;27.06.2023;12:30:33;00:25:47;250,0;87,7;20,6;21,0;22,6;117,3;52,3;0,1;6,07E-2;-541,2;20,00;3,9;3,9;52,96;5,43;0,021;0,0;0,01;0,049
1549;27.06.2023;12:30:34;00:25:48;250,0;85,9;20,6;20,9;22,6;114,5;51,9;0,1;6,07E-2;-541,2;20,00;3,9;3,9;52,96;5,43;0,025;0,0;0,01;0,049
1550;27.06.2023;12:30:35;00:25:49;250,0;85,9;20,6;20,9;22,6;113,1;51,7;0,1;6,07E-2;-541,2;20,00;3,9;3,9;52,96;5,43;0,022;0,0;0,01;0,049
1551;27.06.2023;12:30:36;00:25:50;250,0;84,1;20,5;20,9;22,6;110,2;51,4;0,1;6,06E-2;-541,2;20,00;3,9;3,9;52,96;5,43;0,019;0,0;0,00;0,049
1552;27.06.2023;12:30:37;00:25:51;250,0;84,1;20,5;20,9;22,6;107,4;51,0;0,1;6,06E-2;-541,2;20,00;3,9;3,8;52,96;5,43;0,018;0,0;0,01;0,049
1553;27.06.2023;12:30:38;00:25:52;250,0;82,3;20,5;20,8;22,6;106,0;50,8;0,1;6,06E-2;-541,2;20,00;3,9;3,9;52,96;5,43;0,019;0,0;0,00;0,049
1554;27.06.2023;12:30:39;00:25:53;250,0;82,3;20,4;20,8;22,6;103,0;50,4;0,1;6,05E-2;-541,2;20,00;3,9;3,9;52,96;5,43;0,025;0,0;0,00;0,049
1555;27.06.2023;12:30:40;00:25:54;250,0;80,7;20,4;20,8;22,6;100,1;50,0;0,1;6,04E-2;-541,2;20,00;3,9;3,9;52,96;5,43;0,023;0,0;0,01;0,049
1556;27.06.2023;12:30:41;00:25:55;250,0;80,7;20,4;20,8;22,6;98,7;49,8;0,1;6,04E-2;-541,2;20,00;3,9;3,9;52,96;5,43;0,022;0,0;0,00;0,049
1557;27.06.2023;12:30:42;00:25:56;250,0;79,1;20,4;20,7;22,6;95,9;49,4;0,1;6,03E-2;-541,2;20,00;3,9;3,9;52,96;5,43;0,022;0,0;0,01;0,049
1558;27.06.2023;12:30:43;00:25:57;250,0;79,1;20,4;20,7;22,6;93,1;49,0;0,1;6,03E-2;-541,2;20,00;3,9;3,9;52,96;5,43;0,021;0,0;0,01;0,049
1559;27.06.2023;12:30:44;00:25:58;250,0;77,6;20,4;20,7;22,6;91,7;48,8;0,1;6,03E-2;-541,2;20,00;3,9;3,9;52,96;5,43;0,020;0,0;0,00;0,049
1560;27.06.2023;12:30:45;00:25:59;250,0;77,6;20,4;20,7;22,6;88,6;48,4;0,1;6,02E-2;-541,2;20,00;3,9;3,9;52,96;5,43;0,020;0,0;0,00;0,049
1561;27.06.2023;12:30:46;00:26:00;250,0;76,1;20,3;20,6;22,6;85,8;48,0;0,1;6,02E-2;-541,2;20,00;3,9;3,9;52,96;5,43;0,020;0,0;0,00;0,049
1562;27.06.2023;12:30:47;00:26:01;250,0;76,1;20,3;20,6;22,6;84,4;47,8;0,1;6,01E-2;-541,2;20,00;3,9;3,9;52,96;5,43;0,021;0,0;0,01;0,049
1563;27.06.2023;12:30:48;00:26:02;250,0;74,6;20,3;20,6;22,6;81,6;47,4;0,1;6,01E-2;-541,2;20,00;3,9;3,9;52,96;5,43;0,016;0,0;0,00;0,049
1564;27.06.2023;12:30:49;00:26:03;250,0;74,6;20,3;20,6;22,6;80,2;47,2;0,1;6,00E-2;-541,2;20,00;3,9;3,9;52,96;5,43;0,019;0,0;0,00;0,049
1565;27.06.2023;12:30:50;00:26:04;250,0;73,2;20,3;20,5;22,6;77,3;46,8;0,1;6,00E-2;-541,2;20,00;3,9;3,9;52,96;5,43;0,020;0,0;0,01;0,049
1566;27.06.2023;12:30:51;00:26:05;250,0;73,1;20,2;20,5;22,5;74,3;46,4;0,1;5,99E-2;-541,2;20,00;3,9;3,9;52,96;5,43;0,022;0,0;0,01;0,049
1567;27.06.2023;12:30:52;00:26:06;250,0;73,1;20,2;20,5;22,5;72,9;46,2;0,1;5,99E-2;-541,2;20,00;3,9;3,9;52,96;5,43;0,021;0,0;0,00;0,049
1568;27.06.2023;12:30:53;00:26:07;250,0;71,6;20,2;20,5;22,5;70,1;45,8;0,1;5,98E-2;-541,2;20,00;3,9;3,9;52,96;5,44;0,023;0,0;0,00;0,049
1569;27.06.2023;12:30:54;00:26:08;250,0;70,2;20,1;20,4;22,5;67,2;45,3;0,1;5,98E-2;-541,2;20,00;3,9;3,8;52,97;5,43;0,020;0,0;0,00;0,049
1570;27.06.2023;12:30:55;00:26:09;250,0;70,2;20,1;20,4;22,5;65,8;45,1;0,1;5,98E-2;-541,2;20,00;3,9;3,9;52,97;5,43;0,021;0,0;0,01;0,049
1571;27.06.2023;12:30:56;00:26:10;250,0;68,7;20,1;20,4;22,5;63,0;44,7;0,1;5,97E-2;-541,2;20,00;3,9;3,9;52,97;5,44;0,018;0,0;0,01;0,049
1572;27.06.2023;12:30:57;00:26:11;250,0;68,7;20,1;20,4;22,5;60,0;44,3;0,1;5,96E-2;-541,2;20,00;3,9;3,9;52,97;5,44;0,018;0,0;0,01;0,049
1573;27.06.2023;12:30:58;00:26:12;250,0;67,3;20,1;20,3;22,5;58,5;44,1;0,1;5,96E-2;-541,2;20,00;3,9;3,9;52,97;5,44;0,018;0,0;0,01;0,049
1574;27.06.2023;12:30:59;00:26:13;250,0;67,3;20,0;20,3;22,5;55,7;43,6;0,1;5,96E-2;-541,2;20,00;3,9;3,9;52,97;5,44;0,019;0,0;0,01;0,049
1575;27.06.2023;12:31:00;00:26:14;250,0;67,3;20,0;20,3;22,5;54,3;43,4;0,1;5,95E-2;-541,2;20,00;3,9;3,9;52,97;5,44;0,018;0,0;0,00;0,049
1576;27.06.2023;12:31:01;00:26:15;250,0;66,0;20,0;20,3;22,5;51,5;43,0;0,1;5,95E-2;-541,2;20,00;3,9;3,9;52,97;5,44;0,018;0,0;0,01;0,049
1577;27.06.2023;12:31:02;00:26:16;250,0;64,7;20,0;20,2;22,5;48,7;42,6;0,1;5,94E-2;-541,2;20,00;3,9;3,9;52,97;5,44;0,015;0,0;0,00;0,049
1578;27.06.2023;12:31:03;00:26:17;250,0;64,7;20,0;20,2;22,5;47,3;42,4;0,1;5,94E-2;-541,2;20,00;3,9;3,9;52,97;5,44;0,017;0,0;0,01;0,049
1579;27.06.2023;12:31:04;00:26:18;250,0;63,4;20,0;20,2;22,5;44,2;41,9;0,1;5,93E-2;-541,2;20,00;3,9;3,9;52,97;5,44;0,018;0,0;0,01;0,049
1580;27.06.2023;12:31:05;00:26:19;250,0;63,4;20,0;20,2;22,5;41,4;41,5;0,1;5,93E-2;-541,2;20,00;3,9;3,9;52,97;5,44;0,015;0,0;0,00;0,049
1581;27.06.2023;12:31:06;00:26:20;250,0;62,2;19,9;20,1;22,5;40,0;41,2;0,1;5,92E-2;-541,2;20,00;3,9;3,9;52,97;5,44;0,015;0,0;0,01;0,049
1582;27.06.2023;12:31:07;00:26:21;250,0;62,2;19,9;20,1;22,5;37,2;40,8;0,1;5,92E-2;-541,2;20,00;3,9;3,9;52,97;5,44;0,015;0,0;0,01;0,049
1583;27.06.2023;12:31:08;00:26:22;250,0;61,0;19,9;20,1;22,4;34,3;40,4;0,1;5,92E-2;-541,2;20,00;3,9;3,9;52,97;5,44;0,016;0,0;0,00;0,049
1584;27.06.2023;12:31:09;00:26:23;250,0;61,0;19,9;20,1;22,4;32,9;40,1;0,1;5,91E-2;-541,2;20,00;3,9;3,9;52,97;5,44;0,015;0,0;0,01;0,049
1585;27.06.2023;12:31:10;00:26:24;250,0;59,9;19,9;20,1;22,4;29,9;39,7;0,1;5,91E-2;-541,2;20,00;3,9;3,9;52,97;5,44;0,013;0,0;0,01;0,049
1586;27.06.2023;12:31:11;00:26:25;250,0;59,9;19,9;20,1;22,5;27,1;39,2;0,1;5,90E-2;-541,2;20,00;3,9;3,9;52,97;5,44;0,015;0,0;0,00;0,049
1587;27.06.2023;12:31:12;00:26:26;250,0;58,7;19,8;20,1;22,5;25,6;39,0;0,1;5,90E-2;-541,2;20,00;3,9;3,9;52,97;5,44;0,013;0,0;0,00;0,049
1588;27.06.2023;12:31:13;00:26:27;250,0;58,7;19,8;20,1;22,4;22,8;38,5;0,1;5,89E-2;-541,2;20,00;3,9;3,9;52,97;5,44;0,012;0,0;0,01;0,049
1589;27.06.2023;12:31:14;00:26:28;250,0;58,7;19,8;20,0;22,4;21,4;38,3;0,1;5,88E-2;-541,2;20,00;3,9;3,9;52,97;5,44;0,013;0,0;0,00;0,049