Nr.;Datum;Zeit;P.Zeit;AV Pyro top;AV Control TC;AV Piston TC Top;AV Piston TC Bot;AV Transformer T;SV Temperature  ;AV CZ Output;AV abs. pressure;Vacuum;AV rel. pressure;SV Rel. Pressure;SV Force        ;AV Force;AV Abs. Piston T;AV Rel. Piston T;AV Speed;Power;U RMS;I RMS
;;;;°C;°C;°C;°C;°C;°C    ;%;mbar(a;mbar(a;mbar(g;mbar(g;kN    ;kN;mm;mm;mm/min;kW;V;kA
1;27.06.2023;15:26:15;00:00:00;250,0;25,5;20,0;18,9;21,1;20,0;0,0;1006,6;1,01E3;-3,7;20,00;3,0;3,0;47,99;0,33;-0,021;0,0;0,00;0,049
2;27.06.2023;15:26:16;00:00:01;250,0;25,5;20,0;18,9;21,1;20,0;0,0;1006,5;1,01E3;-3,9;20,00;3,0;3,0;47,99;0,33;-0,020;0,0;0,00;0,049
3;27.06.2023;15:26:17;00:00:02;250,0;25,5;20,0;18,9;21,1;20,0;0,0;1006,5;1,01E3;-4,0;20,00;3,0;3,0;47,99;0,33;-0,010;0,0;0,01;0,049
4;27.06.2023;15:26:18;00:00:03;250,0;25,3;20,0;18,9;21,1;20,0;0,0;1006,4;1,01E3;-4,0;20,00;3,0;3,0;47,99;0,33;-0,010;0,0;0,01;0,049
5;27.06.2023;15:26:19;00:00:04;250,0;25,3;20,0;18,9;21,1;20,0;0,0;1006,3;1,01E3;-4,0;20,00;3,0;3,0;47,99;0,33;-0,009;0,0;0,01;0,049
6;27.06.2023;15:26:20;00:00:05;250,0;25,1;20,0;18,9;21,1;20,0;0,0;1006,2;1,01E3;-4,3;20,00;3,0;3,0;47,99;0,33;-0,006;0,0;0,00;0,049
7;27.06.2023;15:26:21;00:00:06;250,0;25,1;20,0;18,9;21,1;20,0;0,0;1006,2;1,01E3;-4,3;20,00;3,0;3,0;47,99;0,33;-0,003;0,0;0,01;0,049
8;27.06.2023;15:26:22;00:00:07;250,0;25,0;20,0;18,9;21,1;20,0;0,0;1006,1;1,01E3;-4,3;20,00;3,0;3,0;47,99;0,33;-0,006;0,0;0,01;0,049
9;27.06.2023;15:26:23;00:00:08;250,0;24,8;19,9;18,7;21,0;20,0;0,0;968,2;9,68E2;-36,2;20,00;3,0;3,0;47,99;0,33;-0,006;0,0;0,01;0,049
10;27.06.2023;15:26:24;00:00:09;250,0;24,8;19,9;18,7;21,0;20,0;0,0;942,3;9,42E2;-65,2;20,00;3,0;3,0;47,99;0,33;-0,006;0,0;0,01;0,049
11;27.06.2023;15:26:25;00:00:10;250,0;24,6;19,9;18,7;20,9;20,0;0,0;889,9;8,90E2;-114,7;20,00;3,0;3,0;47,99;0,33;-0,002;0,0;0,01;0,049
12;27.06.2023;15:26:26;00:00:11;250,0;24,5;19,8;18,7;20,9;20,0;0,0;847,1;8,47E2;-160,0;20,00;3,0;3,0;47,99;0,33;0,003;0,0;0,01;0,049
13;27.06.2023;15:26:27;00:00:12;250,0;24,5;19,8;18,7;20,9;20,0;0,0;828,6;8,29E2;-178,9;20,00;3,0;3,0;47,99;0,33;0,004;0,0;0,01;0,049
14;27.06.2023;15:26:28;00:00:13;250,0;24,3;19,8;18,7;20,9;20,0;0,0;792,1;7,92E2;-215,6;20,00;3,0;3,0;47,99;0,33;0,002;0,0;0,00;0,049
15;27.06.2023;15:26:29;00:00:14;250,0;24,3;19,8;18,7;20,9;20,0;0,0;759,4;7,59E2;-250,2;20,00;3,0;3,0;47,99;0,33;0,000;0,0;0,00;0,049
16;27.06.2023;15:26:30;00:00:15;250,0;24,1;19,8;18,7;21,0;20,0;0,0;742,2;7,42E2;-265,5;20,00;3,0;3,0;47,99;0,33;0,001;0,0;0,01;0,049
17;27.06.2023;15:26:31;00:00:16;250,0;23,9;19,8;18,7;21,0;20,0;0,0;709,2;7,09E2;-299,5;20,00;3,0;3,0;47,99;0,33;0,008;0,0;0,01;0,049
18;27.06.2023;15:26:32;00:00:17;250,0;23,9;19,8;18,7;21,0;20,0;0,0;695,6;6,96E2;-313,3;20,00;3,0;3,0;47,99;0,33;0,015;0,0;0,01;0,049
19;27.06.2023;15:26:33;00:00:18;250,0;23,9;19,8;18,7;21,0;20,0;0,0;666,0;6,66E2;-342,4;20,00;3,0;3,0;47,99;0,34;0,037;0,0;0,00;0,049
20;27.06.2023;15:26:34;00:00:19;250,0;23,8;19,8;18,7;21,0;20,0;0,0;640,7;6,41E2;-367,8;20,00;3,0;3,0;47,99;0,34;0,044;0,0;0,01;0,049
21;27.06.2023;15:26:35;00:00:20;250,0;23,8;19,8;18,7;21,0;20,0;0,0;627,2;6,27E2;-380,0;20,00;3,0;3,0;47,99;0,34;0,048;0,0;0,01;0,049
22;27.06.2023;15:26:36;00:00:21;250,0;23,6;19,8;18,7;21,0;20,0;0,0;602,6;6,03E2;-405,5;20,00;3,0;3,0;47,99;0,34;0,057;0,0;0,00;0,049
23;27.06.2023;15:26:37;00:00:22;250,0;23,6;19,8;18,7;21,0;20,0;0,0;576,8;5,77E2;-431,6;20,00;3,0;3,0;48,00;0,34;0,061;0,0;0,00;0,049
24;27.06.2023;15:26:38;00:00:23;250,0;23,5;19,8;18,7;21,0;20,0;0,0;565,8;5,66E2;-442,5;20,00;3,0;3,0;48,00;0,34;0,061;0,0;0,00;0,049
25;27.06.2023;15:26:39;00:00:24;250,0;23,5;19,8;18,7;21,0;20,0;0,0;543,1;5,43E2;-465,1;20,00;3,0;3,0;48,00;0,34;0,064;0,0;0,01;0,049
26;27.06.2023;15:26:40;00:00:25;250,0;23,3;19,8;18,7;21,0;20,0;0,0;522,0;5,22E2;-485,1;20,00;3,0;3,0;48,00;0,34;0,060;0,0;0,01;0,049
27;27.06.2023;15:26:41;00:00:26;250,0;23,2;19,8;18,7;21,0;20,0;0,0;512,5;5,13E2;-496,3;20,00;3,0;3,0;48,00;0,34;0,060;0,0;0,00;0,049
28;27.06.2023;15:26:42;00:00:27;250,0;23,2;19,8;18,7;21,0;20,0;0,0;492,1;4,92E2;-515,0;20,00;3,0;3,0;48,00;0,34;0,056;0,0;0,00;0,049
29;27.06.2023;15:26:43;00:00:28;250,0;23,0;19,7;18,5;20,9;20,0;0,0;481,6;4,82E2;-527,0;20,00;3,0;3,0;48,00;0,35;0,054;0,0;0,00;0,049
30;27.06.2023;15:26:44;00:00:29;250,0;22,9;19,7;18,5;20,9;20,0;0,0;463,0;4,63E2;-541,2;20,00;3,0;3,0;48,00;0,35;0,061;0,0;0,00;0,049
31;27.06.2023;15:26:45;00:00:30;250,0;22,9;19,7;18,5;20,9;20,0;0,0;445,2;4,45E2;-541,2;20,00;3,0;3,0;48,00;0,35;0,060;0,0;0,01;0,049
32;27.06.2023;15:26:46;00:00:31;250,0;22,7;19,7;18,5;20,9;20,0;0,0;436,9;4,37E2;-541,2;20,00;3,0;3,0;48,00;0,35;0,057;0,0;0,01;0,049
33;27.06.2023;15:26:47;00:00:32;250,0;22,7;19,7;18,5;20,9;20,0;0,0;420,0;4,20E2;-541,2;20,00;3,0;3,0;48,00;0,35;0,057;0,0;0,01;0,049
34;27.06.2023;15:26:48;00:00:33;250,0;22,6;19,7;18,5;20,9;20,0;0,0;403,7;4,04E2;-541,2;20,00;3,0;3,0;48,01;0,35;0,056;0,0;0,00;0,049
35;27.06.2023;15:26:49;00:00:34;250,0;22,6;19,7;18,5;20,9;20,0;0,0;394,7;3,95E2;-541,2;20,00;3,0;3,0;48,01;0,35;0,057;0,0;0,01;0,049
36;27.06.2023;15:26:50;00:00:35;250,0;22,4;19,6;18,4;20,9;20,0;0,0;379,5;3,80E2;-541,2;20,00;3,0;2,9;48,01;0,35;0,054;0,0;0,01;0,049
37;27.06.2023;15:26:51;00:00:36;250,0;22,4;19,6;18,4;20,9;20,0;0,0;365,1;3,65E2;-541,2;20,00;3,0;3,0;48,01;0,35;0,053;0,0;0,01;0,049
38;27.06.2023;15:26:52;00:00:37;250,0;22,4;19,6;18,4;20,9;20,0;0,0;357,7;3,58E2;-541,2;20,00;3,0;3,0;48,01;0,35;0,052;0,0;0,00;0,049
39;27.06.2023;15:26:53;00:00:38;250,0;22,3;19,6;18,4;20,9;20,0;0,0;344,2;3,44E2;-541,2;20,00;3,0;3,0;48,01;0,35;0,050;0,0;0,00;0,049
40;27.06.2023;15:26:54;00:00:39;250,0;22,2;19,6;18,4;21,0;20,0;0,0;330,9;3,31E2;-541,2;20,00;3,0;3,0;48,01;0,35;0,049;0,0;0,01;0,049
41;27.06.2023;15:26:55;00:00:40;250,0;22,2;19,6;18,4;21,0;20,0;0,0;323,7;3,24E2;-541,2;20,00;3,0;3,0;48,01;0,36;0,046;0,0;0,01;0,049
42;27.06.2023;15:26:56;00:00:41;250,0;22,1;19,6;18,4;21,0;20,0;0,0;311,1;3,11E2;-541,2;20,00;3,0;3,0;48,01;0,36;0,048;0,0;0,01;0,049
43;27.06.2023;15:26:57;00:00:42;250,0;22,1;19,6;18,4;21,0;20,0;0,0;305,1;3,05E2;-541,2;20,00;3,0;3,0;48,01;0,36;0,050;0,0;0,00;0,049
44;27.06.2023;15:26:58;00:00:43;250,0;22,0;19,6;18,3;21,0;20,0;0,0;293,5;2,93E2;-541,2;20,00;3,0;3,0;48,01;0,36;0,052;0,0;0,00;0,049
45;27.06.2023;15:26:59;00:00:44;250,0;21,9;19,6;18,3;21,0;20,0;0,0;282,3;2,82E2;-541,2;20,00;3,0;3,0;48,01;0,36;0,047;0,0;0,01;0,049
46;27.06.2023;15:27:00;00:00:45;250,0;21,9;19,6;18,3;21,0;20,0;0,0;276,6;2,77E2;-541,2;20,00;3,0;3,0;48,02;0,36;0,047;0,0;0,00;0,049
47;27.06.2023;15:27:01;00:00:46;250,0;21,9;19,6;18,3;21,0;20,0;0,0;265,4;2,65E2;-541,2;20,00;3,0;3,0;48,02;0,36;0,050;0,0;0,00;0,049
48;27.06.2023;15:27:02;00:00:47;250,0;21,8;19,6;18,3;21,0;20,0;0,0;255,1;2,55E2;-541,2;20,00;3,0;3,0;48,02;0,36;0,049;0,0;0,01;0,049
49;27.06.2023;15:27:03;00:00:48;250,0;21,6;19,6;18,3;20,8;20,0;0,0;250,2;2,50E2;-541,2;20,00;3,0;3,0;48,02;0,36;0,048;0,0;0,00;0,049
50;27.06.2023;15:27:04;00:00:49;250,0;21,5;19,5;18,1;20,9;20,0;0,0;240,5;2,41E2;-541,2;20,00;3,0;3,0;48,02;0,36;0,051;0,0;0,01;0,049
51;27.06.2023;15:27:05;00:00:50;250,0;21,5;19,5;18,1;20,9;20,0;0,0;231,4;2,31E2;-541,2;20,00;3,0;3,0;48,02;0,36;0,045;0,0;0,01;0,049
52;27.06.2023;15:27:06;00:00:51;250,0;21,4;19,5;18,1;20,9;20,0;0,0;226,9;2,27E2;-541,2;20,00;3,0;3,0;48,02;0,36;0,041;0,0;0,00;0,049
53;27.06.2023;15:27:07;00:00:52;250,0;21,4;19,5;18,0;20,9;20,0;0,0;217,4;2,17E2;-541,2;20,00;3,0;3,0;48,02;0,37;0,040;0,0;0,01;0,049
54;27.06.2023;15:27:08;00:00:53;250,0;21,3;19,5;18,0;20,9;20,0;0,0;209,0;2,09E2;-541,2;20,00;3,0;3,0;48,02;0,37;0,038;0,0;0,00;0,049
55;27.06.2023;15:27:09;00:00:54;250,0;21,3;19,5;18,0;20,9;20,0;0,0;205,0;2,05E2;-541,2;20,00;3,0;3,0;48,02;0,37;0,042;0,0;0,00;0,049
56;27.06.2023;15:27:10;00:00:55;250,0;21,2;19,5;18,0;20,9;20,0;0,0;197,2;1,97E2;-541,2;20,00;3,0;3,0;48,02;0,37;0,042;0,0;0,01;0,049
57;27.06.2023;15:27:11;00:00:56;250,0;21,2;19,5;18,0;20,9;20,0;0,0;193,3;1,93E2;-541,2;20,00;3,0;3,0;48,02;0,37;0,044;0,0;0,01;0,049
58;27.06.2023;15:27:12;00:00:57;250,0;21,1;19,5;18,0;20,9;20,0;0,0;186,1;1,86E2;-541,2;20,00;3,0;3,0;48,02;0,37;0,044;0,0;0,01;0,049
59;27.06.2023;15:27:13;00:00:58;250,0;21,1;19,5;18,0;20,9;20,0;0,0;178,4;1,78E2;-541,2;20,00;3,0;3,0;48,02;0,37;0,044;0,0;0,00;0,049
60;27.06.2023;15:27:14;00:00:59;250,0;21,1;19,5;18,0;20,9;20,0;0,0;175,0;1,75E2;-541,2;20,00;3,0;3,0;48,03;0,37;0,044;0,0;0,01;0,049
61;27.06.2023;15:27:15;00:01:00;250,0;21,1;19,5;18,0;20,9;20,0;0,0;165,9;1,66E2;-541,2;20,00;3,0;3,0;48,03;0,37;0,044;0,0;0,00;0,049
62;27.06.2023;15:27:16;00:01:01;250,0;21,0;19,5;18,0;20,9;20,0;0,0;152,5;1,53E2;-541,2;20,00;3,0;3,0;48,03;0,37;0,043;0,0;0,01;0,049
63;27.06.2023;15:27:17;00:01:02;250,0;21,0;19,5;18,0;20,9;20,0;0,0;146,6;1,47E2;-541,2;20,00;3,0;3,0;48,03;0,37;0,040;0,0;0,00;0,049
64;27.06.2023;15:27:18;00:01:03;250,0;20,9;19,5;18,0;20,9;20,0;0,0;135,6;1,36E2;-541,2;20,00;3,0;3,0;48,03;0,37;0,040;0,0;0,01;0,049
65;27.06.2023;15:27:19;00:01:04;250,0;20,8;19,5;17,9;20,9;20,0;0,0;124,9;1,25E2;-541,2;20,00;3,0;3,0;48,03;0,37;0,041;0,0;0,00;0,049
66;27.06.2023;15:27:20;00:01:05;250,0;20,8;19,5;17,9;20,9;20,0;0,0;120,4;1,20E2;-541,2;20,00;3,0;3,0;48,03;0,38;0,045;0,0;0,00;0,049
67;27.06.2023;15:27:21;00:01:06;250,0;20,8;19,5;17,9;20,9;20,0;0,0;111,8;1,12E2;-541,2;20,00;3,0;3,1;48,03;0,38;0,047;0,0;0,00;0,049
68;27.06.2023;15:27:22;00:01:07;250,0;20,8;19,5;17,9;20,9;20,0;0,0;107,8;1,08E2;-541,2;20,00;3,0;3,1;48,03;0,38;0,046;0,0;0,00;0,049
69;27.06.2023;15:27:23;00:01:08;250,0;20,6;19,4;17,8;20,8;20,0;0,0;100,1;1,00E2;-541,2;20,00;3,0;3,0;48,03;0,38;0,043;0,0;0,01;0,049
70;27.06.2023;15:27:24;00:01:09;250,0;20,5;19,4;17,8;20,8;20,0;0,0;93,1;9,31E1;-541,2;20,00;3,0;3,0;48,03;0,38;0,044;0,0;0,01;0,049
71;27.06.2023;15:27:25;00:01:10;250,0;20,5;19,4;17,8;20,8;20,0;0,0;89,7;8,97E1;-541,2;20,00;3,0;3,0;48,03;0,38;0,046;0,0;0,01;0,049
72;27.06.2023;15:27:26;00:01:11;250,0;20,5;19,3;17,8;20,8;20,0;0,0;83,0;8,30E1;-541,2;20,00;3,0;3,0;48,03;0,38;0,052;0,0;0,01;0,049
73;27.06.2023;15:27:27;00:01:12;250,0;20,4;19,3;17,8;20,8;20,0;0,0;77,2;7,72E1;-541,2;20,00;3,0;3,0;48,04;0,38;0,050;0,0;0,00;0,049
74;27.06.2023;15:27:28;00:01:13;250,0;20,4;19,3;17,8;20,8;20,0;0,0;74,5;7,45E1;-541,2;20,00;3,0;3,0;48,04;0,38;0,050;0,0;0,00;0,049
75;27.06.2023;15:27:29;00:01:14;250,0;20,4;19,3;17,8;20,8;20,0;0,0;69,0;6,90E1;-541,2;20,00;3,0;3,0;48,04;0,38;0,048;0,0;0,00;0,049
76;27.06.2023;15:27:30;00:01:15;250,0;20,4;19,3;17,8;20,8;20,0;0,0;64,1;6,41E1;-541,2;20,00;3,0;3,0;48,04;0,38;0,046;0,0;0,01;0,049
77;27.06.2023;15:27:31;00:01:16;250,0;20,4;19,3;17,8;20,8;20,0;0,0;61,7;6,17E1;-541,2;20,00;3,0;3,0;48,04;0,38;0,047;0,0;0,00;0,049
78;27.06.2023;15:27:32;00:01:17;250,0;20,3;19,4;17,8;20,8;20,0;0,0;56,7;5,67E1;-541,2;20,00;3,0;3,0;48,04;0,38;0,045;0,0;0,01;0,049
79;27.06.2023;15:27:33;00:01:18;250,0;20,3;19,4;17,8;20,8;20,0;0,0;52,7;5,27E1;-541,2;20,00;3,0;3,0;48,04;0,39;0,046;0,0;0,00;0,049
80;27.06.2023;15:27:34;00:01:19;250,0;20,2;19,4;17,8;20,8;20,0;0,0;50,5;5,05E1;-541,2;20,00;3,0;3,0;48,04;0,39;0,044;0,0;0,01;0,049
81;27.06.2023;15:27:35;00:01:20;250,0;20,2;19,4;17,8;20,8;20,0;0,0;47,0;4,70E1;-541,2;20,00;3,0;3,0;48,04;0,39;0,044;0,0;0,01;0,049
82;27.06.2023;15:27:36;00:01:21;250,0;20,2;19,4;17,8;20,8;20,0;0,0;45,5;4,55E1;-541,2;20,00;3,0;3,0;48,04;0,39;0,041;0,0;0,01;0,049
83;27.06.2023;15:27:37;00:01:22;250,0;20,2;19,4;17,8;20,9;20,0;0,0;42,2;4,22E1;-541,2;20,00;3,0;3,0;48,04;0,39;0,047;0,0;0,01;0,049
84;27.06.2023;15:27:38;00:01:23;250,0;20,1;19,4;17,8;20,9;20,0;0,0;38,9;3,89E1;-541,2;20,00;3,0;3,0;48,04;0,39;0,051;0,0;0,00;0,049
85;27.06.2023;15:27:39;00:01:24;250,0;20,1;19,4;17,8;20,9;20,0;0,0;37,6;3,76E1;-541,2;20,00;3,0;3,0;48,04;0,39;0,048;0,0;0,01;0,049
86;27.06.2023;15:27:40;00:01:25;250,0;20,1;19,4;17,8;20,9;20,0;0,0;34,8;3,48E1;-541,2;20,00;3,0;3,0;48,04;0,39;0,045;0,0;0,00;0,049
87;27.06.2023;15:27:41;00:01:26;250,0;20,1;19,4;17,8;20,9;20,0;0,0;32,3;3,23E1;-541,2;20,00;3,0;3,0;48,05;0,39;0,043;0,0;0,01;0,049
88;27.06.2023;15:27:42;00:01:27;250,0;20,0;19,4;17,8;20,9;20,0;0,0;31,0;3,10E1;-541,2;20,00;3,0;3,0;48,05;0,39;0,046;0,0;0,01;0,049
89;27.06.2023;15:27:43;00:01:28;250,0;20,0;19,3;17,8;20,8;20,0;0,0;28,5;2,85E1;-541,2;20,00;3,0;3,1;48,05;0,39;0,043;0,0;0,00;0,049
90;27.06.2023;15:27:44;00:01:29;250,0;19,9;19,3;17,8;20,8;20,0;0,0;27,0;2,70E1;-541,2;20,00;3,0;3,0;48,05;0,39;0,039;0,0;0,00;0,049
91;27.06.2023;15:27:45;00:01:30;250,0;19,9;19,3;17,8;20,8;20,0;0,0;25,7;2,57E1;-541,2;20,00;3,0;3,0;48,05;0,39;0,039;0,0;0,00;0,049
92;27.06.2023;15:27:46;00:01:31;250,0;19,9;19,3;17,8;20,8;20,0;0,0;23,6;2,36E1;-541,2;20,00;3,0;3,0;48,05;0,39;0,038;0,0;0,00;0,049
93;27.06.2023;15:27:47;00:01:32;250,0;19,9;19,3;17,8;20,8;20,0;0,0;21,8;2,18E1;-541,2;20,00;3,0;3,0;48,05;0,40;0,034;0,0;0,00;0,049
94;27.06.2023;15:27:48;00:01:33;250,0;19,9;19,3;17,8;20,8;20,0;0,0;21,2;2,12E1;-541,2;20,00;3,0;3,0;48,05;0,40;0,034;0,0;0,00;0,049
95;27.06.2023;15:27:49;00:01:34;250,0;19,8;19,3;17,8;20,9;20,0;0,0;19,9;1,99E1;-541,2;20,00;3,0;3,0;48,05;0,40;0,032;0,0;0,01;0,049
96;27.06.2023;15:27:50;00:01:35;250,0;19,8;19,3;17,8;20,9;20,0;0,0;19,1;1,91E1;-541,2;20,00;3,0;3,0;48,05;0,40;0,032;0,0;0,01;0,049
97;27.06.2023;15:27:51;00:01:36;250,0;19,8;19,3;17,8;20,9;20,0;0,0;17,7;1,77E1;-541,2;20,00;3,0;3,0;48,05;0,40;0,034;0,0;0,00;0,049
98;27.06.2023;15:27:52;00:01:37;250,0;19,8;19,3;17,8;20,9;20,0;0,0;16,4;1,64E1;-541,2;20,00;3,0;3,0;48,05;0,40;0,031;0,0;0,01;0,049
99;27.06.2023;15:27:53;00:01:38;250,0;19,8;19,3;17,8;20,9;20,0;0,0;15,7;1,57E1;-541,2;20,00;3,0;3,0;48,05;0,40;0,030;0,0;0,00;0,049
100;27.06.2023;15:27:54;00:01:39;250,0;19,7;19,3;17,8;20,9;20,0;0,0;14,6;1,46E1;-541,2;20,00;3,0;3,0;48,05;0,40;0,030;0,0;0,01;0,049
101;27.06.2023;15:27:55;00:01:40;250,0;19,7;19,3;17,8;20,9;20,0;0,0;13,7;1,37E1;-541,2;20,00;3,0;3,0;48,05;0,40;0,030;0,0;0,01;0,049
102;27.06.2023;15:27:56;00:01:41;250,0;19,7;19,3;17,8;20,9;20,0;0,0;13,2;1,32E1;-541,2;20,00;3,0;3,0;48,05;0,40;0,026;0,0;0,01;0,049
103;27.06.2023;15:27:57;00:01:42;250,0;19,7;19,4;17,8;20,9;20,0;0,0;12,1;1,21E1;-541,2;20,00;3,0;3,0;48,05;0,40;0,022;0,0;0,01;0,049
104;27.06.2023;15:27:58;00:01:43;250,0;19,7;19,4;17,8;20,9;20,0;0,0;11,4;1,14E1;-541,2;20,00;3,0;2,9;48,05;0,40;0,022;0,0;0,00;0,049
105;27.06.2023;15:27:59;00:01:44;250,0;19,7;19,4;17,8;20,9;20,0;0,0;11,0;1,10E1;-541,2;20,00;3,0;3,0;48,05;0,40;0,026;0,0;0,01;0,049
106;27.06.2023;15:28:00;00:01:45;250,0;19,6;19,4;17,8;20,9;20,0;0,0;10,1;1,01E1;-541,2;20,00;3,0;3,0;48,05;0,40;0,025;0,0;0,00;0,049
107;27.06.2023;15:28:01;00:01:46;250,0;19,6;19,4;17,8;20,9;20,0;0,0;9,8;9,80E0;-541,2;20,00;3,0;3,0;48,05;0,40;0,024;0,0;0,00;0,049
108;27.06.2023;15:28:02;00:01:47;250,0;19,6;19,4;17,8;20,9;20,0;0,0;8,5;8,50E0;-541,2;20,00;3,0;3,0;48,06;0,40;0,022;0,0;0,01;0,049
109;27.06.2023;15:28:03;00:01:48;250,0;19,5;19,3;17,8;20,9;20,0;0,0;7,8;7,76E0;-541,2;20,00;3,0;3,0;48,06;0,40;0,024;0,0;0,00;0,049
110;27.06.2023;15:28:04;00:01:49;250,0;19,5;19,3;17,8;20,9;20,0;0,0;7,4;7,42E0;-541,2;20,00;3,0;3,1;48,06;0,40;0,024;0,0;0,01;0,049
111;27.06.2023;15:28:05;00:01:50;250,0;19,5;19,3;17,8;20,9;20,0;0,0;6,6;6,64E0;-541,2;20,00;3,0;3,0;48,06;0,40;0,022;0,0;0,00;0,049
112;27.06.2023;15:28:06;00:01:51;250,0;19,5;19,3;17,8;20,9;20,0;0,0;6,1;6,07E0;-541,2;20,00;3,0;3,0;48,06;0,40;0,019;0,0;0,01;0,049
113;27.06.2023;15:28:07;00:01:52;250,0;19,5;19,3;17,8;20,9;20,0;0,0;5,9;5,86E0;-541,2;20,00;3,0;3,0;48,06;0,40;0,023;0,0;0,00;0,049
114;27.06.2023;15:28:08;00:01:53;250,0;19,4;19,3;17,8;20,9;20,0;0,0;5,3;5,31E0;-541,2;20,00;3,0;3,0;48,06;0,40;0,021;0,0;0,00;0,049
115;27.06.2023;15:28:09;00:01:54;250,0;19,4;19,3;17,8;20,9;20,0;0,0;4,7;4,70E0;-541,2;20,00;3,0;3,0;48,06;0,40;0,018;0,0;0,01;0,049
116;27.06.2023;15:28:10;00:01:55;250,0;19,4;19,3;17,8;20,9;20,0;0,0;4,5;4,55E0;-541,2;20,00;3,0;3,0;48,06;0,40;0,016;0,0;0,00;0,049
117;27.06.2023;15:28:11;00:01:56;250,0;19,4;19,3;17,8;20,9;20,0;0,0;4,2;4,25E0;-541,2;20,00;3,0;3,0;48,06;0,40;0,017;0,0;0,00;0,049
118;27.06.2023;15:28:12;00:01:57;250,0;19,4;19,3;17,8;20,9;20,0;0,0;3,8;3,83E0;-541,2;20,00;3,0;3,0;48,06;0,40;0,016;0,0;0,01;0,049
119;27.06.2023;15:28:13;00:01:58;250,0;19,4;19,3;17,8;20,9;20,0;0,0;3,7;3,68E0;-541,2;20,00;3,0;3,1;48,06;0,40;0,017;0,0;0,01;0,049
120;27.06.2023;15:28:14;00:01:59;250,0;19,3;19,3;17,8;20,9;20,0;0,0;3,3;3,35E0;-541,2;20,00;3,0;3,0;48,06;0,40;0,016;0,0;0,01;0,049
121;27.06.2023;15:28:15;00:02:00;250,0;19,3;19,3;17,8;20,9;20,0;0,0;3,2;3,22E0;-541,2;20,00;3,0;3,1;48,06;0,40;0,013;0,0;0,01;0,049
122;27.06.2023;15:28:16;00:02:01;250,0;19,3;19,3;17,9;20,9;20,0;0,0;3,1;3,06E0;-541,2;20,00;3,0;3,1;48,06;0,40;0,014;0,0;0,01;0,049
123;27.06.2023;15:28:17;00:02:02;250,0;19,3;19,3;17,9;20,9;20,0;0,0;2,8;2,79E0;-541,2;20,00;3,0;3,1;48,06;0,40;0,014;0,0;0,00;0,049
124;27.06.2023;15:28:18;00:02:03;250,0;19,3;19,3;17,9;20,9;20,0;0,0;2,7;2,72E0;-541,2;20,00;3,0;3,0;48,06;0,40;0,013;0,0;0,00;0,049
125;27.06.2023;15:28:19;00:02:04;250,0;19,3;19,3;17,9;20,9;20,0;0,0;2,5;2,52E0;-541,2;20,00;3,0;2,9;48,06;0,40;0,010;0,0;0,00;0,049
126;27.06.2023;15:28:20;00:02:05;250,0;19,3;19,3;17,9;20,9;20,0;0,0;2,3;2,32E0;-541,2;20,00;3,0;3,0;48,06;0,40;0,011;0,0;0,00;0,049
127;27.06.2023;15:28:21;00:02:06;250,0;19,3;19,3;17,9;20,9;20,0;0,0;2,3;2,26E0;-541,2;20,00;3,0;3,0;48,06;0,40;0,010;0,0;0,01;0,049
128;27.06.2023;15:28:22;00:02:07;250,0;19,3;19,3;17,9;20,9;20,0;0,0;2,1;2,05E0;-541,2;20,00;3,0;3,0;48,06;0,40;0,007;0,0;0,01;0,049
129;27.06.2023;15:28:23;00:02:08;250,0;19,3;19,3;17,9;20,9;20,0;0,0;1,9;1,92E0;-541,2;20,00;3,0;3,0;48,06;0,40;0,006;0,0;0,00;0,049
130;27.06.2023;15:28:24;00:02:09;250,0;19,3;19,3;17,9;20,9;20,0;0,0;1,9;1,86E0;-541,2;20,00;3,0;3,0;48,06;0,40;0,007;0,0;0,00;0,049
131;27.06.2023;15:28:25;00:02:10;250,0;19,3;19,3;17,9;21,0;20,0;0,0;1,8;1,77E0;-541,2;20,00;3,0;3,0;48,06;0,40;0,004;0,0;0,00;0,049
132;27.06.2023;15:28:26;00:02:11;250,0;19,2;19,3;17,9;21,0;20,0;0,0;1,7;1,66E0;-541,2;20,00;3,0;3,0;48,06;0,41;0,006;0,0;0,01;0,049
133;27.06.2023;15:28:27;00:02:12;250,0;19,2;19,3;17,9;21,0;20,0;0,0;1,6;1,61E0;-541,2;20,00;3,0;3,0;48,06;0,41;0,005;0,0;0,01;0,049
134;27.06.2023;15:28:28;00:02:13;250,0;19,2;19,3;17,9;21,0;20,0;0,0;1,6;1,55E0;-541,2;20,00;3,0;3,0;48,06;0,41;0,008;0,0;0,01;0,049
135;27.06.2023;15:28:29;00:02:14;250,0;19,2;19,3;17,9;21,0;20,0;0,0;1,5;1,51E0;-541,2;20,00;3,0;3,0;48,06;0,41;0,009;0,0;0,01;0,049
136;27.06.2023;15:28:30;00:02:15;250,0;19,2;19,3;18,0;21,0;20,0;0,0;1,4;1,43E0;-541,2;20,00;3,0;3,1;48,06;0,41;0,007;0,0;0,01;0,049
137;27.06.2023;15:28:31;00:02:16;250,0;19,2;19,4;18,0;21,0;20,0;0,0;1,3;1,35E0;-541,2;20,00;3,0;3,0;48,06;0,41;0,008;0,0;0,00;0,049
138;27.06.2023;15:28:32;00:02:17;250,0;19,2;19,4;18,0;21,0;20,0;0,0;1,3;1,31E0;-541,2;20,00;3,0;3,0;48,06;0,40;0,006;0,0;0,01;0,049
139;27.06.2023;15:28:33;00:02:18;250,0;19,2;19,4;18,0;21,0;20,0;0,0;1,2;1,24E0;-541,2;20,00;3,0;3,0;48,06;0,41;0,008;0,0;0,01;0,049
140;27.06.2023;15:28:34;00:02:19;250,0;19,2;19,4;18,0;21,0;20,0;0,0;1,2;1,18E0;-541,2;20,00;3,0;3,0;48,06;0,41;0,006;0,0;0,00;0,049
141;27.06.2023;15:28:35;00:02:20;250,0;19,2;19,4;18,0;21,0;20,0;0,0;1,2;1,17E0;-541,2;20,00;3,0;3,0;48,06;0,41;0,010;0,0;0,01;0,049
142;27.06.2023;15:28:36;00:02:21;250,0;19,1;19,4;18,0;21,0;20,0;0,0;1,1;1,10E0;-541,2;20,00;3,0;3,1;48,06;0,41;0,012;0,0;0,01;0,049
143;27.06.2023;15:28:37;00:02:22;250,0;19,1;19,4;18,0;21,0;20,0;0,0;1,1;1,06E0;-541,2;20,00;3,0;3,0;48,06;0,41;0,011;0,0;0,01;0,049
144;27.06.2023;15:28:38;00:02:23;250,0;19,1;19,4;18,0;21,0;20,0;0,0;1,0;9,99E-1;-541,2;20,00;3,0;3,0;48,06;0,41;0,007;0,0;0,00;0,049
145;27.06.2023;15:28:39;00:02:24;250,0;19,1;19,4;18,0;21,0;20,0;0,0;1,0;9,64E-1;-541,2;20,00;3,0;2,9;48,06;0,41;0,006;0,0;0,01;0,049
146;27.06.2023;15:28:40;00:02:25;250,0;19,1;19,4;18,0;21,0;20,0;0,0;0,9;9,46E-1;-541,2;20,00;3,0;3,0;48,06;0,41;0,005;0,0;0,01;0,049
147;27.06.2023;15:28:41;00:02:26;250,0;19,1;19,4;18,0;21,0;20,0;0,0;0,9;9,28E-1;-541,2;20,00;3,0;3,0;48,06;0,41;0,005;0,0;0,01;0,049
148;27.06.2023;15:28:42;00:02:27;250,0;19,1;19,4;18,0;21,0;20,0;0,0;0,9;8,95E-1;-541,2;20,00;3,0;3,0;48,06;0,41;0,011;0,0;0,01;0,049
149;27.06.2023;15:28:43;00:02:28;250,0;19,0;19,2;17,9;20,9;20,0;0,0;0,9;8,61E-1;-541,2;20,00;3,0;3,0;48,06;0,41;0,006;0,0;0,01;0,049
150;27.06.2023;15:28:44;00:02:29;250,0;19,0;19,2;17,9;20,9;20,0;0,0;0,8;8,45E-1;-541,2;20,00;3,0;3,0;48,06;0,41;0,006;0,0;0,01;0,049
151;27.06.2023;15:28:45;00:02:30;250,0;19,0;19,2;17,9;20,9;20,0;0,0;0,8;8,11E-1;-541,2;20,00;3,0;3,0;48,06;0,41;0,006;0,0;0,00;0,049
152;27.06.2023;15:28:46;00:02:31;250,0;19,0;19,2;17,9;20,9;20,0;0,0;0,8;7,95E-1;-541,2;20,00;3,0;3,0;48,06;0,41;0,005;0,0;0,00;0,049
153;27.06.2023;15:28:47;00:02:32;250,0;19,0;19,2;17,9;20,9;20,0;0,0;0,8;7,71E-1;-541,2;20,00;3,0;3,0;48,06;0,41;0,006;0,0;0,01;0,049
154;27.06.2023;15:28:48;00:02:33;250,0;18,9;19,2;17,9;20,9;20,0;0,0;0,7;7,46E-1;-541,2;20,00;3,0;3,0;48,06;0,41;0,007;0,0;0,00;0,049
155;27.06.2023;15:28:49;00:02:34;250,0;18,9;19,2;17,9;20,9;20,0;0,0;0,7;7,35E-1;-541,2;20,00;3,0;3,1;48,06;0,41;0,007;0,0;0,00;0,049
156;27.06.2023;15:28:50;00:02:35;250,0;18,9;19,2;17,9;20,9;20,0;0,0;0,7;7,12E-1;-541,2;20,00;3,0;2,9;48,06;0,41;0,001;0,0;0,00;0,049
157;27.06.2023;15:28:51;00:02:36;250,0;18,9;19,2;17,9;20,9;20,0;0,0;0,7;6,88E-1;-541,2;20,00;3,0;3,0;48,06;0,41;0,004;0,0;0,01;0,049
158;27.06.2023;15:28:52;00:02:37;250,0;18,9;19,2;17,9;20,9;20,0;0,0;0,7;6,76E-1;-541,2;20,00;3,0;3,0;48,06;0,41;0,004;0,0;0,00;0,049
159;27.06.2023;15:28:53;00:02:38;250,0;18,9;19,2;17,9;20,9;20,0;0,0;0,7;6,55E-1;-541,2;20,00;3,0;3,0;48,06;0,41;0,007;0,0;0,01;0,049
160;27.06.2023;15:28:54;00:02:39;250,0;18,9;19,3;18,0;20,9;20,0;0,0;0,6;6,33E-1;-541,2;20,00;3,0;3,0;48,06;0,41;0,005;0,0;0,01;0,049
161;27.06.2023;15:28:55;00:02:40;250,0;18,9;19,3;18,0;20,9;20,0;0,0;0,6;6,22E-1;-541,2;20,00;3,0;3,0;48,06;0,41;0,005;0,0;0,00;0,049
162;27.06.2023;15:28:56;00:02:41;250,0;18,9;19,3;18,0;20,9;20,0;0,0;0,6;6,02E-1;-541,2;20,00;3,0;3,0;48,06;0,41;0,007;0,0;0,01;0,049
163;27.06.2023;15:28:57;00:02:42;250,0;18,9;19,2;18,0;20,9;20,0;0,0;0,6;5,79E-1;-541,2;20,00;3,0;3,0;48,06;0,41;0,005;0,0;0,01;0,049
164;27.06.2023;15:28:58;00:02:43;250,0;18,9;19,2;18,0;20,9;20,0;0,0;0,6;5,69E-1;-541,2;20,00;3,0;3,0;48,06;0,41;0,006;0,0;0,00;0,049
165;27.06.2023;15:28:59;00:02:44;250,0;18,9;19,2;18,0;20,9;20,0;0,0;0,5;5,50E-1;-541,2;20,00;3,0;3,0;48,06;0,41;0,005;0,0;0,00;0,049
166;27.06.2023;15:29:00;00:02:45;250,0;18,9;19,3;18,0;20,9;20,0;0,0;0,5;5,40E-1;-541,2;20,00;3,0;3,0;48,06;0,41;0,004;0,0;0,00;0,049
167;27.06.2023;15:29:01;00:02:46;250,0;18,9;19,3;18,0;21,0;20,0;0,0;0,5;5,24E-1;-541,2;20,00;3,0;3,0;48,06;0,41;0,002;0,0;0,01;0,049
168;27.06.2023;15:29:02;00:02:47;250,0;18,9;19,2;18,0;21,0;20,0;0,0;0,5;5,10E-1;-541,2;20,00;3,0;3,0;48,06;0,41;0,003;0,0;0,01;0,049
169;27.06.2023;15:29:03;00:02:48;250,0;18,9;19,2;18,0;21,0;20,0;0,0;0,5;5,02E-1;-541,2;20,00;3,0;3,0;48,06;0,41;0,001;0,0;0,01;0,049
170;27.06.2023;15:29:04;00:02:49;250,0;18,9;19,2;18,0;21,0;20,0;0,0;0,5;4,87E-1;-541,2;20,00;3,0;3,0;48,06;0,41;0,003;0,0;0,01;0,049
171;27.06.2023;15:29:05;00:02:50;250,0;18,9;19,2;18,0;21,0;20,0;0,0;0,5;4,74E-1;-541,2;20,00;3,0;2,9;48,06;0,41;0,001;0,0;0,01;0,049
172;27.06.2023;15:29:06;00:02:51;250,0;18,9;19,2;18,0;21,0;20,0;0,0;0,5;4,68E-1;-541,2;20,00;3,0;3,0;48,06;0,41;0,000;0,0;0,00;0,049
173;27.06.2023;15:29:07;00:02:52;250,0;18,8;19,2;18,0;21,0;20,0;0,0;0,5;4,54E-1;-541,2;20,00;3,0;3,0;48,06;0,41;0,003;0,0;0,00;0,049
174;27.06.2023;15:29:08;00:02:53;250,0;18,8;19,2;18,0;21,0;20,0;0,0;0,4;4,41E-1;-541,2;20,00;3,0;3,0;48,06;0,41;0,002;0,0;0,01;0,049
175;27.06.2023;15:29:09;00:02:54;250,0;18,8;19,2;18,0;21,0;20,0;0,0;0,4;4,35E-1;-541,2;20,00;3,0;3,0;48,06;0,41;0,000;0,0;0,01;0,049
176;27.06.2023;15:29:10;00:02:55;250,0;18,8;19,2;18,0;21,0;20,0;0,1;22,2;2,22E1;-541,2;20,00;3,0;2,9;48,06;0,41;-0,002;0,0;0,01;0,049
177;27.06.2023;15:29:11;00:02:56;250,0;18,8;19,2;18,0;21,0;20,0;0,1;87,0;8,70E1;-541,2;20,00;3,0;3,0;48,06;0,41;0,001;0,0;0,01;0,049
178;27.06.2023;15:29:12;00:02:57;250,0;18,8;19,2;18,0;21,0;20,0;0,1;113,4;1,13E2;-541,2;20,00;3,0;3,0;48,06;0,41;0,005;0,0;0,01;0,049
179;27.06.2023;15:29:13;00:02:58;250,0;18,8;19,2;18,0;21,0;20,0;0,1;169,0;1,69E2;-541,2;20,00;3,0;3,0;48,06;0,41;0,004;0,0;0,00;0,049
180;27.06.2023;15:29:14;00:02:59;250,0;18,8;19,2;18,0;21,0;20,0;0,1;194,9;1,95E2;-541,2;20,00;3,0;3,0;48,06;0,41;0,007;0,0;0,01;0,049
181;27.06.2023;15:29:15;00:03:00;250,0;18,9;19,2;18,0;21,0;20,0;0,1;255,8;2,56E2;-541,2;20,00;3,0;3,0;48,06;0,41;0,002;0,0;0,01;0,049
182;27.06.2023;15:29:16;00:03:01;250,0;18,9;19,3;18,0;21,0;20,0;0,1;311,6;3,12E2;-541,2;20,00;3,0;3,0;48,06;0,41;0,002;0,0;0,01;0,049
183;27.06.2023;15:29:17;00:03:02;250,0;18,9;19,3;18,0;21,0;20,0;0,1;339,5;3,39E2;-541,2;20,00;3,0;2,9;48,06;0,41;0,001;0,0;0,00;0,049
184;27.06.2023;15:29:18;00:03:03;250,0;18,9;19,3;18,1;21,0;20,0;0,1;396,6;3,97E2;-541,2;20,00;3,0;3,0;48,06;0,41;0,000;0,0;0,01;0,049
185;27.06.2023;15:29:19;00:03:04;250,0;19,0;19,3;18,1;21,0;20,0;0,1;451,2;4,51E2;-541,2;20,00;3,0;3,0;48,06;0,41;-0,005;0,0;0,01;0,049
186;27.06.2023;15:29:20;00:03:05;250,0;19,1;19,3;18,1;21,0;20,0;0,1;479,3;4,79E2;-535,0;20,00;3,0;3,0;48,06;0,41;-0,005;0,0;0,01;0,049
187;27.06.2023;15:29:21;00:03:06;250,0;19,1;19,3;18,1;21,0;20,0;0,1;535,9;5,36E2;-475,3;20,00;3,0;3,0;48,06;0,41;-0,012;0,0;0,01;0,049
188;27.06.2023;15:29:22;00:03:07;250,0;19,2;19,3;18,2;21,0;20,0;0,1;590,7;5,91E2;-420,3;20,00;3,0;3,0;48,06;0,41;-0,020;0,0;0,01;0,049
189;27.06.2023;15:29:23;00:03:08;250,0;19,2;19,3;18,2;21,0;20,0;0,1;617,6;6,18E2;-394,7;20,00;3,0;3,0;48,06;0,41;-0,023;0,0;0,01;0,049
190;27.06.2023;15:29:24;00:03:09;250,0;19,2;19,3;18,2;21,0;20,0;0,1;673,1;6,73E2;-338,8;20,00;3,0;3,0;48,06;0,40;-0,032;0,0;0,00;0,049
191;27.06.2023;15:29:25;00:03:10;250,0;19,3;19,3;18,2;21,0;20,0;0,1;700,1;7,00E2;-313,0;20,00;3,0;3,0;48,06;0,40;-0,036;0,0;0,01;0,049
192;27.06.2023;15:29:26;00:03:11;250,0;19,3;19,3;18,2;21,0;20,0;0,1;754,6;7,55E2;-256,9;20,00;3,0;2,9;48,06;0,40;-0,051;0,0;0,00;0,049
193;27.06.2023;15:29:27;00:03:12;250,0;19,4;19,3;18,3;21,0;20,0;0,1;814,5;8,14E2;-200,5;20,00;3,0;3,0;48,06;0,40;-0,063;0,0;0,01;0,049
194;27.06.2023;15:29:28;00:03:13;250,0;19,4;19,3;18,4;21,0;20,0;0,1;841,7;8,42E2;-170,4;20,00;3,0;3,0;48,05;0,40;-0,065;0,0;0,01;0,049
195;27.06.2023;15:29:29;00:03:14;250,0;19,4;19,3;18,4;21,0;20,0;0,1;896,4;8,96E2;-118,6;20,00;3,0;3,0;48,05;0,40;-0,075;0,0;0,01;0,049
196;27.06.2023;15:29:30;00:03:15;250,0;19,5;19,3;18,5;21,0;20,0;0,1;950,1;9,50E2;-62,8;20,00;3,0;3,0;48,05;0,40;-0,080;0,0;0,01;0,049
197;27.06.2023;15:29:31;00:03:16;250,0;19,5;19,3;18,5;21,0;20,0;0,1;978,3;9,78E2;-36,8;20,00;3,0;3,0;48,05;0,39;-0,083;0,0;0,00;0,049
198;27.06.2023;15:29:32;00:03:17;250,0;19,6;19,4;18,6;21,0;20,0;0,1;1030,3;1,03E3;18,4;20,00;3,0;3,0;48,05;0,39;-0,095;0,0;0,01;0,049
199;27.06.2023;15:29:33;00:03:18;250,0;19,6;19,4;18,6;21,0;20,0;0,1;1024,8;1,02E3;14,3;20,00;3,0;3,0;48,05;0,39;-0,098;0,0;0,01;0,049
200;27.06.2023;15:29:34;00:03:19;250,0;19,6;19,4;18,6;21,0;20,0;0,1;1046,8;1,05E3;36,2;20,00;3,0;3,0;48,04;0,39;-0,093;0,0;0,01;0,049
201;27.06.2023;15:29:35;00:03:20;250,0;19,7;19,4;18,7;21,0;20,0;0,0;1033,7;1,03E3;23,0;20,00;3,0;3,0;48,04;0,39;-0,086;0,0;0,01;0,049
202;27.06.2023;15:29:36;00:03:21;250,0;19,7;19,4;18,8;21,0;20,0;0,0;1041,6;1,04E3;25,5;20,00;3,0;3,0;48,04;0,39;-0,065;0,0;0,01;0,049
203;27.06.2023;15:29:37;00:03:22;250,0;19,7;19,4;18,8;21,0;20,0;0,0;1052,0;1,05E3;41,5;20,00;3,0;2,9;48,04;0,39;-0,054;0,0;0,01;0,049
204;27.06.2023;15:29:38;00:03:23;250,0;19,7;19,4;18,9;21,0;20,0;0,0;1043,2;1,04E3;32,2;20,00;3,0;3,0;48,04;0,39;-0,045;0,0;0,01;0,049
205;27.06.2023;15:29:39;00:03:24;250,0;19,7;19,4;18,9;21,0;20,0;0,0;1039,9;1,04E3;29,2;20,00;3,0;3,1;48,04;0,39;-0,036;0,0;0,00;0,049
206;27.06.2023;15:29:40;00:03:25;250,0;19,8;19,4;19,0;21,0;20,0;0,0;1034,7;1,03E3;23,8;20,00;3,0;3,0;48,04;0,39;-0,028;0,0;0,00;0,049
207;27.06.2023;15:29:41;00:03:26;250,0;19,8;19,4;19,0;21,0;20,0;0,0;1030,9;1,03E3;20,1;20,00;3,0;3,0;48,04;0,39;-0,019;0,0;0,01;0,049
208;27.06.2023;15:29:42;00:03:27;250,0;19,7;19,4;19,0;21,0;20,0;0,0;1029,3;1,03E3;18,5;20,00;3,0;3,0;48,04;0,39;-0,020;0,0;0,01;0,049
209;27.06.2023;15:29:43;00:03:28;250,0;19,8;19,4;19,0;21,0;20,0;0,0;1051,6;1,05E3;31,8;20,00;3,0;3,0;48,04;0,39;-0,011;0,0;0,01;0,049
210;27.06.2023;15:29:44;00:03:29;250,0;19,8;19,4;19,1;21,0;20,0;0,0;1053,7;1,05E3;43,0;20,00;3,0;3,0;48,04;0,39;-0,009;0,0;0,01;0,049
211;27.06.2023;15:29:45;00:03:30;250,0;19,7;19,4;19,1;21,0;20,0;0,0;1051,6;1,05E3;40,9;20,00;3,0;2,9;48,04;0,39;-0,009;0,0;0,00;0,049
212;27.06.2023;15:29:46;00:03:31;250,0;19,7;19,4;19,2;21,0;20,0;0,0;1048,0;1,05E3;37,4;20,00;3,0;3,0;48,04;0,39;-0,004;0,0;0,01;0,049
213;27.06.2023;15:29:47;00:03:32;250,0;19,7;19,4;19,2;21,0;20,0;0,0;1045,5;1,05E3;34,8;20,00;3,0;3,0;48,04;0,39;-0,006;0,0;0,01;0,049
214;27.06.2023;15:29:48;00:03:33;250,0;19,7;19,4;19,3;21,0;20,0;0,0;1044,4;1,04E3;33,9;20,00;3,0;3,0;48,04;0,39;-0,007;0,0;0,01;0,049
215;27.06.2023;15:29:49;00:03:34;250,0;19,7;19,4;19,3;21,0;20,0;0,0;1042,7;1,04E3;32,0;20,00;3,0;3,0;48,04;0,39;-0,003;0,0;0,01;0,049
216;27.06.2023;15:29:50;00:03:35;250,0;19,6;19,4;19,4;21,0;20,0;0,0;1041,2;1,04E3;30,5;20,00;3,0;3,0;48,04;0,39;-0,004;0,0;0,01;0,048
217;27.06.2023;15:29:51;00:03:36;250,0;19,6;19,4;19,4;21,0;20,0;0,1;1040,5;1,04E3;29,9;20,00;3,0;3,1;48,04;0,39;0,000;0,0;0,00;0,049
218;27.06.2023;15:29:52;00:03:37;250,0;19,6;19,4;19,4;21,0;20,0;0,1;1039,2;1,04E3;28,6;20,00;3,0;3,0;48,04;0,39;0,000;0,0;0,01;0,049
219;27.06.2023;15:29:53;00:03:38;250,0;19,6;19,4;19,4;21,0;20,0;0,1;1038,7;1,04E3;28,1;20,00;3,0;3,0;48,04;0,39;0,000;0,0;0,01;0,049
220;27.06.2023;15:29:54;00:03:39;250,0;19,6;19,4;19,4;21,0;20,0;0,1;1037,8;1,04E3;27,2;20,00;3,0;3,0;48,04;0,39;-0,004;0,0;0,00;0,049
221;27.06.2023;15:29:55;00:03:40;250,0;19,6;19,4;19,4;21,0;20,0;0,1;1036,9;1,04E3;26,3;20,00;3,0;3,0;48,04;0,39;-0,003;0,0;0,01;0,049
222;27.06.2023;15:29:56;00:03:41;250,0;19,5;19,4;19,4;21,0;20,0;0,1;1036,6;1,04E3;25,9;20,00;3,0;3,0;48,04;0,39;-0,003;0,0;0,01;0,049
223;27.06.2023;15:29:57;00:03:42;250,0;19,5;19,4;19,4;20,9;20,0;0,1;1035,9;1,04E3;25,3;20,00;3,0;3,0;48,04;0,39;-0,001;0,0;0,01;0,049
224;27.06.2023;15:29:58;00:03:43;250,0;19,5;19,4;19,5;20,9;20,0;0,1;1035,3;1,04E3;24,7;20,00;3,0;3,0;48,04;0,39;0,002;0,0;0,01;0,049
225;27.06.2023;15:29:59;00:03:44;250,0;19,5;19,4;19,5;20,9;20,0;0,1;1035,0;1,04E3;24,4;20,00;3,0;3,0;48,04;0,39;0,001;0,0;0,01;0,049
226;27.06.2023;15:30:00;00:03:45;250,0;19,5;19,4;19,5;20,9;20,0;0,1;1034,6;1,03E3;24,1;20,00;3,0;3,0;48,04;0,39;-0,002;0,0;0,01;0,049
227;27.06.2023;15:30:01;00:03:46;250,0;19,5;19,4;19,5;20,9;20,0;0,1;1034,1;1,03E3;23,5;20,00;3,0;3,0;48,04;0,39;-0,003;0,0;0,01;0,049
228;27.06.2023;15:30:02;00:03:47;250,0;19,5;19,4;19,5;20,9;20,0;0,1;1034,0;1,03E3;23,5;20,00;3,0;3,0;48,04;0,39;-0,001;0,0;0,01;0,049
229;27.06.2023;15:30:03;00:03:48;250,0;19,6;19,4;19,5;21,1;20,0;0,1;1033,7;1,03E3;23,2;20,00;3,0;3,0;48,04;0,39;-0,001;0,0;0,01;0,049
230;27.06.2023;15:30:04;00:03:49;250,0;19,6;19,6;19,6;21,1;20,0;0,1;1033,5;1,03E3;22,9;20,00;3,0;3,0;48,04;0,39;-0,001;0,0;0,01;0,049
231;27.06.2023;15:30:05;00:03:50;250,0;19,6;19,6;19,6;21,1;20,0;0,1;1033,2;1,03E3;22,6;20,00;3,0;3,0;48,04;0,39;0,001;0,0;0,01;0,049
232;27.06.2023;15:30:06;00:03:51;250,0;19,5;19,6;19,6;21,1;20,0;0,1;1032,9;1,03E3;22,3;20,00;3,0;3,0;48,04;0,39;0,001;0,0;0,01;0,049
233;27.06.2023;15:30:07;00:03:52;250,0;19,5;19,6;19,6;21,1;20,0;0,1;1032,8;1,03E3;22,3;20,00;3,0;3,0;48,04;0,39;-0,001;0,0;0,01;0,049
234;27.06.2023;15:30:08;00:03:53;250,0;19,5;19,6;19,6;21,1;20,0;0,1;1032,6;1,03E3;22,0;20,00;3,0;3,0;48,04;0,39;0,001;0,0;0,00;0,049
235;27.06.2023;15:30:09;00:03:54;250,0;19,5;19,6;19,6;21,0;20,0;0,1;1032,4;1,03E3;21,9;20,00;3,0;3,0;48,04;0,39;0,001;0,0;0,01;0,049
236;27.06.2023;15:30:10;00:03:55;250,0;19,5;19,6;19,6;21,0;20,0;0,1;1032,3;1,03E3;21,7;20,00;3,0;3,0;48,04;0,39;0,003;0,0;0,01;0,049
237;27.06.2023;15:30:11;00:03:56;250,0;19,5;19,6;19,6;21,0;20,0;0,1;1032,1;1,03E3;21,5;20,00;3,0;3,0;48,04;0,39;0,005;0,0;0,01;0,049
238;27.06.2023;15:30:12;00:03:57;250,0;19,4;19,6;19,6;21,0;20,0;0,1;1032,0;1,03E3;21,4;20,00;3,0;3,0;48,04;0,39;0,000;0,0;0,01;0,049
239;27.06.2023;15:30:13;00:03:58;250,0;19,4;19,6;19,6;21,0;20,0;0,1;1031,9;1,03E3;21,3;20,00;3,0;3,0;48,04;0,39;0,004;0,0;0,00;0,049
240;27.06.2023;15:30:14;00:03:59;250,0;19,4;19,6;19,6;21,0;20,0;0,1;1031,7;1,03E3;21,1;20,00;3,0;3,0;48,04;0,39;0,003;0,0;0,00;0,049
241;27.06.2023;15:30:15;00:04:00;250,0;19,4;19,6;19,6;21,0;20,0;0,1;1031,6;1,03E3;21,1;20,00;3,0;3,0;48,04;0,39;0,002;0,0;0,01;0,049
242;27.06.2023;15:30:16;00:04:01;250,0;19,4;19,6;19,6;21,0;20,0;0,1;1031,6;1,03E3;21,0;20,00;3,0;2,9;48,04;0,39;0,000;0,0;0,01;0,049
243;27.06.2023;15:30:17;00:04:02;250,0;19,4;19,6;19,6;21,0;20,0;0,1;1031,4;1,03E3;20,8;20,00;3,0;3,0;48,04;0,39;0,001;0,0;0,01;0,049
244;27.06.2023;15:30:18;00:04:03;250,0;19,4;19,6;19,6;21,0;20,0;0,1;1031,4;1,03E3;20,8;20,00;3,0;2,9;48,04;0,39;-0,001;0,0;0,01;0,049
245;27.06.2023;15:30:19;00:04:04;250,0;19,4;19,6;19,6;21,0;20,0;0,1;1031,3;1,03E3;20,8;20,00;3,0;3,0;48,04;0,39;0,001;0,0;0,00;0,049
246;27.06.2023;15:30:20;00:04:05;250,0;19,3;19,6;19,5;21,0;20,0;0,1;1031,2;1,03E3;20,6;20,00;3,0;3,0;48,04;0,39;0,000;0,0;0,00;0,049
247;27.06.2023;15:30:21;00:04:06;250,0;19,3;19,6;19,5;21,0;20,0;0,1;1031,2;1,03E3;20,6;20,00;3,0;3,0;48,04;0,39;0,002;0,0;0,01;0,049
248;27.06.2023;15:30:22;00:04:07;250,0;19,3;19,6;19,5;21,0;20,0;0,1;1031,1;1,03E3;20,5;20,00;3,0;3,0;48,04;0,39;0,003;0,0;0,00;0,049
249;27.06.2023;15:30:23;00:04:08;250,0;19,4;19,6;19,6;21,1;20,0;0,1;1031,0;1,03E3;20,5;20,00;3,0;3,0;48,04;0,39;0,003;0,0;0,00;0,049
250;27.06.2023;15:30:24;00:04:09;250,0;19,4;19,6;19,6;21,1;20,0;0,1;1031,0;1,03E3;20,5;20,00;3,0;3,0;48,04;0,39;0,005;0,0;0,00;0,049
251;27.06.2023;15:30:25;00:04:10;250,0;19,4;19,6;19,6;21,1;20,0;0,1;1031,0;1,03E3;20,4;20,00;3,0;3,0;48,04;0,39;0,002;0,0;0,01;0,049
252;27.06.2023;15:30:26;00:04:11;250,0;19,3;19,6;19,5;21,1;20,0;0,1;1030,9;1,03E3;20,3;20,00;3,0;3,0;48,04;0,39;0,002;0,0;0,01;0,049
253;27.06.2023;15:30:27;00:04:12;250,0;19,3;19,6;19,5;21,1;20,0;0,1;1030,9;1,03E3;20,2;20,00;3,0;3,0;48,04;0,39;0,004;0,0;0,00;0,049
254;27.06.2023;15:30:28;00:04:13;250,0;19,3;19,6;19,5;21,1;20,0;0,1;1030,8;1,03E3;20,1;20,00;3,0;3,0;48,04;0,39;-0,001;0,0;0,00;0,049
255;27.06.2023;15:30:29;00:04:14;250,0;19,3;19,6;19,5;21,1;20,0;0,1;1030,7;1,03E3;20,1;20,00;3,0;3,0;48,04;0,39;0,000;0,0;0,01;0,049
256;27.06.2023;15:30:30;00:04:15;250,0;19,3;19,6;19,5;21,1;20,0;0,1;1030,7;1,03E3;20,1;20,00;3,0;3,0;48,04;0,39;0,000;0,0;0,01;0,049
257;27.06.2023;15:30:31;00:04:16;250,0;19,3;19,6;19,5;21,1;20,0;0,1;1030,6;1,03E3;20,1;20,00;3,0;3,0;48,04;0,39;0,002;0,0;0,01;0,049
258;27.06.2023;15:30:32;00:04:17;250,0;19,3;19,6;19,4;21,1;20,0;0,1;1030,6;1,03E3;20,1;20,00;3,0;3,0;48,04;0,39;0,001;0,0;0,01;0,049
259;27.06.2023;15:30:33;00:04:18;250,0;19,2;19,6;19,4;21,1;20,0;0,1;1030,6;1,03E3;20,1;20,00;3,0;3,0;48,04;0,39;0,001;0,0;0,01;0,049
260;27.06.2023;15:30:34;00:04:19;250,0;19,2;19,6;19,4;21,1;20,0;0,1;1030,5;1,03E3;19,8;20,00;3,0;3,0;48,04;0,39;-0,002;0,0;0,00;0,049
261;27.06.2023;15:30:35;00:04:20;250,0;19,2;19,6;19,4;21,1;20,0;0,1;1030,5;1,03E3;19,8;20,00;3,0;3,0;48,04;0,39;-0,002;0,0;0,00;0,049
262;27.06.2023;15:30:36;00:04:21;250,0;19,2;19,6;19,4;21,1;20,0;0,1;1030,5;1,03E3;19,8;20,00;3,0;3,0;48,04;0,39;0,000;0,0;0,01;0,049
263;27.06.2023;15:30:37;00:04:22;250,0;19,2;19,6;19,4;21,0;20,0;0,1;1030,5;1,03E3;19,8;20,00;3,0;2,9;48,04;0,39;-0,002;0,0;0,01;0,049
264;27.06.2023;15:30:38;00:04:23;250,0;19,2;19,6;19,4;21,0;20,0;0,1;1030,4;1,03E3;19,8;20,00;3,0;2,9;48,04;0,39;-0,002;0,0;0,00;0,049
265;27.06.2023;15:30:39;00:04:24;250,0;19,2;19,6;19,3;21,0;20,0;0,1;1030,4;1,03E3;19,8;20,00;3,0;3,0;48,04;0,39;0,002;0,0;0,00;0,049
266;27.06.2023;15:30:40;00:04:25;250,0;19,2;19,6;19,3;21,0;20,0;0,1;1030,3;1,03E3;19,8;20,00;3,0;3,0;48,04;0,39;0,001;0,0;0,01;0,049
267;27.06.2023;15:30:41;00:04:26;250,0;19,2;19,6;19,3;21,0;20,0;0,1;1030,3;1,03E3;19,8;20,00;3,0;3,0;48,04;0,39;-0,001;0,0;0,01;0,049
268;27.06.2023;15:30:42;00:04:27;250,0;19,2;19,6;19,3;21,0;20,0;0,1;1030,3;1,03E3;19,8;20,00;3,0;2,9;48,04;0,39;-0,005;0,0;0,01;0,049
269;27.06.2023;15:30:43;00:04:28;250,0;19,1;19,6;19,3;21,0;20,0;0,1;1030,2;1,03E3;19,8;20,00;3,0;3,0;48,04;0,39;-0,001;0,0;0,00;0,049
270;27.06.2023;15:30:44;00:04:29;250,0;19,1;19,6;19,3;21,0;20,0;0,1;1030,2;1,03E3;19,8;20,00;3,0;3,0;48,04;0,39;0,001;0,0;0,00;0,049
271;27.06.2023;15:30:45;00:04:30;250,0;19,1;19,6;19,2;21,0;20,0;0,1;1030,2;1,03E3;19,7;20,00;3,0;3,0;48,04;0,39;0,001;0,0;0,01;0,049
272;27.06.2023;15:30:46;00:04:31;250,0;19,1;19,6;19,2;21,0;20,0;0,1;1030,2;1,03E3;19,5;20,00;3,0;2,9;48,04;0,39;-0,001;0,0;0,01;0,049
273;27.06.2023;15:30:47;00:04:32;250,0;19,1;19,6;19,2;21,0;20,0;0,1;1030,2;1,03E3;19,5;20,00;3,0;2,9;48,04;0,39;0,001;0,0;0,01;0,049
274;27.06.2023;15:30:48;00:04:33;250,0;19,1;19,6;19,2;21,0;20,0;0,1;1030,1;1,03E3;19,5;20,00;3,0;3,0;48,04;0,39;0,005;0,0;0,00;0,049
275;27.06.2023;15:30:49;00:04:34;250,0;19,1;19,6;19,2;21,0;20,0;0,1;1030,1;1,03E3;19,5;20,00;3,0;3,0;48,04;0,39;0,003;0,0;0,00;0,049
276;27.06.2023;15:30:50;00:04:35;250,0;19,1;19,5;19,2;21,0;20,0;0,1;1030,1;1,03E3;19,5;20,00;3,0;2,9;48,04;0,39;-0,001;0,0;0,01;0,049
277;27.06.2023;15:30:51;00:04:36;250,0;19,0;19,5;19,2;21,0;20,0;0,1;1030,1;1,03E3;19,5;20,00;3,0;3,0;48,04;0,39;0,001;0,0;0,00;0,049
278;27.06.2023;15:30:52;00:04:37;250,0;19,0;19,6;19,2;21,0;20,0;0,1;1030,1;1,03E3;19,5;20,00;3,0;3,0;48,04;0,39;-0,003;0,0;0,01;0,049
279;27.06.2023;15:30:53;00:04:38;250,0;19,0;19,6;19,2;21,0;20,0;0,1;1030,1;1,03E3;19,5;20,00;3,0;3,0;48,04;0,39;0,001;0,0;0,01;0,049
280;27.06.2023;15:30:54;00:04:39;250,0;19,0;19,6;19,2;21,0;20,0;0,1;1030,0;1,03E3;19,5;20,00;3,0;3,0;48,04;0,39;0,001;0,0;0,01;0,049
281;27.06.2023;15:30:55;00:04:40;250,0;19,0;19,6;19,2;21,0;20,0;0,1;1030,0;1,03E3;19,5;20,00;3,0;3,0;48,04;0,39;0,000;0,0;0,01;0,049
282;27.06.2023;15:30:56;00:04:41;250,0;19,0;19,6;19,1;21,0;20,0;0,1;1030,0;1,03E3;19,5;20,00;3,0;3,0;48,04;0,39;0,001;0,0;0,00;0,049
283;27.06.2023;15:30:57;00:04:42;250,0;19,0;19,6;19,1;21,0;20,0;0,1;1030,0;1,03E3;19,5;20,00;3,0;3,0;48,04;0,39;-0,002;0,0;0,00;0,049
284;27.06.2023;15:30:58;00:04:43;250,0;19,0;19,6;19,1;21,0;20,0;0,1;1030,0;1,03E3;19,5;20,00;3,0;3,0;48,04;0,39;0,000;0,0;0,01;0,049
285;27.06.2023;15:30:59;00:04:44;250,0;19,0;19,6;19,1;21,0;20,0;0,1;1029,9;1,03E3;19,5;20,00;3,0;3,0;48,04;0,39;0,002;0,0;0,01;0,049
286;27.06.2023;15:31:00;00:04:45;250,0;19,0;19,6;19,1;21,0;20,0;0,1;1029,9;1,03E3;19,5;20,00;3,0;3,0;48,04;0,39;-0,003;0,0;0,00;0,049
287;27.06.2023;15:31:01;00:04:46;250,0;19,0;19,6;19,1;21,0;20,0;0,1;1029,9;1,03E3;19,5;20,00;3,0;3,0;48,04;0,39;-0,002;0,0;0,01;0,049
288;27.06.2023;15:31:02;00:04:47;250,0;18,9;19,6;19,1;21,0;20,0;0,2;1029,9;1,03E3;19,3;20,00;3,0;3,0;48,04;0,39;-0,001;0,0;0,01;0,049
289;27.06.2023;15:31:03;00:04:48;250,0;18,9;19,6;19,1;21,0;20,0;0,2;1029,9;1,03E3;19,3;20,00;3,0;2,9;48,04;0,39;-0,002;0,0;0,01;0,049
290;27.06.2023;15:31:04;00:04:49;250,0;19,0;19,6;19,1;21,0;20,0;0,2;1029,8;1,03E3;19,3;20,00;3,0;3,0;48,04;0,39;0,001;0,0;0,01;0,049
291;27.06.2023;15:31:05;00:04:50;250,0;18,9;19,6;19,1;21,0;20,0;0,2;1029,8;1,03E3;19,2;20,00;3,0;3,0;48,04;0,39;0,001;0,0;0,00;0,049
292;27.06.2023;15:31:06;00:04:51;250,0;18,9;19,6;19,1;21,0;20,0;0,2;1029,9;1,03E3;19,3;20,00;3,0;3,0;48,04;0,39;-0,003;0,0;0,01;0,049
293;27.06.2023;15:31:07;00:04:52;250,0;18,9;19,6;19,0;21,0;20,0;0,2;1029,8;1,03E3;19,2;20,00;3,0;3,0;48,04;0,39;-0,002;0,0;0,01;0,049
294;27.06.2023;15:31:08;00:04:53;250,0;18,9;19,6;19,0;21,0;20,0;0,2;1029,8;1,03E3;19,3;20,00;3,0;3,0;48,04;0,39;-0,001;0,0;0,01;0,049
295;27.06.2023;15:31:09;00:04:54;250,0;18,9;19,6;19,0;21,0;20,0;0,2;1029,8;1,03E3;19,3;20,00;3,0;3,0;48,04;0,39;0,001;0,0;0,00;0,049
296;27.06.2023;15:31:10;00:04:55;250,0;18,9;19,5;19,0;21,0;20,0;0,0;1029,7;1,03E3;19,2;20,00;3,0;3,0;48,04;0,39;0,003;0,0;0,01;0,049
297;27.06.2023;15:31:11;00:04:56;250,0;18,9;19,5;19,0;21,0;20,0;0,0;1029,7;1,03E3;19,2;20,00;3,0;3,0;48,04;0,39;0,001;0,0;0,01;0,049
298;27.06.2023;15:31:12;00:04:57;250,0;18,9;19,5;19,0;21,0;20,0;0,0;1029,7;1,03E3;19,2;20,00;3,0;3,0;48,04;0,39;0,000;0,0;0,00;0,049
299;27.06.2023;15:31:13;00:04:58;250,0;18,9;19,5;19,0;20,9;20,0;0,0;1029,7;1,03E3;19,2;20,00;3,0;3,1;48,04;0,39;0,003;0,0;0,00;0,049
300;27.06.2023;15:31:14;00:04:59;250,0;18,9;19,5;19,0;20,9;20,0;0,0;1029,7;1,03E3;19,2;20,00;3,0;3,0;48,04;0,39;0,002;0,0;0,01;0,049
301;27.06.2023;15:31:15;00:05:00;250,0;18,9;19,5;19,0;20,9;20,0;0,0;1029,6;1,03E3;19,2;20,00;3,0;3,0;48,04;0,39;0,000;0,0;0,00;0,049
302;27.06.2023;15:31:16;00:05:01;250,0;18,8;19,5;19,0;20,9;20,0;0,0;1029,7;1,03E3;19,2;20,00;3,0;3,0;48,04;0,39;-0,001;0,0;0,01;0,049
303;27.06.2023;15:31:17;00:05:02;250,0;18,8;19,5;19,0;20,9;20,0;0,0;1029,7;1,03E3;19,2;20,00;3,0;3,0;48,04;0,39;-0,002;0,0;0,01;0,049
304;27.06.2023;15:31:18;00:05:03;250,0;18,8;19,6;18,9;20,9;20,0;0,0;1008,8;1,01E3;0,6;20,00;3,0;3,0;48,04;0,39;0,002;0,0;0,01;0,049
305;27.06.2023;15:31:19;00:05:04;250,0;18,8;19,6;18,9;20,9;20,0;0,0;953,7;9,54E2;-52,0;20,00;3,0;3,0;48,04;0,39;0,003;0,0;0,01;0,049
306;27.06.2023;15:31:20;00:05:05;250,0;18,8;19,6;18,9;20,9;20,0;0,0;928,8;9,29E2;-79,8;20,00;3,0;2,9;48,04;0,39;0,002;0,0;0,00;0,049
307;27.06.2023;15:31:21;00:05:06;250,0;18,8;19,6;18,9;20,9;20,0;0,0;883,5;8,84E2;-123,5;20,00;3,0;2,9;48,04;0,39;0,001;0,0;0,00;0,049
308;27.06.2023;15:31:22;00:05:07;250,0;18,8;19,6;18,9;20,9;20,0;0,0;862,7;8,63E2;-143,5;20,00;3,0;3,0;48,04;0,39;0,001;0,0;0,00;0,049
309;27.06.2023;15:31:23;00:05:08;250,0;18,8;19,6;18,9;20,9;20,0;0,0;825,2;8,25E2;-182,8;20,00;3,0;3,0;48,04;0,39;0,003;0,0;0,01;0,049
310;27.06.2023;15:31:24;00:05:09;250,0;18,7;19,4;18,8;20,8;20,0;0,0;790,2;7,90E2;-219,7;20,00;3,0;3,0;48,04;0,39;0,006;0,0;0,01;0,049
311;27.06.2023;15:31:25;00:05:10;250,0;18,6;19,4;18,7;20,8;20,0;0,0;773,5;7,74E2;-234,2;20,00;3,0;3,1;48,04;0,39;0,005;0,0;0,01;0,049
312;27.06.2023;15:31:26;00:05:11;250,0;18,6;19,4;18,7;20,8;20,0;0,0;746,1;7,46E2;-263,5;20,00;3,0;3,0;48,04;0,39;0,002;0,0;0,00;0,049
313;27.06.2023;15:31:27;00:05:12;250,0;18,6;19,4;18,7;20,8;20,0;0,0;719,7;7,20E2;-288,8;20,00;3,0;3,0;48,04;0,39;0,006;0,0;0,00;0,049
314;27.06.2023;15:31:28;00:05:13;250,0;18,6;19,4;18,7;20,8;20,0;0,0;706,8;7,07E2;-303,1;20,00;3,0;3,0;48,04;0,39;0,008;0,0;0,01;0,049
315;27.06.2023;15:31:29;00:05:14;250,0;18,6;19,4;18,7;20,8;20,0;0,0;682,4;6,82E2;-326,4;20,00;3,0;3,0;48,04;0,39;0,009;0,0;0,00;0,049
316;27.06.2023;15:31:30;00:05:15;250,0;18,6;19,4;18,7;20,8;20,0;0,0;657,0;6,57E2;-352,1;20,00;3,0;3,0;48,04;0,39;0,008;0,0;0,01;0,049
317;27.06.2023;15:31:31;00:05:16;250,0;18,6;19,4;18,7;20,8;20,0;0,0;645,3;6,45E2;-362,9;20,00;3,0;3,0;48,04;0,39;0,008;0,0;0,01;0,049
318;27.06.2023;15:31:32;00:05:17;250,0;18,6;19,4;18,7;20,8;20,0;0,0;622,9;6,23E2;-385,4;20,00;3,0;3,0;48,05;0,39;0,009;0,0;0,00;0,049
319;27.06.2023;15:31:33;00:05:18;250,0;18,5;19,4;18,7;20,8;20,0;0,0;602,5;6,03E2;-405,6;20,00;3,0;3,0;48,04;0,39;0,014;0,0;0,00;0,049
320;27.06.2023;15:31:34;00:05:19;250,0;18,5;19,4;18,7;20,8;20,0;0,0;591,2;5,91E2;-417,0;20,00;3,0;3,0;48,05;0,39;0,013;0,0;0,00;0,049
321;27.06.2023;15:31:35;00:05:20;250,0;18,5;19,4;18,7;20,8;20,0;0,0;572,3;5,72E2;-436,1;20,00;3,0;3,0;48,05;0,39;0,019;0,0;0,00;0,049
322;27.06.2023;15:31:36;00:05:21;250,0;18,5;19,4;18,6;20,8;20,0;0,0;559,8;5,60E2;-448,4;20,00;3,0;3,0;48,05;0,39;0,018;0,0;0,01;0,049
323;27.06.2023;15:31:37;00:05:22;250,0;18,5;19,4;18,6;20,8;20,0;0,0;541,4;5,41E2;-466,5;20,00;3,0;3,0;48,05;0,39;0,018;0,0;0,01;0,049
324;27.06.2023;15:31:38;00:05:23;250,0;18,5;19,4;18,6;20,8;20,0;0,0;522,6;5,23E2;-485,2;20,00;3,0;2,9;48,05;0,39;0,023;0,0;0,00;0,049
325;27.06.2023;15:31:39;00:05:24;250,0;18,4;19,4;18,6;20,8;20,0;0,0;514,1;5,14E2;-493,6;20,00;3,0;3,0;48,05;0,39;0,027;0,0;0,01;0,049
326;27.06.2023;15:31:40;00:05:25;250,0;18,4;19,4;18,6;20,8;20,0;0,0;496,1;4,96E2;-511,7;20,00;3,0;3,0;48,05;0,39;0,033;0,0;0,01;0,049
327;27.06.2023;15:31:41;00:05:26;250,0;18,4;19,4;18,6;20,8;20,0;0,0;479,0;4,79E2;-528,9;20,00;3,0;3,0;48,05;0,40;0,033;0,0;0,01;0,049
328;27.06.2023;15:31:42;00:05:27;250,0;18,4;19,4;18,6;20,8;20,0;0,0;470,6;4,71E2;-537,9;20,00;3,0;2,9;48,05;0,40;0,035;0,0;0,01;0,049
329;27.06.2023;15:31:43;00:05:28;250,0;18,3;19,4;18,6;20,8;20,0;0,0;454,3;4,54E2;-541,2;20,00;3,0;3,0;48,05;0,40;0,037;0,0;0,00;0,049
330;27.06.2023;15:31:44;00:05:29;250,0;18,3;19,3;18,5;20,7;20,0;0,0;438,9;4,39E2;-541,2;20,00;3,0;3,0;48,05;0,40;0,031;0,0;0,01;0,049
331;27.06.2023;15:31:45;00:05:30;250,0;18,3;19,3;18,4;20,7;20,0;0,0;431,5;4,31E2;-541,2;20,00;3,0;3,0;48,05;0,40;0,034;0,0;0,00;0,049
332;27.06.2023;15:31:46;00:05:31;250,0;18,3;19,2;18,4;20,7;20,0;0,0;416,7;4,17E2;-541,2;20,00;3,0;3,1;48,05;0,40;0,038;0,0;0,01;0,049
333;27.06.2023;15:31:47;00:05:32;250,0;18,3;19,2;18,4;20,7;20,0;0,0;402,5;4,02E2;-541,2;20,00;3,0;3,0;48,05;0,40;0,032;0,0;0,00;0,049
334;27.06.2023;15:31:48;00:05:33;250,0;18,3;19,2;18,3;20,7;20,0;0,0;394,5;3,94E2;-541,2;20,00;3,0;2,9;48,05;0,40;0,032;0,0;0,00;0,049
335;27.06.2023;15:31:49;00:05:34;250,0;18,2;19,2;18,3;20,8;20,0;0,0;381,1;3,81E2;-541,2;20,00;3,0;3,0;48,05;0,40;0,028;0,0;0,01;0,049
336;27.06.2023;15:31:50;00:05:35;250,0;18,2;19,2;18,3;20,8;20,0;0,0;374,6;3,75E2;-541,2;20,00;3,0;3,0;48,05;0,40;0,027;0,0;0,01;0,049
337;27.06.2023;15:31:51;00:05:36;250,0;18,2;19,2;18,3;20,8;20,0;0,0;361,8;3,62E2;-541,2;20,00;3,0;3,0;48,05;0,40;0,027;0,0;0,01;0,049
338;27.06.2023;15:31:52;00:05:37;250,0;18,2;19,3;18,3;20,8;20,0;0,0;349,4;3,49E2;-541,2;20,00;3,0;3,0;48,05;0,40;0,023;0,0;0,01;0,049
339;27.06.2023;15:31:53;00:05:38;250,0;18,2;19,3;18,3;20,8;20,0;0,0;343,5;3,44E2;-541,2;20,00;3,0;2,9;48,05;0,40;0,020;0,0;0,01;0,049
340;27.06.2023;15:31:54;00:05:39;250,0;18,2;19,3;18,3;20,8;20,0;0,0;330,8;3,31E2;-541,2;20,00;3,0;3,0;48,06;0,40;0,024;0,0;0,00;0,049
341;27.06.2023;15:31:55;00:05:40;250,0;18,2;19,3;18,2;20,8;20,0;0,0;319,3;3,19E2;-541,2;20,00;3,0;3,0;48,06;0,40;0,024;0,0;0,01;0,049
342;27.06.2023;15:31:56;00:05:41;250,0;18,2;19,3;18,2;20,8;20,0;0,0;314,0;3,14E2;-541,2;20,00;3,0;3,0;48,06;0,40;0,025;0,0;0,01;0,049
343;27.06.2023;15:31:57;00:05:42;250,0;18,2;19,3;18,2;20,8;20,0;0,0;303,3;3,03E2;-541,2;20,00;3,0;3,0;48,06;0,40;0,025;0,0;0,01;0,049
344;27.06.2023;15:31:58;00:05:43;250,0;18,2;19,3;18,2;20,8;20,0;0,0;293,1;2,93E2;-541,2;20,00;3,0;3,0;48,06;0,40;0,022;0,0;0,00;0,049
345;27.06.2023;15:31:59;00:05:44;250,0;18,2;19,3;18,2;20,8;20,0;0,0;287,8;2,88E2;-541,2;20,00;3,0;3,0;48,06;0,40;0,019;0,0;0,01;0,049
346;27.06.2023;15:32:00;00:05:45;250,0;18,2;19,3;18,1;20,8;20,0;0,0;277,2;2,77E2;-541,2;20,00;3,0;3,0;48,06;0,40;0,020;0,0;0,00;0,049
347;27.06.2023;15:32:01;00:05:46;250,0;18,2;19,3;18,1;20,8;20,0;0,0;272,5;2,73E2;-541,2;20,00;3,0;3,0;48,06;0,40;0,021;0,0;0,01;0,049
348;27.06.2023;15:32:02;00:05:47;250,0;18,2;19,3;18,1;20,8;20,0;0,0;263,2;2,63E2;-541,2;20,00;3,0;3,0;48,06;0,40;0,017;0,0;0,00;0,049
349;27.06.2023;15:32:03;00:05:48;250,0;18,1;19,2;18,0;20,7;20,0;0,0;254,4;2,54E2;-541,2;20,00;3,0;3,0;48,06;0,40;0,018;0,0;0,01;0,049
350;27.06.2023;15:32:04;00:05:49;250,0;18,1;19,2;18,0;20,7;20,0;0,0;249,9;2,50E2;-541,2;20,00;3,0;3,0;48,06;0,40;0,020;0,0;0,00;0,049
351;27.06.2023;15:32:05;00:05:50;250,0;18,1;19,2;18,0;20,7;20,0;0,0;241,4;2,41E2;-541,2;20,00;3,0;3,0;48,06;0,40;0,021;0,0;0,01;0,049
352;27.06.2023;15:32:06;00:05:51;250,0;18,1;19,2;17,9;20,7;20,0;0,0;232,7;2,33E2;-541,2;20,00;3,0;3,0;48,06;0,40;0,018;0,0;0,00;0,049
353;27.06.2023;15:32:07;00:05:52;250,0;18,1;19,2;17,9;20,7;20,0;0,0;228,7;2,29E2;-541,2;20,00;3,0;3,0;48,06;0,40;0,017;0,0;0,00;0,049
354;27.06.2023;15:32:08;00:05:53;250,0;18,1;19,1;17,9;20,7;20,0;0,0;220,9;2,21E2;-541,2;20,00;3,0;3,0;48,06;0,40;0,013;0,0;0,01;0,049
355;27.06.2023;15:32:09;00:05:54;250,0;18,1;19,1;17,9;20,7;20,0;0,0;213,5;2,13E2;-541,2;20,00;3,0;3,0;48,06;0,40;0,015;0,0;0,01;0,049
356;27.06.2023;15:32:10;00:05:55;250,0;18,1;19,1;17,9;20,7;20,0;0,0;209,8;2,10E2;-541,2;20,00;3,0;3,0;48,06;0,41;0,012;0,0;0,00;0,049
357;27.06.2023;15:32:11;00:05:56;250,0;18,1;19,1;17,9;20,7;20,0;0,0;202,8;2,03E2;-541,2;20,00;3,0;3,0;48,06;0,41;0,010;0,0;0,01;0,049
358;27.06.2023;15:32:12;00:05:57;250,0;18,1;19,2;17,8;20,7;20,0;0,0;195,4;1,95E2;-541,2;20,00;3,0;3,0;48,06;0,41;0,015;0,0;0,01;0,049
359;27.06.2023;15:32:13;00:05:58;250,0;18,1;19,2;17,8;20,7;20,0;0,0;192,1;1,92E2;-541,2;20,00;3,0;3,0;48,06;0,40;0,015;0,0;0,00;0,049
360;27.06.2023;15:32:14;00:05:59;250,0;18,1;19,2;17,8;20,7;20,0;0,0;185,8;1,86E2;-541,2;20,00;3,0;3,0;48,06;0,41;0,017;0,0;0,00;0,049
361;27.06.2023;15:32:15;00:06:00;250,0;18,1;19,2;17,8;20,7;20,0;0,0;182,6;1,83E2;-541,2;20,00;3,0;3,0;48,06;0,41;0,014;0,0;0,01;0,049
362;27.06.2023;15:32:16;00:06:01;250,0;18,1;19,2;17,8;20,7;20,0;0,0;176,5;1,76E2;-541,2;20,00;3,0;2,9;48,06;0,41;0,011;0,0;0,01;0,049
363;27.06.2023;15:32:17;00:06:02;250,0;18,1;19,2;17,8;20,7;20,0;0,0;164,8;1,65E2;-541,2;20,00;3,0;3,0;48,06;0,41;0,013;0,0;0,01;0,049
364;27.06.2023;15:32:18;00:06:03;250,0;18,1;19,2;17,8;20,7;20,0;0,0;157,8;1,58E2;-541,2;20,00;3,0;3,0;48,06;0,41;0,011;0,0;0,00;0,049
365;27.06.2023;15:32:19;00:06:04;250,0;18,1;19,2;17,8;20,7;20,0;0,0;144,8;1,45E2;-541,2;20,00;3,0;3,0;48,06;0,41;0,010;0,0;0,01;0,049
366;27.06.2023;15:32:20;00:06:05;250,0;18,1;19,2;17,8;20,7;20,0;0,0;134,0;1,34E2;-541,2;20,00;3,0;3,0;48,06;0,41;0,012;0,0;0,01;0,049
367;27.06.2023;15:32:21;00:06:06;250,0;18,1;19,2;17,8;20,7;20,0;0,0;129,4;1,29E2;-541,2;20,00;3,0;3,0;48,06;0,41;0,011;0,0;0,01;0,049
368;27.06.2023;15:32:22;00:06:07;250,0;18,1;19,2;17,7;20,7;20,0;0,0;120,5;1,20E2;-541,2;20,00;3,0;3,0;48,06;0,41;0,013;0,0;0,00;0,049
369;27.06.2023;15:32:23;00:06:08;250,0;18,1;19,2;17,7;20,7;20,0;0,0;112,0;1,12E2;-541,2;20,00;3,0;3,0;48,06;0,41;0,012;0,0;0,01;0,049
370;27.06.2023;15:32:24;00:06:09;250,0;18,1;19,1;17,7;20,7;20,0;0,0;108,2;1,08E2;-541,2;20,00;3,0;3,0;48,06;0,41;0,013;0,0;0,00;0,049
371;27.06.2023;15:32:25;00:06:10;250,0;18,1;19,1;17,7;20,7;20,0;0,0;100,1;1,00E2;-541,2;20,00;3,0;2,9;48,06;0,41;0,016;0,0;0,01;0,049
372;27.06.2023;15:32:26;00:06:11;250,0;18,1;19,1;17,7;20,7;20,0;0,0;93,4;9,34E1;-541,2;20,00;3,0;3,0;48,06;0,41;0,018;0,0;0,01;0,049
373;27.06.2023;15:32:27;00:06:12;250,0;18,1;19,1;17,7;20,7;20,0;0,0;90,1;9,01E1;-541,2;20,00;3,0;3,0;48,06;0,41;0,016;0,0;0,01;0,049
374;27.06.2023;15:32:28;00:06:13;250,0;18,1;19,1;17,7;20,7;20,0;0,0;84,0;8,40E1;-541,2;20,00;3,0;3,0;48,06;0,41;0,019;0,0;0,01;0,049
375;27.06.2023;15:32:29;00:06:14;250,0;18,1;19,1;17,7;20,7;20,0;0,0;81,2;8,12E1;-541,2;20,00;3,0;2,9;48,06;0,41;0,016;0,0;0,00;0,049
376;27.06.2023;15:32:30;00:06:15;250,0;18,1;19,1;17,7;20,7;20,0;0,0;75,7;7,57E1;-541,2;20,00;3,0;3,0;48,06;0,41;0,021;0,0;0,00;0,049
377;27.06.2023;15:32:31;00:06:16;250,0;18,1;19,1;17,6;20,7;20,0;0,0;69,9;6,99E1;-541,2;20,00;3,0;3,0;48,07;0,41;0,019;0,0;0,01;0,049
378;27.06.2023;15:32:32;00:06:17;250,0;18,1;19,1;17,6;20,7;20,0;0,0;67,4;6,74E1;-541,2;20,00;3,0;3,0;48,06;0,41;0,017;0,0;0,00;0,049
379;27.06.2023;15:32:33;00:06:18;250,0;18,1;19,1;17,6;20,7;20,0;0,0;62,6;6,26E1;-541,2;20,00;3,0;3,0;48,07;0,41;0,012;0,0;0,00;0,049
380;27.06.2023;15:32:34;00:06:19;250,0;18,1;19,1;17,6;20,7;20,0;0,0;58,0;5,80E1;-541,2;20,00;3,0;3,0;48,07;0,41;0,014;0,0;0,00;0,049
381;27.06.2023;15:32:35;00:06:20;250,0;18,1;19,1;17,6;20,7;20,0;0,0;55,9;5,59E1;-541,2;20,00;3,0;3,0;48,07;0,41;0,015;0,0;0,01;0,049
382;27.06.2023;15:32:36;00:06:21;250,0;18,1;19,1;17,6;20,7;20,0;0,0;52,1;5,21E1;-541,2;20,00;3,0;2,9;48,07;0,41;0,017;0,0;0,00;0,049
383;27.06.2023;15:32:37;00:06:22;250,0;18,1;19,1;17,6;20,7;20,0;0,0;48,1;4,81E1;-541,2;20,00;3,0;3,0;48,07;0,41;0,018;0,0;0,01;0,049
384;27.06.2023;15:32:38;00:06:23;250,0;18,1;19,1;17,6;20,7;20,0;0,0;46,4;4,64E1;-541,2;20,00;3,0;3,0;48,07;0,41;0,016;0,0;0,00;0,049
385;27.06.2023;15:32:39;00:06:24;250,0;18,1;19,1;17,6;20,7;20,0;0,0;43,2;4,32E1;-541,2;20,00;3,0;3,0;48,07;0,41;0,012;0,0;0,01;0,049
386;27.06.2023;15:32:40;00:06:25;250,0;18,1;19,1;17,6;20,7;20,0;0,0;41,7;4,17E1;-541,2;20,00;3,0;3,0;48,07;0,41;0,012;0,0;0,01;0,049
387;27.06.2023;15:32:41;00:06:26;250,0;18,1;19,1;17,6;20,7;20,0;0,0;38,7;3,87E1;-541,2;20,00;3,0;3,0;48,07;0,41;0,013;0,0;0,01;0,049
388;27.06.2023;15:32:42;00:06:27;250,0;18,1;19,1;17,6;20,7;20,0;0,0;36,0;3,60E1;-541,2;20,00;3,0;3,0;48,07;0,41;0,017;0,0;0,01;0,049
389;27.06.2023;15:32:43;00:06:28;250,0;18,1;19,1;17,6;20,7;20,0;0,0;34,6;3,46E1;-541,2;20,00;3,0;2,9;48,07;0,41;0,016;0,0;0,01;0,049
390;27.06.2023;15:32:44;00:06:29;250,0;18,0;19,0;17,5;20,7;20,0;0,0;32,2;3,22E1;-541,2;20,00;3,0;3,0;48,07;0,41;0,014;0,0;0,00;0,049
391;27.06.2023;15:32:45;00:06:30;250,0;18,0;19,0;17,5;20,7;20,0;0,0;29,6;2,96E1;-541,2;20,00;3,0;3,0;48,07;0,41;0,013;0,0;0,00;0,049
392;27.06.2023;15:32:46;00:06:31;250,0;18,0;19,0;17,5;20,7;20,0;0,0;28,6;2,86E1;-541,2;20,00;3,0;3,0;48,07;0,41;0,011;0,0;0,01;0,049
393;27.06.2023;15:32:47;00:06:32;250,0;18,0;19,0;17,5;20,7;20,0;0,0;26,8;2,68E1;-541,2;20,00;3,0;3,0;48,07;0,42;0,010;0,0;0,00;0,049
394;27.06.2023;15:32:48;00:06:33;250,0;18,0;19,1;17,5;20,7;20,0;0,0;25,0;2,50E1;-541,2;20,00;3,0;3,0;48,07;0,41;0,009;0,0;0,01;0,049
395;27.06.2023;15:32:49;00:06:34;250,0;18,0;19,1;17,5;20,7;20,0;0,0;23,6;2,36E1;-541,2;20,00;3,0;3,0;48,07;0,41;0,005;0,0;0,00;0,049
396;27.06.2023;15:32:50;00:06:35;250,0;18,0;19,1;17,5;20,7;20,0;0,0;21,6;2,16E1;-541,2;20,00;3,0;3,0;48,07;0,42;0,007;0,0;0,01;0,049
397;27.06.2023;15:32:51;00:06:36;250,0;18,0;19,1;17,5;20,7;20,0;0,0;20,5;2,05E1;-541,2;20,00;3,0;3,0;48,07;0,42;0,005;0,0;0,01;0,049
398;27.06.2023;15:32:52;00:06:37;250,0;18,0;19,1;17,5;20,7;20,0;0,0;19,9;1,99E1;-541,2;20,00;3,0;3,0;48,07;0,42;0,008;0,0;0,00;0,049
399;27.06.2023;15:32:53;00:06:38;250,0;18,0;19,1;17,5;20,7;20,0;0,0;18,5;1,85E1;-541,2;20,00;3,0;3,0;48,07;0,42;0,013;0,0;0,00;0,049
400;27.06.2023;15:32:54;00:06:39;250,0;18,0;19,1;17,5;20,7;20,0;0,0;17,8;1,78E1;-541,2;20,00;3,0;3,0;48,07;0,42;0,015;0,0;0,01;0,049
401;27.06.2023;15:32:55;00:06:40;250,0;18,0;19,1;17,5;20,7;20,0;0,0;16,3;1,63E1;-541,2;20,00;3,0;3,0;48,07;0,42;0,014;0,0;0,00;0,049
402;27.06.2023;15:32:56;00:06:41;250,0;18,0;19,1;17,5;20,7;20,0;0,0;15,1;1,51E1;-541,2;20,00;3,0;3,0;48,07;0,42;0,008;0,0;0,01;0,049
403;27.06.2023;15:32:57;00:06:42;250,0;18,0;19,1;17,5;20,7;20,0;0,0;14,6;1,46E1;-541,2;20,00;3,0;3,0;48,07;0,42;0,008;0,0;0,00;0,049
404;27.06.2023;15:32:58;00:06:43;250,0;18,0;19,1;17,5;20,7;20,0;0,0;13,6;1,36E1;-541,2;20,00;3,0;3,0;48,07;0,42;0,009;0,0;0,00;0,049
405;27.06.2023;15:32:59;00:06:44;250,0;18,1;19,1;17,6;20,7;20,0;0,0;12,9;1,29E1;-541,2;20,00;3,0;3,0;48,07;0,42;0,011;0,0;0,00;0,049
406;27.06.2023;15:33:00;00:06:45;250,0;18,1;19,1;17,6;20,7;20,0;0,0;12,3;1,23E1;-541,2;20,00;3,0;3,0;48,07;0,42;0,011;0,0;0,00;0,049
407;27.06.2023;15:33:01;00:06:46;250,0;18,1;19,1;17,6;20,7;20,0;0,0;11,6;1,16E1;-541,2;20,00;3,0;3,0;48,07;0,42;0,011;0,0;0,01;0,049
408;27.06.2023;15:33:02;00:06:47;250,0;18,1;19,1;17,6;20,7;20,0;0,0;10,5;1,05E1;-541,2;20,00;3,0;3,0;48,07;0,42;0,008;0,0;0,01;0,049
409;27.06.2023;15:33:03;00:06:48;250,0;18,1;19,1;17,6;20,7;20,0;0,0;10,2;1,02E1;-541,2;20,00;3,0;3,0;48,07;0,42;0,003;0,0;0,01;0,049
410;27.06.2023;15:33:04;00:06:49;250,0;18,1;19,1;17,6;20,7;20,0;0,0;9,4;9,37E0;-541,2;20,00;3,0;3,0;48,07;0,42;0,006;0,0;0,01;0,049
411;27.06.2023;15:33:05;00:06:50;250,0;18,1;19,1;17,6;20,7;20,0;0,0;8,0;8,01E0;-541,2;20,00;3,0;3,0;48,07;0,42;0,006;0,0;0,01;0,049
412;27.06.2023;15:33:06;00:06:51;250,0;18,1;19,1;17,6;20,7;20,0;0,0;7,6;7,62E0;-541,2;20,00;3,0;3,0;48,07;0,42;0,004;0,0;0,01;0,049
413;27.06.2023;15:33:07;00:06:52;250,0;18,1;19,0;17,5;20,7;20,0;0,0;7,0;6,95E0;-541,2;20,00;3,0;3,0;48,07;0,42;0,005;0,0;0,01;0,049
414;27.06.2023;15:33:08;00:06:53;250,0;18,1;19,0;17,5;20,7;20,0;0,0;6,6;6,58E0;-541,2;20,00;3,0;3,0;48,07;0,42;0,007;0,0;0,01;0,049
415;27.06.2023;15:33:09;00:06:54;250,0;18,1;19,0;17,5;20,7;20,0;0,0;6,0;6,02E0;-541,2;20,00;3,0;3,0;48,07;0,42;0,010;0,0;0,00;0,049
416;27.06.2023;15:33:10;00:06:55;250,0;18,1;19,1;17,5;20,7;20,0;0,0;5,5;5,53E0;-541,2;20,00;3,0;3,0;48,07;0,42;0,005;0,0;0,01;0,049
417;27.06.2023;15:33:11;00:06:56;250,0;18,1;19,1;17,5;20,7;20,0;0,0;5,2;5,22E0;-541,2;20,00;3,0;3,0;48,07;0,42;0,004;0,0;0,00;0,049
418;27.06.2023;15:33:12;00:06:57;250,0;18,1;19,1;17,6;20,7;20,0;0,0;4,6;4,65E0;-541,2;20,00;3,0;3,0;48,07;0,42;0,006;0,0;0,01;0,049
419;27.06.2023;15:33:13;00:06:58;250,0;18,1;19,1;17,6;20,7;20,0;0,0;4,3;4,26E0;-541,2;20,00;3,0;3,0;48,07;0,42;0,007;0,0;0,00;0,049
420;27.06.2023;15:33:14;00:06:59;250,0;18,1;19,1;17,6;20,7;20,0;0,0;4,1;4,07E0;-541,2;20,00;3,0;3,0;48,07;0,42;0,005;0,0;0,00;0,049
421;27.06.2023;15:33:15;00:07:00;250,0;18,1;19,1;17,6;20,7;20,0;0,0;3,8;3,77E0;-541,2;20,00;3,0;3,0;48,07;0,42;0,005;0,0;0,00;0,049
422;27.06.2023;15:33:16;00:07:01;250,0;18,1;19,1;17,6;20,7;20,0;0,0;3,4;3,36E0;-541,2;20,00;3,0;3,0;48,07;0,42;0,007;0,0;0,01;0,049
423;27.06.2023;15:33:17;00:07:02;250,0;18,1;19,1;17,6;20,7;20,0;0,0;3,2;3,22E0;-541,2;20,00;3,0;3,0;48,07;0,42;0,005;0,0;0,00;0,049
424;27.06.2023;15:33:18;00:07:03;250,0;18,1;19,1;17,6;20,7;20,0;0,0;3,0;2,96E0;-541,2;20,00;3,0;3,0;48,07;0,42;0,003;0,0;0,00;0,049
425;27.06.2023;15:33:19;00:07:04;250,0;18,1;19,1;17,6;20,7;20,0;0,0;2,9;2,90E0;-541,2;20,00;3,0;3,0;48,07;0,42;0,005;0,0;0,01;0,049
426;27.06.2023;15:33:20;00:07:05;250,0;18,1;19,1;17,6;20,7;20,0;0,0;2,7;2,69E0;-541,2;20,00;3,0;3,0;48,07;0,42;0,000;0,0;0,00;0,049
427;27.06.2023;15:33:21;00:07:06;250,0;18,1;19,1;17,6;20,7;20,0;0,0;2,5;2,46E0;-541,2;20,00;3,0;3,0;48,07;0,42;0,003;0,0;0,01;0,049
428;27.06.2023;15:33:22;00:07:07;250,0;18,1;19,1;17,6;20,7;20,0;0,0;2,3;2,31E0;-541,2;20,00;3,0;3,0;48,07;0,42;0,002;0,0;0,01;0,049
429;27.06.2023;15:33:23;00:07:08;250,0;18,1;19,1;17,6;20,8;20,0;0,0;2,2;2,16E0;-541,2;20,00;3,0;3,0;48,07;0,42;0,004;0,0;0,01;0,049
430;27.06.2023;15:33:24;00:07:09;250,0;18,2;19,1;17,7;20,8;20,0;0,0;2,0;1,98E0;-541,2;20,00;3,0;3,0;48,07;0,42;0,005;0,0;0,00;0,049
431;27.06.2023;15:33:25;00:07:10;250,0;18,2;19,1;17,7;20,8;20,0;0,0;1,9;1,93E0;-541,2;20,00;3,0;3,0;48,07;0,42;0,005;0,0;0,00;0,049
432;27.06.2023;15:33:26;00:07:11;250,0;18,2;19,1;17,7;20,8;20,0;0,0;1,8;1,78E0;-541,2;20,00;3,0;3,0;48,07;0,42;0,004;0,0;0,00;0,049
433;27.06.2023;15:33:27;00:07:12;250,0;18,2;19,1;17,7;20,8;20,0;0,0;1,7;1,66E0;-541,2;20,00;3,0;3,0;48,07;0,42;0,003;0,0;0,00;0,049
434;27.06.2023;15:33:28;00:07:13;250,0;18,2;19,1;17,7;20,8;20,0;0,0;1,7;1,66E0;-541,2;20,00;3,0;3,0;48,07;0,42;0,001;0,0;0,00;0,049
435;27.06.2023;15:33:29;00:07:14;250,0;18,2;19,1;17,7;20,8;20,0;0,0;1,5;1,54E0;-541,2;20,00;3,0;3,0;48,07;0,42;0,001;0,0;0,01;0,049
436;27.06.2023;15:33:30;00:07:15;250,0;18,2;19,1;17,7;20,8;20,0;0,0;1,4;1,43E0;-541,2;20,00;3,0;3,0;48,07;0,42;0,006;0,0;0,00;0,049
437;27.06.2023;15:33:31;00:07:16;250,0;18,2;19,1;17,7;20,8;20,0;0,0;1,4;1,41E0;-541,2;20,00;3,0;3,0;48,07;0,42;0,003;0,0;0,00;0,049
438;27.06.2023;15:33:32;00:07:17;250,0;18,2;19,1;17,7;20,8;20,0;0,0;1,3;1,29E0;-541,2;20,00;3,0;3,0;48,07;0,42;0,002;0,0;0,01;0,049
439;27.06.2023;15:33:33;00:07:18;250,0;18,2;19,1;17,7;20,8;20,0;0,0;1,3;1,26E0;-541,2;20,00;3,0;3,0;48,07;0,42;0,003;0,0;0,01;0,049
440;27.06.2023;15:33:34;00:07:19;250,0;18,2;19,1;17,7;20,8;20,0;0,0;1,2;1,20E0;-541,2;20,00;3,0;2,9;48,07;0,42;0,002;0,0;0,01;0,049
441;27.06.2023;15:33:35;00:07:20;250,0;18,2;19,1;17,7;20,8;20,0;0,0;1,1;1,14E0;-541,2;20,00;3,0;3,0;48,07;0,42;0,004;0,0;0,01;0,049
442;27.06.2023;15:33:36;00:07:21;250,0;18,2;19,1;17,7;20,8;20,0;0,0;1,1;1,09E0;-541,2;20,00;3,0;3,0;48,07;0,42;0,001;0,0;0,00;0,049
443;27.06.2023;15:33:37;00:07:22;250,0;18,2;19,1;17,7;20,8;20,0;0,0;1,0;9,51E-1;-541,2;20,00;3,0;3,0;48,07;0,42;0,007;0,0;0,01;0,049
444;27.06.2023;15:33:38;00:07:23;250,0;18,2;19,1;17,7;20,8;20,0;0,0;0,9;9,03E-1;-541,2;20,00;3,0;3,0;48,07;0,42;0,004;0,0;0,01;0,049
445;27.06.2023;15:33:39;00:07:24;250,0;18,2;19,1;17,7;20,8;20,0;0,0;0,9;8,80E-1;-541,2;20,00;3,0;3,0;48,07;0,42;0,006;0,0;0,00;0,049
446;27.06.2023;15:33:40;00:07:25;250,0;18,2;19,1;17,7;20,8;20,0;0,0;0,8;8,33E-1;-541,2;20,00;3,0;3,0;48,07;0,42;0,005;0,0;0,01;0,049
447;27.06.2023;15:33:41;00:07:26;250,0;18,2;19,1;17,7;20,9;20,0;0,0;0,8;7,89E-1;-541,2;20,00;3,0;2,9;48,07;0,42;0,004;0,0;0,01;0,049
448;27.06.2023;15:33:42;00:07:27;250,0;18,2;19,1;17,7;20,9;20,0;0,0;0,8;7,72E-1;-541,2;20,00;3,0;3,0;48,07;0,42;0,007;0,0;0,00;0,049
449;27.06.2023;15:33:43;00:07:28;250,0;18,2;19,1;17,7;20,9;20,0;0,0;0,7;7,38E-1;-541,2;20,00;3,0;3,0;48,07;0,42;0,008;0,0;0,00;0,049
450;27.06.2023;15:33:44;00:07:29;250,0;18,2;19,1;17,7;20,8;20,0;0,0;0,7;7,03E-1;-541,2;20,00;3,0;3,0;48,07;0,42;0,004;0,0;0,00;0,049
451;27.06.2023;15:33:45;00:07:30;250,0;18,2;19,1;17,7;20,8;20,0;0,0;0,7;6,87E-1;-541,2;20,00;3,0;2,9;48,07;0,42;0,000;0,0;0,01;0,049
452;27.06.2023;15:33:46;00:07:31;250,0;18,2;19,1;17,7;20,8;20,0;0,0;0,7;6,56E-1;-541,2;20,00;3,0;3,0;48,07;0,42;0,005;0,0;0,01;0,049
453;27.06.2023;15:33:47;00:07:32;250,0;18,2;19,1;17,7;20,8;20,0;0,0;0,6;6,41E-1;-541,2;20,00;3,0;3,0;48,07;0,42;0,003;0,0;0,01;0,049
454;27.06.2023;15:33:48;00:07:33;250,0;18,2;19,1;17,7;20,8;20,0;0,0;0,6;6,11E-1;-541,2;20,00;3,0;3,0;48,07;0,42;0,002;0,0;0,01;0,049
455;27.06.2023;15:33:49;00:07:34;250,0;18,2;19,1;17,7;20,8;20,0;0,0;0,6;5,82E-1;-541,2;20,00;3,0;3,1;48,07;0,42;0,006;0,0;0,01;0,049
456;27.06.2023;15:33:50;00:07:35;250,0;18,2;19,1;17,7;20,8;20,0;0,0;0,6;5,68E-1;-541,2;20,00;3,0;3,1;48,07;0,42;0,006;0,0;0,01;0,049
457;27.06.2023;15:33:51;00:07:36;250,0;18,2;19,1;17,7;20,8;20,0;0,0;0,5;5,38E-1;-541,2;20,00;3,0;3,0;48,07;0,42;0,000;0,0;0,00;0,049
458;27.06.2023;15:33:52;00:07:37;250,0;18,2;19,1;17,7;20,8;20,0;0,0;0,5;5,19E-1;-541,2;20,00;3,0;3,0;48,07;0,42;-0,001;0,0;0,01;0,049
459;27.06.2023;15:33:53;00:07:38;250,0;18,2;19,1;17,7;20,8;20,0;0,0;0,5;5,09E-1;-541,2;20,00;3,0;3,0;48,07;0,42;0,000;0,0;0,01;0,049
460;27.06.2023;15:33:54;00:07:39;250,0;18,2;19,1;17,7;20,8;20,0;0,0;0,5;4,89E-1;-541,2;20,00;3,0;3,0;48,07;0,42;0,002;0,0;0,01;0,049
461;27.06.2023;15:33:55;00:07:40;250,0;18,2;19,1;17,7;20,8;20,0;0,0;0,5;4,71E-1;-541,2;20,00;3,0;3,0;48,07;0,42;0,001;0,0;0,00;0,049
462;27.06.2023;15:33:56;00:07:41;250,0;18,2;19,1;17,7;20,8;20,0;0,0;0,5;4,62E-1;-541,2;20,00;3,0;3,0;48,07;0,42;0,004;0,0;0,01;0,049
463;27.06.2023;15:33:57;00:07:42;250,0;18,2;19,1;17,7;20,8;20,0;0,0;0,4;4,42E-1;-541,2;20,00;3,0;3,0;48,07;0,42;0,001;0,0;0,00;0,049
464;27.06.2023;15:33:58;00:07:43;250,0;18,2;19,1;17,7;20,8;20,0;0,0;0,4;4,34E-1;-541,2;20,00;3,0;3,1;48,07;0,42;0,002;0,0;0,00;0,049
465;27.06.2023;15:33:59;00:07:44;250,0;18,2;19,1;17,7;20,8;20,0;0,0;0,4;4,17E-1;-541,2;20,00;3,0;3,0;48,07;0,42;0,002;0,0;0,00;0,049
466;27.06.2023;15:34:00;00:07:45;250,0;18,2;19,1;17,7;20,8;20,0;0,0;0,4;4,00E-1;-541,2;20,00;3,0;3,0;48,07;0,42;0,000;0,0;0,01;0,049
467;27.06.2023;15:34:01;00:07:46;250,0;18,2;19,1;17,7;20,8;20,0;0,0;0,4;3,93E-1;-541,2;20,00;3,0;3,0;48,07;0,42;0,000;0,0;0,00;0,049
468;27.06.2023;15:34:02;00:07:47;250,0;18,2;19,1;17,7;20,8;20,0;0,0;0,4;3,77E-1;-541,2;20,00;3,0;2,9;48,07;0,42;-0,003;0,0;0,00;0,049
469;27.06.2023;15:34:03;00:07:48;250,0;18,2;19,1;17,7;20,8;20,0;0,0;0,4;3,62E-1;-541,2;20,00;3,0;2,9;48,07;0,42;-0,001;0,0;0,00;0,049
470;27.06.2023;15:34:04;00:07:49;250,0;18,2;19,0;17,6;20,8;20,0;0,0;0,4;3,57E-1;-541,2;20,00;3,0;2,9;48,07;0,42;0,001;0,0;0,00;0,049
471;27.06.2023;15:34:05;00:07:50;250,0;18,2;19,0;17,6;20,8;20,0;0,0;0,3;3,45E-1;-541,2;20,00;3,0;3,0;48,07;0,42;0,002;0,0;0,01;0,049
472;27.06.2023;15:34:06;00:07:51;250,0;18,2;19,0;17,7;20,8;20,0;0,0;0,3;3,34E-1;-541,2;20,00;3,0;3,0;48,07;0,42;0,002;0,0;0,00;0,049
473;27.06.2023;15:34:07;00:07:52;250,0;18,2;19,0;17,7;20,8;20,0;0,0;0,3;3,29E-1;-541,2;20,00;3,0;3,0;48,07;0,42;0,003;0,0;0,01;0,049
474;27.06.2023;15:34:08;00:07:53;250,0;18,2;19,0;17,7;20,8;20,0;0,2;51,0;5,10E1;-541,2;20,00;3,0;3,0;48,07;0,42;0,007;0,0;0,00;0,049
475;27.06.2023;15:34:09;00:07:54;250,0;18,2;19,0;17,7;20,8;20,0;0,2;113,2;1,13E2;-541,2;20,00;3,0;3,0;48,08;0,42;0,004;0,0;0,01;0,049
476;27.06.2023;15:34:10;00:07:55;250,0;18,2;19,0;17,7;20,8;20,0;0,2;139,8;1,40E2;-541,2;20,00;3,0;3,0;48,07;0,42;0,005;0,0;0,00;0,049
477;27.06.2023;15:34:11;00:07:56;250,0;18,2;19,0;17,7;20,8;20,0;0,2;196,4;1,96E2;-541,2;20,00;3,0;3,0;48,07;0,42;0,001;0,0;0,00;0,049
478;27.06.2023;15:34:12;00:07:57;250,0;18,2;19,0;17,7;20,8;20,0;0,2;224,1;2,24E2;-541,2;20,00;3,0;3,0;48,07;0,42;0,000;0,0;0,01;0,049
479;27.06.2023;15:34:13;00:07:58;250,0;18,3;19,0;17,7;20,8;20,0;0,2;279,0;2,79E2;-541,2;20,00;3,0;3,0;48,07;0,42;0,000;0,0;0,00;0,049
480;27.06.2023;15:34:14;00:07:59;250,0;18,3;19,0;17,7;20,8;20,0;0,2;335,3;3,35E2;-541,2;20,00;3,0;3,0;48,07;0,42;-0,004;0,0;0,01;0,049
481;27.06.2023;15:34:15;00:08:00;250,0;18,4;19,0;17,7;20,8;20,0;0,2;367,7;3,68E2;-541,2;20,00;3,0;3,0;48,07;0,42;-0,003;0,0;0,00;0,049
482;27.06.2023;15:34:16;00:08:01;250,0;18,5;19,0;17,8;20,8;20,0;0,2;423,1;4,23E2;-541,2;20,00;3,0;2,9;48,07;0,42;-0,005;0,0;0,01;0,049
483;27.06.2023;15:34:17;00:08:02;250,0;18,5;19,0;17,8;20,8;20,0;0,1;478,4;4,78E2;-533,4;20,00;3,0;3,0;48,07;0,42;-0,006;0,0;0,00;0,049
484;27.06.2023;15:34:18;00:08:03;250,0;18,6;19,1;17,9;20,8;20,0;0,1;506,1;5,06E2;-507,9;20,00;3,0;3,1;48,07;0,42;-0,006;0,0;0,00;0,049
485;27.06.2023;15:34:19;00:08:04;250,0;18,6;19,1;17,9;20,8;20,0;0,1;559,2;5,59E2;-452,9;20,00;3,0;3,0;48,07;0,42;-0,012;0,0;0,01;0,049
486;27.06.2023;15:34:20;00:08:05;250,0;18,7;19,1;17,9;20,8;20,0;0,1;614,1;6,14E2;-397,2;20,00;3,0;3,0;48,07;0,42;-0,019;0,0;0,01;0,049
487;27.06.2023;15:34:21;00:08:06;250,0;18,7;19,1;17,9;20,8;20,0;0,1;645,7;6,46E2;-367,3;20,00;3,0;2,9;48,07;0,42;-0,022;0,0;0,01;0,049
488;27.06.2023;15:34:22;00:08:07;250,0;18,8;19,1;18,0;20,8;20,0;0,1;699,6;7,00E2;-311,4;20,00;3,0;3,0;48,07;0,42;-0,032;0,0;0,00;0,049
489;27.06.2023;15:34:23;00:08:08;250,0;18,9;19,2;18,1;20,9;20,0;0,1;755,8;7,56E2;-259,8;20,00;3,0;3,0;48,07;0,41;-0,044;0,0;0,00;0,049
490;27.06.2023;15:34:24;00:08:09;250,0;18,9;19,2;18,2;20,9;20,0;0,1;781,9;7,82E2;-229,6;20,00;3,0;3,0;48,07;0,41;-0,054;0,0;0,01;0,049
491;27.06.2023;15:34:25;00:08:10;250,0;19,0;19,2;18,2;20,9;20,0;0,1;835,8;8,36E2;-177,9;20,00;3,0;3,0;48,07;0,41;-0,064;0,0;0,01;0,049
492;27.06.2023;15:34:26;00:08:11;250,0;19,0;19,2;18,2;20,9;20,0;0,1;864,3;8,64E2;-152,0;20,00;3,0;3,0;48,07;0,41;-0,069;0,0;0,01;0,049
493;27.06.2023;15:34:27;00:08:12;250,0;19,1;19,2;18,3;20,9;20,0;0,1;923,5;9,23E2;-92,0;20,00;3,0;3,0;48,06;0,41;-0,076;0,0;0,01;0,049
494;27.06.2023;15:34:28;00:08:13;250,0;19,1;19,2;18,4;20,9;20,0;0,1;977,0;9,77E2;-36,4;20,00;3,0;3,0;48,06;0,41;-0,085;0,0;0,00;0,049
495;27.06.2023;15:34:29;00:08:14;250,0;19,2;19,2;18,4;20,9;20,0;0,1;1003,4;1,00E3;-10,4;20,00;3,0;3,0;48,06;0,40;-0,091;0,0;0,01;0,049
496;27.06.2023;15:34:30;00:08:15;250,0;19,2;19,2;18,4;20,9;20,0;0,1;1038,3;1,04E3;28,4;20,00;3,0;3,0;48,06;0,40;-0,093;0,0;0,01;0,049
497;27.06.2023;15:34:31;00:08:16;250,0;19,3;19,2;18,5;20,9;20,0;0,1;1039,5;1,04E3;20,7;20,00;3,0;2,9;48,06;0,40;-0,093;0,0;0,01;0,049
498;27.06.2023;15:34:32;00:08:17;250,0;19,3;19,3;18,5;20,9;20,0;0,1;1046,7;1,05E3;35,8;20,00;3,0;3,0;48,06;0,40;-0,085;0,0;0,01;0,049
499;27.06.2023;15:34:33;00:08:18;250,0;19,4;19,3;18,6;20,9;20,0;0,1;1034,3;1,03E3;23,7;20,00;3,0;3,0;48,06;0,40;-0,076;0,0;0,01;0,049
500;27.06.2023;15:34:34;00:08:19;250,0;19,4;19,3;18,7;20,9;20,0;0,1;1026,9;1,03E3;16,0;20,00;3,0;3,0;48,06;0,40;-0,059;0,0;0,01;0,049
501;27.06.2023;15:34:35;00:08:20;250,0;19,4;19,3;18,7;20,9;20,0;0,1;1054,9;1,05E3;43,3;20,00;3,0;3,0;48,05;0,40;-0,049;0,0;0,00;0,049
502;27.06.2023;15:34:36;00:08:21;250,0;19,5;19,3;18,8;20,9;20,0;0,1;1046,9;1,05E3;35,9;20,00;3,0;3,0;48,05;0,40;-0,044;0,0;0,00;0,049
503;27.06.2023;15:34:37;00:08:22;250,0;19,5;19,3;18,8;20,9;20,0;0,1;1043,5;1,04E3;32,9;20,00;3,0;3,0;48,05;0,40;-0,037;0,0;0,01;0,049
504;27.06.2023;15:34:38;00:08:23;250,0;19,5;19,3;18,9;20,9;20,0;0,1;1038,6;1,04E3;27,8;20,00;3,0;3,0;48,06;0,40;-0,028;0,0;0,01;0,049
505;27.06.2023;15:34:39;00:08:24;250,0;19,5;19,3;18,9;20,9;20,0;0,1;1034,6;1,03E3;24,0;20,00;3,0;3,0;48,05;0,40;-0,018;0,0;0,01;0,049
506;27.06.2023;15:34:40;00:08:25;250,0;19,5;19,3;18,9;20,9;20,0;0,1;1033,0;1,03E3;22,3;20,00;3,0;3,1;48,05;0,40;-0,016;0,0;0,01;0,049
507;27.06.2023;15:34:41;00:08:26;250,0;19,4;19,3;18,9;20,9;20,0;0,1;1030,4;1,03E3;19,8;20,00;3,0;3,0;48,05;0,40;-0,013;0,0;0,01;0,049
508;27.06.2023;15:34:42;00:08:27;250,0;19,4;19,3;19,0;20,9;20,0;0,1;1028,1;1,03E3;17,5;20,00;3,0;3,0;48,05;0,40;-0,011;0,0;0,00;0,049
509;27.06.2023;15:34:43;00:08:28;250,0;19,4;19,3;19,0;20,9;20,0;0,1;1029,9;1,03E3;16,5;20,00;3,0;3,0;48,05;0,40;-0,006;0,0;0,01;0,049
510;27.06.2023;15:34:44;00:08:29;250,0;19,5;19,4;19,2;20,9;20,0;0,1;1055,3;1,06E3;44,6;20,00;3,0;3,0;48,05;0,40;-0,006;0,0;0,01;0,049
511;27.06.2023;15:34:45;00:08:30;250,0;19,5;19,4;19,2;20,9;20,0;0,1;1051,4;1,05E3;40,6;20,00;3,0;3,0;48,05;0,40;-0,001;0,0;0,01;0,049
512;27.06.2023;15:34:46;00:08:31;250,0;19,5;19,4;19,2;20,9;20,0;0,1;1049,9;1,05E3;39,4;20,00;3,0;3,1;48,05;0,40;0,000;0,0;0,00;0,049
513;27.06.2023;15:34:47;00:08:32;250,0;19,4;19,4;19,2;20,9;20,0;0,1;1047,7;1,05E3;36,9;20,00;3,0;3,0;48,05;0,40;-0,003;0,0;0,01;0,049
514;27.06.2023;15:34:48;00:08:33;250,0;19,4;19,4;19,3;20,9;20,0;0,1;1046,0;1,05E3;35,4;20,00;3,0;3,0;48,05;0,40;-0,004;0,0;0,01;0,049
515;27.06.2023;15:34:49;00:08:34;250,0;19,4;19,4;19,3;20,9;20,0;0,1;1045,2;1,05E3;34,5;20,00;3,0;3,1;48,05;0,40;0,000;0,0;0,00;0,049
516;27.06.2023;15:34:50;00:08:35;250,0;19,4;19,4;19,3;20,9;20,0;0,1;1043,8;1,04E3;33,3;20,00;3,0;3,1;48,05;0,40;-0,001;0,0;0,00;0,049
517;27.06.2023;15:34:51;00:08:36;250,0;19,4;19,4;19,4;20,9;20,0;0,1;1043,3;1,04E3;32,7;20,00;3,0;3,0;48,05;0,40;-0,003;0,0;0,00;0,049
518;27.06.2023;15:34:52;00:08:37;250,0;19,4;19,4;19,4;20,9;20,0;0,1;1042,2;1,04E3;31,6;20,00;3,0;3,0;48,05;0,40;0,001;0,0;0,00;0,049
519;27.06.2023;15:34:53;00:08:38;250,0;19,4;19,4;19,4;20,9;20,0;0,1;1041,3;1,04E3;30,5;20,00;3,0;3,0;48,05;0,40;-0,001;0,0;0,00;0,049
520;27.06.2023;15:34:54;00:08:39;250,0;19,4;19,4;19,4;20,9;20,0;0,1;1040,9;1,04E3;30,2;20,00;3,0;3,0;48,05;0,40;0,001;0,0;0,01;0,049
521;27.06.2023;15:34:55;00:08:40;250,0;19,3;19,4;19,4;20,9;20,0;0,1;1040,2;1,04E3;29,6;20,00;3,0;3,0;48,05;0,40;-0,002;0,0;0,01;0,049
522;27.06.2023;15:34:56;00:08:41;250,0;19,3;19,4;19,4;20,9;20,0;0,1;1039,5;1,04E3;29,0;20,00;3,0;3,0;48,05;0,40;-0,003;0,0;0,00;0,049
523;27.06.2023;15:34:57;00:08:42;250,0;19,3;19,4;19,4;20,9;20,0;0,1;1039,3;1,04E3;28,7;20,00;3,0;3,0;48,05;0,40;0,000;0,0;0,01;0,049
524;27.06.2023;15:34:58;00:08:43;250,0;19,3;19,4;19,5;20,9;20,0;0,1;1038,7;1,04E3;28,1;20,00;3,0;3,0;48,05;0,40;0,001;0,0;0,01;0,049
525;27.06.2023;15:34:59;00:08:44;250,0;19,3;19,4;19,5;20,8;20,0;0,1;1038,3;1,04E3;27,8;20,00;3,0;3,0;48,05;0,40;-0,002;0,0;0,00;0,049
526;27.06.2023;15:35:00;00:08:45;250,0;19,3;19,4;19,5;20,8;20,0;0,1;1038,0;1,04E3;27,5;20,00;3,0;2,9;48,05;0,40;-0,004;0,0;0,01;0,049
527;27.06.2023;15:35:01;00:08:46;250,0;19,3;19,4;19,5;20,8;20,0;0,1;1037,7;1,04E3;27,2;20,00;3,0;3,0;48,05;0,40;-0,002;0,0;0,01;0,049
528;27.06.2023;15:35:02;00:08:47;250,0;19,3;19,4;19,5;20,8;20,0;0,1;1037,4;1,04E3;26,9;20,00;3,0;3,0;48,05;0,40;0,003;0,0;0,01;0,049
529;27.06.2023;15:35:03;00:08:48;250,0;19,3;19,4;19,5;20,8;20,0;0,1;1037,2;1,04E3;26,6;20,00;3,0;3,0;48,05;0,40;0,002;0,0;0,01;0,049
530;27.06.2023;15:35:04;00:08:49;250,0;19,3;19,4;19,6;20,9;20,0;0,1;1036,9;1,04E3;26,3;20,00;3,0;3,0;48,05;0,40;0,004;0,0;0,01;0,049
531;27.06.2023;15:35:05;00:08:50;250,0;19,3;19,4;19,6;20,9;20,0;0,1;1036,8;1,04E3;26,3;20,00;3,0;3,0;48,05;0,40;0,003;0,0;0,01;0,049
532;27.06.2023;15:35:06;00:08:51;250,0;19,3;19,4;19,6;20,9;20,0;0,1;1036,5;1,04E3;25,9;20,00;3,0;3,0;48,05;0,40;0,001;0,0;0,01;0,049
533;27.06.2023;15:35:07;00:08:52;250,0;19,3;19,4;19,6;20,9;20,0;0,1;1036,3;1,04E3;25,6;20,00;3,0;3,0;48,05;0,40;0,002;0,0;0,00;0,049
534;27.06.2023;15:35:08;00:08:53;250,0;19,3;19,4;19,6;20,9;20,0;0,1;1036,2;1,04E3;25,6;20,00;3,0;3,0;48,05;0,40;0,002;0,0;0,00;0,049
535;27.06.2023;15:35:09;00:08:54;250,0;19,3;19,4;19,5;20,9;20,0;0,1;1036,0;1,04E3;25,5;20,00;3,0;3,0;48,05;0,40;-0,001;0,0;0,00;0,049
536;27.06.2023;15:35:10;00:08:55;250,0;19,3;19,4;19,5;20,9;20,0;0,1;1035,9;1,04E3;25,3;20,00;3,0;3,1;48,05;0,40;0,005;0,0;0,01;0,049
537;27.06.2023;15:35:11;00:08:56;250,0;19,2;19,4;19,5;20,9;20,0;0,1;1035,8;1,04E3;25,3;20,00;3,0;3,0;48,05;0,40;0,003;0,0;0,01;0,049
538;27.06.2023;15:35:12;00:08:57;250,0;19,2;19,4;19,5;20,9;20,0;0,1;1035,6;1,04E3;25,0;20,00;3,0;2,9;48,05;0,40;-0,003;0,0;0,01;0,049
539;27.06.2023;15:35:13;00:08:58;250,0;19,2;19,4;19,5;20,9;20,0;0,1;1035,5;1,04E3;25,0;20,00;3,0;3,0;48,05;0,40;-0,002;0,0;0,00;0,049
540;27.06.2023;15:35:14;00:08:59;250,0;19,2;19,4;19,5;20,9;20,0;0,1;1035,5;1,04E3;24,9;20,00;3,0;3,1;48,05;0,40;-0,002;0,0;0,00;0,049
541;27.06.2023;15:35:15;00:09:00;250,0;19,2;19,4;19,5;20,9;20,0;0,1;1035,3;1,04E3;24,7;20,00;3,0;3,1;48,05;0,40;0,000;0,0;0,00;0,049
542;27.06.2023;15:35:16;00:09:01;250,0;19,2;19,4;19,5;20,9;20,0;0,1;1035,2;1,04E3;24,7;20,00;3,0;3,0;48,05;0,40;0,002;0,0;0,01;0,049
543;27.06.2023;15:35:17;00:09:02;250,0;19,2;19,4;19,4;20,9;20,0;0,1;1035,2;1,04E3;24,7;20,00;3,0;3,0;48,05;0,40;0,002;0,0;0,01;0,049
544;27.06.2023;15:35:18;00:09:03;250,0;19,2;19,4;19,4;20,9;20,0;0,1;1035,1;1,04E3;24,4;20,00;3,0;3,0;48,05;0,40;-0,004;0,0;0,01;0,049
545;27.06.2023;15:35:19;00:09:04;250,0;19,2;19,4;19,4;20,9;20,0;0,1;1035,0;1,03E3;24,4;20,00;3,0;3,0;48,05;0,40;-0,003;0,0;0,01;0,049
546;27.06.2023;15:35:20;00:09:05;250,0;19,1;19,4;19,4;20,9;20,0;0,1;1034,9;1,03E3;24,4;20,00;3,0;3,0;48,05;0,40;-0,003;0,0;0,01;0,049
547;27.06.2023;15:35:21;00:09:06;250,0;19,1;19,4;19,4;20,9;20,0;0,1;1034,9;1,03E3;24,4;20,00;3,0;3,0;48,05;0,40;0,001;0,0;0,01;0,049
548;27.06.2023;15:35:22;00:09:07;250,0;19,1;19,4;19,4;20,9;20,0;0,1;1034,8;1,03E3;24,2;20,00;3,0;2,9;48,05;0,40;0,002;0,0;0,00;0,049
549;27.06.2023;15:35:23;00:09:08;250,0;19,1;19,4;19,4;20,9;20,0;0,1;1034,7;1,03E3;24,1;20,00;3,0;3,0;48,05;0,40;0,001;0,0;0,01;0,049
550;27.06.2023;15:35:24;00:09:09;250,0;19,3;19,5;19,5;21,0;20,0;0,1;1034,7;1,03E3;24,1;20,00;3,0;2,9;48,05;0,40;-0,002;0,0;0,01;0,049
551;27.06.2023;15:35:25;00:09:10;250,0;19,2;19,5;19,5;21,0;20,0;0,1;1034,7;1,03E3;24,1;20,00;3,0;2,9;48,05;0,40;0,000;0,0;0,01;0,049
552;27.06.2023;15:35:26;00:09:11;250,0;19,2;19,5;19,5;21,0;20,0;0,1;1034,6;1,03E3;24,1;20,00;3,0;2,9;48,05;0,40;-0,001;0,0;0,01;0,049
553;27.06.2023;15:35:27;00:09:12;250,0;19,2;19,5;19,5;21,0;20,0;0,1;1034,5;1,03E3;24,0;20,00;3,0;3,0;48,05;0,40;0,000;0,0;0,00;0,049
554;27.06.2023;15:35:28;00:09:13;250,0;19,2;19,5;19,4;21,0;20,0;0,1;1034,5;1,03E3;24,0;20,00;3,0;3,0;48,05;0,40;0,003;0,0;0,00;0,049
555;27.06.2023;15:35:29;00:09:14;250,0;19,2;19,5;19,4;21,0;20,0;0,1;1034,4;1,03E3;23,9;20,00;3,0;3,0;48,05;0,40;0,002;0,0;0,00;0,049
556;27.06.2023;15:35:30;00:09:15;250,0;19,2;19,5;19,4;21,0;20,0;0,1;1034,4;1,03E3;23,8;20,00;3,0;3,0;48,05;0,40;0,003;0,0;0,01;0,049
557;27.06.2023;15:35:31;00:09:16;250,0;19,1;19,5;19,4;21,0;20,0;0,1;1034,3;1,03E3;23,8;20,00;3,0;3,0;48,05;0,40;0,000;0,0;0,00;0,049
558;27.06.2023;15:35:32;00:09:17;250,0;19,1;19,5;19,4;21,0;20,0;0,1;1034,3;1,03E3;23,8;20,00;3,0;3,0;48,05;0,40;0,002;0,0;0,01;0,049
559;27.06.2023;15:35:33;00:09:18;250,0;19,1;19,5;19,4;21,0;20,0;0,1;1034,2;1,03E3;23,8;20,00;3,0;3,1;48,05;0,40;0,003;0,0;0,01;0,049
560;27.06.2023;15:35:34;00:09:19;250,0;19,1;19,5;19,3;21,0;20,0;0,1;1034,3;1,03E3;23,8;20,00;3,0;3,1;48,05;0,40;0,001;0,0;0,01;0,049
561;27.06.2023;15:35:35;00:09:20;250,0;19,1;19,5;19,3;21,0;20,0;0,1;1034,2;1,03E3;23,8;20,00;3,0;3,0;48,05;0,40;0,000;0,0;0,01;0,049
562;27.06.2023;15:35:36;00:09:21;250,0;19,1;19,5;19,3;20,9;20,0;0,1;1034,2;1,03E3;23,7;20,00;3,0;3,0;48,05;0,40;0,001;0,0;0,01;0,049
563;27.06.2023;15:35:37;00:09:22;250,0;19,1;19,5;19,3;20,9;20,0;0,1;1034,1;1,03E3;23,7;20,00;3,0;3,0;48,05;0,40;0,000;0,0;0,01;0,049
564;27.06.2023;15:35:38;00:09:23;250,0;19,1;19,5;19,3;20,9;20,0;0,1;1034,1;1,03E3;23,5;20,00;3,0;3,0;48,05;0,40;-0,002;0,0;0,01;0,049
565;27.06.2023;15:35:39;00:09:24;250,0;19,1;19,5;19,3;20,9;20,0;0,1;1034,1;1,03E3;23,5;20,00;3,0;3,0;48,05;0,40;0,001;0,0;0,00;0,049
566;27.06.2023;15:35:40;00:09:25;250,0;19,0;19,5;19,3;20,9;20,0;0,1;1034,1;1,03E3;23,5;20,00;3,0;3,0;48,05;0,40;0,002;0,0;0,00;0,049
567;27.06.2023;15:35:41;00:09:26;250,0;19,0;19,5;19,3;20,9;20,0;0,1;1034,1;1,03E3;23,5;20,00;3,0;3,0;48,05;0,40;0,003;0,0;0,01;0,049
568;27.06.2023;15:35:42;00:09:27;250,0;19,0;19,5;19,2;20,9;20,0;0,1;1034,0;1,03E3;23,5;20,00;3,0;3,0;48,05;0,40;0,001;0,0;0,00;0,049
569;27.06.2023;15:35:43;00:09:28;250,0;19,0;19,6;19,3;20,9;20,0;0,1;1034,0;1,03E3;23,5;20,00;3,0;3,0;48,05;0,40;0,000;0,0;0,01;0,049
570;27.06.2023;15:35:44;00:09:29;250,0;19,1;19,5;19,3;21,0;20,0;0,1;1034,0;1,03E3;23,5;20,00;3,0;3,0;48,05;0,40;0,001;0,0;0,00;0,049
571;27.06.2023;15:35:45;00:09:30;250,0;19,1;19,5;19,3;21,0;20,0;0,1;1034,0;1,03E3;23,5;20,00;3,0;2,9;48,05;0,40;0,000;0,0;0,00;0,049
572;27.06.2023;15:35:46;00:09:31;250,0;19,1;19,5;19,3;21,0;20,0;0,1;1034,0;1,03E3;23,5;20,00;3,0;3,0;48,05;0,40;0,001;0,0;0,00;0,049
573;27.06.2023;15:35:47;00:09:32;250,0;19,1;19,5;19,2;21,0;20,0;0,1;1033,9;1,03E3;23,5;20,00;3,0;2,9;48,05;0,40;0,001;0,0;0,00;0,049
574;27.06.2023;15:35:48;00:09:33;250,0;19,1;19,5;19,2;21,0;20,0;0,1;1033,9;1,03E3;23,5;20,00;3,0;2,9;48,05;0,40;0,000;0,0;0,01;0,049
575;27.06.2023;15:35:49;00:09:34;250,0;19,1;19,5;19,2;21,0;20,0;0,2;1033,9;1,03E3;23,5;20,00;3,0;2,9;48,05;0,40;-0,002;0,0;0,00;0,049
576;27.06.2023;15:35:50;00:09:35;250,0;19,0;19,5;19,2;21,0;20,0;0,2;1033,9;1,03E3;23,5;20,00;3,0;3,0;48,05;0,40;0,002;0,0;0,00;0,049
577;27.06.2023;15:35:51;00:09:36;250,0;19,0;19,5;19,2;21,0;20,0;0,2;1033,9;1,03E3;23,4;20,00;3,0;3,0;48,05;0,40;0,000;0,0;0,01;0,049
578;27.06.2023;15:35:52;00:09:37;250,0;19,0;19,5;19,2;21,0;20,0;0,2;1033,8;1,03E3;23,2;20,00;3,0;3,0;48,05;0,40;-0,001;0,0;0,00;0,049
579;27.06.2023;15:35:53;00:09:38;250,0;19,0;19,5;19,2;21,0;20,0;0,2;1033,8;1,03E3;23,2;20,00;3,0;3,0;48,05;0,40;0,002;0,0;0,00;0,049
580;27.06.2023;15:35:54;00:09:39;250,0;19,0;19,5;19,2;21,0;20,0;0,2;1033,8;1,03E3;23,2;20,00;3,0;3,0;48,05;0,40;0,000;0,0;0,01;0,049
581;27.06.2023;15:35:55;00:09:40;250,0;19,0;19,5;19,2;21,0;20,0;0,2;1033,8;1,03E3;23,2;20,00;3,0;3,0;48,05;0,40;-0,003;0,0;0,00;0,049
582;27.06.2023;15:35:56;00:09:41;250,0;19,0;19,5;19,1;20,9;20,0;0,2;1033,8;1,03E3;23,2;20,00;3,0;3,0;48,05;0,40;-0,003;0,0;0,01;0,049
583;27.06.2023;15:35:57;00:09:42;250,0;19,0;19,5;19,1;20,9;20,0;0,2;1033,8;1,03E3;23,2;20,00;3,0;2,9;48,05;0,40;-0,003;0,0;0,00;0,049
584;27.06.2023;15:35:58;00:09:43;250,0;19,0;19,5;19,1;20,9;20,0;0,2;1033,7;1,03E3;23,2;20,00;3,0;3,0;48,05;0,40;-0,002;0,0;0,01;0,049
585;27.06.2023;15:35:59;00:09:44;250,0;19,0;19,5;19,1;20,9;20,0;0,2;1033,7;1,03E3;23,2;20,00;3,0;3,0;48,05;0,40;0,000;0,0;0,01;0,049
586;27.06.2023;15:36:00;00:09:45;250,0;19,0;19,5;19,1;20,9;20,0;0,2;1033,7;1,03E3;23,2;20,00;3,0;3,0;48,05;0,40;-0,001;0,0;0,00;0,049
587;27.06.2023;15:36:01;00:09:46;250,0;19,0;19,5;19,1;20,9;20,0;0,2;1033,6;1,03E3;23,2;20,00;3,0;2,9;48,05;0,40;-0,004;0,0;0,00;0,049
588;27.06.2023;15:36:02;00:09:47;250,0;19,0;19,5;19,1;20,9;20,0;0,2;1033,7;1,03E3;23,2;20,00;3,0;2,9;48,05;0,40;-0,002;0,0;0,01;0,049
589;27.06.2023;15:36:03;00:09:48;250,0;18,9;19,5;19,0;20,9;20,0;0,2;1033,6;1,03E3;23,2;20,00;3,0;3,0;48,05;0,40;0,002;0,0;0,01;0,049
590;27.06.2023;15:36:04;00:09:49;250,0;18,9;19,5;19,0;20,9;20,0;0,2;1033,6;1,03E3;23,2;20,00;3,0;3,0;48,05;0,40;0,000;0,0;0,01;0,049
591;27.06.2023;15:36:05;00:09:50;250,0;18,9;19,5;19,0;20,9;20,0;0,2;1033,6;1,03E3;23,2;20,00;3,0;3,0;48,05;0,40;0,000;0,0;0,01;0,049
592;27.06.2023;15:36:06;00:09:51;250,0;18,9;19,5;19,0;20,9;20,0;0,2;1033,6;1,03E3;23,2;20,00;3,0;3,0;48,05;0,40;0,002;0,0;0,01;0,049
593;27.06.2023;15:36:07;00:09:52;250,0;18,9;19,5;19,0;20,9;20,0;0,0;1033,5;1,03E3;23,2;20,00;3,0;3,0;48,05;0,40;0,002;0,0;0,00;0,049
594;27.06.2023;15:36:08;00:09:53;250,0;18,9;19,5;19,0;20,9;20,0;0,0;1033,6;1,03E3;23,2;20,00;3,0;3,0;48,05;0,40;0,002;0,0;0,00;0,049
595;27.06.2023;15:36:09;00:09:54;250,0;18,9;19,5;19,0;20,9;20,0;0,0;1033,5;1,03E3;23,2;20,00;3,0;3,0;48,05;0,40;-0,001;0,0;0,01;0,049
596;27.06.2023;15:36:10;00:09:55;250,0;18,9;19,5;19,0;20,9;20,0;0,0;1033,5;1,03E3;23,2;20,00;3,0;3,0;48,05;0,40;-0,001;0,0;0,00;0,049
597;27.06.2023;15:36:11;00:09:56;250,0;18,9;19,5;19,0;20,9;20,0;0,0;1033,5;1,03E3;23,1;20,00;3,0;3,0;48,05;0,40;0,001;0,0;0,00;0,049
598;27.06.2023;15:36:12;00:09:57;250,0;18,8;19,5;19,0;20,9;20,0;0,0;1033,5;1,03E3;23,2;20,00;3,0;3,0;48,05;0,40;-0,002;0,0;0,01;0,049
599;27.06.2023;15:36:13;00:09:58;250,0;18,8;19,5;19,0;20,9;20,0;0,0;1033,5;1,03E3;23,0;20,00;3,0;3,0;48,05;0,40;0,000;0,0;0,00;0,049
600;27.06.2023;15:36:14;00:09:59;250,0;18,8;19,5;18,9;20,9;20,0;0,0;1033,5;1,03E3;23,0;20,00;3,0;3,0;48,05;0,40;-0,002;0,0;0,00;0,049
601;27.06.2023;15:36:15;00:10:00;250,0;18,8;19,5;18,9;20,9;20,0;0,0;1017,4;1,02E3;12,4;20,00;3,0;3,0;48,05;0,40;0,001;0,0;0,00;0,049
602;27.06.2023;15:36:16;00:10:01;250,0;18,8;19,5;18,9;20,9;20,0;0,0;984,1;9,84E2;-24,3;20,00;3,0;3,0;48,05;0,40;0,003;0,0;0,00;0,049
603;27.06.2023;15:36:17;00:10:02;250,0;18,8;19,5;18,9;20,9;20,0;0,0;932,3;9,32E2;-73,7;20,00;3,0;3,0;48,05;0,40;0,003;0,0;0,00;0,049
604;27.06.2023;15:36:18;00:10:03;250,0;18,8;19,5;18,9;20,9;20,0;0,0;885,9;8,86E2;-121,4;20,00;3,0;3,0;48,05;0,40;0,001;0,0;0,01;0,049
605;27.06.2023;15:36:19;00:10:04;250,0;18,8;19,5;18,9;20,9;20,0;0,0;866,4;8,66E2;-141,4;20,00;3,0;3,0;48,06;0,40;0,003;0,0;0,00;0,049
606;27.06.2023;15:36:20;00:10:05;250,0;18,8;19,5;18,9;20,8;20,0;0,0;828,4;8,28E2;-180,7;20,00;3,0;3,0;48,05;0,40;0,008;0,0;0,01;0,049
607;27.06.2023;15:36:21;00:10:06;250,0;18,8;19,5;18,9;20,8;20,0;0,0;794,2;7,94E2;-212,8;20,00;3,0;3,0;48,06;0,40;0,008;0,0;0,01;0,049
608;27.06.2023;15:36:22;00:10:07;250,0;18,8;19,5;18,9;20,8;20,0;0,0;776,6;7,77E2;-232,2;20,00;3,0;3,0;48,05;0,40;0,008;0,0;0,01;0,049
609;27.06.2023;15:36:23;00:10:08;250,0;18,8;19,5;18,9;20,8;20,0;0,0;748,2;7,48E2;-259,4;20,00;3,0;2,9;48,05;0,40;0,006;0,0;0,01;0,049
610;27.06.2023;15:36:24;00:10:09;250,0;18,8;19,5;18,8;20,8;20,0;0,0;734,7;7,35E2;-274,4;20,00;3,0;3,0;48,06;0,40;0,006;0,0;0,01;0,049
611;27.06.2023;15:36:25;00:10:10;250,0;18,7;19,5;18,8;20,8;20,0;0,0;709,3;7,09E2;-299,0;20,00;3,0;3,0;48,06;0,40;0,005;0,0;0,00;0,049
612;27.06.2023;15:36:26;00:10:11;250,0;18,7;19,5;18,8;20,8;20,0;0,0;684,7;6,85E2;-324,2;20,00;3,0;3,0;48,06;0,40;0,007;0,0;0,01;0,049
613;27.06.2023;15:36:27;00:10:12;250,0;18,7;19,5;18,8;20,8;20,0;0,0;673,1;6,73E2;-335,5;20,00;3,0;3,0;48,06;0,40;0,006;0,0;0,00;0,049
614;27.06.2023;15:36:28;00:10:13;250,0;18,7;19,5;18,8;20,8;20,0;0,0;647,8;6,48E2;-361,0;20,00;3,0;3,1;48,06;0,40;0,011;0,0;0,01;0,049
615;27.06.2023;15:36:29;00:10:14;250,0;18,7;19,5;18,8;20,8;20,0;0,0;626,5;6,26E2;-381,8;20,00;3,0;3,0;48,06;0,40;0,010;0,0;0,01;0,049
616;27.06.2023;15:36:30;00:10:15;250,0;18,7;19,5;18,8;20,8;20,0;0,0;614,8;6,15E2;-393,6;20,00;3,0;3,0;48,06;0,40;0,008;0,0;0,00;0,049
617;27.06.2023;15:36:31;00:10:16;250,0;18,7;19,5;18,8;20,8;20,0;0,0;594,5;5,94E2;-413,5;20,00;3,0;3,0;48,06;0,40;0,005;0,0;0,01;0,049
618;27.06.2023;15:36:32;00:10:17;250,0;18,6;19,5;18,8;20,8;20,0;0,0;574,4;5,74E2;-434,2;20,00;3,0;2,9;48,06;0,40;0,004;0,0;0,01;0,049
619;27.06.2023;15:36:33;00:10:18;250,0;18,6;19,5;18,8;20,8;20,0;0,0;564,5;5,64E2;-443,5;20,00;3,0;2,9;48,06;0,40;0,004;0,0;0,01;0,049
620;27.06.2023;15:36:34;00:10:19;250,0;18,6;19,5;18,7;20,8;20,0;0,0;544,1;5,44E2;-464,6;20,00;3,0;3,0;48,06;0,40;0,008;0,0;0,01;0,049
621;27.06.2023;15:36:35;00:10:20;250,0;18,6;19,5;18,7;20,8;20,0;0,0;525,5;5,26E2;-483,5;20,00;3,0;3,0;48,06;0,40;0,016;0,0;0,01;0,049
622;27.06.2023;15:36:36;00:10:21;250,0;18,6;19,5;18,7;20,8;20,0;0,0;515,6;5,16E2;-491,8;20,00;3,0;3,0;48,06;0,40;0,016;0,0;0,01;0,049
623;27.06.2023;15:36:37;00:10:22;250,0;18,6;19,5;18,7;20,8;20,0;0,0;498,5;4,98E2;-510,0;20,00;3,0;3,0;48,06;0,40;0,019;0,0;0,01;0,049
624;27.06.2023;15:36:38;00:10:23;250,0;18,6;19,5;18,7;20,8;20,0;0,0;490,3;4,90E2;-518,0;20,00;3,0;3,0;48,06;0,40;0,020;0,0;0,01;0,049
625;27.06.2023;15:36:39;00:10:24;250,0;18,6;19,4;18,7;20,8;20,0;0,0;474,1;4,74E2;-533,7;20,00;3,0;2,9;48,06;0,40;0,019;0,0;0,01;0,049
626;27.06.2023;15:36:40;00:10:25;250,0;18,5;19,4;18,7;20,9;20,0;0,0;455,3;4,55E2;-541,2;20,00;3,0;3,0;48,06;0,40;0,025;0,0;0,01;0,049
627;27.06.2023;15:36:41;00:10:26;250,0;18,5;19,4;18,7;20,9;20,0;0,0;448,5;4,48E2;-541,2;20,00;3,0;3,0;48,06;0,41;0,026;0,0;0,01;0,049
628;27.06.2023;15:36:42;00:10:27;250,0;18,5;19,4;18,6;20,9;20,0;0,0;432,7;4,33E2;-541,2;20,00;3,0;3,0;48,06;0,41;0,028;0,0;0,01;0,049
629;27.06.2023;15:36:43;00:10:28;250,0;18,3;19,4;18,5;20,7;20,0;0,0;418,2;4,18E2;-541,2;20,00;3,0;3,0;48,06;0,41;0,027;0,0;0,00;0,049
630;27.06.2023;15:36:44;00:10:29;250,0;18,3;19,3;18,4;20,7;20,0;0,0;410,4;4,10E2;-541,2;20,00;3,0;3,0;48,06;0,41;0,026;0,0;0,00;0,049
631;27.06.2023;15:36:45;00:10:30;250,0;18,3;19,3;18,4;20,7;20,0;0,0;397,2;3,97E2;-541,2;20,00;3,0;3,0;48,06;0,41;0,029;0,0;0,01;0,049
632;27.06.2023;15:36:46;00:10:31;250,0;18,3;19,3;18,4;20,7;20,0;0,0;382,8;3,83E2;-541,2;20,00;3,0;3,1;48,06;0,41;0,029;0,0;0,01;0,049
633;27.06.2023;15:36:47;00:10:32;250,0;18,3;19,3;18,4;20,7;20,0;0,0;376,0;3,76E2;-541,2;20,00;3,0;3,0;48,06;0,41;0,028;0,0;0,01;0,049
634;27.06.2023;15:36:48;00:10:33;250,0;18,3;19,3;18,4;20,7;20,0;0,0;363,3;3,63E2;-541,2;20,00;3,0;3,0;48,06;0,41;0,031;0,0;0,01;0,049
635;27.06.2023;15:36:49;00:10:34;250,0;18,3;19,3;18,4;20,7;20,0;0,0;356,8;3,57E2;-541,2;20,00;3,0;3,0;48,06;0,41;0,031;0,0;0,01;0,049
636;27.06.2023;15:36:50;00:10:35;250,0;18,3;19,3;18,4;20,7;20,0;0,0;344,9;3,45E2;-541,2;20,00;3,0;3,0;48,07;0,41;0,028;0,0;0,00;0,049
637;27.06.2023;15:36:51;00:10:36;250,0;18,3;19,3;18,3;20,7;20,0;0,0;333,0;3,33E2;-541,2;20,00;3,0;3,0;48,06;0,41;0,030;0,0;0,00;0,049
638;27.06.2023;15:36:52;00:10:37;250,0;18,3;19,3;18,3;20,7;20,0;0,0;327,3;3,27E2;-541,2;20,00;3,0;3,0;48,06;0,41;0,028;0,0;0,00;0,049
639;27.06.2023;15:36:53;00:10:38;250,0;18,3;19,3;18,3;20,7;20,0;0,0;315,1;3,15E2;-541,2;20,00;3,0;3,0;48,07;0,41;0,021;0,0;0,01;0,049
640;27.06.2023;15:36:54;00:10:39;250,0;18,3;19,3;18,3;20,7;20,0;0,0;304,3;3,04E2;-541,2;20,00;3,0;3,0;48,07;0,41;0,020;0,0;0,01;0,049
641;27.06.2023;15:36:55;00:10:40;250,0;18,3;19,3;18,3;20,7;20,0;0,0;299,2;2,99E2;-541,2;20,00;3,0;3,0;48,07;0,41;0,019;0,0;0,00;0,049
642;27.06.2023;15:36:56;00:10:41;250,0;18,3;19,3;18,2;20,7;20,0;0,0;289,1;2,89E2;-541,2;20,00;3,0;3,0;48,07;0,41;0,019;0,0;0,01;0,049
643;27.06.2023;15:36:57;00:10:42;250,0;18,3;19,3;18,2;20,7;20,0;0,0;279,2;2,79E2;-541,2;20,00;3,0;3,0;48,07;0,41;0,019;0,0;0,00;0,049
644;27.06.2023;15:36:58;00:10:43;250,0;18,3;19,3;18,2;20,7;20,0;0,0;274,4;2,74E2;-541,2;20,00;3,0;3,0;48,07;0,41;0,018;0,0;0,01;0,049
645;27.06.2023;15:36:59;00:10:44;250,0;18,3;19,3;18,2;20,7;20,0;0,0;264,4;2,64E2;-541,2;20,00;3,0;3,0;48,07;0,41;0,023;0,0;0,01;0,049
646;27.06.2023;15:37:00;00:10:45;250,0;18,3;19,3;18,2;20,7;20,0;0,0;255,4;2,55E2;-541,2;20,00;3,0;3,0;48,07;0,41;0,019;0,0;0,01;0,049
647;27.06.2023;15:37:01;00:10:46;250,0;18,3;19,3;18,2;20,7;20,0;0,0;251,0;2,51E2;-541,2;20,00;3,0;3,0;48,07;0,41;0,019;0,0;0,01;0,049
648;27.06.2023;15:37:02;00:10:47;250,0;18,3;19,3;18,1;20,7;20,0;0,0;242,4;2,42E2;-541,2;20,00;3,0;3,0;48,07;0,41;0,015;0,0;0,00;0,049
649;27.06.2023;15:37:03;00:10:48;250,0;18,3;19,3;18,1;20,7;20,0;0,0;238,4;2,38E2;-541,2;20,00;3,0;3,0;48,07;0,41;0,015;0,0;0,01;0,049
650;27.06.2023;15:37:04;00:10:49;250,0;18,2;19,2;18,0;20,7;20,0;0,0;230,3;2,30E2;-541,2;20,00;3,0;3,0;48,07;0,41;0,018;0,0;0,01;0,049
651;27.06.2023;15:37:05;00:10:50;250,0;18,2;19,2;18,0;20,7;20,0;0,0;221,9;2,22E2;-541,2;20,00;3,0;3,0;48,07;0,41;0,020;0,0;0,01;0,049
652;27.06.2023;15:37:06;00:10:51;250,0;18,2;19,2;18,0;20,7;20,0;0,0;218,0;2,18E2;-541,2;20,00;3,0;3,1;48,07;0,41;0,018;0,0;0,00;0,049
653;27.06.2023;15:37:07;00:10:52;250,0;18,2;19,2;18,0;20,7;20,0;0,0;210,7;2,11E2;-541,2;20,00;3,0;3,0;48,07;0,41;0,017;0,0;0,01;0,049
654;27.06.2023;15:37:08;00:10:53;250,0;18,2;19,2;18,0;20,7;20,0;0,0;203,6;2,04E2;-541,2;20,00;3,0;3,0;48,07;0,42;0,013;0,0;0,01;0,049
655;27.06.2023;15:37:09;00:10:54;250,0;18,2;19,2;18,0;20,7;20,0;0,0;200,2;2,00E2;-541,2;20,00;3,0;3,0;48,07;0,41;0,010;0,0;0,01;0,049
656;27.06.2023;15:37:10;00:10:55;250,0;18,2;19,2;18,0;20,7;20,0;0,0;193,4;1,93E2;-541,2;20,00;3,0;3,0;48,07;0,42;0,008;0,0;0,01;0,049
657;27.06.2023;15:37:11;00:10:56;250,0;18,2;19,2;18,0;20,7;20,0;0,0;186,5;1,87E2;-541,2;20,00;3,0;2,9;48,07;0,41;0,008;0,0;0,00;0,049
658;27.06.2023;15:37:12;00:10:57;250,0;18,2;19,2;17,9;20,7;20,0;0,0;183,2;1,83E2;-541,2;20,00;3,0;2,9;48,07;0,41;0,009;0,0;0,01;0,049
659;27.06.2023;15:37:13;00:10:58;250,0;18,2;19,2;17,9;20,7;20,0;0,0;177,2;1,77E2;-541,2;20,00;3,0;3,0;48,07;0,42;0,011;0,0;0,01;0,049
660;27.06.2023;15:37:14;00:10:59;250,0;18,2;19,2;17,9;20,7;20,0;0,0;166,8;1,67E2;-541,2;20,00;3,0;3,1;48,07;0,42;0,014;0,0;0,01;0,049
661;27.06.2023;15:37:15;00:11:00;250,0;18,2;19,2;17,9;20,7;20,0;0,0;160,1;1,60E2;-541,2;20,00;3,0;3,0;48,07;0,42;0,013;0,0;0,00;0,049
662;27.06.2023;15:37:16;00:11:01;250,0;18,2;19,2;17,9;20,7;20,0;0,0;147,5;1,48E2;-541,2;20,00;3,0;3,0;48,07;0,42;0,012;0,0;0,01;0,049
663;27.06.2023;15:37:17;00:11:02;250,0;18,2;19,2;17,9;20,7;20,0;0,0;140,8;1,41E2;-541,2;20,00;3,0;2,9;48,07;0,42;0,010;0,0;0,01;0,049
664;27.06.2023;15:37:18;00:11:03;250,0;18,2;19,2;17,8;20,7;20,0;0,0;130,9;1,31E2;-541,2;20,00;3,0;3,0;48,07;0,42;0,012;0,0;0,00;0,049
665;27.06.2023;15:37:19;00:11:04;250,0;18,2;19,2;17,8;20,7;20,0;0,0;121,7;1,22E2;-541,2;20,00;3,0;3,0;48,07;0,42;0,015;0,0;0,01;0,049
666;27.06.2023;15:37:20;00:11:05;250,0;18,2;19,2;17,8;20,7;20,0;0,0;117,6;1,18E2;-541,2;20,00;3,0;2,9;48,07;0,42;0,015;0,0;0,01;0,049
667;27.06.2023;15:37:21;00:11:06;250,0;18,2;19,2;17,8;20,7;20,0;0,0;109,5;1,09E2;-541,2;20,00;3,0;3,0;48,07;0,42;0,022;0,0;0,01;0,049
668;27.06.2023;15:37:22;00:11:07;250,0;18,2;19,2;17,8;20,7;20,0;0,0;102,1;1,02E2;-541,2;20,00;3,0;3,0;48,07;0,42;0,024;0,0;0,01;0,049
669;27.06.2023;15:37:23;00:11:08;250,0;18,2;19,2;17,8;20,7;20,0;0,0;97,8;9,78E1;-541,2;20,00;3,0;3,0;48,07;0,42;0,023;0,0;0,01;0,049
670;27.06.2023;15:37:24;00:11:09;250,0;18,1;19,2;17,7;20,7;20,0;0,0;91,4;9,14E1;-541,2;20,00;3,0;3,0;48,07;0,42;0,024;0,0;0,01;0,049
671;27.06.2023;15:37:25;00:11:10;250,0;18,1;19,2;17,7;20,7;20,0;0,0;85,0;8,50E1;-541,2;20,00;3,0;3,0;48,07;0,42;0,019;0,0;0,01;0,049
672;27.06.2023;15:37:26;00:11:11;250,0;18,1;19,2;17,7;20,7;20,0;0,0;82,2;8,22E1;-541,2;20,00;3,0;3,0;48,07;0,42;0,013;0,0;0,01;0,049
673;27.06.2023;15:37:27;00:11:12;250,0;18,1;19,2;17,7;20,7;20,0;0,0;76,5;7,65E1;-541,2;20,00;3,0;3,0;48,07;0,42;0,009;0,0;0,00;0,049
674;27.06.2023;15:37:28;00:11:13;250,0;18,1;19,2;17,7;20,7;20,0;0,0;74,1;7,41E1;-541,2;20,00;3,0;3,1;48,07;0,42;0,015;0,0;0,01;0,049
675;27.06.2023;15:37:29;00:11:14;250,0;18,1;19,2;17,7;20,7;20,0;0,0;68,3;6,83E1;-541,2;20,00;3,0;3,0;48,07;0,42;0,016;0,0;0,01;0,049
676;27.06.2023;15:37:30;00:11:15;250,0;18,1;19,1;17,7;20,7;20,0;0,0;63,4;6,34E1;-541,2;20,00;3,0;3,0;48,07;0,42;0,015;0,0;0,01;0,049
677;27.06.2023;15:37:31;00:11:16;250,0;18,1;19,1;17,7;20,7;20,0;0,0;61,1;6,11E1;-541,2;20,00;3,0;3,0;48,07;0,42;0,018;0,0;0,00;0,049
678;27.06.2023;15:37:32;00:11:17;250,0;18,1;19,1;17,7;20,7;20,0;0,0;56,7;5,67E1;-541,2;20,00;3,0;3,0;48,07;0,42;0,015;0,0;0,01;0,049
679;27.06.2023;15:37:33;00:11:18;250,0;18,1;19,1;17,7;20,7;20,0;0,0;52,7;5,27E1;-541,2;20,00;3,0;3,0;48,08;0,42;0,009;0,0;0,01;0,049
680;27.06.2023;15:37:34;00:11:19;250,0;18,1;19,2;17,7;20,7;20,0;0,0;50,8;5,08E1;-541,2;20,00;3,0;3,1;48,07;0,42;0,010;0,0;0,00;0,049
681;27.06.2023;15:37:35;00:11:20;250,0;18,1;19,2;17,7;20,7;20,0;0,0;47,0;4,70E1;-541,2;20,00;3,0;3,0;48,08;0,42;0,006;0,0;0,01;0,049
682;27.06.2023;15:37:36;00:11:21;250,0;18,1;19,1;17,7;20,7;20,0;0,0;43,7;4,37E1;-541,2;20,00;3,0;3,0;48,08;0,42;0,003;0,0;0,00;0,049
683;27.06.2023;15:37:37;00:11:22;250,0;18,1;19,1;17,7;20,7;20,0;0,0;42,3;4,23E1;-541,2;20,00;3,0;3,0;48,08;0,42;0,004;0,0;0,01;0,049
684;27.06.2023;15:37:38;00:11:23;250,0;18,1;19,1;17,7;20,7;20,0;0,0;39,2;3,92E1;-541,2;20,00;3,0;3,0;48,08;0,42;0,005;0,0;0,00;0,049
685;27.06.2023;15:37:39;00:11:24;250,0;18,1;19,1;17,7;20,7;20,0;0,0;36,5;3,65E1;-541,2;20,00;3,0;3,0;48,08;0,42;0,004;0,0;0,01;0,049
686;27.06.2023;15:37:40;00:11:25;250,0;18,1;19,2;17,7;20,7;20,0;0,0;35,2;3,52E1;-541,2;20,00;3,0;3,0;48,08;0,42;0,004;0,0;0,01;0,049
687;27.06.2023;15:37:41;00:11:26;250,0;18,1;19,2;17,7;20,7;20,0;0,0;32,7;3,27E1;-541,2;20,00;3,0;2,9;48,08;0,42;0,005;0,0;0,00;0,049
688;27.06.2023;15:37:42;00:11:27;250,0;18,1;19,2;17,7;20,7;20,0;0,0;31,3;3,13E1;-541,2;20,00;3,0;2,9;48,07;0,42;0,002;0,0;0,00;0,049
689;27.06.2023;15:37:43;00:11:28;250,0;18,1;19,2;17,7;20,7;20,0;0,0;29,0;2,90E1;-541,2;20,00;3,0;3,0;48,08;0,42;0,001;0,0;0,01;0,049
690;27.06.2023;15:37:44;00:11:29;250,0;18,2;19,2;17,7;20,7;20,0;0,0;27,1;2,71E1;-541,2;20,00;3,0;3,0;48,08;0,42;0,000;0,0;0,01;0,049
691;27.06.2023;15:37:45;00:11:30;250,0;18,2;19,2;17,7;20,7;20,0;0,0;26,2;2,62E1;-541,2;20,00;3,0;3,0;48,07;0,42;0,002;0,0;0,01;0,049
692;27.06.2023;15:37:46;00:11:31;250,0;18,2;19,2;17,7;20,7;20,0;0,0;24,4;2,44E1;-541,2;20,00;3,0;3,0;48,08;0,42;0,000;0,0;0,00;0,049
693;27.06.2023;15:37:47;00:11:32;250,0;18,2;19,2;17,7;20,7;20,0;0,0;22,3;2,23E1;-541,2;20,00;3,0;3,0;48,08;0,42;0,003;0,0;0,01;0,049
694;27.06.2023;15:37:48;00:11:33;250,0;18,2;19,2;17,7;20,7;20,0;0,0;21,3;2,13E1;-541,2;20,00;3,0;3,0;48,08;0,42;0,006;0,0;0,00;0,049
695;27.06.2023;15:37:49;00:11:34;250,0;18,2;19,2;17,7;20,7;20,0;0,0;20,2;2,02E1;-541,2;20,00;3,0;2,9;48,08;0,42;0,003;0,0;0,00;0,049
696;27.06.2023;15:37:50;00:11:35;250,0;18,2;19,2;17,7;20,7;20,0;0,0;18,7;1,87E1;-541,2;20,00;3,0;3,0;48,08;0,42;0,005;0,0;0,01;0,049
697;27.06.2023;15:37:51;00:11:36;250,0;18,2;19,2;17,7;20,7;20,0;0,0;17,9;1,79E1;-541,2;20,00;3,0;3,0;48,08;0,42;0,008;0,0;0,00;0,049
698;27.06.2023;15:37:52;00:11:37;250,0;18,2;19,2;17,7;20,7;20,0;0,0;16,5;1,65E1;-541,2;20,00;3,0;3,0;48,08;0,42;0,004;0,0;0,01;0,049
699;27.06.2023;15:37:53;00:11:38;250,0;18,2;19,2;17,7;20,7;20,0;0,0;15,3;1,53E1;-541,2;20,00;3,0;3,0;48,08;0,42;0,006;0,0;0,01;0,049
700;27.06.2023;15:37:54;00:11:39;250,0;18,2;19,2;17,7;20,7;20,0;0,0;14,7;1,47E1;-541,2;20,00;3,0;3,0;48,08;0,42;0,006;0,0;0,00;0,049
701;27.06.2023;15:37:55;00:11:40;250,0;18,2;19,2;17,7;20,7;20,0;0,0;13,9;1,39E1;-541,2;20,00;3,0;3,0;48,08;0,42;0,003;0,0;0,01;0,049
702;27.06.2023;15:37:56;00:11:41;250,0;18,2;19,2;17,7;20,7;20,0;0,0;13,4;1,34E1;-541,2;20,00;3,0;3,0;48,08;0,42;0,005;0,0;0,00;0,049
703;27.06.2023;15:37:57;00:11:42;250,0;18,2;19,2;17,7;20,7;20,0;0,0;12,6;1,26E1;-541,2;20,00;3,0;3,0;48,08;0,42;0,005;0,0;0,01;0,049
704;27.06.2023;15:37:58;00:11:43;250,0;18,2;19,2;17,7;20,7;20,0;0,0;11,6;1,16E1;-541,2;20,00;3,0;3,0;48,08;0,42;0,004;0,0;0,01;0,049
705;27.06.2023;15:37:59;00:11:44;250,0;18,2;19,2;17,7;20,7;20,0;0,0;11,3;1,13E1;-541,2;20,00;3,0;3,0;48,08;0,42;0,005;0,0;0,00;0,049
706;27.06.2023;15:38:00;00:11:45;250,0;18,2;19,2;17,7;20,7;20,0;0,0;10,3;1,03E1;-541,2;20,00;3,0;3,0;48,08;0,42;0,006;0,0;0,01;0,049
707;27.06.2023;15:38:01;00:11:46;250,0;18,2;19,2;17,7;20,7;20,0;0,0;9,6;9,62E0;-541,2;20,00;3,0;3,0;48,08;0,42;0,006;0,0;0,01;0,049
708;27.06.2023;15:38:02;00:11:47;250,0;18,2;19,2;17,7;20,7;20,0;0,0;8,9;8,90E0;-541,2;20,00;3,0;3,0;48,08;0,42;0,005;0,0;0,01;0,049
709;27.06.2023;15:38:03;00:11:48;250,0;18,2;19,2;17,7;20,7;20,0;0,0;7,8;7,84E0;-541,2;20,00;3,0;3,0;48,08;0,42;0,004;0,0;0,01;0,049
710;27.06.2023;15:38:04;00:11:49;250,0;18,2;19,2;17,7;20,7;20,0;0,0;7,1;7,10E0;-541,2;20,00;3,0;3,0;48,08;0,42;0,007;0,0;0,00;0,049
711;27.06.2023;15:38:05;00:11:50;250,0;18,2;19,2;17,7;20,7;20,0;0,0;6,7;6,72E0;-541,2;20,00;3,0;3,0;48,08;0,42;0,005;0,0;0,00;0,049
712;27.06.2023;15:38:06;00:11:51;250,0;18,2;19,2;17,7;20,7;20,0;0,0;6,0;6,00E0;-541,2;20,00;3,0;3,0;48,08;0,42;0,002;0,0;0,01;0,049
713;27.06.2023;15:38:07;00:11:52;250,0;18,2;19,2;17,7;20,7;20,0;0,0;5,9;5,88E0;-541,2;20,00;3,0;3,0;48,08;0,42;0,002;0,0;0,01;0,049
714;27.06.2023;15:38:08;00:11:53;250,0;18,2;19,2;17,7;20,7;20,0;0,0;5,3;5,34E0;-541,2;20,00;3,0;3,0;48,08;0,42;0,002;0,0;0,00;0,049
715;27.06.2023;15:38:09;00:11:54;250,0;18,2;19,2;17,7;20,7;20,0;0,0;4,6;4,60E0;-541,2;20,00;3,0;3,0;48,08;0,42;0,006;0,0;0,00;0,049
716;27.06.2023;15:38:10;00:11:55;250,0;18,2;19,2;17,7;20,7;20,0;0,0;4,5;4,49E0;-541,2;20,00;3,0;2,9;48,08;0,42;0,007;0,0;0,00;0,049
717;27.06.2023;15:38:11;00:11:56;250,0;18,2;19,2;17,7;20,7;20,0;0,0;4,1;4,11E0;-541,2;20,00;3,0;3,0;48,08;0,42;0,008;0,0;0,01;0,049
718;27.06.2023;15:38:12;00:11:57;250,0;18,3;19,2;17,7;20,7;20,0;0,0;3,8;3,83E0;-541,2;20,00;3,0;3,0;48,08;0,42;0,008;0,0;0,01;0,049
719;27.06.2023;15:38:13;00:11:58;250,0;18,3;19,2;17,7;20,7;20,0;0,0;3,7;3,70E0;-541,2;20,00;3,0;3,0;48,08;0,42;0,005;0,0;0,01;0,049
720;27.06.2023;15:38:14;00:11:59;250,0;18,3;19,2;17,7;20,7;20,0;0,0;3,3;3,29E0;-541,2;20,00;3,0;3,0;48,08;0,42;0,003;0,0;0,01;0,049
721;27.06.2023;15:38:15;00:12:00;250,0;18,3;19,2;17,7;20,7;20,0;0,0;2,9;2,95E0;-541,2;20,00;3,0;3,1;48,08;0,42;0,005;0,0;0,01;0,049
722;27.06.2023;15:38:16;00:12:01;250,0;18,3;19,2;17,7;20,7;20,0;0,0;2,9;2,88E0;-541,2;20,00;3,0;3,0;48,08;0,42;0,003;0,0;0,00;0,049
723;27.06.2023;15:38:17;00:12:02;250,0;18,3;19,2;17,7;20,8;20,0;0,0;2,7;2,70E0;-541,2;20,00;3,0;2,9;48,08;0,42;0,000;0,0;0,00;0,049
724;27.06.2023;15:38:18;00:12:03;250,0;18,3;19,2;17,8;20,8;20,0;0,0;2,5;2,48E0;-541,2;20,00;3,0;3,0;48,08;0,42;0,001;0,0;0,01;0,049
725;27.06.2023;15:38:19;00:12:04;250,0;18,3;19,2;17,8;20,8;20,0;0,0;2,4;2,39E0;-541,2;20,00;3,0;3,0;48,08;0,42;0,004;0,0;0,00;0,049
726;27.06.2023;15:38:20;00:12:05;250,0;18,3;19,2;17,8;20,8;20,0;0,0;2,2;2,18E0;-541,2;20,00;3,0;2,9;48,08;0,42;-0,001;0,0;0,01;0,049
727;27.06.2023;15:38:21;00:12:06;250,0;18,3;19,2;17,8;20,8;20,0;0,0;2,1;2,09E0;-541,2;20,00;3,0;2,9;48,08;0,42;-0,004;0,0;0,01;0,049
728;27.06.2023;15:38:22;00:12:07;250,0;18,3;19,2;17,8;20,8;20,0;0,0;1,9;1,92E0;-541,2;20,00;3,0;3,0;48,08;0,42;-0,003;0,0;0,00;0,049
729;27.06.2023;15:38:23;00:12:08;250,0;18,1;19,2;17,6;20,8;20,0;0,0;1,8;1,84E0;-541,2;20,00;3,0;3,0;48,08;0,42;-0,004;0,0;0,01;0,049
730;27.06.2023;15:38:24;00:12:09;250,0;18,1;19,0;17,6;20,6;20,0;0,0;1,8;1,76E0;-541,2;20,00;3,0;3,0;48,08;0,42;0,000;0,0;0,00;0,049
731;27.06.2023;15:38:25;00:12:10;250,0;18,1;19,0;17,6;20,6;20,0;0,0;1,6;1,63E0;-541,2;20,00;3,0;3,0;48,08;0,42;0,000;0,0;0,00;0,049
732;27.06.2023;15:38:26;00:12:11;250,0;18,1;19,0;17,6;20,6;20,0;0,0;1,5;1,55E0;-541,2;20,00;3,0;3,1;48,08;0,42;0,006;0,0;0,01;0,049
733;27.06.2023;15:38:27;00:12:12;250,0;18,1;19,0;17,6;20,6;20,0;0,0;1,4;1,45E0;-541,2;20,00;3,0;3,0;48,08;0,42;0,003;0,0;0,01;0,049
734;27.06.2023;15:38:28;00:12:13;250,0;18,1;19,0;17,6;20,6;20,0;0,0;1,4;1,39E0;-541,2;20,00;3,0;3,0;48,08;0,42;0,000;0,0;0,01;0,049
735;27.06.2023;15:38:29;00:12:14;250,0;18,2;19,0;17,6;20,6;20,0;0,0;1,3;1,29E0;-541,2;20,00;3,0;3,0;48,08;0,42;-0,001;0,0;0,01;0,049
736;27.06.2023;15:38:30;00:12:15;250,0;18,2;19,0;17,6;20,6;20,0;0,0;1,3;1,26E0;-541,2;20,00;3,0;3,0;48,08;0,42;0,000;0,0;0,00;0,049
737;27.06.2023;15:38:31;00:12:16;250,0;18,2;19,0;17,6;20,6;20,0;0,0;1,2;1,17E0;-541,2;20,00;3,0;3,0;48,08;0,42;-0,002;0,0;0,01;0,049
738;27.06.2023;15:38:32;00:12:17;250,0;18,2;19,1;17,6;20,6;20,0;0,0;1,1;1,10E0;-541,2;20,00;3,0;3,0;48,08;0,42;0,001;0,0;0,01;0,049
739;27.06.2023;15:38:33;00:12:18;250,0;18,2;19,1;17,6;20,6;20,0;0,0;1,0;9,90E-1;-541,2;20,00;3,0;3,0;48,08;0,42;0,001;0,0;0,00;0,049
740;27.06.2023;15:38:34;00:12:19;250,0;18,2;19,1;17,6;20,6;20,0;0,0;0,9;9,41E-1;-541,2;20,00;3,0;3,0;48,08;0,42;0,001;0,0;0,01;0,049
741;27.06.2023;15:38:35;00:12:20;250,0;18,2;19,1;17,7;20,7;20,0;0,0;0,9;9,16E-1;-541,2;20,00;3,0;3,0;48,08;0,42;0,003;0,0;0,01;0,049
742;27.06.2023;15:38:36;00:12:21;250,0;18,2;19,1;17,7;20,7;20,0;0,0;0,9;8,69E-1;-541,2;20,00;3,0;3,0;48,08;0,42;0,004;0,0;0,01;0,049
743;27.06.2023;15:38:37;00:12:22;250,0;18,2;19,1;17,7;20,7;20,0;0,0;0,8;8,20E-1;-541,2;20,00;3,0;3,0;48,08;0,42;0,004;0,0;0,00;0,049
744;27.06.2023;15:38:38;00:12:23;250,0;18,2;19,1;17,7;20,7;20,0;0,0;0,8;7,96E-1;-541,2;20,00;3,0;3,0;48,08;0,42;0,003;0,0;0,00;0,049
745;27.06.2023;15:38:39;00:12:24;250,0;18,2;19,1;17,7;20,7;20,0;0,0;0,8;7,60E-1;-541,2;20,00;3,0;3,0;48,08;0,42;0,006;0,0;0,01;0,049
746;27.06.2023;15:38:40;00:12:25;250,0;18,2;19,1;17,7;20,7;20,0;0,0;0,7;7,26E-1;-541,2;20,00;3,0;3,1;48,08;0,42;0,007;0,0;0,01;0,049
747;27.06.2023;15:38:41;00:12:26;250,0;18,2;19,1;17,7;20,7;20,0;0,0;0,7;7,10E-1;-541,2;20,00;3,0;3,0;48,08;0,42;0,004;0,0;0,01;0,049
748;27.06.2023;15:38:42;00:12:27;250,0;18,2;19,1;17,7;20,7;20,0;0,0;0,7;6,77E-1;-541,2;20,00;3,0;3,0;48,08;0,42;0,007;0,0;0,00;0,049
749;27.06.2023;15:38:43;00:12:28;250,0;18,3;19,1;17,7;20,7;20,0;0,0;0,6;6,44E-1;-541,2;20,00;3,0;3,0;48,08;0,42;0,002;0,0;0,00;0,049
750;27.06.2023;15:38:44;00:12:29;250,0;18,3;19,1;17,7;20,7;20,0;0,0;0,6;6,28E-1;-541,2;20,00;3,0;3,0;48,08;0,42;0,005;0,0;0,01;0,049
751;27.06.2023;15:38:45;00:12:30;250,0;18,3;19,1;17,7;20,7;20,0;0,0;0,6;5,99E-1;-541,2;20,00;3,0;3,0;48,08;0,42;0,002;0,0;0,00;0,049
752;27.06.2023;15:38:46;00:12:31;250,0;18,3;19,1;17,7;20,7;20,0;0,0;0,6;5,83E-1;-541,2;20,00;3,0;3,0;48,08;0,42;0,001;0,0;0,00;0,049
753;27.06.2023;15:38:47;00:12:32;250,0;18,3;19,1;17,7;20,7;20,0;0,0;0,6;5,56E-1;-541,2;20,00;3,0;3,0;48,08;0,42;0,001;0,0;0,01;0,049
754;27.06.2023;15:38:48;00:12:33;250,0;18,3;19,1;17,7;20,7;20,0;0,0;0,5;5,30E-1;-541,2;20,00;3,0;3,0;48,08;0,42;0,000;0,0;0,01;0,049
755;27.06.2023;15:38:49;00:12:34;250,0;18,3;19,1;17,7;20,7;20,0;0,0;0,5;5,18E-1;-541,2;20,00;3,0;3,0;48,08;0,42;0,002;0,0;0,00;0,049
756;27.06.2023;15:38:50;00:12:35;250,0;18,3;19,1;17,7;20,7;20,0;0,0;0,5;4,97E-1;-541,2;20,00;3,0;3,0;48,08;0,42;0,001;0,0;0,00;0,049
757;27.06.2023;15:38:51;00:12:36;250,0;18,3;19,1;17,7;20,7;20,0;0,0;0,5;4,78E-1;-541,2;20,00;3,0;3,0;48,08;0,42;0,003;0,0;0,01;0,049
758;27.06.2023;15:38:52;00:12:37;250,0;18,3;19,1;17,7;20,7;20,0;0,0;0,5;4,68E-1;-541,2;20,00;3,0;3,0;48,08;0,42;0,005;0,0;0,01;0,049
759;27.06.2023;15:38:53;00:12:38;250,0;18,3;19,1;17,7;20,7;20,0;0,0;0,4;4,50E-1;-541,2;20,00;3,0;3,0;48,08;0,42;0,002;0,0;0,00;0,049
760;27.06.2023;15:38:54;00:12:39;250,0;18,3;19,1;17,8;20,7;20,0;0,0;0,4;4,32E-1;-541,2;20,00;3,0;3,0;48,08;0,42;0,002;0,0;0,01;0,049
761;27.06.2023;15:38:55;00:12:40;250,0;18,3;19,1;17,8;20,7;20,0;0,0;0,4;4,21E-1;-541,2;20,00;3,0;3,0;48,08;0,42;-0,001;0,0;0,00;0,049
762;27.06.2023;15:38:56;00:12:41;250,0;18,3;19,1;17,8;20,7;20,0;0,0;0,4;4,04E-1;-541,2;20,00;3,0;2,9;48,08;0,42;-0,002;0,0;0,01;0,049
763;27.06.2023;15:38:57;00:12:42;250,0;18,3;19,1;17,8;20,7;20,0;0,0;0,4;3,88E-1;-541,2;20,00;3,0;3,0;48,08;0,42;0,005;0,0;0,00;0,049
764;27.06.2023;15:38:58;00:12:43;250,0;18,3;19,1;17,8;20,7;20,0;0,0;0,4;3,79E-1;-541,2;20,00;3,0;3,0;48,08;0,42;0,004;0,0;0,00;0,049
765;27.06.2023;15:38:59;00:12:44;250,0;18,3;19,1;17,8;20,7;20,0;0,0;0,4;3,64E-1;-541,2;20,00;3,0;3,0;48,08;0,42;0,003;0,0;0,00;0,049
766;27.06.2023;15:39:00;00:12:45;250,0;18,3;19,1;17,8;20,7;20,0;0,0;0,4;3,58E-1;-541,2;20,00;3,0;3,0;48,08;0,42;0,005;0,0;0,01;0,049
767;27.06.2023;15:39:01;00:12:46;250,0;18,3;19,1;17,8;20,8;20,0;0,0;0,3;3,45E-1;-541,2;20,00;3,0;3,1;48,08;0,42;0,001;0,0;0,01;0,049
768;27.06.2023;15:39:02;00:12:47;250,0;18,3;19,1;17,8;20,8;20,0;0,0;0,3;3,33E-1;-541,2;20,00;3,0;3,0;48,08;0,42;-0,003;0,0;0,01;0,049
769;27.06.2023;15:39:03;00:12:48;250,0;18,3;19,1;17,8;20,8;20,0;0,0;0,3;3,27E-1;-541,2;20,00;3,0;3,0;48,08;0,42;0,001;0,0;0,01;0,049
770;27.06.2023;15:39:04;00:12:49;250,0;18,2;18,9;17,6;20,6;20,0;0,0;0,3;3,17E-1;-541,2;20,00;3,0;3,0;48,08;0,42;0,000;0,0;0,01;0,049
771;27.06.2023;15:39:05;00:12:50;250,0;18,2;18,9;17,6;20,6;20,0;0,0;0,3;3,06E-1;-541,2;20,00;3,0;2,9;48,08;0,42;-0,008;0,0;0,01;0,049
772;27.06.2023;15:39:06;00:12:51;250,0;18,2;18,9;17,6;20,6;20,0;0,0;0,3;3,01E-1;-541,2;20,00;3,0;2,9;48,08;0,42;-0,008;0,0;0,01;0,049
773;27.06.2023;15:39:07;00:12:52;250,0;18,2;18,9;17,6;20,6;20,0;0,0;0,3;2,90E-1;-541,2;20,00;3,0;2,9;48,08;0,42;-0,002;0,0;0,01;0,049
774;27.06.2023;15:39:08;00:12:53;250,0;18,2;18,9;17,6;20,6;20,0;0,0;0,3;2,80E-1;-541,2;20,00;3,0;3,0;48,08;0,42;0,001;0,0;0,01;0,049
775;27.06.2023;15:39:09;00:12:54;250,0;18,2;18,9;17,6;20,6;20,0;0,0;0,3;2,76E-1;-541,2;20,00;3,0;3,0;48,08;0,42;0,001;0,0;0,01;0,049
776;27.06.2023;15:39:10;00:12:55;250,0;18,2;18,9;17,6;20,6;20,0;0,0;0,3;2,66E-1;-541,2;20,00;3,0;3,0;48,08;0,42;0,005;0,0;0,01;0,049
777;27.06.2023;15:39:11;00:12:56;250,0;18,2;18,9;17,6;20,6;20,0;0,0;0,3;2,58E-1;-541,2;20,00;3,0;3,0;48,08;0,42;0,002;0,0;0,00;0,049
778;27.06.2023;15:39:12;00:12:57;250,0;18,2;18,9;17,6;20,6;20,0;0,0;0,3;2,54E-1;-541,2;20,00;3,0;3,0;48,08;0,42;0,001;0,0;0,01;0,049
779;27.06.2023;15:39:13;00:12:58;250,0;18,2;18,9;17,6;20,6;20,0;0,0;0,2;2,45E-1;-541,2;20,00;3,0;3,0;48,08;0,42;0,000;0,0;0,00;0,049
780;27.06.2023;15:39:14;00:12:59;250,0;18,2;19,0;17,6;20,6;20,0;0,0;0,2;2,42E-1;-541,2;20,00;3,0;2,9;48,08;0,42;-0,003;0,0;0,00;0,049
781;27.06.2023;15:39:15;00:13:00;250,0;18,2;19,0;17,6;20,6;20,0;0,0;0,2;2,35E-1;-541,2;20,00;3,0;3,0;48,08;0,42;-0,002;0,0;0,01;0,049
782;27.06.2023;15:39:16;00:13:01;250,0;18,2;19,0;17,6;20,6;20,0;0,0;0,2;2,30E-1;-541,2;20,00;3,0;2,9;48,08;0,42;-0,004;0,0;0,01;0,049
783;27.06.2023;15:39:17;00:13:02;250,0;18,2;19,0;17,6;20,6;20,0;0,0;0,2;2,27E-1;-541,2;20,00;3,0;3,0;48,08;0,42;-0,005;0,0;0,01;0,049
784;27.06.2023;15:39:18;00:13:03;250,0;18,2;19,0;17,6;20,6;20,0;0,0;0,2;2,21E-1;-541,2;20,00;3,0;3,0;48,08;0,42;0,002;0,0;0,01;0,049
785;27.06.2023;15:39:19;00:13:04;250,0;18,2;19,0;17,6;20,6;20,0;0,0;0,2;2,15E-1;-541,2;20,00;3,0;3,0;48,08;0,42;-0,002;0,0;0,00;0,049
786;27.06.2023;15:39:20;00:13:05;250,0;18,2;19,0;17,6;20,6;20,0;0,0;0,2;2,12E-1;-541,2;20,00;3,0;3,0;48,08;0,42;-0,001;0,0;0,00;0,049
787;27.06.2023;15:39:21;00:13:06;250,0;18,2;19,0;17,6;20,6;20,0;0,0;0,2;2,07E-1;-541,2;20,00;3,0;3,0;48,08;0,42;0,001;0,0;0,00;0,049
788;27.06.2023;15:39:22;00:13:07;250,0;18,2;19,0;17,6;20,6;20,0;0,0;0,2;2,02E-1;-541,2;20,00;3,0;3,0;48,08;0,42;0,001;0,0;0,00;0,049
789;27.06.2023;15:39:23;00:13:08;250,0;18,2;19,0;17,6;20,6;20,0;0,0;0,2;1,99E-1;-541,2;20,00;3,0;3,0;48,08;0,42;0,003;0,0;0,01;0,049
790;27.06.2023;15:39:24;00:13:09;250,0;18,3;19,0;17,7;20,7;20,0;0,0;0,2;1,95E-1;-541,2;20,00;3,0;3,0;48,08;0,42;-0,001;0,0;0,00;0,049
791;27.06.2023;15:39:25;00:13:10;250,0;18,3;19,0;17,7;20,7;20,0;0,0;0,2;1,92E-1;-541,2;20,00;3,0;2,9;48,08;0,42;-0,001;0,0;0,00;0,049
792;27.06.2023;15:39:26;00:13:11;250,0;18,3;19,0;17,7;20,7;20,0;0,0;0,2;1,87E-1;-541,2;20,00;3,0;3,0;48,08;0,42;0,000;0,0;0,01;0,049
793;27.06.2023;15:39:27;00:13:12;250,0;18,3;19,0;17,7;20,7;20,0;0,0;0,2;1,83E-1;-541,2;20,00;3,0;3,0;48,08;0,42;0,003;0,0;0,01;0,049
794;27.06.2023;15:39:28;00:13:13;250,0;18,3;19,0;17,7;20,7;20,0;0,0;0,2;1,81E-1;-541,2;20,00;3,0;3,0;48,08;0,42;-0,002;0,0;0,01;0,049
795;27.06.2023;15:39:29;00:13:14;250,0;18,3;19,0;17,7;20,7;20,0;0,0;0,2;1,77E-1;-541,2;20,00;3,0;3,0;48,08;0,42;0,001;0,0;0,01;0,049
796;27.06.2023;15:39:30;00:13:15;250,0;18,3;19,0;17,7;20,7;20,0;0,0;0,2;1,73E-1;-541,2;20,00;3,0;3,0;48,08;0,42;0,004;0,0;0,01;0,049
797;27.06.2023;15:39:31;00:13:16;250,0;18,3;19,0;17,7;20,7;20,0;0,0;0,2;1,71E-1;-541,2;20,00;3,0;3,1;48,08;0,42;0,004;0,0;0,00;0,049
798;27.06.2023;15:39:32;00:13:17;250,0;18,3;19,0;17,7;20,7;20,0;0,0;0,2;1,68E-1;-541,2;20,00;3,0;3,0;48,08;0,42;0,003;0,0;0,01;0,049
799;27.06.2023;15:39:33;00:13:18;250,0;18,3;19,0;17,7;20,7;20,0;0,0;0,2;1,65E-1;-541,2;20,00;3,0;3,0;48,08;0,42;0,004;0,0;0,00;0,049
800;27.06.2023;15:39:34;00:13:19;250,0;18,3;19,0;17,7;20,7;20,0;0,0;0,2;1,63E-1;-541,2;20,00;3,0;3,0;48,08;0,42;0,004;0,0;0,01;0,049
801;27.06.2023;15:39:35;00:13:20;250,0;18,3;19,0;17,7;20,7;20,0;0,0;0,2;1,61E-1;-541,2;20,00;3,0;3,0;48,08;0,42;0,004;0,0;0,00;0,049
802;27.06.2023;15:39:36;00:13:21;250,0;18,3;19,0;17,7;20,7;20,0;0,0;0,2;1,58E-1;-541,2;20,00;3,0;3,0;48,08;0,42;0,003;0,0;0,01;0,049
803;27.06.2023;15:39:37;00:13:22;250,0;18,3;19,0;17,7;20,7;20,0;0,0;0,2;1,57E-1;-541,2;20,00;3,0;3,0;48,08;0,42;0,003;0,0;0,00;0,049
804;27.06.2023;15:39:38;00:13:23;250,0;18,3;19,0;17,7;20,7;20,0;0,0;0,2;1,54E-1;-541,2;20,00;3,0;3,0;48,08;0,42;0,000;0,0;0,01;0,049
805;27.06.2023;15:39:39;00:13:24;250,0;18,3;19,0;17,7;20,7;20,0;0,0;0,2;1,53E-1;-541,2;20,00;3,0;3,0;48,08;0,42;-0,001;0,0;0,00;0,049
806;27.06.2023;15:39:40;00:13:25;250,0;18,3;19,0;17,7;20,7;20,0;0,0;0,2;1,51E-1;-541,2;20,00;3,0;3,0;48,08;0,42;0,002;0,0;0,00;0,049
807;27.06.2023;15:39:41;00:13:26;250,0;18,3;19,0;17,7;20,7;20,0;0,0;0,1;1,49E-1;-541,2;20,00;3,0;3,0;48,08;0,42;0,002;0,0;0,01;0,049
808;27.06.2023;15:39:42;00:13:27;250,0;18,3;19,0;17,7;20,7;20,0;0,0;0,1;1,47E-1;-541,2;20,00;3,0;3,0;48,08;0,42;0,003;0,0;0,01;0,049
809;27.06.2023;15:39:43;00:13:28;250,0;18,3;19,0;17,7;20,7;20,0;0,0;0,1;1,45E-1;-541,2;20,00;3,0;3,0;48,08;0,42;0,003;0,0;0,00;0,049
810;27.06.2023;15:39:44;00:13:29;250,0;18,3;19,0;17,7;20,7;20,0;0,0;0,1;1,43E-1;-541,2;20,00;3,0;3,0;48,08;0,42;0,001;0,0;0,01;0,049
811;27.06.2023;15:39:45;00:13:30;250,0;18,3;19,0;17,7;20,7;20,0;0,0;0,1;1,42E-1;-541,2;20,00;3,0;3,0;48,08;0,42;0,003;0,0;0,01;0,049
812;27.06.2023;15:39:46;00:13:31;250,0;18,3;19,0;17,7;20,7;20,0;0,0;0,1;1,40E-1;-541,2;20,00;3,0;3,0;48,08;0,42;0,002;0,0;0,00;0,049
813;27.06.2023;15:39:47;00:13:32;250,0;18,3;19,0;17,7;20,7;20,0;0,0;0,1;1,38E-1;-541,2;20,00;3,0;3,0;48,08;0,42;-0,001;0,0;0,00;0,049
814;27.06.2023;15:39:48;00:13:33;250,0;18,3;19,0;17,7;20,7;20,0;0,0;0,1;1,37E-1;-541,2;20,00;3,0;3,0;48,08;0,42;0,002;0,0;0,01;0,049
815;27.06.2023;15:39:49;00:13:34;250,0;18,3;19,0;17,7;20,7;20,0;0,0;0,1;1,36E-1;-541,2;20,00;3,0;3,0;48,08;0,42;-0,001;0,0;0,01;0,049
816;27.06.2023;15:39:50;00:13:35;250,0;18,3;19,0;17,7;20,7;20,0;0,0;0,1;1,34E-1;-541,2;20,00;3,0;3,0;48,08;0,42;0,000;0,0;0,00;0,049
817;27.06.2023;15:39:51;00:13:36;250,0;18,3;19,0;17,7;20,7;20,0;0,0;0,1;1,33E-1;-541,2;20,00;3,0;3,0;48,08;0,42;0,000;0,0;0,01;0,049
818;27.06.2023;15:39:52;00:13:37;250,0;18,3;19,0;17,7;20,7;20,0;0,0;0,1;1,31E-1;-541,2;20,00;3,0;3,0;48,08;0,42;0,004;0,0;0,00;0,049
819;27.06.2023;15:39:53;00:13:38;250,0;18,3;19,0;17,7;20,7;20,0;0,0;0,1;1,31E-1;-541,2;20,00;3,0;3,0;48,08;0,42;0,006;0,0;0,00;0,049
820;27.06.2023;15:39:54;00:13:39;250,0;18,3;19,0;17,7;20,7;20,0;0,0;0,1;1,29E-1;-541,2;20,00;3,0;3,0;48,08;0,42;0,003;0,0;0,00;0,049
821;27.06.2023;15:39:55;00:13:40;250,0;18,4;19,0;17,7;20,7;20,0;0,0;0,1;1,28E-1;-541,2;20,00;3,0;3,0;48,08;0,42;0,005;0,0;0,01;0,049
822;27.06.2023;15:39:56;00:13:41;250,0;18,4;19,0;17,7;20,7;20,0;0,0;0,1;1,27E-1;-541,2;20,00;3,0;3,0;48,08;0,42;0,002;0,0;0,01;0,049
823;27.06.2023;15:39:57;00:13:42;250,0;18,4;19,0;17,7;20,7;20,0;0,0;0,1;1,26E-1;-541,2;20,00;3,0;3,0;48,08;0,42;0,001;0,0;0,00;0,049
824;27.06.2023;15:39:58;00:13:43;250,0;18,4;19,0;17,8;20,7;20,0;0,0;0,1;1,24E-1;-541,2;20,00;3,0;3,0;48,08;0,42;0,001;0,0;0,01;0,049
825;27.06.2023;15:39:59;00:13:44;250,0;18,4;19,0;17,8;20,7;20,0;0,0;0,1;1,24E-1;-541,2;20,00;3,0;3,0;48,08;0,42;-0,001;0,0;0,01;0,049
826;27.06.2023;15:40:00;00:13:45;250,0;18,4;19,0;17,8;20,7;20,0;0,0;0,1;1,23E-1;-541,2;20,00;3,0;3,0;48,08;0,42;-0,003;0,0;0,00;0,049
827;27.06.2023;15:40:01;00:13:46;250,0;18,4;19,0;17,8;20,7;20,0;0,0;0,1;1,21E-1;-541,2;20,00;3,0;3,0;48,08;0,42;0,003;0,0;0,01;0,049
828;27.06.2023;15:40:02;00:13:47;250,0;18,4;19,0;17,8;20,7;20,0;0,0;0,1;1,21E-1;-541,2;20,00;3,0;3,0;48,08;0,42;0,004;0,0;0,00;0,049
829;27.06.2023;15:40:03;00:13:48;250,0;18,2;19,0;17,8;20,7;20,0;0,0;0,1;1,20E-1;-541,2;20,00;3,0;2,9;48,08;0,43;-0,001;0,0;0,00;0,049
830;27.06.2023;15:40:04;00:13:49;250,0;18,2;18,9;17,8;20,6;20,0;0,0;0,1;1,19E-1;-541,2;20,00;3,0;2,9;48,08;0,42;0,000;0,0;0,01;0,049
831;27.06.2023;15:40:05;00:13:50;250,0;18,2;18,9;17,6;20,6;20,0;0,0;0,1;1,18E-1;-541,2;20,00;3,0;3,0;48,08;0,42;-0,002;0,0;0,00;0,049
832;27.06.2023;15:40:06;00:13:51;250,0;18,2;18,9;17,6;20,6;20,0;0,0;0,1;1,17E-1;-541,2;20,00;3,0;3,0;48,08;0,42;-0,001;0,0;0,00;0,049
833;27.06.2023;15:40:07;00:13:52;250,0;18,2;18,9;17,6;20,6;20,0;0,0;0,1;1,16E-1;-541,2;20,00;3,0;3,0;48,08;0,42;-0,001;0,0;0,01;0,049
834;27.06.2023;15:40:08;00:13:53;250,0;18,2;18,9;17,6;20,6;20,0;0,0;0,1;1,15E-1;-541,2;20,00;3,0;3,0;48,08;0,42;-0,004;0,0;0,00;0,049
835;27.06.2023;15:40:09;00:13:54;250,0;18,2;18,9;17,6;20,6;20,0;0,0;0,1;1,14E-1;-541,2;20,00;3,0;3,0;48,08;0,42;0,002;0,0;0,01;0,049
836;27.06.2023;15:40:10;00:13:55;250,0;18,2;18,9;17,6;20,6;20,0;0,0;0,1;1,14E-1;-541,2;20,00;3,0;2,9;48,08;0,42;-0,002;0,0;0,00;0,049
837;27.06.2023;15:40:11;00:13:56;250,0;18,3;18,9;17,6;20,6;20,0;0,0;0,1;1,13E-1;-541,2;20,00;3,0;3,0;48,08;0,42;-0,003;0,0;0,00;0,049
838;27.06.2023;15:40:12;00:13:57;250,0;18,3;18,9;17,7;20,6;20,0;0,0;0,1;1,13E-1;-541,2;20,00;3,0;3,0;48,08;0,42;0,002;0,0;0,01;0,049
839;27.06.2023;15:40:13;00:13:58;250,0;18,3;18,9;17,7;20,6;20,0;0,0;0,1;1,12E-1;-541,2;20,00;3,0;3,0;48,08;0,43;0,002;0,0;0,00;0,049
840;27.06.2023;15:40:14;00:13:59;250,0;18,3;18,9;17,7;20,6;20,0;0,0;0,1;1,11E-1;-541,2;20,00;3,0;3,0;48,08;0,42;-0,004;0,0;0,00;0,049
841;27.06.2023;15:40:15;00:14:00;250,0;18,3;18,9;17,7;20,6;20,0;0,0;0,1;1,11E-1;-541,2;20,00;3,0;3,0;48,08;0,42;0,001;0,0;0,00;0,049
842;27.06.2023;15:40:16;00:14:01;250,0;18,3;18,9;17,7;20,6;20,0;0,0;0,1;1,10E-1;-541,2;20,00;3,0;3,0;48,08;0,42;0,001;0,0;0,00;0,049
843;27.06.2023;15:40:17;00:14:02;250,0;18,3;18,9;17,7;20,6;20,0;0,0;0,1;1,10E-1;-541,2;20,00;3,0;3,0;48,08;0,42;-0,002;0,0;0,00;0,049
844;27.06.2023;15:40:18;00:14:03;250,0;18,3;18,9;17,7;20,6;20,0;0,0;0,1;1,10E-1;-541,2;20,00;3,0;3,0;48,08;0,42;0,000;0,0;0,01;0,049
845;27.06.2023;15:40:19;00:14:04;250,0;18,3;18,9;17,7;20,7;20,0;0,0;0,1;1,09E-1;-541,2;20,00;3,0;3,0;48,08;0,42;0,003;0,0;0,01;0,049
846;27.06.2023;15:40:20;00:14:05;250,0;18,3;18,9;17,7;20,7;20,0;0,0;0,1;1,09E-1;-541,2;20,00;3,0;3,0;48,08;0,43;0,002;0,0;0,01;0,049
847;27.06.2023;15:40:21;00:14:06;250,0;18,3;18,9;17,7;20,7;20,0;0,0;0,1;1,08E-1;-541,2;20,00;3,0;3,0;48,08;0,42;0,002;0,0;0,00;0,049
848;27.06.2023;15:40:22;00:14:07;250,0;18,3;18,9;17,7;20,7;20,0;0,0;0,1;1,08E-1;-541,2;20,00;3,0;3,0;48,08;0,42;0,003;0,0;0,01;0,049
849;27.06.2023;15:40:23;00:14:08;250,0;18,4;18,9;17,8;20,7;20,0;0,0;0,1;1,07E-1;-541,2;20,00;3,0;3,0;48,08;0,42;0,003;0,0;0,00;0,049
850;27.06.2023;15:40:24;00:14:09;250,0;18,4;19,0;17,8;20,7;20,0;0,0;0,1;1,07E-1;-541,2;20,00;3,0;3,0;48,08;0,42;0,000;0,0;0,01;0,049
851;27.06.2023;15:40:25;00:14:10;250,0;18,4;19,0;17,8;20,7;20,0;0,0;0,1;1,06E-1;-541,2;20,00;3,0;2,9;48,08;0,42;-0,002;0,0;0,01;0,049
852;27.06.2023;15:40:26;00:14:11;250,0;18,4;19,0;17,8;20,7;20,0;0,0;0,1;1,06E-1;-541,2;20,00;3,0;3,0;48,08;0,42;0,003;0,0;0,01;0,049
853;27.06.2023;15:40:27;00:14:12;250,0;18,4;19,0;17,8;20,7;20,0;0,0;0,1;1,05E-1;-541,2;20,00;3,0;3,0;48,08;0,43;0,006;0,0;0,00;0,049
854;27.06.2023;15:40:28;00:14:13;250,0;18,4;19,0;17,8;20,7;20,0;0,0;0,1;1,05E-1;-541,2;20,00;3,0;3,0;48,08;0,43;0,005;0,0;0,01;0,049
855;27.06.2023;15:40:29;00:14:14;250,0;18,4;19,0;17,8;20,7;20,0;0,0;0,1;1,04E-1;-541,2;20,00;3,0;3,0;48,08;0,42;0,003;0,0;0,01;0,049
856;27.06.2023;15:40:30;00:14:15;250,0;18,4;19,0;17,8;20,7;20,0;0,0;0,1;1,04E-1;-541,2;20,00;3,0;3,0;48,08;0,43;0,004;0,0;0,00;0,049
857;27.06.2023;15:40:31;00:14:16;250,0;18,4;19,0;17,8;20,8;20,0;0,0;0,1;1,04E-1;-541,2;20,00;3,0;3,1;48,08;0,43;0,006;0,0;0,00;0,049
858;27.06.2023;15:40:32;00:14:17;250,0;18,4;19,0;17,8;20,8;20,0;0,0;0,1;1,03E-1;-541,2;20,00;3,0;3,0;48,08;0,43;0,006;0,0;0,00;0,049
859;27.06.2023;15:40:33;00:14:18;250,0;18,4;19,0;17,8;20,8;20,0;0,0;0,1;1,03E-1;-541,2;20,00;3,0;3,0;48,08;0,43;0,000;0,0;0,00;0,049
860;27.06.2023;15:40:34;00:14:19;250,0;18,4;19,0;17,8;20,8;20,0;0,0;0,1;1,03E-1;-541,2;20,00;3,0;3,0;48,08;0,43;-0,001;0,0;0,01;0,049
861;27.06.2023;15:40:35;00:14:20;250,0;18,4;19,0;17,8;20,8;20,0;0,0;0,1;1,02E-1;-541,2;20,00;3,0;3,0;48,08;0,43;-0,002;0,0;0,00;0,049
862;27.06.2023;15:40:36;00:14:21;250,0;18,4;19,0;17,8;20,8;20,0;0,0;0,1;1,02E-1;-541,2;20,00;3,0;3,0;48,08;0,42;0,000;0,0;0,01;0,049
863;27.06.2023;15:40:37;00:14:22;250,0;18,4;19,0;17,8;20,7;20,0;0,0;0,1;1,01E-1;-541,2;20,00;3,0;3,0;48,08;0,43;-0,002;0,0;0,00;0,049
864;27.06.2023;15:40:38;00:14:23;250,0;18,4;19,0;17,8;20,7;20,0;0,0;0,1;1,01E-1;-541,2;20,00;3,0;3,0;48,08;0,43;0,000;0,0;0,00;0,049
865;27.06.2023;15:40:39;00:14:24;250,0;18,4;19,0;17,8;20,7;20,0;0,0;0,1;1,01E-1;-541,2;20,00;3,0;3,0;48,08;0,42;-0,001;0,0;0,00;0,049
866;27.06.2023;15:40:40;00:14:25;250,0;18,4;19,0;17,8;20,7;20,0;0,0;0,1;1,00E-1;-541,2;20,00;3,0;3,0;48,08;0,42;-0,003;0,0;0,00;0,049
867;27.06.2023;15:40:41;00:14:26;250,0;18,4;19,0;17,8;20,7;20,0;0,0;0,1;1,00E-1;-541,2;20,00;3,0;3,0;48,08;0,43;-0,005;0,0;0,01;0,049
868;27.06.2023;15:40:42;00:14:27;250,0;18,4;19,0;17,8;20,7;20,0;0,0;0,1;9,98E-2;-541,2;20,00;3,0;3,0;48,08;0,43;0,000;0,0;0,00;0,049
869;27.06.2023;15:40:43;00:14:28;250,0;18,4;19,0;17,8;20,7;20,0;0,0;0,1;9,97E-2;-541,2;20,00;3,0;3,0;48,08;0,42;0,000;0,0;0,00;0,049
870;27.06.2023;15:40:44;00:14:29;250,0;18,5;19,0;17,9;20,8;20,0;0,0;0,1;9,92E-2;-541,2;20,00;3,0;3,1;48,08;0,43;0,004;0,0;0,00;0,049
871;27.06.2023;15:40:45;00:14:30;250,0;18,5;19,0;17,9;20,8;20,0;0,0;0,1;9,89E-2;-541,2;20,00;3,0;3,0;48,08;0,42;-0,002;0,0;0,01;0,049
872;27.06.2023;15:40:46;00:14:31;250,0;18,5;19,0;17,9;20,8;20,0;0,0;0,1;9,87E-2;-541,2;20,00;3,0;2,9;48,08;0,43;-0,003;0,0;0,00;0,049
873;27.06.2023;15:40:47;00:14:32;250,0;18,5;19,0;17,9;20,8;20,0;0,0;0,1;9,83E-2;-541,2;20,00;3,0;3,0;48,08;0,43;-0,001;0,0;0,01;0,049
874;27.06.2023;15:40:48;00:14:33;250,0;18,5;19,0;17,9;20,8;20,0;0,0;0,1;9,80E-2;-541,2;20,00;3,0;3,0;48,08;0,42;-0,002;0,0;0,00;0,049
875;27.06.2023;15:40:49;00:14:34;250,0;18,5;19,0;17,9;20,8;20,0;0,0;0,1;9,79E-2;-541,2;20,00;3,0;3,0;48,08;0,43;-0,002;0,0;0,01;0,049
876;27.06.2023;15:40:50;00:14:35;250,0;18,5;19,0;17,9;20,8;20,0;0,0;0,1;9,75E-2;-541,2;20,00;3,0;3,0;48,08;0,43;-0,002;0,0;0,00;0,049
877;27.06.2023;15:40:51;00:14:36;250,0;18,5;19,0;17,9;20,8;20,0;0,0;0,1;9,72E-2;-541,2;20,00;3,0;2,9;48,08;0,42;-0,006;0,0;0,00;0,049
878;27.06.2023;15:40:52;00:14:37;250,0;18,5;19,0;17,9;20,8;20,0;0,0;0,1;9,70E-2;-541,2;20,00;3,0;2,9;48,08;0,42;-0,005;0,0;0,00;0,049
879;27.06.2023;15:40:53;00:14:38;250,0;18,5;19,0;17,9;20,8;20,0;0,0;0,1;9,68E-2;-541,2;20,00;3,0;2,9;48,08;0,42;-0,005;0,0;0,00;0,049
880;27.06.2023;15:40:54;00:14:39;250,0;18,5;19,0;17,9;20,8;20,0;0,0;0,1;9,64E-2;-541,2;20,00;3,0;3,0;48,08;0,43;0,003;0,0;0,00;0,049
881;27.06.2023;15:40:55;00:14:40;250,0;18,5;19,0;17,9;20,8;20,0;0,0;0,1;9,62E-2;-541,2;20,00;3,0;3,0;48,08;0,42;0,003;0,0;0,01;0,049
882;27.06.2023;15:40:56;00:14:41;250,0;18,5;19,0;17,9;20,8;20,0;0,0;0,1;9,59E-2;-541,2;20,00;3,0;3,0;48,08;0,42;0,000;0,0;0,01;0,049
883;27.06.2023;15:40:57;00:14:42;250,0;18,5;19,0;17,9;20,8;20,0;0,0;0,1;9,57E-2;-541,2;20,00;3,0;3,0;48,08;0,42;-0,001;0,0;0,01;0,049
884;27.06.2023;15:40:58;00:14:43;250,0;18,5;19,0;17,9;20,8;20,0;0,0;0,1;9,55E-2;-541,2;20,00;3,0;3,0;48,08;0,42;-0,001;0,0;0,01;0,049
885;27.06.2023;15:40:59;00:14:44;250,0;18,5;19,0;17,9;20,8;20,0;0,0;0,1;9,52E-2;-541,2;20,00;3,0;3,0;48,08;0,42;0,000;0,0;0,01;0,049
886;27.06.2023;15:41:00;00:14:45;250,0;18,5;19,0;17,9;20,8;20,0;0,0;0,1;9,51E-2;-541,2;20,00;3,0;3,0;48,08;0,42;0,000;0,0;0,00;0,049
887;27.06.2023;15:41:01;00:14:46;250,0;18,5;19,0;18,0;20,8;20,0;0,0;0,1;9,47E-2;-541,2;20,00;3,0;3,0;48,08;0,43;0,002;0,0;0,01;0,049
888;27.06.2023;15:41:02;00:14:47;250,0;18,5;19,0;18,0;20,8;20,0;0,0;0,1;9,45E-2;-541,2;20,00;3,0;3,0;48,08;0,42;0,002;0,0;0,01;0,049
889;27.06.2023;15:41:03;00:14:48;250,0;18,5;19,0;18,0;20,8;20,0;0,0;0,1;9,44E-2;-541,2;20,00;3,0;3,0;48,08;0,42;0,005;0,0;0,01;0,049
890;27.06.2023;15:41:04;00:14:49;250,0;18,3;18,9;17,8;20,7;20,7;45,0;0,1;9,40E-2;-541,2;20,00;3,0;3,0;48,08;0,43;0,003;0,0;0,00;0,049
891;27.06.2023;15:41:05;00:14:50;250,0;18,3;18,9;17,8;20,7;23,0;45,0;0,1;9,39E-2;-541,2;20,00;3,0;3,0;48,08;0,43;0,015;2,9;6,15;0,479
892;27.06.2023;15:41:06;00:14:51;250,0;18,3;18,9;17,8;20,7;24,1;45,0;0,1;9,39E-2;-541,2;20,00;3,0;3,0;48,09;0,43;0,041;3,0;6,12;0,497
893;27.06.2023;15:41:07;00:14:52;250,1;18,6;18,9;17,8;20,8;26,3;45,0;0,1;9,39E-2;-541,2;20,00;3,0;2,9;48,09;0,43;0,063;3,1;6,07;0,518
894;27.06.2023;15:41:08;00:14:53;250,0;21,8;18,9;17,8;20,8;28,6;45,0;0,1;9,41E-2;-541,2;20,00;3,0;3,0;48,08;0,43;0,059;3,2;6,02;0,527
895;27.06.2023;15:41:09;00:14:54;250,0;21,8;18,9;17,8;21,0;29,7;45,0;0,1;9,43E-2;-541,2;20,00;3,0;3,0;48,09;0,43;0,055;3,2;6,03;0,533
896;27.06.2023;15:41:10;00:14:55;250,0;21,8;19,0;17,8;21,0;32,1;45,0;0,1;9,46E-2;-541,2;20,00;3,0;2,9;48,09;0,43;0,037;3,3;6,01;0,542
897;27.06.2023;15:41:11;00:14:56;250,0;30,6;19,0;17,8;21,2;33,3;45,0;0,1;9,46E-2;-541,2;20,00;3,0;3,0;48,09;0,43;0,027;3,3;6,00;0,547
898;27.06.2023;15:41:12;00:14:57;250,1;45,9;19,1;17,9;21,2;35,5;45,0;0,1;9,50E-2;-541,2;20,00;3,0;3,0;48,09;0,43;0,020;3,3;5,98;0,552
899;27.06.2023;15:41:13;00:14:58;250,0;45,9;19,1;17,9;21,5;37,7;45,0;0,1;9,51E-2;-541,2;20,00;3,0;3,0;48,08;0,43;0,014;3,3;5,99;0,558
900;27.06.2023;15:41:14;00:14:59;250,0;45,9;19,4;17,9;21,5;38,9;45,0;0,1;9,51E-2;-541,2;20,00;3,0;3,1;48,09;0,43;0,012;3,4;5,97;0,562
901;27.06.2023;15:41:15;00:15:00;250,1;67,4;19,4;17,9;21,6;41,1;45,0;0,1;9,51E-2;-541,2;20,00;3,0;3,0;48,09;0,43;0,012;3,4;5,99;0,570
902;27.06.2023;15:41:16;00:15:01;250,2;92,4;19,7;17,9;21,7;43,5;45,0;0,1;9,51E-2;-541,2;20,00;3,0;3,0;48,08;0,43;0,008;3,5;5,95;0,576
903;27.06.2023;15:41:17;00:15:02;250,2;92,4;19,7;17,9;21,7;44,6;45,0;0,1;9,51E-2;-541,2;20,00;3,0;3,0;48,09;0,43;0,009;3,5;5,94;0,578
904;27.06.2023;15:41:18;00:15:03;250,0;92,4;20,0;18,0;21,7;46,9;45,0;0,1;9,51E-2;-541,2;20,00;3,0;3,0;48,08;0,43;0,006;3,5;5,97;0,582
905;27.06.2023;15:41:19;00:15:04;250,2;118,2;20,0;18,0;21,8;49,1;45,0;0,1;9,51E-2;-541,2;20,00;3,0;3,0;48,09;0,43;0,003;3,5;5,93;0,586
906;27.06.2023;15:41:20;00:15:05;250,0;118,2;20,5;18,0;21,8;50,2;45,0;0,1;9,51E-2;-541,2;20,00;3,0;3,1;48,09;0,43;-0,001;3,5;5,91;0,590
907;27.06.2023;15:41:21;00:15:06;250,1;144,3;20,5;18,1;21,9;52,5;45,0;0,1;9,50E-2;-541,2;20,00;3,0;3,0;48,09;0,43;-0,001;3,5;5,95;0,594
908;27.06.2023;15:41:22;00:15:07;250,2;144,3;21,0;18,1;21,9;53,8;45,0;0,1;9,50E-2;-541,2;20,00;3,0;3,0;48,09;0,43;-0,006;3,6;5,97;0,596
909;27.06.2023;15:41:23;00:15:08;250,1;169,5;21,0;18,2;21,9;56,0;45,0;0,1;9,48E-2;-541,2;20,00;3,0;3,0;48,08;0,43;-0,007;3,6;5,92;0,601
910;27.06.2023;15:41:24;00:15:09;250,1;169,6;21,6;18,3;22,0;58,3;45,0;0,1;9,47E-2;-541,2;20,00;3,0;3,0;48,09;0,43;-0,002;3,6;5,93;0,604
911;27.06.2023;15:41:25;00:15:10;250,1;169,6;21,6;18,4;22,0;59,4;45,0;0,1;9,47E-2;-541,2;20,00;3,0;3,0;48,09;0,43;-0,003;3,6;5,94;0,606
912;27.06.2023;15:41:26;00:15:11;250,2;195,1;21,6;18,4;22,1;61,6;45,0;0,1;9,46E-2;-541,2;20,00;3,0;3,0;48,09;0,43;0,006;3,6;5,95;0,607
913;27.06.2023;15:41:27;00:15:12;250,0;219,5;22,1;18,5;22,1;63,9;45,0;0,1;9,46E-2;-541,2;20,00;3,0;3,0;48,08;0,43;-0,001;3,6;5,89;0,611
914;27.06.2023;15:41:28;00:15:13;250,1;219,5;22,7;18,5;22,1;65,2;45,0;0,1;9,45E-2;-541,2;20,00;3,0;3,0;48,09;0,43;0,000;3,6;5,93;0,611
915;27.06.2023;15:41:29;00:15:14;250,3;241,9;22,7;18,7;22,2;67,4;45,0;0,1;9,44E-2;-541,2;20,00;3,0;3,0;48,09;0,43;0,004;3,6;5,92;0,615
916;27.06.2023;15:41:30;00:15:15;250,2;241,9;23,2;18,7;22,2;69,7;45,0;0,1;9,43E-2;-541,2;20,00;3,0;2,9;48,08;0,43;-0,003;3,6;5,88;0,619
917;27.06.2023;15:41:31;00:15:16;250,0;263,3;23,2;18,8;22,2;70,8;45,0;0,1;9,43E-2;-541,2;20,00;3,0;2,9;48,09;0,43;0,000;3,6;5,89;0,620
918;27.06.2023;15:41:32;00:15:17;250,1;263,3;23,8;19,0;22,2;73,0;45,0;0,1;9,41E-2;-541,2;20,00;3,0;3,0;48,08;0,43;0,000;3,7;5,91;0,623
919;27.06.2023;15:41:33;00:15:18;250,3;282,4;23,8;19,0;22,2;75,3;45,0;0,1;9,40E-2;-541,2;20,00;3,0;3,0;48,09;0,43;0,001;3,7;5,90;0,624
920;27.06.2023;15:41:34;00:15:19;250,2;282,4;23,8;19,0;22,2;76,6;45,0;0,1;9,39E-2;-541,2;20,00;3,0;3,0;48,09;0,43;0,006;3,7;5,92;0,625
921;27.06.2023;15:41:35;00:15:20;250,0;300,9;24,3;19,2;22,3;78,8;45,0;0,1;9,39E-2;-541,2;20,00;3,0;3,0;48,08;0,43;0,007;3,7;5,87;0,625
922;27.06.2023;15:41:36;00:15:21;250,0;300,9;24,3;19,2;22,3;300,3;45,0;0,1;9,38E-2;-541,2;20,00;3,0;3,0;48,09;0,43;0,015;3,7;5,90;0,626
923;27.06.2023;15:41:37;00:15:22;250,0;318,8;24,8;19,4;22,3;302,0;43,5;0,1;9,37E-2;-541,2;20,00;3,0;3,0;48,09;0,44;0,034;3,6;5,83;0,615
924;27.06.2023;15:41:38;00:15:23;250,1;318,8;25,3;19,4;22,3;303,7;43,6;0,1;9,35E-2;-541,2;20,00;3,0;3,0;48,10;0,44;0,095;3,6;5,82;0,615
925;27.06.2023;15:41:39;00:15:24;250,1;336,2;25,3;19,6;22,3;304,5;42,3;0,1;9,35E-2;-541,2;20,00;3,0;3,0;48,11;0,45;0,151;3,6;5,83;0,616
926;27.06.2023;15:41:40;00:15:25;250,2;353,1;25,8;19,8;22,3;306,4;42,3;0,1;9,34E-2;-541,2;20,00;3,0;3,0;48,13;0,48;0,336;3,5;5,71;0,606
927;27.06.2023;15:41:41;00:15:26;250,0;353,1;25,8;19,8;22,3;308,1;40,9;0,1;9,33E-2;-541,2;20,00;3,0;3,0;48,16;0,50;0,592;3,4;5,65;0,596
928;27.06.2023;15:41:42;00:15:27;250,0;353,1;26,2;20,0;22,3;308,9;40,9;0,1;9,32E-2;-541,2;20,00;3,0;3,0;48,18;0,52;0,733;3,4;5,64;0,596
929;27.06.2023;15:41:43;00:15:28;250,0;369,5;26,2;20,0;22,4;310,6;39,6;0,1;9,32E-2;-541,2;20,00;3,0;2,9;48,21;0,55;1,011;3,4;5,63;0,590
930;27.06.2023;15:41:44;00:15:29;250,0;369,5;26,7;20,0;22,3;312,3;39,7;0,1;9,31E-2;-541,2;20,00;3,0;3,0;48,24;0,59;1,229;3,3;5,60;0,586
931;27.06.2023;15:41:45;00:15:30;250,1;386,3;26,7;20,2;22,3;313,2;39,7;0,1;9,30E-2;-541,2;20,00;3,0;3,0;48,27;0,60;1,343;3,3;5,57;0,586
932;27.06.2023;15:41:46;00:15:31;250,2;386,3;26,7;20,2;22,4;315,0;38,3;0,1;9,29E-2;-541,2;20,00;3,0;3,0;48,31;0,65;1,566;3,2;5,52;0,575
933;27.06.2023;15:41:47;00:15:32;250,0;402,5;27,1;20,5;22,4;316,7;37,0;0,1;9,29E-2;-541,2;20,00;3,0;3,0;48,36;0,71;1,778;3,1;5,46;0,563
934;27.06.2023;15:41:48;00:15:33;250,0;402,5;27,6;20,8;22,4;317,6;37,0;0,1;9,29E-2;-541,2;20,00;3,0;3,0;48,39;0,73;1,896;3,1;5,43;0,563
935;27.06.2023;15:41:49;00:15:34;250,1;417,7;27,6;20,8;22,4;319,3;35,9;0,1;9,28E-2;-541,2;20,00;3,0;3,0;48,44;0,79;2,137;3,1;5,46;0,567
936;27.06.2023;15:41:50;00:15:35;250,2;417,7;27,6;20,8;22,4;320,1;35,8;0,1;9,28E-2;-541,2;20,00;3,0;3,0;48,47;0,81;2,244;3,0;5,38;0,553
937;27.06.2023;15:41:51;00:15:36;250,0;432,1;28,0;21,0;22,4;321,8;34,6;0,1;9,27E-2;-541,2;20,00;3,0;3,0;48,53;0,87;2,418;3,0;5,37;0,549
938;27.06.2023;15:41:52;00:15:37;250,0;444,7;28,4;21,3;22,4;323,7;33,8;0,1;9,26E-2;-541,2;20,00;3,0;3,0;48,59;0,94;2,605;2,9;5,32;0,542
939;27.06.2023;15:41:53;00:15:38;250,1;444,7;28,4;21,3;22,4;324,5;33,5;0,1;9,25E-2;-541,2;20,00;3,0;3,0;48,63;0,97;2,695;2,8;5,25;0,534
940;27.06.2023;15:41:54;00:15:39;250,2;444,7;28,7;21,3;22,5;326,2;33,5;0,1;9,24E-2;-541,2;20,00;3,0;2,9;48,69;1,03;2,814;2,8;5,22;0,532
941;27.06.2023;15:41:55;00:15:40;250,2;456,4;28,7;21,6;22,5;327,9;32,5;0,1;9,22E-2;-541,2;20,00;3,0;3,0;48,75;1,09;2,899;2,7;5,20;0,524
942;27.06.2023;15:41:56;00:15:41;250,1;456,4;29,0;21,6;22,5;328,8;32,6;0,1;9,22E-2;-541,2;20,00;3,0;3,0;48,78;1,12;2,926;2,7;5,19;0,523
943;27.06.2023;15:41:57;00:15:42;250,0;467,2;29,0;21,8;22,5;330,5;31,6;0,1;9,20E-2;-541,2;20,00;3,0;3,0;48,84;1,18;3,002;2,7;5,10;0,517
944;27.06.2023;15:41:58;00:15:43;250,0;467,2;29,3;22,1;22,5;332,3;31,7;0,1;9,17E-2;-541,2;20,00;3,0;3,0;48,91;1,25;3,056;2,6;5,13;0,518
945;27.06.2023;15:41:59;00:15:44;250,1;477,3;29,3;22,1;22,5;333,1;30,8;0,1;9,16E-2;-541,2;20,00;3,0;3,0;48,94;1,28;3,081;2,6;5,06;0,513
946;27.06.2023;15:42:00;00:15:45;250,1;486,6;29,5;22,4;22,6;334,8;30,4;0,1;9,14E-2;-541,2;20,00;3,0;3,0;49,00;1,35;3,097;2,6;5,10;0,508
947;27.06.2023;15:42:01;00:15:46;250,1;486,6;29,5;22,4;22,6;335,7;30,0;0,1;9,13E-2;-541,2;20,00;3,0;3,0;49,04;1,38;3,105;2,5;5,05;0,503
948;27.06.2023;15:42:02;00:15:47;250,0;486,6;29,8;22,6;22,6;337,4;30,0;0,1;9,11E-2;-541,2;20,00;3,0;3,0;49,09;1,44;3,092;2,5;5,02;0,498
949;27.06.2023;15:42:03;00:15:48;250,2;495,2;29,8;22,5;22,6;339,1;29,3;0,1;9,09E-2;-541,2;20,00;3,0;3,0;49,16;1,50;3,063;2,5;5,00;0,495
950;27.06.2023;15:42:04;00:15:49;250,2;495,1;29,8;22,5;22,5;339,9;29,3;0,1;9,08E-2;-541,2;20,00;3,0;3,0;49,18;1,53;3,049;2,5;4,98;0,493
951;27.06.2023;15:42:05;00:15:50;250,0;503,5;29,9;22,8;22,5;341,8;28,7;0,1;9,06E-2;-541,2;20,00;3,0;3,0;49,24;1,59;2,991;2,4;5,00;0,493
952;27.06.2023;15:42:06;00:15:51;250,1;503,5;30,1;22,8;22,5;343,5;28,5;0,1;9,04E-2;-541,2;20,00;3,0;3,0;49,30;1,64;2,943;2,4;4,96;0,488
953;27.06.2023;15:42:07;00:15:52;250,1;511,3;30,1;23,1;22,5;344,3;27,9;0,1;9,03E-2;-541,2;20,00;3,0;3,0;49,32;1,67;2,915;2,4;4,97;0,485
954;27.06.2023;15:42:08;00:15:53;250,2;511,3;30,2;23,1;22,5;346,0;27,9;0,1;8,99E-2;-541,2;20,00;3,0;3,0;49,38;1,72;2,859;2,4;4,90;0,479
955;27.06.2023;15:42:09;00:15:54;250,2;518,5;30,2;23,4;22,5;347,7;27,3;0,1;8,97E-2;-541,2;20,00;3,0;3,0;49,43;1,77;2,794;2,3;4,91;0,479
956;27.06.2023;15:42:10;00:15:55;250,2;518,5;30,2;23,4;22,5;348,6;27,2;0,1;8,95E-2;-541,2;20,00;3,0;3,0;49,46;1,80;2,758;2,3;4,87;0,475
957;27.06.2023;15:42:11;00:15:56;250,0;525,0;30,4;23,7;22,6;350,4;26,6;0,1;8,92E-2;-541,2;20,00;3,0;3,0;49,51;1,85;2,680;2,3;4,87;0,469
958;27.06.2023;15:42:12;00:15:57;250,2;525,0;30,5;23,9;22,6;352,1;26,6;0,1;8,89E-2;-541,2;20,00;3,0;3,0;49,56;1,90;2,593;2,3;4,79;0,469
959;27.06.2023;15:42:13;00:15:58;250,1;530,6;30,5;23,9;22,6;353,0;26,4;0,1;8,87E-2;-541,2;20,00;3,0;2,9;49,58;1,92;2,547;2,3;4,82;0,469
960;27.06.2023;15:42:14;00:15:59;250,0;530,6;30,5;23,9;22,6;354,7;26,1;0,1;8,85E-2;-541,2;20,00;3,0;2,9;49,62;1,97;2,465;2,2;4,78;0,464
961;27.06.2023;15:42:15;00:16:00;250,1;535,4;30,6;24,2;22,6;355,5;25,7;0,1;8,83E-2;-541,2;20,00;3,0;3,0;49,65;1,99;2,426;2,2;4,77;0,463
962;27.06.2023;15:42:16;00:16:01;250,0;535,4;30,7;24,2;22,6;357,2;25,7;0,1;8,81E-2;-541,2;20,00;3,0;2,9;49,69;2,03;2,353;2,2;4,76;0,459
963;27.06.2023;15:42:17;00:16:02;250,1;539,9;30,7;24,4;22,7;359,1;25,3;0,1;8,77E-2;-541,2;20,00;3,0;3,0;49,73;2,08;2,272;2,1;4,69;0,454
964;27.06.2023;15:42:18;00:16:03;250,1;539,9;30,8;24,4;22,7;359,9;25,3;0,1;8,76E-2;-541,2;20,00;3,0;3,0;49,76;2,10;2,231;2,2;4,76;0,454
965;27.06.2023;15:42:19;00:16:04;250,0;543,9;30,8;24,6;22,7;361,6;24,9;0,1;8,73E-2;-541,2;20,00;3,0;3,0;49,79;2,14;2,153;2,1;4,70;0,454
966;27.06.2023;15:42:20;00:16:05;250,2;547,5;30,9;24,9;22,7;363,3;24,7;0,1;8,70E-2;-541,2;20,00;3,0;3,0;49,83;2,17;2,072;2,1;4,71;0,449
967;27.06.2023;15:42:21;00:16:06;250,1;547,5;30,9;24,9;22,7;364,2;24,6;0,1;8,69E-2;-541,2;20,00;3,0;3,0;49,85;2,19;2,045;2,1;4,68;0,449
968;27.06.2023;15:42:22;00:16:07;250,1;547,5;30,9;25,1;22,7;365,9;24,6;0,1;8,66E-2;-541,2;20,00;3,0;3,0;49,89;2,23;1,973;2,1;4,67;0,449
969;27.06.2023;15:42:23;00:16:08;250,0;550,9;30,9;25,1;22,7;367,7;24,3;0,1;8,63E-2;-541,2;20,00;3,0;3,0;49,92;2,26;1,900;2,1;4,67;0,444
970;27.06.2023;15:42:24;00:16:09;250,0;550,9;31,1;25,1;22,8;368,6;24,2;0,1;8,61E-2;-541,2;20,00;3,0;3,0;49,94;2,28;1,871;2,1;4,67;0,445
971;27.06.2023;15:42:25;00:16:10;250,1;554,0;31,1;25,4;22,8;370,3;24,0;0,1;8,58E-2;-541,2;20,00;3,0;3,0;49,97;2,31;1,787;2,1;4,65;0,444
972;27.06.2023;15:42:26;00:16:11;250,1;554,0;31,1;25,4;22,8;372,0;23,9;0,1;8,56E-2;-541,2;20,00;3,0;3,0;50,00;2,34;1,717;2,0;4,68;0,442
973;27.06.2023;15:42:27;00:16:12;250,0;556,8;31,1;25,6;22,9;372,8;23,7;0,1;8,54E-2;-541,2;20,00;3,0;3,0;50,02;2,36;1,679;2,1;4,67;0,440
974;27.06.2023;15:42:28;00:16:13;250,0;556,8;31,1;25,8;22,9;374,5;23,7;0,1;8,52E-2;-541,2;20,00;3,0;3,0;50,05;2,39;1,634;2,0;4,67;0,438
975;27.06.2023;15:42:29;00:16:14;250,0;556,8;31,1;25,8;22,9;375,5;23,7;0,1;8,50E-2;-541,2;20,00;3,0;3,0;50,06;2,41;1,595;2,0;4,62;0,439
976;27.06.2023;15:42:30;00:16:15;250,1;559,3;31,1;25,8;22,9;377,2;23,4;0,1;8,47E-2;-541,2;20,00;3,0;3,0;50,09;2,43;1,551;2,0;4,60;0,435
977;27.06.2023;15:42:31;00:16:16;250,0;561,5;31,2;26,0;22,9;378,9;23,2;0,1;8,45E-2;-541,2;20,00;3,0;3,0;50,12;2,46;1,495;2,0;4,59;0,435
978;27.06.2023;15:42:32;00:16:17;250,0;561,5;31,2;26,0;22,9;379,8;23,2;0,1;8,43E-2;-541,2;20,00;3,0;3,0;50,13;2,47;1,463;2,0;4,56;0,435
979;27.06.2023;15:42:33;00:16:18;250,0;563,4;31,2;26,2;22,9;381,5;23,0;0,1;8,41E-2;-541,2;20,00;3,0;3,0;50,16;2,50;1,413;2,0;4,59;0,433
980;27.06.2023;15:42:34;00:16:19;250,1;563,4;31,2;26,2;22,9;383,2;23,0;0,1;8,38E-2;-541,2;20,00;3,0;3,0;50,18;2,53;1,379;2,0;4,60;0,433
981;27.06.2023;15:42:35;00:16:20;250,0;565,1;31,2;26,4;23,0;384,1;22,9;0,1;8,36E-2;-541,2;20,00;3,0;3,0;50,20;2,54;1,350;2,0;4,56;0,431
982;27.06.2023;15:42:36;00:16:21;250,1;566,6;31,2;26,6;23,0;385,8;22,9;0,1;8,35E-2;-541,2;20,00;3,0;3,0;50,22;2,56;1,310;2,0;4,53;0,430
983;27.06.2023;15:42:37;00:16:22;250,0;566,6;31,2;26,6;23,0;387,5;22,7;0,1;8,32E-2;-541,2;20,00;3,0;3,0;50,24;2,58;1,269;2,0;4,56;0,430
984;27.06.2023;15:42:38;00:16:23;250,0;566,6;31,2;26,6;23,0;388,4;22,7;0,1;8,30E-2;-541,2;20,00;3,0;3,0;50,25;2,59;1,241;2,0;4,57;0,430
985;27.06.2023;15:42:39;00:16:24;250,0;567,9;31,2;26,7;23,0;390,1;22,6;0,1;8,29E-2;-541,2;20,00;3,0;3,0;50,27;2,62;1,192;1,9;4,56;0,430
986;27.06.2023;15:42:40;00:16:25;250,0;567,9;31,2;26,7;23,0;390,9;22,6;0,1;8,28E-2;-541,2;20,00;3,0;3,0;50,28;2,63;1,167;2,0;4,52;0,429
987;27.06.2023;15:42:41;00:16:26;250,2;569,0;31,2;26,9;23,0;392,8;22,5;0,1;8,24E-2;-541,2;20,00;3,0;3,0;50,31;2,65;1,128;2,0;4,53;0,427
988;27.06.2023;15:42:42;00:16:27;250,1;569,0;31,2;27,1;23,0;394,5;22,5;0,1;8,23E-2;-541,2;20,00;3,0;3,0;50,32;2,67;1,097;1,9;4,51;0,426
989;27.06.2023;15:42:43;00:16:28;250,3;570,1;31,2;27,1;23,0;395,3;22,4;0,1;8,21E-2;-541,2;20,00;3,0;3,0;50,34;2,68;1,080;1,9;4,57;0,427
990;27.06.2023;15:42:44;00:16:29;250,1;570,0;31,2;27,0;23,0;397,0;22,4;0,1;8,19E-2;-541,2;20,00;3,0;3,0;50,35;2,70;1,047;1,9;4,52;0,425
991;27.06.2023;15:42:45;00:16:30;250,1;571,0;31,2;27,2;23,0;398,7;22,3;0,1;8,17E-2;-541,2;20,00;3,0;3,0;50,37;2,72;1,018;1,9;4,55;0,425
992;27.06.2023;15:42:46;00:16:31;250,1;571,0;31,2;27,2;23,0;399,6;22,3;0,1;8,16E-2;-541,2;20,00;3,0;3,0;50,38;2,73;1,008;1,9;4,50;0,425
993;27.06.2023;15:42:47;00:16:32;250,3;571,8;31,2;27,3;23,0;401,4;22,2;0,1;8,13E-2;-541,2;20,00;3,0;3,0;50,40;2,75;0,961;1,9;4,51;0,425
994;27.06.2023;15:42:48;00:16:33;250,1;571,8;31,2;27,5;23,0;403,1;22,2;0,1;8,11E-2;-541,2;20,00;3,0;3,0;50,42;2,76;0,925;1,9;4,55;0,425
995;27.06.2023;15:42:49;00:16:34;250,2;572,6;31,2;27,5;23,0;404,0;22,2;0,1;8,10E-2;-541,2;20,00;3,0;3,0;50,43;2,77;0,908;1,9;4,51;0,425
996;27.06.2023;15:42:50;00:16:35;250,0;572,6;31,2;27,5;23,1;405,7;22,2;0,1;8,08E-2;-541,2;20,00;3,0;3,0;50,44;2,78;0,879;1,9;4,60;0,425
997;27.06.2023;15:42:51;00:16:36;250,0;573,2;31,2;27,6;23,1;407,4;22,1;0,1;8,06E-2;-541,2;20,00;3,0;3,0;50,46;2,80;0,849;1,9;4,56;0,424
998;27.06.2023;15:42:52;00:16:37;250,0;573,2;31,2;27,6;23,1;408,2;22,1;0,1;8,05E-2;-541,2;20,00;3,0;3,0;50,47;2,81;0,845;1,9;4,55;0,424
999;27.06.2023;15:42:53;00:16:38;250,0;573,7;31,2;27,7;23,1;410,1;22,1;0,1;8,03E-2;-541,2;20,00;3,0;3,0;50,48;2,82;0,821;1,9;4,51;0,425
1000;27.06.2023;15:42:54;00:16:39;250,0;573,7;31,2;27,7;23,1;410,9;22,1;0,1;8,01E-2;-541,2;20,00;3,0;3,0;50,49;2,83;0,811;1,9;4,52;0,425
1001;27.06.2023;15:42:55;00:16:40;250,1;574,2;31,2;27,9;23,1;412,6;22,0;0,1;8,00E-2;-541,2;20,00;3,0;3,0;50,50;2,85;0,792;1,9;4,54;0,425
1002;27.06.2023;15:42:56;00:16:41;250,0;574,2;31,2;28,0;23,1;414,3;22,0;0,1;7,98E-2;-541,2;20,00;3,0;3,0;50,52;2,87;0,769;1,9;4,57;0,425
1003;27.06.2023;15:42:57;00:16:42;250,3;574,2;31,2;28,0;23,1;415,2;22,1;0,1;7,97E-2;-541,2;20,00;3,0;3,0;50,53;2,87;0,764;1,9;4,53;0,424
1004;27.06.2023;15:42:58;00:16:43;250,1;574,6;31,2;28,0;23,1;416,9;22,0;0,1;7,95E-2;-541,2;20,00;3,0;3,0;50,54;2,89;0,745;1,9;4,53;0,421
1005;27.06.2023;15:42:59;00:16:44;250,0;575,0;31,2;28,1;23,1;418,7;22,0;0,1;7,93E-2;-541,2;20,00;3,0;3,0;50,55;2,90;0,716;1,9;4,51;0,421
1006;27.06.2023;15:43:00;00:16:45;250,0;575,0;31,2;28,1;23,1;419,6;22,0;0,1;7,93E-2;-541,2;20,00;3,0;3,0;50,56;2,90;0,702;1,9;4,53;0,420
1007;27.06.2023;15:43:01;00:16:46;250,1;575,4;31,2;28,2;23,1;421,3;22,0;0,1;7,90E-2;-541,2;20,00;3,0;3,0;50,57;2,92;0,692;1,9;4,51;0,422
1008;27.06.2023;15:43:02;00:16:47;250,0;575,4;31,2;28,2;23,1;423,0;22,0;0,1;7,89E-2;-541,2;20,00;3,0;3,0;50,59;2,93;0,680;1,9;4,48;0,422
1009;27.06.2023;15:43:03;00:16:48;250,1;575,7;31,2;28,3;23,1;423,8;22,0;0,1;7,88E-2;-541,2;20,00;3,0;2,9;50,59;2,94;0,667;1,9;4,55;0,421
1010;27.06.2023;15:43:04;00:16:49;250,2;575,6;31,2;28,3;23,1;425,5;22,0;0,1;7,86E-2;-541,2;20,00;3,0;3,0;50,61;2,95;0,657;1,9;4,53;0,422
1011;27.06.2023;15:43:05;00:16:50;250,0;575,9;31,2;28,4;23,1;427,4;22,0;0,1;7,85E-2;-541,2;20,00;3,0;3,0;50,62;2,96;0,640;1,9;4,49;0,422
1012;27.06.2023;15:43:06;00:16:51;250,0;575,9;31,2;28,4;23,1;428,2;22,0;0,1;7,84E-2;-541,2;20,00;3,0;3,0;50,62;2,97;0,624;1,9;4,50;0,421
1013;27.06.2023;15:43:07;00:16:52;250,0;576,1;31,2;28,5;23,1;429,9;22,0;0,1;7,83E-2;-541,2;20,00;3,0;3,0;50,64;2,98;0,614;1,9;4,52;0,422
1014;27.06.2023;15:43:08;00:16:53;250,0;576,1;31,2;28,5;23,2;430,8;22,0;0,1;7,83E-2;-541,2;20,00;3,0;3,0;50,64;2,99;0,603;1,9;4,49;0,423
1015;27.06.2023;15:43:09;00:16:54;250,1;576,3;31,2;28,6;23,2;432,5;22,0;0,1;7,81E-2;-541,2;20,00;3,0;3,0;50,65;2,99;0,595;1,9;4,52;0,425
1016;27.06.2023;15:43:10;00:16:55;250,1;576,3;31,2;28,6;23,2;434,2;22,1;0,1;7,79E-2;-541,2;20,00;3,0;3,0;50,66;3,01;0,576;1,9;4,51;0,422
1017;27.06.2023;15:43:11;00:16:56;250,0;576,5;31,2;28,8;23,2;435,1;22,1;0,1;7,79E-2;-541,2;20,00;3,0;3,0;50,67;3,01;0,574;1,9;4,54;0,425
1018;27.06.2023;15:43:12;00:16:57;250,1;576,5;31,2;28,9;23,2;436,8;22,1;0,1;7,78E-2;-541,2;20,00;3,0;3,0;50,68;3,02;0,564;1,9;4,56;0,425
1019;27.06.2023;15:43:13;00:16:58;250,1;576,6;31,2;28,9;23,2;438,5;22,1;0,1;7,76E-2;-541,2;20,00;3,0;3,0;50,69;3,04;0,543;1,9;4,51;0,425
1020;27.06.2023;15:43:14;00:16:59;250,0;576,6;31,2;28,9;23,2;439,4;22,1;0,1;7,75E-2;-541,2;20,00;3,0;3,0;50,69;3,04;0,536;1,9;4,49;0,425
1021;27.06.2023;15:43:15;00:17:00;250,1;576,7;31,2;28,9;23,3;441,1;22,1;0,1;7,74E-2;-541,2;20,00;3,0;3,0;50,70;3,05;0,527;1,9;4,54;0,425
1022;27.06.2023;15:43:16;00:17:01;250,0;576,7;31,3;29,0;23,3;442,8;22,2;0,1;7,73E-2;-541,2;20,00;3,0;3,0;50,72;3,06;0,508;1,9;4,55;0,426
1023;27.06.2023;15:43:17;00:17:02;250,1;576,9;31,3;29,0;23,3;443,8;22,2;0,1;7,72E-2;-541,2;20,00;3,0;3,0;50,72;3,06;0,505;1,9;4,59;0,425
1024;27.06.2023;15:43:18;00:17:03;250,2;576,9;31,3;29,0;23,3;445,5;22,2;0,1;7,70E-2;-541,2;20,00;3,0;3,0;50,73;3,08;0,496;1,9;4,55;0,425
1025;27.06.2023;15:43:19;00:17:04;250,2;577,0;31,3;29,1;23,3;446,3;22,2;0,1;7,70E-2;-541,2;20,00;3,0;3,0;50,73;3,08;0,500;1,9;4,56;0,425
1026;27.06.2023;15:43:20;00:17:05;250,1;577,0;31,3;29,1;23,3;448,0;22,2;0,1;7,69E-2;-541,2;20,00;3,0;3,0;50,74;3,09;0,497;1,9;4,57;0,426
1027;27.06.2023;15:43:21;00:17:06;250,1;577,1;31,3;29,2;23,3;449,7;22,3;0,1;7,67E-2;-541,2;20,00;3,0;3,0;50,75;3,10;0,483;1,9;4,58;0,425
1028;27.06.2023;15:43:22;00:17:07;250,0;577,1;31,3;29,2;23,3;450,6;22,3;0,1;7,67E-2;-541,2;20,00;3,0;3,0;50,75;3,10;0,479;1,9;4,51;0,426
1029;27.06.2023;15:43:23;00:17:08;250,0;577,3;31,3;29,3;23,3;452,4;22,3;0,1;7,65E-2;-541,2;20,00;3,0;3,0;50,76;3,11;0,472;1,9;4,56;0,429
1030;27.06.2023;15:43:24;00:17:09;250,0;577,3;31,3;29,3;23,3;454,1;22,4;0,1;7,64E-2;-541,2;20,00;3,0;3,0;50,78;3,12;0,457;1,9;4,54;0,429
1031;27.06.2023;15:43:25;00:17:10;250,0;577,3;31,3;29,4;23,3;455,0;22,4;0,1;7,64E-2;-541,2;20,00;3,0;3,0;50,78;3,12;0,455;2,0;4,58;0,429
1032;27.06.2023;15:43:26;00:17:11;250,2;577,4;31,3;29,4;23,3;456,7;22,4;0,1;7,63E-2;-541,2;20,00;3,0;3,0;50,79;3,13;0,435;2,0;4,56;0,430
1033;27.06.2023;15:43:27;00:17:12;250,2;577,6;31,3;29,4;23,3;458,4;22,4;0,1;7,61E-2;-541,2;20,00;3,0;3,0;50,80;3,14;0,432;2,0;4,54;0,430
1034;27.06.2023;15:43:28;00:17:13;250,2;577,6;31,3;29,4;23,3;459,2;22,5;0,1;7,60E-2;-541,2;20,00;3,0;3,0;50,80;3,14;0,429;2,0;4,58;0,430
1035;27.06.2023;15:43:29;00:17:14;250,1;577,8;31,4;29,5;23,4;460,9;22,5;0,1;7,59E-2;-541,2;20,00;3,0;3,0;50,81;3,15;0,433;1,9;4,59;0,430
1036;27.06.2023;15:43:30;00:17:15;250,1;577,8;31,4;29,5;23,4;462,8;22,5;0,1;7,58E-2;-541,2;20,00;3,0;3,0;50,82;3,16;0,429;2,0;4,57;0,430
1037;27.06.2023;15:43:31;00:17:16;250,2;578,0;31,4;29,6;23,4;463,6;22,5;0,1;7,58E-2;-541,2;20,00;3,0;3,0;50,82;3,17;0,433;2,0;4,54;0,430
1038;27.06.2023;15:43:32;00:17:17;250,1;578,0;31,4;29,7;23,4;465,3;22,6;0,1;7,56E-2;-541,2;20,00;3,0;3,0;50,83;3,17;0,414;2,0;4,55;0,430
1039;27.06.2023;15:43:33;00:17:18;250,3;578,0;31,4;29,7;23,4;466,2;22,6;0,1;7,55E-2;-541,2;20,00;3,0;3,0;50,83;3,18;0,413;2,0;4,55;0,430
1040;27.06.2023;15:43:34;00:17:19;250,1;578,2;31,4;29,7;23,4;467,9;22,7;0,1;7,54E-2;-541,2;20,00;3,0;3,0;50,84;3,19;0,409;2,0;4,59;0,430
1041;27.06.2023;15:43:35;00:17:20;250,0;578,4;31,5;29,8;23,4;469,6;22,7;0,1;7,54E-2;-541,2;20,00;3,0;3,0;50,85;3,19;0,405;2,0;4,57;0,430
1042;27.06.2023;15:43:36;00:17:21;250,1;578,4;31,5;29,8;23,4;470,4;22,7;0,1;7,53E-2;-541,2;20,00;3,0;3,0;50,85;3,20;0,402;2,0;4,53;0,431
1043;27.06.2023;15:43:37;00:17:22;250,3;578,6;31,5;29,8;23,4;472,3;22,8;0,1;7,52E-2;-541,2;20,00;3,0;3,0;50,86;3,21;0,396;2,0;4,57;0,431
1044;27.06.2023;15:43:38;00:17:23;250,1;578,6;31,5;29,8;23,4;474,0;22,8;0,1;7,50E-2;-541,2;20,00;3,0;3,0;50,87;3,21;0,399;2,0;4,57;0,431
1045;27.06.2023;15:43:39;00:17:24;250,1;578,8;31,5;29,9;23,4;474,8;22,8;0,1;7,50E-2;-541,2;20,00;3,0;3,0;50,87;3,22;0,388;2,0;4,58;0,430
1046;27.06.2023;15:43:40;00:17:25;250,3;578,8;31,5;30,0;23,4;476,5;22,9;0,1;7,49E-2;-541,2;20,00;3,0;3,0;50,88;3,22;0,378;2,0;4,60;0,435
1047;27.06.2023;15:43:41;00:17:26;250,2;579,1;31,5;30,0;23,4;478,2;22,9;0,1;7,48E-2;-541,2;20,00;3,0;3,0;50,88;3,23;0,371;2,0;4,57;0,434
1048;27.06.2023;15:43:42;00:17:27;250,1;579,1;31,5;30,0;23,4;479,1;23,0;0,1;7,47E-2;-541,2;20,00;3,0;3,0;50,89;3,23;0,371;2,0;4,60;0,435
1049;27.06.2023;15:43:43;00:17:28;250,0;579,3;31,6;30,0;23,4;480,9;23,0;0,1;7,46E-2;-541,2;20,00;3,0;3,0;50,90;3,24;0,373;2,0;4,61;0,435
1050;27.06.2023;15:43:44;00:17:29;250,0;579,3;31,6;30,0;23,4;482,6;23,1;0,1;7,45E-2;-541,2;20,00;3,0;3,0;50,90;3,25;0,371;2,0;4,60;0,435
1051;27.06.2023;15:43:45;00:17:30;250,0;579,6;31,6;30,1;23,4;483,5;23,1;0,1;7,44E-2;-541,2;20,00;3,0;2,9;50,91;3,25;0,367;2,0;4,62;0,436
1052;27.06.2023;15:43:46;00:17:31;250,1;579,6;31,6;30,1;23,4;485,2;23,1;0,1;7,44E-2;-541,2;20,00;3,0;3,0;50,91;3,26;0,365;2,0;4,59;0,435
1053;27.06.2023;15:43:47;00:17:32;250,2;579,6;31,6;30,2;23,4;486,0;23,2;0,1;7,43E-2;-541,2;20,00;3,0;3,0;50,92;3,26;0,363;2,0;4,61;0,437
1054;27.06.2023;15:43:48;00:17:33;250,0;579,9;31,6;30,2;23,5;487,7;23,2;0,1;7,42E-2;-541,2;20,00;3,0;3,0;50,93;3,27;0,364;2,0;4,63;0,438
1055;27.06.2023;15:43:49;00:17:34;250,0;580,3;31,6;30,2;23,5;489,5;23,3;0,1;7,40E-2;-541,2;20,00;3,0;3,0;50,93;3,28;0,358;2,0;4,62;0,440
1056;27.06.2023;15:43:50;00:17:35;250,0;580,3;31,6;30,2;23,5;490,4;23,3;0,1;7,40E-2;-541,2;20,00;3,0;3,0;50,94;3,28;0,362;2,0;4,62;0,440
1057;27.06.2023;15:43:51;00:17:36;250,0;580,6;31,7;30,3;23,5;492,1;23,3;0,1;7,39E-2;-541,2;20,00;3,0;3,0;50,95;3,29;0,367;2,0;4,57;0,440
1058;27.06.2023;15:43:52;00:17:37;250,0;580,6;31,7;30,3;23,6;493,8;23,4;0,1;7,38E-2;-541,2;20,00;3,0;3,0;50,96;3,30;0,382;2,0;4,63;0,440
1059;27.06.2023;15:43:53;00:17:38;250,0;580,6;31,7;30,4;23,6;494,6;23,4;0,1;7,38E-2;-541,2;20,00;3,0;3,1;50,96;3,30;0,376;2,0;4,59;0,439
1060;27.06.2023;15:43:54;00:17:39;250,0;581,0;31,7;30,4;23,6;496,3;23,5;0,1;7,36E-2;-541,2;20,00;3,0;3,0;50,97;3,31;0,373;2,0;4,59;0,440
1061;27.06.2023;15:43:55;00:17:40;250,0;581,4;31,8;30,4;23,6;498,2;23,5;0,1;7,35E-2;-541,2;20,00;3,0;3,0;50,97;3,32;0,368;2,0;4,62;0,440
1062;27.06.2023;15:43:56;00:17:41;250,0;581,4;31,8;30,4;23,6;499,0;23,6;0,1;7,35E-2;-541,2;20,00;3,0;3,0;50,98;3,32;0,360;2,0;4,60;0,442
1063;27.06.2023;15:43:57;00:17:42;250,0;581,8;31,8;30,5;23,6;500,7;23,6;0,1;7,34E-2;-541,2;20,00;3,0;3,0;50,99;3,33;0,366;2,1;4,63;0,443
1064;27.06.2023;15:43:58;00:17:43;250,0;581,8;31,8;30,5;23,6;501,6;23,6;0,1;7,34E-2;-541,2;20,00;3,0;3,0;50,99;3,33;0,361;2,1;4,65;0,441
1065;27.06.2023;15:43:59;00:17:44;250,0;582,2;31,9;30,6;23,6;503,3;23,7;0,1;7,33E-2;-541,2;20,00;3,0;3,0;50,99;3,33;0,358;2,0;4,65;0,444
1066;27.06.2023;15:44:00;00:17:45;250,0;582,2;31,9;30,6;23,6;505,0;23,8;0,1;7,32E-2;-541,2;20,00;3,0;3,0;51,00;3,35;0,348;2,1;4,63;0,444
1067;27.06.2023;15:44:01;00:17:46;250,0;582,2;31,9;30,6;23,6;506,0;23,8;0,1;7,32E-2;-541,2;20,00;3,0;3,0;51,01;3,35;0,347;2,1;4,65;0,444
1068;27.06.2023;15:44:02;00:17:47;250,1;582,7;31,9;30,6;23,7;507,7;23,9;0,1;7,31E-2;-541,2;20,00;3,0;3,1;51,01;3,36;0,352;2,1;4,64;0,444
1069;27.06.2023;15:44:03;00:17:48;250,0;583,2;31,9;30,7;23,7;509,4;23,9;0,1;7,31E-2;-541,2;20,00;3,0;3,0;51,02;3,37;0,350;2,1;4,64;0,447
1070;27.06.2023;15:44:04;00:17:49;250,1;583,2;31,9;30,7;23,7;510,2;23,9;0,1;7,30E-2;-541,2;20,00;3,0;3,0;51,02;3,37;0,351;2,1;4,67;0,444
1071;27.06.2023;15:44:05;00:17:50;250,0;583,7;32,0;30,7;23,7;511,9;24,0;0,1;7,30E-2;-541,2;20,00;3,0;3,0;51,03;3,38;0,343;2,1;4,64;0,446
1072;27.06.2023;15:44:06;00:17:51;250,0;583,7;32,0;30,7;23,7;513,6;24,1;0,1;7,29E-2;-541,2;20,00;3,0;3,0;51,04;3,38;0,341;2,1;4,68;0,447
1073;27.06.2023;15:44:07;00:17:52;250,0;583,7;32,0;30,8;23,7;514,6;24,1;0,1;7,29E-2;-541,2;20,00;3,0;3,0;51,04;3,38;0,346;2,1;4,66;0,446
1074;27.06.2023;15:44:08;00:17:53;250,3;584,3;32,0;30,8;23,7;516,3;24,2;0,1;7,28E-2;-541,2;20,00;3,0;3,0;51,04;3,39;0,341;2,1;4,64;0,448
1075;27.06.2023;15:44:09;00:17:54;250,2;584,9;32,0;30,9;23,7;518,0;24,2;0,1;7,27E-2;-541,2;20,00;3,0;3,1;51,06;3,40;0,347;2,1;4,67;0,449
1076;27.06.2023;15:44:10;00:17:55;250,0;584,9;32,0;30,9;23,7;518,9;24,3;0,1;7,26E-2;-541,2;20,00;3,0;3,0;51,05;3,40;0,347;2,1;4,63;0,449
1077;27.06.2023;15:44:11;00:17:56;250,1;585,5;32,1;30,9;23,7;520,6;24,3;0,1;7,25E-2;-541,2;20,00;3,0;3,1;51,07;3,41;0,355;2,1;4,68;0,449
1078;27.06.2023;15:44:12;00:17:57;250,1;585,5;32,1;30,9;23,7;521,4;24,3;0,1;7,25E-2;-541,2;20,00;3,0;3,0;51,07;3,41;0,354;2,1;4,65;0,449
1079;27.06.2023;15:44:13;00:17:58;250,0;586,1;32,1;31,0;23,7;523,3;24,4;0,1;7,24E-2;-541,2;20,00;3,0;3,0;51,07;3,42;0,351;2,1;4,74;0,449
1080;27.06.2023;15:44:14;00:17:59;250,1;586,1;32,1;31,0;23,7;525,0;24,5;0,1;7,23E-2;-541,2;20,00;3,0;3,0;51,08;3,43;0,351;2,1;4,72;0,453
1081;27.06.2023;15:44:15;00:18:00;250,0;586,8;32,2;31,0;23,7;525,8;24,5;0,1;7,22E-2;-541,2;20,00;3,0;3,0;51,09;3,43;0,353;2,1;4,69;0,452
1082;27.06.2023;15:44:16;00:18:01;250,1;586,8;32,2;31,1;23,7;527,5;24,6;0,1;7,21E-2;-541,2;20,00;3,0;3,0;51,09;3,44;0,364;2,1;4,72;0,454
1083;27.06.2023;15:44:17;00:18:02;250,1;587,4;32,2;31,1;23,8;529,2;24,6;0,1;7,20E-2;-541,2;20,00;3,0;3,0;51,10;3,45;0,363;2,1;4,68;0,455
1084;27.06.2023;15:44:18;00:18:03;250,1;587,4;32,2;31,1;23,8;530,1;24,7;0,1;7,20E-2;-541,2;20,00;3,0;2,9;51,11;3,45;0,364;2,1;4,69;0,454
1085;27.06.2023;15:44:19;00:18:04;250,1;588,1;32,3;31,2;23,7;531,9;24,7;0,1;7,19E-2;-541,2;20,00;3,0;3,0;51,11;3,46;0,361;2,1;4,72;0,454
1086;27.06.2023;15:44:20;00:18:05;250,2;588,8;32,3;31,2;23,7;533,6;24,8;0,1;7,19E-2;-541,2;20,00;3,0;3,0;51,12;3,47;0,363;2,1;4,66;0,456
1087;27.06.2023;15:44:21;00:18:06;250,0;588,8;32,3;31,2;23,7;534,5;24,8;0,1;7,18E-2;-541,2;20,00;3,0;2,9;51,13;3,47;0,370;2,1;4,70;0,454
1088;27.06.2023;15:44:22;00:18:07;250,3;588,8;32,4;31,2;23,8;536,2;24,9;0,1;7,17E-2;-541,2;20,00;3,0;2,9;51,13;3,48;0,366;2,1;4,71;0,457
1089;27.06.2023;15:44:23;00:18:08;250,1;589,6;32,4;31,3;23,8;537,9;24,9;0,1;7,16E-2;-541,2;20,00;3,0;3,0;51,14;3,48;0,370;2,1;4,69;0,459
1090;27.06.2023;15:44:24;00:18:09;250,0;589,6;32,4;31,3;23,8;538,7;25,0;0,1;7,15E-2;-541,2;20,00;3,0;3,0;51,14;3,49;0,371;2,2;4,70;0,459
1091;27.06.2023;15:44:25;00:18:10;250,1;590,5;32,5;31,4;23,8;540,5;25,0;0,1;7,15E-2;-541,2;20,00;3,0;3,0;51,15;3,50;0,367;2,2;4,76;0,459
1092;27.06.2023;15:44:26;00:18:11;250,0;590,5;32,5;31,4;23,8;541,4;25,1;0,1;7,14E-2;-541,2;20,00;3,0;3,1;51,16;3,50;0,378;2,2;4,72;0,459
1093;27.06.2023;15:44:27;00:18:12;250,0;590,5;32,5;31,4;23,9;543,1;25,2;0,1;7,14E-2;-541,2;20,00;3,0;3,0;51,16;3,51;0,376;2,2;4,75;0,463
1094;27.06.2023;15:44:28;00:18:13;250,3;591,4;32,5;31,5;24,0;544,8;25,2;0,1;7,12E-2;-541,2;20,00;3,0;2,9;51,17;3,52;0,379;2,2;4,69;0,460
1095;27.06.2023;15:44:29;00:18:14;250,1;591,4;32,6;31,5;24,0;545,6;25,3;0,1;7,12E-2;-541,2;20,00;3,0;3,0;51,17;3,52;0,381;2,2;4,74;0,462
1096;27.06.2023;15:44:30;00:18:15;250,0;592,3;32,6;31,5;24,0;547,3;25,3;0,1;7,11E-2;-541,2;20,00;3,0;3,0;51,18;3,53;0,372;2,2;4,74;0,463
1097;27.06.2023;15:44:31;00:18:16;250,0;592,3;32,6;31,6;24,0;549,2;25,4;0,1;7,10E-2;-541,2;20,00;3,0;3,0;51,19;3,54;0,377;2,2;4,75;0,465
1098;27.06.2023;15:44:32;00:18:17;250,0;593,2;32,6;31,6;24,0;550,0;25,4;0,1;7,10E-2;-541,2;20,00;3,0;3,0;51,19;3,54;0,383;2,2;4,74;0,464
1099;27.06.2023;15:44:33;00:18:18;250,0;594,1;32,7;31,7;24,0;551,7;25,5;0,1;7,09E-2;-541,2;20,00;3,0;3,0;51,20;3,55;0,393;2,2;4,75;0,465
1100;27.06.2023;15:44:34;00:18:19;250,0;594,1;32,7;31,7;24,0;553,4;25,5;0,1;7,08E-2;-541,2;20,00;3,0;3,0;51,21;3,56;0,403;2,2;4,73;0,464
1101;27.06.2023;15:44:35;00:18:20;250,1;595,0;32,7;31,7;24,0;554,3;25,5;0,1;7,08E-2;-541,2;20,00;3,0;3,0;51,22;3,56;0,412;2,2;4,76;0,467
1102;27.06.2023;15:44:36;00:18:21;250,0;595,0;32,8;31,7;24,1;556,0;25,6;0,1;7,07E-2;-541,2;20,00;3,0;3,0;51,22;3,57;0,410;2,2;4,76;0,465
1103;27.06.2023;15:44:37;00:18:22;250,0;595,0;32,8;31,7;24,1;556,8;25,7;0,1;7,06E-2;-541,2;20,00;3,0;3,0;51,23;3,57;0,410;2,2;4,76;0,468
1104;27.06.2023;15:44:38;00:18:23;250,2;596,0;32,8;31,8;24,1;558,7;25,7;0,1;7,05E-2;-541,2;20,00;3,0;3,0;51,24;3,58;0,413;2,2;4,77;0,468
1105;27.06.2023;15:44:39;00:18:24;250,1;596,9;32,9;31,8;24,1;560,4;25,8;0,1;7,04E-2;-541,2;20,00;3,0;3,0;51,25;3,59;0,416;2,2;4,77;0,469
1106;27.06.2023;15:44:40;00:18:25;250,1;596,9;32,9;31,8;24,1;561,2;25,8;0,1;7,04E-2;-541,2;20,00;3,0;3,0;51,25;3,59;0,424;2,2;4,81;0,469
1107;27.06.2023;15:44:41;00:18:26;250,3;597,9;32,9;31,9;24,1;562,9;25,9;0,1;7,04E-2;-541,2;20,00;3,0;3,0;51,26;3,60;0,424;2,2;4,79;0,469
1108;27.06.2023;15:44:42;00:18:27;250,0;597,9;32,9;31,9;24,2;564,6;26,0;0,1;7,03E-2;-541,2;20,00;3,0;3,1;51,27;3,61;0,423;2,2;4,79;0,469
1109;27.06.2023;15:44:43;00:18:28;250,0;598,9;33,0;32,0;24,1;565,5;26,0;0,1;7,02E-2;-541,2;20,00;3,0;3,0;51,27;3,62;0,423;2,3;4,80;0,470
1110;27.06.2023;15:44:44;00:18:29;250,1;598,9;32,9;31,9;24,1;567,3;26,1;0,1;7,01E-2;-541,2;20,00;3,0;3,0;51,28;3,63;0,428;2,3;4,80;0,471
1111;27.06.2023;15:44:45;00:18:30;250,0;599,9;32,9;31,9;24,1;569,0;26,1;0,1;7,00E-2;-541,2;20,00;3,0;3,0;51,29;3,64;0,437;2,3;4,81;0,474
1112;27.06.2023;15:44:46;00:18:31;250,1;599,9;32,9;31,9;24,1;569,9;26,2;0,1;7,00E-2;-541,2;20,00;3,0;2,9;51,29;3,64;0,442;2,3;4,78;0,474
1113;27.06.2023;15:44:47;00:18:32;250,0;599,9;33,0;32,0;24,1;571,6;26,3;0,1;7,00E-2;-541,2;20,00;3,0;3,0;51,30;3,65;0,437;2,3;4,82;0,474
1114;27.06.2023;15:44:48;00:18:33;250,1;601,1;33,0;32,0;24,1;573,3;26,3;0,1;6,99E-2;-541,2;20,00;3,0;3,1;51,31;3,65;0,444;2,3;4,81;0,475
1115;27.06.2023;15:44:49;00:18:34;250,0;601,1;33,0;32,1;24,1;574,1;26,4;0,1;6,98E-2;-541,2;20,00;3,0;3,0;51,32;3,66;0,441;2,3;4,81;0,475
1116;27.06.2023;15:44:50;00:18:35;250,1;602,2;33,0;32,1;24,1;576,0;26,4;0,1;6,98E-2;-541,2;20,00;3,0;3,0;51,33;3,67;0,453;2,3;4,80;0,476
1117;27.06.2023;15:44:51;00:18:36;250,1;602,2;33,1;32,1;24,1;576,8;26,5;0,1;6,97E-2;-541,2;20,00;3,0;3,0;51,33;3,68;0,461;2,3;4,83;0,477
1118;27.06.2023;15:44:52;00:18:37;250,1;603,4;33,1;32,1;24,1;578,5;26,5;0,1;6,96E-2;-541,2;20,00;3,0;3,0;51,34;3,69;0,469;2,3;4,80;0,476
1119;27.06.2023;15:44:53;00:18:38;250,0;604,6;33,1;32,2;24,1;580,2;26,6;0,1;6,95E-2;-541,2;20,00;3,0;3,0;51,35;3,69;0,479;2,3;4,84;0,479
1120;27.06.2023;15:44:54;00:18:39;250,1;604,6;33,1;32,2;24,1;581,1;26,6;0,1;6,95E-2;-541,2;20,00;3,0;3,0;51,36;3,70;0,474;2,3;4,84;0,479
1121;27.06.2023;15:44:55;00:18:40;250,0;605,7;33,2;32,2;24,1;582,8;26,6;0,1;6,95E-2;-541,2;20,00;3,0;3,0;51,37;3,71;0,481;2,3;4,83;0,479
1122;27.06.2023;15:44:56;00:18:41;250,2;605,7;33,3;32,2;24,1;584,6;26,8;0,1;6,94E-2;-541,2;20,00;3,0;3,0;51,38;3,72;0,482;2,3;4,84;0,481
1123;27.06.2023;15:44:57;00:18:42;250,0;605,7;33,3;32,3;24,1;585,5;26,8;0,1;6,94E-2;-541,2;20,00;3,0;3,0;51,38;3,73;0,479;2,3;4,85;0,484
1124;27.06.2023;15:44:58;00:18:43;250,1;606,9;33,3;32,3;24,1;587,2;26,9;0,1;6,93E-2;-541,2;20,00;3,0;2,9;51,39;3,74;0,474;2,3;4,81;0,482
1125;27.06.2023;15:44:59;00:18:44;250,3;608,1;33,3;32,4;24,1;588,9;26,9;0,1;6,92E-2;-541,2;20,00;3,0;2,9;51,40;3,75;0,485;2,3;4,88;0,484
1126;27.06.2023;15:45:00;00:18:45;250,1;608,1;33,3;32,4;24,1;589,7;27,0;0,1;6,91E-2;-541,2;20,00;3,0;3,0;51,41;3,75;0,491;2,3;4,81;0,483
1127;27.06.2023;15:45:01;00:18:46;250,2;609,3;33,4;32,4;24,1;591,4;27,0;0,1;6,91E-2;-541,2;20,00;3,0;3,0;51,42;3,76;0,495;2,3;4,86;0,484
1128;27.06.2023;15:45:02;00:18:47;250,3;609,3;33,4;32,4;24,1;593,2;27,1;0,1;6,90E-2;-541,2;20,00;3,0;2,9;51,43;3,77;0,501;2,3;4,85;0,484
1129;27.06.2023;15:45:03;00:18:48;250,3;610,6;33,4;32,5;24,2;594,1;27,1;0,1;6,90E-2;-541,2;20,00;3,0;3,0;51,43;3,78;0,503;2,4;4,83;0,484
1130;27.06.2023;15:45:04;00:18:49;250,2;610,6;33,5;32,5;24,2;595,8;27,2;0,1;6,89E-2;-541,2;20,00;3,0;3,0;51,44;3,79;0,501;2,4;4,88;0,484
1131;27.06.2023;15:45:05;00:18:50;250,2;610,6;33,5;32,5;24,2;596,6;27,3;0,1;6,89E-2;-541,2;20,00;3,0;3,0;51,45;3,80;0,504;2,4;4,84;0,487
1132;27.06.2023;15:45:06;00:18:51;250,1;611,9;33,5;32,6;24,2;598,3;27,3;0,1;6,88E-2;-541,2;20,00;3,0;3,0;51,46;3,81;0,515;2,4;4,90;0,488
1133;27.06.2023;15:45:07;00:18:52;250,3;611,9;33,6;32,6;24,2;600,0;27,5;0,1;6,87E-2;-541,2;20,00;3,0;3,0;51,47;3,81;0,528;2,4;4,88;0,488
1134;27.06.2023;15:45:08;00:18:53;250,2;613,3;33,6;32,6;24,2;601,0;27,4;0,1;6,87E-2;-541,2;20,00;3,0;3,0;51,48;3,82;0,525;2,4;4,86;0,488
1135;27.06.2023;15:45:09;00:18:54;250,0;614,7;33,7;32,7;24,2;602,7;27,5;0,1;6,86E-2;-541,2;20,00;3,0;3,0;51,49;3,83;0,535;2,4;4,86;0,489
1136;27.06.2023;15:45:10;00:18:55;250,1;614,7;33,7;32,7;24,2;604,4;27,6;0,1;6,85E-2;-541,1;20,00;3,0;3,0;51,50;3,84;0,546;2,4;4,88;0,488
1137;27.06.2023;15:45:11;00:18:56;250,2;614,7;33,7;32,7;24,2;605,3;27,6;0,1;6,85E-2;-541,2;20,00;3,0;3,0;51,51;3,85;0,546;2,4;4,91;0,493
1138;27.06.2023;15:45:12;00:18:57;250,0;616,2;33,7;32,8;24,3;607,0;27,7;0,1;6,85E-2;-541,2;20,00;3,0;3,1;51,52;3,86;0,561;2,4;4,86;0,491
1139;27.06.2023;15:45:13;00:18:58;250,1;617,6;33,8;32,8;24,3;608,8;27,7;0,1;6,84E-2;-541,2;20,00;3,0;3,0;51,53;3,87;0,571;2,4;4,91;0,493
1140;27.06.2023;15:45:14;00:18:59;250,0;617,6;33,8;32,8;24,3;609,7;27,8;0,1;6,84E-2;-541,2;20,00;3,0;3,0;51,54;3,88;0,571;2,4;4,91;0,493
1141;27.06.2023;15:45:15;00:19:00;250,0;617,6;33,8;32,9;24,3;611,4;27,9;0,1;6,83E-2;-541,2;20,00;3,0;3,0;51,55;3,89;0,574;2,4;4,89;0,493
1142;27.06.2023;15:45:16;00:19:01;250,0;619,0;33,8;32,9;24,3;612,2;27,9;0,1;6,82E-2;-541,2;20,00;3,0;3,0;51,55;3,90;0,568;2,4;4,93;0,493
1143;27.06.2023;15:45:17;00:19:02;250,0;619,0;33,9;33,0;24,3;613,9;28,0;0,1;6,82E-2;-541,2;20,00;3,0;3,0;51,56;3,91;0,571;2,4;4,91;0,495
1144;27.06.2023;15:45:18;00:19:03;250,1;620,4;33,9;33,0;24,3;615,6;28,0;0,1;6,81E-2;-541,2;20,00;3,0;3,1;51,57;3,92;0,570;2,4;4,93;0,498
1145;27.06.2023;15:45:19;00:19:04;250,0;621,8;34,0;33,0;24,3;616,5;28,0;0,1;6,81E-2;-541,2;20,00;3,0;3,0;51,58;3,92;0,577;2,5;4,91;0,498
1146;27.06.2023;15:45:20;00:19:05;250,0;621,8;34,0;33,0;24,4;618,3;28,1;0,1;6,80E-2;-541,2;20,00;3,0;3,0;51,59;3,94;0,583;2,4;4,93;0,498
1147;27.06.2023;15:45:21;00:19:06;250,0;623,3;34,0;33,1;24,4;620,0;28,2;0,1;6,80E-2;-541,2;20,00;3,0;3,0;51,61;3,95;0,585;2,5;4,94;0,498
1148;27.06.2023;15:45:22;00:19:07;250,0;623,3;34,0;33,1;24,4;620,9;28,2;0,1;6,79E-2;-541,2;20,00;3,0;2,9;51,61;3,96;0,586;2,5;4,95;0,498
1149;27.06.2023;15:45:23;00:19:08;250,0;624,7;34,1;33,1;24,4;622,6;28,2;0,1;6,78E-2;-541,2;20,00;3,0;3,0;51,62;3,97;0,588;2,5;4,93;0,498
1150;27.06.2023;15:45:24;00:19:09;250,1;624,7;34,1;33,2;24,4;624,3;28,4;0,1;6,77E-2;-541,2;20,00;3,0;3,0;51,64;3,98;0,588;2,5;4,95;0,498
1151;27.06.2023;15:45:25;00:19:10;250,0;624,7;34,2;33,2;24,4;625,1;28,5;0,1;6,77E-2;-541,2;20,00;3,0;3,0;51,64;3,99;0,595;2,5;4,94;0,501
1152;27.06.2023;15:45:26;00:19:11;250,1;626,3;34,2;33,2;24,4;627,0;28,5;0,1;6,76E-2;-541,2;20,00;3,0;3,0;51,66;4,00;0,600;2,5;4,91;0,503
1153;27.06.2023;15:45:27;00:19:12;250,0;626,3;34,2;33,3;24,4;628,7;28,6;0,1;6,76E-2;-541,2;20,00;3,0;3,0;51,67;4,01;0,606;2,5;4,93;0,503
1154;27.06.2023;15:45:28;00:19:13;250,0;627,9;34,2;33,3;24,4;629,5;28,6;0,1;6,75E-2;-541,2;20,00;3,0;3,0;51,68;4,02;0,611;2,5;4,99;0,503
1155;27.06.2023;15:45:29;00:19:14;250,0;629,5;34,3;33,4;24,4;631,2;28,7;0,1;6,75E-2;-541,2;20,00;3,0;3,0;51,68;4,03;0,605;2,5;4,98;0,506
1156;27.06.2023;15:45:30;00:19:15;250,1;629,5;34,3;33,4;24,4;632,1;28,7;0,1;6,75E-2;-541,2;20,00;3,0;3,0;51,69;4,04;0,609;2,5;4,96;0,503
1157;27.06.2023;15:45:31;00:19:16;250,1;629,5;34,4;33,4;24,4;633,8;28,8;0,1;6,74E-2;-541,2;20,00;3,0;3,0;51,70;4,05;0,604;2,5;4,94;0,508
1158;27.06.2023;15:45:32;00:19:17;250,1;631,1;34,4;33,4;24,5;635,6;28,8;0,1;6,73E-2;-541,2;20,00;3,0;3,0;51,72;4,07;0,619;2,5;4,95;0,507
1159;27.06.2023;15:45:33;00:19:18;250,3;631,1;34,4;33,4;24,5;636,4;28,9;0,1;6,73E-2;-541,2;20,00;3,0;3,1;51,73;4,07;0,626;2,5;4,98;0,508
1160;27.06.2023;15:45:34;00:19:19;250,1;632,6;34,4;33,5;24,5;638,1;28,9;0,1;6,72E-2;-541,2;20,00;3,0;3,0;51,74;4,09;0,627;2,5;4,92;0,508
1161;27.06.2023;15:45:35;00:19:20;250,1;632,6;34,5;33,6;24,5;639,8;29,1;0,1;6,71E-2;-541,2;20,00;3,0;3,0;51,75;4,10;0,631;2,5;5,00;0,510
1162;27.06.2023;15:45:36;00:19:21;250,0;634,1;34,5;33,6;24,5;640,7;29,0;0,1;6,71E-2;-541,2;20,00;3,0;3,0;51,75;4,10;0,633;2,5;4,95;0,510
1163;27.06.2023;15:45:37;00:19:22;250,1;635,7;34,6;33,6;24,5;642,4;29,2;0,1;6,71E-2;-541,2;20,00;3,0;3,0;51,77;4,11;0,627;2,6;4,96;0,512
1164;27.06.2023;15:45:38;00:19:23;250,1;635,7;34,6;33,6;24,5;644,2;29,2;0,1;6,70E-2;-541,2;20,00;3,0;3,0;51,79;4,13;0,617;2,5;4,97;0,510
1165;27.06.2023;15:45:39;00:19:24;250,3;637,2;34,6;33,7;24,5;645,1;29,2;0,1;6,70E-2;-541,2;20,00;3,0;3,0;51,79;4,14;0,627;2,6;4,97;0,512
1166;27.06.2023;15:45:40;00:19:25;250,2;637,2;34,7;33,7;24,5;646,8;29,3;0,1;6,70E-2;-541,2;20,00;3,0;3,0;51,80;4,15;0,628;2,5;5,01;0,513
1167;27.06.2023;15:45:41;00:19:26;250,2;638,8;34,7;33,8;24,5;648,5;29,4;0,1;6,69E-2;-541,2;20,00;3,0;2,9;51,82;4,16;0,635;2,6;5,02;0,514
1168;27.06.2023;15:45:42;00:19:27;250,0;638,8;34,7;33,8;24,5;649,3;29,4;0,1;6,69E-2;-541,2;20,00;3,0;3,0;51,82;4,17;0,635;2,6;4,98;0,514
1169;27.06.2023;15:45:43;00:19:28;250,1;640,4;34,8;33,8;24,5;651,0;29,5;0,1;6,68E-2;-541,2;20,00;3,0;3,0;51,84;4,18;0,627;2,6;5,00;0,516
1170;27.06.2023;15:45:44;00:19:29;250,1;640,4;34,8;33,8;24,5;652,0;29,5;0,1;6,68E-2;-541,2;20,00;3,0;3,0;51,84;4,19;0,637;2,6;5,00;0,517
1171;27.06.2023;15:45:45;00:19:30;250,0;642,2;34,9;34,0;24,6;653,7;29,7;0,1;6,67E-2;-541,2;20,00;3,0;3,0;51,86;4,20;0,639;2,6;5,00;0,518
1172;27.06.2023;15:45:46;00:19:31;250,1;642,2;34,9;34,0;24,6;655,4;29,7;0,1;6,66E-2;-541,2;20,00;3,0;3,0;51,87;4,21;0,639;2,6;5,02;0,518
1173;27.06.2023;15:45:47;00:19:32;250,0;642,2;34,9;34,0;24,6;656,3;29,8;0,1;6,66E-2;-541,2;20,00;3,0;3,0;51,87;4,22;0,642;2,6;5,02;0,518
1174;27.06.2023;15:45:48;00:19:33;250,0;643,9;34,9;34,0;24,6;658,0;29,8;0,1;6,66E-2;-541,2;20,00;3,0;3,0;51,89;4,23;0,632;2,6;5,03;0,521
1175;27.06.2023;15:45:49;00:19:34;250,2;645,7;35,0;34,1;24,7;659,7;29,8;0,1;6,65E-2;-541,2;20,00;3,0;3,0;51,90;4,24;0,630;2,6;5,05;0,520
1176;27.06.2023;15:45:50;00:19:35;250,0;645,7;35,0;34,1;24,7;660,7;29,9;0,1;6,65E-2;-541,2;20,00;3,0;3,0;51,91;4,25;0,627;2,6;5,00;0,523
1177;27.06.2023;15:45:51;00:19:36;250,1;645,7;35,1;34,2;24,7;662,4;30,1;0,1;6,65E-2;-541,2;20,00;3,0;3,0;51,92;4,26;0,622;2,6;5,05;0,523
1178;27.06.2023;15:45:52;00:19:37;250,2;647,4;35,1;34,2;24,7;664,1;30,1;0,1;6,64E-2;-541,1;20,00;3,0;3,1;51,93;4,28;0,620;2,6;5,05;0,523
1179;27.06.2023;15:45:53;00:19:38;250,2;647,4;35,2;34,2;24,7;664,9;30,2;0,1;6,64E-2;-541,2;20,00;3,0;3,0;51,93;4,28;0,617;2,6;5,06;0,523
1180;27.06.2023;15:45:54;00:19:39;250,1;649,1;35,2;34,2;24,7;666,6;30,2;0,1;6,63E-2;-541,2;20,00;3,0;3,0;51,95;4,29;0,608;2,6;5,05;0,523
1181;27.06.2023;15:45:55;00:19:40;250,1;650,8;35,3;34,3;24,7;667,5;30,2;0,1;6,63E-2;-541,2;20,00;3,0;3,0;51,95;4,30;0,606;2,6;5,06;0,524
1182;27.06.2023;15:45:56;00:19:41;250,0;650,8;35,3;34,3;24,7;669,3;30,3;0,1;6,62E-2;-541,2;20,00;3,0;2,9;51,96;4,31;0,608;2,6;5,04;0,525
1183;27.06.2023;15:45:57;00:19:42;250,1;652,6;35,3;34,4;24,8;671,0;30,3;0,1;6,61E-2;-541,2;20,00;3,0;3,0;51,98;4,32;0,607;2,7;5,06;0,528
1184;27.06.2023;15:45:58;00:19:43;250,0;652,6;35,3;34,4;24,8;671,9;30,4;0,1;6,61E-2;-541,2;20,00;3,0;3,0;51,98;4,33;0,603;2,7;5,04;0,527
1185;27.06.2023;15:45:59;00:19:44;250,1;652,6;35,4;34,5;24,8;673,6;30,6;0,1;6,61E-2;-541,2;20,00;3,0;3,0;52,00;4,34;0,595;2,7;5,06;0,529
1186;27.06.2023;15:46:00;00:19:45;250,1;654,4;35,4;34,5;24,8;675,3;30,6;0,1;6,60E-2;-541,2;20,00;3,0;3,0;52,01;4,35;0,583;2,7;5,07;0,532
1187;27.06.2023;15:46:01;00:19:46;250,2;654,4;35,5;34,5;24,8;676,1;30,6;0,1;6,60E-2;-541,2;20,00;3,0;2,9;52,01;4,36;0,572;2,7;5,12;0,531
1188;27.06.2023;15:46:02;00:19:47;250,1;656,2;35,5;34,6;24,8;678,0;30,7;0,1;6,60E-2;-541,2;20,00;3,0;2,9;52,03;4,37;0,565;2,7;5,07;0,529
1189;27.06.2023;15:46:03;00:19:48;250,0;656,2;35,5;34,6;24,8;679,7;30,8;0,1;6,59E-2;-541,2;20,00;3,0;3,0;52,04;4,38;0,569;2,7;5,10;0,532
1190;27.06.2023;15:46:04;00:19:49;250,1;658,0;35,5;34,6;24,8;680,5;30,8;0,1;6,59E-2;-541,2;20,00;3,0;3,0;52,04;4,39;0,560;2,7;5,11;0,532
1191;27.06.2023;15:46:05;00:19:50;250,0;658,0;35,5;34,6;24,7;682,2;30,9;0,1;6,59E-2;-541,2;20,00;3,0;3,0;52,05;4,39;0,538;2,7;5,11;0,537
1192;27.06.2023;15:46:06;00:19:51;250,0;659,9;35,5;34,6;24,8;683,9;30,9;0,1;6,59E-2;-541,2;20,00;3,0;3,0;52,06;4,40;0,528;2,7;5,10;0,537
1193;27.06.2023;15:46:07;00:19:52;250,0;659,9;35,5;34,6;24,8;684,8;31,0;0,1;6,58E-2;-541,2;20,00;3,0;3,0;52,07;4,41;0,519;2,7;5,10;0,537
1194;27.06.2023;15:46:08;00:19:53;250,1;661,8;35,6;34,7;24,8;686,6;31,0;0,1;6,57E-2;-541,2;20,00;3,0;2,9;52,08;4,42;0,506;2,7;5,10;0,537
1195;27.06.2023;15:46:09;00:19:54;250,0;661,8;35,7;34,7;24,8;687,5;31,1;0,1;6,57E-2;-541,2;20,00;3,0;3,0;52,08;4,42;0,502;2,7;5,10;0,537
1196;27.06.2023;15:46:10;00:19:55;250,1;663,7;35,7;34,8;24,8;689,2;31,1;0,1;6,57E-2;-541,2;20,00;3,0;3,0;52,09;4,43;0,483;2,7;5,08;0,537
1197;27.06.2023;15:46:11;00:19:56;250,1;663,7;35,8;34,8;24,8;690,9;31,3;0,1;6,56E-2;-541,2;20,00;3,0;3,0;52,10;4,44;0,470;2,8;5,15;0,541
1198;27.06.2023;15:46:12;00:19:57;250,1;665,7;35,8;34,9;24,8;691,7;31,2;0,1;6,56E-2;-541,2;20,00;3,0;3,0;52,10;4,45;0,466;2,8;5,15;0,542
1199;27.06.2023;15:46:13;00:19:58;250,1;667,5;35,9;35,0;24,8;693,4;31,4;0,1;6,56E-2;-541,2;20,00;3,0;3,0;52,11;4,45;0,442;2,8;5,11;0,542
1200;27.06.2023;15:46:14;00:19:59;250,1;667,5;35,9;35,0;24,8;695,2;31,4;0,1;6,56E-2;-541,2;20,00;3,0;3,0;52,12;4,46;0,422;2,8;5,14;0,540
1201;27.06.2023;15:46:15;00:20:00;250,0;667,5;35,9;35,0;24,8;696,1;31,5;0,1;6,56E-2;-541,2;20,00;3,0;3,1;52,12;4,47;0,419;2,8;5,11;0,542
1202;27.06.2023;15:46:16;00:20:01;250,2;669,4;35,9;35,0;24,9;697,8;31,5;0,1;6,55E-2;-541,2;20,00;3,0;3,0;52,13;4,47;0,402;2,8;5,12;0,542
1203;27.06.2023;15:46:17;00:20:02;250,2;671,3;36,0;35,1;24,9;699,5;31,6;0,1;6,55E-2;-541,2;20,00;3,0;3,0;52,13;4,48;0,381;2,8;5,12;0,545
1204;27.06.2023;15:46:18;00:20:03;250,0;671,3;36,0;35,1;24,9;700,3;31,6;0,1;6,55E-2;-541,2;20,00;3,0;3,0;52,14;4,48;0,370;2,8;5,13;0,542
1205;27.06.2023;15:46:19;00:20:04;250,2;671,3;36,1;35,2;24,9;702,0;31,8;0,1;6,55E-2;-541,2;20,00;3,0;3,0;52,14;4,49;0,362;2,8;5,13;0,545
1206;27.06.2023;15:46:20;00:20:05;250,1;673,1;36,1;35,2;24,9;702,9;31,8;0,1;6,54E-2;-541,2;20,00;3,0;3,0;52,15;4,49;0,350;2,8;5,12;0,547
1207;27.06.2023;15:46:21;00:20:06;250,3;673,1;36,2;35,3;24,9;704,7;31,9;0,1;6,54E-2;-541,2;20,00;3,0;3,0;52,15;4,50;0,329;2,8;5,14;0,547
1208;27.06.2023;15:46:22;00:20:07;250,2;675,0;36,2;35,3;24,9;706,4;31,9;0,1;6,53E-2;-541,2;20,00;3,0;3,0;52,16;4,50;0,311;2,8;5,15;0,547
1209;27.06.2023;15:46:23;00:20:08;250,3;676,9;36,2;35,3;24,9;707,3;31,9;0,1;6,53E-2;-541,2;20,00;3,0;3,0;52,16;4,50;0,291;2,8;5,13;0,547
1210;27.06.2023;15:46:24;00:20:09;250,1;676,9;36,2;35,3;24,9;709,0;32,0;0,1;6,52E-2;-541,2;20,00;3,0;3,0;52,16;4,51;0,275;2,8;5,18;0,548
1211;27.06.2023;15:46:25;00:20:10;250,2;678,8;36,2;35,3;24,8;710,7;32,1;0,1;6,52E-2;-541,2;20,00;3,0;3,1;52,17;4,51;0,253;2,8;5,13;0,550
1212;27.06.2023;15:46:26;00:20:11;250,2;678,8;36,2;35,3;24,8;711,5;32,1;0,1;6,52E-2;-541,2;20,00;3,0;3,0;52,17;4,51;0,245;2,8;5,18;0,548
1213;27.06.2023;15:46:27;00:20:12;250,1;678,8;36,3;35,3;24,9;713,4;32,3;0,1;6,51E-2;-541,2;20,00;3,0;3,0;52,17;4,51;0,228;2,8;5,16;0,552
1214;27.06.2023;15:46:28;00:20:13;250,3;680,8;36,3;35,4;24,9;715,1;32,3;0,1;6,51E-2;-541,2;20,00;3,0;3,0;52,17;4,52;0,210;2,9;5,20;0,550
1215;27.06.2023;15:46:29;00:20:14;250,3;680,8;36,4;35,4;24,9;715,9;32,4;0,1;6,51E-2;-541,2;20,00;3,0;3,0;52,18;4,52;0,200;2,9;5,21;0,552
1216;27.06.2023;15:46:30;00:20:15;250,0;682,8;36,4;35,5;24,9;717,6;32,4;0,1;6,51E-2;-541,2;20,00;3,0;3,0;52,18;4,53;0,186;2,9;5,16;0,552
1217;27.06.2023;15:46:31;00:20:16;250,1;682,8;36,5;35,5;24,9;719,3;32,6;0,1;6,51E-2;-541,2;20,00;3,0;3,1;52,18;4,53;0,173;2,9;5,22;0,555
1218;27.06.2023;15:46:32;00:20:17;250,2;684,9;36,5;35,6;24,9;720,2;32,5;0,1;6,51E-2;-541,2;20,00;3,0;3,0;52,18;4,53;0,164;2,9;5,17;0,557
1219;27.06.2023;15:46:33;00:20:18;250,0;686,8;36,5;35,7;24,9;722,0;32,6;0,1;6,50E-2;-541,2;20,00;3,0;3,0;52,18;4,53;0,152;2,9;5,18;0,557
1220;27.06.2023;15:46:34;00:20:19;250,3;686,8;36,5;35,7;24,9;722,9;32,6;0,1;6,50E-2;-541,2;20,00;3,0;3,0;52,19;4,53;0,143;2,9;5,20;0,557
1221;27.06.2023;15:46:35;00:20:20;250,2;686,8;36,6;35,8;24,9;724,6;32,8;0,1;6,50E-2;-541,2;20,00;3,0;3,0;52,19;4,54;0,134;2,9;5,19;0,557
1222;27.06.2023;15:46:36;00:20:21;250,0;688,7;36,6;35,8;24,9;725,0;32,7;0,1;6,50E-2;-541,2;20,00;3,0;3,0;52,19;4,54;0,139;2,9;5,18;0,557
1223;27.06.2023;15:46:37;00:20:22;250,1;688,7;36,6;35,8;24,9;725,0;32,8;0,1;6,49E-2;-541,2;20,00;3,0;3,0;52,19;4,54;0,133;2,9;5,20;0,558
1224;27.06.2023;15:46:38;00:20:23;250,1;690,7;36,7;35,8;24,9;725,0;32,6;0,1;6,49E-2;-541,2;20,00;3,0;3,0;52,20;4,54;0,140;2,9;5,22;0,557
1225;27.06.2023;15:46:39;00:20:24;250,0;692,6;36,8;35,9;24,9;725,0;32,5;0,1;6,49E-2;-541,2;20,00;3,1;3,0;52,20;4,55;0,146;2,9;5,19;0,557
1226;27.06.2023;15:46:40;00:20:25;250,1;692,6;36,8;35,9;25,0;725,0;32,5;0,1;6,49E-2;-541,2;20,00;3,1;3,1;52,20;4,55;0,151;2,9;5,19;0,557
1227;27.06.2023;15:46:41;00:20:26;250,1;694,6;36,9;36,0;25,0;725,0;32,5;0,1;6,49E-2;-541,2;20,00;3,1;3,0;52,21;4,55;0,177;2,9;5,21;0,557
1228;27.06.2023;15:46:42;00:20:27;250,0;694,6;36,9;36,0;25,0;725,0;32,4;0,1;6,48E-2;-541,2;20,00;3,1;3,1;52,21;4,56;0,190;2,9;5,15;0,557
1229;27.06.2023;15:46:43;00:20:28;250,1;694,6;36,9;36,1;25,0;725,0;32,4;0,1;6,48E-2;-541,2;20,00;3,1;3,1;52,22;4,56;0,200;2,9;5,14;0,557
1230;27.06.2023;15:46:44;00:20:29;250,0;696,6;36,9;36,1;25,0;725,0;32,2;0,1;6,48E-2;-541,2;20,00;3,1;3,1;52,22;4,57;0,208;2,9;5,11;0,556
1231;27.06.2023;15:46:45;00:20:30;250,0;696,7;37,1;36,2;25,0;725,0;32,2;0,1;6,47E-2;-541,2;20,00;3,2;3,1;52,22;4,57;0,213;2,9;5,20;0,555
1232;27.06.2023;15:46:46;00:20:31;250,2;698,8;37,1;36,2;25,0;725,0;32,2;0,1;6,47E-2;-541,2;20,00;3,2;3,2;52,23;4,57;0,221;2,9;5,19;0,556
1233;27.06.2023;15:46:47;00:20:32;250,1;698,8;37,1;36,2;25,0;725,0;32,1;0,1;6,47E-2;-541,2;20,00;3,2;3,1;52,23;4,58;0,226;2,8;5,15;0,552
1234;27.06.2023;15:46:48;00:20:33;250,0;700,9;37,2;36,3;25,0;725,0;31,9;0,1;6,46E-2;-541,2;20,00;3,2;3,2;52,23;4,58;0,230;2,9;5,16;0,552
1235;27.06.2023;15:46:49;00:20:34;250,0;700,9;37,2;36,4;25,0;725,0;31,9;0,1;6,46E-2;-541,2;20,00;3,2;3,2;52,24;4,59;0,233;2,9;5,17;0,552
1236;27.06.2023;15:46:50;00:20:35;250,0;702,9;37,2;36,4;25,0;725,0;31,8;0,1;6,46E-2;-541,2;20,00;3,2;3,2;52,25;4,59;0,242;2,8;5,17;0,553
1237;27.06.2023;15:46:51;00:20:36;250,0;702,9;37,2;36,4;25,0;725,0;31,8;0,1;6,46E-2;-541,2;20,00;3,2;3,2;52,25;4,59;0,247;2,8;5,16;0,552
1238;27.06.2023;15:46:52;00:20:37;250,2;704,8;37,3;36,5;25,1;725,0;31,6;0,1;6,46E-2;-541,2;20,00;3,3;3,3;52,25;4,60;0,255;2,8;5,13;0,550
1239;27.06.2023;15:46:53;00:20:38;250,0;706,5;37,4;36,6;25,1;725,0;31,6;0,1;6,45E-2;-541,2;20,00;3,3;3,3;52,26;4,61;0,262;2,8;5,15;0,549
1240;27.06.2023;15:46:54;00:20:39;250,1;706,5;37,4;36,6;25,1;725,0;31,5;0,1;6,45E-2;-541,2;20,00;3,3;3,3;52,26;4,61;0,265;2,8;5,13;0,547
1241;27.06.2023;15:46:55;00:20:40;250,0;706,5;37,5;36,6;25,1;725,0;31,5;0,1;6,45E-2;-541,2;20,00;3,3;3,3;52,27;4,61;0,276;2,8;5,11;0,547
1242;27.06.2023;15:46:56;00:20:41;250,1;708,1;37,5;36,7;25,2;725,0;31,4;0,1;6,45E-2;-541,2;20,00;3,3;3,3;52,27;4,62;0,278;2,8;5,10;0,547
1243;27.06.2023;15:46:57;00:20:42;250,1;708,1;37,6;36,8;25,2;725,0;31,4;0,1;6,44E-2;-541,2;20,00;3,3;3,3;52,28;4,62;0,286;2,8;5,12;0,547
1244;27.06.2023;15:46:58;00:20:43;250,1;709,6;37,6;36,8;25,2;725,0;31,3;0,1;6,44E-2;-541,2;20,00;3,3;3,4;52,29;4,63;0,292;2,8;5,12;0,547
1245;27.06.2023;15:46:59;00:20:44;250,2;709,6;37,6;36,8;25,2;725,0;31,3;0,1;6,44E-2;-541,2;20,00;3,4;3,3;52,29;4,63;0,293;2,8;5,10;0,548
1246;27.06.2023;15:47:00;00:20:45;250,0;711,0;37,6;36,9;25,2;725,0;31,2;0,1;6,43E-2;-541,2;20,00;3,4;3,3;52,30;4,64;0,301;2,8;5,10;0,547
1247;27.06.2023;15:47:01;00:20:46;250,2;712,4;37,7;37,0;25,2;725,0;31,1;0,1;6,42E-2;-541,2;20,00;3,4;3,4;52,30;4,65;0,304;2,8;5,08;0,547
1248;27.06.2023;15:47:02;00:20:47;250,0;712,4;37,7;37,0;25,2;725,0;31,1;0,1;6,42E-2;-541,2;20,00;3,4;3,3;52,30;4,65;0,307;2,8;5,11;0,543
1249;27.06.2023;15:47:03;00:20:48;250,1;712,4;37,7;37,0;25,2;725,0;31,1;0,1;6,41E-2;-541,2;20,00;3,4;3,4;52,31;4,65;0,301;2,8;5,10;0,546
1250;27.06.2023;15:47:04;00:20:49;250,1;713,6;37,7;37,1;25,2;725,0;31,0;0,1;6,41E-2;-541,2;20,00;3,4;3,4;52,32;4,66;0,309;2,8;5,09;0,544
1251;27.06.2023;15:47:05;00:20:50;250,2;713,6;37,8;37,1;25,3;725,0;31,0;0,1;6,41E-2;-541,2;20,00;3,4;3,4;52,32;4,67;0,311;2,8;5,10;0,546
1252;27.06.2023;15:47:06;00:20:51;250,0;714,9;37,8;37,2;25,3;725,0;30,9;0,1;6,40E-2;-541,2;20,00;3,5;3,4;52,33;4,67;0,309;2,8;5,10;0,546
1253;27.06.2023;15:47:07;00:20:52;250,2;714,9;37,9;37,2;25,3;725,0;30,9;0,1;6,40E-2;-541,2;20,00;3,5;3,5;52,33;4,67;0,309;2,8;5,09;0,543
1254;27.06.2023;15:47:08;00:20:53;250,1;716,0;37,9;37,2;25,3;725,0;30,8;0,1;6,40E-2;-541,2;20,00;3,5;3,4;52,34;4,68;0,305;2,8;5,11;0,543
1255;27.06.2023;15:47:09;00:20:54;250,1;716,0;37,9;37,3;25,3;725,0;30,8;0,1;6,39E-2;-541,2;20,00;3,5;3,5;52,34;4,69;0,317;2,7;5,06;0,542
1256;27.06.2023;15:47:10;00:20:55;250,1;717,1;37,9;37,3;25,3;725,0;30,7;0,1;6,39E-2;-541,2;20,00;3,5;3,5;52,35;4,69;0,324;2,8;5,05;0,542
1257;27.06.2023;15:47:11;00:20:56;250,3;717,1;37,9;37,3;25,3;725,0;30,7;0,1;6,38E-2;-541,2;20,00;3,5;3,5;52,35;4,70;0,321;2,8;5,07;0,541
1258;27.06.2023;15:47:12;00:20:57;250,3;718,1;38,0;37,4;25,3;725,0;30,7;0,1;6,37E-2;-541,2;20,00;3,6;3,5;52,36;4,70;0,338;2,8;5,09;0,545
1259;27.06.2023;15:47:13;00:20:58;250,0;718,1;38,0;37,4;25,3;725,0;30,7;0,1;6,37E-2;-541,2;20,00;3,6;3,6;52,37;4,71;0,343;2,7;5,05;0,542
1260;27.06.2023;15:47:14;00:20:59;250,1;719,0;38,0;37,5;25,4;725,0;30,6;0,1;6,37E-2;-541,2;20,00;3,6;3,6;52,37;4,72;0,358;2,7;5,06;0,540
1261;27.06.2023;15:47:15;00:21:00;250,0;719,0;38,0;37,5;25,4;725,0;30,6;0,1;6,36E-2;-541,2;20,00;3,6;3,5;52,38;4,72;0,354;2,7;5,07;0,539
1262;27.06.2023;15:47:16;00:21:01;250,1;719,8;38,0;37,6;25,3;725,0;30,5;0,1;6,36E-2;-541,2;20,00;3,6;3,6;52,38;4,73;0,358;2,7;5,04;0,539
1263;27.06.2023;15:47:17;00:21:02;250,0;719,8;38,1;37,6;25,3;725,0;30,5;0,1;6,36E-2;-541,2;20,00;3,6;3,6;52,39;4,74;0,356;2,7;5,06;0,538
1264;27.06.2023;15:47:18;00:21:03;250,0;720,5;38,1;37,6;25,3;725,0;30,5;0,1;6,35E-2;-541,2;20,00;3,6;3,6;52,40;4,74;0,364;2,7;5,04;0,538
1265;27.06.2023;15:47:19;00:21:04;250,1;720,5;38,1;37,7;25,3;725,0;30,5;0,1;6,35E-2;-541,2;20,00;3,7;3,7;52,40;4,75;0,368;2,7;5,07;0,538
1266;27.06.2023;15:47:20;00:21:05;250,1;721,2;38,1;37,7;25,4;725,0;30,4;0,1;6,34E-2;-541,2;20,00;3,7;3,6;52,41;4,76;0,367;2,7;5,05;0,542
1267;27.06.2023;15:47:21;00:21:06;250,1;721,8;38,2;37,8;25,4;725,0;30,4;0,1;6,33E-2;-541,2;20,00;3,7;3,6;52,42;4,76;0,362;2,7;5,04;0,540
1268;27.06.2023;15:47:22;00:21:07;250,1;721,8;38,2;37,8;25,4;725,0;30,4;0,1;6,32E-2;-541,2;20,00;3,7;3,7;52,42;4,76;0,365;2,7;5,02;0,539
1269;27.06.2023;15:47:23;00:21:08;250,0;722,4;38,2;37,9;25,4;725,0;30,3;0,1;6,32E-2;-541,2;20,00;3,7;3,7;52,43;4,77;0,359;2,7;5,02;0,538
1270;27.06.2023;15:47:24;00:21:09;250,1;722,5;38,2;38,0;25,4;725,0;30,3;0,1;6,31E-2;-541,2;20,00;3,7;3,7;52,44;4,78;0,371;2,7;5,03;0,537
1271;27.06.2023;15:47:25;00:21:10;250,0;722,5;38,3;38,0;25,5;725,0;30,3;0,1;6,31E-2;-541,2;20,00;3,7;3,7;52,44;4,79;0,371;2,7;5,04;0,539
1272;27.06.2023;15:47:26;00:21:11;250,2;723,0;38,3;38,0;25,5;725,0;30,3;0,1;6,30E-2;-541,2;20,00;3,8;3,7;52,45;4,79;0,382;2,7;5,04;0,537
1273;27.06.2023;15:47:27;00:21:12;250,0;723,0;38,3;38,0;25,5;725,0;30,3;0,1;6,30E-2;-541,2;20,00;3,8;3,7;52,45;4,80;0,381;2,7;5,02;0,538
1274;27.06.2023;15:47:28;00:21:13;250,0;723,5;38,3;38,1;25,5;725,0;30,2;0,1;6,29E-2;-541,2;20,00;3,8;3,8;52,46;4,81;0,388;2,7;5,06;0,537
1275;27.06.2023;15:47:29;00:21:14;250,3;723,5;38,3;38,1;25,5;725,0;30,2;0,1;6,28E-2;-541,2;20,00;3,8;3,8;52,47;4,81;0,390;2,7;5,00;0,537
1276;27.06.2023;15:47:30;00:21:15;250,0;723,5;38,3;38,2;25,5;725,0;30,2;0,1;6,28E-2;-541,2;20,00;3,8;3,7;52,47;4,82;0,386;2,7;5,05;0,537
1277;27.06.2023;15:47:31;00:21:16;250,1;724,0;38,3;38,2;25,5;725,0;30,2;0,1;6,27E-2;-541,2;20,00;3,8;3,8;52,48;4,82;0,404;2,7;5,07;0,537
1278;27.06.2023;15:47:32;00:21:17;250,0;724,4;38,4;38,3;25,5;725,0;30,2;0,1;6,26E-2;-541,2;20,00;3,9;3,9;52,49;4,83;0,412;2,7;5,04;0,537
1279;27.06.2023;15:47:33;00:21:18;250,0;724,4;38,4;38,3;25,5;725,0;30,2;0,1;6,26E-2;-541,2;20,00;3,9;3,8;52,49;4,83;0,411;2,7;5,06;0,537
1280;27.06.2023;15:47:34;00:21:19;250,1;724,8;38,4;38,3;25,5;725,0;30,1;0,1;6,25E-2;-541,2;20,00;3,9;3,9;52,50;4,84;0,410;2,7;5,01;0,537
1281;27.06.2023;15:47:35;00:21:20;250,0;724,8;38,4;38,3;25,5;724,8;51,2;0,1;6,25E-2;-541,2;20,00;3,9;3,9;52,51;4,86;0,408;2,7;5,04;0,537
1282;27.06.2023;15:47:36;00:21:21;250,0;725,1;38,4;38,4;25,5;723,4;72,1;0,1;6,24E-2;-541,2;20,00;3,9;3,9;52,51;4,85;0,390;0,0;0,04;0,053
1283;27.06.2023;15:47:37;00:21:22;250,0;725,2;38,5;38,5;25,5;720,5;72,6;0,1;6,22E-2;-541,2;20,00;3,9;3,9;52,53;4,88;0,424;0,0;0,01;0,049
1284;27.06.2023;15:47:38;00:21:23;250,0;725,2;38,5;38,5;25,5;719,1;72,7;0,1;6,22E-2;-541,2;20,00;3,9;3,9;52,55;4,89;0,521;0,0;0,01;0,049
1285;27.06.2023;15:47:39;00:21:24;250,0;725,2;38,5;38,5;25,5;716,3;72,8;0,1;6,21E-2;-541,2;20,00;3,9;3,9;52,57;4,92;0,733;0,0;0,01;0,049
1286;27.06.2023;15:47:40;00:21:25;250,0;724,8;38,5;38,6;25,3;713,3;73,0;0,1;6,19E-2;-541,2;20,00;3,9;3,9;52,59;4,94;0,882;0,0;0,01;0,049
1287;27.06.2023;15:47:41;00:21:26;250,0;724,8;38,5;38,6;25,3;711,8;73,1;0,1;6,18E-2;-541,2;20,00;3,9;3,9;52,60;4,95;0,913;0,0;0,01;0,049
1288;27.06.2023;15:47:42;00:21:27;250,0;723,3;38,4;38,6;25,1;709,0;73,3;0,1;6,17E-2;-541,2;20,00;3,9;3,9;52,62;4,96;0,922;0,0;0,01;0,049
1289;27.06.2023;15:47:43;00:21:28;250,0;723,3;38,4;38,7;25,1;706,2;73,4;0,1;6,15E-2;-541,2;20,00;3,9;3,9;52,63;4,97;0,867;0,0;0,01;0,049
1290;27.06.2023;15:47:44;00:21:29;250,0;720,2;38,4;38,7;24,9;704,8;73,5;0,1;6,14E-2;-541,2;20,00;3,9;3,9;52,63;4,98;0,826;0,0;0,01;0,049
1291;27.06.2023;15:47:45;00:21:30;250,0;720,1;38,2;38,6;24,8;702,0;73,6;0,1;6,12E-2;-541,2;20,00;3,9;3,8;52,64;4,99;0,732;0,0;0,01;0,049
1292;27.06.2023;15:47:46;00:21:31;250,0;714,6;38,2;38,6;24,7;698,9;73,8;0,1;6,11E-2;-541,2;20,00;3,9;3,9;52,65;5,00;0,646;0,0;0,01;0,049
1293;27.06.2023;15:47:47;00:21:32;250,0;714,6;38,2;38,6;24,7;697,5;73,9;0,1;6,10E-2;-541,2;20,00;3,9;3,9;52,66;5,00;0,608;0,0;0,01;0,049
1294;27.06.2023;15:47:48;00:21:33;250,0;707,5;38,0;38,7;24,6;694,7;74,0;0,1;6,07E-2;-541,2;20,00;3,9;3,9;52,66;5,01;0,547;0,0;0,01;0,049
1295;27.06.2023;15:47:49;00:21:34;250,0;707,5;37,8;38,7;24,6;691,9;74,2;0,1;6,06E-2;-541,2;20,00;3,9;3,9;52,67;5,02;0,487;0,0;0,01;0,049
1296;27.06.2023;15:47:50;00:21:35;250,0;699,2;37,8;38,7;24,6;690,5;74,2;0,1;6,05E-2;-541,2;20,00;3,9;3,8;52,67;5,02;0,461;0,0;0,01;0,049
1297;27.06.2023;15:47:51;00:21:36;250,0;699,2;37,8;38,7;24,5;687,6;74,4;0,1;6,03E-2;-541,2;20,00;3,9;3,9;52,68;5,03;0,417;0,0;0,00;0,049
1298;27.06.2023;15:47:52;00:21:37;250,0;690,3;37,5;38,7;24,5;686,0;74,5;0,1;6,02E-2;-541,2;20,00;3,9;3,9;52,68;5,03;0,394;0,0;0,01;0,049
1299;27.06.2023;15:47:53;00:21:38;250,0;690,3;37,3;38,8;24,5;683,2;74,6;0,1;6,01E-2;-541,2;20,00;3,9;3,9;52,69;5,04;0,365;0,0;0,01;0,049
1300;27.06.2023;15:47:54;00:21:39;250,0;681,5;37,3;38,8;24,5;680,4;74,7;0,1;5,99E-2;-541,2;20,00;3,9;3,9;52,70;5,04;0,346;0,0;0,01;0,049
1301;27.06.2023;15:47:55;00:21:40;250,0;681,5;37,3;38,8;24,5;678,9;74,8;0,1;5,98E-2;-541,2;20,00;3,9;3,9;52,70;5,05;0,339;0,0;0,01;0,049
1302;27.06.2023;15:47:56;00:21:41;250,0;672,6;37,0;38,8;24,4;676,1;74,9;0,1;5,97E-2;-541,2;20,00;3,9;3,9;52,70;5,05;0,314;0,0;0,01;0,049
1303;27.06.2023;15:47:57;00:21:42;250,0;663,6;36,8;38,8;24,4;673,3;75,1;0,1;5,96E-2;-541,2;20,00;3,9;3,9;52,71;5,06;0,300;0,0;0,00;0,049
1304;27.06.2023;15:47:58;00:21:43;250,0;663,6;36,8;38,8;24,4;671,7;75,1;0,1;5,95E-2;-541,2;20,00;3,9;3,9;52,71;5,06;0,290;0,0;0,01;0,049
1305;27.06.2023;15:47:59;00:21:44;250,0;663,6;36,5;38,8;24,4;668,8;75,3;0,1;5,93E-2;-541,2;20,00;3,9;3,9;52,72;5,06;0,276;0,0;0,01;0,049
1306;27.06.2023;15:48:00;00:21:45;250,0;654,6;36,5;38,8;24,4;666,0;75,4;0,1;5,91E-2;-541,2;20,00;3,9;3,9;52,72;5,07;0,260;0,0;0,01;0,049
1307;27.06.2023;15:48:01;00:21:46;250,0;654,6;36,2;38,8;24,4;664,6;75,4;0,1;5,91E-2;-541,2;20,00;3,9;3,9;52,72;5,07;0,252;0,0;0,01;0,049
1308;27.06.2023;15:48:02;00:21:47;250,0;645,7;36,2;38,7;24,4;661,8;75,6;0,1;5,90E-2;-541,2;20,00;3,9;3,9;52,73;5,07;0,243;0,0;0,01;0,049
1309;27.06.2023;15:48:03;00:21:48;250,0;645,7;35,9;38,7;24,4;659,0;75,7;0,1;5,88E-2;-541,2;20,00;3,9;3,8;52,73;5,08;0,235;0,0;0,00;0,049
1310;27.06.2023;15:48:04;00:21:49;250,0;637,0;35,9;38,7;24,4;657,3;75,7;0,1;5,87E-2;-541,2;20,00;3,9;3,9;52,73;5,08;0,228;0,0;0,01;0,049
1311;27.06.2023;15:48:05;00:21:50;250,0;636,9;35,5;38,6;24,3;654,5;75,8;0,1;5,86E-2;-541,2;20,00;3,9;3,9;52,74;5,08;0,226;0,0;0,01;0,049
1312;27.06.2023;15:48:06;00:21:51;250,0;636,9;35,5;38,6;24,3;653,1;75,9;0,1;5,86E-2;-541,2;20,00;3,9;3,9;52,74;5,09;0,222;0,0;0,01;0,049
1313;27.06.2023;15:48:07;00:21:52;250,0;627,6;35,5;38,6;24,3;650,3;76,0;0,1;5,84E-2;-541,2;20,00;3,9;3,9;52,74;5,09;0,207;0,0;0,01;0,049
1314;27.06.2023;15:48:08;00:21:53;250,0;618,3;35,2;38,5;24,3;647,5;76,1;0,1;5,83E-2;-541,2;20,00;3,9;3,9;52,75;5,09;0,198;0,0;0,01;0,049
1315;27.06.2023;15:48:09;00:21:54;250,0;618,3;35,2;38,5;24,3;646,0;76,2;0,1;5,82E-2;-541,2;20,00;3,9;3,9;52,75;5,10;0,193;0,0;0,01;0,049
1316;27.06.2023;15:48:10;00:21:55;250,0;609,2;34,9;38,5;24,3;643,0;76,3;0,1;5,81E-2;-541,2;20,00;3,9;3,9;52,75;5,10;0,194;0,0;0,01;0,049
1317;27.06.2023;15:48:11;00:21:56;250,0;609,2;34,7;38,5;24,3;640,2;76,4;0,1;5,80E-2;-541,2;20,00;3,9;3,9;52,76;5,10;0,190;0,0;0,01;0,049
1318;27.06.2023;15:48:12;00:21:57;250,0;600,2;34,7;38,4;24,3;638,8;76,4;0,1;5,79E-2;-541,2;20,00;3,9;3,9;52,76;5,10;0,183;0,0;0,01;0,049
1319;27.06.2023;15:48:13;00:21:58;250,0;591,9;34,4;38,3;24,3;635,9;76,5;0,1;5,78E-2;-541,2;20,00;3,9;3,9;52,76;5,11;0,183;0,0;0,01;0,049
1320;27.06.2023;15:48:14;00:21:59;250,0;591,9;34,4;38,3;24,3;633,1;76,6;0,1;5,77E-2;-541,2;20,00;3,9;3,9;52,77;5,11;0,176;0,0;0,01;0,049
1321;27.06.2023;15:48:15;00:22:00;250,0;591,9;34,4;38,3;24,3;631,7;76,6;0,1;5,77E-2;-541,2;20,00;3,9;3,9;52,77;5,11;0,173;0,0;0,01;0,049
1322;27.06.2023;15:48:16;00:22:01;250,0;583,4;34,1;38,3;24,2;628,7;76,7;0,1;5,76E-2;-541,2;20,00;3,9;3,9;52,77;5,12;0,169;0,0;0,01;0,049
1323;27.06.2023;15:48:17;00:22:02;250,0;583,4;34,1;38,3;24,2;627,2;76,8;0,1;5,75E-2;-541,2;20,00;3,9;3,9;52,77;5,12;0,165;0,0;0,01;0,049
1324;27.06.2023;15:48:18;00:22:03;250,0;575,1;33,9;38,2;24,2;624,4;76,9;0,1;5,74E-2;-541,2;20,00;3,9;4,0;52,77;5,12;0,159;0,0;0,01;0,049
1325;27.06.2023;15:48:19;00:22:04;250,0;575,1;33,9;38,2;24,2;621,6;76,9;0,1;5,74E-2;-541,2;20,00;3,9;3,9;52,78;5,12;0,154;0,0;0,01;0,049
1326;27.06.2023;15:48:20;00:22:05;250,0;566,8;33,6;38,1;24,2;620,2;77,0;0,1;5,73E-2;-541,2;20,00;3,9;3,9;52,78;5,13;0,156;0,0;0,00;0,049
1327;27.06.2023;15:48:21;00:22:06;250,0;566,8;33,4;38,1;24,2;617,4;77,1;0,1;5,72E-2;-541,2;20,00;3,9;3,9;52,78;5,13;0,155;0,0;0,01;0,049
1328;27.06.2023;15:48:22;00:22:07;250,0;558,6;33,4;38,0;24,2;614,3;77,1;0,1;5,72E-2;-541,2;20,00;3,9;3,9;52,79;5,13;0,142;0,0;0,01;0,049
1329;27.06.2023;15:48:23;00:22:08;250,0;558,6;33,2;38,0;24,2;612,9;77,2;0,1;5,71E-2;-541,2;20,00;3,9;3,9;52,79;5,13;0,142;0,0;0,01;0,049
1330;27.06.2023;15:48:24;00:22:09;250,0;550,9;33,2;37,9;24,2;610,1;77,3;0,1;5,71E-2;-541,2;20,00;3,9;3,9;52,79;5,14;0,140;0,0;0,00;0,049
1331;27.06.2023;15:48:25;00:22:10;250,0;550,9;33,2;37,9;24,2;607,3;77,3;0,1;5,70E-2;-541,2;20,00;3,9;3,9;52,79;5,14;0,137;0,0;0,00;0,049
1332;27.06.2023;15:48:26;00:22:11;250,0;550,9;32,9;37,8;24,2;605,9;77,4;0,1;5,70E-2;-541,2;20,00;3,9;3,9;52,79;5,14;0,134;0,0;0,00;0,049
1333;27.06.2023;15:48:27;00:22:12;250,0;542,7;32,9;37,8;24,2;603,0;77,4;0,1;5,69E-2;-541,2;20,00;3,9;3,9;52,80;5,14;0,133;0,0;0,01;0,049
1334;27.06.2023;15:48:28;00:22:13;250,0;534,6;32,7;37,6;24,2;600,2;77,5;0,1;5,68E-2;-541,2;20,00;3,9;3,9;52,80;5,14;0,127;0,0;0,01;0,049
1335;27.06.2023;15:48:29;00:22:14;250,0;534,6;32,5;37,6;24,2;598,6;77,5;0,1;5,67E-2;-541,2;20,00;3,9;3,9;52,80;5,14;0,124;0,0;0,01;0,049
1336;27.06.2023;15:48:30;00:22:15;250,0;526,7;32,5;37,5;24,2;595,8;77,6;0,1;5,67E-2;-541,2;20,00;3,9;3,9;52,80;5,15;0,125;0,0;0,01;0,049
1337;27.06.2023;15:48:31;00:22:16;250,0;526,7;32,5;37,5;24,2;594,3;77,6;0,1;5,66E-2;-541,2;20,00;3,9;3,8;52,80;5,15;0,124;0,0;0,00;0,049
1338;27.06.2023;15:48:32;00:22:17;250,0;518,9;32,3;37,4;24,2;591,5;77,7;0,1;5,66E-2;-541,2;20,00;3,9;3,8;52,80;5,15;0,118;0,0;0,01;0,049
1339;27.06.2023;15:48:33;00:22:18;250,0;518,9;32,1;37,3;24,2;588,7;77,7;0,1;5,65E-2;-541,2;20,00;3,9;3,9;52,81;5,15;0,118;0,0;0,01;0,049
1340;27.06.2023;15:48:34;00:22:19;250,0;518,9;32,1;37,3;24,2;587,3;77,7;0,1;5,64E-2;-541,2;20,00;3,9;3,9;52,81;5,15;0,115;0,0;0,01;0,049
1341;27.06.2023;15:48:35;00:22:20;250,0;511,7;32,1;37,3;24,2;584,2;77,8;0,1;5,63E-2;-541,2;20,00;3,9;3,9;52,81;5,15;0,106;0,0;0,01;0,049
1342;27.06.2023;15:48:36;00:22:21;250,0;504,6;31,9;37,1;24,2;581,4;77,8;0,1;5,62E-2;-541,2;20,00;3,9;3,9;52,81;5,16;0,106;0,0;0,01;0,049
1343;27.06.2023;15:48:37;00:22:22;250,0;504,6;31,9;37,1;24,2;580,0;77,9;0,1;5,62E-2;-541,2;20,00;3,9;3,9;52,81;5,16;0,111;0,0;0,01;0,049
1344;27.06.2023;15:48:38;00:22:23;250,0;497,5;31,7;37,0;24,2;577,2;77,9;0,1;5,61E-2;-541,2;20,00;3,9;3,9;52,82;5,16;0,111;0,0;0,01;0,049
1345;27.06.2023;15:48:39;00:22:24;250,0;497,5;31,7;37,0;24,2;574,4;77,9;0,1;5,61E-2;-541,2;20,00;3,9;3,9;52,82;5,16;0,115;0,0;0,01;0,049
1346;27.06.2023;15:48:40;00:22:25;250,0;490,6;31,6;36,9;24,2;573,0;78,0;0,1;5,60E-2;-541,2;20,00;3,9;3,9;52,82;5,16;0,113;0,0;0,01;0,049
1347;27.06.2023;15:48:41;00:22:26;250,0;483,7;31,4;36,8;24,2;569,9;78,0;0,1;5,59E-2;-541,2;20,00;3,9;3,9;52,82;5,17;0,115;0,0;0,01;0,049
1348;27.06.2023;15:48:42;00:22:27;250,0;483,7;31,4;36,8;24,2;567,1;78,0;0,1;5,58E-2;-541,2;20,00;3,9;3,9;52,82;5,17;0,115;0,0;0,00;0,049
1349;27.06.2023;15:48:43;00:22:28;250,0;483,7;31,2;36,8;24,2;565,7;78,0;0,1;5,58E-2;-541,2;20,00;3,9;3,9;52,82;5,17;0,116;0,0;0,01;0,049
1350;27.06.2023;15:48:44;00:22:29;250,0;477,0;31,2;36,6;24,2;562,9;78,1;0,1;5,57E-2;-541,2;20,00;3,9;3,9;52,83;5,17;0,110;0,0;0,01;0,049
1351;27.06.2023;15:48:45;00:22:30;250,0;477,0;31,2;36,6;24,1;561,4;78,1;0,1;5,57E-2;-541,2;20,00;3,9;3,9;52,83;5,17;0,108;0,0;0,01;0,049
1352;27.06.2023;15:48:46;00:22:31;250,0;469,7;31,0;36,4;24,1;558,6;78,1;0,1;5,56E-2;-541,2;20,00;3,9;3,9;52,83;5,17;0,108;0,0;0,00;0,049
1353;27.06.2023;15:48:47;00:22:32;250,0;469,7;31,0;36,4;24,1;555,6;78,1;0,1;5,56E-2;-541,2;20,00;3,9;3,9;52,83;5,18;0,103;0,0;0,01;0,049
1354;27.06.2023;15:48:48;00:22:33;250,0;462,7;30,8;36,2;24,1;554,2;78,1;0,1;5,55E-2;-541,2;20,00;3,9;3,9;52,83;5,18;0,098;0,0;0,01;0,049
1355;27.06.2023;15:48:49;00:22:34;250,0;462,7;30,6;36,2;24,0;551,3;78,2;0,1;5,54E-2;-541,2;20,00;3,9;3,9;52,84;5,18;0,095;0,0;0,01;0,049
1356;27.06.2023;15:48:50;00:22:35;250,0;455,7;30,6;36,1;24,0;548,5;78,2;0,1;5,53E-2;-541,2;20,00;3,9;3,9;52,84;5,18;0,096;0,0;0,01;0,049
1357;27.06.2023;15:48:51;00:22:36;250,0;455,7;30,6;36,1;24,0;547,1;78,2;0,1;5,53E-2;-541,2;20,00;3,9;3,9;52,84;5,18;0,093;0,0;0,01;0,049
1358;27.06.2023;15:48:52;00:22:37;250,0;448,8;30,5;35,9;24,0;544,3;78,2;0,1;5,52E-2;-541,2;20,00;3,9;3,9;52,84;5,19;0,093;0,0;0,01;0,049
1359;27.06.2023;15:48:53;00:22:38;250,0;448,8;30,4;35,8;24,0;541,2;78,2;0,1;5,52E-2;-541,2;20,00;3,9;3,9;52,84;5,19;0,097;0,0;0,01;0,049
1360;27.06.2023;15:48:54;00:22:39;250,0;442,5;30,4;35,8;24,0;539,8;78,2;0,1;5,52E-2;-541,2;20,00;3,9;3,9;52,84;5,19;0,094;0,0;0,01;0,049
1361;27.06.2023;15:48:55;00:22:40;250,0;442,5;30,4;35,8;24,0;537,0;78,2;0,1;5,51E-2;-541,2;20,00;3,9;3,9;52,84;5,19;0,094;0,0;0,01;0,049
1362;27.06.2023;15:48:56;00:22:41;250,0;436,3;30,2;35,7;24,0;535,6;78,2;0,1;5,51E-2;-541,2;20,00;3,9;3,9;52,85;5,19;0,095;0,0;0,00;0,049
1363;27.06.2023;15:48:57;00:22:42;250,0;436,3;30,1;35,7;24,0;532,8;78,2;0,1;5,50E-2;-541,2;20,00;3,9;3,9;52,85;5,19;0,090;0,0;0,00;0,049
1364;27.06.2023;15:48:58;00:22:43;250,0;430,1;30,1;35,5;24,0;530,0;78,2;0,1;5,49E-2;-541,2;20,00;3,9;3,9;52,85;5,19;0,087;0,0;0,01;0,049
1365;27.06.2023;15:48:59;00:22:44;250,0;430,1;30,0;35,5;24,0;528,5;78,2;0,1;5,48E-2;-541,2;20,00;3,9;3,9;52,85;5,19;0,088;0,0;0,00;0,049
1366;27.06.2023;15:49:00;00:22:45;250,0;424,1;30,0;35,4;24,0;525,5;78,2;0,1;5,48E-2;-541,2;20,00;3,9;3,9;52,85;5,20;0,087;0,0;0,00;0,049
1367;27.06.2023;15:49:01;00:22:46;250,0;424,1;29,8;35,2;24,0;522,7;78,2;0,1;5,47E-2;-541,2;20,00;3,9;3,9;52,85;5,20;0,087;0,0;0,01;0,049
1368;27.06.2023;15:49:02;00:22:47;250,0;424,1;29,8;35,2;24,0;521,3;78,2;0,1;5,47E-2;-541,2;20,00;3,9;3,9;52,85;5,20;0,090;0,0;0,00;0,049
1369;27.06.2023;15:49:03;00:22:48;250,0;417,8;29,8;35,2;24,0;518,4;78,2;0,1;5,46E-2;-541,2;20,00;3,9;3,8;52,86;5,20;0,093;0,0;0,01;0,049
1370;27.06.2023;15:49:04;00:22:49;250,0;411,7;29,7;35,1;24,0;515,6;78,2;0,1;5,46E-2;-541,2;20,00;3,9;3,9;52,86;5,20;0,093;0,0;0,01;0,049
1371;27.06.2023;15:49:05;00:22:50;250,0;411,7;29,7;35,1;24,0;514,2;78,2;0,1;5,45E-2;-541,2;20,00;3,9;4,0;52,86;5,21;0,094;0,0;0,01;0,049
1372;27.06.2023;15:49:06;00:22:51;250,0;405,3;29,6;35,0;24,1;511,2;78,2;0,1;5,45E-2;-541,2;20,00;3,9;3,9;52,86;5,21;0,094;0,0;0,00;0,049
1373;27.06.2023;15:49:07;00:22:52;250,0;405,3;29,5;35,0;24,1;508,3;78,1;0,1;5,44E-2;-541,2;20,00;3,9;3,9;52,86;5,21;0,090;0,0;0,01;0,049
1374;27.06.2023;15:49:08;00:22:53;250,0;405,3;29,5;34,8;24,1;506,9;78,1;0,1;5,43E-2;-541,2;20,00;3,9;3,9;52,86;5,21;0,088;0,0;0,01;0,049
1375;27.06.2023;15:49:09;00:22:54;250,0;398,9;29,5;34,8;24,0;504,1;78,1;0,1;5,42E-2;-541,2;20,00;3,9;3,9;52,86;5,21;0,075;0,0;0,01;0,049
1376;27.06.2023;15:49:10;00:22:55;250,0;398,9;29,4;34,8;24,0;502,7;78,1;0,1;5,42E-2;-541,2;20,00;3,9;3,9;52,86;5,21;0,075;0,0;0,01;0,049
1377;27.06.2023;15:49:11;00:22:56;250,0;392,8;29,4;34,7;24,0;499,9;78,1;0,1;5,42E-2;-541,2;20,00;3,9;3,8;52,87;5,21;0,073;0,0;0,01;0,049
1378;27.06.2023;15:49:12;00:22:57;250,0;386,8;29,3;34,5;24,0;496,8;78,0;0,1;5,41E-2;-541,2;20,00;3,9;3,9;52,87;5,21;0,075;0,0;0,01;0,049
1379;27.06.2023;15:49:13;00:22:58;250,0;386,8;29,3;34,5;24,0;495,4;78,0;0,1;5,41E-2;-541,2;20,00;3,9;4,0;52,87;5,21;0,074;0,0;0,01;0,049
1380;27.06.2023;15:49:14;00:22:59;250,0;381,3;29,1;34,4;24,0;492,6;78,0;0,1;5,40E-2;-541,2;20,00;3,9;3,9;52,87;5,22;0,074;0,0;0,01;0,049
1381;27.06.2023;15:49:15;00:23:00;250,0;381,3;29,1;34,4;24,0;489,8;77,9;0,1;5,40E-2;-541,2;20,00;3,9;3,9;52,87;5,22;0,071;0,0;0,00;0,049
1382;27.06.2023;15:49:16;00:23:01;250,0;375,9;29,0;34,2;24,0;488,4;77,9;0,1;5,39E-2;-541,2;20,00;3,9;3,9;52,87;5,22;0,069;0,0;0,01;0,049
1383;27.06.2023;15:49:17;00:23:02;250,0;375,9;28,9;34,2;24,0;485,5;77,9;0,1;5,38E-2;-541,2;20,00;3,9;3,9;52,87;5,22;0,063;0,0;0,01;0,049
1384;27.06.2023;15:49:18;00:23:03;250,0;370,5;28,9;34,1;24,0;482,5;77,8;0,1;5,38E-2;-541,2;20,00;3,9;3,9;52,87;5,22;0,059;0,0;0,01;0,049
1385;27.06.2023;15:49:19;00:23:04;250,0;370,5;28,9;34,1;24,0;481,1;77,8;0,1;5,38E-2;-541,2;20,00;3,9;3,9;52,87;5,22;0,057;0,0;0,01;0,049
1386;27.06.2023;15:49:20;00:23:05;250,0;365,2;28,8;34,0;24,0;478,3;77,8;0,1;5,37E-2;-541,2;20,00;3,9;3,9;52,87;5,22;0,054;0,0;0,01;0,049
1387;27.06.2023;15:49:21;00:23:06;250,0;360,0;28,7;33,8;24,0;475,4;77,7;0,1;5,37E-2;-541,2;20,00;3,9;3,9;52,88;5,22;0,049;0,0;0,01;0,049
1388;27.06.2023;15:49:22;00:23:07;250,0;360,0;28,7;33,8;24,0;474,0;77,7;0,1;5,37E-2;-541,2;20,00;3,9;3,9;52,88;5,22;0,051;0,0;0,01;0,049
1389;27.06.2023;15:49:23;00:23:08;250,0;360,0;28,7;33,8;24,0;471,2;77,6;0,1;5,36E-2;-541,2;20,00;3,9;3,9;52,88;5,22;0,055;0,0;0,01;0,049
1390;27.06.2023;15:49:24;00:23:09;250,0;354,8;28,6;33,7;24,0;469,6;77,6;0,1;5,36E-2;-541,2;20,00;3,9;3,9;52,88;5,22;0,057;0,0;0,01;0,049
1391;27.06.2023;15:49:25;00:23:10;250,0;354,8;28,6;33,7;24,0;466,7;77,6;0,1;5,35E-2;-541,2;20,00;3,9;3,9;52,88;5,23;0,060;0,0;0,00;0,049
1392;27.06.2023;15:49:26;00:23:11;250,0;349,3;28,5;33,5;24,0;463,9;77,5;0,1;5,34E-2;-541,2;20,00;3,9;3,9;52,88;5,23;0,064;0,0;0,01;0,049
1393;27.06.2023;15:49:27;00:23:12;250,0;349,3;28,5;33,5;24,0;462,5;77,5;0,1;5,34E-2;-541,2;20,00;3,9;3,9;52,88;5,23;0,065;0,0;0,01;0,049
1394;27.06.2023;15:49:28;00:23:13;250,0;343,8;28,4;33,4;24,0;459,7;77,4;0,1;5,33E-2;-541,2;20,00;3,9;3,9;52,88;5,23;0,060;0,0;0,01;0,049
1395;27.06.2023;15:49:29;00:23:14;250,0;343,8;28,3;33,4;24,0;456,9;77,3;0,1;5,33E-2;-541,2;20,00;3,9;3,9;52,88;5,23;0,059;0,0;0,01;0,049
1396;27.06.2023;15:49:30;00:23:15;250,0;343,8;28,3;33,2;24,0;455,2;77,3;0,1;5,33E-2;-541,2;20,00;3,9;3,9;52,88;5,23;0,062;0,0;0,01;0,049
1397;27.06.2023;15:49:31;00:23:16;250,0;338,4;28,3;33,2;23,9;452,4;77,2;0,1;5,32E-2;-541,2;20,00;3,9;3,9;52,89;5,23;0,062;0,0;0,00;0,049
1398;27.06.2023;15:49:32;00:23:17;250,0;333,1;28,1;33,1;23,9;449,6;77,2;0,1;5,32E-2;-541,2;20,00;3,9;3,8;52,89;5,23;0,054;0,0;0,01;0,049
1399;27.06.2023;15:49:33;00:23:18;250,0;333,1;28,1;33,1;23,9;448,2;77,1;0,1;5,32E-2;-541,2;20,00;3,9;3,8;52,89;5,23;0,055;0,0;0,01;0,049
1400;27.06.2023;15:49:34;00:23:19;250,0;328,2;28,0;33,0;23,9;445,4;77,0;0,1;5,31E-2;-541,2;20,00;3,9;3,9;52,89;5,24;0,056;0,0;0,01;0,049
1401;27.06.2023;15:49:35;00:23:20;250,0;328,2;28,0;33,0;23,9;443,9;77,0;0,1;5,31E-2;-541,2;20,00;3,9;3,9;52,89;5,23;0,055;0,0;0,00;0,049
1402;27.06.2023;15:49:36;00:23:21;250,0;323,3;28,0;32,8;23,9;440,9;76,9;0,1;5,30E-2;-541,2;20,00;3,9;3,9;52,89;5,24;0,056;0,0;0,01;0,049
1403;27.06.2023;15:49:37;00:23:22;250,0;323,3;27,9;32,7;23,9;438,1;76,8;0,1;5,29E-2;-541,2;20,00;3,9;3,9;52,89;5,24;0,053;0,0;0,01;0,049
1404;27.06.2023;15:49:38;00:23:23;250,0;323,3;27,9;32,7;23,9;436,7;76,8;0,1;5,29E-2;-541,2;20,00;3,9;3,9;52,89;5,24;0,055;0,0;0,01;0,049
1405;27.06.2023;15:49:39;00:23:24;250,0;318,6;27,9;32,7;23,9;433,8;76,7;0,1;5,29E-2;-541,2;20,00;3,9;4,0;52,89;5,24;0,057;0,0;0,00;0,049
1406;27.06.2023;15:49:40;00:23:25;250,0;313,9;27,8;32,6;23,9;431,0;76,6;0,1;5,28E-2;-541,2;20,00;3,9;3,9;52,89;5,24;0,059;0,0;0,01;0,049
1407;27.06.2023;15:49:41;00:23:26;250,0;313,9;27,8;32,6;23,9;429,6;76,6;0,1;5,28E-2;-541,2;20,00;3,9;3,9;52,90;5,24;0,060;0,0;0,00;0,049
1408;27.06.2023;15:49:42;00:23:27;250,0;309,2;27,7;32,4;23,9;426,6;76,5;0,1;5,28E-2;-541,2;20,00;3,9;3,9;52,90;5,24;0,059;0,0;0,01;0,049
1409;27.06.2023;15:49:43;00:23:28;250,0;309,2;27,6;32,4;23,9;423,7;76,4;0,1;5,27E-2;-541,2;20,00;3,9;3,9;52,90;5,24;0,057;0,0;0,00;0,049
1410;27.06.2023;15:49:44;00:23:29;250,0;304,6;27,6;32,3;23,9;422,3;76,3;0,1;5,27E-2;-541,2;20,00;3,9;3,9;52,90;5,24;0,052;0,0;0,00;0,049
1411;27.06.2023;15:49:45;00:23:30;250,0;304,6;27,6;32,3;23,9;419,5;76,2;0,1;5,26E-2;-541,2;20,00;3,9;3,9;52,90;5,24;0,052;0,0;0,01;0,049
1412;27.06.2023;15:49:46;00:23:31;250,0;299,8;27,5;32,2;23,9;416,7;76,1;0,1;5,26E-2;-541,2;20,00;3,9;3,9;52,90;5,25;0,055;0,0;0,01;0,049
1413;27.06.2023;15:49:47;00:23:32;250,0;299,8;27,5;32,2;23,9;415,3;76,1;0,1;5,25E-2;-541,2;20,00;3,9;3,9;52,90;5,24;0,055;0,0;0,01;0,049
1414;27.06.2023;15:49:48;00:23:33;250,0;299,8;27,4;32,2;23,9;412,2;76,0;0,1;5,25E-2;-541,2;20,00;3,9;3,9;52,90;5,25;0,050;0,0;0,00;0,049
1415;27.06.2023;15:49:49;00:23:34;250,0;294,8;27,4;32,0;23,9;410,8;75,9;0,1;5,25E-2;-541,2;20,00;3,9;3,9;52,90;5,25;0,050;0,0;0,00;0,049
1416;27.06.2023;15:49:50;00:23:35;250,0;289,8;27,3;31,9;23,9;408,0;75,8;0,1;5,24E-2;-541,2;20,00;3,9;3,8;52,90;5,25;0,050;0,0;0,01;0,049
1417;27.06.2023;15:49:51;00:23:36;250,0;289,8;27,3;31,9;23,9;405,2;75,7;0,1;5,24E-2;-541,2;20,00;3,9;3,9;52,90;5,25;0,049;0,0;0,01;0,049
1418;27.06.2023;15:49:52;00:23:37;250,0;289,8;27,2;31,7;23,9;403,8;75,6;0,1;5,24E-2;-541,2;20,00;3,9;3,9;52,90;5,25;0,049;0,0;0,01;0,049
1419;27.06.2023;15:49:53;00:23:38;250,0;285,0;27,2;31,7;23,8;400,9;75,5;0,1;5,23E-2;-541,2;20,00;3,9;4,0;52,91;5,25;0,051;0,0;0,00;0,049
1420;27.06.2023;15:49:54;00:23:39;250,0;280,5;27,1;31,6;23,8;397,9;75,4;0,1;5,23E-2;-541,2;20,00;3,9;3,9;52,91;5,25;0,048;0,0;0,01;0,048
1421;27.06.2023;15:49:55;00:23:40;250,0;280,5;27,1;31,6;23,8;396,5;75,3;0,1;5,22E-2;-541,2;20,00;3,9;3,9;52,91;5,25;0,051;0,0;0,00;0,049
1422;27.06.2023;15:49:56;00:23:41;250,0;276,2;27,0;31,5;23,8;393,7;75,2;0,1;5,22E-2;-541,2;20,00;3,9;3,9;52,91;5,25;0,052;0,0;0,01;0,049
1423;27.06.2023;15:49:57;00:23:42;250,0;276,2;26,9;31,5;23,8;390,8;75,1;0,1;5,21E-2;-541,2;20,00;3,9;3,9;52,91;5,26;0,052;0,0;0,01;0,049
1424;27.06.2023;15:49:58;00:23:43;250,0;276,2;26,9;31,3;23,8;389,4;75,0;0,1;5,21E-2;-541,2;20,00;3,9;3,9;52,91;5,26;0,052;0,0;0,00;0,049
1425;27.06.2023;15:49:59;00:23:44;250,0;272,0;26,9;31,3;23,8;386,6;74,9;0,1;5,20E-2;-541,2;20,00;3,9;3,9;52,91;5,26;0,054;0,0;0,01;0,049
1426;27.06.2023;15:50:00;00:23:45;250,0;267,8;26,8;31,2;23,8;383,6;74,8;0,1;5,20E-2;-541,2;20,00;3,9;3,9;52,91;5,26;0,050;0,0;0,00;0,049
1427;27.06.2023;15:50:01;00:23:46;250,0;267,8;26,7;31,2;23,8;382,1;74,7;0,1;5,20E-2;-541,2;20,00;3,9;3,9;52,91;5,26;0,051;0,0;0,01;0,049
1428;27.06.2023;15:50:02;00:23:47;250,0;263,6;26,7;31,1;23,8;379,3;74,6;0,1;5,19E-2;-541,2;20,00;3,9;3,9;52,91;5,26;0,049;0,0;0,01;0,049
1429;27.06.2023;15:50:03;00:23:48;250,0;263,6;26,7;31,1;23,8;377,9;74,5;0,1;5,19E-2;-541,2;20,00;3,9;3,9;52,91;5,26;0,053;0,0;0,01;0,049
1430;27.06.2023;15:50:04;00:23:49;250,0;259,5;26,6;31,0;23,8;375,1;74,4;0,1;5,19E-2;-541,2;20,00;3,9;3,9;52,91;5,26;0,051;0,0;0,01;0,049
1431;27.06.2023;15:50:05;00:23:50;250,0;259,5;26,6;30,9;23,8;372,3;74,2;0,1;5,18E-2;-541,2;20,00;3,9;3,9;52,92;5,26;0,049;0,0;0,00;0,049
1432;27.06.2023;15:50:06;00:23:51;250,0;259,5;26,5;30,9;23,7;370,9;74,1;0,1;5,18E-2;-541,2;20,00;3,9;3,9;52,92;5,26;0,047;0,0;0,00;0,049
1433;27.06.2023;15:50:07;00:23:52;250,0;255,1;26,5;30,8;23,7;367,8;74,0;0,1;5,17E-2;-541,2;20,00;3,9;3,9;52,92;5,26;0,050;0,0;0,01;0,049
1434;27.06.2023;15:50:08;00:23:53;250,0;255,1;26,4;30,7;23,7;365,0;73,8;0,1;5,16E-2;-541,2;20,00;3,9;3,9;52,92;5,26;0,051;0,0;0,01;0,049
1435;27.06.2023;15:50:09;00:23:54;250,0;250,9;26,4;30,7;23,7;363,6;73,8;0,1;5,16E-2;-541,2;20,00;3,9;3,9;52,92;5,26;0,051;0,0;0,00;0,049
1436;27.06.2023;15:50:10;00:23:55;250,0;246,6;26,3;30,5;23,7;360,8;73,6;0,1;5,16E-2;-541,2;20,00;3,9;3,9;52,92;5,26;0,047;0,0;0,01;0,049
1437;27.06.2023;15:50:11;00:23:56;250,0;246,6;26,3;30,5;23,7;357,9;73,5;0,1;5,15E-2;-541,2;20,00;3,9;3,9;52,92;5,27;0,049;0,0;0,01;0,049
1438;27.06.2023;15:50:12;00:23:57;250,0;242,4;26,2;30,4;23,7;356,5;73,4;0,1;5,15E-2;-541,2;20,00;3,9;3,9;52,92;5,26;0,048;0,0;0,01;0,049
1439;27.06.2023;15:50:13;00:23:58;250,0;242,4;26,2;30,4;23,7;353,5;73,2;0,1;5,15E-2;-541,2;20,00;3,9;3,9;52,92;5,27;0,044;0,0;0,01;0,049
1440;27.06.2023;15:50:14;00:23:59;250,0;242,4;26,2;30,4;23,7;352,1;73,1;0,1;5,15E-2;-541,2;20,00;3,9;3,9;52,92;5,27;0,045;0,0;0,01;0,049
1441;27.06.2023;15:50:15;00:24:00;250,0;238,5;26,1;30,3;23,7;349,2;73,0;0,1;5,14E-2;-541,2;20,00;3,9;3,9;52,92;5,27;0,042;0,0;0,01;0,049
1442;27.06.2023;15:50:16;00:24:01;250,0;234,7;26,0;30,2;23,7;346,4;72,8;0,1;5,13E-2;-541,2;20,00;3,9;3,9;52,92;5,27;0,039;0,0;0,01;0,049
1443;27.06.2023;15:50:17;00:24:02;250,0;234,7;26,0;30,2;23,7;345,0;72,7;0,1;5,13E-2;-541,2;20,00;3,9;3,9;52,92;5,27;0,041;0,0;0,01;0,049
1444;27.06.2023;15:50:18;00:24:03;250,0;234,7;26,0;30,0;23,7;342,2;72,6;0,1;5,13E-2;-541,2;20,00;3,9;3,9;52,92;5,27;0,035;0,0;0,00;0,049
1445;27.06.2023;15:50:19;00:24:04;250,0;231,0;26,0;30,0;23,7;339,1;72,4;0,1;5,12E-2;-541,2;20,00;3,9;3,8;52,92;5,27;0,036;0,0;0,00;0,049
1446;27.06.2023;15:50:20;00:24:05;250,0;227,3;25,9;29,9;23,7;337,7;72,3;0,1;5,12E-2;-541,2;20,00;3,9;3,8;52,93;5,27;0,036;0,0;0,01;0,049
1447;27.06.2023;15:50:21;00:24:06;250,0;227,3;25,8;29,9;23,7;334,9;72,1;0,1;5,12E-2;-541,2;20,00;3,9;3,9;52,93;5,27;0,042;0,0;0,01;0,049
1448;27.06.2023;15:50:22;00:24:07;250,0;223,6;25,8;29,8;23,6;332,1;71,9;0,1;5,11E-2;-541,2;20,00;3,9;3,9;52,93;5,27;0,043;0,0;0,01;0,049
1449;27.06.2023;15:50:23;00:24:08;250,0;223,6;25,8;29,8;23,6;330,7;71,9;0,1;5,11E-2;-541,2;20,00;3,9;3,9;52,93;5,27;0,043;0,0;0,00;0,049
1450;27.06.2023;15:50:24;00:24:09;250,0;219,9;25,7;29,7;23,6;327,9;71,7;0,1;5,11E-2;-541,2;20,00;3,9;3,8;52,93;5,27;0,046;0,0;0,01;0,049
1451;27.06.2023;15:50:25;00:24:10;250,0;220,0;25,8;29,8;23,7;324,8;71,5;0,1;5,10E-2;-541,2;20,00;3,9;3,9;52,93;5,28;0,044;0,0;0,01;0,049
1452;27.06.2023;15:50:26;00:24:11;250,0;220,0;25,7;29,7;23,7;323,4;71,4;0,1;5,10E-2;-541,2;20,00;3,9;3,9;52,93;5,28;0,044;0,0;0,01;0,049
1453;27.06.2023;15:50:27;00:24:12;250,0;216,1;25,7;29,7;23,7;320,6;71,2;0,1;5,10E-2;-541,2;20,00;3,9;3,9;52,93;5,28;0,046;0,0;0,01;0,049
1454;27.06.2023;15:50:28;00:24:13;250,0;216,1;25,6;29,5;23,7;319,2;71,1;0,1;5,09E-2;-541,2;20,00;3,9;3,9;52,93;5,28;0,044;0,0;0,00;0,049
1455;27.06.2023;15:50:29;00:24:14;250,0;212,3;25,6;29,5;23,7;316,3;70,9;0,1;5,09E-2;-541,2;20,00;3,9;3,9;52,93;5,28;0,040;0,0;0,00;0,049
1456;27.06.2023;15:50:30;00:24:15;250,0;208,5;25,5;29,4;23,7;313,5;70,7;0,1;5,08E-2;-541,2;20,00;3,9;3,9;52,93;5,28;0,040;0,0;0,01;0,049
1457;27.06.2023;15:50:31;00:24:16;250,0;208,5;25,5;29,4;23,7;311,9;70,6;0,1;5,08E-2;-541,2;20,00;3,9;3,9;52,93;5,28;0,040;0,0;0,00;0,049
1458;27.06.2023;15:50:32;00:24:17;250,0;204,8;25,5;29,3;23,7;309,1;70,4;0,1;5,07E-2;-541,2;20,00;3,9;3,9;52,93;5,28;0,036;0,0;0,00;0,049
1459;27.06.2023;15:50:33;00:24:18;250,0;204,8;25,5;29,3;23,6;306,2;70,2;0,1;5,07E-2;-541,2;20,00;3,9;3,9;52,93;5,28;0,035;0,0;0,01;0,049
1460;27.06.2023;15:50:34;00:24:19;250,0;204,8;25,4;29,3;23,6;304,8;70,1;0,1;5,07E-2;-541,2;20,00;3,9;3,9;52,94;5,28;0,035;0,0;0,01;0,049
1461;27.06.2023;15:50:35;00:24:20;250,0;201,3;25,4;29,2;23,6;302,0;69,9;0,1;5,07E-2;-541,2;20,00;3,9;3,9;52,94;5,28;0,043;0,0;0,01;0,049
1462;27.06.2023;15:50:36;00:24:21;250,0;201,3;25,3;29,1;23,6;299,2;69,7;0,1;5,06E-2;-541,2;20,00;3,9;3,9;52,94;5,28;0,043;0,0;0,01;0,049
1463;27.06.2023;15:50:37;00:24:22;250,0;197,8;25,3;29,1;23,6;297,5;69,6;0,1;5,06E-2;-541,2;20,00;3,9;3,9;52,94;5,28;0,043;0,0;0,01;0,049
1464;27.06.2023;15:50:38;00:24:23;250,0;194,3;25,2;29,0;23,6;294,7;69,4;0,1;5,05E-2;-541,2;20,00;3,9;3,9;52,94;5,28;0,043;0,0;0,01;0,049
1465;27.06.2023;15:50:39;00:24:24;250,0;194,3;25,2;29,0;23,6;291,9;69,2;0,1;5,04E-2;-541,2;20,00;3,9;3,9;52,94;5,29;0,041;0,0;0,01;0,049
1466;27.06.2023;15:50:40;00:24:25;250,0;190,9;25,2;28,9;23,6;290,5;69,1;0,1;5,04E-2;-541,2;20,00;3,9;3,9;52,94;5,29;0,042;0,0;0,01;0,049
1467;27.06.2023;15:50:41;00:24:26;250,0;190,9;25,1;28,9;23,6;287,7;68,8;0,1;5,04E-2;-541,2;20,00;3,9;3,8;52,94;5,29;0,042;0,0;0,01;0,049
1468;27.06.2023;15:50:42;00:24:27;250,0;190,9;25,1;28,9;23,6;286,3;68,7;0,1;5,04E-2;-541,2;20,00;3,9;3,8;52,94;5,29;0,039;0,0;0,01;0,049
1469;27.06.2023;15:50:43;00:24:28;250,0;187,7;25,1;28,8;23,6;283,2;68,5;0,1;5,03E-2;-541,2;20,00;3,9;3,9;52,94;5,29;0,042;0,0;0,01;0,049
1470;27.06.2023;15:50:44;00:24:29;250,0;184,6;25,0;28,7;23,6;280,4;68,3;0,1;5,03E-2;-541,2;20,00;3,9;3,9;52,94;5,29;0,044;0,0;0,01;0,049
1471;27.06.2023;15:50:45;00:24:30;250,0;184,6;25,0;28,7;23,6;279,0;68,2;0,1;5,03E-2;-541,2;20,00;3,9;3,9;52,94;5,29;0,040;0,0;0,00;0,049
1472;27.06.2023;15:50:46;00:24:31;250,0;181,2;24,9;28,6;23,6;276,2;67,9;0,1;5,03E-2;-541,2;20,00;3,9;3,9;52,94;5,29;0,037;0,0;0,00;0,049
1473;27.06.2023;15:50:47;00:24:32;250,0;181,2;24,9;28,6;23,6;273,3;67,7;0,1;5,02E-2;-541,2;20,00;3,9;4,0;52,94;5,29;0,040;0,0;0,01;0,049
1474;27.06.2023;15:50:48;00:24:33;250,0;181,2;24,9;28,6;23,6;271,9;67,6;0,1;5,02E-2;-541,2;20,00;3,9;4,0;52,95;5,29;0,041;0,0;0,01;0,049
1475;27.06.2023;15:50:49;00:24:34;250,0;177,9;24,9;28,5;23,6;268,9;67,3;0,1;5,01E-2;-541,2;20,00;3,9;3,9;52,95;5,29;0,038;0,0;0,01;0,049
1476;27.06.2023;15:50:50;00:24:35;250,0;174,6;24,8;28,3;23,6;266,0;67,1;0,1;5,00E-2;-541,2;20,00;3,9;3,9;52,95;5,29;0,037;0,0;0,01;0,049
1477;27.06.2023;15:50:51;00:24:36;250,0;174,6;24,8;28,3;23,6;264,6;67,0;0,1;5,00E-2;-541,2;20,00;3,9;3,9;52,95;5,29;0,036;0,0;0,01;0,049
1478;27.06.2023;15:50:52;00:24:37;250,0;174,6;24,7;28,2;23,6;261,8;66,7;0,0;5,00E-2;-541,2;20,00;3,9;3,9;52,95;5,29;0,039;0,0;0,01;0,049
1479;27.06.2023;15:50:53;00:24:38;250,0;171,4;24,7;28,2;23,6;260,4;66,6;0,0;4,99E-2;-541,2;20,00;3,9;3,9;52,95;5,29;0,038;0,0;0,01;0,049
1480;27.06.2023;15:50:54;00:24:39;250,0;171,4;24,7;28,1;23,6;257,6;66,4;0,0;4,99E-2;-541,2;20,00;3,9;3,9;52,95;5,29;0,037;0,0;0,01;0,049
1481;27.06.2023;15:50:55;00:24:40;250,0;168,4;24,7;28,1;23,6;254,8;66,1;0,0;4,99E-2;-541,2;20,00;3,9;3,9;52,95;5,30;0,038;0,0;0,01;0,049
1482;27.06.2023;15:50:56;00:24:41;250,0;165,5;24,6;28,0;23,6;253,1;66,0;0,0;4,99E-2;-541,2;20,00;3,9;3,9;52,95;5,30;0,035;0,0;0,01;0,049
1483;27.06.2023;15:50:57;00:24:42;250,0;165,5;24,5;28,0;23,5;250,3;65,7;0,0;4,98E-2;-541,2;20,00;3,9;3,9;52,95;5,30;0,035;0,0;0,01;0,049
1484;27.06.2023;15:50:58;00:24:43;250,0;162,6;24,5;27,9;23,5;247,5;65,5;0,0;4,98E-2;-541,2;20,00;3,9;4,0;52,95;5,30;0,038;0,0;0,00;0,049
1485;27.06.2023;15:50:59;00:24:44;250,0;162,6;24,5;27,9;23,5;246,1;65,4;0,0;4,98E-2;-541,2;20,00;3,9;4,0;52,95;5,30;0,036;0,0;0,00;0,049
1486;27.06.2023;15:51:00;00:24:45;250,0;159,7;24,4;27,8;23,5;243,3;65,1;0,0;4,97E-2;-541,2;20,00;3,9;3,9;52,95;5,30;0,032;0,0;0,01;0,049
1487;27.06.2023;15:51:01;00:24:46;250,0;159,7;24,4;27,8;23,5;240,4;64,9;0,0;4,96E-2;-541,2;20,00;3,9;3,9;52,95;5,30;0,030;0,0;0,00;0,049
1488;27.06.2023;15:51:02;00:24:47;250,0;159,7;24,4;27,7;23,5;238,8;64,7;0,0;4,96E-2;-541,2;20,00;3,9;3,9;52,95;5,30;0,031;0,0;0,01;0,049
1489;27.06.2023;15:51:03;00:24:48;250,0;156,8;24,4;27,7;23,5;236,0;64,4;0,0;4,96E-2;-541,2;20,00;3,9;3,9;52,95;5,30;0,030;0,0;0,01;0,049
1490;27.06.2023;15:51:04;00:24:49;250,0;154,0;24,3;27,6;23,5;233,1;64,2;0,0;4,95E-2;-541,2;20,00;3,9;3,9;52,95;5,30;0,030;0,0;0,01;0,049
1491;27.06.2023;15:51:05;00:24:50;250,0;154,0;24,3;27,6;23,5;231,7;64,0;0,0;4,95E-2;-541,2;20,00;3,9;3,9;52,95;5,30;0,028;0,0;0,00;0,049
1492;27.06.2023;15:51:06;00:24:51;250,0;151,0;24,2;27,5;23,5;228,9;63,8;0,0;4,95E-2;-541,2;20,00;3,9;3,9;52,95;5,30;0,030;0,0;0,01;0,049
1493;27.06.2023;15:51:07;00:24:52;250,0;151,0;24,2;27,5;23,5;227,5;63,6;0,0;4,95E-2;-541,2;20,00;3,9;3,9;52,96;5,30;0,028;0,0;0,01;0,049
1494;27.06.2023;15:51:08;00:24:53;250,0;151,0;24,1;27,4;23,5;224,5;63,3;0,0;4,94E-2;-541,2;20,00;3,9;3,9;52,96;5,30;0,027;0,0;0,00;0,049
1495;27.06.2023;15:51:09;00:24:54;250,0;148,1;24,1;27,4;23,5;221,6;63,1;0,0;4,94E-2;-541,2;20,00;3,9;3,9;52,96;5,30;0,029;0,0;0,01;0,049
1496;27.06.2023;15:51:10;00:24:55;250,0;148,1;24,1;27,4;23,5;220,2;62,9;0,0;4,94E-2;-541,2;20,00;3,9;3,9;52,96;5,30;0,031;0,0;0,01;0,049
1497;27.06.2023;15:51:11;00:24:56;250,0;145,2;24,1;27,3;23,4;217,4;62,7;0,0;4,93E-2;-541,2;20,00;3,9;3,9;52,96;5,30;0,033;0,0;0,01;0,049
1498;27.06.2023;15:51:12;00:24:57;250,0;145,2;24,0;27,2;23,4;214,6;62,4;0,0;4,93E-2;-541,2;20,00;3,9;3,9;52,96;5,30;0,032;0,0;0,01;0,049
1499;27.06.2023;15:51:13;00:24:58;250,0;142,3;24,0;27,2;23,4;213,2;62,2;0,0;4,93E-2;-541,2;20,00;3,9;3,9;52,96;5,30;0,030;0,0;0,01;0,049
1500;27.06.2023;15:51:14;00:24:59;250,0;139,7;23,9;27,2;23,4;210,1;61,9;0,0;4,92E-2;-541,2;20,00;3,9;3,9;52,96;5,30;0,027;0,0;0,00;0,049
1501;27.06.2023;15:51:15;00:25:00;250,0;139,7;23,9;27,2;23,4;207,3;61,6;0,0;4,91E-2;-541,2;20,00;3,9;3,8;52,96;5,31;0,026;0,0;0,01;0,049
1502;27.06.2023;15:51:16;00:25:01;250,0;137,2;23,9;27,1;23,4;205,9;61,5;0,0;4,91E-2;-541,2;20,00;3,9;3,8;52,96;5,31;0,027;0,0;0,01;0,049
1503;27.06.2023;15:51:17;00:25:02;250,0;137,2;23,8;27,1;23,4;203,1;61,2;0,0;4,91E-2;-541,2;20,00;3,9;3,9;52,96;5,31;0,028;0,0;0,00;0,049
1504;27.06.2023;15:51:18;00:25:03;250,0;134,6;23,8;27,0;23,4;200,2;60,9;0,0;4,90E-2;-541,2;20,00;3,9;3,9;52,96;5,31;0,026;0,0;0,01;0,049
1505;27.06.2023;15:51:19;00:25:04;250,0;134,6;23,8;27,0;23,4;198,8;60,8;0,0;4,90E-2;-541,2;20,00;3,9;3,9;52,96;5,31;0,025;0,0;0,00;0,049
1506;27.06.2023;15:51:20;00:25:05;250,0;134,6;23,8;26,9;23,4;195,8;60,4;0,0;4,90E-2;-541,2;20,00;3,9;3,9;52,96;5,31;0,030;0,0;0,01;0,049
1507;27.06.2023;15:51:21;00:25:06;250,0;132,0;23,8;26,9;23,4;194,4;60,3;0,0;4,90E-2;-541,2;20,00;3,9;3,9;52,96;5,31;0,029;0,0;0,01;0,049
1508;27.06.2023;15:51:22;00:25:07;250,0;132,0;23,7;26,8;23,4;191,6;60,0;0,0;4,89E-2;-541,2;20,00;3,9;3,9;52,96;5,31;0,028;0,0;0,00;0,049
1509;27.06.2023;15:51:23;00:25:08;250,0;129,5;23,7;26,8;23,4;188,7;59,7;0,0;4,89E-2;-541,2;20,00;3,9;3,9;52,96;5,31;0,024;0,0;0,00;0,049
1510;27.06.2023;15:51:24;00:25:09;250,0;127,0;23,7;26,7;23,4;187,3;59,5;0,0;4,89E-2;-541,2;20,00;3,9;3,9;52,96;5,31;0,024;0,0;0,01;0,049
1511;27.06.2023;15:51:25;00:25:10;250,0;127,0;23,7;26,7;23,4;184,5;59,2;0,0;4,88E-2;-541,2;20,00;3,9;3,9;52,96;5,31;0,027;0,0;0,01;0,049
1512;27.06.2023;15:51:26;00:25:11;250,0;127,0;23,6;26,6;23,4;181,4;58,9;0,0;4,87E-2;-541,2;20,00;3,9;3,9;52,96;5,31;0,027;0,0;0,01;0,049
1513;27.06.2023;15:51:27;00:25:12;250,0;124,4;23,6;26,6;23,4;180,0;58,7;0,0;4,87E-2;-541,2;20,00;3,9;3,9;52,96;5,31;0,028;0,0;0,00;0,049
1514;27.06.2023;15:51:28;00:25:13;250,0;124,4;23,6;26,6;23,4;177,2;58,4;0,0;4,87E-2;-541,2;20,00;3,9;3,9;52,97;5,31;0,029;0,0;0,01;0,049
1515;27.06.2023;15:51:29;00:25:14;250,0;121,9;23,6;26,6;23,4;174,4;58,1;0,0;4,86E-2;-541,2;20,00;3,9;3,9;52,97;5,31;0,028;0,0;0,00;0,049
1516;27.06.2023;15:51:30;00:25:15;250,0;121,9;23,5;26,6;23,4;173,0;57,9;0,0;4,86E-2;-541,2;20,00;3,9;3,9;52,97;5,31;0,026;0,0;0,00;0,049
1517;27.06.2023;15:51:31;00:25:16;250,0;119,5;23,5;26,5;23,4;170,2;57,6;0,0;4,86E-2;-541,2;20,00;3,9;3,8;52,97;5,31;0,022;0,0;0,00;0,049
1518;27.06.2023;15:51:32;00:25:17;250,0;119,5;23,4;26,5;23,4;168,8;57,5;0,0;4,86E-2;-541,2;20,00;3,9;3,9;52,97;5,31;0,025;0,0;0,00;0,049
1519;27.06.2023;15:51:33;00:25:18;250,0;117,1;23,4;26,4;23,4;165,7;57,1;0,0;4,86E-2;-541,2;20,00;3,9;3,9;52,97;5,31;0,027;0,0;0,00;0,049
1520;27.06.2023;15:51:34;00:25:19;250,0;114,9;23,4;26,3;23,4;162,9;56,8;0,0;4,85E-2;-541,2;20,00;3,9;3,9;52,97;5,31;0,026;0,0;0,00;0,049
1521;27.06.2023;15:51:35;00:25:20;250,0;114,9;23,4;26,3;23,4;161,5;56,6;0,0;4,85E-2;-541,2;20,00;3,9;3,9;52,97;5,31;0,023;0,0;0,00;0,049
1522;27.06.2023;15:51:36;00:25:21;250,0;114,9;23,3;26,2;23,4;158,7;56,3;0,0;4,84E-2;-541,2;20,00;3,9;4,0;52,97;5,31;0,027;0,0;0,01;0,049
1523;27.06.2023;15:51:37;00:25:22;250,0;112,8;23,3;26,2;23,3;155,8;56,0;0,0;4,84E-2;-541,2;20,00;3,9;3,9;52,97;5,32;0,026;0,0;0,00;0,049
1524;27.06.2023;15:51:38;00:25:23;250,0;112,8;23,3;26,2;23,3;154,4;55,8;0,0;4,84E-2;-541,2;20,00;3,9;4,0;52,97;5,32;0,029;0,0;0,01;0,049
1525;27.06.2023;15:51:39;00:25:24;250,0;110,6;23,3;26,1;23,3;151,4;55,4;0,0;4,83E-2;-541,2;20,00;3,9;3,9;52,97;5,32;0,028;0,0;0,01;0,049
1526;27.06.2023;15:51:40;00:25:25;250,0;110,6;23,2;26,0;23,3;148,5;55,1;0,0;4,83E-2;-541,2;20,00;3,9;3,8;52,97;5,32;0,027;0,0;0,00;0,049
1527;27.06.2023;15:51:41;00:25:26;250,0;108,6;23,2;26,0;23,3;147,1;54,9;0,0;4,82E-2;-541,2;20,00;3,9;3,9;52,97;5,32;0,029;0,0;0,00;0,049
1528;27.06.2023;15:51:42;00:25:27;250,0;106,5;23,2;26,0;23,3;144,3;54,6;0,0;4,82E-2;-541,2;20,00;3,9;3,9;52,97;5,32;0,029;0,0;0,00;0,049
1529;27.06.2023;15:51:43;00:25:28;250,0;106,5;23,2;26,0;23,3;141,5;54,2;0,0;4,82E-2;-541,2;20,00;3,9;3,9;52,97;5,32;0,024;0,0;0,01;0,049
1530;27.06.2023;15:51:44;00:25:29;250,0;104,5;23,1;25,9;23,3;140,1;54,1;0,0;4,82E-2;-541,2;20,00;3,9;3,9;52,97;5,32;0,023;0,0;0,00;0,049
1531;27.06.2023;15:51:45;00:25:30;250,0;104,5;23,0;25,8;23,3;137,0;53,7;0,0;4,82E-2;-541,2;20,00;3,9;3,9;52,97;5,32;0,022;0,0;0,00;0,049
1532;27.06.2023;15:51:46;00:25:31;250,0;104,4;23,0;25,8;23,2;135,6;53,5;0,0;4,81E-2;-541,2;20,00;3,9;3,9;52,97;5,32;0,025;0,0;0,01;0,049
1533;27.06.2023;15:51:47;00:25:32;250,0;102,3;22,9;25,7;23,2;132,8;53,1;0,0;4,81E-2;-541,2;20,00;3,9;3,9;52,97;5,32;0,024;0,0;0,01;0,049
1534;27.06.2023;15:51:48;00:25:33;250,0;102,3;22,9;25,7;23,2;130,0;52,8;0,0;4,80E-2;-541,2;20,00;3,9;3,9;52,97;5,32;0,020;0,0;0,00;0,049
1535;27.06.2023;15:51:49;00:25:34;250,0;100,2;22,9;25,6;23,2;128,6;52,6;0,0;4,80E-2;-541,2;20,00;3,9;3,9;52,97;5,32;0,022;0,0;0,01;0,049
1536;27.06.2023;15:51:50;00:25:35;250,0;100,2;22,8;25,5;23,2;125,8;52,3;0,0;4,80E-2;-541,2;20,00;3,9;3,8;52,97;5,32;0,020;0,0;0,00;0,049
1537;27.06.2023;15:51:51;00:25:36;250,0;98,2;22,8;25,5;23,2;122,7;51,9;0,0;4,79E-2;-541,2;20,00;3,9;3,9;52,97;5,32;0,024;0,0;0,00;0,049
1538;27.06.2023;15:51:52;00:25:37;250,0;98,2;22,7;25,5;23,2;121,3;51,7;0,0;4,79E-2;-541,2;20,00;3,9;3,9;52,98;5,32;0,025;0,0;0,01;0,049
1539;27.06.2023;15:51:53;00:25:38;250,0;96,2;22,7;25,5;23,2;118,5;51,3;0,0;4,78E-2;-541,2;20,00;3,9;3,9;52,98;5,32;0,029;0,0;0,00;0,049
1540;27.06.2023;15:51:54;00:25:39;250,0;94,4;22,7;25,4;23,1;115,6;50,9;0,0;4,78E-2;-541,2;20,00;3,9;3,9;52,98;5,32;0,026;0,0;0,01;0,049
1541;27.06.2023;15:51:55;00:25:40;250,0;94,4;22,7;25,4;23,1;114,2;50,8;0,0;4,78E-2;-541,2;20,00;3,9;3,9;52,98;5,32;0,027;0,0;0,01;0,049
1542;27.06.2023;15:51:56;00:25:41;250,0;94,4;22,7;25,3;23,1;111,4;50,4;0,0;4,78E-2;-541,2;20,00;3,9;3,9;52,98;5,32;0,022;0,0;0,01;0,049
1543;27.06.2023;15:51:57;00:25:42;250,0;92,6;22,7;25,3;23,1;108,4;50,0;0,0;4,77E-2;-541,2;20,00;3,9;3,9;52,98;5,32;0,020;0,0;0,00;0,049
1544;27.06.2023;15:51:58;00:25:43;250,0;92,6;22,6;25,2;23,1;107,0;49,8;0,0;4,77E-2;-541,2;20,00;3,9;4,0;52,98;5,32;0,023;0,0;0,01;0,049
1545;27.06.2023;15:51:59;00:25:44;250,0;90,9;22,6;25,2;23,1;104,1;49,4;0,0;4,77E-2;-541,2;20,00;3,9;3,9;52,98;5,32;0,022;0,0;0,01;0,049
1546;27.06.2023;15:52:00;00:25:45;250,0;89,2;22,6;25,2;23,1;102,7;49,2;0,0;4,77E-2;-541,2;20,00;3,9;3,9;52,98;5,32;0,022;0,0;0,01;0,049
1547;27.06.2023;15:52:01;00:25:46;250,0;89,2;22,6;25,2;23,1;99,9;48,8;0,0;4,76E-2;-541,2;20,00;3,9;3,9;52,98;5,32;0,020;0,0;0,01;0,049
1548;27.06.2023;15:52:02;00:25:47;250,0;87,5;22,5;25,1;23,1;97,1;48,5;0,0;4,76E-2;-541,2;20,00;3,9;3,9;52,98;5,32;0,017;0,0;0,01;0,049
1549;27.06.2023;15:52:03;00:25:48;250,0;87,5;22,5;25,1;23,1;95,4;48,2;0,0;4,75E-2;-541,2;20,00;3,9;3,9;52,98;5,33;0,016;0,0;0,01;0,049
1550;27.06.2023;15:52:04;00:25:49;250,0;85,9;22,5;25,0;23,1;92,6;47,8;0,0;4,75E-2;-541,2;20,00;3,9;3,9;52,98;5,32;0,023;0,0;0,00;0,049
1551;27.06.2023;15:52:05;00:25:50;250,0;85,9;22,5;25,0;23,1;89,8;47,5;0,0;4,74E-2;-541,2;20,00;3,9;3,8;52,98;5,33;0,018;0,0;0,00;0,049
1552;27.06.2023;15:52:06;00:25:51;250,0;85,9;22,5;25,0;23,2;88,4;47,3;0,0;4,74E-2;-541,2;20,00;3,9;3,8;52,98;5,33;0,018;0,0;0,01;0,049
1553;27.06.2023;15:52:07;00:25:52;250,0;84,2;22,5;25,0;23,2;85,6;46,9;0,0;4,74E-2;-541,2;20,00;3,9;3,9;52,98;5,33;0,020;0,0;0,00;0,049
1554;27.06.2023;15:52:08;00:25:53;250,0;84,2;22,4;25,0;23,2;82,7;46,5;0,0;4,73E-2;-541,2;20,00;3,9;3,8;52,98;5,33;0,020;0,0;0,00;0,049
1555;27.06.2023;15:52:09;00:25:54;250,0;82,4;22,4;24,9;23,2;81,1;46,2;0,0;4,73E-2;-541,2;20,00;3,9;3,9;52,98;5,33;0,017;0,0;0,01;0,049
1556;27.06.2023;15:52:10;00:25:55;250,0;82,4;22,4;24,9;23,2;78,3;45,8;0,0;4,73E-2;-541,2;20,00;3,9;3,9;52,98;5,33;0,020;0,0;0,01;0,049
1557;27.06.2023;15:52:11;00:25:56;250,0;82,4;22,4;24,9;23,2;76,9;45,6;0,0;4,73E-2;-541,2;20,00;3,9;3,9;52,98;5,33;0,021;0,0;0,01;0,049
1558;27.06.2023;15:52:12;00:25:57;250,0;80,7;22,4;24,9;23,2;74,1;45,2;0,0;4,73E-2;-541,2;20,00;3,9;3,9;52,98;5,33;0,026;0,0;0,01;0,049
1559;27.06.2023;15:52:13;00:25:58;250,0;79,0;22,3;24,8;23,1;71,2;44,8;0,0;4,72E-2;-541,2;20,00;3,9;3,9;52,98;5,33;0,024;0,0;0,01;0,049
1560;27.06.2023;15:52:14;00:25:59;250,0;79,0;22,3;24,8;23,1;69,8;44,6;0,0;4,72E-2;-541,2;20,00;3,9;3,8;52,98;5,33;0,023;0,0;0,00;0,049
1561;27.06.2023;15:52:15;00:26:00;250,0;77,6;22,3;24,7;23,1;66,8;44,2;0,0;4,71E-2;-541,2;20,00;3,9;3,9;52,98;5,33;0,017;0,0;0,01;0,049
1562;27.06.2023;15:52:16;00:26:01;250,0;77,6;22,2;24,7;23,1;63,9;43,7;0,0;4,71E-2;-541,2;20,00;3,9;3,9;52,98;5,33;0,018;0,0;0,00;0,049
1563;27.06.2023;15:52:17;00:26:02;250,0;76,1;22,2;24,7;23,1;62,5;43,5;0,0;4,71E-2;-541,2;20,00;3,9;3,9;52,98;5,33;0,018;0,0;0,00;0,049
1564;27.06.2023;15:52:18;00:26:03;250,0;76,1;22,2;24,6;23,1;59,7;43,1;0,0;4,70E-2;-541,2;20,00;3,9;3,9;52,98;5,33;0,020;0,0;0,00;0,049
1565;27.06.2023;15:52:19;00:26:04;250,0;74,7;22,2;24,6;23,1;56,9;42,7;0,0;4,70E-2;-541,2;20,00;3,9;3,8;52,98;5,33;0,020;0,0;0,01;0,049
1566;27.06.2023;15:52:20;00:26:05;250,0;74,7;22,2;24,5;23,1;55,5;42,5;0,0;4,70E-2;-541,2;20,00;3,9;3,8;52,98;5,33;0,021;0,0;0,01;0,049
1567;27.06.2023;15:52:21;00:26:06;250,0;73,4;22,2;24,5;23,1;52,4;42,0;0,0;4,69E-2;-541,2;20,00;3,9;3,9;52,99;5,33;0,025;0,0;0,00;0,049
1568;27.06.2023;15:52:22;00:26:07;250,0;72,0;22,1;24,5;23,1;49,6;41,6;0,0;4,69E-2;-541,2;20,00;3,9;3,9;52,99;5,33;0,023;0,0;0,01;0,049
1569;27.06.2023;15:52:23;00:26:08;250,0;72,0;22,1;24,5;23,1;48,2;41,4;0,0;4,69E-2;-541,2;20,00;3,9;3,9;52,99;5,33;0,022;0,0;0,01;0,049
1570;27.06.2023;15:52:24;00:26:09;250,0;70,7;22,1;24,4;23,1;45,4;41,0;0,0;4,69E-2;-541,2;20,00;3,9;3,9;52,99;5,33;0,021;0,0;0,01;0,049
1571;27.06.2023;15:52:25;00:26:10;250,0;70,7;22,1;24,4;23,1;44,0;40,7;0,0;4,68E-2;-541,2;20,00;3,9;3,9;52,99;5,33;0,019;0,0;0,00;0,049
1572;27.06.2023;15:52:26;00:26:11;250,0;70,7;22,0;24,4;23,1;41,2;40,3;0,0;4,68E-2;-541,2;20,00;3,9;3,9;52,99;5,33;0,016;0,0;0,00;0,049
1573;27.06.2023;15:52:27;00:26:12;250,0;69,3;22,0;24,3;23,1;38,1;39,8;0,0;4,67E-2;-541,2;20,00;3,9;3,9;52,99;5,33;0,021;0,0;0,00;0,049
1574;27.06.2023;15:52:28;00:26:13;250,0;69,3;22,0;24,3;23,1;36,7;39,6;0,0;4,67E-2;-541,2;20,00;3,9;3,9;52,99;5,33;0,017;0,0;0,01;0,049
1575;27.06.2023;15:52:29;00:26:14;250,0;67,9;21,9;24,2;23,0;33,9;39,2;0,0;4,67E-2;-541,2;20,00;3,9;3,9;52,99;5,33;0,015;0,0;0,01;0,049
1576;27.06.2023;15:52:30;00:26:15;250,0;66,6;21,9;24,2;23,0;31,0;38,7;0,0;4,66E-2;-541,2;20,00;3,9;3,8;52,99;5,33;0,013;0,0;0,00;0,049
1577;27.06.2023;15:52:31;00:26:16;250,0;66,6;21,9;24,2;23,0;29,6;38,5;0,0;4,66E-2;-541,2;20,00;3,9;3,9;52,99;5,33;0,014;0,0;0,01;0,049
1578;27.06.2023;15:52:32;00:26:17;250,0;66,6;21,9;24,2;23,0;26,8;38,1;0,0;4,66E-2;-541,2;20,00;3,9;3,9;52,99;5,33;0,012;0,0;0,01;0,049
1579;27.06.2023;15:52:33;00:26:18;250,0;65,3;21,9;24,1;23,0;23,8;37,6;0,0;4,65E-2;-541,2;20,00;3,9;3,9;52,99;5,33;0,009;0,0;0,01;0,049
1580;27.06.2023;15:52:34;00:26:19;250,0;65,3;21,8;24,1;23,0;22,4;37,3;0,0;4,65E-2;-541,2;20,00;3,9;3,9;52,99;5,33;0,009;0,0;0,00;0,049
1581;27.06.2023;15:52:35;00:26:20;250,0;64,1;21,8;24,0;23,0;20,0;0,0;0,0;4,65E-2;-541,2;20,00;3,0;3,8;52,99;5,33;0,016;0,0;0,01;0,049