Nr.;Datum;Zeit;P.Zeit;AV Pyro top;AV Control TC;AV Piston TC Top;AV Piston TC Bot;AV Transformer T;SV Temperature  ;AV CZ Output;AV abs. pressure;Vacuum;AV rel. pressure;SV Rel. Pressure;SV Force        ;AV Force;AV Abs. Piston T;AV Rel. Piston T;AV Speed;Power;U RMS;I RMS
;;;;°C;°C;°C;°C;°C;°C    ;%;mbar(a;mbar(a;mbar(g;mbar(g;kN    ;kN;mm;mm;mm/min;kW;V;kA
1;28.06.2023;13:40:17;00:00:00;250,0;23,2;19,9;18,6;21,4;20,0;0,0;1003,9;1,00E3;-5,5;20,00;3,0;3,0;49,27;0,42;-0,016;0,0;0,01;0,049
2;28.06.2023;13:40:18;00:00:01;250,0;23,2;19,9;18,6;21,4;20,0;0,0;1003,8;1,00E3;-5,5;20,00;3,0;3,0;49,27;0,42;-0,012;0,0;0,01;0,048
3;28.06.2023;13:40:19;00:00:02;250,0;23,2;19,9;18,6;21,4;20,0;0,0;1003,8;1,00E3;-5,5;20,00;3,0;3,0;49,27;0,42;-0,011;0,0;0,01;0,045
4;28.06.2023;13:40:20;00:00:03;250,0;23,0;19,9;18,6;21,4;20,0;0,0;1003,6;1,00E3;-5,7;20,00;3,0;3,0;49,27;0,42;-0,007;0,0;0,00;0,048
5;28.06.2023;13:40:21;00:00:04;250,0;23,0;19,9;18,6;21,4;20,0;0,0;1003,6;1,00E3;-5,8;20,00;3,0;3,0;49,27;0,42;-0,004;0,0;0,00;0,049
6;28.06.2023;13:40:22;00:00:05;250,0;22,9;19,9;18,6;21,4;20,0;0,0;1003,5;1,00E3;-5,8;20,00;3,0;3,0;49,27;0,42;-0,001;0,0;0,01;0,047
7;28.06.2023;13:40:23;00:00:06;250,0;22,9;19,9;18,6;21,4;20,0;0,0;1003,4;1,00E3;-6,0;20,00;3,0;3,0;49,27;0,42;-0,003;0,0;0,00;0,049
8;28.06.2023;13:40:24;00:00:07;250,0;22,9;19,9;18,6;21,4;20,0;0,0;1003,4;1,00E3;-6,1;20,00;3,0;3,0;49,27;0,42;-0,003;0,0;0,00;0,048
9;28.06.2023;13:40:25;00:00:08;250,0;22,7;19,9;18,6;21,4;20,0;0,0;1003,3;1,00E3;-6,1;20,00;3,0;3,0;49,27;0,42;-0,004;0,0;0,01;0,046
10;28.06.2023;13:40:26;00:00:09;250,0;22,6;19,9;18,6;21,4;20,0;0,0;992,9;9,93E2;-11,4;20,00;3,0;3,0;49,27;0,42;-0,004;0,0;0,01;0,045
11;28.06.2023;13:40:27;00:00:10;250,0;22,6;19,9;18,6;21,4;20,0;0,0;940,0;9,40E2;-66,6;20,00;3,0;3,0;49,27;0,42;0,000;0,0;0,00;0,046
12;28.06.2023;13:40:28;00:00:11;250,0;22,5;19,9;18,6;21,4;20,0;0,0;892,4;8,92E2;-112,5;20,00;3,0;3,0;49,27;0,42;0,003;0,0;0,00;0,049
13;28.06.2023;13:40:29;00:00:12;250,0;22,5;19,9;18,6;21,4;20,0;0,0;869,6;8,70E2;-137,4;20,00;3,0;3,0;49,27;0,42;0,002;0,0;0,01;0,048
14;28.06.2023;13:40:30;00:00:13;250,0;22,4;19,9;18,6;21,4;20,0;0,0;828,8;8,29E2;-176,9;20,00;3,0;3,0;49,27;0,42;0,002;0,0;0,00;0,049
15;28.06.2023;13:40:31;00:00:14;250,0;22,2;19,9;18,6;21,4;20,0;0,0;790,4;7,90E2;-217,2;20,00;3,0;3,0;49,28;0,42;0,004;0,0;0,01;0,048
16;28.06.2023;13:40:32;00:00:15;250,0;22,2;19,9;18,6;21,4;20,0;0,0;772,6;7,73E2;-233,3;20,00;3,0;3,0;49,27;0,42;0,006;0,0;0,00;0,047
17;28.06.2023;13:40:33;00:00:16;250,0;22,2;19,9;18,6;21,4;20,0;0,0;741,2;7,41E2;-266,6;20,00;3,0;3,0;49,28;0,42;0,008;0,0;0,00;0,046
18;28.06.2023;13:40:34;00:00:17;250,0;22,1;19,9;18,6;21,4;20,0;0,0;710,9;7,11E2;-297,9;20,00;3,0;3,0;49,28;0,42;0,018;0,0;0,01;0,045
19;28.06.2023;13:40:35;00:00:18;250,0;22,1;19,9;18,6;21,1;20,0;0,0;695,6;6,96E2;-311,9;20,00;3,0;3,0;49,28;0,42;0,024;0,0;0,00;0,046
20;28.06.2023;13:40:36;00:00:19;250,0;21,6;19,6;18,2;21,1;20,0;0,0;667,7;6,68E2;-338,6;20,00;3,0;3,0;49,28;0,42;0,035;0,0;0,01;0,046
21;28.06.2023;13:40:37;00:00:20;250,0;21,6;19,6;18,2;21,1;20,0;0,0;638,9;6,39E2;-368,0;20,00;3,0;3,0;49,28;0,42;0,042;0,0;0,00;0,045
22;28.06.2023;13:40:38;00:00:21;250,0;21,5;19,6;18,2;21,1;20,0;0,0;625,9;6,26E2;-380,0;20,00;3,0;3,0;49,28;0,43;0,041;0,0;0,00;0,048
23;28.06.2023;13:40:39;00:00:22;250,0;21,5;19,5;18,2;21,1;20,0;0,0;601,6;6,02E2;-405,5;20,00;3,0;3,0;49,28;0,43;0,049;0,0;0,01;0,048
24;28.06.2023;13:40:40;00:00:23;250,0;21,5;19,5;18,2;21,1;20,0;0,0;589,6;5,90E2;-416,7;20,00;3,0;3,0;49,28;0,43;0,054;0,0;0,01;0,047
25;28.06.2023;13:40:41;00:00:24;250,0;21,3;19,5;18,2;21,1;20,0;0,0;566,6;5,67E2;-440,5;20,00;3,0;3,0;49,28;0,43;0,056;0,0;0,01;0,049
26;28.06.2023;13:40:42;00:00:25;250,0;21,2;19,5;18,2;21,1;20,0;0,0;544,3;5,44E2;-463,1;20,00;3,0;3,0;49,28;0,43;0,058;0,0;0,00;0,048
27;28.06.2023;13:40:43;00:00:26;250,0;21,2;19,5;18,2;21,1;20,0;0,0;534,0;5,34E2;-473,3;20,00;3,0;3,0;49,28;0,43;0,056;0,0;0,01;0,047
28;28.06.2023;13:40:44;00:00:27;250,0;21,1;19,6;18,2;21,1;20,0;0,0;511,8;5,12E2;-496,1;20,00;3,0;3,0;49,29;0,43;0,063;0,0;0,01;0,049
29;28.06.2023;13:40:45;00:00:28;250,0;21,1;19,6;18,2;21,1;20,0;0,0;491,5;4,91E2;-514,9;20,00;3,0;3,0;49,29;0,43;0,062;0,0;0,00;0,048
30;28.06.2023;13:40:46;00:00:29;250,0;20,9;19,5;18,2;21,1;20,0;0,0;481,6;4,82E2;-524,0;20,00;3,0;3,0;49,29;0,43;0,061;0,0;0,01;0,046
31;28.06.2023;13:40:47;00:00:30;250,0;20,9;19,6;18,2;21,1;20,0;0,0;463,8;4,64E2;-541,2;20,00;3,0;3,0;49,29;0,44;0,063;0,0;0,01;0,049
32;28.06.2023;13:40:48;00:00:31;250,0;20,8;19,6;18,1;21,1;20,0;0,0;445,9;4,46E2;-541,2;20,00;3,0;3,0;49,29;0,44;0,060;0,0;0,00;0,046
33;28.06.2023;13:40:49;00:00:32;250,0;20,8;19,5;18,1;21,1;20,0;0,0;436,2;4,36E2;-541,2;20,00;3,0;3,0;49,29;0,44;0,059;0,0;0,00;0,049
34;28.06.2023;13:40:50;00:00:33;250,0;20,7;19,5;18,1;21,2;20,0;0,0;418,1;4,18E2;-541,2;20,00;3,0;3,0;49,29;0,44;0,059;0,0;0,00;0,049
35;28.06.2023;13:40:51;00:00:34;250,0;20,6;19,5;18,1;21,2;20,0;0,0;401,5;4,02E2;-541,2;20,00;3,0;3,0;49,29;0,44;0,063;0,0;0,01;0,045
36;28.06.2023;13:40:52;00:00:35;250,0;20,6;19,5;18,1;21,2;20,0;0,0;394,5;3,94E2;-541,2;20,00;3,0;3,0;49,29;0,44;0,064;0,0;0,00;0,049
37;28.06.2023;13:40:53;00:00:36;250,0;20,6;19,5;18,1;21,2;20,0;0,0;380,0;3,80E2;-541,2;20,00;3,0;3,0;49,29;0,44;0,056;0,0;0,00;0,049
38;28.06.2023;13:40:54;00:00:37;250,0;20,5;19,5;18,1;21,2;20,0;0,0;372,7;3,73E2;-541,2;20,00;3,0;3,0;49,30;0,44;0,052;0,0;0,01;0,049
39;28.06.2023;13:40:55;00:00:38;250,0;20,4;19,5;18,1;21,1;20,0;0,0;358,2;3,58E2;-541,2;20,00;3,0;3,0;49,30;0,44;0,057;0,0;0,01;0,049
40;28.06.2023;13:40:56;00:00:39;250,0;20,3;19,4;17,9;21,1;20,0;0,0;343,3;3,43E2;-541,2;20,00;3,0;3,0;49,30;0,44;0,060;0,0;0,00;0,048
41;28.06.2023;13:40:57;00:00:40;250,0;20,3;19,4;17,9;21,1;20,0;0,0;336,7;3,37E2;-541,2;20,00;3,0;3,0;49,30;0,44;0,061;0,0;0,00;0,048
42;28.06.2023;13:40:58;00:00:41;250,0;20,2;19,4;17,9;21,1;20,0;0,0;323,6;3,24E2;-541,2;20,00;3,0;3,0;49,30;0,44;0,055;0,0;0,01;0,044
43;28.06.2023;13:40:59;00:00:42;250,0;20,2;19,4;17,9;21,1;20,0;0,0;311,3;3,11E2;-541,2;20,00;3,0;3,0;49,30;0,45;0,053;0,0;0,01;0,049
44;28.06.2023;13:41:00;00:00:43;250,0;20,2;19,4;17,9;21,1;20,0;0,0;305,3;3,05E2;-541,2;20,00;3,0;3,0;49,30;0,45;0,057;0,0;0,00;0,048
45;28.06.2023;13:41:01;00:00:44;250,0;20,1;19,4;17,9;21,1;20,0;0,0;293,8;2,94E2;-541,2;20,00;3,0;3,0;49,30;0,45;0,058;0,0;0,00;0,047
46;28.06.2023;13:41:02;00:00:45;250,0;20,0;19,4;17,9;21,1;20,0;0,0;281,5;2,82E2;-541,2;20,00;3,0;3,0;49,30;0,45;0,059;0,0;0,00;0,048
47;28.06.2023;13:41:03;00:00:46;250,0;20,0;19,4;17,9;21,1;20,0;0,0;275,9;2,76E2;-541,2;20,00;3,0;3,0;49,31;0,45;0,060;0,0;0,00;0,045
48;28.06.2023;13:41:04;00:00:47;250,0;20,0;19,4;17,8;21,1;20,0;0,0;265,2;2,65E2;-541,2;20,00;3,0;3,0;49,31;0,45;0,055;0,0;0,01;0,044
49;28.06.2023;13:41:05;00:00:48;250,0;20,0;19,4;17,8;21,1;20,0;0,0;260,3;2,60E2;-541,2;20,00;3,0;2,9;49,31;0,45;0,053;0,0;0,00;0,048
50;28.06.2023;13:41:06;00:00:49;250,0;19,9;19,4;17,8;21,1;20,0;0,0;250,1;2,50E2;-541,2;20,00;3,0;3,0;49,31;0,45;0,051;0,0;0,00;0,048
51;28.06.2023;13:41:07;00:00:50;250,0;19,9;19,4;17,8;21,1;20,0;0,0;240,5;2,41E2;-541,2;20,00;3,0;3,0;49,31;0,45;0,055;0,0;0,01;0,049
52;28.06.2023;13:41:08;00:00:51;250,0;19,9;19,4;17,8;21,1;20,0;0,0;236,1;2,36E2;-541,2;20,00;3,0;3,0;49,31;0,45;0,052;0,0;0,00;0,048
53;28.06.2023;13:41:09;00:00:52;250,0;19,8;19,4;17,8;21,1;20,0;0,0;226,2;2,26E2;-541,2;20,00;3,0;3,0;49,31;0,45;0,050;0,0;0,01;0,048
54;28.06.2023;13:41:10;00:00:53;250,0;19,7;19,4;17,8;21,2;20,0;0,0;217,4;2,17E2;-541,2;20,00;3,0;3,0;49,31;0,46;0,049;0,0;0,01;0,049
55;28.06.2023;13:41:11;00:00:54;250,0;19,7;19,4;17,8;21,2;20,0;0,0;213,2;2,13E2;-541,2;20,00;3,0;3,0;49,31;0,46;0,051;0,0;0,01;0,045
56;28.06.2023;13:41:12;00:00:55;250,0;19,7;19,4;17,8;21,2;20,0;0,0;205,0;2,05E2;-541,2;20,00;3,0;3,0;49,31;0,46;0,049;0,0;0,00;0,048
57;28.06.2023;13:41:13;00:00:56;250,0;19,7;19,4;17,8;21,2;20,0;0,0;197,3;1,97E2;-541,2;20,00;3,0;3,0;49,31;0,46;0,045;0,0;0,01;0,049
58;28.06.2023;13:41:14;00:00:57;250,0;19,6;19,4;17,7;21,2;20,0;0,0;193,5;1,93E2;-541,2;20,00;3,0;3,0;49,31;0,46;0,046;0,0;0,01;0,048
59;28.06.2023;13:41:15;00:00:58;250,0;19,6;19,2;17,5;21,0;20,0;0,0;185,7;1,86E2;-541,2;20,00;3,0;3,0;49,31;0,46;0,047;0,0;0,01;0,049
60;28.06.2023;13:41:16;00:00:59;250,0;19,4;19,2;17,5;21,0;20,0;0,0;178,4;1,78E2;-541,2;20,00;3,0;3,0;49,32;0,46;0,049;0,0;0,01;0,048
61;28.06.2023;13:41:17;00:01:00;250,0;19,4;19,2;17,5;21,0;20,0;0,0;175,0;1,75E2;-541,2;20,00;3,0;2,9;49,32;0,46;0,048;0,0;0,01;0,048
62;28.06.2023;13:41:18;00:01:01;250,0;19,3;19,2;17,5;21,0;20,0;0,0;165,8;1,66E2;-541,2;20,00;3,0;3,0;49,32;0,46;0,047;0,0;0,00;0,049
63;28.06.2023;13:41:19;00:01:02;250,0;19,3;19,2;17,5;21,0;20,0;0,0;158,9;1,59E2;-541,2;20,00;3,0;3,0;49,32;0,46;0,046;0,0;0,00;0,046
64;28.06.2023;13:41:20;00:01:03;250,0;19,3;19,2;17,5;21,0;20,0;0,0;146,6;1,47E2;-541,2;20,00;3,0;3,0;49,32;0,46;0,053;0,0;0,01;0,049
65;28.06.2023;13:41:21;00:01:04;250,0;19,3;19,2;17,5;21,0;20,0;0,0;134,2;1,34E2;-541,2;20,00;3,0;3,0;49,32;0,47;0,051;0,0;0,00;0,048
66;28.06.2023;13:41:22;00:01:05;250,0;19,2;19,2;17,5;21,0;20,0;0,0;129,1;1,29E2;-541,2;20,00;3,0;3,0;49,32;0,47;0,050;0,0;0,00;0,048
67;28.06.2023;13:41:23;00:01:06;250,0;19,2;19,2;17,5;21,0;20,0;0,0;119,9;1,20E2;-541,2;20,00;3,0;3,0;49,32;0,47;0,056;0,0;0,01;0,048
68;28.06.2023;13:41:24;00:01:07;250,0;19,2;19,2;17,5;21,1;20,0;0,0;111,1;1,11E2;-541,2;20,00;3,0;3,0;49,32;0,47;0,060;0,0;0,00;0,048
69;28.06.2023;13:41:25;00:01:08;250,0;19,2;19,2;17,5;21,1;20,0;0,0;107,1;1,07E2;-541,2;20,00;3,0;3,0;49,32;0,47;0,060;0,0;0,00;0,047
70;28.06.2023;13:41:26;00:01:09;250,0;19,1;19,2;17,5;21,1;20,0;0,0;99,4;9,94E1;-541,2;20,00;3,0;3,0;49,32;0,47;0,062;0,0;0,01;0,049
71;28.06.2023;13:41:27;00:01:10;250,0;19,1;19,2;17,5;21,1;20,0;0,0;91,8;9,18E1;-541,2;20,00;3,0;3,0;49,33;0,47;0,059;0,0;0,01;0,049
72;28.06.2023;13:41:28;00:01:11;250,0;19,1;19,2;17,5;21,1;20,0;0,0;88,4;8,84E1;-541,2;20,00;3,0;3,0;49,33;0,47;0,060;0,0;0,00;0,048
73;28.06.2023;13:41:29;00:01:12;250,0;19,1;19,2;17,5;21,1;20,0;0,0;82,2;8,22E1;-541,2;20,00;3,0;3,0;49,33;0,47;0,058;0,0;0,01;0,049
74;28.06.2023;13:41:30;00:01:13;250,0;19,0;19,2;17,5;21,1;20,0;0,0;76,4;7,64E1;-541,2;20,00;3,0;3,0;49,33;0,47;0,055;0,0;0,00;0,049
75;28.06.2023;13:41:31;00:01:14;250,0;19,0;19,2;17,5;21,1;20,0;0,0;73,8;7,38E1;-541,2;20,00;3,0;3,0;49,33;0,47;0,057;0,0;0,01;0,049
76;28.06.2023;13:41:32;00:01:15;250,0;19,0;19,2;17,5;21,1;20,0;0,0;68,3;6,83E1;-541,2;20,00;3,0;3,0;49,33;0,48;0,058;0,0;0,01;0,049
77;28.06.2023;13:41:33;00:01:16;250,0;19,0;19,2;17,5;21,1;20,0;0,0;65,2;6,52E1;-541,2;20,00;3,0;3,0;49,33;0,48;0,057;0,0;0,00;0,049
78;28.06.2023;13:41:34;00:01:17;250,0;19,0;19,2;17,5;21,1;20,0;0,0;60,5;6,05E1;-541,2;20,00;3,0;3,0;49,33;0,48;0,057;0,0;0,01;0,049
79;28.06.2023;13:41:35;00:01:18;250,0;18,8;19,1;17,4;21,0;20,0;0,0;55,9;5,59E1;-541,2;20,00;3,0;3,0;49,33;0,48;0,058;0,0;0,00;0,049
80;28.06.2023;13:41:36;00:01:19;250,0;18,8;19,1;17,4;21,0;20,0;0,0;54,0;5,40E1;-541,2;20,00;3,0;2,9;49,33;0,48;0,056;0,0;0,01;0,048
81;28.06.2023;13:41:37;00:01:20;250,0;18,8;19,1;17,4;21,0;20,0;0,0;49,9;4,99E1;-541,2;20,00;3,0;3,0;49,33;0,48;0,058;0,0;0,00;0,047
82;28.06.2023;13:41:38;00:01:21;250,0;18,8;19,1;17,4;21,0;20,0;0,0;46,3;4,63E1;-541,2;20,00;3,0;3,0;49,34;0,48;0,057;0,0;0,01;0,046
83;28.06.2023;13:41:39;00:01:22;250,0;18,8;19,1;17,4;21,0;20,0;0,0;44,5;4,45E1;-541,2;20,00;3,0;3,0;49,34;0,48;0,055;0,0;0,00;0,049
84;28.06.2023;13:41:40;00:01:23;250,0;18,7;19,1;17,4;21,0;20,0;0,0;41,3;4,13E1;-541,2;20,00;3,0;3,0;49,34;0,48;0,052;0,0;0,00;0,049
85;28.06.2023;13:41:41;00:01:24;250,0;18,7;19,1;17,4;21,0;20,0;0,0;38,2;3,82E1;-541,2;20,00;3,0;3,0;49,34;0,48;0,049;0,0;0,01;0,048
86;28.06.2023;13:41:42;00:01:25;250,0;18,7;19,1;17,4;21,0;20,0;0,0;36,9;3,69E1;-541,2;20,00;3,0;3,0;49,34;0,49;0,051;0,0;0,00;0,049
87;28.06.2023;13:41:43;00:01:26;250,0;18,7;19,1;17,4;21,0;20,0;0,0;34,2;3,42E1;-541,2;20,00;3,0;3,0;49,34;0,49;0,049;0,0;0,01;0,049
88;28.06.2023;13:41:44;00:01:27;250,0;18,7;19,1;17,4;21,0;20,0;0,0;32,9;3,29E1;-541,2;20,00;3,0;2,9;49,34;0,49;0,044;0,0;0,00;0,049
89;28.06.2023;13:41:45;00:01:28;250,0;18,7;19,1;17,4;21,1;20,0;0,0;30,4;3,04E1;-541,2;20,00;3,0;3,0;49,34;0,49;0,044;0,0;0,00;0,048
90;28.06.2023;13:41:46;00:01:29;250,0;18,6;19,1;17,4;21,1;20,0;0,0;28,0;2,80E1;-541,2;20,00;3,0;3,0;49,34;0,49;0,039;0,0;0,00;0,049
91;28.06.2023;13:41:47;00:01:30;250,0;18,6;19,1;17,4;21,1;20,0;0,0;27,1;2,71E1;-541,2;20,00;3,0;3,0;49,34;0,49;0,036;0,0;0,01;0,049
92;28.06.2023;13:41:48;00:01:31;250,0;18,6;19,1;17,4;21,1;20,0;0,0;25,0;2,50E1;-541,2;20,00;3,0;3,0;49,34;0,49;0,038;0,0;0,00;0,048
93;28.06.2023;13:41:49;00:01:32;250,0;18,6;19,1;17,4;21,1;20,0;0,0;23,1;2,31E1;-541,2;20,00;3,0;3,0;49,34;0,49;0,037;0,0;0,00;0,048
94;28.06.2023;13:41:50;00:01:33;250,0;18,6;19,1;17,4;21,1;20,0;0,0;22,3;2,23E1;-541,2;20,00;3,0;3,0;49,34;0,49;0,034;0,0;0,00;0,048
95;28.06.2023;13:41:51;00:01:34;250,0;18,6;19,1;17,4;21,1;20,0;0,0;20,6;2,06E1;-541,2;20,00;3,0;3,0;49,34;0,49;0,034;0,0;0,01;0,049
96;28.06.2023;13:41:52;00:01:35;250,0;18,6;19,1;17,4;21,1;20,0;0,0;19,2;1,92E1;-541,2;20,00;3,0;3,0;49,35;0,49;0,035;0,0;0,00;0,049
97;28.06.2023;13:41:53;00:01:36;250,0;18,6;19,1;17,4;21,1;20,0;0,0;18,5;1,85E1;-541,2;20,00;3,0;3,0;49,34;0,49;0,036;0,0;0,01;0,049
98;28.06.2023;13:41:54;00:01:37;250,0;18,5;19,1;17,4;21,1;20,0;0,0;17,2;1,72E1;-541,2;20,00;3,0;3,0;49,35;0,49;0,037;0,0;0,00;0,049
99;28.06.2023;13:41:55;00:01:38;250,0;18,4;19,0;17,3;21,1;20,0;0,0;15,9;1,59E1;-541,2;20,00;3,0;3,0;49,35;0,49;0,035;0,0;0,01;0,048
100;28.06.2023;13:41:56;00:01:39;250,0;18,4;19,0;17,3;21,0;20,0;0,0;15,2;1,52E1;-541,2;20,00;3,0;3,0;49,35;0,49;0,034;0,0;0,00;0,049
101;28.06.2023;13:41:57;00:01:40;250,0;18,4;19,0;17,3;21,0;20,0;0,0;14,0;1,40E1;-541,2;20,00;3,0;3,0;49,35;0,49;0,035;0,0;0,01;0,045
102;28.06.2023;13:41:58;00:01:41;250,0;18,4;19,0;17,3;21,0;20,0;0,0;13,6;1,36E1;-541,2;20,00;3,0;3,0;49,35;0,49;0,031;0,0;0,00;0,049
103;28.06.2023;13:41:59;00:01:42;250,0;18,4;19,0;17,3;21,0;20,0;0,0;12,7;1,27E1;-541,2;20,00;3,0;3,0;49,35;0,49;0,028;0,0;0,00;0,049
104;28.06.2023;13:42:00;00:01:43;250,0;18,4;19,0;17,3;21,1;20,0;0,0;11,8;1,18E1;-541,2;20,00;3,0;3,0;49,35;0,49;0,030;0,0;0,00;0,049
105;28.06.2023;13:42:01;00:01:44;250,0;18,4;19,0;17,3;21,1;20,0;0,0;11,4;1,14E1;-541,2;20,00;3,0;3,0;49,35;0,49;0,029;0,0;0,00;0,049
106;28.06.2023;13:42:02;00:01:45;250,0;18,3;19,0;17,4;21,1;20,0;0,0;10,5;1,05E1;-541,2;20,00;3,0;3,0;49,35;0,49;0,024;0,0;0,00;0,049
107;28.06.2023;13:42:03;00:01:46;250,0;18,3;19,0;17,4;21,1;20,0;0,0;9,6;9,62E0;-541,2;20,00;3,0;3,1;49,35;0,50;0,024;0,0;0,01;0,049
108;28.06.2023;13:42:04;00:01:47;250,0;18,3;19,0;17,4;21,1;20,0;0,0;9,2;9,20E0;-541,2;20,00;3,0;3,0;49,35;0,50;0,027;0,0;0,00;0,049
109;28.06.2023;13:42:05;00:01:48;250,0;18,3;19,0;17,4;21,1;20,0;0,0;8,0;7,99E0;-541,2;20,00;3,0;3,0;49,35;0,50;0,029;0,0;0,00;0,048
110;28.06.2023;13:42:06;00:01:49;250,0;18,3;19,0;17,4;21,1;20,0;0,0;7,2;7,18E0;-541,2;20,00;3,0;3,0;49,35;0,50;0,023;0,0;0,01;0,047
111;28.06.2023;13:42:07;00:01:50;250,0;18,3;19,0;17,4;21,1;20,0;0,0;6,9;6,94E0;-541,2;20,00;3,0;3,1;49,35;0,50;0,024;0,0;0,01;0,049
112;28.06.2023;13:42:08;00:01:51;250,0;18,3;19,0;17,4;21,1;20,0;0,0;6,3;6,32E0;-541,2;20,00;3,0;3,0;49,35;0,50;0,020;0,0;0,00;0,049
113;28.06.2023;13:42:09;00:01:52;250,0;18,3;19,0;17,4;21,1;20,0;0,0;5,8;5,83E0;-541,2;20,00;3,0;3,0;49,35;0,50;0,018;0,0;0,00;0,047
114;28.06.2023;13:42:10;00:01:53;250,0;18,3;19,1;17,4;21,1;20,0;0,0;5,5;5,48E0;-541,2;20,00;3,0;3,0;49,35;0,50;0,016;0,0;0,00;0,049
115;28.06.2023;13:42:11;00:01:54;250,0;18,3;19,1;17,4;21,1;20,0;0,0;5,1;5,08E0;-541,2;20,00;3,0;2,9;49,35;0,50;0,019;0,0;0,00;0,049
116;28.06.2023;13:42:12;00:01:55;250,0;18,3;19,1;17,4;21,1;20,0;0,0;4,8;4,81E0;-541,2;20,00;3,0;3,0;49,35;0,50;0,018;0,0;0,01;0,048
117;28.06.2023;13:42:13;00:01:56;250,0;18,3;19,1;17,4;21,1;20,0;0,0;4,4;4,42E0;-541,2;20,00;3,0;3,0;49,35;0,50;0,016;0,0;0,01;0,049
118;28.06.2023;13:42:14;00:01:57;250,0;18,2;19,1;17,4;21,1;20,0;0,0;4,0;4,03E0;-541,2;20,00;3,0;3,0;49,35;0,50;0,012;0,0;0,00;0,049
119;28.06.2023;13:42:15;00:01:58;250,0;18,2;19,1;17,4;21,0;20,0;0,0;4,0;3,95E0;-541,2;20,00;3,0;2,9;49,35;0,50;0,010;0,0;0,00;0,046
120;28.06.2023;13:42:16;00:01:59;250,0;18,1;18,9;17,3;21,0;20,0;0,0;3,5;3,54E0;-541,2;20,00;3,0;2,9;49,35;0,50;0,010;0,0;0,00;0,046
121;28.06.2023;13:42:17;00:02:00;250,0;18,1;18,9;17,3;21,0;20,0;0,0;3,2;3,22E0;-541,2;20,00;3,0;3,0;49,35;0,50;0,013;0,0;0,00;0,048
122;28.06.2023;13:42:18;00:02:01;250,0;18,1;18,9;17,4;21,0;20,0;0,0;3,1;3,12E0;-541,2;20,00;3,0;3,0;49,35;0,50;0,012;0,0;0,01;0,049
123;28.06.2023;13:42:19;00:02:02;250,0;18,1;19,0;17,4;21,0;20,0;0,0;2,9;2,93E0;-541,2;20,00;3,0;3,0;49,35;0,50;0,012;0,0;0,01;0,048
124;28.06.2023;13:42:20;00:02:03;250,0;18,1;19,0;17,4;21,0;20,0;0,0;2,7;2,69E0;-541,2;20,00;3,0;3,0;49,35;0,50;0,011;0,0;0,00;0,046
125;28.06.2023;13:42:21;00:02:04;250,0;18,1;19,0;17,4;21,0;20,0;0,0;2,7;2,66E0;-541,2;20,00;3,0;3,0;49,35;0,50;0,013;0,0;0,00;0,049
126;28.06.2023;13:42:22;00:02:05;250,0;18,1;19,0;17,4;21,1;20,0;0,0;2,5;2,48E0;-541,2;20,00;3,0;3,0;49,35;0,50;0,014;0,0;0,01;0,049
127;28.06.2023;13:42:23;00:02:06;250,0;18,1;19,0;17,4;21,1;20,0;0,0;2,4;2,39E0;-541,2;20,00;3,0;3,0;49,35;0,50;0,013;0,0;0,01;0,049
128;28.06.2023;13:42:24;00:02:07;250,0;18,1;19,0;17,4;21,1;20,0;0,0;2,2;2,21E0;-541,2;20,00;3,0;3,0;49,35;0,50;0,012;0,0;0,00;0,049
129;28.06.2023;13:42:25;00:02:08;250,0;18,1;19,0;17,4;21,1;20,0;0,0;2,0;2,02E0;-541,2;20,00;3,0;3,0;49,35;0,50;0,013;0,0;0,00;0,048
130;28.06.2023;13:42:26;00:02:09;250,0;18,1;19,0;17,4;21,1;20,0;0,0;2,0;1,95E0;-541,2;20,00;3,0;3,0;49,36;0,50;0,012;0,0;0,01;0,048
131;28.06.2023;13:42:27;00:02:10;250,0;18,1;19,0;17,4;21,1;20,0;0,0;1,8;1,85E0;-541,2;20,00;3,0;3,0;49,36;0,50;0,009;0,0;0,01;0,049
132;28.06.2023;13:42:28;00:02:11;250,0;18,1;19,0;17,4;21,1;20,0;0,0;1,7;1,74E0;-541,2;20,00;3,0;3,0;49,36;0,50;0,010;0,0;0,00;0,049
133;28.06.2023;13:42:29;00:02:12;250,0;18,1;19,0;17,4;21,1;20,0;0,0;1,7;1,71E0;-541,2;20,00;3,0;3,0;49,36;0,50;0,009;0,0;0,01;0,048
134;28.06.2023;13:42:30;00:02:13;250,0;18,0;19,0;17,4;21,1;20,0;0,0;1,6;1,62E0;-541,2;20,00;3,0;2,9;49,36;0,50;0,007;0,0;0,00;0,049
135;28.06.2023;13:42:31;00:02:14;250,0;18,0;19,0;17,5;21,1;20,0;0,0;1,5;1,54E0;-541,2;20,00;3,0;2,9;49,36;0,50;0,006;0,0;0,00;0,049
136;28.06.2023;13:42:32;00:02:15;250,0;18,0;19,0;17,5;21,1;20,0;0,0;1,5;1,50E0;-541,2;20,00;3,0;2,9;49,36;0,50;0,007;0,0;0,00;0,049
137;28.06.2023;13:42:33;00:02:16;250,0;18,0;19,0;17,5;21,1;20,0;0,0;1,4;1,43E0;-541,2;20,00;3,0;3,0;49,36;0,50;0,012;0,0;0,01;0,048
138;28.06.2023;13:42:34;00:02:17;250,0;18,0;19,0;17,5;21,1;20,0;0,0;1,4;1,36E0;-541,2;20,00;3,0;3,0;49,36;0,50;0,010;0,0;0,00;0,049
139;28.06.2023;13:42:35;00:02:18;250,0;17,9;19,0;17,5;21,0;20,0;0,0;1,3;1,31E0;-541,2;20,00;3,0;3,0;49,36;0,50;0,009;0,0;0,01;0,049
140;28.06.2023;13:42:36;00:02:19;250,0;17,9;18,9;17,4;21,0;20,0;0,0;1,3;1,25E0;-541,2;20,00;3,0;3,1;49,36;0,50;0,013;0,0;0,01;0,049
141;28.06.2023;13:42:37;00:02:20;250,0;17,9;18,9;17,4;21,0;20,0;0,0;1,2;1,22E0;-541,2;20,00;3,0;3,0;49,36;0,50;0,010;0,0;0,00;0,047
142;28.06.2023;13:42:38;00:02:21;250,0;17,9;18,9;17,4;21,0;20,0;0,0;1,2;1,19E0;-541,2;20,00;3,0;3,0;49,36;0,50;0,009;0,0;0,00;0,049
143;28.06.2023;13:42:39;00:02:22;250,0;17,9;18,9;17,4;21,0;20,0;0,0;1,1;1,12E0;-541,2;20,00;3,0;3,0;49,36;0,50;0,011;0,0;0,00;0,049
144;28.06.2023;13:42:40;00:02:23;250,0;17,9;18,9;17,4;21,0;20,0;0,0;1,1;1,09E0;-541,2;20,00;3,0;3,0;49,36;0,50;0,011;0,0;0,00;0,049
145;28.06.2023;13:42:41;00:02:24;250,0;17,9;18,9;17,4;21,0;20,0;0,0;1,1;1,05E0;-541,2;20,00;3,0;3,0;49,36;0,50;0,012;0,0;0,00;0,049
146;28.06.2023;13:42:42;00:02:25;250,0;17,8;18,9;17,4;21,0;20,0;0,0;1,0;9,78E-1;-541,2;20,00;3,0;3,1;49,36;0,50;0,011;0,0;0,00;0,049
147;28.06.2023;13:42:43;00:02:26;250,0;17,8;18,9;17,4;21,0;20,0;0,0;1,0;9,62E-1;-541,2;20,00;3,0;3,0;49,36;0,50;0,007;0,0;0,00;0,049
148;28.06.2023;13:42:44;00:02:27;250,0;17,8;18,9;17,4;21,0;20,0;0,0;0,9;9,27E-1;-541,2;20,00;3,0;3,0;49,36;0,50;0,008;0,0;0,01;0,049
149;28.06.2023;13:42:45;00:02:28;250,0;17,8;18,9;17,4;21,0;20,0;0,0;0,9;8,95E-1;-541,2;20,00;3,0;3,0;49,36;0,50;0,006;0,0;0,01;0,049
150;28.06.2023;13:42:46;00:02:29;250,0;17,9;18,9;17,4;21,0;20,0;0,0;0,9;8,75E-1;-541,2;20,00;3,0;3,0;49,36;0,50;0,009;0,0;0,01;0,049
151;28.06.2023;13:42:47;00:02:30;250,0;17,9;18,9;17,4;21,0;20,0;0,0;0,8;8,44E-1;-541,2;20,00;3,0;3,0;49,36;0,50;0,010;0,0;0,01;0,049
152;28.06.2023;13:42:48;00:02:31;250,0;17,9;18,9;17,4;21,0;20,0;0,0;0,8;8,12E-1;-541,2;20,00;3,0;3,0;49,36;0,51;0,007;0,0;0,00;0,048
153;28.06.2023;13:42:49;00:02:32;250,0;17,9;18,9;17,4;21,0;20,0;0,0;0,8;7,96E-1;-541,2;20,00;3,0;3,0;49,36;0,51;0,008;0,0;0,01;0,049
154;28.06.2023;13:42:50;00:02:33;250,0;17,9;18,9;17,4;21,0;20,0;0,0;0,8;7,70E-1;-541,2;20,00;3,0;3,0;49,36;0,50;0,006;0,0;0,00;0,049
155;28.06.2023;13:42:51;00:02:34;250,0;17,9;18,9;17,4;21,0;20,0;0,0;0,8;7,58E-1;-541,2;20,00;3,0;3,0;49,36;0,50;0,005;0,0;0,00;0,048
156;28.06.2023;13:42:52;00:02:35;250,0;17,9;18,9;17,5;21,0;20,0;0,0;0,7;7,33E-1;-541,2;20,00;3,0;2,9;49,36;0,51;0,006;0,0;0,01;0,049
157;28.06.2023;13:42:53;00:02:36;250,0;17,9;18,9;17,5;21,0;20,0;0,0;0,7;7,10E-1;-541,2;20,00;3,0;3,0;49,36;0,50;0,007;0,0;0,00;0,049
158;28.06.2023;13:42:54;00:02:37;250,0;17,8;18,9;17,5;21,1;20,0;0,0;0,7;6,99E-1;-541,2;20,00;3,0;3,0;49,36;0,51;0,003;0,0;0,00;0,048
159;28.06.2023;13:42:55;00:02:38;250,0;17,8;18,9;17,5;21,1;20,0;0,0;0,7;6,76E-1;-541,2;20,00;3,0;3,0;49,36;0,50;0,008;0,0;0,01;0,049
160;28.06.2023;13:42:56;00:02:39;250,0;17,8;18,9;17,4;21,0;20,0;0,0;0,7;6,55E-1;-541,2;20,00;3,0;3,0;49,36;0,51;0,007;0,0;0,00;0,048
161;28.06.2023;13:42:57;00:02:40;250,0;17,8;18,9;17,4;21,0;20,0;0,0;0,6;6,44E-1;-541,2;20,00;3,0;3,0;49,36;0,51;0,007;0,0;0,00;0,049
162;28.06.2023;13:42:58;00:02:41;250,0;17,8;18,9;17,4;21,0;20,0;0,0;0,6;6,21E-1;-541,2;20,00;3,0;3,0;49,36;0,51;0,008;0,0;0,00;0,048
163;28.06.2023;13:42:59;00:02:42;250,0;17,8;18,9;17,4;21,1;20,0;0,0;0,6;6,00E-1;-541,2;20,00;3,0;3,1;49,36;0,51;0,009;0,0;0,00;0,049
164;28.06.2023;13:43:00;00:02:43;250,0;17,8;18,9;17,4;21,1;20,0;0,0;0,6;5,90E-1;-541,2;20,00;3,0;3,1;49,36;0,51;0,007;0,0;0,01;0,049
165;28.06.2023;13:43:01;00:02:44;250,0;17,8;18,9;17,4;21,1;20,0;0,0;0,6;5,69E-1;-541,2;20,00;3,0;3,0;49,36;0,51;0,007;0,0;0,00;0,048
166;28.06.2023;13:43:02;00:02:45;250,0;17,8;18,9;17,4;21,1;20,0;0,0;0,6;5,60E-1;-541,2;20,00;3,0;3,0;49,36;0,51;0,007;0,0;0,00;0,046
167;28.06.2023;13:43:03;00:02:46;250,0;17,8;18,9;17,4;21,1;20,0;0,0;0,5;5,39E-1;-541,2;20,00;3,0;3,0;49,36;0,51;0,004;0,0;0,01;0,049
168;28.06.2023;13:43:04;00:02:47;250,0;17,8;18,9;17,5;21,1;20,0;0,0;0,5;5,22E-1;-541,2;20,00;3,0;3,0;49,36;0,51;0,005;0,0;0,00;0,049
169;28.06.2023;13:43:05;00:02:48;250,0;17,8;18,9;17,5;21,1;20,0;0,0;0,5;5,15E-1;-541,2;20,00;3,0;3,0;49,36;0,51;0,002;0,0;0,00;0,046
170;28.06.2023;13:43:06;00:02:49;250,0;17,8;18,9;17,5;21,1;20,0;0,0;0,5;5,00E-1;-541,2;20,00;3,0;3,0;49,36;0,51;0,004;0,0;0,00;0,049
171;28.06.2023;13:43:07;00:02:50;250,0;17,8;18,9;17,5;21,1;20,0;0,0;0,5;4,86E-1;-541,2;20,00;3,0;3,0;49,36;0,51;0,006;0,0;0,00;0,048
172;28.06.2023;13:43:08;00:02:51;250,0;17,8;18,9;17,5;21,1;20,0;0,0;0,5;4,79E-1;-541,2;20,00;3,0;3,1;49,36;0,51;0,008;0,0;0,00;0,049
173;28.06.2023;13:43:09;00:02:52;250,0;17,8;18,9;17,5;21,1;20,0;0,0;0,5;4,67E-1;-541,2;20,00;3,0;3,0;49,36;0,51;0,005;0,0;0,00;0,049
174;28.06.2023;13:43:10;00:02:53;250,0;17,8;18,9;17,5;21,1;20,0;0,0;0,5;4,52E-1;-541,2;20,00;3,0;2,9;49,36;0,51;0,005;0,0;0,00;0,049
175;28.06.2023;13:43:11;00:02:54;250,0;17,8;18,9;17,5;21,1;20,0;0,0;0,4;4,46E-1;-541,2;20,00;3,0;2,9;49,36;0,51;0,005;0,0;0,01;0,049
176;28.06.2023;13:43:12;00:02:55;250,0;17,8;18,9;17,5;21,1;20,0;0,0;0,4;4,34E-1;-541,2;20,00;3,0;3,0;49,36;0,51;0,007;0,0;0,00;0,049
177;28.06.2023;13:43:13;00:02:56;250,0;17,8;18,9;17,5;21,1;20,0;0,2;28,2;2,82E1;-541,2;20,00;3,0;3,0;49,36;0,51;0,006;0,0;0,01;0,049
178;28.06.2023;13:43:14;00:02:57;250,0;17,8;18,9;17,5;21,1;20,0;0,2;62,4;6,24E1;-541,2;20,00;3,0;3,0;49,36;0,51;0,006;0,0;0,01;0,049
179;28.06.2023;13:43:15;00:02:58;250,0;17,7;18,8;17,5;21,0;20,0;0,2;117,8;1,18E2;-541,2;20,00;3,0;3,1;49,36;0,51;0,010;0,0;0,00;0,049
180;28.06.2023;13:43:16;00:02:59;250,0;17,7;18,8;17,4;21,0;20,0;0,2;146,9;1,47E2;-541,2;20,00;3,0;3,0;49,36;0,51;0,006;0,0;0,01;0,049
181;28.06.2023;13:43:17;00:03:00;250,0;17,7;18,8;17,4;21,0;20,0;0,2;205,7;2,06E2;-541,2;20,00;3,0;3,0;49,36;0,51;0,002;0,0;0,00;0,049
182;28.06.2023;13:43:18;00:03:01;250,0;17,8;18,8;17,4;21,0;20,0;0,2;261,8;2,62E2;-541,2;20,00;3,0;2,9;49,36;0,51;-0,005;0,0;0,01;0,049
183;28.06.2023;13:43:19;00:03:02;250,0;17,8;18,8;17,4;21,0;20,0;0,2;289,4;2,89E2;-541,2;20,00;3,0;3,0;49,36;0,51;-0,002;0,0;0,01;0,049
184;28.06.2023;13:43:20;00:03:03;250,0;17,8;18,8;17,5;21,0;20,0;0,2;345,3;3,45E2;-541,2;20,00;3,0;3,0;49,36;0,51;-0,005;0,0;0,01;0,049
185;28.06.2023;13:43:21;00:03:04;250,0;18,0;18,8;17,5;21,1;20,0;0,2;401,9;4,02E2;-541,2;20,00;3,0;3,0;49,36;0,51;-0,006;0,0;0,01;0,049
186;28.06.2023;13:43:22;00:03:05;250,0;18,1;18,8;17,5;21,1;20,0;0,2;429,9;4,30E2;-541,2;20,00;3,0;3,0;49,36;0,51;-0,011;0,0;0,00;0,049
187;28.06.2023;13:43:23;00:03:06;250,0;18,1;18,8;17,5;21,1;20,0;0,2;489,9;4,90E2;-519,4;20,00;3,0;3,0;49,36;0,51;-0,009;0,0;0,01;0,049
188;28.06.2023;13:43:24;00:03:07;250,0;18,2;18,8;17,5;21,1;20,0;0,2;545,2;5,45E2;-468,3;20,00;3,0;3,0;49,36;0,51;-0,014;0,0;0,01;0,049
189;28.06.2023;13:43:25;00:03:08;250,0;18,2;18,8;17,5;21,1;20,0;0,2;571,5;5,72E2;-438,6;20,00;3,0;3,0;49,36;0,50;-0,013;0,0;0,00;0,049
190;28.06.2023;13:43:26;00:03:09;250,0;18,4;18,8;17,6;21,1;20,0;0,2;626,3;6,26E2;-387,1;20,00;3,0;2,9;49,36;0,50;-0,024;0,0;0,00;0,049
191;28.06.2023;13:43:27;00:03:10;250,0;18,4;18,8;17,6;21,1;20,0;0,2;653,8;6,54E2;-356,9;20,00;3,0;3,0;49,36;0,50;-0,030;0,0;0,00;0,049
192;28.06.2023;13:43:28;00:03:11;250,0;18,4;18,9;17,7;21,1;20,0;0,2;708,3;7,08E2;-304,7;20,00;3,0;3,0;49,36;0,50;-0,040;0,0;0,00;0,046
193;28.06.2023;13:43:29;00:03:12;250,0;18,5;18,9;17,7;21,1;20,0;0,2;767,9;7,68E2;-243,8;20,00;3,0;3,0;49,35;0,50;-0,049;0,0;0,01;0,049
194;28.06.2023;13:43:30;00:03:13;250,0;18,6;18,9;17,7;21,1;20,0;0,2;795,1;7,95E2;-217,9;20,00;3,0;3,0;49,35;0,50;-0,054;0,0;0,01;0,049
195;28.06.2023;13:43:31;00:03:14;250,0;18,6;18,9;17,7;21,1;20,0;0,2;850,8;8,51E2;-161,9;20,00;3,0;3,0;49,35;0,50;-0,061;0,0;0,00;0,049
196;28.06.2023;13:43:32;00:03:15;250,0;18,7;18,9;17,8;21,1;20,0;0,1;905,4;9,05E2;-110,3;20,00;3,0;3,0;49,35;0,49;-0,070;0,0;0,00;0,048
197;28.06.2023;13:43:33;00:03:16;250,0;18,7;18,9;17,8;21,1;20,0;0,1;931,8;9,32E2;-79,9;20,00;3,0;3,0;49,35;0,49;-0,074;0,0;0,00;0,049
198;28.06.2023;13:43:34;00:03:17;250,0;18,8;18,9;17,9;21,1;20,0;0,1;987,3;9,87E2;-27,8;20,00;3,0;3,0;49,35;0,49;-0,085;0,0;0,01;0,049
199;28.06.2023;13:43:35;00:03:18;250,0;18,8;19,0;18,0;21,1;20,0;0,1;1036,7;1,04E3;25,0;20,00;3,0;3,0;49,34;0,49;-0,098;0,0;0,01;0,048
200;28.06.2023;13:43:36;00:03:19;250,0;18,9;19,0;18,0;21,2;20,0;0,1;1032,5;1,03E3;24,6;20,00;3,0;3,0;49,34;0,49;-0,100;0,0;0,00;0,049
201;28.06.2023;13:43:37;00:03:20;250,0;19,0;19,1;18,1;21,2;20,0;0,1;1049,1;1,05E3;40,1;20,00;3,0;3,0;49,34;0,49;-0,097;0,0;0,01;0,048
202;28.06.2023;13:43:38;00:03:21;250,0;19,1;19,1;18,2;21,2;20,0;0,1;1037,0;1,04E3;27,0;20,00;3,0;3,0;49,34;0,49;-0,080;0,0;0,01;0,049
203;28.06.2023;13:43:39;00:03:22;250,0;19,1;19,1;18,2;21,2;20,0;0,1;1032,6;1,03E3;22,8;20,00;3,0;2,9;49,34;0,49;-0,073;0,0;0,01;0,049
204;28.06.2023;13:43:40;00:03:23;250,0;19,1;19,1;18,3;21,2;20,0;0,1;1025,6;1,03E3;15,8;20,00;3,0;3,0;49,34;0,49;-0,057;0,0;0,01;0,049
205;28.06.2023;13:43:41;00:03:24;250,0;19,1;19,1;18,3;21,2;20,0;0,1;1047,5;1,05E3;38,0;20,00;3,0;3,0;49,34;0,49;-0,046;0,0;0,00;0,049
206;28.06.2023;13:43:42;00:03:25;250,0;19,1;19,1;18,4;21,2;20,0;0,1;1039,8;1,04E3;30,4;20,00;3,0;3,0;49,34;0,49;-0,038;0,0;0,01;0,049
207;28.06.2023;13:43:43;00:03:26;250,0;19,1;19,1;18,4;21,2;20,0;0,1;1034,5;1,03E3;24,9;20,00;3,0;3,0;49,34;0,49;-0,025;0,0;0,01;0,049
208;28.06.2023;13:43:44;00:03:27;250,0;19,1;19,1;18,4;21,2;20,0;0,1;1032,5;1,03E3;23,0;20,00;3,0;3,0;49,34;0,49;-0,022;0,0;0,00;0,049
209;28.06.2023;13:43:45;00:03:28;250,0;19,1;19,1;18,4;21,2;20,0;0,1;1029,0;1,03E3;19,5;20,00;3,0;3,0;49,34;0,49;-0,012;0,0;0,01;0,049
210;28.06.2023;13:43:46;00:03:29;250,0;19,1;19,1;18,5;21,2;20,0;0,1;1026,2;1,03E3;16,6;20,00;3,0;3,0;49,34;0,49;-0,009;0,0;0,01;0,049
211;28.06.2023;13:43:47;00:03:30;250,0;19,1;19,1;18,5;21,2;20,0;0,1;1049,7;1,05E3;40,3;20,00;3,0;3,0;49,34;0,49;-0,007;0,0;0,01;0,048
212;28.06.2023;13:43:48;00:03:31;250,0;19,1;19,1;18,6;21,2;20,0;0,1;1045,5;1,05E3;35,7;20,00;3,0;3,0;49,34;0,49;-0,008;0,0;0,00;0,049
213;28.06.2023;13:43:49;00:03:32;250,0;19,1;19,1;18,6;21,2;20,0;0,1;1042,4;1,04E3;32,8;20,00;3,0;3,0;49,34;0,49;-0,005;0,0;0,01;0,049
214;28.06.2023;13:43:50;00:03:33;250,0;19,0;19,2;18,7;21,2;20,0;0,1;1041,1;1,04E3;31,4;20,00;3,0;3,0;49,34;0,49;-0,003;0,0;0,00;0,049
215;28.06.2023;13:43:51;00:03:34;250,0;19,0;19,2;18,7;21,2;20,0;0,1;1038,9;1,04E3;29,3;20,00;3,0;3,0;49,34;0,49;0,001;0,0;0,00;0,046
216;28.06.2023;13:43:52;00:03:35;250,0;19,0;19,2;18,7;21,2;20,0;0,1;1037,2;1,04E3;27,5;20,00;3,0;3,0;49,34;0,49;0,002;0,0;0,01;0,048
217;28.06.2023;13:43:53;00:03:36;250,0;19,0;19,2;18,7;21,2;20,0;0,1;1036,4;1,04E3;26,9;20,00;3,0;2,9;49,34;0,49;-0,001;0,0;0,00;0,049
218;28.06.2023;13:43:54;00:03:37;250,0;19,0;19,2;18,8;21,2;20,0;0,1;1035,0;1,04E3;25,6;20,00;3,0;3,0;49,34;0,49;-0,005;0,0;0,01;0,049
219;28.06.2023;13:43:55;00:03:38;250,0;19,0;19,2;18,8;21,3;20,0;0,1;1034,5;1,03E3;25,0;20,00;3,0;3,0;49,34;0,49;-0,002;0,0;0,00;0,049
220;28.06.2023;13:43:56;00:03:39;250,0;19,1;19,3;18,9;21,3;20,0;0,1;1033,4;1,03E3;23,8;20,00;3,0;3,0;49,34;0,49;-0,003;0,0;0,01;0,049
221;28.06.2023;13:43:57;00:03:40;250,0;19,0;19,3;18,9;21,3;20,0;0,1;1032,6;1,03E3;23,2;20,00;3,0;3,0;49,34;0,49;0,001;0,0;0,01;0,049
222;28.06.2023;13:43:58;00:03:41;250,0;19,0;19,3;18,9;21,3;20,0;0,1;1032,2;1,03E3;22,6;20,00;3,0;3,0;49,34;0,49;0,005;0,0;0,01;0,049
223;28.06.2023;13:43:59;00:03:42;250,0;19,0;19,3;18,9;21,3;20,0;0,1;1031,5;1,03E3;22,0;20,00;3,0;2,9;49,34;0,49;-0,002;0,0;0,00;0,048
224;28.06.2023;13:44:00;00:03:43;250,0;19,0;19,3;19,0;21,3;20,0;0,1;1030,8;1,03E3;21,4;20,00;3,0;3,0;49,34;0,49;0,000;0,0;0,01;0,049
225;28.06.2023;13:44:01;00:03:44;250,0;19,0;19,3;19,0;21,3;20,0;0,1;1030,5;1,03E3;21,1;20,00;3,0;3,0;49,34;0,49;0,002;0,0;0,01;0,049
226;28.06.2023;13:44:02;00:03:45;250,0;18,9;19,2;19,0;21,3;20,0;0,1;1030,0;1,03E3;20,5;20,00;3,0;3,0;49,34;0,49;0,002;0,0;0,00;0,049
227;28.06.2023;13:44:03;00:03:46;250,0;18,9;19,2;19,0;21,3;20,0;0,1;1029,6;1,03E3;20,1;20,00;3,0;3,0;49,34;0,49;0,003;0,0;0,00;0,049
228;28.06.2023;13:44:04;00:03:47;250,0;18,9;19,2;19,0;21,3;20,0;0,1;1029,4;1,03E3;19,8;20,00;3,0;3,1;49,34;0,49;0,005;0,0;0,00;0,049
229;28.06.2023;13:44:05;00:03:48;250,0;18,9;19,2;19,0;21,3;20,0;0,1;1029,0;1,03E3;19,5;20,00;3,0;3,0;49,34;0,49;0,001;0,0;0,00;0,049
230;28.06.2023;13:44:06;00:03:49;250,0;18,9;19,3;19,0;21,3;20,0;0,1;1028,8;1,03E3;19,5;20,00;3,0;3,1;49,34;0,49;0,002;0,0;0,00;0,049
231;28.06.2023;13:44:07;00:03:50;250,0;18,9;19,3;19,0;21,3;20,0;0,2;1028,5;1,03E3;19,0;20,00;3,0;3,0;49,34;0,49;0,002;0,0;0,00;0,049
232;28.06.2023;13:44:08;00:03:51;250,0;18,8;19,3;19,0;21,3;20,0;0,2;1028,3;1,03E3;18,7;20,00;3,0;3,0;49,34;0,49;0,001;0,0;0,00;0,049
233;28.06.2023;13:44:09;00:03:52;250,0;18,8;19,3;19,0;21,3;20,0;0,2;1028,1;1,03E3;18,6;20,00;3,0;3,0;49,34;0,49;0,001;0,0;0,01;0,049
234;28.06.2023;13:44:10;00:03:53;250,0;18,8;19,2;19,0;21,3;20,0;0,2;1027,9;1,03E3;18,3;20,00;3,0;2,9;49,34;0,49;-0,001;0,0;0,00;0,049
235;28.06.2023;13:44:11;00:03:54;250,0;18,8;19,2;19,0;21,3;20,0;0,2;1027,7;1,03E3;18,1;20,00;3,0;3,0;49,34;0,49;0,000;0,0;0,01;0,049
236;28.06.2023;13:44:12;00:03:55;250,0;18,8;19,2;19,0;21,3;20,0;0,2;1027,5;1,03E3;18,0;20,00;3,0;3,0;49,34;0,49;0,002;0,0;0,01;0,049
237;28.06.2023;13:44:13;00:03:56;250,0;18,8;19,2;19,0;21,3;20,0;0,2;1027,4;1,03E3;17,9;20,00;3,0;3,0;49,34;0,49;0,001;0,0;0,00;0,049
238;28.06.2023;13:44:14;00:03:57;250,0;18,7;19,2;19,0;21,3;20,0;0,2;1027,1;1,03E3;17,7;20,00;3,0;3,0;49,34;0,49;0,002;0,0;0,00;0,049
239;28.06.2023;13:44:15;00:03:58;250,0;18,7;19,2;19,0;21,3;20,0;0,2;1027,1;1,03E3;17,7;20,00;3,0;3,0;49,34;0,49;0,000;0,0;0,01;0,049
240;28.06.2023;13:44:16;00:03:59;250,0;18,8;19,3;19,1;21,4;20,0;0,2;1026,9;1,03E3;17,4;20,00;3,0;2,9;49,34;0,49;0,000;0,0;0,00;0,049
241;28.06.2023;13:44:17;00:04:00;250,0;18,8;19,3;19,1;21,4;20,0;0,2;1026,8;1,03E3;17,4;20,00;3,0;3,0;49,34;0,49;0,000;0,0;0,00;0,049
242;28.06.2023;13:44:18;00:04:01;250,0;18,8;19,3;19,1;21,4;20,0;0,2;1026,7;1,03E3;17,4;20,00;3,0;2,9;49,34;0,49;-0,001;0,0;0,01;0,049
243;28.06.2023;13:44:19;00:04:02;250,0;18,8;19,3;19,1;21,4;20,0;0,2;1026,6;1,03E3;17,1;20,00;3,0;3,0;49,34;0,49;0,000;0,0;0,00;0,049
244;28.06.2023;13:44:20;00:04:03;250,0;18,8;19,3;19,1;21,4;20,0;0,2;1026,6;1,03E3;17,1;20,00;3,0;3,0;49,34;0,49;0,000;0,0;0,00;0,048
245;28.06.2023;13:44:21;00:04:04;250,0;18,8;19,3;19,0;21,3;20,0;0,2;1026,5;1,03E3;17,1;20,00;3,0;3,0;49,34;0,49;0,000;0,0;0,01;0,049
246;28.06.2023;13:44:22;00:04:05;250,0;18,7;19,3;19,0;21,3;20,0;0,2;1026,4;1,03E3;17,0;20,00;3,0;2,9;49,34;0,49;-0,004;0,0;0,01;0,049
247;28.06.2023;13:44:23;00:04:06;250,0;18,7;19,3;19,0;21,3;20,0;0,2;1057,7;1,06E3;44,7;20,00;3,0;2,9;49,34;0,49;-0,001;0,0;0,01;0,049
248;28.06.2023;13:44:24;00:04:07;250,0;18,7;19,3;19,0;21,3;20,0;0,2;1055,8;1,06E3;46,4;20,00;3,0;2,9;49,34;0,49;-0,001;0,0;0,01;0,049
249;28.06.2023;13:44:25;00:04:08;250,0;18,7;19,3;19,0;21,3;20,0;0,2;1054,3;1,05E3;44,7;20,00;3,0;3,0;49,34;0,49;-0,005;0,0;0,01;0,049
250;28.06.2023;13:44:26;00:04:09;250,0;18,7;19,3;19,0;21,3;20,0;0,2;1053,7;1,05E3;44,3;20,00;3,0;3,0;49,34;0,49;0,000;0,0;0,01;0,049
251;28.06.2023;13:44:27;00:04:10;250,1;18,7;19,3;19,0;21,3;20,0;0,2;1052,7;1,05E3;43,3;20,00;3,0;3,0;49,34;0,49;-0,003;0,0;0,01;0,049
252;28.06.2023;13:44:28;00:04:11;250,0;18,7;19,3;19,0;21,3;20,0;0,2;1051,9;1,05E3;42,4;20,00;3,0;3,1;49,34;0,49;0,003;0,0;0,00;0,048
253;28.06.2023;13:44:29;00:04:12;250,0;18,7;19,3;19,0;21,3;20,0;0,2;1051,5;1,05E3;42,1;20,00;3,0;3,0;49,34;0,49;0,003;0,0;0,01;0,049
254;28.06.2023;13:44:30;00:04:13;250,0;18,6;19,3;18,9;21,3;20,0;0,2;1050,9;1,05E3;41,5;20,00;3,0;2,9;49,34;0,49;0,001;0,0;0,00;0,049
255;28.06.2023;13:44:31;00:04:14;250,0;18,6;19,3;18,9;21,3;20,0;0,2;1050,3;1,05E3;40,9;20,00;3,0;3,0;49,34;0,49;0,002;0,0;0,00;0,049
256;28.06.2023;13:44:32;00:04:15;250,0;18,6;19,3;18,9;21,3;20,0;0,2;1050,1;1,05E3;40,6;20,00;3,0;3,1;49,34;0,49;0,001;0,0;0,00;0,049
257;28.06.2023;13:44:33;00:04:16;250,0;18,6;19,3;18,9;21,3;20,0;0,2;1049,6;1,05E3;40,3;20,00;3,0;3,0;49,34;0,49;-0,002;0,0;0,00;0,049
258;28.06.2023;13:44:34;00:04:17;250,0;18,6;19,3;18,9;21,3;20,0;0,2;1049,4;1,05E3;40,0;20,00;3,0;2,9;49,34;0,49;0,000;0,0;0,01;0,049
259;28.06.2023;13:44:35;00:04:18;250,0;18,6;19,3;18,9;21,3;20,0;0,2;1049,0;1,05E3;39,6;20,00;3,0;3,0;49,34;0,49;0,000;0,0;0,01;0,049
260;28.06.2023;13:44:36;00:04:19;250,0;18,6;19,3;18,9;21,3;20,0;0,2;1048,6;1,05E3;39,1;20,00;3,0;3,0;49,34;0,49;0,001;0,0;0,00;0,048
261;28.06.2023;13:44:37;00:04:20;250,0;18,6;19,3;18,9;21,3;20,0;0,2;1048,5;1,05E3;39,1;20,00;3,0;3,0;49,34;0,49;0,003;0,0;0,00;0,049
262;28.06.2023;13:44:38;00:04:21;250,0;18,6;19,3;18,9;21,3;20,0;0,2;1048,2;1,05E3;38,8;20,00;3,0;3,0;49,34;0,49;0,000;0,0;0,00;0,049
263;28.06.2023;13:44:39;00:04:22;250,0;18,6;19,3;18,9;21,3;20,0;0,2;1047,9;1,05E3;38,5;20,00;3,0;3,0;49,34;0,49;0,000;0,0;0,01;0,049
264;28.06.2023;13:44:40;00:04:23;250,0;18,6;19,3;18,9;21,3;20,0;0,2;1047,8;1,05E3;38,3;20,00;3,0;3,0;49,34;0,49;0,000;0,0;0,01;0,049
265;28.06.2023;13:44:41;00:04:24;250,0;18,6;19,3;18,8;21,3;20,0;0,2;1047,5;1,05E3;38,2;20,00;3,0;3,0;49,34;0,49;-0,001;0,0;0,00;0,049
266;28.06.2023;13:44:42;00:04:25;250,0;18,5;19,3;18,8;21,3;20,0;0,2;1047,3;1,05E3;37,9;20,00;3,0;2,9;49,34;0,49;-0,002;0,0;0,01;0,048
267;28.06.2023;13:44:43;00:04:26;250,0;18,5;19,3;18,8;21,3;20,0;0,2;1047,2;1,05E3;37,9;20,00;3,0;3,0;49,34;0,49;-0,001;0,0;0,00;0,049
268;28.06.2023;13:44:44;00:04:27;250,0;18,5;19,3;18,8;21,3;20,0;0,2;1047,1;1,05E3;37,5;20,00;3,0;3,0;49,34;0,49;0,003;0,0;0,00;0,049
269;28.06.2023;13:44:45;00:04:28;250,0;18,5;19,3;18,8;21,3;20,0;0,2;1046,9;1,05E3;37,5;20,00;3,0;3,1;49,34;0,49;0,004;0,0;0,00;0,049
270;28.06.2023;13:44:46;00:04:29;250,0;18,5;19,3;18,8;21,3;20,0;0,2;1046,8;1,05E3;37,2;20,00;3,0;3,0;49,34;0,49;0,001;0,0;0,00;0,049
271;28.06.2023;13:44:47;00:04:30;250,0;18,5;19,3;18,8;21,3;20,0;0,2;1046,6;1,05E3;37,2;20,00;3,0;3,0;49,34;0,49;0,001;0,0;0,00;0,049
272;28.06.2023;13:44:48;00:04:31;250,0;18,5;19,3;18,7;21,3;20,0;0,2;1046,6;1,05E3;37,2;20,00;3,0;3,0;49,34;0,49;0,001;0,0;0,00;0,049
273;28.06.2023;13:44:49;00:04:32;250,0;18,5;19,3;18,7;21,3;20,0;0,2;1046,4;1,05E3;36,9;20,00;3,0;3,0;49,34;0,49;0,002;0,0;0,01;0,049
274;28.06.2023;13:44:50;00:04:33;250,0;18,5;19,3;18,7;21,3;20,0;0,2;1046,3;1,05E3;36,9;20,00;3,0;3,0;49,34;0,49;-0,001;0,0;0,00;0,049
275;28.06.2023;13:44:51;00:04:34;250,0;18,5;19,3;18,7;21,3;20,0;0,2;1046,3;1,05E3;36,9;20,00;3,0;3,0;49,34;0,49;0,001;0,0;0,00;0,049
276;28.06.2023;13:44:52;00:04:35;250,0;18,5;19,3;18,7;21,3;20,0;0,2;1046,2;1,05E3;36,6;20,00;3,0;2,9;49,34;0,49;-0,002;0,0;0,00;0,049
277;28.06.2023;13:44:53;00:04:36;250,0;18,5;19,3;18,7;21,3;20,0;0,2;1046,1;1,05E3;36,6;20,00;3,0;3,0;49,34;0,49;0,001;0,0;0,01;0,049
278;28.06.2023;13:44:54;00:04:37;250,0;18,4;19,3;18,7;21,3;20,0;0,2;1046,0;1,05E3;36,6;20,00;3,0;3,0;49,34;0,49;0,001;0,0;0,01;0,049
279;28.06.2023;13:44:55;00:04:38;250,0;18,4;19,3;18,7;21,3;20,0;0,2;1046,0;1,05E3;36,4;20,00;3,0;2,9;49,34;0,49;0,000;0,0;0,01;0,049
280;28.06.2023;13:44:56;00:04:39;250,0;18,4;19,3;18,7;21,3;20,0;0,2;1045,9;1,05E3;36,3;20,00;3,0;3,0;49,34;0,49;0,002;0,0;0,01;0,049
281;28.06.2023;13:44:57;00:04:40;250,0;18,4;19,3;18,7;21,3;20,0;0,2;1045,8;1,05E3;36,3;20,00;3,0;3,0;49,34;0,49;0,002;0,0;0,00;0,049
282;28.06.2023;13:44:58;00:04:41;250,0;18,4;19,3;18,7;21,3;20,0;0,2;1045,8;1,05E3;36,3;20,00;3,0;3,0;49,34;0,49;0,000;0,0;0,00;0,049
283;28.06.2023;13:44:59;00:04:42;250,0;18,4;19,3;18,7;21,3;20,0;0,2;1045,7;1,05E3;36,3;20,00;3,0;3,0;49,34;0,49;-0,001;0,0;0,00;0,049
284;28.06.2023;13:45:00;00:04:43;250,0;18,4;19,3;18,6;21,3;20,0;0,2;1045,7;1,05E3;36,3;20,00;3,0;3,0;49,34;0,49;0,000;0,0;0,00;0,049
285;28.06.2023;13:45:01;00:04:44;250,0;18,4;19,3;18,6;21,3;20,0;0,3;1045,6;1,05E3;36,2;20,00;3,0;3,0;49,34;0,49;0,000;0,0;0,01;0,049
286;28.06.2023;13:45:02;00:04:45;250,0;18,4;19,3;18,6;21,3;20,0;0,3;1045,5;1,05E3;36,0;20,00;3,0;3,0;49,34;0,49;0,002;0,0;0,01;0,049
287;28.06.2023;13:45:03;00:04:46;250,0;18,4;19,3;18,6;21,3;20,0;0,3;1045,5;1,05E3;36,0;20,00;3,0;3,0;49,34;0,49;0,003;0,0;0,00;0,049
288;28.06.2023;13:45:04;00:04:47;250,0;18,4;19,3;18,6;21,3;20,0;0,3;1045,5;1,05E3;36,0;20,00;3,0;3,0;49,34;0,49;0,002;0,0;0,00;0,049
289;28.06.2023;13:45:05;00:04:48;250,0;18,4;19,3;18,6;21,3;20,0;0,3;1045,4;1,05E3;36,0;20,00;3,0;3,0;49,34;0,49;0,004;0,0;0,01;0,049
290;28.06.2023;13:45:06;00:04:49;250,0;18,4;19,3;18,6;21,3;20,0;0,3;1045,4;1,05E3;36,0;20,00;3,0;3,0;49,34;0,49;0,003;0,0;0,00;0,048
291;28.06.2023;13:45:07;00:04:50;250,0;18,4;19,3;18,6;21,3;20,0;0,3;1045,4;1,05E3;36,0;20,00;3,0;3,0;49,34;0,49;-0,002;0,0;0,01;0,049
292;28.06.2023;13:45:08;00:04:51;250,0;18,4;19,3;18,6;21,2;20,0;0,3;1045,4;1,05E3;36,0;20,00;3,0;3,0;49,34;0,49;-0,001;0,0;0,00;0,049
293;28.06.2023;13:45:09;00:04:52;250,0;18,4;19,3;18,6;21,2;20,0;0,3;1045,3;1,05E3;36,0;20,00;3,0;3,1;49,34;0,49;0,000;0,0;0,00;0,049
294;28.06.2023;13:45:10;00:04:53;250,0;18,3;19,3;18,6;21,2;20,0;0,3;1045,3;1,05E3;35,7;20,00;3,0;3,0;49,34;0,49;-0,001;0,0;0,00;0,049
295;28.06.2023;13:45:11;00:04:54;250,0;18,3;19,3;18,6;21,2;20,0;0,3;1045,2;1,05E3;35,7;20,00;3,0;3,0;49,34;0,49;0,000;0,0;0,00;0,049
296;28.06.2023;13:45:12;00:04:55;250,0;18,3;19,3;18,6;21,2;20,0;0,3;1045,2;1,05E3;35,7;20,00;3,0;3,0;49,34;0,49;0,001;0,0;0,01;0,049
297;28.06.2023;13:45:13;00:04:56;250,0;18,3;19,3;18,6;21,2;20,0;0,0;1045,2;1,05E3;35,7;20,00;3,0;3,0;49,34;0,49;-0,001;0,0;0,01;0,049
298;28.06.2023;13:45:14;00:04:57;250,0;18,3;19,3;18,5;21,2;20,0;0,0;1045,2;1,05E3;35,7;20,00;3,0;3,0;49,34;0,49;-0,002;0,0;0,00;0,048
299;28.06.2023;13:45:15;00:04:58;250,0;18,3;19,5;18,5;21,2;20,0;0,0;1045,1;1,05E3;35,7;20,00;3,0;3,0;49,34;0,49;0,001;0,0;0,00;0,049
300;28.06.2023;13:45:16;00:04:59;250,0;18,4;19,5;18,7;21,4;20,0;0,0;1045,1;1,05E3;35,7;20,00;3,0;3,0;49,34;0,49;0,002;0,0;0,00;0,047
301;28.06.2023;13:45:17;00:05:00;250,0;18,4;19,5;18,7;21,4;20,0;0,0;1045,1;1,05E3;35,7;20,00;3,0;2,9;49,34;0,49;-0,002;0,0;0,00;0,049
302;28.06.2023;13:45:18;00:05:01;250,0;18,4;19,5;18,6;21,4;20,0;0,0;1045,0;1,05E3;35,7;20,00;3,0;2,9;49,34;0,49;-0,001;0,0;0,01;0,049
303;28.06.2023;13:45:19;00:05:02;250,0;18,4;19,5;18,6;21,4;20,0;0,0;1045,1;1,05E3;35,7;20,00;3,0;3,0;49,34;0,49;0,004;0,0;0,01;0,046
304;28.06.2023;13:45:20;00:05:03;250,0;18,4;19,5;18,6;21,4;20,0;0,0;1045,0;1,05E3;35,7;20,00;3,0;3,0;49,34;0,49;0,002;0,0;0,01;0,048
305;28.06.2023;13:45:21;00:05:04;250,0;18,4;19,5;18,6;21,3;20,0;0,0;1019,4;1,02E3;13,1;20,00;3,0;3,1;49,34;0,49;0,004;0,0;0,00;0,049
306;28.06.2023;13:45:22;00:05:05;250,0;18,4;19,5;18,6;21,3;20,0;0,0;963,9;9,64E2;-39,8;20,00;3,0;3,0;49,34;0,49;0,001;0,0;0,01;0,049
307;28.06.2023;13:45:23;00:05:06;250,0;18,4;19,5;18,6;21,3;20,0;0,0;939,7;9,40E2;-67,9;20,00;3,0;3,0;49,34;0,49;0,001;0,0;0,01;0,049
308;28.06.2023;13:45:24;00:05:07;250,0;18,4;19,5;18,6;21,4;20,0;0,0;890,0;8,90E2;-115,5;20,00;3,0;3,1;49,34;0,49;0,003;0,0;0,01;0,047
309;28.06.2023;13:45:25;00:05:08;250,0;18,4;19,5;18,6;21,4;20,0;0,0;849,5;8,50E2;-157,3;20,00;3,0;3,0;49,34;0,49;0,004;0,0;0,01;0,049
310;28.06.2023;13:45:26;00:05:09;250,0;18,4;19,5;18,6;21,4;20,0;0,0;831,9;8,32E2;-174,8;20,00;3,0;3,0;49,34;0,49;0,004;0,0;0,00;0,049
311;28.06.2023;13:45:27;00:05:10;250,0;18,4;19,5;18,6;21,4;20,0;0,0;798,1;7,98E2;-209,3;20,00;3,0;3,0;49,34;0,49;-0,001;0,0;0,00;0,049
312;28.06.2023;13:45:28;00:05:11;250,0;18,4;19,5;18,6;21,4;20,0;0,0;783,1;7,83E2;-224,0;20,00;3,0;3,0;49,34;0,49;0,003;0,0;0,00;0,049
313;28.06.2023;13:45:29;00:05:12;250,0;18,4;19,5;18,6;21,4;20,0;0,0;754,4;7,54E2;-253,5;20,00;3,0;2,9;49,34;0,49;0,002;0,0;0,01;0,049
314;28.06.2023;13:45:30;00:05:13;250,0;18,3;19,5;18,5;21,4;20,0;0,0;725,8;7,26E2;-283,1;20,00;3,0;3,0;49,34;0,49;0,005;0,0;0,00;0,049
315;28.06.2023;13:45:31;00:05:14;250,0;18,3;19,5;18,5;21,4;20,0;0,0;712,9;7,13E2;-295,3;20,00;3,0;3,0;49,34;0,49;0,006;0,0;0,00;0,049
316;28.06.2023;13:45:32;00:05:15;250,0;18,3;19,5;18,5;21,4;20,0;0,0;688,0;6,88E2;-318,8;20,00;3,0;3,0;49,34;0,49;0,004;0,0;0,01;0,047
317;28.06.2023;13:45:33;00:05:16;250,0;18,3;19,5;18,5;21,4;20,0;0,0;664,7;6,65E2;-343,1;20,00;3,0;3,0;49,34;0,49;0,004;0,0;0,01;0,048
318;28.06.2023;13:45:34;00:05:17;250,0;18,2;19,5;18,5;21,4;20,0;0,0;652,7;6,53E2;-353,9;20,00;3,0;3,0;49,34;0,49;0,003;0,0;0,00;0,048
319;28.06.2023;13:45:35;00:05:18;250,0;18,2;19,2;18,5;21,4;20,0;0,0;630,3;6,30E2;-376,9;20,00;3,0;3,0;49,34;0,49;0,005;0,0;0,00;0,049
320;28.06.2023;13:45:36;00:05:19;250,0;17,9;19,2;18,2;21,1;20,0;0,0;607,8;6,08E2;-400,6;20,00;3,0;3,0;49,34;0,49;0,007;0,0;0,00;0,048
321;28.06.2023;13:45:37;00:05:20;250,0;17,9;19,2;18,2;21,1;20,0;0,0;597,0;5,97E2;-410,4;20,00;3,0;3,0;49,34;0,49;0,009;0,0;0,01;0,048
322;28.06.2023;13:45:38;00:05:21;250,0;17,9;19,2;18,2;21,1;20,0;0,0;577,1;5,77E2;-431,2;20,00;3,0;3,0;49,34;0,49;0,012;0,0;0,00;0,048
323;28.06.2023;13:45:39;00:05:22;250,0;17,9;19,2;18,2;21,1;20,0;0,0;557,1;5,57E2;-449,8;20,00;3,0;3,0;49,34;0,49;0,012;0,0;0,01;0,049
324;28.06.2023;13:45:40;00:05:23;250,0;17,9;19,2;18,2;21,1;20,0;0,0;547,2;5,47E2;-460,4;20,00;3,0;3,0;49,34;0,49;0,017;0,0;0,00;0,049
325;28.06.2023;13:45:41;00:05:24;250,0;17,8;19,2;18,2;21,1;20,0;0,0;529,4;5,29E2;-478,0;20,00;3,0;3,0;49,34;0,49;0,019;0,0;0,01;0,048
326;28.06.2023;13:45:42;00:05:25;250,0;17,8;19,1;18,2;21,1;20,0;0,0;518,8;5,19E2;-489,4;20,00;3,0;3,0;49,34;0,49;0,024;0,0;0,00;0,049
327;28.06.2023;13:45:43;00:05:26;250,0;17,8;19,1;18,2;21,1;20,0;0,0;501,0;5,01E2;-506,1;20,00;3,0;3,0;49,35;0,49;0,022;0,0;0,00;0,049
328;28.06.2023;13:45:44;00:05:27;250,0;17,8;19,2;18,1;21,1;20,0;0,0;483,9;4,84E2;-523,5;20,00;3,0;3,0;49,35;0,49;0,027;0,0;0,00;0,049
329;28.06.2023;13:45:45;00:05:28;250,0;17,8;19,2;18,1;21,1;20,0;0,0;475,3;4,75E2;-531,4;20,00;3,0;3,0;49,35;0,49;0,030;0,0;0,01;0,048
330;28.06.2023;13:45:46;00:05:29;250,0;17,8;19,1;18,1;21,1;20,0;0,0;459,6;4,60E2;-541,2;20,00;3,0;3,0;49,35;0,49;0,028;0,0;0,01;0,046
331;28.06.2023;13:45:47;00:05:30;250,0;17,8;19,1;18,1;21,1;20,0;0,0;444,2;4,44E2;-541,2;20,00;3,0;3,0;49,35;0,49;0,024;0,0;0,01;0,048
332;28.06.2023;13:45:48;00:05:31;250,0;17,8;19,1;18,1;21,1;20,0;0,0;433,9;4,34E2;-541,2;20,00;3,0;3,0;49,35;0,49;0,027;0,0;0,01;0,049
333;28.06.2023;13:45:49;00:05:32;250,0;17,7;19,1;18,1;21,1;20,0;0,0;421,5;4,21E2;-541,2;20,00;3,0;3,0;49,35;0,49;0,028;0,0;0,00;0,049
334;28.06.2023;13:45:50;00:05:33;250,0;17,7;19,1;18,0;21,1;20,0;0,0;406,0;4,06E2;-541,2;20,00;3,0;3,0;49,35;0,49;0,030;0,0;0,00;0,049
335;28.06.2023;13:45:51;00:05:34;250,0;17,7;19,1;18,0;21,1;20,0;0,0;398,8;3,99E2;-541,2;20,00;3,0;3,0;49,35;0,49;0,032;0,0;0,00;0,049
336;28.06.2023;13:45:52;00:05:35;250,0;17,7;19,1;18,0;21,1;20,0;0,0;385,5;3,86E2;-541,2;20,00;3,0;3,0;49,35;0,50;0,031;0,0;0,01;0,048
337;28.06.2023;13:45:53;00:05:36;250,0;17,7;19,1;18,0;21,1;20,0;0,0;372,3;3,72E2;-541,2;20,00;3,0;3,0;49,35;0,50;0,030;0,0;0,00;0,049
338;28.06.2023;13:45:54;00:05:37;250,0;17,7;19,1;18,0;21,1;20,0;0,0;366,0;3,66E2;-541,2;20,00;3,0;3,0;49,35;0,49;0,028;0,0;0,01;0,049
339;28.06.2023;13:45:55;00:05:38;250,0;17,7;19,0;17,8;21,1;20,0;0,0;353,3;3,53E2;-541,2;20,00;3,0;3,0;49,35;0,50;0,029;0,0;0,00;0,049
340;28.06.2023;13:45:56;00:05:39;250,0;17,6;19,0;17,8;21,0;20,0;0,0;346,4;3,46E2;-541,2;20,00;3,0;3,0;49,35;0,50;0,030;0,0;0,01;0,049
341;28.06.2023;13:45:57;00:05:40;250,0;17,5;19,0;17,8;21,0;20,0;0,0;334,3;3,34E2;-541,2;20,00;3,0;3,0;49,35;0,50;0,027;0,0;0,01;0,049
342;28.06.2023;13:45:58;00:05:41;250,0;17,5;19,0;17,8;21,0;20,0;0,0;323,0;3,23E2;-541,2;20,00;3,0;2,9;49,35;0,50;0,024;0,0;0,01;0,049
343;28.06.2023;13:45:59;00:05:42;250,0;17,5;19,0;17,8;21,0;20,0;0,0;317,4;3,17E2;-541,2;20,00;3,0;2,9;49,35;0,50;0,024;0,0;0,01;0,049
344;28.06.2023;13:46:00;00:05:43;250,0;17,5;19,0;17,7;21,0;20,0;0,0;306,8;3,07E2;-541,2;20,00;3,0;3,0;49,35;0,50;0,022;0,0;0,01;0,049
345;28.06.2023;13:46:01;00:05:44;250,0;17,5;19,0;17,7;21,0;20,0;0,0;296,3;2,96E2;-541,2;20,00;3,0;3,0;49,35;0,50;0,019;0,0;0,01;0,049
346;28.06.2023;13:46:02;00:05:45;250,0;17,5;19,0;17,7;21,0;20,0;0,0;290,4;2,90E2;-541,2;20,00;3,0;3,0;49,35;0,50;0,020;0,0;0,01;0,049
347;28.06.2023;13:46:03;00:05:46;250,0;17,5;19,0;17,7;21,0;20,0;0,0;280,5;2,80E2;-541,2;20,00;3,0;3,1;49,35;0,50;0,021;0,0;0,00;0,049
348;28.06.2023;13:46:04;00:05:47;250,0;17,5;19,0;17,7;21,0;20,0;0,0;270,8;2,71E2;-541,2;20,00;3,0;3,0;49,35;0,50;0,018;0,0;0,01;0,049
349;28.06.2023;13:46:05;00:05:48;250,0;17,5;19,0;17,7;21,0;20,0;0,0;266,3;2,66E2;-541,2;20,00;3,0;2,9;49,35;0,50;0,017;0,0;0,01;0,049
350;28.06.2023;13:46:06;00:05:49;250,0;17,5;19,0;17,6;21,0;20,0;0,0;257,3;2,57E2;-541,2;20,00;3,0;3,0;49,35;0,50;0,017;0,0;0,01;0,049
351;28.06.2023;13:46:07;00:05:50;250,0;17,5;19,0;17,6;21,0;20,0;0,0;252,9;2,53E2;-541,2;20,00;3,0;3,0;49,35;0,50;0,016;0,0;0,00;0,049
352;28.06.2023;13:46:08;00:05:51;250,0;17,5;19,0;17,6;21,0;20,0;0,0;243,6;2,44E2;-541,2;20,00;3,0;2,9;49,35;0,50;0,016;0,0;0,00;0,049
353;28.06.2023;13:46:09;00:05:52;250,0;17,5;19,0;17,6;21,1;20,0;0,0;235,5;2,35E2;-541,2;20,00;3,0;3,0;49,36;0,50;0,015;0,0;0,00;0,049
354;28.06.2023;13:46:10;00:05:53;250,0;17,5;19,0;17,6;21,1;20,0;0,0;231,3;2,31E2;-541,2;20,00;3,0;3,0;49,36;0,50;0,016;0,0;0,00;0,049
355;28.06.2023;13:46:11;00:05:54;250,0;17,5;19,0;17,6;21,1;20,0;0,0;223,5;2,24E2;-541,2;20,00;3,0;3,0;49,36;0,50;0,023;0,0;0,01;0,049
356;28.06.2023;13:46:12;00:05:55;250,0;17,5;19,0;17,5;21,1;20,0;0,0;215,9;2,16E2;-541,2;20,00;3,0;2,9;49,36;0,50;0,021;0,0;0,01;0,049
357;28.06.2023;13:46:13;00:05:56;250,0;17,5;19,0;17,5;21,1;20,0;0,0;212,2;2,12E2;-541,2;20,00;3,0;3,0;49,36;0,50;0,023;0,0;0,00;0,049
358;28.06.2023;13:46:14;00:05:57;250,0;17,5;19,0;17,5;21,1;20,0;0,0;204,4;2,04E2;-541,2;20,00;3,0;3,0;49,36;0,50;0,022;0,0;0,01;0,048
359;28.06.2023;13:46:15;00:05:58;250,0;17,4;18,8;17,4;20,9;20,0;0,0;197,5;1,98E2;-541,2;20,00;3,0;3,0;49,36;0,50;0,019;0,0;0,01;0,049
360;28.06.2023;13:46:16;00:05:59;250,0;17,4;18,8;17,3;20,9;20,0;0,0;194,2;1,94E2;-541,2;20,00;3,0;3,0;49,36;0,50;0,016;0,0;0,01;0,049
361;28.06.2023;13:46:17;00:06:00;250,0;17,4;18,8;17,3;20,9;20,0;0,0;187,7;1,88E2;-541,2;20,00;3,0;3,0;49,36;0,50;0,012;0,0;0,00;0,049
362;28.06.2023;13:46:18;00:06:01;250,0;17,4;18,8;17,3;20,9;20,0;0,0;181,5;1,82E2;-541,2;20,00;3,0;3,0;49,36;0,50;0,009;0,0;0,00;0,049
363;28.06.2023;13:46:19;00:06:02;250,0;17,4;18,8;17,3;20,9;20,0;0,0;178,4;1,78E2;-541,2;20,00;3,0;3,0;49,36;0,50;0,012;0,0;0,00;0,048
364;28.06.2023;13:46:20;00:06:03;250,0;17,4;18,8;17,3;20,9;20,0;0,0;167,9;1,68E2;-541,2;20,00;3,0;3,0;49,36;0,50;0,011;0,0;0,01;0,049
365;28.06.2023;13:46:21;00:06:04;250,0;17,4;18,8;17,3;20,9;20,0;0,0;160,9;1,61E2;-541,2;20,00;3,0;3,0;49,36;0,50;0,013;0,0;0,00;0,049
366;28.06.2023;13:46:22;00:06:05;250,0;17,4;18,8;17,3;20,9;20,0;0,0;148,4;1,48E2;-541,2;20,00;3,0;3,0;49,36;0,50;0,009;0,0;0,00;0,048
367;28.06.2023;13:46:23;00:06:06;250,0;17,4;18,8;17,3;21,0;20,0;0,0;136,9;1,37E2;-541,2;20,00;3,0;3,0;49,36;0,50;0,011;0,0;0,00;0,049
368;28.06.2023;13:46:24;00:06:07;250,0;17,4;18,8;17,3;21,0;20,0;0,0;132,0;1,32E2;-541,2;20,00;3,0;3,0;49,36;0,50;0,011;0,0;0,01;0,049
369;28.06.2023;13:46:25;00:06:08;250,0;17,4;18,8;17,3;21,0;20,0;0,0;122,7;1,23E2;-541,2;20,00;3,0;3,0;49,36;0,51;0,016;0,0;0,00;0,049
370;28.06.2023;13:46:26;00:06:09;250,0;17,4;18,8;17,2;21,0;20,0;0,0;113,6;1,14E2;-541,2;20,00;3,0;3,0;49,36;0,51;0,016;0,0;0,00;0,049
371;28.06.2023;13:46:27;00:06:10;250,0;17,4;18,8;17,2;21,0;20,0;0,0;109,6;1,10E2;-541,2;20,00;3,0;3,0;49,36;0,51;0,018;0,0;0,00;0,049
372;28.06.2023;13:46:28;00:06:11;250,0;17,4;18,8;17,2;21,0;20,0;0,0;102,0;1,02E2;-541,2;20,00;3,0;2,9;49,36;0,51;0,015;0,0;0,00;0,049
373;28.06.2023;13:46:29;00:06:12;250,0;17,4;18,8;17,2;21,0;20,0;0,0;94,9;9,49E1;-541,2;20,00;3,0;2,9;49,36;0,51;0,017;0,0;0,01;0,049
374;28.06.2023;13:46:30;00:06:13;250,0;17,4;18,8;17,2;21,0;20,0;0,0;91,7;9,17E1;-541,2;20,00;3,0;2,9;49,36;0,51;0,015;0,0;0,01;0,048
375;28.06.2023;13:46:31;00:06:14;250,0;17,4;18,8;17,2;21,0;20,0;0,0;85,3;8,53E1;-541,2;20,00;3,0;3,0;49,36;0,51;0,018;0,0;0,00;0,049
376;28.06.2023;13:46:32;00:06:15;250,0;17,4;18,8;17,2;21,0;20,0;0,0;79,0;7,90E1;-541,2;20,00;3,0;3,1;49,36;0,51;0,022;0,0;0,01;0,049
377;28.06.2023;13:46:33;00:06:16;250,0;17,4;18,8;17,2;21,0;20,0;0,0;76,3;7,63E1;-541,2;20,00;3,0;3,0;49,36;0,51;0,021;0,0;0,01;0,049
378;28.06.2023;13:46:34;00:06:17;250,0;17,4;18,8;17,2;21,0;20,0;0,0;71,1;7,11E1;-541,2;20,00;3,0;3,0;49,36;0,51;0,015;0,0;0,00;0,049
379;28.06.2023;13:46:35;00:06:18;250,0;17,4;18,8;17,2;21,0;20,0;0,0;68,4;6,84E1;-541,2;20,00;3,0;2,9;49,36;0,51;0,017;0,0;0,00;0,049
380;28.06.2023;13:46:36;00:06:19;250,0;17,3;18,7;17,1;20,9;20,0;0,0;63,5;6,35E1;-541,2;20,00;3,0;3,0;49,36;0,51;0,019;0,0;0,00;0,049
381;28.06.2023;13:46:37;00:06:20;250,0;17,3;18,7;17,1;20,9;20,0;0,0;58,8;5,88E1;-541,2;20,00;3,0;3,0;49,36;0,51;0,018;0,0;0,01;0,049
382;28.06.2023;13:46:38;00:06:21;250,0;17,3;18,7;17,1;20,9;20,0;0,0;56,6;5,66E1;-541,2;20,00;3,0;3,1;49,36;0,51;0,017;0,0;0,01;0,049
383;28.06.2023;13:46:39;00:06:22;250,0;17,3;18,7;17,1;20,9;20,0;0,0;52,3;5,23E1;-541,2;20,00;3,0;3,1;49,36;0,51;0,016;0,0;0,00;0,048
384;28.06.2023;13:46:40;00:06:23;250,0;17,3;18,7;17,1;20,9;20,0;0,0;48,5;4,85E1;-541,2;20,00;3,0;3,0;49,36;0,51;0,015;0,0;0,00;0,049
385;28.06.2023;13:46:41;00:06:24;250,0;17,3;18,7;17,1;20,9;20,0;0,0;47,0;4,70E1;-541,2;20,00;3,0;3,0;49,36;0,51;0,016;0,0;0,01;0,049
386;28.06.2023;13:46:42;00:06:25;250,0;17,3;18,7;17,1;20,9;20,0;0,0;43,6;4,36E1;-541,2;20,00;3,0;3,0;49,36;0,51;0,014;0,0;0,01;0,049
387;28.06.2023;13:46:43;00:06:26;250,0;17,3;18,7;17,1;20,9;20,0;0,0;40,5;4,05E1;-541,2;20,00;3,0;3,0;49,36;0,51;0,010;0,0;0,01;0,049
388;28.06.2023;13:46:44;00:06:27;250,0;17,3;18,7;17,1;20,9;20,0;0,0;39,2;3,92E1;-541,2;20,00;3,0;3,0;49,36;0,51;0,010;0,0;0,00;0,049
389;28.06.2023;13:46:45;00:06:28;250,0;17,3;18,7;17,1;20,9;20,0;0,0;35,9;3,59E1;-541,2;20,00;3,0;2,9;49,36;0,51;0,007;0,0;0,00;0,049
390;28.06.2023;13:46:46;00:06:29;250,0;17,3;18,7;17,1;20,9;20,0;0,0;34,7;3,47E1;-541,2;20,00;3,0;3,0;49,36;0,51;0,007;0,0;0,00;0,049
391;28.06.2023;13:46:47;00:06:30;250,0;17,3;18,7;17,1;20,9;20,0;0,0;32,3;3,23E1;-541,2;20,00;3,0;3,0;49,36;0,51;0,011;0,0;0,00;0,049
392;28.06.2023;13:46:48;00:06:31;250,0;17,3;18,7;17,1;21,0;20,0;0,0;30,0;3,00E1;-541,2;20,00;3,0;3,0;49,37;0,51;0,011;0,0;0,01;0,049
393;28.06.2023;13:46:49;00:06:32;250,0;17,3;18,7;17,1;21,0;20,0;0,0;28,7;2,87E1;-541,2;20,00;3,0;3,0;49,36;0,51;0,011;0,0;0,00;0,049
394;28.06.2023;13:46:50;00:06:33;250,0;17,3;18,7;17,1;21,0;20,0;0,0;27,0;2,70E1;-541,2;20,00;3,0;2,9;49,36;0,51;0,009;0,0;0,01;0,049
395;28.06.2023;13:46:51;00:06:34;250,0;17,3;18,7;17,1;21,0;20,0;0,0;24,9;2,49E1;-541,2;20,00;3,0;3,0;49,36;0,51;0,012;0,0;0,01;0,049
396;28.06.2023;13:46:52;00:06:35;250,0;17,3;18,7;17,1;21,0;20,0;0,0;24,0;2,40E1;-541,2;20,00;3,0;3,0;49,36;0,51;0,010;0,0;0,00;0,049
397;28.06.2023;13:46:53;00:06:36;250,0;17,3;18,7;17,1;21,0;20,0;0,0;22,1;2,21E1;-541,2;20,00;3,0;3,0;49,37;0,51;0,008;0,0;0,01;0,049
398;28.06.2023;13:46:54;00:06:37;250,0;17,4;18,7;17,1;21,0;20,0;0,0;20,5;2,05E1;-541,2;20,00;3,0;2,9;49,37;0,51;0,009;0,0;0,01;0,049
399;28.06.2023;13:46:55;00:06:38;250,0;17,4;18,7;17,1;21,0;20,0;0,0;19,9;1,99E1;-541,2;20,00;3,0;3,0;49,37;0,51;0,010;0,0;0,00;0,049
400;28.06.2023;13:46:56;00:06:39;250,0;17,3;18,6;17,0;20,9;20,0;0,0;18,5;1,85E1;-541,2;20,00;3,0;2,9;49,37;0,51;0,011;0,0;0,00;0,049
401;28.06.2023;13:46:57;00:06:40;250,0;17,3;18,6;17,0;20,9;20,0;0,0;17,1;1,71E1;-541,2;20,00;3,0;3,0;49,37;0,51;0,008;0,0;0,00;0,049
402;28.06.2023;13:46:58;00:06:41;250,0;17,3;18,6;17,0;20,9;20,0;0,0;16,3;1,63E1;-541,2;20,00;3,0;3,0;49,37;0,51;0,009;0,0;0,01;0,049
403;28.06.2023;13:46:59;00:06:42;250,0;17,3;18,6;17,0;20,9;20,0;0,0;15,2;1,52E1;-541,2;20,00;3,0;3,0;49,37;0,51;0,010;0,0;0,00;0,049
404;28.06.2023;13:47:00;00:06:43;250,0;17,3;18,6;17,0;20,9;20,0;0,0;14,5;1,45E1;-541,2;20,00;3,0;3,0;49,37;0,51;0,004;0,0;0,00;0,049
405;28.06.2023;13:47:01;00:06:44;250,0;17,3;18,6;17,0;20,9;20,0;0,0;13,7;1,37E1;-541,2;20,00;3,0;3,0;49,37;0,51;0,006;0,0;0,00;0,049
406;28.06.2023;13:47:02;00:06:45;250,0;17,3;18,6;17,0;20,9;20,0;0,0;12,9;1,29E1;-541,2;20,00;3,0;3,0;49,37;0,51;0,007;0,0;0,00;0,049
407;28.06.2023;13:47:03;00:06:46;250,0;17,3;18,6;17,0;20,9;20,0;0,0;12,3;1,23E1;-541,2;20,00;3,0;3,0;49,37;0,51;0,010;0,0;0,00;0,049
408;28.06.2023;13:47:04;00:06:47;250,0;17,3;18,6;17,0;20,9;20,0;0,0;11,4;1,14E1;-541,2;20,00;3,0;3,0;49,37;0,51;0,007;0,0;0,01;0,049
409;28.06.2023;13:47:05;00:06:48;250,0;17,3;18,6;17,0;20,9;20,0;0,0;10,7;1,07E1;-541,2;20,00;3,0;3,0;49,37;0,51;0,009;0,0;0,00;0,049
410;28.06.2023;13:47:06;00:06:49;250,0;17,3;18,7;17,0;20,9;20,0;0,0;10,3;1,03E1;-541,2;20,00;3,0;3,0;49,37;0,51;0,011;0,0;0,00;0,049
411;28.06.2023;13:47:07;00:06:50;250,0;17,3;18,7;17,0;20,9;20,0;0,0;9,3;9,30E0;-541,2;20,00;3,0;3,1;49,37;0,51;0,009;0,0;0,00;0,049
412;28.06.2023;13:47:08;00:06:51;250,0;17,3;18,7;17,0;20,9;20,0;0,0;7,9;7,93E0;-541,2;20,00;3,0;3,0;49,37;0,51;0,008;0,0;0,01;0,049
413;28.06.2023;13:47:09;00:06:52;250,0;17,3;18,7;17,0;20,9;20,0;0,0;7,5;7,52E0;-541,2;20,00;3,0;3,0;49,37;0,51;0,007;0,0;0,00;0,049
414;28.06.2023;13:47:10;00:06:53;250,0;17,3;18,7;17,1;20,9;20,0;0,0;7,0;7,03E0;-541,2;20,00;3,0;3,0;49,37;0,51;0,010;0,0;0,00;0,049
415;28.06.2023;13:47:11;00:06:54;250,0;17,4;18,7;17,1;20,9;20,0;0,0;6,3;6,25E0;-541,2;20,00;3,0;3,0;49,37;0,51;0,013;0,0;0,00;0,049
416;28.06.2023;13:47:12;00:06:55;250,0;17,4;18,7;17,1;20,9;20,0;0,0;5,9;5,92E0;-541,2;20,00;3,0;3,0;49,37;0,51;0,011;0,0;0,01;0,049
417;28.06.2023;13:47:13;00:06:56;250,0;17,4;18,7;17,1;21,0;20,0;0,0;5,4;5,42E0;-541,2;20,00;3,0;3,0;49,37;0,51;0,008;0,0;0,00;0,049
418;28.06.2023;13:47:14;00:06:57;250,0;17,4;18,7;17,1;21,0;20,0;0,0;5,2;5,25E0;-541,2;20,00;3,0;3,0;49,37;0,51;0,004;0,0;0,01;0,049
419;28.06.2023;13:47:15;00:06:58;250,0;17,4;18,6;17,1;21,0;20,0;0,0;4,7;4,69E0;-541,2;20,00;3,0;3,0;49,37;0,51;0,006;0,0;0,00;0,049
420;28.06.2023;13:47:16;00:06:59;250,0;17,3;18,6;17,1;20,9;20,0;0,0;4,2;4,21E0;-541,2;20,00;3,0;3,1;49,37;0,51;0,007;0,0;0,00;0,049
421;28.06.2023;13:47:17;00:07:00;250,0;17,3;18,6;17,1;20,9;20,0;0,0;4,1;4,07E0;-541,2;20,00;3,0;3,0;49,37;0,51;0,008;0,0;0,01;0,049
422;28.06.2023;13:47:18;00:07:01;250,0;17,3;18,6;17,1;20,9;20,0;0,0;3,7;3,74E0;-541,2;20,00;3,0;3,0;49,37;0,51;0,004;0,0;0,01;0,049
423;28.06.2023;13:47:19;00:07:02;250,0;17,3;18,6;17,1;20,9;20,0;0,0;3,4;3,39E0;-541,2;20,00;3,0;3,0;49,37;0,51;0,003;0,0;0,01;0,049
424;28.06.2023;13:47:20;00:07:03;250,0;17,3;18,6;17,1;20,9;20,0;0,0;3,3;3,30E0;-541,2;20,00;3,0;3,0;49,37;0,51;0,004;0,0;0,00;0,049
425;28.06.2023;13:47:21;00:07:04;250,0;17,4;18,6;17,1;20,9;20,0;0,0;3,0;2,96E0;-541,2;20,00;3,0;3,1;49,37;0,51;0,005;0,0;0,01;0,049
426;28.06.2023;13:47:22;00:07:05;250,0;17,4;18,6;17,1;20,9;20,0;0,0;2,7;2,74E0;-541,2;20,00;3,0;3,0;49,37;0,51;0,005;0,0;0,00;0,049
427;28.06.2023;13:47:23;00:07:06;250,0;17,4;18,6;17,1;21,0;20,0;0,0;2,6;2,62E0;-541,2;20,00;3,0;3,0;49,37;0,51;0,001;0,0;0,01;0,049
428;28.06.2023;13:47:24;00:07:07;250,0;17,4;18,7;17,1;21,0;20,0;0,0;2,5;2,45E0;-541,2;20,00;3,0;2,9;49,37;0,51;0,000;0,0;0,00;0,049
429;28.06.2023;13:47:25;00:07:08;250,0;17,4;18,7;17,1;21,0;20,0;0,0;2,3;2,33E0;-541,2;20,00;3,0;2,9;49,37;0,51;-0,001;0,0;0,00;0,049
430;28.06.2023;13:47:26;00:07:09;250,0;17,4;18,7;17,1;21,0;20,0;0,0;2,2;2,20E0;-541,2;20,00;3,0;3,0;49,37;0,51;0,005;0,0;0,00;0,049
431;28.06.2023;13:47:27;00:07:10;250,0;17,4;18,7;17,1;21,0;20,0;0,0;2,1;2,05E0;-541,2;20,00;3,0;3,0;49,37;0,51;0,003;0,0;0,00;0,049
432;28.06.2023;13:47:28;00:07:11;250,0;17,4;18,7;17,1;21,0;20,0;0,0;2,0;1,97E0;-541,2;20,00;3,0;3,0;49,37;0,51;0,005;0,0;0,00;0,049
433;28.06.2023;13:47:29;00:07:12;250,0;17,4;18,7;17,1;21,0;20,0;0,0;1,8;1,82E0;-541,2;20,00;3,0;3,0;49,37;0,51;0,004;0,0;0,00;0,049
434;28.06.2023;13:47:30;00:07:13;250,0;17,4;18,7;17,1;21,0;20,0;0,0;1,7;1,69E0;-541,2;20,00;3,0;2,9;49,37;0,51;-0,001;0,0;0,01;0,049
435;28.06.2023;13:47:31;00:07:14;250,0;17,4;18,7;17,1;21,0;20,0;0,0;1,7;1,66E0;-541,2;20,00;3,0;3,0;49,37;0,51;0,000;0,0;0,01;0,049
436;28.06.2023;13:47:32;00:07:15;250,0;17,4;18,7;17,1;21,0;20,0;0,0;1,5;1,55E0;-541,2;20,00;3,0;3,1;49,37;0,51;0,004;0,0;0,00;0,049
437;28.06.2023;13:47:33;00:07:16;250,0;17,4;18,7;17,1;21,0;20,0;0,0;1,4;1,44E0;-541,2;20,00;3,0;3,0;49,37;0,51;0,003;0,0;0,00;0,049
438;28.06.2023;13:47:34;00:07:17;250,0;17,4;18,7;17,1;21,0;20,0;0,0;1,4;1,42E0;-541,2;20,00;3,0;3,0;49,37;0,52;0,003;0,0;0,00;0,049
439;28.06.2023;13:47:35;00:07:18;250,0;17,4;18,6;17,1;21,0;20,0;0,0;1,3;1,32E0;-541,2;20,00;3,0;3,0;49,37;0,51;0,003;0,0;0,01;0,049
440;28.06.2023;13:47:36;00:07:19;250,0;17,3;18,6;17,1;20,9;20,0;0,0;1,2;1,24E0;-541,2;20,00;3,0;3,1;49,37;0,51;0,004;0,0;0,01;0,049
441;28.06.2023;13:47:37;00:07:20;250,0;17,3;18,6;17,1;20,9;20,0;0,0;1,2;1,21E0;-541,2;20,00;3,0;3,0;49,37;0,51;0,004;0,0;0,01;0,049
442;28.06.2023;13:47:38;00:07:21;250,0;17,3;18,6;17,1;20,9;20,0;0,0;1,2;1,16E0;-541,2;20,00;3,0;3,0;49,37;0,51;0,001;0,0;0,00;0,049
443;28.06.2023;13:47:39;00:07:22;250,0;17,3;18,6;17,1;20,9;20,0;0,0;1,1;1,13E0;-541,2;20,00;3,0;3,0;49,37;0,51;0,003;0,0;0,01;0,049
444;28.06.2023;13:47:40;00:07:23;250,0;17,3;18,6;17,1;20,9;20,0;0,0;1,0;9,81E-1;-541,2;20,00;3,0;3,1;49,37;0,52;0,003;0,0;0,00;0,049
445;28.06.2023;13:47:41;00:07:24;250,0;17,4;18,6;17,1;20,9;20,0;0,0;0,9;9,34E-1;-541,2;20,00;3,0;3,0;49,37;0,51;0,001;0,0;0,00;0,049
446;28.06.2023;13:47:42;00:07:25;250,0;17,4;18,6;17,1;20,9;20,0;0,0;0,9;9,12E-1;-541,2;20,00;3,0;3,0;49,37;0,52;0,002;0,0;0,01;0,049
447;28.06.2023;13:47:43;00:07:26;250,0;17,4;18,6;17,1;20,9;20,0;0,0;0,9;8,67E-1;-541,2;20,00;3,0;3,1;49,37;0,51;0,008;0,0;0,00;0,049
448;28.06.2023;13:47:44;00:07:27;250,0;17,4;18,6;17,1;20,9;20,0;0,0;0,8;8,24E-1;-541,2;20,00;3,0;3,0;49,37;0,52;0,003;0,0;0,01;0,049
449;28.06.2023;13:47:45;00:07:28;250,0;17,4;18,6;17,1;20,9;20,0;0,0;0,8;8,01E-1;-541,2;20,00;3,0;3,0;49,37;0,51;0,003;0,0;0,00;0,049
450;28.06.2023;13:47:46;00:07:29;250,0;17,4;18,6;17,1;20,9;20,0;0,0;0,8;7,63E-1;-541,2;20,00;3,0;3,0;49,37;0,52;0,001;0,0;0,01;0,049
451;28.06.2023;13:47:47;00:07:30;250,0;17,4;18,6;17,1;20,9;20,0;0,0;0,7;7,31E-1;-541,2;20,00;3,0;3,0;49,37;0,51;0,002;0,0;0,01;0,049
452;28.06.2023;13:47:48;00:07:31;250,0;17,4;18,6;17,1;20,9;20,0;0,0;0,7;7,16E-1;-541,2;20,00;3,0;3,0;49,37;0,51;0,002;0,0;0,00;0,049
453;28.06.2023;13:47:49;00:07:32;250,0;17,4;18,6;17,1;20,9;20,0;0,0;0,7;6,85E-1;-541,2;20,00;3,0;2,9;49,37;0,51;-0,003;0,0;0,01;0,049
454;28.06.2023;13:47:50;00:07:33;250,0;17,4;18,6;17,1;21,0;20,0;0,0;0,7;6,56E-1;-541,2;20,00;3,0;2,9;49,37;0,51;0,003;0,0;0,01;0,049
455;28.06.2023;13:47:51;00:07:34;250,0;17,4;18,6;17,1;21,0;20,0;0,0;0,6;6,41E-1;-541,2;20,00;3,0;3,0;49,37;0,52;0,002;0,0;0,00;0,049
456;28.06.2023;13:47:52;00:07:35;250,0;17,4;18,6;17,2;21,0;20,0;0,0;0,6;6,11E-1;-541,2;20,00;3,0;2,9;49,37;0,52;0,002;0,0;0,00;0,049
457;28.06.2023;13:47:53;00:07:36;250,0;17,4;18,6;17,2;21,0;20,0;0,0;0,6;5,97E-1;-541,2;20,00;3,0;3,0;49,37;0,51;0,005;0,0;0,00;0,049
458;28.06.2023;13:47:54;00:07:37;250,0;17,4;18,6;17,2;21,0;20,0;0,0;0,6;5,70E-1;-541,2;20,00;3,0;3,1;49,37;0,51;0,008;0,0;0,01;0,049
459;28.06.2023;13:47:55;00:07:38;250,0;17,4;18,5;17,1;21,0;20,0;0,0;0,5;5,44E-1;-541,2;20,00;3,0;3,0;49,37;0,52;0,003;0,0;0,00;0,049
460;28.06.2023;13:47:56;00:07:39;250,0;17,3;18,5;17,1;20,9;20,0;0,0;0,5;5,32E-1;-541,2;20,00;3,0;3,0;49,37;0,52;0,000;0,0;0,01;0,049
461;28.06.2023;13:47:57;00:07:40;250,0;17,4;18,5;17,1;20,9;20,0;0,0;0,5;5,13E-1;-541,2;20,00;3,0;2,9;49,37;0,52;0,002;0,0;0,01;0,049
462;28.06.2023;13:47:58;00:07:41;250,0;17,4;18,5;17,1;20,9;20,0;0,0;0,5;4,93E-1;-541,2;20,00;3,0;3,0;49,37;0,52;0,004;0,0;0,00;0,049
463;28.06.2023;13:47:59;00:07:42;250,0;17,4;18,5;17,1;20,9;20,0;0,0;0,5;4,84E-1;-541,2;20,00;3,0;3,0;49,37;0,52;0,004;0,0;0,01;0,049
464;28.06.2023;13:48:00;00:07:43;250,0;17,4;18,5;17,1;20,9;20,0;0,0;0,5;4,66E-1;-541,2;20,00;3,0;3,0;49,37;0,52;0,003;0,0;0,00;0,049
465;28.06.2023;13:48:01;00:07:44;250,0;17,4;18,5;17,1;20,9;20,0;0,0;0,4;4,49E-1;-541,2;20,00;3,0;2,9;49,37;0,51;0,004;0,0;0,01;0,049
466;28.06.2023;13:48:02;00:07:45;250,0;17,4;18,5;17,1;20,9;20,0;0,0;0,4;4,40E-1;-541,2;20,00;3,0;2,9;49,37;0,52;0,001;0,0;0,01;0,049
467;28.06.2023;13:48:03;00:07:46;250,0;17,4;18,5;17,1;20,9;20,0;0,0;0,4;4,25E-1;-541,2;20,00;3,0;3,0;49,37;0,52;0,004;0,0;0,01;0,049
468;28.06.2023;13:48:04;00:07:47;250,0;17,4;18,5;17,1;20,9;20,0;0,0;0,4;4,15E-1;-541,2;20,00;3,0;3,0;49,37;0,52;0,003;0,0;0,00;0,049
469;28.06.2023;13:48:05;00:07:48;250,0;17,4;18,5;17,1;20,9;20,0;0,0;0,4;3,99E-1;-541,2;20,00;3,0;3,0;49,37;0,52;0,003;0,0;0,00;0,049
470;28.06.2023;13:48:06;00:07:49;250,1;17,4;18,5;17,1;20,9;20,0;0,0;0,4;3,85E-1;-541,2;20,00;3,0;3,0;49,37;0,52;0,001;0,0;0,00;0,049
471;28.06.2023;13:48:07;00:07:50;250,0;17,4;18,5;17,1;20,9;20,0;0,0;0,4;3,77E-1;-541,2;20,00;3,0;3,0;49,37;0,52;-0,001;0,0;0,01;0,049
472;28.06.2023;13:48:08;00:07:51;250,0;17,4;18,5;17,1;20,9;20,0;0,0;0,4;3,63E-1;-541,2;20,00;3,0;3,0;49,37;0,52;0,006;0,0;0,00;0,049
473;28.06.2023;13:48:09;00:07:52;250,0;17,4;18,5;17,1;20,9;20,0;0,0;0,4;3,53E-1;-541,2;20,00;3,0;3,0;49,37;0,52;0,002;0,0;0,01;0,049
474;28.06.2023;13:48:10;00:07:53;250,0;17,4;18,5;17,1;20,9;20,0;0,0;0,3;3,46E-1;-541,2;20,00;3,0;3,0;49,37;0,52;0,002;0,0;0,00;0,049
475;28.06.2023;13:48:11;00:07:54;250,0;17,4;18,5;17,1;20,9;20,0;0,2;8,6;8,57E0;-541,2;20,00;3,0;3,0;49,37;0,52;0,007;0,0;0,00;0,049
476;28.06.2023;13:48:12;00:07:55;250,0;17,4;18,5;17,1;20,9;20,0;0,2;77,7;7,77E1;-541,2;20,00;3,0;3,0;49,37;0,52;0,007;0,0;0,01;0,049
477;28.06.2023;13:48:13;00:07:56;250,0;17,4;18,5;17,1;20,9;20,0;0,2;104,6;1,05E2;-541,2;20,00;3,0;3,0;49,37;0,52;0,002;0,0;0,00;0,049
478;28.06.2023;13:48:14;00:07:57;250,0;17,5;18,5;17,1;20,9;20,0;0,2;158,2;1,58E2;-541,2;20,00;3,0;3,0;49,37;0,52;0,001;0,0;0,01;0,049
479;28.06.2023;13:48:15;00:07:58;250,0;17,5;18,5;17,1;20,9;20,0;0,2;214,9;2,15E2;-541,2;20,00;3,0;3,0;49,37;0,52;0,000;0,0;0,00;0,049
480;28.06.2023;13:48:16;00:07:59;250,0;17,5;18,5;17,1;20,9;20,0;0,2;247,4;2,47E2;-541,2;20,00;3,0;3,1;49,37;0,52;0,002;0,0;0,01;0,049
481;28.06.2023;13:48:17;00:08:00;250,0;17,6;18,5;17,1;20,9;20,0;0,2;302,5;3,02E2;-541,2;20,00;3,0;3,0;49,37;0,52;-0,003;0,0;0,01;0,049
482;28.06.2023;13:48:18;00:08:01;250,0;17,6;18,5;17,1;20,9;20,0;0,2;331,6;3,32E2;-541,2;20,00;3,0;3,0;49,37;0,52;-0,005;0,0;0,01;0,049
483;28.06.2023;13:48:19;00:08:02;250,0;17,7;18,5;17,2;20,9;20,0;0,2;387,5;3,87E2;-541,2;20,00;3,0;2,9;49,37;0,52;-0,006;0,0;0,01;0,049
484;28.06.2023;13:48:20;00:08:03;250,0;17,9;18,5;17,2;20,9;20,0;0,2;442,4;4,42E2;-541,2;20,00;3,0;3,0;49,37;0,51;-0,006;0,0;0,00;0,049
485;28.06.2023;13:48:21;00:08:04;250,0;17,9;18,5;17,2;20,9;20,0;0,2;472,2;4,72E2;-537,5;20,00;3,0;3,0;49,37;0,52;-0,005;0,0;0,00;0,049
486;28.06.2023;13:48:22;00:08:05;250,0;17,9;18,5;17,3;20,9;20,0;0,2;527,2;5,27E2;-485,8;20,00;3,0;3,0;49,37;0,51;-0,008;0,0;0,01;0,049
487;28.06.2023;13:48:23;00:08:06;250,0;18,1;18,5;17,3;20,9;20,0;0,2;584,4;5,84E2;-426,6;20,00;3,0;3,0;49,37;0,51;-0,010;0,0;0,01;0,049
488;28.06.2023;13:48:24;00:08:07;250,0;18,1;18,5;17,3;20,9;20,0;0,2;612,2;6,12E2;-401,1;20,00;3,0;3,0;49,37;0,51;-0,014;0,0;0,00;0,049
489;28.06.2023;13:48:25;00:08:08;250,0;18,2;18,6;17,4;20,9;20,0;0,2;666,6;6,67E2;-344,9;20,00;3,0;3,0;49,37;0,51;-0,019;0,0;0,00;0,049
490;28.06.2023;13:48:26;00:08:09;250,0;18,3;18,6;17,4;20,9;20,0;0,2;722,6;7,23E2;-288,4;20,00;3,0;3,1;49,37;0,51;-0,025;0,0;0,00;0,049
491;28.06.2023;13:48:27;00:08:10;250,0;18,3;18,6;17,4;20,9;20,0;0,2;749,7;7,50E2;-262,2;20,00;3,0;3,1;49,37;0,51;-0,033;0,0;0,00;0,049
492;28.06.2023;13:48:28;00:08:11;250,0;18,3;18,6;17,5;20,9;20,0;0,2;804,7;8,05E2;-210,6;20,00;3,0;3,0;49,36;0,51;-0,047;0,0;0,00;0,049
493;28.06.2023;13:48:29;00:08:12;250,0;18,4;18,6;17,5;20,9;20,0;0,2;863,6;8,64E2;-150,2;20,00;3,0;3,0;49,36;0,51;-0,062;0,0;0,00;0,049
494;28.06.2023;13:48:30;00:08:13;250,0;18,5;18,6;17,6;20,9;20,0;0,2;890,8;8,91E2;-124,5;20,00;3,0;3,0;49,36;0,51;-0,069;0,0;0,00;0,049
495;28.06.2023;13:48:31;00:08:14;250,0;18,5;18,6;17,6;20,9;20,0;0,2;944,8;9,45E2;-68,4;20,00;3,0;3,0;49,36;0,51;-0,077;0,0;0,00;0,049
496;28.06.2023;13:48:32;00:08:15;250,0;18,5;18,6;17,7;20,9;20,0;0,2;972,8;9,73E2;-42,5;20,00;3,0;3,0;49,36;0,50;-0,081;0,0;0,01;0,049
497;28.06.2023;13:48:33;00:08:16;250,0;18,6;18,6;17,7;20,9;20,0;0,2;1025,2;1,03E3;13,8;20,00;3,0;3,0;49,36;0,50;-0,090;0,0;0,00;0,049
498;28.06.2023;13:48:34;00:08:17;250,0;18,7;18,6;17,7;20,9;20,0;0,2;1030,0;1,03E3;20,1;20,00;3,0;3,0;49,35;0,50;-0,098;0,0;0,00;0,049
499;28.06.2023;13:48:35;00:08:18;250,0;18,7;18,6;17,7;20,9;20,0;0,2;1037,8;1,04E3;23,2;20,00;3,0;3,0;49,35;0,50;-0,099;0,0;0,01;0,049
500;28.06.2023;13:48:36;00:08:19;250,0;18,8;18,8;18,0;21,1;20,0;0,1;1039,1;1,04E3;28,9;20,00;3,0;2,9;49,35;0,50;-0,082;0,0;0,00;0,049
501;28.06.2023;13:48:37;00:08:20;250,0;18,9;18,8;18,0;21,1;20,0;0,1;1029,9;1,03E3;20,3;20,00;3,0;3,0;49,35;0,50;-0,065;0,0;0,00;0,049
502;28.06.2023;13:48:38;00:08:21;250,0;18,9;18,8;18,1;21,1;20,0;0,1;1026,4;1,03E3;16,4;20,00;3,0;3,0;49,35;0,50;-0,056;0,0;0,00;0,049
503;28.06.2023;13:48:39;00:08:22;250,0;19,0;18,8;18,1;21,1;20,0;0,1;1043,9;1,04E3;34,3;20,00;3,0;3,0;49,35;0,50;-0,039;0,0;0,00;0,049
504;28.06.2023;13:48:40;00:08:23;250,0;19,0;18,9;18,2;21,0;20,0;0,1;1037,1;1,04E3;27,1;20,00;3,0;3,0;49,35;0,50;-0,030;0,0;0,00;0,049
505;28.06.2023;13:48:41;00:08:24;250,0;19,0;18,9;18,2;21,0;20,0;0,1;1034,0;1,03E3;24,4;20,00;3,0;3,0;49,35;0,50;-0,028;0,0;0,00;0,049
506;28.06.2023;13:48:42;00:08:25;250,0;19,0;18,9;18,3;21,0;20,0;0,1;1029,8;1,03E3;20,1;20,00;3,0;2,9;49,35;0,50;-0,023;0,0;0,00;0,049
507;28.06.2023;13:48:43;00:08:26;250,0;19,0;18,9;18,3;21,0;20,0;0,1;1028,2;1,03E3;18,5;20,00;3,0;3,0;49,35;0,50;-0,018;0,0;0,01;0,049
508;28.06.2023;13:48:44;00:08:27;250,0;19,0;18,9;18,3;21,0;20,0;0,1;1049,5;1,05E3;36,1;20,00;3,0;3,0;49,35;0,50;-0,013;0,0;0,01;0,049
509;28.06.2023;13:48:45;00:08:28;250,0;19,0;18,9;18,3;21,0;20,0;0,1;1046,0;1,05E3;36,4;20,00;3,0;2,9;49,35;0,50;-0,011;0,0;0,00;0,049
510;28.06.2023;13:48:46;00:08:29;250,0;19,0;18,9;18,4;21,0;20,0;0,1;1044,0;1,04E3;34,2;20,00;3,0;3,0;49,35;0,50;-0,008;0,0;0,00;0,049
511;28.06.2023;13:48:47;00:08:30;250,0;18,9;18,9;18,4;21,0;20,0;0,1;1040,8;1,04E3;31,3;20,00;3,0;3,0;49,35;0,50;-0,007;0,0;0,00;0,049
512;28.06.2023;13:48:48;00:08:31;250,0;18,9;18,9;18,5;21,0;20,0;0,1;1038,5;1,04E3;29,0;20,00;3,0;3,0;49,35;0,50;-0,006;0,0;0,00;0,049
513;28.06.2023;13:48:49;00:08:32;250,0;18,9;18,9;18,5;21,0;20,0;0,1;1037,5;1,04E3;28,0;20,00;3,0;3,0;49,35;0,50;-0,002;0,0;0,00;0,049
514;28.06.2023;13:48:50;00:08:33;250,0;18,9;18,9;18,5;21,0;20,0;0,1;1035,9;1,04E3;26,3;20,00;3,0;3,0;49,35;0,50;-0,003;0,0;0,00;0,049
515;28.06.2023;13:48:51;00:08:34;250,0;18,9;18,9;18,5;21,0;20,0;0,1;1034,4;1,03E3;24,7;20,00;3,0;3,0;49,35;0,50;-0,004;0,0;0,01;0,049
516;28.06.2023;13:48:52;00:08:35;250,0;18,9;18,9;18,5;21,0;20,0;0,1;1033,7;1,03E3;24,1;20,00;3,0;3,0;49,35;0,50;-0,005;0,0;0,00;0,049
517;28.06.2023;13:48:53;00:08:36;250,0;18,8;18,9;18,6;21,0;20,0;0,2;1032,6;1,03E3;22,9;20,00;3,0;3,1;49,35;0,50;-0,004;0,0;0,00;0,049
518;28.06.2023;13:48:54;00:08:37;250,0;18,8;18,9;18,6;21,0;20,0;0,2;1031,6;1,03E3;22,0;20,00;3,0;3,0;49,35;0,50;-0,007;0,0;0,01;0,049
519;28.06.2023;13:48:55;00:08:38;250,0;18,8;18,9;18,6;21,0;20,0;0,2;1031,2;1,03E3;21,7;20,00;3,0;3,0;49,35;0,50;-0,005;0,0;0,01;0,049
520;28.06.2023;13:48:56;00:08:39;250,0;18,9;19,1;18,8;21,2;20,0;0,1;1030,5;1,03E3;20,8;20,00;3,0;3,0;49,35;0,50;-0,001;0,0;0,01;0,049
521;28.06.2023;13:48:57;00:08:40;250,0;18,9;19,1;18,8;21,2;20,0;0,1;1030,1;1,03E3;20,5;20,00;3,0;3,0;49,35;0,50;-0,001;0,0;0,01;0,049
522;28.06.2023;13:48:58;00:08:41;250,0;18,9;19,1;18,8;21,1;20,0;0,2;1029,5;1,03E3;19,8;20,00;3,0;3,0;49,35;0,50;0,001;0,0;0,00;0,049
523;28.06.2023;13:48:59;00:08:42;250,0;18,9;19,1;18,9;21,1;20,0;0,2;1028,9;1,03E3;19,5;20,00;3,0;3,0;49,35;0,50;-0,001;0,0;0,00;0,049
524;28.06.2023;13:49:00;00:08:43;250,0;18,9;19,1;18,9;21,1;20,0;0,2;1028,7;1,03E3;19,2;20,00;3,0;3,0;49,35;0,50;0,000;0,0;0,01;0,049
525;28.06.2023;13:49:01;00:08:44;250,0;18,8;19,1;18,9;21,1;20,0;0,2;1028,3;1,03E3;18,7;20,00;3,0;3,0;49,35;0,50;-0,002;0,0;0,01;0,049
526;28.06.2023;13:49:02;00:08:45;250,0;18,8;19,1;18,9;21,1;20,0;0,2;1027,9;1,03E3;18,3;20,00;3,0;3,0;49,35;0,50;-0,002;0,0;0,00;0,049
527;28.06.2023;13:49:03;00:08:46;250,0;18,8;19,1;18,9;21,1;20,0;0,2;1027,7;1,03E3;18,2;20,00;3,0;3,0;49,35;0,50;-0,003;0,0;0,01;0,049
528;28.06.2023;13:49:04;00:08:47;250,0;18,8;19,1;18,9;21,1;20,0;0,2;1027,4;1,03E3;17,7;20,00;3,0;3,0;49,35;0,50;-0,002;0,0;0,01;0,049
529;28.06.2023;13:49:05;00:08:48;250,0;18,8;19,1;18,9;21,1;20,0;0,2;1027,1;1,03E3;17,4;20,00;3,0;3,0;49,35;0,50;0,001;0,0;0,00;0,049
530;28.06.2023;13:49:06;00:08:49;250,0;18,8;19,0;18,9;21,1;20,0;0,2;1026,9;1,03E3;17,4;20,00;3,0;3,0;49,35;0,50;0,001;0,0;0,01;0,049
531;28.06.2023;13:49:07;00:08:50;250,0;18,8;19,0;18,9;21,1;20,0;0,2;1026,7;1,03E3;17,1;20,00;3,0;3,0;49,35;0,50;0,002;0,0;0,01;0,049
532;28.06.2023;13:49:08;00:08:51;250,0;18,7;19,0;18,9;21,1;20,0;0,2;1026,5;1,03E3;17,1;20,00;3,0;3,0;49,35;0,50;0,000;0,0;0,00;0,049
533;28.06.2023;13:49:09;00:08:52;250,0;18,7;19,0;18,9;21,1;20,0;0,2;1051,6;1,05E3;38,2;20,00;3,0;3,1;49,35;0,50;0,003;0,0;0,00;0,049
534;28.06.2023;13:49:10;00:08:53;250,0;18,7;19,0;18,9;21,1;20,0;0,2;1056,5;1,06E3;47,0;20,00;3,0;3,0;49,35;0,50;0,001;0,0;0,00;0,049
535;28.06.2023;13:49:11;00:08:54;250,0;18,7;19,0;18,9;21,1;20,0;0,2;1055,5;1,06E3;45,8;20,00;3,0;3,0;49,35;0,50;0,000;0,0;0,00;0,049
536;28.06.2023;13:49:12;00:08:55;250,0;18,7;19,0;18,9;21,1;20,0;0,2;1053,8;1,05E3;44,3;20,00;3,0;3,0;49,35;0,50;-0,003;0,0;0,01;0,049
537;28.06.2023;13:49:13;00:08:56;250,0;18,7;19,0;18,9;21,1;20,0;0,2;1052,7;1,05E3;43,0;20,00;3,0;3,0;49,35;0,50;-0,001;0,0;0,00;0,049
538;28.06.2023;13:49:14;00:08:57;250,0;18,7;19,0;18,9;21,1;20,0;0,2;1052,1;1,05E3;42,7;20,00;3,0;3,0;49,35;0,50;-0,004;0,0;0,01;0,049
539;28.06.2023;13:49:15;00:08:58;250,0;18,7;19,0;18,9;21,1;20,0;0,2;1051,3;1,05E3;41,8;20,00;3,0;3,0;49,35;0,50;-0,001;0,0;0,00;0,049
540;28.06.2023;13:49:16;00:08:59;250,0;18,7;19,1;19,0;21,2;20,0;0,2;1050,6;1,05E3;41,2;20,00;3,0;2,9;49,35;0,50;-0,003;0,0;0,01;0,049
541;28.06.2023;13:49:17;00:09:00;250,0;18,7;19,1;19,0;21,2;20,0;0,2;1050,2;1,05E3;40,8;20,00;3,0;2,9;49,35;0,50;-0,001;0,0;0,01;0,049
542;28.06.2023;13:49:18;00:09:01;250,0;18,7;19,1;19,0;21,2;20,0;0,2;1049,6;1,05E3;40,3;20,00;3,0;3,0;49,35;0,50;-0,004;0,0;0,00;0,049
543;28.06.2023;13:49:19;00:09:02;250,0;18,7;19,1;19,0;21,2;20,0;0,2;1049,2;1,05E3;39,7;20,00;3,0;3,0;49,35;0,50;-0,001;0,0;0,00;0,049
544;28.06.2023;13:49:20;00:09:03;250,0;18,7;19,1;19,0;21,2;20,0;0,2;1048,9;1,05E3;39,4;20,00;3,0;3,0;49,35;0,50;-0,001;0,0;0,00;0,049
545;28.06.2023;13:49:21;00:09:04;250,0;18,7;19,1;19,0;21,1;20,0;0,2;1048,5;1,05E3;39,1;20,00;3,0;3,0;49,35;0,50;-0,001;0,0;0,00;0,049
546;28.06.2023;13:49:22;00:09:05;250,0;18,7;19,1;18,9;21,1;20,0;0,2;1048,4;1,05E3;38,8;20,00;3,0;3,0;49,35;0,50;-0,001;0,0;0,00;0,049
547;28.06.2023;13:49:23;00:09:06;250,0;18,7;19,1;18,9;21,1;20,0;0,2;1048,0;1,05E3;38,5;20,00;3,0;3,0;49,35;0,50;-0,001;0,0;0,00;0,049
548;28.06.2023;13:49:24;00:09:07;250,0;18,6;19,1;18,9;21,1;20,0;0,2;1047,7;1,05E3;38,2;20,00;3,0;3,0;49,35;0,50;0,002;0,0;0,00;0,049
549;28.06.2023;13:49:25;00:09:08;250,0;18,6;19,1;18,9;21,1;20,0;0,2;1047,5;1,05E3;37,9;20,00;3,0;3,0;49,35;0,50;0,002;0,0;0,01;0,049
550;28.06.2023;13:49:26;00:09:09;250,0;18,6;19,1;18,9;21,1;20,0;0,2;1047,3;1,05E3;37,8;20,00;3,0;3,0;49,35;0,50;0,000;0,0;0,01;0,049
551;28.06.2023;13:49:27;00:09:10;250,0;18,6;19,1;18,9;21,1;20,0;0,2;1047,0;1,05E3;37,5;20,00;3,0;3,0;49,35;0,50;0,001;0,0;0,01;0,049
552;28.06.2023;13:49:28;00:09:11;250,0;18,6;19,1;18,9;21,1;20,0;0,2;1046,9;1,05E3;37,4;20,00;3,0;3,0;49,35;0,50;0,004;0,0;0,01;0,049
553;28.06.2023;13:49:29;00:09:12;250,0;18,6;19,1;18,9;21,1;20,0;0,2;1046,7;1,05E3;37,2;20,00;3,0;3,0;49,35;0,50;0,001;0,0;0,00;0,049
554;28.06.2023;13:49:30;00:09:13;250,0;18,6;19,1;18,9;21,1;20,0;0,2;1046,5;1,05E3;36,9;20,00;3,0;3,1;49,35;0,50;0,003;0,0;0,00;0,049
555;28.06.2023;13:49:31;00:09:14;250,0;18,6;19,1;18,9;21,1;20,0;0,2;1046,4;1,05E3;36,9;20,00;3,0;3,1;49,35;0,50;0,002;0,0;0,01;0,049
556;28.06.2023;13:49:32;00:09:15;250,0;18,6;19,1;18,8;21,1;20,0;0,2;1046,2;1,05E3;36,6;20,00;3,0;3,0;49,35;0,50;0,001;0,0;0,01;0,049
557;28.06.2023;13:49:33;00:09:16;250,0;18,6;19,1;18,8;21,1;20,0;0,2;1046,1;1,05E3;36,6;20,00;3,0;3,0;49,35;0,50;-0,002;0,0;0,00;0,049
558;28.06.2023;13:49:34;00:09:17;250,0;18,5;19,1;18,8;21,1;20,0;0,2;1046,0;1,05E3;36,6;20,00;3,0;3,0;49,35;0,50;0,000;0,0;0,00;0,049
559;28.06.2023;13:49:35;00:09:18;250,0;18,5;19,1;18,8;21,1;20,0;0,2;1045,9;1,05E3;36,3;20,00;3,0;3,0;49,35;0,50;-0,002;0,0;0,00;0,049
560;28.06.2023;13:49:36;00:09:19;250,0;18,6;19,2;18,9;21,2;20,0;0,2;1045,8;1,05E3;36,3;20,00;3,0;3,0;49,35;0,50;-0,001;0,0;0,00;0,049
561;28.06.2023;13:49:37;00:09:20;250,0;18,6;19,1;18,8;21,2;20,0;0,2;1045,7;1,05E3;36,3;20,00;3,0;3,0;49,35;0,50;-0,002;0,0;0,00;0,049
562;28.06.2023;13:49:38;00:09:21;250,0;18,6;19,1;18,8;21,1;20,0;0,2;1045,6;1,05E3;36,1;20,00;3,0;3,0;49,35;0,50;0,000;0,0;0,00;0,049
563;28.06.2023;13:49:39;00:09:22;250,0;18,6;19,1;18,8;21,1;20,0;0,2;1045,5;1,05E3;36,1;20,00;3,0;3,0;49,35;0,50;0,001;0,0;0,01;0,049
564;28.06.2023;13:49:40;00:09:23;250,0;18,6;19,1;18,8;21,1;20,0;0,2;1045,5;1,05E3;36,0;20,00;3,0;3,0;49,35;0,50;0,002;0,0;0,01;0,049
565;28.06.2023;13:49:41;00:09:24;250,0;18,6;19,1;18,8;21,1;20,0;0,2;1045,3;1,05E3;36,0;20,00;3,0;3,0;49,35;0,50;0,002;0,0;0,00;0,049
566;28.06.2023;13:49:42;00:09:25;250,0;18,6;19,1;18,7;21,1;20,0;0,2;1045,3;1,05E3;35,7;20,00;3,0;3,0;49,35;0,50;0,000;0,0;0,01;0,049
567;28.06.2023;13:49:43;00:09:26;250,0;18,5;19,1;18,7;21,1;20,0;0,2;1045,2;1,05E3;35,7;20,00;3,0;3,0;49,35;0,50;-0,004;0,0;0,01;0,049
568;28.06.2023;13:49:44;00:09:27;250,0;18,5;19,1;18,7;21,1;20,0;0,2;1045,1;1,05E3;35,7;20,00;3,0;3,0;49,35;0,50;-0,001;0,0;0,01;0,049
569;28.06.2023;13:49:45;00:09:28;250,0;18,5;19,1;18,7;21,1;20,0;0,2;1045,1;1,05E3;35,7;20,00;3,0;2,9;49,35;0,50;-0,006;0,0;0,00;0,049
570;28.06.2023;13:49:46;00:09:29;250,0;18,5;19,1;18,7;21,1;20,0;0,2;1045,0;1,05E3;35,4;20,00;3,0;3,0;49,35;0,50;-0,002;0,0;0,01;0,049
571;28.06.2023;13:49:47;00:09:30;250,0;18,5;19,1;18,7;21,1;20,0;0,2;1045,0;1,05E3;35,4;20,00;3,0;3,0;49,35;0,50;0,001;0,0;0,01;0,049
572;28.06.2023;13:49:48;00:09:31;250,0;18,5;19,1;18,7;21,1;20,0;0,2;1044,9;1,04E3;35,4;20,00;3,0;3,0;49,35;0,50;0,001;0,0;0,01;0,049
573;28.06.2023;13:49:49;00:09:32;250,0;18,5;19,1;18,7;21,1;20,0;0,2;1044,9;1,04E3;35,4;20,00;3,0;3,0;49,35;0,50;0,002;0,0;0,01;0,049
574;28.06.2023;13:49:50;00:09:33;250,0;18,4;19,1;18,7;21,1;20,0;0,2;1044,8;1,04E3;35,4;20,00;3,0;3,0;49,35;0,50;0,003;0,0;0,00;0,049
575;28.06.2023;13:49:51;00:09:34;250,0;18,4;19,1;18,7;21,1;20,0;0,2;1044,8;1,04E3;35,4;20,00;3,0;3,0;49,35;0,50;0,002;0,0;0,01;0,049
576;28.06.2023;13:49:52;00:09:35;250,0;18,4;19,1;18,7;21,1;20,0;0,2;1044,8;1,04E3;35,4;20,00;3,0;2,9;49,35;0,50;-0,001;0,0;0,00;0,049
577;28.06.2023;13:49:53;00:09:36;250,0;18,4;19,1;18,7;21,1;20,0;0,2;1044,8;1,04E3;35,4;20,00;3,0;2,9;49,35;0,50;-0,001;0,0;0,01;0,049
578;28.06.2023;13:49:54;00:09:37;250,0;18,4;19,1;18,6;21,1;20,0;0,3;1044,7;1,04E3;35,1;20,00;3,0;3,0;49,35;0,50;-0,001;0,0;0,00;0,049
579;28.06.2023;13:49:55;00:09:38;250,0;18,4;19,2;18,7;21,1;20,0;0,3;1044,6;1,04E3;35,1;20,00;3,0;3,0;49,35;0,50;0,000;0,0;0,01;0,049
580;28.06.2023;13:49:56;00:09:39;250,0;18,5;19,2;18,7;21,1;20,0;0,3;1044,6;1,04E3;35,1;20,00;3,0;3,0;49,35;0,50;0,000;0,0;0,01;0,049
581;28.06.2023;13:49:57;00:09:40;250,0;18,4;19,2;18,6;21,1;20,0;0,3;1044,6;1,04E3;35,1;20,00;3,0;3,0;49,35;0,50;0,000;0,0;0,00;0,049
582;28.06.2023;13:49:58;00:09:41;250,0;18,4;19,2;18,6;21,1;20,0;0,3;1044,5;1,04E3;35,1;20,00;3,0;3,0;49,35;0,50;0,001;0,0;0,00;0,049
583;28.06.2023;13:49:59;00:09:42;250,0;18,4;19,2;18,6;21,1;20,0;0,3;1044,6;1,04E3;35,1;20,00;3,0;3,0;49,35;0,50;0,004;0,0;0,00;0,049
584;28.06.2023;13:50:00;00:09:43;250,0;18,4;19,2;18,6;21,1;20,0;0,3;1044,4;1,04E3;35,1;20,00;3,0;3,0;49,35;0,50;0,005;0,0;0,00;0,049
585;28.06.2023;13:50:01;00:09:44;250,0;18,4;19,2;18,6;21,1;20,0;0,3;1044,4;1,04E3;35,1;20,00;3,0;3,0;49,35;0,50;0,003;0,0;0,00;0,048
586;28.06.2023;13:50:02;00:09:45;250,0;18,4;19,2;18,6;21,1;20,0;0,3;1044,5;1,04E3;35,1;20,00;3,0;3,0;49,35;0,50;0,001;0,0;0,01;0,049
587;28.06.2023;13:50:03;00:09:46;250,0;18,4;19,2;18,6;21,1;20,0;0,3;1044,4;1,04E3;35,1;20,00;3,0;3,0;49,35;0,50;0,000;0,0;0,01;0,049
588;28.06.2023;13:50:04;00:09:47;250,0;18,4;19,2;18,6;21,1;20,0;0,3;1044,4;1,04E3;35,0;20,00;3,0;3,0;49,35;0,50;0,000;0,0;0,01;0,049
589;28.06.2023;13:50:05;00:09:48;250,0;18,4;19,2;18,6;21,1;20,0;0,3;1044,3;1,04E3;34,8;20,00;3,0;2,9;49,35;0,50;-0,003;0,0;0,01;0,049
590;28.06.2023;13:50:06;00:09:49;250,0;18,4;19,2;18,6;21,1;20,0;0,3;1044,4;1,04E3;34,8;20,00;3,0;3,0;49,35;0,50;0,000;0,0;0,01;0,049
591;28.06.2023;13:50:07;00:09:50;250,0;18,4;19,2;18,6;21,1;20,0;0,3;1044,3;1,04E3;34,8;20,00;3,0;3,0;49,35;0,50;0,003;0,0;0,00;0,049
592;28.06.2023;13:50:08;00:09:51;250,0;18,4;19,2;18,5;21,1;20,0;0,3;1044,3;1,04E3;34,8;20,00;3,0;3,0;49,35;0,50;0,001;0,0;0,00;0,049
593;28.06.2023;13:50:09;00:09:52;250,0;18,4;19,2;18,5;21,1;20,0;0,3;1044,3;1,04E3;34,8;20,00;3,0;3,0;49,35;0,50;0,000;0,0;0,00;0,049
594;28.06.2023;13:50:10;00:09:53;250,0;18,3;19,2;18,5;21,1;20,0;0,3;1044,3;1,04E3;34,8;20,00;3,0;3,0;49,35;0,50;0,001;0,0;0,01;0,049
595;28.06.2023;13:50:11;00:09:54;250,0;18,3;19,2;18,5;21,1;20,0;0,0;1044,2;1,04E3;34,8;20,00;3,0;3,0;49,35;0,50;0,000;0,0;0,01;0,049
596;28.06.2023;13:50:12;00:09:55;250,0;18,3;19,2;18,5;21,1;20,0;0,0;1044,2;1,04E3;34,8;20,00;3,0;3,0;49,35;0,50;-0,002;0,0;0,00;0,049
597;28.06.2023;13:50:13;00:09:56;250,0;18,3;19,2;18,5;21,1;20,0;0,0;1044,2;1,04E3;34,8;20,00;3,0;3,0;49,35;0,50;0,001;0,0;0,01;0,049
598;28.06.2023;13:50:14;00:09:57;250,0;18,3;19,2;18,5;21,0;20,0;0,0;1044,2;1,04E3;34,8;20,00;3,0;3,0;49,35;0,50;0,003;0,0;0,01;0,049
599;28.06.2023;13:50:15;00:09:58;250,0;18,3;19,2;18,5;21,0;20,0;0,0;1044,2;1,04E3;34,8;20,00;3,0;2,9;49,35;0,50;0,001;0,0;0,01;0,049
600;28.06.2023;13:50:16;00:09:59;250,0;18,4;19,2;18,6;21,1;20,0;0,0;1044,2;1,04E3;34,8;20,00;3,0;2,9;49,35;0,50;0,001;0,0;0,01;0,049
601;28.06.2023;13:50:17;00:10:00;250,0;18,4;19,2;18,5;21,1;20,0;0,0;1044,1;1,04E3;34,8;20,00;3,0;2,9;49,35;0,50;0,003;0,0;0,01;0,049
602;28.06.2023;13:50:18;00:10:01;250,0;18,4;19,2;18,5;21,1;20,0;0,0;1044,1;1,04E3;34,8;20,00;3,0;2,9;49,35;0,50;0,004;0,0;0,01;0,049
603;28.06.2023;13:50:19;00:10:02;250,0;18,4;19,2;18,5;21,1;20,0;0,0;1033,0;1,03E3;27,3;20,00;3,0;2,9;49,35;0,50;0,000;0,0;0,01;0,049
604;28.06.2023;13:50:20;00:10:03;250,0;18,3;19,2;18,5;21,1;20,0;0,0;975,9;9,76E2;-27,6;20,00;3,0;3,1;49,35;0,50;0,000;0,0;0,00;0,049
605;28.06.2023;13:50:21;00:10:04;250,0;18,3;19,2;18,5;21,1;20,0;0,0;950,1;9,50E2;-56,3;20,00;3,0;3,1;49,35;0,50;0,001;0,0;0,01;0,049
606;28.06.2023;13:50:22;00:10:05;250,0;18,3;19,2;18,5;21,1;20,0;0,0;903,5;9,03E2;-101,8;20,00;3,0;3,0;49,35;0,50;0,002;0,0;0,01;0,049
607;28.06.2023;13:50:23;00:10:06;250,0;18,3;19,2;18,5;21,1;20,0;0,0;861,1;8,61E2;-145,4;20,00;3,0;2,9;49,35;0,50;0,003;0,0;0,01;0,049
608;28.06.2023;13:50:24;00:10:07;250,0;18,3;19,2;18,5;21,1;20,0;0,0;842,7;8,43E2;-163,5;20,00;3,0;2,9;49,35;0,50;0,002;0,0;0,00;0,049
609;28.06.2023;13:50:25;00:10:08;250,0;18,3;19,2;18,5;21,1;20,0;0,0;805,5;8,05E2;-202,0;20,00;3,0;3,1;49,35;0,50;0,008;0,0;0,01;0,049
610;28.06.2023;13:50:26;00:10:09;250,0;18,3;19,2;18,5;21,1;20,0;0,0;774,7;7,75E2;-233,5;20,00;3,0;3,0;49,35;0,50;0,006;0,0;0,01;0,049
611;28.06.2023;13:50:27;00:10:10;250,0;18,3;19,2;18,5;21,1;20,0;0,0;761,3;7,61E2;-247,3;20,00;3,0;3,0;49,35;0,50;0,004;0,0;0,01;0,049
612;28.06.2023;13:50:28;00:10:11;250,0;18,3;19,2;18,5;21,1;20,0;0,0;733,8;7,34E2;-275,2;20,00;3,0;3,0;49,35;0,50;0,005;0,0;0,00;0,049
613;28.06.2023;13:50:29;00:10:12;250,0;18,3;19,2;18,5;21,1;20,0;0,0;720,1;7,20E2;-287,7;20,00;3,0;3,0;49,35;0,50;0,006;0,0;0,01;0,049
614;28.06.2023;13:50:30;00:10:13;250,0;18,2;19,2;18,4;21,1;20,0;0,0;693,7;6,94E2;-315,3;20,00;3,0;3,1;49,35;0,50;0,007;0,0;0,00;0,049
615;28.06.2023;13:50:31;00:10:14;250,0;18,2;19,2;18,4;21,1;20,0;0,0;668,9;6,69E2;-337,9;20,00;3,0;3,0;49,35;0,50;0,004;0,0;0,01;0,049
616;28.06.2023;13:50:32;00:10:15;250,0;18,2;19,2;18,4;21,1;20,0;0,0;658,7;6,59E2;-348,9;20,00;3,0;3,0;49,35;0,50;0,002;0,0;0,00;0,049
617;28.06.2023;13:50:33;00:10:16;250,0;18,2;19,2;18,4;21,1;20,0;0,0;636,0;6,36E2;-371,9;20,00;3,0;3,0;49,35;0,50;0,001;0,0;0,01;0,049
618;28.06.2023;13:50:34;00:10:17;250,0;18,2;19,2;18,4;21,1;20,0;0,0;614,7;6,15E2;-394,0;20,00;3,0;3,0;49,35;0,50;0,002;0,0;0,01;0,049
619;28.06.2023;13:50:35;00:10:18;250,0;18,2;19,2;18,4;21,1;20,0;0,0;603,7;6,04E2;-404,0;20,00;3,0;3,0;49,35;0,50;0,003;0,0;0,00;0,049
620;28.06.2023;13:50:36;00:10:19;250,0;17,9;19,0;18,1;20,9;20,0;0,0;581,4;5,81E2;-426,7;20,00;3,0;2,9;49,35;0,50;0,005;0,0;0,00;0,049
621;28.06.2023;13:50:37;00:10:20;250,0;17,9;19,0;18,1;20,9;20,0;0,0;562,1;5,62E2;-445,4;20,00;3,0;3,0;49,35;0,50;0,009;0,0;0,00;0,049
622;28.06.2023;13:50:38;00:10:21;250,0;17,9;18,9;18,1;20,9;20,0;0,0;552,3;5,52E2;-455,9;20,00;3,0;3,0;49,35;0,50;0,008;0,0;0,01;0,049
623;28.06.2023;13:50:39;00:10:22;250,0;17,8;18,9;18,1;20,9;20,0;0,0;533,6;5,34E2;-473,7;20,00;3,0;3,0;49,35;0,50;0,010;0,0;0,01;0,049
624;28.06.2023;13:50:40;00:10:23;250,0;17,8;18,9;18,1;20,9;20,0;0,0;524,5;5,24E2;-482,4;20,00;3,0;3,0;49,35;0,50;0,011;0,0;0,00;0,049
625;28.06.2023;13:50:41;00:10:24;250,0;17,8;18,9;18,1;20,9;20,0;0,0;506,8;5,07E2;-500,7;20,00;3,0;3,0;49,36;0,50;0,017;0,0;0,00;0,049
626;28.06.2023;13:50:42;00:10:25;250,0;17,8;18,9;18,1;20,9;20,0;0,0;487,3;4,87E2;-519,5;20,00;3,0;3,0;49,36;0,50;0,022;0,0;0,00;0,049
627;28.06.2023;13:50:43;00:10:26;250,0;17,7;18,9;18,1;20,9;20,0;0,0;480,0;4,80E2;-527,4;20,00;3,0;3,0;49,36;0,50;0,025;0,0;0,01;0,049
628;28.06.2023;13:50:44;00:10:27;250,0;17,7;18,9;18,1;20,9;20,0;0,0;463,1;4,63E2;-541,2;20,00;3,0;3,0;49,36;0,50;0,026;0,0;0,01;0,049
629;28.06.2023;13:50:45;00:10:28;250,0;17,7;18,9;18,0;20,9;20,0;0,0;447,7;4,48E2;-541,2;20,00;3,0;3,0;49,36;0,50;0,029;0,0;0,00;0,049
630;28.06.2023;13:50:46;00:10:29;250,0;17,7;18,9;18,0;20,9;20,0;0,0;439,1;4,39E2;-541,2;20,00;3,0;3,0;49,36;0,50;0,032;0,0;0,00;0,049
631;28.06.2023;13:50:47;00:10:30;250,0;17,7;18,9;18,0;20,9;20,0;0,0;425,3;4,25E2;-541,2;20,00;3,0;2,9;49,36;0,50;0,025;0,0;0,00;0,049
632;28.06.2023;13:50:48;00:10:31;250,0;17,7;18,9;18,0;20,9;20,0;0,0;410,8;4,11E2;-541,2;20,00;3,0;2,9;49,36;0,50;0,025;0,0;0,00;0,049
633;28.06.2023;13:50:49;00:10:32;250,0;17,7;18,9;18,0;20,9;20,0;0,0;403,5;4,04E2;-541,2;20,00;3,0;2,9;49,36;0,50;0,023;0,0;0,00;0,049
634;28.06.2023;13:50:50;00:10:33;250,0;17,7;18,9;17,9;20,9;20,0;0,0;388,9;3,89E2;-541,2;20,00;3,0;3,0;49,36;0,50;0,023;0,0;0,01;0,049
635;28.06.2023;13:50:51;00:10:34;250,0;17,7;18,9;17,9;20,9;20,0;0,0;375,6;3,76E2;-541,2;20,00;3,0;3,0;49,36;0,51;0,025;0,0;0,01;0,049
636;28.06.2023;13:50:52;00:10:35;250,0;17,7;18,9;17,9;20,9;20,0;0,0;369,0;3,69E2;-541,2;20,00;3,0;3,0;49,36;0,51;0,023;0,0;0,01;0,049
637;28.06.2023;13:50:53;00:10:36;250,0;17,7;18,9;17,9;20,9;20,0;0,0;356,3;3,56E2;-541,2;20,00;3,0;3,1;49,36;0,51;0,025;0,0;0,01;0,049
638;28.06.2023;13:50:54;00:10:37;250,0;17,7;18,9;17,9;20,9;20,0;0,0;350,3;3,50E2;-541,2;20,00;3,0;3,1;49,36;0,51;0,027;0,0;0,00;0,049
639;28.06.2023;13:50:55;00:10:38;250,0;17,7;18,9;17,9;20,9;20,0;0,0;338,4;3,38E2;-541,2;20,00;3,0;3,1;49,36;0,51;0,025;0,0;0,00;0,049
640;28.06.2023;13:50:56;00:10:39;250,0;17,5;18,8;17,7;20,8;20,0;0,0;325,8;3,26E2;-541,2;20,00;3,0;3,0;49,36;0,51;0,023;0,0;0,00;0,049
641;28.06.2023;13:50:57;00:10:40;250,0;17,5;18,8;17,7;20,8;20,0;0,0;320,2;3,20E2;-541,2;20,00;3,0;3,0;49,36;0,51;0,022;0,0;0,01;0,049
642;28.06.2023;13:50:58;00:10:41;250,0;17,5;18,8;17,7;20,8;20,0;0,0;309,4;3,09E2;-541,2;20,00;3,0;2,9;49,36;0,51;0,016;0,0;0,00;0,049
643;28.06.2023;13:50:59;00:10:42;250,0;17,5;18,8;17,7;20,8;20,0;0,0;299,0;2,99E2;-541,2;20,00;3,0;3,0;49,36;0,51;0,016;0,0;0,00;0,049
644;28.06.2023;13:51:00;00:10:43;250,0;17,5;18,8;17,7;20,8;20,0;0,0;293,6;2,94E2;-541,2;20,00;3,0;3,0;49,36;0,51;0,017;0,0;0,01;0,049
645;28.06.2023;13:51:01;00:10:44;250,0;17,5;18,8;17,6;20,8;20,0;0,0;283,7;2,84E2;-541,2;20,00;3,0;3,0;49,36;0,51;0,019;0,0;0,01;0,049
646;28.06.2023;13:51:02;00:10:45;250,0;17,5;18,8;17,6;20,8;20,0;0,0;273,2;2,73E2;-541,2;20,00;3,0;3,0;49,36;0,51;0,015;0,0;0,00;0,049
647;28.06.2023;13:51:03;00:10:46;250,0;17,5;18,8;17,6;20,8;20,0;0,0;268,5;2,69E2;-541,2;20,00;3,0;3,0;49,36;0,51;0,015;0,0;0,00;0,049
648;28.06.2023;13:51:04;00:10:47;250,0;17,5;18,8;17,6;20,8;20,0;0,0;259,4;2,59E2;-541,2;20,00;3,0;3,0;49,36;0,51;0,012;0,0;0,00;0,049
649;28.06.2023;13:51:05;00:10:48;250,0;17,5;18,8;17,6;20,8;20,0;0,0;250,4;2,50E2;-541,2;20,00;3,0;3,0;49,36;0,51;0,017;0,0;0,01;0,049
650;28.06.2023;13:51:06;00:10:49;250,0;17,5;18,8;17,5;20,8;20,0;0,0;246,2;2,46E2;-541,2;20,00;3,0;3,0;49,36;0,51;0,017;0,0;0,01;0,049
651;28.06.2023;13:51:07;00:10:50;250,0;17,5;18,8;17,5;20,8;20,0;0,0;238,1;2,38E2;-541,2;20,00;3,0;3,0;49,36;0,51;0,017;0,0;0,01;0,049
652;28.06.2023;13:51:08;00:10:51;250,0;17,5;18,8;17,5;20,8;20,0;0,0;233,3;2,33E2;-541,2;20,00;3,0;3,1;49,36;0,51;0,019;0,0;0,00;0,049
653;28.06.2023;13:51:09;00:10:52;250,0;17,5;18,8;17,5;20,8;20,0;0,0;225,3;2,25E2;-541,2;20,00;3,0;3,0;49,36;0,51;0,013;0,0;0,01;0,049
654;28.06.2023;13:51:10;00:10:53;250,0;17,5;18,8;17,5;20,8;20,0;0,0;217,8;2,18E2;-541,2;20,00;3,0;3,0;49,36;0,51;0,015;0,0;0,01;0,049
655;28.06.2023;13:51:11;00:10:54;250,0;17,5;18,8;17,5;20,8;20,0;0,0;214,0;2,14E2;-541,2;20,00;3,0;3,0;49,36;0,51;0,013;0,0;0,01;0,049
656;28.06.2023;13:51:12;00:10:55;250,0;17,5;18,8;17,5;20,8;20,0;0,0;206,8;2,07E2;-541,2;20,00;3,0;3,0;49,36;0,51;0,014;0,0;0,00;0,049
657;28.06.2023;13:51:13;00:10:56;250,0;17,5;18,8;17,4;20,8;20,0;0,0;199,9;2,00E2;-541,2;20,00;3,0;3,0;49,37;0,51;0,013;0,0;0,01;0,049
658;28.06.2023;13:51:14;00:10:57;250,0;17,5;18,8;17,4;20,8;20,0;0,0;196,0;1,96E2;-541,2;20,00;3,0;3,0;49,37;0,51;0,014;0,0;0,01;0,049
659;28.06.2023;13:51:15;00:10:58;250,0;17,5;18,8;17,4;20,8;20,0;0,0;189,4;1,89E2;-541,2;20,00;3,0;3,1;49,37;0,51;0,017;0,0;0,01;0,049
660;28.06.2023;13:51:16;00:10:59;250,0;17,3;18,6;17,2;20,7;20,0;0,0;182,9;1,83E2;-541,2;20,00;3,0;3,0;49,37;0,51;0,015;0,0;0,01;0,049
661;28.06.2023;13:51:17;00:11:00;250,0;17,3;18,6;17,2;20,7;20,0;0,0;179,8;1,80E2;-541,2;20,00;3,0;3,0;49,37;0,51;0,015;0,0;0,00;0,049
662;28.06.2023;13:51:18;00:11:01;250,0;17,3;18,6;17,2;20,7;20,0;0,0;173,9;1,74E2;-541,2;20,00;3,0;3,0;49,37;0,51;0,013;0,0;0,00;0,049
663;28.06.2023;13:51:19;00:11:02;250,0;17,3;18,6;17,2;20,7;20,0;0,0;165,5;1,66E2;-541,2;20,00;3,0;3,0;49,37;0,51;0,012;0,0;0,00;0,049
664;28.06.2023;13:51:20;00:11:03;250,0;17,3;18,6;17,2;20,7;20,0;0,0;151,3;1,51E2;-541,2;20,00;3,0;3,0;49,37;0,51;0,011;0,0;0,00;0,049
665;28.06.2023;13:51:21;00:11:04;250,0;17,3;18,6;17,2;20,7;20,0;0,0;140,0;1,40E2;-541,2;20,00;3,0;3,0;49,37;0,51;0,014;0,0;0,00;0,049
666;28.06.2023;13:51:22;00:11:05;250,0;17,3;18,6;17,2;20,7;20,0;0,0;134,8;1,35E2;-541,2;20,00;3,0;3,0;49,37;0,51;0,015;0,0;0,00;0,049
667;28.06.2023;13:51:23;00:11:06;250,0;17,3;18,6;17,2;20,7;20,0;0,0;125,2;1,25E2;-541,2;20,00;3,0;3,0;49,37;0,51;0,017;0,0;0,00;0,049
668;28.06.2023;13:51:24;00:11:07;250,0;17,3;18,6;17,2;20,7;20,0;0,0;116,6;1,17E2;-541,2;20,00;3,0;3,0;49,37;0,51;0,016;0,0;0,01;0,049
669;28.06.2023;13:51:25;00:11:08;250,0;17,4;18,6;17,2;20,7;20,0;0,0;112,5;1,12E2;-541,2;20,00;3,0;3,0;49,37;0,51;0,017;0,0;0,01;0,049
670;28.06.2023;13:51:26;00:11:09;250,0;17,4;18,6;17,1;20,7;20,0;0,0;104,1;1,04E2;-541,2;20,00;3,0;3,0;49,37;0,51;0,017;0,0;0,01;0,049
671;28.06.2023;13:51:27;00:11:10;250,0;17,4;18,6;17,1;20,7;20,0;0,0;97,0;9,70E1;-541,2;20,00;3,0;3,0;49,37;0,51;0,019;0,0;0,00;0,049
672;28.06.2023;13:51:28;00:11:11;250,0;17,4;18,6;17,1;20,7;20,0;0,0;93,5;9,35E1;-541,2;20,00;3,0;3,0;49,37;0,51;0,014;0,0;0,00;0,049
673;28.06.2023;13:51:29;00:11:12;250,0;17,4;18,6;17,1;20,7;20,0;0,0;87,1;8,71E1;-541,2;20,00;3,0;2,9;49,37;0,51;0,010;0,0;0,00;0,049
674;28.06.2023;13:51:30;00:11:13;250,0;17,4;18,6;17,1;20,7;20,0;0,0;81,3;8,13E1;-541,2;20,00;3,0;2,9;49,37;0,51;0,010;0,0;0,01;0,049
675;28.06.2023;13:51:31;00:11:14;250,0;17,4;18,6;17,1;20,7;20,0;0,0;78,4;7,84E1;-541,2;20,00;3,0;2,9;49,37;0,51;0,008;0,0;0,00;0,049
676;28.06.2023;13:51:32;00:11:15;250,0;17,4;18,6;17,1;20,7;20,0;0,0;72,8;7,28E1;-541,2;20,00;3,0;2,9;49,37;0,51;0,010;0,0;0,00;0,049
677;28.06.2023;13:51:33;00:11:16;250,0;17,4;18,6;17,1;20,7;20,0;0,0;70,2;7,02E1;-541,2;20,00;3,0;3,0;49,37;0,52;0,010;0,0;0,01;0,049
678;28.06.2023;13:51:34;00:11:17;250,0;17,4;18,6;17,1;20,7;20,0;0,0;65,0;6,50E1;-541,2;20,00;3,0;3,0;49,37;0,51;0,011;0,0;0,01;0,049
679;28.06.2023;13:51:35;00:11:18;250,0;17,4;18,6;17,1;20,7;20,0;0,0;60,2;6,02E1;-541,2;20,00;3,0;2,9;49,37;0,52;0,011;0,0;0,01;0,049
680;28.06.2023;13:51:36;00:11:19;250,0;17,4;18,6;17,1;20,7;20,0;0,0;58,0;5,80E1;-541,2;20,00;3,0;3,0;49,37;0,52;0,013;0,0;0,00;0,049
681;28.06.2023;13:51:37;00:11:20;250,0;17,4;18,6;17,1;20,7;20,0;0,0;54,0;5,40E1;-541,2;20,00;3,0;3,1;49,37;0,52;0,013;0,0;0,01;0,049
682;28.06.2023;13:51:38;00:11:21;250,0;17,4;18,6;17,1;20,7;20,0;0,0;49,9;4,99E1;-541,2;20,00;3,0;3,1;49,37;0,52;0,012;0,0;0,01;0,049
683;28.06.2023;13:51:39;00:11:22;250,0;17,4;18,6;17,1;20,8;20,0;0,0;48,1;4,81E1;-541,2;20,00;3,0;3,1;49,37;0,52;0,011;0,0;0,01;0,049
684;28.06.2023;13:51:40;00:11:23;250,0;17,4;18,6;17,1;20,8;20,0;0,0;44,8;4,48E1;-541,2;20,00;3,0;3,0;49,37;0,52;0,007;0,0;0,01;0,049
685;28.06.2023;13:51:41;00:11:24;250,0;17,4;18,6;17,1;20,8;20,0;0,0;41,7;4,17E1;-541,2;20,00;3,0;2,9;49,37;0,52;0,004;0,0;0,01;0,049
686;28.06.2023;13:51:42;00:11:25;250,0;17,4;18,6;17,1;20,8;20,0;0,0;40,2;4,02E1;-541,2;20,00;3,0;2,9;49,37;0,52;0,003;0,0;0,01;0,049
687;28.06.2023;13:51:43;00:11:26;250,0;17,4;18,6;17,1;20,8;20,0;0,0;37,4;3,74E1;-541,2;20,00;3,0;2,9;49,37;0,52;0,001;0,0;0,00;0,049
688;28.06.2023;13:51:44;00:11:27;250,0;17,4;18,6;17,1;20,8;20,0;0,0;34,5;3,45E1;-541,2;20,00;3,0;2,9;49,37;0,52;0,004;0,0;0,01;0,049
689;28.06.2023;13:51:45;00:11:28;250,0;17,4;18,6;17,1;20,8;20,0;0,0;33,4;3,34E1;-541,2;20,00;3,0;3,0;49,37;0,52;0,008;0,0;0,00;0,049
690;28.06.2023;13:51:46;00:11:29;250,0;17,4;18,6;17,1;20,8;20,0;0,0;30,9;3,09E1;-541,2;20,00;3,0;3,0;49,37;0,52;0,007;0,0;0,01;0,049
691;28.06.2023;13:51:47;00:11:30;250,0;17,4;18,6;17,1;20,8;20,0;0,0;29,7;2,97E1;-541,2;20,00;3,0;3,0;49,37;0,52;0,007;0,0;0,01;0,049
692;28.06.2023;13:51:48;00:11:31;250,0;17,4;18,6;17,1;20,8;20,0;0,0;27,7;2,77E1;-541,2;20,00;3,0;3,0;49,37;0,52;0,006;0,0;0,01;0,049
693;28.06.2023;13:51:49;00:11:32;250,0;17,4;18,6;17,1;20,8;20,0;0,0;25,8;2,58E1;-541,2;20,00;3,0;3,0;49,37;0,52;0,006;0,0;0,00;0,049
694;28.06.2023;13:51:50;00:11:33;250,0;17,4;18,6;17,1;20,8;20,0;0,0;24,9;2,49E1;-541,2;20,00;3,0;3,0;49,37;0,52;0,009;0,0;0,00;0,049
695;28.06.2023;13:51:51;00:11:34;250,0;17,4;18,6;17,1;20,8;20,0;0,0;22,8;2,28E1;-541,2;20,00;3,0;3,0;49,37;0,52;0,008;0,0;0,01;0,049
696;28.06.2023;13:51:52;00:11:35;250,0;17,4;18,6;17,1;20,8;20,0;0,0;20,9;2,09E1;-541,2;20,00;3,0;3,0;49,37;0,52;0,009;0,0;0,00;0,049
697;28.06.2023;13:51:53;00:11:36;250,0;17,4;18,6;17,1;20,8;20,0;0,0;20,5;2,05E1;-541,2;20,00;3,0;3,0;49,37;0,52;0,007;0,0;0,00;0,049
698;28.06.2023;13:51:54;00:11:37;250,0;17,4;18,6;17,1;20,8;20,0;0,0;19,2;1,92E1;-541,2;20,00;3,0;2,9;49,37;0,52;0,003;0,0;0,00;0,049
699;28.06.2023;13:51:55;00:11:38;250,0;17,4;18,5;17,1;20,8;20,0;0,0;17,8;1,78E1;-541,2;20,00;3,0;3,0;49,37;0,52;0,007;0,0;0,01;0,049
700;28.06.2023;13:51:56;00:11:39;250,0;17,3;18,5;17,0;20,7;20,0;0,0;17,1;1,71E1;-541,2;20,00;3,0;3,0;49,37;0,52;0,010;0,0;0,00;0,049
701;28.06.2023;13:51:57;00:11:40;250,0;17,3;18,5;17,0;20,7;20,0;0,0;15,8;1,58E1;-541,2;20,00;3,0;3,0;49,37;0,52;0,010;0,0;0,01;0,049
702;28.06.2023;13:51:58;00:11:41;250,0;17,3;18,5;17,0;20,7;20,0;0,0;14,8;1,48E1;-541,2;20,00;3,0;3,0;49,37;0,52;0,008;0,0;0,01;0,049
703;28.06.2023;13:51:59;00:11:42;250,0;17,3;18,5;17,0;20,7;20,0;0,0;14,1;1,41E1;-541,2;20,00;3,0;3,0;49,37;0,52;0,015;0,0;0,00;0,049
704;28.06.2023;13:52:00;00:11:43;250,0;17,3;18,5;17,0;20,7;20,0;0,0;13,2;1,32E1;-541,2;20,00;3,0;3,0;49,37;0,52;0,015;0,0;0,00;0,049
705;28.06.2023;13:52:01;00:11:44;250,0;17,3;18,5;17,0;20,7;20,0;0,0;12,9;1,29E1;-541,2;20,00;3,0;3,0;49,37;0,52;0,012;0,0;0,00;0,049
706;28.06.2023;13:52:02;00:11:45;250,0;17,3;18,5;17,0;20,7;20,0;0,0;11,9;1,19E1;-541,2;20,00;3,0;3,0;49,37;0,52;0,008;0,0;0,01;0,049
707;28.06.2023;13:52:03;00:11:46;250,0;17,3;18,5;17,0;20,7;20,0;0,0;11,0;1,10E1;-541,2;20,00;3,0;3,0;49,37;0,52;0,003;0,0;0,01;0,048
708;28.06.2023;13:52:04;00:11:47;250,0;17,3;18,5;17,0;20,7;20,0;0,0;10,4;1,04E1;-541,2;20,00;3,0;2,9;49,37;0,52;-0,002;0,0;0,01;0,049
709;28.06.2023;13:52:05;00:11:48;250,0;17,3;18,5;17,0;20,7;20,0;0,0;9,6;9,59E0;-541,2;20,00;3,0;3,0;49,37;0,52;0,000;0,0;0,01;0,049
710;28.06.2023;13:52:06;00:11:49;250,0;17,3;18,5;17,0;20,7;20,0;0,0;8,4;8,40E0;-541,2;20,00;3,0;3,0;49,37;0,52;-0,001;0,0;0,00;0,049
711;28.06.2023;13:52:07;00:11:50;250,0;17,3;18,5;17,0;20,7;20,0;0,0;7,9;7,90E0;-541,2;20,00;3,0;3,0;49,37;0,52;-0,001;0,0;0,01;0,049
712;28.06.2023;13:52:08;00:11:51;250,0;17,3;18,5;17,0;20,7;20,0;0,0;7,3;7,29E0;-541,2;20,00;3,0;3,0;49,37;0,52;0,007;0,0;0,00;0,049
713;28.06.2023;13:52:09;00:11:52;250,0;17,4;18,5;17,0;20,7;20,0;0,0;6,6;6,56E0;-541,2;20,00;3,0;3,1;49,37;0,52;0,010;0,0;0,00;0,049
714;28.06.2023;13:52:10;00:11:53;250,0;17,4;18,6;17,0;20,7;20,0;0,0;6,2;6,20E0;-541,2;20,00;3,0;3,1;49,37;0,52;0,009;0,0;0,00;0,049
715;28.06.2023;13:52:11;00:11:54;250,0;17,4;18,6;17,0;20,7;20,0;0,0;5,6;5,65E0;-541,2;20,00;3,0;3,0;49,37;0,52;0,005;0,0;0,00;0,049
716;28.06.2023;13:52:12;00:11:55;250,0;17,4;18,6;17,0;20,7;20,0;0,0;5,3;5,32E0;-541,2;20,00;3,0;3,0;49,37;0,52;0,006;0,0;0,01;0,049
717;28.06.2023;13:52:13;00:11:56;250,0;17,4;18,6;17,1;20,7;20,0;0,0;4,9;4,88E0;-541,2;20,00;3,0;3,0;49,38;0,52;0,004;0,0;0,00;0,049
718;28.06.2023;13:52:14;00:11:57;250,0;17,4;18,6;17,1;20,7;20,0;0,0;4,3;4,28E0;-541,2;20,00;3,0;3,0;49,37;0,52;0,003;0,0;0,01;0,049
719;28.06.2023;13:52:15;00:11:58;250,0;17,4;18,6;17,1;20,7;20,0;0,0;4,2;4,23E0;-541,2;20,00;3,0;3,0;49,37;0,52;0,008;0,0;0,01;0,049
720;28.06.2023;13:52:16;00:11:59;250,0;17,4;18,6;17,1;20,7;20,0;0,0;3,8;3,83E0;-541,2;20,00;3,0;3,0;49,37;0,52;0,004;0,0;0,01;0,049
721;28.06.2023;13:52:17;00:12:00;250,0;17,4;18,6;17,1;20,7;20,0;0,0;3,5;3,51E0;-541,2;20,00;3,0;3,0;49,37;0,52;0,001;0,0;0,01;0,049
722;28.06.2023;13:52:18;00:12:01;250,0;17,4;18,6;17,1;20,7;20,0;0,0;3,4;3,37E0;-541,2;20,00;3,0;3,0;49,37;0,52;0,001;0,0;0,00;0,049
723;28.06.2023;13:52:19;00:12:02;250,0;17,4;18,6;17,1;20,7;20,0;0,0;3,0;3,04E0;-541,2;20,00;3,0;3,0;49,37;0,52;0,005;0,0;0,00;0,049
724;28.06.2023;13:52:20;00:12:03;250,0;17,4;18,6;17,1;20,7;20,0;0,0;2,8;2,77E0;-541,2;20,00;3,0;3,0;49,37;0,52;0,004;0,0;0,00;0,049
725;28.06.2023;13:52:21;00:12:04;250,0;17,4;18,6;17,1;20,8;20,0;0,0;2,7;2,70E0;-541,2;20,00;3,0;2,9;49,37;0,52;0,002;0,0;0,01;0,049
726;28.06.2023;13:52:22;00:12:05;250,0;17,4;18,6;17,1;20,8;20,0;0,0;2,6;2,55E0;-541,2;20,00;3,0;3,0;49,37;0,52;-0,001;0,0;0,00;0,049
727;28.06.2023;13:52:23;00:12:06;250,0;17,4;18,6;17,1;20,8;20,0;0,0;2,3;2,35E0;-541,2;20,00;3,0;2,9;49,37;0,52;0,000;0,0;0,01;0,049
728;28.06.2023;13:52:24;00:12:07;250,0;17,4;18,6;17,1;20,8;20,0;0,0;2,2;2,24E0;-541,2;20,00;3,0;3,0;49,37;0,52;0,003;0,0;0,01;0,049
729;28.06.2023;13:52:25;00:12:08;250,0;17,4;18,6;17,1;20,8;20,0;0,0;2,0;2,04E0;-541,2;20,00;3,0;3,0;49,38;0,52;0,003;0,0;0,00;0,049
730;28.06.2023;13:52:26;00:12:09;250,0;17,4;18,6;17,1;20,8;20,0;0,0;2,0;1,98E0;-541,2;20,00;3,0;2,9;49,37;0,52;0,002;0,0;0,01;0,049
731;28.06.2023;13:52:27;00:12:10;250,0;17,4;18,6;17,1;20,8;20,0;0,0;1,8;1,80E0;-541,2;20,00;3,0;3,0;49,37;0,52;0,005;0,0;0,01;0,049
732;28.06.2023;13:52:28;00:12:11;250,0;17,4;18,6;17,1;20,8;20,0;0,0;1,7;1,72E0;-541,2;20,00;3,0;3,0;49,38;0,52;0,006;0,0;0,00;0,049
733;28.06.2023;13:52:29;00:12:12;250,0;17,5;18,6;17,1;20,8;20,0;0,0;1,7;1,66E0;-541,2;20,00;3,0;3,0;49,37;0,52;0,006;0,0;0,01;0,049
734;28.06.2023;13:52:30;00:12:13;250,0;17,5;18,6;17,1;20,8;20,0;0,0;1,5;1,54E0;-541,2;20,00;3,0;2,9;49,37;0,52;-0,001;0,0;0,01;0,049
735;28.06.2023;13:52:31;00:12:14;250,0;17,5;18,6;17,1;20,8;20,0;0,0;1,5;1,45E0;-541,2;20,00;3,0;2,9;49,37;0,52;0,000;0,0;0,01;0,049
736;28.06.2023;13:52:32;00:12:15;250,0;17,5;18,6;17,1;20,8;20,0;0,0;1,5;1,46E0;-541,2;20,00;3,0;3,0;49,37;0,52;-0,001;0,0;0,01;0,049
737;28.06.2023;13:52:33;00:12:16;250,0;17,5;18,6;17,1;20,8;20,0;0,0;1,3;1,32E0;-541,2;20,00;3,0;3,0;49,38;0,52;0,001;0,0;0,01;0,049
738;28.06.2023;13:52:34;00:12:17;250,0;17,5;18,6;17,2;20,8;20,0;0,0;1,3;1,27E0;-541,2;20,00;3,0;3,0;49,37;0,52;-0,001;0,0;0,01;0,049
739;28.06.2023;13:52:35;00:12:18;250,0;17,5;18,6;17,2;20,8;20,0;0,0;1,2;1,22E0;-541,2;20,00;3,0;3,0;49,37;0,52;-0,007;0,0;0,00;0,049
740;28.06.2023;13:52:36;00:12:19;250,0;17,4;18,5;17,1;20,7;20,0;0,0;1,2;1,16E0;-541,2;20,00;3,0;3,0;49,37;0,52;-0,005;0,0;0,00;0,049
741;28.06.2023;13:52:37;00:12:20;250,0;17,4;18,5;17,1;20,7;20,0;0,0;1,1;1,12E0;-541,2;20,00;3,0;3,0;49,37;0,52;-0,001;0,0;0,01;0,049
742;28.06.2023;13:52:38;00:12:21;250,0;17,4;18,5;17,1;20,7;20,0;0,0;1,0;9,81E-1;-541,2;20,00;3,0;2,9;49,38;0,52;-0,001;0,0;0,00;0,049
743;28.06.2023;13:52:39;00:12:22;250,0;17,4;18,5;17,1;20,7;20,0;0,0;0,9;9,30E-1;-541,2;20,00;3,0;3,0;49,37;0,52;0,007;0,0;0,00;0,049
744;28.06.2023;13:52:40;00:12:23;250,0;17,4;18,5;17,1;20,7;20,0;0,0;0,9;9,07E-1;-541,2;20,00;3,0;3,0;49,38;0,52;0,009;0,0;0,00;0,049
745;28.06.2023;13:52:41;00:12:24;250,0;17,4;18,5;17,1;20,7;20,0;0,0;0,9;8,61E-1;-541,2;20,00;3,0;3,0;49,38;0,52;0,006;0,0;0,01;0,049
746;28.06.2023;13:52:42;00:12:25;250,0;17,4;18,5;17,1;20,7;20,0;0,0;0,8;8,17E-1;-541,2;20,00;3,0;3,0;49,38;0,52;0,001;0,0;0,00;0,049
747;28.06.2023;13:52:43;00:12:26;250,0;17,4;18,5;17,1;20,7;20,0;0,0;0,8;7,95E-1;-541,2;20,00;3,0;3,0;49,37;0,52;0,003;0,0;0,01;0,049
748;28.06.2023;13:52:44;00:12:27;250,0;17,4;18,5;17,1;20,7;20,0;0,0;0,8;7,60E-1;-541,2;20,00;3,0;3,0;49,38;0,52;0,003;0,0;0,01;0,049
749;28.06.2023;13:52:45;00:12:28;250,0;17,4;18,5;17,1;20,7;20,0;0,0;0,7;7,25E-1;-541,2;20,00;3,0;3,1;49,37;0,52;0,006;0,0;0,01;0,049
750;28.06.2023;13:52:46;00:12:29;250,0;17,4;18,5;17,1;20,7;20,0;0,0;0,7;7,09E-1;-541,2;20,00;3,0;3,0;49,37;0,52;0,003;0,0;0,01;0,049
751;28.06.2023;13:52:47;00:12:30;250,0;17,4;18,5;17,1;20,7;20,0;0,0;0,7;6,78E-1;-541,2;20,00;3,0;3,0;49,38;0,52;0,001;0,0;0,01;0,049
752;28.06.2023;13:52:48;00:12:31;250,0;17,4;18,5;17,1;20,7;20,0;0,0;0,6;6,48E-1;-541,2;20,00;3,0;2,9;49,38;0,52;0,000;0,0;0,01;0,049
753;28.06.2023;13:52:49;00:12:32;250,0;17,4;18,5;17,1;20,8;20,0;0,0;0,6;6,33E-1;-541,2;20,00;3,0;3,0;49,38;0,52;0,002;0,0;0,01;0,049
754;28.06.2023;13:52:50;00:12:33;250,0;17,4;18,5;17,1;20,8;20,0;0,0;0,6;6,05E-1;-541,2;20,00;3,0;2,9;49,38;0,52;0,004;0,0;0,01;0,049
755;28.06.2023;13:52:51;00:12:34;250,0;17,5;18,5;17,1;20,8;20,0;0,0;0,6;5,88E-1;-541,2;20,00;3,0;2,9;49,38;0,52;0,004;0,0;0,00;0,049
756;28.06.2023;13:52:52;00:12:35;250,0;17,5;18,5;17,1;20,8;20,0;0,0;0,6;5,61E-1;-541,2;20,00;3,0;3,0;49,37;0,52;0,003;0,0;0,01;0,049
757;28.06.2023;13:52:53;00:12:36;250,0;17,5;18,5;17,2;20,8;20,0;0,0;0,5;5,34E-1;-541,2;20,00;3,0;3,0;49,38;0,52;0,002;0,0;0,00;0,049
758;28.06.2023;13:52:54;00:12:37;250,0;17,5;18,5;17,2;20,8;20,0;0,0;0,5;5,24E-1;-541,2;20,00;3,0;2,9;49,38;0,52;0,000;0,0;0,01;0,049
759;28.06.2023;13:52:55;00:12:38;250,0;17,5;18,5;17,2;20,8;20,0;0,0;0,5;5,05E-1;-541,2;20,00;3,0;3,0;49,38;0,52;0,000;0,0;0,00;0,049
760;28.06.2023;13:52:56;00:12:39;250,0;17,5;18,5;17,1;20,8;20,0;0,0;0,5;4,86E-1;-541,2;20,00;3,0;3,0;49,38;0,52;-0,001;0,0;0,00;0,049
761;28.06.2023;13:52:57;00:12:40;250,0;17,5;18,5;17,1;20,8;20,0;0,0;0,5;4,75E-1;-541,2;20,00;3,0;3,1;49,38;0,52;0,001;0,0;0,00;0,049
762;28.06.2023;13:52:58;00:12:41;250,0;17,5;18,5;17,1;20,8;20,0;0,0;0,5;4,57E-1;-541,2;20,00;3,0;3,1;49,38;0,52;-0,002;0,0;0,00;0,049
763;28.06.2023;13:52:59;00:12:42;250,0;17,5;18,5;17,2;20,8;20,0;0,0;0,4;4,39E-1;-541,2;20,00;3,0;3,0;49,38;0,52;-0,002;0,0;0,01;0,049
764;28.06.2023;13:53:00;00:12:43;250,0;17,5;18,5;17,2;20,8;20,0;0,0;0,4;4,31E-1;-541,2;20,00;3,0;3,0;49,37;0,52;-0,001;0,0;0,01;0,049
765;28.06.2023;13:53:01;00:12:44;250,0;17,5;18,5;17,1;20,8;20,0;0,0;0,4;4,14E-1;-541,2;20,00;3,0;3,0;49,38;0,52;-0,001;0,0;0,00;0,049
766;28.06.2023;13:53:02;00:12:45;250,0;17,5;18,5;17,2;20,8;20,0;0,0;0,4;3,98E-1;-541,2;20,00;3,0;3,0;49,37;0,52;-0,009;0,0;0,00;0,049
767;28.06.2023;13:53:03;00:12:46;250,0;17,5;18,5;17,2;20,8;20,0;0,0;0,4;3,89E-1;-541,2;20,00;3,0;3,0;49,37;0,52;-0,010;0,0;0,00;0,049
768;28.06.2023;13:53:04;00:12:47;250,0;17,5;18,5;17,2;20,8;20,0;0,0;0,4;3,73E-1;-541,2;20,00;3,0;3,0;49,37;0,52;-0,011;0,0;0,00;0,049
769;28.06.2023;13:53:05;00:12:48;250,0;17,5;18,5;17,2;20,8;20,0;0,0;0,4;3,65E-1;-541,2;20,00;3,0;3,0;49,37;0,52;-0,011;0,0;0,00;0,049
770;28.06.2023;13:53:06;00:12:49;250,0;17,5;18,5;17,2;20,8;20,0;0,0;0,4;3,54E-1;-541,2;20,00;3,0;3,0;49,37;0,52;-0,008;0,0;0,01;0,049
771;28.06.2023;13:53:07;00:12:50;250,0;17,5;18,5;17,2;20,8;20,0;0,0;0,3;3,42E-1;-541,2;20,00;3,0;3,0;49,37;0,52;-0,008;0,0;0,01;0,049
772;28.06.2023;13:53:08;00:12:51;250,0;17,5;18,5;17,2;20,8;20,0;0,0;0,3;3,36E-1;-541,2;20,00;3,0;3,0;49,37;0,52;-0,009;0,0;0,00;0,049
773;28.06.2023;13:53:09;00:12:52;250,0;17,5;18,5;17,2;20,8;20,0;0,0;0,3;3,24E-1;-541,2;20,00;3,0;3,1;49,37;0,52;0,002;0,0;0,00;0,049
774;28.06.2023;13:53:10;00:12:53;250,0;17,6;18,5;17,2;20,8;20,0;0,0;0,3;3,14E-1;-541,2;20,00;3,0;3,1;49,37;0,52;0,003;0,0;0,00;0,049
775;28.06.2023;13:53:11;00:12:54;250,0;17,6;18,5;17,2;20,8;20,0;0,0;0,3;3,08E-1;-541,2;20,00;3,0;3,0;49,37;0,52;0,000;0,0;0,00;0,049
776;28.06.2023;13:53:12;00:12:55;250,0;17,6;18,5;17,2;20,8;20,0;0,0;0,3;2,98E-1;-541,2;20,00;3,0;3,0;49,37;0,52;0,003;0,0;0,00;0,049
777;28.06.2023;13:53:13;00:12:56;250,0;17,6;18,5;17,2;20,8;20,0;0,0;0,3;2,89E-1;-541,2;20,00;3,0;2,9;49,38;0,52;0,002;0,0;0,00;0,049
778;28.06.2023;13:53:14;00:12:57;250,0;17,6;18,5;17,2;20,8;20,0;0,0;0,3;2,84E-1;-541,2;20,00;3,0;2,9;49,37;0,52;0,003;0,0;0,01;0,049
779;28.06.2023;13:53:15;00:12:58;250,0;17,6;18,5;17,2;20,8;20,0;0,0;0,3;2,74E-1;-541,2;20,00;3,0;2,9;49,37;0,52;0,009;0,0;0,01;0,049
780;28.06.2023;13:53:16;00:12:59;250,0;17,5;18,4;17,1;20,8;20,0;0,0;0,3;2,69E-1;-541,2;20,00;3,0;3,0;49,37;0,52;0,010;0,0;0,01;0,049
781;28.06.2023;13:53:17;00:13:00;250,0;17,5;18,4;17,1;20,8;20,0;0,0;0,3;2,61E-1;-541,2;20,00;3,0;3,0;49,38;0,52;0,006;0,0;0,00;0,049
782;28.06.2023;13:53:18;00:13:01;250,0;17,5;18,4;17,1;20,8;20,0;0,0;0,3;2,53E-1;-541,2;20,00;3,0;3,0;49,37;0,52;0,005;0,0;0,01;0,049
783;28.06.2023;13:53:19;00:13:02;250,0;17,5;18,4;17,1;20,8;20,0;0,0;0,2;2,49E-1;-541,2;20,00;3,0;3,0;49,38;0,52;0,004;0,0;0,00;0,049
784;28.06.2023;13:53:20;00:13:03;250,0;17,5;18,4;17,1;20,8;20,0;0,0;0,2;2,42E-1;-541,2;20,00;3,0;3,0;49,38;0,52;0,003;0,0;0,01;0,049
785;28.06.2023;13:53:21;00:13:04;250,0;17,5;18,4;17,1;20,8;20,0;0,0;0,2;2,35E-1;-541,2;20,00;3,0;3,0;49,38;0,52;0,002;0,0;0,01;0,049
786;28.06.2023;13:53:22;00:13:05;250,0;17,5;18,4;17,1;20,8;20,0;0,0;0,2;2,32E-1;-541,2;20,00;3,0;3,0;49,38;0,52;0,005;0,0;0,01;0,049
787;28.06.2023;13:53:23;00:13:06;250,0;17,5;18,4;17,1;20,8;20,0;0,0;0,2;2,27E-1;-541,2;20,00;3,0;3,0;49,38;0,52;0,006;0,0;0,01;0,049
788;28.06.2023;13:53:24;00:13:07;250,0;17,5;18,4;17,1;20,8;20,0;0,0;0,2;2,21E-1;-541,2;20,00;3,0;3,0;49,38;0,52;0,004;0,0;0,00;0,049
789;28.06.2023;13:53:25;00:13:08;250,0;17,5;18,4;17,1;20,8;20,0;0,0;0,2;2,18E-1;-541,2;20,00;3,0;3,0;49,38;0,52;0,002;0,0;0,00;0,049
790;28.06.2023;13:53:26;00:13:09;250,0;17,5;18,4;17,1;20,8;20,0;0,0;0,2;2,13E-1;-541,2;20,00;3,0;3,0;49,38;0,52;0,000;0,0;0,01;0,049
791;28.06.2023;13:53:27;00:13:10;250,0;17,5;18,4;17,1;20,8;20,0;0,0;0,2;2,08E-1;-541,2;20,00;3,0;3,0;49,38;0,52;0,001;0,0;0,00;0,049
792;28.06.2023;13:53:28;00:13:11;250,0;17,5;18,4;17,1;20,8;20,0;0,0;0,2;2,05E-1;-541,2;20,00;3,0;3,0;49,38;0,52;0,001;0,0;0,00;0,049
793;28.06.2023;13:53:29;00:13:12;250,0;17,6;18,4;17,1;20,8;20,0;0,0;0,2;2,01E-1;-541,2;20,00;3,0;2,9;49,38;0,52;0,001;0,0;0,00;0,049
794;28.06.2023;13:53:30;00:13:13;250,0;17,6;18,4;17,1;20,8;20,0;0,0;0,2;1,99E-1;-541,2;20,00;3,0;2,9;49,38;0,52;0,003;0,0;0,01;0,049
795;28.06.2023;13:53:31;00:13:14;250,0;17,6;18,4;17,2;20,8;20,0;0,0;0,2;1,94E-1;-541,2;20,00;3,0;2,9;49,38;0,52;-0,001;0,0;0,01;0,049
796;28.06.2023;13:53:32;00:13:15;250,0;17,6;18,4;17,2;20,8;20,0;0,0;0,2;1,90E-1;-541,2;20,00;3,0;2,9;49,38;0,52;-0,004;0,0;0,01;0,049
797;28.06.2023;13:53:33;00:13:16;250,0;17,6;18,4;17,2;20,8;20,0;0,0;0,2;1,88E-1;-541,2;20,00;3,0;3,0;49,38;0,52;-0,002;0,0;0,01;0,049
798;28.06.2023;13:53:34;00:13:17;250,0;17,6;18,4;17,2;20,8;20,0;0,0;0,2;1,83E-1;-541,2;20,00;3,0;3,0;49,38;0,52;-0,001;0,0;0,00;0,049
799;28.06.2023;13:53:35;00:13:18;250,0;17,6;18,4;17,2;20,8;20,0;0,0;0,2;1,80E-1;-541,2;20,00;3,0;3,0;49,38;0,52;0,000;0,0;0,00;0,049
800;28.06.2023;13:53:36;00:13:19;250,0;17,6;18,5;17,2;20,8;20,0;0,0;0,2;1,78E-1;-541,2;20,00;3,0;3,1;49,38;0,52;0,003;0,0;0,00;0,048
801;28.06.2023;13:53:37;00:13:20;250,0;17,6;18,5;17,2;20,8;20,0;0,0;0,2;1,75E-1;-541,2;20,00;3,0;3,0;49,37;0,52;0,002;0,0;0,01;0,049
802;28.06.2023;13:53:38;00:13:21;250,0;17,6;18,5;17,2;20,8;20,0;0,0;0,2;1,71E-1;-541,2;20,00;3,0;3,0;49,37;0,52;-0,001;0,0;0,00;0,049
803;28.06.2023;13:53:39;00:13:22;250,0;17,6;18,5;17,2;20,8;20,0;0,0;0,2;1,69E-1;-541,2;20,00;3,0;2,9;49,38;0,52;-0,003;0,0;0,01;0,049
804;28.06.2023;13:53:40;00:13:23;250,0;17,6;18,5;17,2;20,8;20,0;0,0;0,2;1,67E-1;-541,2;20,00;3,0;3,0;49,38;0,52;-0,001;0,0;0,00;0,049
805;28.06.2023;13:53:41;00:13:24;250,0;17,6;18,5;17,2;20,8;20,0;0,0;0,2;1,65E-1;-541,2;20,00;3,0;2,9;49,38;0,52;0,001;0,0;0,00;0,049
806;28.06.2023;13:53:42;00:13:25;250,0;17,6;18,5;17,2;20,8;20,0;0,0;0,2;1,63E-1;-541,2;20,00;3,0;3,0;49,38;0,52;0,002;0,0;0,00;0,049
807;28.06.2023;13:53:43;00:13:26;250,0;17,7;18,5;17,2;20,8;20,0;0,0;0,2;1,60E-1;-541,2;20,00;3,0;3,1;49,38;0,52;0,003;0,0;0,01;0,049
808;28.06.2023;13:53:44;00:13:27;250,0;17,7;18,5;17,2;20,8;20,0;0,0;0,2;1,59E-1;-541,2;20,00;3,0;3,1;49,38;0,52;0,000;0,0;0,01;0,049
809;28.06.2023;13:53:45;00:13:28;250,0;17,7;18,5;17,2;20,8;20,0;0,0;0,2;1,57E-1;-541,2;20,00;3,0;3,0;49,38;0,52;0,003;0,0;0,01;0,049
810;28.06.2023;13:53:46;00:13:29;250,0;17,7;18,5;17,2;20,8;20,0;0,0;0,2;1,54E-1;-541,2;20,00;3,0;2,9;49,38;0,52;0,001;0,0;0,00;0,049
811;28.06.2023;13:53:47;00:13:30;250,0;17,7;18,5;17,2;20,8;20,0;0,0;0,2;1,53E-1;-541,2;20,00;3,0;2,9;49,38;0,52;0,000;0,0;0,01;0,049
812;28.06.2023;13:53:48;00:13:31;250,0;17,7;18,5;17,2;20,8;20,0;0,0;0,2;1,52E-1;-541,2;20,00;3,0;3,0;49,38;0,52;0,001;0,0;0,00;0,049
813;28.06.2023;13:53:49;00:13:32;250,0;17,7;18,5;17,2;20,8;20,0;0,0;0,1;1,50E-1;-541,2;20,00;3,0;3,1;49,38;0,52;0,001;0,0;0,00;0,049
814;28.06.2023;13:53:50;00:13:33;250,0;17,7;18,5;17,2;20,8;20,0;0,0;0,1;1,49E-1;-541,2;20,00;3,0;3,0;49,38;0,52;0,001;0,0;0,00;0,049
815;28.06.2023;13:53:51;00:13:34;250,0;17,7;18,5;17,2;20,8;20,0;0,0;0,1;1,47E-1;-541,2;20,00;3,0;3,0;49,38;0,52;0,001;0,0;0,01;0,049
816;28.06.2023;13:53:52;00:13:35;250,0;17,7;18,5;17,2;20,8;20,0;0,0;0,1;1,45E-1;-541,2;20,00;3,0;3,1;49,38;0,52;0,003;0,0;0,00;0,049
817;28.06.2023;13:53:53;00:13:36;250,0;17,7;18,5;17,2;20,8;20,0;0,0;0,1;1,44E-1;-541,2;20,00;3,0;3,1;49,38;0,52;0,003;0,0;0,01;0,049
818;28.06.2023;13:53:54;00:13:37;250,0;17,7;18,5;17,2;20,8;20,0;0,0;0,1;1,42E-1;-541,2;20,00;3,0;3,1;49,38;0,52;0,002;0,0;0,01;0,049
819;28.06.2023;13:53:55;00:13:38;250,0;17,7;18,5;17,2;20,8;20,0;0,0;0,1;1,42E-1;-541,2;20,00;3,0;3,0;49,38;0,52;-0,001;0,0;0,00;0,049
820;28.06.2023;13:53:56;00:13:39;250,0;17,6;18,4;17,2;20,8;20,0;0,0;0,1;1,40E-1;-541,2;20,00;3,0;3,0;49,38;0,52;-0,002;0,0;0,00;0,049
821;28.06.2023;13:53:57;00:13:40;250,0;17,6;18,4;17,2;20,8;20,0;0,0;0,1;1,38E-1;-541,2;20,00;3,0;3,0;49,38;0,52;0,000;0,0;0,01;0,049
822;28.06.2023;13:53:58;00:13:41;250,0;17,6;18,4;17,2;20,8;20,0;0,0;0,1;1,38E-1;-541,2;20,00;3,0;3,0;49,38;0,52;0,001;0,0;0,01;0,049
823;28.06.2023;13:53:59;00:13:42;250,0;17,7;18,4;17,2;20,8;20,0;0,0;0,1;1,36E-1;-541,2;20,00;3,0;3,1;49,38;0,52;0,004;0,0;0,01;0,049
824;28.06.2023;13:54:00;00:13:43;250,0;17,7;18,4;17,2;20,8;20,0;0,0;0,1;1,35E-1;-541,2;20,00;3,0;3,0;49,38;0,52;-0,002;0,0;0,01;0,049
825;28.06.2023;13:54:01;00:13:44;250,0;17,7;18,4;17,2;20,8;20,0;0,0;0,1;1,34E-1;-541,2;20,00;3,0;3,0;49,38;0,52;0,001;0,0;0,01;0,049
826;28.06.2023;13:54:02;00:13:45;250,0;17,7;18,4;17,2;20,8;20,0;0,0;0,1;1,33E-1;-541,2;20,00;3,0;3,0;49,38;0,52;0,000;0,0;0,00;0,049
827;28.06.2023;13:54:03;00:13:46;250,0;17,7;18,4;17,2;20,8;20,0;0,0;0,1;1,31E-1;-541,2;20,00;3,0;2,9;49,37;0,52;-0,003;0,0;0,00;0,049
828;28.06.2023;13:54:04;00:13:47;250,0;17,7;18,4;17,2;20,8;20,0;0,0;0,1;1,31E-1;-541,2;20,00;3,0;3,0;49,38;0,52;-0,002;0,0;0,01;0,049
829;28.06.2023;13:54:05;00:13:48;250,0;17,7;18,4;17,2;20,8;20,0;0,0;0,1;1,30E-1;-541,2;20,00;3,0;3,0;49,38;0,52;-0,001;0,0;0,01;0,049
830;28.06.2023;13:54:06;00:13:49;250,0;17,7;18,4;17,2;20,8;20,0;0,0;0,1;1,29E-1;-541,2;20,00;3,0;3,1;49,38;0,52;0,005;0,0;0,01;0,049
831;28.06.2023;13:54:07;00:13:50;250,0;17,7;18,4;17,2;20,8;20,0;0,0;0,1;1,28E-1;-541,2;20,00;3,0;3,1;49,38;0,52;0,003;0,0;0,01;0,049
832;28.06.2023;13:54:08;00:13:51;250,0;17,7;18,4;17,2;20,8;20,0;0,0;0,1;1,27E-1;-541,2;20,00;3,0;3,1;49,38;0,52;0,002;0,0;0,00;0,049
833;28.06.2023;13:54:09;00:13:52;250,0;17,7;18,4;17,2;20,8;20,0;0,0;0,1;1,27E-1;-541,2;20,00;3,0;3,1;49,38;0,52;0,002;0,0;0,00;0,049
834;28.06.2023;13:54:10;00:13:53;250,0;17,7;18,4;17,2;20,8;20,0;0,0;0,1;1,25E-1;-541,2;20,00;3,0;3,0;49,38;0,52;0,002;0,0;0,01;0,049
835;28.06.2023;13:54:11;00:13:54;250,0;17,7;18,4;17,2;20,8;20,0;0,0;0,1;1,24E-1;-541,2;20,00;3,0;3,0;49,38;0,52;-0,002;0,0;0,00;0,049
836;28.06.2023;13:54:12;00:13:55;250,0;17,7;18,4;17,2;20,8;20,0;0,0;0,1;1,24E-1;-541,2;20,00;3,0;3,0;49,38;0,52;-0,002;0,0;0,00;0,049
837;28.06.2023;13:54:13;00:13:56;250,0;17,7;18,4;17,2;20,8;20,0;0,0;0,1;1,23E-1;-541,2;20,00;3,0;3,1;49,38;0,52;0,003;0,0;0,00;0,049
838;28.06.2023;13:54:14;00:13:57;250,0;17,7;18,4;17,3;20,8;20,0;0,0;0,1;1,22E-1;-541,2;20,00;3,0;3,0;49,38;0,52;0,000;0,0;0,00;0,049
839;28.06.2023;13:54:15;00:13:58;250,0;17,7;18,4;17,3;20,8;20,0;0,0;0,1;1,22E-1;-541,2;20,00;3,0;3,0;49,38;0,52;-0,002;0,0;0,01;0,049
840;28.06.2023;13:54:16;00:13:59;250,0;17,6;18,3;17,2;20,7;20,0;0,0;0,1;1,21E-1;-541,2;20,00;3,0;2,9;49,38;0,52;-0,004;0,0;0,00;0,049
841;28.06.2023;13:54:17;00:14:00;250,0;17,6;18,3;17,2;20,7;20,0;0,0;0,1;1,20E-1;-541,2;20,00;3,0;3,0;49,38;0,52;0,001;0,0;0,00;0,049
842;28.06.2023;13:54:18;00:14:01;250,0;17,6;18,3;17,2;20,7;20,0;0,0;0,1;1,19E-1;-541,2;20,00;3,0;3,0;49,38;0,52;-0,001;0,0;0,00;0,049
843;28.06.2023;13:54:19;00:14:02;250,0;17,6;18,3;17,2;20,7;20,0;0,0;0,1;1,18E-1;-541,2;20,00;3,0;3,0;49,38;0,52;0,000;0,0;0,00;0,049
844;28.06.2023;13:54:20;00:14:03;250,0;17,6;18,3;17,2;20,7;20,0;0,0;0,1;1,18E-1;-541,2;20,00;3,0;3,0;49,38;0,52;0,000;0,0;0,01;0,049
845;28.06.2023;13:54:21;00:14:04;250,0;17,6;18,3;17,2;20,7;20,0;0,0;0,1;1,17E-1;-541,2;20,00;3,0;3,0;49,38;0,52;-0,001;0,0;0,00;0,049
846;28.06.2023;13:54:22;00:14:05;250,0;17,6;18,3;17,2;20,7;20,0;0,0;0,1;1,16E-1;-541,2;20,00;3,0;3,0;49,38;0,52;0,003;0,0;0,00;0,049
847;28.06.2023;13:54:23;00:14:06;250,0;17,6;18,3;17,2;20,7;20,0;0,0;0,1;1,16E-1;-541,2;20,00;3,0;3,0;49,38;0,52;0,000;0,0;0,01;0,049
848;28.06.2023;13:54:24;00:14:07;250,0;17,6;18,3;17,2;20,7;20,0;0,0;0,1;1,15E-1;-541,2;20,00;3,0;3,0;49,38;0,52;0,002;0,0;0,00;0,049
849;28.06.2023;13:54:25;00:14:08;250,0;17,6;18,4;17,2;20,7;20,0;0,0;0,1;1,15E-1;-541,2;20,00;3,0;2,9;49,38;0,52;0,000;0,0;0,00;0,049
850;28.06.2023;13:54:26;00:14:09;250,0;17,6;18,4;17,2;20,7;20,0;0,0;0,1;1,14E-1;-541,2;20,00;3,0;2,9;49,38;0,52;0,001;0,0;0,01;0,049
851;28.06.2023;13:54:27;00:14:10;250,0;17,7;18,4;17,2;20,7;20,0;0,0;0,1;1,14E-1;-541,2;20,00;3,0;3,0;49,38;0,52;0,000;0,0;0,00;0,049
852;28.06.2023;13:54:28;00:14:11;250,0;17,7;18,4;17,2;20,7;20,0;0,0;0,1;1,13E-1;-541,2;20,00;3,0;3,0;49,38;0,52;0,001;0,0;0,01;0,049
853;28.06.2023;13:54:29;00:14:12;250,0;17,7;18,4;17,2;20,8;20,0;0,0;0,1;1,13E-1;-541,2;20,00;3,0;3,0;49,38;0,52;-0,001;0,0;0,00;0,049
854;28.06.2023;13:54:30;00:14:13;250,0;17,7;18,4;17,2;20,8;20,0;0,0;0,1;1,12E-1;-541,2;20,00;3,0;3,0;49,38;0,52;0,003;0,0;0,00;0,049
855;28.06.2023;13:54:31;00:14:14;250,0;17,7;18,4;17,2;20,7;20,0;0,0;0,1;1,12E-1;-541,2;20,00;3,0;3,0;49,38;0,52;0,000;0,0;0,00;0,049
856;28.06.2023;13:54:32;00:14:15;250,0;17,7;18,4;17,2;20,7;20,0;0,0;0,1;1,12E-1;-541,2;20,00;3,0;3,0;49,38;0,52;0,000;0,0;0,01;0,049
857;28.06.2023;13:54:33;00:14:16;250,0;17,7;18,4;17,2;20,7;20,0;0,0;0,1;1,11E-1;-541,2;20,00;3,0;2,9;49,38;0,52;-0,004;0,0;0,00;0,049
858;28.06.2023;13:54:34;00:14:17;250,0;17,7;18,4;17,2;20,7;20,0;0,0;0,1;1,11E-1;-541,2;20,00;3,0;2,9;49,38;0,52;-0,004;0,0;0,01;0,049
859;28.06.2023;13:54:35;00:14:18;250,0;17,7;18,4;17,2;20,7;20,0;0,0;0,1;1,10E-1;-541,2;20,00;3,0;3,0;49,38;0,52;-0,001;0,0;0,00;0,049
860;28.06.2023;13:54:36;00:14:19;250,0;17,7;18,4;17,3;20,8;20,0;0,0;0,1;1,10E-1;-541,2;20,00;3,0;3,0;49,38;0,52;0,002;0,0;0,00;0,049
861;28.06.2023;13:54:37;00:14:20;250,0;17,7;18,4;17,3;20,8;20,0;0,0;0,1;1,10E-1;-541,2;20,00;3,0;3,0;49,38;0,52;-0,001;0,0;0,00;0,049
862;28.06.2023;13:54:38;00:14:21;250,0;17,7;18,4;17,3;20,8;20,0;0,0;0,1;1,10E-1;-541,2;20,00;3,0;3,1;49,38;0,52;0,002;0,0;0,00;0,049
863;28.06.2023;13:54:39;00:14:22;250,0;17,7;18,4;17,3;20,8;20,0;0,0;0,1;1,09E-1;-541,2;20,00;3,0;3,0;49,38;0,52;0,001;0,0;0,01;0,049
864;28.06.2023;13:54:40;00:14:23;250,0;17,7;18,4;17,3;20,8;20,0;0,0;0,1;1,09E-1;-541,2;20,00;3,0;3,0;49,38;0,52;-0,002;0,0;0,00;0,049
865;28.06.2023;13:54:41;00:14:24;250,0;17,7;18,4;17,3;20,8;20,0;0,0;0,1;1,09E-1;-541,2;20,00;3,0;2,9;49,38;0,52;-0,002;0,0;0,01;0,049
866;28.06.2023;13:54:42;00:14:25;250,0;17,7;18,4;17,3;20,8;20,0;0,0;0,1;1,08E-1;-541,2;20,00;3,0;3,0;49,38;0,52;0,001;0,0;0,00;0,049
867;28.06.2023;13:54:43;00:14:26;250,0;17,7;18,4;17,3;20,8;20,0;0,0;0,1;1,08E-1;-541,2;20,00;3,0;3,1;49,38;0,52;0,000;0,0;0,00;0,049
868;28.06.2023;13:54:44;00:14:27;250,0;17,7;18,4;17,3;20,8;20,0;0,0;0,1;1,08E-1;-541,2;20,00;3,0;3,0;49,38;0,52;0,001;0,0;0,00;0,049
869;28.06.2023;13:54:45;00:14:28;250,0;17,8;18,4;17,3;20,8;20,0;0,0;0,1;1,07E-1;-541,2;20,00;3,0;3,0;49,38;0,52;0,000;0,0;0,01;0,049
870;28.06.2023;13:54:46;00:14:29;250,0;17,8;18,4;17,3;20,8;20,0;0,0;0,1;1,07E-1;-541,2;20,00;3,0;2,9;49,38;0,52;0,001;0,0;0,01;0,049
871;28.06.2023;13:54:47;00:14:30;250,0;17,8;18,4;17,3;20,8;20,0;0,0;0,1;1,07E-1;-541,2;20,00;3,0;3,0;49,38;0,52;0,005;0,0;0,00;0,049
872;28.06.2023;13:54:48;00:14:31;250,0;17,8;18,4;17,3;20,8;20,0;0,0;0,1;1,07E-1;-541,2;20,00;3,0;3,0;49,38;0,52;0,003;0,0;0,01;0,049
873;28.06.2023;13:54:49;00:14:32;250,0;17,8;18,4;17,3;20,8;20,0;0,0;0,1;1,06E-1;-541,2;20,00;3,0;3,0;49,38;0,52;0,000;0,0;0,01;0,049
874;28.06.2023;13:54:50;00:14:33;250,0;17,8;18,4;17,3;20,8;20,0;0,0;0,1;1,06E-1;-541,2;20,00;3,0;3,0;49,38;0,52;-0,003;0,0;0,00;0,049
875;28.06.2023;13:54:51;00:14:34;250,0;17,8;18,4;17,3;20,8;20,0;0,0;0,1;1,06E-1;-541,2;20,00;3,0;3,0;49,38;0,52;0,000;0,0;0,01;0,049
876;28.06.2023;13:54:52;00:14:35;250,0;17,8;18,4;17,3;20,8;20,0;0,0;0,1;1,05E-1;-541,2;20,00;3,0;3,0;49,38;0,52;0,000;0,0;0,01;0,049
877;28.06.2023;13:54:53;00:14:36;250,0;17,8;18,4;17,4;20,8;20,0;0,0;0,1;1,05E-1;-541,2;20,00;3,0;3,0;49,38;0,52;0,002;0,0;0,00;0,049
878;28.06.2023;13:54:54;00:14:37;250,0;17,8;18,4;17,4;20,8;20,0;0,0;0,1;1,05E-1;-541,2;20,00;3,0;3,0;49,38;0,52;0,003;0,0;0,01;0,049
879;28.06.2023;13:54:55;00:14:38;250,0;17,8;18,4;17,4;20,8;20,0;0,0;0,1;1,04E-1;-541,2;20,00;3,0;3,0;49,38;0,52;0,003;0,0;0,01;0,049
880;28.06.2023;13:54:56;00:14:39;250,0;17,7;18,4;17,3;20,7;20,0;0,0;0,1;1,04E-1;-541,2;20,00;3,0;3,1;49,38;0,52;0,000;0,0;0,01;0,049
881;28.06.2023;13:54:57;00:14:40;250,0;17,7;18,4;17,3;20,7;20,0;0,0;0,1;1,04E-1;-541,2;20,00;3,0;3,1;49,38;0,52;0,003;0,0;0,00;0,049
882;28.06.2023;13:54:58;00:14:41;250,0;17,7;18,4;17,3;20,7;20,0;0,0;0,1;1,04E-1;-541,2;20,00;3,0;3,0;49,38;0,52;-0,003;0,0;0,00;0,049
883;28.06.2023;13:54:59;00:14:42;250,0;17,7;18,4;17,3;20,7;20,0;0,0;0,1;1,03E-1;-541,2;20,00;3,0;2,9;49,38;0,52;-0,002;0,0;0,01;0,049
884;28.06.2023;13:55:00;00:14:43;250,0;17,7;18,4;17,3;20,7;20,0;0,0;0,1;1,03E-1;-541,2;20,00;3,0;2,9;49,38;0,52;-0,003;0,0;0,00;0,049
885;28.06.2023;13:55:01;00:14:44;250,0;17,7;18,4;17,3;20,7;20,0;0,0;0,1;1,03E-1;-541,2;20,00;3,0;2,9;49,38;0,52;-0,002;0,0;0,01;0,049
886;28.06.2023;13:55:02;00:14:45;250,0;17,7;18,4;17,3;20,7;20,0;0,0;0,1;1,03E-1;-541,2;20,00;3,0;2,9;49,38;0,52;-0,004;0,0;0,00;0,049
887;28.06.2023;13:55:03;00:14:46;250,0;17,7;18,4;17,3;20,7;20,0;0,0;0,1;1,02E-1;-541,2;20,00;3,0;3,0;49,38;0,52;0,002;0,0;0,00;0,049
888;28.06.2023;13:55:04;00:14:47;250,0;17,7;18,4;17,3;20,7;20,0;0,0;0,1;1,02E-1;-541,2;20,00;3,0;3,0;49,38;0,52;0,000;0,0;0,00;0,049
889;28.06.2023;13:55:05;00:14:48;250,0;17,7;18,4;17,3;20,7;20,0;0,0;0,1;1,02E-1;-541,2;20,00;3,0;3,0;49,38;0,52;0,005;0,0;0,00;0,049
890;28.06.2023;13:55:06;00:14:49;250,0;17,7;18,4;17,3;20,8;20,0;0,0;0,1;1,02E-1;-541,2;20,00;3,0;3,0;49,38;0,52;0,000;0,0;0,01;0,049
891;28.06.2023;13:55:07;00:14:50;250,0;17,7;18,4;17,3;20,8;20,0;0,0;0,1;1,01E-1;-541,2;20,00;3,0;3,0;49,38;0,52;0,001;0,0;0,00;0,049
892;28.06.2023;13:55:08;00:14:51;250,0;17,7;18,4;17,3;20,8;20,0;0,0;0,1;1,01E-1;-541,2;20,00;3,0;3,0;49,38;0,52;0,001;0,0;0,00;0,049
893;28.06.2023;13:55:09;00:14:52;250,0;17,7;18,4;17,3;20,7;21,1;45,0;0,1;1,01E-1;-541,2;20,00;3,0;2,9;49,38;0,52;0,000;0,0;0,01;0,049
894;28.06.2023;13:55:10;00:14:53;250,0;17,7;18,4;17,3;20,7;23,4;45,0;0,1;1,01E-1;-541,2;20,00;3,0;2,9;49,38;0,53;0,024;3,0;6,12;0,498
895;28.06.2023;13:55:11;00:14:54;250,0;17,7;18,4;17,3;20,8;24,7;45,0;0,1;1,01E-1;-541,2;20,00;3,0;3,0;49,38;0,53;0,054;3,1;6,11;0,515
896;28.06.2023;13:55:12;00:14:55;250,1;17,7;18,4;17,3;20,8;26,9;45,0;0,1;1,01E-1;-541,2;20,00;3,0;3,0;49,38;0,53;0,073;3,2;6,03;0,532
897;28.06.2023;13:55:13;00:14:56;250,0;18,9;18,4;17,3;20,9;28,0;45,0;0,1;1,01E-1;-541,2;20,00;3,0;3,0;49,38;0,53;0,069;3,2;6,05;0,537
898;28.06.2023;13:55:14;00:14:57;250,2;23,6;18,4;17,4;20,9;30,3;45,0;0,1;1,01E-1;-541,2;20,00;3,0;3,0;49,38;0,53;0,056;3,3;6,07;0,547
899;28.06.2023;13:55:15;00:14:58;250,1;23,6;18,4;17,4;21,2;32,5;45,0;0,1;1,01E-1;-541,2;20,00;3,0;3,0;49,38;0,53;0,043;3,3;6,00;0,556
900;28.06.2023;13:55:16;00:14:59;250,2;23,6;18,5;17,4;21,2;33,6;45,0;0,1;1,01E-1;-541,2;20,00;3,0;3,0;49,38;0,53;0,035;3,4;5,97;0,559
901;28.06.2023;13:55:17;00:15:00;250,1;23,6;18,6;17,4;21,2;36,1;45,0;0,1;1,02E-1;-541,2;20,00;3,0;3,0;49,38;0,53;0,020;3,4;5,99;0,565
902;28.06.2023;13:55:18;00:15:01;250,0;35,3;18,6;17,4;21,4;38,3;45,0;0,1;1,02E-1;-541,2;20,00;3,0;3,0;49,38;0,53;0,012;3,4;5,99;0,571
903;28.06.2023;13:55:19;00:15:02;250,0;53,2;18,8;17,4;21,4;39,4;45,0;0,1;1,02E-1;-541,2;20,00;3,0;2,9;49,38;0,53;0,011;3,4;5,98;0,576
904;28.06.2023;13:55:20;00:15:03;250,0;53,2;18,8;17,4;21,7;41,7;45,0;0,1;1,02E-1;-541,2;20,00;3,0;2,9;49,38;0,53;0,013;3,5;6,00;0,581
905;28.06.2023;13:55:21;00:15:04;250,3;75,9;19,2;17,5;21,7;43,9;45,0;0,1;1,02E-1;-541,2;20,00;3,0;3,1;49,38;0,53;0,009;3,5;5,96;0,586
906;28.06.2023;13:55:22;00:15:05;250,0;75,9;19,6;17,5;21,8;45,0;45,0;0,1;1,02E-1;-541,2;20,00;3,0;3,1;49,38;0,53;0,006;3,5;5,97;0,587
907;28.06.2023;13:55:23;00:15:06;250,1;101,3;19,6;17,6;21,8;47,4;45,0;0,1;1,02E-1;-541,2;20,00;3,0;3,0;49,38;0,53;0,001;3,5;5,94;0,592
908;28.06.2023;13:55:24;00:15:07;250,0;101,3;20,1;17,6;21,8;49,7;45,0;0,1;1,01E-1;-541,2;20,00;3,0;2,9;49,38;0,53;-0,005;3,6;5,95;0,596
909;28.06.2023;13:55:25;00:15:08;250,0;125,7;20,1;17,6;21,9;50,8;45,0;0,1;1,01E-1;-541,2;20,00;3,0;2,9;49,38;0,53;-0,001;3,6;5,93;0,601
910;28.06.2023;13:55:26;00:15:09;250,0;125,7;20,5;17,7;21,9;53,0;45,0;0,1;1,01E-1;-541,2;20,00;3,0;3,0;49,38;0,53;-0,001;3,6;5,94;0,603
911;28.06.2023;13:55:27;00:15:10;250,2;125,7;20,5;17,7;21,9;54,2;45,0;0,1;1,01E-1;-541,2;20,00;3,0;3,0;49,38;0,53;0,001;3,6;5,92;0,606
912;28.06.2023;13:55:28;00:15:11;250,0;149,9;20,5;17,7;22,0;56,4;45,0;0,1;1,01E-1;-541,2;20,00;3,0;3,0;49,38;0,53;-0,002;3,6;5,93;0,609
913;28.06.2023;13:55:29;00:15:12;250,0;173,4;21,1;17,8;22,0;58,8;45,0;0,1;1,01E-1;-541,2;20,00;3,0;3,0;49,38;0,53;-0,002;3,6;5,92;0,612
914;28.06.2023;13:55:30;00:15:13;250,0;173,4;21,6;17,8;22,0;59,9;45,0;0,1;1,00E-1;-541,2;20,00;3,0;3,0;49,38;0,53;0,001;3,6;5,89;0,615
915;28.06.2023;13:55:31;00:15:14;250,1;195,8;21,6;17,9;22,2;62,2;45,0;0,1;1,00E-1;-541,2;20,00;3,0;3,0;49,38;0,53;-0,002;3,7;5,92;0,618
916;28.06.2023;13:55:32;00:15:15;250,0;195,8;22,1;17,9;22,2;64,4;45,0;0,1;1,00E-1;-541,2;20,00;3,0;3,0;49,38;0,53;0,003;3,7;5,91;0,625
917;28.06.2023;13:55:33;00:15:16;250,0;217,2;22,1;18,1;22,2;65,5;45,0;0,1;9,99E-2;-541,2;20,00;3,0;3,0;49,39;0,53;0,002;3,7;5,88;0,625
918;28.06.2023;13:55:34;00:15:17;250,1;237,8;22,6;18,2;22,2;67,8;45,0;0,1;9,97E-2;-541,2;20,00;3,0;3,0;49,38;0,53;0,007;3,7;5,87;0,625
919;28.06.2023;13:55:35;00:15:18;250,1;237,8;22,6;18,2;22,2;70,2;45,0;0,1;9,93E-2;-541,2;20,00;3,0;3,0;49,38;0,53;0,005;3,7;5,91;0,627
920;28.06.2023;13:55:36;00:15:19;250,2;237,7;22,6;18,1;22,2;71,3;45,0;0,1;9,92E-2;-541,2;20,00;3,0;3,0;49,39;0,53;-0,002;3,7;5,86;0,630
921;28.06.2023;13:55:37;00:15:20;250,3;258,8;23,1;18,3;22,2;73,6;45,0;0,1;9,90E-2;-541,2;20,00;3,0;3,0;49,38;0,53;0,003;3,7;5,86;0,630
922;28.06.2023;13:55:38;00:15:21;250,1;258,8;23,1;18,3;22,2;74,7;45,0;0,1;9,88E-2;-541,2;20,00;3,0;3,0;49,38;0,53;0,003;3,7;5,93;0,631
923;28.06.2023;13:55:39;00:15:22;250,2;279,1;23,7;18,5;22,2;76,9;45,0;0,1;9,86E-2;-541,2;20,00;3,0;3,0;49,38;0,53;0,004;3,7;5,89;0,635
924;28.06.2023;13:55:40;00:15:23;250,1;279,1;23,7;18,5;22,2;79,2;45,0;0,1;9,83E-2;-541,2;20,00;3,0;3,0;49,38;0,53;-0,002;3,7;5,91;0,635
925;28.06.2023;13:55:41;00:15:24;250,2;279,1;24,2;18,7;22,2;80,3;45,0;0,1;9,82E-2;-541,2;20,00;3,0;2,9;49,38;0,53;0,000;3,7;5,90;0,638
926;28.06.2023;13:55:42;00:15:25;250,0;299,4;24,2;18,7;22,2;82,7;45,0;0,1;9,80E-2;-541,2;20,00;3,0;3,0;49,38;0,53;0,003;3,7;5,91;0,639
927;28.06.2023;13:55:43;00:15:26;250,1;319,1;24,8;18,9;22,3;85,0;45,0;0,1;9,77E-2;-541,2;20,00;3,0;3,0;49,39;0,53;0,019;3,8;5,90;0,640
928;28.06.2023;13:55:44;00:15:27;250,0;319,1;24,8;18,9;22,3;86,1;45,0;0,1;9,76E-2;-541,2;20,00;3,0;3,0;49,39;0,53;0,040;3,8;5,87;0,640
929;28.06.2023;13:55:45;00:15:28;250,0;336,9;25,4;19,1;22,3;301,6;41,8;0,1;9,74E-2;-541,2;20,00;3,0;3,0;49,40;0,54;0,099;3,6;5,74;0,619
930;28.06.2023;13:55:46;00:15:29;250,0;336,9;25,4;19,1;22,3;303,3;41,9;0,1;9,72E-2;-541,2;20,00;3,0;3,0;49,42;0,56;0,255;3,5;5,72;0,615
931;28.06.2023;13:55:47;00:15:30;250,1;354,3;25,9;19,4;22,3;304,1;42,0;0,1;9,70E-2;-541,2;20,00;3,0;3,0;49,43;0,58;0,378;3,5;5,73;0,615
932;28.06.2023;13:55:48;00:15:31;250,2;354,3;25,9;19,4;22,3;305,9;40,6;0,1;9,68E-2;-541,2;20,00;3,0;3,1;49,47;0,61;0,707;3,4;5,67;0,606
933;28.06.2023;13:55:49;00:15:32;250,0;370,5;26,3;19,6;22,3;307,6;39,2;0,1;9,66E-2;-541,2;20,00;3,0;3,0;49,51;0,65;1,011;3,3;5,57;0,593
934;28.06.2023;13:55:50;00:15:33;250,1;370,5;26,8;19,6;22,3;308,5;39,3;0,1;9,64E-2;-541,2;20,00;3,0;3,0;49,52;0,67;1,133;3,3;5,58;0,593
935;28.06.2023;13:55:51;00:15:34;250,2;386,2;26,8;19,9;22,3;310,2;38,1;0,1;9,63E-2;-541,2;20,00;3,0;3,0;49,57;0,70;1,394;3,3;5,57;0,596
936;28.06.2023;13:55:52;00:15:35;250,1;386,2;26,8;19,9;22,3;311,0;38,0;0,1;9,62E-2;-541,2;20,00;3,0;3,0;49,59;0,73;1,505;3,2;5,53;0,582
937;28.06.2023;13:55:53;00:15:36;250,3;401,2;27,2;20,1;22,4;312,7;36,8;0,1;9,59E-2;-541,2;20,00;3,0;3,1;49,64;0,77;1,723;3,2;5,45;0,579
938;28.06.2023;13:55:54;00:15:37;250,0;401,2;27,6;20,4;22,4;314,6;36,8;0,1;9,57E-2;-541,2;20,00;3,0;3,1;49,69;0,83;1,982;3,1;5,43;0,570
939;28.06.2023;13:55:55;00:15:38;250,1;415,4;27,6;20,4;22,4;315,4;36,9;0,1;9,56E-2;-541,2;20,00;3,0;3,0;49,72;0,86;2,096;3,1;5,45;0,571
940;28.06.2023;13:55:56;00:15:39;250,2;415,3;27,6;20,4;22,4;317,1;35,7;0,1;9,54E-2;-541,2;20,00;3,0;3,0;49,78;0,91;2,295;3,0;5,36;0,562
941;28.06.2023;13:55:57;00:15:40;250,1;429,5;28,0;20,6;22,4;318,8;35,7;0,1;9,51E-2;-541,2;20,00;3,0;3,1;49,83;0,97;2,463;3,0;5,36;0,562
942;28.06.2023;13:55:58;00:15:41;250,1;429,5;28,0;20,6;22,4;319,7;34,5;0,1;9,51E-2;-541,2;20,00;3,0;3,0;49,86;1,00;2,542;3,0;5,32;0,556
943;28.06.2023;13:55:59;00:15:42;250,3;442,7;28,4;20,9;22,4;321,4;33,7;0,1;9,48E-2;-541,2;20,00;3,0;2,9;49,92;1,06;2,683;2,9;5,32;0,552
944;28.06.2023;13:56:00;00:15:43;250,1;442,7;28,7;21,2;22,4;323,2;33,4;0,1;9,46E-2;-541,2;20,00;3,0;3,0;49,99;1,13;2,814;2,8;5,23;0,542
945;28.06.2023;13:56:01;00:15:44;250,1;442,7;28,7;21,2;22,4;324,1;33,5;0,1;9,45E-2;-541,2;20,00;3,0;3,0;50,02;1,16;2,870;2,8;5,22;0,542
946;28.06.2023;13:56:02;00:15:45;250,2;455,0;28,7;21,2;22,5;325,8;32,4;0,1;9,42E-2;-541,2;20,00;3,0;3,0;50,08;1,22;2,967;2,8;5,21;0,532
947;28.06.2023;13:56:03;00:15:46;250,1;466,3;29,0;21,5;22,5;327,5;31,5;0,1;9,40E-2;-541,2;20,00;3,0;3,0;50,15;1,28;3,028;2,7;5,17;0,529
948;28.06.2023;13:56:04;00:15:47;250,0;466,3;29,0;21,5;22,5;328,3;31,5;0,1;9,38E-2;-541,2;20,00;3,0;3,0;50,18;1,32;3,045;2,7;5,10;0,523
949;28.06.2023;13:56:05;00:15:48;250,0;476,0;29,3;21,7;22,5;330,0;30,6;0,1;9,36E-2;-541,2;20,00;3,0;3,0;50,24;1,38;3,095;2,7;5,06;0,518
950;28.06.2023;13:56:06;00:15:49;250,1;476,0;29,3;21,7;22,5;330,9;30,6;0,1;9,34E-2;-541,2;20,00;3,0;3,0;50,27;1,41;3,093;2,6;5,04;0,514
951;28.06.2023;13:56:07;00:15:50;250,0;485,0;29,6;22,0;22,5;332,7;30,1;0,1;9,32E-2;-541,2;20,00;3,0;3,1;50,34;1,48;3,091;2,6;5,07;0,516
952;28.06.2023;13:56:08;00:15:51;250,1;485,0;29,8;22,0;22,5;334,4;29,9;0,1;9,29E-2;-541,2;20,00;3,0;3,0;50,39;1,53;3,054;2,5;5,00;0,508
953;28.06.2023;13:56:09;00:15:52;250,0;493,1;29,8;22,3;22,6;335,3;29,2;0,1;9,28E-2;-541,2;20,00;3,0;3,1;50,42;1,56;3,025;2,6;5,02;0,507
954;28.06.2023;13:56:10;00:15:53;250,0;493,1;29,9;22,6;22,6;337,0;29,2;0,1;9,26E-2;-541,2;20,00;3,0;3,0;50,48;1,62;2,978;2,5;4,92;0,499
955;28.06.2023;13:56:11;00:15:54;250,1;500,6;29,9;22,6;22,6;338,7;28,6;0,1;9,23E-2;-541,2;20,00;3,0;3,0;50,53;1,68;2,926;2,5;5,00;0,498
956;28.06.2023;13:56:12;00:15:55;250,0;500,6;29,9;22,6;22,6;339,5;28,5;0,1;9,22E-2;-541,2;20,00;3,0;3,0;50,56;1,70;2,901;2,4;4,94;0,493
957;28.06.2023;13:56:13;00:15:56;250,0;507,4;30,1;22,8;22,6;341,4;27,9;0,1;9,19E-2;-541,2;20,00;3,0;3,0;50,62;1,76;2,833;2,4;4,89;0,490
958;28.06.2023;13:56:14;00:15:57;250,1;513,5;30,3;23,1;22,6;343,1;27,4;0,1;9,17E-2;-541,2;20,00;3,0;3,0;50,67;1,81;2,740;2,4;4,87;0,488
959;28.06.2023;13:56:15;00:15:58;250,0;513,5;30,3;23,1;22,6;343,9;27,4;0,1;9,16E-2;-541,2;20,00;3,0;3,0;50,69;1,83;2,705;2,4;4,86;0,484
960;28.06.2023;13:56:16;00:15:59;250,1;513,5;30,3;23,1;22,6;345,6;27,4;0,1;9,13E-2;-541,2;20,00;3,0;3,0;50,74;1,88;2,639;2,4;4,84;0,484
961;28.06.2023;13:56:17;00:16:00;250,1;513,5;30,4;23,4;22,6;346,5;27,4;0,1;9,12E-2;-541,2;20,00;3,0;3,0;50,77;1,91;2,602;2,3;4,84;0,484
962;28.06.2023;13:56:18;00:16:01;250,0;519,4;30,4;23,4;22,6;348,2;26,9;0,1;9,10E-2;-541,2;20,00;3,0;3,0;50,81;1,95;2,517;2,3;4,83;0,479
963;28.06.2023;13:56:19;00:16:02;250,0;524,7;30,6;23,6;22,6;350,0;26,4;0,1;9,09E-2;-541,2;20,00;3,0;3,0;50,86;2,00;2,423;2,3;4,87;0,479
964;28.06.2023;13:56:20;00:16:03;250,3;524,7;30,6;23,6;22,6;350,9;26,4;0,1;9,08E-2;-541,2;20,00;3,0;3,0;50,88;2,02;2,388;2,3;4,78;0,474
965;28.06.2023;13:56:21;00:16:04;250,0;529,6;30,7;23,9;22,6;352,6;26,0;0,1;9,06E-2;-541,2;20,00;3,0;3,0;50,92;2,06;2,306;2,3;4,77;0,471
966;28.06.2023;13:56:22;00:16:05;250,1;529,6;30,7;23,9;22,7;354,3;25,9;0,1;9,05E-2;-541,2;20,00;3,0;3,0;50,96;2,10;2,235;2,2;4,76;0,469
967;28.06.2023;13:56:23;00:16:06;250,1;529,6;30,7;24,2;22,7;355,1;25,9;0,1;9,04E-2;-541,2;20,00;3,0;3,0;50,98;2,12;2,197;2,2;4,75;0,469
968;28.06.2023;13:56:24;00:16:07;250,1;534,0;30,7;24,2;22,7;356,8;25,5;0,1;9,01E-2;-541,2;20,00;3,0;3,0;51,02;2,16;2,117;2,2;4,72;0,466
969;28.06.2023;13:56:25;00:16:08;250,2;537,7;30,8;24,4;22,7;358,6;25,2;0,1;8,99E-2;-541,2;20,00;3,0;3,0;51,06;2,20;2,027;2,2;4,70;0,464
970;28.06.2023;13:56:26;00:16:09;250,3;537,7;30,8;24,4;22,7;359,5;25,2;0,1;8,98E-2;-541,2;20,00;3,0;3,0;51,07;2,22;1,981;2,2;4,70;0,460
971;28.06.2023;13:56:27;00:16:10;250,0;541,1;30,9;24,7;22,7;361,2;25,0;0,1;8,96E-2;-541,2;20,00;3,0;3,0;51,11;2,25;1,901;2,2;4,70;0,459
972;28.06.2023;13:56:28;00:16:11;250,0;541,1;30,9;24,7;22,7;362,9;24,9;0,1;8,94E-2;-541,2;20,00;3,0;2,9;51,14;2,28;1,826;2,2;4,71;0,459
973;28.06.2023;13:56:29;00:16:12;250,1;544,1;30,9;24,9;22,7;363,7;24,6;0,1;8,93E-2;-541,2;20,00;3,0;3,0;51,16;2,30;1,799;2,1;4,68;0,459
974;28.06.2023;13:56:30;00:16:13;250,1;544,1;31,0;24,9;22,8;365,4;24,6;0,1;8,91E-2;-541,2;20,00;3,0;3,0;51,18;2,33;1,748;2,1;4,68;0,454
975;28.06.2023;13:56:31;00:16:14;250,3;544,1;31,0;25,1;22,8;366,4;24,6;0,1;8,89E-2;-541,2;20,00;3,0;3,0;51,21;2,35;1,699;2,1;4,68;0,454
976;28.06.2023;13:56:32;00:16:15;250,1;546,9;31,0;25,1;22,8;368,1;24,3;0,1;8,88E-2;-541,2;20,00;3,0;3,0;51,24;2,38;1,650;2,1;4,66;0,454
977;28.06.2023;13:56:33;00:16:16;250,2;549,4;31,0;25,4;22,8;369,8;24,1;0,1;8,86E-2;-541,2;20,00;3,0;3,0;51,26;2,41;1,587;2,1;4,64;0,451
978;28.06.2023;13:56:34;00:16:17;250,2;549,4;31,0;25,4;22,8;370,7;24,1;0,1;8,84E-2;-541,2;20,00;3,0;3,0;51,28;2,42;1,568;2,1;4,66;0,451
979;28.06.2023;13:56:35;00:16:18;250,2;551,5;31,1;25,6;22,9;372,4;24,0;0,1;8,82E-2;-541,2;20,00;3,0;3,0;51,30;2,45;1,506;2,1;4,66;0,449
980;28.06.2023;13:56:36;00:16:19;250,1;551,5;31,1;25,6;22,9;374,1;23,9;0,1;8,81E-2;-541,2;20,00;3,0;3,0;51,33;2,47;1,450;2,1;4,62;0,449
981;28.06.2023;13:56:37;00:16:20;250,1;551,5;31,1;25,6;22,9;375,1;23,9;0,1;8,79E-2;-541,2;20,00;3,0;3,1;51,34;2,49;1,410;2,1;4,63;0,449
982;28.06.2023;13:56:38;00:16:21;250,1;553,5;31,1;25,8;22,9;376,8;23,7;0,1;8,77E-2;-541,2;20,00;3,0;3,0;51,37;2,51;1,356;2,1;4,60;0,448
983;28.06.2023;13:56:39;00:16:22;250,0;555,3;31,1;26,0;22,9;378,5;23,6;0,1;8,75E-2;-541,2;20,00;3,0;3,0;51,39;2,54;1,312;2,1;4,61;0,449
984;28.06.2023;13:56:40;00:16:23;250,1;555,3;31,1;26,0;22,9;379,3;23,5;0,1;8,75E-2;-541,2;20,00;3,0;3,0;51,41;2,55;1,296;2,1;4,64;0,444
985;28.06.2023;13:56:41;00:16:24;250,1;555,3;31,1;26,0;22,9;381,0;23,5;0,1;8,72E-2;-541,2;20,00;3,0;3,0;51,43;2,57;1,244;2,1;4,63;0,444
986;28.06.2023;13:56:42;00:16:25;250,1;556,8;31,1;26,2;22,9;382,7;23,4;0,1;8,71E-2;-541,2;20,00;3,0;3,0;51,45;2,60;1,218;2,0;4,62;0,444
987;28.06.2023;13:56:43;00:16:26;250,1;558,2;31,1;26,4;22,9;383,7;23,3;0,1;8,70E-2;-541,2;20,00;3,0;3,0;51,46;2,61;1,198;2,0;4,58;0,444
988;28.06.2023;13:56:44;00:16:27;250,1;558,2;31,1;26,4;22,9;385,4;23,3;0,1;8,68E-2;-541,2;20,00;3,0;3,0;51,48;2,63;1,159;2,0;4,60;0,443
989;28.06.2023;13:56:45;00:16:28;250,0;558,2;31,2;26,6;22,9;386,3;23,3;0,1;8,67E-2;-541,2;20,00;3,0;3,0;51,50;2,64;1,146;2,0;4,63;0,443
990;28.06.2023;13:56:46;00:16:29;250,1;559,4;31,2;26,6;23,0;388,0;23,2;0,1;8,65E-2;-541,2;20,00;3,0;2,9;51,51;2,66;1,113;2,0;4,63;0,442
991;28.06.2023;13:56:47;00:16:30;250,1;560,4;31,2;26,8;23,0;389,7;23,1;0,1;8,64E-2;-541,2;20,00;3,0;3,0;51,53;2,68;1,064;2,0;4,63;0,441
992;28.06.2023;13:56:48;00:16:31;250,1;560,4;31,2;26,8;23,0;390,5;23,1;0,1;8,63E-2;-541,2;20,00;3,0;3,0;51,54;2,69;1,051;2,0;4,58;0,440
993;28.06.2023;13:56:49;00:16:32;250,0;561,3;31,2;26,9;23,0;392,4;23,0;0,1;8,61E-2;-541,2;20,00;3,0;2,9;51,56;2,71;1,017;2,0;4,58;0,440
994;28.06.2023;13:56:50;00:16:33;250,0;561,3;31,2;26,9;23,0;394,1;23,0;0,1;8,59E-2;-541,2;20,00;3,0;3,0;51,58;2,72;0,978;2,0;4,58;0,440
995;28.06.2023;13:56:51;00:16:34;250,1;562,0;31,2;27,1;23,0;394,9;23,0;0,1;8,59E-2;-541,2;20,00;3,0;3,0;51,59;2,74;0,964;2,0;4,58;0,440
996;28.06.2023;13:56:52;00:16:35;250,1;562,0;31,2;27,1;23,0;396,6;22,9;0,1;8,57E-2;-541,2;20,00;3,0;3,0;51,61;2,75;0,932;2,0;4,58;0,440
997;28.06.2023;13:56:53;00:16:36;250,1;562,7;31,2;27,3;23,0;398,3;22,9;0,1;8,55E-2;-541,2;20,00;3,0;3,0;51,62;2,77;0,913;2,0;4,59;0,440
998;28.06.2023;13:56:54;00:16:37;250,1;562,7;31,2;27,3;23,0;399,2;22,9;0,1;8,54E-2;-541,2;20,00;3,0;3,0;51,63;2,78;0,896;2,0;4,55;0,440
999;28.06.2023;13:56:55;00:16:38;250,0;563,3;31,2;27,4;23,1;401,0;22,8;0,1;8,53E-2;-541,2;20,00;3,0;2,9;51,65;2,79;0,876;2,0;4,59;0,437
1000;28.06.2023;13:56:56;00:16:39;250,0;563,2;31,2;27,4;23,0;401,9;22,8;0,1;8,52E-2;-541,2;20,00;3,0;3,0;51,65;2,80;0,857;2,0;4,60;0,440
1001;28.06.2023;13:56:57;00:16:40;250,1;563,2;31,1;27,3;23,0;403,6;22,9;0,1;8,50E-2;-541,2;20,00;3,0;3,0;51,67;2,82;0,824;2,0;4,60;0,437
1002;28.06.2023;13:56:58;00:16:41;250,2;563,8;31,1;27,5;23,0;405,3;22,8;0,1;8,49E-2;-541,2;20,00;3,0;3,0;51,69;2,83;0,805;2,0;4,56;0,438
1003;28.06.2023;13:56:59;00:16:42;250,2;563,8;31,1;27,6;23,0;406,1;22,8;0,1;8,48E-2;-541,2;20,00;3,0;3,0;51,70;2,84;0,791;2,0;4,52;0,439
1004;28.06.2023;13:57:00;00:16:43;250,1;564,3;31,1;27,6;23,0;407,8;22,8;0,1;8,47E-2;-541,2;20,00;3,0;3,0;51,71;2,85;0,779;2,0;4,59;0,440
1005;28.06.2023;13:57:01;00:16:44;250,1;564,7;31,1;27,8;23,0;409,6;22,8;0,1;8,45E-2;-541,2;20,00;3,0;3,0;51,73;2,87;0,760;2,0;4,56;0,440
1006;28.06.2023;13:57:02;00:16:45;250,2;564,7;31,1;27,8;23,0;410,5;22,8;0,1;8,44E-2;-541,2;20,00;3,0;3,0;51,73;2,88;0,754;2,0;4,62;0,438
1007;28.06.2023;13:57:03;00:16:46;250,1;565,1;31,1;27,9;23,0;412,2;22,8;0,1;8,42E-2;-541,2;20,00;3,0;3,0;51,74;2,89;0,717;2,0;4,57;0,438
1008;28.06.2023;13:57:04;00:16:47;250,1;565,1;31,1;27,9;23,0;413,9;22,8;0,1;8,41E-2;-541,2;20,00;3,0;3,0;51,76;2,90;0,688;2,0;4,56;0,440
1009;28.06.2023;13:57:05;00:16:48;250,1;565,3;31,1;28,0;23,0;414,7;22,8;0,1;8,41E-2;-541,2;20,00;3,0;3,0;51,76;2,91;0,687;2,0;4,59;0,438
1010;28.06.2023;13:57:06;00:16:49;250,0;565,3;31,1;28,0;23,1;416,4;22,8;0,1;8,39E-2;-541,2;20,00;3,0;3,0;51,78;2,92;0,672;2,0;4,55;0,440
1011;28.06.2023;13:57:07;00:16:50;250,0;565,6;31,1;28,1;23,1;418,3;22,8;0,1;8,37E-2;-541,2;20,00;3,0;3,0;51,79;2,94;0,657;2,0;4,55;0,440
1012;28.06.2023;13:57:08;00:16:51;250,0;565,6;31,1;28,1;23,1;419,1;22,8;0,1;8,37E-2;-541,2;20,00;3,0;3,0;51,79;2,94;0,647;2,0;4,56;0,439
1013;28.06.2023;13:57:09;00:16:52;250,1;565,8;31,1;28,3;23,1;420,8;22,8;0,1;8,35E-2;-541,2;20,00;3,0;3,0;51,81;2,95;0,629;2,0;4,57;0,440
1014;28.06.2023;13:57:10;00:16:53;250,0;565,8;31,1;28,3;23,1;421,7;22,8;0,1;8,35E-2;-541,2;20,00;3,0;3,0;51,81;2,96;0,622;2,0;4,54;0,439
1015;28.06.2023;13:57:11;00:16:54;250,1;566,0;31,1;28,4;23,1;423,4;22,8;0,1;8,33E-2;-541,2;20,00;3,0;3,0;51,82;2,97;0,603;2,0;4,56;0,440
1016;28.06.2023;13:57:12;00:16:55;250,1;566,0;31,1;28,4;23,1;425,1;22,8;0,1;8,32E-2;-541,2;20,00;3,0;3,0;51,83;2,98;0,594;2,0;4,57;0,438
1017;28.06.2023;13:57:13;00:16:56;250,0;566,0;31,1;28,5;23,1;425,9;22,8;0,1;8,31E-2;-541,2;20,00;3,0;2,9;51,84;2,99;0,583;2,0;4,61;0,440
1018;28.06.2023;13:57:14;00:16:57;250,3;566,2;31,1;28,5;23,2;427,8;22,8;0,1;8,30E-2;-541,2;20,00;3,0;3,0;51,85;3,00;0,564;2,0;4,53;0,440
1019;28.06.2023;13:57:15;00:16:58;250,1;566,4;31,1;28,6;23,2;429,5;22,9;0,1;8,29E-2;-541,2;20,00;3,0;3,0;51,86;3,01;0,569;2,0;4,59;0,440
1020;28.06.2023;13:57:16;00:16:59;250,1;566,4;31,1;28,6;23,2;430,3;22,9;0,1;8,28E-2;-541,2;20,00;3,0;2,9;51,87;3,01;0,559;2,0;4,54;0,440
1021;28.06.2023;13:57:17;00:17:00;250,0;566,4;31,1;28,6;23,2;432,0;22,9;0,1;8,26E-2;-541,2;20,00;3,0;3,0;51,88;3,02;0,546;2,0;4,58;0,440
1022;28.06.2023;13:57:18;00:17:01;250,1;566,5;31,1;28,7;23,2;433,7;22,9;0,1;8,25E-2;-541,2;20,00;3,0;3,1;51,89;3,03;0,535;2,0;4,58;0,440
1023;28.06.2023;13:57:19;00:17:02;250,1;566,5;31,1;28,8;23,2;434,6;22,9;0,1;8,24E-2;-541,2;20,00;3,0;3,0;51,89;3,04;0,527;2,0;4,54;0,440
1024;28.06.2023;13:57:20;00:17:03;250,3;566,7;31,1;28,8;23,2;436,4;23,0;0,1;8,23E-2;-541,2;20,00;3,0;3,0;51,90;3,05;0,513;2,0;4,60;0,440
1025;28.06.2023;13:57:21;00:17:04;250,2;566,9;31,2;28,9;23,2;438,1;23,0;0,1;8,22E-2;-541,2;20,00;3,0;3,0;51,91;3,06;0,496;2,0;4,55;0,440
1026;28.06.2023;13:57:22;00:17:05;250,2;566,9;31,2;28,9;23,3;439,0;23,0;0,1;8,21E-2;-541,2;20,00;3,0;3,0;51,92;3,06;0,489;2,0;4,55;0,440
1027;28.06.2023;13:57:23;00:17:06;250,2;567,0;31,2;29,0;23,3;440,7;23,0;0,1;8,19E-2;-541,2;20,00;3,0;3,0;51,93;3,07;0,487;2,0;4,55;0,440
1028;28.06.2023;13:57:24;00:17:07;250,2;567,0;31,2;29,0;23,3;441,5;23,0;0,1;8,18E-2;-541,2;20,00;3,0;3,1;51,93;3,08;0,487;2,0;4,57;0,440
1029;28.06.2023;13:57:25;00:17:08;250,0;567,0;31,2;29,0;23,2;443,2;23,1;0,1;8,18E-2;-541,2;20,00;3,0;3,0;51,94;3,09;0,473;2,0;4,60;0,440
1030;28.06.2023;13:57:26;00:17:09;250,1;567,1;31,2;29,1;23,3;445,1;23,1;0,1;8,17E-2;-541,2;20,00;3,0;2,9;51,95;3,10;0,461;2,0;4,60;0,441
1031;28.06.2023;13:57:27;00:17:10;250,1;567,1;31,3;29,2;23,3;445,9;23,1;0,1;8,16E-2;-541,2;20,00;3,0;3,0;51,95;3,10;0,460;2,0;4,56;0,441
1032;28.06.2023;13:57:28;00:17:11;250,1;567,2;31,3;29,2;23,3;447,6;23,2;0,1;8,14E-2;-541,2;20,00;3,0;3,0;51,96;3,11;0,441;2,0;4,58;0,444
1033;28.06.2023;13:57:29;00:17:12;250,1;567,2;31,3;29,2;23,3;449,3;23,2;0,1;8,13E-2;-541,2;20,00;3,0;3,0;51,97;3,11;0,444;2,0;4,58;0,444
1034;28.06.2023;13:57:30;00:17:13;250,1;567,4;31,3;29,2;23,3;450,2;23,2;0,1;8,13E-2;-541,2;20,00;3,0;3,0;51,97;3,12;0,441;2,0;4,61;0,444
1035;28.06.2023;13:57:31;00:17:14;250,1;567,5;31,3;29,3;23,3;451,9;23,3;0,1;8,12E-2;-541,2;20,00;3,0;3,0;51,98;3,13;0,438;2,0;4,59;0,444
1036;28.06.2023;13:57:32;00:17:15;250,0;567,5;31,3;29,3;23,3;453,7;23,3;0,1;8,10E-2;-541,2;20,00;3,0;2,9;51,99;3,13;0,429;2,0;4,57;0,443
1037;28.06.2023;13:57:33;00:17:16;250,0;567,6;31,3;29,4;23,3;454,6;23,3;0,1;8,10E-2;-541,2;20,00;3,0;3,0;52,00;3,14;0,423;2,0;4,61;0,444
1038;28.06.2023;13:57:34;00:17:17;250,2;567,6;31,3;29,4;23,3;456,3;23,4;0,1;8,08E-2;-541,2;20,00;3,0;3,0;52,01;3,15;0,426;2,0;4,65;0,445
1039;28.06.2023;13:57:35;00:17:18;250,0;567,6;31,3;29,4;23,3;457,1;23,4;0,1;8,07E-2;-541,2;20,00;3,0;3,0;52,01;3,15;0,422;2,0;4,58;0,444
1040;28.06.2023;13:57:36;00:17:19;250,0;567,8;31,3;29,5;23,3;458,8;23,5;0,1;8,07E-2;-541,2;20,00;3,0;3,0;52,02;3,16;0,424;2,1;4,60;0,444
1041;28.06.2023;13:57:37;00:17:20;250,2;567,8;31,4;29,5;23,4;460,5;23,5;0,1;8,06E-2;-541,2;20,00;3,0;3,0;52,02;3,17;0,417;2,1;4,63;0,447
1042;28.06.2023;13:57:38;00:17:21;250,0;568,0;31,4;29,6;23,4;461,5;23,5;0,1;8,05E-2;-541,2;20,00;3,0;3,0;52,03;3,17;0,414;2,1;4,66;0,449
1043;28.06.2023;13:57:39;00:17:22;250,2;568,1;31,4;29,7;23,4;463,2;23,6;0,1;8,04E-2;-541,2;20,00;3,0;3,0;52,04;3,18;0,403;2,1;4,59;0,448
1044;28.06.2023;13:57:40;00:17:23;250,0;568,1;31,4;29,7;23,4;464,9;23,6;0,1;8,02E-2;-541,2;20,00;3,0;3,0;52,04;3,19;0,385;2,1;4,63;0,449
1045;28.06.2023;13:57:41;00:17:24;250,0;568,1;31,4;29,7;23,4;465,7;23,7;0,1;8,01E-2;-541,2;20,00;3,0;3,0;52,05;3,19;0,375;2,1;4,61;0,449
1046;28.06.2023;13:57:42;00:17:25;250,0;568,4;31,4;29,7;23,5;467,4;23,7;0,1;8,00E-2;-541,2;20,00;3,0;3,0;52,05;3,20;0,379;2,1;4,65;0,449
1047;28.06.2023;13:57:43;00:17:26;250,1;568,6;31,5;29,8;23,5;469,1;23,7;0,1;8,00E-2;-541,2;20,00;3,0;3,0;52,06;3,21;0,395;2,1;4,62;0,450
1048;28.06.2023;13:57:44;00:17:27;250,1;568,6;31,5;29,8;23,5;470,1;23,8;0,1;7,99E-2;-541,2;20,00;3,0;2,9;52,07;3,21;0,393;2,1;4,65;0,449
1049;28.06.2023;13:57:45;00:17:28;250,1;568,6;31,5;29,8;23,5;471,8;23,8;0,1;7,98E-2;-541,2;20,00;3,0;3,0;52,07;3,22;0,383;2,1;4,67;0,449
1050;28.06.2023;13:57:46;00:17:29;250,0;568,8;31,5;29,9;23,5;473,5;23,9;0,1;7,96E-2;-541,2;20,00;3,0;3,0;52,08;3,23;0,370;2,1;4,61;0,449
1051;28.06.2023;13:57:47;00:17:30;250,0;569,1;31,5;29,9;23,5;474,4;23,9;0,1;7,96E-2;-541,2;20,00;3,0;3,0;52,09;3,23;0,364;2,1;4,62;0,451
1052;28.06.2023;13:57:48;00:17:31;250,2;569,1;31,5;29,9;23,5;476,1;24,0;0,1;7,95E-2;-541,2;20,00;3,0;3,0;52,09;3,24;0,365;2,1;4,62;0,453
1053;28.06.2023;13:57:49;00:17:32;250,1;569,1;31,6;30,0;23,5;476,9;24,0;0,1;7,94E-2;-541,2;20,00;3,0;3,0;52,10;3,24;0,371;2,1;4,65;0,454
1054;28.06.2023;13:57:50;00:17:33;250,0;569,4;31,6;30,0;23,5;478,8;24,0;0,1;7,93E-2;-541,2;20,00;3,0;3,0;52,11;3,25;0,384;2,1;4,63;0,452
1055;28.06.2023;13:57:51;00:17:34;250,1;569,7;31,6;30,1;23,5;480,5;24,1;0,1;7,91E-2;-541,2;20,00;3,0;3,0;52,11;3,26;0,380;2,1;4,63;0,454
1056;28.06.2023;13:57:52;00:17:35;250,1;569,7;31,6;30,1;23,5;481,3;24,1;0,1;7,91E-2;-541,2;20,00;3,0;3,0;52,12;3,26;0,372;2,1;4,65;0,454
1057;28.06.2023;13:57:53;00:17:36;250,1;570,1;31,7;30,1;23,5;483,0;24,2;0,1;7,90E-2;-541,2;20,00;3,0;3,0;52,13;3,27;0,370;2,1;4,65;0,454
1058;28.06.2023;13:57:54;00:17:37;250,2;570,1;31,7;30,1;23,6;484,7;24,2;0,1;7,89E-2;-541,2;20,00;3,0;3,0;52,13;3,28;0,359;2,1;4,65;0,455
1059;28.06.2023;13:57:55;00:17:38;250,1;570,1;31,7;30,2;23,6;485,6;24,3;0,1;7,88E-2;-541,2;20,00;3,0;3,0;52,13;3,28;0,358;2,1;4,64;0,454
1060;28.06.2023;13:57:56;00:17:39;250,2;570,4;31,7;30,2;23,6;487,4;24,3;0,1;7,87E-2;-541,2;20,00;3,0;3,0;52,14;3,29;0,361;2,1;4,66;0,455
1061;28.06.2023;13:57:57;00:17:40;250,2;570,8;31,7;30,3;23,6;489,1;24,4;0,1;7,86E-2;-541,2;20,00;3,0;3,0;52,15;3,30;0,366;2,1;4,66;0,457
1062;28.06.2023;13:57:58;00:17:41;250,1;570,8;31,7;30,3;23,6;490,0;24,4;0,1;7,85E-2;-541,2;20,00;3,0;3,0;52,15;3,29;0,365;2,2;4,67;0,459
1063;28.06.2023;13:57:59;00:17:42;250,0;570,8;31,8;30,3;23,6;491,7;24,5;0,1;7,84E-2;-541,2;20,00;3,0;3,0;52,16;3,31;0,354;2,1;4,68;0,459
1064;28.06.2023;13:58:00;00:17:43;250,2;571,3;31,8;30,3;23,6;493,4;24,5;0,1;7,84E-2;-541,2;20,00;3,0;3,0;52,17;3,31;0,360;2,1;4,68;0,459
1065;28.06.2023;13:58:01;00:17:44;250,1;571,3;31,8;30,3;23,6;494,2;24,6;0,1;7,83E-2;-541,2;20,00;3,0;3,0;52,17;3,32;0,356;2,1;4,66;0,459
1066;28.06.2023;13:58:02;00:17:45;250,3;571,8;31,8;30,4;23,7;496,1;24,6;0,1;7,83E-2;-541,2;20,00;3,0;3,0;52,18;3,33;0,371;2,1;4,69;0,459
1067;28.06.2023;13:58:03;00:17:46;250,0;571,8;31,8;30,5;23,7;496,9;24,7;0,1;7,82E-2;-541,2;20,00;3,0;3,0;52,18;3,33;0,361;2,1;4,68;0,459
1068;28.06.2023;13:58:04;00:17:47;250,2;572,3;31,8;30,5;23,7;498,6;24,7;0,1;7,81E-2;-541,2;20,00;3,0;3,0;52,19;3,33;0,355;2,2;4,67;0,460
1069;28.06.2023;13:58:05;00:17:48;250,3;572,3;31,9;30,5;23,7;500,3;24,8;0,1;7,80E-2;-541,2;20,00;3,0;3,0;52,20;3,34;0,358;2,2;4,70;0,463
1070;28.06.2023;13:58:06;00:17:49;250,2;572,8;31,9;30,5;23,7;501,2;24,8;0,1;7,79E-2;-541,2;20,00;3,0;3,0;52,20;3,35;0,361;2,2;4,69;0,464
1071;28.06.2023;13:58:07;00:17:50;250,0;573,4;32,0;30,6;23,7;502,9;24,8;0,1;7,79E-2;-541,2;20,00;3,0;3,0;52,21;3,35;0,369;2,2;4,69;0,463
1072;28.06.2023;13:58:08;00:17:51;250,2;573,4;32,0;30,6;23,7;504,6;24,9;0,1;7,78E-2;-541,2;20,00;3,0;3,0;52,21;3,36;0,356;2,2;4,72;0,463
1073;28.06.2023;13:58:09;00:17:52;250,1;573,4;32,0;30,6;23,7;505,6;25,0;0,1;7,77E-2;-541,2;20,00;3,0;2,9;52,22;3,36;0,350;2,2;4,65;0,464
1074;28.06.2023;13:58:10;00:17:53;250,0;573,9;32,0;30,7;23,8;507,3;25,0;0,1;7,76E-2;-541,2;20,00;3,0;3,0;52,23;3,37;0,354;2,2;4,69;0,465
1075;28.06.2023;13:58:11;00:17:54;250,1;574,5;32,1;30,7;23,8;509,0;25,0;0,1;7,75E-2;-541,2;20,00;3,0;3,1;52,23;3,38;0,357;2,2;4,73;0,465
1076;28.06.2023;13:58:12;00:17:55;250,1;574,5;32,1;30,7;23,8;509,8;25,1;0,1;7,74E-2;-541,2;20,00;3,0;3,0;52,24;3,38;0,359;2,2;4,71;0,464
1077;28.06.2023;13:58:13;00:17:56;250,2;574,5;32,1;30,8;23,8;511,5;25,2;0,1;7,74E-2;-541,2;20,00;3,0;3,0;52,24;3,39;0,362;2,2;4,74;0,468
1078;28.06.2023;13:58:14;00:17:57;250,1;575,1;32,1;30,8;23,8;512,4;25,2;0,1;7,74E-2;-541,2;20,00;3,0;3,0;52,25;3,39;0,362;2,2;4,73;0,467
1079;28.06.2023;13:58:15;00:17:58;250,0;575,7;32,2;30,8;23,8;514,2;25,3;0,1;7,72E-2;-541,2;20,00;3,0;3,0;52,26;3,40;0,354;2,2;4,75;0,469
1080;28.06.2023;13:58:16;00:17:59;250,0;575,7;32,2;30,8;23,8;515,9;25,3;0,1;7,72E-2;-541,2;20,00;3,0;3,0;52,26;3,41;0,363;2,2;4,73;0,469
1081;28.06.2023;13:58:17;00:18:00;250,1;575,7;32,2;30,8;23,8;516,7;25,4;0,1;7,71E-2;-541,2;20,00;3,0;3,0;52,27;3,41;0,364;2,2;4,75;0,469
1082;28.06.2023;13:58:18;00:18:01;250,0;576,4;32,2;30,9;23,8;518,4;25,4;0,1;7,70E-2;-541,2;20,00;3,0;3,0;52,27;3,42;0,366;2,2;4,75;0,469
1083;28.06.2023;13:58:19;00:18:02;250,2;576,4;32,2;30,9;23,8;520,1;25,5;0,1;7,69E-2;-541,2;20,00;3,0;3,0;52,28;3,43;0,367;2,2;4,77;0,469
1084;28.06.2023;13:58:20;00:18:03;250,1;577,1;32,2;30,9;23,8;521,0;25,6;0,1;7,69E-2;-541,2;20,00;3,0;3,0;52,29;3,43;0,367;2,2;4,73;0,471
1085;28.06.2023;13:58:21;00:18:04;250,2;577,1;32,2;30,9;23,8;522,8;25,6;0,1;7,68E-2;-541,2;20,00;3,0;3,0;52,29;3,44;0,356;2,3;4,72;0,472
1086;28.06.2023;13:58:22;00:18:05;250,1;577,9;32,3;31,0;23,8;524,5;25,6;0,1;7,67E-2;-541,2;20,00;3,0;3,0;52,30;3,44;0,357;2,2;4,73;0,472
1087;28.06.2023;13:58:23;00:18:06;250,0;577,9;32,3;31,0;23,8;525,4;25,7;0,1;7,67E-2;-541,2;20,00;3,0;3,0;52,31;3,45;0,368;2,2;4,72;0,472
1088;28.06.2023;13:58:24;00:18:07;250,2;578,7;32,3;31,0;23,8;527,1;25,7;0,1;7,65E-2;-541,2;20,00;3,0;3,0;52,31;3,45;0,368;2,2;4,74;0,471
1089;28.06.2023;13:58:25;00:18:08;250,0;578,7;32,4;31,1;23,8;528,8;25,8;0,1;7,64E-2;-541,2;20,00;3,0;3,0;52,32;3,46;0,364;2,3;4,77;0,474
1090;28.06.2023;13:58:26;00:18:09;250,1;579,5;32,4;31,1;23,9;529,6;25,8;0,1;7,64E-2;-541,2;20,00;3,0;3,0;52,32;3,47;0,370;2,2;4,76;0,474
1091;28.06.2023;13:58:27;00:18:10;250,1;580,3;32,4;31,2;23,9;531,5;25,9;0,1;7,63E-2;-541,2;20,00;3,0;2,9;52,33;3,48;0,380;2,3;4,78;0,475
1092;28.06.2023;13:58:28;00:18:11;250,0;580,3;32,4;31,2;23,9;532,3;25,9;0,1;7,63E-2;-541,2;20,00;3,0;3,0;52,34;3,48;0,387;2,2;4,75;0,474
1093;28.06.2023;13:58:29;00:18:12;250,1;580,3;32,5;31,2;23,9;534,0;26,0;0,1;7,62E-2;-541,2;20,00;3,0;3,0;52,34;3,49;0,389;2,3;4,75;0,474
1094;28.06.2023;13:58:30;00:18:13;250,0;581,1;32,5;31,2;23,9;535,7;26,1;0,1;7,61E-2;-541,2;20,00;3,0;3,0;52,35;3,50;0,391;2,2;4,79;0,479
1095;28.06.2023;13:58:31;00:18:14;250,0;581,1;32,5;31,2;23,9;536,6;26,1;0,1;7,61E-2;-541,2;20,00;3,0;3,0;52,36;3,50;0,400;2,3;4,81;0,479
1096;28.06.2023;13:58:32;00:18:15;250,1;582,0;32,5;31,3;23,9;538,3;26,1;0,1;7,60E-2;-541,2;20,00;3,0;3,0;52,36;3,51;0,397;2,3;4,75;0,479
1097;28.06.2023;13:58:33;00:18:16;250,2;582,0;32,6;31,3;23,9;540,1;26,3;0,1;7,59E-2;-541,2;20,00;3,0;3,0;52,37;3,52;0,399;2,3;4,76;0,479
1098;28.06.2023;13:58:34;00:18:17;250,2;582,8;32,6;31,3;23,9;541,0;26,3;0,1;7,59E-2;-541,2;20,00;3,0;3,0;52,37;3,52;0,397;2,3;4,79;0,479
1099;28.06.2023;13:58:35;00:18:18;250,0;583,7;32,6;31,4;24,0;542,7;26,3;0,1;7,58E-2;-541,2;20,00;3,0;3,0;52,39;3,53;0,396;2,3;4,79;0,479
1100;28.06.2023;13:58:36;00:18:19;250,0;583,7;32,6;31,4;24,0;544,4;26,4;0,1;7,57E-2;-541,2;20,00;3,0;3,0;52,39;3,54;0,415;2,3;4,78;0,479
1101;28.06.2023;13:58:37;00:18:20;250,1;583,7;32,6;31,4;23,9;545,2;26,5;0,1;7,57E-2;-541,2;20,00;3,0;3,0;52,40;3,54;0,411;2,3;4,82;0,479
1102;28.06.2023;13:58:38;00:18:21;250,0;584,7;32,7;31,4;24,0;546,9;26,5;0,1;7,56E-2;-541,2;20,00;3,0;3,0;52,41;3,55;0,424;2,3;4,81;0,479
1103;28.06.2023;13:58:39;00:18:22;250,1;584,7;32,7;31,5;24,0;548,8;26,6;0,1;7,55E-2;-541,2;20,00;3,0;3,0;52,42;3,56;0,419;2,3;4,80;0,484
1104;28.06.2023;13:58:40;00:18:23;250,3;585,6;32,7;31,5;24,0;549,6;26,6;0,1;7,55E-2;-541,2;20,00;3,0;3,0;52,42;3,56;0,418;2,3;4,83;0,484
1105;28.06.2023;13:58:41;00:18:24;250,2;585,6;32,8;31,5;24,0;551,3;26,7;0,1;7,54E-2;-541,2;20,00;3,0;3,0;52,43;3,57;0,424;2,3;4,79;0,484
1106;28.06.2023;13:58:42;00:18:25;250,0;586,7;32,8;31,5;24,0;552,2;26,7;0,1;7,54E-2;-541,2;20,00;3,0;3,0;52,43;3,58;0,414;2,3;4,81;0,484
1107;28.06.2023;13:58:43;00:18:26;250,2;587,7;32,8;31,6;24,0;553,9;26,8;0,1;7,53E-2;-541,2;20,00;3,0;3,0;52,44;3,58;0,418;2,3;4,83;0,485
1108;28.06.2023;13:58:44;00:18:27;250,0;587,7;32,8;31,6;24,0;555,6;26,8;0,1;7,52E-2;-541,2;20,00;3,0;3,0;52,45;3,59;0,418;2,3;4,82;0,485
1109;28.06.2023;13:58:45;00:18:28;250,0;587,7;32,8;31,6;24,0;556,4;26,9;0,1;7,52E-2;-541,2;20,00;3,0;3,0;52,45;3,60;0,420;2,3;4,82;0,486
1110;28.06.2023;13:58:46;00:18:29;250,2;588,7;32,9;31,6;24,0;558,3;26,9;0,1;7,51E-2;-541,2;20,00;3,0;3,0;52,46;3,61;0,430;2,4;4,80;0,487
1111;28.06.2023;13:58:47;00:18:30;250,2;588,7;32,9;31,7;24,0;560,0;27,1;0,1;7,50E-2;-541,2;20,00;3,0;3,0;52,47;3,62;0,438;2,4;4,83;0,488
1112;28.06.2023;13:58:48;00:18:31;250,1;589,8;32,9;31,7;24,0;560,8;27,1;0,1;7,50E-2;-541,2;20,00;3,0;3,0;52,48;3,62;0,450;2,4;4,86;0,488
1113;28.06.2023;13:58:49;00:18:32;250,2;589,8;32,9;31,7;24,0;562,5;27,2;0,1;7,49E-2;-541,2;20,00;3,0;3,0;52,48;3,63;0,450;2,4;4,82;0,488
1114;28.06.2023;13:58:50;00:18:33;250,0;590,9;33,0;31,8;24,1;564,2;27,2;0,1;7,48E-2;-541,2;20,00;3,0;3,0;52,49;3,64;0,443;2,4;4,84;0,488
1115;28.06.2023;13:58:51;00:18:34;250,2;590,9;33,0;31,8;24,1;565,1;27,3;0,1;7,48E-2;-541,2;20,00;3,0;3,0;52,50;3,64;0,436;2,4;4,84;0,488
1116;28.06.2023;13:58:52;00:18:35;250,1;592,0;33,0;31,8;24,1;566,9;27,3;0,1;7,47E-2;-541,2;20,00;3,0;3,0;52,51;3,66;0,444;2,4;4,85;0,490
1117;28.06.2023;13:58:53;00:18:36;250,0;592,0;33,1;31,8;24,1;567,7;27,4;0,1;7,46E-2;-541,2;20,00;3,0;3,0;52,51;3,66;0,461;2,4;4,86;0,493
1118;28.06.2023;13:58:54;00:18:37;250,1;593,0;33,1;31,9;24,1;569,4;27,4;0,1;7,45E-2;-541,2;20,00;3,0;3,0;52,53;3,67;0,472;2,4;4,84;0,491
1119;28.06.2023;13:58:55;00:18:38;250,2;594,2;33,2;31,9;24,1;571,1;27,4;0,1;7,45E-2;-541,2;20,00;3,0;3,0;52,54;3,68;0,483;2,4;4,87;0,493
1120;28.06.2023;13:58:56;00:18:39;250,1;594,2;33,2;31,9;24,1;572,0;27,5;0,1;7,44E-2;-541,2;20,00;3,0;3,1;52,54;3,68;0,484;2,4;4,86;0,493
1121;28.06.2023;13:58:57;00:18:40;250,1;594,1;33,2;31,9;24,1;573,7;27,6;0,1;7,44E-2;-541,2;20,00;3,0;3,0;52,55;3,69;0,480;2,4;4,89;0,493
1122;28.06.2023;13:58:58;00:18:41;250,0;595,4;33,2;32,0;24,1;575,5;27,7;0,1;7,43E-2;-541,2;20,00;3,0;3,0;52,56;3,70;0,482;2,4;4,84;0,494
1123;28.06.2023;13:58:59;00:18:42;250,0;595,4;33,3;32,0;24,1;576,4;27,7;0,1;7,43E-2;-541,2;20,00;3,0;3,0;52,57;3,71;0,489;2,4;4,85;0,496
1124;28.06.2023;13:59:00;00:18:43;250,0;596,6;33,3;32,0;24,1;578,1;27,8;0,1;7,42E-2;-541,2;20,00;3,0;3,1;52,58;3,72;0,495;2,4;4,89;0,498
1125;28.06.2023;13:59:01;00:18:44;250,1;596,6;33,3;32,1;24,1;579,8;27,9;0,1;7,41E-2;-541,2;20,00;3,0;3,0;52,58;3,73;0,505;2,4;4,89;0,498
1126;28.06.2023;13:59:02;00:18:45;250,0;597,9;33,3;32,1;24,1;580,6;27,8;0,1;7,40E-2;-541,2;20,00;3,0;3,0;52,59;3,73;0,505;2,4;4,89;0,498
1127;28.06.2023;13:59:03;00:18:46;250,1;597,9;33,4;32,2;24,1;582,3;28,0;0,1;7,40E-2;-541,2;20,00;3,0;3,0;52,60;3,75;0,507;2,4;4,90;0,499
1128;28.06.2023;13:59:04;00:18:47;250,2;599,2;33,4;32,2;24,2;584,2;28,0;0,1;7,39E-2;-541,2;20,00;3,0;3,0;52,61;3,76;0,521;2,5;4,89;0,501
1129;28.06.2023;13:59:05;00:18:48;250,0;599,2;33,4;32,2;24,2;585,0;28,1;0,1;7,39E-2;-541,2;20,00;3,0;3,0;52,62;3,76;0,525;2,4;4,88;0,500
1130;28.06.2023;13:59:06;00:18:49;250,1;600,4;33,5;32,2;24,2;586,7;28,1;0,1;7,38E-2;-541,2;20,00;3,0;3,0;52,63;3,78;0,533;2,5;4,91;0,503
1131;28.06.2023;13:59:07;00:18:50;250,1;600,4;33,5;32,2;24,2;587,6;28,2;0,1;7,38E-2;-541,2;20,00;3,0;3,0;52,64;3,78;0,538;2,5;4,91;0,503
1132;28.06.2023;13:59:08;00:18:51;250,0;601,6;33,5;32,3;24,2;589,3;28,2;0,1;7,37E-2;-541,2;20,00;3,0;3,0;52,65;3,79;0,539;2,5;4,89;0,505
1133;28.06.2023;13:59:09;00:18:52;250,0;601,6;33,6;32,3;24,2;591,0;28,3;0,1;7,36E-2;-541,2;20,00;3,0;3,0;52,66;3,80;0,547;2,5;4,93;0,504
1134;28.06.2023;13:59:10;00:18:53;250,2;602,9;33,6;32,4;24,2;592,0;28,3;0,1;7,35E-2;-541,2;20,00;3,0;2,9;52,66;3,81;0,546;2,5;4,91;0,507
1135;28.06.2023;13:59:11;00:18:54;250,2;604,2;33,6;32,4;24,2;593,7;28,4;0,1;7,35E-2;-541,2;20,00;3,0;3,0;52,67;3,82;0,551;2,5;4,90;0,504
1136;28.06.2023;13:59:12;00:18:55;250,0;604,2;33,6;32,4;24,2;595,4;28,5;0,1;7,35E-2;-541,2;20,00;3,0;3,0;52,69;3,83;0,561;2,5;4,90;0,505
1137;28.06.2023;13:59:13;00:18:56;250,0;604,2;33,7;32,4;24,2;596,2;28,6;0,1;7,34E-2;-541,2;20,00;3,0;3,0;52,69;3,84;0,551;2,5;4,91;0,507
1138;28.06.2023;13:59:14;00:18:57;250,0;605,5;33,7;32,5;24,3;597,9;28,6;0,1;7,34E-2;-541,2;20,00;3,0;3,0;52,70;3,85;0,557;2,5;4,93;0,508
1139;28.06.2023;13:59:15;00:18:58;250,0;606,9;33,8;32,5;24,2;599,6;28,6;0,1;7,34E-2;-541,2;20,00;3,0;3,0;52,71;3,86;0,563;2,5;4,97;0,508
1140;28.06.2023;13:59:16;00:18:59;250,2;606,9;33,8;32,5;24,2;600,6;28,7;0,1;7,33E-2;-541,2;20,00;3,0;3,0;52,72;3,87;0,574;2,5;4,95;0,508
1141;28.06.2023;13:59:17;00:19:00;250,2;606,8;33,7;32,4;24,1;602,3;28,8;0,1;7,33E-2;-541,2;20,00;3,0;3,0;52,73;3,88;0,583;2,5;4,92;0,509
1142;28.06.2023;13:59:18;00:19:01;250,0;608,3;33,7;32,5;24,1;604,0;28,9;0,1;7,32E-2;-541,2;20,00;3,0;3,0;52,75;3,89;0,577;2,5;4,91;0,512
1143;28.06.2023;13:59:19;00:19:02;250,1;608,3;33,8;32,5;24,1;604,9;28,9;0,1;7,32E-2;-541,2;20,00;3,0;3,0;52,75;3,90;0,595;2,5;4,97;0,510
1144;28.06.2023;13:59:20;00:19:03;250,2;609,8;33,8;32,6;24,2;606,6;29,0;0,1;7,31E-2;-541,2;20,00;3,0;2,9;52,76;3,91;0,603;2,5;4,97;0,514
1145;28.06.2023;13:59:21;00:19:04;250,0;609,8;33,8;32,6;24,2;607,4;29,0;0,1;7,31E-2;-541,2;20,00;3,0;3,0;52,77;3,92;0,613;2,6;4,99;0,513
1146;28.06.2023;13:59:22;00:19:05;250,2;611,3;33,9;32,6;24,2;609,2;29,1;0,1;7,30E-2;-541,2;20,00;3,0;3,0;52,79;3,93;0,625;2,5;4,96;0,513
1147;28.06.2023;13:59:23;00:19:06;250,2;611,3;33,9;32,7;24,2;610,9;29,2;0,1;7,30E-2;-541,2;20,00;3,0;3,0;52,79;3,94;0,614;2,6;4,99;0,516
1148;28.06.2023;13:59:24;00:19:07;250,2;612,8;33,9;32,7;24,2;611,8;29,3;0,1;7,30E-2;-541,2;20,00;3,0;3,1;52,80;3,95;0,618;2,6;4,93;0,518
1149;28.06.2023;13:59:25;00:19:08;250,2;612,8;33,9;32,7;24,3;613,5;29,3;0,1;7,30E-2;-541,2;20,00;3,0;3,0;52,81;3,96;0,629;2,6;4,97;0,518
1150;28.06.2023;13:59:26;00:19:09;250,1;614,3;34,0;32,8;24,3;615,2;29,3;0,1;7,29E-2;-541,2;20,00;3,0;3,0;52,83;3,97;0,631;2,6;5,00;0,517
1151;28.06.2023;13:59:27;00:19:10;250,2;614,3;34,1;32,8;24,3;616,0;29,4;0,1;7,29E-2;-541,2;20,00;3,0;3,0;52,84;3,98;0,628;2,6;4,97;0,518
1152;28.06.2023;13:59:28;00:19:11;250,0;615,8;34,1;32,8;24,3;617,9;29,4;0,1;7,28E-2;-541,2;20,00;3,0;3,0;52,85;4,00;0,645;2,6;4,98;0,518
1153;28.06.2023;13:59:29;00:19:12;250,0;615,8;34,1;32,9;24,3;619,6;29,6;0,1;7,27E-2;-541,2;20,00;3,0;3,0;52,87;4,01;0,664;2,6;4,99;0,521
1154;28.06.2023;13:59:30;00:19:13;250,2;617,3;34,1;32,9;24,3;620,4;29,5;0,1;7,27E-2;-541,2;20,00;3,0;3,0;52,87;4,02;0,659;2,6;4,96;0,522
1155;28.06.2023;13:59:31;00:19:14;250,2;617,3;34,2;32,9;24,3;622,1;29,7;0,1;7,26E-2;-541,2;20,00;3,0;3,0;52,89;4,03;0,650;2,6;5,02;0,522
1156;28.06.2023;13:59:32;00:19:15;250,1;617,3;34,2;32,9;24,3;623,0;29,8;0,1;7,26E-2;-541,2;20,00;3,0;2,9;52,89;4,04;0,651;2,6;5,00;0,522
1157;28.06.2023;13:59:33;00:19:16;250,2;618,8;34,2;32,9;24,3;624,7;29,8;0,1;7,25E-2;-541,2;20,00;3,0;3,0;52,90;4,05;0,659;2,6;5,01;0,523
1158;28.06.2023;13:59:34;00:19:17;250,1;620,4;34,3;33,0;24,4;626,5;29,8;0,1;7,25E-2;-541,2;20,00;3,0;3,1;52,92;4,06;0,671;2,6;4,98;0,523
1159;28.06.2023;13:59:35;00:19:18;250,0;620,4;34,3;33,0;24,4;627,4;29,9;0,1;7,25E-2;-541,2;20,00;3,0;3,0;52,92;4,07;0,677;2,6;5,01;0,523
1160;28.06.2023;13:59:36;00:19:19;250,0;622,0;34,3;33,1;24,4;629,1;29,9;0,1;7,24E-2;-541,2;20,00;3,0;3,0;52,94;4,08;0,680;2,6;5,00;0,526
1161;28.06.2023;13:59:37;00:19:20;250,1;622,0;34,4;33,1;24,4;630,8;30,1;0,1;7,23E-2;-541,2;20,00;3,0;3,0;52,95;4,10;0,682;2,6;4,99;0,526
1162;28.06.2023;13:59:38;00:19:21;250,2;622,0;34,4;33,2;24,4;631,6;30,1;0,1;7,23E-2;-541,2;20,00;3,0;3,0;52,96;4,10;0,684;2,6;5,01;0,527
1163;28.06.2023;13:59:39;00:19:22;250,1;623,7;34,4;33,2;24,4;633,3;30,1;0,1;7,22E-2;-541,2;20,00;3,0;3,0;52,97;4,12;0,691;2,6;4,99;0,527
1164;28.06.2023;13:59:40;00:19:23;250,3;625,4;34,5;33,2;24,4;635,2;30,2;0,1;7,21E-2;-541,2;20,00;3,0;3,1;52,99;4,14;0,689;2,6;5,00;0,527
1165;28.06.2023;13:59:41;00:19:24;250,0;625,4;34,5;33,2;24,4;636,0;30,2;0,1;7,21E-2;-541,2;20,00;3,0;3,1;53,00;4,14;0,693;2,7;5,04;0,527
1166;28.06.2023;13:59:42;00:19:25;250,0;627,1;34,6;33,3;24,4;637,7;30,3;0,1;7,20E-2;-541,2;20,00;3,0;3,0;53,01;4,16;0,689;2,7;5,01;0,529
1167;28.06.2023;13:59:43;00:19:26;250,1;627,1;34,6;33,3;24,4;639,4;30,4;0,1;7,20E-2;-541,2;20,00;3,0;3,0;53,03;4,17;0,696;2,7;5,04;0,532
1168;28.06.2023;13:59:44;00:19:27;250,1;628,8;34,6;33,4;24,4;640,3;30,4;0,1;7,20E-2;-541,2;20,00;3,0;3,0;53,03;4,18;0,701;2,7;5,04;0,531
1169;28.06.2023;13:59:45;00:19:28;250,0;628,8;34,6;33,4;24,4;642,0;30,5;0,1;7,19E-2;-541,2;20,00;3,0;3,0;53,05;4,19;0,695;2,7;5,04;0,532
1170;28.06.2023;13:59:46;00:19:29;250,2;630,4;34,7;33,4;24,5;642,8;30,5;0,1;7,19E-2;-541,2;20,00;3,0;3,0;53,05;4,20;0,700;2,7;5,07;0,532
1171;28.06.2023;13:59:47;00:19:30;250,0;630,4;34,8;33,5;24,5;644,7;30,6;0,1;7,19E-2;-541,2;20,00;3,0;3,0;53,07;4,21;0,693;2,7;5,05;0,532
1172;28.06.2023;13:59:48;00:19:31;250,0;632,1;34,8;33,5;24,5;646,4;30,6;0,1;7,18E-2;-541,2;20,00;3,0;3,0;53,08;4,23;0,684;2,7;5,04;0,534
1173;28.06.2023;13:59:49;00:19:32;250,1;632,1;34,8;33,5;24,5;647,2;30,7;0,1;7,17E-2;-541,2;20,00;3,0;3,1;53,09;4,23;0,686;2,7;5,04;0,533
1174;28.06.2023;13:59:50;00:19:33;250,1;633,7;34,9;33,6;24,5;648,9;30,7;0,1;7,17E-2;-541,2;20,00;3,0;3,0;53,10;4,25;0,690;2,7;5,04;0,537
1175;28.06.2023;13:59:51;00:19:34;250,0;633,7;35,0;33,6;24,5;650,6;30,9;0,1;7,16E-2;-541,2;20,00;3,0;2,9;53,12;4,26;0,688;2,7;5,06;0,537
1176;28.06.2023;13:59:52;00:19:35;250,1;635,4;35,0;33,6;24,5;651,5;31,0;0,1;7,16E-2;-541,2;20,00;3,0;3,0;53,13;4,27;0,693;2,7;5,04;0,537
1177;28.06.2023;13:59:53;00:19:36;250,1;635,4;35,0;33,6;24,6;653,3;31,0;0,1;7,15E-2;-541,2;20,00;3,0;3,0;53,14;4,28;0,693;2,7;5,07;0,540
1178;28.06.2023;13:59:54;00:19:37;250,2;637,1;35,0;33,7;24,6;655,0;31,0;0,1;7,15E-2;-541,2;20,00;3,0;3,0;53,15;4,29;0,691;2,7;5,08;0,542
1179;28.06.2023;13:59:55;00:19:38;250,1;637,1;35,1;33,8;24,6;655,9;31,1;0,1;7,15E-2;-541,2;20,00;3,0;3,0;53,16;4,30;0,690;2,8;5,11;0,542
1180;28.06.2023;13:59:56;00:19:39;250,0;638,8;35,1;33,8;24,6;657,6;31,1;0,1;7,14E-2;-541,2;20,00;3,0;3,0;53,17;4,32;0,687;2,8;5,07;0,542
1181;28.06.2023;13:59:57;00:19:40;250,0;638,8;35,2;33,8;24,6;659,3;31,3;0,1;7,14E-2;-541,2;20,00;3,0;3,0;53,18;4,33;0,670;2,8;5,10;0,542
1182;28.06.2023;13:59:58;00:19:41;250,0;640,6;35,2;33,8;24,6;660,1;31,2;0,1;7,13E-2;-541,2;20,00;3,0;3,0;53,19;4,34;0,673;2,8;5,14;0,542
1183;28.06.2023;13:59:59;00:19:42;250,2;640,6;35,2;33,8;24,6;661,9;31,4;0,1;7,12E-2;-541,2;20,00;3,0;3,0;53,21;4,35;0,664;2,8;5,11;0,546
1184;28.06.2023;14:00:00;00:19:43;250,1;642,5;35,2;33,9;24,6;662,8;31,5;0,1;7,12E-2;-541,2;20,00;3,0;3,0;53,21;4,36;0,667;2,8;5,09;0,547
1185;28.06.2023;14:00:01;00:19:44;250,2;642,5;35,2;33,9;24,6;664,5;31,5;0,1;7,11E-2;-541,2;20,00;3,0;3,1;53,23;4,37;0,668;2,8;5,11;0,547
1186;28.06.2023;14:00:02;00:19:45;250,1;644,3;35,3;34,0;24,6;666,2;31,5;0,1;7,11E-2;-541,2;20,00;3,0;3,0;53,24;4,38;0,658;2,8;5,14;0,547
1187;28.06.2023;14:00:03;00:19:46;250,1;644,3;35,4;34,0;24,7;667,0;31,6;0,1;7,10E-2;-541,2;20,00;3,0;3,0;53,24;4,39;0,657;2,8;5,10;0,546
1188;28.06.2023;14:00:04;00:19:47;250,1;646,2;35,4;34,1;24,7;668,7;31,6;0,1;7,10E-2;-541,2;20,00;3,0;3,0;53,26;4,40;0,657;2,8;5,12;0,549
1189;28.06.2023;14:00:05;00:19:48;250,3;646,2;35,5;34,1;24,7;670,6;31,8;0,1;7,10E-2;-541,2;20,00;3,0;3,0;53,27;4,41;0,654;2,8;5,12;0,549
1190;28.06.2023;14:00:06;00:19:49;250,2;648,0;35,5;34,1;24,7;671,4;31,7;0,1;7,10E-2;-541,2;20,00;3,0;2,9;53,28;4,42;0,645;2,8;5,13;0,547
1191;28.06.2023;14:00:07;00:19:50;250,3;648,0;35,5;34,2;24,7;673,1;31,9;0,1;7,09E-2;-541,2;20,00;3,0;3,0;53,29;4,43;0,649;2,8;5,13;0,551
1192;28.06.2023;14:00:08;00:19:51;250,2;649,8;35,5;34,2;24,7;674,8;31,9;0,1;7,09E-2;-541,2;20,00;3,0;3,0;53,30;4,45;0,631;2,8;5,13;0,552
1193;28.06.2023;14:00:09;00:19:52;250,2;649,8;35,5;34,2;24,7;675,7;32,0;0,1;7,08E-2;-541,2;20,00;3,0;2,9;53,31;4,45;0,620;2,8;5,16;0,552
1194;28.06.2023;14:00:10;00:19:53;250,2;651,6;35,6;34,3;24,7;677,5;32,0;0,1;7,08E-2;-541,2;20,00;3,0;2,9;53,32;4,46;0,609;2,8;5,14;0,552
1195;28.06.2023;14:00:11;00:19:54;250,1;651,6;35,7;34,3;24,7;678,4;32,1;0,1;7,07E-2;-541,2;20,00;3,0;3,0;53,33;4,47;0,593;2,8;5,16;0,552
1196;28.06.2023;14:00:12;00:19:55;250,2;653,4;35,7;34,3;24,7;680,1;32,1;0,1;7,07E-2;-541,2;20,00;3,0;3,0;53,34;4,48;0,590;2,9;5,16;0,554
1197;28.06.2023;14:00:13;00:19:56;250,3;653,4;35,7;34,3;24,7;681,8;32,3;0,1;7,06E-2;-541,2;20,00;3,0;3,0;53,35;4,49;0,579;2,9;5,16;0,557
1198;28.06.2023;14:00:14;00:19:57;250,1;655,3;35,7;34,4;24,7;682,6;32,2;0,1;7,06E-2;-541,2;20,00;3,0;3,0;53,35;4,50;0,577;2,9;5,14;0,557
1199;28.06.2023;14:00:15;00:19:58;250,2;655,3;35,8;34,5;24,7;684,3;32,4;0,1;7,06E-2;-541,2;20,00;3,0;3,0;53,36;4,51;0,561;2,9;5,18;0,557
1200;28.06.2023;14:00:16;00:19:59;250,1;657,1;35,8;34,5;24,7;686,2;32,4;0,1;7,05E-2;-541,2;20,00;3,0;3,0;53,37;4,52;0,559;2,9;5,17;0,559
1201;28.06.2023;14:00:17;00:20:00;250,2;657,1;35,8;34,5;24,7;687,0;32,5;0,1;7,05E-2;-541,2;20,00;3,0;3,0;53,38;4,53;0,560;2,9;5,15;0,558
1202;28.06.2023;14:00:18;00:20:01;250,1;657,1;35,9;34,5;24,7;688,7;32,7;0,1;7,05E-2;-541,2;20,00;3,0;3,0;53,39;4,54;0,534;2,9;5,15;0,559
1203;28.06.2023;14:00:19;00:20:02;250,0;659,2;35,9;34,6;24,7;690,4;32,7;0,1;7,04E-2;-541,2;20,00;3,0;3,0;53,40;4,54;0,517;2,9;5,19;0,560
1204;28.06.2023;14:00:20;00:20:03;250,0;661,2;36,0;34,6;24,7;691,3;32,8;0,1;7,04E-2;-541,2;20,00;3,0;3,0;53,40;4,55;0,493;2,9;5,15;0,562
1205;28.06.2023;14:00:21;00:20:04;250,2;661,2;36,0;34,6;24,8;693,0;32,8;0,1;7,03E-2;-541,2;20,00;3,0;3,0;53,41;4,55;0,471;2,9;5,17;0,562
1206;28.06.2023;14:00:22;00:20:05;250,0;663,3;36,1;34,7;24,8;694,8;32,9;0,1;7,03E-2;-541,2;20,00;3,0;3,0;53,42;4,56;0,450;2,9;5,16;0,564
1207;28.06.2023;14:00:23;00:20:06;250,0;663,3;36,1;34,7;24,8;695,7;32,9;0,1;7,03E-2;-541,2;20,00;3,0;3,0;53,42;4,57;0,440;2,9;5,18;0,562
1208;28.06.2023;14:00:24;00:20:07;250,0;665,4;36,2;34,8;24,8;697,4;32,9;0,1;7,02E-2;-541,2;20,00;3,0;3,0;53,43;4,57;0,424;2,9;5,17;0,567
1209;28.06.2023;14:00:25;00:20:08;250,0;665,4;36,2;34,8;24,8;698,2;32,9;0,1;7,02E-2;-541,2;20,00;3,0;3,0;53,44;4,58;0,412;2,9;5,17;0,564
1210;28.06.2023;14:00:26;00:20:09;250,0;667,2;36,2;34,9;24,8;699,9;33,0;0,1;7,01E-2;-541,2;20,00;3,0;3,1;53,44;4,58;0,388;2,9;5,16;0,567
1211;28.06.2023;14:00:27;00:20:10;250,0;667,2;36,3;34,9;24,9;701,6;33,1;0,1;7,01E-2;-541,2;20,00;3,0;3,0;53,44;4,59;0,368;2,9;5,22;0,567
1212;28.06.2023;14:00:28;00:20:11;250,0;667,2;36,3;35,0;24,9;702,5;33,2;0,1;7,01E-2;-541,2;20,00;3,0;3,0;53,45;4,59;0,361;3,0;5,20;0,567
1213;28.06.2023;14:00:29;00:20:12;250,2;669,1;36,3;35,0;24,9;704,3;33,2;0,1;7,00E-2;-541,2;20,00;3,0;3,0;53,46;4,60;0,337;3,0;5,21;0,568
1214;28.06.2023;14:00:30;00:20:13;250,0;671,1;36,4;35,0;24,9;706,0;33,3;0,1;7,00E-2;-541,2;20,00;3,0;3,0;53,46;4,61;0,314;3,0;5,20;0,568
1215;28.06.2023;14:00:31;00:20:14;250,2;671,1;36,5;35,0;24,9;706,9;33,4;0,1;7,00E-2;-541,2;20,00;3,0;2,9;53,46;4,61;0,304;3,0;5,21;0,571
1216;28.06.2023;14:00:32;00:20:15;250,1;673,0;36,5;35,1;24,9;708,6;33,4;0,1;7,00E-2;-541,2;20,00;3,0;3,0;53,47;4,61;0,284;3,0;5,20;0,571
1217;28.06.2023;14:00:33;00:20:16;250,0;673,0;36,6;35,1;24,9;710,3;33,5;0,1;6,99E-2;-541,2;20,00;3,0;3,1;53,47;4,62;0,271;3,0;5,21;0,571
1218;28.06.2023;14:00:34;00:20:17;250,0;674,9;36,6;35,2;24,9;711,1;33,5;0,1;6,99E-2;-541,2;20,00;3,0;3,0;53,47;4,62;0,258;3,0;5,18;0,571
1219;28.06.2023;14:00:35;00:20:18;250,1;674,9;36,6;35,3;24,9;712,8;33,7;0,1;6,99E-2;-541,2;20,00;3,0;3,1;53,48;4,62;0,243;3,0;5,23;0,573
1220;28.06.2023;14:00:36;00:20:19;250,0;676,8;36,6;35,3;25,0;714,7;33,7;0,1;6,98E-2;-541,2;20,00;3,0;3,1;53,48;4,63;0,227;3,0;5,21;0,575
1221;28.06.2023;14:00:37;00:20:20;250,1;676,9;36,6;35,3;25,0;715,5;33,8;0,1;6,98E-2;-541,2;20,00;3,0;3,0;53,48;4,63;0,217;3,0;5,26;0,576
1222;28.06.2023;14:00:38;00:20:21;250,1;676,9;36,8;35,4;25,0;717,2;34,0;0,1;6,98E-2;-541,2;20,00;3,0;3,0;53,49;4,63;0,204;3,0;5,22;0,576
1223;28.06.2023;14:00:39;00:20:22;250,1;678,9;36,8;35,4;25,0;718,1;33,9;0,1;6,97E-2;-541,2;20,00;3,0;2,9;53,49;4,63;0,190;3,0;5,28;0,578
1224;28.06.2023;14:00:40;00:20:23;250,0;681,0;36,8;35,5;25,0;719,8;34,0;0,1;6,97E-2;-541,2;20,00;3,0;3,0;53,49;4,63;0,180;3,0;5,26;0,576
1225;28.06.2023;14:00:41;00:20:24;250,1;681,0;36,8;35,5;25,0;721,5;34,1;0,1;6,96E-2;-541,2;20,00;3,0;3,0;53,49;4,64;0,164;3,0;5,26;0,576
1226;28.06.2023;14:00:42;00:20:25;250,1;683,1;36,9;35,6;25,0;722,4;34,0;0,1;6,96E-2;-541,2;20,00;3,0;3,0;53,49;4,64;0,151;3,0;5,26;0,578
1227;28.06.2023;14:00:43;00:20:26;250,1;683,1;37,0;35,6;25,0;724,1;34,2;0,1;6,96E-2;-541,2;20,00;3,0;3,0;53,50;4,64;0,144;3,0;5,26;0,578
1228;28.06.2023;14:00:44;00:20:27;250,1;685,2;37,0;35,6;25,0;725,0;34,1;0,1;6,96E-2;-541,2;20,00;3,0;3,0;53,50;4,65;0,129;3,0;5,27;0,581
1229;28.06.2023;14:00:45;00:20:28;250,0;685,2;37,0;35,6;25,0;725,0;34,1;0,1;6,95E-2;-541,2;20,00;3,0;3,0;53,50;4,64;0,134;3,1;5,27;0,581
1230;28.06.2023;14:00:46;00:20:29;250,0;687,2;37,1;35,7;25,1;725,0;34,0;0,1;6,95E-2;-541,2;20,00;3,0;3,0;53,50;4,65;0,129;3,0;5,27;0,581
1231;28.06.2023;14:00:47;00:20:30;250,0;687,2;37,2;35,8;25,1;725,0;34,0;0,1;6,95E-2;-541,2;20,00;3,1;3,0;53,51;4,65;0,147;3,0;5,23;0,578
1232;28.06.2023;14:00:48;00:20:31;250,2;689,2;37,2;35,8;25,1;725,0;34,0;0,1;6,95E-2;-541,2;20,00;3,1;3,1;53,51;4,65;0,165;3,0;5,23;0,581
1233;28.06.2023;14:00:49;00:20:32;250,2;689,2;37,2;35,8;25,1;725,0;33,9;0,1;6,95E-2;-541,2;20,00;3,1;3,1;53,51;4,66;0,178;3,0;5,25;0,579
1234;28.06.2023;14:00:50;00:20:33;250,1;691,2;37,3;35,9;25,1;725,0;33,8;0,1;6,94E-2;-541,2;20,00;3,1;3,1;53,52;4,66;0,185;3,0;5,21;0,581
1235;28.06.2023;14:00:51;00:20:34;250,2;691,2;37,3;36,0;25,1;725,0;33,8;0,1;6,94E-2;-541,2;20,00;3,1;3,2;53,52;4,67;0,194;3,0;5,22;0,578
1236;28.06.2023;14:00:52;00:20:35;250,0;693,2;37,3;36,0;25,1;725,0;33,6;0,1;6,94E-2;-541,2;20,00;3,1;3,2;53,53;4,67;0,203;3,0;5,25;0,579
1237;28.06.2023;14:00:53;00:20:36;250,2;693,2;37,3;36,0;25,1;725,0;33,6;0,1;6,94E-2;-541,2;20,00;3,1;3,2;53,53;4,67;0,207;3,0;5,21;0,576
1238;28.06.2023;14:00:54;00:20:37;250,0;695,1;37,4;36,1;25,1;725,0;33,5;0,1;6,94E-2;-541,2;20,00;3,2;3,2;53,53;4,68;0,213;3,0;5,21;0,576
1239;28.06.2023;14:00:55;00:20:38;250,4;697,1;37,5;36,1;25,1;725,0;33,4;0,1;6,93E-2;-541,2;20,00;3,2;3,2;53,54;4,69;0,235;3,0;5,22;0,576
1240;28.06.2023;14:00:56;00:20:39;250,2;697,1;37,5;36,1;25,1;725,0;33,4;0,1;6,93E-2;-541,2;20,00;3,2;3,2;53,54;4,69;0,242;3,0;5,20;0,573
1241;28.06.2023;14:00:57;00:20:40;250,1;697,1;37,5;36,2;25,2;725,0;33,4;0,1;6,92E-2;-541,2;20,00;3,2;3,2;53,55;4,69;0,254;3,0;5,22;0,574
1242;28.06.2023;14:00:58;00:20:41;250,1;699,1;37,6;36,2;25,2;725,0;33,2;0,1;6,92E-2;-541,2;20,00;3,2;3,3;53,55;4,70;0,262;3,0;5,17;0,573
1243;28.06.2023;14:00:59;00:20:42;250,0;699,1;37,7;36,2;25,2;725,0;33,2;0,1;6,91E-2;-541,2;20,00;3,2;3,3;53,56;4,70;0,262;3,0;5,20;0,571
1244;28.06.2023;14:01:00;00:20:43;250,0;701,0;37,7;36,3;25,2;725,0;33,1;0,1;6,91E-2;-541,2;20,00;3,2;3,3;53,56;4,70;0,260;3,0;5,19;0,572
1245;28.06.2023;14:01:01;00:20:44;250,2;701,0;37,7;36,4;25,2;725,0;33,1;0,1;6,91E-2;-541,2;20,00;3,3;3,3;53,57;4,71;0,263;3,0;5,19;0,573
1246;28.06.2023;14:01:02;00:20:45;250,0;702,8;37,7;36,4;25,2;725,0;33,0;0,1;6,90E-2;-541,2;20,00;3,3;3,3;53,57;4,71;0,266;3,0;5,18;0,574
1247;28.06.2023;14:01:03;00:20:46;250,1;702,8;37,7;36,4;25,2;725,0;33,0;0,1;6,90E-2;-541,2;20,00;3,3;3,3;53,57;4,72;0,266;3,0;5,20;0,571
1248;28.06.2023;14:01:04;00:20:47;250,3;702,8;37,8;36,5;25,2;725,0;33,0;0,1;6,90E-2;-541,2;20,00;3,3;3,2;53,58;4,72;0,271;3,0;5,20;0,570
1249;28.06.2023;14:01:05;00:20:48;250,1;704,6;37,8;36,5;25,2;725,0;32,8;0,1;6,90E-2;-541,2;20,00;3,3;3,3;53,58;4,73;0,276;2,9;5,18;0,571
1250;28.06.2023;14:01:06;00:20:49;250,1;706,2;37,9;36,6;25,2;725,0;32,7;0,1;6,89E-2;-541,2;20,00;3,3;3,3;53,59;4,74;0,282;2,9;5,18;0,569
1251;28.06.2023;14:01:07;00:20:50;250,1;706,2;37,9;36,6;25,2;725,0;32,7;0,1;6,89E-2;-541,2;20,00;3,3;3,3;53,60;4,74;0,288;2,9;5,16;0,570
1252;28.06.2023;14:01:08;00:20:51;250,0;707,7;38,0;36,7;25,3;725,0;32,6;0,1;6,88E-2;-541,2;20,00;3,4;3,3;53,60;4,75;0,292;2,9;5,16;0,570
1253;28.06.2023;14:01:09;00:20:52;250,2;707,7;38,0;36,7;25,3;725,0;32,6;0,1;6,88E-2;-541,2;20,00;3,4;3,4;53,61;4,75;0,308;2,9;5,15;0,567
1254;28.06.2023;14:01:10;00:20:53;250,0;709,2;38,0;36,8;25,3;725,0;32,5;0,1;6,88E-2;-541,2;20,00;3,4;3,4;53,61;4,76;0,319;2,9;5,14;0,567
1255;28.06.2023;14:01:11;00:20:54;250,1;709,2;38,1;36,8;25,3;725,0;32,5;0,1;6,87E-2;-541,2;20,00;3,4;3,4;53,62;4,76;0,323;2,9;5,12;0,567
1256;28.06.2023;14:01:12;00:20:55;250,1;710,5;38,1;36,9;25,3;725,0;32,4;0,1;6,86E-2;-541,2;20,00;3,4;3,4;53,63;4,77;0,317;2,9;5,15;0,567
1257;28.06.2023;14:01:13;00:20:56;250,0;710,5;38,1;36,9;25,3;725,0;32,4;0,1;6,86E-2;-541,2;20,00;3,4;3,5;53,63;4,78;0,316;2,9;5,13;0,567
1258;28.06.2023;14:01:14;00:20:57;250,1;711,7;38,2;37,0;25,3;725,0;32,3;0,1;6,85E-2;-541,2;20,00;3,5;3,4;53,64;4,78;0,321;2,9;5,20;0,567
1259;28.06.2023;14:01:15;00:20:58;250,2;711,7;38,2;37,0;25,3;725,0;32,3;0,1;6,85E-2;-541,2;20,00;3,5;3,4;53,64;4,79;0,341;2,9;5,17;0,567
1260;28.06.2023;14:01:16;00:20:59;250,0;712,8;38,2;37,0;25,3;725,0;32,4;0,1;6,85E-2;-541,2;20,00;3,5;3,5;53,65;4,79;0,346;2,9;5,11;0,567
1261;28.06.2023;14:01:17;00:21:00;250,0;712,8;38,2;37,0;25,3;725,0;32,3;0,1;6,85E-2;-541,2;20,00;3,5;3,4;53,66;4,80;0,358;2,9;5,11;0,566
1262;28.06.2023;14:01:18;00:21:01;250,0;712,8;38,3;37,1;25,3;725,0;32,3;0,1;6,84E-2;-541,2;20,00;3,5;3,5;53,66;4,80;0,371;2,9;5,14;0,567
1263;28.06.2023;14:01:19;00:21:02;250,0;713,9;38,3;37,1;25,2;725,0;32,2;0,1;6,83E-2;-541,2;20,00;3,5;3,5;53,67;4,81;0,378;2,9;5,12;0,564
1264;28.06.2023;14:01:20;00:21:03;250,1;715,0;38,3;37,2;25,2;725,0;32,1;0,1;6,83E-2;-541,2;20,00;3,5;3,6;53,67;4,82;0,385;2,9;5,13;0,563
1265;28.06.2023;14:01:21;00:21:04;250,0;715,0;38,3;37,2;25,2;725,0;32,1;0,1;6,82E-2;-541,2;20,00;3,6;3,6;53,68;4,82;0,381;2,9;5,05;0,563
1266;28.06.2023;14:01:22;00:21:05;250,0;715,0;38,3;37,3;25,2;725,0;32,1;0,1;6,81E-2;-541,2;20,00;3,6;3,6;53,69;4,83;0,384;2,9;5,13;0,562
1267;28.06.2023;14:01:23;00:21:06;250,0;715,9;38,3;37,3;25,3;725,0;32,0;0,1;6,81E-2;-541,2;20,00;3,6;3,5;53,69;4,84;0,370;2,9;5,10;0,562
1268;28.06.2023;14:01:24;00:21:07;250,0;715,9;38,4;37,4;25,3;725,0;32,0;0,1;6,81E-2;-541,2;20,00;3,6;3,6;53,70;4,84;0,369;2,9;5,14;0,562
1269;28.06.2023;14:01:25;00:21:08;250,2;716,8;38,4;37,4;25,3;725,0;32,0;0,1;6,80E-2;-541,2;20,00;3,6;3,6;53,70;4,85;0,379;2,9;5,10;0,562
1270;28.06.2023;14:01:26;00:21:09;250,1;717,6;38,4;37,4;25,3;725,0;31,9;0,1;6,80E-2;-541,2;20,00;3,6;3,6;53,71;4,86;0,389;2,9;5,11;0,562
1271;28.06.2023;14:01:27;00:21:10;250,1;717,6;38,4;37,4;25,4;725,0;31,9;0,1;6,80E-2;-541,2;20,00;3,6;3,6;53,72;4,86;0,386;2,8;5,08;0,562
1272;28.06.2023;14:01:28;00:21:11;250,1;718,2;38,4;37,5;25,4;725,0;31,9;0,1;6,78E-2;-541,2;20,00;3,7;3,7;53,73;4,87;0,395;2,9;5,10;0,562
1273;28.06.2023;14:01:29;00:21:12;250,1;718,2;38,4;37,5;25,4;725,0;31,9;0,1;6,78E-2;-541,2;20,00;3,7;3,6;53,73;4,88;0,397;2,9;5,08;0,562
1274;28.06.2023;14:01:30;00:21:13;250,0;718,9;38,5;37,6;25,4;725,0;31,8;0,1;6,77E-2;-541,2;20,00;3,7;3,7;53,74;4,88;0,406;2,9;5,09;0,562
1275;28.06.2023;14:01:31;00:21:14;250,2;718,9;38,5;37,7;25,4;725,0;31,8;0,1;6,77E-2;-541,2;20,00;3,7;3,8;53,75;4,89;0,406;2,9;5,12;0,563
1276;28.06.2023;14:01:32;00:21:15;250,2;718,9;38,5;37,7;25,4;725,0;31,8;0,1;6,76E-2;-541,2;20,00;3,7;3,7;53,75;4,90;0,409;2,9;5,11;0,562
1277;28.06.2023;14:01:33;00:21:16;250,1;719,4;38,5;37,7;25,4;725,0;31,8;0,1;6,76E-2;-541,2;20,00;3,7;3,7;53,76;4,90;0,405;2,9;5,12;0,562
1278;28.06.2023;14:01:34;00:21:17;250,3;719,9;38,5;37,7;25,4;725,0;31,7;0,1;6,75E-2;-541,2;20,00;3,8;3,8;53,77;4,91;0,411;2,9;5,12;0,562
1279;28.06.2023;14:01:35;00:21:18;250,1;719,9;38,5;37,7;25,4;725,0;31,7;0,1;6,75E-2;-541,2;20,00;3,8;3,7;53,78;4,92;0,415;2,9;5,11;0,562
1280;28.06.2023;14:01:36;00:21:19;250,0;720,4;38,6;37,8;25,5;725,0;31,7;0,1;6,74E-2;-541,2;20,00;3,8;3,7;53,78;4,93;0,429;2,9;5,09;0,562
1281;28.06.2023;14:01:37;00:21:20;250,1;720,4;38,6;37,8;25,5;725,0;31,7;0,1;6,73E-2;-541,2;20,00;3,8;3,8;53,79;4,94;0,440;2,9;5,09;0,562
1282;28.06.2023;14:01:38;00:21:21;250,1;720,4;38,6;37,9;25,5;725,0;31,7;0,1;6,72E-2;-541,2;20,00;3,8;3,8;53,80;4,94;0,441;2,9;5,09;0,562
1283;28.06.2023;14:01:39;00:21:22;250,3;720,8;38,6;37,9;25,6;725,0;31,7;0,1;6,72E-2;-541,2;20,00;3,8;3,8;53,81;4,95;0,446;2,9;5,08;0,562
1284;28.06.2023;14:01:40;00:21:23;250,0;721,3;38,6;38,0;25,6;725,0;31,6;0,1;6,71E-2;-541,2;20,00;3,9;3,8;53,81;4,96;0,434;2,9;5,08;0,562
1285;28.06.2023;14:01:41;00:21:24;250,1;721,3;38,6;38,0;25,6;725,0;31,6;0,1;6,71E-2;-541,2;20,00;3,9;3,9;53,82;4,96;0,426;2,9;5,10;0,562
1286;28.06.2023;14:01:42;00:21:25;250,3;721,7;38,7;38,1;25,6;725,0;31,6;0,1;6,70E-2;-541,2;20,00;3,9;3,8;53,83;4,97;0,422;2,9;5,09;0,561
1287;28.06.2023;14:01:43;00:21:26;250,0;721,7;38,7;38,1;25,6;725,0;31,6;0,1;6,70E-2;-541,2;20,00;3,9;3,9;53,83;4,98;0,431;2,9;5,08;0,562
1288;28.06.2023;14:01:44;00:21:27;250,0;722,0;38,7;38,1;25,6;724,1;71,0;0,1;6,69E-2;-541,2;20,00;3,9;4,0;53,84;4,99;0,437;2,9;3,09;0,348
1289;28.06.2023;14:01:45;00:21:28;250,0;722,0;38,7;38,1;25,6;721,2;73,8;0,1;6,68E-2;-541,2;20,00;3,9;3,9;53,86;5,00;0,413;0,0;0,01;0,049
1290;28.06.2023;14:01:46;00:21:29;250,0;722,3;38,7;38,2;25,5;719,8;73,9;0,1;6,67E-2;-541,2;20,00;3,9;3,9;53,87;5,01;0,487;0,0;0,01;0,049
1291;28.06.2023;14:01:47;00:21:30;250,0;722,3;38,7;38,2;25,5;717,0;74,0;0,1;6,66E-2;-541,2;20,00;3,9;3,9;53,90;5,04;0,711;0,0;0,01;0,049
1292;28.06.2023;14:01:48;00:21:31;250,0;722,0;38,7;38,3;25,3;714,2;74,2;0,1;6,65E-2;-541,2;20,00;3,9;3,9;53,92;5,06;0,884;0,0;0,01;0,049
1293;28.06.2023;14:01:49;00:21:32;250,0;722,0;38,7;38,3;25,3;712,5;74,3;0,1;6,64E-2;-541,2;20,00;3,9;3,9;53,93;5,07;0,923;0,0;0,01;0,049
1294;28.06.2023;14:01:50;00:21:33;250,0;720,7;38,7;38,3;25,3;709,7;74,4;0,1;6,62E-2;-541,2;20,00;3,9;3,9;53,94;5,08;0,921;0,0;0,01;0,049
1295;28.06.2023;14:01:51;00:21:34;250,0;720,7;38,7;38,3;25,1;706,9;74,6;0,1;6,61E-2;-541,2;20,00;3,9;3,9;53,95;5,10;0,870;0,0;0,01;0,048
1296;28.06.2023;14:01:52;00:21:35;250,0;717,8;38,6;38,4;25,1;705,5;74,7;0,1;6,60E-2;-541,2;20,00;3,9;3,9;53,96;5,10;0,830;0,0;0,01;0,048
1297;28.06.2023;14:01:53;00:21:36;250,0;717,8;38,6;38,4;24,8;702,7;74,8;0,1;6,58E-2;-541,2;20,00;3,9;3,9;53,97;5,11;0,756;0,0;0,01;0,049
1298;28.06.2023;14:01:54;00:21:37;250,0;713,1;38,4;38,4;24,8;699,9;75,0;0,1;6,56E-2;-541,2;20,00;3,9;3,9;53,98;5,12;0,680;0,0;0,01;0,049
1299;28.06.2023;14:01:55;00:21:38;250,0;713,1;38,2;38,4;24,7;698,2;75,1;0,1;6,56E-2;-541,2;20,00;3,9;3,9;53,98;5,13;0,637;0,0;0,01;0,049
1300;28.06.2023;14:01:56;00:21:39;250,0;706,7;38,2;38,4;24,6;695,4;75,2;0,1;6,54E-2;-541,2;20,00;3,9;3,9;53,99;5,14;0,570;0,0;0,01;0,048
1301;28.06.2023;14:01:57;00:21:40;250,0;706,7;38,2;38,4;24,6;694,0;75,3;0,1;6,53E-2;-541,2;20,00;3,9;3,9;53,99;5,14;0,532;0,0;0,01;0,049
1302;28.06.2023;14:01:58;00:21:41;250,0;706,7;38,0;38,4;24,6;691,2;75,4;0,1;6,51E-2;-541,2;20,00;3,9;3,8;54,00;5,15;0,475;0,0;0,01;0,049
1303;28.06.2023;14:01:59;00:21:42;250,0;698,5;38,0;38,5;24,5;688,3;75,6;0,1;6,50E-2;-541,2;20,00;3,9;3,9;54,01;5,15;0,431;0,0;0,01;0,049
1304;28.06.2023;14:02:00;00:21:43;250,0;698,5;37,7;38,5;24,5;686,9;75,6;0,1;6,49E-2;-541,2;20,00;3,9;3,9;54,01;5,16;0,414;0,0;0,01;0,049
1305;28.06.2023;14:02:01;00:21:44;250,0;689,5;37,7;38,5;24,5;683,9;75,8;0,1;6,47E-2;-541,2;20,00;3,9;3,8;54,02;5,16;0,381;0,0;0,01;0,049
1306;28.06.2023;14:02:02;00:21:45;250,0;680,1;37,5;38,5;24,5;681,1;75,9;0,1;6,46E-2;-541,2;20,00;3,9;3,9;54,03;5,17;0,363;0,0;0,01;0,049
1307;28.06.2023;14:02:03;00:21:46;250,0;680,1;37,5;38,5;24,4;679,6;76,0;0,1;6,45E-2;-541,2;20,00;3,9;3,9;54,03;5,17;0,354;0,0;0,01;0,049
1308;28.06.2023;14:02:04;00:21:47;250,0;670,4;37,2;38,5;24,4;676,8;76,1;0,1;6,44E-2;-541,2;20,00;3,9;3,9;54,03;5,18;0,336;0,0;0,01;0,049
1309;28.06.2023;14:02:05;00:21:48;250,0;670,4;36,9;38,5;24,4;674,0;76,2;0,1;6,42E-2;-541,2;20,00;3,9;3,9;54,04;5,18;0,310;0,0;0,01;0,049
1310;28.06.2023;14:02:06;00:21:49;250,0;670,4;36,9;38,5;24,4;672,6;76,3;0,1;6,41E-2;-541,2;20,00;3,9;3,9;54,04;5,19;0,296;0,0;0,01;0,049
1311;28.06.2023;14:02:07;00:21:50;250,0;661,2;36,9;38,5;24,4;669,5;76,4;0,1;6,41E-2;-541,2;20,00;3,9;3,9;54,05;5,19;0,281;0,0;0,01;0,049
1312;28.06.2023;14:02:08;00:21:51;250,0;661,2;36,6;38,5;24,4;668,1;76,5;0,1;6,40E-2;-541,2;20,00;3,9;3,9;54,05;5,19;0,274;0,0;0,01;0,049
1313;28.06.2023;14:02:09;00:21:52;250,0;652,1;36,6;38,5;24,4;665,3;76,6;0,1;6,38E-2;-541,2;20,00;3,9;3,9;54,05;5,20;0,252;0,0;0,01;0,049
1314;28.06.2023;14:02:10;00:21:53;250,0;643,0;36,3;38,4;24,4;662,5;76,7;0,1;6,37E-2;-541,2;20,00;3,9;3,8;54,06;5,20;0,239;0,0;0,01;0,049
1315;28.06.2023;14:02:11;00:21:54;250,0;643,0;36,3;38,4;24,4;661,1;76,8;0,1;6,36E-2;-541,2;20,00;3,9;3,9;54,06;5,20;0,233;0,0;0,01;0,049
1316;28.06.2023;14:02:12;00:21:55;250,0;634,0;36,0;38,4;24,4;658,3;76,9;0,1;6,35E-2;-541,2;20,00;3,9;3,9;54,06;5,21;0,233;0,0;0,01;0,049
1317;28.06.2023;14:02:13;00:21:56;250,0;634,0;35,6;38,4;24,4;655,2;77,0;0,1;6,34E-2;-541,2;20,00;3,9;3,9;54,07;5,21;0,223;0,0;0,01;0,049
1318;28.06.2023;14:02:14;00:21:57;250,0;625,0;35,6;38,3;24,3;653,8;77,1;0,1;6,33E-2;-541,2;20,00;3,9;3,9;54,07;5,22;0,219;0,0;0,00;0,049
1319;28.06.2023;14:02:15;00:21:58;250,0;625,0;35,3;38,3;24,3;651,0;77,2;0,1;6,32E-2;-541,2;20,00;3,9;3,9;54,07;5,22;0,213;0,0;0,01;0,049
1320;28.06.2023;14:02:16;00:21:59;250,0;616,2;35,3;38,3;24,3;648,2;77,3;0,1;6,31E-2;-541,2;20,00;3,9;3,9;54,08;5,22;0,203;0,0;0,01;0,049
1321;28.06.2023;14:02:17;00:22:00;250,0;616,1;35,3;38,3;24,3;646,7;77,3;0,1;6,31E-2;-541,2;20,00;3,9;3,9;54,08;5,22;0,203;0,0;0,01;0,049
1322;28.06.2023;14:02:18;00:22:01;250,0;616,1;34,9;38,2;24,3;643,9;77,4;0,1;6,30E-2;-541,2;20,00;3,9;3,9;54,08;5,23;0,193;0,0;0,01;0,049
1323;28.06.2023;14:02:19;00:22:02;250,1;606,7;34,9;38,1;24,3;640,9;77,6;0,1;6,28E-2;-541,2;20,00;3,9;3,9;54,09;5,23;0,187;0,0;0,01;0,049
1324;28.06.2023;14:02:20;00:22:03;250,0;597,4;34,6;38,0;24,3;639,5;77,6;0,1;6,28E-2;-541,2;20,00;3,9;3,9;54,09;5,23;0,191;0,0;0,01;0,049
1325;28.06.2023;14:02:21;00:22:04;250,0;597,4;34,6;38,0;24,2;636,6;77,7;0,1;6,27E-2;-541,2;20,00;3,9;3,9;54,09;5,24;0,191;0,0;0,01;0,049
1326;28.06.2023;14:02:22;00:22:05;250,0;597,4;34,3;37,9;24,2;635,2;77,7;0,1;6,26E-2;-541,2;20,00;3,9;3,9;54,09;5,24;0,196;0,0;0,01;0,049
1327;28.06.2023;14:02:23;00:22:06;250,0;588,3;34,3;37,9;24,2;632,4;77,8;0,1;6,25E-2;-541,2;20,00;3,9;3,9;54,10;5,24;0,186;0,0;0,01;0,049
1328;28.06.2023;14:02:24;00:22:07;250,0;579,2;34,0;37,8;24,2;629,6;77,9;0,1;6,24E-2;-541,2;20,00;3,9;3,9;54,10;5,25;0,175;0,0;0,01;0,049
1329;28.06.2023;14:02:25;00:22:08;250,0;579,2;34,0;37,8;24,2;627,9;78,0;0,1;6,23E-2;-541,2;20,00;3,9;3,9;54,10;5,25;0,173;0,0;0,01;0,049
1330;28.06.2023;14:02:26;00:22:09;250,0;579,2;33,8;37,7;24,2;625,1;78,1;0,1;6,22E-2;-541,2;20,00;3,9;3,9;54,11;5,25;0,169;0,0;0,01;0,049
1331;28.06.2023;14:02:27;00:22:10;250,0;570,9;33,8;37,7;24,2;622,3;78,1;0,1;6,22E-2;-541,2;20,00;3,9;3,8;54,11;5,25;0,165;0,0;0,01;0,049
1332;28.06.2023;14:02:28;00:22:11;250,0;570,9;33,5;37,6;24,2;620,9;78,2;0,1;6,21E-2;-541,2;20,00;3,9;3,8;54,11;5,26;0,158;0,0;0,01;0,049
1333;28.06.2023;14:02:29;00:22:12;250,0;562,7;33,5;37,6;24,2;618,1;78,3;0,1;6,21E-2;-541,2;20,00;3,9;3,9;54,11;5,26;0,152;0,0;0,01;0,049
1334;28.06.2023;14:02:30;00:22:13;250,0;554,6;33,2;37,5;24,2;615,3;78,3;0,1;6,20E-2;-541,2;20,00;3,9;3,9;54,12;5,26;0,145;0,0;0,01;0,049
1335;28.06.2023;14:02:31;00:22:14;250,0;554,6;33,0;37,5;24,2;613,6;78,4;0,1;6,19E-2;-541,2;20,00;3,9;4,0;54,12;5,26;0,142;0,0;0,01;0,049
1336;28.06.2023;14:02:32;00:22:15;250,0;546,7;33,0;37,3;24,2;610,8;78,4;0,1;6,18E-2;-541,2;20,00;3,9;3,8;54,12;5,26;0,145;0,0;0,00;0,049
1337;28.06.2023;14:02:33;00:22:16;250,0;546,7;32,7;37,3;24,2;608,0;78,5;0,1;6,17E-2;-541,2;20,00;3,9;3,9;54,12;5,27;0,147;0,0;0,01;0,049
1338;28.06.2023;14:02:34;00:22:17;250,0;538,8;32,7;37,2;24,2;606,6;78,6;0,1;6,17E-2;-541,2;20,00;3,9;3,9;54,13;5,27;0,148;0,0;0,00;0,049
1339;28.06.2023;14:02:35;00:22:18;250,0;538,8;32,7;37,2;24,2;603,7;78,6;0,1;6,16E-2;-541,2;20,00;3,9;3,9;54,13;5,27;0,153;0,0;0,00;0,049
1340;28.06.2023;14:02:36;00:22:19;250,0;538,8;32,5;37,2;24,2;602,3;78,6;0,1;6,16E-2;-541,2;20,00;3,9;3,9;54,13;5,27;0,149;0,0;0,01;0,049
1341;28.06.2023;14:02:37;00:22:20;250,0;530,7;32,5;37,1;24,2;599,3;78,7;0,1;6,15E-2;-541,2;20,00;3,9;3,9;54,13;5,28;0,147;0,0;0,01;0,049
1342;28.06.2023;14:02:38;00:22:21;250,0;530,8;32,3;36,9;24,2;596,5;78,8;0,1;6,14E-2;-541,2;20,00;3,9;3,9;54,13;5,28;0,137;0,0;0,01;0,049
1343;28.06.2023;14:02:39;00:22:22;250,0;522,3;32,3;36,9;24,2;595,0;78,8;0,1;6,13E-2;-541,2;20,00;3,9;3,9;54,13;5,28;0,137;0,0;0,01;0,049
1344;28.06.2023;14:02:40;00:22:23;250,0;522,3;32,0;36,8;24,2;592,2;78,9;0,1;6,12E-2;-541,2;20,00;3,9;3,9;54,14;5,28;0,136;0,0;0,01;0,049
1345;28.06.2023;14:02:41;00:22:24;250,0;513,9;32,0;36,8;24,2;589,4;78,9;0,1;6,12E-2;-541,2;20,00;3,9;3,9;54,14;5,29;0,142;0,0;0,01;0,049
1346;28.06.2023;14:02:42;00:22:25;250,0;513,9;32,0;36,8;24,2;588,0;78,9;0,1;6,12E-2;-541,2;20,00;3,9;3,9;54,14;5,29;0,140;0,0;0,01;0,049
1347;28.06.2023;14:02:43;00:22:26;250,0;505,7;31,8;36,6;24,2;584,9;79,0;0,1;6,11E-2;-541,2;20,00;3,9;3,9;54,14;5,29;0,128;0,0;0,01;0,049
1348;28.06.2023;14:02:44;00:22:27;250,0;497,8;31,6;36,4;24,2;582,1;79,0;0,1;6,10E-2;-541,2;20,00;3,9;3,9;54,15;5,29;0,123;0,0;0,00;0,049
1349;28.06.2023;14:02:45;00:22:28;250,0;497,8;31,6;36,4;24,2;580,7;79,1;0,1;6,09E-2;-541,2;20,00;3,9;3,9;54,15;5,29;0,125;0,0;0,01;0,049
1350;28.06.2023;14:02:46;00:22:29;250,0;497,8;31,4;36,4;24,2;577,9;79,1;0,1;6,08E-2;-541,2;20,00;3,9;3,9;54,15;5,30;0,122;0,0;0,01;0,049
1351;28.06.2023;14:02:47;00:22:30;250,0;490,6;31,4;36,2;24,2;576,5;79,1;0,1;6,08E-2;-541,2;20,00;3,9;3,8;54,15;5,30;0,126;0,0;0,01;0,049
1352;28.06.2023;14:02:48;00:22:31;250,0;483,4;31,2;36,1;24,2;573,7;79,2;0,1;6,07E-2;-541,2;20,00;3,9;3,9;54,15;5,30;0,125;0,0;0,01;0,049
1353;28.06.2023;14:02:49;00:22:32;250,0;483,4;31,2;36,1;24,2;570,6;79,2;0,1;6,07E-2;-541,2;20,00;3,9;3,9;54,16;5,30;0,121;0,0;0,01;0,049
1354;28.06.2023;14:02:50;00:22:33;250,0;483,4;31,0;35,9;24,2;569,2;79,2;0,1;6,07E-2;-541,2;20,00;3,9;3,9;54,16;5,30;0,117;0,0;0,01;0,049
1355;28.06.2023;14:02:51;00:22:34;250,0;476,4;31,0;35,9;24,1;566,4;79,2;0,1;6,06E-2;-541,2;20,00;3,9;3,8;54,16;5,31;0,110;0,0;0,01;0,049
1356;28.06.2023;14:02:52;00:22:35;250,0;469,5;30,8;35,7;24,1;563,6;79,3;0,1;6,05E-2;-541,2;20,00;3,9;3,9;54,16;5,31;0,110;0,0;0,01;0,049
1357;28.06.2023;14:02:53;00:22:36;250,0;469,5;30,8;35,7;24,1;562,2;79,3;0,1;6,04E-2;-541,2;20,00;3,9;3,9;54,16;5,31;0,109;0,0;0,01;0,049
1358;28.06.2023;14:02:54;00:22:37;250,0;462,7;30,7;35,6;24,1;559,3;79,3;0,1;6,03E-2;-541,2;20,00;3,9;3,9;54,17;5,31;0,107;0,0;0,00;0,049
1359;28.06.2023;14:02:55;00:22:38;250,0;462,7;30,5;35,6;24,1;556,3;79,3;0,1;6,03E-2;-541,2;20,00;3,9;3,9;54,17;5,31;0,105;0,0;0,00;0,049
1360;28.06.2023;14:02:56;00:22:39;250,0;456,0;30,5;35,4;24,1;554,9;79,4;0,1;6,03E-2;-541,2;20,00;3,9;3,9;54,17;5,31;0,103;0,0;0,01;0,049
1361;28.06.2023;14:02:57;00:22:40;250,0;456,0;30,5;35,4;24,1;552,0;79,4;0,1;6,02E-2;-541,2;20,00;3,9;3,9;54,17;5,31;0,107;0,0;0,01;0,049
1362;28.06.2023;14:02:58;00:22:41;250,0;448,9;30,4;35,3;24,2;549,2;79,4;0,1;6,01E-2;-541,2;20,00;3,9;3,9;54,17;5,32;0,103;0,0;0,00;0,049
1363;28.06.2023;14:02:59;00:22:42;250,0;448,9;30,4;35,3;24,2;547,8;79,4;0,1;6,01E-2;-541,2;20,00;3,9;3,9;54,17;5,32;0,103;0,0;0,01;0,049
1364;28.06.2023;14:03:00;00:22:43;250,0;441,8;30,2;35,1;24,2;545,0;79,4;0,1;6,00E-2;-541,2;20,00;3,9;3,9;54,18;5,32;0,101;0,0;0,00;0,049
1365;28.06.2023;14:03:01;00:22:44;250,0;441,8;30,2;35,1;24,2;543,6;79,4;0,1;6,00E-2;-541,2;20,00;3,9;3,9;54,18;5,32;0,102;0,0;0,01;0,049
1366;28.06.2023;14:03:02;00:22:45;250,0;441,8;30,0;35,1;24,1;540,5;79,4;0,1;5,99E-2;-541,2;20,00;3,9;3,9;54,18;5,32;0,107;0,0;0,01;0,049
1367;28.06.2023;14:03:03;00:22:46;250,0;434,9;30,0;34,9;24,1;537,7;79,4;0,1;5,98E-2;-541,2;20,00;3,9;3,8;54,18;5,33;0,106;0,0;0,01;0,049
1368;28.06.2023;14:03:04;00:22:47;250,0;434,9;29,8;34,7;24,1;536,3;79,4;0,1;5,98E-2;-541,2;20,00;3,9;3,9;54,18;5,33;0,104;0,0;0,00;0,049
1369;28.06.2023;14:03:05;00:22:48;250,0;428,0;29,8;34,7;24,1;533,5;79,4;0,1;5,97E-2;-541,2;20,00;3,9;3,9;54,18;5,33;0,102;0,0;0,01;0,049
1370;28.06.2023;14:03:06;00:22:49;250,0;428,0;29,7;34,6;24,1;530,7;79,4;0,1;5,97E-2;-541,2;20,00;3,9;3,9;54,19;5,33;0,099;0,0;0,00;0,049
1371;28.06.2023;14:03:07;00:22:50;250,0;421,7;29,7;34,6;24,1;529,3;79,4;0,1;5,97E-2;-541,2;20,00;3,9;3,9;54,19;5,33;0,100;0,0;0,01;0,049
1372;28.06.2023;14:03:08;00:22:51;250,0;415,5;29,6;34,4;24,1;526,2;79,4;0,1;5,96E-2;-541,2;20,00;3,9;3,9;54,19;5,33;0,096;0,0;0,00;0,049
1373;28.06.2023;14:03:09;00:22:52;250,0;415,5;29,4;34,4;24,1;523,4;79,4;0,1;5,95E-2;-541,2;20,00;3,9;3,9;54,19;5,34;0,093;0,0;0,01;0,049
1374;28.06.2023;14:03:10;00:22:53;250,0;409,4;29,4;34,2;24,1;522,0;79,4;0,1;5,95E-2;-541,2;20,00;3,9;3,9;54,19;5,34;0,093;0,0;0,01;0,049
1375;28.06.2023;14:03:11;00:22:54;250,0;409,4;29,4;34,2;24,1;519,1;79,4;0,1;5,94E-2;-541,2;20,00;3,9;3,9;54,19;5,34;0,094;0,0;0,01;0,049
1376;28.06.2023;14:03:12;00:22:55;250,0;409,4;29,4;34,2;24,1;517,7;79,4;0,1;5,94E-2;-541,2;20,00;3,9;3,9;54,19;5,34;0,095;0,0;0,01;0,049
1377;28.06.2023;14:03:13;00:22:56;250,0;403,4;29,3;34,0;24,1;514,9;79,4;0,1;5,93E-2;-541,2;20,00;3,9;3,8;54,19;5,34;0,088;0,0;0,00;0,049
1378;28.06.2023;14:03:14;00:22:57;250,0;397,4;29,1;33,9;24,1;511,9;79,4;0,1;5,92E-2;-541,2;20,00;3,9;3,8;54,20;5,34;0,084;0,0;0,00;0,049
1379;28.06.2023;14:03:15;00:22:58;250,0;397,4;29,1;33,9;24,1;510,5;79,4;0,1;5,92E-2;-541,2;20,00;3,9;3,9;54,20;5,34;0,084;0,0;0,00;0,049
1380;28.06.2023;14:03:16;00:22:59;250,0;391,5;29,0;33,7;24,1;507,6;79,3;0,1;5,92E-2;-541,2;20,00;3,9;3,9;54,20;5,34;0,082;0,0;0,01;0,049
1381;28.06.2023;14:03:17;00:23:00;250,0;391,5;29,0;33,7;24,1;504,8;79,3;0,1;5,91E-2;-541,2;20,00;3,9;3,9;54,20;5,35;0,077;0,0;0,00;0,049
1382;28.06.2023;14:03:18;00:23:01;250,0;391,5;28,9;33,7;24,1;503,4;79,3;0,1;5,91E-2;-541,2;20,00;3,9;3,9;54,20;5,35;0,072;0,0;0,01;0,049
1383;28.06.2023;14:03:19;00:23:02;250,0;385,3;28,9;33,5;24,1;500,6;79,3;0,1;5,90E-2;-541,2;20,00;3,9;3,8;54,20;5,35;0,065;0,0;0,01;0,049
1384;28.06.2023;14:03:20;00:23:03;250,0;379,1;28,7;33,3;24,0;497,5;79,3;0,1;5,89E-2;-541,2;20,00;3,9;3,9;54,20;5,35;0,066;0,0;0,01;0,049
1385;28.06.2023;14:03:21;00:23:04;250,0;379,1;28,7;33,3;24,0;496,1;79,2;0,1;5,89E-2;-541,2;20,00;3,9;3,9;54,20;5,35;0,065;0,0;0,01;0,049
1386;28.06.2023;14:03:22;00:23:05;250,0;379,1;28,7;33,3;24,0;493,3;79,2;0,1;5,88E-2;-541,2;20,00;3,9;3,9;54,20;5,35;0,060;0,0;0,00;0,049
1387;28.06.2023;14:03:23;00:23:06;250,0;372,9;28,6;33,1;24,0;490,5;79,2;0,1;5,88E-2;-541,2;20,00;3,9;3,9;54,21;5,35;0,057;0,0;0,00;0,049
1388;28.06.2023;14:03:24;00:23:07;250,0;372,9;28,4;33,0;24,0;489,1;79,1;0,1;5,88E-2;-541,2;20,00;3,9;3,9;54,21;5,35;0,060;0,0;0,01;0,049
1389;28.06.2023;14:03:25;00:23:08;250,0;366,7;28,4;33,0;24,0;486,2;79,1;0,1;5,87E-2;-541,2;20,00;3,9;3,8;54,21;5,35;0,060;0,0;0,01;0,049
1390;28.06.2023;14:03:26;00:23:09;250,0;366,7;28,3;33,0;24,0;484,6;79,1;0,1;5,87E-2;-541,2;20,00;3,9;3,9;54,21;5,35;0,057;0,0;0,00;0,049
1391;28.06.2023;14:03:27;00:23:10;250,0;361,0;28,3;32,8;24,0;481,8;79,0;0,1;5,86E-2;-541,2;20,00;3,9;3,8;54,21;5,36;0,061;0,0;0,01;0,049
1392;28.06.2023;14:03:28;00:23:11;250,0;355,4;28,2;32,6;24,0;479,0;79,0;0,1;5,86E-2;-541,2;20,00;3,9;3,9;54,21;5,36;0,061;0,0;0,01;0,049
1393;28.06.2023;14:03:29;00:23:12;250,0;355,4;28,2;32,6;24,0;477,6;79,0;0,1;5,85E-2;-541,2;20,00;3,9;3,9;54,21;5,36;0,064;0,0;0,01;0,049
1394;28.06.2023;14:03:30;00:23:13;250,0;355,4;28,1;32,6;24,0;474,7;78,9;0,1;5,85E-2;-541,2;20,00;3,9;3,9;54,21;5,36;0,071;0,0;0,00;0,049
1395;28.06.2023;14:03:31;00:23:14;250,0;350,1;28,1;32,5;24,0;471,9;78,9;0,1;5,84E-2;-541,2;20,00;3,9;3,9;54,22;5,36;0,074;0,0;0,00;0,049
1396;28.06.2023;14:03:32;00:23:15;250,0;350,1;27,9;32,3;24,0;470,3;78,8;0,1;5,84E-2;-541,2;20,00;3,9;3,9;54,22;5,36;0,077;0,0;0,00;0,049
1397;28.06.2023;14:03:33;00:23:16;250,0;344,8;27,9;32,3;24,0;467,4;78,8;0,1;5,83E-2;-541,2;20,00;3,9;3,9;54,22;5,36;0,077;0,0;0,00;0,049
1398;28.06.2023;14:03:34;00:23:17;250,0;344,8;27,8;32,1;24,0;464,6;78,7;0,1;5,82E-2;-541,2;20,00;3,9;3,9;54,22;5,36;0,075;0,0;0,01;0,049
1399;28.06.2023;14:03:35;00:23:18;250,0;339,5;27,8;32,1;24,0;463,2;78,7;0,1;5,82E-2;-541,2;20,00;3,9;3,9;54,22;5,37;0,073;0,0;0,00;0,049
1400;28.06.2023;14:03:36;00:23:19;250,0;334,4;27,7;32,0;24,0;460,4;78,6;0,1;5,81E-2;-541,2;20,00;3,9;4,0;54,22;5,37;0,069;0,0;0,00;0,049
1401;28.06.2023;14:03:37;00:23:20;250,0;334,4;27,7;32,0;24,0;457,6;78,6;0,1;5,81E-2;-541,2;20,00;3,9;3,9;54,22;5,37;0,060;0,0;0,01;0,049
1402;28.06.2023;14:03:38;00:23:21;250,0;334,4;27,7;32,0;24,0;455,9;78,5;0,1;5,80E-2;-541,2;20,00;3,9;3,9;54,22;5,37;0,061;0,0;0,00;0,049
1403;28.06.2023;14:03:39;00:23:22;250,0;328,9;27,6;31,8;24,0;453,1;78,5;0,1;5,80E-2;-541,2;20,00;3,9;3,9;54,22;5,37;0,060;0,0;0,00;0,049
1404;28.06.2023;14:03:40;00:23:23;250,0;328,9;27,4;31,8;24,0;451,7;78,4;0,1;5,80E-2;-541,2;20,00;3,9;3,9;54,22;5,37;0,059;0,0;0,00;0,049
1405;28.06.2023;14:03:41;00:23:24;250,0;323,4;27,4;31,6;24,0;448,9;78,4;0,1;5,79E-2;-541,2;20,00;3,9;4,0;54,22;5,37;0,062;0,0;0,01;0,049
1406;28.06.2023;14:03:42;00:23:25;250,0;323,4;27,3;31,6;24,0;446,1;78,3;0,1;5,78E-2;-541,2;20,00;3,9;3,9;54,23;5,37;0,062;0,0;0,01;0,049
1407;28.06.2023;14:03:43;00:23:26;250,0;318,1;27,3;31,4;23,9;444,7;78,2;0,1;5,78E-2;-541,2;20,00;3,9;3,9;54,23;5,37;0,061;0,0;0,00;0,049
1408;28.06.2023;14:03:44;00:23:27;250,0;312,8;27,2;31,3;23,9;441,6;78,2;0,1;5,77E-2;-541,2;20,00;3,9;3,9;54,23;5,37;0,058;0,0;0,01;0,049
1409;28.06.2023;14:03:45;00:23:28;250,0;312,8;27,2;31,3;23,9;438,8;78,1;0,1;5,77E-2;-541,2;20,00;3,9;3,9;54,23;5,38;0,054;0,0;0,01;0,049
1410;28.06.2023;14:03:46;00:23:29;250,0;312,8;27,1;31,3;23,9;437,4;78,0;0,1;5,77E-2;-541,2;20,00;3,9;3,9;54,23;5,38;0,054;0,0;0,00;0,049
1411;28.06.2023;14:03:47;00:23:30;250,0;308,0;27,1;31,1;23,9;434,5;77,9;0,1;5,76E-2;-541,2;20,00;3,9;3,9;54,23;5,38;0,057;0,0;0,00;0,049
1412;28.06.2023;14:03:48;00:23:31;250,0;303,2;27,0;31,0;23,9;431,7;77,9;0,1;5,76E-2;-541,2;20,00;3,9;3,9;54,23;5,38;0,058;0,0;0,00;0,049
1413;28.06.2023;14:03:49;00:23:32;250,0;303,2;27,0;31,0;23,9;430,3;77,8;0,1;5,76E-2;-541,2;20,00;3,9;3,9;54,23;5,38;0,059;0,0;0,00;0,049
1414;28.06.2023;14:03:50;00:23:33;250,0;303,2;26,9;30,8;23,9;427,3;77,7;0,1;5,75E-2;-541,2;20,00;3,9;3,8;54,23;5,38;0,052;0,0;0,01;0,049
1415;28.06.2023;14:03:51;00:23:34;250,0;298,5;26,9;30,8;23,9;425,9;77,7;0,1;5,75E-2;-541,2;20,00;3,9;3,8;54,23;5,38;0,051;0,0;0,00;0,049
1416;28.06.2023;14:03:52;00:23:35;250,0;293,8;26,8;30,7;23,9;423,0;77,6;0,1;5,74E-2;-541,2;20,00;3,9;3,9;54,24;5,38;0,049;0,0;0,00;0,049
1417;28.06.2023;14:03:53;00:23:36;250,0;293,8;26,8;30,7;23,9;420,2;77,5;0,1;5,74E-2;-541,2;20,00;3,9;3,9;54,24;5,38;0,052;0,0;0,00;0,049
1418;28.06.2023;14:03:54;00:23:37;250,0;289,1;26,7;30,5;23,9;418,8;77,4;0,1;5,74E-2;-541,2;20,00;3,9;3,9;54,24;5,38;0,052;0,0;0,01;0,049
1419;28.06.2023;14:03:55;00:23:38;250,0;289,1;26,6;30,5;23,9;416,0;77,3;0,1;5,73E-2;-541,2;20,00;3,9;3,9;54,24;5,38;0,054;0,0;0,00;0,049
1420;28.06.2023;14:03:56;00:23:39;250,0;284,5;26,6;30,4;23,9;412,9;77,2;0,1;5,73E-2;-541,2;20,00;3,9;3,9;54,24;5,38;0,057;0,0;0,00;0,049
1421;28.06.2023;14:03:57;00:23:40;250,0;284,5;26,6;30,4;23,9;411,5;77,2;0,1;5,72E-2;-541,2;20,00;3,9;3,8;54,24;5,38;0,053;0,0;0,01;0,049
1422;28.06.2023;14:03:58;00:23:41;250,0;284,5;26,5;30,4;23,8;408,7;77,1;0,1;5,72E-2;-541,2;20,00;3,9;3,9;54,24;5,39;0,051;0,0;0,00;0,049
1423;28.06.2023;14:03:59;00:23:42;250,0;279,6;26,4;30,2;23,8;405,9;76,9;0,1;5,71E-2;-541,2;20,00;3,9;3,8;54,24;5,39;0,053;0,0;0,00;0,049
1424;28.06.2023;14:04:00;00:23:43;250,0;279,6;26,3;30,0;23,8;404,5;76,9;0,1;5,72E-2;-541,2;20,00;3,9;3,9;54,24;5,39;0,053;0,0;0,01;0,049
1425;28.06.2023;14:04:01;00:23:44;250,0;274,8;26,3;30,0;23,8;401,6;76,8;0,1;5,71E-2;-541,2;20,00;3,9;3,9;54,24;5,39;0,054;0,0;0,01;0,049
1426;28.06.2023;14:04:02;00:23:45;250,0;270,1;26,2;29,9;23,8;398,6;76,6;0,1;5,70E-2;-541,2;20,00;3,9;3,9;54,25;5,39;0,059;0,0;0,01;0,049
1427;28.06.2023;14:04:03;00:23:46;250,0;270,1;26,2;29,9;23,8;397,2;76,6;0,1;5,70E-2;-541,2;20,00;3,9;3,9;54,25;5,39;0,061;0,0;0,01;0,049
1428;28.06.2023;14:04:04;00:23:47;250,0;265,4;26,1;29,8;23,8;394,4;76,5;0,1;5,69E-2;-541,2;20,00;3,9;3,9;54,25;5,39;0,058;0,0;0,00;0,049
1429;28.06.2023;14:04:05;00:23:48;250,0;265,4;26,1;29,8;23,8;393,0;76,4;0,1;5,69E-2;-541,2;20,00;3,9;3,9;54,25;5,39;0,058;0,0;0,01;0,049
1430;28.06.2023;14:04:06;00:23:49;250,0;265,4;26,0;29,6;23,8;390,1;76,3;0,1;5,68E-2;-541,2;20,00;3,9;3,9;54,25;5,39;0,056;0,0;0,01;0,049
1431;28.06.2023;14:04:07;00:23:50;250,0;261,1;26,0;29,6;23,8;387,3;76,2;0,1;5,68E-2;-541,2;20,00;3,9;3,9;54,25;5,39;0,049;0,0;0,00;0,049
1432;28.06.2023;14:04:08;00:23:51;250,0;261,1;25,9;29,6;23,8;385,9;76,1;0,1;5,67E-2;-541,2;20,00;3,9;4,0;54,25;5,40;0,052;0,0;0,00;0,049
1433;28.06.2023;14:04:09;00:23:52;250,0;256,7;25,9;29,5;23,8;382,8;75,9;0,1;5,67E-2;-541,2;20,00;3,9;3,9;54,25;5,40;0,056;0,0;0,01;0,049
1434;28.06.2023;14:04:10;00:23:53;250,0;256,7;25,8;29,3;23,8;380,0;75,8;0,1;5,66E-2;-541,2;20,00;3,9;3,9;54,25;5,40;0,056;0,0;0,00;0,049
1435;28.06.2023;14:04:11;00:23:54;250,0;252,3;25,8;29,3;23,8;378,6;75,7;0,1;5,66E-2;-541,2;20,00;3,9;3,9;54,25;5,40;0,053;0,0;0,00;0,049
1436;28.06.2023;14:04:12;00:23:55;250,0;248,0;25,7;29,2;23,8;375,8;75,6;0,1;5,66E-2;-541,2;20,00;3,9;3,9;54,25;5,40;0,051;0,0;0,00;0,049
1437;28.06.2023;14:04:13;00:23:56;250,0;248,0;25,7;29,2;23,7;373,0;75,5;0,1;5,65E-2;-541,2;20,00;3,9;3,9;54,26;5,40;0,049;0,0;0,00;0,049
1438;28.06.2023;14:04:14;00:23:57;250,0;248,0;25,6;29,0;23,7;371,6;75,4;0,1;5,65E-2;-541,2;20,00;3,9;3,9;54,25;5,40;0,050;0,0;0,00;0,049
1439;28.06.2023;14:04:15;00:23:58;250,0;243,8;25,6;29,0;23,7;368,5;75,2;0,1;5,64E-2;-541,2;20,00;3,9;3,8;54,26;5,40;0,049;0,0;0,00;0,049
1440;28.06.2023;14:04:16;00:23:59;250,0;239,7;25,5;28,9;23,7;365,7;75,1;0,1;5,63E-2;-541,2;20,00;3,9;3,8;54,26;5,40;0,055;0,0;0,00;0,049
1441;28.06.2023;14:04:17;00:24:00;250,0;239,7;25,5;28,9;23,7;364,3;75,0;0,1;5,63E-2;-541,2;20,00;3,9;3,9;54,26;5,40;0,054;0,0;0,01;0,049
1442;28.06.2023;14:04:18;00:24:01;250,0;239,8;25,6;29,0;23,8;361,5;74,9;0,1;5,62E-2;-541,2;20,00;3,9;3,9;54,26;5,40;0,052;0,0;0,01;0,049
1443;28.06.2023;14:04:19;00:24:02;250,0;235,5;25,5;28,8;23,8;360,0;74,8;0,1;5,62E-2;-541,2;20,00;3,9;3,9;54,26;5,40;0,052;0,0;0,01;0,049
1444;28.06.2023;14:04:20;00:24:03;250,0;235,5;25,4;28,7;23,8;357,2;74,6;0,1;5,62E-2;-541,2;20,00;3,9;3,9;54,26;5,40;0,050;0,0;0,01;0,049
1445;28.06.2023;14:04:21;00:24:04;250,0;231,3;25,4;28,7;23,8;354,2;74,5;0,1;5,61E-2;-541,2;20,00;3,9;3,9;54,26;5,41;0,046;0,0;0,01;0,049
1446;28.06.2023;14:04:22;00:24:05;250,0;231,3;25,4;28,7;23,8;352,8;74,4;0,1;5,61E-2;-541,2;20,00;3,9;3,9;54,26;5,41;0,047;0,0;0,00;0,049
1447;28.06.2023;14:04:23;00:24:06;250,0;227,1;25,3;28,6;23,8;349,9;74,2;0,1;5,61E-2;-541,2;20,00;3,9;3,9;54,26;5,41;0,050;0,0;0,00;0,049
1448;28.06.2023;14:04:24;00:24:07;250,0;227,1;25,2;28,4;23,8;347,1;74,1;0,1;5,60E-2;-541,2;20,00;3,9;3,9;54,26;5,41;0,053;0,0;0,01;0,049
1449;28.06.2023;14:04:25;00:24:08;250,0;222,9;25,2;28,4;23,8;345,7;74,0;0,1;5,60E-2;-541,2;20,00;3,9;3,9;54,26;5,41;0,051;0,0;0,01;0,049
1450;28.06.2023;14:04:26;00:24:09;250,0;222,9;25,2;28,4;23,7;342,9;73,8;0,1;5,59E-2;-541,2;20,00;3,9;3,9;54,26;5,41;0,050;0,0;0,01;0,049
1451;28.06.2023;14:04:27;00:24:10;250,0;219,1;25,1;28,3;23,7;339,8;73,6;0,1;5,58E-2;-541,2;20,00;3,9;3,9;54,27;5,41;0,047;0,0;0,01;0,049
1452;28.06.2023;14:04:28;00:24:11;250,0;219,1;25,0;28,2;23,7;338,4;73,6;0,1;5,58E-2;-541,2;20,00;3,9;3,8;54,27;5,41;0,045;0,0;0,00;0,049
1453;28.06.2023;14:04:29;00:24:12;250,0;215,3;25,0;28,2;23,7;335,6;73,4;0,1;5,58E-2;-541,2;20,00;3,9;3,8;54,27;5,41;0,048;0,0;0,01;0,049
1454;28.06.2023;14:04:30;00:24:13;250,0;215,3;25,0;28,2;23,7;334,2;73,3;0,1;5,57E-2;-541,2;20,00;3,9;3,9;54,27;5,41;0,049;0,0;0,01;0,049
1455;28.06.2023;14:04:31;00:24:14;250,0;211,6;25,0;28,1;23,7;331,4;73,1;0,1;5,57E-2;-541,2;20,00;3,9;3,9;54,27;5,41;0,047;0,0;0,01;0,049
1456;28.06.2023;14:04:32;00:24:15;250,0;207,9;24,9;28,0;23,7;328,6;72,9;0,1;5,57E-2;-541,2;20,00;3,9;3,9;54,27;5,41;0,044;0,0;0,00;0,049
1457;28.06.2023;14:04:33;00:24:16;250,0;207,9;24,9;28,0;23,7;326,9;72,8;0,1;5,56E-2;-541,2;20,00;3,9;3,9;54,27;5,42;0,040;0,0;0,01;0,049
1458;28.06.2023;14:04:34;00:24:17;250,0;207,9;24,8;27,8;23,7;324,1;72,6;0,1;5,56E-2;-541,2;20,00;3,9;4,0;54,27;5,42;0,041;0,0;0,01;0,049
1459;28.06.2023;14:04:35;00:24:18;250,0;204,3;24,8;27,8;23,7;321,3;72,5;0,1;5,55E-2;-541,2;20,00;3,9;4,0;54,27;5,42;0,041;0,0;0,01;0,049
1460;28.06.2023;14:04:36;00:24:19;250,0;204,3;24,7;27,8;23,7;319,9;72,4;0,1;5,54E-2;-541,2;20,00;3,9;3,9;54,27;5,42;0,036;0,0;0,01;0,049
1461;28.06.2023;14:04:37;00:24:20;250,0;200,7;24,7;27,7;23,7;317,0;72,2;0,1;5,54E-2;-541,2;20,00;3,9;3,9;54,27;5,42;0,032;0,0;0,01;0,049
1462;28.06.2023;14:04:38;00:24:21;250,0;200,7;24,6;27,7;23,7;314,2;72,0;0,1;5,53E-2;-541,2;20,00;3,9;3,9;54,27;5,42;0,031;0,0;0,01;0,049
1463;28.06.2023;14:04:39;00:24:22;250,0;196,9;24,6;27,6;23,7;312,6;71,9;0,1;5,53E-2;-541,2;20,00;3,9;3,9;54,27;5,42;0,030;0,0;0,01;0,049
1464;28.06.2023;14:04:40;00:24:23;250,0;196,9;24,5;27,5;23,7;309,8;71,7;0,1;5,53E-2;-541,2;20,00;3,9;3,9;54,27;5,42;0,032;0,0;0,00;0,049
1465;28.06.2023;14:04:41;00:24:24;250,0;193,2;24,5;27,5;23,6;306,9;71,5;0,1;5,52E-2;-541,2;20,00;3,9;3,8;54,27;5,42;0,036;0,0;0,00;0,049
1466;28.06.2023;14:04:42;00:24:25;250,0;193,2;24,5;27,5;23,6;305,5;71,4;0,1;5,52E-2;-541,2;20,00;3,9;3,9;54,27;5,42;0,038;0,0;0,00;0,049
1467;28.06.2023;14:04:43;00:24:26;250,0;189,5;24,4;27,3;23,6;302,7;71,2;0,1;5,51E-2;-541,2;20,00;3,9;3,9;54,28;5,42;0,037;0,0;0,01;0,049
1468;28.06.2023;14:04:44;00:24:27;250,0;189,5;24,4;27,3;23,6;301,3;71,1;0,1;5,51E-2;-541,2;20,00;3,9;3,9;54,28;5,42;0,041;0,0;0,01;0,049
1469;28.06.2023;14:04:45;00:24:28;250,0;185,9;24,3;27,2;23,6;298,2;70,8;0,1;5,51E-2;-541,2;20,00;3,9;3,9;54,28;5,42;0,038;0,0;0,00;0,048
1470;28.06.2023;14:04:46;00:24:29;250,0;185,9;24,3;27,2;23,6;295,4;70,6;0,1;5,50E-2;-541,2;20,00;3,9;3,9;54,28;5,42;0,035;0,0;0,00;0,049
1471;28.06.2023;14:04:47;00:24:30;250,0;182,5;24,3;27,1;23,6;294,0;70,5;0,1;5,50E-2;-541,2;20,00;3,9;3,9;54,28;5,42;0,036;0,0;0,00;0,049
1472;28.06.2023;14:04:48;00:24:31;250,0;179,3;24,2;27,0;23,6;291,2;70,3;0,1;5,49E-2;-541,2;20,00;3,9;3,9;54,28;5,42;0,036;0,0;0,00;0,049
1473;28.06.2023;14:04:49;00:24:32;250,0;179,3;24,2;27,0;23,6;288,4;70,1;0,1;5,49E-2;-541,2;20,00;3,9;4,0;54,28;5,42;0,039;0,0;0,01;0,049
1474;28.06.2023;14:04:50;00:24:33;250,0;179,3;24,1;26,9;23,6;287,0;70,0;0,1;5,48E-2;-541,2;20,00;3,9;3,9;54,28;5,42;0,036;0,0;0,00;0,049
1475;28.06.2023;14:04:51;00:24:34;250,0;176,0;24,1;26,9;23,6;283,9;69,8;0,1;5,48E-2;-541,2;20,00;3,9;3,9;54,28;5,42;0,033;0,0;0,00;0,049
1476;28.06.2023;14:04:52;00:24:35;250,0;172,8;24,0;26,8;23,6;281,1;69,5;0,1;5,47E-2;-541,2;20,00;3,9;3,9;54,28;5,43;0,034;0,0;0,00;0,049
1477;28.06.2023;14:04:53;00:24:36;250,0;172,8;24,0;26,8;23,6;279,7;69,4;0,1;5,47E-2;-541,2;20,00;3,9;3,9;54,28;5,43;0,037;0,0;0,01;0,049
1478;28.06.2023;14:04:54;00:24:37;250,0;172,8;23,9;26,8;23,6;276,9;69,2;0,1;5,47E-2;-541,2;20,00;3,9;3,9;54,28;5,43;0,038;0,0;0,00;0,048
1479;28.06.2023;14:04:55;00:24:38;250,0;169,6;23,9;26,7;23,5;274,0;69,0;0,1;5,46E-2;-541,2;20,00;3,9;3,9;54,28;5,43;0,038;0,0;0,01;0,049
1480;28.06.2023;14:04:56;00:24:39;250,0;169,6;23,9;26,5;23,5;272,6;68,9;0,1;5,46E-2;-541,2;20,00;3,9;3,9;54,28;5,43;0,038;0,0;0,01;0,049
1481;28.06.2023;14:04:57;00:24:40;250,0;166,3;23,9;26,5;23,5;269,6;68,6;0,1;5,45E-2;-541,2;20,00;3,9;4,0;54,28;5,43;0,041;0,0;0,01;0,049
1482;28.06.2023;14:04:58;00:24:41;250,0;166,3;23,9;26,6;23,6;268,2;68,5;0,1;5,45E-2;-541,2;20,00;3,9;3,9;54,28;5,43;0,043;0,0;0,01;0,049
1483;28.06.2023;14:04:59;00:24:42;250,0;162,9;23,8;26,4;23,6;265,3;68,3;0,1;5,45E-2;-541,2;20,00;3,9;3,9;54,29;5,43;0,043;0,0;0,00;0,049
1484;28.06.2023;14:05:00;00:24:43;250,0;162,9;23,7;26,4;23,5;262,5;68,0;0,1;5,44E-2;-541,2;20,00;3,9;3,8;54,29;5,43;0,043;0,0;0,00;0,049
1485;28.06.2023;14:05:01;00:24:44;250,0;159,5;23,7;26,3;23,5;261,1;67,9;0,1;5,43E-2;-541,2;20,00;3,9;3,9;54,29;5,43;0,044;0,0;0,01;0,049
1486;28.06.2023;14:05:02;00:24:45;250,0;159,5;23,7;26,3;23,5;258,3;67,7;0,1;5,43E-2;-541,2;20,00;3,9;3,9;54,29;5,43;0,042;0,0;0,01;0,049
1487;28.06.2023;14:05:03;00:24:46;250,0;156,3;23,6;26,2;23,5;255,2;67,4;0,1;5,43E-2;-541,2;20,00;3,9;3,8;54,29;5,43;0,037;0,0;0,00;0,049
1488;28.06.2023;14:05:04;00:24:47;250,0;156,3;23,6;26,1;23,5;253,8;67,3;0,1;5,42E-2;-541,2;20,00;3,9;3,8;54,29;5,43;0,036;0,0;0,00;0,049
1489;28.06.2023;14:05:05;00:24:48;250,0;153,1;23,6;26,1;23,5;251,0;67,0;0,1;5,42E-2;-541,2;20,00;3,9;3,9;54,29;5,43;0,037;0,0;0,01;0,049
1490;28.06.2023;14:05:06;00:24:49;250,0;153,1;23,5;26,0;23,5;248,2;66,8;0,1;5,42E-2;-541,2;20,00;3,9;3,9;54,29;5,44;0,038;0,0;0,01;0,049
1491;28.06.2023;14:05:07;00:24:50;250,0;150,2;23,5;26,0;23,5;246,8;66,6;0,1;5,41E-2;-541,2;20,00;3,9;4,0;54,29;5,44;0,040;0,0;0,01;0,049
1492;28.06.2023;14:05:08;00:24:51;250,0;150,2;23,4;25,9;23,5;244,0;66,4;0,1;5,41E-2;-541,2;20,00;3,9;4,0;54,29;5,44;0,040;0,0;0,00;0,049
1493;28.06.2023;14:05:09;00:24:52;250,0;150,2;23,4;25,9;23,5;242,5;66,3;0,1;5,41E-2;-541,2;20,00;3,9;3,9;54,29;5,44;0,033;0,0;0,00;0,049
1494;28.06.2023;14:05:10;00:24:53;250,0;147,3;23,4;25,9;23,5;239,5;66,0;0,1;5,40E-2;-541,2;20,00;3,9;3,9;54,29;5,44;0,031;0,0;0,01;0,049
1495;28.06.2023;14:05:11;00:24:54;250,0;144,5;23,3;25,8;23,5;236,7;65,7;0,1;5,39E-2;-541,2;20,00;3,9;3,9;54,29;5,44;0,026;0,0;0,00;0,049
1496;28.06.2023;14:05:12;00:24:55;250,0;144,5;23,3;25,8;23,5;235,3;65,6;0,1;5,39E-2;-541,2;20,00;3,9;3,9;54,29;5,44;0,024;0,0;0,01;0,049
1497;28.06.2023;14:05:13;00:24:56;250,0;141,7;23,3;25,7;23,5;232,4;65,3;0,1;5,39E-2;-541,2;20,00;3,9;3,9;54,29;5,44;0,027;0,0;0,01;0,049
1498;28.06.2023;14:05:14;00:24:57;250,0;141,7;23,2;25,7;23,5;229,6;65,1;0,1;5,38E-2;-541,2;20,00;3,9;3,9;54,29;5,44;0,026;0,0;0,01;0,049
1499;28.06.2023;14:05:15;00:24:58;250,0;139,0;23,2;25,6;23,5;228,2;64,9;0,1;5,38E-2;-541,2;20,00;3,9;3,9;54,29;5,44;0,027;0,0;0,00;0,049
1500;28.06.2023;14:05:16;00:24:59;250,0;136,3;23,1;25,5;23,5;225,2;64,6;0,1;5,37E-2;-541,2;20,00;3,9;4,0;54,29;5,44;0,028;0,0;0,01;0,049
1501;28.06.2023;14:05:17;00:25:00;250,0;136,3;23,1;25,5;23,5;222,3;64,4;0,1;5,37E-2;-541,2;20,00;3,9;3,9;54,30;5,44;0,027;0,0;0,00;0,049
1502;28.06.2023;14:05:18;00:25:01;250,0;136,3;23,2;25,6;23,5;220,9;64,2;0,1;5,37E-2;-541,2;20,00;3,9;3,9;54,30;5,44;0,028;0,0;0,01;0,049
1503;28.06.2023;14:05:19;00:25:02;250,0;133,4;23,1;25,5;23,5;218,1;63,9;0,1;5,36E-2;-541,2;20,00;3,9;3,9;54,30;5,44;0,029;0,0;0,00;0,049
1504;28.06.2023;14:05:20;00:25:03;250,0;133,4;23,0;25,5;23,5;215,3;63,7;0,1;5,36E-2;-541,2;20,00;3,9;3,9;54,30;5,44;0,029;0,0;0,01;0,049
1505;28.06.2023;14:05:21;00:25:04;250,0;130,6;23,0;25,4;23,5;213,9;63,5;0,1;5,36E-2;-541,2;20,00;3,9;3,9;54,30;5,44;0,028;0,0;0,01;0,049
1506;28.06.2023;14:05:22;00:25:05;250,0;130,6;23,0;25,4;23,5;210,8;63,2;0,1;5,35E-2;-541,2;20,00;3,9;3,9;54,30;5,44;0,036;0,0;0,00;0,049
1507;28.06.2023;14:05:23;00:25:06;250,0;127,8;22,9;25,3;23,4;209,4;63,1;0,1;5,35E-2;-541,2;20,00;3,9;4,0;54,30;5,44;0,035;0,0;0,00;0,049
1508;28.06.2023;14:05:24;00:25:07;250,0;127,8;22,9;25,2;23,4;206,6;62,8;0,1;5,34E-2;-541,2;20,00;3,9;3,9;54,30;5,44;0,032;0,0;0,01;0,049
1509;28.06.2023;14:05:25;00:25:08;250,0;125,1;22,9;25,2;23,4;203,8;62,5;0,1;5,34E-2;-541,2;20,00;3,9;3,9;54,30;5,44;0,027;0,0;0,01;0,049
1510;28.06.2023;14:05:26;00:25:09;250,0;125,1;22,9;25,2;23,4;202,4;62,3;0,1;5,34E-2;-541,2;20,00;3,9;3,9;54,30;5,44;0,025;0,0;0,01;0,049
1511;28.06.2023;14:05:27;00:25:10;250,0;122,7;22,8;25,1;23,4;199,5;62,1;0,1;5,33E-2;-541,2;20,00;3,9;4,0;54,30;5,45;0,027;0,0;0,01;0,049
1512;28.06.2023;14:05:28;00:25:11;250,0;120,3;22,8;25,0;23,4;196,5;61,7;0,1;5,33E-2;-541,2;20,00;3,9;3,9;54,30;5,45;0,027;0,0;0,01;0,049
1513;28.06.2023;14:05:29;00:25:12;250,0;120,3;22,8;25,0;23,4;195,1;61,6;0,1;5,33E-2;-541,2;20,00;3,9;4,0;54,30;5,45;0,026;0,0;0,01;0,049
1514;28.06.2023;14:05:30;00:25:13;250,0;120,3;22,7;25,0;23,4;192,3;61,3;0,1;5,32E-2;-541,2;20,00;3,9;4,0;54,30;5,45;0,031;0,0;0,01;0,049
1515;28.06.2023;14:05:31;00:25:14;250,0;117,9;22,7;24,9;23,4;189,4;61,0;0,1;5,32E-2;-541,2;20,00;3,9;4,0;54,30;5,45;0,034;0,0;0,01;0,049
1516;28.06.2023;14:05:32;00:25:15;250,0;117,9;22,7;24,9;23,4;188,0;60,8;0,1;5,32E-2;-541,2;20,00;3,9;3,9;54,30;5,45;0,033;0,0;0,01;0,049
1517;28.06.2023;14:05:33;00:25:16;250,0;115,6;22,7;24,8;23,4;185,2;60,5;0,1;5,31E-2;-541,2;20,00;3,9;3,8;54,30;5,45;0,034;0,0;0,00;0,049
1518;28.06.2023;14:05:34;00:25:17;250,0;115,6;22,6;24,8;23,4;182,2;60,2;0,1;5,31E-2;-541,2;20,00;3,9;3,9;54,30;5,45;0,035;0,0;0,00;0,049
1519;28.06.2023;14:05:35;00:25:18;250,0;113,3;22,6;24,8;23,4;180,7;60,0;0,1;5,31E-2;-541,2;20,00;3,9;3,9;54,30;5,45;0,032;0,0;0,00;0,049
1520;28.06.2023;14:05:36;00:25:19;250,0;111,0;22,5;24,7;23,4;177,9;59,7;0,1;5,30E-2;-541,2;20,00;3,9;3,9;54,30;5,45;0,030;0,0;0,00;0,049
1521;28.06.2023;14:05:37;00:25:20;250,0;111,0;22,5;24,7;23,4;176,5;59,6;0,1;5,30E-2;-541,2;20,00;3,9;3,9;54,30;5,45;0,027;0,0;0,00;0,049
1522;28.06.2023;14:05:38;00:25:21;250,0;111,0;22,5;24,6;23,3;173,7;59,2;0,1;5,29E-2;-541,2;20,00;3,9;3,9;54,31;5,45;0,026;0,0;0,01;0,049
1523;28.06.2023;14:05:39;00:25:22;250,0;108,6;22,4;24,5;23,3;170,9;58,9;0,1;5,29E-2;-541,2;20,00;3,9;4,0;54,31;5,45;0,025;0,0;0,01;0,049
1524;28.06.2023;14:05:40;00:25:23;250,0;108,6;22,4;24,5;23,3;169,5;58,8;0,1;5,29E-2;-541,2;20,00;3,9;4,0;54,31;5,45;0,027;0,0;0,01;0,049
1525;28.06.2023;14:05:41;00:25:24;250,0;106,2;22,3;24,4;23,3;166,4;58,4;0,1;5,28E-2;-541,2;20,00;3,9;3,9;54,31;5,45;0,026;0,0;0,01;0,049
1526;28.06.2023;14:05:42;00:25:25;250,0;106,2;22,2;24,4;23,3;163,6;58,1;0,1;5,28E-2;-541,2;20,00;3,9;3,9;54,31;5,45;0,024;0,0;0,01;0,049
1527;28.06.2023;14:05:43;00:25:26;250,0;103,9;22,2;24,3;23,3;162,2;57,9;0,1;5,28E-2;-541,2;20,00;3,9;3,8;54,31;5,45;0,019;0,0;0,01;0,049
1528;28.06.2023;14:05:44;00:25:27;250,0;103,9;22,2;24,3;23,3;159,4;57,6;0,1;5,28E-2;-541,2;20,00;3,9;3,9;54,31;5,45;0,020;0,0;0,00;0,049
1529;28.06.2023;14:05:45;00:25:28;250,0;101,6;22,2;24,2;23,2;156,5;57,3;0,1;5,27E-2;-541,2;20,00;3,9;3,9;54,31;5,45;0,023;0,0;0,00;0,049
1530;28.06.2023;14:05:46;00:25:29;250,0;101,6;22,2;24,2;23,2;155,1;57,1;0,1;5,27E-2;-541,2;20,00;3,9;3,9;54,31;5,45;0,023;0,0;0,01;0,049
1531;28.06.2023;14:05:47;00:25:30;250,0;99,5;22,1;24,1;23,2;152,1;56,7;0,1;5,26E-2;-541,2;20,00;3,9;4,0;54,31;5,45;0,026;0,0;0,00;0,049
1532;28.06.2023;14:05:48;00:25:31;250,0;99,5;22,1;24,1;23,2;150,7;56,6;0,1;5,26E-2;-541,2;20,00;3,9;3,9;54,31;5,45;0,025;0,0;0,01;0,049
1533;28.06.2023;14:05:49;00:25:32;250,0;97,5;22,1;24,1;23,2;147,8;56,2;0,1;5,25E-2;-541,2;20,00;3,9;3,9;54,31;5,45;0,024;0,0;0,00;0,049
1534;28.06.2023;14:05:50;00:25:33;250,0;97,5;22,1;24,1;23,2;145,0;55,9;0,1;5,25E-2;-541,2;20,00;3,9;3,9;54,31;5,46;0,022;0,0;0,00;0,049
1535;28.06.2023;14:05:51;00:25:34;250,0;95,5;22,0;24,0;23,2;143,6;55,7;0,1;5,25E-2;-541,2;20,00;3,9;3,9;54,31;5,45;0,021;0,0;0,00;0,049
1536;28.06.2023;14:05:52;00:25:35;250,0;95,5;22,0;23,9;23,2;140,8;55,4;0,1;5,25E-2;-541,2;20,00;3,9;3,9;54,31;5,46;0,019;0,0;0,01;0,049
1537;28.06.2023;14:05:53;00:25:36;250,0;93,6;22,0;23,9;23,2;137,7;55,0;0,1;5,24E-2;-541,2;20,00;3,9;3,9;54,31;5,46;0,018;0,0;0,00;0,049
1538;28.06.2023;14:05:54;00:25:37;250,0;93,6;22,0;23,9;23,2;136,3;54,8;0,1;5,24E-2;-541,2;20,00;3,9;3,9;54,31;5,46;0,022;0,0;0,01;0,049
1539;28.06.2023;14:05:55;00:25:38;250,0;91,8;21,9;23,8;23,2;133,5;54,5;0,1;5,24E-2;-541,2;20,00;3,9;3,9;54,31;5,46;0,021;0,0;0,00;0,049
1540;28.06.2023;14:05:56;00:25:39;250,0;89,9;21,9;23,8;23,2;130,7;54,1;0,1;5,24E-2;-541,2;20,00;3,9;3,9;54,31;5,46;0,020;0,0;0,00;0,049
1541;28.06.2023;14:05:57;00:25:40;250,0;89,9;21,9;23,8;23,2;129,3;53,9;0,1;5,24E-2;-541,2;20,00;3,9;3,9;54,31;5,46;0,018;0,0;0,01;0,049
1542;28.06.2023;14:05:58;00:25:41;250,0;89,9;21,9;23,8;23,2;126,5;53,6;0,1;5,23E-2;-541,2;20,00;3,9;3,9;54,31;5,46;0,022;0,0;0,01;0,049
1543;28.06.2023;14:05:59;00:25:42;250,0;88,0;21,8;23,7;23,2;123,4;53,2;0,1;5,22E-2;-541,2;20,00;3,9;3,8;54,31;5,46;0,018;0,0;0,00;0,049
1544;28.06.2023;14:06:00;00:25:43;250,0;88,0;21,8;23,7;23,2;122,0;53,0;0,1;5,22E-2;-541,2;20,00;3,9;3,8;54,31;5,46;0,017;0,0;0,01;0,049
1545;28.06.2023;14:06:01;00:25:44;250,0;86,1;21,7;23,6;23,2;119,2;52,6;0,1;5,22E-2;-541,2;20,00;3,9;3,8;54,31;5,46;0,021;0,0;0,00;0,049
1546;28.06.2023;14:06:02;00:25:45;250,0;86,1;21,7;23,6;23,2;117,8;52,4;0,1;5,21E-2;-541,2;20,00;3,9;3,9;54,31;5,46;0,022;0,0;0,00;0,049
1547;28.06.2023;14:06:03;00:25:46;250,0;84,3;21,7;23,5;23,2;114,9;52,1;0,1;5,21E-2;-541,2;20,00;3,9;3,9;54,31;5,46;0,023;0,0;0,00;0,049
1548;28.06.2023;14:06:04;00:25:47;250,0;84,3;21,6;23,5;23,2;112,1;51,7;0,1;5,21E-2;-541,2;20,00;3,9;3,8;54,31;5,46;0,018;0,0;0,01;0,049
1549;28.06.2023;14:06:05;00:25:48;250,0;82,5;21,6;23,4;23,2;110,5;51,5;0,1;5,21E-2;-541,2;20,00;3,9;3,8;54,31;5,46;0,018;0,0;0,01;0,049
1550;28.06.2023;14:06:06;00:25:49;250,0;82,5;21,6;23,4;23,2;107,7;51,1;0,1;5,20E-2;-541,2;20,00;3,9;3,9;54,31;5,46;0,023;0,0;0,01;0,049
1551;28.06.2023;14:06:07;00:25:50;250,0;80,8;21,6;23,4;23,1;104,8;50,7;0,1;5,20E-2;-541,2;20,00;3,9;4,0;54,32;5,46;0,022;0,0;0,01;0,049
1552;28.06.2023;14:06:08;00:25:51;250,0;80,8;21,6;23,4;23,1;103,4;50,5;0,1;5,20E-2;-541,2;20,00;3,9;3,9;54,32;5,46;0,018;0,0;0,01;0,049
1553;28.06.2023;14:06:09;00:25:52;250,0;79,2;21,6;23,3;23,1;100,6;50,2;0,1;5,19E-2;-541,2;20,00;3,9;3,9;54,32;5,46;0,018;0,0;0,01;0,049
1554;28.06.2023;14:06:10;00:25:53;250,0;79,2;21,5;23,3;23,1;97,8;49,8;0,1;5,19E-2;-541,2;20,00;3,9;3,8;54,32;5,46;0,015;0,0;0,01;0,049
1555;28.06.2023;14:06:11;00:25:54;250,0;77,7;21,5;23,2;23,1;96,1;49,5;0,1;5,18E-2;-541,2;20,00;3,9;3,9;54,32;5,46;0,016;0,0;0,01;0,049
1556;28.06.2023;14:06:12;00:25:55;250,0;77,7;21,5;23,2;23,1;93,3;49,2;0,1;5,18E-2;-541,2;20,00;3,9;3,9;54,32;5,46;0,023;0,0;0,01;0,049
1557;28.06.2023;14:06:13;00:25:56;250,0;76,1;21,5;23,2;23,1;90,5;48,8;0,1;5,17E-2;-541,2;20,00;3,9;3,9;54,32;5,46;0,019;0,0;0,00;0,049
1558;28.06.2023;14:06:14;00:25:57;250,0;76,1;21,5;23,2;23,1;89,1;48,6;0,1;5,18E-2;-541,2;20,00;3,9;3,9;54,32;5,46;0,020;0,0;0,01;0,049
1559;28.06.2023;14:06:15;00:25:58;250,0;74,6;21,4;23,1;23,1;86,3;48,2;0,1;5,17E-2;-541,2;20,00;3,9;3,9;54,32;5,46;0,020;0,0;0,01;0,049
1560;28.06.2023;14:06:16;00:25:59;250,0;74,6;21,4;23,1;23,1;84,9;48,0;0,1;5,17E-2;-541,2;20,00;3,9;3,9;54,32;5,46;0,022;0,0;0,00;0,049
1561;28.06.2023;14:06:17;00:26:00;250,0;73,2;21,4;23,0;23,1;81,8;47,5;0,1;5,17E-2;-541,2;20,00;3,9;3,9;54,32;5,46;0,017;0,0;0,00;0,049
1562;28.06.2023;14:06:18;00:26:01;250,0;73,2;21,4;23,0;23,1;79,0;47,1;0,1;5,16E-2;-541,2;20,00;3,9;3,8;54,32;5,46;0,017;0,0;0,01;0,049
1563;28.06.2023;14:06:19;00:26:02;250,0;73,2;21,3;23,0;23,1;77,6;46,9;0,1;5,16E-2;-541,2;20,00;3,9;3,9;54,32;5,46;0,017;0,0;0,00;0,049
1564;28.06.2023;14:06:20;00:26:03;250,0;71,6;21,3;23,0;23,1;74,8;46,5;0,1;5,16E-2;-541,2;20,00;3,9;3,8;54,32;5,46;0,015;0,0;0,01;0,049
1565;28.06.2023;14:06:21;00:26:04;250,0;70,1;21,2;22,9;23,1;71,9;46,1;0,1;5,15E-2;-541,2;20,00;3,9;3,9;54,32;5,47;0,015;0,0;0,01;0,049
1566;28.06.2023;14:06:22;00:26:05;250,0;70,1;21,2;22,9;23,1;70,5;45,9;0,1;5,15E-2;-541,2;20,00;3,9;3,9;54,32;5,47;0,016;0,0;0,01;0,049
1567;28.06.2023;14:06:23;00:26:06;250,0;68,7;21,2;22,8;23,1;67,5;45,5;0,1;5,15E-2;-541,2;20,00;3,9;3,9;54,32;5,47;0,013;0,0;0,00;0,049
1568;28.06.2023;14:06:24;00:26:07;250,0;68,7;21,2;22,8;23,1;64,7;45,1;0,1;5,14E-2;-541,2;20,00;3,9;3,9;54,32;5,47;0,017;0,0;0,00;0,049
1569;28.06.2023;14:06:25;00:26:08;250,0;67,2;21,2;22,8;23,1;63,2;44,9;0,1;5,14E-2;-541,2;20,00;3,9;3,9;54,32;5,47;0,015;0,0;0,01;0,049
1570;28.06.2023;14:06:26;00:26:09;250,0;67,2;21,2;22,8;23,1;60,4;44,4;0,1;5,13E-2;-541,2;20,00;3,9;3,9;54,32;5,47;0,011;0,0;0,00;0,049
1571;28.06.2023;14:06:27;00:26:10;250,0;67,2;21,1;22,7;23,1;59,0;44,2;0,1;5,13E-2;-541,2;20,00;3,9;3,9;54,32;5,47;0,012;0,0;0,01;0,049
1572;28.06.2023;14:06:28;00:26:11;250,0;65,9;21,1;22,7;23,0;56,2;43,8;0,1;5,13E-2;-541,2;20,00;3,9;3,9;54,32;5,47;0,015;0,0;0,00;0,049
1573;28.06.2023;14:06:29;00:26:12;250,0;64,6;21,1;22,6;23,0;53,1;43,3;0,1;5,13E-2;-541,2;20,00;3,9;3,9;54,32;5,47;0,015;0,0;0,00;0,049
1574;28.06.2023;14:06:30;00:26:13;250,0;64,6;21,1;22,6;23,0;51,7;43,1;0,1;5,12E-2;-541,2;20,00;3,9;3,9;54,32;5,47;0,015;0,0;0,00;0,049
1575;28.06.2023;14:06:31;00:26:14;250,0;63,3;21,0;22,6;23,0;48,9;42,7;0,1;5,12E-2;-541,2;20,00;3,9;3,9;54,32;5,47;0,017;0,0;0,00;0,049
1576;28.06.2023;14:06:32;00:26:15;250,0;63,3;21,0;22,6;23,0;46,1;42,3;0,1;5,12E-2;-541,2;20,00;3,9;3,9;54,32;5,47;0,016;0,0;0,00;0,049
1577;28.06.2023;14:06:33;00:26:16;250,0;63,3;21,0;22,5;23,0;44,7;42,1;0,1;5,12E-2;-541,2;20,00;3,9;3,9;54,32;5,47;0,014;0,0;0,01;0,049
1578;28.06.2023;14:06:34;00:26:17;250,0;62,1;21,0;22,5;23,0;41,9;41,6;0,1;5,12E-2;-541,2;20,00;3,9;3,8;54,32;5,47;0,013;0,0;0,01;0,049
1579;28.06.2023;14:06:35;00:26:18;250,0;60,9;20,9;22,5;23,0;38,8;41,2;0,1;5,11E-2;-541,2;20,00;3,9;3,9;54,32;5,47;0,018;0,0;0,00;0,049
1580;28.06.2023;14:06:36;00:26:19;250,0;60,9;20,9;22,5;23,0;37,4;40,9;0,1;5,11E-2;-541,2;20,00;3,9;3,9;54,32;5,47;0,016;0,0;0,01;0,049
1581;28.06.2023;14:06:37;00:26:20;250,0;59,8;20,9;22,4;23,0;34,6;40,5;0,1;5,10E-2;-541,2;20,00;3,9;3,9;54,32;5,47;0,015;0,0;0,01;0,049
1582;28.06.2023;14:06:38;00:26:21;250,0;59,7;20,8;22,4;22,9;31,8;40,1;0,1;5,10E-2;-541,2;20,00;3,9;3,9;54,32;5,47;0,016;0,0;0,01;0,049
1583;28.06.2023;14:06:39;00:26:22;250,0;59,7;20,8;22,3;22,9;30,3;39,8;0,1;5,10E-2;-541,2;20,00;3,9;3,9;54,32;5,47;0,016;0,0;0,00;0,049
1584;28.06.2023;14:06:40;00:26:23;250,0;58,5;20,8;22,3;22,9;27,5;39,4;0,1;5,09E-2;-541,2;20,00;3,9;3,8;54,32;5,47;0,013;0,0;0,00;0,049
1585;28.06.2023;14:06:41;00:26:24;250,0;58,5;20,8;22,3;22,9;26,1;39,2;0,1;5,09E-2;-541,2;20,00;3,9;3,8;54,32;5,47;0,013;0,0;0,01;0,049
1586;28.06.2023;14:06:42;00:26:25;250,0;57,3;20,8;22,2;22,9;23,1;38,7;0,1;5,09E-2;-541,2;20,00;3,9;3,9;54,32;5,47;0,012;0,0;0,00;0,049
1587;28.06.2023;14:06:43;00:26:26;250,0;57,3;20,7;22,1;22,9;20,2;38,2;0,1;5,09E-2;-541,2;20,00;3,9;4,0;54,33;5,47;0,012;0,0;0,00;0,049