Nr.;Datum;Zeit;P.Zeit;AV Pyro top;AV Control TC;AV Piston TC Top;AV Piston TC Bot;AV Transformer T;SV Temperature  ;AV CZ Output;AV abs. pressure;Vacuum;AV rel. pressure;SV Rel. Pressure;SV Force        ;AV Force;AV Abs. Piston T;AV Rel. Piston T;AV Speed;Power;U RMS;I RMS
;;;;°C;°C;°C;°C;°C;°C    ;%;mbar(a;mbar(a;mbar(g;mbar(g;kN    ;kN;mm;mm;mm/min;kW;V;kA
1;01.11.2023;10:26:07;00:00:00;250,0;21,5;18,9;17,9;20,1;20,0;0,0;994,7;9,95E2;-2,1;20,00;3,0;3,0;34,79;0,49;-0,057;0,0;0,01;0,054
2;01.11.2023;10:26:08;00:00:01;250,0;21,5;18,9;17,9;20,1;20,0;0,0;994,7;9,95E2;-2,1;20,00;3,0;3,0;34,79;0,49;-0,040;0,0;0,01;0,054
3;01.11.2023;10:26:09;00:00:02;250,0;21,5;18,9;17,9;20,1;20,0;0,0;994,6;9,95E2;-2,1;20,00;3,0;3,0;34,79;0,49;-0,033;0,0;0,01;0,054
4;01.11.2023;10:26:10;00:00:03;250,0;21,5;18,9;17,9;20,1;20,0;0,0;994,5;9,95E2;-2,4;20,00;3,0;3,0;34,79;0,49;-0,024;0,0;0,00;0,054
5;01.11.2023;10:26:11;00:00:04;250,0;21,5;18,9;17,9;20,1;20,0;0,0;994,5;9,94E2;-2,4;20,00;3,0;3,0;34,79;0,49;-0,023;0,0;0,00;0,054
6;01.11.2023;10:26:12;00:00:05;250,0;21,4;18,9;17,9;20,1;20,0;0,0;994,4;9,94E2;-2,4;20,00;3,0;3,0;34,79;0,49;-0,017;0,0;0,00;0,054
7;01.11.2023;10:26:13;00:00:06;250,0;21,4;18,8;17,9;20,0;20,0;0,0;994,3;9,94E2;-2,4;20,00;3,0;3,0;34,79;0,49;-0,009;0,0;0,00;0,054
8;01.11.2023;10:26:14;00:00:07;250,0;21,3;18,8;17,9;20,0;20,0;0,0;994,3;9,94E2;-2,6;20,00;3,0;3,0;34,79;0,49;-0,009;0,0;0,00;0,054
9;01.11.2023;10:26:15;00:00:08;250,0;21,3;18,8;17,9;20,0;20,0;0,0;984,5;9,84E2;-8,6;20,00;3,0;3,0;34,79;0,49;-0,005;0,0;0,01;0,054
10;01.11.2023;10:26:16;00:00:09;250,0;21,3;18,8;17,9;20,0;20,0;0,0;932,3;9,32E2;-62,7;20,00;3,0;3,0;34,79;0,49;-0,001;0,0;0,01;0,054
11;01.11.2023;10:26:17;00:00:10;250,0;21,3;18,8;17,9;20,0;20,0;0,0;904,7;9,05E2;-89,6;20,00;3,0;3,0;34,79;0,49;-0,002;0,0;0,00;0,054
12;01.11.2023;10:26:18;00:00:11;250,0;21,2;18,8;17,9;20,0;20,0;0,0;860,1;8,60E2;-132,6;20,00;3,0;3,0;34,79;0,49;0,001;0,0;0,00;0,054
13;01.11.2023;10:26:19;00:00:12;250,0;21,2;18,8;17,9;20,0;20,0;0,0;819,4;8,19E2;-174,3;20,00;3,0;3,0;34,79;0,49;0,005;0,0;0,00;0,054
14;01.11.2023;10:26:20;00:00:13;250,0;21,2;18,8;17,9;20,0;20,0;0,0;801,9;8,02E2;-191,6;20,00;3,0;3,0;34,79;0,49;0,007;0,0;0,00;0,054
15;01.11.2023;10:26:21;00:00:14;250,0;21,2;18,8;17,9;20,0;20,0;0,0;768,0;7,68E2;-226,6;20,00;3,0;2,9;34,79;0,49;0,008;0,0;0,01;0,054
16;01.11.2023;10:26:22;00:00:15;250,0;21,1;18,8;17,9;20,0;20,0;0,0;736,2;7,36E2;-259,7;20,00;3,0;3,0;34,79;0,49;0,016;0,0;0,00;0,054
17;01.11.2023;10:26:23;00:00:16;250,0;21,1;18,8;17,9;20,0;20,0;0,0;718,0;7,18E2;-276,7;20,00;3,0;3,0;34,79;0,49;0,023;0,0;0,00;0,054
18;01.11.2023;10:26:24;00:00:17;250,0;21,1;18,8;17,9;20,0;20,0;0,0;688,9;6,89E2;-307,0;20,00;3,0;3,0;34,79;0,49;0,035;0,0;0,00;0,054
19;01.11.2023;10:26:25;00:00:18;250,0;21,1;18,8;17,9;20,0;20,0;0,0;674,2;6,74E2;-320,2;20,00;3,0;3,0;34,80;0,49;0,043;0,0;0,01;0,054
20;01.11.2023;10:26:26;00:00:19;250,0;21,0;18,8;17,8;20,0;20,0;0,0;647,4;6,47E2;-348,0;20,00;3,0;3,1;34,80;0,49;0,053;0,0;0,00;0,054
21;01.11.2023;10:26:27;00:00:20;250,0;21,0;18,8;17,8;20,0;20,0;0,0;622,0;6,22E2;-372,4;20,00;3,0;3,0;34,80;0,49;0,062;0,0;0,00;0,054
22;01.11.2023;10:26:28;00:00:21;250,0;20,9;18,8;17,8;20,0;20,0;0,0;610,3;6,10E2;-386,0;20,00;3,0;3,0;34,80;0,49;0,065;0,0;0,00;0,054
23;01.11.2023;10:26:29;00:00:22;250,0;20,9;18,8;17,8;20,0;20,0;0,0;583,9;5,84E2;-410,4;20,00;3,0;3,0;34,80;0,50;0,073;0,0;0,01;0,054
24;01.11.2023;10:26:30;00:00:23;250,0;20,9;18,8;17,8;20,0;20,0;0,0;561,5;5,62E2;-433,8;20,00;3,0;3,0;34,80;0,50;0,071;0,0;0,00;0,054
25;01.11.2023;10:26:31;00:00:24;250,0;20,9;18,8;17,8;20,0;20,0;0,0;550,1;5,50E2;-444,3;20,00;3,0;3,0;34,80;0,50;0,072;0,0;0,01;0,054
26;01.11.2023;10:26:32;00:00:25;250,0;20,8;18,8;17,8;20,0;20,0;0,0;529,8;5,30E2;-466,2;20,00;3,0;3,0;34,81;0,50;0,079;0,0;0,00;0,054
27;01.11.2023;10:26:33;00:00:26;250,0;20,7;18,7;17,6;19,9;20,0;0,0;508,1;5,08E2;-485,8;20,00;3,0;3,0;34,81;0,50;0,080;0,0;0,00;0,054
28;01.11.2023;10:26:34;00:00:27;250,0;20,6;18,7;17,6;19,9;20,0;0,0;499,0;4,99E2;-496,8;20,00;3,0;3,0;34,81;0,50;0,076;0,0;0,00;0,054
29;01.11.2023;10:26:35;00:00:28;250,0;20,6;18,7;17,6;19,9;20,0;0,0;477,5;4,78E2;-516,6;20,00;3,0;3,0;34,81;0,50;0,079;0,0;0,01;0,054
30;01.11.2023;10:26:36;00:00:29;250,0;20,5;18,6;17,6;19,9;20,0;0,0;467,9;4,68E2;-526,9;20,00;3,0;3,0;34,81;0,50;0,079;0,0;0,00;0,054
31;01.11.2023;10:26:37;00:00:30;250,0;20,5;18,6;17,5;19,9;20,0;0,0;450,5;4,50E2;-541,2;20,00;3,0;2,9;34,81;0,51;0,074;0,0;0,00;0,054
32;01.11.2023;10:26:38;00:00:31;250,0;20,4;18,6;17,5;19,9;20,0;0,0;432,1;4,32E2;-541,2;20,00;3,0;3,0;34,81;0,51;0,079;0,0;0,00;0,054
33;01.11.2023;10:26:39;00:00:32;250,0;20,4;18,6;17,5;19,9;20,0;0,0;424,4;4,24E2;-541,2;20,00;3,0;3,0;34,81;0,51;0,083;0,0;0,01;0,054
34;01.11.2023;10:26:40;00:00:33;250,0;20,4;18,6;17,5;19,9;20,0;0,0;408,0;4,08E2;-541,2;20,00;3,0;3,0;34,82;0,51;0,088;0,0;0,00;0,054
35;01.11.2023;10:26:41;00:00:34;250,0;20,3;18,7;17,5;19,9;20,0;0,0;390,7;3,91E2;-541,2;20,00;3,0;3,0;34,82;0,51;0,096;0,0;0,00;0,054
36;01.11.2023;10:26:42;00:00:35;250,0;20,3;18,7;17,5;19,9;20,0;0,0;383,7;3,84E2;-541,2;20,00;3,0;3,0;34,82;0,51;0,099;0,0;0,01;0,054
37;01.11.2023;10:26:43;00:00:36;250,0;20,3;18,7;17,5;20,0;20,0;0,0;369,2;3,69E2;-541,2;20,00;3,0;3,0;34,82;0,52;0,102;0,0;0,01;0,054
38;01.11.2023;10:26:44;00:00:37;250,0;20,3;18,7;17,5;20,0;20,0;0,0;354,8;3,55E2;-541,2;20,00;3,0;3,0;34,82;0,52;0,103;0,0;0,00;0,054
39;01.11.2023;10:26:45;00:00:38;250,0;20,3;18,7;17,5;20,0;20,0;0,0;348,1;3,48E2;-541,2;20,00;3,0;3,0;34,83;0,52;0,102;0,0;0,00;0,054
40;01.11.2023;10:26:46;00:00:39;250,0;20,2;18,7;17,5;20,0;20,0;0,0;334,5;3,35E2;-541,2;20,00;3,0;3,0;34,83;0,52;0,100;0,0;0,00;0,054
41;01.11.2023;10:26:47;00:00:40;250,0;20,2;18,6;17,5;20,0;20,0;0,0;320,5;3,20E2;-541,2;20,00;3,0;3,0;34,83;0,52;0,091;0,0;0,01;0,054
42;01.11.2023;10:26:48;00:00:41;250,0;20,2;18,6;17,5;20,0;20,0;0,0;314,6;3,15E2;-541,2;20,00;3,0;3,0;34,83;0,52;0,089;0,0;0,01;0,054
43;01.11.2023;10:26:49;00:00:42;250,0;20,1;18,6;17,5;20,0;20,0;0,0;302,4;3,02E2;-541,2;20,00;3,0;3,0;34,83;0,53;0,085;0,0;0,00;0,054
44;01.11.2023;10:26:50;00:00:43;250,0;20,1;18,6;17,5;20,0;20,0;0,0;296,7;2,97E2;-541,2;20,00;3,0;3,0;34,83;0,53;0,081;0,0;0,01;0,054
45;01.11.2023;10:26:51;00:00:44;250,0;20,1;18,6;17,5;20,0;20,0;0,0;285,3;2,85E2;-541,2;20,00;3,0;3,0;34,83;0,53;0,084;0,0;0,01;0,054
46;01.11.2023;10:26:52;00:00:45;250,0;20,1;18,6;17,5;20,0;20,0;0,0;274,3;2,74E2;-541,2;20,00;3,0;3,0;34,84;0,53;0,089;0,0;0,00;0,054
47;01.11.2023;10:26:53;00:00:46;250,0;20,1;18,6;17,5;20,0;20,0;0,0;268,0;2,68E2;-541,2;20,00;3,0;3,0;34,84;0,53;0,093;0,0;0,01;0,054
48;01.11.2023;10:26:54;00:00:47;250,0;19,9;18,5;17,4;19,9;20,0;0,0;258,0;2,58E2;-541,2;20,00;3,0;3,0;34,84;0,53;0,094;0,0;0,01;0,054
49;01.11.2023;10:26:55;00:00:48;250,0;19,9;18,5;17,4;19,9;20,0;0,0;248,0;2,48E2;-541,2;20,00;3,0;2,9;34,84;0,53;0,086;0,0;0,00;0,054
50;01.11.2023;10:26:56;00:00:49;250,0;19,9;18,5;17,4;19,9;20,0;0,0;243,2;2,43E2;-541,2;20,00;3,0;3,0;34,84;0,54;0,085;0,0;0,00;0,054
51;01.11.2023;10:26:57;00:00:50;250,0;19,9;18,5;17,4;19,9;20,0;0,0;233,9;2,34E2;-541,2;20,00;3,0;3,0;34,84;0,54;0,091;0,0;0,00;0,054
52;01.11.2023;10:26:58;00:00:51;250,0;19,9;18,5;17,4;19,9;20,0;0,0;225,1;2,25E2;-541,2;20,00;3,0;3,0;34,84;0,54;0,090;0,0;0,00;0,054
53;01.11.2023;10:26:59;00:00:52;250,0;19,9;18,5;17,4;19,9;20,0;0,0;220,0;2,20E2;-541,2;20,00;3,0;2,9;34,85;0,54;0,092;0,0;0,01;0,054
54;01.11.2023;10:27:00;00:00:53;250,0;19,8;18,5;17,4;19,9;20,0;0,0;211,4;2,11E2;-541,2;20,00;3,0;3,0;34,85;0,54;0,103;0,0;0,00;0,054
55;01.11.2023;10:27:01;00:00:54;250,0;19,8;18,6;17,4;19,9;20,0;0,0;203,4;2,03E2;-541,2;20,00;3,0;3,0;34,85;0,54;0,103;0,0;0,00;0,054
56;01.11.2023;10:27:02;00:00:55;250,0;19,8;18,6;17,4;19,9;20,0;0,0;199,7;2,00E2;-541,2;20,00;3,0;3,0;34,85;0,55;0,100;0,0;0,01;0,054
57;01.11.2023;10:27:03;00:00:56;250,0;19,8;18,6;17,4;19,9;20,0;0,0;192,0;1,92E2;-541,2;20,00;3,0;3,0;34,85;0,55;0,094;0,0;0,00;0,054
58;01.11.2023;10:27:04;00:00:57;250,0;19,8;18,6;17,4;19,9;20,0;0,0;188,3;1,88E2;-541,2;20,00;3,0;3,0;34,85;0,55;0,091;0,0;0,01;0,054
59;01.11.2023;10:27:05;00:00:58;250,0;19,8;18,6;17,4;19,9;20,0;0,0;180,8;1,81E2;-541,2;20,00;3,0;3,0;34,86;0,55;0,094;0,0;0,01;0,054
60;01.11.2023;10:27:06;00:00:59;250,0;19,7;18,6;17,4;19,9;20,0;0,0;173,8;1,74E2;-541,2;20,00;3,0;3,0;34,86;0,55;0,096;0,0;0,00;0,054
61;01.11.2023;10:27:07;00:01:00;250,0;19,7;18,6;17,4;19,9;20,0;0,0;170,7;1,71E2;-541,2;20,00;3,0;3,0;34,86;0,55;0,092;0,0;0,00;0,054
62;01.11.2023;10:27:08;00:01:01;250,0;19,7;18,6;17,4;19,9;20,0;0,0;156,6;1,57E2;-541,2;20,00;3,0;3,0;34,86;0,56;0,084;0,0;0,01;0,054
63;01.11.2023;10:27:09;00:01:02;250,0;19,7;18,6;17,4;19,9;20,0;0,0;144,5;1,44E2;-541,2;20,00;3,0;3,0;34,86;0,56;0,094;0,0;0,00;0,054
64;01.11.2023;10:27:10;00:01:03;250,0;19,7;18,6;17,4;19,9;20,0;0,0;138,5;1,39E2;-541,2;20,00;3,0;3,0;34,86;0,56;0,098;0,0;0,00;0,054
65;01.11.2023;10:27:11;00:01:04;250,0;19,7;18,6;17,4;20,0;20,0;0,0;127,5;1,27E2;-541,2;20,00;3,0;3,0;34,87;0,56;0,100;0,0;0,01;0,054
66;01.11.2023;10:27:12;00:01:05;250,0;19,6;18,6;17,5;19,9;20,0;0,0;118,5;1,18E2;-541,2;20,00;3,0;2,9;34,87;0,56;0,102;0,0;0,01;0,054
67;01.11.2023;10:27:13;00:01:06;250,0;19,6;18,5;17,4;19,9;20,0;0,0;114,2;1,14E2;-541,2;20,00;3,0;3,0;34,87;0,56;0,104;0,0;0,01;0,054
68;01.11.2023;10:27:14;00:01:07;250,0;19,5;18,5;17,4;19,9;20,0;0,0;105,9;1,06E2;-541,2;20,00;3,0;3,0;34,87;0,57;0,109;0,0;0,01;0,054
69;01.11.2023;10:27:15;00:01:08;250,0;19,5;18,5;17,4;19,9;20,0;0,0;102,4;1,02E2;-541,2;20,00;3,0;3,0;34,87;0,57;0,105;0,0;0,00;0,054
70;01.11.2023;10:27:16;00:01:09;250,0;19,5;18,5;17,4;19,9;20,0;0,0;94,8;9,48E1;-541,2;20,00;3,0;3,0;34,87;0,57;0,102;0,0;0,01;0,054
71;01.11.2023;10:27:17;00:01:10;250,0;19,5;18,5;17,4;19,9;20,0;0,0;87,4;8,74E1;-541,2;20,00;3,0;3,0;34,88;0,57;0,098;0,0;0,01;0,054
72;01.11.2023;10:27:18;00:01:11;250,0;19,5;18,5;17,4;19,9;20,0;0,0;84,8;8,48E1;-541,2;20,00;3,0;2,9;34,88;0,57;0,097;0,0;0,00;0,054
73;01.11.2023;10:27:19;00:01:12;250,0;19,5;18,5;17,4;19,9;20,0;0,0;78,4;7,84E1;-541,2;20,00;3,0;3,0;34,88;0,57;0,097;0,0;0,01;0,054
74;01.11.2023;10:27:20;00:01:13;250,0;19,4;18,5;17,4;19,9;20,0;0,0;73,1;7,31E1;-541,2;20,00;3,0;3,0;34,88;0,58;0,094;0,0;0,00;0,054
75;01.11.2023;10:27:21;00:01:14;250,0;19,4;18,5;17,4;19,9;20,0;0,0;70,4;7,04E1;-541,2;20,00;3,0;3,0;34,88;0,58;0,091;0,0;0,00;0,054
76;01.11.2023;10:27:22;00:01:15;250,0;19,4;18,5;17,4;19,9;20,0;0,0;65,1;6,51E1;-541,2;20,00;3,0;3,0;34,88;0,58;0,092;0,0;0,01;0,054
77;01.11.2023;10:27:23;00:01:16;250,0;19,4;18,5;17,4;19,9;20,0;0,0;60,3;6,03E1;-541,2;20,00;3,0;3,0;34,88;0,58;0,089;0,0;0,01;0,054
78;01.11.2023;10:27:24;00:01:17;250,0;19,4;18,5;17,4;19,9;20,0;0,0;57,9;5,79E1;-541,2;20,00;3,0;3,0;34,88;0,58;0,084;0,0;0,00;0,054
79;01.11.2023;10:27:25;00:01:18;250,0;19,3;18,5;17,4;19,9;20,0;0,0;53,4;5,34E1;-541,2;20,00;3,0;3,0;34,89;0,58;0,080;0,0;0,01;0,054
80;01.11.2023;10:27:26;00:01:19;250,0;19,3;18,5;17,4;19,9;20,0;0,0;49,5;4,95E1;-541,2;20,00;3,0;3,0;34,89;0,58;0,079;0,0;0,01;0,054
81;01.11.2023;10:27:27;00:01:20;250,0;19,3;18,5;17,4;19,9;20,0;0,0;47,7;4,77E1;-541,2;20,00;3,0;3,0;34,89;0,58;0,080;0,0;0,00;0,054
82;01.11.2023;10:27:28;00:01:21;250,0;19,3;18,5;17,5;19,9;20,0;0,0;44,3;4,43E1;-541,2;20,00;3,0;3,0;34,89;0,59;0,079;0,0;0,00;0,054
83;01.11.2023;10:27:29;00:01:22;250,0;19,3;18,5;17,5;19,9;20,0;0,0;42,8;4,28E1;-541,2;20,00;3,0;3,0;34,89;0,59;0,077;0,0;0,01;0,054
84;01.11.2023;10:27:30;00:01:23;250,0;19,3;18,5;17,5;19,9;20,0;0,0;39,6;3,96E1;-541,2;20,00;3,0;3,0;34,89;0,59;0,069;0,0;0,00;0,054
85;01.11.2023;10:27:31;00:01:24;250,0;19,3;18,5;17,5;19,9;20,0;0,0;36,6;3,66E1;-541,2;20,00;3,0;3,0;34,89;0,59;0,068;0,0;0,00;0,054
86;01.11.2023;10:27:32;00:01:25;250,0;19,3;18,5;17,5;19,9;20,0;0,0;35,2;3,52E1;-541,2;20,00;3,0;3,0;34,89;0,59;0,066;0,0;0,01;0,054
87;01.11.2023;10:27:33;00:01:26;250,0;19,3;18,4;17,4;19,9;20,0;0,0;32,8;3,28E1;-541,2;20,00;3,0;3,0;34,90;0,59;0,062;0,0;0,01;0,054
88;01.11.2023;10:27:34;00:01:27;250,0;19,1;18,4;17,4;19,9;20,0;0,0;30,3;3,03E1;-541,2;20,00;3,0;3,0;34,89;0,59;0,061;0,0;0,00;0,054
89;01.11.2023;10:27:35;00:01:28;250,0;19,1;18,4;17,4;19,9;20,0;0,0;29,2;2,92E1;-541,2;20,00;3,0;3,0;34,90;0,59;0,058;0,0;0,01;0,054
90;01.11.2023;10:27:36;00:01:29;250,0;19,1;18,4;17,4;19,9;20,0;0,0;27,3;2,73E1;-541,2;20,00;3,0;3,0;34,90;0,59;0,055;0,0;0,00;0,054
91;01.11.2023;10:27:37;00:01:30;250,0;19,1;18,4;17,4;19,9;20,0;0,0;25,1;2,51E1;-541,2;20,00;3,0;3,0;34,90;0,59;0,054;0,0;0,01;0,054
92;01.11.2023;10:27:38;00:01:31;250,0;19,1;18,4;17,4;19,9;20,0;0,0;24,0;2,40E1;-541,2;20,00;3,0;3,0;34,90;0,59;0,057;0,0;0,01;0,054
93;01.11.2023;10:27:39;00:01:32;250,0;19,1;18,4;17,4;19,9;20,0;0,0;22,2;2,22E1;-541,2;20,00;3,0;3,0;34,90;0,59;0,055;0,0;0,01;0,054
94;01.11.2023;10:27:40;00:01:33;250,0;19,1;18,4;17,4;19,9;20,0;0,0;20,6;2,06E1;-541,2;20,00;3,0;3,0;34,90;0,60;0,057;0,0;0,01;0,054
95;01.11.2023;10:27:41;00:01:34;250,0;19,1;18,4;17,4;19,9;20,0;0,0;19,8;1,98E1;-541,2;20,00;3,0;3,0;34,90;0,60;0,056;0,0;0,01;0,054
96;01.11.2023;10:27:42;00:01:35;250,0;19,1;18,4;17,4;19,9;20,0;0,0;18,6;1,86E1;-541,2;20,00;3,0;3,0;34,90;0,60;0,050;0,0;0,01;0,054
97;01.11.2023;10:27:43;00:01:36;250,0;19,1;18,4;17,4;19,9;20,0;0,0;17,9;1,79E1;-541,2;20,00;3,0;3,0;34,90;0,60;0,048;0,0;0,01;0,054
98;01.11.2023;10:27:44;00:01:37;250,0;19,0;18,4;17,4;19,9;20,0;0,0;16,2;1,62E1;-541,2;20,00;3,0;3,0;34,90;0,60;0,042;0,0;0,00;0,054
99;01.11.2023;10:27:45;00:01:38;250,0;19,0;18,4;17,4;19,9;20,0;0,0;15,2;1,52E1;-541,2;20,00;3,0;3,0;34,90;0,60;0,046;0,0;0,01;0,054
100;01.11.2023;10:27:46;00:01:39;250,0;19,0;18,4;17,5;19,9;20,0;0,0;14,5;1,45E1;-541,2;20,00;3,0;3,0;34,91;0,60;0,047;0,0;0,00;0,054
101;01.11.2023;10:27:47;00:01:40;250,0;19,0;18,4;17,5;19,9;20,0;0,0;13,6;1,36E1;-541,2;20,00;3,0;3,0;34,91;0,60;0,042;0,0;0,01;0,054
102;01.11.2023;10:27:48;00:01:41;250,0;19,0;18,4;17,5;19,9;20,0;0,0;12,8;1,28E1;-541,2;20,00;3,0;3,0;34,91;0,60;0,038;0,0;0,01;0,054
103;01.11.2023;10:27:49;00:01:42;250,0;19,0;18,4;17,5;19,9;20,0;0,0;12,3;1,23E1;-541,2;20,00;3,0;3,0;34,91;0,60;0,037;0,0;0,01;0,054
104;01.11.2023;10:27:50;00:01:43;250,0;19,0;18,4;17,5;19,9;20,0;0,0;11,2;1,12E1;-541,2;20,00;3,0;3,0;34,91;0,60;0,036;0,0;0,00;0,054
105;01.11.2023;10:27:51;00:01:44;250,0;19,0;18,4;17,5;19,9;20,0;0,0;10,6;1,06E1;-541,2;20,00;3,0;3,0;34,91;0,60;0,036;0,0;0,00;0,054
106;01.11.2023;10:27:52;00:01:45;250,0;19,0;18,4;17,5;19,9;20,0;0,0;10,1;1,01E1;-541,2;20,00;3,0;3,0;34,91;0,60;0,034;0,0;0,01;0,054
107;01.11.2023;10:27:53;00:01:46;250,0;19,0;18,4;17,5;19,9;20,0;0,0;8,8;8,85E0;-541,2;20,00;3,0;3,0;34,91;0,60;0,035;0,0;0,00;0,054
108;01.11.2023;10:27:54;00:01:47;250,0;18,9;18,4;17,5;19,9;20,0;0,0;8,0;7,98E0;-541,2;20,00;3,0;3,0;34,91;0,60;0,031;0,0;0,01;0,054
109;01.11.2023;10:27:55;00:01:48;250,0;18,9;18,4;17,5;19,9;20,0;0,0;7,4;7,45E0;-541,2;20,00;3,0;3,0;34,91;0,60;0,031;0,0;0,00;0,054
110;01.11.2023;10:27:56;00:01:49;250,0;18,9;18,4;17,5;19,9;20,0;0,0;6,7;6,70E0;-541,2;20,00;3,0;3,0;34,91;0,60;0,029;0,0;0,01;0,054
111;01.11.2023;10:27:57;00:01:50;250,0;18,9;18,4;17,5;19,9;20,0;0,0;6,5;6,46E0;-541,2;20,00;3,0;3,0;34,91;0,61;0,031;0,0;0,00;0,054
112;01.11.2023;10:27:58;00:01:51;250,0;18,9;18,4;17,5;19,9;20,0;0,0;5,8;5,81E0;-541,2;20,00;3,0;3,0;34,91;0,61;0,030;0,0;0,00;0,054
113;01.11.2023;10:27:59;00:01:52;250,0;18,9;18,4;17,5;19,9;20,0;0,0;5,4;5,36E0;-541,2;20,00;3,0;3,0;34,91;0,61;0,029;0,0;0,01;0,054
114;01.11.2023;10:28:00;00:01:53;250,0;18,9;18,4;17,5;19,9;20,0;0,0;5,1;5,14E0;-541,2;20,00;3,0;3,0;34,91;0,61;0,028;0,0;0,01;0,054
115;01.11.2023;10:28:01;00:01:54;250,0;18,9;18,4;17,5;19,9;20,0;0,0;4,7;4,73E0;-541,2;20,00;3,0;3,0;34,91;0,61;0,025;0,0;0,00;0,054
116;01.11.2023;10:28:02;00:01:55;250,0;18,9;18,4;17,5;19,9;20,0;0,0;4,2;4,22E0;-541,2;20,00;3,0;3,0;34,91;0,61;0,024;0,0;0,00;0,054
117;01.11.2023;10:28:03;00:01:56;250,0;18,9;18,4;17,5;19,9;20,0;0,0;4,1;4,05E0;-541,2;20,00;3,0;3,0;34,91;0,61;0,025;0,0;0,01;0,054
118;01.11.2023;10:28:04;00:01:57;250,0;18,9;18,4;17,5;19,9;20,0;0,0;3,7;3,70E0;-541,2;20,00;3,0;3,0;34,91;0,61;0,024;0,0;0,01;0,054
119;01.11.2023;10:28:05;00:01:58;250,0;18,9;18,4;17,5;19,9;20,0;0,0;3,5;3,48E0;-541,2;20,00;3,0;3,0;34,91;0,61;0,022;0,0;0,00;0,054
120;01.11.2023;10:28:06;00:01:59;250,0;18,8;18,4;17,5;19,9;20,0;0,0;3,3;3,32E0;-541,2;20,00;3,0;3,0;34,91;0,61;0,021;0,0;0,01;0,054
121;01.11.2023;10:28:07;00:02:00;250,0;18,8;18,4;17,5;19,9;20,0;0,0;3,1;3,13E0;-541,2;20,00;3,0;3,0;34,91;0,61;0,024;0,0;0,00;0,054
122;01.11.2023;10:28:08;00:02:01;250,0;18,8;18,4;17,6;19,9;20,0;0,0;2,9;2,91E0;-541,2;20,00;3,0;3,0;34,92;0,61;0,025;0,0;0,00;0,054
123;01.11.2023;10:28:09;00:02:02;250,0;18,8;18,4;17,6;19,9;20,0;0,0;2,7;2,69E0;-541,2;20,00;3,0;3,0;34,91;0,61;0,023;0,0;0,00;0,054
124;01.11.2023;10:28:10;00:02:03;250,0;18,8;18,4;17,6;19,9;20,0;0,0;2,5;2,51E0;-541,2;20,00;3,0;3,0;34,91;0,61;0,021;0,0;0,00;0,054
125;01.11.2023;10:28:11;00:02:04;250,0;18,8;18,4;17,6;19,9;20,0;0,0;2,4;2,44E0;-541,2;20,00;3,0;3,0;34,92;0,61;0,021;0,0;0,00;0,054
126;01.11.2023;10:28:12;00:02:05;250,0;18,8;18,4;17,6;20,0;20,0;0,0;2,3;2,27E0;-541,2;20,00;3,0;3,0;34,92;0,61;0,019;0,0;0,00;0,054
127;01.11.2023;10:28:13;00:02:06;250,0;18,7;18,4;17,5;19,9;20,0;0,0;2,2;2,16E0;-541,2;20,00;3,0;3,0;34,92;0,61;0,017;0,0;0,00;0,054
128;01.11.2023;10:28:14;00:02:07;250,0;18,7;18,4;17,5;19,9;20,0;0,0;2,1;2,06E0;-541,2;20,00;3,0;3,0;34,92;0,61;0,013;0,0;0,01;0,054
129;01.11.2023;10:28:15;00:02:08;250,0;18,7;18,4;17,5;19,9;20,0;0,0;1,9;1,91E0;-541,2;20,00;3,0;3,0;34,92;0,61;0,015;0,0;0,01;0,054
130;01.11.2023;10:28:16;00:02:09;250,0;18,7;18,4;17,5;19,9;20,0;0,0;1,8;1,80E0;-541,2;20,00;3,0;3,0;34,92;0,61;0,014;0,0;0,00;0,054
131;01.11.2023;10:28:17;00:02:10;250,0;18,7;18,4;17,5;19,9;20,0;0,0;1,8;1,77E0;-541,2;20,00;3,0;3,0;34,92;0,61;0,014;0,0;0,00;0,054
132;01.11.2023;10:28:18;00:02:11;250,0;18,7;18,4;17,5;19,9;20,0;0,0;1,7;1,67E0;-541,2;20,00;3,0;3,0;34,92;0,61;0,017;0,0;0,01;0,054
133;01.11.2023;10:28:19;00:02:12;250,0;18,7;18,3;17,5;19,9;20,0;0,0;1,6;1,56E0;-541,2;20,00;3,0;3,0;34,92;0,61;0,012;0,0;0,01;0,054
134;01.11.2023;10:28:20;00:02:13;250,0;18,7;18,3;17,5;19,9;20,0;0,0;1,5;1,54E0;-541,2;20,00;3,0;3,0;34,92;0,61;0,009;0,0;0,01;0,054
135;01.11.2023;10:28:21;00:02:14;250,0;18,7;18,4;17,5;19,9;20,0;0,0;1,5;1,45E0;-541,2;20,00;3,0;3,0;34,92;0,61;0,010;0,0;0,01;0,054
136;01.11.2023;10:28:22;00:02:15;250,0;18,7;18,4;17,5;19,9;20,0;0,0;1,4;1,44E0;-541,2;20,00;3,0;3,0;34,92;0,61;0,011;0,0;0,01;0,054
137;01.11.2023;10:28:23;00:02:16;250,0;18,7;18,4;17,5;19,9;20,0;0,0;1,4;1,37E0;-541,2;20,00;3,0;3,0;34,92;0,61;0,015;0,0;0,00;0,054
138;01.11.2023;10:28:24;00:02:17;250,0;18,7;18,4;17,5;19,9;20,0;0,0;1,3;1,30E0;-541,2;20,00;3,0;3,0;34,92;0,61;0,015;0,0;0,00;0,054
139;01.11.2023;10:28:25;00:02:18;250,0;18,7;18,4;17,5;19,9;20,0;0,0;1,3;1,26E0;-541,2;20,00;3,0;3,0;34,92;0,61;0,018;0,0;0,01;0,054
140;01.11.2023;10:28:26;00:02:19;250,0;18,7;18,4;17,5;19,9;20,0;0,0;1,2;1,21E0;-541,2;20,00;3,0;3,0;34,92;0,61;0,016;0,0;0,01;0,054
141;01.11.2023;10:28:27;00:02:20;250,0;18,7;18,4;17,5;19,9;20,0;0,0;1,2;1,17E0;-541,2;20,00;3,0;3,0;34,92;0,61;0,014;0,0;0,01;0,054
142;01.11.2023;10:28:28;00:02:21;250,0;18,6;18,4;17,6;19,9;20,0;0,0;1,1;1,14E0;-541,2;20,00;3,0;3,0;34,92;0,61;0,013;0,0;0,01;0,054
143;01.11.2023;10:28:29;00:02:22;250,0;18,6;18,4;17,6;19,9;20,0;0,0;1,1;1,12E0;-541,2;20,00;3,0;3,0;34,92;0,61;0,011;0,0;0,01;0,054
144;01.11.2023;10:28:30;00:02:23;250,0;18,6;18,4;17,6;19,9;20,0;0,0;1,1;1,06E0;-541,2;20,00;3,0;3,0;34,92;0,61;0,010;0,0;0,00;0,054
145;01.11.2023;10:28:31;00:02:24;250,0;18,6;18,4;17,6;19,9;20,0;0,0;1,0;1,04E0;-541,2;20,00;3,0;3,0;34,92;0,61;0,010;0,0;0,00;0,054
146;01.11.2023;10:28:32;00:02:25;250,0;18,6;18,4;17,6;19,9;20,0;0,0;1,0;9,94E-1;-541,2;20,00;3,0;3,0;34,92;0,61;0,012;0,0;0,00;0,054
147;01.11.2023;10:28:33;00:02:26;250,0;18,6;18,4;17,5;19,9;20,0;0,0;1,0;9,65E-1;-541,2;20,00;3,0;3,0;34,92;0,62;0,009;0,0;0,01;0,054
148;01.11.2023;10:28:34;00:02:27;250,0;18,6;18,3;17,5;19,9;20,0;0,0;0,9;9,50E-1;-541,2;20,00;3,0;3,0;34,92;0,61;0,009;0,0;0,01;0,054
149;01.11.2023;10:28:35;00:02:28;250,0;18,6;18,3;17,5;19,9;20,0;0,0;0,9;9,20E-1;-541,2;20,00;3,0;3,0;34,92;0,61;0,006;0,0;0,01;0,054
150;01.11.2023;10:28:36;00:02:29;250,0;18,6;18,4;17,6;19,9;20,0;0,0;0,9;8,93E-1;-541,2;20,00;3,0;3,0;34,92;0,61;0,000;0,0;0,01;0,054
151;01.11.2023;10:28:37;00:02:30;250,0;18,6;18,4;17,6;19,9;20,0;0,0;0,9;8,76E-1;-541,2;20,00;3,0;3,0;34,92;0,62;-0,004;0,0;0,01;0,054
152;01.11.2023;10:28:38;00:02:31;250,0;18,6;18,4;17,6;19,9;20,0;0,0;0,8;8,48E-1;-541,2;20,00;3,0;3,0;34,92;0,61;0,002;0,0;0,01;0,054
153;01.11.2023;10:28:39;00:02:32;250,0;18,6;18,4;17,6;19,9;20,0;0,0;0,8;8,23E-1;-541,2;20,00;3,0;3,0;34,92;0,61;0,002;0,0;0,00;0,054
154;01.11.2023;10:28:40;00:02:33;250,0;18,6;18,4;17,6;19,9;20,0;0,0;0,8;8,09E-1;-541,2;20,00;3,0;3,0;34,92;0,61;0,006;0,0;0,01;0,056
155;01.11.2023;10:28:41;00:02:34;250,0;18,6;18,4;17,6;19,9;20,0;0,0;0,8;7,83E-1;-541,2;20,00;3,0;3,0;34,92;0,62;0,007;0,0;0,01;0,054
156;01.11.2023;10:28:42;00:02:35;250,0;18,6;18,4;17,6;19,9;20,0;0,0;0,8;7,63E-1;-541,2;20,00;3,0;3,0;34,92;0,62;0,004;0,0;0,00;0,054
157;01.11.2023;10:28:43;00:02:36;250,0;18,6;18,4;17,6;19,9;20,0;0,0;0,8;7,51E-1;-541,2;20,00;3,0;3,0;34,92;0,62;0,004;0,0;0,01;0,054
158;01.11.2023;10:28:44;00:02:37;250,0;18,6;18,4;17,6;19,9;20,0;0,0;0,7;7,31E-1;-541,2;20,00;3,0;3,0;34,92;0,62;0,009;0,0;0,01;0,054
159;01.11.2023;10:28:45;00:02:38;250,0;18,6;18,4;17,6;19,9;20,0;0,0;0,7;7,13E-1;-541,2;20,00;3,0;3,0;34,92;0,62;0,007;0,0;0,00;0,054
160;01.11.2023;10:28:46;00:02:39;250,0;18,6;18,4;17,6;20,0;20,0;0,0;0,7;7,03E-1;-541,2;20,00;3,0;3,0;34,92;0,62;0,006;0,0;0,01;0,054
161;01.11.2023;10:28:47;00:02:40;250,0;18,6;18,4;17,6;20,0;20,0;0,0;0,7;6,85E-1;-541,2;20,00;3,0;3,0;34,92;0,62;0,005;0,0;0,01;0,054
162;01.11.2023;10:28:48;00:02:41;250,0;18,5;18,4;17,6;20,0;20,0;0,0;0,7;6,67E-1;-541,2;20,00;3,0;3,0;34,92;0,62;0,003;0,0;0,01;0,054
163;01.11.2023;10:28:49;00:02:42;250,0;18,5;18,4;17,6;20,0;20,0;0,0;0,7;6,57E-1;-541,2;20,00;3,0;3,0;34,92;0,62;0,006;0,0;0,01;0,054
164;01.11.2023;10:28:50;00:02:43;250,0;18,5;18,4;17,6;20,0;20,0;0,0;0,6;6,39E-1;-541,2;20,00;3,0;3,0;34,92;0,62;0,007;0,0;0,00;0,054
165;01.11.2023;10:28:51;00:02:44;250,0;18,5;18,4;17,6;20,0;20,0;0,0;0,6;6,30E-1;-541,2;20,00;3,0;3,0;34,92;0,62;0,006;0,0;0,01;0,054
166;01.11.2023;10:28:52;00:02:45;250,0;18,5;18,4;17,6;20,0;20,0;0,0;0,6;6,14E-1;-541,2;20,00;3,0;3,0;34,92;0,62;0,002;0,0;0,01;0,054
167;01.11.2023;10:28:53;00:02:46;250,0;18,5;18,4;17,6;20,0;20,0;0,0;0,6;5,97E-1;-541,2;20,00;3,0;3,0;34,92;0,62;0,004;0,0;0,01;0,054
168;01.11.2023;10:28:54;00:02:47;250,0;18,5;18,4;17,6;20,0;20,0;0,0;0,6;5,88E-1;-541,2;20,00;3,0;3,0;34,92;0,62;0,004;0,0;0,00;0,054
169;01.11.2023;10:28:55;00:02:48;250,0;18,5;18,4;17,6;20,0;20,0;0,0;0,6;5,70E-1;-541,2;20,00;3,0;3,0;34,92;0,62;0,001;0,0;0,00;0,054
170;01.11.2023;10:28:56;00:02:49;250,0;18,5;18,4;17,6;20,0;20,0;0,0;0,6;5,56E-1;-541,2;20,00;3,0;3,0;34,92;0,62;0,001;0,0;0,00;0,054
171;01.11.2023;10:28:57;00:02:50;250,0;18,5;18,4;17,6;20,0;20,0;0,0;0,5;5,48E-1;-541,2;20,00;3,0;3,0;34,92;0,62;0,002;0,0;0,00;0,054
172;01.11.2023;10:28:58;00:02:51;250,0;18,5;18,4;17,6;20,0;20,0;0,0;0,5;5,32E-1;-541,2;20,00;3,0;3,0;34,92;0,62;0,007;0,0;0,01;0,054
173;01.11.2023;10:28:59;00:02:52;250,0;18,5;18,4;17,6;20,0;20,0;0,0;0,5;5,21E-1;-541,2;20,00;3,0;3,0;34,92;0,62;0,007;0,0;0,01;0,054
174;01.11.2023;10:29:00;00:02:53;250,0;18,5;18,4;17,6;20,0;20,0;0,0;0,5;5,16E-1;-541,2;20,00;3,0;3,0;34,92;0,62;0,005;0,0;0,01;0,054
175;01.11.2023;10:29:01;00:02:54;250,0;18,5;18,4;17,6;20,0;20,0;0,0;0,5;5,04E-1;-541,2;20,00;3,0;3,0;34,92;0,62;0,008;0,0;0,01;0,054
176;01.11.2023;10:29:02;00:02:55;250,0;18,5;18,4;17,6;20,0;20,0;0,0;0,5;4,93E-1;-541,2;20,00;3,0;3,0;34,92;0,62;0,009;0,0;0,00;0,054
177;01.11.2023;10:29:03;00:02:56;250,0;18,5;18,4;17,6;20,0;20,0;0,0;0,5;4,88E-1;-541,2;20,00;3,0;3,0;34,92;0,62;0,009;0,0;0,00;0,054
178;01.11.2023;10:29:04;00:02:57;250,0;18,5;18,4;17,6;20,0;20,0;0,0;0,5;4,78E-1;-541,2;20,00;3,0;3,0;34,92;0,62;0,006;0,0;0,00;0,054
179;01.11.2023;10:29:05;00:02:58;250,0;18,5;18,4;17,6;20,0;20,0;0,0;0,5;4,74E-1;-541,2;20,00;3,0;3,0;34,92;0,62;0,007;0,0;0,01;0,054
180;01.11.2023;10:29:06;00:02:59;250,0;18,5;18,4;17,6;20,0;20,0;0,0;0,5;4,64E-1;-541,2;20,00;3,0;3,0;34,92;0,62;0,006;0,0;0,00;0,054
181;01.11.2023;10:29:07;00:03:00;250,0;18,5;18,4;17,7;20,0;20,0;0,0;0,5;4,54E-1;-541,2;20,00;3,0;3,0;34,92;0,62;0,007;0,0;0,01;0,054
182;01.11.2023;10:29:08;00:03:01;250,0;18,5;18,4;17,7;20,0;20,0;0,0;0,4;4,49E-1;-541,2;20,00;3,0;3,0;34,92;0,62;0,006;0,0;0,00;0,054
183;01.11.2023;10:29:09;00:03:02;250,0;18,5;18,4;17,7;20,0;20,0;0,0;0,4;4,40E-1;-541,2;20,00;3,0;3,0;34,92;0,62;0,006;0,0;0,01;0,054
184;01.11.2023;10:29:10;00:03:03;250,0;18,5;18,4;17,7;20,0;20,0;0,0;0,4;4,33E-1;-541,2;20,00;3,0;3,0;34,92;0,62;0,005;0,0;0,01;0,054
185;01.11.2023;10:29:11;00:03:04;250,0;18,5;18,4;17,7;20,0;20,0;0,0;0,4;4,28E-1;-541,2;20,00;3,0;3,0;34,92;0,62;0,001;0,0;0,00;0,054
186;01.11.2023;10:29:12;00:03:05;250,0;18,5;18,4;17,7;20,0;20,0;0,0;0,4;4,20E-1;-541,2;20,00;3,0;3,0;34,92;0,62;0,001;0,0;0,00;0,054
187;01.11.2023;10:29:13;00:03:06;250,0;18,4;18,4;17,6;20,0;20,6;0,2;0,4;4,12E-1;-541,2;20,00;3,0;3,0;34,92;0,62;0,003;0,0;0,01;0,054
188;01.11.2023;10:29:14;00:03:07;250,0;18,4;18,3;17,6;20,0;21,1;0,2;0,4;4,08E-1;-541,2;20,00;3,0;3,0;34,92;0,62;0,001;0,0;0,01;0,054
189;01.11.2023;10:29:15;00:03:08;250,0;18,4;18,3;17,6;20,0;22,2;0,3;0,4;4,00E-1;-541,2;20,00;3,0;3,0;34,92;0,62;0,002;0,0;0,01;0,054
190;01.11.2023;10:29:16;00:03:09;250,0;18,4;18,3;17,6;20,0;22,8;0,4;0,4;3,97E-1;-541,2;20,00;3,0;3,0;34,92;0,62;0,000;0,0;0,00;0,054
191;01.11.2023;10:29:17;00:03:10;250,0;18,4;18,3;17,6;20,0;23,9;0,5;0,4;3,90E-1;-541,2;20,00;3,0;3,0;34,92;0,62;-0,001;0,0;0,00;0,054
192;01.11.2023;10:29:18;00:03:11;250,0;18,4;18,3;17,6;20,0;25,0;0,6;0,4;3,83E-1;-541,2;20,00;3,0;3,0;34,92;0,62;0,000;0,0;0,00;0,054
193;01.11.2023;10:29:19;00:03:12;250,0;18,4;18,3;17,6;20,0;25,5;0,6;0,4;3,80E-1;-541,2;20,00;3,0;3,0;34,92;0,62;-0,001;0,0;0,01;0,054
194;01.11.2023;10:29:20;00:03:13;250,0;18,4;18,3;17,7;20,0;26,7;0,7;0,4;3,73E-1;-541,2;20,00;3,0;3,0;34,92;0,62;-0,001;0,0;0,01;0,054
195;01.11.2023;10:29:21;00:03:14;250,0;18,4;18,3;17,7;20,0;27,8;0,9;0,4;3,67E-1;-541,2;20,00;3,0;3,0;34,92;0,62;0,002;0,0;0,00;0,054
196;01.11.2023;10:29:22;00:03:15;250,0;18,4;18,4;17,7;20,0;28,3;0,9;0,4;3,64E-1;-541,2;20,00;3,0;3,0;34,92;0,62;0,003;0,0;0,01;0,054
197;01.11.2023;10:29:23;00:03:16;250,0;18,4;18,4;17,7;20,0;29,4;1,0;0,4;3,59E-1;-541,2;20,00;3,0;3,0;34,92;0,62;0,005;0,0;0,00;0,054
198;01.11.2023;10:29:24;00:03:17;250,0;18,4;18,4;17,7;20,0;30,5;1,1;0,4;3,55E-1;-541,2;20,00;3,0;3,0;34,92;0,62;0,003;0,0;0,00;0,054
199;01.11.2023;10:29:25;00:03:18;250,0;18,4;18,4;17,7;20,0;31,1;1,2;0,4;3,53E-1;-541,2;20,00;3,0;3,0;34,92;0,62;0,000;0,0;0,00;0,054
200;01.11.2023;10:29:26;00:03:19;250,0;18,4;18,4;17,7;20,0;32,3;1,3;0,3;3,48E-1;-541,2;20,00;3,0;3,0;34,92;0,62;0,002;0,0;0,00;0,054
201;01.11.2023;10:29:27;00:03:20;250,0;18,4;18,4;17,7;20,0;33,4;1,4;0,3;3,43E-1;-541,2;20,00;3,0;3,0;34,92;0,62;0,002;0,0;0,01;0,054
202;01.11.2023;10:29:28;00:03:21;250,0;18,4;18,4;17,7;20,0;33,9;1,5;0,3;3,41E-1;-541,2;20,00;3,0;3,0;34,92;0,62;-0,001;0,0;0,01;0,054
203;01.11.2023;10:29:29;00:03:22;250,0;18,4;18,4;17,7;20,0;35,0;1,6;0,3;3,37E-1;-541,2;20,00;3,0;2,9;34,92;0,62;0,002;0,0;0,01;0,054
204;01.11.2023;10:29:30;00:03:23;250,0;18,4;18,4;17,7;20,0;35,6;1,6;0,3;3,35E-1;-541,2;20,00;3,0;3,0;34,92;0,62;0,003;0,0;0,01;0,054
205;01.11.2023;10:29:31;00:03:24;250,0;18,4;18,4;17,7;20,0;36,7;1,7;0,3;3,31E-1;-541,2;20,00;3,0;3,0;34,92;0,62;-0,001;0,0;0,00;0,054
206;01.11.2023;10:29:32;00:03:25;250,0;18,4;18,4;17,7;20,0;37,9;1,9;0,3;3,27E-1;-541,2;20,00;3,0;3,0;34,92;0,62;0,002;0,0;0,00;0,054
207;01.11.2023;10:29:33;00:03:26;250,0;18,4;18,3;17,6;20,0;38,4;1,9;0,3;3,25E-1;-541,2;20,00;3,0;3,0;34,92;0,62;0,001;0,0;0,01;0,054
208;01.11.2023;10:29:34;00:03:27;250,0;18,3;18,3;17,6;20,0;39,5;2,0;0,3;3,22E-1;-541,2;20,00;3,0;3,0;34,92;0,62;-0,001;0,0;0,00;0,054
209;01.11.2023;10:29:35;00:03:28;250,0;18,3;18,3;17,6;20,0;40,6;2,2;0,3;3,19E-1;-541,2;20,00;3,0;3,0;34,92;0,62;0,000;0,0;0,01;0,054
210;01.11.2023;10:29:36;00:03:29;250,0;18,3;18,3;17,6;20,0;41,2;2,2;0,3;3,17E-1;-541,2;20,00;3,0;3,0;34,92;0,62;-0,002;0,0;0,00;0,054
211;01.11.2023;10:29:37;00:03:30;250,0;18,3;18,3;17,6;20,0;42,3;2,3;0,3;3,14E-1;-541,2;20,00;3,0;3,0;34,92;0,62;-0,003;0,0;0,01;0,054
212;01.11.2023;10:29:38;00:03:31;250,0;18,3;18,3;17,6;20,0;43,5;2,5;0,3;3,11E-1;-541,2;20,00;3,0;3,0;34,92;0,62;-0,001;0,0;0,00;0,054
213;01.11.2023;10:29:39;00:03:32;250,0;18,3;18,3;17,6;20,0;44,0;2,5;0,3;3,09E-1;-541,2;20,00;3,0;3,0;34,92;0,62;0,000;0,0;0,01;0,054
214;01.11.2023;10:29:40;00:03:33;250,0;18,3;18,3;17,6;20,0;45,1;2,7;0,3;3,06E-1;-541,2;20,00;3,0;3,0;34,92;0,62;0,002;0,0;0,00;0,054
215;01.11.2023;10:29:41;00:03:34;250,0;18,3;18,3;17,6;20,0;46,2;2,8;0,3;3,03E-1;-541,2;20,00;3,0;3,0;34,92;0,62;0,001;0,0;0,01;0,054
216;01.11.2023;10:29:42;00:03:35;250,0;18,3;18,3;17,6;20,0;46,8;2,8;0,3;3,01E-1;-541,2;20,00;3,0;3,0;34,92;0,62;0,002;0,0;0,00;0,054
217;01.11.2023;10:29:43;00:03:36;250,0;18,3;18,3;17,6;20,0;47,9;3,0;0,3;2,99E-1;-541,2;20,00;3,0;3,0;34,92;0,62;0,004;0,0;0,01;0,054
218;01.11.2023;10:29:44;00:03:37;250,0;18,3;18,3;17,6;20,0;48,5;3,0;0,3;2,97E-1;-541,2;20,00;3,0;3,0;34,92;0,62;0,002;0,0;0,00;0,054
219;01.11.2023;10:29:45;00:03:38;250,0;18,3;18,3;17,6;20,0;49,6;3,2;0,3;2,94E-1;-541,2;20,00;3,0;3,0;34,92;0,62;0,006;0,0;0,01;0,054
220;01.11.2023;10:29:46;00:03:39;250,0;18,3;18,3;17,6;20,0;50,7;3,3;0,3;2,92E-1;-541,2;20,00;3,0;3,0;34,92;0,62;0,002;0,0;0,00;0,054
221;01.11.2023;10:29:47;00:03:40;250,0;18,3;18,3;17,6;20,0;51,3;3,3;0,3;2,91E-1;-541,2;20,00;3,0;3,0;34,92;0,62;-0,002;0,0;0,00;0,054
222;01.11.2023;10:29:48;00:03:41;250,0;18,3;18,3;17,6;20,0;52,4;3,5;0,3;2,88E-1;-541,2;20,00;3,0;3,0;34,92;0,62;0,003;0,0;0,01;0,054
223;01.11.2023;10:29:49;00:03:42;250,0;18,3;18,3;17,6;20,0;53,5;3,6;0,3;2,86E-1;-541,2;20,00;3,0;3,0;34,92;0,62;0,002;0,0;0,00;0,054
224;01.11.2023;10:29:50;00:03:43;250,0;18,3;18,3;17,6;20,0;54,1;3,7;0,3;2,84E-1;-541,2;20,00;3,0;3,0;34,92;0,62;0,004;0,0;0,00;0,054
225;01.11.2023;10:29:51;00:03:44;250,0;18,3;18,3;17,6;20,0;55,2;3,8;0,3;2,82E-1;-541,2;20,00;3,0;3,0;34,92;0,62;0,003;0,0;0,01;0,054
226;01.11.2023;10:29:52;00:03:45;250,0;18,3;18,3;17,6;20,0;56,3;3,9;0,3;2,80E-1;-541,2;20,00;3,0;3,0;34,92;0,62;0,000;0,0;0,00;0,054
227;01.11.2023;10:29:53;00:03:46;250,0;18,2;18,3;17,6;20,0;56,9;4,0;0,3;2,79E-1;-541,2;20,00;3,0;3,0;34,92;0,62;-0,003;0,0;0,01;0,054
228;01.11.2023;10:29:54;00:03:47;250,0;18,2;18,3;17,6;20,0;58,0;4,1;0,3;2,76E-1;-541,2;20,00;3,0;3,0;34,92;0,62;-0,001;0,0;0,01;0,054
229;01.11.2023;10:29:55;00:03:48;250,0;18,2;18,3;17,6;20,0;58,5;4,2;0,3;2,75E-1;-541,2;20,00;3,0;3,0;34,92;0,62;-0,001;0,0;0,00;0,054
230;01.11.2023;10:29:56;00:03:49;250,0;18,2;18,3;17,6;20,0;59,7;4,4;0,3;2,73E-1;-541,2;20,00;3,0;3,0;34,92;0,62;-0,001;0,0;0,00;0,054
231;01.11.2023;10:29:57;00:03:50;250,0;18,2;18,3;17,6;20,0;60,8;4,5;0,3;2,71E-1;-541,2;20,00;3,0;3,0;34,92;0,62;-0,001;0,0;0,01;0,054
232;01.11.2023;10:29:58;00:03:51;250,0;18,2;18,3;17,6;20,0;61,3;4,6;0,3;2,70E-1;-541,2;20,00;3,0;2,9;34,92;0,62;-0,005;0,0;0,01;0,054
233;01.11.2023;10:29:59;00:03:52;250,0;18,2;18,3;17,6;20,0;62,4;4,7;0,3;2,68E-1;-541,2;20,00;3,0;3,0;34,92;0,62;-0,003;0,0;0,01;0,054
234;01.11.2023;10:30:00;00:03:53;250,0;18,2;18,3;17,6;20,0;63,5;4,8;0,3;2,66E-1;-541,2;20,00;3,0;3,0;34,92;0,62;0,002;0,0;0,01;0,054
235;01.11.2023;10:30:01;00:03:54;250,0;18,2;18,3;17,6;20,0;64,1;4,9;0,3;2,65E-1;-541,2;20,00;3,0;3,0;34,92;0,62;0,002;0,0;0,01;0,054
236;01.11.2023;10:30:02;00:03:55;250,0;18,2;18,3;17,6;20,0;65,3;5,1;0,3;2,63E-1;-541,2;20,00;3,0;3,0;34,92;0,62;0,003;0,0;0,00;0,054
237;01.11.2023;10:30:03;00:03:56;250,0;18,2;18,3;17,6;20,0;66,4;5,2;0,3;2,61E-1;-541,2;20,00;3,0;3,0;34,92;0,62;0,002;0,0;0,00;0,054
238;01.11.2023;10:30:04;00:03:57;250,0;18,2;18,3;17,6;20,0;66,9;5,3;0,3;2,60E-1;-541,2;20,00;3,0;3,0;34,92;0,62;0,003;0,0;0,00;0,054
239;01.11.2023;10:30:05;00:03:58;250,0;18,2;18,3;17,6;20,0;68,0;5,4;0,3;2,58E-1;-541,2;20,00;3,0;3,0;34,92;0,62;0,002;0,0;0,01;0,054
240;01.11.2023;10:30:06;00:03:59;250,0;18,2;18,3;17,6;20,0;69,1;5,5;0,3;2,57E-1;-541,2;20,00;3,0;3,0;34,92;0,62;0,004;0,0;0,01;0,054
241;01.11.2023;10:30:07;00:04:00;250,0;18,2;18,3;17,6;20,0;69,7;5,6;0,3;2,56E-1;-541,2;20,00;3,0;3,0;34,92;0,62;0,003;0,0;0,00;0,054
242;01.11.2023;10:30:08;00:04:01;250,0;18,2;18,3;17,6;20,0;70,9;5,8;0,3;2,54E-1;-541,2;20,00;3,0;3,0;34,92;0,62;0,002;0,0;0,00;0,054
243;01.11.2023;10:30:09;00:04:02;250,0;18,2;18,3;17,6;20,0;71,4;5,8;0,3;2,53E-1;-541,2;20,00;3,0;3,0;34,92;0,62;0,002;0,0;0,01;0,054
244;01.11.2023;10:30:10;00:04:03;250,0;18,2;18,3;17,6;20,0;72,5;6,0;0,3;2,51E-1;-541,2;20,00;3,0;3,0;34,92;0,62;0,005;0,0;0,00;0,054
245;01.11.2023;10:30:11;00:04:04;250,0;18,2;18,3;17,6;20,0;73,6;6,1;0,2;2,50E-1;-541,2;20,00;3,0;3,0;34,92;0,62;0,002;0,0;0,01;0,054
246;01.11.2023;10:30:12;00:04:05;250,0;18,2;18,3;17,6;20,0;74,2;6,2;0,2;2,49E-1;-541,2;20,00;3,0;3,0;34,92;0,62;0,001;0,0;0,01;0,054
247;01.11.2023;10:30:13;00:04:06;250,0;18,2;18,3;17,7;20,0;75,4;6,4;0,2;2,47E-1;-541,2;20,00;3,0;3,0;34,92;0,62;0,002;0,0;0,01;0,054
248;01.11.2023;10:30:14;00:04:07;250,0;18,2;18,3;17,7;20,0;77,0;6,6;0,2;2,46E-1;-541,2;20,00;3,0;3,0;34,92;0,62;0,003;0,0;0,01;0,054
249;01.11.2023;10:30:15;00:04:08;250,0;18,2;18,3;17,7;20,0;77,7;6,7;0,2;2,45E-1;-541,2;20,00;3,0;3,0;34,92;0,62;0,001;0,0;0,00;0,054
250;01.11.2023;10:30:16;00:04:09;250,0;18,2;18,3;17,7;20,0;79,2;6,8;0,2;2,44E-1;-541,2;20,00;3,0;3,0;34,92;0,62;0,001;0,0;0,00;0,054
251;01.11.2023;10:30:17;00:04:10;250,0;18,2;18,3;17,7;20,0;80,7;7,0;0,2;2,43E-1;-541,2;20,00;3,0;3,0;34,92;0,62;0,001;0,0;0,00;0,054
252;01.11.2023;10:30:18;00:04:11;250,0;18,2;18,3;17,7;20,0;81,5;7,1;0,2;2,42E-1;-541,2;20,00;3,0;3,0;34,92;0,62;0,003;0,0;0,00;0,054
253;01.11.2023;10:30:19;00:04:12;250,0;18,2;18,3;17,7;20,0;83,0;7,3;0,2;2,41E-1;-541,2;20,00;3,0;3,0;34,92;0,62;0,006;0,0;0,01;0,054
254;01.11.2023;10:30:20;00:04:13;250,0;18,2;18,3;17,7;20,0;84,6;7,5;0,2;2,40E-1;-541,2;20,00;3,0;3,0;34,92;0,62;0,003;0,0;0,01;0,054
255;01.11.2023;10:30:21;00:04:14;250,0;18,2;18,3;17,7;20,0;85,4;7,6;0,2;2,39E-1;-541,2;20,00;3,0;3,0;34,92;0,62;0,003;0,0;0,01;0,054
256;01.11.2023;10:30:22;00:04:15;250,0;18,2;18,3;17,7;20,0;86,9;7,8;0,2;2,38E-1;-541,2;20,00;3,0;3,0;34,92;0,62;0,001;0,0;0,01;0,054
257;01.11.2023;10:30:23;00:04:16;250,0;18,2;18,3;17,7;20,0;87,6;7,9;0,2;2,37E-1;-541,2;20,00;3,0;3,0;34,92;0,62;0,003;0,0;0,01;0,054
258;01.11.2023;10:30:24;00:04:17;250,0;18,2;18,3;17,7;20,0;89,1;8,1;0,2;2,36E-1;-541,2;20,00;3,0;3,0;34,92;0,62;0,005;0,0;0,01;0,054
259;01.11.2023;10:30:25;00:04:18;250,0;18,2;18,3;17,7;20,0;90,6;8,3;0,2;2,35E-1;-541,2;20,00;3,0;3,0;34,92;0,62;0,002;0,0;0,00;0,054
260;01.11.2023;10:30:26;00:04:19;250,0;18,2;18,3;17,7;20,0;91,4;8,4;0,2;2,35E-1;-541,2;20,00;3,0;3,0;34,92;0,62;0,002;0,0;0,01;0,054
261;01.11.2023;10:30:27;00:04:20;250,0;18,2;18,3;17,7;20,0;93,0;8,6;0,2;2,33E-1;-541,2;20,00;3,0;3,0;34,92;0,62;0,003;0,0;0,00;0,054
262;01.11.2023;10:30:28;00:04:21;250,0;18,2;18,3;17,7;20,0;94,5;8,8;0,2;2,32E-1;-541,2;20,00;3,0;3,0;34,92;0,62;0,001;0,0;0,01;0,054
263;01.11.2023;10:30:29;00:04:22;250,0;18,2;18,3;17,7;20,0;95,2;8,9;0,2;2,32E-1;-541,2;20,00;3,0;3,0;34,92;0,62;-0,001;0,0;0,01;0,054
264;01.11.2023;10:30:30;00:04:23;250,0;18,2;18,3;17,7;20,1;96,7;9,1;0,2;2,31E-1;-541,2;20,00;3,0;3,0;34,92;0,62;0,003;0,0;0,01;0,054
265;01.11.2023;10:30:31;00:04:24;250,0;18,2;18,3;17,7;20,1;98,2;9,3;0,2;2,30E-1;-541,2;20,00;3,0;3,0;34,92;0,62;0,001;0,0;0,01;0,054
266;01.11.2023;10:30:32;00:04:25;250,0;18,2;18,3;17,7;20,1;99,0;9,4;0,2;2,29E-1;-541,2;20,00;3,0;3,0;34,92;0,62;0,002;0,0;0,00;0,054
267;01.11.2023;10:30:33;00:04:26;250,0;18,1;18,3;17,7;20,0;100,6;9,7;0,2;2,29E-1;-541,2;20,00;3,0;3,0;34,92;0,62;0,003;0,0;0,04;0,054
268;01.11.2023;10:30:34;00:04:27;250,0;18,1;18,3;17,7;20,0;101,4;9,8;0,2;2,28E-1;-541,2;20,00;3,0;2,9;34,93;0,62;0,005;0,8;3,73;0,210
269;01.11.2023;10:30:35;00:04:28;250,0;18,1;18,3;17,7;20,1;102,9;10,0;0,2;2,27E-1;-541,2;20,00;3,0;3,0;34,92;0,62;0,016;0,8;3,79;0,216
270;01.11.2023;10:30:36;00:04:29;250,0;18,3;18,3;17,7;20,1;104,4;10,2;0,2;2,27E-1;-541,2;20,00;3,0;3,0;34,93;0,62;0,019;0,8;3,76;0,220
271;01.11.2023;10:30:37;00:04:30;250,0;18,3;18,3;17,7;20,2;105,1;10,3;0,2;2,26E-1;-541,2;20,00;3,0;2,9;34,93;0,62;0,013;0,8;3,76;0,220
272;01.11.2023;10:30:38;00:04:31;250,1;19,1;18,3;17,7;20,3;106,6;10,4;0,2;2,26E-1;-541,2;20,00;3,0;2,9;34,93;0,62;0,012;0,8;3,77;0,224
273;01.11.2023;10:30:39;00:04:32;250,0;19,1;18,4;17,7;20,3;108,3;10,6;0,2;2,25E-1;-541,2;20,00;3,0;3,0;34,93;0,62;0,006;0,8;3,83;0,225
274;01.11.2023;10:30:40;00:04:33;250,0;20,9;18,4;17,7;20,3;109,0;10,6;0,2;2,25E-1;-541,2;20,00;3,0;3,0;34,93;0,62;0,004;0,9;3,82;0,225
275;01.11.2023;10:30:41;00:04:34;250,0;20,9;18,4;17,7;20,5;110,5;10,8;0,2;2,25E-1;-541,2;20,00;3,0;3,0;34,93;0,62;0,004;0,9;3,84;0,225
276;01.11.2023;10:30:42;00:04:35;250,0;24,0;18,4;17,7;20,7;112,0;10,7;0,2;2,24E-1;-541,2;20,00;3,0;3,0;34,93;0,62;0,003;0,9;3,81;0,230
277;01.11.2023;10:30:43;00:04:36;250,0;24,0;18,4;17,7;20,7;112,7;10,8;0,2;2,24E-1;-541,2;20,00;3,0;3,0;34,93;0,62;0,002;0,9;3,81;0,228
278;01.11.2023;10:30:44;00:04:37;250,0;24,0;18,5;17,7;20,7;114,2;11,0;0,2;2,25E-1;-541,2;20,00;3,0;3,0;34,93;0,63;0,004;0,9;3,81;0,230
279;01.11.2023;10:30:45;00:04:38;250,0;28,2;18,5;17,7;20,9;115,9;10,9;0,2;2,25E-1;-541,2;20,00;3,0;3,0;34,93;0,62;0,005;0,9;3,78;0,228
280;01.11.2023;10:30:46;00:04:39;250,0;32,9;18,6;17,8;20,9;116,6;10,7;0,2;2,25E-1;-541,2;20,00;3,0;3,0;34,93;0,62;0,005;0,9;3,83;0,230
281;01.11.2023;10:30:47;00:04:40;250,0;32,9;18,7;17,8;20,9;118,1;10,8;0,2;2,26E-1;-541,2;20,00;3,0;3,0;34,93;0,62;0,004;0,9;3,81;0,228
282;01.11.2023;10:30:48;00:04:41;250,0;38,0;18,7;17,9;20,9;118,9;10,5;0,2;2,26E-1;-541,2;20,00;3,0;3,1;34,93;0,62;0,007;0,9;3,80;0,230
283;01.11.2023;10:30:49;00:04:42;250,0;38,0;18,8;17,9;21,0;120,4;10,7;0,2;2,27E-1;-541,2;20,00;3,0;3,0;34,93;0,62;0,004;0,9;3,79;0,228
284;01.11.2023;10:30:50;00:04:43;250,1;42,9;18,8;18,0;21,0;121,9;10,5;0,2;2,29E-1;-541,2;20,00;3,0;3,0;34,93;0,62;0,000;0,9;3,78;0,230
285;01.11.2023;10:30:51;00:04:44;250,1;42,9;18,8;18,0;21,0;122,7;10,5;0,2;2,29E-1;-541,2;20,00;3,0;3,0;34,93;0,62;0,005;0,8;3,80;0,225
286;01.11.2023;10:30:52;00:04:45;250,0;47,8;19,0;18,1;21,0;124,2;10,3;0,2;2,31E-1;-541,2;20,00;3,0;3,0;34,93;0,62;0,002;0,9;3,77;0,225
287;01.11.2023;10:30:53;00:04:46;250,0;47,8;18,9;18,1;21,0;125,7;10,5;0,2;2,32E-1;-541,2;20,00;3,0;3,0;34,93;0,62;0,002;0,9;3,76;0,230
288;01.11.2023;10:30:54;00:04:47;250,1;52,9;19,0;18,2;21,0;126,5;10,4;0,2;2,33E-1;-541,2;20,00;3,0;3,0;34,93;0,62;0,005;0,9;3,77;0,230
289;01.11.2023;10:30:55;00:04:48;250,0;52,9;19,0;18,2;21,1;128,0;10,4;0,2;2,35E-1;-541,2;20,00;3,0;3,0;34,93;0,62;0,002;0,9;3,79;0,227
290;01.11.2023;10:30:56;00:04:49;250,1;57,8;19,2;18,3;21,1;129,5;10,3;0,2;2,36E-1;-541,2;20,00;3,0;3,0;34,93;0,62;0,001;0,9;3,75;0,230
291;01.11.2023;10:30:57;00:04:50;250,1;57,8;19,2;18,3;21,1;130,4;10,2;0,2;2,37E-1;-541,2;20,00;3,0;3,1;34,93;0,62;0,004;0,8;3,74;0,225
292;01.11.2023;10:30:58;00:04:51;250,1;62,6;19,3;18,4;21,1;131,9;10,0;0,2;2,38E-1;-541,2;20,00;3,0;3,1;34,93;0,62;0,001;0,9;3,76;0,227
293;01.11.2023;10:30:59;00:04:52;250,1;62,6;19,4;18,4;21,1;133,4;10,2;0,2;2,39E-1;-541,2;20,00;3,0;3,0;34,93;0,62;0,000;0,8;3,76;0,225
294;01.11.2023;10:31:00;00:04:53;250,2;62,6;19,4;18,4;21,1;134,1;10,3;0,2;2,40E-1;-541,2;20,00;3,0;3,0;34,93;0,62;0,002;0,9;3,72;0,229
295;01.11.2023;10:31:01;00:04:54;250,0;67,1;19,4;18,5;21,2;135,6;10,1;0,2;2,40E-1;-541,2;20,00;3,0;3,0;34,93;0,62;0,000;0,8;3,74;0,228
296;01.11.2023;10:31:02;00:04:55;250,1;71,2;19,5;18,6;21,2;136,4;10,2;0,2;2,41E-1;-541,2;20,00;3,0;3,0;34,93;0,62;-0,006;0,9;3,74;0,230
297;01.11.2023;10:31:03;00:04:56;250,2;71,2;19,5;18,6;21,2;138,0;10,0;0,2;2,41E-1;-541,2;20,00;3,0;3,0;34,93;0,62;0,000;0,8;3,71;0,227
298;01.11.2023;10:31:04;00:04:57;250,1;75,1;19,6;18,7;21,2;139,5;10,1;0,2;2,41E-1;-541,2;20,00;3,0;3,0;34,93;0,62;0,000;0,9;3,76;0,230
299;01.11.2023;10:31:05;00:04:58;250,2;75,1;19,6;18,7;21,2;140,2;10,0;0,2;2,41E-1;-541,2;20,00;3,0;3,0;34,93;0,62;-0,001;0,8;3,72;0,226
300;01.11.2023;10:31:06;00:04:59;250,1;78,9;19,7;18,8;21,2;141,7;9,9;0,2;2,41E-1;-541,2;20,00;3,0;3,0;34,93;0,62;-0,001;0,9;3,70;0,230
301;01.11.2023;10:31:07;00:05:00;250,0;78,9;19,9;18,9;21,2;143,2;10,0;0,2;2,41E-1;-541,2;20,00;3,0;3,0;34,93;0,62;0,000;0,8;3,73;0,228
302;01.11.2023;10:31:08;00:05:01;250,1;82,6;19,9;18,9;21,2;144,0;9,8;0,2;2,41E-1;-541,2;20,00;3,0;3,0;34,93;0,62;0,004;0,8;3,71;0,229
303;01.11.2023;10:31:09;00:05:02;250,0;82,6;20,0;18,9;21,2;145,6;10,0;0,2;2,40E-1;-541,2;20,00;3,0;3,0;34,93;0,62;0,001;0,8;3,72;0,229
304;01.11.2023;10:31:10;00:05:03;250,0;86,1;20,0;19,0;21,2;147,1;9,9;0,2;2,40E-1;-541,2;20,00;3,0;3,0;34,93;0,62;-0,001;0,9;3,74;0,229
305;01.11.2023;10:31:11;00:05:04;250,0;86,1;20,0;19,0;21,2;147,9;10,0;0,2;2,40E-1;-541,2;20,00;3,0;3,0;34,93;0,62;-0,001;0,8;3,70;0,226
306;01.11.2023;10:31:12;00:05:05;250,2;89,6;20,1;19,1;21,3;149,4;9,8;0,2;2,39E-1;-541,2;20,00;3,0;3,0;34,92;0,62;0,000;0,8;3,73;0,225
307;01.11.2023;10:31:13;00:05:06;250,1;89,6;20,0;19,1;21,3;150,1;9,9;0,2;2,39E-1;-541,2;20,00;3,0;3,0;34,93;0,62;0,002;0,8;3,72;0,228
308;01.11.2023;10:31:14;00:05:07;250,3;93,2;20,1;19,2;21,2;151,6;9,9;0,2;2,38E-1;-541,2;20,00;3,0;3,0;34,93;0,62;0,003;0,9;3,72;0,230
309;01.11.2023;10:31:15;00:05:08;250,0;93,2;20,2;19,2;21,3;153,3;10,0;0,2;2,37E-1;-541,2;20,00;3,0;2,9;34,92;0,62;0,000;0,8;3,71;0,230
310;01.11.2023;10:31:16;00:05:09;250,0;93,2;20,2;19,2;21,3;154,0;10,1;0,2;2,37E-1;-541,2;20,00;3,0;3,0;34,93;0,62;0,003;0,9;3,70;0,229
311;01.11.2023;10:31:17;00:05:10;250,0;96,7;20,2;19,2;21,3;155,5;10,0;0,2;2,36E-1;-541,2;20,00;3,0;3,0;34,93;0,62;-0,006;0,8;3,68;0,230
312;01.11.2023;10:31:18;00:05:11;250,0;100,1;20,3;19,3;21,3;157,0;9,9;0,2;2,36E-1;-541,2;20,00;3,0;2,9;34,93;0,62;-0,002;0,9;3,74;0,230
313;01.11.2023;10:31:19;00:05:12;250,0;100,1;20,3;19,3;21,3;157,8;10,0;0,2;2,35E-1;-541,2;20,00;3,0;3,0;34,93;0,62;0,001;0,9;3,70;0,230
314;01.11.2023;10:31:20;00:05:13;250,1;100,1;20,4;19,4;21,3;159,2;10,1;0,2;2,34E-1;-541,2;20,00;3,0;3,0;34,93;0,62;0,000;0,9;3,73;0,230
315;01.11.2023;10:31:21;00:05:14;250,0;103,5;20,4;19,4;21,3;160,9;10,0;0,2;2,34E-1;-541,2;20,00;3,0;3,0;34,93;0,62;0,001;0,9;3,71;0,230
316;01.11.2023;10:31:22;00:05:15;250,0;106,5;20,5;19,4;21,3;161,6;10,0;0,2;2,33E-1;-541,2;20,00;3,0;3,0;34,93;0,62;0,002;0,9;3,75;0,230
317;01.11.2023;10:31:23;00:05:16;250,1;106,5;20,5;19,4;21,3;163,1;10,0;0,2;2,32E-1;-541,2;20,00;3,0;3,0;34,93;0,62;0,003;0,9;3,69;0,230
318;01.11.2023;10:31:24;00:05:17;250,0;109,5;20,6;19,5;21,3;164,6;10,0;0,2;2,32E-1;-541,2;20,00;3,0;3,0;34,93;0,62;-0,004;0,8;3,70;0,230
319;01.11.2023;10:31:25;00:05:18;250,0;109,5;20,6;19,5;21,3;165,4;10,0;0,2;2,31E-1;-541,2;20,00;3,0;3,0;34,93;0,62;0,002;0,9;3,69;0,230
320;01.11.2023;10:31:26;00:05:19;250,0;112,4;20,6;19,6;21,4;166,9;10,0;0,2;2,30E-1;-541,2;20,00;3,0;3,0;34,93;0,62;0,003;0,9;3,75;0,233
321;01.11.2023;10:31:27;00:05:20;250,0;112,4;20,6;19,6;21,4;167,6;10,1;0,2;2,30E-1;-541,2;20,00;3,0;3,0;34,93;0,62;0,003;0,9;3,70;0,230
322;01.11.2023;10:31:28;00:05:21;250,1;112,4;20,7;19,6;21,4;169,2;10,3;0,2;2,29E-1;-541,2;20,00;3,0;3,0;34,93;0,62;0,005;0,9;3,73;0,231
323;01.11.2023;10:31:29;00:05:22;250,0;115,4;20,7;19,6;21,4;170,7;10,2;0,2;2,29E-1;-541,2;20,00;3,0;3,0;34,93;0,62;0,007;0,9;3,74;0,232
324;01.11.2023;10:31:30;00:05:23;250,0;118,3;20,8;19,7;21,4;171,5;10,3;0,2;2,28E-1;-541,2;20,00;3,0;3,0;34,93;0,62;0,009;0,9;3,71;0,233
325;01.11.2023;10:31:31;00:05:24;250,0;118,3;20,8;19,7;21,4;173,0;10,2;0,2;2,27E-1;-541,2;20,00;3,0;3,0;34,93;0,62;0,000;0,9;3,74;0,231
326;01.11.2023;10:31:32;00:05:25;250,1;121,2;20,8;19,7;21,4;174,5;10,1;0,2;2,27E-1;-541,2;20,00;3,0;3,0;34,93;0,62;0,003;0,9;3,69;0,233
327;01.11.2023;10:31:33;00:05:26;250,0;121,2;20,9;19,7;21,4;175,2;10,2;0,2;2,26E-1;-541,2;20,00;3,0;3,0;34,92;0,62;0,002;0,9;3,72;0,232
328;01.11.2023;10:31:34;00:05:27;250,0;121,2;20,9;19,8;21,4;176,9;10,4;0,2;2,25E-1;-541,2;20,00;3,0;3,0;34,93;0,62;-0,003;0,9;3,73;0,234
329;01.11.2023;10:31:35;00:05:28;250,2;124,2;20,9;19,8;21,4;178,4;10,3;0,2;2,24E-1;-541,2;20,00;3,0;3,0;34,93;0,62;-0,001;0,9;3,75;0,234
330;01.11.2023;10:31:36;00:05:29;250,1;124,2;20,9;19,8;21,4;179,1;10,4;0,2;2,24E-1;-541,2;20,00;3,0;3,0;34,92;0,62;-0,002;0,9;3,75;0,234
331;01.11.2023;10:31:37;00:05:30;250,1;127,1;21,0;19,8;21,4;180,6;10,3;0,2;2,23E-1;-541,2;20,00;3,0;3,0;34,93;0,62;-0,001;0,9;3,76;0,233
332;01.11.2023;10:31:38;00:05:31;250,2;129,9;21,1;19,9;21,4;182,1;10,3;0,2;2,22E-1;-541,2;20,00;3,0;3,0;34,93;0,62;0,002;0,9;3,75;0,234
333;01.11.2023;10:31:39;00:05:32;250,0;129,9;21,1;19,9;21,5;182,9;10,4;0,2;2,21E-1;-541,2;20,00;3,0;3,0;34,93;0,62;0,000;0,9;3,72;0,234
334;01.11.2023;10:31:40;00:05:33;250,1;132,7;21,1;19,9;21,5;184,5;10,5;0,2;2,21E-1;-541,2;20,00;3,0;3,0;34,93;0,62;0,003;0,9;3,77;0,234
335;01.11.2023;10:31:41;00:05:34;250,0;132,7;21,1;19,9;21,5;185,2;10,4;0,2;2,20E-1;-541,2;20,00;3,0;3,0;34,93;0,62;0,002;0,9;3,74;0,234
336;01.11.2023;10:31:42;00:05:35;250,2;135,3;21,2;19,9;21,6;186,7;10,4;0,2;2,19E-1;-541,2;20,00;3,0;2,9;34,93;0,62;-0,001;0,9;3,72;0,234
337;01.11.2023;10:31:43;00:05:36;250,0;135,3;21,2;19,9;21,6;188,2;10,5;0,2;2,18E-1;-541,2;20,00;3,0;3,0;34,93;0,62;0,000;0,9;3,74;0,234
338;01.11.2023;10:31:44;00:05:37;250,1;135,3;21,2;20,0;21,6;189,0;10,6;0,2;2,18E-1;-541,2;20,00;3,0;3,0;34,93;0,62;0,005;0,9;3,78;0,234
339;01.11.2023;10:31:45;00:05:38;250,0;137,8;21,2;20,0;21,5;190,5;10,6;0,2;2,17E-1;-541,2;20,00;3,0;2,9;34,93;0,62;0,007;0,9;3,77;0,234
340;01.11.2023;10:31:46;00:05:39;250,0;140,3;21,3;20,0;21,4;192,1;10,5;0,2;2,16E-1;-541,2;20,00;3,0;2,9;34,93;0,62;0,000;0,9;3,72;0,234
341;01.11.2023;10:31:47;00:05:40;250,1;140,3;21,3;20,0;21,4;192,9;10,6;0,2;2,15E-1;-541,2;20,00;3,0;3,0;34,93;0,62;0,003;0,9;3,74;0,236
342;01.11.2023;10:31:48;00:05:41;250,1;140,3;21,4;20,1;21,4;194,4;10,8;0,2;2,14E-1;-541,2;20,00;3,0;3,0;34,93;0,62;-0,002;0,9;3,76;0,239
343;01.11.2023;10:31:49;00:05:42;250,0;142,7;21,4;20,1;21,5;195,9;10,8;0,2;2,13E-1;-541,2;20,00;3,0;3,0;34,93;0,62;-0,002;0,9;3,77;0,236
344;01.11.2023;10:31:50;00:05:43;250,2;145,2;21,4;20,1;21,5;196,6;10,8;0,2;2,13E-1;-541,2;20,00;3,0;3,0;34,93;0,62;0,000;0,9;3,80;0,239
345;01.11.2023;10:31:51;00:05:44;250,2;145,2;21,4;20,1;21,5;198,1;10,8;0,2;2,12E-1;-541,2;20,00;3,0;3,0;34,93;0,62;-0,005;0,9;3,78;0,238
346;01.11.2023;10:31:52;00:05:45;250,1;147,6;21,5;20,1;21,5;199,0;10,7;0,2;2,11E-1;-541,2;20,00;3,0;3,0;34,93;0,62;-0,001;0,9;3,75;0,239
347;01.11.2023;10:31:53;00:05:46;250,0;147,5;21,4;20,1;21,6;200,5;10,9;0,2;2,10E-1;-541,2;20,00;3,0;3,0;34,93;0,63;-0,002;0,9;3,78;0,239
348;01.11.2023;10:31:54;00:05:47;250,2;150,0;21,5;20,1;21,5;202,0;10,9;0,2;2,09E-1;-541,2;20,00;3,0;3,0;34,93;0,62;0,005;0,9;3,78;0,239
349;01.11.2023;10:31:55;00:05:48;250,2;150,0;21,5;20,1;21,5;202,7;11,0;0,2;2,09E-1;-541,2;20,00;3,0;3,0;34,93;0,62;0,008;0,9;3,78;0,239
350;01.11.2023;10:31:56;00:05:49;250,2;150,0;21,5;20,1;21,5;204,2;11,1;0,2;2,08E-1;-541,2;20,00;3,0;3,0;34,93;0,62;0,002;0,9;3,75;0,239
351;01.11.2023;10:31:57;00:05:50;250,0;152,5;21,5;20,1;21,5;205,7;11,1;0,2;2,07E-1;-541,2;20,00;3,0;3,0;34,93;0,62;0,001;0,9;3,79;0,239
352;01.11.2023;10:31:58;00:05:51;250,0;155,0;21,6;20,2;21,5;206,6;11,1;0,2;2,06E-1;-541,2;20,00;3,0;3,0;34,92;0,62;-0,002;0,9;3,82;0,240
353;01.11.2023;10:31:59;00:05:52;250,0;155,0;21,6;20,2;21,5;208,1;11,2;0,2;2,05E-1;-541,2;20,00;3,0;3,1;34,93;0,62;0,000;0,9;3,80;0,241
354;01.11.2023;10:32:00;00:05:53;250,0;157,5;21,6;20,2;21,6;209,6;11,2;0,2;2,04E-1;-541,2;20,00;3,0;3,0;34,93;0,62;0,002;0,9;3,81;0,244
355;01.11.2023;10:32:01;00:05:54;250,1;157,5;21,6;20,2;21,6;210,4;11,2;0,2;2,04E-1;-541,2;20,00;3,0;3,0;34,93;0,62;0,001;0,9;3,78;0,241
356;01.11.2023;10:32:02;00:05:55;250,1;159,8;21,7;20,2;21,6;211,9;11,2;0,2;2,03E-1;-541,2;20,00;3,0;3,0;34,93;0,62;0,002;0,9;3,80;0,244
357;01.11.2023;10:32:03;00:05:56;250,0;159,8;21,7;20,2;21,6;213,4;11,4;0,2;2,02E-1;-541,2;20,00;3,0;3,0;34,93;0,62;0,002;0,9;3,82;0,243
358;01.11.2023;10:32:04;00:05:57;250,0;159,8;21,7;20,2;21,6;214,2;11,5;0,2;2,02E-1;-541,2;20,00;3,0;3,0;34,93;0,62;-0,001;0,9;3,82;0,244
359;01.11.2023;10:32:05;00:05:58;250,1;162,1;21,7;20,2;21,6;215,7;11,4;0,2;2,01E-1;-541,2;20,00;3,0;3,0;34,93;0,62;0,005;0,9;3,86;0,244
360;01.11.2023;10:32:06;00:05:59;250,0;164,3;21,8;20,3;21,6;216,5;11,5;0,2;2,00E-1;-541,2;20,00;3,0;3,0;34,93;0,62;0,001;0,9;3,83;0,244
361;01.11.2023;10:32:07;00:06:00;250,2;164,3;21,8;20,3;21,6;218,0;11,5;0,2;2,00E-1;-541,2;20,00;3,0;3,0;34,93;0,62;-0,001;0,9;3,82;0,244
362;01.11.2023;10:32:08;00:06:01;250,0;166,5;21,8;20,3;21,6;219,5;11,5;0,2;1,98E-1;-541,2;20,00;3,0;3,0;34,93;0,62;0,000;0,9;3,84;0,245
363;01.11.2023;10:32:09;00:06:02;250,0;166,5;21,9;20,3;21,6;220,2;11,6;0,2;1,98E-1;-541,2;20,00;3,0;3,0;34,93;0,62;0,006;0,9;3,83;0,245
364;01.11.2023;10:32:10;00:06:03;250,0;168,8;21,9;20,4;21,6;221,9;11,6;0,2;1,97E-1;-541,2;20,00;3,0;3,0;34,93;0,63;-0,004;0,9;3,81;0,246
365;01.11.2023;10:32:11;00:06:04;250,1;168,8;21,9;20,4;21,6;223,4;11,8;0,2;1,96E-1;-541,2;20,00;3,0;3,0;34,93;0,62;0,002;0,9;3,83;0,247
366;01.11.2023;10:32:12;00:06:05;250,0;170,9;21,9;20,4;21,7;224,1;11,7;0,2;1,95E-1;-541,2;20,00;3,0;3,0;34,93;0,62;-0,002;1,0;3,82;0,248
367;01.11.2023;10:32:13;00:06:06;250,1;171,0;21,9;20,5;21,7;225,6;11,8;0,2;1,94E-1;-541,2;20,00;3,0;3,0;34,93;0,62;0,000;0,9;3,86;0,249
368;01.11.2023;10:32:14;00:06:07;250,0;171,0;22,0;20,5;21,7;227,1;12,0;0,2;1,93E-1;-541,2;20,00;3,0;3,0;34,93;0,62;-0,003;1,0;3,86;0,249
369;01.11.2023;10:32:15;00:06:08;250,0;173,4;22,0;20,5;21,8;227,9;11,9;0,2;1,93E-1;-541,2;20,00;3,0;3,0;34,93;0,62;-0,002;1,0;3,90;0,249
370;01.11.2023;10:32:16;00:06:09;250,0;173,4;22,1;20,6;21,8;229,4;12,1;0,2;1,92E-1;-541,2;20,00;3,0;3,0;34,93;0,62;-0,001;1,0;3,85;0,250
371;01.11.2023;10:32:17;00:06:10;250,1;175,8;22,1;20,6;21,8;231,0;12,1;0,2;1,91E-1;-541,2;20,00;3,0;2,9;34,93;0,62;0,002;1,0;3,83;0,249
372;01.11.2023;10:32:18;00:06:11;250,0;178,2;22,1;20,6;21,8;231,7;12,1;0,2;1,90E-1;-541,2;20,00;3,0;3,0;34,93;0,62;0,003;1,0;3,89;0,252
373;01.11.2023;10:32:19;00:06:12;250,0;178,2;22,1;20,6;21,8;233,2;12,1;0,2;1,89E-1;-541,2;20,00;3,0;3,0;34,93;0,62;0,001;1,0;3,89;0,254
374;01.11.2023;10:32:20;00:06:13;250,0;178,2;22,2;20,6;21,8;234,0;12,2;0,2;1,89E-1;-541,2;20,00;3,0;3,0;34,93;0,62;0,004;1,0;3,91;0,254
375;01.11.2023;10:32:21;00:06:14;250,0;180,6;22,2;20,6;21,8;235,5;12,2;0,2;1,88E-1;-541,2;20,00;3,0;3,0;34,93;0,62;0,004;1,0;3,90;0,254
376;01.11.2023;10:32:22;00:06:15;250,0;182,8;22,3;20,7;21,8;237,0;12,2;0,2;1,87E-1;-541,2;20,00;3,0;3,0;34,93;0,62;0,001;1,0;3,91;0,254
377;01.11.2023;10:32:23;00:06:16;250,1;182,8;22,3;20,7;21,8;237,9;12,3;0,2;1,86E-1;-541,2;20,00;3,0;3,1;34,93;0,62;0,006;1,0;3,90;0,254
378;01.11.2023;10:32:24;00:06:17;250,1;182,8;22,3;20,7;21,8;239,4;12,5;0,2;1,85E-1;-541,2;20,00;3,0;3,0;34,93;0,62;0,004;1,0;3,92;0,254
379;01.11.2023;10:32:25;00:06:18;250,2;184,9;22,3;20,7;21,8;240,9;12,5;0,2;1,84E-1;-541,2;20,00;3,0;3,0;34,93;0,62;0,000;1,0;3,88;0,254
380;01.11.2023;10:32:26;00:06:19;250,0;187,0;22,4;20,7;21,8;241,6;12,6;0,2;1,84E-1;-541,2;20,00;3,0;3,0;34,93;0,62;0,001;1,0;3,92;0,254
381;01.11.2023;10:32:27;00:06:20;250,0;187,0;22,4;20,7;21,8;243,1;12,5;0,2;1,83E-1;-541,2;20,00;3,0;3,0;34,93;0,62;-0,002;1,0;3,91;0,254
382;01.11.2023;10:32:28;00:06:21;250,0;189,2;22,4;20,8;21,8;244,6;12,7;0,2;1,82E-1;-541,2;20,00;3,0;3,0;34,93;0,62;-0,003;1,0;3,93;0,256
383;01.11.2023;10:32:29;00:06:22;250,2;189,2;22,4;20,8;21,8;245,5;12,6;0,2;1,81E-1;-541,2;20,00;3,0;3,1;34,93;0,62;-0,002;1,0;3,88;0,254
384;01.11.2023;10:32:30;00:06:23;250,0;191,3;22,4;20,8;21,9;247,0;12,7;0,2;1,81E-1;-541,2;20,00;3,0;3,1;34,93;0,62;0,002;1,0;3,92;0,256
385;01.11.2023;10:32:31;00:06:24;250,1;191,3;22,4;20,8;21,9;247,7;12,7;0,2;1,80E-1;-541,2;20,00;3,0;3,0;34,93;0,62;-0,003;1,0;3,90;0,258
386;01.11.2023;10:32:32;00:06:25;250,1;193,5;22,5;20,8;21,9;249,2;12,7;0,2;1,79E-1;-541,2;20,00;3,0;3,0;34,93;0,62;0,001;1,0;3,97;0,259
387;01.11.2023;10:32:33;00:06:26;250,0;193,4;22,4;20,7;21,8;250,7;12,9;0,2;1,78E-1;-541,2;20,00;3,0;3,0;34,93;0,63;-0,003;1,0;3,91;0,257
388;01.11.2023;10:32:34;00:06:27;250,0;193,4;22,4;20,8;21,8;251,5;13,0;0,2;1,78E-1;-541,2;20,00;3,0;3,0;34,93;0,62;-0,001;1,0;3,97;0,259
389;01.11.2023;10:32:35;00:06:28;250,1;195,6;22,4;20,8;21,8;253,1;13,0;0,2;1,77E-1;-541,2;20,00;3,0;3,0;34,93;0,62;0,001;1,0;3,93;0,259
390;01.11.2023;10:32:36;00:06:29;250,0;197,9;22,5;20,8;21,8;254,6;13,2;0,2;1,76E-1;-541,2;20,00;3,0;3,0;34,93;0,62;-0,001;1,0;3,98;0,259
391;01.11.2023;10:32:37;00:06:30;250,1;197,9;22,5;20,8;21,8;255,4;13,1;0,2;1,76E-1;-541,2;20,00;3,0;3,0;34,93;0,62;0,001;1,0;3,93;0,261
392;01.11.2023;10:32:38;00:06:31;250,1;200,2;22,5;20,8;21,8;256,9;13,1;0,2;1,75E-1;-541,2;20,00;3,0;3,0;34,93;0,62;0,001;1,0;3,95;0,261
393;01.11.2023;10:32:39;00:06:32;250,1;200,2;22,6;20,8;21,8;258,4;13,2;0,2;1,74E-1;-541,2;20,00;3,0;3,0;34,93;0,62;0,000;1,0;3,95;0,261
394;01.11.2023;10:32:40;00:06:33;250,2;200,2;22,6;20,8;21,8;259,1;13,3;0,2;1,74E-1;-541,2;20,00;3,0;3,0;34,93;0,62;0,002;1,0;3,99;0,263
395;01.11.2023;10:32:41;00:06:34;250,0;202,5;22,6;20,9;21,9;260,7;13,3;0,2;1,73E-1;-541,2;20,00;3,0;3,0;34,93;0,63;-0,002;1,0;3,93;0,264
396;01.11.2023;10:32:42;00:06:35;250,0;204,6;22,6;20,9;21,8;262,2;13,3;0,2;1,72E-1;-541,1;20,00;3,0;3,0;34,93;0,62;-0,003;1,0;4,02;0,264
397;01.11.2023;10:32:43;00:06:36;250,0;204,6;22,6;20,9;21,8;263,0;13,4;0,2;1,71E-1;-541,2;20,00;3,0;3,0;34,93;0,62;-0,003;1,0;3,99;0,264
398;01.11.2023;10:32:44;00:06:37;250,0;204,6;22,7;21,0;21,8;264,5;13,6;0,2;1,70E-1;-541,2;20,00;3,0;3,0;34,93;0,62;-0,003;1,0;3,99;0,264
399;01.11.2023;10:32:45;00:06:38;250,1;206,8;22,7;21,0;21,8;265,2;13,5;0,2;1,70E-1;-541,2;20,00;3,0;3,1;34,93;0,62;-0,001;1,1;3,98;0,264
400;01.11.2023;10:32:46;00:06:39;250,1;208,9;22,8;21,0;21,8;266,7;13,6;0,2;1,69E-1;-541,2;20,00;3,0;3,0;34,93;0,62;0,003;1,1;4,02;0,264
401;01.11.2023;10:32:47;00:06:40;250,0;208,9;22,8;21,0;21,8;268,4;13,7;0,2;1,68E-1;-541,2;20,00;3,0;3,0;34,93;0,62;0,000;1,1;4,02;0,266
402;01.11.2023;10:32:48;00:06:41;250,0;211,0;22,8;21,0;21,8;269,1;13,6;0,2;1,68E-1;-541,2;20,00;3,0;3,0;34,93;0,62;-0,002;1,0;3,99;0,266
403;01.11.2023;10:32:49;00:06:42;250,0;211,0;22,9;21,0;21,9;270,6;13,8;0,2;1,67E-1;-541,2;20,00;3,0;3,0;34,93;0,62;0,001;1,1;3,97;0,267
404;01.11.2023;10:32:50;00:06:43;250,1;213,2;22,9;21,1;22,0;272,1;13,8;0,2;1,66E-1;-541,2;20,00;3,0;3,0;34,93;0,62;0,003;1,1;4,02;0,269
405;01.11.2023;10:32:51;00:06:44;250,0;213,2;22,9;21,1;22,0;272,9;13,9;0,2;1,66E-1;-541,2;20,00;3,0;3,0;34,93;0,62;0,003;1,1;3,99;0,268
406;01.11.2023;10:32:52;00:06:45;250,0;215,3;22,9;21,1;22,0;274,4;13,9;0,2;1,65E-1;-541,2;20,00;3,0;3,0;34,93;0,63;-0,001;1,1;4,03;0,269
407;01.11.2023;10:32:53;00:06:46;250,1;215,3;22,9;21,1;22,0;276,0;14,1;0,2;1,65E-1;-541,2;20,00;3,0;3,0;34,93;0,62;-0,001;1,1;3,99;0,269
408;01.11.2023;10:32:54;00:06:47;250,1;217,6;22,9;21,2;22,0;276,7;14,1;0,2;1,64E-1;-541,2;20,00;3,0;3,0;34,93;0,62;0,003;1,1;4,03;0,269
409;01.11.2023;10:32:55;00:06:48;250,0;217,6;22,9;21,2;22,0;278,2;14,2;0,2;1,64E-1;-541,2;20,00;3,0;3,0;34,93;0,62;0,003;1,1;3,99;0,269
410;01.11.2023;10:32:56;00:06:49;250,0;219,9;23,0;21,2;21,9;279,7;14,2;0,2;1,63E-1;-541,2;20,00;3,0;3,0;34,93;0,62;-0,003;1,1;4,02;0,269
411;01.11.2023;10:32:57;00:06:50;250,0;219,9;23,0;21,2;21,9;280,5;14,2;0,2;1,63E-1;-541,2;20,00;3,0;3,0;34,93;0,62;-0,002;1,1;4,02;0,271
412;01.11.2023;10:32:58;00:06:51;250,0;222,2;23,1;21,2;21,9;282,0;14,2;0,2;1,62E-1;-541,2;20,00;3,0;3,0;34,93;0,62;0,002;1,1;4,05;0,273
413;01.11.2023;10:32:59;00:06:52;250,0;222,2;23,1;21,2;21,9;282,7;14,3;0,2;1,62E-1;-541,2;20,00;3,0;3,0;34,93;0,62;0,000;1,1;4,06;0,272
414;01.11.2023;10:33:00;00:06:53;250,1;222,2;23,1;21,2;21,9;284,4;14,5;0,2;1,61E-1;-541,2;20,00;3,0;2,9;34,93;0,62;0,001;1,1;4,02;0,274
415;01.11.2023;10:33:01;00:06:54;250,1;224,5;23,1;21,3;21,9;285,9;14,5;0,2;1,60E-1;-541,2;20,00;3,0;3,0;34,93;0,62;0,001;1,1;4,06;0,274
416;01.11.2023;10:33:02;00:06:55;250,1;226,7;23,1;21,3;21,9;286,6;14,6;0,2;1,60E-1;-541,2;20,00;3,0;3,0;34,92;0,63;0,002;1,1;4,03;0,274
417;01.11.2023;10:33:03;00:06:56;250,0;226,7;23,1;21,3;21,9;288,1;14,6;0,2;1,60E-1;-541,2;20,00;3,0;3,0;34,93;0,62;-0,002;1,1;4,05;0,274
418;01.11.2023;10:33:04;00:06:57;250,0;228,9;23,2;21,3;21,9;289,6;14,8;0,2;1,59E-1;-541,2;20,00;3,0;3,0;34,93;0,62;0,001;1,1;4,06;0,274
419;01.11.2023;10:33:05;00:06:58;250,0;228,9;23,2;21,3;22,0;290,4;14,7;0,2;1,59E-1;-541,2;20,00;3,0;3,0;34,93;0,62;0,001;1,1;4,09;0,274
420;01.11.2023;10:33:06;00:06:59;250,0;231,0;23,2;21,3;22,0;292,0;14,7;0,2;1,58E-1;-541,2;20,00;3,0;3,0;34,93;0,62;0,002;1,1;4,07;0,276
421;01.11.2023;10:33:07;00:07:00;250,1;231,0;23,3;21,4;22,0;293,5;14,9;0,2;1,57E-1;-541,2;20,00;3,0;3,0;34,93;0,62;0,005;1,1;4,05;0,275
422;01.11.2023;10:33:08;00:07:01;250,2;231,0;23,3;21,4;22,0;294,2;15,0;0,2;1,57E-1;-541,2;20,00;3,0;3,0;34,93;0,62;0,002;1,1;4,09;0,276
423;01.11.2023;10:33:09;00:07:02;250,1;233,2;23,3;21,4;22,0;295,7;15,0;0,2;1,56E-1;-541,2;20,00;3,0;3,0;34,93;0,62;-0,003;1,1;4,10;0,278
424;01.11.2023;10:33:10;00:07:03;250,1;233,2;23,3;21,4;22,0;296,5;15,1;0,2;1,56E-1;-541,2;20,00;3,0;3,0;34,93;0,62;-0,001;1,1;4,09;0,278
425;01.11.2023;10:33:11;00:07:04;250,0;235,3;23,3;21,4;22,0;298,0;15,1;0,2;1,55E-1;-541,2;20,00;3,0;3,0;34,93;0,62;-0,003;1,1;4,09;0,277
426;01.11.2023;10:33:12;00:07:05;250,3;237,4;23,4;21,5;22,0;299,6;15,3;0,2;1,55E-1;-541,2;20,00;3,0;3,0;34,93;0,63;-0,003;1,2;4,15;0,278
427;01.11.2023;10:33:13;00:07:06;250,3;237,4;23,4;21,5;22,1;300,4;15,2;0,2;1,55E-1;-541,2;20,00;3,0;3,0;34,93;0,62;0,001;1,1;4,09;0,278
428;01.11.2023;10:33:14;00:07:07;250,0;237,4;23,5;21,5;22,1;301,9;15,4;0,2;1,54E-1;-541,2;20,00;3,0;3,0;34,93;0,62;-0,003;1,2;4,14;0,279
429;01.11.2023;10:33:15;00:07:08;250,2;239,7;23,5;21,5;22,1;303,4;15,4;0,2;1,53E-1;-541,2;20,00;3,0;2,9;34,93;0,62;0,000;1,2;4,15;0,283
430;01.11.2023;10:33:16;00:07:09;250,2;239,7;23,5;21,5;22,1;304,1;15,4;0,2;1,53E-1;-541,2;20,00;3,0;3,0;34,93;0,63;0,002;1,2;4,12;0,283
431;01.11.2023;10:33:17;00:07:10;250,2;242,0;23,5;21,5;22,1;305,6;15,4;0,2;1,53E-1;-541,2;20,00;3,0;3,0;34,93;0,62;0,003;1,2;4,09;0,283
432;01.11.2023;10:33:18;00:07:11;250,2;244,3;23,5;21,6;22,1;307,2;15,4;0,2;1,52E-1;-541,2;20,00;3,0;3,0;34,93;0,62;0,003;1,2;4,14;0,283
433;01.11.2023;10:33:19;00:07:12;250,0;244,3;23,5;21,6;22,1;308,0;15,5;0,2;1,52E-1;-541,2;20,00;3,0;3,0;34,93;0,62;0,002;1,2;4,13;0,283
434;01.11.2023;10:33:20;00:07:13;250,3;244,3;23,6;21,6;22,1;309,5;15,7;0,2;1,51E-1;-541,2;20,00;3,0;3,0;34,93;0,62;-0,001;1,2;4,15;0,283
435;01.11.2023;10:33:21;00:07:14;250,1;246,6;23,6;21,6;22,1;311,0;15,7;0,2;1,51E-1;-541,2;20,00;3,0;3,0;34,93;0,62;0,002;1,2;4,15;0,283
436;01.11.2023;10:33:22;00:07:15;250,1;248,7;23,7;21,7;22,1;311,7;15,8;0,2;1,51E-1;-541,2;20,00;3,0;3,0;34,93;0,62;-0,001;1,2;4,14;0,283
437;01.11.2023;10:33:23;00:07:16;250,1;248,7;23,7;21,7;22,1;313,2;15,8;0,1;1,50E-1;-541,2;20,00;3,0;3,0;34,93;0,62;0,001;1,2;4,15;0,284
438;01.11.2023;10:33:24;00:07:17;250,0;248,7;23,7;21,7;22,1;314,1;15,9;0,1;1,50E-1;-541,2;20,00;3,0;3,0;34,93;0,63;-0,003;1,2;4,14;0,286
439;01.11.2023;10:33:25;00:07:18;250,0;250,9;23,7;21,7;22,1;315,6;15,9;0,1;1,49E-1;-541,2;20,00;3,0;2,9;34,93;0,62;0,001;1,2;4,17;0,286
440;01.11.2023;10:33:26;00:07:19;250,1;253,0;23,8;21,7;22,1;317,1;15,9;0,1;1,49E-1;-541,2;20,00;3,0;3,0;34,93;0,62;0,002;1,2;4,19;0,288
441;01.11.2023;10:33:27;00:07:20;250,3;253,0;23,8;21,7;22,1;317,9;16,0;0,1;1,48E-1;-541,2;20,00;3,0;3,0;34,93;0,62;0,001;1,2;4,17;0,288
442;01.11.2023;10:33:28;00:07:21;250,1;253,0;23,8;21,8;22,1;319,4;16,2;0,1;1,48E-1;-541,2;20,00;3,0;3,0;34,93;0,62;0,002;1,2;4,16;0,288
443;01.11.2023;10:33:29;00:07:22;250,1;255,2;23,8;21,8;22,1;320,9;16,2;0,1;1,47E-1;-541,2;20,00;3,0;3,0;34,93;0,63;0,003;1,2;4,20;0,288
444;01.11.2023;10:33:30;00:07:23;250,0;257,3;23,9;21,8;22,1;321,7;16,3;0,1;1,47E-1;-541,2;20,00;3,0;3,0;34,93;0,62;0,003;1,2;4,22;0,288
445;01.11.2023;10:33:31;00:07:24;250,0;257,3;23,9;21,8;22,1;323,2;16,3;0,1;1,46E-1;-541,2;20,00;3,0;2,9;34,93;0,62;0,002;1,2;4,19;0,289
446;01.11.2023;10:33:32;00:07:25;250,0;259,5;23,9;21,9;22,1;324,7;16,3;0,1;1,46E-1;-541,2;20,00;3,0;3,0;34,93;0,62;0,007;1,2;4,20;0,292
447;01.11.2023;10:33:33;00:07:26;250,0;259,5;23,9;21,9;22,1;325,5;16,4;0,1;1,46E-1;-541,2;20,00;3,0;3,0;34,93;0,62;0,002;1,2;4,19;0,293
448;01.11.2023;10:33:34;00:07:27;250,1;259,5;24,0;21,9;22,1;327,0;16,6;0,1;1,45E-1;-541,2;20,00;3,0;3,0;34,93;0,62;-0,001;1,2;4,21;0,292
449;01.11.2023;10:33:35;00:07:28;250,0;261,8;24,0;21,9;22,1;328,5;16,6;0,1;1,45E-1;-541,2;20,00;3,0;3,0;34,93;0,62;0,001;1,2;4,26;0,293
450;01.11.2023;10:33:36;00:07:29;250,0;261,8;24,0;21,9;22,1;329,4;16,7;0,1;1,44E-1;-541,2;20,00;3,0;3,0;34,93;0,62;-0,004;1,2;4,21;0,293
451;01.11.2023;10:33:37;00:07:30;250,0;264,2;24,0;22,0;22,2;330,9;16,7;0,1;1,44E-1;-541,2;20,00;3,0;3,0;34,93;0,62;-0,001;1,2;4,20;0,293
452;01.11.2023;10:33:38;00:07:31;250,0;264,2;24,1;22,0;22,2;331,6;16,8;0,1;1,44E-1;-541,2;20,00;3,0;3,0;34,93;0,63;0,000;1,3;4,23;0,293
453;01.11.2023;10:33:39;00:07:32;250,0;266,5;24,1;22,0;22,2;333,1;16,8;0,1;1,43E-1;-541,2;20,00;3,0;3,0;34,93;0,62;0,000;1,2;4,25;0,295
454;01.11.2023;10:33:40;00:07:33;250,0;266,5;24,2;22,0;22,2;334,6;17,0;0,1;1,43E-1;-541,2;20,00;3,0;2,9;34,93;0,62;-0,003;1,2;4,22;0,297
455;01.11.2023;10:33:41;00:07:34;250,0;268,8;24,2;22,0;22,2;335,4;16,8;0,1;1,42E-1;-541,2;20,00;3,0;3,0;34,93;0,63;-0,001;1,2;4,24;0,297
456;01.11.2023;10:33:42;00:07:35;250,2;271,0;24,2;22,1;22,2;337,0;16,9;0,1;1,42E-1;-541,2;20,00;3,0;3,0;34,93;0,62;0,000;1,3;4,26;0,298
457;01.11.2023;10:33:43;00:07:36;250,0;271,0;24,3;22,1;22,2;338,5;17,0;0,1;1,41E-1;-541,2;20,00;3,0;3,0;34,93;0,62;0,000;1,3;4,26;0,298
458;01.11.2023;10:33:44;00:07:37;250,0;271,0;24,3;22,1;22,2;339,2;17,1;0,1;1,41E-1;-541,2;20,00;3,0;3,0;34,93;0,63;-0,005;1,3;4,25;0,299
459;01.11.2023;10:33:45;00:07:38;250,0;273,2;24,3;22,1;22,3;340,7;17,1;0,1;1,41E-1;-541,2;20,00;3,0;3,0;34,93;0,62;0,004;1,3;4,24;0,298
460;01.11.2023;10:33:46;00:07:39;250,1;275,5;24,3;22,2;22,3;342,2;17,1;0,1;1,40E-1;-541,2;20,00;3,0;3,0;34,93;0,63;-0,001;1,3;4,21;0,298
461;01.11.2023;10:33:47;00:07:40;250,1;275,5;24,3;22,2;22,3;343,0;17,2;0,1;1,40E-1;-541,2;20,00;3,0;3,0;34,93;0,62;0,000;1,3;4,25;0,299
462;01.11.2023;10:33:48;00:07:41;250,0;275,5;24,4;22,2;22,3;344,6;17,4;0,1;1,39E-1;-541,2;20,00;3,0;3,0;34,93;0,62;-0,004;1,3;4,31;0,301
463;01.11.2023;10:33:49;00:07:42;250,1;277,8;24,4;22,2;22,3;345,4;17,3;0,1;1,39E-1;-541,2;20,00;3,0;3,0;34,93;0,62;-0,002;1,3;4,32;0,301
464;01.11.2023;10:33:50;00:07:43;250,0;280,0;24,4;22,2;22,3;346,9;17,4;0,1;1,39E-1;-541,2;20,00;3,0;3,0;34,93;0,62;0,004;1,3;4,27;0,303
465;01.11.2023;10:33:51;00:07:44;250,0;280,0;24,4;22,2;22,3;348,4;17,5;0,1;1,38E-1;-541,2;20,00;3,0;3,0;34,93;0,62;0,001;1,3;4,31;0,303
466;01.11.2023;10:33:52;00:07:45;250,0;280,0;24,5;22,2;22,3;349,1;17,6;0,1;1,38E-1;-541,2;20,00;3,0;3,0;34,93;0,63;0,006;1,3;4,25;0,303
467;01.11.2023;10:33:53;00:07:46;250,0;282,3;24,5;22,3;22,3;350,6;17,6;0,1;1,37E-1;-541,2;20,00;3,0;3,0;34,93;0,62;0,006;1,3;4,33;0,303
468;01.11.2023;10:33:54;00:07:47;250,0;282,4;24,6;22,4;22,4;352,2;17,8;0,1;1,37E-1;-541,2;20,00;3,0;3,0;34,93;0,63;0,005;1,3;4,31;0,305
469;01.11.2023;10:33:55;00:07:48;250,0;284,7;24,6;22,4;22,4;353,0;17,8;0,1;1,37E-1;-541,2;20,00;3,0;3,0;34,93;0,62;0,002;1,3;4,32;0,308
470;01.11.2023;10:33:56;00:07:49;250,2;284,7;24,7;22,4;22,4;354,5;17,9;0,1;1,36E-1;-541,2;20,00;3,0;3,0;34,93;0,62;0,001;1,3;4,31;0,305
471;01.11.2023;10:33:57;00:07:50;250,0;287,1;24,7;22,4;22,4;356,0;17,9;0,1;1,36E-1;-541,2;20,00;3,0;3,0;34,93;0,63;0,000;1,3;4,33;0,305
472;01.11.2023;10:33:58;00:07:51;250,1;287,1;24,7;22,5;22,4;356,7;18,0;0,1;1,36E-1;-541,2;20,00;3,0;3,0;34,93;0,62;0,001;1,3;4,32;0,308
473;01.11.2023;10:33:59;00:07:52;250,0;289,5;24,7;22,5;22,4;358,2;18,0;0,1;1,35E-1;-541,2;20,00;3,0;3,0;34,93;0,62;-0,003;1,3;4,35;0,308
474;01.11.2023;10:34:00;00:07:53;250,0;291,9;24,8;22,5;22,4;359,9;18,1;0,1;1,35E-1;-541,2;20,00;3,0;3,0;34,93;0,62;-0,003;1,3;4,35;0,308
475;01.11.2023;10:34:01;00:07:54;250,2;291,9;24,8;22,5;22,4;360,6;18,1;0,1;1,34E-1;-541,2;20,00;3,0;3,0;34,93;0,62;0,001;1,3;4,29;0,306
476;01.11.2023;10:34:02;00:07:55;250,1;291,9;24,8;22,6;22,4;362,1;18,3;0,1;1,34E-1;-541,2;20,00;3,0;3,0;34,93;0,63;-0,003;1,3;4,35;0,310
477;01.11.2023;10:34:03;00:07:56;250,3;294,1;24,8;22,6;22,4;362,9;18,3;0,1;1,34E-1;-541,2;20,00;3,0;3,0;34,93;0,62;0,005;1,4;4,34;0,311
478;01.11.2023;10:34:04;00:07:57;250,2;294,1;24,8;22,6;22,4;364,4;18,3;0,1;1,33E-1;-541,2;20,00;3,0;3,0;34,93;0,63;0,003;1,4;4,33;0,313
479;01.11.2023;10:34:05;00:07:58;250,1;296,3;24,9;22,6;22,5;365,9;18,3;0,1;1,33E-1;-541,2;20,00;3,0;3,0;34,93;0,62;0,004;1,3;4,33;0,313
480;01.11.2023;10:34:06;00:07:59;250,0;298,6;25,0;22,7;22,5;366,7;18,5;0,1;1,33E-1;-541,2;20,00;3,0;3,0;34,93;0,63;0,006;1,4;4,39;0,312
481;01.11.2023;10:34:07;00:08:00;250,1;298,6;25,0;22,7;22,5;368,2;18,5;0,1;1,32E-1;-541,2;20,00;3,0;3,0;34,93;0,63;0,009;1,4;4,39;0,313
482;01.11.2023;10:34:08;00:08:01;250,3;300,8;25,0;22,7;22,5;369,7;18,6;0,1;1,32E-1;-541,2;20,00;3,0;3,0;34,93;0,63;0,001;1,4;4,37;0,313
483;01.11.2023;10:34:09;00:08:02;250,1;300,8;25,0;22,7;22,5;370,5;18,6;0,1;1,31E-1;-541,2;20,00;3,0;3,0;34,93;0,63;0,003;1,4;4,39;0,313
484;01.11.2023;10:34:10;00:08:03;250,1;303,0;25,1;22,8;22,5;372,0;18,6;0,1;1,31E-1;-541,2;20,00;3,0;3,0;34,93;0,62;-0,002;1,4;4,39;0,313
485;01.11.2023;10:34:11;00:08:04;250,1;303,0;25,1;22,8;22,5;373,5;18,7;0,1;1,31E-1;-541,2;20,00;3,0;3,0;34,93;0,62;-0,001;1,4;4,37;0,314
486;01.11.2023;10:34:12;00:08:05;250,0;303,0;25,1;22,8;22,5;374,4;18,9;0,1;1,31E-1;-541,2;20,00;3,0;3,0;34,93;0,63;0,001;1,4;4,41;0,315
487;01.11.2023;10:34:13;00:08:06;250,1;305,2;25,1;22,8;22,5;375,9;18,9;0,1;1,30E-1;-541,2;20,00;3,0;3,0;34,93;0,63;0,000;1,4;4,42;0,314
488;01.11.2023;10:34:14;00:08:07;250,1;305,2;25,1;22,8;22,5;377,4;19,1;0,1;1,30E-1;-541,2;20,00;3,0;3,0;34,93;0,63;0,000;1,4;4,37;0,317
489;01.11.2023;10:34:15;00:08:08;250,0;307,6;25,1;22,8;22,5;378,1;19,0;0,1;1,30E-1;-541,2;20,00;3,0;3,0;34,93;0,63;0,003;1,4;4,40;0,317
490;01.11.2023;10:34:16;00:08:09;250,2;307,6;25,2;22,8;22,5;379,6;19,1;0,1;1,29E-1;-541,2;20,00;3,0;3,0;34,93;0,63;0,005;1,4;4,42;0,317
491;01.11.2023;10:34:17;00:08:10;250,2;310,0;25,2;22,9;22,5;380,4;19,0;0,1;1,29E-1;-541,2;20,00;3,0;3,0;34,93;0,62;0,007;1,4;4,39;0,317
492;01.11.2023;10:34:18;00:08:11;250,1;310,0;25,3;22,9;22,5;382,0;19,2;0,1;1,29E-1;-541,2;20,00;3,0;3,0;34,93;0,62;-0,004;1,4;4,43;0,318
493;01.11.2023;10:34:19;00:08:12;250,1;312,5;25,3;22,9;22,5;383,5;19,2;0,1;1,28E-1;-541,2;20,00;3,0;3,0;34,93;0,63;-0,003;1,4;4,40;0,320
494;01.11.2023;10:34:20;00:08:13;250,1;312,5;25,3;22,9;22,5;384,2;19,3;0,1;1,28E-1;-541,2;20,00;3,0;2,9;34,93;0,62;-0,005;1,4;4,43;0,319
495;01.11.2023;10:34:21;00:08:14;250,0;314,9;25,3;23,0;22,5;385,7;19,3;0,1;1,28E-1;-541,2;20,00;3,0;3,0;34,93;0,63;-0,007;1,4;4,42;0,321
496;01.11.2023;10:34:22;00:08:15;250,1;317,2;25,4;23,0;22,5;387,2;19,3;0,1;1,27E-1;-541,2;20,00;3,0;3,0;34,93;0,63;-0,003;1,4;4,38;0,322
497;01.11.2023;10:34:23;00:08:16;250,2;317,2;25,4;23,0;22,6;388,0;19,4;0,1;1,27E-1;-541,2;20,00;3,0;3,0;34,93;0,63;-0,002;1,4;4,42;0,321
498;01.11.2023;10:34:24;00:08:17;250,0;317,2;25,4;23,0;22,6;389,6;19,6;0,1;1,27E-1;-541,2;20,00;3,0;3,0;34,93;0,63;-0,001;1,4;4,42;0,322
499;01.11.2023;10:34:25;00:08:18;250,0;319,4;25,4;23,1;22,6;391,1;19,6;0,1;1,26E-1;-541,2;20,00;3,0;3,0;34,93;0,62;0,001;1,4;4,44;0,322
500;01.11.2023;10:34:26;00:08:19;250,0;321,7;25,5;23,1;22,6;391,9;19,7;0,1;1,26E-1;-541,2;20,00;3,0;3,0;34,93;0,63;-0,002;1,4;4,46;0,322
501;01.11.2023;10:34:27;00:08:20;250,1;321,7;25,5;23,1;22,6;393,4;19,7;0,1;1,26E-1;-541,2;20,00;3,0;3,0;34,93;0,62;0,001;1,4;4,43;0,322
502;01.11.2023;10:34:28;00:08:21;250,0;321,7;25,5;23,1;22,6;394,1;19,8;0,1;1,26E-1;-541,2;20,00;3,0;3,0;34,93;0,63;0,001;1,4;4,43;0,324
503;01.11.2023;10:34:29;00:08:22;250,0;324,0;25,5;23,2;22,7;395,6;19,8;0,1;1,25E-1;-541,2;20,00;3,0;3,0;34,93;0,63;0,001;1,4;4,48;0,324
504;01.11.2023;10:34:30;00:08:23;250,1;326,3;25,6;23,2;22,7;397,2;19,8;0,1;1,25E-1;-541,2;20,00;3,0;2,9;34,93;0,62;0,002;1,4;4,43;0,324
505;01.11.2023;10:34:31;00:08:24;250,1;326,3;25,6;23,2;22,7;398,0;19,9;0,1;1,25E-1;-541,2;20,00;3,0;2,9;34,93;0,63;0,001;1,4;4,46;0,324
506;01.11.2023;10:34:32;00:08:25;250,1;326,3;25,6;23,2;22,7;399,5;20,1;0,1;1,24E-1;-541,2;20,00;3,0;2,9;34,93;0,62;-0,002;1,5;4,47;0,326
507;01.11.2023;10:34:33;00:08:26;250,0;328,7;25,7;23,2;22,7;401,0;20,1;0,1;1,24E-1;-541,2;20,00;3,0;2,9;34,93;0,62;0,002;1,5;4,48;0,327
508;01.11.2023;10:34:34;00:08:27;250,1;328,7;25,7;23,3;22,7;401,7;20,2;0,1;1,24E-1;-541,2;20,00;3,0;3,0;34,93;0,63;0,002;1,4;4,47;0,327
509;01.11.2023;10:34:35;00:08:28;250,1;331,3;25,8;23,3;22,7;403,2;20,2;0,1;1,23E-1;-541,2;20,00;3,0;3,0;34,93;0,62;0,003;1,5;4,47;0,327
510;01.11.2023;10:34:36;00:08:29;250,0;333,8;25,8;23,4;22,7;404,9;20,4;0,1;1,23E-1;-541,2;20,00;3,0;3,0;34,93;0,62;0,003;1,5;4,48;0,328
511;01.11.2023;10:34:37;00:08:30;250,0;333,8;25,8;23,4;22,7;405,6;20,2;0,1;1,23E-1;-541,2;20,00;3,0;3,0;34,93;0,63;-0,001;1,5;4,46;0,330
512;01.11.2023;10:34:38;00:08:31;250,2;333,8;25,9;23,4;22,7;407,1;20,4;0,1;1,22E-1;-541,2;20,00;3,0;3,0;34,93;0,63;0,001;1,5;4,48;0,332
513;01.11.2023;10:34:39;00:08:32;250,3;336,3;25,9;23,4;22,8;408,6;20,4;0,1;1,22E-1;-541,2;20,00;3,0;2,9;34,93;0,63;-0,001;1,5;4,48;0,332
514;01.11.2023;10:34:40;00:08:33;250,0;336,3;25,9;23,4;22,8;409,4;20,5;0,1;1,22E-1;-541,2;20,00;3,0;3,0;34,93;0,62;-0,005;1,5;4,53;0,330
515;01.11.2023;10:34:41;00:08:34;250,0;338,8;25,9;23,5;22,8;410,9;20,5;0,1;1,22E-1;-541,2;20,00;3,0;3,0;34,93;0,63;-0,006;1,5;4,49;0,332
516;01.11.2023;10:34:42;00:08:35;250,1;338,8;26,0;23,5;22,8;411,6;20,6;0,1;1,21E-1;-541,2;20,00;3,0;3,0;34,93;0,62;-0,003;1,5;4,50;0,332
517;01.11.2023;10:34:43;00:08:36;250,1;341,1;26,0;23,5;22,8;413,1;20,6;0,1;1,21E-1;-541,2;20,00;3,0;3,0;34,93;0,62;0,000;1,5;4,54;0,333
518;01.11.2023;10:34:44;00:08:37;250,1;341,1;26,1;23,5;22,8;414,7;20,8;0,1;1,21E-1;-541,2;20,00;3,0;3,0;34,93;0,62;0,002;1,5;4,53;0,332
519;01.11.2023;10:34:45;00:08:38;250,2;343,4;26,1;23,5;22,9;415,5;20,7;0,1;1,20E-1;-541,2;20,00;3,0;3,0;34,93;0,62;0,000;1,5;4,48;0,334
520;01.11.2023;10:34:46;00:08:39;250,1;343,4;26,1;23,6;22,9;417,0;20,9;0,1;1,20E-1;-541,2;20,00;3,0;3,0;34,93;0,63;0,001;1,5;4,50;0,333
521;01.11.2023;10:34:47;00:08:40;250,1;345,7;26,1;23,6;22,8;418,5;20,9;0,1;1,20E-1;-541,2;20,00;3,0;3,0;34,93;0,62;0,004;1,5;4,50;0,337
522;01.11.2023;10:34:48;00:08:41;250,0;345,7;26,1;23,6;22,8;419,2;21,0;0,1;1,20E-1;-541,2;20,00;3,0;3,0;34,93;0,62;0,003;1,5;4,53;0,337
523;01.11.2023;10:34:49;00:08:42;250,0;348,0;26,2;23,6;22,9;420,7;21,0;0,1;1,19E-1;-541,2;20,00;3,0;3,0;34,93;0,62;0,006;1,5;4,53;0,336
524;01.11.2023;10:34:50;00:08:43;250,2;350,4;26,3;23,7;22,9;422,4;21,0;0,1;1,19E-1;-541,2;20,00;3,0;3,0;34,93;0,62;0,006;1,5;4,53;0,337
525;01.11.2023;10:34:51;00:08:44;250,0;350,4;26,3;23,7;22,9;423,1;21,1;0,1;1,19E-1;-541,2;20,00;3,0;3,0;34,93;0,62;0,001;1,5;4,52;0,337
526;01.11.2023;10:34:52;00:08:45;250,2;350,4;26,3;23,7;22,9;424,6;21,3;0,1;1,18E-1;-541,2;20,00;3,0;3,1;34,93;0,62;0,005;1,5;4,55;0,339
527;01.11.2023;10:34:53;00:08:46;250,2;352,7;26,3;23,7;22,8;426,1;21,3;0,1;1,18E-1;-541,2;20,00;3,0;3,1;34,93;0,63;0,002;1,5;4,56;0,337
528;01.11.2023;10:34:54;00:08:47;250,0;352,7;26,3;23,7;22,8;426,9;21,4;0,1;1,18E-1;-541,2;20,00;3,0;3,0;34,93;0,62;0,002;1,5;4,59;0,338
529;01.11.2023;10:34:55;00:08:48;250,0;355,2;26,3;23,8;22,9;428,4;21,3;0,1;1,18E-1;-541,2;20,00;3,0;3,0;34,93;0,63;0,005;1,6;4,56;0,341
530;01.11.2023;10:34:56;00:08:49;250,0;355,2;26,3;23,8;22,9;429,2;21,4;0,1;1,18E-1;-541,2;20,00;3,0;3,0;34,93;0,62;0,001;1,6;4,56;0,339
531;01.11.2023;10:34:57;00:08:50;250,2;357,6;26,4;23,8;22,9;430,7;21,4;0,1;1,17E-1;-541,2;20,00;3,0;2,9;34,93;0,62;0,002;1,6;4,58;0,341
532;01.11.2023;10:34:58;00:08:51;250,2;357,6;26,5;23,8;22,9;432,2;21,6;0,1;1,17E-1;-541,2;20,00;3,0;3,0;34,93;0,63;-0,001;1,6;4,54;0,342
533;01.11.2023;10:34:59;00:08:52;250,1;360,1;26,5;23,9;22,8;433,0;21,6;0,1;1,17E-1;-541,2;20,00;3,0;2,9;34,93;0,63;-0,001;1,6;4,61;0,342
534;01.11.2023;10:35:00;00:08:53;250,0;360,1;26,5;23,9;22,8;434,5;21,7;0,1;1,16E-1;-541,2;20,00;3,0;2,9;34,93;0,63;-0,003;1,6;4,57;0,342
535;01.11.2023;10:35:01;00:08:54;250,2;362,6;26,5;23,9;22,8;436,0;21,7;0,1;1,16E-1;-541,2;20,00;3,0;3,0;34,93;0,62;0,000;1,6;4,57;0,342
536;01.11.2023;10:35:02;00:08:55;250,0;362,6;26,6;24,0;22,8;436,9;21,8;0,1;1,16E-1;-541,2;20,00;3,0;3,0;34,93;0,63;0,001;1,6;4,56;0,342
537;01.11.2023;10:35:03;00:08:56;250,0;364,9;26,6;24,0;22,8;438,4;21,8;0,1;1,16E-1;-541,2;20,00;3,0;3,0;34,93;0,63;0,000;1,6;4,58;0,343
538;01.11.2023;10:35:04;00:08:57;250,0;367,3;26,6;24,0;22,8;439,9;22,0;0,1;1,15E-1;-541,2;20,00;3,0;3,0;34,93;0,62;0,000;1,6;4,60;0,344
539;01.11.2023;10:35:05;00:08:58;250,0;367,3;26,6;24,0;22,8;440,6;21,9;0,1;1,15E-1;-541,2;20,00;3,0;3,0;34,93;0,63;0,000;1,6;4,59;0,347
540;01.11.2023;10:35:06;00:08:59;250,0;369,6;26,7;24,0;22,8;442,1;21,9;0,1;1,15E-1;-541,2;20,00;3,0;3,0;34,93;0,62;0,003;1,6;4,63;0,347
541;01.11.2023;10:35:07;00:09:00;250,1;369,6;26,7;24,0;22,8;442,9;22,0;0,1;1,15E-1;-541,2;20,00;3,0;3,0;34,93;0,63;0,001;1,6;4,60;0,344
542;01.11.2023;10:35:08;00:09:01;250,0;369,6;26,8;24,0;22,9;444,5;22,2;0,1;1,14E-1;-541,2;20,00;3,0;3,0;34,93;0,63;0,001;1,6;4,60;0,347
543;01.11.2023;10:35:09;00:09:02;250,1;372,0;26,8;24,1;23,0;446,0;22,2;0,1;1,14E-1;-541,2;20,00;3,0;3,0;34,93;0,63;0,003;1,6;4,63;0,347
544;01.11.2023;10:35:10;00:09:03;250,0;372,0;26,8;24,1;23,0;446,7;22,3;0,1;1,14E-1;-541,2;20,00;3,0;3,0;34,93;0,63;0,008;1,6;4,61;0,347
545;01.11.2023;10:35:11;00:09:04;250,1;374,3;26,8;24,1;23,0;448,2;22,3;0,1;1,14E-1;-541,2;20,00;3,0;3,0;34,93;0,62;0,006;1,6;4,64;0,348
546;01.11.2023;10:35:12;00:09:05;250,0;374,3;26,9;24,2;23,0;449,7;22,5;0,1;1,14E-1;-541,2;20,00;3,0;3,0;34,93;0,63;0,001;1,6;4,61;0,352
547;01.11.2023;10:35:13;00:09:06;250,0;376,7;26,9;24,2;23,0;450,5;22,4;0,1;1,14E-1;-541,2;20,00;3,0;3,0;34,93;0,62;0,006;1,6;4,65;0,352
548;01.11.2023;10:35:14;00:09:07;250,1;376,6;26,9;24,2;23,0;452,1;22,6;0,1;1,13E-1;-541,2;20,00;3,0;3,0;34,93;0,62;0,003;1,6;4,61;0,352
549;01.11.2023;10:35:15;00:09:08;250,2;379,2;26,9;24,2;23,0;453,6;22,6;0,1;1,13E-1;-541,2;20,00;3,0;3,0;34,93;0,63;-0,004;1,6;4,63;0,352
550;01.11.2023;10:35:16;00:09:09;250,2;379,2;26,9;24,2;23,0;454,4;22,6;0,1;1,13E-1;-541,2;20,00;3,0;3,0;34,93;0,62;0,003;1,6;4,62;0,352
551;01.11.2023;10:35:17;00:09:10;250,1;381,7;27,0;24,2;23,0;455,9;22,6;0,1;1,13E-1;-541,2;20,00;3,0;3,0;34,93;0,63;0,000;1,6;4,60;0,352
552;01.11.2023;10:35:18;00:09:11;250,0;381,7;27,0;24,2;23,0;457,4;22,8;0,1;1,12E-1;-541,2;20,00;3,0;3,0;34,93;0,62;0,000;1,6;4,67;0,352
553;01.11.2023;10:35:19;00:09:12;250,2;384,3;27,0;24,3;23,0;458,1;22,8;0,1;1,12E-1;-541,2;20,00;3,0;3,0;34,93;0,63;0,000;1,6;4,66;0,353
554;01.11.2023;10:35:20;00:09:13;250,0;384,3;27,1;24,3;23,0;459,7;22,9;0,1;1,12E-1;-541,2;20,00;3,0;3,0;34,93;0,63;0,000;1,6;4,61;0,353
555;01.11.2023;10:35:21;00:09:14;250,1;386,9;27,1;24,4;23,0;460,5;22,8;0,1;1,12E-1;-541,2;20,00;3,0;3,0;34,93;0,62;0,000;1,7;4,65;0,355
556;01.11.2023;10:35:22;00:09:15;250,0;386,9;27,2;24,4;23,0;462,0;23,0;0,1;1,12E-1;-541,2;20,00;3,0;3,0;34,93;0,63;0,003;1,6;4,65;0,355
557;01.11.2023;10:35:23;00:09:16;250,2;389,4;27,2;24,4;23,0;463,5;23,0;0,1;1,12E-1;-541,2;20,00;3,0;3,0;34,93;0,63;0,001;1,7;4,68;0,357
558;01.11.2023;10:35:24;00:09:17;250,0;389,4;27,2;24,4;23,0;464,2;23,1;0,1;1,11E-1;-541,2;20,00;3,0;3,0;34,93;0,63;0,001;1,7;4,67;0,355
559;01.11.2023;10:35:25;00:09:18;250,2;391,8;27,2;24,5;23,1;465,7;23,0;0,1;1,11E-1;-541,2;20,00;3,0;2,9;34,93;0,63;0,007;1,7;4,68;0,357
560;01.11.2023;10:35:26;00:09:19;250,0;391,8;27,3;24,5;23,1;467,4;23,2;0,1;1,11E-1;-541,2;20,00;3,0;3,0;34,93;0,62;0,005;1,7;4,68;0,357
561;01.11.2023;10:35:27;00:09:20;250,0;394,2;27,3;24,5;23,2;468,1;23,2;0,1;1,11E-1;-541,2;20,00;3,0;3,0;34,93;0,63;-0,001;1,7;4,69;0,357
562;01.11.2023;10:35:28;00:09:21;250,0;394,2;27,3;24,5;23,2;469,6;23,3;0,1;1,11E-1;-541,2;20,00;3,0;3,0;34,93;0,62;-0,001;1,7;4,62;0,358
563;01.11.2023;10:35:29;00:09:22;250,1;396,6;27,4;24,6;23,2;471,1;23,3;0,1;1,10E-1;-541,2;20,00;3,0;3,0;34,93;0,63;-0,003;1,7;4,67;0,359
564;01.11.2023;10:35:30;00:09:23;250,1;396,6;27,4;24,6;23,2;471,9;23,4;0,1;1,10E-1;-541,2;20,00;3,0;3,0;34,93;0,63;0,002;1,7;4,70;0,360
565;01.11.2023;10:35:31;00:09:24;250,2;398,9;27,4;24,6;23,2;473,4;23,4;0,1;1,10E-1;-541,2;20,00;3,0;3,0;34,93;0,63;0,001;1,7;4,70;0,360
566;01.11.2023;10:35:32;00:09:25;250,0;401,3;27,5;24,7;23,2;475,0;23,6;0,1;1,10E-1;-541,2;20,00;3,0;3,0;34,93;0,63;0,006;1,7;4,72;0,361
567;01.11.2023;10:35:33;00:09:26;250,0;401,3;27,5;24,7;23,1;475,7;23,5;0,1;1,10E-1;-541,2;20,00;3,0;3,0;34,93;0,62;0,009;1,7;4,70;0,361
568;01.11.2023;10:35:34;00:09:27;250,1;401,4;27,6;24,8;23,2;477,2;23,7;0,1;1,10E-1;-541,2;20,00;3,0;2,9;34,93;0,63;-0,006;1,7;4,73;0,361
569;01.11.2023;10:35:35;00:09:28;250,3;403,9;27,6;24,8;23,2;478,0;23,8;0,1;1,10E-1;-541,2;20,00;3,0;3,0;34,93;0,63;-0,005;1,7;4,72;0,361
570;01.11.2023;10:35:36;00:09:29;250,1;403,9;27,6;24,8;23,2;479,5;23,8;0,1;1,09E-1;-541,2;20,00;3,0;3,0;34,93;0,63;-0,004;1,7;4,69;0,361
571;01.11.2023;10:35:37;00:09:30;250,1;406,4;27,7;24,9;23,2;481,0;23,8;0,1;1,09E-1;-541,2;20,00;3,0;3,0;34,93;0,63;-0,002;1,7;4,70;0,362
572;01.11.2023;10:35:38;00:09:31;250,1;406,4;27,8;24,9;23,2;481,7;23,9;0,1;1,09E-1;-541,2;20,00;3,0;3,1;34,93;0,63;0,000;1,7;4,71;0,362
573;01.11.2023;10:35:39;00:09:32;250,1;409,0;27,8;24,9;23,2;483,4;23,9;0,1;1,09E-1;-541,2;20,00;3,0;3,0;34,93;0,63;0,001;1,7;4,69;0,366
574;01.11.2023;10:35:40;00:09:33;250,0;409,0;27,8;24,9;23,2;484,9;24,1;0,1;1,09E-1;-541,2;20,00;3,0;3,0;34,93;0,63;0,002;1,7;4,75;0,366
575;01.11.2023;10:35:41;00:09:34;250,0;411,5;27,8;24,9;23,3;485,6;23,9;0,1;1,09E-1;-541,2;20,00;3,0;3,0;34,93;0,63;0,009;1,7;4,72;0,366
576;01.11.2023;10:35:42;00:09:35;250,0;411,5;27,9;25,0;23,3;487,1;24,1;0,1;1,09E-1;-541,2;20,00;3,0;3,0;34,93;0,63;0,004;1,8;4,77;0,366
577;01.11.2023;10:35:43;00:09:36;250,1;413,9;27,9;25,0;23,3;488,6;24,1;0,1;1,08E-1;-541,2;20,00;3,0;3,0;34,93;0,63;0,002;1,7;4,76;0,366
578;01.11.2023;10:35:44;00:09:37;250,1;413,9;27,9;25,0;23,3;489,4;24,2;0,1;1,08E-1;-541,2;20,00;3,0;3,0;34,93;0,63;0,003;1,7;4,76;0,366
579;01.11.2023;10:35:45;00:09:38;250,0;416,2;28,0;25,0;23,3;491,0;24,2;0,1;1,08E-1;-541,2;20,00;3,0;3,1;34,93;0,63;0,005;1,7;4,74;0,366
580;01.11.2023;10:35:46;00:09:39;250,1;416,2;28,0;25,0;23,3;491,7;24,3;0,1;1,08E-1;-541,2;20,00;3,0;3,0;34,93;0,63;0,004;1,7;4,75;0,367
581;01.11.2023;10:35:47;00:09:40;250,0;418,6;28,0;25,1;23,3;493,2;24,4;0,1;1,08E-1;-541,2;20,00;3,0;3,0;34,93;0,63;0,009;1,8;4,77;0,371
582;01.11.2023;10:35:48;00:09:41;250,0;418,6;28,1;25,1;23,3;494,7;24,5;0,1;1,08E-1;-541,2;20,00;3,0;3,0;34,93;0,63;0,007;1,8;4,74;0,371
583;01.11.2023;10:35:49;00:09:42;250,1;421,0;28,1;25,1;23,3;495,5;24,4;0,1;1,08E-1;-541,2;20,00;3,0;3,0;34,93;0,63;0,001;1,8;4,78;0,371
584;01.11.2023;10:35:50;00:09:43;250,1;423,4;28,1;25,2;23,3;497,0;24,6;0,1;1,07E-1;-541,2;20,00;3,0;3,0;34,93;0,63;-0,001;1,8;4,75;0,371
585;01.11.2023;10:35:51;00:09:44;250,0;423,4;28,1;25,2;23,4;498,6;24,6;0,1;1,07E-1;-541,2;20,00;3,0;3,0;34,93;0,63;0,001;1,8;4,79;0,371
586;01.11.2023;10:35:52;00:09:45;250,2;423,4;28,2;25,2;23,4;499,4;24,7;0,1;1,07E-1;-541,2;20,00;3,0;3,0;34,93;0,63;0,002;1,8;4,80;0,371
587;01.11.2023;10:35:53;00:09:46;250,0;425,8;28,2;25,2;23,4;500,9;24,7;0,1;1,07E-1;-541,2;20,00;3,0;3,0;34,93;0,63;-0,002;1,8;4,80;0,371
588;01.11.2023;10:35:54;00:09:47;250,0;425,7;28,1;25,2;23,3;502,4;24,9;0,1;1,07E-1;-541,2;20,00;3,0;3,0;34,93;0,62;0,002;1,8;4,80;0,372
589;01.11.2023;10:35:55;00:09:48;250,0;428,3;28,2;25,2;23,4;503,1;24,9;0,1;1,07E-1;-541,2;20,00;3,0;3,0;34,93;0,63;0,000;1,8;4,81;0,371
590;01.11.2023;10:35:56;00:09:49;250,0;428,3;28,2;25,2;23,4;504,6;25,0;0,1;1,07E-1;-541,2;20,00;3,0;2,9;34,93;0,62;0,001;1,8;4,80;0,375
591;01.11.2023;10:35:57;00:09:50;250,0;430,9;28,2;25,2;23,4;506,2;25,0;0,1;1,06E-1;-541,2;20,00;3,0;3,0;34,93;0,62;0,000;1,8;4,84;0,374
592;01.11.2023;10:35:58;00:09:51;250,0;430,9;28,3;25,2;23,4;507,0;25,1;0,1;1,06E-1;-541,2;20,00;3,0;3,0;34,93;0,63;-0,005;1,8;4,78;0,374
593;01.11.2023;10:35:59;00:09:52;250,0;433,4;28,3;25,3;23,4;508,5;25,1;0,1;1,06E-1;-541,2;20,00;3,0;3,0;34,93;0,62;0,000;1,8;4,83;0,376
594;01.11.2023;10:36:00;00:09:53;250,1;433,4;28,3;25,3;23,4;509,2;25,1;0,1;1,06E-1;-541,2;20,00;3,0;3,0;34,93;0,63;0,003;1,8;4,80;0,376
595;01.11.2023;10:36:01;00:09:54;250,0;436,0;28,4;25,4;23,4;510,7;25,1;0,1;1,06E-1;-541,2;20,00;3,0;3,0;34,93;0,63;0,001;1,8;4,79;0,376
596;01.11.2023;10:36:02;00:09:55;250,0;436,0;28,5;25,4;23,4;512,2;25,3;0,1;1,06E-1;-541,2;20,00;3,0;3,0;34,93;0,63;-0,001;1,8;4,84;0,376
597;01.11.2023;10:36:03;00:09:56;250,2;438,4;28,5;25,4;23,4;513,1;25,3;0,1;1,05E-1;-541,2;20,00;3,0;3,0;34,93;0,63;0,005;1,8;4,81;0,379
598;01.11.2023;10:36:04;00:09:57;250,2;438,4;28,5;25,4;23,4;514,6;25,4;0,1;1,05E-1;-541,2;20,00;3,0;3,0;34,93;0,63;0,003;1,8;4,78;0,378
599;01.11.2023;10:36:05;00:09:58;250,1;440,9;28,5;25,5;23,4;516,1;25,4;0,1;1,05E-1;-541,2;20,00;3,0;2,9;34,93;0,63;0,006;1,8;4,83;0,380
600;01.11.2023;10:36:06;00:09:59;250,2;440,9;28,6;25,5;23,4;516,9;25,5;0,1;1,05E-1;-541,2;20,00;3,0;3,0;34,93;0,63;0,006;1,8;4,83;0,380
601;01.11.2023;10:36:07;00:10:00;250,0;443,4;28,6;25,5;23,4;518,4;25,5;0,1;1,05E-1;-541,2;20,00;3,0;3,0;34,93;0,63;-0,005;1,9;4,86;0,381
602;01.11.2023;10:36:08;00:10:01;250,0;445,9;28,7;25,6;23,4;520,0;25,7;0,1;1,05E-1;-541,2;20,00;3,0;3,0;34,93;0,63;0,000;1,9;4,88;0,382
603;01.11.2023;10:36:09;00:10:02;250,1;445,9;28,7;25,6;23,4;520,7;25,6;0,1;1,05E-1;-541,2;20,00;3,0;3,1;34,93;0,63;0,003;1,9;4,84;0,381
604;01.11.2023;10:36:10;00:10:03;250,0;445,9;28,7;25,6;23,4;522,2;25,8;0,1;1,04E-1;-541,2;20,00;3,0;3,1;34,94;0,63;0,004;1,8;4,84;0,381
605;01.11.2023;10:36:11;00:10:04;250,3;448,4;28,7;25,6;23,4;523,7;25,8;0,1;1,04E-1;-541,2;20,00;3,0;3,0;34,93;0,63;0,019;1,9;4,87;0,381
606;01.11.2023;10:36:12;00:10:05;250,1;448,4;28,7;25,6;23,4;524,5;25,8;0,1;1,04E-1;-541,2;20,00;3,0;3,0;34,93;0,63;0,014;1,9;4,84;0,381
607;01.11.2023;10:36:13;00:10:06;250,1;450,8;28,8;25,7;23,4;526,0;25,8;0,1;1,04E-1;-541,2;20,00;3,0;3,0;34,93;0,63;0,029;1,8;4,83;0,382
608;01.11.2023;10:36:14;00:10:07;250,0;450,8;28,8;25,7;23,4;526,7;25,9;0,1;1,04E-1;-541,2;20,00;3,0;2,9;34,94;0,63;0,031;1,9;4,88;0,384
609;01.11.2023;10:36:15;00:10:08;250,0;453,3;28,8;25,7;23,5;528,4;26,0;0,1;1,04E-1;-541,2;20,00;3,0;3,0;34,94;0,63;0,048;1,9;4,87;0,386
610;01.11.2023;10:36:16;00:10:09;250,1;453,3;28,9;25,7;23,5;529,9;26,1;0,1;1,04E-1;-541,2;20,00;3,0;3,0;34,94;0,63;0,062;1,9;4,88;0,386
611;01.11.2023;10:36:17;00:10:10;250,0;453,3;28,9;25,8;23,5;530,6;26,2;0,1;1,04E-1;-541,2;20,00;3,0;3,0;34,94;0,64;0,065;1,9;4,90;0,386
612;01.11.2023;10:36:18;00:10:11;250,0;455,9;28,9;25,8;23,5;532,1;26,2;0,1;1,03E-1;-541,2;20,00;3,0;3,0;34,94;0,64;0,091;1,9;4,90;0,388
613;01.11.2023;10:36:19;00:10:12;250,1;458,5;29,0;25,8;23,5;533,6;26,2;0,1;1,03E-1;-541,2;20,00;3,0;3,0;34,95;0,65;0,110;1,9;4,90;0,391
614;01.11.2023;10:36:20;00:10:13;250,1;458,5;29,0;25,8;23,5;534,4;26,3;0,1;1,03E-1;-541,2;20,00;3,0;3,0;34,95;0,65;0,132;1,9;4,86;0,387
615;01.11.2023;10:36:21;00:10:14;250,0;461,0;29,0;25,9;23,5;536,0;26,3;0,1;1,03E-1;-541,2;20,00;3,0;3,0;34,96;0,65;0,195;1,9;4,90;0,390
616;01.11.2023;10:36:22;00:10:15;250,0;461,0;29,1;25,9;23,5;537,5;26,5;0,1;1,03E-1;-541,2;20,00;3,0;3,0;34,97;0,66;0,255;1,9;4,86;0,391
617;01.11.2023;10:36:23;00:10:16;250,0;463,5;29,1;25,9;23,5;538,2;26,5;0,1;1,03E-1;-541,2;20,00;3,0;2,9;34,97;0,67;0,279;1,9;4,91;0,391
618;01.11.2023;10:36:24;00:10:17;250,1;463,5;29,1;25,9;23,5;539,7;26,5;0,1;1,03E-1;-541,2;20,00;3,0;3,0;34,98;0,68;0,322;1,9;4,90;0,391
619;01.11.2023;10:36:25;00:10:18;250,0;465,9;29,2;26,0;23,5;540,5;26,5;0,1;1,03E-1;-541,2;20,00;3,0;3,0;34,98;0,68;0,330;1,9;4,91;0,391
620;01.11.2023;10:36:26;00:10:19;250,2;465,9;29,3;26,0;23,5;542,0;26,6;0,1;1,02E-1;-541,2;20,00;3,0;3,0;34,99;0,68;0,323;1,9;4,90;0,391
621;01.11.2023;10:36:27;00:10:20;250,0;468,3;29,3;26,0;23,5;543,6;26,7;0,1;1,02E-1;-541,2;20,00;3,0;3,0;34,99;0,69;0,301;1,9;4,90;0,393
622;01.11.2023;10:36:28;00:10:21;250,1;468,3;29,3;26,0;23,5;544,4;26,7;0,1;1,02E-1;-541,2;20,00;3,0;3,0;35,00;0,69;0,285;1,9;4,90;0,391
623;01.11.2023;10:36:29;00:10:22;250,0;470,7;29,3;26,1;23,6;545,9;26,7;0,1;1,02E-1;-541,2;20,00;3,0;3,0;35,00;0,69;0,257;1,9;4,90;0,391
624;01.11.2023;10:36:30;00:10:23;250,0;470,7;29,4;26,1;23,6;547,4;26,9;0,1;1,02E-1;-541,2;20,00;3,0;3,0;35,00;0,70;0,257;1,9;4,92;0,393
625;01.11.2023;10:36:31;00:10:24;250,1;473,1;29,4;26,1;23,6;548,1;27,0;0,1;1,02E-1;-541,2;20,00;3,0;3,0;35,01;0,70;0,248;2,0;4,93;0,395
626;01.11.2023;10:36:32;00:10:25;250,0;473,1;29,4;26,1;23,6;549,6;27,0;0,1;1,02E-1;-541,2;20,00;3,0;3,0;35,01;0,70;0,248;2,0;4,91;0,396
627;01.11.2023;10:36:33;00:10:26;250,0;475,5;29,4;26,2;23,6;551,2;27,0;0,1;1,01E-1;-541,2;20,00;3,0;3,0;35,02;0,71;0,245;1,9;4,93;0,396
628;01.11.2023;10:36:34;00:10:27;250,0;475,5;29,4;26,1;23,6;552,0;27,1;0,1;1,01E-1;-541,2;20,00;3,0;3,0;35,02;0,71;0,241;2,0;4,96;0,396
629;01.11.2023;10:36:35;00:10:28;250,0;478,0;29,4;26,2;23,6;553,5;27,1;0,1;1,01E-1;-541,2;20,00;3,0;3,0;35,02;0,72;0,242;2,0;4,98;0,396
630;01.11.2023;10:36:36;00:10:29;250,0;478,0;29,5;26,2;23,6;555,0;27,3;0,1;1,01E-1;-541,2;20,00;3,0;3,0;35,03;0,72;0,235;2,0;4,96;0,397
631;01.11.2023;10:36:37;00:10:30;250,1;480,6;29,5;26,2;23,6;555,7;27,2;0,1;1,01E-1;-541,2;20,00;3,0;3,0;35,03;0,72;0,241;2,0;4,94;0,398
632;01.11.2023;10:36:38;00:10:31;250,0;480,6;29,6;26,2;23,6;557,2;27,4;0,1;1,01E-1;-541,2;20,00;3,0;3,0;35,03;0,73;0,237;2,0;4,96;0,396
633;01.11.2023;10:36:39;00:10:32;250,1;483,2;29,6;26,3;23,6;558,1;27,5;0,1;1,01E-1;-541,2;20,00;3,0;2,9;35,04;0,73;0,238;2,0;4,98;0,399
634;01.11.2023;10:36:40;00:10:33;250,2;483,2;29,6;26,3;23,6;559,6;27,5;0,1;1,00E-1;-541,2;20,00;3,0;3,0;35,04;0,74;0,251;2,0;4,96;0,399
635;01.11.2023;10:36:41;00:10:34;250,1;485,7;29,7;26,4;23,6;561,1;27,4;0,1;1,00E-1;-541,2;20,00;3,0;3,0;35,05;0,74;0,248;2,0;4,96;0,399
636;01.11.2023;10:36:42;00:10:35;250,1;485,7;29,8;26,4;23,6;561,9;27,5;0,1;1,00E-1;-541,2;20,00;3,0;3,0;35,05;0,74;0,258;2,0;4,99;0,400
637;01.11.2023;10:36:43;00:10:36;250,0;488,1;29,8;26,4;23,6;563,4;27,6;0,1;1,00E-1;-541,2;20,00;3,0;3,0;35,05;0,75;0,270;2,0;5,00;0,400
638;01.11.2023;10:36:44;00:10:37;250,0;488,1;29,9;26,4;23,6;564,9;27,7;0,1;9,99E-2;-541,2;20,00;3,0;3,0;35,06;0,76;0,267;2,0;4,97;0,401
639;01.11.2023;10:36:45;00:10:38;250,2;490,5;29,9;26,5;23,6;565,7;27,6;0,1;9,98E-2;-541,2;20,00;3,0;2,9;35,06;0,76;0,272;2,0;5,00;0,404
640;01.11.2023;10:36:46;00:10:39;250,0;490,5;29,9;26,5;23,6;567,2;27,8;0,1;9,97E-2;-541,2;20,00;3,0;3,0;35,07;0,77;0,274;2,0;5,00;0,401
641;01.11.2023;10:36:47;00:10:40;250,0;492,9;29,9;26,5;23,7;568,7;27,8;0,1;9,95E-2;-541,2;20,00;3,0;3,0;35,08;0,77;0,272;2,0;5,00;0,405
642;01.11.2023;10:36:48;00:10:41;250,2;492,9;29,9;26,5;23,7;569,5;27,9;0,1;9,94E-2;-541,2;20,00;3,0;3,0;35,08;0,78;0,272;2,0;4,97;0,404
643;01.11.2023;10:36:49;00:10:42;250,0;495,3;30,0;26,6;23,7;571,0;27,9;0,1;9,93E-2;-541,2;20,00;3,0;3,0;35,09;0,78;0,278;2,0;5,01;0,405
644;01.11.2023;10:36:50;00:10:43;250,1;495,3;30,1;26,6;23,7;572,5;28,1;0,1;9,92E-2;-541,2;20,00;3,0;3,0;35,09;0,79;0,297;2,0;4,99;0,405
645;01.11.2023;10:36:51;00:10:44;250,2;497,8;30,1;26,6;23,7;573,4;28,1;0,1;9,91E-2;-541,2;20,00;3,0;3,0;35,10;0,79;0,302;2,0;5,01;0,405
646;01.11.2023;10:36:52;00:10:45;250,0;497,8;30,1;26,6;23,7;574,9;28,2;0,1;9,89E-2;-541,2;20,00;3,0;3,0;35,10;0,80;0,314;2,0;5,02;0,405
647;01.11.2023;10:36:53;00:10:46;250,0;500,3;30,1;26,7;23,8;575,6;28,1;0,1;9,88E-2;-541,2;20,00;3,0;3,0;35,11;0,80;0,315;2,0;5,01;0,405
648;01.11.2023;10:36:54;00:10:47;250,3;500,4;30,2;26,8;23,8;577,1;28,3;0,1;9,86E-2;-541,2;20,00;3,0;3,0;35,11;0,81;0,324;2,0;5,01;0,405
649;01.11.2023;10:36:55;00:10:48;250,2;503,1;30,3;26,8;23,9;578,6;28,2;0,1;9,86E-2;-541,2;20,00;3,0;3,0;35,12;0,82;0,326;2,1;5,04;0,408
650;01.11.2023;10:36:56;00:10:49;250,1;503,1;30,3;26,8;23,9;579,4;28,3;0,1;9,85E-2;-541,2;20,00;3,0;3,0;35,12;0,82;0,333;2,0;5,03;0,406
651;01.11.2023;10:36:57;00:10:50;250,2;503,1;30,3;26,9;23,9;581,0;28,6;0,1;9,83E-2;-541,2;20,00;3,0;3,0;35,13;0,82;0,329;2,1;5,03;0,410
652;01.11.2023;10:36:58;00:10:51;250,2;505,7;30,3;26,9;23,9;582,5;28,5;0,1;9,81E-2;-541,2;20,00;3,0;2,9;35,13;0,83;0,314;2,1;5,01;0,410
653;01.11.2023;10:36:59;00:10:52;250,2;508,3;30,4;26,9;23,9;583,2;28,5;0,1;9,81E-2;-541,2;20,00;3,0;3,0;35,14;0,83;0,310;2,1;5,01;0,410
654;01.11.2023;10:37:00;00:10:53;250,1;508,3;30,4;26,9;23,9;584,7;28,6;0,1;9,80E-2;-541,2;20,00;3,0;3,0;35,14;0,84;0,303;2,1;5,04;0,410
655;01.11.2023;10:37:01;00:10:54;250,2;510,8;30,5;27,0;23,9;586,2;28,7;0,1;9,78E-2;-541,2;20,00;3,0;3,0;35,15;0,85;0,304;2,1;5,03;0,410
656;01.11.2023;10:37:02;00:10:55;250,1;510,8;30,5;27,0;23,9;587,0;28,7;0,1;9,77E-2;-541,2;20,00;3,0;3,0;35,15;0,85;0,313;2,1;5,02;0,410
657;01.11.2023;10:37:03;00:10:56;250,0;513,2;30,6;27,1;23,9;588,6;28,7;0,1;9,75E-2;-541,2;20,00;3,0;3,0;35,16;0,86;0,318;2,1;5,03;0,411
658;01.11.2023;10:37:04;00:10:57;250,0;513,2;30,6;27,1;23,9;589,4;28,8;0,1;9,75E-2;-541,2;20,00;3,0;3,0;35,16;0,86;0,323;2,1;5,01;0,410
659;01.11.2023;10:37:05;00:10:58;250,1;515,5;30,7;27,1;23,9;590,9;28,8;0,1;9,74E-2;-541,2;20,00;3,0;3,0;35,17;0,87;0,336;2,1;5,01;0,410
660;01.11.2023;10:37:06;00:10:59;250,3;515,5;30,7;27,1;23,9;592,4;29,0;0,1;9,72E-2;-541,2;20,00;3,0;3,0;35,18;0,88;0,348;2,1;5,06;0,414
661;01.11.2023;10:37:07;00:11:00;250,1;517,9;30,7;27,2;23,9;593,1;29,1;0,1;9,71E-2;-541,2;20,00;3,0;3,0;35,18;0,88;0,366;2,1;5,10;0,413
662;01.11.2023;10:37:08;00:11:01;250,0;517,9;30,7;27,2;23,9;594,6;29,1;0,1;9,69E-2;-541,2;20,00;3,0;3,0;35,20;0,89;0,386;2,1;5,07;0,414
663;01.11.2023;10:37:09;00:11:02;250,0;520,3;30,8;27,2;23,9;596,1;29,1;0,1;9,68E-2;-541,2;20,00;3,0;3,0;35,20;0,90;0,393;2,1;5,05;0,415
664;01.11.2023;10:37:10;00:11:03;250,2;520,3;30,9;27,2;23,9;596,9;29,2;0,1;9,68E-2;-541,2;20,00;3,0;3,0;35,21;0,90;0,390;2,1;5,08;0,415
665;01.11.2023;10:37:11;00:11:04;250,0;522,6;30,9;27,3;24,0;598,5;29,2;0,1;9,66E-2;-541,2;20,00;3,0;3,0;35,21;0,91;0,379;2,1;5,05;0,417
666;01.11.2023;10:37:12;00:11:05;250,1;522,6;30,9;27,3;24,0;600,0;29,4;0,1;9,64E-2;-541,2;20,00;3,0;3,0;35,23;0,92;0,388;2,1;5,07;0,415
667;01.11.2023;10:37:13;00:11:06;250,0;525,0;30,9;27,3;24,0;600,7;29,3;0,1;9,64E-2;-541,2;20,00;3,0;2,9;35,23;0,92;0,399;2,1;5,09;0,420
668;01.11.2023;10:37:14;00:11:07;250,0;524,9;30,8;27,2;24,0;602,2;29,5;0,1;9,63E-2;-541,2;20,00;3,0;3,0;35,23;0,93;0,408;2,1;5,07;0,419
669;01.11.2023;10:37:15;00:11:08;250,1;527,4;30,9;27,3;23,9;603,7;29,5;0,1;9,61E-2;-541,2;20,00;3,0;3,0;35,24;0,94;0,400;2,1;5,06;0,420
670;01.11.2023;10:37:16;00:11:09;250,1;527,4;30,9;27,3;23,9;604,5;29,5;0,1;9,61E-2;-541,2;20,00;3,0;3,0;35,24;0,94;0,393;2,1;5,06;0,419
671;01.11.2023;10:37:17;00:11:10;250,0;527,4;31,0;27,3;23,9;606,1;29,8;0,1;9,59E-2;-541,2;20,00;3,0;3,0;35,25;0,95;0,405;2,1;5,07;0,420
672;01.11.2023;10:37:18;00:11:11;250,0;529,9;31,0;27,3;23,9;606,9;29,6;0,1;9,58E-2;-541,2;20,00;3,0;3,0;35,26;0,96;0,405;2,1;5,07;0,420
673;01.11.2023;10:37:19;00:11:12;250,1;532,5;31,0;27,4;24,0;608,4;29,7;0,1;9,57E-2;-541,2;20,00;3,0;3,0;35,27;0,96;0,401;2,1;5,09;0,423
674;01.11.2023;10:37:20;00:11:13;250,1;532,5;31,0;27,4;24,0;609,9;29,8;0,1;9,56E-2;-541,2;20,00;3,0;3,0;35,27;0,97;0,390;2,1;5,12;0,420
675;01.11.2023;10:37:21;00:11:14;250,0;535,0;31,1;27,4;24,0;610,6;29,7;0,1;9,55E-2;-541,2;20,00;3,0;3,0;35,28;0,97;0,384;2,1;5,05;0,425
676;01.11.2023;10:37:22;00:11:15;250,0;535,0;31,1;27,4;24,0;612,1;29,9;0,1;9,53E-2;-541,2;20,00;3,0;3,0;35,29;0,98;0,401;2,1;5,11;0,421
677;01.11.2023;10:37:23;00:11:16;250,0;537,3;31,2;27,5;24,0;613,7;29,9;0,1;9,52E-2;-541,2;20,00;3,0;3,0;35,30;0,99;0,427;2,2;5,13;0,424
678;01.11.2023;10:37:24;00:11:17;250,1;537,3;31,2;27,5;24,0;614,5;30,0;0,1;9,51E-2;-541,2;20,00;3,0;3,0;35,31;1,00;0,439;2,1;5,09;0,425
679;01.11.2023;10:37:25;00:11:18;250,0;539,7;31,2;27,6;24,0;616,0;30,0;0,1;9,51E-2;-541,2;20,00;3,0;3,0;35,31;1,01;0,468;2,2;5,13;0,425
680;01.11.2023;10:37:26;00:11:19;250,0;539,7;31,3;27,6;24,0;617,5;30,2;0,1;9,49E-2;-541,2;20,00;3,0;3,0;35,32;1,02;0,477;2,2;5,13;0,425
681;01.11.2023;10:37:27;00:11:20;250,1;542,0;31,3;27,6;24,0;618,2;30,3;0,1;9,48E-2;-541,2;20,00;3,0;2,9;35,33;1,02;0,473;2,2;5,11;0,428
682;01.11.2023;10:37:28;00:11:21;250,0;542,0;31,3;27,6;24,0;619,7;30,3;0,1;9,46E-2;-541,2;20,00;3,0;3,0;35,34;1,03;0,475;2,2;5,11;0,426
683;01.11.2023;10:37:29;00:11:22;250,2;544,3;31,4;27,7;24,1;621,4;30,3;0,1;9,46E-2;-541,2;20,00;3,0;2,9;35,35;1,04;0,470;2,2;5,13;0,428
684;01.11.2023;10:37:30;00:11:23;250,0;544,3;31,5;27,7;24,1;622,1;30,4;0,1;9,45E-2;-541,2;20,00;3,0;3,0;35,36;1,05;0,484;2,2;5,15;0,426
685;01.11.2023;10:37:31;00:11:24;250,0;546,6;31,5;27,7;24,1;623,6;30,4;0,1;9,44E-2;-541,2;20,00;3,0;3,0;35,36;1,06;0,480;2,2;5,13;0,430
686;01.11.2023;10:37:32;00:11:25;250,1;546,6;31,5;27,7;24,1;624,4;30,5;0,1;9,43E-2;-541,2;20,00;3,0;3,0;35,37;1,06;0,482;2,2;5,13;0,430
687;01.11.2023;10:37:33;00:11:26;250,1;549,0;31,5;27,8;24,1;625,9;30,5;0,1;9,41E-2;-541,2;20,00;3,0;3,0;35,38;1,07;0,475;2,2;5,17;0,430
688;01.11.2023;10:37:34;00:11:27;250,1;549,0;31,6;27,8;24,2;627,4;30,7;0,1;9,40E-2;-541,2;20,00;3,0;3,0;35,39;1,08;0,484;2,2;5,14;0,430
689;01.11.2023;10:37:35;00:11:28;250,1;551,6;31,7;27,9;24,2;628,2;30,8;0,1;9,39E-2;-541,2;20,00;3,0;3,0;35,39;1,09;0,493;2,2;5,15;0,430
690;01.11.2023;10:37:36;00:11:29;250,1;551,6;31,7;27,9;24,2;629,7;30,8;0,1;9,38E-2;-541,2;20,00;3,0;3,1;35,40;1,10;0,498;2,2;5,15;0,430
691;01.11.2023;10:37:37;00:11:30;250,0;554,1;31,7;27,9;24,2;631,2;31,0;0,1;9,37E-2;-541,2;20,00;3,0;3,0;35,42;1,11;0,494;2,2;5,20;0,431
692;01.11.2023;10:37:38;00:11:31;250,2;554,1;31,7;27,9;24,2;632,0;30,9;0,1;9,36E-2;-541,2;20,00;3,0;3,0;35,42;1,11;0,498;2,2;5,17;0,432
693;01.11.2023;10:37:39;00:11:32;250,2;556,7;31,8;28,0;24,2;633,5;30,9;0,1;9,35E-2;-541,2;20,00;3,0;3,0;35,43;1,12;0,508;2,3;5,19;0,435
694;01.11.2023;10:37:40;00:11:33;250,2;556,7;31,9;28,0;24,2;635,0;31,0;0,1;9,34E-2;-541,2;20,00;3,0;3,0;35,44;1,14;0,499;2,3;5,16;0,435
695;01.11.2023;10:37:41;00:11:34;250,1;556,7;31,9;28,0;24,2;635,9;31,2;0,1;9,33E-2;-541,2;20,00;3,0;3,0;35,45;1,14;0,503;2,3;5,21;0,435
696;01.11.2023;10:37:42;00:11:35;250,1;559,3;31,9;28,1;24,2;637,4;31,1;0,1;9,32E-2;-541,2;20,00;3,0;3,0;35,46;1,15;0,518;2,3;5,19;0,435
697;01.11.2023;10:37:43;00:11:36;250,0;559,3;32,0;28,1;24,2;638,1;31,2;0,1;9,31E-2;-541,2;20,00;3,0;2,9;35,46;1,16;0,523;2,3;5,17;0,435
698;01.11.2023;10:37:44;00:11:37;250,0;561,7;32,0;28,1;24,2;639,6;31,2;0,1;9,30E-2;-541,2;20,00;3,0;3,0;35,48;1,17;0,559;2,3;5,17;0,435
699;01.11.2023;10:37:45;00:11:38;250,1;561,7;32,1;28,2;24,2;641,1;31,4;0,1;9,29E-2;-541,2;20,00;3,0;3,0;35,49;1,18;0,570;2,3;5,20;0,437
700;01.11.2023;10:37:46;00:11:39;250,1;564,1;32,1;28,2;24,2;641,9;31,3;0,1;9,28E-2;-541,2;20,00;3,0;2,9;35,49;1,19;0,577;2,3;5,21;0,435
701;01.11.2023;10:37:47;00:11:40;250,0;566,4;32,1;28,2;24,3;643,5;31,4;0,1;9,27E-2;-541,2;20,00;3,0;3,0;35,51;1,20;0,589;2,3;5,21;0,437
702;01.11.2023;10:37:48;00:11:41;250,1;566,4;32,2;28,2;24,3;645,0;31,5;0,1;9,26E-2;-541,2;20,00;3,0;3,0;35,51;1,21;0,585;2,3;5,19;0,440
703;01.11.2023;10:37:49;00:11:42;250,0;568,7;32,2;28,3;24,3;645,7;31,4;0,1;9,25E-2;-541,2;20,00;3,0;2,9;35,52;1,22;0,579;2,3;5,21;0,440
704;01.11.2023;10:37:50;00:11:43;250,0;568,7;32,3;28,3;24,3;647,2;31,6;0,1;9,24E-2;-541,2;20,00;3,0;3,0;35,53;1,23;0,589;2,3;5,25;0,440
705;01.11.2023;10:37:51;00:11:44;250,0;571,1;32,3;28,4;24,3;648,7;31,6;0,1;9,23E-2;-541,2;20,00;3,0;3,0;35,55;1,24;0,602;2,3;5,22;0,440
706;01.11.2023;10:37:52;00:11:45;250,0;571,1;32,3;28,4;24,3;649,5;31,7;0,1;9,23E-2;-541,2;20,00;3,0;3,0;35,55;1,25;0,594;2,3;5,21;0,440
707;01.11.2023;10:37:53;00:11:46;250,0;573,4;32,4;28,4;24,4;651,1;31,7;0,1;9,21E-2;-541,2;20,00;3,0;3,0;35,57;1,26;0,604;2,3;5,19;0,441
708;01.11.2023;10:37:54;00:11:47;250,1;573,3;32,3;28,4;24,3;652,6;31,9;0,1;9,20E-2;-541,2;20,00;3,0;3,0;35,58;1,27;0,613;2,3;5,24;0,440
709;01.11.2023;10:37:55;00:11:48;250,0;575,8;32,4;28,4;24,3;653,4;31,9;0,1;9,19E-2;-541,2;20,00;3,0;3,0;35,59;1,28;0,604;2,3;5,24;0,444
710;01.11.2023;10:37:56;00:11:49;250,0;575,8;32,4;28,4;24,3;654,9;32,0;0,1;9,18E-2;-541,2;20,00;3,0;2,9;35,60;1,29;0,604;2,3;5,22;0,444
711;01.11.2023;10:37:57;00:11:50;250,2;575,8;32,4;28,4;24,3;655,6;32,1;0,1;9,17E-2;-541,2;20,00;3,0;3,0;35,60;1,30;0,610;2,3;5,24;0,444
712;01.11.2023;10:37:58;00:11:51;250,0;578,3;32,4;28,5;24,3;657,1;32,1;0,1;9,17E-2;-541,2;20,00;3,0;3,0;35,62;1,31;0,615;2,3;5,22;0,444
713;01.11.2023;10:37:59;00:11:52;250,0;580,8;32,5;28,5;24,3;658,7;32,1;0,1;9,15E-2;-541,2;20,00;3,0;3,0;35,63;1,33;0,619;2,4;5,25;0,444
714;01.11.2023;10:38:00;00:11:53;250,0;580,8;32,5;28,5;24,3;659,5;32,2;0,1;9,15E-2;-541,2;20,00;3,0;3,0;35,64;1,33;0,631;2,3;5,24;0,445
715;01.11.2023;10:38:01;00:11:54;250,0;580,8;32,6;28,6;24,3;661,0;32,4;0,1;9,13E-2;-541,2;20,00;3,0;3,0;35,65;1,34;0,630;2,3;5,25;0,447
716;01.11.2023;10:38:02;00:11:55;250,1;583,2;32,6;28,6;24,3;662,5;32,4;0,1;9,12E-2;-541,2;20,00;3,0;3,0;35,66;1,36;0,618;2,3;5,28;0,447
717;01.11.2023;10:38:03;00:11:56;250,0;585,5;32,7;28,6;24,3;663,2;32,5;0,1;9,12E-2;-541,2;20,00;3,0;3,0;35,67;1,36;0,636;2,4;5,27;0,449
718;01.11.2023;10:38:04;00:11:57;250,2;585,5;32,7;28,6;24,4;664,7;32,5;0,1;9,11E-2;-541,2;20,00;3,0;3,1;35,68;1,38;0,643;2,3;5,27;0,449
719;01.11.2023;10:38:05;00:11:58;250,0;587,8;32,8;28,7;24,4;666,4;32,5;0,1;9,11E-2;-541,2;20,00;3,0;3,0;35,70;1,40;0,679;2,4;5,26;0,449
720;01.11.2023;10:38:06;00:11:59;250,2;587,8;32,8;28,7;24,4;667,1;32,6;0,1;9,10E-2;-541,2;20,00;3,0;3,0;35,71;1,40;0,687;2,4;5,27;0,449
721;01.11.2023;10:38:07;00:12:00;250,1;590,1;32,8;28,7;24,4;668,6;32,7;0,1;9,09E-2;-541,2;20,00;3,0;3,1;35,72;1,42;0,688;2,4;5,27;0,449
722;01.11.2023;10:38:08;00:12:01;250,0;590,1;32,9;28,8;24,4;670,1;32,8;0,1;9,08E-2;-541,2;20,00;3,0;3,0;35,74;1,43;0,683;2,4;5,29;0,449
723;01.11.2023;10:38:09;00:12:02;250,0;592,4;32,9;28,8;24,4;670,9;32,7;0,1;9,08E-2;-541,2;20,00;3,0;3,0;35,74;1,43;0,679;2,4;5,29;0,450
724;01.11.2023;10:38:10;00:12:03;250,0;592,4;33,0;28,9;24,4;672,4;32,9;0,1;9,07E-2;-541,2;20,00;3,0;3,0;35,76;1,45;0,703;2,4;5,27;0,453
725;01.11.2023;10:38:11;00:12:04;250,0;594,7;33,0;28,9;24,4;673,2;33,1;0,1;9,07E-2;-541,2;20,00;3,0;3,0;35,77;1,46;0,712;2,4;5,32;0,452
726;01.11.2023;10:38:12;00:12:05;250,0;594,7;33,0;28,9;24,4;674,7;33,1;0,1;9,06E-2;-541,2;20,00;3,0;3,0;35,78;1,47;0,719;2,4;5,27;0,451
727;01.11.2023;10:38:13;00:12:06;250,1;597,0;33,1;28,9;24,4;676,3;33,1;0,1;9,05E-2;-541,2;20,00;3,0;3,0;35,79;1,49;0,713;2,4;5,31;0,453
728;01.11.2023;10:38:14;00:12:07;250,2;597,0;33,1;28,9;24,4;677,0;33,2;0,1;9,05E-2;-541,2;20,00;3,0;3,0;35,80;1,50;0,715;2,4;5,27;0,454
729;01.11.2023;10:38:15;00:12:08;250,0;599,4;33,1;29,0;24,5;678,5;33,3;0,1;9,04E-2;-541,2;20,00;3,0;3,0;35,82;1,51;0,737;2,4;5,30;0,455
730;01.11.2023;10:38:16;00:12:09;250,0;599,4;33,1;29,0;24,5;680,0;33,3;0,1;9,04E-2;-541,2;20,00;3,0;3,0;35,83;1,52;0,740;2,4;5,29;0,454
731;01.11.2023;10:38:17;00:12:10;250,0;599,4;33,2;29,1;24,5;680,9;33,5;0,1;9,03E-2;-541,2;20,00;3,0;3,0;35,84;1,54;0,733;2,4;5,34;0,458
732;01.11.2023;10:38:18;00:12:11;250,1;601,9;33,2;29,1;24,5;682,4;33,5;0,1;9,01E-2;-541,2;20,00;3,0;3,0;35,86;1,55;0,740;2,4;5,32;0,458
733;01.11.2023;10:38:19;00:12:12;250,1;604,3;33,3;29,2;24,5;683,9;33,5;0,1;9,00E-2;-541,2;20,00;3,0;3,0;35,87;1,57;0,751;2,4;5,34;0,459
734;01.11.2023;10:38:20;00:12:13;250,3;604,3;33,3;29,2;24,5;684,6;33,5;0,1;9,00E-2;-541,2;20,00;3,0;3,0;35,88;1,58;0,758;2,4;5,28;0,457
735;01.11.2023;10:38:21;00:12:14;250,0;606,8;33,4;29,2;24,5;686,1;33,5;0,1;8,99E-2;-541,2;20,00;3,0;3,0;35,89;1,59;0,774;2,4;5,33;0,458
736;01.11.2023;10:38:22;00:12:15;250,1;606,8;33,4;29,2;24,5;686,9;33,6;0,1;8,99E-2;-541,2;20,00;3,0;3,0;35,91;1,60;0,786;2,4;5,35;0,459
737;01.11.2023;10:38:23;00:12:16;250,0;609,2;33,5;29,3;24,5;688,5;33,7;0,1;8,98E-2;-541,2;20,00;3,0;3,0;35,92;1,61;0,783;2,5;5,35;0,459
738;01.11.2023;10:38:24;00:12:17;250,0;609,2;33,5;29,3;24,5;690,0;33,8;0,1;8,96E-2;-541,2;20,00;3,0;2,9;35,93;1,63;0,771;2,4;5,33;0,460
739;01.11.2023;10:38:25;00:12:18;250,1;609,2;33,6;29,4;24,5;690,8;33,9;0,1;8,96E-2;-541,2;20,00;3,0;3,0;35,95;1,64;0,780;2,5;5,34;0,463
740;01.11.2023;10:38:26;00:12:19;250,3;611,6;33,6;29,4;24,6;692,3;33,9;0,1;8,95E-2;-541,2;20,00;3,0;3,0;35,95;1,65;0,775;2,5;5,37;0,461
741;01.11.2023;10:38:27;00:12:20;250,2;614,0;33,7;29,4;24,6;693,8;34,0;0,1;8,94E-2;-541,2;20,00;3,0;3,0;35,98;1,67;0,770;2,5;5,35;0,463
742;01.11.2023;10:38:28;00:12:21;250,1;614,0;33,7;29,4;24,6;694,5;34,0;0,1;8,94E-2;-541,2;20,00;3,0;3,0;35,98;1,68;0,770;2,5;5,35;0,464
743;01.11.2023;10:38:29;00:12:22;250,1;616,4;33,7;29,5;24,6;696,1;34,0;0,1;8,93E-2;-541,2;20,00;3,0;3,0;36,00;1,70;0,800;2,5;5,42;0,468
744;01.11.2023;10:38:30;00:12:23;250,0;616,4;33,7;29,5;24,6;697,6;34,2;0,1;8,92E-2;-541,2;20,00;3,0;3,0;36,02;1,72;0,813;2,5;5,37;0,464
745;01.11.2023;10:38:31;00:12:24;250,0;618,6;33,8;29,6;24,6;698,4;34,3;0,1;8,91E-2;-541,2;20,00;3,0;3,0;36,03;1,72;0,833;2,5;5,34;0,464
746;01.11.2023;10:38:32;00:12:25;250,1;618,6;33,8;29,6;24,6;699,9;34,4;0,1;8,90E-2;-541,2;20,00;3,0;3,0;36,05;1,74;0,840;2,5;5,39;0,464
747;01.11.2023;10:38:33;00:12:26;250,1;620,9;33,9;29,6;24,6;701,4;34,4;0,1;8,89E-2;-541,2;20,00;3,0;3,0;36,06;1,75;0,840;2,5;5,35;0,464
748;01.11.2023;10:38:34;00:12:27;250,0;620,9;34,0;29,6;24,6;702,1;34,5;0,1;8,88E-2;-541,2;20,00;3,0;3,0;36,07;1,76;0,844;2,5;5,39;0,466
749;01.11.2023;10:38:35;00:12:28;250,0;623,5;34,1;29,7;24,7;703,8;34,5;0,1;8,88E-2;-541,2;20,00;3,0;3,0;36,09;1,78;0,842;2,5;5,36;0,469
750;01.11.2023;10:38:36;00:12:29;250,1;623,5;34,1;29,7;24,7;704,5;34,6;0,1;8,87E-2;-541,2;20,00;3,0;2,9;36,09;1,79;0,857;2,5;5,40;0,468
751;01.11.2023;10:38:37;00:12:30;250,1;623,5;34,2;29,7;24,7;706,0;34,8;0,1;8,87E-2;-541,2;20,00;3,0;3,0;36,12;1,81;0,862;2,5;5,40;0,469
752;01.11.2023;10:38:38;00:12:31;250,0;626,0;34,2;29,8;24,7;707,5;34,7;0,1;8,86E-2;-541,2;20,00;3,0;3,0;36,13;1,83;0,873;2,5;5,39;0,469
753;01.11.2023;10:38:39;00:12:32;250,0;626,0;34,2;29,9;24,7;708,3;34,8;0,1;8,86E-2;-541,2;20,00;3,0;3,0;36,14;1,84;0,883;2,5;5,41;0,469
754;01.11.2023;10:38:40;00:12:33;250,0;628,4;34,2;29,9;24,7;709,8;34,8;0,1;8,84E-2;-541,2;20,00;3,0;3,0;36,16;1,86;0,888;2,5;5,40;0,469
755;01.11.2023;10:38:41;00:12:34;250,1;630,9;34,3;29,9;24,7;711,4;35,1;0,1;8,83E-2;-541,2;20,00;3,0;3,0;36,18;1,87;0,876;2,5;5,41;0,470
756;01.11.2023;10:38:42;00:12:35;250,1;630,9;34,3;29,9;24,8;712,1;34,9;0,1;8,83E-2;-541,2;20,00;3,0;3,0;36,19;1,88;0,875;2,5;5,36;0,469
757;01.11.2023;10:38:43;00:12:36;250,0;633,1;34,4;30,0;24,8;713,6;35,0;0,1;8,82E-2;-541,2;20,00;3,0;3,0;36,20;1,90;0,881;2,6;5,39;0,473
758;01.11.2023;10:38:44;00:12:37;250,0;633,1;34,5;30,0;24,8;715,1;35,2;0,1;8,82E-2;-541,2;20,00;3,0;3,0;36,23;1,92;0,913;2,6;5,43;0,473
759;01.11.2023;10:38:45;00:12:38;250,0;633,1;34,5;30,0;24,8;715,9;35,3;0,1;8,81E-2;-541,2;20,00;3,0;3,0;36,23;1,93;0,927;2,5;5,41;0,474
760;01.11.2023;10:38:46;00:12:39;250,0;635,4;34,5;30,0;24,9;717,4;35,3;0,1;8,80E-2;-541,2;20,00;3,0;3,0;36,26;1,95;0,935;2,6;5,43;0,474
761;01.11.2023;10:38:47;00:12:40;250,0;637,7;34,6;30,1;24,9;719,0;35,3;0,1;8,79E-2;-541,2;20,00;3,0;3,0;36,27;1,97;0,933;2,6;5,44;0,474
762;01.11.2023;10:38:48;00:12:41;250,2;637,7;34,6;30,1;24,9;719,8;35,4;0,1;8,78E-2;-541,2;20,00;3,0;3,0;36,28;1,98;0,922;2,6;5,43;0,474
763;01.11.2023;10:38:49;00:12:42;250,0;640,0;34,6;30,2;24,9;721,3;35,4;0,1;8,78E-2;-541,2;20,00;3,0;3,0;36,31;2,00;0,937;2,6;5,43;0,479
764;01.11.2023;10:38:50;00:12:43;250,1;640,0;34,6;30,2;24,8;722,0;35,5;0,1;8,78E-2;-541,2;20,00;3,0;3,0;36,31;2,01;0,939;2,6;5,44;0,477
765;01.11.2023;10:38:51;00:12:44;250,1;642,2;34,7;30,2;24,8;723,5;35,6;0,1;8,77E-2;-541,2;20,00;3,0;2,9;36,33;2,03;0,948;2,6;5,45;0,479
766;01.11.2023;10:38:52;00:12:45;250,0;642,2;34,7;30,2;24,8;725,0;35,7;0,1;8,76E-2;-541,2;20,00;3,0;3,0;36,35;2,05;0,961;2,6;5,43;0,479
767;01.11.2023;10:38:53;00:12:46;250,1;644,5;34,8;30,3;24,8;725,8;35,6;0,1;8,76E-2;-541,2;20,00;3,0;3,0;36,36;2,06;0,966;2,6;5,44;0,479
768;01.11.2023;10:38:54;00:12:47;250,0;644,5;34,8;30,3;24,8;727,4;35,8;0,1;8,75E-2;-541,2;20,00;3,0;3,0;36,39;2,08;0,985;2,6;5,48;0,479
769;01.11.2023;10:38:55;00:12:48;250,1;647,0;34,9;30,4;24,8;728,9;35,8;0,1;8,74E-2;-541,2;20,00;3,0;3,0;36,40;2,10;0,979;2,6;5,44;0,479
770;01.11.2023;10:38:56;00:12:49;250,3;647,0;34,9;30,4;24,8;729,6;35,9;0,1;8,74E-2;-541,2;20,00;3,0;3,0;36,42;2,11;0,985;2,6;5,47;0,479
771;01.11.2023;10:38:57;00:12:50;250,1;647,0;35,0;30,4;24,8;731,1;36,1;0,1;8,73E-2;-541,2;20,00;3,0;3,0;36,43;2,13;0,991;2,6;5,47;0,484
772;01.11.2023;10:38:58;00:12:51;250,2;649,4;35,0;30,5;24,9;732,6;36,1;0,1;8,72E-2;-541,2;20,00;3,0;2,9;36,45;2,15;0,983;2,6;5,49;0,484
773;01.11.2023;10:38:59;00:12:52;250,1;651,8;35,1;30,5;24,9;733,4;36,2;0,1;8,72E-2;-541,2;20,00;3,0;3,0;36,46;2,16;0,983;2,6;5,45;0,484
774;01.11.2023;10:39:00;00:12:53;250,1;651,8;35,1;30,5;24,9;735,0;36,2;0,1;8,71E-2;-541,2;20,00;3,0;2,9;36,49;2,18;0,973;2,6;5,48;0,484
775;01.11.2023;10:39:01;00:12:54;250,3;651,8;35,2;30,6;24,9;735,8;36,3;0,1;8,71E-2;-541,2;20,00;3,0;3,0;36,50;2,19;0,998;2,6;5,47;0,484
776;01.11.2023;10:39:02;00:12:55;250,0;654,3;35,2;30,6;24,9;737,3;36,3;0,1;8,70E-2;-541,2;20,00;3,0;3,0;36,52;2,21;1,016;2,7;5,50;0,485
777;01.11.2023;10:39:03;00:12:56;250,1;656,5;35,3;30,6;25,0;738,8;36,4;0,1;8,69E-2;-541,2;20,00;3,0;3,0;36,54;2,23;1,017;2,7;5,47;0,488
778;01.11.2023;10:39:04;00:12:57;250,0;656,5;35,3;30,6;25,0;739,5;36,4;0,1;8,69E-2;-541,2;20,00;3,0;3,0;36,55;2,24;1,024;2,7;5,49;0,485
779;01.11.2023;10:39:05;00:12:58;250,1;656,5;35,4;30,7;25,0;741,0;36,6;0,1;8,68E-2;-541,2;20,00;3,0;3,0;36,57;2,26;1,020;2,7;5,49;0,487
780;01.11.2023;10:39:06;00:12:59;250,0;658,8;35,4;30,7;25,0;742,6;36,7;0,1;8,67E-2;-541,2;20,00;3,0;3,0;36,59;2,28;1,036;2,7;5,50;0,488
781;01.11.2023;10:39:07;00:13:00;250,3;661,1;35,5;30,8;25,0;743,4;36,8;0,1;8,67E-2;-541,2;20,00;3,0;3,0;36,61;2,30;1,043;2,7;5,49;0,488
782;01.11.2023;10:39:08;00:13:01;250,1;661,1;35,5;30,8;25,0;744,9;36,8;0,1;8,66E-2;-541,2;20,00;3,0;3,0;36,63;2,32;1,074;2,7;5,49;0,488
783;01.11.2023;10:39:09;00:13:02;250,0;663,4;35,5;30,8;25,0;746,4;37,0;0,1;8,65E-2;-541,2;20,00;3,0;3,0;36,65;2,34;1,082;2,7;5,52;0,488
784;01.11.2023;10:39:10;00:13:03;250,0;663,4;35,5;30,8;25,0;747,1;36,9;0,1;8,65E-2;-541,2;20,00;3,0;3,0;36,66;2,35;1,084;2,7;5,50;0,488
785;01.11.2023;10:39:11;00:13:04;250,0;665,8;35,6;30,9;25,0;748,6;37,0;0,1;8,65E-2;-541,2;20,00;3,0;3,0;36,68;2,38;1,064;2,7;5,52;0,491
786;01.11.2023;10:39:12;00:13:05;250,0;665,8;35,7;30,9;25,0;750,3;37,1;0,1;8,64E-2;-541,2;20,00;3,0;3,0;36,70;2,40;1,080;2,7;5,52;0,493
787;01.11.2023;10:39:13;00:13:06;250,0;668,1;35,7;31,0;25,0;751,0;37,0;0,1;8,64E-2;-541,2;20,00;3,0;2,9;36,71;2,41;1,088;2,7;5,53;0,493
788;01.11.2023;10:39:14;00:13:07;250,0;668,2;35,7;31,1;25,1;752,5;37,2;0,1;8,63E-2;-541,2;20,00;3,0;3,0;36,73;2,43;1,076;2,7;5,55;0,493
789;01.11.2023;10:39:15;00:13:08;250,0;668,2;35,9;31,1;25,2;753,3;37,3;0,1;8,63E-2;-541,2;20,00;3,0;3,0;36,75;2,44;1,079;2,7;5,54;0,493
790;01.11.2023;10:39:16;00:13:09;250,1;670,7;35,9;31,2;25,2;754,8;37,3;0,1;8,62E-2;-541,2;20,00;3,0;3,0;36,77;2,46;1,108;2,7;5,54;0,495
791;01.11.2023;10:39:17;00:13:10;250,0;670,7;36,0;31,2;25,2;756,3;37,5;0,1;8,61E-2;-541,2;20,00;3,0;3,0;36,79;2,49;1,125;2,7;5,52;0,495
792;01.11.2023;10:39:18;00:13:11;250,0;673,1;36,0;31,2;25,2;757,1;37,4;0,1;8,60E-2;-541,2;20,00;3,0;3,0;36,81;2,50;1,118;2,8;5,56;0,498
793;01.11.2023;10:39:19;00:13:12;250,1;675,5;36,1;31,3;25,2;758,6;37,5;0,1;8,60E-2;-541,2;20,00;3,0;3,0;36,83;2,52;1,117;2,7;5,53;0,498
794;01.11.2023;10:39:20;00:13:13;250,0;675,5;36,1;31,3;25,2;760,1;37,6;0,1;8,59E-2;-541,2;20,00;3,0;3,0;36,85;2,54;1,120;2,8;5,55;0,498
795;01.11.2023;10:39:21;00:13:14;250,1;675,5;36,2;31,3;25,2;760,9;37,7;0,1;8,59E-2;-541,2;20,00;3,0;3,0;36,86;2,56;1,120;2,8;5,56;0,498
796;01.11.2023;10:39:22;00:13:15;250,0;677,9;36,2;31,4;25,2;762,4;37,7;0,1;8,59E-2;-541,2;20,00;3,0;3,0;36,88;2,58;1,129;2,8;5,52;0,498
797;01.11.2023;10:39:23;00:13:16;250,1;680,1;36,3;31,4;25,2;763,9;37,7;0,1;8,59E-2;-541,2;20,00;3,0;3,0;36,91;2,60;1,125;2,8;5,54;0,501
798;01.11.2023;10:39:24;00:13:17;250,0;680,1;36,3;31,4;25,2;764,8;37,8;0,1;8,58E-2;-541,2;20,00;3,0;3,0;36,92;2,61;1,130;2,8;5,56;0,499
799;01.11.2023;10:39:25;00:13:18;250,1;680,1;36,4;31,5;25,2;766,3;38,0;0,1;8,57E-2;-541,2;20,00;3,0;3,0;36,95;2,64;1,130;2,8;5,58;0,501
800;01.11.2023;10:39:26;00:13:19;250,1;682,4;36,4;31,5;25,2;767,8;38,1;0,1;8,57E-2;-541,2;20,00;3,0;3,0;36,96;2,66;1,131;2,8;5,59;0,501
801;01.11.2023;10:39:27;00:13:20;250,1;684,6;36,5;31,6;25,2;768,5;38,2;0,1;8,56E-2;-541,2;20,00;3,0;3,0;36,98;2,67;1,129;2,8;5,55;0,502
802;01.11.2023;10:39:28;00:13:21;250,0;684,6;36,5;31,6;25,3;770,0;38,2;0,1;8,56E-2;-541,2;20,00;3,0;2,9;37,00;2,70;1,140;2,8;5,56;0,502
803;01.11.2023;10:39:29;00:13:22;250,0;684,6;36,6;31,7;25,3;770,8;38,3;0,1;8,56E-2;-541,2;20,00;3,0;3,0;37,02;2,71;1,155;2,8;5,58;0,503
804;01.11.2023;10:39:30;00:13:23;250,0;686,9;36,6;31,7;25,3;772,4;38,3;0,1;8,55E-2;-541,2;20,00;3,0;3,0;37,04;2,73;1,182;2,8;5,59;0,503
805;01.11.2023;10:39:31;00:13:24;250,0;689,1;36,7;31,7;25,3;773,9;38,3;0,1;8,54E-2;-541,2;20,00;3,0;3,0;37,06;2,76;1,176;2,8;5,60;0,507
806;01.11.2023;10:39:32;00:13:25;250,0;689,1;36,7;31,7;25,3;774,6;38,4;0,1;8,54E-2;-541,2;20,00;3,0;3,0;37,08;2,77;1,180;2,8;5,63;0,504
807;01.11.2023;10:39:33;00:13:26;250,0;691,3;36,8;31,8;25,3;776,1;38,4;0,1;8,54E-2;-541,2;20,00;3,0;3,0;37,09;2,79;1,166;2,8;5,57;0,507
808;01.11.2023;10:39:34;00:13:27;250,1;691,3;36,7;31,8;25,2;777,6;38,6;0,1;8,53E-2;-541,2;20,00;3,0;3,0;37,12;2,81;1,154;2,8;5,60;0,508
809;01.11.2023;10:39:35;00:13:28;250,1;691,3;36,8;31,8;25,2;778,4;38,7;0,1;8,53E-2;-541,2;20,00;3,0;3,0;37,13;2,83;1,158;2,9;5,62;0,508
810;01.11.2023;10:39:36;00:13:29;250,1;693,7;36,8;31,8;25,2;780,0;38,8;0,1;8,53E-2;-541,2;20,00;3,0;3,0;37,16;2,86;1,176;2,9;5,62;0,508
811;01.11.2023;10:39:37;00:13:30;250,2;696,1;36,9;31,9;25,2;780,0;38,9;0,1;8,52E-2;-541,2;20,00;3,0;3,0;37,18;2,88;1,183;2,8;5,58;0,510
812;01.11.2023;10:39:38;00:13:31;250,2;696,1;36,9;31,9;25,3;780,0;38,7;0,1;8,52E-2;-541,2;20,00;3,0;3,0;37,19;2,89;1,181;2,9;5,64;0,508
813;01.11.2023;10:39:39;00:13:32;250,1;698,4;37,0;32,0;25,3;780,0;38,6;0,1;8,52E-2;-541,2;20,00;3,0;3,0;37,23;2,92;1,225;2,9;5,64;0,509
814;01.11.2023;10:39:40;00:13:33;250,1;698,4;37,0;32,0;25,3;780,0;38,6;0,1;8,51E-2;-541,2;20,00;3,1;3,0;37,24;2,93;1,248;2,8;5,58;0,508
815;01.11.2023;10:39:41;00:13:34;250,3;698,4;37,1;32,0;25,3;780,0;38,7;0,1;8,51E-2;-541,2;20,00;3,1;3,1;37,27;2,96;1,301;2,8;5,62;0,508
816;01.11.2023;10:39:42;00:13:35;250,0;700,8;37,1;32,1;25,3;780,0;38,5;0,1;8,50E-2;-541,2;20,00;3,1;3,1;37,30;2,99;1,324;2,8;5,60;0,508
817;01.11.2023;10:39:43;00:13:36;250,2;700,8;37,2;32,1;25,3;780,0;38,6;0,1;8,50E-2;-541,2;20,00;3,1;3,0;37,31;3,01;1,339;2,8;5,59;0,508
818;01.11.2023;10:39:44;00:13:37;250,3;703,1;37,2;32,1;25,4;780,0;38,4;0,1;8,50E-2;-541,2;20,00;3,1;3,1;37,34;3,04;1,406;2,8;5,59;0,508
819;01.11.2023;10:39:45;00:13:38;250,1;703,1;37,3;32,2;25,4;780,0;38,5;0,1;8,49E-2;-541,2;20,00;3,1;3,1;37,37;3,07;1,451;2,8;5,60;0,508
820;01.11.2023;10:39:46;00:13:39;250,2;705,3;37,3;32,2;25,4;780,0;38,3;0,1;8,49E-2;-541,2;20,00;3,1;3,1;37,39;3,08;1,461;2,9;5,62;0,508
821;01.11.2023;10:39:47;00:13:40;250,2;707,5;37,4;32,3;25,4;780,0;38,3;0,1;8,48E-2;-541,2;20,00;3,2;3,1;37,42;3,11;1,476;2,8;5,59;0,508
822;01.11.2023;10:39:48;00:13:41;250,0;707,5;37,5;32,3;25,4;780,0;38,3;0,1;8,48E-2;-541,2;20,00;3,2;3,2;37,45;3,15;1,490;2,8;5,59;0,508
823;01.11.2023;10:39:49;00:13:42;250,1;709,6;37,5;32,3;25,4;780,0;38,1;0,1;8,48E-2;-541,2;20,00;3,2;3,1;37,47;3,16;1,499;2,8;5,55;0,508
824;01.11.2023;10:39:50;00:13:43;250,1;709,6;37,6;32,3;25,4;780,0;38,2;0,1;8,47E-2;-541,2;20,00;3,2;3,2;37,49;3,19;1,516;2,8;5,56;0,507
825;01.11.2023;10:39:51;00:13:44;250,1;711,7;37,6;32,4;25,4;780,0;38,1;0,1;8,47E-2;-541,2;20,00;3,2;3,2;37,53;3,22;1,518;2,8;5,56;0,508
826;01.11.2023;10:39:52;00:13:45;250,1;711,7;37,6;32,4;25,4;780,0;38,1;0,1;8,46E-2;-541,2;20,00;3,2;3,2;37,54;3,24;1,527;2,8;5,58;0,505
827;01.11.2023;10:39:53;00:13:46;250,1;713,7;37,7;32,5;25,4;780,0;38,0;0,1;8,46E-2;-541,2;20,00;3,3;3,2;37,58;3,27;1,541;2,8;5,53;0,507
828;01.11.2023;10:39:54;00:13:47;250,2;713,7;37,7;32,5;25,4;780,0;38,0;0,1;8,46E-2;-541,2;20,00;3,3;3,2;37,59;3,29;1,541;2,8;5,56;0,508
829;01.11.2023;10:39:55;00:13:48;250,0;713,7;37,7;32,5;25,4;780,0;38,1;0,1;8,45E-2;-541,2;20,00;3,3;3,2;37,62;3,32;1,538;2,8;5,55;0,507
830;01.11.2023;10:39:56;00:13:49;250,0;715,9;37,7;32,5;25,4;780,0;37,9;0,1;8,44E-2;-541,2;20,00;3,3;3,3;37,66;3,35;1,529;2,8;5,56;0,508
831;01.11.2023;10:39:57;00:13:50;250,2;715,9;37,7;32,5;25,4;780,0;37,9;0,1;8,44E-2;-541,2;20,00;3,3;3,3;37,67;3,36;1,526;2,8;5,56;0,508
832;01.11.2023;10:39:58;00:13:51;250,2;718,0;37,8;32,6;25,4;780,0;37,8;0,1;8,43E-2;-541,2;20,00;3,3;3,3;37,70;3,39;1,525;2,8;5,55;0,506
833;01.11.2023;10:39:59;00:13:52;250,2;718,0;37,9;32,7;25,4;780,0;37,9;0,1;8,42E-2;-541,2;20,00;3,3;3,3;37,73;3,42;1,511;2,8;5,53;0,507
834;01.11.2023;10:40:00;00:13:53;250,0;720,0;37,9;32,7;25,4;780,0;37,8;0,1;8,42E-2;-541,2;20,00;3,4;3,3;37,75;3,44;1,505;2,8;5,51;0,507
835;01.11.2023;10:40:01;00:13:54;250,0;720,0;37,9;32,7;25,4;780,0;37,8;0,1;8,42E-2;-541,2;20,00;3,4;3,4;37,78;3,47;1,498;2,8;5,54;0,507
836;01.11.2023;10:40:02;00:13:55;250,1;722,0;37,9;32,7;25,5;780,0;37,7;0,1;8,41E-2;-541,2;20,00;3,4;3,4;37,81;3,50;1,498;2,8;5,57;0,506
837;01.11.2023;10:40:03;00:13:56;250,1;723,7;38,0;32,8;25,5;780,0;37,7;0,1;8,41E-2;-541,2;20,00;3,4;3,4;37,82;3,51;1,491;2,8;5,52;0,504
838;01.11.2023;10:40:04;00:13:57;250,1;723,7;38,0;32,8;25,5;780,0;37,6;0,1;8,41E-2;-541,2;20,00;3,4;3,4;37,85;3,54;1,450;2,8;5,55;0,503
839;01.11.2023;10:40:05;00:13:58;250,2;723,7;38,1;32,8;25,5;780,0;37,6;0,1;8,40E-2;-541,2;20,00;3,4;3,4;37,86;3,56;1,458;2,8;5,53;0,504
840;01.11.2023;10:40:06;00:13:59;250,0;725,3;38,1;32,8;25,5;780,0;37,5;0,1;8,39E-2;-541,2;20,00;3,4;3,4;37,89;3,58;1,456;2,8;5,53;0,506
841;01.11.2023;10:40:07;00:14:00;250,1;726,9;38,2;32,9;25,5;780,0;37,4;0,1;8,38E-2;-541,2;20,00;3,5;3,4;37,92;3,62;1,466;2,8;5,49;0,505
842;01.11.2023;10:40:08;00:14:01;250,1;726,9;38,2;32,9;25,5;780,0;37,4;0,1;8,38E-2;-541,2;20,00;3,5;3,4;37,94;3,63;1,473;2,8;5,50;0,503
843;01.11.2023;10:40:09;00:14:02;250,1;726,9;38,3;32,9;25,5;780,0;37,5;0,1;8,37E-2;-541,2;20,00;3,5;3,5;37,96;3,66;1,455;2,8;5,52;0,504
844;01.11.2023;10:40:10;00:14:03;250,0;728,5;38,3;32,9;25,5;780,0;37,4;0,1;8,37E-2;-541,2;20,00;3,5;3,5;38,00;3,69;1,428;2,8;5,50;0,503
845;01.11.2023;10:40:11;00:14:04;250,2;728,5;38,3;32,9;25,5;780,0;37,4;0,1;8,36E-2;-541,2;20,00;3,5;3,5;38,00;3,70;1,425;2,8;5,49;0,505
846;01.11.2023;10:40:12;00:14:05;250,0;729,9;38,3;32,9;25,5;780,0;37,3;0,1;8,35E-2;-541,2;20,00;3,5;3,5;38,04;3,73;1,399;2,8;5,51;0,503
847;01.11.2023;10:40:13;00:14:06;250,2;729,9;38,4;33,0;25,5;780,0;37,4;0,1;8,35E-2;-541,2;20,00;3,6;3,5;38,06;3,76;1,380;2,8;5,49;0,504
848;01.11.2023;10:40:14;00:14:07;250,1;731,3;38,4;33,0;25,5;780,0;37,3;0,1;8,34E-2;-541,2;20,00;3,6;3,5;38,07;3,77;1,378;2,8;5,54;0,505
849;01.11.2023;10:40:15;00:14:08;250,2;731,3;38,4;33,0;25,5;780,0;37,3;0,1;8,33E-2;-541,2;20,00;3,6;3,6;38,10;3,79;1,347;2,8;5,49;0,503
850;01.11.2023;10:40:16;00:14:09;250,0;732,7;38,4;33,0;25,5;780,0;37,3;0,1;8,32E-2;-541,2;20,00;3,6;3,6;38,13;3,82;1,334;2,8;5,49;0,506
851;01.11.2023;10:40:17;00:14:10;250,0;732,7;38,4;33,0;25,5;780,0;37,3;0,1;8,32E-2;-541,2;20,00;3,6;3,6;38,14;3,83;1,316;2,8;5,52;0,505
852;01.11.2023;10:40:18;00:14:11;250,0;734,1;38,5;33,0;25,5;780,0;37,2;0,1;8,31E-2;-541,2;20,00;3,6;3,6;38,16;3,86;1,306;2,8;5,48;0,503
853;01.11.2023;10:40:19;00:14:12;250,1;734,1;38,5;33,0;25,5;780,0;37,2;0,1;8,30E-2;-541,2;20,00;3,6;3,6;38,18;3,88;1,289;2,8;5,49;0,505
854;01.11.2023;10:40:20;00:14:13;250,0;735,4;38,5;33,0;25,6;780,0;37,2;0,1;8,30E-2;-541,2;20,00;3,7;3,7;38,20;3,89;1,270;2,8;5,51;0,506
855;01.11.2023;10:40:21;00:14:14;250,0;735,4;38,6;33,0;25,6;780,0;37,2;0,1;8,29E-2;-541,2;20,00;3,7;3,6;38,23;3,92;1,243;2,8;5,50;0,505
856;01.11.2023;10:40:22;00:14:15;250,1;736,7;38,6;33,1;25,6;780,0;37,1;0,1;8,28E-2;-541,2;20,00;3,7;3,7;38,24;3,93;1,238;2,8;5,50;0,507
857;01.11.2023;10:40:23;00:14:16;250,1;737,9;38,7;33,1;25,6;780,0;37,1;0,1;8,28E-2;-541,2;20,00;3,7;3,6;38,26;3,96;1,238;2,8;5,45;0,507
858;01.11.2023;10:40:24;00:14:17;250,0;737,9;38,7;33,1;25,6;780,0;37,0;0,1;8,27E-2;-541,2;20,00;3,7;3,7;38,28;3,98;1,217;2,8;5,46;0,506
859;01.11.2023;10:40:25;00:14:18;250,2;737,9;38,7;33,1;25,6;780,0;37,1;0,1;8,26E-2;-541,2;20,00;3,7;3,8;38,30;4,00;1,216;2,8;5,51;0,507
860;01.11.2023;10:40:26;00:14:19;250,0;739,0;38,7;33,1;25,6;780,0;37,0;0,1;8,25E-2;-541,2;20,00;3,7;3,8;38,33;4,02;1,210;2,8;5,49;0,505
861;01.11.2023;10:40:27;00:14:20;250,0;740,2;38,8;33,2;25,6;780,0;37,0;0,1;8,25E-2;-541,2;20,00;3,8;3,7;38,34;4,04;1,186;2,8;5,47;0,506
862;01.11.2023;10:40:28;00:14:21;250,1;740,2;38,8;33,2;25,6;780,0;37,0;0,1;8,24E-2;-541,2;20,00;3,8;3,8;38,36;4,05;1,167;2,8;5,49;0,505
863;01.11.2023;10:40:29;00:14:22;250,3;740,2;38,8;33,2;25,6;780,0;37,0;0,1;8,23E-2;-541,2;20,00;3,8;3,8;38,38;4,07;1,135;2,8;5,48;0,505
864;01.11.2023;10:40:30;00:14:23;250,2;741,2;38,8;33,2;25,7;780,0;36,9;0,1;8,22E-2;-541,2;20,00;3,8;3,8;38,40;4,09;1,105;2,8;5,47;0,505
865;01.11.2023;10:40:31;00:14:24;250,0;742,3;38,9;33,2;25,7;780,0;37,0;0,1;8,21E-2;-541,2;20,00;3,8;3,8;38,41;4,11;1,095;2,8;5,47;0,507
866;01.11.2023;10:40:32;00:14:25;250,1;742,3;38,9;33,2;25,7;780,0;36,9;0,1;8,20E-2;-541,2;20,00;3,8;3,8;38,43;4,13;1,084;2,8;5,50;0,505
867;01.11.2023;10:40:33;00:14:26;250,1;743,3;38,9;33,3;25,7;780,0;36,8;0,1;8,20E-2;-541,2;20,00;3,9;3,8;38,44;4,14;1,086;2,8;5,49;0,507
868;01.11.2023;10:40:34;00:14:27;250,1;743,3;39,0;33,3;25,7;780,0;36,9;0,1;8,19E-2;-541,2;20,00;3,9;3,9;38,46;4,16;1,082;2,7;5,48;0,505
869;01.11.2023;10:40:35;00:14:28;250,1;743,3;39,0;33,3;25,8;780,0;36,9;0,1;8,19E-2;-541,2;20,00;3,9;3,9;38,48;4,18;1,061;2,8;5,49;0,505
870;01.11.2023;10:40:36;00:14:29;250,2;744,4;39,0;33,3;25,8;780,0;36,9;0,1;8,18E-2;-541,2;20,00;3,9;3,9;38,50;4,19;1,043;2,8;5,47;0,507
871;01.11.2023;10:40:37;00:14:30;250,0;744,4;39,0;33,3;25,7;777,5;80,9;0,1;8,16E-2;-541,2;20,00;3,9;3,9;38,52;4,21;1,005;0,0;0,01;0,054
872;01.11.2023;10:40:38;00:14:31;250,0;745,4;39,1;33,4;25,7;774,4;81,1;0,1;8,14E-2;-541,2;20,00;3,9;3,9;38,57;4,26;1,214;0,0;0,01;0,054
873;01.11.2023;10:40:39;00:14:32;250,0;745,4;39,1;33,4;25,7;772,9;81,2;0,1;8,14E-2;-541,2;20,00;3,9;3,9;38,59;4,28;1,380;0,0;0,01;0,054
874;01.11.2023;10:40:40;00:14:33;250,0;746,1;39,1;33,4;25,5;769,9;81,4;0,1;8,12E-2;-541,2;20,00;3,9;3,9;38,63;4,32;1,587;0,0;0,01;0,054
875;01.11.2023;10:40:41;00:14:34;250,0;746,1;39,1;33,4;25,5;766,8;81,6;0,1;8,09E-2;-541,2;20,00;3,9;3,9;38,65;4,35;1,646;0,0;0,01;0,054
876;01.11.2023;10:40:42;00:14:35;250,0;746,0;39,1;33,4;25,3;765,3;81,7;0,1;8,08E-2;-541,2;20,00;3,9;3,9;38,66;4,36;1,617;0,0;0,01;0,054
877;01.11.2023;10:40:43;00:14:36;250,0;746,0;39,0;33,4;25,3;762,0;81,9;0,1;8,06E-2;-541,2;20,00;3,9;3,9;38,68;4,38;1,489;0,0;0,01;0,054
878;01.11.2023;10:40:44;00:14:37;250,0;744,7;39,0;33,4;25,3;760,5;82,0;0,1;8,05E-2;-541,2;20,00;3,9;3,9;38,69;4,39;1,409;0,0;0,01;0,054
879;01.11.2023;10:40:45;00:14:38;250,0;744,7;39,0;33,4;25,2;757,5;82,2;0,1;8,02E-2;-541,2;20,00;3,9;3,9;38,71;4,40;1,235;0,0;0,01;0,054
880;01.11.2023;10:40:46;00:14:39;250,0;742,0;38,9;33,4;25,0;754,4;82,4;0,1;8,00E-2;-541,2;20,00;3,9;3,9;38,72;4,42;1,071;0,0;0,01;0,054
881;01.11.2023;10:40:47;00:14:40;250,0;742,0;38,7;33,4;25,0;752,9;82,5;0,1;7,98E-2;-541,2;20,00;3,9;3,9;38,73;4,42;0,993;0,0;0,01;0,054
882;01.11.2023;10:40:48;00:14:41;250,0;737,8;38,7;33,2;24,9;749,9;82,6;0,1;7,96E-2;-541,2;20,00;3,9;3,9;38,74;4,43;0,853;0,0;0,01;0,054
883;01.11.2023;10:40:49;00:14:42;250,0;737,8;38,5;33,1;24,9;746,6;82,8;0,1;7,93E-2;-541,2;20,00;3,9;3,9;38,75;4,44;0,737;0,0;0,01;0,054
884;01.11.2023;10:40:50;00:14:43;250,0;732,4;38,5;33,1;24,8;745,0;82,9;0,1;7,92E-2;-541,2;20,00;3,9;3,9;38,75;4,45;0,691;0,0;0,01;0,054
885;01.11.2023;10:40:51;00:14:44;250,0;726,3;38,3;32,8;24,7;742,0;83,1;0,1;7,90E-2;-541,2;20,00;3,9;3,9;38,76;4,45;0,609;0,0;0,01;0,054
886;01.11.2023;10:40:52;00:14:45;250,0;726,3;38,3;32,8;24,7;739,0;83,2;0,1;7,87E-2;-541,2;20,00;3,9;3,8;38,77;4,46;0,532;0,0;0,01;0,054
887;01.11.2023;10:40:53;00:14:46;250,0;726,3;38,0;32,8;24,7;737,4;83,3;0,1;7,86E-2;-541,2;20,00;3,9;3,9;38,77;4,47;0,507;0,0;0,01;0,054
888;01.11.2023;10:40:54;00:14:47;250,0;719,6;38,0;32,5;24,7;734,4;83,5;0,1;7,84E-2;-541,2;20,00;3,9;3,9;38,78;4,47;0,465;0,0;0,01;0,054
889;01.11.2023;10:40:55;00:14:48;250,0;719,6;37,8;32,5;24,7;731,1;83,7;0,1;7,81E-2;-541,2;20,00;3,9;3,9;38,79;4,48;0,415;0,0;0,01;0,054
890;01.11.2023;10:40:56;00:14:49;250,0;712,1;37,8;32,1;24,7;729,6;83,7;0,1;7,80E-2;-541,2;20,00;3,9;3,9;38,79;4,48;0,399;0,0;0,01;0,054
891;01.11.2023;10:40:57;00:14:50;250,0;712,1;37,5;32,1;24,7;726,5;83,9;0,1;7,78E-2;-541,2;20,00;3,9;3,9;38,79;4,49;0,370;0,0;0,01;0,054
892;01.11.2023;10:40:58;00:14:51;250,0;704,4;37,5;31,7;24,6;725,0;84,0;0,1;7,77E-2;-541,2;20,00;3,9;3,9;38,80;4,49;0,362;0,0;0,01;0,054
893;01.11.2023;10:40:59;00:14:52;250,0;704,4;37,2;31,3;24,6;722,0;84,1;0,1;7,75E-2;-541,2;20,00;3,9;3,9;38,80;4,50;0,340;0,0;0,01;0,054
894;01.11.2023;10:41:00;00:14:53;250,0;696,8;37,2;31,3;24,6;718,9;84,3;0,1;7,73E-2;-541,2;20,00;3,9;3,9;38,81;4,50;0,324;0,0;0,01;0,054
895;01.11.2023;10:41:01;00:14:54;250,0;696,8;37,2;31,3;24,6;717,4;84,3;0,1;7,73E-2;-541,2;20,00;3,9;3,9;38,81;4,51;0,317;0,0;0,01;0,054
896;01.11.2023;10:41:02;00:14:55;250,0;689,2;36,9;30,9;24,6;714,1;84,5;0,1;7,70E-2;-541,2;20,00;3,9;3,9;38,82;4,51;0,301;0,0;0,01;0,054
897;01.11.2023;10:41:03;00:14:56;250,0;689,2;36,6;30,5;24,6;711,1;84,6;0,1;7,68E-2;-541,2;20,00;3,9;3,9;38,82;4,52;0,285;0,0;0,01;0,054
898;01.11.2023;10:41:04;00:14:57;250,0;682,1;36,6;30,5;24,6;709,6;84,7;0,1;7,68E-2;-541,2;20,00;3,9;3,9;38,82;4,52;0,275;0,0;0,01;0,054
899;01.11.2023;10:41:05;00:14:58;250,0;682,1;36,6;30,5;24,6;706,5;84,8;0,1;7,66E-2;-541,2;20,00;3,9;3,9;38,83;4,52;0,256;0,0;0,01;0,054
900;01.11.2023;10:41:06;00:14:59;250,0;675,2;36,3;30,1;24,6;703,5;85,0;0,1;7,64E-2;-541,2;20,00;3,9;3,9;38,83;4,53;0,240;0,0;0,01;0,054
901;01.11.2023;10:41:07;00:15:00;250,0;675,2;36,1;29,8;24,6;702,0;85,0;0,1;7,63E-2;-541,2;20,00;3,9;3,9;38,83;4,53;0,237;0,0;0,01;0,054
902;01.11.2023;10:41:08;00:15:01;250,0;668,3;36,1;29,8;24,6;698,7;85,2;0,1;7,61E-2;-541,2;20,00;3,9;3,9;38,84;4,54;0,225;0,0;0,01;0,053
903;01.11.2023;10:41:09;00:15:02;250,0;661,5;35,8;29,4;24,6;695,6;85,3;0,1;7,59E-2;-541,2;20,00;3,9;3,9;38,84;4,54;0,213;0,0;0,01;0,054
904;01.11.2023;10:41:10;00:15:03;250,0;661,5;35,8;29,4;24,6;694,1;85,4;0,1;7,59E-2;-541,2;20,00;3,9;3,9;38,85;4,54;0,214;0,0;0,01;0,054
905;01.11.2023;10:41:11;00:15:04;250,0;654,8;35,6;29,1;24,6;691,1;85,5;0,1;7,57E-2;-541,2;20,00;3,9;3,9;38,85;4,54;0,211;0,0;0,01;0,054
906;01.11.2023;10:41:12;00:15:05;250,0;654,8;35,6;29,1;24,6;689,6;85,6;0,1;7,56E-2;-541,2;20,00;3,9;3,9;38,85;4,55;0,213;0,0;0,01;0,054
907;01.11.2023;10:41:13;00:15:06;250,0;654,8;35,3;28,8;24,6;686,5;85,7;0,1;7,55E-2;-541,2;20,00;3,9;3,9;38,86;4,55;0,208;0,0;0,01;0,054
908;01.11.2023;10:41:14;00:15:07;250,0;648,1;35,3;28,8;24,5;683,2;85,8;0,1;7,53E-2;-541,2;20,00;3,9;3,9;38,86;4,56;0,205;0,0;0,01;0,054
909;01.11.2023;10:41:15;00:15:08;250,0;648,1;34,9;28,8;24,5;681,7;85,9;0,1;7,52E-2;-541,2;20,00;3,9;3,9;38,86;4,56;0,210;0,0;0,01;0,053
910;01.11.2023;10:41:16;00:15:09;250,0;641,1;34,9;28,4;24,5;678,7;86,0;0,1;7,51E-2;-541,2;20,00;3,9;3,9;38,87;4,56;0,214;0,0;0,01;0,054
911;01.11.2023;10:41:17;00:15:10;250,0;641,1;34,7;28,4;24,5;675,6;86,1;0,1;7,50E-2;-541,2;20,00;3,9;3,9;38,87;4,56;0,207;0,0;0,01;0,054
912;01.11.2023;10:41:18;00:15:11;250,0;634,3;34,7;28,2;24,4;674,1;86,1;0,1;7,49E-2;-541,2;20,00;3,9;3,9;38,87;4,57;0,202;0,0;0,01;0,054
913;01.11.2023;10:41:19;00:15:12;250,0;634,3;34,4;27,9;24,4;671,1;86,2;0,1;7,47E-2;-541,2;20,00;3,9;3,9;38,88;4,57;0,197;0,0;0,01;0,054
914;01.11.2023;10:41:20;00:15:13;250,0;627,5;34,4;27,9;24,4;667,8;86,4;0,1;7,45E-2;-541,2;20,00;3,9;3,9;38,88;4,58;0,196;0,0;0,01;0,054
915;01.11.2023;10:41:21;00:15:14;250,0;627,5;34,4;27,9;24,4;666,3;86,4;0,1;7,45E-2;-541,2;20,00;3,9;3,9;38,88;4,58;0,196;0,0;0,01;0,054
916;01.11.2023;10:41:22;00:15:15;250,0;620,8;34,2;27,6;24,4;663,2;86,5;0,1;7,44E-2;-541,2;20,00;3,9;3,9;38,88;4,58;0,192;0,0;0,01;0,054
917;01.11.2023;10:41:23;00:15:16;250,0;620,8;34,2;27,6;24,4;661,7;86,6;0,1;7,43E-2;-541,2;20,00;3,9;3,9;38,89;4,58;0,189;0,0;0,01;0,054
918;01.11.2023;10:41:24;00:15:17;250,0;614,7;34,0;27,4;24,4;658,7;86,6;0,1;7,41E-2;-541,2;20,00;3,9;3,9;38,89;4,58;0,189;0,0;0,01;0,054
919;01.11.2023;10:41:25;00:15:18;250,0;614,7;33,8;27,4;24,4;655,6;86,7;0,1;7,40E-2;-541,2;20,00;3,9;3,9;38,89;4,59;0,185;0,0;0,01;0,054
920;01.11.2023;10:41:26;00:15:19;250,0;608,6;33,8;27,2;24,4;653,8;86,8;0,1;7,39E-2;-541,2;20,00;3,9;3,8;38,90;4,59;0,183;0,0;0,01;0,054
921;01.11.2023;10:41:27;00:15:20;250,0;608,6;33,5;27,0;24,4;650,8;86,9;0,1;7,38E-2;-541,2;20,00;3,9;3,9;38,90;4,59;0,176;0,0;0,01;0,054
922;01.11.2023;10:41:28;00:15:21;250,0;602,4;33,5;27,0;24,4;647,8;87,0;0,1;7,36E-2;-541,2;20,00;3,9;3,9;38,90;4,60;0,179;0,0;0,01;0,054
923;01.11.2023;10:41:29;00:15:22;250,0;602,4;33,5;27,0;24,4;646,2;87,0;0,1;7,36E-2;-541,2;20,00;3,9;3,9;38,91;4,60;0,182;0,0;0,01;0,054
924;01.11.2023;10:41:30;00:15:23;250,0;596,4;33,3;26,8;24,4;643,2;87,1;0,1;7,35E-2;-541,2;20,00;3,9;3,9;38,91;4,60;0,183;0,0;0,01;0,054
925;01.11.2023;10:41:31;00:15:24;250,0;590,4;33,1;26,7;24,4;640,2;87,2;0,1;7,34E-2;-541,2;20,00;3,9;3,9;38,91;4,61;0,177;0,0;0,01;0,054
926;01.11.2023;10:41:32;00:15:25;250,0;590,4;33,1;26,7;24,4;638,4;87,2;0,1;7,33E-2;-541,2;20,00;3,9;4,0;38,91;4,61;0,173;0,0;0,01;0,054
927;01.11.2023;10:41:33;00:15:26;250,0;590,4;32,9;26,7;24,4;635,3;87,3;0,1;7,33E-2;-541,2;20,00;3,9;3,9;38,92;4,61;0,169;0,0;0,01;0,054
928;01.11.2023;10:41:34;00:15:27;250,0;584,5;32,9;26,5;24,4;632,3;87,4;0,1;7,31E-2;-541,2;20,00;3,9;3,9;38,92;4,62;0,168;0,0;0,01;0,054
929;01.11.2023;10:41:35;00:15:28;250,0;584,5;33,0;26,6;24,4;630,8;87,4;0,1;7,31E-2;-541,2;20,00;3,9;3,9;38,92;4,62;0,166;0,0;0,01;0,054
930;01.11.2023;10:41:36;00:15:29;250,0;578,6;32,8;26,5;24,5;627,7;87,5;0,1;7,30E-2;-541,2;20,00;3,9;3,9;38,93;4,62;0,169;0,0;0,01;0,054
931;01.11.2023;10:41:37;00:15:30;250,0;578,6;32,8;26,5;24,5;626,2;87,5;0,1;7,30E-2;-541,2;20,00;3,9;3,9;38,93;4,62;0,166;0,0;0,01;0,054
932;01.11.2023;10:41:38;00:15:31;250,0;572,7;32,6;26,3;24,5;622,9;87,6;0,1;7,28E-2;-541,2;20,00;3,9;3,9;38,93;4,63;0,171;0,0;0,01;0,054
933;01.11.2023;10:41:39;00:15:32;250,0;572,7;32,5;26,3;24,5;619,9;87,6;0,1;7,27E-2;-541,2;20,00;3,9;3,9;38,93;4,63;0,171;0,0;0,01;0,054
934;01.11.2023;10:41:40;00:15:33;250,0;566,9;32,5;26,2;24,5;618,4;87,6;0,1;7,26E-2;-541,2;20,00;3,9;3,9;38,94;4,63;0,170;0,0;0,01;0,054
935;01.11.2023;10:41:41;00:15:34;250,0;566,9;32,5;26,2;24,4;615,3;87,7;0,1;7,25E-2;-541,2;20,00;3,9;3,9;38,94;4,63;0,168;0,0;0,01;0,054
936;01.11.2023;10:41:42;00:15:35;250,0;561,1;32,3;26,0;24,4;612,3;87,8;0,1;7,24E-2;-541,2;20,00;3,9;3,9;38,94;4,64;0,160;0,0;0,01;0,054
937;01.11.2023;10:41:43;00:15:36;250,0;561,1;32,1;26,0;24,4;610,8;87,8;0,1;7,24E-2;-541,2;20,00;3,9;3,9;38,94;4,64;0,160;0,0;0,01;0,054
938;01.11.2023;10:41:44;00:15:37;250,0;555,8;32,1;25,9;24,4;607,5;87,8;0,1;7,22E-2;-541,2;20,00;3,9;3,9;38,95;4,64;0,163;0,0;0,01;0,054
939;01.11.2023;10:41:45;00:15:38;250,0;555,8;32,0;25,8;24,4;604,4;87,9;0,1;7,21E-2;-541,2;20,00;3,9;3,9;38,95;4,65;0,164;0,0;0,01;0,054
940;01.11.2023;10:41:46;00:15:39;250,0;550,6;32,0;25,8;24,4;602,9;87,9;0,1;7,20E-2;-541,2;20,00;3,9;3,9;38,95;4,65;0,164;0,0;0,01;0,054
941;01.11.2023;10:41:47;00:15:40;250,0;550,6;31,8;25,7;24,4;599,9;87,9;0,1;7,19E-2;-541,2;20,00;3,9;3,8;38,95;4,65;0,153;0,0;0,01;0,054
942;01.11.2023;10:41:48;00:15:41;250,0;545,4;31,8;25,7;24,4;596,8;88,0;0,1;7,18E-2;-541,2;20,00;3,9;3,9;38,96;4,65;0,152;0,0;0,01;0,053
943;01.11.2023;10:41:49;00:15:42;250,0;545,4;31,8;25,7;24,4;595,3;88,0;0,1;7,17E-2;-541,2;20,00;3,9;3,9;38,96;4,65;0,150;0,0;0,01;0,054
944;01.11.2023;10:41:50;00:15:43;250,0;540,3;31,6;25,6;24,4;592,0;88,0;0,1;7,16E-2;-541,2;20,00;3,9;3,9;38,96;4,66;0,149;0,0;0,01;0,054
945;01.11.2023;10:41:51;00:15:44;250,0;540,3;31,5;25,6;24,4;590,5;88,1;0,1;7,15E-2;-541,2;20,00;3,9;3,9;38,96;4,66;0,145;0,0;0,01;0,054
946;01.11.2023;10:41:52;00:15:45;250,0;535,2;31,5;25,5;24,4;587,5;88,1;0,1;7,14E-2;-541,2;20,00;3,9;3,9;38,97;4,66;0,138;0,0;0,01;0,054
947;01.11.2023;10:41:53;00:15:46;250,0;535,2;31,4;25,5;24,4;584,4;88,1;0,1;7,13E-2;-541,2;20,00;3,9;3,9;38,97;4,66;0,136;0,0;0,01;0,053
948;01.11.2023;10:41:54;00:15:47;250,0;530,3;31,4;25,4;24,4;582,9;88,1;0,1;7,12E-2;-541,2;20,00;3,9;3,9;38,97;4,67;0,134;0,0;0,00;0,054
949;01.11.2023;10:41:55;00:15:48;250,0;530,2;31,3;25,4;24,4;579,9;88,2;0,1;7,11E-2;-541,2;20,00;3,9;3,9;38,97;4,67;0,135;0,0;0,01;0,054
950;01.11.2023;10:41:56;00:15:49;250,0;525,0;31,2;25,3;24,3;576,6;88,2;0,1;7,10E-2;-541,2;20,00;3,9;3,9;38,98;4,67;0,134;0,0;0,01;0,054
951;01.11.2023;10:41:57;00:15:50;250,0;525,0;31,2;25,3;24,3;575,1;88,2;0,1;7,10E-2;-541,2;20,00;3,9;3,9;38,98;4,67;0,133;0,0;0,01;0,054
952;01.11.2023;10:41:58;00:15:51;250,0;519,8;31,0;25,2;24,3;572,0;88,2;0,1;7,09E-2;-541,2;20,00;3,9;3,9;38,98;4,67;0,132;0,0;0,01;0,054
953;01.11.2023;10:41:59;00:15:52;250,0;519,8;30,9;25,2;24,3;569,0;88,2;0,1;7,07E-2;-541,2;20,00;3,9;3,9;38,98;4,68;0,131;0,0;0,01;0,054
954;01.11.2023;10:42:00;00:15:53;250,0;514,6;30,9;25,1;24,3;567,5;88,2;0,1;7,06E-2;-541,2;20,00;3,9;3,9;38,98;4,68;0,130;0,0;0,01;0,054
955;01.11.2023;10:42:01;00:15:54;250,0;514,7;30,9;25,1;24,3;564,4;88,2;0,1;7,06E-2;-541,2;20,00;3,9;3,9;38,98;4,68;0,126;0,0;0,01;0,054
956;01.11.2023;10:42:02;00:15:55;250,0;509,6;30,7;25,0;24,3;562,6;88,2;0,1;7,05E-2;-541,2;20,00;3,9;3,9;38,99;4,68;0,125;0,0;0,01;0,054
957;01.11.2023;10:42:03;00:15:56;250,0;509,6;30,6;24,9;24,3;559,6;88,3;0,1;7,04E-2;-541,2;20,00;3,9;3,9;38,99;4,68;0,127;0,0;0,01;0,054
958;01.11.2023;10:42:04;00:15:57;250,0;505,0;30,6;24,9;24,3;556,6;88,3;0,1;7,03E-2;-541,2;20,00;3,9;3,9;38,99;4,69;0,129;0,0;0,01;0,054
959;01.11.2023;10:42:05;00:15:58;250,0;505,0;30,6;24,9;24,3;555,0;88,3;0,1;7,02E-2;-541,2;20,00;3,9;3,9;38,99;4,69;0,130;0,0;0,01;0,054
960;01.11.2023;10:42:06;00:15:59;250,0;500,3;30,5;24,8;24,3;552,0;88,3;0,1;7,01E-2;-541,2;20,00;3,9;3,9;39,00;4,69;0,126;0,0;0,01;0,054
961;01.11.2023;10:42:07;00:16:00;250,0;495,8;30,4;24,7;24,3;549,0;88,3;0,1;7,00E-2;-541,2;20,00;3,9;3,9;39,00;4,69;0,130;0,0;0,01;0,054
962;01.11.2023;10:42:08;00:16:01;250,0;495,8;30,4;24,7;24,3;547,4;88,3;0,1;7,00E-2;-541,2;20,00;3,9;3,9;39,00;4,70;0,127;0,0;0,01;0,054
963;01.11.2023;10:42:09;00:16:02;250,0;495,8;30,2;24,7;24,3;544,1;88,2;0,1;6,98E-2;-541,2;20,00;3,9;3,9;39,00;4,70;0,125;0,0;0,01;0,054
964;01.11.2023;10:42:10;00:16:03;250,0;491,3;30,2;24,6;24,3;541,1;88,2;0,1;6,97E-2;-541,2;20,00;3,9;3,8;39,00;4,70;0,127;0,0;0,01;0,054
965;01.11.2023;10:42:11;00:16:04;250,0;491,3;30,1;24,6;24,3;539,6;88,2;0,1;6,96E-2;-541,2;20,00;3,9;3,8;39,01;4,70;0,128;0,0;0,01;0,054
966;01.11.2023;10:42:12;00:16:05;250,0;486,8;30,1;24,6;24,2;536,5;88,2;0,1;6,95E-2;-541,2;20,00;3,9;3,9;39,01;4,70;0,125;0,0;0,01;0,054
967;01.11.2023;10:42:13;00:16:06;250,0;486,8;30,0;24,6;24,2;533,5;88,2;0,1;6,95E-2;-541,2;20,00;3,9;3,9;39,01;4,71;0,129;0,0;0,01;0,054
968;01.11.2023;10:42:14;00:16:07;250,0;482,3;30,0;24,5;24,2;532,0;88,2;0,1;6,94E-2;-541,2;20,00;3,9;3,9;39,01;4,71;0,128;0,0;0,01;0,054
969;01.11.2023;10:42:15;00:16:08;250,0;482,3;30,0;24,5;24,2;528,7;88,2;0,1;6,93E-2;-541,2;20,00;3,9;3,9;39,02;4,71;0,127;0,0;0,01;0,054
970;01.11.2023;10:42:16;00:16:09;250,0;482,3;29,9;24,4;24,2;527,2;88,2;0,1;6,92E-2;-541,2;20,00;3,9;3,9;39,02;4,71;0,125;0,0;0,01;0,054
971;01.11.2023;10:42:17;00:16:10;250,0;477,5;29,9;24,4;24,2;524,1;88,1;0,1;6,91E-2;-541,2;20,00;3,9;3,9;39,02;4,71;0,120;0,0;0,01;0,053
972;01.11.2023;10:42:18;00:16:11;250,0;477,5;29,7;24,3;24,2;521,1;88,1;0,1;6,90E-2;-541,2;20,00;3,9;3,9;39,02;4,72;0,115;0,0;0,01;0,054
973;01.11.2023;10:42:19;00:16:12;250,0;472,7;29,7;24,3;24,2;519,6;88,1;0,1;6,90E-2;-541,2;20,00;3,9;3,9;39,02;4,72;0,112;0,0;0,00;0,054
974;01.11.2023;10:42:20;00:16:13;250,0;468,1;29,6;24,3;24,2;516,5;88,1;0,1;6,88E-2;-541,2;20,00;3,9;3,9;39,02;4,72;0,111;0,0;0,01;0,054
975;01.11.2023;10:42:21;00:16:14;250,0;468,1;29,5;24,3;24,2;513,2;88,0;0,1;6,87E-2;-541,2;20,00;3,9;3,9;39,03;4,72;0,114;0,0;0,00;0,054
976;01.11.2023;10:42:22;00:16:15;250,0;463,6;29,5;24,2;24,2;511,7;88,0;0,1;6,86E-2;-541,2;20,00;3,9;3,9;39,03;4,72;0,114;0,0;0,01;0,054
977;01.11.2023;10:42:23;00:16:16;250,0;463,6;29,4;24,2;24,2;508,7;88,0;0,1;6,86E-2;-541,2;20,00;3,9;3,9;39,03;4,72;0,114;0,0;0,01;0,054
978;01.11.2023;10:42:24;00:16:17;250,0;459,5;29,4;24,1;24,2;505,6;87,9;0,1;6,85E-2;-541,2;20,00;3,9;3,9;39,03;4,73;0,119;0,0;0,01;0,054
979;01.11.2023;10:42:25;00:16:18;250,0;459,5;29,4;24,1;24,2;504,1;87,9;0,1;6,84E-2;-541,2;20,00;3,9;3,9;39,03;4,73;0,119;0,0;0,01;0,054
980;01.11.2023;10:42:26;00:16:19;250,0;455,4;29,3;24,1;24,2;501,1;87,9;0,1;6,83E-2;-541,2;20,00;3,9;3,9;39,04;4,73;0,118;0,0;0,01;0,054
981;01.11.2023;10:42:27;00:16:20;250,0;455,4;29,2;24,1;24,2;497,8;87,8;0,1;6,82E-2;-541,2;20,00;3,9;3,9;39,04;4,73;0,119;0,0;0,00;0,054
982;01.11.2023;10:42:28;00:16:21;250,0;451,4;29,2;24,0;24,1;496,3;87,8;0,1;6,81E-2;-541,2;20,00;3,9;3,8;39,04;4,73;0,116;0,0;0,01;0,054
983;01.11.2023;10:42:29;00:16:22;250,0;451,4;29,2;24,0;24,1;493,2;87,7;0,1;6,81E-2;-541,2;20,00;3,9;3,9;39,04;4,74;0,115;0,0;0,01;0,054
984;01.11.2023;10:42:30;00:16:23;250,0;447,4;29,1;24,0;24,1;491,7;87,7;0,1;6,80E-2;-541,2;20,00;3,9;3,9;39,04;4,74;0,118;0,0;0,01;0,054
985;01.11.2023;10:42:31;00:16:24;250,0;447,4;29,0;23,9;24,1;488,7;87,6;0,1;6,79E-2;-541,2;20,00;3,9;3,9;39,05;4,74;0,118;0,0;0,01;0,054
986;01.11.2023;10:42:32;00:16:25;250,0;443,4;29,0;23,9;24,1;485,6;87,6;0,1;6,78E-2;-541,2;20,00;3,9;3,9;39,05;4,74;0,119;0,0;0,00;0,054
987;01.11.2023;10:42:33;00:16:26;250,0;443,4;29,0;23,9;24,1;484,1;87,6;0,1;6,77E-2;-541,2;20,00;3,9;3,9;39,05;4,74;0,119;0,0;0,01;0,054
988;01.11.2023;10:42:34;00:16:27;250,0;439,5;28,9;23,8;24,1;480,8;87,5;0,1;6,76E-2;-541,2;20,00;3,9;3,9;39,05;4,75;0,119;0,0;0,01;0,054
989;01.11.2023;10:42:35;00:16:28;250,0;439,5;28,8;23,8;24,1;477,8;87,4;0,1;6,75E-2;-541,2;20,00;3,9;3,9;39,05;4,75;0,112;0,0;0,01;0,054
990;01.11.2023;10:42:36;00:16:29;250,0;435,4;28,7;23,8;24,1;476,3;87,4;0,1;6,75E-2;-541,2;20,00;3,9;3,9;39,05;4,75;0,111;0,0;0,00;0,054
991;01.11.2023;10:42:37;00:16:30;250,0;435,4;28,7;23,8;24,1;473,2;87,3;0,1;6,74E-2;-541,2;20,00;3,9;3,9;39,06;4,75;0,111;0,0;0,01;0,054
992;01.11.2023;10:42:38;00:16:31;250,0;431,3;28,6;23,7;24,1;470,2;87,2;0,1;6,72E-2;-541,2;20,00;3,9;3,9;39,06;4,75;0,110;0,0;0,00;0,054
993;01.11.2023;10:42:39;00:16:32;250,0;431,3;28,6;23,7;24,1;468,7;87,2;0,1;6,72E-2;-541,2;20,00;3,9;3,9;39,06;4,75;0,109;0,0;0,01;0,054
994;01.11.2023;10:42:40;00:16:33;250,0;427,2;28,5;23,6;24,1;465,4;87,1;0,1;6,71E-2;-541,2;20,00;3,9;3,9;39,06;4,76;0,107;0,0;0,01;0,054
995;01.11.2023;10:42:41;00:16:34;250,0;427,2;28,5;23,6;24,1;463,8;87,1;0,1;6,71E-2;-541,2;20,00;3,9;3,9;39,06;4,76;0,107;0,0;0,01;0,054
996;01.11.2023;10:42:42;00:16:35;250,0;423,2;28,4;23,6;24,1;460,8;87,0;0,1;6,70E-2;-541,2;20,00;3,9;3,9;39,07;4,76;0,108;0,0;0,01;0,054
997;01.11.2023;10:42:43;00:16:36;250,0;423,2;28,3;23,6;24,0;457,8;86,9;0,1;6,69E-2;-541,2;20,00;3,9;3,9;39,07;4,76;0,114;0,0;0,01;0,054
998;01.11.2023;10:42:44;00:16:37;250,0;423,2;28,3;23,5;24,0;456,2;86,9;0,1;6,68E-2;-541,2;20,00;3,9;3,9;39,07;4,76;0,110;0,0;0,01;0,054
999;01.11.2023;10:42:45;00:16:38;250,0;419,6;28,3;23,5;24,0;453,2;86,8;0,1;6,67E-2;-541,2;20,00;3,9;3,9;39,07;4,77;0,107;0,0;0,01;0,054
1000;01.11.2023;10:42:46;00:16:39;250,0;415,9;28,2;23,5;24,0;449,9;86,7;0,1;6,67E-2;-541,2;20,00;3,9;3,9;39,07;4,77;0,104;0,0;0,01;0,054
1001;01.11.2023;10:42:47;00:16:40;250,0;415,9;28,1;23,5;24,0;448,4;86,6;0,1;6,66E-2;-541,2;20,00;3,9;3,9;39,07;4,77;0,101;0,0;0,00;0,054
1002;01.11.2023;10:42:48;00:16:41;250,0;412,3;28,1;23,4;24,0;445,3;86,5;0,1;6,65E-2;-541,2;20,00;3,9;3,9;39,08;4,77;0,102;0,0;0,01;0,054
1003;01.11.2023;10:42:49;00:16:42;250,0;412,3;28,1;23,4;24,0;442,3;86,4;0,1;6,64E-2;-541,2;20,00;3,9;3,9;39,08;4,77;0,103;0,0;0,01;0,054
1004;01.11.2023;10:42:50;00:16:43;250,0;408,8;28,1;23,4;24,0;440,8;86,4;0,1;6,63E-2;-541,2;20,00;3,9;3,9;39,08;4,77;0,108;0,0;0,01;0,054
1005;01.11.2023;10:42:51;00:16:44;250,0;405,2;28,0;23,3;24,0;437,7;86,3;0,1;6,62E-2;-541,2;20,00;3,9;3,9;39,08;4,78;0,107;0,0;0,01;0,054
1006;01.11.2023;10:42:52;00:16:45;250,0;405,2;28,0;23,3;24,0;434,5;86,2;0,1;6,61E-2;-541,2;20,00;3,9;3,9;39,08;4,78;0,098;0,0;0,01;0,054
1007;01.11.2023;10:42:53;00:16:46;250,0;405,2;27,9;23,3;24,0;432,9;86,1;0,1;6,61E-2;-541,2;20,00;3,9;3,9;39,08;4,78;0,095;0,0;0,01;0,054
1008;01.11.2023;10:42:54;00:16:47;250,0;401,7;27,9;23,3;24,0;429,9;86,0;0,1;6,60E-2;-541,2;20,00;3,9;3,9;39,09;4,78;0,096;0,0;0,00;0,054
1009;01.11.2023;10:42:55;00:16:48;250,0;401,7;27,9;23,3;24,0;428,4;86,0;0,1;6,60E-2;-541,2;20,00;3,9;3,9;39,09;4,78;0,095;0,0;0,01;0,054
1010;01.11.2023;10:42:56;00:16:49;250,0;398,1;27,8;23,3;24,0;425,3;85,9;0,1;6,58E-2;-541,2;20,00;3,9;3,9;39,09;4,78;0,101;0,0;0,01;0,054
1011;01.11.2023;10:42:57;00:16:50;250,0;398,1;27,8;23,3;24,0;422,3;85,7;0,1;6,57E-2;-541,2;20,00;3,9;3,9;39,09;4,79;0,099;0,0;0,00;0,054
1012;01.11.2023;10:42:58;00:16:51;250,0;394,4;27,7;23,2;24,0;420,5;85,7;0,1;6,57E-2;-541,2;20,00;3,9;3,9;39,09;4,79;0,098;0,0;0,00;0,054
1013;01.11.2023;10:42:59;00:16:52;250,0;394,4;27,7;23,2;24,0;417,5;85,6;0,1;6,56E-2;-541,2;20,00;3,9;3,9;39,09;4,79;0,098;0,0;0,01;0,054
1014;01.11.2023;10:43:00;00:16:53;250,0;390,6;27,6;23,1;24,0;414,4;85,4;0,1;6,55E-2;-541,2;20,00;3,9;3,9;39,10;4,79;0,096;0,0;0,00;0,054
1015;01.11.2023;10:43:01;00:16:54;250,0;390,6;27,6;23,1;24,0;412,9;85,4;0,1;6,55E-2;-541,2;20,00;3,9;3,9;39,10;4,79;0,097;0,0;0,01;0,054
1016;01.11.2023;10:43:02;00:16:55;250,0;390,6;27,5;23,1;24,0;409,9;85,2;0,1;6,54E-2;-541,2;20,00;3,9;3,9;39,10;4,79;0,094;0,0;0,01;0,054
1017;01.11.2023;10:43:03;00:16:56;250,0;386,9;27,5;23,1;24,0;406,8;85,1;0,1;6,52E-2;-541,2;20,00;3,9;3,9;39,10;4,79;0,094;0,0;0,01;0,054
1018;01.11.2023;10:43:04;00:16:57;250,0;383,5;27,4;23,0;23,9;405,1;85,0;0,1;6,52E-2;-541,2;20,00;3,9;3,9;39,10;4,80;0,092;0,0;0,01;0,054
1019;01.11.2023;10:43:05;00:16:58;250,0;383,5;27,4;23,0;23,9;402,0;84,9;0,1;6,51E-2;-541,2;20,00;3,9;3,9;39,10;4,80;0,094;0,0;0,01;0,054
1020;01.11.2023;10:43:06;00:16:59;250,0;380,1;27,3;23,0;23,9;399,0;84,8;0,1;6,51E-2;-541,2;20,00;3,9;3,9;39,11;4,80;0,093;0,0;0,01;0,054
1021;01.11.2023;10:43:07;00:17:00;250,0;380,1;27,3;23,0;23,9;397,5;84,7;0,1;6,50E-2;-541,2;20,00;3,9;3,9;39,11;4,80;0,089;0,0;0,01;0,054
1022;01.11.2023;10:43:08;00:17:01;250,0;376,8;27,3;23,0;23,9;394,4;84,6;0,1;6,49E-2;-541,2;20,00;3,9;3,9;39,11;4,80;0,084;0,0;0,01;0,054
1023;01.11.2023;10:43:09;00:17:02;250,0;376,8;27,3;23,0;23,9;392,9;84,5;0,1;6,48E-2;-541,2;20,00;3,9;3,9;39,11;4,80;0,080;0,0;0,01;0,054
1024;01.11.2023;10:43:10;00:17:03;250,0;373,6;27,2;22,9;23,9;389,6;84,3;0,1;6,47E-2;-541,2;20,00;3,9;3,9;39,11;4,81;0,077;0,0;0,01;0,054
1025;01.11.2023;10:43:11;00:17:04;250,0;373,6;27,1;22,9;23,9;386,6;84,2;0,1;6,46E-2;-541,2;20,00;3,9;3,9;39,11;4,81;0,077;0,0;0,00;0,054
1026;01.11.2023;10:43:12;00:17:05;250,0;370,5;27,1;22,9;23,9;385,1;84,1;0,1;6,46E-2;-541,2;20,00;3,9;3,9;39,11;4,81;0,077;0,0;0,01;0,054
1027;01.11.2023;10:43:13;00:17:06;250,0;370,5;27,1;22,9;23,9;382,0;84,0;0,1;6,45E-2;-541,2;20,00;3,9;4,0;39,11;4,81;0,080;0,0;0,01;0,054
1028;01.11.2023;10:43:14;00:17:07;250,0;367,3;27,0;22,8;23,9;379,0;83,8;0,1;6,44E-2;-541,2;20,00;3,9;3,9;39,12;4,81;0,078;0,0;0,01;0,054
1029;01.11.2023;10:43:15;00:17:08;250,0;367,3;27,0;22,8;23,9;377,5;83,7;0,1;6,44E-2;-541,2;20,00;3,9;3,9;39,12;4,81;0,079;0,0;0,01;0,054
1030;01.11.2023;10:43:16;00:17:09;250,0;364,0;26,9;22,8;23,9;374,2;83,6;0,1;6,42E-2;-541,2;20,00;3,9;3,9;39,12;4,81;0,078;0,0;0,01;0,054
1031;01.11.2023;10:43:17;00:17:10;250,0;364,0;26,8;22,8;23,9;371,1;83,4;0,1;6,42E-2;-541,2;20,00;3,9;3,9;39,12;4,81;0,081;0,0;0,01;0,054
1032;01.11.2023;10:43:18;00:17:11;250,0;364,0;26,8;22,7;23,9;369,6;83,3;0,1;6,42E-2;-541,2;20,00;3,9;3,9;39,12;4,82;0,082;0,0;0,01;0,054
1033;01.11.2023;10:43:19;00:17:12;250,0;360,7;26,8;22,7;23,8;366,6;83,1;0,1;6,41E-2;-541,2;20,00;3,9;3,9;39,12;4,82;0,087;0,0;0,01;0,054
1034;01.11.2023;10:43:20;00:17:13;250,0;360,7;26,7;22,7;23,8;365,0;83,1;0,1;6,40E-2;-541,2;20,00;3,9;3,9;39,12;4,82;0,084;0,0;0,01;0,054
1035;01.11.2023;10:43:21;00:17:14;250,0;357,5;26,7;22,7;23,8;362,0;82,9;0,1;6,39E-2;-541,2;20,00;3,9;3,9;39,13;4,82;0,086;0,0;0,01;0,054
1036;01.11.2023;10:43:22;00:17:15;250,0;354,2;26,7;22,6;23,8;358,7;82,7;0,1;6,38E-2;-541,2;20,00;3,9;3,9;39,13;4,82;0,093;0,0;0,01;0,054
1037;01.11.2023;10:43:23;00:17:16;250,0;354,2;26,7;22,6;23,8;357,2;82,6;0,1;6,37E-2;-541,2;20,00;3,9;3,9;39,13;4,82;0,088;0,0;0,01;0,054
1038;01.11.2023;10:43:24;00:17:17;250,0;351,3;26,6;22,6;23,8;354,1;82,4;0,1;6,37E-2;-541,2;20,00;3,9;3,9;39,13;4,83;0,088;0,0;0,01;0,054
1039;01.11.2023;10:43:25;00:17:18;250,0;351,3;26,6;22,6;23,8;351,1;82,3;0,1;6,36E-2;-541,2;20,00;3,9;3,9;39,13;4,83;0,083;0,0;0,01;0,054
1040;01.11.2023;10:43:26;00:17:19;250,0;348,3;26,5;22,5;23,8;349,6;82,2;0,1;6,36E-2;-541,2;20,00;3,9;3,9;39,13;4,83;0,084;0,0;0,01;0,054
1041;01.11.2023;10:43:27;00:17:20;250,0;348,3;26,4;22,5;23,8;346,5;82,0;0,1;6,35E-2;-541,2;20,00;3,9;3,9;39,13;4,83;0,084;0,0;0,01;0,054
1042;01.11.2023;10:43:28;00:17:21;250,0;345,4;26,4;22,5;23,8;343,3;81,8;0,1;6,34E-2;-541,2;20,00;3,9;3,9;39,13;4,83;0,076;0,0;0,01;0,054
1043;01.11.2023;10:43:29;00:17:22;250,0;345,4;26,4;22,5;23,8;341,7;81,7;0,1;6,34E-2;-541,2;20,00;3,9;3,9;39,14;4,83;0,074;0,0;0,00;0,054
1044;01.11.2023;10:43:30;00:17:23;250,0;342,4;26,4;22,5;23,8;338,7;81,5;0,1;6,33E-2;-541,2;20,00;3,9;3,9;39,14;4,83;0,074;0,0;0,00;0,054
1045;01.11.2023;10:43:31;00:17:24;250,0;342,4;26,3;22,4;23,8;335,7;81,3;0,1;6,32E-2;-541,2;20,00;3,9;3,8;39,14;4,83;0,073;0,0;0,01;0,054
1046;01.11.2023;10:43:32;00:17:25;250,0;339,6;26,3;22,4;23,8;334,1;81,2;0,1;6,32E-2;-541,2;20,00;3,9;3,8;39,14;4,83;0,073;0,0;0,00;0,054
1047;01.11.2023;10:43:33;00:17:26;250,0;339,6;26,3;22,4;23,7;331,1;81,0;0,1;6,31E-2;-541,2;20,00;3,9;3,9;39,14;4,84;0,077;0,0;0,00;0,054
1048;01.11.2023;10:43:34;00:17:27;250,0;336,7;26,2;22,4;23,7;329,6;80,9;0,1;6,31E-2;-541,2;20,00;3,9;3,9;39,14;4,84;0,077;0,0;0,00;0,054
1049;01.11.2023;10:43:35;00:17:28;250,0;336,7;26,2;22,4;23,7;326,3;80,7;0,1;6,29E-2;-541,2;20,00;3,9;3,9;39,14;4,84;0,077;0,0;0,01;0,054
1050;01.11.2023;10:43:36;00:17:29;250,0;333,7;26,1;22,3;23,7;323,2;80,5;0,1;6,28E-2;-541,2;20,00;3,9;3,9;39,14;4,84;0,077;0,0;0,01;0,054
1051;01.11.2023;10:43:37;00:17:30;250,0;333,7;26,1;22,3;23,7;321,7;80,4;0,1;6,28E-2;-541,2;20,00;3,9;3,9;39,15;4,84;0,074;0,0;0,00;0,054
1052;01.11.2023;10:43:38;00:17:31;250,0;333,7;26,1;22,3;23,7;318,7;80,2;0,1;6,27E-2;-541,2;20,00;3,9;3,9;39,15;4,84;0,075;0,0;0,00;0,054
1053;01.11.2023;10:43:39;00:17:32;250,0;330,7;26,1;22,3;23,7;315,6;80,0;0,1;6,27E-2;-541,2;20,00;3,9;3,9;39,15;4,84;0,077;0,0;0,01;0,054
1054;01.11.2023;10:43:40;00:17:33;250,0;330,7;26,0;22,3;23,7;314,1;79,9;0,1;6,26E-2;-541,2;20,00;3,9;3,9;39,15;4,84;0,078;0,0;0,01;0,054
1055;01.11.2023;10:43:41;00:17:34;250,0;327,7;26,0;22,3;23,7;310,8;79,6;0,1;6,26E-2;-541,2;20,00;3,9;3,9;39,15;4,85;0,073;0,0;0,00;0,054
1056;01.11.2023;10:43:42;00:17:35;250,0;324,8;25,9;22,2;23,7;307,8;79,4;0,1;6,24E-2;-541,2;20,00;3,9;3,9;39,15;4,85;0,072;0,0;0,01;0,054
1057;01.11.2023;10:43:43;00:17:36;250,0;324,8;25,8;22,2;23,7;306,3;79,3;0,1;6,24E-2;-541,2;20,00;3,9;4,0;39,15;4,85;0,072;0,0;0,01;0,054
1058;01.11.2023;10:43:44;00:17:37;250,0;322,0;25,8;22,2;23,7;303,2;79,1;0,1;6,23E-2;-541,2;20,00;3,9;3,9;39,15;4,85;0,066;0,0;0,01;0,054
1059;01.11.2023;10:43:45;00:17:38;250,0;322,0;25,8;22,2;23,7;300,2;78,9;0,1;6,22E-2;-541,2;20,00;3,9;3,9;39,15;4,85;0,065;0,0;0,01;0,054
1060;01.11.2023;10:43:46;00:17:39;250,0;322,0;25,8;22,1;23,7;298,4;78,7;0,1;6,22E-2;-541,2;20,00;3,9;3,9;39,16;4,85;0,063;0,0;0,00;0,054
1061;01.11.2023;10:43:47;00:17:40;250,0;319,3;25,8;22,1;23,6;295,4;78,5;0,1;6,21E-2;-541,2;20,00;3,9;3,9;39,16;4,85;0,062;0,0;0,01;0,054
1062;01.11.2023;10:43:48;00:17:41;250,0;319,3;25,7;22,1;23,6;293,9;78,4;0,1;6,21E-2;-541,2;20,00;3,9;3,9;39,16;4,85;0,062;0,0;0,01;0,054
1063;01.11.2023;10:43:49;00:17:42;250,0;316,5;25,7;22,1;23,6;290,8;78,2;0,1;6,20E-2;-541,2;20,00;3,9;3,9;39,16;4,86;0,064;0,0;0,00;0,054
1064;01.11.2023;10:43:50;00:17:43;250,0;313,8;25,6;22,1;23,6;287,8;77,9;0,1;6,19E-2;-541,2;20,00;3,9;3,8;39,16;4,86;0,068;0,0;0,01;0,054
1065;01.11.2023;10:43:51;00:17:44;250,0;313,8;25,6;22,1;23,6;286,3;77,8;0,1;6,18E-2;-541,2;20,00;3,9;3,9;39,16;4,86;0,067;0,0;0,01;0,054
1066;01.11.2023;10:43:52;00:17:45;250,0;311,1;25,6;22,0;23,6;283,0;77,6;0,1;6,18E-2;-541,2;20,00;3,9;3,9;39,16;4,86;0,065;0,0;0,00;0,054
1067;01.11.2023;10:43:53;00:17:46;250,0;311,1;25,5;22,0;23,6;279,9;77,3;0,1;6,17E-2;-541,2;20,00;3,9;3,9;39,16;4,86;0,065;0,0;0,01;0,054
1068;01.11.2023;10:43:54;00:17:47;250,0;308,5;25,5;22,0;23,6;278,4;77,2;0,1;6,17E-2;-541,2;20,00;3,9;3,9;39,16;4,86;0,064;0,0;0,01;0,054
1069;01.11.2023;10:43:55;00:17:48;250,0;308,6;25,6;22,1;23,6;275,4;76,9;0,1;6,16E-2;-541,2;20,00;3,9;3,9;39,17;4,86;0,071;0,0;0,01;0,054
1070;01.11.2023;10:43:56;00:17:49;250,0;305,9;25,5;22,0;23,7;272,3;76,7;0,1;6,15E-2;-541,2;20,00;3,9;3,9;39,17;4,86;0,075;0,0;0,01;0,054
1071;01.11.2023;10:43:57;00:17:50;250,0;305,9;25,5;22,0;23,6;270,8;76,6;0,1;6,14E-2;-541,2;20,00;3,9;3,9;39,17;4,86;0,078;0,0;0,00;0,054
1072;01.11.2023;10:43:58;00:17:51;250,0;305,9;25,4;22,0;23,6;267,5;76,3;0,1;6,13E-2;-541,2;20,00;3,9;3,9;39,17;4,86;0,077;0,0;0,01;0,054
1073;01.11.2023;10:43:59;00:17:52;250,0;303,1;25,4;22,0;23,6;266,0;76,2;0,1;6,13E-2;-541,2;20,00;3,9;3,9;39,17;4,86;0,073;0,0;0,01;0,054
1074;01.11.2023;10:44:00;00:17:53;250,0;300,5;25,3;21,9;23,6;262,9;75,9;0,1;6,13E-2;-541,2;20,00;3,9;3,9;39,17;4,87;0,069;0,0;0,01;0,054
1075;01.11.2023;10:44:01;00:17:54;250,0;300,5;25,3;21,9;23,6;259,9;75,6;0,1;6,12E-2;-541,2;20,00;3,9;3,9;39,17;4,87;0,068;0,0;0,01;0,054
1076;01.11.2023;10:44:02;00:17:55;250,0;300,5;25,3;21,9;23,6;258,4;75,5;0,1;6,12E-2;-541,2;20,00;3,9;3,9;39,17;4,87;0,067;0,0;0,01;0,054
1077;01.11.2023;10:44:03;00:17:56;250,0;297,8;25,3;21,9;23,6;255,3;75,3;0,1;6,10E-2;-541,2;20,00;3,9;4,0;39,17;4,87;0,064;0,0;0,01;0,054
1078;01.11.2023;10:44:04;00:17:57;250,0;295,3;25,2;21,8;23,6;252,1;75,0;0,1;6,10E-2;-541,2;20,00;3,9;3,9;39,18;4,87;0,065;0,0;0,01;0,054
1079;01.11.2023;10:44:05;00:17:58;250,0;295,3;25,2;21,8;23,6;250,5;74,8;0,1;6,09E-2;-541,2;20,00;3,9;3,8;39,18;4,87;0,065;0,0;0,01;0,054
1080;01.11.2023;10:44:06;00:17:59;250,0;295,3;25,2;21,8;23,6;247,5;74,6;0,1;6,08E-2;-541,2;20,00;3,9;3,9;39,18;4,87;0,060;0,0;0,00;0,054
1081;01.11.2023;10:44:07;00:18:00;250,0;292,8;25,2;21,8;23,6;244,5;74,3;0,1;6,08E-2;-541,2;20,00;3,9;3,9;39,18;4,87;0,064;0,0;0,01;0,054
1082;01.11.2023;10:44:08;00:18:01;250,0;290,4;25,1;21,8;23,6;242,9;74,1;0,1;6,08E-2;-541,2;20,00;3,9;3,9;39,18;4,88;0,065;0,0;0,01;0,054
1083;01.11.2023;10:44:09;00:18:02;250,0;290,4;25,1;21,8;23,5;239,9;73,9;0,1;6,07E-2;-541,2;20,00;3,9;3,9;39,18;4,88;0,068;0,0;0,00;0,054
1084;01.11.2023;10:44:10;00:18:03;250,0;288,0;25,0;21,7;23,5;236,6;73,6;0,1;6,06E-2;-541,2;20,00;3,9;3,9;39,18;4,88;0,063;0,0;0,01;0,054
1085;01.11.2023;10:44:11;00:18:04;250,0;288,0;25,0;21,7;23,5;235,1;73,4;0,1;6,05E-2;-541,2;20,00;3,9;3,9;39,18;4,88;0,062;0,0;0,01;0,054
1086;01.11.2023;10:44:12;00:18:05;250,0;285,6;25,0;21,7;23,5;232,0;73,1;0,1;6,04E-2;-541,2;20,00;3,9;3,8;39,19;4,88;0,061;0,0;0,01;0,054
1087;01.11.2023;10:44:13;00:18:06;250,0;285,6;25,0;21,7;23,5;230,5;73,0;0,1;6,04E-2;-541,2;20,00;3,9;3,9;39,18;4,88;0,066;0,0;0,00;0,054
1088;01.11.2023;10:44:14;00:18:07;250,0;283,2;24,9;21,7;23,5;227,5;72,7;0,1;6,03E-2;-541,2;20,00;3,9;3,9;39,19;4,88;0,068;0,0;0,00;0,054
1089;01.11.2023;10:44:15;00:18:08;250,0;283,3;24,9;21,7;23,5;224,4;72,4;0,1;6,03E-2;-541,2;20,00;3,9;3,9;39,19;4,88;0,072;0,0;0,01;0,054
1090;01.11.2023;10:44:16;00:18:09;250,0;283,3;24,9;21,7;23,5;222,9;72,3;0,1;6,03E-2;-541,2;20,00;3,9;3,9;39,19;4,88;0,069;0,0;0,01;0,054
1091;01.11.2023;10:44:17;00:18:10;250,0;280,7;24,9;21,7;23,5;219,6;72,0;0,1;6,02E-2;-541,2;20,00;3,9;3,9;39,19;4,89;0,070;0,0;0,01;0,054
1092;01.11.2023;10:44:18;00:18:11;250,0;280,7;24,8;21,6;23,5;216,6;71,7;0,1;6,01E-2;-541,2;20,00;3,9;3,9;39,19;4,89;0,068;0,0;0,00;0,054
1093;01.11.2023;10:44:19;00:18:12;250,0;278,3;24,8;21,6;23,5;215,1;71,5;0,1;6,01E-2;-541,2;20,00;3,9;3,9;39,19;4,89;0,068;0,0;0,01;0,054
1094;01.11.2023;10:44:20;00:18:13;250,0;275,8;24,7;21,6;23,5;212,0;71,2;0,1;5,99E-2;-541,2;20,00;3,9;3,9;39,19;4,89;0,070;0,0;0,00;0,054
1095;01.11.2023;10:44:21;00:18:14;250,0;275,8;24,7;21,6;23,5;209,0;70,9;0,1;5,98E-2;-541,2;20,00;3,9;3,9;39,19;4,89;0,069;0,0;0,01;0,054
1096;01.11.2023;10:44:22;00:18:15;250,0;275,8;24,7;21,6;23,5;207,5;70,7;0,1;5,98E-2;-541,2;20,00;3,9;3,9;39,19;4,89;0,065;0,0;0,01;0,054
1097;01.11.2023;10:44:23;00:18:16;250,0;273,3;24,7;21,6;23,4;204,2;70,4;0,1;5,98E-2;-541,2;20,00;3,9;3,9;39,20;4,89;0,061;0,0;0,01;0,054
1098;01.11.2023;10:44:24;00:18:17;250,0;271,1;24,6;21,5;23,4;201,1;70,1;0,1;5,97E-2;-541,2;20,00;3,9;3,9;39,20;4,89;0,055;0,0;0,01;0,054
1099;01.11.2023;10:44:25;00:18:18;250,0;271,1;24,6;21,5;23,4;199,6;69,9;0,1;5,97E-2;-541,2;20,00;3,9;3,9;39,20;4,89;0,058;0,0;0,01;0,054
1100;01.11.2023;10:44:26;00:18:19;250,0;268,8;24,6;21,5;23,4;196,6;69,6;0,1;5,96E-2;-541,2;20,00;3,9;3,9;39,20;4,89;0,060;0,0;0,01;0,054
1101;01.11.2023;10:44:27;00:18:20;250,0;268,8;24,6;21,5;23,4;195,1;69,5;0,1;5,95E-2;-541,2;20,00;3,9;3,9;39,20;4,90;0,059;0,0;0,01;0,054
1102;01.11.2023;10:44:28;00:18:21;250,0;266,6;24,5;21,5;23,4;192,0;69,1;0,1;5,94E-2;-541,2;20,00;3,9;3,9;39,20;4,90;0,059;0,0;0,01;0,054
1103;01.11.2023;10:44:29;00:18:22;250,0;266,6;24,5;21,5;23,4;188,7;68,8;0,1;5,94E-2;-541,2;20,00;3,9;3,9;39,20;4,90;0,063;0,0;0,01;0,054
1104;01.11.2023;10:44:30;00:18:23;250,0;264,4;24,5;21,4;23,4;187,2;68,6;0,1;5,93E-2;-541,2;20,00;3,9;3,9;39,20;4,90;0,064;0,0;0,00;0,054
1105;01.11.2023;10:44:31;00:18:24;250,0;264,4;24,5;21,4;23,4;184,2;68,3;0,1;5,93E-2;-541,2;20,00;3,9;3,9;39,20;4,90;0,058;0,0;0,01;0,054
1106;01.11.2023;10:44:32;00:18:25;250,0;262,1;24,4;21,4;23,4;181,1;68,0;0,1;5,92E-2;-541,2;20,00;3,9;3,9;39,20;4,90;0,055;0,0;0,00;0,054
1107;01.11.2023;10:44:33;00:18:26;250,0;262,1;24,4;21,4;23,4;179,6;67,8;0,1;5,92E-2;-541,2;20,00;3,9;3,8;39,20;4,90;0,055;0,0;0,01;0,054
1108;01.11.2023;10:44:34;00:18:27;250,0;259,9;24,3;21,4;23,4;176,6;67,5;0,1;5,91E-2;-541,2;20,00;3,9;3,8;39,21;4,90;0,054;0,0;0,01;0,054
1109;01.11.2023;10:44:35;00:18:28;250,0;259,8;24,3;21,3;23,3;173,5;67,1;0,1;5,90E-2;-541,2;20,00;3,9;3,9;39,21;4,90;0,060;0,0;0,01;0,054
1110;01.11.2023;10:44:36;00:18:29;250,0;259,8;24,2;21,3;23,3;171,7;66,9;0,1;5,90E-2;-541,2;20,00;3,9;3,9;39,21;4,90;0,059;0,0;0,00;0,054
1111;01.11.2023;10:44:37;00:18:30;250,0;257,4;24,2;21,3;23,3;168,7;66,6;0,1;5,89E-2;-541,2;20,00;3,9;3,9;39,21;4,91;0,058;0,0;0,00;0,054
1112;01.11.2023;10:44:38;00:18:31;250,0;257,4;24,2;21,3;23,3;167,2;66,4;0,1;5,89E-2;-541,2;20,00;3,9;3,9;39,21;4,91;0,058;0,0;0,01;0,054
1113;01.11.2023;10:44:39;00:18:32;250,0;255,1;24,1;21,3;23,3;164,1;66,1;0,1;5,88E-2;-541,2;20,00;3,9;4,0;39,21;4,91;0,058;0,0;0,01;0,054
1114;01.11.2023;10:44:40;00:18:33;250,0;252,8;24,1;21,2;23,3;161,1;65,7;0,1;5,87E-2;-541,2;20,00;3,9;3,9;39,21;4,91;0,064;0,0;0,01;0,054
1115;01.11.2023;10:44:41;00:18:34;250,0;252,8;24,1;21,2;23,3;159,6;65,6;0,1;5,87E-2;-541,2;20,00;3,9;3,9;39,21;4,91;0,062;0,0;0,01;0,054
1116;01.11.2023;10:44:42;00:18:35;250,0;252,8;24,0;21,2;23,3;156,3;65,2;0,1;5,86E-2;-541,2;20,00;3,9;3,9;39,22;4,91;0,061;0,0;0,01;0,054
1117;01.11.2023;10:44:43;00:18:36;250,0;250,6;24,0;21,2;23,3;153,3;64,8;0,1;5,85E-2;-541,2;20,00;3,9;3,9;39,22;4,91;0,056;0,0;0,00;0,054
1118;01.11.2023;10:44:44;00:18:37;250,0;250,6;24,0;21,2;23,3;151,7;64,6;0,1;5,85E-2;-541,2;20,00;3,9;3,9;39,22;4,91;0,055;0,0;0,01;0,054
1119;01.11.2023;10:44:45;00:18:38;250,0;248,5;24,0;21,2;23,2;148,7;64,3;0,1;5,84E-2;-541,2;20,00;3,9;3,9;39,22;4,91;0,048;0,0;0,00;0,054
1120;01.11.2023;10:44:46;00:18:39;250,0;248,5;23,9;21,1;23,2;145,7;63,9;0,1;5,84E-2;-541,2;20,00;3,9;3,9;39,22;4,91;0,047;0,0;0,00;0,054
1121;01.11.2023;10:44:47;00:18:40;250,0;246,4;23,9;21,1;23,2;144,1;63,7;0,1;5,83E-2;-541,2;20,00;3,9;3,9;39,22;4,91;0,048;0,0;0,01;0,054
1122;01.11.2023;10:44:48;00:18:41;250,0;244,4;23,9;21,1;23,2;140,8;63,3;0,1;5,83E-2;-541,2;20,00;3,9;3,9;39,22;4,92;0,050;0,0;0,00;0,054
1123;01.11.2023;10:44:49;00:18:42;250,0;244,4;23,8;21,1;23,2;137,8;63,0;0,1;5,82E-2;-541,2;20,00;3,9;3,9;39,22;4,92;0,048;0,0;0,01;0,054
1124;01.11.2023;10:44:50;00:18:43;250,0;244,4;23,8;21,1;23,2;136,3;62,8;0,1;5,82E-2;-541,2;20,00;3,9;3,9;39,22;4,92;0,048;0,0;0,00;0,054
1125;01.11.2023;10:44:51;00:18:44;250,0;242,3;23,8;21,1;23,2;133,2;62,4;0,1;5,81E-2;-541,2;20,00;3,9;3,9;39,22;4,92;0,045;0,0;0,01;0,054
1126;01.11.2023;10:44:52;00:18:45;250,0;242,3;23,8;21,1;23,2;131,7;62,2;0,1;5,80E-2;-541,2;20,00;3,9;3,9;39,22;4,92;0,045;0,0;0,01;0,054
1127;01.11.2023;10:44:53;00:18:46;250,0;240,3;23,8;21,1;23,2;128,7;61,9;0,1;5,79E-2;-541,2;20,00;3,9;3,9;39,22;4,92;0,053;0,0;0,00;0,054
1128;01.11.2023;10:44:54;00:18:47;250,0;238,3;23,7;21,0;23,2;125,4;61,4;0,1;5,79E-2;-541,2;20,00;3,9;3,9;39,22;4,92;0,052;0,0;0,01;0,054
1129;01.11.2023;10:44:55;00:18:48;250,0;238,3;23,7;21,0;23,2;123,9;61,3;0,1;5,79E-2;-541,2;20,00;3,9;3,9;39,23;4,92;0,051;0,0;0,01;0,054
1130;01.11.2023;10:44:56;00:18:49;250,0;236,2;23,7;21,0;23,2;120,8;60,9;0,1;5,78E-2;-541,2;20,00;3,9;3,9;39,23;4,92;0,050;0,0;0,01;0,054
1131;01.11.2023;10:44:57;00:18:50;250,0;236,2;23,7;21,0;23,2;117,8;60,5;0,1;5,78E-2;-541,2;20,00;3,9;3,9;39,23;4,92;0,050;0,0;0,00;0,054
1132;01.11.2023;10:44:58;00:18:51;250,0;236,2;23,7;21,0;23,2;116,3;60,3;0,1;5,78E-2;-541,2;20,00;3,9;3,9;39,23;4,92;0,051;0,0;0,00;0,054
1133;01.11.2023;10:44:59;00:18:52;250,0;234,1;23,6;21,0;23,2;113,2;59,9;0,1;5,77E-2;-541,2;20,00;3,9;3,9;39,23;4,92;0,052;0,0;0,01;0,054
1134;01.11.2023;10:45:00;00:18:53;250,0;232,0;23,6;20,9;23,2;109,9;59,5;0,1;5,76E-2;-541,2;20,00;3,9;3,9;39,23;4,92;0,048;0,0;0,01;0,054
1135;01.11.2023;10:45:01;00:18:54;250,0;232,0;23,6;20,9;23,2;108,4;59,3;0,1;5,76E-2;-541,2;20,00;3,9;3,9;39,23;4,93;0,049;0,0;0,01;0,054
1136;01.11.2023;10:45:02;00:18:55;250,0;232,0;23,5;20,9;23,2;105,4;58,9;0,1;5,76E-2;-541,2;20,00;3,9;3,9;39,23;4,93;0,047;0,0;0,01;0,054
1137;01.11.2023;10:45:03;00:18:56;250,0;230,0;23,5;20,9;23,1;102,3;58,5;0,1;5,75E-2;-541,2;20,00;3,9;3,9;39,23;4,93;0,046;0,0;0,01;0,054
1138;01.11.2023;10:45:04;00:18:57;250,0;228,1;23,5;20,9;23,1;100,8;58,3;0,1;5,75E-2;-541,2;20,00;3,9;3,9;39,23;4,93;0,047;0,0;0,01;0,054
1139;01.11.2023;10:45:05;00:18:58;250,0;228,1;23,5;20,9;23,1;97,8;57,9;0,1;5,74E-2;-541,2;20,00;3,9;3,9;39,23;4,93;0,044;0,0;0,01;0,054
1140;01.11.2023;10:45:06;00:18:59;250,0;228,1;23,4;20,9;23,1;96,3;57,7;0,1;5,74E-2;-541,2;20,00;3,9;3,9;39,23;4,93;0,046;0,0;0,01;0,054
1141;01.11.2023;10:45:07;00:19:00;250,0;226,2;23,4;20,9;23,1;93,0;57,2;0,1;5,73E-2;-541,2;20,00;3,9;4,0;39,24;4,93;0,048;0,0;0,01;0,054
1142;01.11.2023;10:45:08;00:19:01;250,0;224,3;23,4;20,8;23,1;89,9;56,8;0,1;5,73E-2;-541,2;20,00;3,9;3,9;39,24;4,93;0,052;0,0;0,01;0,054
1143;01.11.2023;10:45:09;00:19:02;250,0;224,3;23,4;20,8;23,1;88,4;56,6;0,1;5,73E-2;-541,2;20,00;3,9;3,9;39,24;4,93;0,050;0,0;0,01;0,054
1144;01.11.2023;10:45:10;00:19:03;250,0;222,4;23,4;20,8;23,1;85,4;56,2;0,1;5,72E-2;-541,2;20,00;3,9;3,9;39,24;4,93;0,047;0,0;0,01;0,054
1145;01.11.2023;10:45:11;00:19:04;250,0;222,4;23,3;20,8;23,1;82,3;55,8;0,1;5,72E-2;-541,2;20,00;3,9;3,9;39,24;4,93;0,049;0,0;0,01;0,054
1146;01.11.2023;10:45:12;00:19:05;250,0;222,4;23,3;20,8;23,1;80,8;55,6;0,1;5,71E-2;-541,2;20,00;3,9;3,9;39,24;4,93;0,047;0,0;0,00;0,054
1147;01.11.2023;10:45:13;00:19:06;250,0;220,5;23,3;20,8;23,1;77,5;55,1;0,1;5,70E-2;-541,2;20,00;3,9;3,9;39,24;4,94;0,049;0,0;0,01;0,054
1148;01.11.2023;10:45:14;00:19:07;250,0;218,7;23,2;20,8;23,1;74,5;54,7;0,1;5,69E-2;-541,2;20,00;3,9;3,8;39,24;4,94;0,044;0,0;0,00;0,054
1149;01.11.2023;10:45:15;00:19:08;250,0;218,7;23,2;20,8;23,1;72,9;54,5;0,1;5,69E-2;-541,2;20,00;3,9;3,9;39,24;4,94;0,047;0,0;0,01;0,054
1150;01.11.2023;10:45:16;00:19:09;250,0;216,8;23,3;20,8;23,1;69,9;54,1;0,1;5,68E-2;-541,2;20,00;3,9;3,9;39,24;4,94;0,047;0,0;0,01;0,054
1151;01.11.2023;10:45:17;00:19:10;250,0;216,8;23,3;20,8;23,1;68,4;53,8;0,1;5,68E-2;-541,2;20,00;3,9;3,9;39,24;4,94;0,047;0,0;0,00;0,054
1152;01.11.2023;10:45:18;00:19:11;250,0;216,8;23,3;20,8;23,1;65,3;53,4;0,1;5,68E-2;-541,2;20,00;3,9;3,9;39,24;4,94;0,047;0,0;0,01;0,054
1153;01.11.2023;10:45:19;00:19:12;250,0;214,7;23,2;20,8;23,1;62,1;52,9;0,1;5,67E-2;-541,2;20,00;3,9;3,9;39,24;4,94;0,049;0,0;0,01;0,054
1154;01.11.2023;10:45:20;00:19:13;250,0;214,7;23,2;20,8;23,1;60,5;52,7;0,1;5,67E-2;-541,2;20,00;3,9;3,9;39,24;4,94;0,051;0,0;0,01;0,054
1155;01.11.2023;10:45:21;00:19:14;250,0;212,7;23,2;20,7;23,1;57,5;52,3;0,1;5,66E-2;-541,2;20,00;3,9;3,8;39,25;4,94;0,046;0,0;0,00;0,054
1156;01.11.2023;10:45:22;00:19:15;250,0;212,7;23,1;20,7;23,1;54,5;51,8;0,1;5,65E-2;-541,2;20,00;3,9;3,9;39,25;4,94;0,052;0,0;0,00;0,054
1157;01.11.2023;10:45:23;00:19:16;250,0;210,7;23,1;20,7;23,1;52,9;51,6;0,1;5,65E-2;-541,2;20,00;3,9;3,9;39,25;4,94;0,052;0,0;0,01;0,054
1158;01.11.2023;10:45:24;00:19:17;250,0;208,9;23,1;20,7;23,1;49,9;51,2;0,1;5,64E-2;-541,2;20,00;3,9;3,9;39,25;4,94;0,049;0,0;0,01;0,054
1159;01.11.2023;10:45:25;00:19:18;250,0;208,9;23,1;20,7;23,1;46,6;50,7;0,1;5,64E-2;-541,2;20,00;3,9;3,9;39,25;4,95;0,046;0,0;0,00;0,054
1160;01.11.2023;10:45:26;00:19:19;250,0;208,9;23,0;20,7;23,1;45,1;50,5;0,1;5,63E-2;-541,2;20,00;3,9;3,9;39,25;4,95;0,047;0,0;0,01;0,054
1161;01.11.2023;10:45:27;00:19:20;250,0;207,2;23,0;20,7;23,1;42,0;50,0;0,1;5,63E-2;-541,2;20,00;3,9;3,9;39,25;4,95;0,051;0,0;0,01;0,054
1162;01.11.2023;10:45:28;00:19:21;250,0;205,4;23,0;20,6;23,0;39,0;49,5;0,1;5,62E-2;-541,2;20,00;3,9;3,9;39,25;4,95;0,048;0,0;0,01;0,054
1163;01.11.2023;10:45:29;00:19:22;250,0;205,4;23,0;20,6;23,0;37,5;49,3;0,1;5,62E-2;-541,2;20,00;3,9;3,9;39,25;4,95;0,047;0,0;0,01;0,054
1164;01.11.2023;10:45:30;00:19:23;250,0;205,4;23,0;20,6;23,0;34,4;48,9;0,1;5,61E-2;-541,2;20,00;3,9;3,9;39,25;4,95;0,046;0,0;0,00;0,054
1165;01.11.2023;10:45:31;00:19:24;250,0;203,7;23,0;20,6;23,0;32,7;48,6;0,1;5,61E-2;-541,2;20,00;3,9;3,9;39,25;4,95;0,048;0,0;0,01;0,054
1166;01.11.2023;10:45:32;00:19:25;250,0;202,0;22,9;20,6;23,0;29,6;48,1;0,1;5,60E-2;-541,2;20,00;3,9;3,9;39,25;4,95;0,041;0,0;0,01;0,054
1167;01.11.2023;10:45:33;00:19:26;250,0;202,0;22,9;20,6;23,0;26,6;47,7;0,1;5,59E-2;-541,2;20,00;3,9;3,9;39,25;4,95;0,039;0,0;0,01;0,054
1168;01.11.2023;10:45:34;00:19:27;250,0;202,0;22,9;20,6;23,0;25,1;47,4;0,1;5,59E-2;-541,2;20,00;3,9;3,9;39,25;4,95;0,042;0,0;0,01;0,053
1169;01.11.2023;10:45:35;00:19:28;250,0;200,3;22,9;20,6;23,0;22,0;46,9;0,1;5,58E-2;-541,2;20,00;3,9;3,9;39,26;4,95;0,039;0,0;0,01;0,054
1170;01.11.2023;10:45:36;00:19:29;250,0;200,2;22,8;20,5;23,0;20,0;0,0;0,1;5,58E-2;-541,2;20,00;3,0;3,9;39,25;4,95;0,043;0,0;0,00;0,054
