Nr.;Datum;Zeit;P.Zeit;AV Pyro top;AV Control TC;AV Piston TC Top;AV Piston TC Bot;AV Transformer T;SV Temperature  ;AV CZ Output;AV abs. pressure;Vacuum;AV rel. pressure;SV Rel. Pressure;SV Force        ;AV Force;AV Abs. Piston T;AV Rel. Piston T;AV Speed;Power;U RMS;I RMS
;;;;°C;°C;°C;°C;°C;°C    ;%;mbar(a;mbar(a;mbar(g;mbar(g;kN    ;kN;mm;mm;mm/min;kW;V;kA
1;01.11.2023;15:45:33;00:00:00;250,0;17,6;18,8;17,8;18,8;20,0;0,0;992,6;9,93E2;-1,5;20,00;3,0;3,0;37,75;0,01;0,028;0,0;0,00;0,054
2;01.11.2023;15:45:34;00:00:01;250,0;17,6;18,8;17,8;18,8;20,0;0,0;992,6;9,93E2;-1,5;20,00;3,0;3,0;37,75;0,01;0,026;0,0;0,01;0,055
3;01.11.2023;15:45:35;00:00:02;250,0;17,6;18,8;17,8;18,8;20,0;0,0;992,5;9,93E2;-1,5;20,00;3,0;3,0;37,75;0,01;0,027;0,0;0,00;0,054
4;01.11.2023;15:45:36;00:00:03;250,0;17,6;18,9;17,8;18,8;20,0;0,0;992,5;9,93E2;-1,5;20,00;3,0;3,0;37,75;0,01;0,026;0,0;0,00;0,056
5;01.11.2023;15:45:37;00:00:04;250,0;17,6;18,9;17,8;18,8;20,0;0,0;992,6;9,93E2;-1,5;20,00;3,0;3,0;37,75;0,01;0,021;0,0;0,01;0,054
6;01.11.2023;15:45:38;00:00:05;250,0;17,6;18,9;17,8;18,8;20,0;0,0;992,5;9,93E2;-1,5;20,00;3,0;3,0;37,75;0,01;0,021;0,0;0,00;0,054
7;01.11.2023;15:45:39;00:00:06;250,0;17,6;18,9;17,8;18,8;20,0;0,0;992,6;9,93E2;-1,5;20,00;3,0;3,0;37,75;0,01;0,013;0,0;0,01;0,054
8;01.11.2023;15:45:40;00:00:07;250,0;17,6;18,9;17,8;18,8;20,0;0,0;992,6;9,93E2;-1,5;20,00;3,0;3,0;37,75;0,01;0,011;0,0;0,01;0,054
9;01.11.2023;15:45:41;00:00:08;250,0;17,6;18,9;17,8;18,8;20,0;0,0;992,6;9,93E2;-1,5;20,00;3,0;3,0;37,75;0,01;0,010;0,0;0,00;0,054
10;01.11.2023;15:45:42;00:00:09;250,0;17,6;18,8;17,8;18,7;20,0;0,0;943,6;9,44E2;-47,6;20,00;3,0;2,9;37,75;0,01;0,004;0,0;0,01;0,054
11;01.11.2023;15:45:43;00:00:10;250,0;17,5;18,8;17,8;18,7;20,0;0,0;920,2;9,20E2;-71,0;20,00;3,0;2,9;37,75;0,01;0,003;0,0;0,01;0,054
12;01.11.2023;15:45:44;00:00:11;250,0;17,5;18,8;17,8;18,7;20,0;0,0;873,7;8,74E2;-118,9;20,00;3,0;3,0;37,75;0,01;0,006;0,0;0,01;0,054
13;01.11.2023;15:45:45;00:00:12;250,0;17,5;18,8;17,8;18,7;20,0;0,0;831,3;8,31E2;-159,5;20,00;3,0;3,0;37,75;0,01;0,014;0,0;0,01;0,054
14;01.11.2023;15:45:46;00:00:13;250,0;17,5;18,8;17,8;18,7;20,0;0,0;811,4;8,11E2;-181,4;20,00;3,0;3,0;37,76;0,01;0,021;0,0;0,01;0,054
15;01.11.2023;15:45:47;00:00:14;250,0;17,5;18,8;17,8;18,7;20,0;0,0;775,7;7,76E2;-215,4;20,00;3,0;3,0;37,76;0,01;0,036;0,0;0,00;0,054
16;01.11.2023;15:45:48;00:00:15;250,0;17,5;18,8;17,7;18,7;20,0;0,0;740,4;7,40E2;-251,4;20,00;3,0;3,0;37,76;0,02;0,045;0,0;0,01;0,054
17;01.11.2023;15:45:49;00:00:16;250,0;17,5;18,8;17,7;18,7;20,0;0,0;724,8;7,25E2;-266,1;20,00;3,0;3,0;37,76;0,02;0,052;0,0;0,01;0,054
18;01.11.2023;15:45:50;00:00:17;250,0;17,5;18,8;17,7;18,7;20,0;0,0;695,7;6,96E2;-296,6;20,00;3,0;3,0;37,76;0,02;0,053;0,0;0,01;0,054
19;01.11.2023;15:45:51;00:00:18;250,0;17,5;18,8;17,7;18,7;20,0;0,0;668,9;6,69E2;-325,4;20,00;3,0;3,0;37,76;0,02;0,052;0,0;0,01;0,054
20;01.11.2023;15:45:52;00:00:19;250,0;17,5;18,8;17,7;18,7;20,0;0,0;654,6;6,55E2;-338,2;20,00;3,0;3,0;37,76;0,02;0,051;0,0;0,00;0,057
21;01.11.2023;15:45:53;00:00:20;250,0;17,5;18,8;17,7;18,7;20,0;0,0;628,9;6,29E2;-363,0;20,00;3,0;3,0;37,76;0,02;0,052;0,0;0,01;0,054
22;01.11.2023;15:45:54;00:00:21;250,0;17,4;18,8;17,7;18,7;20,0;0,0;602,4;6,02E2;-390,4;20,00;3,0;3,0;37,76;0,02;0,050;0,0;0,01;0,054
23;01.11.2023;15:45:55;00:00:22;250,0;17,4;18,8;17,7;18,7;20,0;0,0;589,3;5,89E2;-401,8;20,00;3,0;3,0;37,76;0,02;0,049;0,0;0,00;0,054
24;01.11.2023;15:45:56;00:00:23;250,0;17,4;18,8;17,6;18,7;20,0;0,0;567,4;5,67E2;-425,7;20,00;3,0;3,0;37,76;0,02;0,046;0,0;0,00;0,054
25;01.11.2023;15:45:57;00:00:24;250,0;17,4;18,8;17,6;18,8;20,0;0,0;555,2;5,55E2;-436,2;20,00;3,0;3,0;37,76;0,02;0,044;0,0;0,01;0,054
26;01.11.2023;15:45:58;00:00:25;250,0;17,4;18,8;17,6;18,8;20,0;0,0;534,0;5,34E2;-458,5;20,00;3,0;3,0;37,77;0,02;0,044;0,0;0,01;0,054
27;01.11.2023;15:45:59;00:00:26;250,0;17,4;18,8;17,6;18,8;20,0;0,0;513,7;5,14E2;-479,8;20,00;3,0;3,0;37,77;0,02;0,046;0,0;0,01;0,054
28;01.11.2023;15:46:00;00:00:27;250,0;17,4;18,8;17,5;18,8;20,0;0,0;503,7;5,04E2;-489,3;20,00;3,0;3,0;37,77;0,02;0,049;0,0;0,01;0,054
29;01.11.2023;15:46:01;00:00:28;250,0;17,2;18,7;17,4;18,6;20,0;0,0;481,9;4,82E2;-510,9;20,00;3,0;3,0;37,77;0,03;0,045;0,0;0,00;0,054
30;01.11.2023;15:46:02;00:00:29;250,0;17,2;18,6;17,3;18,6;20,0;0,0;463,4;4,63E2;-528,5;20,00;3,0;3,0;37,77;0,03;0,049;0,0;0,01;0,055
31;01.11.2023;15:46:03;00:00:30;250,0;17,2;18,6;17,3;18,6;20,0;0,0;454,7;4,55E2;-538,4;20,00;3,0;3,0;37,77;0,03;0,051;0,0;0,00;0,054
32;01.11.2023;15:46:04;00:00:31;250,0;17,2;18,6;17,3;18,6;20,0;0,0;437,0;4,37E2;-541,2;20,00;3,0;3,0;37,77;0,03;0,054;0,0;0,00;0,054
33;01.11.2023;15:46:05;00:00:32;250,0;17,2;18,6;17,3;18,6;20,0;0,0;420,0;4,20E2;-541,2;20,00;3,0;3,0;37,77;0,03;0,049;0,0;0,01;0,054
34;01.11.2023;15:46:06;00:00:33;250,0;17,1;18,6;17,3;18,6;20,0;0,0;412,2;4,12E2;-541,2;20,00;3,0;3,0;37,77;0,03;0,048;0,0;0,01;0,054
35;01.11.2023;15:46:07;00:00:34;250,0;17,1;18,6;17,3;18,6;20,0;0,0;394,4;3,94E2;-541,2;20,00;3,0;3,0;37,77;0,03;0,043;0,0;0,00;0,054
36;01.11.2023;15:46:08;00:00:35;250,0;17,1;18,6;17,3;18,6;20,0;0,0;387,6;3,88E2;-541,2;20,00;3,0;3,0;37,77;0,03;0,039;0,0;0,01;0,054
37;01.11.2023;15:46:09;00:00:36;250,0;17,1;18,6;17,3;18,6;20,0;0,0;372,2;3,72E2;-541,2;20,00;3,0;3,0;37,77;0,03;0,038;0,0;0,01;0,054
38;01.11.2023;15:46:10;00:00:37;250,0;17,1;18,6;17,2;18,6;20,0;0,0;358,1;3,58E2;-541,2;20,00;3,0;3,0;37,78;0,03;0,037;0,0;0,01;0,054
39;01.11.2023;15:46:11;00:00:38;250,0;17,1;18,6;17,2;18,6;20,0;0,0;351,2;3,51E2;-541,2;20,00;3,0;3,0;37,78;0,03;0,040;0,0;0,01;0,054
40;01.11.2023;15:46:12;00:00:39;250,0;17,1;18,6;17,2;18,6;20,0;0,0;337,9;3,38E2;-541,2;20,00;3,0;3,0;37,78;0,03;0,038;0,0;0,00;0,054
41;01.11.2023;15:46:13;00:00:40;250,0;17,1;18,6;17,2;18,7;20,0;0,0;323,9;3,24E2;-541,2;20,00;3,0;3,0;37,78;0,03;0,038;0,0;0,01;0,054
42;01.11.2023;15:46:14;00:00:41;250,0;17,1;18,6;17,2;18,7;20,0;0,0;317,4;3,17E2;-541,2;20,00;3,0;2,9;37,78;0,03;0,034;0,0;0,01;0,054
43;01.11.2023;15:46:15;00:00:42;250,0;17,1;18,6;17,2;18,7;20,0;0,0;305,4;3,05E2;-541,2;20,00;3,0;3,0;37,78;0,03;0,038;0,0;0,01;0,054
44;01.11.2023;15:46:16;00:00:43;250,0;17,1;18,6;17,2;18,7;20,0;0,0;293,6;2,94E2;-541,2;20,00;3,0;3,0;37,78;0,03;0,036;0,0;0,00;0,054
45;01.11.2023;15:46:17;00:00:44;250,0;17,1;18,6;17,2;18,7;20,0;0,0;287,9;2,88E2;-541,2;20,00;3,0;3,0;37,78;0,03;0,038;0,0;0,01;0,054
46;01.11.2023;15:46:18;00:00:45;250,0;17,1;18,6;17,2;18,7;20,0;0,0;276,7;2,77E2;-541,2;20,00;3,0;2,9;37,78;0,04;0,038;0,0;0,00;0,054
47;01.11.2023;15:46:19;00:00:46;250,0;17,1;18,6;17,2;18,7;20,0;0,0;265,0;2,65E2;-541,2;20,00;3,0;3,0;37,78;0,04;0,033;0,0;0,00;0,054
48;01.11.2023;15:46:20;00:00:47;250,0;17,1;18,6;17,2;18,7;20,0;0,0;260,0;2,60E2;-541,2;20,00;3,0;3,0;37,78;0,04;0,031;0,0;0,00;0,054
49;01.11.2023;15:46:21;00:00:48;250,0;17,0;18,6;17,2;18,6;20,0;0,0;250,1;2,50E2;-541,2;20,00;3,0;3,0;37,78;0,04;0,027;0,0;0,00;0,054
50;01.11.2023;15:46:22;00:00:49;250,0;17,0;18,5;17,2;18,6;20,0;0,0;245,1;2,45E2;-541,2;20,00;3,0;3,0;37,78;0,04;0,027;0,0;0,00;0,054
51;01.11.2023;15:46:23;00:00:50;250,0;17,0;18,5;17,1;18,6;20,0;0,0;236,0;2,36E2;-541,2;20,00;3,0;3,0;37,78;0,04;0,031;0,0;0,00;0,054
52;01.11.2023;15:46:24;00:00:51;250,0;17,0;18,5;17,2;18,6;20,0;0,0;226,8;2,27E2;-541,2;20,00;3,0;3,0;37,78;0,04;0,029;0,0;0,01;0,054
53;01.11.2023;15:46:25;00:00:52;250,0;17,0;18,5;17,2;18,6;20,0;0,0;222,5;2,22E2;-541,2;20,00;3,0;3,0;37,78;0,04;0,028;0,0;0,01;0,054
54;01.11.2023;15:46:26;00:00:53;250,0;17,0;18,6;17,2;18,6;20,0;0,0;213,2;2,13E2;-541,2;20,00;3,0;3,0;37,78;0,04;0,025;0,0;0,00;0,054
55;01.11.2023;15:46:27;00:00:54;250,0;17,0;18,6;17,2;18,6;20,0;0,0;205,0;2,05E2;-541,2;20,00;3,0;3,0;37,78;0,04;0,024;0,0;0,00;0,054
56;01.11.2023;15:46:28;00:00:55;250,0;17,0;18,6;17,2;18,6;20,0;0,0;201,0;2,01E2;-541,2;20,00;3,0;3,0;37,78;0,04;0,019;0,0;0,01;0,054
57;01.11.2023;15:46:29;00:00:56;250,0;17,0;18,6;17,2;18,6;20,0;0,0;193,3;1,93E2;-541,2;20,00;3,0;3,0;37,78;0,04;0,021;0,0;0,01;0,054
58;01.11.2023;15:46:30;00:00:57;250,0;17,0;18,6;17,2;18,6;20,0;0,0;186,0;1,86E2;-541,2;20,00;3,0;3,0;37,78;0,04;0,024;0,0;0,01;0,054
59;01.11.2023;15:46:31;00:00:58;250,0;17,0;18,6;17,2;18,6;20,0;0,0;182,6;1,83E2;-541,2;20,00;3,0;3,0;37,78;0,04;0,022;0,0;0,00;0,054
60;01.11.2023;15:46:32;00:00:59;250,0;17,0;18,6;17,2;18,6;20,0;0,0;174,9;1,75E2;-541,2;20,00;3,0;3,0;37,79;0,04;0,023;0,0;0,00;0,054
61;01.11.2023;15:46:33;00:01:00;250,0;17,0;18,6;17,2;18,6;20,0;0,0;165,6;1,66E2;-541,2;20,00;3,0;3,1;37,78;0,04;0,022;0,0;0,01;0,054
62;01.11.2023;15:46:34;00:01:01;250,0;17,0;18,6;17,2;18,7;20,0;0,0;158,5;1,58E2;-541,2;20,00;3,0;3,0;37,79;0,04;0,022;0,0;0,00;0,054
63;01.11.2023;15:46:35;00:01:02;250,0;17,0;18,6;17,2;18,7;20,0;0,0;145,7;1,46E2;-541,2;20,00;3,0;3,0;37,79;0,04;0,019;0,0;0,01;0,054
64;01.11.2023;15:46:36;00:01:03;250,0;17,0;18,6;17,2;18,7;20,0;0,0;139,6;1,40E2;-541,2;20,00;3,0;3,0;37,79;0,04;0,020;0,0;0,00;0,054
65;01.11.2023;15:46:37;00:01:04;250,0;17,0;18,6;17,2;18,7;20,0;0,0;128,9;1,29E2;-541,2;20,00;3,0;3,0;37,79;0,04;0,021;0,0;0,01;0,054
66;01.11.2023;15:46:38;00:01:05;250,0;17,0;18,6;17,2;18,7;20,0;0,0;118,5;1,18E2;-541,2;20,00;3,0;3,0;37,79;0,04;0,025;0,0;0,00;0,054
67;01.11.2023;15:46:39;00:01:06;250,0;17,0;18,6;17,2;18,7;20,0;0,0;114,1;1,14E2;-541,2;20,00;3,0;3,0;37,79;0,04;0,025;0,0;0,01;0,054
68;01.11.2023;15:46:40;00:01:07;250,0;17,0;18,6;17,2;18,7;20,0;0,0;105,6;1,06E2;-541,2;20,00;3,0;3,0;37,79;0,05;0,026;0,0;0,01;0,054
69;01.11.2023;15:46:41;00:01:08;250,0;17,0;18,5;17,2;18,7;20,0;0,0;97,5;9,75E1;-541,2;20,00;3,0;3,0;37,79;0,04;0,026;0,0;0,00;0,054
70;01.11.2023;15:46:42;00:01:09;250,0;17,0;18,5;17,2;18,7;20,0;0,0;94,1;9,41E1;-541,2;20,00;3,0;3,0;37,79;0,05;0,025;0,0;0,01;0,054
71;01.11.2023;15:46:43;00:01:10;250,0;17,0;18,5;17,2;18,7;20,0;0,0;87,2;8,72E1;-541,2;20,00;3,0;3,0;37,79;0,05;0,025;0,0;0,01;0,054
72;01.11.2023;15:46:44;00:01:11;250,0;17,0;18,5;17,2;18,7;20,0;0,0;80,5;8,05E1;-541,2;20,00;3,0;3,0;37,79;0,05;0,023;0,0;0,00;0,054
73;01.11.2023;15:46:45;00:01:12;250,0;17,0;18,5;17,2;18,7;20,0;0,0;77,3;7,73E1;-541,2;20,00;3,0;3,0;37,79;0,05;0,023;0,0;0,00;0,054
74;01.11.2023;15:46:46;00:01:13;250,0;17,0;18,5;17,2;18,7;20,0;0,0;71,9;7,19E1;-541,2;20,00;3,0;3,0;37,79;0,05;0,020;0,0;0,01;0,054
75;01.11.2023;15:46:47;00:01:14;250,0;17,0;18,5;17,2;18,7;20,0;0,0;69,0;6,90E1;-541,2;20,00;3,0;3,0;37,79;0,05;0,022;0,0;0,00;0,054
76;01.11.2023;15:46:48;00:01:15;250,0;17,0;18,5;17,2;18,7;20,0;0,0;63,8;6,38E1;-541,2;20,00;3,0;3,0;37,79;0,05;0,021;0,0;0,01;0,055
77;01.11.2023;15:46:49;00:01:16;250,0;17,0;18,5;17,2;18,7;20,0;0,0;58,7;5,87E1;-541,2;20,00;3,0;2,9;37,79;0,05;0,015;0,0;0,01;0,054
78;01.11.2023;15:46:50;00:01:17;250,0;17,0;18,5;17,2;18,7;20,0;0,0;56,3;5,63E1;-541,2;20,00;3,0;2,9;37,79;0,05;0,014;0,0;0,01;0,054
79;01.11.2023;15:46:51;00:01:18;250,0;17,0;18,5;17,2;18,7;20,0;0,0;52,1;5,21E1;-541,2;20,00;3,0;3,0;37,79;0,05;0,018;0,0;0,01;0,054
80;01.11.2023;15:46:52;00:01:19;250,0;17,0;18,5;17,2;18,7;20,0;0,0;48,0;4,80E1;-541,2;20,00;3,0;3,0;37,79;0,05;0,013;0,0;0,01;0,055
81;01.11.2023;15:46:53;00:01:20;250,0;17,0;18,5;17,2;18,7;20,0;0,0;46,3;4,63E1;-541,2;20,00;3,0;3,0;37,79;0,05;0,012;0,0;0,00;0,056
82;01.11.2023;15:46:54;00:01:21;250,0;17,0;18,5;17,3;18,7;20,0;0,0;42,8;4,28E1;-541,2;20,00;3,0;2,9;37,79;0,05;0,010;0,0;0,01;0,054
83;01.11.2023;15:46:55;00:01:22;250,0;17,0;18,5;17,3;18,7;20,0;0,0;39,7;3,97E1;-541,2;20,00;3,0;3,0;37,79;0,05;0,010;0,0;0,01;0,054
84;01.11.2023;15:46:56;00:01:23;250,0;17,0;18,5;17,3;18,7;20,0;0,0;37,9;3,79E1;-541,2;20,00;3,0;3,0;37,79;0,05;0,011;0,0;0,00;0,054
85;01.11.2023;15:46:57;00:01:24;250,0;17,0;18,5;17,3;18,7;20,0;0,0;35,0;3,50E1;-541,2;20,00;3,0;3,0;37,79;0,05;0,012;0,0;0,01;0,054
86;01.11.2023;15:46:58;00:01:25;250,0;17,0;18,5;17,3;18,7;20,0;0,0;32,5;3,25E1;-541,2;20,00;3,0;3,0;37,79;0,05;0,013;0,0;0,01;0,054
87;01.11.2023;15:46:59;00:01:26;250,0;17,0;18,5;17,3;18,7;20,0;0,0;31,1;3,11E1;-541,2;20,00;3,0;2,9;37,79;0,05;0,013;0,0;0,01;0,054
88;01.11.2023;15:47:00;00:01:27;250,0;17,0;18,5;17,3;18,7;20,0;0,0;28,8;2,88E1;-541,2;20,00;3,0;3,0;37,79;0,05;0,016;0,0;0,01;0,054
89;01.11.2023;15:47:01;00:01:28;250,0;17,0;18,5;17,3;18,7;20,0;0,0;27,5;2,75E1;-541,2;20,00;3,0;3,0;37,79;0,05;0,015;0,0;0,01;0,054
90;01.11.2023;15:47:02;00:01:29;250,0;16,9;18,5;17,2;18,7;20,0;0,0;25,6;2,56E1;-541,2;20,00;3,0;3,0;37,79;0,05;0,011;0,0;0,01;0,056
91;01.11.2023;15:47:03;00:01:30;250,0;17,0;18,5;17,2;18,7;20,0;0,0;23,5;2,35E1;-541,2;20,00;3,0;3,0;37,79;0,05;0,012;0,0;0,01;0,054
92;01.11.2023;15:47:04;00:01:31;250,0;17,0;18,5;17,2;18,7;20,0;0,0;22,4;2,24E1;-541,2;20,00;3,0;3,0;37,79;0,05;0,008;0,0;0,01;0,055
93;01.11.2023;15:47:05;00:01:32;250,0;17,0;18,5;17,3;18,7;20,0;0,0;20,6;2,06E1;-541,2;20,00;3,0;3,0;37,79;0,05;0,010;0,0;0,01;0,054
94;01.11.2023;15:47:06;00:01:33;250,0;17,0;18,5;17,3;18,7;20,0;0,0;19,5;1,95E1;-541,2;20,00;3,0;3,1;37,79;0,05;0,010;0,0;0,01;0,054
95;01.11.2023;15:47:07;00:01:34;250,0;17,0;18,5;17,3;18,7;20,0;0,0;18,8;1,88E1;-541,2;20,00;3,0;3,1;37,79;0,05;0,006;0,0;0,01;0,054
96;01.11.2023;15:47:08;00:01:35;250,0;17,0;18,5;17,3;18,7;20,0;0,0;17,3;1,73E1;-541,2;20,00;3,0;3,0;37,79;0,05;0,006;0,0;0,01;0,054
97;01.11.2023;15:47:09;00:01:36;250,0;17,0;18,5;17,3;18,7;20,0;0,0;15,9;1,59E1;-541,2;20,00;3,0;2,9;37,79;0,05;0,007;0,0;0,01;0,055
98;01.11.2023;15:47:10;00:01:37;250,0;17,0;18,5;17,3;18,7;20,0;0,0;15,4;1,54E1;-541,2;20,00;3,0;2,9;37,80;0,05;0,005;0,0;0,01;0,054
99;01.11.2023;15:47:11;00:01:38;250,0;17,0;18,5;17,3;18,7;20,0;0,0;14,2;1,42E1;-541,2;20,00;3,0;3,0;37,80;0,05;0,004;0,0;0,00;0,054
100;01.11.2023;15:47:12;00:01:39;250,0;17,0;18,5;17,3;18,7;20,0;0,0;13,3;1,33E1;-541,2;20,00;3,0;2,9;37,79;0,05;0,006;0,0;0,00;0,054
101;01.11.2023;15:47:13;00:01:40;250,0;17,0;18,5;17,3;18,7;20,0;0,0;12,8;1,28E1;-541,2;20,00;3,0;2,9;37,80;0,05;0,006;0,0;0,01;0,054
102;01.11.2023;15:47:14;00:01:41;250,0;17,0;18,5;17,3;18,7;20,0;0,0;11,9;1,19E1;-541,2;20,00;3,0;3,0;37,80;0,05;0,007;0,0;0,01;0,054
103;01.11.2023;15:47:15;00:01:42;250,0;17,0;18,5;17,3;18,7;20,0;0,0;11,5;1,15E1;-541,2;20,00;3,0;3,0;37,79;0,05;0,008;0,0;0,01;0,054
104;01.11.2023;15:47:16;00:01:43;250,0;17,0;18,5;17,3;18,7;20,0;0,0;10,9;1,09E1;-541,2;20,00;3,0;3,0;37,80;0,05;0,003;0,0;0,00;0,054
105;01.11.2023;15:47:17;00:01:44;250,0;17,0;18,5;17,3;18,7;20,0;0,0;9,7;9,68E0;-541,2;20,00;3,0;3,0;37,80;0,05;0,004;0,0;0,00;0,054
106;01.11.2023;15:47:18;00:01:45;250,0;17,0;18,5;17,3;18,7;20,0;0,0;9,1;9,14E0;-541,2;20,00;3,0;3,1;37,80;0,05;0,007;0,0;0,01;0,054
107;01.11.2023;15:47:19;00:01:46;250,0;17,0;18,5;17,3;18,7;20,0;0,0;8,6;8,59E0;-541,2;20,00;3,0;3,0;37,79;0,05;0,008;0,0;0,01;0,054
108;01.11.2023;15:47:20;00:01:47;250,0;17,0;18,5;17,3;18,7;20,0;0,0;7,6;7,58E0;-541,2;20,00;3,0;3,0;37,80;0,05;0,008;0,0;0,00;0,054
109;01.11.2023;15:47:21;00:01:48;250,0;17,0;18,5;17,3;18,7;20,0;0,0;7,1;7,10E0;-541,2;20,00;3,0;3,0;37,80;0,05;0,006;0,0;0,00;0,055
110;01.11.2023;15:47:22;00:01:49;250,0;17,0;18,4;17,3;18,7;20,0;0,0;6,6;6,62E0;-541,2;20,00;3,0;3,0;37,80;0,05;0,006;0,0;0,01;0,054
111;01.11.2023;15:47:23;00:01:50;250,0;17,0;18,4;17,3;18,7;20,0;0,0;5,9;5,90E0;-541,2;20,00;3,0;3,0;37,80;0,05;0,002;0,0;0,01;0,054
112;01.11.2023;15:47:24;00:01:51;250,0;17,0;18,4;17,3;18,7;20,0;0,0;5,9;5,86E0;-541,2;20,00;3,0;3,0;37,80;0,05;0,005;0,0;0,00;0,056
113;01.11.2023;15:47:25;00:01:52;250,0;17,0;18,5;17,3;18,7;20,0;0,0;5,4;5,39E0;-541,2;20,00;3,0;3,0;37,80;0,05;0,002;0,0;0,01;0,054
114;01.11.2023;15:47:26;00:01:53;250,0;17,0;18,5;17,4;18,7;20,0;0,0;5,2;5,21E0;-541,2;20,00;3,0;2,9;37,80;0,05;-0,002;0,0;0,01;0,054
115;01.11.2023;15:47:27;00:01:54;250,0;17,0;18,5;17,4;18,7;20,0;0,0;4,7;4,72E0;-541,2;20,00;3,0;3,0;37,80;0,05;0,002;0,0;0,01;0,056
116;01.11.2023;15:47:28;00:01:55;250,0;17,0;18,5;17,4;18,7;20,0;0,0;4,2;4,25E0;-541,2;20,00;3,0;3,0;37,80;0,05;0,004;0,0;0,00;0,054
117;01.11.2023;15:47:29;00:01:56;250,0;17,0;18,5;17,4;18,7;20,0;0,0;4,3;4,25E0;-541,2;20,00;3,0;3,0;37,80;0,05;0,005;0,0;0,01;0,056
118;01.11.2023;15:47:30;00:01:57;250,0;17,0;18,5;17,4;18,7;20,0;0,0;3,8;3,85E0;-541,2;20,00;3,0;3,1;37,80;0,05;0,010;0,0;0,01;0,054
119;01.11.2023;15:47:31;00:01:58;250,0;17,0;18,5;17,4;18,7;20,0;0,0;3,6;3,61E0;-541,2;20,00;3,0;2,9;37,80;0,05;0,003;0,0;0,01;0,054
120;01.11.2023;15:47:32;00:01:59;250,0;17,0;18,5;17,4;18,7;20,0;0,0;3,4;3,39E0;-541,2;20,00;3,0;3,0;37,80;0,05;0,005;0,0;0,01;0,054
121;01.11.2023;15:47:33;00:02:00;250,0;17,0;18,5;17,4;18,7;20,0;0,0;3,2;3,17E0;-541,2;20,00;3,0;3,1;37,80;0,05;0,005;0,0;0,01;0,054
122;01.11.2023;15:47:34;00:02:01;250,0;17,0;18,5;17,4;18,7;20,0;0,0;2,9;2,92E0;-541,2;20,00;3,0;3,0;37,80;0,05;0,001;0,0;0,01;0,056
123;01.11.2023;15:47:35;00:02:02;250,0;17,0;18,5;17,4;18,7;20,0;0,0;2,8;2,80E0;-541,2;20,00;3,0;3,0;37,80;0,05;0,001;0,0;0,01;0,054
124;01.11.2023;15:47:36;00:02:03;250,0;17,0;18,5;17,4;18,7;20,0;0,0;2,6;2,63E0;-541,2;20,00;3,0;3,0;37,80;0,05;0,002;0,0;0,01;0,054
125;01.11.2023;15:47:37;00:02:04;250,0;17,1;18,5;17,4;18,7;20,0;0,0;2,5;2,47E0;-541,2;20,00;3,0;3,0;37,80;0,05;0,005;0,0;0,01;0,054
126;01.11.2023;15:47:38;00:02:05;250,0;17,1;18,5;17,4;18,7;20,0;0,0;2,3;2,34E0;-541,2;20,00;3,0;3,0;37,80;0,05;0,006;0,0;0,00;0,054
127;01.11.2023;15:47:39;00:02:06;250,0;17,1;18,5;17,4;18,8;20,0;0,0;2,2;2,18E0;-541,2;20,00;3,0;3,0;37,80;0,05;0,004;0,0;0,01;0,054
128;01.11.2023;15:47:40;00:02:07;250,0;17,1;18,5;17,4;18,8;20,0;0,0;2,1;2,14E0;-541,2;20,00;3,0;3,0;37,80;0,05;0,002;0,0;0,01;0,054
129;01.11.2023;15:47:41;00:02:08;250,0;17,1;18,4;17,3;18,8;20,0;0,0;2,0;2,03E0;-541,2;20,00;3,0;3,0;37,80;0,05;0,001;0,0;0,01;0,054
130;01.11.2023;15:47:42;00:02:09;250,0;17,0;18,4;17,3;18,7;20,0;0,0;1,9;1,86E0;-541,2;20,00;3,0;2,9;37,80;0,05;0,000;0,0;0,00;0,054
131;01.11.2023;15:47:43;00:02:10;250,0;17,0;18,4;17,3;18,7;20,0;0,0;1,8;1,80E0;-541,2;20,00;3,0;3,0;37,80;0,05;0,004;0,0;0,00;0,054
132;01.11.2023;15:47:44;00:02:11;250,0;17,0;18,4;17,3;18,7;20,0;0,0;1,7;1,74E0;-541,2;20,00;3,0;2,9;37,80;0,05;-0,002;0,0;0,01;0,054
133;01.11.2023;15:47:45;00:02:12;250,0;17,0;18,4;17,3;18,7;20,0;0,0;1,6;1,60E0;-541,2;20,00;3,0;3,0;37,80;0,05;0,003;0,0;0,01;0,054
134;01.11.2023;15:47:46;00:02:13;250,0;17,0;18,4;17,3;18,7;20,0;0,0;1,6;1,57E0;-541,2;20,00;3,0;3,0;37,80;0,05;0,004;0,0;0,01;0,054
135;01.11.2023;15:47:47;00:02:14;250,0;17,0;18,4;17,3;18,7;20,0;0,0;1,5;1,50E0;-541,2;20,00;3,0;3,0;37,80;0,05;0,001;0,0;0,01;0,054
136;01.11.2023;15:47:48;00:02:15;250,0;17,0;18,4;17,3;18,7;20,0;0,0;1,4;1,42E0;-541,2;20,00;3,0;2,9;37,80;0,05;0,003;0,0;0,00;0,054
137;01.11.2023;15:47:49;00:02:16;250,0;17,0;18,4;17,3;18,7;20,0;0,0;1,4;1,37E0;-541,2;20,00;3,0;2,9;37,80;0,05;0,000;0,0;0,01;0,054
138;01.11.2023;15:47:50;00:02:17;250,0;17,0;18,4;17,4;18,7;20,0;0,0;1,3;1,31E0;-541,2;20,00;3,0;3,0;37,80;0,05;0,002;0,0;0,01;0,054
139;01.11.2023;15:47:51;00:02:18;250,0;17,0;18,4;17,4;18,7;20,0;0,0;1,2;1,23E0;-541,2;20,00;3,0;3,0;37,80;0,05;0,004;0,0;0,01;0,054
140;01.11.2023;15:47:52;00:02:19;250,0;17,0;18,4;17,4;18,7;20,0;0,0;1,2;1,20E0;-541,2;20,00;3,0;3,0;37,80;0,05;0,004;0,0;0,01;0,054
141;01.11.2023;15:47:53;00:02:20;250,0;17,0;18,4;17,4;18,7;20,0;0,0;1,2;1,16E0;-541,2;20,00;3,0;2,9;37,80;0,05;0,005;0,0;0,01;0,054
142;01.11.2023;15:47:54;00:02:21;250,0;17,0;18,4;17,4;18,7;20,0;0,0;1,1;1,14E0;-541,2;20,00;3,0;2,9;37,80;0,05;0,002;0,0;0,01;0,054
143;01.11.2023;15:47:55;00:02:22;250,0;17,1;18,4;17,4;18,7;20,0;0,0;1,1;1,08E0;-541,2;20,00;3,0;2,9;37,80;0,05;0,000;0,0;0,01;0,054
144;01.11.2023;15:47:56;00:02:23;250,0;17,1;18,4;17,4;18,7;20,0;0,0;1,0;9,70E-1;-541,2;20,00;3,0;3,1;37,80;0,06;0,007;0,0;0,01;0,054
145;01.11.2023;15:47:57;00:02:24;250,0;17,1;18,4;17,4;18,7;20,0;0,0;0,9;9,31E-1;-541,2;20,00;3,0;3,0;37,80;0,05;0,007;0,0;0,01;0,054
146;01.11.2023;15:47:58;00:02:25;250,0;17,1;18,4;17,4;18,7;20,0;0,0;0,9;9,12E-1;-541,2;20,00;3,0;3,0;37,80;0,06;0,003;0,0;0,01;0,054
147;01.11.2023;15:47:59;00:02:26;250,0;17,1;18,4;17,4;18,7;20,0;0,0;0,9;8,78E-1;-541,2;20,00;3,0;3,0;37,80;0,05;0,007;0,0;0,01;0,056
148;01.11.2023;15:48:00;00:02:27;250,0;17,1;18,4;17,4;18,7;20,0;0,0;0,8;8,43E-1;-541,2;20,00;3,0;2,9;37,80;0,06;0,002;0,0;0,01;0,056
149;01.11.2023;15:48:01;00:02:28;250,0;17,1;18,4;17,4;18,7;20,0;0,0;0,8;8,27E-1;-541,2;20,00;3,0;3,0;37,80;0,06;0,003;0,0;0,01;0,054
150;01.11.2023;15:48:02;00:02:29;250,0;17,1;18,5;17,5;18,8;20,0;0,0;0,8;7,93E-1;-541,2;20,00;3,0;3,0;37,80;0,06;0,004;0,0;0,01;0,054
151;01.11.2023;15:48:03;00:02:30;250,0;17,1;18,5;17,5;18,8;20,0;0,0;0,8;7,61E-1;-541,2;20,00;3,0;3,0;37,80;0,05;0,003;0,0;0,00;0,054
152;01.11.2023;15:48:04;00:02:31;250,0;17,1;18,5;17,5;18,8;20,0;0,0;0,7;7,48E-1;-541,2;20,00;3,0;3,0;37,80;0,06;0,004;0,0;0,01;0,054
153;01.11.2023;15:48:05;00:02:32;250,0;17,2;18,5;17,5;18,8;20,0;0,0;0,7;7,23E-1;-541,2;20,00;3,0;3,0;37,80;0,05;0,003;0,0;0,00;0,054
154;01.11.2023;15:48:06;00:02:33;250,0;17,2;18,4;17,5;18,8;20,0;0,0;0,7;6,99E-1;-541,2;20,00;3,0;2,9;37,80;0,06;-0,003;0,0;0,01;0,054
155;01.11.2023;15:48:07;00:02:34;250,0;17,2;18,4;17,5;18,8;20,0;0,0;0,7;6,86E-1;-541,2;20,00;3,0;2,9;37,80;0,05;-0,004;0,0;0,01;0,056
156;01.11.2023;15:48:08;00:02:35;250,0;17,2;18,4;17,5;18,8;20,0;0,0;0,7;6,63E-1;-541,2;20,00;3,0;3,1;37,80;0,06;0,002;0,0;0,01;0,054
157;01.11.2023;15:48:09;00:02:36;250,0;17,2;18,4;17,5;18,8;20,0;0,0;0,6;6,49E-1;-541,2;20,00;3,0;3,1;37,80;0,06;0,004;0,0;0,01;0,054
158;01.11.2023;15:48:10;00:02:37;250,0;17,2;18,5;17,5;18,8;20,0;0,0;0,6;6,25E-1;-541,2;20,00;3,0;3,0;37,80;0,05;0,001;0,0;0,00;0,054
159;01.11.2023;15:48:11;00:02:38;250,0;17,2;18,5;17,5;18,8;20,0;0,0;0,6;6,02E-1;-541,2;20,00;3,0;3,0;37,80;0,06;-0,002;0,0;0,01;0,054
160;01.11.2023;15:48:12;00:02:39;250,0;17,2;18,5;17,5;18,8;20,0;0,0;0,6;5,90E-1;-541,2;20,00;3,0;3,0;37,80;0,06;-0,003;0,0;0,00;0,054
161;01.11.2023;15:48:13;00:02:40;250,0;17,2;18,5;17,5;18,8;20,0;0,0;0,6;5,68E-1;-541,2;20,00;3,0;3,0;37,80;0,05;-0,004;0,0;0,01;0,054
162;01.11.2023;15:48:14;00:02:41;250,0;17,2;18,5;17,5;18,8;20,0;0,0;0,5;5,46E-1;-541,2;20,00;3,0;3,0;37,80;0,05;-0,001;0,0;0,00;0,054
163;01.11.2023;15:48:15;00:02:42;250,0;17,2;18,5;17,5;18,8;20,0;0,0;0,5;5,33E-1;-541,2;20,00;3,0;3,0;37,80;0,05;0,000;0,0;0,00;0,056
164;01.11.2023;15:48:16;00:02:43;250,0;17,2;18,5;17,5;18,8;20,0;0,0;0,5;5,15E-1;-541,2;20,00;3,0;3,0;37,80;0,05;0,001;0,0;0,00;0,054
165;01.11.2023;15:48:17;00:02:44;250,0;17,2;18,5;17,5;18,8;20,0;0,0;0,5;4,99E-1;-541,2;20,00;3,0;3,0;37,80;0,05;0,001;0,0;0,01;0,054
166;01.11.2023;15:48:18;00:02:45;250,0;17,2;18,5;17,5;18,8;20,0;0,0;0,5;4,91E-1;-541,2;20,00;3,0;3,0;37,80;0,06;0,001;0,0;0,00;0,054
167;01.11.2023;15:48:19;00:02:46;250,0;17,2;18,5;17,5;18,8;20,0;0,0;0,5;4,75E-1;-541,2;20,00;3,0;3,0;37,80;0,05;-0,001;0,0;0,01;0,054
168;01.11.2023;15:48:20;00:02:47;250,0;17,2;18,5;17,5;18,8;20,0;0,0;0,5;4,61E-1;-541,2;20,00;3,0;3,0;37,80;0,05;0,001;0,0;0,00;0,056
169;01.11.2023;15:48:21;00:02:48;250,0;17,1;18,4;17,4;18,8;20,0;0,0;0,5;4,52E-1;-541,2;20,00;3,0;3,0;37,80;0,06;0,001;0,0;0,01;0,054
170;01.11.2023;15:48:22;00:02:49;250,0;17,1;18,4;17,4;18,8;20,0;0,0;0,4;4,37E-1;-541,2;20,00;3,0;3,0;37,80;0,06;0,000;0,0;0,00;0,054
171;01.11.2023;15:48:23;00:02:50;250,0;17,1;18,4;17,4;18,8;20,0;0,0;0,4;4,31E-1;-541,2;20,00;3,0;3,0;37,80;0,05;-0,002;0,0;0,01;0,054
172;01.11.2023;15:48:24;00:02:51;250,0;17,1;18,4;17,4;18,8;20,0;0,0;0,4;4,17E-1;-541,2;20,00;3,0;3,0;37,80;0,05;0,000;0,0;0,00;0,054
173;01.11.2023;15:48:25;00:02:52;250,0;17,1;18,4;17,4;18,8;20,0;0,0;0,4;4,03E-1;-541,2;20,00;3,0;3,0;37,80;0,05;-0,001;0,0;0,01;0,054
174;01.11.2023;15:48:26;00:02:53;250,0;17,1;18,4;17,4;18,8;20,0;0,0;0,4;3,97E-1;-541,2;20,00;3,0;3,0;37,80;0,06;0,000;0,0;0,01;0,054
175;01.11.2023;15:48:27;00:02:54;250,0;17,1;18,4;17,4;18,8;21,2;0,3;0,4;3,84E-1;-541,2;20,00;3,0;3,0;37,80;0,05;0,001;0,0;0,01;0,054
176;01.11.2023;15:48:28;00:02:55;250,0;17,2;18,4;17,4;18,8;22,7;0,5;0,4;3,72E-1;-541,2;20,00;3,0;2,9;37,80;0,06;-0,002;0,0;0,00;0,054
177;01.11.2023;15:48:29;00:02:56;250,0;17,2;18,4;17,4;18,8;23,4;0,5;0,4;3,66E-1;-541,2;20,00;3,0;3,0;37,80;0,06;0,001;0,0;0,00;0,054
178;01.11.2023;15:48:30;00:02:57;250,0;17,2;18,4;17,4;18,8;24,9;0,7;0,4;3,56E-1;-541,2;20,00;3,0;3,0;37,80;0,05;0,002;0,0;0,01;0,054
179;01.11.2023;15:48:31;00:02:58;250,0;17,2;18,4;17,4;18,8;26,3;0,8;0,3;3,47E-1;-541,2;20,00;3,0;3,0;37,80;0,06;0,003;0,0;0,01;0,054
180;01.11.2023;15:48:32;00:02:59;250,0;17,2;18,4;17,4;18,8;27,1;0,9;0,3;3,42E-1;-541,2;20,00;3,0;3,0;37,80;0,05;0,003;0,0;0,01;0,054
181;01.11.2023;15:48:33;00:03:00;250,0;17,2;18,4;17,4;18,8;28,6;1,0;0,3;3,33E-1;-541,2;20,00;3,0;3,0;37,80;0,06;0,001;0,0;0,01;0,054
182;01.11.2023;15:48:34;00:03:01;250,0;17,2;18,4;17,5;18,8;29,4;1,1;0,3;3,29E-1;-541,2;20,00;3,0;3,1;37,80;0,06;0,001;0,0;0,01;0,054
183;01.11.2023;15:48:35;00:03:02;250,0;17,2;18,4;17,5;18,8;30,8;1,2;0,3;3,22E-1;-541,2;20,00;3,0;3,0;37,80;0,05;-0,003;0,0;0,00;0,054
184;01.11.2023;15:48:36;00:03:03;250,0;17,2;18,4;17,5;18,8;32,3;1,4;0,3;3,14E-1;-541,2;20,00;3,0;3,0;37,80;0,05;0,000;0,0;0,01;0,054
185;01.11.2023;15:48:37;00:03:04;250,0;17,2;18,4;17,5;18,8;33,0;1,5;0,3;3,10E-1;-541,2;20,00;3,0;3,0;37,80;0,05;-0,002;0,0;0,01;0,054
186;01.11.2023;15:48:38;00:03:05;250,0;17,2;18,4;17,5;18,8;34,5;1,6;0,3;3,03E-1;-541,2;20,00;3,0;3,0;37,80;0,06;0,000;0,0;0,01;0,054
187;01.11.2023;15:48:39;00:03:06;250,0;17,2;18,4;17,5;18,8;36,1;1,8;0,3;2,95E-1;-541,2;20,00;3,0;3,0;37,80;0,05;0,001;0,0;0,01;0,055
188;01.11.2023;15:48:40;00:03:07;250,0;17,2;18,4;17,5;18,8;36,8;1,8;0,3;2,92E-1;-541,2;20,00;3,0;3,0;37,80;0,05;0,001;0,0;0,01;0,054
189;01.11.2023;15:48:41;00:03:08;250,0;17,2;18,4;17,5;18,8;38,2;2,0;0,3;2,86E-1;-541,2;20,00;3,0;3,0;37,80;0,06;0,001;0,0;0,01;0,054
190;01.11.2023;15:48:42;00:03:09;250,0;17,2;18,4;17,4;18,8;39,7;2,1;0,3;2,79E-1;-541,2;20,00;3,0;2,9;37,80;0,05;-0,001;0,0;0,01;0,054
191;01.11.2023;15:48:43;00:03:10;250,0;17,2;18,4;17,5;18,8;40,4;2,2;0,3;2,76E-1;-541,2;20,00;3,0;2,9;37,80;0,05;-0,003;0,0;0,01;0,054
192;01.11.2023;15:48:44;00:03:11;250,0;17,2;18,4;17,5;18,8;41,9;2,4;0,3;2,70E-1;-541,2;20,00;3,0;2,9;37,80;0,05;0,001;0,0;0,00;0,054
193;01.11.2023;15:48:45;00:03:12;250,0;17,2;18,4;17,5;18,8;43,4;2,5;0,3;2,64E-1;-541,2;20,00;3,0;3,0;37,80;0,06;0,002;0,0;0,01;0,054
194;01.11.2023;15:48:46;00:03:13;250,0;17,2;18,4;17,5;18,8;44,2;2,6;0,3;2,61E-1;-541,2;20,00;3,0;3,0;37,80;0,06;0,003;0,0;0,00;0,054
195;01.11.2023;15:48:47;00:03:14;250,0;17,2;18,4;17,5;18,8;45,7;2,8;0,3;2,56E-1;-541,2;20,00;3,0;2,9;37,80;0,06;0,001;0,0;0,00;0,054
196;01.11.2023;15:48:48;00:03:15;250,0;17,2;18,4;17,5;18,8;46,4;2,8;0,3;2,53E-1;-541,2;20,00;3,0;3,0;37,80;0,05;0,002;0,0;0,01;0,054
197;01.11.2023;15:48:49;00:03:16;250,0;17,2;18,4;17,5;18,8;47,9;3,0;0,2;2,48E-1;-541,2;20,00;3,0;3,0;37,80;0,06;0,000;0,0;0,00;0,055
198;01.11.2023;15:48:50;00:03:17;250,0;17,2;18,4;17,5;18,8;49,3;3,1;0,2;2,43E-1;-541,2;20,00;3,0;3,0;37,80;0,05;0,001;0,0;0,01;0,055
199;01.11.2023;15:48:51;00:03:18;250,0;17,2;18,4;17,5;18,8;50,1;3,2;0,2;2,41E-1;-541,2;20,00;3,0;3,0;37,80;0,06;0,002;0,0;0,00;0,054
200;01.11.2023;15:48:52;00:03:19;250,0;17,2;18,4;17,5;18,8;51,6;3,4;0,2;2,37E-1;-541,2;20,00;3,0;3,0;37,80;0,06;0,005;0,0;0,01;0,055
201;01.11.2023;15:48:53;00:03:20;250,0;17,2;18,4;17,5;18,8;53,1;3,6;0,2;2,33E-1;-541,2;20,00;3,0;3,0;37,80;0,06;0,005;0,0;0,00;0,055
202;01.11.2023;15:48:54;00:03:21;250,0;17,2;18,4;17,5;18,8;53,8;3,6;0,2;2,31E-1;-541,2;20,00;3,0;3,0;37,80;0,06;0,004;0,0;0,00;0,054
203;01.11.2023;15:48:55;00:03:22;250,0;17,2;18,4;17,5;18,8;55,3;3,8;0,2;2,28E-1;-541,2;20,00;3,0;3,0;37,80;0,05;0,003;0,0;0,01;0,054
204;01.11.2023;15:48:56;00:03:23;250,0;17,2;18,4;17,5;18,8;56,7;4,0;0,2;2,25E-1;-541,2;20,00;3,0;3,0;37,80;0,06;0,002;0,0;0,00;0,055
205;01.11.2023;15:48:57;00:03:24;250,0;17,2;18,4;17,5;18,8;57,5;4,0;0,2;2,23E-1;-541,2;20,00;3,0;2,9;37,80;0,06;0,001;0,0;0,01;0,054
206;01.11.2023;15:48:58;00:03:25;250,0;17,2;18,4;17,5;18,8;59,1;4,2;0,2;2,19E-1;-541,2;20,00;3,0;3,0;37,80;0,06;0,007;0,0;0,01;0,054
207;01.11.2023;15:48:59;00:03:26;250,0;17,2;18,4;17,5;18,8;60,5;4,4;0,2;2,16E-1;-541,2;20,00;3,0;3,0;37,80;0,06;0,001;0,0;0,00;0,054
208;01.11.2023;15:49:00;00:03:27;250,0;17,2;18,4;17,5;18,8;61,2;4,5;0,2;2,15E-1;-541,2;20,00;3,0;3,0;37,80;0,06;0,000;0,0;0,00;0,054
209;01.11.2023;15:49:01;00:03:28;250,0;17,2;18,4;17,5;18,8;62,7;4,6;0,2;2,11E-1;-541,2;20,00;3,0;3,0;37,80;0,06;0,003;0,0;0,00;0,054
210;01.11.2023;15:49:02;00:03:29;250,0;17,2;18,4;17,5;18,8;63,4;4,7;0,2;2,10E-1;-541,2;20,00;3,0;3,0;37,80;0,06;0,003;0,0;0,01;0,056
211;01.11.2023;15:49:03;00:03:30;250,0;17,2;18,4;17,5;18,8;64,9;4,9;0,2;2,07E-1;-541,2;20,00;3,0;3,0;37,80;0,06;-0,001;0,0;0,01;0,054
212;01.11.2023;15:49:04;00:03:31;250,0;17,2;18,4;17,5;18,8;66,5;5,1;0,2;2,04E-1;-541,2;20,00;3,0;3,0;37,80;0,06;0,000;0,0;0,00;0,054
213;01.11.2023;15:49:05;00:03:32;250,0;17,2;18,4;17,5;18,8;67,2;5,2;0,2;2,03E-1;-541,2;20,00;3,0;3,0;37,80;0,06;0,001;0,0;0,01;0,054
214;01.11.2023;15:49:06;00:03:33;250,0;17,2;18,4;17,5;18,8;68,7;5,3;0,2;2,01E-1;-541,2;20,00;3,0;3,0;37,80;0,06;-0,001;0,0;0,01;0,054
215;01.11.2023;15:49:07;00:03:34;250,0;17,2;18,4;17,5;18,9;70,1;5,5;0,2;1,98E-1;-541,2;20,00;3,0;3,0;37,80;0,06;0,002;0,0;0,01;0,054
216;01.11.2023;15:49:08;00:03:35;250,0;17,2;18,4;17,5;18,9;70,9;5,6;0,2;1,97E-1;-541,2;20,00;3,0;3,0;37,80;0,06;0,000;0,0;0,01;0,054
217;01.11.2023;15:49:09;00:03:36;250,0;17,3;18,4;17,5;18,9;72,3;5,8;0,2;1,94E-1;-541,2;20,00;3,0;3,0;37,80;0,06;-0,001;0,0;0,01;0,054
218;01.11.2023;15:49:10;00:03:37;250,0;17,3;18,4;17,5;18,9;73,9;6,0;0,2;1,91E-1;-541,2;20,00;3,0;3,0;37,80;0,06;0,002;0,0;0,01;0,054
219;01.11.2023;15:49:11;00:03:38;250,0;17,3;18,4;17,5;18,9;74,6;6,1;0,2;1,90E-1;-541,2;20,00;3,0;3,0;37,80;0,06;0,002;0,0;0,00;0,054
220;01.11.2023;15:49:12;00:03:39;250,0;17,3;18,4;17,5;18,9;76,1;6,3;0,2;1,88E-1;-541,2;20,00;3,0;2,9;37,80;0,06;-0,001;0,0;0,00;0,054
221;01.11.2023;15:49:13;00:03:40;250,0;17,3;18,4;17,5;18,9;76,8;6,3;0,2;1,87E-1;-541,2;20,00;3,0;3,0;37,80;0,06;0,000;0,0;0,00;0,055
222;01.11.2023;15:49:14;00:03:41;250,0;17,3;18,4;17,5;18,9;78,3;6,5;0,2;1,84E-1;-541,2;20,00;3,0;3,0;37,80;0,06;0,001;0,0;0,01;0,054
223;01.11.2023;15:49:15;00:03:42;250,0;17,3;18,4;17,5;18,9;79,7;6,7;0,2;1,82E-1;-541,2;20,00;3,0;3,1;37,80;0,06;0,000;0,0;0,01;0,054
224;01.11.2023;15:49:16;00:03:43;250,0;17,3;18,4;17,5;18,9;80,5;6,8;0,2;1,81E-1;-541,2;20,00;3,0;3,0;37,80;0,06;0,001;0,0;0,01;0,054
225;01.11.2023;15:49:17;00:03:44;250,0;17,3;18,4;17,5;18,9;82,1;7,0;0,2;1,79E-1;-541,2;20,00;3,0;2,9;37,80;0,05;0,000;0,0;0,00;0,056
226;01.11.2023;15:49:18;00:03:45;250,0;17,3;18,4;17,5;18,9;83,5;7,2;0,2;1,77E-1;-541,2;20,00;3,0;3,0;37,80;0,06;0,001;0,0;0,00;0,054
227;01.11.2023;15:49:19;00:03:46;250,0;17,3;18,4;17,5;18,9;84,2;7,3;0,2;1,76E-1;-541,2;20,00;3,0;3,0;37,80;0,05;0,001;0,0;0,00;0,054
228;01.11.2023;15:49:20;00:03:47;250,0;17,3;18,4;17,6;18,9;85,7;7,5;0,2;1,74E-1;-541,2;20,00;3,0;3,1;37,80;0,06;0,004;0,0;0,01;0,054
229;01.11.2023;15:49:21;00:03:48;250,0;17,2;18,4;17,6;18,8;87,2;7,7;0,2;1,72E-1;-541,2;20,00;3,0;3,0;37,80;0,06;0,001;0,0;0,01;0,054
230;01.11.2023;15:49:22;00:03:49;250,0;17,2;18,3;17,5;18,8;87,9;7,8;0,2;1,71E-1;-541,2;20,00;3,0;3,0;37,80;0,06;0,000;0,0;0,01;0,054
231;01.11.2023;15:49:23;00:03:50;250,0;17,2;18,3;17,5;18,8;89,5;8,0;0,2;1,70E-1;-541,2;20,00;3,0;3,0;37,80;0,06;0,002;0,0;0,01;0,055
232;01.11.2023;15:49:24;00:03:51;250,0;17,2;18,3;17,5;18,8;90,9;8,2;0,2;1,68E-1;-541,2;20,00;3,0;3,0;37,80;0,06;0,000;0,0;0,00;0,056
233;01.11.2023;15:49:25;00:03:52;250,0;17,2;18,3;17,5;18,8;91,7;8,3;0,2;1,67E-1;-541,2;20,00;3,0;3,0;37,80;0,06;0,003;0,0;0,01;0,055
234;01.11.2023;15:49:26;00:03:53;250,0;17,2;18,3;17,5;18,8;93,1;8,5;0,2;1,65E-1;-541,2;20,00;3,0;3,0;37,80;0,06;-0,001;0,0;0,00;0,054
235;01.11.2023;15:49:27;00:03:54;250,0;17,2;18,3;17,5;18,8;93,9;8,6;0,2;1,64E-1;-541,2;20,00;3,0;3,0;37,80;0,06;0,000;0,0;0,01;0,054
236;01.11.2023;15:49:28;00:03:55;250,0;17,2;18,3;17,5;18,8;95,3;8,8;0,2;1,63E-1;-541,2;20,00;3,0;3,1;37,80;0,06;0,001;0,0;0,00;0,054
237;01.11.2023;15:49:29;00:03:56;250,0;17,2;18,3;17,5;18,8;96,9;9,0;0,2;1,62E-1;-541,2;20,00;3,0;3,0;37,80;0,06;-0,002;0,0;0,01;0,057
238;01.11.2023;15:49:30;00:03:57;250,0;17,2;18,3;17,5;18,8;97,6;9,1;0,2;1,61E-1;-541,2;20,00;3,0;3,0;37,80;0,06;0,001;0,0;0,00;0,057
239;01.11.2023;15:49:31;00:03:58;250,0;17,2;18,3;17,5;18,8;99,1;9,3;0,2;1,60E-1;-541,2;20,00;3,0;3,0;37,80;0,06;0,001;0,0;0,00;0,055
240;01.11.2023;15:49:32;00:03:59;250,0;17,2;18,3;17,5;18,8;100,5;9,5;0,2;1,58E-1;-541,2;20,00;3,0;3,1;37,80;0,06;-0,001;0,0;0,01;0,056
241;01.11.2023;15:49:33;00:04:00;250,0;17,2;18,3;17,5;18,8;101,3;9,6;0,2;1,58E-1;-541,2;20,00;3,0;3,0;37,80;0,06;-0,004;0,0;0,00;0,057
242;01.11.2023;15:49:34;00:04:01;250,0;17,2;18,3;17,5;18,8;102,7;9,8;0,2;1,57E-1;-541,2;20,00;3,0;3,0;37,80;0,06;0,001;0,0;0,01;0,056
243;01.11.2023;15:49:35;00:04:02;250,0;17,2;18,3;17,5;18,8;104,3;10,0;0,2;1,55E-1;-541,2;20,00;3,0;3,0;37,80;0,06;0,004;0,0;0,01;0,058
244;01.11.2023;15:49:36;00:04:03;250,0;17,2;18,3;17,5;18,8;105,0;10,1;0,2;1,55E-1;-541,2;20,00;3,0;3,0;37,80;0,06;0,002;0,0;0,00;0,054
245;01.11.2023;15:49:37;00:04:04;250,0;17,2;18,3;17,5;18,8;106,5;10,3;0,2;1,53E-1;-541,2;20,00;3,0;2,9;37,80;0,06;0,000;0,0;0,01;0,054
246;01.11.2023;15:49:38;00:04:05;250,0;17,2;18,3;17,5;18,8;108,0;10,5;0,2;1,52E-1;-541,2;20,00;3,0;2,9;37,80;0,05;-0,004;0,0;0,01;0,056
247;01.11.2023;15:49:39;00:04:06;250,0;17,2;18,3;17,5;18,8;108,7;10,6;0,2;1,52E-1;-541,2;20,00;3,0;3,0;37,80;0,06;-0,004;0,0;0,01;0,054
248;01.11.2023;15:49:40;00:04:07;250,0;17,2;18,3;17,5;18,8;110,2;10,9;0,2;1,51E-1;-541,2;20,00;3,0;3,0;37,80;0,06;-0,001;0,0;0,01;0,054
249;01.11.2023;15:49:41;00:04:08;250,0;17,2;18,3;17,5;18,8;111,0;11,0;0,2;1,50E-1;-541,2;20,00;3,0;3,0;37,80;0,06;0,001;0,0;0,01;0,055
250;01.11.2023;15:49:42;00:04:09;250,0;17,2;18,3;17,5;18,8;112,5;11,2;0,1;1,49E-1;-541,2;20,00;3,0;3,0;37,80;0,05;-0,003;0,0;0,01;0,054
251;01.11.2023;15:49:43;00:04:10;250,0;17,2;18,3;17,5;18,8;113,9;11,4;0,1;1,48E-1;-541,2;20,00;3,0;2,9;37,80;0,05;-0,003;0,0;0,01;0,054
252;01.11.2023;15:49:44;00:04:11;250,0;17,2;18,3;17,5;18,8;114,7;11,5;0,1;1,48E-1;-541,2;20,00;3,0;2,9;37,80;0,06;-0,003;0,0;0,01;0,054
253;01.11.2023;15:49:45;00:04:12;250,0;17,2;18,3;17,5;18,8;116,1;11,7;0,1;1,46E-1;-541,2;20,00;3,0;2,9;37,80;0,06;-0,001;0,0;0,01;0,054
254;01.11.2023;15:49:46;00:04:13;250,0;17,2;18,3;17,5;18,8;117,6;11,9;0,1;1,45E-1;-541,2;20,00;3,0;2,9;37,80;0,06;0,002;0,0;0,01;0,054
255;01.11.2023;15:49:47;00:04:14;250,0;17,2;18,3;17,5;18,8;118,4;12,1;0,1;1,45E-1;-541,2;20,00;3,0;3,0;37,80;0,06;0,004;0,0;0,01;0,056
256;01.11.2023;15:49:48;00:04:15;250,0;17,2;18,3;17,5;18,8;119,9;12,3;0,1;1,44E-1;-541,2;20,00;3,0;3,0;37,80;0,06;-0,001;0,0;0,01;0,054
257;01.11.2023;15:49:49;00:04:16;250,0;17,2;18,3;17,5;18,8;121,3;12,5;0,1;1,43E-1;-541,2;20,00;3,0;3,0;37,80;0,06;0,001;0,0;0,01;0,055
258;01.11.2023;15:49:50;00:04:17;250,0;17,3;18,3;17,5;18,8;122,1;12,6;0,1;1,42E-1;-541,2;20,00;3,0;3,0;37,80;0,06;0,000;0,0;0,00;0,054
259;01.11.2023;15:49:51;00:04:18;250,0;17,3;18,3;17,5;18,8;123,5;12,9;0,1;1,42E-1;-541,2;20,00;3,0;3,0;37,80;0,06;-0,004;0,0;0,00;0,054
260;01.11.2023;15:49:52;00:04:19;250,0;17,3;18,3;17,5;18,8;124,3;13,0;0,1;1,41E-1;-541,2;20,00;3,0;3,0;37,80;0,06;-0,003;0,0;0,00;0,055
261;01.11.2023;15:49:53;00:04:20;250,0;17,3;18,3;17,5;18,8;125,9;13,2;0,1;1,40E-1;-541,2;20,00;3,0;3,0;37,80;0,06;-0,003;0,0;0,01;0,058
262;01.11.2023;15:49:54;00:04:21;250,0;17,3;18,3;17,5;18,8;127,3;13,4;0,1;1,39E-1;-541,2;20,00;3,0;3,0;37,80;0,06;-0,003;0,0;0,00;0,055
263;01.11.2023;15:49:55;00:04:22;250,0;17,3;18,3;17,5;18,8;128,0;13,5;0,1;1,39E-1;-541,2;20,00;3,0;3,0;37,80;0,06;0,000;0,0;0,00;0,055
264;01.11.2023;15:49:56;00:04:23;250,0;17,3;18,3;17,5;18,8;129,5;13,8;0,1;1,38E-1;-541,2;20,00;3,0;3,0;37,80;0,06;0,000;0,0;0,01;0,054
265;01.11.2023;15:49:57;00:04:24;250,2;17,3;18,3;17,5;18,8;131,0;14,0;0,1;1,37E-1;-541,2;20,00;3,0;3,0;37,80;0,06;0,016;1,3;3,90;0,329
266;01.11.2023;15:49:58;00:04:25;250,1;17,3;18,3;17,5;19,0;131,7;14,1;0,1;1,37E-1;-541,2;20,00;3,0;3,0;37,80;0,06;0,031;1,3;3,89;0,333
267;01.11.2023;15:49:59;00:04:26;250,0;17,3;18,3;17,5;19,0;133,3;14,4;0,1;1,36E-1;-541,2;20,00;3,0;3,0;37,80;0,06;0,034;1,3;3,89;0,339
268;01.11.2023;15:50:00;00:04:27;250,0;17,5;18,3;17,5;19,1;134,7;14,6;0,1;1,35E-1;-541,2;20,00;3,0;2,9;37,80;0,06;0,020;1,4;3,93;0,342
269;01.11.2023;15:50:01;00:04:28;250,1;17,5;18,3;17,5;19,1;135,5;14,7;0,1;1,35E-1;-541,2;20,00;3,0;3,0;37,80;0,06;0,023;1,4;3,90;0,346
270;01.11.2023;15:50:02;00:04:29;250,0;18,3;18,3;17,5;19,1;136,9;14,9;0,1;1,34E-1;-541,2;20,00;3,0;2,9;37,80;0,06;0,014;1,4;3,94;0,347
271;01.11.2023;15:50:03;00:04:30;250,0;18,3;18,3;17,5;19,3;138,4;15,1;0,1;1,33E-1;-541,2;20,00;3,0;3,0;37,80;0,06;0,013;1,4;3,97;0,352
272;01.11.2023;15:50:04;00:04:31;250,0;18,3;18,3;17,5;19,3;139,1;15,2;0,1;1,33E-1;-541,2;20,00;3,0;3,0;37,80;0,06;0,010;1,4;3,95;0,352
273;01.11.2023;15:50:05;00:04:32;250,1;20,0;18,3;17,5;19,5;140,7;15,3;0,1;1,32E-1;-541,2;20,00;3,0;3,0;37,80;0,06;0,010;1,4;3,99;0,354
274;01.11.2023;15:50:06;00:04:33;250,1;20,0;18,4;17,5;19,5;141,4;15,4;0,1;1,32E-1;-541,2;20,00;3,0;3,0;37,80;0,06;0,010;1,4;4,00;0,357
275;01.11.2023;15:50:07;00:04:34;250,0;22,6;18,4;17,5;19,6;142,9;15,5;0,1;1,31E-1;-541,2;20,00;3,0;3,0;37,80;0,06;0,003;1,4;4,01;0,358
276;01.11.2023;15:50:08;00:04:35;250,1;25,8;18,5;17,6;19,7;144,3;15,5;0,1;1,31E-1;-541,2;20,00;3,0;3,1;37,80;0,06;-0,001;1,5;4,02;0,361
277;01.11.2023;15:50:09;00:04:36;250,0;25,8;18,5;17,6;19,7;145,1;15,5;0,1;1,31E-1;-541,2;20,00;3,0;3,0;37,80;0,06;0,002;1,4;3,97;0,361
278;01.11.2023;15:50:10;00:04:37;250,0;29,3;18,7;17,7;19,7;146,5;15,5;0,1;1,30E-1;-541,2;20,00;3,0;3,0;37,80;0,06;0,003;1,4;4,00;0,361
279;01.11.2023;15:50:11;00:04:38;250,0;29,3;18,7;17,7;19,7;148,1;15,7;0,1;1,30E-1;-541,2;20,00;3,0;3,0;37,80;0,06;0,003;1,4;3,98;0,363
280;01.11.2023;15:50:12;00:04:39;250,0;29,3;18,8;17,7;19,7;148,8;15,8;0,1;1,29E-1;-541,2;20,00;3,0;3,0;37,80;0,06;0,003;1,5;3,99;0,363
281;01.11.2023;15:50:13;00:04:40;250,0;32,9;18,8;17,8;19,8;150,3;15,7;0,1;1,29E-1;-541,2;20,00;3,0;3,0;37,80;0,06;0,002;1,5;4,00;0,366
282;01.11.2023;15:50:14;00:04:41;250,1;36,4;19,0;18,0;19,8;151,8;15,7;0,1;1,28E-1;-541,2;20,00;3,0;3,0;37,80;0,06;0,006;1,5;4,01;0,366
283;01.11.2023;15:50:15;00:04:42;250,0;36,4;19,0;18,0;19,8;152,5;15,8;0,1;1,28E-1;-541,2;20,00;3,0;3,0;37,80;0,06;0,003;1,5;4,01;0,366
284;01.11.2023;15:50:16;00:04:43;250,0;39,9;19,1;18,1;19,8;154,0;16,0;0,1;1,28E-1;-541,2;20,00;3,0;3,0;37,80;0,06;0,001;1,5;4,02;0,367
285;01.11.2023;15:50:17;00:04:44;250,2;39,9;19,1;18,1;19,9;155,5;15,9;0,1;1,27E-1;-541,2;20,00;3,0;3,1;37,80;0,06;0,003;1,5;4,02;0,369
286;01.11.2023;15:50:18;00:04:45;250,0;43,3;19,2;18,3;20,0;156,3;15,8;0,1;1,27E-1;-541,2;20,00;3,0;3,0;37,80;0,06;0,004;1,5;4,02;0,371
287;01.11.2023;15:50:19;00:04:46;250,2;43,3;19,4;18,5;20,0;157,7;16,0;0,1;1,26E-1;-541,2;20,00;3,0;3,0;37,80;0,06;-0,001;1,5;4,03;0,371
288;01.11.2023;15:50:20;00:04:47;250,3;43,3;19,4;18,5;20,0;158,5;16,1;0,1;1,26E-1;-541,2;20,00;3,0;3,0;37,80;0,06;-0,002;1,5;4,05;0,371
289;01.11.2023;15:50:21;00:04:48;250,3;46,7;19,4;18,5;20,0;159,9;16,0;0,1;1,26E-1;-541,2;20,00;3,0;3,0;37,80;0,06;-0,003;1,5;3,99;0,371
290;01.11.2023;15:50:22;00:04:49;250,1;46,7;19,5;18,8;20,0;161,4;16,3;0,1;1,25E-1;-541,2;20,00;3,0;3,0;37,80;0,06;-0,001;1,5;4,07;0,376
291;01.11.2023;15:50:23;00:04:50;250,1;50,2;19,5;18,8;20,0;162,1;16,1;0,1;1,25E-1;-541,2;20,00;3,0;3,1;37,80;0,06;-0,005;1,5;4,04;0,376
292;01.11.2023;15:50:24;00:04:51;250,2;53,7;19,7;19,0;20,0;163,7;16,3;0,1;1,25E-1;-541,2;20,00;3,0;2,9;37,80;0,06;-0,004;1,5;4,04;0,376
293;01.11.2023;15:50:25;00:04:52;250,2;53,7;19,7;19,0;20,1;165,1;16,2;0,1;1,24E-1;-541,2;20,00;3,0;3,0;37,80;0,06;-0,001;1,5;4,06;0,376
294;01.11.2023;15:50:26;00:04:53;250,1;57,0;19,8;19,3;20,1;165,9;16,1;0,1;1,24E-1;-541,2;20,00;3,0;3,0;37,80;0,06;-0,001;1,5;4,02;0,377
295;01.11.2023;15:50:27;00:04:54;250,1;57,0;19,8;19,3;20,1;167,3;16,3;0,1;1,24E-1;-541,2;20,00;3,0;3,0;37,80;0,06;-0,005;1,5;4,06;0,377
296;01.11.2023;15:50:28;00:04:55;250,0;60,4;20,0;19,5;20,1;168,8;16,3;0,1;1,23E-1;-541,2;20,00;3,0;3,0;37,80;0,06;-0,011;1,5;4,03;0,380
297;01.11.2023;15:50:29;00:04:56;250,1;60,4;20,0;19,5;20,1;169,5;16,3;0,1;1,23E-1;-541,2;20,00;3,0;3,0;37,80;0,06;-0,009;1,5;4,02;0,377
298;01.11.2023;15:50:30;00:04:57;250,2;63,4;20,1;19,7;20,1;171,1;16,3;0,1;1,23E-1;-541,2;20,00;3,0;3,0;37,80;0,06;-0,011;1,6;4,06;0,381
299;01.11.2023;15:50:31;00:04:58;250,2;63,4;20,1;19,7;20,1;171,8;16,4;0,1;1,23E-1;-541,2;20,00;3,0;3,0;37,80;0,06;-0,006;1,5;4,01;0,381
300;01.11.2023;15:50:32;00:04:59;250,0;63,4;20,3;20,0;20,1;173,3;16,6;0,1;1,22E-1;-541,2;20,00;3,0;2,9;37,80;0,06;-0,012;1,6;4,03;0,385
301;01.11.2023;15:50:33;00:05:00;250,0;66,3;20,3;20,0;20,1;174,8;16,6;0,1;1,22E-1;-541,2;20,00;3,0;3,0;37,80;0,06;-0,011;1,6;4,04;0,381
302;01.11.2023;15:50:34;00:05:01;250,3;69,2;20,4;20,2;20,1;175,5;16,6;0,1;1,22E-1;-541,2;20,00;3,0;3,0;37,79;0,06;-0,010;1,6;4,04;0,383
303;01.11.2023;15:50:35;00:05:02;250,0;69,2;20,4;20,2;20,1;177,0;16,7;0,1;1,21E-1;-541,2;20,00;3,0;2,9;37,80;0,06;-0,013;1,6;4,04;0,386
304;01.11.2023;15:50:36;00:05:03;250,1;72,1;20,5;20,5;20,2;178,5;16,8;0,1;1,21E-1;-541,1;20,00;3,0;3,0;37,80;0,06;-0,006;1,6;4,11;0,390
305;01.11.2023;15:50:37;00:05:04;250,1;72,1;20,5;20,5;20,2;179,3;16,8;0,1;1,21E-1;-541,2;20,00;3,0;3,0;37,80;0,06;-0,006;1,6;4,06;0,386
306;01.11.2023;15:50:38;00:05:05;250,0;74,9;20,7;20,7;20,2;180,7;16,8;0,1;1,20E-1;-541,2;20,00;3,0;3,0;37,80;0,06;-0,009;1,6;4,09;0,391
307;01.11.2023;15:50:39;00:05:06;250,0;74,9;20,8;20,9;20,2;182,2;17,0;0,1;1,20E-1;-541,2;20,00;3,0;3,0;37,80;0,05;-0,010;1,6;4,06;0,391
308;01.11.2023;15:50:40;00:05:07;250,0;77,6;20,8;20,9;20,2;182,9;16,9;0,1;1,20E-1;-541,2;20,00;3,0;3,0;37,80;0,06;-0,013;1,6;4,13;0,391
309;01.11.2023;15:50:41;00:05:08;250,1;77,6;20,8;20,9;20,2;184,4;17,1;0,1;1,20E-1;-541,2;20,00;3,0;3,0;37,80;0,05;-0,017;1,6;4,10;0,391
310;01.11.2023;15:50:42;00:05:09;250,0;77,6;21,0;21,2;20,2;186,0;17,3;0,1;1,19E-1;-541,2;20,00;3,0;3,1;37,80;0,06;-0,019;1,6;4,10;0,396
311;01.11.2023;15:50:43;00:05:10;250,0;80,5;21,0;21,2;20,2;186,7;17,2;0,1;1,19E-1;-541,2;20,00;3,0;3,0;37,80;0,05;-0,013;1,6;4,12;0,396
312;01.11.2023;15:50:44;00:05:11;250,0;83,3;21,1;21,4;20,2;188,1;17,4;0,1;1,19E-1;-541,2;20,00;3,0;3,1;37,80;0,06;-0,017;1,6;4,13;0,396
313;01.11.2023;15:50:45;00:05:12;250,1;83,3;21,1;21,4;20,3;188,9;17,3;0,1;1,19E-1;-541,2;20,00;3,0;2,9;37,80;0,05;-0,017;1,6;4,08;0,396
314;01.11.2023;15:50:46;00:05:13;250,1;86,1;21,2;21,7;20,3;190,3;17,3;0,1;1,18E-1;-541,2;20,00;3,0;3,0;37,80;0,06;-0,018;1,6;4,10;0,399
315;01.11.2023;15:50:47;00:05:14;250,0;86,1;21,4;21,7;20,3;191,8;17,5;0,1;1,18E-1;-541,2;20,00;3,0;3,1;37,80;0,05;-0,015;1,6;4,14;0,399
316;01.11.2023;15:50:48;00:05:15;250,1;86,1;21,4;21,7;20,3;192,6;17,6;0,1;1,18E-1;-541,2;20,00;3,0;3,0;37,80;0,05;-0,013;1,6;4,08;0,400
317;01.11.2023;15:50:49;00:05:16;250,0;88,9;21,4;21,9;20,3;194,1;17,6;0,1;1,18E-1;-541,2;20,00;3,0;3,0;37,79;0,05;-0,014;1,7;4,11;0,401
318;01.11.2023;15:50:50;00:05:17;250,0;91,4;21,5;22,1;20,3;195,6;17,6;0,1;1,17E-1;-541,2;20,00;3,0;3,0;37,80;0,05;-0,018;1,7;4,17;0,403
319;01.11.2023;15:50:51;00:05:18;250,0;91,4;21,5;22,1;20,3;196,3;17,7;0,1;1,17E-1;-541,2;20,00;3,0;3,0;37,79;0,05;-0,016;1,7;4,13;0,402
320;01.11.2023;15:50:52;00:05:19;250,1;91,4;21,7;22,3;20,3;197,8;17,9;0,1;1,17E-1;-541,2;20,00;3,0;2,9;37,80;0,05;-0,016;1,7;4,13;0,405
321;01.11.2023;15:50:53;00:05:20;250,1;94,0;21,7;22,3;20,3;199,2;17,9;0,1;1,16E-1;-541,2;20,00;3,0;3,0;37,79;0,05;-0,012;1,7;4,15;0,404
322;01.11.2023;15:50:54;00:05:21;250,2;96,5;21,8;22,5;20,3;200,1;17,9;0,1;1,16E-1;-541,2;20,00;3,0;3,0;37,79;0,05;-0,016;1,7;4,17;0,408
323;01.11.2023;15:50:55;00:05:22;250,0;96,5;21,9;22,5;20,4;201,5;18,0;0,1;1,16E-1;-541,2;20,00;3,0;3,0;37,80;0,05;-0,015;1,7;4,13;0,405
324;01.11.2023;15:50:56;00:05:23;250,0;99,1;21,9;22,7;20,4;203,0;18,1;0,1;1,16E-1;-541,2;20,00;3,0;3,0;37,79;0,05;-0,014;1,7;4,16;0,410
325;01.11.2023;15:50:57;00:05:24;250,1;99,1;21,9;22,7;20,4;203,7;18,1;0,1;1,16E-1;-541,2;20,00;3,0;3,0;37,79;0,05;-0,012;1,7;4,21;0,410
326;01.11.2023;15:50:58;00:05:25;250,1;101,6;22,1;22,9;20,4;205,2;18,2;0,1;1,15E-1;-541,2;20,00;3,0;3,0;37,79;0,05;-0,020;1,7;4,20;0,410
327;01.11.2023;15:50:59;00:05:26;250,0;101,6;22,1;22,9;20,4;205,9;18,2;0,1;1,15E-1;-541,2;20,00;3,0;2,9;37,79;0,05;-0,017;1,7;4,18;0,410
328;01.11.2023;15:51:00;00:05:27;250,0;101,6;22,2;22,9;20,4;207,4;18,5;0,1;1,15E-1;-541,2;20,00;3,0;3,0;37,79;0,05;-0,019;1,8;4,21;0,415
329;01.11.2023;15:51:01;00:05:28;250,0;103,9;22,2;23,1;20,3;208,9;18,5;0,1;1,14E-1;-541,2;20,00;3,0;3,0;37,79;0,05;-0,021;1,7;4,17;0,415
330;01.11.2023;15:51:02;00:05:29;250,2;103,8;22,2;23,0;20,3;209,7;18,6;0,1;1,14E-1;-541,2;20,00;3,0;3,0;37,79;0,05;-0,017;1,7;4,18;0,415
331;01.11.2023;15:51:03;00:05:30;250,2;106,4;22,2;23,2;20,3;211,1;18,6;0,1;1,14E-1;-541,2;20,00;3,0;3,0;37,79;0,05;-0,020;1,8;4,20;0,419
332;01.11.2023;15:51:04;00:05:31;250,1;108,8;22,4;23,4;20,3;212,6;18,7;0,1;1,13E-1;-541,2;20,00;3,0;3,0;37,79;0,05;-0,022;1,8;4,25;0,419
333;01.11.2023;15:51:05;00:05:32;250,0;108,8;22,4;23,4;20,3;213,3;18,7;0,1;1,13E-1;-541,2;20,00;3,0;3,0;37,79;0,05;-0,025;1,8;4,20;0,419
334;01.11.2023;15:51:06;00:05:33;250,2;108,8;22,5;23,6;20,3;214,8;19,0;0,1;1,13E-1;-541,2;20,00;3,0;3,0;37,79;0,05;-0,027;1,8;4,21;0,424
335;01.11.2023;15:51:07;00:05:34;250,0;111,3;22,5;23,6;20,4;216,4;19,0;0,1;1,12E-1;-541,2;20,00;3,0;3,0;37,79;0,05;-0,022;1,8;4,21;0,421
336;01.11.2023;15:51:08;00:05:35;250,3;111,3;22,6;23,6;20,4;217,1;19,1;0,1;1,12E-1;-541,2;20,00;3,0;3,1;37,79;0,05;-0,018;1,8;4,21;0,424
337;01.11.2023;15:51:09;00:05:36;250,0;113,8;22,6;23,7;20,4;218,6;19,1;0,1;1,12E-1;-541,2;20,00;3,0;3,0;37,79;0,05;-0,017;1,8;4,26;0,424
338;01.11.2023;15:51:10;00:05:37;250,1;113,8;22,8;23,9;20,4;219,3;19,2;0,1;1,12E-1;-541,2;20,00;3,0;3,0;37,79;0,05;-0,013;1,8;4,27;0,426
339;01.11.2023;15:51:11;00:05:38;250,2;116,0;22,8;23,9;20,4;220,8;19,2;0,1;1,12E-1;-541,2;20,00;3,0;3,0;37,79;0,05;-0,011;1,8;4,23;0,430
340;01.11.2023;15:51:12;00:05:39;250,2;118,3;22,9;24,1;20,4;222,2;19,5;0,1;1,11E-1;-541,2;20,00;3,0;3,0;37,79;0,05;-0,020;1,8;4,25;0,430
341;01.11.2023;15:51:13;00:05:40;250,1;118,3;22,9;24,1;20,4;223,1;19,4;0,1;1,11E-1;-541,2;20,00;3,0;2,9;37,79;0,05;-0,021;1,8;4,24;0,430
342;01.11.2023;15:51:14;00:05:41;250,1;120,5;23,0;24,2;20,4;224,5;19,4;0,1;1,11E-1;-541,2;20,00;3,0;3,0;37,79;0,05;-0,016;1,8;4,24;0,430
343;01.11.2023;15:51:15;00:05:42;250,1;120,5;23,2;24,2;20,5;226,0;19,6;0,1;1,10E-1;-541,2;20,00;3,0;3,0;37,79;0,05;-0,019;1,8;4,28;0,430
344;01.11.2023;15:51:16;00:05:43;250,2;120,5;23,2;24,2;20,5;226,7;19,7;0,1;1,10E-1;-541,2;20,00;3,0;3,0;37,79;0,04;-0,015;1,9;4,27;0,435
345;01.11.2023;15:51:17;00:05:44;250,0;122,7;23,2;24,4;20,5;228,2;19,8;0,1;1,10E-1;-541,2;20,00;3,0;3,0;37,79;0,05;-0,016;1,9;4,30;0,435
346;01.11.2023;15:51:18;00:05:45;250,1;124,9;23,3;24,6;20,5;229,6;19,8;0,1;1,10E-1;-541,2;20,00;3,0;3,0;37,79;0,04;-0,013;1,9;4,30;0,440
347;01.11.2023;15:51:19;00:05:46;250,1;124,9;23,3;24,6;20,5;230,5;19,9;0,1;1,09E-1;-541,2;20,00;3,0;3,0;37,79;0,04;-0,010;1,9;4,29;0,436
348;01.11.2023;15:51:20;00:05:47;250,1;127,2;23,4;24,7;20,5;231,9;20,2;0,1;1,09E-1;-541,2;20,00;3,0;3,0;37,78;0,05;-0,017;1,9;4,30;0,441
349;01.11.2023;15:51:21;00:05:48;250,1;127,2;23,4;24,7;20,6;233,4;20,2;0,1;1,09E-1;-541,2;20,00;3,0;3,0;37,79;0,04;-0,017;1,9;4,32;0,443
350;01.11.2023;15:51:22;00:05:49;250,3;127,2;23,6;24,8;20,6;234,1;20,3;0,1;1,09E-1;-541,2;20,00;3,0;3,0;37,78;0,05;-0,019;1,9;4,31;0,440
351;01.11.2023;15:51:23;00:05:50;250,1;129,6;23,6;24,9;20,5;235,6;20,3;0,1;1,09E-1;-541,2;20,00;3,0;3,0;37,79;0,04;-0,021;1,9;4,30;0,444
352;01.11.2023;15:51:24;00:05:51;250,3;129,6;23,6;24,9;20,5;236,3;20,4;0,1;1,08E-1;-541,2;20,00;3,0;3,0;37,78;0,04;-0,024;1,9;4,30;0,444
353;01.11.2023;15:51:25;00:05:52;250,0;132,0;23,7;25,1;20,5;237,9;20,4;0,1;1,08E-1;-541,2;20,00;3,0;3,0;37,78;0,04;-0,027;1,9;4,29;0,444
354;01.11.2023;15:51:26;00:05:53;250,2;132,0;23,9;25,2;20,5;239,4;20,7;0,1;1,08E-1;-541,2;20,00;3,0;3,0;37,79;0,04;-0,024;1,9;4,37;0,448
355;01.11.2023;15:51:27;00:05:54;250,0;134,3;23,9;25,2;20,5;240,1;20,6;0,1;1,08E-1;-541,2;20,00;3,0;3,0;37,78;0,04;-0,021;2,0;4,33;0,449
356;01.11.2023;15:51:28;00:05:55;250,0;134,3;24,0;25,4;20,5;241,6;20,8;0,1;1,07E-1;-541,2;20,00;3,0;3,0;37,79;0,04;-0,019;1,9;4,36;0,449
357;01.11.2023;15:51:29;00:05:56;250,1;136,7;24,0;25,4;20,5;243,0;20,8;0,1;1,07E-1;-541,2;20,00;3,0;3,0;37,78;0,04;-0,021;2,0;4,36;0,449
358;01.11.2023;15:51:30;00:05:57;250,3;138,9;24,2;25,5;20,5;243,7;20,8;0,1;1,07E-1;-541,2;20,00;3,0;2,9;37,79;0,04;-0,019;2,0;4,35;0,451
359;01.11.2023;15:51:31;00:05:58;250,2;138,9;24,3;25,5;20,5;245,3;21,0;0,1;1,06E-1;-541,2;20,00;3,0;2,9;37,78;0,04;-0,011;2,0;4,37;0,454
360;01.11.2023;15:51:32;00:05:59;250,1;141,0;24,3;25,7;20,5;246,8;21,0;0,1;1,06E-1;-541,2;20,00;3,0;3,0;37,78;0,04;-0,014;2,0;4,37;0,454
361;01.11.2023;15:51:33;00:06:00;250,1;141,0;24,3;25,7;20,5;247,5;21,1;0,1;1,06E-1;-541,2;20,00;3,0;3,0;37,78;0,04;-0,012;2,0;4,35;0,454
362;01.11.2023;15:51:34;00:06:01;250,0;143,2;24,4;25,8;20,5;249,0;21,2;0,1;1,06E-1;-541,2;20,00;3,0;2,9;37,78;0,04;-0,016;2,0;4,36;0,458
363;01.11.2023;15:51:35;00:06:02;250,0;143,2;24,6;25,8;20,5;250,4;21,4;0,1;1,05E-1;-541,1;20,00;3,0;3,0;37,78;0,04;-0,020;2,0;4,39;0,459
364;01.11.2023;15:51:36;00:06:03;250,1;143,2;24,6;25,8;20,5;251,2;21,5;0,1;1,05E-1;-541,2;20,00;3,0;3,0;37,78;0,04;-0,021;2,0;4,40;0,460
365;01.11.2023;15:51:37;00:06:04;250,0;145,4;24,6;26,0;20,6;252,7;21,5;0,1;1,05E-1;-541,2;20,00;3,0;2,9;37,78;0,04;-0,023;2,0;4,42;0,460
366;01.11.2023;15:51:38;00:06:05;250,1;147,6;24,7;26,1;20,6;253,5;21,6;0,1;1,05E-1;-541,2;20,00;3,0;3,0;37,78;0,03;-0,021;2,1;4,42;0,463
367;01.11.2023;15:51:39;00:06:06;250,1;147,6;24,7;26,1;20,6;254,9;21,7;0,1;1,04E-1;-541,2;20,00;3,0;3,0;37,78;0,04;-0,019;2,0;4,43;0,464
368;01.11.2023;15:51:40;00:06:07;250,0;149,8;24,8;26,3;20,6;256,4;21,9;0,1;1,04E-1;-541,2;20,00;3,0;3,0;37,78;0,04;-0,017;2,1;4,42;0,466
369;01.11.2023;15:51:41;00:06:08;250,1;149,8;24,8;26,3;20,7;257,1;21,8;0,1;1,04E-1;-541,2;20,00;3,0;3,0;37,78;0,04;-0,015;2,1;4,45;0,465
370;01.11.2023;15:51:42;00:06:09;250,1;149,7;24,8;26,2;20,6;258,6;22,0;0,1;1,03E-1;-541,2;20,00;3,0;3,0;37,78;0,04;-0,014;2,1;4,45;0,469
371;01.11.2023;15:51:43;00:06:10;250,1;152,1;24,9;26,4;20,7;260,2;22,1;0,1;1,03E-1;-541,2;20,00;3,0;3,1;37,78;0,04;-0,013;2,1;4,47;0,469
372;01.11.2023;15:51:44;00:06:11;250,0;152,1;24,9;26,4;20,7;260,9;22,2;0,1;1,03E-1;-541,2;20,00;3,0;3,0;37,78;0,04;-0,014;2,1;4,43;0,471
373;01.11.2023;15:51:45;00:06:12;250,1;154,5;25,1;26,5;20,7;262,4;22,2;0,1;1,03E-1;-541,2;20,00;3,0;3,0;37,78;0,03;-0,017;2,1;4,46;0,471
374;01.11.2023;15:51:46;00:06:13;250,1;154,5;25,2;26,5;20,7;263,8;22,4;0,1;1,02E-1;-541,2;20,00;3,0;3,1;37,78;0,04;-0,022;2,1;4,44;0,476
375;01.11.2023;15:51:47;00:06:14;250,0;156,8;25,2;26,7;20,7;264,5;22,4;0,1;1,02E-1;-541,2;20,00;3,0;3,0;37,78;0,03;-0,023;2,1;4,46;0,475
376;01.11.2023;15:51:48;00:06:15;250,0;156,8;25,3;26,8;20,7;266,0;22,6;0,1;1,02E-1;-541,2;20,00;3,0;3,0;37,78;0,04;-0,021;2,1;4,46;0,477
377;01.11.2023;15:51:49;00:06:16;250,1;159,1;25,3;26,8;20,7;266,7;22,5;0,1;1,02E-1;-541,2;20,00;3,0;3,0;37,78;0,03;-0,018;2,1;4,45;0,477
378;01.11.2023;15:51:50;00:06:17;250,3;159,1;25,5;26,8;20,7;268,3;22,7;0,1;1,02E-1;-541,2;20,00;3,0;3,0;37,78;0,03;-0,016;2,1;4,47;0,479
379;01.11.2023;15:51:51;00:06:18;250,1;161,2;25,5;27,0;20,8;269,8;22,8;0,1;1,01E-1;-541,2;20,00;3,0;2,9;37,77;0,04;-0,020;2,2;4,45;0,482
380;01.11.2023;15:51:52;00:06:19;250,0;161,2;25,5;27,0;20,8;270,5;22,9;0,1;1,01E-1;-541,2;20,00;3,0;3,1;37,78;0,03;-0,013;2,2;4,45;0,482
381;01.11.2023;15:51:53;00:06:20;250,1;163,3;25,6;27,1;20,8;272,0;22,9;0,1;1,01E-1;-541,2;20,00;3,0;3,0;37,77;0,04;-0,013;2,1;4,47;0,484
382;01.11.2023;15:51:54;00:06:21;250,2;163,3;25,7;27,2;20,8;273,4;23,1;0,1;1,00E-1;-541,2;20,00;3,0;3,0;37,78;0,03;-0,020;2,2;4,47;0,488
383;01.11.2023;15:51:55;00:06:22;250,0;165,5;25,7;27,2;20,8;274,2;23,1;0,1;1,00E-1;-541,2;20,00;3,0;3,0;37,77;0,03;-0,017;2,2;4,51;0,488
384;01.11.2023;15:51:56;00:06:23;250,4;165,5;25,9;27,4;20,8;275,7;23,3;0,1;1,00E-1;-541,2;20,00;3,0;3,0;37,77;0,03;-0,018;2,2;4,50;0,488
385;01.11.2023;15:51:57;00:06:24;250,0;167,6;25,9;27,4;20,8;277,2;23,3;0,1;9,98E-2;-541,2;20,00;3,0;3,0;37,78;0,03;-0,027;2,2;4,51;0,490
386;01.11.2023;15:51:58;00:06:25;250,1;169,7;26,0;27,5;20,8;277,9;23,4;0,1;9,96E-2;-541,2;20,00;3,0;3,0;37,77;0,03;-0,027;2,2;4,52;0,488
387;01.11.2023;15:51:59;00:06:26;250,1;169,7;26,0;27,5;20,8;279,4;23,5;0,1;9,93E-2;-541,2;20,00;3,0;3,1;37,78;0,03;-0,025;2,2;4,50;0,490
388;01.11.2023;15:52:00;00:06:27;250,3;171,8;26,1;27,6;20,9;280,9;23,6;0,1;9,91E-2;-541,2;20,00;3,0;3,0;37,78;0,03;-0,030;2,2;4,53;0,493
389;01.11.2023;15:52:01;00:06:28;250,2;171,8;26,1;27,6;20,9;281,6;23,7;0,1;9,89E-2;-541,2;20,00;3,0;3,0;37,77;0,03;-0,023;2,2;4,55;0,494
390;01.11.2023;15:52:02;00:06:29;250,0;171,8;26,1;27,6;20,9;283,2;23,9;0,1;9,86E-2;-541,2;20,00;3,0;3,0;37,77;0,03;-0,022;2,3;4,57;0,498
391;01.11.2023;15:52:03;00:06:30;250,0;174,1;26,3;27,8;20,9;283,9;23,9;0,1;9,85E-2;-541,2;20,00;3,0;3,0;37,77;0,03;-0,019;2,3;4,58;0,498
392;01.11.2023;15:52:04;00:06:31;250,1;174,1;26,4;27,8;20,9;285,4;24,0;0,1;9,82E-2;-541,2;20,00;3,0;2,9;37,77;0,03;-0,021;2,3;4,56;0,499
393;01.11.2023;15:52:05;00:06:32;250,3;176,3;26,4;27,9;20,9;286,8;24,1;0,1;9,80E-2;-541,2;20,00;3,0;3,0;37,78;0,03;-0,023;2,3;4,59;0,498
394;01.11.2023;15:52:06;00:06:33;250,1;176,3;26,6;27,9;20,9;287,5;24,2;0,1;9,79E-2;-541,2;20,00;3,0;3,0;37,77;0,03;-0,018;2,3;4,58;0,502
395;01.11.2023;15:52:07;00:06:34;250,1;178,6;26,6;28,1;20,9;289,0;24,2;0,1;9,76E-2;-541,2;20,00;3,0;2,9;37,77;0,03;-0,020;2,3;4,58;0,504
396;01.11.2023;15:52:08;00:06:35;250,2;180,8;26,7;28,2;21,0;290,6;24,4;0,1;9,73E-2;-541,2;20,00;3,0;2,9;37,77;0,03;-0,019;2,3;4,57;0,508
397;01.11.2023;15:52:09;00:06:36;250,0;180,8;26,7;28,2;21,0;291,3;24,4;0,1;9,71E-2;-541,2;20,00;3,0;3,0;37,77;0,03;-0,015;2,3;4,57;0,505
398;01.11.2023;15:52:10;00:06:37;250,1;180,8;26,8;28,4;21,0;292,8;24,6;0,1;9,69E-2;-541,2;20,00;3,0;3,0;37,77;0,03;-0,015;2,3;4,55;0,508
399;01.11.2023;15:52:11;00:06:38;250,2;183,0;26,8;28,4;21,0;294,2;24,6;0,1;9,66E-2;-541,2;20,00;3,0;3,0;37,77;0,03;-0,022;2,3;4,58;0,510
400;01.11.2023;15:52:12;00:06:39;250,0;183,0;26,8;28,4;21,0;295,0;24,8;0,1;9,65E-2;-541,2;20,00;3,0;3,0;37,77;0,03;-0,016;2,3;4,58;0,513
401;01.11.2023;15:52:13;00:06:40;250,1;185,1;27,0;28,5;21,0;296,4;24,8;0,1;9,63E-2;-541,2;20,00;3,0;3,0;37,77;0,03;-0,022;2,4;4,59;0,513
402;01.11.2023;15:52:14;00:06:41;250,2;185,1;27,1;28,6;21,0;298,0;25,0;0,1;9,60E-2;-541,2;20,00;3,0;3,0;37,77;0,03;-0,027;2,4;4,60;0,518
403;01.11.2023;15:52:15;00:06:42;250,1;187,2;27,1;28,6;21,0;298,7;25,0;0,1;9,59E-2;-541,2;20,00;3,0;3,0;37,77;0,02;-0,026;2,4;4,63;0,517
404;01.11.2023;15:52:16;00:06:43;250,0;189,3;27,2;28,8;21,0;300,2;25,2;0,1;9,57E-2;-541,2;20,00;3,0;3,0;37,77;0,03;-0,029;2,4;4,60;0,518
405;01.11.2023;15:52:17;00:06:44;250,0;189,3;27,2;28,8;21,0;300,9;25,1;0,1;9,55E-2;-541,2;20,00;3,0;2,9;37,77;0,02;-0,028;2,4;4,61;0,518
406;01.11.2023;15:52:18;00:06:45;250,0;191,5;27,3;28,9;21,0;302,4;25,2;0,1;9,53E-2;-541,2;20,00;3,0;2,9;37,77;0,03;-0,028;2,4;4,64;0,523
407;01.11.2023;15:52:19;00:06:46;250,1;191,5;27,5;28,9;21,0;304,0;25,4;0,1;9,51E-2;-541,2;20,00;3,0;3,0;37,77;0,03;-0,022;2,4;4,67;0,523
408;01.11.2023;15:52:20;00:06:47;250,0;191,5;27,5;28,9;21,0;304,7;25,5;0,1;9,49E-2;-541,2;20,00;3,0;3,0;37,77;0,02;-0,020;2,4;4,64;0,523
409;01.11.2023;15:52:21;00:06:48;250,1;193,6;27,5;29,1;21,0;306,2;25,6;0,1;9,47E-2;-541,2;20,00;3,0;2,9;37,76;0,03;-0,027;2,4;4,64;0,526
410;01.11.2023;15:52:22;00:06:49;250,2;193,6;27,5;29,0;21,0;307,6;25,8;0,1;9,45E-2;-541,2;20,00;3,0;3,0;37,77;0,02;-0,025;2,5;4,66;0,527
411;01.11.2023;15:52:23;00:06:50;250,1;195,8;27,6;29,2;21,1;308,4;25,7;0,1;9,43E-2;-541,2;20,00;3,0;3,1;37,76;0,02;-0,022;2,5;4,66;0,527
412;01.11.2023;15:52:24;00:06:51;250,0;195,8;27,7;29,3;21,1;309,8;25,9;0,1;9,41E-2;-541,2;20,00;3,0;3,0;37,77;0,02;-0,024;2,5;4,68;0,529
413;01.11.2023;15:52:25;00:06:52;250,1;198,2;27,7;29,3;21,1;311,4;26,0;0,1;9,39E-2;-541,2;20,00;3,0;2,9;37,77;0,02;-0,025;2,5;4,69;0,532
414;01.11.2023;15:52:26;00:06:53;250,0;198,2;27,7;29,3;21,1;312,1;26,1;0,1;9,37E-2;-541,2;20,00;3,0;3,0;37,76;0,02;-0,024;2,5;4,67;0,532
415;01.11.2023;15:52:27;00:06:54;250,1;200,6;27,9;29,5;21,0;313,6;26,1;0,1;9,36E-2;-541,2;20,00;3,0;3,0;37,77;0,02;-0,026;2,5;4,71;0,533
416;01.11.2023;15:52:28;00:06:55;250,0;200,6;27,9;29,5;21,0;314,3;26,2;0,1;9,35E-2;-541,2;20,00;3,0;2,9;37,76;0,02;-0,029;2,5;4,72;0,536
417;01.11.2023;15:52:29;00:06:56;250,1;203,0;28,0;29,6;21,0;315,8;26,2;0,1;9,32E-2;-541,2;20,00;3,0;3,0;37,76;0,02;-0,024;2,5;4,70;0,536
418;01.11.2023;15:52:30;00:06:57;250,0;203,0;28,2;29,6;21,1;317,2;26,5;0,1;9,30E-2;-541,2;20,00;3,0;3,0;37,76;0,02;-0,028;2,5;4,71;0,537
419;01.11.2023;15:52:31;00:06:58;250,1;205,2;28,2;29,8;21,1;318,0;26,4;0,1;9,29E-2;-541,2;20,00;3,0;3,0;37,76;0,02;-0,024;2,5;4,69;0,540
420;01.11.2023;15:52:32;00:06:59;250,0;205,2;28,3;29,9;21,1;319,5;26,6;0,1;9,26E-2;-541,2;20,00;3,0;3,0;37,76;0,02;-0,027;2,6;4,71;0,542
421;01.11.2023;15:52:33;00:07:00;250,2;207,4;28,3;29,9;21,2;321,0;26,7;0,1;9,24E-2;-541,2;20,00;3,0;3,0;37,76;0,02;-0,026;2,6;4,73;0,542
422;01.11.2023;15:52:34;00:07:01;250,2;207,4;28,5;30,0;21,2;321,7;26,8;0,1;9,23E-2;-541,2;20,00;3,0;2,9;37,76;0,01;-0,021;2,6;4,73;0,545
423;01.11.2023;15:52:35;00:07:02;250,1;209,5;28,5;30,0;21,2;323,2;26,8;0,1;9,21E-2;-541,2;20,00;3,0;2,9;37,76;0,02;-0,027;2,6;4,76;0,547
424;01.11.2023;15:52:36;00:07:03;250,1;211,7;28,6;30,2;21,3;324,7;27,0;0,1;9,19E-2;-541,2;20,00;3,0;2,9;37,76;0,02;-0,023;2,6;4,70;0,547
425;01.11.2023;15:52:37;00:07:04;250,2;211,7;28,6;30,2;21,3;325,4;27,0;0,1;9,18E-2;-541,2;20,00;3,0;3,0;37,76;0,02;-0,020;2,6;4,77;0,547
426;01.11.2023;15:52:38;00:07:05;250,3;211,7;28,7;30,3;21,3;327,0;27,2;0,1;9,16E-2;-541,2;20,00;3,0;2,9;37,76;0,02;-0,026;2,6;4,76;0,550
427;01.11.2023;15:52:39;00:07:06;250,1;213,9;28,7;30,3;21,3;328,4;27,3;0,1;9,14E-2;-541,2;20,00;3,0;2,9;37,76;0,01;-0,029;2,6;4,75;0,552
428;01.11.2023;15:52:40;00:07:07;250,0;213,9;28,7;30,3;21,3;329,2;27,4;0,1;9,13E-2;-541,2;20,00;3,0;3,0;37,76;0,02;-0,026;2,6;4,74;0,552
429;01.11.2023;15:52:41;00:07:08;250,1;216,1;28,9;30,5;21,3;330,6;27,4;0,1;9,12E-2;-541,2;20,00;3,0;3,0;37,76;0,01;-0,025;2,6;4,77;0,554
430;01.11.2023;15:52:42;00:07:09;250,0;216,1;28,9;30,5;21,3;331,3;27,5;0,1;9,11E-2;-541,2;20,00;3,0;3,0;37,76;0,02;-0,021;2,6;4,78;0,556
431;01.11.2023;15:52:43;00:07:10;250,2;218,5;29,0;30,6;21,3;332,8;27,6;0,1;9,10E-2;-541,2;20,00;3,0;3,1;37,76;0,01;-0,023;2,7;4,80;0,557
432;01.11.2023;15:52:44;00:07:11;250,0;220,9;29,1;30,8;21,3;334,4;27,8;0,1;9,08E-2;-541,2;20,00;3,0;3,0;37,76;0,01;-0,025;2,7;4,77;0,559
433;01.11.2023;15:52:45;00:07:12;250,1;220,9;29,1;30,8;21,3;335,1;27,7;0,1;9,07E-2;-541,2;20,00;3,0;2,9;37,75;0,01;-0,033;2,7;4,76;0,559
434;01.11.2023;15:52:46;00:07:13;250,3;220,9;29,1;30,8;21,3;336,6;27,9;0,1;9,06E-2;-541,2;20,00;3,0;3,0;37,76;0,01;-0,035;2,7;4,81;0,562
435;01.11.2023;15:52:47;00:07:14;250,2;223,3;29,3;30,9;21,3;338,0;28,0;0,1;9,05E-2;-541,2;20,00;3,0;3,0;37,75;0,01;-0,038;2,7;4,81;0,562
436;01.11.2023;15:52:48;00:07:15;250,2;223,3;29,3;30,9;21,3;338,8;28,1;0,1;9,03E-2;-541,2;20,00;3,0;3,0;37,76;0,01;-0,032;2,7;4,79;0,562
437;01.11.2023;15:52:49;00:07:16;250,3;225,6;29,4;31,0;21,3;340,2;28,1;0,1;9,01E-2;-541,2;20,00;3,0;2,9;37,75;0,01;-0,033;2,7;4,78;0,563
438;01.11.2023;15:52:50;00:07:17;250,0;225,6;29,6;31,0;21,3;341,8;28,4;0,1;9,00E-2;-541,2;20,00;3,0;3,0;37,75;0,01;-0,030;2,7;4,80;0,567
439;01.11.2023;15:52:51;00:07:18;250,0;227,8;29,6;31,2;21,3;342,5;28,3;0,1;8,99E-2;-541,2;20,00;3,0;3,0;37,75;0,01;-0,025;2,8;4,83;0,570
440;01.11.2023;15:52:52;00:07:19;250,0;227,8;29,7;31,3;21,3;344,0;28,5;0,1;8,97E-2;-541,2;20,00;3,0;3,0;37,75;0,01;-0,028;2,7;4,82;0,571
441;01.11.2023;15:52:53;00:07:20;250,0;230,1;29,7;31,3;21,3;345,5;28,5;0,1;8,95E-2;-541,2;20,00;3,0;3,0;37,75;0,01;-0,024;2,8;4,83;0,572
442;01.11.2023;15:52:54;00:07:21;250,2;230,1;29,9;31,5;21,3;346,2;28,7;0,1;8,95E-2;-541,2;20,00;3,0;3,0;37,75;0,01;-0,026;2,8;4,88;0,573
443;01.11.2023;15:52:55;00:07:22;250,2;232,3;29,9;31,5;21,5;347,6;28,7;0,1;8,94E-2;-541,2;20,00;3,0;3,0;37,75;0,01;-0,027;2,8;4,86;0,576
444;01.11.2023;15:52:56;00:07:23;250,0;232,3;29,9;31,5;21,5;348,5;28,8;0,1;8,92E-2;-541,2;20,00;3,0;3,0;37,75;0,00;-0,025;2,8;4,84;0,576
445;01.11.2023;15:52:57;00:07:24;250,1;234,5;30,0;31,6;21,5;350,0;28,9;0,1;8,90E-2;-541,2;20,00;3,0;3,0;37,75;0,01;-0,028;2,8;4,85;0,576
446;01.11.2023;15:52:58;00:07:25;250,1;236,7;30,2;31,8;21,5;351,4;28,9;0,1;8,89E-2;-541,2;20,00;3,0;3,0;37,75;0,01;-0,029;2,8;4,87;0,579
447;01.11.2023;15:52:59;00:07:26;250,0;236,7;30,2;31,8;21,5;352,2;29,0;0,1;8,88E-2;-541,2;20,00;3,0;2,9;37,75;0,01;-0,032;2,8;4,86;0,580
448;01.11.2023;15:53:00;00:07:27;250,0;236,7;30,3;31,8;21,5;353,6;29,3;0,1;8,86E-2;-541,2;20,00;3,0;3,0;37,75;0,00;-0,023;2,9;4,87;0,584
449;01.11.2023;15:53:01;00:07:28;250,0;239,0;30,3;31,9;21,5;355,1;29,3;0,1;8,85E-2;-541,2;20,00;3,0;3,0;37,75;0,01;-0,029;2,8;4,85;0,584
450;01.11.2023;15:53:02;00:07:29;250,1;239,0;30,3;32,0;21,6;355,9;29,4;0,1;8,84E-2;-541,2;20,00;3,0;2,9;37,75;0,01;-0,035;2,8;4,89;0,586
451;01.11.2023;15:53:03;00:07:30;250,7;241,4;30,5;32,1;21,6;357,4;29,4;0,1;8,82E-2;-541,2;20,00;3,0;3,0;37,75;0,00;-0,028;2,9;4,87;0,587
452;01.11.2023;15:53:04;00:07:31;251,7;243,8;30,7;32,3;21,6;358,8;29,6;0,1;8,80E-2;-541,2;20,00;3,0;3,0;37,75;0,01;-0,030;2,9;4,89;0,590
453;01.11.2023;15:53:05;00:07:32;252,3;243,8;30,7;32,3;21,6;359,6;29,6;0,1;8,80E-2;-541,2;20,00;3,0;3,0;37,75;0,00;-0,023;2,9;4,86;0,588
454;01.11.2023;15:53:06;00:07:33;254,3;243,8;30,8;32,3;21,6;361,0;29,8;0,1;8,78E-2;-541,2;20,00;3,0;2,9;37,74;0,00;-0,031;2,9;4,88;0,592
455;01.11.2023;15:53:07;00:07:34;254,8;246,3;30,8;32,4;21,6;361,8;29,8;0,1;8,77E-2;-541,2;20,00;3,0;3,0;37,75;0,00;-0,027;2,9;4,93;0,592
456;01.11.2023;15:53:08;00:07:35;256,1;246,3;30,8;32,4;21,6;363,2;29,9;0,1;8,76E-2;-541,2;20,00;3,0;3,0;37,74;0,00;-0,030;2,9;4,89;0,596
457;01.11.2023;15:53:09;00:07:36;258,5;248,7;31,0;32,6;21,6;364,8;30,0;0,1;8,73E-2;-541,2;20,00;3,0;3,1;37,74;0,00;-0,031;2,9;4,90;0,596
458;01.11.2023;15:53:10;00:07:37;259,6;248,7;31,0;32,6;21,6;365,5;30,1;0,1;8,73E-2;-541,2;20,00;3,0;3,0;37,74;0,00;-0,027;2,9;4,91;0,596
459;01.11.2023;15:53:11;00:07:38;260,9;251,1;31,1;32,7;21,5;367,0;30,1;0,1;8,72E-2;-541,2;20,00;3,0;3,0;37,74;0,00;-0,027;3,0;4,92;0,598
460;01.11.2023;15:53:12;00:07:39;261,8;253,4;31,2;32,8;21,5;368,5;30,3;0,1;8,70E-2;-541,2;20,00;3,0;3,0;37,75;0,00;-0,029;3,0;4,93;0,601
461;01.11.2023;15:53:13;00:07:40;262,5;253,4;31,2;32,8;21,5;369,2;30,3;0,1;8,69E-2;-541,2;20,00;3,0;3,0;37,74;0,00;-0,028;2,9;4,90;0,600
462;01.11.2023;15:53:14;00:07:41;264,4;253,4;31,4;32,8;21,6;370,6;30,5;0,1;8,67E-2;-541,2;20,00;3,0;3,0;37,74;0,00;-0,030;3,0;4,92;0,601
463;01.11.2023;15:53:15;00:07:42;266,5;255,8;31,4;32,9;21,6;372,2;30,5;0,1;8,66E-2;-541,2;20,00;3,0;3,0;37,74;0,00;-0,034;3,0;4,98;0,606
464;01.11.2023;15:53:16;00:07:43;266,8;255,8;31,4;32,9;21,6;373,0;30,6;0,1;8,65E-2;-541,2;20,00;3,0;3,0;37,74;0,00;-0,039;3,0;4,96;0,606
465;01.11.2023;15:53:17;00:07:44;268,5;258,1;31,5;33,1;21,6;374,4;30,7;0,1;8,63E-2;-541,2;20,00;3,0;3,0;37,74;-0,01;-0,035;3,0;4,96;0,606
466;01.11.2023;15:53:18;00:07:45;270,1;258,1;31,7;33,1;21,6;375,9;30,9;0,1;8,61E-2;-541,2;20,00;3,0;3,0;37,74;0,00;-0,034;3,0;4,97;0,611
467;01.11.2023;15:53:19;00:07:46;270,6;260,4;31,7;33,2;21,7;376,6;30,8;0,1;8,61E-2;-541,2;20,00;3,0;2,9;37,74;-0,01;-0,030;3,0;4,94;0,611
468;01.11.2023;15:53:20;00:07:47;272,1;260,4;31,8;33,5;21,7;378,1;31,1;0,1;8,59E-2;-541,2;20,00;3,0;3,0;37,74;0,00;-0,033;3,0;4,95;0,613
469;01.11.2023;15:53:21;00:07:48;273,4;262,7;31,8;33,5;21,8;378,8;31,0;0,1;8,58E-2;-541,2;20,00;3,0;3,0;37,74;-0,01;-0,027;3,0;4,94;0,611
470;01.11.2023;15:53:22;00:07:49;274,6;262,7;31,8;33,4;21,7;380,4;31,2;0,1;8,56E-2;-541,2;20,00;3,0;3,0;37,74;-0,01;-0,028;3,1;4,99;0,615
471;01.11.2023;15:53:23;00:07:50;276,7;265,1;31,9;33,6;21,7;381,8;31,2;0,1;8,55E-2;-541,2;20,00;3,0;2,9;37,73;0,00;-0,037;3,1;4,97;0,618
472;01.11.2023;15:53:24;00:07:51;277,1;265,1;31,9;33,6;21,7;382,6;31,4;0,1;8,54E-2;-541,2;20,00;3,0;3,0;37,74;-0,01;-0,033;3,1;4,99;0,616
473;01.11.2023;15:53:25;00:07:52;278,7;267,6;32,1;33,8;21,7;384,0;31,6;0,1;8,52E-2;-541,2;20,00;3,0;3,0;37,73;-0,01;-0,033;3,1;5,02;0,621
474;01.11.2023;15:53:26;00:07:53;280,1;267,6;32,1;33,8;21,8;385,5;31,6;0,1;8,51E-2;-541,2;20,00;3,0;3,0;37,74;-0,01;-0,032;3,1;4,99;0,623
475;01.11.2023;15:53:27;00:07:54;280,8;270,1;32,2;33,9;21,8;386,2;31,6;0,1;8,50E-2;-541,2;20,00;3,0;3,0;37,73;-0,01;-0,030;3,1;5,00;0,625
476;01.11.2023;15:53:28;00:07:55;282,5;270,1;32,4;34,1;21,8;387,8;31,8;0,1;8,49E-2;-541,2;20,00;3,0;3,0;37,73;-0,01;-0,036;3,1;4,98;0,625
477;01.11.2023;15:53:29;00:07:56;284,3;272,6;32,4;34,1;21,8;389,3;31,8;0,1;8,47E-2;-541,2;20,00;3,0;3,0;37,74;-0,01;-0,028;3,1;4,98;0,628
478;01.11.2023;15:53:30;00:07:57;284,9;272,6;32,4;34,1;21,8;390,0;31,9;0,1;8,46E-2;-541,2;20,00;3,0;3,0;37,73;-0,01;-0,029;3,1;5,00;0,625
479;01.11.2023;15:53:31;00:07:58;286,5;275,0;32,6;34,2;21,8;391,5;31,9;0,1;8,44E-2;-541,2;20,00;3,0;3,1;37,73;-0,01;-0,028;3,2;5,03;0,630
480;01.11.2023;15:53:32;00:07:59;287,9;277,3;32,7;34,4;21,8;392,9;32,0;0,1;8,43E-2;-541,2;20,00;3,0;3,0;37,73;-0,01;-0,031;3,2;5,02;0,630
481;01.11.2023;15:53:33;00:08:00;288,7;277,3;32,7;34,4;21,8;393,6;32,0;0,1;8,43E-2;-541,2;20,00;3,0;3,0;37,73;-0,01;-0,028;3,2;5,01;0,629
482;01.11.2023;15:53:34;00:08:01;290,4;277,3;32,9;34,4;21,9;395,2;32,3;0,1;8,40E-2;-541,2;20,00;3,0;3,0;37,73;-0,01;-0,025;3,2;5,02;0,635
483;01.11.2023;15:53:35;00:08:02;291,0;279,6;32,9;34,5;21,9;396,0;32,3;0,1;8,39E-2;-541,2;20,00;3,0;3,0;37,73;-0,01;-0,029;3,2;5,07;0,635
484;01.11.2023;15:53:36;00:08:03;292,8;279,6;32,9;34,5;21,9;397,4;32,4;0,1;8,38E-2;-541,2;20,00;3,0;2,9;37,73;-0,01;-0,024;3,2;5,02;0,636
485;01.11.2023;15:53:37;00:08:04;294,1;282,0;33,0;34,7;22,0;398,9;32,5;0,1;8,37E-2;-541,2;20,00;3,0;2,9;37,73;-0,01;-0,031;3,2;5,04;0,636
486;01.11.2023;15:53:38;00:08:05;295,2;282,0;33,2;34,8;22,0;399,6;32,6;0,1;8,36E-2;-541,2;20,00;3,0;3,0;37,73;-0,02;-0,026;3,2;5,06;0,639
487;01.11.2023;15:53:39;00:08:06;296,5;284,3;33,2;34,8;22,0;401,1;32,6;0,1;8,35E-2;-541,2;20,00;3,0;3,0;37,73;-0,01;-0,030;3,2;5,07;0,640
488;01.11.2023;15:53:40;00:08:07;298,2;286,7;33,3;35,0;22,0;402,6;32,9;0,1;8,33E-2;-541,2;20,00;3,0;3,0;37,73;-0,01;-0,035;3,3;5,11;0,644
489;01.11.2023;15:53:41;00:08:08;299,0;286,7;33,3;35,0;22,0;403,4;32,8;0,1;8,32E-2;-541,2;20,00;3,0;3,1;37,73;-0,02;-0,034;3,3;5,07;0,644
490;01.11.2023;15:53:42;00:08:09;300,4;286,6;33,2;34,9;22,0;404,8;33,0;0,1;8,31E-2;-541,2;20,00;3,0;3,1;37,72;-0,02;-0,042;3,3;5,08;0,645
491;01.11.2023;15:53:43;00:08:10;302,3;289,2;33,4;35,1;22,0;406,3;33,0;0,1;8,30E-2;-541,2;20,00;3,0;3,0;37,73;-0,02;-0,037;3,3;5,07;0,648
492;01.11.2023;15:53:44;00:08:11;303,1;289,2;33,4;35,1;22,0;407,0;33,1;0,1;8,29E-2;-541,2;20,00;3,0;3,0;37,73;-0,02;-0,034;3,3;5,09;0,650
493;01.11.2023;15:53:45;00:08:12;304,9;291,7;33,5;35,2;22,0;408,5;33,4;0,1;8,27E-2;-541,2;20,00;3,0;3,1;37,72;-0,02;-0,031;3,3;5,12;0,650
494;01.11.2023;15:53:46;00:08:13;305,3;291,7;33,5;35,2;21,9;409,3;33,3;0,1;8,27E-2;-541,2;20,00;3,0;3,0;37,72;-0,02;-0,033;3,3;5,10;0,650
495;01.11.2023;15:53:47;00:08:14;306,8;294,3;33,7;35,4;21,9;410,8;33,3;0,1;8,26E-2;-541,2;20,00;3,0;3,0;37,73;-0,02;-0,029;3,3;5,09;0,654
496;01.11.2023;15:53:48;00:08:15;309,0;294,3;33,8;35,6;21,9;412,3;33,5;0,1;8,24E-2;-541,2;20,00;3,0;3,0;37,72;-0,02;-0,035;3,3;5,12;0,654
497;01.11.2023;15:53:49;00:08:16;309,8;296,9;33,8;35,6;21,9;413,0;33,4;0,1;8,23E-2;-541,2;20,00;3,0;3,0;37,72;-0,02;-0,030;3,3;5,09;0,658
498;01.11.2023;15:53:50;00:08:17;311,0;296,9;34,0;35,6;21,9;414,4;33,6;0,1;8,21E-2;-541,2;20,00;3,0;3,0;37,72;-0,02;-0,031;3,4;5,13;0,658
499;01.11.2023;15:53:51;00:08:18;312,4;299,3;34,0;35,7;21,9;415,9;33,7;0,1;8,21E-2;-541,2;20,00;3,0;3,0;37,72;-0,02;-0,037;3,4;5,14;0,661
500;01.11.2023;15:53:52;00:08:19;313,5;299,3;34,0;35,7;21,9;416,8;33,8;0,1;8,20E-2;-541,2;20,00;3,0;3,0;37,72;-0,03;-0,032;3,4;5,12;0,659
501;01.11.2023;15:53:53;00:08:20;315,2;301,7;34,1;35,9;21,9;418,2;33,8;0,1;8,19E-2;-541,2;20,00;3,0;2,9;37,72;-0,02;-0,042;3,4;5,09;0,662
502;01.11.2023;15:53:54;00:08:21;316,7;301,7;34,3;35,9;22,0;419,7;34,1;0,1;8,17E-2;-541,2;20,00;3,0;2,9;37,72;-0,03;-0,041;3,4;5,13;0,666
503;01.11.2023;15:53:55;00:08:22;317,3;304,1;34,3;36,1;22,0;420,4;34,0;0,1;8,16E-2;-541,2;20,00;3,0;3,0;37,72;-0,02;-0,038;3,4;5,18;0,665
504;01.11.2023;15:53:56;00:08:23;318,9;304,1;34,4;36,1;22,0;421,9;34,2;0,1;8,15E-2;-541,2;20,00;3,0;3,0;37,72;-0,03;-0,038;3,4;5,15;0,665
505;01.11.2023;15:53:57;00:08:24;320,7;306,6;34,4;36,2;22,1;423,4;34,2;0,1;8,14E-2;-541,2;20,00;3,0;3,0;37,72;-0,03;-0,036;3,5;5,16;0,670
506;01.11.2023;15:53:58;00:08:25;321,3;306,6;34,4;36,2;22,1;424,2;34,3;0,1;8,13E-2;-541,2;20,00;3,0;3,0;37,72;-0,02;-0,035;3,5;5,15;0,669
507;01.11.2023;15:53:59;00:08:26;322,9;309,1;34,6;36,4;22,1;425,6;34,4;0,1;8,11E-2;-541,2;20,00;3,0;3,0;37,72;-0,03;-0,036;3,5;5,18;0,672
508;01.11.2023;15:54:00;00:08:27;323,9;309,1;34,6;36,4;22,1;426,4;34,5;0,1;8,11E-2;-541,2;20,00;3,0;3,0;37,71;-0,03;-0,040;3,5;5,14;0,670
509;01.11.2023;15:54:01;00:08:28;325,1;311,6;34,8;36,5;22,1;427,8;34,5;0,1;8,10E-2;-541,2;20,00;3,0;3,0;37,72;-0,03;-0,033;3,5;5,17;0,674
510;01.11.2023;15:54:02;00:08:29;326,9;311,7;34,8;36,6;22,2;429,3;34,7;0,1;8,09E-2;-541,2;20,00;3,0;3,0;37,71;-0,03;-0,037;3,5;5,17;0,675
511;01.11.2023;15:54:03;00:08:30;327,6;314,3;35,0;36,8;22,2;430,0;34,7;0,1;8,08E-2;-541,2;20,00;3,0;3,0;37,72;-0,03;-0,034;3,5;5,19;0,677
512;01.11.2023;15:54:04;00:08:31;329,2;314,3;35,1;36,8;22,2;431,6;34,8;0,1;8,06E-2;-541,2;20,00;3,0;3,0;37,72;-0,03;-0,034;3,5;5,17;0,679
513;01.11.2023;15:54:05;00:08:32;331,0;317,0;35,1;36,9;22,1;433,1;34,9;0,1;8,05E-2;-541,2;20,00;3,0;2,9;37,71;-0,03;-0,042;3,5;5,20;0,679
514;01.11.2023;15:54:06;00:08:33;331,9;317,0;35,1;36,9;22,1;433,8;35,0;0,1;8,04E-2;-541,2;20,00;3,0;3,0;37,71;-0,03;-0,039;3,5;5,19;0,679
515;01.11.2023;15:54:07;00:08:34;333,1;319,6;35,3;37,1;22,2;435,3;35,0;0,1;8,03E-2;-541,2;20,00;3,0;3,0;37,71;-0,03;-0,045;3,6;5,20;0,684
516;01.11.2023;15:54:08;00:08:35;334,8;319,6;35,5;37,2;22,2;436,7;35,2;0,1;8,02E-2;-541,2;20,00;3,0;3,0;37,71;-0,03;-0,045;3,5;5,16;0,684
517;01.11.2023;15:54:09;00:08:36;335,3;319,6;35,5;37,2;22,2;437,4;35,3;0,1;8,02E-2;-541,2;20,00;3,0;3,0;37,71;-0,03;-0,046;3,6;5,21;0,684
518;01.11.2023;15:54:10;00:08:37;337,3;322,2;35,5;37,2;22,2;439,0;35,3;0,1;8,00E-2;-541,2;20,00;3,0;3,0;37,71;-0,03;-0,044;3,6;5,20;0,687
519;01.11.2023;15:54:11;00:08:38;338,9;324,6;35,6;37,4;22,2;440,5;35,3;0,1;7,98E-2;-541,2;20,00;3,0;3,0;37,71;-0,04;-0,044;3,6;5,22;0,686
520;01.11.2023;15:54:12;00:08:39;339,8;324,6;35,6;37,4;22,2;441,2;35,5;0,1;7,98E-2;-541,2;20,00;3,0;3,1;37,70;-0,03;-0,043;3,6;5,26;0,689
521;01.11.2023;15:54:13;00:08:40;341,4;327,1;35,8;37,6;22,3;442,7;35,6;0,1;7,97E-2;-541,2;20,00;3,0;3,1;37,71;-0,04;-0,045;3,6;5,22;0,689
522;01.11.2023;15:54:14;00:08:41;342,1;327,1;35,8;37,6;22,3;443,4;35,6;0,1;7,97E-2;-541,2;20,00;3,0;3,0;37,70;-0,03;-0,049;3,6;5,19;0,690
523;01.11.2023;15:54:15;00:08:42;343,6;329,5;35,9;37,8;22,3;444,9;35,6;0,1;7,96E-2;-541,2;20,00;3,0;3,1;37,71;-0,04;-0,042;3,6;5,25;0,694
524;01.11.2023;15:54:16;00:08:43;345,3;332,0;36,1;37,9;22,3;446,4;35,9;0,1;7,94E-2;-541,2;20,00;3,0;3,1;37,71;-0,04;-0,045;3,6;5,20;0,694
525;01.11.2023;15:54:17;00:08:44;346,0;332,0;36,1;37,9;22,3;447,2;35,8;0,1;7,93E-2;-541,2;20,00;3,0;3,0;37,70;-0,04;-0,047;3,6;5,23;0,694
526;01.11.2023;15:54:18;00:08:45;347,7;332,0;36,3;37,9;22,3;448,6;36,0;0,1;7,93E-2;-541,2;20,00;3,0;3,0;37,70;-0,04;-0,043;3,6;5,21;0,698
527;01.11.2023;15:54:19;00:08:46;349,4;334,5;36,3;38,0;22,3;450,1;36,0;0,1;7,92E-2;-541,2;20,00;3,0;3,0;37,70;-0,04;-0,049;3,6;5,23;0,698
528;01.11.2023;15:54:20;00:08:47;350,2;334,5;36,3;38,0;22,3;450,8;36,1;0,1;7,91E-2;-541,2;20,00;3,0;3,0;37,70;-0,05;-0,046;3,7;5,24;0,700
529;01.11.2023;15:54:21;00:08:48;351,8;336,9;36,4;38,2;22,3;452,3;36,1;0,1;7,90E-2;-541,2;20,00;3,0;3,0;37,70;-0,04;-0,051;3,7;5,23;0,703
530;01.11.2023;15:54:22;00:08:49;353,2;336,9;36,3;38,1;22,3;453,9;36,4;0,1;7,88E-2;-541,2;20,00;3,0;3,0;37,70;-0,04;-0,049;3,7;5,26;0,703
531;01.11.2023;15:54:23;00:08:50;354,4;339,5;36,5;38,3;22,3;454,6;36,3;0,1;7,88E-2;-541,2;20,00;3,0;3,0;37,70;-0,05;-0,042;3,7;5,25;0,705
532;01.11.2023;15:54:24;00:08:51;355,9;339,5;36,7;38,5;22,3;456,1;36,5;0,1;7,87E-2;-541,2;20,00;3,0;2,9;37,69;-0,04;-0,053;3,7;5,28;0,707
533;01.11.2023;15:54:25;00:08:52;356,6;339,5;36,7;38,5;22,3;456,8;36,6;0,1;7,86E-2;-541,2;20,00;3,0;3,0;37,70;-0,05;-0,046;3,7;5,25;0,708
534;01.11.2023;15:54:26;00:08:53;358,2;342,1;36,7;38,5;22,3;458,2;36,6;0,1;7,86E-2;-541,2;20,00;3,0;3,1;37,69;-0,04;-0,045;3,7;5,29;0,709
535;01.11.2023;15:54:27;00:08:54;359,7;344,8;36,8;38,6;22,4;459,7;36,6;0,1;7,85E-2;-541,2;20,00;3,0;3,0;37,70;-0,05;-0,052;3,8;5,25;0,711
536;01.11.2023;15:54:28;00:08:55;360,7;344,8;36,8;38,6;22,4;460,6;36,8;0,1;7,83E-2;-541,2;20,00;3,0;2,9;37,69;-0,05;-0,051;3,8;5,28;0,713
537;01.11.2023;15:54:29;00:08:56;362,4;347,4;37,0;38,8;22,4;462,0;37,0;0,1;7,82E-2;-541,2;20,00;3,0;3,0;37,69;-0,05;-0,054;3,8;5,29;0,716
538;01.11.2023;15:54:30;00:08:57;363,8;347,4;37,0;38,8;22,4;463,5;37,0;0,1;7,81E-2;-541,2;20,00;3,0;3,1;37,69;-0,05;-0,053;3,8;5,27;0,715
539;01.11.2023;15:54:31;00:08:58;364,8;350,0;37,2;39,0;22,4;464,2;36,9;0,1;7,81E-2;-541,2;20,00;3,0;3,0;37,69;-0,05;-0,056;3,8;5,30;0,718
540;01.11.2023;15:54:32;00:08:59;366,1;350,0;37,3;39,0;22,4;465,7;37,1;0,1;7,80E-2;-541,2;20,00;3,0;3,0;37,69;-0,06;-0,048;3,8;5,28;0,718
541;01.11.2023;15:54:33;00:09:00;367,8;352,4;37,3;39,2;22,4;467,1;37,1;0,1;7,79E-2;-541,2;20,00;3,0;3,0;37,69;-0,05;-0,048;3,8;5,29;0,718
542;01.11.2023;15:54:34;00:09:01;368,7;352,4;37,5;39,2;22,4;468,0;37,3;0,1;7,78E-2;-541,2;20,00;3,0;3,0;37,69;-0,05;-0,050;3,8;5,31;0,720
543;01.11.2023;15:54:35;00:09:02;370,8;354,9;37,5;39,3;22,5;469,4;37,3;0,1;7,77E-2;-541,2;20,00;3,0;3,0;37,69;-0,06;-0,043;3,8;5,32;0,723
544;01.11.2023;15:54:36;00:09:03;372,0;357,4;37,6;39,5;22,5;470,9;37,4;0,1;7,76E-2;-541,2;20,00;3,0;2,9;37,68;-0,06;-0,051;3,8;5,33;0,723
545;01.11.2023;15:54:37;00:09:04;373,0;357,4;37,6;39,5;22,5;471,6;37,4;0,1;7,75E-2;-541,2;20,00;3,0;3,0;37,69;-0,06;-0,049;3,8;5,33;0,723
546;01.11.2023;15:54:38;00:09:05;374,3;357,4;37,8;39,6;22,5;473,1;37,6;0,1;7,75E-2;-541,2;20,00;3,0;3,0;37,68;-0,06;-0,051;3,8;5,34;0,728
547;01.11.2023;15:54:39;00:09:06;375,2;359,9;37,8;39,6;22,5;473,8;37,7;0,1;7,74E-2;-541,2;20,00;3,0;3,1;37,69;-0,06;-0,046;3,9;5,34;0,729
548;01.11.2023;15:54:40;00:09:07;377,0;359,9;37,8;39,6;22,5;475,4;37,8;0,1;7,73E-2;-541,2;20,00;3,0;3,0;37,69;-0,06;-0,048;3,9;5,29;0,730
549;01.11.2023;15:54:41;00:09:08;378,8;362,5;37,9;39,8;22,5;476,9;37,8;0,1;7,71E-2;-541,2;20,00;3,0;2,9;37,68;-0,06;-0,055;3,9;5,33;0,731
550;01.11.2023;15:54:42;00:09:09;379,3;362,5;38,0;39,9;22,5;477,6;37,9;0,1;7,70E-2;-541,2;20,00;3,0;3,0;37,68;-0,06;-0,049;3,9;5,34;0,733
551;01.11.2023;15:54:43;00:09:10;381,1;365,3;38,1;40,0;22,6;479,1;37,9;0,1;7,70E-2;-541,2;20,00;3,0;3,0;37,68;-0,06;-0,055;3,9;5,36;0,733
552;01.11.2023;15:54:44;00:09:11;382,8;365,3;38,1;40,0;22,6;480,5;38,1;0,1;7,69E-2;-541,2;20,00;3,0;3,0;37,68;-0,06;-0,048;3,9;5,37;0,737
553;01.11.2023;15:54:45;00:09:12;383,3;365,3;38,1;40,0;22,6;481,2;38,2;0,1;7,69E-2;-541,2;20,00;3,0;3,0;37,68;-0,06;-0,052;4,0;5,39;0,737
554;01.11.2023;15:54:46;00:09:13;385,5;368,1;38,3;40,2;22,6;482,8;38,2;0,1;7,68E-2;-541,2;20,00;3,0;3,1;37,68;-0,06;-0,049;4,0;5,33;0,738
555;01.11.2023;15:54:47;00:09:14;386,9;370,9;38,5;40,4;22,6;484,3;38,2;0,1;7,67E-2;-541,2;20,00;3,0;3,1;37,68;-0,07;-0,047;4,0;5,35;0,742
556;01.11.2023;15:54:48;00:09:15;387,7;370,9;38,5;40,4;22,7;485,0;38,3;0,1;7,66E-2;-541,2;20,00;3,0;3,0;37,68;-0,06;-0,048;4,0;5,36;0,742
557;01.11.2023;15:54:49;00:09:16;389,3;373,7;38,6;40,5;22,7;486,5;38,5;0,1;7,65E-2;-541,2;20,00;3,0;3,1;37,68;-0,07;-0,047;4,0;5,39;0,744
558;01.11.2023;15:54:50;00:09:17;391,0;373,7;38,6;40,5;22,7;487,9;38,5;0,1;7,65E-2;-541,2;20,00;3,0;3,0;37,67;-0,07;-0,052;4,0;5,39;0,747
559;01.11.2023;15:54:51;00:09:18;392,1;376,2;38,8;40,7;22,7;488,7;38,5;0,1;7,65E-2;-541,2;20,00;3,0;3,0;37,68;-0,07;-0,048;4,0;5,38;0,747
560;01.11.2023;15:54:52;00:09:19;393,5;376,2;39,0;40,9;22,7;490,2;38,7;0,1;7,64E-2;-541,2;20,00;3,0;3,0;37,68;-0,07;-0,048;4,0;5,34;0,747
561;01.11.2023;15:54:53;00:09:20;394,5;376,2;39,0;40,9;22,7;491,0;38,8;0,1;7,63E-2;-541,2;20,00;3,0;3,0;37,67;-0,07;-0,052;4,0;5,34;0,747
562;01.11.2023;15:54:54;00:09:21;396,3;378,8;39,0;40,9;22,7;492,4;38,8;0,1;7,62E-2;-541,2;20,00;3,0;3,1;37,67;-0,07;-0,049;4,0;5,35;0,749
563;01.11.2023;15:54:55;00:09:22;397,7;381,4;39,1;41,0;22,7;493,9;38,8;0,1;7,61E-2;-541,2;20,00;3,0;3,0;37,67;-0,07;-0,053;4,1;5,37;0,752
564;01.11.2023;15:54:56;00:09:23;398,6;381,4;39,1;41,0;22,7;494,6;38,9;0,1;7,61E-2;-541,2;20,00;3,0;3,0;37,67;-0,08;-0,046;4,0;5,37;0,750
565;01.11.2023;15:54:57;00:09:24;400,0;383,9;39,3;41,2;22,7;496,1;38,9;0,1;7,60E-2;-541,2;20,00;3,0;3,0;37,67;-0,07;-0,050;4,0;5,39;0,752
566;01.11.2023;15:54:58;00:09:25;401,8;383,9;39,5;41,2;22,8;497,7;39,2;0,1;7,59E-2;-541,2;20,00;3,0;3,0;37,67;-0,07;-0,050;4,1;5,43;0,756
567;01.11.2023;15:54:59;00:09:26;402,4;386,5;39,5;41,4;22,8;498,4;39,1;0,1;7,59E-2;-541,2;20,00;3,0;2,9;37,67;-0,08;-0,048;4,1;5,41;0,757
568;01.11.2023;15:55:00;00:09:27;404,0;386,5;39,6;41,4;22,8;499,9;39,3;0,1;7,58E-2;-541,2;20,00;3,0;3,0;37,67;-0,07;-0,048;4,1;5,38;0,758
569;01.11.2023;15:55:01;00:09:28;406,0;389,1;39,6;41,5;22,8;501,3;39,3;0,1;7,57E-2;-541,2;20,00;3,0;3,0;37,67;-0,08;-0,053;4,1;5,44;0,759
570;01.11.2023;15:55:02;00:09:29;406,7;389,0;39,6;41,5;22,8;502,0;39,4;0,1;7,57E-2;-541,2;20,00;3,0;3,0;37,66;-0,08;-0,054;4,1;5,40;0,762
571;01.11.2023;15:55:03;00:09:30;408,4;391,8;39,7;41,7;22,8;503,5;39,4;0,1;7,56E-2;-541,2;20,00;3,0;3,0;37,67;-0,08;-0,051;4,1;5,38;0,762
572;01.11.2023;15:55:04;00:09:31;409,3;391,8;39,7;41,7;22,8;504,2;39,5;0,1;7,55E-2;-541,2;20,00;3,0;3,0;37,66;-0,08;-0,058;4,1;5,42;0,762
573;01.11.2023;15:55:05;00:09:32;410,7;391,8;39,9;41,8;22,8;505,8;39,7;0,1;7,55E-2;-541,2;20,00;3,0;3,0;37,66;-0,08;-0,056;4,2;5,43;0,767
574;01.11.2023;15:55:06;00:09:33;412,3;394,5;39,9;41,8;22,8;507,3;39,7;0,1;7,54E-2;-541,2;20,00;3,0;3,0;37,66;-0,09;-0,044;4,2;5,41;0,767
575;01.11.2023;15:55:07;00:09:34;413,3;397,3;40,1;42,0;22,8;508,0;39,7;0,1;7,54E-2;-541,2;20,00;3,0;3,1;37,66;-0,08;-0,052;4,2;5,44;0,767
576;01.11.2023;15:55:08;00:09:35;414,8;397,3;40,1;42,0;22,8;509,5;39,8;0,1;7,53E-2;-541,2;20,00;3,0;3,0;37,66;-0,09;-0,050;4,2;5,39;0,767
577;01.11.2023;15:55:09;00:09:36;416,4;400,0;40,2;42,2;22,9;510,9;39,9;0,1;7,51E-2;-541,2;20,00;3,0;3,0;37,66;-0,08;-0,055;4,2;5,45;0,773
578;01.11.2023;15:55:10;00:09:37;417,4;400,0;40,2;42,2;22,9;511,7;39,9;0,1;7,51E-2;-541,2;20,00;3,0;3,0;37,66;-0,09;-0,054;4,2;5,46;0,772
579;01.11.2023;15:55:11;00:09:38;419,0;402,6;40,4;42,3;22,9;513,2;40,0;0,1;7,50E-2;-541,2;20,00;3,0;3,0;37,66;-0,09;-0,052;4,2;5,47;0,775
580;01.11.2023;15:55:12;00:09:39;420,4;402,6;40,6;42,5;22,9;514,7;40,2;0,1;7,50E-2;-541,2;20,00;3,0;3,0;37,65;-0,08;-0,063;4,3;5,48;0,776
581;01.11.2023;15:55:13;00:09:40;421,5;402,6;40,6;42,5;22,9;515,4;40,3;0,1;7,50E-2;-541,2;20,00;3,0;3,0;37,66;-0,09;-0,051;4,2;5,44;0,777
582;01.11.2023;15:55:14;00:09:41;423,2;405,2;40,6;42,5;22,9;516,9;40,3;0,1;7,49E-2;-541,2;20,00;3,0;3,0;37,65;-0,09;-0,056;4,3;5,47;0,778
583;01.11.2023;15:55:15;00:09:42;424,9;407,8;40,7;42,7;23,0;518,4;40,3;0,1;7,48E-2;-541,2;20,00;3,0;3,0;37,66;-0,09;-0,058;4,3;5,46;0,777
584;01.11.2023;15:55:16;00:09:43;425,7;407,8;40,7;42,7;23,0;519,1;40,4;0,1;7,48E-2;-541,2;20,00;3,0;3,0;37,65;-0,09;-0,063;4,3;5,48;0,781
585;01.11.2023;15:55:17;00:09:44;427,4;410,3;40,9;42,8;23,0;520,7;40,4;0,1;7,47E-2;-541,2;20,00;3,0;3,0;37,65;-0,09;-0,060;4,3;5,48;0,781
586;01.11.2023;15:55:18;00:09:45;428,0;410,3;41,0;42,8;23,0;521,4;40,5;0,1;7,46E-2;-541,2;20,00;3,0;3,0;37,65;-0,09;-0,053;4,3;5,49;0,782
587;01.11.2023;15:55:19;00:09:46;429,9;412,9;41,0;43,0;23,0;522,9;40,6;0,1;7,46E-2;-541,2;20,00;3,0;3,0;37,65;-0,09;-0,060;4,3;5,46;0,786
588;01.11.2023;15:55:20;00:09:47;431,4;412,9;41,2;43,2;23,0;524,3;40,8;0,1;7,45E-2;-541,2;20,00;3,0;3,1;37,65;-0,10;-0,053;4,3;5,50;0,786
589;01.11.2023;15:55:21;00:09:48;432,0;415,5;41,2;43,2;23,0;525,0;40,7;0,1;7,45E-2;-541,2;20,00;3,0;3,1;37,65;-0,09;-0,059;4,3;5,51;0,786
590;01.11.2023;15:55:22;00:09:49;433,8;415,4;41,1;43,1;22,9;526,5;40,9;0,1;7,44E-2;-541,2;20,00;3,0;3,1;37,65;-0,10;-0,052;4,3;5,50;0,789
591;01.11.2023;15:55:23;00:09:50;435,8;418,2;41,3;43,3;22,9;528,0;40,9;0,1;7,43E-2;-541,2;20,00;3,0;2,9;37,64;-0,10;-0,059;4,4;5,52;0,791
592;01.11.2023;15:55:24;00:09:51;436,8;418,2;41,3;43,3;22,9;528,8;41,0;0,1;7,43E-2;-541,2;20,00;3,0;2,9;37,65;-0,10;-0,064;4,4;5,54;0,791
593;01.11.2023;15:55:25;00:09:52;438,3;420,9;41,5;43,5;22,9;530,3;41,2;0,1;7,42E-2;-541,2;20,00;3,0;3,0;37,65;-0,10;-0,056;4,4;5,51;0,795
594;01.11.2023;15:55:26;00:09:53;439,7;420,9;41,5;43,5;23,0;531,7;41,2;0,1;7,41E-2;-541,2;20,00;3,0;3,0;37,65;-0,10;-0,051;4,4;5,48;0,793
595;01.11.2023;15:55:27;00:09:54;440,7;423,7;41,6;43,6;23,0;532,5;41,1;0,1;7,41E-2;-541,2;20,00;3,0;3,0;37,64;-0,10;-0,058;4,4;5,51;0,796
596;01.11.2023;15:55:28;00:09:55;442,2;423,7;41,6;43,6;23,0;533,9;41,3;0,1;7,40E-2;-541,2;20,00;3,0;3,0;37,64;-0,10;-0,053;4,4;5,49;0,796
597;01.11.2023;15:55:29;00:09:56;443,9;426,6;41,8;43,8;23,0;535,4;41,3;0,1;7,40E-2;-541,2;20,00;3,0;3,0;37,64;-0,10;-0,051;4,4;5,53;0,801
598;01.11.2023;15:55:30;00:09:57;444,9;426,6;41,8;43,8;23,0;536,2;41,4;0,1;7,39E-2;-541,2;20,00;3,0;3,0;37,64;-0,10;-0,058;4,4;5,52;0,800
599;01.11.2023;15:55:31;00:09:58;446,6;429,3;42,0;44,0;23,0;537,7;41,4;0,1;7,38E-2;-541,2;20,00;3,0;3,0;37,64;-0,11;-0,053;4,4;5,53;0,801
600;01.11.2023;15:55:32;00:09:59;447,2;429,3;42,0;44,0;23,1;538,4;41,5;0,1;7,38E-2;-541,2;20,00;3,0;3,0;37,64;-0,10;-0,057;4,4;5,52;0,800
601;01.11.2023;15:55:33;00:10:00;449,0;429,3;42,1;44,1;23,1;539,9;41,7;0,1;7,37E-2;-541,2;20,00;3,0;3,0;37,64;-0,11;-0,047;4,4;5,54;0,804
602;01.11.2023;15:55:34;00:10:01;450,5;432,0;42,1;44,1;23,1;541,3;41,7;0,1;7,37E-2;-541,2;20,00;3,0;2,9;37,63;-0,11;-0,053;4,4;5,52;0,806
603;01.11.2023;15:55:35;00:10:02;451,4;434,6;42,3;44,3;23,1;542,1;41,7;0,1;7,36E-2;-541,2;20,00;3,0;3,0;37,64;-0,11;-0,050;4,5;5,58;0,806
604;01.11.2023;15:55:36;00:10:03;453,3;434,6;42,3;44,3;23,1;543,7;41,8;0,1;7,36E-2;-541,2;20,00;3,0;2,9;37,64;-0,11;-0,052;4,4;5,54;0,806
605;01.11.2023;15:55:37;00:10:04;454,7;437,3;42,5;44,5;23,1;545,1;42,0;0,1;7,36E-2;-541,2;20,00;3,0;3,0;37,63;-0,11;-0,058;4,5;5,53;0,809
606;01.11.2023;15:55:38;00:10:05;455,4;437,3;42,5;44,5;23,1;545,8;42,0;0,1;7,36E-2;-541,2;20,00;3,0;3,0;37,63;-0,11;-0,057;4,5;5,54;0,811
607;01.11.2023;15:55:39;00:10:06;457,3;439,9;42,6;44,6;23,1;547,3;42,0;0,1;7,35E-2;-541,2;20,00;3,0;3,0;37,63;-0,11;-0,064;4,5;5,56;0,811
608;01.11.2023;15:55:40;00:10:07;459,0;439,9;42,8;44,8;23,1;548,8;42,2;0,1;7,35E-2;-541,2;20,00;3,0;3,0;37,63;-0,11;-0,059;4,5;5,55;0,811
609;01.11.2023;15:55:41;00:10:08;459,5;439,9;42,8;44,8;23,1;549,5;42,3;0,1;7,35E-2;-541,2;20,00;3,0;3,0;37,63;-0,11;-0,057;4,6;5,57;0,816
610;01.11.2023;15:55:42;00:10:09;461,5;442,5;42,8;44,9;23,2;551,1;42,3;0,1;7,34E-2;-541,2;20,00;3,0;3,0;37,63;-0,11;-0,057;4,5;5,57;0,816
611;01.11.2023;15:55:43;00:10:10;462,2;442,5;43,0;45,0;23,2;551,8;42,4;0,1;7,34E-2;-541,2;20,00;3,0;3,0;37,63;-0,12;-0,052;4,6;5,60;0,817
612;01.11.2023;15:55:44;00:10:11;463,9;445,3;43,0;45,0;23,2;553,3;42,4;0,1;7,33E-2;-541,2;20,00;3,0;3,0;37,62;-0,11;-0,061;4,6;5,61;0,822
613;01.11.2023;15:55:45;00:10:12;465,7;448,1;43,2;45,2;23,2;554,7;42,6;0,1;7,33E-2;-541,2;20,00;3,0;3,0;37,63;-0,12;-0,057;4,6;5,59;0,821
614;01.11.2023;15:55:46;00:10:13;466,3;448,1;43,2;45,2;23,2;555,5;42,5;0,1;7,33E-2;-541,2;20,00;3,0;2,9;37,62;-0,12;-0,060;4,6;5,55;0,821
615;01.11.2023;15:55:47;00:10:14;467,9;450,8;43,4;45,4;23,2;556,9;42,5;0,1;7,32E-2;-541,2;20,00;3,0;3,0;37,63;-0,12;-0,054;4,6;5,59;0,823
616;01.11.2023;15:55:48;00:10:15;469,7;450,8;43,4;45,4;23,3;558,5;42,7;0,1;7,31E-2;-541,2;20,00;3,0;3,0;37,63;-0,12;-0,052;4,6;5,56;0,821
617;01.11.2023;15:55:49;00:10:16;470,4;450,8;43,4;45,4;23,3;559,2;42,8;0,1;7,31E-2;-541,2;20,00;3,0;3,0;37,62;-0,12;-0,058;4,6;5,60;0,825
618;01.11.2023;15:55:50;00:10:17;472,1;453,6;43,6;45,6;23,3;560,7;42,8;0,1;7,31E-2;-541,2;20,00;3,0;2,9;37,63;-0,13;-0,053;4,6;5,60;0,825
619;01.11.2023;15:55:51;00:10:18;473,6;456,2;43,7;45,7;23,3;562,1;42,8;0,1;7,31E-2;-541,2;20,00;3,0;3,0;37,62;-0,12;-0,054;4,7;5,60;0,828
620;01.11.2023;15:55:52;00:10:19;474,6;456,2;43,7;45,7;23,3;562,9;42,9;0,1;7,31E-2;-541,2;20,00;3,0;3,0;37,62;-0,13;-0,053;4,6;5,61;0,827
621;01.11.2023;15:55:53;00:10:20;476,0;456,2;43,9;45,9;23,3;564,3;43,1;0,1;7,30E-2;-541,2;20,00;3,0;3,0;37,61;-0,12;-0,053;4,7;5,56;0,830
622;01.11.2023;15:55:54;00:10:21;478,0;458,8;43,9;45,9;23,4;565,9;43,1;0,1;7,30E-2;-541,2;20,00;3,0;3,0;37,61;-0,12;-0,055;4,7;5,61;0,832
623;01.11.2023;15:55:55;00:10:22;478,7;461,4;44,0;46,1;23,4;566,6;43,1;0,1;7,30E-2;-541,2;20,00;3,0;3,0;37,62;-0,13;-0,058;4,7;5,63;0,835
624;01.11.2023;15:55:56;00:10:23;480,3;461,4;44,2;46,1;23,4;568,1;43,2;0,1;7,29E-2;-541,1;20,00;3,0;3,0;37,61;-0,13;-0,057;4,7;5,64;0,835
625;01.11.2023;15:55:57;00:10:24;481,3;461,4;44,2;46,2;23,4;568,8;43,3;0,1;7,29E-2;-541,2;20,00;3,0;3,0;37,62;-0,13;-0,054;4,7;5,59;0,835
626;01.11.2023;15:55:58;00:10:25;482,8;464,0;44,2;46,2;23,4;570,3;43,3;0,1;7,29E-2;-541,2;20,00;3,0;3,0;37,61;-0,13;-0,056;4,7;5,58;0,840
627;01.11.2023;15:55:59;00:10:26;484,2;466,6;44,4;46,4;23,4;571,8;43,4;0,1;7,28E-2;-541,2;20,00;3,0;3,0;37,62;-0,13;-0,057;4,7;5,62;0,840
628;01.11.2023;15:56:00;00:10:27;485,6;466,6;44,4;46,4;23,4;572,6;43,5;0,1;7,28E-2;-541,2;20,00;3,0;3,0;37,61;-0,13;-0,056;4,7;5,61;0,839
629;01.11.2023;15:56:01;00:10:28;487,0;469,2;44,5;46,6;23,4;574,1;43,5;0,1;7,27E-2;-541,2;20,00;3,0;3,0;37,61;-0,13;-0,056;4,7;5,64;0,839
630;01.11.2023;15:56:02;00:10:29;488,4;469,2;44,5;46,6;23,5;575,5;43,7;0,1;7,27E-2;-541,2;20,00;3,0;3,0;37,61;-0,13;-0,057;4,7;5,62;0,840
631;01.11.2023;15:56:03;00:10:30;489,2;469,2;44,7;46,7;23,5;576,3;43,8;0,1;7,26E-2;-541,2;20,00;3,0;3,0;37,61;-0,13;-0,059;4,7;5,61;0,844
632;01.11.2023;15:56:04;00:10:31;490,9;472,0;44,7;46,7;23,5;577,7;43,8;0,1;7,26E-2;-541,2;20,00;3,0;3,0;37,61;-0,14;-0,055;4,8;5,62;0,846
633;01.11.2023;15:56:05;00:10:32;492,4;474,7;44,9;46,9;23,5;579,2;43,9;0,1;7,26E-2;-541,2;20,00;3,0;3,0;37,60;-0,13;-0,063;4,8;5,65;0,846
634;01.11.2023;15:56:06;00:10:33;493,7;474,7;44,9;46,9;23,5;580,0;43,9;0,1;7,26E-2;-541,2;20,00;3,0;3,0;37,60;-0,13;-0,063;4,8;5,62;0,846
635;01.11.2023;15:56:07;00:10:34;495,2;477,5;45,0;47,1;23,5;581,5;43,9;0,1;7,26E-2;-541,2;20,00;3,0;2,9;37,61;-0,14;-0,064;4,8;5,67;0,850
636;01.11.2023;15:56:08;00:10:35;496,7;477,5;45,2;47,1;23,5;582,9;44,1;0,1;7,25E-2;-541,2;20,00;3,0;3,0;37,60;-0,14;-0,063;4,8;5,68;0,851
637;01.11.2023;15:56:09;00:10:36;497,5;477,5;45,2;47,1;23,5;583,7;44,2;0,1;7,25E-2;-541,2;20,00;3,0;3,0;37,60;-0,14;-0,058;4,8;5,65;0,854
638;01.11.2023;15:56:10;00:10:37;499,3;480,3;45,2;47,3;23,5;585,1;44,2;0,1;7,25E-2;-541,2;20,00;3,0;3,0;37,60;-0,14;-0,058;4,8;5,66;0,854
639;01.11.2023;15:56:11;00:10:38;499,8;482,9;45,4;47,4;23,5;585,9;44,3;0,1;7,25E-2;-541,2;20,00;3,0;3,0;37,60;-0,14;-0,055;4,8;5,67;0,854
640;01.11.2023;15:56:12;00:10:39;501,7;482,9;45,4;47,4;23,5;587,4;44,3;0,1;7,24E-2;-541,2;20,00;3,0;3,0;37,60;-0,15;-0,051;4,9;5,68;0,855
641;01.11.2023;15:56:13;00:10:40;503,4;485,5;45,5;47,6;23,6;588,9;44,4;0,1;7,24E-2;-541,2;20,00;3,0;3,1;37,60;-0,14;-0,059;4,9;5,66;0,860
642;01.11.2023;15:56:14;00:10:41;504,0;485,5;45,5;47,6;23,6;589,6;44,4;0,1;7,24E-2;-541,2;20,00;3,0;3,0;37,60;-0,15;-0,057;4,9;5,68;0,859
643;01.11.2023;15:56:15;00:10:42;505,8;488,2;45,7;47,8;23,6;591,1;44,4;0,1;7,24E-2;-541,2;20,00;3,0;3,0;37,60;-0,14;-0,062;4,9;5,65;0,860
644;01.11.2023;15:56:16;00:10:43;507,6;488,2;45,9;47,8;23,7;592,6;44,6;0,1;7,23E-2;-541,2;20,00;3,0;3,0;37,60;-0,15;-0,060;4,9;5,68;0,862
645;01.11.2023;15:56:17;00:10:44;508,2;488,2;45,9;47,8;23,7;593,3;44,7;0,1;7,23E-2;-541,2;20,00;3,0;3,0;37,59;-0,14;-0,063;4,9;5,70;0,860
646;01.11.2023;15:56:18;00:10:45;510,0;490,8;45,9;47,9;23,7;594,9;44,7;0,1;7,23E-2;-541,2;20,00;3,0;3,0;37,59;-0,15;-0,058;4,9;5,71;0,864
647;01.11.2023;15:56:19;00:10:46;511,6;493,5;46,1;48,1;23,7;596,3;44,7;0,1;7,23E-2;-541,2;20,00;3,0;3,0;37,60;-0,15;-0,061;4,9;5,66;0,864
648;01.11.2023;15:56:20;00:10:47;512,4;493,5;46,1;48,1;23,7;597,1;44,8;0,1;7,23E-2;-541,2;20,00;3,0;3,0;37,59;-0,15;-0,065;4,9;5,68;0,864
649;01.11.2023;15:56:21;00:10:48;514,2;496,2;46,2;48,3;23,7;598,5;45,0;0,1;7,22E-2;-541,2;20,00;3,0;2,9;37,59;-0,16;-0,057;4,9;5,71;0,868
650;01.11.2023;15:56:22;00:10:49;514,9;496,2;46,2;48,3;23,7;599,2;44,9;0,1;7,22E-2;-541,2;20,00;3,0;3,0;37,59;-0,15;-0,058;4,9;5,68;0,868
651;01.11.2023;15:56:23;00:10:50;516,5;496,3;46,5;48,4;23,8;600,7;45,1;0,1;7,22E-2;-541,2;20,00;3,0;3,0;37,59;-0,16;-0,051;4,9;5,70;0,869
652;01.11.2023;15:56:24;00:10:51;517,9;499,1;46,5;48,5;23,8;602,3;45,1;0,1;7,21E-2;-541,2;20,00;3,0;2,9;37,59;-0,16;-0,051;5,0;5,70;0,872
653;01.11.2023;15:56:25;00:10:52;518,9;499,1;46,5;48,5;23,8;603,0;45,2;0,1;7,22E-2;-541,2;20,00;3,0;3,0;37,59;-0,15;-0,055;5,0;5,71;0,872
654;01.11.2023;15:56:26;00:10:53;520,5;501,8;46,7;48,7;23,8;604,5;45,2;0,1;7,21E-2;-541,2;20,00;3,0;3,0;37,59;-0,16;-0,053;5,0;5,70;0,874
655;01.11.2023;15:56:27;00:10:54;522,1;501,8;46,8;48,9;23,8;605,9;45,4;0,1;7,21E-2;-541,2;20,00;3,0;3,0;37,58;-0,15;-0,061;5,0;5,71;0,877
656;01.11.2023;15:56:28;00:10:55;523,2;504,6;46,8;48,9;23,9;606,7;45,3;0,1;7,21E-2;-541,2;20,00;3,0;3,0;37,59;-0,16;-0,053;5,0;5,72;0,879
657;01.11.2023;15:56:29;00:10:56;524,7;504,6;47,0;49,1;23,9;608,1;45,5;0,1;7,21E-2;-541,2;20,00;3,0;3,0;37,58;-0,16;-0,054;5,0;5,70;0,879
658;01.11.2023;15:56:30;00:10:57;526,4;507,4;47,0;49,1;23,9;609,7;45,5;0,1;7,21E-2;-541,2;20,00;3,0;3,0;37,58;-0,16;-0,054;5,0;5,72;0,879
659;01.11.2023;15:56:31;00:10:58;527,3;507,4;47,2;49,2;23,9;610,4;45,6;0,1;7,21E-2;-541,2;20,00;3,0;3,0;37,58;-0,16;-0,047;5,1;5,72;0,879
660;01.11.2023;15:56:32;00:10:59;528,9;509,9;47,2;49,2;23,9;611,9;45,6;0,1;7,20E-2;-541,2;20,00;3,0;3,0;37,58;-0,16;-0,056;5,1;5,76;0,883
661;01.11.2023;15:56:33;00:11:00;530,3;512,5;47,4;49,4;23,9;613,4;45,6;0,1;7,20E-2;-541,2;20,00;3,0;3,1;37,58;-0,17;-0,054;5,1;5,72;0,884
662;01.11.2023;15:56:34;00:11:01;531,1;512,5;47,4;49,4;23,9;614,1;45,7;0,1;7,20E-2;-541,2;20,00;3,0;3,1;37,58;-0,16;-0,055;5,1;5,75;0,884
663;01.11.2023;15:56:35;00:11:02;533,0;515,1;47,5;49,6;23,9;615,6;45,7;0,1;7,20E-2;-541,2;20,00;3,0;2,9;37,58;-0,17;-0,055;5,1;5,75;0,886
664;01.11.2023;15:56:36;00:11:03;533,6;515,1;47,5;49,6;23,9;616,3;45,8;0,1;7,19E-2;-541,2;20,00;3,0;2,9;37,58;-0,16;-0,059;5,1;5,72;0,884
665;01.11.2023;15:56:37;00:11:04;535,5;515,1;47,7;49,6;23,9;617,9;46,0;0,1;7,19E-2;-541,2;20,00;3,0;3,0;37,58;-0,16;-0,064;5,1;5,79;0,889
666;01.11.2023;15:56:38;00:11:05;537,0;517,7;47,7;49,7;23,9;619,3;46,0;0,1;7,18E-2;-541,2;20,00;3,0;2,9;37,58;-0,17;-0,060;5,1;5,75;0,889
667;01.11.2023;15:56:39;00:11:06;537,8;520,2;47,8;49,9;23,9;620,1;46,1;0,1;7,18E-2;-541,2;20,00;3,0;3,0;37,57;-0,17;-0,058;5,1;5,75;0,889
668;01.11.2023;15:56:40;00:11:07;539,3;520,2;47,8;49,9;24,0;621,5;46,1;0,1;7,17E-2;-541,2;20,00;3,0;3,0;37,58;-0,17;-0,049;5,2;5,76;0,893
669;01.11.2023;15:56:41;00:11:08;541,0;522,8;48,0;50,1;24,0;623,0;46,4;0,1;7,17E-2;-541,2;20,00;3,0;3,0;37,57;-0,17;-0,050;5,1;5,74;0,896
670;01.11.2023;15:56:42;00:11:09;541,7;522,8;48,0;50,1;24,0;623,7;46,2;0,1;7,16E-2;-541,2;20,00;3,0;3,0;37,57;-0,17;-0,044;5,2;5,78;0,897
671;01.11.2023;15:56:43;00:11:10;543,4;522,8;48,1;50,0;24,0;625,3;46,5;0,1;7,16E-2;-541,2;20,00;3,0;3,1;37,57;-0,17;-0,044;5,2;5,77;0,899
672;01.11.2023;15:56:44;00:11:11;545,2;525,5;48,1;50,2;24,0;626,7;46,5;0,1;7,16E-2;-541,2;20,00;3,0;3,0;37,57;-0,17;-0,052;5,2;5,77;0,899
673;01.11.2023;15:56:45;00:11:12;545,9;525,5;48,1;50,2;24,0;627,5;46,6;0,1;7,15E-2;-541,2;20,00;3,0;3,0;37,57;-0,18;-0,044;5,2;5,80;0,899
674;01.11.2023;15:56:46;00:11:13;547,5;528,3;48,3;50,4;24,0;628,9;46,5;0,1;7,14E-2;-541,2;20,00;3,0;2,9;37,57;-0,17;-0,048;5,2;5,76;0,900
675;01.11.2023;15:56:47;00:11:14;548,8;528,3;48,5;50,6;24,0;630,4;46,8;0,1;7,13E-2;-541,2;20,00;3,0;2,9;37,57;-0,18;-0,052;5,2;5,81;0,904
676;01.11.2023;15:56:48;00:11:15;549,9;531,0;48,5;50,6;24,0;631,1;46,7;0,1;7,13E-2;-541,2;20,00;3,0;2,9;37,57;-0,17;-0,057;5,2;5,78;0,906
677;01.11.2023;15:56:49;00:11:16;551,6;533,8;48,7;50,7;24,0;632,7;46,9;0,1;7,12E-2;-541,2;20,00;3,0;2,9;37,56;-0,17;-0,054;5,2;5,77;0,905
678;01.11.2023;15:56:50;00:11:17;552,4;533,8;48,7;50,7;24,0;633,4;46,7;0,1;7,12E-2;-541,2;20,00;3,0;2,9;37,57;-0,18;-0,049;5,2;5,78;0,905
679;01.11.2023;15:56:51;00:11:18;554,0;536,4;48,9;50,9;24,0;634,9;46,8;0,1;7,11E-2;-541,2;20,00;3,0;3,0;37,56;-0,17;-0,050;5,3;5,82;0,908
680;01.11.2023;15:56:52;00:11:19;555,5;536,4;49,0;50,9;24,1;636,4;46,9;0,1;7,10E-2;-541,2;20,00;3,0;3,0;37,57;-0,18;-0,043;5,2;5,80;0,908
681;01.11.2023;15:56:53;00:11:20;556,4;536,4;49,0;50,9;24,1;637,1;47,0;0,1;7,10E-2;-541,2;20,00;3,0;3,1;37,56;-0,18;-0,045;5,3;5,77;0,909
682;01.11.2023;15:56:54;00:11:21;558,2;538,9;49,0;51,1;24,1;638,5;47,0;0,1;7,09E-2;-541,2;20,00;3,0;3,0;37,57;-0,18;-0,041;5,2;5,79;0,909
683;01.11.2023;15:56:55;00:11:22;559,8;541,5;49,2;51,3;24,1;640,1;47,0;0,1;7,07E-2;-541,2;20,00;3,0;3,0;37,57;-0,18;-0,040;5,3;5,84;0,913
684;01.11.2023;15:56:56;00:11:23;560,7;541,5;49,2;51,3;24,1;640,9;47,1;0,1;7,07E-2;-541,2;20,00;3,0;3,1;37,56;-0,18;-0,039;5,3;5,77;0,912
685;01.11.2023;15:56:57;00:11:24;562,2;541,5;49,4;51,4;24,1;642,3;47,4;0,1;7,06E-2;-541,2;20,00;3,0;3,0;37,56;-0,19;-0,041;5,3;5,84;0,913
686;01.11.2023;15:56:58;00:11:25;563,8;544,1;49,4;51,4;24,1;643,8;47,4;0,1;7,05E-2;-541,2;20,00;3,0;3,1;37,56;-0,18;-0,038;5,3;5,82;0,915
687;01.11.2023;15:56:59;00:11:26;564,6;546,6;49,5;51,6;24,2;644,5;47,3;0,1;7,05E-2;-541,1;20,00;3,0;3,0;37,56;-0,19;-0,033;5,4;5,85;0,917
688;01.11.2023;15:57:00;00:11:27;566,4;546,6;49,5;51,6;24,2;646,0;47,5;0,1;7,04E-2;-541,2;20,00;3,0;3,0;37,56;-0,18;-0,045;5,3;5,82;0,918
689;01.11.2023;15:57:01;00:11:28;567,2;546,6;49,7;51,6;24,2;646,8;47,6;0,1;7,03E-2;-541,2;20,00;3,0;2,9;37,56;-0,18;-0,043;5,3;5,81;0,918
690;01.11.2023;15:57:02;00:11:29;568,8;549,3;49,7;51,7;24,2;648,3;47,6;0,1;7,02E-2;-541,2;20,00;3,0;2,9;37,56;-0,19;-0,035;5,3;5,82;0,919
691;01.11.2023;15:57:03;00:11:30;570,2;549,2;49,7;51,7;24,1;649,7;47,8;0,1;7,01E-2;-541,2;20,00;3,0;3,0;37,56;-0,18;-0,034;5,4;5,82;0,926
692;01.11.2023;15:57:04;00:11:31;571,2;552,0;49,8;51,9;24,1;650,5;47,7;0,1;7,01E-2;-541,2;20,00;3,0;3,0;37,56;-0,19;-0,027;5,4;5,82;0,927
693;01.11.2023;15:57:05;00:11:32;572,7;552,0;50,0;51,9;24,1;651,9;47,9;0,1;7,00E-2;-541,2;20,00;3,0;3,0;37,56;-0,18;-0,028;5,4;5,84;0,926
694;01.11.2023;15:57:06;00:11:33;574,3;554,9;50,0;52,1;24,2;653,4;47,8;0,1;6,99E-2;-541,2;20,00;3,0;3,1;37,56;-0,19;-0,022;5,4;5,87;0,928
695;01.11.2023;15:57:07;00:11:34;575,2;554,9;50,2;52,1;24,2;654,2;48,0;0,1;6,98E-2;-541,2;20,00;3,0;3,1;37,56;-0,19;-0,025;5,4;5,83;0,928
696;01.11.2023;15:57:08;00:11:35;576,9;557,7;50,2;52,2;24,2;655,7;47,9;0,1;6,97E-2;-541,2;20,00;3,0;3,0;37,56;-0,18;-0,029;5,5;5,84;0,929
697;01.11.2023;15:57:09;00:11:36;578,5;560,4;50,4;52,4;24,2;657,2;48,0;0,1;6,97E-2;-541,2;20,00;3,0;3,0;37,55;-0,19;-0,021;5,5;5,83;0,932
698;01.11.2023;15:57:10;00:11:37;579,2;560,4;50,4;52,4;24,2;657,9;48,0;0,1;6,97E-2;-541,2;20,00;3,0;3,0;37,56;-0,19;-0,020;5,4;5,80;0,932
699;01.11.2023;15:57:11;00:11:38;580,7;560,4;50,6;52,4;24,2;659,4;48,2;0,1;6,96E-2;-541,2;20,00;3,0;3,0;37,55;-0,18;-0,013;5,5;5,84;0,935
700;01.11.2023;15:57:12;00:11:39;582,3;563,0;50,6;52,6;24,3;660,8;48,2;0,1;6,95E-2;-541,2;20,00;3,0;3,0;37,56;-0,19;-0,012;5,5;5,87;0,937
701;01.11.2023;15:57:13;00:11:40;583,1;563,0;50,7;52,6;24,3;661,7;48,3;0,1;6,94E-2;-541,2;20,00;3,0;3,1;37,56;-0,19;-0,005;5,5;5,86;0,935
702;01.11.2023;15:57:14;00:11:41;584,6;565,5;50,7;52,8;24,3;663,1;48,3;0,1;6,93E-2;-541,2;20,00;3,0;3,0;37,55;-0,18;-0,008;5,5;5,83;0,938
703;01.11.2023;15:57:15;00:11:42;585,7;565,5;50,9;52,9;24,3;663,9;48,4;0,1;6,92E-2;-541,2;20,00;3,0;3,0;37,56;-0,19;-0,004;5,5;5,88;0,938
704;01.11.2023;15:57:16;00:11:43;587,2;568,0;50,9;52,9;24,3;665,3;48,4;0,1;6,92E-2;-541,2;20,00;3,0;3,0;37,55;-0,18;-0,008;5,5;5,88;0,941
705;01.11.2023;15:57:17;00:11:44;588,6;570,6;51,1;53,1;24,3;666,8;48,6;0,1;6,91E-2;-541,2;20,00;3,0;3,1;37,56;-0,19;-0,003;5,6;5,91;0,943
706;01.11.2023;15:57:18;00:11:45;589,5;570,6;51,1;53,1;24,3;667,5;48,5;0,1;6,91E-2;-541,2;20,00;3,0;3,0;37,55;-0,18;-0,010;5,6;5,85;0,943
707;01.11.2023;15:57:19;00:11:46;591,3;573,1;51,2;53,3;24,3;669,1;48,6;0,1;6,89E-2;-541,1;20,00;3,0;3,0;37,55;-0,18;-0,004;5,6;5,90;0,946
708;01.11.2023;15:57:20;00:11:47;592,7;573,1;51,4;53,3;24,4;670,5;48,8;0,1;6,88E-2;-541,2;20,00;3,0;3,0;37,56;-0,19;0,001;5,6;5,90;0,946
709;01.11.2023;15:57:21;00:11:48;593,6;573,1;51,4;53,3;24,4;671,3;48,9;0,1;6,88E-2;-541,2;20,00;3,0;3,0;37,55;-0,18;-0,007;5,6;5,89;0,944
710;01.11.2023;15:57:22;00:11:49;595,0;575,6;51,4;53,4;24,4;672,7;48,9;0,1;6,87E-2;-541,2;20,00;3,0;2,9;37,56;-0,19;-0,001;5,5;5,86;0,947
711;01.11.2023;15:57:23;00:11:50;596,8;575,6;51,4;53,4;24,4;674,2;49,1;0,1;6,87E-2;-541,2;20,00;3,0;3,0;37,55;-0,19;-0,001;5,6;5,89;0,950
712;01.11.2023;15:57:24;00:11:51;597,4;578,3;51,6;53,6;24,4;674,9;49,0;0,1;6,86E-2;-541,2;20,00;3,0;3,0;37,56;-0,19;0,003;5,6;5,89;0,952
713;01.11.2023;15:57:25;00:11:52;599,2;581,0;51,8;53,8;24,4;676,5;49,2;0,1;6,86E-2;-541,2;20,00;3,0;3,0;37,56;-0,19;0,003;5,6;5,89;0,953
714;01.11.2023;15:57:26;00:11:53;600,4;581,0;51,8;53,8;24,4;678,0;49,2;0,1;6,85E-2;-541,2;20,00;3,0;2,9;37,55;-0,19;0,004;5,6;5,87;0,953
715;01.11.2023;15:57:27;00:11:54;601,6;581,0;51,9;53,8;24,4;678,7;49,3;0,1;6,84E-2;-541,2;20,00;3,0;3,0;37,56;-0,19;0,009;5,6;5,92;0,956
716;01.11.2023;15:57:28;00:11:55;603,0;583,6;51,9;53,9;24,4;680,2;49,2;0,1;6,83E-2;-541,2;20,00;3,0;3,0;37,55;-0,18;0,003;5,7;5,88;0,957
717;01.11.2023;15:57:29;00:11:56;603,8;583,6;51,9;53,9;24,4;680,9;49,3;0,1;6,83E-2;-541,2;20,00;3,0;2,9;37,56;-0,19;0,005;5,7;5,91;0,957
718;01.11.2023;15:57:30;00:11:57;605,4;586,3;52,1;54,1;24,5;682,3;49,3;0,1;6,82E-2;-541,2;20,00;3,0;3,0;37,55;-0,18;0,002;5,7;5,89;0,957
719;01.11.2023;15:57:31;00:11:58;607,2;586,3;52,3;54,3;24,5;683,9;49,6;0,1;6,82E-2;-541,2;20,00;3,0;3,0;37,55;-0,18;0,004;5,7;5,90;0,962
720;01.11.2023;15:57:32;00:11:59;607,8;588,8;52,3;54,3;24,5;684,7;49,5;0,1;6,82E-2;-541,2;20,00;3,0;2,9;37,56;-0,19;0,010;5,7;5,94;0,962
721;01.11.2023;15:57:33;00:12:00;609,5;588,8;52,4;54,3;24,5;686,1;49,7;0,1;6,81E-2;-541,2;20,00;3,0;3,0;37,55;-0,18;0,005;5,7;5,91;0,962
722;01.11.2023;15:57:34;00:12:01;611,3;591,3;52,4;54,4;24,5;687,6;49,7;0,1;6,80E-2;-541,2;20,00;3,0;3,0;37,56;-0,19;0,005;5,7;5,93;0,962
723;01.11.2023;15:57:35;00:12:02;612,0;593,8;52,6;54,6;24,5;688,3;49,8;0,1;6,79E-2;-541,2;20,00;3,0;2,9;37,56;-0,18;0,000;5,7;5,91;0,964
724;01.11.2023;15:57:36;00:12:03;613,3;593,8;52,6;54,6;24,5;689,8;49,8;0,1;6,78E-2;-541,2;20,00;3,0;3,0;37,56;-0,19;0,010;5,7;5,89;0,963
725;01.11.2023;15:57:37;00:12:04;615,5;596,3;52,7;54,7;24,6;691,4;49,9;0,1;6,78E-2;-541,2;20,00;3,0;3,0;37,56;-0,19;0,027;5,7;5,95;0,968
726;01.11.2023;15:57:38;00:12:05;616,0;596,3;52,7;54,7;24,6;692,1;49,9;0,1;6,78E-2;-541,2;20,00;3,0;3,0;37,56;-0,18;0,026;5,8;5,92;0,969
727;01.11.2023;15:57:39;00:12:06;617,7;598,8;52,9;54,9;24,6;693,5;49,9;0,1;6,77E-2;-541,2;20,00;3,0;3,0;37,56;-0,19;0,041;5,8;5,90;0,972
728;01.11.2023;15:57:40;00:12:07;618,5;598,8;52,9;54,9;24,6;694,3;50,0;0,1;6,77E-2;-541,2;20,00;3,0;3,0;37,56;-0,18;0,044;5,7;5,94;0,972
729;01.11.2023;15:57:41;00:12:08;620,2;598,8;53,0;54,9;24,6;695,7;50,2;0,1;6,77E-2;-541,2;20,00;3,0;2,9;37,57;-0,18;0,051;5,8;5,92;0,975
730;01.11.2023;15:57:42;00:12:09;621,6;601,2;53,0;55,1;24,6;697,2;50,2;0,1;6,76E-2;-541,2;20,00;3,0;3,0;37,56;-0,18;0,055;5,8;5,96;0,977
731;01.11.2023;15:57:43;00:12:10;622,3;601,2;53,2;55,0;24,6;697,9;50,3;0,1;6,76E-2;-541,2;20,00;3,0;3,0;37,57;-0,18;0,068;5,8;5,91;0,977
732;01.11.2023;15:57:44;00:12:11;624,3;603,9;53,2;55,2;24,6;699,5;50,3;0,1;6,75E-2;-541,2;20,00;3,0;3,0;37,57;-0,18;0,075;5,8;5,90;0,980
733;01.11.2023;15:57:45;00:12:12;625,9;606,6;53,3;55,4;24,6;701,0;50,5;0,1;6,74E-2;-541,2;20,00;3,0;3,0;37,57;-0,17;0,068;5,8;5,95;0,982
734;01.11.2023;15:57:46;00:12:13;626,6;606,6;53,3;55,4;24,6;701,7;50,4;0,1;6,74E-2;-541,2;20,00;3,0;3,0;37,57;-0,18;0,070;5,8;5,95;0,980
735;01.11.2023;15:57:47;00:12:14;628,4;606,6;53,3;55,4;24,6;703,2;50,6;0,1;6,73E-2;-541,2;20,00;3,0;3,1;37,57;-0,17;0,073;5,8;5,94;0,982
736;01.11.2023;15:57:48;00:12:15;630,1;609,3;53,5;55,6;24,7;704,6;50,6;0,1;6,73E-2;-541,1;20,00;3,0;3,0;37,58;-0,17;0,084;5,9;5,93;0,982
737;01.11.2023;15:57:49;00:12:16;630,6;609,3;53,5;55,6;24,7;705,3;50,7;0,1;6,73E-2;-541,2;20,00;3,0;3,0;37,57;-0,17;0,082;5,9;5,96;0,984
738;01.11.2023;15:57:50;00:12:17;632,6;612,1;53,7;55,7;24,7;706,9;50,8;0,1;6,72E-2;-541,2;20,00;3,0;3,0;37,57;-0,16;0,082;5,9;5,94;0,987
739;01.11.2023;15:57:51;00:12:18;634,0;612,1;53,7;55,7;24,7;708,4;50,9;0,1;6,72E-2;-541,2;20,00;3,0;3,0;37,58;-0,17;0,085;5,9;5,96;0,988
740;01.11.2023;15:57:52;00:12:19;634,9;614,7;53,8;55,9;24,7;709,1;50,8;0,1;6,72E-2;-541,2;20,00;3,0;3,0;37,58;-0,16;0,081;5,9;5,98;0,991
741;01.11.2023;15:57:53;00:12:20;636,6;614,7;54,0;56,1;24,7;710,6;51,0;0,1;6,72E-2;-541,2;20,00;3,0;2,9;37,59;-0,16;0,091;5,9;6,00;0,991
742;01.11.2023;15:57:54;00:12:21;637,4;617,3;54,0;56,1;24,7;711,3;50,8;0,1;6,71E-2;-541,2;20,00;3,0;3,0;37,58;-0,16;0,102;5,9;6,02;0,991
743;01.11.2023;15:57:55;00:12:22;638,8;617,3;54,1;56,1;24,7;712,8;51,0;0,1;6,71E-2;-541,2;20,00;3,0;3,0;37,59;-0,16;0,107;5,9;5,95;0,996
744;01.11.2023;15:57:56;00:12:23;640,7;619,8;54,1;56,2;24,8;714,3;51,1;0,1;6,70E-2;-541,2;20,00;3,0;2,9;37,59;-0,16;0,104;6,0;5,97;0,995
745;01.11.2023;15:57:57;00:12:24;641,6;619,8;54,1;56,2;24,8;715,1;51,2;0,1;6,70E-2;-541,2;20,00;3,0;3,1;37,59;-0,15;0,106;5,9;5,98;0,993
746;01.11.2023;15:57:58;00:12:25;643,2;622,4;54,3;56,4;24,8;716,5;51,2;0,1;6,69E-2;-541,2;20,00;3,0;3,0;37,59;-0,15;0,118;6,0;6,00;0,992
747;01.11.2023;15:57:59;00:12:26;644,9;622,4;54,4;56,5;24,8;718,0;51,4;0,1;6,69E-2;-541,2;20,00;3,0;3,0;37,59;-0,15;0,122;6,0;6,01;0,996
748;01.11.2023;15:58:00;00:12:27;645,6;624,9;54,4;56,5;24,9;718,7;51,3;0,1;6,69E-2;-541,2;20,00;3,0;3,0;37,60;-0,15;0,132;6,0;6,04;1,001
749;01.11.2023;15:58:01;00:12:28;647,1;624,9;54,6;56,5;24,9;720,2;51,5;0,1;6,68E-2;-541,2;20,00;3,0;3,0;37,60;-0,14;0,129;6,0;6,01;1,001
750;01.11.2023;15:58:02;00:12:29;649,0;627,4;54,6;56,6;24,9;721,8;51,5;0,1;6,68E-2;-541,2;20,00;3,0;2,9;37,60;-0,14;0,144;6,0;6,02;0,999
751;01.11.2023;15:58:03;00:12:30;649,7;627,4;54,6;56,7;24,9;722,5;51,6;0,1;6,68E-2;-541,2;20,00;3,0;2,9;37,61;-0,14;0,152;6,0;6,01;1,004
752;01.11.2023;15:58:04;00:12:31;651,4;630,1;54,7;56,8;24,9;724,0;51,6;0,1;6,68E-2;-541,1;20,00;3,0;3,0;37,61;-0,13;0,154;6,1;6,04;1,006
753;01.11.2023;15:58:05;00:12:32;653,2;630,1;54,9;57,0;24,9;725,4;51,8;0,1;6,68E-2;-541,2;20,00;3,0;3,0;37,62;-0,13;0,172;6,1;6,05;1,009
754;01.11.2023;15:58:06;00:12:33;653,8;630,1;54,9;57,0;24,9;726,2;51,9;0,1;6,68E-2;-541,2;20,00;3,0;2,9;37,61;-0,13;0,178;6,1;6,03;1,012
755;01.11.2023;15:58:07;00:12:34;655,6;632,8;54,9;57,0;24,9;727,6;51,8;0,1;6,67E-2;-541,2;20,00;3,0;2,9;37,62;-0,13;0,191;6,1;6,03;1,013
756;01.11.2023;15:58:08;00:12:35;656,5;635,5;55,0;57,1;24,9;728,3;51,8;0,1;6,67E-2;-541,2;20,00;3,0;3,0;37,62;-0,12;0,197;6,1;6,07;1,011
757;01.11.2023;15:58:09;00:12:36;658,2;635,5;55,2;57,1;24,9;729,9;51,9;0,1;6,67E-2;-541,2;20,00;3,0;3,0;37,63;-0,11;0,208;6,1;6,01;1,010
758;01.11.2023;15:58:10;00:12:37;659,9;638,2;55,2;57,3;24,9;731,4;51,9;0,1;6,67E-2;-541,2;20,00;3,0;2,9;37,64;-0,11;0,229;6,1;6,03;1,011
759;01.11.2023;15:58:11;00:12:38;660,6;638,2;55,3;57,3;24,9;732,1;52,0;0,1;6,67E-2;-541,2;20,00;3,0;3,0;37,64;-0,10;0,236;6,1;6,01;1,014
760;01.11.2023;15:58:12;00:12:39;662,4;640,8;55,3;57,5;25,0;733,6;52,0;0,1;6,67E-2;-541,2;20,00;3,0;3,0;37,65;-0,11;0,256;6,1;6,05;1,016
761;01.11.2023;15:58:13;00:12:40;664,1;643,3;55,4;57,6;25,0;735,0;52,2;0,1;6,66E-2;-541,2;20,00;3,0;2,9;37,65;-0,10;0,265;6,2;6,04;1,016
762;01.11.2023;15:58:14;00:12:41;664,8;643,3;55,4;57,6;25,0;735,8;52,1;0,1;6,66E-2;-541,2;20,00;3,0;3,0;37,65;-0,10;0,282;6,1;6,05;1,016
763;01.11.2023;15:58:15;00:12:42;666,8;643,3;55,6;57,7;25,0;737,3;52,3;0,1;6,66E-2;-541,2;20,00;3,0;3,0;37,66;-0,09;0,304;6,1;6,05;1,021
764;01.11.2023;15:58:16;00:12:43;668,4;645,8;55,6;57,7;25,0;738,8;52,3;0,1;6,66E-2;-541,2;20,00;3,0;3,0;37,67;-0,07;0,336;6,2;6,03;1,021
765;01.11.2023;15:58:17;00:12:44;668,9;645,8;55,6;57,7;25,0;739,5;52,4;0,1;6,66E-2;-541,2;20,00;3,0;3,0;37,67;-0,07;0,359;6,2;6,03;1,023
766;01.11.2023;15:58:18;00:12:45;671,0;648,4;55,7;57,9;25,1;741,0;52,4;0,1;6,66E-2;-541,2;20,00;3,0;3,0;37,68;-0,06;0,370;6,2;6,05;1,026
767;01.11.2023;15:58:19;00:12:46;671,6;648,4;55,8;58,0;25,1;741,7;52,5;0,1;6,66E-2;-541,2;20,00;3,0;3,0;37,69;-0,06;0,390;6,2;6,06;1,026
768;01.11.2023;15:58:20;00:12:47;673,1;650,9;55,8;58,0;25,1;743,2;52,5;0,1;6,66E-2;-541,2;20,00;3,0;3,0;37,69;-0,04;0,415;6,2;6,07;1,025
769;01.11.2023;15:58:21;00:12:48;675,1;653,5;56,0;58,2;25,1;744,8;52,7;0,1;6,66E-2;-541,2;20,00;3,0;3,0;37,70;-0,03;0,447;6,2;6,05;1,031
770;01.11.2023;15:58:22;00:12:49;675,8;653,5;56,0;58,2;25,1;745,5;52,6;0,1;6,66E-2;-541,2;20,00;3,0;3,0;37,71;-0,03;0,463;6,3;6,06;1,031
771;01.11.2023;15:58:23;00:12:50;677,5;653,5;56,0;58,1;25,1;747,0;52,8;0,1;6,66E-2;-541,2;20,00;3,0;3,0;37,73;-0,01;0,507;6,3;6,06;1,032
772;01.11.2023;15:58:24;00:12:51;679,3;656,2;56,1;58,3;25,2;748,4;52,8;0,1;6,66E-2;-541,2;20,00;3,0;3,0;37,75;-0,01;0,556;6,3;6,08;1,034
773;01.11.2023;15:58:25;00:12:52;679,9;656,2;56,1;58,3;25,2;749,1;52,9;0,1;6,65E-2;-541,2;20,00;3,0;3,0;37,75;0,01;0,577;6,3;6,06;1,035
774;01.11.2023;15:58:26;00:12:53;681,7;659,0;56,2;58,4;25,2;750,2;52,8;0,1;6,66E-2;-541,2;20,00;3,0;3,0;37,77;0,01;0,622;6,3;6,08;1,035
775;01.11.2023;15:58:27;00:12:54;683,4;659,0;56,4;58,4;25,2;750,8;53,0;0,1;6,66E-2;-541,2;20,00;3,0;2,9;37,79;0,03;0,688;6,3;6,06;1,040
776;01.11.2023;15:58:28;00:12:55;684,3;661,7;56,4;58,6;25,2;751,1;52,8;0,1;6,66E-2;-541,2;20,00;3,0;3,0;37,79;0,05;0,706;6,3;6,14;1,040
777;01.11.2023;15:58:29;00:12:56;686,0;661,7;56,5;58,7;25,2;751,7;52,9;0,1;6,66E-2;-541,2;20,00;3,0;3,0;37,81;0,06;0,765;6,3;6,07;1,040
778;01.11.2023;15:58:30;00:12:57;687,5;664,5;56,5;58,7;25,2;752,2;52,8;0,1;6,66E-2;-541,2;20,00;3,0;3,0;37,82;0,08;0,809;6,3;6,06;1,037
779;01.11.2023;15:58:31;00:12:58;688,4;664,5;56,7;58,7;25,2;752,5;52,9;0,1;6,66E-2;-541,2;20,00;3,0;3,0;37,84;0,09;0,839;6,3;6,08;1,040
780;01.11.2023;15:58:32;00:12:59;690,0;667,0;56,7;58,9;25,2;753,0;52,8;0,1;6,66E-2;-541,2;20,00;3,0;3,0;37,86;0,12;0,886;6,3;6,08;1,040
781;01.11.2023;15:58:33;00:13:00;690,9;667,0;56,7;58,9;25,2;753,3;52,9;0,1;6,66E-2;-541,1;20,00;3,0;3,0;37,87;0,13;0,915;6,4;6,05;1,040
782;01.11.2023;15:58:34;00:13:01;692,4;667,0;56,9;59,0;25,2;753,9;53,0;0,1;6,66E-2;-541,2;20,00;3,0;3,0;37,89;0,15;0,980;6,4;6,07;1,044
783;01.11.2023;15:58:35;00:13:02;694,3;669,7;56,9;59,0;25,2;754,4;52,9;0,1;6,66E-2;-541,2;20,00;3,0;3,0;37,92;0,18;1,035;6,3;6,06;1,040
784;01.11.2023;15:58:36;00:13:03;695,1;672,3;57,0;59,2;25,2;754,7;52,8;0,1;6,67E-2;-541,2;20,00;3,0;3,0;37,93;0,18;1,068;6,4;6,08;1,045
785;01.11.2023;15:58:37;00:13:04;696,5;672,3;57,0;59,2;25,2;755,3;52,8;0,1;6,67E-2;-541,2;20,00;3,0;3,0;37,96;0,22;1,135;6,4;6,07;1,045
786;01.11.2023;15:58:38;00:13:05;698,0;674,9;57,2;59,4;25,2;755,8;52,7;0,1;6,67E-2;-541,2;20,00;3,0;3,0;37,99;0,24;1,196;6,3;6,05;1,043
787;01.11.2023;15:58:39;00:13:06;699,0;674,9;57,4;59,4;25,2;756,1;52,8;0,1;6,67E-2;-541,2;20,00;3,0;3,0;38,00;0,25;1,238;6,3;6,04;1,041
788;01.11.2023;15:58:40;00:13:07;700,5;677,6;57,4;59,6;25,3;756,7;52,7;0,1;6,67E-2;-541,2;20,00;3,0;3,0;38,03;0,29;1,300;6,4;6,05;1,045
789;01.11.2023;15:58:41;00:13:08;702,0;680,0;57,5;59,8;25,3;757,2;52,8;0,1;6,67E-2;-541,2;20,00;3,0;3,0;38,07;0,31;1,382;6,3;6,08;1,045
790;01.11.2023;15:58:42;00:13:09;702,6;680,0;57,5;59,8;25,3;757,5;52,6;0,1;6,67E-2;-541,2;20,00;3,0;3,0;38,08;0,34;1,406;6,4;6,06;1,042
791;01.11.2023;15:58:43;00:13:10;704,0;680,0;57,5;59,7;25,3;758,1;52,7;0,1;6,67E-2;-541,2;20,00;3,0;3,0;38,12;0,36;1,472;6,3;6,04;1,045
792;01.11.2023;15:58:44;00:13:11;705,5;682,6;57,7;59,9;25,3;758,6;52,6;0,1;6,68E-2;-541,2;20,00;3,0;2,9;38,15;0,40;1,547;6,4;6,05;1,045
793;01.11.2023;15:58:45;00:13:12;706,3;682,6;57,7;59,9;25,3;758,9;52,7;0,1;6,68E-2;-541,2;20,00;3,0;3,0;38,17;0,43;1,589;6,3;6,10;1,047
794;01.11.2023;15:58:46;00:13:13;708,0;685,1;57,9;60,1;25,4;759,5;52,7;0,1;6,68E-2;-541,2;20,00;3,0;3,0;38,21;0,46;1,673;6,4;6,05;1,046
795;01.11.2023;15:58:47;00:13:14;708,6;685,1;57,9;60,1;25,4;759,8;52,6;0,1;6,68E-2;-541,2;20,00;3,0;3,0;38,23;0,48;1,701;6,3;6,06;1,045
796;01.11.2023;15:58:48;00:13:15;710,0;687,6;58,0;60,3;25,4;760,3;52,6;0,1;6,68E-2;-541,2;20,00;3,0;3,0;38,27;0,52;1,757;6,3;6,08;1,046
797;01.11.2023;15:58:49;00:13:16;711,5;687,6;58,2;60,5;25,4;760,9;52,7;0,1;6,68E-2;-541,2;20,00;3,0;3,1;38,31;0,56;1,839;6,4;6,05;1,048
798;01.11.2023;15:58:50;00:13:17;712,1;687,6;58,2;60,5;25,4;761,1;52,7;0,1;6,68E-2;-541,2;20,00;3,0;3,0;38,33;0,58;1,878;6,4;6,04;1,048
799;01.11.2023;15:58:51;00:13:18;713,5;690,1;58,2;60,5;25,4;761,7;52,6;0,1;6,69E-2;-541,2;20,00;3,0;3,0;38,38;0,63;1,944;6,4;6,09;1,048
800;01.11.2023;15:58:52;00:13:19;715,0;692,3;58,4;60,7;25,4;762,3;52,5;0,1;6,69E-2;-541,2;20,00;3,0;3,0;38,42;0,67;1,998;6,4;6,08;1,050
801;01.11.2023;15:58:53;00:13:20;715,7;692,3;58,4;60,7;25,4;762,6;52,6;0,1;6,69E-2;-541,2;20,00;3,0;3,0;38,44;0,69;2,035;6,4;6,03;1,048
802;01.11.2023;15:58:54;00:13:21;716,7;694,5;58,6;60,9;25,4;763,1;52,5;0,1;6,69E-2;-541,2;20,00;3,0;3,0;38,49;0,73;2,083;6,4;6,06;1,050
803;01.11.2023;15:58:55;00:13:22;718,3;694,5;58,7;60,9;25,5;763,7;52,6;0,1;6,70E-2;-541,2;20,00;3,0;3,0;38,53;0,78;2,152;6,3;6,07;1,051
804;01.11.2023;15:58:56;00:13:23;718,8;696,7;58,7;61,0;25,5;763,9;52,5;0,1;6,70E-2;-541,2;20,00;3,0;3,0;38,56;0,81;2,195;6,4;6,05;1,053
805;01.11.2023;15:58:57;00:13:24;720,1;696,7;58,9;61,2;25,5;764,5;52,6;0,1;6,70E-2;-541,2;20,00;3,0;3,0;38,61;0,86;2,270;6,4;6,07;1,053
806;01.11.2023;15:58:58;00:13:25;721,2;698,8;58,9;61,2;25,5;764,8;52,5;0,1;6,70E-2;-541,2;20,00;3,0;3,0;38,63;0,89;2,302;6,4;6,07;1,053
807;01.11.2023;15:58:59;00:13:26;721,8;698,8;59,0;61,4;25,5;765,4;52,6;0,1;6,71E-2;-541,2;20,00;3,0;3,0;38,69;0,93;2,372;6,4;6,04;1,054
808;01.11.2023;15:59:00;00:13:27;723,3;700,8;59,0;61,4;25,5;765,9;52,5;0,1;6,71E-2;-541,2;20,00;3,0;3,0;38,73;0,99;2,437;6,4;6,06;1,055
809;01.11.2023;15:59:01;00:13:28;723,7;700,8;59,0;61,4;25,5;766,2;52,5;0,1;6,71E-2;-541,2;20,00;3,0;3,0;38,77;1,02;2,477;6,4;6,03;1,055
810;01.11.2023;15:59:02;00:13:29;725,0;702,8;59,2;61,5;25,5;766,7;52,5;0,1;6,71E-2;-541,2;20,00;3,0;3,0;38,82;1,08;2,553;6,4;6,06;1,055
811;01.11.2023;15:59:03;00:13:30;726,5;702,8;59,2;61,5;25,5;767,3;52,6;0,1;6,71E-2;-541,2;20,00;3,0;3,0;38,88;1,14;2,619;6,4;6,03;1,055
812;01.11.2023;15:59:04;00:13:31;727,1;704,9;59,4;61,7;25,5;767,6;52,5;0,1;6,71E-2;-541,2;20,00;3,0;3,0;38,91;1,16;2,655;6,4;6,03;1,056
813;01.11.2023;15:59:05;00:13:32;728,2;704,9;59,5;61,7;25,5;768,2;52,6;0,1;6,72E-2;-541,2;20,00;3,0;3,0;38,97;1,22;2,710;6,4;6,05;1,055
814;01.11.2023;15:59:06;00:13:33;729,5;706,9;59,5;61,9;25,5;768,7;52,5;0,1;6,72E-2;-541,2;20,00;3,0;3,0;39,03;1,28;2,789;6,4;6,07;1,059
815;01.11.2023;15:59:07;00:13:34;729,9;706,9;59,5;61,9;25,5;769,0;52,5;0,1;6,72E-2;-541,2;20,00;3,0;3,0;39,06;1,31;2,815;6,5;6,03;1,059
816;01.11.2023;15:59:08;00:13:35;730,9;708,9;59,7;62,0;25,6;769,5;52,5;0,1;6,72E-2;-541,2;20,00;3,0;3,0;39,12;1,37;2,877;6,4;6,04;1,060
817;01.11.2023;15:59:09;00:13:36;732,3;710,9;59,9;62,2;25,6;770,1;52,5;0,1;6,72E-2;-541,2;20,00;3,0;3,0;39,19;1,44;2,948;6,4;6,05;1,061
818;01.11.2023;15:59:10;00:13:37;732,8;710,9;59,9;62,2;25,6;770,4;52,5;0,1;6,72E-2;-541,2;20,00;3,0;3,0;39,22;1,47;2,978;6,4;6,03;1,060
819;01.11.2023;15:59:11;00:13:38;733,9;710,9;60,0;62,2;25,6;770,9;52,6;0,1;6,72E-2;-541,2;20,00;3,0;3,0;39,28;1,53;3,034;6,4;6,04;1,060
820;01.11.2023;15:59:12;00:13:39;734,8;712,6;60,0;62,3;25,6;771,2;52,5;0,1;6,72E-2;-541,2;20,00;3,0;3,0;39,31;1,57;3,042;6,4;6,06;1,065
821;01.11.2023;15:59:13;00:13:40;735,5;712,6;60,0;62,3;25,6;771,8;52,6;0,1;6,72E-2;-541,2;20,00;3,0;2,9;39,38;1,63;3,095;6,4;6,04;1,064
822;01.11.2023;15:59:14;00:13:41;736,7;714,4;60,2;62,4;25,6;772,3;52,5;0,1;6,72E-2;-541,2;20,00;3,0;3,0;39,44;1,69;3,129;6,4;6,04;1,064
823;01.11.2023;15:59:15;00:13:42;737,3;714,4;60,4;62,4;25,6;772,6;52,5;0,1;6,72E-2;-541,2;20,00;3,0;3,0;39,48;1,72;3,139;6,4;6,04;1,064
824;01.11.2023;15:59:16;00:13:43;738,2;716,1;60,4;62,6;25,7;773,2;52,5;0,1;6,72E-2;-541,2;20,00;3,0;3,0;39,55;1,79;3,161;6,5;6,05;1,069
825;01.11.2023;15:59:17;00:13:44;739,1;717,7;60,5;62,7;25,7;773,7;52,6;0,1;6,72E-2;-541,2;20,00;3,0;3,0;39,60;1,86;3,170;6,4;6,03;1,066
826;01.11.2023;15:59:18;00:13:45;739,7;717,7;60,5;62,7;25,7;774,0;52,5;0,1;6,72E-2;-541,2;20,00;3,0;3,0;39,64;1,89;3,181;6,4;6,02;1,066
827;01.11.2023;15:59:19;00:13:46;740,8;717,7;60,7;62,7;25,7;774,6;52,6;0,1;6,72E-2;-541,2;20,00;3,0;3,0;39,70;1,96;3,193;6,5;6,06;1,070
828;01.11.2023;15:59:20;00:13:47;741,8;719,4;60,7;62,9;25,7;775,1;52,6;0,1;6,72E-2;-541,2;20,00;3,0;3,0;39,77;2,02;3,209;6,5;6,06;1,070
829;01.11.2023;15:59:21;00:13:48;742,5;719,4;60,7;62,9;25,7;775,4;52,6;0,1;6,72E-2;-541,1;20,00;3,0;3,1;39,80;2,05;3,215;6,5;6,03;1,070
830;01.11.2023;15:59:22;00:13:49;743,4;721,0;60,9;63,0;25,7;776,0;52,6;0,1;6,72E-2;-541,2;20,00;3,0;3,0;39,86;2,12;3,202;6,5;6,08;1,074
831;01.11.2023;15:59:23;00:13:50;744,5;721,2;61,0;63,1;25,9;776,5;52,7;0,1;6,72E-2;-541,2;20,00;3,0;3,0;39,93;2,18;3,202;6,4;6,03;1,073
832;01.11.2023;15:59:24;00:13:51;744,9;722,8;61,2;63,3;25,9;776,8;52,6;0,1;6,72E-2;-541,2;20,00;3,0;3,0;39,96;2,22;3,197;6,5;5,99;1,075
833;01.11.2023;15:59:25;00:13:52;745,8;722,8;61,4;63,3;25,9;777,4;52,7;0,1;6,72E-2;-541,1;20,00;3,0;3,0;40,03;2,28;3,187;6,5;6,06;1,074
834;01.11.2023;15:59:26;00:13:53;746,5;722,8;61,4;63,3;25,9;777,6;52,7;0,1;6,72E-2;-541,2;20,00;3,0;3,0;40,06;2,31;3,183;6,5;6,03;1,074
835;01.11.2023;15:59:27;00:13:54;747,3;724,5;61,4;63,4;25,9;778,2;52,6;0,1;6,72E-2;-541,2;20,00;3,0;2,9;40,12;2,37;3,162;6,5;6,06;1,075
836;01.11.2023;15:59:28;00:13:55;748,3;726,1;61,5;63,5;25,9;778,8;52,6;0,1;6,72E-2;-541,2;20,00;3,0;3,0;40,19;2,44;3,138;6,6;6,03;1,077
837;01.11.2023;15:59:29;00:13:56;748,7;726,1;61,5;63,5;25,9;779,1;52,7;0,1;6,72E-2;-541,2;20,00;3,0;3,0;40,21;2,47;3,122;6,5;6,06;1,079
838;01.11.2023;15:59:30;00:13:57;749,7;727,6;61,7;63,7;25,9;779,6;52,8;0,1;6,72E-2;-541,2;20,00;3,0;3,0;40,28;2,52;3,096;6,5;6,06;1,078
839;01.11.2023;15:59:31;00:13:58;750,7;727,6;61,7;63,7;25,9;780,2;52,7;0,1;6,72E-2;-541,2;20,00;3,0;3,0;40,33;2,59;3,068;6,6;6,06;1,079
840;01.11.2023;15:59:32;00:13:59;750,9;729,0;61,9;63,8;26,0;780,4;52,7;0,1;6,72E-2;-541,2;20,00;3,0;3,1;40,37;2,61;3,053;6,6;6,06;1,081
841;01.11.2023;15:59:33;00:14:00;752,0;729,0;61,9;63,8;26,0;781,0;52,7;0,1;6,72E-2;-541,2;20,00;3,0;3,0;40,42;2,67;3,009;6,5;6,09;1,079
842;01.11.2023;15:59:34;00:14:01;752,7;730,4;62,1;63,9;26,0;781,6;52,7;0,1;6,71E-2;-541,2;20,00;3,0;3,0;40,48;2,74;2,963;6,5;6,03;1,086
843;01.11.2023;15:59:35;00:14:02;753,4;730,4;62,1;63,9;26,0;781,9;52,8;0,1;6,71E-2;-541,2;20,00;3,0;3,0;40,51;2,76;2,955;6,5;6,06;1,084
844;01.11.2023;15:59:36;00:14:03;754,2;731,8;62,2;64,0;26,0;782,4;52,7;0,1;6,71E-2;-541,2;20,00;3,0;3,1;40,57;2,82;2,909;6,6;6,05;1,084
845;01.11.2023;15:59:37;00:14:04;754,6;731,8;62,2;64,0;26,0;782,7;52,8;0,1;6,71E-2;-541,2;20,00;3,0;3,0;40,60;2,84;2,887;6,6;6,06;1,087
846;01.11.2023;15:59:38;00:14:05;755,4;733,1;62,4;64,1;26,0;783,2;52,8;0,1;6,71E-2;-541,2;20,00;3,0;3,0;40,65;2,91;2,836;6,6;6,04;1,089
847;01.11.2023;15:59:39;00:14:06;756,3;733,1;62,6;64,1;26,0;783,8;52,8;0,1;6,70E-2;-541,2;20,00;3,0;3,0;40,71;2,95;2,787;6,6;6,06;1,089
848;01.11.2023;15:59:40;00:14:07;756,8;734,5;62,6;64,3;26,1;784,1;52,8;0,1;6,70E-2;-541,2;20,00;3,0;2,9;40,73;2,98;2,762;6,7;6,07;1,090
849;01.11.2023;15:59:41;00:14:08;757,7;734,5;62,6;64,3;26,1;784,7;52,9;0,1;6,70E-2;-541,2;20,00;3,0;2,9;40,78;3,04;2,716;6,6;6,08;1,092
850;01.11.2023;15:59:42;00:14:09;758,8;735,7;62,8;64,4;26,1;785,2;52,9;0,1;6,70E-2;-541,2;20,00;3,0;3,0;40,84;3,08;2,662;6,6;6,03;1,090
851;01.11.2023;15:59:43;00:14:10;759,0;735,7;62,7;64,4;26,1;785,5;52,9;0,1;6,69E-2;-541,2;20,00;3,0;3,0;40,86;3,12;2,639;6,6;6,07;1,094
852;01.11.2023;15:59:44;00:14:11;759,6;737,1;62,9;64,5;26,0;786,0;52,9;0,1;6,69E-2;-541,2;20,00;3,0;3,0;40,91;3,16;2,602;6,6;6,03;1,095
853;01.11.2023;15:59:45;00:14:12;760,5;737,1;63,1;64,5;26,0;786,6;53,0;0,1;6,69E-2;-541,2;20,00;3,0;2,9;40,95;3,21;2,540;6,6;6,06;1,094
854;01.11.2023;15:59:46;00:14:13;761,2;737,1;63,1;64,5;26,0;786,9;53,0;0,1;6,69E-2;-541,2;20,00;3,0;3,0;40,99;3,24;2,513;6,7;6,05;1,098
855;01.11.2023;15:59:47;00:14:14;761,9;738,5;63,1;64,6;26,0;787,4;53,0;0,1;6,68E-2;-541,2;20,00;3,0;3,0;41,03;3,28;2,468;6,7;6,08;1,099
856;01.11.2023;15:59:48;00:14:15;763,0;739,8;63,3;64,7;26,1;788,0;53,0;0,1;6,68E-2;-541,2;20,00;3,0;2,9;41,07;3,33;2,416;6,7;6,09;1,103
857;01.11.2023;15:59:49;00:14:16;763,2;739,8;63,3;64,7;26,1;788,3;53,0;0,1;6,68E-2;-541,2;20,00;3,0;3,0;41,10;3,35;2,398;6,7;6,06;1,104
858;01.11.2023;15:59:50;00:14:17;764,4;741,2;63,5;64,8;26,1;788,8;53,1;0,1;6,68E-2;-541,2;20,00;3,0;3,0;41,14;3,40;2,333;6,7;6,07;1,104
859;01.11.2023;15:59:51;00:14:18;764,5;741,2;63,5;64,8;26,1;789,1;53,0;0,1;6,68E-2;-541,2;20,00;3,0;3,0;41,17;3,42;2,318;6,7;6,08;1,105
860;01.11.2023;15:59:52;00:14:19;765,6;742,4;63,7;64,9;26,1;789,7;53,0;0,1;6,68E-2;-541,2;20,00;3,0;3,0;41,21;3,46;2,267;6,7;6,09;1,106
861;01.11.2023;15:59:53;00:14:20;766,4;742,4;63,8;65,0;26,1;790,2;53,1;0,1;6,67E-2;-541,2;20,00;3,0;3,1;41,25;3,51;2,203;6,7;6,07;1,109
862;01.11.2023;15:59:54;00:14:21;766,7;743,6;63,8;65,0;26,1;790,5;53,0;0,1;6,67E-2;-541,2;20,00;3,0;3,0;41,27;3,52;2,175;6,8;6,11;1,109
863;01.11.2023;15:59:55;00:14:22;767,3;743,6;64,0;65,0;26,1;791,1;53,1;0,1;6,67E-2;-541,2;20,00;3,0;3,0;41,31;3,56;2,113;6,7;6,05;1,109
864;01.11.2023;15:59:56;00:14:23;768,4;744,9;64,0;65,2;26,2;791,6;53,1;0,1;6,67E-2;-541,2;20,00;3,0;3,1;41,35;3,60;2,054;6,8;6,07;1,111
865;01.11.2023;15:59:57;00:14:24;768,4;744,9;64,0;65,2;26,2;791,9;53,2;0,1;6,66E-2;-541,2;20,00;3,0;3,0;41,36;3,62;2,022;6,7;6,08;1,111
866;01.11.2023;15:59:58;00:14:25;769,3;746,1;64,2;65,3;26,2;792,5;53,1;0,1;6,66E-2;-541,2;20,00;3,0;3,0;41,40;3,66;1,957;6,7;6,06;1,110
867;01.11.2023;15:59:59;00:14:26;770,2;746,1;64,4;65,3;26,2;793,0;53,2;0,1;6,66E-2;-541,2;20,00;3,0;3,0;41,44;3,69;1,909;6,8;6,03;1,114
868;01.11.2023;16:00:00;00:14:27;770,6;747,4;64,4;65,4;26,2;793,3;53,2;0,1;6,66E-2;-541,2;20,00;3,0;3,0;41,45;3,71;1,872;6,8;6,10;1,114
869;01.11.2023;16:00:01;00:14:28;771,3;747,4;64,6;65,4;26,2;793,9;53,3;0,1;6,65E-2;-541,2;20,00;3,0;2,9;41,49;3,74;1,829;6,8;6,06;1,115
870;01.11.2023;16:00:02;00:14:29;771,7;748,6;64,6;65,5;26,2;794,1;53,2;0,1;6,65E-2;-541,2;20,00;3,0;3,0;41,51;3,76;1,797;6,8;6,04;1,118
871;01.11.2023;16:00:03;00:14:30;772,7;748,6;64,5;65,5;26,2;794,7;53,3;0,1;6,64E-2;-541,2;20,00;3,0;3,0;41,54;3,79;1,763;6,8;6,10;1,118
872;01.11.2023;16:00:04;00:14:31;773,4;749,9;64,7;65,6;26,2;795,3;53,3;0,1;6,64E-2;-541,2;20,00;3,0;3,0;41,58;3,83;1,713;6,9;6,10;1,118
873;01.11.2023;16:00:05;00:14:32;773,7;749,9;64,7;65,6;26,2;795,6;53,3;0,1;6,64E-2;-541,2;20,00;3,0;3,1;41,59;3,85;1,697;6,8;6,08;1,120
874;01.11.2023;16:00:06;00:14:33;774,6;749,9;64,9;65,7;26,2;796,1;53,4;0,1;6,63E-2;-541,2;20,00;3,0;3,0;41,62;3,87;1,657;6,8;6,07;1,122
875;01.11.2023;16:00:07;00:14:34;775,4;751,3;64,9;65,7;26,2;796,7;53,4;0,1;6,63E-2;-541,2;20,00;3,0;3,1;41,65;3,91;1,616;6,9;6,06;1,123
876;01.11.2023;16:00:08;00:14:35;775,8;752,7;65,1;65,9;26,2;796,9;53,4;0,1;6,63E-2;-541,2;20,00;3,0;3,0;41,67;3,92;1,601;6,8;6,08;1,123
877;01.11.2023;16:00:09;00:14:36;776,8;752,7;65,1;65,9;26,3;797,5;53,4;0,1;6,63E-2;-541,2;20,00;3,0;3,1;41,69;3,95;1,562;6,8;6,10;1,123
878;01.11.2023;16:00:10;00:14:37;777,5;754,1;65,3;66,0;26,3;798,1;53,4;0,1;6,63E-2;-541,2;20,00;3,0;3,0;41,72;3,98;1,519;6,8;6,11;1,123
879;01.11.2023;16:00:11;00:14:38;777,7;754,1;65,3;66,0;26,3;798,4;53,4;0,1;6,62E-2;-541,2;20,00;3,0;2,9;41,74;3,99;1,502;6,8;6,09;1,123
880;01.11.2023;16:00:12;00:14:39;778,2;755,3;65,5;66,2;26,3;798,9;53,4;0,1;6,62E-2;-541,2;20,00;3,0;3,0;41,77;4,03;1,466;6,8;6,05;1,125
881;01.11.2023;16:00:13;00:14:40;779,4;755,3;65,7;66,3;26,3;799,5;53,5;0,1;6,62E-2;-541,2;20,00;3,0;3,0;41,80;4,05;1,437;6,8;6,08;1,125
882;01.11.2023;16:00:14;00:14:41;779,6;755,3;65,7;66,3;26,3;799,7;53,5;0,1;6,62E-2;-541,2;20,00;3,0;3,0;41,81;4,07;1,419;6,9;6,11;1,128
883;01.11.2023;16:00:15;00:14:42;780,5;756,6;65,7;66,3;26,3;800,3;53,5;0,1;6,62E-2;-541,2;20,00;3,0;3,0;41,84;4,08;1,391;6,8;6,08;1,128
884;01.11.2023;16:00:16;00:14:43;781,0;757,8;65,9;66,4;26,3;800,6;53,5;0,1;6,61E-2;-541,2;20,00;3,0;3,0;41,85;4,10;1,383;6,9;6,10;1,129
885;01.11.2023;16:00:17;00:14:44;781,6;757,8;65,9;66,4;26,3;801,2;53,5;0,1;6,61E-2;-541,2;20,00;3,0;3,0;41,87;4,13;1,350;6,9;6,10;1,128
886;01.11.2023;16:00:18;00:14:45;782,4;759,0;66,1;66,5;26,4;801,7;53,5;0,1;6,60E-2;-541,2;20,00;3,0;3,0;41,90;4,15;1,328;6,9;6,04;1,133
887;01.11.2023;16:00:19;00:14:46;782,8;759,0;66,1;66,5;26,4;802,0;53,5;0,1;6,60E-2;-541,2;20,00;3,0;3,1;41,91;4,17;1,310;6,9;6,09;1,132
888;01.11.2023;16:00:20;00:14:47;783,7;760,2;66,2;66,7;26,4;802,5;53,5;0,1;6,60E-2;-541,2;20,00;3,0;3,0;41,94;4,19;1,272;6,9;6,12;1,133
889;01.11.2023;16:00:21;00:14:48;784,3;760,2;66,4;66,8;26,4;803,1;53,6;0,1;6,60E-2;-541,2;20,00;3,0;3,0;41,95;4,21;1,237;6,9;6,09;1,135
890;01.11.2023;16:00:22;00:14:49;784,9;761,4;66,4;66,8;26,4;803,4;53,5;0,1;6,59E-2;-541,2;20,00;3,0;3,1;41,97;4,23;1,221;6,9;6,09;1,134
891;01.11.2023;16:00:23;00:14:50;785,7;761,5;66,5;66,8;26,5;803,9;53,6;0,1;6,59E-2;-541,2;20,00;3,0;3,1;42,00;4,25;1,197;6,9;6,08;1,138
892;01.11.2023;16:00:24;00:14:51;786,5;762,7;66,7;67,0;26,5;804,5;53,6;0,1;6,58E-2;-541,2;20,00;3,0;3,1;42,01;4,27;1,162;6,9;6,08;1,138
893;01.11.2023;16:00:25;00:14:52;786,9;762,7;66,7;67,0;26,5;804,8;53,6;0,1;6,58E-2;-541,2;20,00;3,0;3,0;42,03;4,28;1,148;7,0;6,08;1,138
894;01.11.2023;16:00:26;00:14:53;787,3;764,0;66,9;67,1;26,5;20,0;0,0;0,1;6,61E-2;-541,2;20,00;3,0;2,9;42,02;0,00;0,000;0,4;0,46;0,122
