Nr.;Datum;Zeit;P.Zeit;AV Pyro top;AV Control TC;AV Piston TC Top;AV Piston TC Bot;AV Transformer T;SV Temperature  ;AV CZ Output;AV abs. pressure;Vacuum;AV rel. pressure;SV Rel. Pressure;SV Force        ;AV Force;AV Abs. Piston T;AV Rel. Piston T;AV Speed;Power;U RMS;I RMS
;;;;°C;°C;°C;°C;°C;°C    ;%;mbar(a;mbar(a;mbar(g;mbar(g;kN    ;kN;mm;mm;mm/min;kW;V;kA
1;30.06.2023;11:19:43;00:00:00;250,0;18,3;20,1;18,5;23,7;20,0;0,0;1000,2;1,00E3;-2,4;20,00;3,0;2,9;39,92;0,03;0,001;0,0;0,00;0,044
2;30.06.2023;11:19:44;00:00:01;250,0;18,3;20,1;18,5;23,7;20,0;0,0;1000,2;1,00E3;-2,4;20,00;3,0;2,9;39,92;0,03;0,001;0,0;0,00;0,044
3;30.06.2023;11:19:45;00:00:02;250,0;18,3;20,1;18,5;23,7;20,0;0,0;1000,2;1,00E3;-2,4;20,00;3,0;3,0;39,92;0,03;0,005;0,0;0,00;0,044
4;30.06.2023;11:19:46;00:00:03;250,0;18,3;20,1;18,5;23,6;20,0;0,0;1000,2;1,00E3;-2,4;20,00;3,0;3,0;39,92;0,03;0,008;0,0;0,00;0,044
5;30.06.2023;11:19:47;00:00:04;250,0;18,3;20,1;18,5;23,6;20,0;0,0;1000,2;1,00E3;-2,4;20,00;3,0;3,0;39,92;0,03;0,005;0,0;0,00;0,044
6;30.06.2023;11:19:48;00:00:05;250,0;18,3;20,1;18,5;23,6;20,0;0,0;1000,2;1,00E3;-2,4;20,00;3,0;3,0;39,92;0,03;0,001;0,0;0,00;0,044
7;30.06.2023;11:19:49;00:00:06;250,0;18,2;20,0;18,5;23,6;20,0;0,0;1000,2;1,00E3;-2,4;20,00;3,0;3,0;39,92;0,03;0,002;0,0;0,00;0,044
8;30.06.2023;11:19:50;00:00:07;250,0;18,2;20,0;18,5;23,6;20,0;0,0;1000,2;1,00E3;-2,4;20,00;3,0;3,0;39,92;0,03;0,000;0,0;0,00;0,043
9;30.06.2023;11:19:51;00:00:08;250,0;18,2;20,0;18,5;23,6;20,0;0,0;1000,2;1,00E3;-2,4;20,00;3,0;3,0;39,92;0,03;0,001;0,0;0,00;0,044
10;30.06.2023;11:19:52;00:00:09;250,0;18,2;20,0;18,5;23,6;20,0;0,0;946,8;9,47E2;-50,2;20,00;3,0;3,0;39,92;0,03;0,002;0,0;0,00;0,044
11;30.06.2023;11:19:53;00:00:10;250,0;18,2;20,0;18,5;23,6;20,0;0,0;924,9;9,25E2;-75,4;20,00;3,0;3,0;39,92;0,03;0,003;0,0;0,00;0,044
12;30.06.2023;11:19:54;00:00:11;250,0;18,2;20,0;18,5;23,6;20,0;0,0;884,9;8,85E2;-114,2;20,00;3,0;3,0;39,92;0,03;0,001;0,0;0,00;0,043
13;30.06.2023;11:19:55;00:00:12;250,0;18,2;20,0;18,5;23,6;20,0;0,0;846,0;8,46E2;-154,6;20,00;3,0;3,0;39,92;0,03;0,006;0,0;0,00;0,044
14;30.06.2023;11:19:56;00:00:13;250,0;18,2;20,0;18,5;23,6;20,0;0,0;826,5;8,27E2;-172,5;20,00;3,0;3,0;39,92;0,03;0,012;0,0;0,00;0,042
15;30.06.2023;11:19:57;00:00:14;250,0;18,2;20,0;18,5;23,6;20,0;0,0;790,8;7,91E2;-209,6;20,00;3,0;3,0;39,92;0,03;0,026;0,0;0,00;0,042
16;30.06.2023;11:19:58;00:00:15;250,0;18,2;20,0;18,5;23,6;20,0;0,0;774,2;7,74E2;-226,1;20,00;3,0;3,0;39,93;0,03;0,033;0,0;0,00;0,044
17;30.06.2023;11:19:59;00:00:16;250,0;18,2;20,0;18,5;23,6;20,0;0,0;737,9;7,38E2;-262,6;20,00;3,0;3,0;39,93;0,03;0,058;0,0;0,00;0,044
18;30.06.2023;11:20:00;00:00:17;250,0;18,2;20,0;18,5;23,6;20,0;0,0;706,5;7,07E2;-292,1;20,00;3,0;3,0;39,93;0,03;0,073;0,0;0,00;0,044
19;30.06.2023;11:20:01;00:00:18;250,0;18,2;20,0;18,5;23,6;20,0;0,0;692,8;6,93E2;-308,6;20,00;3,0;3,0;39,93;0,04;0,076;0,0;0,01;0,044
20;30.06.2023;11:20:02;00:00:19;250,0;18,2;20,0;18,5;23,6;20,0;0,0;663,4;6,63E2;-335,8;20,00;3,0;3,0;39,93;0,04;0,079;0,0;0,01;0,044
21;30.06.2023;11:20:03;00:00:20;250,0;18,2;20,1;18,5;23,6;20,0;0,0;636,1;6,36E2;-363,6;20,00;3,0;3,0;39,93;0,04;0,081;0,0;0,00;0,044
22;30.06.2023;11:20:04;00:00:21;250,0;18,2;20,1;18,5;23,6;20,0;0,0;624,0;6,24E2;-375,9;20,00;3,0;2,9;39,93;0,04;0,079;0,0;0,00;0,044
23;30.06.2023;11:20:05;00:00:22;250,0;18,1;20,1;18,5;23,6;20,0;0,0;595,7;5,96E2;-403,7;20,00;3,0;2,9;39,93;0,04;0,079;0,0;0,00;0,044
24;30.06.2023;11:20:06;00:00:23;250,0;18,1;20,1;18,5;23,6;20,0;0,0;572,5;5,72E2;-428,4;20,00;3,0;3,0;39,94;0,04;0,074;0,0;0,00;0,044
25;30.06.2023;11:20:07;00:00:24;250,0;18,1;20,1;18,5;23,6;20,0;0,0;561,2;5,61E2;-439,4;20,00;3,0;3,1;39,94;0,04;0,077;0,0;0,00;0,044
26;30.06.2023;11:20:08;00:00:25;250,0;18,1;20,1;18,4;23,6;20,0;0,0;538,4;5,38E2;-462,4;20,00;3,0;3,0;39,94;0,04;0,070;0,0;0,00;0,044
27;30.06.2023;11:20:09;00:00:26;250,0;18,1;20,1;18,4;23,6;20,0;0,0;527,6;5,28E2;-472,6;20,00;3,0;2,9;39,94;0,04;0,067;0,0;0,01;0,044
28;30.06.2023;11:20:10;00:00:27;250,0;18,0;20,0;18,4;23,5;20,0;0,0;507,1;5,07E2;-494,0;20,00;3,0;2,9;39,94;0,05;0,064;0,0;0,00;0,044
29;30.06.2023;11:20:11;00:00:28;250,0;18,0;20,0;18,4;23,5;20,0;0,0;485,1;4,85E2;-514,5;20,00;3,0;3,0;39,94;0,05;0,065;0,0;0,00;0,044
30;30.06.2023;11:20:12;00:00:29;250,0;18,0;20,0;18,3;23,5;20,0;0,0;474,7;4,75E2;-523,7;20,00;3,0;3,1;39,94;0,05;0,067;0,0;0,00;0,044
31;30.06.2023;11:20:13;00:00:30;250,0;18,0;20,0;18,3;23,5;20,0;0,0;455,9;4,56E2;-541,2;20,00;3,0;3,0;39,94;0,05;0,066;0,0;0,00;0,044
32;30.06.2023;11:20:14;00:00:31;250,0;18,0;20,0;18,3;23,5;20,0;0,0;438,5;4,38E2;-541,2;20,00;3,0;2,9;39,94;0,05;0,059;0,0;0,00;0,044
33;30.06.2023;11:20:15;00:00:32;250,0;18,0;20,0;18,3;23,5;20,0;0,0;430,3;4,30E2;-541,2;20,00;3,0;2,9;39,95;0,05;0,058;0,0;0,00;0,044
34;30.06.2023;11:20:16;00:00:33;250,0;18,0;20,0;18,2;23,5;20,0;0,0;412,2;4,12E2;-541,2;20,00;3,0;2,9;39,95;0,05;0,056;0,0;0,00;0,044
35;30.06.2023;11:20:17;00:00:34;250,0;18,0;20,0;18,2;23,5;20,0;0,0;395,7;3,96E2;-541,2;20,00;3,0;2,9;39,95;0,05;0,053;0,0;0,00;0,044
36;30.06.2023;11:20:18;00:00:35;250,0;18,0;20,0;18,2;23,5;20,0;0,0;387,9;3,88E2;-541,2;20,00;3,0;3,0;39,95;0,05;0,053;0,0;0,01;0,043
37;30.06.2023;11:20:19;00:00:36;250,0;18,0;20,0;18,2;23,5;20,0;0,0;372,9;3,73E2;-541,2;20,00;3,0;3,0;39,95;0,06;0,049;0,0;0,01;0,044
38;30.06.2023;11:20:20;00:00:37;250,0;17,9;20,0;18,2;23,5;20,0;0,0;358,2;3,58E2;-541,2;20,00;3,0;3,0;39,95;0,05;0,050;0,0;0,00;0,044
39;30.06.2023;11:20:21;00:00:38;250,0;17,9;20,0;18,2;23,5;20,0;0,0;351,2;3,51E2;-541,2;20,00;3,0;3,0;39,95;0,06;0,046;0,0;0,00;0,043
40;30.06.2023;11:20:22;00:00:39;250,0;17,9;20,0;18,1;23,5;20,0;0,0;337,3;3,37E2;-541,2;20,00;3,0;2,9;39,95;0,06;0,047;0,0;0,01;0,044
41;30.06.2023;11:20:23;00:00:40;250,0;17,9;20,0;18,1;23,5;20,0;0,0;329,7;3,30E2;-541,2;20,00;3,0;3,0;39,95;0,06;0,047;0,0;0,00;0,043
42;30.06.2023;11:20:24;00:00:41;250,0;17,9;20,0;18,1;23,5;20,0;0,0;316,8;3,17E2;-541,2;20,00;3,0;2,9;39,95;0,06;0,042;0,0;0,00;0,043
43;30.06.2023;11:20:25;00:00:42;250,0;17,9;20,0;18,1;23,5;20,0;0,0;304,4;3,04E2;-541,2;20,00;3,0;3,0;39,95;0,06;0,043;0,0;0,00;0,044
44;30.06.2023;11:20:26;00:00:43;250,0;17,9;20,0;18,1;23,5;20,0;0,0;298,6;2,99E2;-541,2;20,00;3,0;3,0;39,95;0,06;0,047;0,0;0,00;0,044
45;30.06.2023;11:20:27;00:00:44;250,0;17,9;20,0;18,1;23,5;20,0;0,0;286,9;2,87E2;-541,2;20,00;3,0;3,0;39,95;0,06;0,049;0,0;0,00;0,044
46;30.06.2023;11:20:28;00:00:45;250,0;17,9;20,0;18,1;23,5;20,0;0,0;275,9;2,76E2;-541,2;20,00;3,0;3,0;39,95;0,06;0,047;0,0;0,00;0,044
47;30.06.2023;11:20:29;00:00:46;250,0;17,9;19,9;18,1;23,4;20,0;0,0;269,7;2,70E2;-541,2;20,00;3,0;2,9;39,95;0,06;0,045;0,0;0,00;0,044
48;30.06.2023;11:20:30;00:00:47;250,0;17,8;19,9;17,9;23,4;20,0;0,0;259,5;2,59E2;-541,2;20,00;3,0;3,0;39,96;0,06;0,041;0,0;0,00;0,044
49;30.06.2023;11:20:31;00:00:48;250,0;17,8;19,9;17,9;23,4;20,0;0,0;249,4;2,49E2;-541,2;20,00;3,0;3,0;39,96;0,06;0,034;0,0;0,00;0,044
50;30.06.2023;11:20:32;00:00:49;250,0;17,8;19,9;17,9;23,4;20,0;0,0;244,6;2,45E2;-541,2;20,00;3,0;2,9;39,96;0,06;0,030;0,0;0,00;0,043
51;30.06.2023;11:20:33;00:00:50;250,0;17,8;19,9;17,9;23,4;20,0;0,0;235,4;2,35E2;-541,2;20,00;3,0;2,9;39,96;0,06;0,025;0,0;0,00;0,043
52;30.06.2023;11:20:34;00:00:51;250,0;17,8;19,9;17,9;23,4;20,0;0,0;226,4;2,26E2;-541,2;20,00;3,0;3,0;39,96;0,06;0,031;0,0;0,00;0,041
53;30.06.2023;11:20:35;00:00:52;250,0;17,8;19,9;17,9;23,4;20,0;0,0;221,3;2,21E2;-541,2;20,00;3,0;2,9;39,96;0,06;0,030;0,0;0,00;0,044
54;30.06.2023;11:20:36;00:00:53;250,0;17,8;19,9;17,9;23,4;20,0;0,0;212,8;2,13E2;-541,2;20,00;3,0;3,0;39,96;0,07;0,037;0,0;0,00;0,044
55;30.06.2023;11:20:37;00:00:54;250,0;17,8;19,9;17,9;23,4;20,0;0,0;208,6;2,09E2;-541,2;20,00;3,0;3,0;39,96;0,07;0,038;0,0;0,00;0,044
56;30.06.2023;11:20:38;00:00:55;250,0;17,8;19,9;17,9;23,4;20,0;0,0;200,8;2,01E2;-541,2;20,00;3,0;3,1;39,96;0,07;0,033;0,0;0,00;0,044
57;30.06.2023;11:20:39;00:00:56;250,0;17,8;19,9;17,9;23,4;20,0;0,0;192,9;1,93E2;-541,2;20,00;3,0;2,9;39,96;0,07;0,026;0,0;0,00;0,043
58;30.06.2023;11:20:40;00:00:57;250,0;17,8;19,9;17,9;23,4;20,0;0,0;189,4;1,89E2;-541,2;20,00;3,0;2,9;39,96;0,07;0,023;0,0;0,00;0,044
59;30.06.2023;11:20:41;00:00:58;250,0;17,8;19,9;17,9;23,4;20,0;0,0;181,5;1,82E2;-541,2;20,00;3,0;2,9;39,96;0,07;0,022;0,0;0,00;0,044
60;30.06.2023;11:20:42;00:00:59;250,0;17,8;19,9;17,9;23,4;20,0;0,0;174,5;1,75E2;-541,2;20,00;3,0;3,0;39,96;0,07;0,018;0,0;0,00;0,044
61;30.06.2023;11:20:43;00:01:00;250,0;17,8;19,9;17,9;23,4;20,0;0,0;171,3;1,71E2;-541,2;20,00;3,0;3,0;39,96;0,07;0,019;0,0;0,01;0,044
62;30.06.2023;11:20:44;00:01:01;250,0;17,8;19,9;17,9;23,4;20,0;0,0;158,5;1,58E2;-541,2;20,00;3,0;3,0;39,96;0,07;0,020;0,0;0,00;0,044
63;30.06.2023;11:20:45;00:01:02;250,0;17,8;19,9;17,9;23,4;20,0;0,0;145,3;1,45E2;-541,2;20,00;3,0;3,0;39,96;0,07;0,024;0,0;0,00;0,044
64;30.06.2023;11:20:46;00:01:03;250,0;17,8;19,9;17,9;23,4;20,0;0,0;139,1;1,39E2;-541,2;20,00;3,0;3,0;39,96;0,07;0,030;0,0;0,00;0,044
65;30.06.2023;11:20:47;00:01:04;250,0;17,8;19,9;17,9;23,4;20,0;0,0;127,6;1,28E2;-541,2;20,00;3,0;3,0;39,96;0,07;0,032;0,0;0,00;0,044
66;30.06.2023;11:20:48;00:01:05;250,0;17,8;19,9;17,9;23,4;20,0;0,0;122,5;1,22E2;-541,2;20,00;3,0;3,0;39,96;0,07;0,031;0,0;0,00;0,040
67;30.06.2023;11:20:49;00:01:06;250,0;17,8;19,9;17,9;23,4;20,0;0,0;113,5;1,13E2;-541,2;20,00;3,0;3,0;39,96;0,07;0,036;0,0;0,00;0,042
68;30.06.2023;11:20:50;00:01:07;250,0;17,8;19,9;17,9;23,4;20,0;0,0;105,0;1,05E2;-541,2;20,00;3,0;3,0;39,96;0,07;0,032;0,0;0,01;0,043
69;30.06.2023;11:20:51;00:01:08;250,0;17,8;19,9;17,9;23,4;20,0;0,0;101,0;1,01E2;-541,2;20,00;3,0;3,0;39,96;0,07;0,030;0,0;0,00;0,044
70;30.06.2023;11:20:52;00:01:09;250,0;17,8;19,9;17,9;23,4;20,0;0,0;93,7;9,37E1;-541,2;20,00;3,0;2,9;39,97;0,07;0,028;0,0;0,01;0,044
71;30.06.2023;11:20:53;00:01:10;250,0;17,8;19,9;17,9;23,4;20,0;0,0;86,1;8,61E1;-541,2;20,00;3,0;3,0;39,97;0,07;0,034;0,0;0,00;0,044
72;30.06.2023;11:20:54;00:01:11;250,0;17,8;19,9;17,9;23,4;20,0;0,0;82,8;8,28E1;-541,2;20,00;3,0;3,0;39,97;0,07;0,033;0,0;0,00;0,043
73;30.06.2023;11:20:55;00:01:12;250,0;17,8;19,9;17,9;23,4;20,0;0,0;76,8;7,68E1;-541,2;20,00;3,0;3,0;39,97;0,07;0,030;0,0;0,00;0,044
74;30.06.2023;11:20:56;00:01:13;250,0;17,8;19,9;17,9;23,3;20,0;0,0;71,3;7,13E1;-541,2;20,00;3,0;3,0;39,97;0,07;0,025;0,0;0,00;0,044
75;30.06.2023;11:20:57;00:01:14;250,0;17,8;19,9;17,9;23,3;20,0;0,0;68,4;6,84E1;-541,2;20,00;3,0;3,0;39,97;0,07;0,025;0,0;0,00;0,043
76;30.06.2023;11:20:58;00:01:15;250,0;17,8;19,9;17,9;23,3;20,0;0,0;63,2;6,32E1;-541,2;20,00;3,0;2,9;39,97;0,07;0,023;0,0;0,00;0,044
77;30.06.2023;11:20:59;00:01:16;250,0;17,8;19,9;17,9;23,3;20,0;0,0;57,7;5,77E1;-541,2;20,00;3,0;2,9;39,97;0,08;0,021;0,0;0,00;0,043
78;30.06.2023;11:21:00;00:01:17;250,0;17,8;19,9;17,9;23,3;20,0;0,0;55,4;5,54E1;-541,2;20,00;3,0;3,0;39,97;0,07;0,021;0,0;0,00;0,044
79;30.06.2023;11:21:01;00:01:18;250,0;17,8;19,9;17,9;23,3;20,0;0,0;51,2;5,12E1;-541,2;20,00;3,0;2,9;39,97;0,07;0,017;0,0;0,00;0,044
80;30.06.2023;11:21:02;00:01:19;250,0;17,8;19,9;17,9;23,3;20,0;0,0;49,1;4,91E1;-541,2;20,00;3,0;3,0;39,97;0,07;0,014;0,0;0,00;0,043
81;30.06.2023;11:21:03;00:01:20;250,0;17,8;19,9;17,9;23,3;20,0;0,0;45,6;4,56E1;-541,2;20,00;3,0;3,0;39,97;0,07;0,014;0,0;0,00;0,042
82;30.06.2023;11:21:04;00:01:21;250,0;17,8;19,9;17,9;23,4;20,0;0,0;42,1;4,21E1;-541,2;20,00;3,0;3,0;39,97;0,08;0,013;0,0;0,00;0,043
83;30.06.2023;11:21:05;00:01:22;250,0;17,8;19,9;17,9;23,4;20,0;0,0;40,2;4,02E1;-541,2;20,00;3,0;3,0;39,97;0,08;0,013;0,0;0,01;0,043
84;30.06.2023;11:21:06;00:01:23;250,0;17,8;19,9;17,9;23,3;20,0;0,0;37,0;3,70E1;-541,2;20,00;3,0;3,0;39,97;0,08;0,013;0,0;0,00;0,044
85;30.06.2023;11:21:07;00:01:24;250,0;17,8;19,9;17,9;23,3;20,0;0,0;34,2;3,42E1;-541,2;20,00;3,0;3,0;39,97;0,08;0,013;0,0;0,00;0,043
86;30.06.2023;11:21:08;00:01:25;250,0;17,8;19,9;17,9;23,3;20,0;0,0;32,8;3,28E1;-541,2;20,00;3,0;3,0;39,97;0,08;0,013;0,0;0,01;0,044
87;30.06.2023;11:21:09;00:01:26;250,0;17,8;19,8;17,8;23,3;20,0;0,0;30,3;3,03E1;-541,2;20,00;3,0;3,0;39,97;0,08;0,014;0,0;0,01;0,043
88;30.06.2023;11:21:10;00:01:27;250,0;17,7;19,8;17,8;23,3;20,0;0,0;27,9;2,79E1;-541,2;20,00;3,0;3,0;39,97;0,08;0,012;0,0;0,00;0,043
89;30.06.2023;11:21:11;00:01:28;250,0;17,7;19,8;17,8;23,3;20,0;0,0;26,9;2,69E1;-541,2;20,00;3,0;3,0;39,97;0,08;0,012;0,0;0,00;0,043
90;30.06.2023;11:21:12;00:01:29;250,0;17,7;19,8;17,8;23,3;20,0;0,0;24,6;2,46E1;-541,2;20,00;3,0;3,0;39,97;0,08;0,011;0,0;0,00;0,044
91;30.06.2023;11:21:13;00:01:30;250,0;17,7;19,8;17,8;23,3;20,0;0,0;22,8;2,28E1;-541,2;20,00;3,0;3,0;39,97;0,08;0,014;0,0;0,00;0,044
92;30.06.2023;11:21:14;00:01:31;250,0;17,7;19,8;17,8;23,3;20,0;0,0;21,6;2,16E1;-541,2;20,00;3,0;3,0;39,97;0,08;0,013;0,0;0,00;0,044
93;30.06.2023;11:21:15;00:01:32;250,0;17,7;19,8;17,8;23,3;20,0;0,0;20,3;2,03E1;-541,2;20,00;3,0;3,0;39,97;0,08;0,008;0,0;0,00;0,044
94;30.06.2023;11:21:16;00:01:33;250,0;17,7;19,8;17,9;23,3;20,0;0,0;19,7;1,97E1;-541,2;20,00;3,0;3,0;39,97;0,08;0,007;0,0;0,00;0,044
95;30.06.2023;11:21:17;00:01:34;250,0;17,7;19,8;17,9;23,3;20,0;0,0;18,1;1,81E1;-541,2;20,00;3,0;3,0;39,97;0,08;0,008;0,0;0,00;0,044
96;30.06.2023;11:21:18;00:01:35;250,0;17,7;19,8;17,9;23,3;20,0;0,0;16,6;1,66E1;-541,2;20,00;3,0;3,0;39,97;0,08;0,006;0,0;0,00;0,044
97;30.06.2023;11:21:19;00:01:36;250,0;17,7;19,8;17,9;23,3;20,0;0,0;16,1;1,61E1;-541,2;20,00;3,0;3,0;39,97;0,08;0,006;0,0;0,00;0,044
98;30.06.2023;11:21:20;00:01:37;250,0;17,8;19,8;17,9;23,3;20,0;0,0;14,7;1,47E1;-541,2;20,00;3,0;3,0;39,97;0,08;0,006;0,0;0,00;0,043
99;30.06.2023;11:21:21;00:01:38;250,0;17,8;19,8;17,9;23,3;20,0;0,0;13,9;1,39E1;-541,2;20,00;3,0;3,0;39,97;0,08;0,007;0,0;0,01;0,044
100;30.06.2023;11:21:22;00:01:39;250,0;17,8;19,8;17,9;23,3;20,0;0,0;13,4;1,34E1;-541,2;20,00;3,0;3,0;39,97;0,08;0,008;0,0;0,00;0,044
101;30.06.2023;11:21:23;00:01:40;250,0;17,8;19,8;17,9;23,3;20,0;0,0;12,5;1,25E1;-541,2;20,00;3,0;3,0;39,97;0,08;0,010;0,0;0,00;0,044
102;30.06.2023;11:21:24;00:01:41;250,0;17,8;19,8;17,9;23,3;20,0;0,0;11,6;1,16E1;-541,2;20,00;3,0;3,0;39,97;0,08;0,007;0,0;0,01;0,043
103;30.06.2023;11:21:25;00:01:42;250,0;17,8;19,8;17,9;23,3;20,0;0,0;11,2;1,12E1;-541,2;20,00;3,0;3,0;39,97;0,08;0,005;0,0;0,00;0,044
104;30.06.2023;11:21:26;00:01:43;250,0;17,8;19,8;17,9;23,3;20,0;0,0;10,2;1,02E1;-541,2;20,00;3,0;3,0;39,97;0,08;0,006;0,0;0,00;0,044
105;30.06.2023;11:21:27;00:01:44;250,0;17,8;19,8;17,9;23,3;20,0;0,0;9,9;9,90E0;-541,2;20,00;3,0;3,0;39,97;0,08;0,007;0,0;0,00;0,043
106;30.06.2023;11:21:28;00:01:45;250,0;17,8;19,8;17,9;23,3;20,0;0,0;9,1;9,08E0;-541,2;20,00;3,0;3,0;39,97;0,08;0,006;0,0;0,01;0,044
107;30.06.2023;11:21:29;00:01:46;250,0;17,7;19,8;17,8;23,2;20,0;0,0;8,0;8,02E0;-541,2;20,00;3,0;3,0;39,97;0,08;0,003;0,0;0,00;0,044
108;30.06.2023;11:21:30;00:01:47;250,0;17,7;19,8;17,9;23,2;20,0;0,0;7,8;7,78E0;-541,2;20,00;3,0;3,0;39,97;0,08;0,006;0,0;0,00;0,044
109;30.06.2023;11:21:31;00:01:48;250,0;17,7;19,8;17,9;23,2;20,0;0,0;7,1;7,11E0;-541,2;20,00;3,0;3,0;39,97;0,08;0,004;0,0;0,00;0,044
110;30.06.2023;11:21:32;00:01:49;250,0;17,7;19,8;17,9;23,2;20,0;0,0;6,5;6,51E0;-541,2;20,00;3,0;3,0;39,97;0,08;0,005;0,0;0,00;0,044
111;30.06.2023;11:21:33;00:01:50;250,0;17,7;19,8;17,9;23,2;20,0;0,0;6,3;6,28E0;-541,2;20,00;3,0;3,0;39,97;0,08;0,006;0,0;0,00;0,044
112;30.06.2023;11:21:34;00:01:51;250,0;17,7;19,8;17,9;23,2;20,0;0,0;5,8;5,79E0;-541,2;20,00;3,0;3,0;39,97;0,08;0,005;0,0;0,00;0,044
113;30.06.2023;11:21:35;00:01:52;250,0;17,7;19,8;17,9;23,2;20,0;0,0;5,3;5,34E0;-541,2;20,00;3,0;3,0;39,97;0,08;0,005;0,0;0,00;0,044
114;30.06.2023;11:21:36;00:01:53;250,0;17,7;19,8;17,9;23,2;20,0;0,0;5,1;5,09E0;-541,2;20,00;3,0;3,0;39,97;0,08;0,004;0,0;0,00;0,043
115;30.06.2023;11:21:37;00:01:54;250,0;17,7;19,8;17,9;23,2;20,0;0,0;4,8;4,79E0;-541,2;20,00;3,0;3,0;39,97;0,08;0,002;0,0;0,00;0,043
116;30.06.2023;11:21:38;00:01:55;250,0;17,7;19,8;17,9;23,2;20,0;0,0;4,5;4,46E0;-541,2;20,00;3,0;3,0;39,97;0,08;-0,001;0,0;0,00;0,043
117;30.06.2023;11:21:39;00:01:56;250,0;17,7;19,8;17,9;23,2;20,0;0,0;4,3;4,31E0;-541,2;20,00;3,0;3,0;39,97;0,08;-0,002;0,0;0,00;0,044
118;30.06.2023;11:21:40;00:01:57;250,0;17,7;19,8;17,9;23,2;20,0;0,0;4,0;3,95E0;-541,2;20,00;3,0;3,0;39,97;0,08;0,000;0,0;0,00;0,044
119;30.06.2023;11:21:41;00:01:58;250,0;17,7;19,8;17,9;23,2;20,0;0,0;3,8;3,77E0;-541,2;20,00;3,0;3,0;39,97;0,08;0,002;0,0;0,00;0,044
120;30.06.2023;11:21:42;00:01:59;250,0;17,7;19,8;17,9;23,2;20,0;0,0;3,6;3,65E0;-541,2;20,00;3,0;3,0;39,97;0,08;0,002;0,0;0,00;0,044
121;30.06.2023;11:21:43;00:02:00;250,0;17,7;19,8;17,9;23,2;20,0;0,0;3,4;3,36E0;-541,2;20,00;3,0;3,0;39,97;0,08;0,001;0,0;0,01;0,044
122;30.06.2023;11:21:44;00:02:01;250,0;17,7;19,8;17,9;23,2;20,0;0,0;3,3;3,31E0;-541,2;20,00;3,0;3,0;39,97;0,08;0,000;0,0;0,01;0,044
123;30.06.2023;11:21:45;00:02:02;250,0;17,7;19,8;18,0;23,2;20,0;0,0;3,1;3,09E0;-541,2;20,00;3,0;3,0;39,97;0,08;0,002;0,0;0,00;0,044
124;30.06.2023;11:21:46;00:02:03;250,0;17,8;19,8;18,0;23,2;20,0;0,0;2,9;2,89E0;-541,2;20,00;3,0;3,0;39,97;0,08;0,000;0,0;0,00;0,044
125;30.06.2023;11:21:47;00:02:04;250,0;17,8;19,8;18,0;23,2;20,0;0,0;2,8;2,77E0;-541,2;20,00;3,0;3,0;39,97;0,08;0,001;0,0;0,00;0,044
126;30.06.2023;11:21:48;00:02:05;250,0;17,8;19,8;18,0;23,2;20,0;0,0;2,6;2,58E0;-541,2;20,00;3,0;2,9;39,97;0,08;0,001;0,0;0,00;0,044
127;30.06.2023;11:21:49;00:02:06;250,0;17,8;19,9;18,0;23,2;20,0;0,0;2,4;2,44E0;-541,2;20,00;3,0;3,0;39,97;0,08;0,002;0,0;0,00;0,044
128;30.06.2023;11:21:50;00:02:07;250,0;17,8;19,9;18,0;23,2;20,0;0,0;2,4;2,37E0;-541,2;20,00;3,0;3,0;39,97;0,08;-0,001;0,0;0,00;0,043
129;30.06.2023;11:21:51;00:02:08;250,0;17,8;19,9;18,0;23,2;20,0;0,0;2,3;2,27E0;-541,2;20,00;3,0;3,0;39,97;0,08;0,001;0,0;0,00;0,044
130;30.06.2023;11:21:52;00:02:09;250,0;17,8;19,9;18,0;23,2;20,0;0,0;2,2;2,17E0;-541,2;20,00;3,0;2,9;39,97;0,08;-0,003;0,0;0,00;0,043
131;30.06.2023;11:21:53;00:02:10;250,0;17,8;19,9;18,0;23,2;20,0;0,0;2,1;2,11E0;-541,2;20,00;3,0;3,0;39,97;0,08;-0,002;0,0;0,00;0,044
132;30.06.2023;11:21:54;00:02:11;250,0;17,8;19,9;18,0;23,2;20,0;0,0;2,0;2,01E0;-541,2;20,00;3,0;3,0;39,97;0,08;0,000;0,0;0,01;0,040
133;30.06.2023;11:21:55;00:02:12;250,0;17,8;19,9;18,0;23,2;20,0;0,0;1,9;1,94E0;-541,2;20,00;3,0;3,0;39,97;0,08;-0,001;0,0;0,00;0,044
134;30.06.2023;11:21:56;00:02:13;250,0;17,8;19,9;18,1;23,2;20,0;0,0;1,8;1,85E0;-541,2;20,00;3,0;3,0;39,97;0,08;-0,001;0,0;0,00;0,043
135;30.06.2023;11:21:57;00:02:14;250,0;17,8;19,9;18,1;23,2;20,0;0,0;1,7;1,75E0;-541,2;20,00;3,0;3,0;39,97;0,08;-0,002;0,0;0,00;0,044
136;30.06.2023;11:21:58;00:02:15;250,0;17,8;19,9;18,1;23,2;20,0;0,0;1,7;1,69E0;-541,2;20,00;3,0;3,0;39,97;0,08;-0,001;0,0;0,00;0,044
137;30.06.2023;11:21:59;00:02:16;250,0;17,8;19,9;18,1;23,2;20,0;0,0;1,6;1,64E0;-541,2;20,00;3,0;3,0;39,97;0,08;0,000;0,0;0,00;0,042
138;30.06.2023;11:22:00;00:02:17;250,0;17,8;19,9;18,1;23,2;20,0;0,0;1,6;1,56E0;-541,2;20,00;3,0;3,0;39,97;0,08;-0,002;0,0;0,00;0,044
139;30.06.2023;11:22:01;00:02:18;250,0;17,8;19,9;18,1;23,2;20,0;0,0;1,5;1,53E0;-541,2;20,00;3,0;3,0;39,97;0,08;-0,002;0,0;0,00;0,043
140;30.06.2023;11:22:02;00:02:19;250,0;17,8;19,9;18,1;23,2;20,0;0,0;1,5;1,46E0;-541,2;20,00;3,0;3,0;39,97;0,08;-0,001;0,0;0,00;0,044
141;30.06.2023;11:22:03;00:02:20;250,0;17,8;19,9;18,1;23,2;20,0;0,0;1,4;1,40E0;-541,2;20,00;3,0;3,0;39,97;0,08;0,001;0,0;0,00;0,044
142;30.06.2023;11:22:04;00:02:21;250,0;17,8;19,9;18,1;23,2;20,0;0,0;1,4;1,37E0;-541,2;20,00;3,0;3,0;39,97;0,08;-0,001;0,0;0,00;0,044
143;30.06.2023;11:22:05;00:02:22;250,0;17,9;19,9;18,1;23,2;20,0;0,0;1,3;1,32E0;-541,2;20,00;3,0;3,0;39,97;0,08;0,000;0,0;0,01;0,041
144;30.06.2023;11:22:06;00:02:23;250,0;17,9;19,9;18,1;23,2;20,0;0,0;1,3;1,29E0;-541,2;20,00;3,0;3,0;39,97;0,08;0,000;0,0;0,00;0,044
145;30.06.2023;11:22:07;00:02:24;250,0;17,9;19,9;18,1;23,2;20,0;0,0;1,2;1,22E0;-541,2;20,00;3,0;3,0;39,97;0,08;0,001;0,0;0,00;0,044
146;30.06.2023;11:22:08;00:02:25;250,0;17,9;19,9;18,1;23,2;20,0;0,0;1,2;1,16E0;-541,2;20,00;3,0;3,0;39,97;0,08;-0,001;0,0;0,01;0,044
147;30.06.2023;11:22:09;00:02:26;250,0;17,9;19,9;18,1;23,2;20,0;0,0;1,1;1,14E0;-541,2;20,00;3,0;3,0;39,97;0,08;-0,003;0,0;0,00;0,044
148;30.06.2023;11:22:10;00:02:27;250,0;17,8;19,9;18,1;23,2;20,0;0,0;1,1;1,11E0;-541,2;20,00;3,0;3,0;39,97;0,08;-0,004;0,0;0,00;0,044
149;30.06.2023;11:22:11;00:02:28;250,0;17,8;19,9;18,1;23,2;20,0;0,0;1,1;1,06E0;-541,2;20,00;3,0;3,0;39,97;0,08;-0,001;0,0;0,00;0,044
150;30.06.2023;11:22:12;00:02:29;250,0;17,8;19,9;18,1;23,2;20,0;0,0;1,0;1,04E0;-541,2;20,00;3,0;3,0;39,97;0,08;0,000;0,0;0,00;0,044
151;30.06.2023;11:22:13;00:02:30;250,0;17,8;19,9;18,1;23,2;20,0;0,0;1,0;1,00E0;-541,2;20,00;3,0;3,0;39,97;0,08;0,000;0,0;0,00;0,041
152;30.06.2023;11:22:14;00:02:31;250,0;17,8;19,9;18,1;23,2;20,0;0,0;1,0;9,62E-1;-541,2;20,00;3,0;3,0;39,97;0,08;-0,001;0,0;0,00;0,044
153;30.06.2023;11:22:15;00:02:32;250,0;17,8;19,9;18,1;23,2;20,0;0,0;0,9;9,43E-1;-541,2;20,00;3,0;3,0;39,97;0,08;0,001;0,0;0,00;0,044
154;30.06.2023;11:22:16;00:02:33;250,0;17,8;19,9;18,1;23,2;20,0;0,0;0,9;9,07E-1;-541,2;20,00;3,0;3,0;39,97;0,08;0,000;0,0;0,00;0,044
155;30.06.2023;11:22:17;00:02:34;250,0;17,8;19,9;18,1;23,2;20,0;0,0;0,9;8,69E-1;-541,2;20,00;3,0;2,9;39,97;0,08;-0,001;0,0;0,00;0,044
156;30.06.2023;11:22:18;00:02:35;250,0;17,9;19,9;18,1;23,2;20,0;0,0;0,8;8,47E-1;-541,2;20,00;3,0;3,0;39,97;0,08;0,001;0,0;0,00;0,044
157;30.06.2023;11:22:19;00:02:36;250,0;17,9;19,9;18,1;23,1;20,0;0,0;0,8;8,12E-1;-541,2;20,00;3,0;3,0;39,97;0,08;0,000;0,0;0,00;0,044
158;30.06.2023;11:22:20;00:02:37;250,0;17,9;19,9;18,1;23,1;20,0;0,0;0,8;7,94E-1;-541,2;20,00;3,0;3,0;39,97;0,08;0,003;0,0;0,00;0,044
159;30.06.2023;11:22:21;00:02:38;250,0;17,9;19,9;18,1;23,1;20,0;0,0;0,8;7,65E-1;-541,2;20,00;3,0;3,0;39,97;0,08;0,000;0,0;0,00;0,044
160;30.06.2023;11:22:22;00:02:39;250,0;17,9;19,9;18,1;23,1;20,0;0,0;0,7;7,38E-1;-541,2;20,00;3,0;3,0;39,97;0,08;-0,002;0,0;0,00;0,044
161;30.06.2023;11:22:23;00:02:40;250,0;17,9;19,9;18,1;23,1;20,0;0,0;0,7;7,25E-1;-541,2;20,00;3,0;3,0;39,97;0,08;-0,002;0,0;0,00;0,044
162;30.06.2023;11:22:24;00:02:41;250,0;17,9;19,9;18,1;23,1;20,0;0,0;0,7;6,97E-1;-541,2;20,00;3,0;3,0;39,97;0,08;0,003;0,0;0,00;0,044
163;30.06.2023;11:22:25;00:02:42;250,0;17,9;19,9;18,1;23,1;20,0;0,0;0,7;6,72E-1;-541,2;20,00;3,0;3,0;39,97;0,08;0,002;0,0;0,00;0,044
164;30.06.2023;11:22:26;00:02:43;250,0;17,9;19,9;18,1;23,1;20,0;0,0;0,7;6,59E-1;-541,2;20,00;3,0;3,0;39,97;0,08;0,001;0,0;0,00;0,044
165;30.06.2023;11:22:27;00:02:44;250,0;17,9;19,9;18,1;23,1;20,0;0,0;0,6;6,35E-1;-541,2;20,00;3,0;2,9;39,97;0,08;0,001;0,0;0,00;0,044
166;30.06.2023;11:22:28;00:02:45;250,0;17,9;19,9;18,1;23,1;20,0;0,0;0,6;6,12E-1;-541,2;20,00;3,0;3,0;39,97;0,08;0,001;0,0;0,00;0,044
167;30.06.2023;11:22:29;00:02:46;250,0;17,9;19,9;18,1;23,1;20,0;0,0;0,6;6,00E-1;-541,2;20,00;3,0;3,0;39,97;0,08;0,001;0,0;0,00;0,044
168;30.06.2023;11:22:30;00:02:47;250,1;17,9;19,9;18,1;23,1;20,0;0,0;0,6;5,74E-1;-541,2;20,00;3,0;3,0;39,97;0,08;0,002;0,0;0,00;0,044
169;30.06.2023;11:22:31;00:02:48;250,0;17,9;19,9;18,1;23,1;20,0;0,0;0,6;5,64E-1;-541,2;20,00;3,0;3,1;39,97;0,08;0,001;0,0;0,01;0,044
170;30.06.2023;11:22:32;00:02:49;250,0;17,9;19,9;18,1;23,1;20,0;0,0;0,5;5,43E-1;-541,2;20,00;3,0;3,0;39,97;0,08;-0,001;0,0;0,00;0,044
171;30.06.2023;11:22:33;00:02:50;250,0;17,9;19,9;18,1;23,1;20,0;0,0;0,5;5,25E-1;-541,2;20,00;3,0;3,1;39,97;0,08;-0,001;0,0;0,00;0,044
172;30.06.2023;11:22:34;00:02:51;250,0;17,9;19,9;18,1;23,1;20,0;0,0;0,5;5,18E-1;-541,2;20,00;3,0;3,1;39,97;0,08;0,001;0,0;0,00;0,044
173;30.06.2023;11:22:35;00:02:52;250,0;17,9;19,9;18,1;23,1;20,0;0,0;0,5;5,03E-1;-541,2;20,00;3,0;3,0;39,97;0,08;-0,001;0,0;0,01;0,044
174;30.06.2023;11:22:36;00:02:53;250,0;17,9;19,9;18,2;23,1;20,0;0,0;0,5;4,87E-1;-541,2;20,00;3,0;3,0;39,97;0,08;-0,001;0,0;0,00;0,044
175;30.06.2023;11:22:37;00:02:54;250,0;17,9;19,9;18,2;23,1;20,0;0,0;0,5;4,80E-1;-541,2;20,00;3,0;3,0;39,97;0,08;-0,001;0,0;0,00;0,044
176;30.06.2023;11:22:38;00:02:55;250,0;17,9;19,9;18,2;23,1;20,0;0,0;0,5;4,67E-1;-541,2;20,00;3,0;3,0;39,97;0,08;-0,001;0,0;0,00;0,044
177;30.06.2023;11:22:39;00:02:56;250,0;17,9;19,9;18,2;23,1;20,0;0,0;0,5;4,53E-1;-541,2;20,00;3,0;3,0;39,97;0,08;0,000;0,0;0,00;0,044
178;30.06.2023;11:22:40;00:02:57;250,0;17,9;19,9;18,2;23,1;20,0;0,0;0,4;4,47E-1;-541,2;20,00;3,0;3,0;39,97;0,08;-0,002;0,0;0,00;0,044
179;30.06.2023;11:22:41;00:02:58;250,0;17,9;19,9;18,2;23,1;20,0;0,0;0,4;4,35E-1;-541,2;20,00;3,0;3,0;39,97;0,08;0,005;0,0;0,00;0,044
180;30.06.2023;11:22:42;00:02:59;250,0;17,9;19,9;18,2;23,1;20,0;0,0;0,4;4,22E-1;-541,2;20,00;3,0;3,0;39,97;0,08;0,005;0,0;0,00;0,044
181;30.06.2023;11:22:43;00:03:00;250,0;17,9;19,9;18,2;23,1;20,0;0,0;0,4;4,16E-1;-541,2;20,00;3,0;3,0;39,97;0,08;0,004;0,0;0,00;0,044
182;30.06.2023;11:22:44;00:03:01;250,0;17,9;19,9;18,2;23,1;20,0;0,0;0,4;4,05E-1;-541,2;20,00;3,0;3,0;39,97;0,08;0,003;0,0;0,00;0,044
183;30.06.2023;11:22:45;00:03:02;250,0;17,9;19,9;18,2;23,1;20,2;0,2;0,4;3,99E-1;-541,2;20,00;3,0;3,0;39,97;0,08;0,005;0,0;0,00;0,044
184;30.06.2023;11:22:46;00:03:03;250,0;17,9;19,9;18,2;23,1;20,8;0,2;0,4;3,89E-1;-541,2;20,00;3,0;3,0;39,97;0,08;0,002;0,0;0,00;0,044
185;30.06.2023;11:22:47;00:03:04;250,0;17,9;19,9;18,2;23,1;21,4;0,3;0,4;3,78E-1;-541,2;20,00;3,0;3,0;39,97;0,08;0,000;0,0;0,01;0,044
186;30.06.2023;11:22:48;00:03:05;250,0;17,9;19,9;18,2;23,1;21,6;0,3;0,4;3,73E-1;-541,2;20,00;3,0;3,0;39,97;0,08;-0,002;0,0;0,00;0,044
187;30.06.2023;11:22:49;00:03:06;250,0;17,9;19,8;18,1;23,0;22,2;0,4;0,4;3,63E-1;-541,2;20,00;3,0;3,0;39,97;0,08;0,001;0,0;0,00;0,044
188;30.06.2023;11:22:50;00:03:07;250,0;17,9;19,8;18,1;23,0;22,8;0,4;0,4;3,57E-1;-541,2;20,00;3,0;3,0;39,97;0,08;0,002;0,0;0,00;0,044
189;30.06.2023;11:22:51;00:03:08;250,0;17,9;19,8;18,1;23,0;23,1;0,5;0,4;3,53E-1;-541,2;20,00;3,0;3,0;39,97;0,08;0,000;0,0;0,00;0,044
190;30.06.2023;11:22:52;00:03:09;250,0;17,9;19,8;18,1;23,0;23,6;0,5;0,3;3,45E-1;-541,2;20,00;3,0;3,0;39,97;0,08;0,001;0,0;0,00;0,044
191;30.06.2023;11:22:53;00:03:10;250,0;17,9;19,8;18,1;23,0;24,2;0,6;0,3;3,38E-1;-541,2;20,00;3,0;3,0;39,97;0,08;0,001;0,0;0,00;0,043
192;30.06.2023;11:22:54;00:03:11;250,0;17,9;19,8;18,1;23,0;24,5;0,6;0,3;3,35E-1;-541,2;20,00;3,0;3,0;39,97;0,08;0,002;0,0;0,00;0,044
193;30.06.2023;11:22:55;00:03:12;250,0;17,9;19,8;18,1;23,1;25,1;0,7;0,3;3,28E-1;-541,2;20,00;3,0;2,9;39,97;0,08;-0,002;0,0;0,00;0,044
194;30.06.2023;11:22:56;00:03:13;250,0;17,9;19,8;18,1;23,1;25,6;0,7;0,3;3,22E-1;-541,2;20,00;3,0;3,0;39,97;0,08;-0,003;0,0;0,00;0,044
195;30.06.2023;11:22:57;00:03:14;250,0;17,9;19,8;18,1;23,1;25,9;0,8;0,3;3,19E-1;-541,2;20,00;3,0;3,0;39,97;0,08;0,000;0,0;0,00;0,044
196;30.06.2023;11:22:58;00:03:15;250,0;17,9;19,8;18,1;23,1;26,5;0,8;0,3;3,13E-1;-541,2;20,00;3,0;3,0;39,97;0,08;0,001;0,0;0,01;0,044
197;30.06.2023;11:22:59;00:03:16;250,0;17,9;19,8;18,1;23,1;26,8;0,8;0,3;3,10E-1;-541,2;20,00;3,0;3,0;39,97;0,08;0,001;0,0;0,00;0,044
198;30.06.2023;11:23:00;00:03:17;250,0;17,9;19,8;18,1;23,0;27,3;0,9;0,3;3,04E-1;-541,2;20,00;3,0;3,0;39,97;0,08;0,002;0,0;0,00;0,044
199;30.06.2023;11:23:01;00:03:18;250,0;17,9;19,8;18,2;23,0;27,9;1,0;0,3;2,98E-1;-541,2;20,00;3,0;3,0;39,97;0,08;0,000;0,0;0,00;0,044
200;30.06.2023;11:23:02;00:03:19;250,0;17,9;19,8;18,2;23,0;28,2;1,0;0,3;2,95E-1;-541,2;20,00;3,0;3,0;39,97;0,08;-0,001;0,0;0,00;0,042
201;30.06.2023;11:23:03;00:03:20;250,0;17,9;19,8;18,1;23,0;28,8;1,0;0,3;2,91E-1;-541,2;20,00;3,0;3,0;39,97;0,08;-0,002;0,0;0,01;0,044
202;30.06.2023;11:23:04;00:03:21;250,0;17,9;19,8;18,1;23,0;29,3;1,1;0,3;2,86E-1;-541,2;20,00;3,0;3,0;39,97;0,08;-0,001;0,0;0,00;0,044
203;30.06.2023;11:23:05;00:03:22;250,0;17,9;19,8;18,1;23,0;29,6;1,1;0,3;2,83E-1;-541,2;20,00;3,0;3,0;39,97;0,08;-0,002;0,0;0,01;0,044
204;30.06.2023;11:23:06;00:03:23;250,0;17,9;19,8;18,2;23,0;30,2;1,2;0,3;2,78E-1;-541,2;20,00;3,0;3,0;39,97;0,08;0,001;0,0;0,00;0,043
205;30.06.2023;11:23:07;00:03:24;250,0;17,9;19,8;18,2;23,0;30,8;1,3;0,3;2,73E-1;-541,2;20,00;3,0;3,0;39,97;0,08;-0,002;0,0;0,00;0,044
206;30.06.2023;11:23:08;00:03:25;250,0;17,9;19,8;18,2;23,0;31,1;1,3;0,3;2,71E-1;-541,2;20,00;3,0;3,0;39,97;0,08;-0,002;0,0;0,01;0,044
207;30.06.2023;11:23:09;00:03:26;250,0;17,9;19,8;18,2;23,0;31,6;1,4;0,3;2,67E-1;-541,2;20,00;3,0;3,0;39,97;0,08;-0,003;0,0;0,01;0,044
208;30.06.2023;11:23:10;00:03:27;250,0;17,9;19,8;18,2;23,0;31,9;1,4;0,3;2,65E-1;-541,2;20,00;3,0;3,0;39,97;0,08;-0,005;0,0;0,00;0,044
209;30.06.2023;11:23:11;00:03:28;250,0;17,9;19,8;18,2;23,0;32,5;1,5;0,3;2,60E-1;-541,2;20,00;3,0;3,0;39,97;0,08;-0,002;0,0;0,00;0,044
210;30.06.2023;11:23:12;00:03:29;250,0;17,9;19,8;18,2;23,0;33,0;1,5;0,3;2,57E-1;-541,2;20,00;3,0;2,9;39,97;0,08;-0,003;0,0;0,00;0,044
211;30.06.2023;11:23:13;00:03:30;250,0;17,9;19,8;18,2;23,0;33,3;1,6;0,3;2,55E-1;-541,2;20,00;3,0;3,0;39,97;0,08;0,000;0,0;0,00;0,044
212;30.06.2023;11:23:14;00:03:31;250,0;17,9;19,8;18,2;23,0;33,9;1,6;0,3;2,51E-1;-541,2;20,00;3,0;3,0;39,97;0,08;0,002;0,0;0,00;0,044
213;30.06.2023;11:23:15;00:03:32;250,0;17,9;19,8;18,2;23,0;34,5;1,7;0,2;2,47E-1;-541,2;20,00;3,0;3,0;39,97;0,08;-0,001;0,0;0,00;0,044
214;30.06.2023;11:23:16;00:03:33;250,0;17,9;19,8;18,2;23,0;34,7;1,7;0,2;2,46E-1;-541,2;20,00;3,0;3,0;39,97;0,08;-0,001;0,0;0,00;0,044
215;30.06.2023;11:23:17;00:03:34;250,0;17,9;19,8;18,2;23,0;35,3;1,8;0,2;2,43E-1;-541,2;20,00;3,0;3,0;39,97;0,08;-0,001;0,0;0,00;0,044
216;30.06.2023;11:23:18;00:03:35;250,0;17,9;19,8;18,2;23,0;35,9;1,8;0,2;2,40E-1;-541,2;20,00;3,0;3,0;39,97;0,08;-0,001;0,0;0,00;0,044
217;30.06.2023;11:23:19;00:03:36;250,0;17,9;19,8;18,2;23,0;36,2;1,9;0,2;2,38E-1;-541,2;20,00;3,0;3,0;39,97;0,08;0,003;0,0;0,01;0,044
218;30.06.2023;11:23:20;00:03:37;250,0;17,9;19,8;18,2;23,0;36,8;1,9;0,2;2,35E-1;-541,2;20,00;3,0;3,0;39,97;0,08;0,002;0,0;0,00;0,044
219;30.06.2023;11:23:21;00:03:38;250,0;17,9;19,9;18,2;23,0;37,3;2,0;0,2;2,33E-1;-541,2;20,00;3,0;3,0;39,97;0,08;-0,002;0,0;0,00;0,044
220;30.06.2023;11:23:22;00:03:39;250,0;17,9;19,9;18,2;23,0;37,6;2,0;0,2;2,31E-1;-541,2;20,00;3,0;3,0;39,97;0,08;-0,001;0,0;0,00;0,044
221;30.06.2023;11:23:23;00:03:40;250,0;17,9;19,9;18,2;23,0;38,2;2,1;0,2;2,29E-1;-541,2;20,00;3,0;3,0;39,97;0,08;-0,001;0,0;0,00;0,044
222;30.06.2023;11:23:24;00:03:41;250,0;17,9;19,9;18,2;23,0;38,4;2,1;0,2;2,28E-1;-541,2;20,00;3,0;3,0;39,97;0,08;0,000;0,0;0,00;0,044
223;30.06.2023;11:23:25;00:03:42;250,0;17,9;19,9;18,2;23,0;39,0;2,2;0,2;2,26E-1;-541,2;20,00;3,0;3,0;39,97;0,08;-0,001;0,0;0,00;0,044
224;30.06.2023;11:23:26;00:03:43;250,0;17,9;19,9;18,2;23,0;39,6;2,3;0,2;2,23E-1;-541,2;20,00;3,0;3,0;39,97;0,08;-0,001;0,0;0,00;0,044
225;30.06.2023;11:23:27;00:03:44;250,0;17,9;19,9;18,2;23,0;39,9;2,3;0,2;2,22E-1;-541,2;20,00;3,0;2,9;39,97;0,08;-0,003;0,0;0,00;0,044
226;30.06.2023;11:23:28;00:03:45;250,0;17,9;19,9;18,2;23,0;40,4;2,4;0,2;2,20E-1;-541,2;20,00;3,0;2,9;39,97;0,08;0,000;0,0;0,01;0,044
227;30.06.2023;11:23:29;00:03:46;250,0;17,9;19,8;18,2;23,0;41,0;2,5;0,2;2,17E-1;-541,2;20,00;3,0;3,0;39,97;0,08;-0,001;0,0;0,00;0,044
228;30.06.2023;11:23:30;00:03:47;250,0;17,9;19,8;18,2;23,0;41,3;2,5;0,2;2,16E-1;-541,2;20,00;3,0;3,0;39,97;0,08;0,002;0,0;0,00;0,044
229;30.06.2023;11:23:31;00:03:48;250,0;17,9;19,8;18,2;23,0;41,9;2,6;0,2;2,14E-1;-541,2;20,00;3,0;3,0;39,97;0,08;0,001;0,0;0,00;0,044
230;30.06.2023;11:23:32;00:03:49;250,0;17,9;19,8;18,2;23,0;42,4;2,6;0,2;2,12E-1;-541,2;20,00;3,0;3,0;39,97;0,08;-0,001;0,0;0,01;0,044
231;30.06.2023;11:23:33;00:03:50;250,0;17,9;19,8;18,2;23,0;42,7;2,7;0,2;2,11E-1;-541,2;20,00;3,0;3,1;39,97;0,08;0,002;0,0;0,00;0,044
232;30.06.2023;11:23:34;00:03:51;250,0;17,9;19,8;18,2;23,0;43,3;2,8;0,2;2,09E-1;-541,2;20,00;3,0;3,0;39,97;0,08;0,000;0,0;0,00;0,044
233;30.06.2023;11:23:35;00:03:52;250,0;17,9;19,8;18,2;23,0;43,8;2,8;0,2;2,07E-1;-541,2;20,00;3,0;3,0;39,97;0,08;0,002;0,0;0,00;0,044
234;30.06.2023;11:23:36;00:03:53;250,0;17,9;19,8;18,2;23,0;44,1;2,9;0,2;2,06E-1;-541,2;20,00;3,0;3,0;39,97;0,08;0,001;0,0;0,00;0,044
235;30.06.2023;11:23:37;00:03:54;250,0;17,9;19,8;18,2;23,0;44,7;2,9;0,2;2,04E-1;-541,2;20,00;3,0;3,0;39,97;0,08;0,002;0,0;0,00;0,044
236;30.06.2023;11:23:38;00:03:55;250,0;17,9;19,8;18,2;23,0;45,0;3,0;0,2;2,03E-1;-541,2;20,00;3,0;3,0;39,97;0,08;0,003;0,0;0,00;0,044
237;30.06.2023;11:23:39;00:03:56;250,0;17,9;19,8;18,2;23,0;45,6;3,1;0,2;2,01E-1;-541,2;20,00;3,0;3,0;39,97;0,08;-0,001;0,0;0,00;0,044
238;30.06.2023;11:23:40;00:03:57;250,0;17,9;19,8;18,2;23,0;46,1;3,1;0,2;1,99E-1;-541,2;20,00;3,0;3,0;39,97;0,08;0,001;0,0;0,00;0,044
239;30.06.2023;11:23:41;00:03:58;250,0;17,9;19,8;18,2;23,0;46,4;3,2;0,2;1,99E-1;-541,2;20,00;3,0;3,0;39,97;0,08;0,001;0,0;0,00;0,044
240;30.06.2023;11:23:42;00:03:59;250,0;17,9;19,8;18,2;23,0;47,0;3,2;0,2;1,97E-1;-541,2;20,00;3,0;3,1;39,97;0,08;0,007;0,0;0,00;0,044
241;30.06.2023;11:23:43;00:04:00;250,0;17,9;19,8;18,2;23,0;47,6;3,3;0,2;1,95E-1;-541,2;20,00;3,0;3,0;39,97;0,08;0,008;0,0;0,00;0,044
242;30.06.2023;11:23:44;00:04:01;250,0;17,9;19,8;18,2;23,0;47,9;3,4;0,2;1,94E-1;-541,2;20,00;3,0;3,0;39,97;0,08;0,007;0,0;0,00;0,044
243;30.06.2023;11:23:45;00:04:02;250,0;17,9;19,8;18,2;23,0;48,4;3,4;0,2;1,92E-1;-541,2;20,00;3,0;3,0;39,97;0,08;0,009;0,0;0,00;0,044
244;30.06.2023;11:23:46;00:04:03;250,0;17,9;19,8;18,2;23,0;49,0;3,5;0,2;1,91E-1;-541,2;20,00;3,0;3,0;39,97;0,08;0,006;0,0;0,01;0,044
245;30.06.2023;11:23:47;00:04:04;250,0;17,9;19,8;18,2;23,0;49,3;3,6;0,2;1,90E-1;-541,2;20,00;3,0;3,0;39,97;0,08;0,005;0,0;0,01;0,044
246;30.06.2023;11:23:48;00:04:05;250,0;17,9;19,8;18,2;23,0;49,8;3,6;0,2;1,88E-1;-541,2;20,00;3,0;3,0;39,97;0,08;0,006;0,0;0,01;0,044
247;30.06.2023;11:23:49;00:04:06;250,0;17,8;19,8;18,1;22,9;50,1;3,7;0,2;1,87E-1;-541,2;20,00;3,0;3,0;39,97;0,08;0,004;0,0;0,00;0,044
248;30.06.2023;11:23:50;00:04:07;250,0;17,9;19,7;18,2;22,9;50,7;3,8;0,2;1,86E-1;-541,2;20,00;3,0;3,0;39,97;0,08;0,002;0,0;0,00;0,044
249;30.06.2023;11:23:51;00:04:08;250,0;17,9;19,7;18,2;22,9;51,3;3,8;0,2;1,84E-1;-541,2;20,00;3,0;2,9;39,97;0,08;0,000;0,0;0,00;0,044
250;30.06.2023;11:23:52;00:04:09;250,0;17,8;19,7;18,2;22,9;51,5;3,9;0,2;1,84E-1;-541,2;20,00;3,0;2,9;39,97;0,08;-0,001;0,0;0,00;0,044
251;30.06.2023;11:23:53;00:04:10;250,0;17,8;19,7;18,2;22,9;52,1;4,0;0,2;1,82E-1;-541,2;20,00;3,0;3,0;39,97;0,08;0,001;0,0;0,00;0,044
252;30.06.2023;11:23:54;00:04:11;250,0;17,8;19,7;18,2;22,9;52,7;4,0;0,2;1,81E-1;-541,2;20,00;3,0;3,0;39,97;0,08;0,002;0,0;0,00;0,044
253;30.06.2023;11:23:55;00:04:12;250,0;17,8;19,7;18,2;22,9;53,0;4,1;0,2;1,80E-1;-541,2;20,00;3,0;3,0;39,97;0,08;0,001;0,0;0,00;0,044
254;30.06.2023;11:23:56;00:04:13;250,0;17,9;19,7;18,2;22,9;53,6;4,2;0,2;1,79E-1;-541,2;20,00;3,0;3,0;39,97;0,08;0,000;0,0;0,01;0,044
255;30.06.2023;11:23:57;00:04:14;250,0;17,9;19,7;18,2;22,9;54,1;4,2;0,2;1,77E-1;-541,2;20,00;3,0;3,0;39,97;0,08;0,001;0,0;0,01;0,044
256;30.06.2023;11:23:58;00:04:15;250,0;17,9;19,7;18,2;22,9;54,4;4,3;0,2;1,76E-1;-541,2;20,00;3,0;3,0;39,97;0,08;-0,002;0,0;0,00;0,044
257;30.06.2023;11:23:59;00:04:16;250,0;17,9;19,7;18,2;22,9;55,0;4,4;0,2;1,75E-1;-541,2;20,00;3,0;3,0;39,97;0,08;-0,005;0,0;0,00;0,044
258;30.06.2023;11:24:00;00:04:17;250,0;17,9;19,8;18,2;22,9;55,5;4,5;0,2;1,74E-1;-541,2;20,00;3,0;2,9;39,97;0,08;-0,001;0,0;0,00;0,044
259;30.06.2023;11:24:01;00:04:18;250,0;17,9;19,8;18,2;22,9;55,8;4,5;0,2;1,74E-1;-541,2;20,00;3,0;2,9;39,97;0,08;-0,003;0,0;0,00;0,044
260;30.06.2023;11:24:02;00:04:19;250,0;17,9;19,8;18,2;22,9;56,4;4,6;0,2;1,72E-1;-541,2;20,00;3,0;2,9;39,97;0,08;-0,003;0,0;0,00;0,044
261;30.06.2023;11:24:03;00:04:20;250,0;17,9;19,8;18,2;22,9;56,7;4,6;0,2;1,72E-1;-541,2;20,00;3,0;3,0;39,97;0,08;-0,001;0,0;0,00;0,044
262;30.06.2023;11:24:04;00:04:21;250,0;17,9;19,8;18,2;22,9;57,2;4,7;0,2;1,70E-1;-541,2;20,00;3,0;3,0;39,97;0,08;0,003;0,0;0,00;0,044
263;30.06.2023;11:24:05;00:04:22;250,0;17,9;19,8;18,2;22,9;57,8;4,8;0,2;1,69E-1;-541,2;20,00;3,0;3,0;39,97;0,08;0,001;0,0;0,00;0,044
264;30.06.2023;11:24:06;00:04:23;250,0;17,9;19,8;18,2;22,9;58,1;4,8;0,2;1,69E-1;-541,2;20,00;3,0;3,0;39,97;0,08;-0,002;0,0;0,00;0,044
265;30.06.2023;11:24:07;00:04:24;250,0;17,9;19,8;18,2;22,9;58,7;4,9;0,2;1,68E-1;-541,2;20,00;3,0;3,0;39,97;0,08;0,002;0,0;0,00;0,044
266;30.06.2023;11:24:08;00:04:25;250,0;17,9;19,8;18,2;22,9;59,2;5,0;0,2;1,67E-1;-541,2;20,00;3,0;3,0;39,97;0,08;-0,001;0,0;0,00;0,044
267;30.06.2023;11:24:09;00:04:26;250,0;17,9;19,8;18,2;22,9;59,5;5,1;0,2;1,66E-1;-541,2;20,00;3,0;3,0;39,97;0,08;-0,002;0,0;0,00;0,044
268;30.06.2023;11:24:10;00:04:27;250,0;17,9;19,7;18,2;22,9;60,1;5,1;0,2;1,65E-1;-541,2;20,00;3,0;3,0;39,97;0,08;-0,001;0,0;0,00;0,044
269;30.06.2023;11:24:11;00:04:28;250,0;17,9;19,7;18,2;22,9;60,6;5,2;0,2;1,64E-1;-541,2;20,00;3,0;3,0;39,97;0,08;0,002;0,0;0,00;0,044
270;30.06.2023;11:24:12;00:04:29;250,0;17,9;19,8;18,2;22,9;60,9;5,3;0,2;1,64E-1;-541,2;20,00;3,0;3,0;39,97;0,08;-0,001;0,0;0,01;0,044
271;30.06.2023;11:24:13;00:04:30;250,0;17,9;19,8;18,2;22,9;61,5;5,4;0,2;1,63E-1;-541,2;20,00;3,0;3,0;39,97;0,08;0,000;0,0;0,00;0,044
272;30.06.2023;11:24:14;00:04:31;250,0;17,9;19,8;18,2;22,9;62,1;5,5;0,2;1,62E-1;-541,2;20,00;3,0;3,0;39,97;0,08;-0,003;0,0;0,00;0,044
273;30.06.2023;11:24:15;00:04:32;250,0;17,9;19,8;18,2;22,9;62,4;5,5;0,2;1,62E-1;-541,2;20,00;3,0;3,0;39,98;0,08;-0,001;0,0;2,67;0,172
274;30.06.2023;11:24:16;00:04:33;250,1;17,9;19,7;18,2;22,9;62,9;5,6;0,2;1,61E-1;-541,2;20,00;3,0;3,0;39,98;0,08;0,022;0,7;3,19;0,213
275;30.06.2023;11:24:17;00:04:34;250,0;17,9;19,7;18,2;22,9;63,2;5,6;0,2;1,60E-1;-541,2;20,00;3,0;3,0;39,97;0,08;0,026;0,7;3,19;0,215
276;30.06.2023;11:24:18;00:04:35;250,1;17,9;19,8;18,2;22,9;63,8;5,7;0,2;1,60E-1;-541,2;20,00;3,0;3,1;39,98;0,08;0,028;0,7;3,21;0,215
277;30.06.2023;11:24:19;00:04:36;250,0;17,9;19,8;18,2;23,0;64,4;5,8;0,2;1,59E-1;-541,2;20,00;3,0;3,1;39,98;0,08;0,019;0,7;3,23;0,216
278;30.06.2023;11:24:20;00:04:37;250,1;18,2;19,8;18,2;23,1;64,7;5,9;0,2;1,58E-1;-541,2;20,00;3,0;3,0;39,97;0,08;0,013;0,7;3,19;0,215
279;30.06.2023;11:24:21;00:04:38;250,0;18,2;19,8;18,2;23,1;65,2;5,9;0,2;1,58E-1;-541,2;20,00;3,0;3,0;39,98;0,08;0,012;0,7;3,21;0,220
280;30.06.2023;11:24:22;00:04:39;250,1;18,6;19,8;18,3;23,3;65,8;6,0;0,2;1,57E-1;-541,2;20,00;3,0;3,0;39,98;0,08;0,013;0,7;3,24;0,221
281;30.06.2023;11:24:23;00:04:40;250,1;18,6;19,9;18,3;23,3;66,1;6,0;0,2;1,57E-1;-541,2;20,00;3,0;2,9;39,98;0,08;0,007;0,7;3,25;0,220
282;30.06.2023;11:24:24;00:04:41;250,1;19,5;19,9;18,3;23,5;66,6;6,1;0,2;1,56E-1;-541,2;20,00;3,0;3,0;39,98;0,08;0,007;0,7;3,23;0,224
283;30.06.2023;11:24:25;00:04:42;250,0;20,6;20,0;18,3;23,5;67,2;6,1;0,2;1,55E-1;-541,2;20,00;3,0;3,1;39,98;0,08;0,009;0,7;3,24;0,225
284;30.06.2023;11:24:26;00:04:43;250,1;20,6;20,0;18,3;23,6;67,5;6,1;0,2;1,55E-1;-541,2;20,00;3,0;3,0;39,98;0,08;0,001;0,7;3,28;0,223
285;30.06.2023;11:24:27;00:04:44;250,0;20,6;20,1;18,4;23,6;68,1;6,2;0,2;1,54E-1;-541,2;20,00;3,0;2,9;39,98;0,08;-0,004;0,7;3,24;0,225
286;30.06.2023;11:24:28;00:04:45;250,2;21,9;20,1;18,4;23,7;68,6;6,2;0,2;1,54E-1;-541,2;20,00;3,0;2,9;39,98;0,08;-0,005;0,7;3,24;0,225
287;30.06.2023;11:24:29;00:04:46;250,2;21,9;20,1;18,4;23,7;68,9;6,2;0,2;1,54E-1;-541,2;20,00;3,0;3,0;39,98;0,08;-0,002;0,7;3,27;0,225
288;30.06.2023;11:24:30;00:04:47;250,0;23,6;20,2;18,5;23,7;69,5;6,2;0,2;1,53E-1;-541,2;20,00;3,0;3,0;39,98;0,08;-0,001;0,7;3,26;0,225
289;30.06.2023;11:24:31;00:04:48;250,1;23,6;20,2;18,5;23,7;69,7;6,2;0,2;1,53E-1;-541,2;20,00;3,0;3,1;39,98;0,08;0,004;0,7;3,25;0,225
290;30.06.2023;11:24:32;00:04:49;250,0;25,3;20,3;18,6;23,8;70,3;6,2;0,2;1,53E-1;-541,2;20,00;3,0;3,1;39,98;0,08;0,002;0,7;3,26;0,226
291;30.06.2023;11:24:33;00:04:50;250,2;25,3;20,4;18,6;23,8;70,9;6,2;0,2;1,52E-1;-541,2;20,00;3,0;3,0;39,98;0,08;0,004;0,7;3,21;0,225
292;30.06.2023;11:24:34;00:04:51;250,1;25,3;20,4;18,6;23,8;71,2;6,3;0,2;1,52E-1;-541,2;20,00;3,0;3,0;39,98;0,08;-0,002;0,7;3,25;0,226
293;30.06.2023;11:24:35;00:04:52;250,1;27,0;20,4;18,6;23,8;71,8;6,2;0,2;1,51E-1;-541,2;20,00;3,0;3,1;39,98;0,08;0,001;0,7;3,23;0,225
294;30.06.2023;11:24:36;00:04:53;250,0;28,7;20,5;18,7;23,8;72,3;6,2;0,2;1,51E-1;-541,2;20,00;3,0;3,1;39,98;0,08;0,000;0,7;3,26;0,225
295;30.06.2023;11:24:37;00:04:54;250,0;28,7;20,5;18,7;23,8;72,6;6,2;0,2;1,51E-1;-541,2;20,00;3,0;3,0;39,98;0,08;0,000;0,7;3,24;0,226
296;30.06.2023;11:24:38;00:04:55;250,0;30,4;20,6;18,8;23,8;73,2;6,1;0,2;1,50E-1;-541,2;20,00;3,0;3,0;39,98;0,08;0,000;0,7;3,22;0,225
297;30.06.2023;11:24:39;00:04:56;250,2;30,4;20,7;18,8;23,8;73,8;6,2;0,1;1,50E-1;-541,2;20,00;3,0;3,0;39,98;0,08;0,001;0,7;3,22;0,226
298;30.06.2023;11:24:40;00:04:57;250,2;32,0;20,7;18,8;23,8;74,0;6,2;0,1;1,49E-1;-541,2;20,00;3,0;3,0;39,98;0,08;-0,003;0,7;3,22;0,228
299;30.06.2023;11:24:41;00:04:58;250,2;32,0;20,8;18,9;23,8;74,6;6,2;0,1;1,49E-1;-541,2;20,00;3,0;3,0;39,98;0,08;-0,001;0,7;3,26;0,225
300;30.06.2023;11:24:42;00:04:59;250,1;33,6;20,8;18,9;23,9;74,9;6,1;0,1;1,49E-1;-541,2;20,00;3,0;3,0;39,98;0,08;0,001;0,7;3,24;0,227
301;30.06.2023;11:24:43;00:05:00;250,2;33,6;20,8;18,9;23,9;75,4;6,2;0,1;1,48E-1;-541,2;20,00;3,0;3,0;39,98;0,08;-0,007;0,7;3,27;0,226
302;30.06.2023;11:24:44;00:05:01;250,1;35,2;20,9;19,0;23,9;76,0;6,2;0,1;1,48E-1;-541,2;20,00;3,0;2,9;39,98;0,08;-0,008;0,7;3,28;0,229
303;30.06.2023;11:24:45;00:05:02;250,3;35,2;20,9;19,0;23,9;76,3;6,2;0,1;1,48E-1;-541,2;20,00;3,0;3,1;39,98;0,08;-0,001;0,7;3,25;0,230
304;30.06.2023;11:24:46;00:05:03;250,1;36,8;21,0;19,0;23,9;76,9;6,1;0,1;1,47E-1;-541,2;20,00;3,0;3,0;39,98;0,08;0,000;0,7;3,24;0,227
305;30.06.2023;11:24:47;00:05:04;250,1;36,8;21,0;19,0;23,9;77,4;6,2;0,1;1,47E-1;-541,2;20,00;3,0;3,0;39,98;0,08;0,002;0,7;3,26;0,228
306;30.06.2023;11:24:48;00:05:05;250,2;38,4;21,0;19,1;23,9;77,7;6,2;0,1;1,47E-1;-541,2;20,00;3,0;3,0;39,98;0,08;0,001;0,8;3,25;0,230
307;30.06.2023;11:24:49;00:05:06;250,0;38,4;21,2;19,1;23,9;78,3;6,2;0,1;1,46E-1;-541,2;20,00;3,0;3,0;39,98;0,08;0,006;0,7;3,26;0,229
308;30.06.2023;11:24:50;00:05:07;250,1;40,1;21,2;19,2;23,9;78,8;6,2;0,1;1,46E-1;-541,2;20,00;3,0;3,0;39,98;0,08;0,000;0,7;3,25;0,230
309;30.06.2023;11:24:51;00:05:08;250,0;40,1;21,2;19,2;23,9;79,2;6,2;0,1;1,46E-1;-541,2;20,00;3,0;3,0;39,98;0,08;0,001;0,7;3,23;0,229
310;30.06.2023;11:24:52;00:05:09;250,0;41,7;21,3;19,3;23,9;79,7;6,2;0,1;1,45E-1;-541,2;20,00;3,0;3,1;39,98;0,08;0,001;0,7;3,24;0,228
311;30.06.2023;11:24:53;00:05:10;250,1;41,7;21,3;19,3;23,9;80,3;6,2;0,1;1,45E-1;-541,2;20,00;3,0;3,0;39,98;0,08;-0,007;0,7;3,24;0,230
312;30.06.2023;11:24:54;00:05:11;250,2;41,7;21,3;19,4;23,9;80,6;6,3;0,1;1,45E-1;-541,2;20,00;3,0;3,0;39,98;0,08;-0,006;0,7;3,26;0,230
313;30.06.2023;11:24:55;00:05:12;250,2;43,2;21,3;19,4;24,0;81,1;6,2;0,1;1,44E-1;-541,2;20,00;3,0;3,0;39,98;0,08;-0,002;0,8;3,25;0,230
314;30.06.2023;11:24:56;00:05:13;250,0;44,7;21,4;19,4;24,0;81,4;6,2;0,1;1,44E-1;-541,2;20,00;3,0;2,9;39,98;0,08;-0,003;0,8;3,27;0,230
315;30.06.2023;11:24:57;00:05:14;250,0;44,7;21,5;19,4;24,0;82,0;6,2;0,1;1,44E-1;-541,2;20,00;3,0;2,9;39,98;0,08;-0,002;0,7;3,22;0,230
316;30.06.2023;11:24:58;00:05:15;250,0;46,1;21,5;19,5;24,0;82,6;6,2;0,1;1,44E-1;-541,2;20,00;3,0;3,0;39,98;0,08;0,002;0,7;3,26;0,230
317;30.06.2023;11:24:59;00:05:16;250,0;46,1;21,5;19,5;24,0;82,9;6,2;0,1;1,43E-1;-541,2;20,00;3,0;3,0;39,98;0,08;0,000;0,7;3,24;0,230
318;30.06.2023;11:25:00;00:05:17;250,0;47,4;21,6;19,6;24,0;83,4;6,2;0,1;1,43E-1;-541,2;20,00;3,0;3,0;39,98;0,08;0,000;0,7;3,26;0,230
319;30.06.2023;11:25:01;00:05:18;250,0;48,7;21,7;19,6;24,0;84,0;6,3;0,1;1,43E-1;-541,2;20,00;3,0;2,9;39,98;0,08;0,000;0,7;3,24;0,230
320;30.06.2023;11:25:02;00:05:19;250,0;48,7;21,7;19,6;24,0;84,3;6,2;0,1;1,42E-1;-541,2;20,00;3,0;3,0;39,98;0,08;-0,001;0,8;3,24;0,230
321;30.06.2023;11:25:03;00:05:20;250,1;48,7;21,7;19,6;24,0;84,9;6,3;0,1;1,42E-1;-541,2;20,00;3,0;3,0;39,98;0,08;-0,004;0,7;3,27;0,233
322;30.06.2023;11:25:04;00:05:21;250,0;50,0;21,7;19,7;24,0;85,4;6,2;0,1;1,42E-1;-541,2;20,00;3,0;3,0;39,98;0,08;0,001;0,8;3,22;0,232
323;30.06.2023;11:25:05;00:05:22;250,0;50,0;21,7;19,7;24,0;85,7;6,3;0,1;1,42E-1;-541,2;20,00;3,0;3,1;39,98;0,08;0,002;0,7;3,30;0,231
324;30.06.2023;11:25:06;00:05:23;250,1;51,3;21,8;19,8;24,0;86,3;6,3;0,1;1,41E-1;-541,2;20,00;3,0;3,1;39,98;0,08;0,003;0,8;3,26;0,231
325;30.06.2023;11:25:07;00:05:24;250,0;51,3;21,9;19,8;24,0;86,8;6,3;0,1;1,41E-1;-541,2;20,00;3,0;3,0;39,98;0,08;0,007;0,8;3,25;0,231
326;30.06.2023;11:25:08;00:05:25;250,1;52,5;21,9;19,8;23,9;87,1;6,3;0,1;1,41E-1;-541,2;20,00;3,0;3,0;39,98;0,08;0,002;0,8;3,24;0,231
327;30.06.2023;11:25:09;00:05:26;250,0;52,5;21,9;19,8;23,9;87,7;6,4;0,1;1,40E-1;-541,2;20,00;3,0;3,0;39,98;0,08;-0,002;0,8;3,25;0,231
328;30.06.2023;11:25:10;00:05:27;250,0;52,5;21,9;19,8;23,9;88,0;6,4;0,1;1,40E-1;-541,2;20,00;3,0;3,0;39,98;0,08;-0,004;0,8;3,21;0,232
329;30.06.2023;11:25:11;00:05:28;250,0;53,7;21,9;19,9;23,9;88,6;6,4;0,1;1,40E-1;-541,2;20,00;3,0;2,9;39,98;0,08;-0,005;0,8;3,25;0,234
330;30.06.2023;11:25:12;00:05:29;250,1;55,0;22,0;19,9;23,9;89,1;6,3;0,1;1,39E-1;-541,2;20,00;3,0;3,0;39,98;0,08;-0,002;0,8;3,25;0,230
331;30.06.2023;11:25:13;00:05:30;250,0;55,0;22,0;19,9;23,9;89,4;6,4;0,1;1,39E-1;-541,2;20,00;3,0;3,0;39,98;0,08;-0,003;0,8;3,24;0,232
332;30.06.2023;11:25:14;00:05:31;250,0;55,0;22,0;20,0;23,9;90,0;6,5;0,1;1,39E-1;-541,2;20,00;3,0;3,0;39,98;0,08;-0,006;0,7;3,28;0,233
333;30.06.2023;11:25:15;00:05:32;250,1;56,2;22,0;20,0;23,9;90,6;6,4;0,1;1,38E-1;-541,2;20,00;3,0;3,0;39,98;0,08;-0,002;0,8;3,26;0,234
334;30.06.2023;11:25:16;00:05:33;250,0;57,4;22,1;20,1;24,0;90,8;6,4;0,1;1,38E-1;-541,2;20,00;3,0;3,1;39,98;0,08;0,004;0,8;3,24;0,234
335;30.06.2023;11:25:17;00:05:34;250,0;57,4;22,2;20,1;24,0;91,4;6,5;0,1;1,38E-1;-541,2;20,00;3,0;3,0;39,98;0,08;-0,005;0,7;3,24;0,234
336;30.06.2023;11:25:18;00:05:35;250,0;58,5;22,2;20,1;24,0;92,0;6,4;0,1;1,38E-1;-541,2;20,00;3,0;3,0;39,98;0,08;0,001;0,8;3,25;0,234
337;30.06.2023;11:25:19;00:05:36;250,1;58,5;22,3;20,1;24,0;92,2;6,5;0,1;1,37E-1;-541,2;20,00;3,0;3,1;39,98;0,08;-0,001;0,8;3,26;0,234
338;30.06.2023;11:25:20;00:05:37;250,0;59,6;22,3;20,2;24,0;92,8;6,5;0,1;1,37E-1;-541,2;20,00;3,0;3,0;39,98;0,08;-0,002;0,8;3,25;0,234
339;30.06.2023;11:25:21;00:05:38;250,0;59,6;22,3;20,2;24,0;93,1;6,5;0,1;1,37E-1;-541,2;20,00;3,0;2,9;39,98;0,08;-0,001;0,8;3,24;0,234
340;30.06.2023;11:25:22;00:05:39;250,0;60,6;22,3;20,2;24,0;93,7;6,5;0,1;1,36E-1;-541,2;20,00;3,0;3,0;39,98;0,08;-0,004;0,8;3,28;0,234
341;30.06.2023;11:25:23;00:05:40;250,0;60,6;22,4;20,3;24,0;94,2;6,6;0,1;1,36E-1;-541,2;20,00;3,0;3,0;39,97;0,08;-0,004;0,8;3,24;0,234
342;30.06.2023;11:25:24;00:05:41;250,2;61,6;22,4;20,3;24,0;94,5;6,6;0,1;1,36E-1;-541,2;20,00;3,0;3,0;39,98;0,08;-0,005;0,8;3,27;0,234
343;30.06.2023;11:25:25;00:05:42;250,0;61,6;22,4;20,3;24,0;95,1;6,6;0,1;1,35E-1;-541,2;20,00;3,0;2,9;39,97;0,08;-0,007;0,8;3,29;0,234
344;30.06.2023;11:25:26;00:05:43;250,0;62,7;22,4;20,3;24,1;95,6;6,6;0,1;1,35E-1;-541,2;20,00;3,0;3,0;39,97;0,08;-0,006;0,8;3,30;0,234
345;30.06.2023;11:25:27;00:05:44;250,1;62,7;22,5;20,4;24,1;95,9;6,6;0,1;1,35E-1;-541,2;20,00;3,0;3,0;39,97;0,08;-0,011;0,8;3,30;0,235
346;30.06.2023;11:25:28;00:05:45;250,1;63,7;22,5;20,4;24,1;96,5;6,6;0,1;1,34E-1;-541,2;20,00;3,0;3,0;39,98;0,08;-0,007;0,8;3,28;0,236
347;30.06.2023;11:25:29;00:05:46;250,2;63,6;22,4;20,3;24,1;97,1;6,7;0,1;1,34E-1;-541,2;20,00;3,0;3,0;39,98;0,08;-0,006;0,8;3,30;0,234
348;30.06.2023;11:25:30;00:05:47;250,0;63,6;22,5;20,3;24,0;97,4;6,8;0,1;1,34E-1;-541,2;20,00;3,0;3,0;39,97;0,08;-0,004;0,8;3,29;0,237
349;30.06.2023;11:25:31;00:05:48;250,1;64,6;22,5;20,3;24,0;97,9;6,7;0,1;1,33E-1;-541,2;20,00;3,0;3,0;39,98;0,08;-0,007;0,8;3,30;0,235
350;30.06.2023;11:25:32;00:05:49;250,2;65,7;22,5;20,4;24,0;98,5;6,7;0,1;1,33E-1;-541,2;20,00;3,0;3,0;39,97;0,08;-0,011;0,8;3,32;0,237
351;30.06.2023;11:25:33;00:05:50;250,0;65,7;22,5;20,4;24,0;98,8;6,8;0,1;1,33E-1;-541,2;20,00;3,0;3,1;39,97;0,08;-0,007;0,8;3,29;0,236
352;30.06.2023;11:25:34;00:05:51;250,0;66,7;22,6;20,5;24,0;99,4;6,8;0,1;1,32E-1;-541,2;20,00;3,0;3,0;39,98;0,08;-0,006;0,8;3,30;0,238
353;30.06.2023;11:25:35;00:05:52;250,3;66,7;22,6;20,5;24,0;99,7;6,8;0,1;1,32E-1;-541,2;20,00;3,0;3,0;39,97;0,08;-0,001;0,8;3,27;0,239
354;30.06.2023;11:25:36;00:05:53;250,0;67,8;22,6;20,5;24,0;100,2;6,8;0,1;1,32E-1;-541,2;20,00;3,0;3,0;39,97;0,08;-0,004;0,8;3,29;0,239
355;30.06.2023;11:25:37;00:05:54;250,1;67,8;22,7;20,6;24,0;100,8;6,9;0,1;1,31E-1;-541,2;20,00;3,0;3,0;39,97;0,08;-0,002;0,8;3,28;0,237
356;30.06.2023;11:25:38;00:05:55;250,3;67,8;22,7;20,6;24,0;101,1;6,9;0,1;1,31E-1;-541,2;20,00;3,0;3,0;39,98;0,08;-0,005;0,8;3,32;0,240
357;30.06.2023;11:25:39;00:05:56;250,1;68,7;22,7;20,6;24,0;101,7;6,9;0,1;1,31E-1;-541,2;20,00;3,0;3,0;39,98;0,08;-0,004;0,8;3,30;0,239
358;30.06.2023;11:25:40;00:05:57;250,0;69,6;22,8;20,6;24,0;102,2;6,9;0,1;1,31E-1;-541,2;20,00;3,0;3,1;39,97;0,08;-0,001;0,8;3,32;0,239
359;30.06.2023;11:25:41;00:05:58;250,1;69,6;22,8;20,6;24,0;102,5;6,9;0,1;1,30E-1;-541,2;20,00;3,0;3,0;39,98;0,08;-0,001;0,8;3,34;0,239
360;30.06.2023;11:25:42;00:05:59;250,0;70,5;22,8;20,7;24,0;103,1;7,0;0,1;1,30E-1;-541,2;20,00;3,0;2,9;39,97;0,08;-0,006;0,8;3,30;0,240
361;30.06.2023;11:25:43;00:06:00;250,3;70,5;22,8;20,7;24,0;103,6;7,0;0,1;1,30E-1;-541,2;20,00;3,0;3,0;39,97;0,08;-0,007;0,8;3,30;0,243
362;30.06.2023;11:25:44;00:06:01;250,0;71,4;22,9;20,7;24,0;103,9;7,0;0,1;1,30E-1;-541,2;20,00;3,0;3,0;39,97;0,08;-0,009;0,8;3,35;0,239
363;30.06.2023;11:25:45;00:06:02;250,0;71,4;22,9;20,8;24,0;104,5;7,1;0,1;1,29E-1;-541,2;20,00;3,0;3,0;39,97;0,08;-0,011;0,8;3,33;0,241
364;30.06.2023;11:25:46;00:06:03;250,1;72,3;22,9;20,8;24,0;105,1;7,1;0,1;1,29E-1;-541,2;20,00;3,0;3,0;39,97;0,08;-0,008;0,8;3,36;0,242
365;30.06.2023;11:25:47;00:06:04;250,0;72,3;23,0;20,8;24,0;105,4;7,1;0,1;1,29E-1;-541,2;20,00;3,0;3,0;39,97;0,08;-0,007;0,8;3,32;0,244
366;30.06.2023;11:25:48;00:06:05;250,0;73,1;23,0;20,8;24,0;105,9;7,1;0,1;1,28E-1;-541,2;20,00;3,0;3,0;39,97;0,08;-0,007;0,8;3,33;0,244
367;30.06.2023;11:25:49;00:06:06;250,0;73,1;23,0;20,8;24,1;106,2;7,1;0,1;1,28E-1;-541,2;20,00;3,0;3,0;39,97;0,08;-0,002;0,8;3,31;0,244
368;30.06.2023;11:25:50;00:06:07;250,0;73,1;23,0;20,9;24,1;106,8;7,2;0,1;1,27E-1;-541,2;20,00;3,0;3,1;39,97;0,08;-0,006;0,8;3,28;0,243
369;30.06.2023;11:25:51;00:06:08;250,0;74,1;23,0;20,9;24,1;107,4;7,2;0,1;1,27E-1;-541,2;20,00;3,0;3,0;39,97;0,08;-0,011;0,8;3,33;0,244
370;30.06.2023;11:25:52;00:06:09;250,0;75,0;23,1;20,9;24,1;107,6;7,2;0,1;1,27E-1;-541,2;20,00;3,0;3,0;39,97;0,08;-0,009;0,8;3,31;0,244
371;30.06.2023;11:25:53;00:06:10;250,0;75,0;23,2;20,9;24,1;108,2;7,3;0,1;1,26E-1;-541,2;20,00;3,0;3,0;39,97;0,08;-0,005;0,8;3,32;0,244
372;30.06.2023;11:25:54;00:06:11;250,0;75,9;23,2;21,0;24,1;108,8;7,3;0,1;1,26E-1;-541,2;20,00;3,0;3,0;39,97;0,08;-0,010;0,8;3,31;0,244
373;30.06.2023;11:25:55;00:06:12;250,0;75,9;23,2;21,0;24,1;109,0;7,3;0,1;1,26E-1;-541,2;20,00;3,0;3,0;39,97;0,08;-0,010;0,8;3,29;0,244
374;30.06.2023;11:25:56;00:06:13;250,0;76,8;23,2;21,0;24,1;109,6;7,3;0,1;1,25E-1;-541,2;20,00;3,0;3,0;39,97;0,08;-0,007;0,8;3,35;0,247
375;30.06.2023;11:25:57;00:06:14;250,1;76,8;23,3;21,1;24,1;110,2;7,4;0,1;1,25E-1;-541,2;20,00;3,0;3,0;39,97;0,08;-0,007;0,8;3,34;0,244
376;30.06.2023;11:25:58;00:06:15;250,0;76,8;23,3;21,1;24,1;110,5;7,4;0,1;1,25E-1;-541,2;20,00;3,0;3,0;39,97;0,08;-0,009;0,8;3,33;0,248
377;30.06.2023;11:25:59;00:06:16;250,0;77,6;23,3;21,1;24,1;111,0;7,4;0,1;1,25E-1;-541,2;20,00;3,0;3,0;39,97;0,08;-0,020;0,8;3,35;0,245
378;30.06.2023;11:26:00;00:06:17;250,0;78,4;23,3;21,1;24,1;111,3;7,4;0,1;1,25E-1;-541,2;20,00;3,0;3,0;39,97;0,08;-0,010;0,8;3,34;0,248
379;30.06.2023;11:26:01;00:06:18;250,1;78,4;23,3;21,1;24,1;111,9;7,5;0,1;1,25E-1;-541,2;20,00;3,0;3,1;39,97;0,08;-0,010;0,8;3,33;0,246
380;30.06.2023;11:26:02;00:06:19;250,0;79,2;23,4;21,2;24,1;112,4;7,5;0,1;1,24E-1;-541,2;20,00;3,0;3,0;39,97;0,08;-0,011;0,8;3,36;0,248
381;30.06.2023;11:26:03;00:06:20;250,1;79,2;23,4;21,2;24,1;112,7;7,5;0,1;1,24E-1;-541,2;20,00;3,0;3,0;39,97;0,08;-0,008;0,8;3,36;0,248
382;30.06.2023;11:26:04;00:06:21;250,1;79,9;23,4;21,2;24,1;113,3;7,6;0,1;1,24E-1;-541,2;20,00;3,0;3,0;39,97;0,08;-0,006;0,8;3,35;0,249
383;30.06.2023;11:26:05;00:06:22;250,0;79,9;23,5;21,2;24,1;113,9;7,6;0,1;1,23E-1;-541,2;20,00;3,0;3,1;39,97;0,08;-0,008;0,8;3,36;0,249
384;30.06.2023;11:26:06;00:06:23;250,0;80,7;23,5;21,2;24,1;114,2;7,6;0,1;1,23E-1;-541,2;20,00;3,0;3,0;39,97;0,08;-0,005;0,8;3,38;0,249
385;30.06.2023;11:26:07;00:06:24;250,1;80,7;23,6;21,3;24,1;114,7;7,7;0,1;1,22E-1;-541,2;20,00;3,0;3,1;39,97;0,08;-0,004;0,8;3,40;0,250
386;30.06.2023;11:26:08;00:06:25;250,1;81,5;23,6;21,3;24,1;115,3;7,7;0,1;1,22E-1;-541,2;20,00;3,0;3,0;39,97;0,08;-0,007;0,8;3,39;0,249
387;30.06.2023;11:26:09;00:06:26;250,1;81,5;23,6;21,3;24,1;115,6;7,7;0,1;1,22E-1;-541,2;20,00;3,0;3,0;39,97;0,07;-0,008;0,8;3,37;0,251
388;30.06.2023;11:26:10;00:06:27;250,3;82,3;23,6;21,3;24,1;116,2;7,8;0,1;1,21E-1;-541,2;20,00;3,0;3,0;39,97;0,07;-0,009;0,9;3,40;0,250
389;30.06.2023;11:26:11;00:06:28;250,3;82,3;23,6;21,3;24,1;116,7;7,8;0,1;1,21E-1;-541,2;20,00;3,0;3,0;39,97;0,07;-0,012;0,9;3,42;0,253
390;30.06.2023;11:26:12;00:06:29;250,1;83,1;23,6;21,3;24,1;117,0;7,8;0,1;1,20E-1;-541,2;20,00;3,0;3,0;39,97;0,07;-0,012;0,9;3,39;0,254
391;30.06.2023;11:26:13;00:06:30;250,0;83,1;23,7;21,3;24,1;117,6;7,9;0,1;1,20E-1;-541,2;20,00;3,0;3,0;39,97;0,08;-0,010;0,9;3,39;0,254
392;30.06.2023;11:26:14;00:06:31;250,2;83,1;23,7;21,4;24,1;117,9;7,9;0,1;1,20E-1;-541,2;20,00;3,0;3,0;39,97;0,08;-0,003;0,9;3,40;0,254
393;30.06.2023;11:26:15;00:06:32;250,1;83,9;23,7;21,4;24,1;118,4;7,9;0,1;1,19E-1;-541,2;20,00;3,0;3,1;39,97;0,08;-0,005;0,9;3,41;0,254
394;30.06.2023;11:26:16;00:06:33;250,1;84,8;23,7;21,4;24,1;119,0;7,9;0,1;1,19E-1;-541,2;20,00;3,0;3,0;39,97;0,08;-0,006;0,9;3,41;0,253
395;30.06.2023;11:26:17;00:06:34;250,1;84,8;23,7;21,4;24,2;119,3;8,0;0,1;1,19E-1;-541,2;20,00;3,0;3,0;39,97;0,07;-0,007;0,9;3,41;0,253
396;30.06.2023;11:26:18;00:06:35;250,0;84,8;23,8;21,5;24,2;119,9;8,1;0,1;1,18E-1;-541,2;20,00;3,0;3,0;39,97;0,07;-0,011;0,9;3,38;0,254
397;30.06.2023;11:26:19;00:06:36;250,1;85,5;23,8;21,5;24,2;120,4;8,1;0,1;1,18E-1;-541,2;20,00;3,0;3,0;39,97;0,08;-0,009;0,9;3,39;0,254
398;30.06.2023;11:26:20;00:06:37;250,0;86,3;23,8;21,5;24,2;120,7;8,1;0,1;1,18E-1;-541,2;20,00;3,0;3,0;39,97;0,07;-0,006;0,9;3,42;0,254
399;30.06.2023;11:26:21;00:06:38;250,2;86,3;23,8;21,5;24,2;121,3;8,1;0,1;1,17E-1;-541,2;20,00;3,0;3,1;39,97;0,07;-0,003;0,9;3,41;0,254
400;30.06.2023;11:26:22;00:06:39;250,0;87,1;23,9;21,6;24,2;121,9;8,2;0,1;1,17E-1;-541,2;20,00;3,0;3,0;39,97;0,07;-0,006;0,9;3,42;0,255
401;30.06.2023;11:26:23;00:06:40;250,1;87,1;23,9;21,6;24,2;122,2;8,2;0,1;1,16E-1;-541,2;20,00;3,0;3,0;39,97;0,07;-0,006;0,9;3,44;0,254
402;30.06.2023;11:26:24;00:06:41;250,2;87,8;24,0;21,6;24,2;122,7;8,2;0,1;1,16E-1;-541,2;20,00;3,0;3,0;39,97;0,07;-0,009;0,9;3,40;0,257
403;30.06.2023;11:26:25;00:06:42;250,1;88,6;24,0;21,6;24,2;123,3;8,3;0,1;1,16E-1;-541,2;20,00;3,0;3,0;39,97;0,07;-0,010;0,9;3,42;0,256
404;30.06.2023;11:26:26;00:06:43;250,1;88,6;24,0;21,6;24,2;123,6;8,3;0,1;1,15E-1;-541,2;20,00;3,0;3,0;39,97;0,08;-0,008;0,9;3,43;0,257
405;30.06.2023;11:26:27;00:06:44;250,1;88,6;24,0;21,6;24,3;124,1;8,3;0,1;1,15E-1;-541,2;20,00;3,0;3,0;39,97;0,07;-0,005;0,9;3,46;0,257
406;30.06.2023;11:26:28;00:06:45;250,0;89,3;24,0;21,7;24,3;124,4;8,3;0,1;1,15E-1;-541,2;20,00;3,0;3,0;39,97;0,08;-0,002;0,9;3,46;0,259
407;30.06.2023;11:26:29;00:06:46;250,0;89,3;24,0;21,7;24,3;125,0;8,4;0,1;1,15E-1;-541,2;20,00;3,0;3,0;39,97;0,07;-0,003;0,9;3,41;0,258
408;30.06.2023;11:26:30;00:06:47;250,0;90,0;24,0;21,7;24,3;125,6;8,4;0,1;1,14E-1;-541,2;20,00;3,0;3,0;39,97;0,07;-0,007;0,9;3,43;0,260
409;30.06.2023;11:26:31;00:06:48;250,0;90,0;24,0;21,7;24,3;125,8;8,5;0,1;1,14E-1;-541,2;20,00;3,0;3,0;39,97;0,07;-0,008;0,9;3,42;0,259
410;30.06.2023;11:26:32;00:06:49;250,0;90,8;24,1;21,7;24,3;126,4;8,5;0,1;1,14E-1;-541,2;20,00;3,0;3,0;39,97;0,07;-0,020;0,9;3,45;0,261
411;30.06.2023;11:26:33;00:06:50;250,0;90,8;24,1;21,7;24,3;127,0;8,5;0,1;1,13E-1;-541,2;20,00;3,0;3,0;39,97;0,07;-0,011;0,9;3,42;0,259
412;30.06.2023;11:26:34;00:06:51;250,1;90,8;24,1;21,7;24,3;127,3;8,6;0,1;1,13E-1;-541,2;20,00;3,0;3,0;39,97;0,07;-0,009;0,9;3,45;0,263
413;30.06.2023;11:26:35;00:06:52;250,1;91,6;24,1;21,7;24,2;127,8;8,6;0,1;1,13E-1;-541,2;20,00;3,0;3,0;39,97;0,07;-0,008;0,9;3,48;0,263
414;30.06.2023;11:26:36;00:06:53;250,1;92,3;24,2;21,8;24,2;128,4;8,6;0,1;1,13E-1;-541,2;20,00;3,0;3,0;39,97;0,07;-0,008;0,9;3,44;0,259
415;30.06.2023;11:26:37;00:06:54;250,0;92,3;24,2;21,8;24,2;128,7;8,7;0,1;1,12E-1;-541,2;20,00;3,0;3,1;39,97;0,07;-0,001;0,9;3,44;0,263
416;30.06.2023;11:26:38;00:06:55;250,1;93,1;24,3;21,8;24,2;129,2;8,7;0,1;1,12E-1;-541,2;20,00;3,0;3,0;39,97;0,07;-0,005;0,9;3,48;0,264
417;30.06.2023;11:26:39;00:06:56;250,0;93,1;24,3;21,8;24,2;129,5;8,7;0,1;1,12E-1;-541,2;20,00;3,0;3,0;39,97;0,07;-0,010;0,9;3,49;0,264
418;30.06.2023;11:26:40;00:06:57;250,3;93,8;24,3;21,9;24,2;130,1;8,8;0,1;1,12E-1;-541,2;20,00;3,0;3,0;39,97;0,07;-0,012;0,9;3,47;0,264
419;30.06.2023;11:26:41;00:06:58;250,1;93,8;24,4;21,9;24,2;130,7;8,8;0,1;1,11E-1;-541,2;20,00;3,0;3,1;39,96;0,07;-0,012;0,9;3,47;0,264
420;30.06.2023;11:26:42;00:06:59;250,0;93,8;24,4;21,9;24,2;131,0;8,9;0,1;1,11E-1;-541,2;20,00;3,0;3,0;39,97;0,07;-0,016;0,9;3,45;0,264
421;30.06.2023;11:26:43;00:07:00;250,2;94,5;24,4;21,9;24,2;131,5;8,9;0,1;1,11E-1;-541,2;20,00;3,0;3,0;39,97;0,07;-0,018;0,9;3,47;0,264
422;30.06.2023;11:26:44;00:07:01;250,0;95,2;24,4;21,9;24,3;132,1;8,9;0,1;1,11E-1;-541,2;20,00;3,0;3,0;39,97;0,07;-0,015;0,9;3,50;0,264
423;30.06.2023;11:26:45;00:07:02;250,2;95,2;24,4;21,9;24,3;132,4;9,0;0,1;1,10E-1;-541,2;20,00;3,0;3,0;39,96;0,07;-0,014;0,9;3,48;0,264
424;30.06.2023;11:26:46;00:07:03;250,0;95,9;24,4;22,0;24,3;133,0;9,0;0,1;1,10E-1;-541,2;20,00;3,0;3,0;39,96;0,07;-0,016;0,9;3,50;0,268
425;30.06.2023;11:26:47;00:07:04;250,1;95,9;24,5;22,0;24,3;133,5;9,1;0,1;1,10E-1;-541,2;20,00;3,0;3,0;39,97;0,07;-0,014;0,9;3,47;0,264
426;30.06.2023;11:26:48;00:07:05;250,1;96,6;24,5;22,0;24,3;133,8;9,1;0,1;1,10E-1;-541,2;20,00;3,0;3,0;39,96;0,07;-0,009;0,9;3,49;0,268
427;30.06.2023;11:26:49;00:07:06;250,1;96,6;24,5;22,0;24,2;134,4;9,1;0,1;1,09E-1;-541,2;20,00;3,0;3,0;39,97;0,07;-0,010;0,9;3,45;0,266
428;30.06.2023;11:26:50;00:07:07;250,1;97,4;24,5;22,0;24,3;134,9;9,2;0,1;1,09E-1;-541,2;20,00;3,0;3,0;39,96;0,07;-0,010;0,9;3,52;0,269
429;30.06.2023;11:26:51;00:07:08;250,1;97,4;24,5;22,0;24,3;135,2;9,2;0,1;1,09E-1;-541,2;20,00;3,0;3,1;39,96;0,07;-0,010;0,9;3,52;0,269
430;30.06.2023;11:26:52;00:07:09;250,0;98,1;24,6;22,0;24,3;135,8;9,2;0,1;1,09E-1;-541,2;20,00;3,0;3,0;39,96;0,07;-0,010;0,9;3,52;0,269
431;30.06.2023;11:26:53;00:07:10;250,1;98,1;24,6;22,0;24,3;136,1;9,2;0,1;1,09E-1;-541,2;20,00;3,0;3,0;39,96;0,07;-0,009;0,9;3,49;0,269
432;30.06.2023;11:26:54;00:07:11;250,2;98,1;24,6;22,1;24,3;136,7;9,3;0,1;1,09E-1;-541,2;20,00;3,0;3,0;39,96;0,07;-0,008;1,0;3,51;0,271
433;30.06.2023;11:26:55;00:07:12;250,1;98,9;24,6;22,1;24,3;137,2;9,3;0,1;1,08E-1;-541,2;20,00;3,0;3,0;39,96;0,07;-0,004;0,9;3,49;0,270
434;30.06.2023;11:26:56;00:07:13;250,3;99,6;24,7;22,1;24,3;137,5;9,4;0,1;1,08E-1;-541,2;20,00;3,0;3,0;39,96;0,07;-0,008;1,0;3,52;0,272
435;30.06.2023;11:26:57;00:07:14;250,2;99,6;24,7;22,1;24,3;138,1;9,4;0,1;1,08E-1;-541,2;20,00;3,0;3,0;39,96;0,07;-0,008;1,0;3,54;0,274
436;30.06.2023;11:26:58;00:07:15;250,0;100,3;24,7;22,2;24,3;138,7;9,4;0,1;1,07E-1;-541,2;20,00;3,0;3,0;39,96;0,07;-0,009;1,0;3,54;0,274
437;30.06.2023;11:26:59;00:07:16;250,2;100,3;24,7;22,2;24,3;139,0;9,5;0,1;1,07E-1;-541,2;20,00;3,0;3,0;39,96;0,07;-0,012;1,0;3,51;0,274
438;30.06.2023;11:27:00;00:07:17;250,1;101,1;24,8;22,2;24,3;139,5;9,5;0,1;1,07E-1;-541,2;20,00;3,0;2,9;39,96;0,07;-0,016;1,0;3,53;0,274
439;30.06.2023;11:27:01;00:07:18;250,1;101,1;24,8;22,2;24,3;140,1;9,6;0,1;1,07E-1;-541,2;20,00;3,0;3,0;39,96;0,07;-0,016;1,0;3,51;0,274
440;30.06.2023;11:27:02;00:07:19;250,0;101,1;24,8;22,2;24,3;140,4;9,6;0,1;1,07E-1;-541,2;20,00;3,0;3,0;39,96;0,07;-0,013;1,0;3,52;0,274
441;30.06.2023;11:27:03;00:07:20;250,1;101,8;24,8;22,2;24,3;140,9;9,6;0,1;1,06E-1;-541,2;20,00;3,0;3,0;39,96;0,07;-0,010;1,0;3,53;0,273
442;30.06.2023;11:27:04;00:07:21;250,1;102,5;24,9;22,3;24,3;141,2;9,7;0,1;1,06E-1;-541,2;20,00;3,0;3,0;39,96;0,07;-0,011;1,0;3,51;0,274
443;30.06.2023;11:27:05;00:07:22;250,0;102,5;24,9;22,3;24,3;141,8;9,7;0,1;1,06E-1;-541,2;20,00;3,0;3,0;39,96;0,07;-0,007;1,0;3,52;0,274
444;30.06.2023;11:27:06;00:07:23;250,2;103,3;24,9;22,3;24,3;142,4;9,8;0,1;1,06E-1;-541,2;20,00;3,0;3,0;39,96;0,07;-0,010;1,0;3,57;0,274
445;30.06.2023;11:27:07;00:07:24;250,2;103,3;24,9;22,3;24,3;142,6;9,8;0,1;1,06E-1;-541,2;20,00;3,0;3,0;39,96;0,07;-0,009;1,0;3,51;0,274
446;30.06.2023;11:27:08;00:07:25;250,2;104,0;25,0;22,4;24,4;143,2;9,8;0,1;1,05E-1;-541,2;20,00;3,0;3,1;39,96;0,07;-0,007;1,0;3,55;0,274
447;30.06.2023;11:27:09;00:07:26;250,0;104,0;24,8;22,4;24,4;143,8;9,9;0,1;1,05E-1;-541,2;20,00;3,0;3,1;39,96;0,07;-0,008;1,0;3,58;0,276
448;30.06.2023;11:27:10;00:07:27;250,1;103,9;24,8;22,2;24,2;144,0;9,9;0,1;1,05E-1;-541,2;20,00;3,0;3,0;39,96;0,07;-0,011;1,0;3,53;0,278
449;30.06.2023;11:27:11;00:07:28;250,0;104,6;24,9;22,2;24,2;144,6;10,0;0,1;1,05E-1;-541,2;20,00;3,0;3,0;39,96;0,07;-0,011;1,0;3,54;0,278
450;30.06.2023;11:27:12;00:07:29;250,1;104,6;24,9;22,3;24,2;145,2;10,0;0,1;1,04E-1;-541,2;20,00;3,0;3,0;39,96;0,07;-0,012;1,0;3,58;0,278
451;30.06.2023;11:27:13;00:07:30;250,1;105,4;24,9;22,3;24,1;145,5;10,0;0,1;1,04E-1;-541,2;20,00;3,0;2,9;39,96;0,07;-0,012;1,0;3,58;0,278
452;30.06.2023;11:27:14;00:07:31;250,1;105,4;24,9;22,3;24,1;146,0;10,1;0,1;1,04E-1;-541,2;20,00;3,0;3,0;39,96;0,07;-0,007;1,0;3,56;0,280
453;30.06.2023;11:27:15;00:07:32;250,1;106,1;24,9;22,3;24,2;146,6;10,1;0,1;1,04E-1;-541,2;20,00;3,0;3,1;39,96;0,07;-0,005;1,0;3,57;0,282
454;30.06.2023;11:27:16;00:07:33;250,1;106,9;25,0;22,4;24,2;146,9;10,1;0,1;1,04E-1;-541,2;20,00;3,0;3,0;39,96;0,07;-0,006;1,0;3,60;0,280
455;30.06.2023;11:27:17;00:07:34;250,0;106,9;25,0;22,4;24,2;147,5;10,2;0,1;1,03E-1;-541,2;20,00;3,0;3,0;39,96;0,07;-0,006;1,0;3,59;0,279
456;30.06.2023;11:27:18;00:07:35;250,1;106,9;25,0;22,4;24,2;147,8;10,2;0,1;1,03E-1;-541,2;20,00;3,0;3,0;39,96;0,07;-0,005;1,0;3,57;0,281
457;30.06.2023;11:27:19;00:07:36;250,2;107,6;25,0;22,4;24,2;148,3;10,3;0,1;1,03E-1;-541,2;20,00;3,0;3,1;39,96;0,07;-0,012;1,0;3,58;0,283
458;30.06.2023;11:27:20;00:07:37;250,0;108,3;25,1;22,4;24,2;148,9;10,3;0,1;1,03E-1;-541,2;20,00;3,0;3,0;39,96;0,06;-0,013;1,0;3,58;0,283
459;30.06.2023;11:27:21;00:07:38;250,1;108,3;25,1;22,4;24,3;149,2;10,3;0,1;1,03E-1;-541,2;20,00;3,0;3,0;39,96;0,07;-0,010;1,0;3,57;0,283
460;30.06.2023;11:27:22;00:07:39;250,0;108,3;25,2;22,4;24,3;149,7;10,4;0,1;1,02E-1;-541,2;20,00;3,0;3,0;39,96;0,07;-0,008;1,0;3,61;0,283
461;30.06.2023;11:27:23;00:07:40;250,1;109,0;25,2;22,5;24,3;150,3;10,4;0,1;1,02E-1;-541,2;20,00;3,0;3,0;39,96;0,07;-0,015;1,0;3,56;0,283
462;30.06.2023;11:27:24;00:07:41;250,1;109,8;25,2;22,5;24,3;150,6;10,4;0,1;1,02E-1;-541,2;20,00;3,0;3,1;39,96;0,07;-0,012;1,0;3,61;0,283
463;30.06.2023;11:27:25;00:07:42;250,2;109,8;25,2;22,5;24,3;151,2;10,5;0,1;1,02E-1;-541,2;20,00;3,0;3,0;39,96;0,06;-0,010;1,0;3,59;0,283
464;30.06.2023;11:27:26;00:07:43;250,2;110,5;25,3;22,6;24,3;151,7;10,6;0,1;1,02E-1;-541,2;20,00;3,0;3,1;39,96;0,06;-0,006;1,0;3,63;0,285
465;30.06.2023;11:27:27;00:07:44;250,1;110,5;25,3;22,6;24,3;152,0;10,6;0,1;1,01E-1;-541,2;20,00;3,0;3,0;39,96;0,06;-0,007;1,0;3,59;0,287
466;30.06.2023;11:27:28;00:07:45;250,1;111,2;25,3;22,6;24,3;152,6;10,6;0,1;1,01E-1;-541,2;20,00;3,0;3,0;39,96;0,06;-0,008;1,0;3,60;0,286
467;30.06.2023;11:27:29;00:07:46;250,0;111,3;25,4;22,7;24,3;153,2;10,7;0,1;1,01E-1;-541,2;20,00;3,0;3,1;39,96;0,06;-0,006;1,0;3,59;0,287
468;30.06.2023;11:27:30;00:07:47;250,1;111,3;25,4;22,7;24,4;153,5;10,7;0,1;1,01E-1;-541,2;20,00;3,0;3,0;39,96;0,06;-0,010;1,0;3,63;0,288
469;30.06.2023;11:27:31;00:07:48;250,2;112,1;25,4;22,7;24,4;154,0;10,7;0,1;1,01E-1;-541,2;20,00;3,0;3,0;39,96;0,06;-0,011;1,0;3,62;0,288
470;30.06.2023;11:27:32;00:07:49;250,1;112,1;25,4;22,7;24,4;154,3;10,8;0,1;1,01E-1;-541,2;20,00;3,0;3,0;39,96;0,06;-0,009;1,1;3,63;0,288
471;30.06.2023;11:27:33;00:07:50;250,1;112,8;25,4;22,7;24,4;154,9;10,8;0,1;1,00E-1;-541,2;20,00;3,0;3,0;39,96;0,06;-0,015;1,0;3,64;0,288
472;30.06.2023;11:27:34;00:07:51;250,3;113,6;25,5;22,8;24,4;155,4;10,9;0,1;1,00E-1;-541,2;20,00;3,0;3,0;39,96;0,06;-0,015;1,0;3,59;0,288
473;30.06.2023;11:27:35;00:07:52;250,0;113,6;25,5;22,8;24,4;155,8;10,9;0,1;1,00E-1;-541,2;20,00;3,0;3,0;39,96;0,06;-0,013;1,0;3,62;0,289
474;30.06.2023;11:27:36;00:07:53;250,1;114,4;25,5;22,8;24,4;156,3;10,9;0,1;9,98E-2;-541,2;20,00;3,0;3,0;39,96;0,06;-0,013;1,1;3,62;0,291
475;30.06.2023;11:27:37;00:07:54;250,2;114,4;25,6;22,8;24,4;156,9;11,0;0,1;9,96E-2;-541,2;20,00;3,0;3,0;39,96;0,06;-0,014;1,1;3,65;0,292
476;30.06.2023;11:27:38;00:07:55;250,3;114,4;25,6;22,8;24,4;157,2;11,0;0,1;9,94E-2;-541,2;20,00;3,0;3,0;39,95;0,06;-0,014;1,1;3,60;0,292
477;30.06.2023;11:27:39;00:07:56;250,1;115,1;25,6;22,8;24,4;157,7;11,0;0,1;9,92E-2;-541,2;20,00;3,0;3,0;39,96;0,06;-0,012;1,1;3,65;0,290
478;30.06.2023;11:27:40;00:07:57;250,3;115,8;25,6;22,9;24,4;158,3;11,1;0,1;9,90E-2;-541,2;20,00;3,0;3,1;39,96;0,06;-0,006;1,1;3,66;0,293
479;30.06.2023;11:27:41;00:07:58;250,1;115,8;25,6;22,9;24,4;158,6;11,1;0,1;9,89E-2;-541,2;20,00;3,0;3,0;39,95;0,06;-0,005;1,1;3,68;0,293
480;30.06.2023;11:27:42;00:07:59;250,1;116,5;25,7;22,9;24,4;159,2;11,2;0,1;9,86E-2;-541,2;20,00;3,0;3,0;39,96;0,06;-0,011;1,1;3,64;0,293
481;30.06.2023;11:27:43;00:08:00;250,0;116,5;25,7;22,9;24,4;159,4;11,2;0,1;9,86E-2;-541,2;20,00;3,0;3,0;39,95;0,06;-0,008;1,1;3,68;0,293
482;30.06.2023;11:27:44;00:08:01;250,0;117,3;25,7;23,0;24,4;160,0;11,2;0,1;9,83E-2;-541,2;20,00;3,0;3,0;39,96;0,06;-0,009;1,1;3,64;0,293
483;30.06.2023;11:27:45;00:08:02;250,2;117,3;25,8;23,0;24,4;160,6;11,3;0,1;9,81E-2;-541,2;20,00;3,0;3,0;39,96;0,06;-0,004;1,1;3,68;0,293
484;30.06.2023;11:27:46;00:08:03;250,0;117,3;25,8;23,0;24,4;160,8;11,3;0,1;9,80E-2;-541,2;20,00;3,0;3,0;39,96;0,06;-0,003;1,1;3,67;0,293
485;30.06.2023;11:27:47;00:08:04;250,1;118,0;25,8;23,0;24,5;161,4;11,4;0,1;9,78E-2;-541,2;20,00;3,0;3,0;39,96;0,06;-0,008;1,1;3,70;0,293
486;30.06.2023;11:27:48;00:08:05;250,1;118,8;25,8;23,0;24,5;162,0;11,4;0,1;9,75E-2;-541,2;20,00;3,0;3,0;39,95;0,06;-0,012;1,1;3,67;0,294
487;30.06.2023;11:27:49;00:08:06;250,2;118,8;25,8;23,0;24,5;162,3;11,4;0,1;9,75E-2;-541,2;20,00;3,0;3,0;39,95;0,06;-0,010;1,1;3,68;0,295
488;30.06.2023;11:27:50;00:08:07;250,0;118,7;25,8;23,0;24,4;162,8;11,5;0,1;9,73E-2;-541,2;20,00;3,0;3,0;39,95;0,06;-0,012;1,1;3,65;0,298
489;30.06.2023;11:27:51;00:08:08;250,2;119,5;25,8;23,0;24,4;163,4;11,5;0,1;9,70E-2;-541,2;20,00;3,0;3,0;39,95;0,06;-0,014;1,1;3,70;0,298
490;30.06.2023;11:27:52;00:08:09;250,0;119,5;25,8;23,0;24,4;163,7;11,6;0,1;9,69E-2;-541,2;20,00;3,0;3,0;39,95;0,06;-0,013;1,1;3,65;0,298
491;30.06.2023;11:27:53;00:08:10;250,0;120,3;25,8;23,0;24,4;164,3;11,6;0,1;9,67E-2;-541,2;20,00;3,0;3,0;39,95;0,06;-0,018;1,1;3,66;0,298
492;30.06.2023;11:27:54;00:08:11;250,0;121,1;25,9;23,1;24,4;164,9;11,7;0,1;9,65E-2;-541,2;20,00;3,0;3,0;39,95;0,06;-0,017;1,1;3,70;0,298
493;30.06.2023;11:27:55;00:08:12;250,0;121,1;25,9;23,1;24,4;165,1;11,7;0,1;9,63E-2;-541,2;20,00;3,0;3,1;39,95;0,06;-0,013;1,1;3,68;0,299
494;30.06.2023;11:27:56;00:08:13;250,1;121,1;26,0;23,1;24,4;165,7;11,8;0,1;9,62E-2;-541,2;20,00;3,0;3,1;39,95;0,06;-0,013;1,1;3,68;0,299
495;30.06.2023;11:27:57;00:08:14;250,0;121,9;26,0;23,1;24,4;166,0;11,8;0,1;9,62E-2;-541,2;20,00;3,0;3,1;39,95;0,06;-0,011;1,1;3,69;0,303
496;30.06.2023;11:27:58;00:08:15;250,0;121,9;26,0;23,1;24,4;166,5;11,8;0,1;9,59E-2;-541,2;20,00;3,0;3,0;39,95;0,06;-0,010;1,1;3,69;0,303
497;30.06.2023;11:27:59;00:08:16;250,2;122,6;26,0;23,1;24,4;167,1;11,9;0,1;9,57E-2;-541,2;20,00;3,0;3,0;39,95;0,06;-0,013;1,1;3,68;0,300
498;30.06.2023;11:28:00;00:08:17;250,0;123,4;26,1;23,2;24,4;167,4;11,9;0,1;9,56E-2;-541,2;20,00;3,0;3,0;39,95;0,06;-0,007;1,1;3,70;0,303
499;30.06.2023;11:28:01;00:08:18;250,1;123,4;26,1;23,2;24,4;168,0;11,9;0,1;9,54E-2;-541,2;20,00;3,0;3,1;39,95;0,06;-0,003;1,1;3,72;0,303
500;30.06.2023;11:28:02;00:08:19;250,0;124,1;26,1;23,2;24,5;168,5;12,0;0,1;9,52E-2;-541,2;20,00;3,0;3,0;39,95;0,06;-0,006;1,1;3,73;0,303
501;30.06.2023;11:28:03;00:08:20;250,1;124,1;26,1;23,2;24,5;168,8;12,0;0,1;9,51E-2;-541,2;20,00;3,0;3,0;39,95;0,06;-0,006;1,1;3,69;0,303
502;30.06.2023;11:28:04;00:08:21;250,0;124,9;26,2;23,3;24,5;169,4;12,0;0,1;9,49E-2;-541,2;20,00;3,0;3,0;39,95;0,06;-0,011;1,1;3,72;0,305
503;30.06.2023;11:28:05;00:08:22;250,0;124,9;26,2;23,3;24,5;170,0;12,1;0,1;9,47E-2;-541,2;20,00;3,0;3,0;39,95;0,06;-0,016;1,1;3,72;0,303
504;30.06.2023;11:28:06;00:08:23;250,1;124,9;26,2;23,3;24,5;170,3;12,2;0,1;9,46E-2;-541,2;20,00;3,0;3,0;39,95;0,06;-0,013;1,1;3,68;0,303
505;30.06.2023;11:28:07;00:08:24;250,0;125,6;26,2;23,3;24,5;170,8;12,2;0,1;9,45E-2;-541,2;20,00;3,0;3,0;39,95;0,06;-0,015;1,2;3,74;0,306
506;30.06.2023;11:28:08;00:08:25;250,1;126,4;26,3;23,3;24,5;171,4;12,2;0,1;9,42E-2;-541,2;20,00;3,0;3,0;39,95;0,06;-0,015;1,1;3,74;0,308
507;30.06.2023;11:28:09;00:08:26;250,1;126,4;26,3;23,3;24,5;171,7;12,3;0,1;9,41E-2;-541,2;20,00;3,0;3,0;39,95;0,06;-0,016;1,1;3,72;0,308
508;30.06.2023;11:28:10;00:08:27;250,0;126,3;26,2;23,3;24,3;172,2;12,4;0,1;9,40E-2;-541,2;20,00;3,0;3,0;39,95;0,06;-0,008;1,2;3,77;0,308
509;30.06.2023;11:28:11;00:08:28;250,0;127,1;26,2;23,3;24,3;172,5;12,3;0,1;9,39E-2;-541,2;20,00;3,0;3,0;39,95;0,06;-0,006;1,2;3,74;0,308
510;30.06.2023;11:28:12;00:08:29;250,0;127,1;26,2;23,3;24,3;173,1;12,4;0,1;9,36E-2;-541,2;20,00;3,0;3,0;39,95;0,06;-0,008;1,2;3,73;0,309
511;30.06.2023;11:28:13;00:08:30;250,0;127,9;26,2;23,3;24,4;173,7;12,4;0,1;9,34E-2;-541,2;20,00;3,0;3,0;39,95;0,06;-0,008;1,2;3,73;0,311
512;30.06.2023;11:28:14;00:08:31;250,1;127,9;26,2;23,3;24,4;174,0;12,5;0,1;9,34E-2;-541,2;20,00;3,0;3,0;39,95;0,06;-0,016;1,2;3,78;0,312
513;30.06.2023;11:28:15;00:08:32;250,0;128,7;26,3;23,3;24,4;174,5;12,5;0,1;9,32E-2;-541,2;20,00;3,0;3,0;39,95;0,06;-0,009;1,2;3,76;0,313
514;30.06.2023;11:28:16;00:08:33;250,0;128,7;26,3;23,4;24,4;175,1;12,6;0,1;9,29E-2;-541,2;20,00;3,0;3,0;39,95;0,06;-0,018;1,2;3,77;0,313
515;30.06.2023;11:28:17;00:08:34;250,2;129,6;26,3;23,4;24,5;175,4;12,6;0,1;9,29E-2;-541,2;20,00;3,0;3,0;39,95;0,06;-0,015;1,2;3,76;0,313
516;30.06.2023;11:28:18;00:08:35;250,1;129,6;26,4;23,4;24,5;176,0;12,7;0,1;9,28E-2;-541,2;20,00;3,0;3,0;39,95;0,06;-0,011;1,2;3,77;0,313
517;30.06.2023;11:28:19;00:08:36;250,3;130,3;26,4;23,4;24,5;176,5;12,7;0,1;9,26E-2;-541,2;20,00;3,0;3,0;39,95;0,06;-0,010;1,2;3,77;0,313
518;30.06.2023;11:28:20;00:08:37;250,1;131,1;26,4;23,5;24,5;176,8;12,7;0,1;9,24E-2;-541,2;20,00;3,0;3,0;39,95;0,06;-0,013;1,2;3,78;0,314
519;30.06.2023;11:28:21;00:08:38;250,2;131,1;26,4;23,5;24,4;177,4;12,8;0,1;9,23E-2;-541,2;20,00;3,0;3,0;39,95;0,06;-0,012;1,2;3,78;0,313
520;30.06.2023;11:28:22;00:08:39;250,2;131,1;26,5;23,5;24,4;177,6;12,8;0,1;9,22E-2;-541,2;20,00;3,0;3,0;39,95;0,06;-0,012;1,2;3,74;0,313
521;30.06.2023;11:28:23;00:08:40;250,1;131,9;26,5;23,5;24,4;178,2;12,8;0,1;9,21E-2;-541,2;20,00;3,0;3,0;39,95;0,06;-0,010;1,2;3,78;0,313
522;30.06.2023;11:28:24;00:08:41;250,1;132,7;26,5;23,6;24,4;178,8;12,9;0,1;9,19E-2;-541,2;20,00;3,0;3,0;39,95;0,05;-0,013;1,2;3,78;0,314
523;30.06.2023;11:28:25;00:08:42;250,0;132,7;26,5;23,6;24,4;179,1;12,9;0,1;9,17E-2;-541,2;20,00;3,0;3,0;39,95;0,06;-0,010;1,2;3,80;0,316
524;30.06.2023;11:28:26;00:08:43;250,3;132,7;26,6;23,6;24,4;179,6;13,0;0,1;9,16E-2;-541,2;20,00;3,0;3,0;39,95;0,05;-0,011;1,2;3,76;0,317
525;30.06.2023;11:28:27;00:08:44;250,3;133,5;26,6;23,6;24,4;180,2;13,0;0,1;9,15E-2;-541,2;20,00;3,0;3,0;39,95;0,05;-0,014;1,2;3,79;0,317
526;30.06.2023;11:28:28;00:08:45;250,2;134,3;26,6;23,6;24,4;180,5;13,0;0,1;9,13E-2;-541,2;20,00;3,0;3,0;39,95;0,05;-0,017;1,2;3,78;0,317
527;30.06.2023;11:28:29;00:08:46;250,1;134,3;26,6;23,6;24,5;181,0;13,1;0,1;9,12E-2;-541,2;20,00;3,0;3,0;39,95;0,05;-0,017;1,2;3,80;0,319
528;30.06.2023;11:28:30;00:08:47;250,0;135,1;26,6;23,6;24,4;181,7;13,1;0,1;9,10E-2;-541,2;20,00;3,0;3,0;39,95;0,05;-0,013;1,2;3,82;0,317
529;30.06.2023;11:28:31;00:08:48;250,1;135,1;26,6;23,6;24,4;181,9;13,1;0,1;9,10E-2;-541,2;20,00;3,0;3,0;39,95;0,05;-0,013;1,2;3,77;0,319
530;30.06.2023;11:28:32;00:08:49;250,1;135,1;26,7;23,7;24,4;182,5;13,2;0,1;9,09E-2;-541,2;20,00;3,0;3,0;39,95;0,05;-0,012;1,2;3,84;0,321
531;30.06.2023;11:28:33;00:08:50;250,1;135,9;26,7;23,7;24,4;183,1;13,3;0,1;9,08E-2;-541,2;20,00;3,0;3,0;39,95;0,05;-0,009;1,2;3,82;0,319
532;30.06.2023;11:28:34;00:08:51;250,1;135,9;26,7;23,7;24,4;183,3;13,3;0,1;9,07E-2;-541,2;20,00;3,0;2,9;39,95;0,05;-0,009;1,2;3,85;0,322
533;30.06.2023;11:28:35;00:08:52;250,3;136,8;26,7;23,7;24,4;183,9;13,3;0,1;9,06E-2;-541,2;20,00;3,0;3,0;39,95;0,05;-0,014;1,2;3,81;0,322
534;30.06.2023;11:28:36;00:08:53;250,0;136,8;26,8;23,7;24,4;184,2;13,4;0,1;9,05E-2;-541,2;20,00;3,0;3,0;39,95;0,05;-0,009;1,2;3,83;0,321
535;30.06.2023;11:28:37;00:08:54;250,0;137,7;26,8;23,7;24,4;184,8;13,4;0,1;9,05E-2;-541,2;20,00;3,0;2,9;39,94;0,05;-0,013;1,2;3,81;0,322
536;30.06.2023;11:28:38;00:08:55;250,0;138,5;26,8;23,8;24,4;185,3;13,5;0,1;9,03E-2;-541,2;20,00;3,0;3,0;39,95;0,05;-0,014;1,2;3,82;0,324
537;30.06.2023;11:28:39;00:08:56;250,0;138,5;26,8;23,8;24,4;185,6;13,4;0,1;9,02E-2;-541,2;20,00;3,0;3,0;39,95;0,05;-0,014;1,2;3,89;0,323
538;30.06.2023;11:28:40;00:08:57;250,0;138,5;26,9;23,8;24,4;186,2;13,5;0,1;9,00E-2;-541,2;20,00;3,0;3,0;39,95;0,05;-0,013;1,2;3,85;0,324
539;30.06.2023;11:28:41;00:08:58;250,0;139,3;26,9;23,8;24,4;186,8;13,6;0,1;8,99E-2;-541,2;20,00;3,0;3,0;39,95;0,05;-0,013;1,3;3,84;0,325
540;30.06.2023;11:28:42;00:08:59;250,2;139,3;26,9;23,8;24,4;187,1;13,6;0,1;8,98E-2;-541,2;20,00;3,0;3,0;39,94;0,05;-0,013;1,2;3,85;0,325
541;30.06.2023;11:28:43;00:09:00;250,0;140,1;26,9;23,9;24,5;187,6;13,6;0,1;8,97E-2;-541,2;20,00;3,0;3,0;39,95;0,05;-0,015;1,2;3,87;0,324
542;30.06.2023;11:28:44;00:09:01;250,1;140,9;27,0;23,9;24,5;188,2;13,7;0,1;8,95E-2;-541,2;20,00;3,0;3,0;39,95;0,05;-0,008;1,3;3,84;0,327
543;30.06.2023;11:28:45;00:09:02;250,0;140,9;27,0;23,9;24,5;188,5;13,7;0,1;8,94E-2;-541,2;20,00;3,0;3,1;39,95;0,05;-0,007;1,3;3,81;0,327
544;30.06.2023;11:28:46;00:09:03;250,0;140,9;27,0;24,0;24,5;189,0;13,8;0,1;8,93E-2;-541,2;20,00;3,0;3,0;39,94;0,05;-0,008;1,3;3,86;0,327
545;30.06.2023;11:28:47;00:09:04;250,0;141,8;27,0;24,0;24,5;189,6;13,8;0,1;8,91E-2;-541,2;20,00;3,0;3,0;39,94;0,05;-0,007;1,3;3,83;0,327
546;30.06.2023;11:28:48;00:09:05;250,1;142,6;27,1;24,0;24,5;189,9;13,8;0,1;8,90E-2;-541,2;20,00;3,0;3,0;39,94;0,05;-0,009;1,3;3,87;0,327
547;30.06.2023;11:28:49;00:09:06;250,0;142,6;27,1;24,0;24,5;190,5;13,9;0,1;8,88E-2;-541,2;20,00;3,0;2,9;39,94;0,05;-0,014;1,3;3,85;0,331
548;30.06.2023;11:28:50;00:09:07;250,1;142,6;27,1;24,0;24,5;190,8;13,9;0,1;8,88E-2;-541,2;20,00;3,0;2,9;39,94;0,05;-0,012;1,3;3,86;0,328
549;30.06.2023;11:28:51;00:09:08;250,0;143,4;27,1;24,0;24,5;191,3;13,9;0,1;8,87E-2;-541,2;20,00;3,0;3,0;39,94;0,05;-0,017;1,3;3,88;0,328
550;30.06.2023;11:28:52;00:09:09;250,0;143,4;27,2;24,0;24,5;191,9;14,0;0,1;8,85E-2;-541,2;20,00;3,0;3,0;39,94;0,05;-0,018;1,3;3,87;0,332
551;30.06.2023;11:28:53;00:09:10;250,1;144,3;27,2;24,1;24,5;192,2;14,0;0,1;8,84E-2;-541,2;20,00;3,0;3,0;39,94;0,05;-0,015;1,3;3,85;0,332
552;30.06.2023;11:28:54;00:09:11;250,2;144,3;27,2;24,1;24,5;192,8;14,1;0,1;8,82E-2;-541,2;20,00;3,0;3,0;39,94;0,05;-0,015;1,3;3,89;0,332
553;30.06.2023;11:28:55;00:09:12;250,1;145,2;27,2;24,1;24,6;193,3;14,1;0,1;8,81E-2;-541,2;20,00;3,0;3,0;39,94;0,05;-0,013;1,3;3,88;0,332
554;30.06.2023;11:28:56;00:09:13;250,1;145,2;27,3;24,2;24,6;193,6;14,2;0,1;8,81E-2;-541,2;20,00;3,0;3,0;39,94;0,05;-0,015;1,3;3,85;0,332
555;30.06.2023;11:28:57;00:09:14;250,1;146,0;27,3;24,2;24,6;194,2;14,2;0,1;8,79E-2;-541,2;20,00;3,0;3,0;39,94;0,05;-0,015;1,3;3,91;0,333
556;30.06.2023;11:28:58;00:09:15;250,1;146,8;27,4;24,2;24,6;194,7;14,2;0,1;8,77E-2;-541,2;20,00;3,0;2,9;39,94;0,05;-0,014;1,3;3,91;0,332
557;30.06.2023;11:28:59;00:09:16;250,2;146,8;27,4;24,2;24,6;195,0;14,2;0,1;8,76E-2;-541,2;20,00;3,0;2,9;39,94;0,05;-0,017;1,3;3,89;0,334
558;30.06.2023;11:29:00;00:09:17;250,2;147,7;27,4;24,3;24,6;195,6;14,3;0,1;8,75E-2;-541,2;20,00;3,0;3,0;39,94;0,05;-0,013;1,3;3,90;0,337
559;30.06.2023;11:29:01;00:09:18;250,2;147,7;27,4;24,3;24,6;195,9;14,3;0,1;8,75E-2;-541,2;20,00;3,0;3,0;39,94;0,05;-0,009;1,3;3,89;0,337
560;30.06.2023;11:29:02;00:09:19;250,2;147,7;27,5;24,3;24,6;196,4;14,4;0,1;8,73E-2;-541,2;20,00;3,0;3,0;39,94;0,05;-0,011;1,3;3,93;0,336
561;30.06.2023;11:29:03;00:09:20;250,3;148,5;27,5;24,3;24,6;197,0;14,4;0,1;8,71E-2;-541,2;20,00;3,0;3,0;39,94;0,05;-0,015;1,3;3,88;0,335
562;30.06.2023;11:29:04;00:09:21;250,3;149,3;27,5;24,3;24,6;197,3;14,5;0,1;8,71E-2;-541,2;20,00;3,0;3,0;39,94;0,05;-0,016;1,3;3,90;0,336
563;30.06.2023;11:29:05;00:09:22;250,1;149,3;27,5;24,3;24,6;197,8;14,5;0,1;8,70E-2;-541,2;20,00;3,0;2,9;39,94;0,05;-0,015;1,3;3,90;0,337
564;30.06.2023;11:29:06;00:09:23;250,2;150,1;27,6;24,4;24,6;198,5;14,6;0,1;8,68E-2;-541,2;20,00;3,0;3,0;39,94;0,05;-0,016;1,3;3,88;0,338
565;30.06.2023;11:29:07;00:09:24;250,0;150,1;27,6;24,4;24,6;198,7;14,6;0,1;8,67E-2;-541,2;20,00;3,0;3,0;39,94;0,05;-0,010;1,3;3,91;0,337
566;30.06.2023;11:29:08;00:09:25;250,0;151,0;27,6;24,4;24,7;199,3;14,6;0,1;8,65E-2;-541,2;20,00;3,0;3,0;39,94;0,05;-0,015;1,3;3,89;0,338
567;30.06.2023;11:29:09;00:09:26;250,0;151,0;27,5;24,4;24,7;199,9;14,7;0,1;8,64E-2;-541,2;20,00;3,0;3,0;39,94;0,05;-0,024;1,3;3,91;0,342
568;30.06.2023;11:29:10;00:09:27;250,2;150,9;27,5;24,3;24,6;200,1;14,7;0,1;8,64E-2;-541,2;20,00;3,0;3,0;39,94;0,05;-0,018;1,3;3,92;0,342
569;30.06.2023;11:29:11;00:09:28;250,0;151,7;27,6;24,3;24,6;200,7;14,8;0,1;8,63E-2;-541,2;20,00;3,0;3,0;39,94;0,05;-0,014;1,3;3,90;0,340
570;30.06.2023;11:29:12;00:09:29;250,0;151,7;27,6;24,4;24,6;201,3;14,9;0,1;8,61E-2;-541,2;20,00;3,0;3,0;39,94;0,04;-0,008;1,4;3,93;0,342
571;30.06.2023;11:29:13;00:09:30;250,0;152,6;27,6;24,4;24,6;201,6;14,8;0,1;8,60E-2;-541,2;20,00;3,0;2,9;39,94;0,05;-0,013;1,4;3,93;0,342
572;30.06.2023;11:29:14;00:09:31;250,0;152,6;27,7;24,4;24,6;202,1;14,9;0,1;8,59E-2;-541,2;20,00;3,0;3,0;39,94;0,04;-0,016;1,4;3,91;0,342
573;30.06.2023;11:29:15;00:09:32;250,1;153,5;27,7;24,4;24,6;202,4;14,9;0,1;8,59E-2;-541,2;20,00;3,0;3,0;39,94;0,05;-0,012;1,3;3,94;0,342
574;30.06.2023;11:29:16;00:09:33;250,0;153,5;27,7;24,5;24,6;203,0;15,0;0,1;8,58E-2;-541,2;20,00;3,0;3,0;39,94;0,04;-0,011;1,3;3,94;0,342
575;30.06.2023;11:29:17;00:09:34;250,0;154,5;27,7;24,5;24,6;203,5;15,0;0,1;8,56E-2;-541,2;20,00;3,0;2,9;39,94;0,04;-0,012;1,4;3,95;0,346
576;30.06.2023;11:29:18;00:09:35;250,0;154,5;27,7;24,5;24,6;203,9;15,0;0,1;8,55E-2;-541,2;20,00;3,0;3,0;39,94;0,04;-0,011;1,4;3,92;0,342
577;30.06.2023;11:29:19;00:09:36;250,0;155,3;27,8;24,5;24,6;204,4;15,1;0,1;8,54E-2;-541,2;20,00;3,0;3,0;39,94;0,04;-0,012;1,3;3,94;0,344
578;30.06.2023;11:29:20;00:09:37;250,0;155,3;27,8;24,6;24,6;205,0;15,2;0,1;8,53E-2;-541,2;20,00;3,0;3,0;39,94;0,04;-0,017;1,4;3,98;0,347
579;30.06.2023;11:29:21;00:09:38;250,0;156,2;27,8;24,6;24,6;205,3;15,1;0,1;8,52E-2;-541,2;20,00;3,0;3,0;39,94;0,04;-0,008;1,4;3,97;0,347
580;30.06.2023;11:29:22;00:09:39;250,2;156,2;27,9;24,6;24,6;205,8;15,2;0,1;8,51E-2;-541,2;20,00;3,0;3,0;39,94;0,04;-0,017;1,4;3,96;0,347
581;30.06.2023;11:29:23;00:09:40;250,0;157,1;27,9;24,6;24,6;206,4;15,2;0,1;8,49E-2;-541,2;20,00;3,0;3,1;39,94;0,04;-0,020;1,4;3,95;0,347
582;30.06.2023;11:29:24;00:09:41;250,1;157,1;27,9;24,7;24,6;206,7;15,3;0,1;8,48E-2;-541,2;20,00;3,0;3,0;39,94;0,04;-0,014;1,4;3,99;0,347
583;30.06.2023;11:29:25;00:09:42;250,0;157,9;27,9;24,7;24,6;207,3;15,3;0,1;8,47E-2;-541,2;20,00;3,0;3,0;39,94;0,04;-0,012;1,4;3,97;0,349
584;30.06.2023;11:29:26;00:09:43;250,2;157,9;27,9;24,7;24,6;207,6;15,4;0,1;8,47E-2;-541,2;20,00;3,0;3,1;39,94;0,04;-0,005;1,4;3,95;0,350
585;30.06.2023;11:29:27;00:09:44;250,0;158,8;28,0;24,7;24,6;208,1;15,4;0,1;8,46E-2;-541,2;20,00;3,0;3,0;39,93;0,04;-0,011;1,4;3,93;0,352
586;30.06.2023;11:29:28;00:09:45;250,1;159,7;28,0;24,7;24,6;208,7;15,4;0,1;8,44E-2;-541,2;20,00;3,0;3,0;39,94;0,04;-0,016;1,4;3,94;0,352
587;30.06.2023;11:29:29;00:09:46;250,0;159,7;28,0;24,7;24,7;209,0;15,4;0,1;8,43E-2;-541,2;20,00;3,0;3,0;39,93;0,04;-0,015;1,4;3,96;0,352
588;30.06.2023;11:29:30;00:09:47;250,0;159,7;28,2;24,8;24,7;209,6;15,5;0,1;8,42E-2;-541,2;20,00;3,0;3,0;39,93;0,04;-0,014;1,4;3,97;0,352
589;30.06.2023;11:29:31;00:09:48;250,1;160,7;28,2;24,9;24,7;210,1;15,5;0,1;8,41E-2;-541,2;20,00;3,0;3,0;39,93;0,04;-0,014;1,4;3,95;0,352
590;30.06.2023;11:29:32;00:09:49;250,2;160,7;28,2;24,9;24,7;210,4;15,6;0,1;8,41E-2;-541,2;20,00;3,0;3,0;39,93;0,04;-0,014;1,4;3,97;0,353
591;30.06.2023;11:29:33;00:09:50;250,1;161,6;28,2;24,9;24,8;211,0;15,6;0,1;8,39E-2;-541,2;20,00;3,0;3,0;39,94;0,04;-0,009;1,4;3,97;0,352
592;30.06.2023;11:29:34;00:09:51;250,0;162,5;28,3;25,0;24,8;211,5;15,7;0,1;8,38E-2;-541,2;20,00;3,0;3,0;39,93;0,04;-0,010;1,4;4,00;0,357
593;30.06.2023;11:29:35;00:09:52;250,0;162,5;28,3;25,0;24,8;211,8;15,7;0,1;8,37E-2;-541,2;20,00;3,0;3,0;39,93;0,04;-0,008;1,4;4,00;0,353
594;30.06.2023;11:29:36;00:09:53;250,1;162,5;28,4;25,0;24,8;212,4;15,8;0,1;8,36E-2;-541,2;20,00;3,0;2,9;39,93;0,04;-0,008;1,4;3,98;0,354
595;30.06.2023;11:29:37;00:09:54;250,1;163,4;28,4;25,0;24,8;213,0;15,8;0,1;8,35E-2;-541,2;20,00;3,0;3,0;39,93;0,04;-0,012;1,4;4,02;0,355
596;30.06.2023;11:29:38;00:09:55;250,2;163,4;28,4;25,0;24,8;213,2;15,8;0,1;8,34E-2;-541,2;20,00;3,0;3,0;39,93;0,04;-0,014;1,4;4,00;0,357
597;30.06.2023;11:29:39;00:09:56;250,1;164,3;28,4;25,0;24,9;213,8;15,8;0,1;8,33E-2;-541,2;20,00;3,0;3,0;39,93;0,04;-0,013;1,4;4,00;0,357
598;30.06.2023;11:29:40;00:09:57;250,2;164,3;28,5;25,1;24,9;214,1;15,9;0,1;8,32E-2;-541,2;20,00;3,0;3,0;39,93;0,04;-0,009;1,4;4,01;0,357
599;30.06.2023;11:29:41;00:09:58;250,1;165,1;28,5;25,1;24,9;214,6;15,9;0,1;8,31E-2;-541,2;20,00;3,0;3,0;39,93;0,04;-0,007;1,4;4,00;0,357
600;30.06.2023;11:29:42;00:09:59;250,2;166,0;28,5;25,1;24,9;215,3;16,0;0,1;8,30E-2;-541,2;20,00;3,0;3,0;39,93;0,04;-0,010;1,4;3,99;0,357
601;30.06.2023;11:29:43;00:10:00;250,1;166,0;28,5;25,1;24,9;215,5;16,0;0,1;8,30E-2;-541,2;20,00;3,0;3,0;39,93;0,04;-0,016;1,4;3,99;0,357
602;30.06.2023;11:29:44;00:10:01;250,1;166,8;28,6;25,2;24,9;216,1;16,0;0,1;8,29E-2;-541,2;20,00;3,0;3,0;39,93;0,04;-0,022;1,4;4,01;0,357
603;30.06.2023;11:29:45;00:10:02;250,1;166,8;28,6;25,2;24,8;216,7;16,1;0,1;8,27E-2;-541,2;20,00;3,0;3,0;39,93;0,04;-0,012;1,4;4,02;0,361
604;30.06.2023;11:29:46;00:10:03;250,2;166,8;28,6;25,2;24,8;216,9;16,1;0,1;8,26E-2;-541,2;20,00;3,0;3,0;39,93;0,04;-0,013;1,5;4,02;0,361
605;30.06.2023;11:29:47;00:10:04;250,3;167,7;28,6;25,2;24,8;217,5;16,2;0,1;8,25E-2;-541,2;20,00;3,0;3,0;39,93;0,04;-0,007;1,4;4,02;0,359
606;30.06.2023;11:29:48;00:10:05;250,0;168,6;28,7;25,2;24,8;218,1;16,2;0,1;8,24E-2;-541,2;20,00;3,0;3,0;39,93;0,03;-0,008;1,5;4,05;0,361
607;30.06.2023;11:29:49;00:10:06;250,1;168,6;28,7;25,2;24,9;218,4;16,2;0,1;8,23E-2;-541,2;20,00;3,0;3,0;39,93;0,04;-0,011;1,5;4,04;0,361
608;30.06.2023;11:29:50;00:10:07;250,2;168,5;28,6;25,2;24,8;218,9;16,3;0,1;8,23E-2;-541,2;20,00;3,0;3,0;39,93;0,04;-0,011;1,5;4,04;0,361
609;30.06.2023;11:29:51;00:10:08;250,2;169,4;28,6;25,2;24,8;219,5;16,3;0,1;8,22E-2;-541,2;20,00;3,0;3,0;39,93;0,04;-0,015;1,4;4,02;0,363
610;30.06.2023;11:29:52;00:10:09;250,3;169,4;28,7;25,2;24,8;219,8;16,4;0,1;8,21E-2;-541,2;20,00;3,0;3,0;39,93;0,04;-0,017;1,5;4,06;0,364
611;30.06.2023;11:29:53;00:10:10;250,1;170,3;28,7;25,3;24,8;220,3;16,4;0,1;8,19E-2;-541,2;20,00;3,0;3,0;39,93;0,04;-0,017;1,5;4,03;0,366
612;30.06.2023;11:29:54;00:10:11;250,0;170,3;28,7;25,3;24,8;220,6;16,4;0,1;8,19E-2;-541,2;20,00;3,0;3,0;39,93;0,04;-0,016;1,5;4,02;0,365
613;30.06.2023;11:29:55;00:10:12;250,2;171,2;28,8;25,3;24,8;221,2;16,5;0,1;8,18E-2;-541,2;20,00;3,0;3,0;39,93;0,04;-0,019;1,5;4,05;0,366
614;30.06.2023;11:29:56;00:10:13;250,0;171,2;28,8;25,3;24,8;221,8;16,6;0,1;8,18E-2;-541,2;20,00;3,0;2,9;39,93;0,04;-0,019;1,5;4,04;0,366
615;30.06.2023;11:29:57;00:10:14;250,0;172,2;28,8;25,3;24,8;222,1;16,5;0,1;8,17E-2;-541,2;20,00;3,0;3,0;39,93;0,04;-0,016;1,5;4,02;0,366
616;30.06.2023;11:29:58;00:10:15;250,1;172,2;28,9;25,3;24,8;222,6;16,6;0,1;8,16E-2;-541,2;20,00;3,0;3,0;39,93;0,04;-0,019;1,5;4,07;0,366
617;30.06.2023;11:29:59;00:10:16;250,1;173,0;28,9;25,4;24,9;223,2;16,6;0,1;8,14E-2;-541,2;20,00;3,0;3,0;39,93;0,03;-0,011;1,5;4,02;0,367
618;30.06.2023;11:30:00;00:10:17;250,2;173,0;28,9;25,4;24,9;223,5;16,7;0,1;8,13E-2;-541,2;20,00;3,0;3,0;39,93;0,04;-0,014;1,5;4,06;0,366
619;30.06.2023;11:30:01;00:10:18;250,1;173,9;28,9;25,4;24,9;224,1;16,7;0,1;8,12E-2;-541,2;20,00;3,0;2,9;39,93;0,03;-0,012;1,5;4,09;0,367
620;30.06.2023;11:30:02;00:10:19;250,0;174,8;29,0;25,5;24,9;224,6;16,8;0,1;8,12E-2;-541,2;20,00;3,0;3,0;39,93;0,03;-0,007;1,5;4,06;0,371
621;30.06.2023;11:30:03;00:10:20;250,1;174,8;29,0;25,5;24,9;224,9;16,8;0,1;8,12E-2;-541,2;20,00;3,0;3,0;39,93;0,03;-0,014;1,5;4,10;0,369
622;30.06.2023;11:30:04;00:10:21;250,1;175,6;29,0;25,5;24,9;225,5;16,8;0,1;8,10E-2;-541,2;20,00;3,0;3,0;39,93;0,03;-0,011;1,5;4,06;0,371
623;30.06.2023;11:30:05;00:10:22;250,2;175,6;29,0;25,5;24,9;225,8;16,8;0,1;8,10E-2;-541,2;20,00;3,0;3,0;39,93;0,03;-0,009;1,5;4,06;0,371
624;30.06.2023;11:30:06;00:10:23;250,2;175,6;29,0;25,5;24,9;226,3;16,9;0,1;8,08E-2;-541,2;20,00;3,0;3,0;39,93;0,03;-0,008;1,5;4,07;0,371
625;30.06.2023;11:30:07;00:10:24;250,2;176,5;29,1;25,6;24,9;226,9;17,0;0,1;8,07E-2;-541,2;20,00;3,0;3,0;39,93;0,03;-0,009;1,5;4,08;0,371
626;30.06.2023;11:30:08;00:10:25;250,1;176,5;29,1;25,6;24,9;227,2;17,0;0,1;8,07E-2;-541,2;20,00;3,0;3,0;39,93;0,03;-0,012;1,5;4,08;0,372
627;30.06.2023;11:30:09;00:10:26;250,1;177,4;29,1;25,6;24,9;227,8;17,0;0,1;8,06E-2;-541,2;20,00;3,0;3,0;39,93;0,03;-0,015;1,5;4,08;0,374
628;30.06.2023;11:30:10;00:10:27;250,1;177,5;29,3;25,7;24,9;228,3;17,1;0,1;8,05E-2;-541,2;20,00;3,0;3,0;39,93;0,03;-0,019;1,5;4,10;0,371
629;30.06.2023;11:30:11;00:10:28;250,1;177,5;29,3;25,7;24,9;228,6;17,2;0,1;8,05E-2;-541,2;20,00;3,0;3,0;39,92;0,03;-0,017;1,5;4,08;0,375
630;30.06.2023;11:30:12;00:10:29;250,0;178,5;29,3;25,7;24,9;229,2;17,2;0,1;8,04E-2;-541,2;20,00;3,0;3,0;39,93;0,03;-0,020;1,5;4,08;0,373
631;30.06.2023;11:30:13;00:10:30;250,0;179,4;29,3;25,7;25,0;229,8;17,2;0,1;8,02E-2;-541,2;20,00;3,0;2,9;39,93;0,03;-0,022;1,5;4,09;0,375
632;30.06.2023;11:30:14;00:10:31;250,0;179,4;29,3;25,7;25,0;230,0;17,2;0,1;8,02E-2;-541,2;20,00;3,0;2,9;39,92;0,03;-0,021;1,5;4,12;0,376
633;30.06.2023;11:30:15;00:10:32;250,2;180,4;29,4;25,8;25,0;230,6;17,3;0,1;8,01E-2;-541,2;20,00;3,0;3,0;39,93;0,03;-0,015;1,5;4,12;0,376
634;30.06.2023;11:30:16;00:10:33;250,0;180,4;29,4;25,8;25,0;231,2;17,3;0,1;8,00E-2;-541,2;20,00;3,0;2,9;39,92;0,03;-0,013;1,5;4,11;0,376
635;30.06.2023;11:30:17;00:10:34;250,0;181,3;29,4;25,8;25,0;231,4;17,3;0,1;8,00E-2;-541,2;20,00;3,0;3,0;39,93;0,03;-0,012;1,6;4,09;0,380
636;30.06.2023;11:30:18;00:10:35;250,1;181,3;29,5;25,8;25,0;232,0;17,4;0,1;7,99E-2;-541,2;20,00;3,0;3,0;39,92;0,03;-0,009;1,6;4,10;0,379
637;30.06.2023;11:30:19;00:10:36;250,1;182,2;29,5;25,9;25,0;232,3;17,4;0,1;7,98E-2;-541,2;20,00;3,0;3,0;39,92;0,03;-0,017;1,6;4,14;0,377
638;30.06.2023;11:30:20;00:10:37;250,0;182,2;29,6;25,9;25,1;232,9;17,5;0,1;7,97E-2;-541,2;20,00;3,0;2,9;39,92;0,03;-0,024;1,6;4,15;0,377
639;30.06.2023;11:30:21;00:10:38;250,1;183,1;29,6;25,9;25,1;233,5;17,5;0,1;7,96E-2;-541,2;20,00;3,0;2,9;39,92;0,03;-0,021;1,6;4,10;0,379
640;30.06.2023;11:30:22;00:10:39;250,0;183,1;29,6;25,9;25,1;233,7;17,5;0,1;7,95E-2;-541,2;20,00;3,0;2,9;39,92;0,03;-0,019;1,6;4,11;0,377
641;30.06.2023;11:30:23;00:10:40;250,0;183,9;29,6;26,0;25,1;234,3;17,5;0,1;7,95E-2;-541,2;20,00;3,0;3,0;39,92;0,03;-0,018;1,5;4,08;0,378
642;30.06.2023;11:30:24;00:10:41;250,1;183,9;29,7;26,0;25,1;234,9;17,6;0,1;7,94E-2;-541,2;20,00;3,0;3,0;39,92;0,03;-0,015;1,6;4,11;0,381
643;30.06.2023;11:30:25;00:10:42;250,0;184,8;29,7;26,0;25,0;235,2;17,6;0,1;7,93E-2;-541,2;20,00;3,0;3,0;39,92;0,03;-0,018;1,6;4,12;0,381
644;30.06.2023;11:30:26;00:10:43;250,1;184,8;29,7;26,0;25,0;235,7;17,7;0,1;7,92E-2;-541,2;20,00;3,0;3,0;39,92;0,03;-0,014;1,6;4,13;0,381
645;30.06.2023;11:30:27;00:10:44;250,1;185,7;29,7;26,1;25,0;236,3;17,7;0,1;7,91E-2;-541,2;20,00;3,0;3,1;39,92;0,03;-0,011;1,6;4,14;0,381
646;30.06.2023;11:30:28;00:10:45;250,0;186,6;29,8;26,1;25,0;236,6;17,8;0,1;7,90E-2;-541,2;20,00;3,0;3,1;39,92;0,03;-0,010;1,6;4,11;0,382
647;30.06.2023;11:30:29;00:10:46;250,3;186,6;29,8;26,1;25,0;237,1;17,8;0,1;7,89E-2;-541,2;20,00;3,0;3,0;39,92;0,03;-0,013;1,6;4,12;0,385
648;30.06.2023;11:30:30;00:10:47;250,2;186,5;29,8;26,1;25,0;237,7;17,9;0,1;7,89E-2;-541,2;20,00;3,0;3,0;39,92;0,02;-0,008;1,6;4,11;0,385
649;30.06.2023;11:30:31;00:10:48;250,2;186,5;29,8;26,1;25,0;238,0;17,9;0,1;7,88E-2;-541,2;20,00;3,0;3,0;39,92;0,03;-0,011;1,6;4,16;0,386
650;30.06.2023;11:30:32;00:10:49;250,1;187,5;29,8;26,1;25,0;238,6;18,0;0,1;7,87E-2;-541,2;20,00;3,0;3,0;39,92;0,03;-0,014;1,6;4,14;0,386
651;30.06.2023;11:30:33;00:10:50;250,2;188,4;29,8;26,1;25,0;238,9;18,0;0,1;7,87E-2;-541,2;20,00;3,0;3,0;39,92;0,03;-0,017;1,6;4,13;0,386
652;30.06.2023;11:30:34;00:10:51;250,2;188,4;29,8;26,1;25,0;239,4;18,0;0,1;7,85E-2;-541,2;20,00;3,0;3,0;39,92;0,03;-0,018;1,6;4,13;0,386
653;30.06.2023;11:30:35;00:10:52;250,2;189,3;29,9;26,1;25,0;240,0;18,0;0,1;7,85E-2;-541,2;20,00;3,0;3,0;39,92;0,02;-0,013;1,6;4,14;0,386
654;30.06.2023;11:30:36;00:10:53;250,0;189,3;29,9;26,1;25,0;240,3;18,1;0,1;7,84E-2;-541,2;20,00;3,0;3,0;39,92;0,03;-0,014;1,6;4,16;0,386
655;30.06.2023;11:30:37;00:10:54;250,0;190,3;29,9;26,2;25,1;240,9;18,1;0,1;7,83E-2;-541,2;20,00;3,0;3,0;39,92;0,03;-0,017;1,6;4,17;0,391
656;30.06.2023;11:30:38;00:10:55;250,1;191,2;30,0;26,2;25,1;241,4;18,2;0,1;7,83E-2;-541,2;20,00;3,0;2,9;39,92;0,02;-0,019;1,6;4,15;0,391
657;30.06.2023;11:30:39;00:10:56;250,0;191,2;30,0;26,2;25,1;241,7;18,2;0,1;7,83E-2;-541,2;20,00;3,0;3,0;39,92;0,02;-0,031;1,6;4,10;0,391
658;30.06.2023;11:30:40;00:10:57;250,0;191,2;30,1;26,3;25,1;242,3;18,3;0,1;7,82E-2;-541,2;20,00;3,0;3,1;39,92;0,02;-0,018;1,6;4,14;0,391
659;30.06.2023;11:30:41;00:10:58;250,3;192,1;30,1;26,3;25,1;242,8;18,3;0,1;7,80E-2;-541,2;20,00;3,0;3,0;39,92;0,02;-0,017;1,6;4,19;0,391
660;30.06.2023;11:30:42;00:10:59;250,0;192,1;30,1;26,3;25,1;243,1;18,3;0,1;7,80E-2;-541,2;20,00;3,0;3,0;39,92;0,03;-0,015;1,6;4,16;0,391
661;30.06.2023;11:30:43;00:11:00;250,0;193,0;30,1;26,4;25,1;243,7;18,3;0,1;7,79E-2;-541,2;20,00;3,0;3,0;39,92;0,02;-0,016;1,6;4,18;0,391
662;30.06.2023;11:30:44;00:11:01;250,0;193,0;30,2;26,4;25,1;244,0;18,4;0,1;7,79E-2;-541,2;20,00;3,0;3,0;39,92;0,02;-0,012;1,6;4,16;0,391
663;30.06.2023;11:30:45;00:11:02;250,1;193,8;30,2;26,4;25,1;244,6;18,4;0,1;7,78E-2;-541,2;20,00;3,0;3,0;39,92;0,02;-0,022;1,6;4,17;0,391
664;30.06.2023;11:30:46;00:11:03;250,0;193,8;30,2;26,4;25,1;245,1;18,5;0,1;7,78E-2;-541,2;20,00;3,0;3,0;39,92;0,02;-0,016;1,6;4,19;0,394
665;30.06.2023;11:30:47;00:11:04;250,0;194,7;30,2;26,4;25,1;245,4;18,5;0,1;7,77E-2;-541,2;20,00;3,0;2,9;39,92;0,02;-0,014;1,6;4,18;0,394
666;30.06.2023;11:30:48;00:11:05;250,0;195,6;30,3;26,5;25,1;246,0;18,5;0,1;7,76E-2;-541,2;20,00;3,0;3,0;39,92;0,02;-0,012;1,6;4,17;0,394
667;30.06.2023;11:30:49;00:11:06;250,0;195,6;30,2;26,5;25,1;246,6;18,6;0,1;7,75E-2;-541,2;20,00;3,0;3,0;39,92;0,02;-0,012;1,6;4,17;0,396
668;30.06.2023;11:30:50;00:11:07;250,0;195,5;30,2;26,4;25,1;246,8;18,6;0,1;7,75E-2;-541,2;20,00;3,0;3,0;39,91;0,02;-0,018;1,7;4,17;0,396
669;30.06.2023;11:30:51;00:11:08;250,0;196,5;30,3;26,4;25,1;247,4;18,6;0,1;7,74E-2;-541,2;20,00;3,0;3,0;39,92;0,02;-0,021;1,7;4,17;0,396
670;30.06.2023;11:30:52;00:11:09;250,0;196,5;30,3;26,4;25,1;248,0;18,7;0,1;7,74E-2;-541,2;20,00;3,0;3,0;39,91;0,02;-0,017;1,6;4,18;0,396
671;30.06.2023;11:30:53;00:11:10;250,1;197,5;30,3;26,5;25,1;248,2;18,7;0,1;7,73E-2;-541,2;20,00;3,0;3,0;39,92;0,02;-0,018;1,7;4,21;0,396
672;30.06.2023;11:30:54;00:11:11;250,0;197,5;30,4;26,5;25,1;248,8;18,8;0,1;7,73E-2;-541,2;20,00;3,0;3,0;39,92;0,02;-0,015;1,7;4,16;0,396
673;30.06.2023;11:30:55;00:11:12;250,3;198,5;30,4;26,5;25,1;249,4;18,8;0,1;7,71E-2;-541,2;20,00;3,0;3,0;39,91;0,02;-0,013;1,7;4,18;0,400
674;30.06.2023;11:30:56;00:11:13;250,2;198,5;30,4;26,5;25,1;249,7;18,9;0,1;7,71E-2;-541,2;20,00;3,0;3,0;39,91;0,02;-0,015;1,7;4,20;0,396
675;30.06.2023;11:30:57;00:11:14;250,2;199,5;30,5;26,6;25,1;250,3;18,9;0,1;7,70E-2;-541,2;20,00;3,0;3,0;39,91;0,02;-0,016;1,7;4,19;0,400
676;30.06.2023;11:30:58;00:11:15;250,1;199,5;30,5;26,6;25,1;250,5;18,9;0,1;7,70E-2;-541,2;20,00;3,0;3,1;39,91;0,02;-0,014;1,7;4,20;0,400
677;30.06.2023;11:30:59;00:11:16;250,1;200,4;30,5;26,7;25,1;251,1;18,9;0,1;7,69E-2;-541,2;20,00;3,0;3,0;39,91;0,02;-0,018;1,7;4,20;0,400
678;30.06.2023;11:31:00;00:11:17;250,2;200,4;30,6;26,7;25,1;251,7;19,0;0,1;7,68E-2;-541,2;20,00;3,0;3,0;39,91;0,02;-0,018;1,7;4,20;0,400
679;30.06.2023;11:31:01;00:11:18;250,0;201,3;30,6;26,7;25,1;251,9;19,0;0,1;7,68E-2;-541,2;20,00;3,0;3,0;39,91;0,02;-0,017;1,7;4,18;0,400
680;30.06.2023;11:31:02;00:11:19;250,2;201,3;30,7;26,7;25,1;252,5;19,1;0,1;7,67E-2;-541,2;20,00;3,0;3,0;39,91;0,02;-0,016;1,7;4,19;0,405
681;30.06.2023;11:31:03;00:11:20;250,1;202,2;30,7;26,8;25,1;253,1;19,1;0,1;7,66E-2;-541,2;20,00;3,0;3,0;39,91;0,02;-0,021;1,7;4,23;0,402
682;30.06.2023;11:31:04;00:11:21;250,1;202,2;30,7;26,8;25,1;253,4;19,2;0,1;7,66E-2;-541,2;20,00;3,0;3,0;39,91;0,02;-0,024;1,7;4,19;0,404
683;30.06.2023;11:31:05;00:11:22;250,2;203,2;30,7;26,8;25,2;253,9;19,2;0,1;7,65E-2;-541,2;20,00;3,0;3,0;39,91;0,02;-0,019;1,7;4,22;0,405
684;30.06.2023;11:31:06;00:11:23;250,0;203,2;30,8;26,9;25,2;254,5;19,3;0,1;7,64E-2;-541,2;20,00;3,0;3,0;39,91;0,01;-0,015;1,7;4,23;0,405
685;30.06.2023;11:31:07;00:11:24;250,1;204,1;30,8;26,9;25,2;254,8;19,2;0,1;7,64E-2;-541,2;20,00;3,0;2,9;39,91;0,02;-0,018;1,7;4,18;0,405
686;30.06.2023;11:31:08;00:11:25;250,2;204,1;30,8;26,9;25,2;255,4;19,3;0,1;7,64E-2;-541,2;20,00;3,0;3,0;39,91;0,02;-0,017;1,7;4,24;0,405
687;30.06.2023;11:31:09;00:11:26;250,2;205,0;30,8;26,9;25,1;255,9;19,3;0,1;7,63E-2;-541,2;20,00;3,0;3,0;39,91;0,01;-0,013;1,7;4,24;0,408
688;30.06.2023;11:31:10;00:11:27;250,3;204,9;30,8;26,8;25,1;256,2;19,4;0,1;7,63E-2;-541,2;20,00;3,0;3,0;39,91;0,02;-0,015;1,7;4,24;0,405
689;30.06.2023;11:31:11;00:11:28;250,2;205,9;30,8;26,9;25,1;256,8;19,5;0,1;7,62E-2;-541,2;20,00;3,0;3,0;39,91;0,01;-0,009;1,7;4,25;0,409
690;30.06.2023;11:31:12;00:11:29;250,2;205,9;30,8;26,9;25,1;257,1;19,5;0,1;7,61E-2;-541,2;20,00;3,0;3,0;39,91;0,01;-0,013;1,7;4,25;0,410
691;30.06.2023;11:31:13;00:11:30;250,1;206,9;30,9;26,9;25,1;257,6;19,5;0,1;7,60E-2;-541,2;20,00;3,0;3,0;39,91;0,02;-0,014;1,7;4,22;0,408
692;30.06.2023;11:31:14;00:11:31;250,1;206,9;31,0;27,0;25,1;258,2;19,6;0,1;7,60E-2;-541,2;20,00;3,0;3,0;39,91;0,01;-0,022;1,7;4,27;0,410
693;30.06.2023;11:31:15;00:11:32;250,0;206,9;31,0;27,0;25,1;258,5;19,6;0,1;7,59E-2;-541,2;20,00;3,0;3,0;39,91;0,01;-0,016;1,7;4,24;0,410
694;30.06.2023;11:31:16;00:11:33;250,1;207,9;31,0;27,0;25,1;259,1;19,6;0,1;7,59E-2;-541,2;20,00;3,0;3,0;39,91;0,02;-0,014;1,8;4,28;0,410
695;30.06.2023;11:31:17;00:11:34;250,0;208,8;31,0;27,0;25,2;259,6;19,6;0,1;7,59E-2;-541,2;20,00;3,0;3,0;39,91;0,01;-0,018;1,7;4,27;0,411
696;30.06.2023;11:31:18;00:11:35;250,3;208,8;31,0;27,0;25,2;259,9;19,7;0,1;7,58E-2;-541,2;20,00;3,0;3,0;39,91;0,02;-0,020;1,8;4,27;0,410
697;30.06.2023;11:31:19;00:11:36;250,1;209,8;31,1;27,1;25,2;260,5;19,7;0,1;7,58E-2;-541,2;20,00;3,0;3,0;39,91;0,01;-0,018;1,7;4,26;0,412
698;30.06.2023;11:31:20;00:11:37;250,2;209,8;31,2;27,1;25,2;261,1;19,8;0,1;7,56E-2;-541,2;20,00;3,0;3,0;39,91;0,01;-0,017;1,8;4,25;0,415
699;30.06.2023;11:31:21;00:11:38;250,0;210,7;31,2;27,1;25,2;261,4;19,8;0,1;7,56E-2;-541,2;20,00;3,0;3,0;39,91;0,01;-0,017;1,8;4,26;0,413
700;30.06.2023;11:31:22;00:11:39;250,2;210,7;31,2;27,1;25,2;261,9;19,9;0,1;7,55E-2;-541,2;20,00;3,0;3,0;39,91;0,01;-0,019;1,8;4,27;0,413
701;30.06.2023;11:31:23;00:11:40;250,0;211,6;31,2;27,2;25,3;262,2;19,8;0,1;7,55E-2;-541,2;20,00;3,0;3,0;39,90;0,01;-0,018;1,8;4,25;0,415
702;30.06.2023;11:31:24;00:11:41;250,2;211,6;31,3;27,2;25,3;262,8;19,9;0,1;7,54E-2;-541,2;20,00;3,0;3,0;39,91;0,01;-0,022;1,8;4,25;0,413
703;30.06.2023;11:31:25;00:11:42;250,0;212,6;31,3;27,2;25,2;263,3;19,9;0,1;7,54E-2;-541,2;20,00;3,0;2,9;39,91;0,01;-0,021;1,8;4,31;0,415
704;30.06.2023;11:31:26;00:11:43;250,0;212,6;31,3;27,2;25,2;263,6;20,0;0,1;7,54E-2;-541,2;20,00;3,0;3,0;39,90;0,01;-0,020;1,8;4,28;0,415
705;30.06.2023;11:31:27;00:11:44;250,0;213,5;31,4;27,3;25,2;264,2;20,0;0,1;7,53E-2;-541,2;20,00;3,0;3,0;39,91;0,01;-0,016;1,8;4,28;0,415
706;30.06.2023;11:31:28;00:11:45;250,2;214,4;31,4;27,3;25,2;264,8;20,0;0,1;7,52E-2;-541,2;20,00;3,0;3,0;39,90;0,01;-0,017;1,8;4,23;0,416
707;30.06.2023;11:31:29;00:11:46;250,0;214,4;31,4;27,3;25,2;265,0;20,1;0,1;7,52E-2;-541,2;20,00;3,0;3,0;39,90;0,01;-0,022;1,8;4,25;0,415
708;30.06.2023;11:31:30;00:11:47;250,0;214,4;31,4;27,3;25,2;265,6;20,1;0,1;7,51E-2;-541,2;20,00;3,0;3,0;39,91;0,01;-0,023;1,8;4,26;0,417
709;30.06.2023;11:31:31;00:11:48;250,1;215,4;31,4;27,3;25,2;266,2;20,2;0,1;7,50E-2;-541,2;20,00;3,0;3,0;39,90;0,01;-0,014;1,8;4,25;0,418
710;30.06.2023;11:31:32;00:11:49;250,0;215,4;31,4;27,3;25,2;266,5;20,2;0,1;7,50E-2;-541,2;20,00;3,0;3,0;39,90;0,01;-0,013;1,8;4,27;0,420
711;30.06.2023;11:31:33;00:11:50;250,1;216,4;31,5;27,4;25,2;267,1;20,2;0,1;7,49E-2;-541,2;20,00;3,0;3,1;39,91;0,01;-0,012;1,8;4,33;0,420
712;30.06.2023;11:31:34;00:11:51;250,0;217,4;31,6;27,4;25,2;267,6;20,3;0,1;7,49E-2;-541,2;20,00;3,0;3,0;39,90;0,01;-0,011;1,8;4,33;0,420
713;30.06.2023;11:31:35;00:11:52;250,0;217,4;31,6;27,4;25,2;267,9;20,3;0,1;7,49E-2;-541,2;20,00;3,0;3,0;39,90;0,01;-0,018;1,8;4,30;0,420
714;30.06.2023;11:31:36;00:11:53;250,1;217,4;31,6;27,4;25,2;268,4;20,4;0,1;7,48E-2;-541,2;20,00;3,0;3,0;39,90;0,01;-0,019;1,8;4,29;0,421
715;30.06.2023;11:31:37;00:11:54;250,1;218,4;31,6;27,5;25,2;268,7;20,4;0,1;7,48E-2;-541,2;20,00;3,0;2,9;39,90;0,01;-0,022;1,8;4,32;0,424
716;30.06.2023;11:31:38;00:11:55;250,1;218,4;31,6;27,5;25,2;269,3;20,4;0,1;7,47E-2;-541,2;20,00;3,0;2,9;39,90;0,01;-0,019;1,8;4,30;0,423
717;30.06.2023;11:31:39;00:11:56;250,2;219,4;31,7;27,5;25,2;269,9;20,5;0,1;7,46E-2;-541,2;20,00;3,0;3,0;39,90;0,01;-0,013;1,8;4,33;0,425
718;30.06.2023;11:31:40;00:11:57;250,2;219,4;31,7;27,5;25,2;270,2;20,5;0,1;7,45E-2;-541,2;20,00;3,0;3,0;39,90;0,01;-0,017;1,8;4,30;0,425
719;30.06.2023;11:31:41;00:11:58;250,0;220,3;31,8;27,6;25,3;270,7;20,5;0,1;7,45E-2;-541,2;20,00;3,0;2,9;39,90;0,01;-0,020;1,8;4,37;0,426
720;30.06.2023;11:31:42;00:11:59;250,0;220,3;31,8;27,6;25,3;271,3;20,6;0,1;7,45E-2;-541,2;20,00;3,0;3,0;39,90;0,01;-0,023;1,8;4,34;0,426
721;30.06.2023;11:31:43;00:12:00;250,0;221,3;31,8;27,6;25,3;271,6;20,5;0,1;7,44E-2;-541,2;20,00;3,0;3,0;39,90;0,01;-0,018;1,8;4,33;0,426
722;30.06.2023;11:31:44;00:12:01;250,1;221,3;31,9;27,6;25,3;272,2;20,6;0,1;7,44E-2;-541,2;20,00;3,0;3,0;39,90;0,01;-0,014;1,8;4,33;0,429
723;30.06.2023;11:31:45;00:12:02;250,0;222,3;31,9;27,7;25,3;272,7;20,7;0,1;7,43E-2;-541,2;20,00;3,0;2,9;39,90;0,01;-0,017;1,9;4,34;0,429
724;30.06.2023;11:31:46;00:12:03;250,1;222,3;31,9;27,7;25,3;273,0;20,7;0,1;7,43E-2;-541,2;20,00;3,0;3,0;39,90;0,01;-0,017;1,8;4,32;0,428
725;30.06.2023;11:31:47;00:12:04;250,2;223,3;32,0;27,8;25,3;273,6;20,7;0,1;7,42E-2;-541,2;20,00;3,0;3,0;39,90;0,01;-0,019;1,9;4,34;0,428
726;30.06.2023;11:31:48;00:12:05;250,4;223,3;32,0;27,8;25,3;273,9;20,8;0,1;7,42E-2;-541,2;20,00;3,0;3,0;39,90;0,01;-0,017;1,9;4,31;0,427
727;30.06.2023;11:31:49;00:12:06;250,1;224,2;32,0;27,8;25,3;274,4;20,8;0,1;7,41E-2;-541,2;20,00;3,0;3,0;39,90;0,01;-0,017;1,8;4,33;0,430
728;30.06.2023;11:31:50;00:12:07;250,0;224,2;32,0;27,8;25,3;275,0;20,9;0,1;7,40E-2;-541,2;20,00;3,0;3,0;39,90;0,00;-0,013;1,9;4,31;0,430
729;30.06.2023;11:31:51;00:12:08;250,2;224,2;32,0;27,8;25,3;275,3;20,9;0,1;7,40E-2;-541,2;20,00;3,0;3,0;39,90;0,01;-0,014;1,9;4,34;0,430
730;30.06.2023;11:31:52;00:12:09;250,1;225,2;32,0;27,8;25,3;275,9;20,9;0,1;7,40E-2;-541,2;20,00;3,0;3,0;39,90;0,00;-0,017;1,8;4,30;0,430
731;30.06.2023;11:31:53;00:12:10;250,0;226,2;32,1;27,9;25,3;276,4;20,9;0,1;7,39E-2;-541,2;20,00;3,0;3,0;39,90;0,00;-0,018;1,9;4,34;0,430
732;30.06.2023;11:31:54;00:12:11;250,3;226,2;32,1;27,9;25,3;276,7;21,0;0,1;7,39E-2;-541,2;20,00;3,0;2,9;39,90;0,00;-0,022;1,9;4,32;0,430
733;30.06.2023;11:31:55;00:12:12;250,3;226,2;32,2;27,9;25,3;277,3;21,1;0,1;7,38E-2;-541,2;20,00;3,0;3,0;39,90;0,00;-0,018;1,9;4,34;0,430
734;30.06.2023;11:31:56;00:12:13;250,1;227,2;32,2;27,9;25,3;277,9;21,1;0,1;7,38E-2;-541,2;20,00;3,0;3,0;39,90;0,00;-0,012;1,9;4,32;0,433
735;30.06.2023;11:31:57;00:12:14;250,1;228,2;32,2;27,9;25,3;278,2;21,1;0,1;7,37E-2;-541,2;20,00;3,0;3,0;39,90;0,00;-0,016;1,9;4,33;0,430
736;30.06.2023;11:31:58;00:12:15;250,2;228,2;32,3;27,9;25,3;278,7;21,1;0,1;7,36E-2;-541,2;20,00;3,0;3,0;39,90;0,00;-0,015;1,9;4,37;0,434
737;30.06.2023;11:31:59;00:12:16;250,2;229,1;32,3;28,0;25,4;279,3;21,2;0,1;7,36E-2;-541,2;20,00;3,0;3,0;39,89;0,00;-0,018;1,9;4,35;0,433
738;30.06.2023;11:32:00;00:12:17;250,0;229,1;32,3;28,0;25,4;279,6;21,2;0,1;7,35E-2;-541,2;20,00;3,0;3,0;39,90;0,00;-0,018;1,9;4,36;0,435
739;30.06.2023;11:32:01;00:12:18;250,0;230,1;32,3;28,1;25,3;280,1;21,2;0,1;7,35E-2;-541,2;20,00;3,0;2,9;39,90;0,00;-0,021;1,9;4,38;0,435
740;30.06.2023;11:32:02;00:12:19;250,1;230,1;32,3;28,1;25,3;280,4;21,3;0,1;7,35E-2;-541,2;20,00;3,0;3,0;39,90;0,00;-0,016;1,9;4,36;0,435
741;30.06.2023;11:32:03;00:12:20;250,2;231,0;32,4;28,1;25,3;281,0;21,3;0,1;7,35E-2;-541,2;20,00;3,0;3,0;39,90;0,00;-0,018;1,9;4,40;0,435
742;30.06.2023;11:32:04;00:12:21;250,0;231,0;32,5;28,2;25,3;281,6;21,4;0,1;7,34E-2;-541,2;20,00;3,0;3,0;39,90;0,00;-0,018;1,9;4,34;0,435
743;30.06.2023;11:32:05;00:12:22;250,3;231,9;32,5;28,2;25,3;281,8;21,4;0,1;7,34E-2;-541,2;20,00;3,0;3,0;39,89;0,00;-0,017;1,9;4,39;0,437
744;30.06.2023;11:32:06;00:12:23;250,2;231,9;32,5;28,2;25,3;282,4;21,4;0,1;7,34E-2;-541,2;20,00;3,0;3,1;39,90;0,00;-0,019;1,9;4,36;0,437
745;30.06.2023;11:32:07;00:12:24;250,0;232,8;32,5;28,2;25,3;283,0;21,4;0,1;7,33E-2;-541,2;20,00;3,0;3,0;39,89;0,00;-0,012;1,9;4,38;0,438
746;30.06.2023;11:32:08;00:12:25;250,0;232,8;32,6;28,3;25,3;283,3;21,5;0,1;7,33E-2;-541,2;20,00;3,0;2,9;39,89;0,00;-0,020;1,9;4,36;0,438
747;30.06.2023;11:32:09;00:12:26;250,0;233,8;32,6;28,3;25,4;283,8;21,5;0,1;7,33E-2;-541,2;20,00;3,0;3,0;39,89;0,00;-0,016;1,9;4,36;0,435
748;30.06.2023;11:32:10;00:12:27;250,0;233,7;32,5;28,2;25,3;284,4;21,6;0,1;7,32E-2;-541,2;20,00;3,0;3,0;39,89;0,00;-0,012;1,9;4,38;0,440
749;30.06.2023;11:32:11;00:12:28;250,0;233,7;32,5;28,2;25,3;284,7;21,7;0,1;7,32E-2;-541,2;20,00;3,0;3,0;39,89;0,00;-0,018;1,9;4,36;0,440
750;30.06.2023;11:32:12;00:12:29;250,1;234,7;32,5;28,2;25,3;285,3;21,7;0,1;7,31E-2;-541,2;20,00;3,0;3,0;39,89;0,00;-0,016;1,9;4,36;0,440
751;30.06.2023;11:32:13;00:12:30;250,1;235,7;32,6;28,2;25,3;285,8;21,7;0,1;7,31E-2;-541,2;20,00;3,0;3,0;39,89;0,00;-0,017;1,9;4,38;0,440
752;30.06.2023;11:32:14;00:12:31;250,0;235,7;32,6;28,2;25,3;286,1;21,7;0,1;7,31E-2;-541,2;20,00;3,0;2,9;39,89;0,00;-0,021;1,9;4,39;0,440
753;30.06.2023;11:32:15;00:12:32;250,1;236,7;32,7;28,3;25,3;286,7;21,7;0,1;7,30E-2;-541,2;20,00;3,0;2,9;39,89;0,00;-0,017;1,9;4,38;0,440
754;30.06.2023;11:32:16;00:12:33;250,1;236,7;32,7;28,3;25,3;287,0;21,8;0,1;7,30E-2;-541,2;20,00;3,0;3,0;39,89;0,00;-0,012;1,9;4,41;0,441
755;30.06.2023;11:32:17;00:12:34;250,1;237,7;32,7;28,3;25,3;287,5;21,8;0,1;7,30E-2;-541,2;20,00;3,0;3,0;39,89;0,00;-0,017;1,9;4,38;0,444
756;30.06.2023;11:32:18;00:12:35;250,0;237,7;32,8;28,3;25,3;288,1;21,9;0,1;7,30E-2;-541,2;20,00;3,0;2,9;39,89;0,00;-0,020;2,0;4,36;0,444
757;30.06.2023;11:32:19;00:12:36;250,0;238,6;32,8;28,4;25,3;288,4;21,9;0,1;7,29E-2;-541,2;20,00;3,0;3,0;39,89;-0,01;-0,017;2,0;4,40;0,444
758;30.06.2023;11:32:20;00:12:37;250,1;238,6;32,9;28,4;25,3;289,0;21,9;0,1;7,29E-2;-541,2;20,00;3,0;3,0;39,89;0,00;-0,018;2,0;4,39;0,444
759;30.06.2023;11:32:21;00:12:38;250,0;239,5;32,9;28,4;25,4;289,5;22,0;0,1;7,29E-2;-541,2;20,00;3,0;3,0;39,89;0,00;-0,016;1,9;4,39;0,444
760;30.06.2023;11:32:22;00:12:39;250,2;239,5;32,9;28,4;25,4;289,8;22,0;0,1;7,28E-2;-541,2;20,00;3,0;3,0;39,89;0,00;-0,012;1,9;4,41;0,447
761;30.06.2023;11:32:23;00:12:40;250,3;240,4;32,9;28,5;25,4;290,4;22,0;0,1;7,28E-2;-541,2;20,00;3,0;3,0;39,89;-0,01;-0,015;2,0;4,39;0,444
762;30.06.2023;11:32:24;00:12:41;250,2;240,4;33,0;28,5;25,4;290,9;22,1;0,1;7,27E-2;-541,2;20,00;3,0;3,0;39,89;-0,01;-0,018;2,0;4,34;0,448
763;30.06.2023;11:32:25;00:12:42;250,1;241,4;33,0;28,5;25,4;291,2;22,1;0,1;7,26E-2;-541,2;20,00;3,0;2,9;39,89;-0,01;-0,021;2,0;4,42;0,449
764;30.06.2023;11:32:26;00:12:43;250,0;241,4;33,1;28,5;25,4;291,8;22,2;0,1;7,26E-2;-541,2;20,00;3,0;3,0;39,89;0,00;-0,017;2,0;4,41;0,449
765;30.06.2023;11:32:27;00:12:44;250,2;242,3;33,1;28,6;25,4;292,1;22,1;0,1;7,25E-2;-541,2;20,00;3,0;3,0;39,89;0,00;-0,019;2,0;4,39;0,449
766;30.06.2023;11:32:28;00:12:45;250,2;242,3;33,1;28,6;25,4;292,7;22,2;0,1;7,25E-2;-541,2;20,00;3,0;3,0;39,89;-0,01;-0,021;2,0;4,40;0,449
767;30.06.2023;11:32:29;00:12:46;251,4;243,3;33,1;28,6;25,4;293,2;22,3;0,1;7,25E-2;-541,2;20,00;3,0;3,0;39,89;-0,01;-0,014;2,0;4,41;0,449
768;30.06.2023;11:32:30;00:12:47;250,7;243,3;33,1;28,6;25,3;293,5;22,3;0,1;7,25E-2;-541,2;20,00;3,0;3,0;39,89;-0,01;-0,014;2,0;4,41;0,449
769;30.06.2023;11:32:31;00:12:48;251,9;243,2;33,1;28,6;25,3;294,1;22,4;0,1;7,25E-2;-541,2;20,00;3,0;3,0;39,89;-0,01;-0,016;2,0;4,41;0,449
770;30.06.2023;11:32:32;00:12:49;252,7;244,2;33,1;28,6;25,3;294,7;22,4;0,1;7,24E-2;-541,2;20,00;3,0;3,0;39,89;-0,01;-0,016;2,0;4,40;0,451
771;30.06.2023;11:32:33;00:12:50;252,7;245,2;33,2;28,6;25,4;295,0;22,4;0,1;7,24E-2;-541,2;20,00;3,0;3,0;39,89;-0,01;-0,015;2,0;4,41;0,450
772;30.06.2023;11:32:34;00:12:51;252,9;245,2;33,2;28,6;25,4;295,5;22,5;0,1;7,24E-2;-541,2;20,00;3,0;2,9;39,89;-0,01;-0,018;2,0;4,44;0,451
773;30.06.2023;11:32:35;00:12:52;253,2;246,2;33,2;28,7;25,4;296,1;22,5;0,1;7,23E-2;-541,2;20,00;3,0;2,9;39,89;-0,01;-0,022;2,0;4,41;0,452
774;30.06.2023;11:32:36;00:12:53;253,7;246,2;33,2;28,7;25,4;296,4;22,5;0,1;7,22E-2;-541,2;20,00;3,0;3,0;39,89;-0,01;-0,019;2,0;4,40;0,451
775;30.06.2023;11:32:37;00:12:54;254,2;247,2;33,3;28,7;25,4;296,9;22,5;0,1;7,22E-2;-541,2;20,00;3,0;3,0;39,89;-0,01;-0,019;2,0;4,43;0,454
776;30.06.2023;11:32:38;00:12:55;254,7;247,2;33,4;28,8;25,4;297,5;22,6;0,1;7,21E-2;-541,2;20,00;3,0;3,0;39,88;-0,01;-0,022;2,0;4,43;0,455
777;30.06.2023;11:32:39;00:12:56;255,0;247,2;33,4;28,8;25,4;297,8;22,7;0,1;7,21E-2;-541,2;20,00;3,0;3,1;39,88;-0,01;-0,017;2,0;4,46;0,455
778;30.06.2023;11:32:40;00:12:57;256,3;248,2;33,4;28,8;25,4;298,4;22,7;0,1;7,20E-2;-541,2;20,00;3,0;3,1;39,89;-0,01;-0,021;2,0;4,46;0,458
779;30.06.2023;11:32:41;00:12:58;256,3;249,1;33,4;28,9;25,4;298,6;22,7;0,1;7,20E-2;-541,2;20,00;3,0;3,0;39,88;-0,01;-0,025;2,0;4,43;0,455
780;30.06.2023;11:32:42;00:12:59;256,7;249,1;33,4;28,9;25,4;299,2;22,7;0,1;7,20E-2;-541,2;20,00;3,0;3,0;39,88;-0,01;-0,019;2,0;4,44;0,458
781;30.06.2023;11:32:43;00:13:00;257,0;250,0;33,5;28,9;25,4;299,8;22,8;0,1;7,19E-2;-541,2;20,00;3,0;3,0;39,88;-0,01;-0,013;2,0;4,44;0,457
782;30.06.2023;11:32:44;00:13:01;257,6;250,0;33,6;28,9;25,4;300,1;22,8;0,1;7,19E-2;-541,2;20,00;3,0;2,9;39,89;-0,01;-0,022;2,0;4,41;0,458
783;30.06.2023;11:32:45;00:13:02;257,6;251,0;33,6;29,0;25,4;301,8;22,9;0,1;7,19E-2;-541,2;20,00;3,0;3,0;39,88;-0,01;-0,023;2,0;4,45;0,459
784;30.06.2023;11:32:46;00:13:03;258,4;251,0;33,6;29,0;25,4;303,3;23,1;0,1;7,18E-2;-541,2;20,00;3,0;3,0;39,88;-0,01;-0,016;2,0;4,47;0,462
785;30.06.2023;11:32:47;00:13:04;258,1;251,9;33,6;29,0;25,4;304,0;23,1;0,1;7,18E-2;-541,2;20,00;3,0;3,0;39,88;-0,01;-0,021;2,0;4,46;0,459
786;30.06.2023;11:32:48;00:13:05;259,2;251,9;33,7;29,0;25,4;305,5;23,3;0,1;7,17E-2;-541,2;20,00;3,0;2,9;39,88;-0,01;-0,019;2,1;4,48;0,464
787;30.06.2023;11:32:49;00:13:06;259,6;252,8;33,7;29,0;25,4;307,0;23,4;0,1;7,17E-2;-541,2;20,00;3,0;3,0;39,88;-0,01;-0,023;2,1;4,49;0,465
788;30.06.2023;11:32:50;00:13:07;260,7;252,8;33,7;29,1;25,5;307,8;23,5;0,1;7,16E-2;-541,2;20,00;3,0;3,0;39,88;-0,01;-0,020;2,1;4,48;0,466
789;30.06.2023;11:32:51;00:13:08;261,5;253,8;33,8;29,1;25,5;309,4;23,7;0,1;7,16E-2;-541,2;20,00;3,0;3,0;39,88;-0,01;-0,021;2,1;4,50;0,469
790;30.06.2023;11:32:52;00:13:09;261,6;253,8;33,8;29,1;25,5;310,9;23,7;0,1;7,15E-2;-541,2;20,00;3,0;3,0;39,88;-0,01;-0,020;2,1;4,53;0,470
791;30.06.2023;11:32:53;00:13:10;262,4;254,8;33,8;29,2;25,5;311,6;23,8;0,1;7,15E-2;-541,2;20,00;3,0;3,0;39,88;-0,01;-0,019;2,1;4,54;0,473
792;30.06.2023;11:32:54;00:13:11;263,0;254,8;33,9;29,2;25,5;313,1;23,9;0,1;7,15E-2;-541,2;20,00;3,0;3,0;39,88;-0,01;-0,025;2,1;4,47;0,471
793;30.06.2023;11:32:55;00:13:12;263,7;254,8;33,9;29,2;25,5;313,9;24,0;0,1;7,15E-2;-541,2;20,00;3,0;3,0;39,88;-0,01;-0,023;2,1;4,51;0,474
794;30.06.2023;11:32:56;00:13:13;264,4;255,8;33,9;29,2;25,5;315,4;24,1;0,1;7,14E-2;-541,2;20,00;3,0;3,0;39,88;-0,01;-0,022;2,1;4,50;0,474
795;30.06.2023;11:32:57;00:13:14;265,1;256,9;34,0;29,3;25,5;317,0;24,2;0,1;7,14E-2;-541,2;20,00;3,0;3,1;39,88;-0,02;-0,022;2,2;4,58;0,476
796;30.06.2023;11:32:58;00:13:15;265,4;256,9;34,0;29,3;25,5;317,8;24,3;0,1;7,14E-2;-541,2;20,00;3,0;3,0;39,88;-0,02;-0,024;2,2;4,56;0,479
797;30.06.2023;11:32:59;00:13:16;266,5;257,9;34,1;29,3;25,5;319,3;24,4;0,1;7,13E-2;-541,2;20,00;3,0;3,0;39,88;-0,02;-0,025;2,2;4,56;0,479
798;30.06.2023;11:33:00;00:13:17;266,5;257,9;34,1;29,3;25,6;320,8;24,6;0,1;7,13E-2;-541,2;20,00;3,0;3,1;39,88;-0,02;-0,023;2,2;4,57;0,484
799;30.06.2023;11:33:01;00:13:18;267,3;258,9;34,1;29,4;25,6;321,5;24,7;0,1;7,13E-2;-541,2;20,00;3,0;3,0;39,88;-0,02;-0,028;2,2;4,54;0,481
800;30.06.2023;11:33:02;00:13:19;268,6;258,9;34,1;29,4;25,6;323,0;24,8;0,1;7,12E-2;-541,2;20,00;3,0;3,0;39,88;-0,02;-0,024;2,2;4,57;0,484
801;30.06.2023;11:33:03;00:13:20;269,9;260,0;34,2;29,5;25,6;324,6;24,9;0,1;7,12E-2;-541,2;20,00;3,0;3,0;39,88;-0,02;-0,022;2,2;4,56;0,487
802;30.06.2023;11:33:04;00:13:21;270,3;260,0;34,3;29,5;25,6;325,4;25,0;0,1;7,12E-2;-541,2;20,00;3,0;3,0;39,88;-0,02;-0,025;2,2;4,59;0,488
803;30.06.2023;11:33:05;00:13:22;271,1;261,1;34,3;29,5;25,6;326,9;25,1;0,1;7,11E-2;-541,2;20,00;3,0;2,9;39,88;-0,02;-0,021;2,2;4,59;0,490
804;30.06.2023;11:33:06;00:13:23;271,2;261,1;34,3;29,5;25,6;327,6;25,2;0,1;7,11E-2;-541,2;20,00;3,0;3,0;39,88;-0,02;-0,023;2,2;4,59;0,491
805;30.06.2023;11:33:07;00:13:24;272,1;262,2;34,4;29,6;25,6;329,1;25,3;0,1;7,11E-2;-541,2;20,00;3,0;2,9;39,87;-0,02;-0,030;2,3;4,63;0,493
806;30.06.2023;11:33:08;00:13:25;273,4;263,3;34,4;29,6;25,6;330,6;25,4;0,1;7,11E-2;-541,2;20,00;3,0;2,9;39,87;-0,02;-0,032;2,3;4,60;0,496
807;30.06.2023;11:33:09;00:13:26;273,4;263,3;34,4;29,6;25,6;331,5;25,5;0,1;7,11E-2;-541,2;20,00;3,0;3,0;39,87;-0,02;-0,025;2,3;4,59;0,493
808;30.06.2023;11:33:10;00:13:27;274,0;263,3;34,4;29,6;25,6;333,0;25,7;0,1;7,10E-2;-541,2;20,00;3,0;3,0;39,87;-0,02;-0,042;2,3;4,61;0,497
809;30.06.2023;11:33:11;00:13:28;275,1;264,6;34,5;29,7;25,6;334,5;25,9;0,1;7,10E-2;-541,2;20,00;3,0;2,9;39,87;-0,02;-0,042;2,3;4,64;0,500
810;30.06.2023;11:33:12;00:13:29;275,4;264,6;34,5;29,7;25,6;335,3;25,9;0,1;7,10E-2;-541,2;20,00;3,0;3,0;39,87;-0,02;-0,035;2,3;4,64;0,499
811;30.06.2023;11:33:13;00:13:30;276,4;266,0;34,6;29,7;25,6;336,8;26,0;0,1;7,10E-2;-541,2;20,00;3,0;3,0;39,87;-0,03;-0,032;2,3;4,63;0,503
812;30.06.2023;11:33:14;00:13:31;277,5;266,0;34,7;29,7;25,7;338,3;26,1;0,1;7,10E-2;-541,2;20,00;3,0;3,0;39,87;-0,02;-0,035;2,3;4,65;0,504
813;30.06.2023;11:33:15;00:13:32;277,5;266,0;34,7;29,7;25,7;339,1;26,3;0,1;7,10E-2;-541,2;20,00;3,0;3,0;39,87;-0,02;-0,035;2,3;4,63;0,504
814;30.06.2023;11:33:16;00:13:33;278,6;267,3;34,7;29,8;25,7;340,6;26,3;0,1;7,10E-2;-541,2;20,00;3,0;3,0;39,87;-0,03;-0,029;2,4;4,63;0,508
815;30.06.2023;11:33:17;00:13:34;279,7;268,8;34,8;29,9;25,7;342,1;26,4;0,1;7,09E-2;-541,2;20,00;3,0;3,1;39,87;-0,02;-0,030;2,4;4,66;0,508
816;30.06.2023;11:33:18;00:13:35;280,2;268,8;34,8;29,9;25,7;342,9;26,5;0,1;7,09E-2;-541,2;20,00;3,0;3,0;39,87;-0,03;-0,034;2,4;4,65;0,508
817;30.06.2023;11:33:19;00:13:36;281,2;268,8;34,9;30,0;25,7;344,4;26,7;0,1;7,09E-2;-541,2;20,00;3,0;3,0;39,86;-0,03;-0,028;2,4;4,68;0,512
818;30.06.2023;11:33:20;00:13:37;281,6;270,1;34,9;30,0;25,7;345,1;26,7;0,1;7,09E-2;-541,2;20,00;3,0;2,9;39,87;-0,03;-0,028;2,4;4,65;0,513
819;30.06.2023;11:33:21;00:13:38;283,0;271,4;35,0;30,0;25,7;346,8;26,8;0,1;7,09E-2;-541,2;20,00;3,0;2,9;39,87;-0,03;-0,024;2,4;4,70;0,514
820;30.06.2023;11:33:22;00:13:39;283,7;271,4;35,1;30,0;25,7;348,3;27,0;0,1;7,09E-2;-541,2;20,00;3,0;3,0;39,86;-0,03;-0,023;2,4;4,70;0,518
821;30.06.2023;11:33:23;00:13:40;284,3;272,8;35,1;30,1;25,7;349,0;27,0;0,1;7,09E-2;-541,2;20,00;3,0;3,0;39,87;-0,03;-0,029;2,4;4,72;0,518
822;30.06.2023;11:33:24;00:13:41;285,5;272,8;35,2;30,1;25,7;350,5;27,2;0,1;7,09E-2;-541,2;20,00;3,0;2,9;39,86;-0,03;-0,035;2,4;4,68;0,518
823;30.06.2023;11:33:25;00:13:42;286,3;274,2;35,2;30,2;25,7;352,0;27,3;0,1;7,09E-2;-541,2;20,00;3,0;3,0;39,86;-0,03;-0,032;2,5;4,74;0,523
824;30.06.2023;11:33:26;00:13:43;286,9;274,2;35,2;30,2;25,7;352,8;27,3;0,1;7,09E-2;-541,2;20,00;3,0;3,0;39,86;-0,03;-0,040;2,5;4,72;0,522
825;30.06.2023;11:33:27;00:13:44;288,2;275,7;35,3;30,3;25,7;354,4;27,4;0,1;7,09E-2;-541,2;20,00;3,0;3,0;39,86;-0,03;-0,027;2,5;4,71;0,524
826;30.06.2023;11:33:28;00:13:45;289,1;275,7;35,4;30,3;25,7;355,9;27,6;0,1;7,09E-2;-541,2;20,00;3,0;3,0;39,86;-0,03;-0,024;2,5;4,75;0,527
827;30.06.2023;11:33:29;00:13:46;289,6;277,2;35,4;30,3;25,8;356,6;27,7;0,1;7,09E-2;-541,2;20,00;3,0;3,1;39,86;-0,03;-0,028;2,5;4,75;0,527
828;30.06.2023;11:33:30;00:13:47;290,5;277,1;35,4;30,3;25,7;358,1;27,8;0,1;7,09E-2;-541,2;20,00;3,0;3,0;39,86;-0,03;-0,028;2,5;4,72;0,527
829;30.06.2023;11:33:31;00:13:48;291,6;278,7;35,4;30,4;25,7;359,6;28,0;0,1;7,09E-2;-541,2;20,00;3,0;3,0;39,86;-0,03;-0,034;2,5;4,77;0,531
830;30.06.2023;11:33:32;00:13:49;291,9;278,7;35,4;30,4;25,7;360,4;28,0;0,1;7,09E-2;-541,2;20,00;3,0;3,1;39,86;-0,03;-0,029;2,5;4,74;0,532
831;30.06.2023;11:33:33;00:13:50;293,3;280,3;35,5;30,5;25,8;362,0;28,1;0,1;7,09E-2;-541,2;20,00;3,0;3,0;39,86;-0,04;-0,035;2,6;4,78;0,534
832;30.06.2023;11:33:34;00:13:51;294,0;280,3;35,5;30,5;25,8;362,8;28,2;0,1;7,09E-2;-541,2;20,00;3,0;2,9;39,86;-0,03;-0,043;2,5;4,74;0,533
833;30.06.2023;11:33:35;00:13:52;294,6;280,3;35,7;30,5;25,8;364,3;28,4;0,1;7,09E-2;-541,2;20,00;3,0;3,0;39,86;-0,04;-0,029;2,6;4,77;0,537
834;30.06.2023;11:33:36;00:13:53;296,2;282,0;35,7;30,5;25,8;365,8;28,4;0,1;7,09E-2;-541,2;20,00;3,0;3,0;39,86;-0,03;-0,031;2,6;4,79;0,540
835;30.06.2023;11:33:37;00:13:54;297,3;283,7;35,8;30,6;25,7;367,3;28,5;0,1;7,09E-2;-541,2;20,00;3,0;3,1;39,86;-0,04;-0,028;2,6;4,77;0,542
836;30.06.2023;11:33:38;00:13:55;298,1;283,7;35,8;30,6;25,7;368,0;28,6;0,1;7,10E-2;-541,2;20,00;3,0;3,0;39,85;-0,03;-0,033;2,6;4,81;0,541
837;30.06.2023;11:33:39;00:13:56;298,8;285,3;35,9;30,7;25,7;369,5;28,7;0,1;7,09E-2;-541,2;20,00;3,0;3,0;39,86;-0,04;-0,031;2,6;4,80;0,542
838;30.06.2023;11:33:40;00:13:57;300,0;285,3;36,0;30,7;25,7;371,1;28,9;0,1;7,10E-2;-541,2;20,00;3,0;3,0;39,86;-0,04;-0,029;2,6;4,79;0,546
839;30.06.2023;11:33:41;00:13:58;300,8;287,0;36,0;30,8;25,8;371,9;28,9;0,1;7,10E-2;-541,2;20,00;3,0;2,9;39,85;-0,04;-0,037;2,6;4,80;0,547
840;30.06.2023;11:33:42;00:13:59;301,8;287,0;36,1;30,9;25,8;373,4;29,1;0,1;7,10E-2;-541,2;20,00;3,0;3,0;39,86;-0,04;-0,031;2,7;4,82;0,547
841;30.06.2023;11:33:43;00:14:00;302,9;288,6;36,1;30,9;25,8;374,9;29,1;0,1;7,10E-2;-541,2;20,00;3,0;3,0;39,85;-0,04;-0,035;2,7;4,85;0,549
842;30.06.2023;11:33:44;00:14:01;303,6;288,6;36,2;30,9;25,8;375,6;29,2;0,1;7,10E-2;-541,2;20,00;3,0;2,9;39,85;-0,04;-0,038;2,7;4,83;0,552
843;30.06.2023;11:33:45;00:14:02;305,0;290,3;36,2;31,0;25,8;377,1;29,3;0,1;7,10E-2;-541,2;20,00;3,0;2,9;39,85;-0,04;-0,043;2,7;4,83;0,554
844;30.06.2023;11:33:46;00:14:03;306,3;292,1;36,3;31,0;25,8;378,8;29,4;0,1;7,11E-2;-541,2;20,00;3,0;2,9;39,85;-0,04;-0,039;2,7;4,84;0,555
845;30.06.2023;11:33:47;00:14:04;307,0;292,1;36,3;31,0;25,8;379,5;29,5;0,1;7,11E-2;-541,2;20,00;3,0;3,0;39,85;-0,04;-0,034;2,7;4,84;0,553
846;30.06.2023;11:33:48;00:14:05;307,9;292,1;36,5;31,1;25,8;381,0;29,7;0,1;7,11E-2;-541,2;20,00;3,0;3,0;39,85;-0,04;-0,040;2,7;4,88;0,557
847;30.06.2023;11:33:49;00:14:06;308,6;293,8;36,5;31,1;25,8;381,8;29,7;0,1;7,11E-2;-541,2;20,00;3,0;3,0;39,85;-0,05;-0,033;2,7;4,84;0,557
848;30.06.2023;11:33:50;00:14:07;309,8;293,7;36,5;31,0;25,7;383,3;29,8;0,1;7,12E-2;-541,2;20,00;3,0;3,0;39,85;-0,04;-0,041;2,7;4,88;0,562
849;30.06.2023;11:33:51;00:14:08;311,1;295,6;36,5;31,1;25,8;384,8;29,9;0,1;7,12E-2;-541,2;20,00;3,0;3,0;39,85;-0,04;-0,039;2,8;4,86;0,563
850;30.06.2023;11:33:52;00:14:09;311,8;295,6;36,5;31,1;25,8;385,6;30,0;0,1;7,12E-2;-541,2;20,00;3,0;3,0;39,85;-0,05;-0,036;2,8;4,90;0,564
851;30.06.2023;11:33:53;00:14:10;313,2;297,5;36,6;31,2;25,8;387,1;30,1;0,1;7,12E-2;-541,2;20,00;3,0;3,1;39,85;-0,04;-0,035;2,8;4,88;0,567
852;30.06.2023;11:33:54;00:14:11;314,0;297,5;36,7;31,3;25,8;388,6;30,3;0,1;7,13E-2;-541,2;20,00;3,0;3,0;39,85;-0,05;-0,036;2,8;4,87;0,567
853;30.06.2023;11:33:55;00:14:12;314,8;297,5;36,7;31,3;25,8;389,4;30,4;0,1;7,13E-2;-541,2;20,00;3,0;3,0;39,84;-0,05;-0,038;2,8;4,87;0,567
854;30.06.2023;11:33:56;00:14:13;316,1;299,5;36,7;31,3;25,8;390,9;30,4;0,1;7,14E-2;-541,2;20,00;3,0;3,1;39,85;-0,05;-0,034;2,8;4,86;0,570
855;30.06.2023;11:33:57;00:14:14;317,4;301,5;36,9;31,4;25,8;392,4;30,5;0,1;7,14E-2;-541,2;20,00;3,0;3,0;39,84;-0,05;-0,036;2,8;4,94;0,571
856;30.06.2023;11:33:58;00:14:15;318,1;301,5;37,0;31,4;25,8;393,3;30,6;0,1;7,14E-2;-541,2;20,00;3,0;3,0;39,84;-0,05;-0,039;2,8;4,90;0,571
857;30.06.2023;11:33:59;00:14:16;319,5;303,4;37,0;31,5;25,8;394,8;30,7;0,1;7,14E-2;-541,2;20,00;3,0;3,0;39,85;-0,05;-0,038;2,8;4,92;0,576
858;30.06.2023;11:34:00;00:14:17;320,7;303,4;37,1;31,5;25,8;396,3;30,8;0,1;7,15E-2;-541,2;20,00;3,0;3,0;39,84;-0,05;-0,034;2,8;4,89;0,576
859;30.06.2023;11:34:01;00:14:18;321,3;305,3;37,1;31,6;25,8;397,0;30,8;0,1;7,15E-2;-541,2;20,00;3,0;3,0;39,84;-0,05;-0,037;2,9;4,92;0,576
860;30.06.2023;11:34:02;00:14:19;322,5;305,3;37,3;31,7;25,8;398,5;31,0;0,1;7,15E-2;-541,2;20,00;3,0;3,0;39,84;-0,05;-0,041;2,9;4,92;0,581
861;30.06.2023;11:34:03;00:14:20;323,0;305,3;37,3;31,7;25,8;399,3;31,1;0,1;7,15E-2;-541,2;20,00;3,0;3,0;39,84;-0,05;-0,037;2,9;4,93;0,581
862;30.06.2023;11:34:04;00:14:21;324,3;307,3;37,3;31,7;25,8;400,9;31,2;0,1;7,16E-2;-541,2;20,00;3,0;3,0;39,84;-0,06;-0,036;2,9;4,90;0,581
863;30.06.2023;11:34:05;00:14:22;325,7;309,2;37,4;31,8;25,8;402,4;31,2;0,1;7,16E-2;-541,2;20,00;3,0;3,0;39,84;-0,05;-0,040;2,9;4,92;0,582
864;30.06.2023;11:34:06;00:14:23;326,2;309,2;37,4;31,8;25,8;403,1;31,3;0,1;7,17E-2;-541,2;20,00;3,0;3,1;39,84;-0,06;-0,039;2,9;4,93;0,584
865;30.06.2023;11:34:07;00:14:24;327,9;311,1;37,5;32,0;25,8;404,6;31,4;0,1;7,17E-2;-541,2;20,00;3,0;3,0;39,84;-0,05;-0,046;2,9;4,94;0,585
866;30.06.2023;11:34:08;00:14:25;328,8;311,1;37,7;32,0;25,9;406,1;31,6;0,1;7,18E-2;-541,2;20,00;3,0;2,9;39,84;-0,06;-0,042;2,9;5,00;0,591
867;30.06.2023;11:34:09;00:14:26;329,6;313,1;37,7;32,1;25,9;406,9;31,6;0,1;7,18E-2;-541,2;20,00;3,0;3,0;39,83;-0,05;-0,040;2,9;4,94;0,591
868;30.06.2023;11:34:10;00:14:27;331,0;313,1;37,6;32,0;25,9;408,5;31,7;0,1;7,18E-2;-541,2;20,00;3,0;3,0;39,83;-0,06;-0,039;2,9;4,99;0,591
869;30.06.2023;11:34:11;00:14:28;332,4;315,1;37,7;32,1;25,9;410,0;31,8;0,1;7,19E-2;-541,2;20,00;3,0;3,0;39,84;-0,06;-0,046;3,0;4,96;0,592
870;30.06.2023;11:34:12;00:14:29;333,0;315,1;37,7;32,1;25,9;410,8;31,9;0,1;7,19E-2;-541,2;20,00;3,0;3,0;39,83;-0,06;-0,044;2,9;4,97;0,595
871;30.06.2023;11:34:13;00:14:30;334,4;317,3;37,9;32,2;25,9;412,3;31,9;0,1;7,19E-2;-541,2;20,00;3,0;3,0;39,84;-0,06;-0,043;3,0;4,96;0,596
872;30.06.2023;11:34:14;00:14:31;334,8;317,3;37,9;32,2;25,9;413,0;32,0;0,1;7,19E-2;-541,1;20,00;3,0;3,0;39,83;-0,06;-0,044;3,0;4,99;0,596
873;30.06.2023;11:34:15;00:14:32;336,2;317,3;38,0;32,3;25,9;414,5;32,2;0,1;7,20E-2;-541,2;20,00;3,0;3,0;39,83;-0,06;-0,035;3,0;4,97;0,601
874;30.06.2023;11:34:16;00:14:33;337,7;319,4;38,0;32,3;25,9;416,1;32,3;0,1;7,20E-2;-541,2;20,00;3,0;3,0;39,83;-0,06;-0,039;3,0;4,98;0,601
875;30.06.2023;11:34:17;00:14:34;338,6;321,6;38,2;32,4;25,9;416,9;32,3;0,1;7,20E-2;-541,2;20,00;3,0;3,0;39,83;-0,06;-0,047;3,0;4,99;0,601
876;30.06.2023;11:34:18;00:14:35;339,9;321,6;38,3;32,4;25,9;418,4;32,4;0,1;7,20E-2;-541,2;20,00;3,0;3,0;39,83;-0,07;-0,046;3,0;4,99;0,603
877;30.06.2023;11:34:19;00:14:36;341,3;323,6;38,3;32,6;25,9;419,9;32,5;0,1;7,21E-2;-541,2;20,00;3,0;3,0;39,83;-0,06;-0,048;3,0;5,02;0,606
878;30.06.2023;11:34:20;00:14:37;341,8;323,6;38,3;32,6;25,9;420,6;32,6;0,1;7,22E-2;-541,2;20,00;3,0;3,0;39,83;-0,07;-0,041;3,0;5,03;0,606
879;30.06.2023;11:34:21;00:14:38;343,3;325,7;38,4;32,7;25,9;422,1;32,6;0,1;7,22E-2;-541,2;20,00;3,0;2,9;39,83;-0,06;-0,044;3,1;5,05;0,607
880;30.06.2023;11:34:22;00:14:39;344,8;325,7;38,6;32,8;25,9;423,8;32,9;0,1;7,23E-2;-541,2;20,00;3,0;2,9;39,82;-0,06;-0,046;3,1;5,03;0,611
881;30.06.2023;11:34:23;00:14:40;345,5;325,7;38,6;32,8;25,9;424,5;33,0;0,1;7,23E-2;-541,2;20,00;3,0;3,0;39,83;-0,07;-0,041;3,1;5,07;0,611
882;30.06.2023;11:34:24;00:14:41;346,8;327,7;38,6;32,8;25,9;426,0;33,0;0,1;7,24E-2;-541,2;20,00;3,0;3,0;39,82;-0,07;-0,042;3,0;4,99;0,611
883;30.06.2023;11:34:25;00:14:42;348,2;329,8;38,7;32,9;26,0;427,5;33,0;0,1;7,24E-2;-541,2;20,00;3,0;3,0;39,83;-0,07;-0,047;3,1;5,03;0,614
884;30.06.2023;11:34:26;00:14:43;349,0;329,8;38,7;32,9;26,0;428,3;33,1;0,1;7,24E-2;-541,2;20,00;3,0;3,1;39,82;-0,07;-0,040;3,1;5,03;0,615
885;30.06.2023;11:34:27;00:14:44;350,1;331,9;38,9;33,0;26,0;429,8;33,2;0,1;7,24E-2;-541,2;20,00;3,0;3,0;39,83;-0,07;-0,038;3,1;5,05;0,615
886;30.06.2023;11:34:28;00:14:45;350,9;331,9;39,0;33,0;26,0;430,5;33,3;0,1;7,25E-2;-541,2;20,00;3,0;3,0;39,82;-0,07;-0,040;3,1;5,03;0,618
887;30.06.2023;11:34:29;00:14:46;352,3;334,0;39,0;33,1;26,0;432,1;33,4;0,1;7,25E-2;-541,2;20,00;3,0;3,0;39,82;-0,07;-0,042;3,1;5,01;0,625
888;30.06.2023;11:34:30;00:14:47;353,9;333,9;38,9;33,0;25,9;433,6;33,6;0,1;7,25E-2;-541,2;20,00;3,0;3,0;39,82;-0,07;-0,039;3,1;5,07;0,625
889;30.06.2023;11:34:31;00:14:48;354,4;333,9;39,0;33,0;25,9;434,4;33,7;0,1;7,26E-2;-541,2;20,00;3,0;3,0;39,82;-0,07;-0,044;3,2;5,06;0,625
890;30.06.2023;11:34:32;00:14:49;355,9;336,2;39,0;33,1;25,9;435,9;33,7;0,1;7,26E-2;-541,2;20,00;3,0;3,0;39,82;-0,07;-0,040;3,2;5,07;0,626
891;30.06.2023;11:34:33;00:14:50;357,1;338,5;39,2;33,3;26,0;437,4;33,7;0,1;7,27E-2;-541,2;20,00;3,0;3,1;39,82;-0,07;-0,045;3,2;5,10;0,625
892;30.06.2023;11:34:34;00:14:51;358,2;338,5;39,2;33,3;26,0;438,1;33,8;0,1;7,28E-2;-541,2;20,00;3,0;3,0;39,82;-0,08;-0,043;3,2;5,07;0,625
893;30.06.2023;11:34:35;00:14:52;359,6;340,8;39,3;33,4;25,9;439,8;34,0;0,1;7,28E-2;-541,2;20,00;3,0;3,0;39,82;-0,08;-0,041;3,2;5,10;0,629
894;30.06.2023;11:34:36;00:14:53;361,3;340,8;39,3;33,4;25,9;441,3;34,1;0,1;7,29E-2;-541,2;20,00;3,0;3,0;39,82;-0,07;-0,038;3,2;5,11;0,634
895;30.06.2023;11:34:37;00:14:54;362,0;343,1;39,5;33,5;26,0;442,0;34,0;0,1;7,29E-2;-541,2;20,00;3,0;3,0;39,82;-0,08;-0,035;3,2;5,11;0,632
896;30.06.2023;11:34:38;00:14:55;363,4;343,1;39,6;33,6;26,0;443,5;34,2;0,1;7,29E-2;-541,2;20,00;3,0;3,0;39,81;-0,08;-0,043;3,2;5,07;0,635
897;30.06.2023;11:34:39;00:14:56;364,7;345,3;39,6;33,6;26,0;445,0;34,3;0,1;7,30E-2;-541,2;20,00;3,0;3,0;39,82;-0,08;-0,044;3,3;5,11;0,639
898;30.06.2023;11:34:40;00:14:57;365,6;345,3;39,6;33,6;26,0;445,8;34,4;0,1;7,30E-2;-541,2;20,00;3,0;3,0;39,81;-0,08;-0,046;3,2;5,08;0,634
899;30.06.2023;11:34:41;00:14:58;366,8;347,5;39,8;33,7;26,0;447,4;34,4;0,1;7,30E-2;-541,2;20,00;3,0;3,0;39,81;-0,08;-0,045;3,3;5,09;0,639
900;30.06.2023;11:34:42;00:14:59;367,6;347,5;39,8;33,7;26,0;448,1;34,5;0,1;7,30E-2;-541,2;20,00;3,0;3,0;39,81;-0,08;-0,039;3,3;5,12;0,639
901;30.06.2023;11:34:43;00:15:00;369,0;349,8;39,9;33,9;26,0;449,6;34,7;0,1;7,31E-2;-541,2;20,00;3,0;3,1;39,81;-0,08;-0,042;3,3;5,13;0,643
902;30.06.2023;11:34:44;00:15:01;370,8;349,8;39,9;33,9;26,0;451,1;34,8;0,1;7,31E-2;-541,2;20,00;3,0;3,1;39,81;-0,08;-0,040;3,3;5,12;0,645
903;30.06.2023;11:34:45;00:15:02;371,6;352,1;40,1;34,0;26,0;451,9;34,7;0,1;7,32E-2;-541,2;20,00;3,0;3,1;39,81;-0,08;-0,042;3,3;5,13;0,645
904;30.06.2023;11:34:46;00:15:03;372,9;352,1;40,3;34,0;26,0;453,4;34,9;0,1;7,32E-2;-541,2;20,00;3,0;3,1;39,81;-0,08;-0,038;3,3;5,13;0,645
905;30.06.2023;11:34:47;00:15:04;374,1;354,4;40,3;34,1;26,0;455,0;34,9;0,1;7,33E-2;-541,2;20,00;3,0;3,0;39,81;-0,08;-0,041;3,3;5,17;0,650
906;30.06.2023;11:34:48;00:15:05;374,8;354,4;40,3;34,1;26,0;455,8;35,0;0,1;7,33E-2;-541,2;20,00;3,0;3,0;39,81;-0,08;-0,044;3,3;5,12;0,645
907;30.06.2023;11:34:49;00:15:06;376,4;356,7;40,4;34,2;26,1;457,3;35,1;0,1;7,33E-2;-541,2;20,00;3,0;3,0;39,81;-0,09;-0,043;3,4;5,14;0,650
908;30.06.2023;11:34:50;00:15:07;377,7;356,7;40,5;34,3;26,1;458,8;35,3;0,1;7,34E-2;-541,2;20,00;3,0;3,0;39,81;-0,09;-0,044;3,4;5,17;0,654
909;30.06.2023;11:34:51;00:15:08;378,4;356,7;40,6;34,4;26,1;459,5;35,4;0,1;7,34E-2;-541,2;20,00;3,0;2,9;39,81;-0,09;-0,045;3,4;5,15;0,652
910;30.06.2023;11:34:52;00:15:09;379,9;359,1;40,6;34,4;26,1;461,0;35,4;0,1;7,35E-2;-541,2;20,00;3,0;3,0;39,80;-0,09;-0,049;3,4;5,14;0,654
911;30.06.2023;11:34:53;00:15:10;380,8;361,5;40,8;34,5;26,1;461,9;35,4;0,1;7,35E-2;-541,2;20,00;3,0;3,0;39,81;-0,09;-0,046;3,4;5,18;0,659
912;30.06.2023;11:34:54;00:15:11;382,3;361,5;40,9;34,5;26,2;463,4;35,5;0,1;7,35E-2;-541,2;20,00;3,0;3,0;39,81;-0,09;-0,038;3,4;5,16;0,659
913;30.06.2023;11:34:55;00:15:12;383,8;363,9;40,9;34,7;26,1;464,9;35,6;0,1;7,36E-2;-541,2;20,00;3,0;2,9;39,81;-0,09;-0,049;3,4;5,18;0,659
914;30.06.2023;11:34:56;00:15:13;384,6;363,9;40,9;34,7;26,1;465,6;35,7;0,1;7,36E-2;-541,2;20,00;3,0;3,0;39,80;-0,09;-0,048;3,4;5,19;0,660
915;30.06.2023;11:34:57;00:15:14;386,1;366,4;41,1;34,8;26,1;467,1;35,7;0,1;7,37E-2;-541,2;20,00;3,0;3,0;39,80;-0,09;-0,049;3,4;5,15;0,662
916;30.06.2023;11:34:58;00:15:15;387,4;366,4;41,3;34,8;26,2;468,6;35,9;0,1;7,38E-2;-541,2;20,00;3,0;3,0;39,80;-0,09;-0,044;3,4;5,19;0,661
917;30.06.2023;11:34:59;00:15:16;388,7;366,4;41,3;34,9;26,2;469,5;36,0;0,1;7,39E-2;-541,2;20,00;3,0;3,0;39,80;-0,09;-0,048;3,5;5,18;0,665
918;30.06.2023;11:35:00;00:15:17;390,1;368,6;41,3;34,9;26,2;471,0;36,0;0,1;7,40E-2;-541,2;20,00;3,0;3,0;39,80;-0,09;-0,053;3,5;5,20;0,666
919;30.06.2023;11:35:01;00:15:18;391,6;370,9;41,4;35,0;26,2;472,5;36,1;0,1;7,40E-2;-541,2;20,00;3,0;3,0;39,80;-0,10;-0,049;3,5;5,19;0,668
920;30.06.2023;11:35:02;00:15:19;392,2;370,9;41,4;35,0;26,2;473,3;36,2;0,1;7,41E-2;-541,2;20,00;3,0;3,0;39,80;-0,10;-0,047;3,5;5,19;0,667
921;30.06.2023;11:35:03;00:15:20;393,9;373,2;41,6;35,2;26,2;474,8;36,4;0,1;7,42E-2;-541,2;20,00;3,0;3,0;39,80;-0,10;-0,046;3,5;5,21;0,674
922;30.06.2023;11:35:04;00:15:21;395,4;373,2;41,6;35,2;26,2;476,3;36,4;0,1;7,43E-2;-541,2;20,00;3,0;3,0;39,80;-0,10;-0,047;3,5;5,25;0,674
923;30.06.2023;11:35:05;00:15:22;396,4;375,6;41,7;35,3;26,2;477,1;36,4;0,1;7,43E-2;-541,2;20,00;3,0;3,0;39,80;-0,10;-0,046;3,5;5,23;0,675
924;30.06.2023;11:35:06;00:15:23;397,8;375,6;41,9;35,4;26,2;478,6;36,6;0,1;7,44E-2;-541,2;20,00;3,0;3,0;39,79;-0,10;-0,048;3,5;5,25;0,679
925;30.06.2023;11:35:07;00:15:24;398,5;377,9;41,9;35,4;26,2;479,4;36,5;0,1;7,45E-2;-541,2;20,00;3,0;2,9;39,80;-0,10;-0,044;3,6;5,23;0,679
926;30.06.2023;11:35:08;00:15:25;399,9;377,9;42,0;35,4;26,3;480,9;36,7;0,1;7,46E-2;-541,2;20,00;3,0;3,0;39,79;-0,10;-0,055;3,5;5,23;0,677
927;30.06.2023;11:35:09;00:15:26;401,7;380,3;42,0;35,5;26,3;482,4;36,7;0,1;7,47E-2;-541,2;20,00;3,0;3,0;39,79;-0,10;-0,057;3,6;5,23;0,682
928;30.06.2023;11:35:10;00:15:27;402,2;380,3;42,0;35,5;26,3;483,1;36,8;0,1;7,47E-2;-541,2;20,00;3,0;3,0;39,79;-0,10;-0,056;3,6;5,24;0,679
929;30.06.2023;11:35:11;00:15:28;404,2;382,7;42,2;35,6;26,2;484,8;37,1;0,1;7,49E-2;-541,2;20,00;3,0;3,0;39,79;-0,10;-0,050;3,6;5,24;0,686
930;30.06.2023;11:35:12;00:15:29;405,4;382,7;42,2;35,6;26,2;486,3;37,1;0,1;7,50E-2;-541,2;20,00;3,0;3,0;39,79;-0,10;-0,054;3,6;5,25;0,684
931;30.06.2023;11:35:13;00:15:30;406,4;385,3;42,3;35,8;26,2;487,0;37,0;0,1;7,50E-2;-541,2;20,00;3,0;3,0;39,79;-0,10;-0,060;3,6;5,27;0,687
932;30.06.2023;11:35:14;00:15:31;407,9;385,3;42,5;35,8;26,3;488,5;37,2;0,1;7,51E-2;-541,2;20,00;3,0;3,0;39,79;-0,11;-0,059;3,6;5,24;0,689
933;30.06.2023;11:35:15;00:15:32;409,4;387,8;42,5;35,9;26,3;490,0;37,2;0,1;7,53E-2;-541,2;20,00;3,0;3,0;39,79;-0,11;-0,053;3,6;5,28;0,692
934;30.06.2023;11:35:16;00:15:33;410,0;387,8;42,5;35,9;26,3;490,8;37,3;0,1;7,54E-2;-541,2;20,00;3,0;3,0;39,79;-0,11;-0,049;3,6;5,26;0,691
935;30.06.2023;11:35:17;00:15:34;411,7;390,4;42,7;36,0;26,3;492,4;37,3;0,1;7,55E-2;-541,2;20,00;3,0;3,0;39,79;-0,11;-0,048;3,6;5,25;0,694
936;30.06.2023;11:35:18;00:15:35;413,5;390,4;42,9;36,2;26,3;493,9;37,5;0,1;7,56E-2;-541,2;20,00;3,0;3,0;39,78;-0,11;-0,049;3,7;5,27;0,694
937;30.06.2023;11:35:19;00:15:36;414,1;390,4;42,9;36,2;26,3;494,6;37,6;0,1;7,57E-2;-541,2;20,00;3,0;3,0;39,79;-0,11;-0,048;3,7;5,26;0,697
938;30.06.2023;11:35:20;00:15:37;415,6;392,8;42,9;36,2;26,3;496,1;37,7;0,1;7,58E-2;-541,2;20,00;3,0;3,1;39,78;-0,11;-0,045;3,6;5,28;0,698
939;30.06.2023;11:35:21;00:15:38;416,3;395,2;43,0;36,3;26,3;496,9;37,7;0,1;7,59E-2;-541,2;20,00;3,0;3,1;39,78;-0,11;-0,042;3,7;5,30;0,698
940;30.06.2023;11:35:22;00:15:39;417,8;395,2;43,0;36,3;26,3;498,4;37,8;0,1;7,60E-2;-541,2;20,00;3,0;3,0;39,78;-0,11;-0,049;3,7;5,29;0,698
941;30.06.2023;11:35:23;00:15:40;419,6;397,6;43,2;36,4;26,3;500,0;37,8;0,1;7,62E-2;-541,2;20,00;3,0;3,0;39,78;-0,11;-0,047;3,7;5,27;0,700
942;30.06.2023;11:35:24;00:15:41;420,3;397,6;43,2;36,4;26,3;500,8;37,9;0,1;7,63E-2;-541,2;20,00;3,0;3,0;39,78;-0,12;-0,047;3,7;5,28;0,703
943;30.06.2023;11:35:25;00:15:42;421,8;400,1;43,4;36,6;26,3;502,3;37,9;0,1;7,64E-2;-541,2;20,00;3,0;3,0;39,78;-0,11;-0,044;3,7;5,33;0,703
944;30.06.2023;11:35:26;00:15:43;423,8;402,5;43,5;36,7;26,3;503,8;38,1;0,1;7,65E-2;-541,2;20,00;3,0;3,0;39,78;-0,11;-0,046;3,7;5,25;0,706
945;30.06.2023;11:35:27;00:15:44;424,5;402,5;43,5;36,7;26,3;504,5;38,0;0,1;7,66E-2;-541,2;20,00;3,0;3,0;39,77;-0,12;-0,047;3,8;5,32;0,704
946;30.06.2023;11:35:28;00:15:45;425,9;402,5;43,5;36,7;26,3;506,0;38,3;0,1;7,68E-2;-541,2;20,00;3,0;3,0;39,78;-0,12;-0,050;3,7;5,27;0,707
947;30.06.2023;11:35:29;00:15:46;427,3;405,0;43,7;36,8;26,4;507,6;38,3;0,1;7,69E-2;-541,2;20,00;3,0;3,0;39,78;-0,12;-0,048;3,7;5,31;0,708
948;30.06.2023;11:35:30;00:15:47;428,1;405,0;43,7;36,8;26,4;508,4;38,4;0,1;7,70E-2;-541,2;20,00;3,0;2,9;39,77;-0,11;-0,052;3,8;5,29;0,710
949;30.06.2023;11:35:31;00:15:48;429,9;407,5;43,7;36,8;26,3;509,9;38,5;0,1;7,72E-2;-541,2;20,00;3,0;3,0;39,78;-0,12;-0,048;3,8;5,32;0,714
950;30.06.2023;11:35:32;00:15:49;430,7;407,5;43,7;36,8;26,3;510,6;38,5;0,1;7,73E-2;-541,2;20,00;3,0;3,1;39,77;-0,12;-0,047;3,8;5,34;0,713
951;30.06.2023;11:35:33;00:15:50;432,0;407,5;43,9;37,0;26,3;512,1;38,7;0,1;7,74E-2;-541,2;20,00;3,0;3,0;39,78;-0,12;-0,051;3,8;5,32;0,718
952;30.06.2023;11:35:34;00:15:51;433,6;410,2;43,9;37,0;26,3;513,6;38,7;0,1;7,75E-2;-541,2;20,00;3,0;2,9;39,77;-0,12;-0,056;3,9;5,34;0,717
953;30.06.2023;11:35:35;00:15:52;434,8;410,2;43,9;37,0;26,3;514,4;38,8;0,1;7,76E-2;-541,2;20,00;3,0;3,0;39,77;-0,12;-0,053;3,8;5,33;0,719
954;30.06.2023;11:35:36;00:15:53;436,1;412,9;44,1;37,1;26,3;516,0;38,8;0,1;7,79E-2;-541,2;20,00;3,0;3,0;39,77;-0,13;-0,050;3,8;5,31;0,718
955;30.06.2023;11:35:37;00:15:54;437,8;412,9;44,3;37,3;26,3;517,5;39,1;0,1;7,80E-2;-541,2;20,00;3,0;3,0;39,77;-0,12;-0,049;3,8;5,35;0,720
956;30.06.2023;11:35:38;00:15:55;438,7;415,5;44,3;37,3;26,3;518,3;39,0;0,1;7,81E-2;-541,2;20,00;3,0;3,0;39,77;-0,13;-0,048;3,9;5,35;0,722
957;30.06.2023;11:35:39;00:15:56;440,1;418,0;44,5;37,4;26,3;519,8;39,2;0,1;7,83E-2;-541,2;20,00;3,0;3,0;39,77;-0,13;-0,047;3,9;5,35;0,723
958;30.06.2023;11:35:40;00:15:57;441,6;418,0;44,5;37,4;26,4;521,3;39,2;0,1;7,84E-2;-541,2;20,00;3,0;3,0;39,77;-0,12;-0,051;3,9;5,36;0,723
959;30.06.2023;11:35:41;00:15:58;442,4;420,4;44,6;37,6;26,4;522,0;39,1;0,1;7,85E-2;-541,2;20,00;3,0;3,0;39,76;-0,13;-0,046;3,9;5,36;0,725
960;30.06.2023;11:35:42;00:15:59;444,1;420,4;44,8;37,6;26,3;523,6;39,3;0,1;7,88E-2;-541,2;20,00;3,0;3,1;39,76;-0,13;-0,042;3,9;5,35;0,728
961;30.06.2023;11:35:43;00:16:00;445,7;422,9;44,8;37,7;26,4;525,1;39,4;0,1;7,90E-2;-541,2;20,00;3,0;3,0;39,77;-0,13;-0,040;3,9;5,36;0,733
962;30.06.2023;11:35:44;00:16:01;446,4;422,9;44,8;37,7;26,4;525,9;39,4;0,1;7,90E-2;-541,2;20,00;3,0;3,0;39,76;-0,13;-0,035;3,9;5,37;0,732
963;30.06.2023;11:35:45;00:16:02;447,9;425,4;45,0;37,8;26,4;527,4;39,4;0,1;7,93E-2;-541,2;20,00;3,0;3,0;39,77;-0,13;-0,038;3,9;5,35;0,732
964;30.06.2023;11:35:46;00:16:03;448,9;425,4;45,0;37,8;26,4;528,1;39,6;0,1;7,94E-2;-541,2;20,00;3,0;3,0;39,76;-0,13;-0,043;3,9;5,36;0,733
965;30.06.2023;11:35:47;00:16:04;450,5;425,4;45,2;38,0;26,4;529,6;39,8;0,1;7,96E-2;-541,2;20,00;3,0;3,0;39,77;-0,13;-0,045;4,0;5,35;0,735
966;30.06.2023;11:35:48;00:16:05;452,0;427,8;45,2;38,0;26,4;531,3;39,8;0,1;7,99E-2;-541,2;20,00;3,0;3,0;39,77;-0,13;-0,044;3,9;5,37;0,736
967;30.06.2023;11:35:49;00:16:06;452,7;430,3;45,3;38,1;26,5;532,0;39,8;0,1;8,00E-2;-541,2;20,00;3,0;3,0;39,76;-0,13;-0,044;4,0;5,38;0,737
968;30.06.2023;11:35:50;00:16:07;454,5;430,3;45,3;38,1;26,5;533,5;39,9;0,1;8,02E-2;-541,2;20,00;3,0;3,0;39,76;-0,13;-0,044;4,0;5,35;0,737
969;30.06.2023;11:35:51;00:16:08;456,0;433,0;45,5;38,3;26,5;535,0;40,0;0,1;8,04E-2;-541,2;20,00;3,0;3,0;39,76;-0,14;-0,041;4,0;5,42;0,742
970;30.06.2023;11:35:52;00:16:09;456,8;433,0;45,5;38,3;26,5;535,8;40,0;0,1;8,06E-2;-541,2;20,00;3,0;3,0;39,76;-0,14;-0,041;4,0;5,43;0,740
971;30.06.2023;11:35:53;00:16:10;458,4;433,0;45,7;38,4;26,5;537,3;40,2;0,1;8,08E-2;-541,2;20,00;3,0;3,0;39,76;-0,14;-0,038;4,0;5,44;0,742
972;30.06.2023;11:35:54;00:16:11;460,2;435,6;45,7;38,4;26,5;538,9;40,3;0,1;8,10E-2;-541,2;20,00;3,0;3,0;39,76;-0,14;-0,036;4,0;5,38;0,744
973;30.06.2023;11:35:55;00:16:12;460,7;435,6;45,9;38,6;26,5;539,6;40,4;0,1;8,12E-2;-541,2;20,00;3,0;3,0;39,76;-0,14;-0,032;4,0;5,41;0,746
974;30.06.2023;11:35:56;00:16:13;462,5;438,3;45,9;38,6;26,6;541,1;40,4;0,1;8,14E-2;-541,2;20,00;3,0;3,0;39,76;-0,13;-0,028;4,0;5,39;0,747
975;30.06.2023;11:35:57;00:16:14;463,5;440,9;46,1;38,7;26,6;541,9;40,3;0,1;8,15E-2;-541,2;20,00;3,0;3,0;39,76;-0,14;-0,025;4,0;5,43;0,748
976;30.06.2023;11:35:58;00:16:15;464,9;440,9;46,1;38,7;26,6;543,4;40,5;0,1;8,18E-2;-541,2;20,00;3,0;3,0;39,75;-0,14;-0,031;4,1;5,42;0,747
977;30.06.2023;11:35:59;00:16:16;466,4;443,4;46,3;38,9;26,6;544,9;40,6;0,1;8,20E-2;-541,2;20,00;3,0;3,0;39,76;-0,14;-0,031;4,1;5,42;0,752
978;30.06.2023;11:36:00;00:16:17;467,4;443,4;46,3;38,9;26,5;545,8;40,6;0,1;8,22E-2;-541,2;20,00;3,0;3,0;39,76;-0,14;-0,025;4,1;5,44;0,752
979;30.06.2023;11:36:01;00:16:18;468,9;445,9;46,4;39,0;26,6;547,3;40,6;0,1;8,25E-2;-541,2;20,00;3,0;3,0;39,75;-0,13;-0,027;4,1;5,41;0,756
980;30.06.2023;11:36:02;00:16:19;470,5;445,9;46,6;39,1;26,6;548,8;40,8;0,1;8,28E-2;-541,2;20,00;3,0;3,0;39,76;-0,14;-0,024;4,1;5,43;0,753
981;30.06.2023;11:36:03;00:16:20;471,4;445,9;46,6;39,1;26,6;549,5;40,9;0,1;8,29E-2;-541,2;20,00;3,0;2,9;39,75;-0,14;-0,023;4,1;5,47;0,757
982;30.06.2023;11:36:04;00:16:21;473,0;448,4;46,6;39,1;26,6;551,0;40,9;0,1;8,32E-2;-541,2;20,00;3,0;3,0;39,76;-0,14;-0,018;4,1;5,46;0,759
983;30.06.2023;11:36:05;00:16:22;474,5;450,9;46,8;39,3;26,6;552,5;40,9;0,1;8,35E-2;-541,2;20,00;3,0;3,0;39,75;-0,14;-0,009;4,1;5,44;0,761
984;30.06.2023;11:36:06;00:16:23;475,3;450,9;46,8;39,3;26,6;553,4;41,1;0,1;8,37E-2;-541,2;20,00;3,0;3,0;39,75;-0,14;-0,015;4,1;5,45;0,761
985;30.06.2023;11:36:07;00:16:24;477,1;453,4;47,0;39,4;26,6;554,9;41,3;0,1;8,41E-2;-541,2;20,00;3,0;3,0;39,76;-0,14;-0,010;4,2;5,46;0,762
986;30.06.2023;11:36:08;00:16:25;478,7;453,4;47,0;39,4;26,7;556,4;41,3;0,1;8,43E-2;-541,2;20,00;3,0;3,0;39,75;-0,14;-0,005;4,2;5,47;0,762
987;30.06.2023;11:36:09;00:16:26;479,3;455,9;47,2;39,5;26,6;557,1;41,2;0,1;8,45E-2;-541,2;20,00;3,0;2,9;39,76;-0,14;-0,008;4,2;5,46;0,766
988;30.06.2023;11:36:10;00:16:27;480,8;455,9;47,2;39,5;26,6;558,6;41,4;0,1;8,48E-2;-541,2;20,00;3,0;2,9;39,75;-0,14;-0,007;4,2;5,49;0,767
989;30.06.2023;11:36:11;00:16:28;482,1;455,9;47,2;39,6;26,6;559,4;41,5;0,1;8,50E-2;-541,2;20,00;3,0;3,0;39,76;-0,14;-0,005;4,2;5,49;0,767
990;30.06.2023;11:36:12;00:16:29;483,5;458,6;47,4;39,7;26,7;561,0;41,5;0,1;8,54E-2;-541,2;20,00;3,0;2,9;39,76;-0,14;-0,002;4,2;5,47;0,767
991;30.06.2023;11:36:13;00:16:30;484,9;461,3;47,5;39,9;26,7;562,5;41,5;0,1;8,58E-2;-541,2;20,00;3,0;3,0;39,75;-0,14;0,000;4,2;5,48;0,771
992;30.06.2023;11:36:14;00:16:31;485,9;461,3;47,5;39,9;26,6;563,3;41,6;0,1;8,59E-2;-541,2;20,00;3,0;3,0;39,76;-0,14;0,004;4,2;5,49;0,771
993;30.06.2023;11:36:15;00:16:32;487,6;461,3;47,7;40,0;26,6;564,8;41,8;0,1;8,64E-2;-541,2;20,00;3,0;3,1;39,75;-0,14;0,000;4,3;5,50;0,775
994;30.06.2023;11:36:16;00:16:33;489,1;464,0;47,7;40,0;26,6;566,3;41,8;0,1;8,68E-2;-541,2;20,00;3,0;3,1;39,76;-0,14;0,002;4,2;5,46;0,775
995;30.06.2023;11:36:17;00:16:34;489,9;464,0;47,9;40,2;26,6;567,0;41,9;0,1;8,70E-2;-541,2;20,00;3,0;3,0;39,75;-0,14;0,001;4,3;5,46;0,776
996;30.06.2023;11:36:18;00:16:35;491,5;466,8;47,9;40,2;26,7;568,6;41,9;0,1;8,75E-2;-541,2;20,00;3,0;2,9;39,75;-0,14;0,004;4,3;5,49;0,778
997;30.06.2023;11:36:19;00:16:36;493,1;469,4;48,1;40,3;26,7;570,1;42,0;0,1;8,79E-2;-541,2;20,00;3,0;3,0;39,76;-0,14;0,001;4,3;5,50;0,781
998;30.06.2023;11:36:20;00:16:37;493,8;469,4;48,1;40,3;26,7;570,9;42,0;0,1;8,81E-2;-541,2;20,00;3,0;3,0;39,75;-0,14;0,002;4,3;5,51;0,781
999;30.06.2023;11:36:21;00:16:38;495,4;472,0;48,3;40,5;26,7;572,4;42,0;0,1;8,86E-2;-541,2;20,00;3,0;3,1;39,76;-0,14;0,005;4,3;5,51;0,781
1000;30.06.2023;11:36:22;00:16:39;497,2;472,0;48,3;40,5;26,8;573,9;42,2;0,1;8,90E-2;-541,2;20,00;3,0;3,0;39,76;-0,14;0,002;4,3;5,51;0,781
1001;30.06.2023;11:36:23;00:16:40;497,9;472,0;48,5;40,5;26,8;574,6;42,4;0,1;8,93E-2;-541,2;20,00;3,0;3,0;39,76;-0,14;-0,004;4,3;5,52;0,782
1002;30.06.2023;11:36:24;00:16:41;499,7;474,5;48,5;40,6;26,8;576,3;42,4;0,1;8,98E-2;-541,2;20,00;3,0;3,0;39,76;-0,14;0,000;4,3;5,51;0,784
1003;30.06.2023;11:36:25;00:16:42;500,6;477,0;48,7;40,7;26,8;577,0;42,4;0,1;9,00E-2;-541,2;20,00;3,0;3,0;39,75;-0,13;0,001;4,3;5,50;0,784
1004;30.06.2023;11:36:26;00:16:43;502,1;477,0;48,7;40,7;26,9;578,5;42,5;0,1;9,04E-2;-541,2;20,00;3,0;3,0;39,76;-0,14;0,004;4,3;5,53;0,786
1005;30.06.2023;11:36:27;00:16:44;503,4;479,5;48,9;40,9;26,9;580,0;42,6;0,1;9,08E-2;-541,2;20,00;3,0;3,1;39,76;-0,14;0,003;4,3;5,53;0,791
1006;30.06.2023;11:36:28;00:16:45;504,4;479,5;48,9;40,9;26,9;580,8;42,6;0,1;9,10E-2;-541,2;20,00;3,0;3,1;39,76;-0,14;0,003;4,3;5,51;0,787
1007;30.06.2023;11:36:29;00:16:46;506,0;482,1;49,1;41,0;26,9;582,3;42,6;0,1;9,14E-2;-541,2;20,00;3,0;3,0;39,76;-0,14;-0,001;4,4;5,54;0,791
1008;30.06.2023;11:36:30;00:16:47;507,6;482,1;49,1;41,0;26,9;583,9;42,8;0,1;9,20E-2;-541,2;20,00;3,0;3,0;39,76;-0,14;0,002;4,4;5,55;0,791
1009;30.06.2023;11:36:31;00:16:48;508,2;482,1;49,2;41,0;26,9;584,6;43,0;0,1;9,22E-2;-541,2;20,00;3,0;3,0;39,76;-0,14;0,003;4,4;5,54;0,795
1010;30.06.2023;11:36:32;00:16:49;510,0;484,7;49,2;41,2;26,9;586,1;42,9;0,1;9,28E-2;-541,2;20,00;3,0;3,0;39,75;-0,14;0,007;4,4;5,55;0,795
1011;30.06.2023;11:36:33;00:16:50;511,5;484,7;49,4;41,2;26,9;587,6;43,2;0,1;9,33E-2;-541,2;20,00;3,0;3,0;39,75;-0,14;0,003;4,4;5,53;0,796
1012;30.06.2023;11:36:34;00:16:51;512,4;487,4;49,4;41,3;26,8;588,4;43,1;0,1;9,36E-2;-541,2;20,00;3,0;3,0;39,75;-0,14;0,002;4,4;5,52;0,797
1013;30.06.2023;11:36:35;00:16:52;513,8;490,1;49,6;41,5;26,8;589,9;43,3;0,1;9,42E-2;-541,2;20,00;3,0;2,9;39,76;-0,14;0,003;4,4;5,54;0,800
1014;30.06.2023;11:36:36;00:16:53;515,0;490,1;49,6;41,5;26,9;590,8;43,2;0,1;9,45E-2;-541,2;20,00;3,0;3,0;39,76;-0,14;0,003;4,4;5,51;0,798
1015;30.06.2023;11:36:37;00:16:54;516,5;490,1;49,8;41,6;26,9;592,3;43,4;0,1;9,51E-2;-541,2;20,00;3,0;3,0;39,76;-0,14;0,003;4,4;5,55;0,801
1016;30.06.2023;11:36:38;00:16:55;517,9;492,8;49,8;41,6;26,9;593,8;43,4;0,1;9,56E-2;-541,2;20,00;3,0;3,0;39,76;-0,14;0,013;4,5;5,57;0,801
1017;30.06.2023;11:36:39;00:16:56;519,1;492,8;49,8;41,6;26,9;594,5;43,5;0,1;9,59E-2;-541,2;20,00;3,0;3,0;39,76;-0,14;0,020;4,4;5,54;0,802
1018;30.06.2023;11:36:40;00:16:57;520,6;495,3;50,0;41,7;26,9;596,0;43,5;0,1;9,65E-2;-541,2;20,00;3,0;3,0;39,76;-0,14;0,021;4,5;5,58;0,802
1019;30.06.2023;11:36:41;00:16:58;522,1;497,8;50,2;41,9;26,9;597,5;43,5;0,1;9,72E-2;-541,2;20,00;3,0;3,1;39,76;-0,13;0,022;4,5;5,57;0,806
1020;30.06.2023;11:36:42;00:16:59;523,4;497,8;50,2;41,9;27,0;598,4;43,6;0,1;9,75E-2;-541,2;20,00;3,0;3,1;39,76;-0,13;0,036;4,5;5,56;0,806
1021;30.06.2023;11:36:43;00:17:00;524,7;500,3;50,3;42,0;27,0;599,9;43,8;0,1;9,80E-2;-541,2;20,00;3,0;3,0;39,76;-0,13;0,042;4,5;5,58;0,808
1022;30.06.2023;11:36:44;00:17:01;526,1;500,3;50,3;42,0;27,0;601,4;43,8;0,1;9,87E-2;-541,2;20,00;3,1;3,0;39,76;-0,13;0,054;4,5;5,57;0,809
1023;30.06.2023;11:36:45;00:17:02;526,9;502,8;50,5;42,1;27,0;602,1;43,8;0,1;9,90E-2;-541,2;20,00;3,1;3,0;39,76;-0,13;0,070;4,5;5,57;0,811
1024;30.06.2023;11:36:46;00:17:03;528,8;502,8;50,7;42,1;27,0;603,6;43,9;0,1;9,96E-2;-541,2;20,00;3,2;3,1;39,77;-0,12;0,112;4,5;5,61;0,811
1025;30.06.2023;11:36:47;00:17:04;530,3;505,3;50,7;42,3;27,0;605,1;44,0;0,1;1,00E-1;-541,2;20,00;3,3;3,2;39,78;-0,12;0,172;4,6;5,59;0,816
1026;30.06.2023;11:36:48;00:17:05;531,2;505,3;50,7;42,3;27,0;606,0;44,1;0,1;1,00E-1;-541,2;20,00;3,3;3,2;39,78;-0,11;0,209;4,6;5,61;0,816
1027;30.06.2023;11:36:49;00:17:06;532,9;507,8;50,9;42,4;27,0;607,5;44,1;0,1;1,01E-1;-541,2;20,00;3,4;3,4;39,79;-0,10;0,267;4,6;5,62;0,817
1028;30.06.2023;11:36:50;00:17:07;533,7;507,8;50,9;42,4;27,0;608,3;44,2;0,1;1,01E-1;-541,2;20,00;3,4;3,3;39,79;-0,10;0,277;4,6;5,59;0,821
1029;30.06.2023;11:36:51;00:17:08;535,1;507,8;51,0;42,5;27,0;609,8;44,4;0,1;1,02E-1;-541,2;20,00;3,5;3,4;39,80;-0,09;0,311;4,6;5,63;0,825
1030;30.06.2023;11:36:52;00:17:09;536,9;510,4;51,0;42,5;27,0;611,3;44,4;0,1;1,02E-1;-541,2;20,00;3,6;3,5;39,81;-0,09;0,349;4,6;5,57;0,826
1031;30.06.2023;11:36:53;00:17:10;537,8;510,4;51,2;42,7;27,0;612,0;44,5;0,1;1,03E-1;-541,2;20,00;3,6;3,6;39,82;-0,08;0,354;4,7;5,62;0,825
1032;30.06.2023;11:36:54;00:17:11;539,3;513,1;51,2;42,7;27,0;613,6;44,5;0,1;1,03E-1;-541,2;20,00;3,7;3,6;39,83;-0,07;0,366;4,6;5,61;0,827
1033;30.06.2023;11:36:55;00:17:12;541,1;515,8;51,4;42,8;27,1;615,1;44,6;0,1;1,03E-1;-541,2;20,00;3,8;3,7;39,83;-0,07;0,386;4,6;5,59;0,830
1034;30.06.2023;11:36:56;00:17:13;541,9;515,8;51,4;42,8;27,1;615,9;44,6;0,1;1,04E-1;-541,2;20,00;3,8;3,8;39,84;-0,06;0,382;4,7;5,61;0,830
1035;30.06.2023;11:36:57;00:17:14;543,5;515,8;51,6;43,0;27,1;617,4;44,8;0,1;1,04E-1;-541,2;20,00;3,9;3,9;39,85;-0,05;0,395;4,7;5,63;0,832
1036;30.06.2023;11:36:58;00:17:15;545,2;518,4;51,6;43,0;27,1;618,9;44,8;0,1;1,04E-1;-541,2;20,00;4,0;4,0;39,85;-0,04;0,416;4,7;5,62;0,834
1037;30.06.2023;11:36:59;00:17:16;546,1;518,4;51,8;43,0;27,1;619,6;44,9;0,1;1,04E-1;-541,2;20,00;4,0;4,0;39,86;-0,04;0,428;4,7;5,61;0,836
1038;30.06.2023;11:37:00;00:17:17;547,7;520,9;51,8;43,2;27,1;621,3;44,9;0,1;1,05E-1;-541,2;20,00;4,1;4,1;39,87;-0,02;0,463;4,7;5,60;0,837
1039;30.06.2023;11:37:01;00:17:18;549,5;520,9;52,0;43,2;27,1;622,8;45,2;0,1;1,05E-1;-541,2;20,00;4,2;4,1;39,88;-0,01;0,490;4,7;5,63;0,841
1040;30.06.2023;11:37:02;00:17:19;550,4;523,5;52,0;43,3;27,1;623,5;45,1;0,1;1,05E-1;-541,2;20,00;4,3;4,2;39,89;-0,01;0,521;4,8;5,64;0,844
1041;30.06.2023;11:37:03;00:17:20;552,1;526,2;52,2;43,5;27,1;625,0;45,3;0,1;1,05E-1;-541,2;20,00;4,3;4,3;39,90;0,01;0,574;4,8;5,65;0,844
1042;30.06.2023;11:37:04;00:17:21;552,9;526,2;52,2;43,5;27,1;625,8;45,2;0,1;1,05E-1;-541,2;20,00;4,4;4,3;39,91;0,02;0,595;4,8;5,67;0,848
1043;30.06.2023;11:37:05;00:17:22;554,7;526,2;52,5;43,7;27,1;627,3;45,4;0,1;1,05E-1;-541,2;20,00;4,5;4,4;39,93;0,04;0,641;4,8;5,65;0,847
1044;30.06.2023;11:37:06;00:17:23;556,3;528,8;52,5;43,7;27,2;628,9;45,4;0,1;1,05E-1;-541,2;20,00;4,5;4,5;39,95;0,06;0,711;4,8;5,66;0,850
1045;30.06.2023;11:37:07;00:17:24;557,6;528,8;52,5;43,7;27,2;629,6;45,5;0,1;1,05E-1;-541,2;20,00;4,6;4,5;39,96;0,06;0,748;4,8;5,61;0,851
1046;30.06.2023;11:37:08;00:17:25;559,1;531,4;52,7;43,9;27,2;631,1;45,5;0,1;1,05E-1;-541,2;20,00;4,7;4,6;39,98;0,08;0,831;4,8;5,68;0,854
1047;30.06.2023;11:37:09;00:17:26;560,7;534,0;52,9;44,1;27,2;632,6;45,5;0,1;1,05E-1;-541,2;20,00;4,7;4,7;40,01;0,11;0,917;4,9;5,66;0,855
1048;30.06.2023;11:37:10;00:17:27;561,6;534,0;52,9;44,1;27,2;633,4;45,6;0,1;1,05E-1;-541,2;20,00;4,8;4,7;40,02;0,12;0,959;4,8;5,65;0,855
1049;30.06.2023;11:37:11;00:17:28;563,3;533,8;53,0;44,1;27,1;634,9;45,8;0,1;1,04E-1;-541,2;20,00;4,9;4,8;40,05;0,15;1,084;4,9;5,67;0,861
1050;30.06.2023;11:37:12;00:17:29;565,2;536,6;53,0;44,1;27,1;636,5;45,8;0,1;1,04E-1;-541,2;20,00;4,9;4,8;40,08;0,18;1,200;4,9;5,67;0,869
1051;30.06.2023;11:37:13;00:17:30;566,6;536,6;53,0;44,1;27,1;637,3;45,9;0,1;1,04E-1;-541,2;20,00;5,0;4,9;40,10;0,20;1,243;4,9;5,68;0,864
1052;30.06.2023;11:37:14;00:17:31;568,0;539,3;53,2;44,3;27,1;638,8;45,9;0,1;1,03E-1;-541,2;20,00;5,1;4,9;40,13;0,23;1,356;4,9;5,67;0,869
1053;30.06.2023;11:37:15;00:17:32;569,2;539,3;53,2;44,3;27,1;639,5;46,0;0,1;1,03E-1;-541,2;20,00;5,1;5,0;40,15;0,25;1,412;4,9;5,70;0,869
1054;30.06.2023;11:37:16;00:17:33;570,7;542,0;53,4;44,5;27,1;641,0;46,0;0,1;1,03E-1;-541,2;20,00;5,2;5,2;40,18;0,28;1,529;4,9;5,65;0,869
1055;30.06.2023;11:37:17;00:17:34;572,5;542,0;53,7;44,5;27,1;642,5;46,2;0,1;1,02E-1;-541,2;20,00;5,3;5,2;40,22;0,33;1,633;4,9;5,70;0,874
1056;30.06.2023;11:37:18;00:17:35;573,5;544,8;53,7;44,7;27,2;643,3;46,1;0,1;1,02E-1;-541,2;20,00;5,3;5,2;40,24;0,34;1,685;5,0;5,69;0,876
1057;30.06.2023;11:37:19;00:17:36;575,5;544,8;53,9;44,9;27,2;644,9;46,3;0,1;1,01E-1;-541,2;20,00;5,4;5,3;40,29;0,39;1,809;5,0;5,68;0,879
1058;30.06.2023;11:37:20;00:17:37;577,4;547,4;53,9;44,9;27,2;646,4;46,3;0,1;1,01E-1;-541,2;20,00;5,5;5,3;40,33;0,44;1,911;5,0;5,65;0,879
1059;30.06.2023;11:37:21;00:17:38;578,2;547,4;54,2;45,2;27,2;647,1;46,4;0,1;1,00E-1;-541,2;20,00;5,5;5,4;40,36;0,46;1,972;5,0;5,69;0,879
1060;30.06.2023;11:37:22;00:17:39;580,1;550,0;54,2;45,2;27,2;648,6;46,4;0,1;9,98E-2;-541,2;20,00;5,6;5,5;40,40;0,50;2,072;5,0;5,69;0,885
1061;30.06.2023;11:37:23;00:17:40;581,7;552,6;54,4;45,4;27,2;650,1;46,5;0,1;9,92E-2;-541,2;20,00;5,7;5,6;40,45;0,55;2,166;5,1;5,70;0,889
1062;30.06.2023;11:37:24;00:17:41;582,6;552,6;54,4;45,4;27,2;650,9;46,5;0,1;9,89E-2;-541,2;20,00;5,7;5,7;40,48;0,58;2,214;5,0;5,68;0,886
1063;30.06.2023;11:37:25;00:17:42;584,6;555,2;54,6;45,6;27,2;652,5;46,5;0,1;9,81E-2;-541,2;20,00;5,8;5,8;40,53;0,64;2,317;5,1;5,72;0,893
1064;30.06.2023;11:37:26;00:17:43;586,5;555,2;54,6;45,6;27,2;654,0;46,7;0,1;9,75E-2;-541,2;20,00;5,9;5,8;40,59;0,68;2,414;5,1;5,71;0,894
1065;30.06.2023;11:37:27;00:17:44;587,2;555,2;54,9;45,6;27,2;654,8;46,9;0,1;9,71E-2;-541,2;20,00;5,9;5,8;40,61;0,72;2,455;5,2;5,72;0,899
1066;30.06.2023;11:37:28;00:17:45;589,4;557,8;54,9;45,8;27,3;656,3;46,8;0,1;9,64E-2;-541,2;20,00;6,0;5,9;40,67;0,77;2,563;5,1;5,74;0,899
1067;30.06.2023;11:37:29;00:17:46;590,4;560,5;55,1;46,0;27,3;657,0;46,9;0,1;9,61E-2;-541,2;20,00;6,0;5,9;40,70;0,80;2,607;5,1;5,73;0,899
1068;30.06.2023;11:37:30;00:17:47;592,2;560,5;55,1;46,0;27,3;658,5;46,9;0,1;9,54E-2;-541,2;20,00;6,1;6,0;40,76;0,86;2,712;5,2;5,73;0,902
1069;30.06.2023;11:37:31;00:17:48;594,3;563,2;55,3;46,2;27,2;660,1;47,1;0,1;9,46E-2;-541,2;20,00;6,2;6,1;40,83;0,93;2,832;5,2;5,74;0,908
1070;30.06.2023;11:37:32;00:17:49;595,1;563,2;55,3;46,2;27,2;660,9;47,0;0,1;9,44E-2;-541,2;20,00;6,2;6,2;40,86;0,96;2,881;5,2;5,71;0,904
1071;30.06.2023;11:37:33;00:17:50;597,0;563,2;55,5;46,2;27,3;662,4;47,3;0,1;9,37E-2;-541,2;20,00;6,3;6,2;40,93;1,03;2,995;5,2;5,72;0,909
1072;30.06.2023;11:37:34;00:17:51;599,0;566,0;55,5;46,4;27,4;663,9;47,2;0,1;9,30E-2;-541,2;20,00;6,4;6,3;40,99;1,10;3,121;5,3;5,75;0,914
1073;30.06.2023;11:37:35;00:17:52;599,8;566,0;55,5;46,4;27,4;664,6;47,3;0,1;9,27E-2;-541,2;20,00;6,4;6,4;41,03;1,13;3,181;5,3;5,74;0,916
1074;30.06.2023;11:37:36;00:17:53;601,6;568,8;55,8;46,6;27,4;666,1;47,3;0,1;9,21E-2;-541,2;20,00;6,5;6,4;41,11;1,21;3,298;5,3;5,73;0,920
1075;30.06.2023;11:37:37;00:17:54;603,7;568,8;56,0;46,6;27,4;667,8;47,5;0,1;9,13E-2;-541,2;20,00;6,6;6,5;41,19;1,29;3,433;5,3;5,74;0,928
1076;30.06.2023;11:37:38;00:17:55;604,6;571,7;56,0;46,9;27,4;668,5;47,4;0,1;9,11E-2;-541,2;20,00;6,7;6,6;41,23;1,33;3,501;5,3;5,76;0,928
1077;30.06.2023;11:37:39;00:17:56;606,6;574,4;56,3;47,1;27,4;670,0;47,6;0,1;9,06E-2;-541,2;20,00;6,7;6,7;41,31;1,41;3,639;5,3;5,78;0,933
1078;30.06.2023;11:37:40;00:17:57;608,5;574,4;56,3;47,1;27,4;671,5;47,6;0,1;9,01E-2;-541,2;20,00;6,8;6,7;41,39;1,49;3,766;5,3;5,75;0,934
1079;30.06.2023;11:37:41;00:17:58;609,5;574,4;56,5;47,3;27,4;672,3;47,7;0,1;8,99E-2;-541,2;20,00;6,9;6,8;41,43;1,53;3,826;5,4;5,74;0,937
1080;30.06.2023;11:37:42;00:17:59;611,4;577,1;56,5;47,3;27,4;673,8;47,7;0,1;8,93E-2;-541,2;20,00;6,9;6,9;41,52;1,62;3,966;5,4;5,75;0,939
1081;30.06.2023;11:37:43;00:18:00;612,6;577,1;56,5;47,3;27,4;674,6;47,8;0,1;8,89E-2;-541,2;20,00;7,0;6,9;41,57;1,67;4,042;5,4;5,76;0,943
1082;30.06.2023;11:37:44;00:18:01;614,5;579,8;56,8;47,5;27,4;676,1;47,8;0,1;8,83E-2;-541,2;20,00;7,1;7,0;41,67;1,76;4,188;5,4;5,77;0,945
1083;30.06.2023;11:37:45;00:18:02;616,2;582,6;57,0;47,7;27,4;677,6;47,8;0,1;8,78E-2;-541,2;20,00;7,1;7,1;41,76;1,85;4,323;5,4;5,72;0,948
1084;30.06.2023;11:37:46;00:18:03;617,4;582,6;57,0;47,7;27,4;678,4;47,9;0,1;8,75E-2;-541,2;20,00;7,2;7,1;41,81;1,90;4,383;5,4;5,76;0,947
1085;30.06.2023;11:37:47;00:18:04;619,4;582,6;57,3;47,9;27,4;679,9;48,1;0,1;8,70E-2;-541,2;20,00;7,3;7,2;41,91;2,00;4,518;5,5;5,78;0,957
1086;30.06.2023;11:37:48;00:18:05;621,2;585,4;57,3;47,9;27,4;681,4;48,1;0,1;8,64E-2;-541,2;20,00;7,3;7,2;42,00;2,10;4,640;5,5;5,78;0,957
1087;30.06.2023;11:37:49;00:18:06;622,3;585,4;57,5;48,1;27,4;682,3;48,2;0,1;8,62E-2;-541,2;20,00;7,4;7,3;42,07;2,16;4,704;5,5;5,77;0,962
1088;30.06.2023;11:37:50;00:18:07;624,1;588,3;57,5;48,1;27,4;683,8;48,2;0,1;8,57E-2;-541,2;20,00;7,5;7,4;42,17;2,26;4,836;5,6;5,75;0,967
1089;30.06.2023;11:37:51;00:18:08;626,4;588,3;57,7;48,1;27,4;685,3;48,4;0,1;8,52E-2;-541,2;20,00;7,5;7,5;42,27;2,37;4,927;5,6;5,79;0,971
1090;30.06.2023;11:37:52;00:18:09;627,4;591,3;57,7;48,3;27,4;686,0;48,5;0,1;8,50E-2;-541,2;20,00;7,6;7,5;42,32;2,42;4,984;5,6;5,81;0,974
1091;30.06.2023;11:37:53;00:18:10;629,6;591,3;57,7;48,3;27,4;687,5;48,4;0,1;8,46E-2;-541,2;20,00;7,7;7,6;42,43;2,53;5,071;5,6;5,78;0,977
1092;30.06.2023;11:37:54;00:18:11;630,3;594,4;58,0;48,6;27,4;688,3;48,3;0,1;8,43E-2;-541,2;20,00;7,7;7,6;42,48;2,58;5,117;5,6;5,75;0,979
1093;30.06.2023;11:37:55;00:18:12;632,6;594,4;58,3;48,8;27,4;689,9;48,5;0,1;8,38E-2;-541,2;20,00;7,8;7,7;42,60;2,69;5,194;5,7;5,80;0,982
1094;30.06.2023;11:37:56;00:18:13;634,5;597,5;58,3;48,8;27,4;691,4;48,5;0,1;8,35E-2;-541,2;20,00;7,9;7,8;42,70;2,81;5,244;5,7;5,77;0,988
1095;30.06.2023;11:37:57;00:18:14;635,3;597,5;58,3;48,8;27,4;692,1;48,6;0,1;8,32E-2;-541,2;20,00;7,9;7,8;42,76;2,86;5,275;5,7;5,78;0,987
1096;30.06.2023;11:37:58;00:18:15;637,6;600,6;58,6;49,1;27,5;693,6;48,5;0,1;8,29E-2;-541,2;20,00;8,0;7,9;42,86;2,96;5,312;5,8;5,77;0,991
1097;30.06.2023;11:37:59;00:18:16;639,6;603,5;58,8;49,3;27,5;695,1;48,6;0,1;8,25E-2;-541,2;20,00;8,1;8,0;42,97;3,07;5,324;5,8;5,78;0,993
1098;30.06.2023;11:38:00;00:18:17;640,4;603,5;58,8;49,3;27,5;695,9;48,6;0,1;8,23E-2;-541,2;20,00;8,1;8,0;43,03;3,12;5,323;5,7;5,76;0,993
1099;30.06.2023;11:38:01;00:18:18;642,9;603,5;59,1;49,3;27,5;697,5;48,8;0,1;8,19E-2;-541,2;20,00;8,2;8,2;43,14;3,24;5,323;5,8;5,77;1,003
1100;30.06.2023;11:38:02;00:18:19;644,9;606,4;59,1;49,5;27,5;699,0;48,8;0,1;8,16E-2;-541,2;20,00;8,3;8,3;43,25;3,34;5,332;5,8;5,78;1,001
1101;30.06.2023;11:38:03;00:18:20;645,8;606,4;59,1;49,5;27,5;699,8;48,9;0,1;8,14E-2;-541,2;20,00;8,3;8,3;43,30;3,40;5,312;5,8;5,78;1,006
1102;30.06.2023;11:38:04;00:18:21;647,8;609,4;59,3;49,7;27,5;701,3;48,8;0,1;8,12E-2;-541,2;20,00;8,4;8,3;43,40;3,49;5,255;5,8;5,79;1,011
1103;30.06.2023;11:38:05;00:18:22;649,7;609,4;59,6;49,9;27,5;702,8;49,0;0,1;8,08E-2;-541,2;20,00;8,5;8,4;43,49;3,59;5,143;5,9;5,79;1,016
1104;30.06.2023;11:38:06;00:18:23;650,8;612,4;59,6;49,9;27,6;703,5;48,9;0,1;8,07E-2;-541,2;20,00;8,5;8,4;43,54;3,63;5,089;5,9;5,81;1,018
1105;30.06.2023;11:38:07;00:18:24;653,2;615,4;59,8;50,1;27,6;705,1;49,1;0,1;8,04E-2;-541,2;20,00;8,6;8,5;43,64;3,73;4,947;5,9;5,80;1,020
1106;30.06.2023;11:38:08;00:18:25;653,9;615,4;59,8;50,1;27,6;705,9;48,9;0,1;8,02E-2;-541,2;20,00;8,6;8,6;43,68;3,78;4,877;5,9;5,82;1,023
1107;30.06.2023;11:38:09;00:18:26;656,3;618,4;60,1;50,4;27,6;707,4;49,0;0,1;8,00E-2;-541,2;20,00;8,7;8,6;43,76;3,86;4,704;6,0;5,81;1,024
1108;30.06.2023;11:38:10;00:18:27;658,0;618,4;60,1;50,4;27,6;708,9;49,1;0,1;7,97E-2;-541,2;20,00;8,8;8,7;43,84;3,95;4,525;6,0;5,81;1,027
1109;30.06.2023;11:38:11;00:18:28;659,3;618,2;60,1;50,1;27,4;709,6;49,2;0,1;7,96E-2;-541,2;20,00;8,8;8,8;43,88;3,98;4,439;6,0;5,78;1,031
1110;30.06.2023;11:38:12;00:18:29;661,1;621,4;60,1;50,4;27,4;711,1;49,4;0,1;7,94E-2;-541,2;20,00;8,9;8,8;43,96;4,06;4,270;6,0;5,79;1,035
1111;30.06.2023;11:38:13;00:18:30;663,4;621,4;60,1;50,4;27,4;712,8;49,4;0,1;7,91E-2;-541,2;20,00;9,0;8,9;44,04;4,14;4,099;6,0;5,82;1,036
1112;30.06.2023;11:38:14;00:18:31;664,3;624,6;60,4;50,6;27,4;713,5;49,2;0,1;7,90E-2;-541,2;20,00;9,1;9,0;44,07;4,18;4,033;6,1;5,79;1,043
1113;30.06.2023;11:38:15;00:18:32;666,3;624,6;60,7;50,8;27,4;715,0;49,4;0,1;7,88E-2;-541,2;20,00;9,1;9,1;44,14;4,25;3,881;6,1;5,82;1,040
1114;30.06.2023;11:38:16;00:18:33;668,4;627,9;60,7;50,8;27,5;716,5;49,3;0,1;7,86E-2;-541,2;20,00;9,2;9,1;44,22;4,31;3,753;6,1;5,79;1,040
1115;30.06.2023;11:38:17;00:18:34;669,3;627,9;61,0;50,8;27,5;717,3;49,5;0,1;7,84E-2;-541,2;20,00;9,3;9,2;44,24;4,35;3,693;6,1;5,82;1,050
1116;30.06.2023;11:38:18;00:18:35;671,3;631,1;61,0;51,0;27,5;718,8;49,4;0,1;7,83E-2;-541,2;20,00;9,3;9,3;44,30;4,41;3,577;6,1;5,81;1,050
1117;30.06.2023;11:38:19;00:18:36;672,5;631,1;61,0;51,0;27,5;719,5;49,5;0,1;7,82E-2;-541,2;20,00;9,4;9,3;44,34;4,45;3,509;6,1;5,82;1,050
1118;30.06.2023;11:38:20;00:18:37;674,5;634,1;61,2;51,2;27,5;721,1;49,4;0,1;7,80E-2;-541,2;20,00;9,5;9,4;44,41;4,50;3,387;6,1;5,79;1,055
1119;30.06.2023;11:38:21;00:18:38;676,4;634,1;61,5;51,2;27,5;722,6;49,7;0,1;7,79E-2;-541,2;20,00;9,5;9,5;44,46;4,58;3,291;6,2;5,79;1,060
1120;30.06.2023;11:38:22;00:18:39;677,4;637,2;61,5;51,4;27,6;723,4;49,6;0,1;7,79E-2;-541,2;20,00;9,6;9,5;44,50;4,60;3,231;6,2;5,79;1,065
1121;30.06.2023;11:38:23;00:18:40;679,3;637,2;61,7;51,4;27,6;724,9;49,7;0,1;7,77E-2;-541,2;20,00;9,7;9,6;44,55;4,66;3,136;6,2;5,82;1,065
1122;30.06.2023;11:38:24;00:18:41;681,4;640,2;61,7;51,6;27,6;726,4;49,6;0,1;7,75E-2;-541,2;20,00;9,7;9,7;44,62;4,71;3,052;6,2;5,81;1,065
1123;30.06.2023;11:38:25;00:18:42;682,2;640,2;62,0;51,8;27,6;727,1;49,7;0,1;7,75E-2;-541,2;20,00;9,8;9,7;44,64;4,74;3,007;6,2;5,84;1,066
1124;30.06.2023;11:38:26;00:18:43;684,6;643,2;62,0;51,8;27,6;728,8;49,7;0,1;7,74E-2;-541,2;20,00;9,9;9,8;44,70;4,81;2,925;6,2;5,82;1,073
1125;30.06.2023;11:38:27;00:18:44;686,3;646,3;62,2;52,1;27,6;730,3;49,8;0,1;7,73E-2;-541,2;20,00;9,9;9,9;44,75;4,85;2,846;6,2;5,83;1,075
1126;30.06.2023;11:38:28;00:18:45;687,5;646,3;62,2;52,1;27,6;731,0;49,8;0,1;7,72E-2;-541,2;20,00;10,0;9,9;44,77;4,88;2,797;6,3;5,81;1,078
1127;30.06.2023;11:38:29;00:18:46;689,3;649,3;62,5;52,3;27,6;732,5;49,7;0,1;7,71E-2;-541,2;20,00;10,1;10,0;44,83;4,92;2,707;6,3;5,82;1,081
1128;30.06.2023;11:38:30;00:18:47;691,3;649,3;62,5;52,3;27,6;734,0;49,9;0,1;7,70E-2;-541,2;20,00;10,1;10,0;44,87;4,97;2,622;6,3;5,80;1,082
1129;30.06.2023;11:38:31;00:18:48;692,4;649,4;62,5;52,3;27,6;734,8;50,0;0,1;7,69E-2;-541,2;20,00;10,2;10,1;44,90;4,99;2,575;6,4;5,86;1,085
1130;30.06.2023;11:38:32;00:18:49;694,7;652,7;62,7;52,6;27,6;736,4;50,0;0,1;7,69E-2;-541,2;20,00;10,3;10,2;44,95;5,04;2,469;6,3;5,85;1,092
1131;30.06.2023;11:38:33;00:18:50;695,7;652,7;62,7;52,6;27,6;737,1;50,0;0,1;7,69E-2;-541,2;20,00;10,3;10,3;44,96;5,07;2,420;6,4;5,88;1,094
1132;30.06.2023;11:38:34;00:18:51;697,7;656,1;63,0;52,8;27,6;738,6;50,0;0,1;7,68E-2;-541,2;20,00;10,4;10,3;45,01;5,10;2,325;6,4;5,83;1,096
1133;30.06.2023;11:38:35;00:18:52;699,6;656,1;63,3;52,8;27,7;740,1;50,1;0,1;7,67E-2;-541,2;20,00;10,5;10,4;45,04;5,15;2,220;6,4;5,85;1,095
1134;30.06.2023;11:38:36;00:18:53;700,8;656,1;63,3;52,8;27,7;740,9;50,2;0,1;7,66E-2;-541,2;20,00;10,5;10,4;45,06;5,16;2,171;6,4;5,83;1,099
1135;30.06.2023;11:38:37;00:18:54;702,8;659,6;63,3;53,1;27,7;742,4;50,1;0,1;7,65E-2;-541,2;20,00;10,6;10,5;45,09;5,20;2,058;6,4;5,84;1,099
1136;30.06.2023;11:38:38;00:18:55;705,4;663,0;63,5;53,3;27,7;744,0;50,1;0,1;7,65E-2;-541,2;20,00;10,7;10,7;45,13;5,23;1,924;6,4;5,80;1,102
1137;30.06.2023;11:38:39;00:18:56;706,0;663,0;63,5;53,3;27,7;744,8;50,2;0,1;7,65E-2;-541,2;20,00;10,7;10,6;45,14;5,24;1,861;6,4;5,85;1,104
1138;30.06.2023;11:38:40;00:18:57;708,4;666,3;63,8;53,6;27,7;746,3;50,2;0,1;7,64E-2;-541,2;20,00;10,8;10,7;45,17;5,28;1,735;6,5;5,82;1,109
1139;30.06.2023;11:38:41;00:18:58;710,3;666,3;63,8;53,6;27,7;747,8;50,3;0,1;7,64E-2;-541,2;20,00;10,9;10,8;45,20;5,30;1,620;6,4;5,84;1,109
1140;30.06.2023;11:38:42;00:18:59;711,5;669,5;64,0;53,8;27,8;748,5;50,1;0,1;7,64E-2;-541,2;20,00;10,9;10,8;45,21;5,32;1,558;6,4;5,79;1,109
1141;30.06.2023;11:38:43;00:19:00;713,7;669,5;64,2;54,1;27,8;750,0;50,3;0,1;7,64E-2;-541,2;20,00;11,0;10,9;45,23;5,33;1,448;6,4;5,84;1,111
1142;30.06.2023;11:38:44;00:19:01;716,4;672,7;64,2;54,1;27,8;750,0;50,1;0,1;7,63E-2;-541,2;20,00;11,2;11,1;45,26;5,36;1,353;6,4;5,80;1,109
1143;30.06.2023;11:38:45;00:19:02;717,5;672,7;64,5;54,1;27,8;750,0;50,2;0,1;7,63E-2;-541,2;20,00;11,3;11,1;45,27;5,38;1,330;6,5;5,85;1,114
1144;30.06.2023;11:38:46;00:19:03;719,8;675,9;64,5;54,3;27,8;750,0;49,9;0,1;7,63E-2;-541,2;20,00;11,6;11,4;45,30;5,40;1,323;6,5;5,81;1,114
1145;30.06.2023;11:38:47;00:19:04;720,8;675,9;64,5;54,3;27,8;750,0;50,0;0,1;7,63E-2;-541,2;20,00;11,7;11,5;45,31;5,42;1,319;6,5;5,82;1,112
1146;30.06.2023;11:38:48;00:19:05;723,3;679,1;64,7;54,5;27,8;750,0;49,8;0,1;7,62E-2;-541,2;20,00;11,9;11,7;45,34;5,44;1,325;6,5;5,79;1,109
1147;30.06.2023;11:38:49;00:19:06;725,7;679,1;64,9;54,5;27,8;750,0;49,8;0,1;7,62E-2;-541,2;20,00;12,1;11,9;45,36;5,47;1,311;6,5;5,80;1,112
1148;30.06.2023;11:38:50;00:19:07;727,1;682,3;64,9;54,8;27,9;750,0;49,6;0,1;7,61E-2;-541,2;20,00;12,2;12,1;45,38;5,48;1,296;6,5;5,83;1,114
1149;30.06.2023;11:38:51;00:19:08;729,1;682,3;65,1;54,8;27,9;750,0;49,6;0,1;7,61E-2;-541,2;20,00;12,5;12,2;45,40;5,50;1,272;6,5;5,79;1,114
1150;30.06.2023;11:38:52;00:19:09;731,4;685,8;65,1;55,0;27,9;750,0;49,4;0,1;7,61E-2;-541,2;20,00;12,7;12,4;45,42;5,53;1,227;6,5;5,79;1,118
1151;30.06.2023;11:38:53;00:19:10;732,1;685,8;65,1;55,0;27,9;750,0;49,4;0,1;7,61E-2;-541,2;20,00;12,8;12,6;45,44;5,54;1,215;6,5;5,78;1,109
1152;30.06.2023;11:38:54;00:19:11;734,4;689,3;65,4;55,3;27,9;750,0;49,2;0,1;7,60E-2;-541,2;20,00;13,0;12,8;45,45;5,56;1,169;6,4;5,78;1,113
1153;30.06.2023;11:38:55;00:19:12;736,4;689,3;65,6;55,5;27,9;750,0;49,2;0,1;7,60E-2;-541,2;20,00;13,2;13,0;45,48;5,58;1,119;6,5;5,78;1,114
1154;30.06.2023;11:38:56;00:19:13;737,6;692,7;65,6;55,5;27,9;750,0;49,2;0,1;7,60E-2;-541,2;20,00;13,4;13,1;45,49;5,59;1,102;6,4;5,78;1,114
1155;30.06.2023;11:38:57;00:19:14;739,7;692,7;65,6;55,5;27,9;750,0;49,0;0,1;7,60E-2;-541,2;20,00;13,6;13,4;45,50;5,61;1,046;6,5;5,73;1,114
1156;30.06.2023;11:38:58;00:19:15;740,5;696,2;65,8;55,7;27,9;750,0;48,9;0,1;7,59E-2;-541,2;20,00;13,7;13,5;45,51;5,61;1,029;6,4;5,78;1,114
1157;30.06.2023;11:38:59;00:19:16;742,4;696,1;66,0;55,7;27,9;750,0;48,7;0,1;7,59E-2;-541,2;20,00;13,9;13,7;45,53;5,64;0,982;6,4;5,78;1,110
1158;30.06.2023;11:39:00;00:19:17;744,2;699,3;66,0;55,9;28,0;750,0;48,6;0,1;7,59E-2;-541,2;20,00;14,1;14,0;45,55;5,65;0,953;6,4;5,76;1,113
1159;30.06.2023;11:39:01;00:19:18;745,1;699,3;66,0;55,9;28,0;750,0;48,5;0,1;7,59E-2;-541,2;20,00;14,2;14,0;45,55;5,66;0,930;6,4;5,74;1,109
1160;30.06.2023;11:39:02;00:19:19;746,6;702,4;66,2;56,2;28,0;750,0;48,3;0,1;7,59E-2;-541,2;20,00;14,5;14,3;45,57;5,68;0,899;6,3;5,76;1,107
1161;30.06.2023;11:39:03;00:19:20;748,5;705,5;66,4;56,4;28,0;750,0;48,3;0,1;7,58E-2;-541,2;20,00;14,7;14,5;45,59;5,69;0,891;6,4;5,75;1,109
1162;30.06.2023;11:39:04;00:19:21;749,2;705,5;66,4;56,4;28,0;750,0;48,1;0,1;7,58E-2;-541,2;20,00;14,8;14,6;45,60;5,71;0,869;6,3;5,72;1,104
1163;30.06.2023;11:39:05;00:19:22;750,7;705,5;66,6;56,4;28,0;750,0;48,1;0,1;7,57E-2;-541,2;20,00;15,0;14,8;45,62;5,72;0,851;6,4;5,73;1,109
1164;30.06.2023;11:39:06;00:19:23;752,1;708,5;66,6;56,6;28,1;750,0;47,9;0,1;7,56E-2;-541,2;20,00;15,3;15,0;45,63;5,74;0,833;6,3;5,73;1,103
1165;30.06.2023;11:39:07;00:19:24;752,8;708,5;66,6;56,6;28,1;750,0;47,9;0,1;7,56E-2;-541,2;20,00;15,4;15,2;45,64;5,74;0,825;6,3;5,70;1,103
1166;30.06.2023;11:39:08;00:19:25;754,2;711,3;66,7;56,8;28,1;750,0;47,7;0,1;7,55E-2;-541,2;20,00;15,6;15,4;45,66;5,76;0,804;6,3;5,69;1,100
1167;30.06.2023;11:39:09;00:19:26;755,5;711,3;66,8;56,9;28,1;750,0;47,7;0,1;7,55E-2;-541,2;20,00;15,8;15,6;45,67;5,78;0,791;6,3;5,67;1,099
1168;30.06.2023;11:39:10;00:19:27;756,1;714,1;66,8;56,9;28,1;750,0;47,5;0,1;7,54E-2;-541,2;20,00;15,9;15,8;45,68;5,78;0,788;6,3;5,70;1,103
1169;30.06.2023;11:39:11;00:19:28;757,3;714,1;66,9;56,9;28,1;750,0;47,6;0,1;7,54E-2;-541,2;20,00;16,2;16,0;45,69;5,80;0,770;6,3;5,73;1,103
1170;30.06.2023;11:39:12;00:19:29;757,6;714,1;66,9;56,9;28,1;750,0;47,6;0,1;7,54E-2;-541,2;20,00;16,3;16,1;45,70;5,80;0,770;6,3;5,71;1,103
1171;30.06.2023;11:39:13;00:19:30;758,9;716,9;66,9;57,1;28,1;750,0;47,3;0,1;7,53E-2;-541,2;20,00;16,5;16,3;45,71;5,82;0,760;6,3;5,69;1,099
1172;30.06.2023;11:39:14;00:19:31;760,2;719,7;67,0;57,3;28,1;750,0;47,1;0,1;7,52E-2;-541,2;20,00;16,7;16,5;45,73;5,84;0,758;6,2;5,68;1,095
1173;30.06.2023;11:39:15;00:19:32;760,6;719,7;67,0;57,3;28,1;750,0;47,1;0,1;7,51E-2;-541,2;20,00;16,8;16,6;45,74;5,84;0,756;6,2;5,68;1,094
1174;30.06.2023;11:39:16;00:19:33;761,8;722,3;67,1;57,5;28,1;750,0;47,2;0,1;7,50E-2;-541,2;20,00;17,1;16,8;45,75;5,86;0,741;6,2;5,68;1,094
1175;30.06.2023;11:39:17;00:19:34;762,4;722,3;67,1;57,5;28,1;750,0;47,0;0,1;7,50E-2;-541,2;20,00;17,3;17,0;45,77;5,87;0,734;6,2;5,68;1,094
1176;30.06.2023;11:39:18;00:19:35;763,1;724,7;67,2;57,6;28,1;750,0;46,8;0,1;7,49E-2;-541,2;20,00;17,4;17,1;45,77;5,88;0,725;6,2;5,64;1,094
1177;30.06.2023;11:39:19;00:19:36;764,0;724,7;67,2;57,6;28,1;750,0;46,8;0,1;7,49E-2;-541,2;20,00;17,6;17,4;45,79;5,89;0,727;6,2;5,65;1,089
1178;30.06.2023;11:39:20;00:19:37;765,1;727,0;67,2;57,8;28,1;750,0;46,6;0,1;7,47E-2;-541,2;20,00;17,8;17,6;45,81;5,91;0,722;6,2;5,64;1,094
1179;30.06.2023;11:39:21;00:19:38;765,2;727,0;67,2;57,8;28,1;750,0;46,6;0,1;7,47E-2;-541,2;20,00;17,9;17,7;45,81;5,92;0,716;6,2;5,65;1,092
1180;30.06.2023;11:39:22;00:19:39;766,1;729,1;67,3;57,9;28,2;750,0;46,5;0,1;7,45E-2;-541,2;20,00;18,2;17,9;45,83;5,93;0,714;6,2;5,66;1,089
1181;30.06.2023;11:39:23;00:19:40;766,7;729,1;67,3;58,1;28,2;750,0;46,5;0,1;7,45E-2;-541,2;20,00;18,4;18,1;45,84;5,94;0,715;6,1;5,63;1,089
1182;30.06.2023;11:39:24;00:19:41;767,1;729,1;67,3;58,1;28,2;750,0;46,5;0,1;7,45E-2;-541,2;20,00;18,5;18,2;45,85;5,95;0,712;6,2;5,65;1,089
1183;30.06.2023;11:39:25;00:19:42;767,7;731,1;67,3;58,1;28,2;750,0;46,3;0,1;7,43E-2;-541,2;20,00;18,7;18,5;45,86;5,97;0,707;6,1;5,62;1,084
1184;30.06.2023;11:39:26;00:19:43;767,9;733,0;67,3;58,2;28,2;750,0;46,2;0,1;7,42E-2;-541,2;20,00;18,8;18,6;45,87;5,97;0,697;6,1;5,63;1,085
1185;30.06.2023;11:39:27;00:19:44;768,5;733,0;67,3;58,2;28,2;750,0;46,2;0,1;7,41E-2;-541,2;20,00;19,1;18,8;45,88;5,98;0,703;6,1;5,60;1,084
1186;30.06.2023;11:39:28;00:19:45;769,1;734,7;67,3;58,3;28,2;750,0;46,0;0,1;7,40E-2;-541,2;20,00;19,3;19,1;45,89;6,00;0,693;6,1;5,64;1,081
1187;30.06.2023;11:39:29;00:19:46;769,3;734,7;67,3;58,3;28,2;750,0;46,0;0,1;7,39E-2;-541,2;20,00;19,4;19,2;45,90;6,00;0,700;6,1;5,64;1,084
1188;30.06.2023;11:39:30;00:19:47;769,9;736,3;67,3;58,5;28,3;750,0;45,9;0,1;7,38E-2;-541,2;20,00;19,6;19,5;45,91;6,02;0,692;6,1;5,57;1,082
1189;30.06.2023;11:39:31;00:19:48;770,3;736,4;67,4;58,5;28,3;750,0;45,9;0,1;7,36E-2;-541,2;20,00;19,8;19,7;45,93;6,03;0,681;6,1;5,63;1,083
1190;30.06.2023;11:39:32;00:19:49;770,7;736,4;67,4;58,6;28,3;750,0;45,9;0,1;7,36E-2;-541,2;20,00;20,0;19,8;45,93;6,03;0,651;6,1;5,58;1,084
1191;30.06.2023;11:39:33;00:19:50;771,3;737,9;67,4;58,6;28,3;750,0;45,8;0,1;7,35E-2;-541,2;20,00;20,2;20,0;45,95;6,06;0,662;6,1;5,62;1,079
1192;30.06.2023;11:39:34;00:19:51;771,4;739,4;67,3;58,7;28,3;750,0;45,7;0,1;7,34E-2;-541,2;20,00;20,4;20,2;45,97;6,07;0,717;6,1;5,61;1,080
1193;30.06.2023;11:39:35;00:19:52;771,5;739,4;67,3;58,7;28,3;750,0;45,7;0,1;7,34E-2;-541,2;20,00;20,5;20,3;45,97;6,08;0,720;6,1;5,60;1,079
1194;30.06.2023;11:39:36;00:19:53;772,0;740,7;67,3;58,8;28,4;750,0;45,6;0,1;7,33E-2;-541,2;20,00;20,7;20,5;45,99;6,09;0,725;6,1;5,62;1,079
1195;30.06.2023;11:39:37;00:19:54;772,1;740,7;67,3;58,8;28,4;750,0;45,6;0,1;7,32E-2;-541,2;20,00;20,8;20,6;45,99;6,10;0,724;6,0;5,59;1,079
1196;30.06.2023;11:39:38;00:19:55;772,3;742,0;67,3;58,9;28,4;750,0;45,5;0,1;7,31E-2;-541,2;20,00;21,1;20,8;46,01;6,12;0,719;6,1;5,60;1,079
1197;30.06.2023;11:39:39;00:19:56;772,6;742,0;67,3;59,0;28,4;750,0;45,5;0,1;7,30E-2;-541,2;20,00;21,3;21,1;46,03;6,13;0,719;6,0;5,58;1,077
1198;30.06.2023;11:39:40;00:19:57;772,6;742,0;67,3;59,0;28,4;750,0;45,5;0,1;7,30E-2;-541,2;20,00;21,4;21,2;46,03;6,14;0,719;6,0;5,60;1,077
1199;30.06.2023;11:39:41;00:19:58;772,9;743,0;67,3;59,0;28,4;750,0;45,4;0,1;7,29E-2;-541,2;20,00;21,6;21,4;46,05;6,15;0,728;6,0;5,63;1,074
1200;30.06.2023;11:39:42;00:19:59;773,0;744,0;67,2;59,1;28,4;750,0;45,3;0,1;7,27E-2;-541,2;20,00;21,9;21,7;46,06;6,17;0,731;6,0;5,61;1,076
1201;30.06.2023;11:39:43;00:20:00;773,3;744,0;67,2;59,1;28,4;750,0;45,3;0,1;7,26E-2;-541,2;20,00;22,0;21,8;46,07;6,17;0,731;6,0;5,60;1,074
1202;30.06.2023;11:39:44;00:20:01;769,9;744,9;67,2;59,2;28,4;747,3;42,7;0,1;7,24E-2;-541,2;20,00;22,0;22,0;46,08;6,18;0,640;0,0;0,01;0,045
1203;30.06.2023;11:39:45;00:20:02;762,6;744,9;67,2;59,2;28,4;744,4;43,0;0,1;7,21E-2;-541,2;20,00;22,0;22,0;46,10;6,20;0,668;0,0;0,01;0,044
1204;30.06.2023;11:39:46;00:20:03;759,1;745,5;67,1;59,3;28,3;742,9;43,2;0,1;7,20E-2;-541,2;20,00;22,0;22,0;46,11;6,21;0,712;0,0;0,01;0,044
1205;30.06.2023;11:39:47;00:20:04;751,9;745,5;67,0;59,3;28,3;740,0;43,6;0,1;7,17E-2;-541,2;20,00;22,0;22,0;46,13;6,23;0,788;0,0;0,01;0,044
1206;30.06.2023;11:39:48;00:20:05;743,8;745,4;67,0;59,3;28,1;737,1;44,1;0,1;7,14E-2;-541,2;20,00;22,0;22,1;46,14;6,24;0,804;0,0;0,01;0,044
1207;30.06.2023;11:39:49;00:20:06;739,8;745,4;66,8;59,3;28,1;735,6;44,3;0,1;7,12E-2;-541,2;20,00;22,0;22,0;46,15;6,25;0,800;0,0;0,01;0,044
1208;30.06.2023;11:39:50;00:20:07;731,2;744,2;66,8;59,3;27,9;732,5;44,8;0,1;7,08E-2;-541,2;20,00;22,0;22,0;46,16;6,26;0,761;0,0;0,01;0,044
1209;30.06.2023;11:39:51;00:20:08;727,6;744,2;66,8;59,3;27,9;731,0;45,0;0,1;7,06E-2;-541,2;20,00;22,0;22,0;46,17;6,27;0,733;0,0;0,01;0,044
1210;30.06.2023;11:39:52;00:20:09;719,8;740,9;66,3;59,1;27,9;728,1;45,4;0,1;7,03E-2;-541,2;20,00;22,0;22,0;46,17;6,28;0,672;0,0;0,01;0,044
1211;30.06.2023;11:39:53;00:20:10;712,1;740,9;66,3;59,1;27,7;725,2;45,8;0,1;6,99E-2;-541,2;20,00;22,0;22,0;46,18;6,29;0,621;0,0;0,01;0,044
1212;30.06.2023;11:39:54;00:20:11;708,5;735,8;65,8;58,9;27,7;723,7;46,0;0,1;6,97E-2;-541,2;20,00;22,0;22,0;46,19;6,29;0,594;0,0;0,01;0,044
1213;30.06.2023;11:39:55;00:20:12;701,2;735,8;65,2;58,9;27,5;720,8;46,4;0,1;6,93E-2;-541,2;20,00;22,0;22,0;46,20;6,30;0,546;0,0;0,01;0,045
1214;30.06.2023;11:39:56;00:20:13;693,6;729,0;65,2;58,6;27,5;717,6;46,9;0,1;6,89E-2;-541,2;20,00;22,0;21,9;46,21;6,31;0,505;0,0;0,01;0,044
1215;30.06.2023;11:39:57;00:20:14;690,2;729,0;65,2;58,6;27,5;716,2;47,0;0,1;6,86E-2;-541,2;20,00;22,0;22,0;46,21;6,31;0,491;0,0;0,01;0,044
1216;30.06.2023;11:39:58;00:20:15;682,9;720,9;64,5;58,2;27,4;713,3;47,4;0,1;6,82E-2;-541,2;20,00;22,0;22,0;46,22;6,32;0,459;0,0;0,01;0,044
1217;30.06.2023;11:39:59;00:20:16;675,8;720,9;63,9;57,9;27,4;710,3;47,8;0,1;6,78E-2;-541,2;20,00;22,0;22,0;46,23;6,33;0,438;0,0;0,01;0,044
1218;30.06.2023;11:40:00;00:20:17;673,1;720,9;63,9;57,9;27,4;708,9;48,0;0,1;6,76E-2;-541,2;20,00;22,0;22,0;46,23;6,33;0,427;0,0;0,01;0,044
1219;30.06.2023;11:40:01;00:20:18;666,2;712,3;63,9;57,9;27,4;706,0;48,4;0,1;6,72E-2;-541,2;20,00;22,0;22,0;46,24;6,34;0,407;0,0;0,01;0,044
1220;30.06.2023;11:40:02;00:20:19;659,3;703,2;63,3;57,5;27,3;702,8;48,8;0,1;6,68E-2;-541,2;20,00;22,0;22,0;46,24;6,35;0,393;0,0;0,00;0,044
1221;30.06.2023;11:40:03;00:20:20;655,7;703,2;63,3;57,5;27,3;701,3;49,0;0,1;6,66E-2;-541,2;20,00;22,0;22,0;46,25;6,35;0,385;0,0;0,00;0,044
1222;30.06.2023;11:40:04;00:20:21;649,7;693,8;62,7;57,1;27,3;698,4;49,3;0,1;6,62E-2;-541,2;20,00;22,0;22,1;46,25;6,36;0,363;0,0;0,00;0,044
1223;30.06.2023;11:40:05;00:20:22;646,1;693,8;62,7;57,1;27,3;697,0;49,5;0,1;6,61E-2;-541,2;20,00;22,0;22,0;46,26;6,36;0,353;0,0;0,01;0,044
1224;30.06.2023;11:40:06;00:20:23;640,1;683,9;62,0;56,6;27,3;694,0;49,8;0,1;6,56E-2;-541,2;20,00;22,0;22,0;46,26;6,37;0,343;0,0;0,00;0,044
1225;30.06.2023;11:40:07;00:20:24;633,8;683,9;61,3;56,2;27,3;691,1;50,2;0,1;6,53E-2;-541,2;20,00;22,0;22,0;46,27;6,38;0,323;0,0;0,01;0,044
1226;30.06.2023;11:40:08;00:20:25;630,6;683,9;61,3;56,2;27,3;689,7;50,3;0,1;6,51E-2;-541,2;20,00;22,0;22,0;46,27;6,38;0,321;0,0;0,01;0,044
1227;30.06.2023;11:40:09;00:20:26;624,0;674,0;61,3;56,2;27,3;686,5;50,7;0,1;6,47E-2;-541,2;20,00;22,0;21,9;46,28;6,38;0,314;0,0;0,00;0,044
1228;30.06.2023;11:40:10;00:20:27;618,1;664,0;60,6;55,6;27,3;683,6;51,0;0,1;6,43E-2;-541,2;20,00;22,0;22,0;46,28;6,39;0,313;0,0;0,00;0,044
1229;30.06.2023;11:40:11;00:20:28;614,7;664,0;60,6;55,6;27,3;682,1;51,2;0,1;6,41E-2;-541,2;20,00;22,0;22,0;46,29;6,39;0,306;0,0;0,01;0,044
1230;30.06.2023;11:40:12;00:20:29;609,2;653,3;59,8;55,0;27,2;679,2;51,5;0,1;6,37E-2;-541,2;20,00;22,0;22,0;46,29;6,40;0,294;0,0;0,01;0,044
1231;30.06.2023;11:40:13;00:20:30;603,0;653,3;59,8;55,0;27,2;676,3;51,9;0,1;6,35E-2;-541,2;20,00;22,0;22,0;46,30;6,40;0,297;0,0;0,00;0,044
1232;30.06.2023;11:40:14;00:20:31;600,3;653,3;59,0;54,5;27,2;674,8;52,0;0,1;6,33E-2;-541,2;20,00;22,0;22,0;46,30;6,41;0,292;0,0;0,00;0,044
1233;30.06.2023;11:40:15;00:20:32;594,1;643,0;59,0;54,5;27,2;671,6;52,4;0,1;6,29E-2;-541,2;20,00;22,0;22,0;46,31;6,41;0,281;0,0;0,01;0,044
1234;30.06.2023;11:40:16;00:20:33;591,3;643,0;59,0;54,5;27,2;670,2;52,5;0,1;6,27E-2;-541,2;20,00;22,0;22,0;46,31;6,41;0,278;0,0;0,01;0,044
1235;30.06.2023;11:40:17;00:20:34;585,2;632,9;58,3;53,9;27,2;667,3;52,9;0,1;6,24E-2;-541,2;20,00;22,0;22,0;46,31;6,42;0,270;0,0;0,00;0,044
1236;30.06.2023;11:40:18;00:20:35;579,3;622,9;57,6;53,3;27,2;664,3;53,2;0,1;6,21E-2;-541,2;20,00;22,0;22,0;46,32;6,42;0,263;0,0;0,00;0,044
1237;30.06.2023;11:40:19;00:20:36;576,8;622,9;57,6;53,3;27,1;662,9;53,4;0,1;6,19E-2;-541,2;20,00;22,0;22,0;46,32;6,43;0,266;0,0;0,01;0,044
1238;30.06.2023;11:40:20;00:20:37;571,4;622,9;56,9;52,8;27,1;660,0;53,6;0,1;6,16E-2;-541,2;20,00;22,0;22,0;46,33;6,43;0,263;0,0;0,01;0,044
1239;30.06.2023;11:40:21;00:20:38;565,2;613,6;56,9;52,8;27,1;656,8;54,0;0,1;6,13E-2;-541,2;20,00;22,0;22,0;46,33;6,44;0,257;0,0;0,01;0,044
1240;30.06.2023;11:40:22;00:20:39;562,5;604,4;56,3;52,3;27,1;655,3;54,1;0,1;6,11E-2;-541,2;20,00;22,0;22,0;46,33;6,44;0,251;0,0;0,01;0,044
1241;30.06.2023;11:40:23;00:20:40;557,0;604,4;55,6;52,3;27,1;652,4;54,4;0,1;6,08E-2;-541,2;20,00;22,0;22,0;46,34;6,44;0,246;0,0;0,01;0,044
1242;30.06.2023;11:40:24;00:20:41;551,5;595,3;55,6;51,8;27,1;649,5;54,8;0,1;6,05E-2;-541,2;20,00;22,0;22,0;46,34;6,45;0,242;0,0;0,00;0,045
1243;30.06.2023;11:40:25;00:20:42;548,8;595,3;55,6;51,8;27,1;648,0;54,9;0,1;6,03E-2;-541,2;20,00;22,0;22,0;46,34;6,45;0,237;0,0;0,00;0,044
1244;30.06.2023;11:40:26;00:20:43;543,3;586,3;54,9;51,3;27,1;645,1;55,2;0,1;6,01E-2;-541,2;20,00;22,0;22,0;46,35;6,46;0,231;0,0;0,01;0,044
1245;30.06.2023;11:40:27;00:20:44;537,8;586,3;54,3;50,7;27,1;642,0;55,5;0,1;5,98E-2;-541,2;20,00;22,0;22,0;46,35;6,46;0,218;0,0;0,00;0,044
1246;30.06.2023;11:40:28;00:20:45;535,0;586,3;54,3;50,7;27,1;640,5;55,7;0,1;5,96E-2;-541,2;20,00;22,0;22,0;46,36;6,46;0,218;0,0;0,01;0,044
1247;30.06.2023;11:40:29;00:20:46;530,2;577,5;54,3;50,7;27,1;637,6;56,0;0,1;5,94E-2;-541,2;20,00;22,0;22,0;46,36;6,47;0,216;0,0;0,01;0,044
1248;30.06.2023;11:40:30;00:20:47;527,5;568,7;53,7;50,2;27,1;636,1;56,1;0,1;5,92E-2;-541,2;20,00;22,0;22,0;46,36;6,47;0,216;0,0;0,00;0,044
1249;30.06.2023;11:40:31;00:20:48;522,2;568,7;53,7;50,2;27,1;633,2;56,4;0,1;5,89E-2;-541,2;20,00;22,0;22,0;46,37;6,47;0,215;0,0;0,00;0,045
1250;30.06.2023;11:40:32;00:20:49;517,1;559,4;53,0;49,6;27,1;630,3;56,8;0,1;5,87E-2;-541,2;20,00;22,0;22,0;46,37;6,48;0,216;0,0;0,01;0,044
1251;30.06.2023;11:40:33;00:20:50;514,3;559,4;53,0;49,6;27,1;628,6;56,9;0,1;5,85E-2;-541,2;20,00;22,0;22,0;46,37;6,48;0,210;0,0;0,00;0,044
1252;30.06.2023;11:40:34;00:20:51;508,9;550,2;52,3;49,1;27,1;625,7;57,2;0,1;5,83E-2;-541,2;20,00;22,0;22,0;46,38;6,48;0,203;0,0;0,01;0,044
1253;30.06.2023;11:40:35;00:20:52;504,1;550,2;51,7;49,1;27,1;622,7;57,5;0,1;5,80E-2;-541,2;20,00;22,0;22,0;46,38;6,49;0,204;0,0;0,00;0,044
1254;30.06.2023;11:40:36;00:20:53;501,4;550,2;51,7;49,1;27,1;621,3;57,7;0,1;5,79E-2;-541,2;20,00;22,0;22,0;46,38;6,49;0,206;0,0;0,01;0,044
1255;30.06.2023;11:40:37;00:20:54;496,6;541,2;51,7;48,6;27,0;618,4;57,9;0,1;5,77E-2;-541,2;20,00;22,0;22,0;46,39;6,49;0,197;0,0;0,00;0,047
1256;30.06.2023;11:40:38;00:20:55;491,8;532,2;51,1;48,0;27,0;615,4;58,2;0,1;5,75E-2;-541,2;20,00;22,0;22,1;46,39;6,50;0,194;0,0;0,01;0,044
1257;30.06.2023;11:40:39;00:20:56;488,9;532,2;51,1;48,0;27,0;613,7;58,4;0,1;5,74E-2;-541,2;20,00;22,0;22,1;46,39;6,50;0,192;0,0;0,01;0,044
1258;30.06.2023;11:40:40;00:20:57;484,1;524,0;50,5;47,5;27,0;610,8;58,7;0,1;5,72E-2;-541,2;20,00;22,0;22,0;46,40;6,50;0,190;0,0;0,01;0,044
1259;30.06.2023;11:40:41;00:20:58;481,5;524,0;50,5;47,5;27,0;609,3;58,8;0,1;5,71E-2;-541,2;20,00;22,0;22,0;46,40;6,50;0,191;0,0;0,01;0,045
1260;30.06.2023;11:40:42;00:20:59;476,6;515,9;49,9;47,1;27,0;606,4;59,1;0,1;5,68E-2;-541,2;20,00;22,0;22,0;46,40;6,51;0,189;0,0;0,00;0,044
1261;30.06.2023;11:40:43;00:21:00;472,1;515,9;49,4;46,6;27,0;603,5;59,4;0,1;5,67E-2;-541,2;20,00;22,0;22,0;46,41;6,51;0,187;0,0;0,01;0,044
1262;30.06.2023;11:40:44;00:21:01;469,4;515,9;49,4;46,6;27,0;602,0;59,5;0,1;5,65E-2;-541,2;20,00;22,0;22,0;46,41;6,51;0,186;0,0;0,00;0,044
1263;30.06.2023;11:40:45;00:21:02;465,0;507,9;49,4;46,6;27,0;598,9;59,8;0,1;5,63E-2;-541,2;20,00;22,0;21,9;46,41;6,52;0,176;0,0;0,00;0,044
1264;30.06.2023;11:40:46;00:21:03;460,0;500,0;48,8;46,1;27,0;596,0;60,1;0,1;5,61E-2;-541,2;20,00;22,0;22,0;46,41;6,52;0,177;0,0;0,00;0,044
1265;30.06.2023;11:40:47;00:21:04;457,6;500,0;48,8;46,1;27,0;594,5;60,2;0,1;5,60E-2;-541,2;20,00;22,0;22,1;46,42;6,52;0,178;0,0;0,00;0,044
1266;30.06.2023;11:40:48;00:21:05;452,7;492,2;48,3;45,7;27,0;591,6;60,5;0,1;5,58E-2;-541,2;20,00;22,0;22,1;46,42;6,53;0,178;0,0;0,01;0,044
1267;30.06.2023;11:40:49;00:21:06;448,5;492,2;47,8;45,7;27,0;588,7;60,8;0,1;5,56E-2;-541,2;20,00;22,0;22,0;46,42;6,53;0,171;0,0;0,00;0,044
1268;30.06.2023;11:40:50;00:21:07;446,3;484,6;47,8;45,2;27,0;587,2;60,9;0,1;5,55E-2;-541,2;20,00;22,0;21,9;46,42;6,53;0,166;0,0;0,00;0,044
1269;30.06.2023;11:40:51;00:21:08;440,9;484,6;47,7;45,1;27,0;584,0;61,2;0,1;5,53E-2;-541,2;20,00;22,0;22,0;46,43;6,53;0,169;0,0;0,01;0,044
1270;30.06.2023;11:40:52;00:21:09;436,8;476,1;47,1;44,6;26,8;581,1;61,5;0,1;5,51E-2;-541,2;20,00;22,0;22,0;46,43;6,54;0,164;0,0;0,00;0,044
1271;30.06.2023;11:40:53;00:21:10;434,8;476,1;47,1;44,6;26,8;579,7;61,6;0,1;5,49E-2;-541,2;20,00;22,0;22,0;46,43;6,54;0,166;0,0;0,01;0,044
1272;30.06.2023;11:40:54;00:21:11;429,9;476,1;46,6;44,6;26,8;576,7;61,9;0,1;5,48E-2;-541,2;20,00;22,0;22,0;46,43;6,54;0,166;0,0;0,00;0,045
1273;30.06.2023;11:40:55;00:21:12;427,9;467,7;46,6;44,2;26,8;575,3;62,0;0,1;5,47E-2;-541,2;20,00;22,0;22,0;46,44;6,54;0,160;0,0;0,00;0,044
1274;30.06.2023;11:40:56;00:21:13;423,4;467,7;46,1;43,7;26,8;572,4;62,3;0,1;5,45E-2;-541,2;20,00;22,0;22,0;46,44;6,55;0,159;0,0;0,01;0,044
1275;30.06.2023;11:40:57;00:21:14;418,4;459,5;46,1;43,7;26,8;569,2;62,5;0,1;5,43E-2;-541,2;20,00;22,0;21,9;46,44;6,55;0,159;0,0;0,00;0,044
1276;30.06.2023;11:40:58;00:21:15;416,5;459,5;45,5;43,3;26,8;567,7;62,7;0,1;5,42E-2;-541,2;20,00;22,0;21,9;46,45;6,55;0,160;0,0;0,00;0,044
1277;30.06.2023;11:40:59;00:21:16;412,2;451,4;45,5;43,3;26,8;564,8;62,9;0,1;5,40E-2;-541,2;20,00;22,0;21,9;46,45;6,55;0,155;0,0;0,01;0,044
1278;30.06.2023;11:41:00;00:21:17;408,0;444,2;45,1;42,9;26,8;561,9;63,2;0,1;5,38E-2;-541,2;20,00;22,0;22,0;46,45;6,56;0,152;0,0;0,01;0,044
1279;30.06.2023;11:41:01;00:21:18;405,9;444,2;45,1;42,9;26,8;560,4;63,3;0,1;5,37E-2;-541,2;20,00;22,0;22,0;46,45;6,56;0,152;0,0;0,00;0,044
1280;30.06.2023;11:41:02;00:21:19;401,8;437,1;44,6;42,5;26,8;557,5;63,6;0,1;5,36E-2;-541,2;20,00;22,0;22,0;46,45;6,56;0,146;0,0;0,00;0,044
1281;30.06.2023;11:41:03;00:21:20;397,1;437,1;44,2;42,5;26,8;554,4;63,8;0,1;5,34E-2;-541,2;20,00;22,0;22,0;46,46;6,56;0,144;0,0;0,01;0,044
1282;30.06.2023;11:41:04;00:21:21;395,0;437,1;44,2;42,5;26,8;552,9;63,9;0,1;5,33E-2;-541,2;20,00;22,0;22,0;46,46;6,57;0,147;0,0;0,01;0,044
1283;30.06.2023;11:41:05;00:21:22;390,8;430,1;44,2;42,1;26,8;550,0;64,2;0,1;5,32E-2;-541,2;20,00;22,0;22,0;46,46;6,57;0,144;0,0;0,00;0,044
1284;30.06.2023;11:41:06;00:21:23;387,0;423,1;43,8;41,7;26,8;547,1;64,4;0,1;5,30E-2;-541,2;20,00;22,0;22,0;46,46;6,57;0,145;0,0;0,01;0,044
1285;30.06.2023;11:41:07;00:21:24;384,6;423,1;43,8;41,7;26,8;545,6;64,6;0,1;5,30E-2;-541,2;20,00;22,0;22,0;46,47;6,57;0,144;0,0;0,01;0,044
1286;30.06.2023;11:41:08;00:21:25;380,9;416,3;43,4;41,3;26,8;542,7;64,8;0,1;5,28E-2;-541,2;20,00;22,0;22,0;46,47;6,57;0,139;0,0;0,00;0,044
1287;30.06.2023;11:41:09;00:21:26;378,4;416,3;43,4;41,3;26,8;541,2;64,9;0,1;5,28E-2;-541,2;20,00;22,0;22,0;46,47;6,58;0,137;0,0;0,01;0,044
1288;30.06.2023;11:41:10;00:21:27;374,3;409,5;43,0;41,0;26,8;538,0;65,2;0,1;5,26E-2;-541,2;20,00;22,0;22,1;46,47;6,58;0,141;0,0;0,01;0,044
1289;30.06.2023;11:41:11;00:21:28;370,3;409,5;43,0;41,0;26,8;535,1;65,4;0,1;5,25E-2;-541,2;20,00;22,0;22,0;46,47;6,58;0,131;0,0;0,00;0,044
1290;30.06.2023;11:41:12;00:21:29;368,8;409,6;43,0;41,0;26,8;533,7;65,6;0,1;5,24E-2;-541,2;20,00;22,0;21,9;46,48;6,58;0,130;0,0;0,01;0,044
1291;30.06.2023;11:41:13;00:21:30;364,7;402,4;42,6;40,7;26,8;530,7;65,8;0,1;5,23E-2;-541,2;20,00;22,0;22,0;46,48;6,59;0,127;0,0;0,00;0,044
1292;30.06.2023;11:41:14;00:21:31;360,9;402,4;42,2;40,3;26,8;527,8;66,0;0,1;5,22E-2;-541,2;20,00;22,0;22,0;46,48;6,59;0,128;0,0;0,00;0,044
1293;30.06.2023;11:41:15;00:21:32;359,0;395,4;42,2;40,3;26,8;526,4;66,1;0,1;5,21E-2;-541,2;20,00;22,0;22,0;46,48;6,59;0,129;0,0;0,00;0,044
1294;30.06.2023;11:41:16;00:21:33;355,1;388,4;41,7;39,9;26,8;523,2;66,4;0,1;5,20E-2;-541,2;20,00;22,0;22,0;46,49;6,59;0,124;0,0;0,01;0,044
1295;30.06.2023;11:41:17;00:21:34;351,0;388,4;41,7;39,9;26,8;520,3;66,6;0,1;5,18E-2;-541,2;20,00;22,0;21,9;46,49;6,59;0,124;0,0;0,01;0,044
1296;30.06.2023;11:41:18;00:21:35;349,5;381,5;41,3;39,6;26,8;518,8;66,7;0,1;5,18E-2;-541,2;20,00;22,0;22,0;46,49;6,59;0,122;0,0;0,00;0,045
1297;30.06.2023;11:41:19;00:21:36;345,5;381,5;41,3;39,6;26,7;515,9;67,0;0,1;5,17E-2;-541,2;20,00;22,0;22,0;46,49;6,60;0,120;0,0;0,01;0,044
1298;30.06.2023;11:41:20;00:21:37;343,5;381,5;41,3;39,6;26,7;514,4;67,0;0,1;5,16E-2;-541,2;20,00;22,0;22,0;46,49;6,60;0,121;0,0;0,00;0,044
1299;30.06.2023;11:41:21;00:21:38;340,0;375,2;41,0;39,2;26,7;511,5;67,3;0,1;5,15E-2;-541,2;20,00;22,0;22,0;46,50;6,60;0,120;0,0;0,00;0,044
1300;30.06.2023;11:41:22;00:21:39;335,9;369,0;40,6;38,9;26,7;508,4;67,5;0,1;5,13E-2;-541,2;20,00;22,0;22,0;46,50;6,60;0,118;0,0;0,01;0,044
1301;30.06.2023;11:41:23;00:21:40;333,8;369,0;40,6;38,9;26,7;506,9;67,6;0,1;5,13E-2;-541,2;20,00;22,0;22,0;46,50;6,60;0,117;0,0;0,00;0,044
1302;30.06.2023;11:41:24;00:21:41;330,4;369,0;40,3;38,6;26,7;504,0;67,8;0,1;5,12E-2;-541,2;20,00;22,0;22,0;46,50;6,61;0,117;0,0;0,01;0,044
1303;30.06.2023;11:41:25;00:21:42;326,9;362,9;40,3;38,6;26,7;501,1;68,1;0,1;5,11E-2;-541,2;20,00;22,0;21,9;46,50;6,61;0,118;0,0;0,00;0,044
1304;30.06.2023;11:41:26;00:21:43;324,9;356,9;39,9;38,3;26,7;499,6;68,2;0,1;5,11E-2;-541,2;20,00;22,0;22,0;46,50;6,61;0,116;0,0;0,00;0,044
1305;30.06.2023;11:41:27;00:21:44;321,3;356,9;39,9;38,3;26,7;496,7;68,4;0,1;5,09E-2;-541,2;20,00;22,0;22,0;46,51;6,61;0,113;0,0;0,00;0,044
1306;30.06.2023;11:41:28;00:21:45;317,5;351,0;39,6;38,0;26,7;493,5;68,6;0,1;5,08E-2;-541,2;20,00;22,0;21,9;46,51;6,61;0,112;0,0;0,00;0,044
1307;30.06.2023;11:41:29;00:21:46;315,9;351,0;39,6;38,0;26,7;492,1;68,7;0,1;5,08E-2;-541,2;20,00;22,0;21,9;46,51;6,62;0,111;0,0;0,00;0,044
1308;30.06.2023;11:41:30;00:21:47;312,2;345,0;39,3;37,7;26,7;489,1;68,9;0,1;5,07E-2;-541,2;20,00;22,0;21,9;46,51;6,62;0,112;0,0;0,01;0,044
1309;30.06.2023;11:41:31;00:21:48;309,1;345,1;39,3;37,7;26,7;486,2;69,1;0,1;5,06E-2;-541,2;20,00;22,0;22,0;46,52;6,62;0,110;0,0;0,00;0,044
1310;30.06.2023;11:41:32;00:21:49;306,9;345,1;38,9;37,7;26,7;484,8;69,3;0,1;5,05E-2;-541,2;20,00;22,0;22,0;46,52;6,62;0,113;0,0;0,01;0,044
1311;30.06.2023;11:41:33;00:21:50;303,7;338,8;38,9;37,4;26,7;481,8;69,4;0,1;5,05E-2;-541,2;20,00;22,0;22,0;46,52;6,62;0,114;0,0;0,01;0,044
1312;30.06.2023;11:41:34;00:21:51;301,5;332,6;38,6;37,1;26,7;480,1;69,6;0,1;5,04E-2;-541,2;20,00;22,0;22,0;46,52;6,63;0,110;0,0;0,00;0,044
1313;30.06.2023;11:41:35;00:21:52;298,1;332,6;38,6;37,1;26,6;477,2;69,8;0,1;5,03E-2;-541,2;20,00;22,0;22,0;46,52;6,63;0,107;0,0;0,01;0,045
1314;30.06.2023;11:41:36;00:21:53;295,0;326,5;38,3;36,8;26,6;474,3;70,0;0,1;5,02E-2;-541,2;20,00;22,0;22,0;46,52;6,63;0,105;0,0;0,00;0,044
1315;30.06.2023;11:41:37;00:21:54;293,3;326,5;38,3;36,8;26,6;472,8;70,1;0,1;5,01E-2;-541,2;20,00;22,0;22,0;46,52;6,63;0,108;0,0;0,00;0,044
1316;30.06.2023;11:41:38;00:21:55;289,8;326,5;37,9;36,5;26,6;469,9;70,3;0,1;5,00E-2;-541,2;20,00;22,0;22,0;46,53;6,63;0,109;0,0;0,00;0,044
1317;30.06.2023;11:41:39;00:21:56;286,4;320,3;37,9;36,5;26,6;467,0;70,4;0,0;5,00E-2;-541,2;20,00;22,0;22,0;46,53;6,63;0,105;0,0;0,01;0,044
1318;30.06.2023;11:41:40;00:21:57;284,3;320,3;37,6;36,5;26,6;465,3;70,6;0,0;4,99E-2;-541,2;20,00;22,0;22,0;46,53;6,64;0,108;0,0;0,00;0,044
1319;30.06.2023;11:41:41;00:21:58;281,6;314,6;37,6;36,2;26,6;462,4;70,8;0,0;4,98E-2;-541,2;20,00;22,0;21,9;46,53;6,64;0,099;0,0;0,01;0,044
1320;30.06.2023;11:41:42;00:21:59;278,2;314,6;37,3;35,9;26,6;459,5;71,0;0,0;4,97E-2;-541,2;20,00;22,0;22,0;46,53;6,64;0,099;0,0;0,01;0,044
1321;30.06.2023;11:41:43;00:22:00;276,7;309,0;37,3;35,9;26,6;458,0;71,0;0,0;4,97E-2;-541,2;20,00;22,0;22,0;46,53;6,64;0,095;0,0;0,00;0,044
1322;30.06.2023;11:41:44;00:22:01;273,4;303,4;37,0;35,6;26,6;455,1;71,2;0,0;4,96E-2;-541,2;20,00;22,0;22,0;46,54;6,64;0,094;0,0;0,01;0,044
1323;30.06.2023;11:41:45;00:22:02;269,9;303,4;37,0;35,6;26,6;452,2;71,4;0,0;4,95E-2;-541,2;20,00;22,0;22,0;46,54;6,64;0,092;0,0;0,01;0,044
1324;30.06.2023;11:41:46;00:22:03;267,9;298,1;36,7;35,4;26,6;450,4;71,6;0,0;4,95E-2;-541,2;20,00;22,0;22,0;46,54;6,64;0,092;0,0;0,00;0,044
1325;30.06.2023;11:41:47;00:22:04;264,6;298,1;36,5;35,4;26,5;447,5;71,7;0,0;4,94E-2;-541,2;20,00;22,0;22,0;46,54;6,65;0,090;0,0;0,00;0,044
1326;30.06.2023;11:41:48;00:22:05;263,0;298,1;36,5;35,4;26,5;446,1;71,8;0,0;4,93E-2;-541,2;20,00;22,0;22,0;46,54;6,65;0,093;0,0;0,01;0,044
1327;30.06.2023;11:41:49;00:22:06;260,3;292,9;36,5;35,1;26,5;443,1;72,0;0,0;4,92E-2;-541,2;20,00;22,0;22,0;46,54;6,65;0,098;0,0;0,01;0,044
1328;30.06.2023;11:41:50;00:22:07;258,2;287,7;36,2;34,9;26,5;440,2;72,1;0,0;4,92E-2;-541,2;20,00;22,0;22,0;46,55;6,65;0,096;0,0;0,00;0,044
1329;30.06.2023;11:41:51;00:22:08;256,2;287,7;36,2;34,9;26,5;438,8;72,2;0,0;4,91E-2;-541,2;20,00;22,0;22,0;46,55;6,65;0,094;0,0;0,00;0,044
1330;30.06.2023;11:41:52;00:22:09;252,1;282,2;35,8;34,5;26,4;435,6;72,4;0,0;4,90E-2;-541,2;20,00;22,0;22,0;46,55;6,65;0,097;0,0;0,01;0,044
1331;30.06.2023;11:41:53;00:22:10;250,0;282,2;35,8;34,5;26,4;432,7;72,6;0,0;4,90E-2;-541,2;20,00;22,0;22,1;46,55;6,66;0,091;0,0;0,01;0,044
1332;30.06.2023;11:41:54;00:22:11;250,0;282,2;35,5;34,5;26,4;431,2;72,6;0,0;4,89E-2;-541,2;20,00;22,0;22,0;46,55;6,66;0,087;0,0;0,01;0,044
1333;30.06.2023;11:41:55;00:22:12;250,0;276,8;35,5;34,2;26,4;428,3;72,5;0,0;4,88E-2;-541,2;20,00;22,0;22,0;46,55;6,66;0,091;0,0;0,00;0,044
1334;30.06.2023;11:41:56;00:22:13;250,0;271,5;35,2;34,0;26,4;425,4;72,4;0,0;4,87E-2;-541,2;20,00;22,0;22,0;46,55;6,66;0,097;0,0;0,00;0,044
1335;30.06.2023;11:41:57;00:22:14;250,0;271,5;35,2;34,0;26,4;423,9;72,3;0,0;4,87E-2;-541,2;20,00;22,0;22,0;46,56;6,66;0,096;0,0;0,00;0,045
1336;30.06.2023;11:41:58;00:22:15;250,0;271,5;35,0;33,7;26,4;420,8;72,2;0,0;4,86E-2;-541,2;20,00;22,0;22,0;46,56;6,66;0,091;0,0;0,01;0,044
1337;30.06.2023;11:41:59;00:22:16;250,0;266,2;35,0;33,7;26,4;419,3;72,1;0,0;4,86E-2;-541,2;20,00;22,0;22,0;46,56;6,66;0,089;0,0;0,00;0,044
1338;30.06.2023;11:42:00;00:22:17;250,0;266,2;34,7;33,7;26,4;416,4;72,0;0,0;4,85E-2;-541,2;20,00;22,0;22,0;46,56;6,67;0,086;0,0;0,00;0,044
1339;30.06.2023;11:42:01;00:22:18;250,0;261,4;34,7;33,5;26,4;413,5;71,9;0,0;4,84E-2;-541,2;20,00;22,0;22,0;46,56;6,67;0,081;0,0;0,00;0,044
1340;30.06.2023;11:42:02;00:22:19;250,0;256,7;34,5;33,3;26,4;412,0;71,9;0,0;4,84E-2;-541,2;20,00;22,0;21,9;46,56;6,67;0,079;0,0;0,00;0,044
1341;30.06.2023;11:42:03;00:22:20;250,0;256,7;34,5;33,3;26,4;409,1;71,7;0,0;4,83E-2;-541,2;20,00;22,0;22,0;46,56;6,67;0,086;0,0;0,00;0,044
1342;30.06.2023;11:42:04;00:22:21;250,0;252,0;34,2;33,0;26,3;405,9;71,6;0,0;4,83E-2;-541,2;20,00;22,0;22,0;46,57;6,67;0,089;0,0;0,00;0,044
1343;30.06.2023;11:42:05;00:22:22;250,0;252,0;34,2;33,0;26,3;404,5;71,5;0,0;4,82E-2;-541,2;20,00;22,0;22,0;46,57;6,67;0,087;0,0;0,00;0,044
1344;30.06.2023;11:42:06;00:22:23;250,0;247,4;34,0;32,8;26,3;401,5;71,4;0,0;4,81E-2;-541,2;20,00;22,0;22,0;46,57;6,67;0,089;0,0;0,00;0,044
1345;30.06.2023;11:42:07;00:22:24;250,0;247,4;33,8;32,8;26,3;398,6;71,3;0,0;4,80E-2;-541,2;20,00;22,0;22,0;46,57;6,68;0,084;0,0;0,01;0,044
1346;30.06.2023;11:42:08;00:22:25;250,0;247,4;33,8;32,8;26,3;397,2;71,2;0,0;4,80E-2;-541,2;20,00;22,0;22,0;46,57;6,68;0,084;0,0;0,00;0,044
1347;30.06.2023;11:42:09;00:22:26;250,0;242,8;33,8;32,6;26,3;394,2;71,1;0,0;4,79E-2;-541,2;20,00;22,0;22,1;46,57;6,68;0,087;0,0;0,00;0,044
1348;30.06.2023;11:42:10;00:22:27;250,0;238,3;33,5;32,4;26,3;391,1;71,0;0,0;4,79E-2;-541,2;20,00;22,0;22,0;46,57;6,68;0,083;0,0;0,00;0,044
1349;30.06.2023;11:42:11;00:22:28;250,0;238,3;33,5;32,4;26,3;389,6;70,9;0,0;4,78E-2;-541,2;20,00;22,0;22,0;46,58;6,68;0,081;0,0;0,00;0,044
1350;30.06.2023;11:42:12;00:22:29;250,0;233,5;33,3;32,1;26,3;386,7;70,8;0,0;4,78E-2;-541,2;20,00;22,0;22,0;46,58;6,68;0,078;0,0;0,00;0,044
1351;30.06.2023;11:42:13;00:22:30;250,0;233,5;33,3;32,1;26,3;385,0;70,7;0,0;4,77E-2;-541,2;20,00;22,0;22,1;46,58;6,68;0,077;0,0;0,00;0,044
1352;30.06.2023;11:42:14;00:22:31;250,0;233,5;33,0;32,1;26,3;381,8;70,5;0,0;4,77E-2;-541,2;20,00;22,0;22,0;46,58;6,69;0,076;0,0;0,01;0,044
1353;30.06.2023;11:42:15;00:22:32;250,0;228,8;33,0;31,9;26,2;378,9;70,4;0,0;4,76E-2;-541,2;20,00;22,0;22,0;46,58;6,69;0,080;0,0;0,00;0,044
1354;30.06.2023;11:42:16;00:22:33;250,0;228,8;32,8;31,9;26,2;377,5;70,3;0,0;4,75E-2;-541,2;20,00;22,0;22,0;46,58;6,69;0,080;0,0;0,00;0,044
1355;30.06.2023;11:42:17;00:22:34;250,0;224,2;32,8;31,7;26,2;374,5;70,2;0,0;4,75E-2;-541,2;20,00;22,0;22,0;46,58;6,69;0,077;0,0;0,00;0,044
1356;30.06.2023;11:42:18;00:22:35;250,0;224,2;32,5;31,5;26,2;373,1;70,1;0,0;4,74E-2;-541,2;20,00;22,0;22,0;46,58;6,69;0,081;0,0;0,00;0,044
1357;30.06.2023;11:42:19;00:22:36;250,0;219,6;32,5;31,5;26,2;370,2;69,9;0,0;4,74E-2;-541,2;20,00;22,0;22,1;46,59;6,69;0,081;0,0;0,00;0,044
1358;30.06.2023;11:42:20;00:22:37;250,0;215,4;32,3;31,3;26,2;367,0;69,8;0,0;4,73E-2;-541,2;20,00;22,0;22,0;46,59;6,69;0,080;0,0;0,00;0,044
1359;30.06.2023;11:42:21;00:22:38;250,0;215,4;32,3;31,3;26,2;365,5;69,7;0,0;4,73E-2;-541,2;20,00;22,0;22,0;46,59;6,69;0,078;0,0;0,01;0,044
1360;30.06.2023;11:42:22;00:22:39;250,0;211,3;32,1;31,1;26,2;362,6;69,5;0,0;4,72E-2;-541,2;20,00;22,0;22,0;46,59;6,70;0,075;0,0;0,00;0,044
1361;30.06.2023;11:42:23;00:22:40;250,0;211,3;32,1;31,1;26,2;359,7;69,4;0,0;4,72E-2;-541,2;20,00;22,0;21,9;46,59;6,70;0,072;0,0;0,01;0,045
1362;30.06.2023;11:42:24;00:22:41;250,0;211,3;32,1;31,1;26,2;358,2;69,3;0,0;4,71E-2;-541,2;20,00;22,0;22,0;46,59;6,70;0,075;0,0;0,00;0,044
1363;30.06.2023;11:42:25;00:22:42;250,0;207,0;31,9;30,9;26,2;355,3;69,1;0,0;4,70E-2;-541,2;20,00;22,0;22,1;46,59;6,70;0,076;0,0;0,00;0,044
1364;30.06.2023;11:42:26;00:22:43;250,0;207,0;31,7;30,7;26,2;352,1;68,9;0,0;4,70E-2;-541,2;20,00;22,0;22,1;46,60;6,70;0,075;0,0;0,00;0,044
1365;30.06.2023;11:42:27;00:22:44;250,0;202,9;31,7;30,7;26,1;350,7;68,9;0,0;4,70E-2;-541,2;20,00;22,0;22,0;46,59;6,70;0,073;0,0;0,00;0,044
1366;30.06.2023;11:42:28;00:22:45;250,0;198,8;31,5;30,5;26,1;347,8;68,7;0,0;4,69E-2;-541,2;20,00;22,0;22,0;46,60;6,70;0,069;0,0;0,01;0,044
1367;30.06.2023;11:42:29;00:22:46;250,0;198,8;31,5;30,5;26,1;346,3;68,6;0,0;4,69E-2;-541,2;20,00;22,0;22,0;46,60;6,70;0,065;0,0;0,00;0,044
1368;30.06.2023;11:42:30;00:22:47;250,0;194,7;31,3;30,3;26,1;343,4;68,4;0,0;4,69E-2;-541,2;20,00;22,0;22,0;46,60;6,70;0,069;0,0;0,00;0,044
1369;30.06.2023;11:42:31;00:22:48;250,0;194,7;31,3;30,3;26,1;340,5;68,3;0,0;4,68E-2;-541,2;20,00;22,0;22,0;46,60;6,71;0,066;0,0;0,01;0,044
1370;30.06.2023;11:42:32;00:22:49;250,0;194,8;31,3;30,3;26,1;338,8;68,1;0,0;4,67E-2;-541,2;20,00;22,0;22,0;46,60;6,71;0,068;0,0;0,00;0,045
1371;30.06.2023;11:42:33;00:22:50;250,0;190,7;31,1;30,1;26,1;335,8;68,0;0,0;4,67E-2;-541,2;20,00;22,0;22,0;46,60;6,71;0,070;0,0;0,01;0,044
1372;30.06.2023;11:42:34;00:22:51;250,0;190,7;31,1;30,1;26,1;332,9;67,8;0,0;4,66E-2;-541,2;20,00;22,0;22,0;46,60;6,71;0,069;0,0;0,00;0,044
1373;30.06.2023;11:42:35;00:22:52;250,0;186,7;30,9;29,9;26,1;331,5;67,7;0,0;4,66E-2;-541,2;20,00;22,0;22,0;46,60;6,71;0,068;0,0;0,01;0,044
1374;30.06.2023;11:42:36;00:22:53;250,0;186,7;30,7;29,7;26,1;328,5;67,5;0,0;4,66E-2;-541,2;20,00;22,0;22,0;46,61;6,71;0,066;0,0;0,01;0,044
1375;30.06.2023;11:42:37;00:22:54;250,0;182,7;30,7;29,7;26,1;325,6;67,3;0,0;4,65E-2;-541,2;20,00;22,0;21,9;46,61;6,71;0,062;0,0;0,00;0,045
1376;30.06.2023;11:42:38;00:22:55;250,0;182,7;30,5;29,7;26,1;323,9;67,2;0,0;4,65E-2;-541,2;20,00;22,0;21,9;46,61;6,71;0,059;0,0;0,01;0,044
1377;30.06.2023;11:42:39;00:22:56;250,0;178,8;30,5;29,5;26,1;321,0;67,0;0,0;4,64E-2;-541,2;20,00;22,0;21,9;46,61;6,71;0,060;0,0;0,01;0,044
1378;30.06.2023;11:42:40;00:22:57;250,0;175,3;30,3;29,4;26,1;318,1;66,8;0,0;4,63E-2;-541,2;20,00;22,0;21,9;46,61;6,72;0,059;0,0;0,00;0,044
1379;30.06.2023;11:42:41;00:22:58;250,0;175,3;30,3;29,4;26,1;316,6;66,7;0,0;4,63E-2;-541,2;20,00;22,0;21,9;46,61;6,72;0,056;0,0;0,00;0,044
1380;30.06.2023;11:42:42;00:22:59;250,0;175,3;30,2;29,2;26,1;313,7;66,5;0,0;4,63E-2;-541,2;20,00;22,0;22,0;46,61;6,72;0,061;0,0;0,01;0,044
1381;30.06.2023;11:42:43;00:23:00;250,0;171,7;30,2;29,2;26,1;312,2;66,4;0,0;4,62E-2;-541,2;20,00;22,0;21,9;46,61;6,72;0,059;0,0;0,00;0,044
1382;30.06.2023;11:42:44;00:23:01;250,0;171,7;30,0;29,0;26,1;309,1;66,2;0,0;4,62E-2;-541,2;20,00;22,0;22,0;46,61;6,72;0,056;0,0;0,00;0,044
1383;30.06.2023;11:42:45;00:23:02;250,0;168,2;30,0;29,0;26,0;306,2;66,0;0,0;4,62E-2;-541,2;20,00;22,0;22,0;46,61;6,72;0,055;0,0;0,00;0,045
1384;30.06.2023;11:42:46;00:23:03;250,0;168,2;29,8;28,9;26,0;304,7;65,9;0,0;4,61E-2;-541,2;20,00;22,0;22,0;46,61;6,72;0,061;0,0;0,01;0,044
1385;30.06.2023;11:42:47;00:23:04;250,0;164,8;29,8;28,9;26,0;301,8;65,7;0,0;4,61E-2;-541,2;20,00;22,0;22,0;46,62;6,72;0,061;0,0;0,00;0,044
1386;30.06.2023;11:42:48;00:23:05;250,0;161,4;29,6;28,7;26,0;298,9;65,4;0,0;4,60E-2;-541,2;20,00;22,0;22,0;46,62;6,72;0,061;0,0;0,00;0,044
1387;30.06.2023;11:42:49;00:23:06;250,0;161,4;29,6;28,7;26,0;297,4;65,3;0,0;4,60E-2;-541,2;20,00;22,0;22,1;46,62;6,72;0,061;0,0;0,01;0,044
1388;30.06.2023;11:42:50;00:23:07;250,0;158,1;29,5;28,5;26,0;294,2;65,1;0,0;4,59E-2;-541,2;20,00;22,0;22,0;46,62;6,72;0,056;0,0;0,00;0,044
1389;30.06.2023;11:42:51;00:23:08;250,0;158,0;29,4;28,5;26,0;291,3;64,9;0,0;4,59E-2;-541,2;20,00;22,0;22,0;46,62;6,73;0,054;0,0;0,01;0,044
1390;30.06.2023;11:42:52;00:23:09;250,0;158,0;29,2;28,5;25,9;289,9;64,8;0,0;4,59E-2;-541,2;20,00;22,0;22,0;46,62;6,73;0,057;0,0;0,00;0,044
1391;30.06.2023;11:42:53;00:23:10;250,0;154,5;29,2;28,3;25,9;286,9;64,5;0,0;4,58E-2;-541,2;20,00;22,0;22,0;46,62;6,73;0,056;0,0;0,00;0,044
1392;30.06.2023;11:42:54;00:23:11;250,0;154,5;29,2;28,3;25,9;285,5;64,4;0,0;4,58E-2;-541,2;20,00;22,0;22,0;46,62;6,73;0,058;0,0;0,00;0,044
1393;30.06.2023;11:42:55;00:23:12;250,0;151,0;29,0;28,1;25,9;282,6;64,2;0,0;4,57E-2;-541,2;20,00;22,0;22,0;46,62;6,73;0,056;0,0;0,00;0,044
1394;30.06.2023;11:42:56;00:23:13;250,0;147,6;28,9;28,0;25,9;279,4;63,9;0,0;4,57E-2;-541,2;20,00;22,0;22,0;46,62;6,73;0,052;0,0;0,00;0,044
1395;30.06.2023;11:42:57;00:23:14;250,0;147,6;28,9;28,0;25,9;277,9;63,8;0,0;4,57E-2;-541,2;20,00;22,0;22,0;46,62;6,73;0,051;0,0;0,01;0,044
1396;30.06.2023;11:42:58;00:23:15;250,0;147,6;28,7;28,0;25,9;275,0;63,6;0,0;4,56E-2;-541,2;20,00;22,0;22,0;46,62;6,73;0,047;0,0;0,01;0,044
1397;30.06.2023;11:42:59;00:23:16;250,0;144,3;28,7;27,8;25,9;271,8;63,3;0,0;4,56E-2;-541,2;20,00;22,0;22,0;46,63;6,73;0,052;0,0;0,00;0,044
1398;30.06.2023;11:43:00;00:23:17;250,0;144,3;28,7;27,8;25,9;270,4;63,2;0,0;4,55E-2;-541,2;20,00;22,0;22,0;46,63;6,73;0,051;0,0;0,01;0,044
1399;30.06.2023;11:43:01;00:23:18;250,0;141,2;28,6;27,7;25,9;267,5;63,0;0,0;4,55E-2;-541,2;20,00;22,0;22,0;46,63;6,73;0,057;0,0;0,01;0,044
1400;30.06.2023;11:43:02;00:23:19;250,0;141,2;28,4;27,5;25,9;264,5;62,7;0,0;4,54E-2;-541,2;20,00;22,0;22,0;46,63;6,73;0,050;0,0;0,01;0,044
1401;30.06.2023;11:43:03;00:23:20;250,0;138,2;28,4;27,5;25,8;263,1;62,6;0,0;4,54E-2;-541,2;20,00;22,0;22,0;46,63;6,74;0,049;0,0;0,00;0,044
1402;30.06.2023;11:43:04;00:23:21;250,0;138,2;28,2;27,4;25,8;260,2;62,4;0,0;4,54E-2;-541,2;20,00;22,0;22,0;46,63;6,74;0,048;0,0;0,01;0,044
1403;30.06.2023;11:43:05;00:23:22;250,0;135,3;28,2;27,4;25,8;258,5;62,2;0,0;4,53E-2;-541,2;20,00;22,0;21,9;46,63;6,74;0,045;0,0;0,01;0,044
1404;30.06.2023;11:43:06;00:23:23;250,0;132,3;28,1;27,2;25,8;255,5;62,0;0,0;4,53E-2;-541,2;20,00;22,0;21,9;46,63;6,74;0,042;0,0;0,00;0,044
1405;30.06.2023;11:43:07;00:23:24;250,0;132,3;27,9;27,2;25,8;252,6;61,7;0,0;4,53E-2;-541,2;20,00;22,0;22,1;46,63;6,74;0,050;0,0;0,00;0,044
1406;30.06.2023;11:43:08;00:23:25;250,0;132,3;27,9;27,2;25,8;251,2;61,6;0,0;4,53E-2;-541,2;20,00;22,0;22,1;46,63;6,74;0,052;0,0;0,01;0,044
1407;30.06.2023;11:43:09;00:23:26;250,0;129,5;27,9;27,1;25,8;248,2;61,3;0,0;4,52E-2;-541,2;20,00;22,0;22,0;46,63;6,74;0,053;0,0;0,00;0,044
1408;30.06.2023;11:43:10;00:23:27;250,0;129,5;27,8;27,0;25,8;245,3;61,0;0,0;4,51E-2;-541,2;20,00;22,0;22,1;46,63;6,74;0,053;0,0;0,00;0,044
1409;30.06.2023;11:43:11;00:23:28;250,0;126,6;27,8;27,0;25,8;243,6;60,9;0,0;4,51E-2;-541,2;20,00;22,0;22,0;46,64;6,74;0,050;0,0;0,00;0,045
1410;30.06.2023;11:43:12;00:23:29;250,0;126,6;27,6;27,0;25,8;240,7;60,6;0,0;4,50E-2;-541,2;20,00;22,0;22,0;46,64;6,74;0,045;0,0;0,00;0,044
1411;30.06.2023;11:43:13;00:23:30;250,0;123,6;27,6;26,8;25,8;237,8;60,4;0,0;4,50E-2;-541,2;20,00;22,0;22,0;46,64;6,74;0,043;0,0;0,01;0,044
1412;30.06.2023;11:43:14;00:23:31;250,0;123,6;27,6;26,8;25,8;236,3;60,2;0,0;4,50E-2;-541,2;20,00;22,0;22,0;46,64;6,74;0,049;0,0;0,01;0,044
1413;30.06.2023;11:43:15;00:23:32;250,0;120,6;27,5;26,7;25,8;233,4;60,0;0,0;4,49E-2;-541,2;20,00;22,0;22,0;46,64;6,74;0,048;0,0;0,00;0,044
1414;30.06.2023;11:43:16;00:23:33;250,0;120,6;27,5;26,7;25,8;231,9;59,8;0,0;4,49E-2;-541,2;20,00;22,0;22,0;46,64;6,75;0,045;0,0;0,00;0,044
1415;30.06.2023;11:43:17;00:23:34;250,0;117,8;27,3;26,5;25,8;228,8;59,5;0,0;4,49E-2;-541,2;20,00;22,0;21,9;46,64;6,75;0,044;0,0;0,00;0,044
1416;30.06.2023;11:43:18;00:23:35;250,0;117,8;27,3;26,5;25,8;225,9;59,2;0,0;4,49E-2;-541,2;20,00;22,0;22,0;46,64;6,75;0,043;0,0;0,00;0,044
1417;30.06.2023;11:43:19;00:23:36;250,0;115,0;27,2;26,4;25,7;224,4;59,1;0,0;4,48E-2;-541,2;20,00;22,0;21,9;46,64;6,75;0,041;0,0;0,00;0,044
1418;30.06.2023;11:43:20;00:23:37;250,0;115,0;27,1;26,4;25,7;221,5;58,8;0,0;4,48E-2;-541,2;20,00;22,0;22,0;46,64;6,75;0,042;0,0;0,00;0,044
1419;30.06.2023;11:43:21;00:23:38;250,0;112,6;27,1;26,3;25,7;218,6;58,5;0,0;4,47E-2;-541,2;20,00;22,0;22,1;46,64;6,75;0,045;0,0;0,01;0,044
1420;30.06.2023;11:43:22;00:23:39;250,0;112,6;27,0;26,3;25,7;217,1;58,4;0,0;4,47E-2;-541,2;20,00;22,0;22,1;46,64;6,75;0,048;0,0;0,01;0,044
1421;30.06.2023;11:43:23;00:23:40;250,0;110,1;27,0;26,1;25,7;213,9;58,1;0,0;4,46E-2;-541,2;20,00;22,0;22,0;46,64;6,75;0,042;0,0;0,00;0,044
1422;30.06.2023;11:43:24;00:23:41;250,0;107,7;26,8;26,0;25,7;211,0;57,8;0,0;4,46E-2;-541,2;20,00;22,0;21,9;46,65;6,75;0,038;0,0;0,00;0,044
1423;30.06.2023;11:43:25;00:23:42;250,0;107,7;26,8;26,0;25,7;209,6;57,6;0,0;4,46E-2;-541,2;20,00;22,0;21,9;46,65;6,75;0,038;0,0;0,00;0,044
1424;30.06.2023;11:43:26;00:23:43;250,0;107,7;26,7;26,0;25,7;206,6;57,3;0,0;4,46E-2;-541,2;20,00;22,0;22,0;46,65;6,75;0,035;0,0;0,00;0,044
1425;30.06.2023;11:43:27;00:23:44;250,0;105,4;26,7;25,9;25,7;203,7;57,0;0,0;4,45E-2;-541,2;20,00;22,0;22,0;46,65;6,75;0,037;0,0;0,00;0,044
1426;30.06.2023;11:43:28;00:23:45;250,0;105,4;26,7;25,9;25,7;202,3;56,9;0,0;4,45E-2;-541,2;20,00;22,0;22,1;46,65;6,75;0,040;0,0;0,01;0,044
1427;30.06.2023;11:43:29;00:23:46;250,0;103,1;26,6;25,8;25,7;199,1;56,6;0,0;4,45E-2;-541,2;20,00;22,0;22,0;46,65;6,75;0,038;0,0;0,01;0,044
1428;30.06.2023;11:43:30;00:23:47;250,0;103,1;26,4;25,7;25,7;197,6;56,4;0,0;4,45E-2;-541,2;20,00;22,0;21,9;46,65;6,75;0,034;0,0;0,00;0,044
1429;30.06.2023;11:43:31;00:23:48;250,0;100,8;26,4;25,7;25,7;194,7;56,1;0,0;4,44E-2;-541,2;20,00;22,0;22,0;46,65;6,75;0,035;0,0;0,00;0,044
1430;30.06.2023;11:43:32;00:23:49;250,0;100,7;26,2;25,4;25,5;191,8;55,8;0,0;4,44E-2;-541,2;20,00;22,0;22,0;46,65;6,76;0,032;0,0;0,01;0,044
1431;30.06.2023;11:43:33;00:23:50;250,0;100,7;26,2;25,4;25,5;190,3;55,6;0,0;4,44E-2;-541,2;20,00;22,0;21,9;46,65;6,76;0,031;0,0;0,00;0,044
1432;30.06.2023;11:43:34;00:23:51;250,0;98,3;26,2;25,4;25,5;187,4;55,3;0,0;4,43E-2;-541,2;20,00;22,0;22,0;46,65;6,76;0,033;0,0;0,00;0,044
1433;30.06.2023;11:43:35;00:23:52;250,0;96,0;26,0;25,3;25,5;184,2;55,0;0,0;4,43E-2;-541,2;20,00;22,0;22,0;46,65;6,76;0,034;0,0;0,00;0,044
1434;30.06.2023;11:43:36;00:23:53;250,0;96,0;26,0;25,3;25,5;182,8;54,8;0,0;4,42E-2;-541,2;20,00;22,0;22,1;46,65;6,76;0,034;0,0;0,00;0,044
1435;30.06.2023;11:43:37;00:23:54;250,0;93,8;25,9;25,2;25,5;179,9;54,5;0,0;4,42E-2;-541,2;20,00;22,0;22,0;46,65;6,76;0,034;0,0;0,01;0,044
1436;30.06.2023;11:43:38;00:23:55;250,0;93,8;25,9;25,2;25,5;176,9;54,2;0,0;4,42E-2;-541,2;20,00;22,0;22,0;46,65;6,76;0,036;0,0;0,00;0,044
1437;30.06.2023;11:43:39;00:23:56;250,0;91,6;25,8;25,0;25,5;175,5;54,0;0,0;4,41E-2;-541,2;20,00;22,0;22,0;46,65;6,76;0,035;0,0;0,00;0,045
1438;30.06.2023;11:43:40;00:23:57;250,0;91,6;25,7;24,9;25,5;172,6;53,7;0,0;4,41E-2;-541,2;20,00;22,0;22,0;46,65;6,76;0,038;0,0;0,00;0,044
1439;30.06.2023;11:43:41;00:23:58;250,0;89,6;25,7;24,9;25,5;169,4;53,3;0,0;4,41E-2;-541,2;20,00;22,0;21,9;46,65;6,76;0,030;0,0;0,00;0,044
1440;30.06.2023;11:43:42;00:23:59;250,0;89,6;25,6;24,9;25,5;167,9;53,2;0,0;4,41E-2;-541,2;20,00;22,0;22,0;46,66;6,76;0,033;0,0;0,00;0,044
1441;30.06.2023;11:43:43;00:24:00;250,0;87,7;25,6;24,8;25,5;165,0;52,8;0,0;4,40E-2;-541,2;20,00;22,0;22,0;46,66;6,76;0,033;0,0;0,00;0,044
1442;30.06.2023;11:43:44;00:24:01;250,0;87,7;25,6;24,8;25,5;163,6;52,7;0,0;4,40E-2;-541,2;20,00;22,0;22,0;46,66;6,76;0,031;0,0;0,00;0,044
1443;30.06.2023;11:43:45;00:24:02;250,0;85,8;25,5;24,7;25,4;160,6;52,3;0,0;4,40E-2;-541,2;20,00;22,0;21,9;46,66;6,76;0,030;0,0;0,00;0,044
1444;30.06.2023;11:43:46;00:24:03;250,0;85,8;25,3;24,6;25,4;157,7;52,0;0,0;4,39E-2;-541,2;20,00;22,0;21,9;46,66;6,76;0,025;0,0;0,00;0,044
1445;30.06.2023;11:43:47;00:24:04;250,0;83,9;25,3;24,6;25,4;156,3;51,8;0,0;4,39E-2;-541,2;20,00;22,0;21,9;46,66;6,76;0,023;0,0;0,00;0,044
1446;30.06.2023;11:43:48;00:24:05;250,0;83,9;25,2;24,5;25,4;153,1;51,4;0,0;4,39E-2;-541,2;20,00;22,0;22,0;46,66;6,76;0,028;0,0;0,00;0,044
1447;30.06.2023;11:43:49;00:24:06;250,0;82,1;25,2;24,5;25,4;150,2;51,1;0,0;4,38E-2;-541,2;20,00;22,0;22,0;46,66;6,76;0,030;0,0;0,00;0,044
1448;30.06.2023;11:43:50;00:24:07;250,0;82,1;25,1;24,4;25,4;148,7;50,9;0,0;4,38E-2;-541,2;20,00;22,0;22,0;46,66;6,76;0,031;0,0;0,00;0,044
1449;30.06.2023;11:43:51;00:24:08;250,0;80,3;25,1;24,4;25,4;145,8;50,6;0,0;4,38E-2;-541,2;20,00;22,0;22,0;46,66;6,77;0,031;0,0;0,00;0,044
1450;30.06.2023;11:43:52;00:24:09;250,0;80,3;25,0;24,2;25,4;142,9;50,2;0,0;4,37E-2;-541,2;20,00;22,0;22,0;46,66;6,77;0,031;0,0;0,01;0,044
1451;30.06.2023;11:43:53;00:24:10;250,0;80,3;25,0;24,2;25,4;141,4;50,0;0,0;4,37E-2;-541,2;20,00;22,0;22,0;46,66;6,77;0,031;0,0;0,00;0,044
1452;30.06.2023;11:43:54;00:24:11;250,0;78,4;25,0;24,2;25,3;138,3;49,6;0,0;4,37E-2;-541,2;20,00;22,0;22,0;46,66;6,77;0,031;0,0;0,00;0,044
1453;30.06.2023;11:43:55;00:24:12;250,0;76,6;24,9;24,1;25,3;136,8;49,5;0,0;4,37E-2;-541,2;20,00;22,0;22,1;46,66;6,77;0,032;0,0;0,01;0,044
1454;30.06.2023;11:43:56;00:24:13;250,0;76,6;24,8;24,1;25,3;133,9;49,1;0,0;4,36E-2;-541,2;20,00;22,0;22,0;46,66;6,77;0,031;0,0;0,00;0,044
1455;30.06.2023;11:43:57;00:24:14;250,0;74,8;24,8;24,0;25,3;131,0;48,7;0,0;4,36E-2;-541,2;20,00;22,0;22,0;46,66;6,77;0,030;0,0;0,00;0,044
1456;30.06.2023;11:43:58;00:24:15;250,0;74,8;24,8;24,0;25,3;129,5;48,6;0,0;4,36E-2;-541,2;20,00;22,0;22,0;46,66;6,77;0,026;0,0;0,00;0,044
1457;30.06.2023;11:43:59;00:24:16;250,0;73,0;24,6;23,9;25,3;126,6;48,2;0,0;4,36E-2;-541,2;20,00;22,0;22,0;46,66;6,77;0,029;0,0;0,00;0,044
1458;30.06.2023;11:44:00;00:24:17;250,0;73,0;24,5;23,8;25,3;123,4;47,8;0,0;4,36E-2;-541,2;20,00;22,0;22,0;46,66;6,77;0,025;0,0;0,00;0,044
1459;30.06.2023;11:44:01;00:24:18;250,0;73,0;24,5;23,8;25,3;122,0;47,6;0,0;4,36E-2;-541,2;20,00;22,0;22,0;46,66;6,77;0,024;0,0;0,01;0,044
1460;30.06.2023;11:44:02;00:24:19;250,0;71,4;24,5;23,8;25,3;119,0;47,2;0,0;4,35E-2;-541,2;20,00;22,0;22,0;46,66;6,77;0,028;0,0;0,01;0,044
1461;30.06.2023;11:44:03;00:24:20;250,0;69,8;24,4;23,7;25,3;116,1;46,9;0,0;4,35E-2;-541,2;20,00;22,0;22,0;46,66;6,77;0,028;0,0;0,00;0,044
1462;30.06.2023;11:44:04;00:24:21;250,0;69,8;24,4;23,7;25,3;114,7;46,7;0,0;4,35E-2;-541,2;20,00;22,0;22,1;46,67;6,77;0,027;0,0;0,00;0,044
1463;30.06.2023;11:44:05;00:24:22;250,0;68,3;24,4;23,6;25,3;111,7;46,3;0,0;4,35E-2;-541,2;20,00;22,0;22,1;46,67;6,77;0,028;0,0;0,00;0,044
1464;30.06.2023;11:44:06;00:24:23;250,0;68,3;24,4;23,6;25,3;108,6;45,9;0,0;4,34E-2;-541,2;20,00;22,0;22,0;46,67;6,77;0,021;0,0;0,01;0,044
1465;30.06.2023;11:44:07;00:24:24;250,0;66,9;24,3;23,5;25,2;107,1;45,7;0,0;4,34E-2;-541,2;20,00;22,0;22,0;46,67;6,77;0,024;0,0;0,01;0,044
1466;30.06.2023;11:44:08;00:24:25;250,0;66,9;24,2;23,4;25,2;104,2;45,3;0,0;4,34E-2;-541,2;20,00;22,0;22,1;46,67;6,77;0,022;0,0;0,01;0,044
1467;30.06.2023;11:44:09;00:24:26;250,0;65,5;24,2;23,4;25,2;102,7;45,1;0,0;4,34E-2;-541,2;20,00;22,0;22,0;46,67;6,77;0,022;0,0;0,00;0,044
1468;30.06.2023;11:44:10;00:24:27;250,0;65,5;24,1;23,4;25,2;99,8;44,7;0,0;4,33E-2;-541,2;20,00;22,0;21,9;46,67;6,77;0,020;0,0;0,00;0,044
1469;30.06.2023;11:44:11;00:24:28;250,0;64,1;24,1;23,3;25,2;96,9;44,3;0,0;4,33E-2;-541,2;20,00;22,0;22,0;46,67;6,77;0,023;0,0;0,00;0,044
1470;30.06.2023;11:44:12;00:24:29;250,0;64,1;24,1;23,3;25,3;95,2;44,1;0,0;4,33E-2;-541,2;20,00;22,0;22,0;46,67;6,77;0,021;0,0;0,01;0,044
1471;30.06.2023;11:44:13;00:24:30;250,0;62,7;24,0;23,3;25,3;92,3;43,7;0,0;4,33E-2;-541,2;20,00;22,0;22,0;46,67;6,77;0,024;0,0;0,01;0,044
1472;30.06.2023;11:44:14;00:24:31;250,0;62,7;24,0;23,3;25,3;89,3;43,3;0,0;4,33E-2;-541,2;20,00;22,0;22,0;46,67;6,78;0,023;0,0;0,00;0,044
1473;30.06.2023;11:44:15;00:24:32;250,0;61,4;23,9;23,2;25,3;87,9;43,1;0,0;4,32E-2;-541,2;20,00;22,0;22,0;46,67;6,77;0,024;0,0;0,00;0,044
1474;30.06.2023;11:44:16;00:24:33;250,0;61,4;23,8;23,2;25,2;85,0;42,7;0,0;4,32E-2;-541,2;20,00;22,0;22,1;46,67;6,78;0,025;0,0;0,00;0,044
1475;30.06.2023;11:44:17;00:24:34;250,0;60,0;23,8;23,1;25,2;82,0;42,3;0,0;4,32E-2;-541,2;20,00;22,0;22,0;46,67;6,78;0,024;0,0;0,00;0,046
1476;30.06.2023;11:44:18;00:24:35;250,0;60,0;23,8;23,1;25,2;80,3;42,0;0,0;4,32E-2;-541,2;20,00;22,0;22,0;46,67;6,78;0,021;0,0;0,01;0,044
1477;30.06.2023;11:44:19;00:24:36;250,0;58,7;23,7;23,0;25,2;77,4;41,6;0,0;4,31E-2;-541,2;20,00;22,0;21,9;46,67;6,78;0,017;0,0;0,00;0,044
1478;30.06.2023;11:44:20;00:24:37;250,0;58,7;23,6;22,9;25,2;74,5;41,2;0,0;4,31E-2;-541,2;20,00;22,0;21,9;46,67;6,78;0,014;0,0;0,01;0,044
1479;30.06.2023;11:44:21;00:24:38;250,0;58,7;23,6;22,9;25,2;73,0;41,0;0,0;4,31E-2;-541,2;20,00;22,0;22,0;46,67;6,78;0,019;0,0;0,01;0,045
1480;30.06.2023;11:44:22;00:24:39;250,0;57,5;23,6;22,9;25,2;70,1;40,6;0,0;4,31E-2;-541,2;20,00;22,0;22,0;46,67;6,78;0,019;0,0;0,01;0,044
1481;30.06.2023;11:44:23;00:24:40;250,0;56,4;23,6;22,9;25,2;68,7;40,4;0,0;4,31E-2;-541,2;20,00;22,0;22,1;46,67;6,78;0,020;0,0;0,01;0,046
1482;30.06.2023;11:44:24;00:24:41;250,0;56,4;23,5;22,9;25,2;65,5;39,9;0,0;4,31E-2;-541,2;20,00;22,0;22,0;46,67;6,78;0,017;0,0;0,00;0,044
1483;30.06.2023;11:44:25;00:24:42;250,0;55,2;23,5;22,8;25,2;62,6;39,5;0,0;4,30E-2;-541,2;20,00;22,0;22,0;46,67;6,78;0,017;0,0;0,00;0,045
1484;30.06.2023;11:44:26;00:24:43;250,0;55,2;23,4;22,8;25,2;61,1;39,3;0,0;4,30E-2;-541,2;20,00;22,0;22,0;46,67;6,78;0,014;0,0;0,00;0,045
1485;30.06.2023;11:44:27;00:24:44;250,0;54,2;23,4;22,7;25,2;58,2;38,8;0,0;4,30E-2;-541,2;20,00;22,0;21,9;46,67;6,78;0,016;0,0;0,00;0,044
1486;30.06.2023;11:44:28;00:24:45;250,0;53,1;23,3;22,6;25,2;55,3;38,4;0,0;4,30E-2;-541,2;20,00;22,0;21,9;46,67;6,78;0,017;0,0;0,01;0,045
1487;30.06.2023;11:44:29;00:24:46;250,0;53,1;23,3;22,6;25,2;53,8;38,2;0,0;4,29E-2;-541,2;20,00;22,0;22,0;46,67;6,78;0,018;0,0;0,00;0,044
1488;30.06.2023;11:44:30;00:24:47;250,0;53,1;23,3;22,6;25,2;50,7;37,7;0,0;4,29E-2;-541,2;20,00;22,0;22,0;46,67;6,78;0,018;0,0;0,00;0,044
1489;30.06.2023;11:44:31;00:24:48;250,0;52,1;23,3;22,6;25,2;47,7;37,3;0,0;4,28E-2;-541,2;20,00;22,0;22,0;46,67;6,78;0,021;0,0;0,01;0,044
1490;30.06.2023;11:44:32;00:24:49;250,0;52,1;23,3;22,6;25,2;46,3;37,1;0,0;4,28E-2;-541,2;20,00;22,0;22,0;46,67;6,78;0,020;0,0;0,00;0,044
1491;30.06.2023;11:44:33;00:24:50;250,0;51,0;23,2;22,5;25,1;43,4;36,6;0,0;4,28E-2;-541,2;20,00;22,0;22,0;46,68;6,78;0,019;0,0;0,00;0,044
1492;30.06.2023;11:44:34;00:24:51;250,0;51,0;23,2;22,5;25,1;41,9;36,4;0,0;4,28E-2;-541,2;20,00;22,0;22,0;46,67;6,78;0,019;0,0;0,00;0,044
1493;30.06.2023;11:44:35;00:24:52;250,0;49,9;23,1;22,4;25,1;39,0;36,0;0,0;4,28E-2;-541,2;20,00;22,0;22,0;46,68;6,78;0,017;0,0;0,00;0,044
1494;30.06.2023;11:44:36;00:24:53;250,0;49,9;23,0;22,3;25,1;35,8;35,5;0,0;4,27E-2;-541,2;20,00;22,0;22,0;46,68;6,78;0,017;0,0;0,00;0,044
1495;30.06.2023;11:44:37;00:24:54;250,0;49,9;23,0;22,3;25,1;34,4;35,2;0,0;4,27E-2;-541,2;20,00;22,0;21,9;46,67;6,78;0,015;0,0;0,00;0,044
1496;30.06.2023;11:44:38;00:24:55;250,0;48,9;23,0;22,3;25,1;31,4;34,8;0,0;4,27E-2;-541,2;20,00;22,0;21,9;46,68;6,78;0,014;0,0;0,01;0,044
1497;30.06.2023;11:44:39;00:24:56;250,0;47,9;22,9;22,2;25,1;28,5;34,3;0,0;4,27E-2;-541,2;20,00;22,0;22,1;46,68;6,78;0,018;0,0;0,00;0,044
1498;30.06.2023;11:44:40;00:24:57;250,0;47,9;22,9;22,2;25,1;27,1;34,1;0,0;4,27E-2;-541,2;20,00;22,0;22,1;46,68;6,78;0,018;0,0;0,00;0,044
1499;30.06.2023;11:44:41;00:24:58;250,0;47,0;22,9;22,2;25,1;24,1;33,6;0,0;4,27E-2;-541,2;20,00;22,0;22,0;46,68;6,78;0,014;0,0;0,00;0,044
1500;30.06.2023;11:44:42;00:24:59;250,0;47,0;22,9;22,2;25,1;21,0;33,1;0,0;4,27E-2;-541,2;20,00;22,0;22,0;46,68;6,78;0,017;0,0;0,00;0,044
1501;30.06.2023;11:44:43;00:25:00;250,0;46,1;22,8;22,1;25,1;20,0;0,0;0,0;4,26E-2;-541,2;20,00;3,0;22,0;46,68;6,78;0,016;0,0;0,00;0,044
