Nr.;Datum;Zeit;P.Zeit;AV Pyro top;AV Control TC;AV Piston TC Top;AV Piston TC Bot;AV Transformer T;SV Temperature  ;AV CZ Output;AV abs. pressure;Vacuum;AV rel. pressure;SV Rel. Pressure;SV Force        ;AV Force;AV Abs. Piston T;AV Rel. Piston T;AV Speed;Power;U RMS;I RMS
;;;;°C;°C;°C;°C;°C;°C    ;%;mbar(a;mbar(a;mbar(g;mbar(g;kN    ;kN;mm;mm;mm/min;kW;V;kA
1;03.07.2023;17:43:03;00:00:00;250,0;18,6;19,5;18,2;20,3;20,0;0,0;998,6;9,99E2;-4,6;20,00;3,0;2,9;38,56;0,01;0,000;0,0;0,00;0,049
2;03.07.2023;17:43:04;00:00:01;250,0;18,6;19,5;18,2;20,3;20,0;0,0;998,6;9,99E2;-4,6;20,00;3,0;2,9;38,56;0,01;0,002;0,0;0,00;0,049
3;03.07.2023;17:43:05;00:00:02;250,0;18,5;19,5;18,2;20,3;20,0;0,0;998,6;9,99E2;-4,6;20,00;3,0;3,0;38,56;0,01;0,002;0,0;0,01;0,049
4;03.07.2023;17:43:06;00:00:03;250,0;18,5;19,5;18,2;20,3;20,0;0,0;998,6;9,99E2;-4,6;20,00;3,0;3,0;38,56;0,01;0,002;0,0;0,01;0,049
5;03.07.2023;17:43:07;00:00:04;250,0;18,5;19,5;18,2;20,3;20,0;0,0;998,6;9,99E2;-4,6;20,00;3,0;3,0;38,56;0,01;0,003;0,0;0,00;0,049
6;03.07.2023;17:43:08;00:00:05;250,0;18,5;19,5;18,2;20,3;20,0;0,0;998,7;9,99E2;-4,6;20,00;3,0;3,0;38,56;0,01;0,002;0,0;0,01;0,049
7;03.07.2023;17:43:09;00:00:06;250,0;18,5;19,5;18,2;20,3;20,0;0,0;998,6;9,99E2;-4,6;20,00;3,0;2,9;38,56;0,01;0,004;0,0;0,00;0,049
8;03.07.2023;17:43:10;00:00:07;250,0;18,5;19,5;18,2;20,3;20,0;0,0;998,7;9,99E2;-4,6;20,00;3,0;3,0;38,56;0,01;0,005;0,0;0,00;0,049
9;03.07.2023;17:43:11;00:00:08;250,0;18,5;19,5;18,2;20,3;20,0;0,0;944,8;9,45E2;-55,7;20,00;3,0;3,0;38,56;0,01;0,002;0,0;0,00;0,049
10;03.07.2023;17:43:12;00:00:09;250,0;18,5;19,5;18,2;20,3;20,0;0,0;920,6;9,21E2;-79,2;20,00;3,0;3,0;38,56;0,01;0,002;0,0;0,01;0,049
11;03.07.2023;17:43:13;00:00:10;250,0;18,5;19,5;18,2;20,3;20,0;0,0;877,2;8,77E2;-124,6;20,00;3,0;3,0;38,56;0,01;0,003;0,0;0,00;0,049
12;03.07.2023;17:43:14;00:00:11;250,0;18,5;19,5;18,2;20,3;20,0;0,0;857,4;8,57E2;-143,4;20,00;3,0;3,0;38,56;0,01;0,000;0,0;0,01;0,049
13;03.07.2023;17:43:15;00:00:12;250,0;18,4;19,5;18,2;20,3;20,0;0,0;819,4;8,19E2;-182,3;20,00;3,0;2,9;38,56;0,01;0,000;0,0;0,01;0,049
14;03.07.2023;17:43:16;00:00:13;250,0;18,2;19,2;17,9;20,0;20,0;0,0;784,2;7,84E2;-216,0;20,00;3,0;3,0;38,56;0,01;0,005;0,0;0,01;0,049
15;03.07.2023;17:43:17;00:00:14;250,0;18,1;19,2;17,9;20,0;20,0;0,0;763,7;7,64E2;-237,5;20,00;3,0;3,0;38,57;0,01;0,019;0,0;0,00;0,049
16;03.07.2023;17:43:18;00:00:15;250,0;18,1;19,2;17,9;20,0;20,0;0,0;732,1;7,32E2;-268,2;20,00;3,0;3,0;38,57;0,01;0,037;0,0;0,00;0,049
17;03.07.2023;17:43:19;00:00:16;250,0;18,1;19,2;17,9;20,0;20,0;0,0;702,1;7,02E2;-299,6;20,00;3,0;3,0;38,57;0,02;0,058;0,0;0,01;0,049
18;03.07.2023;17:43:20;00:00:17;250,0;18,1;19,2;17,9;20,1;20,0;0,0;687,1;6,87E2;-313,6;20,00;3,0;3,0;38,57;0,01;0,064;0,0;0,01;0,049
19;03.07.2023;17:43:21;00:00:18;250,0;18,1;19,2;17,9;20,1;20,0;0,0;659,3;6,59E2;-342,5;20,00;3,0;3,0;38,57;0,02;0,063;0,0;0,01;0,049
20;03.07.2023;17:43:22;00:00:19;250,0;18,1;19,2;17,9;20,1;20,0;0,0;632,0;6,32E2;-367,8;20,00;3,0;3,0;38,57;0,02;0,052;0,0;0,00;0,049
21;03.07.2023;17:43:23;00:00:20;250,0;18,0;19,2;17,9;20,1;20,0;0,0;617,6;6,18E2;-384,0;20,00;3,0;3,0;38,57;0,02;0,052;0,0;0,01;0,049
22;03.07.2023;17:43:24;00:00:21;250,0;18,0;19,2;17,9;20,1;20,0;0,0;592,2;5,92E2;-407,5;20,00;3,0;3,0;38,57;0,02;0,049;0,0;0,00;0,049
23;03.07.2023;17:43:25;00:00:22;250,0;18,0;19,2;17,9;20,1;20,0;0,0;581,4;5,81E2;-420,6;20,00;3,0;3,0;38,57;0,02;0,046;0,0;0,01;0,049
24;03.07.2023;17:43:26;00:00:23;250,0;18,0;19,2;17,9;20,1;20,0;0,0;557,8;5,58E2;-442,5;20,00;3,0;3,0;38,57;0,02;0,037;0,0;0,00;0,049
25;03.07.2023;17:43:27;00:00:24;250,0;18,0;19,2;17,9;20,1;20,0;0,0;536,3;5,36E2;-465,1;20,00;3,0;2,9;38,57;0,02;0,036;0,0;0,00;0,049
26;03.07.2023;17:43:28;00:00:25;250,0;18,0;19,2;17,9;20,1;20,0;0,0;525,8;5,26E2;-475,1;20,00;3,0;3,0;38,57;0,02;0,034;0,0;0,01;0,049
27;03.07.2023;17:43:29;00:00:26;250,0;17,9;19,2;17,9;20,1;20,0;0,0;502,9;5,03E2;-497,8;20,00;3,0;3,0;38,57;0,02;0,032;0,0;0,01;0,049
28;03.07.2023;17:43:30;00:00:27;250,0;17,9;19,2;17,9;20,1;20,0;0,0;483,7;4,84E2;-517,9;20,00;3,0;3,0;38,57;0,02;0,029;0,0;0,00;0,049
29;03.07.2023;17:43:31;00:00:28;250,0;17,9;19,2;17,8;20,1;20,0;0,0;474,3;4,74E2;-527,0;20,00;3,0;3,0;38,57;0,02;0,028;0,0;0,00;0,049
30;03.07.2023;17:43:32;00:00:29;250,0;17,9;19,2;17,8;20,1;20,0;0,0;456,1;4,56E2;-541,2;20,00;3,0;3,0;38,58;0,02;0,028;0,0;0,00;0,049
31;03.07.2023;17:43:33;00:00:30;250,0;17,9;19,2;17,8;20,1;20,0;0,0;438,5;4,38E2;-541,2;20,00;3,0;3,0;38,58;0,02;0,028;0,0;0,00;0,049
32;03.07.2023;17:43:34;00:00:31;250,0;17,9;19,2;17,8;20,1;20,0;0,0;429,7;4,30E2;-541,2;20,00;3,0;3,0;38,58;0,02;0,029;0,0;0,00;0,049
33;03.07.2023;17:43:35;00:00:32;250,0;17,9;19,2;17,8;20,2;20,0;0,0;411,7;4,12E2;-541,2;20,00;3,0;3,0;38,58;0,02;0,031;0,0;0,00;0,049
34;03.07.2023;17:43:36;00:00:33;250,0;17,7;19,0;17,7;20,0;20,0;0,0;396,1;3,96E2;-541,2;20,00;3,0;3,0;38,58;0,02;0,026;0,0;0,00;0,049
35;03.07.2023;17:43:37;00:00:34;250,0;17,7;19,0;17,7;20,0;20,0;0,0;388,1;3,88E2;-541,2;20,00;3,0;3,0;38,58;0,02;0,025;0,0;0,00;0,049
36;03.07.2023;17:43:38;00:00:35;250,0;17,7;19,0;17,7;20,0;20,0;0,0;373,1;3,73E2;-541,2;20,00;3,0;3,0;38,58;0,02;0,025;0,0;0,00;0,049
37;03.07.2023;17:43:39;00:00:36;250,0;17,7;19,0;17,6;20,0;20,0;0,0;365,9;3,66E2;-541,2;20,00;3,0;3,0;38,58;0,02;0,026;0,0;0,00;0,049
38;03.07.2023;17:43:40;00:00:37;250,0;17,7;19,0;17,6;20,1;20,0;0,0;352,0;3,52E2;-541,2;20,00;3,0;3,0;38,58;0,02;0,025;0,0;0,00;0,049
39;03.07.2023;17:43:41;00:00:38;250,0;17,7;19,0;17,6;20,1;20,0;0,0;337,1;3,37E2;-541,2;20,00;3,0;3,0;38,58;0,02;0,022;0,0;0,01;0,049
40;03.07.2023;17:43:42;00:00:39;250,0;17,7;19,0;17,6;20,1;20,0;0,0;330,9;3,31E2;-541,2;20,00;3,0;3,0;38,58;0,03;0,018;0,0;0,01;0,049
41;03.07.2023;17:43:43;00:00:40;250,0;17,7;19,0;17,6;20,1;20,0;0,0;317,9;3,18E2;-541,2;20,00;3,0;3,0;38,58;0,03;0,019;0,0;0,01;0,049
42;03.07.2023;17:43:44;00:00:41;250,0;17,7;19,0;17,6;20,1;20,0;0,0;305,8;3,06E2;-541,2;20,00;3,0;3,0;38,58;0,03;0,019;0,0;0,01;0,049
43;03.07.2023;17:43:45;00:00:42;250,0;17,7;19,0;17,6;20,1;20,0;0,0;300,1;3,00E2;-541,2;20,00;3,0;3,0;38,58;0,03;0,021;0,0;0,01;0,049
44;03.07.2023;17:43:46;00:00:43;250,0;17,7;19,0;17,6;20,1;20,0;0,0;288,6;2,89E2;-541,2;20,00;3,0;3,0;38,58;0,03;0,020;0,0;0,00;0,049
45;03.07.2023;17:43:47;00:00:44;250,0;17,7;19,0;17,6;20,1;20,0;0,0;276,6;2,77E2;-541,2;20,00;3,0;3,0;38,58;0,03;0,017;0,0;0,01;0,049
46;03.07.2023;17:43:48;00:00:45;250,0;17,7;19,1;17,6;20,1;20,0;0,0;271,2;2,71E2;-541,2;20,00;3,0;3,0;38,58;0,03;0,018;0,0;0,00;0,049
47;03.07.2023;17:43:49;00:00:46;250,0;17,7;19,1;17,6;20,1;20,0;0,0;261,1;2,61E2;-541,2;20,00;3,0;3,0;38,58;0,03;0,015;0,0;0,00;0,049
48;03.07.2023;17:43:50;00:00:47;250,0;17,7;19,0;17,5;20,1;20,0;0,0;251,0;2,51E2;-541,2;20,00;3,0;3,0;38,58;0,03;0,021;0,0;0,00;0,049
49;03.07.2023;17:43:51;00:00:48;250,0;17,6;19,0;17,5;20,1;20,0;0,0;246,3;2,46E2;-541,2;20,00;3,0;3,0;38,58;0,03;0,020;0,0;0,00;0,049
50;03.07.2023;17:43:52;00:00:49;250,0;17,6;19,0;17,5;20,1;20,0;0,0;237,0;2,37E2;-541,2;20,00;3,0;3,0;38,58;0,03;0,021;0,0;0,00;0,049
51;03.07.2023;17:43:53;00:00:50;250,0;17,6;19,0;17,5;20,1;20,0;0,0;232,7;2,33E2;-541,2;20,00;3,0;3,0;38,58;0,03;0,019;0,0;0,00;0,049
52;03.07.2023;17:43:54;00:00:51;250,0;17,6;19,0;17,5;20,2;20,0;0,0;223,0;2,23E2;-541,2;20,00;3,0;3,0;38,58;0,03;0,018;0,0;0,00;0,049
53;03.07.2023;17:43:55;00:00:52;250,0;17,6;19,0;17,5;20,2;20,0;0,0;214,6;2,15E2;-541,2;20,00;3,0;3,0;38,58;0,03;0,016;0,0;0,00;0,049
54;03.07.2023;17:43:56;00:00:53;250,0;17,6;18,8;17,5;20,0;20,0;0,0;210,3;2,10E2;-541,2;20,00;3,0;3,0;38,58;0,03;0,013;0,0;0,01;0,049
55;03.07.2023;17:43:57;00:00:54;250,0;17,4;18,8;17,3;20,0;20,0;0,0;202,4;2,02E2;-541,2;20,00;3,0;3,0;38,58;0,03;0,013;0,0;0,01;0,049
56;03.07.2023;17:43:58;00:00:55;250,0;17,4;18,8;17,3;20,0;20,0;0,0;194,7;1,95E2;-541,2;20,00;3,0;3,0;38,58;0,03;0,016;0,0;0,00;0,049
57;03.07.2023;17:43:59;00:00:56;250,0;17,4;18,8;17,3;20,0;20,0;0,0;191,0;1,91E2;-541,2;20,00;3,0;3,1;38,58;0,03;0,015;0,0;0,00;0,049
58;03.07.2023;17:44:00;00:00:57;250,0;17,4;18,8;17,3;20,0;20,0;0,0;183,0;1,83E2;-541,2;20,00;3,0;3,0;38,58;0,03;0,015;0,0;0,01;0,049
59;03.07.2023;17:44:01;00:00:58;250,0;17,4;18,8;17,3;20,0;20,0;0,0;176,1;1,76E2;-541,2;20,00;3,0;3,0;38,58;0,03;0,010;0,0;0,01;0,049
60;03.07.2023;17:44:02;00:00:59;250,0;17,4;18,8;17,3;20,0;20,0;0,0;172,9;1,73E2;-541,2;20,00;3,0;3,0;38,58;0,03;0,010;0,0;0,01;0,049
61;03.07.2023;17:44:03;00:01:00;250,0;17,4;18,8;17,3;20,0;20,0;0,0;161,1;1,61E2;-541,2;20,00;3,0;3,0;38,58;0,03;0,012;0,0;0,00;0,049
62;03.07.2023;17:44:04;00:01:01;250,0;17,4;18,8;17,3;20,0;20,0;0,0;154,4;1,54E2;-541,2;20,00;3,0;3,0;38,58;0,03;0,012;0,0;0,00;0,049
63;03.07.2023;17:44:05;00:01:02;250,0;17,4;18,8;17,3;20,0;20,0;0,0;142,4;1,42E2;-541,2;20,00;3,0;3,1;38,59;0,03;0,016;0,0;0,00;0,049
64;03.07.2023;17:44:06;00:01:03;250,0;17,4;18,8;17,3;20,0;20,0;0,0;130,7;1,31E2;-541,2;20,00;3,0;3,0;38,59;0,03;0,017;0,0;0,01;0,049
65;03.07.2023;17:44:07;00:01:04;250,0;17,4;18,8;17,3;20,0;20,0;0,0;125,9;1,26E2;-541,2;20,00;3,0;3,0;38,59;0,03;0,018;0,0;0,00;0,049
66;03.07.2023;17:44:08;00:01:05;250,0;17,4;18,8;17,3;20,1;20,0;0,0;116,7;1,17E2;-541,2;20,00;3,0;3,0;38,59;0,03;0,016;0,0;0,00;0,049
67;03.07.2023;17:44:09;00:01:06;250,0;17,4;18,8;17,3;20,1;20,0;0,0;108,3;1,08E2;-541,2;20,00;3,0;3,0;38,59;0,03;0,012;0,0;0,01;0,049
68;03.07.2023;17:44:10;00:01:07;250,0;17,4;18,8;17,3;20,1;20,0;0,0;104,3;1,04E2;-541,2;20,00;3,0;3,0;38,59;0,03;0,014;0,0;0,01;0,049
69;03.07.2023;17:44:11;00:01:08;250,0;17,4;18,9;17,3;20,1;20,0;0,0;96,8;9,68E1;-541,2;20,00;3,0;3,0;38,59;0,03;0,013;0,0;0,01;0,049
70;03.07.2023;17:44:12;00:01:09;250,0;17,4;18,9;17,3;20,1;20,0;0,0;89,2;8,92E1;-541,2;20,00;3,0;3,0;38,59;0,03;0,017;0,0;0,00;0,049
71;03.07.2023;17:44:13;00:01:10;250,0;17,4;18,9;17,3;20,1;20,0;0,0;86,0;8,60E1;-541,2;20,00;3,0;3,0;38,59;0,03;0,020;0,0;0,00;0,049
72;03.07.2023;17:44:14;00:01:11;250,0;17,4;18,9;17,3;20,1;20,0;0,0;80,0;8,00E1;-541,2;20,00;3,0;3,0;38,59;0,03;0,022;0,0;0,00;0,049
73;03.07.2023;17:44:15;00:01:12;250,0;17,4;18,9;17,3;20,1;20,0;0,0;74,3;7,43E1;-541,2;20,00;3,0;3,1;38,59;0,03;0,018;0,0;0,00;0,049
74;03.07.2023;17:44:16;00:01:13;250,0;17,4;18,7;17,1;20,1;20,0;0,0;71,7;7,17E1;-541,2;20,00;3,0;3,0;38,59;0,03;0,014;0,0;0,00;0,049
75;03.07.2023;17:44:17;00:01:14;250,0;17,3;18,7;17,1;20,0;20,0;0,0;66,4;6,64E1;-541,2;20,00;3,0;3,0;38,59;0,04;0,015;0,0;0,00;0,049
76;03.07.2023;17:44:18;00:01:15;250,0;17,3;18,7;17,1;20,0;20,0;0,0;63,8;6,38E1;-541,2;20,00;3,0;3,0;38,59;0,03;0,017;0,0;0,00;0,049
77;03.07.2023;17:44:19;00:01:16;250,0;17,3;18,7;17,1;20,0;20,0;0,0;58,3;5,83E1;-541,2;20,00;3,0;3,0;38,59;0,04;0,013;0,0;0,00;0,049
78;03.07.2023;17:44:20;00:01:17;250,0;17,3;18,7;17,1;20,0;20,0;0,0;54,2;5,42E1;-541,2;20,00;3,0;2,9;38,59;0,04;0,018;0,0;0,01;0,049
79;03.07.2023;17:44:21;00:01:18;250,0;17,3;18,7;17,1;20,0;20,0;0,0;52,3;5,23E1;-541,2;20,00;3,0;3,0;38,59;0,04;0,019;0,0;0,00;0,049
80;03.07.2023;17:44:22;00:01:19;250,0;17,3;18,7;17,1;20,0;20,0;0,0;48,5;4,85E1;-541,2;20,00;3,0;3,0;38,59;0,04;0,015;0,0;0,00;0,049
81;03.07.2023;17:44:23;00:01:20;250,0;17,3;18,7;17,2;20,0;20,0;0,0;45,0;4,50E1;-541,2;20,00;3,0;3,0;38,59;0,04;0,010;0,0;0,00;0,049
82;03.07.2023;17:44:24;00:01:21;250,0;17,3;18,7;17,2;20,0;20,0;0,0;43,4;4,34E1;-541,2;20,00;3,0;3,0;38,59;0,04;0,009;0,0;0,00;0,049
83;03.07.2023;17:44:25;00:01:22;250,0;17,3;18,7;17,2;20,0;20,0;0,0;40,1;4,01E1;-541,2;20,00;3,0;3,0;38,59;0,04;0,007;0,0;0,01;0,049
84;03.07.2023;17:44:26;00:01:23;250,0;17,3;18,7;17,2;20,0;20,0;0,0;37,0;3,70E1;-541,2;20,00;3,0;3,0;38,59;0,04;0,005;0,0;0,01;0,049
85;03.07.2023;17:44:27;00:01:24;250,0;17,3;18,7;17,2;20,0;20,0;0,0;35,6;3,56E1;-541,2;20,00;3,0;3,0;38,59;0,04;0,005;0,0;0,00;0,049
86;03.07.2023;17:44:28;00:01:25;250,0;17,3;18,7;17,2;20,0;20,0;0,0;33,1;3,31E1;-541,2;20,00;3,0;3,0;38,59;0,04;0,007;0,0;0,00;0,049
87;03.07.2023;17:44:29;00:01:26;250,0;17,3;18,7;17,2;20,0;20,0;0,0;30,7;3,07E1;-541,2;20,00;3,0;3,0;38,59;0,04;0,005;0,0;0,00;0,049
88;03.07.2023;17:44:30;00:01:27;250,0;17,3;18,7;17,2;20,0;20,0;0,0;29,4;2,94E1;-541,2;20,00;3,0;3,1;38,59;0,03;0,005;0,0;0,01;0,049
89;03.07.2023;17:44:31;00:01:28;250,0;17,3;18,7;17,2;20,0;20,0;0,0;27,4;2,74E1;-541,2;20,00;3,0;3,0;38,59;0,04;0,006;0,0;0,01;0,049
90;03.07.2023;17:44:32;00:01:29;250,0;17,3;18,7;17,2;20,0;20,0;0,0;26,4;2,64E1;-541,2;20,00;3,0;3,0;38,59;0,04;0,006;0,0;0,01;0,049
91;03.07.2023;17:44:33;00:01:30;250,0;17,3;18,7;17,2;20,1;20,0;0,0;24,3;2,43E1;-541,2;20,00;3,0;2,9;38,59;0,04;0,003;0,0;0,01;0,049
92;03.07.2023;17:44:34;00:01:31;250,0;17,3;18,7;17,2;20,1;20,0;0,0;22,4;2,24E1;-541,2;20,00;3,0;3,0;38,59;0,04;0,006;0,0;0,00;0,049
93;03.07.2023;17:44:35;00:01:32;250,0;17,3;18,7;17,2;20,1;20,0;0,0;21,3;2,13E1;-541,2;20,00;3,0;3,0;38,59;0,04;0,007;0,0;0,01;0,049
94;03.07.2023;17:44:36;00:01:33;250,0;17,3;18,6;17,1;20,1;20,0;0,0;20,1;2,01E1;-541,2;20,00;3,0;3,0;38,59;0,04;0,006;0,0;0,00;0,049
95;03.07.2023;17:44:37;00:01:34;250,0;17,3;18,6;17,1;20,0;20,0;0,0;18,5;1,85E1;-541,2;20,00;3,0;3,0;38,59;0,04;0,006;0,0;0,00;0,049
96;03.07.2023;17:44:38;00:01:35;250,0;17,3;18,6;17,1;20,0;20,0;0,0;18,0;1,80E1;-541,2;20,00;3,0;3,0;38,59;0,04;0,006;0,0;0,00;0,049
97;03.07.2023;17:44:39;00:01:36;250,0;17,3;18,6;17,2;20,0;20,0;0,0;16,6;1,66E1;-541,2;20,00;3,0;3,0;38,59;0,04;0,003;0,0;0,01;0,049
98;03.07.2023;17:44:40;00:01:37;250,0;17,3;18,7;17,2;20,0;20,0;0,0;15,3;1,53E1;-541,2;20,00;3,0;2,9;38,59;0,04;0,001;0,0;0,00;0,049
99;03.07.2023;17:44:41;00:01:38;250,0;17,3;18,7;17,2;20,0;20,0;0,0;14,6;1,46E1;-541,2;20,00;3,0;2,9;38,59;0,04;0,001;0,0;0,00;0,049
100;03.07.2023;17:44:42;00:01:39;250,0;17,3;18,7;17,2;20,0;20,0;0,0;13,9;1,39E1;-541,2;20,00;3,0;3,0;38,59;0,04;0,004;0,0;0,01;0,049
101;03.07.2023;17:44:43;00:01:40;250,0;17,3;18,7;17,2;20,0;20,0;0,0;13,4;1,34E1;-541,2;20,00;3,0;3,0;38,59;0,04;0,002;0,0;0,00;0,049
102;03.07.2023;17:44:44;00:01:41;250,0;17,3;18,7;17,2;20,0;20,0;0,0;12,3;1,23E1;-541,2;20,00;3,0;3,0;38,59;0,04;0,002;0,0;0,00;0,049
103;03.07.2023;17:44:45;00:01:42;250,0;17,3;18,7;17,2;20,0;20,0;0,0;11,6;1,16E1;-541,2;20,00;3,0;2,9;38,59;0,04;-0,002;0,0;0,01;0,049
104;03.07.2023;17:44:46;00:01:43;250,0;17,3;18,7;17,2;20,0;20,0;0,0;11,1;1,11E1;-541,2;20,00;3,0;3,0;38,59;0,04;0,000;0,0;0,01;0,049
105;03.07.2023;17:44:47;00:01:44;250,0;17,3;18,7;17,2;20,1;20,0;0,0;10,1;1,01E1;-541,2;20,00;3,0;3,0;38,59;0,04;0,001;0,0;0,00;0,049
106;03.07.2023;17:44:48;00:01:45;250,0;17,3;18,7;17,2;20,1;20,0;0,0;9,3;9,34E0;-541,2;20,00;3,0;3,0;38,59;0,04;0,001;0,0;0,01;0,049
107;03.07.2023;17:44:49;00:01:46;250,0;17,3;18,7;17,2;20,1;20,0;0,0;8,7;8,71E0;-541,2;20,00;3,0;3,0;38,59;0,04;0,001;0,0;0,01;0,049
108;03.07.2023;17:44:50;00:01:47;250,0;17,3;18,7;17,2;20,1;20,0;0,0;7,8;7,80E0;-541,2;20,00;3,0;3,0;38,59;0,04;0,005;0,0;0,01;0,049
109;03.07.2023;17:44:51;00:01:48;250,0;17,3;18,7;17,2;20,1;20,0;0,0;7,0;7,02E0;-541,2;20,00;3,0;3,0;38,59;0,04;0,003;0,0;0,01;0,049
110;03.07.2023;17:44:52;00:01:49;250,0;17,3;18,7;17,2;20,1;20,0;0,0;6,7;6,71E0;-541,2;20,00;3,0;3,0;38,59;0,04;0,005;0,0;0,00;0,049
111;03.07.2023;17:44:53;00:01:50;250,0;17,3;18,7;17,2;20,1;20,0;0,0;6,0;6,02E0;-541,2;20,00;3,0;3,0;38,59;0,04;0,005;0,0;0,01;0,049
112;03.07.2023;17:44:54;00:01:51;250,0;17,3;18,7;17,2;20,1;20,0;0,0;5,7;5,68E0;-541,2;20,00;3,0;3,0;38,59;0,04;0,004;0,0;0,00;0,049
113;03.07.2023;17:44:55;00:01:52;250,0;17,3;18,7;17,2;20,1;20,0;0,0;5,2;5,23E0;-541,2;20,00;3,0;3,0;38,59;0,04;0,000;0,0;0,01;0,049
114;03.07.2023;17:44:56;00:01:53;250,0;17,2;18,6;17,1;20,0;20,0;0,0;4,7;4,74E0;-541,2;20,00;3,0;3,0;38,59;0,04;0,002;0,0;0,00;0,049
115;03.07.2023;17:44:57;00:01:54;250,0;17,2;18,6;17,2;20,0;20,0;0,0;4,6;4,57E0;-541,2;20,00;3,0;3,0;38,59;0,04;0,002;0,0;0,01;0,049
116;03.07.2023;17:44:58;00:01:55;250,0;17,2;18,6;17,2;20,0;20,0;0,0;4,3;4,26E0;-541,2;20,00;3,0;3,0;38,59;0,04;0,003;0,0;0,00;0,049
117;03.07.2023;17:44:59;00:01:56;250,0;17,2;18,6;17,2;20,0;20,0;0,0;3,9;3,91E0;-541,2;20,00;3,0;3,1;38,59;0,04;0,004;0,0;0,01;0,049
118;03.07.2023;17:45:00;00:01:57;250,0;17,2;18,6;17,2;20,0;20,0;0,0;3,7;3,70E0;-541,2;20,00;3,0;3,0;38,59;0,04;0,002;0,0;0,00;0,049
119;03.07.2023;17:45:01;00:01:58;250,0;17,2;18,6;17,2;20,0;20,0;0,0;3,3;3,28E0;-541,2;20,00;3,0;2,9;38,59;0,04;0,002;0,0;0,00;0,049
120;03.07.2023;17:45:02;00:01:59;250,0;17,2;18,6;17,2;20,0;20,0;0,0;3,0;3,04E0;-541,2;20,00;3,0;3,0;38,59;0,04;0,004;0,0;0,01;0,049
121;03.07.2023;17:45:03;00:02:00;250,0;17,2;18,6;17,2;20,0;20,0;0,0;2,9;2,94E0;-541,2;20,00;3,0;3,0;38,59;0,04;0,001;0,0;0,00;0,049
122;03.07.2023;17:45:04;00:02:01;250,0;17,2;18,6;17,2;20,0;20,0;0,0;2,8;2,76E0;-541,2;20,00;3,0;3,1;38,59;0,04;0,001;0,0;0,01;0,049
123;03.07.2023;17:45:05;00:02:02;250,0;17,3;18,6;17,2;20,0;20,0;0,0;2,6;2,58E0;-541,2;20,00;3,0;3,0;38,59;0,04;-0,002;0,0;0,01;0,049
124;03.07.2023;17:45:06;00:02:03;250,0;17,3;18,6;17,2;20,0;20,0;0,0;2,5;2,54E0;-541,2;20,00;3,0;3,0;38,59;0,04;0,002;0,0;0,01;0,049
125;03.07.2023;17:45:07;00:02:04;250,0;17,3;18,6;17,2;20,1;20,0;0,0;2,3;2,30E0;-541,2;20,00;3,0;3,0;38,59;0,04;0,001;0,0;0,00;0,049
126;03.07.2023;17:45:08;00:02:05;250,0;17,3;18,6;17,2;20,1;20,0;0,0;2,1;2,09E0;-541,2;20,00;3,0;3,0;38,59;0,04;0,001;0,0;0,00;0,049
127;03.07.2023;17:45:09;00:02:06;250,0;17,3;18,6;17,2;20,1;20,0;0,0;2,0;2,02E0;-541,2;20,00;3,0;3,0;38,59;0,04;0,001;0,0;0,01;0,049
128;03.07.2023;17:45:10;00:02:07;250,0;17,3;18,6;17,2;20,1;20,0;0,0;1,9;1,88E0;-541,2;20,00;3,0;3,0;38,59;0,04;0,002;0,0;0,00;0,049
129;03.07.2023;17:45:11;00:02:08;250,0;17,3;18,6;17,3;20,1;20,0;0,0;1,8;1,82E0;-541,2;20,00;3,0;3,0;38,59;0,04;0,003;0,0;0,00;0,049
130;03.07.2023;17:45:12;00:02:09;250,0;17,3;18,6;17,3;20,1;20,0;0,0;1,7;1,73E0;-541,2;20,00;3,0;3,0;38,59;0,04;0,003;0,0;0,00;0,049
131;03.07.2023;17:45:13;00:02:10;250,0;17,3;18,6;17,3;20,1;20,0;0,0;1,6;1,64E0;-541,2;20,00;3,0;3,0;38,59;0,04;0,003;0,0;0,00;0,049
132;03.07.2023;17:45:14;00:02:11;250,0;17,3;18,6;17,3;20,1;20,0;0,0;1,6;1,59E0;-541,2;20,00;3,0;3,0;38,59;0,04;0,004;0,0;0,01;0,049
133;03.07.2023;17:45:15;00:02:12;250,0;17,3;18,6;17,3;20,1;20,0;0,0;1,5;1,51E0;-541,2;20,00;3,0;3,0;38,59;0,04;0,004;0,0;0,00;0,049
134;03.07.2023;17:45:16;00:02:13;250,0;17,2;18,5;17,2;20,0;20,0;0,0;1,4;1,45E0;-541,2;20,00;3,0;3,0;38,59;0,04;0,003;0,0;0,00;0,049
135;03.07.2023;17:45:17;00:02:14;250,0;17,2;18,5;17,2;20,0;20,0;0,0;1,4;1,39E0;-541,2;20,00;3,0;3,0;38,59;0,04;0,002;0,0;0,00;0,049
136;03.07.2023;17:45:18;00:02:15;250,0;17,2;18,5;17,2;20,0;20,0;0,0;1,3;1,32E0;-541,2;20,00;3,0;3,0;38,59;0,04;0,002;0,0;0,00;0,049
137;03.07.2023;17:45:19;00:02:16;250,0;17,2;18,5;17,2;20,0;20,0;0,0;1,2;1,24E0;-541,2;20,00;3,0;3,0;38,59;0,04;0,003;0,0;0,01;0,049
138;03.07.2023;17:45:20;00:02:17;250,0;17,2;18,5;17,2;20,0;20,0;0,0;1,2;1,22E0;-541,2;20,00;3,0;3,0;38,59;0,04;0,002;0,0;0,01;0,049
139;03.07.2023;17:45:21;00:02:18;250,0;17,2;18,5;17,2;20,0;20,0;0,0;1,2;1,16E0;-541,2;20,00;3,0;3,0;38,59;0,04;0,000;0,0;0,01;0,049
140;03.07.2023;17:45:22;00:02:19;250,0;17,2;18,5;17,2;20,0;20,0;0,0;1,1;1,13E0;-541,2;20,00;3,0;3,0;38,59;0,04;-0,003;0,0;0,01;0,049
141;03.07.2023;17:45:23;00:02:20;250,0;17,2;18,5;17,2;20,0;20,0;0,0;1,1;1,09E0;-541,2;20,00;3,0;3,0;38,59;0,04;-0,002;0,0;0,00;0,049
142;03.07.2023;17:45:24;00:02:21;250,0;17,2;18,5;17,2;20,0;20,0;0,0;1,0;9,84E-1;-541,2;20,00;3,0;3,0;38,59;0,04;-0,001;0,0;0,00;0,049
143;03.07.2023;17:45:25;00:02:22;250,0;17,2;18,5;17,2;20,0;20,0;0,0;1,0;9,67E-1;-541,2;20,00;3,0;3,0;38,59;0,04;0,001;0,0;0,00;0,049
144;03.07.2023;17:45:26;00:02:23;250,0;17,2;18,5;17,2;20,0;20,0;0,0;0,9;9,27E-1;-541,2;20,00;3,0;2,9;38,59;0,04;-0,002;0,0;0,00;0,049
145;03.07.2023;17:45:27;00:02:24;250,0;17,2;18,5;17,2;20,0;20,0;0,0;0,9;8,93E-1;-541,2;20,00;3,0;2,9;38,59;0,04;0,000;0,0;0,01;0,052
146;03.07.2023;17:45:28;00:02:25;250,0;17,2;18,5;17,2;20,0;20,0;0,0;0,9;8,76E-1;-541,2;20,00;3,0;3,0;38,59;0,04;0,001;0,0;0,01;0,049
147;03.07.2023;17:45:29;00:02:26;250,0;17,3;18,5;17,2;20,0;20,0;0,0;0,8;8,42E-1;-541,2;20,00;3,0;3,0;38,59;0,04;0,001;0,0;0,00;0,049
148;03.07.2023;17:45:30;00:02:27;250,0;17,3;18,5;17,2;20,0;20,0;0,0;0,8;8,10E-1;-541,2;20,00;3,0;3,0;38,59;0,04;0,002;0,0;0,00;0,049
149;03.07.2023;17:45:31;00:02:28;250,0;17,3;18,5;17,2;20,0;20,0;0,0;0,8;7,93E-1;-541,2;20,00;3,0;3,0;38,59;0,04;0,003;0,0;0,01;0,049
150;03.07.2023;17:45:32;00:02:29;250,0;17,3;18,5;17,3;20,0;20,0;0,0;0,8;7,65E-1;-541,2;20,00;3,0;3,0;38,59;0,04;-0,001;0,0;0,00;0,049
151;03.07.2023;17:45:33;00:02:30;250,0;17,3;18,5;17,3;20,0;20,0;0,0;0,7;7,41E-1;-541,2;20,00;3,0;3,0;38,59;0,04;0,001;0,0;0,01;0,049
152;03.07.2023;17:45:34;00:02:31;250,0;17,3;18,5;17,3;20,0;20,0;0,0;0,7;7,29E-1;-541,2;20,00;3,0;3,0;38,59;0,04;0,000;0,0;0,01;0,049
153;03.07.2023;17:45:35;00:02:32;250,0;17,3;18,5;17,3;20,0;20,0;0,0;0,7;7,06E-1;-541,2;20,00;3,0;3,0;38,59;0,04;0,002;0,0;0,01;0,049
154;03.07.2023;17:45:36;00:02:33;250,0;17,3;18,5;17,3;20,0;20,0;0,0;0,7;6,95E-1;-541,2;20,00;3,0;3,0;38,59;0,04;0,004;0,0;0,00;0,049
155;03.07.2023;17:45:37;00:02:34;250,0;17,3;18,5;17,3;20,0;20,0;0,0;0,7;6,72E-1;-541,2;20,00;3,0;3,0;38,59;0,04;0,003;0,0;0,01;0,049
156;03.07.2023;17:45:38;00:02:35;250,0;17,3;18,5;17,3;20,1;20,0;0,0;0,6;6,48E-1;-541,2;20,00;3,0;3,0;38,59;0,04;0,003;0,0;0,00;0,049
157;03.07.2023;17:45:39;00:02:36;250,0;17,3;18,5;17,3;20,1;20,0;0,0;0,6;6,37E-1;-541,2;20,00;3,0;3,0;38,59;0,04;0,004;0,0;0,00;0,049
158;03.07.2023;17:45:40;00:02:37;250,0;17,3;18,5;17,3;20,1;20,0;0,0;0,6;6,15E-1;-541,2;20,00;3,0;3,0;38,59;0,04;0,002;0,0;0,01;0,049
159;03.07.2023;17:45:41;00:02:38;250,0;17,3;18,5;17,3;20,1;20,0;0,0;0,6;5,94E-1;-541,2;20,00;3,0;3,0;38,59;0,04;0,004;0,0;0,00;0,049
160;03.07.2023;17:45:42;00:02:39;250,0;17,3;18,5;17,3;20,1;20,0;0,0;0,6;5,83E-1;-541,2;20,00;3,0;3,0;38,59;0,04;0,001;0,0;0,01;0,049
161;03.07.2023;17:45:43;00:02:40;250,0;17,3;18,5;17,3;20,1;20,0;0,0;0,6;5,63E-1;-541,2;20,00;3,0;3,0;38,59;0,04;0,002;0,0;0,00;0,049
162;03.07.2023;17:45:44;00:02:41;250,0;17,3;18,5;17,3;20,1;20,0;0,0;0,5;5,40E-1;-541,2;20,00;3,0;3,0;38,59;0,04;0,000;0,0;0,01;0,049
163;03.07.2023;17:45:45;00:02:42;250,0;17,3;18,5;17,3;20,1;20,0;0,0;0,5;5,31E-1;-541,2;20,00;3,0;3,0;38,59;0,04;0,001;0,0;0,00;0,049
164;03.07.2023;17:45:46;00:02:43;250,0;17,3;18,5;17,3;20,1;20,0;0,0;0,5;5,17E-1;-541,2;20,00;3,0;3,1;38,59;0,04;0,006;0,0;0,00;0,049
165;03.07.2023;17:45:47;00:02:44;250,0;17,3;18,5;17,3;20,1;20,0;0,0;0,5;5,01E-1;-541,2;20,00;3,0;3,0;38,59;0,04;0,004;0,0;0,00;0,049
166;03.07.2023;17:45:48;00:02:45;250,0;17,3;18,5;17,3;20,1;20,0;0,0;0,5;4,94E-1;-541,2;20,00;3,0;3,0;38,59;0,04;0,005;0,0;0,00;0,049
167;03.07.2023;17:45:49;00:02:46;250,0;17,3;18,5;17,3;20,1;20,0;0,0;0,5;4,79E-1;-541,2;20,00;3,0;3,1;38,59;0,04;0,002;0,0;0,00;0,049
168;03.07.2023;17:45:50;00:02:47;250,0;17,3;18,5;17,3;20,1;20,0;0,0;0,5;4,71E-1;-541,2;20,00;3,0;3,1;38,59;0,04;0,002;0,0;0,00;0,049
169;03.07.2023;17:45:51;00:02:48;250,0;17,4;18,5;17,3;20,1;20,0;0,0;0,5;4,57E-1;-541,2;20,00;3,0;3,0;38,59;0,04;0,001;0,0;0,01;0,049
170;03.07.2023;17:45:52;00:02:49;250,0;17,4;18,6;17,3;20,1;20,0;0,0;0,4;4,43E-1;-541,2;20,00;3,0;3,0;38,59;0,04;-0,002;0,0;0,00;0,049
171;03.07.2023;17:45:53;00:02:50;250,0;17,4;18,6;17,3;20,1;20,0;0,0;0,4;4,37E-1;-541,2;20,00;3,0;3,0;38,59;0,04;-0,002;0,0;0,00;0,049
172;03.07.2023;17:45:54;00:02:51;250,0;17,4;18,6;17,3;20,1;20,0;0,0;0,4;4,24E-1;-541,2;20,00;3,0;3,0;38,59;0,04;0,002;0,0;0,01;0,049
173;03.07.2023;17:45:55;00:02:52;250,0;17,4;18,6;17,4;20,2;20,5;0,2;0,4;4,11E-1;-541,2;20,00;3,0;3,0;38,59;0,04;-0,003;0,0;0,01;0,049
174;03.07.2023;17:45:56;00:02:53;250,0;17,4;18,4;17,4;20,2;21,3;0,3;0,4;4,03E-1;-541,2;20,00;3,0;3,0;38,59;0,04;0,001;0,0;0,00;0,049
175;03.07.2023;17:45:57;00:02:54;250,0;17,3;18,4;17,2;20,0;22,7;0,5;0,4;3,92E-1;-541,2;20,00;3,0;3,0;38,59;0,04;-0,002;0,0;0,00;0,049
176;03.07.2023;17:45:58;00:02:55;250,0;17,3;18,4;17,2;20,0;24,1;0,6;0,4;3,80E-1;-541,2;20,00;3,0;3,0;38,59;0,04;-0,001;0,0;0,00;0,049
177;03.07.2023;17:45:59;00:02:56;250,0;17,3;18,4;17,2;20,0;24,8;0,7;0,4;3,74E-1;-541,2;20,00;3,0;3,0;38,59;0,04;-0,003;0,0;0,00;0,049
178;03.07.2023;17:46:00;00:02:57;250,0;17,3;18,4;17,2;20,1;26,2;0,8;0,4;3,63E-1;-541,2;20,00;3,0;3,0;38,59;0,04;-0,003;0,0;0,01;0,049
179;03.07.2023;17:46:01;00:02:58;250,0;17,3;18,4;17,2;20,1;26,9;0,9;0,4;3,58E-1;-541,2;20,00;3,0;3,1;38,59;0,04;0,002;0,0;0,01;0,049
180;03.07.2023;17:46:02;00:02:59;250,0;17,3;18,4;17,3;20,1;28,4;1,0;0,3;3,49E-1;-541,2;20,00;3,0;3,0;38,59;0,04;0,003;0,0;0,00;0,049
181;03.07.2023;17:46:03;00:03:00;250,0;17,3;18,4;17,3;20,1;29,8;1,1;0,3;3,40E-1;-541,2;20,00;3,0;3,0;38,59;0,04;0,003;0,0;0,00;0,049
182;03.07.2023;17:46:04;00:03:01;250,0;17,3;18,4;17,3;20,1;30,5;1,2;0,3;3,36E-1;-541,2;20,00;3,0;3,0;38,59;0,04;0,002;0,0;0,01;0,049
183;03.07.2023;17:46:05;00:03:02;250,0;17,3;18,5;17,3;20,1;31,9;1,3;0,3;3,28E-1;-541,2;20,00;3,0;3,0;38,59;0,04;0,000;0,0;0,00;0,049
184;03.07.2023;17:46:06;00:03:03;250,0;17,3;18,5;17,3;20,1;33,3;1,5;0,3;3,21E-1;-541,2;20,00;3,0;3,0;38,59;0,04;-0,001;0,0;0,00;0,049
185;03.07.2023;17:46:07;00:03:04;250,0;17,3;18,5;17,3;20,1;34,0;1,5;0,3;3,17E-1;-541,2;20,00;3,0;3,0;38,59;0,04;0,002;0,0;0,00;0,049
186;03.07.2023;17:46:08;00:03:05;250,0;17,3;18,5;17,3;20,1;35,5;1,7;0,3;3,08E-1;-541,2;20,00;3,0;3,1;38,59;0,04;0,001;0,0;0,00;0,049
187;03.07.2023;17:46:09;00:03:06;250,0;17,3;18,5;17,3;20,1;36,9;1,8;0,3;3,01E-1;-541,2;20,00;3,0;3,0;38,59;0,04;-0,004;0,0;0,01;0,049
188;03.07.2023;17:46:10;00:03:07;250,0;17,3;18,5;17,3;20,1;37,6;1,9;0,3;2,98E-1;-541,2;20,00;3,0;3,0;38,59;0,04;-0,004;0,0;0,00;0,049
189;03.07.2023;17:46:11;00:03:08;250,0;17,3;18,5;17,3;20,1;39,0;2,1;0,3;2,91E-1;-541,2;20,00;3,0;3,0;38,59;0,04;0,000;0,0;0,00;0,049
190;03.07.2023;17:46:12;00:03:09;250,0;17,3;18,5;17,3;20,1;40,4;2,2;0,3;2,85E-1;-541,2;20,00;3,0;3,0;38,59;0,04;-0,006;0,0;0,01;0,049
191;03.07.2023;17:46:13;00:03:10;250,0;17,3;18,5;17,3;20,1;41,1;2,3;0,3;2,81E-1;-541,2;20,00;3,0;3,0;38,59;0,04;-0,004;0,0;0,01;0,049
192;03.07.2023;17:46:14;00:03:11;250,0;17,3;18,5;17,3;20,1;42,6;2,4;0,3;2,74E-1;-541,2;20,00;3,0;3,0;38,59;0,04;0,001;0,0;0,00;0,049
193;03.07.2023;17:46:15;00:03:12;250,0;17,3;18,5;17,3;20,1;43,3;2,5;0,3;2,71E-1;-541,2;20,00;3,0;3,0;38,59;0,04;0,002;0,0;0,01;0,049
194;03.07.2023;17:46:16;00:03:13;250,0;17,3;18,4;17,3;20,1;44,7;2,6;0,3;2,65E-1;-541,2;20,00;3,0;3,0;38,59;0,04;0,001;0,0;0,00;0,049
195;03.07.2023;17:46:17;00:03:14;250,0;17,3;18,4;17,3;20,1;46,1;2,8;0,3;2,59E-1;-541,2;20,00;3,0;3,0;38,59;0,04;0,000;0,0;0,00;0,049
196;03.07.2023;17:46:18;00:03:15;250,0;17,3;18,4;17,3;20,1;46,8;2,9;0,3;2,57E-1;-541,2;20,00;3,0;3,1;38,59;0,04;0,004;0,0;0,00;0,049
197;03.07.2023;17:46:19;00:03:16;250,0;17,3;18,4;17,3;20,1;48,2;3,0;0,3;2,51E-1;-541,2;20,00;3,0;3,0;38,59;0,04;0,002;0,0;0,01;0,049
198;03.07.2023;17:46:20;00:03:17;250,0;17,3;18,4;17,3;20,1;49,7;3,2;0,2;2,46E-1;-541,2;20,00;3,0;3,0;38,59;0,04;-0,003;0,0;0,00;0,049
199;03.07.2023;17:46:21;00:03:18;250,0;17,3;18,4;17,3;20,1;50,4;3,3;0,2;2,44E-1;-541,2;20,00;3,0;3,0;38,59;0,04;0,001;0,0;0,01;0,049
200;03.07.2023;17:46:22;00:03:19;250,0;17,3;18,4;17,3;20,1;51,8;3,4;0,2;2,40E-1;-541,2;20,00;3,0;3,0;38,59;0,04;0,000;0,0;0,00;0,049
201;03.07.2023;17:46:23;00:03:20;250,0;17,3;18,4;17,3;20,1;53,2;3,6;0,2;2,36E-1;-541,2;20,00;3,0;3,1;38,59;0,04;0,004;0,0;0,00;0,049
202;03.07.2023;17:46:24;00:03:21;250,0;17,3;18,4;17,3;20,1;53,9;3,7;0,2;2,34E-1;-541,2;20,00;3,0;3,0;38,59;0,04;0,002;0,0;0,01;0,049
203;03.07.2023;17:46:25;00:03:22;250,0;17,3;18,4;17,3;20,1;55,3;3,8;0,2;2,30E-1;-541,2;20,00;3,0;3,1;38,59;0,04;0,004;0,0;0,01;0,049
204;03.07.2023;17:46:26;00:03:23;250,0;17,3;18,4;17,3;20,1;56,9;4,0;0,2;2,26E-1;-541,2;20,00;3,0;2,9;38,59;0,04;-0,001;0,0;0,00;0,049
205;03.07.2023;17:46:27;00:03:24;250,0;17,4;18,4;17,3;20,1;57,6;4,1;0,2;2,24E-1;-541,2;20,00;3,0;3,0;38,59;0,04;-0,001;0,0;0,00;0,049
206;03.07.2023;17:46:28;00:03:25;250,0;17,4;18,4;17,3;20,1;59,0;4,2;0,2;2,21E-1;-541,2;20,00;3,0;3,0;38,59;0,04;0,004;0,0;0,00;0,049
207;03.07.2023;17:46:29;00:03:26;250,0;17,4;18,4;17,3;20,1;59,7;4,3;0,2;2,19E-1;-541,2;20,00;3,0;3,0;38,59;0,04;0,006;0,0;0,01;0,049
208;03.07.2023;17:46:30;00:03:27;250,0;17,4;18,4;17,3;20,2;61,1;4,5;0,2;2,16E-1;-541,2;20,00;3,0;3,0;38,59;0,04;0,003;0,0;0,01;0,049
209;03.07.2023;17:46:31;00:03:28;250,0;17,4;18,4;17,3;20,2;62,5;4,6;0,2;2,12E-1;-541,2;20,00;3,0;2,9;38,59;0,04;0,001;0,0;0,00;0,049
210;03.07.2023;17:46:32;00:03:29;250,0;17,4;18,4;17,3;20,2;63,3;4,7;0,2;2,10E-1;-541,2;20,00;3,0;2,9;38,59;0,04;-0,002;0,0;0,01;0,049
211;03.07.2023;17:46:33;00:03:30;250,0;17,4;18,4;17,4;20,2;64,7;4,9;0,2;2,07E-1;-541,2;20,00;3,0;3,0;38,59;0,04;0,001;0,0;0,01;0,049
212;03.07.2023;17:46:34;00:03:31;250,0;17,4;18,4;17,4;20,2;66,1;5,1;0,2;2,04E-1;-541,2;20,00;3,0;3,0;38,59;0,04;0,002;0,0;0,01;0,049
213;03.07.2023;17:46:35;00:03:32;250,0;17,4;18,4;17,4;20,2;66,8;5,1;0,2;2,03E-1;-541,2;20,00;3,0;3,0;38,59;0,04;0,005;0,0;0,01;0,049
214;03.07.2023;17:46:36;00:03:33;250,0;17,4;18,4;17,3;20,2;68,2;5,3;0,2;2,00E-1;-541,2;20,00;3,0;3,0;38,59;0,04;0,001;0,0;0,00;0,049
215;03.07.2023;17:46:37;00:03:34;250,0;17,3;18,4;17,3;20,1;69,6;5,5;0,2;1,97E-1;-541,2;20,00;3,0;3,0;38,59;0,04;0,000;0,0;0,00;0,049
216;03.07.2023;17:46:38;00:03:35;250,0;17,3;18,4;17,3;20,1;70,4;5,6;0,2;1,96E-1;-541,2;20,00;3,0;3,0;38,59;0,04;-0,003;0,0;0,01;0,049
217;03.07.2023;17:46:39;00:03:36;250,0;17,3;18,4;17,3;20,1;71,8;5,8;0,2;1,93E-1;-541,2;20,00;3,0;3,0;38,59;0,04;-0,001;0,0;0,01;0,049
218;03.07.2023;17:46:40;00:03:37;250,0;17,3;18,4;17,3;20,1;72,5;5,8;0,2;1,91E-1;-541,2;20,00;3,0;3,0;38,59;0,04;-0,003;0,0;0,01;0,049
219;03.07.2023;17:46:41;00:03:38;250,0;17,4;18,4;17,3;20,1;73,9;6,0;0,2;1,89E-1;-541,2;20,00;3,0;3,0;38,59;0,04;0,001;0,0;0,01;0,049
220;03.07.2023;17:46:42;00:03:39;250,0;17,4;18,4;17,3;20,1;75,3;6,2;0,2;1,86E-1;-541,2;20,00;3,0;3,0;38,59;0,04;0,000;0,0;0,01;0,049
221;03.07.2023;17:46:43;00:03:40;250,0;17,4;18,4;17,3;20,1;76,0;6,3;0,2;1,85E-1;-541,2;20,00;3,0;3,1;38,59;0,04;0,001;0,0;0,01;0,049
222;03.07.2023;17:46:44;00:03:41;250,0;17,4;18,4;17,3;20,1;77,5;6,5;0,2;1,82E-1;-541,2;20,00;3,0;3,0;38,59;0,04;0,000;0,0;0,00;0,049
223;03.07.2023;17:46:45;00:03:42;250,0;17,4;18,4;17,3;20,1;78,9;6,6;0,2;1,80E-1;-541,2;20,00;3,0;3,0;38,59;0,04;0,002;0,0;0,00;0,049
224;03.07.2023;17:46:46;00:03:43;250,0;17,4;18,4;17,3;20,1;79,6;6,7;0,2;1,79E-1;-541,2;20,00;3,0;3,0;38,59;0,04;0,002;0,0;0,00;0,049
225;03.07.2023;17:46:47;00:03:44;250,0;17,4;18,4;17,3;20,1;81,0;6,9;0,2;1,76E-1;-541,2;20,00;3,0;3,0;38,59;0,04;0,001;0,0;0,00;0,049
226;03.07.2023;17:46:48;00:03:45;250,0;17,4;18,4;17,3;20,1;82,4;7,1;0,2;1,75E-1;-541,2;20,00;3,0;3,0;38,59;0,04;0,000;0,0;0,01;0,049
227;03.07.2023;17:46:49;00:03:46;250,0;17,4;18,4;17,3;20,1;83,1;7,2;0,2;1,73E-1;-541,2;20,00;3,0;3,0;38,59;0,04;-0,003;0,0;0,01;0,049
228;03.07.2023;17:46:50;00:03:47;250,0;17,4;18,4;17,3;20,2;84,6;7,4;0,2;1,71E-1;-541,2;20,00;3,0;3,0;38,59;0,04;-0,003;0,0;0,01;0,049
229;03.07.2023;17:46:51;00:03:48;250,0;17,4;18,4;17,3;20,2;86,0;7,6;0,2;1,69E-1;-541,2;20,00;3,0;3,0;38,59;0,04;-0,002;0,0;0,00;0,049
230;03.07.2023;17:46:52;00:03:49;250,0;17,4;18,4;17,3;20,2;86,7;7,7;0,2;1,68E-1;-541,2;20,00;3,0;3,0;38,59;0,04;-0,003;0,0;0,01;0,049
231;03.07.2023;17:46:53;00:03:50;250,0;17,4;18,4;17,4;20,2;88,1;7,8;0,2;1,66E-1;-541,2;20,00;3,0;3,0;38,59;0,04;-0,005;0,0;0,00;0,049
232;03.07.2023;17:46:54;00:03:51;250,0;17,4;18,4;17,4;20,2;88,8;7,9;0,2;1,66E-1;-541,2;20,00;3,0;3,0;38,59;0,04;-0,003;0,0;0,00;0,049
233;03.07.2023;17:46:55;00:03:52;250,0;17,4;18,4;17,4;20,2;90,2;8,1;0,2;1,64E-1;-541,2;20,00;3,0;3,0;38,59;0,04;0,000;0,0;0,00;0,049
234;03.07.2023;17:46:56;00:03:53;250,0;17,4;18,4;17,4;20,2;91,7;8,3;0,2;1,62E-1;-541,2;20,00;3,0;3,0;38,59;0,04;0,002;0,0;0,01;0,049
235;03.07.2023;17:46:57;00:03:54;250,0;17,4;18,4;17,4;20,2;92,4;8,4;0,2;1,61E-1;-541,2;20,00;3,0;3,0;38,59;0,04;0,003;0,0;0,00;0,049
236;03.07.2023;17:46:58;00:03:55;250,0;17,4;18,4;17,4;20,2;93,8;8,6;0,2;1,60E-1;-541,2;20,00;3,0;3,0;38,59;0,04;-0,002;0,0;0,00;0,049
237;03.07.2023;17:46:59;00:03:56;250,0;17,4;18,4;17,4;20,2;95,2;8,8;0,2;1,58E-1;-541,2;20,00;3,0;3,0;38,59;0,04;0,000;0,0;0,01;0,049
238;03.07.2023;17:47:00;00:03:57;250,0;17,4;18,4;17,4;20,2;95,9;8,9;0,2;1,58E-1;-541,2;20,00;3,0;3,0;38,59;0,04;0,000;0,0;0,00;0,049
239;03.07.2023;17:47:01;00:03:58;250,0;17,5;18,4;17,4;20,2;97,3;9,1;0,2;1,56E-1;-541,2;20,00;3,0;3,0;38,59;0,04;-0,003;0,0;0,00;0,050
240;03.07.2023;17:47:02;00:03:59;250,0;17,5;18,4;17,4;20,2;98,9;9,3;0,2;1,55E-1;-541,2;20,00;3,0;3,0;38,59;0,04;-0,001;0,0;0,00;0,049
241;03.07.2023;17:47:03;00:04:00;250,0;17,5;18,4;17,4;20,2;99,6;9,4;0,2;1,54E-1;-541,2;20,00;3,0;3,0;38,59;0,04;0,002;0,0;0,01;0,049
242;03.07.2023;17:47:04;00:04:01;250,0;17,5;18,4;17,4;20,2;101,0;9,6;0,2;1,53E-1;-541,2;20,00;3,0;3,0;38,59;0,04;0,000;0,0;0,00;0,049
243;03.07.2023;17:47:05;00:04:02;250,0;17,5;18,4;17,4;20,2;101,7;9,7;0,2;1,52E-1;-541,2;20,00;3,0;3,0;38,59;0,04;-0,003;0,0;0,00;0,049
244;03.07.2023;17:47:06;00:04:03;250,0;17,5;18,4;17,4;20,2;103,1;9,9;0,2;1,51E-1;-541,2;20,00;3,0;3,0;38,59;0,04;-0,002;0,0;0,00;0,051
245;03.07.2023;17:47:07;00:04:04;250,0;17,5;18,4;17,4;20,2;104,5;10,1;0,1;1,49E-1;-541,2;20,00;3,0;3,1;38,59;0,04;0,002;0,0;0,00;0,049
246;03.07.2023;17:47:08;00:04:05;250,0;17,5;18,4;17,4;20,2;105,2;10,2;0,1;1,49E-1;-541,2;20,00;3,0;3,0;38,59;0,04;-0,004;0,0;0,00;0,049
247;03.07.2023;17:47:09;00:04:06;250,0;17,5;18,4;17,4;20,2;106,7;10,4;0,1;1,47E-1;-541,2;20,00;3,0;3,0;38,59;0,04;0,001;0,0;0,00;0,049
248;03.07.2023;17:47:10;00:04:07;250,0;17,5;18,4;17,4;20,2;108,1;10,6;0,1;1,46E-1;-541,2;20,00;3,0;2,9;38,59;0,04;-0,003;0,0;0,01;0,049
249;03.07.2023;17:47:11;00:04:08;250,0;17,5;18,4;17,4;20,2;108,8;10,7;0,1;1,46E-1;-541,2;20,00;3,0;2,9;38,59;0,04;-0,004;0,0;0,01;0,049
250;03.07.2023;17:47:12;00:04:09;250,0;17,5;18,4;17,4;20,2;110,2;10,9;0,1;1,44E-1;-541,2;20,00;3,0;3,0;38,59;0,04;0,001;0,0;0,00;0,049
251;03.07.2023;17:47:13;00:04:10;250,0;17,5;18,4;17,4;20,3;111,6;11,1;0,1;1,43E-1;-541,2;20,00;3,0;3,0;38,59;0,04;0,002;0,0;0,00;0,049
252;03.07.2023;17:47:14;00:04:11;250,0;17,5;18,4;17,4;20,3;112,3;11,3;0,1;1,43E-1;-541,2;20,00;3,0;3,0;38,59;0,04;0,003;0,0;0,01;0,049
253;03.07.2023;17:47:15;00:04:12;250,0;17,5;18,4;17,4;20,3;113,8;11,5;0,1;1,41E-1;-541,2;20,00;3,0;3,0;38,59;0,04;0,002;0,0;0,01;0,049
254;03.07.2023;17:47:16;00:04:13;250,0;17,4;18,4;17,4;20,2;115,2;11,7;0,1;1,40E-1;-541,2;20,00;3,0;3,0;38,59;0,04;0,000;0,0;0,01;0,049
255;03.07.2023;17:47:17;00:04:14;250,0;17,4;18,4;17,4;20,2;115,9;11,8;0,1;1,40E-1;-541,2;20,00;3,0;3,0;38,59;0,04;0,002;0,0;0,00;0,049
256;03.07.2023;17:47:18;00:04:15;250,0;17,4;18,4;17,4;20,2;117,3;12,0;0,1;1,38E-1;-541,2;20,00;3,0;3,0;38,59;0,04;0,001;0,0;0,01;0,049
257;03.07.2023;17:47:19;00:04:16;250,0;17,4;18,4;17,4;20,2;118,0;12,1;0,1;1,38E-1;-541,2;20,00;3,0;3,1;38,59;0,04;0,004;0,0;0,00;0,049
258;03.07.2023;17:47:20;00:04:17;250,0;17,4;18,4;17,4;20,2;119,4;12,3;0,1;1,37E-1;-541,2;20,00;3,0;3,1;38,59;0,04;0,004;0,0;0,00;0,049
259;03.07.2023;17:47:21;00:04:18;250,0;17,4;18,4;17,4;20,2;120,9;12,6;0,1;1,36E-1;-541,2;20,00;3,0;3,0;38,59;0,04;0,000;0,0;0,01;0,049
260;03.07.2023;17:47:22;00:04:19;250,0;17,4;18,4;17,4;20,2;121,6;12,7;0,1;1,35E-1;-541,2;20,00;3,0;3,1;38,59;0,04;0,001;0,0;0,00;0,051
261;03.07.2023;17:47:23;00:04:20;250,0;17,4;18,4;17,4;20,2;123,0;12,9;0,1;1,34E-1;-541,2;20,00;3,0;3,0;38,59;0,04;0,002;0,0;0,00;0,049
262;03.07.2023;17:47:24;00:04:21;250,0;17,4;18,4;17,4;20,2;124,4;13,1;0,1;1,33E-1;-541,2;20,00;3,0;3,0;38,59;0,04;0,002;0,0;0,00;0,049
263;03.07.2023;17:47:25;00:04:22;250,0;17,4;18,4;17,4;20,2;125,1;13,2;0,1;1,33E-1;-541,2;20,00;3,0;3,1;38,59;0,04;0,002;0,0;0,00;0,049
264;03.07.2023;17:47:26;00:04:23;250,0;17,4;18,4;17,4;20,2;126,5;13,4;0,1;1,32E-1;-541,2;20,00;3,0;3,1;38,60;0,04;0,023;1,2;3,83;0,313
265;03.07.2023;17:47:27;00:04:24;250,0;17,5;18,4;17,4;20,2;128,0;13,7;0,1;1,31E-1;-541,2;20,00;3,0;3,0;38,60;0,04;0,031;1,2;3,88;0,319
266;03.07.2023;17:47:28;00:04:25;250,0;17,5;18,4;17,4;20,3;128,7;13,8;0,1;1,31E-1;-541,2;20,00;3,0;3,0;38,59;0,04;0,034;1,3;3,84;0,322
267;03.07.2023;17:47:29;00:04:26;250,0;17,7;18,4;17,4;20,5;130,1;14,0;0,1;1,30E-1;-541,2;20,00;3,0;3,0;38,60;0,04;0,029;1,2;3,86;0,324
268;03.07.2023;17:47:30;00:04:27;250,0;17,7;18,4;17,4;20,5;131,5;14,2;0,1;1,30E-1;-541,2;20,00;3,0;3,0;38,60;0,04;0,017;1,3;3,89;0,328
269;03.07.2023;17:47:31;00:04:28;250,1;18,4;18,5;17,4;20,7;132,2;14,3;0,1;1,29E-1;-541,2;20,00;3,0;3,0;38,60;0,04;0,014;1,3;3,90;0,332
270;03.07.2023;17:47:32;00:04:29;250,0;18,4;18,6;17,5;20,7;133,6;14,5;0,1;1,29E-1;-541,2;20,00;3,0;3,0;38,60;0,04;0,007;1,3;3,94;0,332
271;03.07.2023;17:47:33;00:04:30;250,0;18,4;18,6;17,5;20,7;134,4;14,6;0,1;1,28E-1;-541,2;20,00;3,0;3,0;38,60;0,04;0,005;1,3;3,92;0,335
272;03.07.2023;17:47:34;00:04:31;250,0;19,6;18,6;17,5;20,9;135,8;14,8;0,1;1,28E-1;-541,2;20,00;3,0;3,0;38,60;0,04;0,006;1,3;3,92;0,337
273;03.07.2023;17:47:35;00:04:32;250,0;21,5;18,7;17,5;21,1;137,2;14,8;0,1;1,27E-1;-541,2;20,00;3,0;3,0;38,60;0,04;-0,001;1,3;3,95;0,338
274;03.07.2023;17:47:36;00:04:33;250,0;21,5;18,7;17,5;21,1;137,9;14,9;0,1;1,27E-1;-541,2;20,00;3,0;3,0;38,60;0,04;0,002;1,3;3,93;0,341
275;03.07.2023;17:47:37;00:04:34;250,1;24,3;18,9;17,5;21,0;139,3;15,2;0,1;1,26E-1;-541,2;20,00;3,0;3,0;38,60;0,04;0,002;1,4;3,96;0,345
276;03.07.2023;17:47:38;00:04:35;250,0;24,3;18,9;17,5;21,1;140,7;15,1;0,1;1,26E-1;-541,2;20,00;3,0;3,1;38,60;0,04;0,004;1,4;3,99;0,343
277;03.07.2023;17:47:39;00:04:36;250,1;24,3;19,1;17,6;21,1;141,6;15,3;0,1;1,26E-1;-541,2;20,00;3,0;3,1;38,60;0,04;0,004;1,4;3,99;0,347
278;03.07.2023;17:47:40;00:04:37;250,1;27,5;19,1;17,6;21,2;143,0;15,2;0,1;1,25E-1;-541,2;20,00;3,0;3,0;38,59;0,04;-0,002;1,4;3,98;0,347
279;03.07.2023;17:47:41;00:04:38;250,0;31,1;19,3;17,6;21,3;144,4;15,2;0,1;1,25E-1;-541,2;20,00;3,0;3,0;38,60;0,04;-0,007;1,4;4,00;0,347
280;03.07.2023;17:47:42;00:04:39;250,0;31,1;19,3;17,6;21,3;145,1;15,2;0,1;1,25E-1;-541,2;20,00;3,0;3,0;38,60;0,04;-0,004;1,4;3,97;0,347
281;03.07.2023;17:47:43;00:04:40;250,0;34,9;19,5;17,7;21,3;146,5;15,1;0,1;1,24E-1;-541,2;20,00;3,0;2,9;38,60;0,04;-0,014;1,4;3,99;0,350
282;03.07.2023;17:47:44;00:04:41;250,1;34,9;19,5;17,7;21,3;147,2;15,2;0,1;1,24E-1;-541,2;20,00;3,0;3,0;38,59;0,04;-0,012;1,4;3,97;0,347
283;03.07.2023;17:47:45;00:04:42;250,1;38,5;19,7;17,7;21,3;148,7;15,5;0,1;1,24E-1;-541,2;20,00;3,0;3,1;38,59;0,04;-0,009;1,4;4,02;0,352
284;03.07.2023;17:47:46;00:04:43;250,2;38,5;19,7;17,7;21,4;150,1;15,4;0,1;1,23E-1;-541,2;20,00;3,0;3,0;38,60;0,04;-0,015;1,4;3,94;0,352
285;03.07.2023;17:47:47;00:04:44;250,0;42,2;19,9;17,8;21,4;150,8;15,2;0,1;1,23E-1;-541,2;20,00;3,0;3,0;38,59;0,04;-0,018;1,4;3,99;0,352
286;03.07.2023;17:47:48;00:04:45;250,2;42,2;20,1;17,8;21,4;152,2;15,4;0,1;1,23E-1;-541,2;20,00;3,0;3,0;38,60;0,04;-0,015;1,4;3,96;0,352
287;03.07.2023;17:47:49;00:04:46;250,2;45,9;20,1;17,9;21,4;153,6;15,3;0,1;1,22E-1;-541,2;20,00;3,0;3,0;38,59;0,04;-0,014;1,4;3,99;0,354
288;03.07.2023;17:47:50;00:04:47;250,1;45,9;20,1;17,9;21,4;154,3;15,4;0,1;1,22E-1;-541,2;20,00;3,0;2,9;38,59;0,04;-0,017;1,4;3,97;0,352
289;03.07.2023;17:47:51;00:04:48;250,0;49,6;20,3;18,0;21,4;155,8;15,3;0,1;1,22E-1;-541,2;20,00;3,0;2,9;38,60;0,04;-0,019;1,4;3,98;0,353
290;03.07.2023;17:47:52;00:04:49;250,3;49,6;20,5;18,0;21,4;157,2;15,5;0,1;1,22E-1;-541,2;20,00;3,0;3,0;38,59;0,04;-0,021;1,4;3,99;0,354
291;03.07.2023;17:47:53;00:04:50;250,0;49,6;20,5;18,0;21,4;157,9;15,6;0,1;1,22E-1;-541,2;20,00;3,0;3,0;38,59;0,04;-0,019;1,4;4,01;0,357
292;03.07.2023;17:47:54;00:04:51;250,0;53,3;20,5;18,0;21,5;159,3;15,5;0,1;1,21E-1;-541,2;20,00;3,0;3,0;38,59;0,04;-0,021;1,4;3,96;0,356
293;03.07.2023;17:47:55;00:04:52;250,1;57,0;20,6;18,1;21,5;160,7;15,4;0,1;1,21E-1;-541,2;20,00;3,0;3,0;38,59;0,04;-0,023;1,4;4,00;0,357
294;03.07.2023;17:47:56;00:04:53;250,2;57,0;20,6;18,1;21,5;161,4;15,5;0,1;1,21E-1;-541,2;20,00;3,0;3,0;38,59;0,04;-0,021;1,4;3,97;0,357
295;03.07.2023;17:47:57;00:04:54;250,0;60,7;20,7;18,1;21,4;162,9;15,5;0,1;1,20E-1;-541,2;20,00;3,0;3,0;38,59;0,04;-0,021;1,4;4,01;0,359
296;03.07.2023;17:47:58;00:04:55;250,2;60,7;20,7;18,1;21,4;163,6;15,5;0,1;1,20E-1;-541,2;20,00;3,0;2,9;38,59;0,04;-0,024;1,4;3,98;0,357
297;03.07.2023;17:47:59;00:04:56;250,2;60,7;20,9;18,1;21,4;165,0;15,7;0,1;1,20E-1;-541,2;20,00;3,0;2,9;38,59;0,03;-0,029;1,4;4,05;0,359
298;03.07.2023;17:48:00;00:04:57;250,0;64,5;20,9;18,2;21,5;166,4;15,6;0,1;1,20E-1;-541,2;20,00;3,0;3,0;38,59;0,04;-0,026;1,4;4,01;0,360
299;03.07.2023;17:48:01;00:04:58;250,3;64,5;21,1;18,2;21,5;167,1;15,7;0,1;1,20E-1;-541,2;20,00;3,0;3,0;38,59;0,04;-0,024;1,4;3,99;0,361
300;03.07.2023;17:48:02;00:04:59;250,0;68,1;21,1;18,3;21,5;168,5;15,6;0,1;1,19E-1;-541,2;20,00;3,0;3,0;38,59;0,04;-0,024;1,5;4,01;0,361
301;03.07.2023;17:48:03;00:05:00;250,0;68,1;21,3;18,4;21,5;170,0;15,8;0,1;1,19E-1;-541,2;20,00;3,0;3,0;38,59;0,04;-0,020;1,5;4,04;0,364
302;03.07.2023;17:48:04;00:05:01;250,2;71,6;21,3;18,4;21,5;170,7;15,7;0,1;1,19E-1;-541,2;20,00;3,0;3,0;38,59;0,04;-0,019;1,5;4,02;0,363
303;03.07.2023;17:48:05;00:05:02;250,1;74,8;21,5;18,5;21,5;172,1;15,7;0,1;1,18E-1;-541,2;20,00;3,0;3,0;38,59;0,03;-0,020;1,5;4,03;0,365
304;03.07.2023;17:48:06;00:05:03;250,1;74,8;21,5;18,5;21,5;173,5;15,8;0,1;1,18E-1;-541,2;20,00;3,0;2,9;38,59;0,03;-0,021;1,5;4,00;0,362
305;03.07.2023;17:48:07;00:05:04;250,3;74,8;21,6;18,6;21,5;174,2;15,9;0,1;1,18E-1;-541,2;20,00;3,0;3,0;38,59;0,03;-0,023;1,5;4,02;0,366
306;03.07.2023;17:48:08;00:05:05;250,0;78,0;21,6;18,6;21,5;175,6;15,8;0,1;1,17E-1;-541,2;20,00;3,0;2,9;38,59;0,03;-0,021;1,5;4,03;0,365
307;03.07.2023;17:48:09;00:05:06;250,1;81,1;21,8;18,7;21,6;177,2;15,8;0,1;1,17E-1;-541,2;20,00;3,0;3,0;38,59;0,03;-0,017;1,5;4,01;0,366
308;03.07.2023;17:48:10;00:05:07;250,0;81,1;21,8;18,7;21,6;177,9;15,9;0,1;1,17E-1;-541,2;20,00;3,0;3,0;38,59;0,03;-0,022;1,5;4,00;0,366
309;03.07.2023;17:48:11;00:05:08;250,0;84,1;21,9;18,8;21,6;179,3;15,8;0,1;1,16E-1;-541,2;20,00;3,0;3,0;38,59;0,03;-0,021;1,5;4,00;0,366
310;03.07.2023;17:48:12;00:05:09;250,0;84,1;21,9;18,8;21,6;180,0;15,9;0,1;1,16E-1;-541,2;20,00;3,0;3,0;38,59;0,03;-0,020;1,5;4,02;0,366
311;03.07.2023;17:48:13;00:05:10;250,0;87,1;22,1;18,9;21,6;181,4;16,1;0,1;1,15E-1;-541,2;20,00;3,0;3,0;38,59;0,03;-0,021;1,5;4,04;0,369
312;03.07.2023;17:48:14;00:05:11;250,0;87,1;22,1;18,9;21,6;182,8;16,1;0,1;1,15E-1;-541,2;20,00;3,0;3,0;38,59;0,03;-0,015;1,5;4,01;0,370
313;03.07.2023;17:48:15;00:05:12;250,1;90,0;22,2;19,0;21,6;183,5;16,0;0,1;1,15E-1;-541,2;20,00;3,0;3,0;38,58;0,03;-0,018;1,5;4,04;0,371
314;03.07.2023;17:48:16;00:05:13;250,1;90,0;22,2;19,0;21,6;185,0;16,1;0,1;1,14E-1;-541,2;20,00;3,0;3,0;38,58;0,03;-0,021;1,5;4,03;0,371
315;03.07.2023;17:48:17;00:05:14;250,0;93,1;22,4;19,1;21,6;186,4;16,1;0,1;1,14E-1;-541,2;20,00;3,0;3,0;38,58;0,03;-0,022;1,5;4,03;0,372
316;03.07.2023;17:48:18;00:05:15;250,2;93,1;22,4;19,1;21,6;187,1;16,2;0,1;1,14E-1;-541,2;20,00;3,0;3,0;38,58;0,03;-0,022;1,5;4,02;0,371
317;03.07.2023;17:48:19;00:05:16;250,1;93,1;22,5;19,1;21,6;188,5;16,4;0,1;1,14E-1;-541,2;20,00;3,0;3,0;38,58;0,03;-0,018;1,5;4,04;0,375
318;03.07.2023;17:48:20;00:05:17;250,0;96,1;22,5;19,2;21,6;189,9;16,3;0,1;1,13E-1;-541,2;20,00;3,0;3,0;38,58;0,03;-0,023;1,5;4,06;0,375
319;03.07.2023;17:48:21;00:05:18;250,0;96,1;22,7;19,2;21,6;190,6;16,4;0,1;1,13E-1;-541,2;20,00;3,0;3,0;38,58;0,03;-0,018;1,5;4,05;0,376
320;03.07.2023;17:48:22;00:05:19;250,2;99,0;22,7;19,3;21,7;192,1;16,4;0,1;1,13E-1;-541,2;20,00;3,0;3,0;38,58;0,03;-0,019;1,5;4,04;0,375
321;03.07.2023;17:48:23;00:05:20;250,1;99,0;22,9;19,4;21,7;192,8;16,5;0,1;1,12E-1;-541,2;20,00;3,0;3,0;38,58;0,03;-0,024;1,5;4,03;0,376
322;03.07.2023;17:48:24;00:05:21;250,1;102,0;22,9;19,4;21,7;194,2;16,5;0,1;1,12E-1;-541,2;20,00;3,0;3,0;38,58;0,03;-0,027;1,5;4,06;0,378
323;03.07.2023;17:48:25;00:05:22;250,0;104,7;23,0;19,5;21,7;195,6;16,5;0,1;1,12E-1;-541,2;20,00;3,0;3,1;38,58;0,03;-0,025;1,5;4,06;0,379
324;03.07.2023;17:48:26;00:05:23;250,1;104,7;23,0;19,5;21,7;196,3;16,5;0,1;1,11E-1;-541,2;20,00;3,0;3,0;38,58;0,02;-0,022;1,5;4,07;0,380
325;03.07.2023;17:48:27;00:05:24;250,0;107,3;23,1;19,6;21,7;197,7;16,5;0,1;1,11E-1;-541,2;20,00;3,0;3,0;38,58;0,03;-0,027;1,5;4,10;0,381
326;03.07.2023;17:48:28;00:05:25;250,2;107,3;23,3;19,6;21,8;199,2;16,7;0,1;1,11E-1;-541,2;20,00;3,0;3,0;38,58;0,03;-0,024;1,5;4,08;0,381
327;03.07.2023;17:48:29;00:05:26;250,1;107,3;23,3;19,6;21,8;199,9;16,8;0,1;1,10E-1;-541,2;20,00;3,0;2,9;38,58;0,03;-0,023;1,5;4,07;0,381
328;03.07.2023;17:48:30;00:05:27;250,2;109,9;23,3;19,7;21,8;201,3;16,8;0,1;1,10E-1;-541,2;20,00;3,0;3,0;38,58;0,03;-0,023;1,6;4,08;0,381
329;03.07.2023;17:48:31;00:05:28;250,1;112,4;23,4;19,8;21,8;202,7;16,8;0,1;1,10E-1;-541,2;20,00;3,0;3,0;38,58;0,03;-0,023;1,6;4,08;0,382
330;03.07.2023;17:48:32;00:05:29;250,1;112,4;23,4;19,8;21,8;203,4;16,9;0,1;1,10E-1;-541,2;20,00;3,0;3,0;38,58;0,03;-0,023;1,6;4,09;0,385
331;03.07.2023;17:48:33;00:05:30;250,1;115,0;23,5;19,9;21,8;204,8;17,1;0,1;1,09E-1;-541,2;20,00;3,0;3,0;38,58;0,02;-0,029;1,6;4,08;0,386
332;03.07.2023;17:48:34;00:05:31;250,3;115,0;23,5;19,9;21,8;206,3;17,1;0,1;1,09E-1;-541,2;20,00;3,0;3,0;38,58;0,02;-0,027;1,6;4,09;0,386
333;03.07.2023;17:48:35;00:05:32;250,1;117,5;23,7;19,9;21,8;207,0;17,0;0,1;1,09E-1;-541,2;20,00;3,0;3,0;38,58;0,03;-0,023;1,6;4,09;0,386
334;03.07.2023;17:48:36;00:05:33;250,1;117,5;23,7;19,9;21,8;208,4;17,2;0,1;1,09E-1;-541,2;20,00;3,0;3,0;38,58;0,02;-0,017;1,6;4,10;0,389
335;03.07.2023;17:48:37;00:05:34;250,2;117,4;23,7;19,9;21,8;209,1;17,3;0,1;1,08E-1;-541,2;20,00;3,0;3,0;38,57;0,02;-0,018;1,6;4,10;0,390
336;03.07.2023;17:48:38;00:05:35;250,1;120,1;23,8;20,0;21,8;210,5;17,2;0,1;1,08E-1;-541,2;20,00;3,0;3,1;38,58;0,02;-0,011;1,6;4,11;0,391
337;03.07.2023;17:48:39;00:05:36;250,1;120,1;23,8;20,0;21,8;211,9;17,4;0,1;1,08E-1;-541,2;20,00;3,0;3,0;38,58;0,02;-0,019;1,6;4,18;0,391
338;03.07.2023;17:48:40;00:05:37;250,3;122,8;23,9;20,1;21,8;212,7;17,3;0,1;1,07E-1;-541,2;20,00;3,0;3,0;38,57;0,02;-0,023;1,6;4,16;0,396
339;03.07.2023;17:48:41;00:05:38;250,1;125,4;24,1;20,2;21,8;214,1;17,5;0,1;1,07E-1;-541,2;20,00;3,0;3,0;38,58;0,02;-0,030;1,6;4,14;0,396
340;03.07.2023;17:48:42;00:05:39;250,1;125,4;24,1;20,2;21,8;215,5;17,5;0,1;1,07E-1;-541,2;20,00;3,0;3,0;38,57;0,02;-0,029;1,6;4,12;0,392
341;03.07.2023;17:48:43;00:05:40;250,2;125,4;24,2;20,2;21,8;216,2;17,6;0,1;1,06E-1;-541,2;20,00;3,0;3,0;38,57;0,02;-0,023;1,6;4,10;0,394
342;03.07.2023;17:48:44;00:05:41;250,2;128,1;24,2;20,3;21,8;217,6;17,6;0,1;1,06E-1;-541,2;20,00;3,0;3,0;38,57;0,02;-0,027;1,6;4,12;0,396
343;03.07.2023;17:48:45;00:05:42;250,1;130,5;24,4;20,4;21,8;219,0;17,6;0,1;1,06E-1;-541,2;20,00;3,0;3,0;38,57;0,02;-0,026;1,6;4,12;0,396
344;03.07.2023;17:48:46;00:05:43;250,1;130,5;24,4;20,4;21,8;219,9;17,7;0,1;1,06E-1;-541,2;20,00;3,0;3,0;38,57;0,02;-0,024;1,6;4,12;0,396
345;03.07.2023;17:48:47;00:05:44;250,0;130,5;24,5;20,5;21,8;221,3;17,9;0,1;1,05E-1;-541,2;20,00;3,0;3,0;38,57;0,02;-0,028;1,6;4,19;0,396
346;03.07.2023;17:48:48;00:05:45;250,1;132,9;24,5;20,5;21,9;222,7;17,9;0,1;1,05E-1;-541,2;20,00;3,0;3,0;38,57;0,02;-0,020;1,6;4,15;0,400
347;03.07.2023;17:48:49;00:05:46;250,1;132,9;24,6;20,6;21,9;223,4;18,0;0,1;1,05E-1;-541,2;20,00;3,0;3,0;38,57;0,02;-0,023;1,7;4,13;0,400
348;03.07.2023;17:48:50;00:05:47;250,2;135,2;24,6;20,6;21,9;224,8;18,0;0,1;1,04E-1;-541,2;20,00;3,0;3,0;38,57;0,02;-0,026;1,7;4,20;0,401
349;03.07.2023;17:48:51;00:05:48;250,2;135,2;24,8;20,7;21,9;225,5;18,1;0,1;1,04E-1;-541,2;20,00;3,0;2,9;38,57;0,02;-0,029;1,7;4,13;0,400
350;03.07.2023;17:48:52;00:05:49;250,0;137,5;24,8;20,7;22,0;227,0;18,1;0,1;1,04E-1;-541,2;20,00;3,0;3,0;38,57;0,02;-0,032;1,7;4,17;0,405
351;03.07.2023;17:48:53;00:05:50;250,1;139,8;24,9;20,8;22,0;228,4;18,1;0,1;1,03E-1;-541,2;20,00;3,0;3,0;38,57;0,02;-0,031;1,7;4,20;0,405
352;03.07.2023;17:48:54;00:05:51;250,0;139,8;24,9;20,8;22,0;229,1;18,2;0,1;1,03E-1;-541,2;20,00;3,0;3,0;38,57;0,02;-0,029;1,7;4,20;0,405
353;03.07.2023;17:48:55;00:05:52;250,1;142,1;25,0;20,9;22,0;230,5;18,2;0,1;1,03E-1;-541,2;20,00;3,0;3,0;38,57;0,01;-0,032;1,7;4,20;0,406
354;03.07.2023;17:48:56;00:05:53;250,0;142,2;25,1;20,9;22,0;231,9;18,4;0,1;1,03E-1;-541,2;20,00;3,0;3,0;38,57;0,01;-0,026;1,7;4,16;0,409
355;03.07.2023;17:48:57;00:05:54;250,1;142,2;25,2;20,9;22,0;232,6;18,5;0,1;1,03E-1;-541,2;20,00;3,0;3,0;38,57;0,01;-0,027;1,7;4,20;0,410
356;03.07.2023;17:48:58;00:05:55;250,0;144,6;25,2;21,0;22,1;234,1;18,5;0,1;1,02E-1;-541,2;20,00;3,0;3,0;38,57;0,01;-0,027;1,7;4,20;0,410
357;03.07.2023;17:48:59;00:05:56;250,0;144,6;25,3;21,1;22,1;235,5;18,7;0,1;1,02E-1;-541,2;20,00;3,0;3,0;38,57;0,01;-0,022;1,7;4,23;0,410
358;03.07.2023;17:49:00;00:05:57;250,1;147,0;25,3;21,1;22,1;236,2;18,6;0,1;1,02E-1;-541,2;20,00;3,0;3,0;38,57;0,01;-0,029;1,8;4,19;0,411
359;03.07.2023;17:49:01;00:05:58;250,1;149,3;25,5;21,2;22,1;237,6;18,7;0,1;1,01E-1;-541,2;20,00;3,0;2,9;38,57;0,01;-0,027;1,8;4,24;0,412
360;03.07.2023;17:49:02;00:05:59;250,0;149,3;25,5;21,2;22,1;238,3;18,7;0,1;1,01E-1;-541,2;20,00;3,0;3,0;38,57;0,01;-0,024;1,8;4,21;0,415
361;03.07.2023;17:49:03;00:06:00;250,0;149,3;25,6;21,2;22,0;239,7;18,9;0,1;1,01E-1;-541,2;20,00;3,0;3,0;38,57;0,01;-0,023;1,8;4,25;0,415
362;03.07.2023;17:49:04;00:06:01;250,1;151,7;25,6;21,3;22,1;241,2;18,9;0,1;1,00E-1;-541,2;20,00;3,0;3,0;38,57;0,01;-0,025;1,8;4,25;0,416
363;03.07.2023;17:49:05;00:06:02;250,1;151,7;25,7;21,3;22,1;241,9;19,0;0,1;1,00E-1;-541,2;20,00;3,0;3,0;38,56;0,01;-0,023;1,8;4,25;0,417
364;03.07.2023;17:49:06;00:06:03;250,0;153,9;25,7;21,4;22,0;243,3;19,0;0,1;1,00E-1;-541,2;20,00;3,0;3,0;38,56;0,01;-0,027;1,8;4,28;0,418
365;03.07.2023;17:49:07;00:06:04;250,0;153,9;25,9;21,5;22,0;244,7;19,2;0,1;9,98E-2;-541,2;20,00;3,0;3,0;38,56;0,01;-0,033;1,8;4,22;0,420
366;03.07.2023;17:49:08;00:06:05;250,0;156,2;25,9;21,5;22,1;245,4;19,1;0,1;9,97E-2;-541,2;20,00;3,0;3,0;38,56;0,01;-0,030;1,8;4,26;0,420
367;03.07.2023;17:49:09;00:06:06;250,0;158,3;26,0;21,6;22,1;246,8;19,3;0,1;9,93E-2;-541,2;20,00;3,0;3,0;38,56;0,01;-0,031;1,8;4,26;0,422
368;03.07.2023;17:49:10;00:06:07;250,1;158,3;26,0;21,6;22,1;248,3;19,3;0,1;9,90E-2;-541,2;20,00;3,0;3,0;38,56;0,01;-0,030;1,8;4,27;0,421
369;03.07.2023;17:49:11;00:06:08;250,1;160,5;26,1;21,7;22,1;249,0;19,3;0,1;9,88E-2;-541,2;20,00;3,0;3,0;38,56;0,01;-0,031;1,8;4,27;0,425
370;03.07.2023;17:49:12;00:06:09;250,1;160,5;26,2;21,7;22,1;250,4;19,5;0,1;9,85E-2;-541,2;20,00;3,0;2,9;38,56;0,01;-0,034;1,8;4,25;0,425
371;03.07.2023;17:49:13;00:06:10;250,2;162,7;26,2;21,8;22,2;251,8;19,5;0,1;9,82E-2;-541,2;20,00;3,0;3,0;38,56;0,00;-0,029;1,8;4,27;0,428
372;03.07.2023;17:49:14;00:06:11;250,1;162,7;26,2;21,8;22,2;252,5;19,6;0,1;9,81E-2;-541,2;20,00;3,0;3,1;38,56;0,01;-0,033;1,8;4,27;0,427
373;03.07.2023;17:49:15;00:06:12;250,2;164,8;26,3;21,9;22,2;253,9;19,6;0,1;9,78E-2;-541,2;20,00;3,0;3,0;38,56;0,00;-0,032;1,8;4,29;0,430
374;03.07.2023;17:49:16;00:06:13;250,1;164,8;26,3;21,9;22,2;254,6;19,7;0,1;9,76E-2;-541,2;20,00;3,0;3,0;38,56;0,00;-0,036;1,8;4,27;0,428
375;03.07.2023;17:49:17;00:06:14;250,0;164,8;26,4;21,9;22,2;256,1;19,9;0,1;9,73E-2;-541,2;20,00;3,0;3,0;38,56;0,00;-0,033;1,9;4,31;0,431
376;03.07.2023;17:49:18;00:06:15;250,3;167,1;26,4;21,9;22,2;257,5;19,9;0,1;9,70E-2;-541,2;20,00;3,0;3,0;38,56;0,00;-0,027;1,8;4,26;0,432
377;03.07.2023;17:49:19;00:06:16;250,1;167,1;26,5;21,9;22,2;258,2;20,0;0,1;9,69E-2;-541,2;20,00;3,0;3,0;38,56;0,00;-0,028;1,8;4,29;0,432
378;03.07.2023;17:49:20;00:06:17;250,1;169,3;26,5;22,0;22,2;259,6;20,0;0,1;9,66E-2;-541,2;20,00;3,0;3,0;38,56;0,00;-0,025;1,9;4,29;0,435
379;03.07.2023;17:49:21;00:06:18;250,1;171,6;26,7;22,1;22,2;261,0;20,1;0,1;9,63E-2;-541,2;20,00;3,0;3,0;38,55;0,00;-0,028;1,9;4,31;0,438
380;03.07.2023;17:49:22;00:06:19;250,0;171,6;26,7;22,1;22,2;261,7;20,1;0,1;9,62E-2;-541,2;20,00;3,0;3,0;38,56;0,00;-0,027;1,9;4,29;0,435
381;03.07.2023;17:49:23;00:06:20;250,0;171,6;26,8;22,2;22,2;263,3;20,4;0,1;9,58E-2;-541,2;20,00;3,0;3,0;38,55;0,00;-0,029;1,9;4,30;0,439
382;03.07.2023;17:49:24;00:06:21;250,2;173,9;26,8;22,2;22,2;264,7;20,4;0,1;9,56E-2;-541,2;20,00;3,0;3,0;38,55;0,00;-0,031;1,9;4,32;0,440
383;03.07.2023;17:49:25;00:06:22;250,0;173,9;26,9;22,2;22,2;265,4;20,5;0,1;9,55E-2;-541,2;20,00;3,0;3,0;38,55;0,00;-0,030;1,9;4,31;0,440
384;03.07.2023;17:49:26;00:06:23;250,2;176,0;26,9;22,3;22,2;266,8;20,5;0,1;9,52E-2;-541,2;20,00;3,0;3,0;38,55;0,00;-0,028;1,9;4,30;0,440
385;03.07.2023;17:49:27;00:06:24;250,1;176,0;27,1;22,3;22,2;267,5;20,6;0,1;9,51E-2;-541,2;20,00;3,0;3,0;38,55;0,00;-0,027;1,9;4,35;0,442
386;03.07.2023;17:49:28;00:06:25;250,0;178,2;27,1;22,4;22,3;268,9;20,6;0,1;9,47E-2;-541,2;20,00;3,0;3,0;38,55;0,00;-0,028;1,9;4,34;0,444
387;03.07.2023;17:49:29;00:06:26;250,1;180,4;27,2;22,5;22,3;270,4;20,7;0,1;9,45E-2;-541,2;20,00;3,0;3,0;38,55;0,00;-0,031;1,9;4,37;0,444
388;03.07.2023;17:49:30;00:06:27;250,1;180,4;27,2;22,5;22,3;271,1;20,7;0,1;9,43E-2;-541,2;20,00;3,0;3,0;38,55;0,00;-0,030;1,9;4,36;0,444
389;03.07.2023;17:49:31;00:06:28;250,0;180,4;27,3;22,5;22,3;272,5;20,9;0,1;9,40E-2;-541,2;20,00;3,0;3,0;38,55;0,00;-0,033;1,9;4,37;0,447
390;03.07.2023;17:49:32;00:06:29;250,1;182,5;27,3;22,6;22,3;273,9;20,9;0,1;9,38E-2;-541,2;20,00;3,0;3,0;38,55;0,00;-0,025;2,0;4,36;0,449
391;03.07.2023;17:49:33;00:06:30;250,3;182,5;27,3;22,6;22,3;274,6;21,0;0,1;9,36E-2;-541,2;20,00;3,0;3,0;38,55;0,00;-0,029;2,0;4,36;0,449
392;03.07.2023;17:49:34;00:06:31;250,3;184,6;27,4;22,7;22,3;276,0;21,1;0,1;9,34E-2;-541,2;20,00;3,0;3,0;38,55;-0,01;-0,026;2,0;4,36;0,449
393;03.07.2023;17:49:35;00:06:32;250,0;184,6;27,6;22,7;22,3;277,5;21,3;0,1;9,31E-2;-541,2;20,00;3,0;3,0;38,55;-0,01;-0,023;2,0;4,39;0,454
394;03.07.2023;17:49:36;00:06:33;250,0;186,7;27,6;22,7;22,3;278,2;21,2;0,1;9,29E-2;-541,2;20,00;3,0;3,0;38,55;0,00;-0,025;2,0;4,38;0,454
395;03.07.2023;17:49:37;00:06:34;250,1;186,7;27,7;22,8;22,4;279,6;21,4;0,1;9,27E-2;-541,1;20,00;3,0;3,0;38,55;-0,01;-0,026;2,0;4,38;0,454
396;03.07.2023;17:49:38;00:06:35;250,1;188,9;27,7;22,8;22,4;281,0;21,4;0,1;9,24E-2;-541,2;20,00;3,0;3,0;38,54;-0,01;-0,032;2,0;4,41;0,454
397;03.07.2023;17:49:39;00:06:36;250,0;188,9;27,7;22,8;22,4;281,7;21,5;0,1;9,23E-2;-541,2;20,00;3,0;3,0;38,55;0,00;-0,031;2,0;4,40;0,457
398;03.07.2023;17:49:40;00:06:37;250,1;191,2;27,8;22,9;22,4;283,1;21,5;0,1;9,21E-2;-541,2;20,00;3,0;3,0;38,54;-0,01;-0,034;2,0;4,42;0,458
399;03.07.2023;17:49:41;00:06:38;250,1;191,2;27,8;22,9;22,4;283,9;21,6;0,1;9,19E-2;-541,2;20,00;3,0;3,0;38,55;-0,01;-0,036;2,0;4,41;0,458
400;03.07.2023;17:49:42;00:06:39;250,0;193,4;28,0;23,0;22,5;285,3;21,8;0,1;9,17E-2;-541,2;20,00;3,0;3,0;38,55;-0,01;-0,035;2,0;4,44;0,461
401;03.07.2023;17:49:43;00:06:40;250,0;193,4;28,0;23,0;22,5;286,7;21,9;0,1;9,14E-2;-541,2;20,00;3,0;3,0;38,54;-0,01;-0,031;2,1;4,39;0,460
402;03.07.2023;17:49:44;00:06:41;250,1;195,6;28,1;23,1;22,4;287,4;21,8;0,1;9,13E-2;-541,2;20,00;3,0;3,0;38,54;-0,01;-0,031;2,1;4,45;0,464
403;03.07.2023;17:49:45;00:06:42;250,1;195,6;28,3;23,2;22,4;288,8;22,0;0,1;9,10E-2;-541,2;20,00;3,0;3,0;38,54;-0,01;-0,037;2,0;4,44;0,464
404;03.07.2023;17:49:46;00:06:43;250,2;197,6;28,3;23,2;22,4;290,2;22,0;0,1;9,09E-2;-541,2;20,00;3,0;3,0;38,55;-0,01;-0,037;2,1;4,42;0,464
405;03.07.2023;17:49:47;00:06:44;250,1;197,6;28,4;23,2;22,4;291,0;22,1;0,1;9,08E-2;-541,2;20,00;3,0;3,0;38,54;-0,01;-0,032;2,1;4,49;0,468
406;03.07.2023;17:49:48;00:06:45;250,0;199,7;28,4;23,3;22,5;292,4;22,1;0,1;9,06E-2;-541,2;20,00;3,0;3,0;38,54;-0,01;-0,033;2,1;4,44;0,469
407;03.07.2023;17:49:49;00:06:46;250,2;201,8;28,5;23,4;22,5;293,8;22,2;0,1;9,05E-2;-541,2;20,00;3,0;3,0;38,54;-0,01;-0,035;2,1;4,45;0,469
408;03.07.2023;17:49:50;00:06:47;250,0;201,8;28,5;23,4;22,5;294,5;22,3;0,1;9,05E-2;-541,2;20,00;3,0;3,0;38,54;-0,01;-0,030;2,1;4,43;0,468
409;03.07.2023;17:49:51;00:06:48;250,1;201,8;28,6;23,5;22,5;295,9;22,5;0,1;9,02E-2;-541,2;20,00;3,0;3,0;38,54;-0,01;-0,034;2,1;4,46;0,469
410;03.07.2023;17:49:52;00:06:49;250,0;203,8;28,6;23,5;22,6;297,3;22,5;0,1;9,00E-2;-541,2;20,00;3,0;3,0;38,54;-0,01;-0,030;2,1;4,48;0,474
411;03.07.2023;17:49:53;00:06:50;250,1;203,8;28,8;23,6;22,6;298,1;22,6;0,1;8,99E-2;-541,2;20,00;3,0;3,0;38,54;-0,01;-0,034;2,1;4,45;0,474
412;03.07.2023;17:49:54;00:06:51;250,0;205,9;28,8;23,6;22,6;299,5;22,6;0,1;8,96E-2;-541,2;20,00;3,0;3,0;38,54;-0,02;-0,031;2,1;4,48;0,474
413;03.07.2023;17:49:55;00:06:52;250,0;208,0;28,9;23,6;22,6;300,3;22,7;0,1;8,95E-2;-541,2;20,00;3,0;3,0;38,54;-0,01;-0,040;2,1;4,46;0,475
414;03.07.2023;17:49:56;00:06:53;250,1;208,0;28,9;23,6;22,5;301,8;22,8;0,1;8,93E-2;-541,2;20,00;3,0;2,9;38,54;-0,01;-0,038;2,2;4,48;0,479
415;03.07.2023;17:49:57;00:06:54;250,1;207,9;28,9;23,7;22,5;303,3;23,0;0,1;8,91E-2;-541,2;20,00;3,0;3,0;38,54;-0,02;-0,025;2,2;4,50;0,479
416;03.07.2023;17:49:58;00:06:55;250,0;207,9;28,9;23,7;22,5;304,0;23,1;0,1;8,89E-2;-541,2;20,00;3,0;2,9;38,53;-0,02;-0,033;2,2;4,50;0,480
417;03.07.2023;17:49:59;00:06:56;250,1;210,1;28,9;23,7;22,5;305,6;23,2;0,1;8,88E-2;-541,2;20,00;3,0;3,1;38,53;-0,02;-0,032;2,2;4,49;0,482
418;03.07.2023;17:50:00;00:06:57;250,2;212,4;29,0;23,7;22,5;307,1;23,2;0,1;8,85E-2;-541,2;20,00;3,0;3,1;38,54;-0,02;-0,031;2,2;4,52;0,483
419;03.07.2023;17:50:01;00:06:58;250,3;212,4;29,2;23,7;22,5;307,9;23,3;0,1;8,84E-2;-541,2;20,00;3,0;3,0;38,53;-0,02;-0,030;2,2;4,54;0,484
420;03.07.2023;17:50:02;00:06:59;250,0;214,6;29,2;23,8;22,5;309,4;23,3;0,1;8,82E-2;-541,2;20,00;3,0;3,0;38,54;-0,02;-0,032;2,2;4,51;0,485
421;03.07.2023;17:50:03;00:07:00;250,0;214,6;29,3;23,8;22,5;310,9;23,5;0,1;8,80E-2;-541,2;20,00;3,0;3,0;38,53;-0,02;-0,031;2,2;4,54;0,488
422;03.07.2023;17:50:04;00:07:01;250,1;216,8;29,3;23,9;22,6;311,6;23,4;0,1;8,79E-2;-541,2;20,00;3,0;3,0;38,53;-0,02;-0,037;2,2;4,52;0,488
423;03.07.2023;17:50:05;00:07:02;250,1;218,9;29,4;24,0;22,6;313,3;23,6;0,1;8,77E-2;-541,2;20,00;3,0;3,0;38,53;-0,02;-0,041;2,2;4,54;0,490
424;03.07.2023;17:50:06;00:07:03;250,1;218,9;29,4;24,0;22,6;314,0;23,6;0,1;8,76E-2;-541,2;20,00;3,0;3,0;38,53;-0,02;-0,038;2,2;4,54;0,493
425;03.07.2023;17:50:07;00:07:04;250,0;218,9;29,6;24,1;22,6;315,5;23,8;0,1;8,74E-2;-541,2;20,00;3,0;3,0;38,53;-0,02;-0,041;2,2;4,55;0,491
426;03.07.2023;17:50:08;00:07:05;250,3;221,0;29,6;24,1;22,6;317,0;23,8;0,1;8,72E-2;-541,2;20,00;3,0;3,0;38,53;-0,03;-0,038;2,2;4,54;0,493
427;03.07.2023;17:50:09;00:07:06;250,2;221,0;29,6;24,1;22,6;317,8;23,9;0,1;8,71E-2;-541,2;20,00;3,0;3,0;38,53;-0,02;-0,037;2,2;4,55;0,494
428;03.07.2023;17:50:10;00:07:07;250,3;223,2;29,7;24,2;22,6;319,3;24,0;0,1;8,69E-2;-541,2;20,00;3,0;3,0;38,53;-0,02;-0,034;2,3;4,56;0,495
429;03.07.2023;17:50:11;00:07:08;250,3;223,2;29,8;24,2;22,6;320,9;24,2;0,1;8,68E-2;-541,2;20,00;3,0;2,9;38,53;-0,03;-0,034;2,3;4,57;0,498
430;03.07.2023;17:50:12;00:07:09;250,0;225,3;29,8;24,3;22,6;321,6;24,2;0,1;8,66E-2;-541,2;20,00;3,0;3,0;38,53;-0,03;-0,033;2,3;4,56;0,499
431;03.07.2023;17:50:13;00:07:10;250,3;227,5;29,9;24,4;22,6;323,1;24,4;0,1;8,64E-2;-541,2;20,00;3,0;3,0;38,53;-0,03;-0,034;2,3;4,60;0,501
432;03.07.2023;17:50:14;00:07:11;250,2;227,5;29,9;24,4;22,6;324,6;24,4;0,1;8,63E-2;-541,2;20,00;3,0;2,9;38,53;-0,03;-0,041;2,3;4,58;0,501
433;03.07.2023;17:50:15;00:07:12;250,0;227,5;30,1;24,5;22,6;325,4;24,5;0,1;8,62E-2;-541,2;20,00;3,0;3,0;38,53;-0,03;-0,037;2,3;4,59;0,503
434;03.07.2023;17:50:16;00:07:13;250,1;229,7;30,1;24,5;22,7;326,9;24,5;0,1;8,60E-2;-541,2;20,00;3,0;3,0;38,53;-0,03;-0,039;2,3;4,60;0,505
435;03.07.2023;17:50:17;00:07:14;250,1;229,6;30,1;24,4;22,6;328,5;24,8;0,1;8,59E-2;-541,2;20,00;3,0;2,9;38,52;-0,03;-0,041;2,3;4,59;0,508
436;03.07.2023;17:50:18;00:07:15;250,1;232,0;30,1;24,5;22,6;329,3;24,9;0,1;8,58E-2;-541,2;20,00;3,0;3,0;38,52;-0,03;-0,037;2,3;4,62;0,508
437;03.07.2023;17:50:19;00:07:16;250,0;232,0;30,1;24,5;22,7;330,8;24,9;0,1;8,57E-2;-541,2;20,00;3,0;3,0;38,52;-0,03;-0,042;2,3;4,59;0,508
438;03.07.2023;17:50:20;00:07:17;250,0;234,2;30,3;24,6;22,7;331,5;24,8;0,1;8,56E-2;-541,2;20,00;3,0;3,1;38,52;-0,03;-0,037;2,4;4,63;0,509
439;03.07.2023;17:50:21;00:07:18;250,1;234,2;30,4;24,6;22,7;333,0;25,0;0,1;8,54E-2;-541,2;20,00;3,0;3,0;38,52;-0,03;-0,046;2,4;4,62;0,511
440;03.07.2023;17:50:22;00:07:19;250,1;236,5;30,4;24,7;22,7;334,5;25,1;0,1;8,53E-2;-541,2;20,00;3,0;3,0;38,52;-0,03;-0,040;2,4;4,62;0,513
441;03.07.2023;17:50:23;00:07:20;250,0;236,5;30,4;24,7;22,7;335,4;25,2;0,1;8,52E-2;-541,2;20,00;3,0;3,0;38,52;-0,03;-0,043;2,4;4,61;0,513
442;03.07.2023;17:50:24;00:07:21;250,1;238,8;30,6;24,8;22,7;336,9;25,2;0,1;8,51E-2;-541,2;20,00;3,0;3,0;38,52;-0,03;-0,039;2,4;4,64;0,516
443;03.07.2023;17:50:25;00:07:22;250,0;241,0;30,7;24,9;22,7;338,4;25,3;0,1;8,49E-2;-541,2;20,00;3,0;3,0;38,52;-0,04;-0,039;2,4;4,62;0,516
444;03.07.2023;17:50:26;00:07:23;250,6;241,0;30,7;24,9;22,7;339,1;25,3;0,1;8,48E-2;-541,2;20,00;3,0;3,0;38,52;-0,03;-0,039;2,4;4,61;0,517
445;03.07.2023;17:50:27;00:07:24;252,6;241,0;30,7;24,9;22,7;340,6;25,5;0,1;8,46E-2;-541,2;20,00;3,0;3,0;38,52;-0,04;-0,036;2,4;4,63;0,519
446;03.07.2023;17:50:28;00:07:25;254,1;243,1;30,9;25,0;22,7;342,1;25,6;0,1;8,45E-2;-541,2;20,00;3,0;3,0;38,51;-0,03;-0,038;2,4;4,65;0,520
447;03.07.2023;17:50:29;00:07:26;254,8;243,1;31,0;25,0;22,7;343,0;25,7;0,1;8,44E-2;-541,2;20,00;3,0;3,0;38,52;-0,04;-0,041;2,4;4,68;0,523
448;03.07.2023;17:50:30;00:07:27;256,1;245,3;31,0;25,1;22,7;344,5;25,7;0,1;8,42E-2;-541,2;20,00;3,0;3,0;38,52;-0,04;-0,037;2,4;4,65;0,523
449;03.07.2023;17:50:31;00:07:28;258,2;245,3;31,1;25,1;22,7;346,0;25,9;0,1;8,41E-2;-541,2;20,00;3,0;3,0;38,51;-0,04;-0,039;2,5;4,64;0,527
450;03.07.2023;17:50:32;00:07:29;258,9;247,5;31,1;25,1;22,8;346,8;25,9;0,1;8,41E-2;-541,2;20,00;3,0;2,9;38,51;-0,04;-0,037;2,5;4,66;0,527
451;03.07.2023;17:50:33;00:07:30;260,1;249,6;31,3;25,2;22,8;348,3;26,1;0,1;8,39E-2;-541,2;20,00;3,0;3,0;38,51;-0,04;-0,045;2,5;4,68;0,527
452;03.07.2023;17:50:34;00:07:31;260,4;249,6;31,3;25,2;22,8;349,0;26,0;0,1;8,38E-2;-541,2;20,00;3,0;2,9;38,51;-0,04;-0,043;2,5;4,71;0,527
453;03.07.2023;17:50:35;00:07:32;262,1;249,6;31,4;25,3;22,8;350,6;26,2;0,1;8,36E-2;-541,2;20,00;3,0;2,9;38,51;-0,04;-0,040;2,5;4,65;0,532
454;03.07.2023;17:50:36;00:07:33;263,8;251,8;31,4;25,2;22,8;352,1;26,3;0,1;8,35E-2;-541,2;20,00;3,0;3,0;38,51;-0,04;-0,044;2,5;4,73;0,532
455;03.07.2023;17:50:37;00:07:34;264,9;251,7;31,4;25,2;22,7;352,9;26,4;0,1;8,34E-2;-541,2;20,00;3,0;3,0;38,51;-0,04;-0,042;2,5;4,69;0,532
456;03.07.2023;17:50:38;00:07:35;266,4;254,0;31,4;25,3;22,7;354,4;26,5;0,1;8,33E-2;-541,2;20,00;3,0;2,9;38,51;-0,04;-0,045;2,5;4,72;0,537
457;03.07.2023;17:50:39;00:07:36;267,3;254,0;31,4;25,3;22,7;355,9;26,6;0,1;8,31E-2;-541,2;20,00;3,0;3,0;38,51;-0,05;-0,035;2,5;4,74;0,537
458;03.07.2023;17:50:40;00:07:37;268,5;256,4;31,6;25,4;22,7;356,6;26,6;0,1;8,30E-2;-541,2;20,00;3,0;3,0;38,51;-0,04;-0,045;2,5;4,72;0,540
459;03.07.2023;17:50:41;00:07:38;270,6;256,4;31,7;25,5;22,7;358,3;26,8;0,1;8,29E-2;-541,2;20,00;3,0;3,0;38,51;-0,04;-0,049;2,6;4,71;0,538
460;03.07.2023;17:50:42;00:07:39;272,1;258,7;31,7;25,5;22,8;359,8;26,8;0,1;8,28E-2;-541,2;20,00;3,0;3,0;38,51;-0,05;-0,038;2,6;4,74;0,542
461;03.07.2023;17:50:43;00:07:40;272,8;258,7;31,7;25,5;22,8;360,5;26,9;0,1;8,27E-2;-541,2;20,00;3,0;3,0;38,51;-0,04;-0,045;2,6;4,76;0,542
462;03.07.2023;17:50:44;00:07:41;274,1;261,1;31,9;25,6;22,8;362,0;26,9;0,1;8,25E-2;-541,2;20,00;3,0;2,9;38,51;-0,05;-0,035;2,6;4,77;0,542
463;03.07.2023;17:50:45;00:07:42;274,7;261,1;31,9;25,6;22,8;362,8;27,0;0,1;8,24E-2;-541,2;20,00;3,0;3,0;38,51;-0,05;-0,038;2,6;4,72;0,545
464;03.07.2023;17:50:46;00:07:43;276,2;263,3;32,0;25,7;22,8;364,3;27,1;0,1;8,23E-2;-541,2;20,00;3,0;3,0;38,51;-0,05;-0,035;2,6;4,76;0,547
465;03.07.2023;17:50:47;00:07:44;277,6;263,3;32,2;25,7;22,8;365,9;27,3;0,1;8,22E-2;-541,2;20,00;3,0;3,0;38,51;-0,05;-0,035;2,6;4,76;0,548
466;03.07.2023;17:50:48;00:07:45;278,4;265,5;32,2;25,8;22,8;366,6;27,2;0,1;8,21E-2;-541,2;20,00;3,0;3,0;38,51;-0,05;-0,037;2,6;4,79;0,551
467;03.07.2023;17:50:49;00:07:46;280,1;265,5;32,3;25,9;22,8;368,1;27,4;0,1;8,19E-2;-541,2;20,00;3,0;3,0;38,50;-0,05;-0,037;2,6;4,80;0,552
468;03.07.2023;17:50:50;00:07:47;281,6;267,7;32,3;25,9;22,8;369,6;27,5;0,1;8,18E-2;-541,2;20,00;3,0;3,0;38,50;-0,05;-0,039;2,7;4,78;0,552
469;03.07.2023;17:50:51;00:07:48;282,3;267,7;32,4;26,0;22,8;370,4;27,6;0,1;8,17E-2;-541,2;20,00;3,0;3,0;38,50;-0,05;-0,037;2,7;4,79;0,554
470;03.07.2023;17:50:52;00:07:49;283,8;270,0;32,4;26,0;22,9;371,9;27,6;0,1;8,16E-2;-541,2;20,00;3,0;3,0;38,50;-0,05;-0,043;2,6;4,79;0,554
471;03.07.2023;17:50:53;00:07:50;284,9;272,2;32,6;26,1;22,9;373,5;27,7;0,1;8,14E-2;-541,2;20,00;3,0;3,0;38,50;-0,05;-0,037;2,7;4,78;0,557
472;03.07.2023;17:50:54;00:07:51;286,2;272,2;32,6;26,1;22,9;374,3;27,8;0,1;8,13E-2;-541,2;20,00;3,0;3,0;38,50;-0,06;-0,030;2,7;4,81;0,557
473;03.07.2023;17:50:55;00:07:52;287,8;274,5;32,7;26,2;22,9;375,8;27,8;0,1;8,12E-2;-541,2;20,00;3,0;3,0;38,50;-0,05;-0,036;2,7;4,78;0,559
474;03.07.2023;17:50:56;00:07:53;289,0;274,5;32,7;26,2;22,9;377,3;28,0;0,1;8,11E-2;-541,2;20,00;3,0;3,0;38,50;-0,05;-0,040;2,7;4,79;0,561
475;03.07.2023;17:50:57;00:07:54;289,9;274,5;32,8;26,2;22,9;378,0;28,1;0,1;8,10E-2;-541,2;20,00;3,0;3,0;38,50;-0,05;-0,039;2,7;4,79;0,562
476;03.07.2023;17:50:58;00:07:55;291,3;277,0;32,9;26,3;23,0;379,5;28,2;0,1;8,08E-2;-541,2;20,00;3,0;3,0;38,50;-0,06;-0,046;2,7;4,82;0,567
477;03.07.2023;17:50:59;00:07:56;292,2;277,0;32,9;26,3;23,0;380,3;28,2;0,1;8,07E-2;-541,2;20,00;3,0;3,0;38,49;-0,06;-0,046;2,7;4,85;0,567
478;03.07.2023;17:51:00;00:07:57;293,8;279,5;33,1;26,4;23,0;381,9;28,3;0,1;8,06E-2;-541,2;20,00;3,0;3,0;38,49;-0,06;-0,042;2,7;4,80;0,567
479;03.07.2023;17:51:01;00:07:58;295,1;279,5;33,3;26,4;23,0;383,4;28,5;0,1;8,05E-2;-541,2;20,00;3,0;3,0;38,50;-0,06;-0,040;2,7;4,82;0,567
480;03.07.2023;17:51:02;00:07:59;295,8;279,5;33,3;26,5;23,0;384,1;28,6;0,1;8,04E-2;-541,2;20,00;3,0;3,0;38,49;-0,06;-0,042;2,8;4,81;0,567
481;03.07.2023;17:51:03;00:08:00;297,6;282,0;33,3;26,5;23,0;385,6;28,6;0,1;8,02E-2;-541,2;20,00;3,0;3,1;38,50;-0,06;-0,034;2,8;4,85;0,570
482;03.07.2023;17:51:04;00:08:01;298,9;284,6;33,4;26,6;23,1;387,1;28,6;0,1;8,01E-2;-541,2;20,00;3,0;3,0;38,49;-0,06;-0,038;2,8;4,79;0,571
483;03.07.2023;17:51:05;00:08:02;299,9;284,6;33,4;26,6;23,1;387,9;28,7;0,1;8,01E-2;-541,2;20,00;3,0;3,0;38,49;-0,06;-0,038;2,8;4,84;0,572
484;03.07.2023;17:51:06;00:08:03;301,4;286,8;33,6;26,7;23,1;389,5;28,8;0,1;7,99E-2;-541,2;20,00;3,0;3,0;38,49;-0,06;-0,033;2,8;4,84;0,577
485;03.07.2023;17:51:07;00:08:04;302,8;286,8;33,7;26,7;23,1;391,0;29,0;0,1;7,98E-2;-541,2;20,00;3,0;3,0;38,49;-0,06;-0,038;2,8;4,84;0,576
486;03.07.2023;17:51:08;00:08:05;303,6;289,1;33,7;26,8;23,1;391,8;28,9;0,1;7,97E-2;-541,2;20,00;3,0;2,9;38,49;-0,07;-0,039;2,8;4,84;0,576
487;03.07.2023;17:51:09;00:08:06;305,0;291,4;33,8;26,9;23,1;393,3;29,1;0,1;7,96E-2;-541,2;20,00;3,0;3,0;38,49;-0,06;-0,045;2,8;4,88;0,578
488;03.07.2023;17:51:10;00:08:07;306,3;291,4;33,8;26,9;23,1;394,8;29,1;0,1;7,95E-2;-541,2;20,00;3,0;3,0;38,49;-0,06;-0,043;2,8;4,86;0,580
489;03.07.2023;17:51:11;00:08:08;307,3;291,4;33,8;26,9;23,1;395,5;29,2;0,1;7,94E-2;-541,2;20,00;3,0;3,0;38,49;-0,06;-0,044;2,8;4,84;0,581
490;03.07.2023;17:51:12;00:08:09;309,1;293,7;34,0;27,0;23,1;397,1;29,3;0,1;7,93E-2;-541,2;20,00;3,0;2,9;38,49;-0,06;-0,040;2,8;4,85;0,582
491;03.07.2023;17:51:13;00:08:10;309,7;293,7;34,0;27,0;23,1;397,9;29,4;0,1;7,92E-2;-541,2;20,00;3,0;3,0;38,49;-0,07;-0,035;2,8;4,88;0,585
492;03.07.2023;17:51:14;00:08:11;311,1;296,0;34,1;27,1;23,1;399,4;29,4;0,1;7,91E-2;-541,2;20,00;3,0;2,9;38,48;-0,06;-0,040;2,9;4,88;0,586
493;03.07.2023;17:51:15;00:08:12;312,5;296,0;34,3;27,1;23,1;400,9;29,6;0,1;7,89E-2;-541,2;20,00;3,0;2,9;38,49;-0,07;-0,043;2,9;4,89;0,587
494;03.07.2023;17:51:16;00:08:13;313,7;298,4;34,3;27,2;23,1;401,6;29,6;0,1;7,89E-2;-541,2;20,00;3,0;3,0;38,48;-0,07;-0,041;2,9;4,86;0,590
495;03.07.2023;17:51:17;00:08:14;314,6;298,4;34,3;27,2;23,1;403,1;29,8;0,1;7,88E-2;-541,2;20,00;3,0;3,0;38,49;-0,07;-0,043;2,9;4,90;0,591
496;03.07.2023;17:51:18;00:08:15;316,7;300,8;34,3;27,2;23,1;404,8;29,8;0,1;7,86E-2;-541,2;20,00;3,0;3,0;38,49;-0,07;-0,045;2,9;4,93;0,593
497;03.07.2023;17:51:19;00:08:16;317,3;300,8;34,3;27,2;23,1;405,5;29,9;0,1;7,86E-2;-541,2;20,00;3,0;3,0;38,48;-0,07;-0,042;2,9;4,90;0,591
498;03.07.2023;17:51:20;00:08:17;318,8;303,3;34,5;27,3;23,1;407,0;29,9;0,1;7,84E-2;-541,2;20,00;3,0;3,0;38,49;-0,07;-0,041;2,9;4,93;0,596
499;03.07.2023;17:51:21;00:08:18;320,1;303,3;34,7;27,3;23,1;408,5;30,1;0,1;7,84E-2;-541,2;20,00;3,0;2,9;38,48;-0,07;-0,040;2,9;4,94;0,596
500;03.07.2023;17:51:22;00:08:19;321,4;303,3;34,7;27,4;23,1;409,3;30,3;0,1;7,83E-2;-541,2;20,00;3,0;3,0;38,48;-0,07;-0,039;3,0;4,95;0,598
501;03.07.2023;17:51:23;00:08:20;322,5;305,7;34,7;27,4;23,1;410,8;30,3;0,1;7,82E-2;-541,2;20,00;3,0;3,0;38,48;-0,07;-0,039;3,0;4,94;0,601
502;03.07.2023;17:51:24;00:08:21;323,6;308,2;34,8;27,5;23,2;411,6;30,2;0,1;7,82E-2;-541,2;20,00;3,0;3,0;38,48;-0,07;-0,038;3,0;4,94;0,603
503;03.07.2023;17:51:25;00:08:22;325,1;308,2;35,0;27,5;23,2;413,1;30,4;0,1;7,80E-2;-541,2;20,00;3,0;3,0;38,48;-0,07;-0,040;3,0;4,96;0,601
504;03.07.2023;17:51:26;00:08:23;326,5;310,6;35,0;27,6;23,2;414,6;30,5;0,1;7,79E-2;-541,2;20,00;3,0;3,0;38,48;-0,07;-0,045;3,0;4,96;0,606
505;03.07.2023;17:51:27;00:08:24;327,3;310,6;35,0;27,6;23,2;415,4;30,5;0,1;7,79E-2;-541,2;20,00;3,0;3,0;38,48;-0,08;-0,040;3,0;4,96;0,606
506;03.07.2023;17:51:28;00:08:25;329,0;312,9;35,1;27,7;23,1;416,9;30,6;0,1;7,78E-2;-541,2;20,00;3,0;3,1;38,48;-0,07;-0,039;3,0;5,00;0,606
507;03.07.2023;17:51:29;00:08:26;330,4;315,3;35,3;27,8;23,1;418,4;30,8;0,1;7,77E-2;-541,2;20,00;3,0;3,0;38,48;-0,08;-0,039;3,0;4,96;0,606
508;03.07.2023;17:51:30;00:08:27;331,1;315,3;35,3;27,8;23,1;419,3;30,7;0,1;7,76E-2;-541,2;20,00;3,0;3,0;38,48;-0,08;-0,036;3,0;4,98;0,606
509;03.07.2023;17:51:31;00:08:28;333,0;315,3;35,4;27,8;23,2;420,8;30,9;0,1;7,75E-2;-541,2;20,00;3,0;3,1;38,47;-0,08;-0,035;3,0;4,96;0,610
510;03.07.2023;17:51:32;00:08:29;334,5;317,6;35,4;27,9;23,3;422,3;30,9;0,1;7,74E-2;-541,2;20,00;3,0;3,0;38,48;-0,08;-0,039;3,1;4,98;0,612
511;03.07.2023;17:51:33;00:08:30;335,2;317,6;35,4;27,9;23,3;423,0;31,1;0,1;7,74E-2;-541,2;20,00;3,0;3,0;38,47;-0,08;-0,042;3,0;4,95;0,615
512;03.07.2023;17:51:34;00:08:31;336,6;320,0;35,6;28,0;23,3;424,5;31,1;0,1;7,73E-2;-541,2;20,00;3,0;3,0;38,48;-0,08;-0,044;3,0;4,97;0,615
513;03.07.2023;17:51:35;00:08:32;338,2;320,0;35,7;28,1;23,3;426,0;31,3;0,1;7,72E-2;-541,2;20,00;3,0;3,0;38,47;-0,08;-0,043;3,1;4,98;0,618
514;03.07.2023;17:51:36;00:08:33;339,1;322,4;35,7;28,1;23,4;426,9;31,2;0,1;7,71E-2;-541,2;20,00;3,0;3,0;38,47;-0,08;-0,046;3,1;5,03;0,620
515;03.07.2023;17:51:37;00:08:34;340,7;322,4;35,9;28,1;23,4;428,4;31,4;0,1;7,70E-2;-541,2;20,00;3,0;3,1;38,47;-0,08;-0,041;3,1;4,99;0,621
516;03.07.2023;17:51:38;00:08:35;341,4;322,4;35,9;28,1;23,4;429,1;31,6;0,1;7,70E-2;-541,2;20,00;3,0;3,0;38,47;-0,08;-0,038;3,1;5,01;0,625
517;03.07.2023;17:51:39;00:08:36;343,1;324,9;35,9;28,2;23,3;430,6;31,6;0,1;7,69E-2;-541,2;20,00;3,0;3,0;38,47;-0,08;-0,035;3,1;5,02;0,623
518;03.07.2023;17:51:40;00:08:37;344,4;327,5;36,0;28,3;23,3;432,1;31,6;0,1;7,68E-2;-541,2;20,00;3,0;3,0;38,47;-0,08;-0,034;3,1;5,01;0,625
519;03.07.2023;17:51:41;00:08:38;345,3;327,5;36,0;28,3;23,3;432,9;31,7;0,1;7,68E-2;-541,2;20,00;3,0;2,9;38,47;-0,09;-0,031;3,1;5,00;0,625
520;03.07.2023;17:51:42;00:08:39;346,8;330,0;36,2;28,4;23,4;434,5;31,8;0,1;7,66E-2;-541,2;20,00;3,0;3,0;38,47;-0,09;-0,039;3,2;5,02;0,626
521;03.07.2023;17:51:43;00:08:40;348,6;330,0;36,2;28,4;23,4;436,0;31,9;0,1;7,65E-2;-541,2;20,00;3,0;3,0;38,46;-0,09;-0,046;3,2;5,05;0,627
522;03.07.2023;17:51:44;00:08:41;349,3;332,7;36,3;28,5;23,4;436,8;31,8;0,1;7,65E-2;-541,2;20,00;3,0;3,0;38,47;-0,09;-0,050;3,2;5,05;0,631
523;03.07.2023;17:51:45;00:08:42;350,9;332,7;36,5;28,5;23,4;438,3;32,0;0,1;7,64E-2;-541,2;20,00;3,0;3,0;38,46;-0,09;-0,048;3,2;5,01;0,630
524;03.07.2023;17:51:46;00:08:43;352,4;335,2;36,5;28,6;23,4;439,8;32,1;0,1;7,63E-2;-541,2;20,00;3,0;3,1;38,47;-0,09;-0,046;3,2;5,05;0,634
525;03.07.2023;17:51:47;00:08:44;353,2;335,2;36,5;28,6;23,4;440,5;32,1;0,1;7,63E-2;-541,2;20,00;3,0;3,0;38,46;-0,09;-0,052;3,2;5,04;0,635
526;03.07.2023;17:51:48;00:08:45;354,9;337,7;36,6;28,7;23,4;442,1;32,2;0,1;7,62E-2;-541,2;20,00;3,0;3,0;38,46;-0,09;-0,049;3,2;5,07;0,635
527;03.07.2023;17:51:49;00:08:46;355,6;337,7;36,6;28,7;23,4;442,9;32,3;0,1;7,61E-2;-541,2;20,00;3,0;3,0;38,46;-0,09;-0,042;3,2;5,03;0,635
528;03.07.2023;17:51:50;00:08:47;357,1;340,2;36,8;28,8;23,4;444,4;32,5;0,1;7,60E-2;-541,2;20,00;3,0;3,0;38,46;-0,09;-0,043;3,2;5,05;0,637
529;03.07.2023;17:51:51;00:08:48;358,8;340,2;36,8;28,8;23,4;445,9;32,5;0,1;7,60E-2;-541,2;20,00;3,0;3,0;38,46;-0,10;-0,040;3,2;5,06;0,640
530;03.07.2023;17:51:52;00:08:49;359,4;342,7;36,9;28,9;23,4;446,6;32,5;0,1;7,59E-2;-541,2;20,00;3,0;3,0;38,46;-0,09;-0,044;3,2;5,05;0,640
531;03.07.2023;17:51:53;00:08:50;360,9;342,7;37,1;28,9;23,4;448,1;32,6;0,1;7,58E-2;-541,2;20,00;3,0;3,0;38,46;-0,10;-0,041;3,3;5,08;0,643
532;03.07.2023;17:51:54;00:08:51;362,6;345,1;37,1;29,0;23,5;449,8;32,7;0,1;7,58E-2;-541,2;20,00;3,0;3,0;38,46;-0,10;-0,043;3,2;5,04;0,645
533;03.07.2023;17:51:55;00:08:52;363,8;345,1;37,3;29,0;23,5;450,5;32,8;0,1;7,57E-2;-541,2;20,00;3,0;3,1;38,46;-0,09;-0,048;3,3;5,07;0,645
534;03.07.2023;17:51:56;00:08:53;365,2;347,6;37,3;29,1;23,5;452,0;32,8;0,1;7,56E-2;-541,2;20,00;3,0;3,0;38,46;-0,10;-0,036;3,3;5,08;0,645
535;03.07.2023;17:51:57;00:08:54;366,6;347,6;37,2;29,1;23,5;453,5;33,0;0,1;7,55E-2;-541,2;20,00;3,0;2,9;38,45;-0,09;-0,039;3,3;5,05;0,647
536;03.07.2023;17:51:58;00:08:55;367,4;347,6;37,4;29,2;23,5;454,3;33,1;0,1;7,55E-2;-541,2;20,00;3,0;3,0;38,46;-0,10;-0,035;3,3;5,06;0,650
537;03.07.2023;17:51:59;00:08:56;368,8;350,2;37,4;29,2;23,5;455,8;33,1;0,1;7,54E-2;-541,2;20,00;3,0;3,0;38,45;-0,10;-0,039;3,3;5,08;0,650
538;03.07.2023;17:52:00;00:08:57;370,9;352,8;37,6;29,3;23,5;457,4;33,1;0,1;7,53E-2;-541,2;20,00;3,0;3,0;38,45;-0,10;-0,043;3,3;5,09;0,650
539;03.07.2023;17:52:01;00:08:58;371,7;352,8;37,7;29,3;23,5;458,1;33,2;0,1;7,53E-2;-541,2;20,00;3,0;3,0;38,45;-0,10;-0,038;3,3;5,10;0,653
540;03.07.2023;17:52:02;00:08:59;373,1;355,4;37,7;29,5;23,5;459,6;33,3;0,1;7,52E-2;-541,2;20,00;3,0;3,1;38,45;-0,10;-0,045;3,4;5,10;0,656
541;03.07.2023;17:52:03;00:09:00;373,6;355,4;37,7;29,5;23,5;460,4;33,3;0,1;7,52E-2;-541,2;20,00;3,0;3,0;38,45;-0,10;-0,044;3,4;5,10;0,656
542;03.07.2023;17:52:04;00:09:01;375,7;358,1;37,9;29,6;23,6;461,9;33,3;0,1;7,50E-2;-541,2;20,00;3,0;3,0;38,45;-0,10;-0,047;3,4;5,11;0,659
543;03.07.2023;17:52:05;00:09:02;377,1;358,1;38,1;29,7;23,6;463,4;33,6;0,1;7,50E-2;-541,2;20,00;3,0;3,0;38,45;-0,10;-0,043;3,4;5,11;0,659
544;03.07.2023;17:52:06;00:09:03;377,7;358,1;38,1;29,7;23,6;464,1;33,7;0,1;7,50E-2;-541,2;20,00;3,0;3,0;38,45;-0,10;-0,047;3,4;5,08;0,661
545;03.07.2023;17:52:07;00:09:04;379,8;360,5;38,1;29,7;23,6;465,8;33,7;0,1;7,49E-2;-541,2;20,00;3,0;3,0;38,45;-0,10;-0,043;3,4;5,13;0,663
546;03.07.2023;17:52:08;00:09:05;381,3;363,0;38,2;29,8;23,5;467,3;33,7;0,1;7,48E-2;-541,2;20,00;3,0;3,1;38,45;-0,10;-0,042;3,4;5,10;0,664
547;03.07.2023;17:52:09;00:09:06;381,9;363,0;38,2;29,8;23,5;468,0;33,8;0,1;7,48E-2;-541,2;20,00;3,0;3,0;38,45;-0,10;-0,041;3,4;5,13;0,664
548;03.07.2023;17:52:10;00:09:07;383,8;365,5;38,4;29,9;23,6;469,5;33,8;0,1;7,47E-2;-541,2;20,00;3,0;3,0;38,45;-0,11;-0,042;3,4;5,11;0,664
549;03.07.2023;17:52:11;00:09:08;385,0;365,5;38,6;29,9;23,6;471,0;34,1;0,1;7,46E-2;-541,2;20,00;3,0;3,1;38,44;-0,11;-0,043;3,4;5,12;0,668
550;03.07.2023;17:52:12;00:09:09;386,0;367,9;38,6;30,0;23,6;471,8;34,0;0,1;7,45E-2;-541,2;20,00;3,0;3,0;38,45;-0,11;-0,045;3,4;5,13;0,669
551;03.07.2023;17:52:13;00:09:10;387,8;367,9;38,7;30,1;23,6;473,4;34,2;0,1;7,45E-2;-541,2;20,00;3,0;3,0;38,45;-0,11;-0,047;3,4;5,12;0,670
552;03.07.2023;17:52:14;00:09:11;389,4;370,4;38,7;30,1;23,7;474,9;34,2;0,1;7,44E-2;-541,2;20,00;3,0;3,0;38,44;-0,11;-0,049;3,4;5,16;0,673
553;03.07.2023;17:52:15;00:09:12;390,4;370,4;38,9;30,1;23,7;475,6;34,3;0,1;7,44E-2;-541,2;20,00;3,0;2,9;38,45;-0,11;-0,050;3,5;5,11;0,674
554;03.07.2023;17:52:16;00:09:13;392,0;372,9;38,9;30,2;23,7;477,1;34,3;0,1;7,43E-2;-541,2;20,00;3,0;3,0;38,44;-0,11;-0,047;3,5;5,17;0,674
555;03.07.2023;17:52:17;00:09:14;392,7;372,9;38,9;30,2;23,8;477,9;34,4;0,1;7,43E-2;-541,2;20,00;3,0;3,0;38,44;-0,11;-0,044;3,5;5,15;0,674
556;03.07.2023;17:52:18;00:09:15;394,2;373,0;39,1;30,4;23,8;479,4;34,6;0,1;7,42E-2;-541,2;20,00;3,0;3,0;38,44;-0,11;-0,055;3,5;5,15;0,678
557;03.07.2023;17:52:19;00:09:16;395,9;375,7;39,1;30,4;23,8;481,0;34,7;0,1;7,41E-2;-541,2;20,00;3,0;3,0;38,44;-0,11;-0,055;3,5;5,18;0,679
558;03.07.2023;17:52:20;00:09:17;396,8;378,4;39,3;30,5;23,8;481,8;34,6;0,1;7,41E-2;-541,2;20,00;3,0;3,0;38,44;-0,12;-0,049;3,5;5,20;0,679
559;03.07.2023;17:52:21;00:09:18;398,3;378,4;39,5;30,5;23,8;483,3;34,8;0,1;7,40E-2;-541,2;20,00;3,0;2,9;38,44;-0,11;-0,052;3,5;5,16;0,679
560;03.07.2023;17:52:22;00:09:19;400,0;381,1;39,5;30,7;23,8;484,8;34,8;0,1;7,40E-2;-541,2;20,00;3,0;3,0;38,44;-0,12;-0,050;3,5;5,19;0,684
561;03.07.2023;17:52:23;00:09:20;400,5;381,1;39,5;30,7;23,8;485,5;34,9;0,1;7,40E-2;-541,2;20,00;3,0;3,0;38,43;-0,11;-0,051;3,6;5,19;0,684
562;03.07.2023;17:52:24;00:09:21;402,5;383,7;39,6;30,8;23,9;487,0;34,9;0,1;7,39E-2;-541,2;20,00;3,0;2,9;38,44;-0,12;-0,054;3,6;5,18;0,688
563;03.07.2023;17:52:25;00:09:22;403,9;383,7;39,8;30,9;23,9;488,6;35,1;0,1;7,38E-2;-541,2;20,00;3,0;3,0;38,44;-0,12;-0,056;3,6;5,24;0,689
564;03.07.2023;17:52:26;00:09:23;404,8;383,7;39,8;30,9;23,9;489,4;35,2;0,1;7,38E-2;-541,2;20,00;3,0;3,0;38,43;-0,12;-0,056;3,6;5,23;0,689
565;03.07.2023;17:52:27;00:09:24;406,6;386,3;39,8;30,9;23,9;490,9;35,2;0,1;7,37E-2;-541,2;20,00;3,0;2,9;38,44;-0,12;-0,052;3,6;5,25;0,689
566;03.07.2023;17:52:28;00:09:25;407,3;388,8;39,9;31,0;23,9;491,6;35,2;0,1;7,37E-2;-541,2;20,00;3,0;3,0;38,43;-0,12;-0,050;3,6;5,21;0,690
567;03.07.2023;17:52:29;00:09:26;408,8;388,8;39,9;31,0;23,9;493,1;35,3;0,1;7,36E-2;-541,2;20,00;3,0;3,0;38,43;-0,12;-0,050;3,6;5,21;0,694
568;03.07.2023;17:52:30;00:09:27;410,5;391,4;40,1;31,1;23,9;494,6;35,4;0,1;7,35E-2;-541,2;20,00;3,0;3,0;38,43;-0,12;-0,048;3,6;5,22;0,694
569;03.07.2023;17:52:31;00:09:28;411,4;391,4;40,1;31,1;23,9;495,5;35,4;0,1;7,35E-2;-541,2;20,00;3,0;3,0;38,43;-0,12;-0,049;3,6;5,23;0,695
570;03.07.2023;17:52:32;00:09:29;412,9;394,1;40,3;31,2;23,9;497,0;35,4;0,1;7,35E-2;-541,2;20,00;3,0;3,0;38,43;-0,13;-0,052;3,7;5,23;0,698
571;03.07.2023;17:52:33;00:09:30;414,7;394,1;40,5;31,3;23,9;498,5;35,7;0,1;7,35E-2;-541,2;20,00;3,0;3,0;38,43;-0,13;-0,059;3,7;5,23;0,697
572;03.07.2023;17:52:34;00:09:31;415,4;394,1;40,5;31,3;23,9;499,3;35,8;0,1;7,34E-2;-541,2;20,00;3,0;3,0;38,43;-0,13;-0,055;3,7;5,25;0,700
573;03.07.2023;17:52:35;00:09:32;417,0;396,7;40,5;31,3;24,0;500,8;35,8;0,1;7,34E-2;-541,2;20,00;3,0;3,0;38,42;-0,13;-0,057;3,7;5,22;0,700
574;03.07.2023;17:52:36;00:09:33;418,4;399,4;40,6;31,5;24,0;502,3;35,7;0,1;7,33E-2;-541,2;20,00;3,0;3,0;38,43;-0,13;-0,057;3,7;5,25;0,703
575;03.07.2023;17:52:37;00:09:34;419,6;399,4;40,6;31,5;24,0;503,1;35,9;0,1;7,33E-2;-541,2;20,00;3,0;3,0;38,43;-0,13;-0,050;3,7;5,24;0,703
576;03.07.2023;17:52:38;00:09:35;421,0;402,2;40,8;31,6;24,1;504,6;36,0;0,1;7,33E-2;-541,2;20,00;3,0;3,0;38,42;-0,13;-0,053;3,7;5,26;0,703
577;03.07.2023;17:52:39;00:09:36;422,9;402,2;40,8;31,6;24,1;506,1;36,1;0,1;7,32E-2;-541,2;20,00;3,0;3,0;38,42;-0,13;-0,056;3,7;5,25;0,705
578;03.07.2023;17:52:40;00:09:37;423,7;402,2;41,0;31,8;24,1;506,9;36,2;0,1;7,32E-2;-541,2;20,00;3,0;3,0;38,42;-0,13;-0,057;3,7;5,26;0,705
579;03.07.2023;17:52:41;00:09:38;425,2;404,9;41,0;31,8;24,1;508,4;36,2;0,1;7,31E-2;-541,2;20,00;3,0;3,1;38,42;-0,13;-0,053;3,7;5,26;0,708
580;03.07.2023;17:52:42;00:09:39;425,8;404,9;41,0;31,8;24,1;509,1;36,3;0,1;7,31E-2;-541,2;20,00;3,0;3,0;38,41;-0,13;-0,057;3,7;5,26;0,708
581;03.07.2023;17:52:43;00:09:40;427,9;407,6;41,2;31,9;24,1;510,8;36,3;0,1;7,31E-2;-541,2;20,00;3,0;2,9;38,42;-0,13;-0,061;3,7;5,27;0,709
582;03.07.2023;17:52:44;00:09:41;429,3;410,3;41,4;32,0;24,1;512,3;36,3;0,1;7,30E-2;-541,2;20,00;3,0;3,0;38,42;-0,14;-0,060;3,7;5,23;0,712
583;03.07.2023;17:52:45;00:09:42;430,0;410,3;41,4;32,0;24,1;513,0;36,4;0,1;7,30E-2;-541,2;20,00;3,0;3,0;38,41;-0,13;-0,060;3,7;5,23;0,712
584;03.07.2023;17:52:46;00:09:43;431,4;412,9;41,5;32,1;24,1;514,5;36,6;0,1;7,30E-2;-541,2;20,00;3,0;3,0;38,42;-0,14;-0,058;3,8;5,28;0,717
585;03.07.2023;17:52:47;00:09:44;433,3;412,9;41,5;32,1;24,2;516,0;36,6;0,1;7,30E-2;-541,2;20,00;3,0;3,0;38,42;-0,14;-0,050;3,8;5,27;0,716
586;03.07.2023;17:52:48;00:09:45;434,1;415,4;41,7;32,2;24,2;516,8;36,6;0,1;7,29E-2;-541,2;20,00;3,0;2,9;38,42;-0,14;-0,057;3,8;5,28;0,718
587;03.07.2023;17:52:49;00:09:46;436,0;415,4;41,8;32,3;24,2;518,4;36,7;0,1;7,29E-2;-541,2;20,00;3,0;3,0;38,42;-0,14;-0,055;3,8;5,25;0,718
588;03.07.2023;17:52:50;00:09:47;437,5;417,9;41,8;32,3;24,2;519,9;36,8;0,1;7,29E-2;-541,2;20,00;3,0;3,0;38,41;-0,14;-0,052;3,8;5,28;0,720
589;03.07.2023;17:52:51;00:09:48;438,3;417,9;41,8;32,3;24,2;520,6;36,9;0,1;7,28E-2;-541,2;20,00;3,0;2,9;38,41;-0,14;-0,055;3,8;5,32;0,721
590;03.07.2023;17:52:52;00:09:49;440,0;420,4;42,0;32,4;24,2;522,1;36,9;0,1;7,28E-2;-541,2;20,00;3,0;2,9;38,41;-0,14;-0,048;3,9;5,31;0,723
591;03.07.2023;17:52:53;00:09:50;441,6;423,0;42,2;32,5;24,2;523,6;37,0;0,1;7,27E-2;-541,2;20,00;3,0;3,0;38,41;-0,14;-0,049;3,8;5,32;0,723
592;03.07.2023;17:52:54;00:09:51;442,1;423,0;42,2;32,5;24,2;524,4;37,0;0,1;7,26E-2;-541,2;20,00;3,0;3,0;38,41;-0,15;-0,049;3,8;5,29;0,723
593;03.07.2023;17:52:55;00:09:52;443,9;423,0;42,3;32,5;24,2;526,0;37,2;0,1;7,25E-2;-541,2;20,00;3,0;3,0;38,41;-0,15;-0,048;3,8;5,33;0,725
594;03.07.2023;17:52:56;00:09:53;445,0;425,6;42,3;32,6;24,3;526,8;37,1;0,1;7,25E-2;-541,2;20,00;3,0;3,1;38,41;-0,15;-0,050;3,9;5,29;0,729
595;03.07.2023;17:52:57;00:09:54;446,4;425,6;42,2;32,6;24,2;528,3;37,3;0,1;7,25E-2;-541,2;20,00;3,0;3,0;38,41;-0,15;-0,052;3,9;5,32;0,728
596;03.07.2023;17:52:58;00:09:55;448,2;428,2;42,4;32,7;24,2;529,8;37,4;0,1;7,24E-2;-541,2;20,00;3,0;3,0;38,40;-0,15;-0,051;3,9;5,33;0,733
597;03.07.2023;17:52:59;00:09:56;448,9;428,2;42,4;32,7;24,2;530,5;37,4;0,1;7,25E-2;-541,2;20,00;3,0;3,0;38,40;-0,15;-0,047;3,9;5,35;0,733
598;03.07.2023;17:53:00;00:09:57;450,5;430,9;42,6;32,8;24,2;532,0;37,4;0,1;7,24E-2;-541,2;20,00;3,0;3,0;38,40;-0,15;-0,048;3,9;5,30;0,733
599;03.07.2023;17:53:01;00:09:58;452,2;430,9;42,7;32,8;24,3;533,6;37,6;0,1;7,23E-2;-541,2;20,00;3,0;3,0;38,40;-0,15;-0,057;3,9;5,31;0,733
600;03.07.2023;17:53:02;00:09:59;453,0;430,9;42,7;32,9;24,3;534,4;37,8;0,1;7,23E-2;-541,2;20,00;3,0;3,0;38,40;-0,15;-0,052;3,9;5,33;0,737
601;03.07.2023;17:53:03;00:10:00;454,8;433,6;42,7;32,9;24,3;535,9;37,7;0,1;7,22E-2;-541,2;20,00;3,0;3,1;38,40;-0,15;-0,046;4,0;5,36;0,737
602;03.07.2023;17:53:04;00:10:01;456,2;436,3;42,9;33,0;24,3;537,4;37,7;0,1;7,22E-2;-541,2;20,00;3,0;3,0;38,40;-0,16;-0,045;3,9;5,34;0,738
603;03.07.2023;17:53:05;00:10:02;457,2;436,3;42,9;33,0;24,3;538,1;37,8;0,1;7,21E-2;-541,2;20,00;3,0;3,0;38,40;-0,15;-0,047;4,0;5,31;0,742
604;03.07.2023;17:53:06;00:10:03;458,8;438,9;43,1;33,1;24,3;539,6;37,9;0,1;7,21E-2;-541,2;20,00;3,0;3,0;38,40;-0,16;-0,044;4,0;5,38;0,742
605;03.07.2023;17:53:07;00:10:04;459,5;438,9;43,1;33,1;24,3;540,4;37,9;0,1;7,21E-2;-541,2;20,00;3,0;3,1;38,40;-0,15;-0,048;4,0;5,31;0,742
606;03.07.2023;17:53:08;00:10:05;461,5;441,4;43,2;33,3;24,3;542,0;38,0;0,1;7,20E-2;-541,2;20,00;3,0;3,0;38,40;-0,16;-0,049;4,0;5,39;0,747
607;03.07.2023;17:53:09;00:10:06;462,8;444,0;43,4;33,4;24,3;543,5;38,2;0,1;7,20E-2;-541,2;20,00;3,0;3,0;38,40;-0,16;-0,046;4,0;5,36;0,747
608;03.07.2023;17:53:10;00:10:07;463,6;444,0;43,4;33,4;24,3;544,3;38,1;0,1;7,20E-2;-541,2;20,00;3,0;3,0;38,40;-0,16;-0,052;4,0;5,36;0,747
609;03.07.2023;17:53:11;00:10:08;465,1;444,0;43,6;33,4;24,3;545,8;38,3;0,1;7,20E-2;-541,2;20,00;3,0;3,0;38,40;-0,16;-0,042;4,0;5,34;0,751
610;03.07.2023;17:53:12;00:10:09;466,9;446,6;43,6;33,5;24,3;547,3;38,3;0,1;7,19E-2;-541,2;20,00;3,0;3,0;38,39;-0,16;-0,043;4,0;5,36;0,752
611;03.07.2023;17:53:13;00:10:10;467,7;446,6;43,6;33,5;24,3;548,0;38,4;0,1;7,19E-2;-541,2;20,00;3,0;3,0;38,39;-0,16;-0,040;4,0;5,35;0,752
612;03.07.2023;17:53:14;00:10:11;469,3;449,2;43,7;33,6;24,3;549,6;38,4;0,1;7,19E-2;-541,2;20,00;3,0;3,1;38,39;-0,16;-0,037;4,1;5,37;0,752
613;03.07.2023;17:53:15;00:10:12;471,2;449,2;43,7;33,6;24,3;551,1;38,6;0,1;7,19E-2;-541,2;20,00;3,0;3,0;38,39;-0,16;-0,047;4,1;5,37;0,756
614;03.07.2023;17:53:16;00:10:13;471,8;451,8;43,9;33,7;24,3;551,9;38,6;0,1;7,19E-2;-541,2;20,00;3,0;3,0;38,39;-0,16;-0,040;4,1;5,38;0,757
615;03.07.2023;17:53:17;00:10:14;473,3;451,8;43,9;33,7;24,3;553,4;38,7;0,1;7,18E-2;-541,2;20,00;3,0;3,0;38,39;-0,16;-0,040;4,1;5,40;0,757
616;03.07.2023;17:53:18;00:10:15;475,2;454,6;44,0;33,8;24,2;554,9;38,8;0,1;7,18E-2;-541,2;20,00;3,0;3,0;38,39;-0,16;-0,035;4,1;5,37;0,762
617;03.07.2023;17:53:19;00:10:16;476,0;454,6;44,0;33,8;24,2;555,6;38,8;0,1;7,18E-2;-541,2;20,00;3,0;3,0;38,39;-0,16;-0,039;4,1;5,38;0,761
618;03.07.2023;17:53:20;00:10:17;477,9;454,6;44,2;33,9;24,2;557,3;39,1;0,1;7,18E-2;-541,2;20,00;3,0;3,0;38,39;-0,16;-0,039;4,1;5,40;0,762
619;03.07.2023;17:53:21;00:10:18;478,7;457,5;44,2;33,9;24,3;558,0;38,9;0,1;7,17E-2;-541,2;20,00;3,0;3,0;38,39;-0,16;-0,035;4,2;5,40;0,764
620;03.07.2023;17:53:22;00:10:19;480,1;457,5;44,4;34,1;24,3;559,5;39,1;0,1;7,17E-2;-541,2;20,00;3,0;3,0;38,39;-0,17;-0,028;4,1;5,40;0,764
621;03.07.2023;17:53:23;00:10:20;481,9;460,3;44,4;34,1;24,3;561,0;39,1;0,1;7,17E-2;-541,2;20,00;3,0;3,0;38,39;-0,17;-0,021;4,1;5,41;0,765
622;03.07.2023;17:53:24;00:10:21;482,8;463,1;44,6;34,2;24,3;561,8;39,1;0,1;7,17E-2;-541,2;20,00;3,0;3,0;38,39;-0,17;-0,024;4,2;5,42;0,766
623;03.07.2023;17:53:25;00:10:22;484,4;463,1;44,6;34,2;24,3;563,3;39,2;0,1;7,16E-2;-541,2;20,00;3,0;3,1;38,38;-0,16;-0,025;4,2;5,38;0,766
624;03.07.2023;17:53:26;00:10:23;486,3;465,7;44,7;34,3;24,4;564,9;39,3;0,1;7,16E-2;-541,2;20,00;3,0;3,0;38,39;-0,16;-0,024;4,2;5,41;0,772
625;03.07.2023;17:53:27;00:10:24;486,8;465,7;44,7;34,3;24,4;565,6;39,3;0,1;7,16E-2;-541,2;20,00;3,0;3,0;38,39;-0,17;-0,018;4,2;5,43;0,772
626;03.07.2023;17:53:28;00:10:25;488,5;468,3;44,9;34,4;24,4;567,1;39,3;0,1;7,16E-2;-541,2;20,00;3,0;3,0;38,38;-0,16;-0,022;4,2;5,49;0,772
627;03.07.2023;17:53:29;00:10:26;490,3;468,3;45,1;34,6;24,4;568,6;39,5;0,1;7,16E-2;-541,2;20,00;3,0;3,0;38,39;-0,17;-0,021;4,2;5,40;0,772
628;03.07.2023;17:53:30;00:10:27;490,9;468,3;45,1;34,6;24,4;569,4;39,6;0,1;7,16E-2;-541,2;20,00;3,0;3,0;38,39;-0,16;-0,022;4,2;5,45;0,775
629;03.07.2023;17:53:31;00:10:28;492,5;470,9;45,1;34,6;24,4;570,9;39,6;0,1;7,16E-2;-541,2;20,00;3,0;3,0;38,39;-0,17;-0,016;4,2;5,41;0,776
630;03.07.2023;17:53:32;00:10:29;494,3;473,5;45,3;34,7;24,4;572,5;39,6;0,1;7,16E-2;-541,2;20,00;3,0;3,0;38,39;-0,17;-0,014;4,2;5,46;0,777
631;03.07.2023;17:53:33;00:10:30;495,1;473,5;45,3;34,7;24,4;573,3;39,7;0,1;7,15E-2;-541,2;20,00;3,0;3,0;38,38;-0,16;-0,013;4,2;5,44;0,777
632;03.07.2023;17:53:34;00:10:31;496,7;476,1;45,4;34,8;24,5;574,8;39,7;0,1;7,16E-2;-541,2;20,00;3,0;3,0;38,39;-0,17;-0,012;4,2;5,43;0,779
633;03.07.2023;17:53:35;00:10:32;497,4;476,1;45,4;34,8;24,5;575,5;39,8;0,1;7,15E-2;-541,2;20,00;3,0;3,1;38,38;-0,16;-0,007;4,3;5,47;0,779
634;03.07.2023;17:53:36;00:10:33;499,3;478,6;45,6;34,9;24,5;577,0;39,9;0,1;7,15E-2;-541,2;20,00;3,0;3,0;38,39;-0,17;-0,004;4,3;5,45;0,781
635;03.07.2023;17:53:37;00:10:34;500,9;478,7;45,7;35,0;24,5;578,6;40,1;0,1;7,15E-2;-541,2;20,00;3,0;3,0;38,39;-0,17;-0,011;4,2;5,43;0,781
636;03.07.2023;17:53:38;00:10:35;501,6;478,7;45,8;35,0;24,6;579,4;40,2;0,1;7,16E-2;-541,2;20,00;3,0;3,0;38,38;-0,16;-0,009;4,3;5,46;0,785
637;03.07.2023;17:53:39;00:10:36;503,4;481,5;45,8;35,1;24,6;580,9;40,2;0,1;7,16E-2;-541,2;20,00;3,0;2,9;38,39;-0,17;-0,004;4,3;5,48;0,784
638;03.07.2023;17:53:40;00:10:37;504,8;484,3;46,0;35,2;24,6;582,4;40,1;0,1;7,15E-2;-541,2;20,00;3,0;3,0;38,39;-0,17;-0,001;4,3;5,50;0,786
639;03.07.2023;17:53:41;00:10:38;505,6;484,3;46,0;35,2;24,7;583,1;40,2;0,1;7,15E-2;-541,2;20,00;3,0;3,0;38,39;-0,17;-0,001;4,3;5,48;0,786
640;03.07.2023;17:53:42;00:10:39;507,4;487,1;46,2;35,4;24,7;584,6;40,5;0,1;7,15E-2;-541,2;20,00;3,0;3,0;38,39;-0,17;0,000;4,3;5,47;0,791
641;03.07.2023;17:53:43;00:10:40;509,0;487,1;46,2;35,4;24,7;586,3;40,5;0,1;7,15E-2;-541,2;20,00;3,0;3,0;38,39;-0,17;0,000;4,3;5,49;0,791
642;03.07.2023;17:53:44;00:10:41;509,9;489,8;46,4;35,5;24,7;587,0;40,4;0,1;7,15E-2;-541,2;20,00;3,0;2,9;38,39;-0,17;0,000;4,3;5,49;0,791
643;03.07.2023;17:53:45;00:10:42;511,5;489,8;46,6;35,5;24,7;588,5;40,5;0,1;7,15E-2;-541,2;20,00;3,0;2,9;38,39;-0,17;0,005;4,3;5,49;0,791
644;03.07.2023;17:53:46;00:10:43;512,4;489,8;46,6;35,5;24,7;589,3;40,7;0,1;7,15E-2;-541,2;20,00;3,0;3,0;38,39;-0,17;0,004;4,4;5,49;0,794
645;03.07.2023;17:53:47;00:10:44;513,9;492,4;46,6;35,6;24,7;590,8;40,6;0,1;7,15E-2;-541,2;20,00;3,0;2,9;38,38;-0,16;0,003;4,4;5,46;0,794
646;03.07.2023;17:53:48;00:10:45;515,5;495,0;46,7;35,8;24,7;592,3;40,6;0,1;7,15E-2;-541,2;20,00;3,0;3,0;38,39;-0,16;0,004;4,4;5,50;0,796
647;03.07.2023;17:53:49;00:10:46;516,2;495,0;46,7;35,8;24,7;593,0;40,7;0,1;7,15E-2;-541,2;20,00;3,0;3,0;38,38;-0,16;0,004;4,3;5,50;0,795
648;03.07.2023;17:53:50;00:10:47;517,8;497,6;46,9;35,9;24,7;594,6;41,0;0,1;7,15E-2;-541,2;20,00;3,0;3,0;38,39;-0,16;0,003;4,4;5,49;0,797
649;03.07.2023;17:53:51;00:10:48;519,5;497,6;46,9;35,9;24,7;596,1;41,0;0,1;7,15E-2;-541,2;20,00;3,0;3,0;38,39;-0,17;0,010;4,4;5,52;0,800
650;03.07.2023;17:53:52;00:10:49;520,3;500,2;47,1;36,0;24,8;596,9;40,9;0,1;7,15E-2;-541,2;20,00;3,0;3,0;38,39;-0,16;0,008;4,4;5,50;0,801
651;03.07.2023;17:53:53;00:10:50;521,9;500,2;47,2;36,0;24,8;598,4;41,1;0,1;7,15E-2;-541,2;20,00;3,0;2,9;38,39;-0,17;0,009;4,4;5,52;0,801
652;03.07.2023;17:53:54;00:10:51;523,4;502,7;47,2;36,1;24,8;599,9;41,1;0,1;7,15E-2;-541,2;20,00;3,0;3,0;38,39;-0,17;0,021;4,4;5,49;0,801
653;03.07.2023;17:53:55;00:10:52;523,4;502,7;47,2;36,1;24,8;599,9;41,1;0,1;7,15E-2;-541,2;20,00;3,0;3,0;38,39;-0,17;0,021;4,4;5,49;0,801
654;03.07.2023;17:53:56;00:10:53;525,1;502,7;47,4;36,2;24,8;601,5;41,3;0,1;7,15E-2;-541,2;20,00;3,1;3,0;38,40;-0,16;0,041;4,5;5,54;0,806
655;03.07.2023;17:53:57;00:10:54;526,7;505,3;47,4;36,2;24,8;603,0;41,3;0,1;7,15E-2;-541,2;20,00;3,3;3,1;38,40;-0,15;0,113;4,5;5,53;0,806
656;03.07.2023;17:53:58;00:10:55;527,5;505,3;47,4;36,2;24,8;603,8;41,4;0,1;7,15E-2;-541,2;20,00;3,3;3,2;38,41;-0,15;0,150;4,4;5,51;0,806
657;03.07.2023;17:53:59;00:10:56;529,0;508,0;47,5;36,3;24,8;605,3;41,4;0,1;7,15E-2;-541,2;20,00;3,5;3,3;38,41;-0,14;0,222;4,5;5,54;0,811
658;03.07.2023;17:54:00;00:10:57;531,0;510,7;47,7;36,4;24,8;606,8;41,5;0,1;7,15E-2;-541,2;20,00;3,6;3,4;38,43;-0,13;0,286;4,5;5,52;0,816
659;03.07.2023;17:54:01;00:10:58;531,8;510,7;47,7;36,4;24,8;607,5;41,5;0,1;7,15E-2;-541,2;20,00;3,7;3,5;38,42;-0,13;0,310;4,5;5,51;0,812
660;03.07.2023;17:54:02;00:10:59;534,3;513,5;47,9;36,6;24,8;609,9;41,6;0,1;7,15E-2;-541,2;20,00;3,9;3,7;38,44;-0,11;0,374;4,5;5,52;0,818
661;03.07.2023;17:54:03;00:11:00;535,0;513,5;47,9;36,6;24,8;610,6;41,7;0,1;7,15E-2;-541,2;20,00;3,9;3,8;38,45;-0,11;0,399;4,5;5,52;0,816
662;03.07.2023;17:54:04;00:11:01;536,7;513,5;48,0;36,7;24,8;612,1;41,9;0,1;7,14E-2;-541,2;20,00;4,1;3,9;38,46;-0,10;0,431;4,5;5,54;0,821
663;03.07.2023;17:54:05;00:11:02;538,1;516,3;48,0;36,7;24,8;613,6;41,9;0,1;7,14E-2;-541,2;20,00;4,2;4,1;38,47;-0,08;0,475;4,5;5,56;0,821
664;03.07.2023;17:54:06;00:11:03;539,3;516,3;48,2;36,7;24,8;614,4;42,0;0,1;7,14E-2;-541,2;20,00;4,2;4,1;38,48;-0,08;0,504;4,6;5,54;0,824
665;03.07.2023;17:54:07;00:11:04;540,6;518,9;48,2;36,8;24,8;615,9;42,0;0,1;7,14E-2;-541,2;20,00;4,4;4,2;38,49;-0,06;0,572;4,5;5,56;0,825
666;03.07.2023;17:54:08;00:11:05;542,6;521,6;48,4;37,0;24,8;617,5;42,0;0,1;7,13E-2;-541,2;20,00;4,5;4,4;38,51;-0,04;0,648;4,6;5,55;0,830
667;03.07.2023;17:54:09;00:11:06;543,5;521,6;48,4;37,0;24,9;618,3;42,1;0,1;7,13E-2;-541,2;20,00;4,6;4,5;38,52;-0,03;0,684;4,6;5,55;0,830
668;03.07.2023;17:54:10;00:11:07;545,3;524,2;48,6;37,1;24,9;619,8;42,2;0,1;7,13E-2;-541,2;20,00;4,7;4,6;38,54;-0,01;0,764;4,6;5,58;0,832
669;03.07.2023;17:54:11;00:11:08;546,0;524,2;48,6;37,1;24,9;620,5;42,2;0,1;7,12E-2;-541,2;20,00;4,8;4,7;38,55;0,00;0,818;4,6;5,59;0,830
670;03.07.2023;17:54:12;00:11:09;547,8;526,8;48,8;37,2;24,9;622,0;42,2;0,1;7,12E-2;-541,2;20,00;4,9;4,8;38,58;0,02;0,920;4,7;5,58;0,835
671;03.07.2023;17:54:13;00:11:10;549,4;526,8;49,0;37,2;24,9;623,5;42,4;0,1;7,11E-2;-541,2;20,00;5,0;4,9;38,61;0,05;1,053;4,6;5,53;0,836
672;03.07.2023;17:54:14;00:11:11;550,4;526,8;49,0;37,4;24,9;624,4;42,5;0,1;7,11E-2;-541,2;20,00;5,1;5,0;38,63;0,07;1,129;4,7;5,58;0,841
673;03.07.2023;17:54:15;00:11:12;552,2;529,4;49,0;37,4;24,9;625,9;42,5;0,1;7,10E-2;-541,2;20,00;5,2;5,1;38,67;0,11;1,285;4,7;5,58;0,844
674;03.07.2023;17:54:16;00:11:13;553,9;532,0;49,2;37,5;25,0;627,4;42,5;0,1;7,10E-2;-541,2;20,00;5,4;5,3;38,70;0,14;1,441;4,7;5,57;0,847
675;03.07.2023;17:54:17;00:11:14;554,9;532,0;49,2;37,5;25,0;628,1;42,6;0,1;7,10E-2;-541,2;20,00;5,4;5,3;38,72;0,16;1,504;4,7;5,59;0,845
676;03.07.2023;17:54:18;00:11:15;556,7;532,0;49,5;37,8;25,1;629,6;42,8;0,1;7,09E-2;-541,2;20,00;5,6;5,4;38,76;0,20;1,655;4,8;5,61;0,852
677;03.07.2023;17:54:19;00:11:16;558,2;534,9;49,5;37,8;25,2;631,1;42,8;0,1;7,08E-2;-541,2;20,00;5,7;5,6;38,80;0,25;1,800;4,8;5,56;0,855
678;03.07.2023;17:54:20;00:11:17;559,5;534,9;49,7;37,9;25,2;632,0;42,9;0,1;7,08E-2;-541,2;20,00;5,8;5,7;38,84;0,27;1,880;4,8;5,58;0,855
679;03.07.2023;17:54:21;00:11:18;561,3;537,7;49,7;37,9;25,2;633,5;42,9;0,1;7,07E-2;-541,2;20,00;5,9;5,8;38,88;0,32;2,020;4,8;5,59;0,860
680;03.07.2023;17:54:22;00:11:19;563,2;540,5;49,9;38,1;25,2;635,0;42,9;0,1;7,06E-2;-541,2;20,00;6,0;6,0;38,93;0,38;2,156;4,8;5,57;0,864
681;03.07.2023;17:54:23;00:11:20;564,0;540,5;49,9;38,1;25,2;635,8;43,0;0,1;7,06E-2;-541,2;20,00;6,1;6,0;38,96;0,40;2,236;4,8;5,60;0,863
682;03.07.2023;17:54:24;00:11:21;565,8;543,4;50,2;38,3;25,2;637,3;42,9;0,1;7,05E-2;-541,2;20,00;6,2;6,1;39,01;0,45;2,345;4,8;5,62;0,868
683;03.07.2023;17:54:25;00:11:22;566,7;543,4;50,2;38,3;25,2;638,0;43,0;0,1;7,05E-2;-541,2;20,00;6,3;6,1;39,04;0,48;2,404;4,8;5,63;0,869
684;03.07.2023;17:54:26;00:11:23;568,7;543,4;50,4;38,5;25,2;639,6;43,3;0,1;7,04E-2;-541,2;20,00;6,4;6,3;39,10;0,54;2,532;4,9;5,60;0,874
685;03.07.2023;17:54:27;00:11:24;570,7;546,1;50,4;38,5;25,1;641,1;43,2;0,1;7,03E-2;-541,2;20,00;6,6;6,5;39,15;0,60;2,629;4,9;5,62;0,875
686;03.07.2023;17:54:28;00:11:25;571,4;548,8;50,7;38,7;25,1;641,9;43,2;0,1;7,02E-2;-541,2;20,00;6,6;6,5;39,19;0,63;2,682;4,9;5,61;0,879
687;03.07.2023;17:54:29;00:11:26;573,5;548,8;50,7;38,7;25,1;643,4;43,3;0,1;7,01E-2;-541,2;20,00;6,8;6,6;39,25;0,69;2,792;4,9;5,62;0,880
688;03.07.2023;17:54:30;00:11:27;575,3;551,5;50,9;39,0;25,2;644,9;43,4;0,1;7,00E-2;-541,2;20,00;6,9;6,8;39,32;0,75;2,888;5,0;5,65;0,884
689;03.07.2023;17:54:31;00:11:28;576,2;551,5;50,9;39,0;25,2;645,6;43,4;0,1;7,00E-2;-541,2;20,00;7,0;6,8;39,34;0,79;2,937;5,0;5,62;0,884
690;03.07.2023;17:54:32;00:11:29;578,0;554,2;51,2;39,2;25,2;647,3;43,4;0,1;6,98E-2;-541,2;20,00;7,1;7,0;39,42;0,86;3,052;5,0;5,65;0,893
691;03.07.2023;17:54:33;00:11:30;580,1;554,2;51,4;39,4;25,2;648,8;43,6;0,1;6,97E-2;-541,2;20,00;7,2;7,1;39,49;0,93;3,169;5,0;5,58;0,894
692;03.07.2023;17:54:34;00:11:31;581,1;554,2;51,4;39,4;25,2;649,5;43,7;0,1;6,96E-2;-541,2;20,00;7,3;7,2;39,52;0,97;3,220;5,0;5,63;0,896
693;03.07.2023;17:54:35;00:11:32;583,1;557,0;51,4;39,4;25,2;651,0;43,7;0,1;6,95E-2;-541,2;20,00;7,4;7,3;39,60;1,04;3,341;5,0;5,59;0,899
694;03.07.2023;17:54:36;00:11:33;584,6;559,8;51,6;39,7;25,2;652,5;43,7;0,1;6,94E-2;-541,2;20,00;7,6;7,4;39,67;1,12;3,450;5,1;5,62;0,904
695;03.07.2023;17:54:37;00:11:34;585,9;559,8;51,6;39,7;25,2;653,3;43,8;0,1;6,93E-2;-541,2;20,00;7,6;7,5;39,71;1,15;3,508;5,1;5,62;0,904
696;03.07.2023;17:54:38;00:11:35;588,1;562,7;51,8;39,8;25,1;654,9;43,9;0,1;6,91E-2;-541,2;20,00;7,8;7,7;39,80;1,23;3,641;5,2;5,64;0,913
697;03.07.2023;17:54:39;00:11:36;588,8;562,7;51,8;39,8;25,1;655,6;43,9;0,1;6,91E-2;-541,2;20,00;7,8;7,7;39,84;1,28;3,693;5,1;5,62;0,913
698;03.07.2023;17:54:40;00:11:37;590,9;565,7;52,1;40,1;25,1;657,1;43,8;0,1;6,90E-2;-541,2;20,00;8,0;7,8;39,93;1,36;3,832;5,1;5,62;0,918
699;03.07.2023;17:54:41;00:11:38;593,2;565,7;52,3;40,1;25,2;658,6;44,0;0,1;6,89E-2;-541,2;20,00;8,1;8,0;40,01;1,46;3,974;5,2;5,63;0,923
700;03.07.2023;17:54:42;00:11:39;594,1;565,7;52,3;40,1;25,2;659,4;44,1;0,1;6,88E-2;-541,2;20,00;8,1;8,0;40,06;1,50;4,063;5,2;5,63;0,928
701;03.07.2023;17:54:43;00:11:40;596,2;568,7;52,3;40,3;25,2;660,9;44,1;0,1;6,86E-2;-541,2;20,00;8,3;8,2;40,15;1,59;4,217;5,2;5,61;0,929
702;03.07.2023;17:54:44;00:11:41;598,5;571,7;52,6;40,6;25,2;662,5;44,0;0,1;6,85E-2;-541,2;20,00;8,4;8,3;40,25;1,70;4,401;5,3;5,64;0,938
703;03.07.2023;17:54:45;00:11:42;599,7;571,7;52,6;40,6;25,2;663,3;44,2;0,1;6,85E-2;-541,2;20,00;8,5;8,3;40,31;1,74;4,478;5,3;5,63;0,938
704;03.07.2023;17:54:46;00:11:43;601,6;574,6;52,9;40,8;25,2;664,8;44,4;0,1;6,83E-2;-541,2;20,00;8,6;8,4;40,41;1,85;4,647;5,3;5,64;0,947
705;03.07.2023;17:54:47;00:11:44;603,9;574,6;52,9;40,8;25,2;666,3;44,3;0,1;6,82E-2;-541,2;20,00;8,7;8,6;40,52;1,96;4,828;5,3;5,63;0,951
706;03.07.2023;17:54:48;00:11:45;604,9;577,6;53,2;41,1;25,2;667,0;44,2;0,1;6,81E-2;-541,2;20,00;8,8;8,6;40,57;2,01;4,923;5,4;5,66;0,954
707;03.07.2023;17:54:49;00:11:46;607,1;577,6;53,2;41,1;25,2;668,5;44,4;0,1;6,80E-2;-541,2;20,00;8,9;8,8;40,69;2,12;5,106;5,4;5,62;0,957
708;03.07.2023;17:54:50;00:11:47;608,3;577,6;53,2;41,1;25,2;669,3;44,5;0,1;6,80E-2;-541,2;20,00;9,0;8,9;40,74;2,18;5,181;5,4;5,64;0,960
709;03.07.2023;17:54:51;00:11:48;610,8;580,7;53,4;41,3;25,2;670,9;44,4;0,1;6,79E-2;-541,2;20,00;9,1;9,0;40,87;2,31;5,363;5,4;5,62;0,967
710;03.07.2023;17:54:52;00:11:49;611,9;580,7;53,7;41,6;25,2;671,6;44,5;0,1;6,77E-2;-541,2;20,00;9,2;9,1;40,92;2,36;5,433;5,4;5,65;0,968
711;03.07.2023;17:54:53;00:11:50;614,3;583,8;53,7;41,6;25,3;673,1;44,5;0,1;6,76E-2;-541,2;20,00;9,3;9,3;41,04;2,49;5,575;5,5;5,66;0,972
712;03.07.2023;17:54:54;00:11:51;615,2;583,8;54,0;41,6;25,3;673,9;44,6;0,1;6,76E-2;-541,2;20,00;9,4;9,3;41,11;2,54;5,637;5,5;5,63;0,977
713;03.07.2023;17:54:55;00:11:52;617,7;587,0;54,0;41,8;25,3;675,4;44,5;0,1;6,76E-2;-541,2;20,00;9,5;9,4;41,23;2,67;5,762;5,5;5,68;0,982
714;03.07.2023;17:54:56;00:11:53;619,7;590,1;54,3;42,1;25,4;676,9;44,6;0,1;6,75E-2;-541,2;20,00;9,7;9,5;41,35;2,78;5,879;5,6;5,64;0,988
715;03.07.2023;17:54:57;00:11:54;621,6;590,1;54,3;42,1;25,4;677,8;44,6;0,1;6,74E-2;-541,2;20,00;9,7;9,6;41,42;2,86;5,931;5,6;5,66;0,987
716;03.07.2023;17:54:58;00:11:55;623,6;590,1;54,3;42,1;25,4;679,3;44,8;0,1;6,73E-2;-541,2;20,00;9,9;9,8;41,54;2,98;5,978;5,6;5,63;0,995
717;03.07.2023;17:54:59;00:11:56;625,0;593,5;54,6;42,3;25,4;680,0;44,7;0,1;6,72E-2;-541,2;20,00;9,9;9,8;41,60;3,04;5,988;5,7;5,64;0,996
718;03.07.2023;17:55:00;00:11:57;627,0;593,5;55,0;42,3;25,4;681,5;44,8;0,1;6,71E-2;-541,2;20,00;10,1;9,9;41,72;3,16;6,012;5,6;5,70;0,999
719;03.07.2023;17:55:01;00:11:58;629,2;596,9;55,0;42,5;25,4;683,0;44,8;0,1;6,71E-2;-541,2;20,00;10,2;10,0;41,84;3,27;5,999;5,7;5,64;1,010
720;03.07.2023;17:55:02;00:11:59;630,5;596,9;55,0;42,5;25,4;683,8;44,8;0,1;6,71E-2;-541,2;20,00;10,3;10,1;41,90;3,33;5,982;5,7;5,66;1,007
721;03.07.2023;17:55:03;00:12:00;633,1;600,4;55,3;42,7;25,4;685,4;44,7;0,1;6,70E-2;-541,2;20,00;10,4;10,3;42,02;3,46;5,923;5,7;5,67;1,014
722;03.07.2023;17:55:04;00:12:01;635,3;600,4;55,6;43,0;25,4;686,9;44,9;0,1;6,69E-2;-541,2;20,00;10,5;10,4;42,13;3,56;5,856;5,7;5,70;1,016
723;03.07.2023;17:55:05;00:12:02;636,6;600,4;55,6;43,0;25,4;687,6;45,0;0,1;6,68E-2;-541,2;20,00;10,6;10,5;42,19;3,62;5,777;5,8;5,70;1,021
724;03.07.2023;17:55:06;00:12:03;638,7;604,0;55,6;43,0;25,4;689,1;44,9;0,1;6,67E-2;-541,2;20,00;10,7;10,5;42,28;3,72;5,653;5,8;5,65;1,021
725;03.07.2023;17:55:07;00:12:04;640,9;607,3;55,9;43,2;25,4;690,6;44,9;0,1;6,66E-2;-541,2;20,00;10,9;10,7;42,39;3,83;5,485;5,8;5,66;1,025
726;03.07.2023;17:55:08;00:12:05;642,2;607,3;55,9;43,2;25,4;691,4;45,0;0,1;6,66E-2;-541,2;20,00;10,9;10,8;42,43;3,88;5,408;5,8;5,67;1,026
727;03.07.2023;17:55:09;00:12:06;644,3;610,7;56,2;43,4;25,5;693,0;44,9;0,1;6,65E-2;-541,2;20,00;11,1;10,9;42,54;3,98;5,238;5,8;5,66;1,031
728;03.07.2023;17:55:10;00:12:07;645,5;610,7;56,5;43,4;25,5;693,8;45,0;0,1;6,65E-2;-541,2;20,00;11,1;11,0;42,59;4,03;5,172;5,8;5,66;1,032
729;03.07.2023;17:55:11;00:12:08;647,8;614,1;56,5;43,6;25,5;695,3;44,9;0,1;6,65E-2;-541,2;20,00;11,3;11,1;42,68;4,12;5,027;5,9;5,70;1,036
730;03.07.2023;17:55:12;00:12:09;649,7;614,1;56,8;43,8;25,5;696,8;45,1;0,1;6,64E-2;-541,2;20,00;11,4;11,2;42,77;4,21;4,869;5,9;5,65;1,038
731;03.07.2023;17:55:13;00:12:10;651,2;617,5;56,8;43,8;25,5;697,5;44,9;0,1;6,63E-2;-541,2;20,00;11,5;11,3;42,81;4,25;4,775;5,9;5,67;1,040
732;03.07.2023;17:55:14;00:12:11;653,1;617,5;57,1;44,0;25,5;699,0;45,1;0,1;6,62E-2;-541,2;20,00;11,6;11,5;42,90;4,33;4,635;5,9;5,65;1,045
733;03.07.2023;17:55:15;00:12:12;655,5;620,9;57,1;44,0;25,5;700,6;45,0;0,1;6,61E-2;-541,2;20,00;11,7;11,6;42,99;4,42;4,479;5,9;5,67;1,046
734;03.07.2023;17:55:16;00:12:13;656,6;620,9;57,1;44,0;25,5;701,4;45,1;0,1;6,61E-2;-541,2;20,00;11,8;11,7;43,02;4,47;4,415;5,9;5,65;1,047
735;03.07.2023;17:55:17;00:12:14;658,7;624,3;57,3;44,2;25,6;702,9;45,0;0,1;6,61E-2;-541,2;20,00;11,9;11,8;43,10;4,54;4,273;6,0;5,70;1,050
736;03.07.2023;17:55:18;00:12:15;660,9;624,2;57,3;44,2;25,5;704,4;45,2;0,1;6,60E-2;-541,2;20,00;12,0;11,9;43,17;4,62;4,145;6,0;5,65;1,055
737;03.07.2023;17:55:19;00:12:16;662,0;627,9;57,6;44,4;25,5;705,1;45,1;0,1;6,60E-2;-541,2;20,00;12,1;12,0;43,22;4,65;4,089;6,0;5,67;1,059
738;03.07.2023;17:55:20;00:12:17;664,1;627,9;57,8;44,4;25,5;706,6;45,2;0,1;6,59E-2;-541,2;20,00;12,2;12,1;43,29;4,73;3,961;6,0;5,65;1,060
739;03.07.2023;17:55:21;00:12:18;666,3;631,5;57,8;44,7;25,6;708,3;45,2;0,1;6,58E-2;-541,2;20,00;12,4;12,2;43,36;4,81;3,845;6,0;5,65;1,066
740;03.07.2023;17:55:22;00:12:19;667,7;631,5;57,8;44,7;25,6;709,0;45,2;0,1;6,57E-2;-541,2;20,00;12,4;12,3;43,40;4,84;3,793;6,0;5,63;1,065
741;03.07.2023;17:55:23;00:12:20;669,5;635,1;58,1;44,9;25,6;710,5;45,1;0,1;6,57E-2;-541,2;20,00;12,6;12,4;43,47;4,91;3,693;6,0;5,66;1,065
742;03.07.2023;17:55:24;00:12:21;670,6;635,1;58,1;44,9;25,6;711,3;45,2;0,1;6,57E-2;-541,2;20,00;12,6;12,5;43,50;4,94;3,655;6,0;5,64;1,065
743;03.07.2023;17:55:25;00:12:22;672,6;638,7;58,3;45,1;25,6;712,8;45,1;0,1;6,56E-2;-541,2;20,00;12,8;12,6;43,57;5,01;3,565;6,0;5,64;1,070
744;03.07.2023;17:55:26;00:12:23;674,7;638,7;58,5;45,1;25,6;714,3;45,3;0,1;6,55E-2;-541,2;20,00;12,9;12,8;43,63;5,07;3,466;6,1;5,65;1,073
745;03.07.2023;17:55:27;00:12:24;675,8;642,0;58,5;45,4;25,6;715,0;45,2;0,1;6,55E-2;-541,2;20,00;13,0;12,8;43,66;5,11;3,410;6,1;5,66;1,074
746;03.07.2023;17:55:28;00:12:25;677,8;642,0;58,7;45,4;25,6;716,6;45,3;0,1;6,55E-2;-541,2;20,00;13,1;13,0;43,72;5,17;3,295;6,0;5,62;1,076
747;03.07.2023;17:55:29;00:12:26;679,8;645,3;58,7;45,6;25,7;718,1;45,2;0,1;6,54E-2;-541,2;20,00;13,2;13,1;43,79;5,23;3,184;6,1;5,65;1,078
748;03.07.2023;17:55:30;00:12:27;680,8;645,3;58,9;45,6;25,7;718,9;45,3;0,1;6,53E-2;-541,2;20,00;13,3;13,2;43,81;5,26;3,125;6,1;5,64;1,079
749;03.07.2023;17:55:31;00:12:28;682,8;648,6;58,9;45,8;25,7;720,4;45,2;0,1;6,53E-2;-541,2;20,00;13,4;13,3;43,87;5,31;3,016;6,2;5,67;1,084
750;03.07.2023;17:55:32;00:12:29;684,8;651,9;59,1;46,0;25,7;721,9;45,4;0,1;6,52E-2;-541,2;20,00;13,6;13,5;43,92;5,36;2,890;6,1;5,65;1,085
751;03.07.2023;17:55:33;00:12:30;685,9;651,9;59,1;46,0;25,7;722,6;45,2;0,1;6,52E-2;-541,2;20,00;13,6;13,5;43,94;5,38;2,833;6,1;5,64;1,084
752;03.07.2023;17:55:34;00:12:31;688,2;651,9;59,1;46,0;25,7;724,3;45,4;0,1;6,51E-2;-541,2;20,00;13,8;13,6;43,99;5,43;2,676;6,2;5,67;1,091
753;03.07.2023;17:55:35;00:12:32;689,7;655,3;59,2;46,2;25,7;725,8;45,3;0,1;6,51E-2;-541,2;20,00;13,9;13,8;44,03;5,48;2,543;6,2;5,68;1,090
754;03.07.2023;17:55:36;00:12:33;690,9;655,3;59,2;46,2;25,7;726,5;45,4;0,1;6,51E-2;-541,2;20,00;14,0;13,8;44,06;5,49;2,478;6,2;5,66;1,094
755;03.07.2023;17:55:37;00:12:34;692,6;658,6;59,4;46,4;25,7;728,0;45,3;0,1;6,51E-2;-541,2;20,00;14,1;13,9;44,09;5,53;2,330;6,2;5,67;1,094
756;03.07.2023;17:55:38;00:12:35;693,8;658,6;59,4;46,4;25,7;728,8;45,4;0,1;6,50E-2;-541,2;20,00;14,2;14,0;44,11;5,55;2,251;6,2;5,65;1,094
757;03.07.2023;17:55:39;00:12:36;695,5;662,1;59,5;46,7;25,7;730,3;45,3;0,1;6,50E-2;-541,2;20,00;14,3;14,2;44,14;5,59;2,105;6,2;5,66;1,100
758;03.07.2023;17:55:40;00:12:37;698,0;662,1;59,5;46,7;25,7;731,9;45,5;0,1;6,50E-2;-541,2;20,00;14,4;14,3;44,17;5,62;1,936;6,2;5,68;1,100
759;03.07.2023;17:55:41;00:12:38;699,0;662,1;59,7;46,7;25,7;732,6;45,6;0,1;6,50E-2;-541,2;20,00;14,5;14,3;44,19;5,63;1,871;6,2;5,64;1,104
760;03.07.2023;17:55:42;00:12:39;701,0;665,7;59,7;46,9;25,7;734,1;45,5;0,1;6,49E-2;-541,2;20,00;14,6;14,5;44,21;5,66;1,723;6,2;5,67;1,102
761;03.07.2023;17:55:43;00:12:40;703,0;669,1;59,9;47,1;25,7;735,6;45,4;0,1;6,49E-2;-541,2;20,00;14,8;14,6;44,24;5,68;1,581;6,2;5,65;1,102
762;03.07.2023;17:55:44;00:12:41;704,0;669,1;59,9;47,1;25,8;736,4;45,5;0,1;6,49E-2;-541,2;20,00;14,8;14,7;44,25;5,70;1,523;6,2;5,67;1,100
763;03.07.2023;17:55:45;00:12:42;705,5;672,4;60,0;47,3;25,8;737,9;45,7;0,1;6,49E-2;-541,2;20,00;14,9;14,8;44,27;5,72;1,405;6,3;5,67;1,109
764;03.07.2023;17:55:46;00:12:43;707,9;672,4;60,0;47,3;25,8;739,5;45,6;0,1;6,48E-2;-541,2;20,00;15,1;14,9;44,30;5,74;1,297;6,3;5,67;1,107
765;03.07.2023;17:55:47;00:12:44;709,0;675,6;60,1;47,5;25,8;740,3;45,4;0,1;6,48E-2;-541,2;20,00;15,2;15,0;44,30;5,75;1,244;6,3;5,68;1,110
766;03.07.2023;17:55:48;00:12:45;710,8;675,6;60,3;47,7;25,8;741,8;45,6;0,1;6,48E-2;-541,2;20,00;15,3;15,1;44,33;5,77;1,156;6,3;5,66;1,109
767;03.07.2023;17:55:49;00:12:46;711,7;675,6;60,3;47,7;25,8;742,5;45,7;0,1;6,48E-2;-541,2;20,00;15,4;15,2;44,33;5,78;1,116;6,3;5,65;1,113
768;03.07.2023;17:55:50;00:12:47;713,8;678,7;60,3;47,7;25,8;744,0;45,6;0,1;6,47E-2;-541,2;20,00;15,5;15,3;44,35;5,79;1,038;6,3;5,66;1,113
769;03.07.2023;17:55:51;00:12:48;716,0;681,7;60,4;48,0;25,8;745,6;45,5;0,1;6,47E-2;-541,2;20,00;15,6;15,4;44,37;5,81;0,959;6,3;5,67;1,114
770;03.07.2023;17:55:52;00:12:49;717,0;681,7;60,4;48,0;25,8;746,4;45,6;0,1;6,47E-2;-541,2;20,00;15,7;15,6;44,37;5,82;0,924;6,3;5,69;1,114
771;03.07.2023;17:55:53;00:12:50;719,0;684,8;60,5;48,2;25,8;747,9;45,5;0,1;6,47E-2;-541,2;20,00;15,8;15,7;44,39;5,83;0,879;6,3;5,63;1,114
772;03.07.2023;17:55:54;00:12:51;720,6;684,8;60,6;48,2;25,9;749,4;45,7;0,1;6,46E-2;-541,2;20,00;15,9;15,9;44,40;5,85;0,832;6,3;5,70;1,118
773;03.07.2023;17:55:55;00:12:52;721,8;687,9;60,6;48,4;25,9;750,0;45,6;0,1;6,46E-2;-541,2;20,00;16,0;15,9;44,41;5,85;0,805;6,4;5,68;1,123
774;03.07.2023;17:55:56;00:12:53;723,7;687,9;60,7;48,4;25,9;750,0;45,6;0,1;6,46E-2;-541,2;20,00;16,1;16,0;44,42;5,87;0,751;6,3;5,70;1,118
775;03.07.2023;17:55:57;00:12:54;725,6;690,9;60,7;48,6;25,9;750,0;45,4;0,1;6,46E-2;-541,2;20,00;16,3;16,1;44,43;5,88;0,699;6,3;5,65;1,114
776;03.07.2023;17:55:58;00:12:55;726,6;690,9;60,7;48,6;25,9;750,0;45,4;0,1;6,46E-2;-541,2;20,00;16,3;16,2;44,44;5,88;0,682;6,3;5,65;1,114
777;03.07.2023;17:55:59;00:12:56;728,5;694,1;60,8;48,8;25,9;750,0;45,2;0,1;6,45E-2;-541,2;20,00;16,4;16,4;44,45;5,90;0,636;6,3;5,65;1,115
778;03.07.2023;17:56:00;00:12:57;730,2;694,1;60,9;48,8;25,9;750,0;45,2;0,1;6,45E-2;-541,2;20,00;16,6;16,4;44,46;5,91;0,600;6,3;5,68;1,114
779;03.07.2023;17:56:01;00:12:58;731,3;694,1;60,9;49,0;25,9;750,0;45,3;0,1;6,45E-2;-541,2;20,00;16,6;16,5;44,47;5,91;0,589;6,2;5,65;1,114
780;03.07.2023;17:56:02;00:12:59;732,9;697,3;60,9;49,0;26,0;750,0;45,0;0,1;6,45E-2;-541,2;20,00;16,7;16,6;44,48;5,92;0,571;6,3;5,69;1,109
781;03.07.2023;17:56:03;00:13:00;733,6;700,4;61,0;49,2;26,0;750,0;44,9;0,1;6,44E-2;-541,2;20,00;16,8;16,7;44,48;5,93;0,560;6,2;5,62;1,109
782;03.07.2023;17:56:04;00:13:01;735,4;700,4;61,1;49,2;26,0;750,0;44,8;0,1;6,44E-2;-541,2;20,00;16,9;16,8;44,49;5,94;0,541;6,2;5,63;1,106
783;03.07.2023;17:56:05;00:13:02;737,0;703,5;61,1;49,4;26,0;750,0;44,7;0,1;6,43E-2;-541,2;20,00;17,1;17,0;44,50;5,95;0,526;6,2;5,62;1,109
784;03.07.2023;17:56:06;00:13:03;737,6;703,5;61,1;49,4;26,0;750,0;44,6;0,1;6,43E-2;-541,2;20,00;17,1;17,0;44,50;5,95;0,521;6,2;5,62;1,104
785;03.07.2023;17:56:07;00:13:04;739,1;706,3;61,1;49,6;26,0;750,0;44,4;0,1;6,43E-2;-541,2;20,00;17,2;17,1;44,52;5,97;0,503;6,2;5,61;1,104
786;03.07.2023;17:56:08;00:13:05;740,4;706,3;61,2;49,8;26,0;750,0;44,5;0,1;6,42E-2;-541,2;20,00;17,4;17,3;44,53;5,97;0,498;6,2;5,61;1,099
787;03.07.2023;17:56:09;00:13:06;741,0;706,3;61,2;49,8;26,0;750,0;44,5;0,1;6,42E-2;-541,2;20,00;17,4;17,3;44,53;5,98;0,488;6,2;5,63;1,099
788;03.07.2023;17:56:10;00:13:07;742,4;709,0;61,2;49,8;26,0;750,0;44,3;0,1;6,41E-2;-541,2;20,00;17,5;17,4;44,54;5,99;0,481;6,2;5,60;1,099
789;03.07.2023;17:56:11;00:13:08;743,8;711,6;61,3;50,0;26,1;750,0;44,1;0,1;6,41E-2;-541,2;20,00;17,7;17,6;44,55;5,99;0,475;6,1;5,58;1,094
790;03.07.2023;17:56:12;00:13:09;744,3;711,6;61,3;50,0;26,1;750,0;44,1;0,1;6,41E-2;-541,2;20,00;17,7;17,6;44,56;6,00;0,463;6,1;5,60;1,094
791;03.07.2023;17:56:13;00:13:10;745,7;714,1;61,3;50,2;26,1;750,0;43,9;0,1;6,40E-2;-541,2;20,00;17,8;17,7;44,56;6,01;0,457;6,1;5,57;1,094
792;03.07.2023;17:56:14;00:13:11;746,6;714,1;61,3;50,2;26,1;750,0;43,9;0,1;6,40E-2;-541,2;20,00;18,0;17,8;44,57;6,02;0,450;6,1;5,57;1,093
793;03.07.2023;17:56:15;00:13:12;747,3;716,5;61,3;50,3;26,1;750,0;43,8;0,1;6,40E-2;-541,2;20,00;18,0;17,9;44,58;6,02;0,448;6,1;5,61;1,094
794;03.07.2023;17:56:16;00:13:13;748,6;716,5;61,4;50,5;26,1;750,0;43,8;0,1;6,39E-2;-541,2;20,00;18,2;18,0;44,59;6,03;0,444;6,1;5,56;1,090
795;03.07.2023;17:56:17;00:13:14;748,7;718,8;61,4;50,5;26,1;750,0;43,6;0,1;6,38E-2;-541,2;20,00;18,2;18,1;44,59;6,04;0,441;6,1;5,56;1,088
796;03.07.2023;17:56:18;00:13:15;749,9;718,8;61,4;50,5;26,1;750,0;43,6;0,1;6,38E-2;-541,2;20,00;18,3;18,3;44,60;6,04;0,441;6,0;5,56;1,085
797;03.07.2023;17:56:19;00:13:16;750,6;721,1;61,4;50,7;26,1;750,0;43,4;0,1;6,37E-2;-541,2;20,00;18,5;18,4;44,60;6,05;0,429;6,1;5,59;1,089
798;03.07.2023;17:56:20;00:13:17;751,0;721,1;61,4;50,7;26,1;750,0;43,4;0,1;6,36E-2;-541,2;20,00;18,5;18,5;44,61;6,06;0,428;6,1;5,57;1,084
799;03.07.2023;17:56:21;00:13:18;752,0;721,1;61,4;50,8;26,1;750,0;43,5;0,1;6,36E-2;-541,2;20,00;18,6;18,6;44,62;6,07;0,419;6,1;5,55;1,089
800;03.07.2023;17:56:22;00:13:19;753,1;723,3;61,4;50,8;26,1;750,0;43,3;0,1;6,35E-2;-541,2;20,00;18,8;18,6;44,62;6,07;0,406;6,0;5,57;1,084
801;03.07.2023;17:56:23;00:13:20;753,4;723,3;61,4;51,0;26,1;750,0;43,3;0,1;6,35E-2;-541,2;20,00;18,8;18,7;44,63;6,08;0,412;6,0;5,59;1,084
802;03.07.2023;17:56:24;00:13:21;754,1;725,4;61,4;51,0;26,1;750,0;43,2;0,1;6,33E-2;-541,2;20,00;18,9;18,8;44,64;6,09;0,400;6,0;5,56;1,084
803;03.07.2023;17:56:25;00:13:22;754,8;727,4;61,5;51,1;26,2;750,0;43,0;0,1;6,33E-2;-541,2;20,00;19,1;18,9;44,65;6,09;0,406;6,0;5,58;1,084
804;03.07.2023;17:56:26;00:13:23;754,9;727,4;61,5;51,1;26,2;750,0;43,0;0,1;6,32E-2;-541,2;20,00;19,1;19,0;44,65;6,10;0,404;5,9;5,52;1,079
805;03.07.2023;17:56:27;00:13:24;755,5;729,1;61,5;51,3;26,2;750,0;42,9;0,1;6,32E-2;-541,2;20,00;19,2;19,1;44,66;6,10;0,411;6,0;5,58;1,079
806;03.07.2023;17:56:28;00:13:25;756,1;729,1;61,5;51,3;26,2;750,0;42,9;0,1;6,31E-2;-541,2;20,00;19,3;19,2;44,66;6,11;0,396;6,0;5,55;1,076
807;03.07.2023;17:56:29;00:13:26;756,9;729,1;61,5;51,4;26,2;750,0;42,9;0,1;6,31E-2;-541,2;20,00;19,4;19,3;44,67;6,12;0,395;6,0;5,55;1,078
808;03.07.2023;17:56:30;00:13:27;757,0;730,6;61,5;51,4;26,3;750,0;42,8;0,1;6,30E-2;-541,2;20,00;19,6;19,5;44,68;6,12;0,420;5,9;5,51;1,075
809;03.07.2023;17:56:31;00:13:28;757,3;732,1;61,5;51,6;26,3;750,0;42,7;0,1;6,29E-2;-541,2;20,00;19,6;19,5;44,69;6,13;0,410;5,9;5,53;1,074
810;03.07.2023;17:56:32;00:13:29;757,9;732,1;61,5;51,6;26,3;750,0;42,7;0,1;6,28E-2;-541,2;20,00;19,7;19,6;44,69;6,13;0,398;5,9;5,55;1,078
811;03.07.2023;17:56:33;00:13:30;758,2;733,4;61,5;51,7;26,3;750,0;42,6;0,1;6,27E-2;-541,2;20,00;19,9;19,8;44,70;6,15;0,360;5,9;5,51;1,079
812;03.07.2023;17:56:34;00:13:31;758,5;733,4;61,5;51,7;26,3;750,0;42,6;0,1;6,27E-2;-541,2;20,00;19,9;19,8;44,71;6,15;0,391;5,9;5,51;1,074
813;03.07.2023;17:56:35;00:13:32;758,9;734,7;61,5;51,8;26,3;750,0;42,5;0,1;6,26E-2;-541,2;20,00;20,0;20,0;44,72;6,16;0,444;5,9;5,51;1,077
814;03.07.2023;17:56:36;00:13:33;759,4;735,8;61,5;51,9;26,3;750,0;42,5;0,1;6,25E-2;-541,2;20,00;20,2;20,1;44,72;6,17;0,438;5,9;5,50;1,076
815;03.07.2023;17:56:37;00:13:34;759,5;735,8;61,5;51,9;26,3;750,0;42,4;0,1;6,24E-2;-541,2;20,00;20,2;20,1;44,73;6,17;0,440;5,9;5,54;1,074
816;03.07.2023;17:56:38;00:13:35;759,7;735,8;61,5;51,9;26,3;750,0;42,4;0,1;6,23E-2;-541,2;20,00;20,3;20,2;44,73;6,19;0,436;5,9;5,50;1,073
817;03.07.2023;17:56:39;00:13:36;760,1;735,8;61,5;52,0;26,3;750,0;42,4;0,1;6,22E-2;-541,2;20,00;20,5;20,3;44,75;6,19;0,428;5,9;5,54;1,074
818;03.07.2023;17:56:40;00:13:37;760,1;736,9;61,5;52,0;26,3;750,0;42,3;0,1;6,22E-2;-541,2;20,00;20,5;20,4;44,75;6,20;0,429;6,0;5,53;1,074
819;03.07.2023;17:56:41;00:13:38;760,3;738,0;61,4;52,1;26,3;750,0;42,3;0,1;6,21E-2;-541,2;20,00;20,7;20,6;44,75;6,21;0,428;5,9;5,50;1,074
820;03.07.2023;17:56:42;00:13:39;760,4;738,0;61,4;52,1;26,3;750,0;42,3;0,1;6,20E-2;-541,2;20,00;20,7;20,7;44,76;6,21;0,430;5,9;5,52;1,074
821;03.07.2023;17:56:43;00:13:40;760,9;738,9;61,4;52,2;26,3;750,0;42,2;0,1;6,18E-2;-541,2;20,00;20,8;20,8;44,77;6,22;0,424;5,9;5,50;1,074
822;03.07.2023;17:56:44;00:13:41;761,0;738,9;61,4;52,2;26,3;750,0;42,2;0,1;6,17E-2;-541,2;20,00;21,0;20,9;44,78;6,22;0,422;5,9;5,49;1,071
823;03.07.2023;17:56:45;00:13:42;761,1;738,9;61,4;52,2;26,3;750,0;42,2;0,1;6,17E-2;-541,2;20,00;21,0;20,9;44,78;6,23;0,416;5,9;5,48;1,070
824;03.07.2023;17:56:46;00:13:43;761,6;739,8;61,4;52,3;26,3;750,0;42,1;0,1;6,16E-2;-541,2;20,00;21,1;21,0;44,79;6,23;0,415;5,9;5,48;1,072
825;03.07.2023;17:56:47;00:13:44;761,6;740,5;61,4;52,4;26,3;750,0;42,1;0,1;6,14E-2;-541,2;20,00;21,3;21,1;44,80;6,24;0,409;5,9;5,51;1,070
826;03.07.2023;17:56:48;00:13:45;761,8;740,5;61,4;52,4;26,4;750,0;42,1;0,1;6,13E-2;-541,2;20,00;21,3;21,2;44,80;6,25;0,405;5,9;5,45;1,071
827;03.07.2023;17:56:49;00:13:46;762,0;741,2;61,4;52,5;26,4;750,0;42,1;0,1;6,12E-2;-541,2;20,00;21,4;21,4;44,81;6,26;0,398;5,9;5,49;1,071
828;03.07.2023;17:56:50;00:13:47;761,9;741,2;61,4;52,5;26,4;750,0;42,0;0,1;6,12E-2;-541,2;20,00;21,6;21,4;44,82;6,26;0,384;5,9;5,48;1,074
829;03.07.2023;17:56:51;00:13:48;762,2;741,8;61,4;52,6;26,4;750,0;42,0;0,1;6,11E-2;-541,2;20,00;21,6;21,4;44,82;6,26;0,389;5,9;5,47;1,071
830;03.07.2023;17:56:52;00:13:49;762,4;741,8;61,3;52,6;26,4;750,0;42,0;0,1;6,10E-2;-541,2;20,00;21,7;21,5;44,83;6,28;0,402;5,9;5,50;1,074
831;03.07.2023;17:56:53;00:13:50;762,4;742,4;61,3;52,7;26,4;750,0;42,0;0,1;6,08E-2;-541,2;20,00;21,9;21,7;44,84;6,29;0,413;5,9;5,45;1,074
832;03.07.2023;17:56:54;00:13:51;762,8;742,4;61,3;52,7;26,4;750,0;42,0;0,1;6,08E-2;-541,2;20,00;21,9;21,8;44,84;6,29;0,419;5,9;5,49;1,073
833;03.07.2023;17:56:55;00:13:52;762,4;742,9;61,3;52,8;26,4;748,8;40,2;0,1;6,07E-2;-541,2;20,00;22,0;21,9;44,84;6,29;0,404;0,1;0,19;0,079
834;03.07.2023;17:56:56;00:13:53;759,6;742,9;61,3;52,8;26,4;747,3;40,2;0,1;6,06E-2;-541,2;20,00;22,0;22,0;44,85;6,29;0,333;0,0;0,01;0,049
835;03.07.2023;17:56:57;00:13:54;752,8;743,3;61,3;52,9;26,4;744,4;40,4;0,1;6,03E-2;-541,2;20,00;22,0;22,0;44,87;6,32;0,418;0,0;0,01;0,049
836;03.07.2023;17:56:58;00:13:55;746,4;743,4;61,4;52,9;26,4;741,5;40,8;0,1;6,01E-2;-541,2;20,00;22,0;22,0;44,89;6,34;0,565;0,0;0,01;0,049
837;03.07.2023;17:56:59;00:13:56;742,6;743,4;61,3;53,0;26,4;740,0;41,0;0,1;5,99E-2;-541,2;20,00;22,0;21,9;44,90;6,34;0,618;0,0;0,01;0,049
838;03.07.2023;17:57:00;00:13:57;735,1;743,1;61,3;53,0;26,2;736,9;41,3;0,1;5,97E-2;-541,2;20,00;22,0;22,0;44,91;6,36;0,691;0,0;0,01;0,049
839;03.07.2023;17:57:01;00:13:58;728,0;741,7;61,1;53,0;26,0;733,9;41,7;0,1;5,94E-2;-541,2;20,00;22,0;22,0;44,93;6,37;0,707;0,0;0,01;0,049
840;03.07.2023;17:57:02;00:13:59;724,5;741,7;61,1;53,0;26,0;732,5;41,9;0,1;5,92E-2;-541,2;20,00;22,0;22,0;44,93;6,38;0,699;0,0;0,01;0,049
841;03.07.2023;17:57:03;00:14:00;717,0;738,9;60,8;53,0;26,0;729,6;42,3;0,1;5,89E-2;-541,2;20,00;22,0;22,0;44,94;6,39;0,662;0,0;0,01;0,049
842;03.07.2023;17:57:04;00:14:01;710,5;738,9;60,4;53,0;25,8;726,6;42,7;0,1;5,86E-2;-541,2;20,00;22,0;22,0;44,95;6,40;0,617;0,0;0,01;0,049
843;03.07.2023;17:57:05;00:14:02;706,7;738,9;60,4;53,0;25,8;725,2;42,9;0,1;5,84E-2;-541,2;20,00;22,0;22,0;44,96;6,40;0,593;0,0;0,01;0,049
844;03.07.2023;17:57:06;00:14:03;699,4;734,5;60,4;52,9;25,7;722,0;43,3;0,1;5,81E-2;-541,2;20,00;22,0;22,0;44,97;6,41;0,541;0,0;0,01;0,049
845;03.07.2023;17:57:07;00:14:04;695,7;734,5;59,9;52,8;25,7;720,6;43,5;0,1;5,79E-2;-541,2;20,00;22,0;22,0;44,97;6,41;0,522;0,0;0,01;0,049
846;03.07.2023;17:57:08;00:14:05;689,1;728,5;59,9;52,8;25,6;717,6;43,8;0,1;5,77E-2;-541,2;20,00;22,0;22,0;44,98;6,42;0,482;0,0;0,01;0,049
847;03.07.2023;17:57:09;00:14:06;682,3;721,2;59,5;52,7;25,6;714,7;44,2;0,1;5,73E-2;-541,2;20,00;22,0;22,0;44,99;6,43;0,448;0,0;0,01;0,049
848;03.07.2023;17:57:10;00:14:07;679,3;721,2;59,5;52,7;25,5;713,3;44,4;0,1;5,72E-2;-541,2;20,00;22,0;22,0;44,99;6,43;0,437;0,0;0,01;0,049
849;03.07.2023;17:57:11;00:14:08;672,4;713,0;58,9;52,5;25,5;710,3;44,7;0,1;5,70E-2;-541,2;20,00;22,0;22,0;45,00;6,44;0,408;0,0;0,01;0,049
850;03.07.2023;17:57:12;00:14:09;665,4;713,0;58,4;52,5;25,5;707,2;45,1;0,1;5,66E-2;-541,2;20,00;22,0;22,0;45,00;6,45;0,385;0,0;0,01;0,049
851;03.07.2023;17:57:13;00:14:10;662,1;713,0;58,4;52,5;25,5;705,7;45,3;0,1;5,64E-2;-541,2;20,00;22,0;22,0;45,01;6,45;0,380;0,0;0,01;0,049
852;03.07.2023;17:57:14;00:14:11;656,2;704,3;58,4;52,3;25,4;702,8;45,6;0,1;5,61E-2;-541,2;20,00;22,0;22,0;45,01;6,46;0,368;0,0;0,01;0,049
853;03.07.2023;17:57:15;00:14:12;649,7;695,5;57,9;52,1;25,4;699,9;46,0;0,1;5,57E-2;-541,2;20,00;22,0;22,0;45,02;6,47;0,353;0,0;0,01;0,049
854;03.07.2023;17:57:16;00:14:13;646,9;695,5;57,9;52,1;25,4;698,4;46,1;0,1;5,55E-2;-541,2;20,00;22,0;22,0;45,02;6,47;0,348;0,0;0,01;0,049
855;03.07.2023;17:57:17;00:14:14;640,3;695,5;57,4;51,9;25,4;695,5;46,5;0,1;5,52E-2;-541,2;20,00;22,0;22,0;45,03;6,47;0,336;0,0;0,01;0,049
856;03.07.2023;17:57:18;00:14:15;633,9;686,5;57,4;51,9;25,5;692,3;46,9;0,1;5,48E-2;-541,2;20,00;22,0;22,0;45,04;6,48;0,322;0,0;0,01;0,049
857;03.07.2023;17:57:19;00:14:16;630,9;686,5;56,8;51,9;25,5;690,9;47,0;0,1;5,47E-2;-541,2;20,00;22,0;22,1;45,04;6,48;0,322;0,0;0,01;0,049
858;03.07.2023;17:57:20;00:14:17;624,7;676,7;56,8;51,6;25,5;687,9;47,3;0,1;5,43E-2;-541,2;20,00;22,0;22,0;45,04;6,49;0,313;0,0;0,01;0,049
859;03.07.2023;17:57:21;00:14:18;621,8;676,7;56,8;51,6;25,5;686,5;47,5;0,1;5,42E-2;-541,2;20,00;22,0;22,0;45,05;6,49;0,307;0,0;0,01;0,049
860;03.07.2023;17:57:22;00:14:19;615,9;666,8;56,2;51,3;25,4;683,6;47,8;0,1;5,38E-2;-541,2;20,00;22,0;22,0;45,05;6,50;0,295;0,0;0,01;0,049
861;03.07.2023;17:57:23;00:14:20;610,2;666,8;55,6;51,0;25,4;680,6;48,1;0,1;5,35E-2;-541,2;20,00;22,0;22,0;45,06;6,50;0,291;0,0;0,01;0,049
862;03.07.2023;17:57:24;00:14:21;606,5;656,8;55,6;51,0;25,4;678,9;48,3;0,1;5,34E-2;-541,2;20,00;22,0;22,1;45,06;6,51;0,284;0,0;0,01;0,049
863;03.07.2023;17:57:25;00:14:22;601,0;656,8;55,0;50,6;25,4;676,0;48,6;0,1;5,31E-2;-541,2;20,00;22,0;22,0;45,07;6,51;0,272;0,0;0,01;0,049
864;03.07.2023;17:57:26;00:14:23;595,3;646,8;55,0;50,6;25,4;673,1;49,0;0,1;5,28E-2;-541,2;20,00;22,0;22,0;45,07;6,52;0,274;0,0;0,01;0,049
865;03.07.2023;17:57:27;00:14:24;592,5;637,6;54,5;50,3;25,4;671,6;49,1;0,1;5,27E-2;-541,2;20,00;22,0;22,0;45,07;6,52;0,269;0,0;0,00;0,049
866;03.07.2023;17:57:28;00:14:25;586,5;637,6;54,5;50,3;25,4;668,7;49,4;0,1;5,24E-2;-541,2;20,00;22,0;22,0;45,08;6,52;0,265;0,0;0,01;0,049
867;03.07.2023;17:57:29;00:14:26;581,3;628,5;53,9;49,9;25,4;665,8;49,7;0,1;5,21E-2;-541,2;20,00;22,0;22,0;45,08;6,53;0,256;0,0;0,01;0,049
868;03.07.2023;17:57:30;00:14:27;577,6;628,5;53,9;49,9;25,4;664,1;49,9;0,1;5,20E-2;-541,2;20,00;22,0;22,0;45,09;6,53;0,256;0,0;0,01;0,049
869;03.07.2023;17:57:31;00:14:28;572,8;619,3;53,4;49,5;25,4;661,2;50,2;0,1;5,17E-2;-541,2;20,00;22,0;22,0;45,09;6,54;0,254;0,0;0,00;0,049
870;03.07.2023;17:57:32;00:14:29;567,2;619,3;52,8;49,5;25,4;658,3;50,5;0,1;5,15E-2;-541,2;20,00;22,0;22,0;45,09;6,54;0,249;0,0;0,01;0,049
871;03.07.2023;17:57:33;00:14:30;564,6;619,3;52,8;49,5;25,4;656,8;50,7;0,1;5,14E-2;-541,2;20,00;22,0;22,0;45,10;6,54;0,245;0,0;0,01;0,049
872;03.07.2023;17:57:34;00:14:31;559,0;610,2;52,8;49,2;25,3;653,9;51,0;0,1;5,11E-2;-541,2;20,00;22,0;22,0;45,10;6,55;0,237;0,0;0,01;0,049
873;03.07.2023;17:57:35;00:14:32;556,3;601,2;52,2;48,8;25,3;652,4;51,1;0,1;5,10E-2;-541,2;20,00;22,0;22,0;45,11;6,55;0,235;0,0;0,01;0,049
874;03.07.2023;17:57:36;00:14:33;550,3;601,2;52,2;48,8;25,3;649,3;51,5;0,1;5,08E-2;-541,2;20,00;22,0;22,0;45,11;6,56;0,234;0,0;0,01;0,049
875;03.07.2023;17:57:37;00:14:34;545,2;592,3;51,7;48,4;25,3;646,3;51,7;0,1;5,05E-2;-541,2;20,00;22,0;22,0;45,11;6,56;0,231;0,0;0,01;0,048
876;03.07.2023;17:57:38;00:14:35;542,6;592,3;51,7;48,4;25,3;644,9;51,9;0,1;5,04E-2;-541,2;20,00;22,0;22,0;45,12;6,56;0,229;0,0;0,00;0,049
877;03.07.2023;17:57:39;00:14:36;537,7;592,3;51,0;47,9;25,3;642,0;52,2;0,1;5,02E-2;-541,2;20,00;22,0;22,0;45,12;6,57;0,221;0,0;0,01;0,049
878;03.07.2023;17:57:40;00:14:37;532,3;582,9;51,0;47,9;25,3;639,0;52,5;0,0;5,00E-2;-541,2;20,00;22,0;22,0;45,12;6,57;0,213;0,0;0,01;0,049
879;03.07.2023;17:57:41;00:14:38;529,5;582,9;51,0;47,9;25,3;637,6;52,6;0,0;4,99E-2;-541,2;20,00;22,0;22,0;45,13;6,57;0,212;0,0;0,01;0,048
880;03.07.2023;17:57:42;00:14:39;524,0;573,6;50,5;47,5;25,3;634,4;53,0;0,0;4,96E-2;-541,2;20,00;22,0;22,0;45,13;6,58;0,219;0,0;0,01;0,049
881;03.07.2023;17:57:43;00:14:40;518,6;573,6;49,9;47,1;25,3;631,5;53,3;0,0;4,94E-2;-541,2;20,00;22,0;22,0;45,13;6,58;0,216;0,0;0,01;0,049
882;03.07.2023;17:57:44;00:14:41;516,5;564,3;49,9;47,1;25,3;630,0;53,4;0,0;4,92E-2;-541,2;20,00;22,0;22,0;45,14;6,58;0,208;0,0;0,01;0,049
883;03.07.2023;17:57:45;00:14:42;511,2;555,2;49,3;46,7;25,3;627,1;53,7;0,0;4,91E-2;-541,2;20,00;22,0;22,0;45,14;6,59;0,206;0,0;0,01;0,049
884;03.07.2023;17:57:46;00:14:43;508,9;555,2;49,3;46,7;25,3;625,7;53,8;0,0;4,89E-2;-541,2;20,00;22,0;22,0;45,14;6,59;0,205;0,0;0,01;0,049
885;03.07.2023;17:57:47;00:14:44;504,1;546,8;48,8;46,3;25,3;622,7;54,1;0,0;4,87E-2;-541,2;20,00;22,0;22,0;45,15;6,59;0,198;0,0;0,01;0,049
886;03.07.2023;17:57:48;00:14:45;498,6;546,8;48,3;46,3;25,2;619,6;54,4;0,0;4,85E-2;-541,2;20,00;22,0;22,0;45,15;6,60;0,194;0,0;0,01;0,048
887;03.07.2023;17:57:49;00:14:46;496,6;546,8;48,3;46,3;25,2;618,1;54,6;0,0;4,84E-2;-541,2;20,00;22,0;22,0;45,15;6,60;0,192;0,0;0,01;0,049
888;03.07.2023;17:57:50;00:14:47;491,5;538,4;48,3;45,9;25,2;615,2;54,8;0,0;4,82E-2;-541,2;20,00;22,0;22,0;45,15;6,60;0,189;0,0;0,01;0,049
889;03.07.2023;17:57:51;00:14:48;486,3;530,2;47,8;45,5;25,2;612,3;55,1;0,0;4,79E-2;-541,2;20,00;22,0;22,0;45,16;6,61;0,192;0,0;0,01;0,049
890;03.07.2023;17:57:52;00:14:49;484,2;530,2;47,8;45,5;25,2;610,8;55,3;0,0;4,79E-2;-541,2;20,00;22,0;22,0;45,16;6,61;0,193;0,0;0,01;0,049
891;03.07.2023;17:57:53;00:14:50;479,4;530,2;47,3;45,1;25,2;607,9;55,6;0,0;4,77E-2;-541,2;20,00;22,0;22,0;45,17;6,61;0,189;0,0;0,01;0,049
892;03.07.2023;17:57:54;00:14:51;474,6;521,8;47,3;45,1;25,2;604,7;55,8;0,0;4,74E-2;-541,2;20,00;22,0;22,0;45,17;6,61;0,185;0,0;0,01;0,049
893;03.07.2023;17:57:55;00:14:52;471,8;513,5;46,8;44,7;25,2;603,3;56,0;0,0;4,74E-2;-541,2;20,00;22,0;22,0;45,17;6,62;0,182;0,0;0,01;0,049
894;03.07.2023;17:57:56;00:14:53;467,4;513,5;46,3;44,7;25,2;600,3;56,3;0,0;4,72E-2;-541,2;20,00;22,0;22,0;45,17;6,62;0,179;0,0;0,01;0,049
895;03.07.2023;17:57:57;00:14:54;462,7;505,3;46,3;44,3;25,2;597,4;56,5;0,0;4,70E-2;-541,2;20,00;22,0;22,0;45,18;6,62;0,179;0,0;0,01;0,049
896;03.07.2023;17:57:58;00:14:55;460,2;505,3;46,3;44,3;25,2;596,0;56,7;0,0;4,69E-2;-541,2;20,00;22,0;22,0;45,18;6,62;0,175;0,0;0,00;0,049
897;03.07.2023;17:57:59;00:14:56;455,5;505,3;46,3;44,3;25,2;593,0;56,9;0,0;4,67E-2;-541,2;20,00;22,0;22,0;45,18;6,63;0,172;0,0;0,01;0,049
898;03.07.2023;17:58:00;00:14:57;453,3;496,7;45,8;43,9;25,2;591,6;57,1;0,0;4,66E-2;-541,2;20,00;22,0;22,0;45,18;6,63;0,170;0,0;0,01;0,049
899;03.07.2023;17:58:01;00:14:58;448,5;496,7;45,3;43,5;25,2;588,4;57,4;0,0;4,64E-2;-541,2;20,00;22,0;21,9;45,19;6,63;0,170;0,0;0,01;0,049
900;03.07.2023;17:58:02;00:14:59;444,3;488,4;45,3;43,5;25,2;585,5;57,6;0,0;4,62E-2;-541,2;20,00;22,0;21,9;45,19;6,64;0,167;0,0;0,01;0,049
901;03.07.2023;17:58:03;00:15:00;441,6;488,4;44,8;43,5;25,2;584,0;57,8;0,0;4,61E-2;-541,2;20,00;22,0;21,9;45,19;6,64;0,169;0,0;0,01;0,049
902;03.07.2023;17:58:04;00:15:01;437,5;480,3;44,8;43,1;25,2;581,1;58,0;0,0;4,60E-2;-541,2;20,00;22,0;22,0;45,20;6,64;0,165;0,0;0,01;0,049
903;03.07.2023;17:58:05;00:15:02;432,7;472,2;44,3;42,8;25,2;578,2;58,3;0,0;4,58E-2;-541,2;20,00;22,0;22,0;45,20;6,64;0,162;0,0;0,00;0,049
904;03.07.2023;17:58:06;00:15:03;430,6;472,2;44,3;42,8;25,2;576,7;58,4;0,0;4,57E-2;-541,2;20,00;22,0;22,0;45,20;6,65;0,158;0,0;0,01;0,049
905;03.07.2023;17:58:07;00:15:04;425,8;472,2;43,9;42,4;25,2;573,6;58,7;0,0;4,56E-2;-541,2;20,00;22,0;22,0;45,20;6,65;0,154;0,0;0,01;0,049
906;03.07.2023;17:58:08;00:15:05;421,7;464,8;43,9;42,4;25,2;570,7;59,0;0,0;4,54E-2;-541,2;20,00;22,0;22,0;45,21;6,65;0,155;0,0;0,01;0,049
907;03.07.2023;17:58:09;00:15:06;419,3;464,8;43,5;42,4;25,2;569,2;59,1;0,0;4,53E-2;-541,2;20,00;22,0;22,0;45,21;6,65;0,155;0,0;0,01;0,049
908;03.07.2023;17:58:10;00:15:07;415,4;457,5;43,5;42,1;25,2;566,3;59,3;0,0;4,52E-2;-541,2;20,00;22,0;22,0;45,21;6,66;0,154;0,0;0,01;0,049
909;03.07.2023;17:58:11;00:15:08;410,7;450,3;43,1;41,7;25,2;563,4;59,6;0,0;4,50E-2;-541,2;20,00;22,0;22,0;45,21;6,66;0,153;0,0;0,01;0,049
910;03.07.2023;17:58:12;00:15:09;408,7;450,3;43,1;41,7;25,1;561,9;59,7;0,0;4,49E-2;-541,2;20,00;22,0;22,0;45,22;6,66;0,151;0,0;0,01;0,049
911;03.07.2023;17:58:13;00:15:10;404,4;443,1;42,7;41,4;25,1;558,7;60,0;0,0;4,48E-2;-541,2;20,00;22,0;22,0;45,22;6,66;0,150;0,0;0,01;0,049
912;03.07.2023;17:58:14;00:15:11;402,5;443,1;42,7;41,4;25,1;557,3;60,1;0,0;4,47E-2;-541,2;20,00;22,0;22,0;45,22;6,67;0,148;0,0;0,01;0,049
913;03.07.2023;17:58:15;00:15:12;398,0;436,0;42,3;41,0;25,1;554,4;60,4;0,0;4,45E-2;-541,2;20,00;22,0;22,0;45,22;6,67;0,149;0,0;0,01;0,049
914;03.07.2023;17:58:16;00:15:13;393,5;436,0;41,9;41,0;25,1;551,4;60,6;0,0;4,44E-2;-541,2;20,00;22,0;22,0;45,23;6,67;0,144;0,0;0,01;0,049
915;03.07.2023;17:58:17;00:15:14;392,2;436,0;41,9;41,0;25,1;550,0;60,7;0,0;4,43E-2;-541,2;20,00;22,0;22,0;45,23;6,67;0,143;0,0;0,00;0,049
916;03.07.2023;17:58:18;00:15:15;387,4;429,0;41,9;40,7;25,1;547,1;61,0;0,0;4,42E-2;-541,2;20,00;22,0;22,0;45,23;6,68;0,142;0,0;0,01;0,049
917;03.07.2023;17:58:19;00:15:16;383,2;429,0;41,5;40,7;25,1;543,9;61,2;0,0;4,40E-2;-541,2;20,00;22,0;22,0;45,23;6,68;0,140;0,0;0,00;0,049
918;03.07.2023;17:58:20;00:15:17;381,2;421,6;41,5;40,3;25,1;542,4;61,4;0,0;4,40E-2;-541,2;20,00;22,0;22,0;45,23;6,68;0,139;0,0;0,01;0,049
919;03.07.2023;17:58:21;00:15:18;377,1;421,6;41,1;39,9;25,1;539,5;61,6;0,0;4,38E-2;-541,2;20,00;22,0;22,0;45,24;6,68;0,137;0,0;0,01;0,049
920;03.07.2023;17:58:22;00:15:19;373,0;414,4;41,1;39,9;25,0;536,6;61,9;0,0;4,36E-2;-541,2;20,00;22,0;22,0;45,24;6,69;0,139;0,0;0,00;0,049
921;03.07.2023;17:58:23;00:15:20;371,6;414,4;40,7;39,9;25,0;535,1;62,0;0,0;4,36E-2;-541,2;20,00;22,0;22,0;45,24;6,69;0,139;0,0;0,00;0,049
922;03.07.2023;17:58:24;00:15:21;367,4;407,2;40,7;39,6;25,0;532,2;62,2;0,0;4,35E-2;-541,2;20,00;22,0;22,0;45,24;6,69;0,135;0,0;0,00;0,049
923;03.07.2023;17:58:25;00:15:22;365,4;407,2;40,7;39,6;25,0;530,5;62,3;0,0;4,34E-2;-541,2;20,00;22,0;22,0;45,24;6,69;0,134;0,0;0,01;0,049
924;03.07.2023;17:58:26;00:15:23;361,3;400,1;40,3;39,3;25,0;527,6;62,6;0,0;4,33E-2;-541,2;20,00;22,0;22,0;45,25;6,69;0,129;0,0;0,01;0,049
925;03.07.2023;17:58:27;00:15:24;357,8;400,1;40,0;39,0;25,0;524,7;62,8;0,0;4,32E-2;-541,2;20,00;22,0;22,0;45,25;6,70;0,126;0,0;0,01;0,049
926;03.07.2023;17:58:28;00:15:25;355,8;393,6;40,0;39,0;25,0;523,2;62,9;0,0;4,31E-2;-541,2;20,00;22,0;22,0;45,25;6,70;0,123;0,0;0,01;0,048
927;03.07.2023;17:58:29;00:15:26;352,3;393,6;39,7;39,0;25,0;520,3;63,1;0,0;4,31E-2;-541,2;20,00;22,0;22,0;45,25;6,70;0,126;0,0;0,01;0,049
928;03.07.2023;17:58:30;00:15:27;348,2;387,2;39,7;38,7;25,0;517,4;63,4;0,0;4,30E-2;-541,2;20,00;22,0;22,0;45,26;6,70;0,125;0,0;0,00;0,049
929;03.07.2023;17:58:31;00:15:28;346,2;380,9;39,3;38,4;25,0;515,7;63,5;0,0;4,29E-2;-541,2;20,00;22,0;22,0;45,26;6,70;0,126;0,0;0,01;0,049
930;03.07.2023;17:58:32;00:15:29;342,1;380,9;39,3;38,4;25,0;512,7;63,7;0,0;4,27E-2;-541,2;20,00;22,0;22,0;45,26;6,70;0,119;0,0;0,00;0,049
931;03.07.2023;17:58:33;00:15:30;338,6;374,6;39,0;38,1;25,0;509,8;63,9;0,0;4,26E-2;-541,2;20,00;22,0;21,9;45,26;6,71;0,123;0,0;0,00;0,049
932;03.07.2023;17:58:34;00:15:31;336,5;374,6;39,0;38,1;25,0;508,4;64,0;0,0;4,26E-2;-541,2;20,00;22,0;22,0;45,26;6,71;0,124;0,0;0,00;0,049
933;03.07.2023;17:58:35;00:15:32;333,1;368,5;38,7;37,8;24,9;505,4;64,2;0,0;4,24E-2;-541,2;20,00;22,0;22,0;45,27;6,71;0,120;0,0;0,00;0,049
934;03.07.2023;17:58:36;00:15:33;329,6;368,5;38,4;37,5;24,9;502,5;64,5;0,0;4,23E-2;-541,2;20,00;22,0;22,0;45,27;6,71;0,116;0,0;0,01;0,049
935;03.07.2023;17:58:37;00:15:34;327,5;368,5;38,4;37,5;24,9;500,8;64,6;0,0;4,23E-2;-541,2;20,00;22,0;22,0;45,27;6,72;0,119;0,0;0,01;0,049
936;03.07.2023;17:58:38;00:15:35;323,5;362,4;38,4;37,5;24,9;497,9;64,8;0,0;4,21E-2;-541,2;20,00;22,0;22,0;45,27;6,72;0,116;0,0;0,01;0,049
937;03.07.2023;17:58:39;00:15:36;321,7;362,3;38,3;37,5;24,9;496,4;64,9;0,0;4,21E-2;-541,2;20,00;22,0;22,0;45,27;6,72;0,112;0,0;0,01;0,049
938;03.07.2023;17:58:40;00:15:37;318,0;355,7;38,0;37,2;24,8;493,5;65,1;0,0;4,20E-2;-541,2;20,00;22,0;22,0;45,27;6,72;0,111;0,0;0,01;0,049
939;03.07.2023;17:58:41;00:15:38;314,6;355,7;37,6;36,9;24,8;490,6;65,3;0,0;4,18E-2;-541,2;20,00;22,0;22,0;45,28;6,72;0,108;0,0;0,01;0,049
940;03.07.2023;17:58:42;00:15:39;312,8;355,7;37,6;36,9;24,8;489,1;65,5;0,0;4,18E-2;-541,2;20,00;22,0;22,0;45,28;6,72;0,107;0,0;0,01;0,049
941;03.07.2023;17:58:43;00:15:40;309,0;349,1;37,6;36,9;24,8;486,0;65,7;0,0;4,17E-2;-541,2;20,00;22,0;22,0;45,28;6,73;0,111;0,0;0,00;0,049
942;03.07.2023;17:58:44;00:15:41;305,6;342,6;37,3;36,6;24,8;483,1;65,9;0,0;4,15E-2;-541,2;20,00;22,0;22,0;45,28;6,73;0,114;0,0;0,00;0,049
943;03.07.2023;17:58:45;00:15:42;304,3;342,6;37,3;36,6;24,8;481,6;66,0;0,0;4,15E-2;-541,2;20,00;22,0;21,9;45,28;6,73;0,112;0,0;0,01;0,049
944;03.07.2023;17:58:46;00:15:43;300,8;336,2;37,0;36,3;24,8;478,7;66,2;0,0;4,14E-2;-541,2;20,00;22,0;22,0;45,28;6,73;0,107;0,0;0,01;0,049
945;03.07.2023;17:58:47;00:15:44;296,7;336,2;36,7;36,3;24,8;475,8;66,4;0,0;4,13E-2;-541,2;20,00;22,0;22,0;45,29;6,73;0,107;0,0;0,00;0,049
946;03.07.2023;17:58:48;00:15:45;295,3;330,5;36,7;36,0;24,8;474,3;66,5;0,0;4,12E-2;-541,2;20,00;22,0;22,0;45,29;6,73;0,109;0,0;0,01;0,049
947;03.07.2023;17:58:49;00:15:46;291,8;324,9;36,4;35,7;24,8;471,1;66,7;0,0;4,11E-2;-541,2;20,00;22,0;22,0;45,29;6,74;0,105;0,0;0,00;0,049
948;03.07.2023;17:58:50;00:15:47;288,5;324,9;36,4;35,7;24,8;468,2;66,9;0,0;4,10E-2;-541,2;20,00;22,0;21,9;45,29;6,74;0,105;0,0;0,01;0,049
949;03.07.2023;17:58:51;00:15:48;286,4;324,9;36,2;35,5;24,8;466,8;67,1;0,0;4,09E-2;-541,2;20,00;22,0;22,0;45,29;6,74;0,103;0,0;0,00;0,049
950;03.07.2023;17:58:52;00:15:49;283,0;319,3;36,2;35,5;24,8;463,8;67,3;0,0;4,09E-2;-541,2;20,00;22,0;22,0;45,30;6,74;0,104;0,0;0,01;0,049
951;03.07.2023;17:58:53;00:15:50;281,6;319,3;36,2;35,5;24,8;462,4;67,4;0,0;4,08E-2;-541,2;20,00;22,0;22,0;45,30;6,74;0,103;0,0;0,01;0,049
952;03.07.2023;17:58:54;00:15:51;278,2;313,8;35,9;35,2;24,7;459,5;67,6;0,0;4,07E-2;-541,2;20,00;22,0;22,0;45,30;6,74;0,100;0,0;0,01;0,049
953;03.07.2023;17:58:55;00:15:52;274,0;308,5;35,6;35,0;24,7;456,3;67,8;0,0;4,06E-2;-541,2;20,00;22,0;22,0;45,30;6,75;0,097;0,0;0,01;0,049
954;03.07.2023;17:58:56;00:15:53;272,7;308,5;35,6;35,0;24,7;454,8;67,9;0,0;4,05E-2;-541,2;20,00;22,0;22,0;45,30;6,75;0,100;0,0;0,01;0,049
955;03.07.2023;17:58:57;00:15:54;269,3;308,5;35,4;34,8;24,7;451,9;68,1;0,0;4,05E-2;-541,2;20,00;22,0;22,0;45,30;6,75;0,099;0,0;0,01;0,049
956;03.07.2023;17:58:58;00:15:55;265,8;303,2;35,4;34,8;24,7;449,0;68,3;0,0;4,04E-2;-541,2;20,00;22,0;22,0;45,31;6,75;0,101;0,0;0,01;0,049
957;03.07.2023;17:58:59;00:15:56;263,9;303,2;35,4;34,8;24,8;447,5;68,4;0,0;4,03E-2;-541,2;20,00;22,0;22,0;45,31;6,75;0,103;0,0;0,01;0,049
958;03.07.2023;17:59:00;00:15:57;260,3;297,6;35,1;34,6;24,8;444,6;68,6;0,0;4,02E-2;-541,2;20,00;22,0;22,0;45,31;6,75;0,102;0,0;0,01;0,049
959;03.07.2023;17:59:01;00:15:58;257,6;292,0;34,9;34,3;24,8;441,7;68,8;0,0;4,02E-2;-541,2;20,00;22,0;22,0;45,31;6,76;0,099;0,0;0,01;0,049
960;03.07.2023;17:59:02;00:15:59;255,5;292,0;34,9;34,3;24,8;440,0;68,9;0,0;4,01E-2;-541,2;20,00;22,0;21,9;45,31;6,76;0,098;0,0;0,01;0,049
961;03.07.2023;17:59:03;00:16:00;252,4;292,0;34,6;34,3;24,7;437,1;69,1;0,0;4,01E-2;-541,2;20,00;22,0;21,9;45,31;6,76;0,097;0,0;0,01;0,049
962;03.07.2023;17:59:04;00:16:01;250,7;286,5;34,6;34,1;24,7;435,6;69,2;0,0;4,00E-2;-541,2;20,00;22,0;22,0;45,31;6,76;0,095;0,0;0,01;0,049
963;03.07.2023;17:59:05;00:16:02;250,0;286,5;34,3;34,1;24,7;432,7;69,2;0,0;3,99E-2;-541,2;20,00;22,0;22,0;45,32;6,76;0,097;0,0;0,01;0,049
964;03.07.2023;17:59:06;00:16:03;250,0;281,1;34,3;33,8;24,7;429,8;69,1;0,0;3,98E-2;-541,2;20,00;22,0;22,0;45,32;6,76;0,101;0,0;0,01;0,049
965;03.07.2023;17:59:07;00:16:04;250,0;281,1;34,1;33,8;24,7;428,3;69,1;0,0;3,98E-2;-541,2;20,00;22,0;22,1;45,32;6,77;0,099;0,0;0,01;0,049
966;03.07.2023;17:59:08;00:16:05;250,0;276,2;34,1;33,6;24,7;425,1;68,9;0,0;3,97E-2;-541,2;20,00;22,0;22,0;45,32;6,77;0,096;0,0;0,01;0,049
967;03.07.2023;17:59:09;00:16:06;250,0;271,3;33,9;33,4;24,7;422,2;68,8;0,0;3,96E-2;-541,2;20,00;22,0;22,0;45,32;6,77;0,091;0,0;0,00;0,049
968;03.07.2023;17:59:10;00:16:07;250,0;271,3;33,9;33,4;24,7;420,8;68,8;0,0;3,95E-2;-541,2;20,00;22,0;22,0;45,32;6,77;0,091;0,0;0,01;0,049
969;03.07.2023;17:59:11;00:16:08;250,0;271,3;33,7;33,2;24,7;417,8;68,7;0,0;3,95E-2;-541,2;20,00;22,0;22,0;45,33;6,77;0,091;0,0;0,01;0,049
970;03.07.2023;17:59:12;00:16:09;250,0;266,4;33,7;33,2;24,7;414,9;68,6;0,0;3,94E-2;-541,2;20,00;22,0;22,0;45,33;6,77;0,095;0,0;0,01;0,049
971;03.07.2023;17:59:13;00:16:10;250,0;266,4;33,7;33,2;24,7;413,5;68,5;0,0;3,93E-2;-541,2;20,00;22,0;22,0;45,33;6,77;0,094;0,0;0,01;0,049
972;03.07.2023;17:59:14;00:16:11;250,0;261,7;33,4;33,0;24,7;410,3;68,4;0,0;3,92E-2;-541,2;20,00;22,0;22,0;45,33;6,78;0,091;0,0;0,00;0,049
973;03.07.2023;17:59:15;00:16:12;250,0;257,0;33,2;32,8;24,7;407,4;68,3;0,0;3,91E-2;-541,2;20,00;22,0;22,0;45,33;6,78;0,088;0,0;0,01;0,049
974;03.07.2023;17:59:16;00:16:13;250,0;257,0;33,2;32,8;24,6;405,9;68,2;0,0;3,91E-2;-541,2;20,00;22,0;22,0;45,33;6,78;0,088;0,0;0,01;0,049
975;03.07.2023;17:59:17;00:16:14;250,0;257,0;33,0;32,5;24,6;403,0;68,1;0,0;3,90E-2;-541,2;20,00;22,0;22,0;45,33;6,78;0,087;0,0;0,00;0,049
976;03.07.2023;17:59:18;00:16:15;250,0;252,3;33,0;32,5;24,6;401,5;68,0;0,0;3,90E-2;-541,2;20,00;22,0;22,0;45,34;6,78;0,085;0,0;0,00;0,049
977;03.07.2023;17:59:19;00:16:16;250,0;252,4;33,0;32,6;24,7;398,6;67,9;0,0;3,89E-2;-541,2;20,00;22,0;22,0;45,34;6,78;0,086;0,0;0,01;0,049
978;03.07.2023;17:59:20;00:16:17;250,0;247,5;32,8;32,3;24,6;395,5;67,8;0,0;3,88E-2;-541,2;20,00;22,0;22,0;45,34;6,79;0,086;0,0;0,01;0,049
979;03.07.2023;17:59:21;00:16:18;250,0;247,5;32,8;32,3;24,6;394,0;67,7;0,0;3,88E-2;-541,2;20,00;22,0;22,0;45,34;6,79;0,086;0,0;0,01;0,049
980;03.07.2023;17:59:22;00:16:19;250,0;242,6;32,5;32,1;24,6;391,1;67,6;0,0;3,87E-2;-541,2;20,00;22,0;22,0;45,34;6,79;0,086;0,0;0,00;0,049
981;03.07.2023;17:59:23;00:16:20;250,0;242,6;32,3;32,1;24,6;388,2;67,4;0,0;3,86E-2;-541,2;20,00;22,0;22,0;45,34;6,79;0,084;0,0;0,01;0,049
982;03.07.2023;17:59:24;00:16:21;250,0;237,8;32,3;31,9;24,6;386,7;67,4;0,0;3,85E-2;-541,2;20,00;22,0;22,0;45,34;6,79;0,085;0,0;0,01;0,049
983;03.07.2023;17:59:25;00:16:22;250,0;237,8;32,1;31,9;24,6;383,8;67,2;0,0;3,85E-2;-541,2;20,00;22,0;22,0;45,34;6,79;0,079;0,0;0,01;0,049
984;03.07.2023;17:59:26;00:16:23;250,0;233,0;32,1;31,7;24,6;380,6;67,1;0,0;3,84E-2;-541,2;20,00;22,0;21,9;45,35;6,79;0,077;0,0;0,01;0,049
985;03.07.2023;17:59:27;00:16:24;250,0;233,0;32,1;31,7;24,6;379,2;67,0;0,0;3,84E-2;-541,2;20,00;22,0;21,9;45,35;6,79;0,077;0,0;0,01;0,049
986;03.07.2023;17:59:28;00:16:25;250,0;228,5;31,9;31,5;24,6;376,2;66,8;0,0;3,82E-2;-541,2;20,00;22,0;22,0;45,35;6,79;0,078;0,0;0,01;0,049
987;03.07.2023;17:59:29;00:16:26;250,0;224,1;31,6;31,3;24,6;373,3;66,7;0,0;3,82E-2;-541,2;20,00;22,0;22,0;45,35;6,80;0,080;0,0;0,01;0,049
988;03.07.2023;17:59:30;00:16:27;250,0;224,1;31,6;31,3;24,6;371,9;66,6;0,0;3,81E-2;-541,2;20,00;22,0;22,0;45,35;6,80;0,077;0,0;0,01;0,049
989;03.07.2023;17:59:31;00:16:28;250,0;224,1;31,4;31,3;24,5;368,9;66,5;0,0;3,81E-2;-541,2;20,00;22,0;22,0;45,35;6,80;0,077;0,0;0,00;0,049
990;03.07.2023;17:59:32;00:16:29;250,0;219,8;31,4;31,1;24,5;367,5;66,4;0,0;3,80E-2;-541,2;20,00;22,0;22,0;45,35;6,80;0,077;0,0;0,01;0,049
991;03.07.2023;17:59:33;00:16:30;250,0;219,8;31,2;31,1;24,5;364,3;66,2;0,0;3,80E-2;-541,2;20,00;22,0;22,0;45,36;6,80;0,075;0,0;0,01;0,049
992;03.07.2023;17:59:34;00:16:31;250,0;215,6;31,2;30,9;24,5;361,4;66,1;0,0;3,79E-2;-541,2;20,00;22,0;22,0;45,36;6,80;0,080;0,0;0,01;0,049
993;03.07.2023;17:59:35;00:16:32;250,0;215,6;31,0;30,7;24,5;359,9;66,0;0,0;3,78E-2;-541,2;20,00;22,0;22,0;45,36;6,80;0,079;0,0;0,01;0,049
994;03.07.2023;17:59:36;00:16:33;250,0;211,5;31,0;30,7;24,5;357,0;65,8;0,0;3,77E-2;-541,2;20,00;22,0;22,0;45,36;6,81;0,076;0,0;0,01;0,049
995;03.07.2023;17:59:37;00:16:34;250,0;207,5;30,9;30,5;24,5;354,1;65,7;0,0;3,77E-2;-541,2;20,00;22,0;22,1;45,36;6,81;0,077;0,0;0,00;0,049
996;03.07.2023;17:59:38;00:16:35;250,0;207,5;30,9;30,5;24,5;352,6;65,6;0,0;3,77E-2;-541,2;20,00;22,0;22,1;45,36;6,81;0,074;0,0;0,00;0,049
997;03.07.2023;17:59:39;00:16:36;250,0;207,5;30,9;30,6;24,5;349,5;65,4;0,0;3,76E-2;-541,2;20,00;22,0;22,0;45,36;6,81;0,066;0,0;0,00;0,049
998;03.07.2023;17:59:40;00:16:37;250,0;203,2;30,7;30,4;24,5;346,5;65,2;0,0;3,75E-2;-541,2;20,00;22,0;22,0;45,36;6,81;0,063;0,0;0,01;0,049
999;03.07.2023;17:59:41;00:16:38;250,0;203,2;30,7;30,4;24,5;345,1;65,1;0,0;3,75E-2;-541,2;20,00;22,0;22,0;45,36;6,81;0,063;0,0;0,00;0,049
1000;03.07.2023;17:59:42;00:16:39;250,0;199,1;30,5;30,2;24,5;342,2;65,0;0,0;3,74E-2;-541,2;20,00;22,0;21,9;45,37;6,81;0,063;0,0;0,01;0,049
1001;03.07.2023;17:59:43;00:16:40;250,0;199,1;30,5;30,2;24,5;340,7;64,9;0,0;3,73E-2;-541,2;20,00;22,0;22,0;45,37;6,81;0,066;0,0;0,00;0,049
1002;03.07.2023;17:59:44;00:16:41;250,0;194,9;30,3;30,0;24,5;337,8;64,7;0,0;3,73E-2;-541,2;20,00;22,0;22,0;45,37;6,81;0,067;0,0;0,01;0,049
1003;03.07.2023;17:59:45;00:16:42;250,0;190,9;30,1;29,8;24,5;334,6;64,5;0,0;3,72E-2;-541,2;20,00;22,0;22,0;45,37;6,81;0,067;0,0;0,01;0,049
1004;03.07.2023;17:59:46;00:16:43;250,0;190,9;30,1;29,8;24,5;333,2;64,4;0,0;3,72E-2;-541,2;20,00;22,0;22,0;45,37;6,82;0,064;0,0;0,01;0,049
1005;03.07.2023;17:59:47;00:16:44;250,0;190,9;29,9;29,8;24,5;330,2;64,2;0,0;3,71E-2;-541,2;20,00;22,0;22,0;45,37;6,82;0,064;0,0;0,01;0,049
1006;03.07.2023;17:59:48;00:16:45;250,0;187,2;29,9;29,7;24,4;327,3;64,0;0,0;3,71E-2;-541,2;20,00;22,0;22,0;45,37;6,82;0,069;0,0;0,01;0,049
1007;03.07.2023;17:59:49;00:16:46;250,0;187,2;29,9;29,7;24,4;325,9;63,9;0,0;3,70E-2;-541,2;20,00;22,0;22,0;45,37;6,82;0,070;0,0;0,01;0,049
1008;03.07.2023;17:59:50;00:16:47;250,0;183,6;29,7;29,5;24,4;322,9;63,7;0,0;3,69E-2;-541,2;20,00;22,0;22,0;45,37;6,82;0,065;0,0;0,01;0,049
1009;03.07.2023;17:59:51;00:16:48;250,0;183,6;29,6;29,3;24,4;319,8;63,5;0,0;3,68E-2;-541,2;20,00;22,0;22,0;45,38;6,82;0,065;0,0;0,00;0,049
1010;03.07.2023;17:59:52;00:16:49;250,0;180,0;29,6;29,3;24,4;318,3;63,4;0,0;3,68E-2;-541,2;20,00;22,0;22,0;45,38;6,82;0,064;0,0;0,00;0,049
1011;03.07.2023;17:59:53;00:16:50;250,0;180,0;29,4;29,1;24,4;315,4;63,2;0,0;3,67E-2;-541,2;20,00;22,0;22,0;45,38;6,82;0,066;0,0;0,00;0,049
1012;03.07.2023;17:59:54;00:16:51;250,0;176,5;29,4;29,1;24,4;312,5;63,0;0,0;3,67E-2;-541,2;20,00;22,0;22,0;45,38;6,83;0,067;0,0;0,00;0,049
1013;03.07.2023;17:59:55;00:16:52;250,0;173,0;29,2;29,0;24,4;311,0;62,9;0,0;3,67E-2;-541,2;20,00;22,0;22,0;45,38;6,83;0,069;0,0;0,01;0,049
1014;03.07.2023;17:59:56;00:16:53;250,0;173,0;29,2;29,0;24,4;308,1;62,7;0,0;3,66E-2;-541,2;20,00;22,0;22,0;45,38;6,83;0,068;0,0;0,00;0,049
1015;03.07.2023;17:59:57;00:16:54;250,0;173,0;29,2;29,0;24,4;306,4;62,6;0,0;3,65E-2;-541,2;20,00;22,0;22,1;45,38;6,83;0,064;0,0;0,00;0,049
1016;03.07.2023;17:59:58;00:16:55;250,0;169,5;29,1;28,8;24,4;303,5;62,4;0,0;3,65E-2;-541,2;20,00;22,0;22,0;45,38;6,83;0,063;0,0;0,00;0,049
1017;03.07.2023;17:59:59;00:16:56;250,0;169,5;29,0;28,7;24,3;300,6;62,2;0,0;3,64E-2;-541,2;20,00;22,0;22,0;45,38;6,83;0,058;0,0;0,01;0,049
1018;03.07.2023;18:00:00;00:16:57;250,0;165,8;28,8;28,6;24,3;299,1;62,1;0,0;3,64E-2;-541,2;20,00;22,0;22,0;45,38;6,83;0,057;0,0;0,01;0,049
1019;03.07.2023;18:00:01;00:16:58;250,0;165,8;28,6;28,6;24,3;296,2;61,8;0,0;3,64E-2;-541,2;20,00;22,0;22,0;45,39;6,83;0,056;0,0;0,01;0,049
1020;03.07.2023;18:00:02;00:16:59;250,0;162,2;28,6;28,4;24,3;293,3;61,6;0,0;3,63E-2;-541,2;20,00;22,0;22,0;45,39;6,83;0,060;0,0;0,00;0,049
1021;03.07.2023;18:00:03;00:17:00;250,0;162,2;28,5;28,4;24,3;291,6;61,5;0,0;3,63E-2;-541,2;20,00;22,0;22,0;45,39;6,83;0,060;0,0;0,00;0,049
1022;03.07.2023;18:00:04;00:17:01;250,0;158,7;28,5;28,2;24,2;288,6;61,3;0,0;3,62E-2;-541,2;20,00;22,0;22,0;45,39;6,83;0,056;0,0;0,00;0,049
1023;03.07.2023;18:00:05;00:17:02;250,0;155,2;28,3;28,1;24,2;285,7;61,0;0,0;3,61E-2;-541,2;20,00;22,0;21,9;45,39;6,84;0,055;0,0;0,00;0,049
1024;03.07.2023;18:00:06;00:17:03;250,0;155,2;28,3;28,1;24,2;284,3;60,9;0,0;3,61E-2;-541,2;20,00;22,0;22,0;45,39;6,84;0,055;0,0;0,01;0,049
1025;03.07.2023;18:00:07;00:17:04;250,0;155,2;28,1;28,1;24,2;281,3;60,7;0,0;3,60E-2;-541,2;20,00;22,0;22,0;45,39;6,84;0,058;0,0;0,01;0,049
1026;03.07.2023;18:00:08;00:17:05;250,0;152,0;28,1;27,9;24,2;278,4;60,5;0,0;3,60E-2;-541,2;20,00;22,0;22,0;45,39;6,84;0,055;0,0;0,00;0,049
1027;03.07.2023;18:00:09;00:17:06;250,0;152,0;28,0;27,9;24,2;276,7;60,3;0,0;3,60E-2;-541,2;20,00;22,0;22,0;45,39;6,84;0,057;0,0;0,01;0,049
1028;03.07.2023;18:00:10;00:17:07;250,0;148,8;28,0;27,8;24,2;273,8;60,1;0,0;3,59E-2;-541,2;20,00;22,0;22,0;45,39;6,84;0,057;0,0;0,01;0,049
1029;03.07.2023;18:00:11;00:17:08;250,0;148,8;28,0;27,8;24,2;272,3;60,0;0,0;3,59E-2;-541,2;20,00;22,0;22,0;45,39;6,84;0,054;0,0;0,01;0,049
1030;03.07.2023;18:00:12;00:17:09;250,0;145,6;27,8;27,6;24,2;269,4;59,7;0,0;3,58E-2;-541,2;20,00;22,0;22,0;45,40;6,84;0,052;0,0;0,01;0,049
1031;03.07.2023;18:00:13;00:17:10;250,0;145,6;27,7;27,5;24,2;266,5;59,5;0,0;3,58E-2;-541,2;20,00;22,0;21,9;45,40;6,84;0,046;0,0;0,00;0,049
1032;03.07.2023;18:00:14;00:17:11;250,0;142,5;27,7;27,5;24,2;265,0;59,4;0,0;3,57E-2;-541,2;20,00;22,0;22,0;45,40;6,84;0,050;0,0;0,00;0,049
1033;03.07.2023;18:00:15;00:17:12;250,0;142,5;27,5;27,5;24,2;261,9;59,1;0,0;3,57E-2;-541,2;20,00;22,0;22,1;45,40;6,84;0,049;0,0;0,01;0,049
1034;03.07.2023;18:00:16;00:17:13;250,0;139,4;27,5;27,3;24,2;259,0;58,8;0,0;3,56E-2;-541,2;20,00;22,0;22,0;45,40;6,84;0,044;0,0;0,00;0,049
1035;03.07.2023;18:00:17;00:17:14;250,0;139,4;27,5;27,3;24,2;257,5;58,7;0,0;3,56E-2;-541,2;20,00;22,0;22,0;45,40;6,84;0,045;0,0;0,01;0,049
1036;03.07.2023;18:00:18;00:17:15;250,0;136,3;27,4;27,2;24,1;254,6;58,5;0,0;3,56E-2;-541,2;20,00;22,0;22,0;45,40;6,85;0,046;0,0;0,00;0,049
1037;03.07.2023;18:00:19;00:17:16;250,0;136,4;27,4;27,2;24,2;251,7;58,2;0,0;3,55E-2;-541,2;20,00;22,0;22,0;45,40;6,85;0,047;0,0;0,00;0,049
1038;03.07.2023;18:00:20;00:17:17;250,0;133,3;27,2;27,1;24,2;250,2;58,1;0,0;3,55E-2;-541,2;20,00;22,0;22,0;45,40;6,85;0,047;0,0;0,00;0,049
1039;03.07.2023;18:00:21;00:17:18;250,0;133,3;27,1;27,1;24,1;247,0;57,8;0,0;3,54E-2;-541,2;20,00;22,0;22,0;45,40;6,85;0,048;0,0;0,01;0,049
1040;03.07.2023;18:00:22;00:17:19;250,0;133,3;27,1;27,1;24,1;245,6;57,7;0,0;3,54E-2;-541,2;20,00;22,0;22,0;45,40;6,85;0,046;0,0;0,00;0,049
1041;03.07.2023;18:00:23;00:17:20;250,0;130,2;27,1;26,9;24,1;242,6;57,4;0,0;3,53E-2;-541,2;20,00;22,0;22,0;45,40;6,85;0,048;0,0;0,00;0,049
1042;03.07.2023;18:00:24;00:17:21;250,0;127,3;26,9;26,8;24,1;239,7;57,1;0,0;3,53E-2;-541,2;20,00;22,0;22,0;45,40;6,85;0,044;0,0;0,00;0,049
1043;03.07.2023;18:00:25;00:17:22;250,0;127,3;26,9;26,8;24,1;238,3;57,0;0,0;3,53E-2;-541,2;20,00;22,0;22,0;45,41;6,85;0,043;0,0;0,00;0,049
1044;03.07.2023;18:00:26;00:17:23;250,0;127,3;26,8;26,6;24,1;235,3;56,7;0,0;3,52E-2;-541,2;20,00;22,0;22,1;45,41;6,85;0,046;0,0;0,01;0,049
1045;03.07.2023;18:00:27;00:17:24;250,0;124,4;26,8;26,6;24,1;232,2;56,4;0,0;3,52E-2;-541,2;20,00;22,0;21,9;45,41;6,85;0,040;0,0;0,00;0,049
1046;03.07.2023;18:00:28;00:17:25;250,0;121,7;26,7;26,5;24,1;230,7;56,3;0,0;3,51E-2;-541,2;20,00;22,0;21,9;45,41;6,85;0,043;0,0;0,00;0,049
1047;03.07.2023;18:00:29;00:17:26;250,0;121,7;26,5;26,5;24,1;227,8;56,0;0,0;3,51E-2;-541,2;20,00;22,0;22,0;45,41;6,86;0,045;0,0;0,00;0,049
1048;03.07.2023;18:00:30;00:17:27;250,0;119,2;26,5;26,4;24,1;224,9;55,7;0,0;3,50E-2;-541,2;20,00;22,0;22,0;45,41;6,86;0,044;0,0;0,01;0,049
1049;03.07.2023;18:00:31;00:17:28;250,0;119,2;26,4;26,4;24,1;223,4;55,6;0,0;3,50E-2;-541,2;20,00;22,0;22,0;45,41;6,86;0,043;0,0;0,01;0,049
1050;03.07.2023;18:00:32;00:17:29;250,0;116,6;26,4;26,2;24,1;220,5;55,3;0,0;3,49E-2;-541,2;20,00;22,0;22,0;45,41;6,86;0,044;0,0;0,00;0,049
1051;03.07.2023;18:00:33;00:17:30;250,0;114,2;26,3;26,1;24,1;217,3;55,0;0,0;3,49E-2;-541,2;20,00;22,0;22,0;45,41;6,86;0,049;0,0;0,01;0,049
1052;03.07.2023;18:00:34;00:17:31;250,0;114,2;26,3;26,1;24,1;215,9;54,9;0,0;3,49E-2;-541,2;20,00;22,0;22,0;45,41;6,86;0,048;0,0;0,00;0,049
1053;03.07.2023;18:00:35;00:17:32;250,0;114,2;26,2;26,0;24,1;213,0;54,6;0,0;3,48E-2;-541,2;20,00;22,0;22,0;45,41;6,86;0,044;0,0;0,01;0,049
1054;03.07.2023;18:00:36;00:17:33;250,0;111,7;26,2;26,0;24,0;211,5;54,4;0,0;3,48E-2;-541,2;20,00;22,0;22,0;45,41;6,86;0,045;0,0;0,00;0,049
1055;03.07.2023;18:00:37;00:17:34;250,0;111,7;26,2;26,0;24,0;208,6;54,1;0,0;3,48E-2;-541,2;20,00;22,0;22,0;45,41;6,86;0,042;0,0;0,01;0,049
1056;03.07.2023;18:00:38;00:17:35;250,0;109,3;26,0;25,9;24,0;205,7;53,8;0,0;3,47E-2;-541,2;20,00;22,0;21,9;45,41;6,86;0,037;0,0;0,00;0,049
1057;03.07.2023;18:00:39;00:17:36;250,0;109,3;26,0;25,9;24,0;204,2;53,7;0,0;3,47E-2;-541,2;20,00;22,0;22,0;45,42;6,86;0,038;0,0;0,00;0,049
1058;03.07.2023;18:00:40;00:17:37;250,0;106,8;25,9;25,7;24,0;201,0;53,3;0,0;3,46E-2;-541,2;20,00;22,0;22,0;45,42;6,86;0,040;0,0;0,01;0,049
1059;03.07.2023;18:00:41;00:17:38;250,0;106,8;25,8;25,6;24,0;198,1;53,0;0,0;3,46E-2;-541,2;20,00;22,0;22,0;45,42;6,86;0,039;0,0;0,00;0,049
1060;03.07.2023;18:00:42;00:17:39;250,0;106,8;25,8;25,6;24,0;196,7;52,9;0,0;3,45E-2;-541,2;20,00;22,0;22,0;45,42;6,86;0,038;0,0;0,00;0,049
1061;03.07.2023;18:00:43;00:17:40;250,0;104,4;25,8;25,6;24,0;193,7;52,6;0,0;3,45E-2;-541,2;20,00;22,0;22,0;45,42;6,86;0,040;0,0;0,00;0,049
1062;03.07.2023;18:00:44;00:17:41;250,0;102,0;25,6;25,5;24,0;190,8;52,3;0,0;3,45E-2;-541,2;20,00;22,0;22,0;45,42;6,86;0,035;0,0;0,00;0,049
1063;03.07.2023;18:00:45;00:17:42;250,0;102,0;25,6;25,5;24,0;189,4;52,1;0,0;3,45E-2;-541,2;20,00;22,0;22,0;45,42;6,86;0,039;0,0;0,00;0,049
1064;03.07.2023;18:00:46;00:17:43;250,0;99,6;25,5;25,3;23,9;186,2;51,8;0,0;3,44E-2;-541,2;20,00;22,0;22,0;45,42;6,87;0,037;0,0;0,01;0,049
1065;03.07.2023;18:00:47;00:17:44;250,0;99,6;25,5;25,3;23,9;183,3;51,5;0,0;3,44E-2;-541,2;20,00;22,0;21,9;45,42;6,87;0,035;0,0;0,01;0,049
1066;03.07.2023;18:00:48;00:17:45;250,0;97,5;25,4;25,2;23,9;181,8;51,3;0,0;3,43E-2;-541,2;20,00;22,0;21,9;45,42;6,87;0,036;0,0;0,01;0,049
1067;03.07.2023;18:00:49;00:17:46;250,0;97,5;25,3;25,1;23,9;178,9;51,0;0,0;3,43E-2;-541,2;20,00;22,0;22,0;45,42;6,87;0,031;0,0;0,00;0,049
1068;03.07.2023;18:00:50;00:17:47;250,0;95,4;25,3;25,1;23,9;177,4;50,8;0,0;3,43E-2;-541,2;20,00;22,0;21,9;45,42;6,87;0,033;0,0;0,00;0,049
1069;03.07.2023;18:00:51;00:17:48;250,0;95,4;25,2;25,1;23,9;174,5;50,5;0,0;3,42E-2;-541,2;20,00;22,0;22,0;45,42;6,87;0,041;0,0;0,00;0,049
1070;03.07.2023;18:00:52;00:17:49;250,0;93,4;25,2;25,0;23,9;171,4;50,1;0,0;3,42E-2;-541,2;20,00;22,0;22,0;45,42;6,87;0,035;0,0;0,01;0,049
1071;03.07.2023;18:00:53;00:17:50;250,0;93,4;25,2;25,0;23,9;169,9;50,0;0,0;3,42E-2;-541,2;20,00;22,0;22,0;45,42;6,87;0,033;0,0;0,01;0,049
1072;03.07.2023;18:00:54;00:17:51;250,0;91,4;25,1;24,9;23,9;167,0;49,6;0,0;3,41E-2;-541,2;20,00;22,0;22,0;45,42;6,87;0,029;0,0;0,01;0,049
1073;03.07.2023;18:00:55;00:17:52;250,0;91,4;25,0;24,8;23,9;164,1;49,3;0,0;3,41E-2;-541,2;20,00;22,0;22,0;45,43;6,87;0,030;0,0;0,01;0,049
1074;03.07.2023;18:00:56;00:17:53;250,0;89,4;25,0;24,8;23,9;162,6;49,1;0,0;3,41E-2;-541,2;20,00;22,0;22,0;45,43;6,87;0,035;0,0;0,01;0,049
1075;03.07.2023;18:00:57;00:17:54;250,0;89,4;24,8;24,8;23,9;159,7;48,8;0,0;3,40E-2;-541,2;20,00;22,0;22,0;45,43;6,87;0,034;0,0;0,00;0,049
1076;03.07.2023;18:00:58;00:17:55;250,0;87,5;24,8;24,7;23,9;156,5;48,4;0,0;3,40E-2;-541,2;20,00;22,0;22,1;45,43;6,87;0,035;0,0;0,01;0,049
1077;03.07.2023;18:00:59;00:17:56;250,0;87,5;24,9;24,7;23,9;155,0;48,3;0,0;3,40E-2;-541,2;20,00;22,0;22,1;45,43;6,87;0,031;0,0;0,01;0,049
1078;03.07.2023;18:01:00;00:17:57;250,0;85,4;24,7;24,5;23,9;152,1;47,9;0,0;3,39E-2;-541,2;20,00;22,0;22,0;45,43;6,87;0,031;0,0;0,01;0,049
1079;03.07.2023;18:01:01;00:17:58;250,0;85,4;24,7;24,5;23,9;150,7;47,7;0,0;3,39E-2;-541,2;20,00;22,0;22,0;45,43;6,87;0,031;0,0;0,00;0,049
1080;03.07.2023;18:01:02;00:17:59;250,0;85,4;24,6;24,4;23,9;147,7;47,4;0,0;3,38E-2;-541,2;20,00;22,0;22,1;45,43;6,88;0,036;0,0;0,01;0,049
1081;03.07.2023;18:01:03;00:18:00;250,0;83,4;24,6;24,4;23,8;144,8;47,0;0,0;3,38E-2;-541,2;20,00;22,0;22,0;45,43;6,87;0,030;0,0;0,01;0,049
1082;03.07.2023;18:01:04;00:18:01;250,0;81,4;24,5;24,3;23,8;143,1;46,8;0,0;3,38E-2;-541,2;20,00;22,0;22,0;45,43;6,87;0,028;0,0;0,01;0,049
1083;03.07.2023;18:01:05;00:18:02;250,0;81,4;24,4;24,3;23,8;140,2;46,5;0,0;3,37E-2;-541,2;20,00;22,0;22,0;45,43;6,88;0,028;0,0;0,00;0,049
1084;03.07.2023;18:01:06;00:18:03;250,0;79,6;24,4;24,2;23,8;137,3;46,1;0,0;3,37E-2;-541,2;20,00;22,0;22,0;45,43;6,88;0,029;0,0;0,01;0,049
1085;03.07.2023;18:01:07;00:18:04;250,0;79,6;24,4;24,2;23,8;135,8;45,9;0,0;3,37E-2;-541,2;20,00;22,0;22,0;45,43;6,88;0,030;0,0;0,01;0,049
1086;03.07.2023;18:01:08;00:18:05;250,0;77,9;24,3;24,1;23,8;132,9;45,6;0,0;3,37E-2;-541,2;20,00;22,0;22,0;45,43;6,88;0,031;0,0;0,01;0,049
1087;03.07.2023;18:01:09;00:18:06;250,0;76,3;24,2;24,0;23,8;129,7;45,2;0,0;3,36E-2;-541,2;20,00;22,0;22,0;45,43;6,88;0,025;0,0;0,01;0,049
1088;03.07.2023;18:01:10;00:18:07;250,0;76,3;24,2;24,0;23,8;128,3;45,0;0,0;3,36E-2;-541,2;20,00;22,0;22,0;45,43;6,88;0,027;0,0;0,00;0,049
1089;03.07.2023;18:01:11;00:18:08;250,0;76,3;24,1;24,0;23,8;125,4;44,6;0,0;3,35E-2;-541,2;20,00;22,0;21,9;45,43;6,88;0,030;0,0;0,01;0,049
1090;03.07.2023;18:01:12;00:18:09;250,0;74,7;24,1;23,9;23,8;122,4;44,3;0,0;3,35E-2;-541,2;20,00;22,0;22,0;45,43;6,88;0,028;0,0;0,01;0,049
1091;03.07.2023;18:01:13;00:18:10;250,0;74,7;24,1;23,9;23,8;121,0;44,1;0,0;3,35E-2;-541,2;20,00;22,0;22,0;45,43;6,88;0,027;0,0;0,01;0,049
1092;03.07.2023;18:01:14;00:18:11;250,0;73,1;24,0;23,8;23,8;118,1;43,7;0,0;3,34E-2;-541,2;20,00;22,0;21,9;45,43;6,88;0,025;0,0;0,00;0,049
1093;03.07.2023;18:01:15;00:18:12;250,0;73,1;23,9;23,8;23,8;116,6;43,5;0,0;3,34E-2;-541,2;20,00;22,0;22,0;45,43;6,88;0,026;0,0;0,01;0,049
1094;03.07.2023;18:01:16;00:18:13;250,0;71,6;23,9;23,7;23,7;113,4;43,1;0,0;3,33E-2;-541,2;20,00;22,0;22,0;45,43;6,88;0,027;0,0;0,01;0,049
1095;03.07.2023;18:01:17;00:18:14;250,0;71,6;23,8;23,6;23,7;110,5;42,7;0,0;3,33E-2;-541,2;20,00;22,0;22,0;45,44;6,88;0,028;0,0;0,01;0,049
1096;03.07.2023;18:01:18;00:18:15;250,0;70,1;23,8;23,6;23,7;109,1;42,5;0,0;3,33E-2;-541,2;20,00;22,0;22,0;45,44;6,88;0,027;0,0;0,01;0,049
1097;03.07.2023;18:01:19;00:18:16;250,0;70,1;23,8;23,6;23,7;106,1;42,1;0,0;3,33E-2;-541,2;20,00;22,0;22,0;45,44;6,88;0,024;0,0;0,01;0,049
1098;03.07.2023;18:01:20;00:18:17;250,0;68,5;23,7;23,5;23,7;103,2;41,8;0,0;3,32E-2;-541,2;20,00;22,0;22,0;45,44;6,88;0,029;0,0;0,01;0,049
1099;03.07.2023;18:01:21;00:18:18;250,0;68,5;23,7;23,5;23,7;101,8;41,6;0,0;3,32E-2;-541,2;20,00;22,0;22,0;45,44;6,88;0,028;0,0;0,01;0,049
1100;03.07.2023;18:01:22;00:18:19;250,0;67,0;23,6;23,4;23,7;98,6;41,1;0,0;3,32E-2;-541,2;20,00;22,0;22,1;45,44;6,88;0,024;0,0;0,00;0,049
1101;03.07.2023;18:01:23;00:18:20;250,0;67,0;23,6;23,4;23,7;95,7;40,7;0,0;3,31E-2;-541,2;20,00;22,0;22,0;45,44;6,88;0,022;0,0;0,00;0,049
1102;03.07.2023;18:01:24;00:18:21;250,0;65,5;23,5;23,3;23,7;94,2;40,5;0,0;3,31E-2;-541,2;20,00;22,0;22,1;45,44;6,88;0,024;0,0;0,01;0,049
1103;03.07.2023;18:01:25;00:18:22;250,0;65,5;23,4;23,3;23,7;91,3;40,1;0,0;3,31E-2;-541,2;20,00;22,0;22,0;45,44;6,88;0,020;0,0;0,00;0,049
1104;03.07.2023;18:01:26;00:18:23;250,0;64,1;23,4;23,2;23,7;88,4;39,7;0,0;3,30E-2;-541,2;20,00;22,0;22,0;45,44;6,88;0,022;0,0;0,01;0,049
1105;03.07.2023;18:01:27;00:18:24;250,0;64,1;23,4;23,2;23,7;86,9;39,5;0,0;3,30E-2;-541,2;20,00;22,0;22,0;45,44;6,88;0,023;0,0;0,01;0,049
1106;03.07.2023;18:01:28;00:18:25;250,0;62,8;23,3;23,2;23,7;84,0;39,1;0,0;3,30E-2;-541,2;20,00;22,0;22,0;45,44;6,88;0,025;0,0;0,01;0,049
1107;03.07.2023;18:01:29;00:18:26;250,0;62,8;23,3;23,2;23,7;82,3;38,9;0,0;3,30E-2;-541,2;20,00;22,0;22,0;45,44;6,89;0,024;0,0;0,01;0,049
1108;03.07.2023;18:01:30;00:18:27;250,0;61,5;23,2;23,1;23,7;79,4;38,5;0,0;3,30E-2;-541,2;20,00;22,0;21,9;45,44;6,88;0,017;0,0;0,01;0,049
1109;03.07.2023;18:01:31;00:18:28;250,0;61,5;23,2;23,1;23,6;76,5;38,1;0,0;3,29E-2;-541,2;20,00;22,0;22,0;45,44;6,89;0,018;0,0;0,01;0,049
1110;03.07.2023;18:01:32;00:18:29;250,0;60,3;23,2;23,0;23,6;75,0;37,9;0,0;3,29E-2;-541,2;20,00;22,0;22,0;45,44;6,89;0,019;0,0;0,01;0,049
1111;03.07.2023;18:01:33;00:18:30;250,0;60,3;23,2;23,0;23,6;72,1;37,4;0,0;3,28E-2;-541,2;20,00;22,0;22,0;45,44;6,89;0,015;0,0;0,00;0,049
1112;03.07.2023;18:01:34;00:18:31;250,0;59,1;23,1;22,9;23,6;69,2;37,0;0,0;3,28E-2;-541,2;20,00;22,0;22,0;45,44;6,89;0,019;0,0;0,01;0,049
1113;03.07.2023;18:01:35;00:18:32;250,0;59,1;23,0;22,8;23,6;67,4;36,8;0,0;3,28E-2;-541,2;20,00;22,0;22,0;45,44;6,89;0,019;0,0;0,01;0,049
1114;03.07.2023;18:01:36;00:18:33;250,0;57,9;23,0;22,8;23,6;64,5;36,4;0,0;3,27E-2;-541,2;20,00;22,0;21,9;45,44;6,89;0,018;0,0;0,01;0,049
1115;03.07.2023;18:01:37;00:18:34;250,0;56,7;22,9;22,7;23,6;61,6;35,9;0,0;3,27E-2;-541,2;20,00;22,0;22,0;45,44;6,89;0,021;0,0;0,00;0,049
1116;03.07.2023;18:01:38;00:18:35;250,0;56,7;22,9;22,7;23,6;60,1;35,7;0,0;3,27E-2;-541,2;20,00;22,0;22,0;45,44;6,89;0,020;0,0;0,01;0,049
1117;03.07.2023;18:01:39;00:18:36;250,0;56,8;23,0;22,8;23,7;57,2;35,3;0,0;3,27E-2;-541,2;20,00;22,0;21,9;45,44;6,89;0,022;0,0;0,01;0,049
1118;03.07.2023;18:01:40;00:18:37;250,0;55,6;22,9;22,7;23,7;55,8;35,1;0,0;3,26E-2;-541,2;20,00;22,0;21,9;45,44;6,89;0,021;0,0;0,01;0,049
1119;03.07.2023;18:01:41;00:18:38;250,0;55,6;22,9;22,7;23,6;52,6;34,6;0,0;3,26E-2;-541,2;20,00;22,0;22,0;45,44;6,89;0,021;0,0;0,01;0,049
1120;03.07.2023;18:01:42;00:18:39;250,0;54,4;22,8;22,6;23,6;49,7;34,2;0,0;3,26E-2;-541,2;20,00;22,0;22,0;45,44;6,89;0,021;0,0;0,01;0,049
1121;03.07.2023;18:01:43;00:18:40;250,0;54,4;22,8;22,6;23,6;48,2;34,0;0,0;3,26E-2;-541,2;20,00;22,0;22,0;45,44;6,89;0,017;0,0;0,00;0,049
1122;03.07.2023;18:01:44;00:18:41;250,0;53,3;22,7;22,5;23,6;45,3;33,5;0,0;3,25E-2;-541,2;20,00;22,0;22,0;45,44;6,89;0,020;0,0;0,01;0,049
1123;03.07.2023;18:01:45;00:18:42;250,0;53,3;22,6;22,5;23,6;42,4;33,1;0,0;3,25E-2;-541,2;20,00;22,0;22,0;45,44;6,89;0,018;0,0;0,00;0,049
1124;03.07.2023;18:01:46;00:18:43;250,0;53,3;22,6;22,5;23,6;40,9;32,8;0,0;3,25E-2;-541,2;20,00;22,0;22,0;45,44;6,89;0,016;0,0;0,01;0,049
1125;03.07.2023;18:01:47;00:18:44;250,0;52,1;22,6;22,4;23,6;37,8;32,4;0,0;3,24E-2;-541,2;20,00;22,0;22,0;45,44;6,89;0,018;0,0;0,00;0,049
1126;03.07.2023;18:01:48;00:18:45;250,0;51,1;22,6;22,4;23,6;34,8;31,9;0,0;3,24E-2;-541,2;20,00;22,0;22,0;45,45;6,89;0,020;0,0;0,00;0,049
1127;03.07.2023;18:01:49;00:18:46;250,0;51,1;22,6;22,4;23,6;33,4;31,7;0,0;3,24E-2;-541,2;20,00;22,0;22,0;45,45;6,89;0,019;0,0;0,00;0,049
1128;03.07.2023;18:01:50;00:18:47;250,0;50,1;22,5;22,3;23,6;30,5;31,2;0,0;3,23E-2;-541,2;20,00;22,0;22,0;45,45;6,89;0,017;0,0;0,00;0,049
1129;03.07.2023;18:01:51;00:18:48;250,0;50,1;22,5;22,3;23,6;27,5;30,8;0,0;3,23E-2;-541,2;20,00;22,0;22,0;45,45;6,89;0,016;0,0;0,00;0,049
1130;03.07.2023;18:01:52;00:18:49;250,0;49,2;22,4;22,2;23,6;26,1;30,6;0,0;3,23E-2;-541,2;20,00;22,0;22,0;45,45;6,89;0,014;0,0;0,01;0,049
1131;03.07.2023;18:01:53;00:18:50;250,0;49,2;22,4;22,1;23,6;22,9;30,1;0,0;3,23E-2;-541,2;20,00;22,0;22,0;45,45;6,89;0,016;0,0;0,00;0,049
1132;03.07.2023;18:01:54;00:18:51;250,0;49,2;22,4;22,1;23,6;21,5;29,8;0,0;3,22E-2;-541,2;20,00;22,0;22,0;45,45;6,89;0,016;0,0;0,00;0,049
