Nr.;Datum;Zeit;P.Zeit;AV Pyro top;AV Control TC;AV Piston TC Top;AV Piston TC Bot;AV Transformer T;SV Temperature  ;AV CZ Output;AV abs. pressure;Vacuum;AV rel. pressure;SV Rel. Pressure;SV Force        ;AV Force;AV Abs. Piston T;AV Rel. Piston T;AV Speed;Power;U RMS;I RMS
;;;;°C;°C;°C;°C;°C;°C    ;%;mbar(a;mbar(a;mbar(g;mbar(g;kN    ;kN;mm;mm;mm/min;kW;V;kA
1;04.07.2023;11:55:49;00:00:00;250,0;20,4;19,9;18,6;24,1;20,0;0,0;1002,9;1,00E3;-3,3;20,00;3,0;2,9;38,69;0,05;-0,003;0,0;0,00;0,042
2;04.07.2023;11:55:50;00:00:01;250,0;20,4;19,9;18,6;24,1;20,0;0,0;1002,9;1,00E3;-3,2;20,00;3,0;3,0;38,69;0,05;-0,004;0,0;0,01;0,044
3;04.07.2023;11:55:51;00:00:02;250,0;20,3;19,9;18,6;24,1;20,0;0,0;1002,9;1,00E3;-3,2;20,00;3,0;3,0;38,69;0,05;0,001;0,0;0,01;0,043
4;04.07.2023;11:55:52;00:00:03;250,0;20,3;19,9;18,6;24,1;20,0;0,0;1002,9;1,00E3;-3,2;20,00;3,0;3,0;38,69;0,05;-0,005;0,0;0,01;0,044
5;04.07.2023;11:55:53;00:00:04;250,0;20,3;19,9;18,6;24,1;20,0;0,0;1002,9;1,00E3;-3,1;20,00;3,0;3,0;38,69;0,05;-0,004;0,0;0,00;0,044
6;04.07.2023;11:55:54;00:00:05;250,0;20,3;19,9;18,6;24,1;20,0;0,0;1002,9;1,00E3;-3,1;20,00;3,0;3,0;38,69;0,05;-0,003;0,0;0,01;0,043
7;04.07.2023;11:55:55;00:00:06;250,0;20,2;19,9;18,6;24,1;20,0;0,0;1002,9;1,00E3;-3,1;20,00;3,0;3,0;38,69;0,05;0,000;0,0;0,01;0,044
8;04.07.2023;11:55:56;00:00:07;250,0;20,2;20,0;18,6;24,1;20,0;0,0;1002,9;1,00E3;-3,1;20,00;3,0;3,0;38,69;0,05;-0,002;0,0;0,00;0,044
9;04.07.2023;11:55:57;00:00:08;250,0;20,1;20,0;18,6;24,0;20,0;0,0;1002,9;1,00E3;-3,1;20,00;3,0;3,0;38,69;0,05;-0,002;0,0;0,00;0,044
10;04.07.2023;11:55:58;00:00:09;250,0;20,1;20,0;18,6;24,0;20,0;0,0;961,6;9,62E2;-42,3;20,00;3,0;3,0;38,69;0,05;-0,004;0,0;0,01;0,044
11;04.07.2023;11:55:59;00:00:10;250,0;20,1;20,0;18,6;24,0;20,0;0,0;915,5;9,15E2;-86,3;20,00;3,0;3,0;38,69;0,05;0,001;0,0;0,00;0,042
12;04.07.2023;11:56:00;00:00:11;250,0;20,1;20,0;18,6;24,0;20,0;0,0;892,3;8,92E2;-112,2;20,00;3,0;3,0;38,69;0,05;0,003;0,0;0,01;0,043
13;04.07.2023;11:56:01;00:00:12;250,0;20,0;20,0;18,6;24,0;20,0;0,0;845,6;8,46E2;-157,2;20,00;3,0;3,0;38,69;0,05;0,002;0,0;0,01;0,042
14;04.07.2023;11:56:02;00:00:13;250,0;20,0;20,0;18,6;24,0;20,0;0,0;826,3;8,26E2;-178,7;20,00;3,0;3,0;38,69;0,05;0,002;0,0;0,00;0,042
15;04.07.2023;11:56:03;00:00:14;250,0;20,0;20,0;18,6;24,0;20,0;0,0;791,0;7,91E2;-212,6;20,00;3,0;3,0;38,69;0,05;0,003;0,0;0,00;0,044
16;04.07.2023;11:56:04;00:00:15;250,0;19,9;20,0;18,6;24,0;20,0;0,0;756,4;7,56E2;-247,4;20,00;3,0;3,0;38,69;0,05;0,004;0,0;0,01;0,044
17;04.07.2023;11:56:05;00:00:16;250,0;19,9;20,0;18,6;24,0;20,0;0,0;740,3;7,40E2;-262,8;20,00;3,0;3,0;38,69;0,05;0,006;0,0;0,01;0,044
18;04.07.2023;11:56:06;00:00:17;250,0;19,9;20,0;18,6;24,0;20,0;0,0;709,4;7,09E2;-294,6;20,00;3,0;3,0;38,69;0,05;0,007;0,0;0,00;0,043
19;04.07.2023;11:56:07;00:00:18;250,0;19,8;20,0;18,6;24,0;20,0;0,0;677,6;6,78E2;-324,6;20,00;3,0;3,0;38,69;0,05;0,003;0,0;0,00;0,044
20;04.07.2023;11:56:08;00:00:19;250,0;19,8;20,0;18,6;24,0;20,0;0,0;664,8;6,65E2;-340,1;20,00;3,0;3,0;38,69;0,05;0,003;0,0;0,00;0,044
21;04.07.2023;11:56:09;00:00:20;250,0;19,8;20,0;18,6;24,0;20,0;0,0;637,8;6,38E2;-365,5;20,00;3,0;3,0;38,69;0,05;0,001;0,0;0,01;0,044
22;04.07.2023;11:56:10;00:00:21;250,0;19,7;19,8;18,4;23,9;20,0;0,0;612,3;6,12E2;-391,8;20,00;3,0;3,0;38,69;0,05;0,003;0,0;0,00;0,044
23;04.07.2023;11:56:11;00:00:22;250,0;19,6;19,8;18,4;23,9;20,0;0,0;599,8;6,00E2;-403,5;20,00;3,0;3,1;38,69;0,05;0,003;0,0;0,00;0,043
24;04.07.2023;11:56:12;00:00:23;250,0;19,6;19,8;18,4;23,9;20,0;0,0;575,9;5,76E2;-428,0;20,00;3,0;3,0;38,69;0,05;0,007;0,0;0,00;0,044
25;04.07.2023;11:56:13;00:00:24;250,0;19,5;19,8;18,4;23,9;20,0;0,0;551,0;5,51E2;-451,3;20,00;3,0;3,0;38,69;0,05;0,004;0,0;0,01;0,043
26;04.07.2023;11:56:14;00:00:25;250,0;19,5;19,8;18,4;23,9;20,0;0,0;541,0;5,41E2;-463,4;20,00;3,0;3,0;38,69;0,05;0,005;0,0;0,01;0,044
27;04.07.2023;11:56:15;00:00:26;250,0;19,4;19,8;18,4;23,9;20,0;0,0;519,3;5,19E2;-483,4;20,00;3,0;3,0;38,69;0,05;-0,002;0,0;0,00;0,042
28;04.07.2023;11:56:16;00:00:27;250,0;19,4;19,8;18,4;23,9;20,0;0,0;509,4;5,09E2;-494,8;20,00;3,0;3,0;38,69;0,05;0,001;0,0;0,00;0,044
29;04.07.2023;11:56:17;00:00:28;250,0;19,4;19,8;18,4;23,9;20,0;0,0;488,9;4,89E2;-513,6;20,00;3,0;3,0;38,69;0,05;0,004;0,0;0,01;0,044
30;04.07.2023;11:56:18;00:00:29;250,0;19,4;19,8;18,4;23,9;20,0;0,0;470,3;4,70E2;-533,1;20,00;3,0;3,0;38,69;0,06;0,005;0,0;0,01;0,044
31;04.07.2023;11:56:19;00:00:30;250,0;19,3;19,8;18,3;23,9;20,0;0,0;458,7;4,59E2;-541,2;20,00;3,0;3,0;38,69;0,05;0,006;0,0;0,00;0,044
32;04.07.2023;11:56:20;00:00:31;250,0;19,3;19,8;18,3;23,9;20,0;0,0;442,3;4,42E2;-541,2;20,00;3,0;3,0;38,69;0,06;0,012;0,0;0,00;0,044
33;04.07.2023;11:56:21;00:00:32;250,0;19,3;19,8;18,3;23,9;20,0;0,0;424,4;4,24E2;-541,2;20,00;3,0;3,0;38,69;0,06;0,013;0,0;0,00;0,044
34;04.07.2023;11:56:22;00:00:33;250,0;19,3;19,8;18,3;23,9;20,0;0,0;416,4;4,16E2;-541,2;20,00;3,0;3,0;38,69;0,06;0,016;0,0;0,00;0,044
35;04.07.2023;11:56:23;00:00:34;250,0;19,2;19,8;18,3;23,8;20,0;0,0;399,5;3,99E2;-541,2;20,00;3,0;3,0;38,69;0,06;0,019;0,0;0,01;0,044
36;04.07.2023;11:56:24;00:00:35;250,0;19,2;19,8;18,2;23,8;20,0;0,0;385,2;3,85E2;-541,2;20,00;3,0;3,0;38,69;0,06;0,022;0,0;0,00;0,043
37;04.07.2023;11:56:25;00:00:36;250,0;19,2;19,8;18,2;23,8;20,0;0,0;376,3;3,76E2;-541,2;20,00;3,0;3,0;38,69;0,06;0,020;0,0;0,00;0,043
38;04.07.2023;11:56:26;00:00:37;250,0;19,2;19,8;18,2;23,8;20,0;0,0;361,1;3,61E2;-541,2;20,00;3,0;3,0;38,69;0,06;0,020;0,0;0,00;0,044
39;04.07.2023;11:56:27;00:00:38;250,0;19,1;19,8;18,2;23,8;20,0;0,0;347,8;3,48E2;-541,2;20,00;3,0;3,0;38,69;0,06;0,025;0,0;0,01;0,044
40;04.07.2023;11:56:28;00:00:39;250,0;19,1;19,8;18,2;23,8;20,0;0,0;341,0;3,41E2;-541,2;20,00;3,0;3,0;38,69;0,06;0,026;0,0;0,00;0,044
41;04.07.2023;11:56:29;00:00:40;250,0;19,1;19,8;18,2;23,8;20,0;0,0;326,6;3,27E2;-541,2;20,00;3,0;3,0;38,69;0,06;0,026;0,0;0,00;0,044
42;04.07.2023;11:56:30;00:00:41;250,0;19,0;19,7;18,1;23,8;20,0;0,0;321,4;3,21E2;-541,2;20,00;3,0;3,0;38,69;0,06;0,027;0,0;0,01;0,044
43;04.07.2023;11:56:31;00:00:42;250,0;19,0;19,7;18,1;23,8;20,0;0,0;308,0;3,08E2;-541,2;20,00;3,0;3,0;38,69;0,06;0,024;0,0;0,01;0,044
44;04.07.2023;11:56:32;00:00:43;250,0;19,0;19,7;18,0;23,8;20,0;0,0;296,1;2,96E2;-541,2;20,00;3,0;3,0;38,70;0,06;0,023;0,0;0,00;0,044
45;04.07.2023;11:56:33;00:00:44;250,0;18,9;19,7;18,0;23,8;20,0;0,0;290,4;2,90E2;-541,2;20,00;3,0;3,0;38,69;0,06;0,022;0,0;0,01;0,043
46;04.07.2023;11:56:34;00:00:45;250,0;18,9;19,7;18,0;23,7;20,0;0,0;279,2;2,79E2;-541,2;20,00;3,0;3,0;38,70;0,06;0,016;0,0;0,00;0,044
47;04.07.2023;11:56:35;00:00:46;250,0;18,9;19,7;18,0;23,7;20,0;0,0;268,3;2,68E2;-541,2;20,00;3,0;3,0;38,70;0,06;0,016;0,0;0,01;0,044
48;04.07.2023;11:56:36;00:00:47;250,0;18,9;19,7;18,0;23,7;20,0;0,0;263,1;2,63E2;-541,2;20,00;3,0;3,0;38,70;0,06;0,015;0,0;0,00;0,044
49;04.07.2023;11:56:37;00:00:48;250,0;18,9;19,7;18,0;23,7;20,0;0,0;252,0;2,52E2;-541,2;20,00;3,0;3,0;38,70;0,06;0,017;0,0;0,00;0,044
50;04.07.2023;11:56:38;00:00:49;250,0;18,9;19,7;17,9;23,7;20,0;0,0;242,2;2,42E2;-541,2;20,00;3,0;3,0;38,70;0,06;0,017;0,0;0,00;0,044
51;04.07.2023;11:56:39;00:00:50;250,0;18,8;19,7;17,9;23,7;20,0;0,0;237,6;2,38E2;-541,2;20,00;3,0;3,0;38,70;0,06;0,017;0,0;0,00;0,044
52;04.07.2023;11:56:40;00:00:51;250,0;18,8;19,7;17,9;23,7;20,0;0,0;228,4;2,28E2;-541,2;20,00;3,0;3,0;38,70;0,06;0,019;0,0;0,00;0,044
53;04.07.2023;11:56:41;00:00:52;250,0;18,8;19,7;17,9;23,7;20,0;0,0;223,9;2,24E2;-541,2;20,00;3,0;3,0;38,70;0,06;0,017;0,0;0,01;0,044
54;04.07.2023;11:56:42;00:00:53;250,0;18,8;19,7;17,9;23,7;20,0;0,0;215,2;2,15E2;-541,2;20,00;3,0;3,0;38,70;0,06;0,016;0,0;0,01;0,044
55;04.07.2023;11:56:43;00:00:54;250,0;18,8;19,7;17,9;23,7;20,0;0,0;206,2;2,06E2;-541,2;20,00;3,0;3,0;38,70;0,06;0,016;0,0;0,01;0,044
56;04.07.2023;11:56:44;00:00:55;250,0;18,8;19,7;17,9;23,7;20,0;0,0;202,0;2,02E2;-541,2;20,00;3,0;3,0;38,70;0,06;0,012;0,0;0,00;0,044
57;04.07.2023;11:56:45;00:00:56;250,0;18,7;19,7;17,9;23,7;20,0;0,0;194,4;1,94E2;-541,2;20,00;3,0;3,0;38,70;0,06;0,016;0,0;0,00;0,044
58;04.07.2023;11:56:46;00:00:57;250,0;18,7;19,7;17,9;23,7;20,0;0,0;187,0;1,87E2;-541,2;20,00;3,0;3,0;38,70;0,06;0,017;0,0;0,01;0,044
59;04.07.2023;11:56:47;00:00:58;250,0;18,7;19,7;17,8;23,7;20,0;0,0;183,2;1,83E2;-541,2;20,00;3,0;3,0;38,70;0,06;0,020;0,0;0,01;0,044
60;04.07.2023;11:56:48;00:00:59;250,0;18,7;19,7;17,8;23,7;20,0;0,0;176,2;1,76E2;-541,2;20,00;3,0;3,0;38,70;0,06;0,019;0,0;0,00;0,044
61;04.07.2023;11:56:49;00:01:00;250,0;18,7;19,7;17,8;23,7;20,0;0,0;169,1;1,69E2;-541,2;20,00;3,0;3,0;38,70;0,06;0,019;0,0;0,01;0,044
62;04.07.2023;11:56:50;00:01:01;250,0;18,7;19,7;17,8;23,7;20,0;0,0;160,5;1,60E2;-541,2;20,00;3,0;3,0;38,70;0,07;0,016;0,0;0,00;0,044
63;04.07.2023;11:56:51;00:01:02;250,0;18,7;19,7;17,8;23,7;20,0;0,0;147,1;1,47E2;-541,2;20,00;3,0;3,0;38,70;0,06;0,013;0,0;0,01;0,044
64;04.07.2023;11:56:52;00:01:03;250,0;18,7;19,7;17,8;23,7;20,0;0,0;135,2;1,35E2;-541,2;20,00;3,0;3,0;38,70;0,07;0,014;0,0;0,00;0,044
65;04.07.2023;11:56:53;00:01:04;250,0;18,6;19,7;17,8;23,7;20,0;0,0;130,1;1,30E2;-541,2;20,00;3,0;3,0;38,70;0,07;0,017;0,0;0,00;0,043
66;04.07.2023;11:56:54;00:01:05;250,0;18,6;19,7;17,8;23,7;20,0;0,0;120,1;1,20E2;-541,2;20,00;3,0;3,0;38,70;0,07;0,017;0,0;0,00;0,042
67;04.07.2023;11:56:55;00:01:06;250,0;18,6;19,7;17,8;23,7;20,0;0,0;115,6;1,16E2;-541,2;20,00;3,0;3,0;38,70;0,07;0,017;0,0;0,00;0,044
68;04.07.2023;11:56:56;00:01:07;250,0;18,6;19,7;17,8;23,7;20,0;0,0;106,2;1,06E2;-541,2;20,00;3,0;3,0;38,70;0,07;0,023;0,0;0,01;0,043
69;04.07.2023;11:56:57;00:01:08;250,0;18,6;19,7;17,8;23,7;20,0;0,0;98,2;9,82E1;-541,2;20,00;3,0;3,0;38,70;0,07;0,023;0,0;0,00;0,044
70;04.07.2023;11:56:58;00:01:09;250,0;18,6;19,7;17,8;23,7;20,0;0,0;94,5;9,45E1;-541,2;20,00;3,0;3,0;38,70;0,07;0,022;0,0;0,00;0,044
71;04.07.2023;11:56:59;00:01:10;250,0;18,6;19,7;17,8;23,7;20,0;0,0;87,4;8,74E1;-541,2;20,00;3,0;3,0;38,70;0,07;0,018;0,0;0,00;0,044
72;04.07.2023;11:57:00;00:01:11;250,0;18,6;19,7;17,7;23,7;20,0;0,0;81,2;8,12E1;-541,2;20,00;3,0;3,0;38,70;0,07;0,018;0,0;0,00;0,044
73;04.07.2023;11:57:01;00:01:12;250,0;18,6;19,7;17,7;23,7;20,0;0,0;78,1;7,81E1;-541,2;20,00;3,0;3,0;38,70;0,07;0,017;0,0;0,01;0,043
74;04.07.2023;11:57:02;00:01:13;250,0;18,6;19,7;17,7;23,7;20,0;0,0;71,9;7,19E1;-541,2;20,00;3,0;3,0;38,70;0,07;0,020;0,0;0,01;0,044
75;04.07.2023;11:57:03;00:01:14;250,0;18,5;19,7;17,7;23,7;20,0;0,0;66,3;6,63E1;-541,2;20,00;3,0;3,0;38,70;0,07;0,017;0,0;0,00;0,044
76;04.07.2023;11:57:04;00:01:15;250,0;18,5;19,7;17,7;23,7;20,0;0,0;63,6;6,36E1;-541,2;20,00;3,0;3,0;38,70;0,07;0,016;0,0;0,00;0,044
77;04.07.2023;11:57:05;00:01:16;250,0;18,5;19,7;17,7;23,7;20,0;0,0;58,6;5,86E1;-541,2;20,00;3,0;3,0;38,70;0,07;0,015;0,0;0,01;0,044
78;04.07.2023;11:57:06;00:01:17;250,0;18,5;19,7;17,7;23,7;20,0;0,0;54,2;5,42E1;-541,2;20,00;3,0;3,0;38,70;0,07;0,015;0,0;0,01;0,044
79;04.07.2023;11:57:07;00:01:18;250,1;18,5;19,7;17,7;23,7;20,0;0,0;52,1;5,21E1;-541,2;20,00;3,0;3,0;38,71;0,07;0,015;0,0;0,01;0,044
80;04.07.2023;11:57:08;00:01:19;250,0;18,5;19,7;17,7;23,7;20,0;0,0;47,8;4,78E1;-541,2;20,00;3,0;3,0;38,71;0,07;0,010;0,0;0,00;0,044
81;04.07.2023;11:57:09;00:01:20;250,0;18,5;19,7;17,7;23,7;20,0;0,0;46,0;4,60E1;-541,2;20,00;3,0;3,0;38,71;0,07;0,010;0,0;0,01;0,044
82;04.07.2023;11:57:10;00:01:21;250,0;18,4;19,7;17,7;23,7;20,0;0,0;42,6;4,26E1;-541,2;20,00;3,0;3,0;38,71;0,07;0,011;0,0;0,00;0,044
83;04.07.2023;11:57:11;00:01:22;250,0;18,4;19,7;17,7;23,6;20,0;0,0;39,2;3,92E1;-541,2;20,00;3,0;3,0;38,71;0,07;0,010;0,0;0,00;0,044
84;04.07.2023;11:57:12;00:01:23;250,0;18,4;19,7;17,7;23,6;20,0;0,0;37,8;3,78E1;-541,2;20,00;3,0;3,0;38,70;0,07;0,007;0,0;0,00;0,044
85;04.07.2023;11:57:13;00:01:24;250,0;18,4;19,7;17,7;23,6;20,0;0,0;34,6;3,46E1;-541,2;20,00;3,0;3,0;38,71;0,07;0,007;0,0;0,01;0,043
86;04.07.2023;11:57:14;00:01:25;250,0;18,4;19,7;17,7;23,6;20,0;0,0;32,0;3,20E1;-541,2;20,00;3,0;3,0;38,71;0,07;0,007;0,0;0,00;0,044
87;04.07.2023;11:57:15;00:01:26;250,0;18,4;19,7;17,7;23,6;20,0;0,0;30,4;3,04E1;-541,2;20,00;3,0;3,0;38,71;0,07;0,010;0,0;0,00;0,043
88;04.07.2023;11:57:16;00:01:27;250,0;18,4;19,7;17,7;23,6;20,0;0,0;28,0;2,80E1;-541,2;20,00;3,0;3,0;38,71;0,07;0,010;0,0;0,00;0,044
89;04.07.2023;11:57:17;00:01:28;250,0;18,4;19,7;17,7;23,6;20,0;0,0;26,3;2,63E1;-541,2;20,00;3,0;3,0;38,71;0,07;0,009;0,0;0,00;0,044
90;04.07.2023;11:57:18;00:01:29;250,0;18,4;19,7;17,7;23,6;20,0;0,0;25,1;2,51E1;-541,2;20,00;3,0;3,0;38,71;0,07;0,009;0,0;0,00;0,043
91;04.07.2023;11:57:19;00:01:30;250,0;18,4;19,7;17,7;23,6;20,0;0,0;23,1;2,31E1;-541,2;20,00;3,0;3,0;38,71;0,07;0,009;0,0;0,00;0,044
92;04.07.2023;11:57:20;00:01:31;250,0;18,4;19,7;17,7;23,6;20,0;0,0;21,7;2,17E1;-541,2;20,00;3,0;3,0;38,71;0,07;0,007;0,0;0,00;0,044
93;04.07.2023;11:57:21;00:01:32;250,0;18,4;19,7;17,7;23,6;20,0;0,0;20,1;2,01E1;-541,2;20,00;3,0;3,0;38,71;0,07;0,006;0,0;0,01;0,044
94;04.07.2023;11:57:22;00:01:33;250,0;18,4;19,7;17,7;23,6;20,0;0,0;19,0;1,90E1;-541,2;20,00;3,0;3,0;38,71;0,07;0,002;0,0;0,00;0,044
95;04.07.2023;11:57:23;00:01:34;250,0;18,3;19,7;17,7;23,6;20,0;0,0;18,2;1,82E1;-541,2;20,00;3,0;3,0;38,71;0,07;0,002;0,0;0,01;0,043
96;04.07.2023;11:57:24;00:01:35;250,0;18,3;19,7;17,7;23,6;20,0;0,0;16,5;1,65E1;-541,2;20,00;3,0;3,0;38,71;0,07;0,001;0,0;0,00;0,044
97;04.07.2023;11:57:25;00:01:36;250,0;18,3;19,7;17,7;23,6;20,0;0,0;15,2;1,52E1;-541,2;20,00;3,0;3,0;38,71;0,07;0,006;0,0;0,00;0,044
98;04.07.2023;11:57:26;00:01:37;250,0;18,3;19,7;17,7;23,6;20,0;0,0;14,9;1,49E1;-541,2;20,00;3,0;3,0;38,71;0,07;0,007;0,0;0,00;0,044
99;04.07.2023;11:57:27;00:01:38;250,0;18,3;19,7;17,7;23,6;20,0;0,0;13,7;1,37E1;-541,2;20,00;3,0;3,0;38,71;0,07;0,007;0,0;0,01;0,044
100;04.07.2023;11:57:28;00:01:39;250,0;18,3;19,7;17,7;23,6;20,0;0,0;13,0;1,30E1;-541,2;20,00;3,0;3,0;38,71;0,07;0,005;0,0;0,01;0,044
101;04.07.2023;11:57:29;00:01:40;250,0;18,3;19,7;17,7;23,6;20,0;0,0;12,6;1,26E1;-541,2;20,00;3,0;3,0;38,71;0,07;0,003;0,0;0,00;0,043
102;04.07.2023;11:57:30;00:01:41;250,0;18,3;19,7;17,7;23,6;20,0;0,0;11,5;1,15E1;-541,2;20,00;3,0;3,0;38,71;0,07;0,005;0,0;0,01;0,044
103;04.07.2023;11:57:31;00:01:42;250,0;18,3;19,7;17,7;23,6;20,0;0,0;10,6;1,06E1;-541,2;20,00;3,0;3,0;38,71;0,07;0,004;0,0;0,00;0,044
104;04.07.2023;11:57:32;00:01:43;250,0;18,3;19,7;17,7;23,6;20,0;0,0;10,1;1,01E1;-541,2;20,00;3,0;2,9;38,71;0,07;0,004;0,0;0,00;0,044
105;04.07.2023;11:57:33;00:01:44;250,0;18,3;19,7;17,7;23,6;20,0;0,0;9,5;9,47E0;-541,2;20,00;3,0;3,0;38,71;0,07;0,003;0,0;0,01;0,044
106;04.07.2023;11:57:34;00:01:45;250,0;18,3;19,7;17,7;23,6;20,0;0,0;9,0;9,00E0;-541,2;20,00;3,0;3,0;38,71;0,07;0,001;0,0;0,01;0,044
107;04.07.2023;11:57:35;00:01:46;250,0;18,2;19,7;17,7;23,6;20,0;0,0;8,0;8,03E0;-541,2;20,00;3,0;3,0;38,71;0,07;0,003;0,0;0,00;0,043
108;04.07.2023;11:57:36;00:01:47;250,0;18,2;19,7;17,7;23,6;20,0;0,0;7,5;7,52E0;-541,2;20,00;3,0;3,0;38,71;0,07;0,001;0,0;0,01;0,044
109;04.07.2023;11:57:37;00:01:48;250,0;18,2;19,7;17,7;23,6;20,0;0,0;7,2;7,21E0;-541,2;20,00;3,0;3,0;38,71;0,07;0,001;0,0;0,01;0,044
110;04.07.2023;11:57:38;00:01:49;250,0;18,2;19,7;17,7;23,6;20,0;0,0;6,5;6,52E0;-541,2;20,00;3,0;3,0;38,71;0,07;0,002;0,0;0,00;0,044
111;04.07.2023;11:57:39;00:01:50;250,0;18,2;19,7;17,7;23,6;20,0;0,0;6,1;6,07E0;-541,2;20,00;3,0;3,0;38,71;0,07;0,002;0,0;0,00;0,044
112;04.07.2023;11:57:40;00:01:51;250,0;18,2;19,7;17,7;23,6;20,0;0,0;5,9;5,86E0;-541,2;20,00;3,0;3,0;38,71;0,07;0,004;0,0;0,01;0,044
113;04.07.2023;11:57:41;00:01:52;250,0;18,2;19,7;17,7;23,6;20,0;0,0;5,3;5,29E0;-541,2;20,00;3,0;3,0;38,71;0,07;0,005;0,0;0,00;0,044
114;04.07.2023;11:57:42;00:01:53;250,0;18,2;19,7;17,7;23,6;20,0;0,0;5,0;4,96E0;-541,2;20,00;3,0;3,0;38,71;0,07;-0,002;0,0;0,01;0,044
115;04.07.2023;11:57:43;00:01:54;250,0;18,2;19,7;17,8;23,6;20,0;0,0;4,8;4,81E0;-541,2;20,00;3,0;3,0;38,71;0,07;-0,001;0,0;0,00;0,044
116;04.07.2023;11:57:44;00:01:55;250,0;18,2;19,7;17,8;23,6;20,0;0,0;4,5;4,47E0;-541,2;20,00;3,0;3,0;38,71;0,07;0,003;0,0;0,00;0,042
117;04.07.2023;11:57:45;00:01:56;250,0;18,2;19,7;17,8;23,6;20,0;0,0;4,2;4,16E0;-541,2;20,00;3,0;3,0;38,71;0,07;0,003;0,0;0,00;0,044
118;04.07.2023;11:57:46;00:01:57;250,0;18,2;19,7;17,8;23,6;20,0;0,0;4,0;3,99E0;-541,2;20,00;3,0;3,0;38,71;0,07;0,002;0,0;0,00;0,044
119;04.07.2023;11:57:47;00:01:58;250,0;18,2;19,7;17,8;23,6;20,0;0,0;3,7;3,67E0;-541,2;20,00;3,0;3,0;38,71;0,07;0,003;0,0;0,01;0,044
120;04.07.2023;11:57:48;00:01:59;250,0;18,2;19,7;17,8;23,6;20,0;0,0;3,6;3,57E0;-541,2;20,00;3,0;3,0;38,71;0,07;0,002;0,0;0,01;0,044
121;04.07.2023;11:57:49;00:02:00;250,0;18,2;19,7;17,8;23,6;20,0;0,0;3,4;3,38E0;-541,2;20,00;3,0;3,0;38,71;0,07;0,002;0,0;0,01;0,043
122;04.07.2023;11:57:50;00:02:01;250,0;18,1;19,6;17,7;23,4;20,0;0,0;3,1;3,14E0;-541,2;20,00;3,0;3,0;38,71;0,07;0,004;0,0;0,01;0,044
123;04.07.2023;11:57:51;00:02:02;250,0;18,1;19,6;17,7;23,4;20,0;0,0;3,0;3,00E0;-541,2;20,00;3,0;3,0;38,71;0,07;0,004;0,0;0,01;0,044
124;04.07.2023;11:57:52;00:02:03;250,0;18,1;19,6;17,7;23,4;20,0;0,0;2,9;2,87E0;-541,2;20,00;3,0;3,0;38,71;0,07;0,003;0,0;0,00;0,044
125;04.07.2023;11:57:53;00:02:04;250,0;18,1;19,6;17,7;23,4;20,0;0,0;2,7;2,67E0;-541,2;20,00;3,0;3,0;38,71;0,07;0,004;0,0;0,00;0,043
126;04.07.2023;11:57:54;00:02:05;250,0;18,1;19,6;17,7;23,4;20,0;0,0;2,6;2,58E0;-541,2;20,00;3,0;3,0;38,71;0,07;0,002;0,0;0,00;0,044
127;04.07.2023;11:57:55;00:02:06;250,0;18,0;19,6;17,7;23,4;20,0;0,0;2,4;2,41E0;-541,2;20,00;3,0;3,0;38,71;0,07;0,004;0,0;0,01;0,044
128;04.07.2023;11:57:56;00:02:07;250,0;18,0;19,6;17,7;23,4;20,0;0,0;2,3;2,32E0;-541,2;20,00;3,0;3,0;38,71;0,07;0,001;0,0;0,01;0,044
129;04.07.2023;11:57:57;00:02:08;250,0;18,0;19,6;17,7;23,4;20,0;0,0;2,2;2,25E0;-541,2;20,00;3,0;3,0;38,71;0,07;-0,001;0,0;0,01;0,042
130;04.07.2023;11:57:58;00:02:09;250,0;18,0;19,6;17,7;23,4;20,0;0,0;2,1;2,13E0;-541,2;20,00;3,0;3,0;38,71;0,07;0,001;0,0;0,01;0,044
131;04.07.2023;11:57:59;00:02:10;250,0;18,0;19,6;17,7;23,4;20,0;0,0;2,1;2,11E0;-541,2;20,00;3,0;3,0;38,71;0,07;0,002;0,0;0,00;0,043
132;04.07.2023;11:58:00;00:02:11;250,0;18,0;19,6;17,8;23,4;20,0;0,0;2,0;1,99E0;-541,2;20,00;3,0;3,0;38,71;0,07;0,003;0,0;0,00;0,044
133;04.07.2023;11:58:01;00:02:12;250,0;18,0;19,6;17,8;23,4;20,0;0,0;1,9;1,86E0;-541,2;20,00;3,0;3,0;38,71;0,07;0,001;0,0;0,00;0,043
134;04.07.2023;11:58:02;00:02:13;250,0;18,0;19,6;17,8;23,4;20,0;0,0;1,8;1,80E0;-541,2;20,00;3,0;3,0;38,71;0,07;0,002;0,0;0,00;0,043
135;04.07.2023;11:58:03;00:02:14;250,0;18,0;19,6;17,8;23,4;20,0;0,0;1,7;1,72E0;-541,2;20,00;3,0;3,0;38,71;0,07;0,000;0,0;0,01;0,044
136;04.07.2023;11:58:04;00:02:15;250,0;18,0;19,6;17,8;23,4;20,0;0,0;1,6;1,63E0;-541,2;20,00;3,0;3,0;38,71;0,07;-0,001;0,0;0,00;0,044
137;04.07.2023;11:58:05;00:02:16;250,0;18,0;19,6;17,8;23,4;20,0;0,0;1,6;1,60E0;-541,2;20,00;3,0;3,0;38,71;0,07;-0,002;0,0;0,00;0,044
138;04.07.2023;11:58:06;00:02:17;250,0;18,0;19,6;17,8;23,4;20,0;0,0;1,5;1,53E0;-541,2;20,00;3,0;3,0;38,71;0,07;0,004;0,0;0,00;0,044
139;04.07.2023;11:58:07;00:02:18;250,0;18,0;19,6;17,8;23,4;20,0;0,0;1,5;1,47E0;-541,2;20,00;3,0;3,0;38,71;0,07;0,003;0,0;0,00;0,044
140;04.07.2023;11:58:08;00:02:19;250,0;18,0;19,6;17,8;23,4;20,0;0,0;1,4;1,42E0;-541,2;20,00;3,0;3,1;38,71;0,07;0,003;0,0;0,00;0,044
141;04.07.2023;11:58:09;00:02:20;250,0;18,0;19,6;17,8;23,4;20,0;0,0;1,4;1,36E0;-541,2;20,00;3,0;3,0;38,71;0,07;0,000;0,0;0,00;0,044
142;04.07.2023;11:58:10;00:02:21;250,0;18,0;19,6;17,8;23,4;20,0;0,0;1,3;1,29E0;-541,2;20,00;3,0;3,0;38,71;0,07;-0,001;0,0;0,01;0,044
143;04.07.2023;11:58:11;00:02:22;250,0;18,0;19,6;17,8;23,4;20,0;0,0;1,3;1,26E0;-541,2;20,00;3,0;3,0;38,71;0,07;0,002;0,0;0,01;0,044
144;04.07.2023;11:58:12;00:02:23;250,0;18,0;19,6;17,8;23,4;20,0;0,0;1,2;1,20E0;-541,2;20,00;3,0;3,0;38,71;0,07;0,001;0,0;0,00;0,044
145;04.07.2023;11:58:13;00:02:24;250,0;18,0;19,6;17,8;23,4;20,0;0,0;1,2;1,16E0;-541,2;20,00;3,0;3,0;38,71;0,07;0,000;0,0;0,00;0,044
146;04.07.2023;11:58:14;00:02:25;250,0;18,0;19,6;17,8;23,4;20,0;0,0;1,1;1,12E0;-541,2;20,00;3,0;3,0;38,71;0,07;-0,002;0,0;0,00;0,039
147;04.07.2023;11:58:15;00:02:26;250,0;18,0;19,6;17,8;23,4;20,0;0,0;1,1;1,07E0;-541,2;20,00;3,0;2,9;38,71;0,07;-0,001;0,0;0,00;0,044
148;04.07.2023;11:58:16;00:02:27;250,0;18,0;19,6;17,8;23,4;20,0;0,0;1,0;1,05E0;-541,2;20,00;3,0;3,0;38,71;0,07;-0,001;0,0;0,00;0,044
149;04.07.2023;11:58:17;00:02:28;250,0;18,0;19,6;17,8;23,4;20,0;0,0;1,0;1,01E0;-541,2;20,00;3,0;3,0;38,71;0,07;0,000;0,0;0,00;0,044
150;04.07.2023;11:58:18;00:02:29;250,0;18,0;19,6;17,8;23,4;20,0;0,0;1,0;9,63E-1;-541,2;20,00;3,0;3,0;38,71;0,07;-0,001;0,0;0,00;0,044
151;04.07.2023;11:58:19;00:02:30;250,0;18,0;19,6;17,8;23,4;20,0;0,0;0,9;9,41E-1;-541,2;20,00;3,0;3,0;38,71;0,07;-0,003;0,0;0,01;0,044
152;04.07.2023;11:58:20;00:02:31;250,0;18,0;19,6;17,8;23,4;20,0;0,0;0,9;8,97E-1;-541,2;20,00;3,0;3,0;38,71;0,07;0,001;0,0;0,01;0,044
153;04.07.2023;11:58:21;00:02:32;250,0;18,0;19,6;17,8;23,4;20,0;0,0;0,9;8,55E-1;-541,2;20,00;3,0;3,0;38,71;0,07;0,000;0,0;0,00;0,044
154;04.07.2023;11:58:22;00:02:33;250,0;18,0;19,6;17,8;23,4;20,0;0,0;0,8;8,36E-1;-541,2;20,00;3,0;3,0;38,71;0,07;0,002;0,0;0,01;0,044
155;04.07.2023;11:58:23;00:02:34;250,0;18,0;19,6;17,9;23,4;20,0;0,0;0,8;7,95E-1;-541,2;20,00;3,0;3,0;38,71;0,07;0,000;0,0;0,01;0,044
156;04.07.2023;11:58:24;00:02:35;250,0;18,0;19,6;17,9;23,4;20,0;0,0;0,8;7,64E-1;-541,2;20,00;3,0;3,0;38,71;0,07;-0,002;0,0;0,01;0,044
157;04.07.2023;11:58:25;00:02:36;250,0;18,0;19,6;17,9;23,4;20,0;0,0;0,7;7,49E-1;-541,2;20,00;3,0;3,0;38,71;0,07;-0,002;0,0;0,01;0,048
158;04.07.2023;11:58:26;00:02:37;250,0;18,0;19,6;17,9;23,4;20,0;0,0;0,7;7,18E-1;-541,2;20,00;3,0;3,0;38,71;0,07;0,000;0,0;0,01;0,044
159;04.07.2023;11:58:27;00:02:38;250,0;18,0;19,6;17,9;23,4;20,0;0,0;0,7;7,06E-1;-541,2;20,00;3,0;3,0;38,71;0,07;-0,002;0,0;0,00;0,042
160;04.07.2023;11:58:28;00:02:39;250,0;18,0;19,6;17,9;23,4;20,0;0,0;0,7;6,75E-1;-541,2;20,00;3,0;3,0;38,71;0,07;-0,002;0,0;0,01;0,044
161;04.07.2023;11:58:29;00:02:40;250,0;18,0;19,6;17,9;23,4;20,0;0,0;0,6;6,49E-1;-541,2;20,00;3,0;3,0;38,71;0,07;0,000;0,0;0,01;0,044
162;04.07.2023;11:58:30;00:02:41;250,0;18,0;19,6;17,8;23,3;20,0;0,0;0,6;6,35E-1;-541,2;20,00;3,0;3,0;38,71;0,07;-0,002;0,0;0,01;0,044
163;04.07.2023;11:58:31;00:02:42;250,0;18,0;19,6;17,8;23,3;20,0;0,0;0,6;6,11E-1;-541,2;20,00;3,0;3,0;38,71;0,07;-0,005;0,0;0,01;0,044
164;04.07.2023;11:58:32;00:02:43;250,0;18,0;19,5;17,8;23,3;20,0;0,0;0,6;5,85E-1;-541,2;20,00;3,0;3,0;38,71;0,07;0,001;0,0;0,01;0,044
165;04.07.2023;11:58:33;00:02:44;250,0;18,0;19,5;17,8;23,3;20,0;0,0;0,6;5,73E-1;-541,2;20,00;3,0;3,0;38,71;0,07;0,001;0,0;0,01;0,044
166;04.07.2023;11:58:34;00:02:45;250,0;17,9;19,5;17,8;23,3;20,0;0,0;0,5;5,48E-1;-541,2;20,00;3,0;3,0;38,71;0,07;-0,002;0,0;0,01;0,044
167;04.07.2023;11:58:35;00:02:46;250,0;17,9;19,6;17,8;23,3;20,0;0,0;0,5;5,28E-1;-541,2;20,00;3,0;3,0;38,71;0,07;-0,001;0,0;0,00;0,044
168;04.07.2023;11:58:36;00:02:47;250,0;17,9;19,6;17,8;23,3;20,0;0,0;0,5;5,20E-1;-541,2;20,00;3,0;3,0;38,71;0,07;0,001;0,0;0,01;0,044
169;04.07.2023;11:58:37;00:02:48;250,0;17,9;19,6;17,8;23,3;20,0;0,0;0,5;5,04E-1;-541,2;20,00;3,0;3,0;38,71;0,07;0,002;0,0;0,01;0,044
170;04.07.2023;11:58:38;00:02:49;250,0;17,9;19,6;17,8;23,3;20,0;0,0;0,5;4,95E-1;-541,2;20,00;3,0;3,0;38,71;0,07;0,001;0,0;0,00;0,044
171;04.07.2023;11:58:39;00:02:50;250,0;17,9;19,6;17,8;23,3;20,0;0,0;0,5;4,80E-1;-541,2;20,00;3,0;3,0;38,71;0,07;-0,002;0,0;0,00;0,044
172;04.07.2023;11:58:40;00:02:51;250,0;17,9;19,6;17,9;23,3;20,0;0,0;0,5;4,64E-1;-541,2;20,00;3,0;3,0;38,71;0,07;0,004;0,0;0,00;0,044
173;04.07.2023;11:58:41;00:02:52;250,0;17,9;19,6;17,9;23,3;20,0;0,0;0,5;4,57E-1;-541,2;20,00;3,0;3,0;38,71;0,07;0,001;0,0;0,01;0,044
174;04.07.2023;11:58:42;00:02:53;250,0;17,9;19,6;17,9;23,3;20,0;0,0;0,4;4,42E-1;-541,2;20,00;3,0;3,0;38,71;0,07;0,003;0,0;0,01;0,044
175;04.07.2023;11:58:43;00:02:54;250,0;17,9;19,6;17,9;23,3;20,0;0,0;0,4;4,30E-1;-541,2;20,00;3,0;3,0;38,71;0,07;-0,003;0,0;0,00;0,044
176;04.07.2023;11:58:44;00:02:55;250,0;17,9;19,6;17,9;23,3;20,0;0,0;0,4;4,23E-1;-541,2;20,00;3,0;3,0;38,71;0,07;-0,002;0,0;0,00;0,044
177;04.07.2023;11:58:45;00:02:56;250,0;17,9;19,6;17,9;23,3;20,0;0,0;0,4;4,10E-1;-541,2;20,00;3,0;3,0;38,71;0,07;-0,003;0,0;0,01;0,044
178;04.07.2023;11:58:46;00:02:57;250,0;17,9;19,6;17,9;23,3;20,0;0,0;0,4;3,97E-1;-541,2;20,00;3,0;3,0;38,71;0,07;0,002;0,0;0,00;0,044
179;04.07.2023;11:58:47;00:02:58;250,0;17,9;19,6;17,9;23,3;20,0;0,0;0,4;3,92E-1;-541,2;20,00;3,0;3,0;38,71;0,07;0,005;0,0;0,00;0,044
180;04.07.2023;11:58:48;00:02:59;250,0;17,9;19,6;17,9;23,3;20,0;0,0;0,4;3,80E-1;-541,2;20,00;3,0;3,0;38,71;0,07;0,007;0,0;0,01;0,044
181;04.07.2023;11:58:49;00:03:00;250,0;17,9;19,6;17,9;23,3;21,2;0,3;0,4;3,69E-1;-541,2;20,00;3,0;3,0;38,71;0,07;0,007;0,0;0,01;0,044
182;04.07.2023;11:58:50;00:03:01;250,0;18,0;19,6;17,9;23,3;21,9;0,3;0,4;3,64E-1;-541,2;20,00;3,0;3,0;38,71;0,07;0,001;0,0;0,00;0,044
183;04.07.2023;11:58:51;00:03:02;250,0;18,0;19,6;17,9;23,3;23,3;0,5;0,4;3,56E-1;-541,2;20,00;3,0;3,0;38,71;0,07;0,002;0,0;0,01;0,044
184;04.07.2023;11:58:52;00:03:03;250,0;18,0;19,6;17,9;23,3;24,1;0,5;0,4;3,51E-1;-541,2;20,00;3,0;3,0;38,71;0,07;0,000;0,0;0,01;0,044
185;04.07.2023;11:58:53;00:03:04;250,0;18,0;19,6;17,9;23,3;25,5;0,7;0,3;3,43E-1;-541,2;20,00;3,0;3,0;38,71;0,07;0,005;0,0;0,00;0,044
186;04.07.2023;11:58:54;00:03:05;250,0;18,0;19,6;17,9;23,3;26,9;0,8;0,3;3,35E-1;-541,2;20,00;3,0;3,0;38,71;0,07;0,001;0,0;0,00;0,044
187;04.07.2023;11:58:55;00:03:06;250,0;18,0;19,6;17,9;23,3;27,6;0,9;0,3;3,32E-1;-541,2;20,00;3,0;3,0;38,71;0,07;0,001;0,0;0,00;0,044
188;04.07.2023;11:58:56;00:03:07;250,0;18,0;19,6;17,9;23,3;29,0;1,0;0,3;3,25E-1;-541,2;20,00;3,0;3,0;38,71;0,07;-0,004;0,0;0,01;0,044
189;04.07.2023;11:58:57;00:03:08;250,0;17,9;19,6;17,9;23,3;30,4;1,1;0,3;3,18E-1;-541,2;20,00;3,0;3,0;38,71;0,07;-0,004;0,0;0,00;0,044
190;04.07.2023;11:58:58;00:03:09;250,0;17,9;19,6;17,9;23,3;31,2;1,2;0,3;3,14E-1;-541,2;20,00;3,0;3,0;38,71;0,07;-0,003;0,0;0,00;0,044
191;04.07.2023;11:58:59;00:03:10;250,0;17,9;19,6;17,9;23,3;32,6;1,3;0,3;3,08E-1;-541,2;20,00;3,0;3,0;38,71;0,07;0,002;0,0;0,00;0,044
192;04.07.2023;11:59:00;00:03:11;250,0;17,9;19,6;17,9;23,3;34,0;1,5;0,3;3,01E-1;-541,2;20,00;3,0;3,0;38,71;0,07;-0,002;0,0;0,01;0,044
193;04.07.2023;11:59:01;00:03:12;250,0;17,9;19,6;17,9;23,3;34,7;1,6;0,3;2,98E-1;-541,2;20,00;3,0;3,0;38,71;0,07;0,001;0,0;0,01;0,044
194;04.07.2023;11:59:02;00:03:13;250,0;17,9;19,6;17,9;23,3;36,1;1,7;0,3;2,92E-1;-541,2;20,00;3,0;3,0;38,71;0,07;-0,001;0,0;0,01;0,044
195;04.07.2023;11:59:03;00:03:14;250,0;17,9;19,6;17,9;23,3;37,5;1,8;0,3;2,87E-1;-541,2;20,00;3,0;3,0;38,71;0,07;-0,004;0,0;0,01;0,044
196;04.07.2023;11:59:04;00:03:15;250,0;17,9;19,6;17,9;23,3;38,3;1,9;0,3;2,83E-1;-541,2;20,00;3,0;3,0;38,71;0,07;-0,003;0,0;0,00;0,042
197;04.07.2023;11:59:05;00:03:16;250,0;17,9;19,6;17,9;23,3;39,7;2,1;0,3;2,78E-1;-541,2;20,00;3,0;3,0;38,71;0,07;0,000;0,0;0,00;0,044
198;04.07.2023;11:59:06;00:03:17;250,0;17,9;19,6;17,9;23,3;40,4;2,1;0,3;2,75E-1;-541,2;20,00;3,0;3,0;38,71;0,07;0,000;0,0;0,01;0,044
199;04.07.2023;11:59:07;00:03:18;250,0;17,9;19,6;17,9;23,3;41,8;2,3;0,3;2,70E-1;-541,2;20,00;3,0;3,0;38,71;0,07;0,000;0,0;0,01;0,044
200;04.07.2023;11:59:08;00:03:19;250,0;17,9;19,6;18,0;23,3;43,2;2,4;0,3;2,65E-1;-541,2;20,00;3,0;3,0;38,71;0,07;-0,001;0,0;0,01;0,044
201;04.07.2023;11:59:09;00:03:20;250,0;17,9;19,6;18,0;23,3;43,9;2,5;0,3;2,63E-1;-541,2;20,00;3,0;3,0;38,71;0,07;-0,001;0,0;0,00;0,044
202;04.07.2023;11:59:10;00:03:21;250,0;17,9;19,6;17,9;23,2;45,4;2,7;0,3;2,58E-1;-541,2;20,00;3,0;3,0;38,71;0,07;-0,005;0,0;0,01;0,044
203;04.07.2023;11:59:11;00:03:22;250,0;17,9;19,6;17,9;23,2;46,8;2,8;0,3;2,53E-1;-541,2;20,00;3,0;3,0;38,71;0,07;-0,002;0,0;0,00;0,044
204;04.07.2023;11:59:12;00:03:23;250,0;17,9;19,6;17,9;23,2;47,5;2,9;0,3;2,51E-1;-541,2;20,00;3,0;3,0;38,71;0,07;-0,003;0,0;0,00;0,044
205;04.07.2023;11:59:13;00:03:24;250,0;17,9;19,6;17,9;23,2;48,9;3,0;0,2;2,47E-1;-541,2;20,00;3,0;3,0;38,71;0,07;-0,005;0,0;0,00;0,044
206;04.07.2023;11:59:14;00:03:25;250,0;17,9;19,6;17,9;23,2;50,3;3,2;0,2;2,44E-1;-541,2;20,00;3,0;3,0;38,71;0,07;-0,001;0,0;0,00;0,044
207;04.07.2023;11:59:15;00:03:26;250,0;17,9;19,6;17,9;23,2;51,0;3,3;0,2;2,42E-1;-541,2;20,00;3,0;3,0;38,71;0,07;-0,002;0,0;0,00;0,044
208;04.07.2023;11:59:16;00:03:27;250,0;17,9;19,6;17,9;23,2;52,5;3,4;0,2;2,38E-1;-541,2;20,00;3,0;3,0;38,71;0,07;-0,002;0,0;0,01;0,044
209;04.07.2023;11:59:17;00:03:28;250,0;17,9;19,6;17,9;23,2;53,2;3,5;0,2;2,37E-1;-541,2;20,00;3,0;3,0;38,71;0,07;0,000;0,0;0,01;0,044
210;04.07.2023;11:59:18;00:03:29;250,0;17,9;19,6;17,9;23,2;54,6;3,7;0,2;2,34E-1;-541,2;20,00;3,0;3,0;38,71;0,07;0,000;0,0;0,01;0,044
211;04.07.2023;11:59:19;00:03:30;250,0;17,9;19,6;17,9;23,2;56,0;3,8;0,2;2,31E-1;-541,2;20,00;3,0;3,0;38,71;0,07;-0,005;0,0;0,00;0,043
212;04.07.2023;11:59:20;00:03:31;250,0;17,9;19,6;17,9;23,2;56,7;3,9;0,2;2,30E-1;-541,2;20,00;3,0;3,0;38,71;0,07;-0,004;0,0;0,01;0,044
213;04.07.2023;11:59:21;00:03:32;250,0;17,9;19,6;18,0;23,2;58,1;4,1;0,2;2,27E-1;-541,2;20,00;3,0;3,0;38,71;0,07;0,000;0,0;0,01;0,044
214;04.07.2023;11:59:22;00:03:33;250,0;17,9;19,6;18,0;23,2;59,7;4,2;0,2;2,24E-1;-541,2;20,00;3,0;3,0;38,71;0,07;0,000;0,0;0,00;0,044
215;04.07.2023;11:59:23;00:03:34;250,0;17,9;19,6;18,0;23,2;60,4;4,3;0,2;2,23E-1;-541,2;20,00;3,0;3,0;38,71;0,07;0,003;0,0;0,01;0,044
216;04.07.2023;11:59:24;00:03:35;250,0;17,9;19,6;18,0;23,2;61,8;4,5;0,2;2,20E-1;-541,2;20,00;3,0;3,0;38,71;0,07;0,002;0,0;0,00;0,044
217;04.07.2023;11:59:25;00:03:36;250,0;17,9;19,6;18,0;23,2;63,2;4,6;0,2;2,17E-1;-541,2;20,00;3,0;2,9;38,71;0,07;0,001;0,0;0,01;0,044
218;04.07.2023;11:59:26;00:03:37;250,0;17,9;19,6;18,0;23,2;63,9;4,7;0,2;2,16E-1;-541,2;20,00;3,0;3,0;38,71;0,07;0,000;0,0;0,00;0,044
219;04.07.2023;11:59:27;00:03:38;250,0;17,9;19,6;18,0;23,2;65,3;4,9;0,2;2,13E-1;-541,2;20,00;3,0;3,0;38,71;0,07;-0,004;0,0;0,01;0,044
220;04.07.2023;11:59:28;00:03:39;250,0;17,9;19,6;18,0;23,2;66,8;5,1;0,2;2,11E-1;-541,2;20,00;3,0;3,0;38,71;0,07;0,001;0,0;0,01;0,044
221;04.07.2023;11:59:29;00:03:40;250,0;17,9;19,6;18,0;23,2;67,5;5,2;0,2;2,10E-1;-541,2;20,00;3,0;3,0;38,71;0,07;0,000;0,0;0,00;0,044
222;04.07.2023;11:59:30;00:03:41;250,0;17,9;19,6;18,0;23,2;68,9;5,3;0,2;2,07E-1;-541,2;20,00;3,0;3,0;38,71;0,07;0,001;0,0;0,01;0,044
223;04.07.2023;11:59:31;00:03:42;250,0;17,9;19,6;18,0;23,2;69,6;5,4;0,2;2,06E-1;-541,2;20,00;3,0;3,0;38,71;0,07;0,002;0,0;0,00;0,044
224;04.07.2023;11:59:32;00:03:43;250,0;17,9;19,6;18,0;23,2;71,0;5,6;0,2;2,04E-1;-541,2;20,00;3,0;3,0;38,71;0,07;0,001;0,0;0,00;0,044
225;04.07.2023;11:59:33;00:03:44;250,0;17,9;19,6;18,0;23,2;72,4;5,8;0,2;2,02E-1;-541,2;20,00;3,0;3,0;38,71;0,07;0,005;0,0;0,01;0,044
226;04.07.2023;11:59:34;00:03:45;250,0;17,9;19,6;18,0;23,2;73,2;5,9;0,2;2,01E-1;-541,2;20,00;3,0;3,0;38,71;0,07;0,006;0,0;0,01;0,044
227;04.07.2023;11:59:35;00:03:46;250,0;17,9;19,6;18,0;23,2;74,6;6,0;0,2;1,99E-1;-541,2;20,00;3,0;3,0;38,71;0,07;0,003;0,0;0,00;0,044
228;04.07.2023;11:59:36;00:03:47;250,0;17,9;19,6;18,0;23,2;76,0;6,2;0,2;1,97E-1;-541,2;20,00;3,0;3,0;38,71;0,07;0,000;0,0;0,00;0,044
229;04.07.2023;11:59:37;00:03:48;250,0;17,9;19,6;18,0;23,2;76,7;6,3;0,2;1,96E-1;-541,2;20,00;3,0;3,0;38,71;0,07;0,002;0,0;0,00;0,044
230;04.07.2023;11:59:38;00:03:49;250,0;17,9;19,6;18,0;23,2;78,1;6,5;0,2;1,94E-1;-541,2;20,00;3,0;3,0;38,71;0,07;0,002;0,0;0,00;0,044
231;04.07.2023;11:59:39;00:03:50;250,0;17,9;19,6;18,0;23,2;79,5;6,6;0,2;1,92E-1;-541,2;20,00;3,0;3,0;38,71;0,07;0,001;0,0;0,01;0,044
232;04.07.2023;11:59:40;00:03:51;250,0;17,9;19,6;18,0;23,2;80,3;6,8;0,2;1,91E-1;-541,2;20,00;3,0;3,0;38,71;0,07;-0,001;0,0;0,00;0,044
233;04.07.2023;11:59:41;00:03:52;250,0;17,9;19,6;18,0;23,2;81,7;6,9;0,2;1,89E-1;-541,2;20,00;3,0;3,1;38,71;0,07;0,006;0,0;0,00;0,044
234;04.07.2023;11:59:42;00:03:53;250,0;17,9;19,6;18,0;23,2;83,1;7,1;0,2;1,87E-1;-541,2;20,00;3,0;3,0;38,71;0,07;0,002;0,0;0,00;0,044
235;04.07.2023;11:59:43;00:03:54;250,0;17,9;19,6;18,0;23,2;83,8;7,2;0,2;1,86E-1;-541,2;20,00;3,0;3,0;38,71;0,07;0,003;0,0;0,00;0,044
236;04.07.2023;11:59:44;00:03:55;250,0;17,9;19,6;18,0;23,2;85,2;7,4;0,2;1,85E-1;-541,2;20,00;3,0;3,0;38,71;0,07;0,003;0,0;0,00;0,044
237;04.07.2023;11:59:45;00:03:56;250,0;17,9;19,6;18,0;23,2;85,9;7,5;0,2;1,84E-1;-541,2;20,00;3,0;3,0;38,71;0,07;-0,001;0,0;0,01;0,044
238;04.07.2023;11:59:46;00:03:57;250,0;17,9;19,6;18,0;23,2;87,4;7,7;0,2;1,82E-1;-541,2;20,00;3,0;3,0;38,71;0,07;-0,002;0,0;0,00;0,044
239;04.07.2023;11:59:47;00:03:58;250,0;17,9;19,6;18,0;23,2;88,8;7,9;0,2;1,80E-1;-541,2;20,00;3,0;3,0;38,71;0,07;-0,003;0,0;0,00;0,044
240;04.07.2023;11:59:48;00:03:59;250,0;17,9;19,6;18,0;23,2;89,5;8,0;0,2;1,80E-1;-541,2;20,00;3,0;3,0;38,71;0,07;0,000;0,0;0,00;0,044
241;04.07.2023;11:59:49;00:04:00;250,0;17,9;19,6;18,0;23,2;90,9;8,2;0,2;1,78E-1;-541,2;20,00;3,0;3,0;38,71;0,07;0,000;0,0;0,01;0,044
242;04.07.2023;11:59:50;00:04:01;250,0;17,9;19,5;18,0;23,1;92,3;8,3;0,2;1,76E-1;-541,2;20,00;3,0;3,0;38,71;0,07;-0,002;0,0;0,01;0,044
243;04.07.2023;11:59:51;00:04:02;250,0;17,9;19,5;18,0;23,1;93,0;8,4;0,2;1,76E-1;-541,2;20,00;3,0;3,0;38,71;0,07;-0,001;0,0;0,01;0,044
244;04.07.2023;11:59:52;00:04:03;250,0;17,9;19,5;18,0;23,1;94,5;8,7;0,2;1,75E-1;-541,2;20,00;3,0;3,0;38,71;0,07;0,002;0,0;0,00;0,044
245;04.07.2023;11:59:53;00:04:04;250,0;17,9;19,5;18,0;23,1;95,9;8,8;0,2;1,73E-1;-541,2;20,00;3,0;3,0;38,71;0,07;-0,002;0,0;0,01;0,043
246;04.07.2023;11:59:54;00:04:05;250,0;17,9;19,5;18,0;23,1;96,6;8,9;0,2;1,72E-1;-541,2;20,00;3,0;3,0;38,71;0,07;0,000;0,0;0,00;0,044
247;04.07.2023;11:59:55;00:04:06;250,0;17,8;19,5;18,0;23,1;98,0;9,1;0,2;1,71E-1;-541,2;20,00;3,0;3,0;38,71;0,07;-0,002;0,0;0,00;0,044
248;04.07.2023;11:59:56;00:04:07;250,0;17,8;19,5;18,0;23,1;98,9;9,3;0,2;1,70E-1;-541,2;20,00;3,0;3,0;38,71;0,07;0,000;0,0;0,00;0,044
249;04.07.2023;11:59:57;00:04:08;250,0;17,8;19,5;18,0;23,1;100,3;9,4;0,2;1,69E-1;-541,2;20,00;3,0;3,0;38,71;0,07;0,004;0,0;0,00;0,044
250;04.07.2023;11:59:58;00:04:09;250,0;17,8;19,6;18,0;23,1;101,8;9,7;0,2;1,68E-1;-541,2;20,00;3,0;3,0;38,71;0,07;0,004;0,0;0,00;0,044
251;04.07.2023;11:59:59;00:04:10;250,0;17,9;19,6;18,0;23,1;102,5;9,8;0,2;1,67E-1;-541,2;20,00;3,0;3,0;38,71;0,07;0,002;0,0;0,01;0,044
252;04.07.2023;12:00:00;00:04:11;250,0;17,8;19,6;18,0;23,1;103,9;10,0;0,2;1,66E-1;-541,2;20,00;3,0;3,0;38,71;0,07;-0,002;0,0;0,00;0,044
253;04.07.2023;12:00:01;00:04:12;250,0;17,8;19,6;18,0;23,1;105,4;10,2;0,2;1,65E-1;-541,2;20,00;3,0;3,0;38,71;0,07;0,003;0,0;0,01;0,044
254;04.07.2023;12:00:02;00:04:13;250,0;17,8;19,6;18,0;23,1;106,1;10,3;0,2;1,65E-1;-541,2;20,00;3,0;3,0;38,71;0,07;0,000;0,0;0,01;0,044
255;04.07.2023;12:00:03;00:04:14;250,0;17,8;19,6;18,0;23,1;107,6;10,5;0,2;1,63E-1;-541,2;20,00;3,0;3,0;38,71;0,07;0,000;0,0;0,01;0,044
256;04.07.2023;12:00:04;00:04:15;250,0;17,9;19,6;18,0;23,1;109,0;10,7;0,2;1,62E-1;-541,2;20,00;3,0;3,0;38,71;0,07;-0,001;0,0;0,01;0,044
257;04.07.2023;12:00:05;00:04:16;250,0;17,9;19,6;18,0;23,1;109,7;10,8;0,2;1,62E-1;-541,2;20,00;3,0;3,0;38,71;0,07;-0,002;0,0;0,00;0,044
258;04.07.2023;12:00:06;00:04:17;250,0;17,9;19,6;18,0;23,1;111,2;11,0;0,2;1,61E-1;-541,2;20,00;3,0;3,0;38,71;0,07;0,000;0,0;0,00;0,044
259;04.07.2023;12:00:07;00:04:18;250,0;17,9;19,6;18,0;23,1;112,0;11,2;0,2;1,60E-1;-541,2;20,00;3,0;3,0;38,71;0,07;0,000;0,0;0,00;0,044
260;04.07.2023;12:00:08;00:04:19;250,0;17,9;19,6;18,0;23,1;113,4;11,4;0,2;1,59E-1;-541,2;20,00;3,0;3,0;38,71;0,07;-0,001;0,0;0,00;0,044
261;04.07.2023;12:00:09;00:04:20;250,0;17,9;19,6;18,0;23,1;114,1;11,5;0,2;1,59E-1;-541,2;20,00;3,0;3,0;38,71;0,07;-0,002;0,0;0,01;0,044
262;04.07.2023;12:00:10;00:04:21;250,0;17,8;19,5;18,0;23,0;115,7;11,7;0,2;1,58E-1;-541,2;20,00;3,0;3,0;38,71;0,07;-0,003;0,0;0,00;0,044
263;04.07.2023;12:00:11;00:04:22;250,0;17,8;19,5;18,0;23,0;117,2;11,9;0,2;1,57E-1;-541,2;20,00;3,0;3,0;38,71;0,07;0,002;0,0;0,01;0,043
264;04.07.2023;12:00:12;00:04:23;250,0;17,8;19,5;18,0;23,0;117,9;12,0;0,2;1,56E-1;-541,2;20,00;3,0;3,0;38,71;0,07;0,001;0,0;0,01;0,044
265;04.07.2023;12:00:13;00:04:24;250,0;17,8;19,5;18,0;23,0;119,4;12,3;0,2;1,55E-1;-541,2;20,00;3,0;3,0;38,71;0,07;0,000;0,0;0,01;0,044
266;04.07.2023;12:00:14;00:04:25;250,0;17,8;19,5;18,0;23,0;120,1;12,4;0,2;1,55E-1;-541,2;20,00;3,0;3,0;38,71;0,07;-0,002;0,0;0,01;0,044
267;04.07.2023;12:00:15;00:04:26;250,0;17,8;19,5;18,0;23,0;121,6;12,6;0,2;1,54E-1;-541,2;20,00;3,0;3,0;38,71;0,07;-0,002;0,0;0,00;0,044
268;04.07.2023;12:00:16;00:04:27;250,0;17,8;19,5;18,0;23,0;123,0;12,8;0,2;1,53E-1;-541,2;20,00;3,0;3,0;38,71;0,07;-0,003;0,0;0,00;0,044
269;04.07.2023;12:00:17;00:04:28;250,0;17,8;19,5;18,0;23,0;123,8;13,0;0,2;1,53E-1;-541,2;20,00;3,0;3,0;38,71;0,07;-0,002;0,0;0,01;0,044
270;04.07.2023;12:00:18;00:04:29;250,0;17,8;19,6;18,0;23,0;125,2;13,2;0,2;1,52E-1;-541,2;20,00;3,0;3,0;38,71;0,07;0,000;0,0;0,00;0,044
271;04.07.2023;12:00:19;00:04:30;250,3;17,8;19,6;18,0;23,0;125,9;13,3;0,2;1,52E-1;-541,2;20,00;3,0;3,0;38,71;0,07;0,003;0,9;3,75;0,277
272;04.07.2023;12:00:20;00:04:31;250,1;17,8;19,6;18,0;23,0;127,4;13,5;0,2;1,51E-1;-541,2;20,00;3,0;3,0;38,71;0,07;0,024;1,2;3,94;0,301
273;04.07.2023;12:00:21;00:04:32;250,1;17,8;19,6;18,0;23,1;128,8;13,7;0,2;1,51E-1;-541,2;20,00;3,0;3,0;38,71;0,08;0,026;1,2;3,91;0,305
274;04.07.2023;12:00:22;00:04:33;250,2;17,8;19,6;18,0;23,1;129,5;13,9;0,2;1,50E-1;-541,2;20,00;3,0;3,0;38,71;0,07;0,028;1,2;3,93;0,309
275;04.07.2023;12:00:23;00:04:34;250,2;18,1;19,6;18,1;23,2;130,9;14,1;0,1;1,50E-1;-541,2;20,00;3,0;3,0;38,71;0,08;0,019;1,2;3,97;0,313
276;04.07.2023;12:00:24;00:04:35;250,3;18,1;19,6;18,1;23,2;132,5;14,3;0,1;1,49E-1;-541,2;20,00;3,0;3,0;38,71;0,08;0,015;1,2;3,95;0,315
277;04.07.2023;12:00:25;00:04:36;250,1;18,7;19,6;18,1;23,4;133,2;14,4;0,1;1,49E-1;-541,2;20,00;3,0;3,0;38,71;0,07;0,013;1,3;4,00;0,317
278;04.07.2023;12:00:26;00:04:37;250,0;18,7;19,8;18,1;23,4;134,6;14,6;0,1;1,49E-1;-541,2;20,00;3,0;3,0;38,71;0,08;0,003;1,3;3,99;0,318
279;04.07.2023;12:00:27;00:04:38;250,1;20,0;19,8;18,1;23,7;135,3;14,6;0,1;1,48E-1;-541,2;20,00;3,0;3,0;38,71;0,07;0,004;1,3;3,96;0,320
280;04.07.2023;12:00:28;00:04:39;250,1;21,9;19,9;18,1;23,7;136,7;14,8;0,1;1,48E-1;-541,2;20,00;3,0;3,0;38,71;0,08;-0,001;1,3;3,99;0,322
281;04.07.2023;12:00:29;00:04:40;250,2;21,9;19,9;18,1;23,8;138,1;14,9;0,1;1,47E-1;-541,2;20,00;3,0;3,0;38,71;0,08;0,000;1,3;3,97;0,324
282;04.07.2023;12:00:30;00:04:41;250,0;21,8;19,9;18,1;23,8;138,9;15,0;0,1;1,47E-1;-541,2;20,00;3,0;3,0;38,71;0,07;0,000;1,3;3,98;0,327
283;04.07.2023;12:00:31;00:04:42;250,0;21,8;20,1;18,1;23,8;140,3;15,2;0,1;1,47E-1;-541,2;20,00;3,0;3,0;38,71;0,08;-0,006;1,3;4,03;0,328
284;04.07.2023;12:00:32;00:04:43;250,0;24,5;20,1;18,1;23,8;141,7;15,2;0,1;1,47E-1;-541,2;20,00;3,0;3,0;38,71;0,07;-0,003;1,3;4,03;0,332
285;04.07.2023;12:00:33;00:04:44;250,1;27,4;20,3;18,1;23,9;142,4;15,2;0,1;1,46E-1;-541,2;20,00;3,0;3,0;38,71;0,08;-0,001;1,3;4,02;0,332
286;04.07.2023;12:00:34;00:04:45;250,3;27,4;20,3;18,1;23,9;143,8;15,3;0,1;1,46E-1;-541,2;20,00;3,0;3,0;38,71;0,08;-0,003;1,3;4,02;0,332
287;04.07.2023;12:00:35;00:04:46;250,3;30,6;20,5;18,2;24,0;145,2;15,2;0,1;1,46E-1;-541,2;20,00;3,0;3,0;38,71;0,08;-0,002;1,3;3,99;0,332
288;04.07.2023;12:00:36;00:04:47;250,0;30,6;20,8;18,2;24,0;146,0;15,4;0,1;1,46E-1;-541,2;20,00;3,0;3,0;38,71;0,07;-0,002;1,3;3,99;0,332
289;04.07.2023;12:00:37;00:04:48;250,1;34,0;20,8;18,2;24,0;147,4;15,3;0,1;1,45E-1;-541,2;20,00;3,0;3,0;38,71;0,07;-0,003;1,4;4,05;0,337
290;04.07.2023;12:00:38;00:04:49;250,1;37,3;21,0;18,3;24,0;148,8;15,5;0,1;1,45E-1;-541,2;20,00;3,0;3,0;38,71;0,08;-0,005;1,4;4,04;0,337
291;04.07.2023;12:00:39;00:04:50;250,2;37,3;21,0;18,3;24,1;149,5;15,4;0,1;1,45E-1;-541,2;20,00;3,0;3,0;38,71;0,07;0,001;1,4;4,03;0,337
292;04.07.2023;12:00:40;00:04:51;250,1;37,3;21,2;18,3;24,1;150,9;15,6;0,1;1,45E-1;-541,2;20,00;3,0;3,1;38,71;0,08;0,001;1,4;4,04;0,337
293;04.07.2023;12:00:41;00:04:52;250,2;40,6;21,2;18,3;24,1;151,6;15,7;0,1;1,45E-1;-541,2;20,00;3,0;3,0;38,71;0,07;0,005;1,4;4,06;0,342
294;04.07.2023;12:00:42;00:04:53;250,0;40,6;21,2;18,3;24,0;153,1;15,6;0,1;1,44E-1;-541,2;20,00;3,0;3,0;38,71;0,07;0,003;1,4;4,06;0,342
295;04.07.2023;12:00:43;00:04:54;250,1;43,9;21,4;18,4;24,0;154,5;15,6;0,1;1,44E-1;-541,2;20,00;3,0;3,0;38,71;0,08;-0,002;1,4;4,06;0,341
296;04.07.2023;12:00:44;00:04:55;250,1;43,9;21,6;18,5;24,0;155,2;15,7;0,1;1,44E-1;-541,2;20,00;3,0;3,0;38,71;0,07;0,000;1,4;4,06;0,342
297;04.07.2023;12:00:45;00:04:56;250,0;47,2;21,6;18,5;24,1;156,6;15,7;0,1;1,44E-1;-541,2;20,00;3,0;3,0;38,71;0,08;-0,004;1,4;4,03;0,342
298;04.07.2023;12:00:46;00:04:57;250,0;47,2;21,8;18,6;24,1;158,0;15,8;0,1;1,44E-1;-541,2;20,00;3,0;3,0;38,71;0,07;-0,005;1,4;4,07;0,342
299;04.07.2023;12:00:47;00:04:58;250,1;50,5;21,8;18,6;24,1;158,7;15,7;0,1;1,44E-1;-541,2;20,00;3,0;3,0;38,71;0,07;-0,005;1,4;4,07;0,345
300;04.07.2023;12:00:48;00:04:59;250,0;53,7;22,0;18,6;24,1;160,2;15,7;0,1;1,43E-1;-541,2;20,00;3,0;3,0;38,71;0,07;-0,004;1,4;4,05;0,345
301;04.07.2023;12:00:49;00:05:00;250,2;53,7;22,0;18,6;24,2;161,6;15,8;0,1;1,43E-1;-541,2;20,00;3,0;3,0;38,71;0,07;-0,009;1,4;4,01;0,346
302;04.07.2023;12:00:50;00:05:01;250,1;53,7;22,0;18,7;24,2;162,3;15,9;0,1;1,43E-1;-541,2;20,00;3,0;3,0;38,71;0,07;-0,010;1,4;4,10;0,347
303;04.07.2023;12:00:51;00:05:02;250,2;57,1;22,2;18,7;24,2;163,7;16,2;0,1;1,43E-1;-541,2;20,00;3,0;3,0;38,71;0,07;-0,009;1,4;4,06;0,350
304;04.07.2023;12:00:52;00:05:03;250,0;57,1;22,2;18,7;24,2;165,1;16,1;0,1;1,42E-1;-541,2;20,00;3,0;3,0;38,71;0,07;-0,010;1,4;4,05;0,349
305;04.07.2023;12:00:53;00:05:04;250,1;60,5;22,4;18,8;24,2;165,8;16,0;0,1;1,42E-1;-541,2;20,00;3,0;3,0;38,71;0,07;-0,011;1,4;4,10;0,352
306;04.07.2023;12:00:54;00:05:05;250,0;60,5;22,6;18,9;24,2;167,4;16,1;0,1;1,42E-1;-541,2;20,00;3,0;3,0;38,71;0,07;-0,013;1,4;4,06;0,352
307;04.07.2023;12:00:55;00:05:06;250,1;63,8;22,6;18,9;24,2;168,1;15,9;0,1;1,42E-1;-541,2;20,00;3,0;3,0;38,71;0,07;-0,017;1,4;4,03;0,351
308;04.07.2023;12:00:56;00:05:07;250,0;63,8;22,8;18,9;24,2;169,5;16,1;0,1;1,42E-1;-541,2;20,00;3,0;3,0;38,71;0,07;-0,015;1,4;4,05;0,352
309;04.07.2023;12:00:57;00:05:08;250,0;67,1;22,8;19,0;24,2;170,9;16,1;0,1;1,41E-1;-541,2;20,00;3,0;3,0;38,70;0,07;-0,022;1,4;4,10;0,352
310;04.07.2023;12:00:58;00:05:09;250,0;67,1;22,8;19,0;24,2;171,6;16,2;0,1;1,41E-1;-541,2;20,00;3,0;3,0;38,71;0,07;-0,014;1,4;4,06;0,352
311;04.07.2023;12:00:59;00:05:10;250,0;70,1;22,9;19,1;24,2;173,0;16,1;0,1;1,41E-1;-541,2;20,00;3,0;3,0;38,70;0,07;-0,018;1,4;4,10;0,352
312;04.07.2023;12:01:00;00:05:11;250,1;70,1;23,1;19,2;24,2;174,5;16,4;0,1;1,41E-1;-541,2;20,00;3,0;2,9;38,70;0,07;-0,020;1,4;4,09;0,356
313;04.07.2023;12:01:01;00:05:12;250,1;73,1;23,1;19,2;24,2;175,2;16,3;0,1;1,40E-1;-541,2;20,00;3,0;2,9;38,70;0,07;-0,021;1,5;4,11;0,357
314;04.07.2023;12:01:02;00:05:13;250,2;73,1;23,3;19,2;24,2;176,6;16,4;0,1;1,40E-1;-541,2;20,00;3,0;3,1;38,70;0,07;-0,023;1,5;4,10;0,357
315;04.07.2023;12:01:03;00:05:14;250,0;76,0;23,3;19,3;24,2;178,0;16,4;0,1;1,40E-1;-541,2;20,00;3,0;3,0;38,70;0,07;-0,029;1,5;4,07;0,357
316;04.07.2023;12:01:04;00:05:15;250,1;78,9;23,4;19,4;24,2;178,7;16,5;0,1;1,40E-1;-541,2;20,00;3,0;3,0;38,70;0,07;-0,028;1,5;4,10;0,357
317;04.07.2023;12:01:05;00:05:16;250,1;78,9;23,4;19,4;24,3;180,1;16,5;0,1;1,39E-1;-541,2;20,00;3,0;3,1;38,70;0,07;-0,020;1,5;4,14;0,357
318;04.07.2023;12:01:06;00:05:17;250,0;78,9;23,6;19,4;24,3;180,8;16,6;0,1;1,39E-1;-541,2;20,00;3,0;3,0;38,70;0,07;-0,024;1,5;4,08;0,359
319;04.07.2023;12:01:07;00:05:18;250,3;81,7;23,6;19,6;24,3;182,3;16,5;0,1;1,39E-1;-541,2;20,00;3,0;3,0;38,70;0,07;-0,020;1,5;4,14;0,357
320;04.07.2023;12:01:08;00:05:19;250,2;84,4;23,8;19,7;24,3;183,7;16,5;0,1;1,38E-1;-541,2;20,00;3,0;3,0;38,70;0,07;-0,019;1,5;4,14;0,361
321;04.07.2023;12:01:09;00:05:20;250,1;84,4;23,8;19,7;24,3;184,4;16,6;0,1;1,38E-1;-541,2;20,00;3,0;3,0;38,70;0,07;-0,024;1,5;4,14;0,361
322;04.07.2023;12:01:10;00:05:21;250,1;84,3;23,8;19,7;24,2;185,8;16,8;0,1;1,38E-1;-541,2;20,00;3,0;3,0;38,70;0,06;-0,022;1,5;4,13;0,366
323;04.07.2023;12:01:11;00:05:22;250,0;87,3;23,8;19,6;24,2;187,2;17,1;0,1;1,37E-1;-541,2;20,00;3,0;3,0;38,70;0,07;-0,028;1,5;4,15;0,366
324;04.07.2023;12:01:12;00:05:23;250,0;87,3;23,8;19,6;24,2;187,9;16,9;0,1;1,37E-1;-541,2;20,00;3,0;3,0;38,70;0,06;-0,025;1,5;4,16;0,366
325;04.07.2023;12:01:13;00:05:24;250,1;90,3;23,9;19,8;24,2;189,4;16,9;0,1;1,37E-1;-541,2;20,00;3,0;3,0;38,70;0,06;-0,024;1,5;4,14;0,369
326;04.07.2023;12:01:14;00:05:25;250,0;90,3;24,1;19,9;24,2;190,8;17,1;0,1;1,36E-1;-541,2;20,00;3,0;3,0;38,70;0,07;-0,024;1,5;4,12;0,367
327;04.07.2023;12:01:15;00:05:26;250,2;90,3;24,1;19,9;24,2;191,5;17,2;0,1;1,36E-1;-541,2;20,00;3,0;3,1;38,70;0,06;-0,023;1,5;4,16;0,369
328;04.07.2023;12:01:16;00:05:27;250,2;93,2;24,1;19,9;24,2;192,9;17,1;0,1;1,36E-1;-541,2;20,00;3,0;3,1;38,70;0,07;-0,023;1,5;4,15;0,371
329;04.07.2023;12:01:17;00:05:28;250,3;96,1;24,3;20,0;24,3;194,3;17,1;0,1;1,35E-1;-541,2;20,00;3,0;3,0;38,70;0,06;-0,027;1,5;4,16;0,369
330;04.07.2023;12:01:18;00:05:29;250,0;96,1;24,3;20,0;24,3;195,0;17,2;0,1;1,35E-1;-541,2;20,00;3,0;3,0;38,70;0,06;-0,029;1,5;4,16;0,371
331;04.07.2023;12:01:19;00:05:30;250,1;98,7;24,5;20,1;24,3;196,5;17,2;0,1;1,35E-1;-541,2;20,00;3,0;3,0;38,70;0,06;-0,029;1,5;4,13;0,371
332;04.07.2023;12:01:20;00:05:31;250,1;98,7;24,6;20,1;24,3;197,2;17,3;0,1;1,35E-1;-541,2;20,00;3,0;2,9;38,70;0,06;-0,026;1,5;4,17;0,371
333;04.07.2023;12:01:21;00:05:32;250,1;101,3;24,6;20,2;24,3;198,6;17,3;0,1;1,34E-1;-541,2;20,00;3,0;3,0;38,70;0,06;-0,022;1,6;4,15;0,374
334;04.07.2023;12:01:22;00:05:33;250,0;101,3;24,8;20,2;24,3;200,0;17,5;0,1;1,34E-1;-541,2;20,00;3,0;3,0;38,70;0,06;-0,021;1,6;4,23;0,372
335;04.07.2023;12:01:23;00:05:34;250,1;103,8;24,8;20,4;24,3;200,7;17,4;0,1;1,34E-1;-541,2;20,00;3,0;3,0;38,70;0,06;-0,027;1,6;4,17;0,376
336;04.07.2023;12:01:24;00:05:35;250,1;103,8;24,9;20,5;24,3;202,1;17,6;0,1;1,33E-1;-541,2;20,00;3,0;3,0;38,70;0,06;-0,027;1,6;4,18;0,376
337;04.07.2023;12:01:25;00:05:36;250,0;106,3;24,9;20,5;24,3;203,6;17,6;0,1;1,33E-1;-541,2;20,00;3,0;3,0;38,70;0,06;-0,025;1,6;4,18;0,376
338;04.07.2023;12:01:26;00:05:37;250,0;106,3;24,9;20,5;24,3;204,3;17,7;0,1;1,33E-1;-541,2;20,00;3,0;3,0;38,70;0,06;-0,022;1,6;4,17;0,377
339;04.07.2023;12:01:27;00:05:38;250,1;108,7;25,1;20,6;24,3;205,7;17,7;0,1;1,32E-1;-541,2;20,00;3,0;3,0;38,69;0,06;-0,024;1,6;4,19;0,380
340;04.07.2023;12:01:28;00:05:39;250,1;111,1;25,2;20,7;24,3;207,1;17,7;0,1;1,32E-1;-541,2;20,00;3,0;3,0;38,69;0,06;-0,020;1,6;4,17;0,381
341;04.07.2023;12:01:29;00:05:40;250,1;111,1;25,2;20,7;24,3;207,8;17,8;0,1;1,31E-1;-541,2;20,00;3,0;3,0;38,69;0,06;-0,016;1,6;4,18;0,380
342;04.07.2023;12:01:30;00:05:41;250,0;111,1;25,2;20,7;24,3;209,2;18,0;0,1;1,31E-1;-541,2;20,00;3,0;3,0;38,69;0,06;-0,024;1,6;4,20;0,381
343;04.07.2023;12:01:31;00:05:42;250,0;113,7;25,3;20,8;24,3;210,8;18,1;0,1;1,31E-1;-541,2;20,00;3,0;3,0;38,69;0,06;-0,028;1,6;4,18;0,386
344;04.07.2023;12:01:32;00:05:43;250,0;113,7;25,3;20,8;24,3;211,5;18,1;0,1;1,31E-1;-541,2;20,00;3,0;3,0;38,69;0,06;-0,026;1,6;4,23;0,386
345;04.07.2023;12:01:33;00:05:44;250,0;116,3;25,5;20,9;24,3;212,9;18,1;0,1;1,30E-1;-541,2;20,00;3,0;3,0;38,69;0,06;-0,021;1,6;4,23;0,386
346;04.07.2023;12:01:34;00:05:45;250,0;116,3;25,5;20,9;24,3;213,6;18,2;0,1;1,30E-1;-541,2;20,00;3,0;3,0;38,69;0,05;-0,021;1,6;4,20;0,386
347;04.07.2023;12:01:35;00:05:46;250,1;118,8;25,6;21,0;24,3;215,0;18,2;0,1;1,30E-1;-541,2;20,00;3,0;3,0;38,69;0,06;-0,025;1,6;4,21;0,386
348;04.07.2023;12:01:36;00:05:47;250,0;118,8;25,8;21,0;24,3;216,4;18,4;0,1;1,29E-1;-541,2;20,00;3,0;3,0;38,69;0,06;-0,025;1,6;4,23;0,387
349;04.07.2023;12:01:37;00:05:48;250,0;121,3;25,8;21,2;24,3;217,2;18,4;0,1;1,29E-1;-541,2;20,00;3,0;3,0;38,69;0,05;-0,026;1,7;4,23;0,391
350;04.07.2023;12:01:38;00:05:49;250,0;121,3;25,8;21,2;24,3;218,6;18,5;0,1;1,29E-1;-541,2;20,00;3,0;3,0;38,69;0,06;-0,028;1,7;4,28;0,391
351;04.07.2023;12:01:39;00:05:50;250,0;123,6;25,9;21,3;24,4;220,0;18,5;0,1;1,28E-1;-541,2;20,00;3,0;3,0;38,69;0,05;-0,026;1,7;4,24;0,391
352;04.07.2023;12:01:40;00:05:51;250,0;123,6;26,1;21,4;24,4;220,7;18,6;0,1;1,28E-1;-541,2;20,00;3,0;3,0;38,69;0,05;-0,030;1,6;4,24;0,391
353;04.07.2023;12:01:41;00:05:52;250,1;125,9;26,1;21,4;24,4;222,1;18,7;0,1;1,28E-1;-541,2;20,00;3,0;3,0;38,69;0,05;-0,029;1,7;4,26;0,396
354;04.07.2023;12:01:42;00:05:53;250,0;125,9;26,2;21,5;24,4;223,5;18,8;0,1;1,27E-1;-541,2;20,00;3,0;3,0;38,69;0,05;-0,032;1,7;4,27;0,396
355;04.07.2023;12:01:43;00:05:54;250,1;128,2;26,2;21,5;24,4;224,3;18,8;0,1;1,27E-1;-541,2;20,00;3,0;3,1;38,69;0,05;-0,032;1,7;4,26;0,396
356;04.07.2023;12:01:44;00:05:55;250,0;128,2;26,3;21,6;24,4;225,7;19,0;0,1;1,27E-1;-541,2;20,00;3,0;3,0;38,69;0,05;-0,031;1,7;4,25;0,399
357;04.07.2023;12:01:45;00:05:56;250,1;130,5;26,3;21,6;24,4;226,4;19,1;0,1;1,27E-1;-541,2;20,00;3,0;3,0;38,69;0,05;-0,034;1,7;4,26;0,400
358;04.07.2023;12:01:46;00:05:57;250,1;130,5;26,3;21,6;24,4;227,8;19,1;0,1;1,26E-1;-541,2;20,00;3,0;3,0;38,68;0,05;-0,031;1,7;4,27;0,400
359;04.07.2023;12:01:47;00:05:58;250,1;132,8;26,5;21,7;24,4;229,2;19,1;0,1;1,26E-1;-541,2;20,00;3,0;3,0;38,68;0,05;-0,035;1,7;4,27;0,400
360;04.07.2023;12:01:48;00:05:59;250,1;132,8;26,6;21,7;24,4;229,9;19,2;0,1;1,26E-1;-541,2;20,00;3,0;3,0;38,68;0,05;-0,031;1,7;4,27;0,400
361;04.07.2023;12:01:49;00:06:00;250,3;135,0;26,6;21,8;24,4;231,4;19,2;0,1;1,25E-1;-541,2;20,00;3,0;2,9;38,68;0,05;-0,032;1,7;4,28;0,402
362;04.07.2023;12:01:50;00:06:01;250,1;134,9;26,6;21,8;24,3;232,8;19,4;0,1;1,25E-1;-541,2;20,00;3,0;3,0;38,68;0,05;-0,029;1,7;4,25;0,405
363;04.07.2023;12:01:51;00:06:02;250,1;137,3;26,6;21,8;24,3;233,5;19,3;0,1;1,25E-1;-541,2;20,00;3,0;2,9;38,68;0,05;-0,030;1,7;4,29;0,405
364;04.07.2023;12:01:52;00:06:03;250,1;137,3;26,6;21,8;24,3;234,9;19,5;0,1;1,24E-1;-541,2;20,00;3,0;3,0;38,68;0,05;-0,029;1,7;4,31;0,406
365;04.07.2023;12:01:53;00:06:04;250,0;139,7;26,8;22,0;24,3;236,3;19,5;0,1;1,24E-1;-541,2;20,00;3,0;3,0;38,68;0,05;-0,027;1,7;4,26;0,405
366;04.07.2023;12:01:54;00:06:05;250,2;139,7;26,8;22,0;24,3;237,0;19,6;0,1;1,24E-1;-541,2;20,00;3,0;2,9;38,68;0,05;-0,029;1,8;4,30;0,408
367;04.07.2023;12:01:55;00:06:06;250,1;142,1;26,9;22,1;24,3;238,5;19,7;0,1;1,23E-1;-541,2;20,00;3,0;3,0;38,68;0,05;-0,030;1,8;4,30;0,407
368;04.07.2023;12:01:56;00:06:07;250,0;142,1;26,9;22,1;24,4;239,9;19,9;0,1;1,23E-1;-541,2;20,00;3,0;3,0;38,68;0,04;-0,037;1,8;4,32;0,410
369;04.07.2023;12:01:57;00:06:08;250,1;144,5;27,1;22,2;24,4;240,6;19,8;0,1;1,23E-1;-541,2;20,00;3,0;3,0;38,68;0,04;-0,031;1,8;4,32;0,411
370;04.07.2023;12:01:58;00:06:09;250,0;144,5;27,2;22,2;24,4;242,0;20,0;0,1;1,22E-1;-541,2;20,00;3,0;2,9;38,68;0,04;-0,033;1,8;4,33;0,411
371;04.07.2023;12:01:59;00:06:10;250,1;144,5;27,2;22,3;24,4;242,7;20,1;0,1;1,22E-1;-541,2;20,00;3,0;2,9;38,68;0,04;-0,030;1,8;4,32;0,415
372;04.07.2023;12:02:00;00:06:11;250,1;146,8;27,2;22,3;24,4;244,1;20,1;0,1;1,22E-1;-541,2;20,00;3,0;3,0;38,68;0,05;-0,026;1,8;4,31;0,415
373;04.07.2023;12:02:01;00:06:12;250,1;149,0;27,4;22,4;24,4;245,6;20,1;0,1;1,22E-1;-541,2;20,00;3,0;3,0;38,67;0,04;-0,024;1,8;4,35;0,417
374;04.07.2023;12:02:02;00:06:13;250,0;149,0;27,4;22,4;24,4;246,3;20,2;0,1;1,21E-1;-541,2;20,00;3,0;3,0;38,68;0,04;-0,020;1,8;4,32;0,416
375;04.07.2023;12:02:03;00:06:14;250,0;151,2;27,5;22,5;24,4;247,7;20,2;0,1;1,21E-1;-541,2;20,00;3,0;3,0;38,67;0,04;-0,025;1,8;4,35;0,418
376;04.07.2023;12:02:04;00:06:15;250,0;151,2;27,7;22,5;24,4;249,1;20,4;0,1;1,21E-1;-541,2;20,00;3,0;3,0;38,68;0,04;-0,026;1,8;4,35;0,420
377;04.07.2023;12:02:05;00:06:16;250,0;153,4;27,7;22,6;24,4;249,8;20,5;0,1;1,20E-1;-541,2;20,00;3,0;3,0;38,67;0,04;-0,028;1,8;4,38;0,420
378;04.07.2023;12:02:06;00:06:17;250,1;153,4;27,7;22,6;24,4;251,2;20,6;0,1;1,20E-1;-541,2;20,00;3,0;3,0;38,68;0,04;-0,028;1,8;4,38;0,421
379;04.07.2023;12:02:07;00:06:18;250,1;155,5;27,8;22,7;24,5;252,8;20,6;0,1;1,20E-1;-541,2;20,00;3,0;3,1;38,68;0,04;-0,026;1,8;4,33;0,425
380;04.07.2023;12:02:08;00:06:19;250,1;155,5;27,9;22,8;24,5;253,5;20,7;0,1;1,20E-1;-541,2;20,00;3,0;3,0;38,67;0,04;-0,033;1,9;4,38;0,425
381;04.07.2023;12:02:09;00:06:20;250,0;157,7;27,9;22,8;24,5;254,9;20,7;0,1;1,19E-1;-541,2;20,00;3,0;2,9;38,67;0,04;-0,033;1,9;4,40;0,425
382;04.07.2023;12:02:10;00:06:21;250,0;157,6;27,9;22,8;24,4;255,6;20,8;0,1;1,19E-1;-541,2;20,00;3,0;3,0;38,67;0,04;-0,034;1,9;4,38;0,425
383;04.07.2023;12:02:11;00:06:22;250,0;157,6;28,0;22,8;24,4;257,0;21,1;0,1;1,19E-1;-541,2;20,00;3,0;3,0;38,67;0,03;-0,030;1,9;4,38;0,430
384;04.07.2023;12:02:12;00:06:23;250,0;159,9;28,0;22,9;24,4;258,4;21,1;0,1;1,18E-1;-541,2;20,00;3,0;3,0;38,67;0,04;-0,034;1,9;4,41;0,429
385;04.07.2023;12:02:13;00:06:24;250,1;162,2;28,1;23,0;24,4;259,2;21,2;0,1;1,18E-1;-541,2;20,00;3,0;3,0;38,67;0,03;-0,031;1,9;4,36;0,430
386;04.07.2023;12:02:14;00:06:25;250,0;162,2;28,1;23,0;24,4;260,6;21,2;0,1;1,18E-1;-541,2;20,00;3,0;3,0;38,67;0,03;-0,032;1,9;4,39;0,430
387;04.07.2023;12:02:15;00:06:26;250,0;164,4;28,3;23,1;24,4;262,0;21,4;0,1;1,18E-1;-541,2;20,00;3,0;3,0;38,67;0,04;-0,033;1,9;4,40;0,433
388;04.07.2023;12:02:16;00:06:27;250,0;164,4;28,3;23,1;24,4;262,7;21,3;0,1;1,17E-1;-541,2;20,00;3,0;3,0;38,67;0,03;-0,032;1,9;4,40;0,434
389;04.07.2023;12:02:17;00:06:28;250,0;166,7;28,4;23,2;24,5;264,1;21,4;0,1;1,17E-1;-541,2;20,00;3,0;3,1;38,67;0,03;-0,034;1,9;4,42;0,435
390;04.07.2023;12:02:18;00:06:29;250,0;166,7;28,6;23,2;24,5;265,5;21,5;0,1;1,17E-1;-541,2;20,00;3,0;3,0;38,67;0,03;-0,035;1,9;4,44;0,435
391;04.07.2023;12:02:19;00:06:30;250,1;168,8;28,6;23,3;24,5;266,3;21,5;0,1;1,17E-1;-541,2;20,00;3,0;3,0;38,67;0,03;-0,032;1,9;4,39;0,435
392;04.07.2023;12:02:20;00:06:31;250,0;168,8;28,7;23,3;24,5;267,7;21,7;0,1;1,16E-1;-541,2;20,00;3,0;3,0;38,66;0,03;-0,036;1,9;4,43;0,438
393;04.07.2023;12:02:21;00:06:32;250,2;170,9;28,7;23,4;24,5;269,1;21,7;0,1;1,16E-1;-541,2;20,00;3,0;3,1;38,67;0,03;-0,035;1,9;4,43;0,442
394;04.07.2023;12:02:22;00:06:33;250,2;170,9;28,7;23,4;24,5;269,8;21,8;0,1;1,16E-1;-541,2;20,00;3,0;3,0;38,66;0,03;-0,035;1,9;4,46;0,440
395;04.07.2023;12:02:23;00:06:34;250,0;172,9;28,9;23,5;24,5;271,2;21,9;0,1;1,15E-1;-541,2;20,00;3,0;3,0;38,67;0,03;-0,031;2,0;4,47;0,440
396;04.07.2023;12:02:24;00:06:35;250,1;172,9;28,9;23,5;24,5;271,9;22,0;0,1;1,15E-1;-541,2;20,00;3,0;3,0;38,67;0,03;-0,036;2,0;4,45;0,444
397;04.07.2023;12:02:25;00:06:36;250,1;175,0;29,0;23,6;24,5;273,4;22,0;0,1;1,15E-1;-541,2;20,00;3,0;3,0;38,66;0,03;-0,040;2,0;4,47;0,447
398;04.07.2023;12:02:26;00:06:37;250,1;175,0;29,1;23,6;24,5;274,8;22,2;0,1;1,15E-1;-541,2;20,00;3,0;2,9;38,66;0,03;-0,035;2,0;4,43;0,444
399;04.07.2023;12:02:27;00:06:38;250,1;177,1;29,1;23,7;24,6;275,5;22,1;0,1;1,15E-1;-541,2;20,00;3,0;3,0;38,66;0,03;-0,038;2,0;4,49;0,449
400;04.07.2023;12:02:28;00:06:39;250,1;179,1;29,3;23,8;24,6;276,9;22,4;0,1;1,14E-1;-541,2;20,00;3,0;2,9;38,66;0,03;-0,037;2,0;4,49;0,446
401;04.07.2023;12:02:29;00:06:40;250,0;179,1;29,3;23,8;24,6;278,3;22,4;0,1;1,14E-1;-541,2;20,00;3,0;2,9;38,66;0,03;-0,043;2,0;4,48;0,449
402;04.07.2023;12:02:30;00:06:41;250,2;179,1;29,3;23,8;24,5;279,0;22,5;0,1;1,14E-1;-541,2;20,00;3,0;3,0;38,66;0,02;-0,037;2,0;4,46;0,449
403;04.07.2023;12:02:31;00:06:42;250,0;179,1;29,4;23,9;24,5;280,5;22,7;0,1;1,14E-1;-541,2;20,00;3,0;3,0;38,66;0,02;-0,037;2,0;4,49;0,454
404;04.07.2023;12:02:32;00:06:43;250,2;181,3;29,4;23,9;24,4;281,9;22,7;0,1;1,14E-1;-541,2;20,00;3,0;2,9;38,66;0,03;-0,040;2,0;4,51;0,454
405;04.07.2023;12:02:33;00:06:44;250,2;183,5;29,5;24,0;24,5;282,6;22,8;0,1;1,13E-1;-541,2;20,00;3,0;3,0;38,66;0,02;-0,033;2,1;4,52;0,455
406;04.07.2023;12:02:34;00:06:45;250,2;183,5;29,5;24,0;24,5;284,0;22,9;0,1;1,13E-1;-541,2;20,00;3,0;3,0;38,66;0,02;-0,042;2,1;4,51;0,456
407;04.07.2023;12:02:35;00:06:46;250,3;185,7;29,7;24,1;24,5;285,4;22,9;0,1;1,13E-1;-541,2;20,00;3,0;3,0;38,66;0,02;-0,042;2,1;4,52;0,455
408;04.07.2023;12:02:36;00:06:47;250,2;185,7;29,8;24,1;24,5;286,1;23,0;0,1;1,13E-1;-541,2;20,00;3,0;3,0;38,65;0,02;-0,041;2,1;4,54;0,459
409;04.07.2023;12:02:37;00:06:48;250,1;187,9;29,8;24,2;24,5;287,6;23,0;0,1;1,12E-1;-541,2;20,00;3,0;3,0;38,65;0,02;-0,042;2,1;4,54;0,459
410;04.07.2023;12:02:38;00:06:49;250,2;187,9;29,8;24,2;24,5;288,3;23,1;0,1;1,12E-1;-541,2;20,00;3,0;3,0;38,66;0,02;-0,043;2,1;4,49;0,459
411;04.07.2023;12:02:39;00:06:50;250,1;189,9;29,9;24,3;24,6;289,7;23,2;0,1;1,12E-1;-541,2;20,00;3,0;3,0;38,65;0,02;-0,040;2,1;4,48;0,462
412;04.07.2023;12:02:40;00:06:51;250,3;189,9;30,1;24,4;24,6;291,1;23,4;0,1;1,12E-1;-541,2;20,00;3,0;3,0;38,65;0,02;-0,036;2,1;4,56;0,464
413;04.07.2023;12:02:41;00:06:52;250,0;192,0;30,1;24,4;24,6;291,8;23,5;0,1;1,12E-1;-541,2;20,00;3,0;3,0;38,65;0,02;-0,041;2,1;4,58;0,464
414;04.07.2023;12:02:42;00:06:53;250,1;192,0;30,1;24,4;24,6;293,2;23,5;0,1;1,12E-1;-541,2;20,00;3,0;3,0;38,65;0,02;-0,037;2,1;4,54;0,466
415;04.07.2023;12:02:43;00:06:54;250,0;194,1;30,2;24,5;24,6;294,8;23,6;0,1;1,11E-1;-541,2;20,00;3,0;2,9;38,65;0,01;-0,043;2,1;4,54;0,466
416;04.07.2023;12:02:44;00:06:55;250,1;194,1;30,4;24,5;24,6;295,5;23,7;0,1;1,11E-1;-541,2;20,00;3,0;3,0;38,65;0,02;-0,046;2,1;4,57;0,469
417;04.07.2023;12:02:45;00:06:56;250,1;196,3;30,4;24,6;24,6;296,9;23,7;0,1;1,11E-1;-541,2;20,00;3,0;2,9;38,65;0,01;-0,039;2,2;4,57;0,469
418;04.07.2023;12:02:46;00:06:57;250,1;196,3;30,5;24,7;24,6;298,3;23,9;0,1;1,11E-1;-541,2;20,00;3,0;2,9;38,65;0,02;-0,040;2,1;4,53;0,470
419;04.07.2023;12:02:47;00:06:58;250,0;198,4;30,5;24,7;24,6;299,0;23,8;0,1;1,11E-1;-541,2;20,00;3,0;3,1;38,65;0,01;-0,032;2,2;4,56;0,474
420;04.07.2023;12:02:48;00:06:59;250,0;198,4;30,6;24,7;24,6;300,5;24,0;0,1;1,10E-1;-541,2;20,00;3,0;3,0;38,65;0,02;-0,041;2,2;4,59;0,476
421;04.07.2023;12:02:49;00:07:00;250,2;198,4;30,6;24,8;24,6;301,5;24,2;0,1;1,10E-1;-541,2;20,00;3,0;3,0;38,65;0,01;-0,036;2,2;4,60;0,477
422;04.07.2023;12:02:50;00:07:01;250,0;200,5;30,6;24,8;24,5;303,7;24,3;0,1;1,10E-1;-541,2;20,00;3,0;3,1;38,65;0,01;-0,037;2,2;4,63;0,479
423;04.07.2023;12:02:51;00:07:02;250,0;202,7;30,7;24,8;24,5;305,7;24,6;0,1;1,10E-1;-541,2;20,00;3,0;3,0;38,64;0,01;-0,047;2,2;4,62;0,480
424;04.07.2023;12:02:52;00:07:03;250,0;202,7;30,7;24,8;24,6;306,7;24,5;0,1;1,10E-1;-541,2;20,00;3,0;3,0;38,65;0,01;-0,042;2,2;4,63;0,480
425;04.07.2023;12:02:53;00:07:04;250,0;204,9;30,8;24,9;24,6;308,7;24,6;0,1;1,10E-1;-541,2;20,00;3,0;3,0;38,64;0,01;-0,041;2,2;4,60;0,484
426;04.07.2023;12:02:54;00:07:05;250,0;204,9;31,0;24,9;24,6;310,7;24,8;0,1;1,10E-1;-541,2;20,00;3,0;3,1;38,65;0,01;-0,039;2,2;4,62;0,486
427;04.07.2023;12:02:55;00:07:06;250,0;204,9;31,0;25,0;24,6;311,7;25,0;0,1;1,09E-1;-541,2;20,00;3,0;2,9;38,64;0,01;-0,044;2,3;4,67;0,488
428;04.07.2023;12:02:56;00:07:07;250,0;207,2;31,0;25,0;24,6;313,8;25,1;0,1;1,09E-1;-541,2;20,00;3,0;2,9;38,64;0,01;-0,043;2,3;4,65;0,488
429;04.07.2023;12:02:57;00:07:08;250,0;209,4;31,1;25,1;24,6;315,8;25,1;0,1;1,09E-1;-541,2;20,00;3,0;3,0;38,64;0,01;-0,038;2,3;4,63;0,488
430;04.07.2023;12:02:58;00:07:09;250,1;209,4;31,1;25,1;24,6;316,8;25,3;0,1;1,09E-1;-541,2;20,00;3,0;2,9;38,64;0,01;-0,041;2,3;4,64;0,490
431;04.07.2023;12:02:59;00:07:10;250,0;211,5;31,3;25,2;24,6;318,8;25,4;0,1;1,09E-1;-541,2;20,00;3,0;2,9;38,64;0,00;-0,043;2,3;4,64;0,493
432;04.07.2023;12:03:00;00:07:11;250,0;211,5;31,4;25,2;24,7;320,8;25,6;0,1;1,09E-1;-541,2;20,00;3,0;2,9;38,64;0,01;-0,043;2,3;4,68;0,498
433;04.07.2023;12:03:01;00:07:12;250,0;213,6;31,4;25,3;24,7;321,8;25,7;0,1;1,09E-1;-541,2;20,00;3,0;2,9;38,64;0,00;-0,039;2,3;4,68;0,500
434;04.07.2023;12:03:02;00:07:13;250,1;213,6;31,6;25,3;24,7;324,0;25,9;0,1;1,08E-1;-541,2;20,00;3,0;2,9;38,64;0,00;-0,039;2,4;4,72;0,502
435;04.07.2023;12:03:03;00:07:14;250,2;215,8;31,6;25,4;24,7;325,0;25,8;0,1;1,08E-1;-541,2;20,00;3,0;3,0;38,64;0,00;-0,039;2,3;4,70;0,503
436;04.07.2023;12:03:04;00:07:15;250,0;215,8;31,7;25,4;24,7;327,0;26,1;0,1;1,08E-1;-541,2;20,00;3,0;3,0;38,64;0,00;-0,033;2,3;4,69;0,504
437;04.07.2023;12:03:05;00:07:16;250,1;218,0;31,7;25,5;24,7;329,0;26,2;0,1;1,08E-1;-541,2;20,00;3,0;3,0;38,63;0,00;-0,037;2,4;4,75;0,508
438;04.07.2023;12:03:06;00:07:17;250,1;218,0;31,7;25,5;24,7;330,0;26,3;0,1;1,08E-1;-541,2;20,00;3,0;3,0;38,64;0,00;-0,037;2,4;4,72;0,508
439;04.07.2023;12:03:07;00:07:18;250,0;220,2;31,9;25,6;24,7;332,0;26,4;0,1;1,08E-1;-541,2;20,00;3,0;3,0;38,63;0,00;-0,041;2,4;4,73;0,509
440;04.07.2023;12:03:08;00:07:19;250,1;220,2;32,0;25,7;24,7;334,2;26,7;0,1;1,08E-1;-541,2;20,00;3,0;3,1;38,63;0,00;-0,045;2,4;4,70;0,513
441;04.07.2023;12:03:09;00:07:20;250,0;222,4;32,0;25,7;24,7;335,2;26,8;0,1;1,07E-1;-541,2;20,00;3,0;3,0;38,63;0,00;-0,047;2,4;4,75;0,517
442;04.07.2023;12:03:10;00:07:21;250,2;222,4;32,0;25,7;24,7;337,2;26,9;0,1;1,07E-1;-541,2;20,00;3,0;3,0;38,63;0,00;-0,046;2,5;4,75;0,517
443;04.07.2023;12:03:11;00:07:22;250,0;224,8;32,2;25,8;24,7;339,2;27,2;0,1;1,07E-1;-541,2;20,00;3,0;3,0;38,63;0,00;-0,044;2,5;4,76;0,520
444;04.07.2023;12:03:12;00:07:23;250,3;224,8;32,2;25,8;24,7;340,2;27,1;0,1;1,07E-1;-541,2;20,00;3,0;2,9;38,63;0,00;-0,048;2,5;4,78;0,523
445;04.07.2023;12:03:13;00:07:24;250,0;227,3;32,3;25,9;24,8;342,2;27,2;0,1;1,07E-1;-541,2;20,00;3,0;3,0;38,63;-0,01;-0,040;2,5;4,78;0,523
446;04.07.2023;12:03:14;00:07:25;250,3;227,3;32,5;26,0;24,8;344,3;27,5;0,1;1,07E-1;-541,2;20,00;3,0;3,0;38,63;-0,01;-0,041;2,5;4,81;0,527
447;04.07.2023;12:03:15;00:07:26;250,1;227,3;32,5;26,0;24,8;345,3;27,6;0,1;1,07E-1;-541,2;20,00;3,0;2,9;38,63;0,00;-0,050;2,5;4,81;0,527
448;04.07.2023;12:03:16;00:07:27;250,1;229,7;32,5;26,0;24,8;347,3;27,7;0,1;1,07E-1;-541,2;20,00;3,0;2,9;38,63;-0,01;-0,045;2,5;4,77;0,527
449;04.07.2023;12:03:17;00:07:28;250,2;229,7;32,7;26,1;24,8;348,3;27,8;0,1;1,07E-1;-541,2;20,00;3,0;3,1;38,63;-0,01;-0,043;2,6;4,80;0,531
450;04.07.2023;12:03:18;00:07:29;250,4;232,2;32,7;26,1;24,8;350,3;27,9;0,1;1,06E-1;-541,2;20,00;3,0;3,0;38,63;-0,01;-0,041;2,6;4,83;0,531
451;04.07.2023;12:03:19;00:07:30;252,4;234,6;32,8;26,3;24,8;352,3;28,0;0,1;1,06E-1;-541,2;20,00;3,0;3,0;38,62;-0,01;-0,048;2,6;4,84;0,534
452;04.07.2023;12:03:20;00:07:31;253,3;234,6;33,0;26,3;24,8;353,5;28,1;0,1;1,06E-1;-541,2;20,00;3,0;3,0;38,63;-0,01;-0,049;2,6;4,85;0,535
453;04.07.2023;12:03:21;00:07:32;254,9;236,9;33,0;26,4;24,8;355,5;28,3;0,1;1,06E-1;-541,2;20,00;3,0;3,0;38,62;-0,01;-0,045;2,6;4,85;0,538
454;04.07.2023;12:03:22;00:07:33;256,9;236,9;33,2;26,4;24,8;357,5;28,5;0,1;1,06E-1;-541,2;20,00;3,0;3,0;38,62;-0,01;-0,045;2,6;4,82;0,542
455;04.07.2023;12:03:23;00:07:34;258,2;239,4;33,2;26,5;24,8;358,5;28,4;0,1;1,06E-1;-541,2;20,00;3,0;2,9;38,62;-0,01;-0,046;2,6;4,86;0,542
456;04.07.2023;12:03:24;00:07:35;260,0;239,4;33,3;26,6;24,8;360,5;28,7;0,1;1,06E-1;-541,2;20,00;3,0;3,0;38,62;-0,01;-0,045;2,6;4,84;0,543
457;04.07.2023;12:03:25;00:07:36;261,2;241,8;33,3;26,6;24,8;362,5;28,8;0,1;1,06E-1;-541,2;20,00;3,0;3,1;38,62;-0,01;-0,042;2,7;4,85;0,547
458;04.07.2023;12:03:26;00:07:37;262,4;241,8;33,3;26,6;24,8;363,7;28,9;0,1;1,06E-1;-541,2;20,00;3,0;3,0;38,62;-0,02;-0,047;2,7;4,86;0,547
459;04.07.2023;12:03:27;00:07:38;263,7;244,3;33,5;26,7;24,8;365,7;29,0;0,1;1,05E-1;-541,2;20,00;3,0;3,0;38,62;-0,01;-0,049;2,7;4,90;0,548
460;04.07.2023;12:03:28;00:07:39;265,1;244,3;33,5;26,7;24,8;366,7;29,2;0,1;1,05E-1;-541,2;20,00;3,0;3,0;38,62;-0,01;-0,050;2,7;4,89;0,552
461;04.07.2023;12:03:29;00:07:40;266,7;246,8;33,7;26,8;24,9;368,7;29,3;0,1;1,05E-1;-541,2;20,00;3,0;2,9;38,62;-0,02;-0,048;2,7;4,86;0,557
462;04.07.2023;12:03:30;00:07:41;268,8;246,8;33,7;26,8;24,9;370,7;29,5;0,1;1,05E-1;-541,2;20,00;3,0;2,9;38,62;-0,02;-0,041;2,7;4,87;0,557
463;04.07.2023;12:03:31;00:07:42;269,8;246,9;33,7;26,8;24,9;371,7;29,6;0,1;1,05E-1;-541,2;20,00;3,0;3,0;38,62;-0,02;-0,047;2,7;4,91;0,557
464;04.07.2023;12:03:32;00:07:43;271,7;249,7;33,9;26,9;24,9;373,8;29,7;0,1;1,05E-1;-541,2;20,00;3,0;3,0;38,62;-0,02;-0,049;2,7;4,89;0,560
465;04.07.2023;12:03:33;00:07:44;272,8;252,4;34,1;27,0;24,9;375,8;29,8;0,1;1,05E-1;-541,2;20,00;3,0;3,0;38,62;-0,02;-0,044;2,8;4,95;0,564
466;04.07.2023;12:03:34;00:07:45;273,7;252,4;34,1;27,0;24,9;376,8;29,9;0,1;1,05E-1;-541,2;20,00;3,0;3,1;38,62;-0,02;-0,047;2,8;4,90;0,562
467;04.07.2023;12:03:35;00:07:46;275,6;252,4;34,3;27,0;24,9;378,8;30,2;0,1;1,05E-1;-541,2;20,00;3,0;3,0;38,62;-0,02;-0,046;2,8;4,93;0,567
468;04.07.2023;12:03:36;00:07:47;277,5;255,2;34,3;27,2;25,0;380,8;30,2;0,1;1,05E-1;-541,2;20,00;3,0;3,0;38,61;-0,02;-0,051;2,8;4,96;0,567
469;04.07.2023;12:03:37;00:07:48;278,1;257,9;34,4;27,3;25,0;381,8;30,4;0,1;1,04E-1;-541,2;20,00;3,0;3,1;38,61;-0,03;-0,047;2,8;4,95;0,568
470;04.07.2023;12:03:38;00:07:49;280,2;257,9;34,4;27,3;25,0;384,0;30,4;0,1;1,04E-1;-541,2;20,00;3,0;3,1;38,61;-0,03;-0,047;2,8;4,93;0,571
471;04.07.2023;12:03:39;00:07:50;281,6;260,5;34,6;27,4;25,0;386,0;30,6;0,1;1,04E-1;-541,2;20,00;3,0;3,0;38,61;-0,02;-0,051;2,9;4,99;0,576
472;04.07.2023;12:03:40;00:07:51;282,4;260,5;34,6;27,4;25,0;387,0;30,6;0,1;1,04E-1;-541,2;20,00;3,0;3,0;38,61;-0,03;-0,052;2,9;4,97;0,576
473;04.07.2023;12:03:41;00:07:52;284,3;263,1;34,8;27,5;25,1;389,0;30,7;0,1;1,04E-1;-541,2;20,00;3,0;3,1;38,61;-0,03;-0,047;2,9;4,98;0,578
474;04.07.2023;12:03:42;00:07:53;285,0;263,1;34,8;27,5;25,1;390,0;30,8;0,1;1,04E-1;-541,2;20,00;3,0;2,9;38,61;-0,03;-0,052;2,9;4,99;0,578
475;04.07.2023;12:03:43;00:07:54;286,7;265,8;35,0;27,6;25,1;392,0;30,9;0,1;1,04E-1;-541,2;20,00;3,0;3,0;38,61;-0,03;-0,041;2,9;5,01;0,581
476;04.07.2023;12:03:44;00:07:55;289,1;265,8;35,2;27,6;25,1;394,2;31,2;0,1;1,04E-1;-541,2;20,00;3,0;3,0;38,61;-0,03;-0,046;2,9;5,00;0,585
477;04.07.2023;12:03:45;00:07:56;289,8;268,5;35,2;27,7;25,1;395,2;31,4;0,1;1,04E-1;-541,2;20,00;3,0;3,0;38,61;-0,03;-0,053;2,9;5,01;0,586
478;04.07.2023;12:03:46;00:07:57;291,7;268,5;35,2;27,7;25,1;397,2;31,4;0,1;1,04E-1;-541,2;20,00;3,0;3,0;38,61;-0,03;-0,050;2,9;5,02;0,586
479;04.07.2023;12:03:47;00:07:58;293,3;271,1;35,4;27,9;25,1;399,2;31,5;0,1;1,04E-1;-541,2;20,00;3,0;2,9;38,60;-0,03;-0,054;3,0;5,03;0,590
480;04.07.2023;12:03:48;00:07:59;294,2;271,1;35,5;27,9;25,1;400,2;31,6;0,1;1,04E-1;-541,2;20,00;3,0;3,1;38,60;-0,03;-0,046;3,0;5,01;0,590
481;04.07.2023;12:03:49;00:08:00;296,1;273,8;35,5;28,0;25,1;402,2;31,7;0,1;1,04E-1;-541,2;20,00;3,0;3,1;38,60;-0,03;-0,052;3,0;5,05;0,596
482;04.07.2023;12:03:50;00:08:01;298,1;273,8;35,7;27,9;25,0;404,3;32,0;0,1;1,04E-1;-541,2;20,00;3,0;3,0;38,60;-0,03;-0,054;3,0;5,04;0,596
483;04.07.2023;12:03:51;00:08:02;299,1;273,8;35,7;27,9;25,0;405,3;32,1;0,1;1,04E-1;-541,2;20,00;3,0;3,0;38,60;-0,04;-0,047;3,0;5,05;0,601
484;04.07.2023;12:03:52;00:08:03;300,8;276,7;35,7;28,0;25,0;407,3;32,2;0,1;1,03E-1;-541,2;20,00;3,0;3,0;38,60;-0,03;-0,056;3,0;5,04;0,601
485;04.07.2023;12:03:53;00:08:04;302,8;279,6;35,9;28,2;25,1;409,3;32,2;0,1;1,03E-1;-541,2;20,00;3,0;3,0;38,60;-0,04;-0,058;3,0;5,07;0,603
486;04.07.2023;12:03:54;00:08:05;303,8;279,6;35,9;28,2;25,1;410,3;32,4;0,1;1,03E-1;-541,2;20,00;3,0;3,0;38,59;-0,04;-0,056;3,0;5,04;0,606
487;04.07.2023;12:03:55;00:08:06;305,5;279,6;36,0;28,3;25,1;412,3;32,6;0,1;1,03E-1;-541,2;20,00;3,0;3,1;38,60;-0,04;-0,057;3,1;5,06;0,606
488;04.07.2023;12:03:56;00:08:07;306,3;282,5;36,0;28,3;25,1;413,3;32,5;0,1;1,03E-1;-541,2;20,00;3,0;3,0;38,59;-0,04;-0,059;3,1;5,10;0,611
489;04.07.2023;12:03:57;00:08:08;308,6;285,5;36,3;28,4;25,1;415,5;32,7;0,1;1,03E-1;-541,2;20,00;3,0;3,0;38,59;-0,04;-0,057;3,1;5,11;0,615
490;04.07.2023;12:03:58;00:08:09;309,9;285,5;36,5;28,4;25,1;417,5;32,9;0,1;1,03E-1;-541,2;20,00;3,0;3,0;38,59;-0,04;-0,057;3,1;5,07;0,615
491;04.07.2023;12:03:59;00:08:10;311,0;288,3;36,5;28,6;25,1;418,5;32,8;0,1;1,03E-1;-541,2;20,00;3,0;2,9;38,59;-0,04;-0,066;3,1;5,12;0,615
492;04.07.2023;12:04:00;00:08:11;312,7;288,3;36,5;28,6;25,2;420,5;33,1;0,1;1,03E-1;-541,2;20,00;3,0;2,9;38,59;-0,05;-0,060;3,1;5,11;0,615
493;04.07.2023;12:04:01;00:08:12;314,7;291,1;36,7;28,7;25,2;422,5;33,1;0,1;1,03E-1;-541,2;20,00;3,0;3,0;38,59;-0,04;-0,063;3,2;5,07;0,619
494;04.07.2023;12:04:02;00:08:13;315,9;291,1;36,7;28,7;25,2;423,5;33,3;0,1;1,03E-1;-541,2;20,00;3,0;3,0;38,59;-0,05;-0,058;3,2;5,14;0,618
495;04.07.2023;12:04:03;00:08:14;317,7;294,0;36,9;28,8;25,2;425,7;33,3;0,1;1,03E-1;-541,2;20,00;3,0;3,0;38,59;-0,05;-0,064;3,2;5,11;0,625
496;04.07.2023;12:04:04;00:08:15;319,5;294,0;37,1;28,8;25,2;427,7;33,6;0,1;1,03E-1;-541,2;20,00;3,0;2,9;38,59;-0,04;-0,067;3,2;5,13;0,625
497;04.07.2023;12:04:05;00:08:16;320,5;296,9;37,1;28,9;25,2;428,7;33,6;0,1;1,03E-1;-541,2;20,00;3,0;3,0;38,59;-0,05;-0,055;3,2;5,14;0,629
498;04.07.2023;12:04:06;00:08:17;322,7;296,9;37,1;28,9;25,2;430,7;33,8;0,1;1,03E-1;-541,2;20,00;3,0;3,0;38,58;-0,05;-0,059;3,2;5,16;0,627
499;04.07.2023;12:04:07;00:08:18;323,6;299,8;37,2;29,1;25,2;431,7;33,7;0,1;1,03E-1;-541,2;20,00;3,0;3,0;38,59;-0,05;-0,055;3,3;5,13;0,630
500;04.07.2023;12:04:08;00:08:19;325,2;299,8;37,4;29,1;25,2;433,7;34,0;0,1;1,03E-1;-541,2;20,00;3,0;3,1;38,58;-0,05;-0,062;3,3;5,15;0,630
501;04.07.2023;12:04:09;00:08:20;327,5;302,6;37,4;29,2;25,3;435,8;34,1;0,1;1,03E-1;-541,2;20,00;3,0;3,1;38,58;-0,05;-0,063;3,3;5,16;0,635
502;04.07.2023;12:04:10;00:08:21;328,3;302,6;37,4;29,2;25,3;436,8;34,2;0,1;1,03E-1;-541,2;20,00;3,0;3,0;38,58;-0,06;-0,058;3,3;5,19;0,638
503;04.07.2023;12:04:11;00:08:22;330,2;302,6;37,6;29,2;25,3;438,8;34,5;0,1;1,03E-1;-541,2;20,00;3,0;3,0;38,58;-0,05;-0,060;3,3;5,16;0,640
504;04.07.2023;12:04:12;00:08:23;332,1;305,7;37,6;29,3;25,3;440,8;34,5;0,1;1,02E-1;-541,2;20,00;3,0;3,0;38,58;-0,06;-0,060;3,3;5,19;0,643
505;04.07.2023;12:04:13;00:08:24;333,2;305,7;37,8;29,4;25,3;441,8;34,7;0,1;1,02E-1;-541,2;20,00;3,0;3,0;38,58;-0,06;-0,064;3,3;5,19;0,642
506;04.07.2023;12:04:14;00:08:25;334,9;308,9;37,8;29,4;25,3;443,8;34,7;0,1;1,02E-1;-541,2;20,00;3,0;3,0;38,58;-0,06;-0,059;3,4;5,21;0,645
507;04.07.2023;12:04:15;00:08:26;337,1;312,1;38,1;29,6;25,3;446,0;35,0;0,1;1,02E-1;-541,2;20,00;3,0;3,0;38,58;-0,06;-0,062;3,4;5,21;0,649
508;04.07.2023;12:04:16;00:08:27;337,9;312,1;38,1;29,6;25,3;447,0;34,9;0,1;1,02E-1;-541,2;20,00;3,0;3,0;38,57;-0,06;-0,065;3,4;5,22;0,650
509;04.07.2023;12:04:17;00:08:28;340,1;315,4;38,3;29,7;25,3;449,0;35,0;0,1;1,02E-1;-541,2;20,00;3,0;3,0;38,57;-0,06;-0,059;3,4;5,20;0,654
510;04.07.2023;12:04:18;00:08:29;342,0;315,4;38,5;29,7;25,3;451,0;35,2;0,1;1,02E-1;-541,2;20,00;3,0;3,0;38,57;-0,06;-0,057;3,4;5,25;0,653
511;04.07.2023;12:04:19;00:08:30;343,0;315,4;38,5;29,7;25,3;452,0;35,3;0,1;1,02E-1;-541,2;20,00;3,0;2,9;38,57;-0,07;-0,056;3,4;5,21;0,656
512;04.07.2023;12:04:20;00:08:31;345,2;318,5;38,5;29,9;25,4;454,0;35,4;0,1;1,02E-1;-541,2;20,00;3,0;3,0;38,57;-0,06;-0,060;3,5;5,23;0,659
513;04.07.2023;12:04:21;00:08:32;346,2;318,5;38,7;29,9;25,4;455,0;35,5;0,1;1,02E-1;-541,2;20,00;3,0;3,1;38,57;-0,07;-0,053;3,4;5,25;0,661
514;04.07.2023;12:04:22;00:08:33;348,3;321,6;38,7;30,0;25,5;457,2;35,6;0,1;1,02E-1;-541,2;20,00;3,0;3,0;38,57;-0,07;-0,054;3,5;5,24;0,664
515;04.07.2023;12:04:23;00:08:34;350,2;321,6;38,9;30,2;25,5;459,2;35,9;0,1;1,02E-1;-541,2;20,00;3,0;3,0;38,57;-0,06;-0,061;3,5;5,26;0,664
516;04.07.2023;12:04:24;00:08:35;351,5;324,6;38,9;30,2;25,5;460,2;35,7;0,1;1,02E-1;-541,2;20,00;3,0;3,1;38,57;-0,07;-0,053;3,5;5,28;0,665
517;04.07.2023;12:04:25;00:08:36;353,1;327,7;39,2;30,3;25,5;462,2;35,9;0,1;1,02E-1;-541,2;20,00;3,0;3,1;38,56;-0,07;-0,054;3,5;5,27;0,668
518;04.07.2023;12:04:26;00:08:37;355,1;327,7;39,2;30,3;25,5;464,2;36,1;0,1;1,02E-1;-541,2;20,00;3,0;3,1;38,57;-0,07;-0,053;3,5;5,27;0,669
519;04.07.2023;12:04:27;00:08:38;355,9;330,8;39,4;30,5;25,5;465,2;36,0;0,1;1,02E-1;-541,2;20,00;3,0;3,1;38,56;-0,07;-0,058;3,5;5,27;0,669
520;04.07.2023;12:04:28;00:08:39;358,5;330,8;39,6;30,5;25,5;467,3;36,3;0,1;1,02E-1;-541,2;20,00;3,0;3,0;38,56;-0,07;-0,059;3,6;5,28;0,673
521;04.07.2023;12:04:29;00:08:40;360,0;333,9;39,6;30,6;25,5;469,3;36,3;0,1;1,02E-1;-541,2;20,00;3,0;3,0;38,56;-0,07;-0,062;3,6;5,26;0,679
522;04.07.2023;12:04:30;00:08:41;361,3;333,9;39,6;30,6;25,5;470,3;36,4;0,1;1,02E-1;-541,2;20,00;3,0;3,0;38,56;-0,07;-0,067;3,6;5,30;0,678
523;04.07.2023;12:04:31;00:08:42;363,2;333,8;39,8;30,6;25,5;472,3;36,7;0,1;1,02E-1;-541,2;20,00;3,0;3,0;38,56;-0,08;-0,061;3,6;5,31;0,679
524;04.07.2023;12:04:32;00:08:43;365,3;337,2;39,8;30,7;25,5;474,3;36,7;0,1;1,02E-1;-541,2;20,00;3,0;3,0;38,56;-0,07;-0,061;3,6;5,27;0,683
525;04.07.2023;12:04:33;00:08:44;366,2;340,5;40,0;30,9;25,5;475,3;36,9;0,1;1,02E-1;-541,2;20,00;3,0;3,0;38,56;-0,08;-0,059;3,6;5,27;0,684
526;04.07.2023;12:04:34;00:08:45;368,5;340,5;40,0;30,9;25,6;477,5;36,9;0,1;1,02E-1;-541,2;20,00;3,0;3,0;38,56;-0,08;-0,060;3,6;5,29;0,684
527;04.07.2023;12:04:35;00:08:46;369,5;340,5;40,2;30,9;25,6;478,5;37,1;0,1;1,02E-1;-541,2;20,00;3,0;3,1;38,56;-0,08;-0,065;3,7;5,33;0,689
528;04.07.2023;12:04:36;00:08:47;371,6;343,8;40,2;31,0;25,6;480,5;37,1;0,1;1,02E-1;-541,2;20,00;3,0;3,0;38,56;-0,08;-0,062;3,7;5,32;0,689
529;04.07.2023;12:04:37;00:08:48;373,5;347,1;40,4;31,2;25,6;482,5;37,1;0,1;1,01E-1;-541,2;20,00;3,0;2,9;38,55;-0,08;-0,066;3,7;5,35;0,690
530;04.07.2023;12:04:38;00:08:49;374,3;347,1;40,4;31,2;25,6;483,5;37,2;0,1;1,01E-1;-541,2;20,00;3,0;3,0;38,55;-0,08;-0,063;3,7;5,33;0,694
531;04.07.2023;12:04:39;00:08:50;376,4;347,1;40,6;31,3;25,6;485,5;37,5;0,1;1,01E-1;-541,2;20,00;3,0;3,1;38,55;-0,08;-0,066;3,7;5,34;0,695
532;04.07.2023;12:04:40;00:08:51;378,7;350,2;40,6;31,3;25,6;487,7;37,6;0,1;1,01E-1;-541,2;20,00;3,0;3,0;38,55;-0,08;-0,068;3,7;5,34;0,696
533;04.07.2023;12:04:41;00:08:52;379,6;353,4;40,9;31,5;25,6;488,7;37,7;0,1;1,01E-1;-541,2;20,00;3,0;3,0;38,55;-0,09;-0,069;3,7;5,35;0,699
534;04.07.2023;12:04:42;00:08:53;381,8;353,4;40,9;31,5;25,6;490,7;37,7;0,1;1,01E-1;-541,2;20,00;3,0;3,1;38,54;-0,08;-0,069;3,7;5,35;0,703
535;04.07.2023;12:04:43;00:08:54;383,8;356,6;41,1;31,6;25,6;492,7;37,8;0,1;1,01E-1;-541,2;20,00;3,0;3,0;38,55;-0,09;-0,065;3,8;5,34;0,703
536;04.07.2023;12:04:44;00:08:55;384,6;356,6;41,1;31,6;25,6;493,7;37,9;0,1;1,01E-1;-541,2;20,00;3,0;3,0;38,54;-0,09;-0,069;3,8;5,34;0,703
537;04.07.2023;12:04:45;00:08:56;386,8;359,7;41,3;31,8;25,6;495,7;38,0;0,1;1,01E-1;-541,2;20,00;3,0;3,0;38,55;-0,09;-0,061;3,8;5,35;0,708
538;04.07.2023;12:04:46;00:08:57;388,0;359,7;41,3;31,8;25,6;496,8;38,1;0,1;1,01E-1;-541,2;20,00;3,0;3,0;38,54;-0,09;-0,061;3,8;5,37;0,707
539;04.07.2023;12:04:47;00:08:58;390,5;362,9;41,5;31,9;25,6;498,8;38,1;0,1;1,01E-1;-541,2;20,00;3,0;3,0;38,54;-0,09;-0,065;3,9;5,40;0,720
540;04.07.2023;12:04:48;00:08:59;392,3;362,9;41,7;31,9;25,6;500,8;38,4;0,1;1,01E-1;-541,2;20,00;3,0;3,0;38,54;-0,10;-0,063;3,8;5,40;0,712
541;04.07.2023;12:04:49;00:09:00;393,2;362,9;41,7;32,1;25,6;501,8;38,6;0,1;1,01E-1;-541,2;20,00;3,0;3,0;38,54;-0,09;-0,071;3,9;5,39;0,718
542;04.07.2023;12:04:50;00:09:01;395,3;366,1;41,7;32,1;25,6;503,8;38,6;0,1;1,01E-1;-541,2;20,00;3,0;3,0;38,54;-0,10;-0,070;3,9;5,37;0,716
543;04.07.2023;12:04:51;00:09:02;397,5;366,1;41,9;32,2;25,6;505,8;38,9;0,1;1,01E-1;-541,2;20,00;3,0;3,0;38,53;-0,09;-0,067;3,9;5,42;0,718
544;04.07.2023;12:04:52;00:09:03;398,4;369,5;41,9;32,2;25,6;507,0;38,8;0,1;1,01E-1;-541,2;20,00;3,0;3,0;38,54;-0,10;-0,069;3,9;5,44;0,718
545;04.07.2023;12:04:53;00:09:04;400,4;373,0;42,1;32,4;25,6;509,0;38,8;0,1;1,01E-1;-541,2;20,00;3,0;3,0;38,54;-0,10;-0,061;3,9;5,38;0,723
546;04.07.2023;12:04:54;00:09:05;402,5;373,0;42,3;32,4;25,6;511,0;39,0;0,1;1,01E-1;-541,2;20,00;3,0;3,0;38,53;-0,10;-0,067;3,9;5,44;0,723
547;04.07.2023;12:04:55;00:09:06;403,9;373,0;42,3;32,4;25,6;512,0;39,2;0,1;1,01E-1;-541,2;20,00;3,0;3,1;38,53;-0,11;-0,062;4,0;5,44;0,727
548;04.07.2023;12:04:56;00:09:07;405,9;376,5;42,3;32,6;25,7;514,0;39,2;0,1;1,01E-1;-541,2;20,00;3,0;3,0;38,53;-0,10;-0,069;4,0;5,40;0,727
549;04.07.2023;12:04:57;00:09:08;408,0;379,9;42,6;32,7;25,7;516,0;39,2;0,1;1,01E-1;-541,2;20,00;3,0;3,0;38,53;-0,11;-0,074;4,0;5,41;0,731
550;04.07.2023;12:04:58;00:09:09;408,8;379,9;42,6;32,7;25,7;517,2;39,4;0,1;1,01E-1;-541,2;20,00;3,0;3,0;38,53;-0,11;-0,072;4,0;5,45;0,731
551;04.07.2023;12:04:59;00:09:10;411,4;379,9;42,8;32,9;25,7;519,2;39,7;0,1;1,01E-1;-541,2;20,00;3,0;3,1;38,52;-0,10;-0,079;4,0;5,44;0,733
552;04.07.2023;12:05:00;00:09:11;412,1;383,2;42,8;32,9;25,7;520,2;39,5;0,1;1,01E-1;-541,2;20,00;3,0;3,0;38,53;-0,11;-0,077;4,0;5,45;0,735
553;04.07.2023;12:05:01;00:09:12;414,1;386,6;43,0;33,0;25,7;522,2;39,7;0,1;1,01E-1;-541,2;20,00;3,0;3,0;38,52;-0,11;-0,077;4,0;5,45;0,737
554;04.07.2023;12:05:02;00:09:13;416,2;386,6;43,0;33,0;25,7;524,2;39,8;0,1;1,01E-1;-541,2;20,00;3,0;3,0;38,53;-0,11;-0,075;4,1;5,44;0,737
555;04.07.2023;12:05:03;00:09:14;417,5;386,6;43,3;33,0;25,7;525,2;40,0;0,1;1,01E-1;-541,2;20,00;3,0;3,0;38,52;-0,11;-0,078;4,0;5,46;0,742
556;04.07.2023;12:05:04;00:09:15;419,7;390,0;43,3;33,2;25,8;527,3;40,0;0,1;1,01E-1;-541,2;20,00;3,0;3,0;38,52;-0,11;-0,079;4,0;5,45;0,742
557;04.07.2023;12:05:05;00:09:16;421,8;393,4;43,5;33,4;25,8;529,3;40,0;0,1;1,01E-1;-541,2;20,00;3,0;3,0;38,52;-0,12;-0,068;4,1;5,48;0,744
558;04.07.2023;12:05:06;00:09:17;422,6;393,4;43,5;33,4;25,8;530,3;40,1;0,1;1,01E-1;-541,2;20,00;3,0;3,0;38,52;-0,11;-0,069;4,1;5,45;0,742
559;04.07.2023;12:05:07;00:09:18;424,8;393,4;43,7;33,5;25,8;532,3;40,4;0,1;1,01E-1;-541,2;20,00;3,0;3,0;38,52;-0,12;-0,066;4,1;5,48;0,748
560;04.07.2023;12:05:08;00:09:19;427,1;396,9;43,7;33,5;25,8;534,3;40,4;0,1;1,01E-1;-541,2;20,00;3,0;3,0;38,51;-0,11;-0,072;4,1;5,47;0,751
561;04.07.2023;12:05:09;00:09:20;427,8;396,9;43,9;33,7;25,8;535,3;40,6;0,1;1,01E-1;-541,2;20,00;3,0;3,0;38,52;-0,12;-0,068;4,1;5,48;0,752
562;04.07.2023;12:05:10;00:09:21;430,6;400,2;43,9;33,7;25,9;537,5;40,6;0,1;1,01E-1;-541,2;20,00;3,0;3,0;38,52;-0,12;-0,077;4,1;5,48;0,752
563;04.07.2023;12:05:11;00:09:22;432,3;403,6;44,1;33,8;25,8;539,5;40,9;0,1;1,01E-1;-541,2;20,00;3,0;3,0;38,51;-0,12;-0,079;4,2;5,48;0,757
564;04.07.2023;12:05:12;00:09:23;433,3;403,6;44,1;33,8;25,9;540,5;40,7;0,1;1,01E-1;-541,2;20,00;3,0;3,0;38,51;-0,13;-0,071;4,2;5,52;0,757
565;04.07.2023;12:05:13;00:09:24;435,4;403,6;44,4;34,0;25,9;542,5;41,0;0,1;1,01E-1;-541,2;20,00;3,0;3,0;38,51;-0,12;-0,074;4,2;5,50;0,757
566;04.07.2023;12:05:14;00:09:25;436,7;407,2;44,4;34,0;25,9;543,5;41,2;0,1;1,01E-1;-541,2;20,00;3,0;3,0;38,51;-0,13;-0,070;4,2;5,50;0,762
567;04.07.2023;12:05:15;00:09:26;438,9;407,2;44,4;34,0;25,9;545,5;41,2;0,1;1,01E-1;-541,2;20,00;3,0;3,0;38,51;-0,12;-0,075;4,2;5,48;0,762
568;04.07.2023;12:05:16;00:09:27;441,1;410,7;44,6;34,2;26,0;547,7;41,2;0,1;1,01E-1;-541,2;20,00;3,0;3,0;38,50;-0,13;-0,075;4,2;5,50;0,764
569;04.07.2023;12:05:17;00:09:28;442,2;410,7;44,8;34,4;26,0;548,7;41,3;0,1;1,01E-1;-541,2;20,00;3,0;3,0;38,51;-0,13;-0,075;4,2;5,53;0,764
570;04.07.2023;12:05:18;00:09:29;444,4;414,3;44,8;34,4;26,0;550,7;41,3;0,1;1,01E-1;-541,2;20,00;3,0;3,0;38,50;-0,13;-0,077;4,2;5,53;0,767
571;04.07.2023;12:05:19;00:09:30;446,4;414,3;45,1;34,5;26,0;552,7;41,6;0,1;1,01E-1;-541,2;20,00;3,0;3,0;38,51;-0,13;-0,072;4,3;5,53;0,772
572;04.07.2023;12:05:20;00:09:31;447,5;417,7;45,1;34,5;25,9;553,7;41,5;0,1;1,01E-1;-541,2;20,00;3,0;3,0;38,50;-0,13;-0,074;4,2;5,54;0,771
573;04.07.2023;12:05:21;00:09:32;449,5;421,0;45,3;34,7;25,9;555,7;41,6;0,1;1,01E-1;-541,2;20,00;3,0;3,0;38,50;-0,14;-0,065;4,3;5,59;0,772
574;04.07.2023;12:05:22;00:09:33;451,8;421,0;45,5;34,7;25,9;557,8;41,8;0,1;1,01E-1;-541,2;20,00;3,0;3,0;38,50;-0,14;-0,067;4,3;5,54;0,775
575;04.07.2023;12:05:23;00:09:34;452,9;421,0;45,5;34,9;25,9;558,8;41,9;0,1;1,01E-1;-541,2;20,00;3,0;3,0;38,50;-0,13;-0,071;4,3;5,55;0,779
576;04.07.2023;12:05:24;00:09:35;454,8;424,4;45,5;34,9;26,0;560,8;41,9;0,1;1,01E-1;-541,2;20,00;3,0;3,0;38,50;-0,13;-0,067;4,3;5,59;0,781
577;04.07.2023;12:05:25;00:09:36;456,1;424,4;45,8;34,9;26,0;561,8;42,1;0,1;1,01E-1;-541,2;20,00;3,0;3,0;38,50;-0,14;-0,056;4,4;5,57;0,779
578;04.07.2023;12:05:26;00:09:37;458,3;427,7;45,8;35,1;26,0;563,8;42,1;0,1;1,01E-1;-541,2;20,00;3,0;3,0;38,50;-0,14;-0,071;4,3;5,60;0,783
579;04.07.2023;12:05:27;00:09:38;460,1;431,1;46,0;35,2;26,0;565,8;42,1;0,1;1,01E-1;-541,2;20,00;3,0;3,0;38,50;-0,14;-0,065;4,4;5,56;0,784
580;04.07.2023;12:05:28;00:09:39;461,2;431,1;46,0;35,2;26,0;566,8;42,2;0,1;1,01E-1;-541,2;20,00;3,0;3,0;38,49;-0,14;-0,071;4,4;5,57;0,783
581;04.07.2023;12:05:29;00:09:40;463,5;434,4;46,2;35,4;26,0;569,0;42,4;0,1;1,01E-1;-541,2;20,00;3,0;3,0;38,49;-0,14;-0,073;4,4;5,58;0,791
582;04.07.2023;12:05:30;00:09:41;465,7;434,4;46,2;35,4;26,0;571,0;42,6;0,1;1,02E-1;-541,2;20,00;3,0;3,0;38,49;-0,15;-0,076;4,4;5,60;0,791
583;04.07.2023;12:05:31;00:09:42;466,3;434,3;46,1;35,3;25,9;572,0;42,7;0,1;1,01E-1;-541,2;20,00;3,0;3,0;38,49;-0,14;-0,079;4,4;5,58;0,794
584;04.07.2023;12:05:32;00:09:43;468,8;437,9;46,3;35,5;26,0;574,0;42,7;0,1;1,02E-1;-541,2;20,00;3,0;3,0;38,49;-0,15;-0,074;4,5;5,60;0,795
585;04.07.2023;12:05:33;00:09:44;470,9;441,5;46,6;35,6;26,0;576,0;42,7;0,1;1,01E-1;-541,2;20,00;3,0;3,0;38,48;-0,15;-0,070;4,5;5,63;0,801
586;04.07.2023;12:05:34;00:09:45;472,0;441,5;46,6;35,6;25,9;577,0;42,8;0,1;1,02E-1;-541,2;20,00;3,0;3,0;38,49;-0,15;-0,071;4,5;5,59;0,798
587;04.07.2023;12:05:35;00:09:46;474,2;441,5;46,9;35,6;25,9;579,2;43,2;0,1;1,02E-1;-541,2;20,00;3,0;3,0;38,49;-0,15;-0,072;4,5;5,63;0,801
588;04.07.2023;12:05:36;00:09:47;476,5;445,2;46,9;35,8;26,0;581,2;43,1;0,1;1,02E-1;-541,2;20,00;3,0;3,0;38,48;-0,15;-0,069;4,5;5,64;0,801
589;04.07.2023;12:05:37;00:09:48;477,3;448,8;47,1;36,0;26,0;582,2;43,3;0,1;1,02E-1;-541,2;20,00;3,0;3,0;38,48;-0,16;-0,064;4,5;5,66;0,806
590;04.07.2023;12:05:38;00:09:49;479,6;448,8;47,1;36,0;26,0;584,2;43,3;0,1;1,02E-1;-541,2;20,00;3,0;3,0;38,48;-0,15;-0,062;4,5;5,64;0,806
591;04.07.2023;12:05:39;00:09:50;480,7;448,8;47,3;36,0;26,0;585,2;43,4;0,1;1,02E-1;-541,2;20,00;3,0;3,0;38,48;-0,16;-0,052;4,5;5,62;0,806
592;04.07.2023;12:05:40;00:09:51;482,8;452,2;47,3;36,2;26,0;587,2;43,4;0,1;1,02E-1;-541,2;20,00;3,0;3,0;38,48;-0,15;-0,054;4,6;5,66;0,809
593;04.07.2023;12:05:41;00:09:52;485,3;455,6;47,6;36,4;26,1;589,3;43,5;0,1;1,02E-1;-541,2;20,00;3,0;3,0;38,48;-0,15;-0,056;4,6;5,66;0,813
594;04.07.2023;12:05:42;00:09:53;486,3;455,6;47,6;36,4;26,1;590,3;43,6;0,1;1,02E-1;-541,2;20,00;3,0;3,0;38,48;-0,16;-0,054;4,6;5,64;0,812
595;04.07.2023;12:05:43;00:09:54;488,3;455,6;47,8;36,5;26,1;592,3;43,9;0,1;1,02E-1;-541,2;20,00;3,0;3,0;38,48;-0,15;-0,058;4,6;5,64;0,816
596;04.07.2023;12:05:44;00:09:55;490,4;459,0;47,8;36,5;26,1;594,3;43,9;0,1;1,02E-1;-541,2;20,00;3,0;3,0;38,48;-0,16;-0,051;4,6;5,65;0,816
597;04.07.2023;12:05:45;00:09:56;491,6;459,0;48,0;36,7;26,1;595,3;44,0;0,1;1,02E-1;-541,2;20,00;3,0;3,0;38,48;-0,16;-0,049;4,6;5,65;0,816
598;04.07.2023;12:05:46;00:09:57;493,6;462,4;48,0;36,7;26,2;597,3;44,0;0,1;1,02E-1;-541,2;20,00;3,0;2,9;38,48;-0,16;-0,041;4,6;5,65;0,816
599;04.07.2023;12:05:47;00:09:58;495,9;466,0;48,2;36,9;26,2;599,5;44,3;0,1;1,02E-1;-541,2;20,00;3,0;3,0;38,48;-0,16;-0,037;4,7;5,66;0,821
600;04.07.2023;12:05:48;00:09:59;497,1;466,0;48,2;36,9;26,2;600,5;44,2;0,1;1,02E-1;-541,2;20,00;3,0;3,0;38,47;-0,16;-0,037;4,7;5,67;0,824
601;04.07.2023;12:05:49;00:10:00;499,3;469,6;48,5;37,1;26,2;602,5;44,2;0,1;1,02E-1;-541,2;20,00;3,2;3,1;38,48;-0,16;-0,025;4,7;5,68;0,829
602;04.07.2023;12:05:50;00:10:01;501,5;469,6;48,5;37,1;26,2;604,5;44,4;0,1;1,02E-1;-541,2;20,00;3,4;3,2;38,48;-0,16;-0,005;4,7;5,70;0,830
603;04.07.2023;12:05:51;00:10:02;502,5;469,6;48,5;37,1;26,2;605,5;44,6;0,1;1,02E-1;-541,2;20,00;3,5;3,3;38,48;-0,16;0,019;4,7;5,70;0,831
604;04.07.2023;12:05:52;00:10:03;504,3;473,4;48,7;37,3;26,2;607,5;44,5;0,1;1,02E-1;-541,2;20,00;3,7;3,5;38,49;-0,14;0,087;4,8;5,67;0,832
605;04.07.2023;12:05:53;00:10:04;505,9;473,4;49,0;37,3;26,3;608,7;44,7;0,1;1,02E-1;-541,2;20,00;3,8;3,6;38,49;-0,14;0,139;4,8;5,71;0,836
606;04.07.2023;12:05:54;00:10:05;507,9;477,2;49,0;37,5;26,3;610,7;44,7;0,1;1,02E-1;-541,2;20,00;3,9;3,8;38,50;-0,14;0,229;4,8;5,70;0,840
607;04.07.2023;12:05:55;00:10:06;510,3;477,2;49,2;37,7;26,3;612,7;45,0;0,1;1,02E-1;-541,2;20,00;4,1;3,9;38,51;-0,12;0,288;4,8;5,68;0,844
608;04.07.2023;12:05:56;00:10:07;511,3;480,9;49,2;37,7;26,3;613,7;44,8;0,1;1,03E-1;-541,2;20,00;4,2;4,0;38,52;-0,12;0,318;4,8;5,71;0,844
609;04.07.2023;12:05:57;00:10:08;513,7;480,9;49,5;37,9;26,3;615,7;45,1;0,1;1,03E-1;-541,2;20,00;4,4;4,1;38,52;-0,11;0,370;4,8;5,70;0,848
610;04.07.2023;12:05:58;00:10:09;515,7;484,6;49,5;37,9;26,3;617,7;45,1;0,1;1,03E-1;-541,2;20,00;4,5;4,4;38,54;-0,10;0,418;4,9;5,69;0,850
611;04.07.2023;12:05:59;00:10:10;517,1;484,6;49,5;37,9;26,3;618,8;45,2;0,1;1,03E-1;-541,2;20,00;4,6;4,5;38,55;-0,09;0,454;4,9;5,73;0,855
612;04.07.2023;12:06:00;00:10:11;519,2;488,1;49,8;38,1;26,3;620,8;45,2;0,1;1,03E-1;-541,2;20,00;4,8;4,7;38,56;-0,07;0,500;4,9;5,72;0,855
613;04.07.2023;12:06:01;00:10:12;521,5;491,6;50,0;38,3;26,3;622,8;45,2;0,1;1,03E-1;-541,2;20,00;5,0;4,8;38,58;-0,06;0,560;4,9;5,75;0,860
614;04.07.2023;12:06:02;00:10:13;522,7;491,6;50,0;38,3;26,4;623,8;45,3;0,1;1,03E-1;-541,2;20,00;5,1;4,9;38,58;-0,05;0,587;4,9;5,75;0,860
615;04.07.2023;12:06:03;00:10:14;524,8;491,6;50,3;38,3;26,4;625,8;45,6;0,1;1,03E-1;-541,2;20,00;5,2;5,0;38,60;-0,04;0,650;5,0;5,72;0,868
616;04.07.2023;12:06:04;00:10:15;526,1;495,1;50,3;38,5;26,4;626,8;45,5;0,1;1,03E-1;-541,2;20,00;5,3;5,1;38,61;-0,03;0,690;5,0;5,75;0,869
617;04.07.2023;12:06:05;00:10:16;528,2;498,7;50,5;38,7;26,3;629,0;45,6;0,1;1,03E-1;-541,2;20,00;5,5;5,4;38,63;0,00;0,783;5,0;5,74;0,874
618;04.07.2023;12:06:06;00:10:17;530,5;498,7;50,5;38,7;26,3;631,0;45,8;0,1;1,04E-1;-541,2;20,00;5,7;5,6;38,66;0,01;0,878;5,0;5,76;0,875
619;04.07.2023;12:06:07;00:10:18;531,9;498,7;50,8;38,9;26,3;632,0;45,9;0,1;1,04E-1;-541,1;20,00;5,8;5,6;38,67;0,03;0,924;5,1;5,78;0,879
620;04.07.2023;12:06:08;00:10:19;534,2;502,3;50,8;38,9;26,4;634,0;45,9;0,1;1,04E-1;-541,2;20,00;5,9;5,9;38,70;0,05;1,044;5,1;5,75;0,883
621;04.07.2023;12:06:09;00:10:20;536,4;505,9;51,1;39,1;26,4;636,0;46,0;0,1;1,04E-1;-541,2;20,00;6,1;5,9;38,72;0,09;1,173;5,1;5,75;0,887
622;04.07.2023;12:06:10;00:10:21;537,5;505,9;51,1;39,1;26,4;637,0;46,0;0,1;1,04E-1;-541,2;20,00;6,2;6,1;38,74;0,10;1,245;5,1;5,76;0,889
623;04.07.2023;12:06:11;00:10:22;539,8;505,8;51,0;39,0;26,3;639,2;46,3;0,1;1,04E-1;-541,2;20,00;6,4;6,3;38,78;0,14;1,401;5,2;5,78;0,894
624;04.07.2023;12:06:12;00:10:23;542,4;509,7;51,3;39,2;26,3;641,2;46,3;0,1;1,05E-1;-541,2;20,00;6,6;6,4;38,82;0,19;1,542;5,1;5,74;0,894
625;04.07.2023;12:06:13;00:10:24;543,4;509,7;51,6;39,4;26,3;642,2;46,4;0,1;1,05E-1;-541,2;20,00;6,7;6,5;38,85;0,20;1,622;5,2;5,78;0,899
626;04.07.2023;12:06:14;00:10:25;545,8;513,7;51,6;39,4;26,4;644,2;46,4;0,1;1,05E-1;-541,2;20,00;6,8;6,7;38,88;0,25;1,774;5,2;5,80;0,904
627;04.07.2023;12:06:15;00:10:26;548,2;513,7;51,9;39,6;26,4;646,2;46,7;0,1;1,05E-1;-541,2;20,00;7,0;6,9;38,94;0,30;1,934;5,3;5,74;0,907
628;04.07.2023;12:06:16;00:10:27;549,3;517,7;51,9;39,6;26,4;647,2;46,5;0,1;1,05E-1;-541,2;20,00;7,1;6,9;38,96;0,32;2,015;5,3;5,80;0,910
629;04.07.2023;12:06:17;00:10:28;551,9;521,7;52,2;39,9;26,4;649,3;46,5;0,1;1,06E-1;-541,2;20,00;7,3;7,1;39,02;0,38;2,186;5,3;5,81;0,916
630;04.07.2023;12:06:18;00:10:29;553,1;521,7;52,2;39,9;26,4;650,3;46,6;0,1;1,06E-1;-541,2;20,00;7,4;7,2;39,05;0,41;2,275;5,3;5,75;0,914
631;04.07.2023;12:06:19;00:10:30;555,5;521,7;52,5;39,9;26,4;652,3;46,9;0,1;1,06E-1;-541,2;20,00;7,5;7,3;39,10;0,47;2,433;5,3;5,80;0,919
632;04.07.2023;12:06:20;00:10:31;557,8;525,6;52,5;40,1;26,5;654,3;46,8;0,1;1,06E-1;-541,2;20,00;7,7;7,5;39,17;0,52;2,580;5,3;5,78;0,926
633;04.07.2023;12:06:21;00:10:32;558,9;525,6;52,8;40,1;26,5;655,3;47,0;0,1;1,06E-1;-541,2;20,00;7,8;7,6;39,20;0,56;2,655;5,4;5,80;0,932
634;04.07.2023;12:06:22;00:10:33;561,4;529,5;52,8;40,3;26,5;657,3;46,9;0,1;1,07E-1;-541,2;20,00;8,0;7,8;39,26;0,62;2,828;5,4;5,75;0,933
635;04.07.2023;12:06:23;00:10:34;564,0;529,5;53,1;40,6;26,5;659,5;47,2;0,1;1,07E-1;-541,2;20,00;8,2;8,0;39,34;0,69;2,996;5,5;5,81;0,947
636;04.07.2023;12:06:24;00:10:35;565,2;533,5;53,1;40,6;26,5;660,5;47,0;0,1;1,07E-1;-541,2;20,00;8,2;8,1;39,37;0,73;3,068;5,5;5,82;0,947
637;04.07.2023;12:06:25;00:10:36;567,9;537,5;53,4;40,8;26,6;662,5;47,1;0,1;1,07E-1;-541,2;20,00;8,4;8,2;39,45;0,80;3,198;5,5;5,81;0,952
638;04.07.2023;12:06:26;00:10:37;570,2;537,5;53,4;40,8;26,6;664,5;47,2;0,1;1,07E-1;-541,2;20,00;8,6;8,4;39,52;0,88;3,344;5,5;5,79;0,957
639;04.07.2023;12:06:27;00:10:38;571,5;537,5;53,8;41,1;26,6;665,5;47,4;0,1;1,07E-1;-541,2;20,00;8,7;8,5;39,56;0,92;3,426;5,5;5,79;0,957
640;04.07.2023;12:06:28;00:10:39;574,2;541,5;53,8;41,1;26,6;667,5;47,3;0,1;1,07E-1;-541,2;20,00;8,9;8,6;39,63;1,00;3,582;5,6;5,79;0,962
641;04.07.2023;12:06:29;00:10:40;576,7;545,6;54,1;41,3;26,6;669,7;47,3;0,1;1,08E-1;-541,2;20,00;9,0;8,9;39,73;1,09;3,756;5,6;5,79;0,977
642;04.07.2023;12:06:30;00:10:41;578,1;545,6;54,1;41,3;26,6;670,7;47,4;0,1;1,08E-1;-541,2;20,00;9,1;9,0;39,78;1,13;3,849;5,6;5,79;0,976
643;04.07.2023;12:06:31;00:10:42;580,7;545,5;54,4;41,3;26,6;672,7;47,7;0,1;1,08E-1;-541,2;20,00;9,3;9,1;39,86;1,23;4,037;5,7;5,84;0,983
644;04.07.2023;12:06:32;00:10:43;582,4;550,0;54,4;41,5;26,6;673,7;47,5;0,1;1,08E-1;-541,2;20,00;9,4;9,2;39,92;1,27;4,138;5,8;5,84;0,987
645;04.07.2023;12:06:33;00:10:44;584,7;550,0;54,8;41,5;26,6;675,7;47,7;0,1;1,08E-1;-541,2;20,00;9,6;9,4;40,01;1,37;4,337;5,7;5,80;0,993
646;04.07.2023;12:06:34;00:10:45;587,2;554,6;54,8;41,8;26,6;677,7;47,6;0,1;1,08E-1;-541,2;20,00;9,7;9,6;40,13;1,48;4,587;5,8;5,85;0,999
647;04.07.2023;12:06:35;00:10:46;588,6;554,6;54,8;41,8;26,6;678,7;47,8;0,1;1,08E-1;-541,2;20,00;9,8;9,7;40,18;1,54;4,704;5,8;5,81;0,997
648;04.07.2023;12:06:36;00:10:47;591,6;559,3;55,2;42,1;26,6;680,8;47,7;0,1;1,08E-1;-541,2;20,00;10,0;9,8;40,30;1,66;5,004;5,8;5,80;1,005
649;04.07.2023;12:06:37;00:10:48;594,2;559,3;55,6;42,4;26,6;682,8;47,9;0,1;1,08E-1;-541,2;20,00;10,2;10,0;40,43;1,78;5,295;5,8;5,82;1,011
650;04.07.2023;12:06:38;00:10:49;595,6;564,1;55,6;42,4;26,7;683,8;47,9;0,1;1,08E-1;-541,2;20,00;10,3;10,1;40,49;1,85;5,428;5,9;5,78;1,012
651;04.07.2023;12:06:39;00:10:50;597,9;564,1;55,6;42,4;26,7;685,8;48,0;0,1;1,08E-1;-541,2;20,00;10,4;10,3;40,63;1,97;5,733;5,9;5,85;1,020
652;04.07.2023;12:06:40;00:10:51;600,4;568,5;56,0;42,7;26,6;687,8;47,8;0,1;1,08E-1;-541,2;20,00;10,6;10,4;40,76;2,12;6,020;5,9;5,80;1,021
653;04.07.2023;12:06:41;00:10:52;601,6;568,5;56,4;42,9;26,6;688,8;48,0;0,1;1,08E-1;-541,2;20,00;10,7;10,6;40,83;2,18;6,178;5,9;5,81;1,026
654;04.07.2023;12:06:42;00:10:53;604,5;572,9;56,4;42,9;26,7;691,0;47,9;0,1;1,07E-1;-541,2;20,00;10,9;10,7;41,00;2,34;6,514;6,0;5,87;1,031
655;04.07.2023;12:06:43;00:10:54;605,7;572,9;56,4;42,9;26,7;692,0;48,0;0,1;1,07E-1;-541,2;20,00;11,0;10,8;41,07;2,42;6,661;6,0;5,83;1,031
656;04.07.2023;12:06:44;00:10:55;608,0;577,3;56,8;43,2;26,7;694,0;47,9;0,1;1,07E-1;-541,2;20,00;11,1;11,0;41,22;2,57;6,951;6,0;5,81;1,032
657;04.07.2023;12:06:45;00:10:56;610,7;581,8;57,1;43,5;26,7;696,0;47,9;0,1;1,07E-1;-541,2;20,00;11,3;11,2;41,38;2,73;7,198;6,1;5,83;1,043
658;04.07.2023;12:06:46;00:10:57;612,0;581,8;57,1;43,5;26,7;697,0;48,0;0,1;1,07E-1;-541,2;20,00;11,4;11,3;41,46;2,81;7,334;6,0;5,80;1,040
659;04.07.2023;12:06:47;00:10:58;614,3;581,8;57,5;43,5;26,7;699,0;48,2;0,1;1,07E-1;-541,2;20,00;11,6;11,4;41,62;2,97;7,545;6,1;5,83;1,050
660;04.07.2023;12:06:48;00:10:59;616,8;586,3;57,5;43,7;26,8;701,2;48,1;0,1;1,07E-1;-541,2;20,00;11,8;11,6;41,79;3,15;7,715;6,1;5,79;1,053
661;04.07.2023;12:06:49;00:11:00;618,2;586,3;57,8;44,0;26,8;702,2;48,3;0,1;1,07E-1;-541,2;20,00;11,9;11,7;41,87;3,22;7,774;6,1;5,83;1,055
662;04.07.2023;12:06:50;00:11:01;620,4;590,8;57,8;44,0;26,8;704,2;48,2;0,1;1,07E-1;-541,2;20,00;12,0;11,8;42,02;3,38;7,832;6,1;5,81;1,056
663;04.07.2023;12:06:51;00:11:02;622,9;590,8;58,1;44,3;26,8;706,2;48,4;0,1;1,06E-1;-541,2;20,00;12,2;12,0;42,18;3,53;7,806;6,2;5,82;1,068
664;04.07.2023;12:06:52;00:11:03;624,2;595,6;58,1;44,3;26,8;707,2;48,2;0,1;1,06E-1;-541,2;20,00;12,3;12,1;42,25;3,61;7,764;6,2;5,82;1,069
665;04.07.2023;12:06:53;00:11:04;626,5;595,6;58,4;44,3;26,8;709,2;48,4;0,1;1,06E-1;-541,2;20,00;12,5;12,2;42,40;3,74;7,657;6,2;5,80;1,071
666;04.07.2023;12:06:54;00:11:05;629,0;600,5;58,4;44,6;26,8;711,3;48,3;0,1;1,06E-1;-541,2;20,00;12,6;12,4;42,55;3,90;7,483;6,3;5,81;1,077
667;04.07.2023;12:06:55;00:11:06;630,5;600,5;58,4;44,6;26,8;712,3;48,4;0,1;1,06E-1;-541,2;20,00;12,7;12,5;42,61;3,97;7,378;6,3;5,81;1,079
668;04.07.2023;12:06:56;00:11:07;632,9;605,4;58,8;44,9;26,8;714,3;48,3;0,1;1,05E-1;-541,2;20,00;12,9;12,7;42,74;4,09;7,147;6,3;5,84;1,079
669;04.07.2023;12:06:57;00:11:08;633,9;605,4;59,1;44,9;26,8;715,3;48,4;0,1;1,05E-1;-541,2;20,00;13,0;12,9;42,80;4,16;7,012;6,3;5,85;1,084
670;04.07.2023;12:06:58;00:11:09;636,5;610,3;59,1;45,2;26,8;717,3;48,4;0,1;1,05E-1;-541,2;20,00;13,2;13,0;42,92;4,27;6,743;6,4;5,84;1,094
671;04.07.2023;12:06:59;00:11:10;639,0;610,3;59,3;45,2;26,8;719,3;48,5;0,1;1,05E-1;-541,2;20,00;13,3;13,2;43,03;4,39;6,466;6,4;5,81;1,095
672;04.07.2023;12:07:00;00:11:11;640,0;614,9;59,3;45,4;26,8;720,5;48,3;0,1;1,04E-1;-541,2;20,00;13,4;13,3;43,09;4,45;6,307;6,3;5,82;1,096
673;04.07.2023;12:07:01;00:11:12;642,3;619,4;59,6;45,7;26,8;722,5;48,3;0,1;1,04E-1;-541,2;20,00;13,6;13,4;43,20;4,55;6,035;6,4;5,82;1,100
674;04.07.2023;12:07:02;00:11:13;644,9;619,4;59,6;45,7;26,9;724,5;48,4;0,1;1,04E-1;-541,2;20,00;13,8;13,7;43,30;4,66;5,764;6,4;5,82;1,103
675;04.07.2023;12:07:03;00:11:14;646,0;619,4;59,9;45,7;26,9;725,5;48,6;0,1;1,04E-1;-541,2;20,00;13,9;13,7;43,35;4,70;5,652;6,4;5,86;1,106
676;04.07.2023;12:07:04;00:11:15;648,4;624,0;59,9;46,0;26,9;727,5;48,4;0,1;1,04E-1;-541,2;20,00;14,0;13,8;43,44;4,81;5,412;6,4;5,84;1,108
677;04.07.2023;12:07:05;00:11:16;650,7;628,6;60,1;46,3;26,9;729,5;48,3;0,1;1,03E-1;-541,2;20,00;14,2;14,0;43,54;4,89;5,176;6,5;5,87;1,114
678;04.07.2023;12:07:06;00:11:17;651,9;628,6;60,1;46,3;26,9;730,7;48,4;0,1;1,03E-1;-541,2;20,00;14,3;14,2;43,58;4,94;5,040;6,5;5,82;1,112
679;04.07.2023;12:07:07;00:11:18;654,6;628,6;60,3;46,6;26,9;732,7;48,7;0,1;1,03E-1;-541,2;20,00;14,5;14,3;43,67;5,02;4,773;6,5;5,85;1,117
680;04.07.2023;12:07:08;00:11:19;655,8;633,1;60,3;46,6;26,9;733,7;48,5;0,1;1,03E-1;-541,2;20,00;14,6;14,4;43,70;5,06;4,656;6,5;5,84;1,118
681;04.07.2023;12:07:09;00:11:20;658,3;633,1;60,6;46,9;26,9;735,7;48,7;0,1;1,03E-1;-541,2;20,00;14,8;14,6;43,78;5,14;4,430;6,5;5,84;1,118
682;04.07.2023;12:07:10;00:11:21;661,0;637,6;60,6;46,9;26,9;737,7;48,6;0,1;1,03E-1;-541,2;20,00;14,9;14,8;43,85;5,21;4,178;6,5;5,86;1,117
683;04.07.2023;12:07:11;00:11:22;662,3;637,6;60,5;46,8;26,9;738,7;48,7;0,1;1,03E-1;-541,2;20,00;15,0;14,9;43,88;5,24;4,063;6,5;5,81;1,119
684;04.07.2023;12:07:12;00:11:23;665,1;642,4;60,7;47,1;26,9;740,8;48,6;0,1;1,03E-1;-541,2;20,00;15,2;15,1;43,95;5,31;3,801;6,6;5,86;1,119
685;04.07.2023;12:07:13;00:11:24;668,1;642,4;60,9;47,4;26,9;742,8;48,8;0,1;1,03E-1;-541,2;20,00;15,4;15,2;44,01;5,37;3,572;6,5;5,84;1,120
686;04.07.2023;12:07:14;00:11:25;669,0;647,1;60,9;47,4;26,9;743,8;49,0;0,1;1,03E-1;-541,2;20,00;15,5;15,4;44,04;5,40;3,472;6,5;5,85;1,126
687;04.07.2023;12:07:15;00:11:26;672,1;647,1;60,9;47,4;27,0;745,8;48,8;0,1;1,02E-1;-541,2;20,00;15,6;15,5;44,09;5,45;3,243;6,5;5,82;1,120
688;04.07.2023;12:07:16;00:11:27;675,0;652,0;61,1;47,8;27,0;747,8;48,6;0,1;1,02E-1;-541,2;20,00;15,8;15,6;44,14;5,50;3,024;6,5;5,80;1,123
689;04.07.2023;12:07:17;00:11:28;676,5;652,0;61,3;47,8;27,0;748,8;48,8;0,1;1,02E-1;-541,2;20,00;15,9;15,8;44,16;5,53;2,920;6,5;5,84;1,121
690;04.07.2023;12:07:18;00:11:29;679,7;656,8;61,3;48,1;27,0;750,0;48,6;0,1;1,02E-1;-541,2;20,00;16,1;15,9;44,21;5,58;2,709;6,5;5,84;1,123
691;04.07.2023;12:07:19;00:11:30;682,3;656,8;61,5;48,4;27,0;750,0;48,7;0,1;1,02E-1;-541,2;20,00;16,2;16,1;44,25;5,61;2,513;6,6;5,80;1,122
692;04.07.2023;12:07:20;00:11:31;684,1;661,5;61,5;48,4;27,1;750,0;48,3;0,1;1,02E-1;-541,2;20,00;16,2;16,1;44,26;5,63;2,409;6,5;5,82;1,123
693;04.07.2023;12:07:21;00:11:32;686,8;661,5;61,6;48,7;27,1;750,0;48,4;0,1;1,02E-1;-541,2;20,00;16,4;16,2;44,30;5,66;2,217;6,5;5,84;1,116
694;04.07.2023;12:07:22;00:11:33;688,2;661,5;61,6;48,7;27,1;750,0;48,4;0,1;1,02E-1;-541,2;20,00;16,4;16,2;44,31;5,68;2,123;6,5;5,79;1,118
695;04.07.2023;12:07:23;00:11:34;690,9;666,2;61,6;48,7;27,1;750,0;48,0;0,1;1,02E-1;-541,2;20,00;16,5;16,4;44,35;5,71;1,954;6,5;5,81;1,114
696;04.07.2023;12:07:24;00:11:35;694,5;670,9;61,7;49,0;27,1;750,0;47,7;0,1;1,02E-1;-541,2;20,00;16,7;16,5;44,38;5,74;1,780;6,4;5,81;1,112
697;04.07.2023;12:07:25;00:11:36;695,8;670,9;61,9;49,0;27,1;750,0;47,7;0,1;1,02E-1;-541,2;20,00;16,7;16,6;44,39;5,75;1,702;6,4;5,73;1,110
698;04.07.2023;12:07:26;00:11:37;698,6;675,5;61,9;49,3;27,1;750,0;47,4;0,1;1,02E-1;-541,2;20,00;16,9;16,7;44,41;5,77;1,570;6,3;5,77;1,101
699;04.07.2023;12:07:27;00:11:38;700,9;675,5;62,0;49,3;27,1;750,0;47,5;0,1;1,02E-1;-541,2;20,00;17,0;16,8;44,43;5,80;1,459;6,4;5,74;1,103
700;04.07.2023;12:07:28;00:11:39;702,4;679,8;62,0;49,6;27,2;750,0;47,1;0,1;1,02E-1;-541,2;20,00;17,0;16,9;44,45;5,81;1,409;6,4;5,75;1,104
701;04.07.2023;12:07:29;00:11:40;704,7;684,0;62,1;49,8;27,2;750,0;47,2;0,1;1,02E-1;-541,2;20,00;17,2;17,1;44,46;5,83;1,299;6,4;5,73;1,099
702;04.07.2023;12:07:30;00:11:41;707,2;684,0;62,1;49,8;27,2;750,0;46,9;0,1;1,02E-1;-541,2;20,00;17,3;17,2;44,49;5,85;1,187;6,3;5,73;1,094
703;04.07.2023;12:07:31;00:11:42;708,0;683,9;62,0;49,8;27,1;750,0;46,9;0,1;1,02E-1;-541,2;20,00;17,3;17,3;44,50;5,86;1,146;6,3;5,75;1,094
704;04.07.2023;12:07:32;00:11:43;710,2;688,2;62,1;50,1;27,1;750,0;46,6;0,1;1,02E-1;-541,2;20,00;17,5;17,4;44,51;5,88;1,056;6,2;5,73;1,090
705;04.07.2023;12:07:33;00:11:44;711,8;688,2;62,1;50,1;27,1;750,0;46,6;0,1;1,02E-1;-541,2;20,00;17,6;17,4;44,53;5,89;0,981;6,2;5,71;1,089
706;04.07.2023;12:07:34;00:11:45;712,7;692,3;62,1;50,4;27,1;750,0;46,5;0,1;1,02E-1;-541,2;20,00;17,6;17,5;44,53;5,90;0,953;6,3;5,75;1,094
707;04.07.2023;12:07:35;00:11:46;714,2;692,3;62,1;50,4;27,1;750,0;46,4;0,1;1,02E-1;-541,2;20,00;17,8;17,7;44,56;5,92;0,894;6,2;5,72;1,089
708;04.07.2023;12:07:36;00:11:47;715,0;696,2;62,2;50,7;27,1;750,0;46,1;0,1;1,02E-1;-541,2;20,00;17,8;17,7;44,56;5,93;0,866;6,2;5,74;1,089
709;04.07.2023;12:07:37;00:11:48;716,3;696,2;62,2;50,7;27,2;750,0;46,1;0,1;1,02E-1;-541,2;20,00;18,0;17,8;44,57;5,94;0,806;6,2;5,68;1,079
710;04.07.2023;12:07:38;00:11:49;717,8;699,9;62,2;50,9;27,2;750,0;45,8;0,1;1,01E-1;-541,2;20,00;18,1;18,0;44,59;5,95;0,764;6,2;5,70;1,084
711;04.07.2023;12:07:39;00:11:50;718,4;699,9;62,2;50,9;27,2;750,0;45,8;0,1;1,01E-1;-541,2;20,00;18,1;18,0;44,59;5,96;0,733;6,1;5,69;1,076
712;04.07.2023;12:07:40;00:11:51;719,8;703,2;62,3;51,2;27,2;750,0;45,6;0,1;1,01E-1;-541,2;20,00;18,3;18,2;44,61;5,97;0,691;6,1;5,64;1,075
713;04.07.2023;12:07:41;00:11:52;720,9;703,2;62,3;51,5;27,2;750,0;45,6;0,1;1,01E-1;-541,2;20,00;18,4;18,2;44,61;5,98;0,650;6,1;5,71;1,074
714;04.07.2023;12:07:42;00:11:53;721,6;706,2;62,3;51,5;27,2;750,0;45,6;0,1;1,01E-1;-541,2;20,00;18,4;18,3;44,62;5,98;0,637;6,1;5,70;1,075
715;04.07.2023;12:07:43;00:11:54;722,6;706,2;62,3;51,5;27,3;750,0;45,4;0,1;1,01E-1;-541,2;20,00;18,6;18,4;44,63;5,99;0,602;6,1;5,65;1,072
716;04.07.2023;12:07:44;00:11:55;723,8;709,1;62,3;51,7;27,3;750,0;45,2;0,1;1,01E-1;-541,2;20,00;18,7;18,5;44,64;6,01;0,580;6,0;5,62;1,065
717;04.07.2023;12:07:45;00:11:56;724,1;709,1;62,3;52,0;27,3;750,0;45,2;0,1;1,01E-1;-541,2;20,00;18,7;18,6;44,65;6,01;0,575;6,0;5,66;1,067
718;04.07.2023;12:07:46;00:11:57;725,1;711,7;62,3;52,0;27,3;750,0;45,0;0,1;1,00E-1;-541,2;20,00;18,9;18,8;44,66;6,03;0,557;6,0;5,63;1,062
719;04.07.2023;12:07:47;00:11:58;725,5;711,7;62,3;52,0;27,3;750,0;45,0;0,1;1,00E-1;-541,2;20,00;18,9;18,8;44,66;6,02;0,556;6,0;5,65;1,065
720;04.07.2023;12:07:48;00:11:59;726,6;714,2;62,3;52,2;27,3;750,0;44,8;0,1;1,00E-1;-541,2;20,00;19,1;18,9;44,68;6,04;0,555;6,0;5,64;1,065
721;04.07.2023;12:07:49;00:12:00;727,3;716,5;62,3;52,5;27,3;750,0;44,7;0,1;1,00E-1;-541,2;20,00;19,2;19,0;44,68;6,05;0,532;6,0;5,67;1,065
722;04.07.2023;12:07:50;00:12:01;727,7;716,5;62,3;52,5;27,3;750,0;44,7;0,1;9,99E-2;-541,2;20,00;19,2;19,1;44,69;6,05;0,526;6,0;5,63;1,060
723;04.07.2023;12:07:51;00:12:02;728,5;716,5;62,3;52,5;27,3;750,0;44,7;0,1;9,98E-2;-541,2;20,00;19,4;19,1;44,70;6,07;0,514;6,0;5,64;1,060
724;04.07.2023;12:07:52;00:12:03;729,3;718,8;62,3;52,7;27,3;750,0;44,5;0,1;9,96E-2;-541,2;20,00;19,5;19,3;44,71;6,07;0,514;6,0;5,63;1,058
725;04.07.2023;12:07:53;00:12:04;729,3;718,8;62,3;52,7;27,3;750,0;44,6;0,1;9,94E-2;-541,2;20,00;19,5;19,4;44,71;6,08;0,510;5,9;5,61;1,057
726;04.07.2023;12:07:54;00:12:05;730,1;720,8;62,3;53,0;27,4;750,0;44,4;0,1;9,92E-2;-541,2;20,00;19,7;19,5;44,72;6,09;0,495;5,9;5,62;1,060
727;04.07.2023;12:07:55;00:12:06;730,7;720,8;62,2;53,2;27,4;750,0;44,4;0,1;9,91E-2;-541,2;20,00;19,8;19,7;44,74;6,10;0,497;5,9;5,60;1,056
728;04.07.2023;12:07:56;00:12:07;730,5;722,8;62,2;53,2;27,4;750,0;44,3;0,1;9,89E-2;-541,2;20,00;19,8;19,7;44,74;6,10;0,493;5,9;5,64;1,051
729;04.07.2023;12:07:57;00:12:08;731,2;722,8;62,2;53,4;27,4;750,0;44,3;0,1;9,87E-2;-541,2;20,00;20,0;19,8;44,75;6,11;0,442;5,9;5,60;1,055
730;04.07.2023;12:07:58;00:12:09;731,5;724,6;62,2;53,4;27,4;750,0;44,2;0,1;9,85E-2;-541,2;20,00;20,1;19,9;44,76;6,12;0,460;5,9;5,58;1,054
731;04.07.2023;12:07:59;00:12:10;731,5;724,6;62,2;53,4;27,4;750,0;44,2;0,1;9,84E-2;-541,2;20,00;20,1;20,0;44,77;6,13;0,494;5,9;5,58;1,055
732;04.07.2023;12:08:00;00:12:11;732,1;726,1;62,2;53,6;27,4;750,0;44,1;0,1;9,81E-2;-541,2;20,00;20,3;20,2;44,78;6,14;0,518;5,9;5,57;1,052
733;04.07.2023;12:08:01;00:12:12;732,3;726,1;62,1;53,6;27,4;750,0;44,1;0,1;9,80E-2;-541,2;20,00;20,3;20,2;44,78;6,14;0,507;5,9;5,60;1,050
734;04.07.2023;12:08:02;00:12:13;732,7;727,5;62,1;53,8;27,5;750,0;44,0;0,1;9,77E-2;-541,2;20,00;20,5;20,3;44,79;6,15;0,489;5,9;5,56;1,049
735;04.07.2023;12:08:03;00:12:14;732,7;727,5;62,1;53,8;27,5;750,0;44,0;0,1;9,75E-2;-541,2;20,00;20,6;20,4;44,79;6,16;0,481;5,8;5,59;1,048
736;04.07.2023;12:08:04;00:12:15;732,8;728,8;62,1;54,0;27,5;750,0;43,9;0,1;9,74E-2;-541,2;20,00;20,6;20,5;44,80;6,16;0,483;5,9;5,55;1,050
737;04.07.2023;12:08:05;00:12:16;733,4;728,8;62,1;54,2;27,5;750,0;43,9;0,1;9,71E-2;-541,2;20,00;20,8;20,7;44,81;6,18;0,470;5,8;5,57;1,047
738;04.07.2023;12:08:06;00:12:17;733,7;730,0;62,1;54,2;27,5;750,0;43,8;0,1;9,68E-2;-541,2;20,00;20,9;20,8;44,82;6,19;0,461;5,8;5,58;1,049
739;04.07.2023;12:08:07;00:12:18;733,7;730,0;62,1;54,2;27,5;750,0;43,8;0,1;9,67E-2;-541,2;20,00;20,9;20,9;44,83;6,19;0,465;5,9;5,58;1,046
740;04.07.2023;12:08:08;00:12:19;734,2;731,1;62,0;54,4;27,5;750,0;43,7;0,1;9,64E-2;-541,2;20,00;21,1;20,9;44,83;6,20;0,448;5,8;5,57;1,046
741;04.07.2023;12:08:09;00:12:20;734,3;731,1;62,0;54,6;27,5;750,0;43,8;0,1;9,62E-2;-541,2;20,00;21,2;21,0;44,85;6,21;0,447;5,8;5,55;1,048
742;04.07.2023;12:08:10;00:12:21;734,4;732,1;62,0;54,6;27,5;750,0;43,8;0,1;9,60E-2;-541,2;20,00;21,2;21,0;44,84;6,21;0,450;5,8;5,58;1,047
743;04.07.2023;12:08:11;00:12:22;734,7;732,0;62,0;54,5;27,4;750,0;43,7;0,1;9,57E-2;-541,2;20,00;21,4;21,2;44,86;6,22;0,445;5,8;5,57;1,045
744;04.07.2023;12:08:12;00:12:23;734,9;732,9;61,8;54,7;27,4;750,0;43,7;0,1;9,54E-2;-541,2;20,00;21,5;21,3;44,87;6,23;0,446;5,9;5,60;1,046
745;04.07.2023;12:08:13;00:12:24;734,8;732,9;61,8;54,7;27,4;750,0;43,6;0,1;9,53E-2;-541,2;20,00;21,6;21,4;44,87;6,24;0,441;5,8;5,59;1,045
746;04.07.2023;12:08:14;00:12:25;735,1;733,8;61,8;54,9;27,4;750,0;43,6;0,1;9,51E-2;-541,2;20,00;21,7;21,5;44,88;6,24;0,444;5,9;5,56;1,050
747;04.07.2023;12:08:15;00:12:26;735,2;733,8;61,8;54,9;27,4;750,0;43,6;0,1;9,49E-2;-541,2;20,00;21,7;21,6;44,88;6,25;0,444;5,8;5,59;1,047
748;04.07.2023;12:08:16;00:12:27;735,5;734,5;61,7;55,0;27,4;750,0;43,5;0,1;9,46E-2;-541,2;20,00;21,9;21,8;44,89;6,25;0,444;5,8;5,56;1,045
749;04.07.2023;12:08:17;00:12:28;735,7;734,5;61,7;55,0;27,5;750,0;43,5;0,1;9,44E-2;-541,2;20,00;22,0;21,9;44,90;6,27;0,436;5,8;5,59;1,045
750;04.07.2023;12:08:18;00:12:29;735,6;734,5;61,7;55,2;27,5;749,3;43,5;0,1;9,42E-2;-541,2;20,00;22,0;22,0;44,89;6,27;0,446;4,4;1,85;0,358
751;04.07.2023;12:08:19;00:12:30;732,1;735,2;61,7;55,2;27,5;746,1;43,4;0,1;9,39E-2;-541,2;20,00;22,0;22,0;44,91;6,28;0,373;0,0;0,01;0,044
752;04.07.2023;12:08:20;00:12:31;728,0;735,7;61,7;55,4;27,5;743,2;43,6;0,1;9,34E-2;-541,2;20,00;22,0;21,9;44,93;6,30;0,498;0,0;0,01;0,044
753;04.07.2023;12:08:21;00:12:32;725,4;735,7;61,6;55,4;27,4;741,7;43,6;0,1;9,33E-2;-541,2;20,00;22,0;21,9;44,94;6,31;0,566;0,0;0,01;0,044
754;04.07.2023;12:08:22;00:12:33;720,5;735,5;61,6;55,5;27,3;738,8;43,8;0,1;9,28E-2;-541,2;20,00;22,0;21,9;44,96;6,32;0,666;0,0;0,01;0,044
755;04.07.2023;12:08:23;00:12:34;715,0;735,5;61,4;55,5;27,3;735,9;44,1;0,1;9,23E-2;-541,2;20,00;22,0;22,0;44,97;6,34;0,706;0,0;0,01;0,044
756;04.07.2023;12:08:24;00:12:35;711,6;734,3;61,4;55,6;27,1;734,4;44,2;0,1;9,21E-2;-541,2;20,00;22,0;22,0;44,98;6,34;0,710;0,0;0,01;0,044
757;04.07.2023;12:08:25;00:12:36;705,5;734,3;61,1;55,8;27,1;731,3;44,5;0,1;9,15E-2;-541,2;20,00;22,0;21,9;44,99;6,35;0,684;0,0;0,01;0,044
758;04.07.2023;12:08:26;00:12:37;702,1;734,3;61,1;55,8;27,1;729,8;44,7;0,1;9,12E-2;-541,2;20,00;22,0;22,0;45,00;6,36;0,669;0,0;0,01;0,044
759;04.07.2023;12:08:27;00:12:38;696,4;731,6;61,1;55,8;26,9;726,9;45,0;0,1;9,08E-2;-541,2;20,00;22,0;22,0;45,00;6,37;0,625;0,0;0,01;0,044
760;04.07.2023;12:08:28;00:12:39;689,8;727,2;60,6;55,9;26,7;724,0;45,3;0,1;9,05E-2;-541,2;20,00;22,0;22,1;45,01;6,38;0,581;0,0;0,01;0,044
761;04.07.2023;12:08:29;00:12:40;686,8;727,2;60,6;55,9;26,7;722,5;45,5;0,1;9,01E-2;-541,2;20,00;22,0;22,1;45,02;6,38;0,560;0,0;0,01;0,044
762;04.07.2023;12:08:30;00:12:41;680,6;721,3;60,2;55,9;26,6;719,6;45,8;0,1;8,96E-2;-541,2;20,00;22,0;22,0;45,03;6,39;0,514;0,0;0,01;0,044
763;04.07.2023;12:08:31;00:12:42;674,4;721,3;59,6;55,9;26,6;716,4;46,1;0,1;8,89E-2;-541,2;20,00;22,0;22,1;45,04;6,40;0,472;0,0;0,01;0,044
764;04.07.2023;12:08:32;00:12:43;671,0;721,3;59,6;56,0;26,6;715,0;46,3;0,1;8,87E-2;-541,2;20,00;22,0;22,1;45,04;6,40;0,456;0,0;0,01;0,044
765;04.07.2023;12:08:33;00:12:44;665,0;713,4;59,6;56,0;26,6;712,0;46,6;0,1;8,81E-2;-541,2;20,00;22,0;22,0;45,05;6,41;0,431;0,0;0,01;0,044
766;04.07.2023;12:08:34;00:12:45;658,7;704,7;59,0;56,0;26,5;709,1;47,0;0,1;8,75E-2;-541,2;20,00;22,0;22,1;45,05;6,42;0,412;0,0;0,01;0,044
767;04.07.2023;12:08:35;00:12:46;655,9;704,7;59,0;56,0;26,5;707,7;47,1;0,1;8,72E-2;-541,2;20,00;22,0;22,0;45,06;6,42;0,402;0,0;0,01;0,044
768;04.07.2023;12:08:36;00:12:47;649,7;695,3;58,4;56,0;26,5;704,7;47,4;0,1;8,66E-2;-541,2;20,00;22,0;22,0;45,06;6,43;0,376;0,0;0,01;0,044
769;04.07.2023;12:08:37;00:12:48;643,4;695,3;57,8;56,0;26,5;701,6;47,8;0,1;8,60E-2;-541,2;20,00;22,0;22,0;45,07;6,43;0,359;0,0;0,01;0,044
770;04.07.2023;12:08:38;00:12:49;640,3;685,5;57,8;55,9;26,5;700,1;48,0;0,1;8,57E-2;-541,2;20,00;22,0;21,9;45,07;6,44;0,352;0,0;0,01;0,044
771;04.07.2023;12:08:39;00:12:50;634,5;685,5;57,8;55,9;26,5;697,2;48,2;0,1;8,52E-2;-541,2;20,00;22,0;22,0;45,08;6,44;0,340;0,0;0,01;0,044
772;04.07.2023;12:08:40;00:12:51;631,9;676,2;57,3;55,9;26,5;695,7;48,4;0,1;8,49E-2;-541,2;20,00;22,0;22,0;45,08;6,45;0,337;0,0;0,01;0,044
773;04.07.2023;12:08:41;00:12:52;626,2;676,2;56,7;55,8;26,5;692,8;48,7;0,1;8,43E-2;-541,2;20,00;22,0;22,0;45,09;6,45;0,322;0,0;0,01;0,044
774;04.07.2023;12:08:42;00:12:53;620,2;666,8;56,7;55,8;26,5;689,9;49,0;0,1;8,37E-2;-541,2;20,00;22,0;22,0;45,09;6,46;0,313;0,0;0,01;0,044
775;04.07.2023;12:08:43;00:12:54;617,1;666,8;56,7;55,8;26,5;688,2;49,2;0,1;8,34E-2;-541,2;20,00;22,0;22,0;45,10;6,46;0,308;0,0;0,01;0,044
776;04.07.2023;12:08:44;00:12:55;611,3;657,4;56,1;55,7;26,5;685,3;49,5;0,1;8,28E-2;-541,2;20,00;22,0;22,0;45,10;6,47;0,297;0,0;0,01;0,044
777;04.07.2023;12:08:45;00:12:56;605,2;657,4;55,5;55,6;26,5;682,4;49,9;0,1;8,23E-2;-541,2;20,00;22,0;22,0;45,11;6,47;0,292;0,0;0,01;0,044
778;04.07.2023;12:08:46;00:12:57;602,7;648,0;55,5;55,6;26,5;680,9;50,0;0,1;8,20E-2;-541,2;20,00;22,0;22,0;45,11;6,47;0,289;0,0;0,01;0,044
779;04.07.2023;12:08:47;00:12:58;596,8;648,0;55,5;55,6;26,5;678,0;50,3;0,1;8,14E-2;-541,2;20,00;22,0;22,0;45,12;6,48;0,277;0,0;0,00;0,044
780;04.07.2023;12:08:48;00:12:59;591,8;638,7;55,0;55,4;26,5;675,1;50,6;0,1;8,08E-2;-541,2;20,00;22,0;22,0;45,12;6,48;0,271;0,0;0,01;0,044
781;04.07.2023;12:08:49;00:13:00;588,3;638,7;54,4;55,2;26,5;673,3;50,8;0,1;8,06E-2;-541,2;20,00;22,0;22,0;45,12;6,49;0,263;0,0;0,01;0,044
782;04.07.2023;12:08:50;00:13:01;583,1;629,5;54,4;55,2;26,5;670,4;51,1;0,1;8,01E-2;-541,2;20,00;22,0;21,9;45,13;6,49;0,252;0,0;0,01;0,044
783;04.07.2023;12:08:51;00:13:02;577,6;629,5;53,7;55,2;26,4;667,5;51,4;0,1;7,95E-2;-541,2;20,00;22,0;22,0;45,13;6,50;0,244;0,0;0,00;0,044
784;04.07.2023;12:08:52;00:13:03;574,9;629,5;53,7;55,2;26,4;666,0;51,5;0,1;7,92E-2;-541,2;20,00;22,0;22,0;45,14;6,50;0,248;0,0;0,01;0,044
785;04.07.2023;12:08:53;00:13:04;569,4;619,3;53,7;54,9;26,4;663,1;51,8;0,1;7,88E-2;-541,2;20,00;22,0;22,1;45,14;6,51;0,247;0,0;0,01;0,044
786;04.07.2023;12:08:54;00:13:05;566,7;619,3;53,1;54,7;26,4;661,7;52,0;0,1;7,85E-2;-541,2;20,00;22,0;22,0;45,14;6,51;0,249;0,0;0,01;0,044
787;04.07.2023;12:08:55;00:13:06;561,1;609,3;53,1;54,7;26,4;658,5;52,3;0,1;7,80E-2;-541,2;20,00;22,0;22,0;45,15;6,51;0,240;0,0;0,01;0,044
788;04.07.2023;12:08:56;00:13:07;555,8;599,4;52,5;54,4;26,4;655,6;52,6;0,1;7,76E-2;-541,2;20,00;22,0;22,1;45,15;6,52;0,239;0,0;0,01;0,044
789;04.07.2023;12:08:57;00:13:08;552,9;599,4;52,5;54,4;26,4;654,1;52,8;0,1;7,74E-2;-541,2;20,00;22,0;22,1;45,15;6,52;0,238;0,0;0,00;0,044
790;04.07.2023;12:08:58;00:13:09;548,1;589,6;51,9;54,1;26,4;651,2;53,0;0,1;7,69E-2;-541,2;20,00;22,0;21,9;45,16;6,52;0,229;0,0;0,01;0,044
791;04.07.2023;12:08:59;00:13:10;542,7;589,6;51,3;54,1;26,4;648,3;53,3;0,1;7,66E-2;-541,2;20,00;22,0;22,0;45,16;6,53;0,224;0,0;0,01;0,044
792;04.07.2023;12:09:00;00:13:11;540,4;589,6;51,3;53,8;26,4;646,8;53,5;0,1;7,64E-2;-541,2;20,00;22,0;21,9;45,17;6,53;0,220;0,0;0,01;0,044
793;04.07.2023;12:09:01;00:13:12;534,9;580,9;51,3;53,8;26,4;643,7;53,8;0,1;7,60E-2;-541,2;20,00;22,0;22,0;45,17;6,53;0,220;0,0;0,01;0,044
794;04.07.2023;12:09:02;00:13:13;529,9;572,3;50,8;53,5;26,4;640,7;54,1;0,1;7,56E-2;-541,2;20,00;22,0;21,9;45,17;6,54;0,216;0,0;0,00;0,044
795;04.07.2023;12:09:03;00:13:14;526,8;572,3;50,8;53,5;26,4;639,3;54,2;0,1;7,54E-2;-541,2;20,00;22,0;22,0;45,18;6,54;0,215;0,0;0,01;0,044
796;04.07.2023;12:09:04;00:13:15;522,4;563,8;50,3;53,2;26,4;636,4;54,5;0,1;7,50E-2;-541,2;20,00;22,0;22,1;45,18;6,54;0,210;0,0;0,01;0,044
797;04.07.2023;12:09:05;00:13:16;519,2;563,8;50,3;53,2;26,4;634,9;54,7;0,1;7,49E-2;-541,2;20,00;22,0;22,0;45,18;6,55;0,204;0,0;0,01;0,044
798;04.07.2023;12:09:06;00:13:17;514,8;555,4;49,8;52,8;26,4;632,0;54,9;0,1;7,45E-2;-541,2;20,00;22,0;22,0;45,19;6,55;0,204;0,0;0,01;0,044
799;04.07.2023;12:09:07;00:13:18;509,4;555,4;49,8;52,8;26,4;628,8;55,3;0,1;7,41E-2;-541,2;20,00;22,0;22,0;45,19;6,55;0,202;0,0;0,01;0,044
800;04.07.2023;12:09:08;00:13:19;506,9;547,0;49,2;52,5;26,4;627,4;55,4;0,1;7,39E-2;-541,2;20,00;22,0;22,0;45,19;6,56;0,198;0,0;0,01;0,044
801;04.07.2023;12:09:09;00:13:20;502,1;547,0;48,8;52,2;26,4;624,4;55,7;0,1;7,35E-2;-541,2;20,00;22,0;22,0;45,19;6,56;0,192;0,0;0,01;0,044
802;04.07.2023;12:09:10;00:13:21;497,3;538,9;48,8;52,2;26,4;621,5;56,0;0,1;7,33E-2;-541,2;20,00;22,0;22,0;45,20;6,56;0,190;0,0;0,01;0,044
803;04.07.2023;12:09:11;00:13:22;494,7;538,8;48,8;52,2;26,3;620,1;56,1;0,1;7,32E-2;-541,2;20,00;22,0;22,1;45,20;6,56;0,185;0,0;0,01;0,044
804;04.07.2023;12:09:12;00:13:23;489,7;538,8;48,2;52,1;26,3;617,1;56,4;0,1;7,29E-2;-541,2;20,00;22,0;21,9;45,20;6,57;0,183;0,0;0,01;0,044
805;04.07.2023;12:09:13;00:13:24;485,0;530,2;48,2;51,7;26,3;614,0;56,7;0,1;7,26E-2;-541,2;20,00;22,0;22,0;45,21;6,57;0,184;0,0;0,01;0,044
806;04.07.2023;12:09:14;00:13:25;482,3;521,6;47,7;51,3;26,3;612,5;56,8;0,1;7,24E-2;-541,2;20,00;22,0;22,1;45,21;6,57;0,185;0,0;0,01;0,044
807;04.07.2023;12:09:15;00:13:26;478,0;521,6;47,7;51,3;26,3;609,6;57,1;0,1;7,20E-2;-541,2;20,00;22,0;22,0;45,21;6,58;0,182;0,0;0,01;0,044
808;04.07.2023;12:09:16;00:13:27;473,2;513,2;47,2;50,9;26,3;606,7;57,4;0,1;7,18E-2;-541,2;20,00;22,0;22,0;45,22;6,58;0,179;0,0;0,00;0,044
809;04.07.2023;12:09:17;00:13:28;471,2;513,2;47,2;50,9;26,3;605,2;57,5;0,1;7,16E-2;-541,2;20,00;22,0;22,0;45,22;6,58;0,181;0,0;0,01;0,044
810;04.07.2023;12:09:18;00:13:29;466,3;504,8;46,7;50,5;26,3;602,3;57,8;0,1;7,13E-2;-541,2;20,00;22,0;22,0;45,22;6,59;0,169;0,0;0,01;0,044
811;04.07.2023;12:09:19;00:13:30;464,3;504,8;46,7;50,5;26,3;600,8;57,9;0,1;7,11E-2;-541,2;20,00;22,0;22,0;45,22;6,59;0,163;0,0;0,01;0,044
812;04.07.2023;12:09:20;00:13:31;458,9;497,1;46,2;50,1;26,3;597,7;58,2;0,1;7,09E-2;-541,2;20,00;22,0;21,9;45,23;6,59;0,164;0,0;0,00;0,044
813;04.07.2023;12:09:21;00:13:32;454,7;497,1;45,8;50,1;26,3;594,7;58,4;0,1;7,05E-2;-541,2;20,00;22,0;22,0;45,23;6,59;0,164;0,0;0,01;0,044
814;04.07.2023;12:09:22;00:13:33;452,1;497,1;45,8;49,7;26,3;593,3;58,6;0,1;7,04E-2;-541,2;20,00;22,0;22,1;45,23;6,60;0,164;0,0;0,01;0,044
815;04.07.2023;12:09:23;00:13:34;447,9;489,5;45,8;49,7;26,3;590,4;58,8;0,1;7,01E-2;-541,2;20,00;22,0;22,0;45,23;6,60;0,164;0,0;0,01;0,044
816;04.07.2023;12:09:24;00:13:35;443,6;481,9;45,4;49,3;26,3;587,4;59,1;0,1;6,98E-2;-541,2;20,00;22,0;22,0;45,24;6,60;0,167;0,0;0,01;0,044
817;04.07.2023;12:09:25;00:13:36;441,4;481,9;45,4;49,3;26,3;586,0;59,2;0,1;6,96E-2;-541,2;20,00;22,0;22,0;45,24;6,60;0,165;0,0;0,01;0,044
818;04.07.2023;12:09:26;00:13:37;436,7;474,5;45,0;48,9;26,3;582,8;59,5;0,1;6,94E-2;-541,2;20,00;22,0;22,0;45,24;6,61;0,156;0,0;0,01;0,044
819;04.07.2023;12:09:27;00:13:38;432,0;474,5;44,6;48,9;26,3;579,9;59,8;0,1;6,91E-2;-541,2;20,00;22,0;22,1;45,24;6,61;0,156;0,0;0,01;0,044
820;04.07.2023;12:09:28;00:13:39;429,9;467,2;44,6;48,6;26,3;578,4;59,9;0,1;6,90E-2;-541,2;20,00;22,0;22,1;45,25;6,61;0,151;0,0;0,00;0,044
821;04.07.2023;12:09:29;00:13:40;425,8;467,2;44,2;48,2;26,3;575,5;60,1;0,1;6,86E-2;-541,2;20,00;22,0;22,0;45,25;6,61;0,148;0,0;0,01;0,044
822;04.07.2023;12:09:30;00:13:41;421,5;459,9;44,2;48,2;26,3;572,6;60,4;0,1;6,85E-2;-541,2;20,00;22,0;22,0;45,25;6,62;0,148;0,0;0,01;0,044
823;04.07.2023;12:09:31;00:13:42;419,6;459,9;44,2;48,1;26,2;571,1;60,5;0,1;6,83E-2;-541,2;20,00;22,0;22,0;45,25;6,62;0,148;0,0;0,00;0,044
824;04.07.2023;12:09:32;00:13:43;414,8;459,9;43,7;47,7;26,2;568,0;60,8;0,1;6,80E-2;-541,2;20,00;22,0;22,0;45,26;6,62;0,148;0,0;0,01;0,044
825;04.07.2023;12:09:33;00:13:44;412,8;452,2;43,7;47,7;26,2;566,5;60,9;0,1;6,79E-2;-541,2;20,00;22,0;22,0;45,26;6,62;0,145;0,0;0,01;0,044
826;04.07.2023;12:09:34;00:13:45;408,7;444,6;43,3;47,3;26,2;563,6;61,2;0,1;6,76E-2;-541,2;20,00;22,0;22,0;45,26;6,63;0,146;0,0;0,01;0,044
827;04.07.2023;12:09:35;00:13:46;404,5;444,6;43,3;47,3;26,2;560,7;61,4;0,1;6,74E-2;-541,2;20,00;22,0;22,1;45,26;6,63;0,147;0,0;0,01;0,044
828;04.07.2023;12:09:36;00:13:47;402,4;444,6;42,9;46,8;26,2;559,2;61,6;0,1;6,72E-2;-541,2;20,00;22,0;22,0;45,27;6,63;0,143;0,0;0,01;0,044
829;04.07.2023;12:09:37;00:13:48;398,4;437,1;42,9;46,8;26,2;556,3;61,8;0,1;6,70E-2;-541,2;20,00;22,0;22,0;45,27;6,63;0,144;0,0;0,01;0,044
830;04.07.2023;12:09:38;00:13:49;394,1;429,5;42,5;46,4;26,2;553,1;62,1;0,1;6,67E-2;-541,2;20,00;22,0;22,0;45,27;6,63;0,142;0,0;0,01;0,044
831;04.07.2023;12:09:39;00:13:50;392,2;429,5;42,5;46,4;26,2;551,7;62,2;0,1;6,66E-2;-541,2;20,00;22,0;22,0;45,27;6,64;0,140;0,0;0,01;0,044
832;04.07.2023;12:09:40;00:13:51;388,0;429,5;42,1;46,0;26,2;548,8;62,4;0,1;6,64E-2;-541,2;20,00;22,0;22,0;45,28;6,64;0,141;0,0;0,01;0,044
833;04.07.2023;12:09:41;00:13:52;383,9;422,5;42,1;46,0;26,2;545,8;62,7;0,1;6,62E-2;-541,2;20,00;22,0;22,0;45,28;6,64;0,138;0,0;0,01;0,044
834;04.07.2023;12:09:42;00:13:53;381,9;415,6;41,8;45,6;26,2;544,4;62,8;0,1;6,60E-2;-541,2;20,00;22,0;22,1;45,28;6,64;0,135;0,0;0,01;0,044
835;04.07.2023;12:09:43;00:13:54;377,7;415,6;41,8;45,6;26,2;541,5;63,0;0,1;6,58E-2;-541,2;20,00;22,0;22,1;45,28;6,65;0,133;0,0;0,00;0,044
836;04.07.2023;12:09:44;00:13:55;375,7;408,8;41,4;45,2;26,2;539,8;63,1;0,1;6,57E-2;-541,2;20,00;22,0;22,1;45,28;6,65;0,128;0,0;0,00;0,044
837;04.07.2023;12:09:45;00:13:56;371,6;408,8;41,4;45,2;26,1;536,8;63,4;0,1;6,55E-2;-541,2;20,00;22,0;22,1;45,29;6,65;0,127;0,0;0,00;0,044
838;04.07.2023;12:09:46;00:13:57;368,1;402,3;41,1;44,9;26,1;533,9;63,6;0,1;6,53E-2;-541,2;20,00;22,0;22,0;45,29;6,65;0,127;0,0;0,01;0,044
839;04.07.2023;12:09:47;00:13:58;366,1;402,3;41,1;44,9;26,1;532,5;63,7;0,1;6,52E-2;-541,2;20,00;22,0;22,0;45,29;6,65;0,125;0,0;0,01;0,044
840;04.07.2023;12:09:48;00:13:59;362,5;395,9;40,7;44,5;26,1;529,5;63,9;0,1;6,50E-2;-541,2;20,00;22,0;21,9;45,29;6,66;0,118;0,0;0,01;0,044
841;04.07.2023;12:09:49;00:14:00;358,5;395,9;40,4;44,5;26,1;526,6;64,2;0,1;6,48E-2;-541,2;20,00;22,0;22,0;45,29;6,66;0,122;0,0;0,00;0,044
842;04.07.2023;12:09:50;00:14:01;356,5;389,5;40,4;44,1;26,1;524,9;64,3;0,1;6,46E-2;-541,2;20,00;22,0;22,0;45,29;6,66;0,121;0,0;0,00;0,044
843;04.07.2023;12:09:51;00:14:02;352,5;389,5;40,4;44,1;26,1;522,0;64,5;0,1;6,45E-2;-541,2;20,00;22,0;21,9;45,30;6,66;0,112;0,0;0,01;0,044
844;04.07.2023;12:09:52;00:14:03;348,9;382,8;40,1;43,7;26,1;519,1;64,7;0,1;6,42E-2;-541,2;20,00;22,0;22,0;45,30;6,66;0,118;0,0;0,01;0,044
845;04.07.2023;12:09:53;00:14:04;346,8;382,8;40,1;43,7;26,1;517,6;64,8;0,1;6,42E-2;-541,2;20,00;22,0;22,0;45,30;6,67;0,115;0,0;0,01;0,044
846;04.07.2023;12:09:54;00:14:05;343,4;376,1;39,7;43,3;26,1;514,7;65,1;0,1;6,40E-2;-541,2;20,00;22,0;22,0;45,30;6,67;0,116;0,0;0,01;0,044
847;04.07.2023;12:09:55;00:14:06;339,9;376,1;39,4;43,3;26,1;511,8;65,3;0,1;6,38E-2;-541,2;20,00;22,0;22,0;45,31;6,67;0,116;0,0;0,01;0,044
848;04.07.2023;12:09:56;00:14:07;337,8;376,1;39,4;43,3;26,1;510,1;65,4;0,1;6,37E-2;-541,2;20,00;22,0;22,0;45,31;6,67;0,118;0,0;0,00;0,044
849;04.07.2023;12:09:57;00:14:08;333,8;369,6;39,4;43,0;26,1;507,1;65,6;0,1;6,35E-2;-541,2;20,00;22,0;22,0;45,31;6,67;0,112;0,0;0,01;0,044
850;04.07.2023;12:09:58;00:14:09;332,4;369,6;39,1;42,6;26,1;505,7;65,7;0,1;6,35E-2;-541,2;20,00;22,0;22,0;45,31;6,67;0,113;0,0;0,01;0,044
851;04.07.2023;12:09:59;00:14:10;328,3;363,2;39,1;42,6;26,1;502,8;66,0;0,1;6,32E-2;-541,2;20,00;22,0;22,0;45,31;6,68;0,110;0,0;0,01;0,044
852;04.07.2023;12:10:00;00:14:11;324,9;363,2;38,8;42,2;26,1;499,8;66,2;0,1;6,31E-2;-541,2;20,00;22,0;22,1;45,31;6,68;0,112;0,0;0,01;0,044
853;04.07.2023;12:10:01;00:14:12;323,1;357,2;38,8;42,2;26,1;498,4;66,3;0,1;6,31E-2;-541,2;20,00;22,0;21,9;45,31;6,68;0,111;0,0;0,01;0,044
854;04.07.2023;12:10:02;00:14:13;319,4;351,4;38,5;41,9;26,1;495,2;66,5;0,1;6,28E-2;-541,2;20,00;22,0;21,9;45,32;6,68;0,111;0,0;0,00;0,044
855;04.07.2023;12:10:03;00:14:14;315,9;351,4;38,2;41,9;26,1;492,3;66,7;0,1;6,27E-2;-541,2;20,00;22,0;21,9;45,32;6,68;0,108;0,0;0,01;0,044
856;04.07.2023;12:10:04;00:14:15;314,0;345,6;38,2;41,5;26,1;490,8;66,8;0,1;6,26E-2;-541,2;20,00;22,0;22,0;45,32;6,69;0,105;0,0;0,01;0,044
857;04.07.2023;12:10:05;00:14:16;310,9;345,6;38,0;41,5;26,1;487,9;67,0;0,1;6,24E-2;-541,2;20,00;22,0;21,9;45,32;6,69;0,107;0,0;0,00;0,044
858;04.07.2023;12:10:06;00:14:17;307,6;339,9;38,0;41,2;26,0;485,0;67,2;0,1;6,23E-2;-541,2;20,00;22,0;22,1;45,33;6,69;0,110;0,0;0,01;0,044
859;04.07.2023;12:10:07;00:14:18;305,6;339,9;38,0;41,2;26,0;483,5;67,3;0,1;6,22E-2;-541,2;20,00;22,0;22,1;45,33;6,69;0,110;0,0;0,01;0,044
860;04.07.2023;12:10:08;00:14:19;301,8;334,3;37,7;40,9;26,0;480,4;67,5;0,1;6,20E-2;-541,2;20,00;22,0;22,1;45,33;6,69;0,107;0,0;0,00;0,044
861;04.07.2023;12:10:09;00:14:20;298,8;334,3;37,4;40,6;26,0;477,5;67,7;0,1;6,18E-2;-541,2;20,00;22,0;22,0;45,33;6,69;0,098;0,0;0,00;0,044
862;04.07.2023;12:10:10;00:14:21;296,7;328,8;37,4;40,6;26,0;476,0;67,8;0,1;6,18E-2;-541,2;20,00;22,0;22,1;45,33;6,70;0,101;0,0;0,01;0,044
863;04.07.2023;12:10:11;00:14:22;294,0;328,7;37,4;40,6;26,0;473,1;68,0;0,1;6,16E-2;-541,2;20,00;22,0;22,1;45,33;6,70;0,102;0,0;0,01;0,044
864;04.07.2023;12:10:12;00:14:23;292,6;328,7;37,1;40,5;26,0;471,6;68,1;0,1;6,15E-2;-541,2;20,00;22,0;22,1;45,33;6,70;0,099;0,0;0,01;0,044
865;04.07.2023;12:10:13;00:14:24;288,6;322,8;37,1;40,2;26,0;468,7;68,3;0,1;6,14E-2;-541,2;20,00;22,0;21,9;45,34;6,70;0,100;0,0;0,01;0,044
866;04.07.2023;12:10:14;00:14:25;285,0;317,0;36,8;39,8;26,0;465,5;68,5;0,1;6,12E-2;-541,2;20,00;22,0;21,9;45,34;6,70;0,097;0,0;0,01;0,044
867;04.07.2023;12:10:15;00:14:26;283,7;317,0;36,8;39,8;26,0;464,1;68,6;0,1;6,12E-2;-541,2;20,00;22,0;21,9;45,34;6,70;0,098;0,0;0,01;0,044
868;04.07.2023;12:10:16;00:14:27;280,2;317,0;36,5;39,5;26,0;461,2;68,8;0,1;6,10E-2;-541,2;20,00;22,0;22,0;45,34;6,70;0,093;0,0;0,01;0,044
869;04.07.2023;12:10:17;00:14:28;277,5;311,3;36,5;39,5;26,0;458,2;69,0;0,1;6,08E-2;-541,2;20,00;22,0;21,9;45,34;6,71;0,088;0,0;0,00;0,044
870;04.07.2023;12:10:18;00:14:29;275,4;311,3;36,3;39,2;26,0;456,8;69,1;0,1;6,08E-2;-541,2;20,00;22,0;21,8;45,34;6,71;0,090;0,0;0,01;0,044
871;04.07.2023;12:10:19;00:14:30;272,7;305,6;36,3;39,2;25,9;453,9;69,2;0,1;6,06E-2;-541,2;20,00;22,0;21,9;45,35;6,71;0,097;0,0;0,01;0,044
872;04.07.2023;12:10:20;00:14:31;269,2;300,4;36,0;38,9;25,9;450,7;69,4;0,1;6,04E-2;-541,2;20,00;22,0;22,0;45,35;6,71;0,103;0,0;0,00;0,045
873;04.07.2023;12:10:21;00:14:32;267,2;300,4;35,8;38,9;25,9;449,2;69,5;0,1;6,03E-2;-541,2;20,00;22,0;22,0;45,35;6,71;0,100;0,0;0,01;0,044
874;04.07.2023;12:10:22;00:14:33;264,4;295,3;35,8;38,6;25,9;446,3;69,7;0,1;6,02E-2;-541,2;20,00;22,0;21,9;45,35;6,72;0,096;0,0;0,01;0,044
875;04.07.2023;12:10:23;00:14:34;262,4;295,3;35,8;38,6;25,9;444,9;69,8;0,1;6,02E-2;-541,2;20,00;22,0;21,8;45,35;6,72;0,094;0,0;0,01;0,045
876;04.07.2023;12:10:24;00:14:35;259,6;295,3;35,5;38,2;25,9;441,9;70,0;0,1;6,00E-2;-541,2;20,00;22,0;22,0;45,35;6,72;0,101;0,0;0,01;0,044
877;04.07.2023;12:10:25;00:14:36;256,8;290,0;35,5;38,2;25,9;439,0;70,2;0,1;5,99E-2;-541,2;20,00;22,0;22,0;45,35;6,72;0,094;0,0;0,00;0,044
878;04.07.2023;12:10:26;00:14:37;254,8;290,0;35,3;38,2;25,9;437,6;70,3;0,1;5,98E-2;-541,2;20,00;22,0;22,0;45,36;6,72;0,094;0,0;0,01;0,044
879;04.07.2023;12:10:27;00:14:38;252,1;284,8;35,3;37,9;25,9;434,4;70,4;0,1;5,97E-2;-541,2;20,00;22,0;22,1;45,36;6,72;0,091;0,0;0,01;0,044
880;04.07.2023;12:10:28;00:14:39;250,0;279,7;35,0;37,6;25,9;431,5;70,5;0,1;5,95E-2;-541,2;20,00;22,0;22,1;45,36;6,72;0,089;0,0;0,00;0,044
881;04.07.2023;12:10:29;00:14:40;250,0;279,7;35,0;37,6;25,9;430,0;70,5;0,1;5,94E-2;-541,2;20,00;22,0;22,1;45,36;6,73;0,089;0,0;0,00;0,044
882;04.07.2023;12:10:30;00:14:41;250,0;274,6;34,8;37,3;25,9;427,1;70,4;0,1;5,93E-2;-541,2;20,00;22,0;22,0;45,36;6,73;0,084;0,0;0,01;0,044
883;04.07.2023;12:10:31;00:14:42;250,0;274,6;34,8;37,3;25,9;424,2;70,3;0,1;5,92E-2;-541,2;20,00;22,0;22,0;45,36;6,73;0,080;0,0;0,01;0,044
884;04.07.2023;12:10:32;00:14:43;250,0;274,7;34,8;37,4;25,9;422,7;70,2;0,1;5,91E-2;-541,2;20,00;22,0;22,0;45,36;6,73;0,078;0,0;0,01;0,044
885;04.07.2023;12:10:33;00:14:44;250,0;269,5;34,6;37,1;25,9;419,5;70,1;0,1;5,89E-2;-541,2;20,00;22,0;22,1;45,37;6,73;0,084;0,0;0,01;0,044
886;04.07.2023;12:10:34;00:14:45;250,0;264,4;34,3;36,8;25,9;416,6;70,0;0,1;5,88E-2;-541,2;20,00;22,0;22,1;45,37;6,73;0,083;0,0;0,00;0,044
887;04.07.2023;12:10:35;00:14:46;250,0;264,4;34,3;36,8;25,9;415,2;70,0;0,1;5,88E-2;-541,2;20,00;22,0;22,0;45,37;6,73;0,082;0,0;0,00;0,044
888;04.07.2023;12:10:36;00:14:47;250,0;264,4;34,1;36,8;25,9;412,2;69,8;0,1;5,87E-2;-541,2;20,00;22,0;22,1;45,37;6,74;0,082;0,0;0,00;0,044
889;04.07.2023;12:10:37;00:14:48;250,0;259,4;34,1;36,5;25,9;410,8;69,8;0,1;5,86E-2;-541,2;20,00;22,0;22,0;45,37;6,74;0,084;0,0;0,01;0,044
890;04.07.2023;12:10:38;00:14:49;250,0;254,4;33,9;36,2;25,9;407,9;69,7;0,1;5,84E-2;-541,2;20,00;22,0;22,0;45,37;6,74;0,076;0,0;0,00;0,044
891;04.07.2023;12:10:39;00:14:50;250,0;254,4;33,9;36,2;25,8;404,7;69,5;0,1;5,83E-2;-541,2;20,00;22,0;22,0;45,37;6,74;0,077;0,0;0,01;0,044
892;04.07.2023;12:10:40;00:14:51;250,0;254,4;33,7;35,9;25,8;403,2;69,5;0,1;5,83E-2;-541,2;20,00;22,0;22,0;45,37;6,74;0,077;0,0;0,01;0,044
893;04.07.2023;12:10:41;00:14:52;250,0;249,9;33,7;35,9;25,8;400,3;69,4;0,1;5,82E-2;-541,2;20,00;22,0;22,0;45,38;6,74;0,078;0,0;0,01;0,044
894;04.07.2023;12:10:42;00:14:53;250,0;245,3;33,4;35,7;25,8;397,4;69,2;0,1;5,80E-2;-541,2;20,00;22,0;21,8;45,38;6,74;0,074;0,0;0,00;0,044
895;04.07.2023;12:10:43;00:14:54;250,0;245,3;33,4;35,7;25,8;395,9;69,2;0,1;5,80E-2;-541,2;20,00;22,0;21,9;45,38;6,74;0,074;0,0;0,00;0,044
896;04.07.2023;12:10:44;00:14:55;250,0;245,3;33,2;35,4;25,8;393,0;69,0;0,1;5,78E-2;-541,2;20,00;22,0;22,1;45,38;6,75;0,078;0,0;0,01;0,045
897;04.07.2023;12:10:45;00:14:56;250,0;240,9;33,2;35,4;25,8;389,9;68,9;0,1;5,78E-2;-541,2;20,00;22,0;22,0;45,38;6,75;0,081;0,0;0,00;0,044
898;04.07.2023;12:10:46;00:14:57;250,0;236,5;33,0;35,2;25,8;388,4;68,8;0,1;5,77E-2;-541,2;20,00;22,0;21,9;45,38;6,75;0,076;0,0;0,00;0,044
899;04.07.2023;12:10:47;00:14:58;250,0;236,5;33,0;35,2;25,8;385,5;68,7;0,1;5,76E-2;-541,2;20,00;22,0;21,9;45,38;6,75;0,076;0,0;0,00;0,044
900;04.07.2023;12:10:48;00:14:59;250,0;232,2;32,8;34,9;25,8;382,6;68,5;0,1;5,75E-2;-541,2;20,00;22,0;22,0;45,39;6,75;0,074;0,0;0,01;0,044
901;04.07.2023;12:10:49;00:15:00;250,0;232,2;32,6;34,9;25,8;381,1;68,5;0,1;5,75E-2;-541,2;20,00;22,0;22,0;45,39;6,75;0,078;0,0;0,01;0,045
902;04.07.2023;12:10:50;00:15:01;250,0;227,9;32,6;34,7;25,8;378,2;68,3;0,1;5,74E-2;-541,2;20,00;22,0;22,0;45,39;6,75;0,079;0,0;0,00;0,045
903;04.07.2023;12:10:51;00:15:02;250,0;227,9;32,6;34,7;25,6;376,5;68,2;0,1;5,73E-2;-541,2;20,00;22,0;22,0;45,39;6,75;0,084;0,0;0,01;0,044
904;04.07.2023;12:10:52;00:15:03;250,0;227,8;32,5;34,6;25,6;373,6;68,1;0,1;5,73E-2;-541,2;20,00;22,0;22,1;45,39;6,76;0,080;0,0;0,00;0,044
905;04.07.2023;12:10:53;00:15:04;250,0;223,3;32,3;34,3;25,6;370,6;67,9;0,1;5,72E-2;-541,2;20,00;22,0;22,0;45,39;6,76;0,076;0,0;0,01;0,044
906;04.07.2023;12:10:54;00:15:05;250,0;223,3;32,1;34,1;25,6;369,2;67,9;0,1;5,71E-2;-541,2;20,00;22,0;22,1;45,39;6,76;0,076;0,0;0,00;0,044
907;04.07.2023;12:10:55;00:15:06;250,0;218,8;32,1;34,1;25,6;366,3;67,7;0,1;5,70E-2;-541,2;20,00;22,0;22,1;45,39;6,76;0,075;0,0;0,00;0,044
908;04.07.2023;12:10:56;00:15:07;250,0;218,8;31,9;33,8;25,6;363,3;67,6;0,1;5,68E-2;-541,2;20,00;22,0;22,0;45,39;6,76;0,075;0,0;0,01;0,044
909;04.07.2023;12:10:57;00:15:08;250,0;214,4;31,9;33,8;25,6;361,6;67,5;0,1;5,68E-2;-541,2;20,00;22,0;21,9;45,40;6,76;0,070;0,0;0,01;0,044
910;04.07.2023;12:10:58;00:15:09;250,0;210,1;31,6;33,6;25,6;358,7;67,3;0,1;5,67E-2;-541,2;20,00;22,0;22,0;45,40;6,76;0,069;0,0;0,01;0,044
911;04.07.2023;12:10:59;00:15:10;250,0;210,1;31,5;33,6;25,6;355,8;67,1;0,1;5,66E-2;-541,2;20,00;22,0;22,1;45,40;6,76;0,072;0,0;0,01;0,044
912;04.07.2023;12:11:00;00:15:11;250,0;210,1;31,5;33,4;25,6;354,3;67,1;0,1;5,65E-2;-541,2;20,00;22,0;22,1;45,40;6,76;0,071;0,0;0,01;0,044
913;04.07.2023;12:11:01;00:15:12;250,0;206,1;31,5;33,4;25,6;351,4;66,9;0,1;5,64E-2;-541,2;20,00;22,0;22,0;45,40;6,77;0,070;0,0;0,01;0,044
914;04.07.2023;12:11:02;00:15:13;250,0;206,1;31,3;33,4;25,6;350,0;66,8;0,1;5,64E-2;-541,2;20,00;22,0;22,0;45,40;6,77;0,068;0,0;0,01;0,046
915;04.07.2023;12:11:03;00:15:14;250,0;202,2;31,3;33,1;25,6;346,8;66,6;0,1;5,62E-2;-541,2;20,00;22,0;21,9;45,40;6,77;0,066;0,0;0,01;0,044
916;04.07.2023;12:11:04;00:15:15;250,0;198,3;31,1;32,9;25,6;343,9;66,4;0,1;5,62E-2;-541,2;20,00;22,0;21,9;45,40;6,77;0,061;0,0;0,00;0,044
917;04.07.2023;12:11:05;00:15:16;250,0;198,3;31,1;32,9;25,5;342,4;66,4;0,1;5,61E-2;-541,2;20,00;22,0;21,9;45,40;6,77;0,062;0,0;0,00;0,044
918;04.07.2023;12:11:06;00:15:17;250,0;194,5;30,9;32,7;25,5;339,5;66,2;0,1;5,60E-2;-541,2;20,00;22,0;22,0;45,41;6,77;0,069;0,0;0,01;0,044
919;04.07.2023;12:11:07;00:15:18;250,0;194,5;30,9;32,7;25,5;336,6;66,0;0,1;5,59E-2;-541,2;20,00;22,0;22,0;45,41;6,77;0,073;0,0;0,00;0,044
920;04.07.2023;12:11:08;00:15:19;250,0;190,8;30,8;32,5;25,5;335,1;65,9;0,1;5,58E-2;-541,2;20,00;22,0;22,1;45,41;6,77;0,072;0,0;0,01;0,044
921;04.07.2023;12:11:09;00:15:20;250,0;190,8;30,8;32,5;25,5;331,9;65,7;0,1;5,57E-2;-541,2;20,00;22,0;22,0;45,41;6,77;0,067;0,0;0,00;0,044
922;04.07.2023;12:11:10;00:15:21;250,0;187,0;30,6;32,3;25,5;329,0;65,5;0,1;5,57E-2;-541,2;20,00;22,0;22,1;45,41;6,78;0,069;0,0;0,01;0,044
923;04.07.2023;12:11:11;00:15:22;250,0;187,0;30,6;32,3;25,5;327,6;65,4;0,1;5,56E-2;-541,2;20,00;22,0;22,0;45,41;6,78;0,068;0,0;0,01;0,044
924;04.07.2023;12:11:12;00:15:23;250,0;187,0;30,6;32,3;25,6;324,6;65,2;0,1;5,54E-2;-541,2;20,00;22,0;22,0;45,41;6,78;0,065;0,0;0,01;0,044
925;04.07.2023;12:11:13;00:15:24;250,0;183,0;30,4;32,1;25,5;321,7;65,0;0,1;5,54E-2;-541,2;20,00;22,0;22,0;45,41;6,78;0,069;0,0;0,00;0,044
926;04.07.2023;12:11:14;00:15:25;250,0;183,0;30,2;31,9;25,5;320,3;64,9;0,1;5,53E-2;-541,2;20,00;22,0;22,0;45,42;6,78;0,070;0,0;0,00;0,044
927;04.07.2023;12:11:15;00:15:26;250,0;179,1;30,2;31,9;25,5;317,1;64,7;0,1;5,52E-2;-541,2;20,00;22,0;22,1;45,42;6,78;0,074;0,0;0,01;0,044
928;04.07.2023;12:11:16;00:15:27;250,0;179,1;30,2;31,9;25,5;315,6;64,6;0,1;5,52E-2;-541,2;20,00;22,0;22,0;45,42;6,78;0,072;0,0;0,00;0,044
929;04.07.2023;12:11:17;00:15:28;250,0;175,2;30,0;31,6;25,5;312,7;64,4;0,1;5,51E-2;-541,2;20,00;22,0;22,0;45,42;6,78;0,066;0,0;0,00;0,044
930;04.07.2023;12:11:18;00:15:29;250,0;171,5;29,8;31,4;25,5;309,8;64,2;0,1;5,50E-2;-541,2;20,00;22,0;22,0;45,42;6,78;0,063;0,0;0,01;0,044
931;04.07.2023;12:11:19;00:15:30;250,0;171,5;29,8;31,4;25,5;308,3;64,1;0,1;5,49E-2;-541,2;20,00;22,0;22,1;45,42;6,79;0,064;0,0;0,01;0,044
932;04.07.2023;12:11:20;00:15:31;250,0;171,5;29,7;31,4;25,5;305,4;63,9;0,1;5,48E-2;-541,2;20,00;22,0;22,0;45,42;6,79;0,057;0,0;0,00;0,044
933;04.07.2023;12:11:21;00:15:32;250,0;168,1;29,7;31,2;25,5;302,3;63,7;0,1;5,48E-2;-541,2;20,00;22,0;22,0;45,42;6,79;0,058;0,0;0,00;0,044
934;04.07.2023;12:11:22;00:15:33;250,0;168,1;29,5;31,0;25,5;300,8;63,6;0,1;5,47E-2;-541,2;20,00;22,0;22,0;45,42;6,79;0,057;0,0;0,01;0,044
935;04.07.2023;12:11:23;00:15:34;250,0;164,8;29,5;31,0;25,5;297,9;63,3;0,1;5,47E-2;-541,2;20,00;22,0;21,9;45,42;6,79;0,050;0,0;0,00;0,044
936;04.07.2023;12:11:24;00:15:35;250,0;164,8;29,4;30,9;25,5;295,0;63,1;0,1;5,45E-2;-541,2;20,00;22,0;21,9;45,42;6,79;0,049;0,0;0,01;0,044
937;04.07.2023;12:11:25;00:15:36;250,0;161,4;29,4;30,9;25,4;293,5;63,0;0,1;5,45E-2;-541,2;20,00;22,0;22,0;45,43;6,79;0,051;0,0;0,01;0,044
938;04.07.2023;12:11:26;00:15:37;250,0;158,2;29,2;30,7;25,4;290,6;62,8;0,1;5,44E-2;-541,2;20,00;22,0;22,0;45,43;6,79;0,053;0,0;0,00;0,044
939;04.07.2023;12:11:27;00:15:38;250,0;158,2;29,1;30,7;25,4;287,4;62,6;0,1;5,43E-2;-541,2;20,00;22,0;22,0;45,43;6,79;0,055;0,0;0,00;0,044
940;04.07.2023;12:11:28;00:15:39;250,0;158,2;29,1;30,5;25,4;286,0;62,4;0,1;5,43E-2;-541,2;20,00;22,0;22,0;45,43;6,79;0,057;0,0;0,01;0,044
941;04.07.2023;12:11:29;00:15:40;250,0;155,0;29,1;30,5;25,4;283,0;62,2;0,1;5,42E-2;-541,2;20,00;22,0;21,9;45,43;6,79;0,055;0,0;0,01;0,044
942;04.07.2023;12:11:30;00:15:41;250,0;155,0;28,9;30,5;25,4;281,6;62,1;0,1;5,41E-2;-541,2;20,00;22,0;21,9;45,43;6,79;0,053;0,0;0,01;0,044
943;04.07.2023;12:11:31;00:15:42;250,0;151,8;28,9;30,3;25,4;278,7;61,9;0,1;5,40E-2;-541,2;20,00;22,0;22,0;45,43;6,80;0,055;0,0;0,01;0,044
944;04.07.2023;12:11:32;00:15:43;250,0;151,8;28,8;30,4;25,5;275,7;61,6;0,1;5,39E-2;-541,2;20,00;22,0;22,1;45,43;6,80;0,060;0,0;0,01;0,044
945;04.07.2023;12:11:33;00:15:44;250,0;148,5;28,8;30,2;25,4;274,0;61,5;0,1;5,39E-2;-541,2;20,00;22,0;22,1;45,43;6,80;0,059;0,0;0,00;0,044
946;04.07.2023;12:11:34;00:15:45;250,0;148,5;28,6;30,0;25,4;271,1;61,3;0,1;5,38E-2;-541,2;20,00;22,0;22,1;45,43;6,80;0,055;0,0;0,01;0,044
947;04.07.2023;12:11:35;00:15:46;250,0;145,2;28,6;30,0;25,4;268,2;61,0;0,1;5,37E-2;-541,2;20,00;22,0;22,0;45,43;6,80;0,051;0,0;0,01;0,044
948;04.07.2023;12:11:36;00:15:47;250,0;145,2;28,6;30,0;25,4;266,7;60,9;0,1;5,37E-2;-541,2;20,00;22,0;22,0;45,43;6,80;0,050;0,0;0,01;0,044
949;04.07.2023;12:11:37;00:15:48;250,0;141,9;28,5;29,8;25,4;263,8;60,6;0,1;5,36E-2;-541,2;20,00;22,0;22,1;45,44;6,80;0,049;0,0;0,01;0,044
950;04.07.2023;12:11:38;00:15:49;250,0;138,8;28,3;29,6;25,4;260,9;60,4;0,1;5,35E-2;-541,2;20,00;22,0;22,0;45,44;6,80;0,045;0,0;0,00;0,044
951;04.07.2023;12:11:39;00:15:50;250,0;138,8;28,3;29,6;25,4;259,2;60,3;0,1;5,34E-2;-541,2;20,00;22,0;21,9;45,44;6,80;0,042;0,0;0,00;0,044
952;04.07.2023;12:11:40;00:15:51;250,0;138,8;28,2;29,6;25,4;256,3;60,0;0,1;5,34E-2;-541,2;20,00;22,0;21,9;45,44;6,80;0,046;0,0;0,00;0,044
953;04.07.2023;12:11:41;00:15:52;250,0;135,8;28,2;29,4;25,4;254,8;59,9;0,1;5,33E-2;-541,2;20,00;22,0;22,0;45,44;6,80;0,046;0,0;0,01;0,045
954;04.07.2023;12:11:42;00:15:53;250,0;133,0;28,0;29,3;25,4;251,9;59,6;0,1;5,33E-2;-541,2;20,00;22,0;22,0;45,44;6,80;0,045;0,0;0,01;0,044
955;04.07.2023;12:11:43;00:15:54;250,0;133,0;28,0;29,3;25,4;249,0;59,4;0,1;5,33E-2;-541,2;20,00;22,0;22,0;45,44;6,81;0,047;0,0;0,01;0,044
956;04.07.2023;12:11:44;00:15:55;250,0;133,0;27,9;29,1;25,4;247,5;59,2;0,1;5,32E-2;-541,2;20,00;22,0;21,9;45,44;6,81;0,047;0,0;0,00;0,044
957;04.07.2023;12:11:45;00:15:56;250,0;130,2;27,9;29,1;25,4;244,4;58,9;0,1;5,31E-2;-541,2;20,00;22,0;22,0;45,44;6,81;0,044;0,0;0,00;0,044
958;04.07.2023;12:11:46;00:15:57;250,0;127,4;27,7;28,9;25,3;241,4;58,7;0,1;5,30E-2;-541,2;20,00;22,0;22,0;45,44;6,81;0,047;0,0;0,01;0,045
959;04.07.2023;12:11:47;00:15:58;250,0;127,4;27,7;28,9;25,3;240,0;58,5;0,1;5,30E-2;-541,2;20,00;22,0;21,9;45,44;6,81;0,042;0,0;0,00;0,044
960;04.07.2023;12:11:48;00:15:59;250,0;127,4;27,6;28,8;25,3;237,1;58,3;0,1;5,29E-2;-541,2;20,00;22,0;22,1;45,44;6,81;0,045;0,0;0,01;0,044
961;04.07.2023;12:11:49;00:16:00;250,0;124,7;27,6;28,8;25,3;234,1;58,0;0,1;5,29E-2;-541,2;20,00;22,0;22,1;45,44;6,81;0,045;0,0;0,00;0,044
962;04.07.2023;12:11:50;00:16:01;250,0;124,7;27,5;28,6;25,3;232,7;57,9;0,1;5,29E-2;-541,2;20,00;22,0;22,0;45,45;6,81;0,043;0,0;0,01;0,044
963;04.07.2023;12:11:51;00:16:02;250,0;122,1;27,5;28,6;25,3;229,5;57,6;0,1;5,28E-2;-541,2;20,00;22,0;22,0;45,45;6,81;0,042;0,0;0,01;0,044
964;04.07.2023;12:11:52;00:16:03;250,0;119,2;27,3;28,4;25,3;226,6;57,3;0,1;5,27E-2;-541,2;20,00;22,0;22,0;45,45;6,81;0,038;0,0;0,01;0,044
965;04.07.2023;12:11:53;00:16:04;250,0;119,2;27,3;28,4;25,3;225,1;57,1;0,1;5,27E-2;-541,2;20,00;22,0;22,0;45,45;6,81;0,038;0,0;0,00;0,044
966;04.07.2023;12:11:54;00:16:05;250,0;116,5;27,1;28,2;25,3;222,2;56,9;0,1;5,26E-2;-541,2;20,00;22,0;22,1;45,45;6,81;0,038;0,0;0,00;0,044
967;04.07.2023;12:11:55;00:16:06;250,0;116,5;27,1;28,2;25,3;220,7;56,7;0,1;5,26E-2;-541,2;20,00;22,0;22,0;45,45;6,81;0,036;0,0;0,01;0,044
968;04.07.2023;12:11:56;00:16:07;250,0;116,5;27,1;28,2;25,2;217,8;56,4;0,1;5,25E-2;-541,2;20,00;22,0;22,1;45,45;6,81;0,035;0,0;0,00;0,044
969;04.07.2023;12:11:57;00:16:08;250,0;113,8;27,0;28,1;25,2;214,7;56,1;0,1;5,25E-2;-541,2;20,00;22,0;22,1;45,45;6,81;0,039;0,0;0,01;0,044
970;04.07.2023;12:11:58;00:16:09;250,0;113,8;26,8;27,9;25,2;213,2;56,0;0,1;5,24E-2;-541,2;20,00;22,0;22,1;45,45;6,82;0,039;0,0;0,00;0,044
971;04.07.2023;12:11:59;00:16:10;250,0;111,1;26,8;27,9;25,2;210,3;55,7;0,1;5,24E-2;-541,2;20,00;22,0;22,0;45,45;6,82;0,037;0,0;0,01;0,044
972;04.07.2023;12:12:00;00:16:11;250,0;111,1;26,7;27,8;25,2;207,4;55,4;0,1;5,23E-2;-541,2;20,00;22,0;22,2;45,45;6,82;0,042;0,0;0,00;0,045
973;04.07.2023;12:12:01;00:16:12;250,0;108,7;26,7;27,8;25,2;205,9;55,2;0,1;5,22E-2;-541,2;20,00;22,0;22,1;45,45;6,82;0,040;0,0;0,00;0,044
974;04.07.2023;12:12:02;00:16:13;250,0;108,7;26,6;27,6;25,2;203,0;54,9;0,1;5,22E-2;-541,2;20,00;22,0;22,0;45,45;6,82;0,033;0,0;0,00;0,044
975;04.07.2023;12:12:03;00:16:14;250,0;106,3;26,6;27,6;25,2;199,8;54,6;0,1;5,21E-2;-541,2;20,00;22,0;22,1;45,45;6,82;0,038;0,0;0,00;0,044
976;04.07.2023;12:12:04;00:16:15;250,0;106,3;26,6;27,6;25,2;198,4;54,5;0,1;5,21E-2;-541,2;20,00;22,0;22,1;45,45;6,82;0,038;0,0;0,01;0,044
977;04.07.2023;12:12:05;00:16:16;250,0;104,0;26,5;27,5;25,2;195,4;54,2;0,1;5,20E-2;-541,2;20,00;22,0;22,0;45,45;6,82;0,034;0,0;0,01;0,044
978;04.07.2023;12:12:06;00:16:17;250,0;101,8;26,4;27,3;25,2;192,5;53,8;0,1;5,20E-2;-541,2;20,00;22,0;22,1;45,45;6,82;0,039;0,0;0,01;0,044
979;04.07.2023;12:12:07;00:16:18;250,0;101,8;26,4;27,3;25,2;191,1;53,7;0,1;5,20E-2;-541,2;20,00;22,0;22,0;45,45;6,82;0,037;0,0;0,00;0,044
980;04.07.2023;12:12:08;00:16:19;250,0;101,8;26,2;27,3;25,2;188,1;53,4;0,1;5,19E-2;-541,2;20,00;22,0;21,9;45,45;6,82;0,031;0,0;0,00;0,044
981;04.07.2023;12:12:09;00:16:20;250,0;99,6;26,2;27,2;25,1;186,7;53,2;0,1;5,19E-2;-541,2;20,00;22,0;21,9;45,46;6,82;0,030;0,0;0,00;0,045
982;04.07.2023;12:12:10;00:16:21;250,0;97,5;26,1;27,1;25,1;183,5;52,9;0,1;5,18E-2;-541,2;20,00;22,0;22,0;45,46;6,82;0,033;0,0;0,00;0,044
983;04.07.2023;12:12:11;00:16:22;250,0;97,5;26,1;27,1;25,1;180,6;52,6;0,1;5,17E-2;-541,2;20,00;22,0;22,1;45,46;6,82;0,032;0,0;0,01;0,044
984;04.07.2023;12:12:12;00:16:23;250,0;97,4;26,0;27,0;25,0;179,1;52,4;0,1;5,17E-2;-541,2;20,00;22,0;22,0;45,46;6,82;0,035;0,0;0,01;0,045
985;04.07.2023;12:12:13;00:16:24;250,0;95,1;25,9;26,8;25,0;176,2;52,1;0,1;5,16E-2;-541,2;20,00;22,0;22,0;45,46;6,82;0,035;0,0;0,00;0,044
986;04.07.2023;12:12:14;00:16:25;250,0;95,1;25,8;26,8;25,0;173,3;51,7;0,1;5,16E-2;-541,2;20,00;22,0;22,0;45,46;6,83;0,039;0,0;0,00;0,044
987;04.07.2023;12:12:15;00:16:26;250,0;93,0;25,8;26,7;25,0;171,8;51,6;0,1;5,16E-2;-541,2;20,00;22,0;22,0;45,46;6,83;0,040;0,0;0,00;0,044
988;04.07.2023;12:12:16;00:16:27;250,0;93,0;25,8;26,7;25,0;168,7;51,2;0,1;5,15E-2;-541,2;20,00;22,0;22,0;45,46;6,83;0,038;0,0;0,00;0,044
989;04.07.2023;12:12:17;00:16:28;250,0;90,8;25,7;26,6;25,0;165,8;50,9;0,1;5,14E-2;-541,2;20,00;22,0;22,0;45,46;6,83;0,034;0,0;0,00;0,044
990;04.07.2023;12:12:18;00:16:29;250,0;90,8;25,6;26,4;25,0;164,3;50,7;0,1;5,14E-2;-541,2;20,00;22,0;22,0;45,46;6,83;0,032;0,0;0,00;0,044
991;04.07.2023;12:12:19;00:16:30;250,0;88,7;25,6;26,4;25,0;161,4;50,4;0,1;5,13E-2;-541,2;20,00;22,0;21,9;45,46;6,83;0,030;0,0;0,01;0,044
992;04.07.2023;12:12:20;00:16:31;250,0;88,7;25,6;26,4;25,0;159,9;50,2;0,1;5,13E-2;-541,2;20,00;22,0;21,9;45,46;6,83;0,027;0,0;0,01;0,044
993;04.07.2023;12:12:21;00:16:32;250,0;86,9;25,5;26,3;25,0;157,0;49,9;0,1;5,12E-2;-541,2;20,00;22,0;21,9;45,46;6,83;0,031;0,0;0,01;0,044
994;04.07.2023;12:12:22;00:16:33;250,0;85,0;25,4;26,2;25,0;153,8;49,5;0,1;5,12E-2;-541,2;20,00;22,0;22,0;45,46;6,83;0,034;0,0;0,01;0,044
995;04.07.2023;12:12:23;00:16:34;250,0;85,0;25,4;26,2;25,0;152,4;49,3;0,1;5,12E-2;-541,2;20,00;22,0;22,1;45,46;6,83;0,033;0,0;0,01;0,044
996;04.07.2023;12:12:24;00:16:35;250,0;85,0;25,3;26,2;25,0;149,5;49,0;0,1;5,12E-2;-541,2;20,00;22,0;22,0;45,46;6,83;0,033;0,0;0,01;0,044
997;04.07.2023;12:12:25;00:16:36;250,0;83,2;25,3;26,1;25,0;146,5;48,6;0,1;5,11E-2;-541,2;20,00;22,0;21,9;45,46;6,83;0,029;0,0;0,01;0,044
998;04.07.2023;12:12:26;00:16:37;250,0;83,2;25,1;26,1;25,0;145,1;48,5;0,1;5,11E-2;-541,2;20,00;22,0;21,9;45,46;6,83;0,025;0,0;0,01;0,044
999;04.07.2023;12:12:27;00:16:38;250,0;81,4;25,1;25,9;25,0;142,2;48,1;0,1;5,10E-2;-541,2;20,00;22,0;22,0;45,47;6,83;0,028;0,0;0,01;0,044
1000;04.07.2023;12:12:28;00:16:39;250,0;81,4;25,1;25,8;25,0;139,0;47,7;0,1;5,09E-2;-541,2;20,00;22,0;22,0;45,47;6,83;0,030;0,0;0,01;0,044
1001;04.07.2023;12:12:29;00:16:40;250,0;79,7;25,1;25,8;24,9;137,5;47,5;0,1;5,09E-2;-541,2;20,00;22,0;22,0;45,47;6,83;0,031;0,0;0,01;0,044
1002;04.07.2023;12:12:30;00:16:41;250,0;78,0;25,0;25,7;24,9;134,6;47,2;0,1;5,08E-2;-541,2;20,00;22,0;21,9;45,47;6,83;0,026;0,0;0,00;0,044
1003;04.07.2023;12:12:31;00:16:42;250,0;78,0;25,0;25,7;24,9;131,7;46,8;0,1;5,08E-2;-541,2;20,00;22,0;21,9;45,47;6,83;0,030;0,0;0,01;0,047
1004;04.07.2023;12:12:32;00:16:43;250,0;77,9;24,8;25,6;24,8;130,2;46,6;0,1;5,08E-2;-541,2;20,00;22,0;21,9;45,47;6,83;0,030;0,0;0,01;0,044
1005;04.07.2023;12:12:33;00:16:44;250,0;76,1;24,7;25,5;24,8;127,3;46,3;0,1;5,08E-2;-541,2;20,00;22,0;21,8;45,47;6,83;0,028;0,0;0,01;0,044
1006;04.07.2023;12:12:34;00:16:45;250,0;76,1;24,6;25,5;24,8;125,6;46,0;0,1;5,08E-2;-541,2;20,00;22,0;21,9;45,47;6,83;0,027;0,0;0,01;0,044
1007;04.07.2023;12:12:35;00:16:46;250,0;74,4;24,6;25,4;24,8;122,7;45,7;0,1;5,07E-2;-541,2;20,00;22,0;22,0;45,47;6,83;0,030;0,0;0,01;0,044
1008;04.07.2023;12:12:36;00:16:47;250,0;74,4;24,5;25,4;24,8;119,8;45,3;0,1;5,06E-2;-541,2;20,00;22,0;22,0;45,47;6,84;0,031;0,0;0,01;0,044
1009;04.07.2023;12:12:37;00:16:48;250,0;72,7;24,5;25,3;24,8;118,3;45,1;0,1;5,06E-2;-541,2;20,00;22,0;21,9;45,47;6,84;0,031;0,0;0,01;0,044
1010;04.07.2023;12:12:38;00:16:49;250,0;71,1;24,4;25,1;24,8;115,4;44,7;0,1;5,05E-2;-541,2;20,00;22,0;22,0;45,47;6,84;0,034;0,0;0,01;0,045
1011;04.07.2023;12:12:39;00:16:50;250,0;71,1;24,4;25,1;24,8;112,5;44,4;0,1;5,05E-2;-541,2;20,00;22,0;22,0;45,47;6,84;0,032;0,0;0,01;0,044
1012;04.07.2023;12:12:40;00:16:51;250,0;71,1;24,4;25,1;24,8;110,8;44,1;0,1;5,04E-2;-541,2;20,00;22,0;22,0;45,47;6,84;0,029;0,0;0,01;0,046
1013;04.07.2023;12:12:41;00:16:52;250,0;69,6;24,3;25,0;24,8;107,8;43,8;0,1;5,04E-2;-541,2;20,00;22,0;22,0;45,47;6,84;0,029;0,0;0,00;0,044
1014;04.07.2023;12:12:42;00:16:53;250,0;69,6;24,2;24,9;24,8;104,9;43,4;0,1;5,04E-2;-541,2;20,00;22,0;22,0;45,47;6,84;0,023;0,0;0,01;0,044
1015;04.07.2023;12:12:43;00:16:54;250,0;68,1;24,2;24,9;24,8;103,5;43,2;0,1;5,04E-2;-541,2;20,00;22,0;22,0;45,47;6,84;0,026;0,0;0,00;0,044
1016;04.07.2023;12:12:44;00:16:55;250,0;68,1;24,2;24,9;24,8;100,5;42,8;0,1;5,03E-2;-541,2;20,00;22,0;22,0;45,47;6,84;0,029;0,0;0,00;0,044
1017;04.07.2023;12:12:45;00:16:56;250,0;66,7;24,1;24,8;24,8;97,6;42,4;0,1;5,02E-2;-541,2;20,00;22,0;22,0;45,47;6,84;0,027;0,0;0,00;0,044
1018;04.07.2023;12:12:46;00:16:57;250,0;66,7;24,0;24,7;24,8;95,9;42,2;0,1;5,02E-2;-541,2;20,00;22,0;22,0;45,47;6,84;0,028;0,0;0,00;0,044
1019;04.07.2023;12:12:47;00:16:58;250,0;65,3;24,0;24,7;24,7;93,0;41,8;0,1;5,01E-2;-541,2;20,00;22,0;22,0;45,47;6,84;0,026;0,0;0,01;0,044
1020;04.07.2023;12:12:48;00:16:59;250,0;65,3;24,0;24,7;24,7;91,5;41,6;0,1;5,01E-2;-541,2;20,00;22,0;22,0;45,47;6,84;0,022;0,0;0,01;0,045
1021;04.07.2023;12:12:49;00:17:00;250,0;63,9;24,0;24,6;24,7;88,6;41,2;0,1;5,00E-2;-541,2;20,00;22,0;22,0;45,47;6,84;0,022;0,0;0,01;0,044
1022;04.07.2023;12:12:50;00:17:01;250,0;62,6;23,9;24,5;24,7;85,7;40,8;0,1;5,00E-2;-541,2;20,00;22,0;22,1;45,48;6,84;0,018;0,0;0,00;0,044
1023;04.07.2023;12:12:51;00:17:02;250,0;62,6;23,9;24,5;24,7;84,2;40,5;0,0;5,00E-2;-541,2;20,00;22,0;22,0;45,48;6,84;0,017;0,0;0,00;0,044
1024;04.07.2023;12:12:52;00:17:03;250,0;62,5;23,8;24,5;24,7;81,1;40,1;0,0;5,00E-2;-541,2;20,00;22,0;22,0;45,48;6,84;0,017;0,0;0,01;0,045
1025;04.07.2023;12:12:53;00:17:04;250,0;61,1;23,7;24,4;24,7;78,2;39,7;0,0;4,99E-2;-541,2;20,00;22,0;22,0;45,48;6,84;0,016;0,0;0,01;0,044
1026;04.07.2023;12:12:54;00:17:05;250,0;61,1;23,7;24,4;24,7;76,7;39,5;0,0;4,99E-2;-541,2;20,00;22,0;22,0;45,48;6,84;0,016;0,0;0,00;0,045
1027;04.07.2023;12:12:55;00:17:06;250,0;59,8;23,6;24,3;24,6;73,8;39,1;0,0;4,98E-2;-541,2;20,00;22,0;21,9;45,48;6,84;0,014;0,0;0,01;0,044
1028;04.07.2023;12:12:56;00:17:07;250,0;59,8;23,6;24,2;24,6;70,9;38,7;0,0;4,98E-2;-541,2;20,00;22,0;22,0;45,48;6,84;0,016;0,0;0,00;0,044
1029;04.07.2023;12:12:57;00:17:08;250,0;58,5;23,6;24,2;24,6;69,4;38,4;0,0;4,97E-2;-541,2;20,00;22,0;22,0;45,48;6,84;0,017;0,0;0,00;0,044
1030;04.07.2023;12:12:58;00:17:09;250,0;58,5;23,5;24,2;24,6;66,2;38,0;0,0;4,97E-2;-541,2;20,00;22,0;22,0;45,48;6,84;0,020;0,0;0,01;0,045
1031;04.07.2023;12:12:59;00:17:10;250,0;57,3;23,5;24,1;24,6;64,8;37,8;0,0;4,97E-2;-541,2;20,00;22,0;22,0;45,48;6,84;0,019;0,0;0,00;0,044
1032;04.07.2023;12:13:00;00:17:11;250,0;57,3;23,5;24,1;24,6;61,9;37,4;0,0;4,96E-2;-541,2;20,00;22,0;22,0;45,48;6,84;0,018;0,0;0,01;0,045
1033;04.07.2023;12:13:01;00:17:12;250,0;56,2;23,4;24,0;24,6;58,9;36,9;0,0;4,96E-2;-541,2;20,00;22,0;22,0;45,48;6,84;0,018;0,0;0,00;0,044
1034;04.07.2023;12:13:02;00:17:13;250,0;56,2;23,3;24,0;24,6;57,5;36,7;0,0;4,96E-2;-541,2;20,00;22,0;22,0;45,48;6,84;0,019;0,0;0,00;0,044
1035;04.07.2023;12:13:03;00:17:14;250,0;55,1;23,3;23,9;24,6;54,6;36,3;0,0;4,95E-2;-541,2;20,00;22,0;22,0;45,48;6,84;0,017;0,0;0,01;0,045
1036;04.07.2023;12:13:04;00:17:15;250,0;55,1;23,3;23,8;24,6;51,4;35,8;0,0;4,95E-2;-541,2;20,00;22,0;22,0;45,48;6,84;0,017;0,0;0,01;0,044
1037;04.07.2023;12:13:05;00:17:16;250,0;54,0;23,3;23,8;24,6;49,9;35,6;0,0;4,95E-2;-541,2;20,00;22,0;22,1;45,48;6,84;0,018;0,0;0,00;0,045
1038;04.07.2023;12:13:06;00:17:17;250,0;52,9;23,2;23,7;24,6;47,0;35,2;0,0;4,94E-2;-541,2;20,00;22,0;22,0;45,48;6,85;0,013;0,0;0,01;0,044
1039;04.07.2023;12:13:07;00:17:18;250,0;52,9;23,2;23,7;24,6;44,1;34,7;0,0;4,94E-2;-541,2;20,00;22,0;22,0;45,48;6,84;0,019;0,0;0,00;0,044
1040;04.07.2023;12:13:08;00:17:19;250,0;52,9;23,1;23,7;24,6;42,6;34,5;0,0;4,93E-2;-541,2;20,00;22,0;22,0;45,48;6,85;0,016;0,0;0,01;0,044
1041;04.07.2023;12:13:09;00:17:20;250,0;51,9;23,1;23,6;24,6;39,7;34,0;0,0;4,93E-2;-541,2;20,00;22,0;21,9;45,48;6,85;0,010;0,0;0,01;0,044
1042;04.07.2023;12:13:10;00:17:21;250,0;50,9;23,0;23,5;24,5;36,5;33,6;0,0;4,92E-2;-541,2;20,00;22,0;21,9;45,48;6,85;0,010;0,0;0,00;0,044
1043;04.07.2023;12:13:11;00:17:22;250,0;50,9;23,0;23,5;24,5;35,1;33,3;0,0;4,92E-2;-541,2;20,00;22,0;22,0;45,48;6,85;0,013;0,0;0,00;0,044
1044;04.07.2023;12:13:12;00:17:23;250,0;50,9;23,0;23,5;24,5;32,2;32,9;0,0;4,92E-2;-541,2;20,00;22,0;22,0;45,48;6,85;0,014;0,0;0,00;0,044
1045;04.07.2023;12:13:13;00:17:24;250,0;49,8;22,9;23,4;24,5;30,7;32,7;0,0;4,92E-2;-541,2;20,00;22,0;21,9;45,48;6,85;0,015;0,0;0,00;0,044
1046;04.07.2023;12:13:14;00:17:25;250,0;49,8;22,8;23,4;24,5;27,8;32,2;0,0;4,91E-2;-541,2;20,00;22,0;21,9;45,48;6,85;0,017;0,0;0,01;0,045
1047;04.07.2023;12:13:15;00:17:26;250,0;48,8;22,8;23,3;24,5;24,9;31,7;0,0;4,91E-2;-541,2;20,00;22,0;22,0;45,48;6,85;0,019;0,0;0,00;0,044
1048;04.07.2023;12:13:16;00:17:27;250,0;48,8;22,8;23,3;24,5;23,4;31,5;0,0;4,91E-2;-541,2;20,00;22,0;22,0;45,48;6,85;0,019;0,0;0,00;0,045
1049;04.07.2023;12:13:17;00:17:28;250,0;47,8;22,7;23,2;24,4;20,2;31,0;0,0;4,91E-2;-541,2;20,00;22,0;22,1;45,48;6,85;0,023;0,0;0,01;0,044
