Nr.;Datum;Zeit;P.Zeit;AV Pyro top;AV Control TC;AV Piston TC Top;AV Piston TC Bot;AV Transformer T;SV Temperature  ;AV CZ Output;AV abs. pressure;Vacuum;AV rel. pressure;SV Rel. Pressure;SV Force        ;AV Force;AV Abs. Piston T;AV Rel. Piston T;AV Speed;Power;U RMS;I RMS
;;;;°C;°C;°C;°C;°C;°C    ;%;mbar(a;mbar(a;mbar(g;mbar(g;kN    ;kN;mm;mm;mm/min;kW;V;kA
1;04.07.2023;14:48:52;00:00:00;250,0;19,1;19,5;18,2;19,6;20,0;0,0;1002,7;1,00E3;-2,4;20,00;3,0;3,0;38,84;0,02;0,002;0,0;0,00;0,049
2;04.07.2023;14:48:53;00:00:01;250,0;19,1;19,5;18,2;19,6;20,0;0,0;1002,7;1,00E3;-2,4;20,00;3,0;3,0;38,84;0,02;0,002;0,0;0,00;0,049
3;04.07.2023;14:48:54;00:00:02;250,0;19,1;19,5;18,2;19,6;20,0;0,0;1002,7;1,00E3;-2,4;20,00;3,0;3,0;38,84;0,02;0,004;0,0;0,01;0,049
4;04.07.2023;14:48:55;00:00:03;250,0;19,1;19,5;18,2;19,6;20,0;0,0;1002,7;1,00E3;-2,4;20,00;3,0;3,0;38,84;0,02;0,001;0,0;0,01;0,049
5;04.07.2023;14:48:56;00:00:04;250,0;19,0;19,5;18,2;19,6;20,0;0,0;1002,7;1,00E3;-2,4;20,00;3,0;3,0;38,84;0,02;0,002;0,0;0,00;0,049
6;04.07.2023;14:48:57;00:00:05;250,0;19,0;19,5;18,2;19,6;20,0;0,0;1002,7;1,00E3;-2,4;20,00;3,0;2,9;38,84;0,02;-0,006;0,0;0,01;0,049
7;04.07.2023;14:48:58;00:00:06;250,0;19,0;19,5;18,2;19,6;20,0;0,0;1002,8;1,00E3;-2,4;20,00;3,0;3,0;38,84;0,02;0,000;0,0;0,00;0,049
8;04.07.2023;14:48:59;00:00:07;250,0;18,9;19,4;18,1;19,5;20,0;0,0;1002,7;1,00E3;-2,4;20,00;3,0;3,0;38,84;0,02;0,001;0,0;0,01;0,049
9;04.07.2023;14:49:00;00:00:08;250,0;18,9;19,4;18,1;19,5;20,0;0,0;1002,7;1,00E3;-2,4;20,00;3,0;3,0;38,84;0,02;0,001;0,0;0,01;0,049
10;04.07.2023;14:49:01;00:00:09;250,0;18,9;19,4;18,1;19,5;20,0;0,0;965,5;9,65E2;-36,7;20,00;3,0;3,1;38,84;0,02;0,002;0,0;0,01;0,049
11;04.07.2023;14:49:02;00:00:10;250,0;18,8;19,4;18,1;19,5;20,0;0,0;940,4;9,40E2;-60,9;20,00;3,0;3,1;38,84;0,02;0,002;0,0;0,00;0,049
12;04.07.2023;14:49:03;00:00:11;250,0;18,8;19,4;18,1;19,5;20,0;0,0;892,6;8,93E2;-110,4;20,00;3,0;3,1;38,84;0,02;0,005;0,0;0,01;0,049
13;04.07.2023;14:49:04;00:00:12;250,0;18,8;19,4;18,1;19,5;20,0;0,0;849,1;8,49E2;-152,1;20,00;3,0;3,1;38,84;0,02;0,007;0,0;0,01;0,049
14;04.07.2023;14:49:05;00:00:13;250,0;18,8;19,4;18,1;19,5;20,0;0,0;828,9;8,29E2;-174,4;20,00;3,0;3,1;38,84;0,02;0,006;0,0;0,00;0,049
15;04.07.2023;14:49:06;00:00:14;250,0;18,8;19,4;18,1;19,5;20,0;0,0;793,9;7,94E2;-208,8;20,00;3,0;3,0;38,84;0,02;0,005;0,0;0,01;0,049
16;04.07.2023;14:49:07;00:00:15;250,0;18,8;19,4;18,1;19,5;20,0;0,0;757,1;7,57E2;-246,0;20,00;3,0;3,0;38,85;0,02;0,002;0,0;0,01;0,051
17;04.07.2023;14:49:08;00:00:16;250,0;18,7;19,4;18,1;19,5;20,0;0,0;741,0;7,41E2;-261,3;20,00;3,0;3,0;38,85;0,02;0,003;0,0;0,00;0,049
18;04.07.2023;14:49:09;00:00:17;250,0;18,6;19,4;18,1;19,5;20,0;0,0;710,6;7,11E2;-293,0;20,00;3,0;3,0;38,85;0,02;0,009;0,0;0,00;0,049
19;04.07.2023;14:49:10;00:00:18;250,0;18,6;19,4;18,1;19,5;20,0;0,0;696,2;6,96E2;-307,0;20,00;3,0;3,0;38,85;0,02;0,017;0,0;0,01;0,049
20;04.07.2023;14:49:11;00:00:19;250,0;18,6;19,4;18,1;19,5;20,0;0,0;667,5;6,68E2;-336,0;20,00;3,0;3,0;38,85;0,02;0,036;0,0;0,01;0,049
21;04.07.2023;14:49:12;00:00:20;250,0;18,5;19,4;18,1;19,5;20,0;0,0;641,4;6,41E2;-361,5;20,00;3,0;3,0;38,85;0,02;0,042;0,0;0,01;0,049
22;04.07.2023;14:49:13;00:00:21;250,0;18,5;19,4;18,1;19,5;20,0;0,0;626,3;6,26E2;-377,7;20,00;3,0;3,0;38,85;0,02;0,046;0,0;0,01;0,049
23;04.07.2023;14:49:14;00:00:22;250,0;18,4;19,4;18,1;19,5;20,0;0,0;600,5;6,00E2;-401,4;20,00;3,0;3,0;38,85;0,02;0,042;0,0;0,01;0,049
24;04.07.2023;14:49:15;00:00:23;250,0;18,4;19,4;18,1;19,5;20,0;0,0;576,8;5,77E2;-425,7;20,00;3,0;2,9;38,85;0,03;0,039;0,0;0,00;0,049
25;04.07.2023;14:49:16;00:00:24;250,0;18,3;19,4;18,1;19,5;20,0;0,0;566,1;5,66E2;-436,5;20,00;3,0;2,9;38,85;0,02;0,041;0,0;0,01;0,049
26;04.07.2023;14:49:17;00:00:25;250,0;18,3;19,4;18,1;19,5;20,0;0,0;543,7;5,44E2;-459,3;20,00;3,0;3,0;38,85;0,03;0,043;0,0;0,00;0,049
27;04.07.2023;14:49:18;00:00:26;250,0;18,1;19,4;18,1;19,5;20,0;0,0;522,0;5,22E2;-481,1;20,00;3,0;3,0;38,85;0,03;0,039;0,0;0,01;0,051
28;04.07.2023;14:49:19;00:00:27;250,0;17,9;19,4;17,9;19,3;20,0;0,0;510,0;5,10E2;-492,4;20,00;3,0;3,1;38,85;0,03;0,044;0,0;0,01;0,049
29;04.07.2023;14:49:20;00:00:28;250,0;17,9;19,2;17,8;19,3;20,0;0,0;491,0;4,91E2;-511,1;20,00;3,0;3,1;38,85;0,03;0,040;0,0;0,00;0,049
30;04.07.2023;14:49:21;00:00:29;250,0;17,8;19,2;17,8;19,3;20,0;0,0;481,7;4,82E2;-521,8;20,00;3,0;3,1;38,85;0,03;0,037;0,0;0,00;0,049
31;04.07.2023;14:49:22;00:00:30;250,0;17,7;19,2;17,8;19,4;20,0;0,0;462,6;4,63E2;-539,4;20,00;3,0;3,1;38,85;0,03;0,032;0,0;0,00;0,049
32;04.07.2023;14:49:23;00:00:31;250,0;17,7;19,2;17,8;19,4;20,0;0,0;444,4;4,44E2;-541,2;20,00;3,0;3,0;38,85;0,03;0,024;0,0;0,00;0,049
33;04.07.2023;14:49:24;00:00:32;250,0;17,6;19,2;17,8;19,4;20,0;0,0;436,5;4,36E2;-541,2;20,00;3,0;3,0;38,85;0,03;0,019;0,0;0,01;0,049
34;04.07.2023;14:49:25;00:00:33;250,0;17,6;19,2;17,8;19,4;20,0;0,0;417,6;4,18E2;-541,2;20,00;3,0;2,8;38,86;0,03;0,018;0,0;0,00;0,050
35;04.07.2023;14:49:26;00:00:34;250,0;17,6;19,2;17,7;19,4;20,0;0,0;402,4;4,02E2;-541,2;20,00;3,0;2,9;38,86;0,03;0,030;0,0;0,00;0,049
36;04.07.2023;14:49:27;00:00:35;250,0;17,6;19,2;17,7;19,4;20,0;0,0;394,3;3,94E2;-541,2;20,00;3,0;3,0;38,86;0,03;0,031;0,0;0,00;0,050
37;04.07.2023;14:49:28;00:00:36;250,0;17,5;19,2;17,7;19,4;20,0;0,0;379,4;3,79E2;-541,2;20,00;3,0;3,0;38,86;0,03;0,030;0,0;0,00;0,049
38;04.07.2023;14:49:29;00:00:37;250,0;17,5;19,2;17,7;19,4;20,0;0,0;364,7;3,65E2;-541,2;20,00;3,0;3,0;38,86;0,03;0,029;0,0;0,01;0,049
39;04.07.2023;14:49:30;00:00:38;250,0;17,4;19,2;17,7;19,4;20,0;0,0;357,6;3,58E2;-541,2;20,00;3,0;3,0;38,86;0,03;0,027;0,0;0,00;0,049
40;04.07.2023;14:49:31;00:00:39;250,0;17,4;19,2;17,7;19,4;20,0;0,0;342,6;3,43E2;-541,2;20,00;3,0;3,0;38,86;0,03;0,023;0,0;0,01;0,049
41;04.07.2023;14:49:32;00:00:40;250,0;17,4;19,2;17,7;19,4;20,0;0,0;329,4;3,29E2;-541,2;20,00;3,0;3,0;38,86;0,03;0,023;0,0;0,01;0,049
42;04.07.2023;14:49:33;00:00:41;250,0;17,4;19,2;17,6;19,4;20,0;0,0;323,2;3,23E2;-541,2;20,00;3,0;3,1;38,86;0,03;0,022;0,0;0,00;0,051
43;04.07.2023;14:49:34;00:00:42;250,0;17,4;19,2;17,6;19,5;20,0;0,0;310,7;3,11E2;-541,2;20,00;3,0;3,0;38,86;0,03;0,020;0,0;0,01;0,049
44;04.07.2023;14:49:35;00:00:43;250,0;17,4;19,2;17,6;19,5;20,0;0,0;304,8;3,05E2;-541,2;20,00;3,0;2,9;38,86;0,03;0,022;0,0;0,00;0,049
45;04.07.2023;14:49:36;00:00:44;250,0;17,3;19,2;17,6;19,5;20,0;0,0;293,0;2,93E2;-541,2;20,00;3,0;2,9;38,86;0,03;0,022;0,0;0,00;0,051
46;04.07.2023;14:49:37;00:00:45;250,0;17,3;19,2;17,6;19,5;20,0;0,0;280,9;2,81E2;-541,2;20,00;3,0;2,9;38,86;0,03;0,014;0,0;0,01;0,049
47;04.07.2023;14:49:38;00:00:46;250,0;17,3;19,2;17,6;19,5;20,0;0,0;275,3;2,75E2;-541,2;20,00;3,0;2,9;38,86;0,04;0,019;0,0;0,01;0,049
48;04.07.2023;14:49:39;00:00:47;250,0;17,3;19,1;17,5;19,4;20,0;0,0;264,9;2,65E2;-541,2;20,00;3,0;3,1;38,86;0,04;0,025;0,0;0,00;0,049
49;04.07.2023;14:49:40;00:00:48;250,0;17,3;19,1;17,5;19,4;20,0;0,0;254,7;2,55E2;-541,2;20,00;3,0;3,0;38,86;0,04;0,024;0,0;0,00;0,049
50;04.07.2023;14:49:41;00:00:49;250,0;17,3;19,1;17,5;19,4;20,0;0,0;249,8;2,50E2;-541,2;20,00;3,0;2,9;38,86;0,04;0,024;0,0;0,01;0,049
51;04.07.2023;14:49:42;00:00:50;250,0;17,3;19,1;17,5;19,4;20,0;0,0;240,3;2,40E2;-541,2;20,00;3,0;3,0;38,86;0,04;0,026;0,0;0,00;0,049
52;04.07.2023;14:49:43;00:00:51;250,0;17,3;19,1;17,4;19,4;20,0;0,0;230,3;2,30E2;-541,2;20,00;3,0;3,1;38,86;0,04;0,021;0,0;0,01;0,051
53;04.07.2023;14:49:44;00:00:52;250,0;17,3;19,1;17,4;19,4;20,0;0,0;225,7;2,26E2;-541,2;20,00;3,0;3,1;38,86;0,04;0,019;0,0;0,01;0,049
54;04.07.2023;14:49:45;00:00:53;250,0;17,3;19,1;17,4;19,5;20,0;0,0;217,1;2,17E2;-541,2;20,00;3,0;3,0;38,86;0,04;0,016;0,0;0,00;0,050
55;04.07.2023;14:49:46;00:00:54;250,0;17,3;19,1;17,4;19,5;20,0;0,0;208,8;2,09E2;-541,2;20,00;3,0;3,0;38,86;0,04;0,015;0,0;0,00;0,052
56;04.07.2023;14:49:47;00:00:55;250,0;17,3;19,1;17,4;19,5;20,0;0,0;204,8;2,05E2;-541,2;20,00;3,0;3,1;38,86;0,04;0,017;0,0;0,01;0,049
57;04.07.2023;14:49:48;00:00:56;250,0;17,3;19,1;17,4;19,5;20,0;0,0;197,0;1,97E2;-541,2;20,00;3,0;3,1;38,86;0,04;0,018;0,0;0,00;0,051
58;04.07.2023;14:49:49;00:00:57;250,0;17,3;19,1;17,4;19,5;20,0;0,0;193,4;1,93E2;-541,2;20,00;3,0;3,0;38,86;0,04;0,014;0,0;0,00;0,049
59;04.07.2023;14:49:50;00:00:58;250,0;17,3;19,1;17,4;19,5;20,0;0,0;185,4;1,85E2;-541,2;20,00;3,0;3,0;38,86;0,04;0,008;0,0;0,01;0,054
60;04.07.2023;14:49:51;00:00:59;250,0;17,3;19,1;17,4;19,5;20,0;0,0;178,3;1,78E2;-541,2;20,00;3,0;3,0;38,87;0,04;0,011;0,0;0,01;0,049
61;04.07.2023;14:49:52;00:01:00;250,0;17,3;19,1;17,4;19,5;20,0;0,0;174,6;1,75E2;-541,2;20,00;3,0;3,1;38,86;0,04;0,016;0,0;0,01;0,049
62;04.07.2023;14:49:53;00:01:01;250,0;17,3;19,1;17,4;19,5;20,0;0,0;165,6;1,66E2;-541,2;20,00;3,0;2,9;38,86;0,04;0,013;0,0;0,00;0,049
63;04.07.2023;14:49:54;00:01:02;250,0;17,3;19,1;17,4;19,5;20,0;0,0;152,0;1,52E2;-541,2;20,00;3,0;3,1;38,87;0,04;0,019;0,0;0,00;0,049
64;04.07.2023;14:49:55;00:01:03;250,0;17,3;19,1;17,4;19,5;20,0;0,0;145,6;1,46E2;-541,2;20,00;3,0;3,1;38,87;0,04;0,020;0,0;0,01;0,049
65;04.07.2023;14:49:56;00:01:04;250,0;17,3;19,1;17,3;19,5;20,0;0,0;133,1;1,33E2;-541,2;20,00;3,0;3,0;38,87;0,04;0,017;0,0;0,01;0,049
66;04.07.2023;14:49:57;00:01:05;250,0;17,3;19,1;17,3;19,5;20,0;0,0;123,4;1,23E2;-541,2;20,00;3,0;2,9;38,87;0,04;0,014;0,0;0,00;0,049
67;04.07.2023;14:49:58;00:01:06;250,0;17,3;19,1;17,3;19,5;20,0;0,0;118,8;1,19E2;-541,2;20,00;3,0;2,9;38,87;0,04;0,014;0,0;0,00;0,049
68;04.07.2023;14:49:59;00:01:07;250,0;17,2;19,1;17,3;19,4;20,0;0,0;109,8;1,10E2;-541,2;20,00;3,0;2,9;38,87;0,04;0,012;0,0;0,00;0,050
69;04.07.2023;14:50:00;00:01:08;250,0;17,2;19,0;17,2;19,4;20,0;0,0;105,9;1,06E2;-541,2;20,00;3,0;2,9;38,87;0,04;0,015;0,0;0,00;0,049
70;04.07.2023;14:50:01;00:01:09;250,0;17,1;19,0;17,2;19,4;20,0;0,0;98,0;9,80E1;-541,2;20,00;3,0;3,1;38,87;0,04;0,022;0,0;0,00;0,053
71;04.07.2023;14:50:02;00:01:10;250,0;17,1;19,0;17,2;19,4;20,0;0,0;90,4;9,04E1;-541,2;20,00;3,0;2,9;38,87;0,04;0,014;0,0;0,01;0,049
72;04.07.2023;14:50:03;00:01:11;250,0;17,1;19,0;17,2;19,4;20,0;0,0;87,1;8,71E1;-541,2;20,00;3,0;3,0;38,87;0,04;0,016;0,0;0,00;0,049
73;04.07.2023;14:50:04;00:01:12;250,0;17,1;19,0;17,2;19,4;20,0;0,0;80,9;8,09E1;-541,2;20,00;3,0;3,0;38,87;0,04;0,018;0,0;0,00;0,049
74;04.07.2023;14:50:05;00:01:13;250,0;17,1;19,0;17,2;19,4;20,0;0,0;75,1;7,51E1;-541,2;20,00;3,0;2,9;38,87;0,04;0,013;0,0;0,00;0,049
75;04.07.2023;14:50:06;00:01:14;250,0;17,1;19,0;17,2;19,4;20,0;0,0;72,4;7,24E1;-541,2;20,00;3,0;3,0;38,87;0,04;0,017;0,0;0,00;0,049
76;04.07.2023;14:50:07;00:01:15;250,0;17,1;19,0;17,2;19,4;20,0;0,0;66,8;6,68E1;-541,2;20,00;3,0;2,9;38,87;0,04;0,014;0,0;0,00;0,049
77;04.07.2023;14:50:08;00:01:16;250,0;17,1;19,0;17,2;19,4;20,0;0,0;61,4;6,14E1;-541,2;20,00;3,0;3,0;38,87;0,04;0,016;0,0;0,00;0,051
78;04.07.2023;14:50:09;00:01:17;250,0;17,1;19,0;17,2;19,4;20,0;0,0;58,8;5,88E1;-541,2;20,00;3,0;3,0;38,87;0,04;0,019;0,0;0,00;0,049
79;04.07.2023;14:50:10;00:01:18;250,0;17,1;19,0;17,2;19,4;20,0;0,0;54,5;5,45E1;-541,2;20,00;3,0;2,9;38,87;0,04;0,017;0,0;0,00;0,049
80;04.07.2023;14:50:11;00:01:19;250,0;17,1;19,0;17,2;19,4;20,0;0,0;50,4;5,04E1;-541,2;20,00;3,0;3,0;38,87;0,04;0,014;0,0;0,00;0,049
81;04.07.2023;14:50:12;00:01:20;250,0;17,1;19,0;17,2;19,4;20,0;0,0;48,5;4,85E1;-541,2;20,00;3,0;3,0;38,87;0,04;0,020;0,0;0,00;0,049
82;04.07.2023;14:50:13;00:01:21;250,0;17,1;19,0;17,2;19,4;20,0;0,0;45,1;4,51E1;-541,2;20,00;3,0;3,0;38,87;0,04;0,013;0,0;0,00;0,051
83;04.07.2023;14:50:14;00:01:22;250,0;17,1;19,0;17,2;19,4;20,0;0,0;43,2;4,32E1;-541,2;20,00;3,0;2,9;38,87;0,04;0,010;0,0;0,00;0,049
84;04.07.2023;14:50:15;00:01:23;250,0;17,1;19,0;17,2;19,5;20,0;0,0;40,0;4,00E1;-541,2;20,00;3,0;2,9;38,87;0,04;0,005;0,0;0,01;0,050
85;04.07.2023;14:50:16;00:01:24;250,0;17,2;19,0;17,2;19,5;20,0;0,0;35,5;3,55E1;-541,2;20,00;3,0;3,0;38,87;0,04;0,007;0,0;0,00;0,049
86;04.07.2023;14:50:17;00:01:25;250,0;17,2;19,0;17,2;19,5;20,0;0,0;34,2;3,42E1;-541,2;20,00;3,0;3,1;38,87;0,04;0,011;0,0;0,01;0,049
87;04.07.2023;14:50:18;00:01:26;250,0;17,2;19,0;17,1;19,5;20,0;0,0;31,7;3,17E1;-541,2;20,00;3,0;3,1;38,87;0,04;0,015;0,0;0,01;0,052
88;04.07.2023;14:50:19;00:01:27;250,0;17,0;19,0;17,1;19,4;20,0;0,0;30,5;3,05E1;-541,2;20,00;3,0;3,0;38,87;0,04;0,010;0,0;0,01;0,049
89;04.07.2023;14:50:20;00:01:28;250,0;17,1;18,9;17,1;19,4;20,0;0,0;28,0;2,80E1;-541,2;20,00;3,0;3,0;38,87;0,05;0,011;0,0;0,01;0,050
90;04.07.2023;14:50:21;00:01:29;250,0;17,1;18,9;17,1;19,4;20,0;0,0;26,2;2,62E1;-541,2;20,00;3,0;3,0;38,87;0,05;0,009;0,0;0,01;0,049
91;04.07.2023;14:50:22;00:01:30;250,0;17,1;18,9;17,1;19,4;20,0;0,0;25,1;2,51E1;-541,2;20,00;3,0;2,9;38,87;0,04;0,004;0,0;0,00;0,053
92;04.07.2023;14:50:23;00:01:31;250,0;17,1;18,9;17,1;19,4;20,0;0,0;23,1;2,31E1;-541,2;20,00;3,0;2,9;38,87;0,04;0,000;0,0;0,01;0,054
93;04.07.2023;14:50:24;00:01:32;250,0;17,1;18,9;17,1;19,4;20,0;0,0;21,2;2,12E1;-541,2;20,00;3,0;2,9;38,87;0,04;-0,002;0,0;0,01;0,049
94;04.07.2023;14:50:25;00:01:33;250,0;17,1;18,9;17,1;19,4;20,0;0,0;20,6;2,06E1;-541,2;20,00;3,0;2,9;38,87;0,05;0,002;0,0;0,00;0,052
95;04.07.2023;14:50:26;00:01:34;250,0;17,1;18,9;17,1;19,4;20,0;0,0;19,1;1,91E1;-541,2;20,00;3,0;2,9;38,87;0,05;-0,002;0,0;0,01;0,049
96;04.07.2023;14:50:27;00:01:35;250,0;17,1;18,9;17,1;19,4;20,0;0,0;17,6;1,76E1;-541,2;20,00;3,0;3,0;38,87;0,04;0,001;0,0;0,00;0,049
97;04.07.2023;14:50:28;00:01:36;250,0;17,1;18,9;17,1;19,4;20,0;0,0;16,9;1,69E1;-541,2;20,00;3,0;3,0;38,87;0,04;0,001;0,0;0,00;0,049
98;04.07.2023;14:50:29;00:01:37;250,0;17,1;18,9;17,1;19,4;20,0;0,0;15,6;1,56E1;-541,2;20,00;3,0;2,9;38,87;0,05;-0,003;0,0;0,00;0,050
99;04.07.2023;14:50:30;00:01:38;250,0;17,1;18,9;17,1;19,4;20,0;0,0;14,3;1,43E1;-541,2;20,00;3,0;3,0;38,87;0,04;0,000;0,0;0,00;0,049
100;04.07.2023;14:50:31;00:01:39;250,0;17,1;18,9;17,2;19,4;20,0;0,0;14,0;1,40E1;-541,2;20,00;3,0;3,0;38,87;0,05;-0,001;0,0;0,01;0,049
101;04.07.2023;14:50:32;00:01:40;250,0;17,1;18,9;17,2;19,4;20,0;0,0;12,9;1,29E1;-541,2;20,00;3,0;3,0;38,87;0,05;0,004;0,0;0,01;0,049
102;04.07.2023;14:50:33;00:01:41;250,0;17,1;18,9;17,2;19,4;20,0;0,0;12,5;1,25E1;-541,2;20,00;3,0;3,0;38,87;0,05;-0,001;0,0;0,01;0,049
103;04.07.2023;14:50:34;00:01:42;250,0;17,1;18,9;17,2;19,4;20,0;0,0;11,6;1,16E1;-541,2;20,00;3,0;3,0;38,87;0,05;0,001;0,0;0,01;0,049
104;04.07.2023;14:50:35;00:01:43;250,0;17,1;18,9;17,2;19,4;20,0;0,0;10,8;1,08E1;-541,2;20,00;3,0;2,9;38,87;0,04;-0,001;0,0;0,00;0,049
105;04.07.2023;14:50:36;00:01:44;250,0;17,1;18,9;17,2;19,4;20,0;0,0;10,3;1,03E1;-541,2;20,00;3,0;3,0;38,87;0,05;0,002;0,0;0,00;0,051
106;04.07.2023;14:50:37;00:01:45;250,0;17,1;18,9;17,2;19,4;20,0;0,0;9,4;9,38E0;-541,2;20,00;3,0;3,1;38,87;0,04;0,005;0,0;0,00;0,051
107;04.07.2023;14:50:38;00:01:46;250,0;17,1;18,8;17,1;19,3;20,0;0,0;8,1;8,11E0;-541,2;20,00;3,0;3,0;38,87;0,05;0,004;0,0;0,00;0,049
108;04.07.2023;14:50:39;00:01:47;250,0;17,1;18,8;17,1;19,3;20,0;0,0;7,7;7,70E0;-541,2;20,00;3,0;3,0;38,87;0,04;0,006;0,0;0,00;0,049
109;04.07.2023;14:50:40;00:01:48;250,0;17,1;18,8;17,1;19,3;20,0;0,0;7,0;6,99E0;-541,2;20,00;3,0;3,0;38,87;0,05;0,005;0,0;0,00;0,049
110;04.07.2023;14:50:41;00:01:49;250,0;17,1;18,8;17,1;19,3;20,0;0,0;6,4;6,37E0;-541,2;20,00;3,0;2,9;38,87;0,05;0,006;0,0;0,00;0,049
111;04.07.2023;14:50:42;00:01:50;250,0;17,1;18,8;17,1;19,4;20,0;0,0;6,1;6,09E0;-541,2;20,00;3,0;2,9;38,87;0,05;0,002;0,0;0,00;0,051
112;04.07.2023;14:50:43;00:01:51;250,0;17,1;18,8;17,1;19,4;20,0;0,0;5,5;5,47E0;-541,2;20,00;3,0;3,0;38,87;0,04;0,003;0,0;0,01;0,049
113;04.07.2023;14:50:44;00:01:52;250,0;17,1;18,8;17,1;19,4;20,0;0,0;5,3;5,34E0;-541,2;20,00;3,0;3,0;38,87;0,05;0,000;0,0;0,00;0,051
114;04.07.2023;14:50:45;00:01:53;250,0;17,1;18,8;17,1;19,4;20,0;0,0;4,8;4,79E0;-541,2;20,00;3,0;3,0;38,87;0,05;0,002;0,0;0,00;0,049
115;04.07.2023;14:50:46;00:01:54;250,0;17,1;18,8;17,1;19,4;20,0;0,0;4,4;4,40E0;-541,2;20,00;3,0;3,0;38,87;0,05;0,003;0,0;0,01;0,049
116;04.07.2023;14:50:47;00:01:55;250,0;17,1;18,8;17,1;19,4;20,0;0,0;4,2;4,23E0;-541,2;20,00;3,0;3,0;38,87;0,05;0,002;0,0;0,01;0,049
117;04.07.2023;14:50:48;00:01:56;250,0;17,1;18,8;17,2;19,4;20,0;0,0;3,9;3,94E0;-541,2;20,00;3,0;3,0;38,87;0,05;0,003;0,0;0,00;0,049
118;04.07.2023;14:50:49;00:01:57;250,0;17,1;18,8;17,2;19,4;20,0;0,0;3,6;3,64E0;-541,2;20,00;3,0;3,0;38,87;0,05;0,005;0,0;0,00;0,049
119;04.07.2023;14:50:50;00:01:58;250,0;17,1;18,8;17,2;19,4;20,0;0,0;3,4;3,43E0;-541,2;20,00;3,0;3,0;38,87;0,05;0,007;0,0;0,01;0,050
120;04.07.2023;14:50:51;00:01:59;250,0;17,1;18,8;17,2;19,4;20,0;0,0;3,1;3,13E0;-541,2;20,00;3,0;3,0;38,87;0,05;0,007;0,0;0,00;0,050
121;04.07.2023;14:50:52;00:02:00;250,0;17,1;18,8;17,2;19,4;20,0;0,0;2,9;2,88E0;-541,2;20,00;3,0;3,1;38,87;0,05;0,010;0,0;0,00;0,051
122;04.07.2023;14:50:53;00:02:01;250,0;17,1;18,8;17,2;19,4;20,0;0,0;2,7;2,74E0;-541,2;20,00;3,0;3,0;38,87;0,05;0,009;0,0;0,01;0,051
123;04.07.2023;14:50:54;00:02:02;250,0;17,1;18,8;17,2;19,4;20,0;0,0;2,6;2,60E0;-541,2;20,00;3,0;3,0;38,87;0,05;0,008;0,0;0,00;0,051
124;04.07.2023;14:50:55;00:02:03;250,0;17,2;18,8;17,2;19,4;20,0;0,0;2,4;2,39E0;-541,2;20,00;3,0;3,0;38,87;0,05;0,003;0,0;0,00;0,049
125;04.07.2023;14:50:56;00:02:04;250,0;17,2;18,8;17,2;19,4;20,0;0,0;2,3;2,32E0;-541,2;20,00;3,0;3,0;38,87;0,05;-0,001;0,0;0,00;0,049
126;04.07.2023;14:50:57;00:02:05;250,0;17,2;18,8;17,2;19,4;20,0;0,0;2,2;2,20E0;-541,2;20,00;3,0;3,0;38,87;0,05;0,002;0,0;0,00;0,049
127;04.07.2023;14:50:58;00:02:06;250,0;17,2;18,8;17,2;19,4;20,0;0,0;2,1;2,09E0;-541,2;20,00;3,0;2,9;38,87;0,05;0,001;0,0;0,00;0,049
128;04.07.2023;14:50:59;00:02:07;250,0;17,0;18,7;17,0;19,3;20,0;0,0;1,9;1,95E0;-541,2;20,00;3,0;2,9;38,87;0,05;0,001;0,0;0,00;0,049
129;04.07.2023;14:51:00;00:02:08;250,0;17,0;18,7;17,0;19,3;20,0;0,0;1,8;1,83E0;-541,2;20,00;3,0;2,9;38,87;0,05;-0,001;0,0;0,01;0,049
130;04.07.2023;14:51:01;00:02:09;250,0;17,0;18,7;17,0;19,3;20,0;0,0;1,8;1,77E0;-541,2;20,00;3,0;3,0;38,87;0,05;0,002;0,0;0,00;0,049
131;04.07.2023;14:51:02;00:02:10;250,0;17,0;18,6;17,1;19,3;20,0;0,0;1,7;1,67E0;-541,2;20,00;3,0;3,0;38,87;0,05;0,003;0,0;0,01;0,049
132;04.07.2023;14:51:03;00:02:11;250,0;17,0;18,7;17,1;19,3;20,0;0,0;1,6;1,58E0;-541,2;20,00;3,0;2,9;38,87;0,05;0,002;0,0;0,01;0,049
133;04.07.2023;14:51:04;00:02:12;250,0;17,0;18,7;17,1;19,3;20,0;0,0;1,5;1,55E0;-541,2;20,00;3,0;3,0;38,87;0,05;0,003;0,0;0,01;0,049
134;04.07.2023;14:51:05;00:02:13;250,0;17,0;18,7;17,1;19,3;20,0;0,0;1,5;1,49E0;-541,2;20,00;3,0;3,0;38,87;0,05;0,001;0,0;0,00;0,049
135;04.07.2023;14:51:06;00:02:14;250,0;17,0;18,7;17,1;19,3;20,0;0,0;1,4;1,43E0;-541,2;20,00;3,0;2,9;38,87;0,05;0,000;0,0;0,01;0,049
136;04.07.2023;14:51:07;00:02:15;250,0;17,0;18,7;17,1;19,3;20,0;0,0;1,4;1,38E0;-541,2;20,00;3,0;2,9;38,87;0,05;0,000;0,0;0,00;0,049
137;04.07.2023;14:51:08;00:02:16;250,0;17,1;18,7;17,1;19,3;20,0;0,0;1,3;1,32E0;-541,2;20,00;3,0;3,0;38,87;0,05;0,001;0,0;0,01;0,049
138;04.07.2023;14:51:09;00:02:17;250,0;17,1;18,7;17,1;19,3;20,0;0,0;1,2;1,24E0;-541,2;20,00;3,0;2,9;38,87;0,05;-0,005;0,0;0,00;0,049
139;04.07.2023;14:51:10;00:02:18;250,0;17,1;18,7;17,1;19,3;20,0;0,0;1,2;1,21E0;-541,2;20,00;3,0;3,0;38,87;0,05;-0,001;0,0;0,00;0,049
140;04.07.2023;14:51:11;00:02:19;250,0;17,1;18,7;17,1;19,3;20,0;0,0;1,2;1,15E0;-541,2;20,00;3,0;3,0;38,87;0,05;0,003;0,0;0,01;0,049
141;04.07.2023;14:51:12;00:02:20;250,0;17,1;18,7;17,1;19,3;20,0;0,0;1,1;1,11E0;-541,2;20,00;3,0;2,9;38,87;0,05;0,000;0,0;0,00;0,049
142;04.07.2023;14:51:13;00:02:21;250,0;17,1;18,7;17,2;19,3;20,0;0,0;1,1;1,07E0;-541,2;20,00;3,0;3,0;38,87;0,05;0,001;0,0;0,01;0,049
143;04.07.2023;14:51:14;00:02:22;250,0;17,1;18,7;17,2;19,3;20,0;0,0;1,0;9,69E-1;-541,2;20,00;3,0;3,0;38,87;0,05;0,002;0,0;0,01;0,049
144;04.07.2023;14:51:15;00:02:23;250,0;17,1;18,7;17,2;19,3;20,0;0,0;0,9;9,50E-1;-541,2;20,00;3,0;3,1;38,87;0,05;0,002;0,0;0,00;0,049
145;04.07.2023;14:51:16;00:02:24;250,0;17,1;18,7;17,2;19,3;20,0;0,0;0,9;9,31E-1;-541,2;20,00;3,0;3,1;38,87;0,05;0,004;0,0;0,01;0,049
146;04.07.2023;14:51:17;00:02:25;250,0;17,1;18,7;17,2;19,3;20,0;0,0;0,9;8,96E-1;-541,2;20,00;3,0;3,0;38,87;0,05;0,000;0,0;0,01;0,051
147;04.07.2023;14:51:18;00:02:26;250,0;17,1;18,7;17,2;19,3;20,0;0,0;0,9;8,78E-1;-541,2;20,00;3,0;2,9;38,87;0,05;-0,004;0,0;0,01;0,051
148;04.07.2023;14:51:19;00:02:27;250,0;17,1;18,7;17,2;19,3;20,0;0,0;0,8;8,43E-1;-541,2;20,00;3,0;3,0;38,87;0,05;-0,002;0,0;0,01;0,049
149;04.07.2023;14:51:20;00:02:28;250,0;17,1;18,7;17,2;19,3;20,0;0,0;0,8;8,05E-1;-541,2;20,00;3,0;3,1;38,87;0,05;0,002;0,0;0,01;0,049
150;04.07.2023;14:51:21;00:02:29;250,0;17,1;18,7;17,2;19,3;20,0;0,0;0,8;7,88E-1;-541,2;20,00;3,0;3,1;38,87;0,05;0,004;0,0;0,01;0,049
151;04.07.2023;14:51:22;00:02:30;250,0;17,1;18,7;17,2;19,3;20,0;0,0;0,8;7,61E-1;-541,2;20,00;3,0;3,0;38,87;0,05;0,003;0,0;0,00;0,049
152;04.07.2023;14:51:23;00:02:31;250,0;17,1;18,7;17,2;19,3;20,0;0,0;0,7;7,34E-1;-541,2;20,00;3,0;3,0;38,87;0,05;0,001;0,0;0,01;0,049
153;04.07.2023;14:51:24;00:02:32;250,0;17,1;18,7;17,2;19,3;20,0;0,0;0,7;7,23E-1;-541,2;20,00;3,0;3,0;38,87;0,05;0,000;0,0;0,01;0,049
154;04.07.2023;14:51:25;00:02:33;250,0;17,1;18,7;17,2;19,3;20,0;0,0;0,7;6,97E-1;-541,2;20,00;3,0;3,0;38,87;0,05;0,000;0,0;0,01;0,049
155;04.07.2023;14:51:26;00:02:34;250,0;17,2;18,7;17,2;19,3;20,0;0,0;0,7;6,71E-1;-541,2;20,00;3,0;3,0;38,87;0,05;0,004;0,0;0,00;0,049
156;04.07.2023;14:51:27;00:02:35;250,0;17,2;18,7;17,2;19,3;20,0;0,0;0,7;6,59E-1;-541,2;20,00;3,0;3,0;38,87;0,05;0,002;0,0;0,00;0,049
157;04.07.2023;14:51:28;00:02:36;250,0;17,2;18,7;17,2;19,4;20,0;0,0;0,6;6,35E-1;-541,2;20,00;3,0;3,0;38,87;0,05;0,002;0,0;0,00;0,053
158;04.07.2023;14:51:29;00:02:37;250,0;17,2;18,7;17,2;19,4;20,0;0,0;0,6;6,23E-1;-541,2;20,00;3,0;3,0;38,87;0,05;0,003;0,0;0,00;0,049
159;04.07.2023;14:51:30;00:02:38;250,0;17,2;18,7;17,2;19,4;20,0;0,0;0,6;6,00E-1;-541,2;20,00;3,0;3,0;38,87;0,05;-0,001;0,0;0,00;0,049
160;04.07.2023;14:51:31;00:02:39;250,0;17,2;18,7;17,2;19,4;20,0;0,0;0,6;5,77E-1;-541,2;20,00;3,0;3,0;38,87;0,05;0,002;0,0;0,00;0,051
161;04.07.2023;14:51:32;00:02:40;250,0;17,2;18,7;17,2;19,4;20,0;0,0;0,6;5,65E-1;-541,2;20,00;3,0;3,0;38,87;0,05;0,005;0,0;0,01;0,049
162;04.07.2023;14:51:33;00:02:41;250,0;17,2;18,7;17,2;19,4;20,0;0,0;0,5;5,42E-1;-541,2;20,00;3,0;3,0;38,87;0,05;0,003;0,0;0,01;0,052
163;04.07.2023;14:51:34;00:02:42;250,0;17,2;18,7;17,2;19,4;20,0;0,0;0,5;5,23E-1;-541,2;20,00;3,0;3,1;38,87;0,05;0,005;0,0;0,01;0,050
164;04.07.2023;14:51:35;00:02:43;250,0;17,2;18,7;17,2;19,4;20,0;0,0;0,5;5,15E-1;-541,2;20,00;3,0;3,0;38,87;0,05;0,006;0,0;0,01;0,049
165;04.07.2023;14:51:36;00:02:44;250,0;17,2;18,7;17,3;19,4;20,0;0,0;0,5;4,99E-1;-541,2;20,00;3,0;3,0;38,87;0,05;0,002;0,0;0,00;0,049
166;04.07.2023;14:51:37;00:02:45;250,0;17,2;18,7;17,3;19,4;20,0;0,0;0,5;4,83E-1;-541,2;20,00;3,0;2,9;38,87;0,05;0,000;0,0;0,01;0,049
167;04.07.2023;14:51:38;00:02:46;250,0;17,2;18,7;17,3;19,4;20,0;0,0;0,5;4,75E-1;-541,2;20,00;3,0;2,9;38,87;0,05;-0,004;0,0;0,00;0,052
168;04.07.2023;14:51:39;00:02:47;250,0;17,1;18,7;17,2;19,3;20,0;0,0;0,5;4,60E-1;-541,2;20,00;3,0;2,9;38,87;0,05;0,000;0,0;0,00;0,049
169;04.07.2023;14:51:40;00:02:48;250,0;17,1;18,6;17,2;19,3;20,0;0,0;0,4;4,46E-1;-541,2;20,00;3,0;3,0;38,87;0,05;0,002;0,0;0,00;0,049
170;04.07.2023;14:51:41;00:02:49;250,0;17,1;18,6;17,2;19,3;20,0;0,0;0,4;4,38E-1;-541,2;20,00;3,0;3,0;38,87;0,05;0,001;0,0;0,01;0,051
171;04.07.2023;14:51:42;00:02:50;250,0;17,1;18,6;17,2;19,3;20,0;0,0;0,4;4,25E-1;-541,2;20,00;3,0;2,9;38,87;0,05;-0,001;0,0;0,01;0,049
172;04.07.2023;14:51:43;00:02:51;250,0;17,1;18,6;17,2;19,3;20,0;0,0;0,4;4,18E-1;-541,2;20,00;3,0;3,0;38,87;0,05;-0,002;0,0;0,01;0,049
173;04.07.2023;14:51:44;00:02:52;250,0;17,1;18,6;17,2;19,3;20,0;0,0;0,4;4,04E-1;-541,2;20,00;3,0;3,1;38,87;0,05;0,002;0,0;0,00;0,050
174;04.07.2023;14:51:45;00:02:53;250,0;17,1;18,6;17,2;19,3;20,5;0,2;0,4;3,91E-1;-541,2;20,00;3,0;3,0;38,87;0,05;-0,002;0,0;0,01;0,049
175;04.07.2023;14:51:46;00:02:54;250,0;17,1;18,6;17,2;19,3;21,2;0,3;0,4;3,85E-1;-541,2;20,00;3,0;3,0;38,87;0,05;0,001;0,0;0,01;0,049
176;04.07.2023;14:51:47;00:02:55;250,0;17,1;18,6;17,2;19,3;22,6;0,5;0,4;3,73E-1;-541,2;20,00;3,0;3,0;38,87;0,05;-0,002;0,0;0,01;0,049
177;04.07.2023;14:51:48;00:02:56;250,0;17,2;18,6;17,2;19,3;24,0;0,6;0,4;3,61E-1;-541,2;20,00;3,0;3,0;38,87;0,05;0,000;0,0;0,01;0,049
178;04.07.2023;14:51:49;00:02:57;250,0;17,2;18,6;17,2;19,3;24,7;0,7;0,4;3,57E-1;-541,2;20,00;3,0;3,0;38,87;0,05;0,002;0,0;0,00;0,049
179;04.07.2023;14:51:50;00:02:58;250,0;17,2;18,6;17,2;19,3;26,2;0,8;0,3;3,47E-1;-541,2;20,00;3,0;2,9;38,87;0,05;-0,003;0,0;0,00;0,049
180;04.07.2023;14:51:51;00:02:59;250,0;17,2;18,6;17,2;19,3;27,6;0,9;0,3;3,38E-1;-541,2;20,00;3,0;3,0;38,87;0,05;-0,004;0,0;0,01;0,049
181;04.07.2023;14:51:52;00:03:00;250,0;17,2;18,6;17,2;19,3;27,8;1,0;0,3;3,37E-1;-541,2;20,00;3,0;3,0;38,87;0,05;-0,003;0,0;0,00;0,049
182;04.07.2023;14:51:53;00:03:01;250,0;17,2;18,6;17,2;19,4;29,7;1,1;0,3;3,26E-1;-541,2;20,00;3,0;3,0;38,87;0,05;-0,001;0,0;0,00;0,049
183;04.07.2023;14:51:54;00:03:02;250,0;17,2;18,6;17,2;19,4;31,1;1,3;0,3;3,18E-1;-541,2;20,00;3,0;3,0;38,87;0,05;0,002;0,0;0,00;0,049
184;04.07.2023;14:51:55;00:03:03;250,0;17,2;18,6;17,2;19,4;31,8;1,3;0,3;3,15E-1;-541,2;20,00;3,0;3,1;38,87;0,05;0,001;0,0;0,01;0,049
185;04.07.2023;14:51:56;00:03:04;250,0;17,2;18,6;17,2;19,4;33,3;1,5;0,3;3,06E-1;-541,2;20,00;3,0;2,9;38,87;0,05;-0,003;0,0;0,00;0,050
186;04.07.2023;14:51:57;00:03:05;250,0;17,2;18,6;17,2;19,4;33,8;1,5;0,3;3,04E-1;-541,2;20,00;3,0;3,0;38,87;0,05;-0,002;0,0;0,01;0,049
187;04.07.2023;14:51:58;00:03:06;250,0;17,2;18,6;17,2;19,4;35,4;1,7;0,3;2,95E-1;-541,2;20,00;3,0;3,0;38,87;0,05;-0,001;0,0;0,00;0,049
188;04.07.2023;14:51:59;00:03:07;250,0;17,2;18,6;17,2;19,3;36,8;1,8;0,3;2,89E-1;-541,2;20,00;3,0;3,0;38,87;0,05;0,002;0,0;0,01;0,049
189;04.07.2023;14:52:00;00:03:08;250,0;17,2;18,6;17,2;19,3;37,5;1,9;0,3;2,86E-1;-541,2;20,00;3,0;3,0;38,87;0,05;0,003;0,0;0,01;0,049
190;04.07.2023;14:52:01;00:03:09;250,0;17,2;18,6;17,2;19,3;38,9;2,1;0,3;2,79E-1;-541,2;20,00;3,0;3,0;38,87;0,05;0,004;0,0;0,01;0,049
191;04.07.2023;14:52:02;00:03:10;250,0;17,2;18,6;17,2;19,3;40,4;2,2;0,3;2,72E-1;-541,2;20,00;3,0;2,9;38,87;0,05;0,003;0,0;0,01;0,049
192;04.07.2023;14:52:03;00:03:11;250,0;17,2;18,6;17,2;19,3;40,9;2,3;0,3;2,70E-1;-541,2;20,00;3,0;2,9;38,87;0,05;0,000;0,0;0,01;0,052
193;04.07.2023;14:52:04;00:03:12;250,0;17,2;18,6;17,2;19,3;42,5;2,4;0,3;2,63E-1;-541,2;20,00;3,0;3,1;38,87;0,05;0,008;0,0;0,01;0,049
194;04.07.2023;14:52:05;00:03:13;250,0;17,2;18,6;17,2;19,3;43,9;2,6;0,3;2,58E-1;-541,2;20,00;3,0;3,0;38,87;0,05;0,004;0,0;0,00;0,049
195;04.07.2023;14:52:06;00:03:14;250,0;17,2;18,6;17,2;19,3;44,6;2,7;0,3;2,55E-1;-541,2;20,00;3,0;3,0;38,87;0,05;0,003;0,0;0,00;0,051
196;04.07.2023;14:52:07;00:03:15;250,0;17,2;18,6;17,2;19,3;46,0;2,8;0,2;2,50E-1;-541,2;20,00;3,0;3,0;38,87;0,05;0,002;0,0;0,01;0,049
197;04.07.2023;14:52:08;00:03:16;250,0;17,2;18,6;17,2;19,3;46,7;2,9;0,2;2,47E-1;-541,2;20,00;3,0;3,0;38,87;0,05;0,002;0,0;0,01;0,049
198;04.07.2023;14:52:09;00:03:17;250,0;17,2;18,6;17,2;19,3;48,2;3,0;0,2;2,42E-1;-541,2;20,00;3,0;3,0;38,87;0,05;0,002;0,0;0,00;0,049
199;04.07.2023;14:52:10;00:03:18;250,0;17,2;18,6;17,2;19,3;49,6;3,2;0,2;2,38E-1;-541,2;20,00;3,0;3,0;38,87;0,05;0,000;0,0;0,00;0,049
200;04.07.2023;14:52:11;00:03:19;250,0;17,2;18,6;17,2;19,3;50,3;3,3;0,2;2,36E-1;-541,2;20,00;3,0;3,0;38,87;0,05;0,004;0,0;0,01;0,049
201;04.07.2023;14:52:12;00:03:20;250,0;17,2;18,6;17,2;19,3;51,7;3,4;0,2;2,32E-1;-541,2;20,00;3,0;3,0;38,87;0,05;0,003;0,0;0,00;0,049
202;04.07.2023;14:52:13;00:03:21;250,0;17,2;18,6;17,2;19,3;53,1;3,6;0,2;2,29E-1;-541,2;20,00;3,0;3,0;38,87;0,05;0,002;0,0;0,00;0,049
203;04.07.2023;14:52:14;00:03:22;250,0;17,2;18,6;17,2;19,3;53,8;3,7;0,2;2,27E-1;-541,2;20,00;3,0;3,0;38,87;0,05;0,002;0,0;0,00;0,049
204;04.07.2023;14:52:15;00:03:23;250,0;17,2;18,6;17,2;19,4;55,3;3,8;0,2;2,23E-1;-541,2;20,00;3,0;3,0;38,87;0,05;0,000;0,0;0,00;0,049
205;04.07.2023;14:52:16;00:03:24;250,0;17,2;18,6;17,3;19,4;56,7;4,0;0,2;2,20E-1;-541,2;20,00;3,0;2,9;38,87;0,05;-0,006;0,0;0,00;0,049
206;04.07.2023;14:52:17;00:03:25;250,0;17,2;18,6;17,3;19,4;57,4;4,1;0,2;2,18E-1;-541,2;20,00;3,0;3,0;38,87;0,05;0,002;0,0;0,00;0,049
207;04.07.2023;14:52:18;00:03:26;250,0;17,2;18,6;17,3;19,4;58,8;4,2;0,2;2,15E-1;-541,2;20,00;3,0;2,9;38,87;0,05;-0,001;0,0;0,01;0,049
208;04.07.2023;14:52:19;00:03:27;250,0;17,2;18,6;17,3;19,4;60,2;4,4;0,2;2,12E-1;-541,2;20,00;3,0;3,0;38,87;0,05;-0,002;0,0;0,00;0,049
209;04.07.2023;14:52:20;00:03:28;250,0;17,2;18,6;17,3;19,4;60,9;4,5;0,2;2,10E-1;-541,2;20,00;3,0;3,0;38,87;0,05;-0,002;0,0;0,00;0,049
210;04.07.2023;14:52:21;00:03:29;250,0;17,2;18,6;17,3;19,4;62,5;4,6;0,2;2,07E-1;-541,2;20,00;3,0;3,0;38,87;0,05;-0,001;0,0;0,00;0,049
211;04.07.2023;14:52:22;00:03:30;250,0;17,2;18,6;17,3;19,4;63,2;4,7;0,2;2,05E-1;-541,2;20,00;3,0;3,0;38,87;0,05;-0,001;0,0;0,01;0,052
212;04.07.2023;14:52:23;00:03:31;250,0;17,2;18,6;17,3;19,4;64,6;4,9;0,2;2,03E-1;-541,2;20,00;3,0;3,0;38,87;0,05;-0,001;0,0;0,01;0,049
213;04.07.2023;14:52:24;00:03:32;250,0;17,2;18,6;17,3;19,4;65,5;5,0;0,2;2,01E-1;-541,2;20,00;3,0;3,0;38,87;0,05;-0,001;0,0;0,00;0,053
214;04.07.2023;14:52:25;00:03:33;250,0;17,3;18,6;17,3;19,4;66,7;5,1;0,2;1,99E-1;-541,2;20,00;3,0;3,0;38,87;0,05;0,003;0,0;0,00;0,049
215;04.07.2023;14:52:26;00:03:34;250,0;17,3;18,6;17,3;19,4;68,1;5,3;0,2;1,96E-1;-541,2;20,00;3,0;3,0;38,87;0,05;0,001;0,0;0,00;0,052
216;04.07.2023;14:52:27;00:03:35;250,0;17,3;18,6;17,3;19,4;69,6;5,5;0,2;1,93E-1;-541,2;20,00;3,0;3,0;38,87;0,05;0,002;0,0;0,01;0,053
217;04.07.2023;14:52:28;00:03:36;250,0;17,3;18,6;17,3;19,4;70,3;5,6;0,2;1,92E-1;-541,2;20,00;3,0;3,0;38,87;0,05;0,000;0,0;0,01;0,049
218;04.07.2023;14:52:29;00:03:37;250,0;17,3;18,6;17,3;19,4;71,7;5,7;0,2;1,89E-1;-541,2;20,00;3,0;3,1;38,87;0,05;0,002;0,0;0,00;0,049
219;04.07.2023;14:52:30;00:03:38;250,0;17,3;18,6;17,3;19,4;73,1;5,9;0,2;1,87E-1;-541,2;20,00;3,0;3,0;38,87;0,05;0,001;0,0;0,01;0,049
220;04.07.2023;14:52:31;00:03:39;250,0;17,3;18,6;17,3;19,4;73,8;6,0;0,2;1,86E-1;-541,2;20,00;3,0;3,0;38,87;0,05;0,001;0,0;0,00;0,049
221;04.07.2023;14:52:32;00:03:40;250,0;17,3;18,6;17,3;19,4;75,2;6,2;0,2;1,83E-1;-541,2;20,00;3,0;3,0;38,87;0,05;-0,001;0,0;0,01;0,049
222;04.07.2023;14:52:33;00:03:41;250,0;17,3;18,6;17,3;19,4;76,7;6,4;0,2;1,81E-1;-541,2;20,00;3,0;3,0;38,87;0,05;0,000;0,0;0,01;0,050
223;04.07.2023;14:52:34;00:03:42;250,0;17,3;18,6;17,3;19,4;77,4;6,5;0,2;1,80E-1;-541,2;20,00;3,0;3,0;38,87;0,05;0,000;0,0;0,00;0,049
224;04.07.2023;14:52:35;00:03:43;250,0;17,3;18,6;17,3;19,4;78,8;6,6;0,2;1,78E-1;-541,2;20,00;3,0;3,0;38,87;0,05;-0,003;0,0;0,01;0,051
225;04.07.2023;14:52:36;00:03:44;250,0;17,3;18,6;17,3;19,4;79,5;6,7;0,2;1,77E-1;-541,2;20,00;3,0;3,1;38,87;0,05;0,001;0,0;0,00;0,049
226;04.07.2023;14:52:37;00:03:45;250,0;17,3;18,6;17,3;19,4;80,9;6,9;0,2;1,75E-1;-541,2;20,00;3,0;3,1;38,87;0,05;0,003;0,0;0,01;0,049
227;04.07.2023;14:52:38;00:03:46;250,0;17,3;18,6;17,3;19,4;82,3;7,1;0,2;1,73E-1;-541,2;20,00;3,0;3,1;38,87;0,05;0,002;0,0;0,00;0,053
228;04.07.2023;14:52:39;00:03:47;250,0;17,3;18,6;17,3;19,4;83,1;7,2;0,2;1,72E-1;-541,2;20,00;3,0;3,0;38,87;0,05;0,002;0,0;0,00;0,049
229;04.07.2023;14:52:40;00:03:48;250,0;17,3;18,6;17,3;19,4;84,5;7,4;0,2;1,70E-1;-541,2;20,00;3,0;3,0;38,87;0,05;0,000;0,0;0,00;0,051
230;04.07.2023;14:52:41;00:03:49;250,0;17,3;18,6;17,3;19,4;85,9;7,6;0,2;1,68E-1;-541,2;20,00;3,0;3,0;38,87;0,05;-0,001;0,0;0,01;0,049
231;04.07.2023;14:52:42;00:03:50;250,0;17,3;18,6;17,3;19,4;86,6;7,7;0,2;1,67E-1;-541,2;20,00;3,0;2,9;38,87;0,05;-0,001;0,0;0,01;0,049
232;04.07.2023;14:52:43;00:03:51;250,0;17,3;18,6;17,3;19,4;88,0;7,8;0,2;1,66E-1;-541,2;20,00;3,0;2,9;38,87;0,05;-0,004;0,0;0,01;0,050
233;04.07.2023;14:52:44;00:03:52;250,0;17,3;18,6;17,3;19,4;89,4;8,0;0,2;1,64E-1;-541,2;20,00;3,0;2,9;38,87;0,05;0,001;0,0;0,01;0,052
234;04.07.2023;14:52:45;00:03:53;250,0;17,3;18,6;17,3;19,4;90,2;8,1;0,2;1,63E-1;-541,2;20,00;3,0;3,0;38,87;0,05;0,004;0,0;0,01;0,051
235;04.07.2023;14:52:46;00:03:54;250,0;17,3;18,6;17,3;19,4;91,6;8,3;0,2;1,62E-1;-541,2;20,00;3,0;3,0;38,87;0,05;0,001;0,0;0,00;0,049
236;04.07.2023;14:52:47;00:03:55;250,0;17,3;18,6;17,3;19,4;92,3;8,4;0,2;1,61E-1;-541,2;20,00;3,0;2,9;38,87;0,05;-0,001;0,0;0,01;0,053
237;04.07.2023;14:52:48;00:03:56;250,0;17,3;18,6;17,3;19,4;93,7;8,6;0,2;1,60E-1;-541,2;20,00;3,0;3,0;38,87;0,05;0,000;0,0;0,00;0,052
238;04.07.2023;14:52:49;00:03:57;250,0;17,3;18,6;17,4;19,4;95,1;8,8;0,2;1,58E-1;-541,2;20,00;3,0;2,9;38,87;0,05;-0,002;0,0;0,00;0,049
239;04.07.2023;14:52:50;00:03:58;250,0;17,3;18,6;17,4;19,4;95,8;8,9;0,2;1,58E-1;-541,2;20,00;3,0;2,9;38,87;0,05;-0,003;0,0;0,00;0,050
240;04.07.2023;14:52:51;00:03:59;250,0;17,3;18,6;17,4;19,4;97,3;9,1;0,2;1,56E-1;-541,2;20,00;3,0;3,1;38,87;0,05;0,005;0,0;0,01;0,054
241;04.07.2023;14:52:52;00:04:00;250,0;17,3;18,6;17,4;19,4;98,7;9,3;0,2;1,55E-1;-541,2;20,00;3,0;3,0;38,87;0,05;0,001;0,0;0,01;0,049
242;04.07.2023;14:52:53;00:04:01;250,0;17,3;18,6;17,4;19,4;99,4;9,4;0,2;1,54E-1;-541,2;20,00;3,0;3,0;38,87;0,05;0,001;0,0;0,01;0,053
243;04.07.2023;14:52:54;00:04:02;250,0;17,3;18,6;17,4;19,4;100,8;9,6;0,2;1,53E-1;-541,2;20,00;3,0;2,9;38,87;0,05;-0,003;0,0;0,00;0,054
244;04.07.2023;14:52:55;00:04:03;250,0;17,3;18,6;17,4;19,4;102,2;9,8;0,2;1,52E-1;-541,2;20,00;3,0;3,1;38,87;0,05;0,001;0,0;0,00;0,051
245;04.07.2023;14:52:56;00:04:04;250,0;17,3;18,6;17,4;19,4;102,9;9,9;0,2;1,52E-1;-541,2;20,00;3,0;3,0;38,87;0,05;0,002;0,0;0,00;0,049
246;04.07.2023;14:52:57;00:04:05;250,0;17,3;18,6;17,4;19,4;104,5;10,1;0,2;1,50E-1;-541,2;20,00;3,0;3,0;38,87;0,05;-0,001;0,0;0,01;0,053
247;04.07.2023;14:52:58;00:04:06;250,0;17,3;18,6;17,4;19,4;105,9;10,3;0,1;1,49E-1;-541,2;20,00;3,0;2,9;38,87;0,05;-0,003;0,0;0,00;0,049
248;04.07.2023;14:52:59;00:04:07;250,0;17,3;18,6;17,4;19,4;106,6;10,4;0,1;1,49E-1;-541,2;20,00;3,0;3,0;38,87;0,05;0,003;0,0;0,00;0,049
249;04.07.2023;14:53:00;00:04:08;250,0;17,3;18,6;17,4;19,4;108,0;10,6;0,1;1,47E-1;-541,2;20,00;3,0;3,1;38,87;0,05;0,002;0,0;0,01;0,049
250;04.07.2023;14:53:01;00:04:09;250,0;17,3;18,6;17,4;19,4;108,7;10,7;0,1;1,47E-1;-541,2;20,00;3,0;3,0;38,87;0,05;0,001;0,0;0,00;0,049
251;04.07.2023;14:53:02;00:04:10;250,0;17,3;18,6;17,4;19,4;110,1;10,9;0,1;1,46E-1;-541,2;20,00;3,0;3,0;38,87;0,05;0,003;0,0;0,01;0,051
252;04.07.2023;14:53:03;00:04:11;250,0;17,3;18,6;17,4;19,4;111,6;11,2;0,1;1,45E-1;-541,2;20,00;3,0;3,1;38,88;0,05;0,005;0,0;0,00;0,050
253;04.07.2023;14:53:04;00:04:12;250,0;17,3;18,6;17,4;19,4;112,3;11,3;0,1;1,44E-1;-541,2;20,00;3,0;3,1;38,87;0,05;0,007;0,0;0,00;0,052
254;04.07.2023;14:53:05;00:04:13;250,0;17,3;18,6;17,4;19,4;113,7;11,5;0,1;1,43E-1;-541,2;20,00;3,0;3,0;38,87;0,05;0,001;0,0;0,00;0,051
255;04.07.2023;14:53:06;00:04:14;250,0;17,3;18,6;17,4;19,4;115,1;11,7;0,1;1,42E-1;-541,2;20,00;3,0;2,9;38,87;0,05;0,001;0,0;0,01;0,053
256;04.07.2023;14:53:07;00:04:15;250,0;17,3;18,6;17,4;19,4;115,8;11,8;0,1;1,42E-1;-541,2;20,00;3,0;3,0;38,87;0,05;0,000;0,0;0,01;0,049
257;04.07.2023;14:53:08;00:04:16;250,0;17,4;18,6;17,4;19,4;117,2;12,0;0,1;1,40E-1;-541,2;20,00;3,0;3,0;38,87;0,05;0,001;0,0;0,01;0,053
258;04.07.2023;14:53:09;00:04:17;250,0;17,4;18,6;17,4;19,4;118,6;12,2;0,1;1,40E-1;-541,2;20,00;3,0;2,9;38,87;0,05;-0,004;0,0;0,01;0,049
259;04.07.2023;14:53:10;00:04:18;250,0;17,4;18,6;17,4;19,4;119,4;12,3;0,1;1,39E-1;-541,2;20,00;3,0;3,0;38,87;0,05;-0,001;0,0;0,01;0,050
260;04.07.2023;14:53:11;00:04:19;250,0;17,4;18,6;17,4;19,5;120,8;12,6;0,1;1,38E-1;-541,2;20,00;3,0;3,1;38,87;0,05;0,002;0,0;0,01;0,052
261;04.07.2023;14:53:12;00:04:20;250,0;17,4;18,6;17,4;19,5;122,2;12,8;0,1;1,37E-1;-541,2;20,00;3,0;3,1;38,87;0,05;0,004;0,0;0,00;0,051
262;04.07.2023;14:53:13;00:04:21;250,0;17,4;18,6;17,4;19,5;122,9;12,9;0,1;1,37E-1;-541,2;20,00;3,0;3,0;38,87;0,05;0,001;0,0;0,00;0,054
263;04.07.2023;14:53:14;00:04:22;250,0;17,4;18,6;17,4;19,5;124,3;13,1;0,1;1,36E-1;-541,2;20,00;3,0;3,0;38,87;0,05;-0,003;0,0;0,01;0,051
264;04.07.2023;14:53:15;00:04:23;250,0;17,4;18,6;17,4;19,5;125,0;13,2;0,1;1,35E-1;-541,2;20,00;3,0;3,0;38,87;0,05;-0,001;0,0;0,00;0,049
265;04.07.2023;14:53:16;00:04:24;250,1;17,4;18,6;17,4;19,5;126,5;13,5;0,1;1,34E-1;-541,2;20,00;3,0;3,1;38,88;0,05;0,015;1,1;3,91;0,283
266;04.07.2023;14:53:17;00:04:25;250,1;17,4;18,6;17,4;19,5;127,9;13,7;0,1;1,34E-1;-541,2;20,00;3,0;3,0;38,88;0,05;0,027;1,1;3,92;0,288
267;04.07.2023;14:53:18;00:04:26;250,1;17,4;18,6;17,4;19,5;128,6;13,8;0,1;1,33E-1;-541,2;20,00;3,0;3,0;38,88;0,05;0,025;1,1;3,97;0,293
268;04.07.2023;14:53:19;00:04:27;250,1;17,4;18,6;17,4;19,6;130,0;14,0;0,1;1,33E-1;-541,2;20,00;3,0;3,0;38,88;0,05;0,025;1,2;3,96;0,295
269;04.07.2023;14:53:20;00:04:28;250,0;17,4;18,6;17,4;19,6;131,4;14,2;0,1;1,32E-1;-541,2;20,00;3,0;3,0;38,88;0,05;0,019;1,2;3,98;0,299
270;04.07.2023;14:53:21;00:04:29;250,0;17,8;18,6;17,4;19,8;132,1;14,3;0,1;1,32E-1;-541,2;20,00;3,0;3,0;38,88;0,05;0,012;1,2;3,96;0,300
271;04.07.2023;14:53:22;00:04:30;250,0;18,5;18,7;17,5;20,0;133,6;14,5;0,1;1,31E-1;-541,2;20,00;3,0;3,0;38,88;0,05;0,013;1,2;3,98;0,307
272;04.07.2023;14:53:23;00:04:31;250,2;18,5;18,7;17,5;20,0;135,0;14,7;0,1;1,31E-1;-541,2;20,00;3,0;3,0;38,87;0,05;0,006;1,2;4,03;0,308
273;04.07.2023;14:53:24;00:04:32;250,0;19,8;18,7;17,5;20,0;135,7;14,7;0,1;1,31E-1;-541,2;20,00;3,0;3,0;38,88;0,05;0,001;1,2;4,00;0,309
274;04.07.2023;14:53:25;00:04:33;250,1;19,8;18,8;17,5;20,2;137,1;14,9;0,1;1,31E-1;-541,2;20,00;3,0;3,0;38,87;0,05;-0,005;1,3;4,01;0,313
275;04.07.2023;14:53:26;00:04:34;250,0;19,8;18,8;17,5;20,2;137,8;15,1;0,1;1,31E-1;-541,2;20,00;3,0;3,0;38,88;0,05;-0,008;1,3;4,04;0,313
276;04.07.2023;14:53:27;00:04:35;250,2;21,7;18,8;17,5;20,4;139,2;15,1;0,1;1,30E-1;-541,2;20,00;3,0;3,1;38,88;0,05;-0,002;1,3;4,05;0,317
277;04.07.2023;14:53:28;00:04:36;250,0;24,0;18,9;17,5;20,5;140,7;15,2;0,1;1,30E-1;-541,2;20,00;3,0;3,1;38,88;0,05;-0,006;1,3;4,05;0,317
278;04.07.2023;14:53:29;00:04:37;250,1;24,0;18,9;17,5;20,5;141,4;15,3;0,1;1,30E-1;-541,2;20,00;3,0;3,1;38,88;0,05;-0,011;1,3;4,06;0,317
279;04.07.2023;14:53:30;00:04:38;250,0;26,7;19,0;17,5;20,5;142,9;15,5;0,1;1,30E-1;-541,2;20,00;3,0;3,0;38,88;0,05;-0,016;1,3;4,07;0,322
280;04.07.2023;14:53:31;00:04:39;250,1;26,7;19,0;17,5;20,5;144,3;15,5;0,1;1,29E-1;-541,2;20,00;3,0;3,0;38,87;0,04;-0,020;1,3;4,06;0,322
281;04.07.2023;14:53:32;00:04:40;250,0;29,6;19,1;17,6;20,6;145,0;15,4;0,1;1,29E-1;-541,2;20,00;3,0;3,0;38,87;0,05;-0,025;1,3;4,02;0,322
282;04.07.2023;14:53:33;00:04:41;250,0;29,6;19,3;17,6;20,6;146,4;15,6;0,1;1,29E-1;-541,2;20,00;3,0;3,0;38,87;0,05;-0,020;1,3;4,07;0,324
283;04.07.2023;14:53:34;00:04:42;250,0;32,7;19,3;17,6;20,6;147,9;15,6;0,1;1,29E-1;-541,2;20,00;3,0;3,0;38,87;0,04;-0,024;1,3;4,10;0,327
284;04.07.2023;14:53:35;00:04:43;250,0;32,7;19,3;17,6;20,6;148,6;15,7;0,1;1,29E-1;-541,2;20,00;3,0;3,0;38,87;0,05;-0,029;1,3;4,09;0,327
285;04.07.2023;14:53:36;00:04:44;250,0;36,0;19,4;17,7;20,6;150,0;15,6;0,1;1,28E-1;-541,2;20,00;3,0;3,0;38,87;0,04;-0,025;1,3;4,01;0,328
286;04.07.2023;14:53:37;00:04:45;250,1;39,4;19,5;17,7;20,6;151,4;15,7;0,1;1,28E-1;-541,2;20,00;3,0;3,0;38,87;0,05;-0,034;1,3;4,05;0,328
287;04.07.2023;14:53:38;00:04:46;250,2;39,4;19,5;17,7;20,6;152,1;15,6;0,1;1,28E-1;-541,2;20,00;3,0;3,0;38,87;0,04;-0,028;1,3;4,11;0,329
288;04.07.2023;14:53:39;00:04:47;250,1;39,3;19,4;17,6;20,5;153,6;15,9;0,1;1,27E-1;-541,2;20,00;3,0;3,0;38,87;0,04;-0,030;1,4;4,09;0,332
289;04.07.2023;14:53:40;00:04:48;250,1;43,1;19,5;17,7;20,5;154,3;15,8;0,1;1,27E-1;-541,2;20,00;3,0;3,0;38,87;0,04;-0,032;1,3;4,10;0,332
290;04.07.2023;14:53:41;00:04:49;250,1;43,1;19,5;17,7;20,6;155,7;15,9;0,1;1,27E-1;-541,2;20,00;3,0;3,0;38,87;0,04;-0,038;1,4;4,05;0,332
291;04.07.2023;14:53:42;00:04:50;250,1;46,9;19,6;17,7;20,6;157,1;15,9;0,1;1,26E-1;-541,2;20,00;3,0;3,0;38,87;0,04;-0,031;1,4;4,09;0,335
292;04.07.2023;14:53:43;00:04:51;250,1;46,9;19,6;17,7;20,6;157,8;15,9;0,1;1,26E-1;-541,2;20,00;3,0;3,0;38,87;0,04;-0,029;1,4;4,08;0,335
293;04.07.2023;14:53:44;00:04:52;250,2;50,7;19,7;17,8;20,6;159,2;15,8;0,1;1,26E-1;-541,2;20,00;3,0;3,0;38,87;0,04;-0,033;1,4;4,09;0,337
294;04.07.2023;14:53:45;00:04:53;250,1;50,7;19,9;17,8;20,7;160,7;16,0;0,1;1,25E-1;-541,2;20,00;3,0;3,1;38,87;0,04;-0,035;1,4;4,07;0,337
295;04.07.2023;14:53:46;00:04:54;250,1;50,7;19,9;17,9;20,7;161,4;16,1;0,1;1,25E-1;-541,1;20,00;3,0;3,0;38,87;0,04;-0,038;1,4;4,11;0,338
296;04.07.2023;14:53:47;00:04:55;250,2;54,5;19,9;17,9;20,7;162,8;16,0;0,1;1,25E-1;-541,2;20,00;3,0;2,9;38,87;0,04;-0,042;1,4;4,14;0,337
297;04.07.2023;14:53:48;00:04:56;250,1;58,1;20,0;18,0;20,7;164,2;15,9;0,1;1,24E-1;-541,2;20,00;3,0;2,9;38,86;0,04;-0,041;1,4;4,08;0,337
298;04.07.2023;14:53:49;00:04:57;250,0;58,1;20,0;18,0;20,7;164,9;16,0;0,1;1,24E-1;-541,2;20,00;3,0;2,9;38,86;0,04;-0,039;1,4;4,06;0,339
299;04.07.2023;14:53:50;00:04:58;250,1;61,7;20,1;18,1;20,7;166,3;16,1;0,1;1,24E-1;-541,2;20,00;3,0;3,0;38,86;0,03;-0,031;1,4;4,07;0,342
300;04.07.2023;14:53:51;00:04:59;250,0;61,7;20,1;18,1;20,7;167,0;16,0;0,1;1,24E-1;-541,2;20,00;3,0;3,0;38,86;0,04;-0,034;1,4;4,07;0,338
301;04.07.2023;14:53:52;00:05:00;250,0;65,4;20,2;18,1;20,7;168,5;16,0;0,1;1,23E-1;-541,2;20,00;3,0;3,0;38,86;0,04;-0,025;1,4;4,10;0,342
302;04.07.2023;14:53:53;00:05:01;250,0;65,4;20,4;18,1;20,8;169,9;16,2;0,1;1,23E-1;-541,2;20,00;3,0;3,1;38,86;0,03;-0,029;1,4;4,10;0,342
303;04.07.2023;14:53:54;00:05:02;250,1;65,4;20,4;18,1;20,8;170,6;16,3;0,1;1,23E-1;-541,2;20,00;3,0;3,0;38,86;0,04;-0,034;1,4;4,13;0,344
304;04.07.2023;14:53:55;00:05:03;250,0;68,9;20,4;18,2;20,8;172,0;16,2;0,1;1,22E-1;-541,2;20,00;3,0;3,0;38,86;0,03;-0,030;1,4;4,08;0,342
305;04.07.2023;14:53:56;00:05:04;250,0;72,5;20,5;18,3;20,8;173,4;16,1;0,1;1,22E-1;-541,2;20,00;3,0;3,0;38,86;0,03;-0,034;1,4;4,08;0,344
306;04.07.2023;14:53:57;00:05:05;250,0;72,5;20,5;18,3;20,8;174,1;16,2;0,1;1,21E-1;-541,2;20,00;3,0;3,0;38,86;0,03;-0,031;1,4;4,09;0,342
307;04.07.2023;14:53:58;00:05:06;250,1;72,5;20,6;18,4;20,8;175,5;16,4;0,1;1,21E-1;-541,2;20,00;3,0;3,0;38,86;0,03;-0,033;1,4;4,12;0,346
308;04.07.2023;14:53:59;00:05:07;250,0;75,7;20,6;18,4;20,7;177,0;16,3;0,1;1,20E-1;-541,2;20,00;3,0;3,0;38,86;0,03;-0,036;1,4;4,11;0,347
309;04.07.2023;14:54:00;00:05:08;250,0;75,7;20,7;18,4;20,7;177,7;16,4;0,1;1,20E-1;-541,2;20,00;3,0;3,0;38,86;0,03;-0,029;1,4;4,12;0,347
310;04.07.2023;14:54:01;00:05:09;250,0;79,3;20,7;18,5;20,8;179,1;16,3;0,1;1,20E-1;-541,2;20,00;3,0;3,1;38,86;0,03;-0,023;1,4;4,11;0,349
311;04.07.2023;14:54:02;00:05:10;250,0;82,8;20,8;18,6;20,8;180,5;16,3;0,1;1,19E-1;-541,2;20,00;3,0;3,1;38,86;0,03;-0,026;1,4;4,12;0,351
312;04.07.2023;14:54:03;00:05:11;250,0;82,8;20,8;18,6;20,8;181,2;16,3;0,1;1,19E-1;-541,2;20,00;3,0;3,0;38,86;0,03;-0,026;1,5;4,11;0,349
313;04.07.2023;14:54:04;00:05:12;250,0;82,8;20,9;18,7;20,8;182,6;16,5;0,1;1,19E-1;-541,2;20,00;3,0;3,0;38,86;0,03;-0,033;1,4;4,13;0,350
314;04.07.2023;14:54:05;00:05:13;250,0;86,3;20,9;18,7;20,8;184,2;16,5;0,1;1,18E-1;-541,2;20,00;3,0;3,0;38,86;0,03;-0,033;1,4;4,11;0,350
315;04.07.2023;14:54:06;00:05:14;250,1;86,3;21,1;18,8;20,8;184,9;16,6;0,1;1,18E-1;-541,2;20,00;3,0;3,1;38,86;0,03;-0,027;1,4;4,13;0,352
316;04.07.2023;14:54:07;00:05:15;250,0;89,7;21,1;18,8;20,9;186,3;16,5;0,1;1,18E-1;-541,2;20,00;3,0;3,0;38,85;0,03;-0,028;1,4;4,12;0,352
317;04.07.2023;14:54:08;00:05:16;250,0;92,8;21,2;18,9;20,9;187,0;16,4;0,1;1,17E-1;-541,2;20,00;3,0;3,0;38,86;0,03;-0,027;1,4;4,10;0,352
318;04.07.2023;14:54:09;00:05:17;250,1;92,8;21,2;18,9;20,9;188,4;16,5;0,1;1,17E-1;-541,2;20,00;3,0;3,0;38,85;0,03;-0,030;1,4;4,08;0,352
319;04.07.2023;14:54:10;00:05:18;250,0;95,9;21,3;19,0;20,9;189,8;16,6;0,1;1,16E-1;-541,2;20,00;3,0;2,9;38,86;0,03;-0,030;1,5;4,13;0,355
320;04.07.2023;14:54:11;00:05:19;250,0;95,9;21,3;19,0;20,9;190,5;16,6;0,1;1,16E-1;-541,2;20,00;3,0;3,0;38,85;0,03;-0,022;1,4;4,11;0,352
321;04.07.2023;14:54:12;00:05:20;250,1;99,0;21,4;19,1;20,9;192,0;16,5;0,1;1,16E-1;-541,2;20,00;3,0;3,0;38,85;0,03;-0,023;1,5;4,12;0,357
322;04.07.2023;14:54:13;00:05:21;250,0;99,0;21,5;19,1;20,9;193,4;16,7;0,1;1,15E-1;-541,2;20,00;3,0;3,0;38,85;0,03;-0,026;1,5;4,13;0,355
323;04.07.2023;14:54:14;00:05:22;250,1;99,0;21,5;19,1;20,9;194,1;16,8;0,1;1,15E-1;-541,2;20,00;3,0;3,0;38,85;0,03;-0,023;1,5;4,11;0,357
324;04.07.2023;14:54:15;00:05:23;250,0;102,0;21,5;19,2;20,9;195,5;16,8;0,1;1,15E-1;-541,2;20,00;3,0;3,0;38,85;0,03;-0,025;1,5;4,16;0,357
325;04.07.2023;14:54:16;00:05:24;250,1;104,9;21,7;19,3;20,9;196,9;16,7;0,1;1,14E-1;-541,2;20,00;3,0;3,1;38,85;0,03;-0,029;1,5;4,16;0,357
326;04.07.2023;14:54:17;00:05:25;250,0;104,9;21,7;19,3;20,9;197,6;16,8;0,1;1,14E-1;-541,2;20,00;3,0;3,0;38,85;0,02;-0,032;1,5;4,12;0,357
327;04.07.2023;14:54:18;00:05:26;250,0;107,9;21,8;19,5;20,9;199,1;16,9;0,1;1,14E-1;-541,2;20,00;3,0;3,0;38,85;0,02;-0,032;1,5;4,16;0,359
328;04.07.2023;14:54:19;00:05:27;250,0;107,9;21,8;19,5;20,9;199,8;16,9;0,1;1,14E-1;-541,2;20,00;3,0;3,0;38,85;0,02;-0,035;1,5;4,18;0,361
329;04.07.2023;14:54:20;00:05:28;250,0;107,9;21,9;19,6;21,0;201,2;17,1;0,1;1,13E-1;-541,2;20,00;3,0;3,0;38,85;0,02;-0,028;1,5;4,15;0,361
330;04.07.2023;14:54:21;00:05:29;250,0;111,0;21,9;19,6;21,0;202,6;17,0;0,1;1,13E-1;-541,2;20,00;3,0;3,0;38,85;0,02;-0,027;1,5;4,13;0,361
331;04.07.2023;14:54:22;00:05:30;250,1;111,0;21,9;19,6;21,0;203,3;17,1;0,1;1,13E-1;-541,2;20,00;3,0;3,0;38,85;0,02;-0,024;1,5;4,15;0,361
332;04.07.2023;14:54:23;00:05:31;250,0;114,0;22,0;19,7;21,0;204,7;17,1;0,1;1,12E-1;-541,2;20,00;3,0;3,0;38,85;0,02;-0,026;1,5;4,12;0,361
333;04.07.2023;14:54:24;00:05:32;250,1;114,0;22,1;19,8;21,0;206,2;17,3;0,1;1,12E-1;-541,2;20,00;3,0;3,0;38,85;0,02;-0,024;1,5;4,16;0,364
334;04.07.2023;14:54:25;00:05:33;250,0;117,0;22,1;19,8;21,0;206,9;17,1;0,1;1,12E-1;-541,2;20,00;3,0;3,0;38,85;0,02;-0,026;1,5;4,16;0,366
335;04.07.2023;14:54:26;00:05:34;250,1;120,0;22,3;20,0;21,0;208,3;17,3;0,1;1,11E-1;-541,2;20,00;3,0;3,0;38,84;0,02;-0,038;1,5;4,17;0,365
336;04.07.2023;14:54:27;00:05:35;250,0;120,0;22,3;20,0;21,1;209,7;17,3;0,1;1,11E-1;-541,2;20,00;3,0;2,9;38,85;0,02;-0,042;1,5;4,16;0,366
337;04.07.2023;14:54:28;00:05:36;250,2;122,7;22,4;20,1;21,1;210,4;17,2;0,1;1,11E-1;-541,2;20,00;3,0;3,0;38,84;0,02;-0,039;1,5;4,15;0,366
338;04.07.2023;14:54:29;00:05:37;250,1;122,7;22,5;20,1;21,1;211,8;17,3;0,1;1,11E-1;-541,2;20,00;3,0;3,0;38,85;0,02;-0,035;1,5;4,16;0,366
339;04.07.2023;14:54:30;00:05:38;250,1;125,5;22,5;20,2;21,1;213,3;17,3;0,1;1,10E-1;-541,2;20,00;3,0;3,0;38,84;0,02;-0,026;1,5;4,19;0,370
340;04.07.2023;14:54:31;00:05:39;250,0;125,5;22,5;20,2;21,1;214,0;17,4;0,1;1,10E-1;-541,2;20,00;3,0;2,9;38,84;0,02;-0,026;1,5;4,17;0,367
341;04.07.2023;14:54:32;00:05:40;250,0;128,2;22,6;20,3;21,1;215,4;17,4;0,1;1,10E-1;-541,2;20,00;3,0;2,9;38,84;0,02;-0,027;1,5;4,19;0,371
342;04.07.2023;14:54:33;00:05:41;250,2;128,2;22,6;20,3;21,1;216,1;17,5;0,1;1,10E-1;-541,2;20,00;3,0;2,9;38,84;0,02;-0,025;1,5;4,20;0,371
343;04.07.2023;14:54:34;00:05:42;250,1;128,2;22,7;20,4;21,1;217,5;17,7;0,1;1,09E-1;-541,2;20,00;3,0;3,1;38,84;0,02;-0,025;1,6;4,16;0,371
344;04.07.2023;14:54:35;00:05:43;250,3;130,8;22,7;20,4;21,1;218,9;17,6;0,1;1,09E-1;-541,2;20,00;3,0;3,0;38,84;0,02;-0,024;1,6;4,21;0,371
345;04.07.2023;14:54:36;00:05:44;250,1;133,6;22,8;20,5;21,1;219,7;17,6;0,1;1,09E-1;-541,2;20,00;3,0;3,0;38,84;0,02;-0,025;1,6;4,20;0,375
346;04.07.2023;14:54:37;00:05:45;250,0;133,6;23,0;20,5;21,2;221,1;17,7;0,1;1,09E-1;-541,2;20,00;3,0;3,0;38,84;0,01;-0,025;1,6;4,23;0,371
347;04.07.2023;14:54:38;00:05:46;250,3;136,3;23,0;20,6;21,2;222,5;17,7;0,1;1,08E-1;-541,2;20,00;3,0;3,0;38,84;0,02;-0,022;1,6;4,25;0,374
348;04.07.2023;14:54:39;00:05:47;250,1;136,3;23,0;20,6;21,2;223,2;17,8;0,1;1,08E-1;-541,2;20,00;3,0;3,0;38,84;0,01;-0,024;1,6;4,18;0,376
349;04.07.2023;14:54:40;00:05:48;250,0;136,2;22,9;20,6;21,1;224,6;18,0;0,1;1,08E-1;-541,2;20,00;3,0;3,0;38,84;0,01;-0,028;1,6;4,21;0,376
350;04.07.2023;14:54:41;00:05:49;250,1;139,1;23,0;20,7;21,1;226,0;17,9;0,1;1,08E-1;-541,2;20,00;3,0;3,0;38,84;0,01;-0,026;1,6;4,23;0,376
351;04.07.2023;14:54:42;00:05:50;250,1;139,1;23,1;20,8;21,1;226,9;18,0;0,1;1,08E-1;-541,2;20,00;3,0;3,0;38,84;0,01;-0,020;1,6;4,22;0,376
352;04.07.2023;14:54:43;00:05:51;250,0;141,9;23,1;20,8;21,1;228,3;18,0;0,1;1,07E-1;-541,2;20,00;3,0;3,0;38,84;0,01;-0,025;1,6;4,19;0,376
353;04.07.2023;14:54:44;00:05:52;250,0;141,9;23,3;20,9;21,1;229,7;18,2;0,1;1,07E-1;-541,2;20,00;3,0;3,0;38,84;0,01;-0,031;1,6;4,28;0,380
354;04.07.2023;14:54:45;00:05:53;250,1;144,6;23,3;20,9;21,1;230,4;18,1;0,1;1,07E-1;-541,2;20,00;3,0;3,0;38,83;0,01;-0,034;1,6;4,25;0,380
355;04.07.2023;14:54:46;00:05:54;250,0;147,3;23,4;21,0;21,1;231,8;18,1;0,1;1,07E-1;-541,2;20,00;3,0;3,0;38,84;0,01;-0,037;1,6;4,25;0,381
356;04.07.2023;14:54:47;00:05:55;250,2;147,3;23,4;21,0;21,1;232,5;18,1;0,1;1,06E-1;-541,2;20,00;3,0;3,1;38,83;0,01;-0,032;1,6;4,25;0,381
357;04.07.2023;14:54:48;00:05:56;250,1;147,3;23,5;21,2;21,1;234,0;18,3;0,1;1,06E-1;-541,2;20,00;3,0;3,0;38,83;0,01;-0,028;1,6;4,23;0,382
358;04.07.2023;14:54:49;00:05:57;250,0;149,8;23,5;21,2;21,2;235,4;18,3;0,1;1,06E-1;-541,2;20,00;3,0;3,0;38,84;0,01;-0,026;1,6;4,24;0,381
359;04.07.2023;14:54:50;00:05:58;250,1;149,8;23,5;21,2;21,2;236,1;18,4;0,1;1,06E-1;-541,2;20,00;3,0;3,0;38,83;0,01;-0,025;1,6;4,24;0,384
360;04.07.2023;14:54:51;00:05:59;250,0;152,3;23,6;21,3;21,2;237,5;18,4;0,1;1,05E-1;-541,2;20,00;3,0;3,0;38,84;0,01;-0,026;1,6;4,21;0,383
361;04.07.2023;14:54:52;00:06:00;250,0;154,7;23,7;21,4;21,2;238,9;18,4;0,1;1,05E-1;-541,2;20,00;3,0;3,0;38,83;0,01;-0,025;1,6;4,23;0,386
362;04.07.2023;14:54:53;00:06:01;250,0;154,7;23,7;21,4;21,2;239,6;18,5;0,1;1,05E-1;-541,2;20,00;3,0;3,0;38,83;0,01;-0,023;1,6;4,24;0,386
363;04.07.2023;14:54:54;00:06:02;250,0;157,1;23,8;21,5;21,2;241,1;18,7;0,1;1,04E-1;-541,2;20,00;3,0;3,0;38,83;0,01;-0,031;1,7;4,28;0,388
364;04.07.2023;14:54:55;00:06:03;250,0;157,1;23,8;21,5;21,3;242,5;18,7;0,1;1,04E-1;-541,2;20,00;3,0;3,0;38,83;0,01;-0,032;1,6;4,26;0,386
365;04.07.2023;14:54:56;00:06:04;250,1;159,5;23,9;21,6;21,3;243,2;18,6;0,1;1,04E-1;-541,2;20,00;3,0;3,0;38,83;0,01;-0,030;1,7;4,26;0,388
366;04.07.2023;14:54:57;00:06:05;250,0;159,5;24,0;21,6;21,3;244,6;18,8;0,1;1,04E-1;-541,2;20,00;3,0;3,0;38,83;0,01;-0,035;1,7;4,25;0,391
367;04.07.2023;14:54:58;00:06:06;250,0;159,5;24,0;21,6;21,3;245,3;18,9;0,1;1,04E-1;-541,2;20,00;3,0;3,0;38,83;0,00;-0,032;1,7;4,26;0,391
368;04.07.2023;14:54:59;00:06:07;250,1;161,9;24,0;21,7;21,3;246,7;18,8;0,1;1,03E-1;-541,2;20,00;3,0;3,0;38,83;0,01;-0,028;1,7;4,27;0,391
369;04.07.2023;14:55:00;00:06:08;250,1;161,9;24,1;21,7;21,3;248,1;19,0;0,1;1,03E-1;-541,2;20,00;3,0;3,0;38,83;0,01;-0,027;1,7;4,30;0,392
370;04.07.2023;14:55:01;00:06:09;250,3;164,4;24,1;21,8;21,3;248,9;19,0;0,1;1,03E-1;-541,2;20,00;3,0;3,0;38,83;0,00;-0,028;1,7;4,33;0,396
371;04.07.2023;14:55:02;00:06:10;250,0;164,4;24,2;21,9;21,3;250,3;19,1;0,1;1,03E-1;-541,2;20,00;3,0;3,0;38,83;0,00;-0,028;1,7;4,32;0,394
372;04.07.2023;14:55:03;00:06:11;250,0;166,9;24,2;21,9;21,3;251,7;19,1;0,1;1,02E-1;-541,2;20,00;3,0;2,9;38,83;0,00;-0,030;1,7;4,32;0,395
373;04.07.2023;14:55:04;00:06:12;250,3;166,9;24,4;21,9;21,3;252,4;19,2;0,1;1,02E-1;-541,2;20,00;3,0;3,0;38,83;0,00;-0,030;1,7;4,28;0,396
374;04.07.2023;14:55:05;00:06:13;250,0;169,4;24,4;22,0;21,3;253,8;19,2;0,1;1,02E-1;-541,2;20,00;3,0;3,0;38,83;0,00;-0,034;1,7;4,29;0,396
375;04.07.2023;14:55:06;00:06:14;250,1;171,9;24,5;22,1;21,4;255,2;19,3;0,1;1,02E-1;-541,2;20,00;3,0;3,0;38,83;0,00;-0,032;1,7;4,27;0,396
376;04.07.2023;14:55:07;00:06:15;250,1;171,9;24,5;22,1;21,4;256,0;19,3;0,1;1,02E-1;-541,2;20,00;3,0;3,0;38,83;0,00;-0,030;1,7;4,28;0,396
377;04.07.2023;14:55:08;00:06:16;250,1;171,9;24,6;22,2;21,4;257,4;19,5;0,1;1,01E-1;-541,2;20,00;3,0;2,9;38,83;0,00;-0,028;1,7;4,34;0,398
378;04.07.2023;14:55:09;00:06:17;250,1;174,2;24,6;22,2;21,4;258,8;19,5;0,1;1,01E-1;-541,2;20,00;3,0;2,9;38,83;0,00;-0,027;1,7;4,30;0,400
379;04.07.2023;14:55:10;00:06:18;250,1;174,2;24,7;22,2;21,4;259,5;19,6;0,1;1,01E-1;-541,2;20,00;3,0;2,9;38,83;0,00;-0,030;1,7;4,32;0,400
380;04.07.2023;14:55:11;00:06:19;250,1;176,4;24,7;22,3;21,4;260,9;19,6;0,1;1,01E-1;-541,2;20,00;3,0;3,0;38,82;0,00;-0,029;1,7;4,33;0,400
381;04.07.2023;14:55:12;00:06:20;252,1;178,7;24,8;22,4;21,4;261,6;19,7;0,1;1,01E-1;-541,2;20,00;3,0;3,0;38,82;0,00;-0,035;1,8;4,34;0,405
382;04.07.2023;14:55:13;00:06:21;252,4;178,7;24,8;22,4;21,4;263,1;19,7;0,1;1,00E-1;-541,2;20,00;3,0;3,0;38,82;0,00;-0,029;1,7;4,34;0,405
383;04.07.2023;14:55:14;00:06:22;254,0;180,9;24,9;22,5;21,5;264,5;19,8;0,1;1,00E-1;-541,2;20,00;3,0;3,0;38,82;0,00;-0,029;1,8;4,33;0,405
384;04.07.2023;14:55:15;00:06:23;254,8;180,9;24,9;22,5;21,5;265,2;19,8;0,1;1,00E-1;-541,2;20,00;3,0;3,0;38,82;0,00;-0,025;1,8;4,35;0,405
385;04.07.2023;14:55:16;00:06:24;256,3;183,2;25,0;22,6;21,5;266,6;19,8;0,1;9,98E-2;-541,2;20,00;3,0;3,0;38,82;0,00;-0,026;1,8;4,36;0,407
386;04.07.2023;14:55:17;00:06:25;258,4;183,2;25,1;22,7;21,5;268,0;20,0;0,1;9,96E-2;-541,2;20,00;3,0;2,9;38,82;0,00;-0,029;1,8;4,37;0,407
387;04.07.2023;14:55:18;00:06:26;258,7;183,2;25,1;22,7;21,5;268,7;20,1;0,1;9,94E-2;-541,2;20,00;3,0;3,0;38,82;0,00;-0,027;1,8;4,36;0,408
388;04.07.2023;14:55:19;00:06:27;260,6;185,4;25,1;22,7;21,5;270,3;20,1;0,1;9,92E-2;-541,2;20,00;3,0;3,0;38,82;0,00;-0,025;1,8;4,34;0,410
389;04.07.2023;14:55:20;00:06:28;262,4;185,4;25,2;22,7;21,5;271,7;20,3;0,1;9,90E-2;-541,2;20,00;3,0;3,0;38,82;-0,01;-0,027;1,8;4,36;0,410
390;04.07.2023;14:55:21;00:06:29;262,4;187,7;25,2;22,8;21,5;272,4;20,2;0,1;9,88E-2;-541,2;20,00;3,0;3,0;38,82;0,00;-0,027;1,8;4,36;0,415
391;04.07.2023;14:55:22;00:06:30;264,1;187,7;25,3;22,9;21,5;273,8;20,4;0,1;9,86E-2;-541,2;20,00;3,0;3,0;38,82;-0,01;-0,027;1,8;4,35;0,415
392;04.07.2023;14:55:23;00:06:31;265,1;190,2;25,3;22,9;21,5;275,2;20,4;0,1;9,85E-2;-541,2;20,00;3,0;3,0;38,82;-0,01;-0,033;1,8;4,39;0,415
393;04.07.2023;14:55:24;00:06:32;265,5;190,2;25,3;22,9;21,5;275,9;20,5;0,1;9,83E-2;-541,2;20,00;3,0;3,0;38,82;-0,01;-0,036;1,8;4,38;0,415
394;04.07.2023;14:55:25;00:06:33;267,3;192,6;25,4;23,0;21,6;277,4;20,5;0,1;9,81E-2;-541,2;20,00;3,0;3,0;38,82;-0,01;-0,032;1,8;4,40;0,415
395;04.07.2023;14:55:26;00:06:34;268,4;192,6;25,4;23,0;21,6;278,1;20,6;0,1;9,80E-2;-541,2;20,00;3,0;3,0;38,81;-0,01;-0,032;1,8;4,39;0,417
396;04.07.2023;14:55:27;00:06:35;270,0;195,0;25,5;23,1;21,6;279,5;20,6;0,1;9,78E-2;-541,2;20,00;3,0;3,0;38,82;-0,01;-0,030;1,8;4,40;0,415
397;04.07.2023;14:55:28;00:06:36;271,5;195,0;25,6;23,1;21,6;280,9;20,8;0,1;9,75E-2;-541,2;20,00;3,0;3,0;38,82;-0,01;-0,033;1,8;4,40;0,418
398;04.07.2023;14:55:29;00:06:37;272,0;197,3;25,6;23,2;21,6;281,6;20,7;0,1;9,74E-2;-541,2;20,00;3,0;3,0;38,82;-0,01;-0,028;1,9;4,40;0,420
399;04.07.2023;14:55:30;00:06:38;272,8;197,3;25,7;23,3;21,6;283,0;20,9;0,1;9,72E-2;-541,2;20,00;3,0;2,9;38,82;-0,01;-0,030;1,9;4,39;0,420
400;04.07.2023;14:55:31;00:06:39;274,7;199,4;25,7;23,3;21,6;284,5;20,9;0,1;9,69E-2;-541,2;20,00;3,0;3,0;38,81;-0,01;-0,032;1,8;4,40;0,420
401;04.07.2023;14:55:32;00:06:40;275,0;199,4;25,9;23,4;21,6;285,2;21,0;0,1;9,69E-2;-541,2;20,00;3,0;3,1;38,82;-0,01;-0,031;1,8;4,39;0,420
402;04.07.2023;14:55:33;00:06:41;276,6;201,6;25,9;23,4;21,6;286,6;21,0;0,1;9,67E-2;-541,2;20,00;3,0;3,0;38,81;-0,01;-0,032;1,9;4,40;0,422
403;04.07.2023;14:55:34;00:06:42;277,7;203,8;26,0;23,5;21,7;288,0;21,1;0,1;9,64E-2;-541,2;20,00;3,0;3,0;38,81;-0,01;-0,037;1,9;4,42;0,427
404;04.07.2023;14:55:35;00:06:43;278,2;203,8;26,0;23,5;21,7;288,7;21,1;0,1;9,63E-2;-541,2;20,00;3,0;3,0;38,81;-0,01;-0,031;1,9;4,40;0,425
405;04.07.2023;14:55:36;00:06:44;279,6;203,8;26,1;23,6;21,7;290,1;21,3;0,1;9,62E-2;-541,2;20,00;3,0;3,0;38,81;-0,01;-0,027;1,9;4,41;0,426
406;04.07.2023;14:55:37;00:06:45;280,8;206,0;26,1;23,6;21,7;290,8;21,3;0,1;9,60E-2;-541,2;20,00;3,0;3,0;38,81;-0,01;-0,030;1,9;4,43;0,427
407;04.07.2023;14:55:38;00:06:46;282,3;206,0;26,2;23,7;21,7;292,3;21,4;0,1;9,58E-2;-541,2;20,00;3,0;3,1;38,81;-0,01;-0,030;1,9;4,46;0,429
408;04.07.2023;14:55:39;00:06:47;283,7;208,1;26,2;23,7;21,7;293,7;21,5;0,1;9,56E-2;-541,2;20,00;3,0;3,0;38,81;-0,01;-0,028;1,9;4,47;0,430
409;04.07.2023;14:55:40;00:06:48;284,1;208,1;26,2;23,7;21,7;294,4;21,6;0,1;9,56E-2;-541,2;20,00;3,0;3,0;38,81;-0,01;-0,031;1,9;4,48;0,430
410;04.07.2023;14:55:41;00:06:49;285,7;210,4;26,3;23,8;21,7;295,8;21,6;0,1;9,53E-2;-541,2;20,00;3,0;3,0;38,81;-0,02;-0,030;1,9;4,44;0,430
411;04.07.2023;14:55:42;00:06:50;286,9;212,7;26,4;23,9;21,7;297,2;21,6;0,1;9,51E-2;-541,2;20,00;3,0;3,0;38,81;-0,02;-0,027;1,9;4,48;0,435
412;04.07.2023;14:55:43;00:06:51;287,8;212,7;26,4;23,9;21,7;297,9;21,6;0,1;9,51E-2;-541,2;20,00;3,0;3,0;38,81;-0,02;-0,037;1,9;4,45;0,431
413;04.07.2023;14:55:44;00:06:52;289,0;212,7;26,4;23,9;21,7;299,4;21,9;0,1;9,48E-2;-541,2;20,00;3,0;2,9;38,81;-0,02;-0,043;1,9;4,45;0,435
414;04.07.2023;14:55:45;00:06:53;290,3;215,0;26,5;24,0;21,7;300,9;21,9;0,1;9,46E-2;-541,2;20,00;3,0;3,0;38,81;-0,02;-0,035;1,9;4,50;0,435
415;04.07.2023;14:55:46;00:06:54;290,4;215,0;26,6;24,0;21,7;301,6;22,0;0,1;9,46E-2;-541,2;20,00;3,0;3,0;38,81;-0,02;-0,041;2,0;4,50;0,436
416;04.07.2023;14:55:47;00:06:55;292,0;217,3;26,6;24,1;21,7;303,1;22,0;0,1;9,43E-2;-541,2;20,00;3,0;2,9;38,80;-0,02;-0,033;1,9;4,46;0,438
417;04.07.2023;14:55:48;00:06:56;293,4;217,3;26,7;24,1;21,7;304,6;22,2;0,1;9,41E-2;-541,2;20,00;3,0;3,0;38,81;-0,02;-0,028;2,0;4,50;0,440
418;04.07.2023;14:55:49;00:06:57;294,0;219,4;26,7;24,2;21,8;305,4;22,1;0,1;9,40E-2;-541,2;20,00;3,0;3,0;38,80;-0,02;-0,031;2,0;4,46;0,440
419;04.07.2023;14:55:50;00:06:58;295,2;221,5;26,8;24,3;21,8;307,0;22,2;0,1;9,39E-2;-541,2;20,00;3,0;3,0;38,80;-0,02;-0,029;2,0;4,48;0,442
420;04.07.2023;14:55:51;00:06:59;296,1;221,5;26,8;24,3;21,8;307,8;22,2;0,1;9,38E-2;-541,2;20,00;3,0;3,0;38,80;-0,02;-0,026;2,0;4,48;0,440
421;04.07.2023;14:55:52;00:07:00;297,2;221,5;26,9;24,4;21,8;309,3;22,5;0,1;9,36E-2;-541,2;20,00;3,0;3,0;38,80;-0,02;-0,032;2,0;4,53;0,444
422;04.07.2023;14:55:53;00:07:01;298,7;223,7;26,9;24,4;21,8;310,8;22,5;0,1;9,34E-2;-541,2;20,00;3,0;3,0;38,80;-0,02;-0,031;2,0;4,51;0,444
423;04.07.2023;14:55:54;00:07:02;299,4;223,7;26,9;24,4;21,8;311,5;22,6;0,1;9,34E-2;-541,2;20,00;3,0;3,1;38,80;-0,02;-0,034;2,0;4,52;0,444
424;04.07.2023;14:55:55;00:07:03;300,5;225,8;27,0;24,5;21,8;313,0;22,6;0,1;9,32E-2;-541,2;20,00;3,0;3,1;38,80;-0,03;-0,033;2,0;4,51;0,448
425;04.07.2023;14:55:56;00:07:04;302,3;227,9;27,1;24,6;21,8;314,6;22,7;0,1;9,30E-2;-541,2;20,00;3,0;3,0;38,80;-0,03;-0,033;2,1;4,53;0,449
426;04.07.2023;14:55:57;00:07:05;303,0;227,9;27,1;24,6;21,9;315,4;22,8;0,1;9,29E-2;-541,2;20,00;3,0;3,0;38,80;-0,03;-0,033;2,0;4,53;0,449
427;04.07.2023;14:55:58;00:07:06;304,9;227,9;27,2;24,7;21,9;316,9;23,0;0,1;9,28E-2;-541,2;20,00;3,0;3,0;38,80;-0,03;-0,033;2,0;4,55;0,449
428;04.07.2023;14:55:59;00:07:07;305,8;230,0;27,2;24,7;21,9;318,4;23,0;0,1;9,26E-2;-541,2;20,00;3,0;3,0;38,80;-0,03;-0,032;2,0;4,55;0,452
429;04.07.2023;14:56:00;00:07:08;306,4;229,9;27,1;24,6;21,9;319,1;23,1;0,1;9,25E-2;-541,2;20,00;3,0;3,1;38,80;-0,03;-0,028;2,1;4,54;0,452
430;04.07.2023;14:56:01;00:07:09;308,1;232,2;27,2;24,7;21,9;320,6;23,1;0,1;9,23E-2;-541,2;20,00;3,0;3,1;38,80;-0,03;-0,029;2,1;4,57;0,455
431;04.07.2023;14:56:02;00:07:10;309,2;234,5;27,3;24,8;21,9;322,3;23,2;0,1;9,22E-2;-541,2;20,00;3,0;3,0;38,80;-0,03;-0,030;2,1;4,57;0,457
432;04.07.2023;14:56:03;00:07:11;309,8;234,5;27,3;24,8;21,9;323,0;23,2;0,1;9,21E-2;-541,2;20,00;3,0;3,0;38,80;-0,03;-0,027;2,1;4,56;0,458
433;04.07.2023;14:56:04;00:07:12;311,4;234,5;27,5;24,8;21,9;324,5;23,5;0,1;9,19E-2;-541,2;20,00;3,0;2,9;38,79;-0,03;-0,033;2,1;4,57;0,459
434;04.07.2023;14:56:05;00:07:13;311,9;236,7;27,5;24,9;21,9;325,3;23,4;0,1;9,18E-2;-541,2;20,00;3,0;2,9;38,80;-0,03;-0,033;2,1;4,59;0,460
435;04.07.2023;14:56:06;00:07:14;313,3;236,7;27,6;24,9;21,9;326,8;23,6;0,1;9,17E-2;-541,2;20,00;3,0;3,0;38,80;-0,03;-0,039;2,1;4,57;0,460
436;04.07.2023;14:56:07;00:07:15;314,7;239,0;27,6;25,0;22,0;328,3;23,6;0,1;9,15E-2;-541,2;20,00;3,0;3,0;38,80;-0,03;-0,040;2,1;4,58;0,460
437;04.07.2023;14:56:08;00:07:16;315,7;239,0;27,6;25,0;22,0;329,1;23,7;0,1;9,14E-2;-541,2;20,00;3,0;3,0;38,79;-0,03;-0,038;2,1;4,56;0,462
438;04.07.2023;14:56:09;00:07:17;316,8;241,2;27,7;25,1;22,0;330,6;23,7;0,1;9,12E-2;-541,2;20,00;3,0;2,9;38,79;-0,03;-0,041;2,1;4,59;0,464
439;04.07.2023;14:56:10;00:07:18;318,2;243,4;27,8;25,2;22,0;332,1;23,8;0,1;9,11E-2;-541,2;20,00;3,0;2,9;38,79;-0,03;-0,038;2,1;4,59;0,465
440;04.07.2023;14:56:11;00:07:19;318,8;243,4;27,8;25,2;22,0;332,9;23,9;0,1;9,11E-2;-541,2;20,00;3,0;3,0;38,79;-0,03;-0,037;2,1;4,62;0,464
441;04.07.2023;14:56:12;00:07:20;320,1;243,4;27,9;25,2;22,0;334,4;24,1;0,1;9,10E-2;-541,2;20,00;3,0;2,9;38,79;-0,04;-0,034;2,2;4,58;0,469
442;04.07.2023;14:56:13;00:07:21;321,4;245,6;27,9;25,3;22,0;335,9;24,1;0,1;9,09E-2;-541,2;20,00;3,0;3,0;38,79;-0,03;-0,035;2,2;4,60;0,469
443;04.07.2023;14:56:14;00:07:22;322,4;245,6;28,0;25,3;22,0;336,8;24,2;0,1;9,08E-2;-541,2;20,00;3,0;3,0;38,79;-0,03;-0,032;2,2;4,62;0,469
444;04.07.2023;14:56:15;00:07:23;323,5;247,8;28,0;25,4;22,0;338,3;24,2;0,1;9,07E-2;-541,2;20,00;3,0;3,0;38,79;-0,04;-0,033;2,2;4,65;0,470
445;04.07.2023;14:56:16;00:07:24;324,2;247,8;28,1;25,4;22,0;339,0;24,3;0,1;9,07E-2;-541,2;20,00;3,0;3,0;38,79;-0,04;-0,038;2,2;4,64;0,473
446;04.07.2023;14:56:17;00:07:25;325,5;250,0;28,1;25,5;22,1;340,5;24,4;0,1;9,06E-2;-541,2;20,00;3,0;3,1;38,79;-0,04;-0,035;2,2;4,63;0,473
447;04.07.2023;14:56:18;00:07:26;326,9;252,1;28,2;25,6;22,1;342,0;24,6;0,1;9,05E-2;-541,2;20,00;3,0;3,0;38,79;-0,03;-0,038;2,2;4,59;0,474
448;04.07.2023;14:56:19;00:07:27;327,5;252,1;28,2;25,6;22,1;342,8;24,5;0,1;9,04E-2;-541,2;20,00;3,0;3,0;38,79;-0,04;-0,032;2,2;4,65;0,474
449;04.07.2023;14:56:20;00:07:28;329,0;252,0;28,1;25,5;22,0;344,4;24,7;0,1;9,03E-2;-541,2;20,00;3,0;3,0;38,79;-0,04;-0,037;2,2;4,64;0,479
450;04.07.2023;14:56:21;00:07:29;330,9;254,3;28,3;25,6;22,1;345,9;24,7;0,1;9,01E-2;-541,2;20,00;3,0;3,1;38,78;-0,04;-0,031;2,2;4,64;0,479
451;04.07.2023;14:56:22;00:07:30;331,0;254,3;28,3;25,6;22,1;346,6;24,8;0,1;9,01E-2;-541,2;20,00;3,0;3,0;38,79;-0,04;-0,028;2,2;4,64;0,479
452;04.07.2023;14:56:23;00:07:31;333,0;256,6;28,4;25,7;22,1;348,1;25,0;0,1;9,00E-2;-541,2;20,00;3,0;3,0;38,78;-0,04;-0,030;2,3;4,66;0,484
453;04.07.2023;14:56:24;00:07:32;333,8;256,6;28,4;25,7;22,1;349,6;25,1;0,1;8,99E-2;-541,2;20,00;3,0;3,0;38,79;-0,04;-0,031;2,2;4,67;0,484
454;04.07.2023;14:56:25;00:07:33;334,6;258,9;28,5;25,8;22,1;350,4;25,0;0,1;8,98E-2;-541,2;20,00;3,0;2,9;38,78;-0,04;-0,036;2,3;4,65;0,484
455;04.07.2023;14:56:26;00:07:34;336,0;258,9;28,6;25,9;22,1;352,0;25,2;0,1;8,96E-2;-541,2;20,00;3,0;3,0;38,78;-0,04;-0,038;2,3;4,67;0,484
456;04.07.2023;14:56:27;00:07:35;337,7;261,2;28,6;25,9;22,1;353,5;25,2;0,1;8,94E-2;-541,2;20,00;3,0;3,0;38,78;-0,05;-0,039;2,3;4,67;0,486
457;04.07.2023;14:56:28;00:07:36;338,0;261,2;28,6;25,9;22,1;354,3;25,3;0,1;8,94E-2;-541,2;20,00;3,0;3,0;38,78;-0,04;-0,044;2,3;4,68;0,488
458;04.07.2023;14:56:29;00:07:37;339,8;263,4;28,7;26,0;22,1;355,8;25,4;0,1;8,93E-2;-541,2;20,00;3,0;3,0;38,78;-0,05;-0,028;2,3;4,70;0,488
459;04.07.2023;14:56:30;00:07:38;340,0;263,4;28,7;26,0;22,1;356,5;25,5;0,1;8,92E-2;-541,2;20,00;3,0;3,0;38,78;-0,04;-0,034;2,3;4,68;0,488
460;04.07.2023;14:56:31;00:07:39;341,6;265,5;28,8;26,1;22,1;358,0;25,5;0,1;8,90E-2;-541,2;20,00;3,0;3,0;38,78;-0,05;-0,037;2,3;4,74;0,488
461;04.07.2023;14:56:32;00:07:40;342,9;265,5;28,9;26,1;22,1;359,6;25,7;0,1;8,88E-2;-541,2;20,00;3,0;3,0;38,78;-0,05;-0,033;2,3;4,73;0,492
462;04.07.2023;14:56:33;00:07:41;344,0;267,7;28,9;26,2;22,2;360,4;25,7;0,1;8,88E-2;-541,2;20,00;3,0;3,0;38,78;-0,05;-0,038;2,3;4,72;0,493
463;04.07.2023;14:56:34;00:07:42;345,4;267,7;29,0;26,3;22,2;361,9;25,8;0,1;8,87E-2;-541,2;20,00;3,0;3,0;38,78;-0,05;-0,034;2,3;4,72;0,496
464;04.07.2023;14:56:35;00:07:43;346,8;269,9;29,0;26,3;22,2;363,4;25,9;0,1;8,86E-2;-541,2;20,00;3,0;3,0;38,78;-0,05;-0,043;2,3;4,72;0,495
465;04.07.2023;14:56:36;00:07:44;347,5;269,9;29,1;26,4;22,2;364,1;26,0;0,1;8,85E-2;-541,2;20,00;3,0;3,1;38,78;-0,05;-0,038;2,3;4,69;0,496
466;04.07.2023;14:56:37;00:07:45;348,9;272,1;29,1;26,4;22,2;365,6;26,0;0,1;8,83E-2;-541,2;20,00;3,0;3,0;38,77;-0,05;-0,040;2,4;4,70;0,498
467;04.07.2023;14:56:38;00:07:46;350,4;274,2;29,3;26,5;22,2;367,3;26,1;0,1;8,82E-2;-541,2;20,00;3,0;3,0;38,77;-0,05;-0,036;2,4;4,75;0,501
468;04.07.2023;14:56:39;00:07:47;351,0;274,2;29,3;26,5;22,2;368,0;26,2;0,1;8,82E-2;-541,2;20,00;3,0;3,0;38,78;-0,05;-0,034;2,4;4,73;0,499
469;04.07.2023;14:56:40;00:07:48;352,3;274,1;29,2;26,4;22,1;369,5;26,4;0,1;8,80E-2;-541,2;20,00;3,0;3,0;38,77;-0,05;-0,035;2,4;4,76;0,503
470;04.07.2023;14:56:41;00:07:49;353,8;276,5;29,3;26,5;22,1;371,0;26,4;0,1;8,78E-2;-541,2;20,00;3,0;3,0;38,78;-0,05;-0,037;2,4;4,76;0,504
471;04.07.2023;14:56:42;00:07:50;354,5;276,5;29,4;26,5;22,1;371,8;26,5;0,1;8,77E-2;-541,2;20,00;3,0;3,0;38,77;-0,05;-0,037;2,4;4,77;0,503
472;04.07.2023;14:56:43;00:07:51;356,4;278,8;29,4;26,6;22,2;373,3;26,6;0,1;8,76E-2;-541,2;20,00;3,0;3,0;38,77;-0,05;-0,041;2,4;4,74;0,508
473;04.07.2023;14:56:44;00:07:52;356,8;278,8;29,4;26,6;22,2;374,0;26,6;0,1;8,76E-2;-541,2;20,00;3,0;3,0;38,77;-0,05;-0,045;2,4;4,74;0,507
474;04.07.2023;14:56:45;00:07:53;358,4;281,1;29,5;26,7;22,2;375,6;26,7;0,1;8,74E-2;-541,2;20,00;3,0;3,0;38,77;-0,05;-0,044;2,4;4,75;0,508
475;04.07.2023;14:56:46;00:07:54;359,9;283,4;29,6;26,8;22,2;377,1;26,8;0,1;8,72E-2;-541,2;20,00;3,0;3,1;38,77;-0,06;-0,047;2,4;4,80;0,508
476;04.07.2023;14:56:47;00:07:55;360,2;283,4;29,6;26,8;22,2;377,9;26,8;0,1;8,72E-2;-541,2;20,00;3,0;2,9;38,77;-0,06;-0,055;2,4;4,75;0,510
477;04.07.2023;14:56:48;00:07:56;361,9;283,4;29,7;26,8;22,2;379,4;27,0;0,1;8,71E-2;-541,2;20,00;3,0;3,0;38,77;-0,06;-0,049;2,5;4,76;0,512
478;04.07.2023;14:56:49;00:07:57;363,2;285,6;29,7;26,9;22,2;380,9;27,0;0,1;8,70E-2;-541,2;20,00;3,0;3,0;38,77;-0,06;-0,044;2,5;4,78;0,513
479;04.07.2023;14:56:50;00:07:58;364,0;285,6;29,7;26,9;22,2;381,6;27,1;0,1;8,68E-2;-541,2;20,00;3,0;2,9;38,77;-0,06;-0,040;2,5;4,79;0,518
480;04.07.2023;14:56:51;00:07:59;365,4;287,8;29,8;27,0;22,3;383,3;27,2;0,1;8,67E-2;-541,2;20,00;3,0;3,0;38,77;-0,06;-0,038;2,5;4,80;0,518
481;04.07.2023;14:56:52;00:08:00;366,8;287,8;29,9;27,1;22,3;384,8;27,4;0,1;8,65E-2;-541,2;20,00;3,0;3,0;38,76;-0,06;-0,038;2,5;4,77;0,518
482;04.07.2023;14:56:53;00:08:01;367,4;290,0;29,9;27,1;22,3;385,5;27,3;0,1;8,65E-2;-541,2;20,00;3,0;3,1;38,77;-0,06;-0,033;2,5;4,78;0,521
483;04.07.2023;14:56:54;00:08:02;368,9;290,0;30,1;27,1;22,3;387,0;27,5;0,1;8,63E-2;-541,2;20,00;3,0;3,0;38,76;-0,06;-0,038;2,5;4,80;0,523
484;04.07.2023;14:56:55;00:08:03;369,8;292,3;30,1;27,1;22,3;387,8;27,4;0,1;8,63E-2;-541,2;20,00;3,0;3,1;38,76;-0,06;-0,034;2,5;4,83;0,523
485;04.07.2023;14:56:56;00:08:04;371,4;292,3;30,2;27,1;22,3;389,3;27,6;0,1;8,61E-2;-541,2;20,00;3,0;3,0;38,76;-0,06;-0,039;2,5;4,82;0,523
486;04.07.2023;14:56:57;00:08:05;372,6;294,6;30,2;27,2;22,3;390,9;27,7;0,1;8,60E-2;-541,2;20,00;3,0;3,0;38,76;-0,06;-0,044;2,5;4,84;0,527
487;04.07.2023;14:56:58;00:08:06;373,5;294,6;30,2;27,2;22,3;391,6;27,8;0,1;8,59E-2;-541,2;20,00;3,0;3,0;38,76;-0,07;-0,040;2,5;4,82;0,527
488;04.07.2023;14:56:59;00:08:07;375,0;296,9;30,3;27,3;22,3;393,1;27,8;0,1;8,58E-2;-541,2;20,00;3,0;3,0;38,76;-0,06;-0,044;2,5;4,86;0,527
489;04.07.2023;14:57:00;00:08:08;376,5;297,0;30,3;27,3;22,3;394,6;28,0;0,1;8,57E-2;-541,2;20,00;3,0;3,0;38,76;-0,07;-0,045;2,6;4,84;0,529
490;04.07.2023;14:57:01;00:08:09;377,1;299,4;30,4;27,4;22,3;395,4;27,9;0,1;8,56E-2;-541,2;20,00;3,0;3,0;38,76;-0,06;-0,043;2,5;4,86;0,532
491;04.07.2023;14:57:02;00:08:10;378,4;299,4;30,5;27,4;22,4;396,9;28,1;0,1;8,55E-2;-541,2;20,00;3,0;3,0;38,76;-0,07;-0,041;2,6;4,85;0,532
492;04.07.2023;14:57:03;00:08:11;380,5;301,8;30,5;27,5;22,4;398,5;28,2;0,1;8,54E-2;-541,2;20,00;3,0;3,0;38,76;-0,07;-0,048;2,6;4,90;0,537
493;04.07.2023;14:57:04;00:08:12;381,1;301,8;30,5;27,5;22,4;399,3;28,3;0,1;8,53E-2;-541,2;20,00;3,0;3,0;38,76;-0,07;-0,049;2,6;4,90;0,536
494;04.07.2023;14:57:05;00:08:13;382,6;304,2;30,7;27,7;22,4;400,8;28,3;0,1;8,52E-2;-541,2;20,00;3,0;3,0;38,76;-0,07;-0,048;2,6;4,92;0,537
495;04.07.2023;14:57:06;00:08:14;384,0;304,2;30,8;27,8;22,4;402,3;28,5;0,1;8,50E-2;-541,2;20,00;3,0;3,1;38,75;-0,07;-0,051;2,6;4,89;0,541
496;04.07.2023;14:57:07;00:08:15;384,6;304,2;30,8;27,8;22,4;403,0;28,6;0,1;8,49E-2;-541,2;20,00;3,0;3,0;38,76;-0,07;-0,051;2,6;4,89;0,542
497;04.07.2023;14:57:08;00:08:16;386,3;306,6;30,8;27,8;22,4;404,5;28,6;0,1;8,48E-2;-541,2;20,00;3,0;3,0;38,75;-0,07;-0,054;2,7;4,92;0,542
498;04.07.2023;14:57:09;00:08:17;387,4;308,9;30,9;27,9;22,5;405,4;28,6;0,1;8,48E-2;-541,2;20,00;3,0;3,0;38,75;-0,07;-0,055;2,7;4,91;0,543
499;04.07.2023;14:57:10;00:08:18;388,8;308,9;31,0;27,9;22,5;406,9;28,7;0,1;8,47E-2;-541,2;20,00;3,0;2,9;38,75;-0,08;-0,052;2,7;4,92;0,546
500;04.07.2023;14:57:11;00:08:19;390,7;311,1;31,0;28,0;22,5;408,4;28,8;0,1;8,45E-2;-541,2;20,00;3,0;2,9;38,75;-0,07;-0,051;2,7;4,90;0,547
501;04.07.2023;14:57:12;00:08:20;391,5;311,1;31,0;28,0;22,5;409,1;28,9;0,1;8,44E-2;-541,2;20,00;3,0;3,0;38,75;-0,08;-0,044;2,7;4,90;0,547
502;04.07.2023;14:57:13;00:08:21;392,4;313,4;31,1;28,1;22,5;410,6;28,9;0,1;8,43E-2;-541,2;20,00;3,0;3,0;38,75;-0,07;-0,049;2,7;4,92;0,547
503;04.07.2023;14:57:14;00:08:22;394,1;315,6;31,3;28,2;22,5;412,1;29,1;0,1;8,42E-2;-541,2;20,00;3,0;2,9;38,75;-0,08;-0,044;2,7;4,93;0,549
504;04.07.2023;14:57:15;00:08:23;394,9;315,6;31,3;28,2;22,5;413,0;29,0;0,1;8,42E-2;-541,2;20,00;3,0;3,1;38,75;-0,08;-0,033;2,7;4,90;0,551
505;04.07.2023;14:57:16;00:08:24;396,4;315,6;31,4;28,2;22,5;414,5;29,3;0,1;8,40E-2;-541,2;20,00;3,0;3,0;38,75;-0,08;-0,039;2,7;4,93;0,552
506;04.07.2023;14:57:17;00:08:25;397,8;317,9;31,4;28,3;22,5;416,0;29,3;0,1;8,39E-2;-541,2;20,00;3,0;3,0;38,75;-0,08;-0,041;2,8;4,93;0,554
507;04.07.2023;14:57:18;00:08:26;398,4;317,9;31,4;28,3;22,5;416,8;29,4;0,1;8,38E-2;-541,2;20,00;3,0;3,1;38,74;-0,08;-0,036;2,8;4,94;0,557
508;04.07.2023;14:57:19;00:08:27;399,8;320,2;31,5;28,4;22,6;418,3;29,4;0,1;8,37E-2;-541,2;20,00;3,0;3,0;38,75;-0,08;-0,044;2,7;4,95;0,557
509;04.07.2023;14:57:20;00:08:28;401,7;320,2;31,4;28,3;22,5;419,8;29,6;0,1;8,36E-2;-541,2;20,00;3,0;2,9;38,75;-0,08;-0,047;2,8;4,94;0,559
510;04.07.2023;14:57:21;00:08:29;403,1;322,7;31,6;28,4;22,6;421,4;29,6;0,1;8,35E-2;-541,2;20,00;3,0;2,9;38,74;-0,08;-0,051;2,8;4,97;0,562
511;04.07.2023;14:57:22;00:08:30;403,8;322,7;31,7;28,4;22,6;422,1;29,8;0,1;8,35E-2;-541,2;20,00;3,0;3,0;38,75;-0,08;-0,044;2,8;4,96;0,562
512;04.07.2023;14:57:23;00:08:31;405,3;325,2;31,7;28,6;22,6;423,6;29,8;0,1;8,33E-2;-541,2;20,00;3,0;3,0;38,74;-0,08;-0,047;2,8;4,96;0,563
513;04.07.2023;14:57:24;00:08:32;406,2;325,2;31,7;28,6;22,6;424,4;29,9;0,1;8,32E-2;-541,2;20,00;3,0;3,1;38,74;-0,08;-0,047;2,8;4,96;0,563
514;04.07.2023;14:57:25;00:08:33;407,5;327,6;31,8;28,7;22,6;425,9;29,9;0,1;8,31E-2;-541,2;20,00;3,0;3,0;38,74;-0,08;-0,048;2,8;5,01;0,567
515;04.07.2023;14:57:26;00:08:34;408,9;327,6;31,9;28,8;22,6;427,4;30,1;0,1;8,31E-2;-541,2;20,00;3,0;3,0;38,74;-0,08;-0,046;2,8;5,00;0,567
516;04.07.2023;14:57:27;00:08:35;410,0;330,1;31,9;28,8;22,6;428,1;30,2;0,1;8,30E-2;-541,2;20,00;3,0;3,0;38,74;-0,08;-0,042;2,8;4,99;0,571
517;04.07.2023;14:57:28;00:08:36;411,4;330,1;31,9;28,8;22,6;429,8;30,2;0,1;8,29E-2;-541,2;20,00;3,0;3,0;38,74;-0,09;-0,053;2,9;5,01;0,571
518;04.07.2023;14:57:29;00:08:37;412,9;332,5;32,1;28,9;22,6;431,3;30,2;0,1;8,28E-2;-541,2;20,00;3,0;3,1;38,74;-0,09;-0,052;2,8;5,02;0,571
519;04.07.2023;14:57:30;00:08:38;413,5;332,5;32,2;29,0;22,6;432,0;30,3;0,1;8,27E-2;-541,2;20,00;3,0;2,9;38,74;-0,09;-0,059;2,9;5,02;0,571
520;04.07.2023;14:57:31;00:08:39;415,4;334,8;32,2;29,0;22,7;433,5;30,4;0,1;8,26E-2;-541,2;20,00;3,0;3,0;38,74;-0,09;-0,040;2,9;4,99;0,571
521;04.07.2023;14:57:32;00:08:40;416,5;334,8;32,3;29,1;22,7;435,0;30,6;0,1;8,25E-2;-541,2;20,00;3,0;3,0;38,73;-0,09;-0,038;2,9;5,03;0,576
522;04.07.2023;14:57:33;00:08:41;417,4;337,2;32,3;29,1;22,7;435,8;30,5;0,1;8,25E-2;-541,2;20,00;3,0;3,0;38,73;-0,09;-0,039;2,9;5,03;0,576
523;04.07.2023;14:57:34;00:08:42;419,0;339,5;32,4;29,2;22,7;437,4;30,6;0,1;8,24E-2;-541,2;20,00;3,0;3,0;38,73;-0,10;-0,041;2,9;4,99;0,578
524;04.07.2023;14:57:35;00:08:43;420,3;339,5;32,6;29,2;22,7;438,9;30,7;0,1;8,22E-2;-541,2;20,00;3,0;3,0;38,73;-0,09;-0,046;2,9;5,03;0,578
525;04.07.2023;14:57:36;00:08:44;421,0;339,5;32,6;29,3;22,7;439,6;30,8;0,1;8,22E-2;-541,2;20,00;3,0;2,9;38,73;-0,09;-0,048;2,9;5,07;0,581
526;04.07.2023;14:57:37;00:08:45;422,6;341,8;32,6;29,3;22,8;441,1;30,9;0,1;8,21E-2;-541,2;20,00;3,0;2,9;38,73;-0,09;-0,045;2,9;5,05;0,581
527;04.07.2023;14:57:38;00:08:46;423,2;341,8;32,7;29,3;22,8;441,9;31,0;0,1;8,21E-2;-541,2;20,00;3,0;3,0;38,73;-0,09;-0,044;2,9;5,04;0,586
528;04.07.2023;14:57:39;00:08:47;424,9;344,2;32,7;29,4;22,8;443,4;31,0;0,1;8,19E-2;-541,2;20,00;3,0;2,9;38,73;-0,09;-0,047;2,9;5,01;0,582
529;04.07.2023;14:57:40;00:08:48;426,3;344,2;32,8;29,5;22,8;445,0;31,2;0,1;8,19E-2;-541,2;20,00;3,0;3,0;38,73;-0,10;-0,052;3,0;5,05;0,586
530;04.07.2023;14:57:41;00:08:49;427,1;346,8;32,8;29,5;22,8;445,8;31,1;0,1;8,19E-2;-541,2;20,00;3,0;3,0;38,73;-0,10;-0,044;3,0;5,05;0,588
531;04.07.2023;14:57:42;00:08:50;428,4;346,8;32,8;29,5;22,8;447,3;31,3;0,1;8,18E-2;-541,2;20,00;3,0;3,0;38,73;-0,10;-0,041;3,0;5,07;0,590
532;04.07.2023;14:57:43;00:08:51;429,9;349,4;32,9;29,7;22,8;448,8;31,3;0,1;8,17E-2;-541,2;20,00;3,0;3,0;38,73;-0,10;-0,031;3,0;5,06;0,591
533;04.07.2023;14:57:44;00:08:52;430,7;349,4;32,9;29,7;22,8;449,5;31,4;0,1;8,16E-2;-541,2;20,00;3,0;3,1;38,73;-0,10;-0,035;3,0;5,04;0,591
534;04.07.2023;14:57:45;00:08:53;432,0;352,0;33,1;29,8;22,8;451,0;31,4;0,1;8,15E-2;-541,2;20,00;3,0;3,0;38,73;-0,10;-0,027;3,0;5,07;0,591
535;04.07.2023;14:57:46;00:08:54;434,1;352,0;33,2;29,8;22,9;452,6;31,6;0,1;8,14E-2;-541,2;20,00;3,0;3,0;38,73;-0,10;-0,029;3,0;5,09;0,596
536;04.07.2023;14:57:47;00:08:55;434,8;354,6;33,2;29,9;22,9;453,4;31,6;0,1;8,14E-2;-541,2;20,00;3,0;3,0;38,72;-0,10;-0,032;3,0;5,09;0,596
537;04.07.2023;14:57:48;00:08:56;436,1;354,6;33,4;29,9;22,9;454,9;31,7;0,1;8,13E-2;-541,2;20,00;3,0;3,1;38,73;-0,10;-0,028;3,0;5,09;0,599
538;04.07.2023;14:57:49;00:08:57;437,5;357,0;33,4;30,0;22,9;456,4;31,8;0,1;8,12E-2;-541,2;20,00;3,0;3,0;38,72;-0,10;-0,030;3,1;5,11;0,598
539;04.07.2023;14:57:50;00:08:58;438,4;357,0;33,5;30,1;22,9;457,1;31,9;0,1;8,12E-2;-541,2;20,00;3,0;3,0;38,72;-0,10;-0,029;3,1;5,08;0,601
540;04.07.2023;14:57:51;00:08:59;440,1;359,4;33,5;30,1;22,9;458,6;31,9;0,1;8,11E-2;-541,2;20,00;3,0;3,1;38,72;-0,10;-0,029;3,1;5,11;0,602
541;04.07.2023;14:57:52;00:09:00;440,8;359,4;33,5;30,1;22,9;459,5;32,0;0,1;8,10E-2;-541,2;20,00;3,0;3,0;38,73;-0,10;-0,029;3,1;5,09;0,602
542;04.07.2023;14:57:53;00:09:01;442,3;361,8;33,6;30,2;22,9;461,0;32,0;0,1;8,09E-2;-541,2;20,00;3,0;3,0;38,73;-0,10;-0,021;3,1;5,11;0,604
543;04.07.2023;14:57:54;00:09:02;443,8;364,2;33,7;30,4;22,9;462,5;32,1;0,1;8,09E-2;-541,2;20,00;3,0;3,0;38,72;-0,10;-0,018;3,1;5,14;0,606
544;04.07.2023;14:57:55;00:09:03;444,5;364,2;33,7;30,4;22,9;463,3;32,1;0,1;8,08E-2;-541,2;20,00;3,0;3,0;38,72;-0,10;-0,017;3,1;5,10;0,606
545;04.07.2023;14:57:56;00:09:04;446,3;364,2;33,9;30,4;22,9;464,8;32,4;0,1;8,08E-2;-541,2;20,00;3,0;3,0;38,72;-0,10;-0,020;3,1;5,09;0,607
546;04.07.2023;14:57:57;00:09:05;447,6;366,6;33,9;30,5;22,9;466,3;32,4;0,1;8,07E-2;-541,2;20,00;3,0;3,0;38,72;-0,10;-0,021;3,1;5,11;0,611
547;04.07.2023;14:57:58;00:09:06;448,5;366,6;34,0;30,6;22,9;467,1;32,5;0,1;8,07E-2;-541,2;20,00;3,0;3,0;38,72;-0,10;-0,029;3,1;5,10;0,611
548;04.07.2023;14:57:59;00:09:07;449,8;368,9;34,0;30,6;23,0;468,6;32,5;0,1;8,06E-2;-541,2;20,00;3,0;3,0;38,72;-0,10;-0,028;3,1;5,12;0,612
549;04.07.2023;14:58:00;00:09:08;451,2;368,8;34,0;30,6;22,8;470,1;32,7;0,1;8,05E-2;-541,2;20,00;3,0;3,0;38,72;-0,11;-0,015;3,2;5,14;0,615
550;04.07.2023;14:58:01;00:09:09;452,1;371,4;34,0;30,6;22,8;470,9;32,6;0,1;8,04E-2;-541,2;20,00;3,0;3,0;38,72;-0,10;-0,018;3,1;5,10;0,615
551;04.07.2023;14:58:02;00:09:10;454,0;371,4;34,1;30,6;22,9;472,4;32,8;0,1;8,04E-2;-541,2;20,00;3,0;3,0;38,72;-0,11;-0,010;3,2;5,17;0,617
552;04.07.2023;14:58:03;00:09:11;454,7;371,4;34,1;30,7;22,9;473,1;33,0;0,1;8,04E-2;-541,2;20,00;3,0;3,0;38,72;-0,10;-0,013;3,2;5,11;0,620
553;04.07.2023;14:58:04;00:09:12;456,3;373,9;34,1;30,7;22,9;474,8;33,0;0,1;8,03E-2;-541,2;20,00;3,0;3,0;38,72;-0,10;-0,014;3,2;5,15;0,623
554;04.07.2023;14:58:05;00:09:13;457,5;376,5;34,3;30,8;22,9;476,3;33,0;0,1;8,02E-2;-541,2;20,00;3,0;2,9;38,72;-0,11;-0,012;3,2;5,14;0,623
555;04.07.2023;14:58:06;00:09:14;458,3;376,5;34,4;30,8;22,9;477,0;33,1;0,1;8,02E-2;-541,2;20,00;3,0;3,0;38,72;-0,10;-0,013;3,2;5,14;0,625
556;04.07.2023;14:58:07;00:09:15;460,0;379,1;34,4;31,0;22,9;478,5;33,1;0,1;8,02E-2;-541,2;20,00;3,0;3,0;38,72;-0,11;-0,005;3,2;5,14;0,625
557;04.07.2023;14:58:08;00:09:16;461,5;379,1;34,6;31,0;22,9;480,0;33,3;0,1;8,01E-2;-541,2;20,00;3,0;3,0;38,72;-0,10;-0,009;3,2;5,16;0,625
558;04.07.2023;14:58:09;00:09:17;462,2;381,5;34,6;31,1;23,0;480,8;33,2;0,1;8,01E-2;-541,2;20,00;3,0;3,0;38,72;-0,11;-0,001;3,2;5,17;0,625
559;04.07.2023;14:58:10;00:09:18;463,7;381,5;34,7;31,2;23,0;482,4;33,4;0,1;8,00E-2;-541,2;20,00;3,0;3,1;38,72;-0,11;0,004;3,3;5,17;0,630
560;04.07.2023;14:58:11;00:09:19;465,1;383,9;34,7;31,2;23,0;483,9;33,5;0,1;7,99E-2;-541,2;20,00;3,0;3,1;38,72;-0,10;-0,001;3,3;5,22;0,630
561;04.07.2023;14:58:12;00:09:20;465,8;383,9;34,7;31,2;23,0;484,6;33,6;0,1;7,99E-2;-541,2;20,00;3,0;3,0;38,72;-0,11;0,001;3,3;5,18;0,630
562;04.07.2023;14:58:13;00:09:21;467,7;386,3;34,8;31,3;23,0;486,1;33,6;0,1;7,98E-2;-541,2;20,00;3,0;3,0;38,72;-0,10;-0,001;3,3;5,17;0,632
563;04.07.2023;14:58:14;00:09:22;469,1;388,7;35,0;31,4;23,0;487,6;33,6;0,1;7,97E-2;-541,2;20,00;3,0;3,0;38,72;-0,10;0,002;3,3;5,17;0,635
564;04.07.2023;14:58:15;00:09:23;469,7;388,7;35,0;31,4;23,0;488,4;33,7;0,1;7,97E-2;-541,2;20,00;3,0;2,9;38,72;-0,10;-0,003;3,3;5,23;0,634
565;04.07.2023;14:58:16;00:09:24;471,2;388,7;35,1;31,4;23,0;490,0;33,9;0,1;7,96E-2;-541,2;20,00;3,0;3,0;38,72;-0,10;0,000;3,3;5,24;0,636
566;04.07.2023;14:58:17;00:09:25;472,2;391,1;35,1;31,6;23,0;490,8;33,8;0,1;7,96E-2;-541,2;20,00;3,0;3,0;38,72;-0,10;0,006;3,3;5,20;0,639
567;04.07.2023;14:58:18;00:09:26;473,4;393,5;35,2;31,7;23,0;492,3;34,0;0,1;7,96E-2;-541,2;20,00;3,0;3,0;38,72;-0,10;-0,002;3,3;5,21;0,637
568;04.07.2023;14:58:19;00:09:27;475,1;393,5;35,2;31,7;23,1;493,8;34,1;0,1;7,96E-2;-541,2;20,00;3,0;2,9;38,72;-0,11;0,002;3,3;5,17;0,640
569;04.07.2023;14:58:20;00:09:28;476,0;393,5;35,3;31,7;23,1;494,5;34,2;0,1;7,95E-2;-541,2;20,00;3,0;3,0;38,72;-0,10;0,000;3,3;5,21;0,640
570;04.07.2023;14:58:21;00:09:29;477,2;396,1;35,4;31,8;23,1;496,0;34,2;0,1;7,95E-2;-541,2;20,00;3,0;3,0;38,72;-0,11;0,007;3,3;5,20;0,643
571;04.07.2023;14:58:22;00:09:30;478,7;396,1;35,5;31,8;23,1;497,6;34,4;0,1;7,94E-2;-541,2;20,00;3,0;3,0;38,72;-0,11;0,008;3,4;5,20;0,645
572;04.07.2023;14:58:23;00:09:31;479,6;398,6;35,5;32,0;23,1;498,4;34,4;0,1;7,94E-2;-541,2;20,00;3,0;3,1;38,72;-0,10;0,005;3,4;5,22;0,645
573;04.07.2023;14:58:24;00:09:32;480,9;398,6;35,5;32,0;23,1;499,9;34,5;0,1;7,94E-2;-541,2;20,00;3,0;3,0;38,72;-0,11;0,010;3,4;5,19;0,645
574;04.07.2023;14:58:25;00:09:33;482,5;401,2;35,7;32,1;23,2;501,4;34,5;0,1;7,93E-2;-541,2;20,00;3,0;3,0;38,72;-0,10;0,006;3,4;5,20;0,645
575;04.07.2023;14:58:26;00:09:34;483,3;401,2;35,7;32,1;23,2;502,1;34,6;0,1;7,93E-2;-541,2;20,00;3,0;3,1;38,72;-0,10;0,015;3,4;5,20;0,645
576;04.07.2023;14:58:27;00:09:35;484,9;403,8;35,8;32,2;23,2;503,6;34,6;0,1;7,92E-2;-541,2;20,00;3,0;3,0;38,72;-0,10;0,010;3,4;5,26;0,650
577;04.07.2023;14:58:28;00:09:36;486,3;406,2;35,9;32,4;23,2;505,3;34,8;0,1;7,92E-2;-541,2;20,00;3,0;3,0;38,72;-0,10;0,023;3,4;5,24;0,650
578;04.07.2023;14:58:29;00:09:37;487,0;406,2;35,9;32,4;23,2;506,0;34,7;0,1;7,92E-2;-541,2;20,00;3,0;3,0;38,73;-0,10;0,029;3,4;5,24;0,650
579;04.07.2023;14:58:30;00:09:38;488,3;406,2;36,1;32,4;23,2;507,5;35,0;0,1;7,91E-2;-541,2;20,00;3,0;3,0;38,73;-0,10;0,036;3,4;5,23;0,650
580;04.07.2023;14:58:31;00:09:39;489,2;408,7;36,1;32,5;23,2;508,3;35,1;0,1;7,91E-2;-541,2;20,00;3,0;2,9;38,73;-0,10;0,049;3,4;5,25;0,654
581;04.07.2023;14:58:32;00:09:40;490,6;408,7;36,1;32,5;23,2;509,8;35,1;0,1;7,91E-2;-541,2;20,00;3,0;3,0;38,73;-0,09;0,063;3,4;5,27;0,654
582;04.07.2023;14:58:33;00:09:41;492,2;411,1;36,2;32,6;23,2;511,3;35,1;0,1;7,91E-2;-541,2;20,00;3,0;3,0;38,73;-0,10;0,068;3,4;5,28;0,654
583;04.07.2023;14:58:34;00:09:42;493,0;411,1;36,4;32,6;23,2;512,0;35,2;0,1;7,91E-2;-541,2;20,00;3,0;3,0;38,73;-0,09;0,063;3,5;5,28;0,659
584;04.07.2023;14:58:35;00:09:43;494,6;413,5;36,4;32,7;23,3;513,6;35,3;0,1;7,90E-2;-541,2;20,00;3,0;3,0;38,73;-0,09;0,081;3,5;5,28;0,661
585;04.07.2023;14:58:36;00:09:44;495,9;413,5;36,5;32,9;23,3;515,1;35,4;0,1;7,90E-2;-541,2;20,00;3,0;3,0;38,74;-0,09;0,099;3,5;5,28;0,664
586;04.07.2023;14:58:37;00:09:45;496,9;415,8;36,5;32,9;23,3;515,9;35,4;0,1;7,90E-2;-541,2;20,00;3,0;3,0;38,74;-0,08;0,095;3,5;5,32;0,662
587;04.07.2023;14:58:38;00:09:46;498,1;418,2;36,6;33,0;23,3;517,4;35,5;0,1;7,90E-2;-541,2;20,00;3,0;3,1;38,74;-0,09;0,108;3,5;5,30;0,664
588;04.07.2023;14:58:39;00:09:47;499,8;418,2;36,6;33,0;23,3;518,9;35,6;0,1;7,90E-2;-541,2;20,00;3,0;3,0;38,74;-0,08;0,116;3,5;5,26;0,663
589;04.07.2023;14:58:40;00:09:48;500,7;418,2;36,6;33,0;23,3;519,6;35,7;0,1;7,90E-2;-541,2;20,00;3,0;3,0;38,75;-0,08;0,122;3,5;5,30;0,664
590;04.07.2023;14:58:41;00:09:49;502,1;420,7;36,8;33,1;23,3;521,3;35,9;0,1;7,89E-2;-541,2;20,00;3,0;3,0;38,75;-0,08;0,130;3,5;5,27;0,669
591;04.07.2023;14:58:42;00:09:50;502,8;420,7;36,8;33,1;23,4;522,0;35,8;0,1;7,89E-2;-541,2;20,00;3,0;3,0;38,75;-0,07;0,129;3,6;5,32;0,669
592;04.07.2023;14:58:43;00:09:51;504,6;423,2;36,9;33,3;23,4;523,5;35,9;0,1;7,89E-2;-541,2;20,00;3,0;3,0;38,75;-0,08;0,145;3,6;5,32;0,673
593;04.07.2023;14:58:44;00:09:52;506,2;423,2;37,0;33,3;23,4;525,0;36,1;0,1;7,89E-2;-541,2;20,00;3,0;3,0;38,75;-0,07;0,137;3,6;5,29;0,672
594;04.07.2023;14:58:45;00:09:53;506,9;425,7;37,0;33,4;23,4;525,8;36,0;0,1;7,89E-2;-541,2;20,00;3,0;3,0;38,76;-0,07;0,140;3,6;5,32;0,674
595;04.07.2023;14:58:46;00:09:54;508,1;425,7;37,2;33,4;23,4;527,3;36,2;0,1;7,89E-2;-541,2;20,00;3,0;3,0;38,76;-0,06;0,135;3,6;5,29;0,674
596;04.07.2023;14:58:47;00:09:55;510,0;428,2;37,2;33,5;23,4;528,9;36,2;0,1;7,88E-2;-541,2;20,00;3,0;3,0;38,76;-0,06;0,148;3,6;5,35;0,676
597;04.07.2023;14:58:48;00:09:56;510,8;428,2;37,2;33,5;23,4;529,6;36,3;0,1;7,88E-2;-541,2;20,00;3,0;3,0;38,77;-0,06;0,160;3,6;5,31;0,674
598;04.07.2023;14:58:49;00:09:57;512,3;430,6;37,3;33,7;23,4;531,1;36,3;0,1;7,88E-2;-541,2;20,00;3,0;3,0;38,77;-0,05;0,159;3,6;5,33;0,675
599;04.07.2023;14:58:50;00:09:58;513,7;430,6;37,4;33,8;23,4;532,6;36,5;0,1;7,88E-2;-541,2;20,00;3,0;3,0;38,78;-0,05;0,163;3,6;5,33;0,679
600;04.07.2023;14:58:51;00:09:59;514,5;432,9;37,4;33,8;23,4;533,4;36,5;0,1;7,87E-2;-541,2;20,00;3,0;3,1;38,77;-0,05;0,170;3,6;5,35;0,680
601;04.07.2023;14:58:52;00:10:00;516,1;432,9;37,4;33,8;23,4;534,9;36,7;0,1;7,87E-2;-541,2;20,00;3,0;3,0;38,78;-0,05;0,182;3,7;5,37;0,681
602;04.07.2023;14:58:53;00:10:01;517,8;435,3;37,5;33,9;23,4;536,5;36,7;0,1;7,87E-2;-541,2;20,00;3,0;3,0;38,79;-0,04;0,192;3,6;5,35;0,679
603;04.07.2023;14:58:54;00:10:02;518,6;435,3;37,6;34,0;23,4;537,3;36,8;0,1;7,87E-2;-541,2;20,00;3,0;3,0;38,78;-0,04;0,191;3,7;5,36;0,684
604;04.07.2023;14:58:55;00:10:03;520,1;437,6;37,6;34,0;23,5;538,8;36,8;0,1;7,86E-2;-541,2;20,00;3,0;3,0;38,79;-0,04;0,201;3,7;5,38;0,684
605;04.07.2023;14:58:56;00:10:04;521,1;437,6;37,6;34,0;23,5;539,5;36,9;0,1;7,86E-2;-541,2;20,00;3,0;3,0;38,79;-0,03;0,199;3,7;5,35;0,684
606;04.07.2023;14:58:57;00:10:05;522,7;439,9;37,8;34,2;23,5;541,0;37,0;0,1;7,86E-2;-541,2;20,00;3,0;2,9;38,80;-0,03;0,221;3,7;5,36;0,686
607;04.07.2023;14:58:58;00:10:06;524,0;442,3;37,9;34,3;23,5;542,5;37,1;0,1;7,86E-2;-541,2;20,00;3,0;3,0;38,80;-0,02;0,228;3,7;5,36;0,689
608;04.07.2023;14:58:59;00:10:07;525,0;442,3;37,9;34,3;23,5;543,4;37,1;0,1;7,85E-2;-541,2;20,00;3,0;3,0;38,81;-0,02;0,230;3,7;5,38;0,686
609;04.07.2023;14:59:00;00:10:08;526,5;442,3;37,9;34,3;23,6;544,9;37,3;0,1;7,85E-2;-541,2;20,00;3,0;3,0;38,81;-0,02;0,245;3,7;5,36;0,690
610;04.07.2023;14:59:01;00:10:09;528,2;444,7;38,0;34,4;23,6;546,4;37,5;0,1;7,85E-2;-541,2;20,00;3,0;3,0;38,81;-0,01;0,260;3,8;5,41;0,694
611;04.07.2023;14:59:02;00:10:10;529,0;444,7;38,0;34,4;23,6;547,1;37,4;0,1;7,85E-2;-541,2;20,00;3,0;3,0;38,82;-0,01;0,267;3,7;5,37;0,694
612;04.07.2023;14:59:03;00:10:11;530,6;447,2;38,1;34,5;23,6;548,6;37,5;0,1;7,84E-2;-541,2;20,00;3,0;2,9;38,82;0,00;0,271;3,8;5,41;0,696
613;04.07.2023;14:59:04;00:10:12;532,4;447,2;38,2;34,5;23,6;550,1;37,7;0,1;7,84E-2;-541,2;20,00;3,0;3,0;38,84;0,01;0,291;3,8;5,41;0,697
614;04.07.2023;14:59:05;00:10:13;533,0;449,7;38,2;34,7;23,6;551,0;37,6;0,1;7,83E-2;-541,2;20,00;3,0;3,0;38,84;0,01;0,307;3,7;5,39;0,697
615;04.07.2023;14:59:06;00:10:14;534,6;449,7;38,3;34,7;23,6;552,5;37,8;0,1;7,83E-2;-541,2;20,00;3,0;3,0;38,84;0,02;0,311;3,8;5,40;0,698
616;04.07.2023;14:59:07;00:10:15;536,3;452,2;38,3;34,8;23,6;554,0;37,8;0,1;7,82E-2;-541,2;20,00;3,0;3,0;38,86;0,03;0,331;3,8;5,41;0,700
617;04.07.2023;14:59:08;00:10:16;537,0;452,2;38,3;34,8;23,6;554,8;37,9;0,1;7,81E-2;-541,2;20,00;3,0;3,0;38,86;0,03;0,346;3,8;5,41;0,700
618;04.07.2023;14:59:09;00:10:17;538,6;454,5;38,5;35,0;23,6;556,3;37,9;0,1;7,81E-2;-541,2;20,00;3,0;2,9;38,87;0,04;0,371;3,8;5,43;0,703
619;04.07.2023;14:59:10;00:10:18;539,5;454,5;38,5;35,0;23,6;557,0;38,0;0,1;7,80E-2;-541,2;20,00;3,0;3,0;38,87;0,05;0,396;3,8;5,39;0,703
620;04.07.2023;14:59:11;00:10:19;541,1;456,8;38,6;35,1;23,7;558,6;38,1;0,1;7,80E-2;-541,2;20,00;3,0;3,1;38,89;0,06;0,430;3,8;5,43;0,708
621;04.07.2023;14:59:12;00:10:20;542,7;456,8;38,7;35,1;23,7;560,1;38,3;0,1;7,79E-2;-541,2;20,00;3,0;3,1;38,90;0,07;0,462;3,9;5,46;0,708
622;04.07.2023;14:59:13;00:10:21;543,7;459,1;38,7;35,2;23,7;560,9;38,2;0,1;7,79E-2;-541,2;20,00;3,0;3,0;38,90;0,07;0,478;3,9;5,50;0,712
623;04.07.2023;14:59:14;00:10:22;545,3;459,1;38,8;35,2;23,7;562,4;38,4;0,1;7,78E-2;-541,2;20,00;3,0;3,0;38,91;0,09;0,498;3,9;5,43;0,710
624;04.07.2023;14:59:15;00:10:23;546,9;461,5;38,8;35,4;23,8;563,9;38,5;0,1;7,77E-2;-541,2;20,00;3,0;3,0;38,92;0,10;0,523;3,9;5,43;0,713
625;04.07.2023;14:59:16;00:10:24;548,0;461,5;38,8;35,4;23,8;564,6;38,6;0,1;7,77E-2;-541,2;20,00;3,0;2,9;38,93;0,11;0,535;3,9;5,44;0,713
626;04.07.2023;14:59:17;00:10:25;549,7;463,9;38,9;35,5;23,8;566,3;38,6;0,1;7,76E-2;-541,2;20,00;3,0;2,9;38,94;0,12;0,573;3,9;5,43;0,716
627;04.07.2023;14:59:18;00:10:26;551,2;463,9;39,0;35,6;23,8;567,8;38,8;0,1;7,75E-2;-541,2;20,00;3,0;3,0;38,96;0,14;0,625;3,9;5,44;0,718
628;04.07.2023;14:59:19;00:10:27;552,1;466,2;39,0;35,6;23,8;568,5;38,8;0,1;7,74E-2;-541,2;20,00;3,0;3,0;38,97;0,14;0,652;3,9;5,47;0,719
629;04.07.2023;14:59:20;00:10:28;553,6;466,2;39,0;35,6;23,8;570,0;39,0;0,1;7,74E-2;-541,2;20,00;3,0;3,0;38,99;0,16;0,683;3,9;5,46;0,722
630;04.07.2023;14:59:21;00:10:29;554,3;466,2;39,1;35,6;23,8;570,8;39,1;0,1;7,74E-2;-541,2;20,00;3,0;3,0;38,99;0,17;0,713;4,0;5,47;0,723
631;04.07.2023;14:59:22;00:10:30;556,3;468,7;39,1;35,7;23,8;572,3;39,1;0,1;7,73E-2;-541,2;20,00;3,0;3,0;39,01;0,18;0,750;3,9;5,47;0,726
632;04.07.2023;14:59:23;00:10:31;558,2;471,1;39,3;35,9;23,8;573,9;39,1;0,1;7,72E-2;-541,2;20,00;3,0;3,0;39,03;0,20;0,800;4,0;5,46;0,725
633;04.07.2023;14:59:24;00:10:32;559,1;471,1;39,3;35,9;23,8;574,6;39,2;0,1;7,71E-2;-541,2;20,00;3,0;3,0;39,04;0,22;0,817;4,0;5,49;0,726
634;04.07.2023;14:59:25;00:10:33;560,6;471,1;39,4;36,0;23,8;576,1;39,4;0,1;7,70E-2;-541,2;20,00;3,0;2,9;39,06;0,23;0,866;4,0;5,48;0,731
635;04.07.2023;14:59:26;00:10:34;562,5;473,6;39,4;36,0;23,8;577,6;39,4;0,1;7,69E-2;-541,2;20,00;3,0;3,0;39,08;0,25;0,909;4,0;5,51;0,732
636;04.07.2023;14:59:27;00:10:35;563,3;476,0;39,6;36,2;23,8;578,4;39,6;0,1;7,69E-2;-541,2;20,00;3,0;3,0;39,09;0,26;0,932;4,0;5,46;0,733
637;04.07.2023;14:59:28;00:10:36;564,8;476,0;39,6;36,2;23,8;579,9;39,6;0,1;7,68E-2;-541,2;20,00;3,0;3,0;39,11;0,29;0,984;4,0;5,48;0,734
638;04.07.2023;14:59:29;00:10:37;566,7;478,3;39,7;36,3;23,8;581,5;39,6;0,1;7,67E-2;-541,2;20,00;3,0;3,0;39,14;0,31;1,046;4,1;5,53;0,737
639;04.07.2023;14:59:30;00:10:38;567,5;478,3;39,7;36,3;23,8;582,3;39,7;0,1;7,66E-2;-541,2;20,00;3,0;3,0;39,16;0,33;1,066;4,1;5,50;0,737
640;04.07.2023;14:59:31;00:10:39;569,5;480,6;39,8;36,4;23,8;583,8;39,8;0,1;7,65E-2;-541,2;20,00;3,0;3,0;39,18;0,35;1,126;4,1;5,51;0,742
641;04.07.2023;14:59:32;00:10:40;571,1;480,6;40,0;36,6;23,8;585,3;40,0;0,1;7,64E-2;-541,2;20,00;3,0;2,9;39,20;0,38;1,172;4,1;5,55;0,742
642;04.07.2023;14:59:33;00:10:41;572,1;482,9;40,0;36,6;23,8;586,0;39,9;0,1;7,64E-2;-541,2;20,00;3,0;3,0;39,21;0,39;1,195;4,1;5,53;0,742
643;04.07.2023;14:59:34;00:10:42;573,6;482,9;40,1;36,6;23,8;587,5;40,1;0,1;7,63E-2;-541,2;20,00;3,0;3,0;39,24;0,42;1,218;4,1;5,52;0,744
644;04.07.2023;14:59:35;00:10:43;574,9;485,2;40,1;36,7;23,8;588,4;40,2;0,1;7,62E-2;-541,2;20,00;3,0;2,9;39,26;0,43;1,240;4,1;5,50;0,748
645;04.07.2023;14:59:36;00:10:44;576,3;485,2;40,1;36,7;23,9;589,9;40,3;0,1;7,61E-2;-541,2;20,00;3,0;3,0;39,29;0,46;1,286;4,1;5,52;0,750
646;04.07.2023;14:59:37;00:10:45;578,3;487,5;40,3;36,8;23,9;591,4;40,3;0,1;7,60E-2;-541,2;20,00;3,0;3,0;39,32;0,49;1,333;4,1;5,53;0,752
647;04.07.2023;14:59:38;00:10:46;579,1;487,5;40,4;36,8;23,9;592,1;40,4;0,1;7,59E-2;-541,2;20,00;3,0;3,0;39,33;0,51;1,353;4,2;5,56;0,752
648;04.07.2023;14:59:39;00:10:47;581,0;489,8;40,4;37,0;24,0;593,6;40,5;0,1;7,59E-2;-541,2;20,00;3,0;3,0;39,37;0,53;1,393;4,2;5,55;0,757
649;04.07.2023;14:59:40;00:10:48;582,8;489,8;40,5;37,0;23,9;595,1;40,6;0,1;7,58E-2;-541,2;20,00;3,0;3,1;39,39;0,56;1,438;4,2;5,57;0,759
650;04.07.2023;14:59:41;00:10:49;583,7;489,8;40,5;37,1;23,9;596,0;40,8;0,1;7,57E-2;-541,2;20,00;3,0;3,0;39,41;0,59;1,461;4,2;5,54;0,759
651;04.07.2023;14:59:42;00:10:50;585,6;492,2;40,5;37,1;23,9;597,5;40,8;0,1;7,56E-2;-541,2;20,00;3,0;3,0;39,44;0,61;1,495;4,2;5,56;0,762
652;04.07.2023;14:59:43;00:10:51;587,2;494,7;40,7;37,2;24,0;599,0;40,8;0,1;7,55E-2;-541,2;20,00;3,0;3,0;39,48;0,65;1,529;4,3;5,60;0,764
653;04.07.2023;14:59:44;00:10:52;588,0;494,7;40,7;37,2;24,0;599,8;40,9;0,1;7,55E-2;-541,2;20,00;3,0;3,0;39,49;0,66;1,545;4,3;5,58;0,764
654;04.07.2023;14:59:45;00:10:53;590,1;494,7;40,9;37,3;24,0;600,8;41,1;0,1;7,54E-2;-541,2;20,00;3,1;3,0;39,53;0,70;1,589;4,3;5,59;0,769
655;04.07.2023;14:59:46;00:10:54;591,2;497,1;40,9;37,3;24,0;601,3;41,0;0,1;7,53E-2;-541,2;20,00;3,2;3,0;39,56;0,72;1,635;4,3;5,57;0,772
656;04.07.2023;14:59:47;00:10:55;592,7;499,5;41,0;37,5;24,0;602,4;41,0;0,1;7,52E-2;-541,2;20,00;3,3;3,2;39,61;0,78;1,827;4,3;5,58;0,777
657;04.07.2023;14:59:48;00:10:56;594,6;499,5;41,2;37,5;24,0;603,4;41,1;0,1;7,50E-2;-541,2;20,00;3,4;3,2;39,66;0,83;2,059;4,4;5,58;0,779
658;04.07.2023;14:59:49;00:10:57;595,5;501,8;41,2;37,6;24,0;603,9;41,0;0,1;7,50E-2;-541,2;20,00;3,5;3,3;39,70;0,86;2,184;4,4;5,58;0,781
659;04.07.2023;14:59:50;00:10:58;597,1;501,8;41,4;37,6;24,1;604,9;41,2;0,1;7,49E-2;-541,2;20,00;3,6;3,5;39,75;0,92;2,421;4,4;5,59;0,785
660;04.07.2023;14:59:51;00:10:59;598,8;504,1;41,4;37,8;24,1;605,9;41,2;0,1;7,48E-2;-541,2;20,00;3,8;3,6;39,82;0,99;2,685;4,4;5,58;0,791
661;04.07.2023;14:59:52;00:11:00;599,5;504,1;41,4;37,8;24,1;606,4;41,3;0,1;7,48E-2;-541,2;20,00;3,8;3,7;39,86;1,03;2,801;4,4;5,57;0,791
662;04.07.2023;14:59:53;00:11:01;601,6;506,4;41,6;37,9;24,1;607,5;41,3;0,1;7,46E-2;-541,2;20,00;4,0;3,9;39,94;1,11;3,080;4,4;5,56;0,796
663;04.07.2023;14:59:54;00:11:02;603,0;506,4;41,8;38,1;24,1;608,5;41,4;0,1;7,45E-2;-541,2;20,00;4,1;4,0;40,02;1,19;3,297;4,4;5,59;0,800
664;04.07.2023;14:59:55;00:11:03;603,8;508,7;41,8;38,1;24,1;609,0;41,5;0,1;7,45E-2;-541,2;20,00;4,2;4,0;40,06;1,23;3,398;4,5;5,56;0,801
665;04.07.2023;14:59:56;00:11:04;605,6;508,7;41,8;38,1;24,1;610,0;41,5;0,1;7,44E-2;-541,2;20,00;4,3;4,2;40,14;1,31;3,581;4,5;5,60;0,806
666;04.07.2023;14:59:57;00:11:05;607,3;510,9;41,9;38,2;24,1;611,0;41,5;0,1;7,43E-2;-541,2;20,00;4,4;4,3;40,23;1,39;3,773;4,5;5,59;0,808
667;04.07.2023;14:59:58;00:11:06;608,3;510,9;42,1;38,2;24,1;611,5;41,6;0,1;7,42E-2;-541,2;20,00;4,5;4,3;40,28;1,44;3,873;4,5;5,58;0,810
668;04.07.2023;14:59:59;00:11:07;610,0;513,3;42,1;38,4;24,1;612,6;41,6;0,1;7,41E-2;-541,2;20,00;4,6;4,5;40,37;1,53;4,060;4,5;5,59;0,816
669;04.07.2023;15:00:00;00:11:08;610,6;513,3;42,1;38,4;24,2;613,1;41,6;0,1;7,41E-2;-541,2;20,00;4,7;4,6;40,41;1,59;4,139;4,5;5,61;0,816
670;04.07.2023;15:00:01;00:11:09;612,0;513,3;42,1;38,4;24,2;614,1;41,8;0,1;7,40E-2;-541,2;20,00;4,8;4,7;40,52;1,68;4,317;4,5;5,61;0,822
671;04.07.2023;15:00:02;00:11:10;613,8;515,8;42,4;38,6;24,3;615,1;41,8;0,1;7,39E-2;-541,2;20,00;5,0;4,9;40,61;1,78;4,493;4,6;5,58;0,825
672;04.07.2023;15:00:03;00:11:11;614,6;515,8;42,7;38,7;24,3;615,6;41,9;0,1;7,38E-2;-541,2;20,00;5,0;4,9;40,66;1,83;4,578;4,6;5,61;0,825
673;04.07.2023;15:00:04;00:11:12;616,1;518,4;42,7;38,7;24,3;616,6;41,8;0,1;7,37E-2;-541,2;20,00;5,2;5,0;40,76;1,93;4,713;4,7;5,57;0,830
674;04.07.2023;15:00:05;00:11:13;617,7;520,9;43,0;38,9;24,3;617,7;42,0;0,1;7,36E-2;-541,2;20,00;5,3;5,1;40,87;2,03;4,823;4,7;5,58;0,835
675;04.07.2023;15:00:06;00:11:14;618,3;520,9;43,0;38,9;24,4;618,2;41,9;0,1;7,36E-2;-541,2;20,00;5,4;5,2;40,93;2,09;4,869;4,7;5,59;0,836
676;04.07.2023;15:00:07;00:11:15;619,6;523,4;43,3;39,1;24,4;619,2;41,9;0,1;7,35E-2;-541,2;20,00;5,5;5,4;41,02;2,19;4,944;4,7;5,62;0,842
677;04.07.2023;15:00:08;00:11:16;621,2;523,4;43,6;39,1;24,4;620,2;42,0;0,1;7,34E-2;-541,2;20,00;5,6;5,5;41,12;2,29;4,977;4,7;5,58;0,844
678;04.07.2023;15:00:09;00:11:17;621,7;523,4;43,6;39,3;24,4;620,7;42,1;0,1;7,34E-2;-541,2;20,00;5,7;5,6;41,17;2,34;4,987;4,7;5,58;0,849
679;04.07.2023;15:00:10;00:11:18;623,3;525,8;43,6;39,3;24,4;621,7;42,0;0,1;7,33E-2;-541,2;20,00;5,8;5,7;41,27;2,44;5,006;4,8;5,61;0,849
680;04.07.2023;15:00:11;00:11:19;625,0;528,3;43,9;39,5;24,5;622,7;42,0;0,1;7,32E-2;-541,2;20,00;6,0;5,8;41,38;2,55;5,019;4,8;5,60;0,851
681;04.07.2023;15:00:12;00:11:20;625,6;528,3;43,9;39,5;24,5;623,2;42,1;0,1;7,32E-2;-541,2;20,00;6,0;5,9;41,43;2,60;5,015;4,8;5,58;0,853
682;04.07.2023;15:00:13;00:11:21;627,2;530,8;44,1;39,7;24,5;624,2;42,0;0,1;7,31E-2;-541,2;20,00;6,2;6,0;41,53;2,70;5,009;4,8;5,54;0,855
683;04.07.2023;15:00:14;00:11:22;627,7;530,8;44,1;39,7;24,4;624,7;42,1;0,1;7,31E-2;-541,2;20,00;6,2;6,1;41,58;2,75;5,012;4,8;5,60;0,858
684;04.07.2023;15:00:15;00:11:23;629,1;533,3;44,5;39,9;24,4;625,7;42,2;0,1;7,30E-2;-541,2;20,00;6,3;6,2;41,68;2,85;5,008;4,8;5,60;0,862
685;04.07.2023;15:00:16;00:11:24;630,5;533,3;44,5;39,9;24,4;626,7;42,3;0,1;7,30E-2;-541,2;20,00;6,5;6,4;41,78;2,95;5,020;4,9;5,63;0,864
686;04.07.2023;15:00:17;00:11:25;631,1;535,8;44,8;40,0;24,5;627,2;42,1;0,1;7,29E-2;-541,2;20,00;6,5;6,4;41,83;3,00;5,006;4,9;5,60;0,864
687;04.07.2023;15:00:18;00:11:26;632,8;535,8;45,1;40,2;24,5;628,3;42,3;0,1;7,29E-2;-541,2;20,00;6,7;6,6;41,94;3,10;4,964;4,9;5,60;0,866
688;04.07.2023;15:00:19;00:11:27;634,0;538,3;45,1;40,2;24,4;629,3;42,3;0,1;7,27E-2;-541,2;20,00;6,8;6,7;42,03;3,19;4,903;4,9;5,60;0,874
689;04.07.2023;15:00:20;00:11:28;634,6;538,3;45,1;40,2;24,4;629,8;42,3;0,1;7,27E-2;-541,2;20,00;6,9;6,8;42,08;3,24;4,861;4,9;5,62;0,874
690;04.07.2023;15:00:21;00:11:29;635,9;538,3;45,3;40,2;24,4;630,8;42,5;0,1;7,25E-2;-541,2;20,00;7,0;6,9;42,16;3,33;4,784;4,9;5,61;0,879
691;04.07.2023;15:00:22;00:11:30;636,8;541,0;45,3;40,4;24,4;631,8;42,4;0,1;7,25E-2;-541,2;20,00;7,1;7,0;42,25;3,42;4,676;5,0;5,63;0,879
692;04.07.2023;15:00:23;00:11:31;637,5;543,6;45,7;40,6;24,4;632,3;42,5;0,1;7,25E-2;-541,2;20,00;7,2;7,1;42,29;3,46;4,626;4,9;5,62;0,880
693;04.07.2023;15:00:24;00:11:32;638,8;543,6;45,7;40,6;24,4;633,4;42,5;0,1;7,24E-2;-541,2;20,00;7,3;7,2;42,38;3,55;4,508;4,9;5,59;0,881
694;04.07.2023;15:00:25;00:11:33;639,0;543,6;46,0;40,8;24,4;633,9;42,6;0,1;7,24E-2;-541,2;20,00;7,4;7,3;42,43;3,59;4,439;4,9;5,56;0,885
695;04.07.2023;15:00:26;00:11:34;640,3;546,3;46,0;40,8;24,4;634,9;42,5;0,1;7,22E-2;-541,2;20,00;7,5;7,4;42,50;3,67;4,318;5,0;5,63;0,889
696;04.07.2023;15:00:27;00:11:35;641,2;548,9;46,3;41,1;24,5;635,9;42,4;0,1;7,21E-2;-541,2;20,00;7,7;7,5;42,58;3,75;4,196;5,0;5,62;0,894
697;04.07.2023;15:00:28;00:11:36;641,5;548,9;46,3;41,1;24,5;636,4;42,5;0,1;7,21E-2;-541,2;20,00;7,7;7,6;42,62;3,79;4,139;5,0;5,59;0,894
698;04.07.2023;15:00:29;00:11:37;642,9;551,4;46,6;41,3;24,5;637,4;42,4;0,1;7,21E-2;-541,2;20,00;7,9;7,7;42,69;3,86;4,015;5,0;5,61;0,894
699;04.07.2023;15:00:30;00:11:38;643,5;551,4;46,9;41,3;24,5;638,5;42,6;0,1;7,20E-2;-541,2;20,00;8,0;7,8;42,77;3,94;3,883;5,0;5,63;0,899
700;04.07.2023;15:00:31;00:11:39;644,2;554,0;46,9;41,5;24,5;639,0;42,7;0,1;7,19E-2;-541,2;20,00;8,1;7,9;42,80;3,97;3,828;5,0;5,59;0,902
701;04.07.2023;15:00:32;00:11:40;645,2;554,0;46,9;41,5;24,5;640,0;42,6;0,1;7,18E-2;-541,2;20,00;8,2;8,1;42,87;4,04;3,723;5,1;5,65;0,904
702;04.07.2023;15:00:33;00:11:41;646,3;556,5;47,2;41,7;24,5;641,0;42,6;0,1;7,17E-2;-541,2;20,00;8,3;8,2;42,94;4,10;3,614;5,1;5,61;0,909
703;04.07.2023;15:00:34;00:11:42;646,9;556,5;47,6;41,7;24,5;641,5;42,7;0,1;7,17E-2;-541,2;20,00;8,4;8,2;42,97;4,14;3,551;5,1;5,61;0,908
704;04.07.2023;15:00:35;00:11:43;647,8;559,0;47,6;41,9;24,5;642,5;42,7;0,1;7,16E-2;-541,2;20,00;8,5;8,4;43,03;4,20;3,448;5,1;5,60;0,913
705;04.07.2023;15:00:36;00:11:44;649,0;559,0;47,9;42,2;24,5;643,6;42,8;0,1;7,15E-2;-541,2;20,00;8,7;8,5;43,10;4,26;3,340;5,1;5,62;0,917
706;04.07.2023;15:00:37;00:11:45;649,7;561,5;47,9;42,2;24,6;644,1;42,7;0,1;7,15E-2;-541,2;20,00;8,7;8,6;43,13;4,30;3,288;5,2;5,61;0,918
707;04.07.2023;15:00:38;00:11:46;650,8;563,4;48,1;42,4;24,6;645,1;42,7;0,1;7,15E-2;-541,2;20,00;8,9;8,8;43,19;4,36;3,207;5,1;5,62;0,918
708;04.07.2023;15:00:39;00:11:47;651,3;563,4;48,1;42,4;24,6;645,6;42,7;0,1;7,14E-2;-541,2;20,00;8,9;8,9;43,22;4,38;3,146;5,1;5,62;0,918
709;04.07.2023;15:00:40;00:11:48;652,4;563,4;48,1;42,4;24,6;646,6;42,9;0,1;7,13E-2;-541,2;20,00;9,1;9,0;43,27;4,44;3,072;5,2;5,59;0,923
710;04.07.2023;15:00:41;00:11:49;653,8;563,4;48,4;42,6;24,6;647,6;43,0;0,1;7,13E-2;-541,2;20,00;9,2;9,1;43,33;4,50;2,990;5,2;5,64;0,927
711;04.07.2023;15:00:42;00:11:50;654,3;564,6;48,4;42,6;24,6;648,2;43,0;0,1;7,12E-2;-541,2;20,00;9,3;9,1;43,36;4,53;2,947;5,3;5,62;0,932
712;04.07.2023;15:00:43;00:11:51;655,2;565,6;48,7;42,8;24,6;649,2;43,1;0,1;7,11E-2;-541,2;20,00;9,4;9,2;43,41;4,58;2,865;5,2;5,64;0,937
713;04.07.2023;15:00:44;00:11:52;656,6;565,6;49,0;42,8;24,6;650,2;43,3;0,1;7,10E-2;-541,2;20,00;9,5;9,4;43,46;4,64;2,781;5,3;5,61;0,941
714;04.07.2023;15:00:45;00:11:53;657,2;565,6;49,0;42,8;24,6;650,7;43,4;0,1;7,10E-2;-541,2;20,00;9,6;9,4;43,49;4,66;2,746;5,3;5,62;0,943
715;04.07.2023;15:00:46;00:11:54;658,5;566,5;49,0;43,1;24,6;651,7;43,4;0,1;7,10E-2;-541,2;20,00;9,7;9,6;43,54;4,71;2,684;5,3;5,66;0,947
716;04.07.2023;15:00:47;00:11:55;659,3;568,0;49,3;43,3;24,7;652,7;43,5;0,1;7,10E-2;-541,2;20,00;9,8;9,7;43,59;4,76;2,618;5,4;5,61;0,952
717;04.07.2023;15:00:48;00:11:56;660,0;568,0;49,3;43,3;24,7;653,2;43,6;0,1;7,09E-2;-541,2;20,00;9,9;9,8;43,62;4,79;2,586;5,4;5,64;0,953
718;04.07.2023;15:00:49;00:11:57;661,2;568,0;49,6;43,6;24,7;654,2;43,7;0,1;7,08E-2;-541,2;20,00;10,1;9,9;43,66;4,83;2,518;5,4;5,61;0,957
719;04.07.2023;15:00:50;00:11:58;662,5;570,2;49,6;43,6;24,7;655,2;43,7;0,1;7,08E-2;-541,2;20,00;10,2;10,1;43,71;4,88;2,453;5,4;5,65;0,957
720;04.07.2023;15:00:51;00:11:59;662,9;572,8;49,9;43,8;24,7;655,7;43,8;0,1;7,07E-2;-541,2;20,00;10,2;10,1;43,73;4,90;2,415;5,4;5,62;0,962
721;04.07.2023;15:00:52;00:12:00;664,1;572,8;49,9;43,8;24,7;656,7;43,7;0,1;7,06E-2;-541,2;20,00;10,4;10,3;43,77;4,94;2,337;5,4;5,65;0,962
722;04.07.2023;15:00:53;00:12:01;664,8;575,7;50,1;44,0;24,7;657,2;43,6;0,1;7,06E-2;-541,2;20,00;10,4;10,3;43,80;4,97;2,292;5,4;5,65;0,966
723;04.07.2023;15:00:54;00:12:02;666,1;575,7;50,1;44,0;24,7;658,3;43,7;0,1;7,05E-2;-541,2;20,00;10,6;10,5;43,84;5,00;2,209;5,4;5,68;0,965
724;04.07.2023;15:00:55;00:12:03;667,5;578,7;50,4;44,2;24,8;659,3;43,6;0,1;7,05E-2;-541,2;20,00;10,7;10,5;43,87;5,05;2,123;5,4;5,61;0,969
725;04.07.2023;15:00:56;00:12:04;668,0;578,7;50,4;44,2;24,8;659,8;43,7;0,1;7,05E-2;-541,2;20,00;10,8;10,6;43,89;5,06;2,092;5,4;5,61;0,967
726;04.07.2023;15:00:57;00:12:05;669,1;581,9;50,7;44,4;24,8;660,8;43,6;0,1;7,05E-2;-541,2;20,00;10,9;10,8;43,93;5,10;2,024;5,5;5,64;0,972
727;04.07.2023;15:00:58;00:12:06;670,7;581,9;50,9;44,4;24,8;661,8;43,7;0,1;7,04E-2;-541,2;20,00;11,0;10,9;43,97;5,13;1,956;5,5;5,64;0,973
728;04.07.2023;15:00:59;00:12:07;671,0;581,9;50,9;44,6;24,8;662,3;43,8;0,1;7,04E-2;-541,2;20,00;11,1;11,0;43,98;5,15;1,913;5,5;5,66;0,976
729;04.07.2023;15:01:00;00:12:08;672,5;585,2;50,9;44,6;24,8;663,4;43,7;0,1;7,04E-2;-541,2;20,00;11,2;11,1;44,01;5,19;1,831;5,5;5,63;0,972
730;04.07.2023;15:01:01;00:12:09;673,8;588,7;51,2;44,9;24,8;664,4;43,8;0,1;7,04E-2;-541,2;20,00;11,4;11,3;44,05;5,22;1,752;5,5;5,65;0,980
731;04.07.2023;15:01:02;00:12:10;674,4;588,7;51,2;44,9;24,8;664,9;43,6;0,1;7,03E-2;-541,2;20,00;11,4;11,3;44,06;5,24;1,713;5,5;5,66;0,978
732;04.07.2023;15:01:03;00:12:11;675,8;592,4;51,4;45,1;24,8;665,9;43,5;0,1;7,03E-2;-541,2;20,00;11,6;11,4;44,09;5,26;1,636;5,5;5,64;0,979
733;04.07.2023;15:01:04;00:12:12;676,6;592,4;51,4;45,1;24,8;666,4;43,5;0,1;7,03E-2;-541,2;20,00;11,6;11,5;44,10;5,27;1,597;5,5;5,62;0,980
734;04.07.2023;15:01:05;00:12:13;677,9;592,4;51,7;45,1;24,8;667,4;43,7;0,1;7,02E-2;-541,2;20,00;11,8;11,7;44,13;5,30;1,528;5,5;5,59;0,981
735;04.07.2023;15:01:06;00:12:14;679,1;596,0;51,7;45,3;24,9;668,5;43,5;0,1;7,02E-2;-541,2;20,00;11,9;11,7;44,16;5,33;1,448;5,5;5,65;0,984
736;04.07.2023;15:01:07;00:12:15;679,9;596,0;52,0;45,6;24,9;669,0;43,6;0,1;7,02E-2;-541,2;20,00;12,0;11,8;44,17;5,34;1,411;5,6;5,66;0,984
737;04.07.2023;15:01:08;00:12:16;681,3;599,5;52,0;45,6;24,9;670,0;43,4;0,1;7,01E-2;-541,2;20,00;12,1;12,0;44,19;5,36;1,360;5,5;5,63;0,984
738;04.07.2023;15:01:09;00:12:17;682,7;599,5;52,3;45,8;24,9;671,0;43,6;0,1;7,01E-2;-541,2;20,00;12,2;12,1;44,21;5,39;1,283;5,5;5,61;0,988
739;04.07.2023;15:01:10;00:12:18;683,7;602,8;52,3;45,8;24,9;671,5;43,4;0,1;7,01E-2;-541,2;20,00;12,3;12,2;44,23;5,39;1,260;5,6;5,61;0,988
740;04.07.2023;15:01:11;00:12:19;684,8;606,0;52,6;46,0;24,9;672,5;43,4;0,1;7,01E-2;-541,2;20,00;12,4;12,3;44,24;5,42;1,200;5,6;5,64;0,988
741;04.07.2023;15:01:12;00:12:20;686,2;606,0;52,8;46,0;24,9;673,6;43,4;0,1;7,01E-2;-541,2;20,00;12,6;12,4;44,26;5,44;1,139;5,5;5,61;0,987
742;04.07.2023;15:01:13;00:12:21;686,9;609,1;52,8;46,2;24,9;674,1;43,2;0,1;7,01E-2;-541,2;20,00;12,6;12,5;44,28;5,45;1,118;5,6;5,61;0,991
743;04.07.2023;15:01:14;00:12:22;688,2;609,1;53,1;46,2;24,9;675,1;43,3;0,1;7,01E-2;-541,2;20,00;12,8;12,6;44,29;5,47;1,066;5,5;5,60;0,991
744;04.07.2023;15:01:15;00:12:23;689,6;612,2;53,1;46,4;25,0;676,1;43,2;0,1;7,00E-2;-541,2;20,00;12,9;12,8;44,32;5,49;1,025;5,6;5,63;0,993
745;04.07.2023;15:01:16;00:12:24;690,0;612,2;53,1;46,4;25,0;676,6;43,3;0,1;7,00E-2;-541,2;20,00;13,0;12,8;44,32;5,50;1,000;5,6;5,62;0,991
746;04.07.2023;15:01:17;00:12:25;691,4;615,1;53,4;46,6;25,0;677,6;43,2;0,1;7,00E-2;-541,2;20,00;13,1;13,0;44,34;5,51;0,955;5,6;5,60;0,991
747;04.07.2023;15:01:18;00:12:26;691,8;615,1;53,4;46,6;25,0;678,1;43,2;0,1;7,00E-2;-541,2;20,00;13,2;13,1;44,35;5,52;0,935;5,5;5,57;0,991
748;04.07.2023;15:01:19;00:12:27;693,5;618,0;53,6;46,8;25,0;679,2;43,3;0,1;7,00E-2;-541,2;20,00;13,3;13,1;44,36;5,54;0,898;5,6;5,62;0,996
749;04.07.2023;15:01:20;00:12:28;694,5;618,0;53,6;46,8;25,0;680,2;43,3;0,1;6,99E-2;-541,2;20,00;13,4;13,3;44,38;5,55;0,861;5,6;5,61;0,996
750;04.07.2023;15:01:21;00:12:29;695,2;618,0;53,9;46,8;25,0;680,7;43,4;0,1;6,99E-2;-541,2;20,00;13,5;13,4;44,39;5,56;0,839;5,6;5,59;0,998
751;04.07.2023;15:01:22;00:12:30;696,3;620,9;53,9;47,0;25,0;681,7;43,2;0,1;6,98E-2;-541,2;20,00;13,6;13,5;44,40;5,57;0,804;5,6;5,62;0,997
752;04.07.2023;15:01:23;00:12:31;697,7;623,8;54,1;47,2;25,0;682,7;43,2;0,1;6,98E-2;-541,2;20,00;13,7;13,7;44,41;5,59;0,773;5,6;5,60;1,001
753;04.07.2023;15:01:24;00:12:32;698,5;623,8;54,1;47,2;25,0;683,2;43,2;0,1;6,98E-2;-541,2;20,00;13,8;13,7;44,43;5,59;0,765;5,6;5,64;0,999
754;04.07.2023;15:01:25;00:12:33;699,9;623,8;54,4;47,4;25,0;684,2;43,4;0,1;6,97E-2;-541,2;20,00;14,0;13,8;44,44;5,61;0,734;5,6;5,63;1,001
755;04.07.2023;15:01:26;00:12:34;700,7;626,5;54,4;47,4;25,0;685,2;43,3;0,1;6,97E-2;-541,2;20,00;14,1;14,0;44,45;5,62;0,709;5,6;5,63;1,001
756;04.07.2023;15:01:27;00:12:35;701,2;629,2;54,6;47,7;25,0;685,7;43,3;0,1;6,97E-2;-541,2;20,00;14,1;14,0;44,46;5,63;0,703;5,6;5,66;1,004
757;04.07.2023;15:01:28;00:12:36;702,5;629,2;54,6;47,7;25,0;686,7;43,2;0,1;6,97E-2;-541,2;20,00;14,3;14,2;44,47;5,65;0,682;5,6;5,64;1,002
758;04.07.2023;15:01:29;00:12:37;703,6;631,6;54,8;47,9;25,0;687,7;43,2;0,1;6,96E-2;-541,2;20,00;14,4;14,3;44,48;5,66;0,664;5,6;5,61;1,001
759;04.07.2023;15:01:30;00:12:38;704,1;631,6;54,8;47,9;25,0;688,2;43,2;0,1;6,96E-2;-541,2;20,00;14,5;14,3;44,48;5,66;0,657;5,6;5,63;1,002
760;04.07.2023;15:01:31;00:12:39;705,7;634,0;55,0;48,1;25,1;689,3;43,2;0,1;6,96E-2;-541,2;20,00;14,6;14,5;44,50;5,68;0,639;5,6;5,57;1,006
761;04.07.2023;15:01:32;00:12:40;706,0;634,0;55,0;48,1;25,1;689,8;43,2;0,1;6,96E-2;-541,2;20,00;14,7;14,5;44,51;5,68;0,634;5,6;5,59;1,005
762;04.07.2023;15:01:33;00:12:41;707,2;634,0;55,2;48,3;25,1;690,8;43,4;0,1;6,95E-2;-541,2;20,00;14,8;14,7;44,52;5,70;0,617;5,6;5,60;1,006
763;04.07.2023;15:01:34;00:12:42;708,0;636,4;55,2;48,3;25,2;691,8;43,3;0,1;6,95E-2;-541,2;20,00;14,9;14,8;44,53;5,70;0,605;5,6;5,59;1,010
764;04.07.2023;15:01:35;00:12:43;708,8;636,4;55,4;48,5;25,2;692,3;43,4;0,1;6,95E-2;-541,2;20,00;15,0;14,9;44,53;5,71;0,590;5,6;5,60;1,011
765;04.07.2023;15:01:36;00:12:44;709,5;638,6;55,4;48,5;25,2;693,3;43,3;0,1;6,94E-2;-541,2;20,00;15,1;15,0;44,55;5,72;0,579;5,7;5,60;1,011
766;04.07.2023;15:01:37;00:12:45;710,9;640,8;55,6;48,7;25,2;694,4;43,3;0,1;6,93E-2;-541,2;20,00;15,3;15,1;44,56;5,73;0,568;5,7;5,61;1,011
767;04.07.2023;15:01:38;00:12:46;711,5;640,8;55,6;48,7;25,2;694,9;43,3;0,1;6,93E-2;-541,2;20,00;15,3;15,2;44,56;5,74;0,562;5,7;5,62;1,015
768;04.07.2023;15:01:39;00:12:47;712,2;642,9;55,7;48,9;25,2;695,9;43,3;0,1;6,93E-2;-541,2;20,00;15,5;15,3;44,58;5,75;0,556;5,7;5,60;1,016
769;04.07.2023;15:01:40;00:12:48;713,6;642,9;55,7;48,9;25,2;696,9;43,4;0,1;6,92E-2;-541,2;20,00;15,6;15,5;44,58;5,76;0,547;5,7;5,66;1,016
770;04.07.2023;15:01:41;00:12:49;713,8;642,9;55,7;48,9;25,2;697,4;43,5;0,1;6,92E-2;-541,2;20,00;15,7;15,5;44,59;5,76;0,545;5,7;5,61;1,016
771;04.07.2023;15:01:42;00:12:50;714,9;645,0;55,9;49,1;25,2;698,4;43,4;0,1;6,91E-2;-541,2;20,00;15,8;15,7;44,60;5,77;0,533;5,7;5,63;1,020
772;04.07.2023;15:01:43;00:12:51;715,7;645,0;56,0;49,3;25,2;699,0;43,5;0,1;6,91E-2;-541,2;20,00;15,9;15,7;44,60;5,78;0,524;5,8;5,59;1,022
773;04.07.2023;15:01:44;00:12:52;716,7;647,1;56,0;49,3;25,2;700,0;43,5;0,1;6,91E-2;-541,2;20,00;16,0;15,9;44,62;5,79;0,519;5,7;5,63;1,021
774;04.07.2023;15:01:45;00:12:53;717,7;647,1;56,1;49,5;25,2;700,5;43,6;0,1;6,90E-2;-541,2;20,00;16,2;15,9;44,62;5,80;0,516;5,8;5,61;1,024
775;04.07.2023;15:01:46;00:12:54;718,4;649,2;56,1;49,5;25,2;700,8;43,4;0,1;6,90E-2;-541,2;20,00;16,3;16,1;44,63;5,80;0,525;5,8;5,61;1,026
776;04.07.2023;15:01:47;00:12:55;719,0;651,2;56,2;49,7;25,2;701,3;43,4;0,1;6,89E-2;-541,2;20,00;16,4;16,3;44,64;5,82;0,547;5,8;5,62;1,026
777;04.07.2023;15:01:48;00:12:56;720,3;651,2;56,2;49,7;25,2;701,8;43,4;0,1;6,89E-2;-541,2;20,00;16,6;16,5;44,66;5,83;0,564;5,8;5,66;1,026
778;04.07.2023;15:01:49;00:12:57;720,6;651,2;56,3;49,7;25,2;702,0;43,5;0,1;6,88E-2;-541,2;20,00;16,7;16,5;44,67;5,83;0,577;5,7;5,65;1,026
779;04.07.2023;15:01:50;00:12:58;721,5;653,2;56,3;49,8;25,2;702,5;43,4;0,1;6,87E-2;-541,2;20,00;16,9;16,8;44,67;5,85;0,587;5,7;5,60;1,026
780;04.07.2023;15:01:51;00:12:59;722,5;655,1;56,4;50,0;25,2;703,0;43,3;0,1;6,87E-2;-541,2;20,00;17,1;16,9;44,69;5,86;0,597;5,7;5,63;1,026
781;04.07.2023;15:01:52;00:13:00;723,0;655,1;56,4;50,0;25,2;703,3;43,3;0,1;6,86E-2;-541,2;20,00;17,2;17,0;44,69;5,87;0,598;5,8;5,63;1,026
782;04.07.2023;15:01:53;00:13:01;723,8;655,1;56,5;50,2;25,2;703,8;43,4;0,1;6,86E-2;-541,2;20,00;17,4;17,2;44,71;5,88;0,607;5,8;5,65;1,029
783;04.07.2023;15:01:54;00:13:02;724,6;656,9;56,5;50,2;25,3;704,3;43,4;0,1;6,86E-2;-541,2;20,00;17,5;17,4;44,72;5,89;0,615;5,8;5,63;1,027
784;04.07.2023;15:01:55;00:13:03;725,1;658,7;56,5;50,4;25,3;704,6;43,4;0,1;6,86E-2;-541,2;20,00;17,6;17,5;44,72;5,90;0,616;5,8;5,61;1,031
785;04.07.2023;15:01:56;00:13:04;726,0;658,7;56,5;50,4;25,4;705,1;43,3;0,1;6,85E-2;-541,2;20,00;17,8;17,7;44,74;5,91;0,605;5,8;5,62;1,029
786;04.07.2023;15:01:57;00:13:05;726,5;660,4;56,6;50,5;25,4;705,3;43,3;0,1;6,85E-2;-541,2;20,00;17,9;17,8;44,74;5,92;0,608;5,8;5,63;1,031
787;04.07.2023;15:01:58;00:13:06;727,2;660,4;56,7;50,5;25,4;705,8;43,3;0,1;6,84E-2;-541,2;20,00;18,1;17,9;44,76;5,93;0,611;5,8;5,63;1,031
788;04.07.2023;15:01:59;00:13:07;728,2;662,2;56,7;50,7;25,4;706,3;43,3;0,1;6,83E-2;-541,2;20,00;18,3;18,1;44,77;5,94;0,606;5,8;5,64;1,034
789;04.07.2023;15:02:00;00:13:08;728,6;662,2;56,7;50,7;25,4;706,6;43,3;0,1;6,83E-2;-541,2;20,00;18,4;18,2;44,78;5,95;0,609;5,8;5,62;1,031
790;04.07.2023;15:02:01;00:13:09;729,4;662,1;56,7;50,7;25,4;707,1;43,4;0,1;6,82E-2;-541,2;20,00;18,6;18,4;44,79;5,96;0,608;5,7;5,61;1,034
791;04.07.2023;15:02:02;00:13:10;730,0;663,9;56,7;50,9;25,4;707,6;43,3;0,1;6,82E-2;-541,2;20,00;18,7;18,5;44,80;5,97;0,600;5,8;5,61;1,032
792;04.07.2023;15:02:03;00:13:11;730,1;663,9;56,8;51,1;25,4;707,9;43,3;0,1;6,81E-2;-541,2;20,00;18,8;18,7;44,81;5,98;0,602;5,8;5,62;1,032
793;04.07.2023;15:02:04;00:13:12;730,9;665,7;56,8;51,1;25,4;708,4;43,3;0,1;6,81E-2;-541,2;20,00;19,0;18,9;44,82;5,99;0,596;5,8;5,62;1,031
794;04.07.2023;15:02:05;00:13:13;731,8;665,7;56,8;51,2;25,4;708,9;43,3;0,1;6,81E-2;-541,2;20,00;19,2;19,0;44,83;6,00;0,596;5,8;5,59;1,034
795;04.07.2023;15:02:06;00:13:14;732,1;667,4;56,8;51,2;25,5;709,1;43,2;0,1;6,80E-2;-541,2;20,00;19,3;19,1;44,83;6,01;0,595;5,8;5,62;1,032
796;04.07.2023;15:02:07;00:13:15;732,7;669,1;56,9;51,4;25,5;709,7;43,2;0,1;6,80E-2;-541,2;20,00;19,5;19,4;44,85;6,02;0,594;5,8;5,61;1,035
797;04.07.2023;15:02:08;00:13:16;733,4;669,1;57,0;51,4;25,5;710,2;43,3;0,1;6,79E-2;-541,2;20,00;19,7;19,6;44,86;6,04;0,599;5,8;5,60;1,034
798;04.07.2023;15:02:09;00:13:17;733,5;669,1;57,0;51,6;25,5;710,4;43,3;0,1;6,79E-2;-541,2;20,00;19,7;19,6;44,86;6,04;0,600;5,8;5,61;1,035
799;04.07.2023;15:02:10;00:13:18;734,2;670,6;57,0;51,6;25,5;710,9;43,2;0,1;6,78E-2;-541,2;20,00;19,9;19,7;44,88;6,05;0,594;5,8;5,60;1,035
800;04.07.2023;15:02:11;00:13:19;734,7;670,6;57,0;51,6;25,5;711,2;43,3;0,1;6,77E-2;-541,2;20,00;20,0;19,8;44,88;6,06;0,563;5,8;5,60;1,035
801;04.07.2023;15:02:12;00:13:20;735,2;672,0;57,0;51,7;25,5;711,7;43,2;0,1;6,77E-2;-541,2;20,00;20,2;20,0;44,90;6,07;0,585;5,8;5,62;1,035
802;04.07.2023;15:02:13;00:13:21;735,6;672,0;57,1;51,9;25,5;712,2;43,3;0,1;6,76E-2;-541,2;20,00;20,4;20,2;44,91;6,08;0,612;5,8;5,62;1,040
803;04.07.2023;15:02:14;00:13:22;735,8;673,4;57,1;51,9;25,6;712,5;43,2;0,1;6,76E-2;-541,2;20,00;20,5;20,3;44,91;6,09;0,617;5,8;5,64;1,040
804;04.07.2023;15:02:15;00:13:23;736,3;674,8;57,1;52,1;25,5;713,0;43,3;0,1;6,75E-2;-541,2;20,00;20,7;20,6;44,93;6,10;0,619;5,8;5,61;1,040
805;04.07.2023;15:02:16;00:13:24;736,8;674,8;57,1;52,1;25,5;713,5;43,3;0,1;6,75E-2;-541,2;20,00;20,8;20,7;44,94;6,11;0,617;5,8;5,64;1,040
806;04.07.2023;15:02:17;00:13:25;737,2;674,8;57,1;52,1;25,5;713,7;43,3;0,1;6,74E-2;-541,2;20,00;20,9;20,7;44,95;6,12;0,616;5,8;5,58;1,040
807;04.07.2023;15:02:18;00:13:26;737,6;676,1;57,1;52,2;25,6;714,2;43,3;0,1;6,74E-2;-541,2;20,00;21,1;21,0;44,96;6,13;0,620;5,8;5,59;1,040
808;04.07.2023;15:02:19;00:13:27;738,2;677,4;57,2;52,4;25,6;714,7;43,2;0,1;6,73E-2;-541,2;20,00;21,3;21,1;44,97;6,15;0,616;5,8;5,60;1,045
809;04.07.2023;15:02:20;00:13:28;738,4;677,4;57,2;52,4;25,6;715,0;43,3;0,1;6,72E-2;-541,2;20,00;21,4;21,2;44,98;6,15;0,616;5,8;5,60;1,044
810;04.07.2023;15:02:21;00:13:29;739,0;677,4;57,1;52,3;25,6;715,5;43,4;0,1;6,72E-2;-541,2;20,00;21,6;21,4;44,99;6,16;0,620;5,8;5,62;1,045
811;04.07.2023;15:02:22;00:13:30;738,9;678,7;57,1;52,5;25,6;715,8;43,3;0,1;6,71E-2;-541,2;20,00;21,7;21,5;45,00;6,17;0,620;5,9;5,63;1,046
812;04.07.2023;15:02:23;00:13:31;739,7;678,7;57,2;52,7;25,6;716,3;43,4;0,1;6,71E-2;-541,2;20,00;21,8;21,7;45,01;6,18;0,624;5,9;5,61;1,048
813;04.07.2023;15:02:24;00:13:32;739,9;680,0;57,2;52,7;25,6;716,8;43,3;0,1;6,70E-2;-541,2;20,00;22,0;21,9;45,02;6,20;0,617;5,8;5,61;1,050
814;04.07.2023;15:02:25;00:13:33;740,3;680,0;57,2;52,7;25,6;717,0;43,4;0,1;6,70E-2;-541,2;20,00;22,1;21,9;45,03;6,20;0,617;5,9;5,60;1,050
815;04.07.2023;15:02:26;00:13:34;740,9;681,2;57,2;52,8;25,5;717,5;43,3;0,1;6,69E-2;-541,2;20,00;22,3;22,2;45,04;6,22;0,620;5,9;5,57;1,050
816;04.07.2023;15:02:27;00:13:35;741,2;681,2;57,2;53,0;25,5;718,0;43,4;0,1;6,68E-2;-541,2;20,00;22,5;22,3;45,06;6,23;0,621;5,9;5,61;1,051
817;04.07.2023;15:02:28;00:13:36;741,3;682,4;57,2;53,0;25,6;718,3;43,4;0,1;6,67E-2;-541,2;20,00;22,6;22,4;45,06;6,24;0,626;5,9;5,62;1,051
818;04.07.2023;15:02:29;00:13:37;741,8;682,4;57,2;53,0;25,6;718,8;43,4;0,1;6,67E-2;-541,2;20,00;22,8;22,6;45,08;6,25;0,640;5,9;5,60;1,055
819;04.07.2023;15:02:30;00:13:38;742,2;683,5;57,3;53,1;25,5;719,3;43,4;0,1;6,66E-2;-541,2;20,00;22,9;22,8;45,09;6,26;0,653;5,9;5,60;1,055
820;04.07.2023;15:02:31;00:13:39;742,4;683,5;57,3;53,3;25,5;719,5;43,4;0,1;6,66E-2;-541,2;20,00;23,0;22,9;45,10;6,27;0,653;6,0;5,61;1,055
821;04.07.2023;15:02:32;00:13:40;743,0;684,5;57,3;53,3;25,6;720,1;43,4;0,1;6,66E-2;-541,2;20,00;23,2;23,0;45,11;6,28;0,657;5,9;5,60;1,056
822;04.07.2023;15:02:33;00:13:41;743,2;685,5;57,4;53,4;25,6;720,6;43,5;0,1;6,65E-2;-541,2;20,00;23,4;23,2;45,12;6,29;0,656;5,9;5,62;1,060
823;04.07.2023;15:02:34;00:13:42;743,2;685,5;57,4;53,4;25,7;720,8;43,5;0,1;6,65E-2;-541,2;20,00;23,5;23,3;45,13;6,30;0,656;6,0;5,59;1,060
824;04.07.2023;15:02:35;00:13:43;743,6;686,5;57,4;53,5;25,7;721,3;43,5;0,1;6,64E-2;-541,2;20,00;23,7;23,6;45,14;6,32;0,659;6,0;5,66;1,062
825;04.07.2023;15:02:36;00:13:44;743,6;686,5;57,4;53,5;25,7;721,6;43,5;0,1;6,63E-2;-541,2;20,00;23,8;23,6;45,15;6,32;0,660;6,0;5,62;1,060
826;04.07.2023;15:02:37;00:13:45;744,0;686,5;57,4;53,7;25,7;722,1;43,6;0,1;6,63E-2;-541,2;20,00;23,9;23,8;45,16;6,34;0,657;6,0;5,62;1,063
827;04.07.2023;15:02:38;00:13:46;744,5;687,4;57,4;53,7;25,8;722,6;43,6;0,1;6,62E-2;-541,2;20,00;24,1;24,0;45,18;6,35;0,649;6,0;5,61;1,065
828;04.07.2023;15:02:39;00:13:47;744,5;687,4;57,5;53,8;25,8;722,9;43,6;0,1;6,62E-2;-541,2;20,00;24,2;24,0;45,18;6,36;0,653;6,0;5,63;1,065
829;04.07.2023;15:02:40;00:13:48;744,8;688,4;57,5;53,8;25,8;723,4;43,6;0,1;6,62E-2;-541,2;20,00;24,4;24,3;45,20;6,37;0,666;6,0;5,64;1,065
830;04.07.2023;15:02:41;00:13:49;745,5;688,3;57,4;53,9;25,7;723,9;43,7;0,1;6,61E-2;-541,2;20,00;24,6;24,4;45,21;6,38;0,681;6,0;5,62;1,070
831;04.07.2023;15:02:42;00:13:50;745,5;689,3;57,4;53,9;25,8;724,1;43,6;0,1;6,61E-2;-541,2;20,00;24,7;24,5;45,22;6,39;0,672;6,0;5,60;1,068
832;04.07.2023;15:02:43;00:13:51;745,7;689,3;57,5;54,1;25,8;724,6;43,7;0,1;6,60E-2;-541,2;20,00;24,9;24,7;45,23;6,40;0,688;6,0;5,61;1,070
833;04.07.2023;15:02:44;00:13:52;745,9;690,2;57,5;54,1;25,8;724,1;39,0;0,1;6,59E-2;-541,2;20,00;25,0;24,9;45,23;6,42;0,694;1,0;0,73;0,168
834;04.07.2023;15:02:45;00:13:53;743,8;690,2;57,5;54,1;25,8;722,7;38,7;0,1;6,58E-2;-541,2;20,00;25,0;24,9;45,25;6,42;0,618;0,0;0,01;0,054
835;04.07.2023;15:02:46;00:13:54;738,3;691,1;57,5;54,2;25,7;719,8;38,9;0,1;6,57E-2;-541,2;20,00;25,0;25,0;45,27;6,44;0,662;0,0;0,01;0,054
836;04.07.2023;15:02:47;00:13:55;732,4;691,7;57,5;54,4;25,7;717,0;39,1;0,1;6,54E-2;-541,2;20,00;25,0;24,9;45,29;6,47;0,773;0,0;0,01;0,051
837;04.07.2023;15:02:48;00:13:56;729,4;691,7;57,5;54,4;25,6;715,6;39,3;0,1;6,53E-2;-541,2;20,00;25,0;24,9;45,30;6,47;0,817;0,0;0,01;0,054
838;04.07.2023;15:02:49;00:13:57;722,1;691,7;57,5;54,4;25,6;712,8;39,6;0,1;6,51E-2;-541,2;20,00;24,9;24,9;45,32;6,49;0,863;0,0;0,01;0,053
839;04.07.2023;15:02:50;00:13:58;718,8;691,4;57,5;54,5;25,4;711,4;39,8;0,1;6,50E-2;-541,2;20,00;24,9;24,9;45,33;6,50;0,866;0,0;0,01;0,049
840;04.07.2023;15:02:51;00:13:59;710,7;690,1;57,4;54,6;25,4;708,3;40,2;0,1;6,47E-2;-541,2;20,00;24,9;24,9;45,34;6,51;0,833;0,0;0,01;0,054
841;04.07.2023;15:02:52;00:14:00;702,9;690,1;57,4;54,6;25,2;705,5;40,7;0,1;6,45E-2;-541,2;20,00;24,9;24,9;45,35;6,52;0,777;0,0;0,01;0,051
842;04.07.2023;15:02:53;00:14:01;699,4;690,1;57,1;54,6;25,2;704,1;40,9;0,1;6,43E-2;-541,2;20,00;24,9;24,9;45,36;6,53;0,743;0,0;0,01;0,049
843;04.07.2023;15:02:54;00:14:02;691,6;687,2;57,1;54,7;25,0;701,3;41,3;0,1;6,41E-2;-541,2;20,00;24,9;24,9;45,37;6,54;0,685;0,0;0,01;0,051
844;04.07.2023;15:02:55;00:14:03;684,8;683,0;56,8;54,8;24,9;698,4;41,7;0,1;6,37E-2;-541,2;20,00;24,9;24,9;45,38;6,55;0,621;0,0;0,01;0,052
845;04.07.2023;15:02:56;00:14:04;680,8;683,0;56,8;54,8;24,9;697,0;41,9;0,1;6,36E-2;-541,2;20,00;24,9;24,9;45,38;6,55;0,595;0,0;0,01;0,049
846;04.07.2023;15:02:57;00:14:05;673,8;683,0;56,4;54,8;24,9;694,0;42,3;0,1;6,33E-2;-541,2;20,00;24,9;24,9;45,39;6,56;0,542;0,0;0,01;0,049
847;04.07.2023;15:02:58;00:14:06;666,2;677,4;56,4;54,8;24,8;691,2;42,7;0,1;6,31E-2;-541,2;20,00;24,9;24,8;45,40;6,57;0,498;0,0;0,01;0,051
848;04.07.2023;15:02:59;00:14:07;663,2;677,4;56,0;54,9;24,8;689,8;42,9;0,1;6,29E-2;-541,2;20,00;24,9;24,8;45,40;6,58;0,479;0,0;0,01;0,049
849;04.07.2023;15:03:00;00:14:08;656,3;670,8;56,0;54,9;24,8;686,9;43,3;0,1;6,26E-2;-541,2;20,00;24,8;24,8;45,41;6,58;0,445;0,0;0,01;0,049
850;04.07.2023;15:03:01;00:14:09;653,2;670,8;56,0;54,9;24,7;685,5;43,5;0,1;6,25E-2;-541,2;20,00;24,8;24,9;45,41;6,58;0,433;0,0;0,01;0,051
851;04.07.2023;15:03:02;00:14:10;646,3;662,7;55,5;54,9;24,7;682,7;43,8;0,1;6,22E-2;-541,2;20,00;24,8;24,9;45,42;6,59;0,407;0,0;0,01;0,049
852;04.07.2023;15:03:03;00:14:11;639,7;662,7;55,0;54,9;24,7;679,6;44,2;0,1;6,18E-2;-541,2;20,00;24,8;24,8;45,43;6,60;0,379;0,0;0,01;0,054
853;04.07.2023;15:03:04;00:14:12;636,2;653,8;55,0;54,9;24,7;678,2;44,4;0,1;6,18E-2;-541,2;20,00;24,8;24,8;45,43;6,60;0,369;0,0;0,01;0,051
854;04.07.2023;15:03:05;00:14:13;630,5;653,8;55,0;54,9;24,7;675,4;44,7;0,1;6,14E-2;-541,2;20,00;24,8;24,8;45,44;6,61;0,347;0,0;0,01;0,049
855;04.07.2023;15:03:06;00:14:14;623,9;644,6;54,5;54,8;24,7;672,6;45,1;0,1;6,11E-2;-541,2;20,00;24,8;24,8;45,44;6,61;0,334;0,0;0,01;0,050
856;04.07.2023;15:03:07;00:14:15;621,1;644,6;54,0;54,8;24,7;671,2;45,2;0,1;6,10E-2;-541,2;20,00;24,8;24,8;45,44;6,62;0,325;0,0;0,01;0,054
857;04.07.2023;15:03:08;00:14:16;615,0;635,2;54,0;54,8;24,6;668,4;45,6;0,1;6,07E-2;-541,2;20,00;24,8;24,7;45,45;6,62;0,309;0,0;0,01;0,051
858;04.07.2023;15:03:09;00:14:17;608,5;635,2;53,5;54,7;24,6;665,3;45,9;0,1;6,04E-2;-541,2;20,00;24,7;24,7;45,46;6,63;0,294;0,0;0,01;0,054
859;04.07.2023;15:03:10;00:14:18;605,8;626,3;53,5;54,7;24,6;663,9;46,1;0,1;6,02E-2;-541,2;20,00;24,7;24,7;45,46;6,63;0,292;0,0;0,01;0,049
860;04.07.2023;15:03:11;00:14:19;600,3;626,3;53,0;54,6;24,6;661,1;46,4;0,1;5,99E-2;-541,2;20,00;24,7;24,7;45,46;6,64;0,283;0,0;0,01;0,051
861;04.07.2023;15:03:12;00:14:20;594,3;617,7;53,0;54,6;24,6;658,3;46,7;0,1;5,96E-2;-541,2;20,00;24,7;24,7;45,47;6,64;0,275;0,0;0,01;0,051
862;04.07.2023;15:03:13;00:14:21;591,7;617,7;53,0;54,6;24,6;656,9;46,8;0,1;5,94E-2;-541,2;20,00;24,7;24,8;45,47;6,65;0,272;0,0;0,01;0,049
863;04.07.2023;15:03:14;00:14:22;585,9;609,2;52,5;54,5;24,6;654,0;47,1;0,1;5,92E-2;-541,2;20,00;24,7;24,7;45,47;6,65;0,261;0,0;0,01;0,051
864;04.07.2023;15:03:15;00:14:23;583,1;609,2;52,0;54,5;24,6;652,4;47,3;0,1;5,90E-2;-541,2;20,00;24,7;24,7;45,48;6,65;0,255;0,0;0,01;0,051
865;04.07.2023;15:03:16;00:14:24;577,4;600,7;52,0;54,3;24,6;649,6;47,6;0,1;5,87E-2;-541,2;20,00;24,7;24,7;45,48;6,65;0,244;0,0;0,01;0,054
866;04.07.2023;15:03:17;00:14:25;571,8;600,7;51,5;54,3;24,6;646,7;47,9;0,1;5,84E-2;-541,2;20,00;24,7;24,7;45,49;6,66;0,240;0,0;0,01;0,051
867;04.07.2023;15:03:18;00:14:26;569,4;592,4;51,5;54,2;24,6;645,3;48,1;0,1;5,83E-2;-541,2;20,00;24,7;24,7;45,49;6,66;0,234;0,0;0,01;0,049
868;04.07.2023;15:03:19;00:14:27;563,9;584,1;51,0;54,0;24,6;642,5;48,3;0,1;5,80E-2;-541,2;20,00;24,6;24,7;45,49;6,67;0,224;0,0;0,01;0,052
869;04.07.2023;15:03:20;00:14:28;558,8;584,1;51,0;54,0;24,6;639,7;48,6;0,1;5,78E-2;-541,2;20,00;24,6;24,7;45,50;6,67;0,220;0,0;0,01;0,051
870;04.07.2023;15:03:21;00:14:29;555,6;584,1;51,1;54,0;24,6;638,1;48,8;0,1;5,77E-2;-541,2;20,00;24,6;24,7;45,50;6,67;0,215;0,0;0,01;0,051
871;04.07.2023;15:03:22;00:14:30;550,8;575,3;50,5;53,8;24,6;635,2;49,1;0,1;5,75E-2;-541,2;20,00;24,6;24,5;45,50;6,68;0,201;0,0;0,01;0,049
872;04.07.2023;15:03:23;00:14:31;545,3;575,3;50,0;53,8;24,6;632,4;49,4;0,1;5,72E-2;-541,2;20,00;24,6;24,6;45,51;6,68;0,198;0,0;0,00;0,054
873;04.07.2023;15:03:24;00:14:32;543,0;566,7;50,0;53,5;24,6;631,0;49,5;0,1;5,71E-2;-541,2;20,00;24,6;24,5;45,51;6,68;0,198;0,0;0,01;0,052
874;04.07.2023;15:03:25;00:14:33;537,8;566,7;50,0;53,5;24,6;628,2;49,8;0,1;5,68E-2;-541,2;20,00;24,6;24,6;45,51;6,69;0,201;0,0;0,01;0,050
875;04.07.2023;15:03:26;00:14:34;533,1;558,1;49,5;53,3;24,6;625,4;50,0;0,1;5,65E-2;-541,2;20,00;24,6;24,5;45,52;6,69;0,197;0,0;0,01;0,053
876;04.07.2023;15:03:27;00:14:35;530,1;558,1;48,9;53,0;24,6;623,7;50,2;0,1;5,64E-2;-541,2;20,00;24,6;24,5;45,52;6,69;0,193;0,0;0,01;0,051
877;04.07.2023;15:03:28;00:14:36;525,4;549,7;48,9;53,0;24,6;620,9;50,5;0,1;5,61E-2;-541,2;20,00;24,6;24,6;45,52;6,70;0,192;0,0;0,01;0,051
878;04.07.2023;15:03:29;00:14:37;522,7;549,7;48,9;53,0;24,6;619,5;50,6;0,1;5,60E-2;-541,2;20,00;24,6;24,6;45,52;6,70;0,191;0,0;0,01;0,053
879;04.07.2023;15:03:30;00:14:38;517,9;541,9;48,5;52,7;24,6;616,7;50,9;0,1;5,58E-2;-541,2;20,00;24,5;24,6;45,53;6,70;0,183;0,0;0,01;0,049
880;04.07.2023;15:03:31;00:14:39;513,0;541,9;48,0;52,5;24,6;613,8;51,1;0,1;5,55E-2;-541,2;20,00;24,5;24,5;45,53;6,70;0,172;0,0;0,01;0,050
881;04.07.2023;15:03:32;00:14:40;510,8;534,3;48,0;52,5;24,6;612,4;51,3;0,1;5,54E-2;-541,2;20,00;24,5;24,5;45,53;6,70;0,168;0,0;0,01;0,049
882;04.07.2023;15:03:33;00:14:41;505,5;534,3;48,0;52,5;24,6;609,4;51,6;0,1;5,51E-2;-541,2;20,00;24,5;24,5;45,53;6,71;0,170;0,0;0,01;0,049
883;04.07.2023;15:03:34;00:14:42;501,3;526,7;47,5;52,2;24,6;606,6;51,8;0,1;5,48E-2;-541,2;20,00;24,5;24,5;45,54;6,71;0,169;0,0;0,01;0,049
884;04.07.2023;15:03:35;00:14:43;498,6;526,7;47,0;51,9;24,6;605,2;52,0;0,1;5,48E-2;-541,2;20,00;24,5;24,6;45,54;6,71;0,168;0,0;0,01;0,049
885;04.07.2023;15:03:36;00:14:44;494,0;519,3;47,0;51,9;24,6;602,3;52,2;0,1;5,45E-2;-541,2;20,00;24,5;24,5;45,54;6,72;0,162;0,0;0,01;0,052
886;04.07.2023;15:03:37;00:14:45;489,7;519,3;46,6;51,5;24,6;599,5;52,4;0,1;5,43E-2;-541,2;20,00;24,5;24,5;45,55;6,72;0,158;0,0;0,01;0,049
887;04.07.2023;15:03:38;00:14:46;487,2;511,9;46,6;51,5;24,6;598,1;52,6;0,1;5,42E-2;-541,2;20,00;24,5;24,5;45,55;6,72;0,156;0,0;0,01;0,049
888;04.07.2023;15:03:39;00:14:47;482,1;504,6;46,1;51,2;24,6;595,0;52,8;0,1;5,39E-2;-541,2;20,00;24,4;24,5;45,55;6,72;0,150;0,0;0,00;0,049
889;04.07.2023;15:03:40;00:14:48;480,1;504,6;46,1;51,2;24,6;593,6;53,0;0,1;5,39E-2;-541,2;20,00;24,4;24,4;45,55;6,72;0,146;0,0;0,01;0,052
890;04.07.2023;15:03:41;00:14:49;475,3;504,7;46,2;51,2;24,6;590,8;53,2;0,1;5,36E-2;-541,2;20,00;24,4;24,4;45,55;6,73;0,142;0,0;0,01;0,051
891;04.07.2023;15:03:42;00:14:50;471,0;497,0;45,7;50,9;24,6;588,0;53,5;0,1;5,34E-2;-541,2;20,00;24,4;24,5;45,56;6,73;0,141;0,0;0,01;0,054
892;04.07.2023;15:03:43;00:14:51;468,8;497,0;45,2;50,9;24,6;586,6;53,6;0,1;5,33E-2;-541,2;20,00;24,4;24,5;45,56;6,73;0,141;0,0;0,01;0,049
893;04.07.2023;15:03:44;00:14:52;464,5;489,4;45,2;50,5;24,6;583,8;53,8;0,1;5,31E-2;-541,2;20,00;24,4;24,4;45,56;6,74;0,143;0,0;0,01;0,049
894;04.07.2023;15:03:45;00:14:53;459,6;489,4;44,8;50,1;24,6;580,7;54,1;0,1;5,29E-2;-541,2;20,00;24,4;24,4;45,56;6,74;0,139;0,0;0,01;0,049
895;04.07.2023;15:03:46;00:14:54;457,5;481,9;44,8;50,1;24,6;579,3;54,2;0,1;5,28E-2;-541,2;20,00;24,4;24,4;45,56;6,74;0,134;0,0;0,01;0,049
896;04.07.2023;15:03:47;00:14:55;453,3;481,9;44,3;49,7;24,6;576,5;54,5;0,1;5,26E-2;-541,2;20,00;24,4;24,4;45,57;6,74;0,132;0,0;0,01;0,049
897;04.07.2023;15:03:48;00:14:56;448,9;474,6;44,3;49,7;24,5;573,7;54,7;0,1;5,24E-2;-541,2;20,00;24,4;24,3;45,57;6,74;0,131;0,0;0,01;0,049
898;04.07.2023;15:03:49;00:14:57;446,9;474,6;44,3;49,7;24,5;572,3;54,8;0,1;5,24E-2;-541,2;20,00;24,4;24,3;45,57;6,74;0,130;0,0;0,01;0,051
899;04.07.2023;15:03:50;00:14:58;442,3;467,6;43,9;49,4;24,5;569,4;55,1;0,1;5,22E-2;-541,2;20,00;24,3;24,3;45,57;6,75;0,127;0,0;0,01;0,051
900;04.07.2023;15:03:51;00:14:59;438,2;467,6;43,5;49,4;24,5;566,4;55,3;0,1;5,20E-2;-541,2;20,00;24,3;24,4;45,58;6,75;0,125;0,0;0,00;0,050
901;04.07.2023;15:03:52;00:15:00;436,0;460,6;43,5;49,0;24,5;565,0;55,4;0,1;5,19E-2;-541,2;20,00;24,3;24,3;45,58;6,75;0,123;0,0;0,01;0,049
902;04.07.2023;15:03:53;00:15:01;432,0;460,6;43,5;49,0;24,5;562,2;55,7;0,1;5,17E-2;-541,2;20,00;24,3;24,3;45,58;6,75;0,122;0,0;0,01;0,053
903;04.07.2023;15:03:54;00:15:02;429,4;453,8;43,1;48,6;24,5;560,7;55,8;0,1;5,17E-2;-541,2;20,00;24,3;24,3;45,58;6,75;0,121;0,0;0,01;0,049
904;04.07.2023;15:03:55;00:15:03;425,8;453,8;42,7;48,2;24,5;557,9;56,0;0,1;5,15E-2;-541,2;20,00;24,3;24,3;45,58;6,76;0,116;0,0;0,01;0,049
905;04.07.2023;15:03:56;00:15:04;421,6;447,0;42,7;48,2;24,5;555,1;56,3;0,1;5,13E-2;-541,2;20,00;24,3;24,3;45,58;6,76;0,112;0,0;0,01;0,049
906;04.07.2023;15:03:57;00:15:05;419,6;447,0;42,7;48,2;24,5;553,7;56,4;0,1;5,13E-2;-541,2;20,00;24,3;24,2;45,59;6,76;0,111;0,0;0,01;0,049
907;04.07.2023;15:03:58;00:15:06;415,0;440,6;42,3;47,9;24,5;550,6;56,6;0,1;5,11E-2;-541,2;20,00;24,3;24,3;45,59;6,76;0,113;0,0;0,01;0,051
908;04.07.2023;15:03:59;00:15:07;411,4;434,2;42,0;47,5;24,5;547,8;56,8;0,1;5,09E-2;-541,2;20,00;24,2;24,3;45,59;6,76;0,110;0,0;0,01;0,049
909;04.07.2023;15:04:00;00:15:08;409,3;434,2;42,0;47,5;24,5;546,4;57,0;0,1;5,09E-2;-541,2;20,00;24,2;24,3;45,59;6,77;0,105;0,0;0,01;0,050
910;04.07.2023;15:04:01;00:15:09;405,2;434,1;42,0;47,4;24,4;543,6;57,2;0,1;5,07E-2;-541,2;20,00;24,2;24,2;45,59;6,77;0,107;0,0;0,01;0,049
911;04.07.2023;15:04:02;00:15:10;401,4;427,4;41,5;47,0;24,4;540,8;57,4;0,1;5,06E-2;-541,2;20,00;24,2;24,3;45,60;6,77;0,111;0,0;0,00;0,049
912;04.07.2023;15:04:03;00:15:11;399,7;427,4;41,5;47,0;24,4;539,4;57,5;0,1;5,05E-2;-541,2;20,00;24,2;24,3;45,60;6,77;0,113;0,0;0,01;0,049
913;04.07.2023;15:04:04;00:15:12;395,2;420,8;41,1;46,6;24,4;536,3;57,7;0,1;5,04E-2;-541,2;20,00;24,2;24,2;45,60;6,77;0,107;0,0;0,00;0,049
914;04.07.2023;15:04:05;00:15:13;391,5;420,8;40,7;46,2;24,4;533,5;57,9;0,1;5,02E-2;-541,2;20,00;24,2;24,2;45,60;6,77;0,106;0,0;0,01;0,053
915;04.07.2023;15:04:06;00:15:14;389,4;414,3;40,7;46,2;24,4;532,1;58,0;0,1;5,01E-2;-541,2;20,00;24,2;24,2;45,60;6,77;0,103;0,0;0,01;0,049
916;04.07.2023;15:04:07;00:15:15;386,0;414,3;40,4;46,2;24,3;529,3;58,3;0,1;5,00E-2;-541,2;20,00;24,2;24,2;45,60;6,78;0,097;0,0;0,01;0,051
917;04.07.2023;15:04:08;00:15:16;383,9;414,3;40,4;45,9;24,3;527,8;58,4;0,0;5,00E-2;-541,2;20,00;24,2;24,2;45,60;6,78;0,097;0,0;0,01;0,049
918;04.07.2023;15:04:09;00:15:17;380,2;407,8;40,4;45,9;24,3;525,0;58,6;0,0;4,98E-2;-541,2;20,00;24,1;24,2;45,61;6,78;0,096;0,0;0,01;0,051
919;04.07.2023;15:04:10;00:15:18;376,0;401,9;40,1;45,5;24,3;522,0;58,8;0,0;4,96E-2;-541,2;20,00;24,1;24,1;45,61;6,78;0,096;0,0;0,01;0,049
920;04.07.2023;15:04:11;00:15:19;374,3;401,9;39,7;45,5;24,3;520,6;58,9;0,0;4,96E-2;-541,2;20,00;24,1;24,2;45,61;6,78;0,095;0,0;0,01;0,052
921;04.07.2023;15:04:12;00:15:20;370,4;396,0;39,7;45,1;24,3;517,7;59,1;0,0;4,94E-2;-541,2;20,00;24,1;24,1;45,61;6,79;0,095;0,0;0,01;0,053
922;04.07.2023;15:04:13;00:15:21;366,8;396,0;39,4;45,1;24,3;514,9;59,3;0,0;4,93E-2;-541,2;20,00;24,1;24,1;45,61;6,79;0,095;0,0;0,01;0,049
923;04.07.2023;15:04:14;00:15:22;365,4;390,2;39,4;44,8;24,3;513,5;59,4;0,0;4,92E-2;-541,2;20,00;24,1;24,1;45,61;6,79;0,093;0,0;0,01;0,049
924;04.07.2023;15:04:15;00:15:23;361,3;390,2;39,1;44,4;24,3;510,7;59,6;0,0;4,91E-2;-541,2;20,00;24,1;24,1;45,61;6,79;0,088;0,0;0,01;0,050
925;04.07.2023;15:04:16;00:15:24;357,8;384,5;39,1;44,4;24,3;507,6;59,8;0,0;4,89E-2;-541,2;20,00;24,1;24,2;45,62;6,79;0,088;0,0;0,01;0,051
926;04.07.2023;15:04:17;00:15:25;356,5;384,5;39,1;44,4;24,3;506,2;59,9;0,0;4,89E-2;-541,2;20,00;24,1;24,1;45,62;6,79;0,085;0,0;0,01;0,049
927;04.07.2023;15:04:18;00:15:26;352,3;378,8;38,8;44,1;24,3;503,4;60,1;0,0;4,88E-2;-541,2;20,00;24,1;24,1;45,62;6,79;0,086;0,0;0,01;0,051
928;04.07.2023;15:04:19;00:15:27;351,0;378,8;38,8;44,1;24,3;502,0;60,2;0,0;4,87E-2;-541,2;20,00;24,1;24,0;45,62;6,79;0,084;0,0;0,01;0,049
929;04.07.2023;15:04:20;00:15:28;347,5;373,2;38,5;43,7;24,3;499,2;60,4;0,0;4,86E-2;-541,2;20,00;24,0;24,0;45,62;6,79;0,081;0,0;0,00;0,049
930;04.07.2023;15:04:21;00:15:29;343,4;373,3;38,6;43,8;24,3;496,4;60,6;0,0;4,84E-2;-541,2;20,00;24,0;24,1;45,62;6,80;0,078;0,0;0,01;0,050
931;04.07.2023;15:04:22;00:15:30;341,8;373,3;38,3;43,4;24,3;494,7;60,7;0,0;4,84E-2;-541,2;20,00;24,0;24,0;45,62;6,80;0,076;0,0;0,01;0,049
932;04.07.2023;15:04:23;00:15:31;338,0;367,4;38,3;43,4;24,3;491,9;60,9;0,0;4,83E-2;-541,2;20,00;24,0;24,0;45,63;6,80;0,077;0,0;0,01;0,053
933;04.07.2023;15:04:24;00:15:32;335,2;361,5;37,9;43,0;24,3;489,1;61,1;0,0;4,81E-2;-541,2;20,00;24,0;24,0;45,63;6,80;0,071;0,0;0,01;0,053
934;04.07.2023;15:04:25;00:15:33;333,1;361,5;37,9;43,0;24,3;487,7;61,2;0,0;4,80E-2;-541,2;20,00;24,0;24,1;45,63;6,80;0,072;0,0;0,01;0,051
935;04.07.2023;15:04:26;00:15:34;329,7;355,8;37,6;42,7;24,3;484,8;61,4;0,0;4,79E-2;-541,2;20,00;24,0;24,0;45,63;6,80;0,069;0,0;0,01;0,052
936;04.07.2023;15:04:27;00:15:35;326,2;355,8;37,3;42,7;24,3;482,0;61,6;0,0;4,79E-2;-541,2;20,00;24,0;24,0;45,63;6,80;0,068;0,0;0,01;0,051
937;04.07.2023;15:04:28;00:15:36;324,3;350,1;37,3;42,3;24,3;480,4;61,7;0,0;4,78E-2;-541,2;20,00;24,0;23,9;45,63;6,80;0,069;0,0;0,01;0,049
938;04.07.2023;15:04:29;00:15:37;320,7;350,1;37,3;42,3;24,3;477,6;61,9;0,0;4,76E-2;-541,2;20,00;23,9;24,0;45,63;6,81;0,072;0,0;0,01;0,049
939;04.07.2023;15:04:30;00:15:38;318,0;344,9;37,1;42,0;24,2;474,7;62,1;0,0;4,75E-2;-541,2;20,00;23,9;24,0;45,63;6,81;0,071;0,0;0,01;0,049
940;04.07.2023;15:04:31;00:15:39;315,9;344,9;36,8;41,7;24,2;473,3;62,2;0,0;4,75E-2;-541,2;20,00;23,9;24,0;45,63;6,81;0,069;0,0;0,01;0,051
941;04.07.2023;15:04:32;00:15:40;313,2;339,7;36,8;41,7;24,2;470,5;62,3;0,0;4,74E-2;-541,2;20,00;23,9;23,9;45,64;6,81;0,072;0,0;0,01;0,052
942;04.07.2023;15:04:33;00:15:41;311,1;339,7;36,8;41,7;24,2;469,1;62,4;0,0;4,73E-2;-541,2;20,00;23,9;24,0;45,64;6,81;0,070;0,0;0,01;0,049
943;04.07.2023;15:04:34;00:15:42;307,7;334,5;36,5;41,3;24,2;466,0;62,6;0,0;4,72E-2;-541,2;20,00;23,9;23,9;45,64;6,81;0,066;0,0;0,01;0,050
944;04.07.2023;15:04:35;00:15:43;304,4;334,5;36,3;41,3;24,2;463,2;62,8;0,0;4,71E-2;-541,2;20,00;23,9;23,9;45,64;6,81;0,063;0,0;0,01;0,049
945;04.07.2023;15:04:36;00:15:44;302,9;329,3;36,3;41,0;24,2;461,8;62,9;0,0;4,70E-2;-541,2;20,00;23,9;23,8;45,64;6,81;0,063;0,0;0,01;0,052
946;04.07.2023;15:04:37;00:15:45;299,6;329,3;36,3;41,0;24,2;459,0;63,0;0,0;4,69E-2;-541,2;20,00;23,9;23,8;45,64;6,81;0,063;0,0;0,00;0,051
947;04.07.2023;15:04:38;00:15:46;296,7;324,1;36,0;40,7;24,2;456,2;63,2;0,0;4,68E-2;-541,2;20,00;23,9;23,8;45,64;6,82;0,063;0,0;0,00;0,050
948;04.07.2023;15:04:39;00:15:47;295,3;324,1;35,7;40,7;24,2;454,8;63,3;0,0;4,67E-2;-541,2;20,00;23,9;23,9;45,64;6,82;0,062;0,0;0,01;0,049
949;04.07.2023;15:04:40;00:15:48;291,9;319,0;35,7;40,4;24,2;451,7;63,5;0,0;4,66E-2;-541,2;20,00;23,8;23,9;45,64;6,82;0,062;0,0;0,00;0,054
950;04.07.2023;15:04:41;00:15:49;288,5;318,9;35,4;40,3;24,2;448,9;63,6;0,0;4,65E-2;-541,2;20,00;23,8;23,9;45,64;6,82;0,068;0,0;0,01;0,051
951;04.07.2023;15:04:42;00:15:50;287,1;318,9;35,4;40,3;24,2;447,5;63,7;0,0;4,65E-2;-541,2;20,00;23,8;23,8;45,65;6,82;0,062;0,0;0,01;0,053
952;04.07.2023;15:04:43;00:15:51;284,0;313,6;35,4;40,0;24,1;444,7;63,9;0,0;4,64E-2;-541,2;20,00;23,8;23,8;45,65;6,82;0,064;0,0;0,01;0,052
953;04.07.2023;15:04:44;00:15:52;282,3;313,6;35,2;39,6;24,1;443,2;64,0;0,0;4,63E-2;-541,2;20,00;23,8;23,8;45,65;6,82;0,064;0,0;0,01;0,054
954;04.07.2023;15:04:45;00:15:53;279,4;308,5;35,2;39,6;24,1;440,4;64,1;0,0;4,62E-2;-541,2;20,00;23,8;23,8;45,65;6,82;0,062;0,0;0,01;0,049
955;04.07.2023;15:04:46;00:15:54;276,1;303,4;34,9;39,3;24,1;437,4;64,3;0,0;4,62E-2;-541,2;20,00;23,8;23,7;45,65;6,82;0,060;0,0;0,00;0,053
956;04.07.2023;15:04:47;00:15:55;274,7;303,4;34,9;39,3;24,1;436,0;64,4;0,0;4,61E-2;-541,2;20,00;23,8;23,8;45,65;6,83;0,059;0,0;0,00;0,050
957;04.07.2023;15:04:48;00:15:56;272,0;298,4;34,7;39,0;24,1;433,1;64,5;0,0;4,59E-2;-541,2;20,00;23,8;23,7;45,65;6,83;0,056;0,0;0,01;0,054
958;04.07.2023;15:04:49;00:15:57;269,2;298,4;34,7;39,0;24,1;430,3;64,7;0,0;4,59E-2;-541,2;20,00;23,7;23,8;45,65;6,83;0,057;0,0;0,00;0,050
959;04.07.2023;15:04:50;00:15:58;267,2;293,8;34,4;38,7;24,1;428,9;64,8;0,0;4,58E-2;-541,2;20,00;23,7;23,8;45,65;6,83;0,054;0,0;0,00;0,052
960;04.07.2023;15:04:51;00:15:59;263,8;293,8;34,4;38,7;24,1;426,1;65,0;0,0;4,57E-2;-541,2;20,00;23,7;23,7;45,65;6,83;0,055;0,0;0,01;0,052
961;04.07.2023;15:04:52;00:16:00;261,0;289,2;34,2;38,4;24,0;423,0;65,2;0,0;4,56E-2;-541,2;20,00;23,7;23,7;45,66;6,83;0,056;0,0;0,01;0,049
962;04.07.2023;15:04:53;00:16:01;258,9;289,2;34,2;38,4;24,0;421,6;65,3;0,0;4,56E-2;-541,2;20,00;23,7;23,7;45,66;6,83;0,057;0,0;0,00;0,049
963;04.07.2023;15:04:54;00:16:02;256,2;284,7;34,0;38,1;24,0;418,8;65,4;0,0;4,55E-2;-541,2;20,00;23,7;23,6;45,66;6,83;0,056;0,0;0,01;0,050
964;04.07.2023;15:04:55;00:16:03;253,3;284,7;33,7;38,1;24,0;416,0;65,5;0,0;4,54E-2;-541,2;20,00;23,7;23,7;45,66;6,83;0,057;0,0;0,01;0,049
965;04.07.2023;15:04:56;00:16:04;250,7;280,3;33,7;37,9;24,0;414,6;65,7;0,0;4,54E-2;-541,2;20,00;23,7;23,7;45,66;6,83;0,057;0,0;0,01;0,049
966;04.07.2023;15:04:57;00:16:05;250,0;280,3;33,7;37,9;24,0;411,8;65,7;0,0;4,53E-2;-541,2;20,00;23,7;23,6;45,66;6,83;0,053;0,0;0,01;0,053
967;04.07.2023;15:04:58;00:16:06;250,0;275,9;33,5;37,6;24,0;410,1;65,7;0,0;4,52E-2;-541,2;20,00;23,7;23,6;45,66;6,83;0,049;0,0;0,01;0,049
968;04.07.2023;15:04:59;00:16:07;250,0;275,9;33,3;37,3;24,0;407,3;65,6;0,0;4,51E-2;-541,2;20,00;23,6;23,7;45,66;6,84;0,052;0,0;0,01;0,049
969;04.07.2023;15:05:00;00:16:08;250,0;271,5;33,3;37,3;24,0;404,5;65,4;0,0;4,50E-2;-541,2;20,00;23,6;23,6;45,66;6,84;0,051;0,0;0,00;0,049
970;04.07.2023;15:05:01;00:16:09;250,0;271,6;33,3;37,3;24,1;403,1;65,4;0,0;4,50E-2;-541,2;20,00;23,6;23,6;45,66;6,84;0,049;0,0;0,00;0,051
971;04.07.2023;15:05:02;00:16:10;250,0;271,6;33,1;37,4;24,1;400,2;65,3;0,0;4,49E-2;-541,2;20,00;23,6;23,6;45,66;6,84;0,050;0,0;0,01;0,050
972;04.07.2023;15:05:03;00:16:11;250,0;267,0;33,1;37,1;24,0;397,4;65,1;0,0;4,48E-2;-541,2;20,00;23,6;23,6;45,66;6,84;0,050;0,0;0,01;0,049
973;04.07.2023;15:05:04;00:16:12;250,0;262,5;32,9;36,8;24,0;395,8;65,1;0,0;4,48E-2;-541,2;20,00;23,6;23,6;45,66;6,84;0,049;0,0;0,01;0,049
974;04.07.2023;15:05:05;00:16:13;250,0;262,5;32,9;36,8;24,0;393,0;65,0;0,0;4,47E-2;-541,2;20,00;23,6;23,5;45,67;6,84;0,046;0,0;0,01;0,052
975;04.07.2023;15:05:06;00:16:14;250,0;258,0;32,7;36,5;24,0;390,1;64,8;0,0;4,46E-2;-541,2;20,00;23,6;23,6;45,67;6,84;0,046;0,0;0,01;0,049
976;04.07.2023;15:05:07;00:16:15;250,0;258,0;32,7;36,5;24,0;388,7;64,8;0,0;4,45E-2;-541,2;20,00;23,6;23,6;45,67;6,84;0,046;0,0;0,01;0,051
977;04.07.2023;15:05:08;00:16:16;250,0;253,6;32,4;36,2;24,0;385,9;64,6;0,0;4,45E-2;-541,2;20,00;23,6;23,6;45,67;6,84;0,046;0,0;0,01;0,050
978;04.07.2023;15:05:09;00:16:17;250,0;253,6;32,3;36,2;24,0;383,1;64,5;0,0;4,44E-2;-541,2;20,00;23,5;23,5;45,67;6,84;0,044;0,0;0,00;0,049
979;04.07.2023;15:05:10;00:16:18;250,0;249,6;32,3;36,0;24,0;381,4;64,4;0,0;4,43E-2;-541,2;20,00;23,5;23,5;45,67;6,84;0,043;0,0;0,01;0,050
980;04.07.2023;15:05:11;00:16:19;250,0;249,6;32,1;36,0;24,0;378,6;64,3;0,0;4,42E-2;-541,2;20,00;23,5;23,5;45,67;6,84;0,040;0,0;0,01;0,049
981;04.07.2023;15:05:12;00:16:20;250,0;249,6;32,1;35,7;24,0;377,2;64,2;0,0;4,42E-2;-541,2;20,00;23,5;23,5;45,67;6,84;0,038;0,0;0,01;0,049
982;04.07.2023;15:05:13;00:16:21;250,0;245,5;32,1;35,7;24,0;374,4;64,1;0,0;4,41E-2;-541,2;20,00;23,5;23,6;45,67;6,85;0,046;0,0;0,00;0,049
983;04.07.2023;15:05:14;00:16:22;250,0;241,6;31,9;35,5;24,0;371,6;63,9;0,0;4,41E-2;-541,2;20,00;23,5;23,5;45,67;6,85;0,043;0,0;0,01;0,051
984;04.07.2023;15:05:15;00:16:23;250,0;241,6;31,9;35,5;24,0;370,2;63,9;0,0;4,40E-2;-541,2;20,00;23,5;23,5;45,67;6,85;0,043;0,0;0,01;0,051
985;04.07.2023;15:05:16;00:16:24;250,0;237,7;31,7;35,2;23,9;367,1;63,7;0,0;4,39E-2;-541,2;20,00;23,5;23,4;45,67;6,85;0,041;0,0;0,01;0,053
986;04.07.2023;15:05:17;00:16:25;250,0;237,7;31,5;35,2;23,9;364,3;63,6;0,0;4,38E-2;-541,2;20,00;23,5;23,4;45,67;6,85;0,041;0,0;0,00;0,049
987;04.07.2023;15:05:18;00:16:26;250,0;233,8;31,5;35,0;23,9;362,9;63,5;0,0;4,38E-2;-541,2;20,00;23,5;23,4;45,67;6,85;0,040;0,0;0,01;0,051
988;04.07.2023;15:05:19;00:16:27;250,0;233,8;31,3;34,8;23,9;360,0;63,3;0,0;4,37E-2;-541,2;20,00;23,4;23,4;45,68;6,85;0,039;0,0;0,01;0,051
989;04.07.2023;15:05:20;00:16:28;250,0;230,0;31,3;34,8;23,9;357,2;63,2;0,0;4,37E-2;-541,2;20,00;23,4;23,4;45,68;6,85;0,038;0,0;0,01;0,053
990;04.07.2023;15:05:21;00:16:29;250,0;230,0;31,3;34,8;23,9;355,8;63,1;0,0;4,36E-2;-541,2;20,00;23,4;23,4;45,68;6,85;0,039;0,0;0,01;0,050
991;04.07.2023;15:05:22;00:16:30;250,0;230,0;31,0;34,4;23,9;352,8;62,9;0,0;4,36E-2;-541,2;20,00;23,4;23,5;45,68;6,85;0,039;0,0;0,01;0,050
992;04.07.2023;15:05:23;00:16:31;250,0;225,8;31,0;34,4;23,8;351,4;62,9;0,0;4,35E-2;-541,2;20,00;23,4;23,4;45,68;6,85;0,036;0,0;0,00;0,049
993;04.07.2023;15:05:24;00:16:32;250,0;221,7;30,8;34,2;23,8;348,5;62,7;0,0;4,35E-2;-541,2;20,00;23,4;23,3;45,68;6,85;0,032;0,0;0,00;0,051
994;04.07.2023;15:05:25;00:16:33;250,0;221,7;30,8;34,2;23,8;345,7;62,5;0,0;4,34E-2;-541,2;20,00;23,4;23,3;45,68;6,85;0,034;0,0;0,01;0,049
995;04.07.2023;15:05:26;00:16:34;250,0;221,7;30,6;34,2;23,8;344,3;62,5;0,0;4,34E-2;-541,2;20,00;23,4;23,4;45,68;6,85;0,037;0,0;0,01;0,051
996;04.07.2023;15:05:27;00:16:35;250,0;217,6;30,6;33,9;23,8;341,5;62,3;0,0;4,33E-2;-541,2;20,00;23,4;23,4;45,68;6,85;0,037;0,0;0,01;0,050
997;04.07.2023;15:05:28;00:16:36;250,0;213,7;30,4;33,7;23,8;338,4;62,1;0,0;4,32E-2;-541,2;20,00;23,4;23,4;45,68;6,86;0,036;0,0;0,00;0,049
998;04.07.2023;15:05:29;00:16:37;250,0;213,7;30,4;33,7;23,8;337,0;62,0;0,0;4,33E-2;-541,2;20,00;23,3;23,4;45,68;6,86;0,035;0,0;0,00;0,050
999;04.07.2023;15:05:30;00:16:38;250,0;213,7;30,2;33,5;23,8;334,2;61,8;0,0;4,32E-2;-541,2;20,00;23,3;23,3;45,68;6,86;0,032;0,0;0,01;0,049
1000;04.07.2023;15:05:31;00:16:39;250,0;210,1;30,2;33,5;23,8;331,4;61,7;0,0;4,32E-2;-541,2;20,00;23,3;23,4;45,68;6,86;0,034;0,0;0,01;0,050
1001;04.07.2023;15:05:32;00:16:40;250,0;206,6;30,1;33,3;23,8;330,0;61,6;0,0;4,31E-2;-541,2;20,00;23,3;23,4;45,68;6,86;0,035;0,0;0,01;0,049
1002;04.07.2023;15:05:33;00:16:41;250,0;206,6;30,1;33,3;23,8;327,1;61,4;0,0;4,30E-2;-541,2;20,00;23,3;23,3;45,68;6,86;0,032;0,0;0,01;0,049
1003;04.07.2023;15:05:34;00:16:42;250,0;203,2;29,9;33,1;23,7;324,1;61,2;0,0;4,29E-2;-541,2;20,00;23,3;23,3;45,68;6,86;0,027;0,0;0,01;0,049
1004;04.07.2023;15:05:35;00:16:43;250,0;203,2;29,7;33,1;23,7;322,7;61,1;0,0;4,29E-2;-541,2;20,00;23,3;23,3;45,68;6,86;0,027;0,0;0,01;0,049
1005;04.07.2023;15:05:36;00:16:44;250,0;199,8;29,7;32,8;23,7;319,9;60,9;0,0;4,28E-2;-541,2;20,00;23,3;23,4;45,68;6,86;0,031;0,0;0,00;0,049
1006;04.07.2023;15:05:37;00:16:45;250,0;199,8;29,7;32,8;23,7;318,5;60,8;0,0;4,28E-2;-541,2;20,00;23,3;23,3;45,68;6,86;0,026;0,0;0,00;0,049
1007;04.07.2023;15:05:38;00:16:46;250,0;196,5;29,5;32,6;23,7;315,6;60,6;0,0;4,28E-2;-541,2;20,00;23,3;23,3;45,69;6,86;0,029;0,0;0,01;0,049
1008;04.07.2023;15:05:39;00:16:47;250,0;196,5;29,4;32,4;23,7;312,8;60,4;0,0;4,27E-2;-541,2;20,00;23,2;23,4;45,69;6,86;0,030;0,0;0,01;0,051
1009;04.07.2023;15:05:40;00:16:48;250,0;196,5;29,4;32,4;23,7;311,4;60,3;0,0;4,27E-2;-541,2;20,00;23,2;23,4;45,69;6,86;0,032;0,0;0,01;0,050
1010;04.07.2023;15:05:41;00:16:49;250,0;193,2;29,4;32,4;23,7;308,3;60,1;0,0;4,26E-2;-541,2;20,00;23,2;23,3;45,69;6,86;0,029;0,0;0,01;0,049
1011;04.07.2023;15:05:42;00:16:50;250,0;189,8;29,2;32,3;23,7;305,5;59,9;0,0;4,25E-2;-541,2;20,00;23,2;23,3;45,69;6,86;0,028;0,0;0,01;0,049
1012;04.07.2023;15:05:43;00:16:51;250,0;189,8;29,2;32,3;23,7;304,1;59,8;0,0;4,25E-2;-541,2;20,00;23,2;23,2;45,69;6,86;0,028;0,0;0,00;0,050
1013;04.07.2023;15:05:44;00:16:52;250,0;186,4;29,1;32,1;23,7;301,3;59,6;0,0;4,24E-2;-541,2;20,00;23,2;23,2;45,69;6,86;0,026;0,0;0,01;0,049
1014;04.07.2023;15:05:45;00:16:53;250,0;186,4;28,9;32,1;23,7;298,5;59,4;0,0;4,23E-2;-541,2;20,00;23,2;23,2;45,69;6,86;0,024;0,0;0,01;0,049
1015;04.07.2023;15:05:46;00:16:54;250,0;186,4;28,9;31,9;23,7;297,1;59,3;0,0;4,23E-2;-541,2;20,00;23,2;23,2;45,69;6,86;0,024;0,0;0,01;0,049
1016;04.07.2023;15:05:47;00:16:55;250,0;183,0;28,9;31,9;23,7;294,0;59,1;0,0;4,23E-2;-541,2;20,00;23,2;23,1;45,69;6,86;0,023;0,0;0,00;0,049
1017;04.07.2023;15:05:48;00:16:56;250,0;179,7;28,7;31,6;23,7;291,2;58,9;0,0;4,22E-2;-541,2;20,00;23,2;23,1;45,69;6,86;0,021;0,0;0,01;0,053
1018;04.07.2023;15:05:49;00:16:57;250,0;179,7;28,7;31,6;23,7;289,8;58,8;0,0;4,21E-2;-541,2;20,00;23,1;23,1;45,69;6,86;0,021;0,0;0,00;0,051
1019;04.07.2023;15:05:50;00:16:58;250,0;176,6;28,6;31,4;23,7;287,0;58,6;0,0;4,21E-2;-541,2;20,00;23,1;23,1;45,69;6,86;0,025;0,0;0,01;0,049
1020;04.07.2023;15:05:51;00:16:59;250,0;176,6;28,6;31,4;23,7;285,6;58,4;0,0;4,20E-2;-541,2;20,00;23,1;23,1;45,69;6,86;0,019;0,0;0,01;0,050
1021;04.07.2023;15:05:52;00:17:00;250,0;173,6;28,4;31,3;23,7;282,7;58,2;0,0;4,20E-2;-541,2;20,00;23,1;23,1;45,69;6,87;0,021;0,0;0,01;0,049
1022;04.07.2023;15:05:53;00:17:01;250,0;173,6;28,4;31,3;23,7;279,7;58,0;0,0;4,19E-2;-541,2;20,00;23,1;23,2;45,69;6,87;0,024;0,0;0,01;0,049
1023;04.07.2023;15:05:54;00:17:02;250,0;170,6;28,3;31,1;23,6;278,3;57,9;0,0;4,19E-2;-541,2;20,00;23,1;23,2;45,69;6,87;0,025;0,0;0,01;0,049
1024;04.07.2023;15:05:55;00:17:03;250,0;170,6;28,1;30,9;23,6;275,4;57,6;0,0;4,18E-2;-541,2;20,00;23,1;23,1;45,69;6,87;0,022;0,0;0,01;0,049
1025;04.07.2023;15:05:56;00:17:04;250,0;167,7;28,1;30,9;23,6;272,6;57,4;0,0;4,18E-2;-541,2;20,00;23,1;23,1;45,69;6,87;0,021;0,0;0,01;0,049
1026;04.07.2023;15:05:57;00:17:05;250,0;167,7;28,1;30,9;23,6;271,2;57,3;0,0;4,17E-2;-541,2;20,00;23,1;23,1;45,69;6,87;0,016;0,0;0,00;0,049
1027;04.07.2023;15:05:58;00:17:06;250,0;164,7;28,0;30,7;23,6;268,4;57,1;0,0;4,16E-2;-541,2;20,00;23,1;23,0;45,69;6,87;0,015;0,0;0,01;0,051
1028;04.07.2023;15:05:59;00:17:07;250,0;164,7;27,8;30,5;23,6;265,3;56,8;0,0;4,16E-2;-541,2;20,00;23,0;23,0;45,69;6,87;0,020;0,0;0,01;0,049
1029;04.07.2023;15:06:00;00:17:08;250,0;161,9;27,8;30,5;23,6;263,9;56,7;0,0;4,15E-2;-541,2;20,00;23,0;23,0;45,69;6,87;0,022;0,0;0,01;0,049
1030;04.07.2023;15:06:01;00:17:09;250,0;161,9;27,8;30,6;23,7;261,1;56,5;0,0;4,15E-2;-541,2;20,00;23,0;23,1;45,69;6,87;0,020;0,0;0,01;0,049
1031;04.07.2023;15:06:02;00:17:10;250,0;161,9;27,7;30,4;23,7;259,7;56,3;0,0;4,15E-2;-541,2;20,00;23,0;23,1;45,69;6,87;0,020;0,0;0,01;0,049
1032;04.07.2023;15:06:03;00:17:11;250,0;158,9;27,7;30,4;23,6;256,9;56,1;0,0;4,14E-2;-541,2;20,00;23,0;23,0;45,69;6,87;0,017;0,0;0,00;0,049
1033;04.07.2023;15:06:04;00:17:12;250,0;155,8;27,6;30,2;23,6;254,1;55,8;0,0;4,14E-2;-541,2;20,00;23,0;22,9;45,69;6,87;0,014;0,0;0,01;0,049
1034;04.07.2023;15:06:05;00:17:13;250,0;155,8;27,6;30,2;23,6;252,4;55,7;0,0;4,13E-2;-541,2;20,00;23,0;23,0;45,69;6,87;0,019;0,0;0,01;0,052
1035;04.07.2023;15:06:06;00:17:14;250,0;155,8;27,4;30,0;23,6;249,6;55,4;0,0;4,12E-2;-541,2;20,00;23,0;23,0;45,69;6,87;0,021;0,0;0,01;0,049
1036;04.07.2023;15:06:07;00:17:15;250,0;152,8;27,4;30,0;23,6;246,8;55,2;0,0;4,12E-2;-541,2;20,00;23,0;23,0;45,70;6,87;0,017;0,0;0,01;0,049
1037;04.07.2023;15:06:08;00:17:16;250,0;152,8;27,3;29,8;23,6;245,4;55,1;0,0;4,11E-2;-541,2;20,00;23,0;22,9;45,70;6,87;0,016;0,0;0,00;0,049
1038;04.07.2023;15:06:09;00:17:17;250,0;149,8;27,3;29,8;23,6;242,5;54,8;0,0;4,11E-2;-541,2;20,00;22,9;23,0;45,70;6,87;0,015;0,0;0,01;0,049
1039;04.07.2023;15:06:10;00:17:18;250,0;149,8;27,1;29,6;23,6;239,7;54,6;0,0;4,10E-2;-541,2;20,00;22,9;22,9;45,70;6,87;0,011;0,0;0,00;0,049
1040;04.07.2023;15:06:11;00:17:19;250,0;147,0;27,1;29,6;23,6;238,1;54,4;0,0;4,10E-2;-541,2;20,00;22,9;22,9;45,70;6,87;0,009;0,0;0,00;0,049
1041;04.07.2023;15:06:12;00:17:20;250,0;144,3;27,0;29,5;23,6;235,3;54,1;0,0;4,09E-2;-541,2;20,00;22,9;23,0;45,70;6,87;0,011;0,0;0,01;0,049
1042;04.07.2023;15:06:13;00:17:21;250,0;144,3;26,9;29,5;23,6;232,4;53,9;0,0;4,09E-2;-541,2;20,00;22,9;22,9;45,70;6,87;0,008;0,0;0,01;0,050
1043;04.07.2023;15:06:14;00:17:22;250,0;144,3;26,9;29,3;23,6;231,0;53,7;0,0;4,09E-2;-541,2;20,00;22,9;22,8;45,70;6,87;0,009;0,0;0,00;0,049
1044;04.07.2023;15:06:15;00:17:23;250,0;141,6;26,9;29,3;23,6;228,2;53,5;0,0;4,08E-2;-541,2;20,00;22,9;22,9;45,70;6,87;0,014;0,0;0,01;0,049
1045;04.07.2023;15:06:16;00:17:24;250,0;141,6;26,7;29,3;23,6;226,8;53,3;0,0;4,08E-2;-541,2;20,00;22,9;22,8;45,70;6,87;0,012;0,0;0,00;0,049
1046;04.07.2023;15:06:17;00:17:25;250,0;139,1;26,7;29,2;23,6;223,7;53,0;0,0;4,07E-2;-541,2;20,00;22,9;22,9;45,70;6,87;0,015;0,0;0,01;0,049
1047;04.07.2023;15:06:18;00:17:26;250,0;136,6;26,6;29,0;23,6;220,9;52,8;0,0;4,07E-2;-541,2;20,00;22,9;22,8;45,70;6,87;0,008;0,0;0,01;0,049
1048;04.07.2023;15:06:19;00:17:27;250,0;136,6;26,6;29,0;23,5;219,5;52,6;0,0;4,06E-2;-541,2;20,00;22,8;22,8;45,70;6,87;0,008;0,0;0,00;0,049
1049;04.07.2023;15:06:20;00:17:28;250,0;134,1;26,5;28,9;23,5;216,7;52,4;0,0;4,06E-2;-541,2;20,00;22,8;22,9;45,70;6,87;0,008;0,0;0,01;0,049
1050;04.07.2023;15:06:21;00:17:29;250,0;134,1;26,5;28,9;23,5;213,9;52,1;0,0;4,05E-2;-541,2;20,00;22,8;22,8;45,70;6,87;0,005;0,0;0,00;0,049
1051;04.07.2023;15:06:22;00:17:30;250,0;134,0;26,4;28,7;23,4;212,5;51,9;0,0;4,05E-2;-541,2;20,00;22,8;22,8;45,70;6,87;0,003;0,0;0,01;0,049
1052;04.07.2023;15:06:23;00:17:31;250,0;131,3;26,2;28,6;23,4;209,4;51,6;0,0;4,04E-2;-541,2;20,00;22,8;22,7;45,70;6,87;0,004;0,0;0,01;0,049
1053;04.07.2023;15:06:24;00:17:32;250,0;128,8;26,1;28,4;23,4;206,6;51,3;0,0;4,04E-2;-541,2;20,00;22,8;22,8;45,70;6,87;0,007;0,0;0,01;0,049
1054;04.07.2023;15:06:25;00:17:33;250,0;128,8;26,1;28,4;23,4;205,2;51,2;0,0;4,04E-2;-541,2;20,00;22,8;22,7;45,70;6,87;0,007;0,0;0,01;0,049
1055;04.07.2023;15:06:26;00:17:34;250,0;128,8;26,0;28,4;23,4;202,4;50,9;0,0;4,03E-2;-541,2;20,00;22,8;22,7;45,70;6,87;0,007;0,0;0,01;0,049
1056;04.07.2023;15:06:27;00:17:35;250,0;126,2;26,0;28,3;23,4;199,5;50,6;0,0;4,02E-2;-541,2;20,00;22,8;22,8;45,70;6,87;0,005;0,0;0,00;0,049
1057;04.07.2023;15:06:28;00:17:36;250,0;123,7;25,8;28,1;23,4;198,1;50,5;0,0;4,02E-2;-541,2;20,00;22,8;22,8;45,70;6,87;0,007;0,0;0,00;0,049
1058;04.07.2023;15:06:29;00:17:37;250,0;123,7;25,8;28,1;23,4;195,1;50,1;0,0;4,02E-2;-541,2;20,00;22,7;22,7;45,70;6,87;0,005;0,0;0,01;0,049
1059;04.07.2023;15:06:30;00:17:38;250,0;123,7;25,7;28,0;23,4;193,7;50,0;0,0;4,01E-2;-541,2;20,00;22,7;22,7;45,70;6,87;0,005;0,0;0,00;0,053
1060;04.07.2023;15:06:31;00:17:39;250,0;121,5;25,7;28,0;23,3;190,8;49,7;0,0;4,01E-2;-541,2;20,00;22,7;22,8;45,70;6,87;0,007;0,0;0,00;0,049
1061;04.07.2023;15:06:32;00:17:40;250,0;119,3;25,6;27,8;23,3;188,0;49,4;0,0;4,01E-2;-541,2;20,00;22,7;22,7;45,70;6,87;0,006;0,0;0,01;0,049
1062;04.07.2023;15:06:33;00:17:41;250,0;119,3;25,6;27,8;23,3;186,6;49,2;0,0;4,00E-2;-541,2;20,00;22,7;22,6;45,70;6,87;0,004;0,0;0,01;0,051
1063;04.07.2023;15:06:34;00:17:42;250,0;117,1;25,5;27,7;23,3;183,8;48,9;0,0;4,00E-2;-541,2;20,00;22,7;22,7;45,70;6,87;0,004;0,0;0,00;0,049
1064;04.07.2023;15:06:35;00:17:43;250,0;117,1;25,5;27,7;23,3;180,7;48,6;0,0;3,99E-2;-541,2;20,00;22,7;22,7;45,70;6,87;0,004;0,0;0,00;0,049
1065;04.07.2023;15:06:36;00:17:44;250,0;115,0;25,4;27,5;23,3;179,3;48,4;0,0;3,99E-2;-541,2;20,00;22,7;22,7;45,70;6,87;0,004;0,0;0,00;0,053
1066;04.07.2023;15:06:37;00:17:45;250,0;115,0;25,4;27,5;23,3;176,5;48,1;0,0;3,99E-2;-541,2;20,00;22,7;22,7;45,70;6,87;0,005;0,0;0,00;0,049
1067;04.07.2023;15:06:38;00:17:46;250,0;112,8;25,3;27,4;23,3;173,7;47,8;0,0;3,98E-2;-541,2;20,00;22,7;22,7;45,70;6,87;0,002;0,0;0,01;0,049
1068;04.07.2023;15:06:39;00:17:47;250,0;112,8;25,2;27,4;23,3;172,3;47,6;0,0;3,98E-2;-541,2;20,00;22,6;22,7;45,70;6,87;0,005;0,0;0,01;0,050
1069;04.07.2023;15:06:40;00:17:48;250,0;110,8;25,2;27,3;23,3;169,5;47,3;0,0;3,98E-2;-541,2;20,00;22,6;22,7;45,70;6,87;0,006;0,0;0,01;0,049
1070;04.07.2023;15:06:41;00:17:49;250,0;110,8;25,2;27,3;23,3;168,1;47,2;0,0;3,97E-2;-541,2;20,00;22,6;22,7;45,70;6,87;0,004;0,0;0,01;0,049
1071;04.07.2023;15:06:42;00:17:50;250,0;110,9;25,1;27,4;23,4;165,0;46,8;0,0;3,97E-2;-541,2;20,00;22,6;22,6;45,70;6,87;-0,001;0,0;0,00;0,049
1072;04.07.2023;15:06:43;00:17:51;250,1;108,7;25,1;27,2;23,3;162,2;46,5;0,0;3,96E-2;-541,2;20,00;22,6;22,6;45,70;6,87;0,000;0,0;0,00;0,049
1073;04.07.2023;15:06:44;00:17:52;250,0;108,7;25,0;27,1;23,3;160,8;46,3;0,0;3,96E-2;-541,2;20,00;22,6;22,6;45,70;6,87;0,002;0,0;0,01;0,049
1074;04.07.2023;15:06:45;00:17:53;250,0;106,5;25,0;27,1;23,3;157,9;46,0;0,0;3,96E-2;-541,2;20,00;22,6;22,5;45,70;6,87;-0,001;0,0;0,01;0,049
1075;04.07.2023;15:06:46;00:17:54;250,0;106,5;24,9;26,9;23,3;155,1;45,6;0,0;3,95E-2;-541,2;20,00;22,6;22,6;45,70;6,87;0,000;0,0;0,01;0,050
1076;04.07.2023;15:06:47;00:17:55;250,0;104,4;24,9;26,9;23,3;153,7;45,5;0,0;3,95E-2;-541,2;20,00;22,6;22,6;45,70;6,87;0,000;0,0;0,01;0,053
1077;04.07.2023;15:06:48;00:17:56;250,0;102,4;24,8;26,8;23,3;150,7;45,1;0,0;3,94E-2;-541,2;20,00;22,6;22,5;45,70;6,87;0,002;0,0;0,01;0,050
1078;04.07.2023;15:06:49;00:17:57;250,0;102,4;24,8;26,8;23,3;147,8;44,8;0,0;3,94E-2;-541,2;20,00;22,5;22,6;45,70;6,87;-0,001;0,0;0,00;0,051
1079;04.07.2023;15:06:50;00:17:58;250,0;102,4;24,7;26,7;23,3;146,4;44,6;0,0;3,94E-2;-541,2;20,00;22,5;22,6;45,70;6,87;0,002;0,0;0,00;0,049
1080;04.07.2023;15:06:51;00:17:59;250,0;100,5;24,7;26,7;23,3;143,6;44,3;0,0;3,93E-2;-541,2;20,00;22,5;22,5;45,70;6,87;-0,003;0,0;0,00;0,049
1081;04.07.2023;15:06:52;00:18:00;250,0;98,6;24,6;26,5;23,3;140,8;43,9;0,0;3,93E-2;-541,2;20,00;22,5;22,5;45,70;6,87;-0,001;0,0;0,00;0,051
1082;04.07.2023;15:06:53;00:18:01;250,0;98,6;24,6;26,5;23,3;139,4;43,7;0,0;3,93E-2;-541,2;20,00;22,5;22,4;45,70;6,87;-0,001;0,0;0,00;0,049
1083;04.07.2023;15:06:54;00:18:02;250,0;98,6;24,5;26,5;23,3;136,3;43,4;0,0;3,92E-2;-541,2;20,00;22,5;22,5;45,70;6,87;0,004;0,0;0,00;0,049
1084;04.07.2023;15:06:55;00:18:03;250,0;96,8;24,5;26,4;23,2;134,9;43,2;0,0;3,92E-2;-541,2;20,00;22,5;22,5;45,70;6,87;0,002;0,0;0,01;0,049
1085;04.07.2023;15:06:56;00:18:04;250,0;94,9;24,4;26,3;23,2;132,1;42,8;0,0;3,92E-2;-541,2;20,00;22,5;22,6;45,70;6,87;0,007;0,0;0,00;0,049
1086;04.07.2023;15:06:57;00:18:05;250,0;94,9;24,4;26,3;23,2;129,3;42,5;0,0;3,91E-2;-541,2;20,00;22,5;22,4;45,70;6,87;-0,002;0,0;0,01;0,050
1087;04.07.2023;15:06:58;00:18:06;250,0;94,9;24,3;26,2;23,2;127,9;42,3;0,0;3,91E-2;-541,2;20,00;22,5;22,5;45,70;6,87;-0,004;0,0;0,00;0,053
1088;04.07.2023;15:06:59;00:18:07;250,0;93,1;24,3;26,2;23,2;125,0;41,9;0,0;3,91E-2;-541,2;20,00;22,4;22,5;45,70;6,87;-0,001;0,0;0,01;0,049
1089;04.07.2023;15:07:00;00:18:08;250,0;91,4;24,2;26,0;23,2;122,0;41,5;0,0;3,90E-2;-541,2;20,00;22,4;22,4;45,70;6,87;-0,002;0,0;0,00;0,049
1090;04.07.2023;15:07:01;00:18:09;250,0;91,4;24,2;26,0;23,2;120,6;41,4;0,0;3,90E-2;-541,2;20,00;22,4;22,4;45,70;6,87;-0,003;0,0;0,01;0,049
1091;04.07.2023;15:07:02;00:18:10;250,0;91,5;24,3;26,2;23,3;117,8;41,0;0,0;3,90E-2;-541,2;20,00;22,4;22,4;45,70;6,87;0,001;0,0;0,01;0,051
1092;04.07.2023;15:07:03;00:18:11;250,0;89,7;24,2;26,0;23,3;114,9;40,6;0,0;3,89E-2;-541,2;20,00;22,4;22,5;45,70;6,87;0,002;0,0;0,00;0,053
1093;04.07.2023;15:07:04;00:18:12;250,0;89,7;24,1;25,9;23,3;113,5;40,4;0,0;3,89E-2;-541,2;20,00;22,4;22,5;45,70;6,87;0,005;0,0;0,01;0,049
1094;04.07.2023;15:07:05;00:18:13;250,0;87,9;24,1;25,9;23,3;110,7;40,1;0,0;3,89E-2;-541,2;20,00;22,4;22,5;45,70;6,87;0,004;0,0;0,00;0,049
1095;04.07.2023;15:07:06;00:18:14;250,0;86,2;24,0;25,8;23,3;107,7;39,7;0,0;3,88E-2;-541,2;20,00;22,4;22,4;45,70;6,87;0,003;0,0;0,01;0,049
1096;04.07.2023;15:07:07;00:18:15;250,0;86,2;24,0;25,8;23,3;106,2;39,5;0,0;3,88E-2;-541,2;20,00;22,4;22,3;45,70;6,87;0,000;0,0;0,01;0,049
1097;04.07.2023;15:07:08;00:18:16;250,0;84,5;23,9;25,6;23,3;103,4;39,1;0,0;3,87E-2;-541,2;20,00;22,4;22,3;45,70;6,87;-0,004;0,0;0,00;0,053
1098;04.07.2023;15:07:09;00:18:17;250,0;84,5;23,9;25,6;23,3;102,0;38,9;0,0;3,87E-2;-541,2;20,00;22,3;22,3;45,70;6,87;0,001;0,0;0,01;0,052
1099;04.07.2023;15:07:10;00:18:18;250,0;84,5;23,8;25,6;23,3;99,2;38,5;0,0;3,87E-2;-541,2;20,00;22,3;22,4;45,70;6,87;0,002;0,0;0,00;0,050
1100;04.07.2023;15:07:11;00:18:19;250,0;82,9;23,8;25,5;23,3;96,4;38,1;0,0;3,87E-2;-541,2;20,00;22,3;22,3;45,70;6,87;0,003;0,0;0,01;0,049
1101;04.07.2023;15:07:12;00:18:20;250,0;82,9;23,7;25,5;23,3;95,0;37,9;0,0;3,86E-2;-541,2;20,00;22,3;22,3;45,70;6,87;-0,001;0,0;0,01;0,051
1102;04.07.2023;15:07:13;00:18:21;250,0;81,4;23,7;25,4;23,2;91,9;37,5;0,0;3,86E-2;-541,2;20,00;22,3;22,2;45,70;6,87;0,001;0,0;0,01;0,049
1103;04.07.2023;15:07:14;00:18:22;250,0;81,4;23,6;25,3;23,2;89,1;37,1;0,0;3,85E-2;-541,2;20,00;22,3;22,3;45,70;6,87;0,004;0,0;0,01;0,049
1104;04.07.2023;15:07:15;00:18:23;250,0;80,0;23,6;25,3;23,2;87,7;36,9;0,0;3,85E-2;-541,2;20,00;22,3;22,3;45,70;6,87;0,003;0,0;0,01;0,051
1105;04.07.2023;15:07:16;00:18:24;250,0;78,5;23,5;25,2;23,2;84,9;36,5;0,0;3,85E-2;-541,2;20,00;22,3;22,3;45,70;6,87;0,002;0,0;0,00;0,049
1106;04.07.2023;15:07:17;00:18:25;250,0;78,5;23,5;25,2;23,2;82,0;36,1;0,0;3,84E-2;-541,2;20,00;22,3;22,2;45,70;6,87;-0,001;0,0;0,00;0,051
1107;04.07.2023;15:07:18;00:18:26;250,0;78,5;23,4;25,1;23,2;80,6;35,9;0,0;3,84E-2;-541,2;20,00;22,3;22,2;45,70;6,87;-0,007;0,0;0,01;0,051
1108;04.07.2023;15:07:19;00:18:27;250,0;77,1;23,4;25,1;23,2;77,6;35,5;0,0;3,83E-2;-541,2;20,00;22,2;22,3;45,70;6,87;0,000;0,0;0,00;0,051
1109;04.07.2023;15:07:20;00:18:28;250,0;75,7;23,3;25,0;23,2;74,8;35,1;0,0;3,83E-2;-541,2;20,00;22,2;22,3;45,70;6,87;0,004;0,0;0,01;0,054
1110;04.07.2023;15:07:21;00:18:29;250,0;75,7;23,3;25,0;23,2;73,3;34,9;0,0;3,83E-2;-541,2;20,00;22,2;22,3;45,70;6,88;0,005;0,0;0,01;0,049
1111;04.07.2023;15:07:22;00:18:30;250,0;75,6;23,2;25,0;23,1;70,5;34,5;0,0;3,82E-2;-541,2;20,00;22,2;22,2;45,70;6,88;0,000;0,0;0,01;0,049
1112;04.07.2023;15:07:23;00:18:31;250,0;74,2;23,2;24,8;23,1;69,1;34,3;0,0;3,82E-2;-541,2;20,00;22,2;22,2;45,70;6,87;0,003;0,0;0,01;0,049
1113;04.07.2023;15:07:24;00:18:32;250,0;72,7;23,1;24,7;23,1;66,3;33,9;0,0;3,82E-2;-541,2;20,00;22,2;22,1;45,70;6,87;-0,003;0,0;0,00;0,053
1114;04.07.2023;15:07:25;00:18:33;250,0;72,7;23,1;24,7;23,1;63,2;33,4;0,0;3,81E-2;-541,2;20,00;22,2;22,1;45,70;6,87;-0,006;0,0;0,01;0,051
1115;04.07.2023;15:07:26;00:18:34;250,0;72,7;23,1;24,7;23,1;61,8;33,2;0,0;3,81E-2;-541,2;20,00;22,2;22,2;45,70;6,87;0,001;0,0;0,01;0,049
1116;04.07.2023;15:07:27;00:18:35;250,0;71,3;23,0;24,6;23,1;59,0;32,8;0,0;3,81E-2;-541,2;20,00;22,2;22,2;45,70;6,87;-0,001;0,0;0,00;0,049
1117;04.07.2023;15:07:28;00:18:36;250,0;70,0;22,9;24,5;23,1;56,2;32,4;0,0;3,80E-2;-541,2;20,00;22,2;22,1;45,70;6,87;-0,003;0,0;0,01;0,049
1118;04.07.2023;15:07:29;00:18:37;250,0;70,0;22,9;24,5;23,1;54,8;32,1;0,0;3,80E-2;-541,2;20,00;22,1;22,1;45,70;6,87;-0,005;0,0;0,01;0,050
1119;04.07.2023;15:07:30;00:18:38;250,0;70,0;22,8;24,5;23,1;52,0;31,7;0,0;3,80E-2;-541,2;20,00;22,1;22,1;45,70;6,87;-0,004;0,0;0,01;0,053
1120;04.07.2023;15:07:31;00:18:39;250,0;68,7;22,8;24,4;23,1;48,9;31,3;0,0;3,80E-2;-541,2;20,00;22,1;22,1;45,70;6,87;-0,005;0,0;0,01;0,050
1121;04.07.2023;15:07:32;00:18:40;250,0;67,5;22,8;24,4;23,1;47,5;31,0;0,0;3,79E-2;-541,2;20,00;22,1;22,1;45,70;6,87;-0,003;0,0;0,01;0,049
1122;04.07.2023;15:07:33;00:18:41;250,0;67,5;22,8;24,4;23,1;44,7;30,6;0,0;3,79E-2;-541,2;20,00;22,1;22,2;45,70;6,87;0,003;0,0;0,00;0,050
1123;04.07.2023;15:07:34;00:18:42;250,0;67,5;22,7;24,3;23,1;43,3;30,4;0,0;3,79E-2;-541,2;20,00;22,1;22,1;45,70;6,87;0,000;0,0;0,01;0,049
1124;04.07.2023;15:07:35;00:18:43;250,0;66,3;22,7;24,3;23,1;40,4;30,0;0,0;3,78E-2;-541,2;20,00;22,1;22,1;45,70;6,87;-0,002;0,0;0,00;0,050
1125;04.07.2023;15:07:36;00:18:44;250,0;65,2;22,6;24,2;23,1;37,6;29,5;0,0;3,78E-2;-541,2;20,00;22,1;22,2;45,70;6,87;0,002;0,0;0,00;0,049
1126;04.07.2023;15:07:37;00:18:45;250,0;65,2;22,6;24,2;23,1;36,0;29,3;0,0;3,77E-2;-541,2;20,00;22,1;22,1;45,70;6,87;-0,003;0,0;0,01;0,050
1127;04.07.2023;15:07:38;00:18:46;250,0;64,0;22,5;24,1;23,1;33,2;28,8;0,0;3,77E-2;-541,2;20,00;22,1;22,0;45,70;6,87;-0,006;0,0;0,00;0,050
1128;04.07.2023;15:07:39;00:18:47;250,0;64,0;22,5;24,1;23,0;30,3;28,4;0,0;3,77E-2;-541,2;20,00;22,0;22,1;45,70;6,87;-0,003;0,0;0,01;0,050
1129;04.07.2023;15:07:40;00:18:48;250,0;64,0;22,5;24,0;23,0;28,9;28,2;0,0;3,77E-2;-541,2;20,00;22,0;22,0;45,70;6,87;-0,004;0,0;0,01;0,049
1130;04.07.2023;15:07:41;00:18:49;250,0;62,9;22,5;24,0;23,0;26,1;27,7;0,0;3,77E-2;-541,2;20,00;22,0;22,1;45,70;6,87;-0,001;0,0;0,00;0,051
1131;04.07.2023;15:07:42;00:18:50;250,0;62,8;22,3;23,8;23,0;23,3;27,3;0,0;3,76E-2;-541,2;20,00;22,0;22,0;45,70;6,87;-0,005;0,0;0,01;0,049
1132;04.07.2023;15:07:43;00:18:51;250,0;61,6;22,3;23,8;23,0;21,6;27,0;0,0;3,76E-2;-541,2;20,00;22,0;22,1;45,70;6,87;-0,001;0,0;0,00;0,051
1133;04.07.2023;15:07:44;00:18:52;250,0;61,6;22,3;23,8;23,0;20,0;0,0;0,0;3,76E-2;-541,2;20,00;3,0;20,1;44,63;5,98;-0,005;0,0;0,00;0,054
