Nr.;Datum;Zeit;P.Zeit;AV Pyro top;AV Control TC;AV Piston TC Top;AV Piston TC Bot;AV Transformer T;SV Temperature  ;AV CZ Output;AV abs. pressure;Vacuum;AV rel. pressure;SV Rel. Pressure;SV Force        ;AV Force;AV Abs. Piston T;AV Rel. Piston T;AV Speed;Power;U RMS;I RMS
;;;;°C;°C;°C;°C;°C;°C    ;%;mbar(a;mbar(a;mbar(g;mbar(g;kN    ;kN;mm;mm;mm/min;kW;V;kA
1;08.08.2023;14:15:46;00:00:00;250,0;20,7;19,3;18,8;21,1;20,0;0,0;1000,3;1,00E3;-4,9;20,00;3,0;3,0;40,51;0,38;-0,003;0,0;0,00;0,049
2;08.08.2023;14:15:47;00:00:01;250,0;20,7;19,3;18,8;21,1;20,0;0,0;1000,3;1,00E3;-4,9;20,00;3,0;3,0;40,51;0,38;-0,002;0,0;0,00;0,049
3;08.08.2023;14:15:48;00:00:02;250,0;20,6;19,3;18,8;21,1;20,0;0,0;1000,3;1,00E3;-4,9;20,00;3,0;3,0;40,51;0,38;0,000;0,0;0,01;0,049
4;08.08.2023;14:15:49;00:00:03;250,0;20,6;19,3;18,8;21,1;20,0;0,0;1000,3;1,00E3;-4,9;20,00;3,0;3,0;40,51;0,38;-0,004;0,0;0,00;0,049
5;08.08.2023;14:15:50;00:00:04;250,0;20,6;19,3;18,8;21,1;20,0;0,0;1000,3;1,00E3;-4,9;20,00;3,0;3,0;40,51;0,38;-0,007;0,0;0,00;0,049
6;08.08.2023;14:15:51;00:00:05;250,0;20,6;19,3;18,8;21,1;20,0;0,0;1000,3;1,00E3;-4,9;20,00;3,0;3,0;40,51;0,38;0,001;0,0;0,00;0,049
7;08.08.2023;14:15:52;00:00:06;250,0;20,5;19,3;18,8;21,1;20,0;0,0;1000,3;1,00E3;-4,9;20,00;3,0;3,0;40,51;0,38;-0,001;0,0;0,01;0,049
8;08.08.2023;14:15:53;00:00:07;250,0;20,4;19,3;18,8;21,1;20,0;0,0;1000,3;1,00E3;-5,0;20,00;3,0;3,0;40,51;0,38;0,000;0,0;0,00;0,049
9;08.08.2023;14:15:54;00:00:08;250,0;20,4;19,3;18,8;21,1;20,0;0,0;976,3;9,76E2;-25,3;20,00;3,0;3,0;40,51;0,38;0,001;0,0;0,00;0,049
10;08.08.2023;14:15:55;00:00:09;250,0;20,3;19,2;18,7;21,0;20,0;0,0;922,0;9,22E2;-82,3;20,00;3,0;3,0;40,51;0,38;-0,002;0,0;0,00;0,049
11;08.08.2023;14:15:56;00:00:10;250,0;20,3;19,2;18,7;21,0;20,0;0,0;897,9;8,98E2;-104,9;20,00;3,0;3,0;40,51;0,38;-0,001;0,0;0,00;0,049
12;08.08.2023;14:15:57;00:00:11;250,0;20,3;19,2;18,6;21,0;20,0;0,0;854,1;8,54E2;-147,1;20,00;3,0;3,0;40,51;0,38;0,000;0,0;0,01;0,049
13;08.08.2023;14:15:58;00:00:12;250,0;20,2;19,2;18,6;21,0;20,0;0,0;814,2;8,14E2;-188,4;20,00;3,0;3,0;40,51;0,38;0,002;0,0;0,00;0,049
14;08.08.2023;14:15:59;00:00:13;250,0;20,2;19,2;18,6;21,0;20,0;0,0;796,3;7,96E2;-205,8;20,00;3,0;3,0;40,51;0,38;0,003;0,0;0,01;0,049
15;08.08.2023;14:16:00;00:00:14;250,0;20,1;19,2;18,6;21,0;20,0;0,0;762,9;7,63E2;-240,7;20,00;3,0;3,0;40,51;0,38;0,003;0,0;0,01;0,049
16;08.08.2023;14:16:01;00:00:15;250,0;20,1;19,2;18,4;21,0;20,0;0,0;746,4;7,46E2;-255,8;20,00;3,0;3,0;40,51;0,38;0,003;0,0;0,00;0,049
17;08.08.2023;14:16:02;00:00:16;250,0;20,1;19,2;18,4;21,0;20,0;0,0;714,3;7,14E2;-289,6;20,00;3,0;3,0;40,51;0,38;0,009;0,0;0,00;0,049
18;08.08.2023;14:16:03;00:00:17;250,0;20,0;19,2;18,2;21,0;20,0;0,0;684,8;6,85E2;-319,2;20,00;3,0;3,0;40,51;0,38;0,019;0,0;0,01;0,049
19;08.08.2023;14:16:04;00:00:18;250,0;20,0;19,2;18,2;21,0;20,0;0,0;671,8;6,72E2;-332,3;20,00;3,0;3,0;40,51;0,38;0,025;0,0;0,01;0,049
20;08.08.2023;14:16:05;00:00:19;250,0;19,9;19,2;17,9;21,0;20,0;0,0;644,3;6,44E2;-359,6;20,00;3,0;3,0;40,51;0,38;0,033;0,0;0,01;0,049
21;08.08.2023;14:16:06;00:00:20;250,0;19,9;19,2;17,9;21,0;20,0;0,0;619,5;6,19E2;-383,7;20,00;3,0;3,0;40,51;0,38;0,039;0,0;0,01;0,049
22;08.08.2023;14:16:07;00:00:21;250,0;19,9;19,2;17,5;21,0;20,0;0,0;607,5;6,08E2;-397,1;20,00;3,0;3,0;40,51;0,39;0,044;0,0;0,01;0,049
23;08.08.2023;14:16:08;00:00:22;250,0;19,9;19,2;17,5;21,0;20,0;0,0;582,0;5,82E2;-421,4;20,00;3,0;3,0;40,51;0,39;0,050;0,0;0,00;0,049
24;08.08.2023;14:16:09;00:00:23;250,0;19,8;19,2;17,0;21,0;20,0;0,0;559,6;5,60E2;-444,6;20,00;3,0;3,0;40,51;0,39;0,048;0,0;0,00;0,049
25;08.08.2023;14:16:10;00:00:24;250,0;19,8;19,2;17,0;21,0;20,0;0,0;548,1;5,48E2;-455,0;20,00;3,0;3,0;40,52;0,39;0,052;0,0;0,01;0,049
26;08.08.2023;14:16:11;00:00:25;250,0;19,8;19,2;16,5;21,0;20,0;0,0;526,4;5,26E2;-476,8;20,00;3,0;3,0;40,52;0,39;0,062;0,0;0,00;0,049
27;08.08.2023;14:16:12;00:00:26;250,0;19,7;19,2;16,5;21,0;20,0;0,0;515,9;5,16E2;-486,5;20,00;3,0;3,0;40,52;0,39;0,061;0,0;0,01;0,049
28;08.08.2023;14:16:13;00:00:27;250,0;19,7;19,2;16,0;21,0;20,0;0,0;495,0;4,95E2;-508,5;20,00;3,0;3,0;40,52;0,39;0,055;0,0;0,01;0,049
29;08.08.2023;14:16:14;00:00:28;250,0;19,7;19,1;16,0;21,0;20,0;0,0;476,0;4,76E2;-526,6;20,00;3,0;3,0;40,52;0,39;0,056;0,0;0,01;0,049
30;08.08.2023;14:16:15;00:00:29;250,0;19,5;19,1;15,8;20,9;20,0;0,0;466,9;4,67E2;-536,8;20,00;3,0;3,0;40,52;0,39;0,059;0,0;0,01;0,049
31;08.08.2023;14:16:16;00:00:30;250,0;19,5;19,1;15,3;20,9;20,0;0,0;449,3;4,49E2;-541,2;20,00;3,0;3,0;40,52;0,39;0,059;0,0;0,01;0,049
32;08.08.2023;14:16:17;00:00:31;250,0;19,5;19,0;15,3;20,9;20,0;0,0;431,9;4,32E2;-541,2;20,00;3,0;3,0;40,52;0,39;0,054;0,0;0,01;0,049
33;08.08.2023;14:16:18;00:00:32;250,0;19,4;19,0;14,7;20,9;20,0;0,0;423,6;4,24E2;-541,2;20,00;3,0;3,0;40,52;0,39;0,053;0,0;0,00;0,049
34;08.08.2023;14:16:19;00:00:33;250,0;19,4;19,0;14,7;20,9;20,0;0,0;405,8;4,06E2;-541,2;20,00;3,0;3,0;40,52;0,40;0,058;0,0;0,00;0,049
35;08.08.2023;14:16:20;00:00:34;250,0;19,3;19,0;14,2;20,9;20,0;0,0;390,2;3,90E2;-541,2;20,00;3,0;3,0;40,53;0,40;0,061;0,0;0,00;0,049
36;08.08.2023;14:16:21;00:00:35;250,0;19,3;19,0;13,7;20,9;20,0;0,0;382,7;3,83E2;-541,2;20,00;3,0;3,0;40,53;0,40;0,060;0,0;0,00;0,049
37;08.08.2023;14:16:22;00:00:36;250,0;19,2;19,0;13,7;20,9;20,0;0,0;367,8;3,68E2;-541,2;20,00;3,0;2,9;40,53;0,40;0,058;0,0;0,01;0,049
38;08.08.2023;14:16:23;00:00:37;250,0;19,2;19,0;13,3;20,9;20,0;0,0;353,1;3,53E2;-541,2;20,00;3,0;3,0;40,53;0,40;0,065;0,0;0,00;0,049
39;08.08.2023;14:16:24;00:00:38;250,0;19,2;19,0;13,3;20,9;20,0;0,0;346,8;3,47E2;-541,2;20,00;3,0;3,0;40,53;0,40;0,063;0,0;0,00;0,049
40;08.08.2023;14:16:25;00:00:39;250,0;19,1;19,0;12,9;20,9;20,0;0,0;332,6;3,33E2;-541,2;20,00;3,0;3,0;40,53;0,40;0,058;0,0;0,01;0,049
41;08.08.2023;14:16:26;00:00:40;250,0;19,1;19,0;12,9;20,9;20,0;0,0;326,0;3,26E2;-541,2;20,00;3,0;3,0;40,53;0,40;0,059;0,0;0,00;0,049
42;08.08.2023;14:16:27;00:00:41;250,0;19,1;19,0;12,9;20,9;20,0;0,0;313,7;3,14E2;-541,2;20,00;3,0;3,0;40,53;0,41;0,065;0,0;0,01;0,049
43;08.08.2023;14:16:28;00:00:42;250,0;19,1;19,0;12,6;20,9;20,0;0,0;301,6;3,02E2;-541,2;20,00;3,0;3,0;40,53;0,41;0,064;0,0;0,01;0,049
44;08.08.2023;14:16:29;00:00:43;250,0;19,1;19,0;12,3;20,9;20,0;0,0;295,8;2,96E2;-541,2;20,00;3,0;3,0;40,53;0,41;0,063;0,0;0,00;0,049
45;08.08.2023;14:16:30;00:00:44;250,0;19,1;19,0;12,3;20,9;20,0;0,0;284,3;2,84E2;-541,2;20,00;3,0;3,0;40,53;0,41;0,060;0,0;0,01;0,049
46;08.08.2023;14:16:31;00:00:45;250,0;19,0;19,0;12,0;20,9;20,0;0,0;272,4;2,72E2;-541,2;20,00;3,0;3,0;40,54;0,41;0,060;0,0;0,01;0,049
47;08.08.2023;14:16:32;00:00:46;250,0;19,0;19,0;12,0;20,9;20,0;0,0;267,3;2,67E2;-541,2;20,00;3,0;3,0;40,54;0,41;0,067;0,0;0,01;0,049
48;08.08.2023;14:16:33;00:00:47;250,0;19,0;19,0;11,8;20,9;20,0;0,0;257,0;2,57E2;-541,2;20,00;3,0;3,0;40,54;0,41;0,066;0,0;0,01;0,049
49;08.08.2023;14:16:34;00:00:48;250,0;19,0;18,8;11,8;20,9;20,0;0,0;247,2;2,47E2;-541,2;20,00;3,0;3,0;40,54;0,41;0,066;0,0;0,01;0,049
50;08.08.2023;14:16:35;00:00:49;250,0;18,8;18,8;11,6;20,8;20,0;0,0;242,3;2,42E2;-541,2;20,00;3,0;3,0;40,54;0,41;0,063;0,0;0,00;0,049
51;08.08.2023;14:16:36;00:00:50;250,0;18,7;18,8;11,4;20,8;20,0;0,0;233,2;2,33E2;-541,2;20,00;3,0;3,0;40,54;0,41;0,060;0,0;0,01;0,049
52;08.08.2023;14:16:37;00:00:51;250,0;18,7;18,8;11,3;20,8;20,0;0,0;223,5;2,24E2;-541,2;20,00;3,0;3,0;40,54;0,42;0,060;0,0;0,01;0,049
53;08.08.2023;14:16:38;00:00:52;250,0;18,7;18,8;11,3;20,8;20,0;0,0;219,3;2,19E2;-541,2;20,00;3,0;3,0;40,54;0,42;0,061;0,0;0,01;0,049
54;08.08.2023;14:16:39;00:00:53;250,0;18,7;18,8;11,2;20,8;20,0;0,0;210,8;2,11E2;-541,2;20,00;3,0;3,0;40,54;0,42;0,063;0,0;0,01;0,049
55;08.08.2023;14:16:40;00:00:54;250,0;18,7;18,8;11,2;20,8;20,0;0,0;206,7;2,07E2;-541,2;20,00;3,0;3,0;40,54;0,42;0,064;0,0;0,00;0,049
56;08.08.2023;14:16:41;00:00:55;250,0;18,7;18,8;11,2;20,8;20,0;0,0;198,9;1,99E2;-541,2;20,00;3,0;3,0;40,55;0,42;0,060;0,0;0,00;0,049
57;08.08.2023;14:16:42;00:00:56;250,0;18,6;18,8;11,2;20,8;20,0;0,0;191,4;1,91E2;-541,2;20,00;3,0;3,0;40,55;0,42;0,062;0,0;0,01;0,049
58;08.08.2023;14:16:43;00:00:57;250,0;18,6;18,8;11,2;20,8;20,0;0,0;187,7;1,88E2;-541,2;20,00;3,0;3,0;40,55;0,42;0,058;0,0;0,01;0,049
59;08.08.2023;14:16:44;00:00:58;250,0;18,6;18,8;11,1;20,8;20,0;0,0;179,9;1,80E2;-541,2;20,00;3,0;3,0;40,55;0,42;0,056;0,0;0,00;0,049
60;08.08.2023;14:16:45;00:00:59;250,0;18,6;18,8;11,1;20,8;20,0;0,0;173,2;1,73E2;-541,2;20,00;3,0;3,0;40,55;0,42;0,052;0,0;0,01;0,049
61;08.08.2023;14:16:46;00:01:00;250,0;18,6;18,8;11,1;20,8;20,0;0,0;170,1;1,70E2;-541,2;20,00;3,0;3,0;40,55;0,42;0,051;0,0;0,00;0,049
62;08.08.2023;14:16:47;00:01:01;250,0;18,6;18,8;11,1;20,8;20,0;0,0;155,5;1,55E2;-541,2;20,00;3,0;3,0;40,55;0,42;0,053;0,0;0,01;0,049
63;08.08.2023;14:16:48;00:01:02;250,0;18,6;18,8;11,1;20,8;20,0;0,0;143,0;1,43E2;-541,2;20,00;3,0;3,0;40,55;0,43;0,065;0,0;0,00;0,049
64;08.08.2023;14:16:49;00:01:03;250,0;18,5;18,8;11,1;20,8;20,0;0,0;137,4;1,37E2;-541,2;20,00;3,0;3,0;40,55;0,43;0,065;0,0;0,01;0,049
65;08.08.2023;14:16:50;00:01:04;250,0;18,5;18,8;11,1;20,8;20,0;0,0;126,5;1,27E2;-541,2;20,00;3,0;3,0;40,56;0,43;0,074;0,0;0,00;0,049
66;08.08.2023;14:16:51;00:01:05;250,0;18,5;18,8;11,2;20,8;20,0;0,0;121,8;1,22E2;-541,2;20,00;3,0;3,0;40,56;0,43;0,073;0,0;0,00;0,049
67;08.08.2023;14:16:52;00:01:06;250,0;18,5;18,8;11,2;20,8;20,0;0,0;112,9;1,13E2;-541,2;20,00;3,0;3,0;40,56;0,43;0,071;0,0;0,01;0,049
68;08.08.2023;14:16:53;00:01:07;250,0;18,5;18,8;11,2;20,8;20,0;0,0;105,0;1,05E2;-541,2;20,00;3,0;3,0;40,56;0,43;0,077;0,0;0,00;0,049
69;08.08.2023;14:16:54;00:01:08;250,0;18,5;18,8;11,2;20,8;20,0;0,0;101,0;1,01E2;-541,2;20,00;3,0;3,0;40,56;0,43;0,074;0,0;0,00;0,049
70;08.08.2023;14:16:55;00:01:09;250,0;18,5;18,8;11,2;20,8;20,0;0,0;93,8;9,38E1;-541,2;20,00;3,0;3,0;40,56;0,44;0,080;0,0;0,00;0,049
71;08.08.2023;14:16:56;00:01:10;250,0;18,5;18,8;11,2;20,8;20,0;0,0;86,5;8,65E1;-541,2;20,00;3,0;3,0;40,56;0,44;0,075;0,0;0,00;0,049
72;08.08.2023;14:16:57;00:01:11;250,0;18,5;18,8;11,2;20,8;20,0;0,0;83,5;8,35E1;-541,2;20,00;3,0;3,0;40,56;0,44;0,076;0,0;0,01;0,049
73;08.08.2023;14:16:58;00:01:12;250,0;18,4;18,8;11,2;20,8;20,0;0,0;77,7;7,77E1;-541,2;20,00;3,0;3,0;40,57;0,44;0,075;0,0;0,00;0,049
74;08.08.2023;14:16:59;00:01:13;250,0;18,4;18,8;11,2;20,8;20,0;0,0;72,3;7,23E1;-541,2;20,00;3,0;3,0;40,57;0,44;0,080;0,0;0,00;0,049
75;08.08.2023;14:17:00;00:01:14;250,0;18,4;18,8;11,2;20,8;20,0;0,0;69,5;6,95E1;-541,2;20,00;3,0;3,0;40,57;0,44;0,075;0,0;0,01;0,049
76;08.08.2023;14:17:01;00:01:15;250,0;18,4;18,8;11,2;20,8;20,0;0,0;64,2;6,42E1;-541,2;20,00;3,0;3,0;40,57;0,44;0,076;0,0;0,01;0,049
77;08.08.2023;14:17:02;00:01:16;250,0;18,4;18,8;11,2;20,8;20,0;0,0;59,2;5,92E1;-541,2;20,00;3,0;3,0;40,57;0,44;0,069;0,0;0,00;0,049
78;08.08.2023;14:17:03;00:01:17;250,0;18,4;18,8;11,2;20,8;20,0;0,0;56,7;5,67E1;-541,2;20,00;3,0;3,0;40,57;0,44;0,071;0,0;0,01;0,049
79;08.08.2023;14:17:04;00:01:18;250,0;18,4;18,8;11,2;20,8;20,0;0,0;52,8;5,28E1;-541,2;20,00;3,0;3,0;40,57;0,45;0,073;0,0;0,00;0,049
80;08.08.2023;14:17:05;00:01:19;250,0;18,4;18,8;11,3;20,8;20,0;0,0;50,8;5,08E1;-541,2;20,00;3,0;3,0;40,57;0,45;0,071;0,0;0,00;0,049
81;08.08.2023;14:17:06;00:01:20;250,0;18,4;18,8;11,3;20,8;20,0;0,0;47,1;4,71E1;-541,2;20,00;3,0;3,0;40,58;0,45;0,068;0,0;0,00;0,049
82;08.08.2023;14:17:07;00:01:21;250,0;18,4;18,8;11,4;20,8;20,0;0,0;43,7;4,37E1;-541,2;20,00;3,0;3,0;40,58;0,45;0,068;0,0;0,01;0,049
83;08.08.2023;14:17:08;00:01:22;250,0;18,4;18,8;11,4;20,8;20,0;0,0;41,8;4,18E1;-541,2;20,00;3,0;3,0;40,58;0,45;0,069;0,0;0,00;0,049
84;08.08.2023;14:17:09;00:01:23;250,0;18,3;18,8;11,4;20,8;20,0;0,0;38,8;3,88E1;-541,2;20,00;3,0;3,0;40,58;0,45;0,066;0,0;0,01;0,049
85;08.08.2023;14:17:10;00:01:24;250,0;18,3;18,8;11,4;20,9;20,0;0,0;35,9;3,59E1;-541,2;20,00;3,0;3,0;40,58;0,45;0,061;0,0;0,00;0,049
86;08.08.2023;14:17:11;00:01:25;250,0;18,3;18,8;11,4;20,9;20,0;0,0;34,7;3,47E1;-541,2;20,00;3,0;3,0;40,58;0,45;0,059;0,0;0,00;0,049
87;08.08.2023;14:17:12;00:01:26;250,0;18,3;18,8;11,5;20,9;20,0;0,0;32,2;3,22E1;-541,2;20,00;3,0;3,0;40,58;0,45;0,053;0,0;0,01;0,049
88;08.08.2023;14:17:13;00:01:27;250,0;18,3;18,8;11,6;20,9;20,0;0,0;29,6;2,96E1;-541,2;20,00;3,0;3,0;40,58;0,45;0,050;0,0;0,00;0,049
89;08.08.2023;14:17:14;00:01:28;250,0;18,3;18,8;11,6;20,9;20,0;0,0;28,3;2,83E1;-541,2;20,00;3,0;3,0;40,58;0,46;0,051;0,0;0,01;0,049
90;08.08.2023;14:17:15;00:01:29;250,0;18,2;18,7;11,6;20,8;20,0;0,0;26,6;2,66E1;-541,2;20,00;3,0;3,0;40,58;0,46;0,052;0,0;0,01;0,049
91;08.08.2023;14:17:16;00:01:30;250,0;18,2;18,7;11,6;20,8;20,0;0,0;25,7;2,57E1;-541,2;20,00;3,0;3,0;40,58;0,46;0,050;0,0;0,01;0,049
92;08.08.2023;14:17:17;00:01:31;250,0;18,2;18,7;11,6;20,8;20,0;0,0;23,6;2,36E1;-541,2;20,00;3,0;3,0;40,59;0,46;0,049;0,0;0,01;0,049
93;08.08.2023;14:17:18;00:01:32;250,0;18,2;18,7;11,8;20,8;20,0;0,0;21,9;2,19E1;-541,2;20,00;3,0;3,0;40,59;0,46;0,044;0,0;0,00;0,049
94;08.08.2023;14:17:19;00:01:33;250,0;18,2;18,7;11,8;20,8;20,0;0,0;20,9;2,09E1;-541,2;20,00;3,0;3,0;40,59;0,46;0,042;0,0;0,00;0,049
95;08.08.2023;14:17:20;00:01:34;250,0;18,2;18,7;11,9;20,8;20,0;0,0;19,4;1,94E1;-541,2;20,00;3,0;3,0;40,59;0,46;0,041;0,0;0,00;0,049
96;08.08.2023;14:17:21;00:01:35;250,0;18,2;18,7;12,0;20,8;20,0;0,0;17,8;1,78E1;-541,2;20,00;3,0;3,1;40,59;0,46;0,039;0,0;0,01;0,049
97;08.08.2023;14:17:22;00:01:36;250,0;18,2;18,7;12,0;20,8;20,0;0,0;17,3;1,73E1;-541,2;20,00;3,0;3,0;40,59;0,46;0,039;0,0;0,01;0,049
98;08.08.2023;14:17:23;00:01:37;250,0;18,2;18,7;12,0;20,8;20,0;0,0;15,9;1,59E1;-541,2;20,00;3,0;3,0;40,59;0,46;0,037;0,0;0,01;0,049
99;08.08.2023;14:17:24;00:01:38;250,0;18,2;18,7;12,1;20,8;20,0;0,0;15,0;1,50E1;-541,2;20,00;3,0;3,0;40,59;0,46;0,036;0,0;0,00;0,049
100;08.08.2023;14:17:25;00:01:39;250,0;18,2;18,8;12,3;20,8;20,0;0,0;14,2;1,42E1;-541,2;20,00;3,0;3,0;40,59;0,46;0,037;0,0;0,01;0,049
101;08.08.2023;14:17:26;00:01:40;250,0;18,2;18,8;12,3;20,8;20,0;0,0;13,0;1,30E1;-541,2;20,00;3,0;3,0;40,59;0,46;0,033;0,0;0,00;0,049
102;08.08.2023;14:17:27;00:01:41;250,0;18,1;18,8;12,4;20,8;20,0;0,0;12,3;1,23E1;-541,2;20,00;3,0;3,0;40,59;0,46;0,033;0,0;0,00;0,049
103;08.08.2023;14:17:28;00:01:42;250,0;18,1;18,8;12,4;20,8;20,0;0,0;11,9;1,19E1;-541,2;20,00;3,0;3,0;40,59;0,46;0,031;0,0;0,00;0,049
104;08.08.2023;14:17:29;00:01:43;250,0;18,1;18,8;12,5;20,8;20,0;0,0;11,0;1,10E1;-541,2;20,00;3,0;3,0;40,59;0,46;0,032;0,0;0,01;0,049
105;08.08.2023;14:17:30;00:01:44;250,0;18,1;18,8;12,5;20,8;20,0;0,0;10,6;1,06E1;-541,2;20,00;3,0;3,0;40,59;0,46;0,031;0,0;0,00;0,049
106;08.08.2023;14:17:31;00:01:45;250,0;18,1;18,8;12,7;20,8;20,0;0,0;9,3;9,34E0;-541,2;20,00;3,0;3,0;40,59;0,46;0,028;0,0;0,01;0,049
107;08.08.2023;14:17:32;00:01:46;250,0;18,1;18,8;12,7;20,8;20,0;0,0;8,7;8,68E0;-541,2;20,00;3,0;3,0;40,59;0,46;0,022;0,0;0,01;0,049
108;08.08.2023;14:17:33;00:01:47;250,0;18,1;18,8;12,8;20,8;20,0;0,0;8,0;8,00E0;-541,2;20,00;3,0;3,0;40,59;0,46;0,020;0,0;0,00;0,049
109;08.08.2023;14:17:34;00:01:48;250,0;18,1;18,8;12,8;20,8;20,0;0,0;6,9;6,89E0;-541,2;20,00;3,0;3,0;40,59;0,47;0,018;0,0;0,01;0,049
110;08.08.2023;14:17:35;00:01:49;250,0;18,0;18,7;12,8;20,7;20,0;0,0;6,4;6,37E0;-541,2;20,00;3,0;3,0;40,59;0,47;0,015;0,0;0,01;0,049
111;08.08.2023;14:17:36;00:01:50;250,0;18,0;18,7;12,8;20,7;20,0;0,0;6,3;6,26E0;-541,2;20,00;3,0;3,0;40,59;0,47;0,017;0,0;0,00;0,049
112;08.08.2023;14:17:37;00:01:51;250,0;18,0;18,7;13,0;20,7;20,0;0,0;5,7;5,66E0;-541,2;20,00;3,0;2,9;40,59;0,47;0,018;0,0;0,01;0,049
113;08.08.2023;14:17:38;00:01:52;250,0;18,0;18,7;13,0;20,8;20,0;0,0;5,2;5,17E0;-541,2;20,00;3,0;3,0;40,59;0,47;0,017;0,0;0,00;0,049
114;08.08.2023;14:17:39;00:01:53;250,0;18,0;18,7;13,0;20,8;20,0;0,0;4,8;4,76E0;-541,2;20,00;3,0;2,9;40,59;0,47;0,014;0,0;0,01;0,049
115;08.08.2023;14:17:40;00:01:54;250,0;18,0;18,7;13,1;20,7;20,0;0,0;4,3;4,33E0;-541,2;20,00;3,0;3,0;40,59;0,47;0,012;0,0;0,00;0,049
116;08.08.2023;14:17:41;00:01:55;250,0;18,0;18,7;13,2;20,7;20,0;0,0;4,0;4,03E0;-541,2;20,00;3,0;3,0;40,59;0,47;0,014;0,0;0,01;0,049
117;08.08.2023;14:17:42;00:01:56;250,0;18,0;18,7;13,2;20,8;20,0;0,0;3,8;3,80E0;-541,2;20,00;3,0;3,0;40,59;0,47;0,016;0,0;0,01;0,049
118;08.08.2023;14:17:43;00:01:57;250,0;18,0;18,7;13,2;20,8;20,0;0,0;3,6;3,56E0;-541,2;20,00;3,0;3,0;40,59;0,47;0,016;0,0;0,00;0,049
119;08.08.2023;14:17:44;00:01:58;250,0;18,0;18,7;13,4;20,8;20,0;0,0;3,4;3,43E0;-541,2;20,00;3,0;3,0;40,59;0,47;0,013;0,0;0,01;0,049
120;08.08.2023;14:17:45;00:01:59;250,0;18,0;18,7;13,5;20,8;20,0;0,0;3,1;3,13E0;-541,2;20,00;3,0;3,0;40,59;0,47;0,010;0,0;0,00;0,049
121;08.08.2023;14:17:46;00:02:00;250,0;18,0;18,7;13,5;20,8;20,0;0,0;2,8;2,84E0;-541,2;20,00;3,0;3,0;40,60;0,47;0,013;0,0;0,01;0,049
122;08.08.2023;14:17:47;00:02:01;250,0;18,0;18,7;13,6;20,8;20,0;0,0;2,8;2,77E0;-541,2;20,00;3,0;3,0;40,60;0,47;0,012;0,0;0,00;0,049
123;08.08.2023;14:17:48;00:02:02;250,0;18,0;18,7;13,6;20,8;20,0;0,0;2,6;2,55E0;-541,2;20,00;3,0;3,0;40,60;0,47;0,019;0,0;0,01;0,049
124;08.08.2023;14:17:49;00:02:03;250,0;18,0;18,7;13,7;20,8;20,0;0,0;2,4;2,41E0;-541,2;20,00;3,0;3,0;40,60;0,47;0,014;0,0;0,00;0,049
125;08.08.2023;14:17:50;00:02:04;250,0;18,0;18,7;13,7;20,8;20,0;0,0;2,4;2,38E0;-541,2;20,00;3,0;3,0;40,60;0,47;0,012;0,0;0,01;0,049
126;08.08.2023;14:17:51;00:02:05;250,0;18,0;18,7;13,7;20,8;20,0;0,0;2,2;2,20E0;-541,2;20,00;3,0;3,0;40,60;0,47;0,009;0,0;0,00;0,049
127;08.08.2023;14:17:52;00:02:06;250,0;18,0;18,7;13,8;20,8;20,0;0,0;2,1;2,05E0;-541,2;20,00;3,0;3,0;40,60;0,47;0,009;0,0;0,00;0,049
128;08.08.2023;14:17:53;00:02:07;250,0;18,0;18,7;14,0;20,8;20,0;0,0;2,0;1,95E0;-541,2;20,00;3,0;3,0;40,60;0,47;0,008;0,0;0,00;0,049
129;08.08.2023;14:17:54;00:02:08;250,0;18,0;18,7;14,0;20,8;20,0;0,0;1,8;1,83E0;-541,2;20,00;3,0;3,0;40,60;0,47;0,009;0,0;0,00;0,049
130;08.08.2023;14:17:55;00:02:09;250,0;17,9;18,6;13,9;20,7;20,0;0,0;1,8;1,79E0;-541,2;20,00;3,0;3,0;40,60;0,47;0,012;0,0;0,01;0,049
131;08.08.2023;14:17:56;00:02:10;250,0;17,9;18,6;14,0;20,7;20,0;0,0;1,7;1,67E0;-541,2;20,00;3,0;3,0;40,60;0,47;0,011;0,0;0,01;0,049
132;08.08.2023;14:17:57;00:02:11;250,0;17,9;18,6;14,1;20,7;20,0;0,0;1,6;1,57E0;-541,2;20,00;3,0;3,0;40,60;0,47;0,013;0,0;0,01;0,049
133;08.08.2023;14:17:58;00:02:12;250,0;18,0;18,6;14,1;20,7;20,0;0,0;1,5;1,55E0;-541,2;20,00;3,0;3,0;40,60;0,47;0,017;0,0;0,00;0,049
134;08.08.2023;14:17:59;00:02:13;250,0;18,0;18,6;14,1;20,7;20,0;0,0;1,5;1,46E0;-541,2;20,00;3,0;3,1;40,60;0,47;0,015;0,0;0,01;0,049
135;08.08.2023;14:18:00;00:02:14;250,0;17,9;18,6;14,2;20,7;20,0;0,0;1,4;1,41E0;-541,2;20,00;3,0;3,0;40,60;0,47;0,011;0,0;0,00;0,049
136;08.08.2023;14:18:01;00:02:15;250,0;17,9;18,6;14,3;20,7;20,0;0,0;1,4;1,39E0;-541,2;20,00;3,0;3,0;40,60;0,47;0,010;0,0;0,01;0,049
137;08.08.2023;14:18:02;00:02:16;250,0;17,9;18,6;14,3;20,8;20,0;0,0;1,3;1,33E0;-541,2;20,00;3,0;3,0;40,60;0,47;0,008;0,0;0,00;0,049
138;08.08.2023;14:18:03;00:02:17;250,0;18,0;18,6;14,4;20,8;20,0;0,0;1,2;1,25E0;-541,2;20,00;3,0;3,0;40,60;0,47;0,004;0,0;0,01;0,049
139;08.08.2023;14:18:04;00:02:18;250,0;18,0;18,6;14,4;20,8;20,0;0,0;1,2;1,22E0;-541,2;20,00;3,0;3,0;40,60;0,47;0,004;0,0;0,00;0,049
140;08.08.2023;14:18:05;00:02:19;250,0;18,0;18,6;14,5;20,8;20,0;0,0;1,2;1,17E0;-541,2;20,00;3,0;3,0;40,60;0,47;0,004;0,0;0,00;0,049
141;08.08.2023;14:18:06;00:02:20;250,0;18,0;18,6;14,5;20,8;20,0;0,0;1,1;1,12E0;-541,2;20,00;3,0;3,0;40,60;0,47;0,005;0,0;0,01;0,049
142;08.08.2023;14:18:07;00:02:21;250,0;18,0;18,6;14,5;20,8;20,0;0,0;1,1;1,10E0;-541,2;20,00;3,0;3,0;40,60;0,47;0,005;0,0;0,00;0,049
143;08.08.2023;14:18:08;00:02:22;250,0;18,0;18,6;14,6;20,8;20,0;0,0;1,1;1,07E0;-541,2;20,00;3,0;3,0;40,60;0,47;0,009;0,0;0,00;0,049
144;08.08.2023;14:18:09;00:02:23;250,0;18,0;18,6;14,7;20,8;20,0;0,0;1,0;1,04E0;-541,2;20,00;3,0;3,0;40,60;0,47;0,007;0,0;0,00;0,049
145;08.08.2023;14:18:10;00:02:24;250,0;18,0;18,6;14,7;20,8;20,0;0,0;1,0;1,01E0;-541,2;20,00;3,0;3,0;40,60;0,47;0,007;0,0;0,01;0,049
146;08.08.2023;14:18:11;00:02:25;250,0;18,0;18,7;14,8;20,8;20,0;0,0;1,0;9,71E-1;-541,2;20,00;3,0;3,0;40,60;0,47;0,008;0,0;0,00;0,049
147;08.08.2023;14:18:12;00:02:26;250,0;18,0;18,7;14,8;20,8;20,0;0,0;1,0;9,54E-1;-541,2;20,00;3,0;3,0;40,60;0,47;0,007;0,0;0,01;0,049
148;08.08.2023;14:18:13;00:02:27;250,0;18,0;18,7;14,9;20,8;20,0;0,0;0,9;9,24E-1;-541,2;20,00;3,0;3,0;40,60;0,47;0,011;0,0;0,01;0,049
149;08.08.2023;14:18:14;00:02:28;250,0;18,0;18,7;14,9;20,8;20,0;0,0;0,9;8,94E-1;-541,2;20,00;3,0;3,0;40,60;0,47;0,008;0,0;0,01;0,049
150;08.08.2023;14:18:15;00:02:29;250,0;18,0;18,7;14,9;20,8;20,0;0,0;0,9;8,76E-1;-541,2;20,00;3,0;3,0;40,60;0,47;0,006;0,0;0,01;0,049
151;08.08.2023;14:18:16;00:02:30;250,0;18,0;18,7;15,0;20,8;20,0;0,0;0,8;8,46E-1;-541,2;20,00;3,0;3,0;40,60;0,47;0,005;0,0;0,01;0,049
152;08.08.2023;14:18:17;00:02:31;250,0;18,0;18,7;15,1;20,8;20,0;0,0;0,8;8,18E-1;-541,2;20,00;3,0;3,0;40,60;0,47;0,006;0,0;0,01;0,049
153;08.08.2023;14:18:18;00:02:32;250,0;18,0;18,7;15,1;20,8;20,0;0,0;0,8;8,03E-1;-541,2;20,00;3,0;3,1;40,60;0,47;0,008;0,0;0,01;0,054
154;08.08.2023;14:18:19;00:02:33;250,0;18,0;18,7;15,1;20,8;20,0;0,0;0,8;7,76E-1;-541,2;20,00;3,0;3,0;40,60;0,47;0,006;0,0;0,00;0,049
155;08.08.2023;14:18:20;00:02:34;250,0;18,0;18,7;15,1;20,8;20,0;0,0;0,8;7,54E-1;-541,2;20,00;3,0;3,1;40,60;0,47;0,007;0,0;0,01;0,049
156;08.08.2023;14:18:21;00:02:35;250,0;18,0;18,7;15,2;20,8;20,0;0,0;0,7;7,41E-1;-541,2;20,00;3,0;3,0;40,60;0,47;0,004;0,0;0,01;0,049
157;08.08.2023;14:18:22;00:02:36;250,0;18,0;18,7;15,2;20,8;20,0;0,0;0,7;7,21E-1;-541,2;20,00;3,0;3,0;40,60;0,47;0,004;0,0;0,00;0,049
158;08.08.2023;14:18:23;00:02:37;250,0;18,0;18,7;15,2;20,8;20,0;0,0;0,7;7,10E-1;-541,2;20,00;3,0;3,0;40,60;0,47;0,004;0,0;0,00;0,049
159;08.08.2023;14:18:24;00:02:38;250,0;18,0;18,7;15,3;20,8;20,0;0,0;0,7;6,89E-1;-541,2;20,00;3,0;3,0;40,60;0,47;0,001;0,0;0,00;0,049
160;08.08.2023;14:18:25;00:02:39;250,0;18,0;18,7;15,3;20,9;20,0;0,0;0,7;6,68E-1;-541,2;20,00;3,0;3,0;40,60;0,47;0,002;0,0;0,00;0,049
161;08.08.2023;14:18:26;00:02:40;250,0;18,0;18,7;15,3;20,9;20,0;0,0;0,7;6,58E-1;-541,2;20,00;3,0;3,0;40,60;0,47;0,002;0,0;0,01;0,049
162;08.08.2023;14:18:27;00:02:41;250,0;18,0;18,7;15,4;20,9;20,0;0,0;0,6;6,36E-1;-541,2;20,00;3,0;3,0;40,60;0,47;0,002;0,0;0,00;0,049
163;08.08.2023;14:18:28;00:02:42;250,0;18,0;18,7;15,4;20,9;20,0;0,0;0,6;6,17E-1;-541,2;20,00;3,0;3,0;40,60;0,47;0,003;0,0;0,01;0,049
164;08.08.2023;14:18:29;00:02:43;250,0;18,0;18,7;15,5;20,9;20,0;0,0;0,6;6,07E-1;-541,2;20,00;3,0;3,0;40,60;0,47;0,001;0,0;0,01;0,049
165;08.08.2023;14:18:30;00:02:44;250,0;18,0;18,7;15,5;20,9;20,0;0,0;0,6;5,87E-1;-541,2;20,00;3,0;3,0;40,60;0,47;0,002;0,0;0,00;0,049
166;08.08.2023;14:18:31;00:02:45;250,0;18,0;18,7;15,5;20,9;20,0;0,0;0,6;5,67E-1;-541,2;20,00;3,0;3,0;40,60;0,47;0,003;0,0;0,00;0,049
167;08.08.2023;14:18:32;00:02:46;250,0;18,0;18,7;15,5;20,9;20,0;0,0;0,6;5,59E-1;-541,2;20,00;3,0;3,0;40,60;0,47;0,001;0,0;0,00;0,049
168;08.08.2023;14:18:33;00:02:47;250,0;18,0;18,7;15,6;20,9;20,0;0,0;0,5;5,38E-1;-541,2;20,00;3,0;3,0;40,60;0,47;0,007;0,0;0,00;0,049
169;08.08.2023;14:18:34;00:02:48;250,0;18,0;18,7;15,6;20,9;20,0;0,0;0,5;5,30E-1;-541,2;20,00;3,0;3,0;40,60;0,47;0,008;0,0;0,01;0,049
170;08.08.2023;14:18:35;00:02:49;250,0;17,9;18,6;15,5;20,8;20,0;0,0;0,5;5,16E-1;-541,2;20,00;3,0;3,0;40,60;0,47;0,006;0,0;0,01;0,049
171;08.08.2023;14:18:36;00:02:50;250,0;17,9;18,6;15,5;20,8;20,0;0,0;0,5;5,02E-1;-541,2;20,00;3,0;2,9;40,60;0,47;-0,001;0,0;0,01;0,049
172;08.08.2023;14:18:37;00:02:51;250,0;17,9;18,6;15,5;20,8;20,0;0,0;0,5;4,96E-1;-541,2;20,00;3,0;3,0;40,60;0,47;-0,002;0,0;0,01;0,049
173;08.08.2023;14:18:38;00:02:52;250,0;17,9;18,6;15,6;20,8;20,0;0,0;0,5;4,82E-1;-541,2;20,00;3,0;3,0;40,60;0,47;0,004;0,0;0,01;0,049
174;08.08.2023;14:18:39;00:02:53;250,0;17,9;18,6;15,6;20,8;20,0;0,0;0,5;4,70E-1;-541,2;20,00;3,0;3,0;40,60;0,47;0,005;0,0;0,00;0,049
175;08.08.2023;14:18:40;00:02:54;250,0;17,9;18,6;15,6;20,8;20,0;0,0;0,5;4,63E-1;-541,2;20,00;3,0;3,0;40,60;0,47;0,006;0,0;0,00;0,049
176;08.08.2023;14:18:41;00:02:55;250,0;17,9;18,6;15,6;20,8;20,0;0,0;0,5;4,51E-1;-541,2;20,00;3,0;2,9;40,60;0,47;0,005;0,0;0,00;0,049
177;08.08.2023;14:18:42;00:02:56;250,0;17,9;18,6;15,7;20,8;20,0;0,0;0,4;4,39E-1;-541,2;20,00;3,0;3,0;40,60;0,47;0,005;0,0;0,01;0,049
178;08.08.2023;14:18:43;00:02:57;250,0;17,9;18,6;15,7;20,8;20,0;0,0;0,4;4,34E-1;-541,2;20,00;3,0;3,0;40,60;0,47;0,006;0,0;0,01;0,049
179;08.08.2023;14:18:44;00:02:58;250,0;17,9;18,6;15,7;20,8;20,0;0,0;0,4;4,22E-1;-541,2;20,00;3,0;3,1;40,60;0,47;0,004;0,0;0,00;0,049
180;08.08.2023;14:18:45;00:02:59;250,0;17,9;18,6;15,8;20,8;20,0;0,0;0,4;4,10E-1;-541,2;20,00;3,0;3,0;40,60;0,47;0,004;0,0;0,00;0,049
181;08.08.2023;14:18:46;00:03:00;250,0;17,9;18,6;15,8;20,8;20,0;0,0;0,4;4,05E-1;-541,2;20,00;3,0;3,0;40,60;0,47;0,005;0,0;0,01;0,049
182;08.08.2023;14:18:47;00:03:01;250,0;17,9;18,6;15,8;20,8;20,0;0,0;0,4;3,95E-1;-541,2;20,00;3,0;3,0;40,60;0,47;0,004;0,0;0,01;0,049
183;08.08.2023;14:18:48;00:03:02;250,0;17,9;18,6;15,8;20,8;20,0;0,0;0,4;3,90E-1;-541,2;20,00;3,0;3,0;40,60;0,47;0,001;0,0;0,01;0,049
184;08.08.2023;14:18:49;00:03:03;250,0;17,9;18,6;15,9;20,8;20,0;0,0;0,4;3,80E-1;-541,2;20,00;3,0;3,0;40,60;0,47;0,005;0,0;0,01;0,049
185;08.08.2023;14:18:50;00:03:04;250,0;17,9;18,6;15,9;20,8;20,0;0,0;0,4;3,70E-1;-541,2;20,00;3,0;3,0;40,60;0,47;0,002;0,0;0,00;0,049
186;08.08.2023;14:18:51;00:03:05;250,0;17,9;18,6;15,9;20,8;20,0;0,0;0,4;3,65E-1;-541,2;20,00;3,0;3,0;40,60;0,47;0,002;0,0;0,00;0,049
187;08.08.2023;14:18:52;00:03:06;250,0;17,9;18,6;15,9;20,8;20,8;0,2;0,4;3,57E-1;-541,2;20,00;3,0;2,9;40,60;0,47;0,000;0,0;0,00;0,049
188;08.08.2023;14:18:53;00:03:07;250,0;17,9;18,6;15,9;20,8;21,9;0,3;0,4;3,50E-1;-541,2;20,00;3,0;2,9;40,60;0,47;0,002;0,0;0,00;0,049
189;08.08.2023;14:18:54;00:03:08;250,0;17,9;18,6;15,9;20,8;22,5;0,4;0,3;3,46E-1;-541,2;20,00;3,0;3,0;40,60;0,47;0,003;0,0;0,01;0,049
190;08.08.2023;14:18:55;00:03:09;250,0;17,9;18,6;16,0;20,8;23,6;0,5;0,3;3,40E-1;-541,2;20,00;3,0;3,0;40,60;0,47;-0,001;0,0;0,01;0,049
191;08.08.2023;14:18:56;00:03:10;250,0;17,9;18,6;16,0;20,8;24,7;0,6;0,3;3,33E-1;-541,2;20,00;3,0;3,0;40,60;0,47;-0,004;0,0;0,00;0,049
192;08.08.2023;14:18:57;00:03:11;250,0;17,9;18,6;16,0;20,8;25,2;0,7;0,3;3,30E-1;-541,2;20,00;3,0;3,0;40,60;0,47;-0,002;0,0;0,01;0,049
193;08.08.2023;14:18:58;00:03:12;250,0;17,9;18,6;16,0;20,8;26,4;0,8;0,3;3,23E-1;-541,2;20,00;3,0;3,0;40,60;0,47;0,004;0,0;0,00;0,049
194;08.08.2023;14:18:59;00:03:13;250,0;17,9;18,6;16,1;20,8;27,5;0,9;0,3;3,17E-1;-541,2;20,00;3,0;3,0;40,60;0,48;0,003;0,0;0,00;0,049
195;08.08.2023;14:19:00;00:03:14;250,0;17,9;18,6;16,1;20,8;28,1;0,9;0,3;3,14E-1;-541,2;20,00;3,0;3,0;40,60;0,47;0,004;0,0;0,01;0,049
196;08.08.2023;14:19:01;00:03:15;250,0;17,9;18,6;16,1;20,8;29,2;1,0;0,3;3,09E-1;-541,2;20,00;3,0;3,0;40,60;0,47;0,001;0,0;0,00;0,050
197;08.08.2023;14:19:02;00:03:16;250,0;17,9;18,6;16,1;20,8;29,7;1,1;0,3;3,06E-1;-541,2;20,00;3,0;3,0;40,60;0,47;0,001;0,0;0,00;0,049
198;08.08.2023;14:19:03;00:03:17;250,0;17,9;18,6;16,1;20,8;30,8;1,2;0,3;3,00E-1;-541,2;20,00;3,0;3,0;40,60;0,47;0,001;0,0;0,00;0,049
199;08.08.2023;14:19:04;00:03:18;250,0;17,9;18,6;16,2;20,8;32,0;1,3;0,3;2,94E-1;-541,2;20,00;3,0;3,0;40,60;0,47;0,001;0,0;0,00;0,049
200;08.08.2023;14:19:05;00:03:19;250,0;17,9;18,6;16,2;20,8;32,6;1,4;0,3;2,92E-1;-541,2;20,00;3,0;3,0;40,60;0,47;0,002;0,0;0,00;0,049
201;08.08.2023;14:19:06;00:03:20;250,0;17,9;18,6;16,2;20,8;33,7;1,5;0,3;2,87E-1;-541,2;20,00;3,0;3,0;40,60;0,47;0,001;0,0;0,01;0,049
202;08.08.2023;14:19:07;00:03:21;250,0;17,9;18,6;16,2;20,8;34,8;1,6;0,3;2,83E-1;-541,2;20,00;3,0;3,0;40,60;0,48;0,000;0,0;0,00;0,049
203;08.08.2023;14:19:08;00:03:22;250,0;17,9;18,6;16,2;20,8;35,3;1,6;0,3;2,80E-1;-541,2;20,00;3,0;3,0;40,60;0,47;0,002;0,0;0,01;0,049
204;08.08.2023;14:19:09;00:03:23;250,0;17,9;18,6;16,3;20,8;36,4;1,8;0,3;2,76E-1;-541,2;20,00;3,0;3,0;40,60;0,48;0,006;0,0;0,01;0,049
205;08.08.2023;14:19:10;00:03:24;250,0;17,9;18,6;16,3;20,8;37,6;1,9;0,3;2,71E-1;-541,2;20,00;3,0;3,0;40,60;0,47;0,001;0,0;0,01;0,049
206;08.08.2023;14:19:11;00:03:25;250,0;17,9;18,6;16,3;20,8;38,2;1,9;0,3;2,68E-1;-541,2;20,00;3,0;3,0;40,60;0,47;0,000;0,0;0,01;0,049
207;08.08.2023;14:19:12;00:03:26;250,0;17,9;18,6;16,3;20,8;39,3;2,1;0,3;2,64E-1;-541,2;20,00;3,0;3,0;40,60;0,47;0,001;0,0;0,01;0,049
208;08.08.2023;14:19:13;00:03:27;250,0;17,9;18,6;16,3;20,8;39,8;2,1;0,3;2,62E-1;-541,2;20,00;3,0;3,0;40,60;0,47;0,001;0,0;0,01;0,049
209;08.08.2023;14:19:14;00:03:28;250,0;18,0;18,6;16,3;20,8;40,9;2,2;0,3;2,58E-1;-541,2;20,00;3,0;3,0;40,60;0,48;0,000;0,0;0,01;0,049
210;08.08.2023;14:19:15;00:03:29;250,0;17,9;18,6;16,3;20,8;42,0;2,4;0,3;2,54E-1;-541,2;20,00;3,0;3,0;40,60;0,47;0,004;0,0;0,01;0,049
211;08.08.2023;14:19:16;00:03:30;250,0;17,9;18,6;16,3;20,8;42,6;2,4;0,3;2,52E-1;-541,2;20,00;3,0;3,0;40,60;0,47;0,004;0,0;0,00;0,049
212;08.08.2023;14:19:17;00:03:31;250,0;17,9;18,6;16,4;20,8;43,7;2,5;0,2;2,48E-1;-541,2;20,00;3,0;3,0;40,60;0,47;0,000;0,0;0,01;0,049
213;08.08.2023;14:19:18;00:03:32;250,0;17,9;18,6;16,4;20,8;44,8;2,7;0,2;2,45E-1;-541,2;20,00;3,0;2,9;40,60;0,47;0,000;0,0;0,01;0,049
214;08.08.2023;14:19:19;00:03:33;250,0;17,9;18,6;16,4;20,8;45,4;2,7;0,2;2,44E-1;-541,2;20,00;3,0;3,0;40,60;0,48;0,001;0,0;0,01;0,050
215;08.08.2023;14:19:20;00:03:34;250,0;17,9;18,6;16,4;20,8;46,5;2,8;0,2;2,41E-1;-541,2;20,00;3,0;2,9;40,60;0,47;0,000;0,0;0,00;0,049
216;08.08.2023;14:19:21;00:03:35;250,0;17,9;18,6;16,4;20,8;47,6;3,0;0,2;2,38E-1;-541,2;20,00;3,0;3,0;40,60;0,48;0,003;0,0;0,00;0,049
217;08.08.2023;14:19:22;00:03:36;250,0;17,9;18,6;16,4;20,8;48,2;3,0;0,2;2,36E-1;-541,2;20,00;3,0;3,0;40,60;0,48;0,004;0,0;0,01;0,051
218;08.08.2023;14:19:23;00:03:37;250,0;17,9;18,6;16,4;20,8;49,3;3,2;0,2;2,34E-1;-541,2;20,00;3,0;3,0;40,60;0,47;0,003;0,0;0,00;0,052
219;08.08.2023;14:19:24;00:03:38;250,0;17,9;18,6;16,5;20,8;50,4;3,3;0,2;2,31E-1;-541,2;20,00;3,0;3,0;40,60;0,48;0,005;0,0;0,01;0,049
220;08.08.2023;14:19:25;00:03:39;250,0;17,9;18,6;16,5;20,8;51,0;3,4;0,2;2,30E-1;-541,2;20,00;3,0;3,0;40,60;0,48;0,005;0,0;0,01;0,049
221;08.08.2023;14:19:26;00:03:40;250,0;17,9;18,6;16,5;20,8;52,1;3,5;0,2;2,28E-1;-541,2;20,00;3,0;3,0;40,60;0,48;0,001;0,0;0,00;0,049
222;08.08.2023;14:19:27;00:03:41;250,0;17,9;18,6;16,5;20,8;52,6;3,6;0,2;2,27E-1;-541,2;20,00;3,0;3,0;40,60;0,48;0,002;0,0;0,01;0,049
223;08.08.2023;14:19:28;00:03:42;250,0;17,9;18,6;16,5;20,8;53,8;3,7;0,2;2,24E-1;-541,2;20,00;3,0;3,0;40,60;0,48;0,000;0,0;0,00;0,049
224;08.08.2023;14:19:29;00:03:43;250,0;17,9;18,6;16,5;20,8;54,9;3,8;0,2;2,22E-1;-541,2;20,00;3,0;3,0;40,60;0,48;0,001;0,0;0,01;0,049
225;08.08.2023;14:19:30;00:03:44;250,0;17,9;18,6;16,5;20,8;55,5;3,9;0,2;2,21E-1;-541,2;20,00;3,0;3,0;40,60;0,48;0,000;0,0;0,00;0,049
226;08.08.2023;14:19:31;00:03:45;250,0;17,9;18,6;16,5;20,8;56,6;4,0;0,2;2,18E-1;-541,2;20,00;3,0;2,9;40,60;0,48;0,000;0,0;0,00;0,049
227;08.08.2023;14:19:32;00:03:46;250,0;17,9;18,6;16,6;20,8;57,7;4,2;0,2;2,16E-1;-541,2;20,00;3,0;3,0;40,60;0,48;0,001;0,0;0,00;0,049
228;08.08.2023;14:19:33;00:03:47;250,0;17,9;18,6;16,6;20,8;58,2;4,2;0,2;2,15E-1;-541,2;20,00;3,0;3,0;40,60;0,47;-0,002;0,0;0,00;0,049
229;08.08.2023;14:19:34;00:03:48;250,0;17,9;18,6;16,6;20,8;59,4;4,4;0,2;2,13E-1;-541,2;20,00;3,0;3,0;40,60;0,48;-0,004;0,0;0,00;0,049
230;08.08.2023;14:19:35;00:03:49;250,0;18,0;18,6;16,7;20,9;60,5;4,5;0,2;2,10E-1;-541,2;20,00;3,0;3,0;40,60;0,48;-0,003;0,0;0,00;0,049
231;08.08.2023;14:19:36;00:03:50;250,0;18,0;18,6;16,7;20,9;61,1;4,6;0,2;2,09E-1;-541,2;20,00;3,0;3,0;40,60;0,47;-0,005;0,0;0,00;0,051
232;08.08.2023;14:19:37;00:03:51;250,0;18,0;18,6;16,7;20,9;62,2;4,7;0,2;2,07E-1;-541,2;20,00;3,0;3,0;40,60;0,47;0,002;0,0;0,01;0,049
233;08.08.2023;14:19:38;00:03:52;250,0;18,0;18,6;16,7;20,9;63,3;4,8;0,2;2,05E-1;-541,2;20,00;3,0;3,0;40,60;0,47;0,001;0,0;0,00;0,049
234;08.08.2023;14:19:39;00:03:53;250,0;18,0;18,6;16,7;20,9;63,8;4,9;0,2;2,04E-1;-541,2;20,00;3,0;3,0;40,60;0,47;-0,001;0,0;0,01;0,051
235;08.08.2023;14:19:40;00:03:54;250,0;18,0;18,6;16,8;20,9;65,0;5,1;0,2;2,03E-1;-541,2;20,00;3,0;3,0;40,60;0,47;0,001;0,0;0,01;0,049
236;08.08.2023;14:19:41;00:03:55;250,0;18,0;18,6;16,8;20,9;65,6;5,1;0,2;2,02E-1;-541,2;20,00;3,0;3,1;40,60;0,48;0,003;0,0;0,00;0,049
237;08.08.2023;14:19:42;00:03:56;250,0;18,0;18,6;16,8;20,9;66,7;5,3;0,2;2,00E-1;-541,2;20,00;3,0;3,0;40,60;0,47;-0,002;0,0;0,01;0,049
238;08.08.2023;14:19:43;00:03:57;250,0;18,0;18,7;16,8;20,9;67,8;5,4;0,2;1,98E-1;-541,2;20,00;3,0;3,0;40,60;0,47;0,000;0,0;0,00;0,049
239;08.08.2023;14:19:44;00:03:58;250,0;18,0;18,7;16,8;20,9;68,3;5,5;0,2;1,97E-1;-541,2;20,00;3,0;3,0;40,60;0,48;0,001;0,0;0,01;0,049
240;08.08.2023;14:19:45;00:03:59;250,0;18,0;18,7;16,8;20,9;69,4;5,6;0,2;1,96E-1;-541,2;20,00;3,0;3,0;40,60;0,48;-0,001;0,0;0,00;0,049
241;08.08.2023;14:19:46;00:04:00;250,0;18,0;18,7;16,8;20,9;70,6;5,8;0,2;1,94E-1;-541,2;20,00;3,0;3,0;40,60;0,48;0,003;0,0;0,01;0,049
242;08.08.2023;14:19:47;00:04:01;250,0;18,0;18,7;16,8;20,9;71,2;5,8;0,2;1,93E-1;-541,2;20,00;3,0;3,0;40,60;0,48;0,003;0,0;0,00;0,049
243;08.08.2023;14:19:48;00:04:02;250,0;18,0;18,7;16,9;20,9;72,3;6,0;0,2;1,91E-1;-541,2;20,00;3,0;3,0;40,60;0,47;-0,004;0,0;0,01;0,049
244;08.08.2023;14:19:49;00:04:03;250,0;18,0;18,7;16,9;20,9;73,4;6,1;0,2;1,90E-1;-541,2;20,00;3,0;2,9;40,60;0,47;-0,004;0,0;0,01;0,049
245;08.08.2023;14:19:50;00:04:04;250,0;18,0;18,7;16,9;20,9;73,9;6,2;0,2;1,89E-1;-541,2;20,00;3,0;3,0;40,60;0,47;-0,005;0,0;0,01;0,049
246;08.08.2023;14:19:51;00:04:05;250,0;18,0;18,7;16,9;20,9;75,0;6,4;0,2;1,87E-1;-541,2;20,00;3,0;3,0;40,60;0,48;0,000;0,0;0,01;0,049
247;08.08.2023;14:19:52;00:04:06;250,0;18,0;18,7;16,9;20,9;75,9;6,5;0,2;1,86E-1;-541,2;20,00;3,0;3,0;40,60;0,48;-0,001;0,0;0,01;0,049
248;08.08.2023;14:19:53;00:04:07;250,0;18,0;18,7;16,9;20,9;77,4;6,6;0,2;1,85E-1;-541,2;20,00;3,0;3,0;40,60;0,48;0,001;0,0;0,00;0,049
249;08.08.2023;14:19:54;00:04:08;250,0;18,0;18,7;16,9;20,9;78,9;6,8;0,2;1,83E-1;-541,2;20,00;3,0;3,0;40,60;0,48;0,002;0,0;0,01;0,049
250;08.08.2023;14:19:55;00:04:09;250,0;18,0;18,7;17,0;20,9;79,6;6,9;0,2;1,82E-1;-541,2;20,00;3,0;3,0;40,60;0,48;0,003;0,0;0,01;0,049
251;08.08.2023;14:19:56;00:04:10;250,0;18,0;18,7;17,0;20,9;81,1;7,1;0,2;1,81E-1;-541,2;20,00;3,0;3,0;40,60;0,48;0,005;0,0;0,00;0,049
252;08.08.2023;14:19:57;00:04:11;250,0;18,0;18,7;17,0;20,9;82,6;7,3;0,2;1,79E-1;-541,2;20,00;3,0;3,1;40,60;0,48;0,000;0,0;0,01;0,049
253;08.08.2023;14:19:58;00:04:12;250,0;18,0;18,7;17,0;20,9;83,5;7,4;0,2;1,79E-1;-541,2;20,00;3,0;3,1;40,60;0,48;0,001;0,0;0,01;0,050
254;08.08.2023;14:19:59;00:04:13;250,0;18,0;18,7;17,0;20,9;85,0;7,6;0,2;1,77E-1;-541,2;20,00;3,0;3,0;40,60;0,47;0,001;0,0;0,00;0,049
255;08.08.2023;14:20:00;00:04:14;250,0;18,0;18,7;17,0;20,9;86,5;7,8;0,2;1,76E-1;-541,2;20,00;3,0;3,0;40,60;0,48;-0,001;0,0;0,01;0,051
256;08.08.2023;14:20:01;00:04:15;250,0;18,0;18,7;17,0;20,9;87,3;7,9;0,2;1,75E-1;-541,2;20,00;3,0;3,0;40,60;0,47;-0,001;0,0;0,01;0,049
257;08.08.2023;14:20:02;00:04:16;250,0;18,1;18,7;17,0;20,9;88,8;8,1;0,2;1,74E-1;-541,2;20,00;3,0;2,9;40,60;0,48;-0,002;0,0;0,00;0,049
258;08.08.2023;14:20:03;00:04:17;250,0;18,1;18,7;17,1;20,9;90,3;8,3;0,2;1,73E-1;-541,2;20,00;3,0;3,0;40,60;0,48;0,004;0,0;0,00;0,049
259;08.08.2023;14:20:04;00:04:18;250,0;18,1;18,7;17,1;20,9;91,1;8,4;0,2;1,72E-1;-541,2;20,00;3,0;3,0;40,60;0,48;0,003;0,0;0,00;0,049
260;08.08.2023;14:20:05;00:04:19;250,0;18,1;18,7;17,1;20,9;92,6;8,6;0,2;1,71E-1;-541,2;20,00;3,0;3,0;40,60;0,48;0,001;0,0;0,00;0,049
261;08.08.2023;14:20:06;00:04:20;250,0;18,1;18,7;17,1;20,9;93,4;8,7;0,2;1,70E-1;-541,2;20,00;3,0;3,0;40,60;0,48;0,005;0,0;0,01;0,049
262;08.08.2023;14:20:07;00:04:21;250,0;18,1;18,7;17,1;20,9;94,9;8,9;0,2;1,69E-1;-541,2;20,00;3,0;3,0;40,60;0,48;0,004;0,0;0,00;0,049
263;08.08.2023;14:20:08;00:04:22;250,0;18,1;18,7;17,1;20,9;96,4;9,1;0,2;1,68E-1;-541,2;20,00;3,0;3,0;40,60;0,48;0,002;0,0;0,00;0,049
264;08.08.2023;14:20:09;00:04:23;250,0;18,1;18,7;17,1;20,9;97,1;9,2;0,2;1,67E-1;-541,2;20,00;3,0;3,0;40,60;0,48;0,003;0,0;0,01;0,049
265;08.08.2023;14:20:10;00:04:24;250,0;18,1;18,7;17,1;20,9;98,8;9,4;0,2;1,66E-1;-541,2;20,00;3,0;3,0;40,60;0,48;0,004;0,0;0,00;0,049
266;08.08.2023;14:20:11;00:04:25;250,0;18,1;18,7;17,1;20,9;100,3;9,6;0,2;1,65E-1;-541,2;20,00;3,0;3,0;40,60;0,48;0,001;0,0;0,00;0,049
267;08.08.2023;14:20:12;00:04:26;250,0;18,1;18,7;17,1;20,9;101,0;9,7;0,2;1,64E-1;-541,2;20,00;3,0;3,0;40,60;0,48;0,004;0,7;3,70;0,212
268;08.08.2023;14:20:13;00:04:27;250,2;18,1;18,7;17,2;20,9;102,5;9,9;0,2;1,64E-1;-541,2;20,00;3,0;3,0;40,60;0,48;0,017;0,8;3,78;0,225
269;08.08.2023;14:20:14;00:04:28;250,3;18,1;18,7;17,2;21,0;104,0;10,1;0,2;1,63E-1;-541,2;20,00;3,0;3,0;40,60;0,48;0,017;0,9;3,78;0,230
270;08.08.2023;14:20:15;00:04:29;250,2;18,1;18,6;17,1;21,0;104,8;10,3;0,2;1,62E-1;-541,2;20,00;3,0;3,0;40,60;0,48;0,018;0,9;3,79;0,230
271;08.08.2023;14:20:16;00:04:30;250,0;19,2;18,6;17,1;21,0;106,4;10,4;0,2;1,62E-1;-541,2;20,00;3,0;2,9;40,60;0,48;0,015;0,9;3,82;0,230
272;08.08.2023;14:20:17;00:04:31;250,1;19,2;18,6;17,1;21,2;107,9;10,6;0,2;1,61E-1;-541,2;20,00;3,0;3,0;40,61;0,48;0,012;0,9;3,81;0,234
273;08.08.2023;14:20:18;00:04:32;250,0;21,6;18,6;17,1;21,4;109,4;10,6;0,2;1,60E-1;-541,2;20,00;3,0;3,0;40,60;0,48;0,012;0,9;3,80;0,234
274;08.08.2023;14:20:19;00:04:33;250,2;21,6;18,6;17,1;21,4;110,1;10,7;0,2;1,60E-1;-541,2;20,00;3,0;2,9;40,61;0,48;0,009;0,9;3,83;0,234
275;08.08.2023;14:20:20;00:04:34;250,0;25,7;18,7;17,1;21,6;111,6;10,5;0,2;1,59E-1;-541,2;20,00;3,0;3,0;40,61;0,48;0,010;0,9;3,83;0,236
276;08.08.2023;14:20:21;00:04:35;250,0;25,7;18,8;17,1;21,6;112,4;10,6;0,2;1,58E-1;-541,2;20,00;3,0;3,0;40,61;0,48;0,011;0,9;3,85;0,236
277;08.08.2023;14:20:22;00:04:36;250,0;31,2;18,8;17,2;21,8;114,0;10,4;0,2;1,58E-1;-541,2;20,00;3,0;3,0;40,61;0,48;0,008;0,9;3,84;0,239
278;08.08.2023;14:20:23;00:04:37;250,0;37,5;18,9;17,2;21,8;115,5;10,6;0,2;1,57E-1;-541,2;20,00;3,0;3,0;40,60;0,48;0,004;0,9;3,79;0,239
279;08.08.2023;14:20:24;00:04:38;250,0;37,5;18,9;17,2;21,8;116,3;10,1;0,2;1,57E-1;-541,2;20,00;3,0;3,0;40,61;0,48;0,006;0,9;3,78;0,235
280;08.08.2023;14:20:25;00:04:39;250,0;37,5;19,0;17,2;21,8;117,8;10,3;0,2;1,56E-1;-541,2;20,00;3,0;3,0;40,60;0,48;0,005;0,9;3,76;0,237
281;08.08.2023;14:20:26;00:04:40;250,2;44,1;19,0;17,2;21,9;119,3;10,0;0,2;1,55E-1;-541,2;20,00;3,0;3,0;40,61;0,48;0,004;0,9;3,76;0,237
282;08.08.2023;14:20:27;00:04:41;250,2;44,1;19,0;17,2;21,9;120,0;10,1;0,2;1,55E-1;-541,2;20,00;3,0;3,0;40,60;0,48;0,009;0,9;3,76;0,234
283;08.08.2023;14:20:28;00:04:42;250,0;50,7;19,1;17,2;21,9;121,6;9,7;0,2;1,54E-1;-541,2;20,00;3,0;3,0;40,61;0,48;0,004;0,9;3,67;0,234
284;08.08.2023;14:20:29;00:04:43;250,0;57,1;19,2;17,3;21,9;123,1;9,3;0,2;1,54E-1;-541,2;20,00;3,0;3,0;40,61;0,48;0,003;0,9;3,70;0,234
285;08.08.2023;14:20:30;00:04:44;250,0;57,1;19,2;17,3;21,9;123,9;9,4;0,2;1,53E-1;-541,2;20,00;3,0;3,0;40,60;0,48;0,005;0,9;3,68;0,231
286;08.08.2023;14:20:31;00:04:45;250,0;57,1;19,3;17,3;21,9;125,4;9,6;0,2;1,53E-1;-541,2;20,00;3,0;3,0;40,61;0,48;0,008;0,9;3,69;0,232
287;08.08.2023;14:20:32;00:04:46;250,0;63,3;19,3;17,3;22,0;126,9;9,2;0,2;1,52E-1;-541,2;20,00;3,0;3,0;40,61;0,48;0,010;0,9;3,67;0,231
288;08.08.2023;14:20:33;00:04:47;250,1;69,2;19,5;17,3;21,9;127,6;9,1;0,2;1,52E-1;-541,2;20,00;3,0;3,0;40,61;0,48;0,009;0,8;3,69;0,233
289;08.08.2023;14:20:34;00:04:48;250,1;69,2;19,4;17,3;21,9;129,3;9,0;0,2;1,51E-1;-541,2;20,00;3,0;3,0;40,61;0,48;0,008;0,8;3,68;0,230
290;08.08.2023;14:20:35;00:04:49;250,1;69,1;19,4;17,2;21,8;130,0;9,1;0,2;1,51E-1;-541,2;20,00;3,0;3,0;40,60;0,48;0,007;0,8;3,64;0,230
291;08.08.2023;14:20:36;00:04:50;250,0;75,1;19,5;17,3;21,8;131,5;8,8;0,2;1,51E-1;-541,2;20,00;3,0;3,1;40,61;0,48;0,005;0,8;3,63;0,229
292;08.08.2023;14:20:37;00:04:51;250,1;75,1;19,7;17,3;21,9;133,0;8,9;0,1;1,50E-1;-541,2;20,00;3,0;3,1;40,61;0,48;0,010;0,8;3,65;0,230
293;08.08.2023;14:20:38;00:04:52;250,0;80,8;19,7;17,3;21,9;133,8;8,7;0,1;1,49E-1;-541,2;20,00;3,0;3,0;40,61;0,48;0,008;0,8;3,66;0,230
294;08.08.2023;14:20:39;00:04:53;250,0;80,8;19,8;17,3;21,9;135,3;8,7;0,1;1,49E-1;-541,2;20,00;3,0;3,0;40,61;0,48;0,007;0,8;3,60;0,230
295;08.08.2023;14:20:40;00:04:54;250,2;86,1;19,8;17,3;21,9;136,9;8,4;0,1;1,48E-1;-541,2;20,00;3,0;3,1;40,61;0,48;0,012;0,8;3,59;0,225
296;08.08.2023;14:20:41;00:04:55;250,2;86,1;19,9;17,3;21,9;137,6;8,5;0,1;1,48E-1;-541,2;20,00;3,0;3,0;40,61;0,48;0,009;0,8;3,60;0,225
297;08.08.2023;14:20:42;00:04:56;250,1;91,2;19,9;17,3;22,0;139,1;8,3;0,1;1,47E-1;-541,2;20,00;3,0;3,0;40,61;0,48;0,007;0,8;3,59;0,228
298;08.08.2023;14:20:43;00:04:57;250,0;95,8;20,0;17,4;22,0;140,6;8,2;0,1;1,47E-1;-541,2;20,00;3,0;3,0;40,61;0,48;0,007;0,8;3,60;0,225
299;08.08.2023;14:20:44;00:04:58;250,0;95,8;20,0;17,4;22,0;141,4;8,1;0,1;1,46E-1;-541,2;20,00;3,0;3,0;40,61;0,48;0,009;0,8;3,55;0,225
300;08.08.2023;14:20:45;00:04:59;250,1;100,1;20,1;17,4;22,0;142,9;7,9;0,1;1,46E-1;-541,2;20,00;3,0;3,0;40,61;0,48;0,005;0,8;3,59;0,225
301;08.08.2023;14:20:46;00:05:00;250,1;100,1;20,1;17,4;22,1;144,5;8,1;0,1;1,45E-1;-541,2;20,00;3,0;3,0;40,61;0,48;0,006;0,8;3,59;0,225
302;08.08.2023;14:20:47;00:05:01;250,0;100,1;20,2;17,4;22,1;145,3;8,2;0,1;1,45E-1;-541,2;20,00;3,0;3,0;40,61;0,48;0,006;0,8;3,57;0,226
303;08.08.2023;14:20:48;00:05:02;250,2;104,1;20,2;17,4;22,0;146,8;8,0;0,1;1,44E-1;-541,2;20,00;3,0;3,0;40,61;0,48;0,004;0,8;3,55;0,225
304;08.08.2023;14:20:49;00:05:03;250,0;108,0;20,4;17,4;22,0;147,5;8,1;0,1;1,44E-1;-541,2;20,00;3,0;3,1;40,61;0,48;0,005;0,8;3,56;0,225
305;08.08.2023;14:20:50;00:05:04;250,1;108,0;20,4;17,4;22,1;149,0;7,9;0,1;1,43E-1;-541,2;20,00;3,0;3,0;40,61;0,48;0,005;0,8;3,53;0,225
306;08.08.2023;14:20:51;00:05:05;250,2;111,8;20,5;17,5;22,1;150,5;8,1;0,1;1,43E-1;-541,2;20,00;3,0;3,0;40,61;0,48;0,013;0,8;3,56;0,225
307;08.08.2023;14:20:52;00:05:06;250,0;111,8;20,5;17,5;22,1;151,3;7,8;0,1;1,42E-1;-541,2;20,00;3,0;3,0;40,61;0,48;0,009;0,8;3,56;0,225
308;08.08.2023;14:20:53;00:05:07;250,1;115,5;20,6;17,5;22,1;152,9;7,7;0,1;1,42E-1;-541,2;20,00;3,0;3,0;40,61;0,48;0,007;0,8;3,57;0,225
309;08.08.2023;14:20:54;00:05:08;250,1;115,5;20,6;17,4;22,1;154,4;7,8;0,1;1,41E-1;-541,2;20,00;3,0;2,9;40,61;0,48;0,008;0,8;3,53;0,225
310;08.08.2023;14:20:55;00:05:09;250,0;115,4;20,6;17,4;22,0;155,1;7,9;0,1;1,41E-1;-541,2;20,00;3,0;3,1;40,61;0,48;0,012;0,8;3,50;0,225
311;08.08.2023;14:20:56;00:05:10;250,0;119,1;20,6;17,5;22,0;156,6;7,9;0,1;1,40E-1;-541,2;20,00;3,0;3,0;40,61;0,48;0,006;0,8;3,54;0,225
312;08.08.2023;14:20:57;00:05:11;250,3;119,1;20,6;17,5;22,0;158,1;7,9;0,1;1,39E-1;-541,2;20,00;3,0;3,0;40,61;0,48;0,004;0,8;3,55;0,225
313;08.08.2023;14:20:58;00:05:12;250,1;122,8;20,7;17,5;22,0;158,9;7,7;0,1;1,39E-1;-541,2;20,00;3,0;3,0;40,61;0,48;0,008;0,8;3,54;0,225
314;08.08.2023;14:20:59;00:05:13;250,2;126,3;20,7;17,5;22,0;160,5;7,9;0,1;1,38E-1;-541,2;20,00;3,0;3,0;40,61;0,48;-0,005;0,8;3,51;0,225
315;08.08.2023;14:21:00;00:05:14;250,2;126,3;20,7;17,5;22,0;161,3;7,6;0,1;1,38E-1;-541,2;20,00;3,0;3,0;40,61;0,48;0,001;0,8;3,53;0,225
316;08.08.2023;14:21:01;00:05:15;250,1;126,3;20,8;17,5;22,0;162,8;7,8;0,1;1,37E-1;-541,2;20,00;3,0;3,1;40,61;0,48;0,005;0,8;3,50;0,225
317;08.08.2023;14:21:02;00:05:16;250,2;129,6;20,8;17,6;22,0;164,3;7,7;0,1;1,37E-1;-541,2;20,00;3,0;3,0;40,61;0,48;0,005;0,8;3,50;0,225
318;08.08.2023;14:21:03;00:05:17;250,0;129,6;20,8;17,6;22,0;165,0;7,8;0,1;1,36E-1;-541,2;20,00;3,0;3,0;40,61;0,48;0,002;0,8;3,52;0,222
319;08.08.2023;14:21:04;00:05:18;250,1;132,6;20,9;17,6;22,0;166,5;7,7;0,1;1,36E-1;-541,2;20,00;3,0;3,0;40,61;0,48;0,006;0,8;3,49;0,223
320;08.08.2023;14:21:05;00:05:19;250,1;132,6;21,0;17,6;22,1;168,1;7,8;0,1;1,35E-1;-541,2;20,00;3,0;3,0;40,61;0,48;0,006;0,8;3,51;0,225
321;08.08.2023;14:21:06;00:05:20;250,0;135,5;21,0;17,6;22,1;168,9;7,7;0,1;1,35E-1;-541,2;20,00;3,0;3,0;40,61;0,48;0,005;0,8;3,56;0,225
322;08.08.2023;14:21:07;00:05:21;250,2;135,5;21,0;17,7;22,1;170,4;7,8;0,1;1,34E-1;-541,2;20,00;3,0;3,0;40,61;0,48;0,008;0,8;3,50;0,225
323;08.08.2023;14:21:08;00:05:22;250,1;138,2;21,0;17,7;22,1;171,9;7,7;0,1;1,33E-1;-541,2;20,00;3,0;3,0;40,61;0,48;0,006;0,8;3,52;0,225
324;08.08.2023;14:21:09;00:05:23;250,1;138,2;21,1;17,7;22,1;172,6;7,8;0,1;1,33E-1;-541,2;20,00;3,0;3,0;40,61;0,48;0,004;0,8;3,52;0,225
325;08.08.2023;14:21:10;00:05:24;250,0;140,9;21,1;17,7;22,1;174,1;7,7;0,1;1,33E-1;-541,2;20,00;3,0;2,9;40,61;0,48;0,003;0,8;3,52;0,225
326;08.08.2023;14:21:11;00:05:25;250,0;143,5;21,2;17,7;22,1;175,8;7,7;0,1;1,32E-1;-541,2;20,00;3,0;3,0;40,61;0,48;0,003;0,8;3,51;0,225
327;08.08.2023;14:21:12;00:05:26;250,0;143,5;21,2;17,7;22,1;176,5;7,8;0,1;1,32E-1;-541,2;20,00;3,0;3,0;40,61;0,48;0,003;0,8;3,49;0,225
328;08.08.2023;14:21:13;00:05:27;250,1;146,1;21,2;17,7;22,1;178,0;7,7;0,1;1,31E-1;-541,2;20,00;3,0;2,9;40,61;0,48;0,001;0,8;3,49;0,225
329;08.08.2023;14:21:14;00:05:28;250,0;146,1;21,2;17,7;22,2;178,8;7,8;0,1;1,31E-1;-541,2;20,00;3,0;3,0;40,61;0,48;0,002;0,8;3,48;0,225
330;08.08.2023;14:21:15;00:05:29;250,0;146,1;21,3;17,8;22,3;180,3;7,9;0,1;1,30E-1;-541,2;20,00;3,0;3,0;40,61;0,48;0,003;0,8;3,52;0,225
331;08.08.2023;14:21:16;00:05:30;250,0;148,8;21,3;17,8;22,2;181,8;7,9;0,1;1,30E-1;-541,2;20,00;3,0;3,0;40,61;0,48;0,000;0,8;3,55;0,230
332;08.08.2023;14:21:17;00:05:31;250,1;148,8;21,3;17,8;22,2;182,6;8,0;0,1;1,29E-1;-541,2;20,00;3,0;3,0;40,61;0,48;0,001;0,8;3,53;0,225
333;08.08.2023;14:21:18;00:05:32;250,0;151,4;21,4;17,9;22,3;184,1;7,9;0,1;1,29E-1;-541,2;20,00;3,0;3,0;40,61;0,48;0,001;0,8;3,56;0,230
334;08.08.2023;14:21:19;00:05:33;250,0;154,0;21,4;17,9;22,3;185,6;7,9;0,1;1,28E-1;-541,2;20,00;3,0;3,0;40,61;0,48;0,001;0,8;3,56;0,228
335;08.08.2023;14:21:20;00:05:34;250,0;154,0;21,4;17,9;22,3;186,4;7,9;0,1;1,28E-1;-541,2;20,00;3,0;3,0;40,61;0,48;0,006;0,8;3,53;0,227
336;08.08.2023;14:21:21;00:05:35;250,1;154,0;21,4;17,9;22,2;187,9;8,1;0,1;1,27E-1;-541,2;20,00;3,0;3,0;40,61;0,48;0,002;0,8;3,54;0,228
337;08.08.2023;14:21:22;00:05:36;250,0;156,5;21,4;17,9;22,2;189,4;8,0;0,1;1,27E-1;-541,2;20,00;3,0;3,0;40,61;0,48;0,001;0,8;3,53;0,230
338;08.08.2023;14:21:23;00:05:37;250,0;156,5;21,4;17,9;22,2;190,3;8,1;0,1;1,26E-1;-541,2;20,00;3,0;3,1;40,61;0,48;0,004;0,8;3,55;0,230
339;08.08.2023;14:21:24;00:05:38;250,0;158,8;21,5;18,0;22,3;191,8;8,1;0,1;1,26E-1;-541,2;20,00;3,0;3,1;40,61;0,48;0,005;0,8;3,53;0,230
340;08.08.2023;14:21:25;00:05:39;250,1;158,8;21,5;18,0;22,3;193,3;8,2;0,1;1,25E-1;-541,2;20,00;3,0;3,0;40,61;0,48;0,002;0,8;3,54;0,230
341;08.08.2023;14:21:26;00:05:40;250,1;161,1;21,5;18,0;22,3;194,0;8,1;0,1;1,25E-1;-541,2;20,00;3,0;3,0;40,61;0,48;0,004;0,8;3,55;0,230
342;08.08.2023;14:21:27;00:05:41;250,0;161,1;21,6;18,0;22,3;195,5;8,3;0,1;1,24E-1;-541,2;20,00;3,0;3,0;40,61;0,48;0,001;0,8;3,56;0,230
343;08.08.2023;14:21:28;00:05:42;250,0;163,3;21,6;18,0;22,3;196,3;8,2;0,1;1,24E-1;-541,2;20,00;3,0;3,0;40,61;0,48;-0,001;0,8;3,56;0,230
344;08.08.2023;14:21:29;00:05:43;250,2;163,3;21,6;18,0;22,3;197,9;8,3;0,1;1,24E-1;-541,2;20,00;3,0;3,0;40,61;0,48;0,000;0,8;3,54;0,230
345;08.08.2023;14:21:30;00:05:44;250,1;165,5;21,6;18,0;22,3;199,4;8,3;0,1;1,23E-1;-541,2;20,00;3,0;3,0;40,61;0,48;0,002;0,8;3,57;0,232
346;08.08.2023;14:21:31;00:05:45;250,1;165,5;21,6;18,0;22,3;200,1;8,4;0,1;1,23E-1;-541,2;20,00;3,0;3,0;40,61;0,48;0,001;0,8;3,57;0,231
347;08.08.2023;14:21:32;00:05:46;250,1;167,6;21,6;18,1;22,3;201,6;8,4;0,1;1,22E-1;-541,2;20,00;3,0;3,0;40,61;0,48;-0,001;0,8;3,51;0,231
348;08.08.2023;14:21:33;00:05:47;250,1;169,8;21,7;18,1;22,3;203,1;8,3;0,1;1,22E-1;-541,2;20,00;3,0;3,0;40,61;0,48;0,003;0,8;3,54;0,233
349;08.08.2023;14:21:34;00:05:48;250,0;169,8;21,7;18,1;22,3;203,9;8,4;0,1;1,22E-1;-541,2;20,00;3,0;2,9;40,60;0,48;0,000;0,8;3,61;0,230
350;08.08.2023;14:21:35;00:05:49;250,0;169,8;21,7;18,1;22,3;205,5;8,6;0,1;1,21E-1;-541,2;20,00;3,0;3,0;40,61;0,48;-0,003;0,8;3,60;0,234
351;08.08.2023;14:21:36;00:05:50;250,1;172,0;21,7;18,1;22,3;207,0;8,6;0,1;1,20E-1;-541,2;20,00;3,0;3,0;40,61;0,48;0,003;0,8;3,59;0,234
352;08.08.2023;14:21:37;00:05:51;250,0;172,0;21,7;18,1;22,3;207,8;8,6;0,1;1,20E-1;-541,2;20,00;3,0;3,0;40,61;0,48;0,002;0,8;3,61;0,234
353;08.08.2023;14:21:38;00:05:52;250,0;174,2;21,8;18,2;22,3;209,3;8,6;0,1;1,20E-1;-541,2;20,00;3,0;3,0;40,61;0,48;0,001;0,8;3,59;0,234
354;08.08.2023;14:21:39;00:05:53;250,1;174,2;21,8;18,2;22,3;210,8;8,8;0,1;1,19E-1;-541,2;20,00;3,0;3,0;40,61;0,48;0,003;0,8;3,56;0,234
355;08.08.2023;14:21:40;00:05:54;250,1;174,2;21,8;18,2;22,3;211,5;8,9;0,1;1,19E-1;-541,2;20,00;3,0;3,0;40,61;0,48;-0,002;0,8;3,62;0,235
356;08.08.2023;14:21:41;00:05:55;250,1;176,4;21,8;18,2;22,3;213,0;8,8;0,1;1,18E-1;-541,2;20,00;3,0;3,0;40,61;0,48;-0,002;0,8;3,58;0,234
357;08.08.2023;14:21:42;00:05:56;250,1;178,6;21,9;18,2;22,3;213,8;8,8;0,1;1,18E-1;-541,2;20,00;3,0;3,0;40,61;0,48;0,001;0,8;3,57;0,234
358;08.08.2023;14:21:43;00:05:57;250,0;178,6;21,9;18,2;22,3;215,4;8,9;0,1;1,18E-1;-541,2;20,00;3,0;3,0;40,61;0,48;-0,001;0,8;3,58;0,234
359;08.08.2023;14:21:44;00:05:58;250,0;180,7;21,9;18,3;22,3;216,9;8,9;0,1;1,17E-1;-541,2;20,00;3,0;3,0;40,61;0,48;0,000;0,9;3,63;0,238
360;08.08.2023;14:21:45;00:05:59;250,1;180,7;21,9;18,3;22,3;217,6;9,0;0,1;1,17E-1;-541,2;20,00;3,0;3,0;40,61;0,48;0,006;0,9;3,58;0,236
361;08.08.2023;14:21:46;00:06:00;250,1;182,8;22,0;18,3;22,4;219,1;8,9;0,1;1,16E-1;-541,2;20,00;3,0;3,0;40,61;0,48;0,001;0,9;3,62;0,238
362;08.08.2023;14:21:47;00:06:01;250,1;184,7;22,0;18,4;22,4;220,6;9,1;0,1;1,16E-1;-541,2;20,00;3,0;2,9;40,61;0,48;-0,002;0,9;3,63;0,239
363;08.08.2023;14:21:48;00:06:02;250,2;184,7;22,0;18,4;22,4;221,5;9,0;0,1;1,16E-1;-541,2;20,00;3,0;3,0;40,61;0,48;-0,003;0,9;3,64;0,239
364;08.08.2023;14:21:49;00:06:03;250,1;184,7;22,0;18,4;22,4;223,0;9,2;0,1;1,15E-1;-541,2;20,00;3,0;3,0;40,61;0,48;-0,006;0,9;3,60;0,239
365;08.08.2023;14:21:50;00:06:04;250,0;186,7;22,0;18,4;22,4;224,5;9,2;0,1;1,15E-1;-541,2;20,00;3,0;3,0;40,61;0,48;-0,003;0,9;3,64;0,241
366;08.08.2023;14:21:51;00:06:05;250,1;186,7;22,0;18,4;22,4;225,3;9,3;0,1;1,14E-1;-541,2;20,00;3,0;3,0;40,61;0,48;-0,002;0,9;3,64;0,239
367;08.08.2023;14:21:52;00:06:06;250,0;188,6;22,1;18,4;22,4;226,8;9,3;0,1;1,14E-1;-541,2;20,00;3,0;3,0;40,61;0,48;-0,001;0,9;3,62;0,239
368;08.08.2023;14:21:53;00:06:07;250,1;188,6;22,1;18,5;22,4;227,5;9,3;0,1;1,14E-1;-541,2;20,00;3,0;3,0;40,61;0,48;-0,003;0,9;3,66;0,241
369;08.08.2023;14:21:54;00:06:08;250,2;190,6;22,1;18,5;22,4;229,1;9,4;0,1;1,14E-1;-541,2;20,00;3,0;3,0;40,61;0,48;-0,001;0,9;3,66;0,241
370;08.08.2023;14:21:55;00:06:09;250,0;190,5;22,1;18,4;22,3;230,6;9,5;0,1;1,13E-1;-541,2;20,00;3,0;3,0;40,61;0,48;-0,001;0,9;3,64;0,243
371;08.08.2023;14:21:56;00:06:10;250,1;190,5;22,1;18,4;22,3;231,4;9,6;0,1;1,13E-1;-541,2;20,00;3,0;3,0;40,61;0,49;0,000;0,9;3,67;0,244
372;08.08.2023;14:21:57;00:06:11;250,1;192,6;22,1;18,4;22,3;232,9;9,6;0,1;1,13E-1;-541,2;20,00;3,0;3,0;40,61;0,48;0,006;0,9;3,65;0,244
373;08.08.2023;14:21:58;00:06:12;250,1;194,6;22,2;18,4;22,4;234,4;9,6;0,1;1,12E-1;-541,2;20,00;3,0;3,1;40,61;0,48;0,006;0,9;3,70;0,244
374;08.08.2023;14:21:59;00:06:13;250,0;194,6;22,2;18,4;22,4;235,1;9,7;0,1;1,12E-1;-541,2;20,00;3,0;3,0;40,61;0,48;0,009;0,9;3,66;0,244
375;08.08.2023;14:22:00;00:06:14;250,1;196,7;22,2;18,5;22,4;236,8;9,8;0,1;1,12E-1;-541,2;20,00;3,0;3,0;40,61;0,48;0,002;0,9;3,67;0,244
376;08.08.2023;14:22:01;00:06:15;250,1;196,7;22,2;18,5;22,4;238,3;9,8;0,1;1,11E-1;-541,2;20,00;3,0;3,1;40,61;0,48;0,006;0,9;3,69;0,245
377;08.08.2023;14:22:02;00:06:16;250,0;198,7;22,2;18,5;22,4;239,0;9,8;0,1;1,11E-1;-541,2;20,00;3,0;3,0;40,61;0,48;0,001;0,9;3,68;0,248
378;08.08.2023;14:22:03;00:06:17;250,0;198,7;22,3;18,6;22,4;240,5;9,9;0,1;1,11E-1;-541,2;20,00;3,0;3,0;40,61;0,48;0,001;0,9;3,70;0,245
379;08.08.2023;14:22:04;00:06:18;250,0;200,7;22,3;18,6;22,4;242,0;9,9;0,1;1,10E-1;-541,2;20,00;3,0;3,0;40,61;0,48;0,000;0,9;3,69;0,248
380;08.08.2023;14:22:05;00:06:19;250,0;200,7;22,3;18,6;22,4;242,8;10,0;0,1;1,10E-1;-541,2;20,00;3,0;3,0;40,61;0,48;-0,005;0,9;3,71;0,249
381;08.08.2023;14:22:06;00:06:20;250,1;202,6;22,3;18,6;22,4;244,4;10,0;0,1;1,10E-1;-541,2;20,00;3,0;3,0;40,61;0,48;-0,002;0,9;3,73;0,249
382;08.08.2023;14:22:07;00:06:21;250,0;202,6;22,3;18,6;22,4;245,1;10,1;0,1;1,10E-1;-541,2;20,00;3,0;3,0;40,61;0,48;-0,001;0,9;3,75;0,249
383;08.08.2023;14:22:08;00:06:22;250,0;204,6;22,4;18,6;22,4;246,6;10,1;0,1;1,09E-1;-541,2;20,00;3,0;2,9;40,61;0,49;-0,002;0,9;3,67;0,249
384;08.08.2023;14:22:09;00:06:23;250,0;204,6;22,4;18,7;22,4;248,1;10,3;0,1;1,09E-1;-541,2;20,00;3,0;3,0;40,61;0,48;0,001;0,9;3,69;0,249
385;08.08.2023;14:22:10;00:06:24;250,2;206,5;22,4;18,7;22,5;248,9;10,2;0,1;1,09E-1;-541,2;20,00;3,0;3,0;40,61;0,48;0,000;0,9;3,75;0,250
386;08.08.2023;14:22:11;00:06:25;250,0;206,5;22,5;18,7;22,5;250,4;10,3;0,1;1,09E-1;-541,2;20,00;3,0;3,0;40,61;0,48;-0,001;0,9;3,73;0,251
387;08.08.2023;14:22:12;00:06:26;250,2;208,4;22,5;18,7;22,3;252,0;10,4;0,1;1,09E-1;-541,2;20,00;3,0;2,9;40,61;0,48;-0,004;0,9;3,78;0,250
388;08.08.2023;14:22:13;00:06:27;250,0;210,3;22,5;18,7;22,3;252,8;10,4;0,1;1,08E-1;-541,2;20,00;3,0;3,0;40,61;0,49;-0,001;0,9;3,72;0,253
389;08.08.2023;14:22:14;00:06:28;250,2;210,3;22,5;18,7;22,3;254,3;10,4;0,1;1,08E-1;-541,2;20,00;3,0;3,0;40,61;0,48;-0,003;0,9;3,73;0,251
390;08.08.2023;14:22:15;00:06:29;250,1;210,3;22,6;18,8;22,3;255,8;10,6;0,1;1,08E-1;-541,2;20,00;3,0;3,0;40,61;0,48;-0,004;1,0;3,76;0,254
391;08.08.2023;14:22:16;00:06:30;250,1;210,3;22,6;18,8;22,3;256,5;10,7;0,1;1,07E-1;-541,2;20,00;3,0;3,1;40,61;0,48;-0,001;1,0;3,75;0,254
392;08.08.2023;14:22:17;00:06:31;250,1;212,4;22,6;18,8;22,3;258,0;10,7;0,1;1,07E-1;-541,2;20,00;3,0;3,0;40,61;0,48;0,002;1,0;3,78;0,254
393;08.08.2023;14:22:18;00:06:32;250,0;214,5;22,6;18,8;22,3;259,6;10,7;0,1;1,07E-1;-541,2;20,00;3,0;3,0;40,61;0,48;0,001;1,0;3,72;0,254
394;08.08.2023;14:22:19;00:06:33;250,2;214,5;22,6;18,8;22,3;260,4;10,8;0,1;1,07E-1;-541,2;20,00;3,0;3,0;40,61;0,48;0,002;1,0;3,78;0,254
395;08.08.2023;14:22:20;00:06:34;250,2;216,6;22,7;18,8;22,5;261,9;10,8;0,1;1,06E-1;-541,2;20,00;3,0;3,0;40,61;0,48;0,003;1,0;3,76;0,254
396;08.08.2023;14:22:21;00:06:35;250,1;216,6;22,7;18,8;22,5;262,6;10,9;0,1;1,06E-1;-541,2;20,00;3,0;3,0;40,61;0,48;0,006;1,0;3,77;0,257
397;08.08.2023;14:22:22;00:06:36;250,1;218,6;22,7;18,9;22,5;264,1;10,9;0,1;1,06E-1;-541,2;20,00;3,0;3,0;40,61;0,48;0,007;1,0;3,80;0,255
398;08.08.2023;14:22:23;00:06:37;250,0;218,6;22,8;18,9;22,5;265,6;11,0;0,1;1,06E-1;-541,2;20,00;3,0;3,0;40,61;0,48;0,005;1,0;3,74;0,258
399;08.08.2023;14:22:24;00:06:38;250,0;220,6;22,8;18,9;22,6;266,4;10,9;0,1;1,05E-1;-541,2;20,00;3,0;3,0;40,61;0,48;0,000;1,0;3,78;0,258
400;08.08.2023;14:22:25;00:06:39;250,1;220,6;22,8;18,9;22,6;268,0;11,1;0,1;1,05E-1;-541,2;20,00;3,0;3,1;40,61;0,48;0,005;1,0;3,79;0,259
401;08.08.2023;14:22:26;00:06:40;250,1;222,6;22,8;18,9;22,6;269,5;11,1;0,1;1,05E-1;-541,2;20,00;3,0;3,1;40,61;0,49;0,001;1,0;3,82;0,259
402;08.08.2023;14:22:27;00:06:41;250,1;222,6;22,8;18,9;22,6;270,3;11,2;0,1;1,05E-1;-541,2;20,00;3,0;3,1;40,61;0,48;0,001;1,0;3,80;0,259
403;08.08.2023;14:22:28;00:06:42;250,0;224,6;22,8;19,0;22,6;271,8;11,2;0,1;1,04E-1;-541,2;20,00;3,0;3,0;40,61;0,48;-0,001;1,0;3,79;0,259
404;08.08.2023;14:22:29;00:06:43;250,1;224,6;22,9;19,0;22,6;273,3;11,4;0,1;1,04E-1;-541,2;20,00;3,0;3,0;40,61;0,48;-0,003;1,0;3,80;0,260
405;08.08.2023;14:22:30;00:06:44;250,2;226,7;22,9;19,0;22,6;274,0;11,3;0,1;1,04E-1;-541,2;20,00;3,0;3,0;40,61;0,48;-0,004;1,0;3,81;0,262
406;08.08.2023;14:22:31;00:06:45;250,0;226,7;22,9;19,0;22,6;275,6;11,5;0,1;1,03E-1;-541,2;20,00;3,0;3,0;40,61;0,48;0,000;1,0;3,82;0,263
407;08.08.2023;14:22:32;00:06:46;250,2;228,7;22,9;19,0;22,6;276,4;11,4;0,1;1,03E-1;-541,2;20,00;3,0;3,0;40,61;0,49;-0,001;1,0;3,81;0,263
408;08.08.2023;14:22:33;00:06:47;250,0;228,7;23,0;19,0;22,6;277,9;11,6;0,1;1,03E-1;-541,2;20,00;3,0;3,0;40,61;0,48;-0,001;1,0;3,80;0,264
409;08.08.2023;14:22:34;00:06:48;250,0;230,6;23,0;19,1;22,6;279,4;11,6;0,1;1,03E-1;-541,2;20,00;3,0;3,0;40,61;0,48;0,003;1,0;3,84;0,264
410;08.08.2023;14:22:35;00:06:49;250,0;230,6;23,0;19,1;22,5;280,1;11,7;0,1;1,03E-1;-541,2;20,00;3,0;3,1;40,61;0,48;0,003;1,0;3,83;0,264
411;08.08.2023;14:22:36;00:06:50;250,0;230,6;23,0;19,1;22,5;281,6;11,8;0,1;1,02E-1;-541,2;20,00;3,0;2,9;40,61;0,48;0,007;1,0;3,88;0,264
412;08.08.2023;14:22:37;00:06:51;250,0;232,6;23,0;19,1;22,5;283,3;11,9;0,1;1,02E-1;-541,2;20,00;3,0;3,0;40,61;0,48;0,004;1,0;3,85;0,265
413;08.08.2023;14:22:38;00:06:52;250,1;234,7;23,0;19,1;22,5;284,0;11,8;0,1;1,02E-1;-541,2;20,00;3,0;3,0;40,61;0,48;0,001;1,0;3,86;0,266
414;08.08.2023;14:22:39;00:06:53;250,1;234,7;23,1;19,1;22,5;285,5;11,9;0,1;1,01E-1;-541,2;20,00;3,0;3,0;40,61;0,48;0,002;1,0;3,86;0,266
415;08.08.2023;14:22:40;00:06:54;250,0;236,8;23,1;19,1;22,6;287,0;12,0;0,1;1,01E-1;-541,2;20,00;3,0;2,9;40,61;0,48;0,003;1,0;3,89;0,269
416;08.08.2023;14:22:41;00:06:55;250,0;236,8;23,1;19,1;22,6;287,8;12,0;0,1;1,01E-1;-541,2;20,00;3,0;3,0;40,61;0,48;0,003;1,0;3,88;0,269
417;08.08.2023;14:22:42;00:06:56;250,2;239,0;23,1;19,2;22,6;289,3;12,0;0,1;1,01E-1;-541,2;20,00;3,0;3,0;40,61;0,48;0,000;1,0;3,87;0,269
418;08.08.2023;14:22:43;00:06:57;250,0;240,9;23,2;19,2;22,6;290,9;12,1;0,1;1,00E-1;-541,2;20,00;3,0;3,0;40,61;0,48;-0,003;1,0;3,89;0,269
419;08.08.2023;14:22:44;00:06:58;250,0;240,9;23,2;19,2;22,6;291,6;12,1;0,1;1,00E-1;-541,2;20,00;3,0;2,9;40,61;0,48;-0,004;1,0;3,89;0,269
420;08.08.2023;14:22:45;00:06:59;250,0;240,9;23,2;19,2;22,7;293,1;12,3;0,1;9,99E-2;-541,2;20,00;3,0;3,0;40,61;0,48;0,000;1,1;3,89;0,269
421;08.08.2023;14:22:46;00:07:00;250,0;242,9;23,2;19,3;22,7;293,9;12,3;0,1;9,98E-2;-541,2;20,00;3,0;3,0;40,61;0,48;0,000;1,0;3,89;0,271
422;08.08.2023;14:22:47;00:07:01;250,2;242,9;23,2;19,3;22,7;295,4;12,4;0,1;9,95E-2;-541,2;20,00;3,0;3,1;40,61;0,49;0,002;1,0;3,91;0,272
423;08.08.2023;14:22:48;00:07:02;250,1;244,9;23,3;19,3;22,7;296,9;12,4;0,1;9,92E-2;-541,2;20,00;3,0;2,9;40,61;0,48;0,002;1,1;3,90;0,272
424;08.08.2023;14:22:49;00:07:03;250,1;244,9;23,3;19,3;22,7;297,8;12,5;0,1;9,91E-2;-541,2;20,00;3,0;3,0;40,61;0,48;0,002;1,1;3,91;0,272
425;08.08.2023;14:22:50;00:07:04;250,0;246,9;23,3;19,3;22,8;299,3;12,5;0,1;9,87E-2;-541,2;20,00;3,0;3,1;40,61;0,48;0,005;1,1;3,91;0,274
426;08.08.2023;14:22:51;00:07:05;250,2;248,9;23,4;19,4;22,8;300,8;12,7;0,1;9,85E-2;-541,2;20,00;3,0;3,0;40,61;0,49;0,002;1,1;3,90;0,274
427;08.08.2023;14:22:52;00:07:06;250,2;248,9;23,4;19,4;22,8;301,5;12,6;0,1;9,84E-2;-541,2;20,00;3,0;3,0;40,61;0,48;0,004;1,1;3,94;0,274
428;08.08.2023;14:22:53;00:07:07;250,0;248,9;23,4;19,4;22,8;303,0;12,8;0,1;9,81E-2;-541,2;20,00;3,0;3,0;40,61;0,49;-0,004;1,1;3,92;0,274
429;08.08.2023;14:22:54;00:07:08;250,0;250,9;23,4;19,4;22,8;304,5;12,8;0,1;9,79E-2;-541,2;20,00;3,0;3,0;40,61;0,49;-0,004;1,1;3,93;0,276
430;08.08.2023;14:22:55;00:07:09;250,1;250,9;23,4;19,4;22,7;305,4;12,9;0,1;9,76E-2;-541,2;20,00;3,0;2,9;40,61;0,48;0,000;1,1;3,97;0,274
431;08.08.2023;14:22:56;00:07:10;250,1;253,0;23,4;19,4;22,7;306,9;13,0;0,1;9,74E-2;-541,2;20,00;3,0;3,0;40,61;0,49;-0,001;1,1;3,95;0,278
432;08.08.2023;14:22:57;00:07:11;250,1;253,0;23,4;19,4;22,7;308,4;13,1;0,1;9,71E-2;-541,2;20,00;3,0;3,0;40,61;0,48;0,001;1,1;3,90;0,277
433;08.08.2023;14:22:58;00:07:12;250,2;255,1;23,5;19,4;22,7;309,1;13,0;0,1;9,70E-2;-541,2;20,00;3,0;2,9;40,61;0,49;-0,001;1,1;3,95;0,278
434;08.08.2023;14:22:59;00:07:13;250,1;255,1;23,5;19,5;22,7;310,6;13,1;0,1;9,68E-2;-541,2;20,00;3,0;3,0;40,61;0,48;0,000;1,1;3,95;0,278
435;08.08.2023;14:23:00;00:07:14;250,1;255,1;23,5;19,5;22,7;311,4;13,2;0,1;9,66E-2;-541,2;20,00;3,0;3,0;40,61;0,49;0,003;1,1;3,98;0,279
436;08.08.2023;14:23:01;00:07:15;250,0;257,3;23,5;19,5;22,7;313,0;13,2;0,1;9,63E-2;-541,2;20,00;3,0;3,0;40,61;0,49;0,004;1,1;3,96;0,281
437;08.08.2023;14:23:02;00:07:16;250,0;259,5;23,6;19,5;22,8;314,5;13,2;0,1;9,61E-2;-541,2;20,00;3,0;3,0;40,61;0,48;0,000;1,1;3,99;0,280
438;08.08.2023;14:23:03;00:07:17;250,1;259,5;23,6;19,5;22,8;315,3;13,3;0,1;9,58E-2;-541,2;20,00;3,0;3,0;40,61;0,49;0,000;1,1;3,96;0,281
439;08.08.2023;14:23:04;00:07:18;250,0;261,5;23,7;19,5;22,8;316,8;13,3;0,1;9,56E-2;-541,2;20,00;3,0;3,0;40,61;0,48;-0,002;1,1;3,95;0,280
440;08.08.2023;14:23:05;00:07:19;250,2;261,5;23,7;19,5;22,8;318,3;13,5;0,1;9,53E-2;-541,2;20,00;3,0;3,0;40,61;0,48;-0,001;1,1;3,97;0,282
441;08.08.2023;14:23:06;00:07:20;250,1;263,6;23,7;19,6;22,8;319,0;13,4;0,1;9,52E-2;-541,2;20,00;3,0;3,0;40,61;0,49;-0,002;1,1;4,02;0,283
442;08.08.2023;14:23:07;00:07:21;250,3;263,6;23,8;19,6;22,8;320,6;13,6;0,1;9,50E-2;-541,2;20,00;3,0;3,0;40,61;0,48;0,002;1,1;3,95;0,283
443;08.08.2023;14:23:08;00:07:22;250,0;265,6;23,8;19,6;22,8;322,1;13,6;0,1;9,46E-2;-541,2;20,00;3,0;3,0;40,61;0,48;0,001;1,1;3,98;0,283
444;08.08.2023;14:23:09;00:07:23;250,2;265,6;23,8;19,6;22,8;322,9;13,7;0,1;9,45E-2;-541,2;20,00;3,0;3,0;40,61;0,49;0,002;1,1;3,96;0,283
445;08.08.2023;14:23:10;00:07:24;250,1;267,7;23,8;19,6;22,8;324,4;13,7;0,1;9,43E-2;-541,2;20,00;3,0;3,0;40,61;0,49;0,000;1,1;3,98;0,284
446;08.08.2023;14:23:11;00:07:25;250,1;267,7;23,8;19,6;22,8;325,1;13,8;0,1;9,41E-2;-541,2;20,00;3,0;3,0;40,61;0,48;0,003;1,1;3,99;0,286
447;08.08.2023;14:23:12;00:07:26;250,3;269,8;23,9;19,6;22,8;326,6;13,8;0,1;9,39E-2;-541,2;20,00;3,0;2,9;40,61;0,49;0,003;1,1;3,99;0,284
448;08.08.2023;14:23:13;00:07:27;250,1;269,8;23,9;19,6;22,8;328,3;14,0;0,1;9,36E-2;-541,2;20,00;3,0;3,0;40,61;0,49;0,009;1,1;4,02;0,287
449;08.08.2023;14:23:14;00:07:28;250,0;272,0;23,9;19,7;22,8;329,0;13,9;0,1;9,35E-2;-541,2;20,00;3,0;3,0;40,61;0,48;0,006;1,2;4,03;0,288
450;08.08.2023;14:23:15;00:07:29;250,3;272,0;24,0;19,7;22,9;330,5;14,1;0,1;9,33E-2;-541,2;20,00;3,0;3,0;40,61;0,49;0,004;1,2;3,96;0,288
451;08.08.2023;14:23:16;00:07:30;250,0;274,4;24,1;19,8;22,9;332,0;14,1;0,1;9,30E-2;-541,2;20,00;3,0;3,0;40,61;0,49;-0,001;1,2;4,01;0,288
452;08.08.2023;14:23:17;00:07:31;250,0;274,4;24,1;19,8;22,9;332,8;14,1;0,1;9,29E-2;-541,2;20,00;3,0;3,0;40,61;0,49;0,001;1,2;4,02;0,289
453;08.08.2023;14:23:18;00:07:32;250,0;276,7;24,1;19,9;22,9;334,3;14,1;0,1;9,27E-2;-541,2;20,00;3,0;3,0;40,61;0,49;0,000;1,2;4,01;0,292
454;08.08.2023;14:23:19;00:07:33;250,0;276,7;24,2;19,9;23,0;335,9;14,3;0,1;9,24E-2;-541,2;20,00;3,0;3,0;40,61;0,48;-0,001;1,2;4,03;0,289
455;08.08.2023;14:23:20;00:07:34;250,0;276,7;24,2;19,9;23,0;336,6;14,4;0,1;9,23E-2;-541,2;20,00;3,0;2,9;40,61;0,49;-0,004;1,2;4,06;0,292
456;08.08.2023;14:23:21;00:07:35;250,1;278,9;24,2;19,9;23,0;338,1;14,4;0,1;9,21E-2;-541,2;20,00;3,0;3,0;40,61;0,49;-0,003;1,2;4,04;0,291
457;08.08.2023;14:23:22;00:07:36;250,0;281,2;24,2;19,9;23,0;339,6;14,4;0,1;9,17E-2;-541,2;20,00;3,0;3,0;40,61;0,48;-0,002;1,2;4,03;0,292
458;08.08.2023;14:23:23;00:07:37;250,1;281,2;24,2;19,9;23,0;340,4;14,5;0,1;9,17E-2;-541,2;20,00;3,0;3,0;40,61;0,49;-0,001;1,2;4,11;0,293
459;08.08.2023;14:23:24;00:07:38;250,0;283,3;24,3;20,0;23,0;341,9;14,7;0,1;9,14E-2;-541,2;20,00;3,0;3,0;40,61;0,48;0,001;1,2;4,08;0,293
460;08.08.2023;14:23:25;00:07:39;250,3;283,3;24,3;20,0;23,0;342,6;14,6;0,1;9,13E-2;-541,2;20,00;3,0;3,0;40,61;0,49;0,000;1,2;4,09;0,293
461;08.08.2023;14:23:26;00:07:40;250,0;285,4;24,3;20,0;23,0;344,3;14,6;0,1;9,11E-2;-541,2;20,00;3,0;3,0;40,61;0,49;0,001;1,2;4,08;0,293
462;08.08.2023;14:23:27;00:07:41;250,2;285,4;24,4;20,0;23,0;345,8;14,8;0,1;9,09E-2;-541,2;20,00;3,0;3,0;40,61;0,48;0,001;1,2;4,08;0,295
463;08.08.2023;14:23:28;00:07:42;250,1;287,5;24,4;20,0;23,0;346,5;14,7;0,1;9,08E-2;-541,2;20,00;3,0;2,9;40,61;0,48;-0,004;1,2;4,06;0,294
464;08.08.2023;14:23:29;00:07:43;250,1;287,5;24,4;20,0;23,0;348,0;14,9;0,1;9,07E-2;-541,2;20,00;3,0;3,0;40,61;0,48;0,001;1,2;4,11;0,294
465;08.08.2023;14:23:30;00:07:44;250,1;289,7;24,5;20,1;23,0;349,5;14,9;0,1;9,05E-2;-541,2;20,00;3,0;3,0;40,61;0,49;0,000;1,2;4,07;0,297
466;08.08.2023;14:23:31;00:07:45;250,1;289,7;24,5;20,1;23,0;350,3;14,9;0,1;9,05E-2;-541,2;20,00;3,0;3,0;40,61;0,49;0,000;1,2;4,08;0,298
467;08.08.2023;14:23:32;00:07:46;250,0;291,8;24,5;20,1;23,0;351,9;15,0;0,1;9,02E-2;-541,2;20,00;3,0;3,0;40,61;0,49;0,002;1,2;4,09;0,297
468;08.08.2023;14:23:33;00:07:47;250,1;291,8;24,6;20,1;23,0;353,4;15,1;0,1;9,00E-2;-541,2;20,00;3,0;3,0;40,61;0,49;0,003;1,2;4,09;0,298
469;08.08.2023;14:23:34;00:07:48;250,0;293,9;24,6;20,2;23,0;354,1;15,1;0,1;8,99E-2;-541,2;20,00;3,0;3,0;40,61;0,49;0,001;1,2;4,08;0,299
470;08.08.2023;14:23:35;00:07:49;250,1;293,9;24,6;20,2;23,0;355,6;15,2;0,1;8,96E-2;-541,2;20,00;3,0;3,0;40,61;0,49;0,000;1,2;4,13;0,302
471;08.08.2023;14:23:36;00:07:50;250,1;296,2;24,6;20,2;23,0;357,1;15,3;0,1;8,94E-2;-541,2;20,00;3,0;2,9;40,61;0,48;-0,002;1,2;4,15;0,303
472;08.08.2023;14:23:37;00:07:51;250,0;296,2;24,6;20,2;23,0;357,9;15,3;0,1;8,94E-2;-541,2;20,00;3,0;3,0;40,61;0,48;-0,003;1,2;4,14;0,302
473;08.08.2023;14:23:38;00:07:52;250,1;298,5;24,6;20,2;23,0;359,5;15,3;0,1;8,91E-2;-541,2;20,00;3,0;2,9;40,61;0,48;-0,003;1,3;4,13;0,303
474;08.08.2023;14:23:39;00:07:53;250,1;298,5;24,6;20,2;23,0;360,3;15,4;0,1;8,89E-2;-541,2;20,00;3,0;3,0;40,61;0,49;-0,001;1,3;4,11;0,303
475;08.08.2023;14:23:40;00:07:54;250,1;298,5;24,7;20,3;23,0;361,8;15,6;0,1;8,88E-2;-541,2;20,00;3,0;3,0;40,61;0,49;0,000;1,3;4,12;0,303
476;08.08.2023;14:23:41;00:07:55;250,1;300,8;24,7;20,3;23,1;363,3;15,6;0,1;8,86E-2;-541,2;20,00;3,0;3,0;40,61;0,48;0,008;1,2;4,07;0,303
477;08.08.2023;14:23:42;00:07:56;250,1;303,1;24,8;20,3;23,1;364,0;15,6;0,1;8,84E-2;-541,2;20,00;3,0;3,0;40,61;0,49;0,006;1,2;4,14;0,303
478;08.08.2023;14:23:43;00:07:57;250,1;303,1;24,8;20,3;23,1;365,5;15,7;0,1;8,82E-2;-541,2;20,00;3,0;3,0;40,61;0,48;0,011;1,3;4,11;0,303
479;08.08.2023;14:23:44;00:07:58;250,2;305,3;24,8;20,3;23,1;367,1;15,7;0,1;8,80E-2;-541,2;20,00;3,0;3,0;40,61;0,48;0,008;1,3;4,16;0,308
480;08.08.2023;14:23:45;00:07:59;250,1;305,3;24,8;20,3;23,1;367,9;15,8;0,1;8,79E-2;-541,2;20,00;3,0;3,0;40,61;0,49;0,002;1,3;4,14;0,307
481;08.08.2023;14:23:46;00:08:00;250,0;307,5;24,9;20,4;23,2;369,4;15,8;0,1;8,77E-2;-541,2;20,00;3,0;3,0;40,61;0,48;0,002;1,3;4,17;0,308
482;08.08.2023;14:23:47;00:08:01;250,2;309,7;24,9;20,4;23,2;370,9;15,9;0,1;8,75E-2;-541,2;20,00;3,0;3,0;40,61;0,49;0,001;1,3;4,15;0,309
483;08.08.2023;14:23:48;00:08:02;250,0;309,7;24,9;20,4;23,2;371,6;15,9;0,1;8,73E-2;-541,2;20,00;3,0;3,0;40,61;0,49;-0,001;1,3;4,15;0,310
484;08.08.2023;14:23:49;00:08:03;250,3;309,7;25,0;20,4;23,2;373,1;16,0;0,1;8,71E-2;-541,2;20,00;3,0;3,0;40,61;0,49;-0,002;1,3;4,13;0,310
485;08.08.2023;14:23:50;00:08:04;250,0;311,8;25,0;20,5;23,1;374,0;16,1;0,1;8,70E-2;-541,2;20,00;3,0;3,0;40,61;0,49;-0,005;1,3;4,22;0,313
486;08.08.2023;14:23:51;00:08:05;250,1;311,8;25,0;20,5;23,1;375,5;16,1;0,1;8,68E-2;-541,2;20,00;3,0;3,0;40,61;0,49;-0,004;1,3;4,19;0,313
487;08.08.2023;14:23:52;00:08:06;250,2;314,0;25,0;20,5;23,1;377,0;16,1;0,1;8,66E-2;-541,2;20,00;3,0;3,0;40,61;0,49;-0,002;1,3;4,19;0,313
488;08.08.2023;14:23:53;00:08:07;250,1;314,0;25,1;20,5;23,1;377,8;16,2;0,1;8,65E-2;-541,2;20,00;3,0;3,0;40,61;0,49;-0,002;1,3;4,22;0,313
489;08.08.2023;14:23:54;00:08:08;250,1;316,2;25,1;20,5;23,1;379,3;16,3;0,1;8,63E-2;-541,2;20,00;3,0;3,0;40,61;0,49;-0,003;1,3;4,15;0,313
490;08.08.2023;14:23:55;00:08:09;250,0;316,2;25,1;20,5;23,1;380,8;16,4;0,1;8,61E-2;-541,2;20,00;3,0;3,0;40,61;0,48;0,001;1,3;4,20;0,313
491;08.08.2023;14:23:56;00:08:10;250,0;316,2;25,1;20,5;23,1;381,6;16,5;0,1;8,59E-2;-541,2;20,00;3,0;3,0;40,61;0,49;0,001;1,3;4,21;0,314
492;08.08.2023;14:23:57;00:08:11;250,1;318,6;25,1;20,6;23,2;383,1;16,5;0,1;8,58E-2;-541,2;20,00;3,0;3,0;40,61;0,49;-0,002;1,3;4,19;0,314
493;08.08.2023;14:23:58;00:08:12;250,0;318,6;25,2;20,6;23,2;384,6;16,7;0,1;8,56E-2;-541,2;20,00;3,0;3,0;40,61;0,48;0,003;1,3;4,20;0,315
494;08.08.2023;14:23:59;00:08:13;250,0;321,0;25,2;20,6;23,2;385,4;16,6;0,1;8,55E-2;-541,2;20,00;3,0;3,0;40,61;0,49;0,003;1,3;4,20;0,317
495;08.08.2023;14:24:00;00:08:14;250,0;323,5;25,2;20,6;23,2;386,9;16,8;0,1;8,53E-2;-541,2;20,00;3,0;3,0;40,61;0,48;0,005;1,3;4,23;0,317
496;08.08.2023;14:24:01;00:08:15;250,1;323,5;25,2;20,6;23,2;388,4;16,7;0,1;8,51E-2;-541,2;20,00;3,0;3,0;40,61;0,49;0,000;1,3;4,22;0,317
497;08.08.2023;14:24:02;00:08:16;250,1;326,0;25,3;20,7;23,2;389,3;16,7;0,1;8,50E-2;-541,2;20,00;3,0;3,0;40,61;0,49;-0,001;1,3;4,26;0,317
498;08.08.2023;14:24:03;00:08:17;250,0;326,0;25,4;20,7;23,2;390,8;16,8;0,1;8,48E-2;-541,2;20,00;3,0;3,0;40,61;0,48;0,001;1,3;4,22;0,317
499;08.08.2023;14:24:04;00:08:18;250,0;326,0;25,4;20,7;23,2;391,5;16,9;0,1;8,47E-2;-541,2;20,00;3,0;3,0;40,61;0,49;-0,001;1,3;4,26;0,317
500;08.08.2023;14:24:05;00:08:19;250,0;328,3;25,4;20,7;23,2;393,0;16,9;0,1;8,45E-2;-541,2;20,00;3,0;3,0;40,61;0,48;0,001;1,4;4,24;0,320
501;08.08.2023;14:24:06;00:08:20;250,0;330,6;25,4;20,8;23,2;394,5;16,9;0,1;8,43E-2;-541,2;20,00;3,0;3,0;40,61;0,49;0,003;1,4;4,25;0,320
502;08.08.2023;14:24:07;00:08:21;250,0;330,6;25,4;20,8;23,2;395,3;17,0;0,1;8,42E-2;-541,2;20,00;3,0;3,0;40,61;0,48;0,007;1,4;4,21;0,320
503;08.08.2023;14:24:08;00:08:22;250,0;330,6;25,5;20,8;23,2;396,8;17,2;0,1;8,41E-2;-541,2;20,00;3,0;3,0;40,61;0,49;0,003;1,4;4,24;0,322
504;08.08.2023;14:24:09;00:08:23;250,1;332,9;25,5;20,8;23,3;398,4;17,2;0,1;8,38E-2;-541,2;20,00;3,0;3,0;40,61;0,49;-0,002;1,4;4,27;0,322
505;08.08.2023;14:24:10;00:08:24;250,1;335,1;25,6;20,8;23,3;399,1;17,1;0,1;8,37E-2;-541,2;20,00;3,0;2,9;40,61;0,48;-0,002;1,4;4,28;0,322
506;08.08.2023;14:24:11;00:08:25;250,0;335,1;25,6;20,8;23,3;400,6;17,3;0,1;8,36E-2;-541,2;20,00;3,0;3,0;40,61;0,49;0,001;1,4;4,30;0,322
507;08.08.2023;14:24:12;00:08:26;250,0;337,4;25,6;20,9;23,3;402,1;17,3;0,1;8,34E-2;-541,2;20,00;3,0;3,0;40,61;0,49;0,003;1,4;4,27;0,322
508;08.08.2023;14:24:13;00:08:27;250,1;337,4;25,6;20,9;23,3;402,9;17,3;0,1;8,33E-2;-541,2;20,00;3,0;3,0;40,61;0,49;0,002;1,4;4,24;0,325
509;08.08.2023;14:24:14;00:08:28;250,0;339,7;25,7;20,9;23,3;404,4;17,3;0,1;8,31E-2;-541,2;20,00;3,0;3,0;40,61;0,49;0,007;1,4;4,28;0,327
510;08.08.2023;14:24:15;00:08:29;250,1;339,7;25,6;20,9;23,2;406,0;17,5;0,1;8,29E-2;-541,2;20,00;3,0;3,0;40,61;0,49;0,003;1,4;4,25;0,327
511;08.08.2023;14:24:16;00:08:30;250,0;339,7;25,7;20,9;23,2;406,8;17,6;0,1;8,29E-2;-541,2;20,00;3,0;3,0;40,61;0,49;-0,001;1,4;4,30;0,327
512;08.08.2023;14:24:17;00:08:31;250,1;342,2;25,7;20,9;23,3;408,3;17,6;0,1;8,26E-2;-541,2;20,00;3,0;3,0;40,61;0,48;0,000;1,4;4,24;0,327
513;08.08.2023;14:24:18;00:08:32;250,1;344,6;25,7;21,0;23,3;409,0;17,7;0,1;8,25E-2;-541,2;20,00;3,0;3,0;40,61;0,49;-0,007;1,4;4,29;0,327
514;08.08.2023;14:24:19;00:08:33;250,0;344,6;25,7;21,0;23,3;410,5;17,7;0,1;8,24E-2;-541,2;20,00;3,0;3,0;40,61;0,48;-0,001;1,4;4,27;0,327
515;08.08.2023;14:24:20;00:08:34;250,0;347,1;25,8;21,0;23,3;412,0;17,9;0,1;8,22E-2;-541,2;20,00;3,0;3,0;40,61;0,49;-0,002;1,4;4,29;0,328
516;08.08.2023;14:24:21;00:08:35;250,0;347,1;25,8;21,0;23,3;412,9;17,8;0,1;8,21E-2;-541,2;20,00;3,0;3,0;40,61;0,49;0,000;1,4;4,28;0,328
517;08.08.2023;14:24:22;00:08:36;250,1;349,5;25,9;21,1;23,3;414,4;17,8;0,1;8,19E-2;-541,2;20,00;3,0;3,0;40,61;0,48;0,000;1,4;4,30;0,331
518;08.08.2023;14:24:23;00:08:37;250,0;349,5;25,9;21,1;23,3;415,9;17,9;0,1;8,18E-2;-541,2;20,00;3,0;3,0;40,61;0,49;-0,002;1,4;4,32;0,332
519;08.08.2023;14:24:24;00:08:38;250,2;349,5;25,9;21,1;23,3;416,6;18,0;0,1;8,17E-2;-541,2;20,00;3,0;3,0;40,61;0,49;-0,001;1,4;4,32;0,331
520;08.08.2023;14:24:25;00:08:39;250,2;351,8;25,9;21,1;23,3;418,1;18,0;0,1;8,14E-2;-541,2;20,00;3,0;3,0;40,61;0,49;-0,007;1,4;4,28;0,332
521;08.08.2023;14:24:26;00:08:40;250,0;354,1;26,0;21,2;23,3;419,6;18,0;0,1;8,13E-2;-541,2;20,00;3,0;3,0;40,61;0,48;-0,002;1,4;4,32;0,332
522;08.08.2023;14:24:27;00:08:41;250,0;354,1;26,0;21,2;23,3;420,5;18,1;0,1;8,12E-2;-541,2;20,00;3,0;3,1;40,61;0,49;0,006;1,4;4,36;0,332
523;08.08.2023;14:24:28;00:08:42;250,1;356,4;26,1;21,2;23,3;422,0;18,3;0,1;8,10E-2;-541,2;20,00;3,0;3,0;40,61;0,49;0,003;1,4;4,28;0,332
524;08.08.2023;14:24:29;00:08:43;250,2;356,4;26,1;21,2;23,4;423,5;18,3;0,1;8,08E-2;-541,2;20,00;3,0;3,0;40,61;0,49;0,003;1,4;4,30;0,333
525;08.08.2023;14:24:30;00:08:44;250,0;358,7;26,1;21,2;23,4;424,3;18,2;0,1;8,07E-2;-541,2;20,00;3,0;3,0;40,61;0,49;0,002;1,5;4,34;0,333
526;08.08.2023;14:24:31;00:08:45;250,1;358,7;26,2;21,2;23,4;425,8;18,4;0,1;8,06E-2;-541,2;20,00;3,0;3,0;40,61;0,49;-0,003;1,4;4,33;0,332
527;08.08.2023;14:24:32;00:08:46;250,1;361,0;26,2;21,3;23,4;426,5;18,3;0,1;8,05E-2;-541,2;20,00;3,0;3,0;40,61;0,49;0,000;1,5;4,33;0,337
528;08.08.2023;14:24:33;00:08:47;250,0;361,0;26,2;21,3;23,4;428,1;18,5;0,1;8,03E-2;-541,2;20,00;3,0;3,0;40,61;0,49;-0,006;1,5;4,36;0,335
529;08.08.2023;14:24:34;00:08:48;250,0;363,3;26,2;21,3;23,4;429,6;18,5;0,1;8,02E-2;-541,2;20,00;3,0;3,0;40,61;0,49;-0,001;1,5;4,35;0,337
530;08.08.2023;14:24:35;00:08:49;250,2;363,3;26,2;21,3;23,4;430,4;18,6;0,1;8,01E-2;-541,2;20,00;3,0;3,0;40,61;0,49;0,003;1,5;4,39;0,337
531;08.08.2023;14:24:36;00:08:50;250,1;363,3;26,3;21,4;23,4;431,9;18,8;0,1;8,00E-2;-541,2;20,00;3,0;3,0;40,61;0,49;0,005;1,5;4,34;0,339
532;08.08.2023;14:24:37;00:08:51;250,1;365,8;26,3;21,4;23,5;433,4;18,7;0,1;7,97E-2;-541,2;20,00;3,0;3,0;40,61;0,49;0,004;1,5;4,36;0,341
533;08.08.2023;14:24:38;00:08:52;250,1;368,3;26,4;21,5;23,5;434,1;18,7;0,1;7,96E-2;-541,2;20,00;3,0;3,0;40,61;0,49;0,000;1,5;4,38;0,342
534;08.08.2023;14:24:39;00:08:53;250,0;368,3;26,4;21,5;23,5;435,8;18,8;0,1;7,95E-2;-541,2;20,00;3,0;3,0;40,61;0,49;0,003;1,5;4,39;0,339
535;08.08.2023;14:24:40;00:08:54;250,0;370,8;26,4;21,5;23,5;437,3;18,8;0,1;7,94E-2;-541,2;20,00;3,0;3,0;40,61;0,49;0,003;1,5;4,34;0,342
536;08.08.2023;14:24:41;00:08:55;250,1;370,8;26,4;21,5;23,5;438,0;18,9;0,1;7,93E-2;-541,2;20,00;3,0;2,9;40,61;0,49;0,001;1,5;4,37;0,342
537;08.08.2023;14:24:42;00:08:56;250,1;373,3;26,5;21,5;23,5;439,5;18,9;0,1;7,91E-2;-541,2;20,00;3,0;3,0;40,61;0,49;0,000;1,5;4,36;0,342
538;08.08.2023;14:24:43;00:08:57;250,1;373,3;26,5;21,5;23,5;440,3;19,0;0,1;7,90E-2;-541,2;20,00;3,0;3,0;40,61;0,49;0,000;1,5;4,37;0,342
539;08.08.2023;14:24:44;00:08:58;250,2;373,3;26,5;21,5;23,5;441,8;19,1;0,1;7,90E-2;-541,2;20,00;3,0;2,9;40,61;0,49;-0,002;1,5;4,38;0,344
540;08.08.2023;14:24:45;00:08:59;250,0;375,7;26,5;21,6;23,5;443,4;19,1;0,1;7,88E-2;-541,2;20,00;3,0;3,0;40,61;0,49;0,003;1,5;4,39;0,343
541;08.08.2023;14:24:46;00:09:00;250,0;378,1;26,6;21,6;23,5;444,1;19,1;0,1;7,87E-2;-541,2;20,00;3,0;3,0;40,61;0,49;0,004;1,5;4,39;0,346
542;08.08.2023;14:24:47;00:09:01;250,0;378,1;26,6;21,6;23,5;445,6;19,2;0,1;7,85E-2;-541,2;20,00;3,0;3,1;40,62;0,49;0,005;1,5;4,40;0,344
543;08.08.2023;14:24:48;00:09:02;250,1;380,6;26,7;21,7;23,5;447,1;19,3;0,1;7,84E-2;-541,2;20,00;3,0;3,0;40,61;0,49;0,002;1,5;4,44;0,347
544;08.08.2023;14:24:49;00:09:03;250,0;380,6;26,7;21,7;23,5;447,9;19,3;0,1;7,83E-2;-541,2;20,00;3,0;3,0;40,61;0,49;0,002;1,5;4,42;0,347
545;08.08.2023;14:24:50;00:09:04;250,1;383,0;26,7;21,7;23,5;449,4;19,3;0,1;7,82E-2;-541,2;20,00;3,0;3,0;40,61;0,49;0,000;1,5;4,39;0,347
546;08.08.2023;14:24:51;00:09:05;250,0;383,0;26,8;21,8;23,5;451,0;19,5;0,1;7,80E-2;-541,2;20,00;3,0;3,0;40,61;0,49;0,003;1,5;4,40;0,347
547;08.08.2023;14:24:52;00:09:06;250,0;383,0;26,8;21,8;23,5;451,8;19,6;0,1;7,79E-2;-541,2;20,00;3,0;3,1;40,61;0,49;0,000;1,5;4,46;0,348
548;08.08.2023;14:24:53;00:09:07;250,0;385,4;26,8;21,8;23,6;453,3;19,5;0,1;7,79E-2;-541,2;20,00;3,0;3,0;40,61;0,49;-0,003;1,5;4,42;0,348
549;08.08.2023;14:24:54;00:09:08;250,0;387,8;26,8;21,8;23,6;454,8;19,5;0,1;7,77E-2;-541,2;20,00;3,0;3,0;40,61;0,49;-0,003;1,6;4,41;0,348
550;08.08.2023;14:24:55;00:09:09;250,0;387,8;26,8;21,8;23,6;455,5;19,6;0,1;7,76E-2;-541,2;20,00;3,0;3,0;40,61;0,49;0,002;1,6;4,42;0,350
551;08.08.2023;14:24:56;00:09:10;250,0;390,2;26,8;21,8;23,5;457,0;19,8;0,1;7,75E-2;-541,2;20,00;3,0;3,0;40,61;0,49;-0,002;1,6;4,46;0,352
552;08.08.2023;14:24:57;00:09:11;250,0;390,2;26,8;21,8;23,5;457,8;19,7;0,1;7,75E-2;-541,2;20,00;3,0;3,0;40,61;0,49;-0,001;1,6;4,46;0,352
553;08.08.2023;14:24:58;00:09:12;250,1;390,2;26,9;21,9;23,5;459,4;19,9;0,1;7,74E-2;-541,2;20,00;3,0;3,0;40,61;0,49;0,000;1,6;4,44;0,352
554;08.08.2023;14:24:59;00:09:13;250,0;392,8;26,9;21,9;23,6;460,9;19,9;0,1;7,72E-2;-541,2;20,00;3,0;3,0;40,61;0,49;-0,005;1,6;4,43;0,352
555;08.08.2023;14:25:00;00:09:14;250,1;392,8;26,9;21,9;23,6;461,6;20,0;0,1;7,71E-2;-541,2;20,00;3,0;3,0;40,61;0,49;-0,004;1,6;4,47;0,352
556;08.08.2023;14:25:01;00:09:15;250,0;395,4;26,9;21,9;23,6;463,1;19,9;0,1;7,70E-2;-541,2;20,00;3,0;2,9;40,61;0,49;-0,002;1,6;4,50;0,352
557;08.08.2023;14:25:02;00:09:16;250,0;397,9;27,0;22,0;23,6;464,6;19,9;0,1;7,69E-2;-541,2;20,00;3,0;3,0;40,61;0,48;0,003;1,6;4,44;0,352
558;08.08.2023;14:25:03;00:09:17;250,1;397,9;27,0;22,0;23,6;465,4;20,0;0,1;7,69E-2;-541,2;20,00;3,0;3,0;40,61;0,49;-0,002;1,6;4,41;0,352
559;08.08.2023;14:25:04;00:09:18;250,3;400,3;27,1;22,0;23,6;467,0;20,2;0,1;7,68E-2;-541,2;20,00;3,0;3,0;40,61;0,49;-0,002;1,6;4,47;0,357
560;08.08.2023;14:25:05;00:09:19;250,0;400,3;27,1;22,0;23,6;468,5;20,2;0,1;7,66E-2;-541,2;20,00;3,0;3,0;40,61;0,48;-0,001;1,6;4,41;0,357
561;08.08.2023;14:25:06;00:09:20;250,0;402,7;27,1;22,1;23,6;469,3;20,1;0,1;7,65E-2;-541,2;20,00;3,0;3,0;40,61;0,49;-0,002;1,6;4,49;0,357
562;08.08.2023;14:25:07;00:09:21;250,0;402,7;27,2;22,1;23,6;470,8;20,3;0,1;7,64E-2;-541,2;20,00;3,0;3,0;40,61;0,48;0,003;1,6;4,44;0,357
563;08.08.2023;14:25:08;00:09:22;250,1;405,1;27,2;22,1;23,6;472,3;20,3;0,1;7,63E-2;-541,2;20,00;3,0;3,0;40,61;0,49;0,006;1,6;4,50;0,357
564;08.08.2023;14:25:09;00:09:23;250,1;405,1;27,2;22,1;23,6;473,0;20,3;0,1;7,63E-2;-541,2;20,00;3,0;3,0;40,61;0,49;0,003;1,6;4,47;0,358
565;08.08.2023;14:25:10;00:09:24;250,1;407,4;27,3;22,2;23,6;474,6;20,4;0,1;7,61E-2;-541,2;20,00;3,0;3,0;40,61;0,48;0,004;1,6;4,50;0,357
566;08.08.2023;14:25:11;00:09:25;250,2;407,4;27,3;22,2;23,6;475,4;20,4;0,1;7,61E-2;-541,2;20,00;3,0;3,0;40,61;0,49;0,004;1,6;4,51;0,357
567;08.08.2023;14:25:12;00:09:26;250,2;407,4;27,3;22,2;23,6;476,9;20,6;0,1;7,60E-2;-541,2;20,00;3,0;2,9;40,61;0,49;0,000;1,6;4,49;0,361
568;08.08.2023;14:25:13;00:09:27;250,0;409,8;27,3;22,2;23,6;478,4;20,6;0,1;7,59E-2;-541,2;20,00;3,0;3,0;40,61;0,49;-0,003;1,6;4,50;0,361
569;08.08.2023;14:25:14;00:09:28;250,1;412,2;27,4;22,3;23,6;479,1;20,6;0,1;7,59E-2;-541,2;20,00;3,0;3,0;40,61;0,49;0,000;1,6;4,55;0,361
570;08.08.2023;14:25:15;00:09:29;250,0;412,2;27,4;22,3;23,6;480,6;20,7;0,1;7,57E-2;-541,2;20,00;3,0;2,9;40,61;0,49;-0,001;1,6;4,50;0,362
571;08.08.2023;14:25:16;00:09:30;250,3;414,8;27,4;22,3;23,6;482,3;20,8;0,1;7,56E-2;-541,2;20,00;3,0;3,0;40,61;0,49;0,005;1,7;4,51;0,363
572;08.08.2023;14:25:17;00:09:31;250,0;414,8;27,4;22,3;23,6;483,0;20,8;0,1;7,55E-2;-541,2;20,00;3,0;3,0;40,61;0,49;0,005;1,6;4,50;0,361
573;08.08.2023;14:25:18;00:09:32;250,1;414,8;27,5;22,4;23,6;484,5;21,0;0,1;7,55E-2;-541,2;20,00;3,0;3,0;40,61;0,49;0,002;1,6;4,52;0,364
574;08.08.2023;14:25:19;00:09:33;250,0;417,3;27,5;22,4;23,7;486,0;20,9;0,1;7,54E-2;-541,2;20,00;3,0;3,0;40,61;0,49;0,005;1,6;4,50;0,364
575;08.08.2023;14:25:20;00:09:34;250,0;417,3;27,5;22,4;23,7;486,8;21,0;0,1;7,53E-2;-541,2;20,00;3,0;3,0;40,61;0,49;0,002;1,6;4,51;0,366
576;08.08.2023;14:25:21;00:09:35;250,0;419,8;27,5;22,4;23,7;488,3;21,0;0,1;7,52E-2;-541,2;20,00;3,0;3,0;40,61;0,49;0,004;1,6;4,51;0,365
577;08.08.2023;14:25:22;00:09:36;250,1;422,4;27,6;22,5;23,7;489,1;21,1;0,1;7,51E-2;-541,2;20,00;3,0;3,0;40,61;0,49;0,001;1,6;4,52;0,366
578;08.08.2023;14:25:23;00:09:37;250,0;422,4;27,6;22,5;23,8;490,6;21,1;0,1;7,50E-2;-541,2;20,00;3,0;3,0;40,61;0,49;0,003;1,6;4,52;0,366
579;08.08.2023;14:25:24;00:09:38;250,0;424,8;27,7;22,5;23,8;492,1;21,3;0,1;7,49E-2;-541,2;20,00;3,0;3,0;40,61;0,49;0,005;1,7;4,54;0,366
580;08.08.2023;14:25:25;00:09:39;250,2;424,8;27,7;22,5;23,8;492,9;21,2;0,1;7,49E-2;-541,2;20,00;3,0;3,0;40,61;0,49;0,005;1,7;4,54;0,366
581;08.08.2023;14:25:26;00:09:40;250,1;427,2;27,7;22,6;23,8;494,4;21,2;0,1;7,47E-2;-541,2;20,00;3,0;3,1;40,61;0,49;0,008;1,7;4,51;0,370
582;08.08.2023;14:25:27;00:09:41;250,0;427,2;27,8;22,6;23,8;495,9;21,3;0,1;7,46E-2;-541,2;20,00;3,0;3,0;40,61;0,49;0,001;1,7;4,56;0,369
583;08.08.2023;14:25:28;00:09:42;250,1;427,2;27,8;22,6;23,8;496,8;21,5;0,1;7,45E-2;-541,2;20,00;3,0;3,0;40,62;0,49;-0,001;1,7;4,56;0,371
584;08.08.2023;14:25:29;00:09:43;250,0;429,5;27,8;22,6;23,8;498,3;21,4;0,1;7,45E-2;-541,2;20,00;3,0;3,0;40,61;0,49;0,010;1,7;4,55;0,371
585;08.08.2023;14:25:30;00:09:44;250,1;432,0;27,9;22,7;23,8;499,8;21,4;0,1;7,44E-2;-541,2;20,00;3,0;3,0;40,61;0,49;0,001;1,7;4,59;0,371
586;08.08.2023;14:25:31;00:09:45;250,0;432,0;27,9;22,7;23,8;500,5;21,5;0,1;7,44E-2;-541,2;20,00;3,0;2,9;40,61;0,49;0,001;1,7;4,55;0,371
587;08.08.2023;14:25:32;00:09:46;250,0;432,0;28,0;22,8;23,8;502,0;21,7;0,1;7,42E-2;-541,2;20,00;3,0;3,0;40,61;0,49;0,001;1,7;4,56;0,371
588;08.08.2023;14:25:33;00:09:47;250,0;434,4;28,0;22,8;23,8;503,5;21,7;0,1;7,41E-2;-541,2;20,00;3,0;3,0;40,61;0,49;0,003;1,7;4,58;0,371
589;08.08.2023;14:25:34;00:09:48;250,0;436,9;28,0;22,8;23,8;504,4;21,6;0,1;7,40E-2;-541,2;20,00;3,0;2,9;40,61;0,49;0,001;1,7;4,58;0,373
590;08.08.2023;14:25:35;00:09:49;250,0;436,9;28,1;22,8;23,8;505,9;21,8;0,1;7,40E-2;-541,2;20,00;3,0;3,0;40,61;0,49;0,001;1,7;4,55;0,371
591;08.08.2023;14:25:36;00:09:50;250,0;437,0;28,1;22,9;23,9;506,6;21,9;0,1;7,39E-2;-541,2;20,00;3,0;3,0;40,61;0,49;-0,001;1,7;4,59;0,372
592;08.08.2023;14:25:37;00:09:51;250,0;439,6;28,2;23,0;23,9;508,1;21,8;0,1;7,39E-2;-541,2;20,00;3,0;3,0;40,61;0,49;-0,001;1,7;4,57;0,374
593;08.08.2023;14:25:38;00:09:52;250,1;439,6;28,2;23,0;23,9;509,6;22,0;0,1;7,37E-2;-541,2;20,00;3,0;3,0;40,61;0,49;-0,002;1,7;4,55;0,376
594;08.08.2023;14:25:39;00:09:53;250,0;442,2;28,2;23,0;23,9;510,4;21,9;0,1;7,36E-2;-541,2;20,00;3,0;3,0;40,61;0,49;-0,003;1,7;4,61;0,376
595;08.08.2023;14:25:40;00:09:54;250,0;442,2;28,3;23,1;23,9;512,0;22,1;0,1;7,35E-2;-541,2;20,00;3,0;3,0;40,61;0,49;-0,001;1,7;4,59;0,376
596;08.08.2023;14:25:41;00:09:55;250,1;444,8;28,3;23,1;23,9;513,5;22,1;0,1;7,35E-2;-541,2;20,00;3,0;2,9;40,62;0,49;0,002;1,7;4,55;0,377
597;08.08.2023;14:25:42;00:09:56;250,0;444,8;28,3;23,1;23,9;514,3;22,2;0,1;7,35E-2;-541,2;20,00;3,0;3,0;40,61;0,49;-0,002;1,7;4,59;0,378
598;08.08.2023;14:25:43;00:09:57;250,2;447,3;28,3;23,1;23,9;515,8;22,1;0,1;7,34E-2;-541,2;20,00;3,0;3,0;40,61;0,49;0,004;1,7;4,57;0,378
599;08.08.2023;14:25:44;00:09:58;250,0;449,7;28,4;23,2;24,0;517,3;22,2;0,1;7,33E-2;-541,2;20,00;3,0;3,0;40,61;0,49;-0,001;1,7;4,63;0,381
600;08.08.2023;14:25:45;00:09:59;250,0;449,7;28,4;23,2;24,0;518,0;22,2;0,1;7,33E-2;-541,2;20,00;3,0;3,0;40,61;0,49;0,004;1,8;4,61;0,377
601;08.08.2023;14:25:46;00:10:00;250,1;452,1;28,5;23,3;24,0;519,6;22,2;0,1;7,32E-2;-541,2;20,00;3,0;3,0;40,62;0,48;0,002;1,8;4,59;0,381
602;08.08.2023;14:25:47;00:10:01;250,1;452,1;28,5;23,3;24,0;521,1;22,4;0,1;7,32E-2;-541,2;20,00;3,0;2,9;40,61;0,49;-0,003;1,7;4,58;0,380
603;08.08.2023;14:25:48;00:10:02;250,1;452,1;28,5;23,3;24,0;521,9;22,5;0,1;7,32E-2;-541,2;20,00;3,0;3,0;40,61;0,48;0,003;1,7;4,60;0,381
604;08.08.2023;14:25:49;00:10:03;250,1;454,5;28,5;23,3;24,0;523,4;22,5;0,1;7,31E-2;-541,2;20,00;3,0;3,0;40,61;0,49;0,000;1,8;4,62;0,380
605;08.08.2023;14:25:50;00:10:04;250,1;456,9;28,6;23,4;24,0;524,1;22,6;0,1;7,31E-2;-541,2;20,00;3,0;3,0;40,61;0,49;0,005;1,8;4,60;0,381
606;08.08.2023;14:25:51;00:10:05;250,1;456,9;28,6;23,4;24,0;525,6;22,5;0,1;7,31E-2;-541,2;20,00;3,0;3,0;40,61;0,49;0,002;1,8;4,64;0,381
607;08.08.2023;14:25:52;00:10:06;250,1;459,4;28,7;23,4;24,0;527,3;22,7;0,1;7,30E-2;-541,2;20,00;3,0;3,0;40,61;0,49;0,004;1,8;4,61;0,384
608;08.08.2023;14:25:53;00:10:07;250,0;459,4;28,7;23,4;24,0;528,0;22,6;0,1;7,30E-2;-541,2;20,00;3,0;3,0;40,61;0,49;0,005;1,8;4,61;0,383
609;08.08.2023;14:25:54;00:10:08;250,2;461,7;28,7;23,5;24,0;529,5;22,7;0,1;7,29E-2;-541,2;20,00;3,0;3,0;40,61;0,49;0,000;1,8;4,64;0,386
610;08.08.2023;14:25:55;00:10:09;250,1;461,7;28,7;23,5;24,0;531,0;22,8;0,1;7,29E-2;-541,2;20,00;3,0;3,0;40,62;0,49;0,000;1,8;4,64;0,386
611;08.08.2023;14:25:56;00:10:10;250,1;461,7;28,7;23,5;24,0;531,8;22,9;0,1;7,28E-2;-541,2;20,00;3,0;3,0;40,61;0,49;0,001;1,8;4,66;0,386
612;08.08.2023;14:25:57;00:10:11;250,0;464,3;28,8;23,6;24,0;533,3;22,9;0,1;7,27E-2;-541,2;20,00;3,0;3,0;40,62;0,49;-0,005;1,8;4,65;0,386
613;08.08.2023;14:25:58;00:10:12;250,3;464,3;28,8;23,6;24,0;534,9;23,1;0,1;7,26E-2;-541,2;20,00;3,0;3,1;40,62;0,49;0,007;1,8;4,68;0,389
614;08.08.2023;14:25:59;00:10:13;250,1;466,9;28,8;23,6;24,0;535,6;23,0;0,1;7,25E-2;-541,2;20,00;3,0;3,0;40,61;0,49;0,006;1,8;4,67;0,389
615;08.08.2023;14:26:00;00:10:14;250,0;469,4;28,9;23,7;24,0;537,1;23,2;0,1;7,25E-2;-541,2;20,00;3,0;3,0;40,62;0,49;0,003;1,8;4,69;0,388
616;08.08.2023;14:26:01;00:10:15;250,1;469,4;28,9;23,7;24,0;537,9;23,0;0,1;7,25E-2;-541,2;20,00;3,0;2,9;40,61;0,49;0,000;1,8;4,67;0,389
617;08.08.2023;14:26:02;00:10:16;250,2;472,0;29,0;23,8;24,0;539,4;23,1;0,1;7,23E-2;-541,2;20,00;3,0;2,9;40,62;0,49;-0,002;1,8;4,69;0,391
618;08.08.2023;14:26:03;00:10:17;250,1;472,0;29,1;23,8;24,1;540,9;23,2;0,1;7,23E-2;-541,2;20,00;3,0;3,0;40,61;0,49;0,011;1,8;4,68;0,388
619;08.08.2023;14:26:04;00:10:18;250,0;472,0;29,1;23,8;24,1;541,6;23,3;0,1;7,22E-2;-541,2;20,00;3,0;3,0;40,62;0,49;0,006;1,8;4,68;0,391
620;08.08.2023;14:26:05;00:10:19;250,2;474,4;29,1;23,8;24,1;543,3;23,3;0,1;7,21E-2;-541,2;20,00;3,0;2,9;40,62;0,49;0,000;1,8;4,67;0,391
621;08.08.2023;14:26:06;00:10:20;250,1;476,8;29,1;23,9;24,1;544,8;23,3;0,1;7,20E-2;-541,2;20,00;3,0;3,0;40,61;0,49;-0,003;1,8;4,65;0,391
622;08.08.2023;14:26:07;00:10:21;250,2;476,8;29,1;23,9;24,1;545,5;23,4;0,1;7,20E-2;-541,2;20,00;3,0;2,9;40,61;0,48;-0,002;1,8;4,67;0,391
623;08.08.2023;14:26:08;00:10:22;250,0;476,8;29,2;23,9;24,1;547,0;23,6;0,1;7,18E-2;-541,2;20,00;3,0;2,9;40,61;0,49;0,000;1,9;4,70;0,394
624;08.08.2023;14:26:09;00:10:23;250,0;479,2;29,2;23,9;24,1;548,5;23,5;0,1;7,18E-2;-541,2;20,00;3,0;3,0;40,61;0,49;0,005;1,9;4,66;0,394
625;08.08.2023;14:26:10;00:10:24;250,0;481,6;29,2;24,0;24,1;549,3;23,5;0,1;7,17E-2;-541,2;20,00;3,0;3,0;40,62;0,49;0,003;1,9;4,70;0,396
626;08.08.2023;14:26:11;00:10:25;250,0;481,6;29,3;24,0;24,1;550,9;23,6;0,1;7,16E-2;-541,2;20,00;3,0;2,9;40,62;0,49;0,006;1,9;4,69;0,396
627;08.08.2023;14:26:12;00:10:26;250,0;483,9;29,3;24,1;24,2;552,4;23,6;0,1;7,15E-2;-541,2;20,00;3,0;2,9;40,61;0,49;0,005;1,9;4,72;0,396
628;08.08.2023;14:26:13;00:10:27;250,0;483,9;29,3;24,1;24,2;553,1;23,7;0,1;7,15E-2;-541,2;20,00;3,0;3,0;40,62;0,49;0,005;1,9;4,71;0,394
629;08.08.2023;14:26:14;00:10:28;250,0;486,3;29,4;24,1;24,1;554,6;23,7;0,1;7,14E-2;-541,2;20,00;3,0;3,0;40,61;0,49;0,007;1,9;4,74;0,396
630;08.08.2023;14:26:15;00:10:29;250,0;486,3;29,4;24,1;24,1;555,4;23,8;0,1;7,13E-2;-541,2;20,00;3,0;3,0;40,62;0,49;0,008;1,9;4,73;0,396
631;08.08.2023;14:26:16;00:10:30;250,0;486,2;29,2;24,0;24,0;556,9;24,0;0,1;7,12E-2;-541,2;20,00;3,0;3,0;40,62;0,49;0,020;1,9;4,73;0,399
632;08.08.2023;14:26:17;00:10:31;250,1;488,8;29,3;24,1;24,0;558,5;24,0;0,1;7,11E-2;-541,2;20,00;3,0;3,0;40,62;0,49;0,037;1,9;4,72;0,397
633;08.08.2023;14:26:18;00:10:32;250,0;488,8;29,3;24,1;24,0;559,3;24,1;0,1;7,10E-2;-541,2;20,00;3,0;3,0;40,62;0,49;0,052;1,9;4,69;0,400
634;08.08.2023;14:26:19;00:10:33;250,1;491,5;29,3;24,1;24,0;560,8;24,1;0,1;7,10E-2;-541,2;20,00;3,0;3,0;40,62;0,50;0,067;1,9;4,72;0,400
635;08.08.2023;14:26:20;00:10:34;250,0;494,1;29,4;24,2;24,0;562,3;24,2;0,1;7,09E-2;-541,2;20,00;3,0;3,0;40,62;0,50;0,072;1,9;4,74;0,400
636;08.08.2023;14:26:21;00:10:35;250,0;494,1;29,4;24,2;24,0;563,0;24,1;0,1;7,09E-2;-541,2;20,00;3,0;3,0;40,63;0,50;0,076;1,9;4,74;0,400
637;08.08.2023;14:26:22;00:10:36;250,0;494,1;29,5;24,3;24,0;564,5;24,3;0,1;7,08E-2;-541,2;20,00;3,0;3,0;40,63;0,50;0,094;1,9;4,75;0,401
638;08.08.2023;14:26:23;00:10:37;250,0;496,8;29,5;24,3;24,1;566,1;24,3;0,1;7,06E-2;-541,2;20,00;3,0;3,0;40,63;0,51;0,112;1,9;4,73;0,404
639;08.08.2023;14:26:24;00:10:38;250,0;496,8;29,5;24,3;24,1;566,9;24,4;0,1;7,06E-2;-541,2;20,00;3,0;3,0;40,63;0,51;0,117;1,9;4,73;0,403
640;08.08.2023;14:26:25;00:10:39;250,0;499,2;29,5;24,4;24,1;568,4;24,3;0,1;7,05E-2;-541,2;20,00;3,0;3,0;40,64;0,51;0,129;1,9;4,77;0,405
641;08.08.2023;14:26:26;00:10:40;250,0;501,6;29,6;24,4;24,1;569,9;24,3;0,1;7,05E-2;-541,2;20,00;3,0;3,0;40,64;0,51;0,140;1,9;4,72;0,404
642;08.08.2023;14:26:27;00:10:41;250,2;501,6;29,6;24,4;24,1;570,6;24,4;0,1;7,04E-2;-541,2;20,00;3,0;3,0;40,64;0,51;0,137;1,9;4,74;0,405
643;08.08.2023;14:26:28;00:10:42;250,0;501,6;29,7;24,5;24,1;572,1;24,6;0,1;7,03E-2;-541,2;20,00;3,0;3,1;40,64;0,51;0,155;1,9;4,79;0,405
644;08.08.2023;14:26:29;00:10:43;250,2;504,1;29,7;24,5;24,1;573,0;24,5;0,1;7,03E-2;-541,2;20,00;3,0;3,0;40,64;0,52;0,151;1,9;4,76;0,405
645;08.08.2023;14:26:30;00:10:44;250,2;506,5;29,8;24,6;24,1;574,5;24,5;0,1;7,02E-2;-541,2;20,00;3,0;3,0;40,65;0,52;0,154;1,9;4,76;0,405
646;08.08.2023;14:26:31;00:10:45;250,2;506,5;29,8;24,6;24,1;576,0;24,7;0,1;7,01E-2;-541,2;20,00;3,0;3,0;40,65;0,52;0,159;1,9;4,77;0,405
647;08.08.2023;14:26:32;00:10:46;250,0;506,5;29,8;24,6;24,1;576,8;24,8;0,1;7,00E-2;-541,2;20,00;3,0;3,0;40,66;0,53;0,155;1,9;4,79;0,405
648;08.08.2023;14:26:33;00:10:47;250,1;508,9;29,8;24,6;24,2;578,3;24,8;0,1;7,00E-2;-541,2;20,00;3,0;3,0;40,66;0,53;0,157;1,9;4,73;0,405
649;08.08.2023;14:26:34;00:10:48;250,2;511,3;29,9;24,7;24,2;579,8;24,8;0,1;6,99E-2;-541,2;20,00;3,0;3,0;40,66;0,53;0,159;2,0;4,75;0,408
650;08.08.2023;14:26:35;00:10:49;250,0;511,3;29,9;24,7;24,2;580,6;24,9;0,1;6,98E-2;-541,2;20,00;3,0;3,0;40,66;0,53;0,151;2,0;4,74;0,408
651;08.08.2023;14:26:36;00:10:50;250,0;511,4;30,0;24,9;24,3;582,1;25,0;0,1;6,97E-2;-541,2;20,00;3,0;2,9;40,67;0,54;0,148;1,9;4,77;0,410
652;08.08.2023;14:26:37;00:10:51;250,1;513,9;30,0;24,9;24,3;583,6;25,0;0,1;6,96E-2;-541,2;20,00;3,0;3,0;40,67;0,54;0,148;2,0;4,75;0,410
653;08.08.2023;14:26:38;00:10:52;250,0;513,9;30,1;24,9;24,3;584,4;25,1;0,1;6,96E-2;-541,2;20,00;3,0;3,0;40,67;0,54;0,148;1,9;4,81;0,410
654;08.08.2023;14:26:39;00:10:53;250,2;516,5;30,1;24,9;24,3;585,9;25,1;0,1;6,95E-2;-541,2;20,00;3,0;3,0;40,67;0,55;0,152;2,0;4,77;0,410
655;08.08.2023;14:26:40;00:10:54;250,1;516,5;30,1;24,9;24,3;586,6;25,2;0,1;6,95E-2;-541,2;20,00;3,0;3,0;40,68;0,55;0,162;2,0;4,81;0,410
656;08.08.2023;14:26:41;00:10:55;250,1;519,1;30,2;25,0;24,3;588,3;25,2;0,1;6,94E-2;-541,2;20,00;3,0;3,0;40,68;0,55;0,183;2,0;4,77;0,410
657;08.08.2023;14:26:42;00:10:56;250,2;519,1;30,2;25,1;24,3;589,8;25,4;0,1;6,92E-2;-541,2;20,00;3,0;3,0;40,68;0,56;0,191;2,0;4,80;0,413
658;08.08.2023;14:26:43;00:10:57;250,2;521,6;30,2;25,1;24,3;590,5;25,3;0,1;6,92E-2;-541,2;20,00;3,0;3,0;40,69;0,56;0,194;2,0;4,77;0,415
659;08.08.2023;14:26:44;00:10:58;250,1;521,6;30,3;25,1;24,3;592,0;25,4;0,1;6,91E-2;-541,2;20,00;3,0;3,0;40,69;0,56;0,204;2,0;4,78;0,415
660;08.08.2023;14:26:45;00:10:59;250,2;524,0;30,3;25,2;24,4;593,5;25,4;0,1;6,91E-2;-541,2;20,00;3,0;3,0;40,70;0,57;0,209;2,0;4,79;0,415
661;08.08.2023;14:26:46;00:11:00;250,0;526,4;30,4;25,2;24,4;594,3;25,5;0,1;6,90E-2;-541,2;20,00;3,0;3,0;40,70;0,57;0,207;2,0;4,77;0,415
662;08.08.2023;14:26:47;00:11:01;250,0;526,4;30,4;25,2;24,3;595,9;25,5;0,1;6,89E-2;-541,2;20,00;3,0;3,0;40,70;0,58;0,212;2,0;4,80;0,415
663;08.08.2023;14:26:48;00:11:02;250,0;528,8;30,5;25,3;24,4;597,4;25,6;0,1;6,88E-2;-541,2;20,00;3,0;3,0;40,71;0,58;0,219;2,0;4,82;0,416
664;08.08.2023;14:26:49;00:11:03;250,0;528,8;30,5;25,3;24,4;598,1;25,6;0,1;6,87E-2;-541,2;20,00;3,0;3,0;40,71;0,58;0,215;2,0;4,83;0,415
665;08.08.2023;14:26:50;00:11:04;250,0;531,2;30,5;25,4;24,4;599,6;25,6;0,1;6,86E-2;-541,2;20,00;3,0;3,1;40,71;0,58;0,218;2,0;4,84;0,419
666;08.08.2023;14:26:51;00:11:05;250,3;531,2;30,6;25,5;24,4;601,1;25,8;0,1;6,86E-2;-541,2;20,00;3,0;3,0;40,72;0,59;0,215;2,0;4,80;0,419
667;08.08.2023;14:26:52;00:11:06;250,1;531,2;30,6;25,5;24,4;601,9;25,9;0,1;6,85E-2;-541,2;20,00;3,0;3,0;40,72;0,59;0,223;2,0;4,85;0,419
668;08.08.2023;14:26:53;00:11:07;250,0;533,6;30,6;25,5;24,4;603,5;25,9;0,1;6,84E-2;-541,2;20,00;3,0;3,0;40,73;0,60;0,245;2,0;4,84;0,420
669;08.08.2023;14:26:54;00:11:08;250,0;535,9;30,7;25,5;24,4;604,3;26,0;0,1;6,83E-2;-541,2;20,00;3,0;3,0;40,73;0,60;0,241;2,0;4,83;0,420
670;08.08.2023;14:26:55;00:11:09;250,1;535,9;30,7;25,5;24,4;605,8;25,9;0,1;6,82E-2;-541,2;20,00;3,0;3,0;40,73;0,60;0,254;2,0;4,83;0,421
671;08.08.2023;14:26:56;00:11:10;250,1;538,5;30,8;25,6;24,4;607,3;26,1;0,1;6,81E-2;-541,2;20,00;3,0;3,0;40,74;0,61;0,253;2,0;4,84;0,421
672;08.08.2023;14:26:57;00:11:11;250,0;538,5;30,8;25,6;24,5;608,0;26,0;0,1;6,81E-2;-541,2;20,00;3,0;2,9;40,75;0,61;0,257;2,0;4,88;0,420
673;08.08.2023;14:26:58;00:11:12;250,0;541,1;30,8;25,7;24,5;609,5;26,0;0,1;6,80E-2;-541,2;20,00;3,0;3,0;40,75;0,62;0,262;2,1;4,86;0,423
674;08.08.2023;14:26:59;00:11:13;250,0;541,1;30,8;25,7;24,4;611,1;26,2;0,1;6,79E-2;-541,2;20,00;3,0;3,0;40,75;0,63;0,269;2,0;4,83;0,424
675;08.08.2023;14:27:00;00:11:14;250,0;541,1;30,8;25,7;24,4;611,9;26,3;0,1;6,79E-2;-541,2;20,00;3,0;3,0;40,76;0,63;0,268;2,0;4,83;0,424
676;08.08.2023;14:27:01;00:11:15;250,0;543,6;30,9;25,8;24,4;613,4;26,3;0,1;6,77E-2;-541,2;20,00;3,0;3,0;40,76;0,64;0,277;2,1;4,87;0,425
677;08.08.2023;14:27:02;00:11:16;250,0;543,6;31,0;25,9;24,4;614,9;26,4;0,1;6,76E-2;-541,2;20,00;3,0;3,0;40,77;0,64;0,284;2,1;4,87;0,425
678;08.08.2023;14:27:03;00:11:17;250,0;546,2;31,0;25,9;24,5;615,6;26,3;0,1;6,76E-2;-541,2;20,00;3,0;3,0;40,77;0,65;0,286;2,1;4,85;0,426
679;08.08.2023;14:27:04;00:11:18;250,1;546,2;31,0;26,0;24,5;617,1;26,5;0,1;6,75E-2;-541,2;20,00;3,0;3,0;40,78;0,65;0,294;2,1;4,87;0,425
680;08.08.2023;14:27:05;00:11:19;250,0;548,6;31,0;26,0;24,4;617,9;26,4;0,1;6,75E-2;-541,2;20,00;3,0;3,0;40,78;0,65;0,294;2,1;4,84;0,425
681;08.08.2023;14:27:06;00:11:20;250,1;551,1;31,1;26,0;24,4;619,5;26,4;0,1;6,73E-2;-541,2;20,00;3,0;3,0;40,79;0,66;0,305;2,1;4,87;0,426
682;08.08.2023;14:27:07;00:11:21;250,0;551,1;31,1;26,0;24,5;621,0;26,6;0,1;6,72E-2;-541,2;20,00;3,0;3,0;40,80;0,66;0,324;2,1;4,86;0,426
683;08.08.2023;14:27:08;00:11:22;250,2;551,1;31,1;26,0;24,5;621,8;26,7;0,1;6,72E-2;-541,2;20,00;3,0;3,1;40,80;0,67;0,321;2,1;4,85;0,430
684;08.08.2023;14:27:09;00:11:23;250,1;553,6;31,2;26,1;24,5;623,3;26,7;0,1;6,71E-2;-541,2;20,00;3,0;3,0;40,81;0,68;0,335;2,1;4,88;0,429
685;08.08.2023;14:27:10;00:11:24;250,1;555,9;31,2;26,2;24,5;624,8;26,6;0,1;6,70E-2;-541,2;20,00;3,0;3,0;40,81;0,69;0,331;2,1;4,92;0,430
686;08.08.2023;14:27:11;00:11:25;250,0;555,9;31,2;26,2;24,5;625,5;26,7;0,1;6,70E-2;-541,2;20,00;3,0;3,1;40,82;0,69;0,347;2,1;4,88;0,430
687;08.08.2023;14:27:12;00:11:26;250,0;555,9;31,3;26,3;24,5;627,1;26,9;0,1;6,69E-2;-541,2;20,00;3,0;3,0;40,83;0,70;0,361;2,1;4,88;0,430
688;08.08.2023;14:27:13;00:11:27;250,2;558,3;31,3;26,3;24,5;628,6;26,9;0,1;6,67E-2;-541,2;20,00;3,0;3,0;40,83;0,71;0,352;2,1;4,89;0,430
689;08.08.2023;14:27:14;00:11:28;250,1;560,6;31,4;26,3;24,6;629,4;26,9;0,1;6,67E-2;-541,2;20,00;3,0;3,0;40,84;0,71;0,358;2,1;4,90;0,433
690;08.08.2023;14:27:15;00:11:29;250,0;560,6;31,4;26,3;24,6;630,9;27,0;0,1;6,66E-2;-541,2;20,00;3,0;3,0;40,84;0,72;0,363;2,1;4,92;0,433
691;08.08.2023;14:27:16;00:11:30;250,2;563,1;31,4;26,4;24,5;632,4;27,1;0,1;6,66E-2;-541,2;20,00;3,0;3,0;40,86;0,73;0,379;2,1;4,92;0,433
692;08.08.2023;14:27:17;00:11:31;250,0;563,1;31,4;26,4;24,5;633,1;27,1;0,1;6,65E-2;-541,2;20,00;3,0;3,0;40,86;0,73;0,385;2,1;4,90;0,433
693;08.08.2023;14:27:18;00:11:32;250,0;563,1;31,5;26,5;24,5;634,8;27,3;0,1;6,64E-2;-541,2;20,00;3,0;3,0;40,87;0,74;0,402;2,1;4,88;0,435
694;08.08.2023;14:27:19;00:11:33;250,0;565,6;31,5;26,5;24,6;635,5;27,3;0,1;6,63E-2;-541,2;20,00;3,0;2,9;40,87;0,74;0,410;2,1;4,92;0,438
695;08.08.2023;14:27:20;00:11:34;250,0;565,6;31,5;26,5;24,6;637,0;27,4;0,1;6,62E-2;-541,2;20,00;3,0;3,0;40,88;0,75;0,418;2,1;4,91;0,435
696;08.08.2023;14:27:21;00:11:35;250,3;568,1;31,5;26,6;24,6;638,5;27,3;0,1;6,61E-2;-541,2;20,00;3,0;3,0;40,89;0,76;0,417;2,2;4,95;0,437
697;08.08.2023;14:27:22;00:11:36;250,2;568,1;31,6;26,6;24,6;639,3;27,4;0,1;6,61E-2;-541,2;20,00;3,0;3,0;40,89;0,76;0,413;2,2;4,92;0,440
698;08.08.2023;14:27:23;00:11:37;250,0;570,6;31,6;26,6;24,6;640,8;27,4;0,1;6,60E-2;-541,2;20,00;3,0;3,0;40,90;0,77;0,418;2,2;4,94;0,440
699;08.08.2023;14:27:24;00:11:38;250,1;573,0;31,7;26,7;24,6;642,4;27,6;0,1;6,59E-2;-541,2;20,00;3,0;3,0;40,91;0,78;0,438;2,2;4,95;0,440
700;08.08.2023;14:27:25;00:11:39;250,2;573,0;31,7;26,7;24,6;643,1;27,5;0,1;6,59E-2;-541,2;20,00;3,0;3,0;40,92;0,79;0,445;2,2;4,94;0,439
701;08.08.2023;14:27:26;00:11:40;250,2;575,4;31,8;26,8;24,6;644,6;27,6;0,1;6,57E-2;-541,2;20,00;3,0;2,9;40,93;0,80;0,461;2,2;4,97;0,440
702;08.08.2023;14:27:27;00:11:41;250,3;575,4;31,8;26,8;24,6;646,1;27,7;0,1;6,57E-2;-541,2;20,00;3,0;3,0;40,94;0,81;0,481;2,2;4,97;0,440
703;08.08.2023;14:27:28;00:11:42;250,3;575,4;31,8;26,8;24,6;646,9;27,8;0,1;6,56E-2;-541,2;20,00;3,0;3,0;40,94;0,81;0,484;2,2;4,90;0,440
704;08.08.2023;14:27:29;00:11:43;250,0;577,7;31,8;26,9;24,7;648,5;27,8;0,1;6,56E-2;-541,2;20,00;3,0;3,0;40,95;0,82;0,489;2,2;4,93;0,440
705;08.08.2023;14:27:30;00:11:44;250,1;580,1;31,9;27,0;24,7;650,0;27,8;0,1;6,55E-2;-541,2;20,00;3,0;3,0;40,96;0,84;0,494;2,2;4,95;0,441
706;08.08.2023;14:27:31;00:11:45;250,0;580,1;31,9;27,0;24,7;650,8;27,9;0,1;6,54E-2;-541,2;20,00;3,0;3,0;40,97;0,84;0,499;2,2;4,95;0,441
707;08.08.2023;14:27:32;00:11:46;250,1;580,1;32,0;27,1;24,7;652,3;28,1;0,1;6,53E-2;-541,2;20,00;3,0;3,0;40,98;0,85;0,522;2,2;4,94;0,444
708;08.08.2023;14:27:33;00:11:47;250,1;582,5;32,0;27,1;24,7;653,0;28,0;0,1;6,52E-2;-541,2;20,00;3,0;3,0;40,99;0,86;0,531;2,2;4,96;0,444
709;08.08.2023;14:27:34;00:11:48;250,1;584,8;32,0;27,1;24,7;654,5;28,1;0,1;6,52E-2;-541,2;20,00;3,0;2,9;40,99;0,87;0,544;2,2;4,97;0,444
710;08.08.2023;14:27:35;00:11:49;250,0;584,8;32,0;27,1;24,7;656,1;28,2;0,1;6,51E-2;-541,2;20,00;3,0;3,0;41,01;0,88;0,554;2,2;4,97;0,444
711;08.08.2023;14:27:36;00:11:50;250,0;584,8;32,0;27,1;24,7;656,9;28,3;0,1;6,51E-2;-541,2;20,00;3,0;3,1;41,02;0,89;0,566;2,2;5,00;0,447
712;08.08.2023;14:27:37;00:11:51;250,0;587,3;32,1;27,2;24,7;658,4;28,2;0,1;6,50E-2;-541,2;20,00;3,0;3,0;41,03;0,90;0,563;2,2;4,99;0,447
713;08.08.2023;14:27:38;00:11:52;250,2;587,3;32,2;27,3;24,7;659,9;28,4;0,1;6,49E-2;-541,2;20,00;3,0;2,9;41,04;0,91;0,565;2,2;4,99;0,449
714;08.08.2023;14:27:39;00:11:53;250,0;589,9;32,2;27,3;24,7;660,6;28,4;0,1;6,48E-2;-541,2;20,00;3,0;3,0;41,04;0,92;0,569;2,2;4,97;0,449
715;08.08.2023;14:27:40;00:11:54;250,0;589,9;32,2;27,3;24,7;662,1;28,5;0,1;6,47E-2;-541,2;20,00;3,0;3,0;41,06;0,93;0,576;2,2;4,97;0,449
716;08.08.2023;14:27:41;00:11:55;250,0;592,4;32,2;27,4;24,7;663,8;28,5;0,1;6,47E-2;-541,2;20,00;3,0;3,0;41,07;0,94;0,587;2,2;4,98;0,449
717;08.08.2023;14:27:42;00:11:56;250,0;594,9;32,3;27,5;24,7;664,5;28,5;0,1;6,46E-2;-541,2;20,00;3,0;3,0;41,07;0,95;0,592;2,2;4,94;0,449
718;08.08.2023;14:27:43;00:11:57;250,0;594,9;32,3;27,5;24,7;666,0;28,6;0,1;6,46E-2;-541,2;20,00;3,0;3,0;41,09;0,96;0,617;2,2;4,99;0,449
719;08.08.2023;14:27:44;00:11:58;250,0;594,9;32,4;27,5;24,7;666,8;28,7;0,1;6,45E-2;-541,2;20,00;3,0;3,0;41,09;0,97;0,615;2,3;4,98;0,449
720;08.08.2023;14:27:45;00:11:59;250,0;597,3;32,4;27,6;24,7;668,3;28,6;0,1;6,44E-2;-541,2;20,00;3,0;3,0;41,11;0,98;0,622;2,3;4,95;0,451
721;08.08.2023;14:27:46;00:12:00;250,0;599,7;32,5;27,7;24,7;669,8;28,7;0,1;6,44E-2;-541,2;20,00;3,0;3,1;41,12;1,00;0,644;2,3;5,01;0,454
722;08.08.2023;14:27:47;00:12:01;250,0;599,7;32,5;27,7;24,7;670,5;28,7;0,1;6,43E-2;-541,2;20,00;3,0;3,0;41,13;1,00;0,656;2,3;5,04;0,452
723;08.08.2023;14:27:48;00:12:02;250,0;599,7;32,6;27,7;24,7;672,1;28,9;0,1;6,42E-2;-541,2;20,00;3,0;3,0;41,14;1,01;0,655;2,3;4,98;0,454
724;08.08.2023;14:27:49;00:12:03;250,1;602,1;32,6;27,7;24,7;673,6;28,9;0,1;6,42E-2;-541,2;20,00;3,0;3,1;41,16;1,03;0,646;2,3;5,04;0,454
725;08.08.2023;14:27:50;00:12:04;250,0;604,6;32,6;27,8;24,7;674,4;29,0;0,1;6,42E-2;-541,2;20,00;3,0;3,0;41,16;1,04;0,654;2,3;5,01;0,455
726;08.08.2023;14:27:51;00:12:05;250,0;604,6;32,6;27,8;24,7;675,9;29,0;0,1;6,41E-2;-541,2;20,00;3,0;3,0;41,18;1,05;0,675;2,3;5,03;0,454
727;08.08.2023;14:27:52;00:12:06;250,0;607,0;32,7;27,9;24,7;677,4;29,2;0,1;6,40E-2;-541,2;20,00;3,0;3,0;41,19;1,06;0,670;2,3;5,02;0,457
728;08.08.2023;14:27:53;00:12:07;250,0;607,0;32,7;27,9;24,7;678,1;29,1;0,1;6,40E-2;-541,2;20,00;3,0;2,9;41,20;1,07;0,675;2,3;5,02;0,455
729;08.08.2023;14:27:54;00:12:08;250,1;609,5;32,8;28,0;24,7;679,8;29,1;0,1;6,39E-2;-541,2;20,00;3,0;3,0;41,22;1,09;0,702;2,3;5,04;0,459
730;08.08.2023;14:27:55;00:12:09;250,1;609,5;32,8;28,1;24,7;681,3;29,3;0,1;6,38E-2;-541,2;20,00;3,0;3,0;41,23;1,10;0,722;2,3;5,04;0,459
731;08.08.2023;14:27:56;00:12:10;250,1;609,5;32,8;28,1;24,8;682,0;29,4;0,1;6,37E-2;-541,2;20,00;3,0;2,9;41,24;1,11;0,722;2,3;5,03;0,459
732;08.08.2023;14:27:57;00:12:11;250,1;612,0;32,9;28,1;24,8;683,5;29,3;0,1;6,37E-2;-541,2;20,00;3,0;3,0;41,25;1,12;0,736;2,3;5,02;0,459
733;08.08.2023;14:27:58;00:12:12;250,0;612,0;32,9;28,1;24,8;684,3;29,4;0,1;6,37E-2;-541,2;20,00;3,0;3,0;41,26;1,13;0,737;2,3;5,03;0,459
734;08.08.2023;14:27:59;00:12:13;250,1;614,6;32,9;28,2;24,9;685,8;29,4;0,1;6,36E-2;-541,2;20,00;3,0;2,9;41,28;1,15;0,749;2,3;5,11;0,463
735;08.08.2023;14:28:00;00:12:14;250,0;617,1;33,0;28,3;24,9;687,4;29,6;0,1;6,35E-2;-541,2;20,00;3,0;3,0;41,30;1,17;0,767;2,3;5,06;0,464
736;08.08.2023;14:28:01;00:12:15;250,1;617,1;33,0;28,3;24,9;688,1;29,5;0,1;6,35E-2;-541,2;20,00;3,0;3,0;41,30;1,18;0,767;2,3;5,04;0,463
737;08.08.2023;14:28:02;00:12:16;250,1;617,1;33,1;28,3;24,9;689,6;29,7;0,1;6,35E-2;-541,2;20,00;3,0;3,0;41,32;1,19;0,770;2,4;5,04;0,464
738;08.08.2023;14:28:03;00:12:17;250,2;619,6;33,1;28,4;24,9;691,1;29,7;0,1;6,34E-2;-541,2;20,00;3,0;3,0;41,34;1,21;0,782;2,3;5,10;0,464
739;08.08.2023;14:28:04;00:12:18;250,0;619,6;33,1;28,4;24,9;691,9;29,8;0,1;6,33E-2;-541,2;20,00;3,0;3,0;41,35;1,22;0,802;2,4;5,07;0,464
740;08.08.2023;14:28:05;00:12:19;250,1;622,0;33,2;28,5;24,9;693,4;29,7;0,1;6,33E-2;-541,2;20,00;3,0;3,0;41,36;1,23;0,809;2,3;5,05;0,464
741;08.08.2023;14:28:06;00:12:20;250,0;622,0;33,3;28,6;24,9;695,0;30,0;0,1;6,32E-2;-541,2;20,00;3,0;3,0;41,38;1,25;0,820;2,3;5,03;0,467
742;08.08.2023;14:28:07;00:12:21;250,0;624,3;33,3;28,6;24,9;695,8;29,9;0,1;6,32E-2;-541,2;20,00;3,0;3,0;41,39;1,26;0,836;2,4;5,06;0,468
743;08.08.2023;14:28:08;00:12:22;250,2;624,3;33,3;28,7;24,9;697,3;30,0;0,1;6,32E-2;-541,2;20,00;3,0;3,0;41,41;1,28;0,858;2,4;5,07;0,469
744;08.08.2023;14:28:09;00:12:23;250,1;626,7;33,3;28,7;24,9;698,8;30,0;0,1;6,31E-2;-541,2;20,00;3,0;3,0;41,43;1,29;0,859;2,4;5,10;0,469
745;08.08.2023;14:28:10;00:12:24;250,1;629,1;33,4;28,8;24,9;699,5;30,0;0,1;6,31E-2;-541,2;20,00;3,0;3,0;41,44;1,31;0,870;2,4;5,09;0,469
746;08.08.2023;14:28:11;00:12:25;250,1;629,1;33,4;28,8;25,0;701,0;30,1;0,1;6,30E-2;-541,2;20,00;3,0;3,0;41,45;1,32;0,881;2,4;5,10;0,469
747;08.08.2023;14:28:12;00:12:26;250,0;629,1;33,5;28,8;25,0;701,9;30,2;0,1;6,30E-2;-541,2;20,00;3,0;3,0;41,46;1,34;0,883;2,4;5,09;0,470
748;08.08.2023;14:28:13;00:12:27;250,0;631,4;33,5;28,9;25,0;703,4;30,2;0,1;6,29E-2;-541,2;20,00;3,0;3,0;41,48;1,35;0,903;2,4;5,11;0,469
749;08.08.2023;14:28:14;00:12:28;250,1;633,8;33,6;29,0;25,0;704,9;30,2;0,1;6,29E-2;-541,2;20,00;3,0;3,0;41,50;1,37;0,918;2,4;5,10;0,471
750;08.08.2023;14:28:15;00:12:29;250,0;633,8;33,6;29,0;25,0;705,6;30,3;0,1;6,28E-2;-541,2;20,00;3,0;3,0;41,51;1,38;0,925;2,4;5,08;0,473
751;08.08.2023;14:28:16;00:12:30;250,1;633,8;33,6;29,0;25,0;707,1;30,5;0,1;6,28E-2;-541,2;20,00;3,0;3,0;41,53;1,40;0,942;2,4;5,09;0,473
752;08.08.2023;14:28:17;00:12:31;250,0;636,3;33,6;29,1;25,0;708,6;30,5;0,1;6,27E-2;-541,2;20,00;3,0;3,0;41,55;1,42;0,945;2,4;5,09;0,473
753;08.08.2023;14:28:18;00:12:32;250,0;636,3;33,7;29,1;25,0;709,5;30,6;0,1;6,27E-2;-541,2;20,00;3,0;3,0;41,56;1,43;0,944;2,4;5,10;0,472
754;08.08.2023;14:28:19;00:12:33;250,0;638,8;33,7;29,2;25,0;711,0;30,6;0,1;6,27E-2;-541,2;20,00;3,0;3,0;41,58;1,45;0,959;2,4;5,09;0,476
755;08.08.2023;14:28:20;00:12:34;250,0;641,3;33,8;29,3;25,0;712,5;30,8;0,1;6,26E-2;-541,2;20,00;3,0;3,0;41,60;1,47;0,973;2,4;5,11;0,476
756;08.08.2023;14:28:21;00:12:35;250,3;641,3;33,8;29,3;25,0;713,3;30,6;0,1;6,26E-2;-541,2;20,00;3,0;3,0;41,61;1,48;0,987;2,4;5,11;0,474
757;08.08.2023;14:28:22;00:12:36;250,0;641,3;33,9;29,4;25,0;714,8;30,8;0,1;6,25E-2;-541,2;20,00;3,0;3,0;41,63;1,51;1,014;2,4;5,13;0,479
758;08.08.2023;14:28:23;00:12:37;250,2;643,9;33,9;29,4;25,0;715,5;30,9;0,1;6,25E-2;-541,2;20,00;3,0;2,9;41,64;1,51;1,026;2,5;5,13;0,479
759;08.08.2023;14:28:24;00:12:38;250,1;643,9;33,9;29,4;25,0;717,1;30,9;0,1;6,24E-2;-541,2;20,00;3,0;2,9;41,67;1,54;1,025;2,4;5,06;0,479
760;08.08.2023;14:28:25;00:12:39;250,0;646,2;34,0;29,5;25,1;718,6;30,9;0,1;6,23E-2;-541,2;20,00;3,0;3,0;41,69;1,56;1,038;2,5;5,15;0,479
761;08.08.2023;14:28:26;00:12:40;250,0;646,2;34,0;29,6;25,1;719,4;31,0;0,1;6,23E-2;-541,2;20,00;3,0;3,0;41,70;1,57;1,043;2,5;5,17;0,480
762;08.08.2023;14:28:27;00:12:41;250,0;648,6;34,0;29,6;25,1;720,9;31,0;0,1;6,23E-2;-541,2;20,00;3,0;3,0;41,72;1,59;1,054;2,5;5,13;0,479
763;08.08.2023;14:28:28;00:12:42;250,1;648,6;34,1;29,7;25,1;722,4;31,2;0,1;6,23E-2;-541,2;20,00;3,0;3,0;41,74;1,61;1,081;2,5;5,15;0,482
764;08.08.2023;14:28:29;00:12:43;250,0;651,0;34,1;29,7;25,1;723,1;31,1;0,1;6,22E-2;-541,2;20,00;3,0;3,0;41,76;1,63;1,092;2,5;5,13;0,480
765;08.08.2023;14:28:30;00:12:44;250,2;653,4;34,2;29,8;25,1;724,8;31,1;0,1;6,22E-2;-541,2;20,00;3,0;3,0;41,78;1,65;1,098;2,5;5,17;0,480
766;08.08.2023;14:28:31;00:12:45;250,0;653,4;34,3;29,8;25,1;726,3;31,3;0,1;6,21E-2;-541,2;20,00;3,0;2,9;41,80;1,67;1,117;2,5;5,15;0,482
767;08.08.2023;14:28:32;00:12:46;250,0;653,4;34,3;29,8;25,1;727,0;31,4;0,1;6,21E-2;-541,2;20,00;3,0;3,0;41,81;1,68;1,114;2,5;5,15;0,484
768;08.08.2023;14:28:33;00:12:47;250,0;655,8;34,3;29,9;25,1;728,5;31,4;0,1;6,20E-2;-541,2;20,00;3,0;3,0;41,84;1,71;1,126;2,5;5,16;0,484
769;08.08.2023;14:28:34;00:12:48;250,0;655,8;34,3;30,0;25,1;730,0;31,6;0,1;6,20E-2;-541,2;20,00;3,0;3,0;41,86;1,73;1,133;2,5;5,15;0,485
770;08.08.2023;14:28:35;00:12:49;250,1;658,2;34,3;30,0;25,1;730,8;31,5;0,1;6,20E-2;-541,2;20,00;3,0;3,0;41,87;1,74;1,146;2,5;5,15;0,488
771;08.08.2023;14:28:36;00:12:50;250,0;658,3;34,5;30,2;25,2;732,4;31,7;0,1;6,19E-2;-541,2;20,00;3,0;3,0;41,90;1,76;1,148;2,5;5,14;0,485
772;08.08.2023;14:28:37;00:12:51;250,1;658,3;34,5;30,2;25,2;733,1;31,8;0,1;6,19E-2;-541,2;20,00;3,0;3,0;41,91;1,78;1,151;2,5;5,17;0,488
773;08.08.2023;14:28:38;00:12:52;250,0;660,9;34,5;30,2;25,2;734,6;31,7;0,1;6,18E-2;-541,2;20,00;3,0;3,0;41,93;1,80;1,183;2,5;5,17;0,488
774;08.08.2023;14:28:39;00:12:53;250,2;663,5;34,6;30,3;25,2;736,1;31,7;0,1;6,18E-2;-541,2;20,00;3,0;2,9;41,96;1,83;1,198;2,5;5,18;0,489
775;08.08.2023;14:28:40;00:12:54;250,1;663,5;34,6;30,3;25,2;736,9;31,8;0,1;6,18E-2;-541,2;20,00;3,0;3,0;41,97;1,84;1,203;2,5;5,19;0,488
776;08.08.2023;14:28:41;00:12:55;250,1;666,2;34,6;30,4;25,2;738,4;31,8;0,1;6,18E-2;-541,2;20,00;3,0;3,0;41,99;1,87;1,215;2,5;5,18;0,488
777;08.08.2023;14:28:42;00:12:56;250,1;666,2;34,6;30,4;25,2;740,0;32,0;0,1;6,17E-2;-541,2;20,00;3,0;3,1;42,02;1,90;1,237;2,5;5,21;0,488
778;08.08.2023;14:28:43;00:12:57;250,1;668,7;34,7;30,5;25,2;740,8;31,9;0,1;6,17E-2;-541,2;20,00;3,0;3,0;42,04;1,91;1,252;2,5;5,19;0,490
779;08.08.2023;14:28:44;00:12:58;250,0;668,7;34,8;30,5;25,2;742,3;32,0;0,1;6,17E-2;-541,2;20,00;3,0;3,0;42,06;1,93;1,248;2,5;5,20;0,491
780;08.08.2023;14:28:45;00:12:59;250,2;671,1;34,8;30,6;25,2;743,8;32,0;0,1;6,16E-2;-541,2;20,00;3,0;3,1;42,09;1,96;1,261;2,6;5,20;0,489
781;08.08.2023;14:28:46;00:13:00;250,1;671,1;34,9;30,6;25,2;744,5;32,1;0,1;6,16E-2;-541,2;20,00;3,0;3,0;42,10;1,97;1,263;2,5;5,22;0,493
782;08.08.2023;14:28:47;00:13:01;250,0;673,5;34,9;30,7;25,3;746,0;32,1;0,1;6,15E-2;-541,2;20,00;3,0;3,0;42,13;2,00;1,277;2,6;5,20;0,493
783;08.08.2023;14:28:48;00:13:02;250,1;675,9;35,0;30,8;25,3;747,6;32,2;0,1;6,15E-2;-541,2;20,00;3,0;3,0;42,16;2,03;1,295;2,6;5,20;0,493
784;08.08.2023;14:28:49;00:13:03;250,0;675,9;35,0;30,8;25,3;748,4;32,2;0,1;6,15E-2;-541,2;20,00;3,0;3,0;42,17;2,04;1,300;2,6;5,21;0,493
785;08.08.2023;14:28:50;00:13:04;250,1;675,9;35,1;30,9;25,3;749,9;32,4;0,1;6,14E-2;-541,2;20,00;3,0;3,0;42,20;2,07;1,322;2,6;5,21;0,497
786;08.08.2023;14:28:51;00:13:05;250,1;678,2;35,1;30,9;25,3;750,6;32,4;0,1;6,14E-2;-541,2;20,00;3,0;3,0;42,21;2,08;1,316;2,6;5,25;0,498
787;08.08.2023;14:28:52;00:13:06;250,0;678,2;35,1;30,9;25,3;752,1;32,5;0,1;6,14E-2;-541,2;20,00;3,0;3,0;42,24;2,11;1,323;2,6;5,23;0,498
788;08.08.2023;14:28:53;00:13:07;250,1;680,6;35,1;31,0;25,3;753,6;32,5;0,1;6,13E-2;-541,2;20,00;3,0;3,0;42,26;2,14;1,333;2,6;5,20;0,498
789;08.08.2023;14:28:54;00:13:08;250,0;680,6;35,2;31,1;25,3;754,4;32,6;0,1;6,13E-2;-541,2;20,00;3,0;3,0;42,28;2,15;1,342;2,6;5,21;0,498
790;08.08.2023;14:28:55;00:13:09;250,1;682,9;35,2;31,1;25,4;756,0;32,6;0,1;6,13E-2;-541,2;20,00;3,0;3,0;42,31;2,18;1,368;2,6;5,22;0,498
791;08.08.2023;14:28:56;00:13:10;250,0;685,4;35,2;31,2;25,3;757,5;32,8;0,1;6,13E-2;-541,2;20,00;3,0;3,0;42,34;2,21;1,373;2,6;5,21;0,499
792;08.08.2023;14:28:57;00:13:11;250,0;685,4;35,2;31,2;25,3;758,3;32,7;0,1;6,12E-2;-541,2;20,00;3,0;3,0;42,35;2,22;1,380;2,6;5,25;0,498
793;08.08.2023;14:28:58;00:13:12;250,1;685,4;35,2;31,2;25,3;759,8;32,9;0,1;6,12E-2;-541,2;20,00;3,0;2,9;42,38;2,25;1,396;2,6;5,23;0,502
794;08.08.2023;14:28:59;00:13:13;250,1;687,9;35,3;31,3;25,3;761,3;32,9;0,1;6,12E-2;-541,2;20,00;3,0;3,0;42,41;2,28;1,409;2,6;5,22;0,503
795;08.08.2023;14:29:00;00:13:14;250,1;687,9;35,3;31,3;25,3;762,0;32,9;0,1;6,12E-2;-541,2;20,00;3,0;3,0;42,42;2,30;1,418;2,6;5,22;0,502
796;08.08.2023;14:29:01;00:13:15;250,0;690,3;35,4;31,4;25,3;763,6;32,9;0,1;6,11E-2;-541,2;20,00;3,0;3,0;42,45;2,33;1,418;2,6;5,27;0,503
797;08.08.2023;14:29:02;00:13:16;250,1;690,3;35,5;31,4;25,3;764,4;33,0;0,1;6,11E-2;-541,2;20,00;3,0;3,1;42,47;2,34;1,424;2,7;5,26;0,504
798;08.08.2023;14:29:03;00:13:17;250,0;692,8;35,5;31,5;25,3;765,9;33,1;0,1;6,11E-2;-541,2;20,00;3,0;3,0;42,49;2,37;1,411;2,7;5,27;0,507
799;08.08.2023;14:29:04;00:13:18;250,0;692,8;35,6;31,6;25,3;767,4;33,2;0,1;6,10E-2;-541,2;20,00;3,0;3,0;42,53;2,40;1,427;2,7;5,27;0,507
800;08.08.2023;14:29:05;00:13:19;250,0;695,1;35,6;31,6;25,3;768,1;33,1;0,1;6,10E-2;-541,2;20,00;3,0;3,0;42,54;2,41;1,439;2,7;5,26;0,505
801;08.08.2023;14:29:06;00:13:20;250,1;695,1;35,7;31,7;25,3;769,6;33,3;0,1;6,10E-2;-541,2;20,00;3,0;3,0;42,57;2,44;1,463;2,7;5,26;0,508
802;08.08.2023;14:29:07;00:13:21;250,0;697,4;35,7;31,7;25,3;771,3;33,3;0,1;6,09E-2;-541,2;20,00;3,0;3,0;42,61;2,48;1,466;2,7;5,26;0,508
803;08.08.2023;14:29:08;00:13:22;250,0;697,4;35,7;31,7;25,3;772,0;33,4;0,1;6,09E-2;-541,2;20,00;3,0;3,0;42,61;2,49;1,470;2,7;5,29;0,508
804;08.08.2023;14:29:09;00:13:23;250,0;699,7;35,8;31,9;25,4;773,5;33,4;0,1;6,09E-2;-541,2;20,00;3,0;3,0;42,65;2,52;1,465;2,7;5,29;0,508
805;08.08.2023;14:29:10;00:13:24;250,0;702,1;35,8;32,0;25,4;775,0;33,4;0,1;6,09E-2;-541,2;20,00;3,0;3,0;42,68;2,55;1,482;2,7;5,27;0,510
806;08.08.2023;14:29:11;00:13:25;250,0;702,1;35,8;32,0;25,4;775,8;33,5;0,1;6,09E-2;-541,2;20,00;3,0;3,0;42,69;2,56;1,483;2,7;5,25;0,509
807;08.08.2023;14:29:12;00:13:26;250,0;702,1;35,9;32,0;25,4;777,3;33,7;0,1;6,09E-2;-541,2;20,00;3,0;3,0;42,72;2,59;1,469;2,7;5,26;0,511
808;08.08.2023;14:29:13;00:13:27;250,1;704,4;35,9;32,1;25,4;778,9;33,7;0,1;6,08E-2;-541,2;20,00;3,0;3,0;42,75;2,63;1,476;2,7;5,30;0,513
809;08.08.2023;14:29:14;00:13:28;250,2;706,7;36,0;32,2;25,4;779,6;33,8;0,1;6,08E-2;-541,2;20,00;3,0;3,0;42,77;2,64;1,483;2,7;5,26;0,513
810;08.08.2023;14:29:15;00:13:29;250,0;706,7;36,0;32,2;25,4;781,1;33,8;0,1;6,08E-2;-541,2;20,00;3,0;3,0;42,80;2,67;1,501;2,7;5,29;0,513
811;08.08.2023;14:29:16;00:13:30;250,0;706,7;36,0;32,1;25,4;781,9;33,9;0,1;6,08E-2;-541,2;20,00;3,0;3,0;42,82;2,68;1,512;2,7;5,28;0,513
812;08.08.2023;14:29:17;00:13:31;250,0;709,2;36,1;32,3;25,4;783,4;33,9;0,1;6,08E-2;-541,2;20,00;3,0;2,9;42,84;2,72;1,512;2,7;5,29;0,515
813;08.08.2023;14:29:18;00:13:32;250,1;709,2;36,1;32,3;25,4;784,9;34,1;0,1;6,07E-2;-541,2;20,00;3,0;3,0;42,88;2,75;1,511;2,7;5,31;0,517
814;08.08.2023;14:29:19;00:13:33;250,1;711,7;36,1;32,4;25,4;785,8;34,1;0,1;6,08E-2;-541,2;20,00;3,0;3,0;42,89;2,76;1,519;2,8;5,33;0,518
815;08.08.2023;14:29:20;00:13:34;250,1;711,7;36,1;32,4;25,4;787,3;34,2;0,1;6,07E-2;-541,2;20,00;3,0;3,0;42,92;2,80;1,489;2,8;5,31;0,518
816;08.08.2023;14:29:21;00:13:35;250,1;714,2;36,2;32,5;25,4;788,8;34,3;0,1;6,07E-2;-541,2;20,00;3,0;3,0;42,96;2,82;1,500;2,8;5,31;0,518
817;08.08.2023;14:29:22;00:13:36;250,1;714,2;36,2;32,5;25,4;789,5;34,3;0,1;6,07E-2;-541,2;20,00;3,0;3,0;42,97;2,84;1,505;2,8;5,29;0,519
818;08.08.2023;14:29:23;00:13:37;250,0;716,8;36,3;32,6;25,4;791,0;34,3;0,1;6,07E-2;-541,2;20,00;3,0;3,0;43,00;2,87;1,489;2,8;5,30;0,521
819;08.08.2023;14:29:24;00:13:38;250,0;716,8;36,4;32,7;25,4;792,5;34,4;0,1;6,06E-2;-541,2;20,00;3,0;2,9;43,03;2,90;1,500;2,7;5,30;0,521
820;08.08.2023;14:29:25;00:13:39;250,3;719,2;36,4;32,7;25,4;793,4;34,3;0,1;6,06E-2;-541,2;20,00;3,0;3,0;43,04;2,92;1,506;2,8;5,29;0,522
821;08.08.2023;14:29:26;00:13:40;250,1;719,2;36,5;32,7;25,4;794,9;34,5;0,1;6,06E-2;-541,2;20,00;3,0;2,9;43,08;2,95;1,516;2,8;5,33;0,523
822;08.08.2023;14:29:27;00:13:41;250,2;721,6;36,5;32,9;25,4;795,6;34,6;0,1;6,06E-2;-541,2;20,00;3,0;3,0;43,09;2,96;1,520;2,8;5,32;0,523
823;08.08.2023;14:29:28;00:13:42;250,1;721,6;36,5;32,9;25,4;797,1;34,6;0,1;6,06E-2;-541,2;20,00;3,0;3,0;43,13;2,99;1,526;2,8;5,33;0,523
824;08.08.2023;14:29:29;00:13:43;250,2;723,9;36,6;33,0;25,4;798,6;34,6;0,1;6,06E-2;-541,2;20,00;3,0;2,9;43,16;3,02;1,522;2,8;5,32;0,523
825;08.08.2023;14:29:30;00:13:44;250,1;723,9;36,7;33,0;25,4;799,4;34,7;0,1;6,05E-2;-541,2;20,00;3,0;3,0;43,17;3,04;1,531;2,8;5,34;0,523
826;08.08.2023;14:29:31;00:13:45;250,1;726,2;36,7;33,1;25,4;801,0;34,8;0,1;6,05E-2;-541,2;20,00;3,0;3,0;43,20;3,07;1,527;2,8;5,36;0,527
827;08.08.2023;14:29:32;00:13:46;250,0;726,2;36,8;33,2;25,4;802,5;34,9;0,1;6,05E-2;-541,2;20,00;3,0;3,0;43,23;3,10;1,504;2,8;5,32;0,527
828;08.08.2023;14:29:33;00:13:47;250,2;728,5;36,8;33,2;25,4;803,3;34,8;0,1;6,04E-2;-541,2;20,00;3,0;3,0;43,25;3,12;1,501;2,8;5,27;0,527
829;08.08.2023;14:29:34;00:13:48;250,1;728,5;36,9;33,3;25,4;804,8;35,0;0,1;6,04E-2;-541,2;20,00;3,0;3,0;43,28;3,15;1,504;2,8;5,33;0,527
830;08.08.2023;14:29:35;00:13:49;250,0;730,8;36,9;33,3;25,6;806,3;35,0;0,1;6,04E-2;-541,2;20,00;3,0;3,0;43,30;3,17;1,497;2,8;5,36;0,527
831;08.08.2023;14:29:36;00:13:50;250,3;730,9;36,9;33,4;25,7;807,0;35,1;0,1;6,04E-2;-541,2;20,00;3,0;3,0;43,32;3,19;1,484;2,8;5,37;0,527
832;08.08.2023;14:29:37;00:13:51;250,0;733,3;37,1;33,5;25,7;808,6;35,3;0,1;6,04E-2;-541,2;20,00;3,0;3,0;43,35;3,22;1,474;2,8;5,35;0,527
833;08.08.2023;14:29:38;00:13:52;250,0;733,3;37,1;33,5;25,7;810,1;35,3;0,1;6,03E-2;-541,2;20,00;3,0;3,0;43,38;3,25;1,498;2,8;5,35;0,530
834;08.08.2023;14:29:39;00:13:53;250,0;735,7;37,1;33,7;25,7;810,9;35,3;0,1;6,03E-2;-541,2;20,00;3,0;3,0;43,40;3,27;1,500;2,8;5,34;0,532
835;08.08.2023;14:29:40;00:13:54;250,1;735,7;37,2;33,7;25,7;812,4;35,4;0,1;6,03E-2;-541,2;20,00;3,0;3,0;43,43;3,29;1,501;2,8;5,37;0,532
836;08.08.2023;14:29:41;00:13:55;250,1;735,7;37,2;33,8;25,7;813,1;35,5;0,1;6,03E-2;-541,2;20,00;3,0;3,0;43,44;3,31;1,491;2,9;5,37;0,532
837;08.08.2023;14:29:42;00:13:56;250,0;738,1;37,2;33,8;25,7;814,6;35,5;0,1;6,03E-2;-541,2;20,00;3,0;3,1;43,47;3,34;1,496;2,9;5,39;0,532
838;08.08.2023;14:29:43;00:13:57;250,0;740,5;37,3;33,9;25,7;816,3;35,5;0,1;6,03E-2;-541,2;20,00;3,0;3,0;43,50;3,37;1,489;2,9;5,38;0,533
839;08.08.2023;14:29:44;00:13:58;250,0;740,5;37,3;33,9;25,7;817,0;35,6;0,1;6,03E-2;-541,2;20,00;3,0;3,0;43,52;3,39;1,487;2,9;5,37;0,534
840;08.08.2023;14:29:45;00:13:59;250,0;742,8;37,4;34,0;25,7;818,5;35,6;0,1;6,03E-2;-541,2;20,00;3,0;3,0;43,55;3,42;1,484;2,9;5,38;0,534
841;08.08.2023;14:29:46;00:14:00;250,0;742,8;37,5;34,0;25,7;820,0;35,8;0,1;6,03E-2;-541,2;20,00;3,0;3,0;43,58;3,45;1,481;2,9;5,39;0,537
842;08.08.2023;14:29:47;00:14:01;250,0;745,0;37,5;34,1;25,7;820,8;35,8;0,1;6,03E-2;-541,2;20,00;3,0;2,9;43,59;3,46;1,488;2,9;5,39;0,537
843;08.08.2023;14:29:48;00:14:02;250,3;745,0;37,5;34,1;25,7;822,3;35,9;0,1;6,02E-2;-541,2;20,00;3,0;3,0;43,62;3,50;1,497;2,9;5,39;0,538
844;08.08.2023;14:29:49;00:14:03;250,1;747,2;37,6;34,3;25,7;823,9;35,9;0,1;6,02E-2;-541,2;20,00;3,0;3,0;43,65;3,52;1,475;2,9;5,33;0,537
845;08.08.2023;14:29:50;00:14:04;250,2;747,2;37,7;34,4;25,7;824,6;36,0;0,1;6,03E-2;-541,2;20,00;3,0;3,0;43,67;3,54;1,465;2,9;5,39;0,541
846;08.08.2023;14:29:51;00:14:05;250,1;749,5;37,7;34,4;25,7;825,0;36,0;0,1;6,03E-2;-541,2;20,00;3,0;3,0;43,69;3,57;1,451;2,9;5,40;0,542
847;08.08.2023;14:29:52;00:14:06;250,1;751,7;37,8;34,5;25,7;825,0;36,0;0,1;6,03E-2;-541,2;20,00;3,0;3,0;43,73;3,60;1,462;2,9;5,37;0,542
848;08.08.2023;14:29:53;00:14:07;250,0;751,7;37,8;34,5;25,8;825,0;35,9;0,1;6,03E-2;-541,2;20,00;3,0;3,0;43,74;3,61;1,463;2,9;5,37;0,542
849;08.08.2023;14:29:54;00:14:08;250,1;754,0;37,9;34,6;25,8;825,0;35,8;0,1;6,03E-2;-541,2;20,00;3,1;3,0;43,77;3,64;1,489;2,9;5,37;0,540
850;08.08.2023;14:29:55;00:14:09;250,1;754,0;37,9;34,6;25,8;825,0;35,7;0,1;6,03E-2;-541,2;20,00;3,1;3,0;43,79;3,66;1,491;2,9;5,36;0,542
851;08.08.2023;14:29:56;00:14:10;250,2;754,0;37,9;34,7;25,8;825,0;35,8;0,1;6,03E-2;-541,2;20,00;3,1;3,1;43,82;3,69;1,515;2,9;5,38;0,542
852;08.08.2023;14:29:57;00:14:11;250,1;756,4;38,0;34,8;25,9;825,0;35,8;0,1;6,03E-2;-541,2;20,00;3,1;3,1;43,85;3,72;1,527;2,9;5,38;0,542
853;08.08.2023;14:29:58;00:14:12;250,2;756,4;38,0;34,8;25,9;825,0;35,7;0,1;6,03E-2;-541,2;20,00;3,1;3,1;43,87;3,74;1,527;2,9;5,39;0,542
854;08.08.2023;14:29:59;00:14:13;250,1;758,8;38,1;34,9;25,9;825,0;35,6;0,1;6,03E-2;-541,2;20,00;3,1;3,1;43,90;3,76;1,519;2,9;5,36;0,540
855;08.08.2023;14:30:00;00:14:14;250,0;758,8;38,2;35,1;25,9;825,0;35,6;0,1;6,03E-2;-541,2;20,00;3,1;3,1;43,92;3,80;1,501;2,9;5,37;0,542
856;08.08.2023;14:30:01;00:14:15;250,0;761,1;38,2;35,1;25,9;825,0;35,4;0,1;6,03E-2;-541,2;20,00;3,2;3,2;43,94;3,81;1,500;2,9;5,37;0,542
857;08.08.2023;14:30:02;00:14:16;250,0;761,1;38,3;35,1;25,9;825,0;35,5;0,1;6,03E-2;-541,2;20,00;3,2;3,2;43,97;3,84;1,467;2,9;5,36;0,540
858;08.08.2023;14:30:03;00:14:17;250,1;763,4;38,3;35,2;25,9;825,0;35,3;0,1;6,03E-2;-541,2;20,00;3,2;3,2;43,99;3,87;1,422;2,9;5,34;0,540
859;08.08.2023;14:30:04;00:14:18;250,0;763,4;38,3;35,2;25,9;825,0;35,4;0,1;6,03E-2;-541,2;20,00;3,2;3,2;44,01;3,87;1,396;2,9;5,36;0,537
860;08.08.2023;14:30:05;00:14:19;250,2;765,5;38,4;35,3;25,9;825,0;35,2;0,1;6,02E-2;-541,2;20,00;3,2;3,2;44,03;3,90;1,345;2,9;5,36;0,538
861;08.08.2023;14:30:06;00:14:20;250,1;765,5;38,4;35,3;25,9;825,0;35,3;0,1;6,02E-2;-541,2;20,00;3,2;3,2;44,04;3,91;1,319;2,9;5,31;0,538
862;08.08.2023;14:30:07;00:14:21;250,0;767,5;38,5;35,4;25,9;825,0;35,2;0,1;6,02E-2;-541,2;20,00;3,3;3,3;44,06;3,94;1,275;2,9;5,35;0,540
863;08.08.2023;14:30:08;00:14:22;250,2;767,5;38,6;35,6;25,9;825,0;35,2;0,1;6,02E-2;-541,2;20,00;3,3;3,3;44,08;3,96;1,220;2,9;5,33;0,540
864;08.08.2023;14:30:09;00:14:23;250,1;769,5;38,6;35,6;25,9;825,0;35,0;0,1;6,01E-2;-541,2;20,00;3,3;3,2;44,09;3,96;1,181;2,9;5,36;0,540
865;08.08.2023;14:30:10;00:14:24;250,1;769,5;38,6;35,6;25,9;825,0;35,1;0,1;6,01E-2;-541,2;20,00;3,3;3,3;44,11;3,99;1,104;2,9;5,34;0,539
866;08.08.2023;14:30:11;00:14:25;250,0;771,5;38,7;35,7;25,9;825,0;35,0;0,1;6,01E-2;-541,2;20,00;3,3;3,3;44,13;4,00;1,038;2,9;5,32;0,537
867;08.08.2023;14:30:12;00:14:26;250,0;771,5;38,7;35,7;25,9;825,0;35,0;0,1;6,00E-2;-541,2;20,00;3,3;3,3;44,14;4,01;0,998;2,9;5,34;0,538
868;08.08.2023;14:30:13;00:14:27;250,2;773,3;38,8;35,8;25,9;825,0;34,9;0,1;6,00E-2;-541,2;20,00;3,3;3,3;44,16;4,02;0,931;2,9;5,29;0,537
869;08.08.2023;14:30:14;00:14:28;250,2;773,3;38,8;35,8;25,9;825,0;34,9;0,1;6,00E-2;-541,2;20,00;3,4;3,4;44,17;4,04;0,883;2,9;5,32;0,537
870;08.08.2023;14:30:15;00:14:29;250,2;775,0;38,8;35,9;26,0;825,0;34,9;0,1;5,99E-2;-541,2;20,00;3,4;3,3;44,18;4,05;0,854;2,9;5,31;0,537
871;08.08.2023;14:30:16;00:14:30;250,1;775,0;38,8;35,9;25,8;825,0;34,8;0,1;5,99E-2;-541,2;20,00;3,4;3,3;44,19;4,06;0,816;2,9;5,32;0,537
872;08.08.2023;14:30:17;00:14:31;250,1;776,7;38,8;36,0;25,9;825,0;34,8;0,1;5,99E-2;-541,2;20,00;3,4;3,4;44,20;4,08;0,756;2,9;5,31;0,537
873;08.08.2023;14:30:18;00:14:32;250,2;776,7;38,8;36,0;25,9;825,0;34,7;0,1;5,99E-2;-541,2;20,00;3,4;3,4;44,21;4,08;0,732;2,9;5,32;0,537
874;08.08.2023;14:30:19;00:14:33;250,2;778,3;38,9;36,1;25,9;825,0;34,7;0,1;5,98E-2;-541,2;20,00;3,4;3,4;44,21;4,09;0,667;2,9;5,32;0,537
875;08.08.2023;14:30:20;00:14:34;250,1;778,3;38,9;36,1;25,9;825,0;34,7;0,1;5,98E-2;-541,2;20,00;3,4;3,4;44,22;4,10;0,632;2,8;5,34;0,537
876;08.08.2023;14:30:21;00:14:35;250,1;778,3;39,0;36,1;25,9;825,0;34,7;0,1;5,98E-2;-541,2;20,00;3,5;3,4;44,23;4,10;0,579;2,8;5,28;0,536
877;08.08.2023;14:30:22;00:14:36;250,1;779,9;39,0;36,2;25,9;825,0;34,6;0,1;5,97E-2;-541,2;20,00;3,5;3,4;44,24;4,12;0,534;2,8;5,28;0,533
878;08.08.2023;14:30:23;00:14:37;250,2;781,4;39,1;36,4;25,9;825,0;34,6;0,1;5,97E-2;-541,2;20,00;3,5;3,4;44,25;4,12;0,522;2,8;5,31;0,536
879;08.08.2023;14:30:24;00:14:38;250,1;781,4;39,1;36,4;25,9;825,0;34,5;0,1;5,97E-2;-541,2;20,00;3,5;3,5;44,25;4,13;0,488;2,8;5,28;0,535
880;08.08.2023;14:30:25;00:14:39;250,0;782,8;39,2;36,5;25,9;825,0;34,6;0,1;5,96E-2;-541,2;20,00;3,5;3,5;44,26;4,13;0,452;2,8;5,29;0,536
881;08.08.2023;14:30:26;00:14:40;250,1;782,8;39,2;36,5;26,0;825,0;34,5;0,1;5,96E-2;-541,2;20,00;3,5;3,5;44,27;4,14;0,442;2,8;5,29;0,537
882;08.08.2023;14:30:27;00:14:41;250,0;784,0;39,2;36,6;26,0;825,0;34,4;0,1;5,95E-2;-541,2;20,00;3,6;3,5;44,27;4,15;0,420;2,9;5,32;0,537
883;08.08.2023;14:30:28;00:14:42;250,0;784,0;39,3;36,7;26,0;825,0;34,4;0,1;5,95E-2;-541,2;20,00;3,6;3,6;44,28;4,15;0,401;2,8;5,31;0,537
884;08.08.2023;14:30:29;00:14:43;250,0;785,2;39,3;36,7;26,0;825,0;34,4;0,1;5,94E-2;-541,2;20,00;3,6;3,6;44,28;4,16;0,387;2,8;5,26;0,534
885;08.08.2023;14:30:30;00:14:44;250,0;785,2;39,3;36,7;26,0;825,0;34,4;0,1;5,94E-2;-541,2;20,00;3,6;3,6;44,29;4,16;0,358;2,8;5,29;0,534
886;08.08.2023;14:30:31;00:14:45;250,1;786,4;39,3;36,9;26,0;825,0;34,3;0,1;5,94E-2;-541,2;20,00;3,6;3,5;44,30;4,17;0,354;2,8;5,26;0,535
887;08.08.2023;14:30:32;00:14:46;250,0;786,4;39,3;36,9;26,0;825,0;34,3;0,1;5,93E-2;-541,1;20,00;3,6;3,6;44,30;4,17;0,339;2,8;5,28;0,534
888;08.08.2023;14:30:33;00:14:47;250,1;787,4;39,4;37,0;26,0;825,0;34,3;0,1;5,93E-2;-541,2;20,00;3,6;3,6;44,31;4,18;0,327;2,8;5,25;0,534
889;08.08.2023;14:30:34;00:14:48;250,0;787,4;39,5;37,0;26,0;825,0;34,3;0,1;5,93E-2;-541,2;20,00;3,7;3,6;44,31;4,18;0,324;2,8;5,26;0,533
890;08.08.2023;14:30:35;00:14:49;250,0;788,4;39,5;37,1;26,0;825,0;34,3;0,1;5,92E-2;-541,2;20,00;3,7;3,6;44,31;4,18;0,320;2,8;5,28;0,534
891;08.08.2023;14:30:36;00:14:50;250,0;788,5;39,6;37,1;26,1;825,0;34,3;0,1;5,92E-2;-541,2;20,00;3,7;3,7;44,32;4,19;0,310;2,8;5,28;0,535
892;08.08.2023;14:30:37;00:14:51;250,0;788,5;39,6;37,2;26,1;825,0;34,3;0,1;5,91E-2;-541,2;20,00;3,7;3,7;44,32;4,19;0,308;2,8;5,24;0,534
893;08.08.2023;14:30:38;00:14:52;250,0;789,5;39,6;37,3;26,1;825,0;34,2;0,1;5,91E-2;-541,2;20,00;3,7;3,7;44,33;4,20;0,301;2,8;5,27;0,534
894;08.08.2023;14:30:39;00:14:53;250,0;790,5;39,6;37,4;26,1;825,0;34,2;0,1;5,90E-2;-541,2;20,00;3,7;3,7;44,33;4,21;0,305;2,8;5,25;0,532
895;08.08.2023;14:30:40;00:14:54;250,1;790,5;39,6;37,4;26,1;825,0;34,2;0,1;5,90E-2;-541,2;20,00;3,7;3,7;44,34;4,21;0,301;2,8;5,28;0,532
896;08.08.2023;14:30:41;00:14:55;250,1;790,5;39,7;37,6;26,1;825,0;34,2;0,1;5,89E-2;-541,2;20,00;3,8;3,7;44,34;4,22;0,289;2,8;5,23;0,535
897;08.08.2023;14:30:42;00:14:56;250,0;791,5;39,7;37,6;26,1;825,0;34,2;0,1;5,89E-2;-541,2;20,00;3,8;3,8;44,35;4,22;0,286;2,8;5,27;0,534
898;08.08.2023;14:30:43;00:14:57;250,0;792,4;39,7;37,7;26,2;825,0;34,1;0,1;5,88E-2;-541,2;20,00;3,8;3,8;44,35;4,23;0,285;2,8;5,26;0,533
899;08.08.2023;14:30:44;00:14:58;250,2;792,4;39,8;37,7;26,2;825,0;34,1;0,1;5,88E-2;-541,2;20,00;3,8;3,8;44,36;4,23;0,287;2,8;5,23;0,534
900;08.08.2023;14:30:45;00:14:59;250,2;792,4;39,8;37,8;26,2;825,0;34,1;0,1;5,88E-2;-541,2;20,00;3,8;3,8;44,36;4,23;0,289;2,8;5,26;0,533
901;08.08.2023;14:30:46;00:15:00;250,1;793,2;39,8;37,8;26,2;825,0;34,1;0,1;5,87E-2;-541,2;20,00;3,8;3,8;44,36;4,24;0,296;2,8;5,26;0,532
902;08.08.2023;14:30:47;00:15:01;250,1;794,0;39,8;37,9;26,2;825,0;34,1;0,1;5,87E-2;-541,2;20,00;3,9;3,8;44,38;4,25;0,294;2,8;5,22;0,532
903;08.08.2023;14:30:48;00:15:02;250,0;794,0;39,8;37,9;26,2;825,0;34,1;0,1;5,86E-2;-541,2;20,00;3,9;3,9;44,37;4,25;0,296;2,8;5,27;0,535
904;08.08.2023;14:30:49;00:15:03;250,1;794,8;39,8;38,0;26,2;825,0;34,0;0,1;5,86E-2;-541,2;20,00;3,9;3,9;44,38;4,26;0,294;2,8;5,28;0,532
905;08.08.2023;14:30:50;00:15:04;250,2;794,8;39,9;38,0;26,2;824,7;58,3;0,1;5,85E-2;-541,2;20,00;3,9;3,9;44,39;4,26;0,293;2,8;5,27;0,532
906;08.08.2023;14:30:51;00:15:05;250,0;795,5;39,9;38,2;26,2;823,1;82,2;0,1;5,84E-2;-541,2;20,00;3,9;3,9;44,39;4,26;0,274;0,0;0,07;0,056
907;08.08.2023;14:30:52;00:15:06;250,0;795,5;39,9;38,2;26,2;819,9;82,8;0,1;5,83E-2;-541,2;20,00;3,9;3,9;44,42;4,29;0,358;0,0;0,01;0,052
908;08.08.2023;14:30:53;00:15:07;250,0;795,9;39,9;38,3;26,1;816,7;83,1;0,1;5,83E-2;-541,2;20,00;3,9;3,9;44,45;4,32;0,674;0,0;0,01;0,051
909;08.08.2023;14:30:54;00:15:08;250,0;795,9;39,9;38,3;26,1;815,1;83,2;0,1;5,82E-2;-541,2;20,00;3,9;3,9;44,47;4,34;0,809;0,0;0,01;0,051
910;08.08.2023;14:30:55;00:15:09;250,0;795,4;39,9;38,4;25,9;811,9;83,4;0,1;5,80E-2;-541,2;20,00;3,9;3,9;44,49;4,36;1,025;0,0;0,01;0,049
911;08.08.2023;14:30:56;00:15:10;250,0;795,4;39,9;38,4;25,9;808,4;83,6;0,1;5,79E-2;-541,2;20,00;3,9;3,9;44,51;4,38;1,107;0,0;0,01;0,049
912;08.08.2023;14:30:57;00:15:11;250,0;795,4;39,8;38,4;25,9;806,8;83,7;0,1;5,78E-2;-541,2;20,00;3,9;3,9;44,52;4,39;1,110;0,0;0,01;0,049
913;08.08.2023;14:30:58;00:15:12;250,0;792,8;39,8;38,5;25,6;803,5;83,9;0,1;5,77E-2;-541,2;20,00;3,9;3,9;44,54;4,41;1,080;0,0;0,01;0,050
914;08.08.2023;14:30:59;00:15:13;250,0;792,8;39,7;38,6;25,6;801,9;84,0;0,1;5,76E-2;-541,2;20,00;3,9;3,9;44,55;4,42;1,050;0,0;0,01;0,051
915;08.08.2023;14:31:00;00:15:14;250,0;788,2;39,7;38,6;25,4;798,7;84,2;0,1;5,75E-2;-541,2;20,00;3,9;3,9;44,56;4,43;0,959;0,0;0,01;0,049
916;08.08.2023;14:31:01;00:15:15;250,0;781,4;39,5;38,8;25,4;795,5;84,4;0,1;5,73E-2;-541,2;20,00;3,9;3,9;44,57;4,44;0,867;0,0;0,01;0,049
917;08.08.2023;14:31:02;00:15:16;250,0;781,4;39,5;38,8;25,3;793,6;84,5;0,1;5,73E-2;-541,2;20,00;3,9;3,9;44,58;4,45;0,814;0,0;0,01;0,049
918;08.08.2023;14:31:03;00:15:17;250,0;772,9;39,2;38,9;25,3;790,4;84,7;0,1;5,71E-2;-541,2;20,00;3,9;3,9;44,59;4,46;0,727;0,0;0,01;0,049
919;08.08.2023;14:31:04;00:15:18;250,0;772,9;39,0;38,9;25,2;787,2;84,9;0,1;5,69E-2;-541,2;20,00;3,9;3,8;44,60;4,47;0,652;0,0;0,01;0,049
920;08.08.2023;14:31:05;00:15:19;250,0;772,9;39,0;38,9;25,2;785,6;85,0;0,1;5,68E-2;-541,2;20,00;3,9;3,9;44,60;4,47;0,624;0,0;0,01;0,049
921;08.08.2023;14:31:06;00:15:20;250,0;764,0;39,0;39,0;25,1;782,3;85,2;0,1;5,66E-2;-541,2;20,00;3,9;3,9;44,61;4,48;0,561;0,0;0,01;0,049
922;08.08.2023;14:31:07;00:15:21;250,0;754,5;38,7;39,1;25,1;779,1;85,4;0,1;5,64E-2;-541,2;20,00;3,9;3,9;44,62;4,49;0,514;0,0;0,01;0,049
923;08.08.2023;14:31:08;00:15:22;250,0;754,5;38,7;39,1;25,1;777,2;85,5;0,1;5,63E-2;-541,2;20,00;3,9;3,9;44,62;4,50;0,500;0,0;0,01;0,049
924;08.08.2023;14:31:09;00:15:23;250,0;744,8;38,4;39,2;25,1;774,0;85,7;0,1;5,61E-2;-541,2;20,00;3,9;3,9;44,63;4,50;0,465;0,0;0,01;0,052
925;08.08.2023;14:31:10;00:15:24;250,0;744,8;38,4;39,2;25,1;770,8;85,9;0,1;5,59E-2;-541,2;20,00;3,9;3,8;44,64;4,51;0,427;0,0;0,01;0,049
926;08.08.2023;14:31:11;00:15:25;250,0;735,1;38,1;39,2;25,1;769,2;86,0;0,1;5,58E-2;-541,2;20,00;3,9;3,8;44,64;4,51;0,407;0,0;0,01;0,054
927;08.08.2023;14:31:12;00:15:26;250,0;735,1;38,1;39,2;25,1;766,0;86,1;0,1;5,57E-2;-541,2;20,00;3,9;3,9;44,65;4,52;0,372;0,0;0,01;0,049
928;08.08.2023;14:31:13;00:15:27;250,0;725,4;37,8;39,3;25,1;764,4;86,2;0,1;5,55E-2;-541,2;20,00;3,9;3,8;44,65;4,52;0,355;0,0;0,01;0,050
929;08.08.2023;14:31:14;00:15:28;250,0;725,4;37,8;39,3;25,0;760,9;86,4;0,1;5,53E-2;-541,2;20,00;3,9;3,9;44,66;4,53;0,331;0,0;0,01;0,049
930;08.08.2023;14:31:15;00:15:29;250,0;715,8;37,4;39,4;25,0;757,6;86,6;0,1;5,52E-2;-541,2;20,00;3,9;3,8;44,66;4,53;0,313;0,0;0,01;0,049
931;08.08.2023;14:31:16;00:15:30;250,0;715,8;37,4;39,4;25,0;756,0;86,6;0,1;5,51E-2;-541,2;20,00;3,9;3,9;44,66;4,54;0,301;0,0;0,01;0,049
932;08.08.2023;14:31:17;00:15:31;250,0;715,9;37,1;39,5;25,1;752,8;86,8;0,1;5,48E-2;-541,2;20,00;3,9;3,9;44,67;4,54;0,299;0,0;0,01;0,049
933;08.08.2023;14:31:18;00:15:32;250,0;705,7;37,1;39,5;25,1;749,6;87,0;0,1;5,47E-2;-541,2;20,00;3,9;3,9;44,68;4,55;0,289;0,0;0,01;0,051
934;08.08.2023;14:31:19;00:15:33;250,0;695,7;36,7;39,6;25,1;748,0;87,0;0,1;5,46E-2;-541,2;20,00;3,9;3,9;44,68;4,55;0,286;0,0;0,01;0,049
935;08.08.2023;14:31:20;00:15:34;250,0;695,7;36,7;39,6;25,0;744,5;87,2;0,1;5,44E-2;-541,2;20,00;3,9;3,9;44,68;4,55;0,273;0,0;0,01;0,049
936;08.08.2023;14:31:21;00:15:35;250,0;685,9;36,3;39,7;25,0;741,3;87,4;0,1;5,42E-2;-541,2;20,00;3,9;3,9;44,69;4,56;0,259;0,0;0,01;0,049
937;08.08.2023;14:31:22;00:15:36;250,0;685,9;36,3;39,7;25,0;739,7;87,4;0,1;5,41E-2;-541,2;20,00;3,9;3,9;44,69;4,56;0,254;0,0;0,01;0,049
938;08.08.2023;14:31:23;00:15:37;250,0;676,3;35,9;39,7;25,0;736,5;87,6;0,1;5,39E-2;-541,2;20,00;3,9;3,9;44,69;4,57;0,236;0,0;0,01;0,049
939;08.08.2023;14:31:24;00:15:38;250,0;676,3;35,9;39,7;25,0;734,8;87,7;0,1;5,39E-2;-541,2;20,00;3,9;3,9;44,69;4,57;0,231;0,0;0,01;0,049
940;08.08.2023;14:31:25;00:15:39;250,0;676,3;35,5;39,7;25,0;731,6;87,8;0,1;5,37E-2;-541,2;20,00;3,9;4,0;44,70;4,57;0,226;0,0;0,01;0,053
941;08.08.2023;14:31:26;00:15:40;250,0;667,4;35,5;39,7;25,0;728,1;88,0;0,1;5,35E-2;-541,2;20,00;3,9;4,0;44,70;4,58;0,219;0,0;0,01;0,049
942;08.08.2023;14:31:27;00:15:41;250,0;658,7;35,2;39,8;25,0;726,5;88,0;0,1;5,34E-2;-541,2;20,00;3,9;3,9;44,70;4,58;0,210;0,0;0,00;0,049
943;08.08.2023;14:31:28;00:15:42;250,0;658,7;35,2;39,8;25,0;723,3;88,2;0,1;5,33E-2;-541,2;20,00;3,9;3,9;44,71;4,58;0,199;0,0;0,01;0,049
944;08.08.2023;14:31:29;00:15:43;250,0;650,1;34,9;39,8;25,0;720,1;88,3;0,1;5,31E-2;-541,2;20,00;3,9;3,9;44,71;4,59;0,201;0,0;0,00;0,049
945;08.08.2023;14:31:30;00:15:44;250,0;650,1;34,9;39,8;25,0;718,5;88,4;0,1;5,30E-2;-541,2;20,00;3,9;3,9;44,71;4,59;0,197;0,0;0,01;0,049
946;08.08.2023;14:31:31;00:15:45;250,0;641,6;34,5;39,8;25,0;715,3;88,5;0,1;5,29E-2;-541,2;20,00;3,9;3,9;44,72;4,59;0,193;0,0;0,01;0,049
947;08.08.2023;14:31:32;00:15:46;250,0;641,6;34,2;39,8;25,0;712,0;88,6;0,1;5,27E-2;-541,2;20,00;3,9;3,9;44,72;4,59;0,189;0,0;0,01;0,049
948;08.08.2023;14:31:33;00:15:47;250,0;633,2;34,2;39,8;25,0;710,4;88,7;0,1;5,26E-2;-541,2;20,00;3,9;3,9;44,72;4,60;0,191;0,0;0,01;0,049
949;08.08.2023;14:31:34;00:15:48;250,0;633,2;33,9;39,8;25,0;706,9;88,8;0,1;5,25E-2;-541,2;20,00;3,9;3,9;44,73;4,60;0,186;0,0;0,01;0,049
950;08.08.2023;14:31:35;00:15:49;250,0;625,0;33,9;39,8;25,0;703,7;88,9;0,1;5,24E-2;-541,2;20,00;3,9;4,0;44,73;4,60;0,181;0,0;0,01;0,049
951;08.08.2023;14:31:36;00:15:50;250,0;625,0;33,9;39,8;24,9;702,1;89,0;0,1;5,23E-2;-541,2;20,00;3,9;4,0;44,73;4,61;0,178;0,0;0,01;0,049
952;08.08.2023;14:31:37;00:15:51;250,0;624,9;33,5;39,8;24,9;698,9;89,1;0,1;5,21E-2;-541,2;20,00;3,9;3,9;44,74;4,61;0,169;0,0;0,00;0,049
953;08.08.2023;14:31:38;00:15:52;250,0;616,2;33,5;39,8;24,9;697,3;89,2;0,1;5,21E-2;-541,2;20,00;3,9;3,9;44,74;4,61;0,171;0,0;0,00;0,049
954;08.08.2023;14:31:39;00:15:53;250,0;616,2;33,1;39,8;24,9;694,1;89,3;0,1;5,20E-2;-541,2;20,00;3,9;3,9;44,74;4,61;0,163;0,0;0,01;0,049
955;08.08.2023;14:31:40;00:15:54;250,0;607,4;33,1;39,8;24,9;690,6;89,4;0,1;5,18E-2;-541,2;20,00;3,9;3,8;44,74;4,61;0,145;0,0;0,01;0,049
956;08.08.2023;14:31:41;00:15:55;250,0;607,4;33,1;39,8;24,9;689,0;89,4;0,1;5,17E-2;-541,2;20,00;3,9;3,8;44,74;4,62;0,145;0,0;0,01;0,050
957;08.08.2023;14:31:42;00:15:56;250,0;598,6;32,8;39,8;24,9;685,7;89,5;0,1;5,16E-2;-541,2;20,00;3,9;3,9;44,75;4,62;0,148;0,0;0,00;0,049
958;08.08.2023;14:31:43;00:15:57;250,0;590,0;32,5;39,7;24,9;682,5;89,6;0,1;5,15E-2;-541,2;20,00;3,9;3,9;44,75;4,62;0,142;0,0;0,01;0,049
959;08.08.2023;14:31:44;00:15:58;250,0;590,0;32,5;39,7;24,9;680,9;89,7;0,1;5,14E-2;-541,2;20,00;3,9;3,9;44,75;4,62;0,141;0,0;0,01;0,049
960;08.08.2023;14:31:45;00:15:59;250,0;590,0;32,2;39,7;24,9;677,7;89,8;0,1;5,13E-2;-541,2;20,00;3,9;3,9;44,75;4,63;0,141;0,0;0,01;0,051
961;08.08.2023;14:31:46;00:16:00;250,0;582,1;32,2;39,7;24,8;674,2;89,9;0,1;5,12E-2;-541,2;20,00;3,9;3,8;44,76;4,63;0,141;0,0;0,01;0,049
962;08.08.2023;14:31:47;00:16:01;250,0;574,5;32,0;39,7;24,8;672,6;89,9;0,1;5,12E-2;-541,2;20,00;3,9;3,9;44,76;4,63;0,141;0,0;0,01;0,049
963;08.08.2023;14:31:48;00:16:02;250,0;574,5;32,0;39,7;24,8;669,4;90,0;0,1;5,10E-2;-541,2;20,00;3,9;3,9;44,76;4,63;0,138;0,0;0,01;0,049
964;08.08.2023;14:31:49;00:16:03;250,0;567,1;31,8;39,6;24,8;666,1;90,1;0,1;5,09E-2;-541,2;20,00;3,9;3,9;44,76;4,64;0,135;0,0;0,00;0,049
965;08.08.2023;14:31:50;00:16:04;250,0;567,1;31,8;39,6;24,8;664,5;90,2;0,1;5,09E-2;-541,2;20,00;3,9;3,9;44,76;4,64;0,134;0,0;0,01;0,049
966;08.08.2023;14:31:51;00:16:05;250,0;559,7;31,5;39,6;24,8;661,3;90,2;0,1;5,08E-2;-541,2;20,00;3,9;3,9;44,77;4,64;0,134;0,0;0,01;0,049
967;08.08.2023;14:31:52;00:16:06;250,0;559,7;31,5;39,6;24,8;659,4;90,3;0,1;5,07E-2;-541,2;20,00;3,9;3,9;44,77;4,64;0,128;0,0;0,01;0,053
968;08.08.2023;14:31:53;00:16:07;250,0;559,7;31,3;39,6;24,8;656,2;90,4;0,1;5,06E-2;-541,2;20,00;3,9;3,9;44,77;4,64;0,122;0,0;0,01;0,049
969;08.08.2023;14:31:54;00:16:08;250,0;552,4;31,3;39,6;24,8;653,0;90,4;0,1;5,04E-2;-541,2;20,00;3,9;3,8;44,77;4,64;0,110;0,0;0,01;0,049
970;08.08.2023;14:31:55;00:16:09;250,0;545,3;31,1;39,5;24,8;651,4;90,5;0,1;5,04E-2;-541,2;20,00;3,9;3,8;44,77;4,65;0,110;0,0;0,00;0,049
971;08.08.2023;14:31:56;00:16:10;250,0;545,3;31,1;39,5;24,8;648,2;90,5;0,1;5,03E-2;-541,2;20,00;3,9;3,9;44,78;4,65;0,115;0,0;0,01;0,049
972;08.08.2023;14:31:57;00:16:11;250,0;537,7;30,9;39,5;24,8;645,0;90,6;0,1;5,02E-2;-541,2;20,00;3,9;3,8;44,78;4,65;0,115;0,0;0,01;0,049
973;08.08.2023;14:31:58;00:16:12;250,0;537,7;30,9;39,5;24,8;643,1;90,6;0,1;5,01E-2;-541,2;20,00;3,9;3,8;44,78;4,65;0,116;0,0;0,01;0,049
974;08.08.2023;14:31:59;00:16:13;250,0;537,7;30,7;39,4;24,8;639,9;90,7;0,1;5,00E-2;-541,2;20,00;3,9;4,0;44,78;4,65;0,115;0,0;0,01;0,049
975;08.08.2023;14:32:00;00:16:14;250,0;530,3;30,7;39,4;24,8;636,6;90,8;0,0;4,99E-2;-541,2;20,00;3,9;3,9;44,78;4,66;0,109;0,0;0,01;0,049
976;08.08.2023;14:32:01;00:16:15;250,0;530,3;30,7;39,4;24,8;635,0;90,8;0,0;4,99E-2;-541,2;20,00;3,9;3,9;44,78;4,66;0,104;0,0;0,01;0,049
977;08.08.2023;14:32:02;00:16:16;250,0;522,9;30,5;39,3;24,8;631,8;90,8;0,0;4,97E-2;-541,2;20,00;3,9;3,9;44,79;4,66;0,102;0,0;0,00;0,049
978;08.08.2023;14:32:03;00:16:17;250,0;522,9;30,3;39,2;24,8;630,2;90,9;0,0;4,97E-2;-541,2;20,00;3,9;3,9;44,79;4,66;0,109;0,0;0,01;0,049
979;08.08.2023;14:32:04;00:16:18;250,0;515,7;30,3;39,2;24,8;626,7;90,9;0,0;4,96E-2;-541,2;20,00;3,9;3,9;44,79;4,66;0,117;0,0;0,01;0,049
980;08.08.2023;14:32:05;00:16:19;250,0;509,0;30,1;39,2;24,8;623,5;91,0;0,0;4,95E-2;-541,2;20,00;3,9;3,9;44,79;4,67;0,120;0,0;0,01;0,049
981;08.08.2023;14:32:06;00:16:20;250,0;509,0;30,1;39,2;24,8;621,9;91,0;0,0;4,95E-2;-541,2;20,00;3,9;3,9;44,79;4,67;0,116;0,0;0,00;0,049
982;08.08.2023;14:32:07;00:16:21;250,0;502,5;29,9;39,1;24,8;618,7;91,0;0,0;4,93E-2;-541,2;20,00;3,9;3,9;44,80;4,67;0,116;0,0;0,01;0,049
983;08.08.2023;14:32:08;00:16:22;250,0;502,5;29,7;39,1;24,8;615,4;91,1;0,0;4,92E-2;-541,2;20,00;3,9;4,0;44,80;4,67;0,120;0,0;0,01;0,049
984;08.08.2023;14:32:09;00:16:23;250,0;502,5;29,7;39,0;24,8;613,8;91,1;0,0;4,92E-2;-541,2;20,00;3,9;4,0;44,80;4,67;0,116;0,0;0,01;0,049
985;08.08.2023;14:32:10;00:16:24;250,0;495,9;29,7;39,0;24,7;610,3;91,1;0,0;4,91E-2;-541,2;20,00;3,9;3,9;44,80;4,67;0,110;0,0;0,01;0,049
986;08.08.2023;14:32:11;00:16:25;250,0;489,5;29,6;38,9;24,7;607,1;91,2;0,0;4,90E-2;-541,2;20,00;3,9;3,9;44,80;4,68;0,107;0,0;0,01;0,049
987;08.08.2023;14:32:12;00:16:26;250,0;489,5;29,6;38,9;24,7;605,5;91,2;0,0;4,89E-2;-541,2;20,00;3,9;4,0;44,81;4,68;0,108;0,0;0,01;0,049
988;08.08.2023;14:32:13;00:16:27;250,0;489,5;29,4;38,8;24,7;602,3;91,2;0,0;4,89E-2;-541,2;20,00;3,9;3,9;44,81;4,68;0,110;0,0;0,00;0,049
989;08.08.2023;14:32:14;00:16:28;250,0;483,1;29,4;38,8;24,7;599,1;91,2;0,0;4,89E-2;-541,2;20,00;3,9;3,9;44,81;4,68;0,104;0,0;0,01;0,049
990;08.08.2023;14:32:15;00:16:29;250,0;476,9;29,3;38,7;24,7;597,5;91,3;0,0;4,88E-2;-541,2;20,00;3,9;3,9;44,81;4,68;0,101;0,0;0,01;0,049
991;08.08.2023;14:32:16;00:16:30;250,0;476,9;29,3;38,7;24,7;594,0;91,3;0,0;4,88E-2;-541,2;20,00;3,9;4,0;44,81;4,68;0,099;0,0;0,01;0,049
992;08.08.2023;14:32:17;00:16:31;250,0;476,8;29,2;38,7;24,7;592,4;91,3;0,0;4,87E-2;-541,2;20,00;3,9;3,9;44,81;4,69;0,095;0,0;0,01;0,049
993;08.08.2023;14:32:18;00:16:32;250,0;470,2;29,1;38,5;24,6;589,1;91,3;0,0;4,87E-2;-541,2;20,00;3,9;3,8;44,81;4,69;0,093;0,0;0,01;0,049
994;08.08.2023;14:32:19;00:16:33;250,0;463,7;28,9;38,4;24,6;585,9;91,3;0,0;4,87E-2;-541,2;20,00;3,9;3,9;44,82;4,69;0,090;0,0;0,00;0,049
995;08.08.2023;14:32:20;00:16:34;250,0;463,7;28,9;38,4;24,6;584,3;91,3;0,0;4,86E-2;-541,2;20,00;3,9;3,9;44,82;4,69;0,086;0,0;0,00;0,049
996;08.08.2023;14:32:21;00:16:35;250,0;463,7;28,7;38,4;24,6;581,1;91,3;0,0;4,85E-2;-541,2;20,00;3,9;3,9;44,82;4,69;0,086;0,0;0,01;0,049
997;08.08.2023;14:32:22;00:16:36;250,0;457,2;28,7;38,3;24,6;577,6;91,3;0,0;4,84E-2;-541,2;20,00;3,9;3,9;44,82;4,69;0,090;0,0;0,01;0,049
998;08.08.2023;14:32:23;00:16:37;250,0;450,9;28,6;38,2;24,6;576,0;91,3;0,0;4,84E-2;-541,2;20,00;3,9;4,0;44,82;4,69;0,091;0,0;0,00;0,049
999;08.08.2023;14:32:24;00:16:38;250,0;450,9;28,6;38,2;24,6;572,8;91,3;0,0;4,83E-2;-541,2;20,00;3,9;3,9;44,82;4,70;0,089;0,0;0,01;0,049
1000;08.08.2023;14:32:25;00:16:39;250,0;444,8;28,5;38,1;24,6;569,6;91,3;0,0;4,82E-2;-541,2;20,00;3,9;3,9;44,83;4,70;0,089;0,0;0,00;0,049
1001;08.08.2023;14:32:26;00:16:40;250,0;444,8;28,5;38,1;24,6;567,9;91,3;0,0;4,82E-2;-541,2;20,00;3,9;4,0;44,83;4,70;0,089;0,0;0,00;0,049
1002;08.08.2023;14:32:27;00:16:41;250,0;444,8;28,3;38,0;24,6;564,7;91,3;0,0;4,80E-2;-541,2;20,00;3,9;3,9;44,83;4,70;0,086;0,0;0,01;0,049
1003;08.08.2023;14:32:28;00:16:42;250,0;438,8;28,3;38,0;24,6;561,2;91,3;0,0;4,80E-2;-541,2;20,00;3,9;3,9;44,83;4,70;0,084;0,0;0,00;0,049
1004;08.08.2023;14:32:29;00:16:43;250,0;438,8;28,3;38,0;24,6;559,6;91,3;0,0;4,79E-2;-541,2;20,00;3,9;3,9;44,83;4,70;0,082;0,0;0,00;0,049
1005;08.08.2023;14:32:30;00:16:44;250,0;432,8;28,2;37,9;24,6;556,4;91,3;0,0;4,79E-2;-541,2;20,00;3,9;4,0;44,83;4,70;0,081;0,0;0,01;0,049
1006;08.08.2023;14:32:31;00:16:45;250,0;432,8;28,1;37,7;24,6;554,8;91,3;0,0;4,78E-2;-541,2;20,00;3,9;3,9;44,83;4,70;0,079;0,0;0,01;0,049
1007;08.08.2023;14:32:32;00:16:46;250,0;427,0;28,1;37,7;24,6;551,6;91,3;0,0;4,78E-2;-541,2;20,00;3,9;3,9;44,83;4,70;0,071;0,0;0,00;0,049
1008;08.08.2023;14:32:33;00:16:47;250,0;427,0;28,0;37,6;24,6;548,4;91,3;0,0;4,77E-2;-541,2;20,00;3,9;3,9;44,83;4,71;0,070;0,0;0,01;0,049
1009;08.08.2023;14:32:34;00:16:48;250,0;421,4;28,0;37,6;24,5;546,7;91,3;0,0;4,76E-2;-541,2;20,00;3,9;3,9;44,83;4,71;0,076;0,0;0,01;0,049
1010;08.08.2023;14:32:35;00:16:49;250,0;415,9;27,8;37,5;24,5;543,3;91,2;0,0;4,75E-2;-541,2;20,00;3,9;3,9;44,84;4,71;0,080;0,0;0,01;0,049
1011;08.08.2023;14:32:36;00:16:50;250,0;415,9;27,9;37,5;24,5;540,0;91,2;0,0;4,74E-2;-541,2;20,00;3,9;3,9;44,84;4,71;0,081;0,0;0,01;0,049
1012;08.08.2023;14:32:37;00:16:51;250,0;416,0;27,9;37,6;24,6;538,4;91,2;0,0;4,74E-2;-541,2;20,00;3,9;4,0;44,84;4,71;0,081;0,0;0,01;0,049
1013;08.08.2023;14:32:38;00:16:52;250,0;410,2;27,8;37,5;24,6;535,2;91,2;0,0;4,74E-2;-541,2;20,00;3,9;4,0;44,84;4,71;0,085;0,0;0,00;0,049
1014;08.08.2023;14:32:39;00:16:53;250,0;410,2;27,7;37,5;24,6;532,0;91,1;0,0;4,73E-2;-541,2;20,00;3,9;3,9;44,84;4,72;0,082;0,0;0,01;0,049
1015;08.08.2023;14:32:40;00:16:54;250,0;404,4;27,7;37,3;24,6;530,4;91,1;0,0;4,72E-2;-541,2;20,00;3,9;4,0;44,84;4,72;0,082;0,0;0,01;0,049
1016;08.08.2023;14:32:41;00:16:55;250,0;404,4;27,6;37,2;24,6;526,9;91,1;0,0;4,71E-2;-541,2;20,00;3,9;4,0;44,85;4,72;0,078;0,0;0,01;0,049
1017;08.08.2023;14:32:42;00:16:56;250,0;398,7;27,6;37,2;24,6;525,3;91,0;0,0;4,71E-2;-541,2;20,00;3,9;4,0;44,85;4,72;0,075;0,0;0,01;0,049
1018;08.08.2023;14:32:43;00:16:57;250,0;398,7;27,4;37,0;24,6;522,1;91,0;0,0;4,70E-2;-541,2;20,00;3,9;3,9;44,85;4,72;0,074;0,0;0,01;0,049
1019;08.08.2023;14:32:44;00:16:58;250,0;393,1;27,4;37,0;24,6;518,8;91,0;0,0;4,70E-2;-541,2;20,00;3,9;3,9;44,85;4,72;0,076;0,0;0,01;0,049
1020;08.08.2023;14:32:45;00:16:59;250,0;393,1;27,4;37,0;24,6;517,2;90,9;0,0;4,70E-2;-541,2;20,00;3,9;3,9;44,85;4,72;0,073;0,0;0,01;0,049
1021;08.08.2023;14:32:46;00:17:00;250,0;387,9;27,3;36,9;24,5;514,0;90,9;0,0;4,68E-2;-541,2;20,00;3,9;3,9;44,85;4,72;0,077;0,0;0,00;0,049
1022;08.08.2023;14:32:47;00:17:01;250,0;382,7;27,2;36,8;24,5;510,5;90,8;0,0;4,68E-2;-541,2;20,00;3,9;3,8;44,85;4,73;0,074;0,0;0,01;0,049
1023;08.08.2023;14:32:48;00:17:02;250,0;382,7;27,2;36,8;24,5;508,9;90,8;0,0;4,67E-2;-541,2;20,00;3,9;3,8;44,85;4,73;0,074;0,0;0,01;0,049
1024;08.08.2023;14:32:49;00:17:03;250,0;382,7;27,1;36,8;24,5;505,7;90,7;0,0;4,66E-2;-541,2;20,00;3,9;3,8;44,85;4,73;0,072;0,0;0,01;0,049
1025;08.08.2023;14:32:50;00:17:04;250,0;377,7;27,1;36,7;24,5;502,5;90,7;0,0;4,66E-2;-541,2;20,00;3,9;3,9;44,86;4,73;0,070;0,0;0,01;0,049
1026;08.08.2023;14:32:51;00:17:05;250,0;372,6;27,0;36,5;24,5;500,9;90,7;0,0;4,66E-2;-541,2;20,00;3,9;3,9;44,86;4,73;0,071;0,0;0,01;0,049
1027;08.08.2023;14:32:52;00:17:06;250,0;372,6;27,0;36,5;24,5;497,6;90,6;0,0;4,65E-2;-541,2;20,00;3,9;3,9;44,86;4,73;0,067;0,0;0,00;0,049
1028;08.08.2023;14:32:53;00:17:07;250,0;367,7;26,9;36,4;24,5;494,2;90,5;0,0;4,64E-2;-541,2;20,00;3,9;3,9;44,86;4,73;0,064;0,0;0,00;0,049
1029;08.08.2023;14:32:54;00:17:08;250,0;367,7;26,9;36,4;24,5;492,5;90,5;0,0;4,64E-2;-541,2;20,00;3,9;3,9;44,86;4,73;0,062;0,0;0,01;0,049
1030;08.08.2023;14:32:55;00:17:09;250,0;362,8;26,8;36,3;24,5;489,3;90,4;0,0;4,63E-2;-541,2;20,00;3,9;3,9;44,86;4,73;0,063;0,0;0,00;0,049
1031;08.08.2023;14:32:56;00:17:10;250,0;362,8;26,8;36,3;24,5;487,7;90,4;0,0;4,63E-2;-541,2;20,00;3,9;4,0;44,86;4,73;0,064;0,0;0,01;0,049
1032;08.08.2023;14:32:57;00:17:11;250,0;362,8;26,8;36,2;24,4;484,5;90,3;0,0;4,62E-2;-541,2;20,00;3,9;3,9;44,86;4,74;0,065;0,0;0,01;0,049
1033;08.08.2023;14:32:58;00:17:12;250,0;357,6;26,7;36,1;24,4;481,3;90,2;0,0;4,62E-2;-541,2;20,00;3,9;3,9;44,86;4,74;0,063;0,0;0,01;0,049
1034;08.08.2023;14:32:59;00:17:13;250,0;357,6;26,6;35,9;24,4;479,4;90,2;0,0;4,61E-2;-541,2;20,00;3,9;3,9;44,87;4,74;0,063;0,0;0,00;0,049
1035;08.08.2023;14:33:00;00:17:14;250,0;352,5;26,6;35,9;24,4;476,2;90,1;0,0;4,60E-2;-541,2;20,00;3,9;3,9;44,87;4,74;0,063;0,0;0,00;0,049
1036;08.08.2023;14:33:01;00:17:15;250,0;347,4;26,4;35,8;24,4;473,0;90,0;0,0;4,60E-2;-541,2;20,00;3,9;4,0;44,87;4,74;0,062;0,0;0,01;0,049
1037;08.08.2023;14:33:02;00:17:16;250,0;347,4;26,4;35,8;24,4;471,3;90,0;0,0;4,59E-2;-541,2;20,00;3,9;3,9;44,87;4,74;0,060;0,0;0,01;0,049
1038;08.08.2023;14:33:03;00:17:17;250,0;342,4;26,3;35,6;24,4;468,1;89,9;0,0;4,58E-2;-541,2;20,00;3,9;3,9;44,87;4,74;0,063;0,0;0,01;0,049
1039;08.08.2023;14:33:04;00:17:18;250,0;342,4;26,3;35,6;24,4;464,6;89,8;0,0;4,58E-2;-541,2;20,00;3,9;3,9;44,87;4,74;0,060;0,0;0,00;0,049
1040;08.08.2023;14:33:05;00:17:19;250,0;342,4;26,3;35,6;24,4;463,0;89,7;0,0;4,58E-2;-541,2;20,00;3,9;3,8;44,87;4,74;0,057;0,0;0,01;0,049
1041;08.08.2023;14:33:06;00:17:20;250,0;337,7;26,3;35,5;24,4;459,8;89,6;0,0;4,58E-2;-541,2;20,00;3,9;3,9;44,87;4,74;0,058;0,0;0,01;0,049
1042;08.08.2023;14:33:07;00:17:21;250,0;333,1;26,2;35,4;24,4;456,6;89,5;0,0;4,57E-2;-541,2;20,00;3,9;3,9;44,87;4,75;0,056;0,0;0,00;0,049
1043;08.08.2023;14:33:08;00:17:22;250,0;333,1;26,2;35,4;24,3;455,0;89,5;0,0;4,56E-2;-541,2;20,00;3,9;4,0;44,87;4,75;0,056;0,0;0,00;0,049
1044;08.08.2023;14:33:09;00:17:23;250,0;333,1;26,1;35,2;24,3;451,8;89,4;0,0;4,56E-2;-541,2;20,00;3,9;3,9;44,87;4,75;0,057;0,0;0,00;0,049
1045;08.08.2023;14:33:10;00:17:24;250,0;328,6;26,1;35,2;24,3;450,1;89,3;0,0;4,55E-2;-541,2;20,00;3,9;3,9;44,87;4,75;0,054;0,0;0,00;0,049
1046;08.08.2023;14:33:11;00:17:25;250,0;328,6;26,0;35,1;24,3;446,7;89,2;0,0;4,54E-2;-541,2;20,00;3,9;3,9;44,88;4,75;0,049;0,0;0,01;0,049
1047;08.08.2023;14:33:12;00:17:26;250,0;324,0;26,0;35,1;24,3;443,4;89,1;0,0;4,54E-2;-541,2;20,00;3,9;4,0;44,88;4,75;0,050;0,0;0,01;0,049
1048;08.08.2023;14:33:13;00:17:27;250,0;324,0;26,0;35,1;24,3;441,8;89,0;0,0;4,54E-2;-541,2;20,00;3,9;4,0;44,88;4,75;0,050;0,0;0,01;0,049
1049;08.08.2023;14:33:14;00:17:28;250,0;319,4;25,9;34,9;24,3;438,6;88,9;0,0;4,53E-2;-541,2;20,00;3,9;3,9;44,88;4,75;0,049;0,0;0,01;0,049
1050;08.08.2023;14:33:15;00:17:29;250,0;314,9;25,8;34,8;24,3;435,4;88,8;0,0;4,52E-2;-541,2;20,00;3,9;3,9;44,88;4,75;0,040;0,0;0,01;0,049
1051;08.08.2023;14:33:16;00:17:30;250,0;314,9;25,8;34,8;24,3;433,8;88,7;0,0;4,52E-2;-541,2;20,00;3,9;4,0;44,88;4,75;0,043;0,0;0,01;0,049
1052;08.08.2023;14:33:17;00:17:31;250,0;315,0;25,8;34,9;24,4;430,3;88,6;0,0;4,51E-2;-541,2;20,00;3,9;3,9;44,88;4,75;0,047;0,0;0,01;0,049
1053;08.08.2023;14:33:18;00:17:32;250,0;310,3;25,8;34,7;24,4;427,1;88,5;0,0;4,50E-2;-541,2;20,00;3,9;4,0;44,88;4,75;0,049;0,0;0,00;0,049
1054;08.08.2023;14:33:19;00:17:33;250,0;310,3;25,7;34,7;24,4;425,5;88,4;0,0;4,50E-2;-541,2;20,00;3,9;4,0;44,88;4,76;0,050;0,0;0,01;0,049
1055;08.08.2023;14:33:20;00:17:34;250,0;305,7;25,7;34,6;24,3;422,2;88,3;0,0;4,50E-2;-541,2;20,00;3,9;3,9;44,88;4,76;0,044;0,0;0,01;0,049
1056;08.08.2023;14:33:21;00:17:35;250,0;305,7;25,7;34,6;24,3;420,6;88,2;0,0;4,49E-2;-541,2;20,00;3,9;4,0;44,88;4,76;0,043;0,0;0,01;0,049
1057;08.08.2023;14:33:22;00:17:36;250,0;301,3;25,6;34,4;24,3;417,4;88,1;0,0;4,49E-2;-541,2;20,00;3,9;3,9;44,88;4,76;0,042;0,0;0,01;0,049
1058;08.08.2023;14:33:23;00:17:37;250,0;301,3;25,5;34,4;24,3;413,9;87,9;0,0;4,48E-2;-541,2;20,00;3,9;3,9;44,89;4,76;0,046;0,0;0,01;0,049
1059;08.08.2023;14:33:24;00:17:38;250,0;296,8;25,5;34,3;24,3;412,3;87,8;0,0;4,48E-2;-541,2;20,00;3,9;3,9;44,88;4,76;0,046;0,0;0,01;0,049
1060;08.08.2023;14:33:25;00:17:39;250,0;296,8;25,5;34,3;24,3;409,1;87,7;0,0;4,47E-2;-541,2;20,00;3,9;3,9;44,89;4,76;0,047;0,0;0,01;0,049
1061;08.08.2023;14:33:26;00:17:40;250,0;292,7;25,4;34,1;24,3;405,9;87,6;0,0;4,46E-2;-541,2;20,00;3,9;4,0;44,89;4,76;0,045;0,0;0,00;0,049
1062;08.08.2023;14:33:27;00:17:41;250,0;292,7;25,4;34,0;24,3;404,3;87,5;0,0;4,46E-2;-541,2;20,00;3,9;4,0;44,89;4,76;0,042;0,0;0,01;0,049
1063;08.08.2023;14:33:28;00:17:42;250,0;288,6;25,4;34,0;24,3;401,0;87,3;0,0;4,45E-2;-541,2;20,00;3,9;4,0;44,89;4,76;0,042;0,0;0,00;0,049
1064;08.08.2023;14:33:29;00:17:43;250,0;284,6;25,3;33,9;24,3;397,5;87,2;0,0;4,45E-2;-541,2;20,00;3,9;3,9;44,89;4,76;0,037;0,0;0,01;0,049
1065;08.08.2023;14:33:30;00:17:44;250,0;284,6;25,3;33,9;24,3;395,9;87,1;0,0;4,45E-2;-541,2;20,00;3,9;3,9;44,89;4,76;0,037;0,0;0,01;0,049
1066;08.08.2023;14:33:31;00:17:45;250,0;280,6;25,2;33,7;24,3;392,7;86,9;0,0;4,44E-2;-541,2;20,00;3,9;3,9;44,89;4,76;0,039;0,0;0,01;0,049
1067;08.08.2023;14:33:32;00:17:46;250,0;280,6;25,1;33,7;24,3;389,5;86,8;0,0;4,43E-2;-541,2;20,00;3,9;3,9;44,89;4,76;0,040;0,0;0,01;0,049
1068;08.08.2023;14:33:33;00:17:47;250,0;280,6;25,1;33,7;24,3;387,9;86,7;0,0;4,43E-2;-541,2;20,00;3,9;3,9;44,89;4,76;0,042;0,0;0,00;0,049
1069;08.08.2023;14:33:34;00:17:48;250,0;276,7;25,1;33,6;24,2;384,7;86,5;0,0;4,42E-2;-541,2;20,00;3,9;4,0;44,89;4,76;0,044;0,0;0,00;0,049
1070;08.08.2023;14:33:35;00:17:49;250,0;276,7;25,0;33,4;24,2;382,8;86,4;0,0;4,42E-2;-541,2;20,00;3,9;3,9;44,89;4,77;0,042;0,0;0,01;0,049
1071;08.08.2023;14:33:36;00:17:50;250,0;272,8;25,0;33,4;24,2;379,6;86,3;0,0;4,41E-2;-541,2;20,00;3,9;3,9;44,89;4,76;0,042;0,0;0,01;0,049
1072;08.08.2023;14:33:37;00:17:51;250,0;272,8;25,0;33,3;24,3;376,3;86,1;0,0;4,41E-2;-541,2;20,00;3,9;3,9;44,89;4,77;0,040;0,0;0,00;0,049
1073;08.08.2023;14:33:38;00:17:52;250,0;268,7;25,0;33,3;24,3;374,7;86,0;0,0;4,41E-2;-541,2;20,00;3,9;3,8;44,89;4,77;0,040;0,0;0,01;0,049
1074;08.08.2023;14:33:39;00:17:53;250,0;268,7;24,9;33,3;24,3;371,5;85,8;0,0;4,41E-2;-541,2;20,00;3,9;3,9;44,90;4,77;0,036;0,0;0,01;0,049
1075;08.08.2023;14:33:40;00:17:54;250,0;264,6;24,9;33,2;24,2;368,3;85,6;0,0;4,41E-2;-541,2;20,00;3,9;3,9;44,90;4,77;0,034;0,0;0,01;0,049
1076;08.08.2023;14:33:41;00:17:55;250,0;264,6;24,9;33,2;24,2;366,4;85,5;0,0;4,41E-2;-541,2;20,00;3,9;3,9;44,90;4,77;0,040;0,0;0,00;0,049
1077;08.08.2023;14:33:42;00:17:56;250,0;260,5;24,8;33,1;24,2;363,2;85,3;0,0;4,40E-2;-541,2;20,00;3,9;3,9;44,90;4,77;0,040;0,0;0,01;0,049
1078;08.08.2023;14:33:43;00:17:57;250,0;260,5;24,7;32,9;24,2;360,0;85,2;0,0;4,40E-2;-541,2;20,00;3,9;3,9;44,90;4,77;0,042;0,0;0,00;0,049
1079;08.08.2023;14:33:44;00:17:58;250,0;256,5;24,7;32,9;24,2;358,4;85,1;0,0;4,39E-2;-541,2;20,00;3,9;3,9;44,90;4,77;0,042;0,0;0,01;0,049
1080;08.08.2023;14:33:45;00:17:59;250,0;256,5;24,6;32,9;24,2;355,2;84,9;0,0;4,39E-2;-541,2;20,00;3,9;3,9;44,90;4,77;0,044;0,0;0,00;0,049
1081;08.08.2023;14:33:46;00:18:00;250,0;252,8;24,6;32,8;24,2;351,9;84,7;0,0;4,38E-2;-541,2;20,00;3,9;3,9;44,90;4,77;0,041;0,0;0,00;0,049
1082;08.08.2023;14:33:47;00:18:01;250,0;249,2;24,6;32,6;24,2;350,1;84,6;0,0;4,38E-2;-541,2;20,00;3,9;3,9;44,90;4,77;0,043;0,0;0,01;0,050
1083;08.08.2023;14:33:48;00:18:02;250,0;249,2;24,6;32,6;24,2;346,8;84,4;0,0;4,37E-2;-541,2;20,00;3,9;3,9;44,90;4,78;0,046;0,0;0,01;0,049
1084;08.08.2023;14:33:49;00:18:03;250,0;249,2;24,6;32,6;24,2;345,2;84,3;0,0;4,37E-2;-541,2;20,00;3,9;3,9;44,90;4,78;0,048;0,0;0,00;0,049
1085;08.08.2023;14:33:50;00:18:04;250,0;245,6;24,5;32,5;24,2;342,0;84,1;0,0;4,36E-2;-541,2;20,00;3,9;3,9;44,90;4,78;0,046;0,0;0,00;0,049
1086;08.08.2023;14:33:51;00:18:05;250,0;242,0;24,4;32,4;24,2;338,8;83,9;0,0;4,36E-2;-541,2;20,00;3,9;3,8;44,90;4,78;0,041;0,0;0,00;0,049
1087;08.08.2023;14:33:52;00:18:06;250,0;242,0;24,4;32,4;24,1;337,2;83,8;0,0;4,36E-2;-541,2;20,00;3,9;3,8;44,90;4,78;0,040;0,0;0,00;0,051
1088;08.08.2023;14:33:53;00:18:07;250,0;242,0;24,4;32,4;24,1;333,7;83,5;0,0;4,36E-2;-541,2;20,00;3,9;3,9;44,91;4,78;0,040;0,0;0,01;0,049
1089;08.08.2023;14:33:54;00:18:08;250,0;238,5;24,4;32,2;24,1;330,5;83,3;0,0;4,35E-2;-541,2;20,00;3,9;3,8;44,91;4,78;0,036;0,0;0,01;0,049
1090;08.08.2023;14:33:55;00:18:09;250,0;235,0;24,3;32,1;24,1;328,9;83,2;0,0;4,35E-2;-541,2;20,00;3,9;3,9;44,91;4,78;0,037;0,0;0,00;0,049
1091;08.08.2023;14:33:56;00:18:10;250,0;235,0;24,3;32,1;24,1;325,6;83,0;0,0;4,35E-2;-541,2;20,00;3,9;3,9;44,91;4,78;0,036;0,0;0,01;0,049
1092;08.08.2023;14:33:57;00:18:11;250,0;234,9;24,1;31,9;24,1;322,4;82,8;0,0;4,34E-2;-541,2;20,00;3,9;3,8;44,91;4,78;0,035;0,0;0,00;0,049
1093;08.08.2023;14:33:58;00:18:12;250,0;234,9;24,1;31,9;24,1;320,8;82,7;0,0;4,34E-2;-541,2;20,00;3,9;3,9;44,91;4,78;0,036;0,0;0,01;0,049
1094;08.08.2023;14:33:59;00:18:13;250,0;231,1;24,1;31,9;24,0;317,3;82,4;0,0;4,33E-2;-541,2;20,00;3,9;3,8;44,91;4,78;0,035;0,0;0,01;0,049
1095;08.08.2023;14:34:00;00:18:14;250,0;227,3;24,0;31,8;24,0;315,7;82,3;0,0;4,33E-2;-541,2;20,00;3,9;3,8;44,91;4,78;0,036;0,0;0,00;0,049
1096;08.08.2023;14:34:01;00:18:15;250,0;227,3;24,0;31,8;24,0;312,5;82,1;0,0;4,33E-2;-541,2;20,00;3,9;3,9;44,91;4,78;0,036;0,0;0,00;0,049
1097;08.08.2023;14:34:02;00:18:16;250,0;223,6;24,0;31,6;24,0;309,3;81,8;0,0;4,32E-2;-541,2;20,00;3,9;3,9;44,91;4,78;0,034;0,0;0,01;0,049
1098;08.08.2023;14:34:03;00:18:17;250,0;223,6;23,9;31,6;24,0;307,7;81,7;0,0;4,32E-2;-541,2;20,00;3,9;3,8;44,91;4,78;0,032;0,0;0,00;0,049
1099;08.08.2023;14:34:04;00:18:18;250,0;219,9;23,9;31,5;24,0;304,4;81,5;0,0;4,32E-2;-541,2;20,00;3,9;3,9;44,91;4,78;0,037;0,0;0,01;0,049
1100;08.08.2023;14:34:05;00:18:19;250,0;216,6;23,8;31,4;24,0;300,9;81,2;0,0;4,31E-2;-541,2;20,00;3,9;3,9;44,91;4,79;0,041;0,0;0,01;0,049
1101;08.08.2023;14:34:06;00:18:20;250,0;216,6;23,8;31,4;24,0;299,3;81,1;0,0;4,31E-2;-541,2;20,00;3,9;3,9;44,91;4,79;0,039;0,0;0,01;0,049
1102;08.08.2023;14:34:07;00:18:21;250,0;216,6;23,8;31,2;24,0;296,1;80,9;0,0;4,31E-2;-541,2;20,00;3,9;3,9;44,91;4,79;0,038;0,0;0,00;0,049
1103;08.08.2023;14:34:08;00:18:22;250,0;213,3;23,8;31,2;24,0;292,9;80,6;0,0;4,30E-2;-541,2;20,00;3,9;3,9;44,91;4,79;0,034;0,0;0,00;0,049
1104;08.08.2023;14:34:09;00:18:23;250,0;213,3;23,8;31,2;24,0;291,3;80,5;0,0;4,30E-2;-541,2;20,00;3,9;3,9;44,92;4,79;0,036;0,0;0,00;0,049
1105;08.08.2023;14:34:10;00:18:24;250,0;210,0;23,7;31,1;24,0;288,1;80,2;0,0;4,29E-2;-541,2;20,00;3,9;3,9;44,91;4,79;0,036;0,0;0,01;0,049
1106;08.08.2023;14:34:11;00:18:25;250,0;206,9;23,6;31,0;24,0;284,6;80,0;0,0;4,29E-2;-541,2;20,00;3,9;4,0;44,92;4,79;0,039;0,0;0,01;0,049
1107;08.08.2023;14:34:12;00:18:26;250,0;206,9;23,6;31,0;24,0;283,0;79,8;0,0;4,28E-2;-541,2;20,00;3,9;4,0;44,92;4,79;0,037;0,0;0,00;0,049
1108;08.08.2023;14:34:13;00:18:27;250,0;206,9;23,6;30,9;24,0;279,7;79,6;0,0;4,28E-2;-541,2;20,00;3,9;4,0;44,92;4,79;0,036;0,0;0,00;0,049
1109;08.08.2023;14:34:14;00:18:28;250,0;203,7;23,6;30,9;23,9;278,1;79,5;0,0;4,28E-2;-541,2;20,00;3,9;3,9;44,92;4,79;0,037;0,0;0,00;0,049
1110;08.08.2023;14:34:15;00:18:29;250,0;200,6;23,5;30,8;23,9;274,9;79,2;0,0;4,27E-2;-541,2;20,00;3,9;3,9;44,92;4,79;0,035;0,0;0,01;0,049
1111;08.08.2023;14:34:16;00:18:30;250,0;200,6;23,5;30,8;23,9;271,7;78,9;0,0;4,27E-2;-541,2;20,00;3,9;3,9;44,92;4,79;0,035;0,0;0,01;0,049
1112;08.08.2023;14:34:17;00:18:31;250,0;200,6;23,5;30,8;24,0;270,1;78,8;0,0;4,27E-2;-541,2;20,00;3,9;3,9;44,92;4,79;0,032;0,0;0,01;0,049
1113;08.08.2023;14:34:18;00:18:32;250,0;197,3;23,4;30,6;24,0;266,6;78,5;0,0;4,26E-2;-541,2;20,00;3,9;3,9;44,92;4,79;0,032;0,0;0,01;0,049
1114;08.08.2023;14:34:19;00:18:33;250,0;197,3;23,4;30,6;23,9;263,4;78,2;0,0;4,26E-2;-541,2;20,00;3,9;3,9;44,92;4,79;0,035;0,0;0,01;0,049
1115;08.08.2023;14:34:20;00:18:34;250,0;194,0;23,4;30,5;23,9;261,8;78,1;0,0;4,26E-2;-541,2;20,00;3,9;3,9;44,92;4,79;0,033;0,0;0,01;0,049
1116;08.08.2023;14:34:21;00:18:35;250,0;194,0;23,4;30,5;23,9;258,5;77,8;0,0;4,25E-2;-541,2;20,00;3,9;3,9;44,92;4,79;0,035;0,0;0,01;0,049
1117;08.08.2023;14:34:22;00:18:36;250,0;190,8;23,3;30,4;23,9;255,3;77,5;0,0;4,24E-2;-541,2;20,00;3,9;3,9;44,92;4,79;0,033;0,0;0,00;0,049
1118;08.08.2023;14:34:23;00:18:37;250,0;190,8;23,2;30,4;23,9;253,7;77,4;0,0;4,24E-2;-541,2;20,00;3,9;3,9;44,92;4,79;0,030;0,0;0,01;0,049
1119;08.08.2023;14:34:24;00:18:38;250,0;187,6;23,2;30,2;23,9;250,2;77,1;0,0;4,23E-2;-541,2;20,00;3,9;3,9;44,92;4,80;0,030;0,0;0,00;0,049
1120;08.08.2023;14:34:25;00:18:39;250,0;187,6;23,2;30,2;23,9;248,6;76,9;0,0;4,23E-2;-541,2;20,00;3,9;3,9;44,92;4,80;0,032;0,0;0,00;0,049
1121;08.08.2023;14:34:26;00:18:40;250,0;184,6;23,2;30,1;23,9;245,4;76,7;0,0;4,23E-2;-541,2;20,00;3,9;3,9;44,92;4,80;0,034;0,0;0,01;0,049
1122;08.08.2023;14:34:27;00:18:41;250,0;184,6;23,1;30,0;23,9;242,2;76,4;0,0;4,23E-2;-541,2;20,00;3,9;3,8;44,92;4,80;0,031;0,0;0,01;0,049
1123;08.08.2023;14:34:28;00:18:42;250,0;181,7;23,1;30,0;23,9;240,6;76,2;0,0;4,23E-2;-541,2;20,00;3,9;3,8;44,92;4,80;0,028;0,0;0,01;0,049
1124;08.08.2023;14:34:29;00:18:43;250,0;181,7;23,1;30,0;23,9;237,3;75,9;0,0;4,22E-2;-541,2;20,00;3,9;3,9;44,93;4,80;0,030;0,0;0,00;0,049
1125;08.08.2023;14:34:30;00:18:44;250,0;178,9;23,1;29,9;23,8;233,9;75,6;0,0;4,22E-2;-541,2;20,00;3,9;3,9;44,93;4,80;0,029;0,0;0,01;0,049
1126;08.08.2023;14:34:31;00:18:45;250,0;178,9;23,0;29,8;23,8;232,3;75,4;0,0;4,22E-2;-541,2;20,00;3,9;3,9;44,93;4,80;0,033;0,0;0,01;0,049
1127;08.08.2023;14:34:32;00:18:46;250,0;176,0;23,0;29,8;23,8;229,0;75,1;0,0;4,21E-2;-541,2;20,00;3,9;3,9;44,93;4,80;0,030;0,0;0,00;0,049
1128;08.08.2023;14:34:33;00:18:47;250,0;176,0;22,9;29,7;23,8;225,8;74,8;0,0;4,21E-2;-541,2;20,00;3,9;3,8;44,93;4,80;0,027;0,0;0,00;0,049
1129;08.08.2023;14:34:34;00:18:48;250,0;173,2;22,9;29,7;23,8;224,2;74,7;0,0;4,21E-2;-541,2;20,00;3,9;3,9;44,93;4,80;0,030;0,0;0,00;0,049
1130;08.08.2023;14:34:35;00:18:49;250,0;170,5;22,9;29,5;23,8;221,0;74,4;0,0;4,20E-2;-541,2;20,00;3,9;3,8;44,93;4,80;0,028;0,0;0,01;0,049
1131;08.08.2023;14:34:36;00:18:50;250,0;170,5;23,0;29,5;23,8;217,5;74,0;0,0;4,20E-2;-541,2;20,00;3,9;3,9;44,93;4,80;0,028;0,0;0,00;0,049
1132;08.08.2023;14:34:37;00:18:51;250,0;170,6;23,0;29,7;23,9;215,9;73,9;0,0;4,20E-2;-541,2;20,00;3,9;3,9;44,93;4,80;0,029;0,0;0,00;0,049
1133;08.08.2023;14:34:38;00:18:52;250,0;167,6;22,9;29,5;23,9;212,7;73,6;0,0;4,19E-2;-541,2;20,00;3,9;3,9;44,93;4,80;0,032;0,0;0,01;0,049
1134;08.08.2023;14:34:39;00:18:53;250,0;167,6;22,9;29,5;23,9;211,1;73,4;0,0;4,19E-2;-541,2;20,00;3,9;3,8;44,93;4,80;0,028;0,0;0,00;0,049
1135;08.08.2023;14:34:40;00:18:54;250,0;164,7;22,9;29,4;23,9;207,8;73,1;0,0;4,19E-2;-541,2;20,00;3,9;3,8;44,93;4,80;0,029;0,0;0,01;0,049
1136;08.08.2023;14:34:41;00:18:55;250,0;164,7;22,8;29,4;23,9;204,6;72,8;0,0;4,18E-2;-541,2;20,00;3,9;3,9;44,93;4,81;0,034;0,0;0,00;0,049
1137;08.08.2023;14:34:42;00:18:56;250,0;161,8;22,8;29,3;23,9;202,7;72,6;0,0;4,18E-2;-541,2;20,00;3,9;3,8;44,93;4,80;0,034;0,0;0,00;0,049
1138;08.08.2023;14:34:43;00:18:57;250,0;161,8;22,8;29,3;23,9;199,5;72,2;0,0;4,18E-2;-541,2;20,00;3,9;3,8;44,93;4,81;0,036;0,0;0,01;0,049
1139;08.08.2023;14:34:44;00:18:58;250,0;158,9;22,7;29,2;23,9;196,3;71,9;0,0;4,17E-2;-541,2;20,00;3,9;3,9;44,93;4,81;0,036;0,0;0,00;0,049
1140;08.08.2023;14:34:45;00:18:59;250,0;158,9;22,7;29,2;23,9;194,7;71,7;0,0;4,17E-2;-541,2;20,00;3,9;3,9;44,93;4,81;0,034;0,0;0,00;0,049
1141;08.08.2023;14:34:46;00:19:00;250,0;156,2;22,7;29,0;23,9;191,5;71,4;0,0;4,17E-2;-541,2;20,00;3,9;3,9;44,93;4,81;0,033;0,0;0,00;0,049
1142;08.08.2023;14:34:47;00:19:01;250,0;156,2;22,6;29,0;23,8;188,2;71,1;0,0;4,16E-2;-541,2;20,00;3,9;3,9;44,94;4,81;0,028;0,0;0,00;0,050
1143;08.08.2023;14:34:48;00:19:02;250,0;153,5;22,6;28,9;23,8;186,4;70,9;0,0;4,16E-2;-541,2;20,00;3,9;3,9;44,94;4,81;0,028;0,0;0,01;0,049
1144;08.08.2023;14:34:49;00:19:03;250,0;153,5;22,5;28,9;23,8;183,1;70,5;0,0;4,16E-2;-541,2;20,00;3,9;3,9;44,94;4,81;0,028;0,0;0,00;0,049
1145;08.08.2023;14:34:50;00:19:04;250,0;150,8;22,5;28,8;23,8;179,9;70,2;0,0;4,16E-2;-541,2;20,00;3,9;3,9;44,94;4,81;0,032;0,0;0,00;0,049
1146;08.08.2023;14:34:51;00:19:05;250,0;150,8;22,5;28,7;23,8;178,3;70,0;0,0;4,16E-2;-541,2;20,00;3,9;3,9;44,94;4,81;0,032;0,0;0,01;0,049
1147;08.08.2023;14:34:52;00:19:06;250,0;148,3;22,5;28,7;23,8;175,1;69,6;0,0;4,16E-2;-541,2;20,00;3,9;3,9;44,94;4,81;0,030;0,0;0,00;0,049
1148;08.08.2023;14:34:53;00:19:07;250,0;148,3;22,5;28,7;23,8;173,5;69,5;0,0;4,16E-2;-541,2;20,00;3,9;4,0;44,94;4,81;0,031;0,0;0,01;0,049
1149;08.08.2023;14:34:54;00:19:08;250,0;145,8;22,5;28,6;23,8;170,0;69,1;0,0;4,15E-2;-541,2;20,00;3,9;3,9;44,94;4,81;0,029;0,0;0,01;0,049
1150;08.08.2023;14:34:55;00:19:09;250,0;145,8;22,4;28,5;23,8;166,8;68,7;0,0;4,15E-2;-541,2;20,00;3,9;3,8;44,94;4,81;0,029;0,0;0,01;0,049
1151;08.08.2023;14:34:56;00:19:10;250,0;143,3;22,4;28,5;23,8;165,2;68,5;0,0;4,15E-2;-541,2;20,00;3,9;3,8;44,94;4,81;0,030;0,0;0,01;0,049
1152;08.08.2023;14:34:57;00:19:11;250,0;143,3;22,4;28,5;23,8;161,9;68,2;0,0;4,14E-2;-541,2;20,00;3,9;3,9;44,94;4,81;0,026;0,0;0,01;0,049
1153;08.08.2023;14:34:58;00:19:12;250,0;140,7;22,4;28,4;23,8;158,7;67,8;0,0;4,14E-2;-541,2;20,00;3,9;3,9;44,94;4,81;0,028;0,0;0,01;0,049
1154;08.08.2023;14:34:59;00:19:13;250,0;140,7;22,4;28,4;23,8;157,1;67,6;0,0;4,14E-2;-541,2;20,00;3,9;3,9;44,94;4,81;0,028;0,0;0,01;0,049
1155;08.08.2023;14:35:00;00:19:14;250,0;138,1;22,3;28,3;23,8;153,6;67,2;0,0;4,13E-2;-541,2;20,00;3,9;3,8;44,94;4,81;0,031;0,0;0,00;0,049
1156;08.08.2023;14:35:01;00:19:15;250,0;135,6;22,2;28,2;23,8;150,4;66,9;0,0;4,13E-2;-541,2;20,00;3,9;3,9;44,94;4,81;0,027;0,0;0,01;0,049
1157;08.08.2023;14:35:02;00:19:16;250,0;135,6;22,2;28,2;23,8;148,8;66,7;0,0;4,13E-2;-541,2;20,00;3,9;3,9;44,94;4,81;0,027;0,0;0,01;0,049
1158;08.08.2023;14:35:03;00:19:17;250,0;135,6;22,2;28,2;23,7;145,6;66,3;0,0;4,12E-2;-541,2;20,00;3,9;4,0;44,94;4,82;0,028;0,0;0,01;0,049
1159;08.08.2023;14:35:04;00:19:18;250,0;133,1;22,2;28,1;23,7;144,0;66,1;0,0;4,12E-2;-541,2;20,00;3,9;4,0;44,94;4,82;0,027;0,0;0,01;0,049
1160;08.08.2023;14:35:05;00:19:19;250,0;133,1;22,2;28,1;23,7;140,7;65,7;0,0;4,11E-2;-541,2;20,00;3,9;3,9;44,94;4,82;0,020;0,0;0,00;0,049
1161;08.08.2023;14:35:06;00:19:20;250,0;130,8;22,1;28,0;23,7;137,3;65,3;0,0;4,11E-2;-541,2;20,00;3,9;3,9;44,94;4,82;0,021;0,0;0,00;0,049
1162;08.08.2023;14:35:07;00:19:21;250,0;130,8;22,1;28,0;23,7;135,7;65,1;0,0;4,11E-2;-541,2;20,00;3,9;3,9;44,94;4,82;0,021;0,0;0,00;0,049
1163;08.08.2023;14:35:08;00:19:22;250,0;128,5;22,1;27,9;23,7;132,4;64,7;0,0;4,10E-2;-541,2;20,00;3,9;3,9;44,94;4,82;0,023;0,0;0,00;0,049
1164;08.08.2023;14:35:09;00:19:23;250,0;128,5;22,0;27,8;23,7;129,2;64,3;0,0;4,10E-2;-541,2;20,00;3,9;3,9;44,95;4,82;0,027;0,0;0,01;0,049
1165;08.08.2023;14:35:10;00:19:24;250,0;126,3;22,0;27,8;23,7;127,6;64,1;0,0;4,10E-2;-541,2;20,00;3,9;4,0;44,94;4,82;0,025;0,0;0,01;0,049
1166;08.08.2023;14:35:11;00:19:25;250,0;126,3;22,0;27,7;23,7;124,4;63,7;0,0;4,10E-2;-541,2;20,00;3,9;4,0;44,95;4,82;0,029;0,0;0,01;0,049
1167;08.08.2023;14:35:12;00:19:26;250,0;124,1;22,0;27,7;23,7;120,9;63,3;0,0;4,09E-2;-541,2;20,00;3,9;3,9;44,94;4,82;0,019;0,0;0,01;0,049
1168;08.08.2023;14:35:13;00:19:27;250,0;124,1;22,0;27,7;23,7;119,3;63,1;0,0;4,09E-2;-541,2;20,00;3,9;3,9;44,95;4,82;0,018;0,0;0,01;0,049
1169;08.08.2023;14:35:14;00:19:28;250,0;122,0;22,0;27,6;23,7;116,1;62,7;0,0;4,09E-2;-541,2;20,00;3,9;3,9;44,95;4,82;0,018;0,0;0,01;0,049
1170;08.08.2023;14:35:15;00:19:29;250,0;119,9;21,9;27,5;23,7;112,8;62,3;0,0;4,08E-2;-541,2;20,00;3,9;3,9;44,95;4,82;0,020;0,0;0,00;0,049
1171;08.08.2023;14:35:16;00:19:30;250,0;119,9;21,9;27,5;23,7;111,2;62,1;0,0;4,08E-2;-541,2;20,00;3,9;3,9;44,95;4,82;0,023;0,0;0,01;0,049
1172;08.08.2023;14:35:17;00:19:31;250,0;119,7;21,8;27,4;23,5;108,0;61,7;0,0;4,08E-2;-541,2;20,00;3,9;3,9;44,95;4,82;0,025;0,0;0,01;0,049
1173;08.08.2023;14:35:18;00:19:32;250,0;119,7;21,7;27,3;23,5;106,4;61,5;0,0;4,07E-2;-541,2;20,00;3,9;3,9;44,95;4,82;0,021;0,0;0,01;0,050
1174;08.08.2023;14:35:19;00:19:33;250,0;117,5;21,7;27,3;23,5;102,9;61,0;0,0;4,07E-2;-541,2;20,00;3,9;3,8;44,95;4,82;0,023;0,0;0,00;0,049
1175;08.08.2023;14:35:20;00:19:34;250,0;115,3;21,7;27,2;23,5;99,7;60,6;0,0;4,06E-2;-541,2;20,00;3,9;3,8;44,95;4,82;0,025;0,0;0,01;0,049
1176;08.08.2023;14:35:21;00:19:35;250,0;115,3;21,7;27,2;23,5;98,1;60,4;0,0;4,06E-2;-541,2;20,00;3,9;3,9;44,95;4,82;0,026;0,0;0,01;0,049
1177;08.08.2023;14:35:22;00:19:36;250,0;113,2;21,6;27,1;23,5;94,9;60,0;0,0;4,06E-2;-541,2;20,00;3,9;3,9;44,95;4,82;0,023;0,0;0,01;0,049
1178;08.08.2023;14:35:23;00:19:37;250,0;113,2;21,6;27,1;23,5;91,6;59,5;0,0;4,06E-2;-541,2;20,00;3,9;4,0;44,95;4,82;0,023;0,0;0,00;0,049
1179;08.08.2023;14:35:24;00:19:38;250,0;111,0;21,6;27,0;23,5;90,0;59,3;0,0;4,06E-2;-541,2;20,00;3,9;3,9;44,95;4,82;0,027;0,0;0,00;0,049
1180;08.08.2023;14:35:25;00:19:39;250,0;111,0;21,6;27,0;23,5;86,5;58,9;0,0;4,05E-2;-541,2;20,00;3,9;3,9;44,95;4,82;0,018;0,0;0,01;0,053
1181;08.08.2023;14:35:26;00:19:40;250,0;109,1;21,5;26,9;23,5;83,3;58,4;0,0;4,05E-2;-541,2;20,00;3,9;3,9;44,95;4,82;0,024;0,0;0,01;0,049
1182;08.08.2023;14:35:27;00:19:41;250,0;109,1;21,5;26,8;23,5;81,7;58,2;0,0;4,05E-2;-541,2;20,00;3,9;3,8;44,95;4,82;0,020;0,0;0,01;0,049
1183;08.08.2023;14:35:28;00:19:42;250,0;107,2;21,5;26,8;23,5;78,5;57,8;0,0;4,05E-2;-541,2;20,00;3,9;3,9;44,95;4,82;0,022;0,0;0,01;0,049
1184;08.08.2023;14:35:29;00:19:43;250,0;107,2;21,5;26,7;23,5;75,3;57,3;0,0;4,04E-2;-541,2;20,00;3,9;3,9;44,95;4,83;0,019;0,0;0,01;0,049
1185;08.08.2023;14:35:30;00:19:44;250,0;105,2;21,5;26,7;23,5;73,7;57,1;0,0;4,04E-2;-541,2;20,00;3,9;3,9;44,95;4,82;0,020;0,0;0,00;0,049
1186;08.08.2023;14:35:31;00:19:45;250,0;105,2;21,4;26,7;23,5;70,2;56,6;0,0;4,04E-2;-541,2;20,00;3,9;3,9;44,95;4,83;0,022;0,0;0,01;0,049
1187;08.08.2023;14:35:32;00:19:46;250,0;103,3;21,4;26,6;23,5;68,6;56,4;0,0;4,03E-2;-541,2;20,00;3,9;3,9;44,95;4,83;0,021;0,0;0,00;0,049
1188;08.08.2023;14:35:33;00:19:47;250,0;103,3;21,4;26,6;23,5;65,3;56,0;0,0;4,03E-2;-541,2;20,00;3,9;3,9;44,95;4,83;0,024;0,0;0,00;0,049
1189;08.08.2023;14:35:34;00:19:48;250,0;101,4;21,4;26,5;23,5;62,1;55,5;0,0;4,03E-2;-541,2;20,00;3,9;4,0;44,95;4,83;0,025;0,0;0,01;0,050
1190;08.08.2023;14:35:35;00:19:49;250,0;101,4;21,3;26,5;23,4;60,5;55,3;0,0;4,02E-2;-541,2;20,00;3,9;3,9;44,95;4,83;0,023;0,0;0,00;0,049
1191;08.08.2023;14:35:36;00:19:50;250,0;99,6;21,3;26,4;23,4;57,3;54,8;0,0;4,02E-2;-541,2;20,00;3,9;3,9;44,95;4,83;0,020;0,0;0,01;0,049
1192;08.08.2023;14:35:37;00:19:51;250,0;99,6;21,3;26,5;23,5;53,8;54,3;0,0;4,02E-2;-541,2;20,00;3,9;3,9;44,96;4,83;0,023;0,0;0,00;0,049
1193;08.08.2023;14:35:38;00:19:52;250,0;99,6;21,3;26,5;23,5;52,2;54,1;0,0;4,02E-2;-541,2;20,00;3,9;3,9;44,96;4,83;0,026;0,0;0,01;0,049
1194;08.08.2023;14:35:39;00:19:53;250,0;97,7;21,3;26,4;23,5;49,0;53,6;0,0;4,02E-2;-541,2;20,00;3,9;3,9;44,96;4,83;0,025;0,0;0,00;0,049
1195;08.08.2023;14:35:40;00:19:54;250,0;95,9;21,3;26,3;23,4;45,8;53,2;0,0;4,02E-2;-541,2;20,00;3,9;3,9;44,96;4,83;0,022;0,0;0,01;0,049
1196;08.08.2023;14:35:41;00:19:55;250,0;95,9;21,3;26,3;23,4;44,1;52,9;0,0;4,02E-2;-541,2;20,00;3,9;3,9;44,96;4,83;0,021;0,0;0,01;0,049
1197;08.08.2023;14:35:42;00:19:56;250,0;95,9;21,2;26,2;23,4;40,9;52,5;0,0;4,01E-2;-541,2;20,00;3,9;3,9;44,96;4,83;0,026;0,0;0,01;0,049
1198;08.08.2023;14:35:43;00:19:57;250,0;94,1;21,2;26,2;23,4;39,1;52,2;0,0;4,01E-2;-541,2;20,00;3,9;3,8;44,96;4,83;0,024;0,0;0,00;0,049
1199;08.08.2023;14:35:44;00:19:58;250,0;92,3;21,2;26,1;23,4;35,8;51,7;0,0;4,01E-2;-541,2;20,00;3,9;3,9;44,96;4,83;0,024;0,0;0,01;0,049
1200;08.08.2023;14:35:45;00:19:59;250,0;92,3;21,2;26,1;23,4;32,6;51,2;0,0;4,01E-2;-541,2;20,00;3,9;3,9;44,96;4,83;0,021;0,0;0,01;0,049
1201;08.08.2023;14:35:46;00:20:00;250,0;92,3;21,2;26,0;23,4;31,0;51,0;0,0;4,00E-2;-541,2;20,00;3,9;3,9;44,96;4,83;0,021;0,0;0,01;0,049
1202;08.08.2023;14:35:47;00:20:01;250,0;90,7;21,2;26,0;23,4;27,8;50,5;0,0;4,00E-2;-541,2;20,00;3,9;3,8;44,96;4,83;0,019;0,0;0,01;0,053
1203;08.08.2023;14:35:48;00:20:02;250,0;89,1;21,1;26,0;23,4;24,6;50,0;0,0;4,00E-2;-541,2;20,00;3,9;3,8;44,96;4,83;0,024;0,0;0,01;0,049
1204;08.08.2023;14:35:49;00:20:03;250,0;89,1;21,1;26,0;23,4;22,7;49,8;0,0;4,00E-2;-541,2;20,00;3,9;3,9;44,96;4,83;0,025;0,0;0,01;0,049
1205;08.08.2023;14:35:50;00:20:04;250,0;87,5;21,1;25,9;23,4;20,0;0,0;0,0;3,99E-2;-541,2;20,00;3,0;3,9;44,96;4,83;0,024;0,0;0,00;0,049
