Nr.;Datum;Zeit;P.Zeit;AV Pyro top;AV Control TC;AV Piston TC Top;AV Piston TC Bot;AV Transformer T;SV Temperature  ;AV CZ Output;AV abs. pressure;Vacuum;AV rel. pressure;SV Rel. Pressure;SV Force        ;AV Force;AV Abs. Piston T;AV Rel. Piston T;AV Speed;Power;U RMS;I RMS
;;;;°C;°C;°C;°C;°C;°C    ;%;mbar(a;mbar(a;mbar(g;mbar(g;kN    ;kN;mm;mm;mm/min;kW;V;kA
1;11.08.2023;11:16:16;00:00:00;250,0;26,1;18,7;17,9;20,4;20,0;0,0;0,4;4,25E-1;-541,2;20,00;3,0;3,0;38,86;0,39;0,002;0,0;0,01;0,049
2;11.08.2023;11:16:17;00:00:01;250,0;25,9;18,7;17,9;20,4;20,0;0,0;0,4;4,25E-1;-541,2;20,00;3,0;3,0;38,86;0,39;0,001;0,0;0,01;0,049
3;11.08.2023;11:16:18;00:00:02;250,0;25,9;18,8;18,0;20,5;20,0;0,0;0,4;4,27E-1;-541,2;20,00;3,0;3,0;38,86;0,39;0,000;0,0;0,01;0,054
4;11.08.2023;11:16:19;00:00:03;250,0;25,9;18,8;18,0;20,5;20,0;0,0;0,4;4,27E-1;-541,2;20,00;3,0;3,0;38,86;0,39;0,000;0,0;0,01;0,051
5;11.08.2023;11:16:20;00:00:04;250,0;25,7;18,8;18,0;20,5;20,0;0,0;0,4;4,29E-1;-541,2;20,00;3,0;3,0;38,86;0,39;0,001;0,0;0,01;0,051
6;11.08.2023;11:16:21;00:00:05;250,0;25,7;18,8;18,0;20,5;20,0;0,0;0,4;4,30E-1;-541,2;20,00;3,0;3,0;38,86;0,39;-0,002;0,0;0,00;0,054
7;11.08.2023;11:16:22;00:00:06;250,0;25,5;18,8;18,0;20,4;20,0;0,0;0,4;4,31E-1;-541,2;20,00;3,0;3,0;38,86;0,39;-0,001;0,0;0,01;0,053
8;11.08.2023;11:16:23;00:00:07;250,0;25,4;18,8;18,0;20,4;20,0;0,0;0,4;4,32E-1;-541,2;20,00;3,0;3,0;38,86;0,39;0,000;0,0;0,01;0,053
9;11.08.2023;11:16:24;00:00:08;250,0;25,4;18,7;18,0;20,4;20,0;0,0;0,4;4,33E-1;-541,2;20,00;3,0;3,0;38,86;0,39;0,002;0,0;0,01;0,050
10;11.08.2023;11:16:25;00:00:09;250,0;25,4;18,7;18,0;20,4;20,0;0,0;0,4;4,33E-1;-541,2;20,00;3,0;3,0;38,86;0,39;0,000;0,0;0,01;0,051
11;11.08.2023;11:16:26;00:00:10;250,0;25,2;18,7;18,0;20,4;20,0;0,0;0,4;4,33E-1;-541,2;20,00;3,0;3,0;38,86;0,39;0,000;0,0;0,01;0,050
12;11.08.2023;11:16:27;00:00:11;250,0;25,0;18,7;18,0;20,4;20,0;0,0;0,4;4,32E-1;-541,2;20,00;3,0;3,0;38,86;0,39;-0,002;0,0;0,00;0,053
13;11.08.2023;11:16:28;00:00:12;250,0;25,0;18,7;18,0;20,4;20,0;0,0;0,4;4,32E-1;-541,2;20,00;3,0;3,0;38,86;0,39;0,001;0,0;0,00;0,051
14;11.08.2023;11:16:29;00:00:13;250,0;25,0;18,7;18,0;20,4;20,0;0,0;0,4;4,32E-1;-541,2;20,00;3,0;3,0;38,86;0,39;0,003;0,0;0,01;0,050
15;11.08.2023;11:16:30;00:00:14;250,0;24,8;18,7;18,0;20,4;20,0;0,0;0,4;4,31E-1;-541,2;20,00;3,0;3,0;38,86;0,39;0,002;0,0;0,00;0,052
16;11.08.2023;11:16:31;00:00:15;250,0;24,7;18,7;18,0;20,5;20,0;0,0;0,4;4,31E-1;-541,2;20,00;3,0;2,9;38,86;0,39;-0,001;0,0;0,00;0,049
17;11.08.2023;11:16:32;00:00:16;250,0;24,7;18,7;18,0;20,5;20,0;0,0;0,4;4,13E-1;-541,2;20,00;3,0;3,0;38,86;0,39;0,001;0,0;0,01;0,052
18;11.08.2023;11:16:33;00:00:17;250,0;24,5;18,7;18,0;20,5;20,0;0,0;0,4;4,07E-1;-541,2;20,00;3,0;3,0;38,86;0,39;0,001;0,0;0,00;0,053
19;11.08.2023;11:16:34;00:00:18;250,0;24,5;18,7;18,0;20,5;20,0;0,0;0,4;3,95E-1;-541,2;20,00;3,0;3,0;38,86;0,39;-0,001;0,0;0,01;0,050
20;11.08.2023;11:16:35;00:00:19;250,0;24,3;18,7;18,0;20,4;20,0;0,0;0,4;3,83E-1;-541,2;20,00;3,0;3,0;38,86;0,39;0,003;0,0;0,00;0,054
21;11.08.2023;11:16:36;00:00:20;250,0;24,3;18,7;18,0;20,4;20,0;0,0;0,4;3,77E-1;-541,2;20,00;3,0;3,0;38,86;0,39;0,003;0,0;0,00;0,053
22;11.08.2023;11:16:37;00:00:21;250,0;24,2;18,7;18,0;20,5;20,0;0,0;0,4;3,66E-1;-541,2;20,00;3,0;3,0;38,86;0,39;0,001;0,0;0,00;0,050
23;11.08.2023;11:16:38;00:00:22;250,0;23,9;18,5;17,8;20,2;20,0;0,0;0,4;3,57E-1;-541,2;20,00;3,0;2,9;38,86;0,39;-0,001;0,0;0,01;0,053
24;11.08.2023;11:16:39;00:00:23;250,0;23,8;18,5;17,8;20,2;20,0;0,0;0,4;3,53E-1;-541,2;20,00;3,0;3,0;38,86;0,39;0,002;0,0;0,01;0,054
25;11.08.2023;11:16:40;00:00:24;250,0;23,8;18,5;17,8;20,2;20,0;0,0;0,3;3,45E-1;-541,2;20,00;3,0;3,0;38,86;0,39;0,000;0,0;0,00;0,049
26;11.08.2023;11:16:41;00:00:25;250,0;23,6;18,5;17,8;20,2;20,0;0,0;0,3;3,36E-1;-541,2;20,00;3,0;3,0;38,86;0,39;0,001;0,0;0,00;0,053
27;11.08.2023;11:16:42;00:00:26;250,0;23,6;18,5;17,8;20,2;20,0;0,0;0,3;3,32E-1;-541,2;20,00;3,0;3,0;38,86;0,39;0,001;0,0;0,01;0,052
28;11.08.2023;11:16:43;00:00:27;250,0;23,6;18,5;17,8;20,2;20,0;0,0;0,3;3,24E-1;-541,2;20,00;3,0;3,1;38,86;0,39;0,004;0,0;0,01;0,053
29;11.08.2023;11:16:44;00:00:28;250,0;23,4;18,5;17,8;20,2;20,0;0,0;0,3;3,21E-1;-541,2;20,00;3,0;3,0;38,86;0,39;0,003;0,0;0,00;0,049
30;11.08.2023;11:16:45;00:00:29;250,0;23,4;18,5;17,8;20,2;20,0;0,0;0,3;3,13E-1;-541,2;20,00;3,0;3,0;38,86;0,39;0,004;0,0;0,00;0,051
31;11.08.2023;11:16:46;00:00:30;250,0;23,3;18,4;17,8;20,2;20,0;0,0;0,3;3,06E-1;-541,2;20,00;3,0;3,0;38,86;0,39;0,001;0,0;0,00;0,053
32;11.08.2023;11:16:47;00:00:31;250,0;23,3;18,5;17,8;20,2;20,0;0,0;0,3;3,02E-1;-541,2;20,00;3,0;3,0;38,86;0,39;0,003;0,0;0,01;0,049
33;11.08.2023;11:16:48;00:00:32;250,0;23,2;18,5;17,8;20,2;20,0;0,0;0,3;2,95E-1;-541,2;20,00;3,0;2,9;38,86;0,39;-0,001;0,0;0,00;0,052
34;11.08.2023;11:16:49;00:00:33;250,0;23,2;18,5;17,8;20,2;20,0;0,0;0,3;2,89E-1;-541,2;20,00;3,0;2,9;38,86;0,39;0,000;0,0;0,00;0,049
35;11.08.2023;11:16:50;00:00:34;250,0;23,1;18,5;17,8;20,2;20,0;0,0;0,3;2,86E-1;-541,2;20,00;3,0;3,0;38,86;0,39;-0,001;0,0;0,01;0,051
36;11.08.2023;11:16:51;00:00:35;250,0;22,9;18,5;17,8;20,2;20,0;0,0;0,3;2,79E-1;-541,2;20,00;3,0;3,0;38,86;0,39;0,002;0,0;0,01;0,053
37;11.08.2023;11:16:52;00:00:36;250,0;22,9;18,5;17,8;20,2;20,0;0,0;0,3;2,73E-1;-541,2;20,00;3,0;3,0;38,86;0,39;0,005;0,0;0,00;0,049
38;11.08.2023;11:16:53;00:00:37;250,0;22,9;18,5;17,8;20,2;20,0;0,0;0,3;2,69E-1;-541,2;20,00;3,0;3,0;38,86;0,39;0,006;0,0;0,00;0,049
39;11.08.2023;11:16:54;00:00:38;250,0;22,8;18,5;17,8;20,2;20,0;0,0;0,3;2,63E-1;-541,2;20,00;3,0;3,0;38,86;0,39;0,006;0,0;0,00;0,052
40;11.08.2023;11:16:55;00:00:39;250,0;22,7;18,5;17,8;20,2;20,0;0,0;0,3;2,58E-1;-541,2;20,00;3,0;3,0;38,86;0,39;0,003;0,0;0,00;0,049
41;11.08.2023;11:16:56;00:00:40;250,0;22,7;18,5;17,8;20,2;20,0;0,0;0,3;2,55E-1;-541,2;20,00;3,0;3,1;38,86;0,39;0,003;0,0;0,00;0,053
42;11.08.2023;11:16:57;00:00:41;250,0;22,6;18,5;17,8;20,2;20,3;0,0;0,3;2,50E-1;-541,2;20,00;3,0;3,0;38,86;0,39;0,000;0,0;0,00;0,050
43;11.08.2023;11:16:58;00:00:42;250,0;22,6;18,5;17,8;20,2;20,8;0,0;0,2;2,47E-1;-541,2;20,00;3,0;3,0;38,86;0,39;0,000;0,0;0,01;0,050
44;11.08.2023;11:16:59;00:00:43;250,0;22,3;18,3;17,7;20,1;22,0;0,0;0,2;2,43E-1;-541,2;20,00;3,0;3,0;38,86;0,39;0,000;0,0;0,01;0,053
45;11.08.2023;11:17:00;00:00:44;250,0;22,3;18,3;17,7;20,1;23,1;0,1;0,2;2,38E-1;-541,2;20,00;3,0;2,9;38,86;0,39;0,001;0,0;0,01;0,051
46;11.08.2023;11:17:01;00:00:45;250,0;22,3;18,3;17,7;20,1;23,7;0,1;0,2;2,36E-1;-541,2;20,00;3,0;3,0;38,86;0,39;0,000;0,0;0,00;0,050
47;11.08.2023;11:17:02;00:00:46;250,0;22,2;18,3;17,7;20,1;24,8;0,2;0,2;2,32E-1;-541,2;20,00;3,0;3,0;38,86;0,39;0,001;0,0;0,01;0,050
48;11.08.2023;11:17:03;00:00:47;250,0;22,1;18,3;17,7;20,1;25,9;0,3;0,2;2,29E-1;-541,2;20,00;3,0;3,0;38,86;0,39;0,003;0,0;0,00;0,049
49;11.08.2023;11:17:04;00:00:48;250,0;22,1;18,3;17,7;20,1;26,4;0,4;0,2;2,27E-1;-541,2;20,00;3,0;3,0;38,86;0,39;0,002;0,0;0,01;0,049
50;11.08.2023;11:17:05;00:00:49;250,0;22,1;18,3;17,7;20,1;27,6;0,5;0,2;2,23E-1;-541,2;20,00;3,0;3,0;38,86;0,39;0,004;0,0;0,01;0,051
51;11.08.2023;11:17:06;00:00:50;250,0;21,9;18,3;17,7;20,1;28,7;0,6;0,2;2,20E-1;-541,2;20,00;3,0;3,0;38,86;0,39;0,002;0,0;0,01;0,049
52;11.08.2023;11:17:07;00:00:51;250,0;21,9;18,3;17,7;20,1;29,3;0,7;0,2;2,18E-1;-541,2;20,00;3,0;3,0;38,86;0,39;0,001;0,0;0,00;0,050
53;11.08.2023;11:17:08;00:00:52;250,0;21,9;18,3;17,7;20,1;30,4;0,8;0,2;2,15E-1;-541,2;20,00;3,0;3,0;38,86;0,39;0,004;0,0;0,00;0,051
54;11.08.2023;11:17:09;00:00:53;250,0;21,8;18,3;17,7;20,1;31,5;0,9;0,2;2,11E-1;-541,2;20,00;3,0;2,9;38,86;0,39;-0,001;0,0;0,01;0,049
55;11.08.2023;11:17:10;00:00:54;250,0;21,8;18,3;17,7;20,1;32,0;0,9;0,2;2,10E-1;-541,2;20,00;3,0;2,9;38,86;0,39;-0,001;0,0;0,00;0,049
56;11.08.2023;11:17:11;00:00:55;250,0;21,7;18,3;17,7;20,1;33,2;1,1;0,2;2,06E-1;-541,2;20,00;3,0;3,0;38,86;0,39;0,002;0,0;0,00;0,049
57;11.08.2023;11:17:12;00:00:56;250,0;21,7;18,3;17,7;20,1;33,8;1,1;0,2;2,05E-1;-541,2;20,00;3,0;3,1;38,86;0,40;0,001;0,0;0,00;0,052
58;11.08.2023;11:17:13;00:00:57;250,0;21,6;18,3;17,7;20,1;34,9;1,2;0,2;2,02E-1;-541,2;20,00;3,0;3,0;38,86;0,39;0,004;0,0;0,01;0,049
59;11.08.2023;11:17:14;00:00:58;250,0;21,6;18,3;17,7;20,1;36,0;1,3;0,2;1,99E-1;-541,2;20,00;3,0;3,0;38,86;0,39;0,001;0,0;0,01;0,051
60;11.08.2023;11:17:15;00:00:59;250,0;21,6;18,3;17,7;20,1;36,5;1,4;0,2;1,98E-1;-541,2;20,00;3,0;3,0;38,86;0,39;0,000;0,0;0,00;0,049
61;11.08.2023;11:17:16;00:01:00;250,0;21,5;18,3;17,7;20,1;37,6;1,5;0,2;1,95E-1;-541,2;20,00;3,0;2,9;38,86;0,39;-0,001;0,0;0,01;0,049
62;11.08.2023;11:17:17;00:01:01;250,0;21,4;18,3;17,7;20,1;38,8;1,6;0,2;1,92E-1;-541,2;20,00;3,0;3,0;38,86;0,39;-0,001;0,0;0,01;0,051
63;11.08.2023;11:17:18;00:01:02;250,0;21,4;18,4;17,7;20,1;39,3;1,7;0,2;1,91E-1;-541,2;20,00;3,0;3,0;38,86;0,39;0,000;0,0;0,01;0,051
64;11.08.2023;11:17:19;00:01:03;250,0;21,4;18,4;17,8;20,2;40,4;1,8;0,2;1,88E-1;-541,2;20,00;3,0;3,0;38,86;0,39;0,000;0,0;0,00;0,051
65;11.08.2023;11:17:20;00:01:04;250,0;21,4;18,3;17,8;20,2;41,5;1,9;0,2;1,86E-1;-541,2;20,00;3,0;3,0;38,86;0,39;-0,001;0,0;0,00;0,054
66;11.08.2023;11:17:21;00:01:05;250,0;21,4;18,3;17,8;20,2;42,1;2,0;0,2;1,84E-1;-541,2;20,00;3,0;3,0;38,86;0,39;-0,001;0,0;0,00;0,053
67;11.08.2023;11:17:22;00:01:06;250,0;21,3;18,3;17,8;20,2;43,2;2,1;0,2;1,82E-1;-541,2;20,00;3,0;3,0;38,86;0,39;0,000;0,0;0,01;0,050
68;11.08.2023;11:17:23;00:01:07;250,0;21,3;18,3;17,8;20,2;43,8;2,2;0,2;1,81E-1;-541,2;20,00;3,0;3,0;38,86;0,39;-0,001;0,0;0,00;0,052
69;11.08.2023;11:17:24;00:01:08;250,0;21,2;18,3;17,8;20,2;44,9;2,3;0,2;1,78E-1;-541,2;20,00;3,0;2,9;38,86;0,39;-0,002;0,0;0,00;0,053
70;11.08.2023;11:17:25;00:01:09;250,0;21,2;18,3;17,8;20,2;46,0;2,4;0,2;1,76E-1;-541,2;20,00;3,0;3,0;38,86;0,39;0,003;0,0;0,01;0,049
71;11.08.2023;11:17:26;00:01:10;250,0;21,1;18,3;17,8;20,2;46,6;2,5;0,2;1,75E-1;-541,2;20,00;3,0;3,1;38,86;0,39;0,002;0,0;0,00;0,053
72;11.08.2023;11:17:27;00:01:11;250,0;21,0;18,3;17,8;20,2;47,7;2,6;0,2;1,73E-1;-541,2;20,00;3,0;3,0;38,86;0,39;0,001;0,0;0,00;0,053
73;11.08.2023;11:17:28;00:01:12;250,0;21,0;18,3;17,8;20,2;48,8;2,7;0,2;1,71E-1;-541,2;20,00;3,0;3,0;38,86;0,39;-0,001;0,0;0,00;0,049
74;11.08.2023;11:17:29;00:01:13;250,0;21,0;18,4;17,8;20,2;49,4;2,8;0,2;1,70E-1;-541,2;20,00;3,0;3,0;38,86;0,39;-0,003;0,0;0,00;0,053
75;11.08.2023;11:17:30;00:01:14;250,0;20,9;18,4;17,8;20,2;50,5;2,9;0,2;1,68E-1;-541,2;20,00;3,0;3,0;38,86;0,39;0,000;0,0;0,01;0,053
76;11.08.2023;11:17:31;00:01:15;250,0;20,9;18,4;17,8;20,2;51,6;3,1;0,2;1,66E-1;-541,2;20,00;3,0;3,0;38,86;0,39;0,003;0,0;0,00;0,054
77;11.08.2023;11:17:32;00:01:16;250,0;20,9;18,4;17,8;20,2;52,2;3,1;0,2;1,65E-1;-541,2;20,00;3,0;3,0;38,86;0,39;-0,001;0,0;0,01;0,054
78;11.08.2023;11:17:33;00:01:17;250,0;20,9;18,4;17,8;20,2;53,3;3,3;0,2;1,63E-1;-541,2;20,00;3,0;3,0;38,86;0,39;-0,001;0,0;0,01;0,052
79;11.08.2023;11:17:34;00:01:18;250,0;20,8;18,4;17,8;20,2;54,4;3,4;0,2;1,62E-1;-541,2;20,00;3,0;3,0;38,86;0,39;0,002;0,0;0,01;0,051
80;11.08.2023;11:17:35;00:01:19;250,0;20,7;18,4;17,8;20,2;55,0;3,5;0,2;1,61E-1;-541,2;20,00;3,0;3,0;38,86;0,39;-0,001;0,0;0,00;0,053
81;11.08.2023;11:17:36;00:01:20;250,0;20,7;18,4;17,8;20,2;56,1;3,6;0,2;1,59E-1;-541,2;20,00;3,0;3,0;38,86;0,39;-0,002;0,0;0,01;0,054
82;11.08.2023;11:17:37;00:01:21;250,0;20,7;18,4;17,8;20,2;56,7;3,7;0,2;1,59E-1;-541,2;20,00;3,0;3,0;38,86;0,39;-0,001;0,0;0,00;0,053
83;11.08.2023;11:17:38;00:01:22;250,0;20,7;18,2;17,7;20,2;57,8;3,8;0,2;1,57E-1;-541,2;20,00;3,0;3,0;38,86;0,39;0,002;0,0;0,00;0,053
84;11.08.2023;11:17:39;00:01:23;250,0;20,5;18,2;17,7;20,1;58,9;4,0;0,2;1,56E-1;-541,2;20,00;3,0;3,0;38,86;0,40;0,001;0,0;0,01;0,053
85;11.08.2023;11:17:40;00:01:24;250,0;20,5;18,2;17,7;20,1;59,4;4,0;0,2;1,55E-1;-541,2;20,00;3,0;3,0;38,86;0,39;0,004;0,0;0,01;0,051
86;11.08.2023;11:17:41;00:01:25;250,0;20,5;18,2;17,7;20,1;60,6;4,2;0,2;1,53E-1;-541,2;20,00;3,0;3,0;38,86;0,40;0,003;0,0;0,01;0,053
87;11.08.2023;11:17:42;00:01:26;250,0;20,4;18,2;17,7;20,1;61,7;4,3;0,2;1,52E-1;-541,2;20,00;3,0;3,0;38,86;0,40;0,004;0,0;0,00;0,054
88;11.08.2023;11:17:43;00:01:27;250,0;20,4;18,2;17,7;20,1;62,3;4,4;0,2;1,52E-1;-541,2;20,00;3,0;3,0;38,86;0,39;0,004;0,0;0,01;0,054
89;11.08.2023;11:17:44;00:01:28;250,0;20,3;18,2;17,7;20,1;63,4;4,5;0,2;1,51E-1;-541,2;20,00;3,0;3,1;38,86;0,39;0,004;0,0;0,01;0,052
90;11.08.2023;11:17:45;00:01:29;250,0;20,3;18,2;17,7;20,1;64,5;4,7;0,1;1,49E-1;-541,2;20,00;3,0;3,0;38,86;0,39;0,000;0,0;0,01;0,053
91;11.08.2023;11:17:46;00:01:30;250,0;20,3;18,2;17,7;20,1;65,0;4,7;0,1;1,49E-1;-541,2;20,00;3,0;3,0;38,86;0,40;0,001;0,0;0,01;0,050
92;11.08.2023;11:17:47;00:01:31;250,0;20,2;18,2;17,7;20,1;66,2;4,9;0,1;1,47E-1;-541,2;20,00;3,0;3,0;38,86;0,39;0,003;0,0;0,01;0,051
93;11.08.2023;11:17:48;00:01:32;250,0;20,2;18,2;17,7;20,1;66,8;5,0;0,1;1,47E-1;-541,2;20,00;3,0;3,0;38,86;0,40;0,001;0,0;0,01;0,054
94;11.08.2023;11:17:49;00:01:33;250,0;20,2;18,2;17,7;20,1;67,9;5,1;0,1;1,45E-1;-541,2;20,00;3,0;3,0;38,86;0,40;0,004;0,0;0,00;0,053
95;11.08.2023;11:17:50;00:01:34;250,0;20,1;18,2;17,7;20,1;69,0;5,2;0,1;1,44E-1;-541,2;20,00;3,0;3,0;38,86;0,40;0,000;0,0;0,01;0,051
96;11.08.2023;11:17:51;00:01:35;250,0;20,1;18,2;17,7;20,1;69,5;5,3;0,1;1,44E-1;-541,2;20,00;3,0;3,0;38,86;0,39;-0,001;0,0;0,00;0,049
97;11.08.2023;11:17:52;00:01:36;250,0;20,1;18,2;17,7;20,1;70,6;5,5;0,1;1,42E-1;-541,2;20,00;3,0;2,9;38,86;0,39;-0,003;0,0;0,01;0,053
98;11.08.2023;11:17:53;00:01:37;250,0;20,0;18,2;17,7;20,1;71,8;5,6;0,1;1,41E-1;-541,2;20,00;3,0;3,0;38,86;0,40;0,002;0,0;0,01;0,053
99;11.08.2023;11:17:54;00:01:38;250,0;20,0;18,2;17,7;20,1;72,3;5,7;0,1;1,41E-1;-541,2;20,00;3,0;3,0;38,86;0,39;0,002;0,0;0,01;0,052
100;11.08.2023;11:17:55;00:01:39;250,0;20,0;18,2;17,7;20,1;73,4;5,8;0,1;1,40E-1;-541,2;20,00;3,0;3,0;38,86;0,40;0,003;0,0;0,01;0,053
101;11.08.2023;11:17:56;00:01:40;250,0;20,0;18,2;17,7;20,1;74,5;6,0;0,1;1,39E-1;-541,2;20,00;3,0;3,0;38,86;0,40;0,004;0,0;0,01;0,050
102;11.08.2023;11:17:57;00:01:41;250,0;19,9;18,2;17,7;20,1;75,1;6,1;0,1;1,38E-1;-541,2;20,00;3,0;3,0;38,86;0,40;0,002;0,0;0,00;0,053
103;11.08.2023;11:17:58;00:01:42;250,0;19,9;18,2;17,6;20,1;76,6;6,2;0,1;1,37E-1;-541,2;20,00;3,0;3,0;38,86;0,39;0,003;0,0;0,00;0,054
104;11.08.2023;11:17:59;00:01:43;250,0;19,8;18,1;17,6;20,1;78,3;6,5;0,1;1,36E-1;-541,2;20,00;3,0;2,9;38,86;0,40;-0,003;0,0;0,01;0,051
105;11.08.2023;11:18:00;00:01:44;250,0;19,8;18,1;17,6;20,1;79,0;6,5;0,1;1,35E-1;-541,2;20,00;3,0;2,9;38,86;0,39;-0,001;0,0;0,01;0,050
106;11.08.2023;11:18:01;00:01:45;250,0;19,8;18,1;17,6;20,1;80,5;6,7;0,1;1,34E-1;-541,2;20,00;3,0;3,0;38,86;0,40;0,003;0,0;0,01;0,052
107;11.08.2023;11:18:02;00:01:46;250,0;19,7;18,1;17,6;20,1;81,3;6,8;0,1;1,34E-1;-541,2;20,00;3,0;3,0;38,86;0,40;0,001;0,0;0,00;0,051
108;11.08.2023;11:18:03;00:01:47;250,0;19,7;18,1;17,6;20,1;82,8;7,0;0,1;1,33E-1;-541,2;20,00;3,0;3,0;38,86;0,39;0,004;0,0;0,01;0,049
109;11.08.2023;11:18:04;00:01:48;250,0;19,7;18,1;17,6;20,1;84,2;7,2;0,1;1,32E-1;-541,2;20,00;3,0;3,0;38,86;0,40;0,001;0,0;0,01;0,054
110;11.08.2023;11:18:05;00:01:49;250,0;19,7;18,1;17,6;20,1;85,0;7,3;0,1;1,31E-1;-541,2;20,00;3,0;3,0;38,86;0,40;0,001;0,0;0,01;0,053
111;11.08.2023;11:18:06;00:01:50;250,0;19,6;18,1;17,6;20,1;86,6;7,5;0,1;1,31E-1;-541,2;20,00;3,0;3,0;38,86;0,40;0,004;0,0;0,01;0,053
112;11.08.2023;11:18:07;00:01:51;250,0;19,6;18,1;17,6;20,1;88,1;7,7;0,1;1,30E-1;-541,2;20,00;3,0;3,0;38,86;0,40;0,005;0,0;0,01;0,054
113;11.08.2023;11:18:08;00:01:52;250,0;19,6;18,1;17,6;20,1;88,9;7,8;0,1;1,30E-1;-541,2;20,00;3,0;3,0;38,86;0,40;0,000;0,0;0,01;0,051
114;11.08.2023;11:18:09;00:01:53;250,0;19,6;18,2;17,6;20,1;90,4;8,0;0,1;1,29E-1;-541,2;20,00;3,0;2,9;38,86;0,40;-0,002;0,0;0,00;0,054
115;11.08.2023;11:18:10;00:01:54;250,0;19,6;18,2;17,6;20,1;91,9;8,2;0,1;1,28E-1;-541,2;20,00;3,0;3,0;38,86;0,40;0,002;0,0;0,01;0,054
116;11.08.2023;11:18:11;00:01:55;250,0;19,6;18,2;17,6;20,1;92,6;8,3;0,1;1,27E-1;-541,2;20,00;3,0;3,0;38,86;0,40;0,002;0,0;0,01;0,051
117;11.08.2023;11:18:12;00:01:56;250,0;19,5;18,2;17,6;20,1;94,2;8,5;0,1;1,27E-1;-541,2;20,00;3,0;3,0;38,86;0,40;0,000;0,0;0,01;0,051
118;11.08.2023;11:18:13;00:01:57;250,0;19,5;18,1;17,6;20,1;95,7;8,7;0,1;1,26E-1;-541,2;20,00;3,0;3,0;38,86;0,40;0,000;0,0;0,01;0,051
119;11.08.2023;11:18:14;00:01:58;250,0;19,5;18,1;17,6;20,1;96,5;8,8;0,1;1,25E-1;-541,2;20,00;3,0;3,0;38,86;0,40;0,002;0,0;0,01;0,054
120;11.08.2023;11:18:15;00:01:59;250,0;19,4;18,1;17,6;20,1;98,0;9,0;0,1;1,24E-1;-541,2;20,00;3,0;3,0;38,86;0,40;0,001;0,0;0,01;0,054
121;11.08.2023;11:18:16;00:02:00;250,0;19,4;18,1;17,6;20,1;98,7;9,1;0,1;1,24E-1;-541,2;20,00;3,0;3,0;38,86;0,40;0,002;0,0;0,01;0,053
122;11.08.2023;11:18:17;00:02:01;250,0;19,4;18,1;17,6;20,1;100,2;9,4;0,1;1,23E-1;-541,2;20,00;3,0;3,0;38,86;0,40;0,002;0,0;0,00;0,054
123;11.08.2023;11:18:18;00:02:02;250,0;19,4;18,2;17,7;20,1;101,9;9,6;0,1;1,22E-1;-541,2;20,00;3,0;3,0;38,87;0,40;0,019;0,8;3,70;0,215
124;11.08.2023;11:18:19;00:02:03;250,0;19,4;18,1;17,6;20,1;102,6;9,7;0,1;1,22E-1;-541,2;20,00;3,0;3,0;38,87;0,40;0,025;0,8;3,77;0,219
125;11.08.2023;11:18:20;00:02:04;250,0;19,4;18,1;17,6;20,2;104,1;9,9;0,1;1,22E-1;-541,2;20,00;3,0;3,0;38,86;0,40;0,023;0,8;3,71;0,220
126;11.08.2023;11:18:21;00:02:05;250,0;19,4;18,2;17,7;20,2;105,6;10,1;0,1;1,21E-1;-541,2;20,00;3,0;3,0;38,87;0,40;0,017;0,8;3,74;0,224
127;11.08.2023;11:18:22;00:02:06;250,0;20,0;18,2;17,7;20,4;106,4;10,1;0,1;1,21E-1;-541,2;20,00;3,0;3,0;38,86;0,40;0,015;0,8;3,74;0,225
128;11.08.2023;11:18:23;00:02:07;250,0;21,5;18,2;17,7;20,4;107,9;10,3;0,1;1,20E-1;-541,2;20,00;3,0;3,0;38,87;0,40;0,008;0,8;3,79;0,227
129;11.08.2023;11:18:24;00:02:08;250,1;21,5;18,2;17,7;20,6;109,5;10,4;0,1;1,19E-1;-541,2;20,00;3,0;3,0;38,87;0,40;0,008;0,9;3,78;0,229
130;11.08.2023;11:18:25;00:02:09;250,3;21,5;18,2;17,7;20,6;110,2;10,6;0,1;1,19E-1;-541,2;20,00;3,0;3,0;38,86;0,40;0,002;0,9;3,78;0,230
131;11.08.2023;11:18:26;00:02:10;250,0;24,2;18,2;17,7;20,8;111,7;10,5;0,1;1,19E-1;-541,2;20,00;3,0;3,0;38,87;0,40;0,003;0,9;3,75;0,230
132;11.08.2023;11:18:27;00:02:11;250,2;24,2;18,3;17,7;20,8;112,5;10,6;0,1;1,18E-1;-541,2;20,00;3,0;3,0;38,86;0,40;0,006;0,9;3,77;0,230
133;11.08.2023;11:18:28;00:02:12;250,0;28,0;18,3;17,7;20,9;114,0;10,5;0,1;1,18E-1;-541,2;20,00;3,0;3,0;38,87;0,40;0,006;0,9;3,76;0,230
134;11.08.2023;11:18:29;00:02:13;250,2;28,0;18,4;17,7;20,9;115,5;10,7;0,1;1,17E-1;-541,2;20,00;3,0;3,0;38,87;0,40;0,004;0,9;3,78;0,234
135;11.08.2023;11:18:30;00:02:14;250,0;32,5;18,4;17,7;21,0;116,4;10,4;0,1;1,17E-1;-541,2;20,00;3,0;3,0;38,86;0,40;0,005;0,9;3,79;0,233
136;11.08.2023;11:18:31;00:02:15;250,0;37,5;18,5;17,7;21,0;117,9;10,4;0,1;1,17E-1;-541,2;20,00;3,0;3,1;38,87;0,40;-0,001;0,9;3,78;0,234
137;11.08.2023;11:18:32;00:02:16;250,3;37,5;18,5;17,7;21,0;119,4;10,4;0,1;1,16E-1;-541,2;20,00;3,0;3,1;38,87;0,40;-0,001;0,9;3,77;0,230
138;11.08.2023;11:18:33;00:02:17;250,2;42,8;18,6;17,7;21,0;120,1;10,1;0,1;1,16E-1;-541,2;20,00;3,0;3,1;38,87;0,40;0,002;0,9;3,78;0,234
139;11.08.2023;11:18:34;00:02:18;250,0;42,8;18,7;17,7;21,1;121,6;10,2;0,1;1,16E-1;-541,2;20,00;3,0;3,0;38,87;0,40;0,000;0,9;3,72;0,230
140;11.08.2023;11:18:35;00:02:19;250,2;48,1;18,7;17,7;21,2;123,1;10,0;0,1;1,15E-1;-541,2;20,00;3,0;3,0;38,87;0,40;-0,001;0,9;3,78;0,234
141;11.08.2023;11:18:36;00:02:20;250,0;48,1;18,7;17,7;21,2;124,0;10,1;0,1;1,15E-1;-541,2;20,00;3,0;3,0;38,86;0,40;0,001;0,8;3,69;0,230
142;11.08.2023;11:18:37;00:02:21;250,1;53,4;18,8;17,7;21,2;125,5;9,8;0,1;1,15E-1;-541,2;20,00;3,0;3,0;38,87;0,40;0,000;0,9;3,68;0,231
143;11.08.2023;11:18:38;00:02:22;250,0;53,5;18,9;17,7;21,3;127,0;10,0;0,1;1,14E-1;-541,2;20,00;3,0;3,0;38,87;0,40;-0,003;0,9;3,71;0,231
144;11.08.2023;11:18:39;00:02:23;250,0;59,0;19,0;17,7;21,3;127,7;10,1;0,1;1,14E-1;-541,2;20,00;3,0;3,0;38,86;0,40;0,001;0,9;3,71;0,230
145;11.08.2023;11:18:40;00:02:24;250,0;59,0;19,0;17,7;21,3;129,2;9,8;0,1;1,14E-1;-541,2;20,00;3,0;3,0;38,87;0,40;-0,001;0,9;3,68;0,230
146;11.08.2023;11:18:41;00:02:25;250,0;59,0;19,1;17,7;21,3;130,0;9,9;0,1;1,14E-1;-541,2;20,00;3,0;3,0;38,87;0,40;0,001;0,8;3,68;0,230
147;11.08.2023;11:18:42;00:02:26;250,1;64,4;19,1;17,7;21,3;131,6;9,6;0,1;1,13E-1;-541,2;20,00;3,0;3,0;38,86;0,40;0,006;0,9;3,70;0,230
148;11.08.2023;11:18:43;00:02:27;250,1;69,7;19,2;17,7;21,2;133,1;9,5;0,1;1,13E-1;-541,2;20,00;3,0;3,0;38,87;0,40;0,001;0,8;3,66;0,231
149;11.08.2023;11:18:44;00:02:28;250,1;69,7;19,2;17,7;21,2;133,9;9,5;0,1;1,13E-1;-541,2;20,00;3,0;3,0;38,86;0,40;-0,004;0,8;3,57;0,229
150;11.08.2023;11:18:45;00:02:29;250,0;69,7;19,4;17,7;21,2;135,4;9,6;0,1;1,12E-1;-541,2;20,00;3,0;3,0;38,87;0,40;0,000;0,8;3,61;0,230
151;11.08.2023;11:18:46;00:02:30;250,0;74,9;19,4;17,7;21,3;136,9;9,4;0,1;1,12E-1;-541,2;20,00;3,0;3,0;38,87;0,40;-0,002;0,8;3,66;0,229
152;11.08.2023;11:18:47;00:02:31;250,1;74,9;19,5;17,7;21,3;137,6;9,5;0,1;1,12E-1;-541,2;20,00;3,0;3,0;38,87;0,40;-0,006;0,8;3,63;0,226
153;11.08.2023;11:18:48;00:02:32;250,1;79,5;19,5;17,7;21,3;139,2;9,3;0,1;1,12E-1;-541,2;20,00;3,0;3,0;38,87;0,40;-0,003;0,8;3,60;0,229
154;11.08.2023;11:18:49;00:02:33;250,0;79,5;19,6;17,8;21,3;140,7;9,4;0,1;1,11E-1;-541,2;20,00;3,0;3,0;38,87;0,40;-0,001;0,8;3,66;0,230
155;11.08.2023;11:18:50;00:02:34;250,1;84,0;19,6;17,8;21,3;141,5;9,2;0,1;1,11E-1;-541,2;20,00;3,0;3,0;38,87;0,40;-0,001;0,8;3,65;0,229
156;11.08.2023;11:18:51;00:02:35;250,0;88,3;19,7;17,8;21,3;143,0;9,1;0,1;1,11E-1;-541,2;20,00;3,0;2,9;38,87;0,40;-0,002;0,8;3,64;0,228
157;11.08.2023;11:18:52;00:02:36;250,0;88,3;19,7;17,8;21,3;144,5;9,1;0,1;1,11E-1;-541,2;20,00;3,0;2,9;38,87;0,40;0,003;0,8;3,60;0,228
158;11.08.2023;11:18:53;00:02:37;250,0;92,6;19,8;17,8;21,3;145,2;8,9;0,1;1,11E-1;-541,2;20,00;3,0;3,0;38,87;0,40;0,000;0,8;3,63;0,228
159;11.08.2023;11:18:54;00:02:38;250,0;92,6;19,9;17,8;21,3;146,9;9,0;0,1;1,10E-1;-541,2;20,00;3,0;2,9;38,87;0,40;-0,003;0,8;3,61;0,226
160;11.08.2023;11:18:55;00:02:39;250,1;92,6;19,9;17,8;21,3;147,6;9,1;0,1;1,10E-1;-541,2;20,00;3,0;3,0;38,87;0,40;-0,001;0,8;3,59;0,230
161;11.08.2023;11:18:56;00:02:40;250,0;96,6;19,9;17,8;21,4;149,1;8,9;0,1;1,10E-1;-541,2;20,00;3,0;3,0;38,87;0,40;-0,004;0,8;3,56;0,225
162;11.08.2023;11:18:57;00:02:41;250,0;100,5;20,0;17,8;21,4;150,6;8,8;0,1;1,09E-1;-541,2;20,00;3,0;3,0;38,87;0,40;0,000;0,8;3,64;0,225
163;11.08.2023;11:18:58;00:02:42;250,1;100,5;20,0;17,8;21,4;151,4;8,9;0,1;1,09E-1;-541,2;20,00;3,0;3,1;38,87;0,40;0,003;0,8;3,60;0,225
164;11.08.2023;11:18:59;00:02:43;250,1;100,5;20,1;17,8;21,3;152,9;9,0;0,1;1,09E-1;-541,2;20,00;3,0;3,0;38,87;0,40;0,002;0,8;3,55;0,228
165;11.08.2023;11:19:00;00:02:44;250,2;104,7;20,1;17,8;21,3;154,5;8,9;0,1;1,09E-1;-541,2;20,00;3,0;3,0;38,87;0,40;0,003;0,8;3,60;0,230
166;11.08.2023;11:19:01;00:02:45;250,2;104,7;20,1;17,8;21,3;155,2;9,0;0,1;1,09E-1;-541,2;20,00;3,0;3,0;38,87;0,40;0,002;0,8;3,57;0,228
167;11.08.2023;11:19:02;00:02:46;250,1;108,7;20,2;17,8;21,3;156,7;8,8;0,1;1,08E-1;-541,2;20,00;3,0;3,1;38,87;0,40;0,009;0,8;3,60;0,226
168;11.08.2023;11:19:03;00:02:47;250,1;108,7;20,3;17,8;21,3;158,2;9,0;0,1;1,08E-1;-541,2;20,00;3,0;3,0;38,86;0,40;0,003;0,8;3,58;0,230
169;11.08.2023;11:19:04;00:02:48;250,0;112,6;20,3;17,8;21,3;159,0;8,9;0,1;1,08E-1;-541,2;20,00;3,0;3,0;38,87;0,40;0,002;0,8;3,54;0,230
170;11.08.2023;11:19:05;00:02:49;250,1;112,6;20,3;17,8;21,3;160,5;8,9;0,1;1,07E-1;-541,2;20,00;3,0;3,0;38,87;0,40;0,005;0,8;3,59;0,226
171;11.08.2023;11:19:06;00:02:50;250,2;116,4;20,4;17,8;21,4;161,2;8,7;0,1;1,07E-1;-541,2;20,00;3,0;3,0;38,87;0,40;0,003;0,8;3,58;0,228
172;11.08.2023;11:19:07;00:02:51;250,0;119,7;20,5;17,8;21,4;162,9;8,8;0,1;1,07E-1;-541,2;20,00;3,0;3,0;38,87;0,40;0,000;0,8;3,62;0,226
173;11.08.2023;11:19:08;00:02:52;250,0;119,7;20,5;17,8;21,4;164,4;8,7;0,1;1,06E-1;-541,2;20,00;3,0;3,0;38,87;0,40;0,003;0,8;3,56;0,225
174;11.08.2023;11:19:09;00:02:53;250,1;119,7;20,5;17,8;21,4;165,1;8,8;0,1;1,06E-1;-541,2;20,00;3,0;3,0;38,87;0,40;0,000;0,8;3,60;0,226
175;11.08.2023;11:19:10;00:02:54;250,2;122,9;20,5;17,9;21,4;166,6;8,7;0,1;1,06E-1;-541,2;20,00;3,0;3,0;38,87;0,40;0,002;0,8;3,57;0,228
176;11.08.2023;11:19:11;00:02:55;250,1;126,0;20,6;17,9;21,4;168,1;8,6;0,1;1,06E-1;-541,2;20,00;3,0;3,0;38,87;0,40;0,002;0,8;3,58;0,228
177;11.08.2023;11:19:12;00:02:56;250,1;126,0;20,6;17,9;21,4;168,9;8,6;0,1;1,05E-1;-541,2;20,00;3,0;3,0;38,87;0,40;0,000;0,8;3,56;0,225
178;11.08.2023;11:19:13;00:02:57;250,1;126,0;20,7;17,9;21,4;170,5;8,8;0,1;1,05E-1;-541,2;20,00;3,0;3,0;38,87;0,40;-0,003;0,8;3,56;0,230
179;11.08.2023;11:19:14;00:02:58;250,0;129,1;20,7;17,9;21,4;172,0;8,7;0,1;1,05E-1;-541,2;20,00;3,0;3,0;38,87;0,40;-0,002;0,8;3,54;0,226
180;11.08.2023;11:19:15;00:02:59;250,0;129,1;20,7;17,9;21,4;172,7;8,8;0,1;1,04E-1;-541,2;20,00;3,0;3,0;38,87;0,40;0,000;0,8;3,54;0,230
181;11.08.2023;11:19:16;00:03:00;250,2;132,1;20,7;17,9;21,4;174,2;8,7;0,1;1,04E-1;-541,2;20,00;3,0;2,9;38,87;0,40;-0,004;0,8;3,55;0,229
182;11.08.2023;11:19:17;00:03:01;250,1;132,1;20,8;17,9;21,4;175,7;8,9;0,1;1,04E-1;-541,2;20,00;3,0;3,0;38,86;0,40;-0,002;0,8;3,57;0,230
183;11.08.2023;11:19:18;00:03:02;250,2;134,9;20,8;17,9;21,4;176,5;8,7;0,1;1,04E-1;-541,2;20,00;3,0;3,0;38,87;0,40;-0,002;0,8;3,56;0,228
184;11.08.2023;11:19:19;00:03:03;250,1;134,9;20,8;17,9;21,4;178,1;8,9;0,1;1,03E-1;-541,2;20,00;3,0;3,0;38,87;0,40;-0,002;0,8;3,57;0,230
185;11.08.2023;11:19:20;00:03:04;250,0;137,9;20,8;17,9;21,4;178,9;9,0;0,1;1,03E-1;-541,2;20,00;3,0;3,0;38,87;0,40;-0,003;0,8;3,54;0,230
186;11.08.2023;11:19:21;00:03:05;250,2;137,9;20,8;17,9;21,4;180,4;8,9;0,1;1,03E-1;-541,2;20,00;3,0;3,0;38,87;0,40;-0,001;0,8;3,59;0,230
187;11.08.2023;11:19:22;00:03:06;250,2;140,8;20,9;18,0;21,4;181,9;8,8;0,1;1,02E-1;-541,2;20,00;3,0;3,0;38,86;0,40;0,001;0,8;3,53;0,230
188;11.08.2023;11:19:23;00:03:07;250,1;140,8;20,9;18,0;21,4;182,6;8,9;0,1;1,02E-1;-541,2;20,00;3,0;3,1;38,87;0,40;-0,001;0,8;3,55;0,230
189;11.08.2023;11:19:24;00:03:08;250,1;143,6;20,9;18,0;21,4;184,1;8,8;0,1;1,02E-1;-541,2;20,00;3,0;3,0;38,86;0,40;0,005;0,8;3,60;0,230
190;11.08.2023;11:19:25;00:03:09;250,0;143,6;21,0;18,0;21,4;185,7;9,0;0,1;1,01E-1;-541,2;20,00;3,0;3,0;38,87;0,40;0,001;0,8;3,59;0,230
191;11.08.2023;11:19:26;00:03:10;250,0;146,4;21,0;18,0;21,4;186,5;8,9;0,1;1,01E-1;-541,2;20,00;3,0;3,0;38,87;0,40;-0,001;0,8;3,59;0,230
192;11.08.2023;11:19:27;00:03:11;250,0;148,9;21,1;18,0;21,4;188,0;8,9;0,1;1,01E-1;-541,2;20,00;3,0;3,0;38,87;0,40;0,001;0,8;3,59;0,234
193;11.08.2023;11:19:28;00:03:12;250,0;148,9;21,1;18,0;21,4;189,5;9,0;0,1;1,00E-1;-541,2;20,00;3,0;3,0;38,87;0,40;0,001;0,8;3,56;0,231
194;11.08.2023;11:19:29;00:03:13;250,0;148,9;21,1;18,0;21,4;190,2;9,0;0,1;1,00E-1;-541,2;20,00;3,0;3,0;38,87;0,40;0,001;0,8;3,56;0,233
195;11.08.2023;11:19:30;00:03:14;250,1;151,4;21,1;18,1;21,4;191,7;9,0;0,1;9,99E-2;-541,2;20,00;3,0;3,0;38,87;0,40;0,003;0,8;3,58;0,231
196;11.08.2023;11:19:31;00:03:15;250,1;153,8;21,2;18,1;21,5;193,4;9,0;0,1;9,97E-2;-541,2;20,00;3,0;3,0;38,87;0,40;0,009;0,8;3,62;0,234
197;11.08.2023;11:19:32;00:03:16;250,1;153,8;21,2;18,1;21,5;194,1;9,0;0,1;9,94E-2;-541,2;20,00;3,0;2,9;38,87;0,40;0,002;0,8;3,56;0,234
198;11.08.2023;11:19:33;00:03:17;250,1;153,8;21,2;18,1;21,5;195,6;9,2;0,1;9,91E-2;-541,2;20,00;3,0;3,0;38,87;0,40;0,007;0,8;3,60;0,234
199;11.08.2023;11:19:34;00:03:18;250,0;156,2;21,2;18,1;21,5;196,4;9,1;0,1;9,90E-2;-541,2;20,00;3,0;3,0;38,87;0,40;0,004;0,8;3,60;0,234
200;11.08.2023;11:19:35;00:03:19;250,0;158,5;21,3;18,1;21,5;197,9;9,3;0,1;9,86E-2;-541,2;20,00;3,0;3,0;38,87;0,40;0,006;0,8;3,56;0,234
201;11.08.2023;11:19:36;00:03:20;250,1;158,5;21,3;18,1;21,5;199,4;9,2;0,1;9,84E-2;-541,2;20,00;3,0;3,1;38,87;0,40;0,000;0,8;3,60;0,234
202;11.08.2023;11:19:37;00:03:21;250,0;160,8;21,3;18,2;21,5;200,2;9,1;0,1;9,81E-2;-541,2;20,00;3,0;3,0;38,87;0,40;-0,003;0,8;3,62;0,234
203;11.08.2023;11:19:38;00:03:22;250,1;160,8;21,3;18,2;21,5;201,7;9,3;0,1;9,79E-2;-541,2;20,00;3,0;3,0;38,87;0,40;-0,001;0,8;3,61;0,234
204;11.08.2023;11:19:39;00:03:23;250,1;160,8;21,4;18,2;21,5;203,2;9,4;0,1;9,75E-2;-541,2;20,00;3,0;3,0;38,86;0,40;-0,002;0,8;3,61;0,234
205;11.08.2023;11:19:40;00:03:24;250,1;163,2;21,4;18,2;21,5;204,0;9,4;0,1;9,74E-2;-541,2;20,00;3,0;3,0;38,87;0,40;0,000;0,8;3,63;0,236
206;11.08.2023;11:19:41;00:03:25;250,1;163,2;21,4;18,2;21,5;205,5;9,5;0,1;9,70E-2;-541,2;20,00;3,0;3,0;38,86;0,40;0,001;0,8;3,59;0,234
207;11.08.2023;11:19:42;00:03:26;250,1;165,6;21,4;18,2;21,6;207,0;9,5;0,1;9,68E-2;-541,2;20,00;3,0;2,9;38,87;0,40;-0,002;0,8;3,59;0,235
208;11.08.2023;11:19:43;00:03:27;250,1;165,6;21,5;18,2;21,6;207,9;9,5;0,1;9,66E-2;-541,2;20,00;3,0;2,9;38,87;0,40;0,000;0,9;3,63;0,236
209;11.08.2023;11:19:44;00:03:28;250,0;167,9;21,5;18,2;21,6;209,4;9,5;0,1;9,63E-2;-541,2;20,00;3,0;3,0;38,86;0,40;0,000;0,9;3,61;0,235
210;11.08.2023;11:19:45;00:03:29;250,1;167,9;21,5;18,2;21,6;210,1;9,6;0,1;9,62E-2;-541,2;20,00;3,0;3,0;38,87;0,40;0,001;0,8;3,59;0,239
211;11.08.2023;11:19:46;00:03:30;250,1;170,3;21,5;18,3;21,6;211,6;9,6;0,1;9,58E-2;-541,2;20,00;3,0;3,0;38,87;0,40;0,001;0,9;3,61;0,239
212;11.08.2023;11:19:47;00:03:31;250,1;170,3;21,5;18,3;21,6;213,1;9,7;0,1;9,56E-2;-541,2;20,00;3,0;3,0;38,87;0,40;0,000;0,9;3,65;0,239
213;11.08.2023;11:19:48;00:03:32;250,0;170,3;21,5;18,3;21,6;213,9;9,8;0,1;9,54E-2;-541,2;20,00;3,0;3,1;38,87;0,40;0,002;0,9;3,64;0,239
214;11.08.2023;11:19:49;00:03:33;250,0;172,5;21,5;18,3;21,6;215,5;9,8;0,1;9,51E-2;-541,2;20,00;3,0;2,9;38,87;0,40;-0,003;0,9;3,64;0,239
215;11.08.2023;11:19:50;00:03:34;250,1;174,7;21,6;18,3;21,7;217,0;9,8;0,1;9,48E-2;-541,2;20,00;3,0;2,9;38,87;0,40;0,000;0,9;3,63;0,239
216;11.08.2023;11:19:51;00:03:35;250,0;174,7;21,6;18,3;21,7;217,7;9,9;0,1;9,46E-2;-541,2;20,00;3,0;3,0;38,87;0,40;-0,001;0,9;3,62;0,239
217;11.08.2023;11:19:52;00:03:36;250,0;176,8;21,6;18,3;21,7;219,2;9,8;0,1;9,44E-2;-541,2;20,00;3,0;3,1;38,87;0,40;0,000;0,9;3,62;0,239
218;11.08.2023;11:19:53;00:03:37;250,0;176,8;21,7;18,3;21,7;220,7;10,0;0,1;9,41E-2;-541,2;20,00;3,0;3,0;38,87;0,40;0,000;0,9;3,64;0,243
219;11.08.2023;11:19:54;00:03:38;250,2;178,9;21,7;18,4;21,7;221,5;9,9;0,1;9,40E-2;-541,2;20,00;3,0;3,0;38,87;0,40;-0,002;0,9;3,65;0,244
220;11.08.2023;11:19:55;00:03:39;250,0;180,9;21,7;18,4;21,7;223,1;10,0;0,1;9,37E-2;-541,2;20,00;3,0;3,0;38,87;0,40;0,000;0,9;3,67;0,242
221;11.08.2023;11:19:56;00:03:40;250,1;180,9;21,7;18,4;21,7;224,6;10,1;0,1;9,34E-2;-541,2;20,00;3,0;3,0;38,87;0,40;-0,001;0,9;3,65;0,241
222;11.08.2023;11:19:57;00:03:41;250,1;180,9;21,8;18,4;21,7;225,4;10,2;0,1;9,33E-2;-541,2;20,00;3,0;3,0;38,87;0,40;0,000;0,9;3,66;0,244
223;11.08.2023;11:19:58;00:03:42;250,1;182,9;21,8;18,4;21,7;226,9;10,2;0,1;9,31E-2;-541,2;20,00;3,0;3,1;38,87;0,40;0,001;0,9;3,68;0,244
224;11.08.2023;11:19:59;00:03:43;250,1;182,9;21,8;18,4;21,6;227,6;10,3;0,1;9,29E-2;-541,2;20,00;3,0;3,0;38,87;0,40;0,001;0,9;3,66;0,244
225;11.08.2023;11:20:00;00:03:44;250,2;185,0;21,7;18,4;21,6;229,1;10,3;0,1;9,27E-2;-541,2;20,00;3,0;3,0;38,86;0,40;0,008;0,9;3,69;0,245
226;11.08.2023;11:20:01;00:03:45;250,0;185,0;21,8;18,4;21,6;230,7;10,4;0,1;9,24E-2;-541,2;20,00;3,0;3,1;38,87;0,40;0,003;0,9;3,71;0,247
227;11.08.2023;11:20:02;00:03:46;250,0;187,1;21,8;18,4;21,6;231,5;10,4;0,1;9,23E-2;-541,2;20,00;3,0;3,0;38,87;0,40;0,006;0,9;3,68;0,245
228;11.08.2023;11:20:03;00:03:47;250,0;187,1;21,8;18,4;21,6;233,0;10,5;0,1;9,20E-2;-541,2;20,00;3,0;3,0;38,86;0,40;0,000;0,9;3,71;0,249
229;11.08.2023;11:20:04;00:03:48;250,2;189,2;21,8;18,4;21,6;234,5;10,5;0,1;9,18E-2;-541,2;20,00;3,0;3,0;38,87;0,40;0,003;0,9;3,72;0,249
230;11.08.2023;11:20:05;00:03:49;250,1;189,2;21,8;18,4;21,6;235,2;10,6;0,1;9,17E-2;-541,2;20,00;3,0;2,9;38,87;0,40;0,000;0,9;3,72;0,248
231;11.08.2023;11:20:06;00:03:50;250,0;191,4;21,8;18,5;21,6;236,7;10,6;0,1;9,14E-2;-541,2;20,00;3,0;3,0;38,87;0,40;0,003;0,9;3,70;0,247
232;11.08.2023;11:20:07;00:03:51;250,0;191,4;21,9;18,5;21,6;238,4;10,8;0,1;9,12E-2;-541,2;20,00;3,0;3,0;38,87;0,40;-0,001;0,9;3,73;0,249
233;11.08.2023;11:20:08;00:03:52;250,0;193,3;21,9;18,5;21,7;239,1;10,8;0,1;9,11E-2;-541,2;20,00;3,0;3,0;38,87;0,40;0,000;0,9;3,72;0,249
234;11.08.2023;11:20:09;00:03:53;250,1;193,3;21,9;18,5;21,7;240,6;10,8;0,1;9,09E-2;-541,2;20,00;3,0;3,0;38,87;0,40;0,003;0,9;3,70;0,250
235;11.08.2023;11:20:10;00:03:54;250,0;195,3;21,9;18,5;21,7;241,4;10,8;0,1;9,08E-2;-541,2;20,00;3,0;3,0;38,87;0,40;0,006;0,9;3,72;0,250
236;11.08.2023;11:20:11;00:03:55;250,0;195,3;22,0;18,5;21,7;242,9;10,9;0,1;9,06E-2;-541,2;20,00;3,0;3,0;38,87;0,40;0,002;0,9;3,71;0,249
237;11.08.2023;11:20:12;00:03:56;250,0;197,3;22,0;18,5;21,7;244,4;10,9;0,1;9,05E-2;-541,2;20,00;3,0;2,9;38,87;0,40;0,003;0,9;3,73;0,249
238;11.08.2023;11:20:13;00:03:57;250,0;197,3;22,0;18,5;21,7;245,1;11,0;0,1;9,04E-2;-541,2;20,00;3,0;3,0;38,87;0,40;0,001;0,9;3,71;0,251
239;11.08.2023;11:20:14;00:03:58;250,1;199,2;22,0;18,6;21,7;246,7;11,0;0,1;9,01E-2;-541,2;20,00;3,0;3,0;38,87;0,40;0,002;1,0;3,74;0,254
240;11.08.2023;11:20:15;00:03:59;250,1;201,2;22,1;18,6;21,7;248,2;11,1;0,1;8,99E-2;-541,2;20,00;3,0;3,0;38,87;0,40;0,001;1,0;3,77;0,254
241;11.08.2023;11:20:16;00:04:00;250,1;201,2;22,1;18,6;21,7;249,0;11,1;0,1;8,98E-2;-541,2;20,00;3,0;3,0;38,87;0,40;0,003;1,0;3,80;0,254
242;11.08.2023;11:20:17;00:04:01;250,0;201,2;22,1;18,6;21,7;250,5;11,3;0,1;8,95E-2;-541,2;20,00;3,0;3,0;38,87;0,40;-0,001;1,0;3,78;0,254
243;11.08.2023;11:20:18;00:04:02;250,0;203,3;22,1;18,6;21,7;252,0;11,3;0,1;8,93E-2;-541,2;20,00;3,0;3,0;38,87;0,40;0,003;1,0;3,73;0,254
244;11.08.2023;11:20:19;00:04:03;250,0;203,3;22,3;18,6;21,8;252,7;11,4;0,1;8,92E-2;-541,2;20,00;3,0;3,0;38,87;0,40;0,002;1,0;3,77;0,254
245;11.08.2023;11:20:20;00:04:04;250,0;205,3;22,3;18,8;21,9;254,4;11,4;0,1;8,89E-2;-541,2;20,00;3,0;3,0;38,87;0,40;0,002;1,0;3,77;0,258
246;11.08.2023;11:20:21;00:04:05;250,1;205,3;22,3;18,8;21,9;255,9;11,6;0,1;8,87E-2;-541,2;20,00;3,0;3,1;38,87;0,40;0,001;1,0;3,81;0,259
247;11.08.2023;11:20:22;00:04:06;250,0;207,4;22,3;18,8;21,9;256,6;11,5;0,1;8,87E-2;-541,2;20,00;3,0;3,0;38,87;0,40;-0,001;1,0;3,79;0,258
248;11.08.2023;11:20:23;00:04:07;250,0;207,4;22,4;18,8;21,9;258,1;11,6;0,1;8,84E-2;-541,2;20,00;3,0;3,0;38,87;0,40;0,004;1,0;3,78;0,259
249;11.08.2023;11:20:24;00:04:08;250,0;207,4;22,4;18,8;21,9;258,9;11,7;0,1;8,83E-2;-541,2;20,00;3,0;3,0;38,86;0,40;0,000;1,0;3,81;0,258
250;11.08.2023;11:20:25;00:04:09;250,0;209,5;22,4;18,8;21,9;260,4;11,7;0,1;8,82E-2;-541,2;20,00;3,0;3,0;38,87;0,40;-0,003;1,0;3,78;0,259
251;11.08.2023;11:20:26;00:04:10;250,0;211,6;22,4;18,8;22,0;262,0;11,7;0,1;8,78E-2;-541,2;20,00;3,0;3,0;38,87;0,40;0,002;1,0;3,82;0,259
252;11.08.2023;11:20:27;00:04:11;250,3;211,6;22,5;18,8;22,0;262,7;11,8;0,1;8,77E-2;-541,2;20,00;3,0;2,9;38,86;0,40;-0,002;1,0;3,77;0,259
253;11.08.2023;11:20:28;00:04:12;250,0;213,6;22,5;18,9;22,0;264,2;11,8;0,1;8,76E-2;-541,2;20,00;3,0;2,9;38,87;0,40;-0,005;1,0;3,81;0,259
254;11.08.2023;11:20:29;00:04:13;250,0;213,6;22,5;18,9;22,0;265,7;12,0;0,1;8,74E-2;-541,2;20,00;3,0;3,0;38,87;0,40;-0,001;1,0;3,81;0,259
255;11.08.2023;11:20:30;00:04:14;250,0;215,6;22,5;18,9;22,0;266,5;11,9;0,1;8,72E-2;-541,2;20,00;3,0;3,0;38,87;0,40;-0,001;1,0;3,80;0,262
256;11.08.2023;11:20:31;00:04:15;250,0;215,6;22,6;18,9;22,0;268,0;12,1;0,1;8,71E-2;-541,2;20,00;3,0;2,9;38,87;0,40;0,000;1,0;3,85;0,261
257;11.08.2023;11:20:32;00:04:16;250,1;217,6;22,6;18,9;22,0;269,6;12,1;0,1;8,69E-2;-541,2;20,00;3,0;3,0;38,87;0,40;0,004;1,0;3,85;0,264
258;11.08.2023;11:20:33;00:04:17;250,0;217,6;22,6;18,9;22,0;270,4;12,2;0,1;8,67E-2;-541,2;20,00;3,0;3,0;38,87;0,40;0,001;1,0;3,84;0,264
259;11.08.2023;11:20:34;00:04:18;250,1;219,7;22,6;19,0;22,0;271,9;12,2;0,1;8,65E-2;-541,2;20,00;3,0;3,0;38,87;0,40;-0,001;1,0;3,84;0,264
260;11.08.2023;11:20:35;00:04:19;250,0;221,7;22,7;19,0;22,0;273,4;12,2;0,1;8,64E-2;-541,2;20,00;3,0;3,0;38,87;0,40;0,000;1,0;3,85;0,266
261;11.08.2023;11:20:36;00:04:20;250,1;221,7;22,7;19,0;22,0;274,1;12,3;0,1;8,63E-2;-541,2;20,00;3,0;3,1;38,87;0,40;-0,001;1,0;3,88;0,264
262;11.08.2023;11:20:37;00:04:21;250,0;221,7;22,7;19,0;22,0;275,6;12,5;0,1;8,60E-2;-541,2;20,00;3,0;3,0;38,87;0,40;0,007;1,0;3,83;0,265
263;11.08.2023;11:20:38;00:04:22;250,3;223,8;22,7;19,0;22,0;276,5;12,4;0,1;8,60E-2;-541,2;20,00;3,0;3,0;38,87;0,40;0,004;1,0;3,84;0,266
264;11.08.2023;11:20:39;00:04:23;250,3;223,7;22,6;18,9;22,0;278,0;12,6;0,1;8,58E-2;-541,2;20,00;3,0;3,0;38,87;0,40;-0,002;1,0;3,86;0,267
265;11.08.2023;11:20:40;00:04:24;250,0;225,8;22,7;19,0;21,9;279,5;12,6;0,1;8,55E-2;-541,2;20,00;3,0;3,0;38,87;0,40;0,000;1,0;3,87;0,269
266;11.08.2023;11:20:41;00:04:25;250,1;225,8;22,7;19,0;21,9;280,2;12,7;0,1;8,55E-2;-541,2;20,00;3,0;3,1;38,87;0,40;0,001;1,0;3,85;0,269
267;11.08.2023;11:20:42;00:04:26;250,2;227,9;22,7;19,0;21,9;281,7;12,7;0,1;8,53E-2;-541,2;20,00;3,0;3,0;38,87;0,40;0,000;1,0;3,87;0,269
268;11.08.2023;11:20:43;00:04:27;250,1;227,9;22,8;19,0;21,9;283,2;12,8;0,1;8,51E-2;-541,2;20,00;3,0;3,0;38,87;0,40;-0,004;1,0;3,85;0,269
269;11.08.2023;11:20:44;00:04:28;250,1;230,0;22,8;19,1;21,9;284,1;12,9;0,1;8,50E-2;-541,2;20,00;3,0;3,0;38,87;0,40;-0,002;1,1;3,82;0,272
270;11.08.2023;11:20:45;00:04:29;250,0;230,0;22,8;19,1;21,9;285,6;12,9;0,1;8,48E-2;-541,2;20,00;3,0;3,0;38,87;0,40;0,002;1,1;3,88;0,271
271;11.08.2023;11:20:46;00:04:30;250,0;232,1;22,8;19,1;21,9;287,1;12,9;0,1;8,46E-2;-541,2;20,00;3,0;3,0;38,86;0,40;-0,001;1,1;3,87;0,274
272;11.08.2023;11:20:47;00:04:31;250,0;232,1;22,9;19,1;21,9;287,9;13,0;0,1;8,45E-2;-541,2;20,00;3,0;3,0;38,87;0,40;0,000;1,1;3,90;0,274
273;11.08.2023;11:20:48;00:04:32;250,1;234,1;22,9;19,1;22,0;289,4;13,1;0,1;8,43E-2;-541,2;20,00;3,0;3,0;38,87;0,40;-0,002;1,1;3,91;0,274
274;11.08.2023;11:20:49;00:04:33;250,2;234,1;22,9;19,1;22,0;290,1;13,1;0,1;8,42E-2;-541,2;20,00;3,0;3,0;38,87;0,40;-0,003;1,1;3,95;0,274
275;11.08.2023;11:20:50;00:04:34;250,0;236,1;22,9;19,2;22,0;291,7;13,2;0,1;8,41E-2;-541,2;20,00;3,0;3,0;38,87;0,40;-0,002;1,1;3,89;0,274
276;11.08.2023;11:20:51;00:04:35;250,0;238,1;23,0;19,2;22,0;293,2;13,2;0,1;8,39E-2;-541,2;20,00;3,0;3,0;38,87;0,40;0,004;1,1;3,87;0,275
277;11.08.2023;11:20:52;00:04:36;250,1;238,1;23,0;19,2;22,0;294,0;13,2;0,1;8,38E-2;-541,2;20,00;3,0;3,0;38,87;0,40;0,004;1,1;3,91;0,274
278;11.08.2023;11:20:53;00:04:37;250,1;238,1;23,0;19,2;22,0;295,5;13,4;0,1;8,36E-2;-541,2;20,00;3,0;2,9;38,87;0,40;0,002;1,1;3,96;0,275
279;11.08.2023;11:20:54;00:04:38;250,0;240,1;23,0;19,2;22,0;297,0;13,4;0,1;8,35E-2;-541,2;20,00;3,0;3,0;38,87;0,40;0,001;1,1;3,91;0,276
280;11.08.2023;11:20:55;00:04:39;250,0;240,1;23,0;19,2;22,0;297,7;13,5;0,1;8,33E-2;-541,2;20,00;3,0;3,0;38,87;0,40;0,002;1,1;3,98;0,276
281;11.08.2023;11:20:56;00:04:40;250,0;242,1;23,1;19,3;22,0;299,4;13,5;0,1;8,31E-2;-541,2;20,00;3,0;3,0;38,87;0,40;0,002;1,1;3,93;0,278
282;11.08.2023;11:20:57;00:04:41;250,0;242,1;23,1;19,3;22,0;300,9;13,7;0,1;8,30E-2;-541,2;20,00;3,0;3,0;38,87;0,40;0,004;1,1;3,98;0,279
283;11.08.2023;11:20:58;00:04:42;250,0;244,1;23,1;19,3;22,1;301,6;13,7;0,1;8,30E-2;-541,2;20,00;3,0;3,0;38,87;0,40;-0,002;1,1;3,96;0,278
284;11.08.2023;11:20:59;00:04:43;250,2;244,1;23,2;19,3;22,0;303,1;13,8;0,1;8,27E-2;-541,2;20,00;3,0;3,0;38,87;0,40;0,004;1,1;3,93;0,281
285;11.08.2023;11:21:00;00:04:44;250,0;246,2;23,2;19,3;22,0;304,6;13,8;0,1;8,26E-2;-541,2;20,00;3,0;3,0;38,87;0,40;0,003;1,1;3,95;0,281
286;11.08.2023;11:21:01;00:04:45;250,0;246,2;23,2;19,3;22,0;305,4;13,9;0,1;8,25E-2;-541,2;20,00;3,0;3,0;38,87;0,40;0,004;1,1;3,96;0,283
287;11.08.2023;11:21:02;00:04:46;250,0;248,4;23,2;19,3;22,0;307,0;13,9;0,1;8,23E-2;-541,2;20,00;3,0;3,0;38,87;0,40;0,005;1,1;3,94;0,280
288;11.08.2023;11:21:03;00:04:47;250,0;248,4;23,2;19,3;22,0;307,7;14,0;0,1;8,22E-2;-541,2;20,00;3,0;3,1;38,87;0,40;0,004;1,1;3,92;0,281
289;11.08.2023;11:21:04;00:04:48;250,1;250,6;23,3;19,4;22,0;309,2;14,1;0,1;8,20E-2;-541,2;20,00;3,0;3,0;38,87;0,40;0,004;1,1;3,97;0,283
290;11.08.2023;11:21:05;00:04:49;250,0;250,6;23,3;19,4;22,0;310,7;14,2;0,1;8,19E-2;-541,2;20,00;3,0;3,0;38,87;0,40;-0,001;1,1;3,97;0,283
291;11.08.2023;11:21:06;00:04:50;250,0;252,7;23,3;19,4;22,0;311,5;14,1;0,1;8,18E-2;-541,2;20,00;3,0;3,0;38,87;0,40;0,001;1,1;3,97;0,283
292;11.08.2023;11:21:07;00:04:51;250,0;252,7;23,4;19,4;22,0;313,0;14,3;0,1;8,16E-2;-541,2;20,00;3,0;3,0;38,87;0,40;-0,003;1,1;4,00;0,284
293;11.08.2023;11:21:08;00:04:52;250,1;254,8;23,4;19,4;22,0;314,6;14,3;0,1;8,14E-2;-541,2;20,00;3,0;3,0;38,87;0,40;-0,001;1,2;4,01;0,288
294;11.08.2023;11:21:09;00:04:53;250,0;254,8;23,4;19,4;22,0;315,4;14,4;0,1;8,14E-2;-541,2;20,00;3,0;3,1;38,87;0,40;0,003;1,1;4,02;0,286
295;11.08.2023;11:21:10;00:04:54;250,0;256,8;23,4;19,5;22,1;316,9;14,4;0,1;8,12E-2;-541,2;20,00;3,0;3,0;38,87;0,40;0,004;1,1;3,98;0,288
296;11.08.2023;11:21:11;00:04:55;250,0;258,8;23,5;19,5;22,1;318,4;14,5;0,1;8,10E-2;-541,2;20,00;3,0;3,0;38,87;0,40;-0,001;1,2;4,00;0,288
297;11.08.2023;11:21:12;00:04:56;250,0;258,8;23,5;19,5;22,1;319,1;14,5;0,1;8,09E-2;-541,2;20,00;3,0;2,9;38,87;0,40;0,000;1,2;4,01;0,288
298;11.08.2023;11:21:13;00:04:57;250,0;258,8;23,5;19,5;22,1;320,6;14,7;0,1;8,08E-2;-541,2;20,00;3,0;3,0;38,87;0,40;0,002;1,2;4,05;0,288
299;11.08.2023;11:21:14;00:04:58;250,0;260,9;23,5;19,6;22,1;322,2;14,7;0,1;8,07E-2;-541,2;20,00;3,0;3,0;38,87;0,40;0,003;1,2;4,04;0,289
300;11.08.2023;11:21:15;00:04:59;250,0;260,9;23,6;19,6;22,1;323,0;14,8;0,1;8,06E-2;-541,2;20,00;3,0;3,0;38,87;0,40;0,002;1,2;4,00;0,288
301;11.08.2023;11:21:16;00:05:00;250,2;262,9;23,6;19,6;22,1;324,5;14,8;0,1;8,03E-2;-541,2;20,00;3,0;3,0;38,87;0,40;0,000;1,2;4,00;0,288
302;11.08.2023;11:21:17;00:05:01;250,1;262,9;23,6;19,6;22,1;325,2;14,9;0,1;8,02E-2;-541,2;20,00;3,0;3,0;38,87;0,40;0,002;1,1;4,01;0,291
303;11.08.2023;11:21:18;00:05:02;250,3;265,1;23,6;19,6;22,2;326,7;14,9;0,1;8,02E-2;-541,2;20,00;3,0;3,0;38,87;0,40;0,001;1,2;4,02;0,292
304;11.08.2023;11:21:19;00:05:03;250,0;265,1;23,7;19,7;22,2;328,2;15,1;0,1;8,00E-2;-541,2;20,00;3,0;3,0;38,87;0,40;0,001;1,2;4,02;0,293
305;11.08.2023;11:21:20;00:05:04;250,1;267,4;23,7;19,7;22,2;329,1;15,2;0,1;7,99E-2;-541,2;20,00;3,0;3,0;38,87;0,40;0,000;1,2;4,07;0,293
306;11.08.2023;11:21:21;00:05:05;250,0;267,4;23,7;19,7;22,3;330,6;15,2;0,1;7,97E-2;-541,2;20,00;3,0;3,1;38,87;0,40;0,001;1,2;4,03;0,293
307;11.08.2023;11:21:22;00:05:06;250,2;269,7;23,8;19,7;22,3;332,1;15,4;0,1;7,96E-2;-541,2;20,00;3,0;3,0;38,87;0,40;-0,002;1,2;4,07;0,295
308;11.08.2023;11:21:23;00:05:07;250,2;269,7;23,8;19,7;22,2;332,9;15,3;0,1;7,95E-2;-541,2;20,00;3,0;3,0;38,87;0,40;0,004;1,2;4,03;0,295
309;11.08.2023;11:21:24;00:05:08;250,3;272,1;23,9;19,8;22,2;334,4;15,3;0,1;7,94E-2;-541,2;20,00;3,0;3,0;38,87;0,40;-0,002;1,2;4,04;0,298
310;11.08.2023;11:21:25;00:05:09;250,2;272,1;23,9;19,8;22,2;335,9;15,4;0,1;7,92E-2;-541,2;20,00;3,0;3,0;38,87;0,40;0,000;1,2;4,07;0,298
311;11.08.2023;11:21:26;00:05:10;250,1;274,3;23,9;19,8;22,2;336,7;15,4;0,1;7,91E-2;-541,2;20,00;3,0;3,0;38,87;0,40;-0,002;1,2;4,09;0,298
312;11.08.2023;11:21:27;00:05:11;250,1;274,3;24,0;19,8;22,2;338,2;15,5;0,1;7,90E-2;-541,2;20,00;3,0;3,0;38,87;0,40;0,004;1,2;4,09;0,298
313;11.08.2023;11:21:28;00:05:12;250,0;274,3;24,0;19,8;22,2;339,0;15,6;0,1;7,89E-2;-541,2;20,00;3,0;2,9;38,87;0,40;0,001;1,2;4,09;0,298
314;11.08.2023;11:21:29;00:05:13;250,1;276,4;24,0;19,8;22,2;340,5;15,6;0,1;7,88E-2;-541,2;20,00;3,0;3,0;38,87;0,40;0,001;1,2;4,11;0,298
315;11.08.2023;11:21:30;00:05:14;250,0;278,5;24,0;19,9;22,2;342,0;15,6;0,1;7,86E-2;-541,2;20,00;3,0;3,0;38,87;0,40;0,002;1,2;4,07;0,298
316;11.08.2023;11:21:31;00:05:15;250,1;278,5;24,0;19,9;22,2;342,7;15,7;0,1;7,86E-2;-541,2;20,00;3,0;3,0;38,87;0,40;0,002;1,2;4,09;0,299
317;11.08.2023;11:21:32;00:05:16;250,0;280,7;24,1;19,9;22,3;344,4;15,8;0,1;7,84E-2;-541,2;20,00;3,0;3,1;38,87;0,40;0,007;1,2;4,12;0,301
318;11.08.2023;11:21:33;00:05:17;250,0;280,7;24,1;19,9;22,3;345,9;15,9;0,1;7,83E-2;-541,2;20,00;3,0;3,0;38,87;0,40;0,005;1,2;4,13;0,303
319;11.08.2023;11:21:34;00:05:18;250,0;282,8;24,1;19,9;22,3;346,6;15,9;0,1;7,82E-2;-541,2;20,00;3,0;3,0;38,87;0,40;0,000;1,3;4,11;0,303
320;11.08.2023;11:21:35;00:05:19;250,1;282,8;24,2;20,0;22,3;348,1;16,0;0,1;7,80E-2;-541,2;20,00;3,0;3,0;38,87;0,40;0,001;1,2;4,12;0,303
321;11.08.2023;11:21:36;00:05:20;250,1;284,9;24,2;20,0;22,3;349,6;16,0;0,1;7,79E-2;-541,2;20,00;3,0;3,0;38,87;0,40;0,004;1,3;4,12;0,306
322;11.08.2023;11:21:37;00:05:21;250,2;284,9;24,2;20,0;22,3;350,4;16,1;0,1;7,79E-2;-541,2;20,00;3,0;3,0;38,87;0,40;0,005;1,3;4,15;0,305
323;11.08.2023;11:21:38;00:05:22;250,1;287,1;24,3;20,0;22,3;352,0;16,2;0,1;7,77E-2;-541,2;20,00;3,0;3,0;38,87;0,40;0,004;1,3;4,13;0,303
324;11.08.2023;11:21:39;00:05:23;250,0;287,1;24,3;20,1;22,3;353,5;16,3;0,1;7,76E-2;-541,2;20,00;3,0;3,0;38,87;0,40;-0,001;1,3;4,15;0,306
325;11.08.2023;11:21:40;00:05:24;250,1;289,4;24,3;20,1;22,3;354,2;16,3;0,1;7,75E-2;-541,2;20,00;3,0;3,0;38,87;0,40;0,000;1,3;4,14;0,308
326;11.08.2023;11:21:41;00:05:25;250,1;289,4;24,3;20,1;22,4;355,7;16,4;0,1;7,74E-2;-541,2;20,00;3,0;3,0;38,87;0,40;0,001;1,3;4,15;0,308
327;11.08.2023;11:21:42;00:05:26;250,1;289,4;24,4;20,1;22,4;356,5;16,5;0,1;7,74E-2;-541,2;20,00;3,0;3,0;38,87;0,40;0,006;1,3;4,14;0,308
328;11.08.2023;11:21:43;00:05:27;250,1;291,7;24,4;20,1;22,4;358,0;16,5;0,1;7,73E-2;-541,2;20,00;3,0;3,0;38,87;0,40;0,001;1,3;4,15;0,312
329;11.08.2023;11:21:44;00:05:28;250,2;294,1;24,5;20,2;22,4;359,6;16,5;0,1;7,72E-2;-541,2;20,00;3,0;3,0;38,87;0,40;0,002;1,3;4,14;0,312
330;11.08.2023;11:21:45;00:05:29;250,0;294,1;24,5;20,2;22,4;360,4;16,6;0,1;7,71E-2;-541,2;20,00;3,0;3,0;38,87;0,40;0,002;1,3;4,15;0,313
331;11.08.2023;11:21:46;00:05:30;250,0;296,4;24,5;20,2;22,4;361,9;16,6;0,1;7,70E-2;-541,2;20,00;3,0;3,0;38,87;0,40;0,002;1,3;4,17;0,312
332;11.08.2023;11:21:47;00:05:31;250,0;296,4;24,6;20,2;22,4;363,4;16,8;0,1;7,69E-2;-541,2;20,00;3,0;3,0;38,87;0,40;-0,001;1,3;4,15;0,313
333;11.08.2023;11:21:48;00:05:32;250,1;296,4;24,6;20,2;22,4;364,1;16,9;0,1;7,69E-2;-541,2;20,00;3,0;3,0;38,87;0,40;0,004;1,3;4,17;0,313
334;11.08.2023;11:21:49;00:05:33;250,0;298,6;24,6;20,2;22,5;365,6;16,9;0,1;7,67E-2;-541,2;20,00;3,0;3,0;38,87;0,40;0,001;1,3;4,18;0,313
335;11.08.2023;11:21:50;00:05:34;250,2;300,8;24,6;20,3;22,5;367,2;16,9;0,1;7,66E-2;-541,2;20,00;3,0;3,0;38,87;0,40;0,000;1,3;4,17;0,313
336;11.08.2023;11:21:51;00:05:35;250,0;300,8;24,7;20,3;22,5;368,0;17,0;0,1;7,65E-2;-541,2;20,00;3,0;3,0;38,87;0,40;0,000;1,3;4,20;0,313
337;11.08.2023;11:21:52;00:05:36;250,2;303,0;24,7;20,3;22,5;369,5;17,0;0,1;7,65E-2;-541,2;20,00;3,0;3,0;38,87;0,40;-0,006;1,3;4,20;0,313
338;11.08.2023;11:21:53;00:05:37;250,1;303,0;24,7;20,3;22,5;371,0;17,2;0,1;7,64E-2;-541,2;20,00;3,0;3,0;38,87;0,40;0,001;1,3;4,21;0,316
339;11.08.2023;11:21:54;00:05:38;250,0;305,2;24,7;20,3;22,5;371,7;17,1;0,1;7,63E-2;-541,2;20,00;3,0;3,0;38,87;0,40;0,001;1,3;4,15;0,317
340;11.08.2023;11:21:55;00:05:39;250,0;307,4;24,8;20,4;22,5;373,2;17,3;0,1;7,62E-2;-541,2;20,00;3,0;3,0;38,87;0,40;-0,003;1,3;4,20;0,317
341;11.08.2023;11:21:56;00:05:40;250,1;307,4;24,8;20,4;22,5;374,0;17,2;0,1;7,62E-2;-541,2;20,00;3,0;3,0;38,87;0,40;0,000;1,3;4,23;0,317
342;11.08.2023;11:21:57;00:05:41;250,0;307,4;24,8;20,4;22,6;375,6;17,4;0,1;7,60E-2;-541,1;20,00;3,0;3,0;38,87;0,40;0,002;1,3;4,18;0,317
343;11.08.2023;11:21:58;00:05:42;250,0;309,6;24,9;20,4;22,5;377,1;17,4;0,1;7,60E-2;-541,2;20,00;3,0;3,0;38,87;0,40;0,001;1,3;4,25;0,320
344;11.08.2023;11:21:59;00:05:43;250,1;309,6;24,9;20,4;22,5;377,9;17,5;0,1;7,59E-2;-541,2;20,00;3,0;3,0;38,87;0,40;0,003;1,3;4,23;0,317
345;11.08.2023;11:22:00;00:05:44;250,2;311,9;24,9;20,4;22,5;379,4;17,6;0,1;7,58E-2;-541,2;20,00;3,0;3,0;38,87;0,40;0,003;1,4;4,23;0,322
346;11.08.2023;11:22:01;00:05:45;250,0;311,9;24,9;20,4;22,5;380,9;17,7;0,1;7,57E-2;-541,2;20,00;3,0;3,0;38,87;0,40;0,001;1,4;4,25;0,322
347;11.08.2023;11:22:02;00:05:46;250,0;314,3;25,0;20,5;22,5;381,6;17,6;0,1;7,56E-2;-541,2;20,00;3,0;2,9;38,87;0,40;-0,001;1,4;4,27;0,322
348;11.08.2023;11:22:03;00:05:47;250,1;314,3;25,0;20,5;22,5;383,2;17,8;0,1;7,55E-2;-541,2;20,00;3,0;3,0;38,87;0,40;-0,002;1,4;4,25;0,322
349;11.08.2023;11:22:04;00:05:48;250,0;316,7;25,0;20,5;22,5;384,7;17,7;0,1;7,55E-2;-541,2;20,00;3,0;3,0;38,87;0,40;0,002;1,4;4,26;0,324
350;11.08.2023;11:22:05;00:05:49;250,1;316,7;25,0;20,5;22,5;385,5;17,8;0,1;7,54E-2;-541,2;20,00;3,0;3,0;38,87;0,40;0,000;1,4;4,21;0,322
351;11.08.2023;11:22:06;00:05:50;250,1;316,7;25,1;20,6;22,5;387,0;18,0;0,1;7,53E-2;-541,2;20,00;3,0;3,0;38,87;0,40;-0,001;1,4;4,26;0,322
352;11.08.2023;11:22:07;00:05:51;250,2;319,2;25,1;20,6;22,5;387,7;17,9;0,1;7,53E-2;-541,2;20,00;3,0;3,0;38,87;0,40;-0,003;1,4;4,25;0,324
353;11.08.2023;11:22:08;00:05:52;250,1;321,5;25,1;20,6;22,5;389,2;18,1;0,1;7,51E-2;-541,2;20,00;3,0;3,0;38,87;0,40;-0,005;1,4;4,26;0,327
354;11.08.2023;11:22:09;00:05:53;250,0;321,5;25,1;20,6;22,6;390,9;18,1;0,1;7,50E-2;-541,2;20,00;3,0;2,9;38,87;0,40;-0,004;1,4;4,26;0,325
355;11.08.2023;11:22:10;00:05:54;250,0;323,8;25,2;20,6;22,6;391,6;18,0;0,1;7,50E-2;-541,2;20,00;3,0;3,0;38,87;0,40;-0,001;1,4;4,25;0,326
356;11.08.2023;11:22:11;00:05:55;250,2;323,8;25,3;20,6;22,6;393,1;18,2;0,1;7,49E-2;-541,2;20,00;3,0;3,0;38,87;0,40;0,000;1,4;4,25;0,327
357;11.08.2023;11:22:12;00:05:56;250,1;326,1;25,3;20,7;22,6;394,6;18,2;0,1;7,48E-2;-541,2;20,00;3,0;3,0;38,87;0,40;0,003;1,4;4,27;0,327
358;11.08.2023;11:22:13;00:05:57;250,0;326,1;25,3;20,7;22,6;395,4;18,3;0,1;7,48E-2;-541,2;20,00;3,0;3,1;38,87;0,40;-0,003;1,4;4,29;0,327
359;11.08.2023;11:22:14;00:05:58;250,1;328,4;25,3;20,7;22,6;396,9;18,3;0,1;7,47E-2;-541,2;20,00;3,0;3,0;38,87;0,40;-0,001;1,4;4,27;0,330
360;11.08.2023;11:22:15;00:05:59;250,0;328,4;25,4;20,8;22,6;398,5;18,5;0,1;7,45E-2;-541,2;20,00;3,0;3,0;38,87;0,40;0,002;1,4;4,28;0,331
361;11.08.2023;11:22:16;00:06:00;250,0;330,7;25,4;20,8;22,6;399,2;18,6;0,1;7,45E-2;-541,2;20,00;3,0;3,0;38,87;0,40;0,000;1,4;4,28;0,332
362;11.08.2023;11:22:17;00:06:01;250,1;330,7;25,4;20,8;22,6;400,7;18,6;0,1;7,45E-2;-541,2;20,00;3,0;3,1;38,87;0,40;-0,003;1,4;4,30;0,332
363;11.08.2023;11:22:18;00:06:02;250,2;333,0;25,4;20,8;22,6;402,2;18,6;0,1;7,44E-2;-541,2;20,00;3,0;3,0;38,87;0,40;-0,002;1,4;4,28;0,332
364;11.08.2023;11:22:19;00:06:03;250,0;333,0;25,4;20,8;22,6;403,0;18,7;0,1;7,43E-2;-541,2;20,00;3,0;3,0;38,87;0,40;-0,003;1,4;4,28;0,332
365;11.08.2023;11:22:20;00:06:04;250,2;335,4;25,5;20,9;22,6;404,5;18,7;0,1;7,42E-2;-541,2;20,00;3,0;3,0;38,87;0,40;-0,005;1,4;4,32;0,333
366;11.08.2023;11:22:21;00:06:05;250,2;335,4;25,5;20,9;22,6;405,2;18,7;0,1;7,42E-2;-541,2;20,00;3,0;3,1;38,87;0,40;-0,008;1,4;4,28;0,332
367;11.08.2023;11:22:22;00:06:06;250,1;335,4;25,5;20,9;22,6;406,9;18,9;0,1;7,41E-2;-541,2;20,00;3,0;3,1;38,87;0,40;-0,004;1,4;4,33;0,336
368;11.08.2023;11:22:23;00:06:07;250,1;337,9;25,5;20,9;22,6;408,4;18,9;0,1;7,40E-2;-541,2;20,00;3,0;3,1;38,87;0,40;0,000;1,5;4,33;0,335
369;11.08.2023;11:22:24;00:06:08;250,0;337,9;25,6;21,0;22,6;409,1;19,0;0,1;7,40E-2;-541,2;20,00;3,0;3,0;38,87;0,40;-0,004;1,5;4,36;0,337
370;11.08.2023;11:22:25;00:06:09;250,1;340,3;25,6;21,0;22,7;410,6;19,0;0,1;7,39E-2;-541,2;20,00;3,0;3,0;38,87;0,40;-0,003;1,5;4,32;0,336
371;11.08.2023;11:22:26;00:06:10;250,1;342,8;25,7;21,0;22,7;412,1;19,0;0,1;7,38E-2;-541,2;20,00;3,0;3,0;38,87;0,40;-0,005;1,5;4,34;0,337
372;11.08.2023;11:22:27;00:06:11;250,1;342,8;25,7;21,0;22,7;412,9;19,1;0,1;7,38E-2;-541,2;20,00;3,0;3,0;38,87;0,40;-0,003;1,5;4,36;0,337
373;11.08.2023;11:22:28;00:06:12;250,0;345,1;25,7;21,0;22,7;414,5;19,1;0,1;7,37E-2;-541,2;20,00;3,0;3,0;38,87;0,40;0,000;1,4;4,32;0,338
374;11.08.2023;11:22:29;00:06:13;250,1;345,1;25,8;21,0;22,7;416,0;19,3;0,1;7,36E-2;-541,2;20,00;3,0;3,0;38,87;0,40;-0,004;1,5;4,36;0,338
375;11.08.2023;11:22:30;00:06:14;250,0;347,4;25,8;21,1;22,7;416,7;19,2;0,1;7,36E-2;-541,2;20,00;3,0;3,0;38,87;0,40;-0,005;1,5;4,33;0,339
376;11.08.2023;11:22:31;00:06:15;250,0;347,4;25,8;21,1;22,7;418,2;19,4;0,1;7,35E-2;-541,2;20,00;3,0;3,0;38,87;0,40;-0,006;1,5;4,33;0,342
377;11.08.2023;11:22:32;00:06:16;250,2;349,7;25,8;21,1;22,7;419,7;19,4;0,1;7,35E-2;-541,2;20,00;3,0;3,0;38,87;0,40;-0,004;1,5;4,34;0,342
378;11.08.2023;11:22:33;00:06:17;250,1;349,7;25,8;21,1;22,7;420,5;19,4;0,1;7,35E-2;-541,2;20,00;3,0;2,9;38,87;0,40;-0,004;1,5;4,37;0,341
379;11.08.2023;11:22:34;00:06:18;250,0;352,0;25,9;21,2;22,7;422,1;19,5;0,1;7,34E-2;-541,2;20,00;3,0;3,0;38,87;0,40;-0,002;1,5;4,34;0,342
380;11.08.2023;11:22:35;00:06:19;250,0;352,0;25,9;21,2;22,7;422,9;19,6;0,1;7,34E-2;-541,2;20,00;3,0;3,0;38,87;0,40;-0,005;1,5;4,36;0,342
381;11.08.2023;11:22:36;00:06:20;250,0;354,3;26,0;21,2;22,7;424,4;19,5;0,1;7,33E-2;-541,2;20,00;3,0;2,9;38,87;0,40;-0,007;1,5;4,36;0,342
382;11.08.2023;11:22:37;00:06:21;250,2;354,3;26,0;21,2;22,7;425,9;19,7;0,1;7,32E-2;-541,2;20,00;3,0;2,9;38,87;0,40;-0,006;1,5;4,38;0,344
383;11.08.2023;11:22:38;00:06:22;250,0;356,6;26,0;21,3;22,7;426,6;19,7;0,1;7,32E-2;-541,2;20,00;3,0;3,0;38,87;0,40;-0,004;1,5;4,37;0,345
384;11.08.2023;11:22:39;00:06:23;250,0;356,6;26,1;21,3;22,7;428,1;19,8;0,1;7,32E-2;-541,2;20,00;3,0;3,0;38,87;0,40;0,001;1,5;4,33;0,344
385;11.08.2023;11:22:40;00:06:24;250,2;359,1;26,1;21,4;22,8;429,7;19,8;0,1;7,31E-2;-541,2;20,00;3,0;2,9;38,87;0,40;-0,002;1,5;4,42;0,347
386;11.08.2023;11:22:41;00:06:25;250,1;359,1;26,1;21,4;22,8;430,5;19,9;0,1;7,31E-2;-541,2;20,00;3,0;3,0;38,87;0,40;-0,004;1,5;4,41;0,346
387;11.08.2023;11:22:42;00:06:26;250,1;361,6;26,2;21,4;22,8;432,0;19,9;0,1;7,30E-2;-541,2;20,00;3,0;3,0;38,87;0,40;0,000;1,5;4,39;0,347
388;11.08.2023;11:22:43;00:06:27;250,3;361,6;26,2;21,4;22,8;433,5;20,1;0,1;7,30E-2;-541,2;20,00;3,0;3,0;38,87;0,40;-0,001;1,5;4,39;0,347
389;11.08.2023;11:22:44;00:06:28;250,0;361,6;26,2;21,5;22,8;434,2;20,2;0,1;7,30E-2;-541,2;20,00;3,0;3,0;38,87;0,40;0,002;1,5;4,40;0,347
390;11.08.2023;11:22:45;00:06:29;250,1;364,1;26,2;21,5;22,8;435,7;20,2;0,1;7,30E-2;-541,2;20,00;3,0;3,0;38,87;0,40;-0,002;1,5;4,41;0,347
391;11.08.2023;11:22:46;00:06:30;250,2;366,6;26,3;21,5;22,8;436,6;20,1;0,1;7,30E-2;-541,2;20,00;3,0;3,0;38,87;0,40;-0,002;1,5;4,42;0,349
392;11.08.2023;11:22:47;00:06:31;250,1;366,6;26,4;21,5;22,8;438,1;20,3;0,1;7,29E-2;-541,2;20,00;3,0;3,0;38,87;0,40;0,007;1,5;4,38;0,350
393;11.08.2023;11:22:48;00:06:32;250,1;368,9;26,4;21,6;22,8;439,6;20,3;0,1;7,28E-2;-541,2;20,00;3,0;3,0;38,87;0,40;0,001;1,5;4,45;0,352
394;11.08.2023;11:22:49;00:06:33;250,2;368,9;26,4;21,6;22,8;440,4;20,3;0,1;7,28E-2;-541,2;20,00;3,0;3,0;38,87;0,40;0,002;1,6;4,42;0,352
395;11.08.2023;11:22:50;00:06:34;250,0;371,3;26,4;21,6;22,8;441,9;20,3;0,1;7,27E-2;-541,2;20,00;3,0;3,0;38,86;0,40;0,004;1,5;4,45;0,352
396;11.08.2023;11:22:51;00:06:35;250,1;371,3;26,5;21,6;22,9;443,4;20,5;0,1;7,26E-2;-541,2;20,00;3,0;3,0;38,87;0,40;-0,006;1,6;4,43;0,352
397;11.08.2023;11:22:52;00:06:36;250,0;371,3;26,5;21,7;22,9;444,2;20,6;0,1;7,26E-2;-541,2;20,00;3,0;3,0;38,87;0,40;-0,004;1,6;4,46;0,352
398;11.08.2023;11:22:53;00:06:37;250,3;373,8;26,5;21,7;22,9;445,7;20,6;0,1;7,25E-2;-541,2;20,00;3,0;3,0;38,86;0,40;-0,001;1,6;4,42;0,354
399;11.08.2023;11:22:54;00:06:38;250,0;376,2;26,6;21,7;22,9;447,2;20,6;0,1;7,25E-2;-541,2;20,00;3,0;3,0;38,87;0,40;0,001;1,6;4,43;0,355
400;11.08.2023;11:22:55;00:06:39;250,1;376,2;26,6;21,7;22,9;448,0;20,7;0,1;7,25E-2;-541,2;20,00;3,0;3,0;38,87;0,40;0,001;1,6;4,45;0,354
401;11.08.2023;11:22:56;00:06:40;250,1;378,7;26,6;21,8;22,9;449,5;20,8;0,1;7,25E-2;-541,2;20,00;3,0;2,9;38,87;0,40;-0,002;1,6;4,44;0,357
402;11.08.2023;11:22:57;00:06:41;250,1;378,7;26,6;21,8;22,9;451,0;20,9;0,1;7,24E-2;-541,2;20,00;3,0;3,0;38,87;0,40;0,005;1,6;4,45;0,357
403;11.08.2023;11:22:58;00:06:42;250,1;381,0;26,7;21,8;22,9;451,9;20,8;0,1;7,24E-2;-541,2;20,00;3,0;3,0;38,87;0,40;0,004;1,6;4,46;0,357
404;11.08.2023;11:22:59;00:06:43;250,3;381,0;26,7;21,9;22,9;453,4;21,0;0,1;7,23E-2;-541,2;20,00;3,0;2,9;38,87;0,40;0,001;1,6;4,45;0,357
405;11.08.2023;11:23:00;00:06:44;250,0;381,0;26,7;21,9;23,0;454,1;21,1;0,1;7,23E-2;-541,2;20,00;3,0;3,0;38,87;0,40;-0,001;1,6;4,49;0,357
406;11.08.2023;11:23:01;00:06:45;250,2;383,5;26,7;21,9;23,0;455,6;21,0;0,1;7,22E-2;-541,2;20,00;3,0;3,0;38,87;0,40;0,004;1,6;4,49;0,357
407;11.08.2023;11:23:02;00:06:46;250,0;383,5;26,8;22,0;23,0;457,1;21,2;0,1;7,21E-2;-541,2;20,00;3,0;3,0;38,87;0,40;0,001;1,6;4,49;0,360
408;11.08.2023;11:23:03;00:06:47;250,1;386,1;26,8;22,0;23,0;457,9;21,1;0,1;7,21E-2;-541,2;20,00;3,0;3,0;38,87;0,40;0,005;1,6;4,53;0,361
409;11.08.2023;11:23:04;00:06:48;250,0;388,6;26,9;22,0;23,0;459,5;21,2;0,1;7,21E-2;-541,2;20,00;3,0;3,0;38,87;0,40;0,008;1,6;4,47;0,361
410;11.08.2023;11:23:05;00:06:49;250,0;388,6;26,9;22,0;23,0;461,0;21,3;0,1;7,21E-2;-541,2;20,00;3,0;3,0;38,87;0,40;-0,001;1,6;4,47;0,361
411;11.08.2023;11:23:06;00:06:50;250,0;391,2;27,0;22,1;23,0;461,8;21,2;0,1;7,21E-2;-541,2;20,00;3,0;3,0;38,87;0,40;0,005;1,6;4,52;0,361
412;11.08.2023;11:23:07;00:06:51;250,0;391,2;27,0;22,1;23,0;463,3;21,4;0,1;7,20E-2;-541,2;20,00;3,0;3,0;38,86;0,40;0,001;1,6;4,54;0,361
413;11.08.2023;11:23:08;00:06:52;250,1;393,5;27,0;22,1;23,0;464,8;21,4;0,1;7,20E-2;-541,2;20,00;3,0;3,0;38,87;0,40;-0,001;1,6;4,52;0,362
414;11.08.2023;11:23:09;00:06:53;250,1;393,5;27,0;22,1;23,0;465,5;21,5;0,1;7,20E-2;-541,2;20,00;3,0;3,1;38,87;0,40;0,003;1,6;4,49;0,363
415;11.08.2023;11:23:10;00:06:54;250,0;395,9;27,1;22,2;23,1;467,1;21,5;0,1;7,19E-2;-541,2;20,00;3,0;3,0;38,87;0,40;0,002;1,6;4,50;0,366
416;11.08.2023;11:23:11;00:06:55;250,1;395,9;27,1;22,2;23,1;468,6;21,7;0,1;7,19E-2;-541,2;20,00;3,0;3,0;38,87;0,40;-0,002;1,6;4,49;0,366
417;11.08.2023;11:23:12;00:06:56;250,0;398,3;27,1;22,2;23,1;469,4;21,8;0,1;7,18E-2;-541,2;20,00;3,0;3,0;38,87;0,40;0,002;1,7;4,50;0,366
418;11.08.2023;11:23:13;00:06:57;250,0;398,3;27,1;22,2;23,0;470,9;21,7;0,1;7,18E-2;-541,2;20,00;3,0;3,0;38,87;0,40;-0,006;1,7;4,53;0,366
419;11.08.2023;11:23:14;00:06:58;250,1;400,7;27,2;22,3;23,1;471,6;21,7;0,1;7,17E-2;-541,2;20,00;3,0;2,9;38,87;0,40;-0,004;1,7;4,49;0,367
420;11.08.2023;11:23:15;00:06:59;250,1;400,7;27,3;22,3;23,1;473,1;21,8;0,1;7,17E-2;-541,2;20,00;3,0;3,0;38,87;0,40;-0,002;1,6;4,51;0,368
421;11.08.2023;11:23:16;00:07:00;250,1;403,0;27,3;22,3;23,1;474,8;21,8;0,1;7,16E-2;-541,2;20,00;3,0;3,1;38,87;0,40;0,000;1,7;4,54;0,367
422;11.08.2023;11:23:17;00:07:01;250,1;403,0;27,3;22,3;23,1;475,5;21,9;0,1;7,16E-2;-541,2;20,00;3,0;3,0;38,87;0,40;-0,005;1,7;4,52;0,367
423;11.08.2023;11:23:18;00:07:02;250,1;405,4;27,3;22,4;23,1;477,0;21,9;0,1;7,16E-2;-541,2;20,00;3,0;3,1;38,87;0,40;0,002;1,7;4,54;0,371
424;11.08.2023;11:23:19;00:07:03;250,0;405,3;27,3;22,3;23,0;478,5;22,1;0,1;7,16E-2;-541,2;20,00;3,0;3,0;38,87;0,40;-0,003;1,7;4,55;0,371
425;11.08.2023;11:23:20;00:07:04;250,0;405,3;27,3;22,4;23,0;479,3;22,2;0,1;7,15E-2;-541,2;20,00;3,0;3,0;38,87;0,40;0,002;1,7;4,54;0,371
426;11.08.2023;11:23:21;00:07:05;250,1;407,9;27,3;22,4;23,0;480,8;22,2;0,1;7,15E-2;-541,2;20,00;3,0;2,9;38,87;0,40;-0,003;1,7;4,53;0,371
427;11.08.2023;11:23:22;00:07:06;250,1;410,4;27,4;22,5;23,0;482,4;22,2;0,1;7,14E-2;-541,2;20,00;3,0;3,0;38,87;0,40;0,000;1,7;4,57;0,371
428;11.08.2023;11:23:23;00:07:07;250,1;410,4;27,5;22,5;23,0;483,1;22,3;0,1;7,14E-2;-541,2;20,00;3,0;3,0;38,87;0,40;-0,001;1,7;4,57;0,371
429;11.08.2023;11:23:24;00:07:08;250,0;413,0;27,5;22,5;23,1;484,6;22,3;0,1;7,14E-2;-541,2;20,00;3,0;3,0;38,87;0,40;-0,003;1,7;4,54;0,373
430;11.08.2023;11:23:25;00:07:09;250,1;413,0;27,5;22,5;23,1;485,4;22,3;0,1;7,13E-2;-541,2;20,00;3,0;3,0;38,87;0,40;0,003;1,7;4,56;0,374
431;11.08.2023;11:23:26;00:07:10;250,1;415,5;27,5;22,6;23,0;486,9;22,3;0,1;7,13E-2;-541,2;20,00;3,0;2,9;38,87;0,40;0,001;1,7;4,57;0,373
432;11.08.2023;11:23:27;00:07:11;250,0;415,5;27,6;22,6;23,0;488,4;22,5;0,1;7,12E-2;-541,2;20,00;3,0;2,9;38,87;0,40;0,002;1,7;4,54;0,375
433;11.08.2023;11:23:28;00:07:12;250,1;415,5;27,6;22,6;23,0;489,1;22,6;0,1;7,12E-2;-541,2;20,00;3,0;3,0;38,87;0,40;0,004;1,7;4,53;0,376
434;11.08.2023;11:23:29;00:07:13;250,1;417,9;27,6;22,6;23,0;490,8;22,6;0,1;7,11E-2;-541,2;20,00;3,0;2,9;38,87;0,40;0,003;1,7;4,58;0,376
435;11.08.2023;11:23:30;00:07:14;250,1;420,3;27,7;22,7;23,0;492,3;22,6;0,1;7,11E-2;-541,2;20,00;3,0;3,0;38,87;0,40;0,008;1,7;4,53;0,376
436;11.08.2023;11:23:31;00:07:15;250,1;420,3;27,7;22,7;23,0;493,0;22,7;0,1;7,10E-2;-541,2;20,00;3,0;3,1;38,87;0,40;0,008;1,7;4,56;0,376
437;11.08.2023;11:23:32;00:07:16;250,2;422,7;27,7;22,8;23,0;494,5;22,8;0,1;7,10E-2;-541,2;20,00;3,0;3,0;38,87;0,40;0,003;1,7;4,59;0,380
438;11.08.2023;11:23:33;00:07:17;250,1;422,7;27,7;22,8;23,0;496,0;22,9;0,1;7,10E-2;-541,2;20,00;3,0;2,9;38,87;0,40;0,002;1,7;4,58;0,380
439;11.08.2023;11:23:34;00:07:18;250,2;425,0;27,8;22,8;23,1;496,8;22,8;0,1;7,09E-2;-541,2;20,00;3,0;3,0;38,87;0,40;-0,001;1,7;4,59;0,380
440;11.08.2023;11:23:35;00:07:19;250,0;425,0;27,8;22,8;23,1;498,4;23,0;0,1;7,09E-2;-541,2;20,00;3,0;3,0;38,87;0,40;0,001;1,7;4,60;0,379
441;11.08.2023;11:23:36;00:07:20;250,0;427,5;27,8;22,9;23,1;499,9;23,0;0,1;7,08E-2;-541,2;20,00;3,0;3,0;38,87;0,40;0,001;1,7;4,57;0,381
442;11.08.2023;11:23:37;00:07:21;250,0;427,5;27,8;22,9;23,1;500,6;23,1;0,1;7,08E-2;-541,2;20,00;3,0;3,0;38,87;0,40;0,003;1,8;4,60;0,381
443;11.08.2023;11:23:38;00:07:22;250,0;430,0;27,9;23,0;23,1;502,1;23,0;0,1;7,07E-2;-541,2;20,00;3,0;3,0;38,87;0,40;0,001;1,8;4,59;0,382
444;11.08.2023;11:23:39;00:07:23;250,1;430,0;27,9;23,0;23,1;502,9;23,1;0,1;7,07E-2;-541,2;20,00;3,0;3,0;38,87;0,40;0,002;1,8;4,58;0,383
445;11.08.2023;11:23:40;00:07:24;250,2;430,0;28,0;23,0;23,1;504,4;23,3;0,1;7,06E-2;-541,2;20,00;3,0;3,1;38,87;0,40;0,004;1,8;4,58;0,382
446;11.08.2023;11:23:41;00:07:25;250,0;432,6;28,0;23,0;23,2;506,0;23,3;0,1;7,06E-2;-541,2;20,00;3,0;3,0;38,87;0,40;0,004;1,8;4,64;0,384
447;11.08.2023;11:23:42;00:07:26;250,3;432,6;28,0;23,0;23,2;506,8;23,4;0,1;7,06E-2;-541,2;20,00;3,0;3,0;38,87;0,40;0,005;1,8;4,56;0,386
448;11.08.2023;11:23:43;00:07:27;250,1;435,2;28,0;23,1;23,2;508,3;23,4;0,1;7,06E-2;-541,2;20,00;3,0;3,0;38,87;0,40;0,003;1,8;4,57;0,386
449;11.08.2023;11:23:44;00:07:28;250,1;437,8;28,1;23,2;23,2;509,8;23,4;0,1;7,05E-2;-541,2;20,00;3,0;3,0;38,86;0,40;0,001;1,8;4,60;0,387
450;11.08.2023;11:23:45;00:07:29;250,0;437,8;28,1;23,2;23,2;510,5;23,5;0,1;7,05E-2;-541,2;20,00;3,0;2,9;38,87;0,40;-0,003;1,8;4,59;0,385
451;11.08.2023;11:23:46;00:07:30;250,0;437,8;28,2;23,2;23,2;512,0;23,7;0,1;7,05E-2;-541,2;20,00;3,0;3,0;38,87;0,40;-0,001;1,8;4,62;0,386
452;11.08.2023;11:23:47;00:07:31;250,0;440,4;28,2;23,2;23,2;513,6;23,6;0,1;7,04E-2;-541,2;20,00;3,0;3,0;38,87;0,40;-0,002;1,8;4,61;0,388
453;11.08.2023;11:23:48;00:07:32;250,0;440,4;28,2;23,3;23,2;514,4;23,7;0,1;7,04E-2;-541,2;20,00;3,0;2,9;38,87;0,40;-0,002;1,8;4,63;0,391
454;11.08.2023;11:23:49;00:07:33;250,1;442,8;28,2;23,3;23,3;515,9;23,7;0,1;7,03E-2;-541,2;20,00;3,0;3,0;38,87;0,40;0,007;1,8;4,61;0,391
455;11.08.2023;11:23:50;00:07:34;250,1;445,1;28,3;23,4;23,3;517,4;23,7;0,1;7,03E-2;-541,2;20,00;3,0;3,0;38,87;0,40;0,008;1,8;4,64;0,390
456;11.08.2023;11:23:51;00:07:35;250,0;445,1;28,3;23,4;23,2;518,1;23,8;0,1;7,02E-2;-541,2;20,00;3,0;2,9;38,87;0,40;-0,001;1,8;4,65;0,391
457;11.08.2023;11:23:52;00:07:36;250,0;447,5;28,4;23,4;23,2;519,6;23,9;0,1;7,02E-2;-541,2;20,00;3,0;3,0;38,87;0,40;0,000;1,8;4,65;0,391
458;11.08.2023;11:23:53;00:07:37;250,0;447,5;28,4;23,4;23,2;520,5;23,9;0,1;7,02E-2;-541,2;20,00;3,0;3,0;38,87;0,40;0,002;1,8;4,66;0,391
459;11.08.2023;11:23:54;00:07:38;250,0;449,9;28,4;23,5;23,3;522,0;23,9;0,1;7,01E-2;-541,2;20,00;3,0;3,0;38,87;0,40;0,002;1,8;4,64;0,391
460;11.08.2023;11:23:55;00:07:39;250,0;449,9;28,5;23,5;23,3;523,5;24,1;0,1;7,01E-2;-541,2;20,00;3,0;3,0;38,87;0,40;0,003;1,8;4,67;0,391
461;11.08.2023;11:23:56;00:07:40;250,1;449,9;28,5;23,5;23,3;524,3;24,2;0,1;7,01E-2;-541,2;20,00;3,0;3,0;38,87;0,40;0,000;1,8;4,67;0,392
462;11.08.2023;11:23:57;00:07:41;250,0;452,3;28,5;23,5;23,2;525,8;24,2;0,1;7,01E-2;-541,2;20,00;3,0;2,9;38,87;0,40;0,001;1,8;4,69;0,392
463;11.08.2023;11:23:58;00:07:42;250,0;454,7;28,6;23,6;23,3;527,3;24,2;0,1;7,00E-2;-541,2;20,00;3,0;3,0;38,87;0,40;-0,001;1,8;4,66;0,394
464;11.08.2023;11:23:59;00:07:43;250,1;454,7;28,6;23,6;23,3;528,1;24,3;0,1;7,00E-2;-541,2;20,00;3,0;3,0;38,87;0,40;0,001;1,8;4,65;0,394
465;11.08.2023;11:24:00;00:07:44;250,1;457,2;28,6;23,7;23,3;529,6;24,4;0,1;7,00E-2;-541,2;20,00;3,0;3,0;38,87;0,40;-0,001;1,8;4,68;0,396
466;11.08.2023;11:24:01;00:07:45;250,0;457,2;28,6;23,7;23,3;531,1;24,5;0,1;6,99E-2;-541,2;20,00;3,0;2,9;38,87;0,40;0,000;1,9;4,68;0,396
467;11.08.2023;11:24:02;00:07:46;250,1;457,2;28,7;23,8;23,3;531,9;24,6;0,1;6,99E-2;-541,2;20,00;3,0;3,0;38,87;0,40;0,001;1,9;4,69;0,397
468;11.08.2023;11:24:03;00:07:47;250,0;459,8;28,7;23,8;23,3;533,4;24,5;0,1;6,98E-2;-541,2;20,00;3,0;3,0;38,87;0,40;0,007;1,9;4,70;0,398
469;11.08.2023;11:24:04;00:07:48;250,1;459,8;28,7;23,8;23,3;534,1;24,6;0,1;6,98E-2;-541,2;20,00;3,0;3,1;38,87;0,40;0,006;1,9;4,72;0,400
470;11.08.2023;11:24:05;00:07:49;250,1;462,3;28,8;23,8;23,3;535,8;24,6;0,1;6,97E-2;-541,2;20,00;3,0;3,0;38,87;0,40;0,002;1,9;4,71;0,400
471;11.08.2023;11:24:06;00:07:50;250,0;464,9;28,8;23,9;23,3;537,3;24,6;0,1;6,97E-2;-541,2;20,00;3,0;3,0;38,87;0,40;0,003;1,9;4,71;0,400
472;11.08.2023;11:24:07;00:07:51;250,3;464,9;28,8;23,9;23,3;538,0;24,7;0,1;6,97E-2;-541,2;20,00;3,0;3,0;38,87;0,40;0,000;1,9;4,68;0,400
473;11.08.2023;11:24:08;00:07:52;250,1;467,3;28,9;24,0;23,3;539,5;24,9;0,1;6,96E-2;-541,2;20,00;3,0;3,0;38,87;0,40;0,000;1,9;4,66;0,400
474;11.08.2023;11:24:09;00:07:53;250,0;467,3;28,9;24,0;23,4;541,0;24,9;0,1;6,96E-2;-541,2;20,00;3,0;3,1;38,87;0,40;0,002;1,9;4,74;0,400
475;11.08.2023;11:24:10;00:07:54;250,0;469,7;29,0;24,1;23,4;541,8;24,8;0,1;6,96E-2;-541,2;20,00;3,0;3,0;38,87;0,40;-0,004;1,9;4,70;0,400
476;11.08.2023;11:24:11;00:07:55;250,0;469,7;29,0;24,1;23,4;543,4;25,0;0,1;6,95E-2;-541,2;20,00;3,0;3,0;38,87;0,40;0,003;1,9;4,72;0,401
477;11.08.2023;11:24:12;00:07:56;250,1;472,1;29,0;24,1;23,4;544,9;25,0;0,1;6,95E-2;-541,2;20,00;3,0;3,1;38,87;0,40;-0,003;1,9;4,75;0,405
478;11.08.2023;11:24:13;00:07:57;250,2;472,1;29,0;24,1;23,4;545,6;25,1;0,1;6,95E-2;-541,2;20,00;3,0;3,0;38,87;0,40;0,002;1,9;4,75;0,404
479;11.08.2023;11:24:14;00:07:58;250,2;474,5;29,1;24,2;23,4;547,1;25,0;0,1;6,94E-2;-541,2;20,00;3,0;3,0;38,87;0,40;0,006;1,9;4,70;0,404
480;11.08.2023;11:24:15;00:07:59;250,1;474,5;29,2;24,3;23,4;548,6;25,2;0,1;6,93E-2;-541,2;20,00;3,0;3,0;38,87;0,40;0,008;1,9;4,71;0,405
481;11.08.2023;11:24:16;00:08:00;250,1;474,5;29,2;24,3;23,4;549,4;25,3;0,1;6,93E-2;-541,2;20,00;3,0;3,0;38,87;0,40;0,007;1,9;4,73;0,405
482;11.08.2023;11:24:17;00:08:01;250,1;476,9;29,2;24,3;23,4;551,0;25,3;0,1;6,92E-2;-541,1;20,00;3,0;3,0;38,87;0,40;0,009;1,9;4,72;0,407
483;11.08.2023;11:24:18;00:08:02;250,3;479,3;29,2;24,3;23,4;551,8;25,3;0,1;6,92E-2;-541,2;20,00;3,0;3,0;38,87;0,40;0,008;1,9;4,74;0,408
484;11.08.2023;11:24:19;00:08:03;250,2;479,3;29,2;24,3;23,4;553,3;25,4;0,1;6,91E-2;-541,2;20,00;3,0;2,9;38,87;0,40;0,012;1,9;4,74;0,406
485;11.08.2023;11:24:20;00:08:04;250,2;481,9;29,3;24,4;23,4;554,8;25,4;0,1;6,91E-2;-541,2;20,00;3,0;3,0;38,87;0,40;0,016;1,9;4,77;0,410
486;11.08.2023;11:24:21;00:08:05;250,1;481,9;29,3;24,4;23,4;555,5;25,5;0,1;6,91E-2;-541,2;20,00;3,0;3,0;38,87;0,40;0,012;2,0;4,79;0,410
487;11.08.2023;11:24:22;00:08:06;250,2;481,9;29,4;24,4;23,4;557,0;25,7;0,1;6,90E-2;-541,2;20,00;3,0;2,9;38,87;0,40;0,015;2,0;4,75;0,410
488;11.08.2023;11:24:23;00:08:07;250,0;484,5;29,4;24,5;23,4;558,6;25,7;0,1;6,90E-2;-541,2;20,00;3,0;2,9;38,87;0,40;0,019;1,9;4,73;0,410
489;11.08.2023;11:24:24;00:08:08;250,1;484,5;29,4;24,6;23,4;559,4;25,8;0,1;6,89E-2;-541,2;20,00;3,0;3,0;38,87;0,40;0,016;2,0;4,77;0,410
490;11.08.2023;11:24:25;00:08:09;250,1;487,2;29,4;24,6;23,3;560,9;25,7;0,1;6,89E-2;-541,2;20,00;3,0;3,0;38,87;0,40;0,016;2,0;4,80;0,410
491;11.08.2023;11:24:26;00:08:10;250,0;487,2;29,5;24,7;23,3;562,4;25,9;0,1;6,88E-2;-541,2;20,00;3,0;2,9;38,87;0,41;0,009;2,0;4,78;0,412
492;11.08.2023;11:24:27;00:08:11;250,0;489,9;29,5;24,7;23,4;563,1;25,8;0,1;6,88E-2;-541,2;20,00;3,0;3,0;38,87;0,40;0,016;2,0;4,79;0,413
493;11.08.2023;11:24:28;00:08:12;250,1;492,3;29,6;24,7;23,4;564,6;25,9;0,1;6,87E-2;-541,2;20,00;3,0;3,0;38,87;0,41;0,014;2,0;4,76;0,412
494;11.08.2023;11:24:29;00:08:13;250,0;492,3;29,6;24,7;23,4;566,3;26,0;0,1;6,86E-2;-541,2;20,00;3,0;2,9;38,87;0,41;0,016;2,0;4,75;0,411
495;11.08.2023;11:24:30;00:08:14;250,0;494,7;29,6;24,8;23,4;567,0;25,9;0,1;6,86E-2;-541,2;20,00;3,0;3,0;38,87;0,40;0,022;2,0;4,81;0,414
496;11.08.2023;11:24:31;00:08:15;250,0;494,7;29,6;24,8;23,5;568,5;26,1;0,1;6,86E-2;-541,2;20,00;3,0;3,1;38,87;0,41;0,026;2,0;4,78;0,414
497;11.08.2023;11:24:32;00:08:16;250,0;494,7;29,7;24,8;23,5;569,3;26,2;0,1;6,86E-2;-541,2;20,00;3,0;3,1;38,87;0,40;0,031;2,0;4,74;0,414
498;11.08.2023;11:24:33;00:08:17;250,1;497,1;29,7;24,9;23,5;570,8;26,2;0,1;6,85E-2;-541,2;20,00;3,0;3,0;38,87;0,41;0,030;2,0;4,81;0,415
499;11.08.2023;11:24:34;00:08:18;250,1;499,5;29,8;25,0;23,5;572,3;26,1;0,1;6,85E-2;-541,2;20,00;3,0;3,0;38,88;0,41;0,029;2,0;4,80;0,415
500;11.08.2023;11:24:35;00:08:19;250,0;499,5;29,8;25,0;23,5;573,0;26,2;0,1;6,84E-2;-541,2;20,00;3,0;3,0;38,87;0,41;0,035;2,0;4,80;0,415
501;11.08.2023;11:24:36;00:08:20;250,1;501,9;29,8;25,0;23,6;574,6;26,3;0,1;6,83E-2;-541,2;20,00;3,0;3,0;38,87;0,41;0,043;2,0;4,81;0,419
502;11.08.2023;11:24:37;00:08:21;250,0;501,9;29,8;25,0;23,6;576,1;26,4;0,1;6,83E-2;-541,2;20,00;3,0;3,0;38,88;0,41;0,047;2,0;4,78;0,419
503;11.08.2023;11:24:38;00:08:22;250,1;504,3;29,9;25,1;23,5;576,9;26,4;0,1;6,82E-2;-541,2;20,00;3,0;3,0;38,88;0,41;0,052;2,0;4,81;0,416
504;11.08.2023;11:24:39;00:08:23;250,0;504,3;30,0;25,1;23,5;578,4;26,5;0,1;6,82E-2;-541,2;20,00;3,0;3,0;38,88;0,41;0,069;2,0;4,81;0,417
505;11.08.2023;11:24:40;00:08:24;250,0;507,0;30,1;25,3;23,6;579,9;26,5;0,1;6,81E-2;-541,2;20,00;3,0;3,0;38,89;0,42;0,081;2,0;4,80;0,420
506;11.08.2023;11:24:41;00:08:25;250,0;507,0;30,1;25,3;23,6;580,6;26,6;0,1;6,81E-2;-541,2;20,00;3,0;2,9;38,89;0,42;0,094;2,0;4,83;0,420
507;11.08.2023;11:24:42;00:08:26;250,1;507,0;30,2;25,3;23,6;582,3;26,8;0,1;6,81E-2;-541,2;20,00;3,0;3,0;38,89;0,42;0,139;2,0;4,81;0,420
508;11.08.2023;11:24:43;00:08:27;250,1;509,5;30,2;25,4;23,7;583,0;26,7;0,1;6,81E-2;-541,2;20,00;3,0;3,0;38,90;0,43;0,153;2,0;4,85;0,421
509;11.08.2023;11:24:44;00:08:28;250,0;509,5;30,2;25,5;23,7;584,5;26,9;0,1;6,80E-2;-541,2;20,00;3,0;3,0;38,90;0,43;0,186;2,0;4,84;0,424
510;11.08.2023;11:24:45;00:08:29;250,1;512,1;30,2;25,5;23,7;586,0;26,8;0,1;6,79E-2;-541,2;20,00;3,0;3,0;38,91;0,44;0,209;2,0;4,84;0,421
511;11.08.2023;11:24:46;00:08:30;250,0;512,1;30,3;25,6;23,7;586,8;26,9;0,1;6,79E-2;-541,2;20,00;3,0;3,0;38,91;0,44;0,227;2,1;4,84;0,425
512;11.08.2023;11:24:47;00:08:31;250,0;514,6;30,3;25,6;23,8;588,3;26,9;0,1;6,78E-2;-541,2;20,00;3,0;3,0;38,92;0,45;0,259;2,0;4,84;0,425
513;11.08.2023;11:24:48;00:08:32;250,1;516,9;30,4;25,7;23,8;589,9;27,0;0,1;6,77E-2;-541,2;20,00;3,0;2,9;38,92;0,46;0,277;2,1;4,85;0,425
514;11.08.2023;11:24:49;00:08:33;250,2;516,9;30,4;25,7;23,8;590,6;27,0;0,1;6,77E-2;-541,2;20,00;3,0;3,0;38,93;0,46;0,283;2,1;4,84;0,425
515;11.08.2023;11:24:50;00:08:34;250,0;519,3;30,5;25,8;23,8;592,1;27,0;0,1;6,76E-2;-541,2;20,00;3,0;3,0;38,92;0,46;0,269;2,0;4,86;0,425
516;11.08.2023;11:24:51;00:08:35;250,0;519,3;30,5;25,8;23,8;593,6;27,2;0,1;6,76E-2;-541,2;20,00;3,0;3,0;38,94;0,47;0,264;2,1;4,88;0,429
517;11.08.2023;11:24:52;00:08:36;250,3;519,3;30,5;25,8;23,8;594,4;27,3;0,1;6,76E-2;-541,2;20,00;3,0;3,1;38,94;0,47;0,271;2,1;4,84;0,430
518;11.08.2023;11:24:53;00:08:37;250,0;521,6;30,5;25,8;23,8;595,9;27,3;0,1;6,75E-2;-541,2;20,00;3,0;3,0;38,95;0,48;0,280;2,1;4,86;0,430
519;11.08.2023;11:24:54;00:08:38;250,0;524,0;30,6;25,9;23,8;597,5;27,3;0,1;6,74E-2;-541,2;20,00;3,0;3,0;38,95;0,48;0,278;2,1;4,86;0,429
520;11.08.2023;11:24:55;00:08:39;250,2;524,0;30,6;25,9;23,8;598,3;27,4;0,1;6,74E-2;-541,2;20,00;3,0;3,1;38,95;0,49;0,286;2,1;4,82;0,430
521;11.08.2023;11:24:56;00:08:40;250,3;526,3;30,7;26,0;23,8;599,8;27,5;0,1;6,73E-2;-541,2;20,00;3,0;3,0;38,96;0,49;0,295;2,1;4,83;0,430
522;11.08.2023;11:24:57;00:08:41;250,2;526,3;30,7;26,0;23,8;600,5;27,5;0,1;6,72E-2;-541,2;20,00;3,0;3,0;38,96;0,50;0,299;2,1;4,85;0,430
523;11.08.2023;11:24:58;00:08:42;250,1;528,6;30,7;26,1;23,8;602,0;27,5;0,1;6,72E-2;-541,2;20,00;3,0;3,0;38,97;0,50;0,295;2,1;4,86;0,432
524;11.08.2023;11:24:59;00:08:43;250,1;528,6;30,7;26,0;23,8;603,5;27,7;0,1;6,71E-2;-541,2;20,00;3,0;3,0;38,98;0,51;0,298;2,1;4,88;0,431
525;11.08.2023;11:25:00;00:08:44;250,0;528,6;30,7;26,0;23,8;604,4;27,8;0,1;6,71E-2;-541,2;20,00;3,0;3,0;38,98;0,51;0,307;2,1;4,86;0,432
526;11.08.2023;11:25:01;00:08:45;250,1;531,1;30,7;26,1;23,8;605,9;27,8;0,1;6,70E-2;-541,2;20,00;3,0;3,0;38,99;0,52;0,309;2,1;4,91;0,435
527;11.08.2023;11:25:02;00:08:46;250,1;531,1;30,8;26,2;23,8;607,4;28,0;0,1;6,70E-2;-541,2;20,00;3,0;3,0;38,99;0,52;0,312;2,1;4,87;0,435
528;11.08.2023;11:25:03;00:08:47;250,0;533,6;30,8;26,2;23,8;608,1;27,9;0,1;6,69E-2;-541,2;20,00;3,0;3,0;39,00;0,53;0,312;2,1;4,92;0,435
529;11.08.2023;11:25:04;00:08:48;250,3;536,1;30,9;26,3;23,8;609,6;28,1;0,1;6,68E-2;-541,2;20,00;3,0;3,0;39,00;0,53;0,319;2,1;4,90;0,435
530;11.08.2023;11:25:05;00:08:49;250,2;536,1;30,9;26,3;23,8;611,1;28,0;0,1;6,67E-2;-541,2;20,00;3,0;3,0;39,01;0,54;0,329;2,1;4,91;0,436
531;11.08.2023;11:25:06;00:08:50;250,0;538,7;31,0;26,4;23,8;612,0;28,0;0,1;6,67E-2;-541,2;20,00;3,0;3,0;39,02;0,55;0,337;2,1;4,90;0,436
532;11.08.2023;11:25:07;00:08:51;250,2;538,7;31,0;26,4;23,8;613,5;28,1;0,1;6,67E-2;-541,2;20,00;3,0;3,0;39,02;0,55;0,345;2,1;4,88;0,437
533;11.08.2023;11:25:08;00:08:52;250,1;538,7;31,0;26,4;23,8;614,3;28,2;0,1;6,66E-2;-541,2;20,00;3,0;3,0;39,03;0,56;0,350;2,2;4,95;0,440
534;11.08.2023;11:25:09;00:08:53;250,1;541,1;31,0;26,5;23,8;615,8;28,2;0,1;6,66E-2;-541,2;20,00;3,0;2,9;39,03;0,57;0,353;2,2;4,91;0,440
535;11.08.2023;11:25:10;00:08:54;250,1;541,1;31,1;26,6;23,8;617,3;28,4;0,1;6,65E-2;-541,2;20,00;3,0;3,0;39,04;0,57;0,373;2,1;4,88;0,440
536;11.08.2023;11:25:11;00:08:55;250,1;543,6;31,1;26,6;23,9;618,0;28,3;0,1;6,65E-2;-541,2;20,00;3,0;3,0;39,05;0,58;0,385;2,2;4,91;0,440
537;11.08.2023;11:25:12;00:08:56;250,0;546,0;31,2;26,7;23,9;619,6;28,5;0,1;6,64E-2;-541,2;20,00;3,0;2,9;39,05;0,59;0,396;2,1;4,91;0,441
538;11.08.2023;11:25:13;00:08:57;250,0;546,0;31,2;26,7;23,9;621,1;28,5;0,1;6,63E-2;-541,2;20,00;3,0;3,0;39,07;0,59;0,403;2,2;4,96;0,441
539;11.08.2023;11:25:14;00:08:58;250,0;548,2;31,3;26,8;23,9;621,9;28,5;0,1;6,63E-2;-541,2;20,00;3,0;3,0;39,07;0,60;0,409;2,2;4,92;0,442
540;11.08.2023;11:25:15;00:08:59;250,0;548,2;31,3;26,8;23,9;623,4;28,6;0,1;6,62E-2;-541,2;20,00;3,0;3,0;39,08;0,61;0,433;2,2;4,92;0,444
541;11.08.2023;11:25:16;00:09:00;250,1;549,8;31,3;26,8;23,9;624,9;28,7;0,1;6,62E-2;-541,2;20,00;3,0;3,0;39,09;0,62;0,451;2,2;4,94;0,444
542;11.08.2023;11:25:17;00:09:01;250,1;549,8;31,3;26,8;23,9;625,6;28,8;0,1;6,61E-2;-541,2;20,00;3,0;3,0;39,09;0,62;0,447;2,2;4,90;0,444
543;11.08.2023;11:25:18;00:09:02;250,1;551,0;31,4;26,9;23,9;627,3;28,9;0,1;6,61E-2;-541,2;20,00;3,0;3,0;39,11;0,63;0,447;2,2;4,95;0,447
544;11.08.2023;11:25:19;00:09:03;250,0;550,9;31,4;26,9;23,9;628,8;29,1;0,1;6,60E-2;-541,2;20,00;3,0;3,0;39,11;0,64;0,456;2,2;4,95;0,449
545;11.08.2023;11:25:20;00:09:04;250,0;550,9;31,5;27,0;23,9;629,5;29,2;0,1;6,60E-2;-541,2;20,00;3,0;3,1;39,12;0,65;0,455;2,2;4,99;0,449
546;11.08.2023;11:25:21;00:09:05;250,1;552,2;31,5;27,0;23,9;631,0;29,3;0,1;6,59E-2;-541,2;20,00;3,0;3,0;39,13;0,66;0,456;2,2;4,95;0,449
547;11.08.2023;11:25:22;00:09:06;250,0;552,2;31,6;27,0;23,9;631,8;29,4;0,1;6,59E-2;-541,2;20,00;3,0;3,0;39,13;0,66;0,461;2,2;4,96;0,451
548;11.08.2023;11:25:23;00:09:07;250,1;553,6;31,6;27,1;24,0;633,3;29,5;0,1;6,58E-2;-541,2;20,00;3,0;3,0;39,14;0,67;0,470;2,2;4,96;0,452
549;11.08.2023;11:25:24;00:09:08;250,0;555,6;31,6;27,2;24,0;634,9;29,5;0,1;6,57E-2;-541,2;20,00;3,0;3,0;39,15;0,68;0,485;2,3;5,00;0,454
550;11.08.2023;11:25:25;00:09:09;250,2;555,6;31,6;27,2;24,0;635,6;29,6;0,1;6,57E-2;-541,2;20,00;3,0;3,0;39,16;0,69;0,487;2,3;5,01;0,454
551;11.08.2023;11:25:26;00:09:10;250,0;555,6;31,7;27,2;24,0;637,1;29,8;0,1;6,57E-2;-541,2;20,00;3,0;3,0;39,17;0,70;0,491;2,3;4,97;0,454
552;11.08.2023;11:25:27;00:09:11;250,1;557,9;31,7;27,3;24,0;638,6;29,8;0,1;6,56E-2;-541,2;20,00;3,0;3,0;39,18;0,71;0,507;2,3;5,00;0,458
553;11.08.2023;11:25:28;00:09:12;250,0;557,9;31,8;27,3;24,0;639,4;29,9;0,1;6,56E-2;-541,2;20,00;3,0;3,0;39,18;0,72;0,516;2,3;5,01;0,458
554;11.08.2023;11:25:29;00:09:13;250,1;560,3;31,8;27,4;24,0;640,9;29,9;0,1;6,55E-2;-541,2;20,00;3,0;3,1;39,20;0,73;0,526;2,3;5,02;0,458
555;11.08.2023;11:25:30;00:09:14;250,2;560,3;31,9;27,5;24,0;642,5;30,1;0,1;6,54E-2;-541,2;20,00;3,0;3,0;39,21;0,74;0,555;2,3;4,99;0,459
556;11.08.2023;11:25:31;00:09:15;250,1;562,8;31,9;27,5;24,1;643,3;30,0;0,1;6,54E-2;-541,2;20,00;3,0;3,0;39,21;0,75;0,556;2,3;5,02;0,461
557;11.08.2023;11:25:32;00:09:16;250,2;565,3;31,9;27,6;24,1;644,8;30,1;0,1;6,54E-2;-541,2;20,00;3,0;3,0;39,23;0,76;0,560;2,3;5,03;0,459
558;11.08.2023;11:25:33;00:09:17;250,1;565,3;31,9;27,6;24,1;646,3;30,2;0,1;6,53E-2;-541,2;20,00;3,0;3,0;39,24;0,77;0,579;2,3;5,01;0,459
559;11.08.2023;11:25:34;00:09:18;250,0;567,7;32,0;27,7;24,1;647,0;30,1;0,1;6,53E-2;-541,2;20,00;3,0;3,0;39,25;0,77;0,581;2,3;5,01;0,460
560;11.08.2023;11:25:35;00:09:19;250,0;567,7;32,1;27,7;24,1;648,5;30,3;0,1;6,52E-2;-541,2;20,00;3,0;3,1;39,26;0,79;0,600;2,3;5,01;0,460
561;11.08.2023;11:25:36;00:09:20;250,0;567,7;32,1;27,7;24,1;649,3;30,4;0,1;6,52E-2;-541,2;20,00;3,0;3,0;39,27;0,80;0,612;2,3;5,02;0,462
562;11.08.2023;11:25:37;00:09:21;250,0;570,1;32,1;27,8;24,1;650,9;30,4;0,1;6,52E-2;-541,2;20,00;3,0;2,9;39,28;0,81;0,623;2,3;5,04;0,463
563;11.08.2023;11:25:38;00:09:22;250,2;572,6;32,2;27,9;24,1;652,4;30,4;0,1;6,51E-2;-541,2;20,00;3,0;3,0;39,29;0,82;0,640;2,3;5,03;0,464
564;11.08.2023;11:25:39;00:09:23;250,3;572,6;32,2;27,9;24,1;653,1;30,5;0,1;6,51E-2;-541,2;20,00;3,0;3,0;39,30;0,83;0,637;2,3;5,04;0,466
565;11.08.2023;11:25:40;00:09:24;250,0;572,6;32,3;28,0;24,2;654,6;30,7;0,1;6,51E-2;-541,2;20,00;3,0;3,0;39,31;0,84;0,677;2,4;5,05;0,466
566;11.08.2023;11:25:41;00:09:25;250,0;575,2;32,3;28,0;24,2;656,1;30,7;0,1;6,50E-2;-541,2;20,00;3,0;3,0;39,33;0,86;0,685;2,4;5,05;0,465
567;11.08.2023;11:25:42;00:09:26;250,1;575,2;32,4;28,0;24,2;656,9;30,8;0,1;6,50E-2;-541,2;20,00;3,0;3,0;39,34;0,87;0,685;2,4;5,04;0,469
568;11.08.2023;11:25:43;00:09:27;250,1;577,9;32,4;28,1;24,2;658,5;30,7;0,1;6,50E-2;-541,2;20,00;3,0;3,0;39,35;0,88;0,695;2,4;5,08;0,469
569;11.08.2023;11:25:44;00:09:28;250,1;580,6;32,5;28,2;24,2;660,0;30,8;0,1;6,49E-2;-541,2;20,00;3,0;2,9;39,37;0,90;0,715;2,4;5,05;0,469
570;11.08.2023;11:25:45;00:09:29;250,0;580,6;32,5;28,2;24,2;660,8;30,8;0,1;6,49E-2;-541,2;20,00;3,0;3,0;39,37;0,90;0,722;2,4;5,08;0,469
571;11.08.2023;11:25:46;00:09:30;250,2;580,6;32,6;28,3;24,2;662,3;31,0;0,1;6,48E-2;-541,2;20,00;3,0;3,0;39,39;0,92;0,723;2,4;5,08;0,470
572;11.08.2023;11:25:47;00:09:31;250,1;583,3;32,6;28,3;24,2;663,0;30,9;0,1;6,48E-2;-541,2;20,00;3,0;3,1;39,40;0,93;0,723;2,4;5,07;0,469
573;11.08.2023;11:25:48;00:09:32;250,0;583,3;32,7;28,3;24,2;664,5;31,1;0,1;6,48E-2;-541,2;20,00;3,0;3,0;39,41;0,94;0,744;2,4;5,08;0,469
574;11.08.2023;11:25:49;00:09:33;250,2;585,9;32,7;28,4;24,2;666,1;31,1;0,1;6,48E-2;-541,2;20,00;3,0;3,0;39,43;0,96;0,749;2,4;5,04;0,469
575;11.08.2023;11:25:50;00:09:34;250,1;588,5;32,7;28,5;24,2;666,9;31,1;0,1;6,47E-2;-541,2;20,00;3,0;3,0;39,44;0,97;0,758;2,4;5,09;0,471
576;11.08.2023;11:25:51;00:09:35;250,1;588,5;32,7;28,5;24,2;668,4;31,2;0,1;6,47E-2;-541,2;20,00;3,0;3,0;39,45;0,98;0,779;2,4;5,08;0,470
577;11.08.2023;11:25:52;00:09:36;250,3;591,1;32,8;28,6;24,3;669,9;31,2;0,1;6,47E-2;-541,2;20,00;3,0;3,0;39,47;1,00;0,808;2,4;5,09;0,474
578;11.08.2023;11:25:53;00:09:37;250,1;591,1;32,8;28,6;24,3;670,6;31,2;0,1;6,47E-2;-541,2;20,00;3,0;3,0;39,48;1,01;0,824;2,4;5,08;0,474
579;11.08.2023;11:25:54;00:09:38;250,1;591,1;32,9;28,8;24,3;672,1;31,4;0,1;6,47E-2;-541,2;20,00;3,0;3,0;39,49;1,03;0,826;2,4;5,10;0,474
580;11.08.2023;11:25:55;00:09:39;250,0;593,7;32,9;28,8;24,3;673,8;31,4;0,1;6,46E-2;-541,2;20,00;3,0;3,0;39,51;1,05;0,824;2,4;5,11;0,475
581;11.08.2023;11:25:56;00:09:40;250,0;593,7;33,0;28,8;24,3;674,5;31,5;0,1;6,46E-2;-541,2;20,00;3,0;3,0;39,52;1,05;0,838;2,4;5,08;0,477
582;11.08.2023;11:25:57;00:09:41;250,1;596,4;33,0;28,9;24,3;676,0;31,5;0,1;6,46E-2;-541,2;20,00;3,0;3,0;39,54;1,07;0,855;2,4;5,10;0,475
583;11.08.2023;11:25:58;00:09:42;250,0;596,4;33,1;29,0;24,3;677,5;31,7;0,1;6,46E-2;-541,2;20,00;3,0;3,0;39,56;1,09;0,878;2,4;5,11;0,478
584;11.08.2023;11:25:59;00:09:43;250,0;599,0;33,1;29,0;24,3;678,3;31,6;0,1;6,46E-2;-541,2;20,00;3,0;3,0;39,57;1,10;0,900;2,4;5,10;0,479
585;11.08.2023;11:26:00;00:09:44;250,0;599,0;33,1;29,0;24,2;679,8;31,8;0,1;6,45E-2;-541,2;20,00;3,1;3,1;39,60;1,12;0,951;2,5;5,13;0,479
586;11.08.2023;11:26:01;00:09:45;250,0;599,0;33,1;29,0;24,2;680,6;31,9;0,1;6,45E-2;-541,2;20,00;3,1;3,0;39,61;1,14;0,970;2,5;5,14;0,480
587;11.08.2023;11:26:02;00:09:46;250,0;601,8;33,1;29,0;24,3;682,1;31,8;0,1;6,45E-2;-541,2;20,00;3,1;3,0;39,63;1,16;1,021;2,4;5,08;0,480
588;11.08.2023;11:26:03;00:09:47;250,1;604,5;33,2;29,1;24,3;683,6;31,8;0,1;6,45E-2;-541,2;20,00;3,1;3,1;39,66;1,18;1,081;2,5;5,13;0,481
589;11.08.2023;11:26:04;00:09:48;250,0;604,5;33,2;29,1;24,3;684,4;31,9;0,1;6,45E-2;-541,2;20,00;3,1;3,1;39,67;1,20;1,085;2,5;5,13;0,482
590;11.08.2023;11:26:05;00:09:49;250,0;607,3;33,3;29,2;24,3;685,9;32,0;0,1;6,44E-2;-541,2;20,00;3,1;3,1;39,69;1,22;1,135;2,5;5,11;0,484
591;11.08.2023;11:26:06;00:09:50;250,1;607,3;33,4;29,2;24,3;687,5;32,1;0,1;6,44E-2;-541,2;20,00;3,1;3,1;39,72;1,25;1,186;2,5;5,10;0,484
592;11.08.2023;11:26:07;00:09:51;250,0;610,0;33,4;29,4;24,3;688,3;32,0;0,1;6,44E-2;-541,2;20,00;3,2;3,1;39,73;1,27;1,200;2,5;5,14;0,484
593;11.08.2023;11:26:08;00:09:52;250,1;612,6;33,5;29,5;24,3;689,8;32,1;0,1;6,44E-2;-541,2;20,00;3,2;3,2;39,76;1,29;1,249;2,5;5,15;0,485
594;11.08.2023;11:26:09;00:09:53;250,1;612,6;33,5;29,5;24,3;691,3;32,1;0,1;6,44E-2;-541,2;20,00;3,2;3,1;39,79;1,31;1,266;2,5;5,17;0,484
595;11.08.2023;11:26:10;00:09:54;250,1;612,6;33,5;29,5;24,3;692,0;32,2;0,1;6,43E-2;-541,2;20,00;3,2;3,2;39,80;1,33;1,273;2,5;5,13;0,485
596;11.08.2023;11:26:11;00:09:55;250,0;615,1;33,5;29,6;24,3;693,5;32,2;0,1;6,43E-2;-541,2;20,00;3,2;3,2;39,82;1,36;1,287;2,5;5,16;0,488
597;11.08.2023;11:26:12;00:09:56;250,2;617,7;33,6;29,7;24,3;695,1;32,2;0,1;6,43E-2;-541,2;20,00;3,2;3,2;39,85;1,39;1,328;2,5;5,13;0,488
598;11.08.2023;11:26:13;00:09:57;250,1;617,7;33,6;29,7;24,3;695,9;32,3;0,1;6,43E-2;-541,2;20,00;3,3;3,3;39,87;1,40;1,350;2,5;5,15;0,488
599;11.08.2023;11:26:14;00:09:58;250,1;617,7;33,7;29,8;24,3;697,4;32,5;0,1;6,43E-2;-541,2;20,00;3,3;3,2;39,90;1,43;1,379;2,5;5,16;0,489
600;11.08.2023;11:26:15;00:09:59;250,1;620,2;33,7;29,8;24,4;698,1;32,4;0,1;6,43E-2;-541,2;20,00;3,3;3,3;39,91;1,44;1,393;2,5;5,18;0,491
601;11.08.2023;11:26:16;00:10:00;250,1;620,2;33,8;29,9;24,4;699,6;32,6;0,1;6,43E-2;-541,2;20,00;3,3;3,3;39,94;1,48;1,411;2,5;5,13;0,488
602;11.08.2023;11:26:17;00:10:01;250,1;622,7;33,8;29,9;24,4;701,1;32,6;0,1;6,42E-2;-541,2;20,00;3,3;3,3;39,98;1,51;1,437;2,5;5,12;0,491
603;11.08.2023;11:26:18;00:10:02;250,1;625,3;33,9;30,0;24,4;701,9;32,5;0,1;6,42E-2;-541,2;20,00;3,3;3,4;39,99;1,52;1,454;2,6;5,18;0,493
604;11.08.2023;11:26:19;00:10:03;250,2;625,3;33,9;30,0;24,4;703,5;32,7;0,1;6,42E-2;-541,2;20,00;3,3;3,4;40,02;1,56;1,485;2,5;5,14;0,493
605;11.08.2023;11:26:20;00:10:04;250,3;625,3;34,0;30,2;24,4;705,0;32,9;0,1;6,42E-2;-541,2;20,00;3,4;3,3;40,06;1,59;1,507;2,5;5,17;0,495
606;11.08.2023;11:26:21;00:10:05;250,1;628,0;34,0;30,2;24,4;705,8;33,0;0,1;6,42E-2;-541,2;20,00;3,4;3,3;40,07;1,60;1,513;2,6;5,15;0,498
607;11.08.2023;11:26:22;00:10:06;250,0;628,0;34,0;30,2;24,4;707,3;32,9;0,1;6,42E-2;-541,2;20,00;3,4;3,4;40,11;1,63;1,527;2,6;5,15;0,498
608;11.08.2023;11:26:23;00:10:07;250,3;630,7;34,1;30,3;24,4;708,8;32,9;0,1;6,42E-2;-541,2;20,00;3,4;3,4;40,14;1,66;1,552;2,6;5,16;0,497
609;11.08.2023;11:26:24;00:10:08;250,2;630,7;34,2;30,3;24,4;709,5;33,0;0,1;6,42E-2;-541,2;20,00;3,4;3,4;40,15;1,68;1,561;2,6;5,18;0,498
610;11.08.2023;11:26:25;00:10:09;250,0;633,4;34,2;30,4;24,4;711,1;33,0;0,1;6,42E-2;-541,2;20,00;3,4;3,4;40,19;1,72;1,570;2,6;5,15;0,498
611;11.08.2023;11:26:26;00:10:10;250,1;633,4;34,2;30,4;24,4;711,9;33,1;0,1;6,42E-2;-541,2;20,00;3,4;3,4;40,20;1,73;1,582;2,6;5,20;0,498
612;11.08.2023;11:26:27;00:10:11;250,1;636,1;34,2;30,5;24,4;713,4;33,0;0,1;6,42E-2;-541,2;20,00;3,5;3,5;40,24;1,77;1,629;2,6;5,20;0,501
613;11.08.2023;11:26:28;00:10:12;250,0;638,6;34,3;30,6;24,5;714,9;33,1;0,1;6,42E-2;-541,2;20,00;3,5;3,5;40,27;1,80;1,634;2,6;5,20;0,501
614;11.08.2023;11:26:29;00:10:13;250,1;638,6;34,3;30,6;24,5;715,6;33,1;0,1;6,42E-2;-541,2;20,00;3,5;3,4;40,29;1,81;1,641;2,6;5,17;0,501
615;11.08.2023;11:26:30;00:10:14;250,2;638,6;34,4;30,7;24,5;717,1;33,3;0,1;6,42E-2;-541,2;20,00;3,5;3,5;40,32;1,85;1,683;2,6;5,20;0,502
616;11.08.2023;11:26:31;00:10:15;250,0;641,2;34,4;30,7;24,5;718,8;33,3;0,1;6,42E-2;-541,2;20,00;3,5;3,5;40,36;1,89;1,683;2,6;5,22;0,503
617;11.08.2023;11:26:32;00:10:16;250,1;641,2;34,5;30,7;24,5;719,5;33,4;0,1;6,42E-2;-541,2;20,00;3,5;3,5;40,38;1,90;1,685;2,6;5,19;0,503
618;11.08.2023;11:26:33;00:10:17;250,0;643,7;34,5;30,9;24,5;721,0;33,4;0,1;6,42E-2;-541,2;20,00;3,6;3,5;40,41;1,94;1,691;2,6;5,20;0,503
619;11.08.2023;11:26:34;00:10:18;250,1;643,7;34,6;31,0;24,5;722,5;33,6;0,1;6,42E-2;-541,2;20,00;3,6;3,6;40,45;1,98;1,724;2,6;5,20;0,508
620;11.08.2023;11:26:35;00:10:19;250,2;646,2;34,6;31,0;24,5;723,3;33,5;0,1;6,42E-2;-541,2;20,00;3,6;3,5;40,47;2,00;1,732;2,7;5,21;0,508
621;11.08.2023;11:26:36;00:10:20;250,2;648,7;34,7;31,1;24,5;724,8;33,7;0,1;6,42E-2;-541,2;20,00;3,6;3,6;40,50;2,03;1,747;2,6;5,22;0,508
622;11.08.2023;11:26:37;00:10:21;250,0;648,7;34,7;31,1;24,6;726,4;33,7;0,1;6,42E-2;-541,2;20,00;3,6;3,6;40,54;2,07;1,756;2,6;5,22;0,508
623;11.08.2023;11:26:38;00:10:22;250,0;651,2;34,8;31,2;24,6;727,1;33,6;0,1;6,42E-2;-541,2;20,00;3,6;3,6;40,56;2,09;1,753;2,7;5,21;0,509
624;11.08.2023;11:26:39;00:10:23;250,2;651,2;34,8;31,2;24,6;728,6;33,7;0,1;6,42E-2;-541,2;20,00;3,6;3,6;40,60;2,12;1,771;2,7;5,20;0,509
625;11.08.2023;11:26:40;00:10:24;250,2;651,2;34,8;31,2;24,6;729,4;33,8;0,1;6,42E-2;-541,2;20,00;3,7;3,6;40,61;2,14;1,779;2,7;5,25;0,512
626;11.08.2023;11:26:41;00:10:25;250,1;654,1;34,9;31,4;24,6;730,9;34,0;0,1;6,42E-2;-541,2;20,00;3,7;3,6;40,65;2,18;1,801;2,7;5,22;0,512
627;11.08.2023;11:26:42;00:10:26;250,1;654,1;34,9;31,4;24,6;732,4;34,0;0,1;6,42E-2;-541,2;20,00;3,7;3,7;40,69;2,21;1,818;2,7;5,20;0,513
628;11.08.2023;11:26:43;00:10:27;250,2;656,9;35,0;31,5;24,7;733,3;33,9;0,1;6,42E-2;-541,2;20,00;3,7;3,7;40,71;2,24;1,812;2,7;5,26;0,513
629;11.08.2023;11:26:44;00:10:28;250,0;656,9;35,1;31,7;24,7;734,8;34,1;0,1;6,42E-2;-541,2;20,00;3,7;3,7;40,75;2,28;1,850;2,7;5,22;0,513
630;11.08.2023;11:26:45;00:10:29;250,1;659,7;35,1;31,7;24,7;736,3;34,0;0,1;6,42E-2;-541,2;20,00;3,7;3,7;40,78;2,31;1,861;2,7;5,21;0,515
631;11.08.2023;11:26:46;00:10:30;250,0;659,7;35,1;31,7;24,7;737,0;34,1;0,1;6,42E-2;-541,2;20,00;3,7;3,7;40,80;2,33;1,853;2,7;5,23;0,516
632;11.08.2023;11:26:47;00:10:31;250,0;662,6;35,2;31,8;24,7;738,5;34,1;0,1;6,42E-2;-541,2;20,00;3,8;3,7;40,84;2,37;1,881;2,7;5,22;0,517
633;11.08.2023;11:26:48;00:10:32;250,1;662,6;35,3;31,9;24,7;740,0;34,3;0,1;6,42E-2;-541,2;20,00;3,8;3,7;40,88;2,41;1,900;2,7;5,25;0,515
634;11.08.2023;11:26:49;00:10:33;250,1;665,1;35,3;31,9;24,7;740,9;34,4;0,1;6,42E-2;-541,2;20,00;3,8;3,8;40,91;2,43;1,907;2,7;5,23;0,518
635;11.08.2023;11:26:50;00:10:34;250,0;665,1;35,3;31,9;24,7;742,4;34,4;0,1;6,42E-2;-541,2;20,00;3,8;3,8;40,95;2,48;1,936;2,7;5,26;0,518
636;11.08.2023;11:26:51;00:10:35;250,0;667,6;35,4;32,0;24,7;743,9;34,3;0,1;6,42E-2;-541,2;20,00;3,8;3,9;40,99;2,52;1,969;2,7;5,25;0,518
637;11.08.2023;11:26:52;00:10:36;250,0;667,6;35,4;32,0;24,7;744,6;34,4;0,1;6,42E-2;-541,1;20,00;3,8;3,8;41,00;2,54;1,985;2,7;5,24;0,518
638;11.08.2023;11:26:53;00:10:37;250,0;670,1;35,4;32,2;24,7;746,1;34,4;0,1;6,41E-2;-541,2;20,00;3,9;3,9;41,05;2,57;1,986;2,7;5,26;0,521
639;11.08.2023;11:26:54;00:10:38;250,1;670,1;35,5;32,2;24,7;746,9;34,5;0,1;6,42E-2;-541,2;20,00;3,9;3,8;41,06;2,59;1,965;2,7;5,24;0,520
640;11.08.2023;11:26:55;00:10:39;250,1;672,6;35,5;32,3;24,7;748,5;34,5;0,1;6,41E-2;-541,2;20,00;3,9;3,8;41,10;2,63;1,940;2,7;5,27;0,523
641;11.08.2023;11:26:56;00:10:40;250,1;675,1;35,6;32,4;24,8;750,0;34,6;0,1;6,42E-2;-541,2;20,00;3,9;3,8;41,14;2,67;1,935;2,8;5,26;0,523
642;11.08.2023;11:26:57;00:10:41;250,0;675,1;35,6;32,4;24,8;750,8;34,6;0,1;6,41E-2;-541,2;20,00;3,9;3,8;41,16;2,70;1,944;2,7;5,25;0,524
643;11.08.2023;11:26:58;00:10:42;250,1;675,1;35,7;32,5;24,8;752,3;34,8;0,1;6,42E-2;-541,2;20,00;3,9;3,9;41,20;2,73;1,936;2,8;5,29;0,524
644;11.08.2023;11:26:59;00:10:43;250,0;677,6;35,7;32,5;24,8;753,8;34,8;0,1;6,41E-2;-541,2;20,00;3,9;3,9;41,24;2,76;1,917;2,8;5,27;0,524
645;11.08.2023;11:27:00;00:10:44;250,2;677,6;35,7;32,5;24,7;754,5;34,9;0,1;6,42E-2;-541,2;20,00;3,9;3,9;41,26;2,78;1,909;2,8;5,25;0,525
646;11.08.2023;11:27:01;00:10:45;250,1;680,3;35,8;32,6;24,7;756,1;34,9;0,1;6,41E-2;-541,2;20,00;3,9;3,9;41,30;2,82;1,885;2,8;5,30;0,527
647;11.08.2023;11:27:02;00:10:46;250,0;680,3;35,9;32,6;24,7;757,6;35,1;0,1;6,41E-2;-541,2;20,00;3,9;3,9;41,33;2,86;1,861;2,8;5,28;0,527
648;11.08.2023;11:27:03;00:10:47;250,1;683,0;35,9;32,8;24,7;758,4;34,9;0,1;6,42E-2;-541,2;20,00;3,9;3,9;41,35;2,88;1,830;2,8;5,28;0,529
649;11.08.2023;11:27:04;00:10:48;250,2;683,0;36,0;32,9;24,7;759,9;35,1;0,1;6,42E-2;-541,2;20,00;3,9;3,8;41,38;2,91;1,803;2,8;5,29;0,529
650;11.08.2023;11:27:05;00:10:49;250,1;683,0;36,0;32,9;24,7;760,6;35,2;0,1;6,41E-2;-541,2;20,00;3,9;3,8;41,40;2,93;1,781;2,8;5,31;0,532
651;11.08.2023;11:27:06;00:10:50;250,2;685,6;36,0;32,9;24,7;762,1;35,2;0,1;6,41E-2;-541,2;20,00;3,9;3,9;41,43;2,96;1,758;2,8;5,30;0,530
652;11.08.2023;11:27:07;00:10:51;250,2;688,2;36,1;33,0;24,8;763,8;35,2;0,1;6,41E-2;-541,2;20,00;3,9;3,9;41,47;3,00;1,727;2,8;5,29;0,532
653;11.08.2023;11:27:08;00:10:52;250,3;688,2;36,1;33,0;24,8;764,5;35,3;0,1;6,41E-2;-541,2;20,00;3,9;3,9;41,49;3,02;1,721;2,8;5,30;0,532
654;11.08.2023;11:27:09;00:10:53;250,0;690,6;36,2;33,2;24,8;766,0;35,3;0,1;6,41E-2;-541,2;20,00;3,9;4,0;41,52;3,05;1,724;2,8;5,30;0,529
655;11.08.2023;11:27:10;00:10:54;250,2;690,6;36,2;33,2;24,8;767,5;35,5;0,1;6,41E-2;-541,2;20,00;3,9;3,9;41,55;3,08;1,691;2,8;5,32;0,532
656;11.08.2023;11:27:11;00:10:55;250,2;693,0;36,2;33,3;24,8;768,3;35,4;0,1;6,41E-2;-541,2;20,00;3,9;3,9;41,57;3,10;1,688;2,8;5,30;0,536
657;11.08.2023;11:27:12;00:10:56;250,0;693,0;36,3;33,4;24,8;769,8;35,5;0,1;6,41E-2;-541,2;20,00;3,9;3,9;41,60;3,13;1,670;2,9;5,35;0,537
658;11.08.2023;11:27:13;00:10:57;250,0;695,4;36,3;33,4;24,8;771,4;35,5;0,1;6,41E-2;-541,2;20,00;3,9;3,9;41,63;3,17;1,643;2,8;5,31;0,537
659;11.08.2023;11:27:14;00:10:58;250,0;695,4;36,4;33,5;24,8;772,1;35,7;0,1;6,41E-2;-541,2;20,00;3,9;3,9;41,65;3,18;1,637;2,9;5,33;0,537
660;11.08.2023;11:27:15;00:10:59;250,0;697,8;36,4;33,5;24,8;773,6;35,6;0,1;6,41E-2;-541,2;20,00;3,9;4,0;41,68;3,21;1,633;2,9;5,31;0,537
661;11.08.2023;11:27:16;00:11:00;250,1;700,1;36,5;33,7;24,9;774,7;55,7;0,1;6,41E-2;-541,2;20,00;3,9;3,9;41,72;3,24;1,621;2,9;5,34;0,538
662;11.08.2023;11:27:17;00:11:01;250,0;700,1;36,6;33,7;24,9;771,7;75,9;0,1;6,41E-2;-541,2;20,00;3,9;3,9;41,77;3,29;1,673;0,0;0,01;0,052
663;11.08.2023;11:27:18;00:11:02;250,0;702,3;36,6;33,8;24,9;770,2;76,0;0,1;6,40E-2;-541,2;20,00;3,9;3,9;41,79;3,32;1,804;0,0;0,01;0,053
664;11.08.2023;11:27:19;00:11:03;250,0;702,3;36,6;33,8;24,8;766,9;76,2;0,1;6,38E-2;-541,2;20,00;3,9;3,9;41,85;3,38;2,085;0,0;0,01;0,049
665;11.08.2023;11:27:20;00:11:04;250,0;702,3;36,6;34,0;24,8;765,4;76,3;0,1;6,38E-2;-541,2;20,00;3,9;3,9;41,87;3,40;2,155;0,0;0,01;0,054
666;11.08.2023;11:27:21;00:11:05;250,0;704,1;36,6;34,0;24,6;762,4;76,5;0,1;6,37E-2;-541,2;20,00;3,9;3,9;41,91;3,44;2,179;0,0;0,01;0,053
667;11.08.2023;11:27:22;00:11:06;250,0;704,1;36,6;34,1;24,6;759,4;76,6;0,1;6,35E-2;-541,2;20,00;3,9;3,9;41,94;3,46;2,072;0,0;0,01;0,052
668;11.08.2023;11:27:23;00:11:07;250,0;705,1;36,6;34,1;24,4;757,9;76,7;0,1;6,34E-2;-541,2;20,00;3,9;3,9;41,95;3,48;1,977;0,0;0,01;0,053
669;11.08.2023;11:27:24;00:11:08;250,0;704,9;36,6;34,2;24,4;754,9;76,9;0,1;6,33E-2;-541,2;20,00;3,9;3,9;41,97;3,50;1,750;0,0;0,01;0,053
670;11.08.2023;11:27:25;00:11:09;250,0;704,9;36,6;34,2;24,2;751,6;77,1;0,1;6,31E-2;-541,2;20,00;3,9;3,9;41,99;3,52;1,505;0,0;0,01;0,049
671;11.08.2023;11:27:26;00:11:10;250,0;704,9;36,6;34,2;24,2;750,1;77,2;0,1;6,30E-2;-541,2;20,00;3,9;3,9;41,99;3,52;1,393;0,0;0,01;0,051
672;11.08.2023;11:27:27;00:11:11;250,0;703,0;36,4;34,4;24,0;747,1;77,4;0,1;6,28E-2;-541,2;20,00;3,9;3,9;42,01;3,54;1,186;0,0;0,01;0,053
673;11.08.2023;11:27:28;00:11:12;250,0;703,0;36,2;34,5;24,0;744,0;77,6;0,1;6,26E-2;-541,2;20,00;3,9;3,9;42,02;3,55;1,003;0,0;0,01;0,054
674;11.08.2023;11:27:29;00:11:13;250,0;699,6;36,2;34,5;24,0;742,5;77,6;0,1;6,25E-2;-541,2;20,00;3,9;3,9;42,02;3,56;0,926;0,0;0,01;0,052
675;11.08.2023;11:27:30;00:11:14;250,0;699,6;36,0;34,5;24,0;739,5;77,8;0,1;6,23E-2;-541,2;20,00;3,9;3,9;42,03;3,57;0,790;0,0;0,01;0,053
676;11.08.2023;11:27:31;00:11:15;250,0;694,8;36,0;34,6;23,9;736,2;78,0;0,1;6,21E-2;-541,2;20,00;3,9;3,9;42,04;3,57;0,676;0,0;0,01;0,053
677;11.08.2023;11:27:32;00:11:16;250,0;689,0;35,8;34,8;23,9;734,7;78,1;0,1;6,20E-2;-541,2;20,00;3,9;3,9;42,05;3,58;0,630;0,0;0,01;0,049
678;11.08.2023;11:27:33;00:11:17;250,0;689,0;35,8;34,8;23,9;731,7;78,2;0,1;6,18E-2;-541,2;20,00;3,9;3,9;42,05;3,59;0,538;0,0;0,00;0,049
679;11.08.2023;11:27:34;00:11:18;250,0;689,0;35,5;34,8;23,9;730,2;78,3;0,1;6,17E-2;-541,2;20,00;3,9;3,9;42,06;3,59;0,502;0,0;0,01;0,051
680;11.08.2023;11:27:35;00:11:19;250,0;682,5;35,5;34,9;23,8;727,2;78,5;0,1;6,14E-2;-541,2;20,00;3,9;3,9;42,06;3,60;0,451;0,0;0,01;0,053
681;11.08.2023;11:27:36;00:11:20;250,0;675,5;35,3;35,0;23,8;724,2;78,6;0,1;6,13E-2;-541,2;20,00;3,9;3,9;42,07;3,60;0,415;0,0;0,01;0,049
682;11.08.2023;11:27:37;00:11:21;250,0;675,5;35,3;35,0;23,8;722,7;78,7;0,1;6,12E-2;-541,2;20,00;3,9;3,9;42,08;3,61;0,404;0,0;0,01;0,053
683;11.08.2023;11:27:38;00:11:22;250,0;675,5;35,0;35,0;23,8;719,4;78,9;0,1;6,09E-2;-541,2;20,00;3,9;3,9;42,08;3,61;0,379;0,0;0,01;0,053
684;11.08.2023;11:27:39;00:11:23;250,0;668,1;35,0;35,1;23,8;716,4;79,0;0,1;6,08E-2;-541,2;20,00;3,9;4,0;42,09;3,62;0,344;0,0;0,01;0,053
685;11.08.2023;11:27:40;00:11:24;250,0;668,1;34,6;35,1;23,8;714,9;79,1;0,1;6,06E-2;-541,2;20,00;3,9;3,9;42,09;3,62;0,325;0,0;0,01;0,050
686;11.08.2023;11:27:41;00:11:25;250,0;659,9;34,6;35,2;23,8;711,8;79,2;0,1;6,04E-2;-541,2;20,00;3,9;3,9;42,09;3,63;0,294;0,0;0,01;0,053
687;11.08.2023;11:27:42;00:11:26;250,0;659,9;34,3;35,3;23,8;708,8;79,4;0,1;6,02E-2;-541,2;20,00;3,9;3,9;42,10;3,63;0,282;0,0;0,01;0,052
688;11.08.2023;11:27:43;00:11:27;250,0;651,6;34,3;35,3;23,7;707,3;79,4;0,1;6,01E-2;-541,2;20,00;3,9;3,8;42,10;3,63;0,275;0,0;0,01;0,049
689;11.08.2023;11:27:44;00:11:28;250,0;651,6;34,0;35,4;23,7;704,0;79,6;0,1;5,99E-2;-541,2;20,00;3,9;3,9;42,11;3,64;0,260;0,0;0,01;0,053
690;11.08.2023;11:27:45;00:11:29;250,0;643,2;34,0;35,4;23,7;701,0;79,7;0,1;5,97E-2;-541,2;20,00;3,9;3,9;42,11;3,64;0,242;0,0;0,01;0,051
691;11.08.2023;11:27:46;00:11:30;250,0;643,2;34,0;35,4;23,7;699,5;79,8;0,1;5,96E-2;-541,2;20,00;3,9;3,9;42,11;3,64;0,236;0,0;0,01;0,052
692;11.08.2023;11:27:47;00:11:31;250,0;634,8;33,6;35,4;23,7;696,5;79,9;0,1;5,94E-2;-541,2;20,00;3,9;3,9;42,12;3,65;0,230;0,0;0,01;0,054
693;11.08.2023;11:27:48;00:11:32;250,0;634,8;33,3;35,4;23,7;695,0;80,0;0,1;5,93E-2;-541,2;20,00;3,9;3,9;42,12;3,65;0,231;0,0;0,01;0,051
694;11.08.2023;11:27:49;00:11:33;250,0;627,0;33,3;35,5;23,7;692,0;80,1;0,1;5,91E-2;-541,2;20,00;3,9;3,9;42,12;3,65;0,228;0,0;0,01;0,051
695;11.08.2023;11:27:50;00:11:34;250,0;627,0;33,0;35,5;23,7;688,7;80,2;0,1;5,89E-2;-541,2;20,00;3,9;3,9;42,13;3,66;0,221;0,0;0,01;0,049
696;11.08.2023;11:27:51;00:11:35;250,0;619,3;33,0;35,5;23,7;687,2;80,3;0,1;5,88E-2;-541,2;20,00;3,9;3,9;42,13;3,66;0,215;0,0;0,01;0,050
697;11.08.2023;11:27:52;00:11:36;250,0;611,5;32,7;35,6;23,7;684,2;80,4;0,1;5,86E-2;-541,2;20,00;3,9;3,9;42,13;3,67;0,211;0,0;0,01;0,053
698;11.08.2023;11:27:53;00:11:37;250,0;611,5;32,7;35,6;23,7;681,1;80,5;0,1;5,84E-2;-541,2;20,00;3,9;3,9;42,14;3,67;0,209;0,0;0,01;0,050
699;11.08.2023;11:27:54;00:11:38;250,0;611,5;32,3;35,6;23,7;679,6;80,6;0,1;5,84E-2;-541,2;20,00;3,9;3,9;42,14;3,67;0,203;0,0;0,01;0,053
700;11.08.2023;11:27:55;00:11:39;250,0;603,9;32,3;35,7;23,7;676,6;80,7;0,1;5,82E-2;-541,2;20,00;3,9;3,9;42,14;3,67;0,191;0,0;0,00;0,052
701;11.08.2023;11:27:56;00:11:40;250,0;596,3;32,0;35,7;23,7;673,3;80,8;0,1;5,80E-2;-541,2;20,00;3,9;3,9;42,15;3,68;0,187;0,0;0,01;0,049
702;11.08.2023;11:27:57;00:11:41;250,0;596,3;32,0;35,7;23,7;671,8;80,9;0,1;5,79E-2;-541,2;20,00;3,9;3,9;42,15;3,68;0,182;0,0;0,01;0,052
703;11.08.2023;11:27:58;00:11:42;250,0;596,3;31,7;35,7;23,7;668,8;81,0;0,1;5,78E-2;-541,2;20,00;3,9;3,9;42,15;3,68;0,182;0,0;0,01;0,053
704;11.08.2023;11:27:59;00:11:43;250,0;588,9;31,7;35,7;23,7;667,3;81,0;0,1;5,78E-2;-541,2;20,00;3,9;3,9;42,15;3,68;0,184;0,0;0,01;0,053
705;11.08.2023;11:28:00;00:11:44;250,0;588,9;31,5;35,8;23,7;664,3;81,1;0,1;5,76E-2;-541,2;20,00;3,9;3,9;42,16;3,69;0,185;0,0;0,01;0,053
706;11.08.2023;11:28:01;00:11:45;250,0;581,0;31,5;35,8;23,7;661,2;81,2;0,1;5,75E-2;-541,2;20,00;3,9;3,9;42,16;3,69;0,177;0,0;0,01;0,051
707;11.08.2023;11:28:02;00:11:46;250,0;581,0;31,5;35,8;23,7;659,5;81,3;0,1;5,74E-2;-541,2;20,00;3,9;3,9;42,16;3,69;0,169;0,0;0,01;0,053
708;11.08.2023;11:28:03;00:11:47;250,0;573,2;31,2;35,8;23,7;656,5;81,4;0,1;5,73E-2;-541,2;20,00;3,9;3,8;42,17;3,70;0,169;0,0;0,00;0,054
709;11.08.2023;11:28:04;00:11:48;250,0;573,2;30,9;35,8;23,7;653,4;81,5;0,1;5,71E-2;-541,2;20,00;3,9;3,9;42,17;3,70;0,165;0,0;0,01;0,053
710;11.08.2023;11:28:05;00:11:49;250,0;565,4;30,9;35,8;23,7;651,9;81,5;0,1;5,70E-2;-541,2;20,00;3,9;3,9;42,17;3,70;0,163;0,0;0,01;0,051
711;11.08.2023;11:28:06;00:11:50;250,0;565,4;30,9;35,8;23,7;648,9;81,6;0,1;5,68E-2;-541,2;20,00;3,9;3,9;42,17;3,70;0,162;0,0;0,01;0,050
712;11.08.2023;11:28:07;00:11:51;250,0;557,7;30,6;35,9;23,7;645,9;81,7;0,1;5,67E-2;-541,2;20,00;3,9;3,9;42,18;3,71;0,154;0,0;0,01;0,051
713;11.08.2023;11:28:08;00:11:52;250,0;550,6;30,3;35,9;23,7;644,1;81,7;0,1;5,66E-2;-541,2;20,00;3,9;3,9;42,18;3,71;0,152;0,0;0,01;0,053
714;11.08.2023;11:28:09;00:11:53;250,0;550,6;30,3;35,9;23,7;641,1;81,8;0,1;5,64E-2;-541,2;20,00;3,9;3,9;42,18;3,71;0,150;0,0;0,01;0,051
715;11.08.2023;11:28:10;00:11:54;250,0;543,7;30,1;35,9;23,7;638,1;81,9;0,1;5,63E-2;-541,2;20,00;3,9;3,9;42,18;3,71;0,145;0,0;0,01;0,051
716;11.08.2023;11:28:11;00:11:55;250,0;543,7;30,1;35,9;23,7;636,6;81,9;0,1;5,63E-2;-541,2;20,00;3,9;3,9;42,18;3,72;0,146;0,0;0,01;0,050
717;11.08.2023;11:28:12;00:11:56;250,0;543,7;29,8;35,8;23,7;633,6;82,0;0,1;5,61E-2;-541,2;20,00;3,9;3,9;42,19;3,72;0,145;0,0;0,01;0,049
718;11.08.2023;11:28:13;00:11:57;250,0;536,5;29,8;35,8;23,7;632,1;82,1;0,1;5,60E-2;-541,2;20,00;3,9;3,9;42,19;3,72;0,140;0,0;0,01;0,049
719;11.08.2023;11:28:14;00:11:58;250,0;536,5;29,8;35,8;23,7;628,8;82,1;0,1;5,59E-2;-541,2;20,00;3,9;3,9;42,19;3,72;0,132;0,0;0,01;0,049
720;11.08.2023;11:28:15;00:11:59;250,0;529,5;29,6;35,8;23,7;625,8;82,2;0,1;5,57E-2;-541,2;20,00;3,9;3,9;42,19;3,72;0,131;0,0;0,01;0,049
721;11.08.2023;11:28:16;00:12:00;250,0;529,5;29,4;35,8;23,7;624,3;82,2;0,1;5,56E-2;-541,2;20,00;3,9;3,9;42,19;3,73;0,131;0,0;0,01;0,054
722;11.08.2023;11:28:17;00:12:01;250,0;522,5;29,4;35,8;23,6;621,2;82,3;0,1;5,55E-2;-541,2;20,00;3,9;3,9;42,20;3,73;0,127;0,0;0,01;0,052
723;11.08.2023;11:28:18;00:12:02;250,0;522,5;29,1;35,8;23,6;618,2;82,4;0,1;5,54E-2;-541,2;20,00;3,9;3,9;42,20;3,73;0,128;0,0;0,01;0,053
724;11.08.2023;11:28:19;00:12:03;250,0;515,6;29,1;35,8;23,6;616,7;82,4;0,1;5,53E-2;-541,2;20,00;3,9;3,9;42,20;3,73;0,129;0,0;0,01;0,051
725;11.08.2023;11:28:20;00:12:04;250,0;515,7;29,2;35,8;23,7;613,4;82,4;0,1;5,52E-2;-541,2;20,00;3,9;3,9;42,20;3,73;0,129;0,0;0,01;0,052
726;11.08.2023;11:28:21;00:12:05;250,0;508,6;29,0;35,8;23,7;610,4;82,5;0,1;5,50E-2;-541,2;20,00;3,9;3,9;42,20;3,74;0,122;0,0;0,00;0,050
727;11.08.2023;11:28:22;00:12:06;250,0;508,6;29,0;35,8;23,7;608,9;82,5;0,1;5,50E-2;-541,2;20,00;3,9;3,8;42,21;3,74;0,117;0,0;0,01;0,052
728;11.08.2023;11:28:23;00:12:07;250,0;501,7;28,8;35,8;23,7;605,9;82,6;0,1;5,48E-2;-541,2;20,00;3,9;3,9;42,21;3,74;0,112;0,0;0,01;0,049
729;11.08.2023;11:28:24;00:12:08;250,0;501,7;28,6;35,8;23,7;602,9;82,6;0,1;5,47E-2;-541,2;20,00;3,9;3,9;42,21;3,74;0,112;0,0;0,01;0,049
730;11.08.2023;11:28:25;00:12:09;250,0;494,8;28,6;35,7;23,7;601,4;82,6;0,1;5,47E-2;-541,2;20,00;3,9;3,9;42,21;3,74;0,115;0,0;0,00;0,051
731;11.08.2023;11:28:26;00:12:10;250,0;494,8;28,4;35,7;23,7;598,1;82,7;0,1;5,45E-2;-541,2;20,00;3,9;3,9;42,21;3,75;0,113;0,0;0,01;0,053
732;11.08.2023;11:28:27;00:12:11;250,0;488,0;28,4;35,7;23,6;596,6;82,7;0,1;5,44E-2;-541,2;20,00;3,9;3,9;42,21;3,75;0,112;0,0;0,01;0,052
733;11.08.2023;11:28:28;00:12:12;250,0;488,0;28,2;35,6;23,6;593,6;82,7;0,1;5,44E-2;-541,2;20,00;3,9;3,9;42,22;3,75;0,110;0,0;0,01;0,049
734;11.08.2023;11:28:29;00:12:13;250,0;481,8;28,2;35,6;23,6;590,5;82,8;0,1;5,42E-2;-541,2;20,00;3,9;3,9;42,22;3,75;0,110;0,0;0,01;0,051
735;11.08.2023;11:28:30;00:12:14;250,0;481,8;28,2;35,6;23,6;589,0;82,8;0,1;5,42E-2;-541,2;20,00;3,9;3,9;42,22;3,75;0,106;0,0;0,01;0,053
736;11.08.2023;11:28:31;00:12:15;250,0;475,7;28,0;35,6;23,6;586,0;82,8;0,1;5,40E-2;-541,2;20,00;3,9;3,9;42,22;3,75;0,114;0,0;0,00;0,053
737;11.08.2023;11:28:32;00:12:16;250,0;475,7;27,9;35,5;23,6;582,7;82,9;0,1;5,39E-2;-541,2;20,00;3,9;3,9;42,23;3,76;0,110;0,0;0,01;0,051
738;11.08.2023;11:28:33;00:12:17;250,0;469,6;27,9;35,5;23,6;581,2;82,9;0,1;5,39E-2;-541,2;20,00;3,9;3,9;42,23;3,76;0,107;0,0;0,01;0,053
739;11.08.2023;11:28:34;00:12:18;250,0;469,6;27,7;35,5;23,6;578,2;82,9;0,1;5,38E-2;-541,2;20,00;3,9;3,9;42,23;3,76;0,099;0,0;0,01;0,054
740;11.08.2023;11:28:35;00:12:19;250,0;463,6;27,7;35,4;23,6;575,2;82,9;0,1;5,37E-2;-541,2;20,00;3,9;3,9;42,23;3,76;0,097;0,0;0,01;0,054
741;11.08.2023;11:28:36;00:12:20;250,0;463,6;27,6;35,4;23,6;573,7;82,9;0,1;5,36E-2;-541,2;20,00;3,9;3,9;42,23;3,76;0,101;0,0;0,01;0,051
742;11.08.2023;11:28:37;00:12:21;250,0;457,7;27,6;35,4;23,6;570,7;83,0;0,1;5,35E-2;-541,2;20,00;3,9;3,9;42,23;3,76;0,101;0,0;0,01;0,054
743;11.08.2023;11:28:38;00:12:22;250,0;457,7;27,4;35,4;23,6;569,1;83,0;0,1;5,34E-2;-541,2;20,00;3,9;3,9;42,23;3,77;0,101;0,0;0,00;0,053
744;11.08.2023;11:28:39;00:12:23;250,0;451,8;27,4;35,3;23,6;565,9;83,0;0,1;5,33E-2;-541,2;20,00;3,9;3,9;42,24;3,77;0,096;0,0;0,01;0,053
745;11.08.2023;11:28:40;00:12:24;250,0;451,8;27,2;35,3;23,6;562,9;83,0;0,1;5,32E-2;-541,2;20,00;3,9;3,9;42,24;3,77;0,101;0,0;0,01;0,054
746;11.08.2023;11:28:41;00:12:25;250,0;445,6;27,2;35,2;23,6;561,3;83,0;0,1;5,32E-2;-541,2;20,00;3,9;3,9;42,24;3,77;0,101;0,0;0,01;0,051
747;11.08.2023;11:28:42;00:12:26;250,0;445,6;27,2;35,2;23,5;558,3;83,0;0,1;5,31E-2;-541,2;20,00;3,9;3,8;42,24;3,77;0,102;0,0;0,01;0,051
748;11.08.2023;11:28:43;00:12:27;250,0;439,5;27,1;35,1;23,5;555,3;83,0;0,1;5,30E-2;-541,2;20,00;3,9;3,9;42,24;3,78;0,099;0,0;0,00;0,051
749;11.08.2023;11:28:44;00:12:28;250,0;439,5;26,9;35,1;23,5;553,8;83,0;0,1;5,30E-2;-541,2;20,00;3,9;3,9;42,24;3,78;0,100;0,0;0,01;0,053
750;11.08.2023;11:28:45;00:12:29;250,0;433,5;26,9;35,1;23,5;550,5;83,0;0,1;5,29E-2;-541,2;20,00;3,9;3,9;42,25;3,78;0,100;0,0;0,01;0,049
751;11.08.2023;11:28:46;00:12:30;250,0;433,5;26,8;35,0;23,5;547,5;83,0;0,1;5,28E-2;-541,2;20,00;3,9;3,9;42,25;3,78;0,096;0,0;0,00;0,049
752;11.08.2023;11:28:47;00:12:31;250,0;427,5;26,8;35,0;23,5;546,0;83,0;0,1;5,27E-2;-541,2;20,00;3,9;3,9;42,25;3,78;0,096;0,0;0,01;0,049
753;11.08.2023;11:28:48;00:12:32;250,0;427,5;26,7;34,9;23,5;543,0;83,0;0,1;5,26E-2;-541,2;20,00;3,9;3,9;42,25;3,78;0,096;0,0;0,00;0,049
754;11.08.2023;11:28:49;00:12:33;250,0;422,0;26,7;34,9;23,5;539,9;83,0;0,1;5,25E-2;-541,2;20,00;3,9;3,9;42,25;3,78;0,096;0,0;0,01;0,052
755;11.08.2023;11:28:50;00:12:34;250,0;422,0;26,7;34,9;23,5;538,4;83,0;0,1;5,25E-2;-541,2;20,00;3,9;3,9;42,25;3,79;0,096;0,0;0,01;0,053
756;11.08.2023;11:28:51;00:12:35;250,0;416,6;26,5;34,8;23,5;535,2;83,0;0,1;5,24E-2;-541,2;20,00;3,9;3,9;42,26;3,79;0,093;0,0;0,01;0,051
757;11.08.2023;11:28:52;00:12:36;250,0;416,6;26,4;34,8;23,5;533,7;83,0;0,1;5,24E-2;-541,2;20,00;3,9;3,9;42,26;3,79;0,094;0,0;0,01;0,052
758;11.08.2023;11:28:53;00:12:37;250,0;411,2;26,4;34,7;23,5;530,6;82,9;0,1;5,23E-2;-541,2;20,00;3,9;3,9;42,26;3,79;0,092;0,0;0,01;0,052
759;11.08.2023;11:28:54;00:12:38;250,0;411,2;26,3;34,7;23,5;527,6;82,9;0,1;5,22E-2;-541,2;20,00;3,9;3,8;42,26;3,79;0,093;0,0;0,00;0,052
760;11.08.2023;11:28:55;00:12:39;250,0;405,9;26,3;34,6;23,5;526,1;82,9;0,1;5,22E-2;-541,2;20,00;3,9;3,9;42,26;3,79;0,094;0,0;0,01;0,053
761;11.08.2023;11:28:56;00:12:40;250,0;400,7;26,2;34,5;23,5;523,1;82,9;0,1;5,21E-2;-541,2;20,00;3,9;3,8;42,26;3,79;0,090;0,0;0,01;0,049
762;11.08.2023;11:28:57;00:12:41;250,0;400,7;26,2;34,5;23,5;519,8;82,9;0,1;5,20E-2;-541,2;20,00;3,9;3,9;42,26;3,80;0,090;0,0;0,01;0,052
763;11.08.2023;11:28:58;00:12:42;250,0;400,7;26,2;34,5;23,5;518,3;82,8;0,1;5,20E-2;-541,2;20,00;3,9;3,9;42,27;3,80;0,088;0,0;0,01;0,051
764;11.08.2023;11:28:59;00:12:43;250,0;395,3;26,1;34,4;23,5;515,3;82,8;0,1;5,19E-2;-541,2;20,00;3,9;4,0;42,27;3,80;0,086;0,0;0,01;0,054
765;11.08.2023;11:29:00;00:12:44;250,0;395,3;26,1;34,4;23,5;512,3;82,8;0,1;5,18E-2;-541,2;20,00;3,9;3,9;42,27;3,80;0,083;0,0;0,01;0,049
766;11.08.2023;11:29:01;00:12:45;250,0;389,6;26,0;34,3;23,5;510,8;82,8;0,1;5,18E-2;-541,2;20,00;3,9;3,8;42,27;3,80;0,084;0,0;0,00;0,049
767;11.08.2023;11:29:02;00:12:46;250,0;389,6;26,0;34,3;23,5;507,7;82,7;0,1;5,17E-2;-541,2;20,00;3,9;3,8;42,27;3,80;0,083;0,0;0,00;0,049
768;11.08.2023;11:29:03;00:12:47;250,0;384,0;25,8;34,2;23,4;504,5;82,7;0,1;5,16E-2;-541,2;20,00;3,9;3,9;42,27;3,80;0,080;0,0;0,00;0,049
769;11.08.2023;11:29:04;00:12:48;250,0;384,0;25,8;34,2;23,4;503,0;82,7;0,1;5,16E-2;-541,2;20,00;3,9;3,9;42,27;3,81;0,081;0,0;0,01;0,051
770;11.08.2023;11:29:05;00:12:49;250,0;378,5;25,7;34,1;23,4;499,9;82,6;0,1;5,15E-2;-541,2;20,00;3,9;3,9;42,28;3,81;0,082;0,0;0,00;0,051
771;11.08.2023;11:29:06;00:12:50;250,0;378,5;25,7;34,1;23,4;498,4;82,6;0,1;5,15E-2;-541,2;20,00;3,9;3,9;42,28;3,81;0,084;0,0;0,01;0,050
772;11.08.2023;11:29:07;00:12:51;250,0;373,2;25,6;34,0;23,4;495,4;82,5;0,1;5,14E-2;-541,2;20,00;3,9;3,9;42,28;3,81;0,082;0,0;0,01;0,053
773;11.08.2023;11:29:08;00:12:52;250,0;373,2;25,5;34,0;23,4;492,4;82,5;0,1;5,13E-2;-541,2;20,00;3,9;3,9;42,28;3,81;0,081;0,0;0,01;0,051
774;11.08.2023;11:29:09;00:12:53;250,0;368,4;25,5;33,9;23,4;490,6;82,5;0,1;5,13E-2;-541,2;20,00;3,9;3,9;42,28;3,81;0,079;0,0;0,01;0,051
775;11.08.2023;11:29:10;00:12:54;250,0;368,4;25,5;33,9;23,4;487,6;82,4;0,1;5,12E-2;-541,2;20,00;3,9;3,9;42,28;3,81;0,074;0,0;0,01;0,049
776;11.08.2023;11:29:11;00:12:55;250,0;363,6;25,4;33,8;23,4;484,6;82,3;0,1;5,12E-2;-541,2;20,00;3,9;3,9;42,28;3,82;0,077;0,0;0,01;0,049
777;11.08.2023;11:29:12;00:12:56;250,0;363,6;25,3;33,7;23,4;483,1;82,3;0,1;5,11E-2;-541,2;20,00;3,9;3,9;42,28;3,82;0,076;0,0;0,01;0,054
778;11.08.2023;11:29:13;00:12:57;250,0;358,9;25,3;33,7;23,4;480,1;82,2;0,1;5,10E-2;-541,2;20,00;3,9;3,9;42,28;3,82;0,073;0,0;0,00;0,053
779;11.08.2023;11:29:14;00:12:58;250,0;358,9;25,2;33,6;23,4;477,0;82,2;0,1;5,10E-2;-541,2;20,00;3,9;3,9;42,29;3,82;0,064;0,0;0,01;0,051
780;11.08.2023;11:29:15;00:12:59;250,0;354,2;25,2;33,6;23,4;475,3;82,1;0,1;5,09E-2;-541,2;20,00;3,9;3,9;42,29;3,82;0,065;0,0;0,01;0,050
781;11.08.2023;11:29:16;00:13:00;250,0;354,2;25,2;33,5;23,4;472,3;82,1;0,1;5,09E-2;-541,2;20,00;3,9;3,9;42,29;3,82;0,069;0,0;0,00;0,049
782;11.08.2023;11:29:17;00:13:01;250,0;349,6;25,2;33,5;23,4;470,7;82,0;0,1;5,09E-2;-541,2;20,00;3,9;3,9;42,29;3,82;0,068;0,0;0,00;0,052
783;11.08.2023;11:29:18;00:13:02;250,0;349,6;25,2;33,5;23,4;467,7;82,0;0,1;5,08E-2;-541,2;20,00;3,9;3,8;42,29;3,82;0,063;0,0;0,01;0,050
784;11.08.2023;11:29:19;00:13:03;250,0;345,0;25,1;33,4;23,4;464,7;81,9;0,1;5,08E-2;-541,2;20,00;3,9;3,9;42,29;3,82;0,065;0,0;0,01;0,051
785;11.08.2023;11:29:20;00:13:04;250,0;345,0;25,1;33,4;23,4;463,2;81,9;0,1;5,07E-2;-541,2;20,00;3,9;3,9;42,29;3,82;0,066;0,0;0,01;0,050
786;11.08.2023;11:29:21;00:13:05;250,0;340,2;25,0;33,3;23,4;459,9;81,8;0,1;5,06E-2;-541,2;20,00;3,9;3,9;42,29;3,83;0,067;0,0;0,01;0,050
787;11.08.2023;11:29:22;00:13:06;250,0;340,2;24,9;33,1;23,4;456,9;81,7;0,1;5,06E-2;-541,2;20,00;3,9;3,9;42,30;3,83;0,069;0,0;0,01;0,051
788;11.08.2023;11:29:23;00:13:07;250,0;340,2;24,9;33,1;23,4;455,4;81,6;0,1;5,05E-2;-541,2;20,00;3,9;3,9;42,30;3,83;0,072;0,0;0,01;0,053
789;11.08.2023;11:29:24;00:13:08;250,0;335,4;24,9;33,1;23,4;452,4;81,6;0,1;5,05E-2;-541,2;20,00;3,9;3,9;42,30;3,83;0,069;0,0;0,01;0,049
790;11.08.2023;11:29:25;00:13:09;250,0;330,6;24,8;33,0;23,4;449,3;81,5;0,1;5,04E-2;-541,2;20,00;3,9;3,9;42,30;3,83;0,070;0,0;0,00;0,049
791;11.08.2023;11:29:26;00:13:10;250,0;330,6;24,8;33,0;23,4;447,8;81,4;0,1;5,04E-2;-541,2;20,00;3,9;3,9;42,30;3,83;0,067;0,0;0,01;0,049
792;11.08.2023;11:29:27;00:13:11;250,0;325,9;24,7;32,9;23,4;444,6;81,3;0,1;5,04E-2;-541,2;20,00;3,9;3,9;42,30;3,83;0,065;0,0;0,01;0,051
793;11.08.2023;11:29:28;00:13:12;250,0;325,9;24,6;32,9;23,3;441,5;81,2;0,1;5,03E-2;-541,2;20,00;3,9;3,9;42,30;3,83;0,061;0,0;0,00;0,051
794;11.08.2023;11:29:29;00:13:13;250,0;321,6;24,6;32,8;23,3;440,0;81,2;0,1;5,03E-2;-541,2;20,00;3,9;3,9;42,30;3,83;0,063;0,0;0,01;0,051
795;11.08.2023;11:29:30;00:13:14;250,0;321,6;24,5;32,8;23,3;437,0;81,1;0,1;5,02E-2;-541,2;20,00;3,9;3,9;42,30;3,83;0,057;0,0;0,01;0,049
796;11.08.2023;11:29:31;00:13:15;250,0;317,3;24,5;32,7;23,3;435,5;81,0;0,1;5,02E-2;-541,2;20,00;3,9;3,9;42,30;3,84;0,055;0,0;0,01;0,049
797;11.08.2023;11:29:32;00:13:16;250,0;317,3;24,4;32,6;23,3;432,5;80,9;0,1;5,01E-2;-541,2;20,00;3,9;3,9;42,30;3,84;0,050;0,0;0,00;0,049
798;11.08.2023;11:29:33;00:13:17;250,0;313,1;24,4;32,6;23,3;429,2;80,8;0,1;5,00E-2;-541,2;20,00;3,9;3,8;42,30;3,84;0,048;0,0;0,01;0,051
799;11.08.2023;11:29:34;00:13:18;250,0;313,1;24,4;32,6;23,3;427,7;80,7;0,1;5,00E-2;-541,2;20,00;3,9;3,9;42,30;3,84;0,047;0,0;0,00;0,051
800;11.08.2023;11:29:35;00:13:19;250,0;309,0;24,4;32,4;23,3;424,7;80,6;0,0;5,00E-2;-541,2;20,00;3,9;3,9;42,31;3,84;0,047;0,0;0,01;0,050
801;11.08.2023;11:29:36;00:13:20;250,0;304,9;24,3;32,3;23,3;421,7;80,5;0,0;4,99E-2;-541,2;20,00;3,9;3,9;42,31;3,84;0,048;0,0;0,01;0,050
802;11.08.2023;11:29:37;00:13:21;250,0;304,9;24,3;32,3;23,3;420,2;80,5;0,0;4,99E-2;-541,2;20,00;3,9;3,9;42,31;3,84;0,047;0,0;0,01;0,049
803;11.08.2023;11:29:38;00:13:22;250,0;304,9;24,2;32,3;23,3;417,1;80,3;0,0;4,98E-2;-541,2;20,00;3,9;3,9;42,31;3,84;0,047;0,0;0,00;0,049
804;11.08.2023;11:29:39;00:13:23;250,0;300,8;24,2;32,2;23,3;413,9;80,2;0,0;4,97E-2;-541,2;20,00;3,9;4,0;42,31;3,84;0,048;0,0;0,01;0,049
805;11.08.2023;11:29:40;00:13:24;250,0;300,8;24,1;32,1;23,3;412,4;80,1;0,0;4,97E-2;-541,2;20,00;3,9;3,9;42,31;3,84;0,047;0,0;0,01;0,049
806;11.08.2023;11:29:41;00:13:25;250,0;296,4;24,0;32,0;23,2;409,3;80,0;0,0;4,96E-2;-541,2;20,00;3,9;3,9;42,31;3,84;0,046;0,0;0,00;0,049
807;11.08.2023;11:29:42;00:13:26;250,0;296,4;24,0;32,0;23,2;407,8;80,0;0,0;4,96E-2;-541,2;20,00;3,9;3,9;42,31;3,84;0,044;0,0;0,01;0,050
808;11.08.2023;11:29:43;00:13:27;250,0;292,2;24,0;31,9;23,2;404,8;79,8;0,0;4,96E-2;-541,2;20,00;3,9;3,9;42,31;3,84;0,045;0,0;0,01;0,052
809;11.08.2023;11:29:44;00:13:28;250,0;292,2;24,0;31,9;23,2;401,8;79,7;0,0;4,96E-2;-541,2;20,00;3,9;3,9;42,31;3,85;0,045;0,0;0,01;0,049
810;11.08.2023;11:29:45;00:13:29;250,0;287,8;23,9;31,8;23,2;400,0;79,6;0,0;4,95E-2;-541,2;20,00;3,9;3,9;42,31;3,85;0,044;0,0;0,00;0,049
811;11.08.2023;11:29:46;00:13:30;250,0;287,8;23,9;31,8;23,2;397,0;79,5;0,0;4,94E-2;-541,2;20,00;3,9;3,9;42,31;3,85;0,040;0,0;0,00;0,049
812;11.08.2023;11:29:47;00:13:31;250,0;283,5;23,8;31,6;23,2;394,0;79,3;0,0;4,94E-2;-541,2;20,00;3,9;3,9;42,31;3,85;0,041;0,0;0,01;0,049
813;11.08.2023;11:29:48;00:13:32;250,0;283,5;23,8;31,6;23,2;392,5;79,3;0,0;4,93E-2;-541,2;20,00;3,9;3,9;42,32;3,85;0,040;0,0;0,01;0,051
814;11.08.2023;11:29:49;00:13:33;250,0;279,5;23,7;31,5;23,1;389,5;79,1;0,0;4,93E-2;-541,2;20,00;3,9;3,9;42,32;3,85;0,043;0,0;0,01;0,049
815;11.08.2023;11:29:50;00:13:34;250,0;279,5;23,7;31,5;23,1;386,4;79,0;0,0;4,92E-2;-541,2;20,00;3,9;3,9;42,32;3,85;0,040;0,0;0,01;0,049
816;11.08.2023;11:29:51;00:13:35;250,0;275,5;23,7;31,4;23,1;384,7;78,9;0,0;4,92E-2;-541,2;20,00;3,9;3,9;42,32;3,85;0,040;0,0;0,01;0,049
817;11.08.2023;11:29:52;00:13:36;250,0;275,5;23,7;31,4;23,1;381,6;78,8;0,0;4,92E-2;-541,2;20,00;3,9;3,9;42,32;3,85;0,037;0,0;0,01;0,052
818;11.08.2023;11:29:53;00:13:37;250,0;271,8;23,6;31,3;23,1;378,6;78,6;0,0;4,91E-2;-541,2;20,00;3,9;3,9;42,32;3,85;0,037;0,0;0,01;0,049
819;11.08.2023;11:29:54;00:13:38;250,0;271,8;23,6;31,3;23,1;377,1;78,5;0,0;4,91E-2;-541,2;20,00;3,9;3,9;42,32;3,85;0,039;0,0;0,01;0,049
820;11.08.2023;11:29:55;00:13:39;250,0;268,0;23,5;31,2;23,1;374,1;78,4;0,0;4,91E-2;-541,2;20,00;3,9;3,9;42,32;3,85;0,042;0,0;0,01;0,049
821;11.08.2023;11:29:56;00:13:40;250,0;268,0;23,5;31,2;23,1;372,6;78,3;0,0;4,90E-2;-541,2;20,00;3,9;3,9;42,32;3,85;0,043;0,0;0,01;0,049
822;11.08.2023;11:29:57;00:13:41;250,0;264,3;23,4;31,1;23,1;369,3;78,1;0,0;4,90E-2;-541,2;20,00;3,9;3,9;42,32;3,85;0,037;0,0;0,01;0,049
823;11.08.2023;11:29:58;00:13:42;250,0;264,3;23,4;31,1;23,1;366,3;77,9;0,0;4,89E-2;-541,2;20,00;3,9;3,9;42,32;3,85;0,033;0,0;0,01;0,049
824;11.08.2023;11:29:59;00:13:43;250,0;260,6;23,4;30,9;23,1;364,8;77,9;0,0;4,89E-2;-541,2;20,00;3,9;3,9;42,32;3,85;0,036;0,0;0,00;0,049
825;11.08.2023;11:30:00;00:13:44;250,0;260,8;23,5;31,0;23,1;361,8;77,7;0,0;4,88E-2;-541,2;20,00;3,9;3,9;42,32;3,85;0,038;0,0;0,01;0,050
826;11.08.2023;11:30:01;00:13:45;250,0;256,9;23,4;30,9;23,2;358,7;77,5;0,0;4,88E-2;-541,2;20,00;3,9;3,9;42,32;3,86;0,034;0,0;0,00;0,051
827;11.08.2023;11:30:02;00:13:46;250,0;256,9;23,4;30,9;23,2;357,2;77,4;0,0;4,88E-2;-541,2;20,00;3,9;3,9;42,32;3,86;0,036;0,0;0,01;0,050
828;11.08.2023;11:30:03;00:13:47;250,0;256,9;23,3;30,8;23,2;354,0;77,3;0,0;4,88E-2;-541,2;20,00;3,9;3,9;42,33;3,86;0,041;0,0;0,01;0,049
829;11.08.2023;11:30:04;00:13:48;250,0;253,1;23,3;30,8;23,2;350,9;77,1;0,0;4,87E-2;-541,2;20,00;3,9;3,9;42,33;3,86;0,041;0,0;0,01;0,049
830;11.08.2023;11:30:05;00:13:49;250,0;249,3;23,2;30,7;23,2;349,4;77,0;0,0;4,87E-2;-541,2;20,00;3,9;3,9;42,33;3,86;0,043;0,0;0,00;0,051
831;11.08.2023;11:30:06;00:13:50;250,0;249,3;23,2;30,7;23,2;346,4;76,8;0,0;4,86E-2;-541,2;20,00;3,9;3,9;42,33;3,86;0,046;0,0;0,01;0,049
832;11.08.2023;11:30:07;00:13:51;250,0;245,5;23,2;30,5;23,1;343,4;76,6;0,0;4,86E-2;-541,2;20,00;3,9;3,9;42,33;3,86;0,043;0,0;0,01;0,053
833;11.08.2023;11:30:08;00:13:52;250,0;245,5;23,2;30,5;23,1;341,9;76,5;0,0;4,85E-2;-541,2;20,00;3,9;3,9;42,33;3,86;0,044;0,0;0,01;0,049
834;11.08.2023;11:30:09;00:13:53;250,0;242,0;23,1;30,4;23,1;338,6;76,3;0,0;4,85E-2;-541,2;20,00;3,9;3,9;42,33;3,86;0,043;0,0;0,01;0,049
835;11.08.2023;11:30:10;00:13:54;250,0;242,0;23,1;30,4;23,1;337,1;76,2;0,0;4,84E-2;-541,2;20,00;3,9;3,9;42,33;3,86;0,039;0,0;0,00;0,051
836;11.08.2023;11:30:11;00:13:55;250,0;238,6;23,0;30,3;23,1;334,1;76,0;0,0;4,84E-2;-541,2;20,00;3,9;3,9;42,33;3,86;0,046;0,0;0,01;0,049
837;11.08.2023;11:30:12;00:13:56;250,0;238,6;23,0;30,3;23,1;331,1;75,8;0,0;4,84E-2;-541,2;20,00;3,9;3,9;42,33;3,86;0,047;0,0;0,01;0,049
838;11.08.2023;11:30:13;00:13:57;250,0;235,2;23,0;30,2;23,1;329,6;75,7;0,0;4,84E-2;-541,2;20,00;3,9;3,9;42,33;3,86;0,044;0,0;0,01;0,052
839;11.08.2023;11:30:14;00:13:58;250,0;235,2;23,0;30,2;23,1;326,5;75,5;0,0;4,83E-2;-541,2;20,00;3,9;3,9;42,33;3,86;0,039;0,0;0,01;0,052
840;11.08.2023;11:30:15;00:13:59;250,0;231,8;22,9;30,1;23,1;323,3;75,3;0,0;4,83E-2;-541,2;20,00;3,9;3,9;42,33;3,87;0,039;0,0;0,01;0,049
841;11.08.2023;11:30:16;00:14:00;250,0;231,8;22,9;30,0;23,1;321,8;75,2;0,0;4,83E-2;-541,2;20,00;3,9;3,9;42,33;3,87;0,036;0,0;0,00;0,049
842;11.08.2023;11:30:17;00:14:01;250,0;228,5;22,9;30,0;23,1;318,7;75,0;0,0;4,82E-2;-541,2;20,00;3,9;3,9;42,33;3,87;0,038;0,0;0,00;0,049
843;11.08.2023;11:30:18;00:14:02;250,0;228,5;22,8;29,9;23,1;315,7;74,8;0,0;4,82E-2;-541,2;20,00;3,9;3,9;42,34;3,87;0,041;0,0;0,00;0,049
844;11.08.2023;11:30:19;00:14:03;250,0;225,2;22,8;29,9;23,1;314,2;74,7;0,0;4,81E-2;-541,2;20,00;3,9;3,9;42,34;3,87;0,044;0,0;0,00;0,051
845;11.08.2023;11:30:20;00:14:04;250,0;225,1;22,6;29,7;22,9;311,2;74,5;0,0;4,81E-2;-541,2;20,00;3,9;3,9;42,34;3,87;0,044;0,0;0,01;0,049
846;11.08.2023;11:30:21;00:14:05;250,0;225,1;22,6;29,6;22,9;309,7;74,4;0,0;4,80E-2;-541,2;20,00;3,9;3,9;42,34;3,87;0,044;0,0;0,01;0,049
847;11.08.2023;11:30:22;00:14:06;250,0;221,6;22,6;29,6;22,9;306,4;74,2;0,0;4,80E-2;-541,2;20,00;3,9;3,9;42,34;3,87;0,041;0,0;0,01;0,049
848;11.08.2023;11:30:23;00:14:07;250,0;218,1;22,5;29,5;22,9;303,4;73,9;0,0;4,80E-2;-541,2;20,00;3,9;3,9;42,34;3,87;0,035;0,0;0,01;0,049
849;11.08.2023;11:30:24;00:14:08;250,0;218,1;22,5;29,5;22,9;301,9;73,8;0,0;4,79E-2;-541,2;20,00;3,9;3,9;42,34;3,87;0,035;0,0;0,01;0,049
850;11.08.2023;11:30:25;00:14:09;250,0;214,7;22,4;29,3;22,9;298,8;73,6;0,0;4,79E-2;-541,2;20,00;3,9;3,9;42,34;3,87;0,036;0,0;0,01;0,049
851;11.08.2023;11:30:26;00:14:10;250,0;214,7;22,4;29,3;22,9;295,8;73,4;0,0;4,79E-2;-541,2;20,00;3,9;3,9;42,34;3,87;0,035;0,0;0,01;0,049
852;11.08.2023;11:30:27;00:14:11;250,0;211,2;22,4;29,2;22,9;294,3;73,3;0,0;4,79E-2;-541,2;20,00;3,9;3,9;42,34;3,87;0,033;0,0;0,01;0,049
853;11.08.2023;11:30:28;00:14:12;250,0;211,2;22,3;29,2;22,9;291,0;73,0;0,0;4,78E-2;-541,2;20,00;3,9;3,9;42,34;3,87;0,036;0,0;0,01;0,049
854;11.08.2023;11:30:29;00:14:13;250,0;208,1;22,3;29,1;22,9;288,0;72,8;0,0;4,78E-2;-541,2;20,00;3,9;3,9;42,34;3,87;0,037;0,0;0,00;0,049
855;11.08.2023;11:30:30;00:14:14;250,0;208,1;22,3;29,1;22,9;286,5;72,7;0,0;4,77E-2;-541,2;20,00;3,9;3,9;42,34;3,88;0,041;0,0;0,01;0,053
856;11.08.2023;11:30:31;00:14:15;250,0;208,1;22,3;29,0;22,9;283,5;72,4;0,0;4,77E-2;-541,2;20,00;3,9;3,9;42,34;3,88;0,042;0,0;0,00;0,049
857;11.08.2023;11:30:32;00:14:16;250,0;204,9;22,3;29,0;22,9;280,5;72,2;0,0;4,76E-2;-541,2;20,00;3,9;3,9;42,34;3,88;0,040;0,0;0,01;0,049
858;11.08.2023;11:30:33;00:14:17;250,0;201,7;22,2;28,9;22,8;279,0;72,1;0,0;4,76E-2;-541,2;20,00;3,9;3,9;42,34;3,88;0,039;0,0;0,01;0,051
859;11.08.2023;11:30:34;00:14:18;250,0;201,7;22,1;28,9;22,8;275,7;71,8;0,0;4,76E-2;-541,2;20,00;3,9;4,0;42,35;3,88;0,042;0,0;0,00;0,049
860;11.08.2023;11:30:35;00:14:19;250,0;198,6;22,1;28,8;22,8;274,2;71,7;0,0;4,76E-2;-541,2;20,00;3,9;3,9;42,35;3,88;0,040;0,0;0,00;0,049
861;11.08.2023;11:30:36;00:14:20;250,0;198,6;22,1;28,8;22,8;271,2;71,4;0,0;4,75E-2;-541,2;20,00;3,9;3,9;42,35;3,88;0,036;0,0;0,01;0,049
862;11.08.2023;11:30:37;00:14:21;250,0;195,5;22,1;28,7;22,8;268,1;71,2;0,0;4,75E-2;-541,2;20,00;3,9;3,9;42,35;3,88;0,037;0,0;0,01;0,049
863;11.08.2023;11:30:38;00:14:22;250,0;195,5;22,1;28,7;22,8;266,6;71,1;0,0;4,75E-2;-541,2;20,00;3,9;3,9;42,35;3,88;0,040;0,0;0,01;0,049
864;11.08.2023;11:30:39;00:14:23;250,0;192,5;22,0;28,6;22,8;263,6;70,8;0,0;4,75E-2;-541,2;20,00;3,9;3,9;42,35;3,88;0,038;0,0;0,00;0,049
865;11.08.2023;11:30:40;00:14:24;250,0;192,7;22,2;28,7;22,9;260,3;70,5;0,0;4,74E-2;-541,2;20,00;3,9;3,9;42,35;3,88;0,041;0,0;0,01;0,049
866;11.08.2023;11:30:41;00:14:25;250,0;189,6;22,1;28,6;22,9;258,8;70,4;0,0;4,74E-2;-541,2;20,00;3,9;3,9;42,35;3,88;0,037;0,0;0,01;0,049
867;11.08.2023;11:30:42;00:14:26;250,0;189,6;22,1;28,6;22,9;255,8;70,1;0,0;4,74E-2;-541,2;20,00;3,9;3,9;42,35;3,88;0,032;0,0;0,00;0,049
868;11.08.2023;11:30:43;00:14:27;250,0;186,5;22,1;28,5;22,9;252,8;69,9;0,0;4,73E-2;-541,2;20,00;3,9;3,9;42,35;3,88;0,039;0,0;0,00;0,050
869;11.08.2023;11:30:44;00:14:28;250,0;186,5;22,1;28,5;22,9;251,3;69,7;0,0;4,73E-2;-541,2;20,00;3,9;3,9;42,35;3,88;0,039;0,0;0,01;0,049
870;11.08.2023;11:30:45;00:14:29;250,0;183,5;22,0;28,4;22,9;248,3;69,5;0,0;4,72E-2;-541,2;20,00;3,9;3,9;42,35;3,88;0,035;0,0;0,01;0,049
871;11.08.2023;11:30:46;00:14:30;250,0;183,5;21,9;28,3;22,9;245,0;69,2;0,0;4,72E-2;-541,2;20,00;3,9;3,9;42,35;3,89;0,032;0,0;0,01;0,049
872;11.08.2023;11:30:47;00:14:31;250,0;183,5;21,9;28,3;22,9;243,5;69,0;0,0;4,72E-2;-541,2;20,00;3,9;3,9;42,35;3,89;0,032;0,0;0,01;0,049
873;11.08.2023;11:30:48;00:14:32;250,0;180,5;21,9;28,3;22,9;240,5;68,8;0,0;4,71E-2;-541,2;20,00;3,9;4,0;42,36;3,89;0,038;0,0;0,01;0,049
874;11.08.2023;11:30:49;00:14:33;250,0;180,5;21,9;28,1;22,9;239,0;68,6;0,0;4,71E-2;-541,2;20,00;3,9;4,0;42,36;3,89;0,041;0,0;0,01;0,049
875;11.08.2023;11:30:50;00:14:34;250,0;177,7;21,9;28,1;22,9;235,9;68,3;0,0;4,71E-2;-541,2;20,00;3,9;3,9;42,36;3,89;0,037;0,0;0,01;0,050
876;11.08.2023;11:30:51;00:14:35;250,0;177,7;21,8;28,0;22,9;232,9;68,1;0,0;4,71E-2;-541,2;20,00;3,9;3,9;42,36;3,89;0,035;0,0;0,00;0,049
877;11.08.2023;11:30:52;00:14:36;250,0;175,0;21,8;28,0;22,9;231,1;67,9;0,0;4,71E-2;-541,2;20,00;3,9;3,9;42,36;3,89;0,038;0,0;0,01;0,049
878;11.08.2023;11:30:53;00:14:37;250,0;172,3;21,8;27,9;22,9;228,1;67,6;0,0;4,70E-2;-541,2;20,00;3,9;3,9;42,36;3,89;0,041;0,0;0,01;0,049
879;11.08.2023;11:30:54;00:14:38;250,0;172,3;21,7;27,9;22,9;225,1;67,3;0,0;4,70E-2;-541,2;20,00;3,9;3,8;42,36;3,89;0,036;0,0;0,00;0,049
880;11.08.2023;11:30:55;00:14:39;250,0;169,6;21,7;27,8;22,9;223,6;67,2;0,0;4,70E-2;-541,2;20,00;3,9;3,9;42,36;3,89;0,034;0,0;0,01;0,049
881;11.08.2023;11:30:56;00:14:40;250,0;169,6;21,7;27,8;22,8;220,6;66,9;0,0;4,69E-2;-541,2;20,00;3,9;3,9;42,36;3,89;0,034;0,0;0,01;0,049
882;11.08.2023;11:30:57;00:14:41;250,0;166,9;21,7;27,7;22,8;217,6;66,6;0,0;4,68E-2;-541,2;20,00;3,9;3,9;42,36;3,89;0,036;0,0;0,00;0,049
883;11.08.2023;11:30:58;00:14:42;250,0;166,9;21,7;27,7;22,8;215,8;66,4;0,0;4,68E-2;-541,2;20,00;3,9;3,9;42,36;3,89;0,033;0,0;0,00;0,050
884;11.08.2023;11:30:59;00:14:43;250,0;164,3;21,6;27,6;22,8;212,8;66,1;0,0;4,68E-2;-541,2;20,00;3,9;3,9;42,36;3,89;0,034;0,0;0,01;0,049
885;11.08.2023;11:31:00;00:14:44;250,0;164,3;21,6;27,6;22,8;211,3;66,0;0,0;4,68E-2;-541,2;20,00;3,9;3,9;42,36;3,89;0,037;0,0;0,00;0,051
886;11.08.2023;11:31:01;00:14:45;250,0;161,4;21,5;27,5;22,8;208,2;65,7;0,0;4,67E-2;-541,2;20,00;3,9;4,0;42,36;3,89;0,037;0,0;0,01;0,051
887;11.08.2023;11:31:02;00:14:46;250,0;161,4;21,5;27,5;22,7;205,2;65,3;0,0;4,67E-2;-541,2;20,00;3,9;3,9;42,36;3,90;0,038;0,0;0,01;0,050
888;11.08.2023;11:31:03;00:14:47;250,0;161,4;21,5;27,5;22,7;203,7;65,2;0,0;4,67E-2;-541,2;20,00;3,9;3,9;42,36;3,89;0,037;0,0;0,01;0,049
889;11.08.2023;11:31:04;00:14:48;250,0;158,6;21,5;27,4;22,7;200,4;64,9;0,0;4,67E-2;-541,2;20,00;3,9;3,9;42,36;3,90;0,037;0,0;0,01;0,049
890;11.08.2023;11:31:05;00:14:49;250,0;155,9;21,4;27,3;22,7;197,4;64,5;0,0;4,66E-2;-541,2;20,00;3,9;3,9;42,36;3,90;0,033;0,0;0,00;0,049
891;11.08.2023;11:31:06;00:14:50;250,0;155,9;21,4;27,3;22,7;195,9;64,4;0,0;4,66E-2;-541,2;20,00;3,9;3,9;42,37;3,90;0,036;0,0;0,01;0,049
892;11.08.2023;11:31:07;00:14:51;250,0;155,9;21,4;27,1;22,7;192,9;64,1;0,0;4,66E-2;-541,2;20,00;3,9;3,9;42,37;3,90;0,035;0,0;0,01;0,049
893;11.08.2023;11:31:08;00:14:52;250,0;153,2;21,4;27,1;22,7;189,9;63,7;0,0;4,66E-2;-541,2;20,00;3,9;3,9;42,37;3,90;0,035;0,0;0,01;0,050
894;11.08.2023;11:31:09;00:14:53;250,0;150,7;21,3;27,0;22,7;188,4;63,6;0,0;4,65E-2;-541,2;20,00;3,9;3,9;42,37;3,90;0,040;0,0;0,01;0,051
895;11.08.2023;11:31:10;00:14:54;250,0;150,7;21,3;27,0;22,7;185,1;63,2;0,0;4,65E-2;-541,2;20,00;3,9;3,9;42,37;3,90;0,036;0,0;0,01;0,049
896;11.08.2023;11:31:11;00:14:55;250,0;148,2;21,3;26,9;22,7;182,1;62,9;0,0;4,65E-2;-541,2;20,00;3,9;3,9;42,37;3,90;0,035;0,0;0,01;0,050
897;11.08.2023;11:31:12;00:14:56;250,0;148,2;21,2;26,9;22,7;180,6;62,7;0,0;4,64E-2;-541,2;20,00;3,9;3,9;42,37;3,90;0,034;0,0;0,01;0,049
898;11.08.2023;11:31:13;00:14:57;250,0;145,8;21,2;26,8;22,7;177,5;62,4;0,0;4,64E-2;-541,2;20,00;3,9;3,9;42,37;3,90;0,026;0,0;0,00;0,051
899;11.08.2023;11:31:14;00:14:58;250,0;145,8;21,2;26,8;22,7;176,0;62,2;0,0;4,64E-2;-541,2;20,00;3,9;3,9;42,37;3,90;0,027;0,0;0,00;0,049
900;11.08.2023;11:31:15;00:14:59;250,0;143,4;21,2;26,8;22,7;173,0;61,9;0,0;4,63E-2;-541,2;20,00;3,9;3,9;42,37;3,90;0,029;0,0;0,01;0,049
901;11.08.2023;11:31:16;00:15:00;250,0;143,4;21,2;26,8;22,7;169,7;61,5;0,0;4,63E-2;-541,2;20,00;3,9;3,9;42,37;3,90;0,034;0,0;0,00;0,049
902;11.08.2023;11:31:17;00:15:01;250,0;140,9;21,1;26,7;22,7;168,2;61,4;0,0;4,63E-2;-541,2;20,00;3,9;3,9;42,37;3,90;0,032;0,0;0,01;0,050
903;11.08.2023;11:31:18;00:15:02;250,0;140,9;21,1;26,7;22,6;165,2;61,0;0,0;4,63E-2;-541,2;20,00;3,9;3,9;42,37;3,90;0,030;0,0;0,01;0,049
904;11.08.2023;11:31:19;00:15:03;250,0;138,5;21,1;26,6;22,6;162,2;60,7;0,0;4,63E-2;-541,2;20,00;3,9;3,9;42,37;3,90;0,027;0,0;0,01;0,049
905;11.08.2023;11:31:20;00:15:04;250,0;138,5;21,1;26,6;22,6;160,7;60,5;0,0;4,62E-2;-541,2;20,00;3,9;3,9;42,37;3,90;0,026;0,0;0,01;0,049
906;11.08.2023;11:31:21;00:15:05;250,0;138,6;21,1;26,6;22,7;157,7;60,2;0,0;4,62E-2;-541,2;20,00;3,9;3,9;42,37;3,90;0,028;0,0;0,00;0,049
907;11.08.2023;11:31:22;00:15:06;250,0;136,0;21,1;26,6;22,7;154,4;59,8;0,0;4,62E-2;-541,2;20,00;3,9;3,9;42,37;3,91;0,026;0,0;0,00;0,050
908;11.08.2023;11:31:23;00:15:07;250,0;136,0;21,1;26,6;22,7;152,9;59,6;0,0;4,62E-2;-541,2;20,00;3,9;3,9;42,37;3,91;0,029;0,0;0,00;0,052
909;11.08.2023;11:31:24;00:15:08;250,0;133,5;21,1;26,5;22,7;149,9;59,2;0,0;4,61E-2;-541,2;20,00;3,9;3,8;42,37;3,91;0,025;0,0;0,01;0,049
910;11.08.2023;11:31:25;00:15:09;250,0;131,1;21,0;26,4;22,7;146,8;58,9;0,0;4,61E-2;-541,2;20,00;3,9;3,9;42,37;3,91;0,021;0,0;0,01;0,051
911;11.08.2023;11:31:26;00:15:10;250,0;131,1;21,0;26,4;22,7;145,3;58,7;0,0;4,61E-2;-541,2;20,00;3,9;3,9;42,37;3,91;0,022;0,0;0,01;0,049
912;11.08.2023;11:31:27;00:15:11;250,0;131,1;21,0;26,3;22,7;142,3;58,3;0,0;4,60E-2;-541,2;20,00;3,9;3,9;42,38;3,91;0,029;0,0;0,00;0,049
913;11.08.2023;11:31:28;00:15:12;250,0;128,7;21,0;26,3;22,7;140,8;58,2;0,0;4,60E-2;-541,2;20,00;3,9;3,9;42,38;3,91;0,027;0,0;0,00;0,049
914;11.08.2023;11:31:29;00:15:13;250,0;126,6;20,9;26,2;22,6;137,5;57,8;0,0;4,59E-2;-541,2;20,00;3,9;3,9;42,38;3,91;0,029;0,0;0,01;0,049
915;11.08.2023;11:31:30;00:15:14;250,0;126,6;20,9;26,2;22,6;134,5;57,4;0,0;4,59E-2;-541,2;20,00;3,9;3,9;42,38;3,91;0,027;0,0;0,01;0,049
916;11.08.2023;11:31:31;00:15:15;250,0;126,6;20,9;26,1;22,6;133,0;57,2;0,0;4,59E-2;-541,2;20,00;3,9;3,9;42,38;3,91;0,030;0,0;0,00;0,049
917;11.08.2023;11:31:32;00:15:16;250,0;124,4;20,9;26,1;22,6;130,0;56,8;0,0;4,59E-2;-541,2;20,00;3,9;4,0;42,38;3,91;0,028;0,0;0,01;0,049
918;11.08.2023;11:31:33;00:15:17;250,0;122,4;20,9;26,0;22,6;127,0;56,5;0,0;4,59E-2;-541,2;20,00;3,9;3,9;42,38;3,91;0,021;0,0;0,00;0,050
919;11.08.2023;11:31:34;00:15:18;250,0;122,4;20,9;26,0;22,6;125,4;56,3;0,0;4,58E-2;-541,2;20,00;3,9;3,8;42,38;3,91;0,020;0,0;0,01;0,049
920;11.08.2023;11:31:35;00:15:19;250,0;122,4;20,8;25,9;22,6;122,2;55,9;0,0;4,58E-2;-541,2;20,00;3,9;3,9;42,38;3,91;0,024;0,0;0,01;0,049
921;11.08.2023;11:31:36;00:15:20;250,0;120,3;20,8;25,9;22,6;119,2;55,5;0,0;4,58E-2;-541,2;20,00;3,9;3,9;42,38;3,91;0,027;0,0;0,01;0,049
922;11.08.2023;11:31:37;00:15:21;250,0;118,3;20,8;25,8;22,6;117,6;55,3;0,0;4,58E-2;-541,2;20,00;3,9;3,9;42,38;3,91;0,029;0,0;0,00;0,049
923;11.08.2023;11:31:38;00:15:22;250,0;118,3;20,8;25,8;22,6;115,1;55,0;0,0;4,58E-2;-541,2;20,00;3,9;3,9;42,38;3,91;0,028;0,0;0,00;0,049
924;11.08.2023;11:31:39;00:15:23;250,0;116,3;20,7;25,8;22,6;112,6;54,6;0,0;4,58E-2;-541,2;20,00;3,9;3,9;42,38;3,91;0,027;0,0;0,01;0,049
925;11.08.2023;11:31:40;00:15:24;250,0;116,3;20,8;25,8;22,6;110,1;54,3;0,0;4,57E-2;-541,2;20,00;3,9;3,9;42,38;3,91;0,026;0,0;0,01;0,049
926;11.08.2023;11:31:41;00:15:25;250,0;114,2;20,7;25,7;22,6;107,3;54,0;0,0;4,57E-2;-541,2;20,00;3,9;3,9;42,38;3,91;0,023;0,0;0,00;0,049
927;11.08.2023;11:31:42;00:15:26;250,0;114,2;20,7;25,7;22,6;104,8;53,6;0,0;4,57E-2;-541,2;20,00;3,9;3,8;42,38;3,91;0,024;0,0;0,00;0,049
928;11.08.2023;11:31:43;00:15:27;250,0;114,2;20,7;25,6;22,6;101,8;53,2;0,0;4,56E-2;-541,2;20,00;3,9;3,8;42,38;3,91;0,020;0,0;0,01;0,049
929;11.08.2023;11:31:44;00:15:28;250,0;112,1;20,7;25,6;22,6;100,3;53,0;0,0;4,56E-2;-541,2;20,00;3,9;3,9;42,38;3,91;0,022;0,0;0,00;0,049
930;11.08.2023;11:31:45;00:15:29;250,0;110,1;20,6;25,5;22,6;97,3;52,6;0,0;4,55E-2;-541,2;20,00;3,9;3,9;42,38;3,91;0,025;0,0;0,00;0,049
931;11.08.2023;11:31:46;00:15:30;250,0;110,1;20,6;25,5;22,6;94,0;52,2;0,0;4,55E-2;-541,2;20,00;3,9;3,9;42,38;3,91;0,023;0,0;0,01;0,049
932;11.08.2023;11:31:47;00:15:31;250,0;110,1;20,6;25,5;22,6;92,5;52,0;0,0;4,55E-2;-541,2;20,00;3,9;3,8;42,38;3,92;0,024;0,0;0,00;0,049
933;11.08.2023;11:31:48;00:15:32;250,0;108,1;20,6;25,4;22,6;89,5;51,6;0,0;4,55E-2;-541,2;20,00;3,9;3,9;42,38;3,92;0,024;0,0;0,01;0,049
934;11.08.2023;11:31:49;00:15:33;250,0;106,2;20,6;25,3;22,6;86,4;51,2;0,0;4,55E-2;-541,2;20,00;3,9;3,9;42,38;3,92;0,027;0,0;0,00;0,049
935;11.08.2023;11:31:50;00:15:34;250,0;106,2;20,6;25,3;22,6;84,9;51,0;0,0;4,55E-2;-541,2;20,00;3,9;3,9;42,38;3,92;0,026;0,0;0,01;0,049
936;11.08.2023;11:31:51;00:15:35;250,0;106,2;20,5;25,3;22,6;81,9;50,5;0,0;4,54E-2;-541,2;20,00;3,9;3,9;42,38;3,92;0,028;0,0;0,01;0,049
937;11.08.2023;11:31:52;00:15:36;250,0;104,4;20,5;25,3;22,5;80,4;50,3;0,0;4,54E-2;-541,2;20,00;3,9;3,9;42,39;3,92;0,026;0,0;0,00;0,049
938;11.08.2023;11:31:53;00:15:37;250,0;102,6;20,5;25,2;22,5;77,4;49,9;0,0;4,54E-2;-541,2;20,00;3,9;3,9;42,39;3,92;0,025;0,0;0,01;0,050
939;11.08.2023;11:31:54;00:15:38;250,0;102,6;20,5;25,2;22,5;74,1;49,4;0,0;4,54E-2;-541,2;20,00;3,9;3,9;42,39;3,92;0,027;0,0;0,01;0,049
940;11.08.2023;11:31:55;00:15:39;250,0;100,9;20,5;25,1;22,5;72,6;49,2;0,0;4,53E-2;-541,2;20,00;3,9;3,9;42,39;3,92;0,025;0,0;0,01;0,049
941;11.08.2023;11:31:56;00:15:40;250,0;100,9;20,4;25,1;22,5;69,6;48,8;0,0;4,53E-2;-541,2;20,00;3,9;3,9;42,39;3,92;0,026;0,0;0,01;0,049
942;11.08.2023;11:31:57;00:15:41;250,0;99,1;20,4;25,0;22,5;66,6;48,4;0,0;4,53E-2;-541,2;20,00;3,9;3,9;42,39;3,92;0,026;0,0;0,00;0,050
943;11.08.2023;11:31:58;00:15:42;250,0;99,1;20,4;25,0;22,5;65,0;48,2;0,0;4,53E-2;-541,2;20,00;3,9;3,9;42,39;3,92;0,024;0,0;0,01;0,049
944;11.08.2023;11:31:59;00:15:43;250,0;97,4;20,4;25,0;22,5;62,0;47,7;0,0;4,52E-2;-541,2;20,00;3,9;3,9;42,39;3,92;0,026;0,0;0,01;0,049
945;11.08.2023;11:32:00;00:15:44;250,0;97,4;20,4;25,0;22,5;58,8;47,3;0,0;4,52E-2;-541,2;20,00;3,9;3,9;42,39;3,92;0,023;0,0;0,01;0,049
946;11.08.2023;11:32:01;00:15:45;250,0;95,7;20,3;24,9;22,5;57,2;47,0;0,0;4,52E-2;-541,2;20,00;3,9;3,9;42,39;3,92;0,023;0,0;0,01;0,049
947;11.08.2023;11:32:02;00:15:46;250,0;95,7;20,3;24,9;22,5;54,2;46,6;0,0;4,51E-2;-541,2;20,00;3,9;3,9;42,39;3,92;0,022;0,0;0,00;0,051
948;11.08.2023;11:32:03;00:15:47;250,0;93,8;20,3;24,8;22,5;51,2;46,2;0,0;4,51E-2;-541,2;20,00;3,9;3,9;42,39;3,92;0,024;0,0;0,01;0,052
949;11.08.2023;11:32:04;00:15:48;250,0;93,8;20,3;24,8;22,5;49,7;45,9;0,0;4,51E-2;-541,2;20,00;3,9;3,9;42,39;3,92;0,023;0,0;0,01;0,051
950;11.08.2023;11:32:05;00:15:49;250,0;93,8;20,3;24,7;22,5;46,7;45,5;0,0;4,51E-2;-541,2;20,00;3,9;3,9;42,39;3,92;0,019;0,0;0,01;0,049
951;11.08.2023;11:32:06;00:15:50;250,0;92,1;20,3;24,7;22,5;44,9;45,2;0,0;4,51E-2;-541,2;20,00;3,9;3,9;42,39;3,92;0,022;0,0;0,01;0,049
952;11.08.2023;11:32:07;00:15:51;250,0;92,1;20,3;24,7;22,5;41,9;44,8;0,0;4,51E-2;-541,2;20,00;3,9;3,9;42,39;3,92;0,021;0,0;0,01;0,049
953;11.08.2023;11:32:08;00:15:52;250,0;90,3;20,2;24,6;22,5;38,9;44,3;0,0;4,50E-2;-541,2;20,00;3,9;3,9;42,39;3,92;0,016;0,0;0,01;0,049
954;11.08.2023;11:32:09;00:15:53;250,0;90,3;20,2;24,5;22,5;37,4;44,1;0,0;4,50E-2;-541,2;20,00;3,9;3,9;42,39;3,92;0,018;0,0;0,01;0,050
955;11.08.2023;11:32:10;00:15:54;250,0;88,7;20,2;24,5;22,4;34,3;43,6;0,0;4,50E-2;-541,2;20,00;3,9;3,9;42,39;3,92;0,022;0,0;0,00;0,049
956;11.08.2023;11:32:11;00:15:55;250,0;88,7;20,2;24,5;22,4;31,3;43,2;0,0;4,49E-2;-541,2;20,00;3,9;3,9;42,39;3,92;0,018;0,0;0,01;0,049
957;11.08.2023;11:32:12;00:15:56;250,0;87,2;20,2;24,5;22,4;29,6;42,9;0,0;4,49E-2;-541,2;20,00;3,9;3,9;42,39;3,93;0,022;0,0;0,01;0,049
958;11.08.2023;11:32:13;00:15:57;250,0;85,7;20,2;24,4;22,4;26,5;42,4;0,0;4,49E-2;-541,2;20,00;3,9;3,9;42,39;3,93;0,019;0,0;0,01;0,049
959;11.08.2023;11:32:14;00:15:58;250,0;85,7;20,1;24,4;22,4;23,5;42,0;0,0;4,49E-2;-541,2;20,00;3,9;3,9;42,39;3,92;0,022;0,0;0,01;0,049
960;11.08.2023;11:32:15;00:15:59;250,0;85,7;20,1;24,4;22,4;22,0;41,7;0,0;4,49E-2;-541,2;20,00;3,9;3,9;42,39;3,93;0,021;0,0;0,00;0,049
961;11.08.2023;11:32:16;00:16:00;250,0;84,2;20,1;24,3;22,4;20,0;0,0;0,0;4,49E-2;-541,2;20,00;3,0;3,8;42,38;3,93;0,016;0,0;0,00;0,050
