Nr.;Datum;Zeit;P.Zeit;AV Pyro top;AV Control TC;AV Piston TC Top;AV Piston TC Bot;AV Transformer T;SV Temperature  ;AV CZ Output;AV abs. pressure;Vacuum;AV rel. pressure;SV Rel. Pressure;SV Force        ;AV Force;AV Abs. Piston T;AV Rel. Piston T;AV Speed;Power;U RMS;I RMS
;;;;°C;°C;°C;°C;°C;°C    ;%;mbar(a;mbar(a;mbar(g;mbar(g;kN    ;kN;mm;mm;mm/min;kW;V;kA
1;11.08.2023;11:36:45;00:00:00;250,0;23,2;18,8;19,4;21,5;20,0;0,0;1009,3;1,01E3;-3,4;20,00;3,0;3,0;38,28;0,37;0,465;0,0;0,01;0,049
2;11.08.2023;11:36:46;00:00:01;250,0;23,1;18,8;19,4;21,5;20,0;0,0;1009,2;1,01E3;-3,4;20,00;3,0;3,0;38,29;0,37;0,278;0,0;0,01;0,049
3;11.08.2023;11:36:47;00:00:02;250,0;23,1;18,8;19,4;21,4;20,0;0,0;1009,2;1,01E3;-3,5;20,00;3,0;3,0;38,29;0,37;0,169;0,0;0,01;0,049
4;11.08.2023;11:36:48;00:00:03;250,0;23,0;18,8;19,3;21,4;20,0;0,0;1009,1;1,01E3;-3,7;20,00;3,0;2,9;38,28;0,37;0,100;0,0;0,01;0,049
5;11.08.2023;11:36:49;00:00:04;250,0;23,0;18,8;19,3;21,4;20,0;0,0;1009,1;1,01E3;-3,7;20,00;3,0;2,9;38,28;0,37;0,074;0,0;0,00;0,049
6;11.08.2023;11:36:50;00:00:05;250,0;23,0;18,8;19,3;21,4;20,0;0,0;1009,0;1,01E3;-3,7;20,00;3,0;2,9;38,28;0,37;0,043;0,0;0,00;0,049
7;11.08.2023;11:36:51;00:00:06;250,0;22,9;18,8;19,3;21,4;20,0;0,0;1008,9;1,01E3;-3,7;20,00;3,0;3,0;38,28;0,37;0,024;0,0;0,01;0,049
8;11.08.2023;11:36:52;00:00:07;250,0;22,8;18,8;19,3;21,4;20,0;0,0;1008,9;1,01E3;-3,7;20,00;3,0;3,0;38,28;0,37;0,016;0,0;0,00;0,049
9;11.08.2023;11:36:53;00:00:08;250,0;22,8;18,8;19,3;21,4;20,0;0,0;994,7;9,95E2;-15,4;20,00;3,0;3,0;38,28;0,37;0,008;0,0;0,01;0,049
10;11.08.2023;11:36:54;00:00:09;250,0;22,7;18,8;19,2;21,4;20,0;0,0;941,4;9,41E2;-66,1;20,00;3,0;3,0;38,28;0,37;0,004;0,0;0,00;0,049
11;11.08.2023;11:36:55;00:00:10;250,0;22,7;18,8;19,2;21,4;20,0;0,0;917,6;9,18E2;-93,3;20,00;3,0;2,9;38,28;0,37;0,002;0,0;0,00;0,049
12;11.08.2023;11:36:56;00:00:11;250,0;22,5;18,8;19,2;21,4;20,0;0,0;872,9;8,73E2;-135,8;20,00;3,0;3,0;38,28;0,37;0,005;0,0;0,01;0,049
13;11.08.2023;11:36:57;00:00:12;250,0;22,4;18,8;19,1;21,4;20,0;0,0;832,4;8,32E2;-178,5;20,00;3,0;3,0;38,28;0,37;0,005;0,0;0,00;0,049
14;11.08.2023;11:36:58;00:00:13;250,0;22,4;18,8;19,1;21,4;20,0;0,0;813,5;8,13E2;-195,4;20,00;3,0;3,0;38,28;0,37;0,004;0,0;0,00;0,050
15;11.08.2023;11:36:59;00:00:14;250,0;22,4;18,8;19,1;21,4;20,0;0,0;780,3;7,80E2;-230,8;20,00;3,0;3,0;38,28;0,37;0,010;0,0;0,00;0,049
16;11.08.2023;11:37:00;00:00:15;250,0;22,3;18,8;19,0;21,4;20,0;0,0;764,0;7,64E2;-246,5;20,00;3,0;3,0;38,28;0,37;0,009;0,0;0,00;0,049
17;11.08.2023;11:37:01;00:00:16;250,0;22,3;18,8;19,0;21,4;20,0;0,0;732,3;7,32E2;-279,1;20,00;3,0;3,0;38,29;0,37;0,010;0,0;0,00;0,049
18;11.08.2023;11:37:02;00:00:17;250,0;22,1;18,7;18,6;21,3;20,0;0,0;701,0;7,01E2;-307,8;20,00;3,0;3,0;38,29;0,37;0,015;0,0;0,00;0,049
19;11.08.2023;11:37:03;00:00:18;250,0;22,1;18,7;18,6;21,3;20,0;0,0;687,9;6,88E2;-323,8;20,00;3,0;3,0;38,29;0,37;0,016;0,0;0,01;0,049
20;11.08.2023;11:37:04;00:00:19;250,0;22,0;18,7;18,3;21,3;20,0;0,0;657,6;6,58E2;-352,1;20,00;3,0;3,0;38,29;0,37;0,026;0,0;0,01;0,049
21;11.08.2023;11:37:05;00:00:20;250,0;22,0;18,6;18,3;21,3;20,0;0,0;631,5;6,31E2;-379,0;20,00;3,0;3,0;38,29;0,38;0,040;0,0;0,01;0,049
22;11.08.2023;11:37:06;00:00:21;250,0;22,0;18,6;18,3;21,3;20,0;0,0;619,0;6,19E2;-391,0;20,00;3,0;3,0;38,29;0,38;0,044;0,0;0,00;0,049
23;11.08.2023;11:37:07;00:00:22;250,0;21,8;18,6;17,8;21,3;20,0;0,0;595,0;5,95E2;-415,9;20,00;3,0;3,0;38,29;0,38;0,048;0,0;0,01;0,049
24;11.08.2023;11:37:08;00:00:23;250,0;21,7;18,6;17,3;21,3;20,0;0,0;571,4;5,71E2;-439,9;20,00;3,0;3,0;38,29;0,38;0,051;0,0;0,01;0,049
25;11.08.2023;11:37:09;00:00:24;250,0;21,7;18,6;17,3;21,3;20,0;0,0;560,2;5,60E2;-450,5;20,00;3,0;3,0;38,29;0,38;0,055;0,0;0,01;0,049
26;11.08.2023;11:37:10;00:00:25;250,0;21,6;18,6;16,8;21,3;20,0;0,0;537,1;5,37E2;-474,6;20,00;3,0;3,0;38,29;0,38;0,061;0,0;0,01;0,049
27;11.08.2023;11:37:11;00:00:26;250,0;21,6;18,6;16,8;21,3;20,0;0,0;516,0;5,16E2;-494,2;20,00;3,0;3,1;38,29;0,38;0,057;0,0;0,00;0,049
28;11.08.2023;11:37:12;00:00:27;250,0;21,5;18,6;16,3;21,3;20,0;0,0;505,8;5,06E2;-503,8;20,00;3,0;3,0;38,30;0,38;0,060;0,0;0,01;0,049
29;11.08.2023;11:37:13;00:00:28;250,0;21,5;18,6;16,3;21,3;20,0;0,0;486,3;4,86E2;-523,8;20,00;3,0;3,0;38,30;0,38;0,062;0,0;0,01;0,049
30;11.08.2023;11:37:14;00:00:29;250,0;21,4;18,6;15,8;21,3;20,0;0,0;477,2;4,77E2;-532,7;20,00;3,0;3,0;38,30;0,38;0,061;0,0;0,00;0,049
31;11.08.2023;11:37:15;00:00:30;250,0;21,4;18,6;15,8;21,3;20,0;0,0;458,4;4,58E2;-541,2;20,00;3,0;3,0;38,30;0,38;0,064;0,0;0,01;0,049
32;11.08.2023;11:37:16;00:00:31;250,0;21,2;18,6;15,3;21,3;20,0;0,0;438,8;4,39E2;-541,2;20,00;3,0;3,0;38,30;0,39;0,073;0,0;0,00;0,049
33;11.08.2023;11:37:17;00:00:32;250,0;21,2;18,6;15,3;21,3;20,0;0,0;430,2;4,30E2;-541,2;20,00;3,0;3,0;38,30;0,39;0,077;0,0;0,00;0,049
34;11.08.2023;11:37:18;00:00:33;250,0;21,1;18,6;14,9;21,3;20,0;0,0;414,2;4,14E2;-541,2;20,00;3,0;3,0;38,30;0,39;0,076;0,0;0,01;0,049
35;11.08.2023;11:37:19;00:00:34;250,0;21,1;18,6;14,4;21,3;20,0;0,0;397,6;3,98E2;-541,2;20,00;3,0;3,0;38,31;0,39;0,078;0,0;0,01;0,049
36;11.08.2023;11:37:20;00:00:35;250,0;21,0;18,6;14,4;21,3;20,0;0,0;390,7;3,91E2;-541,2;20,00;3,0;3,0;38,31;0,39;0,080;0,0;0,01;0,049
37;11.08.2023;11:37:21;00:00:36;250,0;20,9;18,6;14,4;21,2;20,0;0,0;374,3;3,74E2;-541,2;20,00;3,0;3,0;38,31;0,39;0,086;0,0;0,00;0,049
38;11.08.2023;11:37:22;00:00:37;250,0;20,8;18,5;13,9;21,2;20,0;0,0;359,7;3,60E2;-541,2;20,00;3,0;3,0;38,31;0,40;0,088;0,0;0,01;0,050
39;11.08.2023;11:37:23;00:00:38;250,0;20,8;18,5;13,9;21,2;20,0;0,0;352,9;3,53E2;-541,2;20,00;3,0;3,0;38,31;0,40;0,086;0,0;0,01;0,049
40;11.08.2023;11:37:24;00:00:39;250,0;20,7;18,5;13,5;21,2;20,0;0,0;339,2;3,39E2;-541,2;20,00;3,0;3,0;38,31;0,40;0,084;0,0;0,01;0,049
41;11.08.2023;11:37:25;00:00:40;250,0;20,7;18,5;13,5;21,2;20,0;0,0;332,7;3,33E2;-541,2;20,00;3,0;3,0;38,31;0,40;0,084;0,0;0,01;0,049
42;11.08.2023;11:37:26;00:00:41;250,0;20,7;18,5;13,5;21,2;20,0;0,0;319,4;3,19E2;-541,2;20,00;3,0;3,0;38,32;0,40;0,086;0,0;0,01;0,049
43;11.08.2023;11:37:27;00:00:42;250,0;20,6;18,5;13,1;21,2;20,0;0,0;307,8;3,08E2;-541,2;20,00;3,0;3,0;38,32;0,40;0,086;0,0;0,01;0,049
44;11.08.2023;11:37:28;00:00:43;250,0;20,5;18,5;12,8;21,2;20,0;0,0;300,7;3,01E2;-541,2;20,00;3,0;3,0;38,32;0,40;0,087;0,0;0,00;0,049
45;11.08.2023;11:37:29;00:00:44;250,0;20,5;18,5;12,8;21,2;20,0;0,0;289,4;2,89E2;-541,2;20,00;3,0;3,0;38,32;0,41;0,093;0,0;0,01;0,049
46;11.08.2023;11:37:30;00:00:45;250,0;20,4;18,5;12,5;21,2;20,0;0,0;278,2;2,78E2;-541,2;20,00;3,0;3,0;38,32;0,41;0,093;0,0;0,00;0,049
47;11.08.2023;11:37:31;00:00:46;250,0;20,4;18,5;12,5;21,2;20,0;0,0;272,9;2,73E2;-541,2;20,00;3,0;3,0;38,32;0,41;0,095;0,0;0,00;0,049
48;11.08.2023;11:37:32;00:00:47;250,0;20,4;18,5;12,2;21,2;20,0;0,0;262,4;2,62E2;-541,2;20,00;3,0;3,0;38,33;0,41;0,099;0,0;0,00;0,049
49;11.08.2023;11:37:33;00:00:48;250,0;20,4;18,5;12,2;21,2;20,0;0,0;252,4;2,52E2;-541,2;20,00;3,0;3,0;38,33;0,41;0,097;0,0;0,01;0,049
50;11.08.2023;11:37:34;00:00:49;250,0;20,4;18,5;12,0;21,2;20,0;0,0;246,8;2,47E2;-541,2;20,00;3,0;3,0;38,33;0,41;0,099;0,0;0,00;0,049
51;11.08.2023;11:37:35;00:00:50;250,0;20,3;18,5;12,0;21,2;20,0;0,0;237,6;2,38E2;-541,2;20,00;3,0;3,0;38,33;0,42;0,098;0,0;0,00;0,049
52;11.08.2023;11:37:36;00:00:51;250,0;20,2;18,5;11,8;21,2;20,0;0,0;228,4;2,28E2;-541,2;20,00;3,0;3,0;38,33;0,42;0,098;0,0;0,01;0,049
53;11.08.2023;11:37:37;00:00:52;250,0;20,2;18,5;11,8;21,2;20,0;0,0;224,2;2,24E2;-541,2;20,00;3,0;3,0;38,33;0,42;0,099;0,0;0,01;0,049
54;11.08.2023;11:37:38;00:00:53;250,0;20,1;18,5;11,6;21,2;20,0;0,0;215,4;2,15E2;-541,2;20,00;3,0;3,0;38,34;0,42;0,095;0,0;0,01;0,049
55;11.08.2023;11:37:39;00:00:54;250,0;20,1;18,5;11,6;21,2;20,0;0,0;211,4;2,11E2;-541,2;20,00;3,0;3,0;38,34;0,42;0,097;0,0;0,00;0,049
56;11.08.2023;11:37:40;00:00:55;250,0;20,1;18,5;11,5;21,2;20,0;0,0;202,5;2,03E2;-541,2;20,00;3,0;3,0;38,34;0,42;0,094;0,0;0,01;0,049
57;11.08.2023;11:37:41;00:00:56;250,0;20,1;18,4;11,5;21,2;20,0;0,0;194,9;1,95E2;-541,2;20,00;3,0;3,0;38,34;0,43;0,095;0,0;0,00;0,049
58;11.08.2023;11:37:42;00:00:57;250,0;20,0;18,4;11,5;21,2;20,0;0,0;191,3;1,91E2;-541,2;20,00;3,0;3,0;38,34;0,43;0,094;0,0;0,00;0,049
59;11.08.2023;11:37:43;00:00:58;250,0;20,0;18,4;11,3;21,2;20,0;0,0;184,0;1,84E2;-541,2;20,00;3,0;3,0;38,34;0,43;0,091;0,0;0,01;0,049
60;11.08.2023;11:37:44;00:00:59;250,0;19,9;18,4;11,3;21,2;20,0;0,0;177,1;1,77E2;-541,2;20,00;3,0;3,0;38,35;0,43;0,090;0,0;0,00;0,049
61;11.08.2023;11:37:45;00:01:00;250,0;19,9;18,4;11,3;21,2;20,0;0,0;173,7;1,74E2;-541,2;20,00;3,0;3,0;38,35;0,43;0,088;0,0;0,00;0,049
62;11.08.2023;11:37:46;00:01:01;250,0;19,9;18,4;11,2;21,2;20,0;0,0;162,2;1,62E2;-541,2;20,00;3,0;3,0;38,35;0,43;0,089;0,0;0,01;0,049
63;11.08.2023;11:37:47;00:01:02;250,0;19,8;18,4;11,2;21,2;20,0;0,0;149,6;1,50E2;-541,2;20,00;3,0;3,0;38,35;0,43;0,091;0,0;0,01;0,049
64;11.08.2023;11:37:48;00:01:03;250,0;19,8;18,4;11,2;21,2;20,0;0,0;143,8;1,44E2;-541,2;20,00;3,0;3,0;38,35;0,44;0,093;0,0;0,00;0,049
65;11.08.2023;11:37:49;00:01:04;250,0;19,8;18,4;11,2;21,2;20,0;0,0;132,9;1,33E2;-541,2;20,00;3,0;3,0;38,35;0,44;0,093;0,0;0,01;0,049
66;11.08.2023;11:37:50;00:01:05;250,0;19,7;18,4;11,2;21,2;20,0;0,0;123,4;1,23E2;-541,2;20,00;3,0;3,0;38,35;0,44;0,094;0,0;0,01;0,049
67;11.08.2023;11:37:51;00:01:06;250,0;19,7;18,4;11,2;21,2;20,0;0,0;119,0;1,19E2;-541,2;20,00;3,0;3,0;38,36;0,44;0,095;0,0;0,00;0,049
68;11.08.2023;11:37:52;00:01:07;250,0;19,7;18,4;11,2;21,2;20,0;0,0;109,7;1,10E2;-541,2;20,00;3,0;3,0;38,36;0,44;0,099;0,0;0,00;0,049
69;11.08.2023;11:37:53;00:01:08;250,0;19,7;18,4;11,2;21,2;20,0;0,0;105,8;1,06E2;-541,2;20,00;3,0;3,0;38,36;0,44;0,102;0,0;0,01;0,049
70;11.08.2023;11:37:54;00:01:09;250,0;19,6;18,4;11,2;21,2;20,0;0,0;98,2;9,82E1;-541,2;20,00;3,0;3,0;38,36;0,45;0,103;0,0;0,01;0,051
71;11.08.2023;11:37:55;00:01:10;250,0;19,6;18,4;11,2;21,2;20,0;0,0;91,6;9,16E1;-541,2;20,00;3,0;3,0;38,36;0,45;0,098;0,0;0,00;0,049
72;11.08.2023;11:37:56;00:01:11;250,0;19,6;18,4;11,2;21,2;20,0;0,0;88,3;8,83E1;-541,2;20,00;3,0;3,0;38,36;0,45;0,095;0,0;0,00;0,049
73;11.08.2023;11:37:57;00:01:12;250,0;19,6;18,4;11,2;21,2;20,0;0,0;82,2;8,22E1;-541,2;20,00;3,0;3,0;38,37;0,45;0,094;0,0;0,01;0,049
74;11.08.2023;11:37:58;00:01:13;250,0;19,5;18,4;11,2;21,2;20,0;0,0;76,0;7,60E1;-541,2;20,00;3,0;3,0;38,37;0,45;0,092;0,0;0,01;0,049
75;11.08.2023;11:37:59;00:01:14;250,0;19,5;18,4;11,2;21,2;20,0;0,0;73,4;7,34E1;-541,2;20,00;3,0;3,0;38,37;0,45;0,091;0,0;0,00;0,049
76;11.08.2023;11:38:00;00:01:15;250,0;19,5;18,4;11,2;21,2;20,0;0,0;68,0;6,80E1;-541,2;20,00;3,0;3,0;38,37;0,45;0,088;0,0;0,01;0,049
77;11.08.2023;11:38:01;00:01:16;250,0;19,5;18,5;11,2;21,2;20,0;0,0;63,1;6,31E1;-541,2;20,00;3,0;3,0;38,37;0,46;0,088;0,0;0,00;0,049
78;11.08.2023;11:38:02;00:01:17;250,0;19,5;18,5;11,2;21,2;20,0;0,0;60,8;6,08E1;-541,2;20,00;3,0;3,0;38,37;0,46;0,088;0,0;0,00;0,050
79;11.08.2023;11:38:03;00:01:18;250,0;19,4;18,5;11,2;21,2;20,0;0,0;56,3;5,63E1;-541,2;20,00;3,0;3,0;38,37;0,46;0,081;0,0;0,01;0,049
80;11.08.2023;11:38:04;00:01:19;250,0;19,4;18,5;11,2;21,2;20,0;0,0;54,1;5,41E1;-541,2;20,00;3,0;3,0;38,37;0,46;0,080;0,0;0,00;0,049
81;11.08.2023;11:38:05;00:01:20;250,0;19,4;18,5;11,2;21,2;20,0;0,0;50,1;5,01E1;-541,2;20,00;3,0;3,0;38,37;0,46;0,071;0,0;0,00;0,049
82;11.08.2023;11:38:06;00:01:21;250,0;19,4;18,5;11,3;21,2;20,0;0,0;46,5;4,65E1;-541,2;20,00;3,0;3,0;38,38;0,46;0,067;0,0;0,01;0,049
83;11.08.2023;11:38:07;00:01:22;250,0;19,4;18,5;11,3;21,2;20,0;0,0;45,0;4,50E1;-541,2;20,00;3,0;3,0;38,38;0,46;0,066;0,0;0,00;0,049
84;11.08.2023;11:38:08;00:01:23;250,0;19,3;18,4;11,3;21,2;20,0;0,0;41,8;4,18E1;-541,2;20,00;3,0;3,0;38,38;0,46;0,058;0,0;0,01;0,049
85;11.08.2023;11:38:09;00:01:24;250,0;19,3;18,4;11,3;21,2;20,0;0,0;38,7;3,87E1;-541,2;20,00;3,0;3,0;38,38;0,47;0,055;0,0;0,00;0,049
86;11.08.2023;11:38:10;00:01:25;250,0;19,3;18,4;11,4;21,2;20,0;0,0;37,3;3,73E1;-541,2;20,00;3,0;3,0;38,38;0,46;0,053;0,0;0,00;0,049
87;11.08.2023;11:38:11;00:01:26;250,0;19,3;18,4;11,4;21,2;20,0;0,0;34,5;3,45E1;-541,2;20,00;3,0;3,0;38,38;0,47;0,061;0,0;0,01;0,049
88;11.08.2023;11:38:12;00:01:27;250,0;19,2;18,5;11,5;21,2;20,0;0,0;31,9;3,19E1;-541,2;20,00;3,0;3,0;38,38;0,47;0,061;0,0;0,00;0,049
89;11.08.2023;11:38:13;00:01:28;250,0;19,2;18,5;11,5;21,2;20,0;0,0;30,7;3,07E1;-541,2;20,00;3,0;3,0;38,38;0,47;0,061;0,0;0,01;0,049
90;11.08.2023;11:38:14;00:01:29;250,0;19,2;18,5;11,6;21,2;20,0;0,0;28,4;2,84E1;-541,2;20,00;3,0;3,0;38,38;0,47;0,056;0,0;0,00;0,049
91;11.08.2023;11:38:15;00:01:30;250,0;19,2;18,5;11,6;21,2;20,0;0,0;26,6;2,66E1;-541,2;20,00;3,0;3,0;38,38;0,47;0,048;0,0;0,01;0,049
92;11.08.2023;11:38:16;00:01:31;250,0;19,2;18,5;11,7;21,2;20,0;0,0;25,9;2,59E1;-541,2;20,00;3,0;3,0;38,38;0,47;0,046;0,0;0,01;0,049
93;11.08.2023;11:38:17;00:01:32;250,0;19,2;18,5;11,7;21,2;20,0;0,0;23,3;2,33E1;-541,2;20,00;3,0;3,0;38,38;0,47;0,042;0,0;0,01;0,049
94;11.08.2023;11:38:18;00:01:33;250,0;19,1;18,5;11,8;21,2;20,0;0,0;22,7;2,27E1;-541,2;20,00;3,0;3,0;38,39;0,47;0,041;0,0;0,01;0,050
95;11.08.2023;11:38:19;00:01:34;250,0;19,1;18,5;11,8;21,2;20,0;0,0;20,7;2,07E1;-541,2;20,00;3,0;3,0;38,39;0,47;0,039;0,0;0,01;0,049
96;11.08.2023;11:38:20;00:01:35;250,0;19,1;18,5;11,9;21,2;20,0;0,0;19,7;1,97E1;-541,2;20,00;3,0;3,0;38,39;0,47;0,034;0,0;0,00;0,049
97;11.08.2023;11:38:21;00:01:36;250,0;19,1;18,5;11,9;21,1;20,0;0,0;19,1;1,91E1;-541,2;20,00;3,0;3,0;38,39;0,47;0,032;0,0;0,01;0,049
98;11.08.2023;11:38:22;00:01:37;250,0;19,0;18,3;11,8;21,1;20,0;0,0;17,8;1,78E1;-541,2;20,00;3,0;3,0;38,39;0,47;0,031;0,0;0,01;0,049
99;11.08.2023;11:38:23;00:01:38;250,0;19,0;18,3;11,9;21,1;20,0;0,0;16,0;1,60E1;-541,2;20,00;3,0;3,0;38,39;0,47;0,029;0,0;0,00;0,049
100;11.08.2023;11:38:24;00:01:39;250,0;18,9;18,3;12,0;21,1;20,0;0,0;15,5;1,55E1;-541,2;20,00;3,0;3,0;38,39;0,47;0,030;0,0;0,01;0,049
101;11.08.2023;11:38:25;00:01:40;250,0;18,9;18,3;12,0;21,1;20,0;0,0;14,3;1,43E1;-541,2;20,00;3,0;3,0;38,39;0,47;0,030;0,0;0,00;0,049
102;11.08.2023;11:38:26;00:01:41;250,0;18,9;18,3;12,1;21,1;20,0;0,0;13,3;1,33E1;-541,2;20,00;3,0;3,0;38,39;0,47;0,035;0,0;0,01;0,049
103;11.08.2023;11:38:27;00:01:42;250,0;18,9;18,3;12,1;21,1;20,0;0,0;13,0;1,30E1;-541,2;20,00;3,0;3,0;38,39;0,47;0,035;0,0;0,00;0,049
104;11.08.2023;11:38:28;00:01:43;250,0;18,9;18,3;12,3;21,1;20,0;0,0;12,4;1,24E1;-541,2;20,00;3,0;3,0;38,39;0,47;0,033;0,0;0,01;0,049
105;11.08.2023;11:38:29;00:01:44;250,0;18,8;18,3;12,4;21,1;20,0;0,0;11,3;1,13E1;-541,2;20,00;3,0;3,0;38,39;0,48;0,031;0,0;0,01;0,049
106;11.08.2023;11:38:30;00:01:45;250,0;18,8;18,3;12,4;21,1;20,0;0,0;10,9;1,09E1;-541,2;20,00;3,0;3,0;38,39;0,48;0,029;0,0;0,01;0,049
107;11.08.2023;11:38:31;00:01:46;250,0;18,8;18,3;12,4;21,1;20,0;0,0;9,8;9,81E0;-541,2;20,00;3,0;3,0;38,39;0,48;0,025;0,0;0,00;0,049
108;11.08.2023;11:38:32;00:01:47;250,0;18,8;18,3;12,5;21,1;20,0;0,0;9,5;9,48E0;-541,2;20,00;3,0;3,0;38,39;0,48;0,024;0,0;0,01;0,049
109;11.08.2023;11:38:33;00:01:48;250,0;18,8;18,3;12,5;21,1;20,0;0,0;8,4;8,41E0;-541,2;20,00;3,0;3,0;38,39;0,48;0,027;0,0;0,00;0,049
110;11.08.2023;11:38:34;00:01:49;250,0;18,8;18,3;12,7;21,1;20,0;0,0;7,5;7,46E0;-541,2;20,00;3,0;3,0;38,39;0,48;0,025;0,0;0,01;0,049
111;11.08.2023;11:38:35;00:01:50;250,0;18,8;18,3;12,7;21,1;20,0;0,0;7,0;7,04E0;-541,2;20,00;3,0;3,0;38,39;0,48;0,024;0,0;0,01;0,049
112;11.08.2023;11:38:36;00:01:51;250,0;18,8;18,3;12,8;21,1;20,0;0,0;6,5;6,49E0;-541,2;20,00;3,0;3,0;38,39;0,48;0,026;0,0;0,00;0,049
113;11.08.2023;11:38:37;00:01:52;250,0;18,8;18,3;12,8;21,1;20,0;0,0;5,7;5,74E0;-541,2;20,00;3,0;3,0;38,39;0,48;0,018;0,0;0,01;0,049
114;11.08.2023;11:38:38;00:01:53;250,0;18,8;18,3;12,9;21,1;20,0;0,0;5,4;5,39E0;-541,2;20,00;3,0;3,0;38,39;0,48;0,016;0,0;0,01;0,049
115;11.08.2023;11:38:39;00:01:54;250,0;18,8;18,3;13,0;21,1;20,0;0,0;5,1;5,14E0;-541,2;20,00;3,0;3,0;38,39;0,48;0,016;0,0;0,00;0,049
116;11.08.2023;11:38:40;00:01:55;250,0;18,7;18,3;13,0;21,1;20,0;0,0;4,7;4,66E0;-541,2;20,00;3,0;3,0;38,39;0,48;0,020;0,0;0,01;0,049
117;11.08.2023;11:38:41;00:01:56;250,0;18,8;18,3;13,1;21,2;20,0;0,0;4,3;4,26E0;-541,2;20,00;3,0;3,0;38,40;0,48;0,020;0,0;0,00;0,049
118;11.08.2023;11:38:42;00:01:57;250,0;18,8;18,4;13,2;21,2;20,0;0,0;3,9;3,94E0;-541,2;20,00;3,0;3,0;38,39;0,48;0,019;0,0;0,00;0,049
119;11.08.2023;11:38:43;00:01:58;250,0;18,8;18,4;13,2;21,2;20,0;0,0;3,8;3,85E0;-541,2;20,00;3,0;3,0;38,40;0,48;0,019;0,0;0,00;0,049
120;11.08.2023;11:38:44;00:01:59;250,0;18,8;18,4;13,4;21,2;20,0;0,0;3,5;3,54E0;-541,2;20,00;3,0;3,1;38,40;0,48;0,018;0,0;0,01;0,049
121;11.08.2023;11:38:45;00:02:00;250,0;18,8;18,4;13,4;21,2;20,0;0,0;3,2;3,25E0;-541,2;20,00;3,0;3,0;38,40;0,48;0,016;0,0;0,00;0,049
122;11.08.2023;11:38:46;00:02:01;250,0;18,7;18,4;13,5;21,2;20,0;0,0;3,1;3,09E0;-541,2;20,00;3,0;3,0;38,40;0,48;0,015;0,0;0,01;0,049
123;11.08.2023;11:38:47;00:02:02;250,0;18,7;18,4;13,5;21,2;20,0;0,0;2,8;2,81E0;-541,2;20,00;3,0;3,0;38,40;0,48;0,019;0,0;0,00;0,049
124;11.08.2023;11:38:48;00:02:03;250,0;18,7;18,4;13,6;21,1;20,0;0,0;2,7;2,65E0;-541,2;20,00;3,0;3,0;38,40;0,48;0,019;0,0;0,00;0,049
125;11.08.2023;11:38:49;00:02:04;250,0;18,7;18,4;13,6;21,1;20,0;0,0;2,6;2,62E0;-541,2;20,00;3,0;3,0;38,40;0,48;0,019;0,0;0,01;0,049
126;11.08.2023;11:38:50;00:02:05;250,0;18,7;18,4;13,7;21,1;20,0;0,0;2,4;2,39E0;-541,2;20,00;3,0;3,0;38,40;0,48;0,016;0,0;0,00;0,049
127;11.08.2023;11:38:51;00:02:06;250,0;18,7;18,4;13,7;21,1;20,0;0,0;2,2;2,23E0;-541,2;20,00;3,0;3,0;38,40;0,48;0,012;0,0;0,00;0,049
128;11.08.2023;11:38:52;00:02:07;250,0;18,7;18,4;13,8;21,1;20,0;0,0;2,2;2,19E0;-541,2;20,00;3,0;3,0;38,40;0,48;0,012;0,0;0,00;0,049
129;11.08.2023;11:38:53;00:02:08;250,0;18,7;18,4;13,8;21,1;20,0;0,0;2,0;1,97E0;-541,2;20,00;3,0;3,0;38,40;0,48;0,015;0,0;0,01;0,049
130;11.08.2023;11:38:54;00:02:09;250,0;18,7;18,4;13,9;21,1;20,0;0,0;1,9;1,89E0;-541,2;20,00;3,0;3,0;38,40;0,48;0,012;0,0;0,00;0,049
131;11.08.2023;11:38:55;00:02:10;250,0;18,7;18,4;14,0;21,1;20,0;0,0;1,8;1,80E0;-541,2;20,00;3,0;3,0;38,40;0,48;0,014;0,0;0,01;0,049
132;11.08.2023;11:38:56;00:02:11;250,0;18,7;18,4;14,0;21,1;20,0;0,0;1,7;1,70E0;-541,2;20,00;3,0;3,0;38,40;0,48;0,014;0,0;0,00;0,049
133;11.08.2023;11:38:57;00:02:12;250,0;18,7;18,4;14,0;21,1;20,0;0,0;1,7;1,67E0;-541,2;20,00;3,0;3,0;38,40;0,48;0,014;0,0;0,01;0,049
134;11.08.2023;11:38:58;00:02:13;250,0;18,6;18,4;14,1;21,1;20,0;0,0;1,6;1,60E0;-541,2;20,00;3,0;3,0;38,40;0,48;0,018;0,0;0,01;0,049
135;11.08.2023;11:38:59;00:02:14;250,0;18,6;18,4;14,1;21,1;20,0;0,0;1,5;1,49E0;-541,2;20,00;3,0;3,0;38,40;0,48;0,017;0,0;0,01;0,049
136;11.08.2023;11:39:00;00:02:15;250,0;18,6;18,4;14,2;21,1;20,0;0,0;1,5;1,46E0;-541,2;20,00;3,0;3,0;38,40;0,48;0,019;0,0;0,01;0,049
137;11.08.2023;11:39:01;00:02:16;250,0;18,6;18,4;14,2;21,0;20,0;0,0;1,4;1,40E0;-541,2;20,00;3,0;3,0;38,40;0,48;0,014;0,0;0,00;0,049
138;11.08.2023;11:39:02;00:02:17;250,0;18,5;18,3;14,2;21,0;20,0;0,0;1,3;1,34E0;-541,2;20,00;3,0;3,0;38,40;0,48;0,012;0,0;0,01;0,049
139;11.08.2023;11:39:03;00:02:18;250,0;18,5;18,3;14,2;21,0;20,0;0,0;1,3;1,29E0;-541,2;20,00;3,0;3,0;38,40;0,48;0,011;0,0;0,01;0,049
140;11.08.2023;11:39:04;00:02:19;250,0;18,4;18,3;14,3;21,0;20,0;0,0;1,2;1,23E0;-541,2;20,00;3,0;3,0;38,40;0,49;0,010;0,0;0,01;0,049
141;11.08.2023;11:39:05;00:02:20;250,0;18,4;18,3;14,3;21,0;20,0;0,0;1,2;1,19E0;-541,2;20,00;3,0;3,0;38,40;0,49;0,010;0,0;0,00;0,049
142;11.08.2023;11:39:06;00:02:21;250,0;18,4;18,3;14,4;21,0;20,0;0,0;1,2;1,16E0;-541,2;20,00;3,0;3,0;38,40;0,49;0,009;0,0;0,01;0,049
143;11.08.2023;11:39:07;00:02:22;250,0;18,4;18,3;14,4;21,0;20,0;0,0;1,1;1,11E0;-541,2;20,00;3,0;3,0;38,40;0,49;0,008;0,0;0,01;0,049
144;11.08.2023;11:39:08;00:02:23;250,0;18,4;18,3;14,5;21,0;20,0;0,0;1,1;1,08E0;-541,2;20,00;3,0;3,0;38,40;0,49;0,011;0,0;0,00;0,049
145;11.08.2023;11:39:09;00:02:24;250,0;18,4;18,3;14,5;21,0;20,0;0,0;1,1;1,06E0;-541,2;20,00;3,0;3,0;38,40;0,49;0,012;0,0;0,01;0,049
146;11.08.2023;11:39:10;00:02:25;250,0;18,4;18,3;14,6;21,0;20,0;0,0;1,0;1,03E0;-541,2;20,00;3,0;3,0;38,40;0,49;0,009;0,0;0,00;0,049
147;11.08.2023;11:39:11;00:02:26;250,0;18,4;18,3;14,6;21,0;20,0;0,0;1,0;9,96E-1;-541,2;20,00;3,0;3,0;38,40;0,49;0,006;0,0;0,00;0,049
148;11.08.2023;11:39:12;00:02:27;250,0;18,4;18,3;14,7;21,0;20,0;0,0;1,0;9,65E-1;-541,2;20,00;3,0;3,0;38,40;0,49;0,007;0,0;0,00;0,049
149;11.08.2023;11:39:13;00:02:28;250,0;18,4;18,3;14,7;21,0;20,0;0,0;0,9;9,35E-1;-541,2;20,00;3,0;3,0;38,40;0,49;0,007;0,0;0,01;0,053
150;11.08.2023;11:39:14;00:02:29;250,0;18,4;18,3;14,8;21,0;20,0;0,0;0,9;9,20E-1;-541,2;20,00;3,0;3,0;38,40;0,49;0,007;0,0;0,00;0,052
151;11.08.2023;11:39:15;00:02:30;250,0;18,4;18,3;14,8;21,0;20,0;0,0;0,9;8,93E-1;-541,2;20,00;3,0;3,0;38,40;0,49;0,005;0,0;0,00;0,049
152;11.08.2023;11:39:16;00:02:31;250,0;18,4;18,3;14,8;21,0;20,0;0,0;0,9;8,65E-1;-541,2;20,00;3,0;3,0;38,40;0,49;0,005;0,0;0,00;0,049
153;11.08.2023;11:39:17;00:02:32;250,0;18,4;18,3;14,8;21,0;20,0;0,0;0,9;8,51E-1;-541,2;20,00;3,0;3,0;38,40;0,49;0,008;0,0;0,00;0,049
154;11.08.2023;11:39:18;00:02:33;250,0;18,4;18,3;14,9;21,0;20,0;0,0;0,8;8,22E-1;-541,2;20,00;3,0;3,0;38,40;0,49;0,006;0,0;0,00;0,049
155;11.08.2023;11:39:19;00:02:34;250,0;18,4;18,3;15,0;21,0;20,0;0,0;0,8;7,95E-1;-541,2;20,00;3,0;3,0;38,40;0,49;0,006;0,0;0,01;0,049
156;11.08.2023;11:39:20;00:02:35;250,0;18,3;18,3;15,0;21,0;20,0;0,0;0,8;7,82E-1;-541,2;20,00;3,0;3,0;38,40;0,49;0,005;0,0;0,00;0,049
157;11.08.2023;11:39:21;00:02:36;250,0;18,3;18,3;15,0;21,0;20,0;0,0;0,8;7,62E-1;-541,2;20,00;3,0;3,0;38,40;0,49;0,005;0,0;0,01;0,049
158;11.08.2023;11:39:22;00:02:37;250,0;18,3;18,3;15,0;21,0;20,0;0,0;0,8;7,51E-1;-541,2;20,00;3,0;3,0;38,40;0,49;0,007;0,0;0,01;0,049
159;11.08.2023;11:39:23;00:02:38;250,0;18,3;18,3;15,0;21,0;20,0;0,0;0,7;7,31E-1;-541,2;20,00;3,0;3,0;38,40;0,49;0,007;0,0;0,00;0,049
160;11.08.2023;11:39:24;00:02:39;250,0;18,3;18,3;15,1;21,0;20,0;0,0;0,7;7,11E-1;-541,2;20,00;3,0;3,0;38,40;0,49;0,008;0,0;0,00;0,049
161;11.08.2023;11:39:25;00:02:40;250,0;18,3;18,3;15,1;21,0;20,0;0,0;0,7;7,00E-1;-541,2;20,00;3,0;3,0;38,40;0,49;0,010;0,0;0,01;0,049
162;11.08.2023;11:39:26;00:02:41;250,0;18,3;18,3;15,1;21,0;20,0;0,0;0,7;6,81E-1;-541,2;20,00;3,0;3,0;38,40;0,49;0,006;0,0;0,00;0,049
163;11.08.2023;11:39:27;00:02:42;250,0;18,3;18,3;15,1;21,0;20,0;0,0;0,7;6,62E-1;-541,2;20,00;3,0;3,0;38,40;0,49;0,007;0,0;0,01;0,049
164;11.08.2023;11:39:28;00:02:43;250,0;18,3;18,3;15,2;21,0;20,0;0,0;0,7;6,53E-1;-541,2;20,00;3,0;3,0;38,40;0,49;0,003;0,0;0,00;0,049
165;11.08.2023;11:39:29;00:02:44;250,0;18,3;18,3;15,2;21,0;20,0;0,0;0,6;6,33E-1;-541,2;20,00;3,0;3,0;38,40;0,49;0,004;0,0;0,01;0,049
166;11.08.2023;11:39:30;00:02:45;250,0;18,3;18,3;15,3;21,0;20,0;0,0;0,6;6,14E-1;-541,2;20,00;3,0;3,0;38,40;0,49;0,006;0,0;0,00;0,049
167;11.08.2023;11:39:31;00:02:46;250,0;18,3;18,3;15,3;21,0;20,0;0,0;0,6;6,04E-1;-541,2;20,00;3,0;3,0;38,40;0,49;0,007;0,0;0,01;0,049
168;11.08.2023;11:39:32;00:02:47;250,0;18,3;18,3;15,4;21,0;20,0;0,0;0,6;5,85E-1;-541,2;20,00;3,0;3,0;38,40;0,49;0,008;0,0;0,01;0,049
169;11.08.2023;11:39:33;00:02:48;250,0;18,3;18,3;15,4;21,0;20,0;0,0;0,6;5,68E-1;-541,2;20,00;3,0;3,0;38,40;0,49;0,010;0,0;0,01;0,049
170;11.08.2023;11:39:34;00:02:49;250,0;18,3;18,3;15,4;21,0;20,0;0,0;0,6;5,60E-1;-541,2;20,00;3,0;3,0;38,40;0,49;0,005;0,0;0,00;0,049
171;11.08.2023;11:39:35;00:02:50;250,0;18,3;18,3;15,5;21,0;20,0;0,0;0,5;5,42E-1;-541,2;20,00;3,0;3,0;38,40;0,49;0,003;0,0;0,01;0,049
172;11.08.2023;11:39:36;00:02:51;250,0;18,3;18,3;15,5;21,0;20,0;0,0;0,5;5,33E-1;-541,2;20,00;3,0;3,0;38,40;0,49;0,004;0,0;0,00;0,049
173;11.08.2023;11:39:37;00:02:52;250,0;18,3;18,3;15,5;21,0;20,0;0,0;0,5;5,19E-1;-541,2;20,00;3,0;3,0;38,40;0,49;0,008;0,0;0,00;0,049
174;11.08.2023;11:39:38;00:02:53;250,0;18,3;18,3;15,5;21,0;20,0;0,0;0,5;5,06E-1;-541,2;20,00;3,0;3,0;38,40;0,49;0,006;0,0;0,00;0,049
175;11.08.2023;11:39:39;00:02:54;250,0;18,3;18,3;15,5;21,0;20,0;0,0;0,5;5,00E-1;-541,2;20,00;3,0;3,0;38,40;0,49;0,005;0,0;0,01;0,049
176;11.08.2023;11:39:40;00:02:55;250,0;18,2;18,3;15,6;21,0;20,0;0,0;0,5;4,88E-1;-541,2;20,00;3,0;3,0;38,40;0,49;0,003;0,0;0,01;0,049
177;11.08.2023;11:39:41;00:02:56;250,0;18,3;18,3;15,6;21,0;20,0;0,0;0,5;4,76E-1;-541,2;20,00;3,0;3,0;38,40;0,49;0,007;0,0;0,00;0,049
178;11.08.2023;11:39:42;00:02:57;250,0;18,3;18,3;15,7;21,0;20,0;0,0;0,5;4,70E-1;-541,2;20,00;3,0;3,0;38,40;0,49;0,008;0,0;0,00;0,049
179;11.08.2023;11:39:43;00:02:58;250,0;18,3;18,3;15,7;21,0;20,0;0,0;0,5;4,58E-1;-541,2;20,00;3,0;3,0;38,40;0,49;0,007;0,0;0,01;0,049
180;11.08.2023;11:39:44;00:02:59;250,0;18,2;18,3;15,7;21,0;20,0;0,0;0,4;4,47E-1;-541,2;20,00;3,0;3,0;38,40;0,49;0,006;0,0;0,00;0,049
181;11.08.2023;11:39:45;00:03:00;250,0;18,2;18,3;15,7;21,0;20,0;0,0;0,4;4,41E-1;-541,2;20,00;3,0;3,0;38,40;0,49;0,008;0,0;0,01;0,049
182;11.08.2023;11:39:46;00:03:01;250,0;18,2;18,3;15,7;21,0;20,0;0,0;0,4;4,31E-1;-541,2;20,00;3,0;3,0;38,40;0,49;0,005;0,0;0,00;0,049
183;11.08.2023;11:39:47;00:03:02;250,0;18,2;18,3;15,7;21,0;20,0;0,0;0,4;4,20E-1;-541,2;20,00;3,0;3,0;38,40;0,49;0,006;0,0;0,00;0,049
184;11.08.2023;11:39:48;00:03:03;250,0;18,2;18,3;15,8;21,0;20,0;0,0;0,4;4,15E-1;-541,2;20,00;3,0;3,0;38,40;0,49;0,002;0,0;0,01;0,049
185;11.08.2023;11:39:49;00:03:04;250,0;18,2;18,3;15,8;21,0;20,0;0,0;0,4;4,04E-1;-541,2;20,00;3,0;3,0;38,40;0,49;0,003;0,0;0,01;0,049
186;11.08.2023;11:39:50;00:03:05;250,0;18,2;18,3;15,8;21,0;20,0;0,0;0,4;3,99E-1;-541,2;20,00;3,0;3,0;38,40;0,49;0,004;0,0;0,01;0,049
187;11.08.2023;11:39:51;00:03:06;250,0;18,2;18,3;15,8;21,0;20,0;0,0;0,4;3,90E-1;-541,2;20,00;3,0;3,0;38,41;0,49;0,003;0,0;0,01;0,049
188;11.08.2023;11:39:52;00:03:07;250,0;18,2;18,3;15,9;21,0;20,5;0,2;0,4;3,81E-1;-541,2;20,00;3,0;3,0;38,40;0,49;0,002;0,0;0,00;0,049
189;11.08.2023;11:39:53;00:03:08;250,0;18,2;18,3;15,9;21,0;21,0;0,2;0,4;3,77E-1;-541,2;20,00;3,0;3,0;38,40;0,49;0,001;0,0;0,00;0,049
190;11.08.2023;11:39:54;00:03:09;250,0;18,2;18,3;15,9;21,0;22,1;0,3;0,4;3,68E-1;-541,2;20,00;3,0;3,0;38,40;0,49;0,000;0,0;0,00;0,049
191;11.08.2023;11:39:55;00:03:10;250,0;18,2;18,3;15,9;21,0;23,3;0,4;0,4;3,59E-1;-541,2;20,00;3,0;3,0;38,40;0,49;0,001;0,0;0,00;0,049
192;11.08.2023;11:39:56;00:03:11;250,0;18,2;18,3;16,0;21,0;23,9;0,5;0,4;3,57E-1;-541,2;20,00;3,0;3,0;38,41;0,49;0,001;0,0;0,01;0,049
193;11.08.2023;11:39:57;00:03:12;250,0;18,2;18,3;16,0;21,0;25,0;0,6;0,4;3,50E-1;-541,2;20,00;3,0;3,0;38,40;0,49;0,001;0,0;0,00;0,049
194;11.08.2023;11:39:58;00:03:13;250,0;18,2;18,3;16,0;21,0;26,1;0,7;0,3;3,43E-1;-541,2;20,00;3,0;3,0;38,40;0,49;-0,001;0,0;0,00;0,049
195;11.08.2023;11:39:59;00:03:14;250,0;18,2;18,3;16,0;21,0;26,6;0,8;0,3;3,40E-1;-541,2;20,00;3,0;3,0;38,40;0,49;0,000;0,0;0,01;0,049
196;11.08.2023;11:40:00;00:03:15;250,0;18,2;18,3;16,1;21,0;27,7;0,9;0,3;3,34E-1;-541,2;20,00;3,0;3,0;38,40;0,49;-0,002;0,0;0,00;0,049
197;11.08.2023;11:40:01;00:03:16;250,0;18,2;18,3;16,1;20,9;28,3;0,9;0,3;3,31E-1;-541,2;20,00;3,0;3,0;38,40;0,49;-0,002;0,0;0,00;0,049
198;11.08.2023;11:40:02;00:03:17;250,0;18,2;18,3;16,0;20,9;29,4;1,0;0,3;3,25E-1;-541,2;20,00;3,0;3,0;38,40;0,49;-0,005;0,0;0,00;0,049
199;11.08.2023;11:40:03;00:03:18;250,0;18,1;18,3;16,0;20,9;30,5;1,1;0,3;3,20E-1;-541,2;20,00;3,0;3,0;38,40;0,49;-0,003;0,0;0,00;0,049
200;11.08.2023;11:40:04;00:03:19;250,0;18,1;18,3;16,1;20,9;31,1;1,2;0,3;3,17E-1;-541,2;20,00;3,0;3,0;38,40;0,49;-0,001;0,0;0,00;0,049
201;11.08.2023;11:40:05;00:03:20;250,0;18,1;18,3;16,1;20,9;32,2;1,3;0,3;3,12E-1;-541,2;20,00;3,0;3,0;38,41;0,49;0,000;0,0;0,00;0,049
202;11.08.2023;11:40:06;00:03:21;250,0;18,1;18,2;16,1;20,9;33,3;1,4;0,3;3,06E-1;-541,2;20,00;3,0;3,0;38,40;0,49;-0,003;0,0;0,00;0,049
203;11.08.2023;11:40:07;00:03:22;250,0;18,1;18,2;16,1;20,9;33,9;1,5;0,3;3,03E-1;-541,2;20,00;3,0;3,0;38,40;0,49;-0,001;0,0;0,01;0,049
204;11.08.2023;11:40:08;00:03:23;250,0;18,1;18,2;16,1;20,9;35,0;1,6;0,3;2,98E-1;-541,2;20,00;3,0;3,0;38,41;0,49;0,002;0,0;0,00;0,049
205;11.08.2023;11:40:09;00:03:24;250,0;18,1;18,2;16,1;20,9;36,1;1,7;0,3;2,93E-1;-541,2;20,00;3,0;3,0;38,41;0,49;0,005;0,0;0,00;0,049
206;11.08.2023;11:40:10;00:03:25;250,0;18,1;18,2;16,2;20,9;36,7;1,8;0,3;2,91E-1;-541,2;20,00;3,0;3,0;38,40;0,49;0,005;0,0;0,00;0,049
207;11.08.2023;11:40:11;00:03:26;250,0;18,1;18,2;16,2;20,9;37,8;1,9;0,3;2,87E-1;-541,2;20,00;3,0;3,0;38,41;0,49;0,000;0,0;0,01;0,049
208;11.08.2023;11:40:12;00:03:27;250,0;18,1;18,2;16,2;20,9;38,9;2,0;0,3;2,82E-1;-541,2;20,00;3,0;3,0;38,40;0,49;-0,002;0,0;0,01;0,049
209;11.08.2023;11:40:13;00:03:28;250,0;18,1;18,2;16,2;20,9;39,5;2,1;0,3;2,80E-1;-541,2;20,00;3,0;3,0;38,40;0,49;-0,002;0,0;0,00;0,049
210;11.08.2023;11:40:14;00:03:29;250,0;18,1;18,3;16,2;20,9;40,6;2,2;0,3;2,75E-1;-541,2;20,00;3,0;3,0;38,40;0,49;-0,001;0,0;0,01;0,049
211;11.08.2023;11:40:15;00:03:30;250,0;18,1;18,3;16,2;20,9;41,2;2,2;0,3;2,73E-1;-541,2;20,00;3,0;3,0;38,40;0,49;0,001;0,0;0,01;0,049
212;11.08.2023;11:40:16;00:03:31;250,0;18,1;18,3;16,3;20,9;42,3;2,4;0,3;2,69E-1;-541,2;20,00;3,0;3,0;38,40;0,49;0,000;0,0;0,00;0,049
213;11.08.2023;11:40:17;00:03:32;250,0;18,1;18,3;16,3;20,9;43,4;2,5;0,3;2,65E-1;-541,2;20,00;3,0;3,0;38,40;0,49;0,001;0,0;0,00;0,049
214;11.08.2023;11:40:18;00:03:33;250,0;18,1;18,2;16,3;20,9;43,9;2,5;0,3;2,63E-1;-541,2;20,00;3,0;3,0;38,40;0,49;0,001;0,0;0,01;0,049
215;11.08.2023;11:40:19;00:03:34;250,0;18,1;18,2;16,3;20,9;45,1;2,7;0,3;2,59E-1;-541,2;20,00;3,0;3,0;38,40;0,49;0,001;0,0;0,01;0,050
216;11.08.2023;11:40:20;00:03:35;250,0;18,1;18,2;16,3;20,9;46,2;2,8;0,3;2,56E-1;-541,2;20,00;3,0;3,0;38,40;0,49;0,000;0,0;0,01;0,049
217;11.08.2023;11:40:21;00:03:36;250,0;18,0;18,2;16,3;20,9;46,8;2,9;0,3;2,54E-1;-541,2;20,00;3,0;2,9;38,41;0,49;0,002;0,0;0,01;0,049
218;11.08.2023;11:40:22;00:03:37;250,0;18,0;18,2;16,3;20,9;47,9;3,0;0,3;2,51E-1;-541,2;20,00;3,0;3,0;38,40;0,49;0,004;0,0;0,00;0,049
219;11.08.2023;11:40:23;00:03:38;250,0;18,0;18,2;16,3;20,9;49,0;3,1;0,2;2,47E-1;-541,2;20,00;3,0;3,0;38,41;0,49;0,001;0,0;0,00;0,049
220;11.08.2023;11:40:24;00:03:39;250,0;18,0;18,2;16,4;20,9;49,5;3,2;0,2;2,46E-1;-541,2;20,00;3,0;3,0;38,40;0,49;0,003;0,0;0,00;0,049
221;11.08.2023;11:40:25;00:03:40;250,0;18,0;18,2;16,4;20,9;50,7;3,3;0,2;2,43E-1;-541,2;20,00;3,0;3,0;38,41;0,49;0,003;0,0;0,00;0,049
222;11.08.2023;11:40:26;00:03:41;250,0;18,0;18,2;16,4;20,9;51,8;3,4;0,2;2,40E-1;-541,2;20,00;3,0;3,0;38,40;0,49;0,005;0,0;0,00;0,049
223;11.08.2023;11:40:27;00:03:42;250,0;18,0;18,2;16,4;20,9;52,4;3,5;0,2;2,39E-1;-541,2;20,00;3,0;3,0;38,41;0,49;0,005;0,0;0,01;0,049
224;11.08.2023;11:40:28;00:03:43;250,0;18,0;18,2;16,4;20,9;53,5;3,6;0,2;2,36E-1;-541,2;20,00;3,0;3,0;38,40;0,49;0,004;0,0;0,01;0,050
225;11.08.2023;11:40:29;00:03:44;250,0;18,0;18,2;16,4;20,9;54,0;3,7;0,2;2,35E-1;-541,2;20,00;3,0;2,9;38,41;0,49;0,002;0,0;0,00;0,049
226;11.08.2023;11:40:30;00:03:45;250,0;18,0;18,2;16,4;20,9;55,1;3,8;0,2;2,32E-1;-541,2;20,00;3,0;3,0;38,41;0,49;0,004;0,0;0,01;0,049
227;11.08.2023;11:40:31;00:03:46;250,0;18,0;18,2;16,4;20,9;56,3;4,0;0,2;2,30E-1;-541,2;20,00;3,0;3,0;38,41;0,49;0,005;0,0;0,01;0,049
228;11.08.2023;11:40:32;00:03:47;250,0;18,0;18,2;16,5;20,9;56,9;4,0;0,2;2,29E-1;-541,2;20,00;3,0;3,0;38,41;0,49;0,006;0,0;0,00;0,049
229;11.08.2023;11:40:33;00:03:48;250,0;18,0;18,2;16,5;20,9;58,0;4,2;0,2;2,27E-1;-541,2;20,00;3,0;3,0;38,40;0,49;0,008;0,0;0,01;0,051
230;11.08.2023;11:40:34;00:03:49;250,0;18,0;18,2;16,5;20,9;59,1;4,3;0,2;2,24E-1;-541,2;20,00;3,0;3,0;38,41;0,49;0,004;0,0;0,01;0,049
231;11.08.2023;11:40:35;00:03:50;250,0;18,0;18,2;16,5;20,9;59,6;4,4;0,2;2,23E-1;-541,2;20,00;3,0;3,0;38,41;0,49;0,001;0,0;0,01;0,049
232;11.08.2023;11:40:36;00:03:51;250,0;18,0;18,2;16,5;20,9;60,7;4,5;0,2;2,21E-1;-541,2;20,00;3,0;3,0;38,41;0,49;0,003;0,0;0,01;0,049
233;11.08.2023;11:40:37;00:03:52;250,0;18,0;18,2;16,5;20,9;61,9;4,7;0,2;2,19E-1;-541,2;20,00;3,0;3,0;38,41;0,49;0,006;0,0;0,01;0,049
234;11.08.2023;11:40:38;00:03:53;250,0;18,0;18,2;16,6;20,9;62,4;4,7;0,2;2,17E-1;-541,2;20,00;3,0;3,0;38,41;0,49;0,004;0,0;0,01;0,049
235;11.08.2023;11:40:39;00:03:54;250,0;18,0;18,2;16,6;20,9;63,5;4,9;0,2;2,15E-1;-541,2;20,00;3,0;3,0;38,41;0,49;0,005;0,0;0,00;0,049
236;11.08.2023;11:40:40;00:03:55;250,0;18,0;18,2;16,6;20,9;64,1;4,9;0,2;2,14E-1;-541,2;20,00;3,0;3,0;38,41;0,49;0,006;0,0;0,01;0,049
237;11.08.2023;11:40:41;00:03:56;250,0;18,0;18,2;16,6;20,9;65,2;5,1;0,2;2,12E-1;-541,2;20,00;3,0;3,0;38,41;0,49;0,003;0,0;0,01;0,049
238;11.08.2023;11:40:42;00:03:57;250,0;18,0;18,2;16,5;20,8;66,3;5,2;0,2;2,10E-1;-541,2;20,00;3,0;3,0;38,41;0,49;-0,001;0,0;0,00;0,049
239;11.08.2023;11:40:43;00:03:58;250,0;18,0;18,2;16,6;20,8;66,8;5,3;0,2;2,09E-1;-541,2;20,00;3,0;3,0;38,41;0,49;-0,001;0,0;0,01;0,049
240;11.08.2023;11:40:44;00:03:59;250,0;18,0;18,2;16,6;20,8;68,0;5,4;0,2;2,07E-1;-541,2;20,00;3,0;3,0;38,41;0,49;-0,001;0,0;0,00;0,049
241;11.08.2023;11:40:45;00:04:00;250,0;18,0;18,2;16,6;20,8;69,1;5,6;0,2;2,05E-1;-541,2;20,00;3,0;3,0;38,41;0,49;-0,002;0,0;0,01;0,049
242;11.08.2023;11:40:46;00:04:01;250,0;18,0;18,2;16,6;20,8;69,7;5,6;0,2;2,04E-1;-541,2;20,00;3,0;3,0;38,41;0,49;-0,001;0,0;0,00;0,049
243;11.08.2023;11:40:47;00:04:02;250,0;18,0;18,2;16,6;20,8;70,8;5,8;0,2;2,03E-1;-541,2;20,00;3,0;3,0;38,40;0,49;0,000;0,0;0,00;0,049
244;11.08.2023;11:40:48;00:04:03;250,0;18,0;18,2;16,6;20,8;71,9;5,9;0,2;2,01E-1;-541,2;20,00;3,0;3,0;38,41;0,49;-0,004;0,0;0,01;0,049
245;11.08.2023;11:40:49;00:04:04;250,0;18,0;18,2;16,6;20,8;72,4;6,0;0,2;2,01E-1;-541,2;20,00;3,0;3,0;38,41;0,49;-0,003;0,0;0,01;0,049
246;11.08.2023;11:40:50;00:04:05;250,0;18,0;18,2;16,7;20,8;73,6;6,2;0,2;1,99E-1;-541,2;20,00;3,0;3,0;38,41;0,49;-0,001;0,0;0,01;0,049
247;11.08.2023;11:40:51;00:04:06;250,0;18,0;18,2;16,7;20,8;74,7;6,3;0,2;1,97E-1;-541,2;20,00;3,0;3,1;38,41;0,49;-0,001;0,0;0,00;0,051
248;11.08.2023;11:40:52;00:04:07;250,0;18,0;18,2;16,7;20,8;75,4;6,4;0,2;1,96E-1;-541,2;20,00;3,0;3,0;38,41;0,49;-0,003;0,0;0,01;0,049
249;11.08.2023;11:40:53;00:04:08;250,0;18,0;18,2;16,7;20,8;76,9;6,6;0,2;1,94E-1;-541,2;20,00;3,0;3,0;38,41;0,49;-0,003;0,0;0,01;0,050
250;11.08.2023;11:40:54;00:04:09;250,0;18,0;18,2;16,7;20,8;77,6;6,7;0,2;1,93E-1;-541,2;20,00;3,0;3,1;38,41;0,49;0,002;0,0;0,00;0,049
251;11.08.2023;11:40:55;00:04:10;250,0;18,0;18,2;16,7;20,8;79,1;6,9;0,2;1,92E-1;-541,2;20,00;3,0;3,1;38,41;0,49;0,003;0,0;0,01;0,049
252;11.08.2023;11:40:56;00:04:11;250,0;18,0;18,2;16,7;20,8;80,8;7,1;0,2;1,90E-1;-541,2;20,00;3,0;3,0;38,41;0,49;0,000;0,0;0,01;0,049
253;11.08.2023;11:40:57;00:04:12;250,0;18,0;18,2;16,7;20,8;81,5;7,2;0,2;1,89E-1;-541,2;20,00;3,0;3,0;38,41;0,49;-0,001;0,0;0,01;0,049
254;11.08.2023;11:40:58;00:04:13;250,0;18,0;18,2;16,7;20,8;83,0;7,3;0,2;1,88E-1;-541,2;20,00;3,0;3,0;38,41;0,49;-0,001;0,0;0,00;0,049
255;11.08.2023;11:40:59;00:04:14;250,0;18,0;18,2;16,7;20,8;84,5;7,5;0,2;1,86E-1;-541,2;20,00;3,0;3,0;38,41;0,49;-0,004;0,0;0,00;0,049
256;11.08.2023;11:41:00;00:04:15;250,0;18,0;18,2;16,8;20,8;85,3;7,6;0,2;1,85E-1;-541,2;20,00;3,0;2,9;38,41;0,49;-0,003;0,0;0,01;0,052
257;11.08.2023;11:41:01;00:04:16;250,0;18,0;18,2;16,8;20,9;86,7;7,8;0,2;1,84E-1;-541,2;20,00;3,0;2,9;38,41;0,49;-0,001;0,0;0,00;0,049
258;11.08.2023;11:41:02;00:04:17;250,0;18,0;18,2;16,8;20,9;88,4;8,0;0,2;1,82E-1;-541,2;20,00;3,0;2,9;38,41;0,49;0,001;0,0;0,01;0,049
259;11.08.2023;11:41:03;00:04:18;250,0;18,0;18,2;16,8;20,8;89,1;8,1;0,2;1,82E-1;-541,2;20,00;3,0;3,0;38,41;0,49;0,004;0,0;0,00;0,049
260;11.08.2023;11:41:04;00:04:19;250,0;18,0;18,2;16,8;20,8;90,6;8,3;0,2;1,80E-1;-541,2;20,00;3,0;3,0;38,41;0,49;0,003;0,0;0,01;0,049
261;11.08.2023;11:41:05;00:04:20;250,0;18,0;18,2;16,8;20,8;92,1;8,5;0,2;1,79E-1;-541,2;20,00;3,0;3,0;38,41;0,49;0,006;0,0;0,01;0,049
262;11.08.2023;11:41:06;00:04:21;250,0;18,0;18,2;16,8;20,8;92,9;8,6;0,2;1,78E-1;-541,2;20,00;3,0;3,0;38,41;0,49;0,008;0,0;0,01;0,049
263;11.08.2023;11:41:07;00:04:22;250,0;18,0;18,2;16,8;20,8;94,4;8,8;0,2;1,77E-1;-541,2;20,00;3,0;3,0;38,41;0,49;0,005;0,0;0,00;0,049
264;11.08.2023;11:41:08;00:04:23;250,0;18,0;18,2;16,9;20,8;95,2;9,0;0,2;1,76E-1;-541,2;20,00;3,0;3,0;38,41;0,49;0,004;0,0;0,00;0,049
265;11.08.2023;11:41:09;00:04:24;250,0;18,0;18,2;16,9;20,8;96,7;9,2;0,2;1,75E-1;-541,2;20,00;3,0;3,0;38,41;0,49;0,003;0,0;0,01;0,049
266;11.08.2023;11:41:10;00:04:25;250,0;18,0;18,2;16,9;20,8;98,2;9,4;0,2;1,74E-1;-541,2;20,00;3,0;3,0;38,41;0,49;0,003;0,0;0,00;0,049
267;11.08.2023;11:41:11;00:04:26;250,0;18,0;18,2;16,9;20,8;99,0;9,5;0,2;1,73E-1;-541,2;20,00;3,0;3,0;38,41;0,49;0,005;0,0;0,01;0,049
268;11.08.2023;11:41:12;00:04:27;250,0;18,0;18,2;16,9;20,8;100,5;9,7;0,2;1,72E-1;-541,2;20,00;3,0;3,0;38,41;0,49;0,002;0,0;0,01;0,049
269;11.08.2023;11:41:13;00:04:28;250,2;18,0;18,2;16,9;20,8;102,0;9,9;0,2;1,70E-1;-541,2;20,00;3,0;3,0;38,41;0,49;0,021;0,8;3,72;0,213
270;11.08.2023;11:41:14;00:04:29;250,1;18,0;18,2;16,9;20,8;102,9;10,0;0,2;1,70E-1;-541,2;20,00;3,0;3,0;38,41;0,49;0,025;0,8;3,74;0,215
271;11.08.2023;11:41:15;00:04:30;250,0;18,0;18,2;16,9;20,9;104,4;10,2;0,2;1,69E-1;-541,2;20,00;3,0;2,9;38,41;0,49;0,022;0,8;3,74;0,217
272;11.08.2023;11:41:16;00:04:31;250,1;18,5;18,2;16,9;21,1;105,9;10,4;0,2;1,68E-1;-541,2;20,00;3,0;3,0;38,41;0,49;0,016;0,8;3,77;0,221
273;11.08.2023;11:41:17;00:04:32;250,0;18,5;18,2;16,9;21,1;106,6;10,5;0,2;1,67E-1;-541,2;20,00;3,0;3,1;38,41;0,49;0,017;0,8;3,73;0,222
274;11.08.2023;11:41:18;00:04:33;250,1;18,5;18,2;17,0;21,1;108,1;10,7;0,2;1,67E-1;-541,2;20,00;3,0;3,0;38,41;0,49;0,012;0,8;3,76;0,225
275;11.08.2023;11:41:19;00:04:34;250,2;19,9;18,2;17,0;21,3;108,9;10,7;0,2;1,66E-1;-541,2;20,00;3,0;3,0;38,41;0,49;0,011;0,9;3,78;0,227
276;11.08.2023;11:41:20;00:04:35;250,1;22,5;18,3;17,0;21,5;110,5;10,8;0,2;1,65E-1;-541,2;20,00;3,0;3,0;38,41;0,49;0,009;0,9;3,78;0,228
277;11.08.2023;11:41:21;00:04:36;250,0;22,5;18,3;17,0;21,5;112,0;10,9;0,2;1,65E-1;-541,2;20,00;3,0;3,0;38,41;0,49;0,005;0,9;3,77;0,230
278;11.08.2023;11:41:22;00:04:37;250,0;22,5;18,3;17,0;21,5;112,7;11,0;0,2;1,64E-1;-541,2;20,00;3,0;3,1;38,41;0,49;0,005;0,9;3,79;0,230
279;11.08.2023;11:41:23;00:04:38;250,1;26,8;18,4;17,0;21,7;114,2;10,8;0,2;1,64E-1;-541,2;20,00;3,0;3,1;38,41;0,49;0,002;0,9;3,84;0,230
280;11.08.2023;11:41:24;00:04:39;250,0;32,1;18,5;17,1;21,7;115,7;10,6;0,2;1,63E-1;-541,2;20,00;3,0;3,1;38,41;0,49;0,004;0,9;3,83;0,233
281;11.08.2023;11:41:25;00:04:40;250,3;32,1;18,5;17,1;21,8;116,5;10,7;0,2;1,63E-1;-541,2;20,00;3,0;3,0;38,41;0,49;0,004;0,9;3,74;0,230
282;11.08.2023;11:41:26;00:04:41;250,0;32,1;18,6;17,1;21,8;118,1;10,9;0,2;1,62E-1;-541,2;20,00;3,0;3,0;38,41;0,49;-0,002;0,9;3,79;0,233
283;11.08.2023;11:41:27;00:04:42;250,0;38,1;18,6;17,1;21,8;119,6;10,6;0,2;1,61E-1;-541,2;20,00;3,0;3,0;38,41;0,49;0,004;0,9;3,70;0,230
284;11.08.2023;11:41:28;00:04:43;250,0;44,4;18,7;17,1;21,8;120,4;10,7;0,2;1,61E-1;-541,2;20,00;3,0;2,9;38,41;0,49;-0,002;0,9;3,76;0,230
285;11.08.2023;11:41:29;00:04:44;250,0;44,4;18,7;17,1;21,9;121,9;10,3;0,2;1,60E-1;-541,2;20,00;3,0;3,0;38,41;0,50;0,006;0,8;3,73;0,229
286;11.08.2023;11:41:30;00:04:45;250,0;44,4;18,9;17,1;21,9;123,4;10,5;0,2;1,60E-1;-541,2;20,00;3,0;3,0;38,41;0,50;0,010;0,9;3,77;0,230
287;11.08.2023;11:41:31;00:04:46;250,2;50,5;18,9;17,1;21,9;124,1;10,1;0,2;1,59E-1;-541,2;20,00;3,0;3,0;38,41;0,49;0,006;0,9;3,72;0,230
288;11.08.2023;11:41:32;00:04:47;250,2;56,5;19,0;17,1;21,9;125,6;9,9;0,2;1,59E-1;-541,2;20,00;3,0;3,0;38,41;0,49;0,005;0,9;3,67;0,230
289;11.08.2023;11:41:33;00:04:48;250,1;56,5;19,0;17,1;21,9;126,5;9,8;0,2;1,58E-1;-541,2;20,00;3,0;3,0;38,41;0,49;0,006;0,8;3,68;0,225
290;11.08.2023;11:41:34;00:04:49;250,1;56,5;19,1;17,2;21,9;128,0;10,0;0,2;1,58E-1;-541,2;20,00;3,0;3,0;38,41;0,50;0,005;0,8;3,72;0,229
291;11.08.2023;11:41:35;00:04:50;250,1;62,3;19,1;17,2;21,9;129,5;9,7;0,2;1,57E-1;-541,2;20,00;3,0;3,0;38,41;0,50;0,005;0,8;3,69;0,225
292;11.08.2023;11:41:36;00:04:51;250,0;62,3;19,2;17,2;21,9;130,2;9,8;0,2;1,57E-1;-541,2;20,00;3,0;3,0;38,41;0,50;0,005;0,8;3,67;0,229
293;11.08.2023;11:41:37;00:04:52;250,0;68,1;19,2;17,2;21,9;131,7;9,5;0,2;1,56E-1;-541,2;20,00;3,0;2,9;38,41;0,49;-0,001;0,8;3,64;0,225
294;11.08.2023;11:41:38;00:04:53;250,1;73,6;19,4;17,2;21,9;133,2;9,2;0,2;1,56E-1;-541,2;20,00;3,0;3,0;38,41;0,49;0,002;0,8;3,65;0,225
295;11.08.2023;11:41:39;00:04:54;250,0;73,6;19,4;17,2;21,9;134,1;9,3;0,2;1,55E-1;-541,2;20,00;3,0;3,0;38,41;0,50;0,004;0,8;3,64;0,225
296;11.08.2023;11:41:40;00:04:55;250,0;78,9;19,5;17,2;21,9;135,6;9,3;0,2;1,55E-1;-541,2;20,00;3,0;3,0;38,41;0,50;0,005;0,8;3,66;0,226
297;11.08.2023;11:41:41;00:04:56;250,0;78,9;19,5;17,2;21,9;137,1;9,2;0,2;1,54E-1;-541,2;20,00;3,0;3,0;38,41;0,49;0,006;0,8;3,60;0,223
298;11.08.2023;11:41:42;00:04:57;250,2;78,8;19,4;17,2;21,9;137,9;9,3;0,2;1,54E-1;-541,2;20,00;3,0;3,0;38,41;0,50;0,003;0,8;3,62;0,225
299;11.08.2023;11:41:43;00:04:58;250,0;84,2;19,6;17,2;21,9;139,4;9,0;0,2;1,53E-1;-541,2;20,00;3,0;3,0;38,41;0,49;0,002;0,8;3,58;0,225
300;11.08.2023;11:41:44;00:04:59;250,0;89,4;19,7;17,2;21,9;140,9;8,8;0,2;1,52E-1;-541,2;20,00;3,0;3,0;38,41;0,50;0,004;0,8;3,61;0,223
301;11.08.2023;11:41:45;00:05:00;250,1;89,4;19,7;17,2;21,9;141,7;8,8;0,2;1,52E-1;-541,2;20,00;3,0;3,0;38,41;0,50;0,006;0,8;3,54;0,225
302;11.08.2023;11:41:46;00:05:01;250,1;89,4;19,8;17,2;21,9;143,2;9,0;0,2;1,51E-1;-541,2;20,00;3,0;3,0;38,41;0,49;0,010;0,8;3,57;0,225
303;11.08.2023;11:41:47;00:05:02;250,0;94,4;19,8;17,2;21,9;144,0;8,7;0,2;1,51E-1;-541,2;20,00;3,0;3,0;38,41;0,50;0,009;0,8;3,61;0,225
304;11.08.2023;11:41:48;00:05:03;250,1;99,1;19,9;17,3;21,9;145,5;8,8;0,2;1,50E-1;-541,2;20,00;3,0;3,0;38,41;0,50;0,007;0,8;3,59;0,223
305;11.08.2023;11:41:49;00:05:04;250,0;99,1;19,9;17,3;21,9;147,0;8,6;0,1;1,50E-1;-541,2;20,00;3,0;3,1;38,41;0,50;0,006;0,8;3,56;0,222
306;11.08.2023;11:41:50;00:05:05;250,0;99,1;20,0;17,3;21,9;147,7;8,7;0,1;1,49E-1;-541,2;20,00;3,0;3,1;38,41;0,50;0,006;0,8;3,59;0,222
307;11.08.2023;11:41:51;00:05:06;250,1;103,3;20,0;17,3;22,0;149,4;8,5;0,1;1,49E-1;-541,2;20,00;3,0;3,0;38,41;0,50;0,005;0,8;3,52;0,220
308;11.08.2023;11:41:52;00:05:07;250,0;107,4;20,1;17,3;22,0;150,9;8,4;0,1;1,48E-1;-541,2;20,00;3,0;3,0;38,41;0,50;0,004;0,8;3,56;0,223
309;11.08.2023;11:41:53;00:05:08;250,1;107,4;20,1;17,3;22,0;151,6;8,4;0,1;1,48E-1;-541,2;20,00;3,0;3,0;38,41;0,50;0,002;0,8;3,53;0,220
310;11.08.2023;11:41:54;00:05:09;250,3;111,2;20,2;17,3;22,0;153,1;8,2;0,1;1,47E-1;-541,2;20,00;3,0;3,1;38,41;0,50;0,003;0,8;3,53;0,222
311;11.08.2023;11:41:55;00:05:10;250,2;111,2;20,2;17,3;22,0;154,6;8,4;0,1;1,46E-1;-541,2;20,00;3,0;3,0;38,41;0,50;0,006;0,8;3,57;0,220
312;11.08.2023;11:41:56;00:05:11;250,1;111,2;20,3;17,4;22,0;155,4;8,5;0,1;1,46E-1;-541,2;20,00;3,0;3,0;38,41;0,50;0,001;0,8;3,53;0,220
313;11.08.2023;11:41:57;00:05:12;250,1;115,0;20,3;17,4;22,0;157,0;8,3;0,1;1,45E-1;-541,2;20,00;3,0;3,1;38,41;0,50;0,004;0,8;3,49;0,220
314;11.08.2023;11:41:58;00:05:13;250,2;118,5;20,4;17,4;22,0;157,7;8,2;0,1;1,45E-1;-541,2;20,00;3,0;3,0;38,41;0,50;0,003;0,8;3,54;0,220
315;11.08.2023;11:41:59;00:05:14;250,0;118,5;20,5;17,4;22,0;159,2;8,3;0,1;1,44E-1;-541,2;20,00;3,0;3,0;38,41;0,50;0,001;0,8;3,48;0,220
316;11.08.2023;11:42:00;00:05:15;250,2;121,9;20,5;17,4;22,0;160,7;8,2;0,1;1,43E-1;-541,2;20,00;3,0;3,0;38,41;0,50;0,006;0,8;3,52;0,220
317;11.08.2023;11:42:01;00:05:16;250,0;121,9;20,5;17,4;22,0;161,5;8,2;0,1;1,43E-1;-541,2;20,00;3,0;3,0;38,41;0,50;-0,003;0,8;3,54;0,220
318;11.08.2023;11:42:02;00:05:17;250,1;121,9;20,5;17,4;22,0;163,0;8,4;0,1;1,42E-1;-541,2;20,00;3,0;3,0;38,41;0,50;0,003;0,8;3,53;0,222
319;11.08.2023;11:42:03;00:05:18;250,1;125,5;20,6;17,5;22,0;164,6;8,3;0,1;1,41E-1;-541,2;20,00;3,0;3,0;38,41;0,50;0,006;0,8;3,54;0,220
320;11.08.2023;11:42:04;00:05:19;250,1;125,5;20,6;17,5;22,0;165,4;8,3;0,1;1,41E-1;-541,2;20,00;3,0;2,9;38,41;0,50;0,000;0,8;3,51;0,220
321;11.08.2023;11:42:05;00:05:20;250,1;129,1;20,6;17,5;22,1;166,9;8,2;0,1;1,40E-1;-541,2;20,00;3,0;2,9;38,41;0,49;0,004;0,8;3,55;0,223
322;11.08.2023;11:42:06;00:05:21;250,3;129,1;20,7;17,5;22,1;168,4;8,4;0,1;1,40E-1;-541,2;20,00;3,0;2,9;38,41;0,50;-0,001;0,8;3,54;0,223
323;11.08.2023;11:42:07;00:05:22;250,0;132,5;20,7;17,5;22,1;169,1;8,1;0,1;1,39E-1;-541,2;20,00;3,0;3,0;38,41;0,50;0,002;0,8;3,52;0,220
324;11.08.2023;11:42:08;00:05:23;250,2;135,8;20,8;17,6;22,1;170,6;8,2;0,1;1,38E-1;-541,2;20,00;3,0;3,0;38,41;0,50;0,000;0,8;3,49;0,220
325;11.08.2023;11:42:09;00:05:24;250,1;135,8;20,8;17,6;22,1;172,2;8,2;0,1;1,38E-1;-541,2;20,00;3,0;2,9;38,41;0,50;0,004;0,8;3,51;0,220
326;11.08.2023;11:42:10;00:05:25;250,0;135,8;20,8;17,6;22,1;173,0;8,3;0,1;1,37E-1;-541,2;20,00;3,0;3,0;38,41;0,50;0,009;0,8;3,52;0,220
327;11.08.2023;11:42:11;00:05:26;250,0;138,7;20,8;17,6;22,1;174,5;8,2;0,1;1,37E-1;-541,2;20,00;3,0;3,0;38,41;0,50;0,005;0,8;3,50;0,222
328;11.08.2023;11:42:12;00:05:27;250,0;138,7;20,9;17,6;22,1;175,2;8,3;0,1;1,36E-1;-541,2;20,00;3,0;3,0;38,41;0,50;0,004;0,8;3,50;0,223
329;11.08.2023;11:42:13;00:05:28;250,0;141,5;20,9;17,7;22,1;176,7;8,2;0,1;1,36E-1;-541,2;20,00;3,0;3,0;38,41;0,50;-0,002;0,8;3,52;0,220
330;11.08.2023;11:42:14;00:05:29;250,0;141,5;21,0;17,7;22,1;178,2;8,3;0,1;1,35E-1;-541,2;20,00;3,0;3,0;38,41;0,50;-0,001;0,8;3,55;0,222
331;11.08.2023;11:42:15;00:05:30;250,1;144,2;21,0;17,7;22,1;179,0;8,2;0,1;1,35E-1;-541,2;20,00;3,0;3,0;38,41;0,50;0,002;0,8;3,48;0,225
332;11.08.2023;11:42:16;00:05:31;250,1;146,8;21,0;17,7;22,1;180,6;8,2;0,1;1,34E-1;-541,2;20,00;3,0;3,1;38,41;0,50;0,005;0,8;3,51;0,222
333;11.08.2023;11:42:17;00:05:32;250,0;146,8;21,0;17,7;22,1;182,1;8,3;0,1;1,33E-1;-541,2;20,00;3,0;2,9;38,41;0,50;0,002;0,8;3,55;0,220
334;11.08.2023;11:42:18;00:05:33;250,0;146,8;21,1;17,7;22,1;182,9;8,4;0,1;1,33E-1;-541,2;20,00;3,0;3,0;38,41;0,50;0,005;0,8;3,53;0,225
335;11.08.2023;11:42:19;00:05:34;250,0;149,3;21,1;17,7;22,1;184,4;8,3;0,1;1,32E-1;-541,2;20,00;3,0;3,0;38,41;0,50;0,003;0,8;3,53;0,225
336;11.08.2023;11:42:20;00:05:35;250,1;151,8;21,1;17,8;22,1;185,9;8,3;0,1;1,32E-1;-541,2;20,00;3,0;3,0;38,41;0,50;0,007;0,8;3,53;0,225
337;11.08.2023;11:42:21;00:05:36;250,0;151,8;21,1;17,8;22,1;186,6;8,3;0,1;1,31E-1;-541,2;20,00;3,0;3,1;38,41;0,50;0,007;0,8;3,51;0,225
338;11.08.2023;11:42:22;00:05:37;250,1;151,9;21,2;17,8;22,2;188,2;8,5;0,1;1,31E-1;-541,2;20,00;3,0;3,0;38,41;0,50;0,005;0,8;3,54;0,225
339;11.08.2023;11:42:23;00:05:38;250,2;154,5;21,2;17,8;22,2;189,7;8,4;0,1;1,30E-1;-541,2;20,00;3,0;3,0;38,41;0,50;-0,001;0,8;3,52;0,225
340;11.08.2023;11:42:24;00:05:39;250,0;154,5;21,3;17,9;22,2;190,5;8,5;0,1;1,30E-1;-541,2;20,00;3,0;3,0;38,41;0,50;0,003;0,8;3,53;0,225
341;11.08.2023;11:42:25;00:05:40;250,1;157,1;21,3;17,9;22,2;192,0;8,5;0,1;1,30E-1;-541,2;20,00;3,0;3,1;38,41;0,50;0,001;0,8;3,54;0,226
342;11.08.2023;11:42:26;00:05:41;250,0;157,1;21,3;17,9;22,2;192,7;8,5;0,1;1,29E-1;-541,2;20,00;3,0;3,0;38,41;0,50;0,000;0,8;3,53;0,225
343;11.08.2023;11:42:27;00:05:42;250,2;159,6;21,3;17,9;22,2;194,2;8,5;0,1;1,29E-1;-541,2;20,00;3,0;3,0;38,41;0,50;0,003;0,8;3,56;0,225
344;11.08.2023;11:42:28;00:05:43;250,2;162,1;21,3;18,0;22,2;195,9;8,5;0,1;1,28E-1;-541,2;20,00;3,0;3,0;38,41;0,50;0,005;0,8;3,59;0,226
345;11.08.2023;11:42:29;00:05:44;250,1;162,1;21,3;18,0;22,2;196,6;8,5;0,1;1,28E-1;-541,2;20,00;3,0;2,9;38,41;0,50;0,003;0,8;3,54;0,225
346;11.08.2023;11:42:30;00:05:45;250,0;162,1;21,4;18,0;22,2;198,1;8,7;0,1;1,27E-1;-541,2;20,00;3,0;3,0;38,41;0,50;0,006;0,8;3,57;0,227
347;11.08.2023;11:42:31;00:05:46;250,0;164,3;21,4;18,0;22,3;199,6;8,7;0,1;1,27E-1;-541,2;20,00;3,0;3,0;38,41;0,50;0,003;0,8;3,51;0,227
348;11.08.2023;11:42:32;00:05:47;250,0;164,3;21,4;18,0;22,3;200,4;8,7;0,1;1,26E-1;-541,2;20,00;3,0;3,0;38,41;0,50;0,001;0,8;3,57;0,230
349;11.08.2023;11:42:33;00:05:48;250,0;166,6;21,4;18,0;22,3;201,9;8,7;0,1;1,26E-1;-541,2;20,00;3,0;3,0;38,41;0,50;0,001;0,8;3,57;0,229
350;11.08.2023;11:42:34;00:05:49;250,1;166,6;21,5;18,1;22,3;203,5;8,9;0,1;1,25E-1;-541,2;20,00;3,0;3,0;38,41;0,50;0,001;0,8;3,51;0,230
351;11.08.2023;11:42:35;00:05:50;250,0;168,7;21,5;18,1;22,3;204,2;8,8;0,1;1,25E-1;-541,2;20,00;3,0;2,9;38,41;0,50;0,001;0,8;3,54;0,230
352;11.08.2023;11:42:36;00:05:51;250,1;170,9;21,5;18,1;22,3;205,7;8,8;0,1;1,24E-1;-541,2;20,00;3,0;3,0;38,41;0,50;0,001;0,8;3,53;0,230
353;11.08.2023;11:42:37;00:05:52;250,1;170,9;21,5;18,1;22,3;206,5;8,8;0,1;1,24E-1;-541,2;20,00;3,0;3,0;38,41;0,50;0,001;0,8;3,56;0,230
354;11.08.2023;11:42:38;00:05:53;250,1;173,0;21,5;18,1;22,3;208,0;8,8;0,1;1,24E-1;-541,2;20,00;3,0;3,0;38,41;0,50;0,005;0,8;3,54;0,230
355;11.08.2023;11:42:39;00:05:54;250,0;173,0;21,6;18,1;22,3;209,5;9,0;0,1;1,23E-1;-541,2;20,00;3,0;3,0;38,41;0,50;0,001;0,8;3,59;0,230
356;11.08.2023;11:42:40;00:05:55;250,2;173,0;21,6;18,1;22,3;210,4;9,1;0,1;1,23E-1;-541,2;20,00;3,0;3,0;38,41;0,50;0,005;0,8;3,58;0,231
357;11.08.2023;11:42:41;00:05:56;250,1;175,1;21,6;18,1;22,3;211,9;9,0;0,1;1,22E-1;-541,2;20,00;3,0;3,0;38,41;0,50;0,007;0,8;3,56;0,230
358;11.08.2023;11:42:42;00:05:57;250,0;175,0;21,6;18,1;22,3;213,4;9,2;0,1;1,22E-1;-541,2;20,00;3,0;3,0;38,41;0,50;0,003;0,8;3,61;0,234
359;11.08.2023;11:42:43;00:05:58;250,2;177,2;21,6;18,1;22,3;214,1;9,1;0,1;1,21E-1;-541,2;20,00;3,0;3,0;38,41;0,50;0,003;0,8;3,59;0,234
360;11.08.2023;11:42:44;00:05:59;250,1;179,4;21,6;18,2;22,3;215,6;9,3;0,1;1,21E-1;-541,2;20,00;3,0;3,1;38,41;0,50;0,008;0,8;3,61;0,234
361;11.08.2023;11:42:45;00:06:00;250,0;179,4;21,6;18,2;22,3;217,1;9,2;0,1;1,20E-1;-541,2;20,00;3,0;3,0;38,41;0,50;0,001;0,8;3,60;0,234
362;11.08.2023;11:42:46;00:06:01;250,0;179,4;21,6;18,2;22,3;218,0;9,3;0,1;1,20E-1;-541,2;20,00;3,0;3,0;38,41;0,50;0,000;0,8;3,64;0,234
363;11.08.2023;11:42:47;00:06:02;250,2;181,6;21,6;18,2;22,3;219,5;9,3;0,1;1,20E-1;-541,2;20,00;3,0;3,0;38,41;0,50;-0,001;0,8;3,56;0,234
364;11.08.2023;11:42:48;00:06:03;250,1;181,6;21,7;18,2;22,3;221,0;9,5;0,1;1,19E-1;-541,2;20,00;3,0;3,0;38,41;0,50;-0,002;0,8;3,60;0,234
365;11.08.2023;11:42:49;00:06:04;250,1;183,8;21,7;18,2;22,3;221,7;9,5;0,1;1,19E-1;-541,2;20,00;3,0;3,0;38,41;0,50;0,000;0,9;3,64;0,237
366;11.08.2023;11:42:50;00:06:05;250,0;183,8;21,7;18,2;22,3;223,2;9,5;0,1;1,18E-1;-541,2;20,00;3,0;3,0;38,41;0,50;-0,004;0,9;3,58;0,235
367;11.08.2023;11:42:51;00:06:06;250,0;185,8;21,7;18,3;22,3;224,0;9,5;0,1;1,18E-1;-541,2;20,00;3,0;2,9;38,41;0,50;-0,003;0,9;3,61;0,237
368;11.08.2023;11:42:52;00:06:07;250,1;187,9;21,8;18,3;22,3;225,6;9,6;0,1;1,17E-1;-541,2;20,00;3,0;3,0;38,41;0,50;-0,001;0,9;3,62;0,234
369;11.08.2023;11:42:53;00:06:08;250,1;187,9;21,8;18,3;22,4;227,1;9,6;0,1;1,17E-1;-541,2;20,00;3,0;3,0;38,41;0,50;0,003;0,9;3,60;0,235
370;11.08.2023;11:42:54;00:06:09;250,0;187,9;21,8;18,3;22,4;227,9;9,7;0,1;1,17E-1;-541,2;20,00;3,0;3,0;38,41;0,50;0,001;0,9;3,65;0,237
371;11.08.2023;11:42:55;00:06:10;250,1;189,9;21,8;18,3;22,4;229,4;9,7;0,1;1,16E-1;-541,2;20,00;3,0;3,0;38,41;0,50;-0,001;0,9;3,62;0,237
372;11.08.2023;11:42:56;00:06:11;250,0;191,9;21,8;18,4;22,3;230,9;9,7;0,1;1,16E-1;-541,2;20,00;3,0;3,0;38,41;0,50;0,005;0,9;3,62;0,239
373;11.08.2023;11:42:57;00:06:12;250,0;191,9;21,8;18,4;22,3;231,6;9,8;0,1;1,15E-1;-541,2;20,00;3,0;3,0;38,41;0,50;0,002;0,9;3,61;0,239
374;11.08.2023;11:42:58;00:06:13;250,0;191,9;21,9;18,4;22,3;233,2;9,9;0,1;1,15E-1;-541,2;20,00;3,0;3,0;38,41;0,50;0,005;0,9;3,68;0,239
375;11.08.2023;11:42:59;00:06:14;250,0;193,8;21,9;18,4;22,3;234,7;9,9;0,1;1,14E-1;-541,2;20,00;3,0;3,0;38,41;0,50;0,006;0,9;3,66;0,239
376;11.08.2023;11:43:00;00:06:15;250,0;193,8;21,9;18,4;22,3;235,5;10,0;0,1;1,14E-1;-541,2;20,00;3,0;3,0;38,41;0,50;0,005;0,9;3,67;0,239
377;11.08.2023;11:43:01;00:06:16;250,1;195,8;21,9;18,4;22,3;237,0;10,0;0,1;1,14E-1;-541,2;20,00;3,0;3,0;38,41;0,50;-0,001;0,9;3,64;0,239
378;11.08.2023;11:43:02;00:06:17;250,0;195,8;22,0;18,5;22,3;238,5;10,2;0,1;1,14E-1;-541,2;20,00;3,0;3,0;38,41;0,50;0,001;0,9;3,65;0,244
379;11.08.2023;11:43:03;00:06:18;250,2;197,8;22,0;18,5;22,3;239,2;10,1;0,1;1,13E-1;-541,2;20,00;3,0;3,0;38,41;0,50;-0,001;0,9;3,68;0,244
380;11.08.2023;11:43:04;00:06:19;250,0;197,8;22,0;18,5;22,3;240,9;10,3;0,1;1,13E-1;-541,2;20,00;3,0;3,0;38,41;0,50;0,001;0,9;3,66;0,244
381;11.08.2023;11:43:05;00:06:20;250,0;199,9;22,0;18,5;22,3;241,6;10,4;0,1;1,13E-1;-541,2;20,00;3,0;2,9;38,41;0,50;0,000;0,9;3,68;0,244
382;11.08.2023;11:43:06;00:06:21;250,1;199,9;22,0;18,5;22,3;243,1;10,4;0,1;1,12E-1;-541,2;20,00;3,0;3,0;38,41;0,50;-0,002;0,9;3,68;0,244
383;11.08.2023;11:43:07;00:06:22;250,0;202,0;22,1;18,6;22,3;244,6;10,3;0,1;1,12E-1;-541,2;20,00;3,0;3,0;38,41;0,50;0,002;0,9;3,67;0,244
384;11.08.2023;11:43:08;00:06:23;250,0;202,0;22,1;18,6;22,3;245,4;10,4;0,1;1,12E-1;-541,2;20,00;3,0;3,0;38,41;0,50;0,001;0,9;3,67;0,244
385;11.08.2023;11:43:09;00:06:24;250,1;204,0;22,1;18,6;22,3;246,9;10,5;0,1;1,11E-1;-541,2;20,00;3,0;3,0;38,41;0,50;0,000;0,9;3,68;0,247
386;11.08.2023;11:43:10;00:06:25;250,1;204,0;22,2;18,6;22,3;248,5;10,6;0,1;1,11E-1;-541,2;20,00;3,0;2,9;38,41;0,50;-0,004;0,9;3,69;0,246
387;11.08.2023;11:43:11;00:06:26;250,0;205,9;22,2;18,6;22,3;249,2;10,5;0,1;1,11E-1;-541,2;20,00;3,0;3,0;38,41;0,50;-0,002;0,9;3,68;0,247
388;11.08.2023;11:43:12;00:06:27;250,1;207,8;22,2;18,7;22,3;250,7;10,6;0,1;1,10E-1;-541,2;20,00;3,0;3,0;38,41;0,50;0,002;0,9;3,70;0,247
389;11.08.2023;11:43:13;00:06:28;250,0;207,8;22,2;18,7;22,4;252,2;10,7;0,1;1,10E-1;-541,2;20,00;3,0;2,9;38,41;0,50;0,000;0,9;3,74;0,247
390;11.08.2023;11:43:14;00:06:29;250,0;207,8;22,2;18,7;22,4;253,0;10,8;0,1;1,10E-1;-541,2;20,00;3,0;3,0;38,41;0,50;0,004;0,9;3,73;0,249
391;11.08.2023;11:43:15;00:06:30;250,0;209,8;22,2;18,7;22,4;254,5;10,8;0,1;1,10E-1;-541,2;20,00;3,0;3,0;38,41;0,50;0,001;0,9;3,74;0,249
392;11.08.2023;11:43:16;00:06:31;250,0;209,8;22,2;18,7;22,4;255,2;10,9;0,1;1,10E-1;-541,2;20,00;3,0;3,0;38,41;0,50;0,006;0,9;3,74;0,249
393;11.08.2023;11:43:17;00:06:32;250,2;211,7;22,3;18,7;22,4;256,9;10,9;0,1;1,09E-1;-541,2;20,00;3,0;3,1;38,41;0,50;0,002;0,9;3,71;0,250
394;11.08.2023;11:43:18;00:06:33;250,0;211,7;22,3;18,8;22,4;258,4;11,1;0,1;1,09E-1;-541,2;20,00;3,0;3,0;38,41;0,50;-0,004;0,9;3,75;0,252
395;11.08.2023;11:43:19;00:06:34;250,1;213,6;22,3;18,8;22,4;259,1;11,0;0,1;1,09E-1;-541,2;20,00;3,0;3,0;38,41;0,50;0,001;1,0;3,73;0,252
396;11.08.2023;11:43:20;00:06:35;250,1;215,5;22,4;18,8;22,4;260,6;11,2;0,1;1,09E-1;-541,2;20,00;3,0;3,0;38,41;0,50;0,000;0,9;3,74;0,252
397;11.08.2023;11:43:21;00:06:36;250,1;215,5;22,4;18,8;22,4;262,1;11,2;0,1;1,08E-1;-541,2;20,00;3,0;3,0;38,42;0,50;0,000;0,9;3,72;0,250
398;11.08.2023;11:43:22;00:06:37;250,2;215,5;22,4;18,8;22,5;262,9;11,2;0,1;1,08E-1;-541,2;20,00;3,0;3,0;38,41;0,50;0,003;0,9;3,74;0,254
399;11.08.2023;11:43:23;00:06:38;250,0;217,6;22,4;18,8;22,4;264,5;11,3;0,1;1,08E-1;-541,2;20,00;3,0;3,0;38,41;0,50;0,004;0,9;3,74;0,253
400;11.08.2023;11:43:24;00:06:39;250,1;217,6;22,5;18,9;22,4;266,0;11,4;0,1;1,07E-1;-541,2;20,00;3,0;3,0;38,41;0,50;-0,004;1,0;3,80;0,253
401;11.08.2023;11:43:25;00:06:40;250,0;219,6;22,5;18,9;22,5;266,7;11,4;0,1;1,07E-1;-541,2;20,00;3,0;3,0;38,41;0,50;-0,003;1,0;3,78;0,254
402;11.08.2023;11:43:26;00:06:41;250,0;219,6;22,5;18,9;22,5;268,2;11,5;0,1;1,07E-1;-541,2;20,00;3,0;3,1;38,41;0,50;0,001;1,0;3,74;0,254
403;11.08.2023;11:43:27;00:06:42;250,0;221,7;22,5;18,9;22,5;269,7;11,5;0,1;1,06E-1;-541,2;20,00;3,0;3,0;38,41;0,50;-0,001;1,0;3,78;0,254
404;11.08.2023;11:43:28;00:06:43;250,1;221,7;22,5;18,9;22,5;270,5;11,6;0,1;1,06E-1;-541,2;20,00;3,0;3,0;38,41;0,50;-0,001;1,0;3,76;0,256
405;11.08.2023;11:43:29;00:06:44;250,1;223,8;22,5;18,9;22,5;272,1;11,6;0,1;1,06E-1;-541,2;20,00;3,0;3,0;38,41;0,50;0,002;1,0;3,76;0,254
406;11.08.2023;11:43:30;00:06:45;250,2;223,8;22,6;18,9;22,5;272,9;11,7;0,1;1,06E-1;-541,2;20,00;3,0;3,0;38,42;0,50;-0,002;1,0;3,79;0,258
407;11.08.2023;11:43:31;00:06:46;250,0;225,7;22,6;19,0;22,6;274,4;11,7;0,1;1,05E-1;-541,2;20,00;3,0;3,0;38,41;0,50;0,001;1,0;3,76;0,258
408;11.08.2023;11:43:32;00:06:47;250,1;227,6;22,6;19,0;22,6;275,9;11,8;0,1;1,05E-1;-541,2;20,00;3,0;3,0;38,41;0,50;0,003;1,0;3,81;0,259
409;11.08.2023;11:43:33;00:06:48;250,0;227,6;22,6;19,0;22,6;276,6;11,8;0,1;1,05E-1;-541,2;20,00;3,0;3,0;38,41;0,50;0,008;1,0;3,78;0,259
410;11.08.2023;11:43:34;00:06:49;250,0;227,6;22,6;19,0;22,6;278,1;12,0;0,1;1,05E-1;-541,2;20,00;3,0;3,0;38,41;0,50;0,004;1,0;3,81;0,259
411;11.08.2023;11:43:35;00:06:50;250,0;229,6;22,7;19,0;22,6;279,7;12,0;0,1;1,04E-1;-541,2;20,00;3,0;3,0;38,41;0,50;-0,001;1,0;3,81;0,261
412;11.08.2023;11:43:36;00:06:51;250,2;229,6;22,7;19,0;22,6;280,5;12,1;0,1;1,04E-1;-541,2;20,00;3,0;3,0;38,41;0,50;0,001;1,0;3,80;0,259
413;11.08.2023;11:43:37;00:06:52;250,2;231,6;22,7;19,1;22,6;282,0;12,1;0,1;1,04E-1;-541,2;20,00;3,0;3,0;38,41;0,50;-0,004;1,0;3,82;0,259
414;11.08.2023;11:43:38;00:06:53;250,0;231,6;22,8;19,1;22,6;283,5;12,2;0,1;1,04E-1;-541,2;20,00;3,0;2,9;38,41;0,50;-0,003;1,0;3,82;0,264
415;11.08.2023;11:43:39;00:06:54;250,1;233,6;22,8;19,1;22,6;284,2;12,2;0,1;1,03E-1;-541,2;20,00;3,0;3,0;38,41;0,50;-0,002;1,0;3,82;0,264
416;11.08.2023;11:43:40;00:06:55;250,1;235,6;22,8;19,2;22,6;285,7;12,3;0,1;1,03E-1;-541,2;20,00;3,0;3,0;38,41;0,50;0,001;1,0;3,88;0,264
417;11.08.2023;11:43:41;00:06:56;250,0;235,6;22,8;19,2;22,6;287,4;12,3;0,1;1,03E-1;-541,2;20,00;3,0;3,0;38,42;0,50;0,003;1,0;3,83;0,264
418;11.08.2023;11:43:42;00:06:57;250,0;235,6;22,8;19,2;22,6;288,1;12,4;0,1;1,03E-1;-541,2;20,00;3,0;3,0;38,41;0,50;0,003;1,0;3,83;0,264
419;11.08.2023;11:43:43;00:06:58;250,0;237,7;22,9;19,2;22,6;289,6;12,4;0,1;1,02E-1;-541,2;20,00;3,0;3,0;38,41;0,50;0,002;1,0;3,83;0,264
420;11.08.2023;11:43:44;00:06:59;250,2;237,7;22,9;19,2;22,6;290,4;12,5;0,1;1,02E-1;-541,2;20,00;3,0;3,0;38,41;0,50;-0,003;1,0;3,87;0,267
421;11.08.2023;11:43:45;00:07:00;250,0;239,8;22,9;19,2;22,6;291,9;12,6;0,1;1,02E-1;-541,2;20,00;3,0;3,0;38,42;0,50;0,002;1,0;3,88;0,269
422;11.08.2023;11:43:46;00:07:01;250,0;239,8;22,9;19,2;22,6;293,4;12,7;0,1;1,02E-1;-541,2;20,00;3,0;3,0;38,41;0,50;0,004;1,0;3,88;0,269
423;11.08.2023;11:43:47;00:07:02;250,1;241,9;22,9;19,3;22,6;294,2;12,6;0,1;1,01E-1;-541,2;20,00;3,0;3,0;38,41;0,50;0,003;1,1;3,90;0,269
424;11.08.2023;11:43:48;00:07:03;250,0;241,9;23,0;19,3;22,6;295,7;12,8;0,1;1,01E-1;-541,2;20,00;3,0;3,0;38,42;0,50;0,002;1,0;3,87;0,269
425;11.08.2023;11:43:49;00:07:04;250,0;244,0;23,0;19,3;22,6;297,2;12,8;0,1;1,01E-1;-541,2;20,00;3,0;3,0;38,41;0,50;0,001;1,0;3,90;0,269
426;11.08.2023;11:43:50;00:07:05;250,0;244,0;23,0;19,3;22,6;298,0;12,9;0,1;1,01E-1;-541,2;20,00;3,0;3,0;38,41;0,50;-0,001;1,0;3,87;0,269
427;11.08.2023;11:43:51;00:07:06;250,0;246,0;23,0;19,3;22,7;299,5;12,9;0,1;1,00E-1;-541,2;20,00;3,0;3,0;38,41;0,50;-0,002;1,1;3,89;0,269
428;11.08.2023;11:43:52;00:07:07;250,0;248,0;23,1;19,4;22,7;301,0;12,9;0,1;1,00E-1;-541,2;20,00;3,0;3,0;38,42;0,50;-0,004;1,1;3,87;0,272
429;11.08.2023;11:43:53;00:07:08;250,2;248,0;23,1;19,4;22,6;301,9;13,0;0,1;9,99E-2;-541,2;20,00;3,0;2,9;38,41;0,50;0,001;1,1;3,89;0,272
430;11.08.2023;11:43:54;00:07:09;250,0;248,0;23,1;19,4;22,6;303,4;13,2;0,1;9,97E-2;-541,2;20,00;3,0;3,0;38,41;0,50;0,004;1,1;3,90;0,274
431;11.08.2023;11:43:55;00:07:10;250,0;250,0;23,1;19,4;22,7;304,1;13,1;0,1;9,95E-2;-541,2;20,00;3,0;3,0;38,41;0,50;0,005;1,1;3,89;0,274
432;11.08.2023;11:43:56;00:07:11;250,2;250,0;23,2;19,4;22,7;305,6;13,3;0,1;9,92E-2;-541,2;20,00;3,0;3,1;38,41;0,50;0,005;1,1;3,92;0,274
433;11.08.2023;11:43:57;00:07:12;250,0;252,0;23,2;19,4;22,7;307,1;13,3;0,1;9,90E-2;-541,2;20,00;3,0;3,0;38,42;0,50;0,005;1,1;3,93;0,274
434;11.08.2023;11:43:58;00:07:13;250,1;252,0;23,2;19,4;22,7;307,9;13,4;0,1;9,88E-2;-541,2;20,00;3,0;3,0;38,41;0,50;0,002;1,1;3,95;0,274
435;11.08.2023;11:43:59;00:07:14;250,0;254,0;23,2;19,5;22,7;309,5;13,4;0,1;9,86E-2;-541,2;20,00;3,0;3,0;38,41;0,50;0,002;1,1;3,93;0,275
436;11.08.2023;11:44:00;00:07:15;250,1;256,0;23,3;19,5;22,7;311,0;13,4;0,1;9,82E-2;-541,2;20,00;3,0;3,0;38,42;0,50;0,002;1,1;3,92;0,275
437;11.08.2023;11:44:01;00:07:16;250,1;256,0;23,3;19,5;22,7;311,7;13,5;0,1;9,81E-2;-541,2;20,00;3,0;3,0;38,41;0,50;0,002;1,1;3,95;0,275
438;11.08.2023;11:44:02;00:07:17;250,1;256,0;23,3;19,5;22,7;313,2;13,7;0,1;9,79E-2;-541,2;20,00;3,0;3,0;38,42;0,50;-0,002;1,1;3,94;0,275
439;11.08.2023;11:44:03;00:07:18;250,0;258,2;23,4;19,6;22,7;314,7;13,7;0,1;9,75E-2;-541,2;20,00;3,0;3,0;38,41;0,50;-0,001;1,1;3,96;0,277
440;11.08.2023;11:44:04;00:07:19;250,2;258,2;23,4;19,6;22,7;315,5;13,7;0,1;9,74E-2;-541,2;20,00;3,0;3,0;38,42;0,50;0,001;1,1;3,96;0,278
441;11.08.2023;11:44:05;00:07:20;250,0;260,3;23,4;19,6;22,7;317,1;13,8;0,1;9,72E-2;-541,2;20,00;3,0;3,0;38,42;0,50;0,000;1,1;3,95;0,280
442;11.08.2023;11:44:06;00:07:21;250,2;260,3;23,5;19,6;22,7;318,6;13,9;0,1;9,69E-2;-541,2;20,00;3,0;3,0;38,41;0,50;0,003;1,1;4,00;0,278
443;11.08.2023;11:44:07;00:07:22;250,1;262,5;23,5;19,6;22,7;319,4;13,8;0,1;9,68E-2;-541,2;20,00;3,0;3,0;38,42;0,50;0,002;1,1;3,96;0,281
444;11.08.2023;11:44:08;00:07:23;250,2;262,5;23,5;19,7;22,7;320,9;14,0;0,1;9,65E-2;-541,2;20,00;3,0;3,0;38,42;0,50;0,000;1,1;3,97;0,283
445;11.08.2023;11:44:09;00:07:24;250,1;262,5;23,5;19,7;22,7;321,6;14,1;0,1;9,63E-2;-541,2;20,00;3,0;3,0;38,42;0,50;0,002;1,1;3,99;0,283
446;11.08.2023;11:44:10;00:07:25;250,2;264,7;23,5;19,7;22,8;323,1;14,1;0,1;9,61E-2;-541,2;20,00;3,0;3,0;38,42;0,50;-0,002;1,1;4,00;0,283
447;11.08.2023;11:44:11;00:07:26;250,0;266,8;23,6;19,7;22,8;324,7;14,1;0,1;9,58E-2;-541,2;20,00;3,0;3,0;38,42;0,50;-0,001;1,1;4,00;0,283
448;11.08.2023;11:44:12;00:07:27;250,1;266,8;23,6;19,7;22,8;325,5;14,2;0,1;9,57E-2;-541,2;20,00;3,0;3,0;38,42;0,50;0,000;1,1;3,97;0,283
449;11.08.2023;11:44:13;00:07:28;250,0;268,8;23,6;19,8;22,8;327,0;14,2;0,1;9,54E-2;-541,2;20,00;3,0;3,0;38,42;0,50;0,000;1,1;3,99;0,283
450;11.08.2023;11:44:14;00:07:29;250,0;268,8;23,7;19,8;22,8;328,5;14,4;0,1;9,52E-2;-541,2;20,00;3,0;3,0;38,42;0,50;-0,002;1,1;3,99;0,284
451;11.08.2023;11:44:15;00:07:30;250,0;270,9;23,7;19,8;22,8;329,2;14,3;0,1;9,51E-2;-541,2;20,00;3,0;3,0;38,41;0,50;0,001;1,1;4,03;0,284
452;11.08.2023;11:44:16;00:07:31;250,1;273,0;23,7;19,8;22,8;330,7;14,5;0,1;9,48E-2;-541,2;20,00;3,0;3,1;38,42;0,50;0,004;1,2;3,99;0,284
453;11.08.2023;11:44:17;00:07:32;250,0;273,0;23,7;19,8;22,8;332,4;14,5;0,1;9,45E-2;-541,2;20,00;3,0;3,0;38,42;0,50;0,001;1,1;3,99;0,286
454;11.08.2023;11:44:18;00:07:33;250,2;273,0;23,8;19,9;22,8;333,1;14,6;0,1;9,44E-2;-541,2;20,00;3,0;3,0;38,41;0,50;0,001;1,2;4,02;0,288
455;11.08.2023;11:44:19;00:07:34;250,0;275,1;23,8;19,9;22,8;334,6;14,6;0,1;9,41E-2;-541,2;20,00;3,0;3,0;38,42;0,50;-0,001;1,2;4,05;0,288
456;11.08.2023;11:44:20;00:07:35;250,1;275,1;23,8;19,9;22,8;335,4;14,7;0,1;9,40E-2;-541,2;20,00;3,0;2,9;38,41;0,50;-0,005;1,2;4,01;0,289
457;11.08.2023;11:44:21;00:07:36;250,0;277,2;23,8;19,9;22,8;336,9;14,7;0,1;9,38E-2;-541,2;20,00;3,0;3,0;38,42;0,50;-0,003;1,2;4,02;0,288
458;11.08.2023;11:44:22;00:07:37;250,3;277,1;23,8;19,9;22,8;338,4;14,9;0,1;9,35E-2;-541,2;20,00;3,0;3,0;38,41;0,50;0,001;1,2;4,09;0,291
459;11.08.2023;11:44:23;00:07:38;250,0;277,1;23,8;19,9;22,8;339,1;15,0;0,1;9,34E-2;-541,2;20,00;3,0;3,0;38,42;0,50;-0,003;1,2;4,08;0,293
460;11.08.2023;11:44:24;00:07:39;250,0;279,4;23,8;19,9;22,7;340,7;15,0;0,1;9,32E-2;-541,2;20,00;3,0;3,0;38,42;0,50;0,002;1,2;4,02;0,290
461;11.08.2023;11:44:25;00:07:40;250,0;281,7;23,9;19,9;22,8;342,2;15,0;0,1;9,29E-2;-541,2;20,00;3,0;3,0;38,41;0,50;0,005;1,2;4,07;0,293
462;11.08.2023;11:44:26;00:07:41;250,1;281,7;23,9;19,9;22,8;343,0;15,1;0,1;9,28E-2;-541,2;20,00;3,0;3,0;38,42;0,50;0,001;1,2;4,04;0,293
463;11.08.2023;11:44:27;00:07:42;250,0;284,1;23,9;19,9;22,8;344,5;15,0;0,1;9,26E-2;-541,2;20,00;3,0;3,0;38,41;0,50;0,003;1,2;4,10;0,293
464;11.08.2023;11:44:28;00:07:43;250,0;284,1;24,0;19,9;22,7;346,0;15,2;0,1;9,23E-2;-541,2;20,00;3,0;3,0;38,41;0,50;-0,005;1,2;4,04;0,293
465;11.08.2023;11:44:29;00:07:44;250,0;286,3;24,0;20,0;22,7;346,7;15,3;0,1;9,22E-2;-541,2;20,00;3,0;2,9;38,41;0,50;-0,007;1,2;4,06;0,294
466;11.08.2023;11:44:30;00:07:45;250,1;286,3;24,0;20,0;22,8;348,4;15,3;0,1;9,20E-2;-541,2;20,00;3,0;3,0;38,41;0,50;0,002;1,2;4,06;0,293
467;11.08.2023;11:44:31;00:07:46;250,0;288,4;24,0;20,0;22,8;349,9;15,3;0,1;9,17E-2;-541,2;20,00;3,0;3,0;38,41;0,50;-0,001;1,2;4,08;0,294
468;11.08.2023;11:44:32;00:07:47;250,0;288,4;24,1;20,0;22,8;350,6;15,4;0,1;9,16E-2;-541,2;20,00;3,0;3,0;38,41;0,50;0,002;1,2;4,07;0,295
469;11.08.2023;11:44:33;00:07:48;250,0;290,6;24,1;20,0;22,8;352,1;15,5;0,1;9,14E-2;-541,2;20,00;3,0;3,0;38,41;0,50;0,001;1,2;4,08;0,298
470;11.08.2023;11:44:34;00:07:49;250,0;290,6;24,1;20,0;22,8;352,9;15,5;0,1;9,12E-2;-541,2;20,00;3,0;3,0;38,41;0,50;-0,003;1,2;4,06;0,298
471;11.08.2023;11:44:35;00:07:50;250,1;292,7;24,2;20,1;22,9;354,5;15,5;0,1;9,11E-2;-541,2;20,00;3,0;3,0;38,41;0,50;0,000;1,2;4,09;0,299
472;11.08.2023;11:44:36;00:07:51;250,1;292,7;24,2;20,1;22,9;356,0;15,7;0,1;9,09E-2;-541,2;20,00;3,0;3,0;38,41;0,50;-0,001;1,2;4,07;0,299
473;11.08.2023;11:44:37;00:07:52;250,0;292,7;24,2;20,1;22,9;356,7;15,8;0,1;9,08E-2;-541,2;20,00;3,0;3,0;38,41;0,50;0,001;1,2;4,09;0,298
474;11.08.2023;11:44:38;00:07:53;250,1;294,9;24,2;20,1;22,8;358,2;15,8;0,1;9,06E-2;-541,2;20,00;3,0;3,0;38,42;0,50;0,002;1,2;4,09;0,301
475;11.08.2023;11:44:39;00:07:54;250,1;297,0;24,3;20,2;22,8;359,7;15,8;0,1;9,05E-2;-541,2;20,00;3,0;3,0;38,42;0,50;0,002;1,2;4,10;0,300
476;11.08.2023;11:44:40;00:07:55;250,1;297,0;24,3;20,2;22,8;360,5;15,9;0,1;9,05E-2;-541,2;20,00;3,0;3,0;38,42;0,50;0,000;1,2;4,12;0,303
477;11.08.2023;11:44:41;00:07:56;250,2;299,2;24,3;20,2;22,8;362,1;15,9;0,1;9,02E-2;-541,2;20,00;3,0;3,0;38,42;0,50;0,007;1,3;4,13;0,303
478;11.08.2023;11:44:42;00:07:57;250,1;299,3;24,5;20,3;22,9;363,6;16,1;0,1;9,00E-2;-541,2;20,00;3,0;3,0;38,41;0,50;0,002;1,2;4,12;0,303
479;11.08.2023;11:44:43;00:07:58;250,0;299,3;24,5;20,3;22,9;364,4;16,2;0,1;8,99E-2;-541,2;20,00;3,0;3,1;38,42;0,50;-0,001;1,2;4,10;0,306
480;11.08.2023;11:44:44;00:07:59;250,1;301,6;24,5;20,3;22,9;365,9;16,2;0,1;8,97E-2;-541,2;20,00;3,0;3,0;38,41;0,50;-0,001;1,2;4,13;0,303
481;11.08.2023;11:44:45;00:08:00;250,0;303,9;24,5;20,4;23,0;367,4;16,2;0,1;8,95E-2;-541,2;20,00;3,0;3,0;38,42;0,50;-0,004;1,3;4,14;0,306
482;11.08.2023;11:44:46;00:08:01;250,1;303,9;24,5;20,4;23,0;368,1;16,2;0,1;8,94E-2;-541,2;20,00;3,0;3,1;38,41;0,50;-0,001;1,3;4,17;0,306
483;11.08.2023;11:44:47;00:08:02;250,1;306,3;24,6;20,4;23,0;369,7;16,2;0,1;8,92E-2;-541,2;20,00;3,0;3,0;38,41;0,50;0,001;1,3;4,14;0,307
484;11.08.2023;11:44:48;00:08:03;250,1;306,3;24,6;20,4;23,0;370,5;16,3;0,1;8,90E-2;-541,2;20,00;3,0;3,0;38,41;0,50;0,001;1,3;4,13;0,308
485;11.08.2023;11:44:49;00:08:04;250,2;308,6;24,6;20,5;23,0;372,0;16,4;0,1;8,88E-2;-541,2;20,00;3,0;3,0;38,41;0,50;-0,002;1,3;4,15;0,309
486;11.08.2023;11:44:50;00:08:05;250,1;308,6;24,6;20,5;23,0;373,5;16,5;0,1;8,86E-2;-541,2;20,00;3,0;3,0;38,42;0,50;-0,003;1,3;4,19;0,311
487;11.08.2023;11:44:51;00:08:06;250,3;310,8;24,7;20,5;23,0;374,2;16,4;0,1;8,85E-2;-541,2;20,00;3,0;3,0;38,41;0,50;-0,003;1,3;4,14;0,311
488;11.08.2023;11:44:52;00:08:07;250,1;310,8;24,8;20,6;23,0;375,7;16,6;0,1;8,83E-2;-541,2;20,00;3,0;3,1;38,42;0,50;0,004;1,3;4,15;0,313
489;11.08.2023;11:44:53;00:08:08;250,2;313,0;24,8;20,6;23,0;377,4;16,6;0,1;8,81E-2;-541,2;20,00;3,0;3,0;38,42;0,50;0,001;1,3;4,15;0,313
490;11.08.2023;11:44:54;00:08:09;250,0;313,0;24,8;20,6;23,0;378,1;16,7;0,1;8,80E-2;-541,2;20,00;3,0;3,0;38,41;0,50;0,002;1,3;4,17;0,313
491;11.08.2023;11:44:55;00:08:10;250,2;315,2;24,8;20,6;23,1;379,6;16,7;0,1;8,77E-2;-541,2;20,00;3,0;3,1;38,42;0,50;0,004;1,3;4,19;0,313
492;11.08.2023;11:44:56;00:08:11;250,1;317,4;24,9;20,6;23,1;381,1;16,8;0,1;8,76E-2;-541,2;20,00;3,0;3,1;38,42;0,50;0,003;1,3;4,18;0,313
493;11.08.2023;11:44:57;00:08:12;250,1;317,4;24,9;20,6;23,1;381,9;16,8;0,1;8,75E-2;-541,2;20,00;3,0;3,0;38,42;0,50;0,002;1,3;4,18;0,313
494;11.08.2023;11:44:58;00:08:13;250,1;317,4;24,9;20,6;23,1;383,4;17,0;0,1;8,72E-2;-541,2;20,00;3,0;2,9;38,41;0,50;0,002;1,3;4,22;0,313
495;11.08.2023;11:44:59;00:08:14;250,1;319,6;24,9;20,7;23,1;384,1;16,9;0,1;8,71E-2;-541,2;20,00;3,0;2,9;38,42;0,50;0,002;1,3;4,16;0,314
496;11.08.2023;11:45:00;00:08:15;250,0;319,6;25,0;20,7;23,1;385,7;17,1;0,1;8,69E-2;-541,2;20,00;3,0;2,9;38,42;0,50;0,000;1,3;4,19;0,316
497;11.08.2023;11:45:01;00:08:16;250,2;321,8;25,0;20,7;23,2;387,2;17,1;0,1;8,67E-2;-541,2;20,00;3,0;3,0;38,41;0,50;0,001;1,3;4,19;0,316
498;11.08.2023;11:45:02;00:08:17;250,0;321,8;25,0;20,7;23,1;388,0;17,2;0,1;8,66E-2;-541,2;20,00;3,0;3,1;38,42;0,50;0,002;1,3;4,24;0,316
499;11.08.2023;11:45:03;00:08:18;250,1;324,2;25,0;20,8;23,1;389,5;17,2;0,1;8,64E-2;-541,2;20,00;3,0;3,0;38,41;0,50;-0,001;1,3;4,18;0,317
500;11.08.2023;11:45:04;00:08:19;250,1;324,2;25,1;20,8;23,1;391,0;17,4;0,1;8,62E-2;-541,2;20,00;3,0;3,0;38,42;0,50;-0,002;1,3;4,22;0,317
501;11.08.2023;11:45:05;00:08:20;250,1;324,2;25,1;20,8;23,1;391,7;17,5;0,1;8,61E-2;-541,2;20,00;3,0;3,0;38,41;0,50;-0,001;1,3;4,23;0,321
502;11.08.2023;11:45:06;00:08:21;250,0;326,6;25,1;20,8;23,1;393,4;17,5;0,1;8,59E-2;-541,2;20,00;3,0;2,9;38,41;0,50;0,001;1,4;4,24;0,321
503;11.08.2023;11:45:07;00:08:22;250,1;329,1;25,1;20,8;23,1;394,9;17,6;0,1;8,58E-2;-541,2;20,00;3,0;3,0;38,42;0,50;-0,001;1,4;4,26;0,322
504;11.08.2023;11:45:08;00:08:23;250,0;329,1;25,1;20,8;23,1;395,6;17,5;0,1;8,56E-2;-541,2;20,00;3,0;3,0;38,41;0,50;0,004;1,4;4,23;0,320
505;11.08.2023;11:45:09;00:08:24;250,0;331,6;25,2;20,9;23,2;397,1;17,5;0,1;8,54E-2;-541,2;20,00;3,0;3,0;38,42;0,50;0,004;1,4;4,26;0,322
506;11.08.2023;11:45:10;00:08:25;250,1;331,6;25,3;20,9;23,2;398,6;17,7;0,1;8,53E-2;-541,2;20,00;3,0;2,9;38,42;0,50;0,007;1,4;4,21;0,322
507;11.08.2023;11:45:11;00:08:26;250,1;333,9;25,3;20,9;23,2;399,4;17,6;0,1;8,52E-2;-541,2;20,00;3,0;3,0;38,42;0,50;0,003;1,4;4,28;0,322
508;11.08.2023;11:45:12;00:08:27;250,0;333,9;25,3;20,9;23,2;401,0;17,8;0,1;8,49E-2;-541,2;20,00;3,0;3,1;38,42;0,50;0,002;1,4;4,23;0,322
509;11.08.2023;11:45:13;00:08:28;250,0;333,9;25,3;21,0;23,2;401,7;17,9;0,1;8,48E-2;-541,2;20,00;3,0;3,1;38,41;0,50;0,002;1,4;4,27;0,323
510;11.08.2023;11:45:14;00:08:29;250,1;336,2;25,3;21,0;23,2;403,2;17,9;0,1;8,47E-2;-541,2;20,00;3,0;3,1;38,42;0,50;-0,001;1,4;4,23;0,324
511;11.08.2023;11:45:15;00:08:30;250,1;338,5;25,4;21,0;23,2;404,7;17,9;0,1;8,45E-2;-541,2;20,00;3,0;3,0;38,41;0,50;-0,001;1,4;4,28;0,322
512;11.08.2023;11:45:16;00:08:31;250,0;338,5;25,4;21,0;23,2;405,5;17,9;0,1;8,43E-2;-541,2;20,00;3,0;3,0;38,42;0,50;-0,002;1,4;4,28;0,326
513;11.08.2023;11:45:17;00:08:32;250,0;340,8;25,4;21,1;23,2;407,0;18,0;0,1;8,42E-2;-541,2;20,00;3,0;3,0;38,41;0,50;-0,002;1,4;4,28;0,327
514;11.08.2023;11:45:18;00:08:33;250,1;340,8;25,5;21,1;23,2;408,6;18,1;0,1;8,40E-2;-541,2;20,00;3,0;3,0;38,42;0,50;-0,002;1,4;4,27;0,327
515;11.08.2023;11:45:19;00:08:34;250,3;343,1;25,5;21,1;23,2;409,4;18,1;0,1;8,39E-2;-541,2;20,00;3,0;3,1;38,42;0,50;0,002;1,4;4,28;0,328
516;11.08.2023;11:45:20;00:08:35;250,0;343,1;25,5;21,2;23,2;410,9;18,2;0,1;8,37E-2;-541,2;20,00;3,0;3,1;38,42;0,50;0,004;1,4;4,28;0,329
517;11.08.2023;11:45:21;00:08:36;250,1;345,4;25,5;21,2;23,2;412,4;18,2;0,1;8,35E-2;-541,2;20,00;3,0;3,0;38,42;0,50;0,004;1,4;4,30;0,330
518;11.08.2023;11:45:22;00:08:37;250,0;345,4;25,5;21,2;23,2;413,1;18,3;0,1;8,35E-2;-541,2;20,00;3,0;3,0;38,41;0,50;0,002;1,4;4,29;0,332
519;11.08.2023;11:45:23;00:08:38;250,0;345,4;25,6;21,2;23,2;414,6;18,5;0,1;8,32E-2;-541,2;20,00;3,0;3,0;38,42;0,50;0,003;1,4;4,30;0,332
520;11.08.2023;11:45:24;00:08:39;250,0;347,8;25,6;21,2;23,2;416,2;18,5;0,1;8,31E-2;-541,2;20,00;3,0;3,0;38,42;0,50;-0,003;1,4;4,29;0,332
521;11.08.2023;11:45:25;00:08:40;250,1;350,3;25,7;21,3;23,3;417,0;18,5;0,1;8,30E-2;-541,2;20,00;3,0;3,0;38,42;0,50;-0,001;1,4;4,31;0,332
522;11.08.2023;11:45:26;00:08:41;250,0;350,3;25,7;21,3;23,3;418,5;18,6;0,1;8,29E-2;-541,2;20,00;3,0;3,1;38,42;0,50;0,003;1,4;4,32;0,332
523;11.08.2023;11:45:27;00:08:42;250,1;352,7;25,7;21,3;23,3;419,2;18,5;0,1;8,28E-2;-541,2;20,00;3,0;3,0;38,41;0,50;0,002;1,4;4,29;0,332
524;11.08.2023;11:45:28;00:08:43;250,0;352,7;25,7;21,3;23,3;420,7;18,6;0,1;8,25E-2;-541,2;20,00;3,0;3,0;38,42;0,50;0,000;1,4;4,33;0,332
525;11.08.2023;11:45:29;00:08:44;250,0;355,2;25,8;21,3;23,3;422,2;18,7;0,1;8,24E-2;-541,2;20,00;3,0;3,0;38,42;0,50;0,000;1,4;4,35;0,334
526;11.08.2023;11:45:30;00:08:45;250,1;355,2;25,8;21,3;23,3;423,1;18,7;0,1;8,23E-2;-541,2;20,00;3,0;3,0;38,41;0,50;-0,003;1,4;4,33;0,333
527;11.08.2023;11:45:31;00:08:46;250,0;357,5;25,9;21,4;23,3;424,6;18,7;0,1;8,21E-2;-541,2;20,00;3,0;3,0;38,42;0,50;-0,004;1,5;4,32;0,335
528;11.08.2023;11:45:32;00:08:47;250,3;357,5;25,9;21,4;23,3;426,1;18,9;0,1;8,19E-2;-541,2;20,00;3,0;3,0;38,42;0,50;0,001;1,5;4,31;0,337
529;11.08.2023;11:45:33;00:08:48;250,1;357,5;25,9;21,4;23,3;426,9;19,0;0,1;8,19E-2;-541,2;20,00;3,0;3,0;38,42;0,50;-0,001;1,5;4,34;0,337
530;11.08.2023;11:45:34;00:08:49;250,1;359,8;25,9;21,4;23,3;428,4;19,0;0,1;8,17E-2;-541,2;20,00;3,0;3,0;38,42;0,50;-0,003;1,5;4,34;0,338
531;11.08.2023;11:45:35;00:08:50;250,0;362,1;26,0;21,5;23,3;429,9;19,0;0,1;8,15E-2;-541,2;20,00;3,0;3,0;38,41;0,50;-0,002;1,5;4,34;0,337
532;11.08.2023;11:45:36;00:08:51;250,1;362,1;26,0;21,5;23,3;430,7;19,1;0,1;8,14E-2;-541,2;20,00;3,0;3,0;38,42;0,50;0,002;1,5;4,33;0,338
533;11.08.2023;11:45:37;00:08:52;250,1;364,4;26,0;21,5;23,3;432,2;19,1;0,1;8,12E-2;-541,2;20,00;3,0;2,9;38,42;0,50;0,002;1,5;4,33;0,338
534;11.08.2023;11:45:38;00:08:53;250,2;364,4;26,0;21,5;23,3;433,0;19,2;0,1;8,12E-2;-541,2;20,00;3,0;3,0;38,42;0,50;-0,001;1,5;4,39;0,341
535;11.08.2023;11:45:39;00:08:54;250,2;366,7;26,1;21,6;23,4;434,5;19,2;0,1;8,10E-2;-541,2;20,00;3,0;3,0;38,42;0,50;0,001;1,5;4,36;0,342
536;11.08.2023;11:45:40;00:08:55;250,0;369,1;26,1;21,6;23,4;436,0;19,4;0,1;8,08E-2;-541,2;20,00;3,0;3,0;38,42;0,50;-0,003;1,5;4,37;0,341
537;11.08.2023;11:45:41;00:08:56;250,3;369,1;26,1;21,6;23,4;436,7;19,3;0,1;8,08E-2;-541,2;20,00;3,0;3,1;38,42;0,50;0,001;1,5;4,40;0,342
538;11.08.2023;11:45:42;00:08:57;250,0;369,0;26,1;21,6;23,3;438,4;19,5;0,1;8,06E-2;-541,2;20,00;3,0;3,0;38,42;0,50;0,000;1,5;4,33;0,342
539;11.08.2023;11:45:43;00:08:58;250,2;369,0;26,1;21,6;23,3;439,9;19,7;0,1;8,05E-2;-541,2;20,00;3,0;3,0;38,41;0,50;-0,001;1,5;4,42;0,346
540;11.08.2023;11:45:44;00:08:59;250,0;371,5;26,1;21,6;23,3;440,6;19,6;0,1;8,04E-2;-541,2;20,00;3,0;3,0;38,42;0,50;-0,006;1,5;4,38;0,347
541;11.08.2023;11:45:45;00:09:00;250,1;374,0;26,2;21,7;23,3;442,1;19,6;0,1;8,02E-2;-541,2;20,00;3,0;3,0;38,42;0,50;-0,006;1,5;4,39;0,347
542;11.08.2023;11:45:46;00:09:01;250,0;374,0;26,2;21,7;23,3;443,6;19,7;0,1;8,01E-2;-541,2;20,00;3,0;3,0;38,42;0,50;0,002;1,5;4,38;0,347
543;11.08.2023;11:45:47;00:09:02;250,1;376,5;26,3;21,7;23,3;444,4;19,6;0,1;8,00E-2;-541,2;20,00;3,0;3,1;38,42;0,50;0,000;1,5;4,38;0,347
544;11.08.2023;11:45:48;00:09:03;250,2;376,5;26,3;21,7;23,3;446,0;19,8;0,1;7,98E-2;-541,2;20,00;3,0;3,0;38,42;0,50;-0,001;1,5;4,38;0,347
545;11.08.2023;11:45:49;00:09:04;250,1;379,1;26,3;21,8;23,3;447,5;19,8;0,1;7,96E-2;-541,2;20,00;3,0;3,0;38,42;0,50;0,002;1,5;4,38;0,349
546;11.08.2023;11:45:50;00:09:05;250,0;379,1;26,3;21,8;23,3;448,2;19,9;0,1;7,96E-2;-541,2;20,00;3,0;3,0;38,42;0,50;0,004;1,5;4,37;0,348
547;11.08.2023;11:45:51;00:09:06;250,0;381,4;26,4;21,8;23,3;449,8;19,9;0,1;7,95E-2;-541,2;20,00;3,0;3,1;38,42;0,50;0,004;1,5;4,43;0,349
548;11.08.2023;11:45:52;00:09:07;250,0;381,4;26,4;21,8;23,3;450,5;20,0;0,1;7,94E-2;-541,2;20,00;3,0;3,1;38,42;0,50;0,002;1,5;4,41;0,348
549;11.08.2023;11:45:53;00:09:08;250,0;383,8;26,4;21,9;23,3;452,0;20,1;0,1;7,92E-2;-541,2;20,00;3,0;3,0;38,42;0,50;0,005;1,5;4,43;0,350
550;11.08.2023;11:45:54;00:09:09;250,2;383,8;26,4;21,9;23,3;453,6;20,1;0,1;7,90E-2;-541,2;20,00;3,0;3,0;38,42;0,50;0,002;1,5;4,40;0,352
551;11.08.2023;11:45:55;00:09:10;250,0;386,3;26,5;21,9;23,3;454,4;20,1;0,1;7,90E-2;-541,2;20,00;3,0;3,0;38,42;0,50;0,000;1,5;4,41;0,352
552;11.08.2023;11:45:56;00:09:11;250,0;386,3;26,6;21,9;23,4;455,9;20,2;0,1;7,89E-2;-541,2;20,00;3,0;2,9;38,41;0,50;0,005;1,5;4,42;0,352
553;11.08.2023;11:45:57;00:09:12;250,0;388,7;26,6;22,0;23,4;457,4;20,2;0,1;7,87E-2;-541,2;20,00;3,0;3,0;38,41;0,50;0,004;1,6;4,41;0,352
554;11.08.2023;11:45:58;00:09:13;250,0;388,7;26,6;22,0;23,4;458,1;20,3;0,1;7,86E-2;-541,2;20,00;3,0;3,0;38,42;0,50;0,001;1,6;4,39;0,352
555;11.08.2023;11:45:59;00:09:14;250,0;391,1;26,6;22,0;23,4;459,6;20,3;0,1;7,84E-2;-541,2;20,00;3,0;3,0;38,41;0,50;0,003;1,6;4,42;0,353
556;11.08.2023;11:46:00;00:09:15;250,0;391,1;26,7;22,1;23,4;461,3;20,5;0,1;7,83E-2;-541,2;20,00;3,0;3,0;38,41;0,50;0,001;1,6;4,40;0,355
557;11.08.2023;11:46:01;00:09:16;250,1;393,5;26,7;22,1;23,4;462,0;20,6;0,1;7,83E-2;-541,2;20,00;3,0;3,0;38,42;0,50;0,001;1,5;4,43;0,354
558;11.08.2023;11:46:02;00:09:17;250,1;393,5;26,7;22,1;23,4;463,5;20,6;0,1;7,81E-2;-541,2;20,00;3,0;3,0;38,41;0,50;0,004;1,6;4,45;0,357
559;11.08.2023;11:46:03;00:09:18;250,0;396,0;26,7;22,1;23,4;465,0;20,8;0,1;7,80E-2;-541,2;20,00;3,0;3,0;38,42;0,50;0,005;1,6;4,45;0,357
560;11.08.2023;11:46:04;00:09:19;250,0;396,0;26,7;22,1;23,4;465,8;20,6;0,1;7,79E-2;-541,2;20,00;3,0;2,9;38,42;0,50;0,002;1,6;4,43;0,357
561;11.08.2023;11:46:05;00:09:20;250,0;398,5;26,8;22,2;23,5;467,3;20,7;0,1;7,79E-2;-541,2;20,00;3,0;3,0;38,42;0,50;-0,002;1,6;4,50;0,358
562;11.08.2023;11:46:06;00:09:21;250,1;398,5;26,8;22,2;23,5;468,0;20,7;0,1;7,78E-2;-541,2;20,00;3,0;3,0;38,42;0,50;-0,003;1,6;4,46;0,361
563;11.08.2023;11:46:07;00:09:22;250,1;398,5;26,8;22,2;23,5;469,6;20,9;0,1;7,76E-2;-541,2;20,00;3,0;3,0;38,42;0,50;0,004;1,6;4,46;0,360
564;11.08.2023;11:46:08;00:09:23;250,1;401,1;26,8;22,2;23,4;471,1;20,9;0,1;7,75E-2;-541,2;20,00;3,0;2,9;38,42;0,50;0,003;1,6;4,45;0,358
565;11.08.2023;11:46:09;00:09:24;250,0;401,1;26,9;22,3;23,4;471,9;21,0;0,1;7,74E-2;-541,2;20,00;3,0;3,0;38,42;0,50;0,000;1,6;4,45;0,360
566;11.08.2023;11:46:10;00:09:25;250,1;403,6;26,9;22,3;23,3;473,4;21,0;0,1;7,73E-2;-541,2;20,00;3,0;3,0;38,42;0,50;0,004;1,6;4,47;0,361
567;11.08.2023;11:46:11;00:09:26;250,1;406,0;27,0;22,3;23,3;474,9;20,9;0,1;7,72E-2;-541,2;20,00;3,0;3,0;38,42;0,50;-0,001;1,6;4,50;0,361
568;11.08.2023;11:46:12;00:09:27;250,0;406,0;27,0;22,3;23,3;475,6;21,0;0,1;7,71E-2;-541,2;20,00;3,0;3,0;38,42;0,50;0,005;1,6;4,46;0,361
569;11.08.2023;11:46:13;00:09:28;250,0;408,3;27,0;22,4;23,4;477,3;21,1;0,1;7,70E-2;-541,2;20,00;3,0;3,0;38,42;0,50;0,002;1,6;4,50;0,364
570;11.08.2023;11:46:14;00:09:29;250,2;408,3;27,1;22,4;23,4;478,8;21,2;0,1;7,69E-2;-541,2;20,00;3,0;3,0;38,42;0,50;0,000;1,6;4,44;0,363
571;11.08.2023;11:46:15;00:09:30;250,0;410,7;27,1;22,4;23,4;479,5;21,1;0,1;7,68E-2;-541,2;20,00;3,0;3,0;38,42;0,50;0,003;1,6;4,47;0,366
572;11.08.2023;11:46:16;00:09:31;250,0;410,7;27,1;22,4;23,4;481,0;21,3;0,1;7,68E-2;-541,2;20,00;3,0;3,0;38,41;0,50;-0,001;1,6;4,49;0,366
573;11.08.2023;11:46:17;00:09:32;250,1;410,7;27,1;22,4;23,4;481,8;21,4;0,1;7,67E-2;-541,2;20,00;3,0;3,0;38,42;0,50;0,000;1,6;4,51;0,366
574;11.08.2023;11:46:18;00:09:33;250,1;413,1;27,1;22,5;23,5;483,3;21,4;0,1;7,65E-2;-541,2;20,00;3,0;3,0;38,41;0,50;0,000;1,7;4,51;0,366
575;11.08.2023;11:46:19;00:09:34;250,0;415,5;27,2;22,5;23,5;484,9;21,4;0,1;7,64E-2;-541,2;20,00;3,0;3,0;38,41;0,50;0,001;1,6;4,51;0,367
576;11.08.2023;11:46:20;00:09:35;250,1;415,5;27,2;22,5;23,5;485,6;21,5;0,1;7,64E-2;-541,2;20,00;3,0;3,0;38,42;0,50;0,002;1,7;4,50;0,366
577;11.08.2023;11:46:21;00:09:36;250,1;417,8;27,2;22,6;23,5;487,1;21,6;0,1;7,63E-2;-541,2;20,00;3,0;3,0;38,41;0,50;0,007;1,7;4,53;0,371
578;11.08.2023;11:46:22;00:09:37;250,3;417,8;27,2;22,6;23,5;488,6;21,7;0,1;7,62E-2;-541,2;20,00;3,0;3,0;38,42;0,50;-0,002;1,7;4,51;0,369
579;11.08.2023;11:46:23;00:09:38;250,0;417,8;27,3;22,7;23,5;489,4;21,8;0,1;7,61E-2;-541,2;20,00;3,0;3,0;38,41;0,50;0,001;1,7;4,53;0,369
580;11.08.2023;11:46:24;00:09:39;250,0;420,4;27,3;22,7;23,5;490,9;21,7;0,1;7,60E-2;-541,2;20,00;3,0;3,0;38,42;0,50;0,000;1,7;4,54;0,371
581;11.08.2023;11:46:25;00:09:40;250,1;422,9;27,4;22,7;23,6;492,5;21,7;0,1;7,59E-2;-541,2;20,00;3,0;3,0;38,42;0,50;-0,004;1,7;4,55;0,371
582;11.08.2023;11:46:26;00:09:41;250,1;422,9;27,4;22,7;23,6;493,3;21,8;0,1;7,59E-2;-541,2;20,00;3,0;3,0;38,42;0,50;-0,001;1,7;4,53;0,371
583;11.08.2023;11:46:27;00:09:42;250,0;425,5;27,4;22,8;23,6;494,8;21,8;0,1;7,57E-2;-541,2;20,00;3,0;3,0;38,42;0,50;-0,003;1,7;4,53;0,371
584;11.08.2023;11:46:28;00:09:43;250,1;425,5;27,4;22,8;23,6;495,5;21,9;0,1;7,57E-2;-541,2;20,00;3,0;3,0;38,42;0,50;0,001;1,7;4,55;0,371
585;11.08.2023;11:46:29;00:09:44;250,1;425,5;27,5;22,9;23,6;497,0;22,1;0,1;7,56E-2;-541,2;20,00;3,0;3,0;38,42;0,50;0,003;1,7;4,56;0,374
586;11.08.2023;11:46:30;00:09:45;250,1;428,0;27,5;22,9;23,6;498,6;22,1;0,1;7,54E-2;-541,2;20,00;3,0;3,0;38,42;0,50;-0,004;1,7;4,55;0,374
587;11.08.2023;11:46:31;00:09:46;250,0;430,4;27,6;22,9;23,6;499,4;22,0;0,1;7,54E-2;-541,2;20,00;3,0;2,9;38,42;0,50;-0,001;1,7;4,58;0,376
588;11.08.2023;11:46:32;00:09:47;250,1;430,4;27,6;22,9;23,6;500,9;22,2;0,1;7,53E-2;-541,2;20,00;3,0;3,0;38,42;0,50;0,003;1,7;4,55;0,376
589;11.08.2023;11:46:33;00:09:48;250,1;432,8;27,6;23,0;23,6;502,4;22,2;0,1;7,52E-2;-541,2;20,00;3,0;3,0;38,42;0,50;0,000;1,7;4,57;0,376
590;11.08.2023;11:46:34;00:09:49;250,1;432,8;27,6;23,0;23,6;503,1;22,2;0,1;7,51E-2;-541,2;20,00;3,0;3,0;38,41;0,50;0,000;1,7;4,57;0,376
591;11.08.2023;11:46:35;00:09:50;250,0;435,2;27,7;23,0;23,6;504,6;22,2;0,1;7,50E-2;-541,2;20,00;3,0;2,9;38,42;0,50;-0,002;1,7;4,55;0,379
592;11.08.2023;11:46:36;00:09:51;250,0;435,2;27,7;23,1;23,6;506,3;22,4;0,1;7,49E-2;-541,2;20,00;3,0;3,0;38,42;0,50;0,000;1,7;4,54;0,377
593;11.08.2023;11:46:37;00:09:52;250,1;435,2;27,7;23,1;23,6;507,0;22,5;0,1;7,49E-2;-541,2;20,00;3,0;3,0;38,41;0,50;-0,002;1,7;4,56;0,381
594;11.08.2023;11:46:38;00:09:53;250,0;437,6;27,7;23,1;23,6;508,5;22,5;0,1;7,48E-2;-541,2;20,00;3,0;3,0;38,42;0,50;-0,003;1,7;4,58;0,379
595;11.08.2023;11:46:39;00:09:54;250,0;440,0;27,8;23,2;23,6;510,0;22,5;0,1;7,47E-2;-541,2;20,00;3,0;3,0;38,42;0,50;0,001;1,7;4,58;0,378
596;11.08.2023;11:46:40;00:09:55;250,2;440,0;27,8;23,2;23,6;510,8;22,6;0,1;7,46E-2;-541,2;20,00;3,0;3,0;38,42;0,50;0,001;1,7;4,57;0,381
597;11.08.2023;11:46:41;00:09:56;250,0;442,5;27,9;23,2;23,6;512,3;22,7;0,1;7,45E-2;-541,2;20,00;3,0;2,9;38,42;0,50;0,005;1,7;4,60;0,381
598;11.08.2023;11:46:42;00:09:57;250,1;442,5;27,9;23,2;23,6;513,1;22,7;0,1;7,45E-2;-541,2;20,00;3,0;3,0;38,41;0,50;-0,001;1,7;4,63;0,381
599;11.08.2023;11:46:43;00:09:58;250,1;442,5;27,9;23,2;23,6;514,6;22,9;0,1;7,44E-2;-541,2;20,00;3,0;3,0;38,42;0,50;0,000;1,8;4,61;0,382
600;11.08.2023;11:46:44;00:09:59;250,1;445,1;27,9;23,3;23,6;516,1;22,8;0,1;7,43E-2;-541,2;20,00;3,0;3,0;38,42;0,50;0,003;1,8;4,59;0,384
601;11.08.2023;11:46:45;00:10:00;250,1;445,1;28,0;23,3;23,6;516,9;22,9;0,1;7,42E-2;-541,2;20,00;3,0;3,1;38,42;0,50;-0,001;1,8;4,60;0,386
602;11.08.2023;11:46:46;00:10:01;250,0;447,8;28,0;23,4;23,6;518,4;22,9;0,1;7,41E-2;-541,2;20,00;3,0;3,1;38,42;0,50;-0,002;1,8;4,57;0,385
603;11.08.2023;11:46:47;00:10:02;250,0;447,8;28,1;23,4;23,6;519,9;23,1;0,1;7,40E-2;-541,2;20,00;3,0;3,0;38,42;0,50;0,000;1,8;4,64;0,386
604;11.08.2023;11:46:48;00:10:03;250,2;450,4;28,1;23,4;23,6;520,8;23,0;0,1;7,40E-2;-541,2;20,00;3,0;3,1;38,42;0,50;0,007;1,8;4,58;0,386
605;11.08.2023;11:46:49;00:10:04;250,1;452,9;28,1;23,5;23,7;522,3;23,1;0,1;7,39E-2;-541,2;20,00;3,0;3,0;38,42;0,50;0,005;1,8;4,64;0,386
606;11.08.2023;11:46:50;00:10:05;250,0;452,9;28,1;23,5;23,7;523,8;23,1;0,1;7,38E-2;-541,2;20,00;3,0;3,0;38,42;0,50;0,001;1,8;4,64;0,388
607;11.08.2023;11:46:51;00:10:06;250,0;452,9;28,2;23,6;23,7;524,5;23,2;0,1;7,37E-2;-541,2;20,00;3,0;3,0;38,42;0,50;0,004;1,8;4,59;0,386
608;11.08.2023;11:46:52;00:10:07;250,1;455,3;28,2;23,6;23,7;526,0;23,2;0,1;7,36E-2;-541,2;20,00;3,0;3,0;38,42;0,50;0,002;1,8;4,59;0,387
609;11.08.2023;11:46:53;00:10:08;250,0;457,7;28,3;23,6;23,7;527,5;23,2;0,1;7,35E-2;-541,2;20,00;3,0;3,0;38,42;0,50;0,004;1,8;4,64;0,391
610;11.08.2023;11:46:54;00:10:09;250,2;457,7;28,3;23,6;23,7;528,4;23,3;0,1;7,35E-2;-541,2;20,00;3,0;3,0;38,42;0,50;0,000;1,8;4,60;0,390
611;11.08.2023;11:46:55;00:10:10;250,1;460,1;28,3;23,7;23,7;529,9;23,3;0,1;7,35E-2;-541,2;20,00;3,0;3,0;38,42;0,50;-0,001;1,8;4,61;0,391
612;11.08.2023;11:46:56;00:10:11;250,3;460,1;28,3;23,7;23,7;530,6;23,4;0,1;7,34E-2;-541,2;20,00;3,0;2,9;38,42;0,50;-0,001;1,8;4,62;0,389
613;11.08.2023;11:46:57;00:10:12;250,2;462,5;28,4;23,8;23,7;532,1;23,6;0,1;7,34E-2;-541,2;20,00;3,0;3,0;38,42;0,50;0,004;1,8;4,68;0,391
614;11.08.2023;11:46:58;00:10:13;250,1;462,5;28,4;23,8;23,7;533,6;23,6;0,1;7,33E-2;-541,2;20,00;3,0;3,1;38,42;0,50;0,007;1,8;4,63;0,391
615;11.08.2023;11:46:59;00:10:14;250,2;464,9;28,5;23,8;23,8;534,4;23,5;0,1;7,32E-2;-541,2;20,00;3,0;3,0;38,42;0,50;0,001;1,8;4,63;0,392
616;11.08.2023;11:47:00;00:10:15;250,1;464,9;28,5;23,9;23,8;536,0;23,7;0,1;7,32E-2;-541,2;20,00;3,0;3,0;38,42;0,50;0,000;1,8;4,62;0,391
617;11.08.2023;11:47:01;00:10:16;250,1;467,3;28,5;23,9;23,8;537,5;23,7;0,1;7,31E-2;-541,2;20,00;3,0;3,0;38,42;0,50;0,003;1,8;4,70;0,395
618;11.08.2023;11:47:02;00:10:17;250,2;467,4;28,5;23,9;23,8;538,3;23,8;0,1;7,30E-2;-541,2;20,00;3,0;2,9;38,42;0,50;-0,001;1,8;4,68;0,394
619;11.08.2023;11:47:03;00:10:18;250,0;467,4;28,7;24,0;23,8;539,8;24,0;0,1;7,30E-2;-541,2;20,00;3,0;3,0;38,42;0,50;0,006;1,8;4,65;0,396
620;11.08.2023;11:47:04;00:10:19;250,3;470,0;28,7;24,0;23,8;541,3;23,9;0,1;7,30E-2;-541,2;20,00;3,0;3,0;38,42;0,50;0,007;1,9;4,69;0,396
621;11.08.2023;11:47:05;00:10:20;250,0;470,0;28,7;24,1;23,8;542,0;24,0;0,1;7,29E-2;-541,2;20,00;3,0;3,0;38,42;0,50;0,005;1,9;4,72;0,396
622;11.08.2023;11:47:06;00:10:21;250,1;472,5;28,7;24,1;23,8;543,6;24,0;0,1;7,29E-2;-541,2;20,00;3,0;3,0;38,42;0,50;0,007;1,8;4,65;0,397
623;11.08.2023;11:47:07;00:10:22;250,2;472,5;28,8;24,2;23,8;544,4;24,1;0,1;7,28E-2;-541,2;20,00;3,0;3,0;38,42;0,50;0,005;1,8;4,67;0,396
624;11.08.2023;11:47:08;00:10:23;250,1;475,1;28,8;24,2;23,9;545,9;24,1;0,1;7,27E-2;-541,2;20,00;3,0;3,0;38,42;0,50;0,004;1,9;4,69;0,399
625;11.08.2023;11:47:09;00:10:24;250,0;477,7;28,8;24,3;23,9;547,4;24,1;0,1;7,26E-2;-541,2;20,00;3,0;3,0;38,42;0,51;0,011;1,9;4,67;0,400
626;11.08.2023;11:47:10;00:10:25;250,2;477,7;28,8;24,3;23,9;548,1;24,1;0,1;7,25E-2;-541,2;20,00;3,0;3,0;38,42;0,51;0,017;1,9;4,70;0,399
627;11.08.2023;11:47:11;00:10:26;250,0;480,1;28,9;24,3;23,9;549,6;24,1;0,1;7,25E-2;-541,2;20,00;3,0;3,0;38,42;0,51;0,028;1,9;4,70;0,400
628;11.08.2023;11:47:12;00:10:27;250,0;480,1;29,0;24,3;23,9;551,3;24,3;0,1;7,24E-2;-541,2;20,00;3,0;3,0;38,42;0,51;0,038;1,9;4,69;0,400
629;11.08.2023;11:47:13;00:10:28;250,0;480,1;29,0;24,4;23,9;552,0;24,4;0,1;7,24E-2;-541,2;20,00;3,0;3,0;38,42;0,51;0,043;1,9;4,69;0,400
630;11.08.2023;11:47:14;00:10:29;250,0;482,5;29,0;24,4;23,9;553,5;24,4;0,1;7,23E-2;-541,2;20,00;3,0;3,0;38,42;0,51;0,051;1,9;4,69;0,402
631;11.08.2023;11:47:15;00:10:30;250,0;484,9;29,1;24,5;23,9;555,0;24,4;0,1;7,22E-2;-541,2;20,00;3,0;2,9;38,43;0,51;0,062;1,9;4,70;0,401
632;11.08.2023;11:47:16;00:10:31;250,1;484,9;29,1;24,5;23,9;555,8;24,5;0,1;7,21E-2;-541,2;20,00;3,0;3,0;38,43;0,51;0,068;1,9;4,73;0,403
633;11.08.2023;11:47:17;00:10:32;250,0;487,1;29,1;24,5;23,9;557,3;24,6;0,1;7,20E-2;-541,2;20,00;3,0;3,0;38,43;0,52;0,099;1,9;4,71;0,405
634;11.08.2023;11:47:18;00:10:33;250,0;487,1;29,2;24,5;23,9;558,9;24,7;0,1;7,19E-2;-541,2;20,00;3,0;3,0;38,44;0,52;0,132;1,9;4,71;0,405
635;11.08.2023;11:47:19;00:10:34;250,1;488,3;29,2;24,6;24,0;559,6;24,7;0,1;7,19E-2;-541,2;20,00;3,0;3,0;38,44;0,52;0,139;1,9;4,68;0,405
636;11.08.2023;11:47:20;00:10:35;250,2;488,8;29,2;24,7;24,0;561,1;24,9;0,1;7,18E-2;-541,2;20,00;3,0;3,0;38,44;0,53;0,160;1,9;4,71;0,407
637;11.08.2023;11:47:21;00:10:36;250,0;488,8;29,2;24,7;24,0;561,9;24,9;0,1;7,18E-2;-541,2;20,00;3,0;3,0;38,45;0,53;0,168;1,9;4,75;0,408
638;11.08.2023;11:47:22;00:10:37;250,0;488,8;29,2;24,7;24,0;563,4;25,1;0,1;7,17E-2;-541,2;20,00;3,0;3,0;38,45;0,53;0,193;2,0;4,75;0,410
639;11.08.2023;11:47:23;00:10:38;250,0;488,8;29,3;24,8;24,0;564,9;25,3;0,1;7,16E-2;-541,2;20,00;3,0;3,0;38,45;0,54;0,198;2,0;4,79;0,410
640;11.08.2023;11:47:24;00:10:39;250,1;488,7;29,3;24,8;24,0;565,6;25,5;0,1;7,16E-2;-541,2;20,00;3,0;3,0;38,45;0,54;0,199;2,0;4,73;0,411
641;11.08.2023;11:47:25;00:10:40;250,2;488,5;29,4;24,9;24,0;567,3;25,7;0,1;7,15E-2;-541,2;20,00;3,0;3,0;38,46;0,54;0,186;2,0;4,73;0,415
642;11.08.2023;11:47:26;00:10:41;250,0;488,5;29,4;24,9;24,0;568,8;25,9;0,1;7,14E-2;-541,2;20,00;3,0;3,0;38,46;0,55;0,177;2,0;4,80;0,418
643;11.08.2023;11:47:27;00:10:42;250,0;488,5;29,5;24,9;24,0;569,5;26,0;0,1;7,14E-2;-541,2;20,00;3,0;3,0;38,47;0,55;0,182;2,0;4,80;0,418
644;11.08.2023;11:47:28;00:10:43;250,1;489,1;29,5;25,0;24,0;571,0;26,2;0,1;7,13E-2;-541,2;20,00;3,0;3,0;38,47;0,56;0,194;2,0;4,81;0,420
645;11.08.2023;11:47:29;00:10:44;250,1;490,3;29,6;25,1;24,0;572,5;26,3;0,1;7,12E-2;-541,2;20,00;3,0;3,0;38,47;0,56;0,194;2,0;4,81;0,422
646;11.08.2023;11:47:30;00:10:45;250,0;490,3;29,6;25,1;24,0;573,3;26,4;0,1;7,12E-2;-541,2;20,00;3,0;3,0;38,47;0,56;0,188;2,0;4,82;0,421
647;11.08.2023;11:47:31;00:10:46;250,0;490,3;29,6;25,1;24,0;574,9;26,6;0,1;7,11E-2;-541,2;20,00;3,0;3,0;38,47;0,56;0,179;2,0;4,84;0,425
648;11.08.2023;11:47:32;00:10:47;250,0;492,0;29,6;25,1;24,0;576,4;26,6;0,1;7,10E-2;-541,2;20,00;3,0;3,1;38,48;0,56;0,174;2,1;4,85;0,425
649;11.08.2023;11:47:33;00:10:48;250,2;492,0;29,7;25,2;24,0;577,1;26,7;0,1;7,10E-2;-541,2;20,00;3,0;3,0;38,48;0,57;0,174;2,1;4,85;0,426
650;11.08.2023;11:47:34;00:10:49;250,0;493,8;29,7;25,2;24,0;578,6;26,8;0,1;7,09E-2;-541,2;20,00;3,0;3,0;38,49;0,57;0,173;2,1;4,87;0,425
651;11.08.2023;11:47:35;00:10:50;250,1;495,9;29,8;25,3;24,0;579,4;26,8;0,1;7,09E-2;-541,2;20,00;3,0;3,0;38,49;0,57;0,172;2,1;4,84;0,428
652;11.08.2023;11:47:36;00:10:51;250,0;495,9;29,8;25,3;24,1;580,9;26,9;0,1;7,08E-2;-541,2;20,00;3,0;3,0;38,49;0,58;0,189;2,1;4,84;0,429
653;11.08.2023;11:47:37;00:10:52;250,0;498,1;29,9;25,4;24,1;582,5;27,0;0,1;7,07E-2;-541,2;20,00;3,0;3,0;38,50;0,58;0,211;2,1;4,86;0,431
654;11.08.2023;11:47:38;00:10:53;250,3;498,1;29,9;25,4;24,1;583,3;27,0;0,1;7,07E-2;-541,2;20,00;3,0;3,0;38,50;0,59;0,214;2,1;4,91;0,430
655;11.08.2023;11:47:39;00:10:54;250,2;500,5;29,9;25,4;24,1;584,8;27,1;0,1;7,06E-2;-541,2;20,00;3,0;2,9;38,51;0,59;0,220;2,1;4,86;0,430
656;11.08.2023;11:47:40;00:10:55;250,2;500,5;30,0;25,5;24,1;586,3;27,3;0,1;7,05E-2;-541,2;20,00;3,0;3,0;38,51;0,60;0,234;2,1;4,88;0,431
657;11.08.2023;11:47:41;00:10:56;250,3;500,5;30,0;25,5;24,1;587,0;27,4;0,1;7,05E-2;-541,2;20,00;3,0;3,0;38,51;0,60;0,244;2,1;4,86;0,433
658;11.08.2023;11:47:42;00:10:57;250,1;503,0;30,0;25,5;24,2;588,5;27,4;0,1;7,04E-2;-541,2;20,00;3,0;3,0;38,52;0,61;0,239;2,1;4,86;0,432
659;11.08.2023;11:47:43;00:10:58;250,1;503,0;30,2;25,7;24,2;590,1;27,6;0,1;7,03E-2;-541,2;20,00;3,0;3,0;38,52;0,61;0,243;2,1;4,87;0,436
660;11.08.2023;11:47:44;00:10:59;250,1;505,6;30,2;25,7;24,2;590,9;27,5;0,1;7,03E-2;-541,2;20,00;3,0;3,0;38,53;0,61;0,250;2,1;4,88;0,435
661;11.08.2023;11:47:45;00:11:00;250,0;508,3;30,3;25,8;24,3;592,4;27,5;0,1;7,02E-2;-541,2;20,00;3,0;2,9;38,53;0,62;0,264;2,1;4,90;0,436
662;11.08.2023;11:47:46;00:11:01;250,0;508,3;30,3;25,8;24,3;593,1;27,5;0,1;7,01E-2;-541,2;20,00;3,0;3,0;38,54;0,62;0,272;2,1;4,89;0,437
663;11.08.2023;11:47:47;00:11:02;250,2;508,3;30,4;25,9;24,3;594,6;27,7;0,1;7,01E-2;-541,2;20,00;3,0;3,1;38,54;0,63;0,283;2,2;4,89;0,439
664;11.08.2023;11:47:48;00:11:03;250,3;511,1;30,4;25,9;24,3;596,1;27,7;0,1;7,00E-2;-541,2;20,00;3,0;3,0;38,55;0,63;0,303;2,2;4,87;0,439
665;11.08.2023;11:47:49;00:11:04;250,0;511,1;30,5;25,9;24,3;597,0;27,8;0,1;7,00E-2;-541,2;20,00;3,0;3,0;38,55;0,64;0,307;2,1;4,91;0,440
666;11.08.2023;11:47:50;00:11:05;250,0;513,9;30,5;26,0;24,3;598,5;27,8;0,1;6,99E-2;-541,2;20,00;3,0;3,0;38,56;0,65;0,323;2,2;4,91;0,440
667;11.08.2023;11:47:51;00:11:06;250,1;516,6;30,6;26,0;24,3;600,0;27,7;0,1;6,98E-2;-541,2;20,00;3,0;3,0;38,57;0,65;0,326;2,2;4,89;0,440
668;11.08.2023;11:47:52;00:11:07;250,0;516,6;30,6;26,0;24,4;600,8;27,8;0,1;6,97E-2;-541,2;20,00;3,0;3,1;38,57;0,66;0,339;2,2;4,91;0,440
669;11.08.2023;11:47:53;00:11:08;250,2;519,3;30,6;26,1;24,4;602,3;28,0;0,1;6,96E-2;-541,2;20,00;3,0;3,0;38,58;0,66;0,346;2,2;4,91;0,441
670;11.08.2023;11:47:54;00:11:09;250,3;519,3;30,6;26,1;24,4;603,8;28,0;0,1;6,96E-2;-541,2;20,00;3,0;3,0;38,59;0,67;0,358;2,2;4,92;0,441
671;11.08.2023;11:47:55;00:11:10;250,1;522,0;30,7;26,2;24,4;604,6;27,9;0,1;6,95E-2;-541,2;20,00;3,0;3,0;38,59;0,68;0,358;2,2;4,95;0,443
672;11.08.2023;11:47:56;00:11:11;250,1;522,0;30,8;26,2;24,4;606,1;28,1;0,1;6,95E-2;-541,2;20,00;3,0;3,0;38,60;0,68;0,356;2,2;4,92;0,441
673;11.08.2023;11:47:57;00:11:12;250,1;524,7;30,8;26,3;24,4;607,6;28,1;0,1;6,94E-2;-541,2;20,00;3,0;3,0;38,61;0,69;0,370;2,2;4,94;0,444
674;11.08.2023;11:47:58;00:11:13;250,0;524,7;30,8;26,3;24,4;608,4;28,2;0,1;6,93E-2;-541,2;20,00;3,0;3,1;38,61;0,69;0,380;2,2;4,92;0,443
675;11.08.2023;11:47:59;00:11:14;250,1;527,5;30,9;26,4;24,3;609,9;28,1;0,1;6,92E-2;-541,2;20,00;3,0;3,1;38,62;0,70;0,392;2,2;4,92;0,444
676;11.08.2023;11:48:00;00:11:15;250,2;527,5;30,9;26,4;24,3;610,6;28,2;0,1;6,91E-2;-541,2;20,00;3,0;3,0;38,62;0,70;0,395;2,2;4,91;0,444
677;11.08.2023;11:48:01;00:11:16;250,1;530,2;31,0;26,5;24,3;612,3;28,5;0,1;6,91E-2;-541,2;20,00;3,0;3,0;38,63;0,72;0,415;2,2;4,90;0,447
678;11.08.2023;11:48:02;00:11:17;250,1;530,1;31,0;26,5;24,3;613,8;28,4;0,1;6,90E-2;-541,2;20,00;3,0;3,0;38,64;0,73;0,432;2,2;4,93;0,447
679;11.08.2023;11:48:03;00:11:18;250,1;530,1;31,0;26,4;24,3;614,5;28,5;0,1;6,90E-2;-541,2;20,00;3,0;3,0;38,65;0,73;0,433;2,2;4,94;0,449
680;11.08.2023;11:48:04;00:11:19;250,1;533,0;31,0;26,5;24,3;616,0;28,5;0,1;6,89E-2;-541,2;20,00;3,0;3,0;38,66;0,74;0,439;2,2;4,97;0,449
681;11.08.2023;11:48:05;00:11:20;250,0;535,9;31,1;26,6;24,3;617,5;28,5;0,1;6,88E-2;-541,2;20,00;3,0;3,0;38,66;0,75;0,458;2,2;4,92;0,449
682;11.08.2023;11:48:06;00:11:21;250,1;535,9;31,1;26,6;24,3;618,3;28,5;0,1;6,87E-2;-541,2;20,00;3,0;3,0;38,67;0,76;0,451;2,2;4,93;0,449
683;11.08.2023;11:48:07;00:11:22;250,1;535,9;31,2;26,7;24,3;619,9;28,8;0,1;6,86E-2;-541,2;20,00;3,0;2,9;38,68;0,77;0,465;2,2;4,96;0,449
684;11.08.2023;11:48:08;00:11:23;250,0;538,7;31,2;26,7;24,3;621,4;28,7;0,1;6,86E-2;-541,2;20,00;3,0;3,0;38,69;0,77;0,485;2,2;4,94;0,450
685;11.08.2023;11:48:09;00:11:24;250,0;538,7;31,2;26,8;24,3;622,1;28,8;0,1;6,85E-2;-541,2;20,00;3,0;3,0;38,70;0,78;0,480;2,2;4,95;0,452
686;11.08.2023;11:48:10;00:11:25;250,1;541,5;31,2;26,8;24,4;623,6;28,8;0,1;6,84E-2;-541,2;20,00;3,0;3,0;38,71;0,79;0,481;2,2;4,95;0,449
687;11.08.2023;11:48:11;00:11:26;250,1;541,5;31,3;26,8;24,4;625,1;29,0;0,1;6,84E-2;-541,2;20,00;3,0;3,0;38,72;0,80;0,485;2,3;4,96;0,454
688;11.08.2023;11:48:12;00:11:27;250,0;544,3;31,3;26,8;24,3;625,9;28,9;0,1;6,83E-2;-541,2;20,00;3,0;3,0;38,72;0,81;0,494;2,3;4,93;0,454
689;11.08.2023;11:48:13;00:11:28;250,3;547,1;31,4;26,9;24,4;627,5;28,9;0,1;6,82E-2;-541,2;20,00;3,0;3,0;38,74;0,82;0,529;2,2;4,95;0,454
690;11.08.2023;11:48:14;00:11:29;250,0;547,1;31,4;26,9;24,4;628,3;28,9;0,1;6,81E-2;-541,2;20,00;3,0;3,0;38,74;0,82;0,532;2,2;4,95;0,454
691;11.08.2023;11:48:15;00:11:30;250,0;547,1;31,5;27,0;24,4;629,8;29,1;0,1;6,81E-2;-541,2;20,00;3,0;3,0;38,75;0,83;0,534;2,3;4,97;0,456
692;11.08.2023;11:48:16;00:11:31;250,1;550,0;31,5;27,0;24,4;631,3;29,1;0,1;6,80E-2;-541,2;20,00;3,0;3,0;38,76;0,85;0,543;2,3;5,02;0,456
693;11.08.2023;11:48:17;00:11:32;250,0;550,0;31,6;27,0;24,4;632,0;29,2;0,1;6,80E-2;-541,2;20,00;3,0;3,0;38,77;0,85;0,554;2,3;4,96;0,457
694;11.08.2023;11:48:18;00:11:33;250,0;552,9;31,6;27,1;24,4;633,5;29,1;0,1;6,79E-2;-541,2;20,00;3,0;3,0;38,78;0,87;0,552;2,3;4,99;0,456
695;11.08.2023;11:48:19;00:11:34;250,2;555,6;31,7;27,2;24,4;635,1;29,1;0,1;6,78E-2;-541,2;20,00;3,0;3,0;38,79;0,88;0,581;2,3;4,98;0,457
696;11.08.2023;11:48:20;00:11:35;250,2;555,6;31,7;27,2;24,4;635,9;29,2;0,1;6,77E-2;-541,2;20,00;3,0;3,1;38,80;0,89;0,589;2,3;4,95;0,458
697;11.08.2023;11:48:21;00:11:36;250,0;558,3;31,8;27,3;24,4;637,4;29,3;0,1;6,76E-2;-541,2;20,00;3,0;3,1;38,82;0,90;0,612;2,3;5,00;0,461
698;11.08.2023;11:48:22;00:11:37;250,0;558,3;31,8;27,3;24,4;638,9;29,4;0,1;6,76E-2;-541,2;20,00;3,0;3,0;38,83;0,91;0,639;2,3;4,98;0,459
699;11.08.2023;11:48:23;00:11:38;250,2;558,2;31,7;27,3;24,4;639,6;29,5;0,1;6,75E-2;-541,2;20,00;3,0;3,0;38,83;0,92;0,634;2,3;4,95;0,460
700;11.08.2023;11:48:24;00:11:39;250,0;561,0;31,8;27,4;24,4;641,1;29,5;0,1;6,75E-2;-541,2;20,00;3,0;3,0;38,85;0,93;0,627;2,3;5,00;0,462
701;11.08.2023;11:48:25;00:11:40;250,0;561,0;31,8;27,4;24,4;641,9;29,6;0,1;6,75E-2;-541,2;20,00;3,0;3,0;38,85;0,94;0,627;2,3;4,98;0,464
702;11.08.2023;11:48:26;00:11:41;250,2;563,8;31,9;27,5;24,5;643,5;29,5;0,1;6,74E-2;-541,2;20,00;3,0;3,0;38,87;0,95;0,644;2,3;4,98;0,464
703;11.08.2023;11:48:27;00:11:42;250,0;563,8;32,0;27,5;24,5;645,0;29,7;0,1;6,72E-2;-541,2;20,00;3,0;3,0;38,88;0,97;0,666;2,3;5,01;0,464
704;11.08.2023;11:48:28;00:11:43;250,1;566,6;32,0;27,6;24,5;645,8;29,6;0,1;6,72E-2;-541,2;20,00;3,0;3,0;38,89;0,97;0,667;2,3;5,01;0,465
705;11.08.2023;11:48:29;00:11:44;250,2;566,6;32,1;27,7;24,5;647,3;29,8;0,1;6,71E-2;-541,2;20,00;3,0;3,0;38,91;0,99;0,677;2,3;4,99;0,464
706;11.08.2023;11:48:30;00:11:45;250,1;569,3;32,1;27,7;24,5;648,8;29,8;0,1;6,71E-2;-541,2;20,00;3,0;3,1;38,92;1,01;0,703;2,3;4,97;0,465
707;11.08.2023;11:48:31;00:11:46;250,1;569,3;32,1;27,8;24,5;649,5;29,9;0,1;6,71E-2;-541,2;20,00;3,0;3,0;38,93;1,01;0,701;2,3;5,00;0,464
708;11.08.2023;11:48:32;00:11:47;250,2;571,9;32,1;27,8;24,5;651,1;29,9;0,1;6,70E-2;-541,2;20,00;3,0;3,0;38,94;1,02;0,710;2,3;5,02;0,468
709;11.08.2023;11:48:33;00:11:48;250,1;574,4;32,2;27,9;24,5;652,6;29,9;0,1;6,69E-2;-541,2;20,00;3,0;3,0;38,96;1,04;0,729;2,4;5,05;0,469
710;11.08.2023;11:48:34;00:11:49;250,1;574,4;32,2;27,9;24,5;653,4;29,9;0,1;6,68E-2;-541,2;20,00;3,0;3,0;38,97;1,05;0,739;2,4;5,03;0,469
711;11.08.2023;11:48:35;00:11:50;250,1;576,9;32,3;28,0;24,5;654,9;29,9;0,1;6,67E-2;-541,2;20,00;3,0;3,0;38,98;1,07;0,755;2,4;5,00;0,469
712;11.08.2023;11:48:36;00:11:51;250,0;576,9;32,4;28,0;24,5;656,4;30,1;0,1;6,67E-2;-541,2;20,00;3,0;3,0;39,00;1,08;0,755;2,4;5,03;0,469
713;11.08.2023;11:48:37;00:11:52;250,0;576,9;32,4;28,0;24,5;657,1;30,2;0,1;6,66E-2;-541,2;20,00;3,0;3,0;39,00;1,09;0,762;2,4;5,04;0,469
714;11.08.2023;11:48:38;00:11:53;250,1;579,4;32,4;28,1;24,5;658,8;30,2;0,1;6,66E-2;-541,2;20,00;3,0;3,0;39,02;1,11;0,778;2,4;5,03;0,469
715;11.08.2023;11:48:39;00:11:54;250,0;581,9;32,5;28,2;24,6;659,5;30,2;0,1;6,65E-2;-541,2;20,00;3,0;3,0;39,03;1,11;0,782;2,4;5,07;0,472
716;11.08.2023;11:48:40;00:11:55;250,1;581,9;32,5;28,2;24,6;661,0;30,3;0,1;6,65E-2;-541,2;20,00;3,0;3,0;39,05;1,13;0,786;2,4;5,06;0,474
717;11.08.2023;11:48:41;00:11:56;250,1;584,4;32,5;28,3;24,6;662,5;30,4;0,1;6,64E-2;-541,2;20,00;3,0;3,0;39,07;1,15;0,819;2,4;5,05;0,473
718;11.08.2023;11:48:42;00:11:57;250,1;584,4;32,5;28,3;24,6;663,3;30,4;0,1;6,64E-2;-541,2;20,00;3,0;3,0;39,08;1,16;0,837;2,4;5,06;0,474
719;11.08.2023;11:48:43;00:11:58;250,0;584,3;32,5;28,2;24,5;664,8;30,6;0,1;6,63E-2;-541,2;20,00;3,0;2,9;39,09;1,17;0,857;2,4;5,04;0,474
720;11.08.2023;11:48:44;00:11:59;250,0;586,9;32,5;28,3;24,5;666,4;30,6;0,1;6,62E-2;-541,2;20,00;3,0;3,0;39,11;1,20;0,870;2,4;5,04;0,477
721;11.08.2023;11:48:45;00:12:00;250,0;586,9;32,6;28,3;24,5;667,1;30,7;0,1;6,62E-2;-541,2;20,00;3,0;3,0;39,12;1,20;0,869;2,4;5,08;0,477
722;11.08.2023;11:48:46;00:12:01;250,1;589,5;32,6;28,5;24,6;668,6;30,7;0,1;6,61E-2;-541,2;20,00;3,0;3,0;39,14;1,22;0,868;2,4;5,04;0,477
723;11.08.2023;11:48:47;00:12:02;250,1;589,5;32,7;28,6;24,6;670,1;30,9;0,1;6,61E-2;-541,2;20,00;3,0;3,0;39,15;1,24;0,866;2,4;5,04;0,478
724;11.08.2023;11:48:48;00:12:03;250,0;592,1;32,7;28,6;24,6;670,9;30,7;0,1;6,61E-2;-541,2;20,00;3,0;3,0;39,17;1,25;0,879;2,4;5,08;0,479
725;11.08.2023;11:48:49;00:12:04;250,0;594,7;32,8;28,7;24,6;672,4;30,9;0,1;6,60E-2;-541,2;20,00;3,0;3,0;39,18;1,27;0,892;2,4;5,07;0,479
726;11.08.2023;11:48:50;00:12:05;250,0;594,7;32,8;28,7;24,6;674,0;30,9;0,1;6,59E-2;-541,2;20,00;3,0;3,0;39,20;1,29;0,905;2,4;5,07;0,479
727;11.08.2023;11:48:51;00:12:06;250,1;597,1;32,9;28,8;24,6;674,8;30,8;0,1;6,59E-2;-541,2;20,00;3,0;3,0;39,21;1,30;0,918;2,4;5,09;0,481
728;11.08.2023;11:48:52;00:12:07;250,0;597,1;32,9;28,8;24,7;676,3;31,0;0,1;6,58E-2;-541,2;20,00;3,0;3,0;39,23;1,32;0,934;2,4;5,07;0,480
729;11.08.2023;11:48:53;00:12:08;250,1;597,1;32,9;28,8;24,7;677,0;31,1;0,1;6,58E-2;-541,2;20,00;3,0;3,0;39,24;1,33;0,944;2,4;5,07;0,481
730;11.08.2023;11:48:54;00:12:09;250,0;599,6;32,9;28,9;24,6;678,5;31,1;0,1;6,57E-2;-541,2;20,00;3,0;3,0;39,26;1,35;0,971;2,4;5,08;0,484
731;11.08.2023;11:48:55;00:12:10;250,0;602,0;33,0;29,0;24,6;680,0;31,1;0,1;6,56E-2;-541,2;20,00;3,1;3,0;39,29;1,37;0,993;2,4;5,09;0,484
732;11.08.2023;11:48:56;00:12:11;250,0;602,0;33,0;29,0;24,7;680,8;31,2;0,1;6,56E-2;-541,2;20,00;3,1;3,1;39,30;1,39;1,033;2,5;5,08;0,484
733;11.08.2023;11:48:57;00:12:12;250,1;604,6;33,1;29,1;24,7;682,4;31,4;0,1;6,56E-2;-541,2;20,00;3,1;3,1;39,32;1,41;1,099;2,5;5,11;0,484
734;11.08.2023;11:48:58;00:12:13;250,0;604,6;33,1;29,1;24,7;683,9;31,4;0,1;6,55E-2;-541,2;20,00;3,1;3,1;39,35;1,43;1,120;2,5;5,08;0,485
735;11.08.2023;11:48:59;00:12:14;250,1;607,1;33,2;29,3;24,7;684,6;31,3;0,1;6,55E-2;-541,2;20,00;3,1;3,1;39,36;1,45;1,150;2,5;5,11;0,485
736;11.08.2023;11:49:00;00:12:15;250,1;607,1;33,2;29,3;24,7;686,1;31,5;0,1;6,54E-2;-541,2;20,00;3,1;3,2;39,39;1,48;1,204;2,5;5,12;0,487
737;11.08.2023;11:49:01;00:12:16;250,2;609,6;33,3;29,4;24,7;687,6;31,5;0,1;6,54E-2;-541,2;20,00;3,2;3,1;39,42;1,50;1,225;2,5;5,11;0,488
738;11.08.2023;11:49:02;00:12:17;250,1;609,6;33,3;29,4;24,7;688,4;31,5;0,1;6,54E-2;-541,2;20,00;3,2;3,1;39,43;1,51;1,230;2,5;5,09;0,488
739;11.08.2023;11:49:03;00:12:18;250,0;609,6;33,2;29,3;24,6;690,0;31,8;0,1;6,53E-2;-541,2;20,00;3,2;3,2;39,46;1,54;1,261;2,5;5,11;0,492
740;11.08.2023;11:49:04;00:12:19;250,1;612,2;33,3;29,5;24,6;690,8;31,7;0,1;6,52E-2;-541,2;20,00;3,2;3,1;39,47;1,56;1,272;2,5;5,16;0,493
741;11.08.2023;11:49:05;00:12:20;250,0;612,2;33,4;29,6;24,6;692,3;31,8;0,1;6,52E-2;-541,2;20,00;3,2;3,2;39,50;1,58;1,310;2,5;5,12;0,493
742;11.08.2023;11:49:06;00:12:21;250,0;614,8;33,4;29,6;24,6;693,8;31,8;0,1;6,52E-2;-541,2;20,00;3,2;3,3;39,53;1,61;1,347;2,5;5,09;0,493
743;11.08.2023;11:49:07;00:12:22;250,1;614,8;33,5;29,6;24,6;694,5;31,9;0,1;6,51E-2;-541,2;20,00;3,2;3,2;39,55;1,63;1,368;2,5;5,18;0,493
744;11.08.2023;11:49:08;00:12:23;250,0;617,4;33,5;29,7;24,7;696,0;31,9;0,1;6,51E-2;-541,2;20,00;3,3;3,2;39,57;1,66;1,396;2,5;5,16;0,493
745;11.08.2023;11:49:09;00:12:24;250,0;620,0;33,6;29,8;24,7;697,6;31,9;0,1;6,51E-2;-541,2;20,00;3,3;3,3;39,60;1,69;1,418;2,6;5,12;0,495
746;11.08.2023;11:49:10;00:12:25;250,0;620,0;33,6;29,8;24,7;698,4;32,0;0,1;6,50E-2;-541,2;20,00;3,3;3,2;39,62;1,70;1,422;2,5;5,13;0,495
747;11.08.2023;11:49:11;00:12:26;250,0;620,0;33,7;29,9;24,7;699,9;32,2;0,1;6,50E-2;-541,2;20,00;3,3;3,2;39,65;1,74;1,459;2,5;5,16;0,495
748;11.08.2023;11:49:12;00:12:27;250,1;622,4;33,7;29,9;24,7;701,4;32,2;0,1;6,49E-2;-541,2;20,00;3,3;3,3;39,69;1,77;1,497;2,5;5,13;0,498
749;11.08.2023;11:49:13;00:12:28;250,0;622,4;33,7;29,9;24,7;702,1;32,3;0,1;6,49E-2;-541,2;20,00;3,3;3,3;39,70;1,78;1,509;2,6;5,13;0,498
750;11.08.2023;11:49:14;00:12:29;250,0;624,8;33,7;30,1;24,7;703,6;32,3;0,1;6,49E-2;-541,2;20,00;3,3;3,3;39,74;1,82;1,541;2,6;5,14;0,498
751;11.08.2023;11:49:15;00:12:30;250,0;624,8;33,8;30,2;24,7;705,3;32,5;0,1;6,48E-2;-541,2;20,00;3,4;3,4;39,77;1,85;1,571;2,6;5,13;0,503
752;11.08.2023;11:49:16;00:12:31;250,1;627,3;33,8;30,2;24,7;706,0;32,4;0,1;6,48E-2;-541,2;20,00;3,4;3,3;39,78;1,87;1,578;2,6;5,12;0,503
753;11.08.2023;11:49:17;00:12:32;250,1;629,6;33,9;30,3;24,7;707,5;32,5;0,1;6,47E-2;-541,2;20,00;3,4;3,3;39,82;1,90;1,592;2,6;5,20;0,502
754;11.08.2023;11:49:18;00:12:33;250,1;629,6;33,9;30,3;24,7;708,3;32,5;0,1;6,47E-2;-541,2;20,00;3,4;3,4;39,83;1,92;1,612;2,6;5,13;0,503
755;11.08.2023;11:49:19;00:12:34;250,1;632,0;34,0;30,4;24,7;709,8;32,5;0,1;6,46E-2;-541,2;20,00;3,4;3,4;39,87;1,95;1,628;2,6;5,17;0,503
756;11.08.2023;11:49:20;00:12:35;250,1;632,0;34,1;30,4;24,8;711,3;32,7;0,1;6,46E-2;-541,2;20,00;3,4;3,4;39,90;1,98;1,652;2,6;5,18;0,504
757;11.08.2023;11:49:21;00:12:36;250,0;632,0;34,1;30,4;24,8;712,1;32,8;0,1;6,46E-2;-541,2;20,00;3,4;3,5;39,92;2,01;1,664;2,6;5,16;0,505
758;11.08.2023;11:49:22;00:12:37;250,0;634,3;34,1;30,5;24,8;713,6;32,8;0,1;6,46E-2;-541,2;20,00;3,5;3,5;39,96;2,04;1,673;2,6;5,15;0,507
759;11.08.2023;11:49:23;00:12:38;250,0;634,4;34,2;30,6;24,8;715,1;33,0;0,1;6,46E-2;-541,2;20,00;3,5;3,4;40,00;2,08;1,728;2,6;5,19;0,508
760;11.08.2023;11:49:24;00:12:39;250,0;636,8;34,2;30,7;24,9;715,9;32,9;0,1;6,45E-2;-541,2;20,00;3,5;3,5;40,01;2,09;1,740;2,6;5,20;0,508
761;11.08.2023;11:49:25;00:12:40;250,1;639,3;34,3;30,8;24,9;717,4;33,1;0,1;6,45E-2;-541,2;20,00;3,5;3,5;40,05;2,13;1,771;2,6;5,18;0,508
762;11.08.2023;11:49:26;00:12:41;250,0;639,3;34,3;30,8;24,9;718,9;33,0;0,1;6,44E-2;-541,2;20,00;3,5;3,5;40,08;2,17;1,760;2,7;5,19;0,510
763;11.08.2023;11:49:27;00:12:42;250,0;639,3;34,4;30,8;24,9;719,8;33,2;0,1;6,44E-2;-541,2;20,00;3,5;3,5;40,11;2,19;1,774;2,7;5,21;0,510
764;11.08.2023;11:49:28;00:12:43;250,0;641,9;34,4;31,0;24,9;721,3;33,1;0,1;6,44E-2;-541,2;20,00;3,6;3,5;40,14;2,22;1,789;2,7;5,23;0,513
765;11.08.2023;11:49:29;00:12:44;250,1;644,4;34,5;31,1;24,9;722,8;33,2;0,1;6,43E-2;-541,2;20,00;3,6;3,5;40,18;2,26;1,800;2,7;5,20;0,513
766;11.08.2023;11:49:30;00:12:45;250,0;644,4;34,5;31,1;24,9;723,5;33,2;0,1;6,43E-2;-541,2;20,00;3,6;3,6;40,20;2,28;1,815;2,7;5,20;0,513
767;11.08.2023;11:49:31;00:12:46;250,0;644,4;34,6;31,2;24,9;725,0;33,4;0,1;6,43E-2;-541,2;20,00;3,6;3,6;40,23;2,32;1,828;2,7;5,19;0,515
768;11.08.2023;11:49:32;00:12:47;250,2;646,8;34,6;31,2;24,9;725,8;33,4;0,1;6,42E-2;-541,2;20,00;3,6;3,6;40,25;2,34;1,844;2,7;5,22;0,518
769;11.08.2023;11:49:33;00:12:48;250,1;646,8;34,7;31,3;24,9;727,4;33,5;0,1;6,42E-2;-541,2;20,00;3,6;3,6;40,29;2,38;1,882;2,7;5,21;0,518
770;11.08.2023;11:49:34;00:12:49;250,0;649,1;34,7;31,3;24,9;728,9;33,5;0,1;6,42E-2;-541,2;20,00;3,6;3,7;40,33;2,42;1,878;2,7;5,18;0,518
771;11.08.2023;11:49:35;00:12:50;250,2;651,6;34,8;31,4;24,9;729,6;33,5;0,1;6,42E-2;-541,2;20,00;3,7;3,6;40,36;2,44;1,887;2,7;5,20;0,518
772;11.08.2023;11:49:36;00:12:51;250,0;651,6;34,8;31,4;24,9;731,1;33,6;0,1;6,41E-2;-541,2;20,00;3,7;3,7;40,40;2,48;1,924;2,7;5,22;0,518
773;11.08.2023;11:49:37;00:12:52;250,0;654,0;34,9;31,6;24,9;732,6;33,7;0,1;6,41E-2;-541,2;20,00;3,7;3,7;40,43;2,51;1,945;2,7;5,23;0,521
774;11.08.2023;11:49:38;00:12:53;250,0;654,0;34,9;31,6;24,9;733,4;33,7;0,1;6,41E-2;-541,2;20,00;3,7;3,7;40,46;2,54;1,943;2,7;5,21;0,520
775;11.08.2023;11:49:39;00:12:54;250,0;656,4;34,9;31,7;24,9;735,0;33,7;0,1;6,41E-2;-541,2;20,00;3,7;3,7;40,50;2,58;1,969;2,7;5,22;0,523
776;11.08.2023;11:49:40;00:12:55;250,1;656,4;35,0;31,8;24,9;736,5;33,9;0,1;6,40E-2;-541,2;20,00;3,7;3,7;40,54;2,62;1,962;2,7;5,28;0,523
777;11.08.2023;11:49:41;00:12:56;250,1;656,4;35,0;31,8;24,9;737,3;34,0;0,1;6,40E-2;-541,2;20,00;3,7;3,7;40,56;2,64;1,967;2,8;5,26;0,524
778;11.08.2023;11:49:42;00:12:57;250,2;658,8;35,0;31,8;24,9;738,8;34,0;0,1;6,40E-2;-541,2;20,00;3,8;3,8;40,60;2,68;1,988;2,8;5,25;0,524
779;11.08.2023;11:49:43;00:12:58;250,1;658,8;35,0;31,8;24,9;739,5;34,1;0,1;6,40E-2;-541,2;20,00;3,8;3,7;40,62;2,70;1,996;2,8;5,25;0,525
780;11.08.2023;11:49:44;00:12:59;250,0;661,4;35,1;31,9;25,0;741,0;34,1;0,1;6,39E-2;-541,2;20,00;3,8;3,8;40,66;2,74;2,007;2,8;5,24;0,527
781;11.08.2023;11:49:45;00:13:00;250,1;661,4;35,2;32,1;25,0;742,6;34,3;0,1;6,39E-2;-541,2;20,00;3,8;3,8;40,71;2,79;2,032;2,8;5,28;0,527
782;11.08.2023;11:49:46;00:13:01;250,1;661,4;35,2;32,1;25,0;743,4;34,4;0,1;6,39E-2;-541,2;20,00;3,8;3,8;40,73;2,81;2,048;2,8;5,25;0,527
783;11.08.2023;11:49:47;00:13:02;250,1;664,1;35,2;32,1;25,0;744,9;34,4;0,1;6,39E-2;-541,2;20,00;3,8;3,7;40,77;2,84;2,039;2,8;5,27;0,527
784;11.08.2023;11:49:48;00:13:03;250,1;666,7;35,3;32,2;25,0;746,4;34,4;0,1;6,38E-2;-541,2;20,00;3,9;3,8;40,80;2,89;2,019;2,8;5,23;0,528
785;11.08.2023;11:49:49;00:13:04;250,1;666,7;35,3;32,2;25,0;747,1;34,5;0,1;6,38E-2;-541,2;20,00;3,9;3,8;40,83;2,91;2,017;2,8;5,25;0,530
786;11.08.2023;11:49:50;00:13:05;250,1;669,4;35,4;32,3;25,0;748,6;34,4;0,1;6,38E-2;-541,2;20,00;3,9;3,9;40,87;2,95;2,023;2,8;5,25;0,528
787;11.08.2023;11:49:51;00:13:06;250,3;669,4;35,5;32,3;25,0;750,3;34,6;0,1;6,37E-2;-541,2;20,00;3,9;3,9;40,91;2,99;2,032;2,8;5,27;0,532
788;11.08.2023;11:49:52;00:13:07;250,2;671,8;35,5;32,5;25,1;751,0;34,5;0,1;6,37E-2;-541,2;20,00;3,9;3,9;40,93;3,01;2,022;2,8;5,30;0,532
789;11.08.2023;11:49:53;00:13:08;250,2;674,2;35,6;32,6;25,1;752,5;34,7;0,1;6,37E-2;-541,2;20,00;3,9;3,9;40,97;3,05;2,026;2,8;5,25;0,532
790;11.08.2023;11:49:54;00:13:09;250,1;674,2;35,6;32,6;25,1;754,0;34,7;0,1;6,37E-2;-541,2;20,00;3,9;3,9;41,01;3,09;2,014;2,8;5,25;0,532
791;11.08.2023;11:49:55;00:13:10;250,2;674,2;35,7;32,7;25,1;754,8;34,8;0,1;6,37E-2;-541,2;20,00;3,9;3,9;41,03;3,11;2,009;2,8;5,28;0,534
792;11.08.2023;11:49:56;00:13:11;250,2;676,5;35,7;32,7;25,2;756,3;34,8;0,1;6,37E-2;-541,2;20,00;3,9;3,9;41,07;3,15;1,987;2,8;5,28;0,537
793;11.08.2023;11:49:57;00:13:12;250,1;676,5;35,7;32,7;25,2;757,0;34,9;0,1;6,36E-2;-541,2;20,00;3,9;4,0;41,09;3,17;1,981;2,9;5,32;0,537
794;11.08.2023;11:49:58;00:13:13;250,0;678,9;35,8;32,9;25,2;758,6;34,9;0,1;6,36E-2;-541,2;20,00;3,9;3,9;41,13;3,21;1,951;2,8;5,29;0,537
795;11.08.2023;11:49:59;00:13:14;250,1;678,9;35,9;33,0;25,2;760,1;35,1;0,1;6,36E-2;-541,2;20,00;3,9;3,9;41,16;3,25;1,936;2,9;5,34;0,540
796;11.08.2023;11:50:00;00:13:15;250,0;681,2;35,9;33,0;25,1;760,9;35,1;0,1;6,36E-2;-541,2;20,00;3,9;3,9;41,18;3,26;1,921;2,8;5,33;0,540
797;11.08.2023;11:50:01;00:13:16;250,1;681,2;36,0;33,1;25,1;762,4;35,2;0,1;6,36E-2;-541,2;20,00;3,9;3,9;41,21;3,30;1,869;2,9;5,29;0,540
798;11.08.2023;11:50:02;00:13:17;250,0;683,6;36,0;33,1;25,2;763,9;35,2;0,1;6,36E-2;-541,2;20,00;3,9;3,9;41,26;3,34;1,843;2,9;5,29;0,538
799;11.08.2023;11:50:03;00:13:18;250,1;683,7;36,1;33,3;25,3;764,6;35,3;0,1;6,36E-2;-541,2;20,00;3,9;3,9;41,27;3,36;1,848;2,9;5,31;0,542
800;11.08.2023;11:50:04;00:13:19;250,0;686,2;36,2;33,4;25,3;766,3;35,3;0,1;6,36E-2;-541,2;20,00;3,9;3,9;41,31;3,39;1,829;2,9;5,32;0,542
801;11.08.2023;11:50:05;00:13:20;250,0;688,7;36,3;33,5;25,3;767,8;35,4;0,1;6,35E-2;-541,2;20,00;3,9;3,9;41,35;3,43;1,785;2,9;5,32;0,543
802;11.08.2023;11:50:06;00:13:21;250,1;688,7;36,3;33,5;25,3;768,5;35,4;0,1;6,36E-2;-541,2;20,00;3,9;3,9;41,36;3,45;1,784;2,9;5,31;0,543
803;11.08.2023;11:50:07;00:13:22;250,0;688,7;36,4;33,5;25,3;770,0;35,6;0,1;6,36E-2;-541,2;20,00;3,9;3,9;41,40;3,48;1,788;2,9;5,35;0,546
804;11.08.2023;11:50:08;00:13:23;250,0;691,2;36,4;33,7;25,3;771,5;35,6;0,1;6,35E-2;-541,2;20,00;3,9;3,9;41,43;3,51;1,762;2,9;5,32;0,547
805;11.08.2023;11:50:09;00:13:24;250,2;691,2;36,5;33,7;25,3;772,3;35,7;0,1;6,35E-2;-541,2;20,00;3,9;3,9;41,45;3,53;1,762;2,9;5,34;0,547
806;11.08.2023;11:50:10;00:13:25;250,0;693,7;36,5;33,8;25,2;773,9;35,7;0,1;6,35E-2;-541,2;20,00;3,9;3,9;41,49;3,57;1,745;2,9;5,35;0,547
807;11.08.2023;11:50:11;00:13:26;250,0;693,7;36,6;33,8;25,2;774,6;35,8;0,1;6,35E-2;-541,2;20,00;3,9;3,9;41,50;3,59;1,738;2,9;5,30;0,548
808;11.08.2023;11:50:12;00:13:27;250,0;696,0;36,6;33,9;25,3;776,1;35,8;0,1;6,35E-2;-541,2;20,00;3,9;3,9;41,54;3,62;1,726;2,9;5,37;0,548
809;11.08.2023;11:50:13;00:13:28;250,0;698,3;36,7;34,1;25,3;777,6;35,9;0,1;6,34E-2;-541,2;20,00;3,9;3,9;41,57;3,65;1,707;2,9;5,35;0,549
810;11.08.2023;11:50:14;00:13:29;250,0;698,3;36,7;34,1;25,3;778,4;35,9;0,1;6,34E-2;-541,2;20,00;3,9;3,9;41,59;3,67;1,700;2,9;5,33;0,550
811;11.08.2023;11:50:15;00:13:30;250,0;698,3;36,7;34,2;25,3;779,9;36,1;0,1;6,34E-2;-541,2;20,00;3,9;3,9;41,62;3,70;1,696;2,9;5,37;0,552
812;11.08.2023;11:50:16;00:13:31;250,1;700,6;36,7;34,2;25,3;781,5;36,1;0,1;6,34E-2;-541,2;20,00;3,9;3,9;41,66;3,74;1,694;2,9;5,37;0,553
813;11.08.2023;11:50:17;00:13:32;250,0;700,6;36,8;34,2;25,3;782,3;36,2;0,1;6,34E-2;-541,2;20,00;3,9;3,9;41,68;3,75;1,700;3,0;5,37;0,552
814;11.08.2023;11:50:18;00:13:33;250,0;702,9;36,8;34,3;25,3;783,8;36,2;0,1;6,34E-2;-541,2;20,00;3,9;3,9;41,70;3,79;1,686;3,0;5,33;0,554
815;11.08.2023;11:50:19;00:13:34;250,1;705,3;36,9;34,5;25,3;785,3;36,2;0,1;6,34E-2;-541,2;20,00;3,9;3,9;41,74;3,82;1,673;3,0;5,39;0,554
816;11.08.2023;11:50:20;00:13:35;250,1;705,3;36,9;34,5;25,4;786,0;36,3;0,1;6,33E-2;-541,2;20,00;3,9;3,9;41,75;3,84;1,685;3,0;5,36;0,556
817;11.08.2023;11:50:21;00:13:36;250,0;707,6;37,0;34,6;25,4;787,5;36,5;0,1;6,33E-2;-541,2;20,00;3,9;3,9;41,79;3,87;1,661;3,0;5,37;0,557
818;11.08.2023;11:50:22;00:13:37;250,2;707,6;37,0;34,6;25,4;788,4;36,5;0,1;6,33E-2;-541,2;20,00;3,9;3,9;41,81;3,89;1,654;3,0;5,37;0,557
819;11.08.2023;11:50:23;00:13:38;250,3;707,6;37,0;34,6;25,4;789,9;36,7;0,1;6,33E-2;-541,2;20,00;3,9;3,8;41,84;3,92;1,620;3,0;5,40;0,559
820;11.08.2023;11:50:24;00:13:39;250,1;710,1;37,1;34,7;25,4;791,4;36,6;0,1;6,33E-2;-541,2;20,00;3,9;3,9;41,87;3,95;1,596;3,0;5,38;0,561
821;11.08.2023;11:50:25;00:13:40;250,1;710,1;37,1;34,7;25,4;792,1;36,7;0,1;6,33E-2;-541,2;20,00;3,9;3,9;41,88;3,97;1,591;3,0;5,41;0,562
822;11.08.2023;11:50:26;00:13:41;250,1;712,6;37,2;34,9;25,4;793,6;36,7;0,1;6,33E-2;-541,2;20,00;3,9;3,9;41,92;4,00;1,577;3,0;5,34;0,562
823;11.08.2023;11:50:27;00:13:42;250,0;712,6;37,3;34,9;25,4;795,1;36,9;0,1;6,33E-2;-541,2;20,00;3,9;3,9;41,94;4,03;1,542;3,0;5,39;0,562
824;11.08.2023;11:50:28;00:13:43;250,2;715,0;37,3;35,0;25,4;796,0;36,9;0,1;6,33E-2;-541,2;20,00;3,9;4,0;41,96;4,04;1,523;3,0;5,42;0,562
825;11.08.2023;11:50:29;00:13:44;250,1;715,0;37,4;35,2;25,4;797,5;37,0;0,1;6,33E-2;-541,2;20,00;3,9;3,9;41,99;4,07;1,485;3,0;5,38;0,562
826;11.08.2023;11:50:30;00:13:45;250,2;717,6;37,4;35,2;25,5;799,0;37,0;0,1;6,33E-2;-541,2;20,00;3,9;3,9;42,02;4,10;1,466;3,1;5,40;0,567
827;11.08.2023;11:50:31;00:13:46;250,1;717,6;37,4;35,2;25,5;799,8;37,1;0,1;6,33E-2;-541,2;20,00;3,9;3,9;42,03;4,11;1,443;3,0;5,36;0,565
828;11.08.2023;11:50:32;00:13:47;250,0;720,1;37,5;35,3;25,5;797,4;78,9;0,1;6,33E-2;-541,2;20,00;3,9;3,9;42,06;4,14;1,390;0,0;0,01;0,053
829;11.08.2023;11:50:33;00:13:48;250,0;722,4;37,6;35,5;25,5;794,3;79,1;0,1;6,32E-2;-541,2;20,00;3,9;3,9;42,12;4,20;1,599;0,0;0,01;0,051
830;11.08.2023;11:50:34;00:13:49;250,0;722,4;37,6;35,5;25,5;792,5;79,3;0,1;6,31E-2;-541,2;20,00;3,9;3,9;42,15;4,23;1,772;0,0;0,01;0,049
831;11.08.2023;11:50:35;00:13:50;250,0;722,4;37,6;35,5;25,3;789,3;79,5;0,1;6,30E-2;-541,2;20,00;3,9;3,9;42,18;4,27;1,964;0,0;0,01;0,049
832;11.08.2023;11:50:36;00:13:51;250,0;724,4;37,6;35,6;25,2;787,8;79,6;0,1;6,29E-2;-541,2;20,00;3,9;3,9;42,20;4,29;1,994;0,0;0,01;0,049
833;11.08.2023;11:50:37;00:13:52;250,0;724,4;37,6;35,6;25,2;784,7;79,8;0,1;6,28E-2;-541,2;20,00;3,9;3,9;42,23;4,31;1,933;0,0;0,01;0,049
834;11.08.2023;11:50:38;00:13:53;250,0;725,5;37,6;35,7;25,0;781,5;80,0;0,1;6,26E-2;-541,2;20,00;3,9;3,9;42,26;4,34;1,796;0,0;0,01;0,049
835;11.08.2023;11:50:39;00:13:54;250,0;725,5;37,6;35,9;25,0;780,0;80,1;0,1;6,26E-2;-541,2;20,00;3,9;3,9;42,27;4,35;1,715;0,0;0,01;0,049
836;11.08.2023;11:50:40;00:13:55;250,0;725,4;37,6;35,9;24,7;776,6;80,3;0,1;6,23E-2;-541,2;20,00;3,9;3,9;42,29;4,37;1,500;0,0;0,01;0,049
837;11.08.2023;11:50:41;00:13:56;250,0;723,6;37,5;36,0;24,6;773,5;80,5;0,1;6,22E-2;-541,2;20,00;3,9;3,9;42,30;4,39;1,307;0,0;0,01;0,050
838;11.08.2023;11:50:42;00:13:57;250,0;723,6;37,5;36,0;24,6;771,9;80,6;0,1;6,21E-2;-541,2;20,00;3,9;3,9;42,31;4,40;1,232;0,0;0,01;0,049
839;11.08.2023;11:50:43;00:13:58;250,0;723,7;37,5;36,1;24,6;768,8;80,7;0,1;6,18E-2;-541,2;20,00;3,9;3,9;42,32;4,41;1,066;0,0;0,01;0,049
840;11.08.2023;11:50:44;00:13:59;250,0;719,9;37,3;36,2;24,5;765,7;80,9;0,1;6,17E-2;-541,2;20,00;3,9;3,9;42,34;4,42;0,926;0,0;0,01;0,050
841;11.08.2023;11:50:45;00:14:00;250,0;719,9;37,3;36,2;24,5;764,1;81,0;0,1;6,16E-2;-541,2;20,00;3,9;3,9;42,34;4,43;0,876;0,0;0,01;0,049
842;11.08.2023;11:50:46;00:14:01;250,0;714,7;37,1;36,3;24,5;760,7;81,2;0,1;6,13E-2;-541,2;20,00;3,9;3,9;42,35;4,44;0,747;0,0;0,01;0,049
843;11.08.2023;11:50:47;00:14:02;250,0;714,7;36,8;36,3;24,5;757,6;81,4;0,1;6,11E-2;-541,2;20,00;3,9;3,9;42,36;4,45;0,656;0,0;0,01;0,050
844;11.08.2023;11:50:48;00:14:03;250,0;708,4;36,8;36,5;24,5;756,1;81,5;0,1;6,10E-2;-541,2;20,00;3,9;3,9;42,37;4,45;0,614;0,0;0,01;0,049
845;11.08.2023;11:50:49;00:14:04;250,0;701,3;36,5;36,6;24,5;752,9;81,6;0,1;6,08E-2;-541,2;20,00;3,9;3,9;42,37;4,46;0,545;0,0;0,01;0,050
846;11.08.2023;11:50:50;00:14:05;250,0;701,3;36,5;36,6;24,5;751,4;81,7;0,1;6,07E-2;-541,2;20,00;3,9;3,9;42,38;4,46;0,513;0,0;0,01;0,049
847;11.08.2023;11:50:51;00:14:06;250,0;701,3;36,2;36,6;24,4;748,3;81,9;0,1;6,05E-2;-541,2;20,00;3,9;3,9;42,38;4,47;0,459;0,0;0,01;0,049
848;11.08.2023;11:50:52;00:14:07;250,0;694,2;36,2;36,7;24,4;744,9;82,1;0,1;6,03E-2;-541,2;20,00;3,9;3,9;42,39;4,47;0,420;0,0;0,01;0,049
849;11.08.2023;11:50:53;00:14:08;250,0;694,2;36,2;36,7;24,4;743,3;82,1;0,1;6,02E-2;-541,2;20,00;3,9;3,9;42,40;4,48;0,406;0,0;0,01;0,049
850;11.08.2023;11:50:54;00:14:09;250,0;686,8;35,9;36,8;24,4;740,2;82,3;0,1;5,99E-2;-541,2;20,00;3,9;3,9;42,40;4,48;0,382;0,0;0,01;0,049
851;11.08.2023;11:50:55;00:14:10;250,0;686,8;35,5;36,9;24,4;737,1;82,5;0,1;5,98E-2;-541,2;20,00;3,9;3,9;42,41;4,49;0,350;0,0;0,01;0,049
852;11.08.2023;11:50:56;00:14:11;250,0;679,2;35,5;36,9;24,4;735,5;82,5;0,1;5,97E-2;-541,2;20,00;3,9;3,9;42,41;4,49;0,341;0,0;0,01;0,049
853;11.08.2023;11:50:57;00:14:12;250,0;679,2;35,2;37,0;24,4;732,4;82,7;0,1;5,94E-2;-541,2;20,00;3,9;4,0;42,41;4,50;0,319;0,0;0,01;0,049
854;11.08.2023;11:50:58;00:14:13;250,0;671,4;35,2;37,0;24,4;729,0;82,9;0,1;5,92E-2;-541,2;20,00;3,9;3,9;42,42;4,50;0,302;0,0;0,01;0,051
855;11.08.2023;11:50:59;00:14:14;250,0;671,4;34,8;37,1;24,4;727,5;82,9;0,1;5,91E-2;-541,2;20,00;3,9;3,9;42,42;4,50;0,295;0,0;0,01;0,049
856;11.08.2023;11:51:00;00:14:15;250,0;663,6;34,8;37,1;24,4;724,3;83,1;0,1;5,89E-2;-541,2;20,00;3,9;3,9;42,43;4,51;0,279;0,0;0,01;0,049
857;11.08.2023;11:51:01;00:14:16;250,0;663,6;34,8;37,1;24,4;722,8;83,2;0,1;5,88E-2;-541,2;20,00;3,9;3,9;42,43;4,51;0,275;0,0;0,01;0,049
858;11.08.2023;11:51:02;00:14:17;250,0;655,7;34,5;37,2;24,3;719,7;83,3;0,1;5,87E-2;-541,2;20,00;3,9;3,9;42,43;4,52;0,256;0,0;0,01;0,049
859;11.08.2023;11:51:03;00:14:18;250,0;655,6;34,3;37,0;24,2;716,5;83,4;0,1;5,84E-2;-541,2;20,00;3,9;3,9;42,44;4,52;0,245;0,0;0,01;0,049
860;11.08.2023;11:51:04;00:14:19;250,0;647,1;33,9;37,1;24,2;715,0;83,5;0,1;5,83E-2;-541,2;20,00;3,9;3,9;42,44;4,52;0,237;0,0;0,01;0,049
861;11.08.2023;11:51:05;00:14:20;250,0;647,1;33,6;37,1;24,2;711,6;83,6;0,1;5,82E-2;-541,2;20,00;3,9;3,8;42,44;4,53;0,219;0,0;0,01;0,049
862;11.08.2023;11:51:06;00:14:21;250,0;638,8;33,6;37,1;24,2;708,5;83,8;0,1;5,79E-2;-541,2;20,00;3,9;3,9;42,45;4,53;0,207;0,0;0,01;0,049
863;11.08.2023;11:51:07;00:14:22;250,0;638,8;33,6;37,1;24,2;706,9;83,8;0,1;5,79E-2;-541,2;20,00;3,9;3,9;42,45;4,53;0,206;0,0;0,01;0,051
864;11.08.2023;11:51:08;00:14:23;250,0;630,6;33,2;37,2;24,1;703,8;84,0;0,1;5,77E-2;-541,2;20,00;3,9;3,8;42,45;4,54;0,197;0,0;0,01;0,049
865;11.08.2023;11:51:09;00:14:24;250,0;622,4;32,8;37,3;24,1;700,7;84,1;0,1;5,76E-2;-541,2;20,00;3,9;3,9;42,46;4,54;0,200;0,0;0,01;0,049
866;11.08.2023;11:51:10;00:14:25;250,0;622,4;32,8;37,3;24,1;699,1;84,2;0,1;5,75E-2;-541,2;20,00;3,9;3,9;42,46;4,54;0,201;0,0;0,01;0,049
867;11.08.2023;11:51:11;00:14:26;250,0;622,4;32,5;37,3;24,1;695,7;84,3;0,1;5,73E-2;-541,2;20,00;3,9;3,9;42,46;4,55;0,194;0,0;0,01;0,049
868;11.08.2023;11:51:12;00:14:27;250,0;614,9;32,5;37,3;24,1;692,6;84,4;0,1;5,72E-2;-541,2;20,00;3,9;3,9;42,46;4,55;0,188;0,0;0,01;0,049
869;11.08.2023;11:51:13;00:14:28;250,0;614,9;32,2;37,3;24,1;691,1;84,5;0,1;5,71E-2;-541,2;20,00;3,9;3,9;42,47;4,55;0,182;0,0;0,01;0,049
870;11.08.2023;11:51:14;00:14:29;250,0;607,4;32,2;37,3;24,1;687,9;84,6;0,1;5,69E-2;-541,2;20,00;3,9;3,9;42,47;4,56;0,170;0,0;0,01;0,049
871;11.08.2023;11:51:15;00:14:30;250,0;607,4;31,9;37,3;24,1;686,4;84,6;0,1;5,68E-2;-541,2;20,00;3,9;3,9;42,47;4,56;0,169;0,0;0,01;0,049
872;11.08.2023;11:51:16;00:14:31;250,0;599,8;31,9;37,4;24,1;683,3;84,7;0,1;5,67E-2;-541,2;20,00;3,9;4,0;42,47;4,56;0,167;0,0;0,00;0,049
873;11.08.2023;11:51:17;00:14:32;250,0;592,3;31,5;37,4;24,1;679,9;84,9;0,1;5,65E-2;-541,2;20,00;3,9;3,9;42,48;4,56;0,165;0,0;0,01;0,049
874;11.08.2023;11:51:18;00:14:33;250,0;592,3;31,5;37,4;24,1;678,3;84,9;0,1;5,64E-2;-541,2;20,00;3,9;3,9;42,48;4,56;0,162;0,0;0,01;0,049
875;11.08.2023;11:51:19;00:14:34;250,0;592,3;31,3;37,4;24,1;675,2;85,0;0,1;5,62E-2;-541,2;20,00;3,9;3,9;42,48;4,57;0,159;0,0;0,01;0,049
876;11.08.2023;11:51:20;00:14:35;250,0;584,9;31,3;37,4;24,1;672,1;85,1;0,1;5,61E-2;-541,2;20,00;3,9;3,9;42,49;4,57;0,157;0,0;0,01;0,049
877;11.08.2023;11:51:21;00:14:36;250,0;584,9;31,3;37,4;24,1;670,5;85,2;0,1;5,60E-2;-541,2;20,00;3,9;3,9;42,49;4,57;0,152;0,0;0,01;0,049
878;11.08.2023;11:51:22;00:14:37;250,0;577,5;31,0;37,4;24,1;667,4;85,3;0,1;5,58E-2;-541,2;20,00;3,9;3,9;42,49;4,57;0,147;0,0;0,01;0,049
879;11.08.2023;11:51:23;00:14:38;250,0;577,6;30,8;37,5;24,2;664,0;85,4;0,1;5,57E-2;-541,2;20,00;3,9;3,8;42,49;4,58;0,137;0,0;0,01;0,049
880;11.08.2023;11:51:24;00:14:39;250,0;570,1;30,8;37,5;24,2;662,5;85,4;0,1;5,56E-2;-541,2;20,00;3,9;3,9;42,49;4,58;0,140;0,0;0,01;0,049
881;11.08.2023;11:51:25;00:14:40;250,0;570,1;30,5;37,5;24,2;659,3;85,5;0,1;5,54E-2;-541,2;20,00;3,9;3,9;42,50;4,58;0,143;0,0;0,01;0,049
882;11.08.2023;11:51:26;00:14:41;250,0;562,7;30,5;37,5;24,2;656,2;85,6;0,1;5,53E-2;-541,2;20,00;3,9;3,9;42,50;4,58;0,145;0,0;0,01;0,050
883;11.08.2023;11:51:27;00:14:42;250,0;562,7;30,5;37,5;24,2;654,7;85,6;0,1;5,52E-2;-541,2;20,00;3,9;3,9;42,50;4,59;0,148;0,0;0,01;0,049
884;11.08.2023;11:51:28;00:14:43;250,0;555,4;30,3;37,5;24,2;651,5;85,7;0,1;5,51E-2;-541,2;20,00;3,9;3,9;42,50;4,59;0,140;0,0;0,01;0,049
885;11.08.2023;11:51:29;00:14:44;250,0;555,4;30,3;37,5;24,2;650,0;85,7;0,1;5,50E-2;-541,2;20,00;3,9;3,8;42,51;4,59;0,132;0,0;0,01;0,049
886;11.08.2023;11:51:30;00:14:45;250,0;548,1;30,0;37,5;24,2;646,6;85,8;0,1;5,48E-2;-541,2;20,00;3,9;3,9;42,51;4,59;0,129;0,0;0,01;0,049
887;11.08.2023;11:51:31;00:14:46;250,0;548,1;30,0;37,5;24,1;643,5;85,9;0,1;5,47E-2;-541,2;20,00;3,9;3,9;42,51;4,60;0,134;0,0;0,00;0,049
888;11.08.2023;11:51:32;00:14:47;250,0;541,4;29,8;37,5;24,1;641,9;85,9;0,1;5,46E-2;-541,2;20,00;3,9;3,9;42,51;4,60;0,133;0,0;0,01;0,051
889;11.08.2023;11:51:33;00:14:48;250,0;541,4;29,6;37,5;24,1;638,8;86,0;0,1;5,44E-2;-541,2;20,00;3,9;3,8;42,51;4,60;0,131;0,0;0,01;0,049
890;11.08.2023;11:51:34;00:14:49;250,0;534,9;29,6;37,5;24,1;635,7;86,1;0,1;5,43E-2;-541,2;20,00;3,9;3,8;42,52;4,60;0,118;0,0;0,00;0,049
891;11.08.2023;11:51:35;00:14:50;250,0;534,9;29,4;37,5;24,1;634,1;86,1;0,1;5,43E-2;-541,2;20,00;3,9;3,9;42,52;4,60;0,115;0,0;0,00;0,049
892;11.08.2023;11:51:36;00:14:51;250,0;528,3;29,4;37,4;24,1;630,7;86,2;0,1;5,41E-2;-541,2;20,00;3,9;3,9;42,52;4,60;0,108;0,0;0,01;0,051
893;11.08.2023;11:51:37;00:14:52;250,0;521,9;29,2;37,4;24,1;627,6;86,2;0,1;5,39E-2;-541,2;20,00;3,9;3,9;42,52;4,61;0,107;0,0;0,01;0,049
894;11.08.2023;11:51:38;00:14:53;250,0;521,9;29,2;37,4;24,1;626,1;86,3;0,1;5,39E-2;-541,2;20,00;3,9;3,9;42,52;4,61;0,106;0,0;0,01;0,049
895;11.08.2023;11:51:39;00:14:54;250,0;521,9;29,0;37,3;24,1;622,9;86,3;0,1;5,38E-2;-541,2;20,00;3,9;3,9;42,52;4,61;0,106;0,0;0,00;0,049
896;11.08.2023;11:51:40;00:14:55;250,0;515,6;29,0;37,3;24,1;621,4;86,3;0,1;5,37E-2;-541,2;20,00;3,9;3,9;42,53;4,61;0,110;0,0;0,00;0,049
897;11.08.2023;11:51:41;00:14:56;250,0;515,6;29,0;37,3;24,1;618,3;86,4;0,1;5,35E-2;-541,2;20,00;3,9;3,9;42,53;4,61;0,109;0,0;0,01;0,049
898;11.08.2023;11:51:42;00:14:57;250,0;509,3;28,8;37,3;24,1;614,9;86,4;0,1;5,34E-2;-541,2;20,00;3,9;3,9;42,53;4,61;0,112;0,0;0,01;0,049
899;11.08.2023;11:51:43;00:14:58;250,0;509,4;28,9;37,3;24,1;613,3;86,5;0,1;5,33E-2;-541,2;20,00;3,9;3,9;42,53;4,62;0,110;0,0;0,00;0,049
900;11.08.2023;11:51:44;00:14:59;250,0;502,7;28,7;37,3;24,1;610,2;86,5;0,1;5,33E-2;-541,2;20,00;3,9;3,9;42,53;4,62;0,110;0,0;0,00;0,049
901;11.08.2023;11:51:45;00:15:00;250,0;502,7;28,5;37,2;24,1;607,1;86,6;0,1;5,31E-2;-541,2;20,00;3,9;3,9;42,53;4,62;0,103;0,0;0,01;0,049
902;11.08.2023;11:51:46;00:15:01;250,0;502,7;28,5;37,2;24,1;605,5;86,6;0,1;5,31E-2;-541,2;20,00;3,9;3,9;42,54;4,62;0,101;0,0;0,01;0,049
903;11.08.2023;11:51:47;00:15:02;250,0;496,2;28,5;37,2;24,1;602,4;86,6;0,1;5,30E-2;-541,2;20,00;3,9;3,9;42,54;4,62;0,096;0,0;0,00;0,049
904;11.08.2023;11:51:48;00:15:03;250,0;489,7;28,3;37,1;24,1;599,0;86,7;0,1;5,29E-2;-541,2;20,00;3,9;3,8;42,54;4,62;0,093;0,0;0,01;0,049
905;11.08.2023;11:51:49;00:15:04;250,0;489,7;28,3;37,1;24,1;597,5;86,7;0,1;5,28E-2;-541,2;20,00;3,9;3,9;42,54;4,63;0,093;0,0;0,01;0,049
906;11.08.2023;11:51:50;00:15:05;250,0;483,4;28,1;37,1;24,1;594,3;86,7;0,1;5,27E-2;-541,2;20,00;3,9;3,8;42,54;4,63;0,092;0,0;0,00;0,049
907;11.08.2023;11:51:51;00:15:06;250,0;483,4;28,0;37,1;24,1;591,2;86,7;0,1;5,26E-2;-541,2;20,00;3,9;3,8;42,54;4,63;0,091;0,0;0,01;0,049
908;11.08.2023;11:51:52;00:15:07;250,0;477,6;28,0;37,0;24,1;589,7;86,7;0,1;5,25E-2;-541,2;20,00;3,9;3,8;42,54;4,63;0,089;0,0;0,01;0,049
909;11.08.2023;11:51:53;00:15:08;250,0;477,6;27,9;36,9;24,1;586,5;86,8;0,1;5,25E-2;-541,2;20,00;3,9;3,9;42,55;4,63;0,090;0,0;0,01;0,049
910;11.08.2023;11:51:54;00:15:09;250,0;471,8;27,9;36,9;24,1;584,7;86,8;0,1;5,24E-2;-541,2;20,00;3,9;3,9;42,55;4,63;0,087;0,0;0,01;0,049
911;11.08.2023;11:51:55;00:15:10;250,0;471,8;27,7;36,9;24,1;581,6;86,8;0,1;5,23E-2;-541,2;20,00;3,9;3,9;42,55;4,63;0,093;0,0;0,01;0,049
912;11.08.2023;11:51:56;00:15:11;250,0;466,1;27,7;36,9;24,1;578,5;86,8;0,1;5,21E-2;-541,2;20,00;3,9;4,0;42,55;4,64;0,093;0,0;0,01;0,049
913;11.08.2023;11:51:57;00:15:12;250,0;466,1;27,7;36,9;24,1;576,9;86,8;0,1;5,21E-2;-541,2;20,00;3,9;3,9;42,55;4,64;0,089;0,0;0,01;0,049
914;11.08.2023;11:51:58;00:15:13;250,0;460,5;27,6;36,8;24,0;573,8;86,8;0,1;5,20E-2;-541,2;20,00;3,9;3,9;42,55;4,64;0,090;0,0;0,01;0,049
915;11.08.2023;11:51:59;00:15:14;250,0;460,5;27,5;36,7;24,0;570,7;86,8;0,1;5,19E-2;-541,2;20,00;3,9;3,9;42,56;4,64;0,094;0,0;0,00;0,049
916;11.08.2023;11:52:00;00:15:15;250,0;454,9;27,5;36,7;24,0;568,9;86,8;0,1;5,19E-2;-541,2;20,00;3,9;3,9;42,56;4,64;0,094;0,0;0,01;0,049
917;11.08.2023;11:52:01;00:15:16;250,0;454,9;27,3;36,6;24,0;565,7;86,8;0,1;5,18E-2;-541,2;20,00;3,9;3,9;42,56;4,64;0,087;0,0;0,01;0,049
918;11.08.2023;11:52:02;00:15:17;250,0;449,2;27,3;36,6;24,0;562,6;86,9;0,1;5,16E-2;-541,2;20,00;3,9;3,9;42,56;4,64;0,079;0,0;0,01;0,049
919;11.08.2023;11:52:03;00:15:18;250,0;449,2;27,3;36,6;24,0;561,1;86,9;0,1;5,16E-2;-541,2;20,00;3,9;3,9;42,56;4,64;0,077;0,0;0,00;0,049
920;11.08.2023;11:52:04;00:15:19;250,0;443,2;27,2;36,5;24,0;557,9;86,8;0,1;5,15E-2;-541,2;20,00;3,9;3,9;42,56;4,65;0,071;0,0;0,01;0,049
921;11.08.2023;11:52:05;00:15:20;250,0;443,2;27,0;36,5;24,0;554,8;86,8;0,1;5,14E-2;-541,2;20,00;3,9;3,9;42,56;4,65;0,072;0,0;0,00;0,050
922;11.08.2023;11:52:06;00:15:21;250,0;437,2;27,0;36,4;24,0;553,0;86,8;0,1;5,14E-2;-541,2;20,00;3,9;3,9;42,56;4,65;0,076;0,0;0,00;0,049
923;11.08.2023;11:52:07;00:15:22;250,0;437,2;27,0;36,4;24,0;549,9;86,8;0,1;5,13E-2;-541,2;20,00;3,9;3,8;42,56;4,65;0,077;0,0;0,00;0,049
924;11.08.2023;11:52:08;00:15:23;250,0;431,3;26,9;36,3;24,0;548,3;86,8;0,1;5,12E-2;-541,2;20,00;3,9;3,9;42,57;4,65;0,079;0,0;0,01;0,049
925;11.08.2023;11:52:09;00:15:24;250,0;431,3;26,8;36,3;24,0;545,2;86,8;0,1;5,12E-2;-541,2;20,00;3,9;3,9;42,57;4,65;0,077;0,0;0,00;0,049
926;11.08.2023;11:52:10;00:15:25;250,0;425,7;26,8;36,2;23,9;542,1;86,8;0,1;5,11E-2;-541,2;20,00;3,9;3,8;42,57;4,65;0,077;0,0;0,01;0,049
927;11.08.2023;11:52:11;00:15:26;250,0;425,7;26,8;36,2;23,9;540,5;86,8;0,1;5,11E-2;-541,2;20,00;3,9;3,8;42,57;4,65;0,075;0,0;0,00;0,049
928;11.08.2023;11:52:12;00:15:27;250,0;420,5;26,7;36,1;23,9;537,1;86,8;0,1;5,09E-2;-541,2;20,00;3,9;3,9;42,57;4,66;0,075;0,0;0,00;0,049
929;11.08.2023;11:52:13;00:15:28;250,0;420,5;26,6;36,0;23,9;534,0;86,7;0,1;5,09E-2;-541,2;20,00;3,9;3,9;42,57;4,66;0,080;0,0;0,01;0,049
930;11.08.2023;11:52:14;00:15:29;250,0;420,5;26,6;36,0;23,9;532,5;86,7;0,1;5,08E-2;-541,2;20,00;3,9;3,9;42,57;4,66;0,081;0,0;0,01;0,049
931;11.08.2023;11:52:15;00:15:30;250,0;415,4;26,6;36,0;23,9;529,3;86,7;0,1;5,08E-2;-541,2;20,00;3,9;3,9;42,58;4,66;0,080;0,0;0,01;0,049
932;11.08.2023;11:52:16;00:15:31;250,0;410,4;26,5;35,9;23,9;526,2;86,7;0,1;5,07E-2;-541,2;20,00;3,9;3,9;42,58;4,66;0,076;0,0;0,01;0,049
933;11.08.2023;11:52:17;00:15:32;250,0;410,4;26,5;35,9;23,9;524,7;86,7;0,1;5,06E-2;-541,2;20,00;3,9;3,9;42,58;4,66;0,075;0,0;0,01;0,051
934;11.08.2023;11:52:18;00:15:33;250,0;405,4;26,4;35,7;23,9;521,3;86,6;0,1;5,05E-2;-541,2;20,00;3,9;3,9;42,58;4,66;0,077;0,0;0,01;0,049
935;11.08.2023;11:52:19;00:15:34;250,0;405,4;26,3;35,7;23,9;519,7;86,6;0,1;5,05E-2;-541,2;20,00;3,9;3,9;42,58;4,67;0,072;0,0;0,01;0,049
936;11.08.2023;11:52:20;00:15:35;250,0;400,5;26,3;35,6;23,9;516,6;86,6;0,1;5,04E-2;-541,2;20,00;3,9;3,9;42,58;4,67;0,071;0,0;0,01;0,049
937;11.08.2023;11:52:21;00:15:36;250,0;395,6;26,2;35,5;23,9;513,5;86,5;0,1;5,04E-2;-541,2;20,00;3,9;3,9;42,58;4,67;0,070;0,0;0,01;0,049
938;11.08.2023;11:52:22;00:15:37;250,0;395,6;26,2;35,5;23,9;511,9;86,5;0,1;5,03E-2;-541,2;20,00;3,9;3,8;42,58;4,67;0,067;0,0;0,00;0,049
939;11.08.2023;11:52:23;00:15:38;250,0;395,6;26,3;35,6;24,0;508,8;86,5;0,1;5,02E-2;-541,2;20,00;3,9;3,9;42,58;4,67;0,067;0,0;0,01;0,049
940;11.08.2023;11:52:24;00:15:39;250,0;390,5;26,2;35,5;24,0;505,4;86,4;0,1;5,01E-2;-541,2;20,00;3,9;3,9;42,59;4,67;0,069;0,0;0,01;0,049
941;11.08.2023;11:52:25;00:15:40;250,0;390,5;26,2;35,5;24,0;503,9;86,4;0,1;5,01E-2;-541,2;20,00;3,9;3,9;42,59;4,67;0,065;0,0;0,01;0,049
942;11.08.2023;11:52:26;00:15:41;250,0;385,3;26,1;35,4;24,0;500,7;86,3;0,1;5,00E-2;-541,2;20,00;3,9;3,9;42,59;4,67;0,066;0,0;0,00;0,049
943;11.08.2023;11:52:27;00:15:42;250,0;385,3;26,1;35,4;23,9;497,6;86,3;0,0;5,00E-2;-541,2;20,00;3,9;3,8;42,59;4,67;0,070;0,0;0,00;0,049
944;11.08.2023;11:52:28;00:15:43;250,0;380,3;26,0;35,2;23,9;496,1;86,2;0,0;4,99E-2;-541,2;20,00;3,9;3,9;42,59;4,68;0,072;0,0;0,00;0,049
945;11.08.2023;11:52:29;00:15:44;250,0;380,3;25,8;35,2;23,9;492,9;86,2;0,0;4,98E-2;-541,2;20,00;3,9;4,0;42,59;4,68;0,070;0,0;0,01;0,049
946;11.08.2023;11:52:30;00:15:45;250,0;375,3;25,8;35,1;23,9;489,6;86,1;0,0;4,97E-2;-541,2;20,00;3,9;3,9;42,59;4,68;0,064;0,0;0,01;0,049
947;11.08.2023;11:52:31;00:15:46;250,0;375,3;25,8;35,1;23,9;488,0;86,1;0,0;4,97E-2;-541,2;20,00;3,9;3,9;42,59;4,68;0,064;0,0;0,00;0,049
948;11.08.2023;11:52:32;00:15:47;250,0;370,7;25,8;35,0;23,9;484,9;86,0;0,0;4,96E-2;-541,2;20,00;3,9;3,9;42,59;4,68;0,063;0,0;0,01;0,049
949;11.08.2023;11:52:33;00:15:48;250,0;370,7;25,8;35,0;23,9;483,3;86,0;0,0;4,96E-2;-541,2;20,00;3,9;4,0;42,60;4,68;0,065;0,0;0,01;0,049
950;11.08.2023;11:52:34;00:15:49;250,0;366,1;25,7;34,9;23,9;480,2;85,9;0,0;4,95E-2;-541,2;20,00;3,9;3,9;42,60;4,68;0,064;0,0;0,01;0,049
951;11.08.2023;11:52:35;00:15:50;250,0;366,1;25,6;34,9;23,9;477,1;85,8;0,0;4,95E-2;-541,2;20,00;3,9;3,9;42,60;4,68;0,060;0,0;0,01;0,049
952;11.08.2023;11:52:36;00:15:51;250,0;361,6;25,6;34,8;23,9;475,5;85,8;0,0;4,94E-2;-541,2;20,00;3,9;3,9;42,60;4,68;0,059;0,0;0,00;0,051
953;11.08.2023;11:52:37;00:15:52;250,0;361,6;25,5;34,8;23,9;472,1;85,7;0,0;4,93E-2;-541,2;20,00;3,9;3,9;42,60;4,68;0,056;0,0;0,01;0,053
954;11.08.2023;11:52:38;00:15:53;250,0;357,2;25,5;34,7;23,9;469,0;85,6;0,0;4,92E-2;-541,2;20,00;3,9;3,9;42,60;4,68;0,058;0,0;0,01;0,049
955;11.08.2023;11:52:39;00:15:54;250,0;357,2;25,4;34,5;23,9;467,5;85,6;0,0;4,92E-2;-541,2;20,00;3,9;3,9;42,60;4,68;0,058;0,0;0,00;0,049
956;11.08.2023;11:52:40;00:15:55;250,0;352,7;25,4;34,5;23,9;464,3;85,5;0,0;4,91E-2;-541,2;20,00;3,9;3,8;42,60;4,69;0,053;0,0;0,01;0,049
957;11.08.2023;11:52:41;00:15:56;250,0;348,4;25,3;34,4;23,9;461,2;85,4;0,0;4,91E-2;-541,2;20,00;3,9;3,8;42,60;4,69;0,054;0,0;0,01;0,049
958;11.08.2023;11:52:42;00:15:57;250,0;348,4;25,3;34,4;23,9;459,7;85,4;0,0;4,91E-2;-541,2;20,00;3,9;3,9;42,60;4,69;0,056;0,0;0,00;0,049
959;11.08.2023;11:52:43;00:15:58;250,0;348,3;25,3;34,4;23,8;456,3;85,3;0,0;4,90E-2;-541,2;20,00;3,9;3,9;42,60;4,69;0,065;0,0;0,01;0,049
960;11.08.2023;11:52:44;00:15:59;250,0;343,7;25,2;34,2;23,8;453,2;85,2;0,0;4,89E-2;-541,2;20,00;3,9;3,9;42,61;4,69;0,063;0,0;0,00;0,049
961;11.08.2023;11:52:45;00:16:00;250,0;343,7;25,2;34,2;23,8;451,6;85,1;0,0;4,88E-2;-541,2;20,00;3,9;3,9;42,61;4,69;0,066;0,0;0,00;0,049
962;11.08.2023;11:52:46;00:16:01;250,0;339,1;25,1;34,1;23,8;448,5;85,0;0,0;4,88E-2;-541,2;20,00;3,9;3,8;42,61;4,69;0,060;0,0;0,00;0,049
963;11.08.2023;11:52:47;00:16:02;250,0;339,1;25,1;34,1;23,8;446,9;85,0;0,0;4,87E-2;-541,2;20,00;3,9;3,9;42,61;4,69;0,061;0,0;0,01;0,049
964;11.08.2023;11:52:48;00:16:03;250,0;334,4;25,0;33,9;23,8;443,8;84,9;0,0;4,87E-2;-541,2;20,00;3,9;3,9;42,61;4,70;0,056;0,0;0,01;0,049
965;11.08.2023;11:52:49;00:16:04;250,0;334,4;24,9;33,9;23,8;440,4;84,8;0,0;4,86E-2;-541,2;20,00;3,9;3,9;42,61;4,70;0,055;0,0;0,01;0,049
966;11.08.2023;11:52:50;00:16:05;250,0;334,4;24,9;33,9;23,8;438,9;84,7;0,0;4,85E-2;-541,2;20,00;3,9;3,9;42,61;4,70;0,055;0,0;0,00;0,049
967;11.08.2023;11:52:51;00:16:06;250,0;329,8;24,9;33,8;23,7;435,7;84,6;0,0;4,85E-2;-541,2;20,00;3,9;3,9;42,61;4,70;0,054;0,0;0,00;0,049
968;11.08.2023;11:52:52;00:16:07;250,0;325,5;24,8;33,7;23,7;432,6;84,5;0,0;4,84E-2;-541,2;20,00;3,9;3,9;42,61;4,70;0,053;0,0;0,01;0,049
969;11.08.2023;11:52:53;00:16:08;250,0;325,5;24,8;33,7;23,7;431,1;84,4;0,0;4,83E-2;-541,2;20,00;3,9;4,0;42,61;4,70;0,051;0,0;0,01;0,049
970;11.08.2023;11:52:54;00:16:09;250,0;321,3;24,7;33,5;23,7;427,9;84,3;0,0;4,83E-2;-541,2;20,00;3,9;3,9;42,61;4,70;0,046;0,0;0,00;0,049
971;11.08.2023;11:52:55;00:16:10;250,0;321,3;24,7;33,5;23,7;424,6;84,2;0,0;4,83E-2;-541,2;20,00;3,9;4,0;42,62;4,70;0,051;0,0;0,00;0,049
972;11.08.2023;11:52:56;00:16:11;250,0;317,3;24,7;33,4;23,7;423,0;84,1;0,0;4,82E-2;-541,2;20,00;3,9;3,9;42,62;4,70;0,048;0,0;0,00;0,049
973;11.08.2023;11:52:57;00:16:12;250,0;317,3;24,6;33,3;23,7;419,9;84,0;0,0;4,82E-2;-541,2;20,00;3,9;3,9;42,62;4,70;0,047;0,0;0,01;0,049
974;11.08.2023;11:52:58;00:16:13;250,0;317,3;24,6;33,3;23,7;418,3;83,9;0,0;4,81E-2;-541,2;20,00;3,9;3,9;42,62;4,70;0,045;0,0;0,01;0,049
975;11.08.2023;11:52:59;00:16:14;250,0;313,3;24,6;33,3;23,7;415,2;83,8;0,0;4,80E-2;-541,2;20,00;3,9;3,9;42,62;4,70;0,045;0,0;0,00;0,049
976;11.08.2023;11:53:00;00:16:15;250,0;309,4;24,5;33,2;23,7;412,1;83,7;0,0;4,80E-2;-541,2;20,00;3,9;3,9;42,62;4,70;0,042;0,0;0,00;0,049
977;11.08.2023;11:53:01;00:16:16;250,0;309,4;24,5;33,2;23,7;410,3;83,6;0,0;4,79E-2;-541,2;20,00;3,9;3,9;42,62;4,70;0,043;0,0;0,00;0,049
978;11.08.2023;11:53:02;00:16:17;250,0;305,5;24,4;33,0;23,7;407,1;83,5;0,0;4,79E-2;-541,2;20,00;3,9;3,9;42,62;4,70;0,043;0,0;0,01;0,049
979;11.08.2023;11:53:03;00:16:18;250,0;305,5;24,4;33,1;23,7;404,0;83,3;0,0;4,78E-2;-541,2;20,00;3,9;3,9;42,62;4,71;0,038;0,0;0,01;0,049
980;11.08.2023;11:53:04;00:16:19;250,0;301,4;24,4;32,9;23,7;402,5;83,2;0,0;4,78E-2;-541,2;20,00;3,9;3,9;42,62;4,71;0,034;0,0;0,01;0,049
981;11.08.2023;11:53:05;00:16:20;250,0;301,4;24,3;32,9;23,7;399,3;83,1;0,0;4,77E-2;-541,2;20,00;3,9;4,0;42,62;4,71;0,040;0,0;0,01;0,049
982;11.08.2023;11:53:06;00:16:21;250,0;297,3;24,3;32,8;23,6;396,2;83,0;0,0;4,77E-2;-541,2;20,00;3,9;4,0;42,62;4,71;0,044;0,0;0,01;0,049
983;11.08.2023;11:53:07;00:16:22;250,0;297,3;24,3;32,8;23,6;394,4;82,9;0,0;4,76E-2;-541,2;20,00;3,9;3,9;42,62;4,71;0,042;0,0;0,01;0,049
984;11.08.2023;11:53:08;00:16:23;250,0;293,3;24,2;32,6;23,6;391,3;82,7;0,0;4,76E-2;-541,2;20,00;3,9;3,9;42,62;4,71;0,038;0,0;0,01;0,049
985;11.08.2023;11:53:09;00:16:24;250,0;293,3;24,1;32,6;23,6;388,2;82,6;0,0;4,75E-2;-541,2;20,00;3,9;3,9;42,62;4,71;0,041;0,0;0,00;0,049
986;11.08.2023;11:53:10;00:16:25;250,0;293,3;24,1;32,5;23,6;386,6;82,5;0,0;4,74E-2;-541,2;20,00;3,9;3,9;42,63;4,71;0,042;0,0;0,00;0,049
987;11.08.2023;11:53:11;00:16:26;250,0;289,2;24,1;32,5;23,6;383,5;82,3;0,0;4,74E-2;-541,2;20,00;3,9;3,9;42,63;4,71;0,039;0,0;0,01;0,049
988;11.08.2023;11:53:12;00:16:27;250,0;285,5;24,0;32,4;23,6;381,9;82,3;0,0;4,74E-2;-541,2;20,00;3,9;3,9;42,63;4,71;0,034;0,0;0,01;0,049
989;11.08.2023;11:53:13;00:16:28;250,0;285,5;24,0;32,4;23,6;378,5;82,1;0,0;4,73E-2;-541,2;20,00;3,9;3,9;42,63;4,71;0,036;0,0;0,00;0,049
990;11.08.2023;11:53:14;00:16:29;250,0;281,9;24,0;32,3;23,6;375,4;81,9;0,0;4,73E-2;-541,2;20,00;3,9;3,9;42,63;4,71;0,037;0,0;0,00;0,049
991;11.08.2023;11:53:15;00:16:30;250,0;281,9;24,0;32,3;23,6;373,9;81,8;0,0;4,72E-2;-541,2;20,00;3,9;3,9;42,63;4,71;0,038;0,0;0,01;0,049
992;11.08.2023;11:53:16;00:16:31;250,0;278,3;23,9;32,1;23,6;370,7;81,7;0,0;4,71E-2;-541,2;20,00;3,9;3,9;42,63;4,71;0,035;0,0;0,01;0,049
993;11.08.2023;11:53:17;00:16:32;250,0;274,7;23,8;32,0;23,6;367,6;81,5;0,0;4,71E-2;-541,2;20,00;3,9;3,8;42,63;4,72;0,036;0,0;0,00;0,049
994;11.08.2023;11:53:18;00:16:33;250,0;274,7;23,8;32,0;23,6;366,1;81,4;0,0;4,70E-2;-541,2;20,00;3,9;3,8;42,63;4,72;0,038;0,0;0,01;0,049
995;11.08.2023;11:53:19;00:16:34;250,0;274,7;23,8;32,0;23,6;362,7;81,2;0,0;4,70E-2;-541,2;20,00;3,9;3,9;42,63;4,72;0,037;0,0;0,01;0,049
996;11.08.2023;11:53:20;00:16:35;250,0;271,1;23,8;31,9;23,6;359,6;81,0;0,0;4,70E-2;-541,2;20,00;3,9;3,9;42,63;4,72;0,035;0,0;0,00;0,049
997;11.08.2023;11:53:21;00:16:36;250,0;271,1;23,8;31,9;23,6;358,0;80,9;0,0;4,69E-2;-541,2;20,00;3,9;3,9;42,63;4,72;0,036;0,0;0,01;0,049
998;11.08.2023;11:53:22;00:16:37;250,0;267,6;23,7;31,8;23,6;354,9;80,8;0,0;4,69E-2;-541,2;20,00;3,9;3,9;42,63;4,72;0,041;0,0;0,00;0,049
999;11.08.2023;11:53:23;00:16:38;250,0;267,7;23,8;31,8;23,6;351,8;80,6;0,0;4,68E-2;-541,2;20,00;3,9;3,9;42,63;4,72;0,039;0,0;0,01;0,049
1000;11.08.2023;11:53:24;00:16:39;250,0;264,0;23,7;31,7;23,6;350,2;80,5;0,0;4,68E-2;-541,2;20,00;3,9;3,9;42,63;4,72;0,039;0,0;0,00;0,049
1001;11.08.2023;11:53:25;00:16:40;250,0;264,0;23,6;31,7;23,6;346,8;80,3;0,0;4,67E-2;-541,2;20,00;3,9;3,9;42,64;4,72;0,038;0,0;0,01;0,049
1002;11.08.2023;11:53:26;00:16:41;250,0;264,0;23,6;31,7;23,6;345,3;80,2;0,0;4,67E-2;-541,2;20,00;3,9;3,9;42,63;4,72;0,038;0,0;0,00;0,049
1003;11.08.2023;11:53:27;00:16:42;250,0;260,3;23,6;31,6;23,6;342,1;80,0;0,0;4,66E-2;-541,2;20,00;3,9;3,8;42,64;4,72;0,035;0,0;0,00;0,049
1004;11.08.2023;11:53:28;00:16:43;250,0;256,6;23,5;31,4;23,6;339,0;79,8;0,0;4,66E-2;-541,2;20,00;3,9;3,9;42,64;4,72;0,035;0,0;0,01;0,049
1005;11.08.2023;11:53:29;00:16:44;250,0;256,6;23,5;31,4;23,6;337,5;79,7;0,0;4,66E-2;-541,2;20,00;3,9;3,9;42,64;4,72;0,037;0,0;0,01;0,049
1006;11.08.2023;11:53:30;00:16:45;250,0;256,6;23,5;31,3;23,6;334,3;79,5;0,0;4,65E-2;-541,2;20,00;3,9;3,9;42,64;4,72;0,039;0,0;0,00;0,049
1007;11.08.2023;11:53:31;00:16:46;250,0;253,0;23,5;31,3;23,6;331,0;79,3;0,0;4,65E-2;-541,2;20,00;3,9;3,9;42,64;4,72;0,037;0,0;0,00;0,049
1008;11.08.2023;11:53:32;00:16:47;250,0;249,7;23,4;31,2;23,6;329,4;79,2;0,0;4,64E-2;-541,2;20,00;3,9;3,9;42,64;4,72;0,035;0,0;0,01;0,049
1009;11.08.2023;11:53:33;00:16:48;250,0;249,7;23,3;31,2;23,6;326,3;79,0;0,0;4,63E-2;-541,2;20,00;3,9;3,9;42,64;4,72;0,036;0,0;0,00;0,049
1010;11.08.2023;11:53:34;00:16:49;250,0;246,2;23,3;31,1;23,6;323,2;78,8;0,0;4,63E-2;-541,2;20,00;3,9;3,9;42,64;4,72;0,036;0,0;0,01;0,049
1011;11.08.2023;11:53:35;00:16:50;250,0;246,2;23,3;31,1;23,6;321,6;78,6;0,0;4,63E-2;-541,2;20,00;3,9;3,9;42,64;4,72;0,033;0,0;0,00;0,049
1012;11.08.2023;11:53:36;00:16:51;250,0;242,8;23,3;30,9;23,5;318,5;78,4;0,0;4,62E-2;-541,2;20,00;3,9;3,9;42,64;4,72;0,029;0,0;0,01;0,049
1013;11.08.2023;11:53:37;00:16:52;250,0;242,8;23,3;30,9;23,5;316,9;78,3;0,0;4,62E-2;-541,2;20,00;3,9;3,9;42,64;4,73;0,028;0,0;0,01;0,049
1014;11.08.2023;11:53:38;00:16:53;250,0;242,8;23,2;30,8;23,5;313,5;78,1;0,0;4,62E-2;-541,2;20,00;3,9;3,8;42,64;4,73;0,027;0,0;0,00;0,050
1015;11.08.2023;11:53:39;00:16:54;250,0;239,4;23,2;30,8;23,5;310,4;77,9;0,0;4,61E-2;-541,2;20,00;3,9;3,8;42,64;4,73;0,030;0,0;0,01;0,049
1016;11.08.2023;11:53:40;00:16:55;250,0;236,1;23,1;30,7;23,5;308,9;77,8;0,0;4,61E-2;-541,2;20,00;3,9;3,9;42,64;4,73;0,031;0,0;0,00;0,049
1017;11.08.2023;11:53:41;00:16:56;250,0;236,1;23,1;30,7;23,5;305,7;77,5;0,0;4,60E-2;-541,2;20,00;3,9;3,9;42,64;4,73;0,030;0,0;0,01;0,049
1018;11.08.2023;11:53:42;00:16:57;250,0;232,9;23,1;30,6;23,5;302,6;77,3;0,0;4,60E-2;-541,2;20,00;3,9;3,9;42,64;4,73;0,034;0,0;0,00;0,049
1019;11.08.2023;11:53:43;00:16:58;250,0;233,0;23,1;30,6;23,5;300,8;77,2;0,0;4,59E-2;-541,2;20,00;3,9;3,9;42,64;4,73;0,033;0,0;0,00;0,049
1020;11.08.2023;11:53:44;00:16:59;250,0;233,0;23,0;30,5;23,5;297,7;76,9;0,0;4,59E-2;-541,2;20,00;3,9;3,9;42,64;4,73;0,034;0,0;0,00;0,049
1021;11.08.2023;11:53:45;00:17:00;250,0;229,6;23,0;30,5;23,5;294,6;76,7;0,0;4,58E-2;-541,2;20,00;3,9;3,9;42,65;4,73;0,036;0,0;0,01;0,049
1022;11.08.2023;11:53:46;00:17:01;250,0;229,6;23,0;30,5;23,5;293,0;76,6;0,0;4,58E-2;-541,2;20,00;3,9;3,9;42,65;4,73;0,034;0,0;0,01;0,049
1023;11.08.2023;11:53:47;00:17:02;250,0;226,3;23,0;30,4;23,5;289,9;76,3;0,0;4,58E-2;-541,2;20,00;3,9;3,9;42,65;4,73;0,035;0,0;0,01;0,049
1024;11.08.2023;11:53:48;00:17:03;250,0;226,3;22,9;30,2;23,5;286,8;76,1;0,0;4,57E-2;-541,2;20,00;3,9;3,9;42,65;4,73;0,034;0,0;0,00;0,049
1025;11.08.2023;11:53:49;00:17:04;250,0;222,9;22,9;30,2;23,5;284,9;75,9;0,0;4,57E-2;-541,2;20,00;3,9;3,9;42,65;4,73;0,035;0,0;0,01;0,049
1026;11.08.2023;11:53:50;00:17:05;250,0;219,6;22,8;30,1;23,5;281,8;75,7;0,0;4,57E-2;-541,2;20,00;3,9;3,9;42,65;4,73;0,035;0,0;0,01;0,049
1027;11.08.2023;11:53:51;00:17:06;250,0;219,6;22,8;30,1;23,5;280,3;75,6;0,0;4,57E-2;-541,2;20,00;3,9;3,9;42,65;4,73;0,031;0,0;0,01;0,049
1028;11.08.2023;11:53:52;00:17:07;250,0;216,6;22,8;30,0;23,5;277,1;75,3;0,0;4,56E-2;-541,2;20,00;3,9;3,9;42,65;4,73;0,033;0,0;0,01;0,049
1029;11.08.2023;11:53:53;00:17:08;250,0;216,6;22,7;30,0;23,5;274,0;75,1;0,0;4,56E-2;-541,2;20,00;3,9;3,9;42,65;4,73;0,033;0,0;0,01;0,049
1030;11.08.2023;11:53:54;00:17:09;250,0;216,6;22,7;30,0;23,5;272,5;74,9;0,0;4,55E-2;-541,2;20,00;3,9;3,9;42,65;4,74;0,033;0,0;0,01;0,049
1031;11.08.2023;11:53:55;00:17:10;250,0;213,6;22,7;29,9;23,5;269,1;74,7;0,0;4,55E-2;-541,2;20,00;3,9;3,8;42,65;4,74;0,031;0,0;0,01;0,049
1032;11.08.2023;11:53:56;00:17:11;250,0;210,6;22,7;29,8;23,4;266,0;74,4;0,0;4,54E-2;-541,2;20,00;3,9;3,9;42,65;4,74;0,037;0,0;0,01;0,049
1033;11.08.2023;11:53:57;00:17:12;250,0;210,6;22,7;29,8;23,4;264,4;74,3;0,0;4,54E-2;-541,2;20,00;3,9;3,9;42,65;4,74;0,038;0,0;0,00;0,049
1034;11.08.2023;11:53:58;00:17:13;250,0;207,7;22,6;29,6;23,4;261,3;74,0;0,0;4,53E-2;-541,2;20,00;3,9;3,9;42,65;4,74;0,039;0,0;0,01;0,049
1035;11.08.2023;11:53:59;00:17:14;250,0;207,7;22,6;29,6;23,4;258,2;73,7;0,0;4,53E-2;-541,2;20,00;3,9;3,9;42,65;4,74;0,039;0,0;0,01;0,049
1036;11.08.2023;11:54:00;00:17:15;250,0;204,8;22,6;29,5;23,4;256,6;73,6;0,0;4,53E-2;-541,2;20,00;3,9;3,8;42,65;4,74;0,034;0,0;0,01;0,049
1037;11.08.2023;11:54:01;00:17:16;250,0;204,8;22,5;29,4;23,4;253,2;73,3;0,0;4,53E-2;-541,2;20,00;3,9;3,8;42,65;4,74;0,035;0,0;0,00;0,049
1038;11.08.2023;11:54:02;00:17:17;250,0;201,9;22,5;29,4;23,4;251,7;73,2;0,0;4,53E-2;-541,2;20,00;3,9;3,8;42,65;4,74;0,035;0,0;0,00;0,049
1039;11.08.2023;11:54:03;00:17:18;250,0;201,9;22,5;29,4;23,4;248,5;72,9;0,0;4,52E-2;-541,2;20,00;3,9;3,8;42,66;4,74;0,033;0,0;0,00;0,049
1040;11.08.2023;11:54:04;00:17:19;250,0;201,9;22,4;29,3;23,4;245,4;72,6;0,0;4,52E-2;-541,2;20,00;3,9;3,9;42,66;4,74;0,035;0,0;0,00;0,049
1041;11.08.2023;11:54:05;00:17:20;250,0;198,9;22,4;29,3;23,4;243,9;72,5;0,0;4,51E-2;-541,2;20,00;3,9;3,9;42,66;4,74;0,032;0,0;0,00;0,049
1042;11.08.2023;11:54:06;00:17:21;250,0;198,9;22,4;29,2;23,4;240,7;72,2;0,0;4,51E-2;-541,2;20,00;3,9;3,9;42,66;4,74;0,030;0,0;0,00;0,049
1043;11.08.2023;11:54:07;00:17:22;250,0;195,9;22,4;29,2;23,4;237,4;71,9;0,0;4,50E-2;-541,2;20,00;3,9;3,9;42,66;4,74;0,031;0,0;0,01;0,049
1044;11.08.2023;11:54:08;00:17:23;250,0;192,9;22,3;29,0;23,4;235,8;71,7;0,0;4,50E-2;-541,2;20,00;3,9;3,9;42,66;4,74;0,031;0,0;0,01;0,049
1045;11.08.2023;11:54:09;00:17:24;250,0;192,9;22,2;29,0;23,3;232,7;71,4;0,0;4,50E-2;-541,2;20,00;3,9;3,9;42,66;4,74;0,034;0,0;0,01;0,049
1046;11.08.2023;11:54:10;00:17:25;250,0;190,0;22,2;28,9;23,3;229,6;71,1;0,0;4,49E-2;-541,2;20,00;3,9;3,9;42,66;4,74;0,034;0,0;0,01;0,049
1047;11.08.2023;11:54:11;00:17:26;250,0;190,0;22,2;28,9;23,3;228,0;71,0;0,0;4,49E-2;-541,2;20,00;3,9;3,8;42,66;4,74;0,031;0,0;0,01;0,049
1048;11.08.2023;11:54:12;00:17:27;250,0;187,2;22,2;28,8;23,3;224,9;70,7;0,0;4,49E-2;-541,2;20,00;3,9;3,9;42,66;4,75;0,033;0,0;0,00;0,049
1049;11.08.2023;11:54:13;00:17:28;250,0;187,2;22,2;28,7;23,3;221,5;70,4;0,0;4,48E-2;-541,2;20,00;3,9;3,9;42,66;4,75;0,034;0,0;0,00;0,049
1050;11.08.2023;11:54:14;00:17:29;250,0;187,2;22,2;28,7;23,3;219,9;70,2;0,0;4,48E-2;-541,2;20,00;3,9;3,9;42,66;4,75;0,026;0,0;0,01;0,049
1051;11.08.2023;11:54:15;00:17:30;250,0;184,6;22,2;28,7;23,3;216,8;69,9;0,0;4,48E-2;-541,2;20,00;3,9;3,9;42,66;4,75;0,029;0,0;0,01;0,049
1052;11.08.2023;11:54:16;00:17:31;250,0;181,9;22,1;28,6;23,3;215,3;69,8;0,0;4,48E-2;-541,2;20,00;3,9;3,9;42,66;4,75;0,030;0,0;0,01;0,049
1053;11.08.2023;11:54:17;00:17:32;250,0;181,9;22,1;28,6;23,3;212,1;69,5;0,0;4,47E-2;-541,2;20,00;3,9;3,9;42,66;4,75;0,027;0,0;0,01;0,049
1054;11.08.2023;11:54:18;00:17:33;250,0;179,3;22,1;28,5;23,3;209,0;69,1;0,0;4,46E-2;-541,2;20,00;3,9;3,9;42,66;4,75;0,029;0,0;0,00;0,049
1055;11.08.2023;11:54:19;00:17:34;250,0;179,3;22,1;28,5;23,3;207,5;69,0;0,0;4,46E-2;-541,2;20,00;3,9;3,9;42,66;4,75;0,028;0,0;0,01;0,049
1056;11.08.2023;11:54:20;00:17:35;250,0;176,6;22,0;28,4;23,3;204,1;68,6;0,0;4,46E-2;-541,2;20,00;3,9;3,9;42,66;4,75;0,026;0,0;0,00;0,049
1057;11.08.2023;11:54:21;00:17:36;250,0;176,6;21,9;28,4;23,3;201,0;68,3;0,0;4,45E-2;-541,2;20,00;3,9;3,9;42,66;4,75;0,032;0,0;0,01;0,049
1058;11.08.2023;11:54:22;00:17:37;250,0;176,6;21,9;28,4;23,3;199,4;68,2;0,0;4,45E-2;-541,2;20,00;3,9;3,9;42,66;4,75;0,029;0,0;0,01;0,049
1059;11.08.2023;11:54:23;00:17:38;250,0;173,9;21,9;28,3;23,2;196,3;67,8;0,0;4,45E-2;-541,2;20,00;3,9;3,9;42,67;4,75;0,028;0,0;0,01;0,049
1060;11.08.2023;11:54:24;00:17:39;250,0;173,9;21,8;28,2;23,2;193,2;67,5;0,0;4,45E-2;-541,2;20,00;3,9;3,9;42,67;4,75;0,023;0,0;0,01;0,049
1061;11.08.2023;11:54:25;00:17:40;250,0;171,1;21,8;28,1;23,2;191,6;67,3;0,0;4,44E-2;-541,2;20,00;3,9;3,9;42,67;4,75;0,026;0,0;0,01;0,049
1062;11.08.2023;11:54:26;00:17:41;250,0;168,3;21,8;28,0;23,2;188,2;67,0;0,0;4,44E-2;-541,2;20,00;3,9;3,8;42,67;4,75;0,026;0,0;0,00;0,049
1063;11.08.2023;11:54:27;00:17:42;250,0;168,3;21,8;28,0;23,2;185,1;66,7;0,0;4,43E-2;-541,2;20,00;3,9;3,9;42,67;4,75;0,030;0,0;0,00;0,049
1064;11.08.2023;11:54:28;00:17:43;250,0;168,3;21,7;27,9;23,2;183,5;66,5;0,0;4,43E-2;-541,2;20,00;3,9;3,9;42,67;4,75;0,030;0,0;0,01;0,049
1065;11.08.2023;11:54:29;00:17:44;250,0;165,6;21,7;27,9;23,1;180,4;66,2;0,0;4,43E-2;-541,2;20,00;3,9;3,9;42,67;4,75;0,025;0,0;0,01;0,049
1066;11.08.2023;11:54:30;00:17:45;250,0;165,6;21,7;27,9;23,1;178,9;66,0;0,0;4,42E-2;-541,2;20,00;3,9;3,9;42,67;4,75;0,027;0,0;0,01;0,049
1067;11.08.2023;11:54:31;00:17:46;250,0;163,0;21,7;27,8;23,1;175,7;65,6;0,0;4,42E-2;-541,2;20,00;3,9;3,9;42,67;4,75;0,025;0,0;0,01;0,049
1068;11.08.2023;11:54:32;00:17:47;250,0;160,6;21,6;27,7;23,1;172,4;65,3;0,0;4,41E-2;-541,2;20,00;3,9;3,9;42,67;4,75;0,028;0,0;0,01;0,049
1069;11.08.2023;11:54:33;00:17:48;250,0;160,6;21,6;27,7;23,1;170,8;65,1;0,0;4,41E-2;-541,2;20,00;3,9;3,9;42,67;4,76;0,031;0,0;0,01;0,049
1070;11.08.2023;11:54:34;00:17:49;250,0;160,6;21,6;27,6;23,1;167,7;64,7;0,0;4,41E-2;-541,2;20,00;3,9;3,9;42,67;4,76;0,031;0,0;0,01;0,049
1071;11.08.2023;11:54:35;00:17:50;250,0;158,1;21,6;27,6;23,1;164,6;64,4;0,0;4,41E-2;-541,2;20,00;3,9;3,9;42,67;4,76;0,034;0,0;0,01;0,049
1072;11.08.2023;11:54:36;00:17:51;250,0;155,7;21,5;27,5;23,1;163,0;64,2;0,0;4,41E-2;-541,2;20,00;3,9;3,8;42,67;4,76;0,032;0,0;0,01;0,049
1073;11.08.2023;11:54:37;00:17:52;250,0;155,7;21,5;27,5;23,1;159,9;63,9;0,0;4,40E-2;-541,2;20,00;3,9;3,9;42,67;4,76;0,031;0,0;0,00;0,049
1074;11.08.2023;11:54:38;00:17:53;250,0;153,4;21,5;27,4;23,1;156,5;63,5;0,0;4,40E-2;-541,2;20,00;3,9;3,9;42,67;4,76;0,028;0,0;0,01;0,049
1075;11.08.2023;11:54:39;00:17:54;250,0;153,4;21,5;27,4;23,1;154,9;63,3;0,0;4,40E-2;-541,2;20,00;3,9;3,9;42,67;4,76;0,030;0,0;0,01;0,049
1076;11.08.2023;11:54:40;00:17:55;250,0;151,0;21,5;27,3;23,1;151,8;62,9;0,0;4,39E-2;-541,2;20,00;3,9;3,9;42,67;4,76;0,032;0,0;0,00;0,049
1077;11.08.2023;11:54:41;00:17:56;250,0;151,0;21,5;27,3;23,1;150,3;62,7;0,0;4,39E-2;-541,2;20,00;3,9;3,9;42,67;4,76;0,029;0,0;0,01;0,049
1078;11.08.2023;11:54:42;00:17:57;250,0;151,0;21,4;27,2;23,1;147,1;62,4;0,0;4,39E-2;-541,2;20,00;3,9;3,9;42,67;4,76;0,023;0,0;0,01;0,049
1079;11.08.2023;11:54:43;00:17:58;250,0;148,7;21,4;27,2;23,1;144,0;62,0;0,0;4,38E-2;-541,2;20,00;3,9;3,8;42,67;4,76;0,023;0,0;0,00;0,049
1080;11.08.2023;11:54:44;00:17:59;250,0;148,7;21,4;27,1;23,1;142,2;61,8;0,0;4,38E-2;-541,2;20,00;3,9;3,9;42,68;4,76;0,025;0,0;0,01;0,049
1081;11.08.2023;11:54:45;00:18:00;250,0;146,3;21,4;27,1;23,1;139,1;61,4;0,0;4,37E-2;-541,2;20,00;3,9;3,9;42,68;4,76;0,025;0,0;0,01;0,049
1082;11.08.2023;11:54:46;00:18:01;250,0;143,9;21,3;27,0;23,1;136,0;61,0;0,0;4,37E-2;-541,2;20,00;3,9;3,9;42,68;4,76;0,025;0,0;0,00;0,049
1083;11.08.2023;11:54:47;00:18:02;250,0;143,9;21,3;27,0;23,1;134,4;60,9;0,0;4,37E-2;-541,2;20,00;3,9;3,9;42,68;4,76;0,024;0,0;0,01;0,049
1084;11.08.2023;11:54:48;00:18:03;250,0;141,5;21,3;26,9;23,1;131,3;60,5;0,0;4,36E-2;-541,2;20,00;3,9;3,9;42,68;4,76;0,026;0,0;0,00;0,049
1085;11.08.2023;11:54:49;00:18:04;250,0;141,5;21,3;26,9;23,1;128,2;60,1;0,0;4,36E-2;-541,2;20,00;3,9;3,8;42,68;4,76;0,018;0,0;0,00;0,049
1086;11.08.2023;11:54:50;00:18:05;250,0;141,5;21,2;26,9;23,1;126,3;59,9;0,0;4,36E-2;-541,2;20,00;3,9;3,9;42,68;4,76;0,020;0,0;0,01;0,049
1087;11.08.2023;11:54:51;00:18:06;250,0;139,2;21,2;26,8;23,0;123,2;59,5;0,0;4,36E-2;-541,2;20,00;3,9;3,9;42,68;4,76;0,021;0,0;0,01;0,049
1088;11.08.2023;11:54:52;00:18:07;250,0;137,0;21,2;26,8;23,0;120,1;59,1;0,0;4,36E-2;-541,2;20,00;3,9;3,8;42,68;4,76;0,022;0,0;0,01;0,049
1089;11.08.2023;11:54:53;00:18:08;250,0;137,0;21,2;26,8;23,0;118,5;58,9;0,0;4,36E-2;-541,2;20,00;3,9;3,9;42,68;4,76;0,022;0,0;0,00;0,049
1090;11.08.2023;11:54:54;00:18:09;250,0;134,9;21,2;26,7;23,0;115,4;58,5;0,0;4,35E-2;-541,2;20,00;3,9;3,9;42,68;4,76;0,025;0,0;0,01;0,049
1091;11.08.2023;11:54:55;00:18:10;250,0;134,9;21,2;26,7;23,0;113,9;58,3;0,0;4,35E-2;-541,2;20,00;3,9;4,0;42,68;4,76;0,021;0,0;0,01;0,049
1092;11.08.2023;11:54:56;00:18:11;250,0;132,7;21,1;26,6;23,0;110,5;57,9;0,0;4,35E-2;-541,2;20,00;3,9;3,9;42,68;4,76;0,017;0,0;0,01;0,049
1093;11.08.2023;11:54:57;00:18:12;250,0;132,7;21,1;26,5;23,0;107,4;57,5;0,0;4,34E-2;-541,2;20,00;3,9;3,8;42,68;4,76;0,016;0,0;0,01;0,049
1094;11.08.2023;11:54:58;00:18:13;250,0;132,7;21,1;26,5;23,0;105,8;57,3;0,0;4,34E-2;-541,2;20,00;3,9;3,8;42,68;4,77;0,018;0,0;0,00;0,049
1095;11.08.2023;11:54:59;00:18:14;250,0;130,7;21,1;26,5;23,0;102,7;56,8;0,0;4,34E-2;-541,2;20,00;3,9;4,0;42,68;4,77;0,026;0,0;0,01;0,049
1096;11.08.2023;11:55:00;00:18:15;250,0;128,6;21,0;26,4;23,0;99,6;56,4;0,0;4,33E-2;-541,2;20,00;3,9;3,9;42,68;4,77;0,027;0,0;0,00;0,049
1097;11.08.2023;11:55:01;00:18:16;250,0;128,6;21,0;26,4;23,0;98,0;56,2;0,0;4,33E-2;-541,2;20,00;3,9;3,9;42,68;4,77;0,030;0,0;0,01;0,049
1098;11.08.2023;11:55:02;00:18:17;250,0;126,5;21,0;26,3;23,0;94,6;55,8;0,0;4,33E-2;-541,2;20,00;3,9;3,9;42,68;4,77;0,033;0,0;0,01;0,049
1099;11.08.2023;11:55:03;00:18:18;250,0;126,6;21,1;26,4;23,0;91,5;55,4;0,0;4,33E-2;-541,2;20,00;3,9;3,9;42,68;4,77;0,036;0,0;0,01;0,049
1100;11.08.2023;11:55:04;00:18:19;250,0;126,6;21,0;26,3;23,0;89,9;55,2;0,0;4,32E-2;-541,2;20,00;3,9;3,9;42,68;4,77;0,035;0,0;0,01;0,049
1101;11.08.2023;11:55:05;00:18:20;250,0;124,4;21,0;26,3;23,0;86,8;54,7;0,0;4,32E-2;-541,2;20,00;3,9;3,9;42,68;4,77;0,025;0,0;0,01;0,049
1102;11.08.2023;11:55:06;00:18:21;250,0;122,3;21,0;26,2;23,0;83,7;54,3;0,0;4,32E-2;-541,2;20,00;3,9;3,9;42,68;4,77;0,027;0,0;0,01;0,049
1103;11.08.2023;11:55:07;00:18:22;250,0;122,3;21,0;26,2;23,0;82,1;54,1;0,0;4,32E-2;-541,2;20,00;3,9;3,9;42,68;4,77;0,023;0,0;0,01;0,049
1104;11.08.2023;11:55:08;00:18:23;250,0;122,3;20,9;26,2;23,0;78,8;53,6;0,0;4,32E-2;-541,2;20,00;3,9;3,9;42,69;4,77;0,023;0,0;0,01;0,049
1105;11.08.2023;11:55:09;00:18:24;250,0;120,1;20,9;26,1;23,0;77,2;53,4;0,0;4,31E-2;-541,2;20,00;3,9;4,0;42,69;4,77;0,027;0,0;0,01;0,049
1106;11.08.2023;11:55:10;00:18:25;250,0;120,1;20,9;26,0;23,0;74,1;53,0;0,0;4,31E-2;-541,2;20,00;3,9;3,9;42,69;4,77;0,027;0,0;0,01;0,049
1107;11.08.2023;11:55:11;00:18:26;250,0;118,0;20,9;26,0;23,0;71,0;52,6;0,0;4,31E-2;-541,2;20,00;3,9;3,9;42,69;4,77;0,026;0,0;0,01;0,049
1108;11.08.2023;11:55:12;00:18:27;250,0;118,0;20,9;25,9;23,0;69,4;52,3;0,0;4,31E-2;-541,2;20,00;3,9;3,9;42,69;4,77;0,027;0,0;0,01;0,049
1109;11.08.2023;11:55:13;00:18:28;250,0;116,1;20,9;25,9;23,0;66,3;51,9;0,0;4,31E-2;-541,2;20,00;3,9;4,0;42,69;4,77;0,026;0,0;0,01;0,049
1110;11.08.2023;11:55:14;00:18:29;250,0;114,3;20,8;25,8;23,0;62,9;51,4;0,0;4,30E-2;-541,2;20,00;3,9;3,9;42,69;4,77;0,024;0,0;0,01;0,051
1111;11.08.2023;11:55:15;00:18:30;250,0;114,3;20,8;25,8;23,0;61,3;51,2;0,0;4,30E-2;-541,2;20,00;3,9;3,9;42,69;4,77;0,022;0,0;0,01;0,049
1112;11.08.2023;11:55:16;00:18:31;250,0;112,4;20,8;25,7;23,0;58,2;50,8;0,0;4,30E-2;-541,2;20,00;3,9;3,9;42,69;4,77;0,024;0,0;0,01;0,049
1113;11.08.2023;11:55:17;00:18:32;250,0;112,4;20,8;25,7;22,9;55,1;50,3;0,0;4,29E-2;-541,2;20,00;3,9;3,9;42,69;4,77;0,026;0,0;0,01;0,049
1114;11.08.2023;11:55:18;00:18:33;250,0;112,4;20,8;25,7;22,9;53,5;50,1;0,0;4,29E-2;-541,2;20,00;3,9;3,9;42,69;4,77;0,023;0,0;0,01;0,049
1115;11.08.2023;11:55:19;00:18:34;250,0;110,7;20,8;25,7;22,9;50,4;49,6;0,0;4,29E-2;-541,2;20,00;3,9;3,9;42,69;4,77;0,021;0,0;0,00;0,049
1116;11.08.2023;11:55:20;00:18:35;250,0;108,9;20,7;25,6;22,9;48,9;49,4;0,0;4,28E-2;-541,2;20,00;3,9;3,9;42,69;4,77;0,021;0,0;0,01;0,049
1117;11.08.2023;11:55:21;00:18:36;250,0;108,9;20,7;25,6;22,9;45,5;48,9;0,0;4,28E-2;-541,2;20,00;3,9;3,9;42,69;4,77;0,021;0,0;0,01;0,049
1118;11.08.2023;11:55:22;00:18:37;250,0;107,1;20,7;25,5;22,9;42,4;48,4;0,0;4,28E-2;-541,2;20,00;3,9;3,9;42,69;4,77;0,017;0,0;0,01;0,049
1119;11.08.2023;11:55:23;00:18:38;250,0;107,1;20,7;25,5;22,9;40,8;48,2;0,0;4,27E-2;-541,2;20,00;3,9;3,9;42,69;4,77;0,016;0,0;0,01;0,049
1120;11.08.2023;11:55:24;00:18:39;250,0;107,2;20,6;25,5;22,9;37,7;47,7;0,0;4,27E-2;-541,2;20,00;3,9;3,9;42,69;4,78;0,014;0,0;0,01;0,049
1121;11.08.2023;11:55:25;00:18:40;250,0;105,3;20,6;25,4;22,9;34,6;47,3;0,0;4,27E-2;-541,2;20,00;3,9;3,9;42,69;4,78;0,015;0,0;0,01;0,049
1122;11.08.2023;11:55:26;00:18:41;250,0;105,3;20,6;25,4;22,9;33,0;47,0;0,0;4,27E-2;-541,2;20,00;3,9;3,9;42,69;4,78;0,016;0,0;0,01;0,049
1123;11.08.2023;11:55:27;00:18:42;250,0;103,5;20,6;25,3;22,9;29,6;46,5;0,0;4,27E-2;-541,2;20,00;3,9;4,0;42,69;4,78;0,016;0,0;0,00;0,049
1124;11.08.2023;11:55:28;00:18:43;250,0;103,5;20,6;25,3;22,9;26,5;46,1;0,0;4,27E-2;-541,2;20,00;3,9;3,9;42,69;4,78;0,019;0,0;0,00;0,049
1125;11.08.2023;11:55:29;00:18:44;250,0;101,7;20,6;25,3;22,9;24,9;45,8;0,0;4,26E-2;-541,2;20,00;3,9;3,9;42,69;4,78;0,020;0,0;0,00;0,049
1126;11.08.2023;11:55:30;00:18:45;250,0;101,7;20,5;25,2;22,9;21,8;45,3;0,0;4,26E-2;-541,2;20,00;3,9;3,9;42,69;4,78;0,020;0,0;0,01;0,049
1127;11.08.2023;11:55:31;00:18:46;250,0;100,0;20,5;25,2;22,9;20,0;0,0;0,0;4,26E-2;-541,2;20,00;3,0;3,8;42,68;4,77;0,019;0,0;0,00;0,049
