Nr.;Datum;Zeit;P.Zeit;AV Pyro top;AV Control TC;AV Piston TC Top;AV Piston TC Bot;AV Transformer T;SV Temperature  ;AV CZ Output;AV abs. pressure;Vacuum;AV rel. pressure;SV Rel. Pressure;SV Force        ;AV Force;AV Abs. Piston T;AV Rel. Piston T;AV Speed;Power;U RMS;I RMS
;;;;°C;°C;°C;°C;°C;°C    ;%;mbar(a;mbar(a;mbar(g;mbar(g;kN    ;kN;mm;mm;mm/min;kW;V;kA
1;14.07.2023;11:19:06;00:00:00;250,0;21,4;19,5;18,7;20,0;20,0;0,0;1004,7;1,00E3;-3,6;20,00;3,0;3,0;37,24;0,00;0,007;0,0;0,01;0,049
2;14.07.2023;11:19:07;00:00:01;250,0;21,4;19,5;18,7;20,0;20,0;0,0;1004,7;1,00E3;-3,7;20,00;3,0;3,0;37,24;0,00;0,004;0,0;0,00;0,049
3;14.07.2023;11:19:08;00:00:02;250,0;21,3;19,5;18,7;20,0;20,0;0,0;1004,5;1,00E3;-3,7;20,00;3,0;3,0;37,24;0,00;0,000;0,0;0,00;0,049
4;14.07.2023;11:19:09;00:00:03;250,0;21,3;19,5;18,7;20,0;20,0;0,0;1004,4;1,00E3;-3,9;20,00;3,0;3,0;37,24;0,00;0,001;0,0;0,00;0,049
5;14.07.2023;11:19:10;00:00:04;250,0;21,2;19,5;18,7;20,0;20,0;0,0;1004,2;1,00E3;-4,0;20,00;3,0;3,0;37,24;0,00;-0,002;0,0;0,01;0,049
6;14.07.2023;11:19:11;00:00:05;250,0;21,2;19,5;18,7;20,0;20,0;0,0;1004,1;1,00E3;-4,0;20,00;3,0;3,0;37,24;0,00;-0,004;0,0;0,00;0,049
7;14.07.2023;11:19:12;00:00:06;250,0;21,1;19,5;18,6;20,0;20,0;0,0;1004,0;1,00E3;-4,3;20,00;3,0;3,0;37,24;0,00;-0,005;0,0;0,00;0,049
8;14.07.2023;11:19:13;00:00:07;250,0;21,1;19,5;18,6;19,9;20,0;0,0;1003,8;1,00E3;-4,3;20,00;3,0;3,0;37,24;0,00;-0,004;0,0;0,00;0,049
9;14.07.2023;11:19:14;00:00:08;250,0;21,1;19,4;18,6;19,9;20,0;0,0;1003,8;1,00E3;-4,5;20,00;3,0;3,0;37,24;0,00;-0,003;0,0;0,01;0,049
10;14.07.2023;11:19:15;00:00:09;250,0;21,0;19,4;18,6;19,9;20,0;0,0;957,4;9,57E2;-46,4;20,00;3,0;3,0;37,24;0,00;-0,004;0,0;0,00;0,049
11;14.07.2023;11:19:16;00:00:10;250,0;21,0;19,4;18,6;19,9;20,0;0,0;908,3;9,08E2;-97,5;20,00;3,0;3,0;37,24;0,00;0,000;0,0;0,00;0,049
12;14.07.2023;11:19:17;00:00:11;250,0;21,0;19,4;18,6;19,9;20,0;0,0;884,8;8,85E2;-119,5;20,00;3,0;3,0;37,24;0,00;0,006;0,0;0,00;0,049
13;14.07.2023;11:19:18;00:00:12;250,0;21,0;19,4;18,5;19,9;20,0;0,0;839,3;8,39E2;-167,3;20,00;3,0;3,0;37,24;0,01;0,034;0,0;0,01;0,049
14;14.07.2023;11:19:19;00:00:13;250,0;20,9;19,4;18,5;19,9;20,0;0,0;803,8;8,04E2;-201,9;20,00;3,0;3,0;37,24;0,01;0,053;0,0;0,01;0,049
15;14.07.2023;11:19:20;00:00:14;250,0;20,8;19,4;18,5;19,9;20,0;0,0;785,8;7,86E2;-221,2;20,00;3,0;3,0;37,24;0,01;0,058;0,0;0,00;0,049
16;14.07.2023;11:19:21;00:00:15;250,0;20,8;19,4;18,5;19,9;20,0;0,0;752,5;7,53E2;-252,9;20,00;3,0;3,0;37,24;0,01;0,070;0,0;0,01;0,049
17;14.07.2023;11:19:22;00:00:16;250,0;20,7;19,4;18,4;19,9;20,0;0,0;720,8;7,21E2;-285,4;20,00;3,0;3,0;37,25;0,01;0,082;0,0;0,01;0,049
18;14.07.2023;11:19:23;00:00:17;250,0;20,7;19,4;18,4;19,9;20,0;0,0;705,9;7,06E2;-299,7;20,00;3,0;3,0;37,25;0,01;0,084;0,0;0,01;0,049
19;14.07.2023;11:19:24;00:00:18;250,0;20,7;19,4;18,3;20,0;20,0;0,0;675,2;6,75E2;-331,6;20,00;3,0;3,0;37,25;0,01;0,088;0,0;0,00;0,049
20;14.07.2023;11:19:25;00:00:19;250,0;20,7;19,4;18,3;20,0;20,0;0,0;661,6;6,62E2;-344,7;20,00;3,0;3,0;37,25;0,02;0,088;0,0;0,01;0,049
21;14.07.2023;11:19:26;00:00:20;250,0;20,6;19,4;18,2;20,0;20,0;0,0;633,7;6,34E2;-371,9;20,00;3,0;3,0;37,25;0,02;0,091;0,0;0,01;0,049
22;14.07.2023;11:19:27;00:00:21;250,0;20,6;19,4;18,1;20,0;20,0;0,0;609,5;6,09E2;-395,8;20,00;3,0;3,0;37,25;0,02;0,088;0,0;0,01;0,049
23;14.07.2023;11:19:28;00:00:22;250,0;20,6;19,4;18,1;20,0;20,0;0,0;597,2;5,97E2;-409,2;20,00;3,0;3,0;37,25;0,02;0,084;0,0;0,01;0,049
24;14.07.2023;11:19:29;00:00:23;250,0;20,5;19,4;18,1;20,0;20,0;0,0;573,9;5,74E2;-431,4;20,00;3,0;3,0;37,26;0,02;0,080;0,0;0,01;0,049
25;14.07.2023;11:19:30;00:00:24;250,0;20,4;19,4;17,9;20,0;20,0;0,0;550,4;5,50E2;-456,2;20,00;3,0;3,0;37,26;0,02;0,086;0,0;0,00;0,049
26;14.07.2023;11:19:31;00:00:25;250,0;20,4;19,4;17,9;20,0;20,0;0,0;538,8;5,39E2;-466,4;20,00;3,0;3,0;37,26;0,02;0,083;0,0;0,01;0,049
27;14.07.2023;11:19:32;00:00:26;250,0;20,4;19,4;17,8;20,0;20,0;0,0;518,6;5,19E2;-487,8;20,00;3,0;3,0;37,26;0,02;0,073;0,0;0,01;0,049
28;14.07.2023;11:19:33;00:00:27;250,0;20,4;19,2;17,8;19,8;20,0;0,0;498,1;4,98E2;-508,3;20,00;3,0;3,0;37,26;0,03;0,066;0,0;0,01;0,049
29;14.07.2023;11:19:34;00:00:28;250,0;20,2;19,2;17,6;19,8;20,0;0,0;488,9;4,89E2;-517,4;20,00;3,0;3,0;37,26;0,03;0,064;0,0;0,00;0,049
30;14.07.2023;11:19:35;00:00:29;250,0;20,1;19,2;17,4;19,8;20,0;0,0;469,4;4,69E2;-535,2;20,00;3,0;3,0;37,26;0,03;0,064;0,0;0,01;0,049
31;14.07.2023;11:19:36;00:00:30;250,0;20,0;19,2;17,3;19,8;20,0;0,0;449,4;4,49E2;-541,2;20,00;3,0;3,0;37,26;0,03;0,063;0,0;0,00;0,049
32;14.07.2023;11:19:37;00:00:31;250,0;20,0;19,2;17,3;19,8;20,0;0,0;440,8;4,41E2;-541,2;20,00;3,0;3,0;37,26;0,03;0,063;0,0;0,01;0,049
33;14.07.2023;11:19:38;00:00:32;250,0;20,0;19,2;17,1;19,8;20,0;0,0;424,8;4,25E2;-541,2;20,00;3,0;3,0;37,26;0,03;0,055;0,0;0,00;0,049
34;14.07.2023;11:19:39;00:00:33;250,0;19,9;19,2;17,1;19,8;20,0;0,0;416,7;4,17E2;-541,2;20,00;3,0;3,0;37,26;0,03;0,052;0,0;0,00;0,049
35;14.07.2023;11:19:40;00:00:34;250,0;19,9;19,2;17,0;19,9;20,0;0,0;400,9;4,01E2;-541,2;20,00;3,0;3,0;37,27;0,03;0,053;0,0;0,01;0,049
36;14.07.2023;11:19:41;00:00:35;250,0;19,9;19,2;17,0;19,9;20,0;0,0;385,5;3,85E2;-541,2;20,00;3,0;2,9;37,27;0,03;0,054;0,0;0,00;0,049
37;14.07.2023;11:19:42;00:00:36;250,0;19,9;19,2;16,9;19,9;20,0;0,0;376,9;3,77E2;-541,2;20,00;3,0;3,0;37,27;0,03;0,054;0,0;0,00;0,049
38;14.07.2023;11:19:43;00:00:37;250,0;19,8;19,2;16,9;19,9;20,0;0,0;362,4;3,62E2;-541,2;20,00;3,0;3,0;37,27;0,03;0,059;0,0;0,01;0,049
39;14.07.2023;11:19:44;00:00:38;250,0;19,8;19,2;16,8;19,9;20,0;0,0;348,4;3,48E2;-541,2;20,00;3,0;3,0;37,27;0,04;0,059;0,0;0,00;0,049
40;14.07.2023;11:19:45;00:00:39;250,0;19,8;19,2;16,8;19,9;20,0;0,0;341,8;3,42E2;-541,2;20,00;3,0;3,0;37,27;0,04;0,059;0,0;0,00;0,049
41;14.07.2023;11:19:46;00:00:40;250,0;19,7;19,2;16,7;19,9;20,0;0,0;328,9;3,29E2;-541,2;20,00;3,0;3,0;37,27;0,04;0,059;0,0;0,00;0,049
42;14.07.2023;11:19:47;00:00:41;250,0;19,7;19,2;16,7;19,9;20,0;0,0;316,3;3,16E2;-541,2;20,00;3,0;3,0;37,27;0,04;0,050;0,0;0,01;0,049
43;14.07.2023;11:19:48;00:00:42;250,0;19,7;19,2;16,6;19,9;20,0;0,0;309,2;3,09E2;-541,2;20,00;3,0;3,0;37,27;0,04;0,050;0,0;0,00;0,049
44;14.07.2023;11:19:49;00:00:43;250,0;19,7;19,2;16,6;19,9;20,0;0,0;297,6;2,98E2;-541,2;20,00;3,0;3,0;37,27;0,04;0,050;0,0;0,00;0,049
45;14.07.2023;11:19:50;00:00:44;250,0;19,6;19,2;16,6;19,9;20,0;0,0;291,6;2,92E2;-541,2;20,00;3,0;3,0;37,27;0,04;0,048;0,0;0,00;0,049
46;14.07.2023;11:19:51;00:00:45;250,0;19,6;19,2;16,6;19,9;20,0;0,0;280,7;2,81E2;-541,2;20,00;3,0;3,0;37,27;0,04;0,046;0,0;0,00;0,049
47;14.07.2023;11:19:52;00:00:46;250,0;19,6;19,2;16,5;19,9;20,0;0,0;269,8;2,70E2;-541,2;20,00;3,0;3,0;37,28;0,04;0,044;0,0;0,01;0,049
48;14.07.2023;11:19:53;00:00:47;250,0;19,4;19,2;16,5;19,8;20,0;0,0;264,7;2,65E2;-541,2;20,00;3,0;2,9;37,28;0,04;0,044;0,0;0,00;0,049
49;14.07.2023;11:19:54;00:00:48;250,0;19,4;19,0;16,4;19,8;20,0;0,0;253,7;2,54E2;-541,2;20,00;3,0;3,0;37,28;0,04;0,046;0,0;0,01;0,049
50;14.07.2023;11:19:55;00:00:49;250,0;19,4;19,0;16,4;19,8;20,0;0,0;244,0;2,44E2;-541,2;20,00;3,0;3,0;37,28;0,05;0,050;0,0;0,01;0,049
51;14.07.2023;11:19:56;00:00:50;250,0;19,4;19,0;16,3;19,8;20,0;0,0;239,4;2,39E2;-541,2;20,00;3,0;3,0;37,28;0,05;0,052;0,0;0,01;0,049
52;14.07.2023;11:19:57;00:00:51;250,0;19,4;19,0;16,3;19,8;20,0;0,0;230,2;2,30E2;-541,2;20,00;3,0;3,0;37,28;0,05;0,048;0,0;0,00;0,049
53;14.07.2023;11:19:58;00:00:52;250,0;19,3;19,0;16,3;19,8;20,0;0,0;221,7;2,22E2;-541,2;20,00;3,0;3,0;37,28;0,05;0,049;0,0;0,01;0,049
54;14.07.2023;11:19:59;00:00:53;250,0;19,3;19,0;16,3;19,8;20,0;0,0;217,3;2,17E2;-541,2;20,00;3,0;3,0;37,28;0,05;0,049;0,0;0,00;0,049
55;14.07.2023;11:20:00;00:00:54;250,0;19,3;19,0;16,3;19,8;20,0;0,0;208,2;2,08E2;-541,2;20,00;3,0;3,0;37,28;0,05;0,049;0,0;0,00;0,049
56;14.07.2023;11:20:01;00:00:55;250,0;19,3;19,0;16,3;19,8;20,0;0,0;200,4;2,00E2;-541,2;20,00;3,0;3,0;37,28;0,05;0,046;0,0;0,00;0,049
57;14.07.2023;11:20:02;00:00:56;250,0;19,2;19,0;16,3;19,8;20,0;0,0;196,6;1,97E2;-541,2;20,00;3,0;3,1;37,28;0,05;0,046;0,0;0,00;0,049
58;14.07.2023;11:20:03;00:00:57;250,0;19,2;19,0;16,3;19,8;20,0;0,0;189,2;1,89E2;-541,2;20,00;3,0;3,0;37,28;0,05;0,048;0,0;0,00;0,049
59;14.07.2023;11:20:04;00:00:58;250,0;19,2;19,0;16,4;19,8;20,0;0,0;185,7;1,86E2;-541,2;20,00;3,0;3,0;37,28;0,05;0,047;0,0;0,00;0,049
60;14.07.2023;11:20:05;00:00:59;250,0;19,2;19,0;16,4;19,8;20,0;0,0;178,4;1,78E2;-541,2;20,00;3,0;3,0;37,29;0,05;0,040;0,0;0,00;0,049
61;14.07.2023;11:20:06;00:01:00;250,0;19,2;19,0;16,4;19,8;20,0;0,0;171,4;1,71E2;-541,2;20,00;3,0;3,0;37,29;0,05;0,044;0,0;0,00;0,049
62;14.07.2023;11:20:07;00:01:01;250,0;19,2;19,0;16,4;19,8;20,0;0,0;164,7;1,65E2;-541,2;20,00;3,0;3,0;37,29;0,05;0,044;0,0;0,01;0,049
63;14.07.2023;11:20:08;00:01:02;250,0;19,2;19,0;16,4;19,9;20,0;0,0;151,7;1,52E2;-541,2;20,00;3,0;3,0;37,29;0,05;0,043;0,0;0,00;0,049
64;14.07.2023;11:20:09;00:01:03;250,0;19,2;19,0;16,4;19,9;20,0;0,0;139,7;1,40E2;-541,2;20,00;3,0;3,0;37,29;0,06;0,042;0,0;0,00;0,049
65;14.07.2023;11:20:10;00:01:04;250,0;19,1;19,0;16,4;19,9;20,0;0,0;134,4;1,34E2;-541,2;20,00;3,0;3,0;37,29;0,05;0,042;0,0;0,01;0,049
66;14.07.2023;11:20:11;00:01:05;250,0;19,1;19,0;16,4;19,9;20,0;0,0;124,3;1,24E2;-541,2;20,00;3,0;3,0;37,29;0,06;0,044;0,0;0,01;0,049
67;14.07.2023;11:20:12;00:01:06;250,0;19,1;19,0;16,4;19,9;20,0;0,0;114,9;1,15E2;-541,2;20,00;3,0;3,0;37,29;0,06;0,047;0,0;0,00;0,049
68;14.07.2023;11:20:13;00:01:07;250,0;19,0;19,0;16,3;19,8;20,0;0,0;110,5;1,11E2;-541,2;20,00;3,0;3,0;37,29;0,06;0,048;0,0;0,01;0,049
69;14.07.2023;11:20:14;00:01:08;250,0;19,0;18,9;16,3;19,8;20,0;0,0;102,8;1,03E2;-541,2;20,00;3,0;3,0;37,29;0,06;0,052;0,0;0,00;0,049
70;14.07.2023;11:20:15;00:01:09;250,0;18,9;18,9;16,3;19,8;20,0;0,0;95,5;9,55E1;-541,2;20,00;3,0;3,0;37,29;0,06;0,054;0,0;0,00;0,049
71;14.07.2023;11:20:16;00:01:10;250,0;18,9;18,9;16,3;19,8;20,0;0,0;91,9;9,19E1;-541,2;20,00;3,0;3,0;37,30;0,06;0,057;0,0;0,01;0,049
72;14.07.2023;11:20:17;00:01:11;250,0;18,9;18,9;16,3;19,8;20,0;0,0;85,4;8,54E1;-541,2;20,00;3,0;3,0;37,30;0,06;0,058;0,0;0,01;0,049
73;14.07.2023;11:20:18;00:01:12;250,0;18,9;18,9;16,3;19,8;20,0;0,0;82,4;8,24E1;-541,2;20,00;3,0;3,0;37,30;0,06;0,061;0,0;0,00;0,049
74;14.07.2023;11:20:19;00:01:13;250,0;18,9;18,9;16,3;19,8;20,0;0,0;76,1;7,61E1;-541,2;20,00;3,0;3,0;37,30;0,07;0,072;0,0;0,01;0,049
75;14.07.2023;11:20:20;00:01:14;250,0;18,9;18,9;16,4;19,8;20,0;0,0;70,8;7,08E1;-541,2;20,00;3,0;3,0;37,30;0,07;0,066;0,0;0,00;0,049
76;14.07.2023;11:20:21;00:01:15;250,0;18,9;18,9;16,4;19,8;20,0;0,0;68,0;6,80E1;-541,2;20,00;3,0;3,0;37,30;0,07;0,062;0,0;0,00;0,049
77;14.07.2023;11:20:22;00:01:16;250,0;18,9;18,9;16,4;19,8;20,0;0,0;63,0;6,30E1;-541,2;20,00;3,0;3,0;37,30;0,07;0,063;0,0;0,00;0,049
78;14.07.2023;11:20:23;00:01:17;250,0;18,8;18,9;16,4;19,8;20,0;0,0;58,1;5,81E1;-541,2;20,00;3,0;3,0;37,30;0,07;0,057;0,0;0,00;0,049
79;14.07.2023;11:20:24;00:01:18;250,0;18,8;18,9;16,4;19,8;20,0;0,0;56,0;5,60E1;-541,2;20,00;3,0;3,1;37,30;0,07;0,057;0,0;0,00;0,049
80;14.07.2023;11:20:25;00:01:19;250,0;18,8;18,9;16,4;19,8;20,0;0,0;51,8;5,18E1;-541,2;20,00;3,0;3,0;37,30;0,07;0,051;0,0;0,01;0,049
81;14.07.2023;11:20:26;00:01:20;250,0;18,8;18,9;16,4;19,8;20,0;0,0;48,1;4,81E1;-541,2;20,00;3,0;3,0;37,31;0,07;0,048;0,0;0,01;0,049
82;14.07.2023;11:20:27;00:01:21;250,0;18,8;18,9;16,4;19,8;20,0;0,0;46,2;4,62E1;-541,2;20,00;3,0;3,0;37,31;0,07;0,048;0,0;0,00;0,049
83;14.07.2023;11:20:28;00:01:22;250,0;18,8;18,9;16,4;19,8;20,0;0,0;42,9;4,29E1;-541,2;20,00;3,0;3,0;37,31;0,07;0,049;0,0;0,01;0,049
84;14.07.2023;11:20:29;00:01:23;250,0;18,8;18,9;16,4;19,8;20,0;0,0;41,4;4,14E1;-541,2;20,00;3,0;3,0;37,31;0,07;0,050;0,0;0,01;0,049
85;14.07.2023;11:20:30;00:01:24;250,0;18,8;18,9;16,5;19,8;20,0;0,0;38,4;3,84E1;-541,2;20,00;3,0;3,0;37,31;0,07;0,052;0,0;0,01;0,049
86;14.07.2023;11:20:31;00:01:25;250,0;18,8;18,9;16,5;19,9;20,0;0,0;35,4;3,54E1;-541,2;20,00;3,0;3,0;37,31;0,07;0,046;0,0;0,00;0,049
87;14.07.2023;11:20:32;00:01:26;250,0;18,8;18,9;16,5;19,9;20,0;0,0;34,1;3,41E1;-541,2;20,00;3,0;3,0;37,31;0,08;0,044;0,0;0,00;0,049
88;14.07.2023;11:20:33;00:01:27;250,0;18,8;18,9;16,5;19,8;20,0;0,0;31,7;3,17E1;-541,2;20,00;3,0;3,0;37,31;0,08;0,041;0,0;0,01;0,049
89;14.07.2023;11:20:34;00:01:28;250,0;18,7;18,8;16,5;19,8;20,0;0,0;29,1;2,91E1;-541,2;20,00;3,0;3,0;37,31;0,08;0,040;0,0;0,00;0,049
90;14.07.2023;11:20:35;00:01:29;250,0;18,7;18,8;16,5;19,8;20,0;0,0;28,1;2,81E1;-541,2;20,00;3,0;3,0;37,31;0,08;0,043;0,0;0,00;0,049
91;14.07.2023;11:20:36;00:01:30;250,0;18,7;18,8;16,5;19,8;20,0;0,0;26,5;2,65E1;-541,2;20,00;3,0;3,0;37,31;0,08;0,040;0,0;0,01;0,049
92;14.07.2023;11:20:37;00:01:31;250,0;18,7;18,8;16,5;19,8;20,0;0,0;24,3;2,43E1;-541,2;20,00;3,0;3,0;37,31;0,08;0,036;0,0;0,00;0,049
93;14.07.2023;11:20:38;00:01:32;250,0;18,7;18,8;16,5;19,8;20,0;0,0;23,1;2,31E1;-541,2;20,00;3,0;3,0;37,31;0,08;0,036;0,0;0,01;0,049
94;14.07.2023;11:20:39;00:01:33;250,0;18,7;18,8;16,5;19,9;20,0;0,0;21,2;2,12E1;-541,2;20,00;3,0;3,0;37,31;0,08;0,036;0,0;0,01;0,049
95;14.07.2023;11:20:40;00:01:34;250,0;18,6;18,8;16,6;19,9;20,0;0,0;19,9;1,99E1;-541,2;20,00;3,0;3,0;37,31;0,08;0,035;0,0;0,00;0,049
96;14.07.2023;11:20:41;00:01:35;250,0;18,6;18,8;16,6;19,9;20,0;0,0;19,3;1,93E1;-541,2;20,00;3,0;3,0;37,31;0,08;0,034;0,0;0,00;0,049
97;14.07.2023;11:20:42;00:01:36;250,0;18,6;18,9;16,6;19,9;20,0;0,0;17,9;1,79E1;-541,2;20,00;3,0;3,0;37,31;0,08;0,026;0,0;0,01;0,049
98;14.07.2023;11:20:43;00:01:37;250,0;18,6;18,9;16,6;19,9;20,0;0,0;17,2;1,72E1;-541,2;20,00;3,0;3,0;37,31;0,08;0,023;0,0;0,00;0,049
99;14.07.2023;11:20:44;00:01:38;250,0;18,6;18,9;16,6;19,9;20,0;0,0;15,9;1,59E1;-541,2;20,00;3,0;3,0;37,32;0,08;0,024;0,0;0,01;0,049
100;14.07.2023;11:20:45;00:01:39;250,0;18,6;18,9;16,6;19,9;20,0;0,0;14,4;1,44E1;-541,2;20,00;3,0;3,0;37,32;0,08;0,024;0,0;0,00;0,049
101;14.07.2023;11:20:46;00:01:40;250,0;18,6;18,9;16,7;19,9;20,0;0,0;14,2;1,42E1;-541,2;20,00;3,0;3,0;37,32;0,08;0,023;0,0;0,00;0,049
102;14.07.2023;11:20:47;00:01:41;250,0;18,6;18,9;16,7;19,9;20,0;0,0;13,2;1,32E1;-541,2;20,00;3,0;3,0;37,32;0,08;0,022;0,0;0,01;0,049
103;14.07.2023;11:20:48;00:01:42;250,0;18,6;18,9;16,7;19,9;20,0;0,0;12,6;1,26E1;-541,2;20,00;3,0;3,0;37,32;0,08;0,020;0,0;0,01;0,049
104;14.07.2023;11:20:49;00:01:43;250,0;18,6;18,9;16,7;19,9;20,0;0,0;11,8;1,18E1;-541,2;20,00;3,0;3,0;37,32;0,08;0,017;0,0;0,00;0,049
105;14.07.2023;11:20:50;00:01:44;250,0;18,6;18,9;16,8;19,9;20,0;0,0;11,1;1,11E1;-541,2;20,00;3,0;3,0;37,32;0,08;0,017;0,0;0,01;0,049
106;14.07.2023;11:20:51;00:01:45;250,0;18,6;18,9;16,8;19,9;20,0;0,0;10,0;1,00E1;-541,2;20,00;3,0;3,0;37,32;0,08;0,013;0,0;0,00;0,049
107;14.07.2023;11:20:52;00:01:46;250,0;18,6;18,9;16,8;19,9;20,0;0,0;9,7;9,66E0;-541,2;20,00;3,0;3,0;37,32;0,08;0,013;0,0;0,00;0,049
108;14.07.2023;11:20:53;00:01:47;250,0;18,4;18,9;16,7;19,8;20,0;0,0;8,5;8,46E0;-541,2;20,00;3,0;3,0;37,32;0,08;0,012;0,0;0,01;0,049
109;14.07.2023;11:20:54;00:01:48;250,0;18,4;18,7;16,7;19,8;20,0;0,0;7,9;7,94E0;-541,2;20,00;3,0;3,0;37,32;0,08;0,010;0,0;0,00;0,049
110;14.07.2023;11:20:55;00:01:49;250,0;18,4;18,7;16,7;19,8;20,0;0,0;7,1;7,11E0;-541,2;20,00;3,0;3,0;37,32;0,08;0,009;0,0;0,00;0,049
111;14.07.2023;11:20:56;00:01:50;250,0;18,4;18,7;16,7;19,8;20,0;0,0;6,5;6,45E0;-541,2;20,00;3,0;2,9;37,32;0,08;0,011;0,0;0,00;0,049
112;14.07.2023;11:20:57;00:01:51;250,0;18,4;18,7;16,7;19,8;20,0;0,0;6,2;6,22E0;-541,2;20,00;3,0;2,9;37,32;0,08;0,012;0,0;0,00;0,049
113;14.07.2023;11:20:58;00:01:52;250,0;18,4;18,7;16,8;19,8;20,0;0,0;5,6;5,58E0;-541,2;20,00;3,0;2,9;37,32;0,08;0,010;0,0;0,01;0,049
114;14.07.2023;11:20:59;00:01:53;250,0;18,4;18,7;16,8;19,8;20,0;0,0;5,1;5,09E0;-541,2;20,00;3,0;2,9;37,32;0,08;0,009;0,0;0,00;0,049
115;14.07.2023;11:21:00;00:01:54;250,0;18,4;18,7;16,8;19,8;20,0;0,0;4,9;4,87E0;-541,2;20,00;3,0;2,9;37,32;0,09;0,010;0,0;0,00;0,049
116;14.07.2023;11:21:01;00:01:55;250,0;18,4;18,7;16,8;19,8;20,0;0,0;4,3;4,34E0;-541,2;20,00;3,0;3,0;37,32;0,09;0,015;0,0;0,00;0,049
117;14.07.2023;11:21:02;00:01:56;250,0;18,4;18,7;16,8;19,8;20,0;0,0;3,9;3,95E0;-541,2;20,00;3,0;3,0;37,32;0,09;0,016;0,0;0,00;0,049
118;14.07.2023;11:21:03;00:01:57;250,0;18,4;18,7;16,8;19,8;20,0;0,0;3,8;3,80E0;-541,2;20,00;3,0;3,0;37,32;0,09;0,015;0,0;0,01;0,049
119;14.07.2023;11:21:04;00:01:58;250,0;18,4;18,7;16,9;19,8;20,0;0,0;3,5;3,51E0;-541,2;20,00;3,0;3,0;37,32;0,09;0,011;0,0;0,00;0,049
120;14.07.2023;11:21:05;00:01:59;250,0;18,4;18,7;16,9;19,8;20,0;0,0;3,2;3,21E0;-541,2;20,00;3,0;3,0;37,32;0,09;0,009;0,0;0,00;0,049
121;14.07.2023;11:21:06;00:02:00;250,0;18,4;18,7;16,9;19,8;20,0;0,0;3,0;3,04E0;-541,2;20,00;3,0;3,0;37,32;0,09;0,009;0,0;0,01;0,049
122;14.07.2023;11:21:07;00:02:01;250,0;18,4;18,7;16,9;19,8;20,0;0,0;2,8;2,76E0;-541,2;20,00;3,0;3,0;37,32;0,09;0,005;0,0;0,01;0,049
123;14.07.2023;11:21:08;00:02:02;250,0;18,4;18,7;16,9;19,8;20,0;0,0;2,7;2,68E0;-541,2;20,00;3,0;3,0;37,32;0,09;0,006;0,0;0,01;0,049
124;14.07.2023;11:21:09;00:02:03;250,0;18,4;18,7;16,9;19,9;20,0;0,0;2,5;2,47E0;-541,2;20,00;3,0;3,0;37,32;0,09;0,006;0,0;0,00;0,049
125;14.07.2023;11:21:10;00:02:04;250,0;18,3;18,7;16,9;19,9;20,0;0,0;2,3;2,31E0;-541,2;20,00;3,0;3,0;37,32;0,09;0,004;0,0;0,00;0,049
126;14.07.2023;11:21:11;00:02:05;250,0;18,3;18,7;16,9;19,9;20,0;0,0;2,3;2,26E0;-541,2;20,00;3,0;3,0;37,32;0,09;0,005;0,0;0,00;0,049
127;14.07.2023;11:21:12;00:02:06;250,0;18,3;18,8;17,0;19,9;20,0;0,0;2,1;2,07E0;-541,2;20,00;3,0;3,1;37,32;0,09;0,009;0,0;0,01;0,049
128;14.07.2023;11:21:13;00:02:07;250,0;18,3;18,8;17,0;19,8;20,0;0,0;1,9;1,93E0;-541,2;20,00;3,0;3,1;37,32;0,09;0,009;0,0;0,00;0,049
129;14.07.2023;11:21:14;00:02:08;250,0;18,3;18,7;16,9;19,8;20,0;0,0;1,8;1,82E0;-541,2;20,00;3,0;3,0;37,32;0,09;0,009;0,0;0,01;0,049
130;14.07.2023;11:21:15;00:02:09;250,0;18,2;18,7;16,9;19,8;20,0;0,0;1,7;1,75E0;-541,2;20,00;3,0;3,0;37,32;0,09;0,008;0,0;0,01;0,049
131;14.07.2023;11:21:16;00:02:10;250,0;18,2;18,7;17,0;19,8;20,0;0,0;1,6;1,61E0;-541,2;20,00;3,0;3,0;37,32;0,09;0,007;0,0;0,01;0,049
132;14.07.2023;11:21:17;00:02:11;250,0;18,2;18,7;17,0;19,8;20,0;0,0;1,6;1,59E0;-541,2;20,00;3,0;3,0;37,32;0,09;0,006;0,0;0,00;0,049
133;14.07.2023;11:21:18;00:02:12;250,0;18,2;18,7;17,0;19,8;20,0;0,0;1,5;1,50E0;-541,2;20,00;3,0;3,0;37,32;0,09;0,007;0,0;0,00;0,049
134;14.07.2023;11:21:19;00:02:13;250,0;18,2;18,7;17,0;19,8;20,0;0,0;1,4;1,42E0;-541,2;20,00;3,0;3,0;37,32;0,09;0,010;0,0;0,00;0,049
135;14.07.2023;11:21:20;00:02:14;250,0;18,2;18,7;17,0;19,8;20,0;0,0;1,4;1,37E0;-541,2;20,00;3,0;3,0;37,32;0,09;0,008;0,0;0,01;0,049
136;14.07.2023;11:21:21;00:02:15;250,0;18,2;18,7;17,0;19,8;20,0;0,0;1,3;1,29E0;-541,2;20,00;3,0;3,0;37,32;0,09;0,007;0,0;0,01;0,049
137;14.07.2023;11:21:22;00:02:16;250,0;18,2;18,7;17,0;19,8;20,0;0,0;1,3;1,27E0;-541,2;20,00;3,0;3,0;37,32;0,09;0,008;0,0;0,01;0,049
138;14.07.2023;11:21:23;00:02:17;250,0;18,2;18,7;17,0;19,8;20,0;0,0;1,2;1,20E0;-541,2;20,00;3,0;3,0;37,32;0,09;0,004;0,0;0,00;0,049
139;14.07.2023;11:21:24;00:02:18;250,0;18,2;18,7;17,1;19,8;20,0;0,0;1,2;1,16E0;-541,2;20,00;3,0;3,0;37,32;0,09;0,004;0,0;0,00;0,049
140;14.07.2023;11:21:25;00:02:19;250,0;18,2;18,7;17,1;19,8;20,0;0,0;1,1;1,13E0;-541,2;20,00;3,0;3,0;37,32;0,09;0,004;0,0;0,01;0,049
141;14.07.2023;11:21:26;00:02:20;250,0;18,2;18,7;17,1;19,8;20,0;0,0;1,1;1,09E0;-541,2;20,00;3,0;3,0;37,32;0,09;0,000;0,0;0,01;0,049
142;14.07.2023;11:21:27;00:02:21;250,0;18,2;18,7;17,1;19,9;20,0;0,0;1,0;9,96E-1;-541,2;20,00;3,0;3,0;37,32;0,09;0,005;0,0;0,01;0,049
143;14.07.2023;11:21:28;00:02:22;250,0;18,2;18,7;17,1;19,9;20,0;0,0;1,0;9,79E-1;-541,2;20,00;3,0;3,0;37,32;0,09;0,004;0,0;0,00;0,049
144;14.07.2023;11:21:29;00:02:23;250,0;18,2;18,7;17,1;19,9;20,0;0,0;0,9;9,45E-1;-541,2;20,00;3,0;3,0;37,32;0,09;0,003;0,0;0,01;0,049
145;14.07.2023;11:21:30;00:02:24;250,0;18,2;18,7;17,1;19,9;20,0;0,0;0,9;9,12E-1;-541,2;20,00;3,0;3,0;37,32;0,09;0,006;0,0;0,01;0,049
146;14.07.2023;11:21:31;00:02:25;250,0;18,2;18,7;17,1;19,9;20,0;0,0;0,9;8,97E-1;-541,2;20,00;3,0;3,0;37,32;0,09;0,005;0,0;0,01;0,049
147;14.07.2023;11:21:32;00:02:26;250,0;18,2;18,7;17,2;19,9;20,0;0,0;0,9;8,62E-1;-541,2;20,00;3,0;3,0;37,32;0,09;0,007;0,0;0,01;0,052
148;14.07.2023;11:21:33;00:02:27;250,0;18,2;18,7;17,2;19,9;20,0;0,0;0,8;8,47E-1;-541,2;20,00;3,0;3,0;37,32;0,09;0,004;0,0;0,01;0,049
149;14.07.2023;11:21:34;00:02:28;250,0;18,2;18,6;17,1;19,8;20,0;0,0;0,8;8,18E-1;-541,2;20,00;3,0;3,0;37,32;0,09;0,002;0,0;0,00;0,049
150;14.07.2023;11:21:35;00:02:29;250,0;18,1;18,6;17,1;19,8;20,0;0,0;0,8;7,89E-1;-541,2;20,00;3,0;3,0;37,32;0,09;0,005;0,0;0,01;0,053
151;14.07.2023;11:21:36;00:02:30;250,0;18,1;18,6;17,1;19,8;20,0;0,0;0,8;7,77E-1;-541,2;20,00;3,0;3,0;37,32;0,09;0,007;0,0;0,00;0,049
152;14.07.2023;11:21:37;00:02:31;250,0;18,1;18,6;17,1;19,8;20,0;0,0;0,8;7,55E-1;-541,2;20,00;3,0;3,0;37,32;0,09;0,004;0,0;0,00;0,049
153;14.07.2023;11:21:38;00:02:32;250,0;18,1;18,6;17,1;19,8;20,0;0,0;0,7;7,31E-1;-541,2;20,00;3,0;3,0;37,32;0,09;0,002;0,0;0,01;0,049
154;14.07.2023;11:21:39;00:02:33;250,0;18,1;18,6;17,1;19,8;20,0;0,0;0,7;7,22E-1;-541,2;20,00;3,0;3,0;37,32;0,09;0,003;0,0;0,00;0,049
155;14.07.2023;11:21:40;00:02:34;250,0;18,1;18,6;17,2;19,8;20,0;0,0;0,7;7,01E-1;-541,2;20,00;3,0;3,0;37,32;0,09;0,004;0,0;0,00;0,049
156;14.07.2023;11:21:41;00:02:35;250,0;18,1;18,6;17,2;19,8;20,0;0,0;0,7;6,81E-1;-541,2;20,00;3,0;3,0;37,32;0,09;-0,001;0,0;0,00;0,049
157;14.07.2023;11:21:42;00:02:36;250,0;18,1;18,6;17,2;19,8;20,0;0,0;0,7;6,71E-1;-541,2;20,00;3,0;3,0;37,32;0,09;0,001;0,0;0,00;0,049
158;14.07.2023;11:21:43;00:02:37;250,0;18,1;18,6;17,2;19,8;20,0;0,0;0,7;6,51E-1;-541,2;20,00;3,0;3,0;37,32;0,09;0,003;0,0;0,01;0,049
159;14.07.2023;11:21:44;00:02:38;250,0;18,1;18,6;17,2;19,8;20,0;0,0;0,6;6,29E-1;-541,2;20,00;3,0;3,0;37,32;0,09;0,005;0,0;0,00;0,049
160;14.07.2023;11:21:45;00:02:39;250,0;18,1;18,6;17,2;19,8;20,0;0,0;0,6;6,20E-1;-541,2;20,00;3,0;3,0;37,32;0,09;0,005;0,0;0,00;0,051
161;14.07.2023;11:21:46;00:02:40;250,0;18,1;18,6;17,2;19,9;20,0;0,0;0,6;6,01E-1;-541,2;20,00;3,0;3,0;37,32;0,09;0,004;0,0;0,01;0,049
162;14.07.2023;11:21:47;00:02:41;250,0;18,1;18,6;17,2;19,9;20,0;0,0;0,6;5,91E-1;-541,2;20,00;3,0;3,0;37,32;0,09;0,008;0,0;0,00;0,049
163;14.07.2023;11:21:48;00:02:42;250,0;18,1;18,6;17,2;19,9;20,0;0,0;0,6;5,72E-1;-541,2;20,00;3,0;3,0;37,32;0,09;0,008;0,0;0,01;0,049
164;14.07.2023;11:21:49;00:02:43;250,0;18,1;18,6;17,2;19,9;20,0;0,0;0,6;5,55E-1;-541,2;20,00;3,0;3,0;37,32;0,09;0,005;0,0;0,00;0,049
165;14.07.2023;11:21:50;00:02:44;250,0;18,1;18,6;17,3;19,9;20,0;0,0;0,5;5,44E-1;-541,2;20,00;3,0;2,9;37,32;0,09;0,001;0,0;0,01;0,049
166;14.07.2023;11:21:51;00:02:45;250,0;18,1;18,6;17,3;19,9;20,0;0,0;0,5;5,27E-1;-541,2;20,00;3,0;3,0;37,32;0,09;0,001;0,0;0,01;0,049
167;14.07.2023;11:21:52;00:02:46;250,0;18,1;18,6;17,3;19,9;20,0;0,0;0,5;5,14E-1;-541,2;20,00;3,0;3,0;37,32;0,09;0,002;0,0;0,01;0,049
168;14.07.2023;11:21:53;00:02:47;250,0;18,1;18,6;17,3;19,9;20,0;0,0;0,5;5,07E-1;-541,2;20,00;3,0;3,0;37,32;0,09;0,000;0,0;0,00;0,049
169;14.07.2023;11:21:54;00:02:48;250,0;18,1;18,5;17,2;19,8;20,0;0,0;0,5;4,94E-1;-541,2;20,00;3,0;3,0;37,32;0,09;-0,001;0,0;0,01;0,049
170;14.07.2023;11:21:55;00:02:49;250,0;18,1;18,5;17,3;19,8;20,0;0,0;0,5;4,81E-1;-541,2;20,00;3,0;3,0;37,32;0,09;0,001;0,0;0,00;0,049
171;14.07.2023;11:21:56;00:02:50;250,0;18,1;18,5;17,3;19,8;20,0;0,0;0,5;4,74E-1;-541,2;20,00;3,0;3,0;37,32;0,09;-0,001;0,0;0,01;0,049
172;14.07.2023;11:21:57;00:02:51;250,0;18,1;18,5;17,3;19,8;20,0;0,0;0,5;4,61E-1;-541,2;20,00;3,0;3,0;37,32;0,09;0,000;0,0;0,01;0,049
173;14.07.2023;11:21:58;00:02:52;250,0;18,1;18,6;17,3;19,8;20,0;0,0;0,4;4,49E-1;-541,2;20,00;3,0;3,0;37,32;0,09;0,002;0,0;0,01;0,049
174;14.07.2023;11:21:59;00:02:53;250,0;18,1;18,6;17,3;19,8;20,0;0,0;0,4;4,43E-1;-541,2;20,00;3,0;2,9;37,32;0,09;0,000;0,0;0,01;0,049
175;14.07.2023;11:22:00;00:02:54;250,0;18,1;18,6;17,3;19,9;20,0;0,0;0,4;4,32E-1;-541,2;20,00;3,0;3,0;37,32;0,09;0,001;0,0;0,00;0,049
176;14.07.2023;11:22:01;00:02:55;250,0;18,1;18,6;17,3;19,9;20,0;0,0;0,4;4,26E-1;-541,2;20,00;3,0;2,9;37,32;0,09;0,001;0,0;0,01;0,049
177;14.07.2023;11:22:02;00:02:56;250,0;18,1;18,6;17,3;19,9;20,0;0,0;0,4;4,13E-1;-541,2;20,00;3,0;3,0;37,32;0,09;0,004;0,0;0,01;0,049
178;14.07.2023;11:22:03;00:02:57;250,0;18,1;18,6;17,3;19,9;20,0;0,0;0,4;4,02E-1;-541,2;20,00;3,0;3,0;37,32;0,09;0,005;0,0;0,00;0,049
179;14.07.2023;11:22:04;00:02:58;250,0;18,1;18,6;17,4;19,9;20,0;0,0;0,4;3,97E-1;-541,2;20,00;3,0;3,0;37,32;0,09;0,004;0,0;0,00;0,049
180;14.07.2023;11:22:05;00:02:59;250,0;18,1;18,6;17,4;19,9;20,0;0,0;0,4;3,87E-1;-541,2;20,00;3,0;3,0;37,32;0,09;0,003;0,0;0,00;0,049
181;14.07.2023;11:22:06;00:03:00;250,0;18,1;18,6;17,4;19,9;20,0;0,0;0,4;3,76E-1;-541,2;20,00;3,0;3,1;37,32;0,09;0,003;0,0;0,00;0,049
182;14.07.2023;11:22:07;00:03:01;250,0;18,1;18,6;17,4;19,9;20,0;0,0;0,4;3,71E-1;-541,2;20,00;3,0;3,0;37,32;0,09;0,003;0,0;0,00;0,049
183;14.07.2023;11:22:08;00:03:02;250,0;18,1;18,6;17,4;19,9;20,0;0,0;0,4;3,61E-1;-541,2;20,00;3,0;3,0;37,32;0,09;0,005;0,0;0,01;0,049
184;14.07.2023;11:22:09;00:03:03;250,0;18,1;18,6;17,4;19,9;21,0;0,2;0,4;3,54E-1;-541,2;20,00;3,0;3,0;37,32;0,09;0,001;0,0;0,00;0,049
185;14.07.2023;11:22:10;00:03:04;250,0;18,1;18,6;17,4;19,9;21,6;0,3;0,4;3,50E-1;-541,2;20,00;3,0;3,0;37,32;0,09;0,002;0,0;0,01;0,049
186;14.07.2023;11:22:11;00:03:05;250,0;18,1;18,6;17,4;19,9;22,7;0,4;0,3;3,43E-1;-541,2;20,00;3,0;3,0;37,32;0,09;0,003;0,0;0,00;0,049
187;14.07.2023;11:22:12;00:03:06;250,0;18,1;18,6;17,4;19,9;23,2;0,4;0,3;3,39E-1;-541,2;20,00;3,0;3,0;37,32;0,09;0,004;0,0;0,00;0,049
188;14.07.2023;11:22:13;00:03:07;250,0;18,1;18,6;17,4;19,9;24,3;0,6;0,3;3,32E-1;-541,2;20,00;3,0;3,0;37,32;0,09;0,005;0,0;0,01;0,049
189;14.07.2023;11:22:14;00:03:08;250,0;18,1;18,6;17,4;19,9;25,5;0,7;0,3;3,25E-1;-541,2;20,00;3,0;3,1;37,32;0,09;0,005;0,0;0,01;0,049
190;14.07.2023;11:22:15;00:03:09;250,0;18,1;18,6;17,4;19,9;26,1;0,7;0,3;3,22E-1;-541,2;20,00;3,0;3,0;37,32;0,09;0,003;0,0;0,01;0,049
191;14.07.2023;11:22:16;00:03:10;250,0;18,1;18,6;17,5;19,9;27,2;0,8;0,3;3,15E-1;-541,2;20,00;3,0;3,0;37,32;0,09;0,002;0,0;0,01;0,049
192;14.07.2023;11:22:17;00:03:11;250,0;18,1;18,6;17,5;19,9;28,3;0,9;0,3;3,09E-1;-541,2;20,00;3,0;3,0;37,32;0,09;0,000;0,0;0,00;0,049
193;14.07.2023;11:22:18;00:03:12;250,0;18,1;18,6;17,5;19,9;28,8;1,0;0,3;3,06E-1;-541,2;20,00;3,0;3,0;37,32;0,09;0,002;0,0;0,01;0,049
194;14.07.2023;11:22:19;00:03:13;250,0;18,1;18,6;17,5;19,9;29,9;1,1;0,3;2,99E-1;-541,2;20,00;3,0;3,0;37,32;0,09;0,001;0,0;0,00;0,049
195;14.07.2023;11:22:20;00:03:14;250,0;18,1;18,6;17,5;19,9;31,1;1,2;0,3;2,93E-1;-541,2;20,00;3,0;2,9;37,32;0,09;-0,002;0,0;0,01;0,049
196;14.07.2023;11:22:21;00:03:15;250,0;18,1;18,6;17,5;19,9;31,6;1,3;0,3;2,91E-1;-541,2;20,00;3,0;2,9;37,32;0,09;-0,005;0,0;0,01;0,049
197;14.07.2023;11:22:22;00:03:16;250,0;18,1;18,6;17,5;19,9;32,7;1,4;0,3;2,85E-1;-541,2;20,00;3,0;2,9;37,32;0,09;0,000;0,0;0,01;0,049
198;14.07.2023;11:22:23;00:03:17;250,0;18,1;18,6;17,5;19,9;33,8;1,5;0,3;2,80E-1;-541,2;20,00;3,0;3,0;37,32;0,09;0,000;0,0;0,01;0,049
199;14.07.2023;11:22:24;00:03:18;250,0;18,1;18,6;17,5;19,9;34,4;1,5;0,3;2,77E-1;-541,2;20,00;3,0;3,1;37,32;0,09;0,006;0,0;0,00;0,049
200;14.07.2023;11:22:25;00:03:19;250,0;18,1;18,6;17,5;19,9;35,5;1,7;0,3;2,72E-1;-541,2;20,00;3,0;3,0;37,32;0,09;0,004;0,0;0,00;0,049
201;14.07.2023;11:22:26;00:03:20;250,0;18,1;18,6;17,5;19,9;36,1;1,7;0,3;2,69E-1;-541,2;20,00;3,0;3,0;37,32;0,09;0,001;0,0;0,01;0,049
202;14.07.2023;11:22:27;00:03:21;250,0;18,1;18,6;17,5;19,9;37,2;1,8;0,3;2,64E-1;-541,2;20,00;3,0;3,0;37,32;0,09;0,000;0,0;0,00;0,049
203;14.07.2023;11:22:28;00:03:22;250,0;18,1;18,6;17,5;19,9;38,3;1,9;0,3;2,59E-1;-541,2;20,00;3,0;3,0;37,32;0,09;0,004;0,0;0,00;0,049
204;14.07.2023;11:22:29;00:03:23;250,0;18,1;18,6;17,5;19,9;38,9;2,0;0,3;2,57E-1;-541,2;20,00;3,0;3,0;37,32;0,09;0,004;0,0;0,01;0,049
205;14.07.2023;11:22:30;00:03:24;250,0;18,1;18,6;17,6;20,0;40,0;2,1;0,3;2,53E-1;-541,2;20,00;3,0;3,0;37,32;0,09;0,004;0,0;0,00;0,049
206;14.07.2023;11:22:31;00:03:25;250,0;18,1;18,6;17,6;20,0;41,1;2,2;0,2;2,49E-1;-541,2;20,00;3,0;3,0;37,32;0,09;0,005;0,0;0,00;0,049
207;14.07.2023;11:22:32;00:03:26;250,0;18,1;18,6;17,6;20,0;41,7;2,3;0,2;2,46E-1;-541,2;20,00;3,0;3,0;37,32;0,09;0,005;0,0;0,00;0,049
208;14.07.2023;11:22:33;00:03:27;250,0;18,0;18,6;17,6;19,9;42,8;2,4;0,2;2,43E-1;-541,2;20,00;3,0;3,0;37,32;0,09;0,006;0,0;0,00;0,049
209;14.07.2023;11:22:34;00:03:28;250,0;18,0;18,6;17,5;19,9;43,9;2,6;0,2;2,39E-1;-541,2;20,00;3,0;3,0;37,32;0,09;0,003;0,0;0,01;0,051
210;14.07.2023;11:22:35;00:03:29;250,0;18,0;18,6;17,5;19,9;44,5;2,6;0,2;2,38E-1;-541,2;20,00;3,0;3,0;37,32;0,09;0,004;0,0;0,00;0,049
211;14.07.2023;11:22:36;00:03:30;250,0;18,0;18,5;17,5;19,9;45,6;2,7;0,2;2,35E-1;-541,2;20,00;3,0;3,0;37,33;0,09;0,002;0,0;0,01;0,049
212;14.07.2023;11:22:37;00:03:31;250,0;18,0;18,5;17,5;19,9;46,7;2,9;0,2;2,32E-1;-541,2;20,00;3,0;3,0;37,32;0,09;0,002;0,0;0,00;0,049
213;14.07.2023;11:22:38;00:03:32;250,0;18,0;18,5;17,5;19,9;47,3;2,9;0,2;2,30E-1;-541,2;20,00;3,0;3,0;37,32;0,09;0,000;0,0;0,01;0,049
214;14.07.2023;11:22:39;00:03:33;250,0;18,0;18,5;17,6;19,9;48,4;3,1;0,2;2,27E-1;-541,2;20,00;3,0;3,0;37,32;0,09;-0,002;0,0;0,00;0,049
215;14.07.2023;11:22:40;00:03:34;250,0;18,0;18,5;17,6;19,9;49,0;3,1;0,2;2,26E-1;-541,2;20,00;3,0;3,0;37,32;0,09;-0,001;0,0;0,00;0,049
216;14.07.2023;11:22:41;00:03:35;250,0;18,0;18,5;17,6;19,9;50,1;3,2;0,2;2,23E-1;-541,2;20,00;3,0;2,9;37,32;0,09;-0,001;0,0;0,01;0,049
217;14.07.2023;11:22:42;00:03:36;250,0;18,0;18,5;17,6;19,9;51,2;3,4;0,2;2,20E-1;-541,2;20,00;3,0;3,0;37,32;0,09;0,000;0,0;0,01;0,049
218;14.07.2023;11:22:43;00:03:37;250,0;18,0;18,5;17,6;19,9;51,7;3,4;0,2;2,19E-1;-541,2;20,00;3,0;3,0;37,33;0,09;-0,001;0,0;0,00;0,049
219;14.07.2023;11:22:44;00:03:38;250,0;18,0;18,6;17,6;20,0;52,9;3,6;0,2;2,16E-1;-541,2;20,00;3,0;3,0;37,32;0,09;0,002;0,0;0,00;0,049
220;14.07.2023;11:22:45;00:03:39;250,0;18,0;18,6;17,6;20,0;54,0;3,7;0,2;2,13E-1;-541,2;20,00;3,0;3,0;37,32;0,09;0,000;0,0;0,00;0,049
221;14.07.2023;11:22:46;00:03:40;250,0;18,0;18,6;17,6;20,0;54,6;3,8;0,2;2,12E-1;-541,2;20,00;3,0;3,0;37,32;0,09;0,000;0,0;0,00;0,049
222;14.07.2023;11:22:47;00:03:41;250,0;18,0;18,5;17,6;20,0;55,7;3,9;0,2;2,09E-1;-541,2;20,00;3,0;3,1;37,32;0,09;0,003;0,0;0,01;0,049
223;14.07.2023;11:22:48;00:03:42;250,0;18,0;18,5;17,6;20,0;56,8;4,0;0,2;2,07E-1;-541,2;20,00;3,0;3,0;37,32;0,09;-0,001;0,0;0,00;0,049
224;14.07.2023;11:22:49;00:03:43;250,0;18,0;18,5;17,6;20,0;57,3;4,1;0,2;2,05E-1;-541,2;20,00;3,0;3,0;37,32;0,09;-0,001;0,0;0,01;0,049
225;14.07.2023;11:22:50;00:03:44;250,0;18,0;18,6;17,6;20,0;58,5;4,2;0,2;2,03E-1;-541,2;20,00;3,0;3,0;37,33;0,09;0,001;0,0;0,00;0,049
226;14.07.2023;11:22:51;00:03:45;250,0;18,0;18,6;17,6;20,0;59,1;4,3;0,2;2,02E-1;-541,2;20,00;3,0;3,0;37,32;0,09;0,003;0,0;0,01;0,049
227;14.07.2023;11:22:52;00:03:46;250,0;18,0;18,6;17,6;20,0;60,2;4,4;0,2;2,00E-1;-541,2;20,00;3,0;3,0;37,33;0,09;0,001;0,0;0,01;0,049
228;14.07.2023;11:22:53;00:03:47;250,0;18,0;18,6;17,6;19,9;61,3;4,6;0,2;1,97E-1;-541,2;20,00;3,0;2,9;37,33;0,09;-0,005;0,0;0,00;0,049
229;14.07.2023;11:22:54;00:03:48;250,0;18,0;18,5;17,6;19,9;61,8;4,6;0,2;1,96E-1;-541,2;20,00;3,0;2,9;37,32;0,09;-0,003;0,0;0,01;0,049
230;14.07.2023;11:22:55;00:03:49;250,0;18,0;18,5;17,6;19,9;62,9;4,8;0,2;1,94E-1;-541,2;20,00;3,0;3,0;37,32;0,09;0,001;0,0;0,00;0,049
231;14.07.2023;11:22:56;00:03:50;250,0;18,0;18,5;17,6;19,9;64,1;4,9;0,2;1,92E-1;-541,2;20,00;3,0;3,0;37,32;0,09;0,000;0,0;0,00;0,049
232;14.07.2023;11:22:57;00:03:51;250,0;18,0;18,5;17,6;19,9;64,6;5,0;0,2;1,91E-1;-541,2;20,00;3,0;3,0;37,32;0,09;0,001;0,0;0,01;0,049
233;14.07.2023;11:22:58;00:03:52;250,0;18,0;18,5;17,6;19,9;65,7;5,1;0,2;1,89E-1;-541,2;20,00;3,0;3,0;37,32;0,09;0,000;0,0;0,00;0,049
234;14.07.2023;11:22:59;00:03:53;250,0;18,0;18,5;17,6;19,9;66,8;5,3;0,2;1,87E-1;-541,2;20,00;3,0;2,9;37,32;0,09;0,001;0,0;0,00;0,049
235;14.07.2023;11:23:00;00:03:54;250,0;18,0;18,5;17,6;19,9;67,4;5,4;0,2;1,86E-1;-541,2;20,00;3,0;3,0;37,33;0,09;0,003;0,0;0,00;0,049
236;14.07.2023;11:23:01;00:03:55;250,0;18,0;18,5;17,6;19,9;68,5;5,5;0,2;1,84E-1;-541,2;20,00;3,0;3,0;37,32;0,09;0,002;0,0;0,00;0,049
237;14.07.2023;11:23:02;00:03:56;250,0;18,0;18,5;17,6;19,9;69,7;5,6;0,2;1,81E-1;-541,2;20,00;3,0;3,0;37,32;0,09;0,000;0,0;0,01;0,049
238;14.07.2023;11:23:03;00:03:57;250,0;18,0;18,5;17,6;19,9;70,2;5,7;0,2;1,80E-1;-541,2;20,00;3,0;3,0;37,32;0,09;-0,002;0,0;0,00;0,049
239;14.07.2023;11:23:04;00:03:58;250,0;18,0;18,5;17,6;20,0;71,3;5,9;0,2;1,79E-1;-541,2;20,00;3,0;3,0;37,33;0,09;0,000;0,0;0,01;0,049
240;14.07.2023;11:23:05;00:03:59;250,0;18,0;18,5;17,6;20,0;71,9;5,9;0,2;1,78E-1;-541,2;20,00;3,0;3,0;37,33;0,09;0,000;0,0;0,01;0,049
241;14.07.2023;11:23:06;00:04:00;250,0;18,0;18,5;17,6;20,0;73,0;6,1;0,2;1,76E-1;-541,2;20,00;3,0;3,0;37,33;0,09;0,000;0,0;0,00;0,049
242;14.07.2023;11:23:07;00:04:01;250,0;18,0;18,5;17,6;20,0;74,1;6,2;0,2;1,75E-1;-541,2;20,00;3,0;3,0;37,32;0,09;0,002;0,0;0,01;0,049
243;14.07.2023;11:23:08;00:04:02;250,0;18,0;18,5;17,6;20,0;74,6;6,3;0,2;1,74E-1;-541,2;20,00;3,0;2,9;37,32;0,09;0,000;0,0;0,01;0,049
244;14.07.2023;11:23:09;00:04:03;250,0;18,0;18,5;17,6;20,0;76,1;6,5;0,2;1,72E-1;-541,2;20,00;3,0;2,9;37,32;0,09;-0,002;0,0;0,01;0,049
245;14.07.2023;11:23:10;00:04:04;250,0;18,0;18,5;17,6;20,0;77,6;6,7;0,2;1,70E-1;-541,2;20,00;3,0;3,0;37,32;0,09;0,000;0,0;0,00;0,049
246;14.07.2023;11:23:11;00:04:05;250,0;18,0;18,5;17,6;20,0;78,4;6,8;0,2;1,69E-1;-541,2;20,00;3,0;3,0;37,32;0,09;0,000;0,0;0,01;0,049
247;14.07.2023;11:23:12;00:04:06;250,0;18,0;18,5;17,7;20,0;79,9;7,0;0,2;1,68E-1;-541,2;20,00;3,0;3,0;37,33;0,09;0,003;0,0;0,01;0,049
248;14.07.2023;11:23:13;00:04:07;250,0;17,9;18,5;17,6;19,9;81,4;7,1;0,2;1,66E-1;-541,2;20,00;3,0;3,0;37,33;0,09;0,003;0,0;0,00;0,049
249;14.07.2023;11:23:14;00:04:08;250,0;17,9;18,4;17,6;19,9;82,1;7,2;0,2;1,66E-1;-541,2;20,00;3,0;3,0;37,33;0,09;0,006;0,0;0,00;0,049
250;14.07.2023;11:23:15;00:04:09;250,0;17,9;18,4;17,6;19,9;83,8;7,4;0,2;1,64E-1;-541,2;20,00;3,0;3,0;37,32;0,09;0,006;0,0;0,00;0,049
251;14.07.2023;11:23:16;00:04:10;250,0;17,9;18,4;17,6;19,9;84,5;7,5;0,2;1,64E-1;-541,2;20,00;3,0;3,0;37,33;0,09;0,004;0,0;0,00;0,049
252;14.07.2023;11:23:17;00:04:11;250,0;17,9;18,4;17,6;19,9;86,0;7,7;0,2;1,62E-1;-541,2;20,00;3,0;3,0;37,33;0,09;0,006;0,0;0,00;0,049
253;14.07.2023;11:23:18;00:04:12;250,0;17,9;18,4;17,6;19,9;87,5;7,9;0,2;1,61E-1;-541,2;20,00;3,0;3,0;37,32;0,09;0,004;0,0;0,01;0,049
254;14.07.2023;11:23:19;00:04:13;250,0;17,9;18,4;17,6;19,9;88,3;8,0;0,2;1,60E-1;-541,2;20,00;3,0;3,0;37,32;0,09;0,002;0,0;0,01;0,049
255;14.07.2023;11:23:20;00:04:14;250,0;17,9;18,4;17,6;19,9;89,8;8,2;0,2;1,59E-1;-541,2;20,00;3,0;3,1;37,33;0,09;0,003;0,0;0,01;0,049
256;14.07.2023;11:23:21;00:04:15;250,0;17,9;18,4;17,6;19,9;91,4;8,4;0,2;1,58E-1;-541,2;20,00;3,0;3,0;37,32;0,09;0,003;0,0;0,00;0,049
257;14.07.2023;11:23:22;00:04:16;250,0;17,9;18,4;17,6;19,9;92,1;8,5;0,2;1,57E-1;-541,2;20,00;3,0;3,1;37,33;0,09;0,002;0,0;0,01;0,049
258;14.07.2023;11:23:23;00:04:17;250,0;17,9;18,4;17,6;19,9;93,6;8,7;0,2;1,56E-1;-541,2;20,00;3,0;3,0;37,33;0,09;0,000;0,0;0,01;0,049
259;14.07.2023;11:23:24;00:04:18;250,0;17,9;18,4;17,6;19,9;95,1;8,9;0,2;1,55E-1;-541,2;20,00;3,0;3,0;37,32;0,09;0,002;0,0;0,01;0,049
260;14.07.2023;11:23:25;00:04:19;250,0;17,9;18,4;17,6;19,9;95,9;9,0;0,2;1,54E-1;-541,2;20,00;3,0;2,9;37,33;0,09;0,000;0,0;0,01;0,049
261;14.07.2023;11:23:26;00:04:20;250,0;17,9;18,5;17,6;19,9;97,4;9,2;0,2;1,53E-1;-541,2;20,00;3,0;3,0;37,32;0,09;0,002;0,0;0,00;0,049
262;14.07.2023;11:23:27;00:04:21;250,0;17,9;18,5;17,6;19,9;99,0;9,5;0,2;1,52E-1;-541,2;20,00;3,0;2,9;37,33;0,09;0,000;0,0;0,00;0,049
263;14.07.2023;11:23:28;00:04:22;250,0;17,9;18,5;17,6;19,9;99,8;9,6;0,2;1,52E-1;-541,2;20,00;3,0;3,0;37,33;0,09;0,001;0,0;0,01;0,051
264;14.07.2023;11:23:29;00:04:23;250,0;17,9;18,5;17,6;19,9;101,3;9,8;0,2;1,51E-1;-541,2;20,00;3,0;3,0;37,33;0,09;0,008;0,8;3,69;0,217
265;14.07.2023;11:23:30;00:04:24;250,1;17,9;18,5;17,6;19,9;102,0;9,9;0,2;1,50E-1;-541,2;20,00;3,0;2,9;37,33;0,09;0,018;0,8;3,71;0,224
266;14.07.2023;11:23:31;00:04:25;250,0;17,9;18,5;17,6;20,0;103,5;10,1;0,1;1,49E-1;-541,2;20,00;3,0;3,0;37,33;0,09;0,024;0,8;3,73;0,225
267;14.07.2023;11:23:32;00:04:26;250,0;18,3;18,5;17,7;20,2;105,0;10,3;0,1;1,48E-1;-541,2;20,00;3,0;3,1;37,33;0,09;0,022;0,9;3,71;0,229
268;14.07.2023;11:23:33;00:04:27;250,3;18,3;18,5;17,7;20,2;105,9;10,4;0,1;1,48E-1;-541,2;20,00;3,0;3,0;37,33;0,09;0,020;0,9;3,76;0,230
269;14.07.2023;11:23:34;00:04:28;250,0;18,3;18,4;17,6;20,1;107,4;10,6;0,1;1,47E-1;-541,2;20,00;3,0;3,0;37,33;0,09;0,018;0,9;3,79;0,233
270;14.07.2023;11:23:35;00:04:29;250,0;19,8;18,4;17,6;20,3;108,9;10,7;0,1;1,46E-1;-541,2;20,00;3,0;3,0;37,33;0,09;0,019;0,9;3,76;0,234
271;14.07.2023;11:23:36;00:04:30;250,1;19,8;18,5;17,6;20,3;109,6;10,8;0,1;1,45E-1;-541,2;20,00;3,0;3,0;37,33;0,09;0,012;0,9;3,80;0,234
272;14.07.2023;11:23:37;00:04:31;250,0;22,5;18,5;17,6;20,6;111,1;10,8;0,1;1,45E-1;-541,2;20,00;3,0;3,0;37,33;0,09;0,007;0,9;3,79;0,234
273;14.07.2023;11:23:38;00:04:32;250,0;22,5;18,5;17,6;20,6;112,6;11,0;0,1;1,44E-1;-541,2;20,00;3,0;3,0;37,33;0,09;0,003;0,9;3,78;0,236
274;14.07.2023;11:23:39;00:04:33;250,1;26,7;18,5;17,6;20,7;113,5;10,7;0,1;1,43E-1;-541,2;20,00;3,0;3,0;37,33;0,09;0,000;0,9;3,75;0,236
275;14.07.2023;11:23:40;00:04:34;250,0;31,9;18,6;17,7;20,8;115,0;10,7;0,1;1,42E-1;-541,2;20,00;3,0;3,0;37,33;0,09;-0,001;0,9;3,78;0,237
276;14.07.2023;11:23:41;00:04:35;250,1;31,9;18,6;17,7;20,8;116,5;10,7;0,1;1,41E-1;-541,2;20,00;3,0;3,0;37,33;0,09;0,003;0,9;3,76;0,235
277;14.07.2023;11:23:42;00:04:36;250,2;31,9;18,7;17,7;20,8;117,3;10,8;0,1;1,41E-1;-541,2;20,00;3,0;3,0;37,33;0,09;0,009;0,9;3,79;0,234
278;14.07.2023;11:23:43;00:04:37;250,0;37,3;18,7;17,7;20,9;118,8;10,5;0,1;1,40E-1;-541,2;20,00;3,0;3,0;37,33;0,09;0,004;0,9;3,75;0,236
279;14.07.2023;11:23:44;00:04:38;250,0;37,3;18,7;17,7;20,9;119,5;10,6;0,1;1,40E-1;-541,2;20,00;3,0;3,0;37,33;0,09;0,004;0,9;3,76;0,235
280;14.07.2023;11:23:45;00:04:39;250,0;43,0;18,7;17,7;20,9;121,1;10,3;0,1;1,39E-1;-541,2;20,00;3,0;3,0;37,33;0,10;-0,001;0,9;3,74;0,234
281;14.07.2023;11:23:46;00:04:40;250,2;48,6;18,8;17,7;20,9;122,6;10,0;0,1;1,38E-1;-541,2;20,00;3,0;2,9;37,33;0,09;-0,003;0,9;3,72;0,234
282;14.07.2023;11:23:47;00:04:41;250,1;48,6;18,8;17,7;21,0;123,4;10,1;0,1;1,38E-1;-541,2;20,00;3,0;3,0;37,33;0,09;-0,002;0,9;3,73;0,234
283;14.07.2023;11:23:48;00:04:42;250,2;54,1;18,9;17,8;21,0;124,9;10,3;0,1;1,37E-1;-541,2;20,00;3,0;3,0;37,33;0,09;0,003;0,9;3,75;0,234
284;14.07.2023;11:23:49;00:04:43;250,1;54,1;18,9;17,8;21,1;126,4;10,0;0,1;1,36E-1;-541,2;20,00;3,0;3,0;37,33;0,10;0,009;0,9;3,70;0,234
285;14.07.2023;11:23:50;00:04:44;250,1;59,4;19,0;17,8;21,1;127,1;9,8;0,1;1,36E-1;-541,2;20,00;3,0;3,0;37,33;0,09;0,007;0,9;3,70;0,234
286;14.07.2023;11:23:51;00:04:45;250,1;59,4;19,1;17,9;21,1;128,8;9,9;0,1;1,35E-1;-541,2;20,00;3,0;3,0;37,33;0,09;0,000;0,9;3,68;0,231
287;14.07.2023;11:23:52;00:04:46;250,0;64,5;19,1;17,9;21,1;130,3;9,7;0,1;1,34E-1;-541,2;20,00;3,0;3,0;37,33;0,10;-0,003;0,9;3,71;0,234
288;14.07.2023;11:23:53;00:04:47;250,1;64,5;19,1;17,9;21,1;131,0;9,7;0,1;1,34E-1;-541,2;20,00;3,0;3,0;37,33;0,09;-0,002;0,9;3,69;0,233
289;14.07.2023;11:23:54;00:04:48;250,0;64,5;19,2;17,9;21,1;132,5;9,9;0,1;1,33E-1;-541,2;20,00;3,0;3,0;37,33;0,10;-0,002;0,9;3,68;0,234
290;14.07.2023;11:23:55;00:04:49;250,0;69,7;19,2;18,0;21,1;133,3;9,6;0,1;1,33E-1;-541,2;20,00;3,0;3,0;37,33;0,09;0,000;0,9;3,68;0,234
291;14.07.2023;11:23:56;00:04:50;250,2;69,7;19,3;18,1;21,1;134,8;9,7;0,1;1,32E-1;-541,2;20,00;3,0;3,0;37,33;0,09;0,000;0,9;3,70;0,233
292;14.07.2023;11:23:57;00:04:51;250,0;74,7;19,3;18,1;21,1;136,4;9,5;0,1;1,31E-1;-541,2;20,00;3,0;3,0;37,33;0,09;0,003;0,8;3,61;0,230
293;14.07.2023;11:23:58;00:04:52;250,0;74,7;19,4;18,1;21,1;137,1;9,6;0,1;1,31E-1;-541,2;20,00;3,0;3,0;37,33;0,09;0,000;0,8;3,63;0,231
294;14.07.2023;11:23:59;00:04:53;250,2;79,5;19,4;18,1;21,1;138,6;9,4;0,1;1,30E-1;-541,2;20,00;3,0;3,0;37,33;0,09;0,004;0,9;3,67;0,230
295;14.07.2023;11:24:00;00:04:54;250,0;84,1;19,5;18,2;21,1;140,1;9,2;0,1;1,30E-1;-541,2;20,00;3,0;2,9;37,33;0,09;0,001;0,8;3,68;0,230
296;14.07.2023;11:24:01;00:04:55;250,1;84,1;19,5;18,2;21,1;140,9;9,2;0,1;1,29E-1;-541,2;20,00;3,0;3,1;37,33;0,10;0,003;0,8;3,63;0,228
297;14.07.2023;11:24:02;00:04:56;250,0;88,2;19,6;18,3;21,1;142,4;9,1;0,1;1,29E-1;-541,2;20,00;3,0;3,0;37,33;0,10;0,002;0,8;3,63;0,230
298;14.07.2023;11:24:03;00:04:57;250,0;88,2;19,6;18,3;21,1;144,0;9,2;0,1;1,28E-1;-541,2;20,00;3,0;3,0;37,33;0,10;0,003;0,8;3,61;0,230
299;14.07.2023;11:24:04;00:04:58;250,0;88,2;19,6;18,4;21,1;144,8;9,3;0,1;1,28E-1;-541,2;20,00;3,0;3,0;37,33;0,09;0,000;0,8;3,64;0,230
300;14.07.2023;11:24:05;00:04:59;250,1;92,1;19,6;18,4;21,1;146,3;9,2;0,1;1,27E-1;-541,2;20,00;3,0;3,1;37,33;0,09;0,005;0,8;3,65;0,230
301;14.07.2023;11:24:06;00:05:00;250,0;96,0;19,7;18,5;21,2;147,8;9,0;0,1;1,26E-1;-541,2;20,00;3,0;3,0;37,33;0,10;0,000;0,8;3,60;0,230
302;14.07.2023;11:24:07;00:05:01;250,1;96,0;19,7;18,5;21,2;148,5;9,1;0,1;1,26E-1;-541,2;20,00;3,0;3,0;37,33;0,09;0,000;0,8;3,62;0,230
303;14.07.2023;11:24:08;00:05:02;250,0;99,8;19,8;18,5;21,2;150,0;9,3;0,1;1,25E-1;-541,2;20,00;3,0;3,0;37,33;0,10;0,004;0,8;3,62;0,230
304;14.07.2023;11:24:09;00:05:03;250,0;99,8;19,8;18,5;21,2;150,8;9,0;0,1;1,25E-1;-541,2;20,00;3,0;3,0;37,33;0,09;0,008;0,8;3,63;0,230
305;14.07.2023;11:24:10;00:05:04;250,0;103,4;19,9;18,6;21,2;152,4;8,9;0,1;1,24E-1;-541,2;20,00;3,0;2,9;37,33;0,09;0,005;0,8;3,61;0,230
306;14.07.2023;11:24:11;00:05:05;250,0;103,4;20,0;18,6;21,2;153,9;9,1;0,1;1,23E-1;-541,2;20,00;3,0;3,0;37,33;0,10;0,004;0,8;3,65;0,230
307;14.07.2023;11:24:12;00:05:06;250,0;103,4;20,0;18,6;21,2;154,6;9,1;0,1;1,23E-1;-541,2;20,00;3,0;3,0;37,33;0,09;0,002;0,8;3,59;0,230
308;14.07.2023;11:24:13;00:05:07;250,0;107,0;20,0;18,7;21,2;156,1;9,0;0,1;1,22E-1;-541,2;20,00;3,0;3,0;37,33;0,10;0,002;0,8;3,58;0,230
309;14.07.2023;11:24:14;00:05:08;250,1;107,0;20,0;18,7;21,2;157,6;9,2;0,1;1,22E-1;-541,2;20,00;3,0;3,1;37,33;0,09;-0,001;0,8;3,57;0,230
310;14.07.2023;11:24:15;00:05:09;250,0;110,6;20,1;18,8;21,3;158,4;9,0;0,1;1,21E-1;-541,2;20,00;3,0;3,0;37,33;0,10;-0,001;0,8;3,65;0,230
311;14.07.2023;11:24:16;00:05:10;250,1;114,1;20,1;18,8;21,3;160,0;9,1;0,1;1,21E-1;-541,2;20,00;3,0;3,0;37,33;0,10;0,003;0,8;3,61;0,230
312;14.07.2023;11:24:17;00:05:11;250,0;114,1;20,1;18,8;21,2;161,5;9,0;0,1;1,20E-1;-541,2;20,00;3,0;3,0;37,33;0,09;0,005;0,8;3,61;0,230
313;14.07.2023;11:24:18;00:05:12;250,0;114,1;20,2;18,8;21,2;162,3;9,1;0,1;1,20E-1;-541,2;20,00;3,0;2,9;37,33;0,10;0,002;0,8;3,58;0,231
314;14.07.2023;11:24:19;00:05:13;250,1;117,5;20,2;18,9;21,3;163,8;9,0;0,1;1,19E-1;-541,2;20,00;3,0;3,0;37,33;0,10;0,005;0,8;3,63;0,230
315;14.07.2023;11:24:20;00:05:14;250,1;120,8;20,3;19,0;21,3;165,3;8,9;0,1;1,18E-1;-541,2;20,00;3,0;3,0;37,33;0,10;0,004;0,8;3,64;0,230
316;14.07.2023;11:24:21;00:05:15;250,0;120,8;20,3;19,0;21,3;166,0;8,9;0,1;1,18E-1;-541,2;20,00;3,0;2,9;37,33;0,10;0,003;0,8;3,59;0,230
317;14.07.2023;11:24:22;00:05:16;250,1;120,8;20,3;19,0;21,3;167,6;9,1;0,1;1,17E-1;-541,2;20,00;3,0;3,0;37,33;0,10;0,001;0,8;3,61;0,230
318;14.07.2023;11:24:23;00:05:17;250,1;123,7;20,3;19,0;21,3;168,4;9,0;0,1;1,17E-1;-541,2;20,00;3,0;3,0;37,33;0,10;0,003;0,8;3,64;0,230
319;14.07.2023;11:24:24;00:05:18;250,0;123,7;20,4;19,1;21,3;169,9;9,1;0,1;1,16E-1;-541,2;20,00;3,0;3,0;37,33;0,10;0,003;0,8;3,61;0,231
320;14.07.2023;11:24:25;00:05:19;250,0;126,7;20,4;19,1;21,3;171,4;9,0;0,1;1,16E-1;-541,2;20,00;3,0;3,0;37,33;0,10;0,004;0,8;3,62;0,232
321;14.07.2023;11:24:26;00:05:20;250,0;129,6;20,5;19,2;21,3;172,1;9,0;0,1;1,15E-1;-541,2;20,00;3,0;3,0;37,33;0,10;0,006;0,8;3,62;0,231
322;14.07.2023;11:24:27;00:05:21;250,2;129,6;20,5;19,2;21,3;173,6;9,0;0,1;1,15E-1;-541,2;20,00;3,0;3,0;37,33;0,10;0,002;0,8;3,57;0,230
323;14.07.2023;11:24:28;00:05:22;250,2;132,5;20,5;19,3;21,4;175,3;9,0;0,1;1,14E-1;-541,2;20,00;3,0;3,0;37,33;0,10;0,002;0,8;3,59;0,233
324;14.07.2023;11:24:29;00:05:23;250,0;132,5;20,5;19,3;21,4;176,0;9,1;0,1;1,14E-1;-541,2;20,00;3,0;3,0;37,33;0,09;0,001;0,8;3,61;0,231
325;14.07.2023;11:24:30;00:05:24;250,1;135,2;20,6;19,3;21,4;177,5;9,0;0,1;1,13E-1;-541,2;20,00;3,0;3,0;37,33;0,10;-0,003;0,8;3,59;0,233
326;14.07.2023;11:24:31;00:05:25;250,1;135,2;20,6;19,3;21,4;179,0;9,1;0,1;1,13E-1;-541,2;20,00;3,0;3,0;37,33;0,10;-0,002;0,8;3,59;0,231
327;14.07.2023;11:24:32;00:05:26;250,0;135,2;20,6;19,3;21,4;179,8;9,2;0,1;1,12E-1;-541,2;20,00;3,0;3,0;37,33;0,10;-0,001;0,8;3,61;0,234
328;14.07.2023;11:24:33;00:05:27;250,1;138,0;20,6;19,4;21,4;181,3;9,2;0,1;1,12E-1;-541,2;20,00;3,0;3,0;37,33;0,10;-0,001;0,8;3,60;0,230
329;14.07.2023;11:24:34;00:05:28;250,0;138,0;20,7;19,4;21,4;182,1;9,3;0,1;1,12E-1;-541,2;20,00;3,0;3,0;37,33;0,09;0,002;0,8;3,58;0,233
330;14.07.2023;11:24:35;00:05:29;250,1;140,8;20,7;19,4;21,4;183,6;9,2;0,1;1,11E-1;-541,2;20,00;3,0;3,1;37,33;0,10;0,002;0,8;3,61;0,234
331;14.07.2023;11:24:36;00:05:30;250,2;143,6;20,7;19,5;21,4;185,1;9,2;0,1;1,11E-1;-541,2;20,00;3,0;3,0;37,33;0,10;0,000;0,8;3,63;0,234
332;14.07.2023;11:24:37;00:05:31;250,3;143,6;20,7;19,5;21,4;185,9;9,2;0,1;1,10E-1;-541,2;20,00;3,0;3,0;37,33;0,10;0,003;0,9;3,64;0,234
333;14.07.2023;11:24:38;00:05:32;250,1;143,6;20,8;19,5;21,4;187,4;9,4;0,1;1,10E-1;-541,2;20,00;3,0;3,0;37,33;0,10;0,001;0,9;3,62;0,234
334;14.07.2023;11:24:39;00:05:33;250,0;146,4;20,8;19,5;21,4;188,9;9,3;0,1;1,09E-1;-541,2;20,00;3,0;3,0;37,33;0,09;-0,001;0,9;3,61;0,234
335;14.07.2023;11:24:40;00:05:34;250,0;146,4;20,8;19,5;21,4;189,8;9,4;0,1;1,09E-1;-541,2;20,00;3,0;3,0;37,33;0,10;-0,004;0,8;3,64;0,234
336;14.07.2023;11:24:41;00:05:35;250,0;149,0;20,8;19,6;21,5;191,3;9,3;0,1;1,09E-1;-541,2;20,00;3,0;3,0;37,33;0,09;-0,004;0,8;3,61;0,234
337;14.07.2023;11:24:42;00:05:36;250,0;149,0;20,9;19,7;21,5;192,8;9,5;0,1;1,08E-1;-541,2;20,00;3,0;3,0;37,33;0,09;-0,001;0,8;3,63;0,234
338;14.07.2023;11:24:43;00:05:37;250,0;151,5;20,9;19,7;21,5;193,5;9,4;0,1;1,08E-1;-541,2;20,00;3,0;3,0;37,33;0,09;-0,001;0,9;3,63;0,234
339;14.07.2023;11:24:44;00:05:38;250,1;154,0;21,0;19,7;21,5;195,0;9,5;0,1;1,07E-1;-541,2;20,00;3,0;3,0;37,33;0,09;0,004;0,9;3,62;0,234
340;14.07.2023;11:24:45;00:05:39;250,3;154,0;21,0;19,7;21,4;196,5;9,5;0,1;1,07E-1;-541,2;20,00;3,0;3,0;37,33;0,10;0,004;0,8;3,60;0,234
341;14.07.2023;11:24:46;00:05:40;250,0;156,4;21,0;19,8;21,4;197,4;9,4;0,1;1,07E-1;-541,2;20,00;3,0;3,0;37,33;0,09;0,005;0,9;3,63;0,234
342;14.07.2023;11:24:47;00:05:41;250,0;156,4;21,0;19,8;21,4;198,9;9,5;0,1;1,06E-1;-541,2;20,00;3,0;3,0;37,33;0,10;0,003;0,9;3,59;0,234
343;14.07.2023;11:24:48;00:05:42;250,0;156,4;21,0;19,8;21,4;199,6;9,6;0,1;1,06E-1;-541,2;20,00;3,0;3,0;37,33;0,09;0,001;0,9;3,66;0,238
344;14.07.2023;11:24:49;00:05:43;250,0;158,8;21,0;19,8;21,5;201,1;9,6;0,1;1,05E-1;-541,2;20,00;3,0;3,0;37,33;0,10;-0,002;0,9;3,63;0,237
345;14.07.2023;11:24:50;00:05:44;250,0;161,2;21,1;19,9;21,5;202,6;9,5;0,1;1,05E-1;-541,2;20,00;3,0;3,0;37,33;0,10;0,001;0,9;3,65;0,239
346;14.07.2023;11:24:51;00:05:45;250,0;161,2;21,1;19,9;21,5;203,4;9,6;0,1;1,05E-1;-541,2;20,00;3,0;2,9;37,33;0,10;0,000;0,9;3,65;0,237
347;14.07.2023;11:24:52;00:05:46;250,0;163,5;21,1;19,9;21,5;205,0;9,8;0,1;1,04E-1;-541,2;20,00;3,0;2,9;37,33;0,10;0,002;0,9;3,63;0,239
348;14.07.2023;11:24:53;00:05:47;250,0;163,5;21,1;19,9;21,5;206,5;9,8;0,1;1,04E-1;-541,2;20,00;3,0;3,0;37,33;0,09;0,004;0,9;3,66;0,239
349;14.07.2023;11:24:54;00:05:48;250,0;163,5;21,1;19,9;21,5;207,3;9,9;0,1;1,03E-1;-541,2;20,00;3,0;3,0;37,33;0,10;0,003;0,9;3,67;0,239
350;14.07.2023;11:24:55;00:05:49;250,1;166,0;21,2;19,9;21,5;208,8;9,8;0,1;1,03E-1;-541,2;20,00;3,0;3,0;37,33;0,10;0,004;0,9;3,67;0,239
351;14.07.2023;11:24:56;00:05:50;250,0;166,0;21,2;20,0;21,5;210,3;10,0;0,1;1,03E-1;-541,2;20,00;3,0;3,0;37,33;0,09;0,001;0,9;3,67;0,239
352;14.07.2023;11:24:57;00:05:51;250,0;168,5;21,2;20,0;21,5;211,0;10,1;0,1;1,02E-1;-541,2;20,00;3,0;3,0;37,33;0,10;-0,002;0,9;3,68;0,242
353;14.07.2023;11:24:58;00:05:52;250,1;168,5;21,2;20,0;21,5;212,6;10,0;0,1;1,02E-1;-541,2;20,00;3,0;3,0;37,33;0,10;0,001;0,9;3,69;0,242
354;14.07.2023;11:24:59;00:05:53;250,1;171,0;21,2;20,0;21,5;214,1;10,0;0,1;1,01E-1;-541,2;20,00;3,0;3,0;37,33;0,09;0,001;0,9;3,66;0,241
355;14.07.2023;11:25:00;00:05:54;250,1;171,0;21,3;20,1;21,5;214,9;10,1;0,1;1,01E-1;-541,2;20,00;3,0;2,9;37,33;0,10;0,000;0,9;3,67;0,240
356;14.07.2023;11:25:01;00:05:55;250,1;173,5;21,3;20,1;21,5;216,4;10,0;0,1;1,01E-1;-541,2;20,00;3,0;3,0;37,33;0,10;0,010;0,9;3,68;0,241
357;14.07.2023;11:25:02;00:05:56;250,0;173,5;21,3;20,1;21,5;217,1;10,1;0,1;1,00E-1;-541,2;20,00;3,0;3,0;37,33;0,10;0,008;0,9;3,70;0,241
358;14.07.2023;11:25:03;00:05:57;250,1;175,7;21,3;20,1;21,5;218,6;10,1;0,1;1,00E-1;-541,2;20,00;3,0;3,0;37,33;0,09;0,004;0,9;3,67;0,242
359;14.07.2023;11:25:04;00:05:58;250,1;178,0;21,4;20,2;21,6;220,3;10,1;0,1;9,96E-2;-541,2;20,00;3,0;3,0;37,33;0,09;0,002;0,9;3,68;0,244
360;14.07.2023;11:25:05;00:05:59;250,0;178,0;21,4;20,2;21,6;221,0;10,2;0,1;9,93E-2;-541,2;20,00;3,0;3,1;37,33;0,10;-0,002;0,9;3,66;0,244
361;14.07.2023;11:25:06;00:06:00;250,2;178,0;21,4;20,2;21,6;222,5;10,3;0,1;9,89E-2;-541,2;20,00;3,0;3,0;37,33;0,09;-0,002;0,9;3,69;0,244
362;14.07.2023;11:25:07;00:06:01;250,0;180,1;21,4;20,2;21,7;224,0;10,3;0,1;9,85E-2;-541,2;20,00;3,0;3,0;37,33;0,10;-0,003;0,9;3,71;0,244
363;14.07.2023;11:25:08;00:06:02;250,1;180,1;21,4;20,2;21,7;224,8;10,4;0,1;9,82E-2;-541,2;20,00;3,0;3,1;37,33;0,10;-0,002;0,9;3,71;0,244
364;14.07.2023;11:25:09;00:06:03;250,1;182,3;21,5;20,3;21,7;226,3;10,4;0,1;9,79E-2;-541,2;20,00;3,0;3,0;37,33;0,10;0,001;0,9;3,69;0,244
365;14.07.2023;11:25:10;00:06:04;250,1;182,3;21,5;20,3;21,7;227,9;10,6;0,1;9,74E-2;-541,2;20,00;3,0;3,0;37,33;0,10;-0,002;0,9;3,73;0,247
366;14.07.2023;11:25:11;00:06:05;250,2;184,4;21,5;20,3;21,7;228,6;10,5;0,1;9,72E-2;-541,2;20,00;3,0;3,0;37,33;0,10;0,003;0,9;3,72;0,247
367;14.07.2023;11:25:12;00:06:06;250,2;186,6;21,5;20,4;21,7;230,1;10,6;0,1;9,68E-2;-541,2;20,00;3,0;3,1;37,33;0,10;0,000;0,9;3,72;0,247
368;14.07.2023;11:25:13;00:06:07;250,0;186,6;21,5;20,4;21,7;230,9;10,5;0,1;9,66E-2;-541,2;20,00;3,0;3,0;37,33;0,10;-0,001;0,9;3,73;0,248
369;14.07.2023;11:25:14;00:06:08;250,1;186,5;21,4;20,3;21,6;232,4;10,7;0,1;9,62E-2;-541,2;20,00;3,0;3,1;37,33;0,10;-0,003;0,9;3,71;0,245
370;14.07.2023;11:25:15;00:06:09;250,2;188,8;21,5;20,3;21,6;233,9;10,7;0,1;9,57E-2;-541,2;20,00;3,0;3,0;37,33;0,09;0,000;0,9;3,70;0,249
371;14.07.2023;11:25:16;00:06:10;250,1;188,8;21,5;20,3;21,6;234,6;10,8;0,1;9,56E-2;-541,2;20,00;3,0;3,0;37,33;0,10;-0,003;0,9;3,72;0,249
372;14.07.2023;11:25:17;00:06:11;250,0;191,1;21,5;20,4;21,6;236,3;10,8;0,1;9,51E-2;-541,2;20,00;3,0;3,0;37,33;0,10;-0,002;0,9;3,75;0,249
373;14.07.2023;11:25:18;00:06:12;250,0;191,1;21,5;20,4;21,6;237,8;10,9;0,1;9,47E-2;-541,2;20,00;3,0;3,0;37,33;0,10;-0,001;0,9;3,73;0,249
374;14.07.2023;11:25:19;00:06:13;250,0;193,4;21,6;20,4;21,6;238,5;10,8;0,1;9,45E-2;-541,2;20,00;3,0;3,0;37,33;0,10;0,001;0,9;3,76;0,250
375;14.07.2023;11:25:20;00:06:14;250,1;193,4;21,6;20,4;21,6;240,0;11,0;0,1;9,41E-2;-541,2;20,00;3,0;3,0;37,33;0,10;0,008;0,9;3,74;0,251
376;14.07.2023;11:25:21;00:06:15;250,2;195,6;21,6;20,4;21,6;241,5;10,9;0,1;9,38E-2;-541,2;20,00;3,0;3,0;37,33;0,10;0,002;0,9;3,73;0,249
377;14.07.2023;11:25:22;00:06:16;250,0;195,6;21,7;20,4;21,6;242,3;11,0;0,1;9,35E-2;-541,2;20,00;3,0;3,0;37,33;0,09;0,002;0,9;3,77;0,251
378;14.07.2023;11:25:23;00:06:17;250,0;197,7;21,7;20,5;21,7;243,9;11,0;0,1;9,31E-2;-541,2;20,00;3,0;3,0;37,33;0,09;0,002;1,0;3,74;0,252
379;14.07.2023;11:25:24;00:06:18;250,1;199,9;21,7;20,5;21,7;245,4;11,1;0,1;9,28E-2;-541,2;20,00;3,0;3,0;37,33;0,10;-0,004;1,0;3,76;0,254
380;14.07.2023;11:25:25;00:06:19;250,0;199,9;21,7;20,5;21,7;246,1;11,1;0,1;9,25E-2;-541,2;20,00;3,0;2,9;37,33;0,09;-0,003;1,0;3,76;0,254
381;14.07.2023;11:25:26;00:06:20;250,1;199,9;21,8;20,6;21,7;247,6;11,3;0,1;9,22E-2;-541,2;20,00;3,0;2,9;37,33;0,10;0,000;1,0;3,79;0,254
382;14.07.2023;11:25:27;00:06:21;250,2;202,0;21,8;20,6;21,7;248,4;11,2;0,1;9,20E-2;-541,2;20,00;3,0;3,0;37,33;0,10;0,001;1,0;3,80;0,254
383;14.07.2023;11:25:28;00:06:22;250,0;202,0;21,8;20,6;21,7;250,0;11,4;0,1;9,16E-2;-541,2;20,00;3,0;3,0;37,33;0,09;0,007;1,0;3,81;0,254
384;14.07.2023;11:25:29;00:06:23;250,0;204,1;21,8;20,6;21,7;251,5;11,4;0,1;9,12E-2;-541,2;20,00;3,0;3,0;37,33;0,10;-0,001;1,0;3,78;0,254
385;14.07.2023;11:25:30;00:06:24;250,1;206,2;21,8;20,7;21,7;252,3;11,4;0,1;9,11E-2;-541,2;20,00;3,0;3,0;37,33;0,10;0,000;1,0;3,79;0,254
386;14.07.2023;11:25:31;00:06:25;250,1;206,2;21,8;20,7;21,7;253,8;11,4;0,1;9,08E-2;-541,2;20,00;3,0;3,0;37,33;0,10;-0,002;1,0;3,80;0,254
387;14.07.2023;11:25:32;00:06:26;250,0;208,3;21,9;20,7;21,8;255,3;11,5;0,1;9,05E-2;-541,2;20,00;3,0;3,0;37,33;0,10;0,001;1,0;3,81;0,257
388;14.07.2023;11:25:33;00:06:27;250,0;208,3;21,9;20,7;21,8;256,0;11,5;0,1;9,05E-2;-541,2;20,00;3,0;2,9;37,33;0,10;0,000;1,0;3,81;0,256
389;14.07.2023;11:25:34;00:06:28;250,0;208,3;21,9;20,7;21,8;257,6;11,7;0,1;9,01E-2;-541,2;20,00;3,0;2,9;37,33;0,10;0,002;1,0;3,81;0,256
390;14.07.2023;11:25:35;00:06:29;250,0;210,5;21,9;20,8;21,8;259,1;11,7;0,1;8,97E-2;-541,2;20,00;3,0;3,0;37,33;0,10;0,003;1,0;3,84;0,258
391;14.07.2023;11:25:36;00:06:30;250,0;210,5;21,9;20,8;21,8;259,9;11,8;0,1;8,95E-2;-541,2;20,00;3,0;3,0;37,33;0,10;-0,001;1,0;3,82;0,259
392;14.07.2023;11:25:37;00:06:31;250,0;212,8;21,9;20,8;21,8;261,4;11,7;0,1;8,92E-2;-541,2;20,00;3,0;3,0;37,33;0,10;0,003;1,0;3,84;0,259
393;14.07.2023;11:25:38;00:06:32;250,0;212,8;22,0;20,8;21,8;262,1;11,8;0,1;8,90E-2;-541,2;20,00;3,0;3,0;37,33;0,10;0,005;1,0;3,80;0,259
394;14.07.2023;11:25:39;00:06:33;250,0;215,0;22,0;20,8;21,8;263,6;11,8;0,1;8,87E-2;-541,2;20,00;3,0;3,0;37,33;0,10;0,003;1,0;3,81;0,261
395;14.07.2023;11:25:40;00:06:34;250,1;215,0;22,0;20,9;21,8;265,3;12,0;0,1;8,83E-2;-541,2;20,00;3,0;3,0;37,33;0,10;0,000;1,0;3,87;0,264
396;14.07.2023;11:25:41;00:06:35;250,1;215,0;22,0;20,9;21,8;266,0;12,1;0,1;8,81E-2;-541,2;20,00;3,0;3,0;37,33;0,10;0,000;1,0;3,80;0,264
397;14.07.2023;11:25:42;00:06:36;250,0;217,3;22,0;20,9;21,8;267,5;12,1;0,1;8,77E-2;-541,2;20,00;3,0;3,1;37,33;0,10;0,004;1,0;3,83;0,261
398;14.07.2023;11:25:43;00:06:37;250,0;219,5;22,1;20,9;21,8;269,0;12,1;0,1;8,74E-2;-541,2;20,00;3,0;3,0;37,33;0,10;0,008;1,0;3,84;0,261
399;14.07.2023;11:25:44;00:06:38;250,0;219,5;22,1;20,9;21,8;269,8;12,1;0,1;8,72E-2;-541,2;20,00;3,0;3,0;37,33;0,10;0,003;1,0;3,84;0,264
400;14.07.2023;11:25:45;00:06:39;250,0;221,7;22,2;21,0;21,9;271,3;12,1;0,1;8,69E-2;-541,2;20,00;3,0;3,0;37,33;0,10;0,000;1,0;3,82;0,261
401;14.07.2023;11:25:46;00:06:40;250,0;221,7;22,2;21,0;21,9;272,9;12,3;0,1;8,65E-2;-541,2;20,00;3,0;3,0;37,33;0,10;0,000;1,0;3,87;0,264
402;14.07.2023;11:25:47;00:06:41;250,0;223,9;22,2;21,0;21,9;273,6;12,2;0,1;8,64E-2;-541,2;20,00;3,0;3,1;37,33;0,10;-0,001;1,0;3,86;0,264
403;14.07.2023;11:25:48;00:06:42;250,0;226,0;22,2;21,1;21,9;275,1;12,4;0,1;8,60E-2;-541,2;20,00;3,0;3,0;37,33;0,10;-0,003;1,0;3,85;0,264
404;14.07.2023;11:25:49;00:06:43;250,0;226,0;22,2;21,1;21,9;276,6;12,4;0,1;8,57E-2;-541,2;20,00;3,0;2,9;37,33;0,10;-0,001;1,0;3,86;0,264
405;14.07.2023;11:25:50;00:06:44;250,1;226,0;22,3;21,1;21,9;277,4;12,5;0,1;8,56E-2;-541,2;20,00;3,0;3,0;37,33;0,10;-0,001;1,0;3,87;0,264
406;14.07.2023;11:25:51;00:06:45;250,0;228,1;22,3;21,1;21,9;278,9;12,5;0,1;8,53E-2;-541,2;20,00;3,0;3,0;37,33;0,09;0,004;1,0;3,91;0,267
407;14.07.2023;11:25:52;00:06:46;250,0;228,1;22,3;21,1;21,9;279,8;12,6;0,1;8,51E-2;-541,2;20,00;3,0;3,0;37,33;0,10;0,002;1,0;3,91;0,269
408;14.07.2023;11:25:53;00:06:47;250,2;230,2;22,3;21,1;21,9;281,3;12,6;0,1;8,47E-2;-541,2;20,00;3,0;3,1;37,33;0,10;0,007;1,0;3,90;0,267
409;14.07.2023;11:25:54;00:06:48;250,1;230,2;22,4;21,2;22,0;282,8;12,7;0,1;8,44E-2;-541,2;20,00;3,0;3,0;37,33;0,10;0,006;1,0;3,89;0,269
410;14.07.2023;11:25:55;00:06:49;250,3;232,5;22,4;21,2;22,0;283,5;12,6;0,1;8,42E-2;-541,2;20,00;3,0;3,0;37,33;0,10;0,003;1,0;3,90;0,270
411;14.07.2023;11:25:56;00:06:50;250,1;232,5;22,5;21,3;22,0;285,0;12,8;0,1;8,40E-2;-541,2;20,00;3,0;3,0;37,33;0,10;0,003;1,0;3,87;0,270
412;14.07.2023;11:25:57;00:06:51;250,1;234,7;22,5;21,3;22,0;286,5;12,8;0,1;8,36E-2;-541,2;20,00;3,0;3,1;37,33;0,10;0,002;1,0;3,89;0,269
413;14.07.2023;11:25:58;00:06:52;250,1;234,7;22,5;21,3;22,0;287,4;12,9;0,1;8,35E-2;-541,2;20,00;3,0;3,0;37,33;0,10;-0,001;1,1;3,93;0,269
414;14.07.2023;11:25:59;00:06:53;250,0;236,9;22,5;21,3;22,0;288,9;12,9;0,1;8,31E-2;-541,2;20,00;3,0;3,1;37,33;0,10;0,003;1,1;3,90;0,273
415;14.07.2023;11:26:00;00:06:54;250,1;239,2;22,6;21,4;22,0;290,4;12,9;0,1;8,29E-2;-541,2;20,00;3,0;3,0;37,33;0,10;-0,003;1,1;3,95;0,274
416;14.07.2023;11:26:01;00:06:55;250,1;239,2;22,6;21,4;22,0;291,1;12,9;0,1;8,27E-2;-541,2;20,00;3,0;3,0;37,33;0,10;-0,006;1,1;3,93;0,270
417;14.07.2023;11:26:02;00:06:56;250,2;239,2;22,6;21,4;22,0;292,6;13,1;0,1;8,24E-2;-541,2;20,00;3,0;3,0;37,33;0,10;-0,004;1,1;3,92;0,274
418;14.07.2023;11:26:03;00:06:57;250,0;241,3;22,6;21,4;22,1;293,4;13,1;0,1;8,22E-2;-541,2;20,00;3,0;3,0;37,33;0,10;-0,007;1,1;3,94;0,274
419;14.07.2023;11:26:04;00:06:58;250,0;241,3;22,6;21,5;22,1;295,0;13,2;0,1;8,19E-2;-541,2;20,00;3,0;3,0;37,33;0,10;-0,006;1,1;3,93;0,274
420;14.07.2023;11:26:05;00:06:59;250,0;243,4;22,6;21,5;22,1;296,5;13,2;0,1;8,16E-2;-541,2;20,00;3,0;3,0;37,33;0,10;0,001;1,1;3,91;0,274
421;14.07.2023;11:26:06;00:07:00;250,0;243,4;22,7;21,5;22,1;297,3;13,3;0,1;8,14E-2;-541,2;20,00;3,0;3,0;37,33;0,10;0,002;1,1;3,93;0,274
422;14.07.2023;11:26:07;00:07:01;250,0;245,5;22,7;21,5;22,1;298,8;13,3;0,1;8,12E-2;-541,2;20,00;3,0;3,0;37,33;0,10;-0,003;1,1;3,96;0,274
423;14.07.2023;11:26:08;00:07:02;250,0;247,6;22,7;21,6;22,1;300,3;13,5;0,1;8,08E-2;-541,2;20,00;3,0;3,1;37,33;0,10;0,004;1,1;4,01;0,275
424;14.07.2023;11:26:09;00:07:03;250,3;247,6;22,7;21,6;22,2;301,1;13,4;0,1;8,07E-2;-541,2;20,00;3,0;3,1;37,33;0,10;0,006;1,1;3,96;0,275
425;14.07.2023;11:26:10;00:07:04;250,2;247,6;22,8;21,6;22,2;302,8;13,6;0,1;8,04E-2;-541,2;20,00;3,0;3,0;37,33;0,10;-0,005;1,1;3,97;0,278
426;14.07.2023;11:26:11;00:07:05;250,0;249,7;22,8;21,6;22,1;304,4;13,6;0,1;8,01E-2;-541,2;20,00;3,0;2,9;37,33;0,10;-0,001;1,1;3,97;0,277
427;14.07.2023;11:26:12;00:07:06;250,2;249,7;22,8;21,6;22,1;305,2;13,7;0,1;8,00E-2;-541,2;20,00;3,0;3,0;37,33;0,10;0,003;1,1;3,94;0,275
428;14.07.2023;11:26:13;00:07:07;250,0;251,8;22,8;21,6;22,2;306,8;13,7;0,1;7,97E-2;-541,2;20,00;3,0;3,0;37,33;0,09;0,001;1,1;3,97;0,278
429;14.07.2023;11:26:14;00:07:08;250,1;251,7;22,7;21,6;22,1;308,4;13,9;0,1;7,94E-2;-541,2;20,00;3,0;3,0;37,33;0,10;-0,002;1,1;3,98;0,278
430;14.07.2023;11:26:15;00:07:09;250,0;254,0;22,8;21,6;22,1;309,2;13,8;0,1;7,93E-2;-541,2;20,00;3,0;3,0;37,33;0,10;0,001;1,1;4,00;0,279
431;14.07.2023;11:26:16;00:07:10;250,0;254,0;22,8;21,6;22,1;310,9;14,0;0,1;7,89E-2;-541,2;20,00;3,0;3,0;37,33;0,09;0,000;1,1;3,95;0,282
432;14.07.2023;11:26:17;00:07:11;250,0;254,0;22,8;21,6;22,1;311,7;14,1;0,1;7,88E-2;-541,2;20,00;3,0;3,0;37,33;0,10;-0,004;1,1;4,00;0,282
433;14.07.2023;11:26:18;00:07:12;250,0;256,2;22,8;21,6;22,1;313,3;14,1;0,1;7,85E-2;-541,2;20,00;3,0;3,0;37,33;0,10;0,004;1,1;3,98;0,283
434;14.07.2023;11:26:19;00:07:13;250,0;258,5;22,9;21,7;22,1;314,9;14,1;0,1;7,83E-2;-541,2;20,00;3,0;3,0;37,33;0,10;0,003;1,1;4,02;0,283
435;14.07.2023;11:26:20;00:07:14;250,0;258,5;22,9;21,7;22,1;315,7;14,2;0,1;7,81E-2;-541,2;20,00;3,0;3,0;37,33;0,10;0,004;1,1;4,04;0,283
436;14.07.2023;11:26:21;00:07:15;250,0;260,8;22,9;21,7;22,1;317,3;14,2;0,1;7,79E-2;-541,2;20,00;3,0;3,0;37,33;0,10;0,003;1,1;4,00;0,283
437;14.07.2023;11:26:22;00:07:16;250,0;260,8;23,0;21,7;22,1;319,1;14,4;0,1;7,76E-2;-541,2;20,00;3,0;3,0;37,33;0,10;0,003;1,2;4,02;0,286
438;14.07.2023;11:26:23;00:07:17;250,2;262,9;23,0;21,8;22,1;319,9;14,3;0,1;7,75E-2;-541,2;20,00;3,0;3,0;37,33;0,10;0,006;1,1;4,01;0,286
439;14.07.2023;11:26:24;00:07:18;250,0;262,9;23,0;21,8;22,1;321,5;14,5;0,1;7,74E-2;-541,2;20,00;3,0;3,0;37,33;0,10;0,003;1,1;4,02;0,283
440;14.07.2023;11:26:25;00:07:19;250,1;265,1;23,0;21,8;22,1;323,1;14,5;0,1;7,71E-2;-541,2;20,00;3,0;2,9;37,33;0,10;-0,003;1,1;4,03;0,286
441;14.07.2023;11:26:26;00:07:20;250,1;265,1;23,0;21,8;22,1;323,9;14,6;0,1;7,69E-2;-541,2;20,00;3,0;2,9;37,33;0,10;0,001;1,2;4,05;0,288
442;14.07.2023;11:26:27;00:07:21;250,0;267,3;23,0;21,9;22,2;325,5;14,6;0,1;7,68E-2;-541,2;20,00;3,0;3,0;37,33;0,10;0,006;1,2;4,04;0,288
443;14.07.2023;11:26:28;00:07:22;250,2;269,6;23,1;21,9;22,2;327,2;14,6;0,1;7,64E-2;-541,2;20,00;3,0;3,1;37,33;0,10;0,002;1,2;4,04;0,288
444;14.07.2023;11:26:29;00:07:23;250,1;269,6;23,1;21,9;22,2;328,0;14,7;0,1;7,64E-2;-541,2;20,00;3,0;3,0;37,33;0,10;0,004;1,2;4,04;0,288
445;14.07.2023;11:26:30;00:07:24;250,0;269,6;23,2;21,9;22,2;329,6;14,9;0,1;7,61E-2;-541,2;20,00;3,0;3,0;37,33;0,10;-0,001;1,2;4,06;0,290
446;14.07.2023;11:26:31;00:07:25;250,2;271,9;23,2;22,0;22,2;330,4;14,8;0,1;7,60E-2;-541,2;20,00;3,0;2,9;37,33;0,10;-0,002;1,2;4,04;0,291
447;14.07.2023;11:26:32;00:07:26;250,0;271,9;23,2;22,0;22,2;332,0;15,0;0,1;7,58E-2;-541,2;20,00;3,0;3,0;37,33;0,10;0,008;1,2;4,07;0,290
448;14.07.2023;11:26:33;00:07:27;250,1;274,1;23,2;22,0;22,2;333,6;14,9;0,1;7,56E-2;-541,2;20,00;3,0;3,1;37,33;0,10;0,004;1,2;4,07;0,292
449;14.07.2023;11:26:34;00:07:28;250,0;274,1;23,2;22,0;22,2;334,4;15,0;0,1;7,55E-2;-541,2;20,00;3,0;3,0;37,33;0,10;0,003;1,2;4,10;0,293
450;14.07.2023;11:26:35;00:07:29;250,0;276,5;23,3;22,1;22,2;336,1;15,1;0,1;7,53E-2;-541,2;20,00;3,0;3,0;37,33;0,10;0,001;1,2;4,07;0,293
451;14.07.2023;11:26:36;00:07:30;250,2;276,5;23,3;22,1;22,2;337,7;15,2;0,1;7,50E-2;-541,2;20,00;3,0;3,0;37,33;0,10;-0,001;1,2;4,08;0,293
452;14.07.2023;11:26:37;00:07:31;250,1;276,5;23,3;22,1;22,2;338,5;15,3;0,1;7,49E-2;-541,2;20,00;3,0;3,0;37,33;0,09;0,002;1,2;4,12;0,293
453;14.07.2023;11:26:38;00:07:32;250,2;278,8;23,3;22,1;22,3;340,1;15,3;0,1;7,47E-2;-541,2;20,00;3,0;3,0;37,33;0,10;-0,001;1,2;4,12;0,294
454;14.07.2023;11:26:39;00:07:33;250,0;281,2;23,4;22,2;22,3;341,7;15,3;0,1;7,45E-2;-541,2;20,00;3,0;3,0;37,33;0,10;0,000;1,2;4,11;0,293
455;14.07.2023;11:26:40;00:07:34;250,1;281,2;23,4;22,2;22,3;342,5;15,4;0,1;7,44E-2;-541,2;20,00;3,0;3,0;37,33;0,10;-0,006;1,2;4,10;0,294
456;14.07.2023;11:26:41;00:07:35;250,0;283,5;23,4;22,3;22,3;344,3;15,5;0,1;7,42E-2;-541,2;20,00;3,0;2,9;37,33;0,10;-0,003;1,2;4,10;0,297
457;14.07.2023;11:26:42;00:07:36;250,0;283,5;23,4;22,3;22,3;345,1;15,5;0,1;7,41E-2;-541,2;20,00;3,0;2,9;37,33;0,10;0,000;1,2;4,08;0,298
458;14.07.2023;11:26:43;00:07:37;250,3;285,7;23,5;22,3;22,4;346,7;15,5;0,1;7,39E-2;-541,2;20,00;3,0;2,9;37,33;0,10;0,002;1,2;4,13;0,298
459;14.07.2023;11:26:44;00:07:38;250,2;288,0;23,5;22,3;22,4;348,3;15,7;0,1;7,37E-2;-541,2;20,00;3,0;3,1;37,33;0,10;0,005;1,2;4,14;0,298
460;14.07.2023;11:26:45;00:07:39;250,0;288,0;23,5;22,3;22,4;349,1;15,6;0,1;7,36E-2;-541,2;20,00;3,0;3,1;37,33;0,10;0,008;1,2;4,12;0,298
461;14.07.2023;11:26:46;00:07:40;250,0;288,0;23,6;22,3;22,3;350,7;15,8;0,1;7,34E-2;-541,2;20,00;3,0;2,9;37,33;0,10;0,004;1,2;4,15;0,297
462;14.07.2023;11:26:47;00:07:41;250,2;290,2;23,6;22,4;22,4;352,4;15,8;0,1;7,33E-2;-541,2;20,00;3,0;3,0;37,33;0,10;0,001;1,2;4,10;0,300
463;14.07.2023;11:26:48;00:07:42;250,1;290,2;23,6;22,4;22,4;353,2;15,9;0,1;7,32E-2;-541,2;20,00;3,0;2,9;37,33;0,10;0,000;1,2;4,16;0,300
464;14.07.2023;11:26:49;00:07:43;250,3;292,4;23,6;22,4;22,4;354,8;15,9;0,1;7,30E-2;-541,2;20,00;3,0;2,9;37,33;0,10;-0,001;1,2;4,13;0,299
465;14.07.2023;11:26:50;00:07:44;250,2;292,4;23,7;22,4;22,4;356,4;16,1;0,1;7,29E-2;-541,2;20,00;3,0;3,0;37,33;0,10;-0,001;1,2;4,14;0,303
466;14.07.2023;11:26:51;00:07:45;250,0;294,7;23,7;22,5;22,4;357,2;16,0;0,1;7,29E-2;-541,2;20,00;3,0;3,0;37,33;0,10;0,001;1,3;4,19;0,303
467;14.07.2023;11:26:52;00:07:46;250,1;294,7;23,7;22,5;22,4;358,8;16,2;0,1;7,26E-2;-541,2;20,00;3,0;3,0;37,33;0,10;0,004;1,3;4,14;0,303
468;14.07.2023;11:26:53;00:07:47;250,2;297,0;23,7;22,5;22,4;360,5;16,2;0,1;7,24E-2;-541,2;20,00;3,0;3,1;37,33;0,10;0,001;1,3;4,20;0,303
469;14.07.2023;11:26:54;00:07:48;250,0;296,9;23,7;22,5;22,3;361,3;16,3;0,1;7,24E-2;-541,2;20,00;3,0;3,0;37,33;0,10;0,002;1,3;4,15;0,303
470;14.07.2023;11:26:55;00:07:49;250,1;299,4;23,7;22,6;22,3;362,9;16,3;0,1;7,21E-2;-541,2;20,00;3,0;3,0;37,33;0,10;-0,001;1,3;4,19;0,303
471;14.07.2023;11:26:56;00:07:50;250,1;299,4;23,7;22,6;22,3;363,7;16,4;0,1;7,20E-2;-541,2;20,00;3,0;3,0;37,33;0,10;-0,001;1,3;4,17;0,306
472;14.07.2023;11:26:57;00:07:51;250,0;301,8;23,8;22,6;22,3;365,3;16,6;0,1;7,19E-2;-541,2;20,00;3,0;3,1;37,33;0,10;0,001;1,3;4,19;0,306
473;14.07.2023;11:26:58;00:07:52;250,1;301,8;23,8;22,6;22,3;366,9;16,6;0,1;7,16E-2;-541,2;20,00;3,0;3,0;37,33;0,10;0,000;1,3;4,15;0,308
474;14.07.2023;11:26:59;00:07:53;250,0;304,2;23,8;22,7;22,4;367,9;16,5;0,1;7,15E-2;-541,2;20,00;3,0;3,0;37,33;0,10;0,002;1,3;4,15;0,308
475;14.07.2023;11:27:00;00:07:54;250,1;304,2;23,9;22,7;22,4;369,5;16,7;0,1;7,14E-2;-541,2;20,00;3,0;3,0;37,33;0,10;-0,001;1,3;4,19;0,309
476;14.07.2023;11:27:01;00:07:55;250,0;306,6;23,9;22,7;22,4;371,1;16,7;0,1;7,12E-2;-541,2;20,00;3,0;3,0;37,33;0,10;-0,002;1,3;4,22;0,311
477;14.07.2023;11:27:02;00:07:56;250,1;306,6;23,9;22,7;22,4;371,9;16,8;0,1;7,11E-2;-541,2;20,00;3,0;3,0;37,33;0,10;-0,003;1,3;4,19;0,308
478;14.07.2023;11:27:03;00:07:57;250,1;308,9;23,9;22,8;22,4;373,5;16,8;0,1;7,09E-2;-541,2;20,00;3,0;2,9;37,33;0,10;-0,003;1,3;4,24;0,312
479;14.07.2023;11:27:04;00:07:58;250,1;311,2;24,0;22,8;22,4;375,1;16,9;0,1;7,07E-2;-541,2;20,00;3,0;3,0;37,33;0,10;0,001;1,3;4,23;0,313
480;14.07.2023;11:27:05;00:07:59;250,1;311,2;24,0;22,8;22,4;376,0;16,9;0,1;7,06E-2;-541,2;20,00;3,0;3,0;37,33;0,10;-0,002;1,3;4,22;0,313
481;14.07.2023;11:27:06;00:08:00;250,0;311,2;24,0;22,8;22,4;377,6;17,1;0,1;7,04E-2;-541,2;20,00;3,0;2,9;37,33;0,10;0,001;1,3;4,19;0,313
482;14.07.2023;11:27:07;00:08:01;250,1;313,5;24,0;22,9;22,4;379,2;17,1;0,1;7,02E-2;-541,2;20,00;3,0;3,0;37,33;0,10;0,004;1,3;4,26;0,313
483;14.07.2023;11:27:08;00:08:02;250,0;313,5;24,0;22,9;22,4;380,0;17,2;0,1;7,01E-2;-541,2;20,00;3,0;2,9;37,33;0,10;0,002;1,3;4,22;0,313
484;14.07.2023;11:27:09;00:08:03;250,0;315,8;24,1;22,9;22,4;381,6;17,2;0,1;7,00E-2;-541,2;20,00;3,0;2,9;37,33;0,10;-0,001;1,3;4,22;0,314
485;14.07.2023;11:27:10;00:08:04;250,0;315,8;24,1;23,0;22,4;382,4;17,3;0,1;6,99E-2;-541,2;20,00;3,0;3,0;37,33;0,10;0,002;1,3;4,24;0,313
486;14.07.2023;11:27:11;00:08:05;250,0;318,1;24,1;23,0;22,5;384,1;17,3;0,1;6,96E-2;-541,2;20,00;3,0;3,0;37,33;0,10;0,002;1,3;4,23;0,314
487;14.07.2023;11:27:12;00:08:06;250,0;320,5;24,2;23,0;22,5;385,7;17,5;0,1;6,95E-2;-541,2;20,00;3,0;3,0;37,33;0,10;0,001;1,3;4,24;0,316
488;14.07.2023;11:27:13;00:08:07;250,2;320,5;24,2;23,0;22,5;386,5;17,4;0,1;6,94E-2;-541,2;20,00;3,0;3,0;37,33;0,10;0,002;1,3;4,26;0,316
489;14.07.2023;11:27:14;00:08:08;250,2;320,4;24,2;23,0;22,5;388,1;17,6;0,1;6,92E-2;-541,2;20,00;3,0;3,0;37,33;0,10;0,000;1,3;4,26;0,317
490;14.07.2023;11:27:15;00:08:09;250,0;320,4;24,2;23,1;22,5;389,7;17,8;0,1;6,90E-2;-541,2;20,00;3,0;3,0;37,33;0,10;0,004;1,4;4,25;0,317
491;14.07.2023;11:27:16;00:08:10;250,0;323,0;24,2;23,1;22,5;390,5;17,7;0,1;6,90E-2;-541,2;20,00;3,0;3,0;37,33;0,10;0,009;1,4;4,29;0,317
492;14.07.2023;11:27:17;00:08:11;250,3;325,6;24,3;23,1;22,5;392,3;17,8;0,1;6,88E-2;-541,2;20,00;3,0;3,0;37,33;0,10;0,009;1,4;4,30;0,318
493;14.07.2023;11:27:18;00:08:12;250,3;325,6;24,3;23,1;22,5;393,9;17,9;0,1;6,86E-2;-541,2;20,00;3,0;3,0;37,33;0,10;0,004;1,4;4,26;0,319
494;14.07.2023;11:27:19;00:08:13;250,2;328,1;24,3;23,2;22,5;394,7;17,8;0,1;6,85E-2;-541,2;20,00;3,0;3,1;37,33;0,10;0,000;1,4;4,31;0,321
495;14.07.2023;11:27:20;00:08:14;250,0;328,1;24,4;23,2;22,5;396,3;17,9;0,1;6,83E-2;-541,2;20,00;3,0;3,0;37,33;0,10;0,001;1,4;4,31;0,322
496;14.07.2023;11:27:21;00:08:15;250,1;328,1;24,4;23,2;22,5;397,1;18,0;0,1;6,82E-2;-541,2;20,00;3,0;3,0;37,33;0,10;-0,001;1,4;4,28;0,322
497;14.07.2023;11:27:22;00:08:16;250,0;330,6;24,4;23,2;22,5;398,7;18,0;0,1;6,81E-2;-541,2;20,00;3,0;3,0;37,33;0,10;0,005;1,4;4,31;0,322
498;14.07.2023;11:27:23;00:08:17;250,0;333,0;24,4;23,3;22,5;400,4;18,0;0,1;6,79E-2;-541,2;20,00;3,0;3,1;37,33;0,10;0,004;1,4;4,29;0,322
499;14.07.2023;11:27:24;00:08:18;250,0;333,0;24,4;23,3;22,5;401,2;18,1;0,1;6,78E-2;-541,2;20,00;3,0;3,0;37,33;0,10;-0,001;1,4;4,29;0,322
500;14.07.2023;11:27:25;00:08:19;250,0;335,4;24,5;23,4;22,5;402,8;18,3;0,1;6,76E-2;-541,2;20,00;3,0;3,0;37,33;0,10;-0,009;1,4;4,30;0,323
501;14.07.2023;11:27:26;00:08:20;250,2;335,4;24,5;23,4;22,5;404,4;18,3;0,1;6,75E-2;-541,2;20,00;3,0;3,0;37,33;0,10;-0,002;1,4;4,32;0,324
502;14.07.2023;11:27:27;00:08:21;250,1;337,8;24,6;23,4;22,6;405,2;18,3;0,1;6,74E-2;-541,2;20,00;3,0;3,0;37,33;0,10;0,001;1,4;4,34;0,325
503;14.07.2023;11:27:28;00:08:22;250,0;337,8;24,6;23,4;22,6;406,8;18,4;0,1;6,72E-2;-541,2;20,00;3,0;3,1;37,33;0,10;0,007;1,4;4,32;0,327
504;14.07.2023;11:27:29;00:08:23;250,2;340,1;24,6;23,5;22,6;408,5;18,4;0,1;6,70E-2;-541,2;20,00;3,0;3,0;37,33;0,10;0,002;1,4;4,32;0,327
505;14.07.2023;11:27:30;00:08:24;250,3;340,1;24,6;23,5;22,6;409,3;18,5;0,1;6,70E-2;-541,2;20,00;3,0;3,0;37,33;0,10;0,005;1,4;4,32;0,327
506;14.07.2023;11:27:31;00:08:25;250,2;342,5;24,7;23,5;22,6;410,9;18,5;0,1;6,68E-2;-541,2;20,00;3,0;3,0;37,33;0,10;0,003;1,4;4,34;0,327
507;14.07.2023;11:27:32;00:08:26;250,1;344,9;24,7;23,6;22,6;412,5;18,6;0,1;6,66E-2;-541,2;20,00;3,0;3,0;37,33;0,10;0,002;1,4;4,34;0,328
508;14.07.2023;11:27:33;00:08:27;250,0;344,9;24,7;23,6;22,6;413,3;18,6;0,1;6,65E-2;-541,2;20,00;3,0;3,0;37,33;0,10;0,002;1,4;4,30;0,328
509;14.07.2023;11:27:34;00:08:28;250,0;345,0;24,8;23,7;22,8;414,9;18,8;0,1;6,64E-2;-541,2;20,00;3,0;3,0;37,33;0,10;0,006;1,4;4,37;0,331
510;14.07.2023;11:27:35;00:08:29;250,0;347,6;24,9;23,8;22,8;415,9;18,8;0,1;6,62E-2;-541,2;20,00;3,0;2,9;37,33;0,10;0,000;1,4;4,35;0,331
511;14.07.2023;11:27:36;00:08:30;250,1;347,6;24,9;23,8;22,8;417,5;18,9;0,1;6,61E-2;-541,2;20,00;3,0;3,0;37,33;0,10;0,003;1,4;4,33;0,330
512;14.07.2023;11:27:37;00:08:31;250,1;350,2;24,9;23,8;22,8;419,1;18,9;0,1;6,60E-2;-541,2;20,00;3,0;3,1;37,33;0,10;0,004;1,5;4,37;0,332
513;14.07.2023;11:27:38;00:08:32;250,1;350,2;24,9;23,8;22,8;419,9;19,0;0,1;6,59E-2;-541,2;20,00;3,0;3,0;37,33;0,10;-0,001;1,4;4,36;0,332
514;14.07.2023;11:27:39;00:08:33;250,1;352,7;25,0;23,9;22,8;421,5;19,0;0,1;6,57E-2;-541,2;20,00;3,0;3,0;37,33;0,10;0,000;1,5;4,39;0,332
515;14.07.2023;11:27:40;00:08:34;250,0;352,7;25,0;23,9;22,8;423,1;19,2;0,1;6,56E-2;-541,2;20,00;3,0;3,0;37,33;0,10;0,003;1,5;4,40;0,333
516;14.07.2023;11:27:41;00:08:35;250,0;352,7;25,0;23,9;22,8;424,0;19,3;0,1;6,55E-2;-541,2;20,00;3,0;3,0;37,33;0,10;0,005;1,5;4,42;0,335
517;14.07.2023;11:27:42;00:08:36;250,0;355,3;25,0;23,9;22,7;425,6;19,3;0,1;6,53E-2;-541,2;20,00;3,0;3,0;37,33;0,10;0,005;1,5;4,39;0,333
518;14.07.2023;11:27:43;00:08:37;250,1;357,7;25,1;24,0;22,8;427,2;19,3;0,1;6,51E-2;-541,2;20,00;3,0;3,0;37,33;0,10;0,000;1,5;4,36;0,335
519;14.07.2023;11:27:44;00:08:38;250,1;357,7;25,1;24,0;22,8;428,0;19,4;0,1;6,51E-2;-541,2;20,00;3,0;3,0;37,33;0,10;0,001;1,5;4,39;0,335
520;14.07.2023;11:27:45;00:08:39;250,0;360,1;25,2;24,1;22,8;429,6;19,5;0,1;6,50E-2;-541,2;20,00;3,0;2,9;37,33;0,10;-0,001;1,5;4,40;0,337
521;14.07.2023;11:27:46;00:08:40;250,0;360,1;25,2;24,1;22,8;431,2;19,6;0,1;6,47E-2;-541,2;20,00;3,0;3,0;37,33;0,10;0,000;1,5;4,41;0,337
522;14.07.2023;11:27:47;00:08:41;250,0;362,5;25,2;24,1;22,8;432,1;19,5;0,1;6,46E-2;-541,2;20,00;3,0;3,0;37,33;0,10;0,004;1,5;4,39;0,337
523;14.07.2023;11:27:48;00:08:42;250,0;364,9;25,3;24,2;22,8;433,7;19,7;0,1;6,45E-2;-541,2;20,00;3,0;2,9;37,33;0,10;0,000;1,5;4,41;0,337
524;14.07.2023;11:27:49;00:08:43;250,1;364,9;25,3;24,2;22,8;434,5;19,6;0,1;6,45E-2;-541,2;20,00;3,0;3,0;37,33;0,10;0,006;1,5;4,40;0,338
525;14.07.2023;11:27:50;00:08:44;250,0;364,9;25,3;24,2;22,8;436,1;19,8;0,1;6,43E-2;-541,2;20,00;3,0;3,0;37,33;0,10;0,001;1,5;4,43;0,339
526;14.07.2023;11:27:51;00:08:45;250,1;367,3;25,3;24,2;22,8;437,7;19,7;0,1;6,41E-2;-541,2;20,00;3,0;2,9;37,33;0,10;0,001;1,5;4,42;0,339
527;14.07.2023;11:27:52;00:08:46;250,0;367,3;25,3;24,2;22,8;438,5;19,8;0,1;6,41E-2;-541,2;20,00;3,0;3,0;37,33;0,10;0,002;1,5;4,43;0,338
528;14.07.2023;11:27:53;00:08:47;250,0;369,8;25,4;24,3;22,9;440,3;19,9;0,1;6,39E-2;-541,2;20,00;3,0;3,0;37,33;0,10;0,001;1,5;4,42;0,339
529;14.07.2023;11:27:54;00:08:48;250,2;369,6;25,3;24,2;22,7;441,9;20,1;0,1;6,37E-2;-541,2;20,00;3,0;3,0;37,34;0,10;0,002;1,5;4,42;0,342
530;14.07.2023;11:27:55;00:08:49;250,0;372,2;25,3;24,2;22,7;442,7;20,0;0,1;6,37E-2;-541,2;20,00;3,0;3,0;37,33;0,10;0,005;1,5;4,47;0,342
531;14.07.2023;11:27:56;00:08:50;250,0;372,2;25,4;24,2;22,7;444,3;20,1;0,1;6,36E-2;-541,2;20,00;3,0;3,0;37,33;0,10;0,002;1,5;4,45;0,342
532;14.07.2023;11:27:57;00:08:51;250,0;374,8;25,4;24,3;22,7;445,9;20,1;0,1;6,34E-2;-541,2;20,00;3,0;3,0;37,33;0,10;0,003;1,5;4,43;0,347
533;14.07.2023;11:27:58;00:08:52;250,1;374,8;25,4;24,3;22,7;446,7;20,2;0,1;6,33E-2;-541,2;20,00;3,0;3,0;37,33;0,10;0,006;1,5;4,45;0,344
534;14.07.2023;11:27:59;00:08:53;250,2;374,8;25,4;24,4;22,7;448,4;20,4;0,1;6,32E-2;-541,2;20,00;3,0;3,1;37,33;0,10;0,011;1,5;4,46;0,344
535;14.07.2023;11:28:00;00:08:54;250,2;377,5;25,4;24,4;22,8;449,2;20,3;0,1;6,31E-2;-541,2;20,00;3,0;3,0;37,33;0,10;0,003;1,6;4,46;0,347
536;14.07.2023;11:28:01;00:08:55;250,3;380,2;25,5;24,4;22,8;450,8;20,5;0,1;6,30E-2;-541,2;20,00;3,0;3,0;37,33;0,10;0,003;1,6;4,46;0,347
537;14.07.2023;11:28:02;00:08:56;250,0;380,2;25,5;24,4;22,8;452,4;20,5;0,1;6,28E-2;-541,2;20,00;3,0;3,0;37,33;0,10;-0,003;1,5;4,47;0,347
538;14.07.2023;11:28:03;00:08:57;250,1;382,8;25,6;24,5;22,8;453,2;20,4;0,1;6,28E-2;-541,2;20,00;3,0;3,0;37,33;0,10;-0,002;1,5;4,48;0,347
539;14.07.2023;11:28:04;00:08:58;250,1;382,8;25,6;24,5;22,8;454,8;20,6;0,1;6,27E-2;-541,2;20,00;3,0;3,0;37,33;0,10;-0,002;1,5;4,46;0,347
540;14.07.2023;11:28:05;00:08:59;250,1;385,3;25,6;24,5;22,9;456,5;20,6;0,1;6,25E-2;-541,2;20,00;3,0;3,0;37,33;0,10;0,001;1,6;4,46;0,349
541;14.07.2023;11:28:06;00:09:00;250,1;385,3;25,6;24,5;22,9;457,3;20,7;0,1;6,24E-2;-541,2;20,00;3,0;3,0;37,33;0,10;0,002;1,5;4,47;0,347
542;14.07.2023;11:28:07;00:09:01;250,1;387,8;25,7;24,6;22,9;458,9;20,7;0,1;6,23E-2;-541,2;20,00;3,0;3,0;37,33;0,10;0,003;1,6;4,54;0,351
543;14.07.2023;11:28:08;00:09:02;250,3;387,8;25,7;24,7;22,9;460,5;20,9;0,1;6,22E-2;-541,2;20,00;3,0;3,0;37,33;0,10;0,002;1,6;4,49;0,352
544;14.07.2023;11:28:09;00:09:03;250,1;387,8;25,7;24,7;22,9;461,3;21,0;0,1;6,21E-2;-541,2;20,00;3,0;3,0;37,33;0,10;0,001;1,6;4,48;0,352
545;14.07.2023;11:28:10;00:09:04;250,2;390,3;25,7;24,7;22,9;462,9;20,9;0,1;6,20E-2;-541,2;20,00;3,0;3,0;37,33;0,10;-0,001;1,6;4,48;0,352
546;14.07.2023;11:28:11;00:09:05;250,1;392,7;25,8;24,7;22,9;464,7;21,0;0,1;6,18E-2;-541,2;20,00;3,0;3,0;37,34;0,10;0,014;1,6;4,51;0,352
547;14.07.2023;11:28:12;00:09:06;250,0;392,7;25,8;24,7;22,9;465,5;21,1;0,1;6,17E-2;-541,2;20,00;3,0;3,0;37,33;0,10;0,023;1,6;4,50;0,352
548;14.07.2023;11:28:13;00:09:07;250,0;395,2;25,9;24,8;22,9;467,1;21,0;0,1;6,16E-2;-541,2;20,00;3,0;3,0;37,34;0,10;0,036;1,6;4,51;0,352
549;14.07.2023;11:28:14;00:09:08;250,0;395,2;25,9;24,8;22,9;467,9;21,1;0,1;6,15E-2;-541,2;20,00;3,0;2,9;37,34;0,11;0,040;1,6;4,52;0,353
550;14.07.2023;11:28:15;00:09:09;250,0;395,2;25,9;24,9;22,9;469,5;21,3;0,1;6,14E-2;-541,2;20,00;3,0;2,9;37,34;0,11;0,048;1,6;4,51;0,355
551;14.07.2023;11:28:16;00:09:10;250,0;397,9;25,9;24,9;22,9;471,1;21,3;0,1;6,12E-2;-541,2;20,00;3,0;3,0;37,34;0,11;0,068;1,6;4,52;0,353
552;14.07.2023;11:28:17;00:09:11;250,1;397,9;25,9;24,9;22,9;471,9;21,4;0,1;6,12E-2;-541,2;20,00;3,0;3,0;37,34;0,11;0,068;1,6;4,51;0,354
553;14.07.2023;11:28:18;00:09:12;250,1;400,5;26,0;25,0;22,9;473,6;21,4;0,1;6,11E-2;-541,2;20,00;3,0;3,0;37,35;0,11;0,090;1,6;4,55;0,357
554;14.07.2023;11:28:19;00:09:13;250,0;403,1;26,1;25,0;22,9;475,2;21,4;0,1;6,09E-2;-541,2;20,00;3,0;2,9;37,35;0,12;0,123;1,6;4,55;0,355
555;14.07.2023;11:28:20;00:09:14;250,0;403,1;26,1;25,0;23,0;476,0;21,5;0,1;6,09E-2;-541,2;20,00;3,0;3,0;37,35;0,12;0,138;1,6;4,53;0,357
556;14.07.2023;11:28:21;00:09:15;250,1;405,8;26,1;25,1;23,0;477,6;21,7;0,1;6,07E-2;-541,2;20,00;3,0;3,0;37,36;0,12;0,164;1,6;4,55;0,357
557;14.07.2023;11:28:22;00:09:16;250,2;405,8;26,1;25,1;23,0;479,2;21,7;0,1;6,06E-2;-541,2;20,00;3,0;3,0;37,36;0,13;0,188;1,6;4,54;0,357
558;14.07.2023;11:28:23;00:09:17;250,0;408,2;26,2;25,2;23,0;480,0;21,6;0,1;6,06E-2;-541,2;20,00;3,0;3,0;37,37;0,13;0,199;1,6;4,60;0,358
559;14.07.2023;11:28:24;00:09:18;250,1;408,2;26,2;25,2;23,0;481,7;21,8;0,1;6,04E-2;-541,2;20,00;3,0;3,0;37,37;0,14;0,218;1,6;4,58;0,360
560;14.07.2023;11:28:25;00:09:19;250,0;408,2;26,2;25,2;23,0;482,5;21,9;0,1;6,03E-2;-541,2;20,00;3,0;3,0;37,37;0,14;0,223;1,6;4,55;0,361
561;14.07.2023;11:28:26;00:09:20;250,0;410,6;26,2;25,2;23,1;484,1;21,9;0,1;6,03E-2;-541,2;20,00;3,0;3,0;37,38;0,14;0,231;1,6;4,55;0,361
562;14.07.2023;11:28:27;00:09:21;250,1;413,1;26,3;25,3;23,1;485,7;21,9;0,1;6,01E-2;-541,2;20,00;3,0;3,0;37,38;0,15;0,220;1,6;4,57;0,361
563;14.07.2023;11:28:28;00:09:22;250,2;413,1;26,3;25,3;23,1;486,5;22,0;0,1;6,01E-2;-541,2;20,00;3,0;3,0;37,38;0,15;0,223;1,6;4,59;0,361
564;14.07.2023;11:28:29;00:09:23;250,0;413,1;26,3;25,4;23,1;488,1;22,2;0,1;5,99E-2;-541,2;20,00;3,0;3,0;37,39;0,16;0,229;1,6;4,56;0,361
565;14.07.2023;11:28:30;00:09:24;250,0;415,5;26,3;25,4;23,1;489,9;22,2;0,1;5,98E-2;-541,2;20,00;3,0;3,0;37,40;0,16;0,247;1,6;4,58;0,361
566;14.07.2023;11:28:31;00:09:25;250,1;418,0;26,4;25,4;23,1;490,7;22,1;0,1;5,97E-2;-541,2;20,00;3,0;3,0;37,40;0,17;0,257;1,7;4,61;0,364
567;14.07.2023;11:28:32;00:09:26;250,0;418,0;26,4;25,4;23,1;492,3;22,3;0,1;5,96E-2;-541,2;20,00;3,0;3,0;37,41;0,17;0,259;1,7;4,57;0,363
568;14.07.2023;11:28:33;00:09:27;250,0;420,4;26,4;25,5;23,1;493,9;22,3;0,1;5,95E-2;-541,2;20,00;3,0;3,0;37,41;0,17;0,260;1,7;4,59;0,363
569;14.07.2023;11:28:34;00:09:28;250,2;420,4;26,4;25,5;23,1;494,7;22,4;0,1;5,94E-2;-541,2;20,00;3,0;3,0;37,41;0,18;0,254;1,7;4,55;0,366
570;14.07.2023;11:28:35;00:09:29;250,0;423,0;26,5;25,6;23,1;496,3;22,4;0,1;5,93E-2;-541,2;20,00;3,0;3,0;37,42;0,18;0,259;1,7;4,60;0,366
571;14.07.2023;11:28:36;00:09:30;250,1;423,0;26,5;25,6;23,1;498,0;22,6;0,1;5,92E-2;-541,2;20,00;3,0;3,0;37,42;0,19;0,268;1,7;4,62;0,369
572;14.07.2023;11:28:37;00:09:31;250,1;423,0;26,5;25,6;23,1;498,8;22,7;0,1;5,91E-2;-541,2;20,00;3,0;3,0;37,43;0,19;0,267;1,7;4,61;0,368
573;14.07.2023;11:28:38;00:09:32;250,0;425,6;26,5;25,6;23,1;500,5;22,7;0,1;5,90E-2;-541,2;20,00;3,0;3,0;37,43;0,19;0,264;1,7;4,60;0,368
574;14.07.2023;11:28:39;00:09:33;250,2;428,3;26,6;25,7;23,1;501,5;22,7;0,1;5,89E-2;-541,2;20,00;3,0;3,0;37,43;0,20;0,257;1,7;4,62;0,368
575;14.07.2023;11:28:40;00:09:34;250,1;428,3;26,6;25,7;23,2;503,5;22,8;0,1;5,88E-2;-541,2;20,00;3,0;3,0;37,44;0,20;0,259;1,7;4,60;0,368
576;14.07.2023;11:28:41;00:09:35;250,0;430,9;26,7;25,8;23,2;505,5;22,9;0,1;5,87E-2;-541,2;20,00;3,0;3,1;37,44;0,21;0,264;1,7;4,66;0,371
577;14.07.2023;11:28:42;00:09:36;250,3;430,9;26,7;25,8;23,2;506,7;22,9;0,1;5,87E-2;-541,2;20,00;3,0;3,0;37,45;0,22;0,268;1,7;4,64;0,370
578;14.07.2023;11:28:43;00:09:37;250,1;433,4;26,7;25,8;23,2;508,7;23,0;0,1;5,85E-2;-541,2;20,00;3,0;2,9;37,46;0,22;0,286;1,7;4,63;0,371
579;14.07.2023;11:28:44;00:09:38;250,0;433,4;26,7;25,8;23,2;510,7;23,2;0,1;5,84E-2;-541,2;20,00;3,0;3,0;37,46;0,23;0,304;1,7;4,65;0,371
580;14.07.2023;11:28:45;00:09:39;250,3;433,4;26,8;25,8;23,2;511,7;23,3;0,1;5,84E-2;-541,2;20,00;3,0;2,9;37,47;0,23;0,307;1,7;4,71;0,375
581;14.07.2023;11:28:46;00:09:40;250,3;435,9;26,8;25,9;23,2;513,7;23,4;0,1;5,83E-2;-541,2;20,00;3,0;2,9;37,47;0,24;0,306;1,8;4,64;0,375
582;14.07.2023;11:28:47;00:09:41;250,1;438,5;26,9;26,0;23,2;515,7;23,4;0,1;5,82E-2;-541,2;20,00;3,0;3,0;37,48;0,24;0,313;1,8;4,69;0,374
583;14.07.2023;11:28:48;00:09:42;250,2;438,5;26,9;26,0;23,2;516,8;23,5;0,1;5,81E-2;-541,2;20,00;3,0;3,0;37,48;0,25;0,314;1,7;4,65;0,374
584;14.07.2023;11:28:49;00:09:43;250,3;441,1;26,9;26,1;23,2;518,8;23,7;0,1;5,79E-2;-541,2;20,00;3,0;2,9;37,49;0,25;0,317;1,8;4,66;0,377
585;14.07.2023;11:28:50;00:09:44;250,0;441,1;26,9;26,1;23,2;520,8;23,8;0,1;5,79E-2;-541,2;20,00;3,0;3,0;37,50;0,26;0,332;1,8;4,69;0,381
586;14.07.2023;11:28:51;00:09:45;250,3;443,7;27,0;26,1;23,2;521,8;23,7;0,1;5,78E-2;-541,2;20,00;3,0;2,9;37,50;0,27;0,333;1,8;4,71;0,377
587;14.07.2023;11:28:52;00:09:46;250,1;443,7;27,1;26,2;23,2;523,8;23,9;0,1;5,77E-2;-541,2;20,00;3,0;3,0;37,51;0,27;0,343;1,8;4,68;0,381
588;14.07.2023;11:28:53;00:09:47;250,3;443,7;27,1;26,2;23,2;524,8;24,1;0,1;5,77E-2;-541,2;20,00;3,0;3,0;37,51;0,28;0,352;1,8;4,69;0,381
589;14.07.2023;11:28:54;00:09:48;250,1;446,2;27,1;26,2;23,2;527,0;24,1;0,1;5,76E-2;-541,2;20,00;3,0;3,0;37,52;0,28;0,368;1,8;4,70;0,381
590;14.07.2023;11:28:55;00:09:49;250,1;446,2;27,1;26,2;23,2;529,0;24,4;0,1;5,75E-2;-541,2;20,00;3,0;3,0;37,53;0,29;0,374;1,8;4,68;0,383
591;14.07.2023;11:28:56;00:09:50;250,0;448,9;27,1;26,3;23,3;530,0;24,3;0,1;5,75E-2;-541,2;20,00;3,0;3,0;37,53;0,30;0,371;1,8;4,71;0,385
592;14.07.2023;11:28:57;00:09:51;250,1;451,6;27,2;26,4;23,3;532,0;24,5;0,1;5,74E-2;-541,2;20,00;3,0;3,0;37,54;0,30;0,370;1,8;4,74;0,386
593;14.07.2023;11:28:58;00:09:52;250,1;451,6;27,2;26,4;23,3;534,0;24,5;0,1;5,73E-2;-541,2;20,00;3,0;3,0;37,54;0,31;0,361;1,8;4,74;0,385
594;14.07.2023;11:28:59;00:09:53;250,0;451,6;27,3;26,4;23,3;535,0;24,6;0,1;5,73E-2;-541,2;20,00;3,0;3,0;37,55;0,31;0,369;1,8;4,73;0,386
595;14.07.2023;11:29:00;00:09:54;250,0;454,3;27,3;26,4;23,3;537,2;24,7;0,1;5,72E-2;-541,2;20,00;3,0;3,0;37,56;0,33;0,381;1,8;4,73;0,388
596;14.07.2023;11:29:01;00:09:55;250,0;457,1;27,3;26,5;23,3;539,2;24,7;0,1;5,72E-2;-541,2;20,00;3,0;2,9;37,57;0,33;0,380;1,8;4,75;0,391
597;14.07.2023;11:29:02;00:09:56;250,1;457,1;27,3;26,5;23,3;540,2;24,8;0,1;5,71E-2;-541,2;20,00;3,0;3,0;37,57;0,34;0,386;1,8;4,78;0,388
598;14.07.2023;11:29:03;00:09:57;250,0;459,7;27,4;26,6;23,3;542,2;24,8;0,1;5,70E-2;-541,2;20,00;3,0;3,0;37,58;0,35;0,402;1,9;4,75;0,391
599;14.07.2023;11:29:04;00:09:58;250,1;459,7;27,4;26,6;23,3;543,2;24,9;0,1;5,70E-2;-541,2;20,00;3,0;3,0;37,58;0,35;0,417;1,8;4,77;0,390
600;14.07.2023;11:29:05;00:09:59;250,2;459,7;27,5;26,7;23,3;545,2;25,2;0,1;5,69E-2;-541,2;20,00;3,0;3,0;37,60;0,36;0,435;1,9;4,76;0,391
601;14.07.2023;11:29:06;00:10:00;250,0;462,3;27,5;26,7;23,3;547,3;25,2;0,1;5,67E-2;-541,2;20,00;3,0;3,0;37,61;0,37;0,454;1,9;4,76;0,391
602;14.07.2023;11:29:07;00:10:01;250,0;464,9;27,5;26,7;23,4;548,3;25,2;0,1;5,67E-2;-541,2;20,00;3,0;3,0;37,61;0,38;0,463;1,9;4,78;0,396
603;14.07.2023;11:29:08;00:10:02;250,0;464,9;27,5;26,7;23,4;550,3;25,4;0,1;5,66E-2;-541,2;20,00;3,0;3,0;37,62;0,38;0,469;1,9;4,78;0,393
604;14.07.2023;11:29:09;00:10:03;250,0;467,6;27,6;26,8;23,3;552,3;25,5;0,1;5,66E-2;-541,2;20,00;3,0;3,0;37,63;0,40;0,481;1,9;4,82;0,396
605;14.07.2023;11:29:10;00:10:04;250,1;467,6;27,6;26,8;23,3;553,3;25,5;0,1;5,65E-2;-541,2;20,00;3,0;3,0;37,64;0,40;0,489;1,9;4,80;0,396
606;14.07.2023;11:29:11;00:10:05;250,0;470,2;27,7;26,9;23,4;555,3;25,6;0,1;5,64E-2;-541,2;20,00;3,0;3,1;37,64;0,41;0,507;1,9;4,80;0,397
607;14.07.2023;11:29:12;00:10:06;250,0;472,9;27,7;27,0;23,4;557,5;25,8;0,1;5,63E-2;-541,2;20,00;3,0;3,0;37,66;0,42;0,515;1,9;4,81;0,399
608;14.07.2023;11:29:13;00:10:07;250,1;472,9;27,7;27,0;23,4;558,5;25,7;0,1;5,63E-2;-541,2;20,00;3,0;3,0;37,66;0,43;0,510;1,9;4,81;0,396
609;14.07.2023;11:29:14;00:10:08;250,1;472,9;27,7;27,0;23,4;560,5;26,0;0,1;5,62E-2;-541,2;20,00;3,0;3,0;37,67;0,44;0,505;1,9;4,81;0,400
610;14.07.2023;11:29:15;00:10:09;250,1;472,9;27,8;27,0;23,4;562,5;26,2;0,1;5,62E-2;-541,2;20,00;3,0;3,0;37,68;0,45;0,519;1,9;4,84;0,401
611;14.07.2023;11:29:16;00:10:10;250,1;475,8;27,8;27,0;23,4;563,5;26,1;0,1;5,61E-2;-541,2;20,00;3,0;3,0;37,69;0,46;0,531;2,0;4,85;0,404
612;14.07.2023;11:29:17;00:10:11;250,0;478,7;27,9;27,1;23,4;565,5;26,3;0,1;5,60E-2;-541,2;20,00;3,0;3,0;37,70;0,47;0,531;1,9;4,82;0,405
613;14.07.2023;11:29:18;00:10:12;250,0;478,7;27,9;27,1;23,4;566,5;26,2;0,1;5,59E-2;-541,2;20,00;3,0;2,9;37,70;0,47;0,529;2,0;4,84;0,404
614;14.07.2023;11:29:19;00:10:13;250,0;481,6;27,9;27,2;23,4;568,7;26,3;0,1;5,59E-2;-541,2;20,00;3,0;3,0;37,72;0,48;0,547;2,0;4,87;0,405
615;14.07.2023;11:29:20;00:10:14;250,1;481,6;28,0;27,2;23,4;570,7;26,5;0,1;5,58E-2;-541,2;20,00;3,0;3,0;37,73;0,49;0,550;2,0;4,85;0,405
616;14.07.2023;11:29:21;00:10:15;250,0;481,6;28,0;27,2;23,4;571,7;26,6;0,1;5,57E-2;-541,2;20,00;3,0;2,9;37,74;0,50;0,556;1,9;4,86;0,405
617;14.07.2023;11:29:22;00:10:16;250,1;484,6;28,0;27,3;23,4;573,7;26,6;0,1;5,57E-2;-541,2;20,00;3,0;3,0;37,75;0,51;0,586;2,0;4,84;0,405
618;14.07.2023;11:29:23;00:10:17;250,1;487,3;28,1;27,4;23,5;575,7;26,6;0,1;5,57E-2;-541,2;20,00;3,0;3,0;37,76;0,52;0,603;2,0;4,87;0,408
619;14.07.2023;11:29:24;00:10:18;250,1;487,3;28,1;27,4;23,5;576,7;26,7;0,1;5,56E-2;-541,2;20,00;3,0;3,0;37,77;0,53;0,600;2,0;4,87;0,407
620;14.07.2023;11:29:25;00:10:19;250,1;490,1;28,2;27,5;23,5;578,8;27,0;0,1;5,55E-2;-541,2;20,00;3,0;3,0;37,78;0,55;0,614;2,0;4,89;0,410
621;14.07.2023;11:29:26;00:10:20;250,2;490,1;28,2;27,5;23,6;580,8;27,0;0,1;5,55E-2;-541,2;20,00;3,0;3,0;37,79;0,56;0,623;2,0;4,89;0,410
622;14.07.2023;11:29:27;00:10:21;250,1;492,9;28,3;27,6;23,5;581,8;27,0;0,1;5,54E-2;-541,2;20,00;3,0;3,0;37,80;0,57;0,629;2,0;4,92;0,411
623;14.07.2023;11:29:28;00:10:22;250,2;492,9;28,4;27,6;23,5;583,8;27,2;0,1;5,53E-2;-541,2;20,00;3,0;2,9;37,82;0,58;0,645;2,0;4,87;0,411
624;14.07.2023;11:29:29;00:10:23;250,0;495,6;28,4;27,6;23,5;585,8;27,2;0,1;5,53E-2;-541,2;20,00;3,0;3,0;37,83;0,59;0,653;2,0;4,88;0,414
625;14.07.2023;11:29:30;00:10:24;250,1;495,6;28,4;27,6;23,5;586,8;27,3;0,1;5,53E-2;-541,2;20,00;3,0;3,0;37,84;0,60;0,656;2,0;4,93;0,412
626;14.07.2023;11:29:31;00:10:25;250,0;498,6;28,5;27,7;23,5;589,0;27,3;0,1;5,52E-2;-541,2;20,00;3,0;3,0;37,85;0,61;0,672;2,0;4,94;0,415
627;14.07.2023;11:29:32;00:10:26;250,2;498,6;28,5;27,7;23,6;590,0;27,5;0,1;5,52E-2;-541,2;20,00;3,0;3,1;37,86;0,63;0,678;2,0;4,88;0,415
628;14.07.2023;11:29:33;00:10:27;250,3;498,6;28,5;27,8;23,6;592,0;27,7;0,1;5,51E-2;-541,2;20,00;3,0;3,0;37,87;0,64;0,688;2,1;4,92;0,416
629;14.07.2023;11:29:34;00:10:28;250,0;501,5;28,5;27,8;23,5;594,0;27,7;0,1;5,51E-2;-541,2;20,00;3,0;2,9;37,89;0,65;0,711;2,1;4,95;0,416
630;14.07.2023;11:29:35;00:10:29;250,0;501,4;28,5;27,8;23,5;595,0;27,9;0,1;5,51E-2;-541,2;20,00;3,0;3,0;37,90;0,66;0,722;2,1;4,94;0,419
631;14.07.2023;11:29:36;00:10:30;250,2;504,6;28,5;27,9;23,5;597,0;27,8;0,1;5,50E-2;-541,2;20,00;3,0;2,9;37,91;0,68;0,746;2,1;4,95;0,420
632;14.07.2023;11:29:37;00:10:31;250,0;507,8;28,6;28,0;23,5;599,2;27,9;0,1;5,49E-2;-541,2;20,00;3,0;2,9;37,93;0,70;0,768;2,1;4,98;0,420
633;14.07.2023;11:29:38;00:10:32;250,2;507,8;28,6;28,0;23,5;600,2;28,0;0,1;5,49E-2;-541,2;20,00;3,0;3,0;37,94;0,70;0,774;2,1;4,96;0,420
634;14.07.2023;11:29:39;00:10:33;250,2;507,8;28,7;28,0;23,5;602,2;28,2;0,1;5,48E-2;-541,2;20,00;3,0;3,0;37,95;0,72;0,779;2,1;4,97;0,421
635;14.07.2023;11:29:40;00:10:34;250,1;510,8;28,7;28,1;23,6;604,2;28,2;0,1;5,48E-2;-541,2;20,00;3,0;2,9;37,97;0,73;0,778;2,1;4,95;0,423
636;14.07.2023;11:29:41;00:10:35;250,1;510,8;28,8;28,1;23,6;605,2;28,4;0,1;5,48E-2;-541,2;20,00;3,0;3,0;37,98;0,74;0,788;2,1;4,96;0,424
637;14.07.2023;11:29:42;00:10:36;250,2;513,9;28,8;28,2;23,6;607,2;28,3;0,1;5,47E-2;-541,2;20,00;3,0;3,0;38,00;0,76;0,814;2,1;4,97;0,424
638;14.07.2023;11:29:43;00:10:37;250,1;513,9;28,8;28,3;23,6;608,3;28,5;0,1;5,47E-2;-541,2;20,00;3,0;3,0;38,00;0,77;0,820;2,1;4,98;0,425
639;14.07.2023;11:29:44;00:10:38;250,0;516,7;28,8;28,3;23,6;610,3;28,5;0,1;5,46E-2;-541,2;20,00;3,0;3,1;38,02;0,79;0,830;2,1;4,95;0,426
640;14.07.2023;11:29:45;00:10:39;250,2;519,6;28,9;28,4;23,7;612,3;28,6;0,1;5,46E-2;-541,2;20,00;3,0;3,0;38,04;0,81;0,858;2,1;5,01;0,428
641;14.07.2023;11:29:46;00:10:40;250,1;519,6;28,9;28,4;23,7;613,3;28,6;0,1;5,46E-2;-541,2;20,00;3,0;3,0;38,05;0,82;0,869;2,1;4,98;0,427
642;14.07.2023;11:29:47;00:10:41;250,2;522,5;29,0;28,5;23,7;615,3;28,7;0,1;5,44E-2;-541,2;20,00;3,0;3,0;38,07;0,83;0,878;2,1;4,98;0,430
643;14.07.2023;11:29:48;00:10:42;250,0;522,5;29,1;28,5;23,7;617,3;28,9;0,1;5,44E-2;-541,2;20,00;3,0;3,0;38,09;0,85;0,886;2,2;4,98;0,430
644;14.07.2023;11:29:49;00:10:43;250,0;522,5;29,1;28,5;23,7;618,5;29,1;0,1;5,44E-2;-541,2;20,00;3,0;3,0;38,10;0,86;0,900;2,1;5,03;0,430
645;14.07.2023;11:29:50;00:10:44;250,0;525,4;29,1;28,6;23,7;620,5;29,1;0,1;5,43E-2;-541,2;20,00;3,0;3,0;38,12;0,88;0,917;2,2;5,02;0,432
646;14.07.2023;11:29:51;00:10:45;250,0;528,3;29,2;28,7;23,8;622,5;29,1;0,1;5,43E-2;-541,2;20,00;3,0;3,0;38,13;0,90;0,918;2,2;4,97;0,432
647;14.07.2023;11:29:52;00:10:46;250,1;528,3;29,2;28,7;23,8;623,5;29,2;0,1;5,42E-2;-541,1;20,00;3,0;2,9;38,15;0,91;0,929;2,2;5,06;0,430
648;14.07.2023;11:29:53;00:10:47;250,1;531,2;29,2;28,8;23,8;625,5;29,5;0,1;5,42E-2;-541,2;20,00;3,0;3,0;38,16;0,93;0,941;2,2;5,03;0,434
649;14.07.2023;11:29:54;00:10:48;250,1;531,3;29,2;28,8;23,8;627,5;29,5;0,1;5,41E-2;-541,2;20,00;3,0;3,0;38,19;0,95;0,955;2,2;5,01;0,435
650;14.07.2023;11:29:55;00:10:49;250,0;531,3;29,3;28,8;23,8;628,7;29,6;0,1;5,40E-2;-541,2;20,00;3,0;3,0;38,20;0,96;0,963;2,2;5,06;0,435
651;14.07.2023;11:29:56;00:10:50;250,0;534,4;29,3;28,9;23,8;630,7;29,6;0,1;5,39E-2;-541,2;20,00;3,0;3,0;38,22;0,98;0,984;2,2;5,02;0,435
652;14.07.2023;11:29:57;00:10:51;250,0;534,4;29,3;28,9;23,8;631,7;29,7;0,1;5,39E-2;-541,2;20,00;3,0;2,9;38,23;0,99;0,987;2,2;5,05;0,435
653;14.07.2023;11:29:58;00:10:52;250,0;537,5;29,4;29,0;23,8;633,7;29,7;0,1;5,38E-2;-541,2;20,00;3,0;3,0;38,25;1,01;0,984;2,2;5,04;0,437
654;14.07.2023;11:29:59;00:10:53;250,1;537,5;29,5;29,1;23,8;635,7;30,0;0,1;5,38E-2;-541,2;20,00;3,0;3,0;38,27;1,03;1,004;2,2;5,09;0,440
655;14.07.2023;11:30:00;00:10:54;250,0;540,6;29,5;29,1;23,8;636,7;29,9;0,1;5,38E-2;-541,2;20,00;3,0;2,9;38,28;1,05;1,005;2,2;5,07;0,440
656;14.07.2023;11:30:01;00:10:55;250,1;543,8;29,6;29,2;23,8;638,8;30,1;0,1;5,37E-2;-541,2;20,00;3,0;3,0;38,30;1,07;1,015;2,2;5,07;0,440
657;14.07.2023;11:30:02;00:10:56;250,1;543,8;29,6;29,2;23,8;640,8;30,1;0,1;5,36E-2;-541,2;20,00;3,0;3,0;38,33;1,09;1,033;2,2;5,12;0,440
658;14.07.2023;11:30:03;00:10:57;250,0;546,7;29,7;29,3;23,8;641,8;30,1;0,1;5,36E-2;-541,2;20,00;3,0;3,0;38,33;1,10;1,039;2,2;5,09;0,443
659;14.07.2023;11:30:04;00:10:58;250,0;546,7;29,7;29,3;23,8;643,8;30,2;0,1;5,35E-2;-541,2;20,00;3,0;2,9;38,36;1,12;1,055;2,3;5,03;0,441
660;14.07.2023;11:30:05;00:10:59;250,0;549,7;29,7;29,4;23,8;645,8;30,4;0,1;5,34E-2;-541,2;20,00;3,0;3,0;38,38;1,14;1,058;2,3;5,11;0,444
661;14.07.2023;11:30:06;00:11:00;250,0;549,7;29,7;29,4;23,8;646,8;30,4;0,1;5,34E-2;-541,2;20,00;3,0;3,0;38,39;1,15;1,069;2,3;5,09;0,444
662;14.07.2023;11:30:07;00:11:01;250,2;552,6;29,8;29,5;23,8;649,0;30,4;0,1;5,33E-2;-541,2;20,00;3,0;2,9;38,42;1,18;1,099;2,3;5,09;0,445
663;14.07.2023;11:30:08;00:11:02;250,2;552,6;29,9;29,5;23,8;651,0;30,7;0,1;5,33E-2;-541,2;20,00;3,0;3,0;38,44;1,20;1,104;2,3;5,10;0,444
664;14.07.2023;11:30:09;00:11:03;250,2;552,6;29,9;29,5;23,8;652,0;30,8;0,1;5,32E-2;-541,2;20,00;3,0;3,0;38,45;1,21;1,110;2,3;5,08;0,449
665;14.07.2023;11:30:10;00:11:04;250,1;555,6;29,9;29,6;23,8;654,0;30,8;0,1;5,31E-2;-541,2;20,00;3,0;3,0;38,46;1,24;1,099;2,3;5,11;0,449
666;14.07.2023;11:30:11;00:11:05;250,1;558,6;30,0;29,8;23,8;655,0;30,9;0,1;5,31E-2;-541,2;20,00;3,0;3,1;38,48;1,24;1,099;2,3;5,10;0,449
667;14.07.2023;11:30:12;00:11:06;250,1;558,6;30,0;29,8;23,9;657,0;30,9;0,1;5,30E-2;-541,2;20,00;3,0;3,0;38,50;1,27;1,109;2,3;5,07;0,449
668;14.07.2023;11:30:13;00:11:07;250,1;561,6;30,1;29,9;23,9;659,2;31,1;0,1;5,29E-2;-541,2;20,00;3,0;2,9;38,53;1,30;1,119;2,3;5,15;0,449
669;14.07.2023;11:30:14;00:11:08;250,1;561,6;30,1;29,9;23,9;660,2;31,1;0,1;5,29E-2;-541,2;20,00;3,0;3,0;38,54;1,30;1,132;2,3;5,15;0,451
670;14.07.2023;11:30:15;00:11:09;250,2;561,6;30,2;29,9;23,9;662,2;31,3;0,1;5,28E-2;-541,2;20,00;3,0;3,0;38,56;1,33;1,138;2,3;5,19;0,453
671;14.07.2023;11:30:16;00:11:10;250,2;564,8;30,2;30,0;23,9;664,2;31,3;0,1;5,27E-2;-541,2;20,00;3,0;3,0;38,59;1,35;1,149;2,3;5,13;0,454
672;14.07.2023;11:30:17;00:11:11;250,2;564,8;30,2;30,0;23,9;665,2;31,5;0,1;5,27E-2;-541,2;20,00;3,0;3,1;38,60;1,37;1,163;2,3;5,16;0,455
673;14.07.2023;11:30:18;00:11:12;250,0;568,0;30,3;30,1;23,9;667,2;31,6;0,1;5,26E-2;-541,2;20,00;3,0;3,0;38,63;1,39;1,179;2,4;5,18;0,458
674;14.07.2023;11:30:19;00:11:13;250,2;568,0;30,4;30,1;23,9;669,3;31,7;0,1;5,25E-2;-541,2;20,00;3,0;3,0;38,65;1,42;1,186;2,4;5,17;0,457
675;14.07.2023;11:30:20;00:11:14;250,2;571,3;30,4;30,2;23,9;670,3;31,6;0,1;5,25E-2;-541,2;20,00;3,0;3,0;38,66;1,43;1,201;2,4;5,18;0,458
676;14.07.2023;11:30:21;00:11:15;250,1;574,6;30,5;30,3;23,9;672,3;31,8;0,1;5,24E-2;-541,2;20,00;3,0;3,0;38,69;1,45;1,216;2,4;5,21;0,459
677;14.07.2023;11:30:22;00:11:16;250,2;574,6;30,5;30,3;23,9;673,3;31,7;0,1;5,24E-2;-541,2;20,00;3,0;3,0;38,70;1,47;1,217;2,4;5,17;0,458
678;14.07.2023;11:30:23;00:11:17;250,1;574,6;30,6;30,3;24,0;675,3;31,9;0,1;5,23E-2;-541,2;20,00;3,0;3,0;38,73;1,49;1,235;2,4;5,19;0,459
679;14.07.2023;11:30:24;00:11:18;250,1;577,7;30,6;30,5;23,9;677,3;31,9;0,1;5,22E-2;-541,2;20,00;3,0;3,0;38,75;1,52;1,249;2,4;5,20;0,460
680;14.07.2023;11:30:25;00:11:19;250,1;577,7;30,6;30,5;23,9;678,3;32,1;0,1;5,21E-2;-541,2;20,00;3,0;3,0;38,77;1,53;1,248;2,4;5,20;0,462
681;14.07.2023;11:30:26;00:11:20;250,2;580,8;30,6;30,6;24,0;680,5;32,1;0,1;5,21E-2;-541,2;20,00;3,0;3,0;38,79;1,56;1,262;2,4;5,18;0,460
682;14.07.2023;11:30:27;00:11:21;250,1;580,8;30,7;30,7;24,0;682,5;32,3;0,1;5,20E-2;-541,2;20,00;3,0;3,0;38,82;1,59;1,279;2,4;5,22;0,464
683;14.07.2023;11:30:28;00:11:22;250,0;583,8;30,7;30,7;24,0;683,5;32,2;0,1;5,20E-2;-541,2;20,00;3,0;2,9;38,83;1,59;1,296;2,4;5,21;0,465
684;14.07.2023;11:30:29;00:11:23;250,0;583,8;30,8;30,8;24,0;685,5;32,5;0,1;5,19E-2;-541,2;20,00;3,0;3,0;38,86;1,62;1,290;2,4;5,20;0,465
685;14.07.2023;11:30:30;00:11:24;250,2;586,8;30,8;30,8;24,0;687,5;32,5;0,1;5,18E-2;-541,2;20,00;3,0;3,0;38,89;1,65;1,318;2,4;5,22;0,464
686;14.07.2023;11:30:31;00:11:25;250,0;589,8;30,9;30,9;24,0;688,5;32,5;0,1;5,18E-2;-541,2;20,00;3,0;3,0;38,90;1,67;1,334;2,4;5,22;0,465
687;14.07.2023;11:30:32;00:11:26;250,1;589,8;31,0;30,9;24,1;690,7;32,6;0,1;5,17E-2;-541,2;20,00;3,0;3,0;38,93;1,70;1,366;2,4;5,22;0,468
688;14.07.2023;11:30:33;00:11:27;250,0;592,8;31,0;31,0;24,1;692,7;32,7;0,1;5,16E-2;-541,2;20,00;3,0;3,0;38,97;1,73;1,418;2,4;5,23;0,469
689;14.07.2023;11:30:34;00:11:28;250,0;592,8;31,0;31,0;24,1;693,7;32,8;0,1;5,16E-2;-541,2;20,00;3,0;3,0;38,97;1,74;1,421;2,4;5,24;0,469
690;14.07.2023;11:30:35;00:11:29;250,0;592,9;31,1;31,1;24,1;695,7;33,0;0,1;5,16E-2;-541,2;20,00;3,0;3,0;39,01;1,77;1,418;2,5;5,22;0,471
691;14.07.2023;11:30:36;00:11:30;250,0;596,2;31,1;31,2;24,2;696,7;32,9;0,1;5,15E-2;-541,2;20,00;3,0;3,0;39,02;1,79;1,417;2,5;5,25;0,472
692;14.07.2023;11:30:37;00:11:31;250,1;596,2;31,2;31,2;24,2;698,7;33,1;0,1;5,15E-2;-541,2;20,00;3,0;3,0;39,05;1,81;1,421;2,5;5,27;0,472
693;14.07.2023;11:30:38;00:11:32;250,2;599,4;31,2;31,3;24,2;700,8;33,1;0,1;5,13E-2;-541,2;20,00;3,0;3,0;39,09;1,85;1,444;2,5;5,25;0,474
694;14.07.2023;11:30:39;00:11:33;250,0;599,4;31,3;31,3;24,2;701,8;33,3;0,1;5,13E-2;-541,2;20,00;3,0;3,0;39,10;1,86;1,457;2,5;5,27;0,474
695;14.07.2023;11:30:40;00:11:34;250,0;602,7;31,3;31,4;24,2;703,8;33,3;0,1;5,13E-2;-541,2;20,00;3,0;2,9;39,13;1,89;1,463;2,5;5,29;0,474
696;14.07.2023;11:30:41;00:11:35;250,1;605,9;31,4;31,6;24,3;705,8;33,4;0,1;5,12E-2;-541,2;20,00;3,0;3,0;39,16;1,92;1,475;2,5;5,30;0,474
697;14.07.2023;11:30:42;00:11:36;250,0;605,9;31,4;31,6;24,3;706,8;33,4;0,1;5,12E-2;-541,2;20,00;3,0;3,0;39,17;1,94;1,468;2,5;5,28;0,474
698;14.07.2023;11:30:43;00:11:37;250,0;605,9;31,5;31,6;24,3;708,8;33,6;0,1;5,12E-2;-541,2;20,00;3,0;3,0;39,20;1,96;1,474;2,5;5,24;0,477
699;14.07.2023;11:30:44;00:11:38;250,0;609,0;31,5;31,7;24,4;711,0;33,7;0,1;5,11E-2;-541,2;20,00;3,0;3,0;39,23;2,00;1,462;2,5;5,28;0,479
700;14.07.2023;11:30:45;00:11:39;250,0;609,0;31,6;31,7;24,4;712,0;33,8;0,1;5,11E-2;-541,2;20,00;3,0;2,9;39,24;2,01;1,461;2,5;5,31;0,479
701;14.07.2023;11:30:46;00:11:40;250,0;612,0;31,6;31,8;24,4;714,0;33,8;0,1;5,10E-2;-541,2;20,00;3,0;3,0;39,27;2,04;1,452;2,5;5,32;0,479
702;14.07.2023;11:30:47;00:11:41;250,2;612,0;31,7;31,9;24,4;716,0;34,1;0,1;5,09E-2;-541,2;20,00;3,0;2,9;39,31;2,07;1,472;2,6;5,32;0,479
703;14.07.2023;11:30:48;00:11:42;250,1;615,1;31,7;31,9;24,4;717,0;33,9;0,1;5,09E-2;-541,2;20,00;3,0;3,0;39,32;2,09;1,483;2,6;5,30;0,484
704;14.07.2023;11:30:49;00:11:43;250,0;618,1;31,8;32,0;24,4;719,0;34,2;0,1;5,08E-2;-541,2;20,00;3,0;2,9;39,35;2,11;1,489;2,6;5,32;0,482
705;14.07.2023;11:30:50;00:11:44;250,1;618,1;31,8;32,0;24,3;720,0;34,1;0,1;5,08E-2;-541,2;20,00;3,0;3,0;39,37;2,13;1,483;2,6;5,27;0,484
706;14.07.2023;11:30:51;00:11:45;250,0;621,1;31,9;32,2;24,3;722,2;34,1;0,1;5,08E-2;-541,2;20,00;3,0;3,0;39,40;2,16;1,483;2,6;5,35;0,484
707;14.07.2023;11:30:52;00:11:46;250,2;621,1;32,0;32,2;24,3;724,2;34,3;0,1;5,07E-2;-541,2;20,00;3,0;3,0;39,43;2,19;1,500;2,6;5,30;0,484
708;14.07.2023;11:30:53;00:11:47;250,0;621,1;32,0;32,2;24,3;725,2;34,5;0,1;5,07E-2;-541,2;20,00;3,0;3,0;39,44;2,21;1,497;2,6;5,35;0,488
709;14.07.2023;11:30:54;00:11:48;250,1;624,1;32,0;32,3;24,3;727,2;34,5;0,1;5,06E-2;-541,2;20,00;3,0;3,0;39,47;2,23;1,500;2,6;5,33;0,486
710;14.07.2023;11:30:55;00:11:49;250,0;624,1;31,9;32,3;24,3;729,2;34,8;0,1;5,05E-2;-541,2;20,00;3,0;3,0;39,50;2,27;1,491;2,6;5,35;0,488
711;14.07.2023;11:30:56;00:11:50;250,0;627,3;32,0;32,4;24,3;730,2;34,6;0,1;5,05E-2;-541,2;20,00;3,0;3,0;39,52;2,28;1,491;2,6;5,37;0,488
712;14.07.2023;11:30:57;00:11:51;250,0;630,5;32,1;32,5;24,3;732,3;34,9;0,1;5,05E-2;-541,2;20,00;3,0;3,0;39,55;2,31;1,483;2,6;5,34;0,488
713;14.07.2023;11:30:58;00:11:52;250,1;630,5;32,1;32,5;24,3;734,3;34,9;0,1;5,04E-2;-541,2;20,00;3,0;3,0;39,58;2,35;1,499;2,6;5,36;0,488
714;14.07.2023;11:30:59;00:11:53;250,0;630,5;32,3;32,5;24,3;735,3;35,0;0,1;5,04E-2;-541,2;20,00;3,0;3,0;39,60;2,36;1,517;2,6;5,34;0,490
715;14.07.2023;11:31:00;00:11:54;250,1;633,7;32,3;32,7;24,3;737,3;35,0;0,1;5,04E-2;-541,2;20,00;3,0;3,0;39,63;2,39;1,528;2,6;5,38;0,490
716;14.07.2023;11:31:01;00:11:55;250,1;633,7;32,3;32,7;24,3;738,3;35,1;0,1;5,03E-2;-541,2;20,00;3,0;3,0;39,64;2,40;1,526;2,6;5,38;0,490
717;14.07.2023;11:31:02;00:11:56;250,1;637,0;32,3;32,8;24,3;740,3;35,1;0,1;5,03E-2;-541,2;20,00;3,0;3,0;39,67;2,44;1,524;2,7;5,33;0,490
718;14.07.2023;11:31:03;00:11:57;250,0;637,0;32,3;32,8;24,3;742,5;35,4;0,1;5,02E-2;-541,2;20,00;3,0;3,0;39,71;2,47;1,548;2,6;5,38;0,493
719;14.07.2023;11:31:04;00:11:58;250,1;640,1;32,4;32,9;24,4;743,5;35,3;0,1;5,02E-2;-541,2;20,00;3,0;2,9;39,72;2,48;1,548;2,7;5,38;0,495
720;14.07.2023;11:31:05;00:11:59;250,1;640,1;32,5;32,9;24,4;745,5;35,5;0,1;5,01E-2;-541,2;20,00;3,0;3,0;39,75;2,52;1,538;2,7;5,42;0,496
721;14.07.2023;11:31:06;00:12:00;250,3;643,2;32,5;33,1;24,4;747,5;35,5;0,1;5,01E-2;-541,2;20,00;3,0;3,0;39,78;2,55;1,523;2,6;5,37;0,496
722;14.07.2023;11:31:07;00:12:01;250,2;643,2;32,6;33,1;24,4;748,5;35,7;0,1;5,01E-2;-541,2;20,00;3,0;3,0;39,79;2,56;1,513;2,7;5,40;0,497
723;14.07.2023;11:31:08;00:12:02;250,1;646,3;32,6;33,2;24,4;750,0;35,7;0,1;5,00E-2;-541,2;20,00;3,0;3,0;39,83;2,59;1,522;2,7;5,42;0,498
724;14.07.2023;11:31:09;00:12:03;250,0;649,4;32,7;33,3;24,4;750,0;35,6;0,0;5,00E-2;-541,2;20,00;3,0;3,1;39,87;2,63;1,544;2,7;5,43;0,498
725;14.07.2023;11:31:10;00:12:04;250,0;649,4;32,7;33,3;24,4;750,0;35,5;0,0;5,00E-2;-541,2;20,00;3,0;3,0;39,88;2,65;1,551;2,7;5,42;0,498
726;14.07.2023;11:31:11;00:12:05;250,2;649,4;32,8;33,5;24,4;750,0;35,6;0,0;4,99E-2;-541,2;20,00;3,1;3,0;39,92;2,68;1,588;2,7;5,38;0,498
727;14.07.2023;11:31:12;00:12:06;250,2;652,3;32,8;33,5;24,5;750,0;35,4;0,0;4,99E-2;-541,2;20,00;3,1;3,1;39,95;2,72;1,642;2,7;5,37;0,498
728;14.07.2023;11:31:13;00:12:07;250,1;652,3;32,8;33,5;24,5;750,0;35,5;0,0;4,99E-2;-541,2;20,00;3,1;3,1;39,97;2,73;1,667;2,7;5,39;0,498
729;14.07.2023;11:31:14;00:12:08;250,2;655,3;32,9;33,6;24,5;750,0;35,3;0,0;4,98E-2;-541,2;20,00;3,1;3,1;40,00;2,77;1,701;2,7;5,39;0,497
730;14.07.2023;11:31:15;00:12:09;250,1;655,2;32,8;33,5;24,5;750,0;35,3;0,0;4,98E-2;-541,2;20,00;3,1;3,1;40,03;2,79;1,723;2,7;5,35;0,498
731;14.07.2023;11:31:16;00:12:10;250,0;658,4;32,9;33,7;24,4;750,0;35,2;0,0;4,98E-2;-541,2;20,00;3,1;3,0;40,06;2,82;1,748;2,7;5,38;0,498
732;14.07.2023;11:31:17;00:12:11;250,0;658,4;33,0;33,8;24,4;750,0;35,2;0,0;4,98E-2;-541,2;20,00;3,1;3,1;40,10;2,86;1,765;2,7;5,35;0,496
733;14.07.2023;11:31:18;00:12:12;250,1;658,4;33,0;33,8;24,4;750,0;35,3;0,0;4,97E-2;-541,2;20,00;3,2;3,1;40,12;2,88;1,784;2,7;5,43;0,497
734;14.07.2023;11:31:19;00:12:13;250,0;661,6;33,0;33,8;24,4;750,0;35,1;0,0;4,97E-2;-541,2;20,00;3,2;3,1;40,15;2,92;1,796;2,7;5,39;0,496
735;14.07.2023;11:31:20;00:12:14;250,1;664,7;33,1;33,9;24,5;750,0;34,9;0,0;4,96E-2;-541,2;20,00;3,2;3,2;40,19;2,95;1,809;2,7;5,36;0,494
736;14.07.2023;11:31:21;00:12:15;250,1;664,7;33,1;33,9;24,5;750,0;34,9;0,0;4,96E-2;-541,2;20,00;3,2;3,2;40,21;2,97;1,822;2,6;5,32;0,493
737;14.07.2023;11:31:22;00:12:16;250,0;667,7;33,2;34,1;24,5;750,0;34,7;0,0;4,96E-2;-541,2;20,00;3,2;3,2;40,25;3,01;1,834;2,6;5,33;0,493
738;14.07.2023;11:31:23;00:12:17;250,1;667,7;33,3;34,1;24,5;750,0;34,8;0,0;4,95E-2;-541,2;20,00;3,2;3,1;40,29;3,05;1,827;2,6;5,35;0,493
739;14.07.2023;11:31:24;00:12:18;250,0;670,5;33,3;34,2;24,5;750,0;34,6;0,0;4,96E-2;-541,2;20,00;3,2;3,2;40,30;3,07;1,816;2,6;5,33;0,493
740;14.07.2023;11:31:25;00:12:19;250,0;670,5;33,4;34,4;24,5;750,0;34,7;0,0;4,95E-2;-541,2;20,00;3,3;3,2;40,34;3,10;1,796;2,6;5,34;0,493
741;14.07.2023;11:31:26;00:12:20;250,0;673,2;33,4;34,4;24,5;750,0;34,5;0,0;4,95E-2;-541,2;20,00;3,3;3,2;40,37;3,13;1,781;2,6;5,34;0,493
742;14.07.2023;11:31:27;00:12:21;250,2;673,2;33,5;34,5;24,5;750,0;34,5;0,0;4,95E-2;-541,2;20,00;3,3;3,3;40,39;3,16;1,765;2,6;5,34;0,493
743;14.07.2023;11:31:28;00:12:22;250,0;675,8;33,5;34,5;24,5;750,0;34,4;0,0;4,95E-2;-541,2;20,00;3,3;3,2;40,43;3,19;1,739;2,6;5,32;0,493
744;14.07.2023;11:31:29;00:12:23;250,0;675,8;33,5;34,5;24,5;750,0;34,4;0,0;4,95E-2;-541,2;20,00;3,3;3,3;40,44;3,21;1,731;2,6;5,32;0,493
745;14.07.2023;11:31:30;00:12:24;250,0;678,3;33,6;34,6;24,6;750,0;34,2;0,0;4,94E-2;-541,2;20,00;3,3;3,3;40,48;3,24;1,705;2,6;5,33;0,490
746;14.07.2023;11:31:31;00:12:25;250,0;678,3;33,7;34,8;24,6;750,0;34,3;0,0;4,93E-2;-541,2;20,00;3,4;3,3;40,51;3,27;1,688;2,6;5,31;0,491
747;14.07.2023;11:31:32;00:12:26;250,0;680,7;33,7;34,8;24,5;750,0;34,2;0,0;4,93E-2;-541,2;20,00;3,4;3,3;40,52;3,29;1,672;2,6;5,31;0,493
748;14.07.2023;11:31:33;00:12:27;250,2;680,7;33,7;34,9;24,5;750,0;34,2;0,0;4,93E-2;-541,2;20,00;3,4;3,4;40,55;3,32;1,634;2,6;5,29;0,491
749;14.07.2023;11:31:34;00:12:28;250,0;683,1;33,7;34,9;24,5;750,0;34,0;0,0;4,92E-2;-541,2;20,00;3,4;3,4;40,58;3,35;1,591;2,6;5,28;0,488
750;14.07.2023;11:31:35;00:12:29;250,2;683,1;33,7;34,9;24,5;750,0;34,1;0,0;4,92E-2;-541,2;20,00;3,4;3,3;40,60;3,36;1,573;2,6;5,29;0,489
751;14.07.2023;11:31:36;00:12:30;250,1;685,5;33,8;35,0;24,6;750,0;33,9;0,0;4,92E-2;-541,2;20,00;3,4;3,4;40,62;3,39;1,518;2,6;5,29;0,488
752;14.07.2023;11:31:37;00:12:31;250,1;687,9;33,9;35,2;24,6;750,0;33,9;0,0;4,92E-2;-541,2;20,00;3,4;3,4;40,65;3,42;1,465;2,6;5,30;0,488
753;14.07.2023;11:31:38;00:12:32;250,1;687,9;33,9;35,2;24,6;750,0;33,8;0,0;4,91E-2;-541,2;20,00;3,5;3,4;40,66;3,43;1,446;2,6;5,30;0,488
754;14.07.2023;11:31:39;00:12:33;250,1;687,9;33,9;35,2;24,5;750,0;33,8;0,0;4,91E-2;-541,2;20,00;3,5;3,4;40,69;3,46;1,406;2,6;5,30;0,488
755;14.07.2023;11:31:40;00:12:34;250,1;690,1;34,0;35,3;24,6;750,0;33,7;0,0;4,91E-2;-541,2;20,00;3,5;3,4;40,71;3,47;1,386;2,6;5,29;0,490
756;14.07.2023;11:31:41;00:12:35;250,3;690,1;34,1;35,3;24,6;750,0;33,7;0,0;4,91E-2;-541,2;20,00;3,5;3,5;40,73;3,49;1,349;2,6;5,25;0,488
757;14.07.2023;11:31:42;00:12:36;250,2;692,3;34,1;35,4;24,6;750,0;33,6;0,0;4,91E-2;-541,2;20,00;3,5;3,5;40,75;3,52;1,305;2,6;5,27;0,488
758;14.07.2023;11:31:43;00:12:37;250,1;692,3;34,1;35,4;24,6;750,0;33,6;0,0;4,90E-2;-541,2;20,00;3,5;3,4;40,76;3,53;1,271;2,6;5,26;0,488
759;14.07.2023;11:31:44;00:12:38;250,0;694,2;34,1;35,6;24,7;750,0;33,5;0,0;4,90E-2;-541,2;20,00;3,5;3,5;40,79;3,55;1,200;2,6;5,25;0,488
760;14.07.2023;11:31:45;00:12:39;250,0;696,1;34,2;35,7;24,7;750,0;33,5;0,0;4,89E-2;-541,2;20,00;3,6;3,6;40,81;3,57;1,130;2,6;5,26;0,488
761;14.07.2023;11:31:46;00:12:40;250,1;696,1;34,2;35,7;24,7;750,0;33,4;0,0;4,89E-2;-541,2;20,00;3,6;3,5;40,81;3,58;1,102;2,6;5,29;0,488
762;14.07.2023;11:31:47;00:12:41;250,0;696,1;34,3;35,8;24,7;750,0;33,4;0,0;4,89E-2;-541,2;20,00;3,6;3,6;40,83;3,60;1,053;2,6;5,25;0,488
763;14.07.2023;11:31:48;00:12:42;250,1;697,9;34,3;35,8;24,7;750,0;33,3;0,0;4,88E-2;-541,2;20,00;3,6;3,6;40,85;3,61;1,008;2,6;5,28;0,488
764;14.07.2023;11:31:49;00:12:43;250,2;697,9;34,3;35,8;24,7;750,0;33,4;0,0;4,88E-2;-541,2;20,00;3,6;3,5;40,86;3,62;0,985;2,6;5,25;0,488
765;14.07.2023;11:31:50;00:12:44;250,0;699,7;34,3;35,9;24,8;750,0;33,2;0,0;4,88E-2;-541,2;20,00;3,6;3,6;40,87;3,64;0,941;2,6;5,26;0,487
766;14.07.2023;11:31:51;00:12:45;250,0;699,7;34,4;35,9;24,8;750,0;33,3;0,0;4,88E-2;-541,2;20,00;3,7;3,6;40,89;3,65;0,880;2,6;5,25;0,487
767;14.07.2023;11:31:52;00:12:46;250,2;701,4;34,4;36,0;24,8;750,0;33,2;0,0;4,87E-2;-541,2;20,00;3,7;3,6;40,90;3,66;0,858;2,5;5,24;0,487
768;14.07.2023;11:31:53;00:12:47;250,0;703,1;34,4;36,1;24,8;750,0;33,2;0,0;4,87E-2;-541,2;20,00;3,7;3,6;40,91;3,67;0,811;2,5;5,23;0,487
769;14.07.2023;11:31:54;00:12:48;250,2;703,1;34,4;36,1;24,8;750,0;33,1;0,0;4,87E-2;-541,2;20,00;3,7;3,7;40,92;3,68;0,782;2,6;5,23;0,486
770;14.07.2023;11:31:55;00:12:49;250,1;703,1;34,5;36,1;24,8;750,0;33,1;0,0;4,87E-2;-541,2;20,00;3,7;3,7;40,93;3,69;0,723;2,5;5,24;0,486
771;14.07.2023;11:31:56;00:12:50;250,0;704,8;34,5;36,2;24,8;750,0;33,0;0,0;4,86E-2;-541,2;20,00;3,7;3,7;40,94;3,70;0,674;2,6;5,23;0,487
772;14.07.2023;11:31:57;00:12:51;250,1;704,8;34,5;36,2;24,8;750,0;33,0;0,0;4,86E-2;-541,2;20,00;3,7;3,7;40,95;3,71;0,657;2,5;5,22;0,484
773;14.07.2023;11:31:58;00:12:52;250,0;706,4;34,6;36,3;24,8;750,0;33,0;0,0;4,86E-2;-541,2;20,00;3,8;3,8;40,96;3,72;0,618;2,5;5,23;0,486
774;14.07.2023;11:31:59;00:12:53;250,0;706,4;34,6;36,3;24,8;750,0;33,0;0,0;4,86E-2;-541,2;20,00;3,8;3,7;40,96;3,73;0,568;2,5;5,21;0,485
775;14.07.2023;11:32:00;00:12:54;250,2;708,0;34,6;36,5;24,8;750,0;32,9;0,0;4,85E-2;-541,2;20,00;3,8;3,8;40,97;3,73;0,547;2,5;5,23;0,485
776;14.07.2023;11:32:01;00:12:55;250,1;708,0;34,7;36,6;24,8;750,0;32,9;0,0;4,85E-2;-541,2;20,00;3,8;3,8;40,98;3,75;0,526;2,5;5,24;0,484
777;14.07.2023;11:32:02;00:12:56;250,1;709,4;34,7;36,6;24,8;750,0;32,8;0,0;4,84E-2;-541,2;20,00;3,8;3,7;40,99;3,75;0,499;2,5;5,21;0,485
778;14.07.2023;11:32:03;00:12:57;250,0;709,4;34,7;36,6;24,8;750,0;32,8;0,0;4,84E-2;-541,2;20,00;3,8;3,8;40,99;3,76;0,481;2,5;5,20;0,484
779;14.07.2023;11:32:04;00:12:58;250,0;710,7;34,8;36,7;24,9;750,0;32,7;0,0;4,84E-2;-541,2;20,00;3,8;3,9;41,00;3,76;0,451;2,5;5,23;0,484
780;14.07.2023;11:32:05;00:12:59;250,0;712,0;34,8;36,7;24,9;750,0;32,7;0,0;4,83E-2;-541,2;20,00;3,9;3,8;41,01;3,77;0,429;2,5;5,21;0,484
781;14.07.2023;11:32:06;00:13:00;250,1;712,0;34,8;36,7;24,9;750,0;32,7;0,0;4,83E-2;-541,2;20,00;3,9;3,9;41,01;3,78;0,416;2,5;5,20;0,484
782;14.07.2023;11:32:07;00:13:01;250,1;712,0;34,9;36,7;24,9;750,0;32,7;0,0;4,83E-2;-541,2;20,00;3,9;3,9;41,02;3,78;0,398;2,5;5,22;0,484
783;14.07.2023;11:32:08;00:13:02;250,0;713,3;34,9;36,8;24,9;749,8;53,3;0,0;4,83E-2;-541,2;20,00;3,9;3,9;41,02;3,79;0,386;2,5;5,20;0,485
784;14.07.2023;11:32:09;00:13:03;250,0;713,3;34,9;36,8;24,9;746,8;74,0;0,0;4,82E-2;-541,2;20,00;3,9;3,9;41,03;3,80;0,352;0,0;0,01;0,049
785;14.07.2023;11:32:10;00:13:04;250,0;714,4;34,9;36,9;24,8;743,7;74,2;0,0;4,82E-2;-541,2;20,00;3,9;3,9;41,07;3,83;0,581;0,0;0,01;0,049
786;14.07.2023;11:32:11;00:13:05;250,0;714,4;34,9;36,9;24,8;742,2;74,3;0,0;4,81E-2;-541,2;20,00;3,9;4,0;41,08;3,84;0,703;0,0;0,01;0,049
787;14.07.2023;11:32:12;00:13:06;250,0;715,2;34,9;37,0;24,7;739,3;74,5;0,0;4,80E-2;-541,2;20,00;3,9;3,9;41,10;3,86;0,872;0,0;0,01;0,049
788;14.07.2023;11:32:13;00:13:07;250,0;715,2;34,9;37,1;24,7;736,4;74,6;0,0;4,79E-2;-541,2;20,00;3,9;3,9;41,12;3,88;0,927;0,0;0,01;0,049
789;14.07.2023;11:32:14;00:13:08;250,0;715,2;34,9;37,1;24,5;734,9;74,7;0,0;4,79E-2;-541,2;20,00;3,9;3,9;41,12;3,89;0,919;0,0;0,01;0,049
790;14.07.2023;11:32:15;00:13:09;250,0;715,3;35,0;37,1;24,5;732,0;74,9;0,0;4,77E-2;-541,2;20,00;3,9;3,9;41,13;3,90;0,865;0,0;0,01;0,049
791;14.07.2023;11:32:16;00:13:10;250,0;713,9;34,9;37,2;24,3;728,8;75,1;0,0;4,76E-2;-541,2;20,00;3,9;4,0;41,14;3,91;0,766;0,0;0,01;0,049
792;14.07.2023;11:32:17;00:13:11;250,0;713,9;34,9;37,2;24,3;727,4;75,1;0,0;4,75E-2;-541,2;20,00;3,9;3,9;41,15;3,91;0,723;0,0;0,01;0,049
793;14.07.2023;11:32:18;00:13:12;250,0;711,2;34,8;37,3;24,1;724,4;75,3;0,0;4,74E-2;-541,2;20,00;3,9;3,9;41,16;3,92;0,633;0,0;0,01;0,049
794;14.07.2023;11:32:19;00:13:13;250,0;711,2;34,8;37,3;24,1;723,0;75,4;0,0;4,74E-2;-541,2;20,00;3,9;3,9;41,16;3,92;0,590;0,0;0,01;0,049
795;14.07.2023;11:32:20;00:13:14;250,0;707,1;34,7;37,3;24,0;720,1;75,6;0,0;4,72E-2;-541,2;20,00;3,9;3,9;41,17;3,93;0,513;0,0;0,01;0,049
796;14.07.2023;11:32:21;00:13:15;250,0;707,1;34,5;37,3;24,0;717,1;75,7;0,0;4,70E-2;-541,2;20,00;3,9;3,8;41,17;3,94;0,459;0,0;0,01;0,049
797;14.07.2023;11:32:22;00:13:16;250,0;707,1;34,5;37,3;24,0;715,4;75,8;0,0;4,70E-2;-541,2;20,00;3,9;3,9;41,18;3,94;0,434;0,0;0,01;0,049
798;14.07.2023;11:32:23;00:13:17;250,0;701,9;34,5;37,3;23,9;712,5;76,0;0,0;4,68E-2;-541,2;20,00;3,9;3,9;41,18;3,95;0,388;0,0;0,01;0,049
799;14.07.2023;11:32:24;00:13:18;250,0;696,3;34,4;37,3;23,9;709,6;76,1;0,0;4,67E-2;-541,2;20,00;3,9;3,9;41,19;3,95;0,351;0,0;0,01;0,049
800;14.07.2023;11:32:25;00:13:19;250,0;696,3;34,4;37,3;23,9;708,1;76,2;0,0;4,66E-2;-541,2;20,00;3,9;3,9;41,19;3,95;0,327;0,0;0,01;0,049
801;14.07.2023;11:32:26;00:13:20;250,0;690,3;34,2;37,2;23,9;705,2;76,3;0,0;4,65E-2;-541,2;20,00;3,9;3,9;41,19;3,96;0,288;0,0;0,01;0,049
802;14.07.2023;11:32:27;00:13:21;250,0;690,3;34,0;37,2;23,9;702,3;76,5;0,0;4,63E-2;-541,2;20,00;3,9;3,9;41,20;3,97;0,269;0,0;0,01;0,049
803;14.07.2023;11:32:28;00:13:22;250,0;684,1;34,0;37,1;23,8;700,6;76,6;0,0;4,62E-2;-541,2;20,00;3,9;4,0;41,20;3,97;0,261;0,0;0,01;0,049
804;14.07.2023;11:32:29;00:13:23;250,0;684,1;33,8;37,0;23,8;697,7;76,7;0,0;4,61E-2;-541,2;20,00;3,9;3,9;41,21;3,97;0,250;0,0;0,01;0,049
805;14.07.2023;11:32:30;00:13:24;250,0;677,7;33,8;37,0;23,8;694,8;76,8;0,0;4,59E-2;-541,2;20,00;3,9;3,9;41,21;3,98;0,246;0,0;0,01;0,049
806;14.07.2023;11:32:31;00:13:25;250,0;677,7;33,6;36,9;23,8;693,3;76,9;0,0;4,58E-2;-541,2;20,00;3,9;3,9;41,21;3,98;0,247;0,0;0,01;0,049
807;14.07.2023;11:32:32;00:13:26;250,0;671,3;33,6;36,9;23,8;690,4;77,0;0,0;4,57E-2;-541,2;20,00;3,9;3,9;41,22;3,98;0,249;0,0;0,01;0,049
808;14.07.2023;11:32:33;00:13:27;250,0;671,3;33,6;36,9;23,8;688,9;77,1;0,0;4,56E-2;-541,2;20,00;3,9;3,9;41,22;3,99;0,244;0,0;0,01;0,049
809;14.07.2023;11:32:34;00:13:28;250,0;664,8;33,3;36,7;23,8;685,8;77,2;0,0;4,54E-2;-541,2;20,00;3,9;3,9;41,22;3,99;0,231;0,0;0,01;0,049
810;14.07.2023;11:32:35;00:13:29;250,0;664,9;33,4;36,8;23,9;682,8;77,4;0,0;4,53E-2;-541,2;20,00;3,9;3,8;41,23;3,99;0,216;0,0;0,01;0,049
811;14.07.2023;11:32:36;00:13:30;250,0;657,8;33,2;36,5;23,9;681,4;77,4;0,0;4,52E-2;-541,2;20,00;3,9;3,9;41,23;4,00;0,215;0,0;0,01;0,049
812;14.07.2023;11:32:37;00:13:31;250,0;657,8;32,9;36,5;23,9;678,5;77,5;0,0;4,50E-2;-541,2;20,00;3,9;3,9;41,23;4,00;0,214;0,0;0,01;0,049
813;14.07.2023;11:32:38;00:13:32;250,0;650,7;32,9;36,3;23,9;675,5;77,7;0,0;4,49E-2;-541,2;20,00;3,9;3,9;41,24;4,00;0,209;0,0;0,01;0,049
814;14.07.2023;11:32:39;00:13:33;250,0;650,7;32,9;36,3;23,9;674,1;77,7;0,0;4,48E-2;-541,2;20,00;3,9;3,9;41,24;4,01;0,206;0,0;0,01;0,049
815;14.07.2023;11:32:40;00:13:34;250,0;643,7;32,7;36,1;23,9;670,9;77,9;0,0;4,47E-2;-541,2;20,00;3,9;3,8;41,24;4,01;0,191;0,0;0,01;0,049
816;14.07.2023;11:32:41;00:13:35;250,0;643,7;32,4;36,1;23,8;668,0;78,0;0,0;4,45E-2;-541,2;20,00;3,9;3,9;41,25;4,01;0,186;0,0;0,01;0,049
817;14.07.2023;11:32:42;00:13:36;250,0;643,7;32,4;35,8;23,8;666,5;78,0;0,0;4,44E-2;-541,2;20,00;3,9;3,9;41,25;4,01;0,182;0,0;0,01;0,049
818;14.07.2023;11:32:43;00:13:37;250,0;636,8;32,4;35,8;23,8;663,6;78,1;0,0;4,43E-2;-541,2;20,00;3,9;4,0;41,25;4,02;0,183;0,0;0,01;0,049
819;14.07.2023;11:32:44;00:13:38;250,0;630,7;32,2;35,6;23,8;660,7;78,2;0,0;4,41E-2;-541,2;20,00;3,9;3,8;41,25;4,02;0,174;0,0;0,01;0,049
820;14.07.2023;11:32:45;00:13:39;250,0;630,7;32,2;35,6;23,8;659,2;78,3;0,0;4,41E-2;-541,2;20,00;3,9;3,8;41,26;4,02;0,175;0,0;0,01;0,049
821;14.07.2023;11:32:46;00:13:40;250,0;624,6;32,0;35,4;23,8;656,1;78,4;0,0;4,40E-2;-541,2;20,00;3,9;3,8;41,26;4,03;0,178;0,0;0,01;0,049
822;14.07.2023;11:32:47;00:13:41;250,0;624,6;32,0;35,4;23,8;654,6;78,5;0,0;4,39E-2;-541,2;20,00;3,9;3,8;41,26;4,03;0,179;0,0;0,00;0,049
823;14.07.2023;11:32:48;00:13:42;250,0;618,5;31,8;35,2;23,8;651,7;78,6;0,0;4,37E-2;-541,2;20,00;3,9;3,9;41,27;4,03;0,181;0,0;0,01;0,049
824;14.07.2023;11:32:49;00:13:43;250,0;612,6;31,6;34,9;23,8;648,8;78,6;0,0;4,36E-2;-541,2;20,00;3,9;3,9;41,27;4,04;0,177;0,0;0,01;0,049
825;14.07.2023;11:32:50;00:13:44;250,0;612,6;31,6;34,9;23,8;647,3;78,7;0,0;4,36E-2;-541,2;20,00;3,9;3,8;41,27;4,04;0,171;0,0;0,01;0,049
826;14.07.2023;11:32:51;00:13:45;250,0;612,6;31,4;34,9;23,8;644,4;78,8;0,0;4,35E-2;-541,2;20,00;3,9;3,9;41,27;4,04;0,163;0,0;0,01;0,049
827;14.07.2023;11:32:52;00:13:46;250,0;606,7;31,4;34,7;23,8;641,2;78,9;0,0;4,33E-2;-541,2;20,00;3,9;3,9;41,28;4,04;0,148;0,0;0,01;0,049
828;14.07.2023;11:32:53;00:13:47;250,0;606,7;31,4;34,7;23,8;639,8;78,9;0,0;4,33E-2;-541,2;20,00;3,9;3,9;41,28;4,04;0,141;0,0;0,01;0,049
829;14.07.2023;11:32:54;00:13:48;250,0;600,9;31,3;34,5;23,8;636,8;79,0;0,0;4,32E-2;-541,2;20,00;3,9;3,9;41,28;4,05;0,140;0,0;0,01;0,049
830;14.07.2023;11:32:55;00:13:49;250,0;600,8;31,2;34,4;23,7;633,9;79,1;0,0;4,31E-2;-541,2;20,00;3,9;3,8;41,28;4,05;0,137;0,0;0,01;0,049
831;14.07.2023;11:32:56;00:13:50;250,0;594,8;31,0;34,2;23,7;632,5;79,1;0,0;4,30E-2;-541,2;20,00;3,9;4,0;41,28;4,05;0,142;0,0;0,01;0,049
832;14.07.2023;11:32:57;00:13:51;250,0;594,8;30,8;34,2;23,7;629,5;79,2;0,0;4,29E-2;-541,2;20,00;3,9;3,9;41,29;4,05;0,140;0,0;0,01;0,049
833;14.07.2023;11:32:58;00:13:52;250,0;594,8;30,8;34,2;23,7;627,8;79,3;0,0;4,28E-2;-541,2;20,00;3,9;4,0;41,29;4,05;0,139;0,0;0,01;0,049
834;14.07.2023;11:32:59;00:13:53;250,0;588,7;30,8;34,0;23,7;624,9;79,3;0,0;4,27E-2;-541,2;20,00;3,9;3,9;41,29;4,06;0,140;0,0;0,00;0,049
835;14.07.2023;11:33:00;00:13:54;250,0;582,8;30,6;33,7;23,7;622,0;79,4;0,0;4,25E-2;-541,2;20,00;3,9;3,9;41,29;4,06;0,140;0,0;0,00;0,049
836;14.07.2023;11:33:01;00:13:55;250,0;582,8;30,6;33,7;23,7;620,5;79,4;0,0;4,25E-2;-541,2;20,00;3,9;3,9;41,30;4,06;0,139;0,0;0,01;0,049
837;14.07.2023;11:33:02;00:13:56;250,0;577,0;30,5;33,5;23,7;617,6;79,5;0,0;4,23E-2;-541,2;20,00;3,9;3,9;41,30;4,06;0,135;0,0;0,01;0,049
838;14.07.2023;11:33:03;00:13:57;250,0;577,0;30,5;33,5;23,7;614,7;79,6;0,0;4,22E-2;-541,2;20,00;3,9;3,9;41,30;4,07;0,138;0,0;0,01;0,049
839;14.07.2023;11:33:04;00:13:58;250,0;571,5;30,3;33,3;23,7;613,0;79,6;0,0;4,22E-2;-541,2;20,00;3,9;3,9;41,30;4,07;0,135;0,0;0,01;0,049
840;14.07.2023;11:33:05;00:13:59;250,0;571,5;30,2;33,3;23,7;610,1;79,7;0,0;4,20E-2;-541,2;20,00;3,9;3,8;41,30;4,07;0,132;0,0;0,00;0,049
841;14.07.2023;11:33:06;00:14:00;250,0;566,2;30,2;33,1;23,7;607,2;79,7;0,0;4,19E-2;-541,2;20,00;3,9;3,8;41,31;4,07;0,125;0,0;0,01;0,049
842;14.07.2023;11:33:07;00:14:01;250,0;566,2;30,1;33,1;23,7;605,7;79,8;0,0;4,18E-2;-541,2;20,00;3,9;3,8;41,31;4,07;0,123;0,0;0,00;0,049
843;14.07.2023;11:33:08;00:14:02;250,0;560,9;30,1;32,9;23,7;602,8;79,8;0,0;4,17E-2;-541,2;20,00;3,9;3,9;41,31;4,08;0,127;0,0;0,01;0,049
844;14.07.2023;11:33:09;00:14:03;250,0;555,7;29,9;32,7;23,7;599,9;79,9;0,0;4,16E-2;-541,2;20,00;3,9;3,9;41,31;4,08;0,133;0,0;0,01;0,049
845;14.07.2023;11:33:10;00:14:04;250,0;555,7;29,9;32,7;23,7;598,2;79,9;0,0;4,15E-2;-541,2;20,00;3,9;3,9;41,32;4,08;0,128;0,0;0,01;0,049
846;14.07.2023;11:33:11;00:14:05;250,0;555,7;29,8;32,7;23,7;595,2;80,0;0,0;4,14E-2;-541,2;20,00;3,9;3,9;41,32;4,08;0,123;0,0;0,01;0,049
847;14.07.2023;11:33:12;00:14:06;250,0;550,6;29,8;32,5;23,7;593,8;80,0;0,0;4,14E-2;-541,2;20,00;3,9;3,9;41,32;4,08;0,121;0,0;0,01;0,049
848;14.07.2023;11:33:13;00:14:07;250,0;550,6;29,8;32,5;23,7;590,9;80,0;0,0;4,13E-2;-541,2;20,00;3,9;3,9;41,32;4,09;0,124;0,0;0,01;0,049
849;14.07.2023;11:33:14;00:14:08;250,0;545,5;29,7;32,4;23,7;587,9;80,1;0,0;4,11E-2;-541,2;20,00;3,9;3,9;41,32;4,09;0,133;0,0;0,01;0,049
850;14.07.2023;11:33:15;00:14:09;250,0;545,5;29,8;32,5;23,7;586,5;80,1;0,0;4,10E-2;-541,2;20,00;3,9;4,0;41,33;4,09;0,133;0,0;0,01;0,049
851;14.07.2023;11:33:16;00:14:10;250,0;540,3;29,7;32,3;23,8;583,3;80,1;0,0;4,10E-2;-541,2;20,00;3,9;3,9;41,33;4,09;0,130;0,0;0,01;0,049
852;14.07.2023;11:33:17;00:14:11;250,0;540,3;29,5;32,3;23,8;580,4;80,2;0,0;4,08E-2;-541,2;20,00;3,9;3,9;41,33;4,10;0,129;0,0;0,01;0,049
853;14.07.2023;11:33:18;00:14:12;250,0;540,3;29,5;32,3;23,8;578,9;80,2;0,0;4,08E-2;-541,2;20,00;3,9;3,9;41,33;4,10;0,126;0,0;0,01;0,049
854;14.07.2023;11:33:19;00:14:13;250,0;535,0;29,5;32,1;23,7;576,0;80,2;0,0;4,06E-2;-541,2;20,00;3,9;3,9;41,33;4,10;0,128;0,0;0,01;0,049
855;14.07.2023;11:33:20;00:14:14;250,0;529,8;29,4;31,9;23,7;573,1;80,2;0,0;4,06E-2;-541,2;20,00;3,9;3,9;41,34;4,10;0,124;0,0;0,01;0,049
856;14.07.2023;11:33:21;00:14:15;250,0;529,8;29,4;31,9;23,7;571,6;80,3;0,0;4,05E-2;-541,2;20,00;3,9;4,0;41,34;4,10;0,126;0,0;0,01;0,049
857;14.07.2023;11:33:22;00:14:16;250,0;524,4;29,3;31,7;23,7;568,5;80,3;0,0;4,04E-2;-541,2;20,00;3,9;4,0;41,34;4,11;0,124;0,0;0,01;0,049
858;14.07.2023;11:33:23;00:14:17;250,0;524,4;29,3;31,7;23,7;565,5;80,3;0,0;4,03E-2;-541,2;20,00;3,9;3,9;41,34;4,11;0,122;0,0;0,01;0,049
859;14.07.2023;11:33:24;00:14:18;250,0;519,5;29,2;31,6;23,7;564,1;80,3;0,0;4,02E-2;-541,2;20,00;3,9;3,9;41,34;4,11;0,120;0,0;0,01;0,049
860;14.07.2023;11:33:25;00:14:19;250,0;519,5;29,1;31,6;23,7;561,2;80,3;0,0;4,01E-2;-541,2;20,00;3,9;3,8;41,35;4,11;0,116;0,0;0,01;0,049
861;14.07.2023;11:33:26;00:14:20;250,0;519,5;29,1;31,6;23,7;559,7;80,3;0,0;4,01E-2;-541,2;20,00;3,9;3,8;41,35;4,11;0,116;0,0;0,01;0,049
862;14.07.2023;11:33:27;00:14:21;250,0;514,7;29,1;31,4;23,7;556,8;80,4;0,0;4,00E-2;-541,2;20,00;3,9;3,8;41,35;4,11;0,113;0,0;0,01;0,049
863;14.07.2023;11:33:28;00:14:22;250,0;509,9;29,0;31,2;23,7;553,6;80,4;0,0;3,99E-2;-541,2;20,00;3,9;3,9;41,35;4,12;0,110;0,0;0,01;0,049
864;14.07.2023;11:33:29;00:14:23;250,0;509,9;29,0;31,2;23,7;552,2;80,4;0,0;3,98E-2;-541,2;20,00;3,9;3,9;41,35;4,12;0,113;0,0;0,01;0,049
865;14.07.2023;11:33:30;00:14:24;250,0;505,3;28,9;31,1;23,7;549,2;80,4;0,0;3,98E-2;-541,2;20,00;3,9;3,8;41,36;4,12;0,110;0,0;0,01;0,049
866;14.07.2023;11:33:31;00:14:25;250,0;505,3;28,9;31,1;23,7;546,3;80,4;0,0;3,97E-2;-541,2;20,00;3,9;3,9;41,36;4,12;0,116;0,0;0,01;0,049
867;14.07.2023;11:33:32;00:14:26;250,0;500,8;28,8;30,9;23,7;544,9;80,4;0,0;3,96E-2;-541,2;20,00;3,9;3,9;41,36;4,13;0,117;0,0;0,01;0,049
868;14.07.2023;11:33:33;00:14:27;250,0;500,8;28,7;30,9;23,7;541,9;80,4;0,0;3,95E-2;-541,2;20,00;3,9;4,0;41,36;4,13;0,118;0,0;0,01;0,049
869;14.07.2023;11:33:34;00:14:28;250,0;496,4;28,7;30,8;23,7;538,8;80,4;0,0;3,94E-2;-541,2;20,00;3,9;4,0;41,36;4,13;0,115;0,0;0,01;0,049
870;14.07.2023;11:33:35;00:14:29;250,0;496,4;28,7;30,8;23,7;537,3;80,4;0,0;3,93E-2;-541,2;20,00;3,9;3,9;41,36;4,13;0,115;0,0;0,01;0,049
871;14.07.2023;11:33:36;00:14:30;250,0;496,4;28,6;30,7;23,7;534,4;80,4;0,0;3,93E-2;-541,2;20,00;3,9;3,9;41,37;4,13;0,111;0,0;0,01;0,049
872;14.07.2023;11:33:37;00:14:31;250,0;491,7;28,6;30,7;23,7;532,9;80,4;0,0;3,92E-2;-541,2;20,00;3,9;3,9;41,37;4,13;0,113;0,0;0,01;0,049
873;14.07.2023;11:33:38;00:14:32;250,0;491,7;28,5;30,5;23,7;530,0;80,4;0,0;3,91E-2;-541,2;20,00;3,9;3,8;41,37;4,14;0,108;0,0;0,01;0,049
874;14.07.2023;11:33:39;00:14:33;250,0;487,0;28,5;30,5;23,7;527,1;80,4;0,0;3,90E-2;-541,2;20,00;3,9;3,9;41,37;4,14;0,110;0,0;0,01;0,049
875;14.07.2023;11:33:40;00:14:34;250,0;482,4;28,5;30,4;23,7;525,6;80,4;0,0;3,89E-2;-541,2;20,00;3,9;3,9;41,37;4,14;0,104;0,0;0,01;0,049
876;14.07.2023;11:33:41;00:14:35;250,0;482,4;28,4;30,4;23,7;522,5;80,3;0,0;3,89E-2;-541,2;20,00;3,9;3,9;41,37;4,14;0,099;0,0;0,01;0,049
877;14.07.2023;11:33:42;00:14:36;250,0;477,8;28,4;30,2;23,6;519,6;80,3;0,0;3,87E-2;-541,2;20,00;3,9;3,9;41,38;4,14;0,098;0,0;0,01;0,049
878;14.07.2023;11:33:43;00:14:37;250,0;477,8;28,4;30,2;23,6;518,1;80,3;0,0;3,87E-2;-541,2;20,00;3,9;3,8;41,38;4,14;0,096;0,0;0,01;0,049
879;14.07.2023;11:33:44;00:14:38;250,0;473,6;28,3;30,1;23,6;515,2;80,3;0,0;3,86E-2;-541,2;20,00;3,9;3,9;41,38;4,15;0,100;0,0;0,01;0,049
880;14.07.2023;11:33:45;00:14:39;250,0;473,6;28,2;30,0;23,6;512,3;80,3;0,0;3,85E-2;-541,2;20,00;3,9;3,9;41,38;4,15;0,098;0,0;0,01;0,049
881;14.07.2023;11:33:46;00:14:40;250,0;473,6;28,2;30,0;23,6;510,8;80,3;0,0;3,85E-2;-541,2;20,00;3,9;3,9;41,38;4,15;0,100;0,0;0,01;0,049
882;14.07.2023;11:33:47;00:14:41;250,0;469,5;28,2;30,0;23,6;507,6;80,2;0,0;3,84E-2;-541,2;20,00;3,9;3,9;41,38;4,15;0,101;0,0;0,01;0,049
883;14.07.2023;11:33:48;00:14:42;250,0;465,4;28,1;29,8;23,6;504,7;80,2;0,0;3,82E-2;-541,2;20,00;3,9;3,9;41,39;4,15;0,103;0,0;0,01;0,049
884;14.07.2023;11:33:49;00:14:43;250,0;465,4;28,1;29,8;23,6;503,3;80,2;0,0;3,82E-2;-541,2;20,00;3,9;3,9;41,39;4,15;0,101;0,0;0,01;0,049
885;14.07.2023;11:33:50;00:14:44;250,0;461,3;28,1;29,7;23,6;500,3;80,1;0,0;3,81E-2;-541,2;20,00;3,9;3,9;41,39;4,16;0,102;0,0;0,01;0,049
886;14.07.2023;11:33:51;00:14:45;250,0;461,3;28,1;29,7;23,6;498,9;80,1;0,0;3,81E-2;-541,2;20,00;3,9;3,9;41,39;4,16;0,102;0,0;0,01;0,049
887;14.07.2023;11:33:52;00:14:46;250,0;457,3;28,0;29,6;23,6;496,0;80,1;0,0;3,80E-2;-541,2;20,00;3,9;3,8;41,39;4,16;0,100;0,0;0,01;0,049
888;14.07.2023;11:33:53;00:14:47;250,0;453,4;27,9;29,5;23,6;492,8;80,0;0,0;3,79E-2;-541,2;20,00;3,9;3,9;41,39;4,16;0,091;0,0;0,01;0,049
889;14.07.2023;11:33:54;00:14:48;250,0;453,4;27,9;29,5;23,6;491,3;80,0;0,0;3,78E-2;-541,2;20,00;3,9;3,9;41,40;4,16;0,092;0,0;0,01;0,049
890;14.07.2023;11:33:55;00:14:49;250,0;453,3;27,9;29,4;23,5;488,4;80,0;0,0;3,77E-2;-541,2;20,00;3,9;4,0;41,40;4,16;0,092;0,0;0,00;0,049
891;14.07.2023;11:33:56;00:14:50;250,0;449,1;27,8;29,3;23,5;485,5;79,9;0,0;3,77E-2;-541,2;20,00;3,9;4,0;41,40;4,16;0,089;0,0;0,01;0,049
892;14.07.2023;11:33:57;00:14:51;250,0;449,1;27,8;29,3;23,5;484,0;79,9;0,0;3,76E-2;-541,2;20,00;3,9;4,0;41,40;4,16;0,091;0,0;0,01;0,049
893;14.07.2023;11:33:58;00:14:52;250,0;445,0;27,7;29,2;23,5;481,1;79,8;0,0;3,75E-2;-541,2;20,00;3,9;3,9;41,40;4,17;0,087;0,0;0,01;0,049
894;14.07.2023;11:33:59;00:14:53;250,0;445,0;27,7;29,2;23,5;477,9;79,8;0,0;3,74E-2;-541,2;20,00;3,9;3,9;41,40;4,17;0,084;0,0;0,01;0,049
895;14.07.2023;11:34:00;00:14:54;250,0;440,9;27,6;29,0;23,5;476,5;79,8;0,0;3,74E-2;-541,2;20,00;3,9;3,9;41,40;4,17;0,084;0,0;0,01;0,049
896;14.07.2023;11:34:01;00:14:55;250,0;440,9;27,5;29,0;23,5;473,6;79,7;0,0;3,73E-2;-541,2;20,00;3,9;3,9;41,40;4,17;0,085;0,0;0,00;0,049
897;14.07.2023;11:34:02;00:14:56;250,0;436,8;27,5;28,9;23,5;470,6;79,6;0,0;3,72E-2;-541,2;20,00;3,9;3,9;41,41;4,17;0,083;0,0;0,01;0,049
898;14.07.2023;11:34:03;00:14:57;250,0;436,8;27,5;28,9;23,5;469,2;79,6;0,0;3,72E-2;-541,2;20,00;3,9;3,9;41,41;4,17;0,084;0,0;0,01;0,049
899;14.07.2023;11:34:04;00:14:58;250,0;433,1;27,5;28,8;23,5;466,3;79,5;0,0;3,71E-2;-541,2;20,00;3,9;3,9;41,41;4,18;0,084;0,0;0,01;0,049
900;14.07.2023;11:34:05;00:14:59;250,0;433,1;27,5;28,8;23,5;464,6;79,5;0,0;3,70E-2;-541,2;20,00;3,9;3,9;41,41;4,18;0,087;0,0;0,01;0,049
901;14.07.2023;11:34:06;00:15:00;250,0;433,1;27,4;28,7;23,5;461,6;79,4;0,0;3,69E-2;-541,2;20,00;3,9;3,9;41,41;4,18;0,088;0,0;0,01;0,049
902;14.07.2023;11:34:07;00:15:01;250,0;429,3;27,4;28,7;23,5;458,7;79,3;0,0;3,68E-2;-541,2;20,00;3,9;3,9;41,42;4,18;0,089;0,0;0,01;0,049
903;14.07.2023;11:34:08;00:15:02;250,0;425,5;27,4;28,6;23,5;457,3;79,3;0,0;3,68E-2;-541,2;20,00;3,9;4,0;41,42;4,18;0,094;0,0;0,01;0,049
904;14.07.2023;11:34:09;00:15:03;250,0;425,5;27,4;28,6;23,5;454,3;79,2;0,0;3,67E-2;-541,2;20,00;3,9;3,9;41,42;4,18;0,085;0,0;0,00;0,049
905;14.07.2023;11:34:10;00:15:04;250,0;421,8;27,3;28,5;23,4;451,4;79,2;0,0;3,66E-2;-541,2;20,00;3,9;3,9;41,42;4,18;0,083;0,0;0,01;0,049
906;14.07.2023;11:34:11;00:15:05;250,0;421,8;27,3;28,5;23,4;449,7;79,1;0,0;3,66E-2;-541,2;20,00;3,9;3,9;41,42;4,19;0,082;0,0;0,01;0,049
907;14.07.2023;11:34:12;00:15:06;250,0;418,1;27,2;28,4;23,4;446,8;79,0;0,0;3,65E-2;-541,2;20,00;3,9;3,9;41,42;4,19;0,084;0,0;0,01;0,049
908;14.07.2023;11:34:13;00:15:07;250,0;418,1;27,1;28,3;23,4;443,9;78,9;0,0;3,64E-2;-541,2;20,00;3,9;3,9;41,42;4,19;0,081;0,0;0,01;0,049
909;14.07.2023;11:34:14;00:15:08;250,0;418,1;27,1;28,3;23,4;442,4;78,9;0,0;3,64E-2;-541,2;20,00;3,9;4,0;41,42;4,19;0,085;0,0;0,01;0,049
910;14.07.2023;11:34:15;00:15:09;250,0;414,4;27,1;28,3;23,4;439,5;78,8;0,0;3,63E-2;-541,2;20,00;3,9;3,9;41,43;4,19;0,089;0,0;0,01;0,049
911;14.07.2023;11:34:16;00:15:10;250,0;414,4;27,1;28,3;23,4;438,0;78,8;0,0;3,63E-2;-541,2;20,00;3,9;3,9;41,43;4,19;0,088;0,0;0,01;0,049
912;14.07.2023;11:34:17;00:15:11;250,0;410,7;27,1;28,2;23,4;434,9;78,7;0,0;3,62E-2;-541,2;20,00;3,9;3,9;41,43;4,19;0,087;0,0;0,01;0,049
913;14.07.2023;11:34:18;00:15:12;250,0;406,9;27,0;28,1;23,4;432,0;78,6;0,0;3,61E-2;-541,2;20,00;3,9;3,9;41,43;4,20;0,081;0,0;0,01;0,049
914;14.07.2023;11:34:19;00:15:13;250,0;406,9;27,0;28,1;23,4;430,5;78,5;0,0;3,61E-2;-541,2;20,00;3,9;3,9;41,43;4,20;0,083;0,0;0,01;0,049
915;14.07.2023;11:34:20;00:15:14;250,0;406,9;26,9;28,0;23,4;427,6;78,4;0,0;3,60E-2;-541,2;20,00;3,9;3,9;41,43;4,20;0,084;0,0;0,01;0,049
916;14.07.2023;11:34:21;00:15:15;250,0;403,3;26,9;28,0;23,4;424,7;78,3;0,0;3,60E-2;-541,2;20,00;3,9;4,0;41,43;4,20;0,085;0,0;0,00;0,049
917;14.07.2023;11:34:22;00:15:16;250,0;403,3;26,9;28,0;23,4;423,2;78,3;0,0;3,59E-2;-541,2;20,00;3,9;3,9;41,43;4,20;0,083;0,0;0,01;0,049
918;14.07.2023;11:34:23;00:15:17;250,0;399,6;26,9;27,9;23,4;420,0;78,1;0,0;3,58E-2;-541,2;20,00;3,9;3,8;41,44;4,20;0,077;0,0;0,01;0,049
919;14.07.2023;11:34:24;00:15:18;250,0;396,3;26,8;27,8;23,4;417,1;78,0;0,0;3,58E-2;-541,2;20,00;3,9;3,9;41,44;4,20;0,078;0,0;0,01;0,049
920;14.07.2023;11:34:25;00:15:19;250,0;396,3;26,8;27,8;23,4;415,7;78,0;0,0;3,57E-2;-541,2;20,00;3,9;3,9;41,44;4,20;0,078;0,0;0,01;0,049
921;14.07.2023;11:34:26;00:15:20;250,0;392,9;26,8;27,7;23,4;412,7;77,9;0,0;3,57E-2;-541,2;20,00;3,9;3,8;41,44;4,21;0,073;0,0;0,01;0,049
922;14.07.2023;11:34:27;00:15:21;250,0;392,9;26,8;27,7;23,4;409,8;77,8;0,0;3,56E-2;-541,2;20,00;3,9;3,9;41,44;4,21;0,079;0,0;0,01;0,049
923;14.07.2023;11:34:28;00:15:22;250,0;389,6;26,7;27,6;23,4;408,4;77,7;0,0;3,55E-2;-541,2;20,00;3,9;3,9;41,44;4,21;0,077;0,0;0,01;0,049
924;14.07.2023;11:34:29;00:15:23;250,0;389,6;26,6;27,6;23,3;405,2;77,6;0,0;3,55E-2;-541,2;20,00;3,9;3,9;41,44;4,21;0,081;0,0;0,00;0,049
925;14.07.2023;11:34:30;00:15:24;250,0;389,6;26,6;27,6;23,3;403,7;77,5;0,0;3,54E-2;-541,2;20,00;3,9;3,9;41,44;4,21;0,078;0,0;0,01;0,049
926;14.07.2023;11:34:31;00:15:25;250,0;386,3;26,6;27,5;23,3;400,8;77,4;0,0;3,54E-2;-541,2;20,00;3,9;3,9;41,45;4,21;0,077;0,0;0,01;0,049
927;14.07.2023;11:34:32;00:15:26;250,0;383,1;26,6;27,4;23,3;397,9;77,3;0,0;3,53E-2;-541,2;20,00;3,9;3,9;41,45;4,21;0,078;0,0;0,01;0,049
928;14.07.2023;11:34:33;00:15:27;250,0;383,1;26,6;27,4;23,3;396,4;77,2;0,0;3,53E-2;-541,2;20,00;3,9;3,9;41,45;4,22;0,078;0,0;0,01;0,049
929;14.07.2023;11:34:34;00:15:28;250,0;383,1;26,5;27,3;23,3;393,5;77,1;0,0;3,52E-2;-541,2;20,00;3,9;3,9;41,45;4,22;0,074;0,0;0,01;0,049
930;14.07.2023;11:34:35;00:15:29;250,0;379,9;26,5;27,3;23,3;390,3;76,9;0,0;3,52E-2;-541,2;20,00;3,9;3,9;41,45;4,22;0,078;0,0;0,01;0,049
931;14.07.2023;11:34:36;00:15:30;250,0;379,9;26,4;27,3;23,3;388,9;76,8;0,0;3,51E-2;-541,2;20,00;3,9;4,0;41,45;4,22;0,079;0,0;0,01;0,049
932;14.07.2023;11:34:37;00:15:31;250,0;376,5;26,4;27,2;23,3;386,0;76,7;0,0;3,50E-2;-541,2;20,00;3,9;3,9;41,45;4,22;0,078;0,0;0,01;0,049
933;14.07.2023;11:34:38;00:15:32;250,0;373,1;26,3;27,1;23,3;383,0;76,6;0,0;3,49E-2;-541,2;20,00;3,9;3,8;41,45;4,22;0,073;0,0;0,01;0,049
934;14.07.2023;11:34:39;00:15:33;250,0;373,1;26,3;27,1;23,3;381,6;76,5;0,0;3,49E-2;-541,2;20,00;3,9;3,8;41,46;4,22;0,071;0,0;0,00;0,049
935;14.07.2023;11:34:40;00:15:34;250,0;373,1;26,3;27,0;23,3;378,7;76,4;0,0;3,49E-2;-541,2;20,00;3,9;3,9;41,46;4,22;0,069;0,0;0,01;0,049
936;14.07.2023;11:34:41;00:15:35;250,0;369,8;26,3;27,0;23,2;375,5;76,2;0,0;3,48E-2;-541,2;20,00;3,9;3,9;41,46;4,22;0,066;0,0;0,00;0,049
937;14.07.2023;11:34:42;00:15:36;250,0;369,8;26,2;26,9;23,2;374,0;76,1;0,0;3,48E-2;-541,2;20,00;3,9;3,8;41,46;4,22;0,064;0,0;0,01;0,049
938;14.07.2023;11:34:43;00:15:37;250,0;366,5;26,2;26,9;23,2;371,1;76,0;0,0;3,47E-2;-541,2;20,00;3,9;3,9;41,46;4,23;0,067;0,0;0,01;0,049
939;14.07.2023;11:34:44;00:15:38;250,0;363,5;26,1;26,8;23,2;369,7;75,9;0,0;3,47E-2;-541,2;20,00;3,9;3,9;41,46;4,23;0,065;0,0;0,00;0,049
940;14.07.2023;11:34:45;00:15:39;250,0;363,5;26,1;26,8;23,2;366,7;75,7;0,0;3,46E-2;-541,2;20,00;3,9;3,9;41,46;4,23;0,068;0,0;0,01;0,049
941;14.07.2023;11:34:46;00:15:40;250,0;360,5;26,1;26,7;23,2;363,8;75,6;0,0;3,45E-2;-541,2;20,00;3,9;3,9;41,46;4,23;0,072;0,0;0,01;0,049
942;14.07.2023;11:34:47;00:15:41;250,0;360,5;26,1;26,7;23,2;362,4;75,5;0,0;3,45E-2;-541,2;20,00;3,9;3,8;41,47;4,23;0,073;0,0;0,00;0,049
943;14.07.2023;11:34:48;00:15:42;250,0;357,5;26,0;26,6;23,2;359,2;75,3;0,0;3,44E-2;-541,2;20,00;3,9;3,8;41,47;4,23;0,075;0,0;0,01;0,049
944;14.07.2023;11:34:49;00:15:43;250,0;357,5;26,0;26,6;23,2;356,3;75,2;0,0;3,44E-2;-541,2;20,00;3,9;3,9;41,47;4,23;0,073;0,0;0,01;0,049
945;14.07.2023;11:34:50;00:15:44;250,0;357,5;26,0;26,6;23,2;354,8;75,1;0,0;3,43E-2;-541,2;20,00;3,9;3,9;41,47;4,24;0,075;0,0;0,00;0,049
946;14.07.2023;11:34:51;00:15:45;250,0;354,5;26,0;26,6;23,2;351,9;74,9;0,0;3,43E-2;-541,2;20,00;3,9;4,0;41,47;4,24;0,077;0,0;0,01;0,049
947;14.07.2023;11:34:52;00:15:46;250,0;351,6;25,9;26,5;23,2;349,0;74,7;0,0;3,42E-2;-541,2;20,00;3,9;3,9;41,47;4,24;0,070;0,0;0,01;0,049
948;14.07.2023;11:34:53;00:15:47;250,0;351,6;25,9;26,5;23,2;347,5;74,7;0,0;3,42E-2;-541,2;20,00;3,9;3,9;41,47;4,24;0,070;0,0;0,01;0,049
949;14.07.2023;11:34:54;00:15:48;250,0;348,6;25,8;26,4;23,2;344,4;74,5;0,0;3,41E-2;-541,2;20,00;3,9;3,9;41,47;4,24;0,067;0,0;0,01;0,049
950;14.07.2023;11:34:55;00:15:49;250,0;348,6;25,8;26,4;23,2;342,9;74,4;0,0;3,41E-2;-541,2;20,00;3,9;3,9;41,47;4,24;0,069;0,0;0,00;0,049
951;14.07.2023;11:34:56;00:15:50;250,0;348,7;25,9;26,5;23,2;340,0;74,2;0,0;3,40E-2;-541,2;20,00;3,9;3,9;41,48;4,24;0,069;0,0;0,01;0,049
952;14.07.2023;11:34:57;00:15:51;250,0;345,5;25,8;26,4;23,2;337,1;74,0;0,0;3,39E-2;-541,2;20,00;3,9;3,9;41,48;4,24;0,066;0,0;0,01;0,049
953;14.07.2023;11:34:58;00:15:52;250,0;345,5;25,8;26,4;23,2;335,6;73,9;0,0;3,39E-2;-541,2;20,00;3,9;3,9;41,48;4,24;0,067;0,0;0,01;0,049
954;14.07.2023;11:34:59;00:15:53;250,0;342,4;25,8;26,3;23,2;332,7;73,8;0,0;3,39E-2;-541,2;20,00;3,9;3,9;41,48;4,25;0,065;0,0;0,01;0,049
955;14.07.2023;11:35:00;00:15:54;250,0;342,4;25,7;26,3;23,2;329,5;73,5;0,0;3,38E-2;-541,2;20,00;3,9;3,9;41,48;4,25;0,067;0,0;0,01;0,049
956;14.07.2023;11:35:01;00:15:55;250,0;339,2;25,7;26,2;23,2;328,1;73,5;0,0;3,37E-2;-541,2;20,00;3,9;3,9;41,48;4,25;0,065;0,0;0,00;0,049
957;14.07.2023;11:35:02;00:15:56;250,0;339,2;25,7;26,1;23,2;325,1;73,3;0,0;3,37E-2;-541,2;20,00;3,9;3,8;41,48;4,25;0,060;0,0;0,01;0,049
958;14.07.2023;11:35:03;00:15:57;250,0;336,2;25,7;26,1;23,2;322,2;73,1;0,0;3,36E-2;-541,2;20,00;3,9;3,8;41,48;4,25;0,064;0,0;0,00;0,049
959;14.07.2023;11:35:04;00:15:58;250,0;336,2;25,6;26,1;23,2;320,8;73,0;0,0;3,36E-2;-541,2;20,00;3,9;3,9;41,48;4,25;0,068;0,0;0,00;0,049
960;14.07.2023;11:35:05;00:15:59;250,0;333,5;25,6;26,1;23,2;317,8;72,8;0,0;3,36E-2;-541,2;20,00;3,9;4,0;41,49;4,25;0,065;0,0;0,01;0,049
961;14.07.2023;11:35:06;00:16:00;250,0;330,8;25,5;26,0;23,2;314,7;72,6;0,0;3,35E-2;-541,2;20,00;3,9;3,9;41,49;4,25;0,062;0,0;0,01;0,049
962;14.07.2023;11:35:07;00:16:01;250,0;330,8;25,5;26,0;23,2;313,2;72,5;0,0;3,35E-2;-541,2;20,00;3,9;3,9;41,49;4,25;0,063;0,0;0,00;0,049
963;14.07.2023;11:35:08;00:16:02;250,0;330,8;25,5;25,9;23,2;310,3;72,3;0,0;3,34E-2;-541,2;20,00;3,9;3,9;41,49;4,25;0,060;0,0;0,00;0,049
964;14.07.2023;11:35:09;00:16:03;250,0;328,0;25,5;25,9;23,2;308,8;72,1;0,0;3,34E-2;-541,2;20,00;3,9;3,9;41,49;4,26;0,062;0,0;0,01;0,049
965;14.07.2023;11:35:10;00:16:04;250,0;328,0;25,4;25,9;23,2;305,9;71,9;0,0;3,33E-2;-541,2;20,00;3,9;3,9;41,49;4,26;0,059;0,0;0,01;0,049
966;14.07.2023;11:35:11;00:16:05;250,0;325,4;25,4;25,8;23,2;303,0;71,7;0,0;3,33E-2;-541,2;20,00;3,9;3,9;41,49;4,26;0,063;0,0;0,01;0,049
967;14.07.2023;11:35:12;00:16:06;250,0;322,7;25,4;25,7;23,2;301,3;71,6;0,0;3,33E-2;-541,2;20,00;3,9;3,9;41,49;4,26;0,062;0,0;0,01;0,049
968;14.07.2023;11:35:13;00:16:07;250,0;322,7;25,4;25,7;23,1;298,4;71,4;0,0;3,32E-2;-541,2;20,00;3,9;3,9;41,49;4,26;0,055;0,0;0,00;0,049
969;14.07.2023;11:35:14;00:16:08;250,0;320,1;25,3;25,7;23,1;295,4;71,2;0,0;3,31E-2;-541,2;20,00;3,9;4,0;41,50;4,26;0,060;0,0;0,00;0,049
970;14.07.2023;11:35:15;00:16:09;250,0;320,1;25,3;25,7;23,1;294,0;71,1;0,0;3,31E-2;-541,2;20,00;3,9;4,0;41,49;4,26;0,062;0,0;0,01;0,049
971;14.07.2023;11:35:16;00:16:10;250,0;320,1;25,3;25,7;23,1;291,1;70,8;0,0;3,30E-2;-541,2;20,00;3,9;3,9;41,50;4,26;0,060;0,0;0,00;0,049
972;14.07.2023;11:35:17;00:16:11;250,0;317,3;25,2;25,6;23,1;288,1;70,6;0,0;3,30E-2;-541,2;20,00;3,9;3,9;41,50;4,26;0,059;0,0;0,01;0,049
973;14.07.2023;11:35:18;00:16:12;250,0;317,3;25,2;25,6;23,1;286,4;70,5;0,0;3,29E-2;-541,2;20,00;3,9;3,9;41,50;4,26;0,060;0,0;0,01;0,049
974;14.07.2023;11:35:19;00:16:13;250,0;314,5;25,2;25,5;23,1;283,5;70,3;0,0;3,29E-2;-541,2;20,00;3,9;4,0;41,50;4,26;0,059;0,0;0,00;0,049
975;14.07.2023;11:35:20;00:16:14;250,0;314,5;25,1;25,5;23,1;282,1;70,1;0,0;3,29E-2;-541,2;20,00;3,9;3,9;41,50;4,26;0,058;0,0;0,01;0,049
976;14.07.2023;11:35:21;00:16:15;250,0;311,8;25,1;25,4;23,1;279,1;69,9;0,0;3,28E-2;-541,2;20,00;3,9;3,9;41,50;4,27;0,056;0,0;0,01;0,049
977;14.07.2023;11:35:22;00:16:16;250,0;309,1;25,1;25,4;23,1;276,2;69,7;0,0;3,28E-2;-541,2;20,00;3,9;3,9;41,50;4,27;0,054;0,0;0,01;0,049
978;14.07.2023;11:35:23;00:16:17;250,0;309,1;25,1;25,4;23,1;274,8;69,6;0,0;3,27E-2;-541,2;20,00;3,9;3,8;41,50;4,27;0,052;0,0;0,01;0,049
979;14.07.2023;11:35:24;00:16:18;250,0;309,1;25,0;25,3;23,1;271,6;69,3;0,0;3,27E-2;-541,2;20,00;3,9;3,8;41,50;4,27;0,053;0,0;0,01;0,049
980;14.07.2023;11:35:25;00:16:19;250,0;306,6;25,0;25,3;23,0;268,7;69,1;0,0;3,26E-2;-541,2;20,00;3,9;3,9;41,50;4,27;0,058;0,0;0,01;0,049
981;14.07.2023;11:35:26;00:16:20;250,0;306,6;25,0;25,3;23,0;267,2;68,9;0,0;3,26E-2;-541,2;20,00;3,9;4,0;41,51;4,27;0,059;0,0;0,01;0,049
982;14.07.2023;11:35:27;00:16:21;250,0;304,1;25,0;25,2;23,0;264,3;68,7;0,0;3,25E-2;-541,2;20,00;3,9;4,0;41,51;4,27;0,063;0,0;0,01;0,049
983;14.07.2023;11:35:28;00:16:22;250,0;301,6;24,9;25,2;23,0;261,4;68,4;0,0;3,25E-2;-541,2;20,00;3,9;3,9;41,51;4,27;0,055;0,0;0,01;0,049
984;14.07.2023;11:35:29;00:16:23;250,0;301,6;24,9;25,2;23,0;259,9;68,3;0,0;3,25E-2;-541,2;20,00;3,9;3,9;41,51;4,27;0,056;0,0;0,01;0,049
985;14.07.2023;11:35:30;00:16:24;250,0;299,2;24,9;25,1;23,0;256,8;68,0;0,0;3,24E-2;-541,2;20,00;3,9;3,9;41,51;4,28;0,060;0,0;0,01;0,049
986;14.07.2023;11:35:31;00:16:25;250,0;299,2;24,9;25,1;23,0;253,8;67,8;0,0;3,24E-2;-541,2;20,00;3,9;3,9;41,51;4,28;0,055;0,0;0,00;0,049
987;14.07.2023;11:35:32;00:16:26;250,0;296,7;24,8;25,0;23,0;252,4;67,7;0,0;3,23E-2;-541,2;20,00;3,9;3,9;41,51;4,28;0,057;0,0;0,00;0,049
988;14.07.2023;11:35:33;00:16:27;250,0;296,7;24,8;25,0;23,0;249,5;67,4;0,0;3,23E-2;-541,2;20,00;3,9;3,9;41,51;4,28;0,058;0,0;0,00;0,049
989;14.07.2023;11:35:34;00:16:28;250,0;296,7;24,8;25,0;23,0;248,0;67,3;0,0;3,22E-2;-541,2;20,00;3,9;3,9;41,51;4,28;0,055;0,0;0,01;0,049
990;14.07.2023;11:35:35;00:16:29;250,0;294,3;24,8;25,0;23,0;245,1;67,0;0,0;3,22E-2;-541,2;20,00;3,9;3,9;41,51;4,28;0,056;0,0;0,01;0,049
991;14.07.2023;11:35:36;00:16:30;250,0;294,4;24,8;25,1;23,1;241,9;66,7;0,0;3,21E-2;-541,2;20,00;3,9;3,8;41,51;4,28;0,046;0,0;0,01;0,049
992;14.07.2023;11:35:37;00:16:31;250,0;291,9;24,8;25,0;23,1;240,5;66,6;0,0;3,21E-2;-541,2;20,00;3,9;3,9;41,51;4,28;0,048;0,0;0,01;0,049
993;14.07.2023;11:35:38;00:16:32;250,0;291,9;24,7;24,9;23,1;237,5;66,3;0,0;3,21E-2;-541,2;20,00;3,9;3,9;41,52;4,28;0,047;0,0;0,01;0,049
994;14.07.2023;11:35:39;00:16:33;250,0;289,3;24,7;24,9;23,1;234,6;66,0;0,0;3,20E-2;-541,2;20,00;3,9;3,9;41,52;4,28;0,051;0,0;0,01;0,049
995;14.07.2023;11:35:40;00:16:34;250,0;289,3;24,7;24,9;23,1;233,2;65,9;0,0;3,20E-2;-541,2;20,00;3,9;3,9;41,52;4,28;0,047;0,0;0,01;0,049
996;14.07.2023;11:35:41;00:16:35;250,0;286,7;24,7;24,8;23,0;230,2;65,6;0,0;3,19E-2;-541,2;20,00;3,9;4,0;41,52;4,29;0,052;0,0;0,01;0,049
997;14.07.2023;11:35:42;00:16:36;250,0;284,2;24,6;24,8;23,0;227,1;65,3;0,0;3,18E-2;-541,2;20,00;3,9;3,9;41,52;4,29;0,051;0,0;0,01;0,049
998;14.07.2023;11:35:43;00:16:37;250,0;284,2;24,6;24,8;23,0;225,6;65,2;0,0;3,18E-2;-541,2;20,00;3,9;3,8;41,52;4,29;0,049;0,0;0,01;0,049
999;14.07.2023;11:35:44;00:16:38;250,0;284,2;24,6;24,8;23,0;222,7;64,9;0,0;3,18E-2;-541,2;20,00;3,9;3,8;41,52;4,29;0,043;0,0;0,01;0,049
1000;14.07.2023;11:35:45;00:16:39;250,0;281,8;24,6;24,7;23,0;219,8;64,6;0,0;3,17E-2;-541,2;20,00;3,9;3,8;41,52;4,29;0,045;0,0;0,01;0,049
1001;14.07.2023;11:35:46;00:16:40;250,0;281,8;24,5;24,7;23,0;218,3;64,5;0,0;3,17E-2;-541,2;20,00;3,9;3,9;41,52;4,29;0,047;0,0;0,01;0,049
1002;14.07.2023;11:35:47;00:16:41;250,0;279,4;24,5;24,6;23,0;215,4;64,2;0,0;3,17E-2;-541,2;20,00;3,9;3,9;41,52;4,29;0,053;0,0;0,01;0,049
1003;14.07.2023;11:35:48;00:16:42;250,0;279,4;24,5;24,6;23,0;213,9;64,1;0,0;3,17E-2;-541,2;20,00;3,9;3,9;41,52;4,29;0,053;0,0;0,01;0,049
1004;14.07.2023;11:35:49;00:16:43;250,0;277,2;24,5;24,6;23,0;210,8;63,7;0,0;3,16E-2;-541,2;20,00;3,9;3,9;41,52;4,29;0,053;0,0;0,01;0,049
1005;14.07.2023;11:35:50;00:16:44;250,0;274,9;24,4;24,5;23,0;207,9;63,4;0,0;3,15E-2;-541,2;20,00;3,9;3,9;41,53;4,29;0,049;0,0;0,01;0,049
1006;14.07.2023;11:35:51;00:16:45;250,0;274,9;24,4;24,5;23,0;206,4;63,3;0,0;3,15E-2;-541,2;20,00;3,9;3,9;41,53;4,29;0,046;0,0;0,01;0,049
1007;14.07.2023;11:35:52;00:16:46;250,0;274,9;24,4;24,4;23,0;203,5;63,0;0,0;3,15E-2;-541,2;20,00;3,9;3,9;41,53;4,29;0,047;0,0;0,01;0,049
1008;14.07.2023;11:35:53;00:16:47;250,0;272,7;24,4;24,4;23,0;200,6;62,7;0,0;3,14E-2;-541,2;20,00;3,9;3,9;41,53;4,29;0,046;0,0;0,01;0,049
1009;14.07.2023;11:35:54;00:16:48;250,0;272,7;24,4;24,4;23,0;199,1;62,5;0,0;3,14E-2;-541,2;20,00;3,9;3,9;41,53;4,29;0,047;0,0;0,01;0,049
1010;14.07.2023;11:35:55;00:16:49;250,0;270,5;24,3;24,4;23,0;195,9;62,2;0,0;3,14E-2;-541,2;20,00;3,9;3,9;41,53;4,30;0,045;0,0;0,01;0,049
1011;14.07.2023;11:35:56;00:16:50;250,0;270,4;24,2;24,3;22,9;193,0;61,9;0,0;3,13E-2;-541,2;20,00;3,9;3,9;41,53;4,30;0,045;0,0;0,01;0,049
1012;14.07.2023;11:35:57;00:16:51;250,0;268,1;24,2;24,3;22,9;191,5;61,7;0,0;3,13E-2;-541,2;20,00;3,9;3,9;41,53;4,30;0,045;0,0;0,01;0,049
1013;14.07.2023;11:35:58;00:16:52;250,0;268,1;24,2;24,2;22,9;188,6;61,4;0,0;3,12E-2;-541,2;20,00;3,9;3,9;41,53;4,30;0,047;0,0;0,01;0,049
1014;14.07.2023;11:35:59;00:16:53;250,0;268,1;24,2;24,2;22,9;187,2;61,3;0,0;3,12E-2;-541,2;20,00;3,9;3,8;41,53;4,30;0,045;0,0;0,01;0,049
1015;14.07.2023;11:36:00;00:16:54;250,0;265,7;24,2;24,2;22,9;184,2;61,0;0,0;3,11E-2;-541,2;20,00;3,9;3,9;41,53;4,30;0,046;0,0;0,00;0,049
1016;14.07.2023;11:36:01;00:16:55;250,0;263,4;24,1;24,1;22,9;181,1;60,6;0,0;3,11E-2;-541,2;20,00;3,9;3,8;41,53;4,30;0,046;0,0;0,01;0,049
1017;14.07.2023;11:36:02;00:16:56;250,0;263,4;24,1;24,1;22,9;179,6;60,4;0,0;3,11E-2;-541,2;20,00;3,9;3,8;41,53;4,30;0,045;0,0;0,00;0,049
1018;14.07.2023;11:36:03;00:16:57;250,0;261,1;24,1;24,1;22,9;176,7;60,1;0,0;3,10E-2;-541,2;20,00;3,9;3,8;41,53;4,30;0,044;0,0;0,01;0,049
1019;14.07.2023;11:36:04;00:16:58;250,0;261,1;24,0;24,1;22,9;173,8;59,8;0,0;3,10E-2;-541,2;20,00;3,9;3,9;41,54;4,30;0,045;0,0;0,01;0,049
1020;14.07.2023;11:36:05;00:16:59;250,0;259,0;24,0;24,0;22,9;172,3;59,6;0,0;3,09E-2;-541,2;20,00;3,9;4,0;41,54;4,30;0,050;0,0;0,01;0,049
1021;14.07.2023;11:36:06;00:17:00;250,0;259,0;24,0;24,0;22,9;169,4;59,3;0,0;3,09E-2;-541,2;20,00;3,9;3,9;41,54;4,30;0,045;0,0;0,01;0,049
1022;14.07.2023;11:36:07;00:17:01;250,0;256,9;24,0;24,0;22,8;166,2;58,9;0,0;3,08E-2;-541,2;20,00;3,9;3,9;41,54;4,31;0,048;0,0;0,01;0,049
1023;14.07.2023;11:36:08;00:17:02;250,0;256,9;24,0;23,9;22,8;164,8;58,8;0,0;3,08E-2;-541,2;20,00;3,9;3,9;41,54;4,31;0,049;0,0;0,01;0,049
1024;14.07.2023;11:36:09;00:17:03;250,0;254,8;24,0;23,9;22,8;161,9;58,4;0,0;3,08E-2;-541,2;20,00;3,9;3,8;41,54;4,31;0,048;0,0;0,00;0,049
1025;14.07.2023;11:36:10;00:17:04;250,0;252,8;23,9;23,9;22,8;158,9;58,1;0,0;3,07E-2;-541,2;20,00;3,9;3,8;41,54;4,31;0,044;0,0;0,00;0,049
1026;14.07.2023;11:36:11;00:17:05;250,0;252,8;23,9;23,9;22,8;157,5;57,9;0,0;3,07E-2;-541,2;20,00;3,9;3,8;41,54;4,31;0,044;0,0;0,01;0,049
1027;14.07.2023;11:36:12;00:17:06;250,0;250,7;23,9;23,8;22,8;154,6;57,6;0,0;3,07E-2;-541,2;20,00;3,9;3,8;41,54;4,31;0,040;0,0;0,00;0,049
1028;14.07.2023;11:36:13;00:17:07;250,0;250,7;23,9;23,8;22,8;152,9;57,4;0,0;3,06E-2;-541,2;20,00;3,9;3,9;41,54;4,31;0,044;0,0;0,01;0,049
1029;14.07.2023;11:36:14;00:17:08;250,0;250,7;23,8;23,8;22,8;149,9;57,0;0,0;3,06E-2;-541,2;20,00;3,9;3,9;41,54;4,31;0,041;0,0;0,01;0,049
1030;14.07.2023;11:36:15;00:17:09;250,0;248,7;23,8;23,8;22,8;147,0;56,7;0,0;3,06E-2;-541,2;20,00;3,9;3,8;41,54;4,31;0,040;0,0;0,01;0,049
1031;14.07.2023;11:36:16;00:17:10;250,0;248,7;23,8;23,7;22,8;145,6;56,5;0,0;3,05E-2;-541,2;20,00;3,9;3,8;41,55;4,31;0,046;0,0;0,01;0,049
1032;14.07.2023;11:36:17;00:17:11;250,0;246,5;23,7;23,7;22,8;142,6;56,2;0,0;3,05E-2;-541,2;20,00;3,9;3,9;41,55;4,31;0,046;0,0;0,01;0,049
1033;14.07.2023;11:36:18;00:17:12;250,0;244,3;23,7;23,6;22,8;139,7;55,8;0,0;3,05E-2;-541,2;20,00;3,9;3,9;41,55;4,31;0,048;0,0;0,01;0,049
1034;14.07.2023;11:36:19;00:17:13;250,0;244,3;23,7;23,6;22,8;138,0;55,6;0,0;3,05E-2;-541,2;20,00;3,9;3,9;41,55;4,31;0,046;0,0;0,01;0,049
1035;14.07.2023;11:36:20;00:17:14;250,0;244,3;23,6;23,6;22,8;135,1;55,2;0,0;3,04E-2;-541,2;20,00;3,9;3,9;41,55;4,31;0,042;0,0;0,01;0,049
1036;14.07.2023;11:36:21;00:17:15;250,0;242,2;23,6;23,6;22,7;132,2;54,9;0,0;3,03E-2;-541,2;20,00;3,9;4,0;41,55;4,32;0,042;0,0;0,01;0,049
1037;14.07.2023;11:36:22;00:17:16;250,0;242,2;23,6;23,6;22,7;130,7;54,7;0,0;3,03E-2;-541,2;20,00;3,9;4,0;41,55;4,32;0,042;0,0;0,01;0,049
1038;14.07.2023;11:36:23;00:17:17;250,0;240,1;23,6;23,5;22,7;127,8;54,3;0,0;3,03E-2;-541,2;20,00;3,9;3,9;41,55;4,32;0,040;0,0;0,01;0,049
1039;14.07.2023;11:36:24;00:17:18;250,0;240,1;23,5;23,5;22,7;124,9;54,0;0,0;3,03E-2;-541,2;20,00;3,9;3,9;41,55;4,32;0,041;0,0;0,01;0,049
1040;14.07.2023;11:36:25;00:17:19;250,0;238,2;23,5;23,5;22,7;123,2;53,7;0,0;3,03E-2;-541,2;20,00;3,9;3,8;41,55;4,32;0,040;0,0;0,00;0,049
1041;14.07.2023;11:36:26;00:17:20;250,0;236,2;23,5;23,4;22,7;120,3;53,4;0,0;3,02E-2;-541,2;20,00;3,9;3,9;41,55;4,32;0,043;0,0;0,01;0,049
1042;14.07.2023;11:36:27;00:17:21;250,0;236,2;23,5;23,4;22,7;118,8;53,2;0,0;3,02E-2;-541,2;20,00;3,9;3,9;41,55;4,32;0,042;0,0;0,01;0,049
1043;14.07.2023;11:36:28;00:17:22;250,0;236,2;23,4;23,4;22,7;115,9;52,8;0,0;3,02E-2;-541,2;20,00;3,9;3,9;41,55;4,32;0,049;0,0;0,01;0,049
1044;14.07.2023;11:36:29;00:17:23;250,0;234,2;23,4;23,3;22,7;113,0;52,4;0,0;3,01E-2;-541,2;20,00;3,9;3,8;41,55;4,32;0,044;0,0;0,01;0,049
1045;14.07.2023;11:36:30;00:17:24;250,0;234,2;23,4;23,3;22,7;111,5;52,2;0,0;3,01E-2;-541,2;20,00;3,9;3,8;41,56;4,32;0,045;0,0;0,01;0,049
1046;14.07.2023;11:36:31;00:17:25;250,0;232,2;23,4;23,3;22,7;108,3;51,8;0,0;3,01E-2;-541,2;20,00;3,9;3,9;41,56;4,32;0,048;0,0;0,01;0,049
1047;14.07.2023;11:36:32;00:17:26;250,0;232,2;23,3;23,3;22,7;105,4;51,4;0,0;3,00E-2;-541,2;20,00;3,9;4,0;41,56;4,32;0,050;0,0;0,01;0,049
1048;14.07.2023;11:36:33;00:17:27;250,0;230,2;23,3;23,2;22,7;103,9;51,2;0,0;3,00E-2;-541,2;20,00;3,9;3,9;41,56;4,32;0,049;0,0;0,01;0,049
1049;14.07.2023;11:36:34;00:17:28;250,0;230,2;23,3;23,2;22,7;101,0;50,8;0,0;3,00E-2;-541,2;20,00;3,9;3,9;41,56;4,32;0,044;0,0;0,01;0,049
1050;14.07.2023;11:36:35;00:17:29;250,0;228,4;23,3;23,2;22,7;98,1;50,5;0,0;2,99E-2;-541,2;20,00;3,9;3,8;41,56;4,33;0,045;0,0;0,01;0,049
1051;14.07.2023;11:36:36;00:17:30;250,0;228,4;23,3;23,2;22,7;96,6;50,3;0,0;2,99E-2;-541,2;20,00;3,9;3,9;41,56;4,33;0,047;0,0;0,01;0,049
1052;14.07.2023;11:36:37;00:17:31;250,0;226,4;23,3;23,1;22,7;93,5;49,8;0,0;2,99E-2;-541,2;20,00;3,9;3,9;41,56;4,33;0,050;0,0;0,00;0,049
1053;14.07.2023;11:36:38;00:17:32;250,0;226,4;23,3;23,1;22,7;92,0;49,6;0,0;2,98E-2;-541,2;20,00;3,9;3,9;41,56;4,33;0,049;0,0;0,01;0,049
1054;14.07.2023;11:36:39;00:17:33;250,0;224,4;23,2;23,1;22,7;89,1;49,2;0,0;2,98E-2;-541,2;20,00;3,9;4,0;41,56;4,33;0,051;0,0;0,01;0,049
1055;14.07.2023;11:36:40;00:17:34;250,0;224,4;23,2;23,1;22,6;86,2;48,8;0,0;2,98E-2;-541,2;20,00;3,9;3,9;41,56;4,33;0,046;0,0;0,01;0,049
1056;14.07.2023;11:36:41;00:17:35;250,0;222,4;23,2;23,0;22,6;84,7;48,6;0,0;2,98E-2;-541,2;20,00;3,9;3,9;41,56;4,33;0,048;0,0;0,00;0,049
1057;14.07.2023;11:36:42;00:17:36;250,0;222,4;23,1;23,0;22,6;81,8;48,2;0,0;2,97E-2;-541,2;20,00;3,9;3,9;41,56;4,33;0,045;0,0;0,00;0,049
1058;14.07.2023;11:36:43;00:17:37;250,0;220,4;23,1;23,0;22,6;78,6;47,8;0,0;2,97E-2;-541,2;20,00;3,9;3,8;41,57;4,33;0,042;0,0;0,01;0,049
1059;14.07.2023;11:36:44;00:17:38;250,0;220,4;23,1;23,0;22,6;77,2;47,6;0,0;2,97E-2;-541,2;20,00;3,9;3,8;41,57;4,33;0,040;0,0;0,01;0,049
1060;14.07.2023;11:36:45;00:17:39;250,0;218,6;23,1;22,9;22,6;74,3;47,1;0,0;2,96E-2;-541,2;20,00;3,9;3,8;41,57;4,33;0,039;0,0;0,01;0,049
1061;14.07.2023;11:36:46;00:17:40;250,0;216,8;23,1;22,9;22,6;71,3;46,7;0,0;2,96E-2;-541,2;20,00;3,9;3,8;41,57;4,33;0,042;0,0;0,01;0,049
1062;14.07.2023;11:36:47;00:17:41;250,0;216,8;23,1;22,9;22,6;69,9;46,5;0,0;2,96E-2;-541,2;20,00;3,9;3,8;41,57;4,33;0,043;0,0;0,01;0,049
1063;14.07.2023;11:36:48;00:17:42;250,0;216,8;23,0;22,9;22,6;67,0;46,1;0,0;2,96E-2;-541,2;20,00;3,9;3,9;41,57;4,34;0,046;0,0;0,00;0,049
1064;14.07.2023;11:36:49;00:17:43;250,0;215,1;23,0;22,8;22,6;63,8;45,6;0,0;2,95E-2;-541,2;20,00;3,9;3,9;41,57;4,34;0,042;0,0;0,01;0,049
1065;14.07.2023;11:36:50;00:17:44;250,0;215,1;23,0;22,8;22,6;62,3;45,4;0,0;2,95E-2;-541,2;20,00;3,9;3,9;41,57;4,34;0,043;0,0;0,01;0,049
1066;14.07.2023;11:36:51;00:17:45;250,0;213,3;23,0;22,8;22,6;59,4;45,0;0,0;2,95E-2;-541,2;20,00;3,9;3,9;41,57;4,34;0,044;0,0;0,01;0,049
1067;14.07.2023;11:36:52;00:17:46;250,0;213,3;22,9;22,8;22,6;58,0;44,8;0,0;2,94E-2;-541,2;20,00;3,9;3,9;41,57;4,34;0,041;0,0;0,00;0,049
1068;14.07.2023;11:36:53;00:17:47;250,0;211,6;22,9;22,8;22,6;55,0;44,4;0,0;2,94E-2;-541,2;20,00;3,9;3,9;41,57;4,34;0,044;0,0;0,01;0,049
1069;14.07.2023;11:36:54;00:17:48;250,0;209,8;22,9;22,7;22,6;52,1;43,9;0,0;2,94E-2;-541,2;20,00;3,9;3,9;41,57;4,34;0,041;0,0;0,00;0,049
1070;14.07.2023;11:36:55;00:17:49;250,0;209,8;22,9;22,7;22,6;50,4;43,7;0,0;2,93E-2;-541,2;20,00;3,9;3,8;41,57;4,34;0,037;0,0;0,01;0,049
1071;14.07.2023;11:36:56;00:17:50;250,0;209,8;22,9;22,7;22,6;47,5;43,2;0,0;2,93E-2;-541,2;20,00;3,9;3,9;41,57;4,34;0,039;0,0;0,00;0,049
1072;14.07.2023;11:36:57;00:17:51;250,0;207,9;22,8;22,6;22,5;44,6;42,8;0,0;2,93E-2;-541,2;20,00;3,9;3,9;41,57;4,34;0,038;0,0;0,01;0,049
1073;14.07.2023;11:36:58;00:17:52;250,0;207,9;22,8;22,6;22,5;43,1;42,6;0,0;2,92E-2;-541,2;20,00;3,9;3,9;41,58;4,34;0,037;0,0;0,00;0,049
1074;14.07.2023;11:36:59;00:17:53;250,0;206,1;22,8;22,6;22,5;40,2;42,1;0,0;2,92E-2;-541,2;20,00;3,9;3,9;41,58;4,34;0,035;0,0;0,01;0,049
1075;14.07.2023;11:37:00;00:17:54;250,0;206,1;22,8;22,6;22,5;37,3;41,7;0,0;2,91E-2;-541,2;20,00;3,9;3,9;41,58;4,34;0,035;0,0;0,01;0,049
1076;14.07.2023;11:37:01;00:17:55;250,0;204,3;22,7;22,5;22,5;35,6;41,4;0,0;2,91E-2;-541,2;20,00;3,9;4,0;41,58;4,34;0,036;0,0;0,01;0,049
1077;14.07.2023;11:37:02;00:17:56;250,0;204,3;22,7;22,5;22,5;32,7;41,0;0,0;2,91E-2;-541,2;20,00;3,9;3,9;41,58;4,34;0,035;0,0;0,00;0,049
1078;14.07.2023;11:37:03;00:17:57;250,0;202,5;22,7;22,5;22,5;29,7;40,5;0,0;2,90E-2;-541,2;20,00;3,9;3,9;41,58;4,34;0,036;0,0;0,01;0,049
1079;14.07.2023;11:37:04;00:17:58;250,0;202,5;22,7;22,5;22,5;28,3;40,3;0,0;2,90E-2;-541,2;20,00;3,9;4,0;41,58;4,34;0,036;0,0;0,00;0,049
1080;14.07.2023;11:37:05;00:17:59;250,0;200,8;22,7;22,4;22,5;25,4;39,8;0,0;2,90E-2;-541,2;20,00;3,9;3,9;41,58;4,35;0,035;0,0;0,01;0,049
1081;14.07.2023;11:37:06;00:18:00;250,0;200,8;22,7;22,4;22,5;23,9;39,6;0,0;2,90E-2;-541,2;20,00;3,9;3,9;41,58;4,35;0,035;0,0;0,01;0,049
1082;14.07.2023;11:37:07;00:18:01;250,0;199,2;22,6;22,4;22,5;20,7;39,1;0,0;2,89E-2;-541,2;20,00;3,9;3,9;41,58;4,35;0,042;0,0;0,00;0,049
