Nr.;Datum;Zeit;P.Zeit;AV Pyro top;AV Control TC;AV Piston TC Top;AV Piston TC Bot;AV Transformer T;SV Temperature  ;AV CZ Output;AV abs. pressure;Vacuum;AV rel. pressure;SV Rel. Pressure;SV Force        ;AV Force;AV Abs. Piston T;AV Rel. Piston T;AV Speed;Power;U RMS;I RMS
;;;;°C;°C;°C;°C;°C;°C    ;%;mbar(a;mbar(a;mbar(g;mbar(g;kN    ;kN;mm;mm;mm/min;kW;V;kA
1;18.07.2023;13:10:11;00:00:00;250,0;23,1;19,2;18,6;22,6;20,0;0,0;1006,7;1,01E3;-4,3;20,00;3,0;3,0;39,58;0,00;0,003;0,0;0,01;0,045
2;18.07.2023;13:10:12;00:00:01;250,0;23,0;19,2;18,6;22,6;20,0;0,0;1006,5;1,01E3;-4,6;20,00;3,0;3,0;39,58;0,00;-0,001;0,0;0,00;0,047
3;18.07.2023;13:10:13;00:00:02;250,0;22,8;19,2;18,5;22,6;20,0;0,0;1006,4;1,01E3;-4,6;20,00;3,0;2,9;39,58;0,00;0,000;0,0;0,00;0,044
4;18.07.2023;13:10:14;00:00:03;250,0;22,8;19,2;18,5;22,6;20,0;0,0;1006,3;1,01E3;-4,7;20,00;3,0;3,0;39,58;0,00;0,000;0,0;0,00;0,046
5;18.07.2023;13:10:15;00:00:04;250,0;22,7;19,2;18,5;22,5;20,0;0,0;1006,2;1,01E3;-4,9;20,00;3,0;3,0;39,58;0,00;-0,003;0,0;0,01;0,044
6;18.07.2023;13:10:16;00:00:05;250,0;22,7;19,2;18,5;22,5;20,0;0,0;1006,1;1,01E3;-4,9;20,00;3,0;3,0;39,58;0,00;-0,001;0,0;0,00;0,044
7;18.07.2023;13:10:17;00:00:06;250,0;22,6;19,2;18,5;22,5;20,0;0,0;1006,0;1,01E3;-4,9;20,00;3,0;3,0;39,58;0,00;-0,002;0,0;0,00;0,044
8;18.07.2023;13:10:18;00:00:07;250,0;22,4;19,2;18,5;22,5;20,0;0,0;1005,7;1,01E3;-4,9;20,00;3,0;3,0;39,58;0,00;-0,001;0,0;0,00;0,044
9;18.07.2023;13:10:19;00:00:08;250,0;22,4;19,2;18,5;22,5;20,0;0,0;947,0;9,47E2;-58,5;20,00;3,0;3,0;39,58;0,00;0,002;0,0;0,00;0,044
10;18.07.2023;13:10:20;00:00:09;250,0;22,4;19,2;18,5;22,5;20,0;0,0;921,9;9,22E2;-86,1;20,00;3,0;3,0;39,58;0,00;0,002;0,0;0,00;0,046
11;18.07.2023;13:10:21;00:00:10;250,0;22,3;19,2;18,5;22,5;20,0;0,0;876,5;8,76E2;-130,1;20,00;3,0;3,0;39,58;0,00;0,005;0,0;0,00;0,044
12;18.07.2023;13:10:22;00:00:11;250,0;22,3;19,2;18,5;22,5;20,0;0,0;854,7;8,55E2;-154,1;20,00;3,0;3,0;39,59;0,00;0,009;0,0;0,00;0,044
13;18.07.2023;13:10:23;00:00:12;250,0;22,2;19,2;18,5;22,5;20,0;0,0;815,4;8,15E2;-191,8;20,00;3,0;3,0;39,59;0,00;0,023;0,0;0,00;0,044
14;18.07.2023;13:10:24;00:00:13;250,0;22,2;19,2;18,4;22,5;20,0;0,0;781,2;7,81E2;-228,0;20,00;3,0;3,0;39,59;0,01;0,042;0,0;0,00;0,044
15;18.07.2023;13:10:25;00:00:14;250,0;22,1;19,2;18,4;22,5;20,0;0,0;761,3;7,61E2;-246,2;20,00;3,0;3,0;39,59;0,01;0,049;0,0;0,00;0,045
16;18.07.2023;13:10:26;00:00:15;250,0;22,0;19,2;18,4;22,5;20,0;0,0;730,6;7,31E2;-278,5;20,00;3,0;3,0;39,59;0,01;0,065;0,0;0,00;0,044
17;18.07.2023;13:10:27;00:00:16;250,0;22,0;19,2;18,4;22,5;20,0;0,0;701,3;7,01E2;-306,8;20,00;3,0;3,0;39,59;0,01;0,069;0,0;0,00;0,044
18;18.07.2023;13:10:28;00:00:17;250,0;21,8;19,0;18,2;22,4;20,0;0,0;687,2;6,87E2;-322,6;20,00;3,0;3,0;39,59;0,01;0,069;0,0;0,01;0,044
19;18.07.2023;13:10:29;00:00:18;250,0;21,7;19,0;18,1;22,4;20,0;0,0;659,6;6,60E2;-348,6;20,00;3,0;3,0;39,60;0,01;0,074;0,0;0,00;0,045
20;18.07.2023;13:10:30;00:00:19;250,0;21,7;19,0;18,0;22,4;20,0;0,0;633,0;6,33E2;-375,3;20,00;3,0;3,0;39,60;0,01;0,075;0,0;0,00;0,045
21;18.07.2023;13:10:31;00:00:20;250,0;21,6;19,0;18,0;22,4;20,0;0,0;618,9;6,19E2;-389,2;20,00;3,0;3,0;39,60;0,02;0,074;0,0;0,00;0,045
22;18.07.2023;13:10:32;00:00:21;250,0;21,6;19,0;18,0;22,4;20,0;0,0;594,8;5,95E2;-414,0;20,00;3,0;3,0;39,60;0,02;0,076;0,0;0,00;0,045
23;18.07.2023;13:10:33;00:00:22;250,0;21,4;19,0;17,9;22,4;20,0;0,0;571,8;5,72E2;-437,8;20,00;3,0;3,0;39,60;0,02;0,073;0,0;0,01;0,045
24;18.07.2023;13:10:34;00:00:23;250,0;21,4;19,0;17,9;22,4;20,0;0,0;560,7;5,61E2;-448,5;20,00;3,0;3,0;39,60;0,02;0,071;0,0;0,00;0,044
25;18.07.2023;13:10:35;00:00:24;250,0;21,3;19,0;17,7;22,4;20,0;0,0;538,1;5,38E2;-470,8;20,00;3,0;3,0;39,60;0,02;0,077;0,0;0,00;0,044
26;18.07.2023;13:10:36;00:00:25;250,0;21,3;19,0;17,7;22,4;20,0;0,0;528,3;5,28E2;-480,7;20,00;3,0;3,0;39,60;0,02;0,077;0,0;0,01;0,044
27;18.07.2023;13:10:37;00:00:26;250,0;21,2;19,0;17,5;22,4;20,0;0,0;506,4;5,06E2;-503,2;20,00;3,0;3,0;39,60;0,02;0,075;0,0;0,00;0,044
28;18.07.2023;13:10:38;00:00:27;250,0;21,2;19,0;17,4;22,4;20,0;0,0;486,7;4,87E2;-521,6;20,00;3,0;3,0;39,61;0,02;0,073;0,0;0,00;0,044
29;18.07.2023;13:10:39;00:00:28;250,0;21,1;19,0;17,4;22,4;20,0;0,0;477,4;4,77E2;-532,0;20,00;3,0;3,0;39,61;0,02;0,073;0,0;0,00;0,044
30;18.07.2023;13:10:40;00:00:29;250,0;21,1;19,0;17,4;22,4;20,0;0,0;458,4;4,58E2;-541,2;20,00;3,0;3,0;39,61;0,03;0,072;0,0;0,00;0,045
31;18.07.2023;13:10:41;00:00:30;250,0;21,0;19,0;17,2;22,4;20,0;0,0;441,5;4,41E2;-541,2;20,00;3,0;3,0;39,61;0,03;0,072;0,0;0,00;0,044
32;18.07.2023;13:10:42;00:00:31;250,0;21,0;19,0;17,2;22,4;20,0;0,0;431,7;4,32E2;-541,2;20,00;3,0;3,0;39,61;0,03;0,066;0,0;0,00;0,044
33;18.07.2023;13:10:43;00:00:32;250,0;20,9;19,0;17,1;22,4;20,0;0,0;414,8;4,15E2;-541,2;20,00;3,0;3,0;39,61;0,03;0,063;0,0;0,01;0,044
34;18.07.2023;13:10:44;00:00:33;250,0;20,9;19,0;17,1;22,4;20,0;0,0;398,8;3,99E2;-541,2;20,00;3,0;3,0;39,61;0,03;0,061;0,0;0,01;0,044
35;18.07.2023;13:10:45;00:00:34;250,0;20,8;19,0;17,0;22,4;20,0;0,0;391,2;3,91E2;-541,2;20,00;3,0;3,0;39,61;0,03;0,058;0,0;0,01;0,045
36;18.07.2023;13:10:46;00:00:35;250,0;20,7;19,0;16,9;22,4;20,0;0,0;376,3;3,76E2;-541,2;20,00;3,0;3,0;39,61;0,03;0,054;0,0;0,01;0,044
37;18.07.2023;13:10:47;00:00:36;250,0;20,7;19,0;16,9;22,4;20,0;0,0;369,0;3,69E2;-541,2;20,00;3,0;3,0;39,61;0,03;0,050;0,0;0,01;0,044
38;18.07.2023;13:10:48;00:00:37;250,0;20,4;18,7;16,6;22,1;20,0;0,0;353,5;3,54E2;-541,2;20,00;3,0;3,0;39,62;0,03;0,051;0,0;0,01;0,044
39;18.07.2023;13:10:49;00:00:38;250,0;20,3;18,7;16,5;22,1;20,0;0,0;340,0;3,40E2;-541,2;20,00;3,0;3,0;39,62;0,03;0,052;0,0;0,00;0,044
40;18.07.2023;13:10:50;00:00:39;250,0;20,3;18,7;16,5;22,1;20,0;0,0;333,4;3,33E2;-541,2;20,00;3,0;3,0;39,62;0,03;0,053;0,0;0,00;0,044
41;18.07.2023;13:10:51;00:00:40;250,0;20,2;18,7;16,4;22,1;20,0;0,0;320,7;3,21E2;-541,2;20,00;3,0;3,0;39,62;0,04;0,053;0,0;0,01;0,044
42;18.07.2023;13:10:52;00:00:41;250,0;20,2;18,7;16,4;22,1;20,0;0,0;308,4;3,08E2;-541,2;20,00;3,0;3,0;39,62;0,04;0,059;0,0;0,01;0,045
43;18.07.2023;13:10:53;00:00:42;250,0;20,1;18,7;16,3;22,1;20,0;0,0;302,6;3,03E2;-541,2;20,00;3,0;3,0;39,62;0,04;0,060;0,0;0,00;0,046
44;18.07.2023;13:10:54;00:00:43;250,0;20,1;18,7;16,3;22,1;20,0;0,0;290,9;2,91E2;-541,2;20,00;3,0;3,0;39,62;0,04;0,062;0,0;0,01;0,045
45;18.07.2023;13:10:55;00:00:44;250,0;20,0;18,7;16,3;22,1;20,0;0,0;278,9;2,79E2;-541,2;20,00;3,0;3,0;39,62;0,04;0,063;0,0;0,01;0,045
46;18.07.2023;13:10:56;00:00:45;250,0;20,0;18,7;16,3;22,1;20,0;0,0;273,5;2,74E2;-541,2;20,00;3,0;3,0;39,62;0,04;0,065;0,0;0,00;0,044
47;18.07.2023;13:10:57;00:00:46;250,0;20,0;18,7;16,3;22,1;20,0;0,0;263,0;2,63E2;-541,2;20,00;3,0;3,0;39,62;0,04;0,064;0,0;0,01;0,045
48;18.07.2023;13:10:58;00:00:47;250,0;20,0;18,7;16,2;22,1;20,0;0,0;253,0;2,53E2;-541,2;20,00;3,0;3,0;39,63;0,04;0,054;0,0;0,00;0,045
49;18.07.2023;13:10:59;00:00:48;250,0;19,9;18,7;16,2;22,1;20,0;0,0;248,1;2,48E2;-541,2;20,00;3,0;3,0;39,63;0,04;0,053;0,0;0,01;0,045
50;18.07.2023;13:11:00;00:00:49;250,0;19,9;18,7;16,2;22,1;20,0;0,0;238,8;2,39E2;-541,2;20,00;3,0;3,0;39,63;0,04;0,050;0,0;0,00;0,045
51;18.07.2023;13:11:01;00:00:50;250,0;19,8;18,7;16,2;22,1;20,0;0,0;233,4;2,33E2;-541,2;20,00;3,0;3,0;39,63;0,04;0,049;0,0;0,01;0,045
52;18.07.2023;13:11:02;00:00:51;250,0;19,8;18,7;16,2;22,1;20,0;0,0;224,6;2,25E2;-541,2;20,00;3,0;3,0;39,63;0,05;0,051;0,0;0,01;0,045
53;18.07.2023;13:11:03;00:00:52;250,0;19,8;18,7;16,2;22,1;20,0;0,0;215,8;2,16E2;-541,2;20,00;3,0;3,0;39,63;0,05;0,055;0,0;0,00;0,044
54;18.07.2023;13:11:04;00:00:53;250,0;19,8;18,7;16,2;22,1;20,0;0,0;211,8;2,12E2;-541,2;20,00;3,0;3,0;39,63;0,05;0,055;0,0;0,00;0,045
55;18.07.2023;13:11:05;00:00:54;250,0;19,7;18,7;16,2;22,1;20,0;0,0;203,5;2,04E2;-541,2;20,00;3,0;3,0;39,63;0,05;0,051;0,0;0,00;0,045
56;18.07.2023;13:11:06;00:00:55;250,0;19,6;18,7;16,2;22,1;20,0;0,0;195,9;1,96E2;-541,2;20,00;3,0;3,0;39,63;0,05;0,052;0,0;0,00;0,045
57;18.07.2023;13:11:07;00:00:56;250,0;19,6;18,7;16,2;22,1;20,0;0,0;191,5;1,92E2;-541,2;20,00;3,0;3,0;39,63;0,05;0,055;0,0;0,00;0,044
58;18.07.2023;13:11:08;00:00:57;250,0;19,6;18,6;16,2;22,1;20,0;0,0;184,2;1,84E2;-541,2;20,00;3,0;3,0;39,63;0,05;0,054;0,0;0,01;0,044
59;18.07.2023;13:11:09;00:00:58;250,0;19,5;18,6;16,2;22,1;20,0;0,0;177,5;1,77E2;-541,2;20,00;3,0;3,0;39,63;0,05;0,051;0,0;0,01;0,045
60;18.07.2023;13:11:10;00:00:59;250,0;19,5;18,6;16,2;22,1;20,0;0,0;173,9;1,74E2;-541,2;20,00;3,0;3,0;39,64;0,05;0,048;0,0;0,00;0,045
61;18.07.2023;13:11:11;00:01:00;250,0;19,4;18,6;16,2;22,1;20,0;0,0;163,5;1,64E2;-541,2;20,00;3,0;3,0;39,64;0,05;0,048;0,0;0,00;0,046
62;18.07.2023;13:11:12;00:01:01;250,0;19,4;18,6;16,2;22,1;20,0;0,0;150,8;1,51E2;-541,2;20,00;3,0;3,0;39,64;0,06;0,049;0,0;0,00;0,044
63;18.07.2023;13:11:13;00:01:02;250,0;19,4;18,6;16,2;22,1;20,0;0,0;144,0;1,44E2;-541,2;20,00;3,0;3,0;39,64;0,06;0,047;0,0;0,00;0,044
64;18.07.2023;13:11:14;00:01:03;250,0;19,4;18,6;16,2;22,1;20,0;0,0;133,1;1,33E2;-541,2;20,00;3,0;3,0;39,64;0,06;0,051;0,0;0,00;0,048
65;18.07.2023;13:11:15;00:01:04;250,0;19,4;18,6;16,2;22,1;20,0;0,0;128,4;1,28E2;-541,2;20,00;3,0;3,0;39,64;0,06;0,055;0,0;0,01;0,048
66;18.07.2023;13:11:16;00:01:05;250,0;19,3;18,6;16,2;22,1;20,0;0,0;119,2;1,19E2;-541,2;20,00;3,0;3,0;39,64;0,06;0,059;0,0;0,00;0,046
67;18.07.2023;13:11:17;00:01:06;250,0;19,3;18,6;16,2;22,1;20,0;0,0;110,7;1,11E2;-541,2;20,00;3,0;3,0;39,64;0,06;0,060;0,0;0,00;0,046
68;18.07.2023;13:11:18;00:01:07;250,0;19,3;18,6;16,2;22,1;20,0;0,0;106,8;1,07E2;-541,2;20,00;3,0;3,0;39,64;0,06;0,062;0,0;0,01;0,048
69;18.07.2023;13:11:19;00:01:08;250,0;19,3;18,6;16,2;22,1;20,0;0,0;98,6;9,86E1;-541,2;20,00;3,0;3,0;39,65;0,06;0,064;0,0;0,01;0,044
70;18.07.2023;13:11:20;00:01:09;250,0;19,3;18,6;16,2;22,1;20,0;0,0;91,8;9,18E1;-541,2;20,00;3,0;3,0;39,65;0,06;0,061;0,0;0,00;0,045
71;18.07.2023;13:11:21;00:01:10;250,0;19,2;18,6;16,2;22,1;20,0;0,0;88,5;8,85E1;-541,2;20,00;3,0;3,0;39,65;0,06;0,057;0,0;0,00;0,044
72;18.07.2023;13:11:22;00:01:11;250,0;19,2;18,6;16,3;22,1;20,0;0,0;82,4;8,24E1;-541,2;20,00;3,0;3,0;39,65;0,06;0,056;0,0;0,01;0,044
73;18.07.2023;13:11:23;00:01:12;250,0;19,2;18,6;16,3;22,1;20,0;0,0;76,5;7,65E1;-541,2;20,00;3,0;3,0;39,65;0,06;0,058;0,0;0,00;0,044
74;18.07.2023;13:11:24;00:01:13;250,0;19,2;18,6;16,3;22,1;20,0;0,0;74,1;7,41E1;-541,2;20,00;3,0;3,0;39,65;0,07;0,057;0,0;0,00;0,046
75;18.07.2023;13:11:25;00:01:14;250,0;19,1;18,6;16,3;22,1;20,0;0,0;68,1;6,81E1;-541,2;20,00;3,0;3,0;39,65;0,07;0,059;0,0;0,00;0,044
76;18.07.2023;13:11:26;00:01:15;250,0;19,1;18,6;16,3;22,1;20,0;0,0;65,7;6,57E1;-541,2;20,00;3,0;3,0;39,65;0,07;0,057;0,0;0,00;0,045
77;18.07.2023;13:11:27;00:01:16;250,0;19,1;18,6;16,3;22,1;20,0;0,0;60,9;6,09E1;-541,2;20,00;3,0;3,0;39,65;0,07;0,058;0,0;0,01;0,045
78;18.07.2023;13:11:28;00:01:17;250,0;19,0;18,5;16,2;22,0;20,0;0,0;56,4;5,64E1;-541,2;20,00;3,0;3,0;39,65;0,07;0,056;0,0;0,01;0,045
79;18.07.2023;13:11:29;00:01:18;250,0;19,0;18,5;16,2;22,0;20,0;0,0;54,3;5,43E1;-541,2;20,00;3,0;3,0;39,65;0,07;0,058;0,0;0,00;0,048
80;18.07.2023;13:11:30;00:01:19;250,0;18,9;18,5;16,2;22,0;20,0;0,0;50,5;5,05E1;-541,2;20,00;3,0;3,0;39,65;0,07;0,052;0,0;0,01;0,046
81;18.07.2023;13:11:31;00:01:20;250,0;18,9;18,5;16,2;22,0;20,0;0,0;46,6;4,66E1;-541,2;20,00;3,0;3,0;39,66;0,07;0,055;0,0;0,01;0,044
82;18.07.2023;13:11:32;00:01:21;250,0;18,9;18,5;16,2;22,0;20,0;0,0;45,1;4,51E1;-541,2;20,00;3,0;3,0;39,66;0,07;0,053;0,0;0,00;0,045
83;18.07.2023;13:11:33;00:01:22;250,0;18,9;18,5;16,2;22,0;20,0;0,0;41,9;4,19E1;-541,2;20,00;3,0;3,0;39,66;0,07;0,047;0,0;0,01;0,044
84;18.07.2023;13:11:34;00:01:23;250,0;18,9;18,5;16,2;22,0;20,0;0,0;38,8;3,88E1;-541,2;20,00;3,0;3,0;39,66;0,08;0,044;0,0;0,01;0,044
85;18.07.2023;13:11:35;00:01:24;250,0;18,8;18,5;16,3;22,0;20,0;0,0;37,5;3,75E1;-541,2;20,00;3,0;3,0;39,66;0,08;0,042;0,0;0,00;0,044
86;18.07.2023;13:11:36;00:01:25;250,0;18,8;18,5;16,3;22,0;20,0;0,0;34,9;3,49E1;-541,2;20,00;3,0;3,0;39,66;0,08;0,046;0,0;0,00;0,046
87;18.07.2023;13:11:37;00:01:26;250,0;18,8;18,5;16,3;22,0;20,0;0,0;32,2;3,22E1;-541,2;20,00;3,0;3,0;39,66;0,08;0,043;0,0;0,00;0,045
88;18.07.2023;13:11:38;00:01:27;250,0;18,8;18,5;16,3;22,0;20,0;0,0;30,8;3,08E1;-541,2;20,00;3,0;3,0;39,66;0,08;0,043;0,0;0,00;0,045
89;18.07.2023;13:11:39;00:01:28;250,0;18,8;18,5;16,3;22,0;20,0;0,0;28,5;2,85E1;-541,2;20,00;3,0;3,0;39,66;0,08;0,041;0,0;0,00;0,044
90;18.07.2023;13:11:40;00:01:29;250,0;18,8;18,5;16,3;22,0;20,0;0,0;27,6;2,76E1;-541,2;20,00;3,0;3,0;39,66;0,08;0,039;0,0;0,00;0,044
91;18.07.2023;13:11:41;00:01:30;250,0;18,7;18,5;16,4;22,0;20,0;0,0;25,7;2,57E1;-541,2;20,00;3,0;3,0;39,66;0,08;0,033;0,0;0,01;0,046
92;18.07.2023;13:11:42;00:01:31;250,0;18,7;18,5;16,4;22,0;20,0;0,0;23,8;2,38E1;-541,2;20,00;3,0;3,0;39,66;0,08;0,031;0,0;0,00;0,046
93;18.07.2023;13:11:43;00:01:32;250,0;18,7;18,5;16,4;22,0;20,0;0,0;22,9;2,29E1;-541,2;20,00;3,0;3,0;39,66;0,08;0,031;0,0;0,00;0,044
94;18.07.2023;13:11:44;00:01:33;250,0;18,7;18,5;16,4;22,0;20,0;0,0;21,0;2,10E1;-541,2;20,00;3,0;3,0;39,66;0,08;0,032;0,0;0,00;0,044
95;18.07.2023;13:11:45;00:01:34;250,0;18,7;18,5;16,4;22,0;20,0;0,0;19,9;1,99E1;-541,2;20,00;3,0;2,9;39,66;0,08;0,029;0,0;0,00;0,046
96;18.07.2023;13:11:46;00:01:35;250,0;18,7;18,5;16,4;22,0;20,0;0,0;19,1;1,91E1;-541,2;20,00;3,0;3,0;39,66;0,08;0,033;0,0;0,01;0,046
97;18.07.2023;13:11:47;00:01:36;250,0;18,7;18,5;16,5;22,0;20,0;0,0;17,8;1,78E1;-541,2;20,00;3,0;3,1;39,66;0,08;0,035;0,0;0,00;0,049
98;18.07.2023;13:11:48;00:01:37;250,0;18,6;18,5;16,4;21,9;20,0;0,0;16,1;1,61E1;-541,2;20,00;3,0;3,1;39,67;0,08;0,036;0,0;0,00;0,048
99;18.07.2023;13:11:49;00:01:38;250,0;18,6;18,4;16,4;21,9;20,0;0,0;15,9;1,59E1;-541,2;20,00;3,0;3,0;39,67;0,08;0,032;0,0;0,01;0,045
100;18.07.2023;13:11:50;00:01:39;250,0;18,6;18,4;16,4;21,9;20,0;0,0;14,5;1,45E1;-541,2;20,00;3,0;3,0;39,67;0,08;0,028;0,0;0,00;0,045
101;18.07.2023;13:11:51;00:01:40;250,0;18,5;18,4;16,5;21,9;20,0;0,0;13,5;1,35E1;-541,2;20,00;3,0;3,0;39,67;0,08;0,024;0,0;0,00;0,045
102;18.07.2023;13:11:52;00:01:41;250,0;18,5;18,4;16,5;21,9;20,0;0,0;13,1;1,31E1;-541,2;20,00;3,0;3,0;39,67;0,08;0,027;0,0;0,00;0,046
103;18.07.2023;13:11:53;00:01:42;250,0;18,5;18,4;16,5;21,9;20,0;0,0;12,2;1,22E1;-541,2;20,00;3,0;3,1;39,67;0,08;0,022;0,0;0,00;0,046
104;18.07.2023;13:11:54;00:01:43;250,0;18,5;18,4;16,5;21,9;20,0;0,0;11,8;1,18E1;-541,2;20,00;3,0;3,0;39,67;0,08;0,016;0,0;0,00;0,045
105;18.07.2023;13:11:55;00:01:44;250,0;18,5;18,4;16,5;21,9;20,0;0,0;10,9;1,09E1;-541,2;20,00;3,0;3,0;39,67;0,08;0,020;0,0;0,00;0,046
106;18.07.2023;13:11:56;00:01:45;250,0;18,5;18,4;16,5;21,9;20,0;0,0;10,0;1,00E1;-541,2;20,00;3,0;3,0;39,67;0,09;0,021;0,0;0,01;0,048
107;18.07.2023;13:11:57;00:01:46;250,0;18,5;18,4;16,6;21,9;20,0;0,0;9,6;9,56E0;-541,2;20,00;3,0;3,0;39,67;0,09;0,025;0,0;0,01;0,046
108;18.07.2023;13:11:58;00:01:47;250,0;18,5;18,5;16,6;21,9;20,0;0,0;8,5;8,45E0;-541,2;20,00;3,0;3,0;39,67;0,09;0,024;0,0;0,01;0,044
109;18.07.2023;13:11:59;00:01:48;250,0;18,5;18,5;16,6;21,9;20,0;0,0;7,5;7,51E0;-541,2;20,00;3,0;3,0;39,67;0,09;0,023;0,0;0,00;0,046
110;18.07.2023;13:12:00;00:01:49;250,0;18,5;18,5;16,6;21,9;20,0;0,0;7,1;7,14E0;-541,2;20,00;3,0;3,0;39,67;0,09;0,020;0,0;0,00;0,048
111;18.07.2023;13:12:01;00:01:50;250,0;18,5;18,5;16,7;21,9;20,0;0,0;6,5;6,50E0;-541,2;20,00;3,0;3,0;39,67;0,09;0,019;0,0;0,00;0,044
112;18.07.2023;13:12:02;00:01:51;250,0;18,4;18,5;16,7;21,9;20,0;0,0;5,9;5,91E0;-541,2;20,00;3,0;3,0;39,67;0,09;0,014;0,0;0,00;0,044
113;18.07.2023;13:12:03;00:01:52;250,0;18,4;18,5;16,7;21,9;20,0;0,0;5,7;5,65E0;-541,2;20,00;3,0;3,0;39,67;0,09;0,014;0,0;0,00;0,045
114;18.07.2023;13:12:04;00:01:53;250,0;18,4;18,5;16,7;21,9;20,0;0,0;5,1;5,10E0;-541,2;20,00;3,0;3,0;39,67;0,09;0,014;0,0;0,00;0,044
115;18.07.2023;13:12:05;00:01:54;250,0;18,4;18,5;16,7;21,9;20,0;0,0;4,9;4,90E0;-541,2;20,00;3,0;3,0;39,67;0,09;0,011;0,0;0,01;0,046
116;18.07.2023;13:12:06;00:01:55;250,0;18,4;18,5;16,7;21,9;20,0;0,0;4,4;4,37E0;-541,2;20,00;3,0;3,0;39,67;0,09;0,009;0,0;0,01;0,044
117;18.07.2023;13:12:07;00:01:56;250,0;18,4;18,5;16,8;21,9;20,0;0,0;4,0;3,98E0;-541,2;20,00;3,0;3,0;39,67;0,09;0,011;0,0;0,00;0,044
118;18.07.2023;13:12:08;00:01:57;250,0;18,3;18,5;16,7;21,9;20,0;0,0;3,8;3,84E0;-541,2;20,00;3,0;3,0;39,67;0,09;0,012;0,0;0,00;0,044
119;18.07.2023;13:12:09;00:01:58;250,0;18,3;18,4;16,7;21,9;20,0;0,0;3,5;3,54E0;-541,2;20,00;3,0;3,0;39,67;0,09;0,014;0,0;0,00;0,044
120;18.07.2023;13:12:10;00:01:59;250,0;18,3;18,4;16,7;21,9;20,0;0,0;3,2;3,20E0;-541,2;20,00;3,0;3,1;39,67;0,09;0,013;0,0;0,01;0,045
121;18.07.2023;13:12:11;00:02:00;250,0;18,3;18,4;16,8;21,9;20,0;0,0;3,1;3,12E0;-541,2;20,00;3,0;3,0;39,67;0,09;0,013;0,0;0,00;0,046
122;18.07.2023;13:12:12;00:02:01;250,0;18,3;18,4;16,8;21,9;20,0;0,0;2,8;2,83E0;-541,2;20,00;3,0;3,0;39,67;0,09;0,009;0,0;0,00;0,046
123;18.07.2023;13:12:13;00:02:02;250,0;18,3;18,4;16,8;21,9;20,0;0,0;2,7;2,66E0;-541,2;20,00;3,0;3,1;39,67;0,09;0,008;0,0;0,00;0,046
124;18.07.2023;13:12:14;00:02:03;250,0;18,3;18,4;16,8;21,9;20,0;0,0;2,6;2,56E0;-541,2;20,00;3,0;3,0;39,67;0,09;0,011;0,0;0,00;0,044
125;18.07.2023;13:12:15;00:02:04;250,0;18,3;18,4;16,8;21,9;20,0;0,0;2,4;2,41E0;-541,2;20,00;3,0;3,0;39,67;0,09;0,010;0,0;0,00;0,044
126;18.07.2023;13:12:16;00:02:05;250,0;18,3;18,4;16,8;21,9;20,0;0,0;2,2;2,16E0;-541,2;20,00;3,0;3,0;39,67;0,09;0,013;0,0;0,01;0,046
127;18.07.2023;13:12:17;00:02:06;250,0;18,3;18,4;16,9;21,9;20,0;0,0;2,1;2,10E0;-541,2;20,00;3,0;3,1;39,67;0,09;0,015;0,0;0,00;0,044
128;18.07.2023;13:12:18;00:02:07;250,0;18,3;18,4;16,9;21,9;20,0;0,0;2,0;1,96E0;-541,2;20,00;3,0;3,0;39,67;0,09;0,009;0,0;0,01;0,047
129;18.07.2023;13:12:19;00:02:08;250,0;18,3;18,4;16,9;21,9;20,0;0,0;1,9;1,88E0;-541,2;20,00;3,0;2,9;39,67;0,09;0,008;0,0;0,00;0,045
130;18.07.2023;13:12:20;00:02:09;250,0;18,2;18,4;16,9;21,9;20,0;0,0;1,7;1,73E0;-541,2;20,00;3,0;3,0;39,67;0,09;0,009;0,0;0,00;0,045
131;18.07.2023;13:12:21;00:02:10;250,0;18,2;18,4;16,9;21,9;20,0;0,0;1,7;1,65E0;-541,2;20,00;3,0;3,0;39,67;0,09;0,011;0,0;0,00;0,045
132;18.07.2023;13:12:22;00:02:11;250,0;18,2;18,4;16,9;21,9;20,0;0,0;1,6;1,63E0;-541,2;20,00;3,0;3,0;39,67;0,09;0,009;0,0;0,00;0,045
133;18.07.2023;13:12:23;00:02:12;250,0;18,2;18,4;16,9;21,9;20,0;0,0;1,5;1,53E0;-541,2;20,00;3,0;2,9;39,67;0,09;0,005;0,0;0,00;0,045
134;18.07.2023;13:12:24;00:02:13;250,0;18,2;18,4;16,9;21,9;20,0;0,0;1,5;1,47E0;-541,2;20,00;3,0;2,9;39,67;0,09;0,005;0,0;0,00;0,046
135;18.07.2023;13:12:25;00:02:14;250,0;18,2;18,4;17,0;21,9;20,0;0,0;1,4;1,44E0;-541,2;20,00;3,0;3,0;39,67;0,09;0,005;0,0;0,00;0,044
136;18.07.2023;13:12:26;00:02:15;250,0;18,2;18,4;17,0;21,9;20,0;0,0;1,4;1,36E0;-541,2;20,00;3,0;3,0;39,67;0,09;0,009;0,0;0,01;0,048
137;18.07.2023;13:12:27;00:02:16;250,0;18,2;18,4;17,0;21,9;20,0;0,0;1,3;1,28E0;-541,2;20,00;3,0;3,0;39,67;0,09;0,007;0,0;0,00;0,047
138;18.07.2023;13:12:28;00:02:17;250,0;18,2;18,4;17,0;21,9;20,0;0,0;1,3;1,25E0;-541,2;20,00;3,0;3,0;39,67;0,09;0,007;0,0;0,00;0,045
139;18.07.2023;13:12:29;00:02:18;250,0;18,2;18,4;17,0;21,9;20,0;0,0;1,2;1,20E0;-541,2;20,00;3,0;3,0;39,67;0,09;0,009;0,0;0,00;0,045
140;18.07.2023;13:12:30;00:02:19;250,0;18,2;18,4;17,0;21,9;20,0;0,0;1,2;1,16E0;-541,2;20,00;3,0;3,0;39,67;0,09;0,007;0,0;0,00;0,045
141;18.07.2023;13:12:31;00:02:20;250,0;18,2;18,4;17,0;21,9;20,0;0,0;1,1;1,12E0;-541,2;20,00;3,0;3,0;39,67;0,09;0,006;0,0;0,00;0,048
142;18.07.2023;13:12:32;00:02:21;250,0;18,2;18,4;17,0;21,9;20,0;0,0;1,1;1,08E0;-541,2;20,00;3,0;3,0;39,67;0,09;0,004;0,0;0,00;0,046
143;18.07.2023;13:12:33;00:02:22;250,0;18,2;18,4;17,1;21,9;20,0;0,0;1,1;1,06E0;-541,2;20,00;3,0;3,0;39,67;0,09;0,005;0,0;0,00;0,048
144;18.07.2023;13:12:34;00:02:23;250,0;18,2;18,4;17,1;21,9;20,0;0,0;1,0;9,86E-1;-541,2;20,00;3,0;3,0;39,67;0,09;0,007;0,0;0,00;0,046
145;18.07.2023;13:12:35;00:02:24;250,0;18,2;18,4;17,1;21,9;20,0;0,0;1,0;9,54E-1;-541,2;20,00;3,0;3,0;39,67;0,09;0,005;0,0;0,00;0,046
146;18.07.2023;13:12:36;00:02:25;250,0;18,2;18,4;17,1;21,9;20,0;0,0;0,9;9,38E-1;-541,2;20,00;3,0;3,0;39,67;0,09;0,006;0,0;0,01;0,044
147;18.07.2023;13:12:37;00:02:26;250,0;18,2;18,5;17,1;21,9;20,0;0,0;0,9;9,07E-1;-541,2;20,00;3,0;3,0;39,67;0,09;0,008;0,0;0,00;0,049
148;18.07.2023;13:12:38;00:02:27;250,0;18,2;18,5;17,2;21,9;20,0;0,0;0,9;8,76E-1;-541,2;20,00;3,0;3,0;39,68;0,09;0,010;0,0;0,00;0,047
149;18.07.2023;13:12:39;00:02:28;250,0;18,2;18,5;17,2;21,9;20,0;0,0;0,9;8,60E-1;-541,2;20,00;3,0;3,0;39,68;0,09;0,010;0,0;0,01;0,045
150;18.07.2023;13:12:40;00:02:29;250,0;18,2;18,5;17,2;21,9;20,0;0,0;0,8;8,29E-1;-541,2;20,00;3,0;3,1;39,67;0,09;0,012;0,0;0,00;0,044
151;18.07.2023;13:12:41;00:02:30;250,0;18,2;18,5;17,2;21,9;20,0;0,0;0,8;8,00E-1;-541,2;20,00;3,0;2,9;39,67;0,09;0,007;0,0;0,01;0,048
152;18.07.2023;13:12:42;00:02:31;250,0;18,2;18,5;17,2;21,9;20,0;0,0;0,8;7,85E-1;-541,2;20,00;3,0;2,9;39,67;0,09;0,005;0,0;0,00;0,049
153;18.07.2023;13:12:43;00:02:32;250,0;18,2;18,5;17,2;21,9;20,0;0,0;0,8;7,64E-1;-541,2;20,00;3,0;3,0;39,67;0,09;0,006;0,0;0,00;0,049
154;18.07.2023;13:12:44;00:02:33;250,0;18,2;18,5;17,2;21,9;20,0;0,0;0,8;7,53E-1;-541,2;20,00;3,0;3,0;39,68;0,09;0,006;0,0;0,00;0,046
155;18.07.2023;13:12:45;00:02:34;250,0;18,1;18,5;17,2;21,9;20,0;0,0;0,7;7,31E-1;-541,2;20,00;3,0;3,0;39,68;0,09;0,007;0,0;0,01;0,046
156;18.07.2023;13:12:46;00:02:35;250,0;18,1;18,5;17,2;21,9;20,0;0,0;0,7;7,09E-1;-541,2;20,00;3,0;3,0;39,68;0,09;0,008;0,0;0,00;0,045
157;18.07.2023;13:12:47;00:02:36;250,0;18,1;18,5;17,2;21,9;20,0;0,0;0,7;6,98E-1;-541,2;20,00;3,0;3,0;39,68;0,09;0,004;0,0;0,01;0,047
158;18.07.2023;13:12:48;00:02:37;250,0;18,1;18,4;17,2;21,9;20,0;0,0;0,7;6,77E-1;-541,2;20,00;3,0;3,0;39,68;0,09;0,001;0,0;0,00;0,044
159;18.07.2023;13:12:49;00:02:38;250,0;18,1;18,4;17,2;21,9;20,0;0,0;0,7;6,57E-1;-541,2;20,00;3,0;3,0;39,68;0,09;0,002;0,0;0,01;0,045
160;18.07.2023;13:12:50;00:02:39;250,0;18,1;18,4;17,2;21,9;20,0;0,0;0,6;6,47E-1;-541,2;20,00;3,0;3,0;39,67;0,09;0,004;0,0;0,00;0,044
161;18.07.2023;13:12:51;00:02:40;250,0;18,1;18,4;17,2;21,9;20,0;0,0;0,6;6,26E-1;-541,2;20,00;3,0;3,0;39,68;0,09;0,004;0,0;0,00;0,044
162;18.07.2023;13:12:52;00:02:41;250,0;18,1;18,4;17,2;21,9;20,0;0,0;0,6;6,05E-1;-541,2;20,00;3,0;3,0;39,68;0,09;0,007;0,0;0,00;0,045
163;18.07.2023;13:12:53;00:02:42;250,0;18,1;18,4;17,2;21,9;20,0;0,0;0,6;5,95E-1;-541,2;20,00;3,0;3,0;39,68;0,09;0,007;0,0;0,00;0,045
164;18.07.2023;13:12:54;00:02:43;250,0;18,1;18,4;17,2;21,9;20,0;0,0;0,6;5,75E-1;-541,2;20,00;3,0;3,0;39,68;0,09;0,009;0,0;0,01;0,045
165;18.07.2023;13:12:55;00:02:44;250,0;18,0;18,4;17,3;21,9;20,0;0,0;0,6;5,57E-1;-541,2;20,00;3,0;2,9;39,68;0,09;0,000;0,0;0,00;0,044
166;18.07.2023;13:12:56;00:02:45;250,0;18,0;18,4;17,3;21,9;20,0;0,0;0,5;5,47E-1;-541,2;20,00;3,0;3,0;39,68;0,09;0,002;0,0;0,00;0,046
167;18.07.2023;13:12:57;00:02:46;250,0;18,0;18,4;17,3;21,9;20,0;0,0;0,5;5,29E-1;-541,2;20,00;3,0;3,1;39,68;0,09;0,004;0,0;0,00;0,044
168;18.07.2023;13:12:58;00:02:47;250,0;18,0;18,4;17,3;21,9;20,0;0,0;0,5;5,21E-1;-541,2;20,00;3,0;3,0;39,68;0,09;0,005;0,0;0,01;0,045
169;18.07.2023;13:12:59;00:02:48;250,0;18,0;18,4;17,3;21,9;20,0;0,0;0,5;5,15E-1;-541,2;20,00;3,0;3,0;39,68;0,09;0,004;0,0;0,01;0,046
170;18.07.2023;13:13:00;00:02:49;250,0;18,0;18,4;17,3;21,9;20,0;0,0;0,5;5,01E-1;-541,2;20,00;3,0;2,9;39,68;0,09;0,001;0,0;0,00;0,045
171;18.07.2023;13:13:01;00:02:50;250,0;18,0;18,4;17,3;21,9;20,0;0,0;0,5;4,87E-1;-541,2;20,00;3,0;3,0;39,68;0,09;0,003;0,0;0,00;0,046
172;18.07.2023;13:13:02;00:02:51;250,0;18,0;18,4;17,3;21,9;20,0;0,0;0,5;4,80E-1;-541,2;20,00;3,0;3,0;39,68;0,09;0,001;0,0;0,00;0,045
173;18.07.2023;13:13:03;00:02:52;250,0;18,0;18,4;17,3;21,9;20,0;0,0;0,5;4,68E-1;-541,2;20,00;3,0;2,9;39,68;0,09;0,003;0,0;0,01;0,044
174;18.07.2023;13:13:04;00:02:53;250,0;18,0;18,4;17,3;21,9;20,0;0,0;0,5;4,60E-1;-541,2;20,00;3,0;2,9;39,68;0,09;0,004;0,0;0,00;0,044
175;18.07.2023;13:13:05;00:02:54;250,0;18,0;18,4;17,3;21,9;20,0;0,0;0,4;4,47E-1;-541,2;20,00;3,0;3,0;39,68;0,09;0,007;0,0;0,01;0,044
176;18.07.2023;13:13:06;00:02:55;250,0;18,0;18,4;17,3;21,9;20,0;0,0;0,4;4,35E-1;-541,2;20,00;3,0;3,0;39,68;0,09;0,004;0,0;0,01;0,049
177;18.07.2023;13:13:07;00:02:56;250,0;18,0;18,4;17,3;21,9;20,0;0,0;0,4;4,29E-1;-541,2;20,00;3,0;3,0;39,68;0,09;0,009;0,0;0,00;0,045
178;18.07.2023;13:13:08;00:02:57;250,0;18,0;18,4;17,3;21,9;20,0;0,0;0,4;4,17E-1;-541,2;20,00;3,0;3,0;39,68;0,09;0,005;0,0;0,00;0,045
179;18.07.2023;13:13:09;00:02:58;250,0;17,9;18,3;17,3;21,8;20,0;0,0;0,4;4,05E-1;-541,2;20,00;3,0;3,0;39,68;0,09;0,004;0,0;0,01;0,044
180;18.07.2023;13:13:10;00:02:59;250,0;17,9;18,3;17,3;21,8;20,0;0,0;0,4;3,99E-1;-541,2;20,00;3,0;3,0;39,68;0,09;0,007;0,0;0,00;0,045
181;18.07.2023;13:13:11;00:03:00;250,0;17,9;18,3;17,3;21,8;20,0;0,0;0,4;3,89E-1;-541,2;20,00;3,0;3,0;39,68;0,09;0,005;0,0;0,00;0,045
182;18.07.2023;13:13:12;00:03:01;250,0;17,9;18,3;17,3;21,8;20,0;0,0;0,4;3,78E-1;-541,2;20,00;3,0;2,9;39,68;0,09;0,001;0,0;0,00;0,047
183;18.07.2023;13:13:13;00:03:02;250,0;17,9;18,3;17,3;21,8;20,0;0,0;0,4;3,72E-1;-541,2;20,00;3,0;2,9;39,68;0,09;-0,002;0,0;0,00;0,044
184;18.07.2023;13:13:14;00:03:03;250,0;17,9;18,3;17,3;21,8;20,0;0,0;0,4;3,63E-1;-541,2;20,00;3,0;3,0;39,68;0,09;0,004;0,0;0,01;0,045
185;18.07.2023;13:13:15;00:03:04;250,0;17,9;18,3;17,3;21,8;20,1;0,1;0,4;3,55E-1;-541,2;20,00;3,0;3,0;39,68;0,09;0,005;0,0;0,00;0,045
186;18.07.2023;13:13:16;00:03:05;250,0;17,9;18,3;17,3;21,8;20,7;0,2;0,4;3,50E-1;-541,2;20,00;3,0;3,0;39,68;0,09;0,002;0,0;0,00;0,046
187;18.07.2023;13:13:17;00:03:06;250,0;17,9;18,4;17,4;21,8;21,8;0,3;0,3;3,43E-1;-541,2;20,00;3,0;3,0;39,68;0,09;0,002;0,0;0,01;0,046
188;18.07.2023;13:13:18;00:03:07;250,0;17,9;18,4;17,4;21,8;22,4;0,4;0,3;3,39E-1;-541,2;20,00;3,0;2,9;39,68;0,09;0,002;0,0;0,00;0,044
189;18.07.2023;13:13:19;00:03:08;250,0;17,9;18,4;17,4;21,8;23,5;0,5;0,3;3,32E-1;-541,2;20,00;3,0;3,0;39,68;0,09;0,003;0,0;0,00;0,045
190;18.07.2023;13:13:20;00:03:09;250,0;17,9;18,4;17,4;21,8;24,6;0,6;0,3;3,25E-1;-541,2;20,00;3,0;3,0;39,68;0,09;0,000;0,0;0,00;0,045
191;18.07.2023;13:13:21;00:03:10;250,0;17,9;18,4;17,4;21,8;25,1;0,6;0,3;3,22E-1;-541,2;20,00;3,0;3,0;39,68;0,09;0,003;0,0;0,00;0,045
192;18.07.2023;13:13:22;00:03:11;250,0;17,9;18,4;17,4;21,8;26,3;0,8;0,3;3,14E-1;-541,2;20,00;3,0;3,0;39,68;0,09;0,001;0,0;0,00;0,045
193;18.07.2023;13:13:23;00:03:12;250,0;17,9;18,4;17,4;21,8;27,4;0,9;0,3;3,08E-1;-541,2;20,00;3,0;3,0;39,68;0,09;0,000;0,0;0,01;0,046
194;18.07.2023;13:13:24;00:03:13;250,0;17,9;18,4;17,4;21,8;28,0;0,9;0,3;3,05E-1;-541,2;20,00;3,0;3,0;39,68;0,09;0,004;0,0;0,00;0,048
195;18.07.2023;13:13:25;00:03:14;250,0;17,9;18,4;17,4;21,8;29,1;1,0;0,3;2,98E-1;-541,2;20,00;3,0;3,0;39,68;0,09;0,002;0,0;0,00;0,044
196;18.07.2023;13:13:26;00:03:15;250,0;17,9;18,4;17,4;21,8;30,2;1,1;0,3;2,92E-1;-541,2;20,00;3,0;3,0;39,68;0,09;0,002;0,0;0,00;0,046
197;18.07.2023;13:13:27;00:03:16;250,0;17,9;18,4;17,4;21,8;30,7;1,2;0,3;2,90E-1;-541,2;20,00;3,0;3,0;39,68;0,09;0,002;0,0;0,00;0,046
198;18.07.2023;13:13:28;00:03:17;250,0;17,9;18,3;17,4;21,8;31,9;1,3;0,3;2,84E-1;-541,2;20,00;3,0;2,9;39,68;0,09;0,003;0,0;0,01;0,048
199;18.07.2023;13:13:29;00:03:18;250,0;17,9;18,3;17,4;21,8;33,0;1,4;0,3;2,78E-1;-541,2;20,00;3,0;3,0;39,68;0,09;0,003;0,0;0,00;0,045
200;18.07.2023;13:13:30;00:03:19;250,0;17,9;18,3;17,4;21,8;33,6;1,5;0,3;2,76E-1;-541,2;20,00;3,0;3,1;39,68;0,09;0,003;0,0;0,01;0,044
201;18.07.2023;13:13:31;00:03:20;250,0;17,9;18,3;17,4;21,8;34,7;1,6;0,3;2,70E-1;-541,2;20,00;3,0;3,1;39,68;0,10;0,003;0,0;0,00;0,048
202;18.07.2023;13:13:32;00:03:21;250,0;17,9;18,3;17,4;21,8;35,2;1,6;0,3;2,68E-1;-541,2;20,00;3,0;3,1;39,68;0,09;0,002;0,0;0,01;0,047
203;18.07.2023;13:13:33;00:03:22;250,0;17,9;18,3;17,4;21,8;36,3;1,8;0,3;2,63E-1;-541,2;20,00;3,0;3,0;39,68;0,09;0,001;0,0;0,00;0,048
204;18.07.2023;13:13:34;00:03:23;250,0;17,9;18,3;17,4;21,8;37,5;1,9;0,3;2,58E-1;-541,2;20,00;3,0;2,9;39,68;0,09;0,001;0,0;0,00;0,046
205;18.07.2023;13:13:35;00:03:24;250,0;17,9;18,3;17,4;21,8;38,1;1,9;0,3;2,56E-1;-541,2;20,00;3,0;2,9;39,68;0,09;0,000;0,0;0,00;0,048
206;18.07.2023;13:13:36;00:03:25;250,0;17,9;18,3;17,4;21,8;39,2;2,1;0,3;2,51E-1;-541,2;20,00;3,0;3,0;39,68;0,09;0,002;0,0;0,01;0,046
207;18.07.2023;13:13:37;00:03:26;250,0;17,9;18,3;17,5;21,8;40,3;2,2;0,2;2,47E-1;-541,2;20,00;3,0;3,1;39,68;0,09;0,004;0,0;0,00;0,044
208;18.07.2023;13:13:38;00:03:27;250,0;17,9;18,3;17,5;21,8;40,8;2,2;0,2;2,45E-1;-541,2;20,00;3,0;2,9;39,68;0,09;0,001;0,0;0,00;0,047
209;18.07.2023;13:13:39;00:03:28;250,0;17,9;18,3;17,5;21,8;41,9;2,3;0,2;2,42E-1;-541,2;20,00;3,0;3,0;39,68;0,09;0,002;0,0;0,00;0,049
210;18.07.2023;13:13:40;00:03:29;250,0;17,9;18,3;17,5;21,8;43,1;2,5;0,2;2,38E-1;-541,2;20,00;3,0;3,0;39,68;0,09;-0,004;0,0;0,00;0,046
211;18.07.2023;13:13:41;00:03:30;250,0;17,9;18,3;17,5;21,8;43,7;2,5;0,2;2,36E-1;-541,2;20,00;3,0;2,9;39,68;0,09;-0,005;0,0;0,00;0,044
212;18.07.2023;13:13:42;00:03:31;250,0;17,9;18,3;17,5;21,8;44,8;2,7;0,2;2,33E-1;-541,2;20,00;3,0;2,9;39,68;0,09;-0,002;0,0;0,00;0,047
213;18.07.2023;13:13:43;00:03:32;250,0;17,9;18,3;17,5;21,8;45,3;2,7;0,2;2,31E-1;-541,2;20,00;3,0;3,0;39,68;0,10;0,001;0,0;0,00;0,046
214;18.07.2023;13:13:44;00:03:33;250,0;17,9;18,3;17,5;21,8;46,4;2,8;0,2;2,29E-1;-541,2;20,00;3,0;3,0;39,68;0,09;0,004;0,0;0,00;0,046
215;18.07.2023;13:13:45;00:03:34;250,0;17,9;18,3;17,5;21,8;47,5;3,0;0,2;2,26E-1;-541,2;20,00;3,0;3,0;39,68;0,09;0,002;0,0;0,00;0,045
216;18.07.2023;13:13:46;00:03:35;250,0;17,9;18,3;17,5;21,8;48,1;3,0;0,2;2,25E-1;-541,2;20,00;3,0;3,1;39,68;0,09;0,004;0,0;0,00;0,047
217;18.07.2023;13:13:47;00:03:36;250,0;17,9;18,4;17,5;21,8;49,2;3,2;0,2;2,21E-1;-541,2;20,00;3,0;3,0;39,68;0,09;0,001;0,0;0,01;0,048
218;18.07.2023;13:13:48;00:03:37;250,0;17,9;18,4;17,5;21,8;50,3;3,3;0,2;2,18E-1;-541,2;20,00;3,0;3,0;39,68;0,09;0,000;0,0;0,00;0,045
219;18.07.2023;13:13:49;00:03:38;250,0;17,8;18,4;17,5;21,7;50,9;3,4;0,2;2,17E-1;-541,2;20,00;3,0;3,0;39,68;0,09;0,004;0,0;0,00;0,045
220;18.07.2023;13:13:50;00:03:39;250,0;17,8;18,3;17,5;21,7;52,0;3,5;0,2;2,14E-1;-541,2;20,00;3,0;2,9;39,68;0,09;-0,001;0,0;0,00;0,048
221;18.07.2023;13:13:51;00:03:40;250,0;17,8;18,3;17,5;21,7;53,1;3,6;0,2;2,12E-1;-541,2;20,00;3,0;3,0;39,68;0,09;0,003;0,0;0,01;0,044
222;18.07.2023;13:13:52;00:03:41;250,0;17,8;18,3;17,5;21,7;53,6;3,7;0,2;2,10E-1;-541,2;20,00;3,0;3,0;39,68;0,09;0,001;0,0;0,00;0,045
223;18.07.2023;13:13:53;00:03:42;250,0;17,9;18,3;17,5;21,7;54,8;3,8;0,2;2,08E-1;-541,2;20,00;3,0;2,9;39,68;0,09;0,001;0,0;0,01;0,046
224;18.07.2023;13:13:54;00:03:43;250,0;17,9;18,3;17,5;21,7;55,9;3,9;0,2;2,05E-1;-541,2;20,00;3,0;3,1;39,68;0,09;0,004;0,0;0,00;0,046
225;18.07.2023;13:13:55;00:03:44;250,0;17,9;18,3;17,5;21,7;56,5;4,0;0,2;2,04E-1;-541,2;20,00;3,0;3,1;39,68;0,10;0,004;0,0;0,00;0,045
226;18.07.2023;13:13:56;00:03:45;250,0;17,8;18,3;17,5;21,7;57,6;4,1;0,2;2,02E-1;-541,2;20,00;3,0;3,0;39,68;0,10;0,002;0,0;0,00;0,048
227;18.07.2023;13:13:57;00:03:46;250,0;17,8;18,3;17,5;21,7;58,1;4,2;0,2;2,01E-1;-541,2;20,00;3,0;3,0;39,68;0,09;-0,001;0,0;0,00;0,044
228;18.07.2023;13:13:58;00:03:47;250,0;17,8;18,3;17,5;21,7;59,2;4,3;0,2;1,99E-1;-541,2;20,00;3,0;3,0;39,68;0,10;0,004;0,0;0,01;0,045
229;18.07.2023;13:13:59;00:03:48;250,0;17,8;18,3;17,5;21,7;60,4;4,5;0,2;1,96E-1;-541,2;20,00;3,0;2,9;39,68;0,10;0,001;0,0;0,00;0,045
230;18.07.2023;13:14:00;00:03:49;250,0;17,8;18,3;17,5;21,7;61,0;4,6;0,2;1,95E-1;-541,2;20,00;3,0;3,0;39,68;0,09;0,002;0,0;0,00;0,049
231;18.07.2023;13:14:01;00:03:50;250,0;17,8;18,3;17,5;21,7;62,1;4,7;0,2;1,93E-1;-541,2;20,00;3,0;2,9;39,68;0,10;0,001;0,0;0,00;0,045
232;18.07.2023;13:14:02;00:03:51;250,0;17,8;18,3;17,5;21,7;63,2;4,8;0,2;1,91E-1;-541,2;20,00;3,0;3,0;39,68;0,10;0,001;0,0;0,00;0,048
233;18.07.2023;13:14:03;00:03:52;250,0;17,8;18,3;17,5;21,7;63,7;4,9;0,2;1,90E-1;-541,2;20,00;3,0;3,0;39,68;0,10;-0,002;0,0;0,00;0,046
234;18.07.2023;13:14:04;00:03:53;250,0;17,8;18,3;17,5;21,7;64,8;5,0;0,2;1,88E-1;-541,2;20,00;3,0;3,0;39,68;0,10;0,002;0,0;0,00;0,045
235;18.07.2023;13:14:05;00:03:54;250,0;17,8;18,3;17,6;21,7;66,0;5,2;0,2;1,86E-1;-541,2;20,00;3,0;3,0;39,68;0,09;0,001;0,0;0,00;0,047
236;18.07.2023;13:14:06;00:03:55;250,0;17,8;18,3;17,6;21,7;66,6;5,3;0,2;1,85E-1;-541,2;20,00;3,0;3,0;39,68;0,10;0,003;0,0;0,01;0,048
237;18.07.2023;13:14:07;00:03:56;250,0;17,8;18,3;17,6;21,7;67,7;5,4;0,2;1,83E-1;-541,2;20,00;3,0;3,1;39,68;0,10;0,004;0,0;0,00;0,048
238;18.07.2023;13:14:08;00:03:57;250,0;17,9;18,4;17,6;21,7;68,8;5,5;0,2;1,81E-1;-541,2;20,00;3,0;3,1;39,68;0,10;0,007;0,0;0,00;0,049
239;18.07.2023;13:14:09;00:03:58;250,0;17,9;18,4;17,6;21,8;69,3;5,6;0,2;1,80E-1;-541,2;20,00;3,0;3,1;39,68;0,10;0,009;0,0;0,00;0,046
240;18.07.2023;13:14:10;00:03:59;250,0;17,9;18,4;17,6;21,8;70,4;5,8;0,2;1,78E-1;-541,2;20,00;3,0;3,1;39,68;0,10;0,009;0,0;0,01;0,046
241;18.07.2023;13:14:11;00:04:00;250,0;17,9;18,4;17,6;21,8;71,1;5,8;0,2;1,77E-1;-541,2;20,00;3,0;3,0;39,68;0,10;0,003;0,0;0,00;0,044
242;18.07.2023;13:14:12;00:04:01;250,0;17,9;18,4;17,6;21,8;72,2;6,0;0,2;1,76E-1;-541,2;20,00;3,0;3,0;39,68;0,10;-0,002;0,0;0,00;0,048
243;18.07.2023;13:14:13;00:04:02;250,0;17,9;18,4;17,6;21,8;73,3;6,1;0,2;1,74E-1;-541,2;20,00;3,0;3,0;39,68;0,10;-0,001;0,0;0,00;0,044
244;18.07.2023;13:14:14;00:04:03;250,0;17,9;18,4;17,6;21,8;73,8;6,2;0,2;1,73E-1;-541,2;20,00;3,0;3,1;39,68;0,10;0,002;0,0;0,01;0,046
245;18.07.2023;13:14:15;00:04:04;250,0;17,9;18,3;17,6;21,8;74,9;6,4;0,2;1,72E-1;-541,2;20,00;3,0;3,0;39,68;0,09;-0,002;0,0;0,00;0,048
246;18.07.2023;13:14:16;00:04:05;250,0;17,9;18,3;17,6;21,8;76,4;6,5;0,2;1,70E-1;-541,2;20,00;3,0;2,9;39,68;0,10;-0,003;0,0;0,00;0,049
247;18.07.2023;13:14:17;00:04:06;250,0;17,9;18,4;17,6;21,8;77,3;6,6;0,2;1,69E-1;-541,2;20,00;3,0;3,0;39,68;0,10;-0,002;0,0;0,00;0,048
248;18.07.2023;13:14:18;00:04:07;250,0;17,9;18,4;17,6;21,8;78,8;6,8;0,2;1,68E-1;-541,2;20,00;3,0;3,0;39,68;0,10;0,005;0,0;0,00;0,046
249;18.07.2023;13:14:19;00:04:08;250,0;17,9;18,4;17,6;21,8;80,3;7,0;0,2;1,66E-1;-541,2;20,00;3,0;2,9;39,68;0,10;-0,001;0,0;0,01;0,049
250;18.07.2023;13:14:20;00:04:09;250,0;17,9;18,4;17,6;21,8;81,0;7,1;0,2;1,66E-1;-541,2;20,00;3,0;2,9;39,68;0,10;0,000;0,0;0,00;0,048
251;18.07.2023;13:14:21;00:04:10;250,0;17,9;18,4;17,6;21,8;82,5;7,3;0,2;1,65E-1;-541,2;20,00;3,0;3,0;39,68;0,10;0,002;0,0;0,00;0,048
252;18.07.2023;13:14:22;00:04:11;250,0;17,9;18,4;17,6;21,8;83,3;7,4;0,2;1,64E-1;-541,2;20,00;3,0;2,9;39,68;0,10;0,003;0,0;0,00;0,046
253;18.07.2023;13:14:23;00:04:12;250,0;17,9;18,4;17,6;21,8;84,8;7,6;0,2;1,63E-1;-541,2;20,00;3,0;2,9;39,68;0,10;0,001;0,0;0,01;0,049
254;18.07.2023;13:14:24;00:04:13;250,0;17,9;18,4;17,6;21,8;86,4;7,8;0,2;1,61E-1;-541,2;20,00;3,0;3,0;39,68;0,10;-0,001;0,0;0,01;0,049
255;18.07.2023;13:14:25;00:04:14;250,0;17,9;18,4;17,6;21,8;87,1;7,9;0,2;1,61E-1;-541,2;20,00;3,0;3,0;39,68;0,10;0,002;0,0;0,01;0,047
256;18.07.2023;13:14:26;00:04:15;250,0;17,9;18,4;17,6;21,8;88,6;8,1;0,2;1,60E-1;-541,2;20,00;3,0;3,0;39,68;0,10;0,003;0,0;0,01;0,049
257;18.07.2023;13:14:27;00:04:16;250,0;17,9;18,4;17,6;21,8;90,1;8,3;0,2;1,58E-1;-541,2;20,00;3,0;3,1;39,68;0,10;0,006;0,0;0,00;0,048
258;18.07.2023;13:14:28;00:04:17;250,0;17,9;18,4;17,6;21,8;90,9;8,4;0,2;1,58E-1;-541,2;20,00;3,0;3,1;39,68;0,10;0,007;0,0;0,01;0,048
259;18.07.2023;13:14:29;00:04:18;250,0;17,8;18,3;17,6;21,7;92,4;8,6;0,2;1,57E-1;-541,2;20,00;3,0;3,0;39,68;0,10;0,002;0,0;0,00;0,045
260;18.07.2023;13:14:30;00:04:19;250,0;17,8;18,3;17,6;21,7;94,0;8,8;0,2;1,56E-1;-541,2;20,00;3,0;3,0;39,68;0,10;-0,001;0,0;0,00;0,048
261;18.07.2023;13:14:31;00:04:20;250,0;17,8;18,3;17,6;21,7;94,8;8,9;0,2;1,55E-1;-541,2;20,00;3,0;2,9;39,68;0,10;-0,001;0,0;0,01;0,048
262;18.07.2023;13:14:32;00:04:21;250,0;17,8;18,3;17,6;21,7;96,3;9,1;0,2;1,54E-1;-541,2;20,00;3,0;3,0;39,68;0,10;0,001;0,0;0,00;0,048
263;18.07.2023;13:14:33;00:04:22;250,0;17,8;18,3;17,6;21,7;97,8;9,3;0,2;1,53E-1;-541,2;20,00;3,0;3,0;39,68;0,10;0,001;0,0;0,00;0,047
264;18.07.2023;13:14:34;00:04:23;250,0;17,8;18,3;17,6;21,7;98,5;9,4;0,2;1,53E-1;-541,2;20,00;3,0;3,0;39,68;0,10;0,004;0,0;0,01;0,049
265;18.07.2023;13:14:35;00:04:24;250,0;17,8;18,3;17,6;21,7;100,0;9,6;0,2;1,52E-1;-541,2;20,00;3,0;3,0;39,68;0,10;0,004;0,0;0,00;0,046
266;18.07.2023;13:14:36;00:04:25;250,0;17,8;18,3;17,7;21,7;100,8;9,7;0,2;1,51E-1;-541,2;20,00;3,0;3,1;39,68;0,10;0,004;0,0;2,10;0,123
267;18.07.2023;13:14:37;00:04:26;250,0;17,8;18,4;17,7;21,7;102,4;9,9;0,2;1,50E-1;-541,2;20,00;3,0;3,0;39,68;0,10;0,020;0,8;3,72;0,225
268;18.07.2023;13:14:38;00:04:27;250,0;17,9;18,4;17,7;21,8;103,9;10,1;0,1;1,49E-1;-541,2;20,00;3,0;3,0;39,68;0,10;0,020;0,8;3,73;0,226
269;18.07.2023;13:14:39;00:04:28;250,2;17,9;18,4;17,7;21,8;104,6;10,3;0,1;1,49E-1;-541,2;20,00;3,0;3,0;39,68;0,10;0,019;0,9;3,75;0,229
270;18.07.2023;13:14:40;00:04:29;250,1;18,6;18,4;17,7;21,9;106,1;10,4;0,1;1,48E-1;-541,2;20,00;3,0;3,0;39,68;0,10;0,017;0,9;3,74;0,233
271;18.07.2023;13:14:41;00:04:30;250,0;20,3;18,4;17,7;21,9;107,6;10,6;0,1;1,47E-1;-541,2;20,00;3,0;3,0;39,68;0,10;0,016;0,9;3,77;0,234
272;18.07.2023;13:14:42;00:04:31;250,2;20,3;18,4;17,7;22,1;108,4;10,6;0,1;1,47E-1;-541,2;20,00;3,0;3,0;39,68;0,10;0,011;0,9;3,74;0,234
273;18.07.2023;13:14:43;00:04:32;250,1;20,3;18,4;17,7;22,1;110,0;10,8;0,1;1,46E-1;-541,2;20,00;3,0;3,0;39,68;0,10;0,010;0,9;3,79;0,234
274;18.07.2023;13:14:44;00:04:33;250,0;23,5;18,4;17,7;22,3;111,5;10,7;0,1;1,45E-1;-541,2;20,00;3,0;3,1;39,68;0,10;0,014;0,9;3,79;0,235
275;18.07.2023;13:14:45;00:04:34;250,0;23,5;18,4;17,7;22,3;112,3;10,8;0,1;1,45E-1;-541,2;20,00;3,0;3,1;39,68;0,10;0,008;0,9;3,79;0,236
276;18.07.2023;13:14:46;00:04:35;250,2;28,3;18,5;17,7;22,4;113,8;10,6;0,1;1,44E-1;-541,2;20,00;3,0;3,1;39,68;0,10;0,007;0,9;3,75;0,235
277;18.07.2023;13:14:47;00:04:36;250,1;34,1;18,6;17,7;22,4;115,3;10,3;0,1;1,43E-1;-541,2;20,00;3,0;3,0;39,68;0,10;0,009;0,9;3,75;0,237
278;18.07.2023;13:14:48;00:04:37;250,1;34,1;18,6;17,7;22,6;116,0;10,4;0,1;1,43E-1;-541,2;20,00;3,0;3,0;39,68;0,10;0,005;0,9;3,72;0,235
279;18.07.2023;13:14:49;00:04:38;250,1;34,1;18,7;17,8;22,6;117,6;10,6;0,1;1,42E-1;-541,2;20,00;3,0;3,0;39,68;0,10;0,002;0,9;3,75;0,239
280;18.07.2023;13:14:50;00:04:39;250,0;34,1;18,7;17,8;22,6;118,4;10,7;0,1;1,42E-1;-541,2;20,00;3,0;3,0;39,68;0,10;0,005;0,9;3,78;0,239
281;18.07.2023;13:14:51;00:04:40;250,0;41,0;18,7;17,8;22,7;119,9;10,3;0,1;1,41E-1;-541,2;20,00;3,0;3,0;39,68;0,10;0,003;0,9;3,74;0,237
282;18.07.2023;13:14:52;00:04:41;250,0;48,1;18,8;17,8;22,7;121,4;9,9;0,1;1,41E-1;-541,2;20,00;3,0;3,0;39,68;0,10;0,004;0,9;3,71;0,234
283;18.07.2023;13:14:53;00:04:42;250,1;48,1;18,8;17,8;22,7;122,1;10,0;0,1;1,40E-1;-541,2;20,00;3,0;2,9;39,68;0,10;0,002;0,9;3,65;0,234
284;18.07.2023;13:14:54;00:04:43;250,0;55,1;18,9;17,8;22,7;123,6;9,6;0,1;1,40E-1;-541,2;20,00;3,0;3,0;39,68;0,10;0,006;0,9;3,67;0,233
285;18.07.2023;13:14:55;00:04:44;250,2;55,1;19,0;17,8;22,8;125,3;9,8;0,1;1,39E-1;-541,2;20,00;3,0;3,0;39,68;0,10;0,006;0,9;3,65;0,234
286;18.07.2023;13:14:56;00:04:45;250,0;62,0;19,0;17,9;22,8;126,0;9,3;0,1;1,39E-1;-541,2;20,00;3,0;3,0;39,68;0,10;0,001;0,9;3,71;0,234
287;18.07.2023;13:14:57;00:04:46;250,1;62,0;19,1;18,0;22,8;127,5;9,5;0,1;1,38E-1;-541,2;20,00;3,0;2,9;39,68;0,10;0,009;0,9;3,65;0,234
288;18.07.2023;13:14:58;00:04:47;250,0;68,2;19,1;18,0;22,9;129,0;9,1;0,1;1,37E-1;-541,2;20,00;3,0;3,0;39,68;0,10;0,009;0,8;3,60;0,230
289;18.07.2023;13:14:59;00:04:48;250,0;68,2;19,3;18,0;22,9;129,8;9,2;0,1;1,37E-1;-541,2;20,00;3,0;3,0;39,68;0,10;0,012;0,8;3,59;0,230
290;18.07.2023;13:15:00;00:04:49;250,1;74,1;19,3;18,1;22,9;131,4;8,9;0,1;1,36E-1;-541,2;20,00;3,0;3,0;39,68;0,10;0,008;0,8;3,61;0,230
291;18.07.2023;13:15:01;00:04:50;250,1;74,1;19,3;18,1;22,9;132,1;9,0;0,1;1,36E-1;-541,2;20,00;3,0;3,0;39,68;0,10;0,003;0,8;3,61;0,230
292;18.07.2023;13:15:02;00:04:51;250,1;79,7;19,4;18,2;22,9;133,6;8,6;0,1;1,35E-1;-541,2;20,00;3,0;3,0;39,68;0,10;0,004;0,8;3,57;0,228
293;18.07.2023;13:15:03;00:04:52;250,0;79,7;19,5;18,3;22,9;135,1;8,8;0,1;1,35E-1;-541,2;20,00;3,0;2,9;39,68;0,10;0,005;0,8;3,60;0,230
294;18.07.2023;13:15:04;00:04:53;250,3;85,0;19,5;18,3;22,9;135,9;8,6;0,1;1,34E-1;-541,2;20,00;3,0;3,0;39,68;0,10;0,010;0,8;3,58;0,230
295;18.07.2023;13:15:05;00:04:54;250,0;85,0;19,6;18,3;22,9;137,4;8,6;0,1;1,34E-1;-541,2;20,00;3,0;3,0;39,68;0,10;0,014;0,8;3,57;0,227
296;18.07.2023;13:15:06;00:04:55;250,0;90,0;19,6;18,4;22,9;139,0;8,4;0,1;1,33E-1;-541,2;20,00;3,0;2,9;39,68;0,10;0,004;0,8;3,56;0,225
297;18.07.2023;13:15:07;00:04:56;250,2;94,8;19,7;18,5;22,9;139,8;8,2;0,1;1,33E-1;-541,2;20,00;3,0;3,0;39,68;0,10;0,004;0,8;3,52;0,225
298;18.07.2023;13:15:08;00:04:57;250,1;94,8;19,7;18,5;22,9;141,3;8,2;0,1;1,32E-1;-541,2;20,00;3,0;3,0;39,68;0,10;0,005;0,8;3,53;0,225
299;18.07.2023;13:15:09;00:04:58;250,2;94,8;19,7;18,4;22,9;142,8;8,4;0,1;1,31E-1;-541,2;20,00;3,0;3,0;39,68;0,10;0,007;0,8;3,52;0,225
300;18.07.2023;13:15:10;00:04:59;250,1;94,8;19,7;18,6;22,9;143,5;8,5;0,1;1,31E-1;-541,2;20,00;3,0;3,0;39,68;0,10;0,009;0,8;3,54;0,225
301;18.07.2023;13:15:11;00:05:00;250,0;99,7;19,7;18,6;22,9;145,0;8,2;0,1;1,31E-1;-541,2;20,00;3,0;3,1;39,68;0,10;0,013;0,8;3,49;0,225
302;18.07.2023;13:15:12;00:05:01;250,2;104,4;19,8;18,7;22,9;146,6;8,0;0,1;1,30E-1;-541,2;20,00;3,0;3,0;39,69;0,10;0,009;0,8;3,54;0,225
303;18.07.2023;13:15:13;00:05:02;250,0;104,4;19,9;18,7;22,8;147,4;8,1;0,1;1,30E-1;-541,2;20,00;3,0;3,0;39,69;0,10;0,009;0,8;3,55;0,225
304;18.07.2023;13:15:14;00:05:03;250,0;108,9;19,9;18,8;22,8;148,9;7,9;0,1;1,29E-1;-541,2;20,00;3,0;3,0;39,69;0,10;0,011;0,8;3,53;0,225
305;18.07.2023;13:15:15;00:05:04;250,0;108,9;19,9;18,8;22,8;149,6;7,9;0,1;1,29E-1;-541,2;20,00;3,0;3,0;39,69;0,10;0,004;0,8;3,48;0,225
306;18.07.2023;13:15:16;00:05:05;250,0;113,2;20,0;19,0;22,8;151,1;7,7;0,1;1,28E-1;-541,2;20,00;3,0;3,0;39,69;0,10;0,009;0,8;3,54;0,225
307;18.07.2023;13:15:17;00:05:06;250,0;113,2;20,1;19,1;22,8;152,6;7,9;0,1;1,28E-1;-541,2;20,00;3,0;3,1;39,69;0,10;0,008;0,8;3,49;0,224
308;18.07.2023;13:15:18;00:05:07;250,0;113,2;20,1;19,1;22,8;153,4;8,0;0,1;1,27E-1;-541,2;20,00;3,0;3,0;39,69;0,10;0,011;0,8;3,50;0,224
309;18.07.2023;13:15:19;00:05:08;250,1;116,9;20,1;19,1;22,8;155,0;7,8;0,1;1,27E-1;-541,2;20,00;3,0;3,0;39,69;0,10;0,012;0,8;3,44;0,223
310;18.07.2023;13:15:20;00:05:09;250,1;120,4;20,2;19,2;22,9;156,5;7,7;0,1;1,26E-1;-541,2;20,00;3,0;3,0;39,68;0,10;0,009;0,8;3,49;0,220
311;18.07.2023;13:15:21;00:05:10;250,1;120,4;20,2;19,2;22,9;157,3;7,8;0,1;1,26E-1;-541,2;20,00;3,0;3,0;39,69;0,11;0,009;0,8;3,48;0,225
312;18.07.2023;13:15:22;00:05:11;250,0;123,7;20,3;19,3;22,9;158,8;7,6;0,1;1,25E-1;-541,2;20,00;3,0;3,0;39,68;0,10;0,010;0,8;3,45;0,221
313;18.07.2023;13:15:23;00:05:12;250,0;123,7;20,4;19,3;22,9;160,3;7,8;0,1;1,24E-1;-541,2;20,00;3,0;3,0;39,69;0,10;0,009;0,8;3,47;0,222
314;18.07.2023;13:15:24;00:05:13;250,0;127,0;20,4;19,4;23,0;161,0;7,6;0,1;1,24E-1;-541,2;20,00;3,0;2,9;39,68;0,10;0,008;0,8;3,50;0,224
315;18.07.2023;13:15:25;00:05:14;250,0;130,1;20,4;19,6;23,0;162,6;7,8;0,1;1,23E-1;-541,2;20,00;3,0;3,0;39,68;0,10;0,006;0,8;3,47;0,225
316;18.07.2023;13:15:26;00:05:15;250,0;130,1;20,4;19,6;23,0;164,1;7,6;0,1;1,22E-1;-541,2;20,00;3,0;3,0;39,69;0,10;0,008;0,8;3,47;0,223
317;18.07.2023;13:15:27;00:05:16;250,1;130,1;20,5;19,7;23,0;164,9;7,7;0,1;1,22E-1;-541,2;20,00;3,0;3,0;39,69;0,10;0,005;0,8;3,49;0,223
318;18.07.2023;13:15:28;00:05:17;250,0;133,1;20,5;19,7;23,0;166,4;7,6;0,1;1,22E-1;-541,2;20,00;3,0;3,0;39,69;0,10;0,003;0,8;3,46;0,223
319;18.07.2023;13:15:29;00:05:18;250,0;133,1;20,5;19,7;23,0;167,1;7,7;0,1;1,21E-1;-541,2;20,00;3,0;3,0;39,69;0,10;0,003;0,8;3,44;0,225
320;18.07.2023;13:15:30;00:05:19;250,1;136,2;20,6;19,8;23,0;168,6;7,9;0,1;1,20E-1;-541,2;20,00;3,0;3,0;39,69;0,10;0,004;0,8;3,49;0,225
321;18.07.2023;13:15:31;00:05:20;250,0;136,2;20,6;19,8;23,0;170,3;7,8;0,1;1,20E-1;-541,2;20,00;3,0;3,0;39,69;0,10;0,003;0,8;3,44;0,223
322;18.07.2023;13:15:32;00:05:21;250,0;139,2;20,6;19,9;23,0;171,0;7,6;0,1;1,19E-1;-541,2;20,00;3,0;3,1;39,69;0,10;0,005;0,8;3,50;0,225
323;18.07.2023;13:15:33;00:05:22;250,0;139,2;20,7;20,0;23,0;172,5;7,7;0,1;1,19E-1;-541,2;20,00;3,0;3,0;39,69;0,10;0,003;0,8;3,49;0,225
324;18.07.2023;13:15:34;00:05:23;250,0;142,1;20,7;20,0;23,0;174,0;7,7;0,1;1,18E-1;-541,2;20,00;3,0;3,0;39,69;0,10;0,004;0,8;3,48;0,225
325;18.07.2023;13:15:35;00:05:24;250,0;142,1;20,7;20,0;23,0;174,8;7,7;0,1;1,18E-1;-541,2;20,00;3,0;3,0;39,69;0,10;0,006;0,8;3,51;0,225
326;18.07.2023;13:15:36;00:05:25;250,0;144,9;20,8;20,1;23,0;176,3;7,6;0,1;1,17E-1;-541,2;20,00;3,0;3,0;39,69;0,11;0,001;0,8;3,47;0,225
327;18.07.2023;13:15:37;00:05:26;250,1;147,5;20,8;20,2;23,0;177,9;7,6;0,1;1,17E-1;-541,2;20,00;3,0;3,0;39,69;0,10;0,004;0,8;3,49;0,225
328;18.07.2023;13:15:38;00:05:27;250,0;147,5;20,8;20,2;23,0;178,6;7,7;0,1;1,16E-1;-541,2;20,00;3,0;3,0;39,69;0,10;0,007;0,8;3,51;0,225
329;18.07.2023;13:15:39;00:05:28;250,0;147,5;20,8;20,2;23,0;180,1;7,8;0,1;1,16E-1;-541,2;20,00;3,0;3,0;39,69;0,11;0,006;0,8;3,45;0,225
330;18.07.2023;13:15:40;00:05:29;250,1;149,9;20,9;20,3;23,0;180,9;7,8;0,1;1,15E-1;-541,2;20,00;3,0;3,0;39,69;0,10;0,008;0,8;3,46;0,225
331;18.07.2023;13:15:41;00:05:30;250,0;149,9;20,9;20,3;23,0;182,4;7,9;0,1;1,15E-1;-541,2;20,00;3,0;3,0;39,69;0,10;0,006;0,8;3,48;0,225
332;18.07.2023;13:15:42;00:05:31;250,0;152,4;20,9;20,4;23,1;183,9;7,8;0,1;1,14E-1;-541,2;20,00;3,0;3,0;39,69;0,10;0,002;0,8;3,49;0,225
333;18.07.2023;13:15:43;00:05:32;250,0;152,4;21,0;20,4;23,1;184,8;7,9;0,1;1,14E-1;-541,2;20,00;3,0;3,0;39,69;0,10;0,005;0,8;3,48;0,225
334;18.07.2023;13:15:44;00:05:33;250,0;154,8;21,0;20,5;23,1;186,3;7,9;0,1;1,14E-1;-541,2;20,00;3,0;3,0;39,69;0,11;0,008;0,8;3,49;0,227
335;18.07.2023;13:15:45;00:05:34;250,1;157,1;21,0;20,6;23,1;187,8;8,0;0,1;1,13E-1;-541,2;20,00;3,0;3,1;39,69;0,10;0,008;0,8;3,52;0,230
336;18.07.2023;13:15:46;00:05:35;250,0;157,1;21,0;20,6;23,1;188,5;7,9;0,1;1,13E-1;-541,2;20,00;3,0;3,0;39,69;0,11;-0,002;0,8;3,49;0,226
337;18.07.2023;13:15:47;00:05:36;250,1;157,1;21,1;20,6;23,1;190,0;8,0;0,1;1,12E-1;-541,2;20,00;3,0;3,0;39,69;0,10;0,003;0,8;3,52;0,229
338;18.07.2023;13:15:48;00:05:37;250,1;159,4;21,1;20,6;23,1;191,5;8,0;0,1;1,12E-1;-541,2;20,00;3,0;3,0;39,69;0,10;0,000;0,8;3,52;0,229
339;18.07.2023;13:15:49;00:05:38;250,3;159,3;21,1;20,6;23,0;192,4;8,1;0,1;1,12E-1;-541,2;20,00;3,0;2,9;39,69;0,11;-0,004;0,8;3,49;0,230
340;18.07.2023;13:15:50;00:05:39;250,0;161,7;21,0;20,6;23,1;193,9;8,2;0,1;1,11E-1;-541,2;20,00;3,0;3,0;39,69;0,11;0,004;0,8;3,49;0,230
341;18.07.2023;13:15:51;00:05:40;250,2;161,7;21,0;20,6;23,1;195,4;8,2;0,1;1,11E-1;-541,2;20,00;3,0;3,0;39,69;0,10;0,009;0,8;3,54;0,230
342;18.07.2023;13:15:52;00:05:41;250,3;164,0;21,1;20,7;23,1;196,1;8,1;0,1;1,10E-1;-541,2;20,00;3,0;3,0;39,69;0,10;0,006;0,8;3,51;0,230
343;18.07.2023;13:15:53;00:05:42;250,1;164,0;21,1;20,8;23,1;197,6;8,2;0,1;1,10E-1;-541,2;20,00;3,0;3,0;39,69;0,10;0,002;0,8;3,52;0,230
344;18.07.2023;13:15:54;00:05:43;250,0;164,0;21,1;20,8;23,1;198,4;8,3;0,1;1,10E-1;-541,2;20,00;3,0;3,0;39,69;0,11;0,001;0,8;3,52;0,230
345;18.07.2023;13:15:55;00:05:44;250,3;166,3;21,1;20,8;23,1;200,0;8,3;0,1;1,09E-1;-541,2;20,00;3,0;2,9;39,69;0,11;0,002;0,8;3,53;0,231
346;18.07.2023;13:15:56;00:05:45;250,1;168,7;21,2;20,9;23,1;201,5;8,3;0,1;1,09E-1;-541,2;20,00;3,0;2,9;39,69;0,11;0,000;0,8;3,49;0,230
347;18.07.2023;13:15:57;00:05:46;250,1;168,7;21,2;20,9;23,1;202,3;8,3;0,1;1,09E-1;-541,2;20,00;3,0;3,0;39,69;0,10;0,001;0,8;3,50;0,231
348;18.07.2023;13:15:58;00:05:47;250,2;170,8;21,2;20,9;23,1;203,8;8,5;0,1;1,09E-1;-541,2;20,00;3,0;3,0;39,69;0,11;0,008;0,8;3,49;0,233
349;18.07.2023;13:15:59;00:05:48;250,1;170,8;21,2;20,9;23,0;205,3;8,5;0,1;1,08E-1;-541,2;20,00;3,0;2,9;39,69;0,11;0,004;0,8;3,53;0,232
350;18.07.2023;13:16:00;00:05:49;250,2;173,0;21,2;21,0;23,0;206,0;8,4;0,1;1,08E-1;-541,2;20,00;3,0;3,0;39,69;0,11;0,006;0,8;3,55;0,234
351;18.07.2023;13:16:01;00:05:50;250,2;173,0;21,3;21,0;23,0;207,6;8,5;0,1;1,07E-1;-541,2;20,00;3,0;3,0;39,69;0,11;0,000;0,8;3,54;0,234
352;18.07.2023;13:16:02;00:05:51;250,0;175,1;21,3;21,0;23,1;209,1;8,5;0,1;1,07E-1;-541,2;20,00;3,0;3,0;39,69;0,11;-0,006;0,8;3,57;0,234
353;18.07.2023;13:16:03;00:05:52;250,1;175,1;21,3;21,0;23,1;209,9;8,6;0,1;1,07E-1;-541,2;20,00;3,0;3,0;39,69;0,11;0,001;0,8;3,55;0,234
354;18.07.2023;13:16:04;00:05:53;250,3;177,1;21,3;21,1;23,1;211,4;8,6;0,1;1,06E-1;-541,2;20,00;3,0;3,0;39,69;0,11;0,003;0,8;3,56;0,234
355;18.07.2023;13:16:05;00:05:54;250,1;179,1;21,4;21,2;23,1;212,9;8,7;0,1;1,06E-1;-541,2;20,00;3,0;3,0;39,69;0,10;0,007;0,8;3,53;0,234
356;18.07.2023;13:16:06;00:05:55;250,2;179,1;21,4;21,2;23,1;213,6;8,7;0,1;1,06E-1;-541,2;20,00;3,0;3,1;39,69;0,11;0,006;0,8;3,57;0,234
357;18.07.2023;13:16:07;00:05:56;250,3;179,1;21,4;21,2;23,1;215,3;8,8;0,1;1,05E-1;-541,2;20,00;3,0;3,1;39,69;0,11;0,004;0,8;3,58;0,234
358;18.07.2023;13:16:08;00:05:57;250,0;181,1;21,4;21,2;23,1;216,0;8,8;0,1;1,05E-1;-541,2;20,00;3,0;3,0;39,69;0,11;0,003;0,8;3,59;0,236
359;18.07.2023;13:16:09;00:05:58;250,1;181,1;21,4;21,2;23,1;217,5;8,9;0,1;1,05E-1;-541,2;20,00;3,0;3,0;39,69;0,11;0,001;0,8;3,57;0,234
360;18.07.2023;13:16:10;00:05:59;250,0;183,2;21,5;21,3;23,1;219,0;8,9;0,1;1,04E-1;-541,2;20,00;3,0;3,0;39,69;0,11;0,000;0,9;3,54;0,237
361;18.07.2023;13:16:11;00:06:00;250,0;183,2;21,5;21,3;23,1;219,8;9,0;0,1;1,04E-1;-541,2;20,00;3,0;3,0;39,69;0,10;0,001;0,8;3,55;0,236
362;18.07.2023;13:16:12;00:06:01;250,1;185,3;21,5;21,3;23,1;221,3;9,0;0,1;1,04E-1;-541,2;20,00;3,0;3,0;39,69;0,10;0,002;0,9;3,60;0,239
363;18.07.2023;13:16:13;00:06:02;250,0;185,3;21,6;21,3;23,1;222,9;9,1;0,1;1,03E-1;-541,2;20,00;3,0;3,1;39,69;0,11;0,001;0,8;3,58;0,239
364;18.07.2023;13:16:14;00:06:03;250,1;185,3;21,6;21,4;23,1;223,6;9,2;0,1;1,03E-1;-541,2;20,00;3,0;3,0;39,69;0,11;0,000;0,9;3,60;0,239
365;18.07.2023;13:16:15;00:06:04;250,2;187,4;21,6;21,4;23,2;225,1;9,2;0,1;1,03E-1;-541,2;20,00;3,0;3,0;39,69;0,11;0,004;0,9;3,56;0,239
366;18.07.2023;13:16:16;00:06:05;250,0;189,4;21,6;21,4;23,2;226,6;9,2;0,1;1,02E-1;-541,2;20,00;3,0;3,0;39,69;0,11;0,001;0,9;3,60;0,239
367;18.07.2023;13:16:17;00:06:06;250,0;189,4;21,6;21,4;23,2;227,4;9,3;0,1;1,02E-1;-541,2;20,00;3,0;2,9;39,69;0,11;-0,002;0,9;3,58;0,239
368;18.07.2023;13:16:18;00:06:07;250,2;191,4;21,7;21,5;23,3;228,9;9,3;0,1;1,02E-1;-541,2;20,00;3,0;3,1;39,69;0,11;0,003;0,9;3,58;0,243
369;18.07.2023;13:16:19;00:06:08;250,1;191,4;21,7;21,5;23,3;229,6;9,3;0,1;1,01E-1;-541,2;20,00;3,0;3,0;39,69;0,11;0,001;0,9;3,59;0,239
370;18.07.2023;13:16:20;00:06:09;250,0;193,3;21,7;21,6;23,3;231,3;9,4;0,1;1,01E-1;-541,2;20,00;3,0;3,0;39,69;0,11;0,003;0,9;3,62;0,244
371;18.07.2023;13:16:21;00:06:10;250,0;193,3;21,7;21,6;23,3;232,8;9,5;0,1;1,01E-1;-541,2;20,00;3,0;3,0;39,69;0,11;-0,001;0,9;3,58;0,244
372;18.07.2023;13:16:22;00:06:11;250,0;193,3;21,7;21,6;23,3;233,5;9,6;0,1;1,00E-1;-541,2;20,00;3,0;3,0;39,69;0,11;-0,004;0,9;3,62;0,244
373;18.07.2023;13:16:23;00:06:12;250,1;195,2;21,7;21,6;23,3;235,0;9,6;0,1;1,00E-1;-541,2;20,00;3,0;3,0;39,69;0,11;-0,002;0,9;3,64;0,244
374;18.07.2023;13:16:24;00:06:13;250,1;197,1;21,8;21,7;23,2;236,5;9,6;0,1;9,98E-2;-541,2;20,00;3,0;3,0;39,69;0,10;0,003;0,9;3,62;0,244
375;18.07.2023;13:16:25;00:06:14;250,0;197,1;21,8;21,7;23,2;237,3;9,7;0,1;9,96E-2;-541,2;20,00;3,0;3,0;39,69;0,11;0,000;0,9;3,63;0,244
376;18.07.2023;13:16:26;00:06:15;250,1;198,9;21,8;21,7;23,2;238,9;9,7;0,1;9,92E-2;-541,2;20,00;3,0;3,0;39,69;0,11;0,001;0,9;3,64;0,244
377;18.07.2023;13:16:27;00:06:16;250,0;198,9;21,9;21,7;23,2;240,4;9,9;0,1;9,88E-2;-541,2;20,00;3,0;2,9;39,69;0,10;0,001;0,9;3,62;0,245
378;18.07.2023;13:16:28;00:06:17;250,0;200,8;21,9;21,7;23,2;241,1;9,8;0,1;9,86E-2;-541,2;20,00;3,0;3,0;39,69;0,11;-0,004;0,9;3,69;0,249
379;18.07.2023;13:16:29;00:06:18;250,0;200,8;21,8;21,7;23,2;242,6;10,0;0,1;9,83E-2;-541,2;20,00;3,0;2,9;39,69;0,11;-0,003;0,9;3,68;0,248
380;18.07.2023;13:16:30;00:06:19;250,0;202,8;21,9;21,8;23,2;244,1;10,0;0,1;9,79E-2;-541,2;20,00;3,0;3,0;39,69;0,11;0,005;0,9;3,66;0,249
381;18.07.2023;13:16:31;00:06:20;250,0;202,8;21,9;21,8;23,2;244,9;10,0;0,1;9,77E-2;-541,2;20,00;3,0;3,0;39,69;0,10;0,002;0,9;3,67;0,249
382;18.07.2023;13:16:32;00:06:21;250,2;204,9;21,9;21,8;23,2;246,5;10,0;0,1;9,74E-2;-541,2;20,00;3,0;3,0;39,69;0,11;-0,003;0,9;3,65;0,249
383;18.07.2023;13:16:33;00:06:22;250,0;204,9;21,9;21,8;23,2;247,3;10,1;0,1;9,72E-2;-541,2;20,00;3,0;3,0;39,69;0,10;-0,001;0,9;3,71;0,249
384;18.07.2023;13:16:34;00:06:23;250,0;206,9;22,0;21,9;23,2;248,8;10,3;0,1;9,69E-2;-541,2;20,00;3,0;3,0;39,69;0,11;-0,003;0,9;3,66;0,252
385;18.07.2023;13:16:35;00:06:24;250,2;206,9;22,0;21,9;23,2;250,3;10,3;0,1;9,65E-2;-541,2;20,00;3,0;3,0;39,69;0,11;0,003;0,9;3,71;0,250
386;18.07.2023;13:16:36;00:06:25;250,1;208,9;22,0;21,9;23,2;251,0;10,2;0,1;9,63E-2;-541,2;20,00;3,0;3,0;39,69;0,11;0,004;0,9;3,71;0,253
387;18.07.2023;13:16:37;00:06:26;250,1;208,9;22,1;21,9;23,2;252,5;10,4;0,1;9,60E-2;-541,2;20,00;3,0;3,0;39,69;0,11;0,002;0,9;3,69;0,254
388;18.07.2023;13:16:38;00:06:27;250,0;210,8;22,1;22,0;23,3;254,1;10,4;0,1;9,57E-2;-541,2;20,00;3,0;3,0;39,69;0,11;0,000;0,9;3,70;0,253
389;18.07.2023;13:16:39;00:06:28;250,1;210,8;22,1;22,0;23,3;254,9;10,5;0,1;9,55E-2;-541,2;20,00;3,0;3,0;39,69;0,11;-0,001;0,9;3,74;0,254
390;18.07.2023;13:16:40;00:06:29;250,0;212,7;22,1;22,0;23,3;256,4;10,5;0,1;9,51E-2;-541,2;20,00;3,0;3,0;39,69;0,11;0,001;0,9;3,69;0,254
391;18.07.2023;13:16:41;00:06:30;250,1;212,7;22,1;22,0;23,3;257,9;10,6;0,1;9,48E-2;-541,2;20,00;3,0;3,0;39,69;0,11;0,003;1,0;3,70;0,254
392;18.07.2023;13:16:42;00:06:31;250,0;212,7;22,1;22,0;23,3;258,6;10,7;0,1;9,46E-2;-541,2;20,00;3,0;3,0;39,69;0,10;0,006;0,9;3,71;0,254
393;18.07.2023;13:16:43;00:06:32;250,1;214,7;22,1;22,1;23,3;260,1;10,7;0,1;9,43E-2;-541,2;20,00;3,0;3,0;39,69;0,11;0,000;0,9;3,73;0,254
394;18.07.2023;13:16:44;00:06:33;250,0;216,7;22,2;22,1;23,3;261,8;10,7;0,1;9,40E-2;-541,2;20,00;3,0;3,1;39,69;0,11;0,003;0,9;3,73;0,254
395;18.07.2023;13:16:45;00:06:34;250,1;216,7;22,2;22,1;23,3;262,5;10,8;0,1;9,39E-2;-541,2;20,00;3,0;3,0;39,69;0,10;0,005;1,0;3,77;0,256
396;18.07.2023;13:16:46;00:06:35;250,1;218,7;22,2;22,2;23,3;264,0;10,9;0,1;9,35E-2;-541,2;20,00;3,0;3,0;39,69;0,11;0,004;1,0;3,75;0,259
397;18.07.2023;13:16:47;00:06:36;250,0;218,7;22,2;22,2;23,3;264,8;10,9;0,1;9,34E-2;-541,2;20,00;3,0;3,0;39,69;0,10;0,003;1,0;3,76;0,258
398;18.07.2023;13:16:48;00:06:37;250,1;220,7;22,3;22,2;23,3;266,3;10,9;0,1;9,30E-2;-541,2;20,00;3,0;3,0;39,69;0,11;-0,002;1,0;3,77;0,259
399;18.07.2023;13:16:49;00:06:38;250,1;220,7;22,2;22,2;23,3;267,8;11,1;0,1;9,27E-2;-541,2;20,00;3,0;3,0;39,69;0,11;0,000;1,0;3,75;0,258
400;18.07.2023;13:16:50;00:06:39;250,1;220,6;22,3;22,2;23,2;268,6;11,2;0,1;9,25E-2;-541,2;20,00;3,0;3,0;39,69;0,10;-0,001;1,0;3,77;0,259
401;18.07.2023;13:16:51;00:06:40;250,0;222,7;22,3;22,2;23,3;270,1;11,2;0,1;9,22E-2;-541,2;20,00;3,0;3,0;39,69;0,11;0,001;1,0;3,76;0,259
402;18.07.2023;13:16:52;00:06:41;250,1;222,7;22,3;22,3;23,3;271,6;11,4;0,1;9,19E-2;-541,2;20,00;3,0;3,0;39,69;0,11;0,004;1,0;3,77;0,261
403;18.07.2023;13:16:53;00:06:42;250,0;224,8;22,3;22,3;23,3;272,4;11,3;0,1;9,17E-2;-541,2;20,00;3,0;3,1;39,69;0,11;0,000;1,0;3,78;0,263
404;18.07.2023;13:16:54;00:06:43;250,0;226,9;22,4;22,3;23,3;273,9;11,4;0,1;9,15E-2;-541,2;20,00;3,0;3,0;39,69;0,11;-0,001;1,0;3,77;0,263
405;18.07.2023;13:16:55;00:06:44;250,1;226,9;22,4;22,3;23,3;275,4;11,4;0,1;9,11E-2;-541,2;20,00;3,0;3,0;39,69;0,11;-0,001;1,0;3,80;0,264
406;18.07.2023;13:16:56;00:06:45;250,1;228,9;22,4;22,4;23,3;276,3;11,4;0,1;9,10E-2;-541,2;20,00;3,0;3,0;39,69;0,11;-0,004;1,0;3,81;0,264
407;18.07.2023;13:16:57;00:06:46;250,1;228,9;22,4;22,4;23,4;277,8;11,5;0,1;9,08E-2;-541,2;20,00;3,0;3,0;39,69;0,11;0,001;1,0;3,82;0,264
408;18.07.2023;13:16:58;00:06:47;250,0;228,9;22,4;22,4;23,4;278,5;11,6;0,1;9,07E-2;-541,2;20,00;3,0;3,1;39,69;0,11;0,001;1,0;3,78;0,264
409;18.07.2023;13:16:59;00:06:48;250,0;230,9;22,5;22,4;23,4;280,0;11,6;0,1;9,05E-2;-541,2;20,00;3,0;3,0;39,69;0,11;0,006;1,0;3,80;0,265
410;18.07.2023;13:17:00;00:06:49;250,1;232,8;22,5;22,5;23,4;281,5;11,6;0,1;9,03E-2;-541,2;20,00;3,0;3,0;39,69;0,11;-0,002;1,0;3,81;0,268
411;18.07.2023;13:17:01;00:06:50;250,1;232,8;22,5;22,5;23,4;282,3;11,7;0,1;9,01E-2;-541,2;20,00;3,0;3,0;39,69;0,11;0,001;1,0;3,79;0,265
412;18.07.2023;13:17:02;00:06:51;250,1;234,8;22,6;22,6;23,4;283,9;11,9;0,1;8,98E-2;-541,2;20,00;3,0;3,0;39,69;0,11;0,006;1,0;3,85;0,269
413;18.07.2023;13:17:03;00:06:52;250,0;234,8;22,6;22,6;23,4;285,4;11,9;0,1;8,95E-2;-541,2;20,00;3,0;3,0;39,69;0,11;0,000;1,0;3,81;0,269
414;18.07.2023;13:17:04;00:06:53;250,0;236,8;22,6;22,6;23,4;286,1;11,9;0,1;8,93E-2;-541,2;20,00;3,0;3,0;39,69;0,11;-0,001;1,0;3,85;0,269
415;18.07.2023;13:17:05;00:06:54;250,0;236,8;22,7;22,6;23,4;287,6;12,0;0,1;8,90E-2;-541,2;20,00;3,0;2,9;39,69;0,11;-0,003;1,0;3,78;0,269
416;18.07.2023;13:17:06;00:06:55;250,1;238,7;22,7;22,7;23,4;289,1;12,0;0,1;8,88E-2;-541,2;20,00;3,0;3,0;39,69;0,11;0,000;1,0;3,82;0,269
417;18.07.2023;13:17:07;00:06:56;250,0;238,7;22,7;22,7;23,4;289,9;12,1;0,1;8,86E-2;-541,2;20,00;3,0;3,0;39,69;0,11;0,002;1,0;3,83;0,269
418;18.07.2023;13:17:08;00:06:57;250,0;240,7;22,7;22,7;23,4;291,5;12,1;0,1;8,83E-2;-541,2;20,00;3,0;3,0;39,69;0,11;0,001;1,1;3,87;0,272
419;18.07.2023;13:17:09;00:06:58;250,2;240,7;22,7;22,7;23,4;293,0;12,3;0,1;8,80E-2;-541,2;20,00;3,0;3,0;39,69;0,11;-0,001;1,0;3,84;0,274
420;18.07.2023;13:17:10;00:06:59;250,0;240,7;22,7;22,8;23,4;293,8;12,4;0,1;8,79E-2;-541,2;20,00;3,0;2,9;39,69;0,11;-0,002;1,1;3,85;0,274
421;18.07.2023;13:17:11;00:07:00;250,0;242,8;22,7;22,8;23,5;295,3;12,4;0,1;8,76E-2;-541,2;20,00;3,0;2,9;39,69;0,11;-0,004;1,1;3,86;0,274
422;18.07.2023;13:17:12;00:07:01;250,2;242,8;22,8;22,8;23,5;296,0;12,5;0,1;8,75E-2;-541,2;20,00;3,0;3,0;39,68;0,11;-0,001;1,1;3,84;0,274
423;18.07.2023;13:17:13;00:07:02;250,0;244,9;22,8;22,8;23,5;297,5;12,4;0,1;8,71E-2;-541,2;20,00;3,0;3,0;39,69;0,11;0,002;1,1;3,89;0,274
424;18.07.2023;13:17:14;00:07:03;250,1;247,1;22,8;22,9;23,5;299,1;12,5;0,1;8,69E-2;-541,2;20,00;3,0;3,0;39,69;0,11;0,004;1,1;3,92;0,277
425;18.07.2023;13:17:15;00:07:04;250,0;247,1;22,8;22,9;23,5;299,9;12,5;0,1;8,67E-2;-541,2;20,00;3,0;2,9;39,69;0,11;0,002;1,1;3,88;0,274
426;18.07.2023;13:17:16;00:07:05;250,0;249,2;22,9;22,9;23,5;301,5;12,5;0,1;8,65E-2;-541,2;20,00;3,0;3,0;39,69;0,11;-0,001;1,1;3,89;0,275
427;18.07.2023;13:17:17;00:07:06;250,2;249,2;22,9;22,9;23,5;303,1;12,7;0,1;8,62E-2;-541,2;20,00;3,0;3,1;39,69;0,11;0,005;1,1;3,90;0,277
428;18.07.2023;13:17:18;00:07:07;250,1;249,2;22,9;22,9;23,5;303,9;12,8;0,1;8,61E-2;-541,2;20,00;3,0;3,0;39,69;0,11;0,005;1,1;3,89;0,277
429;18.07.2023;13:17:19;00:07:08;250,0;251,2;22,9;23,0;23,5;305,5;12,8;0,1;8,58E-2;-541,2;20,00;3,0;3,0;39,69;0,11;0,002;1,1;3,89;0,278
430;18.07.2023;13:17:20;00:07:09;250,1;253,3;23,0;23,0;23,5;307,2;12,9;0,1;8,55E-2;-541,2;20,00;3,0;3,0;39,69;0,11;0,001;1,1;3,87;0,278
431;18.07.2023;13:17:21;00:07:10;250,1;253,3;23,0;23,0;23,5;308,0;12,9;0,1;8,54E-2;-541,2;20,00;3,0;3,0;39,69;0,11;0,001;1,1;3,88;0,278
432;18.07.2023;13:17:22;00:07:11;250,0;255,3;23,0;23,1;23,4;309,6;13,0;0,1;8,51E-2;-541,2;20,00;3,0;2,9;39,69;0,11;-0,001;1,1;3,93;0,281
433;18.07.2023;13:17:23;00:07:12;250,1;255,3;23,0;23,1;23,4;310,4;13,1;0,1;8,50E-2;-541,2;20,00;3,0;2,9;39,69;0,11;-0,001;1,1;3,93;0,281
434;18.07.2023;13:17:24;00:07:13;250,1;257,3;23,1;23,1;23,5;312,0;13,1;0,1;8,47E-2;-541,2;20,00;3,0;3,0;39,69;0,11;0,001;1,1;3,91;0,281
435;18.07.2023;13:17:25;00:07:14;250,1;257,3;23,1;23,2;23,5;313,6;13,3;0,1;8,45E-2;-541,2;20,00;3,0;3,0;39,69;0,11;0,002;1,1;3,91;0,283
436;18.07.2023;13:17:26;00:07:15;250,1;259,3;23,1;23,2;23,5;314,4;13,2;0,1;8,43E-2;-541,2;20,00;3,0;3,0;39,69;0,11;0,004;1,1;3,94;0,283
437;18.07.2023;13:17:27;00:07:16;250,1;259,3;23,1;23,2;23,5;316,1;13,4;0,1;8,41E-2;-541,2;20,00;3,0;2,9;39,69;0,11;0,002;1,1;3,93;0,283
438;18.07.2023;13:17:28;00:07:17;250,2;261,4;23,2;23,3;23,5;317,7;13,4;0,1;8,38E-2;-541,2;20,00;3,0;2,9;39,69;0,11;0,008;1,1;3,93;0,284
439;18.07.2023;13:17:29;00:07:18;250,1;261,4;23,2;23,3;23,5;318,5;13,5;0,1;8,36E-2;-541,2;20,00;3,0;2,9;39,69;0,11;0,003;1,1;3,90;0,286
440;18.07.2023;13:17:30;00:07:19;250,1;263,7;23,2;23,2;23,4;320,1;13,7;0,1;8,34E-2;-541,2;20,00;3,0;2,9;39,69;0,11;-0,002;1,1;3,95;0,286
441;18.07.2023;13:17:31;00:07:20;250,3;263,7;23,2;23,2;23,5;321,7;13,7;0,1;8,31E-2;-541,2;20,00;3,0;3,0;39,69;0,10;0,006;1,1;3,94;0,284
442;18.07.2023;13:17:32;00:07:21;250,2;263,7;23,2;23,2;23,5;322,5;13,8;0,1;8,30E-2;-541,2;20,00;3,0;3,0;39,69;0,11;0,001;1,1;3,94;0,288
443;18.07.2023;13:17:33;00:07:22;250,0;265,9;23,2;23,3;23,5;324,3;13,8;0,1;8,28E-2;-541,2;20,00;3,0;3,0;39,69;0,11;-0,002;1,1;3,98;0,288
444;18.07.2023;13:17:34;00:07:23;250,3;268,2;23,3;23,4;23,5;325,9;13,8;0,1;8,25E-2;-541,2;20,00;3,0;3,0;39,69;0,10;0,001;1,2;3,98;0,288
445;18.07.2023;13:17:35;00:07:24;250,0;268,2;23,3;23,4;23,5;326,7;13,9;0,1;8,23E-2;-541,2;20,00;3,0;3,0;39,69;0,11;-0,002;1,1;3,95;0,288
446;18.07.2023;13:17:36;00:07:25;250,2;268,2;23,3;23,4;23,5;328,3;14,1;0,1;8,21E-2;-541,2;20,00;3,0;3,0;39,69;0,11;0,000;1,2;4,00;0,292
447;18.07.2023;13:17:37;00:07:26;250,1;270,5;23,3;23,4;23,5;329,1;14,0;0,1;8,20E-2;-541,2;20,00;3,0;3,0;39,69;0,11;-0,001;1,2;4,01;0,293
448;18.07.2023;13:17:38;00:07:27;250,1;270,5;23,4;23,5;23,5;330,7;14,2;0,1;8,18E-2;-541,2;20,00;3,0;3,0;39,69;0,11;0,005;1,2;4,03;0,293
449;18.07.2023;13:17:39;00:07:28;250,1;272,6;23,4;23,5;23,5;332,4;14,2;0,1;8,14E-2;-541,2;20,00;3,0;3,1;39,69;0,11;0,002;1,2;4,01;0,292
450;18.07.2023;13:17:40;00:07:29;250,0;274,7;23,5;23,6;23,5;333,2;14,2;0,1;8,13E-2;-541,2;20,00;3,0;3,0;39,69;0,11;0,003;1,2;4,01;0,293
451;18.07.2023;13:17:41;00:07:30;250,0;274,7;23,5;23,6;23,5;334,8;14,3;0,1;8,11E-2;-541,2;20,00;3,0;3,1;39,69;0,11;0,007;1,2;4,00;0,293
452;18.07.2023;13:17:42;00:07:31;250,0;276,8;23,5;23,6;23,5;336,4;14,4;0,1;8,09E-2;-541,2;20,00;3,0;3,0;39,69;0,11;-0,001;1,2;4,00;0,294
453;18.07.2023;13:17:43;00:07:32;250,0;276,8;23,5;23,6;23,5;337,2;14,4;0,1;8,07E-2;-541,2;20,00;3,0;3,0;39,69;0,11;-0,001;1,2;3,99;0,293
454;18.07.2023;13:17:44;00:07:33;250,0;279,0;23,6;23,7;23,5;338,8;14,4;0,1;8,06E-2;-541,2;20,00;3,0;3,0;39,69;0,11;-0,003;1,2;4,02;0,294
455;18.07.2023;13:17:45;00:07:34;250,0;279,0;23,6;23,7;23,6;340,5;14,6;0,1;8,03E-2;-541,2;20,00;3,0;2,9;39,69;0,11;-0,001;1,2;4,05;0,294
456;18.07.2023;13:17:46;00:07:35;250,0;279,0;23,6;23,7;23,6;341,3;14,7;0,1;8,01E-2;-541,2;20,00;3,0;3,0;39,69;0,11;0,004;1,2;4,05;0,298
457;18.07.2023;13:17:47;00:07:36;250,0;281,1;23,6;23,7;23,6;342,9;14,7;0,1;7,99E-2;-541,2;20,00;3,0;3,1;39,69;0,11;0,001;1,2;4,04;0,298
458;18.07.2023;13:17:48;00:07:37;250,0;283,3;23,7;23,8;23,6;344,5;14,7;0,1;7,97E-2;-541,2;20,00;3,0;3,0;39,69;0,11;0,002;1,2;4,04;0,299
459;18.07.2023;13:17:49;00:07:38;250,0;283,3;23,7;23,8;23,6;345,3;14,8;0,1;7,95E-2;-541,2;20,00;3,0;3,1;39,69;0,11;0,005;1,2;4,04;0,298
460;18.07.2023;13:17:50;00:07:39;250,0;285,5;23,7;23,8;23,6;346,9;15,0;0,1;7,94E-2;-541,2;20,00;3,0;3,0;39,69;0,11;0,002;1,2;4,07;0,301
461;18.07.2023;13:17:51;00:07:40;250,0;285,5;23,7;23,8;23,6;347,9;14,9;0,1;7,92E-2;-541,2;20,00;3,0;3,0;39,69;0,11;0,000;1,2;4,04;0,300
462;18.07.2023;13:17:52;00:07:41;250,1;285,5;23,7;23,8;23,6;349,5;15,1;0,1;7,90E-2;-541,2;20,00;3,0;2,9;39,69;0,11;0,000;1,2;4,03;0,299
463;18.07.2023;13:17:53;00:07:42;250,0;287,9;23,7;23,9;23,6;351,1;15,1;0,1;7,88E-2;-541,2;20,00;3,0;3,0;39,69;0,10;0,002;1,2;4,05;0,303
464;18.07.2023;13:17:54;00:07:43;250,0;287,9;23,7;23,9;23,6;351,9;15,2;0,1;7,87E-2;-541,2;20,00;3,0;3,0;39,69;0,11;-0,001;1,2;4,08;0,302
465;18.07.2023;13:17:55;00:07:44;250,0;290,2;23,8;23,9;23,6;353,5;15,2;0,1;7,84E-2;-541,2;20,00;3,0;3,0;39,69;0,10;0,004;1,2;4,07;0,303
466;18.07.2023;13:17:56;00:07:45;250,0;290,2;23,8;24,0;23,6;355,1;15,4;0,1;7,83E-2;-541,2;20,00;3,0;3,0;39,69;0,11;0,002;1,2;4,07;0,303
467;18.07.2023;13:17:57;00:07:46;250,0;292,6;23,8;24,0;23,6;356,0;15,3;0,1;7,82E-2;-541,2;20,00;3,0;3,1;39,69;0,11;0,000;1,2;4,10;0,306
468;18.07.2023;13:17:58;00:07:47;250,0;294,8;23,9;24,1;23,6;357,6;15,5;0,1;7,79E-2;-541,2;20,00;3,0;3,0;39,69;0,10;0,005;1,3;4,09;0,306
469;18.07.2023;13:17:59;00:07:48;250,0;294,8;23,9;24,1;23,6;359,2;15,5;0,1;7,78E-2;-541,2;20,00;3,0;3,0;39,69;0,11;0,001;1,3;4,13;0,307
470;18.07.2023;13:18:00;00:07:49;250,1;297,0;24,0;24,1;23,6;360,0;15,5;0,1;7,77E-2;-541,2;20,00;3,0;3,0;39,69;0,11;0,004;1,3;4,10;0,308
471;18.07.2023;13:18:01;00:07:50;250,2;297,0;24,0;24,1;23,6;361,6;15,6;0,1;7,75E-2;-541,2;20,00;3,0;3,0;39,69;0,11;-0,001;1,3;4,08;0,313
472;18.07.2023;13:18:02;00:07:51;250,1;297,0;24,0;24,1;23,6;362,4;15,7;0,1;7,74E-2;-541,2;20,00;3,0;2,9;39,69;0,11;0,000;1,3;4,10;0,308
473;18.07.2023;13:18:03;00:07:52;250,2;299,3;24,0;24,2;23,7;364,1;15,7;0,1;7,73E-2;-541,2;20,00;3,0;2,9;39,69;0,11;-0,002;1,3;4,14;0,310
474;18.07.2023;13:18:04;00:07:53;250,3;301,5;24,1;24,3;23,7;365,7;15,7;0,1;7,70E-2;-541,2;20,00;3,0;2,9;39,69;0,11;-0,002;1,3;4,12;0,313
475;18.07.2023;13:18:05;00:07:54;250,2;301,5;24,1;24,3;23,7;366,5;15,8;0,1;7,70E-2;-541,2;20,00;3,0;2,9;39,69;0,11;-0,001;1,3;4,08;0,311
476;18.07.2023;13:18:06;00:07:55;250,0;301,5;24,1;24,3;23,7;368,1;16,0;0,1;7,68E-2;-541,2;20,00;3,0;3,0;39,69;0,11;0,004;1,3;4,15;0,311
477;18.07.2023;13:18:07;00:07:56;250,1;303,8;24,1;24,3;23,7;369,7;16,0;0,1;7,66E-2;-541,2;20,00;3,0;3,0;39,69;0,11;0,009;1,3;4,15;0,313
478;18.07.2023;13:18:08;00:07:57;250,1;306,0;24,2;24,4;23,7;370,5;16,0;0,1;7,65E-2;-541,2;20,00;3,0;3,0;39,69;0,11;0,004;1,3;4,13;0,313
479;18.07.2023;13:18:09;00:07:58;250,1;306,0;24,3;24,4;23,7;372,3;16,1;0,1;7,64E-2;-541,2;20,00;3,0;3,0;39,69;0,11;0,003;1,3;4,15;0,313
480;18.07.2023;13:18:10;00:07:59;250,1;308,5;24,4;24,6;23,8;373,9;16,2;0,1;7,61E-2;-541,2;20,00;3,0;3,0;39,69;0,11;-0,002;1,3;4,19;0,317
481;18.07.2023;13:18:11;00:08:00;250,1;308,5;24,4;24,6;23,8;374,7;16,2;0,1;7,60E-2;-541,2;20,00;3,0;3,0;39,69;0,11;-0,003;1,3;4,17;0,316
482;18.07.2023;13:18:12;00:08:01;250,1;308,5;24,4;24,6;23,8;376,3;16,4;0,1;7,59E-2;-541,2;20,00;3,0;3,0;39,69;0,11;0,002;1,3;4,16;0,317
483;18.07.2023;13:18:13;00:08:02;250,1;311,0;24,4;24,6;23,8;377,9;16,4;0,1;7,58E-2;-541,2;20,00;3,0;3,0;39,69;0,11;-0,002;1,3;4,21;0,317
484;18.07.2023;13:18:14;00:08:03;250,2;311,0;24,5;24,6;23,8;378,7;16,5;0,1;7,56E-2;-541,2;20,00;3,0;3,0;39,69;0,11;0,001;1,3;4,18;0,317
485;18.07.2023;13:18:15;00:08:04;250,0;313,5;24,5;24,7;23,8;380,4;16,5;0,1;7,54E-2;-541,2;20,00;3,0;2,9;39,69;0,11;0,002;1,3;4,20;0,318
486;18.07.2023;13:18:16;00:08:05;250,1;313,5;24,5;24,7;23,8;381,2;16,6;0,1;7,54E-2;-541,2;20,00;3,0;3,0;39,69;0,11;0,003;1,3;4,15;0,317
487;18.07.2023;13:18:17;00:08:06;250,0;316,0;24,5;24,8;23,9;382,8;16,6;0,1;7,52E-2;-541,2;20,00;3,0;3,0;39,69;0,11;0,002;1,3;4,18;0,319
488;18.07.2023;13:18:18;00:08:07;250,1;318,4;24,6;24,8;23,9;384,4;16,7;0,1;7,50E-2;-541,2;20,00;3,0;3,0;39,69;0,11;-0,002;1,3;4,17;0,322
489;18.07.2023;13:18:19;00:08:08;250,1;318,4;24,6;24,8;23,9;385,2;16,7;0,1;7,49E-2;-541,2;20,00;3,0;3,0;39,69;0,11;-0,005;1,4;4,22;0,322
490;18.07.2023;13:18:20;00:08:09;250,2;318,4;24,6;24,9;23,9;386,8;16,9;0,1;7,48E-2;-541,2;20,00;3,0;3,0;39,69;0,11;-0,002;1,4;4,19;0,322
491;18.07.2023;13:18:21;00:08:10;250,1;320,8;24,6;24,9;23,9;388,5;16,9;0,1;7,46E-2;-541,2;20,00;3,0;3,0;39,69;0,11;-0,002;1,4;4,20;0,322
492;18.07.2023;13:18:22;00:08:11;250,1;320,8;24,7;24,9;23,9;389,3;17,0;0,1;7,45E-2;-541,2;20,00;3,0;3,0;39,69;0,11;-0,004;1,4;4,22;0,322
493;18.07.2023;13:18:23;00:08:12;250,0;323,2;24,7;25,0;23,9;390,9;17,0;0,1;7,44E-2;-541,2;20,00;3,0;3,0;39,69;0,11;0,002;1,4;4,21;0,322
494;18.07.2023;13:18:24;00:08:13;250,1;323,2;24,8;25,1;23,9;392,5;17,2;0,1;7,43E-2;-541,2;20,00;3,0;3,0;39,69;0,11;0,001;1,4;4,22;0,326
495;18.07.2023;13:18:25;00:08:14;250,0;325,5;24,8;25,1;23,9;393,3;17,1;0,1;7,41E-2;-541,2;20,00;3,0;2,9;39,69;0,11;0,000;1,4;4,24;0,324
496;18.07.2023;13:18:26;00:08:15;250,1;327,9;24,8;25,1;23,9;394,9;17,3;0,1;7,40E-2;-541,2;20,00;3,0;3,0;39,69;0,11;0,000;1,4;4,25;0,327
497;18.07.2023;13:18:27;00:08:16;250,0;327,9;24,8;25,1;23,9;396,7;17,3;0,1;7,39E-2;-541,2;20,00;3,0;3,0;39,69;0,11;0,003;1,4;4,24;0,327
498;18.07.2023;13:18:28;00:08:17;250,0;330,2;24,9;25,2;23,9;397,5;17,2;0,1;7,38E-2;-541,2;20,00;3,0;3,0;39,69;0,11;0,006;1,4;4,25;0,327
499;18.07.2023;13:18:29;00:08:18;250,1;330,2;24,8;25,1;23,9;399,1;17,4;0,1;7,35E-2;-541,2;20,00;3,0;3,0;39,69;0,11;0,000;1,4;4,20;0,327
500;18.07.2023;13:18:30;00:08:19;250,0;330,1;24,8;25,1;23,9;399,9;17,5;0,1;7,35E-2;-541,2;20,00;3,0;3,0;39,69;0,11;-0,003;1,4;4,26;0,327
501;18.07.2023;13:18:31;00:08:20;250,0;332,7;24,9;25,2;23,9;401,5;17,6;0,1;7,34E-2;-541,2;20,00;3,0;3,0;39,69;0,11;-0,003;1,4;4,27;0,332
502;18.07.2023;13:18:32;00:08:21;250,0;332,7;24,9;25,2;23,9;403,1;17,7;0,1;7,33E-2;-541,2;20,00;3,0;3,0;39,69;0,11;-0,002;1,4;4,25;0,330
503;18.07.2023;13:18:33;00:08:22;250,3;335,2;24,9;25,2;23,9;404,0;17,6;0,1;7,32E-2;-541,2;20,00;3,0;3,0;39,69;0,11;0,000;1,4;4,30;0,332
504;18.07.2023;13:18:34;00:08:23;250,2;337,8;25,0;25,3;23,9;405,6;17,8;0,1;7,31E-2;-541,2;20,00;3,0;3,0;39,69;0,11;-0,001;1,4;4,27;0,332
505;18.07.2023;13:18:35;00:08:24;250,2;337,8;25,0;25,3;23,9;407,2;17,7;0,1;7,30E-2;-541,2;20,00;3,0;3,0;39,69;0,11;0,002;1,4;4,28;0,332
506;18.07.2023;13:18:36;00:08:25;250,0;337,8;25,0;25,3;23,9;408,0;17,8;0,1;7,30E-2;-541,2;20,00;3,0;2,9;39,69;0,11;-0,001;1,4;4,25;0,332
507;18.07.2023;13:18:37;00:08:26;250,1;340,3;25,0;25,4;23,9;409,6;17,8;0,1;7,29E-2;-541,2;20,00;3,0;2,9;39,69;0,11;-0,005;1,4;4,26;0,333
508;18.07.2023;13:18:38;00:08:27;250,0;342,7;25,1;25,4;23,9;411,2;17,9;0,1;7,27E-2;-541,2;20,00;3,0;3,0;39,69;0,11;0,005;1,4;4,25;0,333
509;18.07.2023;13:18:39;00:08:28;250,1;342,7;25,1;25,4;23,9;412,1;17,9;0,1;7,26E-2;-541,2;20,00;3,0;3,0;39,69;0,11;0,002;1,4;4,25;0,332
510;18.07.2023;13:18:40;00:08:29;250,0;342,7;25,2;25,5;23,9;413,7;18,1;0,1;7,25E-2;-541,2;20,00;3,0;3,0;39,69;0,11;0,000;1,4;4,28;0,337
511;18.07.2023;13:18:41;00:08:30;250,2;345,2;25,2;25,5;23,9;414,5;18,1;0,1;7,24E-2;-541,2;20,00;3,0;3,0;39,69;0,11;0,001;1,4;4,32;0,337
512;18.07.2023;13:18:42;00:08:31;250,1;345,2;25,2;25,5;23,9;416,1;18,2;0,1;7,23E-2;-541,2;20,00;3,0;3,0;39,69;0,11;-0,001;1,4;4,29;0,337
513;18.07.2023;13:18:43;00:08:32;250,2;347,6;25,2;25,6;24,0;417,7;18,2;0,1;7,21E-2;-541,2;20,00;3,0;2,9;39,69;0,11;-0,001;1,4;4,28;0,336
514;18.07.2023;13:18:44;00:08:33;250,1;350,0;25,3;25,6;24,0;418,5;18,3;0,1;7,20E-2;-541,2;20,00;3,0;3,0;39,69;0,11;0,000;1,4;4,33;0,337
515;18.07.2023;13:18:45;00:08:34;250,2;350,0;25,3;25,6;24,0;420,3;18,3;0,1;7,19E-2;-541,2;20,00;3,0;3,0;39,69;0,11;0,003;1,5;4,27;0,337
516;18.07.2023;13:18:46;00:08:35;250,0;352,4;25,3;25,7;24,0;421,9;18,4;0,1;7,17E-2;-541,2;20,00;3,0;3,0;39,69;0,11;0,003;1,5;4,33;0,342
517;18.07.2023;13:18:47;00:08:36;250,1;352,4;25,3;25,7;24,0;422,7;18,4;0,1;7,16E-2;-541,2;20,00;3,0;3,0;39,69;0,11;-0,003;1,5;4,30;0,340
518;18.07.2023;13:18:48;00:08:37;250,1;354,8;25,4;25,8;24,0;424,3;18,4;0,1;7,15E-2;-541,2;20,00;3,0;3,0;39,69;0,11;0,000;1,5;4,30;0,342
519;18.07.2023;13:18:49;00:08:38;250,1;354,8;25,4;25,8;24,0;425,9;18,6;0,1;7,14E-2;-541,2;20,00;3,0;2,9;39,69;0,11;0,000;1,5;4,29;0,341
520;18.07.2023;13:18:50;00:08:39;250,1;354,8;25,4;25,8;24,0;426,7;18,7;0,1;7,13E-2;-541,2;20,00;3,0;3,0;39,69;0,11;0,005;1,5;4,34;0,342
521;18.07.2023;13:18:51;00:08:40;250,3;357,4;25,5;25,9;24,0;428,4;18,7;0,1;7,11E-2;-541,2;20,00;3,0;3,0;39,69;0,11;0,006;1,5;4,31;0,342
522;18.07.2023;13:18:52;00:08:41;250,0;357,4;25,6;25,9;24,0;430,0;18,9;0,1;7,10E-2;-541,2;20,00;3,0;3,0;39,69;0,11;0,011;1,5;4,31;0,342
523;18.07.2023;13:18:53;00:08:42;250,0;360,0;25,6;26,0;24,0;430,8;18,8;0,1;7,09E-2;-541,2;20,00;3,0;3,1;39,69;0,11;0,013;1,5;4,36;0,344
524;18.07.2023;13:18:54;00:08:43;250,2;362,6;25,6;26,0;24,0;432,4;19,0;0,1;7,08E-2;-541,2;20,00;3,0;3,0;39,69;0,11;0,021;1,5;4,35;0,347
525;18.07.2023;13:18:55;00:08:44;250,0;362,6;25,6;26,0;24,0;433,2;18,9;0,1;7,07E-2;-541,2;20,00;3,0;3,0;39,69;0,11;0,024;1,5;4,38;0,346
526;18.07.2023;13:18:56;00:08:45;250,1;362,6;25,7;26,1;24,0;434,8;19,1;0,1;7,05E-2;-541,2;20,00;3,0;3,0;39,70;0,11;0,033;1,5;4,33;0,347
527;18.07.2023;13:18:57;00:08:46;250,0;365,1;25,7;26,1;24,0;436,5;19,1;0,1;7,04E-2;-541,2;20,00;3,0;3,0;39,70;0,11;0,042;1,5;4,32;0,347
528;18.07.2023;13:18:58;00:08:47;250,0;365,1;25,7;26,1;24,0;437,3;19,2;0,1;7,03E-2;-541,2;20,00;3,0;3,0;39,70;0,12;0,045;1,5;4,33;0,347
529;18.07.2023;13:18:59;00:08:48;250,1;367,6;25,7;26,2;24,1;438,9;19,2;0,1;7,02E-2;-541,2;20,00;3,0;3,0;39,70;0,12;0,054;1,5;4,34;0,347
530;18.07.2023;13:19:00;00:08:49;250,1;367,6;25,8;26,2;24,1;440,5;19,4;0,1;7,00E-2;-541,2;20,00;3,0;3,0;39,70;0,12;0,070;1,5;4,35;0,352
531;18.07.2023;13:19:01;00:08:50;250,1;370,1;25,8;26,3;24,1;441,3;19,3;0,1;7,00E-2;-541,2;20,00;3,0;3,0;39,70;0,12;0,070;1,5;4,39;0,350
532;18.07.2023;13:19:02;00:08:51;250,1;370,1;25,9;26,3;24,1;442,9;19,4;0,1;6,98E-2;-541,2;20,00;3,0;2,9;39,71;0,12;0,087;1,5;4,33;0,351
533;18.07.2023;13:19:03;00:08:52;250,0;372,6;25,9;26,3;24,1;444,7;19,4;0,1;6,97E-2;-541,2;20,00;3,0;3,0;39,71;0,12;0,115;1,5;4,38;0,352
534;18.07.2023;13:19:04;00:08:53;250,0;372,6;25,9;26,3;24,1;445,5;19,5;0,1;6,96E-2;-541,2;20,00;3,0;3,0;39,71;0,13;0,117;1,5;4,40;0,352
535;18.07.2023;13:19:05;00:08:54;250,2;375,2;25,9;26,4;24,1;447,1;19,5;0,1;6,95E-2;-541,2;20,00;3,0;3,0;39,71;0,13;0,134;1,5;4,41;0,352
536;18.07.2023;13:19:06;00:08:55;250,0;377,7;26,0;26,5;24,1;448,7;19,6;0,1;6,94E-2;-541,2;20,00;3,0;3,0;39,71;0,13;0,142;1,6;4,37;0,355
537;18.07.2023;13:19:07;00:08:56;250,0;377,7;26,0;26,5;24,1;449,5;19,6;0,1;6,93E-2;-541,2;20,00;3,0;2,9;39,72;0,13;0,144;1,6;4,40;0,352
538;18.07.2023;13:19:08;00:08:57;250,1;377,7;26,0;26,6;24,1;451,1;19,8;0,1;6,91E-2;-541,2;20,00;3,0;2,9;39,72;0,14;0,150;1,6;4,44;0,356
539;18.07.2023;13:19:09;00:08:58;250,1;380,1;26,0;26,6;24,1;451,9;19,8;0,1;6,90E-2;-541,2;20,00;3,0;3,0;39,72;0,14;0,153;1,6;4,42;0,357
540;18.07.2023;13:19:10;00:08:59;250,0;380,1;26,0;26,6;24,1;453,6;19,9;0,1;6,89E-2;-541,2;20,00;3,0;3,0;39,73;0,14;0,150;1,6;4,39;0,357
541;18.07.2023;13:19:11;00:09:00;250,1;382,7;26,0;26,6;24,1;455,2;19,9;0,1;6,88E-2;-541,2;20,00;3,0;2,9;39,73;0,15;0,152;1,6;4,44;0,360
542;18.07.2023;13:19:12;00:09:01;250,0;382,7;26,0;26,6;24,1;456,0;20,0;0,1;6,87E-2;-541,2;20,00;3,0;3,0;39,73;0,15;0,152;1,6;4,45;0,360
543;18.07.2023;13:19:13;00:09:02;250,0;385,4;26,1;26,7;24,1;457,6;20,0;0,1;6,86E-2;-541,2;20,00;3,0;3,0;39,73;0,15;0,153;1,6;4,38;0,358
544;18.07.2023;13:19:14;00:09:03;250,1;385,4;26,2;26,7;24,1;459,2;20,2;0,1;6,85E-2;-541,2;20,00;3,0;2,9;39,74;0,15;0,159;1,6;4,42;0,361
545;18.07.2023;13:19:15;00:09:04;250,1;385,4;26,2;26,7;24,1;460,0;20,3;0,1;6,85E-2;-541,2;20,00;3,0;3,0;39,74;0,16;0,157;1,6;4,43;0,361
546;18.07.2023;13:19:16;00:09:05;250,0;388,0;26,2;26,7;24,1;461,6;20,3;0,1;6,83E-2;-541,2;20,00;3,0;3,0;39,74;0,16;0,160;1,6;4,41;0,361
547;18.07.2023;13:19:17;00:09:06;250,1;390,6;26,2;26,8;24,1;463,3;20,3;0,1;6,81E-2;-541,2;20,00;3,0;3,0;39,75;0,16;0,159;1,6;4,44;0,361
548;18.07.2023;13:19:18;00:09:07;250,1;390,6;26,3;26,8;24,1;464,1;20,4;0,1;6,81E-2;-541,2;20,00;3,0;3,1;39,75;0,17;0,160;1,6;4,45;0,361
549;18.07.2023;13:19:19;00:09:08;250,2;393,1;26,3;26,9;24,2;465,7;20,3;0,1;6,80E-2;-541,2;20,00;3,0;3,0;39,75;0,17;0,171;1,6;4,40;0,362
550;18.07.2023;13:19:20;00:09:09;250,0;393,1;26,4;26,9;24,2;467,3;20,6;0,1;6,78E-2;-541,2;20,00;3,0;3,0;39,75;0,17;0,171;1,6;4,45;0,364
551;18.07.2023;13:19:21;00:09:10;250,1;395,6;26,4;27,0;24,2;468,1;20,4;0,1;6,78E-2;-541,2;20,00;3,0;3,0;39,76;0,17;0,171;1,6;4,45;0,366
552;18.07.2023;13:19:22;00:09:11;250,0;398,1;26,4;27,1;24,2;469,7;20,6;0,1;6,76E-2;-541,2;20,00;3,0;3,0;39,76;0,18;0,166;1,6;4,46;0,366
553;18.07.2023;13:19:23;00:09:12;250,1;398,1;26,4;27,1;24,2;470,7;20,5;0,1;6,76E-2;-541,2;20,00;3,0;3,0;39,76;0,18;0,167;1,6;4,45;0,366
554;18.07.2023;13:19:24;00:09:13;250,0;398,1;26,5;27,2;24,2;472,3;20,7;0,1;6,75E-2;-541,2;20,00;3,0;3,0;39,77;0,18;0,169;1,6;4,47;0,366
555;18.07.2023;13:19:25;00:09:14;250,2;400,6;26,5;27,2;24,2;473,9;20,7;0,1;6,73E-2;-541,2;20,00;3,0;3,0;39,77;0,19;0,177;1,6;4,46;0,368
556;18.07.2023;13:19:26;00:09:15;250,1;400,6;26,5;27,2;24,2;474,7;20,8;0,1;6,72E-2;-541,2;20,00;3,0;3,0;39,77;0,19;0,179;1,7;4,48;0,366
557;18.07.2023;13:19:27;00:09:16;250,1;403,1;26,6;27,2;24,2;476,3;20,8;0,1;6,71E-2;-541,2;20,00;3,0;3,0;39,77;0,19;0,177;1,7;4,46;0,366
558;18.07.2023;13:19:28;00:09:17;250,0;405,6;26,6;27,3;24,2;477,9;20,8;0,1;6,70E-2;-541,2;20,00;3,0;3,0;39,78;0,20;0,191;1,6;4,44;0,369
559;18.07.2023;13:19:29;00:09:18;250,2;405,6;26,6;27,3;24,2;478,8;20,9;0,1;6,70E-2;-541,2;20,00;3,0;2,9;39,78;0,20;0,192;1,7;4,51;0,370
560;18.07.2023;13:19:30;00:09:19;250,1;405,6;26,6;27,3;24,1;480,4;21,1;0,1;6,69E-2;-541,2;20,00;3,0;3,0;39,78;0,20;0,199;1,7;4,48;0,371
561;18.07.2023;13:19:31;00:09:20;250,2;408,2;26,6;27,3;24,1;482,0;21,1;0,1;6,67E-2;-541,2;20,00;3,0;3,0;39,79;0,21;0,198;1,7;4,48;0,372
562;18.07.2023;13:19:32;00:09:21;250,3;408,2;26,6;27,3;24,1;482,8;21,2;0,1;6,66E-2;-541,2;20,00;3,0;3,0;39,79;0,21;0,196;1,7;4,50;0,371
563;18.07.2023;13:19:33;00:09:22;250,3;410,9;26,7;27,4;24,2;484,4;21,2;0,1;6,65E-2;-541,2;20,00;3,0;3,0;39,80;0,21;0,212;1,7;4,50;0,372
564;18.07.2023;13:19:34;00:09:23;250,0;410,9;26,7;27,4;24,2;485,2;21,3;0,1;6,65E-2;-541,2;20,00;3,0;3,0;39,80;0,22;0,208;1,7;4,54;0,371
565;18.07.2023;13:19:35;00:09:24;250,3;413,6;26,8;27,5;24,2;486,9;21,3;0,1;6,64E-2;-541,2;20,00;3,0;2,9;39,80;0,22;0,208;1,7;4,48;0,372
566;18.07.2023;13:19:36;00:09:25;250,1;413,6;26,8;27,5;24,2;488,5;21,5;0,1;6,62E-2;-541,2;20,00;3,0;2,9;39,81;0,22;0,216;1,7;4,49;0,376
567;18.07.2023;13:19:37;00:09:26;250,1;416,2;26,8;27,6;24,2;489,3;21,4;0,1;6,62E-2;-541,2;20,00;3,0;2,9;39,81;0,23;0,216;1,7;4,51;0,376
568;18.07.2023;13:19:38;00:09:27;250,3;416,2;26,9;27,6;24,2;490,9;21,6;0,1;6,61E-2;-541,2;20,00;3,0;2,9;39,82;0,23;0,219;1,7;4,51;0,377
569;18.07.2023;13:19:39;00:09:28;250,2;418,7;26,9;27,6;24,2;492,5;21,5;0,1;6,60E-2;-541,2;20,00;3,0;3,0;39,82;0,24;0,220;1,7;4,52;0,376
570;18.07.2023;13:19:40;00:09:29;250,1;418,7;27,0;27,6;24,2;493,3;21,7;0,1;6,59E-2;-541,2;20,00;3,0;3,0;39,82;0,24;0,226;1,7;4,51;0,377
571;18.07.2023;13:19:41;00:09:30;250,0;421,2;27,0;27,7;24,2;495,1;21,7;0,1;6,58E-2;-541,2;20,00;3,0;3,0;39,83;0,24;0,238;1,7;4,53;0,380
572;18.07.2023;13:19:42;00:09:31;250,1;423,7;27,0;27,8;24,2;496,7;21,8;0,1;6,56E-2;-541,2;20,00;3,0;3,0;39,83;0,25;0,255;1,7;4,54;0,380
573;18.07.2023;13:19:43;00:09:32;250,0;423,7;27,0;27,8;24,2;497,5;21,7;0,1;6,56E-2;-541,2;20,00;3,0;3,1;39,84;0,25;0,266;1,7;4,50;0,378
574;18.07.2023;13:19:44;00:09:33;250,0;423,7;27,1;27,9;24,2;499,1;22,0;0,1;6,55E-2;-541,2;20,00;3,0;3,0;39,84;0,26;0,275;1,7;4,53;0,381
575;18.07.2023;13:19:45;00:09:34;250,1;426,2;27,1;27,9;24,3;500,8;22,0;0,1;6,54E-2;-541,2;20,00;3,0;3,0;39,85;0,26;0,265;1,7;4,53;0,381
576;18.07.2023;13:19:46;00:09:35;250,2;426,2;27,1;27,9;24,3;501,8;22,1;0,1;6,53E-2;-541,2;20,00;3,0;3,0;39,85;0,27;0,266;1,7;4,60;0,381
577;18.07.2023;13:19:47;00:09:36;250,0;428,8;27,1;28,0;24,3;504,0;22,1;0,1;6,52E-2;-541,2;20,00;3,0;3,0;39,85;0,28;0,266;1,7;4,49;0,381
578;18.07.2023;13:19:48;00:09:37;250,1;428,8;27,2;28,0;24,3;505,0;22,2;0,1;6,51E-2;-541,2;20,00;3,0;3,0;39,86;0,27;0,270;1,7;4,54;0,384
579;18.07.2023;13:19:49;00:09:38;250,0;431,4;27,2;28,0;24,3;507,0;22,3;0,1;6,51E-2;-541,2;20,00;3,0;3,0;39,86;0,28;0,282;1,8;4,59;0,386
580;18.07.2023;13:19:50;00:09:39;250,0;431,4;27,2;28,0;24,3;509,0;22,5;0,1;6,50E-2;-541,2;20,00;3,0;3,0;39,87;0,29;0,288;1,8;4,55;0,386
581;18.07.2023;13:19:51;00:09:40;250,0;431,4;27,2;28,0;24,3;510,0;22,6;0,1;6,49E-2;-541,2;20,00;3,0;3,0;39,87;0,29;0,289;1,8;4,54;0,386
582;18.07.2023;13:19:52;00:09:41;250,0;434,1;27,2;28,1;24,3;512,0;22,6;0,1;6,47E-2;-541,2;20,00;3,0;3,0;39,88;0,30;0,291;1,8;4,58;0,388
583;18.07.2023;13:19:53;00:09:42;250,2;436,9;27,3;28,2;24,3;514,2;22,6;0,1;6,46E-2;-541,2;20,00;3,0;3,0;39,89;0,31;0,296;1,8;4,58;0,388
584;18.07.2023;13:19:54;00:09:43;250,1;436,9;27,3;28,2;24,3;515,2;22,8;0,1;6,46E-2;-541,2;20,00;3,0;2,9;39,89;0,31;0,296;1,8;4,58;0,391
585;18.07.2023;13:19:55;00:09:44;250,2;439,6;27,4;28,3;24,3;517,2;22,9;0,1;6,45E-2;-541,2;20,00;3,0;3,0;39,90;0,31;0,305;1,8;4,59;0,391
586;18.07.2023;13:19:56;00:09:45;250,2;439,6;27,4;28,3;24,3;519,2;23,0;0,1;6,45E-2;-541,2;20,00;3,0;3,0;39,90;0,32;0,311;1,8;4,61;0,391
587;18.07.2023;13:19:57;00:09:46;250,0;442,3;27,4;28,3;24,3;520,2;22,9;0,1;6,44E-2;-541,2;20,00;3,0;2,9;39,91;0,32;0,318;1,8;4,62;0,394
588;18.07.2023;13:19:58;00:09:47;250,1;442,3;27,5;28,4;24,3;522,2;23,1;0,1;6,42E-2;-541,2;20,00;3,0;3,1;39,92;0,33;0,344;1,8;4,60;0,396
589;18.07.2023;13:19:59;00:09:48;250,1;444,9;27,5;28,4;24,3;524,3;23,2;0,1;6,42E-2;-541,2;20,00;3,0;3,0;39,92;0,34;0,341;1,8;4,62;0,395
590;18.07.2023;13:20:00;00:09:49;250,2;444,9;27,5;28,4;24,3;525,3;23,3;0,1;6,41E-2;-541,2;20,00;3,0;2,9;39,92;0,34;0,332;1,8;4,62;0,396
591;18.07.2023;13:20:01;00:09:50;250,0;447,5;27,6;28,5;24,4;527,3;23,3;0,1;6,41E-2;-541,2;20,00;3,0;3,0;39,93;0,35;0,331;1,8;4,62;0,396
592;18.07.2023;13:20:02;00:09:51;250,2;447,5;27,6;28,5;24,4;528,3;23,5;0,1;6,40E-2;-541,2;20,00;3,0;3,0;39,93;0,35;0,334;1,8;4,63;0,398
593;18.07.2023;13:20:03;00:09:52;250,0;450,1;27,6;28,6;24,4;530,3;23,5;0,1;6,39E-2;-541,2;20,00;3,0;3,0;39,95;0,36;0,351;1,9;4,63;0,396
594;18.07.2023;13:20:04;00:09:53;250,2;450,1;27,7;28,6;24,4;532,3;23,7;0,1;6,39E-2;-541,2;20,00;3,0;3,0;39,95;0,37;0,381;1,9;4,64;0,400
595;18.07.2023;13:20:05;00:09:54;250,0;452,7;27,7;28,7;24,4;533,3;23,7;0,1;6,38E-2;-541,2;20,00;3,0;2,9;39,96;0,38;0,391;1,9;4,67;0,404
596;18.07.2023;13:20:06;00:09:55;250,3;452,7;27,8;28,7;24,4;535,5;23,9;0,1;6,37E-2;-541,2;20,00;3,0;2,9;39,97;0,38;0,395;1,9;4,67;0,401
597;18.07.2023;13:20:07;00:09:56;250,2;455,4;27,8;28,7;24,4;537,5;23,9;0,1;6,36E-2;-541,2;20,00;3,0;3,0;39,98;0,39;0,402;1,9;4,60;0,405
598;18.07.2023;13:20:08;00:09:57;250,1;455,4;27,8;28,8;24,4;538,5;24,0;0,1;6,36E-2;-541,2;20,00;3,0;3,0;39,98;0,40;0,408;1,9;4,67;0,404
599;18.07.2023;13:20:09;00:09:58;250,0;458,0;27,8;28,8;24,5;540,5;24,0;0,1;6,35E-2;-541,2;20,00;3,0;3,0;39,99;0,40;0,410;1,9;4,67;0,405
600;18.07.2023;13:20:10;00:09:59;250,1;458,1;28,0;28,9;24,5;542,5;24,3;0,1;6,34E-2;-541,2;20,00;3,0;3,0;40,00;0,42;0,426;1,9;4,66;0,405
601;18.07.2023;13:20:11;00:10:00;250,0;458,1;28,0;29,0;24,5;543,5;24,4;0,1;6,34E-2;-541,2;20,00;3,0;3,0;40,00;0,42;0,433;1,9;4,69;0,410
602;18.07.2023;13:20:12;00:10:01;250,1;460,9;28,0;29,0;24,5;545,7;24,4;0,1;6,33E-2;-541,2;20,00;3,0;3,0;40,01;0,43;0,450;1,9;4,69;0,410
603;18.07.2023;13:20:13;00:10:02;250,1;463,8;28,0;29,1;24,5;546,7;24,4;0,1;6,32E-2;-541,2;20,00;3,0;3,1;40,02;0,43;0,456;1,9;4,72;0,410
604;18.07.2023;13:20:14;00:10:03;250,0;463,8;28,1;29,1;24,5;548,7;24,6;0,1;6,32E-2;-541,2;20,00;3,0;3,1;40,03;0,44;0,449;1,9;4,71;0,410
605;18.07.2023;13:20:15;00:10:04;250,1;466,7;28,1;29,2;24,5;550,7;24,6;0,1;6,32E-2;-541,2;20,00;3,0;3,0;40,04;0,45;0,470;1,9;4,73;0,411
606;18.07.2023;13:20:16;00:10:05;250,1;466,7;28,1;29,2;24,5;551,7;24,7;0,1;6,31E-2;-541,2;20,00;3,0;3,0;40,04;0,46;0,478;1,9;4,68;0,410
607;18.07.2023;13:20:17;00:10:06;250,1;469,6;28,2;29,2;24,5;553,7;24,7;0,1;6,30E-2;-541,2;20,00;3,0;3,0;40,05;0,47;0,493;2,0;4,73;0,414
608;18.07.2023;13:20:18;00:10:07;250,3;472,4;28,3;29,3;24,5;555,8;24,8;0,1;6,29E-2;-541,2;20,00;3,0;3,0;40,06;0,48;0,503;2,0;4,73;0,415
609;18.07.2023;13:20:19;00:10:08;250,3;472,4;28,3;29,3;24,5;556,8;24,8;0,1;6,29E-2;-541,2;20,00;3,0;3,0;40,07;0,48;0,502;2,0;4,71;0,415
610;18.07.2023;13:20:20;00:10:09;250,1;472,4;28,3;29,3;24,5;558,8;25,1;0,1;6,28E-2;-541,2;20,00;3,0;3,0;40,08;0,50;0,509;2,0;4,74;0,416
611;18.07.2023;13:20:21;00:10:10;250,3;475,0;28,3;29,4;24,5;560,8;25,1;0,1;6,28E-2;-541,2;20,00;3,0;3,0;40,09;0,51;0,533;2,0;4,72;0,416
612;18.07.2023;13:20:22;00:10:11;250,1;475,0;28,3;29,4;24,5;561,8;25,2;0,1;6,27E-2;-541,2;20,00;3,0;3,0;40,10;0,51;0,541;2,0;4,73;0,420
613;18.07.2023;13:20:23;00:10:12;250,1;477,4;28,4;29,5;24,5;563,8;25,3;0,1;6,27E-2;-541,2;20,00;3,0;3,0;40,11;0,52;0,558;2,0;4,74;0,420
614;18.07.2023;13:20:24;00:10:13;250,0;477,4;28,5;29,6;24,5;566,0;25,6;0,1;6,26E-2;-541,2;20,00;3,0;3,1;40,12;0,54;0,558;2,0;4,72;0,420
615;18.07.2023;13:20:25;00:10:14;250,1;479,5;28,5;29,6;24,6;567,0;25,5;0,1;6,26E-2;-541,2;20,00;3,0;3,0;40,13;0,54;0,559;2,0;4,76;0,422
616;18.07.2023;13:20:26;00:10:15;250,1;481,5;28,6;29,7;24,6;569,0;25,7;0,1;6,25E-2;-541,2;20,00;3,0;3,0;40,14;0,56;0,578;2,0;4,76;0,425
617;18.07.2023;13:20:27;00:10:16;250,0;481,5;28,6;29,7;24,6;570,0;25,7;0,1;6,25E-2;-541,2;20,00;3,0;3,0;40,15;0,56;0,586;2,0;4,77;0,425
618;18.07.2023;13:20:28;00:10:17;250,0;481,5;28,6;29,8;24,6;572,0;26,0;0,1;6,24E-2;-541,2;20,00;3,0;3,0;40,16;0,58;0,607;2,0;4,80;0,427
619;18.07.2023;13:20:29;00:10:18;250,1;483,8;28,6;29,8;24,6;574,2;26,0;0,1;6,24E-2;-541,2;20,00;3,0;3,0;40,17;0,59;0,625;2,1;4,79;0,428
620;18.07.2023;13:20:30;00:10:19;250,0;483,8;28,6;29,8;24,6;575,2;26,2;0,1;6,24E-2;-541,2;20,00;3,0;3,0;40,18;0,60;0,628;2,1;4,80;0,430
621;18.07.2023;13:20:31;00:10:20;250,0;485,1;28,7;29,9;24,6;577,2;26,4;0,1;6,23E-2;-541,2;20,00;3,0;3,0;40,19;0,61;0,639;2,1;4,82;0,430
622;18.07.2023;13:20:32;00:10:21;250,0;485,1;28,7;29,9;24,6;579,2;26,6;0,1;6,22E-2;-541,2;20,00;3,0;3,0;40,21;0,63;0,651;2,1;4,79;0,433
623;18.07.2023;13:20:33;00:10:22;250,0;485,7;28,8;30,0;24,6;580,2;26,6;0,1;6,22E-2;-541,2;20,00;3,0;3,0;40,22;0,63;0,663;2,1;4,85;0,435
624;18.07.2023;13:20:34;00:10:23;250,0;485,7;28,9;30,0;24,6;582,2;26,9;0,1;6,22E-2;-541,2;20,00;3,0;3,0;40,23;0,65;0,675;2,1;4,85;0,437
625;18.07.2023;13:20:35;00:10:24;250,0;485,8;28,9;30,1;24,6;584,3;27,2;0,1;6,21E-2;-541,2;20,00;3,0;3,0;40,24;0,66;0,687;2,1;4,87;0,440
626;18.07.2023;13:20:36;00:10:25;250,0;485,8;28,9;30,1;24,6;585,3;27,3;0,1;6,21E-2;-541,2;20,00;3,0;3,0;40,26;0,67;0,703;2,2;4,86;0,440
627;18.07.2023;13:20:37;00:10:26;250,1;485,3;29,0;30,2;24,6;587,3;27,6;0,1;6,20E-2;-541,2;20,00;3,0;3,0;40,27;0,69;0,726;2,2;4,92;0,444
628;18.07.2023;13:20:38;00:10:27;250,1;485,3;29,0;30,3;24,6;589,3;27,9;0,1;6,20E-2;-541,2;20,00;3,0;3,0;40,29;0,70;0,733;2,2;4,92;0,446
629;18.07.2023;13:20:39;00:10:28;250,0;485,3;29,0;30,3;24,6;590,3;28,0;0,1;6,20E-2;-541,2;20,00;3,0;3,0;40,29;0,71;0,741;2,2;4,95;0,449
630;18.07.2023;13:20:40;00:10:29;250,0;485,8;29,0;30,3;24,7;592,3;28,3;0,1;6,19E-2;-541,2;20,00;3,0;2,9;40,31;0,72;0,758;2,2;4,92;0,450
631;18.07.2023;13:20:41;00:10:30;250,0;487,1;29,1;30,4;24,7;593,3;28,3;0,1;6,19E-2;-541,2;20,00;3,0;3,0;40,32;0,74;0,771;2,2;4,94;0,454
632;18.07.2023;13:20:42;00:10:31;250,0;487,1;29,2;30,4;24,7;595,5;28,6;0,1;6,18E-2;-541,2;20,00;3,0;3,0;40,34;0,75;0,808;2,2;4,92;0,454
633;18.07.2023;13:20:43;00:10:32;250,1;488,9;29,2;30,5;24,7;597,5;28,7;0,1;6,18E-2;-541,2;20,00;3,0;3,0;40,36;0,77;0,829;2,3;4,97;0,458
634;18.07.2023;13:20:44;00:10:33;250,2;488,9;29,2;30,5;24,7;598,5;28,8;0,1;6,18E-2;-541,2;20,00;3,0;3,0;40,37;0,78;0,845;2,3;4,98;0,459
635;18.07.2023;13:20:45;00:10:34;250,1;491,0;29,3;30,6;24,7;600,5;28,9;0,1;6,17E-2;-541,2;20,00;3,0;3,0;40,39;0,80;0,884;2,3;5,00;0,460
636;18.07.2023;13:20:46;00:10:35;250,1;493,6;29,4;30,7;24,7;602,5;29,2;0,1;6,17E-2;-541,2;20,00;3,0;3,0;40,40;0,82;0,900;2,3;4,98;0,462
637;18.07.2023;13:20:47;00:10:36;250,0;493,6;29,4;30,7;24,7;603,5;29,1;0,1;6,17E-2;-541,2;20,00;3,0;3,0;40,41;0,83;0,921;2,3;5,01;0,463
638;18.07.2023;13:20:48;00:10:37;250,0;493,6;29,5;30,7;24,7;605,7;29,4;0,1;6,17E-2;-541,2;20,00;3,0;3,0;40,43;0,85;0,951;2,3;4,99;0,465
639;18.07.2023;13:20:49;00:10:38;250,1;496,6;29,5;30,8;24,7;607,7;29,4;0,1;6,17E-2;-541,2;20,00;3,0;3,0;40,46;0,88;0,968;2,3;5,04;0,468
640;18.07.2023;13:20:50;00:10:39;250,2;496,6;29,5;30,8;24,7;608,7;29,5;0,1;6,16E-2;-541,2;20,00;3,0;3,0;40,47;0,88;0,993;2,3;5,03;0,469
641;18.07.2023;13:20:51;00:10:40;250,1;500,0;29,5;30,9;24,8;610,7;29,7;0,1;6,16E-2;-541,2;20,00;3,0;3,0;40,49;0,91;1,013;2,3;5,02;0,469
642;18.07.2023;13:20:52;00:10:41;250,0;500,0;29,5;30,9;24,8;611,7;29,7;0,1;6,16E-2;-541,2;20,00;3,0;3,0;40,50;0,91;1,022;2,4;5,04;0,469
643;18.07.2023;13:20:53;00:10:42;250,0;503,5;29,6;31,0;24,8;613,7;29,7;0,1;6,16E-2;-541,2;20,00;3,0;3,1;40,52;0,94;1,065;2,4;5,04;0,471
644;18.07.2023;13:20:54;00:10:43;250,3;503,5;29,7;31,0;24,8;615,8;29,9;0,1;6,15E-2;-541,2;20,00;3,0;3,1;40,55;0,97;1,096;2,4;5,06;0,470
645;18.07.2023;13:20:55;00:10:44;250,1;503,5;29,7;31,0;24,8;616,8;30,1;0,1;6,15E-2;-541,2;20,00;3,0;3,0;40,56;0,97;1,106;2,4;5,02;0,474
646;18.07.2023;13:20:56;00:10:45;250,0;506,9;29,7;31,1;24,8;618,8;30,0;0,1;6,14E-2;-541,2;20,00;3,0;3,0;40,59;1,01;1,163;2,4;5,00;0,474
647;18.07.2023;13:20:57;00:10:46;250,0;510,2;29,8;31,3;24,8;620,8;30,0;0,1;6,13E-2;-541,2;20,00;3,0;3,1;40,62;1,03;1,211;2,4;5,05;0,474
648;18.07.2023;13:20:58;00:10:47;250,0;510,2;29,8;31,3;24,8;621,8;30,2;0,1;6,13E-2;-541,2;20,00;3,0;3,0;40,63;1,04;1,223;2,4;5,05;0,476
649;18.07.2023;13:20:59;00:10:48;250,1;513,4;30,0;31,4;24,8;623,8;30,4;0,1;6,12E-2;-541,2;20,00;3,0;3,0;40,65;1,07;1,251;2,4;5,08;0,478
650;18.07.2023;13:21:00;00:10:49;250,2;513,4;30,0;31,4;24,8;626,0;30,4;0,1;6,12E-2;-541,2;20,00;3,0;3,0;40,68;1,10;1,276;2,4;5,09;0,480
651;18.07.2023;13:21:01;00:10:50;250,0;516,6;30,1;31,5;24,8;627,0;30,3;0,1;6,12E-2;-541,2;20,00;3,0;3,0;40,70;1,11;1,273;2,4;5,04;0,480
652;18.07.2023;13:21:02;00:10:51;250,0;516,6;30,2;31,7;24,8;629,0;30,6;0,1;6,11E-2;-541,2;20,00;3,0;3,0;40,73;1,14;1,308;2,5;5,12;0,483
653;18.07.2023;13:21:03;00:10:52;250,1;519,9;30,2;31,7;24,8;631,0;30,6;0,1;6,11E-2;-541,2;20,00;3,0;3,0;40,75;1,17;1,333;2,5;5,09;0,483
654;18.07.2023;13:21:04;00:10:53;250,2;519,9;30,3;31,7;24,8;632,0;30,7;0,1;6,10E-2;-541,2;20,00;3,0;3,0;40,77;1,18;1,349;2,5;5,10;0,482
655;18.07.2023;13:21:05;00:10:54;250,0;523,4;30,3;31,8;24,8;634,0;30,7;0,1;6,10E-2;-541,2;20,00;3,0;2,9;40,79;1,21;1,370;2,5;5,08;0,484
656;18.07.2023;13:21:06;00:10:55;250,1;523,4;30,3;31,8;24,8;635,2;30,8;0,1;6,09E-2;-541,2;20,00;3,0;3,0;40,81;1,23;1,385;2,5;5,08;0,484
657;18.07.2023;13:21:07;00:10:56;250,0;527,0;30,4;31,9;24,8;637,2;30,8;0,1;6,08E-2;-541,2;20,00;3,0;3,0;40,85;1,26;1,433;2,5;5,08;0,487
658;18.07.2023;13:21:08;00:10:57;250,0;527,0;30,5;31,9;24,8;639,2;31,1;0,1;6,07E-2;-541,2;20,00;3,0;2,9;40,87;1,29;1,477;2,5;5,13;0,488
659;18.07.2023;13:21:09;00:10:58;250,3;530,6;30,5;32,1;24,9;640,2;31,0;0,1;6,07E-2;-541,2;20,00;3,0;3,0;40,89;1,30;1,485;2,5;5,08;0,488
660;18.07.2023;13:21:10;00:10:59;250,1;530,6;30,7;32,1;24,9;642,2;31,2;0,1;6,06E-2;-541,2;20,00;3,0;3,0;40,92;1,34;1,500;2,5;5,10;0,488
661;18.07.2023;13:21:11;00:11:00;250,1;534,6;30,7;32,3;24,9;644,2;31,2;0,1;6,06E-2;-541,2;20,00;3,0;3,0;40,95;1,37;1,500;2,5;5,14;0,493
662;18.07.2023;13:21:12;00:11:01;250,1;534,6;30,7;32,3;24,9;645,3;31,2;0,1;6,05E-2;-541,2;20,00;3,0;3,0;40,97;1,38;1,512;2,5;5,10;0,492
663;18.07.2023;13:21:13;00:11:02;250,1;538,5;30,8;32,4;25,0;647,3;31,2;0,1;6,04E-2;-541,2;20,00;3,0;3,0;41,00;1,42;1,532;2,5;5,12;0,493
664;18.07.2023;13:21:14;00:11:03;250,0;538,5;30,9;32,6;25,0;649,3;31,4;0,1;6,03E-2;-541,2;20,00;3,0;2,9;41,03;1,45;1,544;2,5;5,10;0,493
665;18.07.2023;13:21:15;00:11:04;250,1;538,5;30,9;32,6;25,0;650,3;31,6;0,1;6,02E-2;-541,2;20,00;3,0;3,0;41,05;1,47;1,551;2,5;5,11;0,493
666;18.07.2023;13:21:16;00:11:05;250,0;542,3;30,9;32,6;25,0;652,3;31,5;0,1;6,02E-2;-541,2;20,00;3,0;3,0;41,08;1,50;1,579;2,5;5,10;0,493
667;18.07.2023;13:21:17;00:11:06;250,1;546,3;31,0;32,7;25,0;654,3;31,4;0,1;6,01E-2;-541,2;20,00;3,0;3,0;41,12;1,53;1,604;2,5;5,08;0,493
668;18.07.2023;13:21:18;00:11:07;250,1;546,3;31,2;32,7;25,0;655,5;31,6;0,1;6,01E-2;-541,2;20,00;3,0;3,0;41,13;1,55;1,623;2,5;5,13;0,496
669;18.07.2023;13:21:19;00:11:08;250,1;550,1;31,2;32,9;25,0;657,5;31,6;0,1;6,00E-2;-541,2;20,00;3,0;3,1;41,17;1,59;1,648;2,6;5,14;0,498
670;18.07.2023;13:21:20;00:11:09;250,0;550,1;31,2;32,9;25,0;658,5;31,7;0,1;5,99E-2;-541,2;20,00;3,0;3,0;41,19;1,61;1,665;2,5;5,12;0,496
671;18.07.2023;13:21:21;00:11:10;250,2;554,0;31,3;33,0;25,0;660,5;31,6;0,1;5,98E-2;-541,2;20,00;3,0;3,1;41,22;1,64;1,687;2,6;5,13;0,498
672;18.07.2023;13:21:22;00:11:11;250,0;554,0;31,4;33,0;25,0;662,5;31,9;0,1;5,97E-2;-541,2;20,00;3,0;3,0;41,26;1,67;1,694;2,5;5,11;0,500
673;18.07.2023;13:21:23;00:11:12;250,0;554,0;31,4;33,0;25,0;663,5;32,0;0,1;5,97E-2;-541,2;20,00;3,0;3,0;41,28;1,69;1,708;2,6;5,13;0,502
674;18.07.2023;13:21:24;00:11:13;250,2;557,8;31,4;33,2;25,0;665,7;32,0;0,1;5,96E-2;-541,2;20,00;3,0;3,0;41,32;1,73;1,744;2,6;5,18;0,503
675;18.07.2023;13:21:25;00:11:14;250,0;561,5;31,5;33,3;25,0;667,7;31,9;0,1;5,95E-2;-541,2;20,00;3,0;3,1;41,35;1,76;1,753;2,6;5,14;0,503
676;18.07.2023;13:21:26;00:11:15;250,1;561,5;31,5;33,3;25,0;668,7;32,0;0,1;5,94E-2;-541,2;20,00;3,0;3,0;41,37;1,78;1,761;2,6;5,15;0,503
677;18.07.2023;13:21:27;00:11:16;250,1;565,0;31,6;33,5;25,0;670,7;32,2;0,1;5,93E-2;-541,2;20,00;3,0;3,0;41,40;1,82;1,753;2,6;5,17;0,508
678;18.07.2023;13:21:28;00:11:17;250,0;565,0;31,6;33,5;25,0;672,7;32,3;0,1;5,92E-2;-541,2;20,00;3,0;3,0;41,44;1,85;1,744;2,6;5,16;0,507
679;18.07.2023;13:21:29;00:11:18;250,0;568,5;31,7;33,6;25,1;673,7;32,1;0,1;5,92E-2;-541,2;20,00;3,0;3,0;41,45;1,87;1,733;2,6;5,15;0,508
680;18.07.2023;13:21:30;00:11:19;250,1;568,5;31,7;33,6;25,1;675,8;32,4;0,1;5,91E-2;-541,2;20,00;3,0;3,0;41,49;1,91;1,752;2,6;5,17;0,508
681;18.07.2023;13:21:31;00:11:20;250,1;568,5;31,8;33,6;25,1;676,8;32,5;0,1;5,91E-2;-541,2;20,00;3,0;3,0;41,51;1,93;1,778;2,6;5,15;0,509
682;18.07.2023;13:21:32;00:11:21;250,1;572,1;31,8;33,8;25,1;678,8;32,5;0,1;5,90E-2;-541,2;20,00;3,0;3,0;41,54;1,96;1,766;2,6;5,16;0,508
683;18.07.2023;13:21:33;00:11:22;250,1;572,1;31,9;34,0;25,1;680,8;32,8;0,1;5,89E-2;-541,2;20,00;3,0;3,0;41,58;1,99;1,740;2,7;5,17;0,513
684;18.07.2023;13:21:34;00:11:23;250,2;575,7;31,9;34,0;25,1;681,8;32,6;0,1;5,88E-2;-541,2;20,00;3,0;3,0;41,59;2,01;1,722;2,7;5,20;0,513
685;18.07.2023;13:21:35;00:11:24;250,3;579,2;32,0;34,1;25,1;683,8;32,9;0,1;5,88E-2;-541,2;20,00;3,0;3,0;41,63;2,04;1,716;2,7;5,21;0,513
686;18.07.2023;13:21:36;00:11:25;250,3;579,2;32,0;34,1;25,1;686,0;32,8;0,1;5,87E-2;-541,2;20,00;3,0;3,0;41,67;2,08;1,718;2,7;5,20;0,514
687;18.07.2023;13:21:37;00:11:26;250,2;582,8;32,1;34,3;25,1;687,0;32,7;0,1;5,87E-2;-541,2;20,00;3,0;3,0;41,68;2,10;1,717;2,7;5,17;0,514
688;18.07.2023;13:21:38;00:11:27;250,1;582,8;32,2;34,3;25,1;689,0;32,9;0,1;5,86E-2;-541,2;20,00;3,0;2,9;41,72;2,13;1,728;2,7;5,20;0,517
689;18.07.2023;13:21:39;00:11:28;250,1;586,2;32,2;34,4;25,2;691,0;33,0;0,1;5,85E-2;-541,2;20,00;3,0;3,0;41,75;2,17;1,728;2,7;5,24;0,518
690;18.07.2023;13:21:40;00:11:29;250,3;586,2;32,2;34,4;25,2;692,0;33,0;0,1;5,84E-2;-541,2;20,00;3,0;3,0;41,77;2,18;1,718;2,7;5,20;0,517
691;18.07.2023;13:21:41;00:11:30;250,2;589,7;32,3;34,6;25,2;694,0;33,0;0,1;5,84E-2;-541,2;20,00;3,0;3,0;41,80;2,22;1,732;2,7;5,21;0,518
692;18.07.2023;13:21:42;00:11:31;250,1;589,7;32,4;34,8;25,2;696,2;33,3;0,1;5,83E-2;-541,2;20,00;3,0;3,0;41,84;2,26;1,738;2,7;5,17;0,519
693;18.07.2023;13:21:43;00:11:32;250,0;589,7;32,4;34,8;25,2;697,2;33,4;0,1;5,83E-2;-541,2;20,00;3,0;3,0;41,86;2,27;1,714;2,7;5,25;0,523
694;18.07.2023;13:21:44;00:11:33;250,2;593,3;32,4;34,8;25,2;699,2;33,4;0,1;5,82E-2;-541,2;20,00;3,0;3,0;41,89;2,31;1,693;2,7;5,22;0,523
695;18.07.2023;13:21:45;00:11:34;250,1;596,9;32,5;34,9;25,2;700,2;33,3;0,1;5,82E-2;-541,2;20,00;3,0;3,0;41,91;2,32;1,696;2,7;5,22;0,523
696;18.07.2023;13:21:46;00:11:35;250,2;596,9;32,5;34,9;25,2;702,2;33,5;0,1;5,81E-2;-541,2;20,00;3,0;3,0;41,94;2,35;1,673;2,7;5,23;0,523
697;18.07.2023;13:21:47;00:11:36;250,0;600,5;32,6;35,1;25,2;704,2;33,4;0,1;5,80E-2;-541,2;20,00;3,0;3,0;41,98;2,39;1,671;2,7;5,24;0,523
698;18.07.2023;13:21:48;00:11:37;250,0;600,5;32,7;35,1;25,2;705,2;33,5;0,1;5,80E-2;-541,2;20,00;3,0;3,0;42,00;2,41;1,669;2,7;5,22;0,523
699;18.07.2023;13:21:49;00:11:38;250,0;604,1;32,7;35,2;25,2;707,3;33,5;0,1;5,79E-2;-541,2;20,00;3,0;3,0;42,03;2,44;1,684;2,8;5,22;0,527
700;18.07.2023;13:21:50;00:11:39;250,0;604,1;32,7;35,2;25,2;709,3;33,8;0,1;5,78E-2;-541,2;20,00;3,0;3,0;42,06;2,47;1,685;2,7;5,21;0,526
701;18.07.2023;13:21:51;00:11:40;250,1;604,1;32,9;35,2;25,2;710,3;33,9;0,1;5,78E-2;-541,2;20,00;3,0;3,1;42,09;2,50;1,688;2,8;5,21;0,527
702;18.07.2023;13:21:52;00:11:41;250,0;608,0;32,9;35,4;25,2;712,3;33,8;0,1;5,78E-2;-541,2;20,00;3,0;3,1;42,11;2,53;1,712;2,8;5,21;0,527
703;18.07.2023;13:21:53;00:11:42;250,0;611,8;33,0;35,6;25,2;714,3;33,8;0,1;5,77E-2;-541,2;20,00;3,0;3,1;42,15;2,56;1,700;2,8;5,23;0,529
704;18.07.2023;13:21:54;00:11:43;250,1;611,8;33,0;35,6;25,2;715,3;33,9;0,1;5,77E-2;-541,2;20,00;3,0;3,0;42,16;2,58;1,698;2,8;5,24;0,528
705;18.07.2023;13:21:55;00:11:44;250,1;615,5;33,1;35,7;25,3;717,5;34,0;0,1;5,77E-2;-541,2;20,00;3,0;3,0;42,20;2,61;1,673;2,8;5,26;0,532
706;18.07.2023;13:21:56;00:11:45;250,0;615,5;33,1;35,7;25,3;719,5;34,1;0,1;5,76E-2;-541,2;20,00;3,0;3,0;42,23;2,65;1,650;2,8;5,28;0,532
707;18.07.2023;13:21:57;00:11:46;250,2;619,1;33,2;35,9;25,3;720,5;34,0;0,1;5,76E-2;-541,2;20,00;3,0;2,9;42,25;2,66;1,647;2,8;5,31;0,532
708;18.07.2023;13:21:58;00:11:47;250,0;619,1;33,3;35,9;25,3;722,5;34,2;0,1;5,75E-2;-541,2;20,00;3,0;3,0;42,28;2,70;1,656;2,8;5,26;0,534
709;18.07.2023;13:21:59;00:11:48;250,0;619,1;33,3;35,9;25,3;723,5;34,4;0,1;5,75E-2;-541,2;20,00;3,0;3,0;42,30;2,71;1,658;2,8;5,27;0,535
710;18.07.2023;13:22:00;00:11:49;250,0;622,4;33,3;36,1;25,3;725,5;34,3;0,1;5,75E-2;-541,2;20,00;3,0;3,0;42,33;2,75;1,634;2,8;5,26;0,536
711;18.07.2023;13:22:01;00:11:50;250,0;625,6;33,4;36,2;25,3;727,7;34,4;0,1;5,74E-2;-541,2;20,00;3,0;3,0;42,36;2,78;1,614;2,8;5,25;0,537
712;18.07.2023;13:22:02;00:11:51;250,0;625,6;33,4;36,2;25,3;728,7;34,5;0,1;5,74E-2;-541,2;20,00;3,0;3,0;42,38;2,79;1,610;2,8;5,24;0,537
713;18.07.2023;13:22:03;00:11:52;250,0;628,8;33,5;36,4;25,3;730,7;34,8;0,1;5,74E-2;-541,2;20,00;3,0;3,0;42,41;2,82;1,590;2,8;5,31;0,539
714;18.07.2023;13:22:04;00:11:53;250,0;628,8;33,5;36,4;25,3;732,7;34,7;0,1;5,73E-2;-541,2;20,00;3,0;3,0;42,44;2,86;1,577;2,8;5,29;0,542
715;18.07.2023;13:22:05;00:11:54;250,1;632,1;33,6;36,5;25,3;733,7;34,7;0,1;5,73E-2;-541,2;20,00;3,0;3,0;42,45;2,87;1,574;2,9;5,29;0,542
716;18.07.2023;13:22:06;00:11:55;250,0;632,1;33,7;36,5;25,3;735,7;34,8;0,1;5,73E-2;-541,2;20,00;3,0;3,0;42,49;2,90;1,562;2,9;5,29;0,542
717;18.07.2023;13:22:07;00:11:56;250,1;635,4;33,7;36,6;25,4;737,8;34,9;0,1;5,73E-2;-541,2;20,00;3,0;3,0;42,52;2,93;1,546;2,9;5,33;0,546
718;18.07.2023;13:22:08;00:11:57;250,3;635,4;33,7;36,6;25,4;738,8;35,0;0,1;5,72E-2;-541,2;20,00;3,0;3,0;42,53;2,95;1,541;2,9;5,31;0,543
719;18.07.2023;13:22:09;00:11:58;250,1;638,7;33,8;36,8;25,4;740,8;35,0;0,1;5,72E-2;-541,2;20,00;3,0;2,9;42,56;2,98;1,519;2,9;5,29;0,547
720;18.07.2023;13:22:10;00:11:59;250,2;638,7;33,8;36,8;25,4;741,8;35,1;0,1;5,72E-2;-541,2;20,00;3,0;3,0;42,58;2,99;1,510;2,9;5,32;0,546
721;18.07.2023;13:22:11;00:12:00;250,0;638,7;34,0;37,0;25,4;743,8;35,4;0,1;5,72E-2;-541,2;20,00;3,0;3,0;42,60;3,02;1,470;2,9;5,34;0,547
722;18.07.2023;13:22:12;00:12:01;250,1;642,3;34,0;37,0;25,4;745,8;35,3;0,1;5,72E-2;-541,2;20,00;3,0;3,0;42,63;3,05;1,437;2,9;5,33;0,547
723;18.07.2023;13:22:13;00:12:02;250,1;642,3;34,1;37,2;25,4;747,0;35,5;0,1;5,72E-2;-541,2;20,00;3,0;3,0;42,65;3,06;1,415;2,9;5,30;0,551
724;18.07.2023;13:22:14;00:12:03;250,1;645,7;34,1;37,2;25,4;749,0;35,4;0,1;5,71E-2;-541,2;20,00;3,0;3,0;42,67;3,08;1,379;2,9;5,34;0,552
725;18.07.2023;13:22:15;00:12:04;250,1;649,1;34,2;37,4;25,4;750,0;35,4;0,1;5,71E-2;-541,2;20,00;3,0;3,0;42,69;3,11;1,344;3,0;5,37;0,552
726;18.07.2023;13:22:16;00:12:05;250,1;649,1;34,2;37,4;25,4;750,0;35,4;0,1;5,71E-2;-541,2;20,00;3,0;3,0;42,71;3,12;1,341;2,9;5,32;0,552
727;18.07.2023;13:22:17;00:12:06;250,2;649,1;34,3;37,5;25,4;750,0;35,5;0,1;5,71E-2;-541,2;20,00;3,0;3,0;42,74;3,15;1,332;2,9;5,36;0,552
728;18.07.2023;13:22:18;00:12:07;250,3;652,6;34,3;37,5;25,5;750,0;35,3;0,1;5,71E-2;-541,2;20,00;3,1;3,0;42,76;3,18;1,326;2,9;5,35;0,551
729;18.07.2023;13:22:19;00:12:08;250,1;652,6;34,4;37,7;25,5;750,0;35,3;0,1;5,71E-2;-541,2;20,00;3,1;3,0;42,78;3,19;1,328;2,9;5,33;0,551
730;18.07.2023;13:22:20;00:12:09;250,2;655,8;34,4;37,7;25,5;750,0;35,1;0,1;5,71E-2;-541,2;20,00;3,1;3,1;42,80;3,22;1,322;2,9;5,35;0,548
731;18.07.2023;13:22:21;00:12:10;250,1;659,0;34,5;37,8;25,5;750,0;34,9;0,1;5,70E-2;-541,2;20,00;3,1;3,1;42,83;3,24;1,290;2,9;5,29;0,547
732;18.07.2023;13:22:22;00:12:11;250,0;659,0;34,5;37,8;25,5;750,0;34,9;0,1;5,71E-2;-541,2;20,00;3,1;3,1;42,84;3,26;1,273;2,9;5,27;0,547
733;18.07.2023;13:22:23;00:12:12;250,2;662,2;34,6;38,0;25,6;750,0;34,9;0,1;5,71E-2;-541,2;20,00;3,1;3,1;42,86;3,28;1,251;2,9;5,34;0,550
734;18.07.2023;13:22:24;00:12:13;250,1;662,2;34,6;38,0;25,6;750,0;34,8;0,1;5,70E-2;-541,2;20,00;3,1;3,1;42,87;3,29;1,226;2,9;5,31;0,547
735;18.07.2023;13:22:25;00:12:14;250,0;665,3;34,8;38,1;25,6;750,0;34,6;0,1;5,70E-2;-541,2;20,00;3,2;3,2;42,89;3,31;1,193;2,9;5,30;0,547
736;18.07.2023;13:22:26;00:12:15;250,3;665,3;34,9;38,3;25,6;750,0;34,7;0,1;5,70E-2;-541,2;20,00;3,2;3,2;42,92;3,33;1,142;2,9;5,29;0,546
737;18.07.2023;13:22:27;00:12:16;250,0;665,3;34,9;38,3;25,6;750,0;34,7;0,1;5,69E-2;-541,2;20,00;3,2;3,2;42,93;3,34;1,121;2,9;5,29;0,547
738;18.07.2023;13:22:28;00:12:17;250,2;668,4;34,9;38,3;25,6;750,0;34,5;0,1;5,69E-2;-541,2;20,00;3,2;3,2;42,94;3,36;1,071;2,9;5,28;0,545
739;18.07.2023;13:22:29;00:12:18;250,1;671,5;35,0;38,4;25,6;750,0;34,3;0,1;5,69E-2;-541,2;20,00;3,2;3,2;42,96;3,38;1,001;2,9;5,25;0,546
740;18.07.2023;13:22:30;00:12:19;250,1;671,5;35,0;38,4;25,6;750,0;34,3;0,1;5,69E-2;-541,2;20,00;3,2;3,2;42,97;3,38;0,970;2,9;5,27;0,542
741;18.07.2023;13:22:31;00:12:20;250,0;674,7;35,0;38,6;25,6;750,0;34,3;0,1;5,68E-2;-541,2;20,00;3,2;3,2;42,98;3,40;0,910;2,9;5,28;0,543
742;18.07.2023;13:22:32;00:12:21;250,1;674,7;35,0;38,6;25,6;750,0;34,2;0,1;5,68E-2;-541,2;20,00;3,3;3,2;42,99;3,42;0,846;2,9;5,26;0,542
743;18.07.2023;13:22:33;00:12:22;250,0;674,7;35,1;38,7;25,6;750,0;34,2;0,1;5,68E-2;-541,2;20,00;3,3;3,2;43,00;3,42;0,811;2,9;5,22;0,542
744;18.07.2023;13:22:34;00:12:23;250,2;677,8;35,1;38,7;25,6;750,0;34,0;0,1;5,68E-2;-541,2;20,00;3,3;3,2;43,01;3,43;0,749;2,9;5,29;0,542
745;18.07.2023;13:22:35;00:12:24;250,2;680,8;35,2;38,9;25,6;750,0;33,8;0,1;5,67E-2;-541,2;20,00;3,3;3,3;43,03;3,44;0,691;2,8;5,26;0,541
746;18.07.2023;13:22:36;00:12:25;250,0;680,8;35,2;38,9;25,6;750,0;33,8;0,1;5,67E-2;-541,2;20,00;3,3;3,3;43,03;3,45;0,662;2,8;5,24;0,541
747;18.07.2023;13:22:37;00:12:26;250,0;683,7;35,3;39,0;25,6;750,0;33,6;0,1;5,67E-2;-541,2;20,00;3,3;3,3;43,04;3,46;0,607;2,8;5,21;0,540
748;18.07.2023;13:22:38;00:12:27;250,1;683,7;35,3;39,0;25,6;750,0;33,7;0,1;5,67E-2;-541,2;20,00;3,3;3,4;43,05;3,46;0,590;2,8;5,24;0,537
749;18.07.2023;13:22:39;00:12:28;250,0;683,7;35,4;39,2;25,6;750,0;33,7;0,1;5,67E-2;-541,2;20,00;3,4;3,4;43,05;3,47;0,539;2,8;5,25;0,537
750;18.07.2023;13:22:40;00:12:29;250,0;686,3;35,4;39,2;25,6;750,0;33,6;0,1;5,66E-2;-541,2;20,00;3,4;3,3;43,06;3,48;0,493;2,8;5,22;0,537
751;18.07.2023;13:22:41;00:12:30;250,0;688,8;35,5;39,3;25,6;750,0;33,5;0,1;5,66E-2;-541,2;20,00;3,4;3,4;43,06;3,48;0,477;2,8;5,21;0,537
752;18.07.2023;13:22:42;00:12:31;250,2;688,8;35,5;39,3;25,6;750,0;33,4;0,1;5,66E-2;-541,2;20,00;3,4;3,4;43,07;3,49;0,454;2,8;5,20;0,537
753;18.07.2023;13:22:43;00:12:32;250,2;691,2;35,6;39,5;25,6;750,0;33,3;0,1;5,66E-2;-541,2;20,00;3,4;3,4;43,08;3,50;0,420;2,8;5,23;0,537
754;18.07.2023;13:22:44;00:12:33;250,0;691,2;35,6;39,5;25,6;750,0;33,3;0,1;5,65E-2;-541,2;20,00;3,4;3,5;43,08;3,50;0,409;2,8;5,16;0,537
755;18.07.2023;13:22:45;00:12:34;250,0;693,4;35,6;39,6;25,7;750,0;33,2;0,1;5,65E-2;-541,2;20,00;3,5;3,5;43,09;3,51;0,386;2,8;5,19;0,537
756;18.07.2023;13:22:46;00:12:35;250,0;693,4;35,7;39,7;25,7;750,0;33,2;0,1;5,64E-2;-541,2;20,00;3,5;3,4;43,10;3,51;0,364;2,8;5,22;0,535
757;18.07.2023;13:22:47;00:12:36;250,0;693,4;35,7;39,7;25,7;750,0;33,2;0,1;5,64E-2;-541,2;20,00;3,5;3,5;43,10;3,52;0,360;2,8;5,19;0,535
758;18.07.2023;13:22:48;00:12:37;250,0;695,6;35,7;39,7;25,7;750,0;33,1;0,1;5,63E-2;-541,2;20,00;3,5;3,5;43,11;3,52;0,336;2,8;5,18;0,534
759;18.07.2023;13:22:49;00:12:38;250,0;697,7;35,8;39,9;25,7;750,0;33,1;0,1;5,63E-2;-541,2;20,00;3,5;3,5;43,11;3,52;0,324;2,8;5,21;0,534
760;18.07.2023;13:22:50;00:12:39;250,1;697,7;35,8;39,9;25,7;750,0;33,0;0,1;5,62E-2;-541,2;20,00;3,5;3,5;43,12;3,53;0,317;2,8;5,20;0,532
761;18.07.2023;13:22:51;00:12:40;250,0;699,8;35,9;40,0;25,7;750,0;32,9;0,1;5,62E-2;-541,2;20,00;3,5;3,6;43,12;3,54;0,311;2,8;5,18;0,532
762;18.07.2023;13:22:52;00:12:41;250,0;699,8;35,9;40,0;25,7;750,0;32,9;0,1;5,62E-2;-541,2;20,00;3,6;3,5;43,12;3,54;0,301;2,8;5,19;0,532
763;18.07.2023;13:22:53;00:12:42;250,1;699,8;35,9;40,0;25,7;750,0;32,9;0,1;5,61E-2;-541,2;20,00;3,6;3,6;43,13;3,54;0,296;2,7;5,15;0,532
764;18.07.2023;13:22:54;00:12:43;250,2;701,8;35,9;40,1;25,7;750,0;32,8;0,1;5,61E-2;-541,2;20,00;3,6;3,6;43,14;3,55;0,304;2,8;5,18;0,532
765;18.07.2023;13:22:55;00:12:44;250,0;701,8;35,9;40,1;25,7;750,0;32,8;0,1;5,60E-2;-541,2;20,00;3,6;3,5;43,14;3,56;0,305;2,7;5,19;0,532
766;18.07.2023;13:22:56;00:12:45;250,2;703,7;36,0;40,2;25,7;750,0;32,7;0,1;5,60E-2;-541,2;20,00;3,6;3,6;43,14;3,56;0,303;2,7;5,20;0,531
767;18.07.2023;13:22:57;00:12:46;250,1;703,7;36,1;40,2;25,7;750,0;32,7;0,1;5,59E-2;-541,2;20,00;3,6;3,7;43,15;3,57;0,291;2,7;5,18;0,529
768;18.07.2023;13:22:58;00:12:47;250,1;705,5;36,1;40,4;25,8;750,0;32,6;0,1;5,58E-2;-541,2;20,00;3,6;3,6;43,15;3,57;0,286;2,7;5,15;0,529
769;18.07.2023;13:22:59;00:12:48;250,1;707,1;36,1;40,5;25,8;750,0;32,6;0,1;5,58E-2;-541,2;20,00;3,7;3,6;43,16;3,58;0,290;2,7;5,12;0,529
770;18.07.2023;13:23:00;00:12:49;250,0;707,1;36,1;40,5;25,8;750,0;32,5;0,1;5,57E-2;-541,2;20,00;3,7;3,7;43,17;3,58;0,300;2,7;5,15;0,527
771;18.07.2023;13:23:01;00:12:50;250,1;707,1;36,2;40,6;25,8;750,0;32,5;0,1;5,57E-2;-541,2;20,00;3,7;3,7;43,17;3,59;0,296;2,7;5,17;0,527
772;18.07.2023;13:23:02;00:12:51;250,0;708,5;36,2;40,6;25,8;750,0;32,4;0,1;5,56E-2;-541,1;20,00;3,7;3,6;43,18;3,59;0,295;2,7;5,14;0,527
773;18.07.2023;13:23:03;00:12:52;250,1;708,5;36,2;40,6;25,8;750,0;32,4;0,1;5,56E-2;-541,2;20,00;3,7;3,7;43,18;3,60;0,301;2,7;5,16;0,527
774;18.07.2023;13:23:04;00:12:53;250,1;709,9;36,2;40,7;25,8;750,0;32,4;0,1;5,55E-2;-541,2;20,00;3,7;3,7;43,19;3,60;0,307;2,7;5,15;0,527
775;18.07.2023;13:23:05;00:12:54;250,1;711,3;36,3;40,8;25,8;750,0;32,3;0,1;5,54E-2;-541,2;20,00;3,8;3,7;43,19;3,61;0,321;2,7;5,15;0,527
776;18.07.2023;13:23:06;00:12:55;250,1;711,3;36,3;40,8;25,8;750,0;32,3;0,1;5,53E-2;-541,2;20,00;3,8;3,7;43,20;3,61;0,321;2,7;5,11;0,526
777;18.07.2023;13:23:07;00:12:56;250,0;711,3;36,3;40,9;25,8;750,0;32,3;0,1;5,52E-2;-541,2;20,00;3,8;3,7;43,20;3,62;0,312;2,7;5,16;0,527
778;18.07.2023;13:23:08;00:12:57;250,0;712,5;36,3;40,9;25,8;750,0;32,2;0,1;5,52E-2;-541,2;20,00;3,8;3,7;43,21;3,63;0,323;2,7;5,16;0,526
779;18.07.2023;13:23:09;00:12:58;250,2;713,7;36,4;40,9;25,7;750,0;32,2;0,1;5,51E-2;-541,2;20,00;3,8;3,8;43,21;3,63;0,328;2,7;5,12;0,527
780;18.07.2023;13:23:10;00:12:59;250,1;713,7;36,4;40,9;25,7;750,0;32,2;0,1;5,51E-2;-541,2;20,00;3,8;3,8;43,22;3,63;0,320;2,7;5,13;0,526
781;18.07.2023;13:23:11;00:13:00;250,3;714,9;36,4;41,1;25,8;750,0;32,1;0,1;5,49E-2;-541,2;20,00;3,9;3,8;43,22;3,64;0,312;2,7;5,12;0,527
782;18.07.2023;13:23:12;00:13:01;250,1;714,9;36,4;41,1;25,8;750,0;32,1;0,1;5,49E-2;-541,2;20,00;3,9;3,9;43,23;3,65;0,321;2,7;5,15;0,526
783;18.07.2023;13:23:13;00:13:02;250,1;714,9;36,5;41,1;25,8;750,0;32,2;0,1;5,48E-2;-541,2;20,00;3,9;3,9;43,23;3,65;0,332;2,7;5,15;0,527
784;18.07.2023;13:23:14;00:13:03;250,0;716,0;36,5;41,1;25,8;750,0;32,1;0,1;5,47E-2;-541,2;20,00;3,9;3,9;43,24;3,66;0,320;2,7;5,10;0,525
785;18.07.2023;13:23:15;00:13:04;250,0;716,0;36,5;41,2;25,8;749,0;71,0;0,1;5,46E-2;-541,2;20,00;3,9;4,0;43,24;3,66;0,319;1,5;1,33;0,161
786;18.07.2023;13:23:16;00:13:05;250,0;717,0;36,5;41,2;25,8;746,1;73,8;0,1;5,45E-2;-541,2;20,00;3,9;3,9;43,26;3,67;0,297;0,0;0,01;0,049
787;18.07.2023;13:23:17;00:13:06;250,0;717,0;36,6;41,3;25,8;743,2;74,0;0,1;5,43E-2;-541,2;20,00;3,9;3,9;43,29;3,71;0,563;0,0;0,01;0,049
788;18.07.2023;13:23:18;00:13:07;250,0;717,9;36,6;41,3;25,8;741,7;74,0;0,1;5,42E-2;-541,2;20,00;3,9;3,9;43,31;3,72;0,708;0,0;0,01;0,049
789;18.07.2023;13:23:19;00:13:08;250,0;718,1;36,6;41,3;25,6;738,8;74,2;0,1;5,41E-2;-541,2;20,00;3,9;3,9;43,33;3,75;0,933;0,0;0,01;0,049
790;18.07.2023;13:23:20;00:13:09;250,0;718,1;36,5;41,3;25,6;735,6;74,4;0,1;5,39E-2;-541,2;20,00;3,9;3,9;43,35;3,77;1,032;0,0;0,01;0,048
791;18.07.2023;13:23:21;00:13:10;250,0;718,1;36,5;41,4;25,6;734,2;74,5;0,1;5,38E-2;-541,2;20,00;3,9;3,9;43,36;3,78;1,043;0,0;0,01;0,049
792;18.07.2023;13:23:22;00:13:11;250,0;717,5;36,5;41,4;25,4;731,3;74,7;0,1;5,36E-2;-541,2;20,00;3,9;3,9;43,38;3,80;1,033;0,0;0,01;0,049
793;18.07.2023;13:23:23;00:13:12;250,0;715,7;36,5;41,4;25,2;728,3;74,8;0,1;5,34E-2;-541,2;20,00;3,9;3,9;43,39;3,81;0,977;0,0;0,01;0,049
794;18.07.2023;13:23:24;00:13:13;250,0;715,7;36,5;41,4;25,2;726,9;74,9;0,1;5,34E-2;-541,2;20,00;3,9;3,9;43,40;3,82;0,937;0,0;0,01;0,049
795;18.07.2023;13:23:25;00:13:14;250,0;712,5;36,3;41,5;25,2;724,0;75,1;0,1;5,32E-2;-541,2;20,00;3,9;3,9;43,41;3,83;0,860;0,0;0,01;0,049
796;18.07.2023;13:23:26;00:13:15;250,0;712,5;36,2;41,5;25,1;720,8;75,3;0,1;5,29E-2;-541,2;20,00;3,9;3,8;43,43;3,84;0,779;0,0;0,01;0,046
797;18.07.2023;13:23:27;00:13:16;250,0;707,8;36,2;41,5;25,0;719,3;75,3;0,1;5,29E-2;-541,2;20,00;3,9;3,9;43,43;3,85;0,749;0,0;0,01;0,048
798;18.07.2023;13:23:28;00:13:17;250,0;707,8;36,2;41,5;25,0;716,4;75,5;0,1;5,27E-2;-541,2;20,00;3,9;3,9;43,44;3,86;0,678;0,0;0,01;0,049
799;18.07.2023;13:23:29;00:13:18;250,0;702,1;36,0;41,4;25,0;713,5;75,6;0,1;5,25E-2;-541,2;20,00;3,9;3,9;43,45;3,87;0,604;0,0;0,01;0,049
800;18.07.2023;13:23:30;00:13:19;250,0;702,1;35,9;41,3;25,0;712,0;75,7;0,1;5,24E-2;-541,2;20,00;3,9;3,9;43,45;3,87;0,575;0,0;0,01;0,045
801;18.07.2023;13:23:31;00:13:20;250,0;694,9;35,7;41,3;24,9;709,1;75,9;0,1;5,23E-2;-541,2;20,00;3,9;3,9;43,46;3,88;0,521;0,0;0,01;0,048
802;18.07.2023;13:23:32;00:13:21;250,0;694,9;35,7;41,3;24,8;707,4;76,0;0,1;5,21E-2;-541,2;20,00;3,9;3,9;43,47;3,88;0,492;0,0;0,01;0,049
803;18.07.2023;13:23:33;00:13:22;250,0;694,9;35,4;41,3;24,8;704,5;76,1;0,1;5,20E-2;-541,2;20,00;3,9;3,9;43,47;3,89;0,448;0,0;0,01;0,049
804;18.07.2023;13:23:34;00:13:23;250,0;687,2;35,4;41,2;24,8;701,6;76,2;0,1;5,18E-2;-541,2;20,00;3,9;4,0;43,48;3,90;0,421;0,0;0,01;0,049
805;18.07.2023;13:23:35;00:13:24;250,0;679,1;35,1;41,0;24,8;700,1;76,3;0,1;5,17E-2;-541,2;20,00;3,9;4,0;43,48;3,90;0,402;0,0;0,01;0,049
806;18.07.2023;13:23:36;00:13:25;250,0;679,1;35,1;41,0;24,8;697,2;76,5;0,1;5,15E-2;-541,2;20,00;3,9;3,9;43,49;3,90;0,368;0,0;0,01;0,049
807;18.07.2023;13:23:37;00:13:26;250,0;679,1;34,8;40,8;24,8;694,3;76,6;0,1;5,13E-2;-541,2;20,00;3,9;3,9;43,49;3,91;0,345;0,0;0,01;0,048
808;18.07.2023;13:23:38;00:13:27;250,0;670,4;34,8;40,8;24,7;692,6;76,7;0,1;5,12E-2;-541,2;20,00;3,9;3,9;43,50;3,92;0,334;0,0;0,01;0,049
809;18.07.2023;13:23:39;00:13:28;250,0;662,2;34,5;40,6;24,7;689,7;76,8;0,1;5,10E-2;-541,2;20,00;3,9;3,9;43,50;3,92;0,330;0,0;0,01;0,045
810;18.07.2023;13:23:40;00:13:29;250,0;662,2;34,2;40,6;24,7;686,7;76,9;0,1;5,09E-2;-541,2;20,00;3,9;3,9;43,51;3,93;0,310;0,0;0,01;0,049
811;18.07.2023;13:23:41;00:13:30;250,0;662,2;34,2;40,6;24,7;685,3;77,0;0,1;5,08E-2;-541,2;20,00;3,9;4,0;43,51;3,93;0,301;0,0;0,00;0,049
812;18.07.2023;13:23:42;00:13:31;250,0;653,9;34,2;40,4;24,7;682,4;77,1;0,1;5,06E-2;-541,2;20,00;3,9;3,9;43,52;3,93;0,279;0,0;0,01;0,045
813;18.07.2023;13:23:43;00:13:32;250,0;645,6;34,0;40,1;24,7;679,4;77,3;0,1;5,04E-2;-541,2;20,00;3,9;3,8;43,52;3,94;0,266;0,0;0,01;0,049
814;18.07.2023;13:23:44;00:13:33;250,0;645,6;34,0;40,1;24,7;677,7;77,3;0,1;5,03E-2;-541,2;20,00;3,9;3,8;43,52;3,94;0,258;0,0;0,00;0,049
815;18.07.2023;13:23:45;00:13:34;250,0;645,6;33,7;39,8;24,7;674,8;77,4;0,1;5,01E-2;-541,2;20,00;3,9;3,9;43,53;3,95;0,250;0,0;0,00;0,049
816;18.07.2023;13:23:46;00:13:35;250,0;637,7;33,7;39,8;24,7;673,3;77,5;0,1;5,00E-2;-541,2;20,00;3,9;3,9;43,53;3,95;0,247;0,0;0,01;0,049
817;18.07.2023;13:23:47;00:13:36;250,0;629,7;33,4;39,5;24,7;670,4;77,6;0,0;4,99E-2;-541,2;20,00;3,9;3,9;43,53;3,95;0,244;0,0;0,01;0,049
818;18.07.2023;13:23:48;00:13:37;250,0;629,7;33,4;39,5;24,7;667,5;77,7;0,0;4,97E-2;-541,2;20,00;3,9;3,9;43,54;3,95;0,226;0,0;0,01;0,049
819;18.07.2023;13:23:49;00:13:38;250,0;621,8;33,1;39,1;24,7;666,0;77,8;0,0;4,96E-2;-541,2;20,00;3,9;3,9;43,54;3,96;0,218;0,0;0,01;0,049
820;18.07.2023;13:23:50;00:13:39;250,0;621,8;33,1;39,1;24,7;662,9;77,9;0,0;4,95E-2;-541,2;20,00;3,9;3,8;43,54;3,96;0,200;0,0;0,01;0,049
821;18.07.2023;13:23:51;00:13:40;250,0;621,8;32,8;38,7;24,7;660,0;78,0;0,0;4,93E-2;-541,2;20,00;3,9;3,9;43,55;3,96;0,195;0,0;0,01;0,049
822;18.07.2023;13:23:52;00:13:41;250,0;613,5;32,8;38,7;24,7;658,5;78,1;0,0;4,92E-2;-541,2;20,00;3,9;3,9;43,55;3,97;0,188;0,0;0,01;0,049
823;18.07.2023;13:23:53;00:13:42;250,0;613,5;32,5;38,7;24,7;655,6;78,2;0,0;4,91E-2;-541,2;20,00;3,9;3,9;43,55;3,97;0,185;0,0;0,01;0,048
824;18.07.2023;13:23:54;00:13:43;250,0;605,2;32,5;38,3;24,7;652,7;78,3;0,0;4,89E-2;-541,2;20,00;3,9;3,8;43,56;3,97;0,184;0,0;0,01;0,049
825;18.07.2023;13:23:55;00:13:44;250,0;597,0;32,2;37,9;24,7;651,2;78,3;0,0;4,88E-2;-541,2;20,00;3,9;3,9;43,56;3,97;0,186;0,0;0,01;0,049
826;18.07.2023;13:23:56;00:13:45;250,0;597,0;32,2;37,9;24,6;648,0;78,4;0,0;4,87E-2;-541,2;20,00;3,9;3,8;43,56;3,98;0,178;0,0;0,00;0,047
827;18.07.2023;13:23:57;00:13:46;250,0;597,0;32,0;37,9;24,6;646,6;78,5;0,0;4,86E-2;-541,2;20,00;3,9;3,9;43,56;3,98;0,174;0,0;0,00;0,049
828;18.07.2023;13:23:58;00:13:47;250,0;589,0;32,0;37,5;24,6;643,7;78,6;0,0;4,84E-2;-541,2;20,00;3,9;3,9;43,57;3,98;0,177;0,0;0,01;0,048
829;18.07.2023;13:23:59;00:13:48;250,0;581,6;31,7;37,1;24,6;640,7;78,6;0,0;4,83E-2;-541,2;20,00;3,9;3,9;43,57;3,99;0,177;0,0;0,01;0,049
830;18.07.2023;13:24:00;00:13:49;250,0;581,6;31,7;37,1;24,6;639,3;78,7;0,0;4,82E-2;-541,2;20,00;3,9;3,9;43,57;3,99;0,179;0,0;0,01;0,049
831;18.07.2023;13:24:01;00:13:50;250,0;581,6;31,5;36,7;24,6;636,4;78,8;0,0;4,81E-2;-541,2;20,00;3,9;3,9;43,57;3,99;0,165;0,0;0,01;0,049
832;18.07.2023;13:24:02;00:13:51;250,0;574,2;31,5;36,7;24,6;633,2;78,9;0,0;4,79E-2;-541,2;20,00;3,9;3,9;43,58;3,99;0,147;0,0;0,01;0,048
833;18.07.2023;13:24:03;00:13:52;250,0;567,0;31,3;36,2;24,6;631,7;78,9;0,0;4,78E-2;-541,2;20,00;3,9;3,9;43,58;3,99;0,143;0,0;0,01;0,049
834;18.07.2023;13:24:04;00:13:53;250,0;567,0;31,3;36,2;24,6;628,8;79,0;0,0;4,77E-2;-541,2;20,00;3,9;3,8;43,58;4,00;0,131;0,0;0,00;0,049
835;18.07.2023;13:24:05;00:13:54;250,0;559,8;31,1;35,8;24,6;625,9;79,1;0,0;4,76E-2;-541,2;20,00;3,9;3,8;43,58;4,00;0,126;0,0;0,00;0,049
836;18.07.2023;13:24:06;00:13:55;250,0;559,8;31,1;35,8;24,6;624,4;79,1;0,0;4,75E-2;-541,2;20,00;3,9;3,9;43,58;4,00;0,124;0,0;0,00;0,049
837;18.07.2023;13:24:07;00:13:56;250,0;552,7;30,8;35,4;24,6;621,5;79,2;0,0;4,74E-2;-541,2;20,00;3,9;3,9;43,59;4,00;0,124;0,0;0,01;0,049
838;18.07.2023;13:24:08;00:13:57;250,0;552,7;30,6;35,0;24,6;618,4;79,2;0,0;4,72E-2;-541,2;20,00;3,9;3,9;43,59;4,01;0,120;0,0;0,01;0,048
839;18.07.2023;13:24:09;00:13:58;250,0;545,7;30,6;35,0;24,6;616,9;79,3;0,0;4,72E-2;-541,2;20,00;3,9;4,0;43,59;4,01;0,124;0,0;0,01;0,048
840;18.07.2023;13:24:10;00:13:59;250,0;545,8;30,7;35,1;24,6;614,0;79,3;0,0;4,70E-2;-541,2;20,00;3,9;3,9;43,59;4,01;0,127;0,0;0,00;0,046
841;18.07.2023;13:24:11;00:14:00;250,0;545,8;30,4;34,6;24,6;612,5;79,4;0,0;4,70E-2;-541,2;20,00;3,9;3,9;43,59;4,01;0,127;0,0;0,00;0,049
842;18.07.2023;13:24:12;00:14:01;250,0;538,4;30,4;34,6;24,6;609,6;79,4;0,0;4,69E-2;-541,2;20,00;3,9;4,0;43,60;4,01;0,128;0,0;0,01;0,049
843;18.07.2023;13:24:13;00:14:02;250,0;538,4;30,2;34,2;24,6;606,7;79,5;0,0;4,67E-2;-541,2;20,00;3,9;4,0;43,60;4,02;0,125;0,0;0,01;0,049
844;18.07.2023;13:24:14;00:14:03;250,0;531,1;30,2;34,2;24,6;605,0;79,5;0,0;4,66E-2;-541,2;20,00;3,9;3,9;43,60;4,02;0,126;0,0;0,00;0,048
845;18.07.2023;13:24:15;00:14:04;250,0;523,9;30,0;33,8;24,6;602,0;79,6;0,0;4,65E-2;-541,2;20,00;3,9;3,9;43,60;4,02;0,118;0,0;0,01;0,048
846;18.07.2023;13:24:16;00:14:05;250,0;523,9;29,9;33,8;24,6;599,1;79,6;0,0;4,64E-2;-541,2;20,00;3,9;3,8;43,60;4,02;0,112;0,0;0,01;0,049
847;18.07.2023;13:24:17;00:14:06;250,0;523,9;29,9;33,8;24,6;597,7;79,7;0,0;4,63E-2;-541,2;20,00;3,9;3,9;43,61;4,02;0,115;0,0;0,00;0,049
848;18.07.2023;13:24:18;00:14:07;250,0;516,8;29,9;33,4;24,6;594,7;79,7;0,0;4,62E-2;-541,2;20,00;3,9;3,9;43,61;4,02;0,117;0,0;0,01;0,049
849;18.07.2023;13:24:19;00:14:08;250,0;510,3;29,7;33,0;24,6;591,8;79,8;0,0;4,61E-2;-541,2;20,00;3,9;3,9;43,61;4,03;0,108;0,0;0,00;0,049
850;18.07.2023;13:24:20;00:14:09;250,0;510,3;29,7;33,0;24,6;590,1;79,8;0,0;4,60E-2;-541,2;20,00;3,9;3,8;43,61;4,03;0,106;0,0;0,00;0,046
851;18.07.2023;13:24:21;00:14:10;250,0;510,3;29,5;32,7;24,6;587,2;79,8;0,0;4,59E-2;-541,2;20,00;3,9;3,9;43,61;4,03;0,105;0,0;0,01;0,048
852;18.07.2023;13:24:22;00:14:11;250,0;503,9;29,5;32,7;24,6;585,7;79,8;0,0;4,58E-2;-541,2;20,00;3,9;3,9;43,61;4,03;0,105;0,0;0,00;0,048
853;18.07.2023;13:24:23;00:14:12;250,0;497,3;29,4;32,3;24,6;582,8;79,9;0,0;4,57E-2;-541,2;20,00;3,9;3,8;43,62;4,03;0,105;0,0;0,00;0,046
854;18.07.2023;13:24:24;00:14:13;250,0;497,3;29,4;32,3;24,6;579,9;79,9;0,0;4,56E-2;-541,2;20,00;3,9;3,9;43,62;4,04;0,112;0,0;0,01;0,049
855;18.07.2023;13:24:25;00:14:14;250,0;497,3;29,2;32,3;24,6;578,4;79,9;0,0;4,56E-2;-541,2;20,00;3,9;3,9;43,62;4,04;0,114;0,0;0,01;0,049
856;18.07.2023;13:24:26;00:14:15;250,0;490,7;29,2;31,9;24,6;575,3;80,0;0,0;4,54E-2;-541,2;20,00;3,9;3,8;43,62;4,04;0,110;0,0;0,00;0,049
857;18.07.2023;13:24:27;00:14:16;250,0;484,3;29,1;31,6;24,6;572,4;80,0;0,0;4,53E-2;-541,2;20,00;3,9;3,8;43,62;4,04;0,107;0,0;0,00;0,049
858;18.07.2023;13:24:28;00:14:17;250,0;484,3;29,1;31,6;24,6;570,9;80,0;0,0;4,53E-2;-541,2;20,00;3,9;3,8;43,62;4,04;0,110;0,0;0,00;0,049
859;18.07.2023;13:24:29;00:14:18;250,0;484,3;28,9;31,3;24,6;568,0;80,0;0,0;4,52E-2;-541,2;20,00;3,9;3,8;43,63;4,04;0,109;0,0;0,01;0,049
860;18.07.2023;13:24:30;00:14:19;250,0;478,0;28,9;31,3;24,6;565,1;80,1;0,0;4,50E-2;-541,2;20,00;3,9;3,9;43,63;4,05;0,108;0,0;0,01;0,049
861;18.07.2023;13:24:31;00:14:20;250,0;478,0;28,8;31,3;24,6;563,6;80,1;0,0;4,50E-2;-541,2;20,00;3,9;3,9;43,63;4,05;0,107;0,0;0,01;0,049
862;18.07.2023;13:24:32;00:14:21;250,0;471,6;28,8;31,0;24,6;560,4;80,1;0,0;4,49E-2;-541,2;20,00;3,9;3,9;43,63;4,05;0,103;0,0;0,01;0,048
863;18.07.2023;13:24:33;00:14:22;250,0;465,2;28,6;30,6;24,6;557,5;80,1;0,0;4,48E-2;-541,2;20,00;3,9;3,9;43,63;4,05;0,096;0,0;0,00;0,049
864;18.07.2023;13:24:34;00:14:23;250,0;465,2;28,6;30,6;24,6;556,1;80,1;0,0;4,47E-2;-541,2;20,00;3,9;3,9;43,63;4,05;0,092;0,0;0,00;0,049
865;18.07.2023;13:24:35;00:14:24;250,0;465,2;28,5;30,3;24,6;553,1;80,1;0,0;4,46E-2;-541,2;20,00;3,9;3,9;43,64;4,05;0,088;0,0;0,00;0,048
866;18.07.2023;13:24:36;00:14:25;250,0;458,9;28,5;30,3;24,6;551,7;80,1;0,0;4,45E-2;-541,2;20,00;3,9;4,0;43,64;4,05;0,087;0,0;0,00;0,049
867;18.07.2023;13:24:37;00:14:26;250,0;458,9;28,5;30,3;24,5;548,8;80,1;0,0;4,44E-2;-541,2;20,00;3,9;3,9;43,64;4,06;0,081;0,0;0,01;0,049
868;18.07.2023;13:24:38;00:14:27;250,0;452,7;28,3;30,0;24,5;545,6;80,1;0,0;4,44E-2;-541,2;20,00;3,9;3,9;43,64;4,06;0,088;0,0;0,00;0,049
869;18.07.2023;13:24:39;00:14:28;250,0;452,7;28,2;29,8;24,5;544,1;80,1;0,0;4,43E-2;-541,2;20,00;3,9;3,9;43,64;4,06;0,088;0,0;0,00;0,045
870;18.07.2023;13:24:40;00:14:29;250,0;447,0;28,2;29,8;24,5;541,2;80,1;0,0;4,42E-2;-541,2;20,00;3,9;3,9;43,64;4,06;0,087;0,0;0,01;0,046
871;18.07.2023;13:24:41;00:14:30;250,0;447,0;28,1;29,5;24,5;538,3;80,1;0,0;4,41E-2;-541,2;20,00;3,9;3,9;43,64;4,06;0,087;0,0;0,00;0,049
872;18.07.2023;13:24:42;00:14:31;250,0;441,3;28,1;29,5;24,5;536,8;80,1;0,0;4,40E-2;-541,2;20,00;3,9;3,9;43,65;4,06;0,088;0,0;0,01;0,049
873;18.07.2023;13:24:43;00:14:32;250,0;435,8;28,0;29,3;24,5;533,9;80,1;0,0;4,40E-2;-541,2;20,00;3,9;3,8;43,65;4,06;0,092;0,0;0,00;0,049
874;18.07.2023;13:24:44;00:14:33;250,0;435,8;27,9;29,3;24,5;530,7;80,1;0,0;4,39E-2;-541,2;20,00;3,9;4,0;43,65;4,07;0,095;0,0;0,00;0,049
875;18.07.2023;13:24:45;00:14:34;250,0;435,8;27,9;29,0;24,5;529,3;80,1;0,0;4,38E-2;-541,2;20,00;3,9;3,9;43,65;4,07;0,096;0,0;0,01;0,046
876;18.07.2023;13:24:46;00:14:35;250,0;430,3;27,9;29,0;24,5;526,4;80,1;0,0;4,37E-2;-541,2;20,00;3,9;3,9;43,65;4,07;0,090;0,0;0,01;0,049
877;18.07.2023;13:24:47;00:14:36;250,0;424,9;27,8;28,8;24,5;523,4;80,1;0,0;4,36E-2;-541,2;20,00;3,9;4,0;43,65;4,07;0,089;0,0;0,00;0,048
878;18.07.2023;13:24:48;00:14:37;250,0;424,9;27,8;28,8;24,5;522,0;80,1;0,0;4,36E-2;-541,2;20,00;3,9;4,0;43,65;4,07;0,088;0,0;0,00;0,046
879;18.07.2023;13:24:49;00:14:38;250,0;424,9;27,7;28,5;24,5;519,1;80,1;0,0;4,35E-2;-541,2;20,00;3,9;3,9;43,66;4,07;0,078;0,0;0,00;0,048
880;18.07.2023;13:24:50;00:14:39;250,0;419,5;27,7;28,5;24,5;517,6;80,1;0,0;4,35E-2;-541,2;20,00;3,9;3,9;43,66;4,07;0,079;0,0;0,01;0,049
881;18.07.2023;13:24:51;00:14:40;250,0;419,5;27,5;28,3;24,5;514,4;80,0;0,0;4,34E-2;-541,2;20,00;3,9;3,9;43,66;4,08;0,080;0,0;0,01;0,047
882;18.07.2023;13:24:52;00:14:41;250,0;413,8;27,5;28,3;24,5;511,5;80,0;0,0;4,34E-2;-541,2;20,00;3,9;3,9;43,66;4,08;0,077;0,0;0,01;0,049
883;18.07.2023;13:24:53;00:14:42;250,0;413,8;27,5;28,3;24,5;510,1;80,0;0,0;4,33E-2;-541,2;20,00;3,9;3,9;43,66;4,08;0,079;0,0;0,00;0,046
884;18.07.2023;13:24:54;00:14:43;250,0;408,2;27,4;28,1;24,5;507,1;80,0;0,0;4,32E-2;-541,2;20,00;3,9;3,9;43,66;4,08;0,078;0,0;0,01;0,049
885;18.07.2023;13:24:55;00:14:44;250,0;402,7;27,3;27,9;24,5;504,2;79,9;0,0;4,32E-2;-541,2;20,00;3,9;3,9;43,66;4,08;0,072;0,0;0,00;0,049
886;18.07.2023;13:24:56;00:14:45;250,0;402,7;27,3;27,9;24,5;502,8;79,9;0,0;4,31E-2;-541,2;20,00;3,9;3,9;43,66;4,08;0,070;0,0;0,00;0,049
887;18.07.2023;13:24:57;00:14:46;250,0;402,7;27,2;27,9;24,5;499,6;79,9;0,0;4,31E-2;-541,2;20,00;3,9;3,9;43,66;4,08;0,067;0,0;0,00;0,045
888;18.07.2023;13:24:58;00:14:47;250,0;397,2;27,2;27,6;24,4;496,7;79,8;0,0;4,30E-2;-541,2;20,00;3,9;3,9;43,67;4,08;0,063;0,0;0,00;0,049
889;18.07.2023;13:24:59;00:14:48;250,0;392,1;27,1;27,5;24,4;495,2;79,8;0,0;4,29E-2;-541,2;20,00;3,9;3,9;43,67;4,08;0,068;0,0;0,00;0,049
890;18.07.2023;13:25:00;00:14:49;250,0;392,1;27,1;27,5;24,4;492,3;79,8;0,0;4,28E-2;-541,2;20,00;3,9;3,9;43,67;4,08;0,072;0,0;0,01;0,049
891;18.07.2023;13:25:01;00:14:50;250,0;392,1;27,0;27,3;24,4;490,8;79,8;0,0;4,28E-2;-541,2;20,00;3,9;3,9;43,67;4,09;0,074;0,0;0,00;0,049
892;18.07.2023;13:25:02;00:14:51;250,0;387,2;27,0;27,3;24,4;487,9;79,7;0,0;4,27E-2;-541,2;20,00;3,9;3,9;43,67;4,09;0,072;0,0;0,01;0,049
893;18.07.2023;13:25:03;00:14:52;250,0;382,2;26,9;27,1;24,4;484,8;79,7;0,0;4,26E-2;-541,2;20,00;3,9;3,9;43,67;4,09;0,073;0,0;0,01;0,049
894;18.07.2023;13:25:04;00:14:53;250,0;382,2;26,9;27,1;24,4;483,3;79,6;0,0;4,26E-2;-541,2;20,00;3,9;4,0;43,67;4,09;0,076;0,0;0,00;0,049
895;18.07.2023;13:25:05;00:14:54;250,0;382,2;26,8;26,9;24,4;480,4;79,6;0,0;4,25E-2;-541,2;20,00;3,9;3,9;43,67;4,09;0,074;0,0;0,00;0,048
896;18.07.2023;13:25:06;00:14:55;250,0;377,4;26,8;26,9;24,4;477,5;79,5;0,0;4,24E-2;-541,2;20,00;3,9;4,0;43,68;4,09;0,074;0,0;0,01;0,049
897;18.07.2023;13:25:07;00:14:56;250,0;377,4;26,7;26,8;24,4;476,0;79,5;0,0;4,23E-2;-541,2;20,00;3,9;3,9;43,68;4,09;0,067;0,0;0,00;0,049
898;18.07.2023;13:25:08;00:14:57;250,0;372,6;26,7;26,8;24,4;473,1;79,4;0,0;4,23E-2;-541,2;20,00;3,9;3,9;43,68;4,10;0,067;0,0;0,00;0,048
899;18.07.2023;13:25:09;00:14:58;250,0;367,6;26,6;26,6;24,4;469,9;79,4;0,0;4,22E-2;-541,2;20,00;3,9;3,8;43,68;4,10;0,070;0,0;0,00;0,049
900;18.07.2023;13:25:10;00:14:59;250,0;367,6;26,6;26,6;24,4;468,5;79,3;0,0;4,21E-2;-541,2;20,00;3,9;3,9;43,68;4,10;0,069;0,0;0,01;0,049
901;18.07.2023;13:25:11;00:15:00;250,0;367,7;26,5;26,6;24,4;465,5;79,3;0,0;4,21E-2;-541,2;20,00;3,9;3,8;43,68;4,10;0,065;0,0;0,00;0,049
902;18.07.2023;13:25:12;00:15:01;250,0;362,5;26,5;26,4;24,4;462,6;79,2;0,0;4,20E-2;-541,2;20,00;3,9;3,8;43,68;4,10;0,061;0,0;0,00;0,048
903;18.07.2023;13:25:13;00:15:02;250,0;362,5;26,5;26,4;24,4;461,2;79,2;0,0;4,20E-2;-541,2;20,00;3,9;3,8;43,68;4,10;0,057;0,0;0,00;0,049
904;18.07.2023;13:25:14;00:15:03;250,0;357,3;26,4;26,3;24,4;458,2;79,1;0,0;4,18E-2;-541,2;20,00;3,9;3,9;43,68;4,10;0,059;0,0;0,01;0,049
905;18.07.2023;13:25:15;00:15:04;250,0;357,3;26,3;26,3;24,4;456,5;79,0;0,0;4,18E-2;-541,2;20,00;3,9;3,8;43,68;4,10;0,058;0,0;0,01;0,049
906;18.07.2023;13:25:16;00:15:05;250,0;352,2;26,3;26,1;24,4;453,6;79,0;0,0;4,18E-2;-541,2;20,00;3,9;3,9;43,69;4,10;0,063;0,0;0,00;0,046
907;18.07.2023;13:25:17;00:15:06;250,0;352,2;26,2;25,9;24,4;450,7;78,9;0,0;4,17E-2;-541,2;20,00;3,9;3,9;43,69;4,10;0,062;0,0;0,01;0,049
908;18.07.2023;13:25:18;00:15:07;250,0;347,4;26,2;25,9;24,4;449,2;78,8;0,0;4,17E-2;-541,2;20,00;3,9;3,9;43,69;4,11;0,065;0,0;0,01;0,048
909;18.07.2023;13:25:19;00:15:08;250,0;347,4;26,2;25,8;24,4;446,3;78,8;0,0;4,16E-2;-541,2;20,00;3,9;3,9;43,69;4,11;0,063;0,0;0,00;0,048
910;18.07.2023;13:25:20;00:15:09;250,0;342,8;26,2;25,8;24,4;443,4;78,7;0,0;4,15E-2;-541,2;20,00;3,9;3,9;43,69;4,11;0,065;0,0;0,01;0,049
911;18.07.2023;13:25:21;00:15:10;250,0;342,8;26,2;25,8;24,4;441,7;78,6;0,0;4,14E-2;-541,2;20,00;3,9;3,9;43,69;4,11;0,061;0,0;0,00;0,046
912;18.07.2023;13:25:22;00:15:11;250,0;338,4;26,1;25,7;24,3;438,8;78,5;0,0;4,14E-2;-541,2;20,00;3,9;3,9;43,69;4,11;0,058;0,0;0,00;0,049
913;18.07.2023;13:25:23;00:15:12;250,0;334,0;26,0;25,5;24,3;435,8;78,4;0,0;4,13E-2;-541,2;20,00;3,9;3,9;43,69;4,11;0,052;0,0;0,00;0,049
914;18.07.2023;13:25:24;00:15:13;250,0;334,0;26,0;25,5;24,3;434,4;78,4;0,0;4,13E-2;-541,2;20,00;3,9;3,9;43,69;4,11;0,050;0,0;0,00;0,049
915;18.07.2023;13:25:25;00:15:14;250,0;334,0;25,9;25,5;24,3;431,5;78,3;0,0;4,12E-2;-541,2;20,00;3,9;3,9;43,69;4,11;0,049;0,0;0,00;0,049
916;18.07.2023;13:25:26;00:15:15;250,0;329,7;25,9;25,4;24,3;428,6;78,2;0,0;4,11E-2;-541,2;20,00;3,9;4,0;43,70;4,11;0,045;0,0;0,00;0,048
917;18.07.2023;13:25:27;00:15:16;250,0;325,4;25,8;25,3;24,3;426,8;78,1;0,0;4,11E-2;-541,2;20,00;3,9;3,9;43,69;4,11;0,048;0,0;0,00;0,049
918;18.07.2023;13:25:28;00:15:17;250,0;325,4;25,8;25,3;24,3;423,9;78,0;0,0;4,10E-2;-541,2;20,00;3,9;3,8;43,70;4,11;0,042;0,0;0,01;0,049
919;18.07.2023;13:25:29;00:15:18;250,0;325,4;25,7;25,2;24,3;422,5;78,0;0,0;4,10E-2;-541,2;20,00;3,9;3,9;43,70;4,11;0,043;0,0;0,00;0,048
920;18.07.2023;13:25:30;00:15:19;250,0;321,2;25,7;25,2;24,3;419,5;77,9;0,0;4,09E-2;-541,2;20,00;3,9;3,9;43,70;4,11;0,044;0,0;0,01;0,049
921;18.07.2023;13:25:31;00:15:20;250,0;321,1;25,6;25,1;24,3;416,6;77,8;0,0;4,08E-2;-541,2;20,00;3,9;3,9;43,70;4,12;0,045;0,0;0,01;0,049
922;18.07.2023;13:25:32;00:15:21;250,0;316,6;25,6;25,0;24,3;415,2;77,7;0,0;4,08E-2;-541,2;20,00;3,9;3,9;43,70;4,12;0,044;0,0;0,00;0,048
923;18.07.2023;13:25:33;00:15:22;250,0;316,6;25,5;25,0;24,3;412,0;77,6;0,0;4,07E-2;-541,2;20,00;3,9;3,9;43,70;4,12;0,046;0,0;0,01;0,048
924;18.07.2023;13:25:34;00:15:23;250,0;312,2;25,5;24,9;24,3;409,1;77,5;0,0;4,06E-2;-541,2;20,00;3,9;4,0;43,70;4,12;0,051;0,0;0,01;0,049
925;18.07.2023;13:25:35;00:15:24;250,0;312,2;25,4;24,8;24,3;407,6;77,4;0,0;4,06E-2;-541,2;20,00;3,9;3,9;43,70;4,12;0,051;0,0;0,01;0,048
926;18.07.2023;13:25:36;00:15:25;250,0;307,8;25,4;24,8;24,2;404,7;77,3;0,0;4,05E-2;-541,2;20,00;3,9;3,9;43,70;4,12;0,049;0,0;0,00;0,049
927;18.07.2023;13:25:37;00:15:26;250,0;307,8;25,3;24,6;24,2;401,8;77,2;0,0;4,05E-2;-541,2;20,00;3,9;3,8;43,70;4,12;0,050;0,0;0,00;0,049
928;18.07.2023;13:25:38;00:15:27;250,0;303,5;25,3;24,6;24,2;400,3;77,1;0,0;4,05E-2;-541,2;20,00;3,9;3,9;43,70;4,12;0,051;0,0;0,01;0,046
929;18.07.2023;13:25:39;00:15:28;250,0;299,5;25,3;24,5;24,2;397,2;77,0;0,0;4,04E-2;-541,2;20,00;3,9;3,9;43,70;4,12;0,051;0,0;0,01;0,047
930;18.07.2023;13:25:40;00:15:29;250,0;299,5;25,3;24,5;24,2;395,7;76,9;0,0;4,04E-2;-541,2;20,00;3,9;3,9;43,71;4,12;0,048;0,0;0,00;0,047
931;18.07.2023;13:25:41;00:15:30;250,0;299,5;25,3;24,5;24,2;392,8;76,8;0,0;4,03E-2;-541,2;20,00;3,9;3,9;43,71;4,12;0,044;0,0;0,00;0,049
932;18.07.2023;13:25:42;00:15:31;250,0;295,6;25,2;24,4;24,2;389,9;76,6;0,0;4,02E-2;-541,2;20,00;3,9;3,9;43,71;4,13;0,043;0,0;0,00;0,048
933;18.07.2023;13:25:43;00:15:32;250,0;295,6;25,1;24,4;24,2;388,4;76,6;0,0;4,02E-2;-541,2;20,00;3,9;3,9;43,71;4,13;0,043;0,0;0,01;0,049
934;18.07.2023;13:25:44;00:15:33;250,0;291,6;25,1;24,3;24,2;385,5;76,4;0,0;4,02E-2;-541,2;20,00;3,9;3,9;43,71;4,13;0,041;0,0;0,00;0,046
935;18.07.2023;13:25:45;00:15:34;250,0;291,6;25,0;24,2;24,2;382,3;76,3;0,0;4,01E-2;-541,2;20,00;3,9;3,9;43,71;4,13;0,038;0,0;0,00;0,048
936;18.07.2023;13:25:46;00:15:35;250,0;287,7;25,0;24,2;24,2;380,9;76,2;0,0;4,01E-2;-541,2;20,00;3,9;3,9;43,71;4,13;0,034;0,0;0,00;0,048
937;18.07.2023;13:25:47;00:15:36;250,0;283,9;24,9;24,1;24,2;377,9;76,1;0,0;4,00E-2;-541,2;20,00;3,9;3,9;43,71;4,13;0,037;0,0;0,01;0,047
938;18.07.2023;13:25:48;00:15:37;250,0;283,9;24,9;24,1;24,2;375,0;75,9;0,0;4,00E-2;-541,2;20,00;3,9;3,9;43,71;4,13;0,034;0,0;0,01;0,049
939;18.07.2023;13:25:49;00:15:38;250,0;283,9;24,9;24,0;24,2;373,6;75,8;0,0;3,99E-2;-541,2;20,00;3,9;3,9;43,71;4,13;0,035;0,0;0,01;0,046
940;18.07.2023;13:25:50;00:15:39;250,0;280,1;24,9;24,0;24,2;370,6;75,7;0,0;3,99E-2;-541,2;20,00;3,9;3,8;43,71;4,13;0,038;0,0;0,01;0,047
941;18.07.2023;13:25:51;00:15:40;250,0;280,1;24,8;24,0;24,1;367,5;75,5;0,0;3,98E-2;-541,2;20,00;3,9;3,9;43,71;4,13;0,047;0,0;0,01;0,046
942;18.07.2023;13:25:52;00:15:41;250,0;276,1;24,8;23,9;24,1;366,0;75,4;0,0;3,98E-2;-541,2;20,00;3,9;3,9;43,71;4,13;0,047;0,0;0,01;0,049
943;18.07.2023;13:25:53;00:15:42;250,0;276,1;24,7;23,9;24,1;363,1;75,3;0,0;3,97E-2;-541,2;20,00;3,9;3,8;43,72;4,13;0,045;0,0;0,01;0,048
944;18.07.2023;13:25:54;00:15:43;250,0;272,1;24,7;23,8;24,1;361,6;75,2;0,0;3,97E-2;-541,2;20,00;3,9;3,9;43,71;4,13;0,045;0,0;0,00;0,049
945;18.07.2023;13:25:55;00:15:44;250,0;272,1;24,7;23,8;24,1;358,7;75,1;0,0;3,96E-2;-541,2;20,00;3,9;3,9;43,72;4,13;0,044;0,0;0,01;0,048
946;18.07.2023;13:25:56;00:15:45;250,0;268,0;24,6;23,7;24,1;355,8;74,9;0,0;3,96E-2;-541,2;20,00;3,9;3,9;43,72;4,13;0,042;0,0;0,00;0,049
947;18.07.2023;13:25:57;00:15:46;250,0;268,0;24,6;23,7;24,1;354,3;74,8;0,0;3,95E-2;-541,2;20,00;3,9;3,8;43,72;4,13;0,038;0,0;0,00;0,048
948;18.07.2023;13:25:58;00:15:47;250,0;263,9;24,5;23,6;24,1;351,2;74,6;0,0;3,95E-2;-541,2;20,00;3,9;3,8;43,72;4,13;0,041;0,0;0,01;0,046
949;18.07.2023;13:25:59;00:15:48;250,0;263,9;24,4;23,6;24,1;348,3;74,5;0,0;3,94E-2;-541,2;20,00;3,9;3,9;43,72;4,14;0,045;0,0;0,00;0,049
950;18.07.2023;13:26:00;00:15:49;250,0;260,2;24,4;23,5;24,1;346,8;74,4;0,0;3,94E-2;-541,2;20,00;3,9;4,0;43,72;4,14;0,042;0,0;0,01;0,048
951;18.07.2023;13:26:01;00:15:50;250,0;260,2;24,4;23,5;24,1;343,9;74,2;0,0;3,93E-2;-541,2;20,00;3,9;3,9;43,72;4,14;0,036;0,0;0,00;0,049
952;18.07.2023;13:26:02;00:15:51;250,0;256,5;24,4;23,4;24,1;341,0;74,0;0,0;3,92E-2;-541,2;20,00;3,9;3,9;43,72;4,14;0,035;0,0;0,01;0,048
953;18.07.2023;13:26:03;00:15:52;250,0;256,5;24,3;23,3;24,1;339,5;73,9;0,0;3,92E-2;-541,2;20,00;3,9;3,9;43,72;4,14;0,037;0,0;0,00;0,048
954;18.07.2023;13:26:04;00:15:53;250,0;253,0;24,3;23,3;24,1;336,3;73,7;0,0;3,92E-2;-541,2;20,00;3,9;3,9;43,72;4,14;0,047;0,0;0,00;0,048
955;18.07.2023;13:26:05;00:15:54;250,0;249,5;24,2;23,2;24,1;333,4;73,5;0,0;3,91E-2;-541,2;20,00;3,9;3,9;43,72;4,14;0,048;0,0;0,00;0,049
956;18.07.2023;13:26:06;00:15:55;250,0;249,5;24,2;23,2;24,0;331,9;73,5;0,0;3,91E-2;-541,2;20,00;3,9;3,9;43,72;4,14;0,046;0,0;0,00;0,048
957;18.07.2023;13:26:07;00:15:56;250,0;246,0;24,1;23,1;24,0;329,0;73,3;0,0;3,90E-2;-541,2;20,00;3,9;3,8;43,72;4,14;0,045;0,0;0,00;0,048
958;18.07.2023;13:26:08;00:15:57;250,0;246,0;24,1;23,1;24,0;327,6;73,2;0,0;3,90E-2;-541,2;20,00;3,9;3,9;43,72;4,14;0,045;0,0;0,00;0,049
959;18.07.2023;13:26:09;00:15:58;250,0;246,0;24,1;23,1;24,0;324,6;73,0;0,0;3,89E-2;-541,2;20,00;3,9;3,9;43,73;4,14;0,042;0,0;0,00;0,049
960;18.07.2023;13:26:10;00:15:59;250,0;242,6;24,1;23,1;24,0;321,5;72,8;0,0;3,89E-2;-541,2;20,00;3,9;4,0;43,73;4,14;0,042;0,0;0,01;0,049
961;18.07.2023;13:26:11;00:16:00;250,0;242,6;24,1;23,1;24,0;320,0;72,7;0,0;3,89E-2;-541,2;20,00;3,9;3,9;43,73;4,14;0,043;0,0;0,00;0,049
962;18.07.2023;13:26:12;00:16:01;250,0;239,0;24,0;23,0;24,0;317,1;72,5;0,0;3,88E-2;-541,2;20,00;3,9;4,0;43,73;4,15;0,043;0,0;0,01;0,048
963;18.07.2023;13:26:13;00:16:02;250,0;239,0;24,0;22,9;24,0;314,2;72,3;0,0;3,88E-2;-541,2;20,00;3,9;3,9;43,73;4,15;0,037;0,0;0,01;0,047
964;18.07.2023;13:26:14;00:16:03;250,0;235,4;24,0;22,9;24,0;312,7;72,2;0,0;3,87E-2;-541,2;20,00;3,9;3,9;43,73;4,15;0,035;0,0;0,01;0,049
965;18.07.2023;13:26:15;00:16:04;250,0;235,4;23,9;22,9;24,0;309,8;72,0;0,0;3,86E-2;-541,2;20,00;3,9;3,9;43,73;4,15;0,035;0,0;0,00;0,048
966;18.07.2023;13:26:16;00:16:05;250,0;231,8;23,9;22,8;24,0;306,6;71,7;0,0;3,86E-2;-541,2;20,00;3,9;3,9;43,73;4,15;0,033;0,0;0,00;0,048
967;18.07.2023;13:26:17;00:16:06;250,0;231,8;23,9;22,8;24,0;305,2;71,6;0,0;3,85E-2;-541,2;20,00;3,9;3,9;43,73;4,15;0,033;0,0;0,01;0,049
968;18.07.2023;13:26:18;00:16:07;250,0;228,3;23,8;22,8;24,0;302,3;71,4;0,0;3,85E-2;-541,2;20,00;3,9;3,9;43,73;4,15;0,032;0,0;0,00;0,046
969;18.07.2023;13:26:19;00:16:08;250,0;228,3;23,7;22,8;24,0;300,8;71,3;0,0;3,85E-2;-541,2;20,00;3,9;3,9;43,73;4,15;0,031;0,0;0,00;0,048
970;18.07.2023;13:26:20;00:16:09;250,0;225,1;23,7;22,7;24,0;297,9;71,1;0,0;3,84E-2;-541,2;20,00;3,9;3,9;43,73;4,15;0,031;0,0;0,00;0,045
971;18.07.2023;13:26:21;00:16:10;250,0;225,1;23,7;22,7;24,0;295,0;70,9;0,0;3,84E-2;-541,2;20,00;3,9;3,9;43,73;4,15;0,034;0,0;0,01;0,049
972;18.07.2023;13:26:22;00:16:11;250,0;221,8;23,7;22,6;24,0;293,3;70,8;0,0;3,83E-2;-541,2;20,00;3,9;3,8;43,73;4,15;0,031;0,0;0,00;0,049
973;18.07.2023;13:26:23;00:16:12;250,0;221,8;23,6;22,5;24,0;290,3;70,5;0,0;3,83E-2;-541,2;20,00;3,9;3,8;43,73;4,15;0,030;0,0;0,00;0,048
974;18.07.2023;13:26:24;00:16:13;250,0;218,6;23,6;22,5;24,0;287,4;70,3;0,0;3,82E-2;-541,2;20,00;3,9;3,9;43,73;4,15;0,030;0,0;0,01;0,048
975;18.07.2023;13:26:25;00:16:14;250,0;218,6;23,6;22,5;24,0;286,0;70,2;0,0;3,82E-2;-541,2;20,00;3,9;3,9;43,73;4,15;0,037;0,0;0,00;0,049
976;18.07.2023;13:26:26;00:16:15;250,0;215,5;23,5;22,5;23,9;283,0;70,0;0,0;3,81E-2;-541,2;20,00;3,9;3,9;43,74;4,15;0,038;0,0;0,01;0,049
977;18.07.2023;13:26:27;00:16:16;250,0;212,3;23,5;22,4;23,9;280,1;69,7;0,0;3,81E-2;-541,2;20,00;3,9;3,9;43,74;4,15;0,041;0,0;0,00;0,048
978;18.07.2023;13:26:28;00:16:17;250,0;212,3;23,5;22,4;23,9;278,4;69,6;0,0;3,80E-2;-541,2;20,00;3,9;3,9;43,74;4,15;0,043;0,0;0,01;0,049
979;18.07.2023;13:26:29;00:16:18;250,0;212,3;23,4;22,4;23,9;275,5;69,4;0,0;3,80E-2;-541,2;20,00;3,9;3,9;43,74;4,15;0,038;0,0;0,00;0,048
980;18.07.2023;13:26:30;00:16:19;250,0;209,3;23,4;22,3;23,9;272,6;69,1;0,0;3,79E-2;-541,2;20,00;3,9;3,9;43,74;4,15;0,035;0,0;0,00;0,049
981;18.07.2023;13:26:31;00:16:20;250,0;209,2;23,4;22,3;23,9;271,1;69,0;0,0;3,79E-2;-541,2;20,00;3,9;3,9;43,74;4,15;0,035;0,0;0,00;0,048
982;18.07.2023;13:26:32;00:16:21;250,0;205,9;23,3;22,2;23,9;268,2;68,8;0,0;3,79E-2;-541,2;20,00;3,9;3,9;43,74;4,16;0,037;0,0;0,00;0,049
983;18.07.2023;13:26:33;00:16:22;250,0;205,9;23,3;22,2;23,9;266,7;68,6;0,0;3,79E-2;-541,2;20,00;3,9;3,9;43,74;4,16;0,038;0,0;0,01;0,048
984;18.07.2023;13:26:34;00:16:23;250,0;202,7;23,2;22,1;23,9;263,6;68,4;0,0;3,78E-2;-541,2;20,00;3,9;3,9;43,74;4,16;0,036;0,0;0,01;0,048
985;18.07.2023;13:26:35;00:16:24;250,0;202,7;23,2;22,1;23,9;260,7;68,1;0,0;3,77E-2;-541,2;20,00;3,9;4,0;43,74;4,16;0,037;0,0;0,00;0,049
986;18.07.2023;13:26:36;00:16:25;250,0;199,5;23,2;22,1;23,9;259,2;68,0;0,0;3,77E-2;-541,2;20,00;3,9;4,0;43,74;4,16;0,037;0,0;0,01;0,047
987;18.07.2023;13:26:37;00:16:26;250,0;199,5;23,2;22,1;23,8;256,3;67,7;0,0;3,76E-2;-541,2;20,00;3,9;3,9;43,74;4,16;0,031;0,0;0,00;0,046
988;18.07.2023;13:26:38;00:16:27;250,0;196,4;23,1;22,0;23,8;253,4;67,5;0,0;3,76E-2;-541,2;20,00;3,9;3,9;43,74;4,16;0,028;0,0;0,01;0,049
989;18.07.2023;13:26:39;00:16:28;250,0;196,4;23,1;22,0;23,8;251,9;67,4;0,0;3,76E-2;-541,2;20,00;3,9;3,9;43,74;4,16;0,031;0,0;0,00;0,049
990;18.07.2023;13:26:40;00:16:29;250,0;193,5;23,1;22,0;23,8;248,7;67,1;0,0;3,75E-2;-541,2;20,00;3,9;3,9;43,74;4,16;0,033;0,0;0,00;0,048
991;18.07.2023;13:26:41;00:16:30;250,0;193,5;23,0;21,9;23,8;245,8;66,8;0,0;3,75E-2;-541,2;20,00;3,9;3,9;43,75;4,16;0,037;0,0;0,00;0,047
992;18.07.2023;13:26:42;00:16:31;250,0;190,5;23,0;21,9;23,8;244,4;66,7;0,0;3,75E-2;-541,2;20,00;3,9;3,9;43,74;4,16;0,045;0,0;0,01;0,049
993;18.07.2023;13:26:43;00:16:32;250,0;190,5;22,9;21,9;23,8;241,4;66,4;0,0;3,74E-2;-541,2;20,00;3,9;3,9;43,75;4,16;0,044;0,0;0,01;0,049
994;18.07.2023;13:26:44;00:16:33;250,0;187,5;22,9;21,8;23,8;238,5;66,2;0,0;3,74E-2;-541,2;20,00;3,9;3,9;43,75;4,16;0,045;0,0;0,01;0,048
995;18.07.2023;13:26:45;00:16:34;250,0;187,5;22,9;21,8;23,8;237,1;66,0;0,0;3,73E-2;-541,2;20,00;3,9;3,9;43,75;4,16;0,041;0,0;0,01;0,048
996;18.07.2023;13:26:46;00:16:35;250,0;184,6;22,9;21,8;23,8;233,9;65,7;0,0;3,73E-2;-541,2;20,00;3,9;3,9;43,75;4,17;0,037;0,0;0,01;0,049
997;18.07.2023;13:26:47;00:16:36;250,0;184,6;22,8;21,8;23,8;232,4;65,6;0,0;3,72E-2;-541,2;20,00;3,9;3,9;43,75;4,17;0,036;0,0;0,00;0,049
998;18.07.2023;13:26:48;00:16:37;250,0;181,7;22,8;21,7;23,8;229,5;65,3;0,0;3,72E-2;-541,2;20,00;3,9;3,9;43,75;4,17;0,033;0,0;0,01;0,046
999;18.07.2023;13:26:49;00:16:38;250,0;181,7;22,7;21,7;23,8;226,6;65,0;0,0;3,72E-2;-541,2;20,00;3,9;3,8;43,75;4,17;0,031;0,0;0,01;0,046
1000;18.07.2023;13:26:50;00:16:39;250,0;179,0;22,7;21,6;23,8;225,1;64,9;0,0;3,71E-2;-541,2;20,00;3,9;3,8;43,75;4,17;0,031;0,0;0,00;0,049
1001;18.07.2023;13:26:51;00:16:40;250,0;179,0;22,8;21,7;23,8;222,2;64,6;0,0;3,71E-2;-541,2;20,00;3,9;3,9;43,75;4,17;0,032;0,0;0,00;0,049
1002;18.07.2023;13:26:52;00:16:41;250,0;176,1;22,7;21,6;23,8;219,0;64,3;0,0;3,71E-2;-541,2;20,00;3,9;3,8;43,75;4,17;0,032;0,0;0,00;0,048
1003;18.07.2023;13:26:53;00:16:42;250,0;176,1;22,7;21,6;23,8;217,6;64,2;0,0;3,70E-2;-541,2;20,00;3,9;3,9;43,75;4,17;0,034;0,0;0,00;0,045
1004;18.07.2023;13:26:54;00:16:43;250,0;176,1;22,7;21,5;23,8;214,7;63,9;0,0;3,69E-2;-541,2;20,00;3,9;3,9;43,75;4,17;0,030;0,0;0,00;0,047
1005;18.07.2023;13:26:55;00:16:44;250,0;173,3;22,7;21,5;23,8;211,7;63,6;0,0;3,69E-2;-541,2;20,00;3,9;3,9;43,75;4,17;0,030;0,0;0,00;0,047
1006;18.07.2023;13:26:56;00:16:45;250,0;170,4;22,6;21,5;23,8;210,3;63,4;0,0;3,69E-2;-541,2;20,00;3,9;3,8;43,75;4,17;0,029;0,0;0,01;0,049
1007;18.07.2023;13:26:57;00:16:46;250,0;170,4;22,6;21,5;23,8;207,4;63,1;0,0;3,68E-2;-541,2;20,00;3,9;3,8;43,75;4,17;0,031;0,0;0,01;0,047
1008;18.07.2023;13:26:58;00:16:47;250,0;167,6;22,5;21,4;23,8;205,9;63,0;0,0;3,68E-2;-541,2;20,00;3,9;3,9;43,75;4,17;0,031;0,0;0,01;0,049
1009;18.07.2023;13:26:59;00:16:48;250,0;167,6;22,5;21,4;23,8;202,7;62,7;0,0;3,68E-2;-541,2;20,00;3,9;3,9;43,75;4,17;0,033;0,0;0,00;0,048
1010;18.07.2023;13:27:00;00:16:49;250,0;165,0;22,5;21,4;23,7;199,8;62,4;0,0;3,67E-2;-541,2;20,00;3,9;3,9;43,75;4,17;0,032;0,0;0,00;0,049
1011;18.07.2023;13:27:01;00:16:50;250,0;165,0;22,5;21,4;23,7;198,4;62,2;0,0;3,67E-2;-541,2;20,00;3,9;3,9;43,75;4,17;0,032;0,0;0,00;0,046
1012;18.07.2023;13:27:02;00:16:51;250,0;162,4;22,5;21,3;23,7;195,4;61,9;0,0;3,67E-2;-541,2;20,00;3,9;3,9;43,75;4,17;0,028;0,0;0,00;0,046
1013;18.07.2023;13:27:03;00:16:52;250,0;162,4;22,4;21,3;23,7;192,5;61,6;0,0;3,66E-2;-541,2;20,00;3,9;3,9;43,76;4,17;0,026;0,0;0,00;0,048
1014;18.07.2023;13:27:04;00:16:53;250,0;159,9;22,4;21,3;23,7;191,1;61,4;0,0;3,66E-2;-541,2;20,00;3,9;3,9;43,76;4,17;0,021;0,0;0,00;0,048
1015;18.07.2023;13:27:05;00:16:54;250,0;159,9;22,4;21,3;23,7;187,9;61,1;0,0;3,65E-2;-541,2;20,00;3,9;3,9;43,76;4,17;0,026;0,0;0,00;0,049
1016;18.07.2023;13:27:06;00:16:55;250,0;157,4;22,3;21,2;23,7;185,0;60,8;0,0;3,65E-2;-541,2;20,00;3,9;3,8;43,76;4,17;0,025;0,0;0,01;0,049
1017;18.07.2023;13:27:07;00:16:56;250,0;157,4;22,3;21,2;23,7;183,5;60,6;0,0;3,65E-2;-541,2;20,00;3,9;3,8;43,76;4,17;0,024;0,0;0,00;0,048
1018;18.07.2023;13:27:08;00:16:57;250,0;154,9;22,3;21,2;23,7;180,6;60,3;0,0;3,64E-2;-541,2;20,00;3,9;3,9;43,76;4,17;0,026;0,0;0,00;0,049
1019;18.07.2023;13:27:09;00:16:58;250,0;154,9;22,2;21,1;23,7;177,7;60,0;0,0;3,64E-2;-541,2;20,00;3,9;3,9;43,76;4,18;0,028;0,0;0,01;0,049
1020;18.07.2023;13:27:10;00:16:59;250,0;152,4;22,2;21,1;23,7;176,2;59,8;0,0;3,64E-2;-541,2;20,00;3,9;3,9;43,76;4,18;0,029;0,0;0,01;0,048
1021;18.07.2023;13:27:11;00:17:00;250,0;152,3;22,2;21,0;23,6;173,1;59,5;0,0;3,63E-2;-541,2;20,00;3,9;3,8;43,76;4,18;0,027;0,0;0,00;0,047
1022;18.07.2023;13:27:12;00:17:01;250,0;149,7;22,1;21,0;23,6;171,6;59,3;0,0;3,63E-2;-541,2;20,00;3,9;3,9;43,76;4,18;0,028;0,0;0,00;0,048
1023;18.07.2023;13:27:13;00:17:02;250,0;149,7;22,1;21,0;23,6;168,7;59,0;0,0;3,63E-2;-541,2;20,00;3,9;3,9;43,76;4,18;0,029;0,0;0,00;0,045
1024;18.07.2023;13:27:14;00:17:03;250,0;147,1;22,0;20,9;23,6;165,8;58,6;0,0;3,62E-2;-541,2;20,00;3,9;3,9;43,76;4,18;0,029;0,0;0,00;0,048
1025;18.07.2023;13:27:15;00:17:04;250,0;147,1;22,0;20,9;23,6;164,3;58,5;0,0;3,62E-2;-541,2;20,00;3,9;3,9;43,76;4,18;0,028;0,0;0,00;0,049
1026;18.07.2023;13:27:16;00:17:05;250,0;144,6;22,0;20,9;23,6;161,4;58,1;0,0;3,62E-2;-541,2;20,00;3,9;4,0;43,76;4,18;0,026;0,0;0,00;0,049
1027;18.07.2023;13:27:17;00:17:06;250,0;144,6;21,9;20,8;23,6;158,2;57,8;0,0;3,61E-2;-541,2;20,00;3,9;3,9;43,76;4,18;0,024;0,0;0,01;0,048
1028;18.07.2023;13:27:18;00:17:07;250,0;142,1;21,9;20,8;23,6;156,8;57,6;0,0;3,61E-2;-541,2;20,00;3,9;3,9;43,76;4,18;0,025;0,0;0,00;0,049
1029;18.07.2023;13:27:19;00:17:08;250,0;142,1;21,9;20,8;23,6;153,8;57,3;0,0;3,61E-2;-541,2;20,00;3,9;3,9;43,76;4,18;0,028;0,0;0,00;0,049
1030;18.07.2023;13:27:20;00:17:09;250,0;139,8;21,9;20,8;23,6;150,9;56,9;0,0;3,60E-2;-541,2;20,00;3,9;3,9;43,76;4,18;0,024;0,0;0,01;0,048
1031;18.07.2023;13:27:21;00:17:10;250,0;139,8;21,9;20,8;23,6;149,5;56,7;0,0;3,60E-2;-541,2;20,00;3,9;3,9;43,76;4,18;0,028;0,0;0,00;0,049
1032;18.07.2023;13:27:22;00:17:11;250,0;137,5;21,9;20,8;23,6;146,5;56,4;0,0;3,60E-2;-541,2;20,00;3,9;3,9;43,76;4,18;0,031;0,0;0,00;0,049
1033;18.07.2023;13:27:23;00:17:12;250,0;137,5;21,8;20,7;23,6;143,4;56,0;0,0;3,59E-2;-541,2;20,00;3,9;3,9;43,76;4,18;0,026;0,0;0,00;0,048
1034;18.07.2023;13:27:24;00:17:13;250,0;135,2;21,8;20,7;23,6;141,9;55,8;0,0;3,59E-2;-541,2;20,00;3,9;3,9;43,77;4,18;0,027;0,0;0,00;0,046
1035;18.07.2023;13:27:25;00:17:14;250,0;135,2;21,8;20,7;23,6;139,0;55,5;0,0;3,59E-2;-541,2;20,00;3,9;3,9;43,77;4,18;0,027;0,0;0,00;0,049
1036;18.07.2023;13:27:26;00:17:15;250,0;133,0;21,8;20,7;23,5;137,5;55,3;0,0;3,59E-2;-541,2;20,00;3,9;3,9;43,77;4,18;0,025;0,0;0,00;0,049
1037;18.07.2023;13:27:27;00:17:16;250,0;133,0;21,7;20,7;23,5;134,6;54,9;0,0;3,58E-2;-541,2;20,00;3,9;3,8;43,77;4,18;0,021;0,0;0,00;0,049
1038;18.07.2023;13:27:28;00:17:17;250,0;130,7;21,7;20,6;23,5;131,7;54,6;0,0;3,58E-2;-541,2;20,00;3,9;3,9;43,77;4,18;0,022;0,0;0,00;0,049
1039;18.07.2023;13:27:29;00:17:18;250,0;130,7;21,7;20,6;23,5;130,0;54,4;0,0;3,58E-2;-541,2;20,00;3,9;3,9;43,77;4,18;0,023;0,0;0,00;0,047
1040;18.07.2023;13:27:30;00:17:19;250,0;128,5;21,7;20,6;23,5;127,1;54,0;0,0;3,57E-2;-541,2;20,00;3,9;3,9;43,77;4,18;0,026;0,0;0,01;0,049
1041;18.07.2023;13:27:31;00:17:20;250,0;128,5;21,6;20,6;23,5;124,1;53,6;0,0;3,57E-2;-541,2;20,00;3,9;3,9;43,77;4,18;0,027;0,0;0,01;0,049
1042;18.07.2023;13:27:32;00:17:21;250,0;126,1;21,6;20,5;23,5;122,7;53,4;0,0;3,56E-2;-541,2;20,00;3,9;3,8;43,77;4,18;0,023;0,0;0,00;0,049
1043;18.07.2023;13:27:33;00:17:22;250,0;126,1;21,6;20,5;23,5;119,8;53,1;0,0;3,56E-2;-541,2;20,00;3,9;3,9;43,77;4,18;0,018;0,0;0,01;0,049
1044;18.07.2023;13:27:34;00:17:23;250,0;123,8;21,5;20,5;23,5;116,8;52,7;0,0;3,56E-2;-541,2;20,00;3,9;3,9;43,77;4,19;0,022;0,0;0,00;0,048
1045;18.07.2023;13:27:35;00:17:24;250,0;123,8;21,5;20,5;23,5;115,1;52,5;0,0;3,56E-2;-541,2;20,00;3,9;3,9;43,77;4,19;0,022;0,0;0,00;0,048
1046;18.07.2023;13:27:36;00:17:25;250,0;121,6;21,5;20,4;23,5;112,2;52,1;0,0;3,55E-2;-541,2;20,00;3,9;3,8;43,77;4,19;0,020;0,0;0,00;0,048
1047;18.07.2023;13:27:37;00:17:26;250,0;121,6;21,5;20,4;23,5;110,8;51,9;0,0;3,55E-2;-541,2;20,00;3,9;3,8;43,77;4,19;0,020;0,0;0,01;0,049
1048;18.07.2023;13:27:38;00:17:27;250,0;121,6;21,4;20,4;23,5;107,8;51,5;0,0;3,55E-2;-541,2;20,00;3,9;3,8;43,77;4,19;0,020;0,0;0,00;0,048
1049;18.07.2023;13:27:39;00:17:28;250,0;119,4;21,4;20,4;23,4;104,9;51,1;0,0;3,55E-2;-541,2;20,00;3,9;3,9;43,77;4,19;0,024;0,0;0,01;0,049
1050;18.07.2023;13:27:40;00:17:29;250,0;119,4;21,4;20,3;23,4;103,5;50,9;0,0;3,54E-2;-541,2;20,00;3,9;3,9;43,77;4,19;0,023;0,0;0,00;0,049
1051;18.07.2023;13:27:41;00:17:30;250,0;117,5;21,4;20,3;23,4;100,3;50,5;0,0;3,54E-2;-541,2;20,00;3,9;3,9;43,77;4,19;0,022;0,0;0,01;0,047
1052;18.07.2023;13:27:42;00:17:31;250,0;115,5;21,4;20,3;23,4;97,4;50,1;0,0;3,53E-2;-541,2;20,00;3,9;3,9;43,77;4,19;0,020;0,0;0,00;0,045
1053;18.07.2023;13:27:43;00:17:32;250,0;115,5;21,4;20,3;23,4;95,9;49,9;0,0;3,53E-2;-541,2;20,00;3,9;3,9;43,77;4,19;0,022;0,0;0,01;0,046
1054;18.07.2023;13:27:44;00:17:33;250,0;113,6;21,3;20,3;23,4;93,0;49,5;0,0;3,53E-2;-541,2;20,00;3,9;3,9;43,77;4,19;0,020;0,0;0,00;0,045
1055;18.07.2023;13:27:45;00:17:34;250,0;113,6;21,3;20,3;23,4;90,1;49,1;0,0;3,52E-2;-541,2;20,00;3,9;3,9;43,77;4,19;0,024;0,0;0,00;0,049
1056;18.07.2023;13:27:46;00:17:35;250,0;111,7;21,3;20,2;23,4;88,6;48,9;0,0;3,52E-2;-541,2;20,00;3,9;3,9;43,77;4,19;0,021;0,0;0,01;0,044
1057;18.07.2023;13:27:47;00:17:36;250,0;111,7;21,2;20,2;23,4;85,5;48,5;0,0;3,52E-2;-541,2;20,00;3,9;3,9;43,77;4,19;0,024;0,0;0,01;0,049
1058;18.07.2023;13:27:48;00:17:37;250,0;109,8;21,2;20,2;23,4;82,5;48,1;0,0;3,52E-2;-541,2;20,00;3,9;3,9;43,77;4,19;0,020;0,0;0,00;0,049
1059;18.07.2023;13:27:49;00:17:38;250,0;109,8;21,2;20,2;23,4;81,1;47,9;0,0;3,52E-2;-541,2;20,00;3,9;3,9;43,77;4,19;0,022;0,0;0,00;0,049
1060;18.07.2023;13:27:50;00:17:39;250,0;108,0;21,2;20,1;23,4;78,2;47,4;0,0;3,52E-2;-541,2;20,00;3,9;3,9;43,77;4,19;0,021;0,0;0,01;0,049
1061;18.07.2023;13:27:51;00:17:40;250,0;108,0;21,2;20,1;23,4;76,7;47,2;0,0;3,51E-2;-541,2;20,00;3,9;3,9;43,77;4,19;0,020;0,0;0,00;0,049
1062;18.07.2023;13:27:52;00:17:41;250,0;106,0;21,1;20,1;23,4;73,8;46,8;0,0;3,51E-2;-541,2;20,00;3,9;3,9;43,78;4,19;0,020;0,0;0,00;0,048
1063;18.07.2023;13:27:53;00:17:42;250,0;106,0;21,1;20,1;23,4;70,6;46,4;0,0;3,50E-2;-541,2;20,00;3,9;4,0;43,78;4,19;0,022;0,0;0,01;0,046
1064;18.07.2023;13:27:54;00:17:43;250,0;106,0;21,1;20,1;23,4;69,2;46,2;0,0;3,50E-2;-541,2;20,00;3,9;3,9;43,78;4,19;0,019;0,0;0,00;0,049
1065;18.07.2023;13:27:55;00:17:44;250,0;104,1;21,1;20,1;23,4;66,2;45,7;0,0;3,50E-2;-541,2;20,00;3,9;3,9;43,78;4,19;0,020;0,0;0,00;0,049
1066;18.07.2023;13:27:56;00:17:45;250,0;102,2;21,0;20,0;23,3;63,3;45,3;0,0;3,49E-2;-541,2;20,00;3,9;3,9;43,78;4,19;0,017;0,0;0,00;0,048
1067;18.07.2023;13:27:57;00:17:46;250,0;102,2;21,0;20,0;23,3;61,9;45,1;0,0;3,49E-2;-541,2;20,00;3,9;3,9;43,78;4,19;0,017;0,0;0,00;0,046
1068;18.07.2023;13:27:58;00:17:47;250,0;102,2;21,0;20,0;23,3;58,9;44,7;0,0;3,49E-2;-541,2;20,00;3,9;3,9;43,78;4,19;0,014;0,0;0,00;0,047
1069;18.07.2023;13:27:59;00:17:48;250,0;100,4;21,0;20,0;23,3;55,8;44,2;0,0;3,49E-2;-541,2;20,00;3,9;3,9;43,78;4,19;0,016;0,0;0,01;0,049
1070;18.07.2023;13:28:00;00:17:49;250,0;98,7;21,0;20,0;23,3;54,3;44,0;0,0;3,48E-2;-541,2;20,00;3,9;3,9;43,78;4,19;0,019;0,0;0,00;0,049
1071;18.07.2023;13:28:01;00:17:50;250,0;98,7;21,0;20,0;23,3;51,4;43,6;0,0;3,48E-2;-541,2;20,00;3,9;3,9;43,78;4,20;0,018;0,0;0,00;0,045
1072;18.07.2023;13:28:02;00:17:51;250,0;97,0;20,9;19,9;23,3;48,5;43,1;0,0;3,48E-2;-541,2;20,00;3,9;3,9;43,78;4,20;0,020;0,0;0,00;0,048
1073;18.07.2023;13:28:03;00:17:52;250,0;97,0;20,9;19,9;23,3;47,0;42,9;0,0;3,48E-2;-541,2;20,00;3,9;3,8;43,78;4,20;0,019;0,0;0,00;0,049
1074;18.07.2023;13:28:04;00:17:53;250,0;95,4;20,9;19,9;23,3;44,1;42,5;0,0;3,47E-2;-541,2;20,00;3,9;3,9;43,78;4,20;0,021;0,0;0,00;0,049
1075;18.07.2023;13:28:05;00:17:54;250,0;95,4;20,9;19,9;23,3;42,4;42,2;0,0;3,47E-2;-541,2;20,00;3,9;3,8;43,78;4,20;0,017;0,0;0,00;0,046
1076;18.07.2023;13:28:06;00:17:55;250,0;93,8;20,9;19,9;23,3;39,5;41,8;0,0;3,47E-2;-541,2;20,00;3,9;3,9;43,78;4,20;0,018;0,0;0,00;0,046
1077;18.07.2023;13:28:07;00:17:56;250,0;93,8;20,8;19,9;23,3;36,5;41,3;0,0;3,46E-2;-541,2;20,00;3,9;3,9;43,78;4,20;0,017;0,0;0,00;0,048
1078;18.07.2023;13:28:08;00:17:57;250,0;92,2;20,8;19,8;23,3;35,1;41,1;0,0;3,46E-2;-541,2;20,00;3,9;3,9;43,78;4,20;0,020;0,0;0,00;0,048
1079;18.07.2023;13:28:09;00:17:58;250,0;92,2;20,8;19,8;23,3;32,2;40,6;0,0;3,46E-2;-541,2;20,00;3,9;3,9;43,78;4,20;0,018;0,0;0,00;0,048
1080;18.07.2023;13:28:10;00:17:59;250,0;90,7;20,8;19,8;23,3;29,2;40,2;0,0;3,45E-2;-541,2;20,00;3,9;3,9;43,78;4,20;0,018;0,0;0,01;0,049
1081;18.07.2023;13:28:11;00:18:00;250,0;90,7;20,9;19,8;23,3;27,5;39,9;0,0;3,45E-2;-541,2;20,00;3,9;3,9;43,78;4,20;0,015;0,0;0,00;0,048
1082;18.07.2023;13:28:12;00:18:01;250,0;89,1;20,8;19,8;23,3;24,6;39,5;0,0;3,45E-2;-541,2;20,00;3,9;3,9;43,78;4,20;0,014;0,0;0,01;0,049
1083;18.07.2023;13:28:13;00:18:02;250,0;89,1;20,8;19,8;23,3;21,7;39,0;0,0;3,45E-2;-541,2;20,00;3,9;4,0;43,78;4,20;0,017;0,0;0,00;0,049
1084;18.07.2023;13:28:14;00:18:03;250,0;89,1;20,8;19,8;23,3;20,2;38,8;0,0;3,45E-2;-541,2;20,00;3,9;4,0;43,78;4,20;0,017;0,0;0,00;0,048
