Nr.;Datum;Zeit;P.Zeit;AV Pyro top;AV Control TC;AV Piston TC Top;AV Piston TC Bot;AV Transformer T;SV Temperature  ;AV CZ Output;AV abs. pressure;Vacuum;AV rel. pressure;SV Rel. Pressure;SV Force        ;AV Force;AV Abs. Piston T;AV Rel. Piston T;AV Speed;Power;U RMS;I RMS
;;;;°C;°C;°C;°C;°C;°C    ;%;mbar(a;mbar(a;mbar(g;mbar(g;kN    ;kN;mm;mm;mm/min;kW;V;kA
1;24.07.2023;17:27:22;00:00:00;250,0;17,6;19,0;17,9;19,2;20,0;0,0;992,0;9,92E2;-1,5;20,00;3,0;3,0;38,34;0,02;0,001;0,0;0,00;0,049
2;24.07.2023;17:27:23;00:00:01;250,0;17,6;19,0;17,9;19,2;20,0;0,0;991,9;9,92E2;-1,5;20,00;3,0;3,0;38,34;0,02;0,004;0,0;0,01;0,053
3;24.07.2023;17:27:24;00:00:02;250,0;17,6;19,0;17,9;19,2;20,0;0,0;991,9;9,92E2;-1,5;20,00;3,0;3,0;38,34;0,02;0,003;0,0;0,01;0,051
4;24.07.2023;17:27:25;00:00:03;250,0;17,6;19,1;17,9;19,2;20,0;0,0;991,9;9,92E2;-1,5;20,00;3,0;3,0;38,34;0,02;0,000;0,0;0,01;0,053
5;24.07.2023;17:27:26;00:00:04;250,0;17,6;19,1;17,9;19,2;20,0;0,0;991,9;9,92E2;-1,5;20,00;3,0;3,0;38,34;0,03;-0,001;0,0;0,01;0,051
6;24.07.2023;17:27:27;00:00:05;250,0;17,6;19,1;17,9;19,2;20,0;0,0;991,9;9,92E2;-1,5;20,00;3,0;3,0;38,34;0,02;0,000;0,0;0,00;0,054
7;24.07.2023;17:27:28;00:00:06;250,0;17,6;19,1;17,9;19,2;20,0;0,0;991,8;9,92E2;-1,5;20,00;3,0;3,0;38,34;0,02;0,001;0,0;0,01;0,049
8;24.07.2023;17:27:29;00:00:07;250,0;17,6;19,1;17,9;19,2;20,0;0,0;991,7;9,92E2;-1,5;20,00;3,0;3,0;38,34;0,02;0,000;0,0;0,00;0,053
9;24.07.2023;17:27:30;00:00:08;250,0;17,6;19,1;17,9;19,2;20,0;0,0;963,7;9,64E2;-24,7;20,00;3,0;3,0;38,34;0,02;-0,001;0,0;0,01;0,053
10;24.07.2023;17:27:31;00:00:09;250,0;17,6;19,1;17,9;19,2;20,0;0,0;910,2;9,10E2;-81,0;20,00;3,0;2,9;38,34;0,03;0,002;0,0;0,00;0,054
11;24.07.2023;17:27:32;00:00:10;250,0;17,6;19,1;17,9;19,2;20,0;0,0;864,8;8,65E2;-127,3;20,00;3,0;3,0;38,35;0,03;0,010;0,0;0,00;0,052
12;24.07.2023;17:27:33;00:00:11;250,0;17,6;19,1;17,9;19,2;20,0;0,0;845,7;8,46E2;-146,3;20,00;3,0;3,0;38,35;0,03;0,017;0,0;0,00;0,051
13;24.07.2023;17:27:34;00:00:12;250,0;17,6;19,1;17,9;19,2;20,0;0,0;808,0;8,08E2;-181,1;20,00;3,0;3,0;38,35;0,03;0,042;0,0;0,01;0,051
14;24.07.2023;17:27:35;00:00:13;250,0;17,6;19,1;17,9;19,2;20,0;0,0;791,6;7,92E2;-200,5;20,00;3,0;2,9;38,35;0,03;0,045;0,0;0,01;0,049
15;24.07.2023;17:27:36;00:00:14;250,0;17,6;19,1;17,9;19,2;20,0;0,0;757,3;7,57E2;-232,4;20,00;3,0;3,0;38,35;0,03;0,051;0,0;0,00;0,053
16;24.07.2023;17:27:37;00:00:15;250,0;17,6;19,1;17,8;19,2;20,0;0,0;723,8;7,24E2;-267,7;20,00;3,0;3,0;38,35;0,03;0,065;0,0;0,00;0,054
17;24.07.2023;17:27:38;00:00:16;250,0;17,6;19,1;17,8;19,2;20,0;0,0;708,7;7,09E2;-282,2;20,00;3,0;3,0;38,35;0,03;0,067;0,0;0,00;0,051
18;24.07.2023;17:27:39;00:00:17;250,0;17,5;19,0;17,7;19,1;20,0;0,0;680,3;6,80E2;-312,0;20,00;3,0;3,0;38,35;0,03;0,064;0,0;0,01;0,049
19;24.07.2023;17:27:40;00:00:18;250,0;17,5;19,0;17,6;19,1;20,0;0,0;652,5;6,53E2;-340,4;20,00;3,0;3,1;38,35;0,04;0,061;0,0;0,01;0,049
20;24.07.2023;17:27:41;00:00:19;250,0;17,5;19,0;17,6;19,1;20,0;0,0;639,3;6,39E2;-353,0;20,00;3,0;3,0;38,35;0,04;0,060;0,0;0,01;0,052
21;24.07.2023;17:27:42;00:00:20;250,0;17,5;19,0;17,4;19,1;20,0;0,0;613,6;6,14E2;-379,3;20,00;3,0;3,0;38,35;0,04;0,060;0,0;0,01;0,053
22;24.07.2023;17:27:43;00:00:21;250,0;17,5;19,0;17,3;19,1;20,0;0,0;587,2;5,87E2;-404,3;20,00;3,0;3,0;38,36;0,04;0,050;0,0;0,00;0,052
23;24.07.2023;17:27:44;00:00:22;250,0;17,5;19,0;17,3;19,1;20,0;0,0;575,9;5,76E2;-417,2;20,00;3,0;3,0;38,36;0,04;0,050;0,0;0,00;0,050
24;24.07.2023;17:27:45;00:00:23;250,0;17,5;19,0;17,1;19,1;20,0;0,0;552,1;5,52E2;-438,9;20,00;3,0;3,0;38,36;0,04;0,045;0,0;0,00;0,053
25;24.07.2023;17:27:46;00:00:24;250,0;17,4;19,0;17,1;19,1;20,0;0,0;531,5;5,32E2;-461,2;20,00;3,0;3,0;38,36;0,04;0,044;0,0;0,00;0,052
26;24.07.2023;17:27:47;00:00:25;250,0;17,4;19,0;17,1;19,1;20,0;0,0;519,5;5,19E2;-471,1;20,00;3,0;3,0;38,36;0,04;0,039;0,0;0,01;0,054
27;24.07.2023;17:27:48;00:00:26;250,0;17,4;19,0;16,9;19,1;20,0;0,0;500,3;5,00E2;-492,0;20,00;3,0;3,0;38,36;0,04;0,042;0,0;0,00;0,049
28;24.07.2023;17:27:49;00:00:27;250,0;17,4;19,0;16,9;19,1;20,0;0,0;490,1;4,90E2;-501,3;20,00;3,0;3,0;38,36;0,04;0,040;0,0;0,01;0,051
29;24.07.2023;17:27:50;00:00:28;250,0;17,4;19,0;16,7;19,1;20,0;0,0;469,4;4,69E2;-522,3;20,00;3,0;3,0;38,36;0,04;0,040;0,0;0,01;0,049
30;24.07.2023;17:27:51;00:00:29;250,0;17,4;19,0;16,7;19,1;20,0;0,0;452,0;4,52E2;-539,5;20,00;3,0;2,9;38,36;0,04;0,034;0,0;0,00;0,051
31;24.07.2023;17:27:52;00:00:30;250,0;17,4;19,0;16,6;19,1;20,0;0,0;443,4;4,43E2;-541,2;20,00;3,0;3,0;38,36;0,04;0,036;0,0;0,01;0,051
32;24.07.2023;17:27:53;00:00:31;250,0;17,4;19,0;16,4;19,1;20,0;0,0;425,1;4,25E2;-541,2;20,00;3,0;3,0;38,36;0,04;0,039;0,0;0,00;0,053
33;24.07.2023;17:27:54;00:00:32;250,0;17,4;19,0;16,4;19,1;20,0;0,0;408,9;4,09E2;-541,2;20,00;3,0;3,0;38,36;0,04;0,036;0,0;0,01;0,050
34;24.07.2023;17:27:55;00:00:33;250,0;17,4;19,0;16,3;19,1;20,0;0,0;400,7;4,01E2;-541,2;20,00;3,0;3,0;38,36;0,04;0,034;0,0;0,00;0,054
35;24.07.2023;17:27:56;00:00:34;250,0;17,4;19,0;16,3;19,1;20,0;0,0;384,3;3,84E2;-541,2;20,00;3,0;3,1;38,36;0,05;0,034;0,0;0,01;0,053
36;24.07.2023;17:27:57;00:00:35;250,0;17,3;19,0;16,2;19,2;20,0;0,0;369,5;3,70E2;-541,2;20,00;3,0;3,0;38,37;0,04;0,031;0,0;0,00;0,051
37;24.07.2023;17:27:58;00:00:36;250,0;17,3;19,0;16,2;19,2;20,0;0,0;362,0;3,62E2;-541,2;20,00;3,0;3,0;38,36;0,05;0,032;0,0;0,01;0,052
38;24.07.2023;17:27:59;00:00:37;250,0;17,2;18,8;16,1;19,0;20,0;0,0;348,1;3,48E2;-541,2;20,00;3,0;3,0;38,37;0,05;0,033;0,0;0,01;0,052
39;24.07.2023;17:28:00;00:00:38;250,0;17,2;18,8;16,0;19,0;20,0;0,0;341,2;3,41E2;-541,2;20,00;3,0;3,0;38,37;0,05;0,033;0,0;0,01;0,054
40;24.07.2023;17:28:01;00:00:39;250,0;17,2;18,8;15,9;19,0;20,0;0,0;328,1;3,28E2;-541,2;20,00;3,0;2,9;38,37;0,05;0,027;0,0;0,01;0,053
41;24.07.2023;17:28:02;00:00:40;250,0;17,2;18,8;15,9;19,1;20,0;0,0;314,2;3,14E2;-541,2;20,00;3,0;2,9;38,37;0,05;0,028;0,0;0,01;0,054
42;24.07.2023;17:28:03;00:00:41;250,0;17,2;18,8;15,9;19,1;20,0;0,0;307,9;3,08E2;-541,2;20,00;3,0;2,9;38,37;0,05;0,027;0,0;0,01;0,054
43;24.07.2023;17:28:04;00:00:42;250,0;17,2;18,8;15,9;19,1;20,0;0,0;296,3;2,96E2;-541,2;20,00;3,0;3,0;38,37;0,05;0,027;0,0;0,01;0,054
44;24.07.2023;17:28:05;00:00:43;250,0;17,2;18,8;15,8;19,1;20,0;0,0;284,7;2,85E2;-541,2;20,00;3,0;2,9;38,37;0,05;0,022;0,0;0,01;0,053
45;24.07.2023;17:28:06;00:00:44;250,0;17,2;18,8;15,8;19,1;20,0;0,0;279,1;2,79E2;-541,2;20,00;3,0;3,0;38,37;0,05;0,022;0,0;0,00;0,051
46;24.07.2023;17:28:07;00:00:45;250,0;17,2;18,8;15,8;19,1;20,0;0,0;268,3;2,68E2;-541,2;20,00;3,0;3,0;38,37;0,05;0,027;0,0;0,00;0,051
47;24.07.2023;17:28:08;00:00:46;250,0;17,2;18,8;15,8;19,1;20,0;0,0;257,4;2,57E2;-541,2;20,00;3,0;2,9;38,37;0,05;0,020;0,0;0,00;0,049
48;24.07.2023;17:28:09;00:00:47;250,0;17,2;18,8;15,7;19,1;20,0;0,0;252,0;2,52E2;-541,2;20,00;3,0;2,9;38,37;0,05;0,019;0,0;0,00;0,050
49;24.07.2023;17:28:10;00:00:48;250,0;17,2;18,8;15,7;19,1;20,0;0,0;242,7;2,43E2;-541,2;20,00;3,0;3,0;38,37;0,05;0,019;0,0;0,01;0,049
50;24.07.2023;17:28:11;00:00:49;250,0;17,2;18,8;15,7;19,1;20,0;0,0;233,4;2,33E2;-541,2;20,00;3,0;3,0;38,37;0,05;0,022;0,0;0,00;0,053
51;24.07.2023;17:28:12;00:00:50;250,0;17,2;18,8;15,7;19,1;20,0;0,0;228,9;2,29E2;-541,2;20,00;3,0;3,1;38,37;0,05;0,025;0,0;0,00;0,053
52;24.07.2023;17:28:13;00:00:51;250,0;17,2;18,9;15,7;19,1;20,0;0,0;219,9;2,20E2;-541,2;20,00;3,0;3,0;38,37;0,05;0,028;0,0;0,00;0,053
53;24.07.2023;17:28:14;00:00:52;250,0;17,2;18,9;15,7;19,1;20,0;0,0;214,9;2,15E2;-541,2;20,00;3,0;2,9;38,37;0,05;0,023;0,0;0,00;0,049
54;24.07.2023;17:28:15;00:00:53;250,0;17,2;18,8;15,7;19,1;20,0;0,0;206,7;2,07E2;-541,2;20,00;3,0;3,0;38,37;0,05;0,024;0,0;0,01;0,051
55;24.07.2023;17:28:16;00:00:54;250,0;17,2;18,8;15,7;19,1;20,0;0,0;198,6;1,99E2;-541,2;20,00;3,0;3,0;38,37;0,05;0,021;0,0;0,00;0,053
56;24.07.2023;17:28:17;00:00:55;250,0;17,2;18,8;15,7;19,1;20,0;0,0;194,9;1,95E2;-541,2;20,00;3,0;3,1;38,37;0,05;0,023;0,0;0,00;0,051
57;24.07.2023;17:28:18;00:00:56;250,0;17,2;18,8;15,7;19,1;20,0;0,0;187,5;1,87E2;-541,2;20,00;3,0;3,0;38,37;0,05;0,018;0,0;0,01;0,049
58;24.07.2023;17:28:19;00:00:57;250,0;17,1;18,7;15,6;19,0;20,0;0,0;180,4;1,80E2;-541,2;20,00;3,0;2,9;38,37;0,05;0,012;0,0;0,01;0,051
59;24.07.2023;17:28:20;00:00:58;250,0;17,1;18,7;15,6;19,0;20,0;0,0;176,4;1,76E2;-541,2;20,00;3,0;2,9;38,37;0,05;0,015;0,0;0,00;0,053
60;24.07.2023;17:28:21;00:00:59;250,0;17,1;18,7;15,6;19,0;20,0;0,0;169,8;1,70E2;-541,2;20,00;3,0;3,0;38,37;0,06;0,014;0,0;0,01;0,052
61;24.07.2023;17:28:22;00:01:00;250,0;17,1;18,7;15,6;19,0;20,0;0,0;155,0;1,55E2;-541,2;20,00;3,0;3,1;38,37;0,06;0,020;0,0;0,00;0,053
62;24.07.2023;17:28:23;00:01:01;250,0;17,1;18,7;15,6;19,0;20,0;0,0;148,8;1,49E2;-541,2;20,00;3,0;3,1;38,37;0,06;0,021;0,0;0,00;0,054
63;24.07.2023;17:28:24;00:01:02;250,0;17,1;18,7;15,6;19,0;20,0;0,0;136,8;1,37E2;-541,2;20,00;3,0;3,0;38,37;0,06;0,022;0,0;0,00;0,050
64;24.07.2023;17:28:25;00:01:03;250,0;17,1;18,7;15,7;19,0;20,0;0,0;126,5;1,26E2;-541,2;20,00;3,0;3,0;38,37;0,06;0,019;0,0;0,00;0,050
65;24.07.2023;17:28:26;00:01:04;250,0;17,1;18,7;15,7;19,0;20,0;0,0;121,1;1,21E2;-541,2;20,00;3,0;3,0;38,37;0,06;0,018;0,0;0,00;0,053
66;24.07.2023;17:28:27;00:01:05;250,0;17,1;18,7;15,7;19,0;20,0;0,0;112,2;1,12E2;-541,2;20,00;3,0;2,9;38,38;0,06;0,017;0,0;0,01;0,052
67;24.07.2023;17:28:28;00:01:06;250,0;17,1;18,7;15,7;19,0;20,0;0,0;108,0;1,08E2;-541,2;20,00;3,0;3,0;38,38;0,06;0,021;0,0;0,01;0,054
68;24.07.2023;17:28:29;00:01:07;250,0;17,1;18,7;15,7;19,0;20,0;0,0;100,1;1,00E2;-541,2;20,00;3,0;3,0;38,38;0,06;0,019;0,0;0,00;0,054
69;24.07.2023;17:28:30;00:01:08;250,0;17,1;18,7;15,7;19,0;20,0;0,0;93,0;9,30E1;-541,2;20,00;3,0;2,9;38,38;0,06;0,015;0,0;0,01;0,054
70;24.07.2023;17:28:31;00:01:09;250,0;17,1;18,7;15,7;19,0;20,0;0,0;89,4;8,94E1;-541,2;20,00;3,0;3,0;38,38;0,06;0,014;0,0;0,01;0,054
71;24.07.2023;17:28:32;00:01:10;250,0;17,1;18,7;15,7;19,0;20,0;0,0;82,7;8,27E1;-541,2;20,00;3,0;3,0;38,38;0,06;0,018;0,0;0,01;0,051
72;24.07.2023;17:28:33;00:01:11;250,0;17,1;18,7;15,7;19,0;20,0;0,0;76,7;7,67E1;-541,2;20,00;3,0;3,0;38,38;0,06;0,017;0,0;0,00;0,053
73;24.07.2023;17:28:34;00:01:12;250,0;17,1;18,7;15,7;19,0;20,0;0,0;73,9;7,39E1;-541,2;20,00;3,0;3,0;38,38;0,06;0,015;0,0;0,01;0,054
74;24.07.2023;17:28:35;00:01:13;250,0;17,1;18,7;15,8;19,0;20,0;0,0;68,5;6,85E1;-541,2;20,00;3,0;3,0;38,38;0,06;0,015;0,0;0,00;0,051
75;24.07.2023;17:28:36;00:01:14;250,0;17,1;18,7;15,8;19,0;20,0;0,0;63,4;6,34E1;-541,2;20,00;3,0;3,0;38,38;0,06;0,016;0,0;0,01;0,051
76;24.07.2023;17:28:37;00:01:15;250,0;17,1;18,8;15,8;19,0;20,0;0,0;60,9;6,09E1;-541,2;20,00;3,0;3,0;38,38;0,06;0,017;0,0;0,01;0,053
77;24.07.2023;17:28:38;00:01:16;250,0;17,1;18,8;15,8;19,0;20,0;0,0;55,9;5,59E1;-541,2;20,00;3,0;3,0;38,38;0,06;0,019;0,0;0,01;0,051
78;24.07.2023;17:28:39;00:01:17;250,0;17,0;18,7;15,7;18,9;20,0;0,0;54,0;5,40E1;-541,2;20,00;3,0;3,1;38,38;0,06;0,016;0,0;0,01;0,050
79;24.07.2023;17:28:40;00:01:18;250,0;17,0;18,7;15,7;18,9;20,0;0,0;50,0;5,00E1;-541,2;20,00;3,0;3,0;38,38;0,06;0,013;0,0;0,00;0,049
80;24.07.2023;17:28:41;00:01:19;250,0;17,0;18,7;15,8;18,9;20,0;0,0;46,4;4,64E1;-541,2;20,00;3,0;3,0;38,38;0,06;0,014;0,0;0,00;0,050
81;24.07.2023;17:28:42;00:01:20;250,0;17,0;18,7;15,8;18,9;20,0;0,0;44,7;4,47E1;-541,2;20,00;3,0;3,0;38,38;0,06;0,012;0,0;0,01;0,053
82;24.07.2023;17:28:43;00:01:21;250,0;17,0;18,7;15,8;18,9;20,0;0,0;41,6;4,16E1;-541,2;20,00;3,0;3,0;38,38;0,06;0,014;0,0;0,01;0,051
83;24.07.2023;17:28:44;00:01:22;250,0;17,0;18,7;15,8;19,0;20,0;0,0;38,1;3,81E1;-541,2;20,00;3,0;3,1;38,38;0,06;0,014;0,0;0,01;0,054
84;24.07.2023;17:28:45;00:01:23;250,0;17,0;18,7;15,8;19,0;20,0;0,0;36,7;3,67E1;-541,2;20,00;3,0;3,0;38,38;0,06;0,015;0,0;0,00;0,054
85;24.07.2023;17:28:46;00:01:24;250,0;17,0;18,7;15,8;19,0;20,0;0,0;34,2;3,42E1;-541,2;20,00;3,0;3,0;38,38;0,06;0,011;0,0;0,01;0,052
86;24.07.2023;17:28:47;00:01:25;250,0;17,0;18,7;15,8;19,0;20,0;0,0;31,7;3,17E1;-541,2;20,00;3,0;3,0;38,38;0,06;0,016;0,0;0,01;0,053
87;24.07.2023;17:28:48;00:01:26;250,0;17,0;18,7;15,9;19,0;20,0;0,0;30,3;3,03E1;-541,2;20,00;3,0;2,9;38,38;0,06;0,011;0,0;0,00;0,051
88;24.07.2023;17:28:49;00:01:27;250,0;17,0;18,7;15,9;19,0;20,0;0,0;28,2;2,82E1;-541,2;20,00;3,0;3,0;38,38;0,06;0,011;0,0;0,00;0,051
89;24.07.2023;17:28:50;00:01:28;250,0;17,0;18,7;15,9;19,0;20,0;0,0;26,5;2,65E1;-541,2;20,00;3,0;3,0;38,38;0,06;0,007;0,0;0,01;0,054
90;24.07.2023;17:28:51;00:01:29;250,0;17,0;18,7;16,0;19,0;20,0;0,0;25,2;2,52E1;-541,2;20,00;3,0;3,0;38,38;0,06;0,009;0,0;0,00;0,051
91;24.07.2023;17:28:52;00:01:30;250,0;17,0;18,7;16,0;19,0;20,0;0,0;23,1;2,31E1;-541,2;20,00;3,0;3,1;38,38;0,06;0,009;0,0;0,00;0,052
92;24.07.2023;17:28:53;00:01:31;250,0;17,0;18,7;16,0;19,0;20,0;0,0;22,4;2,24E1;-541,2;20,00;3,0;3,1;38,38;0,06;0,009;0,0;0,01;0,053
93;24.07.2023;17:28:54;00:01:32;250,0;17,0;18,7;16,0;19,0;20,0;0,0;20,8;2,08E1;-541,2;20,00;3,0;2,9;38,38;0,06;0,004;0,0;0,01;0,053
94;24.07.2023;17:28:55;00:01:33;250,0;17,0;18,7;16,0;19,0;20,0;0,0;19,5;1,95E1;-541,2;20,00;3,0;3,0;38,38;0,06;0,002;0,0;0,01;0,053
95;24.07.2023;17:28:56;00:01:34;250,0;17,1;18,7;16,0;19,0;20,0;0,0;18,8;1,88E1;-541,2;20,00;3,0;3,0;38,38;0,06;0,001;0,0;0,01;0,053
96;24.07.2023;17:28:57;00:01:35;250,0;17,1;18,7;16,1;19,0;20,0;0,0;17,1;1,71E1;-541,2;20,00;3,0;3,0;38,38;0,06;0,004;0,0;0,00;0,053
97;24.07.2023;17:28:58;00:01:36;250,0;17,1;18,7;16,1;19,0;20,0;0,0;15,7;1,57E1;-541,2;20,00;3,0;3,1;38,38;0,06;0,005;0,0;0,00;0,050
98;24.07.2023;17:28:59;00:01:37;250,0;17,1;18,7;16,2;19,1;20,0;0,0;15,2;1,52E1;-541,2;20,00;3,0;3,0;38,38;0,06;0,000;0,0;0,01;0,049
99;24.07.2023;17:29:00;00:01:38;250,0;17,1;18,7;16,2;19,1;20,0;0,0;14,3;1,43E1;-541,2;20,00;3,0;2,9;38,38;0,06;-0,005;0,0;0,00;0,051
100;24.07.2023;17:29:01;00:01:39;250,0;17,1;18,7;16,2;19,1;20,0;0,0;13,4;1,34E1;-541,2;20,00;3,0;2,9;38,38;0,06;0,000;0,0;0,01;0,052
101;24.07.2023;17:29:02;00:01:40;250,0;17,1;18,7;16,2;19,1;20,0;0,0;13,0;1,30E1;-541,2;20,00;3,0;2,9;38,38;0,06;0,000;0,0;0,00;0,054
102;24.07.2023;17:29:03;00:01:41;250,0;17,1;18,7;16,2;19,1;20,0;0,0;12,0;1,20E1;-541,2;20,00;3,0;3,1;38,38;0,06;0,005;0,0;0,00;0,050
103;24.07.2023;17:29:04;00:01:42;250,0;17,1;18,7;16,3;19,1;20,0;0,0;11,2;1,12E1;-541,2;20,00;3,0;3,0;38,38;0,06;0,003;0,0;0,00;0,053
104;24.07.2023;17:29:05;00:01:43;250,0;17,1;18,7;16,3;19,1;20,0;0,0;10,7;1,07E1;-541,2;20,00;3,0;3,0;38,38;0,06;0,002;0,0;0,01;0,051
105;24.07.2023;17:29:06;00:01:44;250,0;17,1;18,7;16,3;19,1;20,0;0,0;9,7;9,75E0;-541,2;20,00;3,0;3,0;38,38;0,06;0,001;0,0;0,00;0,053
106;24.07.2023;17:29:07;00:01:45;250,0;17,1;18,7;16,3;19,1;20,0;0,0;9,4;9,45E0;-541,2;20,00;3,0;2,9;38,38;0,06;-0,004;0,0;0,01;0,054
107;24.07.2023;17:29:08;00:01:46;250,0;17,1;18,7;16,4;19,1;20,0;0,0;8,4;8,40E0;-541,2;20,00;3,0;3,0;38,38;0,06;-0,001;0,0;0,01;0,053
108;24.07.2023;17:29:09;00:01:47;250,0;17,1;18,7;16,4;19,1;20,0;0,0;7,6;7,60E0;-541,2;20,00;3,0;3,1;38,38;0,06;0,005;0,0;0,01;0,054
109;24.07.2023;17:29:10;00:01:48;250,0;17,1;18,7;16,4;19,1;20,0;0,0;7,3;7,33E0;-541,2;20,00;3,0;3,1;38,38;0,06;0,004;0,0;0,00;0,054
110;24.07.2023;17:29:11;00:01:49;250,0;17,1;18,8;16,4;19,1;20,0;0,0;6,7;6,74E0;-541,2;20,00;3,0;3,1;38,38;0,06;0,002;0,0;0,00;0,052
111;24.07.2023;17:29:12;00:01:50;250,0;17,2;18,8;16,4;19,1;20,0;0,0;6,0;6,04E0;-541,2;20,00;3,0;3,0;38,38;0,06;0,002;0,0;0,01;0,049
112;24.07.2023;17:29:13;00:01:51;250,0;17,2;18,8;16,4;19,1;20,0;0,0;6,0;6,05E0;-541,2;20,00;3,0;3,1;38,38;0,06;0,002;0,0;0,01;0,054
113;24.07.2023;17:29:14;00:01:52;250,0;17,2;18,8;16,5;19,1;20,0;0,0;5,5;5,46E0;-541,2;20,00;3,0;3,1;38,38;0,06;0,003;0,0;0,00;0,054
114;24.07.2023;17:29:15;00:01:53;250,0;17,2;18,8;16,5;19,1;20,0;0,0;5,0;5,01E0;-541,2;20,00;3,0;2,9;38,38;0,06;-0,003;0,0;0,01;0,054
115;24.07.2023;17:29:16;00:01:54;250,0;17,2;18,8;16,5;19,1;20,0;0,0;4,7;4,73E0;-541,2;20,00;3,0;2,9;38,38;0,06;-0,002;0,0;0,01;0,052
116;24.07.2023;17:29:17;00:01:55;250,0;17,2;18,8;16,6;19,1;20,0;0,0;4,3;4,32E0;-541,2;20,00;3,0;2,9;38,38;0,06;0,001;0,0;0,01;0,049
117;24.07.2023;17:29:18;00:01:56;250,0;17,2;18,8;16,6;19,1;20,0;0,0;4,2;4,24E0;-541,2;20,00;3,0;2,9;38,38;0,06;0,003;0,0;0,01;0,053
118;24.07.2023;17:29:19;00:01:57;250,0;17,2;18,8;16,6;19,1;20,0;0,0;4,0;3,99E0;-541,2;20,00;3,0;3,0;38,38;0,06;0,007;0,0;0,00;0,054
119;24.07.2023;17:29:20;00:01:58;250,0;17,2;18,8;16,6;19,1;20,0;0,0;3,7;3,66E0;-541,2;20,00;3,0;2,9;38,38;0,06;0,006;0,0;0,00;0,049
120;24.07.2023;17:29:21;00:01:59;250,0;17,2;18,8;16,6;19,1;20,0;0,0;3,5;3,55E0;-541,2;20,00;3,0;2,9;38,38;0,06;0,003;0,0;0,00;0,053
121;24.07.2023;17:29:22;00:02:00;250,0;17,2;18,8;16,7;19,1;20,0;0,0;3,2;3,22E0;-541,2;20,00;3,0;3,0;38,38;0,06;0,004;0,0;0,01;0,054
122;24.07.2023;17:29:23;00:02:01;250,0;17,2;18,8;16,7;19,1;20,0;0,0;3,0;2,98E0;-541,2;20,00;3,0;3,1;38,38;0,06;0,008;0,0;0,00;0,052
123;24.07.2023;17:29:24;00:02:02;250,0;17,2;18,8;16,7;19,1;20,0;0,0;3,0;2,96E0;-541,2;20,00;3,0;3,1;38,38;0,06;0,009;0,0;0,00;0,052
124;24.07.2023;17:29:25;00:02:03;250,0;17,2;18,8;16,7;19,1;20,0;0,0;2,8;2,77E0;-541,2;20,00;3,0;3,0;38,38;0,06;0,005;0,0;0,00;0,054
125;24.07.2023;17:29:26;00:02:04;250,0;17,2;18,8;16,7;19,1;20,0;0,0;2,6;2,57E0;-541,2;20,00;3,0;3,0;38,38;0,06;0,003;0,0;0,00;0,054
126;24.07.2023;17:29:27;00:02:05;250,0;17,2;18,8;16,7;19,1;20,0;0,0;2,5;2,55E0;-541,2;20,00;3,0;3,1;38,38;0,06;0,007;0,0;0,01;0,053
127;24.07.2023;17:29:28;00:02:06;250,0;17,2;18,8;16,7;19,1;20,0;0,0;2,4;2,38E0;-541,2;20,00;3,0;3,1;38,38;0,06;0,002;0,0;0,01;0,054
128;24.07.2023;17:29:29;00:02:07;250,0;17,2;18,8;16,8;19,1;20,0;0,0;2,3;2,25E0;-541,2;20,00;3,0;3,1;38,38;0,06;0,003;0,0;0,00;0,054
129;24.07.2023;17:29:30;00:02:08;250,0;17,2;18,8;16,8;19,1;20,0;0,0;2,2;2,20E0;-541,2;20,00;3,0;3,0;38,38;0,06;0,003;0,0;0,01;0,051
130;24.07.2023;17:29:31;00:02:09;250,0;17,2;18,8;16,8;19,1;20,0;0,0;2,1;2,08E0;-541,2;20,00;3,0;3,0;38,38;0,06;0,001;0,0;0,01;0,054
131;24.07.2023;17:29:32;00:02:10;250,0;17,2;18,8;16,8;19,1;20,0;0,0;2,0;1,97E0;-541,2;20,00;3,0;3,0;38,38;0,06;0,004;0,0;0,00;0,049
132;24.07.2023;17:29:33;00:02:11;250,0;17,2;18,8;16,8;19,1;20,0;0,0;1,9;1,85E0;-541,2;20,00;3,0;3,0;38,38;0,06;0,005;0,0;0,00;0,053
133;24.07.2023;17:29:34;00:02:12;250,0;17,2;18,8;16,8;19,1;20,0;0,0;1,8;1,81E0;-541,2;20,00;3,0;3,0;38,38;0,06;0,001;0,0;0,00;0,053
134;24.07.2023;17:29:35;00:02:13;250,0;17,2;18,8;16,8;19,1;20,0;0,0;1,7;1,72E0;-541,2;20,00;3,0;3,0;38,38;0,06;0,001;0,0;0,00;0,053
135;24.07.2023;17:29:36;00:02:14;250,0;17,2;18,8;16,8;19,1;20,0;0,0;1,7;1,69E0;-541,2;20,00;3,0;2,9;38,38;0,06;0,000;0,0;0,01;0,054
136;24.07.2023;17:29:37;00:02:15;250,0;17,2;18,8;16,9;19,2;20,0;0,0;1,6;1,61E0;-541,2;20,00;3,0;3,1;38,38;0,06;0,004;0,0;0,00;0,051
137;24.07.2023;17:29:38;00:02:16;250,0;17,2;18,8;16,9;19,2;20,0;0,0;1,6;1,64E0;-541,2;20,00;3,0;3,1;38,38;0,06;0,004;0,0;0,00;0,050
138;24.07.2023;17:29:39;00:02:17;250,0;17,1;18,7;16,8;19,0;20,0;0,0;1,5;1,52E0;-541,2;20,00;3,0;3,1;38,38;0,06;0,007;0,0;0,00;0,054
139;24.07.2023;17:29:40;00:02:18;250,0;17,1;18,7;16,8;19,0;20,0;0,0;1,5;1,46E0;-541,2;20,00;3,0;3,1;38,38;0,06;0,008;0,0;0,00;0,053
140;24.07.2023;17:29:41;00:02:19;250,0;17,1;18,7;16,8;19,0;20,0;0,0;1,5;1,45E0;-541,2;20,00;3,0;3,0;38,38;0,06;0,003;0,0;0,00;0,054
141;24.07.2023;17:29:42;00:02:20;250,0;17,1;18,7;16,8;19,0;20,0;0,0;1,4;1,37E0;-541,2;20,00;3,0;3,1;38,38;0,06;0,002;0,0;0,00;0,054
142;24.07.2023;17:29:43;00:02:21;250,0;17,1;18,7;16,8;19,0;20,0;0,0;1,3;1,34E0;-541,2;20,00;3,0;3,0;38,38;0,06;0,000;0,0;0,01;0,049
143;24.07.2023;17:29:44;00:02:22;250,0;17,1;18,7;16,9;19,0;20,0;0,0;1,3;1,27E0;-541,2;20,00;3,0;3,0;38,38;0,06;0,001;0,0;0,00;0,051
144;24.07.2023;17:29:45;00:02:23;250,0;17,2;18,7;16,9;19,0;20,0;0,0;1,2;1,22E0;-541,2;20,00;3,0;3,0;38,38;0,06;-0,001;0,0;0,00;0,053
145;24.07.2023;17:29:46;00:02:24;250,0;17,2;18,7;16,9;19,0;20,0;0,0;1,2;1,20E0;-541,2;20,00;3,0;3,0;38,38;0,06;0,004;0,0;0,01;0,053
146;24.07.2023;17:29:47;00:02:25;250,0;17,2;18,7;16,9;19,0;20,0;0,0;1,2;1,18E0;-541,2;20,00;3,0;3,0;38,38;0,06;0,002;0,0;0,00;0,054
147;24.07.2023;17:29:48;00:02:26;250,0;17,2;18,7;16,9;19,0;20,0;0,0;1,1;1,12E0;-541,2;20,00;3,0;2,9;38,38;0,06;0,000;0,0;0,01;0,053
148;24.07.2023;17:29:49;00:02:27;250,0;17,2;18,7;16,9;19,0;20,0;0,0;1,1;1,10E0;-541,2;20,00;3,0;2,9;38,38;0,06;-0,002;0,0;0,01;0,054
149;24.07.2023;17:29:50;00:02:28;250,0;17,2;18,7;16,9;19,1;20,0;0,0;1,0;9,95E-1;-541,2;20,00;3,0;3,0;38,38;0,06;0,004;0,0;0,00;0,054
150;24.07.2023;17:29:51;00:02:29;250,0;17,2;18,7;16,9;19,1;20,0;0,0;1,0;9,63E-1;-541,2;20,00;3,0;2,9;38,38;0,06;0,000;0,0;0,01;0,054
151;24.07.2023;17:29:52;00:02:30;250,0;17,2;18,7;17,0;19,1;20,0;0,0;0,9;9,46E-1;-541,2;20,00;3,0;2,9;38,38;0,06;0,002;0,0;0,01;0,052
152;24.07.2023;17:29:53;00:02:31;250,0;17,2;18,7;17,0;19,1;20,0;0,0;0,9;9,13E-1;-541,2;20,00;3,0;3,0;38,38;0,06;-0,002;0,0;0,01;0,054
153;24.07.2023;17:29:54;00:02:32;250,0;17,2;18,7;17,0;19,1;20,0;0,0;0,9;8,82E-1;-541,2;20,00;3,0;3,0;38,38;0,06;0,000;0,0;0,01;0,053
154;24.07.2023;17:29:55;00:02:33;250,0;17,2;18,7;17,0;19,1;20,0;0,0;0,9;8,65E-1;-541,2;20,00;3,0;3,0;38,38;0,06;0,004;0,0;0,01;0,054
155;24.07.2023;17:29:56;00:02:34;250,0;17,2;18,7;17,0;19,1;20,0;0,0;0,8;8,32E-1;-541,2;20,00;3,0;2,9;38,38;0,06;-0,003;0,0;0,01;0,054
156;24.07.2023;17:29:57;00:02:35;250,0;17,2;18,7;17,0;19,1;20,0;0,0;0,8;8,17E-1;-541,2;20,00;3,0;3,0;38,38;0,06;-0,001;0,0;0,01;0,053
157;24.07.2023;17:29:58;00:02:36;250,0;17,2;18,7;17,1;19,1;20,0;0,0;0,8;7,85E-1;-541,2;20,00;3,0;2,9;38,38;0,06;0,000;0,0;0,01;0,054
158;24.07.2023;17:29:59;00:02:37;250,0;17,2;18,6;17,0;19,0;20,0;0,0;0,8;7,61E-1;-541,2;20,00;3,0;3,1;38,38;0,06;0,000;0,0;0,00;0,053
159;24.07.2023;17:30:00;00:02:38;250,0;17,2;18,6;17,0;19,0;20,0;0,0;0,7;7,49E-1;-541,2;20,00;3,0;3,1;38,38;0,06;0,002;0,0;0,01;0,053
160;24.07.2023;17:30:01;00:02:39;250,0;17,2;18,6;17,0;19,0;20,0;0,0;0,7;7,26E-1;-541,2;20,00;3,0;3,1;38,38;0,06;0,004;0,0;0,00;0,053
161;24.07.2023;17:30:02;00:02:40;250,0;17,2;18,6;17,0;19,0;20,0;0,0;0,7;7,03E-1;-541,2;20,00;3,0;3,1;38,38;0,06;-0,005;0,0;0,01;0,052
162;24.07.2023;17:30:03;00:02:41;250,0;17,2;18,6;17,0;19,0;20,0;0,0;0,7;6,93E-1;-541,2;20,00;3,0;3,1;38,38;0,06;-0,002;0,0;0,00;0,054
163;24.07.2023;17:30:04;00:02:42;250,0;17,2;18,6;17,0;19,0;20,0;0,0;0,7;6,71E-1;-541,2;20,00;3,0;3,0;38,38;0,06;-0,005;0,0;0,00;0,054
164;24.07.2023;17:30:05;00:02:43;250,0;17,2;18,6;17,1;19,0;20,0;0,0;0,7;6,51E-1;-541,2;20,00;3,0;3,0;38,38;0,06;-0,006;0,0;0,01;0,052
165;24.07.2023;17:30:06;00:02:44;250,0;17,2;18,6;17,1;19,0;20,0;0,0;0,6;6,40E-1;-541,2;20,00;3,0;2,9;38,38;0,06;-0,002;0,0;0,01;0,053
166;24.07.2023;17:30:07;00:02:45;250,0;17,2;18,6;17,1;19,0;20,0;0,0;0,6;6,20E-1;-541,2;20,00;3,0;3,0;38,38;0,06;0,001;0,0;0,00;0,052
167;24.07.2023;17:30:08;00:02:46;250,0;17,2;18,6;17,1;19,0;20,0;0,0;0,6;6,00E-1;-541,2;20,00;3,0;3,0;38,38;0,06;0,000;0,0;0,00;0,054
168;24.07.2023;17:30:09;00:02:47;250,0;17,2;18,7;17,1;19,0;20,0;0,0;0,6;5,91E-1;-541,2;20,00;3,0;2,9;38,38;0,06;0,000;0,0;0,01;0,054
169;24.07.2023;17:30:10;00:02:48;250,0;17,2;18,7;17,1;19,0;20,0;0,0;0,6;5,72E-1;-541,2;20,00;3,0;3,0;38,38;0,06;0,000;0,0;0,01;0,054
170;24.07.2023;17:30:11;00:02:49;250,0;17,2;18,7;17,1;19,0;20,0;0,0;0,6;5,64E-1;-541,2;20,00;3,0;2,9;38,38;0,06;0,000;0,0;0,01;0,052
171;24.07.2023;17:30:12;00:02:50;250,0;17,2;18,7;17,1;19,0;20,0;0,0;0,5;5,46E-1;-541,2;20,00;3,0;3,0;38,38;0,06;0,005;0,0;0,01;0,053
172;24.07.2023;17:30:13;00:02:51;250,0;17,2;18,7;17,1;19,0;20,0;0,0;0,5;5,29E-1;-541,2;20,00;3,0;3,1;38,38;0,06;0,008;0,0;0,01;0,053
173;24.07.2023;17:30:14;00:02:52;250,0;17,2;18,7;17,1;19,0;20,0;0,0;0,5;5,22E-1;-541,2;20,00;3,0;3,1;38,38;0,06;0,006;0,0;0,00;0,050
174;24.07.2023;17:30:15;00:02:53;250,0;17,2;18,7;17,2;19,0;20,0;0,0;0,5;5,10E-1;-541,2;20,00;3,0;3,0;38,38;0,06;0,006;0,0;0,00;0,054
175;24.07.2023;17:30:16;00:02:54;250,0;17,2;18,7;17,2;19,0;20,0;0,0;0,5;4,97E-1;-541,2;20,00;3,0;3,0;38,38;0,06;0,002;0,0;0,01;0,053
176;24.07.2023;17:30:17;00:02:55;250,0;17,2;18,7;17,2;19,0;20,0;0,0;0,5;4,91E-1;-541,2;20,00;3,0;3,1;38,38;0,06;0,005;0,0;0,00;0,054
177;24.07.2023;17:30:18;00:02:56;250,0;17,2;18,7;17,2;19,1;20,0;0,0;0,5;4,80E-1;-541,2;20,00;3,0;2,9;38,38;0,06;-0,002;0,0;0,01;0,054
178;24.07.2023;17:30:19;00:02:57;250,0;17,2;18,7;17,2;19,1;20,0;0,0;0,5;4,69E-1;-541,2;20,00;3,0;3,0;38,38;0,06;-0,001;0,0;0,01;0,052
179;24.07.2023;17:30:20;00:02:58;250,0;17,2;18,7;17,2;19,1;20,0;0,0;0,5;4,64E-1;-541,2;20,00;3,0;3,0;38,38;0,06;0,004;0,0;0,01;0,052
180;24.07.2023;17:30:21;00:02:59;250,0;17,2;18,7;17,2;19,1;20,0;0,0;0,5;4,52E-1;-541,2;20,00;3,0;3,0;38,38;0,06;0,004;0,0;0,00;0,053
181;24.07.2023;17:30:22;00:03:00;250,0;17,2;18,7;17,2;19,1;20,8;0,3;0,4;4,47E-1;-541,2;20,00;3,0;3,0;38,38;0,06;0,003;0,0;0,01;0,053
182;24.07.2023;17:30:23;00:03:01;250,0;17,2;18,7;17,2;19,1;22,2;0,4;0,4;4,37E-1;-541,2;20,00;3,0;3,0;38,38;0,06;0,005;0,0;0,01;0,053
183;24.07.2023;17:30:24;00:03:02;250,0;17,2;18,7;17,2;19,1;23,6;0,6;0,4;4,28E-1;-541,2;20,00;3,0;3,0;38,38;0,06;0,000;0,0;0,00;0,053
184;24.07.2023;17:30:25;00:03:03;250,0;17,2;18,7;17,2;19,1;24,3;0,6;0,4;4,24E-1;-541,2;20,00;3,0;3,0;38,38;0,06;0,000;0,0;0,00;0,054
185;24.07.2023;17:30:26;00:03:04;250,0;17,2;18,7;17,2;19,1;25,7;0,8;0,4;4,14E-1;-541,2;20,00;3,0;3,0;38,38;0,06;0,001;0,0;0,01;0,052
186;24.07.2023;17:30:27;00:03:05;250,0;17,2;18,7;17,2;19,1;27,2;0,9;0,4;4,04E-1;-541,2;20,00;3,0;3,0;38,38;0,06;0,000;0,0;0,00;0,054
187;24.07.2023;17:30:28;00:03:06;250,0;17,2;18,7;17,2;19,1;27,9;1,0;0,4;4,00E-1;-541,2;20,00;3,0;3,0;38,38;0,06;-0,001;0,0;0,01;0,054
188;24.07.2023;17:30:29;00:03:07;250,0;17,2;18,7;17,3;19,1;29,3;1,1;0,4;3,92E-1;-541,2;20,00;3,0;3,0;38,38;0,06;0,000;0,0;0,00;0,053
189;24.07.2023;17:30:30;00:03:08;250,0;17,2;18,7;17,3;19,1;30,7;1,2;0,4;3,84E-1;-541,2;20,00;3,0;2,9;38,38;0,06;-0,004;0,0;0,01;0,054
190;24.07.2023;17:30:31;00:03:09;250,0;17,2;18,7;17,3;19,1;31,4;1,3;0,4;3,80E-1;-541,2;20,00;3,0;2,9;38,38;0,06;-0,004;0,0;0,01;0,054
191;24.07.2023;17:30:32;00:03:10;250,0;17,2;18,7;17,3;19,1;32,8;1,4;0,4;3,72E-1;-541,2;20,00;3,0;2,9;38,38;0,06;-0,006;0,0;0,01;0,053
192;24.07.2023;17:30:33;00:03:11;250,0;17,2;18,7;17,3;19,1;34,3;1,6;0,4;3,64E-1;-541,2;20,00;3,0;3,0;38,38;0,06;-0,001;0,0;0,01;0,054
193;24.07.2023;17:30:34;00:03:12;250,0;17,2;18,7;17,3;19,1;35,0;1,7;0,4;3,60E-1;-541,2;20,00;3,0;3,0;38,38;0,06;0,003;0,0;0,01;0,053
194;24.07.2023;17:30:35;00:03:13;250,0;17,2;18,7;17,3;19,1;36,4;1,8;0,4;3,55E-1;-541,2;20,00;3,0;3,0;38,38;0,06;0,002;0,0;0,01;0,052
195;24.07.2023;17:30:36;00:03:14;250,0;17,2;18,7;17,3;19,1;37,1;1,9;0,4;3,53E-1;-541,2;20,00;3,0;3,0;38,38;0,06;0,001;0,0;0,01;0,054
196;24.07.2023;17:30:37;00:03:15;250,0;17,2;18,7;17,3;19,1;38,5;2,0;0,3;3,47E-1;-541,2;20,00;3,0;3,0;38,38;0,06;0,001;0,0;0,00;0,054
197;24.07.2023;17:30:38;00:03:16;250,0;17,2;18,7;17,3;19,1;39,9;2,2;0,3;3,41E-1;-541,2;20,00;3,0;3,0;38,38;0,06;-0,003;0,0;0,00;0,054
198;24.07.2023;17:30:39;00:03:17;250,0;17,1;18,5;17,2;18,9;40,8;2,2;0,3;3,38E-1;-541,2;20,00;3,0;3,0;38,38;0,06;-0,001;0,0;0,00;0,052
199;24.07.2023;17:30:40;00:03:18;250,0;17,1;18,5;17,2;18,9;42,2;2,4;0,3;3,33E-1;-541,2;20,00;3,0;2,9;38,38;0,06;-0,002;0,0;0,00;0,051
200;24.07.2023;17:30:41;00:03:19;250,0;17,1;18,5;17,2;18,9;43,6;2,5;0,3;3,28E-1;-541,2;20,00;3,0;2,9;38,38;0,06;-0,003;0,0;0,01;0,053
201;24.07.2023;17:30:42;00:03:20;250,0;17,1;18,5;17,2;18,9;44,3;2,6;0,3;3,26E-1;-541,2;20,00;3,0;2,9;38,38;0,06;0,001;0,0;0,01;0,053
202;24.07.2023;17:30:43;00:03:21;250,0;17,1;18,5;17,2;18,9;45,7;2,8;0,3;3,22E-1;-541,2;20,00;3,0;2,9;38,38;0,06;-0,004;0,0;0,01;0,053
203;24.07.2023;17:30:44;00:03:22;250,0;17,1;18,5;17,2;19,0;47,2;2,9;0,3;3,17E-1;-541,2;20,00;3,0;2,9;38,38;0,06;0,001;0,0;0,01;0,051
204;24.07.2023;17:30:45;00:03:23;250,0;17,1;18,5;17,2;19,0;47,9;3,0;0,3;3,14E-1;-541,2;20,00;3,0;2,9;38,38;0,06;-0,002;0,0;0,00;0,051
205;24.07.2023;17:30:46;00:03:24;250,0;17,1;18,5;17,2;19,0;49,3;3,2;0,3;3,10E-1;-541,2;20,00;3,0;3,0;38,38;0,06;0,001;0,0;0,00;0,051
206;24.07.2023;17:30:47;00:03:25;250,0;17,1;18,5;17,2;19,0;50,0;3,2;0,3;3,08E-1;-541,2;20,00;3,0;3,0;38,38;0,06;0,002;0,0;0,01;0,053
207;24.07.2023;17:30:48;00:03:26;250,0;17,1;18,5;17,2;19,0;51,4;3,4;0,3;3,04E-1;-541,2;20,00;3,0;2,9;38,38;0,06;-0,005;0,0;0,01;0,054
208;24.07.2023;17:30:49;00:03:27;250,0;17,1;18,5;17,3;19,0;52,8;3,5;0,3;3,00E-1;-541,2;20,00;3,0;3,0;38,38;0,06;0,005;0,0;0,00;0,054
209;24.07.2023;17:30:50;00:03:28;250,0;17,1;18,5;17,3;19,0;53,6;3,6;0,3;2,97E-1;-541,2;20,00;3,0;3,0;38,38;0,06;0,005;0,0;0,01;0,054
210;24.07.2023;17:30:51;00:03:29;250,0;17,1;18,5;17,3;19,0;55,0;3,8;0,3;2,93E-1;-541,2;20,00;3,0;3,0;38,38;0,06;0,003;0,0;0,00;0,054
211;24.07.2023;17:30:52;00:03:30;250,0;17,2;18,5;17,3;19,0;56,4;3,9;0,3;2,90E-1;-541,2;20,00;3,0;3,0;38,38;0,06;0,001;0,0;0,00;0,053
212;24.07.2023;17:30:53;00:03:31;250,0;17,2;18,5;17,3;19,0;57,1;4,0;0,3;2,88E-1;-541,2;20,00;3,0;3,0;38,38;0,06;0,001;0,0;0,00;0,053
213;24.07.2023;17:30:54;00:03:32;250,0;17,2;18,6;17,3;19,0;58,5;4,2;0,3;2,85E-1;-541,2;20,00;3,0;3,0;38,38;0,06;0,001;0,0;0,00;0,053
214;24.07.2023;17:30:55;00:03:33;250,0;17,2;18,6;17,3;19,0;59,9;4,3;0,3;2,81E-1;-541,2;20,00;3,0;3,1;38,38;0,06;0,007;0,0;0,00;0,053
215;24.07.2023;17:30:56;00:03:34;250,0;17,2;18,6;17,3;19,0;60,7;4,4;0,3;2,79E-1;-541,2;20,00;3,0;3,0;38,38;0,06;0,000;0,0;0,01;0,053
216;24.07.2023;17:30:57;00:03:35;250,0;17,2;18,6;17,3;19,0;62,1;4,6;0,3;2,76E-1;-541,2;20,00;3,0;3,0;38,38;0,06;0,001;0,0;0,01;0,053
217;24.07.2023;17:30:58;00:03:36;250,0;17,2;18,6;17,3;19,0;63,5;4,8;0,3;2,72E-1;-541,2;20,00;3,0;3,0;38,38;0,06;0,002;0,0;0,01;0,053
218;24.07.2023;17:30:59;00:03:37;250,0;17,1;18,4;17,2;18,9;64,2;4,9;0,3;2,71E-1;-541,2;20,00;3,0;3,0;38,38;0,06;0,004;0,0;0,01;0,053
219;24.07.2023;17:31:00;00:03:38;250,0;17,1;18,4;17,2;18,9;65,6;5,0;0,3;2,67E-1;-541,2;20,00;3,0;3,0;38,38;0,06;0,002;0,0;0,00;0,053
220;24.07.2023;17:31:01;00:03:39;250,0;17,1;18,4;17,2;18,9;66,3;5,1;0,3;2,66E-1;-541,2;20,00;3,0;3,0;38,38;0,06;0,004;0,0;0,00;0,054
221;24.07.2023;17:31:02;00:03:40;250,0;17,1;18,4;17,2;18,9;67,8;5,3;0,3;2,62E-1;-541,2;20,00;3,0;3,1;38,38;0,06;0,000;0,0;0,01;0,054
222;24.07.2023;17:31:03;00:03:41;250,0;17,1;18,4;17,2;18,9;69,2;5,5;0,3;2,59E-1;-541,2;20,00;3,0;3,0;38,38;0,06;-0,003;0,0;0,01;0,054
223;24.07.2023;17:31:04;00:03:42;250,0;17,1;18,4;17,2;18,9;69,9;5,6;0,3;2,58E-1;-541,2;20,00;3,0;3,0;38,38;0,06;-0,004;0,0;0,00;0,053
224;24.07.2023;17:31:05;00:03:43;250,0;17,1;18,4;17,3;18,9;71,3;5,7;0,3;2,55E-1;-541,2;20,00;3,0;3,0;38,38;0,06;-0,003;0,0;0,01;0,054
225;24.07.2023;17:31:06;00:03:44;250,0;17,1;18,4;17,3;18,9;72,7;5,9;0,3;2,53E-1;-541,2;20,00;3,0;3,1;38,38;0,06;0,000;0,0;0,00;0,053
226;24.07.2023;17:31:07;00:03:45;250,0;17,1;18,5;17,3;18,9;73,4;6,0;0,3;2,51E-1;-541,2;20,00;3,0;3,0;38,38;0,06;0,004;0,0;0,01;0,052
227;24.07.2023;17:31:08;00:03:46;250,0;17,1;18,5;17,3;18,9;74,9;6,2;0,2;2,48E-1;-541,2;20,00;3,0;3,0;38,38;0,06;0,001;0,0;0,00;0,053
228;24.07.2023;17:31:09;00:03:47;250,0;17,1;18,5;17,3;18,9;76,3;6,4;0,2;2,45E-1;-541,2;20,00;3,0;3,0;38,38;0,06;0,003;0,0;0,01;0,053
229;24.07.2023;17:31:10;00:03:48;250,0;17,1;18,5;17,3;18,9;77,0;6,4;0,2;2,44E-1;-541,2;20,00;3,0;3,0;38,38;0,06;0,002;0,0;0,01;0,054
230;24.07.2023;17:31:11;00:03:49;250,0;17,1;18,5;17,3;18,9;78,4;6,6;0,2;2,42E-1;-541,2;20,00;3,0;3,1;38,38;0,07;0,005;0,0;0,00;0,054
231;24.07.2023;17:31:12;00:03:50;250,0;17,1;18,5;17,3;18,9;79,1;6,7;0,2;2,41E-1;-541,2;20,00;3,0;3,1;38,38;0,07;0,006;0,0;0,00;0,053
232;24.07.2023;17:31:13;00:03:51;250,0;17,1;18,5;17,3;18,9;80,5;6,9;0,2;2,39E-1;-541,2;20,00;3,0;3,1;38,38;0,06;0,007;0,0;0,01;0,053
233;24.07.2023;17:31:14;00:03:52;250,0;17,1;18,5;17,3;18,9;82,1;7,1;0,2;2,37E-1;-541,2;20,00;3,0;3,1;38,38;0,07;0,005;0,0;0,00;0,053
234;24.07.2023;17:31:15;00:03:53;250,0;17,1;18,5;17,3;18,9;82,8;7,2;0,2;2,36E-1;-541,2;20,00;3,0;3,1;38,38;0,06;0,002;0,0;0,00;0,054
235;24.07.2023;17:31:16;00:03:54;250,0;17,1;18,5;17,3;18,9;84,2;7,4;0,2;2,34E-1;-541,2;20,00;3,0;3,0;38,38;0,06;-0,001;0,0;0,01;0,053
236;24.07.2023;17:31:17;00:03:55;250,0;17,1;18,5;17,3;18,9;85,6;7,5;0,2;2,32E-1;-541,2;20,00;3,0;2,9;38,38;0,06;-0,006;0,0;0,01;0,053
237;24.07.2023;17:31:18;00:03:56;250,0;17,1;18,5;17,3;18,9;86,3;7,6;0,2;2,31E-1;-541,2;20,00;3,0;3,0;38,38;0,06;-0,004;0,0;0,01;0,053
238;24.07.2023;17:31:19;00:03:57;250,0;17,2;18,6;17,4;19,0;87,7;7,8;0,2;2,29E-1;-541,2;20,00;3,0;3,0;38,38;0,06;-0,001;0,0;0,01;0,054
239;24.07.2023;17:31:20;00:03:58;250,0;17,2;18,5;17,4;19,0;89,2;8,0;0,2;2,28E-1;-541,2;20,00;3,0;3,0;38,38;0,07;0,002;0,0;0,01;0,050
240;24.07.2023;17:31:21;00:03:59;250,0;17,2;18,5;17,4;19,0;89,9;8,1;0,2;2,27E-1;-541,2;20,00;3,0;3,0;38,38;0,07;0,002;0,0;0,01;0,054
241;24.07.2023;17:31:22;00:04:00;250,0;17,2;18,5;17,4;19,0;91,3;8,3;0,2;2,25E-1;-541,2;20,00;3,0;3,0;38,38;0,06;0,005;0,0;0,00;0,054
242;24.07.2023;17:31:23;00:04:01;250,0;17,2;18,5;17,4;19,0;92,7;8,5;0,2;2,23E-1;-541,2;20,00;3,0;3,0;38,38;0,07;0,004;0,0;0,01;0,054
243;24.07.2023;17:31:24;00:04:02;250,0;17,2;18,5;17,4;19,0;93,4;8,6;0,2;2,22E-1;-541,2;20,00;3,0;3,1;38,38;0,06;0,004;0,0;0,01;0,053
244;24.07.2023;17:31:25;00:04:03;250,0;17,2;18,5;17,4;19,0;94,8;8,8;0,2;2,21E-1;-541,2;20,00;3,0;2,9;38,38;0,06;-0,003;0,0;0,01;0,054
245;24.07.2023;17:31:26;00:04:04;250,0;17,2;18,5;17,4;19,0;95,5;8,9;0,2;2,20E-1;-541,2;20,00;3,0;3,0;38,38;0,07;-0,002;0,0;0,01;0,054
246;24.07.2023;17:31:27;00:04:05;250,0;17,2;18,5;17,4;19,0;97,0;9,1;0,2;2,18E-1;-541,2;20,00;3,0;3,0;38,38;0,06;0,001;0,0;0,01;0,053
247;24.07.2023;17:31:28;00:04:06;250,0;17,2;18,5;17,4;19,0;98,4;9,3;0,2;2,16E-1;-541,2;20,00;3,0;3,1;38,38;0,07;0,003;0,0;0,01;0,051
248;24.07.2023;17:31:29;00:04:07;250,0;17,2;18,5;17,4;19,0;99,1;9,4;0,2;2,16E-1;-541,2;20,00;3,0;3,1;38,38;0,06;0,005;0,0;0,01;0,054
249;24.07.2023;17:31:30;00:04:08;250,0;17,2;18,6;17,4;19,0;100,5;9,6;0,2;2,14E-1;-541,2;20,00;3,0;3,1;38,38;0,06;0,002;0,0;0,00;0,053
250;24.07.2023;17:31:31;00:04:09;250,0;17,2;18,6;17,4;19,0;101,9;9,8;0,2;2,12E-1;-541,2;20,00;3,0;3,0;38,38;0,06;-0,001;0,0;0,01;0,051
251;24.07.2023;17:31:32;00:04:10;250,0;17,2;18,6;17,4;19,0;102,6;9,9;0,2;2,12E-1;-541,2;20,00;3,0;3,1;38,38;0,07;-0,001;0,0;0,01;0,054
252;24.07.2023;17:31:33;00:04:11;250,0;17,2;18,6;17,4;19,0;104,1;10,1;0,2;2,10E-1;-541,2;20,00;3,0;3,0;38,38;0,06;0,001;0,0;0,00;0,054
253;24.07.2023;17:31:34;00:04:12;250,0;17,2;18,6;17,4;19,0;105,5;10,3;0,2;2,08E-1;-541,2;20,00;3,0;3,0;38,38;0,06;-0,003;0,0;0,01;0,049
254;24.07.2023;17:31:35;00:04:13;250,0;17,2;18,6;17,4;19,0;106,2;10,4;0,2;2,08E-1;-541,2;20,00;3,0;2,9;38,38;0,06;-0,003;0,0;0,01;0,054
255;24.07.2023;17:31:36;00:04:14;250,0;17,2;18,6;17,4;19,0;107,6;10,6;0,2;2,06E-1;-541,2;20,00;3,0;2,9;38,38;0,06;-0,004;0,0;0,00;0,054
256;24.07.2023;17:31:37;00:04:15;250,0;17,2;18,6;17,4;19,0;109,0;10,8;0,2;2,05E-1;-541,2;20,00;3,0;3,0;38,38;0,06;-0,001;0,0;0,00;0,054
257;24.07.2023;17:31:38;00:04:16;250,0;17,2;18,6;17,4;19,0;109,7;10,9;0,2;2,04E-1;-541,2;20,00;3,0;3,0;38,38;0,06;0,000;0,0;0,01;0,054
258;24.07.2023;17:31:39;00:04:17;250,0;17,2;18,6;17,5;19,0;111,2;11,1;0,2;2,03E-1;-541,2;20,00;3,0;3,0;38,38;0,06;-0,001;0,0;0,01;0,053
259;24.07.2023;17:31:40;00:04:18;250,0;17,2;18,6;17,5;19,0;111,9;11,2;0,2;2,02E-1;-541,2;20,00;3,0;2,9;38,38;0,06;-0,004;0,0;0,00;0,054
260;24.07.2023;17:31:41;00:04:19;250,0;17,2;18,6;17,5;19,0;113,3;11,4;0,2;2,01E-1;-541,2;20,00;3,0;2,9;38,38;0,06;-0,006;0,0;0,00;0,054
261;24.07.2023;17:31:42;00:04:20;250,0;17,2;18,6;17,5;19,0;114,7;11,7;0,2;1,99E-1;-541,2;20,00;3,0;3,0;38,38;0,07;0,000;0,0;0,01;0,053
262;24.07.2023;17:31:43;00:04:21;250,0;17,2;18,6;17,5;19,0;115,4;11,8;0,2;1,99E-1;-541,2;20,00;3,0;3,0;38,38;0,06;0,000;0,0;0,01;0,052
263;24.07.2023;17:31:44;00:04:22;250,0;17,2;18,6;17,5;19,0;116,8;12,0;0,2;1,97E-1;-541,2;20,00;3,0;2,9;38,38;0,06;-0,001;0,0;0,00;0,053
264;24.07.2023;17:31:45;00:04:23;250,0;17,2;18,6;17,5;19,0;118,3;12,2;0,2;1,96E-1;-541,2;20,00;3,0;3,0;38,38;0,07;0,001;0,0;0,01;0,054
265;24.07.2023;17:31:46;00:04:24;250,0;17,2;18,6;17,5;19,0;119,0;12,3;0,2;1,95E-1;-541,2;20,00;3,0;3,1;38,38;0,06;0,006;0,0;0,01;0,054
266;24.07.2023;17:31:47;00:04:25;250,0;17,2;18,6;17,5;19,0;120,4;12,5;0,2;1,94E-1;-541,2;20,00;3,0;3,0;38,38;0,06;0,002;0,0;0,01;0,051
267;24.07.2023;17:31:48;00:04:26;250,0;17,3;18,6;17,5;19,0;121,8;12,7;0,2;1,93E-1;-541,2;20,00;3,0;2,9;38,38;0,07;0,001;0,0;0,00;0,054
268;24.07.2023;17:31:49;00:04:27;250,0;17,3;18,6;17,5;19,0;122,5;12,8;0,2;1,92E-1;-541,2;20,00;3,0;3,0;38,38;0,06;0,003;0,0;0,00;0,054
269;24.07.2023;17:31:50;00:04:28;250,0;17,3;18,6;17,5;19,0;123,9;13,1;0,2;1,91E-1;-541,2;20,00;3,0;3,0;38,38;0,06;0,001;0,0;0,01;0,053
270;24.07.2023;17:31:51;00:04:29;250,0;17,3;18,6;17,5;19,0;125,5;13,3;0,2;1,90E-1;-541,2;20,00;3,0;3,0;38,38;0,06;-0,001;0,0;0,01;0,054
271;24.07.2023;17:31:52;00:04:30;250,0;17,3;18,6;17,5;19,0;126,2;13,4;0,2;1,89E-1;-541,2;20,00;3,0;3,0;38,39;0,07;0,009;1,1;3,92;0,277
272;24.07.2023;17:31:53;00:04:31;250,0;17,3;18,6;17,5;19,0;127,6;13,6;0,2;1,88E-1;-541,2;20,00;3,0;3,1;38,39;0,07;0,033;1,1;4,01;0,288
273;24.07.2023;17:31:54;00:04:32;250,1;17,3;18,6;17,5;19,2;128,3;13,7;0,2;1,87E-1;-541,2;20,00;3,0;3,0;38,39;0,07;0,027;1,2;3,98;0,293
274;24.07.2023;17:31:55;00:04:33;250,1;17,3;18,6;17,5;19,2;129,7;14,0;0,2;1,86E-1;-541,2;20,00;3,0;3,0;38,39;0,07;0,024;1,2;4,02;0,294
275;24.07.2023;17:31:56;00:04:34;250,1;17,7;18,6;17,5;19,3;131,1;14,2;0,2;1,85E-1;-541,2;20,00;3,0;3,0;38,38;0,07;0,017;1,2;4,02;0,299
276;24.07.2023;17:31:57;00:04:35;250,2;17,7;18,6;17,5;19,3;131,9;14,3;0,2;1,85E-1;-541,2;20,00;3,0;3,0;38,39;0,07;0,012;1,2;4,02;0,303
277;24.07.2023;17:31:58;00:04:36;250,0;18,6;18,6;17,5;19,6;133,3;14,4;0,2;1,84E-1;-541,2;20,00;3,0;3,0;38,39;0,07;0,008;1,2;4,05;0,308
278;24.07.2023;17:31:59;00:04:37;250,0;18,6;18,7;17,5;19,6;134,7;14,7;0,2;1,83E-1;-541,2;20,00;3,0;3,1;38,39;0,07;0,010;1,2;4,02;0,310
279;24.07.2023;17:32:00;00:04:38;250,1;20,6;18,7;17,5;19,8;135,4;14,6;0,2;1,83E-1;-541,2;20,00;3,0;3,0;38,39;0,07;0,010;1,3;4,04;0,313
280;24.07.2023;17:32:01;00:04:39;250,0;20,6;18,9;17,6;19,8;136,8;14,8;0,2;1,82E-1;-541,2;20,00;3,0;3,0;38,39;0,07;0,004;1,3;4,04;0,313
281;24.07.2023;17:32:02;00:04:40;250,2;23,5;18,9;17,6;19,9;138,2;14,8;0,2;1,81E-1;-541,2;20,00;3,0;3,1;38,39;0,07;0,000;1,3;4,04;0,316
282;24.07.2023;17:32:03;00:04:41;250,2;23,5;18,9;17,6;19,9;139,0;14,9;0,2;1,80E-1;-541,2;20,00;3,0;3,1;38,39;0,07;-0,001;1,3;4,10;0,317
283;24.07.2023;17:32:04;00:04:42;250,2;26,9;19,0;17,6;20,0;140,4;14,9;0,2;1,80E-1;-541,2;20,00;3,0;3,0;38,39;0,07;-0,002;1,3;4,07;0,317
284;24.07.2023;17:32:05;00:04:43;250,1;26,9;19,0;17,6;20,0;141,1;15,0;0,2;1,79E-1;-541,2;20,00;3,0;3,0;38,39;0,07;-0,001;1,3;3,99;0,317
285;24.07.2023;17:32:06;00:04:44;250,1;30,7;19,2;17,6;20,0;142,5;14,8;0,2;1,79E-1;-541,2;20,00;3,0;3,0;38,39;0,07;-0,009;1,3;4,06;0,319
286;24.07.2023;17:32:07;00:04:45;250,1;30,7;19,2;17,6;20,1;143,9;15,1;0,2;1,78E-1;-541,2;20,00;3,0;3,0;38,38;0,06;-0,005;1,3;4,10;0,317
287;24.07.2023;17:32:08;00:04:46;250,1;34,6;19,5;17,7;20,2;144,6;14,9;0,2;1,78E-1;-541,2;20,00;3,0;3,1;38,39;0,07;-0,008;1,3;4,07;0,322
288;24.07.2023;17:32:09;00:04:47;250,3;34,6;19,7;17,7;20,2;146,1;15,1;0,2;1,77E-1;-541,2;20,00;3,0;3,0;38,39;0,07;-0,011;1,3;4,06;0,322
289;24.07.2023;17:32:10;00:04:48;250,2;38,6;19,7;17,7;20,2;147,5;15,0;0,2;1,76E-1;-541,2;20,00;3,0;3,0;38,38;0,06;-0,013;1,3;4,07;0,324
290;24.07.2023;17:32:11;00:04:49;250,2;38,6;19,7;17,7;20,2;148,2;15,1;0,2;1,76E-1;-541,2;20,00;3,0;3,0;38,39;0,06;-0,015;1,3;4,07;0,323
291;24.07.2023;17:32:12;00:04:50;250,1;42,6;19,9;17,8;20,2;149,6;14,9;0,2;1,76E-1;-541,2;20,00;3,0;3,1;38,38;0,06;-0,012;1,3;4,08;0,325
292;24.07.2023;17:32:13;00:04:51;250,0;46,5;20,1;17,9;20,2;151,0;15,0;0,2;1,75E-1;-541,2;20,00;3,0;3,1;38,38;0,07;-0,013;1,3;4,09;0,327
293;24.07.2023;17:32:14;00:04:52;250,0;46,5;20,1;17,9;20,2;151,7;14,9;0,2;1,75E-1;-541,2;20,00;3,0;3,0;38,38;0,06;-0,014;1,3;4,08;0,324
294;24.07.2023;17:32:15;00:04:53;250,1;46,5;20,3;17,9;20,2;153,2;15,1;0,2;1,74E-1;-541,2;20,00;3,0;3,0;38,38;0,06;-0,018;1,3;4,05;0,327
295;24.07.2023;17:32:16;00:04:54;250,0;50,3;20,3;18,1;20,2;154,6;15,0;0,2;1,74E-1;-541,2;20,00;3,0;3,0;38,38;0,06;-0,023;1,3;4,08;0,327
296;24.07.2023;17:32:17;00:04:55;250,1;50,3;20,3;18,1;20,2;155,3;15,1;0,2;1,74E-1;-541,2;20,00;3,0;2,9;38,38;0,06;-0,025;1,3;4,06;0,327
297;24.07.2023;17:32:18;00:04:56;250,1;53,9;20,5;18,2;20,2;156,7;15,0;0,2;1,73E-1;-541,2;20,00;3,0;3,0;38,38;0,06;-0,025;1,3;4,07;0,328
298;24.07.2023;17:32:19;00:04:57;250,1;53,9;20,4;18,1;20,2;157,4;15,1;0,2;1,73E-1;-541,2;20,00;3,0;3,0;38,38;0,06;-0,028;1,3;4,04;0,330
299;24.07.2023;17:32:20;00:04:58;250,0;57,6;20,6;18,2;20,1;159,0;15,1;0,2;1,72E-1;-541,2;20,00;3,0;3,0;38,38;0,06;-0,022;1,4;4,10;0,332
300;24.07.2023;17:32:21;00:04:59;250,0;57,6;20,8;18,2;20,1;160,4;15,3;0,2;1,71E-1;-541,2;20,00;3,0;3,0;38,38;0,06;-0,026;1,4;4,09;0,332
301;24.07.2023;17:32:22;00:05:00;250,0;57,6;20,8;18,2;20,1;161,1;15,4;0,2;1,71E-1;-541,2;20,00;3,0;3,0;38,38;0,06;-0,022;1,4;4,12;0,332
302;24.07.2023;17:32:23;00:05:01;250,0;61,3;20,8;18,3;20,2;162,5;15,3;0,2;1,71E-1;-541,2;20,00;3,0;2,9;38,38;0,06;-0,022;1,3;4,09;0,332
303;24.07.2023;17:32:24;00:05:02;250,0;64,9;21,0;18,5;20,3;163,9;15,1;0,2;1,70E-1;-541,2;20,00;3,0;3,0;38,38;0,06;-0,022;1,3;4,08;0,332
304;24.07.2023;17:32:25;00:05:03;250,1;64,9;21,0;18,5;20,3;164,6;15,3;0,2;1,70E-1;-541,2;20,00;3,0;2,9;38,38;0,06;-0,026;1,3;4,06;0,332
305;24.07.2023;17:32:26;00:05:04;250,1;68,4;21,2;18,6;20,3;166,1;15,3;0,2;1,69E-1;-541,2;20,00;3,0;3,1;38,38;0,06;-0,014;1,4;4,06;0,336
306;24.07.2023;17:32:27;00:05:05;250,0;68,4;21,2;18,6;20,3;167,5;15,4;0,2;1,69E-1;-541,2;20,00;3,0;3,0;38,38;0,06;-0,015;1,4;4,08;0,336
307;24.07.2023;17:32:28;00:05:06;250,0;71,6;21,4;18,8;20,3;168,2;15,2;0,2;1,68E-1;-541,2;20,00;3,0;3,0;38,38;0,06;-0,017;1,3;4,06;0,333
308;24.07.2023;17:32:29;00:05:07;250,1;71,6;21,5;18,9;20,3;169,6;15,4;0,2;1,68E-1;-541,2;20,00;3,0;3,1;38,38;0,06;-0,018;1,4;4,03;0,336
309;24.07.2023;17:32:30;00:05:08;250,1;71,6;21,5;18,9;20,3;170,3;15,5;0,2;1,68E-1;-541,2;20,00;3,0;3,1;38,38;0,06;-0,022;1,4;4,07;0,337
310;24.07.2023;17:32:31;00:05:09;250,0;74,7;21,5;18,9;20,4;171,7;15,5;0,2;1,67E-1;-541,2;20,00;3,0;2,9;38,37;0,06;-0,031;1,4;4,03;0,337
311;24.07.2023;17:32:32;00:05:10;250,1;77,7;21,7;19,1;20,3;173,2;15,4;0,2;1,67E-1;-541,2;20,00;3,0;3,0;38,37;0,06;-0,025;1,4;4,11;0,337
312;24.07.2023;17:32:33;00:05:11;250,1;77,7;21,7;19,1;20,3;173,9;15,5;0,2;1,66E-1;-541,2;20,00;3,0;3,0;38,38;0,06;-0,025;1,4;4,06;0,337
313;24.07.2023;17:32:34;00:05:12;250,0;80,6;21,9;19,2;20,3;175,3;15,5;0,2;1,66E-1;-541,2;20,00;3,0;3,0;38,38;0,06;-0,027;1,4;4,05;0,337
314;24.07.2023;17:32:35;00:05:13;250,0;80,6;22,0;19,2;20,4;176,7;15,7;0,2;1,66E-1;-541,2;20,00;3,0;2,9;38,37;0,06;-0,026;1,4;4,09;0,342
315;24.07.2023;17:32:36;00:05:14;250,0;83,4;22,0;19,4;20,4;177,4;15,6;0,2;1,65E-1;-541,2;20,00;3,0;2,9;38,38;0,06;-0,029;1,4;4,10;0,342
316;24.07.2023;17:32:37;00:05:15;250,0;83,4;22,2;19,4;20,4;178,8;15,7;0,2;1,65E-1;-541,2;20,00;3,0;3,0;38,37;0,05;-0,020;1,4;4,09;0,342
317;24.07.2023;17:32:38;00:05:16;250,1;86,2;22,2;19,6;20,4;180,3;15,7;0,2;1,65E-1;-541,2;20,00;3,0;3,0;38,37;0,05;-0,016;1,4;4,10;0,342
318;24.07.2023;17:32:39;00:05:17;250,2;86,2;22,2;19,6;20,4;181,0;15,8;0,2;1,64E-1;-541,2;20,00;3,0;3,0;38,37;0,06;-0,022;1,4;4,09;0,342
319;24.07.2023;17:32:40;00:05:18;250,1;89,1;22,4;19,8;20,4;182,4;15,8;0,2;1,64E-1;-541,2;20,00;3,0;3,0;38,37;0,05;-0,021;1,4;4,11;0,345
320;24.07.2023;17:32:41;00:05:19;250,1;89,1;22,6;19,9;20,4;183,8;16,0;0,2;1,64E-1;-541,2;20,00;3,0;3,0;38,37;0,05;-0,022;1,4;4,09;0,347
321;24.07.2023;17:32:42;00:05:20;250,0;89,1;22,6;19,9;20,4;184,5;16,1;0,2;1,63E-1;-541,2;20,00;3,0;3,0;38,37;0,05;-0,022;1,4;4,11;0,349
322;24.07.2023;17:32:43;00:05:21;250,2;91,9;22,6;19,9;20,4;185,9;16,0;0,2;1,63E-1;-541,2;20,00;3,0;3,0;38,37;0,05;-0,024;1,4;4,14;0,347
323;24.07.2023;17:32:44;00:05:22;250,1;94,7;22,7;20,1;20,5;186,7;16,0;0,2;1,63E-1;-541,2;20,00;3,0;3,1;38,37;0,05;-0,024;1,4;4,11;0,349
324;24.07.2023;17:32:45;00:05:23;250,3;94,7;22,9;20,1;20,5;188,1;16,1;0,2;1,62E-1;-541,2;20,00;3,0;3,0;38,37;0,05;-0,024;1,4;4,12;0,350
325;24.07.2023;17:32:46;00:05:24;250,0;97,5;22,9;20,2;20,5;189,5;16,2;0,2;1,62E-1;-541,2;20,00;3,0;3,0;38,37;0,05;-0,028;1,5;4,13;0,352
326;24.07.2023;17:32:47;00:05:25;250,2;97,5;22,9;20,2;20,5;190,2;16,2;0,2;1,62E-1;-541,2;20,00;3,0;2,9;38,37;0,05;-0,026;1,5;4,12;0,352
327;24.07.2023;17:32:48;00:05:26;250,1;100,0;23,1;20,4;20,5;191,6;16,2;0,2;1,61E-1;-541,2;20,00;3,0;3,0;38,37;0,05;-0,023;1,5;4,15;0,352
328;24.07.2023;17:32:49;00:05:27;250,0;102,4;23,2;20,5;20,5;193,0;16,4;0,2;1,61E-1;-541,2;20,00;3,0;3,1;38,37;0,05;-0,025;1,4;4,17;0,352
329;24.07.2023;17:32:50;00:05:28;250,1;102,4;23,2;20,5;20,5;193,8;16,3;0,2;1,60E-1;-541,2;20,00;3,0;3,0;38,37;0,05;-0,025;1,5;4,08;0,352
330;24.07.2023;17:32:51;00:05:29;250,1;102,4;23,4;20,5;20,5;195,2;16,5;0,2;1,60E-1;-541,2;20,00;3,0;2,9;38,37;0,05;-0,025;1,5;4,16;0,356
331;24.07.2023;17:32:52;00:05:30;250,1;104,8;23,4;20,7;20,5;196,6;16,5;0,2;1,60E-1;-541,2;20,00;3,0;3,0;38,37;0,05;-0,021;1,5;4,13;0,357
332;24.07.2023;17:32:53;00:05:31;250,1;104,8;23,4;20,7;20,5;197,3;16,6;0,2;1,59E-1;-541,2;20,00;3,0;3,0;38,37;0,05;-0,022;1,5;4,16;0,357
333;24.07.2023;17:32:54;00:05:32;250,0;107,3;23,5;20,8;20,6;198,7;16,7;0,2;1,59E-1;-541,2;20,00;3,0;3,0;38,37;0,05;-0,014;1,5;4,14;0,360
334;24.07.2023;17:32:55;00:05:33;250,1;107,3;23,5;20,8;20,6;199,4;16,7;0,2;1,59E-1;-541,2;20,00;3,0;3,1;38,37;0,05;-0,012;1,5;4,14;0,358
335;24.07.2023;17:32:56;00:05:34;250,2;109,7;23,6;20,9;20,6;201,0;16,7;0,2;1,58E-1;-541,2;20,00;3,0;3,0;38,37;0,05;-0,020;1,5;4,18;0,361
336;24.07.2023;17:32:57;00:05:35;250,1;112,1;23,8;21,1;20,6;202,4;16,9;0,2;1,58E-1;-541,2;20,00;3,0;3,0;38,37;0,05;-0,015;1,5;4,18;0,361
337;24.07.2023;17:32:58;00:05:36;250,0;112,1;23,8;21,1;20,6;203,1;16,8;0,2;1,58E-1;-541,2;20,00;3,0;3,0;38,37;0,05;-0,020;1,5;4,21;0,361
338;24.07.2023;17:32:59;00:05:37;250,0;112,1;23,7;21,0;20,6;204,5;17,0;0,2;1,57E-1;-541,2;20,00;3,0;3,0;38,37;0,04;-0,024;1,5;4,15;0,364
339;24.07.2023;17:33:00;00:05:38;250,0;112,1;23,9;21,2;20,6;205,9;17,2;0,2;1,57E-1;-541,2;20,00;3,0;3,0;38,36;0,05;-0,027;1,5;4,19;0,366
340;24.07.2023;17:33:01;00:05:39;250,3;114,6;23,9;21,2;20,6;206,6;17,1;0,2;1,56E-1;-541,2;20,00;3,0;2,9;38,37;0,04;-0,026;1,5;4,19;0,366
341;24.07.2023;17:33:02;00:05:40;250,1;117,0;24,0;21,3;20,6;208,1;17,2;0,2;1,56E-1;-541,2;20,00;3,0;3,0;38,36;0,04;-0,025;1,5;4,21;0,368
342;24.07.2023;17:33:03;00:05:41;250,1;117,0;24,0;21,3;20,6;209,5;17,3;0,2;1,55E-1;-541,2;20,00;3,0;3,0;38,36;0,05;-0,021;1,5;4,21;0,366
343;24.07.2023;17:33:04;00:05:42;250,3;119,4;24,2;21,5;20,6;210,2;17,2;0,2;1,55E-1;-541,2;20,00;3,0;3,0;38,36;0,04;-0,022;1,6;4,20;0,369
344;24.07.2023;17:33:05;00:05:43;250,1;119,4;24,3;21,5;20,6;211,6;17,4;0,2;1,55E-1;-541,2;20,00;3,0;3,0;38,36;0,05;-0,029;1,6;4,21;0,370
345;24.07.2023;17:33:06;00:05:44;250,1;121,7;24,3;21,6;20,6;213,0;17,4;0,2;1,54E-1;-541,2;20,00;3,0;3,0;38,36;0,04;-0,026;1,6;4,22;0,371
346;24.07.2023;17:33:07;00:05:45;250,0;121,7;24,3;21,6;20,6;213,7;17,5;0,2;1,54E-1;-541,2;20,00;3,0;2,9;38,36;0,04;-0,030;1,6;4,19;0,371
347;24.07.2023;17:33:08;00:05:46;250,0;123,9;24,4;21,8;20,7;215,2;17,5;0,2;1,53E-1;-541,2;20,00;3,0;2,9;38,36;0,04;-0,028;1,6;4,22;0,371
348;24.07.2023;17:33:09;00:05:47;250,0;123,9;24,4;21,8;20,7;215,9;17,6;0,2;1,53E-1;-541,2;20,00;3,0;3,0;38,36;0,04;-0,022;1,6;4,20;0,372
349;24.07.2023;17:33:10;00:05:48;250,1;126,0;24,6;21,9;20,7;217,3;17,8;0,2;1,53E-1;-541,2;20,00;3,0;3,0;38,36;0,04;-0,016;1,6;4,25;0,376
350;24.07.2023;17:33:11;00:05:49;250,0;126,0;24,6;21,9;20,7;218,7;17,9;0,2;1,52E-1;-541,2;20,00;3,0;3,1;38,36;0,04;-0,010;1,6;4,24;0,377
351;24.07.2023;17:33:12;00:05:50;250,1;128,1;24,7;22,1;20,7;219,4;17,8;0,2;1,52E-1;-541,2;20,00;3,0;3,0;38,36;0,04;-0,020;1,6;4,24;0,380
352;24.07.2023;17:33:13;00:05:51;250,1;128,1;24,9;22,1;20,7;220,8;18,0;0,2;1,52E-1;-541,2;20,00;3,0;3,0;38,36;0,04;-0,021;1,6;4,27;0,380
353;24.07.2023;17:33:14;00:05:52;250,1;130,3;24,9;22,2;20,8;222,3;18,0;0,2;1,51E-1;-541,2;20,00;3,0;3,0;38,36;0,04;-0,021;1,6;4,25;0,381
354;24.07.2023;17:33:15;00:05:53;250,0;130,3;25,0;22,2;20,8;223,0;18,1;0,2;1,51E-1;-541,2;20,00;3,0;3,1;38,36;0,04;-0,027;1,6;4,26;0,381
355;24.07.2023;17:33:16;00:05:54;250,1;132,4;25,0;22,3;20,8;224,4;18,1;0,2;1,50E-1;-541,2;20,00;3,0;3,0;38,36;0,04;-0,020;1,6;4,25;0,381
356;24.07.2023;17:33:17;00:05:55;250,0;134,4;25,1;22,4;20,8;225,8;18,3;0,1;1,50E-1;-541,2;20,00;3,0;3,0;38,36;0,04;-0,027;1,6;4,27;0,385
357;24.07.2023;17:33:18;00:05:56;250,1;134,4;25,1;22,4;20,7;226,5;18,3;0,1;1,50E-1;-541,2;20,00;3,0;3,0;38,36;0,04;-0,024;1,6;4,27;0,385
358;24.07.2023;17:33:19;00:05:57;250,0;134,4;25,1;22,4;20,7;227,9;18,5;0,1;1,49E-1;-541,2;20,00;3,0;3,0;38,36;0,04;-0,024;1,6;4,27;0,386
359;24.07.2023;17:33:20;00:05:58;250,2;136,6;25,3;22,5;20,7;229,4;18,5;0,1;1,49E-1;-541,2;20,00;3,0;3,0;38,36;0,04;-0,029;1,7;4,27;0,389
360;24.07.2023;17:33:21;00:05:59;250,1;136,6;25,3;22,5;20,7;230,1;18,6;0,1;1,48E-1;-541,2;20,00;3,0;2,9;38,36;0,04;-0,026;1,7;4,28;0,390
361;24.07.2023;17:33:22;00:06:00;250,2;138,8;25,4;22,7;20,8;231,5;18,7;0,1;1,48E-1;-541,2;20,00;3,0;3,0;38,36;0,04;-0,016;1,7;4,30;0,391
362;24.07.2023;17:33:23;00:06:01;250,0;138,8;25,4;22,7;20,8;232,2;18,7;0,1;1,48E-1;-541,2;20,00;3,0;3,0;38,36;0,04;-0,013;1,7;4,29;0,391
363;24.07.2023;17:33:24;00:06:02;250,0;141,0;25,5;22,8;20,8;233,6;18,7;0,1;1,47E-1;-541,2;20,00;3,0;3,0;38,36;0,04;-0,019;1,7;4,32;0,391
364;24.07.2023;17:33:25;00:06:03;250,1;141,0;25,6;23,0;20,8;235,1;18,9;0,1;1,46E-1;-541,2;20,00;3,0;3,0;38,36;0,04;-0,024;1,7;4,28;0,394
365;24.07.2023;17:33:26;00:06:04;250,1;141,0;25,6;23,0;20,8;235,8;19,1;0,1;1,46E-1;-541,2;20,00;3,0;3,0;38,35;0,04;-0,029;1,7;4,31;0,395
366;24.07.2023;17:33:27;00:06:05;250,1;143,2;25,6;23,0;20,8;237,2;19,1;0,1;1,46E-1;-541,2;20,00;3,0;3,0;38,36;0,04;-0,027;1,7;4,29;0,394
367;24.07.2023;17:33:28;00:06:06;250,1;145,2;25,8;23,1;20,8;238,6;19,1;0,1;1,45E-1;-541,2;20,00;3,0;3,0;38,36;0,03;-0,023;1,7;4,34;0,396
368;24.07.2023;17:33:29;00:06:07;250,0;145,2;25,8;23,1;20,8;239,3;19,2;0,1;1,45E-1;-541,2;20,00;3,0;3,0;38,36;0,04;-0,023;1,7;4,32;0,396
369;24.07.2023;17:33:30;00:06:08;250,1;147,2;25,9;23,2;20,8;240,7;19,4;0,1;1,44E-1;-541,2;20,00;3,0;3,0;38,35;0,03;-0,021;1,7;4,36;0,400
370;24.07.2023;17:33:31;00:06:09;250,2;147,2;25,9;23,2;20,8;242,3;19,5;0,1;1,44E-1;-541,2;20,00;3,0;3,0;38,35;0,03;-0,023;1,7;4,33;0,400
371;24.07.2023;17:33:32;00:06:10;250,2;149,1;26,0;23,3;20,9;243,0;19,4;0,1;1,44E-1;-541,2;20,00;3,0;3,0;38,35;0,03;-0,027;1,7;4,34;0,401
372;24.07.2023;17:33:33;00:06:11;250,1;149,1;26,2;23,5;20,9;244,4;19,6;0,1;1,43E-1;-541,2;20,00;3,0;3,0;38,35;0,03;-0,028;1,7;4,33;0,402
373;24.07.2023;17:33:34;00:06:12;250,0;151,1;26,2;23,5;20,9;245,1;19,5;0,1;1,43E-1;-541,2;20,00;3,0;3,0;38,35;0,03;-0,032;1,8;4,36;0,403
374;24.07.2023;17:33:35;00:06:13;250,1;151,1;26,3;23,5;20,9;246,5;19,7;0,1;1,42E-1;-541,2;20,00;3,0;2,9;38,35;0,03;-0,026;1,8;4,34;0,405
375;24.07.2023;17:33:36;00:06:14;250,2;153,1;26,3;23,6;20,9;247,9;19,8;0,1;1,42E-1;-541,2;20,00;3,0;3,0;38,35;0,03;-0,028;1,8;4,39;0,405
376;24.07.2023;17:33:37;00:06:15;250,1;153,1;26,3;23,6;20,9;248,6;19,9;0,1;1,42E-1;-541,2;20,00;3,0;2,9;38,35;0,03;-0,032;1,8;4,39;0,405
377;24.07.2023;17:33:38;00:06:16;250,1;155,1;26,4;23,7;20,9;250,1;19,9;0,1;1,41E-1;-541,2;20,00;3,0;3,0;38,35;0,03;-0,029;1,8;4,35;0,408
378;24.07.2023;17:33:39;00:06:17;250,2;155,1;26,4;23,7;20,9;251,5;20,1;0,1;1,40E-1;-541,2;20,00;3,0;2,9;38,35;0,03;-0,028;1,8;4,38;0,410
379;24.07.2023;17:33:40;00:06:18;250,1;155,1;26,6;23,9;20,9;252,2;20,2;0,1;1,40E-1;-541,2;20,00;3,0;2,9;38,35;0,03;-0,028;1,8;4,43;0,411
380;24.07.2023;17:33:41;00:06:19;250,1;157,3;26,6;23,9;21,0;253,6;20,3;0,1;1,40E-1;-541,2;20,00;3,0;3,0;38,35;0,03;-0,027;1,8;4,36;0,412
381;24.07.2023;17:33:42;00:06:20;250,0;159,4;26,7;24,0;20,9;255,0;20,3;0,1;1,39E-1;-541,2;20,00;3,0;2,9;38,35;0,03;-0,023;1,8;4,40;0,415
382;24.07.2023;17:33:43;00:06:21;250,0;159,4;26,7;24,0;20,9;255,7;20,4;0,1;1,39E-1;-541,2;20,00;3,0;3,0;38,35;0,03;-0,023;1,8;4,43;0,415
383;24.07.2023;17:33:44;00:06:22;250,1;159,4;26,8;24,1;20,9;257,2;20,6;0,1;1,38E-1;-541,2;20,00;3,0;3,0;38,35;0,03;-0,027;1,8;4,42;0,415
384;24.07.2023;17:33:45;00:06:23;250,0;161,6;26,8;24,1;20,9;258,6;20,6;0,1;1,38E-1;-541,2;20,00;3,0;2,9;38,35;0,02;-0,029;1,8;4,32;0,410
385;24.07.2023;17:33:46;00:06:24;250,0;161,6;27,0;24,2;20,9;259,3;20,7;0,1;1,38E-1;-541,2;20,00;3,0;2,9;38,35;0,03;-0,030;1,8;4,35;0,410
386;24.07.2023;17:33:47;00:06:25;250,0;163,8;27,0;24,2;21,0;260,7;20,7;0,1;1,37E-1;-541,2;20,00;3,0;3,0;38,35;0,02;-0,026;1,8;4,40;0,411
387;24.07.2023;17:33:48;00:06:26;250,0;165,7;27,1;24,4;21,0;261,4;20,8;0,1;1,37E-1;-541,2;20,00;3,0;3,0;38,35;0,03;-0,028;1,8;4,36;0,411
388;24.07.2023;17:33:49;00:06:27;250,1;165,7;27,1;24,4;21,0;262,8;20,9;0,1;1,36E-1;-541,2;20,00;3,0;2,9;38,34;0,02;-0,024;1,8;4,37;0,410
389;24.07.2023;17:33:50;00:06:28;250,0;167,6;27,2;24,5;21,0;264,3;21,0;0,1;1,36E-1;-541,2;20,00;3,0;3,0;38,35;0,02;-0,021;1,8;4,40;0,415
390;24.07.2023;17:33:51;00:06:29;250,0;167,6;27,2;24,5;21,0;265,0;21,0;0,1;1,36E-1;-541,2;20,00;3,0;3,0;38,35;0,03;-0,027;1,8;4,38;0,415
391;24.07.2023;17:33:52;00:06:30;250,0;169,5;27,3;24,6;21,1;266,4;21,1;0,1;1,35E-1;-541,2;20,00;3,0;3,0;38,34;0,02;-0,021;1,8;4,41;0,420
392;24.07.2023;17:33:53;00:06:31;250,0;169,5;27,4;24,7;21,1;267,8;21,3;0,1;1,35E-1;-541,2;20,00;3,0;3,0;38,34;0,03;-0,022;1,9;4,39;0,420
393;24.07.2023;17:33:54;00:06:32;250,1;169,5;27,4;24,7;21,1;268,5;21,4;0,1;1,35E-1;-541,2;20,00;3,0;3,0;38,34;0,02;-0,024;1,8;4,36;0,421
394;24.07.2023;17:33:55;00:06:33;250,0;171,3;27,4;24,7;21,1;269,9;21,5;0,1;1,34E-1;-541,2;20,00;3,0;3,0;38,34;0,02;-0,027;1,8;4,37;0,421
395;24.07.2023;17:33:56;00:06:34;250,1;173,1;27,5;24,8;21,1;271,4;21,5;0,1;1,34E-1;-541,2;20,00;3,0;2,9;38,34;0,02;-0,028;1,9;4,40;0,421
396;24.07.2023;17:33:57;00:06:35;250,0;173,1;27,5;24,8;21,1;272,1;21,6;0,1;1,33E-1;-541,2;20,00;3,0;3,0;38,34;0,02;-0,026;1,9;4,38;0,425
397;24.07.2023;17:33:58;00:06:36;250,0;174,9;27,7;24,9;21,1;273,5;21,7;0,1;1,33E-1;-541,2;20,00;3,0;3,0;38,34;0,02;-0,031;1,9;4,35;0,425
398;24.07.2023;17:33:59;00:06:37;250,0;174,9;27,7;24,9;21,1;274,2;21,8;0,1;1,33E-1;-541,2;20,00;3,0;3,0;38,34;0,02;-0,025;1,9;4,41;0,425
399;24.07.2023;17:34:00;00:06:38;250,0;174,9;27,7;25,0;21,1;275,6;22,0;0,1;1,32E-1;-541,2;20,00;3,0;3,0;38,34;0,02;-0,024;1,9;4,46;0,429
400;24.07.2023;17:34:01;00:06:39;250,0;176,8;27,7;25,0;21,1;277,0;22,1;0,1;1,32E-1;-541,2;20,00;3,0;3,0;38,34;0,02;-0,023;1,9;4,44;0,430
401;24.07.2023;17:34:02;00:06:40;250,1;176,8;27,9;25,0;21,1;277,8;22,2;0,1;1,31E-1;-541,2;20,00;3,0;3,0;38,34;0,02;-0,029;1,9;4,45;0,430
402;24.07.2023;17:34:03;00:06:41;250,1;178,7;27,9;25,2;21,2;279,2;22,2;0,1;1,31E-1;-541,2;20,00;3,0;3,0;38,34;0,02;-0,028;1,9;4,45;0,430
403;24.07.2023;17:34:04;00:06:42;250,2;180,6;28,0;25,3;21,2;280,6;22,3;0,1;1,31E-1;-541,2;20,00;3,0;3,0;38,34;0,02;-0,025;1,9;4,43;0,430
404;24.07.2023;17:34:05;00:06:43;250,1;180,6;28,0;25,3;21,2;281,3;22,4;0,1;1,30E-1;-541,2;20,00;3,0;3,0;38,34;0,02;-0,030;1,9;4,47;0,435
405;24.07.2023;17:34:06;00:06:44;250,0;182,5;28,1;25,4;21,2;282,7;22,6;0,1;1,30E-1;-541,2;20,00;3,0;3,0;38,34;0,02;-0,029;1,9;4,48;0,436
406;24.07.2023;17:34:07;00:06:45;250,1;182,5;28,1;25,4;21,2;284,1;22,6;0,1;1,30E-1;-541,2;20,00;3,0;3,0;38,34;0,02;-0,037;1,9;4,45;0,440
407;24.07.2023;17:34:08;00:06:46;250,0;184,3;28,2;25,5;21,2;285,0;22,6;0,1;1,30E-1;-541,2;20,00;3,0;2,9;38,34;0,02;-0,035;2,0;4,46;0,441
408;24.07.2023;17:34:09;00:06:47;250,0;184,3;28,3;25,6;21,2;286,4;22,8;0,1;1,29E-1;-541,2;20,00;3,0;3,0;38,33;0,01;-0,021;2,0;4,49;0,440
409;24.07.2023;17:34:10;00:06:48;250,2;186,1;28,3;25,6;21,2;287,8;22,9;0,1;1,29E-1;-541,2;20,00;3,0;3,0;38,34;0,02;-0,025;2,0;4,47;0,442
410;24.07.2023;17:34:11;00:06:49;250,2;186,1;28,3;25,6;21,2;288,5;23,0;0,1;1,29E-1;-541,2;20,00;3,0;3,0;38,33;0,02;-0,026;2,0;4,51;0,441
411;24.07.2023;17:34:12;00:06:50;250,1;187,8;28,4;25,7;21,2;289,9;23,0;0,1;1,28E-1;-541,2;20,00;3,0;3,0;38,33;0,01;-0,021;2,0;4,53;0,445
412;24.07.2023;17:34:13;00:06:51;250,1;187,8;28,4;25,7;21,2;290,6;23,1;0,1;1,28E-1;-541,2;20,00;3,0;3,0;38,33;0,02;-0,028;2,0;4,48;0,446
413;24.07.2023;17:34:14;00:06:52;250,1;189,6;28,6;25,8;21,2;292,1;23,4;0,1;1,28E-1;-541,2;20,00;3,0;3,0;38,33;0,02;-0,036;2,0;4,51;0,449
414;24.07.2023;17:34:15;00:06:53;250,0;189,6;28,6;25,8;21,2;293,5;23,4;0,1;1,27E-1;-541,2;20,00;3,0;2,9;38,33;0,01;-0,032;2,0;4,56;0,449
415;24.07.2023;17:34:16;00:06:54;250,0;191,5;28,6;25,9;21,3;294,2;23,5;0,1;1,27E-1;-541,2;20,00;3,0;3,0;38,33;0,01;-0,029;2,0;4,53;0,449
416;24.07.2023;17:34:17;00:06:55;250,2;191,5;28,6;25,9;21,3;295,6;23,6;0,1;1,27E-1;-541,2;20,00;3,0;3,0;38,33;0,01;-0,024;2,0;4,52;0,449
417;24.07.2023;17:34:18;00:06:56;250,2;193,3;28,8;26,0;21,3;297,0;23,6;0,1;1,26E-1;-541,2;20,00;3,0;2,9;38,33;0,01;-0,029;2,0;4,49;0,453
418;24.07.2023;17:34:19;00:06:57;250,0;193,2;28,6;25,9;21,3;297,8;23,8;0,1;1,26E-1;-541,2;20,00;3,0;3,0;38,33;0,01;-0,027;2,1;4,53;0,454
419;24.07.2023;17:34:20;00:06:58;250,1;195,1;28,7;26,0;21,2;299,2;23,8;0,1;1,26E-1;-541,2;20,00;3,0;3,1;38,33;0,01;-0,027;2,1;4,55;0,455
420;24.07.2023;17:34:21;00:06:59;250,2;195,1;28,9;26,0;21,2;300,6;24,0;0,1;1,25E-1;-541,2;20,00;3,0;3,0;38,33;0,01;-0,035;2,1;4,53;0,455
421;24.07.2023;17:34:22;00:07:00;250,2;195,1;28,9;26,0;21,2;301,4;24,2;0,1;1,25E-1;-541,2;20,00;3,0;3,0;38,33;0,01;-0,039;2,1;4,54;0,459
422;24.07.2023;17:34:23;00:07:01;250,0;197,1;28,9;26,1;21,2;302,9;24,2;0,1;1,25E-1;-541,2;20,00;3,0;3,0;38,33;0,01;-0,035;2,1;4,56;0,460
423;24.07.2023;17:34:24;00:07:02;250,2;199,1;29,0;26,2;21,2;303,6;24,3;0,1;1,24E-1;-541,2;20,00;3,0;2,9;38,33;0,01;-0,033;2,1;4,55;0,459
424;24.07.2023;17:34:25;00:07:03;250,2;199,1;29,0;26,2;21,2;305,3;24,4;0,1;1,24E-1;-541,2;20,00;3,0;3,0;38,33;0,01;-0,032;2,1;4,55;0,460
425;24.07.2023;17:34:26;00:07:04;250,1;201,2;29,1;26,3;21,2;306,8;24,5;0,1;1,24E-1;-541,2;20,00;3,0;3,0;38,32;0,01;-0,027;2,1;4,57;0,464
426;24.07.2023;17:34:27;00:07:05;250,1;201,2;29,1;26,3;21,2;307,5;24,6;0,1;1,23E-1;-541,2;20,00;3,0;3,0;38,33;0,01;-0,028;2,1;4,55;0,464
427;24.07.2023;17:34:28;00:07:06;250,1;201,2;29,1;26,3;21,2;308,3;24,7;0,1;1,23E-1;-541,2;20,00;3,0;3,1;38,33;0,01;-0,024;2,1;4,58;0,467
428;24.07.2023;17:34:29;00:07:07;250,0;203,1;29,2;26,4;21,2;309,8;24,8;0,1;1,23E-1;-541,2;20,00;3,0;3,1;38,33;0,01;-0,029;2,2;4,59;0,469
429;24.07.2023;17:34:30;00:07:08;250,1;203,1;29,2;26,4;21,2;310,5;24,8;0,1;1,23E-1;-541,2;20,00;3,0;3,0;38,33;0,00;-0,033;2,2;4,63;0,469
430;24.07.2023;17:34:31;00:07:09;250,1;205,1;29,3;26,5;21,3;312,0;24,9;0,1;1,22E-1;-541,2;20,00;3,0;3,0;38,32;0,01;-0,041;2,2;4,61;0,469
431;24.07.2023;17:34:32;00:07:10;250,1;207,1;29,5;26,7;21,3;313,6;25,1;0,1;1,22E-1;-541,2;20,00;3,0;3,0;38,32;0,01;-0,033;2,2;4,62;0,474
432;24.07.2023;17:34:33;00:07:11;250,0;207,1;29,5;26,7;21,3;314,4;25,1;0,1;1,22E-1;-541,2;20,00;3,0;3,0;38,32;0,00;-0,030;2,2;4,59;0,473
433;24.07.2023;17:34:34;00:07:12;250,1;207,1;29,6;26,7;21,3;315,9;25,3;0,1;1,22E-1;-541,2;20,00;3,0;2,9;38,32;0,01;-0,034;2,2;4,59;0,474
434;24.07.2023;17:34:35;00:07:13;250,0;209,0;29,6;26,8;21,3;317,4;25,4;0,1;1,21E-1;-541,2;20,00;3,0;3,0;38,32;0,00;-0,033;2,2;4,62;0,478
435;24.07.2023;17:34:36;00:07:14;250,7;209,0;29,6;26,8;21,3;318,1;25,5;0,1;1,21E-1;-541,2;20,00;3,0;3,0;38,32;0,01;-0,036;2,2;4,62;0,479
436;24.07.2023;17:34:37;00:07:15;250,7;210,9;29,7;26,9;21,4;319,6;25,5;0,1;1,21E-1;-541,2;20,00;3,0;2,9;38,32;0,00;-0,036;2,2;4,65;0,479
437;24.07.2023;17:34:38;00:07:16;252,9;210,9;29,8;27,0;21,4;321,3;25,8;0,1;1,20E-1;-541,2;20,00;3,0;3,0;38,32;0,00;-0,033;2,2;4,65;0,480
438;24.07.2023;17:34:39;00:07:17;253,5;212,9;29,8;27,0;21,4;322,0;25,8;0,1;1,20E-1;-541,2;20,00;3,0;3,0;38,32;0,00;-0,032;2,3;4,66;0,484
439;24.07.2023;17:34:40;00:07:18;254,9;212,9;30,0;27,1;21,4;323,5;26,0;0,1;1,20E-1;-541,2;20,00;3,0;3,0;38,32;0,00;-0,038;2,3;4,66;0,484
440;24.07.2023;17:34:41;00:07:19;256,5;215,0;30,0;27,1;21,5;325,0;26,0;0,1;1,20E-1;-541,2;20,00;3,0;2,9;38,32;0,00;-0,035;2,3;4,69;0,486
441;24.07.2023;17:34:42;00:07:20;257,6;215,0;30,0;27,1;21,5;325,8;26,1;0,1;1,19E-1;-541,2;20,00;3,0;3,0;38,32;0,00;-0,034;2,3;4,65;0,488
442;24.07.2023;17:34:43;00:07:21;258,7;217,1;30,1;27,2;21,5;327,3;26,2;0,1;1,19E-1;-541,2;20,00;3,0;3,0;38,32;0,00;-0,032;2,3;4,70;0,488
443;24.07.2023;17:34:44;00:07:22;259,8;217,1;30,1;27,2;21,5;328,1;26,3;0,1;1,19E-1;-541,2;20,00;3,0;3,0;38,31;0,00;-0,027;2,3;4,72;0,488
444;24.07.2023;17:34:45;00:07:23;261,5;219,3;30,2;27,4;21,5;329,6;26,5;0,1;1,19E-1;-541,2;20,00;3,0;3,1;38,32;0,00;-0,028;2,3;4,69;0,493
445;24.07.2023;17:34:46;00:07:24;263,0;219,3;30,2;27,4;21,5;331,1;26,6;0,1;1,18E-1;-541,2;20,00;3,0;3,0;38,32;0,00;-0,035;2,3;4,73;0,493
446;24.07.2023;17:34:47;00:07:25;264,3;221,4;30,4;27,5;21,5;331,9;26,5;0,1;1,18E-1;-541,2;20,00;3,0;3,0;38,32;-0,01;-0,031;2,3;4,71;0,495
447;24.07.2023;17:34:48;00:07:26;265,6;221,4;30,5;27,5;21,5;333,4;26,7;0,1;1,18E-1;-541,2;20,00;3,0;3,0;38,31;0,00;-0,031;2,3;4,72;0,495
448;24.07.2023;17:34:49;00:07:27;267,2;223,4;30,5;27,6;21,5;334,9;26,8;0,1;1,18E-1;-541,2;20,00;3,0;3,0;38,32;0,00;-0,034;2,3;4,73;0,498
449;24.07.2023;17:34:50;00:07:28;267,2;223,4;30,6;27,6;21,5;335,8;26,9;0,1;1,18E-1;-541,2;20,00;3,0;3,0;38,32;-0,01;-0,031;2,3;4,73;0,498
450;24.07.2023;17:34:51;00:07:29;269,5;225,5;30,6;27,7;21,5;337,3;27,0;0,1;1,17E-1;-541,2;20,00;3,0;3,0;38,31;0,00;-0,028;2,4;4,75;0,503
451;24.07.2023;17:34:52;00:07:30;270,7;227,5;30,8;27,8;21,5;338,8;27,1;0,1;1,17E-1;-541,2;20,00;3,0;3,1;38,31;-0,01;-0,032;2,4;4,72;0,502
452;24.07.2023;17:34:53;00:07:31;271,3;227,5;30,8;27,8;21,5;339,5;27,1;0,1;1,17E-1;-541,2;20,00;3,0;3,0;38,31;0,00;-0,038;2,4;4,68;0,500
453;24.07.2023;17:34:54;00:07:32;272,4;227,5;30,9;27,9;21,5;341,0;27,4;0,1;1,16E-1;-541,2;20,00;3,0;3,0;38,31;-0,01;-0,040;2,4;4,76;0,504
454;24.07.2023;17:34:55;00:07:33;274,0;229,6;30,9;27,9;21,5;342,5;27,4;0,1;1,16E-1;-541,2;20,00;3,0;3,0;38,31;-0,01;-0,034;2,4;4,77;0,507
455;24.07.2023;17:34:56;00:07:34;275,2;229,6;31,0;27,9;21,5;343,4;27,6;0,1;1,16E-1;-541,2;20,00;3,0;3,0;38,31;-0,01;-0,042;2,4;4,75;0,508
456;24.07.2023;17:34:57;00:07:35;276,7;231,7;31,0;28,1;21,5;344,9;27,6;0,1;1,16E-1;-541,2;20,00;3,0;3,0;38,31;-0,01;-0,042;2,4;4,77;0,508
457;24.07.2023;17:34:58;00:07:36;277,6;233,8;31,2;28,2;21,5;345,6;27,7;0,1;1,16E-1;-541,2;20,00;3,0;3,1;38,31;-0,01;-0,035;2,4;4,77;0,508
458;24.07.2023;17:34:59;00:07:37;279,0;233,8;31,2;28,2;21,5;347,1;27,8;0,1;1,15E-1;-541,2;20,00;3,0;3,0;38,31;-0,01;-0,036;2,4;4,76;0,510
459;24.07.2023;17:35:00;00:07:38;280,4;233,8;31,3;28,3;21,5;348,6;28,0;0,1;1,15E-1;-541,2;20,00;3,0;3,0;38,31;-0,01;-0,034;2,4;4,76;0,513
460;24.07.2023;17:35:01;00:07:39;280,8;233,8;31,3;28,3;21,5;349,4;28,1;0,1;1,15E-1;-541,2;20,00;3,0;3,1;38,31;-0,01;-0,029;2,5;4,78;0,518
461;24.07.2023;17:35:02;00:07:40;283,0;236,0;31,3;28,3;21,6;351,0;28,2;0,1;1,15E-1;-541,2;20,00;3,0;3,0;38,31;-0,01;-0,037;2,5;4,78;0,518
462;24.07.2023;17:35:03;00:07:41;284,4;238,3;31,5;28,4;21,6;352,5;28,2;0,1;1,14E-1;-541,2;20,00;3,0;2,9;38,31;-0,01;-0,047;2,5;4,79;0,518
463;24.07.2023;17:35:04;00:07:42;285,4;238,3;31,5;28,4;21,6;353,3;28,3;0,1;1,14E-1;-541,2;20,00;3,0;2,9;38,31;-0,01;-0,042;2,5;4,82;0,518
464;24.07.2023;17:35:05;00:07:43;287,0;240,6;31,6;28,5;21,7;354,8;28,4;0,1;1,14E-1;-541,2;20,00;3,0;3,1;38,30;-0,01;-0,039;2,5;4,80;0,521
465;24.07.2023;17:35:06;00:07:44;288,1;240,6;31,7;28,5;21,7;356,3;28,6;0,1;1,14E-1;-541,2;20,00;3,0;3,0;38,31;-0,01;-0,042;2,5;4,82;0,523
466;24.07.2023;17:35:07;00:07:45;289,1;242,8;31,7;28,7;21,7;357,0;28,5;0,1;1,14E-1;-541,2;20,00;3,0;3,0;38,30;-0,01;-0,043;2,5;4,84;0,523
467;24.07.2023;17:35:08;00:07:46;290,4;245,0;31,9;28,8;21,7;358,6;28,8;0,1;1,13E-1;-541,2;20,00;3,0;3,0;38,30;-0,01;-0,043;2,5;4,85;0,525
468;24.07.2023;17:35:09;00:07:47;291,0;245,0;31,9;28,8;21,7;359,4;28,7;0,1;1,13E-1;-541,2;20,00;3,0;3,0;38,30;-0,02;-0,043;2,5;4,84;0,526
469;24.07.2023;17:35:10;00:07:48;292,6;245,0;32,0;28,9;21,7;360,9;28,9;0,1;1,13E-1;-541,2;20,00;3,0;3,0;38,30;-0,02;-0,042;2,5;4,83;0,527
470;24.07.2023;17:35:11;00:07:49;294,0;247,2;32,0;28,9;21,7;362,4;29,0;0,1;1,13E-1;-541,2;20,00;3,0;3,0;38,30;-0,02;-0,043;2,6;4,85;0,527
471;24.07.2023;17:35:12;00:07:50;294,7;247,2;32,0;28,9;21,7;363,1;29,1;0,1;1,13E-1;-541,2;20,00;3,0;3,0;38,30;-0,02;-0,043;2,6;4,86;0,531
472;24.07.2023;17:35:13;00:07:51;296,4;249,4;32,2;29,0;21,7;364,6;29,1;0,1;1,13E-1;-541,2;20,00;3,0;2,9;38,30;-0,02;-0,042;2,6;4,84;0,531
473;24.07.2023;17:35:14;00:07:52;298,2;249,4;32,3;29,0;21,8;366,3;29,4;0,1;1,12E-1;-541,2;20,00;3,0;2,9;38,30;-0,02;-0,038;2,6;4,87;0,535
474;24.07.2023;17:35:15;00:07:53;298,9;251,7;32,3;29,2;21,8;367,0;29,3;0,1;1,12E-1;-541,2;20,00;3,0;3,1;38,30;-0,02;-0,030;2,6;4,88;0,537
475;24.07.2023;17:35:16;00:07:54;300,7;251,7;32,4;29,2;21,8;368,5;29,5;0,1;1,12E-1;-541,2;20,00;3,0;3,0;38,30;-0,02;-0,035;2,6;4,91;0,537
476;24.07.2023;17:35:17;00:07:55;302,2;253,9;32,4;29,3;21,8;370,0;29,6;0,1;1,12E-1;-541,2;20,00;3,0;3,0;38,30;-0,02;-0,037;2,6;4,90;0,537
477;24.07.2023;17:35:18;00:07:56;302,9;253,9;32,6;29,4;21,8;370,8;29,7;0,1;1,12E-1;-541,2;20,00;3,0;3,1;38,30;-0,02;-0,033;2,6;4,85;0,540
478;24.07.2023;17:35:19;00:07:57;304,3;256,2;32,6;29,4;21,8;372,3;29,7;0,1;1,12E-1;-541,2;20,00;3,0;3,0;38,30;-0,02;-0,037;2,7;4,89;0,542
479;24.07.2023;17:35:20;00:07:58;306,2;256,2;32,8;29,5;21,8;373,9;30,0;0,1;1,11E-1;-541,2;20,00;3,0;3,0;38,30;-0,02;-0,040;2,7;4,91;0,543
480;24.07.2023;17:35:21;00:07:59;307,0;256,2;32,8;29,6;21,8;374,6;30,1;0,1;1,11E-1;-541,2;20,00;3,0;3,0;38,29;-0,03;-0,033;2,7;4,90;0,545
481;24.07.2023;17:35:22;00:08:00;308,6;258,6;32,8;29,6;21,8;376,1;30,1;0,1;1,11E-1;-541,2;20,00;3,0;3,1;38,29;-0,02;-0,037;2,7;4,90;0,547
482;24.07.2023;17:35:23;00:08:01;309,2;261,0;32,9;29,7;21,9;376,9;30,1;0,1;1,11E-1;-541,2;20,00;3,0;3,0;38,29;-0,03;-0,037;2,7;4,87;0,548
483;24.07.2023;17:35:24;00:08:02;311,1;261,0;32,9;29,7;21,9;378,4;30,3;0,1;1,11E-1;-541,2;20,00;3,0;3,0;38,29;-0,03;-0,041;2,7;4,90;0,550
484;24.07.2023;17:35:25;00:08:03;312,5;263,3;33,1;29,9;21,9;379,9;30,4;0,1;1,11E-1;-541,2;20,00;3,0;3,1;38,29;-0,03;-0,040;2,7;4,91;0,551
485;24.07.2023;17:35:26;00:08:04;313,2;263,3;33,1;29,9;21,9;380,6;30,4;0,1;1,10E-1;-541,2;20,00;3,0;3,0;38,29;-0,03;-0,042;2,7;4,96;0,551
486;24.07.2023;17:35:27;00:08:05;315,2;265,7;33,2;30,0;21,9;382,3;30,5;0,1;1,10E-1;-541,2;20,00;3,0;3,0;38,29;-0,03;-0,046;2,7;4,95;0,554
487;24.07.2023;17:35:28;00:08:06;316,8;268,0;33,4;30,1;21,9;383,8;30,7;0,1;1,10E-1;-541,2;20,00;3,0;3,0;38,29;-0,03;-0,045;2,7;4,93;0,557
488;24.07.2023;17:35:29;00:08:07;317,5;268,0;33,4;30,1;21,9;384,5;30,6;0,1;1,10E-1;-541,2;20,00;3,0;3,0;38,29;-0,03;-0,041;2,7;4,94;0,557
489;24.07.2023;17:35:30;00:08:08;319,1;268,0;33,4;30,1;22,0;386,0;30,9;0,1;1,10E-1;-541,2;20,00;3,0;3,0;38,29;-0,03;-0,041;2,7;4,94;0,559
490;24.07.2023;17:35:31;00:08:09;320,5;270,3;33,5;30,3;22,0;387,5;30,9;0,1;1,10E-1;-541,2;20,00;3,0;3,0;38,29;-0,03;-0,034;2,8;4,96;0,559
491;24.07.2023;17:35:32;00:08:10;321,4;270,3;33,5;30,3;22,0;388,3;31,0;0,1;1,09E-1;-541,2;20,00;3,0;3,0;38,29;-0,03;-0,040;2,8;4,92;0,560
492;24.07.2023;17:35:33;00:08:11;323,1;272,6;33,6;30,4;22,0;389,9;31,1;0,1;1,09E-1;-541,2;20,00;3,0;3,0;38,29;-0,03;-0,041;2,8;4,97;0,562
493;24.07.2023;17:35:34;00:08:12;324,3;272,6;33,8;30,4;22,0;391,4;31,3;0,1;1,09E-1;-541,2;20,00;3,0;2,9;38,29;-0,04;-0,035;2,8;4,97;0,567
494;24.07.2023;17:35:35;00:08:13;325,1;274,8;33,8;30,5;22,0;392,1;31,2;0,1;1,09E-1;-541,2;20,00;3,0;3,0;38,29;-0,03;-0,040;2,8;4,98;0,567
495;24.07.2023;17:35:36;00:08:14;327,0;274,8;33,9;30,6;22,0;393,6;31,5;0,1;1,09E-1;-541,2;20,00;3,0;3,0;38,28;-0,03;-0,038;2,8;4,96;0,567
496;24.07.2023;17:35:37;00:08:15;327,6;277,1;33,9;30,6;22,1;394,4;31,4;0,1;1,09E-1;-541,2;20,00;3,0;3,0;38,28;-0,03;-0,035;2,8;5,01;0,568
497;24.07.2023;17:35:38;00:08:16;329,1;277,1;34,1;30,8;22,1;395,9;31,6;0,1;1,09E-1;-541,2;20,00;3,0;3,1;38,28;-0,03;-0,041;2,8;4,96;0,570
498;24.07.2023;17:35:39;00:08:17;331,0;279,4;34,1;30,8;22,1;397,5;31,7;0,1;1,09E-1;-541,2;20,00;3,0;3,0;38,28;-0,03;-0,042;2,9;4,99;0,571
499;24.07.2023;17:35:40;00:08:18;331,9;279,3;34,1;30,8;22,0;398,3;31,8;0,1;1,09E-1;-541,2;20,00;3,0;3,0;38,28;-0,04;-0,044;2,9;5,01;0,576
500;24.07.2023;17:35:41;00:08:19;333,6;281,8;34,1;30,8;22,0;399,8;32,0;0,1;1,08E-1;-541,2;20,00;3,0;3,0;38,28;-0,04;-0,043;2,9;5,01;0,576
501;24.07.2023;17:35:42;00:08:20;335,2;281,8;34,1;30,8;22,0;401,3;32,0;0,1;1,08E-1;-541,2;20,00;3,0;3,1;38,28;-0,04;-0,045;2,9;5,02;0,576
502;24.07.2023;17:35:43;00:08:21;335,9;284,3;34,3;31,0;22,1;402,0;32,0;0,1;1,08E-1;-541,2;20,00;3,0;3,0;38,27;-0,04;-0,050;2,9;5,02;0,581
503;24.07.2023;17:35:44;00:08:22;337,4;284,3;34,4;31,0;22,1;403,5;32,2;0,1;1,08E-1;-541,2;20,00;3,0;3,0;38,28;-0,04;-0,051;2,9;5,01;0,578
504;24.07.2023;17:35:45;00:08:23;339,4;286,8;34,4;31,1;22,2;405,1;32,2;0,1;1,08E-1;-541,2;20,00;3,0;3,1;38,28;-0,04;-0,045;2,9;5,01;0,583
505;24.07.2023;17:35:46;00:08:24;340,1;286,8;34,4;31,1;22,2;405,9;32,3;0,1;1,08E-1;-541,2;20,00;3,0;3,0;38,27;-0,04;-0,045;2,9;5,03;0,584
506;24.07.2023;17:35:47;00:08:25;341,9;289,3;34,6;31,2;22,2;407,4;32,4;0,1;1,07E-1;-541,2;20,00;3,0;3,0;38,28;-0,04;-0,041;3,0;5,04;0,586
507;24.07.2023;17:35:48;00:08:26;342,6;289,3;34,6;31,2;22,2;408,1;32,5;0,1;1,07E-1;-541,2;20,00;3,0;3,0;38,27;-0,04;-0,041;3,0;5,05;0,586
508;24.07.2023;17:35:49;00:08:27;344,1;291,7;34,7;31,4;22,2;409,6;32,5;0,1;1,07E-1;-541,2;20,00;3,0;3,0;38,28;-0,04;-0,046;3,0;5,06;0,587
509;24.07.2023;17:35:50;00:08:28;345,6;291,7;34,9;31,4;22,2;411,1;32,7;0,1;1,07E-1;-541,2;20,00;3,0;2,9;38,27;-0,04;-0,051;3,0;5,09;0,589
510;24.07.2023;17:35:51;00:08:29;346,7;294,1;34,9;31,5;22,2;412,0;32,7;0,1;1,07E-1;-541,2;20,00;3,0;3,0;38,27;-0,05;-0,045;3,0;5,07;0,591
511;24.07.2023;17:35:52;00:08:30;348,1;294,1;35,0;31,5;22,2;413,5;32,9;0,1;1,07E-1;-541,2;20,00;3,0;3,0;38,27;-0,05;-0,046;3,0;5,04;0,591
512;24.07.2023;17:35:53;00:08:31;350,0;296,4;35,0;31,6;22,2;415,0;32,9;0,1;1,07E-1;-541,2;20,00;3,0;2,9;38,27;-0,05;-0,052;3,0;5,03;0,592
513;24.07.2023;17:35:54;00:08:32;351,0;296,4;35,2;31,8;22,2;415,8;33,1;0,1;1,07E-1;-541,2;20,00;3,0;3,0;38,27;-0,05;-0,052;3,0;5,07;0,595
514;24.07.2023;17:35:55;00:08:33;352,9;298,8;35,2;31,8;22,2;417,3;33,1;0,1;1,06E-1;-541,2;20,00;3,0;3,1;38,27;-0,05;-0,054;3,0;5,05;0,596
515;24.07.2023;17:35:56;00:08:34;354,4;301,2;35,3;31,9;22,2;418,8;33,3;0,1;1,06E-1;-541,2;20,00;3,0;3,1;38,27;-0,05;-0,053;3,0;5,10;0,596
516;24.07.2023;17:35:57;00:08:35;355,1;301,2;35,3;31,9;22,2;419,6;33,2;0,1;1,06E-1;-541,2;20,00;3,0;3,0;38,26;-0,05;-0,056;3,1;5,09;0,599
517;24.07.2023;17:35:58;00:08:36;356,5;301,2;35,5;31,9;22,2;421,1;33,5;0,1;1,06E-1;-541,2;20,00;3,0;3,0;38,27;-0,05;-0,050;3,1;5,10;0,601
518;24.07.2023;17:35:59;00:08:37;358,5;303,7;35,5;32,1;22,3;422,6;33,5;0,1;1,06E-1;-541,2;20,00;3,0;3,0;38,27;-0,06;-0,046;3,1;5,10;0,602
519;24.07.2023;17:36:00;00:08:38;359,1;303,7;35,5;32,1;22,3;423,4;33,6;0,1;1,06E-1;-541,2;20,00;3,0;3,0;38,27;-0,05;-0,052;3,1;5,10;0,604
520;24.07.2023;17:36:01;00:08:39;360,6;306,3;35,6;32,2;22,3;424,9;33,7;0,1;1,06E-1;-541,2;20,00;3,0;3,0;38,26;-0,06;-0,043;3,1;5,11;0,609
521;24.07.2023;17:36:02;00:08:40;361,3;306,3;35,6;32,2;22,3;425,6;33,8;0,1;1,05E-1;-541,2;20,00;3,0;3,0;38,27;-0,05;-0,050;3,1;5,12;0,609
522;24.07.2023;17:36:03;00:08:41;363,4;309,0;35,7;32,3;22,3;427,3;33,8;0,1;1,05E-1;-541,2;20,00;3,0;3,0;38,27;-0,06;-0,047;3,1;5,08;0,609
523;24.07.2023;17:36:04;00:08:42;365,4;309,0;35,9;32,3;22,3;428,8;34,0;0,1;1,05E-1;-541,2;20,00;3,0;2,9;38,26;-0,06;-0,054;3,1;5,13;0,611
524;24.07.2023;17:36:05;00:08:43;366,2;309,0;35,9;32,3;22,3;429,5;34,1;0,1;1,05E-1;-541,2;20,00;3,0;3,0;38,26;-0,06;-0,059;3,1;5,11;0,611
525;24.07.2023;17:36:06;00:08:44;368,3;314,3;36,0;32,6;22,3;431,8;34,3;0,1;1,05E-1;-541,2;20,00;3,0;3,1;38,26;-0,06;-0,049;3,2;5,12;0,615
526;24.07.2023;17:36:07;00:08:45;368,9;314,3;36,0;32,6;22,3;432,5;34,1;0,1;1,05E-1;-541,2;20,00;3,0;3,0;38,26;-0,06;-0,051;3,2;5,13;0,615
527;24.07.2023;17:36:08;00:08:46;371,0;314,3;36,2;32,6;22,3;434,1;34,4;0,1;1,05E-1;-541,2;20,00;3,0;3,0;38,25;-0,06;-0,056;3,1;5,11;0,615
528;24.07.2023;17:36:09;00:08:47;372,8;316,8;36,2;32,8;22,3;435,6;34,4;0,1;1,04E-1;-541,2;20,00;3,0;3,0;38,26;-0,06;-0,056;3,2;5,14;0,619
529;24.07.2023;17:36:10;00:08:48;373,5;316,8;36,2;32,8;22,3;436,4;34,5;0,1;1,04E-1;-541,2;20,00;3,0;3,0;38,26;-0,06;-0,060;3,2;5,17;0,621
530;24.07.2023;17:36:11;00:08:49;375,0;319,2;36,3;32,9;22,4;437,9;34,6;0,1;1,04E-1;-541,2;20,00;3,0;3,0;38,26;-0,07;-0,053;3,2;5,13;0,620
531;24.07.2023;17:36:12;00:08:50;377,0;319,2;36,5;33,1;22,4;439,4;34,8;0,1;1,04E-1;-541,2;20,00;3,0;3,0;38,25;-0,06;-0,053;3,2;5,12;0,625
532;24.07.2023;17:36:13;00:08:51;377,7;321,7;36,5;33,1;22,4;440,1;34,7;0,1;1,04E-1;-541,2;20,00;3,0;3,0;38,25;-0,07;-0,048;3,2;5,17;0,625
533;24.07.2023;17:36:14;00:08:52;379,3;321,7;36,7;33,2;22,4;441,8;35,0;0,1;1,04E-1;-541,2;20,00;3,0;3,0;38,25;-0,07;-0,051;3,2;5,15;0,626
534;24.07.2023;17:36:15;00:08:53;381,2;324,2;36,7;33,2;22,4;443,3;35,0;0,1;1,04E-1;-541,2;20,00;3,0;2,9;38,25;-0,07;-0,057;3,2;5,16;0,626
535;24.07.2023;17:36:16;00:08:54;381,9;326,7;36,8;33,3;22,4;444,0;35,0;0,1;1,04E-1;-541,2;20,00;3,0;3,0;38,25;-0,07;-0,049;3,3;5,19;0,630
536;24.07.2023;17:36:17;00:08:55;383,4;326,7;36,8;33,3;22,4;445,5;35,1;0,1;1,03E-1;-541,2;20,00;3,0;3,0;38,25;-0,07;-0,054;3,2;5,20;0,630
537;24.07.2023;17:36:18;00:08:56;385,4;329,2;37,0;33,5;22,4;447,0;35,2;0,1;1,03E-1;-541,2;20,00;3,0;3,0;38,25;-0,07;-0,055;3,2;5,16;0,635
538;24.07.2023;17:36:19;00:08:57;386,1;329,2;37,0;33,5;22,4;447,8;35,2;0,1;1,03E-1;-541,2;20,00;3,0;3,1;38,24;-0,07;-0,058;3,3;5,19;0,632
539;24.07.2023;17:36:20;00:08:58;388,0;329,2;37,0;33,5;22,4;449,4;35,5;0,1;1,03E-1;-541,2;20,00;3,0;3,0;38,24;-0,07;-0,061;3,3;5,19;0,635
540;24.07.2023;17:36:21;00:08:59;389,5;331,9;37,1;33,6;22,4;450,9;35,5;0,1;1,03E-1;-541,2;20,00;3,0;2,9;38,25;-0,07;-0,062;3,3;5,21;0,637
541;24.07.2023;17:36:22;00:09:00;390,8;331,9;37,3;33,6;22,4;451,6;35,6;0,1;1,03E-1;-541,2;20,00;3,0;3,0;38,24;-0,07;-0,058;3,3;5,22;0,639
542;24.07.2023;17:36:23;00:09:01;391,5;334,6;37,3;33,8;22,4;452,4;35,5;0,1;1,03E-1;-541,2;20,00;3,0;3,0;38,24;-0,08;-0,058;3,3;5,22;0,640
543;24.07.2023;17:36:24;00:09:02;393,1;334,6;37,4;33,8;22,5;453,9;35,7;0,1;1,03E-1;-541,2;20,00;3,0;3,0;38,24;-0,07;-0,056;3,3;5,20;0,640
544;24.07.2023;17:36:25;00:09:03;394,4;337,3;37,4;33,9;22,5;455,4;35,8;0,1;1,03E-1;-541,2;20,00;3,0;3,0;38,24;-0,08;-0,052;3,4;5,20;0,645
545;24.07.2023;17:36:26;00:09:04;395,3;337,3;37,4;33,9;22,5;456,1;35,9;0,1;1,03E-1;-541,2;20,00;3,0;3,0;38,24;-0,08;-0,053;3,4;5,23;0,644
546;24.07.2023;17:36:27;00:09:05;397,1;340,0;37,6;34,1;22,6;457,8;35,9;0,1;1,03E-1;-541,2;20,00;3,0;2,9;38,24;-0,08;-0,057;3,4;5,20;0,645
547;24.07.2023;17:36:28;00:09:06;398,7;340,0;37,8;34,3;22,6;459,3;36,1;0,1;1,02E-1;-541,2;20,00;3,0;3,0;38,24;-0,08;-0,057;3,4;5,21;0,645
548;24.07.2023;17:36:29;00:09:07;399,7;342,5;37,8;34,3;22,6;460,0;36,1;0,1;1,02E-1;-541,2;20,00;3,0;3,0;38,24;-0,08;-0,058;3,4;5,24;0,645
549;24.07.2023;17:36:30;00:09:08;401,2;342,5;37,8;34,3;22,6;461,5;36,2;0,1;1,02E-1;-541,2;20,00;3,0;3,0;38,24;-0,08;-0,051;3,4;5,23;0,649
550;24.07.2023;17:36:31;00:09:09;401,9;345,0;37,9;34,4;22,6;462,3;36,2;0,1;1,02E-1;-541,2;20,00;3,0;3,0;38,24;-0,08;-0,055;3,4;5,20;0,650
551;24.07.2023;17:36:32;00:09:10;403,8;345,0;38,1;34,6;22,6;463,8;36,4;0,1;1,02E-1;-541,2;20,00;3,0;3,0;38,24;-0,08;-0,055;3,4;5,21;0,650
552;24.07.2023;17:36:33;00:09:11;405,4;347,6;38,1;34,6;22,7;465,4;36,4;0,1;1,02E-1;-541,2;20,00;3,0;3,0;38,24;-0,09;-0,050;3,4;5,24;0,651
553;24.07.2023;17:36:34;00:09:12;406,0;347,6;38,2;34,6;22,7;466,1;36,5;0,1;1,02E-1;-541,2;20,00;3,0;3,0;38,24;-0,08;-0,048;3,4;5,26;0,654
554;24.07.2023;17:36:35;00:09:13;407,5;350,1;38,2;34,7;22,7;467,6;36,5;0,1;1,02E-1;-541,2;20,00;3,0;3,0;38,23;-0,09;-0,045;3,4;5,24;0,654
555;24.07.2023;17:36:36;00:09:14;409,3;352,7;38,4;34,8;22,7;469,1;36,6;0,1;1,02E-1;-541,2;20,00;3,0;3,0;38,23;-0,08;-0,052;3,4;5,22;0,656
556;24.07.2023;17:36:37;00:09:15;410,1;352,7;38,4;34,8;22,7;469,9;36,7;0,1;1,02E-1;-541,2;20,00;3,0;2,9;38,23;-0,09;-0,051;3,4;5,25;0,654
557;24.07.2023;17:36:38;00:09:16;411,5;352,7;38,5;35,0;22,7;471,4;36,9;0,1;1,01E-1;-541,2;20,00;3,0;3,0;38,23;-0,08;-0,055;3,4;5,28;0,659
558;24.07.2023;17:36:39;00:09:17;413,5;355,1;38,5;35,0;22,7;473,0;36,9;0,1;1,01E-1;-541,2;20,00;3,0;3,1;38,23;-0,09;-0,053;3,5;5,22;0,664
559;24.07.2023;17:36:40;00:09:18;414,3;355,1;38,6;34,9;22,7;473,8;37,1;0,1;1,01E-1;-541,2;20,00;3,0;3,0;38,23;-0,09;-0,052;3,5;5,26;0,664
560;24.07.2023;17:36:41;00:09:19;416,2;357,8;38,6;35,1;22,7;475,3;37,1;0,1;1,01E-1;-541,2;20,00;3,0;3,0;38,22;-0,09;-0,061;3,5;5,28;0,664
561;24.07.2023;17:36:42;00:09:20;416,9;357,8;38,6;35,1;22,7;476,0;37,2;0,1;1,01E-1;-541,2;20,00;3,0;3,0;38,23;-0,09;-0,059;3,5;5,28;0,664
562;24.07.2023;17:36:43;00:09:21;418,4;360,6;38,8;35,2;22,7;477,5;37,2;0,1;1,01E-1;-541,2;20,00;3,0;3,0;38,22;-0,09;-0,065;3,5;5,27;0,669
563;24.07.2023;17:36:44;00:09:22;420,3;360,6;38,8;35,2;22,7;479,0;37,4;0,1;1,01E-1;-541,2;20,00;3,0;2,9;38,23;-0,10;-0,066;3,5;5,28;0,669
564;24.07.2023;17:36:45;00:09:23;421,2;363,4;39,0;35,4;22,7;479,9;37,6;0,1;1,01E-1;-541,2;20,00;3,0;3,0;38,22;-0,10;-0,062;3,5;5,29;0,670
565;24.07.2023;17:36:46;00:09:24;422,8;363,4;39,0;35,4;22,6;481,4;37,5;0,1;1,01E-1;-541,2;20,00;3,0;3,0;38,22;-0,09;-0,058;3,6;5,30;0,673
566;24.07.2023;17:36:47;00:09:25;424,5;366,2;39,1;35,6;22,6;482,9;37,5;0,1;1,01E-1;-541,2;20,00;3,0;3,0;38,22;-0,10;-0,052;3,6;5,30;0,674
567;24.07.2023;17:36:48;00:09:26;425,3;366,2;39,3;35,6;22,6;483,6;37,7;0,1;1,01E-1;-541,2;20,00;3,0;3,1;38,22;-0,10;-0,055;3,6;5,30;0,674
568;24.07.2023;17:36:49;00:09:27;427,2;368,9;39,3;35,7;22,7;485,1;37,7;0,1;1,01E-1;-541,2;20,00;3,0;3,1;38,22;-0,10;-0,053;3,6;5,32;0,679
569;24.07.2023;17:36:50;00:09:28;428,7;368,9;39,5;35,7;22,7;486,6;37,9;0,1;1,00E-1;-541,2;20,00;3,0;3,0;38,22;-0,10;-0,056;3,6;5,32;0,679
570;24.07.2023;17:36:51;00:09:29;429,9;371,6;39,5;35,9;22,7;487,5;37,8;0,1;1,00E-1;-541,2;20,00;3,0;3,0;38,22;-0,10;-0,058;3,6;5,34;0,679
571;24.07.2023;17:36:52;00:09:30;431,3;371,6;39,6;36,1;22,7;489,0;38,0;0,1;1,00E-1;-541,2;20,00;3,0;3,0;38,22;-0,10;-0,054;3,6;5,30;0,680
572;24.07.2023;17:36:53;00:09:31;433,3;374,2;39,6;36,1;22,8;490,5;38,0;0,1;1,00E-1;-541,2;20,00;3,0;3,0;38,21;-0,10;-0,058;3,6;5,33;0,684
573;24.07.2023;17:36:54;00:09:32;434,0;374,2;39,6;36,1;22,8;491,3;38,1;0,1;1,00E-1;-541,2;20,00;3,0;3,1;38,22;-0,10;-0,050;3,6;5,34;0,684
574;24.07.2023;17:36:55;00:09:33;435,6;376,8;39,8;36,2;22,8;492,8;38,2;0,1;1,00E-1;-541,2;20,00;3,0;3,0;38,21;-0,10;-0,058;3,6;5,33;0,684
575;24.07.2023;17:36:56;00:09:34;436,5;376,8;39,8;36,2;22,8;493,5;38,3;0,1;1,00E-1;-541,2;20,00;3,0;3,0;38,21;-0,11;-0,062;3,6;5,35;0,684
576;24.07.2023;17:36:57;00:09:35;438,4;379,4;39,9;36,4;22,8;495,1;38,4;0,1;1,00E-1;-541,2;20,00;3,0;3,0;38,21;-0,11;-0,061;3,7;5,39;0,689
577;24.07.2023;17:36:58;00:09:36;439,9;379,4;40,1;36,4;22,8;496,6;38,5;0,1;9,99E-2;-541,2;20,00;3,0;3,0;38,21;-0,10;-0,059;3,7;5,34;0,689
578;24.07.2023;17:36:59;00:09:37;440,9;382,0;40,1;36,5;22,8;497,4;38,4;0,1;9,99E-2;-541,2;20,00;3,0;2,9;38,21;-0,11;-0,061;3,7;5,37;0,691
579;24.07.2023;17:37:00;00:09:38;442,4;381,9;40,1;36,5;22,8;498,9;38,7;0,1;9,98E-2;-541,2;20,00;3,0;3,1;38,21;-0,11;-0,060;3,7;5,34;0,694
580;24.07.2023;17:37:01;00:09:39;444,3;384,7;40,2;36,7;22,8;500,4;38,7;0,1;9,97E-2;-541,2;20,00;3,0;3,0;38,21;-0,11;-0,053;3,7;5,36;0,694
581;24.07.2023;17:37:02;00:09:40;445,1;384,7;40,2;36,7;22,8;501,1;38,8;0,1;9,97E-2;-541,2;20,00;3,0;3,0;38,21;-0,11;-0,059;3,7;5,37;0,694
582;24.07.2023;17:37:03;00:09:41;446,7;384,7;40,4;36,8;22,8;502,8;39,0;0,1;9,97E-2;-541,2;20,00;3,0;3,0;38,21;-0,11;-0,068;3,7;5,37;0,698
583;24.07.2023;17:37:04;00:09:42;448,5;387,5;40,4;36,8;22,9;504,3;39,0;0,1;9,96E-2;-541,2;20,00;3,0;3,0;38,21;-0,12;-0,064;3,7;5,40;0,698
584;24.07.2023;17:37:05;00:09:43;449,3;390,3;40,6;37,0;22,9;505,0;39,0;0,1;9,95E-2;-541,2;20,00;3,0;3,0;38,20;-0,12;-0,072;3,8;5,34;0,699
585;24.07.2023;17:37:06;00:09:44;451,2;390,3;40,6;37,0;22,9;506,5;39,1;0,1;9,94E-2;-541,2;20,00;3,0;3,0;38,20;-0,12;-0,068;3,8;5,40;0,701
586;24.07.2023;17:37:07;00:09:45;452,7;393,1;40,7;37,2;22,9;508,0;39,1;0,1;9,93E-2;-541,2;20,00;3,0;2,9;38,20;-0,12;-0,073;3,8;5,38;0,701
587;24.07.2023;17:37:08;00:09:46;453,6;393,1;40,9;37,2;22,9;508,8;39,2;0,1;9,93E-2;-541,2;20,00;3,0;2,9;38,20;-0,12;-0,071;3,8;5,41;0,703
588;24.07.2023;17:37:09;00:09:47;455,4;395,7;40,9;37,3;23,0;510,4;39,3;0,1;9,92E-2;-541,2;20,00;3,0;3,0;38,20;-0,12;-0,069;3,8;5,40;0,703
589;24.07.2023;17:37:10;00:09:48;456,4;395,7;40,9;37,3;23,0;511,1;39,4;0,1;9,92E-2;-541,2;20,00;3,0;3,0;38,20;-0,12;-0,070;3,8;5,42;0,704
590;24.07.2023;17:37:11;00:09:49;457,9;398,3;41,1;37,5;23,0;512,6;39,4;0,1;9,92E-2;-541,2;20,00;3,0;3,0;38,20;-0,13;-0,067;3,8;5,40;0,704
591;24.07.2023;17:37:12;00:09:50;459,6;398,3;41,2;37,6;23,0;514,1;39,6;0,1;9,91E-2;-541,2;20,00;3,0;3,1;38,19;-0,12;-0,071;3,8;5,41;0,708
592;24.07.2023;17:37:13;00:09:51;460,5;398,3;41,2;37,6;23,0;514,9;39,7;0,1;9,90E-2;-541,1;20,00;3,0;3,1;38,19;-0,13;-0,063;3,9;5,44;0,711
593;24.07.2023;17:37:14;00:09:52;462,2;400,9;41,2;37,6;23,0;516,4;39,7;0,1;9,89E-2;-541,2;20,00;3,0;3,1;38,19;-0,12;-0,061;3,9;5,41;0,713
594;24.07.2023;17:37:15;00:09:53;463,8;403,5;41,4;37,8;23,0;518,0;39,8;0,1;9,88E-2;-541,2;20,00;3,0;3,0;38,19;-0,12;-0,063;3,9;5,42;0,713
595;24.07.2023;17:37:16;00:09:54;464,8;403,5;41,6;37,8;23,0;518,8;39,9;0,1;9,88E-2;-541,2;20,00;3,0;3,0;38,19;-0,13;-0,055;3,8;5,40;0,716
596;24.07.2023;17:37:17;00:09:55;466,3;406,1;41,6;38,0;22,9;520,3;39,9;0,1;9,87E-2;-541,2;20,00;3,0;3,0;38,19;-0,13;-0,058;3,9;5,40;0,715
597;24.07.2023;17:37:18;00:09:56;468,2;406,1;41,7;38,0;22,9;521,8;40,1;0,1;9,86E-2;-541,2;20,00;3,0;3,0;38,19;-0,13;-0,055;3,9;5,41;0,720
598;24.07.2023;17:37:19;00:09:57;469,1;408,7;41,7;38,1;22,9;522,5;40,0;0,1;9,86E-2;-541,2;20,00;3,0;3,0;38,19;-0,13;-0,057;3,9;5,42;0,718
599;24.07.2023;17:37:20;00:09:58;470,6;408,7;41,7;38,1;22,9;524,0;40,2;0,1;9,86E-2;-541,2;20,00;3,0;3,0;38,19;-0,13;-0,058;3,9;5,44;0,720
600;24.07.2023;17:37:21;00:09:59;471,3;408,7;41,8;38,1;22,9;524,8;40,4;0,1;9,85E-2;-541,2;20,00;3,0;3,0;38,19;-0,13;-0,064;4,0;5,46;0,723
601;24.07.2023;17:37:22;00:10:00;473,2;411,5;41,8;38,2;22,9;526,4;40,4;0,1;9,84E-2;-541,2;20,00;3,0;2,9;38,18;-0,13;-0,070;3,9;5,45;0,723
602;24.07.2023;17:37:23;00:10:01;475,2;414,3;42,0;38,4;22,9;527,9;40,3;0,1;9,84E-2;-541,2;20,00;3,0;3,0;38,18;-0,14;-0,062;3,9;5,48;0,723
603;24.07.2023;17:37:24;00:10:02;476,0;414,3;42,0;38,4;22,9;528,6;40,5;0,1;9,83E-2;-541,2;20,00;3,0;3,0;38,18;-0,13;-0,068;3,9;5,45;0,725
604;24.07.2023;17:37:25;00:10:03;477,3;417,1;42,2;38,6;23,0;530,1;40,6;0,1;9,82E-2;-541,2;20,00;3,0;3,0;38,18;-0,14;-0,062;4,0;5,45;0,728
605;24.07.2023;17:37:26;00:10:04;479,4;417,1;42,2;38,6;23,0;531,6;40,7;0,1;9,81E-2;-541,2;20,00;3,0;3,0;38,18;-0,14;-0,077;4,0;5,46;0,730
606;24.07.2023;17:37:27;00:10:05;480,2;419,9;42,3;38,7;23,0;532,4;40,6;0,1;9,81E-2;-541,2;20,00;3,0;3,0;38,18;-0,14;-0,068;4,0;5,51;0,732
607;24.07.2023;17:37:28;00:10:06;482,1;419,9;42,5;38,9;23,0;534,0;40,8;0,1;9,81E-2;-541,2;20,00;3,0;3,0;38,18;-0,14;-0,063;4,0;5,44;0,733
608;24.07.2023;17:37:29;00:10:07;483,5;422,5;42,5;38,9;23,1;535,5;40,8;0,1;9,80E-2;-541,2;20,00;3,0;3,0;38,17;-0,14;-0,070;4,0;5,46;0,733
609;24.07.2023;17:37:30;00:10:08;484,9;422,5;42,5;38,9;23,1;536,3;40,9;0,1;9,80E-2;-541,2;20,00;3,0;3,0;38,18;-0,14;-0,067;4,0;5,48;0,734
610;24.07.2023;17:37:31;00:10:09;486,3;425,3;42,7;39,1;23,1;537,8;40,9;0,1;9,79E-2;-541,2;20,00;3,0;3,1;38,17;-0,14;-0,068;4,0;5,48;0,737
611;24.07.2023;17:37:32;00:10:10;487,8;425,3;42,9;39,1;23,1;539,3;41,1;0,1;9,79E-2;-541,2;20,00;3,0;3,0;38,18;-0,15;-0,066;4,1;5,52;0,741
612;24.07.2023;17:37:33;00:10:11;488,8;428,0;42,9;39,3;23,1;540,0;41,3;0,1;9,78E-2;-541,2;20,00;3,0;3,0;38,17;-0,14;-0,067;4,1;5,50;0,742
613;24.07.2023;17:37:34;00:10:12;490,6;428,0;42,9;39,3;23,1;541,6;41,3;0,1;9,77E-2;-541,2;20,00;3,0;3,1;38,17;-0,14;-0,049;4,1;5,49;0,742
614;24.07.2023;17:37:35;00:10:13;491,7;430,7;43,0;39,4;23,2;542,4;41,2;0,1;9,77E-2;-541,2;20,00;3,0;3,1;38,17;-0,15;-0,048;4,1;5,50;0,742
615;24.07.2023;17:37:36;00:10:14;493,1;430,7;43,2;39,4;23,2;543,9;41,4;0,1;9,76E-2;-541,2;20,00;3,0;3,0;38,17;-0,15;-0,062;4,1;5,50;0,744
616;24.07.2023;17:37:37;00:10:15;494,7;433,5;43,2;39,6;23,2;545,4;41,4;0,1;9,75E-2;-541,2;20,00;3,0;3,0;38,17;-0,15;-0,064;4,1;5,54;0,747
617;24.07.2023;17:37:38;00:10:16;495,9;433,5;43,2;39,6;23,2;546,1;41,5;0,1;9,75E-2;-541,2;20,00;3,0;3,0;38,17;-0,15;-0,061;4,1;5,50;0,743
618;24.07.2023;17:37:39;00:10:17;497,3;436,1;43,4;39,8;23,3;547,6;41,5;0,1;9,74E-2;-541,2;20,00;3,0;3,1;38,16;-0,15;-0,061;4,1;5,49;0,745
619;24.07.2023;17:37:40;00:10:18;499,3;436,2;43,4;39,8;23,3;549,3;41,7;0,1;9,74E-2;-541,2;20,00;3,0;3,0;38,16;-0,15;-0,064;4,1;5,50;0,749
620;24.07.2023;17:37:41;00:10:19;500,0;439,0;43,5;40,0;23,3;550,0;41,9;0,1;9,74E-2;-541,2;20,00;3,0;3,0;38,17;-0,16;-0,057;4,1;5,51;0,752
621;24.07.2023;17:37:42;00:10:20;501,7;439,0;43,5;40,0;23,3;551,5;41,8;0,1;9,74E-2;-541,2;20,00;3,0;3,0;38,16;-0,15;-0,056;4,2;5,51;0,752
622;24.07.2023;17:37:43;00:10:21;503,3;441,8;43,7;40,2;23,3;553,0;42,1;0,1;9,73E-2;-541,2;20,00;3,0;3,1;38,17;-0,16;-0,057;4,2;5,54;0,757
623;24.07.2023;17:37:44;00:10:22;504,2;441,8;43,7;40,2;23,4;553,8;41,9;0,1;9,72E-2;-541,2;20,00;3,0;3,0;38,16;-0,15;-0,063;4,2;5,54;0,757
624;24.07.2023;17:37:45;00:10:23;506,1;444,7;43,9;40,3;23,4;555,3;42,0;0,1;9,72E-2;-541,2;20,00;3,0;3,0;38,16;-0,16;-0,055;4,2;5,56;0,759
625;24.07.2023;17:37:46;00:10:24;507,7;444,7;44,1;40,5;23,4;556,9;42,2;0,1;9,71E-2;-541,2;20,00;3,0;3,0;38,16;-0,16;-0,057;4,2;5,54;0,758
626;24.07.2023;17:37:47;00:10:25;508,8;444,7;44,1;40,5;23,4;557,6;42,3;0,1;9,71E-2;-541,2;20,00;3,0;3,0;38,16;-0,16;-0,061;4,2;5,56;0,759
627;24.07.2023;17:37:48;00:10:26;510,3;447,5;44,1;40,5;23,4;559,1;42,3;0,1;9,70E-2;-541,2;20,00;3,0;3,0;38,16;-0,16;-0,056;4,2;5,53;0,759
628;24.07.2023;17:37:49;00:10:27;511,0;447,5;44,2;40,7;23,4;559,9;42,4;0,1;9,70E-2;-541,2;20,00;3,0;3,0;38,16;-0,16;-0,065;4,2;5,55;0,762
629;24.07.2023;17:37:50;00:10:28;512,8;450,2;44,2;40,7;23,4;561,4;42,4;0,1;9,70E-2;-541,2;20,00;3,0;2,9;38,16;-0,17;-0,060;4,2;5,55;0,762
630;24.07.2023;17:37:51;00:10:29;514,4;452,8;44,4;40,9;23,4;562,9;42,4;0,1;9,69E-2;-541,2;20,00;3,0;3,0;38,15;-0,16;-0,060;4,3;5,52;0,763
631;24.07.2023;17:37:52;00:10:30;515,5;452,8;44,6;40,9;23,4;563,8;42,5;0,1;9,69E-2;-541,2;20,00;3,0;3,0;38,15;-0,16;-0,061;4,2;5,55;0,764
632;24.07.2023;17:37:53;00:10:31;517,0;455,4;44,6;41,0;23,4;565,3;42,6;0,1;9,69E-2;-541,2;20,00;3,0;3,0;38,15;-0,17;-0,063;4,3;5,57;0,770
633;24.07.2023;17:37:54;00:10:32;518,5;455,4;44,7;41,0;23,4;566,8;42,7;0,1;9,69E-2;-541,2;20,00;3,0;3,0;38,15;-0,16;-0,062;4,2;5,52;0,771
634;24.07.2023;17:37:55;00:10:33;519,5;458,1;44,7;41,2;23,5;567,5;42,6;0,1;9,69E-2;-541,2;20,00;3,0;3,0;38,15;-0,17;-0,055;4,3;5,52;0,771
635;24.07.2023;17:37:56;00:10:34;521,1;458,1;44,9;41,4;23,5;569,0;42,8;0,1;9,69E-2;-541,2;20,00;3,0;3,0;38,15;-0,17;-0,061;4,3;5,55;0,772
636;24.07.2023;17:37:57;00:10:35;522,8;460,7;44,9;41,4;23,6;570,5;42,9;0,1;9,69E-2;-541,2;20,00;3,0;3,0;38,15;-0,17;-0,064;4,3;5,59;0,774
637;24.07.2023;17:37:58;00:10:36;524,0;460,7;44,9;41,4;23,6;571,4;43,0;0,1;9,69E-2;-541,2;20,00;3,0;3,0;38,15;-0,17;-0,058;4,3;5,58;0,773
638;24.07.2023;17:37:59;00:10:37;525,3;463,3;45,1;41,5;23,6;572,9;43,0;0,1;9,69E-2;-541,2;20,00;3,0;3,0;38,14;-0,17;-0,065;4,3;5,57;0,775
639;24.07.2023;17:38:00;00:10:38;526,2;463,3;45,1;41,5;23,6;573,6;43,1;0,1;9,69E-2;-541,2;20,00;3,0;3,0;38,15;-0,17;-0,062;4,3;5,55;0,777
640;24.07.2023;17:38:01;00:10:39;528,2;466,2;45,3;41,7;23,7;575,1;43,2;0,1;9,69E-2;-541,2;20,00;3,0;3,0;38,14;-0,17;-0,066;4,4;5,62;0,780
641;24.07.2023;17:38:02;00:10:40;529,5;466,2;45,3;41,7;23,7;576,6;43,3;0,1;9,69E-2;-541,2;20,00;3,0;3,0;38,15;-0,18;-0,062;4,3;5,58;0,781
642;24.07.2023;17:38:03;00:10:41;530,3;466,2;45,5;41,9;23,7;577,4;43,4;0,1;9,69E-2;-541,2;20,00;3,0;2,9;38,14;-0,17;-0,065;4,4;5,61;0,781
643;24.07.2023;17:38:04;00:10:42;532,3;469,0;45,5;41,9;23,7;579,0;43,4;0,1;9,69E-2;-541,2;20,00;3,0;3,0;38,14;-0,17;-0,055;4,4;5,63;0,782
644;24.07.2023;17:38:05;00:10:43;533,9;471,8;45,6;42,1;23,7;580,5;43,4;0,1;9,69E-2;-541,2;20,00;3,0;3,0;38,14;-0,18;-0,056;4,4;5,62;0,784
645;24.07.2023;17:38:06;00:10:44;534,9;471,8;45,6;42,1;23,7;581,3;43,5;0,1;9,69E-2;-541,2;20,00;3,0;3,0;38,14;-0,17;-0,060;4,4;5,60;0,782
646;24.07.2023;17:38:07;00:10:45;536,4;474,6;45,8;42,3;23,7;582,8;43,5;0,1;9,69E-2;-541,2;20,00;3,0;3,0;38,14;-0,18;-0,055;4,4;5,59;0,786
647;24.07.2023;17:38:08;00:10:46;538,1;474,6;46,0;42,3;23,7;584,3;43,7;0,1;9,69E-2;-541,2;20,00;3,0;2,9;38,14;-0,18;-0,055;4,4;5,62;0,787
648;24.07.2023;17:38:09;00:10:47;538,7;477,2;46,0;42,5;23,7;585,0;43,8;0,1;9,69E-2;-541,2;20,00;3,0;2,9;38,14;-0,18;-0,049;4,5;5,63;0,791
649;24.07.2023;17:38:10;00:10:48;540,5;477,2;46,0;42,5;23,7;586,6;43,9;0,1;9,69E-2;-541,2;20,00;3,0;2,9;38,14;-0,19;-0,044;4,5;5,64;0,791
650;24.07.2023;17:38:11;00:10:49;542,3;479,8;46,2;42,6;23,8;588,1;43,9;0,1;9,70E-2;-541,2;20,00;3,0;3,0;38,13;-0,18;-0,048;4,4;5,64;0,790
651;24.07.2023;17:38:12;00:10:50;542,8;479,8;46,3;42,6;23,8;588,9;44,0;0,1;9,70E-2;-541,2;20,00;3,0;3,0;38,14;-0,19;-0,044;4,5;5,61;0,795
652;24.07.2023;17:38:13;00:10:51;544,8;482,4;46,3;42,8;23,8;590,4;44,0;0,1;9,70E-2;-541,2;20,00;3,0;3,1;38,13;-0,18;-0,046;4,5;5,64;0,797
653;24.07.2023;17:38:14;00:10:52;545,5;482,4;46,3;42,8;23,8;591,1;44,1;0,1;9,70E-2;-541,2;20,00;3,0;3,1;38,14;-0,19;-0,040;4,5;5,64;0,796
654;24.07.2023;17:38:15;00:10:53;547,5;485,0;46,5;43,0;23,8;592,6;44,1;0,1;9,70E-2;-541,2;20,00;3,0;3,0;38,13;-0,18;-0,043;4,5;5,66;0,798
655;24.07.2023;17:38:16;00:10:54;549,1;485,0;46,5;43,0;23,8;594,3;44,3;0,1;9,70E-2;-541,2;20,00;3,0;3,0;38,13;-0,18;-0,045;4,5;5,65;0,801
656;24.07.2023;17:38:17;00:10:55;550,1;485,0;46,7;43,2;23,8;595,0;44,4;0,1;9,71E-2;-541,2;20,00;3,0;3,0;38,13;-0,19;-0,041;4,5;5,63;0,801
657;24.07.2023;17:38:18;00:10:56;551,6;487,7;46,7;43,2;23,8;596,5;44,4;0,1;9,71E-2;-541,2;20,00;3,0;3,0;38,13;-0,18;-0,050;4,5;5,63;0,801
658;24.07.2023;17:38:19;00:10:57;553,2;490,4;46,8;43,4;23,8;598,0;44,4;0,1;9,72E-2;-541,2;20,00;3,0;3,0;38,13;-0,19;-0,045;4,5;5,67;0,802
659;24.07.2023;17:38:20;00:10:58;554,3;490,4;46,8;43,4;23,8;598,8;44,5;0,1;9,72E-2;-541,2;20,00;3,0;3,0;38,13;-0,19;-0,047;4,5;5,64;0,805
660;24.07.2023;17:38:21;00:10:59;555,9;493,1;47,0;43,5;23,8;600,3;44,7;0,1;9,72E-2;-541,2;20,00;3,0;3,1;38,13;-0,19;-0,043;4,6;5,65;0,809
661;24.07.2023;17:38:22;00:11:00;557,8;493,1;47,1;43,5;23,8;601,9;44,8;0,1;9,73E-2;-541,2;20,00;3,2;3,1;38,13;-0,19;-0,032;4,6;5,64;0,808
662;24.07.2023;17:38:23;00:11:01;558,6;493,1;47,1;43,5;23,8;602,6;44,9;0,1;9,73E-2;-541,2;20,00;3,2;3,1;38,13;-0,18;-0,030;4,6;5,67;0,811
663;24.07.2023;17:38:24;00:11:02;560,5;496,0;47,1;43,7;23,8;604,1;44,9;0,1;9,73E-2;-541,2;20,00;3,4;3,3;38,14;-0,19;0,019;4,6;5,68;0,813
664;24.07.2023;17:38:25;00:11:03;561,9;498,7;47,3;43,9;23,8;605,6;44,9;0,1;9,74E-2;-541,2;20,00;3,5;3,4;38,14;-0,18;0,079;4,6;5,62;0,816
665;24.07.2023;17:38:26;00:11:04;563,2;498,7;47,3;43,9;23,8;606,4;45,0;0,1;9,74E-2;-541,2;20,00;3,6;3,4;38,15;-0,18;0,121;4,6;5,66;0,816
666;24.07.2023;17:38:27;00:11:05;564,5;498,7;47,5;43,9;23,8;607,9;45,2;0,1;9,74E-2;-541,2;20,00;3,7;3,5;38,15;-0,16;0,197;4,7;5,67;0,821
667;24.07.2023;17:38:28;00:11:06;565,2;501,4;47,5;44,1;23,8;608,6;45,1;0,1;9,74E-2;-541,2;20,00;3,7;3,6;38,16;-0,16;0,240;4,7;5,69;0,823
668;24.07.2023;17:38:29;00:11:07;566,8;504,0;47,7;44,2;23,9;610,3;45,2;0,1;9,74E-2;-541,2;20,00;3,9;3,9;38,17;-0,15;0,327;4,7;5,68;0,825
669;24.07.2023;17:38:30;00:11:08;568,3;504,0;47,7;44,2;23,9;611,8;45,3;0,1;9,74E-2;-541,2;20,00;4,0;4,0;38,18;-0,14;0,374;4,7;5,67;0,828
670;24.07.2023;17:38:31;00:11:09;569,1;504,0;47,9;44,4;23,9;612,5;45,4;0,1;9,74E-2;-541,2;20,00;4,1;3,9;38,18;-0,14;0,392;4,7;5,70;0,832
671;24.07.2023;17:38:32;00:11:10;570,7;506,5;47,9;44,4;23,9;614,0;45,4;0,1;9,75E-2;-541,2;20,00;4,2;4,1;38,19;-0,13;0,408;4,7;5,70;0,832
672;24.07.2023;17:38:33;00:11:11;572,1;509,0;48,1;44,6;24,0;615,5;45,5;0,1;9,75E-2;-541,2;20,00;4,3;4,2;38,20;-0,12;0,417;4,8;5,71;0,835
673;24.07.2023;17:38:34;00:11:12;572,8;509,0;48,1;44,6;24,0;616,3;45,6;0,1;9,75E-2;-541,2;20,00;4,4;4,2;38,20;-0,11;0,422;4,8;5,73;0,835
674;24.07.2023;17:38:35;00:11:13;574,4;511,6;48,3;44,8;24,0;617,9;45,6;0,1;9,75E-2;-541,2;20,00;4,5;4,4;38,21;-0,10;0,429;4,8;5,69;0,839
675;24.07.2023;17:38:36;00:11:14;576,2;511,6;48,5;44,8;24,0;619,4;45,8;0,1;9,75E-2;-541,2;20,00;4,7;4,5;38,23;-0,10;0,450;4,8;5,70;0,840
676;24.07.2023;17:38:37;00:11:15;576,8;514,2;48,5;45,0;24,0;620,1;45,9;0,1;9,75E-2;-541,2;20,00;4,7;4,6;38,23;-0,08;0,467;4,8;5,73;0,845
677;24.07.2023;17:38:38;00:11:16;578,4;514,2;48,5;45,0;24,1;621,6;45,9;0,1;9,75E-2;-541,2;20,00;4,9;4,7;38,25;-0,08;0,497;4,8;5,73;0,847
678;24.07.2023;17:38:39;00:11:17;579,5;516,8;48,7;45,2;24,0;622,4;45,9;0,1;9,75E-2;-541,2;20,00;4,9;4,8;38,25;-0,06;0,515;4,9;5,70;0,850
679;24.07.2023;17:38:40;00:11:18;581,1;516,8;48,7;45,2;24,0;623,9;46,0;0,1;9,75E-2;-541,2;20,00;5,1;4,9;38,27;-0,05;0,579;4,8;5,70;0,850
680;24.07.2023;17:38:41;00:11:19;582,9;518,1;48,9;45,3;24,0;625,5;46,2;0,1;9,75E-2;-541,2;20,00;5,2;5,1;38,29;-0,03;0,668;4,9;5,74;0,855
681;24.07.2023;17:38:42;00:11:20;583,8;518,1;48,9;45,3;24,0;626,3;46,3;0,1;9,74E-2;-541,2;20,00;5,3;5,2;38,29;-0,02;0,696;4,9;5,72;0,857
682;24.07.2023;17:38:43;00:11:21;585,5;518,1;49,2;45,3;24,0;627,8;46,5;0,1;9,74E-2;-541,2;20,00;5,4;5,3;38,32;-0,01;0,773;4,9;5,73;0,860
683;24.07.2023;17:38:44;00:11:22;587,4;518,1;49,2;45,6;24,0;629,3;46,7;0,1;9,74E-2;-541,2;20,00;5,5;5,4;38,34;0,02;0,869;5,0;5,74;0,868
684;24.07.2023;17:38:45;00:11:23;588,3;518,1;49,4;45,8;24,0;630,0;46,9;0,1;9,74E-2;-541,2;20,00;5,6;5,5;38,36;0,03;0,939;5,0;5,76;0,870
685;24.07.2023;17:38:46;00:11:24;590,3;516,9;49,4;45,8;24,0;631,5;47,2;0,1;9,74E-2;-541,1;20,00;5,7;5,6;38,39;0,07;1,106;5,0;5,75;0,874
686;24.07.2023;17:38:47;00:11:25;592,5;514,8;49,7;46,0;24,0;633,1;47,5;0,1;9,73E-2;-541,2;20,00;5,9;5,8;38,43;0,11;1,319;5,1;5,77;0,884
687;24.07.2023;17:38:48;00:11:26;593,7;514,8;49,7;46,0;24,1;633,9;47,8;0,1;9,73E-2;-541,2;20,00;5,9;5,8;38,45;0,13;1,420;5,1;5,79;0,888
688;24.07.2023;17:38:49;00:11:27;595,6;513,7;50,0;46,2;24,1;635,4;48,1;0,1;9,72E-2;-541,2;20,00;6,1;5,9;38,50;0,18;1,608;5,2;5,80;0,894
689;24.07.2023;17:38:50;00:11:28;597,6;513,7;50,3;46,2;24,1;636,9;48,3;0,1;9,72E-2;-541,2;20,00;6,2;6,1;38,55;0,22;1,812;5,3;5,83;0,905
690;24.07.2023;17:38:51;00:11:29;598,9;513,8;50,3;46,4;24,1;637,6;48,5;0,1;9,72E-2;-541,2;20,00;6,3;6,1;38,57;0,25;1,923;5,2;5,82;0,906
691;24.07.2023;17:38:52;00:11:30;601,1;513,8;50,3;46,4;24,2;639,1;48,7;0,1;9,71E-2;-541,2;20,00;6,4;6,2;38,63;0,30;2,146;5,3;5,81;0,913
692;24.07.2023;17:38:53;00:11:31;602,3;513,8;50,6;46,4;24,2;639,9;48,8;0,1;9,71E-2;-541,2;20,00;6,5;6,3;38,65;0,33;2,250;5,3;5,80;0,918
693;24.07.2023;17:38:54;00:11:32;604,2;514,8;50,6;46,6;24,2;641,5;49,0;0,1;9,70E-2;-541,2;20,00;6,6;6,5;38,72;0,40;2,454;5,4;5,82;0,923
694;24.07.2023;17:38:55;00:11:33;606,4;516,6;50,9;46,9;24,2;643,0;49,1;0,1;9,69E-2;-541,2;20,00;6,7;6,6;38,79;0,46;2,651;5,4;5,84;0,929
695;24.07.2023;17:38:56;00:11:34;607,1;516,6;50,9;46,9;24,3;643,8;49,2;0,1;9,69E-2;-541,2;20,00;6,8;6,7;38,81;0,50;2,741;5,4;5,83;0,933
696;24.07.2023;17:38:57;00:11:35;609,1;518,6;51,2;47,1;24,3;645,3;49,4;0,1;9,69E-2;-541,2;20,00;6,9;6,8;38,89;0,56;2,935;5,5;5,86;0,938
697;24.07.2023;17:38:58;00:11:36;611,2;518,6;51,2;47,1;24,3;646,8;49,5;0,1;9,68E-2;-541,2;20,00;7,1;6,9;38,96;0,64;3,122;5,5;5,85;0,946
698;24.07.2023;17:38:59;00:11:37;612,3;520,8;51,6;47,3;24,3;647,5;49,5;0,1;9,68E-2;-541,2;20,00;7,1;7,0;39,00;0,67;3,227;5,6;5,86;0,952
699;24.07.2023;17:39:00;00:11:38;614,4;520,7;51,5;47,3;24,3;649,1;49,7;0,1;9,67E-2;-541,2;20,00;7,3;7,1;39,09;0,76;3,438;5,6;5,86;0,957
700;24.07.2023;17:39:01;00:11:39;616,7;523,3;51,9;47,5;24,2;650,6;49,8;0,1;9,65E-2;-541,2;20,00;7,4;7,2;39,16;0,84;3,617;5,7;5,87;0,964
701;24.07.2023;17:39:02;00:11:40;617,8;523,3;51,9;47,5;24,2;651,4;49,9;0,1;9,65E-2;-541,2;20,00;7,5;7,3;39,21;0,88;3,719;5,7;5,88;0,967
702;24.07.2023;17:39:03;00:11:41;620,0;523,3;52,3;47,5;24,2;652,9;50,1;0,1;9,64E-2;-541,2;20,00;7,6;7,5;39,30;0,98;3,921;5,7;5,88;0,977
703;24.07.2023;17:39:04;00:11:42;622,1;526,0;52,3;47,8;24,2;654,4;50,1;0,1;9,63E-2;-541,2;20,00;7,7;7,5;39,40;1,07;4,124;5,8;5,91;0,982
704;24.07.2023;17:39:05;00:11:43;623,0;528,9;52,6;48,1;24,2;655,1;50,2;0,1;9,62E-2;-541,2;20,00;7,8;7,7;39,44;1,11;4,217;5,8;5,87;0,987
705;24.07.2023;17:39:06;00:11:44;625,8;528,9;52,6;48,1;24,2;656,8;50,2;0,1;9,61E-2;-541,1;20,00;7,9;7,8;39,55;1,22;4,405;5,8;5,88;0,992
706;24.07.2023;17:39:07;00:11:45;626,7;528,9;53,1;48,1;24,2;657,5;50,4;0,1;9,60E-2;-541,2;20,00;8,0;7,8;39,60;1,27;4,509;5,9;5,90;0,996
707;24.07.2023;17:39:08;00:11:46;628,7;531,9;53,1;48,4;24,3;659,0;50,4;0,1;9,58E-2;-541,2;20,00;8,1;8,0;39,70;1,38;4,674;5,9;5,87;1,003
708;24.07.2023;17:39:09;00:11:47;631,1;534,7;53,4;48,7;24,3;660,5;50,4;0,1;9,57E-2;-541,2;20,00;8,2;8,1;39,81;1,48;4,844;5,9;5,90;1,009
709;24.07.2023;17:39:10;00:11:48;632,1;534,7;53,4;48,7;24,3;661,3;50,5;0,1;9,57E-2;-541,2;20,00;8,3;8,1;39,86;1,54;4,909;6,0;5,90;1,011
710;24.07.2023;17:39:11;00:11:49;634,2;534,7;53,8;49,0;24,3;662,8;50,7;0,1;9,55E-2;-541,2;20,00;8,4;8,3;39,99;1,65;5,063;6,0;5,93;1,016
711;24.07.2023;17:39:12;00:11:50;637,1;537,4;53,8;49,0;24,3;664,4;50,7;0,1;9,52E-2;-541,2;20,00;8,6;8,5;40,11;1,78;5,366;6,1;5,86;1,030
712;24.07.2023;17:39:13;00:11:51;638,2;540,2;54,2;49,3;24,3;665,1;50,9;0,1;9,51E-2;-541,2;20,00;8,6;8,5;40,16;1,84;5,453;6,1;5,94;1,034
713;24.07.2023;17:39:14;00:11:52;640,5;540,2;54,2;49,3;24,3;666,6;50,9;0,1;9,50E-2;-541,2;20,00;8,8;8,6;40,28;1,95;5,589;6,1;5,91;1,040
714;24.07.2023;17:39:15;00:11:53;642,6;540,2;54,6;49,6;24,3;668,1;51,1;0,1;9,47E-2;-541,2;20,00;8,9;8,8;40,40;2,07;5,697;6,2;5,92;1,048
715;24.07.2023;17:39:16;00:11:54;643,5;543,1;54,6;49,6;24,3;668,9;51,0;0,1;9,46E-2;-541,2;20,00;9,0;8,8;40,46;2,13;5,751;6,2;5,95;1,051
716;24.07.2023;17:39:17;00:11:55;646,0;546,1;55,0;49,9;24,3;670,4;51,1;0,1;9,45E-2;-541,2;20,00;9,1;9,0;40,57;2,26;5,802;6,3;5,93;1,059
717;24.07.2023;17:39:18;00:11:56;647,1;546,1;55,0;49,9;24,3;671,3;51,1;0,1;9,44E-2;-541,2;20,00;9,2;9,1;40,64;2,33;5,815;6,3;5,91;1,060
718;24.07.2023;17:39:19;00:11:57;649,5;549,1;55,5;50,2;24,3;672,8;51,1;0,1;9,41E-2;-541,2;20,00;9,3;9,2;40,76;2,44;5,894;6,3;5,90;1,069
719;24.07.2023;17:39:20;00:11:58;651,7;549,1;55,5;50,2;24,4;674,3;51,3;0,1;9,40E-2;-541,2;20,00;9,4;9,3;40,90;2,57;5,979;6,4;5,93;1,074
720;24.07.2023;17:39:21;00:11:59;652,5;549,1;56,0;50,2;24,4;675,0;51,4;0,1;9,40E-2;-541,2;20,00;9,5;9,4;40,96;2,63;6,020;6,3;5,91;1,080
721;24.07.2023;17:39:22;00:12:00;655,0;552,4;56,0;50,6;24,5;676,5;51,4;0,1;9,38E-2;-541,2;20,00;9,6;9,5;41,09;2,76;6,121;6,5;5,94;1,084
722;24.07.2023;17:39:23;00:12:01;657,3;552,4;56,5;50,6;24,5;678,0;51,6;0,1;9,36E-2;-541,2;20,00;9,8;9,6;41,22;2,88;6,205;6,5;5,97;1,094
723;24.07.2023;17:39:24;00:12:02;658,7;555,7;56,5;50,9;24,5;678,9;51,5;0,1;9,35E-2;-541,2;20,00;9,8;9,7;41,28;2,96;6,225;6,5;5,96;1,096
724;24.07.2023;17:39:25;00:12:03;661,0;559,2;57,1;51,3;24,5;680,4;51,6;0,1;9,34E-2;-541,2;20,00;10,0;9,8;41,42;3,08;6,259;6,5;5,92;1,104
725;24.07.2023;17:39:26;00:12:04;663,7;559,2;57,1;51,3;24,5;681,9;51,7;0,1;9,31E-2;-541,2;20,00;10,1;10,0;41,54;3,21;6,292;6,5;5,92;1,109
726;24.07.2023;17:39:27;00:12:05;664,7;559,2;57,6;51,3;24,5;682,6;51,8;0,1;9,31E-2;-541,2;20,00;10,2;10,0;41,61;3,27;6,302;6,6;5,96;1,109
727;24.07.2023;17:39:28;00:12:06;667,2;562,7;57,6;51,6;24,6;684,1;51,7;0,1;9,29E-2;-541,2;20,00;10,3;10,2;41,73;3,40;6,316;6,7;5,95;1,115
728;24.07.2023;17:39:29;00:12:07;669,6;565,9;58,1;52,0;24,6;685,6;51,7;0,1;9,28E-2;-541,2;20,00;10,4;10,3;41,86;3,53;6,321;6,7;5,94;1,123
729;24.07.2023;17:39:30;00:12:08;670,8;565,9;58,1;52,0;24,6;686,5;51,8;0,1;9,28E-2;-541,2;20,00;10,5;10,3;41,94;3,60;6,326;6,7;5,95;1,124
730;24.07.2023;17:39:31;00:12:09;673,2;565,9;58,7;52,3;24,6;688,0;52,0;0,1;9,25E-2;-541,2;20,00;10,6;10,5;42,05;3,73;6,315;6,7;5,95;1,134
731;24.07.2023;17:39:32;00:12:10;673,9;569,1;58,7;52,3;24,7;688,8;51,9;0,1;9,25E-2;-541,2;20,00;10,7;10,5;42,12;3,79;6,300;6,8;5,97;1,137
732;24.07.2023;17:39:33;00:12:11;675,9;572,1;59,2;52,7;24,7;690,3;52,1;0,1;9,24E-2;-541,2;20,00;10,8;10,7;42,24;3,92;6,298;6,8;5,96;1,143
733;24.07.2023;17:39:34;00:12:12;677,9;572,1;59,2;52,7;24,7;691,8;52,1;0,1;9,23E-2;-541,2;20,00;11,0;10,8;42,37;4,04;6,310;6,8;5,95;1,148
734;24.07.2023;17:39:35;00:12:13;679,0;574,9;59,6;53,0;24,7;692,5;52,0;0,1;9,22E-2;-541,2;20,00;11,0;10,9;42,43;4,11;6,321;6,9;5,99;1,153
735;24.07.2023;17:39:36;00:12:14;681,3;574,9;60,1;53,0;24,7;694,1;52,2;0,1;9,20E-2;-541,2;20,00;11,2;11,0;42,57;4,25;6,353;6,8;5,92;1,154
736;24.07.2023;17:39:37;00:12:15;683,8;577,8;60,1;53,4;24,7;695,6;52,2;0,1;9,19E-2;-541,2;20,00;11,3;11,1;42,71;4,38;6,403;6,9;5,93;1,162
737;24.07.2023;17:39:38;00:12:16;684,8;577,8;60,1;53,4;24,7;696,4;52,3;0,1;9,18E-2;-541,2;20,00;11,4;11,2;42,77;4,45;6,406;6,9;5,97;1,162
738;24.07.2023;17:39:39;00:12:17;687,5;580,6;60,5;53,8;24,7;697,9;52,3;0,1;9,17E-2;-541,2;20,00;11,5;11,3;42,90;4,57;6,412;7,0;5,98;1,169
739;24.07.2023;17:39:40;00:12:18;690,2;580,6;60,5;53,7;24,6;699,4;52,6;0,1;9,17E-2;-541,2;20,00;11,6;11,4;43,03;4,69;6,404;7,0;5,97;1,172
740;24.07.2023;17:39:41;00:12:19;691,5;580,6;60,9;54,1;24,6;700,1;52,7;0,1;9,17E-2;-541,2;20,00;11,7;11,6;43,10;4,76;6,405;7,0;5,96;1,172
741;24.07.2023;17:39:42;00:12:20;695,0;583,7;60,9;54,1;24,7;701,8;52,7;0,1;9,15E-2;-541,2;20,00;11,8;11,7;43,22;4,89;6,349;7,0;5,98;1,177
742;24.07.2023;17:39:43;00:12:21;698,0;586,7;61,4;54,6;24,7;703,3;52,9;0,1;9,14E-2;-541,2;20,00;11,9;11,8;43,33;5,00;6,222;7,1;5,95;1,187
743;24.07.2023;17:39:44;00:12:22;699,1;586,7;61,4;54,6;24,7;704,0;52,7;0,1;9,13E-2;-541,2;20,00;12,0;11,9;43,39;5,06;6,134;7,1;5,97;1,190
744;24.07.2023;17:39:45;00:12:23;701,2;589,7;61,8;55,0;24,8;705,5;52,8;0,1;9,13E-2;-541,2;20,00;12,1;12,0;43,48;5,15;5,877;7,1;5,98;1,197
745;24.07.2023;17:39:46;00:12:24;702,3;589,7;61,8;55,0;24,8;706,3;52,8;0,1;9,13E-2;-541,2;20,00;12,2;12,1;43,53;5,20;5,720;7,2;5,97;1,197
746;24.07.2023;17:39:47;00:12:25;704,1;589,7;62,1;55,4;24,8;707,8;53,1;0,1;9,12E-2;-541,2;20,00;12,3;12,2;43,60;5,28;5,316;7,2;5,98;1,206
747;24.07.2023;17:39:48;00:12:26;705,9;592,6;62,1;55,4;24,8;709,4;53,1;0,1;9,12E-2;-541,2;20,00;12,5;12,4;43,68;5,36;4,863;7,3;5,96;1,212
748;24.07.2023;17:39:49;00:12:27;706,6;592,6;62,5;55,8;24,8;710,1;53,2;0,1;9,12E-2;-541,2;20,00;12,5;12,4;43,72;5,39;4,652;7,3;5,98;1,217
749;24.07.2023;17:39:50;00:12:28;708,4;595,4;62,5;55,8;24,8;711,6;53,2;0,1;9,11E-2;-541,2;20,00;12,7;12,5;43,78;5,46;4,242;7,4;5,99;1,221
750;24.07.2023;17:39:51;00:12:29;710,5;595,4;62,8;56,3;24,8;713,1;53,4;0,1;9,11E-2;-541,2;20,00;12,8;12,7;43,84;5,52;3,873;7,4;5,98;1,230
751;24.07.2023;17:39:52;00:12:30;711,5;598,2;62,8;56,3;24,9;713,9;53,3;0,1;9,11E-2;-541,2;20,00;12,9;12,7;43,86;5,54;3,693;7,4;5,98;1,232
752;24.07.2023;17:39:53;00:12:31;713,5;601,3;63,2;56,7;24,8;715,4;53,4;0,1;9,10E-2;-541,1;20,00;13,0;12,8;43,92;5,60;3,366;7,4;6,00;1,237
753;24.07.2023;17:39:54;00:12:32;715,8;601,3;63,5;56,7;24,8;717,0;53,5;0,1;9,10E-2;-541,2;20,00;13,1;13,0;43,97;5,65;3,059;7,4;6,00;1,240
754;24.07.2023;17:39:55;00:12:33;717,1;601,3;63,5;56,7;24,8;717,8;53,6;0,1;9,10E-2;-541,2;20,00;13,2;13,1;43,99;5,67;2,939;7,5;6,01;1,247
755;24.07.2023;17:39:56;00:12:34;719,7;604,5;63,5;57,1;24,8;719,3;53,6;0,1;9,10E-2;-541,2;20,00;13,3;13,2;44,04;5,71;2,712;7,5;5,98;1,250
756;24.07.2023;17:39:57;00:12:35;721,1;604,5;63,7;57,1;24,8;720,0;53,7;0,1;9,09E-2;-541,2;20,00;13,4;13,3;44,05;5,74;2,610;7,5;6,00;1,253
757;24.07.2023;17:39:58;00:12:36;723,9;607,8;63,7;57,6;24,9;721,5;53,6;0,1;9,09E-2;-541,2;20,00;13,5;13,4;44,10;5,77;2,416;7,5;6,01;1,256
758;24.07.2023;17:39:59;00:12:37;726,6;607,8;64,0;58,0;24,9;723,0;53,9;0,1;9,09E-2;-541,2;20,00;13,7;13,5;44,13;5,81;2,252;7,7;6,00;1,265
759;24.07.2023;17:40:00;00:12:38;727,9;611,3;64,0;58,0;24,9;723,8;53,7;0,1;9,09E-2;-541,2;20,00;13,7;13,6;44,15;5,83;2,166;7,6;6,01;1,265
760;24.07.2023;17:40:01;00:12:39;731,4;611,3;64,2;58,4;24,8;725,4;53,9;0,1;9,10E-2;-541,2;20,00;13,9;13,8;44,18;5,86;2,013;7,6;6,02;1,270
761;24.07.2023;17:40:02;00:12:40;734,9;615,1;64,2;58,4;24,9;726,9;53,8;0,1;9,10E-2;-541,2;20,00;14,0;13,9;44,21;5,89;1,883;7,7;6,02;1,275
762;24.07.2023;17:40:03;00:12:41;736,8;615,1;64,2;58,4;24,9;727,6;53,9;0,1;9,10E-2;-541,2;20,00;14,1;13,9;44,23;5,91;1,824;7,6;5,99;1,272
763;24.07.2023;17:40:04;00:12:42;740,3;619,0;64,4;58,8;24,9;729,1;53,8;0,1;9,10E-2;-541,2;20,00;14,2;14,0;44,26;5,93;1,716;7,6;6,02;1,275
764;24.07.2023;17:40:05;00:12:43;744,1;622,6;64,7;59,3;24,9;730,6;53,8;0,1;9,10E-2;-541,2;20,00;14,3;14,2;44,28;5,97;1,611;7,7;6,01;1,281
765;24.07.2023;17:40:06;00:12:44;745,6;622,6;64,7;59,3;24,9;731,4;53,8;0,1;9,10E-2;-541,2;20,00;14,4;14,2;44,30;5,98;1,567;7,7;6,05;1,281
766;24.07.2023;17:40:07;00:12:45;749,3;622,6;64,9;59,3;24,9;733,0;54,1;0,1;9,10E-2;-541,2;20,00;14,5;14,4;44,32;6,00;1,465;7,7;6,00;1,289
767;24.07.2023;17:40:08;00:12:46;752,2;626,1;64,9;59,8;25,0;734,5;54,0;0,1;9,11E-2;-541,2;20,00;14,7;14,6;44,35;6,03;1,376;7,8;6,00;1,289
768;24.07.2023;17:40:09;00:12:47;754,0;629,1;65,1;60,2;25,0;735,3;54,1;0,1;9,11E-2;-541,2;20,00;14,7;14,6;44,35;6,04;1,334;7,8;6,00;1,294
769;24.07.2023;17:40:10;00:12:48;756,9;629,1;65,1;60,2;25,0;736,8;54,1;0,1;9,12E-2;-541,2;20,00;14,9;14,7;44,38;6,06;1,258;7,8;6,01;1,294
770;24.07.2023;17:40:11;00:12:49;758,3;629,1;65,3;60,2;25,0;737,5;54,2;0,1;9,12E-2;-541,2;20,00;14,9;14,8;44,38;6,07;1,211;7,8;6,01;1,299
771;24.07.2023;17:40:12;00:12:50;761,2;632,1;65,3;60,7;25,0;739,0;54,2;0,1;9,12E-2;-541,2;20,00;15,0;14,9;44,41;6,09;1,135;7,8;6,01;1,304
772;24.07.2023;17:40:13;00:12:51;764,4;635,2;65,5;61,2;25,0;740,6;54,2;0,1;9,12E-2;-541,2;20,00;15,2;15,0;44,43;6,11;1,066;7,8;6,00;1,309
773;24.07.2023;17:40:14;00:12:52;765,7;635,2;65,5;61,2;25,0;741,4;54,3;0,1;9,12E-2;-541,2;20,00;15,3;15,2;44,43;6,12;1,035;7,8;5,99;1,306
774;24.07.2023;17:40:15;00:12:53;768,6;635,2;65,7;61,6;25,0;742,9;54,5;0,1;9,13E-2;-541,2;20,00;15,4;15,2;44,45;6,13;0,976;7,9;6,03;1,314
775;24.07.2023;17:40:16;00:12:54;771,5;638,4;65,7;61,6;25,0;744,4;54,4;0,1;9,13E-2;-541,2;20,00;15,5;15,3;44,47;6,14;0,929;7,9;6,04;1,319
776;24.07.2023;17:40:17;00:12:55;772,9;638,4;65,9;61,6;25,0;745,1;54,5;0,1;9,14E-2;-541,2;20,00;15,6;15,5;44,48;6,15;0,901;7,9;6,02;1,322
777;24.07.2023;17:40:18;00:12:56;776,1;641,7;65,9;62,1;25,1;746,6;54,5;0,1;9,15E-2;-541,2;20,00;15,7;15,6;44,49;6,17;0,853;7,9;6,00;1,324
778;24.07.2023;17:40:19;00:12:57;778,8;645,1;66,1;62,5;25,1;748,3;54,4;0,1;9,17E-2;-541,2;20,00;15,8;15,7;44,51;6,18;0,808;7,9;5,99;1,324
779;24.07.2023;17:40:20;00:12:58;780,2;645,1;66,1;62,5;25,1;749,0;54,5;0,1;9,17E-2;-541,2;20,00;15,9;15,9;44,51;6,19;0,789;8,0;6,00;1,328
780;24.07.2023;17:40:21;00:12:59;783,0;645,1;66,3;63,0;25,0;750,2;54,7;0,1;9,18E-2;-541,2;20,00;16,0;15,9;44,52;6,20;0,758;8,1;6,06;1,334
781;24.07.2023;17:40:22;00:13:00;785,9;648,9;66,3;63,0;25,1;750,7;54,5;0,1;9,18E-2;-541,2;20,00;16,2;16,0;44,54;6,22;0,721;8,1;6,04;1,339
782;24.07.2023;17:40:23;00:13:01;787,3;648,9;66,3;63,0;25,1;750,9;54,6;0,1;9,19E-2;-541,2;20,00;16,2;16,1;44,54;6,22;0,706;8,1;6,00;1,338
783;24.07.2023;17:40:24;00:13:02;790,0;652,9;66,5;63,5;25,1;751,4;54,4;0,1;9,20E-2;-541,2;20,00;16,3;16,3;44,55;6,24;0,679;8,0;6,01;1,337
784;24.07.2023;17:40:25;00:13:03;791,9;652,9;66,7;63,5;25,1;751,7;54,5;0,1;9,21E-2;-541,2;20,00;16,4;16,2;44,57;6,24;0,661;8,1;6,02;1,338
785;24.07.2023;17:40:26;00:13:04;794,6;657,0;66,7;64,0;25,2;752,2;54,2;0,1;9,22E-2;-541,2;20,00;16,5;16,4;44,57;6,26;0,638;8,0;5,98;1,335
786;24.07.2023;17:40:27;00:13:05;796,9;657,0;66,9;64,0;25,2;752,7;54,4;0,1;9,23E-2;-541,2;20,00;16,7;16,5;44,59;6,27;0,616;8,1;6,00;1,340
787;24.07.2023;17:40:28;00:13:06;798,3;661,2;66,9;64,4;25,2;753,0;54,1;0,1;9,24E-2;-541,2;20,00;16,7;16,5;44,59;6,27;0,611;8,1;6,01;1,342
788;24.07.2023;17:40:29;00:13:07;800,7;665,2;67,0;64,9;25,2;753,5;54,2;0,1;9,25E-2;-541,2;20,00;16,8;16,6;44,60;6,28;0,602;8,0;6,01;1,341
789;24.07.2023;17:40:30;00:13:08;803,3;665,2;67,0;64,9;25,3;754,0;53,9;0,1;9,26E-2;-541,2;20,00;17,0;16,8;44,61;6,29;0,585;8,0;5,97;1,336
790;24.07.2023;17:40:31;00:13:09;804,9;665,2;67,2;65,4;25,3;754,3;54,0;0,1;9,27E-2;-541,2;20,00;17,0;16,9;44,62;6,30;0,574;8,0;6,00;1,339
791;24.07.2023;17:40:32;00:13:10;807,0;669,1;67,2;65,4;25,3;754,8;53,8;0,1;9,28E-2;-541,2;20,00;17,1;17,0;44,63;6,31;0,571;8,0;5,95;1,339
792;24.07.2023;17:40:33;00:13:11;809,1;673,1;67,4;65,8;25,3;755,3;53,6;0,1;9,29E-2;-541,2;20,00;17,3;17,1;44,64;6,32;0,574;8,0;5,99;1,341
793;24.07.2023;17:40:34;00:13:12;810,5;673,1;67,4;65,8;25,3;755,5;53,6;0,1;9,29E-2;-541,2;20,00;17,3;17,2;44,65;6,33;0,566;8,0;6,00;1,338
794;24.07.2023;17:40:35;00:13:13;812,4;673,1;67,6;65,8;25,3;756,0;53,7;0,1;9,30E-2;-541,2;20,00;17,4;17,3;44,66;6,34;0,563;8,0;6,00;1,343
795;24.07.2023;17:40:36;00:13:14;813,7;677,2;67,6;66,3;25,3;756,3;53,5;0,1;9,31E-2;-541,2;20,00;17,5;17,4;44,67;6,34;0,563;8,1;5,99;1,346
796;24.07.2023;17:40:37;00:13:15;816,0;681,3;67,8;66,7;25,3;756,8;53,5;0,1;9,33E-2;-541,2;20,00;17,6;17,5;44,68;6,36;0,562;8,0;5,99;1,341
797;24.07.2023;17:40:38;00:13:16;817,9;681,3;67,8;66,7;25,4;757,3;53,3;0,1;9,34E-2;-541,2;20,00;17,8;17,7;44,69;6,37;0,556;8,0;5,95;1,338
798;24.07.2023;17:40:39;00:13:17;819,3;681,3;67,9;66,7;25,4;757,5;53,4;0,1;9,34E-2;-541,2;20,00;17,8;17,7;44,70;6,37;0,558;8,0;5,96;1,339
799;24.07.2023;17:40:40;00:13:18;821,0;685,3;67,9;67,2;25,4;758,0;53,1;0,1;9,35E-2;-541,2;20,00;17,9;17,8;44,70;6,39;0,566;8,0;5,96;1,338
800;24.07.2023;17:40:41;00:13:19;823,0;685,3;68,1;67,2;25,4;758,5;53,2;0,1;9,36E-2;-541,2;20,00;18,1;18,0;44,72;6,40;0,569;8,0;5,96;1,340
801;24.07.2023;17:40:42;00:13:20;824,1;689,5;68,1;67,7;25,4;758,8;53,3;0,1;9,36E-2;-541,2;20,00;18,1;18,0;44,72;6,40;0,564;8,0;5,96;1,339
802;24.07.2023;17:40:43;00:13:21;826,0;689,5;68,1;67,7;25,5;759,3;53,0;0,1;9,38E-2;-541,2;20,00;18,2;18,1;44,73;6,42;0,567;8,0;5,95;1,342
803;24.07.2023;17:40:44;00:13:22;827,8;693,5;68,3;68,2;25,5;759,8;52,8;0,1;9,39E-2;-541,2;20,00;18,4;18,2;44,75;6,43;0,562;7,9;5,93;1,338
804;24.07.2023;17:40:45;00:13:23;828,6;693,5;68,5;68,2;25,5;760,1;52,8;0,1;9,40E-2;-541,2;20,00;18,4;18,2;44,75;6,43;0,564;8,0;5,95;1,338
805;24.07.2023;17:40:46;00:13:24;830,4;697,3;68,5;68,6;25,5;760,6;52,6;0,1;9,40E-2;-541,2;20,00;18,5;18,4;44,77;6,45;0,571;8,0;5,94;1,343
806;24.07.2023;17:40:47;00:13:25;831,8;697,3;68,6;69,1;25,5;761,1;52,7;0,1;9,41E-2;-541,2;20,00;18,7;18,5;44,78;6,45;0,584;7,9;5,91;1,338
807;24.07.2023;17:40:48;00:13:26;832,8;701,1;68,6;69,1;25,5;761,3;52,4;0,1;9,41E-2;-541,2;20,00;18,7;18,6;44,78;6,46;0,578;8,0;5,94;1,338
808;24.07.2023;17:40:49;00:13:27;834,4;701,1;68,8;69,5;25,5;761,9;52,5;0,1;9,41E-2;-541,2;20,00;18,9;18,7;44,80;6,47;0,572;7,9;5,96;1,338
809;24.07.2023;17:40:50;00:13:28;835,2;704,5;68,8;69,5;25,5;762,1;52,5;0,1;9,41E-2;-541,2;20,00;18,9;18,8;44,80;6,49;0,580;8,0;5,94;1,338
810;24.07.2023;17:40:51;00:13:29;836,5;704,5;68,8;69,5;25,6;762,6;52,3;0,1;9,42E-2;-541,2;20,00;19,0;18,9;44,82;6,49;0,586;7,9;5,91;1,338
811;24.07.2023;17:40:52;00:13:30;837,9;707,8;68,9;69,9;25,6;763,1;52,1;0,1;9,43E-2;-541,2;20,00;19,2;19,0;44,82;6,50;0,591;8,0;5,90;1,338
812;24.07.2023;17:40:53;00:13:31;838,8;707,8;69,0;69,9;25,6;763,4;52,2;0,1;9,43E-2;-541,2;20,00;19,2;19,1;44,83;6,51;0,590;7,9;5,88;1,339
813;24.07.2023;17:40:54;00:13:32;840,0;711,1;69,0;70,3;25,6;763,9;52,0;0,1;9,44E-2;-541,2;20,00;19,3;19,2;44,84;6,52;0,601;7,9;5,89;1,334
814;24.07.2023;17:40:55;00:13:33;841,3;711,1;69,1;70,7;25,6;764,4;52,1;0,1;9,45E-2;-541,2;20,00;19,5;19,3;44,86;6,54;0,607;7,9;5,92;1,338
815;24.07.2023;17:40:56;00:13:34;842,1;714,2;69,1;70,7;25,7;764,7;51,9;0,1;9,45E-2;-541,2;20,00;19,5;19,4;44,87;6,54;0,608;7,9;5,94;1,338
816;24.07.2023;17:40:57;00:13:35;843,3;717,1;69,3;71,1;25,8;765,2;51,8;0,1;9,45E-2;-541,2;20,00;19,6;19,5;44,87;6,55;0,615;7,8;5,89;1,338
817;24.07.2023;17:40:58;00:13:36;844,3;717,1;69,3;71,1;25,8;765,7;51,8;0,1;9,45E-2;-541,2;20,00;19,8;19,6;44,88;6,56;0,589;7,9;5,91;1,337
818;24.07.2023;17:40:59;00:13:37;844,8;717,1;69,4;71,4;25,8;765,9;51,8;0,1;9,45E-2;-541,2;20,00;19,8;19,7;44,88;6,57;0,544;7,9;5,90;1,334
819;24.07.2023;17:41:00;00:13:38;846,2;720,0;69,4;71,4;25,8;766,4;51,7;0,1;9,46E-2;-541,2;20,00;19,9;19,9;44,91;6,59;0,587;7,9;5,93;1,338
820;24.07.2023;17:41:01;00:13:39;847,3;720,0;69,5;71,4;25,8;766,9;51,7;0,1;9,46E-2;-541,2;20,00;20,1;20,0;44,92;6,60;0,644;7,9;5,91;1,338
821;24.07.2023;17:41:02;00:13:40;848,0;722,9;69,5;71,8;25,8;767,2;51,6;0,1;9,46E-2;-541,2;20,00;20,1;20,0;44,93;6,61;0,669;7,9;5,90;1,341
822;24.07.2023;17:41:03;00:13:41;848,8;722,9;69,6;71,8;25,8;767,7;51,6;0,1;9,46E-2;-541,2;20,00;20,3;20,1;44,94;6,62;0,672;7,9;5,89;1,338
823;24.07.2023;17:41:04;00:13:42;849,4;725,7;69,6;72,1;25,8;768,0;51,4;0,1;9,46E-2;-541,2;20,00;20,3;20,2;44,95;6,63;0,658;7,9;5,90;1,339
824;24.07.2023;17:41:05;00:13:43;850,3;725,7;69,7;72,5;25,8;768,5;51,5;0,1;9,46E-2;-541,2;20,00;20,4;20,3;44,96;6,64;0,661;7,9;5,89;1,338
825;24.07.2023;17:41:06;00:13:44;851,2;728,4;69,7;72,5;25,8;769,0;51,3;0,1;9,46E-2;-541,2;20,00;20,6;20,4;44,97;6,66;0,662;7,8;5,87;1,343
826;24.07.2023;17:41:07;00:13:45;851,6;728,4;69,7;72,5;25,8;769,2;51,4;0,1;9,45E-2;-541,2;20,00;20,6;20,5;44,98;6,66;0,671;7,9;5,87;1,338
827;24.07.2023;17:41:08;00:13:46;852,6;730,9;69,7;72,8;25,8;769,8;51,2;0,1;9,45E-2;-541,2;20,00;20,7;20,6;45,00;6,67;0,674;7,9;5,88;1,336
828;24.07.2023;17:41:09;00:13:47;853,5;733,2;69,8;73,1;25,8;770,3;51,1;0,1;9,45E-2;-541,2;20,00;20,9;20,7;45,01;6,69;0,680;7,9;5,90;1,338
829;24.07.2023;17:41:10;00:13:48;853,8;733,2;69,8;73,1;25,8;770,5;51,1;0,1;9,45E-2;-541,2;20,00;20,9;20,8;45,02;6,70;0,686;7,8;5,86;1,338
830;24.07.2023;17:41:11;00:13:49;854,7;733,2;69,9;73,1;25,8;771,0;51,2;0,1;9,45E-2;-541,2;20,00;21,0;20,9;45,03;6,71;0,685;7,9;5,85;1,340
831;24.07.2023;17:41:12;00:13:50;855,5;735,4;69,9;73,4;25,8;771,5;51,1;0,1;9,45E-2;-541,2;20,00;21,2;21,0;45,05;6,72;0,693;7,8;5,83;1,339
832;24.07.2023;17:41:13;00:13:51;855,8;735,4;70,0;73,4;25,8;771,8;51,1;0,1;9,45E-2;-541,2;20,00;21,2;21,1;45,05;6,74;0,701;7,8;5,86;1,341
833;24.07.2023;17:41:14;00:13:52;856,8;737,5;70,0;73,7;25,9;772,3;51,0;0,1;9,44E-2;-541,2;20,00;21,4;21,2;45,07;6,75;0,709;7,9;5,85;1,339
834;24.07.2023;17:41:15;00:13:53;857,0;737,5;70,1;73,7;25,9;772,5;51,1;0,1;9,44E-2;-541,2;20,00;21,4;21,3;45,07;6,76;0,719;7,8;5,85;1,340
835;24.07.2023;17:41:16;00:13:54;857,8;739,4;70,1;74,0;25,9;773,0;51,0;0,1;9,43E-2;-541,2;20,00;21,5;21,4;45,09;6,77;0,723;7,9;5,82;1,342
836;24.07.2023;17:41:17;00:13:55;858,3;741,3;70,2;74,3;25,9;773,5;51,0;0,1;9,42E-2;-541,2;20,00;21,7;21,6;45,11;6,78;0,746;7,9;5,85;1,343
837;24.07.2023;17:41:18;00:13:56;858,4;741,3;70,2;74,3;25,9;773,8;50,9;0,1;9,42E-2;-541,2;20,00;21,7;21,5;45,13;6,80;0,766;7,9;5,85;1,343
838;24.07.2023;17:41:19;00:13:57;859,4;741,3;70,3;74,5;25,9;774,3;51,0;0,1;9,41E-2;-541,2;20,00;21,8;21,7;45,15;6,82;0,904;7,9;5,84;1,345
839;24.07.2023;17:41:20;00:13:58;859,9;742,9;70,3;74,5;25,9;774,8;50,9;0,1;9,41E-2;-541,2;20,00;22,0;21,9;45,17;6,84;0,957;7,9;5,88;1,345
840;24.07.2023;17:41:21;00:13:59;860,6;742,9;70,3;74,5;25,9;774,5;43,1;0,1;9,41E-2;-541,2;20,00;22,0;21,9;45,17;6,86;0,945;7,9;5,83;1,347
841;24.07.2023;17:41:22;00:14:00;855,3;744,3;70,4;74,8;25,8;771,5;40,5;0,1;9,40E-2;-541,2;20,00;22,0;22,0;45,19;6,86;0,809;0,0;0,01;0,054
842;24.07.2023;17:41:23;00:14:01;848,1;744,3;70,4;74,8;25,8;768,5;40,8;0,1;9,35E-2;-541,2;20,00;22,0;22,0;45,22;6,90;0,928;0,0;0,01;0,052
843;24.07.2023;17:41:24;00:14:02;843,1;745,5;70,4;75,0;25,8;766,9;41,0;0,1;9,34E-2;-541,2;20,00;22,0;22,0;45,23;6,91;1,003;0,0;0,01;0,053
844;24.07.2023;17:41:25;00:14:03;834,1;745,5;70,4;75,0;25,7;763,9;41,5;0,1;9,29E-2;-541,2;20,00;22,0;22,0;45,25;6,93;1,109;0,0;0,01;0,054
845;24.07.2023;17:41:26;00:14:04;822,5;746,2;70,4;75,3;25,6;760,7;42,2;0,1;9,24E-2;-541,2;20,00;22,0;22,0;45,28;6,95;1,139;0,0;0,01;0,054
846;24.07.2023;17:41:27;00:14:05;817,3;746,2;70,4;75,3;25,6;759,1;42,5;0,1;9,22E-2;-541,2;20,00;22,0;22,0;45,28;6,97;1,126;0,0;0,01;0,054
847;24.07.2023;17:41:28;00:14:06;805,9;746,2;70,1;75,5;25,6;756,1;43,2;0,1;9,16E-2;-541,2;20,00;22,0;22,0;45,30;6,98;1,079;0,0;0,01;0,051
848;24.07.2023;17:41:29;00:14:07;800,7;746,2;70,1;75,5;25,4;754,6;43,5;0,1;9,12E-2;-541,2;20,00;22,0;22,0;45,31;6,99;1,043;0,0;0,01;0,054
849;24.07.2023;17:41:30;00:14:08;788,9;744,8;69,6;75,7;25,2;751,6;44,2;0,1;9,08E-2;-541,2;20,00;22,0;22,0;45,33;7,01;0,978;0,0;0,01;0,052
850;24.07.2023;17:41:31;00:14:09;778,4;744,8;69,6;75,7;25,2;748,6;44,9;0,1;9,03E-2;-541,2;20,00;22,0;22,0;45,35;7,03;0,967;0,0;0,01;0,054
851;24.07.2023;17:41:32;00:14:10;772,2;741,8;69,0;75,8;25,1;747,1;45,3;0,1;9,00E-2;-541,2;20,00;22,0;22,0;45,35;7,03;0,943;0,0;0,01;0,053
852;24.07.2023;17:41:33;00:14:11;761,3;741,8;68,3;75,8;25,1;743,8;45,9;0,1;8,92E-2;-541,2;20,00;22,0;22,0;45,37;7,05;0,875;0,0;0,01;0,051
853;24.07.2023;17:41:34;00:14:12;750,5;737,3;68,3;75,8;25,0;740,8;46,6;0,1;8,85E-2;-541,2;20,00;22,0;22,0;45,38;7,06;0,805;0,0;0,01;0,052
854;24.07.2023;17:41:35;00:14:13;745,8;737,3;68,3;75,8;25,0;739,3;46,9;0,1;8,82E-2;-541,2;20,00;22,0;22,0;45,39;7,07;0,773;0,0;0,01;0,053
855;24.07.2023;17:41:36;00:14:14;735,4;731,6;67,6;75,7;25,0;736,2;47,6;0,1;8,75E-2;-541,2;20,00;22,0;22,0;45,40;7,08;0,701;0,0;0,01;0,053
856;24.07.2023;17:41:37;00:14:15;725,3;724,8;66,8;75,5;25,0;733,2;48,2;0,1;8,68E-2;-541,2;20,00;22,0;22,0;45,41;7,09;0,656;0,0;0,01;0,049
857;24.07.2023;17:41:38;00:14:16;720,9;724,8;66,8;75,5;25,0;731,7;48,5;0,1;8,64E-2;-541,2;20,00;22,0;22,0;45,41;7,09;0,635;0,0;0,01;0,054
858;24.07.2023;17:41:39;00:14:17;711,5;724,8;65,9;75,5;24,9;728,4;49,0;0,1;8,57E-2;-541,2;20,00;22,0;22,0;45,42;7,10;0,581;0,0;0,01;0,054
859;24.07.2023;17:41:40;00:14:18;702,1;717,3;65,9;75,2;24,9;725,4;49,6;0,1;8,49E-2;-541,2;20,00;22,0;22,0;45,43;7,11;0,548;0,0;0,01;0,054
860;24.07.2023;17:41:41;00:14:19;697,9;717,3;65,9;75,2;24,9;723,9;49,9;0,1;8,46E-2;-541,2;20,00;22,0;22,0;45,44;7,12;0,541;0,0;0,01;0,051
861;24.07.2023;17:41:42;00:14:20;689,0;708,6;65,0;74,8;24,9;720,9;50,4;0,1;8,39E-2;-541,2;20,00;22,0;22,0;45,45;7,13;0,525;0,0;0,01;0,054
862;24.07.2023;17:41:43;00:14:21;685,0;708,6;65,0;74,8;24,9;719,4;50,6;0,1;8,36E-2;-541,2;20,00;22,0;22,0;45,45;7,13;0,517;0,0;0,01;0,053
863;24.07.2023;17:41:44;00:14:22;676,5;699,4;64,0;74,3;24,9;716,4;51,2;0,1;8,29E-2;-541,2;20,00;22,0;22,0;45,46;7,14;0,498;0,0;0,01;0,054
864;24.07.2023;17:41:45;00:14:23;667,5;699,4;63,1;74,3;24,9;713,1;51,7;0,1;8,22E-2;-541,2;20,00;22,0;22,0;45,47;7,15;0,476;0,0;0,01;0,054
865;24.07.2023;17:41:46;00:14:24;663,5;689,8;63,1;73,7;24,9;711,6;52,0;0,1;8,19E-2;-541,2;20,00;22,0;22,0;45,47;7,15;0,466;0,0;0,01;0,053
866;24.07.2023;17:41:47;00:14:25;655,6;689,8;63,1;73,7;24,9;708,6;52,4;0,1;8,12E-2;-541,2;20,00;22,0;21,9;45,48;7,16;0,444;0,0;0,01;0,054
867;24.07.2023;17:41:48;00:14:26;648,4;679,9;62,1;73,0;24,9;705,5;52,9;0,1;8,06E-2;-541,2;20,00;22,0;22,0;45,49;7,17;0,438;0,0;0,01;0,054
868;24.07.2023;17:41:49;00:14:27;644,1;679,9;61,2;73,0;24,9;704,0;53,1;0,1;8,02E-2;-541,2;20,00;22,0;22,0;45,49;7,18;0,437;0,0;0,00;0,054
869;24.07.2023;17:41:50;00:14:28;636,7;670,4;61,2;72,3;24,9;701,0;53,6;0,1;7,96E-2;-541,2;20,00;22,0;22,0;45,50;7,18;0,415;0,0;0,01;0,054
870;24.07.2023;17:41:51;00:14:29;628,6;670,4;60,2;71,6;24,9;697,7;54,1;0,1;7,90E-2;-541,2;20,00;22,0;22,0;45,51;7,19;0,408;0,0;0,01;0,053
871;24.07.2023;17:41:52;00:14:30;625,2;660,8;60,2;71,6;24,9;696,2;54,3;0,1;7,86E-2;-541,2;20,00;22,0;22,0;45,51;7,20;0,400;0,0;0,01;0,053
872;24.07.2023;17:41:53;00:14:31;618,0;660,8;59,3;70,8;24,9;693,2;54,7;0,1;7,80E-2;-541,2;20,00;22,0;22,0;45,52;7,20;0,386;0,0;0,01;0,053
873;24.07.2023;17:41:54;00:14:32;614,7;660,8;59,3;70,8;24,9;691,7;54,9;0,1;7,78E-2;-541,2;20,00;22,0;21,9;45,52;7,21;0,381;0,0;0,01;0,051
874;24.07.2023;17:41:55;00:14:33;607,1;651,1;59,3;70,8;24,9;688,7;55,4;0,1;7,73E-2;-541,2;20,00;22,0;21,9;45,53;7,21;0,371;0,0;0,01;0,054
875;24.07.2023;17:41:56;00:14:34;600,7;641,4;58,5;70,0;24,9;685,7;55,8;0,1;7,68E-2;-541,2;20,00;22,0;21,9;45,54;7,22;0,367;0,0;0,01;0,051
876;24.07.2023;17:41:57;00:14:35;596,2;641,4;57,6;70,0;24,9;683,9;56,0;0,1;7,65E-2;-541,2;20,00;22,0;22,0;45,54;7,22;0,361;0,0;0,01;0,054
877;24.07.2023;17:41:58;00:14:36;590,0;631,6;57,6;69,1;24,9;680,9;56,4;0,1;7,60E-2;-541,2;20,00;22,0;22,0;45,55;7,23;0,353;0,0;0,01;0,054
878;24.07.2023;17:41:59;00:14:37;583,1;631,6;56,7;69,1;24,9;677,9;56,8;0,1;7,55E-2;-541,2;20,00;22,0;21,9;45,56;7,24;0,353;0,0;0,01;0,050
879;24.07.2023;17:42:00;00:14:38;579,8;621,8;56,7;68,2;24,9;676,3;57,0;0,1;7,54E-2;-541,2;20,00;22,0;22,0;45,56;7,24;0,348;0,0;0,01;0,051
880;24.07.2023;17:42:01;00:14:39;573,1;621,8;55,9;68,3;24,9;673,3;57,5;0,1;7,49E-2;-541,2;20,00;22,0;22,0;45,57;7,25;0,340;0,0;0,01;0,051
881;24.07.2023;17:42:02;00:14:40;567,1;611,4;55,9;67,3;24,9;670,3;57,8;0,1;7,45E-2;-541,2;20,00;22,0;22,0;45,57;7,25;0,334;0,0;0,01;0,054
882;24.07.2023;17:42:03;00:14:41;563,0;611,4;55,9;67,3;24,9;668,5;58,1;0,1;7,42E-2;-541,2;20,00;22,0;22,0;45,58;7,26;0,332;0,0;0,01;0,053
883;24.07.2023;17:42:04;00:14:42;557,0;600,9;55,0;66,3;24,9;665,5;58,4;0,1;7,39E-2;-541,2;20,00;22,0;22,0;45,58;7,26;0,319;0,0;0,01;0,054
884;24.07.2023;17:42:05;00:14:43;550,6;600,9;54,1;66,3;24,9;662,5;58,9;0,1;7,35E-2;-541,2;20,00;22,0;22,0;45,59;7,27;0,308;0,0;0,00;0,052
885;24.07.2023;17:42:06;00:14:44;547,4;590,6;54,1;65,3;24,9;661,0;59,0;0,1;7,33E-2;-541,2;20,00;22,0;22,0;45,59;7,27;0,305;0,0;0,01;0,054
886;24.07.2023;17:42:07;00:14:45;541,2;590,6;54,1;65,3;24,9;658,0;59,4;0,1;7,31E-2;-541,2;20,00;22,0;22,0;45,60;7,28;0,298;0,0;0,01;0,053
887;24.07.2023;17:42:08;00:14:46;538,5;580,0;53,3;64,2;24,9;656,5;59,6;0,1;7,29E-2;-541,2;20,00;22,0;22,0;45,60;7,28;0,295;0,0;0,01;0,053
888;24.07.2023;17:42:09;00:14:47;531,6;580,0;53,3;64,2;24,9;653,2;60,0;0,1;7,25E-2;-541,2;20,00;22,0;22,0;45,60;7,29;0,293;0,0;0,01;0,053
889;24.07.2023;17:42:10;00:14:48;525,4;570,2;52,6;63,2;24,9;650,2;60,4;0,1;7,21E-2;-541,2;20,00;22,0;22,0;45,61;7,29;0,288;0,0;0,01;0,052
890;24.07.2023;17:42:11;00:14:49;522,7;570,2;52,6;63,2;24,9;648,7;60,6;0,1;7,19E-2;-541,2;20,00;22,0;22,0;45,61;7,29;0,280;0,0;0,01;0,053
891;24.07.2023;17:42:12;00:14:50;517,0;560,4;51,8;62,3;24,9;645,6;60,9;0,1;7,15E-2;-541,2;20,00;22,0;22,0;45,62;7,30;0,278;0,0;0,01;0,053
892;24.07.2023;17:42:13;00:14:51;511,0;560,4;51,1;62,3;24,9;642,6;61,3;0,1;7,12E-2;-541,2;20,00;22,0;22,0;45,62;7,30;0,270;0,0;0,01;0,051
893;24.07.2023;17:42:14;00:14:52;508,2;560,4;51,1;61,3;24,9;641,1;61,5;0,1;7,10E-2;-541,2;20,00;22,0;22,0;45,62;7,31;0,263;0,0;0,01;0,054
894;24.07.2023;17:42:15;00:14:53;501,7;550,8;51,1;61,3;24,9;637,8;61,9;0,1;7,06E-2;-541,2;20,00;22,0;22,0;45,63;7,31;0,252;0,0;0,01;0,053
895;24.07.2023;17:42:16;00:14:54;495,9;541,5;50,5;60,3;24,9;634,8;62,3;0,1;7,03E-2;-541,2;20,00;22,0;21,9;45,64;7,32;0,254;0,0;0,01;0,054
896;24.07.2023;17:42:17;00:14:55;493,1;541,5;49,8;60,3;24,9;633,3;62,4;0,1;7,01E-2;-541,2;20,00;22,0;22,0;45,64;7,32;0,256;0,0;0,00;0,053
897;24.07.2023;17:42:18;00:14:56;487,6;532,4;49,8;59,4;24,9;630,3;62,8;0,1;6,98E-2;-541,2;20,00;22,0;22,0;45,64;7,32;0,255;0,0;0,01;0,054
898;24.07.2023;17:42:19;00:14:57;482,1;532,4;49,2;59,4;24,9;627,3;63,1;0,1;6,95E-2;-541,2;20,00;22,0;22,0;45,65;7,33;0,249;0,0;0,01;0,054
899;24.07.2023;17:42:20;00:14:58;479,2;523,4;49,2;58,5;24,9;625,8;63,3;0,1;6,93E-2;-541,2;20,00;22,0;22,0;45,65;7,33;0,249;0,0;0,01;0,054
900;24.07.2023;17:42:21;00:14:59;473,3;523,4;49,2;58,5;24,9;622,5;63,7;0,1;6,90E-2;-541,2;20,00;22,0;22,1;45,65;7,33;0,247;0,0;0,01;0,053
901;24.07.2023;17:42:22;00:15:00;470,5;523,4;48,6;57,5;24,9;621,0;63,9;0,1;6,88E-2;-541,2;20,00;22,0;22,0;45,66;7,34;0,239;0,0;0,01;0,053
902;24.07.2023;17:42:23;00:15:01;465,1;513,8;48,6;57,5;24,9;618,0;64,2;0,1;6,86E-2;-541,2;20,00;22,0;22,0;45,66;7,34;0,230;0,0;0,01;0,049
903;24.07.2023;17:42:24;00:15:02;459,6;513,8;47,9;56,5;24,9;614,9;64,6;0,1;6,82E-2;-541,2;20,00;22,0;22,0;45,66;7,35;0,232;0,0;0,01;0,053
904;24.07.2023;17:42:25;00:15:03;457,2;504,4;47,9;56,5;24,8;613,4;64,8;0,1;6,81E-2;-541,2;20,00;22,0;22,0;45,67;7,35;0,228;0,0;0,01;0,054
905;24.07.2023;17:42:26;00:15:04;451,8;495,1;47,3;55,6;24,8;610,4;65,1;0,1;6,77E-2;-541,2;20,00;22,0;22,0;45,67;7,35;0,214;0,0;0,00;0,052
906;24.07.2023;17:42:27;00:15:05;446,4;495,1;46,7;55,6;24,8;607,1;65,5;0,1;6,75E-2;-541,2;20,00;22,0;22,0;45,68;7,36;0,212;0,0;0,01;0,054
907;24.07.2023;17:42:28;00:15:06;443,1;485,9;46,7;54,7;24,8;605,6;65,6;0,1;6,73E-2;-541,2;20,00;22,0;22,0;45,68;7,36;0,216;0,0;0,01;0,054
908;24.07.2023;17:42:29;00:15:07;438,2;485,9;46,2;54,7;24,8;602,6;66,0;0,1;6,71E-2;-541,2;20,00;22,0;22,0;45,68;7,36;0,213;0,0;0,01;0,054
909;24.07.2023;17:42:30;00:15:08;432,9;477,4;46,2;53,9;24,8;599,6;66,3;0,1;6,68E-2;-541,2;20,00;22,0;22,0;45,69;7,37;0,216;0,0;0,01;0,054
910;24.07.2023;17:42:31;00:15:09;430,6;477,4;46,2;53,9;24,8;598,1;66,5;0,1;6,66E-2;-541,2;20,00;22,0;22,0;45,69;7,37;0,217;0,0;0,01;0,053
911;24.07.2023;17:42:32;00:15:10;425,1;469,1;45,7;53,0;24,8;595,1;66,8;0,1;6,64E-2;-541,2;20,00;22,0;22,0;45,69;7,37;0,217;0,0;0,01;0,052
912;24.07.2023;17:42:33;00:15:11;423,1;469,1;45,7;53,0;24,8;593,6;67,0;0,1;6,62E-2;-541,2;20,00;22,0;22,0;45,69;7,38;0,212;0,0;0,01;0,051
913;24.07.2023;17:42:34;00:15:12;417,5;460,9;45,2;52,2;24,8;590,3;67,4;0,1;6,60E-2;-541,2;20,00;22,0;22,0;45,70;7,38;0,204;0,0;0,01;0,054
914;24.07.2023;17:42:35;00:15:13;412,8;460,9;45,2;52,2;24,8;587,3;67,7;0,1;6,57E-2;-541,2;20,00;22,0;22,0;45,70;7,38;0,203;0,0;0,01;0,051
915;24.07.2023;17:42:36;00:15:14;410,0;452,8;44,7;51,5;24,8;585,8;67,9;0,1;6,57E-2;-541,2;20,00;22,0;22,0;45,71;7,39;0,204;0,0;0,01;0,054
916;24.07.2023;17:42:37;00:15:15;405,2;452,8;44,3;50,7;24,8;582,7;68,1;0,1;6,53E-2;-541,2;20,00;22,0;22,0;45,71;7,39;0,196;0,0;0,01;0,053
917;24.07.2023;17:42:38;00:15:16;400,3;444,8;44,3;50,7;24,8;579,7;68,5;0,1;6,51E-2;-541,2;20,00;22,0;22,0;45,71;7,39;0,193;0,0;0,01;0,049
918;24.07.2023;17:42:39;00:15:17;397,8;444,8;44,3;50,7;24,8;578,2;68,6;0,1;6,50E-2;-541,2;20,00;22,0;22,0;45,72;7,40;0,190;0,0;0,01;0,050
919;24.07.2023;17:42:40;00:15:18;392,8;436,9;43,8;50,0;24,8;574,9;69,0;0,1;6,47E-2;-541,2;20,00;22,0;22,0;45,72;7,40;0,193;0,0;0,01;0,054
920;24.07.2023;17:42:41;00:15:19;387,4;436,8;43,7;49,9;24,7;571,9;69,3;0,1;6,45E-2;-541,2;20,00;22,0;22,0;45,72;7,40;0,190;0,0;0,01;0,054
921;24.07.2023;17:42:42;00:15:20;385,3;428,4;43,3;49,1;24,7;570,4;69,5;0,1;6,44E-2;-541,2;20,00;22,0;22,0;45,72;7,40;0,192;0,0;0,00;0,054
922;24.07.2023;17:42:43;00:15:21;380,5;428,4;43,3;49,1;24,7;567,4;69,8;0,1;6,42E-2;-541,2;20,00;22,0;22,0;45,73;7,41;0,191;0,0;0,01;0,053
923;24.07.2023;17:42:44;00:15:22;375,8;420,2;42,8;48,4;24,7;564,4;70,1;0,1;6,39E-2;-541,2;20,00;22,0;22,0;45,73;7,41;0,189;0,0;0,01;0,054
924;24.07.2023;17:42:45;00:15:23;373,6;420,2;42,8;48,4;24,7;562,9;70,3;0,1;6,38E-2;-541,2;20,00;22,0;21,9;45,73;7,41;0,184;0,0;0,01;0,053
925;24.07.2023;17:42:46;00:15:24;368,8;412,1;42,4;47,6;24,7;559,6;70,6;0,1;6,37E-2;-541,2;20,00;22,0;22,0;45,74;7,42;0,179;0,0;0,01;0,053
926;24.07.2023;17:42:47;00:15:25;366,1;412,1;42,4;47,6;24,7;558,1;70,7;0,1;6,35E-2;-541,2;20,00;22,0;22,0;45,74;7,42;0,181;0,0;0,01;0,054
927;24.07.2023;17:42:48;00:15:26;362,0;404,1;41,9;46,9;24,7;555,0;71,1;0,1;6,33E-2;-541,2;20,00;22,0;21,9;45,74;7,42;0,174;0,0;0,01;0,053
928;24.07.2023;17:42:49;00:15:27;357,1;404,1;41,5;46,9;24,7;552,0;71,4;0,1;6,31E-2;-541,2;20,00;22,0;22,0;45,75;7,43;0,179;0,0;0,01;0,053
929;24.07.2023;17:42:50;00:15:28;355,1;404,1;41,5;46,3;24,7;550,5;71,5;0,1;6,30E-2;-541,2;20,00;22,0;21,9;45,75;7,43;0,173;0,0;0,01;0,053
930;24.07.2023;17:42:51;00:15:29;350,3;396,7;41,5;46,3;24,7;547,5;71,8;0,1;6,28E-2;-541,2;20,00;22,0;21,9;45,75;7,43;0,173;0,0;0,01;0,054
931;24.07.2023;17:42:52;00:15:30;345,6;389,4;41,2;45,6;24,6;544,2;72,1;0,1;6,27E-2;-541,2;20,00;22,0;22,1;45,75;7,43;0,175;0,0;0,01;0,054
932;24.07.2023;17:42:53;00:15:31;343,4;389,4;41,2;45,6;24,6;542,7;72,3;0,1;6,25E-2;-541,2;20,00;22,0;22,0;45,76;7,44;0,175;0,0;0,01;0,053
933;24.07.2023;17:42:54;00:15:32;339,3;381,9;40,8;45,0;24,6;539,7;72,6;0,1;6,24E-2;-541,2;20,00;22,0;22,0;45,76;7,44;0,177;0,0;0,00;0,053
934;24.07.2023;17:42:55;00:15:33;334,5;381,9;40,4;45,0;24,6;536,7;72,9;0,1;6,22E-2;-541,2;20,00;22,0;22,0;45,76;7,45;0,174;0,0;0,01;0,054
935;24.07.2023;17:42:56;00:15:34;332,5;374,6;40,4;44,4;24,6;535,2;73,1;0,1;6,21E-2;-541,2;20,00;22,0;22,0;45,76;7,45;0,172;0,0;0,01;0,053
936;24.07.2023;17:42:57;00:15:35;328,3;374,6;40,0;44,4;24,6;532,1;73,4;0,1;6,19E-2;-541,2;20,00;22,0;22,0;45,77;7,45;0,168;0,0;0,01;0,054
937;24.07.2023;17:42:58;00:15:36;323,6;367,4;40,0;43,8;24,6;528,9;73,7;0,1;6,17E-2;-541,2;20,00;22,0;22,0;45,77;7,45;0,164;0,0;0,00;0,053
938;24.07.2023;17:42:59;00:15:37;321,4;367,4;40,0;43,8;24,6;527,4;73,8;0,1;6,16E-2;-541,2;20,00;22,0;22,0;45,77;7,45;0,161;0,0;0,01;0,054
939;24.07.2023;17:43:00;00:15:38;317,3;360,3;39,6;43,2;24,6;524,3;74,1;0,1;6,14E-2;-541,2;20,00;22,0;22,0;45,78;7,46;0,158;0,0;0,01;0,051
940;24.07.2023;17:43:01;00:15:39;315,2;360,3;39,6;43,2;24,6;522,8;74,2;0,1;6,14E-2;-541,2;20,00;22,0;22,0;45,78;7,46;0,158;0,0;0,01;0,053
941;24.07.2023;17:43:02;00:15:40;311,1;353,0;39,3;42,6;24,6;519,8;74,5;0,1;6,12E-2;-541,2;20,00;22,0;22,0;45,78;7,46;0,162;0,0;0,00;0,052
942;24.07.2023;17:43:03;00:15:41;307,1;353,0;39,3;42,6;24,6;516,8;74,8;0,1;6,10E-2;-541,2;20,00;22,0;22,0;45,78;7,46;0,158;0,0;0,01;0,054
943;24.07.2023;17:43:04;00:15:42;304,9;353,0;38,9;42,6;24,6;515,0;75,0;0,1;6,09E-2;-541,2;20,00;22,0;22,0;45,78;7,47;0,156;0,0;0,01;0,054
944;24.07.2023;17:43:05;00:15:43;300,8;345,9;38,9;42,0;24,6;512,0;75,2;0,1;6,08E-2;-541,2;20,00;22,0;22,0;45,79;7,47;0,150;0,0;0,01;0,053
945;24.07.2023;17:43:06;00:15:44;296,3;338,8;38,6;41,5;24,5;509,0;75,5;0,1;6,06E-2;-541,2;20,00;22,0;22,0;45,79;7,47;0,151;0,0;0,01;0,051
946;24.07.2023;17:43:07;00:15:45;294,0;338,8;38,6;41,5;24,5;507,5;75,7;0,1;6,05E-2;-541,2;20,00;22,0;22,0;45,79;7,47;0,150;0,0;0,01;0,051
947;24.07.2023;17:43:08;00:15:46;290,4;338,8;38,2;40,9;24,5;504,5;76,0;0,1;6,04E-2;-541,2;20,00;22,0;22,0;45,79;7,48;0,151;0,0;0,01;0,054
948;24.07.2023;17:43:09;00:15:47;286,4;331,8;38,2;40,9;24,5;501,4;76,3;0,1;6,02E-2;-541,2;20,00;22,0;22,0;45,80;7,48;0,145;0,0;0,01;0,053
949;24.07.2023;17:43:10;00:15:48;284,1;325,5;37,9;40,5;24,5;499,7;76,4;0,1;6,01E-2;-541,2;20,00;22,0;22,0;45,80;7,48;0,144;0,0;0,01;0,053
950;24.07.2023;17:43:11;00:15:49;280,2;325,5;37,9;40,5;24,5;496,7;76,7;0,1;5,99E-2;-541,2;20,00;22,0;22,0;45,80;7,48;0,142;0,0;0,01;0,051
951;24.07.2023;17:43:12;00:15:50;278,2;319,2;37,6;40,0;24,5;495,2;76,8;0,1;5,99E-2;-541,2;20,00;22,0;22,0;45,80;7,49;0,142;0,0;0,00;0,054
952;24.07.2023;17:43:13;00:15:51;274,0;319,2;37,3;40,0;24,5;492,1;77,1;0,1;5,98E-2;-541,2;20,00;22,0;22,1;45,81;7,49;0,136;0,0;0,01;0,052
953;24.07.2023;17:43:14;00:15:52;269,9;313,1;37,3;39,5;24,5;489,1;77,4;0,1;5,96E-2;-541,2;20,00;22,0;22,0;45,81;7,49;0,137;0,0;0,01;0,054
954;24.07.2023;17:43:15;00:15:53;267,9;313,1;37,3;39,5;24,5;487,6;77,5;0,1;5,95E-2;-541,2;20,00;22,0;22,0;45,81;7,49;0,140;0,0;0,01;0,054
955;24.07.2023;17:43:16;00:15:54;263,4;307,0;37,0;39,1;24,5;484,3;77,8;0,1;5,94E-2;-541,2;20,00;22,0;22,0;45,81;7,49;0,141;0,0;0,00;0,054
956;24.07.2023;17:43:17;00:15:55;260,3;307,0;36,7;38,6;24,5;481,3;78,0;0,1;5,92E-2;-541,2;20,00;22,0;22,0;45,82;7,50;0,140;0,0;0,01;0,049
957;24.07.2023;17:43:18;00:15:56;258,2;307,0;36,7;38,6;24,5;479,8;78,2;0,1;5,91E-2;-541,2;20,00;22,0;22,0;45,82;7,50;0,137;0,0;0,01;0,050
958;24.07.2023;17:43:19;00:15:57;254,7;301,0;36,7;38,6;24,5;476,8;78,5;0,1;5,90E-2;-541,2;20,00;22,0;22,0;45,82;7,50;0,135;0,0;0,01;0,053
959;24.07.2023;17:43:20;00:15:58;250,6;295,1;36,4;38,2;24,5;473,8;78,7;0,1;5,89E-2;-541,2;20,00;22,0;22,1;45,82;7,50;0,139;0,0;0,01;0,054
960;24.07.2023;17:43:21;00:15:59;250,0;295,1;36,4;38,2;24,5;472,3;78,8;0,1;5,88E-2;-541,2;20,00;22,0;22,0;45,82;7,51;0,137;0,0;0,01;0,053
961;24.07.2023;17:43:22;00:16:00;250,0;288,8;36,1;37,7;24,4;469,0;78,7;0,1;5,86E-2;-541,2;20,00;22,0;22,0;45,83;7,51;0,137;0,0;0,00;0,053
962;24.07.2023;17:43:23;00:16:01;250,0;288,8;35,8;37,7;24,4;466,0;78,7;0,1;5,85E-2;-541,2;20,00;22,0;22,0;45,83;7,51;0,135;0,0;0,01;0,054
963;24.07.2023;17:43:24;00:16:02;250,0;288,8;35,8;37,3;24,4;464,4;78,6;0,1;5,84E-2;-541,2;20,00;22,0;22,0;45,83;7,51;0,136;0,0;0,01;0,054
964;24.07.2023;17:43:25;00:16:03;250,0;282,6;35,8;37,3;24,4;461,4;78,6;0,1;5,83E-2;-541,2;20,00;22,0;21,9;45,83;7,51;0,128;0,0;0,00;0,050
965;24.07.2023;17:43:26;00:16:04;250,0;282,6;35,5;37,3;24,4;459,9;78,5;0,1;5,82E-2;-541,2;20,00;22,0;21,9;45,83;7,51;0,123;0,0;0,01;0,053
966;24.07.2023;17:43:27;00:16:05;250,0;276,5;35,5;36,9;24,4;456,9;78,4;0,1;5,81E-2;-541,2;20,00;22,0;22,0;45,84;7,52;0,129;0,0;0,01;0,054
967;24.07.2023;17:43:28;00:16:06;250,0;270,5;35,2;36,4;24,4;453,6;78,3;0,1;5,80E-2;-541,2;20,00;22,0;22,0;45,84;7,52;0,130;0,0;0,00;0,051
968;24.07.2023;17:43:29;00:16:07;250,0;270,5;35,2;36,4;24,4;452,1;78,3;0,1;5,79E-2;-541,2;20,00;22,0;22,0;45,84;7,52;0,127;0,0;0,01;0,051
969;24.07.2023;17:43:30;00:16:08;250,0;265,0;34,9;36,1;24,4;449,1;78,2;0,1;5,78E-2;-541,2;20,00;22,0;22,0;45,84;7,52;0,127;0,0;0,00;0,053
970;24.07.2023;17:43:31;00:16:09;250,0;265,0;34,9;36,1;24,4;446,1;78,1;0,1;5,77E-2;-541,2;20,00;22,0;22,0;45,85;7,53;0,121;0,0;0,01;0,054
971;24.07.2023;17:43:32;00:16:10;250,0;259,5;34,6;35,7;24,4;444,6;78,1;0,1;5,77E-2;-541,2;20,00;22,0;22,0;45,85;7,53;0,120;0,0;0,00;0,054
972;24.07.2023;17:43:33;00:16:11;250,0;259,5;34,4;35,7;24,3;441,5;78,0;0,1;5,76E-2;-541,2;20,00;22,0;22,0;45,85;7,53;0,125;0,0;0,01;0,054
973;24.07.2023;17:43:34;00:16:12;250,0;254,2;34,4;35,3;24,3;438,3;77,9;0,1;5,75E-2;-541,2;20,00;22,0;21,9;45,85;7,53;0,123;0,0;0,01;0,053
974;24.07.2023;17:43:35;00:16:13;250,0;254,2;34,4;35,3;24,3;436,8;77,8;0,1;5,74E-2;-541,2;20,00;22,0;22,0;45,85;7,54;0,124;0,0;0,01;0,053
975;24.07.2023;17:43:36;00:16:14;250,0;248,9;34,1;35,0;24,3;433,7;77,7;0,1;5,74E-2;-541,2;20,00;22,0;22,0;45,86;7,54;0,120;0,0;0,01;0,053
976;24.07.2023;17:43:37;00:16:15;250,0;248,9;34,1;35,0;24,3;432,2;77,7;0,1;5,73E-2;-541,2;20,00;22,0;21,9;45,86;7,54;0,117;0,0;0,01;0,052
977;24.07.2023;17:43:38;00:16:16;250,0;243,6;33,9;34,6;24,3;429,2;77,5;0,1;5,72E-2;-541,2;20,00;22,0;22,0;45,86;7,54;0,118;0,0;0,00;0,054
978;24.07.2023;17:43:39;00:16:17;250,0;243,6;33,9;34,6;24,3;426,2;77,4;0,1;5,70E-2;-541,2;20,00;22,0;22,0;45,86;7,54;0,116;0,0;0,01;0,054
979;24.07.2023;17:43:40;00:16:18;250,0;238,3;33,6;34,3;24,3;424,4;77,4;0,1;5,70E-2;-541,2;20,00;22,0;22,0;45,86;7,54;0,114;0,0;0,00;0,054
980;24.07.2023;17:43:41;00:16:19;250,0;238,3;33,5;34,2;24,3;421,4;77,3;0,1;5,69E-2;-541,2;20,00;22,0;22,0;45,86;7,55;0,113;0,0;0,01;0,053
981;24.07.2023;17:43:42;00:16:20;250,0;232,7;33,3;33,9;24,2;418,4;77,1;0,1;5,68E-2;-541,2;20,00;22,0;22,0;45,87;7,55;0,115;0,0;0,01;0,054
982;24.07.2023;17:43:43;00:16:21;250,0;232,7;33,3;33,9;24,2;416,9;77,1;0,1;5,67E-2;-541,2;20,00;22,0;21,9;45,87;7,55;0,113;0,0;0,01;0,054
983;24.07.2023;17:43:44;00:16:22;250,0;232,7;33,3;33,9;24,2;413,9;77,0;0,1;5,66E-2;-541,2;20,00;22,0;22,0;45,87;7,55;0,114;0,0;0,01;0,054
984;24.07.2023;17:43:45;00:16:23;250,0;227,1;33,0;33,5;24,2;410,8;76,8;0,1;5,65E-2;-541,2;20,00;22,0;22,0;45,87;7,56;0,115;0,0;0,01;0,053
985;24.07.2023;17:43:46;00:16:24;250,0;221,7;32,7;33,2;24,2;409,1;76,8;0,1;5,64E-2;-541,2;20,00;22,0;22,0;45,87;7,56;0,117;0,0;0,00;0,051
986;24.07.2023;17:43:47;00:16:25;250,1;221,7;32,7;33,2;24,2;406,1;76,6;0,1;5,63E-2;-541,2;20,00;22,0;22,0;45,88;7,56;0,110;0,0;0,00;0,054
987;24.07.2023;17:43:48;00:16:26;250,0;216,5;32,5;32,8;24,2;403,0;76,5;0,1;5,62E-2;-541,2;20,00;22,0;22,0;45,88;7,56;0,114;0,0;0,01;0,052
988;24.07.2023;17:43:49;00:16:27;250,0;216,5;32,5;32,8;24,2;401,5;76,4;0,1;5,61E-2;-541,2;20,00;22,0;22,0;45,88;7,56;0,115;0,0;0,00;0,053
989;24.07.2023;17:43:50;00:16:28;250,0;211,7;32,2;32,6;24,2;398,5;76,3;0,1;5,60E-2;-541,2;20,00;22,0;22,1;45,88;7,56;0,121;0,0;0,01;0,054
990;24.07.2023;17:43:51;00:16:29;250,0;211,7;32,2;32,6;24,2;397,0;76,2;0,1;5,60E-2;-541,2;20,00;22,0;22,1;45,88;7,56;0,119;0,0;0,01;0,053
991;24.07.2023;17:43:52;00:16:30;250,0;211,7;32,0;32,3;24,2;393,7;76,1;0,1;5,59E-2;-541,2;20,00;22,0;22,1;45,89;7,57;0,113;0,0;0,00;0,053
992;24.07.2023;17:43:53;00:16:31;250,0;207,0;32,0;32,3;24,1;390,7;75,9;0,1;5,58E-2;-541,2;20,00;22,0;22,0;45,89;7,57;0,108;0,0;0,01;0,053
993;24.07.2023;17:43:54;00:16:32;250,0;207,0;31,8;32,0;24,1;389,2;75,9;0,1;5,57E-2;-541,2;20,00;22,0;22,1;45,89;7,57;0,108;0,0;0,00;0,053
994;24.07.2023;17:43:55;00:16:33;250,0;202,4;31,8;32,0;24,1;386,2;75,7;0,1;5,56E-2;-541,2;20,00;22,0;22,0;45,89;7,57;0,100;0,0;0,00;0,054
995;24.07.2023;17:43:56;00:16:34;250,0;197,8;31,6;31,7;24,1;383,2;75,6;0,1;5,55E-2;-541,2;20,00;22,0;22,1;45,89;7,57;0,098;0,0;0,01;0,054
996;24.07.2023;17:43:57;00:16:35;250,0;197,8;31,6;31,7;24,1;381,6;75,5;0,1;5,54E-2;-541,2;20,00;22,0;22,1;45,89;7,57;0,101;0,0;0,00;0,054
997;24.07.2023;17:43:58;00:16:36;250,0;193,4;31,3;31,4;24,1;378,4;75,3;0,1;5,54E-2;-541,2;20,00;22,0;22,0;45,90;7,58;0,096;0,0;0,00;0,054
998;24.07.2023;17:43:59;00:16:37;250,0;193,4;31,1;31,4;24,1;375,4;75,2;0,1;5,52E-2;-541,2;20,00;22,0;21,9;45,90;7,58;0,094;0,0;0,01;0,053
999;24.07.2023;17:44:00;00:16:38;250,0;189,1;31,1;31,1;24,1;373,8;75,1;0,1;5,52E-2;-541,2;20,00;22,0;21,9;45,90;7,58;0,092;0,0;0,01;0,053
1000;24.07.2023;17:44:01;00:16:39;250,0;189,1;31,2;31,2;24,1;370,8;74,9;0,1;5,51E-2;-541,2;20,00;22,0;22,0;45,90;7,58;0,097;0,0;0,00;0,054
1001;24.07.2023;17:44:02;00:16:40;250,0;184,5;30,9;30,9;24,1;367,8;74,8;0,1;5,50E-2;-541,2;20,00;22,0;22,0;45,90;7,58;0,098;0,0;0,00;0,050
1002;24.07.2023;17:44:03;00:16:41;250,0;184,5;30,9;30,9;24,1;366,3;74,7;0,1;5,49E-2;-541,2;20,00;22,0;22,0;45,90;7,58;0,096;0,0;0,00;0,053
1003;24.07.2023;17:44:04;00:16:42;250,0;184,5;30,7;30,6;24,1;363,0;74,5;0,1;5,49E-2;-541,2;20,00;22,0;22,0;45,90;7,59;0,094;0,0;0,01;0,054
1004;24.07.2023;17:44:05;00:16:43;250,0;180,0;30,7;30,6;24,1;361,5;74,4;0,1;5,48E-2;-541,2;20,00;22,0;22,0;45,91;7,59;0,095;0,0;0,01;0,054
1005;24.07.2023;17:44:06;00:16:44;250,0;175,6;30,5;30,4;24,1;358,5;74,3;0,1;5,47E-2;-541,2;20,00;22,0;22,0;45,91;7,59;0,095;0,0;0,00;0,051
1006;24.07.2023;17:44:07;00:16:45;250,0;175,6;30,5;30,4;24,1;355,5;74,1;0,1;5,46E-2;-541,2;20,00;22,0;22,0;45,91;7,59;0,091;0,0;0,01;0,052
1007;24.07.2023;17:44:08;00:16:46;250,0;175,6;30,2;30,1;24,1;354,0;74,0;0,1;5,46E-2;-541,2;20,00;22,0;22,0;45,91;7,59;0,093;0,0;0,01;0,054
1008;24.07.2023;17:44:09;00:16:47;250,0;171,2;30,2;30,1;24,1;350,9;73,8;0,1;5,45E-2;-541,2;20,00;22,0;22,0;45,91;7,59;0,088;0,0;0,00;0,053
1009;24.07.2023;17:44:10;00:16:48;250,0;167,2;30,0;29,8;24,1;347,7;73,6;0,1;5,44E-2;-541,2;20,00;22,0;22,0;45,91;7,59;0,094;0,0;0,01;0,053
1010;24.07.2023;17:44:11;00:16:49;250,0;167,2;30,0;29,8;24,1;346,2;73,5;0,1;5,43E-2;-541,2;20,00;22,0;22,0;45,91;7,60;0,093;0,0;0,01;0,054
1011;24.07.2023;17:44:12;00:16:50;250,0;167,2;29,8;29,6;24,1;343,1;73,4;0,1;5,42E-2;-541,2;20,00;22,0;22,0;45,92;7,60;0,089;0,0;0,01;0,054
1012;24.07.2023;17:44:13;00:16:51;250,0;163,3;29,8;29,6;24,1;340,1;73,2;0,1;5,41E-2;-541,2;20,00;22,0;22,0;45,92;7,60;0,094;0,0;0,01;0,053
1013;24.07.2023;17:44:14;00:16:52;250,0;163,3;29,6;29,4;24,1;338,6;73,1;0,1;5,41E-2;-541,2;20,00;22,0;22,0;45,92;7,60;0,093;0,0;0,01;0,054
1014;24.07.2023;17:44:15;00:16:53;250,0;159,4;29,6;29,4;24,0;335,6;72,9;0,1;5,40E-2;-541,2;20,00;22,0;22,0;45,92;7,60;0,092;0,0;0,01;0,054
1015;24.07.2023;17:44:16;00:16:54;250,0;155,6;29,4;29,1;24,0;334,1;72,8;0,1;5,40E-2;-541,2;20,00;22,0;22,0;45,92;7,60;0,089;0,0;0,01;0,054
1016;24.07.2023;17:44:17;00:16:55;250,0;155,6;29,2;29,1;24,0;330,8;72,6;0,1;5,39E-2;-541,2;20,00;22,0;22,0;45,92;7,60;0,084;0,0;0,01;0,054
1017;24.07.2023;17:44:18;00:16:56;250,0;151,8;29,2;28,9;24,0;327,8;72,4;0,1;5,38E-2;-541,2;20,00;22,0;21,9;45,92;7,61;0,078;0,0;0,00;0,054
1018;24.07.2023;17:44:19;00:16:57;250,0;151,8;29,2;28,9;24,0;326,3;72,3;0,1;5,38E-2;-541,2;20,00;22,0;22,0;45,93;7,61;0,079;0,0;0,00;0,053
1019;24.07.2023;17:44:20;00:16:58;250,0;148,1;29,0;28,7;24,0;323,3;72,1;0,1;5,36E-2;-541,2;20,00;22,0;22,0;45,93;7,61;0,082;0,0;0,01;0,054
1020;24.07.2023;17:44:21;00:16:59;250,0;148,2;29,1;28,7;24,0;320,2;71,9;0,1;5,36E-2;-541,2;20,00;22,0;22,0;45,93;7,61;0,087;0,0;0,01;0,054
1021;24.07.2023;17:44:22;00:17:00;250,0;148,2;28,8;28,7;24,0;318,7;71,8;0,1;5,35E-2;-541,2;20,00;22,0;22,0;45,93;7,61;0,088;0,0;0,01;0,054
1022;24.07.2023;17:44:23;00:17:01;250,0;144,3;28,8;28,4;24,0;315,5;71,5;0,1;5,35E-2;-541,2;20,00;22,0;22,0;45,93;7,61;0,085;0,0;0,01;0,054
1023;24.07.2023;17:44:24;00:17:02;250,0;144,3;28,6;28,2;24,0;312,4;71,3;0,1;5,34E-2;-541,2;20,00;22,0;22,0;45,93;7,61;0,082;0,0;0,00;0,053
1024;24.07.2023;17:44:25;00:17:03;250,0;140,5;28,6;28,2;24,0;310,9;71,2;0,1;5,34E-2;-541,2;20,00;22,0;22,0;45,93;7,61;0,078;0,0;0,01;0,054
1025;24.07.2023;17:44:26;00:17:04;250,0;140,5;28,4;28,0;24,0;307,9;71,0;0,1;5,33E-2;-541,2;20,00;22,0;22,0;45,94;7,62;0,078;0,0;0,00;0,052
1026;24.07.2023;17:44:27;00:17:05;250,0;136,7;28,4;28,0;23,9;304,9;70,8;0,1;5,32E-2;-541,2;20,00;22,0;22,1;45,94;7,62;0,077;0,0;0,01;0,051
1027;24.07.2023;17:44:28;00:17:06;250,0;136,7;28,4;28,0;23,9;303,4;70,7;0,1;5,31E-2;-541,2;20,00;22,0;22,0;45,94;7,62;0,074;0,0;0,01;0,053
1028;24.07.2023;17:44:29;00:17:07;250,0;133,0;28,2;27,7;23,9;300,1;70,4;0,1;5,30E-2;-541,2;20,00;22,0;21,9;45,94;7,62;0,067;0,0;0,01;0,054
1029;24.07.2023;17:44:30;00:17:08;250,0;133,0;28,0;27,7;23,9;298,6;70,3;0,1;5,30E-2;-541,2;20,00;22,0;21,9;45,94;7,62;0,066;0,0;0,01;0,053
1030;24.07.2023;17:44:31;00:17:09;250,0;129,5;28,0;27,5;23,9;295,6;70,1;0,1;5,30E-2;-541,2;20,00;22,0;22,0;45,94;7,62;0,066;0,0;0,01;0,051
1031;24.07.2023;17:44:32;00:17:10;250,0;129,5;27,9;27,5;23,9;292,6;69,9;0,1;5,29E-2;-541,2;20,00;22,0;22,0;45,94;7,62;0,068;0,0;0,01;0,054
1032;24.07.2023;17:44:33;00:17:11;250,0;126,2;27,9;27,3;23,9;291,0;69,8;0,1;5,29E-2;-541,2;20,00;22,0;22,0;45,94;7,62;0,068;0,0;0,01;0,054
1033;24.07.2023;17:44:34;00:17:12;250,0;123,0;27,7;27,1;23,9;288,0;69,5;0,1;5,28E-2;-541,2;20,00;22,0;22,1;45,94;7,63;0,065;0,0;0,00;0,052
1034;24.07.2023;17:44:35;00:17:13;250,0;123,0;27,7;27,1;23,9;284,8;69,3;0,1;5,27E-2;-541,2;20,00;22,0;22,0;45,95;7,63;0,064;0,0;0,01;0,054
1035;24.07.2023;17:44:36;00:17:14;250,0;123,0;27,5;26,9;23,9;283,2;69,2;0,1;5,27E-2;-541,2;20,00;22,0;22,0;45,95;7,63;0,066;0,0;0,01;0,054
1036;24.07.2023;17:44:37;00:17:15;250,0;120,0;27,5;26,9;23,9;280,2;68,9;0,1;5,26E-2;-541,2;20,00;22,0;22,0;45,95;7,63;0,061;0,0;0,00;0,054
1037;24.07.2023;17:44:38;00:17:16;250,0;117,0;27,4;26,7;23,9;277,2;68,7;0,1;5,26E-2;-541,2;20,00;22,0;22,0;45,95;7,63;0,061;0,0;0,01;0,051
1038;24.07.2023;17:44:39;00:17:17;250,0;117,0;27,4;26,7;23,9;275,7;68,5;0,1;5,26E-2;-541,2;20,00;22,0;22,0;45,95;7,63;0,061;0,0;0,01;0,052
1039;24.07.2023;17:44:40;00:17:18;250,0;114,1;27,2;26,5;23,9;272,7;68,3;0,1;5,25E-2;-541,2;20,00;22,0;22,0;45,95;7,63;0,064;0,0;0,01;0,054
1040;24.07.2023;17:44:41;00:17:19;250,0;114,1;27,2;26,6;23,9;269,4;68,0;0,1;5,24E-2;-541,2;20,00;22,0;22,0;45,95;7,63;0,063;0,0;0,01;0,052
1041;24.07.2023;17:44:42;00:17:20;250,0;114,1;27,0;26,4;23,9;267,9;67,9;0,1;5,24E-2;-541,2;20,00;22,0;22,0;45,95;7,63;0,063;0,0;0,01;0,053
1042;24.07.2023;17:44:43;00:17:21;250,0;111,0;27,0;26,4;23,8;264,9;67,7;0,1;5,23E-2;-541,2;20,00;22,0;22,0;45,95;7,63;0,058;0,0;0,01;0,053
1043;24.07.2023;17:44:44;00:17:22;250,0;111,0;27,0;26,4;23,8;263,4;67,5;0,1;5,23E-2;-541,2;20,00;22,0;22,0;45,95;7,63;0,057;0,0;0,01;0,054
1044;24.07.2023;17:44:45;00:17:23;250,0;108,1;26,8;26,2;23,8;260,3;67,3;0,1;5,22E-2;-541,2;20,00;22,0;22,0;45,95;7,64;0,053;0,0;0,01;0,053
1045;24.07.2023;17:44:46;00:17:24;250,0;105,2;26,7;26,0;23,8;257,3;67,0;0,1;5,22E-2;-541,2;20,00;22,0;22,0;45,96;7,64;0,053;0,0;0,01;0,054
1046;24.07.2023;17:44:47;00:17:25;250,0;105,2;26,7;26,0;23,8;255,6;66,9;0,1;5,21E-2;-541,2;20,00;22,0;22,0;45,96;7,64;0,057;0,0;0,01;0,053
1047;24.07.2023;17:44:48;00:17:26;250,0;105,2;26,5;26,0;23,8;252,5;66,6;0,1;5,21E-2;-541,2;20,00;22,0;22,0;45,96;7,64;0,061;0,0;0,01;0,054
1048;24.07.2023;17:44:49;00:17:27;250,0;102,3;26,5;25,8;23,8;249,5;66,3;0,1;5,20E-2;-541,2;20,00;22,0;21,9;45,96;7,64;0,059;0,0;0,01;0,053
1049;24.07.2023;17:44:50;00:17:28;250,0;102,3;26,3;25,6;23,8;248,0;66,2;0,1;5,20E-2;-541,2;20,00;22,0;21,9;45,96;7,64;0,061;0,0;0,01;0,053
1050;24.07.2023;17:44:51;00:17:29;250,0;99,8;26,3;25,6;23,8;245,0;65,9;0,1;5,19E-2;-541,2;20,00;22,0;22,0;45,96;7,64;0,062;0,0;0,01;0,053
1051;24.07.2023;17:44:52;00:17:30;250,0;99,8;26,2;25,4;23,8;242,0;65,6;0,1;5,18E-2;-541,2;20,00;22,0;22,0;45,96;7,64;0,060;0,0;0,01;0,049
1052;24.07.2023;17:44:53;00:17:31;250,0;97,3;26,2;25,4;23,8;240,2;65,5;0,1;5,18E-2;-541,2;20,00;22,0;22,0;45,96;7,64;0,059;0,0;0,00;0,053
1053;24.07.2023;17:44:54;00:17:32;250,0;94,8;26,0;25,3;23,7;237,2;65,2;0,1;5,17E-2;-541,2;20,00;22,0;21,9;45,96;7,64;0,055;0,0;0,01;0,050
1054;24.07.2023;17:44:55;00:17:33;250,0;94,8;26,0;25,3;23,7;235,7;65,1;0,1;5,17E-2;-541,2;20,00;22,0;21,9;45,96;7,65;0,054;0,0;0,00;0,053
1055;24.07.2023;17:44:56;00:17:34;250,0;94,8;25,9;25,1;23,7;232,7;64,8;0,1;5,17E-2;-541,2;20,00;22,0;21,9;45,96;7,65;0,051;0,0;0,01;0,054
1056;24.07.2023;17:44:57;00:17:35;250,0;92,5;25,9;25,1;23,7;229,6;64,5;0,1;5,16E-2;-541,2;20,00;22,0;22,0;45,97;7,65;0,050;0,0;0,01;0,054
1057;24.07.2023;17:44:58;00:17:36;250,0;92,5;25,8;25,1;23,7;228,1;64,4;0,1;5,16E-2;-541,2;20,00;22,0;22,0;45,97;7,65;0,052;0,0;0,00;0,053
1058;24.07.2023;17:44:59;00:17:37;250,0;90,2;25,8;24,9;23,7;224,9;64,0;0,1;5,15E-2;-541,2;20,00;22,0;22,0;45,97;7,65;0,055;0,0;0,01;0,054
1059;24.07.2023;17:45:00;00:17:38;250,0;87,9;25,6;24,8;23,7;221,8;63,7;0,1;5,14E-2;-541,2;20,00;22,0;21,9;45,97;7,65;0,051;0,0;0,01;0,051
1060;24.07.2023;17:45:01;00:17:39;250,0;87,9;25,6;24,8;23,7;220,3;63,6;0,1;5,14E-2;-541,2;20,00;22,0;21,9;45,97;7,65;0,050;0,0;0,01;0,053
1061;24.07.2023;17:45:02;00:17:40;250,0;87,9;25,4;24,6;23,7;217,3;63,3;0,1;5,14E-2;-541,2;20,00;22,0;22,0;45,97;7,65;0,051;0,0;0,00;0,049
1062;24.07.2023;17:45:03;00:17:41;250,0;85,6;25,4;24,6;23,6;214,3;63,0;0,1;5,13E-2;-541,2;20,00;22,0;21,9;45,97;7,65;0,049;0,0;0,01;0,051
1063;24.07.2023;17:45:04;00:17:42;250,0;85,6;25,4;24,6;23,6;212,8;62,9;0,1;5,13E-2;-541,2;20,00;22,0;21,9;45,97;7,65;0,049;0,0;0,01;0,051
1064;24.07.2023;17:45:05;00:17:43;250,0;83,3;25,3;24,4;23,6;209,5;62,5;0,1;5,13E-2;-541,2;20,00;22,0;22,0;45,97;7,65;0,049;0,0;0,01;0,050
1065;24.07.2023;17:45:06;00:17:44;250,0;81,1;25,1;24,3;23,6;206,5;62,2;0,1;5,12E-2;-541,2;20,00;22,0;22,0;45,97;7,65;0,051;0,0;0,01;0,051
1066;24.07.2023;17:45:07;00:17:45;250,0;81,1;25,1;24,3;23,6;205,0;62,1;0,1;5,12E-2;-541,2;20,00;22,0;22,0;45,97;7,65;0,051;0,0;0,01;0,054
1067;24.07.2023;17:45:08;00:17:46;250,0;81,1;25,0;24,3;23,6;202,0;61,8;0,1;5,11E-2;-541,2;20,00;22,0;22,0;45,97;7,66;0,049;0,0;0,01;0,052
1068;24.07.2023;17:45:09;00:17:47;250,0;79,0;25,0;24,1;23,6;200,4;61,6;0,1;5,11E-2;-541,2;20,00;22,0;22,0;45,97;7,66;0,051;0,0;0,01;0,053
1069;24.07.2023;17:45:10;00:17:48;250,0;79,0;24,9;24,0;23,6;197,4;61,3;0,1;5,10E-2;-541,2;20,00;22,0;22,0;45,98;7,66;0,048;0,0;0,01;0,051
1070;24.07.2023;17:45:11;00:17:49;250,0;77,0;24,9;24,0;23,6;194,2;60,9;0,1;5,10E-2;-541,2;20,00;22,0;22,0;45,98;7,66;0,048;0,0;0,01;0,054
1071;24.07.2023;17:45:12;00:17:50;250,0;77,0;24,9;24,0;23,6;192,6;60,8;0,1;5,09E-2;-541,2;20,00;22,0;22,0;45,98;7,66;0,048;0,0;0,01;0,049
1072;24.07.2023;17:45:13;00:17:51;250,0;75,1;24,7;23,8;23,6;189,6;60,5;0,1;5,09E-2;-541,2;20,00;22,0;22,0;45,98;7,66;0,044;0,0;0,00;0,051
1073;24.07.2023;17:45:14;00:17:52;250,0;73,2;24,6;23,7;23,6;186,6;60,1;0,1;5,09E-2;-541,2;20,00;22,0;22,0;45,98;7,66;0,038;0,0;0,01;0,054
1074;24.07.2023;17:45:15;00:17:53;250,0;73,2;24,6;23,7;23,6;185,1;60,0;0,1;5,09E-2;-541,2;20,00;22,0;22,0;45,98;7,66;0,040;0,0;0,01;0,051
1075;24.07.2023;17:45:16;00:17:54;250,0;73,2;24,4;23,7;23,5;182,1;59,7;0,1;5,08E-2;-541,2;20,00;22,0;22,0;45,98;7,66;0,044;0,0;0,01;0,049
1076;24.07.2023;17:45:17;00:17:55;250,0;71,4;24,4;23,5;23,5;178,8;59,3;0,1;5,07E-2;-541,2;20,00;22,0;22,0;45,98;7,66;0,056;0,0;0,00;0,053
1077;24.07.2023;17:45:18;00:17:56;250,0;71,4;24,3;23,4;23,5;177,3;59,1;0,1;5,07E-2;-541,2;20,00;22,0;22,0;45,98;7,66;0,058;0,0;0,00;0,053
1078;24.07.2023;17:45:19;00:17:57;250,0;69,6;24,3;23,4;23,5;174,3;58,8;0,1;5,06E-2;-541,2;20,00;22,0;22,0;45,98;7,67;0,061;0,0;0,00;0,050
1079;24.07.2023;17:45:20;00:17:58;250,0;69,6;24,2;23,2;23,5;171,3;58,5;0,1;5,06E-2;-541,2;20,00;22,0;22,0;45,98;7,67;0,056;0,0;0,00;0,051
1080;24.07.2023;17:45:21;00:17:59;250,0;67,9;24,2;23,2;23,5;169,7;58,3;0,1;5,06E-2;-541,2;20,00;22,0;22,0;45,99;7,67;0,054;0,0;0,01;0,053
1081;24.07.2023;17:45:22;00:18:00;250,0;67,9;24,0;23,2;23,5;166,7;57,9;0,1;5,05E-2;-541,2;20,00;22,0;22,0;45,99;7,67;0,053;0,0;0,00;0,051
1082;24.07.2023;17:45:23;00:18:01;250,0;67,9;24,0;23,1;23,5;165,2;57,8;0,1;5,05E-2;-541,2;20,00;22,0;22,0;45,99;7,67;0,054;0,0;0,00;0,049
1083;24.07.2023;17:45:24;00:18:02;250,0;66,2;24,0;23,1;23,5;161,9;57,4;0,1;5,05E-2;-541,2;20,00;22,0;22,1;45,99;7,67;0,054;0,0;0,01;0,051
1084;24.07.2023;17:45:25;00:18:03;250,0;64,6;23,9;22,9;23,5;158,9;57,1;0,1;5,05E-2;-541,2;20,00;22,0;22,1;45,99;7,67;0,053;0,0;0,01;0,051
1085;24.07.2023;17:45:26;00:18:04;250,0;64,6;23,8;22,9;23,5;157,4;56,9;0,1;5,04E-2;-541,2;20,00;22,0;22,0;45,99;7,67;0,048;0,0;0,01;0,054
1086;24.07.2023;17:45:27;00:18:05;250,0;63,0;23,8;22,8;23,4;154,4;56,5;0,1;5,04E-2;-541,2;20,00;22,0;22,0;45,99;7,67;0,048;0,0;0,01;0,052
1087;24.07.2023;17:45:28;00:18:06;250,0;63,0;23,7;22,8;23,4;151,4;56,2;0,1;5,03E-2;-541,2;20,00;22,0;22,0;45,99;7,67;0,046;0,0;0,01;0,053
1088;24.07.2023;17:45:29;00:18:07;250,0;61,5;23,7;22,7;23,4;149,9;56,0;0,1;5,03E-2;-541,2;20,00;22,0;22,0;45,99;7,67;0,042;0,0;0,01;0,054
1089;24.07.2023;17:45:30;00:18:08;250,0;61,5;23,6;22,5;23,4;146,6;55,6;0,1;5,02E-2;-541,2;20,00;22,0;22,0;45,99;7,67;0,038;0,0;0,00;0,053
1090;24.07.2023;17:45:31;00:18:09;250,0;60,1;23,6;22,5;23,4;143,6;55,2;0,1;5,02E-2;-541,2;20,00;22,0;22,0;45,99;7,67;0,033;0,0;0,01;0,053
1091;24.07.2023;17:45:32;00:18:10;250,0;60,1;23,6;22,5;23,4;142,1;55,1;0,1;5,01E-2;-541,2;20,00;22,0;22,0;45,99;7,67;0,037;0,0;0,01;0,050
1092;24.07.2023;17:45:33;00:18:11;250,0;58,7;23,4;22,4;23,4;139,0;54,7;0,1;5,01E-2;-541,2;20,00;22,0;22,0;45,99;7,67;0,035;0,0;0,01;0,050
1093;24.07.2023;17:45:34;00:18:12;250,0;58,7;23,4;22,4;23,4;137,5;54,5;0,1;5,01E-2;-541,2;20,00;22,0;22,0;45,99;7,67;0,033;0,0;0,00;0,053
1094;24.07.2023;17:45:35;00:18:13;250,0;57,4;23,3;22,3;23,4;134,5;54,1;0,1;5,01E-2;-541,2;20,00;22,0;22,0;45,99;7,67;0,034;0,0;0,00;0,049
1095;24.07.2023;17:45:36;00:18:14;250,0;57,4;23,2;22,3;23,4;131,2;53,7;0,1;5,00E-2;-541,2;20,00;22,0;22,0;45,99;7,68;0,030;0,0;0,01;0,052
1096;24.07.2023;17:45:37;00:18:15;250,0;56,1;23,2;22,2;23,4;129,7;53,6;0,1;5,00E-2;-541,2;20,00;22,0;22,0;46,00;7,68;0,032;0,0;0,00;0,053
1097;24.07.2023;17:45:38;00:18:16;250,0;54,9;23,1;22,1;23,4;126,7;53,2;0,0;4,99E-2;-541,2;20,00;22,0;22,0;46,00;7,68;0,031;0,0;0,00;0,049
1098;24.07.2023;17:45:39;00:18:17;250,0;54,9;23,1;22,1;23,4;123,7;52,8;0,0;4,99E-2;-541,2;20,00;22,0;22,0;46,00;7,68;0,029;0,0;0,00;0,052
1099;24.07.2023;17:45:40;00:18:18;250,0;54,9;23,0;22,0;23,4;122,2;52,6;0,0;4,98E-2;-541,2;20,00;22,0;22,0;46,00;7,68;0,031;0,0;0,00;0,052
1100;24.07.2023;17:45:41;00:18:19;250,0;53,7;23,0;22,0;23,4;119,2;52,2;0,0;4,98E-2;-541,2;20,00;22,0;22,0;46,00;7,68;0,029;0,0;0,01;0,049
1101;24.07.2023;17:45:42;00:18:20;250,0;53,6;22,9;21,9;23,3;115,9;51,8;0,0;4,98E-2;-541,2;20,00;22,0;22,0;46,00;7,68;0,029;0,0;0,01;0,053
1102;24.07.2023;17:45:43;00:18:21;250,0;52,4;22,9;21,8;23,3;114,4;51,6;0,0;4,97E-2;-541,2;20,00;22,0;22,0;46,00;7,68;0,028;0,0;0,01;0,052
1103;24.07.2023;17:45:44;00:18:22;250,0;52,4;22,9;21,8;23,3;111,4;51,2;0,0;4,97E-2;-541,2;20,00;22,0;22,0;46,00;7,68;0,023;0,0;0,01;0,051
1104;24.07.2023;17:45:45;00:18:23;250,0;51,2;22,8;21,7;23,3;108,3;50,8;0,0;4,96E-2;-541,2;20,00;22,0;22,0;46,00;7,68;0,023;0,0;0,00;0,054
1105;24.07.2023;17:45:46;00:18:24;250,0;51,2;22,7;21,6;23,3;106,8;50,6;0,0;4,97E-2;-541,2;20,00;22,0;21,9;46,00;7,68;0,024;0,0;0,01;0,053
1106;24.07.2023;17:45:47;00:18:25;250,0;50,1;22,7;21,6;23,2;103,8;50,2;0,0;4,96E-2;-541,2;20,00;22,0;22,0;46,00;7,68;0,025;0,0;0,01;0,050
1107;24.07.2023;17:45:48;00:18:26;250,0;50,1;22,7;21,6;23,2;102,3;50,0;0,0;4,96E-2;-541,2;20,00;22,0;22,0;46,00;7,68;0,025;0,0;0,01;0,054
1108;24.07.2023;17:45:49;00:18:27;250,0;48,9;22,6;21,5;23,2;99,0;49,6;0,0;4,96E-2;-541,2;20,00;22,0;22,0;46,00;7,68;0,025;0,0;0,01;0,053
1109;24.07.2023;17:45:50;00:18:28;250,0;47,9;22,5;21,4;23,2;96,0;49,2;0,0;4,95E-2;-541,2;20,00;22,0;22,0;46,00;7,68;0,025;0,0;0,01;0,053
1110;24.07.2023;17:45:51;00:18:29;250,0;47,9;22,5;21,4;23,2;94,5;49,0;0,0;4,95E-2;-541,2;20,00;22,0;22,0;46,00;7,68;0,029;0,0;0,00;0,052
1111;24.07.2023;17:45:52;00:18:30;250,0;47,9;22,4;21,4;23,2;91,5;48,6;0,0;4,94E-2;-541,2;20,00;22,0;22,0;46,00;7,68;0,032;0,0;0,01;0,052
1112;24.07.2023;17:45:53;00:18:31;250,0;46,9;22,4;21,3;23,2;88,5;48,2;0,0;4,94E-2;-541,2;20,00;22,0;22,0;46,00;7,68;0,025;0,0;0,01;0,049
1113;24.07.2023;17:45:54;00:18:32;250,0;46,9;22,3;21,3;23,2;86,9;48,0;0,0;4,94E-2;-541,2;20,00;22,0;22,0;46,00;7,68;0,026;0,0;0,00;0,053
1114;24.07.2023;17:45:55;00:18:33;250,0;46,0;22,3;21,2;23,2;83,7;47,5;0,0;4,93E-2;-541,2;20,00;22,0;22,1;46,00;7,68;0,025;0,0;0,01;0,051
1115;24.07.2023;17:45:56;00:18:34;250,0;46,0;22,2;21,1;23,2;80,7;47,1;0,0;4,93E-2;-541,2;20,00;22,0;22,0;46,00;7,68;0,025;0,0;0,00;0,053
1116;24.07.2023;17:45:57;00:18:35;250,0;45,0;22,2;21,1;23,2;79,1;46,9;0,0;4,93E-2;-541,2;20,00;22,0;22,0;46,00;7,68;0,021;0,0;0,00;0,049
1117;24.07.2023;17:45:58;00:18:36;250,0;44,1;22,1;21,0;23,2;76,1;46,5;0,0;4,92E-2;-541,2;20,00;22,0;22,0;46,00;7,68;0,019;0,0;0,01;0,049
1118;24.07.2023;17:45:59;00:18:37;250,0;44,1;22,1;21,0;23,2;73,1;46,1;0,0;4,92E-2;-541,2;20,00;22,0;22,0;46,00;7,68;0,020;0,0;0,00;0,054
1119;24.07.2023;17:46:00;00:18:38;250,0;44,1;22,0;21,0;23,2;71,6;45,8;0,0;4,92E-2;-541,2;20,00;22,0;22,0;46,00;7,69;0,016;0,0;0,01;0,051
1120;24.07.2023;17:46:01;00:18:39;250,0;43,2;22,0;21,0;23,1;68,3;45,4;0,0;4,91E-2;-541,2;20,00;22,0;22,0;46,00;7,69;0,018;0,0;0,01;0,054
1121;24.07.2023;17:46:02;00:18:40;250,0;43,2;22,1;21,0;23,1;66,8;45,2;0,0;4,91E-2;-541,2;20,00;22,0;22,0;46,00;7,69;0,017;0,0;0,01;0,052
1122;24.07.2023;17:46:03;00:18:41;250,0;42,4;22,0;20,9;23,2;63,8;44,7;0,0;4,91E-2;-541,2;20,00;22,0;22,0;46,01;7,69;0,016;0,0;0,00;0,052
1123;24.07.2023;17:46:04;00:18:42;250,0;42,4;21,9;20,9;23,2;60,8;44,3;0,0;4,90E-2;-541,2;20,00;22,0;22,0;46,00;7,69;0,015;0,0;0,01;0,053
1124;24.07.2023;17:46:05;00:18:43;250,0;41,5;21,9;20,8;23,2;59,3;44,1;0,0;4,90E-2;-541,2;20,00;22,0;21,9;46,01;7,69;0,014;0,0;0,00;0,054
1125;24.07.2023;17:46:06;00:18:44;250,0;41,5;21,8;20,8;23,2;56,2;43,6;0,0;4,89E-2;-541,2;20,00;22,0;22,0;46,01;7,69;0,017;0,0;0,00;0,053
1126;24.07.2023;17:46:07;00:18:45;250,0;40,7;21,8;20,7;23,1;53,0;43,2;0,0;4,89E-2;-541,2;20,00;22,0;22,0;46,01;7,69;0,015;0,0;0,00;0,053
1127;24.07.2023;17:46:08;00:18:46;250,0;40,7;21,8;20,7;23,1;51,5;42,9;0,0;4,89E-2;-541,2;20,00;22,0;22,0;46,01;7,69;0,016;0,0;0,01;0,054
1128;24.07.2023;17:46:09;00:18:47;250,0;39,9;21,7;20,7;23,1;48,4;42,5;0,0;4,88E-2;-541,2;20,00;22,0;22,0;46,01;7,69;0,016;0,0;0,01;0,053
1129;24.07.2023;17:46:10;00:18:48;250,0;39,9;21,7;20,7;23,1;45,4;42,0;0,0;4,88E-2;-541,2;20,00;22,0;22,0;46,01;7,69;0,013;0,0;0,00;0,053
1130;24.07.2023;17:46:11;00:18:49;250,0;39,2;21,7;20,6;23,1;43,9;41,8;0,0;4,88E-2;-541,2;20,00;22,0;22,0;46,01;7,69;0,013;0,0;0,01;0,054
1131;24.07.2023;17:46:12;00:18:50;250,0;39,2;21,7;20,6;23,1;40,9;41,4;0,0;4,88E-2;-541,2;20,00;22,0;21,9;46,01;7,69;0,016;0,0;0,00;0,052
1132;24.07.2023;17:46:13;00:18:51;250,0;38,5;21,6;20,5;23,1;39,1;41,1;0,0;4,88E-2;-541,2;20,00;22,0;22,0;46,01;7,69;0,015;0,0;0,00;0,053
1133;24.07.2023;17:46:14;00:18:52;250,0;38,5;21,5;20,5;23,1;36,1;40,6;0,0;4,87E-2;-541,2;20,00;22,0;22,0;46,01;7,69;0,012;0,0;0,00;0,054
1134;24.07.2023;17:46:15;00:18:53;250,0;37,8;21,5;20,5;23,1;33,1;40,2;0,0;4,87E-2;-541,2;20,00;22,0;22,0;46,01;7,69;0,010;0,0;0,01;0,053
1135;24.07.2023;17:46:16;00:18:54;250,0;37,8;21,5;20,5;23,1;31,6;40,0;0,0;4,86E-2;-541,2;20,00;22,0;22,0;46,01;7,69;0,013;0,0;0,01;0,053
1136;24.07.2023;17:46:17;00:18:55;250,0;37,2;21,5;20,4;23,1;28,6;39,5;0,0;4,86E-2;-541,2;20,00;22,0;22,1;46,01;7,69;0,015;0,0;0,00;0,053
1137;24.07.2023;17:46:18;00:18:56;250,0;36,6;21,4;20,3;23,1;25,5;39,0;0,0;4,85E-2;-541,2;20,00;22,0;22,0;46,01;7,69;0,011;0,0;0,00;0,053
1138;24.07.2023;17:46:19;00:18:57;250,0;36,6;21,4;20,3;23,1;23,8;38,7;0,0;4,85E-2;-541,2;20,00;22,0;22,0;46,01;7,69;0,012;0,0;0,01;0,053
1139;24.07.2023;17:46:20;00:18:58;250,0;36,6;21,3;20,3;23,1;20,8;38,3;0,0;4,85E-2;-541,2;20,00;22,0;21,9;46,01;7,69;0,004;0,0;0,01;0,054
