Nr.;Datum;Zeit;P.Zeit;AV Pyro top;AV Control TC;AV Piston TC Top;AV Piston TC Bot;AV Transformer T;SV Temperature  ;AV CZ Output;AV abs. pressure;Vacuum;AV rel. pressure;SV Rel. Pressure;SV Force        ;AV Force;AV Abs. Piston T;AV Rel. Piston T;AV Speed;Power;U RMS;I RMS
;;;;°C;°C;°C;°C;°C;°C    ;%;mbar(a;mbar(a;mbar(g;mbar(g;kN    ;kN;mm;mm;mm/min;kW;V;kA
1;25.07.2023;11:41:24;00:00:00;250,0;21,9;19,5;19,4;25,4;20,0;0,0;992,4;9,92E2;-2,1;20,00;3,0;3,0;38,54;0,02;0,002;0,0;0,00;0,044
2;25.07.2023;11:41:25;00:00:01;250,0;21,8;19,5;19,4;25,3;20,0;0,0;992,4;9,92E2;-2,1;20,00;3,0;3,0;38,54;0,02;0,004;0,0;0,00;0,044
3;25.07.2023;11:41:26;00:00:02;250,0;21,8;19,5;19,4;25,3;20,0;0,0;992,3;9,92E2;-2,1;20,00;3,0;3,0;38,54;0,01;0,004;0,0;0,01;0,044
4;25.07.2023;11:41:27;00:00:03;250,0;21,7;19,5;19,4;25,3;20,0;0,0;992,2;9,92E2;-2,2;20,00;3,0;3,0;38,54;0,02;0,002;0,0;0,01;0,044
5;25.07.2023;11:41:28;00:00:04;250,0;21,7;19,5;19,4;25,3;20,0;0,0;992,1;9,92E2;-2,4;20,00;3,0;3,0;38,54;0,01;0,003;0,0;0,00;0,044
6;25.07.2023;11:41:29;00:00:05;250,0;21,6;19,5;19,3;25,3;20,0;0,0;992,1;9,92E2;-2,4;20,00;3,0;3,0;38,54;0,01;0,000;0,0;0,01;0,044
7;25.07.2023;11:41:30;00:00:06;250,0;21,6;19,5;19,3;25,3;20,0;0,0;992,0;9,92E2;-2,4;20,00;3,0;3,0;38,54;0,01;-0,002;0,0;0,01;0,044
8;25.07.2023;11:41:31;00:00:07;250,0;21,5;19,5;19,3;25,3;20,0;0,0;991,9;9,92E2;-2,4;20,00;3,0;3,0;38,54;0,01;0,001;0,0;0,00;0,044
9;25.07.2023;11:41:32;00:00:08;250,0;21,4;19,5;19,3;25,3;20,0;0,0;982,1;9,82E2;-7,6;20,00;3,0;3,0;38,54;0,01;0,005;0,0;0,00;0,044
10;25.07.2023;11:41:33;00:00:09;250,0;21,4;19,5;19,3;25,3;20,0;0,0;954,4;9,54E2;-37,8;20,00;3,0;3,0;38,54;0,02;0,005;0,0;0,01;0,044
11;25.07.2023;11:41:34;00:00:10;250,0;21,4;19,4;19,3;25,3;20,0;0,0;907,6;9,08E2;-83,4;20,00;3,0;3,0;38,54;0,02;0,002;0,0;0,01;0,044
12;25.07.2023;11:41:35;00:00:11;250,0;21,3;19,4;19,3;25,2;20,0;0,0;883,5;8,84E2;-109,4;20,00;3,0;3,0;38,54;0,02;0,002;0,0;0,01;0,044
13;25.07.2023;11:41:36;00:00:12;250,0;21,3;19,4;19,3;25,2;20,0;0,0;843,0;8,43E2;-149,2;20,00;3,0;3,0;38,54;0,01;0,003;0,0;0,00;0,044
14;25.07.2023;11:41:37;00:00:13;250,0;21,3;19,4;19,2;25,2;20,0;0,0;805,4;8,05E2;-187,3;20,00;3,0;2,9;38,54;0,02;0,003;0,0;0,01;0,044
15;25.07.2023;11:41:38;00:00:14;250,0;21,3;19,4;19,2;25,2;20,0;0,0;788,1;7,88E2;-204,1;20,00;3,0;3,0;38,54;0,02;0,005;0,0;0,01;0,044
16;25.07.2023;11:41:39;00:00:15;250,0;21,2;19,4;19,2;25,2;20,0;0,0;751,2;7,51E2;-241,8;20,00;3,0;3,0;38,54;0,01;0,004;0,0;0,00;0,044
17;25.07.2023;11:41:40;00:00:16;250,0;21,0;19,4;19,1;25,2;20,0;0,0;719,1;7,19E2;-272,2;20,00;3,0;3,0;38,54;0,02;0,005;0,0;0,00;0,044
18;25.07.2023;11:41:41;00:00:17;250,0;21,0;19,4;19,1;25,2;20,0;0,0;702,9;7,03E2;-289,3;20,00;3,0;3,0;38,54;0,02;0,000;0,0;0,00;0,044
19;25.07.2023;11:41:42;00:00:18;250,0;21,0;19,3;19,0;25,1;20,0;0,0;674,9;6,75E2;-317,2;20,00;3,0;2,9;38,54;0,01;0,002;0,0;0,00;0,044
20;25.07.2023;11:41:43;00:00:19;250,0;20,8;19,3;18,8;25,1;20,0;0,0;646,3;6,46E2;-345,9;20,00;3,0;3,0;38,54;0,02;0,004;0,0;0,00;0,044
21;25.07.2023;11:41:44;00:00:20;250,0;20,8;19,3;18,8;25,1;20,0;0,0;633,2;6,33E2;-358,5;20,00;3,0;3,0;38,54;0,02;0,005;0,0;0,01;0,044
22;25.07.2023;11:41:45;00:00:21;250,0;20,6;19,3;18,6;25,1;20,0;0,0;605,7;6,06E2;-386,9;20,00;3,0;3,0;38,54;0,02;0,002;0,0;0,00;0,044
23;25.07.2023;11:41:46;00:00:22;250,0;20,6;19,3;18,6;25,1;20,0;0,0;593,3;5,93E2;-398,7;20,00;3,0;3,0;38,54;0,02;0,004;0,0;0,00;0,044
24;25.07.2023;11:41:47;00:00:23;250,0;20,5;19,3;18,4;25,1;20,0;0,0;569,9;5,70E2;-423,1;20,00;3,0;3,0;38,54;0,02;0,007;0,0;0,01;0,044
25;25.07.2023;11:41:48;00:00:24;250,0;20,5;19,2;18,2;25,1;20,0;0,0;547,4;5,47E2;-444,7;20,00;3,0;3,0;38,54;0,02;0,009;0,0;0,00;0,044
26;25.07.2023;11:41:49;00:00:25;250,0;20,3;19,2;18,2;25,0;20,0;0,0;536,0;5,36E2;-456,8;20,00;3,0;3,0;38,54;0,01;0,009;0,0;0,01;0,044
27;25.07.2023;11:41:50;00:00:26;250,0;20,3;19,2;18,2;25,0;20,0;0,0;514,6;5,15E2;-476,9;20,00;3,0;3,0;38,54;0,02;0,005;0,0;0,00;0,044
28;25.07.2023;11:41:51;00:00:27;250,0;20,1;19,2;18,0;25,0;20,0;0,0;491,9;4,92E2;-499,3;20,00;3,0;3,0;38,54;0,02;0,003;0,0;0,00;0,044
29;25.07.2023;11:41:52;00:00:28;250,0;20,1;19,2;18,0;25,0;20,0;0,0;482,8;4,83E2;-508,6;20,00;3,0;2,9;38,54;0,02;0,004;0,0;0,01;0,044
30;25.07.2023;11:41:53;00:00:29;250,0;20,0;19,2;17,9;25,0;20,0;0,0;463,5;4,63E2;-528,0;20,00;3,0;3,0;38,54;0,02;0,009;0,0;0,01;0,044
31;25.07.2023;11:41:54;00:00:30;250,0;20,0;19,2;17,7;25,0;20,0;0,0;446,0;4,46E2;-541,2;20,00;3,0;3,0;38,54;0,02;0,013;0,0;0,01;0,044
32;25.07.2023;11:41:55;00:00:31;250,0;19,9;19,2;17,7;25,0;20,0;0,0;437,1;4,37E2;-541,2;20,00;3,0;2,9;38,54;0,02;0,009;0,0;0,00;0,044
33;25.07.2023;11:41:56;00:00:32;250,0;19,9;19,2;17,7;25,0;20,0;0,0;419,5;4,20E2;-541,2;20,00;3,0;3,0;38,54;0,02;0,009;0,0;0,01;0,044
34;25.07.2023;11:41:57;00:00:33;250,0;19,7;19,2;17,5;25,0;20,0;0,0;402,4;4,02E2;-541,2;20,00;3,0;3,0;38,54;0,02;0,013;0,0;0,01;0,044
35;25.07.2023;11:41:58;00:00:34;250,0;19,6;19,2;17,4;25,0;20,0;0,0;394,4;3,94E2;-541,2;20,00;3,0;3,1;38,54;0,02;0,016;0,0;0,00;0,044
36;25.07.2023;11:41:59;00:00:35;250,0;19,6;19,2;17,4;25,0;20,0;0,0;378,6;3,79E2;-541,2;20,00;3,0;2,9;38,54;0,02;0,010;0,0;0,00;0,044
37;25.07.2023;11:42:00;00:00:36;250,0;19,6;19,1;17,4;25,0;20,0;0,0;371,6;3,72E2;-541,2;20,00;3,0;2,9;38,54;0,02;0,010;0,0;0,01;0,044
38;25.07.2023;11:42:01;00:00:37;250,0;19,5;19,1;17,3;25,0;20,0;0,0;357,1;3,57E2;-541,2;20,00;3,0;3,0;38,54;0,02;0,013;0,0;0,00;0,044
39;25.07.2023;11:42:02;00:00:38;250,0;19,6;19,2;17,3;25,0;20,0;0,0;343,1;3,43E2;-541,2;20,00;3,0;3,0;38,54;0,02;0,011;0,0;0,00;0,044
40;25.07.2023;11:42:03;00:00:39;250,0;19,5;19,2;17,2;25,0;20,0;0,0;335,3;3,35E2;-541,2;20,00;3,0;2,9;38,54;0,02;0,013;0,0;0,01;0,044
41;25.07.2023;11:42:04;00:00:40;250,0;19,5;19,2;17,2;25,0;20,0;0,0;322,2;3,22E2;-541,2;20,00;3,0;3,0;38,54;0,02;0,016;0,0;0,00;0,044
42;25.07.2023;11:42:05;00:00:41;250,0;19,4;19,2;17,1;25,0;20,0;0,0;309,7;3,10E2;-541,2;20,00;3,0;3,0;38,54;0,02;0,015;0,0;0,01;0,043
43;25.07.2023;11:42:06;00:00:42;250,0;19,4;19,1;17,1;25,0;20,0;0,0;303,5;3,04E2;-541,2;20,00;3,0;3,0;38,54;0,02;0,015;0,0;0,00;0,044
44;25.07.2023;11:42:07;00:00:43;250,0;19,3;19,1;17,0;24,9;20,0;0,0;291,8;2,92E2;-541,2;20,00;3,0;2,9;38,54;0,02;0,012;0,0;0,00;0,044
45;25.07.2023;11:42:08;00:00:44;250,0;19,3;19,1;16,9;24,9;20,0;0,0;280,4;2,80E2;-541,2;20,00;3,0;3,0;38,55;0,02;0,011;0,0;0,01;0,044
46;25.07.2023;11:42:09;00:00:45;250,0;19,3;19,1;16,9;24,9;20,0;0,0;274,1;2,74E2;-541,2;20,00;3,0;3,0;38,54;0,02;0,014;0,0;0,01;0,044
47;25.07.2023;11:42:10;00:00:46;250,0;19,3;19,1;16,9;24,9;20,0;0,0;263,4;2,63E2;-541,2;20,00;3,0;3,0;38,54;0,02;0,015;0,0;0,00;0,044
48;25.07.2023;11:42:11;00:00:47;250,0;19,2;19,1;16,9;24,9;20,0;0,0;258,3;2,58E2;-541,2;20,00;3,0;2,9;38,54;0,02;0,012;0,0;0,00;0,044
49;25.07.2023;11:42:12;00:00:48;250,0;19,2;19,1;16,9;24,9;20,0;0,0;248,0;2,48E2;-541,2;20,00;3,0;2,9;38,55;0,02;0,015;0,0;0,01;0,044
50;25.07.2023;11:42:13;00:00:49;250,0;19,1;19,1;16,9;24,9;20,0;0,0;238,6;2,39E2;-541,2;20,00;3,0;3,0;38,55;0,02;0,019;0,0;0,01;0,044
51;25.07.2023;11:42:14;00:00:50;250,0;19,1;19,1;16,9;24,9;20,0;0,0;233,9;2,34E2;-541,2;20,00;3,0;3,0;38,54;0,02;0,016;0,0;0,01;0,044
52;25.07.2023;11:42:15;00:00:51;250,0;19,1;19,1;16,8;24,9;20,0;0,0;224,2;2,24E2;-541,2;20,00;3,0;2,9;38,55;0,02;0,014;0,0;0,00;0,044
53;25.07.2023;11:42:16;00:00:52;250,0;19,0;19,1;16,8;24,9;20,0;0,0;215,3;2,15E2;-541,2;20,00;3,0;3,0;38,55;0,02;0,017;0,0;0,01;0,044
54;25.07.2023;11:42:17;00:00:53;250,0;19,0;19,1;16,8;24,9;20,0;0,0;211,2;2,11E2;-541,2;20,00;3,0;3,1;38,55;0,02;0,022;0,0;0,00;0,044
55;25.07.2023;11:42:18;00:00:54;250,0;19,0;19,1;16,8;24,9;20,0;0,0;202,9;2,03E2;-541,2;20,00;3,0;3,0;38,55;0,02;0,017;0,0;0,00;0,044
56;25.07.2023;11:42:19;00:00:55;250,0;19,0;19,1;16,8;24,9;20,0;0,0;195,0;1,95E2;-541,2;20,00;3,0;3,0;38,55;0,02;0,015;0,0;0,00;0,044
57;25.07.2023;11:42:20;00:00:56;250,0;19,0;19,1;16,8;24,9;20,0;0,0;191,2;1,91E2;-541,2;20,00;3,0;3,0;38,55;0,02;0,016;0,0;0,01;0,044
58;25.07.2023;11:42:21;00:00:57;250,0;18,9;19,1;16,7;24,8;20,0;0,0;183,2;1,83E2;-541,2;20,00;3,0;3,0;38,55;0,02;0,017;0,0;0,01;0,044
59;25.07.2023;11:42:22;00:00:58;250,0;18,8;19,0;16,6;24,8;20,0;0,0;176,2;1,76E2;-541,2;20,00;3,0;3,1;38,55;0,02;0,017;0,0;0,01;0,044
60;25.07.2023;11:42:23;00:00:59;250,0;18,8;19,0;16,6;24,7;20,0;0,0;172,8;1,73E2;-541,2;20,00;3,0;3,0;38,55;0,02;0,014;0,0;0,00;0,043
61;25.07.2023;11:42:24;00:01:00;250,0;18,8;19,0;16,6;24,7;20,0;0,0;161,5;1,62E2;-541,2;20,00;3,0;3,0;38,55;0,02;0,014;0,0;0,00;0,044
62;25.07.2023;11:42:25;00:01:01;250,0;18,8;19,0;16,6;24,7;20,0;0,0;154,4;1,54E2;-541,2;20,00;3,0;3,0;38,55;0,03;0,016;0,0;0,00;0,044
63;25.07.2023;11:42:26;00:01:02;250,0;18,7;19,0;16,6;24,7;20,0;0,0;142,0;1,42E2;-541,2;20,00;3,0;3,1;38,55;0,03;0,021;0,0;0,00;0,044
64;25.07.2023;11:42:27;00:01:03;250,0;18,7;19,0;16,6;24,7;20,0;0,0;129,7;1,30E2;-541,2;20,00;3,0;3,1;38,55;0,03;0,022;0,0;0,00;0,044
65;25.07.2023;11:42:28;00:01:04;250,0;18,7;19,0;16,6;24,7;20,0;0,0;124,7;1,25E2;-541,2;20,00;3,0;3,0;38,55;0,03;0,027;0,0;0,00;0,044
66;25.07.2023;11:42:29;00:01:05;250,0;18,7;19,0;16,6;24,7;20,0;0,0;115,2;1,15E2;-541,2;20,00;3,0;3,0;38,55;0,03;0,023;0,0;0,00;0,044
67;25.07.2023;11:42:30;00:01:06;250,0;18,7;19,0;16,6;24,7;20,0;0,0;106,6;1,07E2;-541,2;20,00;3,0;2,9;38,55;0,03;0,019;0,0;0,00;0,044
68;25.07.2023;11:42:31;00:01:07;250,0;18,6;19,0;16,7;24,7;20,0;0,0;102,4;1,02E2;-541,2;20,00;3,0;2,9;38,55;0,03;0,024;0,0;0,00;0,044
69;25.07.2023;11:42:32;00:01:08;250,0;18,6;19,0;16,7;24,7;20,0;0,0;94,8;9,48E1;-541,2;20,00;3,0;3,0;38,55;0,03;0,028;0,0;0,00;0,044
70;25.07.2023;11:42:33;00:01:09;250,0;18,6;19,0;16,6;24,7;20,0;0,0;87,1;8,71E1;-541,2;20,00;3,0;3,1;38,55;0,03;0,031;0,0;0,01;0,044
71;25.07.2023;11:42:34;00:01:10;250,0;18,6;18,9;16,6;24,7;20,0;0,0;83,9;8,39E1;-541,2;20,00;3,0;3,1;38,55;0,03;0,031;0,0;0,00;0,044
72;25.07.2023;11:42:35;00:01:11;250,0;18,5;18,9;16,6;24,7;20,0;0,0;77,6;7,76E1;-541,2;20,00;3,0;3,0;38,55;0,03;0,026;0,0;0,00;0,044
73;25.07.2023;11:42:36;00:01:12;250,0;18,5;18,9;16,6;24,7;20,0;0,0;71,9;7,19E1;-541,2;20,00;3,0;2,9;38,55;0,03;0,028;0,0;0,00;0,044
74;25.07.2023;11:42:37;00:01:13;250,0;18,5;18,9;16,6;24,6;20,0;0,0;69,1;6,91E1;-541,2;20,00;3,0;2,9;38,55;0,03;0,029;0,0;0,00;0,044
75;25.07.2023;11:42:38;00:01:14;250,0;18,5;19,0;16,7;24,6;20,0;0,0;63,9;6,39E1;-541,2;20,00;3,0;2,9;38,56;0,03;0,028;0,0;0,01;0,044
76;25.07.2023;11:42:39;00:01:15;250,0;18,4;19,0;16,7;24,6;20,0;0,0;61,1;6,11E1;-541,2;20,00;3,0;3,0;38,55;0,03;0,029;0,0;0,01;0,044
77;25.07.2023;11:42:40;00:01:16;250,0;18,4;19,0;16,7;24,6;20,0;0,0;55,8;5,58E1;-541,2;20,00;3,0;2,9;38,55;0,03;0,025;0,0;0,00;0,044
78;25.07.2023;11:42:41;00:01:17;250,0;18,4;18,9;16,7;24,6;20,0;0,0;51,7;5,17E1;-541,2;20,00;3,0;3,0;38,56;0,03;0,024;0,0;0,00;0,044
79;25.07.2023;11:42:42;00:01:18;250,0;18,4;19,0;16,7;24,6;20,0;0,0;49,5;4,95E1;-541,2;20,00;3,0;3,0;38,56;0,03;0,024;0,0;0,00;0,044
80;25.07.2023;11:42:43;00:01:19;250,0;18,4;19,0;16,7;24,6;20,0;0,0;45,8;4,58E1;-541,2;20,00;3,0;3,1;38,56;0,03;0,026;0,0;0,00;0,043
81;25.07.2023;11:42:44;00:01:20;250,0;18,4;19,0;16,7;24,6;20,0;0,0;42,2;4,22E1;-541,2;20,00;3,0;3,1;38,56;0,03;0,031;0,0;0,00;0,044
82;25.07.2023;11:42:45;00:01:21;250,0;18,4;19,0;16,7;24,6;20,0;0,0;40,7;4,07E1;-541,2;20,00;3,0;3,0;38,56;0,03;0,030;0,0;0,01;0,044
83;25.07.2023;11:42:46;00:01:22;250,0;18,4;19,0;16,7;24,6;20,0;0,0;37,1;3,71E1;-541,2;20,00;3,0;2,9;38,56;0,03;0,020;0,0;0,00;0,044
84;25.07.2023;11:42:47;00:01:23;250,0;18,4;19,0;16,8;24,6;20,0;0,0;34,3;3,43E1;-541,2;20,00;3,0;2,9;38,56;0,03;0,018;0,0;0,01;0,044
85;25.07.2023;11:42:48;00:01:24;250,0;18,4;19,0;16,8;24,6;20,0;0,0;32,9;3,29E1;-541,2;20,00;3,0;3,0;38,56;0,03;0,020;0,0;0,01;0,044
86;25.07.2023;11:42:49;00:01:25;250,0;18,3;19,0;16,8;24,6;20,0;0,0;30,2;3,02E1;-541,2;20,00;3,0;3,0;38,56;0,03;0,018;0,0;0,00;0,044
87;25.07.2023;11:42:50;00:01:26;250,0;18,3;19,0;16,8;24,6;20,0;0,0;29,0;2,90E1;-541,2;20,00;3,0;3,0;38,56;0,03;0,016;0,0;0,01;0,044
88;25.07.2023;11:42:51;00:01:27;250,0;18,3;19,0;16,8;24,6;20,0;0,0;26,8;2,68E1;-541,2;20,00;3,0;3,1;38,56;0,03;0,017;0,0;0,00;0,044
89;25.07.2023;11:42:52;00:01:28;250,0;18,3;19,0;16,8;24,6;20,0;0,0;24,5;2,45E1;-541,2;20,00;3,0;3,0;38,56;0,03;0,013;0,0;0,00;0,044
90;25.07.2023;11:42:53;00:01:29;250,0;18,3;19,0;16,8;24,6;20,0;0,0;23,4;2,34E1;-541,2;20,00;3,0;3,1;38,56;0,03;0,015;0,0;0,01;0,044
91;25.07.2023;11:42:54;00:01:30;250,0;18,3;19,0;16,9;24,6;20,0;0,0;21,6;2,16E1;-541,2;20,00;3,0;3,1;38,56;0,04;0,013;0,0;0,01;0,044
92;25.07.2023;11:42:55;00:01:31;250,0;18,3;19,0;16,9;24,5;20,0;0,0;20,0;2,00E1;-541,2;20,00;3,0;2,9;38,56;0,04;0,011;0,0;0,01;0,044
93;25.07.2023;11:42:56;00:01:32;250,0;18,3;19,0;16,9;24,5;20,0;0,0;19,3;1,93E1;-541,2;20,00;3,0;3,0;38,56;0,04;0,011;0,0;0,01;0,044
94;25.07.2023;11:42:57;00:01:33;250,0;18,3;19,0;16,9;24,5;20,0;0,0;17,6;1,76E1;-541,2;20,00;3,0;3,0;38,56;0,04;0,015;0,0;0,01;0,044
95;25.07.2023;11:42:58;00:01:34;250,0;18,3;19,0;16,9;24,5;20,0;0,0;16,1;1,61E1;-541,2;20,00;3,0;3,0;38,56;0,04;0,017;0,0;0,01;0,044
96;25.07.2023;11:42:59;00:01:35;250,0;18,2;19,0;16,9;24,5;20,0;0,0;15,5;1,55E1;-541,2;20,00;3,0;2,9;38,56;0,04;0,015;0,0;0,00;0,044
97;25.07.2023;11:43:00;00:01:36;250,0;18,2;19,0;16,9;24,5;20,0;0,0;14,1;1,41E1;-541,2;20,00;3,0;3,0;38,56;0,04;0,017;0,0;0,01;0,044
98;25.07.2023;11:43:01;00:01:37;250,0;18,2;19,0;17,0;24,5;20,0;0,0;13,3;1,33E1;-541,2;20,00;3,0;3,0;38,56;0,04;0,013;0,0;0,00;0,044
99;25.07.2023;11:43:02;00:01:38;250,0;18,3;19,0;17,0;24,5;20,0;0,0;12,8;1,28E1;-541,2;20,00;3,0;3,0;38,56;0,04;0,012;0,0;0,00;0,044
100;25.07.2023;11:43:03;00:01:39;250,0;18,3;19,0;17,0;24,6;20,0;0,0;11,8;1,18E1;-541,2;20,00;3,0;3,0;38,56;0,04;0,011;0,0;0,00;0,044
101;25.07.2023;11:43:04;00:01:40;250,0;18,3;19,0;17,0;24,5;20,0;0,0;11,1;1,11E1;-541,2;20,00;3,0;3,0;38,56;0,04;0,015;0,0;0,00;0,044
102;25.07.2023;11:43:05;00:01:41;250,0;18,3;19,0;17,1;24,5;20,0;0,0;10,5;1,05E1;-541,2;20,00;3,0;3,0;38,56;0,04;0,012;0,0;0,00;0,044
103;25.07.2023;11:43:06;00:01:42;250,0;18,3;19,0;17,1;24,5;20,0;0,0;9,4;9,44E0;-541,2;20,00;3,0;3,0;38,56;0,04;0,012;0,0;0,01;0,044
104;25.07.2023;11:43:07;00:01:43;250,0;18,2;19,0;17,1;24,5;20,0;0,0;9,0;9,05E0;-541,2;20,00;3,0;2,9;38,56;0,04;0,009;0,0;0,00;0,044
105;25.07.2023;11:43:08;00:01:44;250,0;18,2;19,0;17,1;24,5;20,0;0,0;8,2;8,21E0;-541,2;20,00;3,0;3,0;38,56;0,04;0,009;0,0;0,00;0,044
106;25.07.2023;11:43:09;00:01:45;250,0;18,2;19,0;17,1;24,5;20,0;0,0;7,3;7,35E0;-541,2;20,00;3,0;3,1;38,56;0,04;0,013;0,0;0,01;0,044
107;25.07.2023;11:43:10;00:01:46;250,0;18,2;19,0;17,1;24,5;20,0;0,0;7,1;7,15E0;-541,2;20,00;3,0;3,1;38,56;0,04;0,013;0,0;0,00;0,044
108;25.07.2023;11:43:11;00:01:47;250,0;18,2;19,1;17,2;24,5;20,0;0,0;6,6;6,58E0;-541,2;20,00;3,0;3,1;38,56;0,04;0,009;0,0;0,01;0,044
109;25.07.2023;11:43:12;00:01:48;250,0;18,2;19,1;17,2;24,5;20,0;0,0;6,0;6,01E0;-541,2;20,00;3,0;3,0;38,56;0,04;0,006;0,0;0,00;0,044
110;25.07.2023;11:43:13;00:01:49;250,0;18,2;19,1;17,2;24,5;20,0;0,0;5,9;5,91E0;-541,2;20,00;3,0;3,0;38,56;0,04;0,007;0,0;0,00;0,044
111;25.07.2023;11:43:14;00:01:50;250,0;18,2;19,1;17,2;24,5;20,0;0,0;5,5;5,45E0;-541,2;20,00;3,0;2,9;38,56;0,04;0,001;0,0;0,00;0,044
112;25.07.2023;11:43:15;00:01:51;250,0;18,2;19,1;17,2;24,5;20,0;0,0;5,1;5,06E0;-541,2;20,00;3,0;3,0;38,56;0,04;0,008;0,0;0,01;0,044
113;25.07.2023;11:43:16;00:01:52;250,0;18,2;19,1;17,2;24,5;20,0;0,0;4,9;4,86E0;-541,2;20,00;3,0;3,0;38,56;0,04;0,007;0,0;0,00;0,044
114;25.07.2023;11:43:17;00:01:53;250,0;18,2;19,1;17,2;24,5;20,0;0,0;4,5;4,50E0;-541,2;20,00;3,0;3,0;38,56;0,04;0,010;0,0;0,00;0,044
115;25.07.2023;11:43:18;00:01:54;250,0;18,2;19,1;17,2;24,5;20,0;0,0;4,4;4,40E0;-541,2;20,00;3,0;3,1;38,56;0,04;0,010;0,0;0,00;0,043
116;25.07.2023;11:43:19;00:01:55;250,0;18,2;19,1;17,3;24,5;20,0;0,0;4,1;4,08E0;-541,2;20,00;3,0;3,1;38,56;0,04;0,007;0,0;0,00;0,044
117;25.07.2023;11:43:20;00:01:56;250,0;18,2;19,1;17,3;24,5;20,0;0,0;3,8;3,81E0;-541,2;20,00;3,0;3,0;38,56;0,04;0,005;0,0;0,01;0,044
118;25.07.2023;11:43:21;00:01:57;250,0;18,2;19,1;17,3;24,4;20,0;0,0;3,7;3,67E0;-541,2;20,00;3,0;3,0;38,56;0,04;0,009;0,0;0,00;0,044
119;25.07.2023;11:43:22;00:01:58;250,0;18,1;19,0;17,2;24,4;20,0;0,0;3,5;3,46E0;-541,2;20,00;3,0;2,9;38,56;0,04;0,005;0,0;0,00;0,044
120;25.07.2023;11:43:23;00:01:59;250,0;18,1;19,0;17,3;24,4;20,0;0,0;3,3;3,29E0;-541,2;20,00;3,0;3,0;38,56;0,04;0,004;0,0;0,01;0,044
121;25.07.2023;11:43:24;00:02:00;250,0;18,1;19,0;17,3;24,4;20,0;0,0;3,2;3,21E0;-541,2;20,00;3,0;3,0;38,56;0,04;0,003;0,0;0,01;0,044
122;25.07.2023;11:43:25;00:02:01;250,0;18,1;19,0;17,3;24,4;20,0;0,0;3,1;3,06E0;-541,2;20,00;3,0;3,0;38,56;0,04;0,004;0,0;0,00;0,044
123;25.07.2023;11:43:26;00:02:02;250,0;18,1;19,0;17,3;24,4;20,0;0,0;2,9;2,86E0;-541,2;20,00;3,0;3,0;38,56;0,04;0,004;0,0;0,00;0,044
124;25.07.2023;11:43:27;00:02:03;250,0;18,1;19,0;17,3;24,3;20,0;0,0;2,8;2,79E0;-541,2;20,00;3,0;3,1;38,56;0,04;0,004;0,0;0,01;0,044
125;25.07.2023;11:43:28;00:02:04;250,0;18,1;19,0;17,3;24,3;20,0;0,0;2,6;2,62E0;-541,2;20,00;3,0;3,0;38,56;0,04;0,004;0,0;0,00;0,044
126;25.07.2023;11:43:29;00:02:05;250,0;18,1;19,0;17,3;24,3;20,0;0,0;2,5;2,54E0;-541,2;20,00;3,0;3,1;38,57;0,04;0,007;0,0;0,01;0,044
127;25.07.2023;11:43:30;00:02:06;250,0;18,1;19,0;17,3;24,3;20,0;0,0;2,4;2,41E0;-541,2;20,00;3,0;2,9;38,56;0,04;0,004;0,0;0,01;0,044
128;25.07.2023;11:43:31;00:02:07;250,0;18,0;19,0;17,4;24,3;20,0;0,0;2,3;2,31E0;-541,2;20,00;3,0;3,0;38,56;0,04;0,002;0,0;0,01;0,044
129;25.07.2023;11:43:32;00:02:08;250,0;18,0;19,0;17,4;24,3;20,0;0,0;2,3;2,26E0;-541,2;20,00;3,0;3,0;38,56;0,04;0,005;0,0;0,00;0,044
130;25.07.2023;11:43:33;00:02:09;250,0;18,0;19,0;17,4;24,3;20,0;0,0;2,2;2,17E0;-541,2;20,00;3,0;3,0;38,56;0,04;0,010;0,0;0,00;0,044
131;25.07.2023;11:43:34;00:02:10;250,0;18,0;19,0;17,4;24,3;20,0;0,0;2,1;2,06E0;-541,2;20,00;3,0;3,0;38,57;0,04;0,005;0,0;0,01;0,044
132;25.07.2023;11:43:35;00:02:11;250,0;18,0;19,0;17,4;24,3;20,0;0,0;2,0;2,02E0;-541,2;20,00;3,0;3,0;38,57;0,04;0,009;0,0;0,00;0,044
133;25.07.2023;11:43:36;00:02:12;250,0;18,0;19,0;17,4;24,3;20,0;0,0;1,9;1,93E0;-541,2;20,00;3,0;3,0;38,56;0,04;0,007;0,0;0,00;0,043
134;25.07.2023;11:43:37;00:02:13;250,0;18,0;19,0;17,4;24,3;20,0;0,0;1,8;1,84E0;-541,2;20,00;3,0;3,0;38,56;0,04;0,007;0,0;0,00;0,044
135;25.07.2023;11:43:38;00:02:14;250,0;18,0;19,0;17,4;24,3;20,0;0,0;1,8;1,79E0;-541,2;20,00;3,0;3,0;38,56;0,04;0,003;0,0;0,01;0,042
136;25.07.2023;11:43:39;00:02:15;250,0;18,0;19,0;17,4;24,3;20,0;0,0;1,7;1,71E0;-541,2;20,00;3,0;3,1;38,57;0,04;0,006;0,0;0,01;0,044
137;25.07.2023;11:43:40;00:02:16;250,0;18,0;19,0;17,5;24,3;20,0;0,0;1,6;1,64E0;-541,2;20,00;3,0;3,1;38,57;0,04;0,003;0,0;0,00;0,044
138;25.07.2023;11:43:41;00:02:17;250,0;18,0;19,0;17,5;24,3;20,0;0,0;1,6;1,62E0;-541,2;20,00;3,0;3,0;38,57;0,04;0,004;0,0;0,01;0,043
139;25.07.2023;11:43:42;00:02:18;250,0;18,1;19,1;17,5;24,3;20,0;0,0;1,6;1,55E0;-541,2;20,00;3,0;3,0;38,57;0,04;0,005;0,0;0,00;0,044
140;25.07.2023;11:43:43;00:02:19;250,0;18,1;19,1;17,5;24,3;20,0;0,0;1,5;1,52E0;-541,2;20,00;3,0;2,9;38,56;0,04;-0,001;0,0;0,01;0,044
141;25.07.2023;11:43:44;00:02:20;250,0;18,1;19,1;17,5;24,3;20,0;0,0;1,5;1,46E0;-541,2;20,00;3,0;3,1;38,57;0,04;0,004;0,0;0,01;0,044
142;25.07.2023;11:43:45;00:02:21;250,0;18,0;19,1;17,5;24,3;20,0;0,0;1,4;1,40E0;-541,2;20,00;3,0;3,1;38,57;0,04;0,004;0,0;0,01;0,044
143;25.07.2023;11:43:46;00:02:22;250,0;18,0;19,1;17,5;24,3;20,0;0,0;1,4;1,37E0;-541,2;20,00;3,0;3,0;38,57;0,04;0,001;0,0;0,00;0,044
144;25.07.2023;11:43:47;00:02:23;250,0;18,0;19,1;17,6;24,3;20,0;0,0;1,3;1,31E0;-541,2;20,00;3,0;3,0;38,57;0,04;0,001;0,0;0,00;0,044
145;25.07.2023;11:43:48;00:02:24;250,0;18,0;19,1;17,6;24,3;20,0;0,0;1,2;1,25E0;-541,2;20,00;3,0;3,0;38,57;0,04;0,002;0,0;0,00;0,044
146;25.07.2023;11:43:49;00:02:25;250,0;18,0;19,1;17,6;24,3;20,0;0,0;1,2;1,22E0;-541,2;20,00;3,0;3,0;38,57;0,04;0,003;0,0;0,01;0,044
147;25.07.2023;11:43:50;00:02:26;250,0;18,0;19,1;17,6;24,3;20,0;0,0;1,2;1,16E0;-541,2;20,00;3,0;3,0;38,57;0,04;0,001;0,0;0,01;0,044
148;25.07.2023;11:43:51;00:02:27;250,0;18,0;19,1;17,6;24,3;20,0;0,0;1,1;1,12E0;-541,2;20,00;3,0;2,9;38,56;0,04;-0,003;0,0;0,01;0,044
149;25.07.2023;11:43:52;00:02:28;250,0;18,0;19,1;17,6;24,3;20,0;0,0;1,1;1,10E0;-541,2;20,00;3,0;2,9;38,57;0,04;-0,004;0,0;0,00;0,044
150;25.07.2023;11:43:53;00:02:29;250,0;18,0;19,1;17,6;24,3;20,0;0,0;1,1;1,05E0;-541,2;20,00;3,0;3,0;38,57;0,04;0,002;0,0;0,00;0,044
151;25.07.2023;11:43:54;00:02:30;250,0;18,0;19,1;17,6;24,3;20,0;0,0;1,0;1,01E0;-541,2;20,00;3,0;3,0;38,56;0,04;0,001;0,0;0,00;0,044
152;25.07.2023;11:43:55;00:02:31;250,0;18,0;19,1;17,7;24,3;20,0;0,0;1,0;9,94E-1;-541,2;20,00;3,0;2,9;38,57;0,04;-0,002;0,0;0,01;0,044
153;25.07.2023;11:43:56;00:02:32;250,0;18,0;19,1;17,7;24,3;20,0;0,0;1,0;9,56E-1;-541,2;20,00;3,0;2,9;38,57;0,04;-0,001;0,0;0,00;0,044
154;25.07.2023;11:43:57;00:02:33;250,0;18,0;19,1;17,7;24,3;20,0;0,0;0,9;9,37E-1;-541,2;20,00;3,0;3,0;38,57;0,04;0,003;0,0;0,00;0,044
155;25.07.2023;11:43:58;00:02:34;250,0;18,0;19,1;17,7;24,3;20,0;0,0;0,9;8,97E-1;-541,2;20,00;3,0;3,1;38,57;0,04;0,004;0,0;0,01;0,044
156;25.07.2023;11:43:59;00:02:35;250,0;18,0;19,1;17,7;24,2;20,0;0,0;0,9;8,60E-1;-541,2;20,00;3,0;2,9;38,57;0,04;0,001;0,0;0,01;0,043
157;25.07.2023;11:44:00;00:02:36;250,0;18,0;19,1;17,7;24,2;20,0;0,0;0,8;8,42E-1;-541,2;20,00;3,0;2,9;38,57;0,04;0,000;0,0;0,01;0,044
158;25.07.2023;11:44:01;00:02:37;250,0;18,0;19,1;17,7;24,2;20,0;0,0;0,8;8,07E-1;-541,2;20,00;3,0;2,9;38,57;0,04;0,001;0,0;0,01;0,044
159;25.07.2023;11:44:02;00:02:38;250,0;18,1;19,1;17,7;24,2;20,0;0,0;0,8;7,77E-1;-541,2;20,00;3,0;3,0;38,57;0,04;0,001;0,0;0,01;0,044
160;25.07.2023;11:44:03;00:02:39;250,0;18,0;19,1;17,7;24,2;20,0;0,0;0,8;7,63E-1;-541,2;20,00;3,0;3,0;38,57;0,04;0,004;0,0;0,00;0,044
161;25.07.2023;11:44:04;00:02:40;250,0;18,0;19,1;17,7;24,2;20,0;0,0;0,7;7,35E-1;-541,2;20,00;3,0;3,0;38,57;0,04;0,005;0,0;0,01;0,044
162;25.07.2023;11:44:05;00:02:41;250,0;18,0;19,1;17,8;24,2;20,0;0,0;0,7;7,11E-1;-541,2;20,00;3,0;3,0;38,57;0,04;0,002;0,0;0,00;0,044
163;25.07.2023;11:44:06;00:02:42;250,0;18,0;19,1;17,8;24,2;20,0;0,0;0,7;6,99E-1;-541,2;20,00;3,0;3,0;38,57;0,04;0,005;0,0;0,00;0,044
164;25.07.2023;11:44:07;00:02:43;250,0;18,0;19,1;17,8;24,2;20,0;0,0;0,7;6,75E-1;-541,2;20,00;3,0;2,9;38,57;0,04;0,004;0,0;0,01;0,044
165;25.07.2023;11:44:08;00:02:44;250,0;18,0;19,1;17,8;24,2;20,0;0,0;0,7;6,65E-1;-541,2;20,00;3,0;2,9;38,57;0,04;0,005;0,0;0,01;0,044
166;25.07.2023;11:44:09;00:02:45;250,0;18,0;19,1;17,8;24,2;20,0;0,0;0,6;6,42E-1;-541,2;20,00;3,0;2,9;38,57;0,04;0,009;0,0;0,00;0,044
167;25.07.2023;11:44:10;00:02:46;250,0;18,0;19,1;17,8;24,2;20,0;0,0;0,6;6,19E-1;-541,2;20,00;3,0;2,9;38,57;0,04;0,006;0,0;0,00;0,044
168;25.07.2023;11:44:11;00:02:47;250,0;18,0;19,1;17,8;24,2;20,0;0,0;0,6;6,09E-1;-541,2;20,00;3,0;2,9;38,57;0,04;0,005;0,0;0,01;0,044
169;25.07.2023;11:44:12;00:02:48;250,0;18,0;19,1;17,8;24,2;20,0;0,0;0,6;5,89E-1;-541,2;20,00;3,0;2,9;38,57;0,04;0,002;0,0;0,00;0,044
170;25.07.2023;11:44:13;00:02:49;250,0;18,0;19,1;17,8;24,2;20,0;0,0;0,6;5,69E-1;-541,2;20,00;3,0;2,9;38,57;0,04;0,001;0,0;0,01;0,044
171;25.07.2023;11:44:14;00:02:50;250,0;18,0;19,1;17,8;24,2;20,0;0,0;0,6;5,61E-1;-541,2;20,00;3,0;2,9;38,57;0,04;0,003;0,0;0,01;0,044
172;25.07.2023;11:44:15;00:02:51;250,0;18,0;19,1;17,8;24,2;20,0;0,0;0,5;5,42E-1;-541,2;20,00;3,0;3,0;38,57;0,04;0,006;0,0;0,00;0,044
173;25.07.2023;11:44:16;00:02:52;250,0;18,0;19,1;17,8;24,2;20,0;0,0;0,5;5,26E-1;-541,2;20,00;3,0;3,0;38,57;0,04;0,002;0,0;0,00;0,044
174;25.07.2023;11:44:17;00:02:53;250,0;18,0;19,1;17,8;24,2;20,0;0,0;0,5;5,20E-1;-541,2;20,00;3,0;3,0;38,57;0,04;0,003;0,0;0,00;0,044
175;25.07.2023;11:44:18;00:02:54;250,0;18,0;19,1;17,8;24,2;20,0;0,0;0,5;5,07E-1;-541,2;20,00;3,0;2,9;38,57;0,04;0,002;0,0;0,00;0,044
176;25.07.2023;11:44:19;00:02:55;250,0;18,0;19,1;17,8;24,2;20,0;0,0;0,5;4,95E-1;-541,2;20,00;3,0;2,9;38,57;0,04;0,004;0,0;0,01;0,044
177;25.07.2023;11:44:20;00:02:56;250,0;18,0;19,1;17,8;24,2;20,0;0,0;0,5;4,89E-1;-541,2;20,00;3,0;3,0;38,57;0,04;0,006;0,0;0,01;0,044
178;25.07.2023;11:44:21;00:02:57;250,0;18,0;19,1;17,8;24,2;20,0;0,0;0,5;4,78E-1;-541,2;20,00;3,0;3,0;38,57;0,04;0,002;0,0;0,00;0,044
179;25.07.2023;11:44:22;00:02:58;250,0;18,0;19,1;17,8;24,2;20,0;0,0;0,5;4,72E-1;-541,2;20,00;3,0;2,9;38,57;0,04;-0,001;0,0;0,00;0,044
180;25.07.2023;11:44:23;00:02:59;250,0;17,9;19,1;17,8;24,1;20,0;0,0;0,5;4,60E-1;-541,2;20,00;3,0;3,0;38,57;0,04;0,002;0,0;0,00;0,044
181;25.07.2023;11:44:24;00:03:00;250,0;17,9;19,1;17,8;24,1;20,0;0,0;0,4;4,50E-1;-541,2;20,00;3,0;2,9;38,57;0,04;-0,002;0,0;0,00;0,044
182;25.07.2023;11:44:25;00:03:01;250,0;17,9;19,1;17,8;24,1;20,0;0,0;0,4;4,44E-1;-541,2;20,00;3,0;3,0;38,57;0,04;0,005;0,0;0,00;0,043
183;25.07.2023;11:44:26;00:03:02;250,0;17,9;19,1;17,8;24,1;20,0;0,0;0,4;4,35E-1;-541,2;20,00;3,0;2,9;38,57;0,04;0,003;0,0;0,00;0,044
184;25.07.2023;11:44:27;00:03:03;250,0;17,9;19,1;17,8;24,1;21,5;0,3;0,4;4,26E-1;-541,2;20,00;3,0;2,9;38,57;0,04;-0,001;0,0;0,00;0,044
185;25.07.2023;11:44:28;00:03:04;250,0;17,9;19,1;17,8;24,1;22,2;0,4;0,4;4,21E-1;-541,2;20,00;3,0;3,0;38,57;0,04;0,004;0,0;0,00;0,044
186;25.07.2023;11:44:29;00:03:05;250,0;17,9;19,1;17,8;24,1;23,6;0,5;0,4;4,12E-1;-541,2;20,00;3,0;3,0;38,57;0,04;0,004;0,0;0,00;0,044
187;25.07.2023;11:44:30;00:03:06;250,0;17,9;19,1;17,8;24,0;25,1;0,6;0,4;4,02E-1;-541,2;20,00;3,0;3,1;38,57;0,04;0,005;0,0;0,01;0,044
188;25.07.2023;11:44:31;00:03:07;250,0;17,9;19,1;17,8;24,0;25,8;0,7;0,4;3,98E-1;-541,2;20,00;3,0;3,1;38,57;0,04;0,004;0,0;0,00;0,044
189;25.07.2023;11:44:32;00:03:08;250,0;17,9;19,1;17,8;24,0;27,2;0,8;0,4;3,90E-1;-541,2;20,00;3,0;3,0;38,57;0,04;0,000;0,0;0,01;0,044
190;25.07.2023;11:44:33;00:03:09;250,0;17,9;19,1;17,8;24,0;28,6;1,0;0,4;3,82E-1;-541,2;20,00;3,0;3,0;38,57;0,04;-0,002;0,0;0,00;0,044
191;25.07.2023;11:44:34;00:03:10;250,0;17,9;19,1;17,8;24,0;29,3;1,0;0,4;3,78E-1;-541,2;20,00;3,0;3,0;38,57;0,04;0,000;0,0;0,00;0,044
192;25.07.2023;11:44:35;00:03:11;250,0;17,9;19,1;17,9;24,0;30,7;1,2;0,4;3,70E-1;-541,2;20,00;3,0;3,0;38,57;0,04;0,002;0,0;0,01;0,044
193;25.07.2023;11:44:36;00:03:12;250,0;17,9;19,1;17,9;24,0;31,5;1,2;0,4;3,66E-1;-541,2;20,00;3,0;2,9;38,57;0,04;-0,001;0,0;0,00;0,044
194;25.07.2023;11:44:37;00:03:13;250,0;17,9;19,1;17,9;24,0;32,9;1,4;0,4;3,60E-1;-541,2;20,00;3,0;2,9;38,57;0,04;-0,003;0,0;0,01;0,044
195;25.07.2023;11:44:38;00:03:14;250,0;17,9;19,1;17,9;24,0;34,3;1,5;0,4;3,55E-1;-541,2;20,00;3,0;2,9;38,57;0,04;0,000;0,0;0,00;0,043
196;25.07.2023;11:44:39;00:03:15;250,0;17,9;19,1;17,9;24,0;35,0;1,6;0,4;3,52E-1;-541,2;20,00;3,0;3,0;38,57;0,04;0,002;0,0;0,01;0,044
197;25.07.2023;11:44:40;00:03:16;250,0;17,9;19,1;17,9;24,0;36,4;1,7;0,3;3,47E-1;-541,2;20,00;3,0;3,0;38,57;0,04;0,001;0,0;0,01;0,044
198;25.07.2023;11:44:41;00:03:17;250,0;17,9;19,1;17,9;24,0;37,8;1,9;0,3;3,41E-1;-541,2;20,00;3,0;3,0;38,57;0,04;-0,002;0,0;0,01;0,044
199;25.07.2023;11:44:42;00:03:18;250,0;17,9;19,1;17,9;24,0;38,7;2,0;0,3;3,38E-1;-541,2;20,00;3,0;3,0;38,57;0,04;-0,001;0,0;0,00;0,044
200;25.07.2023;11:44:43;00:03:19;250,0;18,0;19,1;17,9;24,0;40,1;2,1;0,3;3,33E-1;-541,2;20,00;3,0;3,0;38,57;0,04;0,001;0,0;0,00;0,043
201;25.07.2023;11:44:44;00:03:20;250,0;18,0;19,1;17,9;24,0;41,5;2,2;0,3;3,28E-1;-541,2;20,00;3,0;2,9;38,57;0,04;-0,001;0,0;0,01;0,044
202;25.07.2023;11:44:45;00:03:21;250,0;18,0;19,1;17,9;24,0;42,2;2,3;0,3;3,26E-1;-541,2;20,00;3,0;3,0;38,57;0,04;0,001;0,0;0,00;0,044
203;25.07.2023;11:44:46;00:03:22;250,0;18,0;19,1;17,9;24,0;43,6;2,5;0,3;3,22E-1;-541,2;20,00;3,0;3,0;38,57;0,04;-0,001;0,0;0,01;0,044
204;25.07.2023;11:44:47;00:03:23;250,0;18,0;19,1;17,9;24,0;44,3;2,5;0,3;3,20E-1;-541,2;20,00;3,0;3,0;38,57;0,04;0,001;0,0;0,00;0,044
205;25.07.2023;11:44:48;00:03:24;250,0;18,0;19,1;17,9;24,0;45,8;2,7;0,3;3,15E-1;-541,2;20,00;3,0;3,0;38,57;0,04;0,004;0,0;0,00;0,044
206;25.07.2023;11:44:49;00:03:25;250,0;18,0;19,1;17,9;24,0;47,2;2,8;0,3;3,10E-1;-541,2;20,00;3,0;3,0;38,57;0,04;0,004;0,0;0,00;0,043
207;25.07.2023;11:44:50;00:03:26;250,0;18,0;19,1;17,9;24,0;47,9;2,9;0,3;3,08E-1;-541,2;20,00;3,0;3,0;38,57;0,04;0,007;0,0;0,00;0,044
208;25.07.2023;11:44:51;00:03:27;250,0;18,0;19,2;18,0;24,0;49,3;3,1;0,3;3,04E-1;-541,2;20,00;3,0;3,0;38,57;0,04;0,004;0,0;0,00;0,044
209;25.07.2023;11:44:52;00:03:28;250,0;18,0;19,2;18,0;24,0;50,7;3,2;0,3;3,00E-1;-541,2;20,00;3,0;3,0;38,57;0,04;0,007;0,0;0,00;0,044
210;25.07.2023;11:44:53;00:03:29;250,0;18,0;19,2;18,0;24,0;51,4;3,3;0,3;2,98E-1;-541,2;20,00;3,0;2,9;38,57;0,04;0,004;0,0;0,00;0,044
211;25.07.2023;11:44:54;00:03:30;250,0;18,0;19,2;18,0;24,0;52,9;3,5;0,3;2,94E-1;-541,2;20,00;3,0;3,0;38,57;0,04;0,003;0,0;0,00;0,044
212;25.07.2023;11:44:55;00:03:31;250,0;18,0;19,2;18,0;24,0;54,3;3,6;0,3;2,91E-1;-541,2;20,00;3,0;3,0;38,57;0,04;0,003;0,0;0,00;0,044
213;25.07.2023;11:44:56;00:03:32;250,0;18,0;19,2;18,0;24,0;55,0;3,7;0,3;2,89E-1;-541,2;20,00;3,0;3,0;38,57;0,04;0,004;0,0;0,01;0,044
214;25.07.2023;11:44:57;00:03:33;250,0;18,0;19,2;18,0;24,0;56,4;3,9;0,3;2,85E-1;-541,2;20,00;3,0;3,0;38,57;0,04;0,002;0,0;0,00;0,044
215;25.07.2023;11:44:58;00:03:34;250,0;18,0;19,2;18,0;24,0;57,8;4,0;0,3;2,82E-1;-541,2;20,00;3,0;3,1;38,57;0,04;-0,002;0,0;0,00;0,044
216;25.07.2023;11:44:59;00:03:35;250,0;18,0;19,2;18,0;24,0;58,5;4,1;0,3;2,80E-1;-541,2;20,00;3,0;3,1;38,57;0,04;0,001;0,0;0,00;0,044
217;25.07.2023;11:45:00;00:03:36;250,0;18,0;19,2;18,0;24,0;60,0;4,3;0,3;2,76E-1;-541,2;20,00;3,0;3,0;38,57;0,04;0,003;0,0;0,00;0,044
218;25.07.2023;11:45:01;00:03:37;250,0;18,0;19,2;18,0;24,0;60,7;4,4;0,3;2,75E-1;-541,2;20,00;3,0;3,0;38,57;0,04;0,002;0,0;0,01;0,044
219;25.07.2023;11:45:02;00:03:38;250,0;17,9;19,1;17,9;24,0;62,1;4,5;0,3;2,72E-1;-541,2;20,00;3,0;3,1;38,57;0,04;0,002;0,0;0,00;0,044
220;25.07.2023;11:45:03;00:03:39;250,0;17,9;19,1;17,9;23,9;63,5;4,7;0,3;2,68E-1;-541,2;20,00;3,0;3,1;38,57;0,04;0,001;0,0;0,00;0,044
221;25.07.2023;11:45:04;00:03:40;250,0;17,9;19,1;17,9;23,9;64,2;4,8;0,3;2,67E-1;-541,2;20,00;3,0;3,0;38,57;0,04;-0,001;0,0;0,00;0,044
222;25.07.2023;11:45:05;00:03:41;250,0;17,9;19,1;17,9;23,9;65,6;4,9;0,3;2,64E-1;-541,2;20,00;3,0;3,0;38,57;0,04;-0,002;0,0;0,00;0,044
223;25.07.2023;11:45:06;00:03:42;250,0;17,9;19,1;17,9;23,9;67,1;5,1;0,3;2,60E-1;-541,2;20,00;3,0;3,0;38,57;0,05;-0,003;0,0;0,00;0,044
224;25.07.2023;11:45:07;00:03:43;250,0;17,9;19,1;17,9;23,9;67,8;5,2;0,3;2,59E-1;-541,2;20,00;3,0;3,0;38,57;0,04;0,003;0,0;0,01;0,044
225;25.07.2023;11:45:08;00:03:44;250,0;17,9;19,1;17,9;23,9;69,2;5,4;0,3;2,57E-1;-541,2;20,00;3,0;2,9;38,57;0,04;-0,003;0,0;0,01;0,043
226;25.07.2023;11:45:09;00:03:45;250,0;17,9;19,1;17,9;23,9;70,6;5,5;0,3;2,54E-1;-541,2;20,00;3,0;2,9;38,57;0,04;-0,002;0,0;0,01;0,044
227;25.07.2023;11:45:10;00:03:46;250,0;17,9;19,1;17,9;23,9;71,3;5,6;0,3;2,52E-1;-541,2;20,00;3,0;3,0;38,57;0,04;0,001;0,0;0,01;0,044
228;25.07.2023;11:45:11;00:03:47;250,0;17,9;19,1;18,0;23,9;72,7;5,8;0,2;2,50E-1;-541,2;20,00;3,0;3,0;38,57;0,04;0,003;0,0;0,01;0,044
229;25.07.2023;11:45:12;00:03:48;250,0;17,9;19,1;18,0;23,9;74,2;6,0;0,2;2,47E-1;-541,2;20,00;3,0;3,0;38,57;0,04;0,002;0,0;0,00;0,044
230;25.07.2023;11:45:13;00:03:49;250,0;17,9;19,1;18,0;23,9;74,9;6,1;0,2;2,46E-1;-541,2;20,00;3,0;3,0;38,57;0,04;0,002;0,0;0,00;0,044
231;25.07.2023;11:45:14;00:03:50;250,0;17,9;19,1;18,0;23,9;76,3;6,3;0,2;2,44E-1;-541,2;20,00;3,0;3,1;38,57;0,04;0,003;0,0;0,00;0,044
232;25.07.2023;11:45:15;00:03:51;250,0;17,9;19,1;18,0;23,9;77,0;6,3;0,2;2,43E-1;-541,2;20,00;3,0;3,1;38,57;0,04;0,005;0,0;0,01;0,044
233;25.07.2023;11:45:16;00:03:52;250,0;17,9;19,1;18,0;23,8;78,4;6,5;0,2;2,41E-1;-541,2;20,00;3,0;3,0;38,57;0,04;0,002;0,0;0,00;0,044
234;25.07.2023;11:45:17;00:03:53;250,0;17,9;19,1;18,0;23,8;79,8;6,7;0,2;2,39E-1;-541,2;20,00;3,0;3,0;38,57;0,04;0,001;0,0;0,01;0,044
235;25.07.2023;11:45:18;00:03:54;250,0;17,9;19,1;18,0;23,8;80,5;6,8;0,2;2,38E-1;-541,2;20,00;3,0;3,1;38,57;0,05;0,002;0,0;0,00;0,044
236;25.07.2023;11:45:19;00:03:55;250,0;17,9;19,1;18,0;23,8;82,1;7,0;0,2;2,35E-1;-541,2;20,00;3,0;3,1;38,57;0,04;0,003;0,0;0,00;0,044
237;25.07.2023;11:45:20;00:03:56;250,0;17,9;19,1;18,0;23,8;83,5;7,2;0,2;2,34E-1;-541,2;20,00;3,0;3,0;38,57;0,04;0,002;0,0;0,01;0,044
238;25.07.2023;11:45:21;00:03:57;250,0;17,9;19,1;18,0;23,8;84,2;7,3;0,2;2,33E-1;-541,2;20,00;3,0;3,0;38,57;0,04;0,003;0,0;0,00;0,044
239;25.07.2023;11:45:22;00:03:58;250,0;17,9;19,2;18,0;23,8;85,6;7,4;0,2;2,31E-1;-541,2;20,00;3,0;2,9;38,57;0,04;0,002;0,0;0,00;0,044
240;25.07.2023;11:45:23;00:03:59;250,0;17,9;19,2;18,0;23,9;87,0;7,6;0,2;2,29E-1;-541,2;20,00;3,0;3,0;38,57;0,04;0,002;0,0;0,00;0,044
241;25.07.2023;11:45:24;00:04:00;250,0;17,9;19,2;18,0;23,9;87,7;7,7;0,2;2,29E-1;-541,2;20,00;3,0;3,0;38,57;0,04;0,003;0,0;0,01;0,044
242;25.07.2023;11:45:25;00:04:01;250,0;17,9;19,2;18,0;23,9;89,2;7,9;0,2;2,27E-1;-541,2;20,00;3,0;3,0;38,57;0,05;0,003;0,0;0,00;0,044
243;25.07.2023;11:45:26;00:04:02;250,0;18,0;19,2;18,0;23,9;89,9;8,0;0,2;2,26E-1;-541,2;20,00;3,0;3,1;38,57;0,04;0,009;0,0;0,01;0,044
244;25.07.2023;11:45:27;00:04:03;250,0;18,0;19,2;18,0;23,9;91,3;8,2;0,2;2,24E-1;-541,2;20,00;3,0;3,0;38,57;0,05;0,004;0,0;0,00;0,044
245;25.07.2023;11:45:28;00:04:04;250,0;18,0;19,2;18,0;23,9;92,7;8,4;0,2;2,22E-1;-541,2;20,00;3,0;2,9;38,57;0,04;0,003;0,0;0,00;0,044
246;25.07.2023;11:45:29;00:04:05;250,0;18,0;19,2;18,0;23,9;93,4;8,5;0,2;2,21E-1;-541,2;20,00;3,0;2,9;38,57;0,04;-0,001;0,0;0,00;0,044
247;25.07.2023;11:45:30;00:04:06;250,0;17,9;19,2;18,0;23,8;94,9;8,7;0,2;2,19E-1;-541,2;20,00;3,0;3,0;38,57;0,04;0,001;0,0;0,01;0,044
248;25.07.2023;11:45:31;00:04:07;250,0;17,9;19,2;18,0;23,8;96,3;8,9;0,2;2,18E-1;-541,2;20,00;3,0;3,0;38,57;0,04;0,000;0,0;0,00;0,044
249;25.07.2023;11:45:32;00:04:08;250,0;17,9;19,2;18,0;23,8;97,0;9,0;0,2;2,17E-1;-541,2;20,00;3,0;3,0;38,57;0,05;0,001;0,0;0,00;0,044
250;25.07.2023;11:45:33;00:04:09;250,0;17,9;19,2;18,0;23,8;98,4;9,2;0,2;2,15E-1;-541,2;20,00;3,0;3,1;38,57;0,05;0,003;0,0;0,00;0,044
251;25.07.2023;11:45:34;00:04:10;250,0;17,9;19,2;18,0;23,8;99,8;9,4;0,2;2,14E-1;-541,2;20,00;3,0;3,0;38,57;0,04;0,001;0,0;0,00;0,044
252;25.07.2023;11:45:35;00:04:11;250,0;17,9;19,2;18,1;23,8;100,5;9,5;0,2;2,13E-1;-541,2;20,00;3,0;2,9;38,57;0,04;-0,001;0,0;0,00;0,043
253;25.07.2023;11:45:36;00:04:12;250,0;17,9;19,2;18,1;23,8;102,0;9,7;0,2;2,11E-1;-541,2;20,00;3,0;3,0;38,57;0,05;0,004;0,0;0,01;0,044
254;25.07.2023;11:45:37;00:04:13;250,0;17,9;19,2;18,1;23,8;103,4;9,9;0,2;2,10E-1;-541,2;20,00;3,0;3,0;38,57;0,05;0,009;0,0;0,01;0,044
255;25.07.2023;11:45:38;00:04:14;250,0;17,9;19,2;18,1;23,8;104,1;10,0;0,2;2,09E-1;-541,2;20,00;3,0;3,0;38,57;0,05;0,008;0,0;0,00;0,044
256;25.07.2023;11:45:39;00:04:15;250,0;17,9;19,2;18,1;23,8;105,5;10,2;0,2;2,08E-1;-541,2;20,00;3,0;3,0;38,57;0,05;0,013;0,0;0,00;0,044
257;25.07.2023;11:45:40;00:04:16;250,0;17,9;19,2;18,1;23,8;106,2;10,3;0,2;2,07E-1;-541,2;20,00;3,0;3,0;38,57;0,05;0,013;0,0;0,00;0,044
258;25.07.2023;11:45:41;00:04:17;250,0;17,9;19,2;18,1;23,8;107,6;10,5;0,2;2,06E-1;-541,2;20,00;3,0;2,9;38,57;0,05;0,008;0,0;0,00;0,044
259;25.07.2023;11:45:42;00:04:18;250,0;17,9;19,2;18,0;23,8;109,1;10,7;0,2;2,04E-1;-541,2;20,00;3,0;3,1;38,57;0,05;0,009;0,0;0,00;0,044
260;25.07.2023;11:45:43;00:04:19;250,0;17,9;19,2;18,0;23,8;109,8;10,8;0,2;2,03E-1;-541,2;20,00;3,0;3,1;38,57;0,05;0,010;0,0;0,00;0,044
261;25.07.2023;11:45:44;00:04:20;250,0;17,9;19,2;18,0;23,8;111,2;11,0;0,2;2,02E-1;-541,2;20,00;3,0;3,1;38,57;0,05;0,014;0,0;0,01;0,044
262;25.07.2023;11:45:45;00:04:21;250,0;17,9;19,2;18,0;23,8;112,6;11,2;0,2;2,01E-1;-541,2;20,00;3,0;3,0;38,57;0,05;0,008;0,0;0,00;0,044
263;25.07.2023;11:45:46;00:04:22;250,0;17,9;19,2;18,0;23,7;113,3;11,3;0,2;2,00E-1;-541,2;20,00;3,0;2,9;38,57;0,05;0,002;0,0;0,01;0,044
264;25.07.2023;11:45:47;00:04:23;250,0;17,9;19,2;18,0;23,7;114,7;11,6;0,2;1,99E-1;-541,2;20,00;3,0;3,1;38,57;0,05;0,007;0,0;0,00;0,044
265;25.07.2023;11:45:48;00:04:24;250,0;17,9;19,2;18,0;23,7;116,2;11,8;0,2;1,97E-1;-541,2;20,00;3,0;3,0;38,57;0,05;0,006;0,0;0,01;0,044
266;25.07.2023;11:45:49;00:04:25;250,0;17,9;19,2;18,0;23,7;117,6;12,0;0,2;1,96E-1;-541,2;20,00;3,0;3,1;38,57;0,05;0,009;0,0;0,01;0,044
267;25.07.2023;11:45:50;00:04:26;250,0;17,9;19,2;18,0;23,7;118,3;12,1;0,2;1,96E-1;-541,2;20,00;3,0;3,0;38,57;0,05;0,006;0,0;0,00;0,044
268;25.07.2023;11:45:51;00:04:27;250,0;17,9;19,2;18,0;23,7;119,7;12,3;0,2;1,94E-1;-541,2;20,00;3,0;3,0;38,57;0,05;0,004;0,0;0,00;0,044
269;25.07.2023;11:45:52;00:04:28;250,0;17,9;19,2;18,0;23,7;121,1;12,5;0,2;1,93E-1;-541,2;20,00;3,0;3,1;38,57;0,05;0,005;0,0;0,01;0,044
270;25.07.2023;11:45:53;00:04:29;250,0;17,9;19,2;18,0;23,7;121,8;12,6;0,2;1,92E-1;-541,2;20,00;3,0;3,0;38,57;0,05;0,003;0,0;0,00;0,044
271;25.07.2023;11:45:54;00:04:30;250,0;17,9;19,2;18,0;23,7;123,4;12,9;0,2;1,91E-1;-541,2;20,00;3,0;3,0;38,57;0,05;0,000;0,0;0,00;0,044
272;25.07.2023;11:45:55;00:04:31;250,0;17,9;19,2;18,1;23,7;124,1;13,0;0,2;1,90E-1;-541,2;20,00;3,0;3,0;38,57;0,05;0,000;0,0;0,00;0,044
273;25.07.2023;11:45:56;00:04:32;250,0;17,9;19,2;18,1;23,7;125,5;13,2;0,2;1,89E-1;-541,2;20,00;3,0;3,1;38,57;0,05;0,004;0,0;0,00;0,044
274;25.07.2023;11:45:57;00:04:33;250,0;17,9;19,2;18,1;23,7;126,9;13,4;0,2;1,88E-1;-541,2;20,00;3,0;3,0;38,58;0,05;0,022;1,1;3,94;0,268
275;25.07.2023;11:45:58;00:04:34;250,0;17,9;19,2;18,1;23,7;127,6;13,5;0,2;1,87E-1;-541,2;20,00;3,0;3,0;38,57;0,05;0,031;1,1;3,93;0,272
276;25.07.2023;11:45:59;00:04:35;250,1;18,0;19,2;18,1;23,8;129,0;13,7;0,2;1,86E-1;-541,2;20,00;3,0;3,1;38,57;0,05;0,032;1,1;3,94;0,275
277;25.07.2023;11:46:00;00:04:36;250,0;18,4;19,2;18,1;23,8;130,5;14,0;0,2;1,86E-1;-541,2;20,00;3,0;3,0;38,57;0,05;0,024;1,1;3,97;0,278
278;25.07.2023;11:46:01;00:04:37;250,2;18,4;19,2;18,1;23,8;131,2;14,1;0,2;1,85E-1;-541,2;20,00;3,0;2,9;38,57;0,04;0,020;1,1;3,94;0,283
279;25.07.2023;11:46:02;00:04:38;250,0;18,2;19,1;17,9;23,9;132,6;14,3;0,2;1,84E-1;-541,2;20,00;3,0;2,9;38,57;0,05;0,011;1,1;3,96;0,283
280;25.07.2023;11:46:03;00:04:39;250,0;18,2;19,1;17,9;23,9;134,0;14,5;0,2;1,83E-1;-541,2;20,00;3,0;3,0;38,58;0,05;0,009;1,2;3,97;0,288
281;25.07.2023;11:46:04;00:04:40;250,0;19,3;19,1;17,9;24,1;134,7;14,6;0,2;1,83E-1;-541,2;20,00;3,0;3,0;38,57;0,05;0,007;1,2;3,99;0,288
282;25.07.2023;11:46:05;00:04:41;250,0;20,9;19,2;18,0;24,3;136,1;14,7;0,2;1,82E-1;-541,2;20,00;3,0;3,0;38,58;0,05;0,009;1,2;4,03;0,293
283;25.07.2023;11:46:06;00:04:42;250,0;20,9;19,4;18,0;24,3;137,6;14,9;0,2;1,81E-1;-541,2;20,00;3,0;3,0;38,58;0,05;0,002;1,2;4,04;0,295
284;25.07.2023;11:46:07;00:04:43;250,1;23,2;19,4;18,0;24,3;138,3;14,8;0,2;1,81E-1;-541,2;20,00;3,0;3,0;38,57;0,05;0,002;1,2;4,02;0,294
285;25.07.2023;11:46:08;00:04:44;250,1;23,2;19,5;18,0;24,4;139,7;15,0;0,2;1,80E-1;-541,2;20,00;3,0;3,0;38,58;0,05;0,000;1,2;4,01;0,295
286;25.07.2023;11:46:09;00:04:45;250,0;23,2;19,5;18,0;24,4;140,4;15,1;0,2;1,80E-1;-541,2;20,00;3,0;3,0;38,57;0,05;0,002;1,2;4,00;0,299
287;25.07.2023;11:46:10;00:04:46;250,0;25,8;19,5;18,0;24,5;141,8;15,1;0,2;1,79E-1;-541,2;20,00;3,0;3,0;38,58;0,05;-0,002;1,2;3,98;0,300
288;25.07.2023;11:46:11;00:04:47;250,2;28,6;19,7;18,1;24,6;143,2;15,1;0,2;1,79E-1;-541,2;20,00;3,0;3,0;38,57;0,05;-0,001;1,2;4,05;0,302
289;25.07.2023;11:46:12;00:04:48;250,1;28,6;19,7;18,1;24,6;143,9;15,2;0,2;1,79E-1;-541,2;20,00;3,0;2,9;38,57;0,05;-0,004;1,2;4,04;0,302
290;25.07.2023;11:46:13;00:04:49;250,2;31,5;19,9;18,2;24,6;145,4;15,3;0,2;1,78E-1;-541,2;20,00;3,0;3,0;38,57;0,05;-0,001;1,3;4,04;0,305
291;25.07.2023;11:46:14;00:04:50;250,1;31,5;19,9;18,2;24,6;146,8;15,4;0,2;1,77E-1;-541,2;20,00;3,0;2,9;38,58;0,05;-0,003;1,2;4,06;0,306
292;25.07.2023;11:46:15;00:04:51;250,0;34,5;20,1;18,2;24,7;147,5;15,3;0,2;1,77E-1;-541,2;20,00;3,0;3,0;38,57;0,05;-0,001;1,2;4,05;0,308
293;25.07.2023;11:46:16;00:04:52;250,1;34,5;20,3;18,3;24,7;148,9;15,5;0,2;1,76E-1;-541,2;20,00;3,0;3,0;38,58;0,05;0,000;1,2;4,01;0,308
294;25.07.2023;11:46:17;00:04:53;250,0;37,6;20,3;18,3;24,7;150,3;15,5;0,2;1,76E-1;-541,2;20,00;3,0;2,9;38,57;0,05;-0,001;1,2;4,05;0,308
295;25.07.2023;11:46:18;00:04:54;250,2;37,6;20,5;18,3;24,7;151,0;15,6;0,2;1,76E-1;-541,2;20,00;3,0;3,0;38,58;0,05;-0,003;1,3;4,07;0,310
296;25.07.2023;11:46:19;00:04:55;250,2;40,7;20,5;18,4;24,7;152,5;15,5;0,2;1,75E-1;-541,2;20,00;3,0;3,0;38,57;0,05;-0,001;1,3;4,09;0,313
297;25.07.2023;11:46:20;00:04:56;250,1;43,9;20,7;18,5;24,7;153,9;15,6;0,2;1,75E-1;-541,2;20,00;3,0;3,0;38,57;0,05;0,002;1,3;4,07;0,313
298;25.07.2023;11:46:21;00:04:57;250,1;43,9;20,7;18,5;24,7;154,6;15,6;0,2;1,75E-1;-541,2;20,00;3,0;3,1;38,57;0,05;0,001;1,3;4,06;0,313
299;25.07.2023;11:46:22;00:04:58;250,2;43,9;20,8;18,6;24,8;156,0;15,8;0,2;1,74E-1;-541,2;20,00;3,0;3,0;38,57;0,05;-0,003;1,3;4,11;0,313
300;25.07.2023;11:46:23;00:04:59;250,2;47,3;21,0;18,7;24,8;156,7;15,8;0,2;1,74E-1;-541,2;20,00;3,0;3,0;38,57;0,05;0,001;1,3;4,09;0,313
301;25.07.2023;11:46:24;00:05:00;250,0;47,3;21,0;18,7;24,8;158,1;15,8;0,2;1,73E-1;-541,2;20,00;3,0;3,0;38,57;0,05;-0,008;1,3;4,07;0,316
302;25.07.2023;11:46:25;00:05:01;250,2;50,7;21,1;18,9;24,8;159,7;15,9;0,2;1,73E-1;-541,2;20,00;3,0;3,0;38,57;0,05;-0,010;1,3;4,08;0,317
303;25.07.2023;11:46:26;00:05:02;250,0;50,7;21,1;18,9;24,8;160,4;15,9;0,2;1,73E-1;-541,2;20,00;3,0;3,0;38,57;0,05;-0,006;1,3;4,08;0,317
304;25.07.2023;11:46:27;00:05:03;250,1;54,0;21,3;19,0;24,8;161,8;15,8;0,2;1,72E-1;-541,2;20,00;3,0;2,9;38,57;0,05;-0,008;1,3;4,10;0,317
305;25.07.2023;11:46:28;00:05:04;250,2;54,0;21,6;19,0;24,8;163,2;16,0;0,2;1,71E-1;-541,2;20,00;3,0;3,0;38,57;0,05;-0,006;1,3;4,10;0,320
306;25.07.2023;11:46:29;00:05:05;250,3;54,0;21,6;19,0;24,8;163,9;16,2;0,2;1,71E-1;-541,2;20,00;3,0;3,0;38,57;0,05;-0,007;1,3;4,08;0,321
307;25.07.2023;11:46:30;00:05:06;250,0;57,2;21,6;19,1;24,8;165,3;16,1;0,2;1,71E-1;-541,2;20,00;3,0;3,0;38,57;0,05;-0,010;1,3;4,07;0,322
308;25.07.2023;11:46:31;00:05:07;250,1;60,3;21,8;19,3;24,9;166,8;16,1;0,2;1,70E-1;-541,2;20,00;3,0;3,0;38,57;0,05;-0,011;1,3;4,08;0,321
309;25.07.2023;11:46:32;00:05:08;250,0;60,3;21,8;19,3;24,9;167,5;16,2;0,2;1,70E-1;-541,2;20,00;3,0;3,0;38,57;0,05;-0,009;1,3;4,06;0,322
310;25.07.2023;11:46:33;00:05:09;250,1;63,2;21,9;19,4;24,9;168,9;16,2;0,2;1,69E-1;-541,2;20,00;3,0;3,0;38,57;0,05;-0,014;1,3;4,09;0,323
311;25.07.2023;11:46:34;00:05:10;250,2;63,2;21,9;19,4;24,9;169,6;16,2;0,2;1,69E-1;-541,2;20,00;3,0;3,0;38,57;0,05;-0,011;1,3;4,10;0,324
312;25.07.2023;11:46:35;00:05:11;250,1;66,2;22,1;19,6;24,9;171,0;16,2;0,2;1,69E-1;-541,2;20,00;3,0;3,0;38,57;0,05;-0,012;1,3;4,11;0,327
313;25.07.2023;11:46:36;00:05:12;250,2;66,2;22,3;19,7;24,9;172,4;16,4;0,2;1,68E-1;-541,2;20,00;3,0;3,1;38,57;0,05;-0,008;1,4;4,12;0,327
314;25.07.2023;11:46:37;00:05:13;250,1;69,1;22,3;19,7;24,9;173,2;16,3;0,2;1,68E-1;-541,2;20,00;3,0;3,0;38,57;0,05;-0,008;1,3;4,15;0,327
315;25.07.2023;11:46:38;00:05:14;250,1;69,1;22,5;19,7;24,9;174,6;16,5;0,2;1,68E-1;-541,2;20,00;3,0;3,0;38,57;0,05;-0,012;1,3;4,13;0,327
316;25.07.2023;11:46:39;00:05:15;250,0;71,9;22,5;19,9;24,9;176,0;16,5;0,2;1,67E-1;-541,2;20,00;3,0;3,0;38,57;0,05;-0,015;1,3;4,11;0,331
317;25.07.2023;11:46:40;00:05:16;250,0;71,9;22,5;19,9;24,9;176,7;16,6;0,2;1,67E-1;-541,2;20,00;3,0;3,0;38,57;0,05;-0,011;1,3;4,10;0,327
318;25.07.2023;11:46:41;00:05:17;250,1;74,7;22,7;20,0;24,9;178,1;16,5;0,2;1,67E-1;-541,2;20,00;3,0;3,0;38,57;0,05;-0,015;1,3;4,14;0,332
319;25.07.2023;11:46:42;00:05:18;250,0;74,8;22,7;20,1;25,0;179,5;16,7;0,2;1,66E-1;-541,2;20,00;3,0;3,0;38,57;0,05;-0,012;1,4;4,14;0,332
320;25.07.2023;11:46:43;00:05:19;250,0;77,7;22,9;20,3;25,0;180,3;16,6;0,2;1,66E-1;-541,2;20,00;3,0;2,9;38,57;0,04;-0,007;1,4;4,10;0,332
321;25.07.2023;11:46:44;00:05:20;250,0;77,7;23,1;20,3;25,0;181,7;16,8;0,2;1,65E-1;-541,2;20,00;3,0;2,9;38,57;0,05;-0,012;1,4;4,15;0,333
322;25.07.2023;11:46:45;00:05:21;250,1;80,6;23,1;20,4;25,0;183,1;16,8;0,2;1,65E-1;-541,2;20,00;3,0;3,0;38,57;0,05;-0,009;1,4;4,16;0,337
323;25.07.2023;11:46:46;00:05:22;250,1;80,6;23,1;20,4;25,0;183,8;16,9;0,2;1,65E-1;-541,2;20,00;3,0;3,0;38,57;0,05;-0,009;1,4;4,13;0,333
324;25.07.2023;11:46:47;00:05:23;250,0;80,6;23,2;20,6;25,0;185,2;17,1;0,2;1,64E-1;-541,2;20,00;3,0;3,0;38,57;0,05;-0,005;1,4;4,16;0,337
325;25.07.2023;11:46:48;00:05:24;250,0;83,6;23,2;20,6;25,0;185,9;17,0;0,2;1,64E-1;-541,2;20,00;3,0;3,0;38,57;0,05;-0,003;1,4;4,18;0,338
326;25.07.2023;11:46:49;00:05:25;250,1;86,5;23,4;20,8;25,0;187,4;17,2;0,2;1,63E-1;-541,2;20,00;3,0;3,0;38,57;0,05;-0,008;1,4;4,13;0,342
327;25.07.2023;11:46:50;00:05:26;250,2;86,5;23,4;20,8;25,0;188,8;17,1;0,2;1,63E-1;-541,2;20,00;3,0;2,9;38,57;0,04;-0,008;1,4;4,15;0,339
328;25.07.2023;11:46:51;00:05:27;250,0;89,2;23,6;20,9;25,0;189,5;17,1;0,2;1,63E-1;-541,2;20,00;3,0;2,9;38,57;0,05;-0,008;1,4;4,16;0,342
329;25.07.2023;11:46:52;00:05:28;250,1;89,2;23,8;20,9;25,0;190,9;17,2;0,2;1,62E-1;-541,2;20,00;3,0;2,9;38,57;0,04;-0,013;1,4;4,15;0,341
330;25.07.2023;11:46:53;00:05:29;250,1;91,9;23,8;21,1;25,0;192,3;17,3;0,2;1,62E-1;-541,2;20,00;3,0;3,0;38,57;0,05;-0,010;1,4;4,16;0,344
331;25.07.2023;11:46:54;00:05:30;250,1;91,9;23,8;21,1;25,0;193,0;17,3;0,2;1,61E-1;-541,2;20,00;3,0;3,0;38,57;0,04;-0,004;1,4;4,15;0,342
332;25.07.2023;11:46:55;00:05:31;250,0;94,4;23,9;21,2;25,0;194,4;17,3;0,2;1,61E-1;-541,2;20,00;3,0;3,0;38,57;0,05;-0,008;1,4;4,15;0,346
333;25.07.2023;11:46:56;00:05:32;250,1;94,4;24,1;21,4;25,0;195,9;17,5;0,2;1,60E-1;-541,2;20,00;3,0;3,0;38,57;0,05;-0,010;1,4;4,17;0,345
334;25.07.2023;11:46:57;00:05:33;250,0;94,4;24,1;21,4;25,0;196,6;17,6;0,2;1,60E-1;-541,2;20,00;3,0;2,9;38,57;0,04;-0,011;1,4;4,19;0,348
335;25.07.2023;11:46:58;00:05:34;250,1;96,9;24,1;21,4;25,0;198,0;17,6;0,2;1,60E-1;-541,2;20,00;3,0;3,0;38,57;0,04;-0,012;1,5;4,16;0,347
336;25.07.2023;11:46:59;00:05:35;250,1;99,4;24,2;21,5;25,0;199,4;17,6;0,2;1,59E-1;-541,2;20,00;3,0;3,0;38,57;0,04;-0,012;1,4;4,20;0,347
337;25.07.2023;11:47:00;00:05:36;250,0;99,4;24,2;21,5;25,0;200,1;17,7;0,2;1,59E-1;-541,2;20,00;3,0;3,0;38,57;0,05;-0,009;1,5;4,22;0,351
338;25.07.2023;11:47:01;00:05:37;250,1;101,8;24,4;21,7;25,0;201,5;17,8;0,2;1,58E-1;-541,2;20,00;3,0;3,0;38,57;0,04;-0,009;1,5;4,21;0,352
339;25.07.2023;11:47:02;00:05:38;250,1;101,8;24,4;21,6;25,0;202,2;17,8;0,2;1,58E-1;-541,2;20,00;3,0;3,0;38,56;0,04;-0,011;1,5;4,20;0,352
340;25.07.2023;11:47:03;00:05:39;250,1;101,8;24,5;21,8;25,0;203,8;18,1;0,2;1,57E-1;-541,2;20,00;3,0;3,0;38,56;0,04;-0,017;1,5;4,21;0,352
341;25.07.2023;11:47:04;00:05:40;250,1;104,3;24,5;21,8;25,0;205,2;18,1;0,2;1,57E-1;-541,2;20,00;3,0;3,0;38,57;0,04;-0,018;1,5;4,18;0,353
342;25.07.2023;11:47:05;00:05:41;250,2;104,3;24,6;21,8;25,0;205,9;18,2;0,2;1,57E-1;-541,2;20,00;3,0;3,0;38,56;0,04;-0,021;1,5;4,24;0,355
343;25.07.2023;11:47:06;00:05:42;250,2;106,9;24,6;21,9;25,1;207,3;18,1;0,2;1,56E-1;-541,2;20,00;3,0;3,0;38,57;0,04;-0,020;1,5;4,22;0,357
344;25.07.2023;11:47:07;00:05:43;250,1;109,4;24,8;22,1;25,1;208,7;18,1;0,2;1,56E-1;-541,2;20,00;3,0;3,0;38,56;0,04;-0,015;1,5;4,21;0,357
345;25.07.2023;11:47:08;00:05:44;250,1;109,4;24,8;22,1;25,1;209,4;18,2;0,2;1,55E-1;-541,2;20,00;3,0;3,0;38,57;0,04;-0,018;1,5;4,22;0,357
346;25.07.2023;11:47:09;00:05:45;250,2;111,8;25,0;22,2;25,1;210,9;18,4;0,2;1,55E-1;-541,2;20,00;3,0;3,0;38,56;0,04;-0,018;1,5;4,27;0,358
347;25.07.2023;11:47:10;00:05:46;250,1;111,8;25,0;22,2;25,1;212,3;18,5;0,2;1,54E-1;-541,2;20,00;3,0;3,0;38,56;0,04;-0,021;1,5;4,24;0,361
348;25.07.2023;11:47:11;00:05:47;250,1;114,1;25,1;22,4;25,1;213,0;18,4;0,2;1,54E-1;-541,2;20,00;3,0;3,0;38,56;0,04;-0,017;1,5;4,23;0,361
349;25.07.2023;11:47:12;00:05:48;250,1;114,1;25,2;22,4;25,1;214,4;18,6;0,2;1,54E-1;-541,2;20,00;3,0;3,0;38,56;0,04;-0,016;1,5;4,25;0,361
350;25.07.2023;11:47:13;00:05:49;250,1;114,1;25,2;22,4;25,1;215,1;18,7;0,2;1,53E-1;-541,2;20,00;3,0;3,0;38,56;0,04;-0,013;1,5;4,24;0,362
351;25.07.2023;11:47:14;00:05:50;250,1;116,4;25,2;22,5;25,0;216,5;18,7;0,2;1,53E-1;-541,2;20,00;3,0;3,0;38,56;0,04;-0,019;1,5;4,24;0,365
352;25.07.2023;11:47:15;00:05:51;250,0;118,6;25,4;22,7;25,1;218,0;18,7;0,2;1,52E-1;-541,2;20,00;3,0;3,0;38,56;0,04;-0,020;1,6;4,28;0,364
353;25.07.2023;11:47:16;00:05:52;250,0;118,6;25,4;22,7;25,1;218,7;18,8;0,2;1,52E-1;-541,2;20,00;3,0;3,0;38,56;0,03;-0,018;1,6;4,22;0,366
354;25.07.2023;11:47:17;00:05:53;250,0;120,8;25,5;22,8;25,1;220,1;19,1;0,2;1,52E-1;-541,2;20,00;3,0;3,0;38,56;0,04;-0,020;1,6;4,30;0,366
355;25.07.2023;11:47:18;00:05:54;250,0;120,8;25,5;22,8;25,1;221,5;19,1;0,2;1,51E-1;-541,2;20,00;3,0;3,0;38,56;0,04;-0,018;1,6;4,27;0,369
356;25.07.2023;11:47:19;00:05:55;250,0;123,0;25,6;22,9;25,1;222,2;19,1;0,2;1,51E-1;-541,2;20,00;3,0;3,0;38,56;0,04;-0,015;1,6;4,28;0,371
357;25.07.2023;11:47:20;00:05:56;250,2;123,0;25,6;22,9;25,1;223,6;19,2;0,2;1,50E-1;-541,2;20,00;3,0;3,1;38,56;0,04;-0,019;1,6;4,29;0,371
358;25.07.2023;11:47:21;00:05:57;250,1;125,1;25,8;23,1;25,1;225,1;19,2;0,1;1,50E-1;-541,2;20,00;3,0;3,1;38,56;0,04;-0,024;1,6;4,25;0,371
359;25.07.2023;11:47:22;00:05:58;250,1;125,1;25,8;23,0;25,1;225,8;19,4;0,1;1,49E-1;-541,2;20,00;3,0;3,0;38,56;0,04;-0,024;1,6;4,26;0,374
360;25.07.2023;11:47:23;00:05:59;250,1;125,1;25,9;23,2;25,1;227,2;19,6;0,1;1,49E-1;-541,2;20,00;3,0;3,0;38,56;0,03;-0,024;1,6;4,28;0,376
361;25.07.2023;11:47:24;00:06:00;250,0;127,4;25,9;23,2;25,1;228,6;19,6;0,1;1,48E-1;-541,2;20,00;3,0;3,0;38,56;0,04;-0,029;1,6;4,31;0,376
362;25.07.2023;11:47:25;00:06:01;250,1;127,4;26,0;23,2;25,1;229,3;19,7;0,1;1,48E-1;-541,2;20,00;3,0;3,0;38,56;0,03;-0,025;1,6;4,34;0,377
363;25.07.2023;11:47:26;00:06:02;250,0;129,7;26,0;23,3;25,1;230,7;19,7;0,1;1,48E-1;-541,2;20,00;3,0;3,0;38,56;0,03;-0,024;1,6;4,28;0,376
364;25.07.2023;11:47:27;00:06:03;250,0;132,1;26,2;23,4;25,1;231,5;19,7;0,1;1,47E-1;-541,2;20,00;3,0;3,0;38,56;0,03;-0,027;1,6;4,32;0,378
365;25.07.2023;11:47:28;00:06:04;250,2;132,1;26,2;23,4;25,1;232,9;19,8;0,1;1,47E-1;-541,2;20,00;3,0;3,0;38,56;0,03;-0,022;1,6;4,28;0,381
366;25.07.2023;11:47:29;00:06:05;250,1;134,4;26,3;23,6;25,1;234,3;19,9;0,1;1,46E-1;-541,2;20,00;3,0;3,0;38,56;0,03;-0,025;1,7;4,34;0,381
367;25.07.2023;11:47:30;00:06:06;250,1;134,4;26,3;23,6;25,1;235,0;19,9;0,1;1,46E-1;-541,2;20,00;3,0;3,0;38,56;0,03;-0,022;1,7;4,32;0,381
368;25.07.2023;11:47:31;00:06:07;250,0;136,5;26,4;23,7;25,1;236,4;20,0;0,1;1,45E-1;-541,2;20,00;3,0;3,0;38,55;0,03;-0,024;1,7;4,33;0,384
369;25.07.2023;11:47:32;00:06:08;250,0;136,5;26,4;23,7;25,1;237,9;20,2;0,1;1,45E-1;-541,2;20,00;3,0;3,0;38,56;0,03;-0,020;1,7;4,36;0,386
370;25.07.2023;11:47:33;00:06:09;250,2;136,5;26,6;23,7;25,1;238,6;20,3;0,1;1,45E-1;-541,2;20,00;3,0;3,0;38,56;0,03;-0,011;1,7;4,36;0,386
371;25.07.2023;11:47:34;00:06:10;250,1;138,7;26,6;23,8;25,2;240,0;20,3;0,1;1,44E-1;-541,2;20,00;3,0;3,0;38,55;0,03;-0,020;1,7;4,35;0,388
372;25.07.2023;11:47:35;00:06:11;250,0;140,8;26,7;24,0;25,2;241,4;20,4;0,1;1,44E-1;-541,2;20,00;3,0;3,0;38,56;0,03;-0,023;1,7;4,34;0,388
373;25.07.2023;11:47:36;00:06:12;250,1;140,8;26,7;24,0;25,1;242,1;20,5;0,1;1,43E-1;-541,2;20,00;3,0;3,0;38,55;0,03;-0,022;1,7;4,35;0,388
374;25.07.2023;11:47:37;00:06:13;250,0;143,0;26,8;24,1;25,1;243,5;20,7;0,1;1,43E-1;-541,2;20,00;3,0;3,1;38,56;0,03;-0,022;1,7;4,38;0,391
375;25.07.2023;11:47:38;00:06:14;250,1;143,0;26,8;24,1;25,1;245,1;20,7;0,1;1,42E-1;-541,2;20,00;3,0;3,0;38,55;0,03;-0,023;1,7;4,36;0,391
376;25.07.2023;11:47:39;00:06:15;250,1;145,1;27,0;24,2;25,2;245,8;20,7;0,1;1,42E-1;-541,2;20,00;3,0;3,0;38,55;0,03;-0,024;1,7;4,38;0,394
377;25.07.2023;11:47:40;00:06:16;250,1;145,1;27,1;24,2;25,2;247,2;20,8;0,1;1,41E-1;-541,2;20,00;3,0;3,0;38,55;0,03;-0,025;1,7;4,37;0,396
378;25.07.2023;11:47:41;00:06:17;250,0;145,1;27,1;24,2;25,2;247,9;20,9;0,1;1,41E-1;-541,2;20,00;3,0;3,0;38,55;0,03;-0,031;1,7;4,39;0,396
379;25.07.2023;11:47:42;00:06:18;250,1;147,2;27,1;24,4;25,0;249,3;21,0;0,1;1,41E-1;-541,2;20,00;3,0;3,0;38,55;0,03;-0,022;1,7;4,38;0,396
380;25.07.2023;11:47:43;00:06:19;250,1;147,1;27,1;24,2;25,0;250,7;21,2;0,1;1,40E-1;-541,2;20,00;3,0;2,9;38,55;0,03;-0,026;1,8;4,45;0,397
381;25.07.2023;11:47:44;00:06:20;250,1;149,3;27,1;24,4;25,1;251,4;21,1;0,1;1,40E-1;-541,2;20,00;3,0;3,0;38,55;0,02;-0,018;1,8;4,36;0,400
382;25.07.2023;11:47:45;00:06:21;250,1;151,5;27,3;24,5;25,1;252,9;21,4;0,1;1,39E-1;-541,2;20,00;3,0;3,0;38,55;0,03;-0,021;1,8;4,42;0,400
383;25.07.2023;11:47:46;00:06:22;250,3;151,5;27,3;24,5;25,1;254,3;21,4;0,1;1,39E-1;-541,2;20,00;3,0;3,0;38,55;0,03;-0,026;1,8;4,42;0,400
384;25.07.2023;11:47:47;00:06:23;250,1;151,5;27,4;24,6;25,1;255,0;21,5;0,1;1,39E-1;-541,2;20,00;3,0;3,0;38,55;0,02;-0,026;1,8;4,41;0,401
385;25.07.2023;11:47:48;00:06:24;250,3;153,7;27,4;24,6;25,1;256,4;21,5;0,1;1,38E-1;-541,2;20,00;3,0;3,0;38,55;0,03;-0,027;1,8;4,40;0,405
386;25.07.2023;11:47:49;00:06:25;250,0;155,9;27,5;24,8;25,1;257,8;21,6;0,1;1,38E-1;-541,2;20,00;3,0;3,0;38,55;0,03;-0,029;1,8;4,43;0,405
387;25.07.2023;11:47:50;00:06:26;250,0;155,9;27,5;24,8;25,1;258,5;21,6;0,1;1,37E-1;-541,2;20,00;3,0;3,0;38,55;0,03;-0,027;1,8;4,46;0,405
388;25.07.2023;11:47:51;00:06:27;250,1;155,9;27,7;24,9;25,1;260,0;21,9;0,1;1,37E-1;-541,2;20,00;3,0;3,0;38,55;0,02;-0,025;1,8;4,44;0,410
389;25.07.2023;11:47:52;00:06:28;250,2;158,0;27,7;24,9;25,2;260,7;21,8;0,1;1,37E-1;-541,2;20,00;3,0;2,9;38,55;0,02;-0,030;1,8;4,47;0,408
390;25.07.2023;11:47:53;00:06:29;250,0;158,0;27,8;25,0;25,2;262,1;22,0;0,1;1,36E-1;-541,2;20,00;3,0;3,0;38,54;0,02;-0,033;1,8;4,45;0,410
391;25.07.2023;11:47:54;00:06:30;250,2;160,0;27,8;25,0;25,2;263,5;22,0;0,1;1,36E-1;-541,2;20,00;3,0;3,0;38,55;0,02;-0,033;1,8;4,48;0,410
392;25.07.2023;11:47:55;00:06:31;250,2;162,0;27,9;25,1;25,2;264,2;22,1;0,1;1,36E-1;-541,2;20,00;3,0;3,0;38,55;0,02;-0,028;1,8;4,45;0,411
393;25.07.2023;11:47:56;00:06:32;250,2;162,0;27,9;25,1;25,2;265,6;22,2;0,1;1,35E-1;-541,2;20,00;3,0;3,0;38,54;0,02;-0,024;1,8;4,43;0,411
394;25.07.2023;11:47:57;00:06:33;250,0;164,0;28,1;25,3;25,2;267,1;22,3;0,1;1,35E-1;-541,2;20,00;3,0;3,0;38,55;0,02;-0,027;1,9;4,48;0,415
395;25.07.2023;11:47:58;00:06:34;250,0;164,0;28,1;25,3;25,2;267,8;22,3;0,1;1,34E-1;-541,2;20,00;3,0;3,0;38,55;0,02;-0,025;1,9;4,47;0,415
396;25.07.2023;11:47:59;00:06:35;250,1;166,1;28,2;25,4;25,3;269,2;22,4;0,1;1,34E-1;-541,2;20,00;3,0;2,9;38,54;0,02;-0,032;1,9;4,50;0,419
397;25.07.2023;11:48:00;00:06:36;250,1;166,1;28,3;25,5;25,3;270,6;22,6;0,1;1,33E-1;-541,2;20,00;3,0;3,0;38,55;0,02;-0,028;1,9;4,51;0,420
398;25.07.2023;11:48:01;00:06:37;250,1;166,1;28,3;25,5;25,3;271,3;22,7;0,1;1,33E-1;-541,2;20,00;3,0;3,0;38,54;0,02;-0,026;1,9;4,47;0,419
399;25.07.2023;11:48:02;00:06:38;250,1;168,1;28,3;25,5;25,3;272,7;22,7;0,1;1,33E-1;-541,2;20,00;3,0;2,9;38,55;0,02;-0,033;1,9;4,51;0,420
400;25.07.2023;11:48:03;00:06:39;250,1;168,1;28,5;25,7;25,3;274,2;23,0;0,1;1,32E-1;-541,2;20,00;3,0;2,9;38,54;0,02;-0,034;1,9;4,52;0,424
401;25.07.2023;11:48:04;00:06:40;250,0;170,3;28,5;25,7;25,3;274,9;22,9;0,1;1,32E-1;-541,2;20,00;3,0;3,0;38,54;0,02;-0,031;1,9;4,51;0,425
402;25.07.2023;11:48:05;00:06:41;251,6;172,4;28,6;25,8;25,3;276,3;23,0;0,1;1,32E-1;-541,2;20,00;3,0;3,0;38,54;0,02;-0,033;1,9;4,51;0,425
403;25.07.2023;11:48:06;00:06:42;253,3;172,4;28,6;25,8;25,3;277,0;23,0;0,1;1,32E-1;-541,2;20,00;3,0;3,0;38,54;0,02;-0,034;1,9;4,49;0,425
404;25.07.2023;11:48:07;00:06:43;254,1;172,4;28,8;25,9;25,3;278,4;23,2;0,1;1,31E-1;-541,2;20,00;3,0;3,0;38,54;0,01;-0,034;2,0;4,53;0,429
405;25.07.2023;11:48:08;00:06:44;255,5;174,6;28,8;25,9;25,3;279,8;23,3;0,1;1,31E-1;-541,2;20,00;3,0;3,0;38,54;0,01;-0,037;2,0;4,57;0,430
406;25.07.2023;11:48:09;00:06:45;256,9;174,6;28,9;25,9;25,3;280,6;23,4;0,1;1,31E-1;-541,2;20,00;3,0;2,9;38,54;0,01;-0,044;1,9;4,55;0,430
407;25.07.2023;11:48:10;00:06:46;258,8;176,7;28,9;26,0;25,3;282,0;23,4;0,1;1,30E-1;-541,2;20,00;3,0;3,0;38,54;0,01;-0,041;2,0;4,54;0,430
408;25.07.2023;11:48:11;00:06:47;261,0;178,7;29,0;26,1;25,3;283,4;23,5;0,1;1,30E-1;-541,2;20,00;3,0;3,0;38,53;0,01;-0,037;2,0;4,56;0,430
409;25.07.2023;11:48:12;00:06:48;261,0;178,7;29,0;26,1;25,3;284,1;23,6;0,1;1,30E-1;-541,2;20,00;3,0;2,9;38,54;0,01;-0,037;2,0;4,55;0,430
410;25.07.2023;11:48:13;00:06:49;261,7;180,7;29,2;26,3;25,3;285,5;23,8;0,1;1,30E-1;-541,2;20,00;3,0;2,9;38,53;0,01;-0,040;2,0;4,55;0,435
411;25.07.2023;11:48:14;00:06:50;264,4;180,7;29,2;26,3;25,4;286,9;23,8;0,1;1,29E-1;-541,2;20,00;3,0;3,0;38,54;0,01;-0,041;2,0;4,58;0,436
412;25.07.2023;11:48:15;00:06:51;265,3;182,7;29,3;26,4;25,4;287,8;23,8;0,1;1,29E-1;-541,2;20,00;3,0;3,0;38,53;0,01;-0,032;2,0;4,57;0,438
413;25.07.2023;11:48:16;00:06:52;266,5;182,7;29,4;26,4;25,4;289,2;24,0;0,1;1,29E-1;-541,2;20,00;3,0;3,0;38,53;0,01;-0,040;2,0;4,61;0,440
414;25.07.2023;11:48:17;00:06:53;268,5;184,7;29,4;26,5;25,4;290,6;24,1;0,1;1,28E-1;-541,2;20,00;3,0;2,9;38,53;0,01;-0,046;2,0;4,60;0,440
415;25.07.2023;11:48:18;00:06:54;268,6;184,7;29,4;26,5;25,4;291,3;24,2;0,1;1,28E-1;-541,2;20,00;3,0;3,0;38,53;0,01;-0,045;2,0;4,59;0,441
416;25.07.2023;11:48:19;00:06:55;271,1;186,7;29,5;26,6;25,4;292,7;24,2;0,1;1,28E-1;-541,2;20,00;3,0;3,0;38,53;0,01;-0,046;2,0;4,62;0,444
417;25.07.2023;11:48:20;00:06:56;271,9;186,7;29,5;26,6;25,4;293,4;24,3;0,1;1,27E-1;-541,2;20,00;3,0;3,0;38,53;0,01;-0,044;2,1;4,60;0,444
418;25.07.2023;11:48:21;00:06:57;274,0;186,7;29,7;26,7;25,4;294,9;24,5;0,1;1,27E-1;-541,2;20,00;3,0;3,0;38,53;0,01;-0,041;2,1;4,60;0,446
419;25.07.2023;11:48:22;00:06:58;275,5;188,8;29,7;26,7;25,4;296,3;24,6;0,1;1,27E-1;-541,2;20,00;3,0;3,0;38,53;0,01;-0,039;2,1;4,64;0,447
420;25.07.2023;11:48:23;00:06:59;275,8;188,7;29,6;26,7;25,3;297,0;24,7;0,1;1,26E-1;-541,2;20,00;3,0;2,9;38,53;0,00;-0,044;2,1;4,63;0,449
421;25.07.2023;11:48:24;00:07:00;277,6;190,9;29,7;26,7;25,3;298,4;24,7;0,1;1,26E-1;-541,2;20,00;3,0;3,0;38,53;0,00;-0,038;2,1;4,62;0,449
422;25.07.2023;11:48:25;00:07:01;279,0;193,1;29,9;26,9;25,3;299,8;24,8;0,1;1,26E-1;-541,2;20,00;3,0;3,0;38,52;0,00;-0,047;2,1;4,66;0,452
423;25.07.2023;11:48:26;00:07:02;280,3;193,1;29,9;26,9;25,3;300,5;24,9;0,1;1,26E-1;-541,2;20,00;3,0;2,9;38,53;0,00;-0,048;2,1;4,64;0,449
424;25.07.2023;11:48:27;00:07:03;282,1;193,1;30,0;26,9;25,4;302,1;25,1;0,1;1,25E-1;-541,2;20,00;3,0;3,0;38,53;0,00;-0,043;2,1;4,66;0,454
425;25.07.2023;11:48:28;00:07:04;283,3;195,3;30,0;27,0;25,4;303,6;25,1;0,1;1,25E-1;-541,2;20,00;3,0;3,0;38,52;0,00;-0,046;2,1;4,65;0,454
426;25.07.2023;11:48:29;00:07:05;284,4;195,3;30,1;27,0;25,4;304,4;25,3;0,1;1,25E-1;-541,2;20,00;3,0;3,0;38,52;0,00;-0,041;2,1;4,64;0,456
427;25.07.2023;11:48:30;00:07:06;285,9;197,5;30,1;27,1;25,4;305,9;25,3;0,1;1,24E-1;-541,2;20,00;3,0;2,9;38,52;0,00;-0,045;2,1;4,69;0,457
428;25.07.2023;11:48:31;00:07:07;287,0;197,5;30,3;27,1;25,4;306,6;25,4;0,1;1,24E-1;-541,2;20,00;3,0;3,0;38,52;0,00;-0,039;2,1;4,68;0,457
429;25.07.2023;11:48:32;00:07:08;288,5;199,5;30,3;27,3;25,4;308,1;25,5;0,1;1,24E-1;-541,2;20,00;3,0;3,0;38,52;0,00;-0,040;2,1;4,71;0,460
430;25.07.2023;11:48:33;00:07:09;290,5;201,5;30,5;27,4;25,4;309,8;25,6;0,1;1,24E-1;-541,2;20,00;3,0;3,0;38,52;0,00;-0,040;2,2;4,70;0,463
431;25.07.2023;11:48:34;00:07:10;291,6;201,5;30,5;27,4;25,4;310,5;25,6;0,1;1,23E-1;-541,2;20,00;3,0;3,0;38,52;-0,01;-0,033;2,2;4,69;0,464
432;25.07.2023;11:48:35;00:07:11;293,3;201,5;30,6;27,5;25,4;312,0;25,9;0,1;1,23E-1;-541,2;20,00;3,0;3,0;38,52;0,00;-0,037;2,2;4,67;0,464
433;25.07.2023;11:48:36;00:07:12;294,7;203,6;30,6;27,5;25,4;313,5;25,9;0,1;1,23E-1;-541,2;20,00;3,0;3,1;38,52;0,00;-0,034;2,2;4,68;0,468
434;25.07.2023;11:48:37;00:07:13;296,0;203,6;30,6;27,5;25,4;314,3;26,0;0,1;1,23E-1;-541,2;20,00;3,0;3,0;38,52;0,00;-0,041;2,2;4,71;0,469
435;25.07.2023;11:48:38;00:07:14;297,6;205,6;30,7;27,6;25,4;315,8;26,1;0,1;1,22E-1;-541,2;20,00;3,0;3,0;38,52;-0,01;-0,038;2,2;4,72;0,469
436;25.07.2023;11:48:39;00:07:15;299,4;207,7;30,8;27,7;25,4;317,4;26,2;0,1;1,22E-1;-541,2;20,00;3,0;3,0;38,52;-0,01;-0,040;2,2;4,72;0,469
437;25.07.2023;11:48:40;00:07:16;300,3;207,7;30,8;27,7;25,5;318,1;26,3;0,1;1,22E-1;-541,2;20,00;3,0;2,9;38,52;-0,01;-0,045;2,2;4,72;0,472
438;25.07.2023;11:48:41;00:07:17;301,9;209,8;30,9;27,8;25,5;319,6;26,5;0,1;1,22E-1;-541,2;20,00;3,0;2,9;38,52;-0,01;-0,040;2,2;4,75;0,473
439;25.07.2023;11:48:42;00:07:18;303,6;209,8;30,9;27,8;25,5;321,1;26,5;0,1;1,21E-1;-541,2;20,00;3,0;3,0;38,51;-0,01;-0,046;2,3;4,75;0,474
440;25.07.2023;11:48:43;00:07:19;304,7;209,7;30,9;27,8;25,5;321,9;26,7;0,1;1,21E-1;-541,2;20,00;3,0;3,0;38,52;-0,01;-0,040;2,3;4,75;0,477
441;25.07.2023;11:48:44;00:07:20;306,3;212,0;31,1;28,0;25,5;323,4;26,7;0,1;1,21E-1;-541,2;20,00;3,0;2,9;38,51;-0,01;-0,040;2,3;4,73;0,479
442;25.07.2023;11:48:45;00:07:21;307,3;212,0;31,1;28,0;25,5;324,1;26,8;0,1;1,21E-1;-541,2;20,00;3,0;3,0;38,51;-0,01;-0,035;2,3;4,76;0,479
443;25.07.2023;11:48:46;00:07:22;309,2;214,2;31,2;28,1;25,5;325,8;26,9;0,1;1,20E-1;-541,2;20,00;3,0;3,0;38,51;-0,02;-0,038;2,3;4,75;0,479
444;25.07.2023;11:48:47;00:07:23;311,0;214,2;31,3;28,1;25,5;327,3;27,1;0,1;1,20E-1;-541,2;20,00;3,0;3,0;38,51;-0,01;-0,039;2,3;4,77;0,484
445;25.07.2023;11:48:48;00:07:24;311,9;216,4;31,3;28,2;25,5;328,0;27,0;0,1;1,20E-1;-541,2;20,00;3,0;3,0;38,51;-0,02;-0,033;2,3;4,74;0,484
446;25.07.2023;11:48:49;00:07:25;313,9;216,4;31,5;28,3;25,5;329,5;27,3;0,1;1,20E-1;-541,2;20,00;3,0;3,0;38,51;-0,01;-0,038;2,3;4,77;0,486
447;25.07.2023;11:48:50;00:07:26;315,4;218,7;31,5;28,3;25,5;331,0;27,3;0,1;1,19E-1;-541,2;20,00;3,0;3,0;38,51;-0,01;-0,050;2,3;4,77;0,487
448;25.07.2023;11:48:51;00:07:27;316,2;218,7;31,6;28,4;25,5;331,8;27,4;0,1;1,19E-1;-541,2;20,00;3,0;3,0;38,51;-0,01;-0,047;2,3;4,78;0,488
449;25.07.2023;11:48:52;00:07:28;318,2;220,8;31,6;28,4;25,5;333,4;27,5;0,1;1,19E-1;-541,2;20,00;3,0;3,0;38,50;-0,01;-0,047;2,4;4,78;0,488
450;25.07.2023;11:48:53;00:07:29;320,1;222,9;31,8;28,6;25,5;334,9;27,6;0,1;1,18E-1;-541,2;20,00;3,0;3,0;38,51;-0,02;-0,043;2,3;4,79;0,491
451;25.07.2023;11:48:54;00:07:30;320,7;222,9;31,8;28,6;25,5;335,6;27,6;0,1;1,18E-1;-541,2;20,00;3,0;2,9;38,50;-0,02;-0,044;2,3;4,79;0,491
452;25.07.2023;11:48:55;00:07:31;322,8;225,1;31,9;28,7;25,5;337,1;27,7;0,1;1,18E-1;-541,2;20,00;3,0;3,0;38,51;-0,02;-0,040;2,4;4,83;0,493
453;25.07.2023;11:48:56;00:07:32;324,2;225,1;32,0;28,7;25,5;338,6;27,9;0,1;1,18E-1;-541,2;20,00;3,0;3,1;38,50;-0,01;-0,043;2,4;4,84;0,495
454;25.07.2023;11:48:57;00:07:33;325,0;225,1;32,0;28,7;25,5;339,4;28,0;0,1;1,18E-1;-541,2;20,00;3,0;3,0;38,51;-0,02;-0,040;2,4;4,80;0,497
455;25.07.2023;11:48:58;00:07:34;327,0;227,2;32,0;28,8;25,6;341,0;28,1;0,1;1,17E-1;-541,2;20,00;3,0;3,0;38,50;-0,02;-0,041;2,4;4,81;0,498
456;25.07.2023;11:48:59;00:07:35;328,3;229,3;32,2;28,9;25,6;341,8;28,1;0,1;1,17E-1;-541,2;20,00;3,0;3,0;38,50;-0,02;-0,043;2,4;4,82;0,498
457;25.07.2023;11:49:00;00:07:36;330,1;229,3;32,2;28,9;25,6;343,3;28,3;0,1;1,17E-1;-541,2;20,00;3,0;3,0;38,50;-0,02;-0,041;2,4;4,81;0,499
458;25.07.2023;11:49:01;00:07:37;331,8;231,5;32,3;29,0;25,6;344,8;28,4;0,1;1,17E-1;-541,2;20,00;3,0;3,0;38,50;-0,02;-0,045;2,4;4,84;0,502
459;25.07.2023;11:49:02;00:07:38;332,7;231,5;32,3;29,0;25,6;345,5;28,4;0,1;1,17E-1;-541,2;20,00;3,0;3,0;38,50;-0,02;-0,041;2,4;4,81;0,503
460;25.07.2023;11:49:03;00:07:39;334,6;231,4;32,4;29,0;25,6;347,0;28,7;0,1;1,16E-1;-541,2;20,00;3,0;3,0;38,50;-0,02;-0,039;2,5;4,87;0,507
461;25.07.2023;11:49:04;00:07:40;336,7;233,7;32,4;29,1;25,6;348,6;28,7;0,1;1,16E-1;-541,2;20,00;3,0;3,0;38,50;-0,02;-0,038;2,5;4,86;0,508
462;25.07.2023;11:49:05;00:07:41;337,4;233,7;32,5;29,1;25,6;349,4;28,8;0,1;1,16E-1;-541,2;20,00;3,0;3,0;38,50;-0,03;-0,034;2,5;4,91;0,509
463;25.07.2023;11:49:06;00:07:42;339,3;236,1;32,5;29,2;25,7;350,9;28,9;0,1;1,16E-1;-541,2;20,00;3,0;3,0;38,50;-0,02;-0,036;2,5;4,87;0,512
464;25.07.2023;11:49:07;00:07:43;341,3;236,1;32,7;29,2;25,7;352,4;29,1;0,1;1,15E-1;-541,2;20,00;3,0;3,0;38,50;-0,03;-0,037;2,5;4,83;0,512
465;25.07.2023;11:49:08;00:07:44;341,9;238,5;32,7;29,4;25,7;353,1;29,0;0,1;1,15E-1;-541,2;20,00;3,0;3,0;38,49;-0,03;-0,046;2,5;4,88;0,513
466;25.07.2023;11:49:09;00:07:45;344,1;240,9;32,8;29,5;25,7;354,6;29,2;0,1;1,15E-1;-541,2;20,00;3,0;3,0;38,50;-0,03;-0,043;2,5;4,89;0,513
467;25.07.2023;11:49:10;00:07:46;345,1;240,9;32,8;29,5;25,7;355,5;29,1;0,1;1,15E-1;-541,2;20,00;3,0;3,0;38,50;-0,03;-0,043;2,5;4,84;0,515
468;25.07.2023;11:49:11;00:07:47;346,9;240,9;33,0;29,5;25,7;357,0;29,4;0,1;1,15E-1;-541,2;20,00;3,0;3,0;38,49;-0,03;-0,044;2,5;4,88;0,517
469;25.07.2023;11:49:12;00:07:48;348,9;243,2;33,0;29,6;25,7;358,5;29,4;0,1;1,15E-1;-541,2;20,00;3,0;3,0;38,49;-0,03;-0,041;2,5;4,91;0,518
470;25.07.2023;11:49:13;00:07:49;349,8;243,2;33,0;29,6;25,7;359,3;29,5;0,1;1,14E-1;-541,2;20,00;3,0;3,0;38,49;-0,03;-0,044;2,6;4,91;0,520
471;25.07.2023;11:49:14;00:07:50;351,6;245,4;33,2;29,8;25,7;360,8;29,6;0,1;1,14E-1;-541,2;20,00;3,0;3,0;38,49;-0,04;-0,044;2,6;4,91;0,523
472;25.07.2023;11:49:15;00:07:51;353,5;245,4;33,3;29,8;25,7;362,3;29,8;0,1;1,14E-1;-541,2;20,00;3,0;3,0;38,49;-0,03;-0,046;2,6;4,95;0,523
473;25.07.2023;11:49:16;00:07:52;354,4;247,6;33,3;29,9;25,7;363,1;29,8;0,1;1,14E-1;-541,2;20,00;3,0;3,1;38,49;-0,03;-0,044;2,6;4,93;0,523
474;25.07.2023;11:49:17;00:07:53;356,5;247,6;33,5;30,0;25,7;364,6;30,0;0,1;1,14E-1;-541,2;20,00;3,0;3,0;38,49;-0,04;-0,042;2,6;4,92;0,526
475;25.07.2023;11:49:18;00:07:54;358,5;249,9;33,5;30,0;25,7;366,1;30,0;0,1;1,14E-1;-541,2;20,00;3,0;3,0;38,49;-0,03;-0,044;2,6;4,92;0,527
476;25.07.2023;11:49:19;00:07:55;359,2;249,9;33,6;30,2;25,7;366,9;30,1;0,1;1,13E-1;-541,2;20,00;3,0;3,0;38,49;-0,04;-0,039;2,6;4,96;0,529
477;25.07.2023;11:49:20;00:07:56;361,3;252,1;33,6;30,2;25,7;368,4;30,2;0,1;1,13E-1;-541,2;20,00;3,0;3,1;38,49;-0,03;-0,044;2,6;4,93;0,531
478;25.07.2023;11:49:21;00:07:57;362,9;254,3;33,8;30,3;25,7;369,9;30,3;0,1;1,13E-1;-541,2;20,00;3,0;3,0;38,49;-0,04;-0,048;2,6;5,00;0,533
479;25.07.2023;11:49:22;00:07:58;364,1;254,3;33,8;30,3;25,7;370,8;30,4;0,1;1,13E-1;-541,2;20,00;3,0;3,0;38,49;-0,04;-0,043;2,6;4,96;0,532
480;25.07.2023;11:49:23;00:07:59;366,1;254,3;33,7;30,2;25,7;372,3;30,6;0,1;1,13E-1;-541,2;20,00;3,0;3,0;38,48;-0,04;-0,049;2,7;4,94;0,537
481;25.07.2023;11:49:24;00:08:00;366,8;256,7;33,9;30,4;25,7;373,0;30,6;0,1;1,13E-1;-541,2;20,00;3,0;2,9;38,48;-0,04;-0,050;2,7;4,99;0,537
482;25.07.2023;11:49:25;00:08:01;368,8;256,7;34,0;30,4;25,7;374,5;30,7;0,1;1,13E-1;-541,2;20,00;3,0;3,0;38,48;-0,04;-0,048;2,7;4,99;0,537
483;25.07.2023;11:49:26;00:08:02;370,7;259,1;34,0;30,5;25,7;376,0;30,8;0,1;1,12E-1;-541,2;20,00;3,0;3,1;38,48;-0,04;-0,039;2,7;4,98;0,542
484;25.07.2023;11:49:27;00:08:03;371,6;259,1;34,0;30,5;25,7;376,8;30,9;0,1;1,12E-1;-541,2;20,00;3,0;3,0;38,48;-0,04;-0,048;2,7;4,96;0,541
485;25.07.2023;11:49:28;00:08:04;373,6;261,5;34,2;30,6;25,7;378,4;30,9;0,1;1,12E-1;-541,2;20,00;3,0;2,9;38,48;-0,04;-0,050;2,7;4,98;0,542
486;25.07.2023;11:49:29;00:08:05;375,6;264,0;34,3;30,8;25,7;379,9;31,1;0,1;1,12E-1;-541,2;20,00;3,0;2,9;38,48;-0,05;-0,049;2,7;5,00;0,547
487;25.07.2023;11:49:30;00:08:06;376,9;264,0;34,3;30,8;25,7;380,6;31,1;0,1;1,12E-1;-541,2;20,00;3,0;3,0;38,48;-0,04;-0,055;2,7;4,99;0,545
488;25.07.2023;11:49:31;00:08:07;378,4;264,0;34,5;30,8;25,7;382,1;31,3;0,1;1,12E-1;-541,2;20,00;3,0;2,9;38,48;-0,05;-0,052;2,8;5,03;0,547
489;25.07.2023;11:49:32;00:08:08;380,3;266,2;34,5;30,9;25,8;383,6;31,3;0,1;1,11E-1;-541,2;20,00;3,0;3,0;38,48;-0,04;-0,051;2,8;4,98;0,547
490;25.07.2023;11:49:33;00:08:09;381,2;266,2;34,5;30,9;25,8;384,4;31,5;0,1;1,11E-1;-541,2;20,00;3,0;3,0;38,48;-0,05;-0,045;2,8;4,97;0,551
491;25.07.2023;11:49:34;00:08:10;383,3;268,5;34,6;31,0;25,9;386,0;31,5;0,1;1,11E-1;-541,2;20,00;3,0;3,1;38,48;-0,05;-0,043;2,8;5,03;0,551
492;25.07.2023;11:49:35;00:08:11;384,3;268,5;34,8;31,2;25,9;386,8;31,6;0,1;1,11E-1;-541,2;20,00;3,0;3,0;38,48;-0,05;-0,051;2,8;5,01;0,552
493;25.07.2023;11:49:36;00:08:12;386,6;270,9;34,8;31,2;25,9;388,3;31,7;0,1;1,11E-1;-541,2;20,00;3,0;3,0;38,48;-0,05;-0,052;2,8;5,02;0,556
494;25.07.2023;11:49:37;00:08:13;388,0;273,2;35,0;31,3;25,9;389,8;31,9;0,1;1,11E-1;-541,2;20,00;3,0;3,0;38,47;-0,05;-0,053;2,8;5,04;0,557
495;25.07.2023;11:49:38;00:08:14;389,3;273,2;35,0;31,3;25,9;390,5;31,8;0,1;1,11E-1;-541,2;20,00;3,0;3,0;38,47;-0,05;-0,049;2,8;5,03;0,557
496;25.07.2023;11:49:39;00:08:15;391,3;275,5;35,1;31,4;25,9;392,0;31,9;0,1;1,10E-1;-541,2;20,00;3,0;3,0;38,47;-0,05;-0,054;2,8;5,05;0,557
497;25.07.2023;11:49:40;00:08:16;393,1;275,5;35,1;31,4;25,9;393,6;32,1;0,1;1,10E-1;-541,2;20,00;3,0;3,1;38,47;-0,06;-0,053;2,8;5,09;0,558
498;25.07.2023;11:49:41;00:08:17;394,2;275,5;35,1;31,4;25,9;394,4;32,2;0,1;1,10E-1;-541,2;20,00;3,0;3,0;38,47;-0,05;-0,054;2,8;5,03;0,562
499;25.07.2023;11:49:42;00:08:18;396,3;277,8;35,3;31,6;25,8;395,9;32,2;0,1;1,10E-1;-541,2;20,00;3,0;3,0;38,47;-0,06;-0,055;2,9;5,07;0,562
500;25.07.2023;11:49:43;00:08:19;398,4;277,8;35,2;31,5;25,8;397,4;32,5;0,1;1,10E-1;-541,2;20,00;3,0;3,0;38,47;-0,06;-0,061;2,9;5,06;0,567
501;25.07.2023;11:49:44;00:08:20;399,0;280,3;35,4;31,7;25,8;398,1;32,4;0,1;1,10E-1;-541,2;20,00;3,0;2,9;38,47;-0,06;-0,060;2,9;5,07;0,567
502;25.07.2023;11:49:45;00:08:21;401,0;280,3;35,5;31,8;25,8;399,6;32,6;0,1;1,10E-1;-541,2;20,00;3,0;3,0;38,46;-0,06;-0,060;2,9;5,07;0,567
503;25.07.2023;11:49:46;00:08:22;403,2;282,8;35,5;31,8;25,8;401,3;32,7;0,1;1,10E-1;-541,2;20,00;3,0;3,0;38,46;-0,06;-0,059;2,9;5,10;0,567
504;25.07.2023;11:49:47;00:08:23;403,8;282,8;35,7;31,8;25,8;402,0;32,8;0,1;1,09E-1;-541,2;20,00;3,0;3,0;38,47;-0,06;-0,052;2,9;5,09;0,572
505;25.07.2023;11:49:48;00:08:24;405,9;285,3;35,7;31,9;25,8;403,5;32,8;0,1;1,09E-1;-541,2;20,00;3,0;3,0;38,46;-0,06;-0,062;2,9;5,11;0,571
506;25.07.2023;11:49:49;00:08:25;407,3;285,3;35,7;31,9;25,8;404,3;32,9;0,1;1,09E-1;-541,2;20,00;3,0;3,1;38,46;-0,07;-0,056;2,9;5,07;0,573
507;25.07.2023;11:49:50;00:08:26;409,1;287,9;35,9;32,1;25,8;405,8;32,9;0,1;1,09E-1;-541,2;20,00;3,0;3,0;38,46;-0,06;-0,059;2,9;5,11;0,576
508;25.07.2023;11:49:51;00:08:27;411,1;287,9;35,9;32,1;25,8;407,3;33,2;0,1;1,09E-1;-541,2;20,00;3,0;3,0;38,46;-0,06;-0,061;2,9;5,11;0,576
509;25.07.2023;11:49:52;00:08:28;412,1;290,3;36,0;32,2;25,9;408,0;33,1;0,1;1,09E-1;-541,2;20,00;3,0;3,0;38,46;-0,06;-0,061;3,0;5,08;0,580
510;25.07.2023;11:49:53;00:08:29;414,1;290,3;36,2;32,4;25,9;409,6;33,3;0,1;1,09E-1;-541,2;20,00;3,0;3,0;38,46;-0,06;-0,062;3,0;5,12;0,581
511;25.07.2023;11:49:54;00:08:30;416,2;292,8;36,2;32,4;25,8;411,1;33,3;0,1;1,09E-1;-541,2;20,00;3,0;3,1;38,46;-0,07;-0,063;3,0;5,13;0,581
512;25.07.2023;11:49:55;00:08:31;417,0;292,8;36,4;32,4;25,8;411,9;33,5;0,1;1,09E-1;-541,2;20,00;3,0;3,0;38,45;-0,07;-0,067;3,0;5,12;0,585
513;25.07.2023;11:49:56;00:08:32;419,0;295,3;36,4;32,5;25,8;413,4;33,5;0,1;1,08E-1;-541,2;20,00;3,0;3,0;38,46;-0,07;-0,064;3,0;5,14;0,586
514;25.07.2023;11:49:57;00:08:33;421,1;297,8;36,5;32,7;25,8;414,9;33,6;0,1;1,08E-1;-541,2;20,00;3,0;3,0;38,45;-0,07;-0,063;3,0;5,12;0,585
515;25.07.2023;11:49:58;00:08:34;422,2;297,8;36,5;32,7;25,8;415,6;33,6;0,1;1,08E-1;-541,2;20,00;3,0;2,9;38,45;-0,08;-0,065;3,0;5,15;0,585
516;25.07.2023;11:49:59;00:08:35;424,3;297,8;36,7;32,7;25,8;417,3;33,9;0,1;1,08E-1;-541,2;20,00;3,0;3,0;38,45;-0,08;-0,061;3,0;5,13;0,587
517;25.07.2023;11:50:00;00:08:36;426,0;300,2;36,7;32,8;25,9;418,8;33,9;0,1;1,08E-1;-541,2;20,00;3,0;3,0;38,45;-0,07;-0,063;3,0;5,13;0,590
518;25.07.2023;11:50:01;00:08:37;427,2;300,2;36,8;32,8;25,9;419,5;34,0;0,1;1,08E-1;-541,2;20,00;3,0;3,1;38,45;-0,08;-0,060;3,0;5,15;0,592
519;25.07.2023;11:50:02;00:08:38;429,2;302,6;36,8;33,0;26,0;421,0;34,0;0,1;1,08E-1;-541,2;20,00;3,0;3,0;38,45;-0,07;-0,067;3,1;5,17;0,595
520;25.07.2023;11:50:03;00:08:39;429,9;302,6;36,8;33,0;26,0;421,8;34,2;0,1;1,08E-1;-541,2;20,00;3,0;3,0;38,45;-0,08;-0,063;3,1;5,14;0,596
521;25.07.2023;11:50:04;00:08:40;432,0;305,2;37,0;33,1;26,0;423,3;34,2;0,1;1,07E-1;-541,2;20,00;3,0;3,0;38,44;-0,08;-0,061;3,1;5,18;0,596
522;25.07.2023;11:50:05;00:08:41;434,4;305,2;37,2;33,3;26,0;424,9;34,4;0,1;1,07E-1;-541,2;20,00;3,0;3,0;38,44;-0,08;-0,064;3,1;5,19;0,598
523;25.07.2023;11:50:06;00:08:42;435,4;305,2;37,2;33,3;26,0;425,6;34,5;0,1;1,07E-1;-541,2;20,00;3,0;3,0;38,44;-0,08;-0,061;3,1;5,15;0,601
524;25.07.2023;11:50:07;00:08:43;437,5;307,8;37,2;33,3;26,1;427,1;34,6;0,1;1,07E-1;-541,2;20,00;3,0;3,0;38,44;-0,08;-0,066;3,1;5,14;0,601
525;25.07.2023;11:50:08;00:08:44;439,1;310,4;37,4;33,4;26,1;428,6;34,6;0,1;1,07E-1;-541,2;20,00;3,0;3,0;38,44;-0,08;-0,062;3,1;5,19;0,603
526;25.07.2023;11:50:09;00:08:45;440,4;310,4;37,4;33,4;26,1;429,4;34,7;0,1;1,07E-1;-541,2;20,00;3,0;3,0;38,44;-0,08;-0,064;3,1;5,19;0,603
527;25.07.2023;11:50:10;00:08:46;442,3;313,0;37,5;33,6;26,1;430,9;34,8;0,1;1,07E-1;-541,2;20,00;3,0;3,0;38,44;-0,09;-0,060;3,1;5,23;0,606
528;25.07.2023;11:50:11;00:08:47;444,5;313,0;37,7;33,6;26,1;432,5;34,9;0,1;1,07E-1;-541,2;20,00;3,0;3,0;38,44;-0,09;-0,061;3,1;5,18;0,608
529;25.07.2023;11:50:12;00:08:48;445,5;315,5;37,7;33,7;26,1;433,3;34,9;0,1;1,07E-1;-541,2;20,00;3,0;2,9;38,44;-0,08;-0,063;3,2;5,20;0,611
530;25.07.2023;11:50:13;00:08:49;447,1;317,9;37,8;33,9;26,1;434,8;35,1;0,1;1,06E-1;-541,2;20,00;3,0;3,0;38,44;-0,09;-0,053;3,2;5,21;0,607
531;25.07.2023;11:50:14;00:08:50;448,5;317,9;37,8;33,9;26,1;435,5;35,0;0,1;1,06E-1;-541,2;20,00;3,0;3,0;38,44;-0,09;-0,059;3,2;5,21;0,610
532;25.07.2023;11:50:15;00:08:51;450,5;317,9;38,0;33,9;26,1;437,0;35,2;0,1;1,06E-1;-541,2;20,00;3,0;3,0;38,44;-0,09;-0,057;3,2;5,18;0,609
533;25.07.2023;11:50:16;00:08:52;452,1;320,4;38,0;34,0;26,1;438,5;35,3;0,1;1,06E-1;-541,2;20,00;3,0;3,0;38,43;-0,09;-0,058;3,2;5,24;0,615
534;25.07.2023;11:50:17;00:08:53;453,3;320,4;38,0;34,0;26,1;439,4;35,4;0,1;1,06E-1;-541,2;20,00;3,0;3,1;38,43;-0,09;-0,059;3,2;5,25;0,615
535;25.07.2023;11:50:18;00:08:54;455,4;322,9;38,2;34,2;26,1;440,9;35,4;0,1;1,06E-1;-541,2;20,00;3,0;3,0;38,43;-0,10;-0,051;3,2;5,24;0,615
536;25.07.2023;11:50:19;00:08:55;457,4;322,9;38,3;34,3;26,1;442,4;35,6;0,1;1,06E-1;-541,2;20,00;3,0;2,9;38,43;-0,09;-0,061;3,2;5,22;0,618
537;25.07.2023;11:50:20;00:08:56;458,1;325,3;38,3;34,3;26,1;443,1;35,6;0,1;1,06E-1;-541,2;20,00;3,0;3,0;38,43;-0,10;-0,055;3,3;5,24;0,620
538;25.07.2023;11:50:21;00:08:57;460,2;325,3;38,5;34,3;26,1;444,6;35,8;0,1;1,06E-1;-541,2;20,00;3,0;3,0;38,43;-0,09;-0,062;3,2;5,27;0,624
539;25.07.2023;11:50:22;00:08:58;462,4;327,8;38,5;34,4;26,2;446,1;35,8;0,1;1,05E-1;-541,2;20,00;3,0;3,0;38,43;-0,10;-0,063;3,2;5,23;0,625
540;25.07.2023;11:50:23;00:08:59;463,5;327,7;38,4;34,3;26,1;447,0;35,9;0,1;1,05E-1;-541,2;20,00;3,0;3,0;38,43;-0,10;-0,062;3,3;5,28;0,623
541;25.07.2023;11:50:24;00:09:00;465,7;330,4;38,6;34,5;26,1;448,5;36,0;0,1;1,05E-1;-541,2;20,00;3,0;3,0;38,42;-0,10;-0,063;3,3;5,26;0,625
542;25.07.2023;11:50:25;00:09:01;467,5;330,4;38,7;34,7;26,1;450,0;36,2;0,1;1,05E-1;-541,2;20,00;3,0;3,1;38,43;-0,10;-0,056;3,3;5,26;0,625
543;25.07.2023;11:50:26;00:09:02;468,5;330,4;38,7;34,7;26,1;450,8;36,3;0,1;1,05E-1;-541,2;20,00;3,0;3,0;38,42;-0,10;-0,061;3,3;5,27;0,628
544;25.07.2023;11:50:27;00:09:03;470,5;333,0;38,7;34,7;26,1;452,3;36,3;0,1;1,05E-1;-541,2;20,00;3,0;3,1;38,42;-0,10;-0,057;3,3;5,29;0,625
545;25.07.2023;11:50:28;00:09:04;471,2;335,7;38,9;34,8;26,2;453,0;36,3;0,1;1,05E-1;-541,2;20,00;3,0;3,0;38,42;-0,10;-0,061;3,3;5,27;0,635
546;25.07.2023;11:50:29;00:09:05;473,8;335,7;39,1;34,8;26,2;454,6;36,5;0,1;1,05E-1;-541,2;20,00;3,0;3,0;38,42;-0,10;-0,065;3,4;5,28;0,634
547;25.07.2023;11:50:30;00:09:06;475,7;338,4;39,1;35,0;26,2;456,1;36,5;0,1;1,05E-1;-541,2;20,00;3,0;3,0;38,42;-0,11;-0,057;3,3;5,29;0,635
548;25.07.2023;11:50:31;00:09:07;476,6;338,4;39,3;35,0;26,2;456,9;36,6;0,1;1,04E-1;-541,2;20,00;3,0;3,0;38,42;-0,10;-0,061;3,3;5,28;0,635
549;25.07.2023;11:50:32;00:09:08;478,9;340,9;39,3;35,1;26,2;458,4;36,6;0,1;1,04E-1;-541,2;20,00;3,0;3,0;38,42;-0,11;-0,055;3,4;5,30;0,636
550;25.07.2023;11:50:33;00:09:09;480,8;343,4;39,4;35,3;26,2;459,9;36,8;0,1;1,04E-1;-541,2;20,00;3,0;2,9;38,41;-0,10;-0,061;3,4;5,31;0,636
551;25.07.2023;11:50:34;00:09:10;481,7;343,4;39,4;35,3;26,2;460,6;36,7;0,1;1,04E-1;-541,2;20,00;3,0;3,0;38,42;-0,11;-0,056;3,4;5,28;0,639
552;25.07.2023;11:50:35;00:09:11;483,9;343,4;39,6;35,4;26,2;462,3;37,0;0,1;1,04E-1;-541,2;20,00;3,0;3,0;38,42;-0,11;-0,061;3,4;5,30;0,641
553;25.07.2023;11:50:36;00:09:12;485,8;345,9;39,6;35,4;26,2;463,8;37,0;0,1;1,04E-1;-541,2;20,00;3,0;3,0;38,41;-0,11;-0,056;3,4;5,31;0,642
554;25.07.2023;11:50:37;00:09:13;487,0;345,9;39,6;35,4;26,2;464,5;37,1;0,1;1,04E-1;-541,2;20,00;3,0;3,0;38,41;-0,11;-0,052;3,4;5,31;0,644
555;25.07.2023;11:50:38;00:09:14;488,8;348,6;39,8;35,6;26,2;466,0;37,1;0,1;1,04E-1;-541,2;20,00;3,0;3,0;38,41;-0,11;-0,057;3,4;5,30;0,645
556;25.07.2023;11:50:39;00:09:15;491,1;348,6;39,9;35,6;26,2;467,5;37,4;0,1;1,04E-1;-541,2;20,00;3,0;3,0;38,41;-0,11;-0,058;3,4;5,31;0,647
557;25.07.2023;11:50:40;00:09:16;491,8;351,2;39,9;35,7;26,2;468,3;37,3;0,1;1,04E-1;-541,2;20,00;3,0;3,0;38,41;-0,11;-0,056;3,5;5,31;0,650
558;25.07.2023;11:50:41;00:09:17;493,9;353,8;40,1;35,9;26,2;469,9;37,5;0,1;1,04E-1;-541,2;20,00;3,0;3,1;38,41;-0,11;-0,052;3,4;5,33;0,651
559;25.07.2023;11:50:42;00:09:18;495,1;353,8;40,1;35,9;26,2;470,6;37,4;0,1;1,03E-1;-541,2;20,00;3,0;3,0;38,41;-0,12;-0,054;3,5;5,34;0,653
560;25.07.2023;11:50:43;00:09:19;496,8;353,7;40,0;35,8;26,1;472,1;37,6;0,1;1,03E-1;-541,2;20,00;3,0;2,9;38,41;-0,11;-0,056;3,5;5,36;0,651
561;25.07.2023;11:50:44;00:09:20;499,2;356,5;40,2;36,0;26,1;473,6;37,6;0,1;1,03E-1;-541,2;20,00;3,0;3,0;38,41;-0,12;-0,043;3,5;5,31;0,654
562;25.07.2023;11:50:45;00:09:21;500,1;356,5;40,2;36,0;26,1;474,4;37,7;0,1;1,03E-1;-541,2;20,00;3,0;3,0;38,41;-0,12;-0,048;3,5;5,35;0,653
563;25.07.2023;11:50:46;00:09:22;502,1;359,2;40,4;36,1;26,1;475,9;38,0;0,1;1,03E-1;-541,2;20,00;3,0;3,0;38,41;-0,12;-0,045;3,5;5,38;0,659
564;25.07.2023;11:50:47;00:09:23;504,1;359,2;40,4;36,1;26,1;477,5;38,0;0,1;1,03E-1;-541,2;20,00;3,0;3,0;38,41;-0,12;-0,043;3,5;5,36;0,659
565;25.07.2023;11:50:48;00:09:24;505,2;361,9;40,5;36,3;26,2;478,3;37,9;0,1;1,03E-1;-541,2;20,00;3,0;3,0;38,41;-0,12;-0,046;3,5;5,34;0,659
566;25.07.2023;11:50:49;00:09:25;507,5;361,9;40,7;36,3;26,2;479,8;38,1;0,1;1,03E-1;-541,2;20,00;3,0;3,0;38,41;-0,12;-0,036;3,5;5,32;0,659
567;25.07.2023;11:50:50;00:09:26;509,4;364,6;40,7;36,5;26,3;481,3;38,1;0,1;1,03E-1;-541,2;20,00;3,0;3,0;38,40;-0,12;-0,042;3,6;5,38;0,662
568;25.07.2023;11:50:51;00:09:27;510,4;364,6;40,7;36,5;26,3;482,0;38,2;0,1;1,03E-1;-541,2;20,00;3,0;3,0;38,40;-0,12;-0,034;3,6;5,37;0,664
569;25.07.2023;11:50:52;00:09:28;512,4;367,2;40,9;36,6;26,3;483,5;38,2;0,1;1,03E-1;-541,2;20,00;3,0;3,0;38,40;-0,12;-0,038;3,6;5,36;0,664
570;25.07.2023;11:50:53;00:09:29;513,5;367,2;40,9;36,6;26,3;484,3;38,4;0,1;1,03E-1;-541,2;20,00;3,0;3,0;38,40;-0,12;-0,034;3,6;5,38;0,667
571;25.07.2023;11:50:54;00:09:30;515,5;369,8;41,0;36,8;26,3;485,9;38,6;0,1;1,03E-1;-541,2;20,00;3,0;3,0;38,40;-0,13;-0,032;3,6;5,41;0,669
572;25.07.2023;11:50:55;00:09:31;517,9;369,8;41,0;36,8;26,3;487,4;38,6;0,1;1,02E-1;-541,2;20,00;3,0;3,0;38,40;-0,12;-0,035;3,6;5,37;0,669
573;25.07.2023;11:50:56;00:09:32;518,5;372,3;41,2;36,9;26,3;488,1;38,6;0,1;1,02E-1;-541,2;20,00;3,0;3,0;38,40;-0,13;-0,031;3,6;5,39;0,671
574;25.07.2023;11:50:57;00:09:33;520,6;372,3;41,4;36,9;26,3;489,6;38,7;0,1;1,02E-1;-541,2;20,00;3,0;3,0;38,40;-0,12;-0,028;3,6;5,42;0,674
575;25.07.2023;11:50:58;00:09:34;522,7;374,9;41,4;37,1;26,3;491,1;38,8;0,1;1,02E-1;-541,2;20,00;3,0;3,0;38,40;-0,13;-0,021;3,6;5,43;0,672
576;25.07.2023;11:50:59;00:09:35;524,0;374,9;41,6;37,1;26,3;491,9;38,9;0,1;1,02E-1;-541,2;20,00;3,0;3,0;38,40;-0,12;-0,026;3,6;5,40;0,674
577;25.07.2023;11:51:00;00:09:36;526,1;377,5;41,6;37,2;26,4;493,5;38,9;0,1;1,02E-1;-541,2;20,00;3,0;3,0;38,40;-0,12;-0,020;3,7;5,43;0,678
578;25.07.2023;11:51:01;00:09:37;528,2;380,1;41,8;37,4;26,4;495,0;39,0;0,1;1,02E-1;-541,2;20,00;3,0;3,0;38,40;-0,13;-0,015;3,7;5,40;0,681
579;25.07.2023;11:51:02;00:09:38;529,3;380,1;41,8;37,4;26,4;495,8;39,0;0,1;1,02E-1;-541,2;20,00;3,0;3,1;38,40;-0,12;-0,016;3,7;5,42;0,679
580;25.07.2023;11:51:03;00:09:39;531,4;380,1;41,8;37,4;26,4;497,3;39,3;0,1;1,02E-1;-541,2;20,00;3,0;3,0;38,40;-0,13;-0,006;3,7;5,43;0,684
581;25.07.2023;11:51:04;00:09:40;533,7;382,8;41,9;37,5;26,4;498,8;39,3;0,1;1,02E-1;-541,2;20,00;3,0;3,0;38,40;-0,12;-0,012;3,7;5,40;0,684
582;25.07.2023;11:51:05;00:09:41;534,9;382,8;42,1;37,5;26,4;499,6;39,4;0,1;1,02E-1;-541,2;20,00;3,0;3,1;38,40;-0,12;-0,013;3,7;5,41;0,683
583;25.07.2023;11:51:06;00:09:42;536,5;385,6;42,1;37,7;26,4;501,1;39,4;0,1;1,02E-1;-541,2;20,00;3,0;3,1;38,40;-0,13;-0,009;3,8;5,44;0,684
584;25.07.2023;11:51:07;00:09:43;537,8;385,6;42,1;37,7;26,4;501,9;39,5;0,1;1,02E-1;-541,2;20,00;3,0;3,0;38,40;-0,13;-0,013;3,7;5,45;0,684
585;25.07.2023;11:51:08;00:09:44;539,7;388,4;42,3;37,9;26,4;503,4;39,5;0,1;1,02E-1;-541,2;20,00;3,0;2,9;38,40;-0,13;-0,006;3,8;5,47;0,689
586;25.07.2023;11:51:09;00:09:45;541,9;388,4;42,4;38,0;26,4;504,9;39,7;0,1;1,02E-1;-541,2;20,00;3,0;2,9;38,40;-0,12;-0,004;3,7;5,43;0,690
587;25.07.2023;11:51:10;00:09:46;542,6;388,4;42,4;38,0;26,4;505,6;39,8;0,1;1,02E-1;-541,2;20,00;3,0;3,0;38,40;-0,13;0,000;3,8;5,49;0,691
588;25.07.2023;11:51:11;00:09:47;545,0;391,2;42,4;38,0;26,5;507,3;39,9;0,1;1,01E-1;-541,2;20,00;3,0;3,0;38,40;-0,13;-0,001;3,8;5,47;0,689
589;25.07.2023;11:51:12;00:09:48;546,7;393,8;42,6;38,2;26,5;508,8;39,9;0,1;1,01E-1;-541,2;20,00;3,0;3,0;38,40;-0,12;-0,002;3,8;5,48;0,694
590;25.07.2023;11:51:13;00:09:49;547,4;393,8;42,6;38,2;26,5;509,5;40,0;0,1;1,01E-1;-541,2;20,00;3,0;3,0;38,40;-0,13;0,002;3,8;5,46;0,691
591;25.07.2023;11:51:14;00:09:50;549,2;396,4;42,8;38,3;26,5;511,0;40,0;0,1;1,01E-1;-541,2;20,00;3,0;3,1;38,40;-0,12;0,003;3,8;5,43;0,695
592;25.07.2023;11:51:15;00:09:51;550,8;396,4;43,0;38,3;26,5;512,5;40,2;0,1;1,01E-1;-541,2;20,00;3,0;3,0;38,40;-0,13;0,006;3,8;5,48;0,697
593;25.07.2023;11:51:16;00:09:52;552,1;399,0;43,0;38,5;26,5;513,3;40,1;0,1;1,01E-1;-541,2;20,00;3,0;3,0;38,40;-0,12;0,000;3,8;5,49;0,698
594;25.07.2023;11:51:17;00:09:53;553,7;399,0;43,1;38,7;26,5;514,9;40,4;0,1;1,01E-1;-541,2;20,00;3,0;2,9;38,40;-0,13;0,001;3,9;5,52;0,703
595;25.07.2023;11:51:18;00:09:54;555,6;401,6;43,1;38,7;26,5;516,4;40,4;0,1;1,01E-1;-541,2;20,00;3,0;2,9;38,40;-0,13;0,004;3,8;5,46;0,701
596;25.07.2023;11:51:19;00:09:55;556,5;401,6;43,3;38,8;26,5;517,1;40,5;0,1;1,01E-1;-541,2;20,00;3,0;2,9;38,40;-0,12;0,001;3,9;5,49;0,703
597;25.07.2023;11:51:20;00:09:56;558,3;404,1;43,3;38,8;26,5;518,6;40,5;0,1;1,01E-1;-541,2;20,00;3,0;3,0;38,40;-0,13;0,007;3,9;5,51;0,708
598;25.07.2023;11:51:21;00:09:57;559,2;404,1;43,3;38,8;26,5;519,4;40,6;0,1;1,01E-1;-541,2;20,00;3,0;3,0;38,40;-0,13;0,001;3,9;5,50;0,703
599;25.07.2023;11:51:22;00:09:58;561,0;406,8;43,4;39,0;26,5;520,9;40,6;0,1;1,01E-1;-541,2;20,00;3,0;3,0;38,40;-0,12;0,000;3,9;5,51;0,708
600;25.07.2023;11:51:23;00:09:59;562,5;406,8;43,5;39,0;26,5;522,5;40,9;0,1;1,01E-1;-541,2;20,00;3,0;3,0;38,40;-0,12;0,011;3,9;5,50;0,713
601;25.07.2023;11:51:24;00:10:00;563,4;406,8;43,6;39,2;26,5;523,3;41,0;0,1;1,01E-1;-541,2;20,00;3,0;3,0;38,40;-0,13;0,012;3,9;5,50;0,712
602;25.07.2023;11:51:25;00:10:01;565,1;409,6;43,6;39,2;26,6;524,8;41,0;0,1;1,01E-1;-541,2;20,00;3,0;3,1;38,40;-0,12;0,006;3,9;5,53;0,711
603;25.07.2023;11:51:26;00:10:02;566,6;412,5;43,8;39,3;26,6;526,3;41,0;0,1;1,01E-1;-541,2;20,00;3,0;3,1;38,40;-0,13;0,011;4,0;5,53;0,718
604;25.07.2023;11:51:27;00:10:03;567,4;412,5;43,8;39,3;26,6;527,0;41,1;0,1;1,01E-1;-541,2;20,00;3,0;3,1;38,40;-0,12;0,006;3,9;5,52;0,713
605;25.07.2023;11:51:28;00:10:04;568,9;415,4;44,0;39,5;26,6;528,5;41,1;0,1;1,01E-1;-541,2;20,00;3,0;3,1;38,40;-0,13;0,012;4,0;5,52;0,719
606;25.07.2023;11:51:29;00:10:05;570,2;415,4;44,2;39,5;26,6;530,1;41,3;0,1;1,01E-1;-541,2;20,00;3,0;3,0;38,40;-0,13;0,006;4,0;5,53;0,718
607;25.07.2023;11:51:30;00:10:06;571,1;415,4;44,2;39,7;26,6;530,9;41,4;0,1;1,00E-1;-541,2;20,00;3,0;3,0;38,40;-0,12;0,006;4,0;5,52;0,722
608;25.07.2023;11:51:31;00:10:07;572,2;418,2;44,2;39,7;26,7;532,4;41,4;0,1;1,00E-1;-541,2;20,00;3,0;2,9;38,40;-0,13;0,012;4,0;5,55;0,723
609;25.07.2023;11:51:32;00:10:08;572,9;420,8;44,4;39,9;26,7;533,1;41,4;0,1;1,00E-1;-541,2;20,00;3,0;3,0;38,40;-0,12;0,014;4,0;5,52;0,720
610;25.07.2023;11:51:33;00:10:09;574,5;420,8;44,4;39,9;26,7;534,6;41,5;0,1;1,00E-1;-541,2;20,00;3,0;3,0;38,40;-0,13;0,021;4,0;5,57;0,723
611;25.07.2023;11:51:34;00:10:10;575,6;423,4;44,5;40,0;26,7;536,1;41,6;0,1;1,00E-1;-541,2;20,00;3,0;2,9;38,40;-0,12;0,022;4,0;5,54;0,725
612;25.07.2023;11:51:35;00:10:11;576,6;423,4;44,5;40,0;26,7;536,9;41,6;0,1;1,00E-1;-541,2;20,00;3,0;3,0;38,41;-0,12;0,031;4,0;5,54;0,726
613;25.07.2023;11:51:36;00:10:12;578,0;425,9;44,7;40,2;26,8;538,5;41,7;0,1;1,00E-1;-541,2;20,00;3,0;3,0;38,41;-0,12;0,051;4,0;5,52;0,730
614;25.07.2023;11:51:37;00:10:13;579,0;428,5;44,9;40,3;26,8;540,0;41,9;0,1;1,00E-1;-541,2;20,00;3,0;3,1;38,40;-0,11;0,049;4,1;5,54;0,728
615;25.07.2023;11:51:38;00:10:14;580,1;428,5;44,9;40,3;26,8;540,8;41,8;0,1;1,00E-1;-541,2;20,00;3,0;3,1;38,41;-0,12;0,059;4,0;5,55;0,730
616;25.07.2023;11:51:39;00:10:15;581,3;428,5;44,9;40,3;26,8;542,3;42,0;0,1;9,99E-2;-541,2;20,00;3,0;3,0;38,41;-0,11;0,059;4,1;5,57;0,734
617;25.07.2023;11:51:40;00:10:16;582,9;431,0;45,0;40,5;26,8;543,8;42,0;0,1;9,98E-2;-541,2;20,00;3,0;3,0;38,41;-0,11;0,064;4,1;5,55;0,733
618;25.07.2023;11:51:41;00:10:17;583,6;431,0;45,0;40,5;26,8;544,5;42,1;0,1;9,98E-2;-541,2;20,00;3,0;3,0;38,41;-0,11;0,069;4,1;5,57;0,737
619;25.07.2023;11:51:42;00:10:18;585,2;433,5;45,2;40,6;26,8;546,1;42,2;0,1;9,98E-2;-541,2;20,00;3,0;3,0;38,41;-0,11;0,070;4,1;5,58;0,737
620;25.07.2023;11:51:43;00:10:19;586,5;433,5;45,2;40,6;26,8;547,6;42,4;0,1;9,97E-2;-541,2;20,00;3,0;3,1;38,42;-0,11;0,088;4,1;5,56;0,737
621;25.07.2023;11:51:44;00:10:20;587,2;436,2;45,3;40,8;26,8;548,4;42,3;0,1;9,97E-2;-541,2;20,00;3,0;3,0;38,42;-0,10;0,088;4,1;5,59;0,741
622;25.07.2023;11:51:45;00:10:21;588,8;436,2;45,5;40,8;26,7;549,9;42,5;0,1;9,96E-2;-541,2;20,00;3,0;3,1;38,42;-0,11;0,097;4,2;5,60;0,742
623;25.07.2023;11:51:46;00:10:22;589,4;436,2;45,5;40,8;26,7;550,6;42,6;0,1;9,96E-2;-541,2;20,00;3,0;3,0;38,42;-0,10;0,091;4,2;5,59;0,742
624;25.07.2023;11:51:47;00:10:23;590,7;438,9;45,5;40,9;26,8;552,1;42,6;0,1;9,94E-2;-541,2;20,00;3,0;3,0;38,42;-0,10;0,105;4,1;5,57;0,744
625;25.07.2023;11:51:48;00:10:24;592,7;441,7;45,7;41,1;26,8;553,8;42,6;0,1;9,93E-2;-541,2;20,00;3,0;3,0;38,43;-0,10;0,109;4,2;5,60;0,746
626;25.07.2023;11:51:49;00:10:25;593,3;441,7;45,7;41,1;26,8;554,5;42,8;0,1;9,93E-2;-541,2;20,00;3,0;3,0;38,43;-0,10;0,102;4,2;5,59;0,747
627;25.07.2023;11:51:50;00:10:26;594,8;444,4;45,8;41,3;26,8;556,0;43,0;0,1;9,92E-2;-541,2;20,00;3,0;2,9;38,43;-0,10;0,120;4,2;5,61;0,746
628;25.07.2023;11:51:51;00:10:27;596,2;444,4;45,8;41,3;26,9;557,5;43,0;0,1;9,92E-2;-541,2;20,00;3,0;3,0;38,43;-0,09;0,121;4,2;5,65;0,748
629;25.07.2023;11:51:52;00:10:28;597,0;446,9;46,0;41,5;26,9;558,3;42,9;0,1;9,91E-2;-541,2;20,00;3,0;3,1;38,44;-0,09;0,129;4,2;5,60;0,747
630;25.07.2023;11:51:53;00:10:29;598,6;446,9;46,1;41,5;26,9;559,8;43,1;0,1;9,91E-2;-541,2;20,00;3,0;3,0;38,43;-0,08;0,132;4,2;5,61;0,748
631;25.07.2023;11:51:54;00:10:30;600,3;449,5;46,1;41,6;26,9;561,4;43,2;0,1;9,90E-2;-541,2;20,00;3,0;2,9;38,44;-0,08;0,130;4,2;5,63;0,754
632;25.07.2023;11:51:55;00:10:31;601,3;449,5;46,1;41,6;26,9;562,1;43,2;0,1;9,89E-2;-541,2;20,00;3,0;3,0;38,44;-0,08;0,148;4,3;5,67;0,752
633;25.07.2023;11:51:56;00:10:32;602,4;452,0;46,3;41,8;26,9;563,6;43,3;0,1;9,89E-2;-541,2;20,00;3,0;3,0;38,44;-0,08;0,150;4,3;5,65;0,755
634;25.07.2023;11:51:57;00:10:33;603,7;452,0;46,3;41,8;26,9;564,4;43,4;0,1;9,88E-2;-541,2;20,00;3,0;3,0;38,45;-0,08;0,158;4,3;5,62;0,757
635;25.07.2023;11:51:58;00:10:34;605,1;454,6;46,5;41,9;26,9;565,9;43,4;0,1;9,87E-2;-541,2;20,00;3,0;3,0;38,45;-0,07;0,167;4,2;5,66;0,757
636;25.07.2023;11:51:59;00:10:35;606,5;454,6;46,6;41,9;26,9;567,4;43,6;0,1;9,87E-2;-541,2;20,00;3,0;3,0;38,46;-0,07;0,174;4,3;5,66;0,757
637;25.07.2023;11:52:00;00:10:36;607,4;457,1;46,6;42,1;26,9;568,3;43,6;0,1;9,86E-2;-541,2;20,00;3,0;3,0;38,46;-0,07;0,186;4,3;5,61;0,762
638;25.07.2023;11:52:01;00:10:37;609,0;457,1;46,8;42,1;26,9;569,8;43,8;0,1;9,86E-2;-541,2;20,00;3,0;3,0;38,46;-0,06;0,193;4,3;5,64;0,760
639;25.07.2023;11:52:02;00:10:38;610,4;459,7;46,8;42,3;27,0;571,3;43,8;0,1;9,86E-2;-541,2;20,00;3,0;3,0;38,47;-0,06;0,217;4,3;5,65;0,761
640;25.07.2023;11:52:03;00:10:39;611,3;459,7;46,8;42,2;27,0;572,0;43,9;0,1;9,85E-2;-541,2;20,00;3,0;3,0;38,47;-0,05;0,216;4,3;5,64;0,762
641;25.07.2023;11:52:04;00:10:40;612,6;462,4;46,9;42,4;27,0;573,5;43,9;0,1;9,84E-2;-541,2;20,00;3,0;3,1;38,48;-0,05;0,243;4,3;5,65;0,767
642;25.07.2023;11:52:05;00:10:41;614,2;462,4;47,1;42,4;27,0;575,0;44,1;0,1;9,84E-2;-541,2;20,00;3,0;3,1;38,48;-0,04;0,261;4,3;5,66;0,767
643;25.07.2023;11:52:06;00:10:42;614,8;462,4;47,1;42,6;27,0;575,9;44,2;0,1;9,83E-2;-541,2;20,00;3,0;3,0;38,49;-0,04;0,270;4,3;5,67;0,769
644;25.07.2023;11:52:07;00:10:43;616,7;465,1;47,1;42,6;27,0;577,4;44,2;0,1;9,82E-2;-541,2;20,00;3,0;3,0;38,49;-0,03;0,283;4,4;5,67;0,771
645;25.07.2023;11:52:08;00:10:44;618,1;467,8;47,2;42,8;27,0;578,9;44,2;0,1;9,81E-2;-541,2;20,00;3,0;3,0;38,50;-0,02;0,290;4,4;5,66;0,772
646;25.07.2023;11:52:09;00:10:45;618,9;467,8;47,2;42,8;27,0;579,6;44,3;0,1;9,81E-2;-541,2;20,00;3,0;3,1;38,51;-0,02;0,309;4,4;5,70;0,772
647;25.07.2023;11:52:10;00:10:46;620,2;470,6;47,4;42,9;27,0;581,1;44,4;0,1;9,81E-2;-541,2;20,00;3,0;3,0;38,51;-0,01;0,316;4,4;5,68;0,777
648;25.07.2023;11:52:11;00:10:47;621,0;470,6;47,4;42,9;27,0;581,9;44,4;0,1;9,80E-2;-541,2;20,00;3,0;3,0;38,51;-0,01;0,320;4,4;5,67;0,776
649;25.07.2023;11:52:12;00:10:48;622,3;473,2;47,5;43,1;27,0;583,5;44,5;0,1;9,80E-2;-541,2;20,00;3,0;3,0;38,52;0,00;0,337;4,4;5,70;0,778
650;25.07.2023;11:52:13;00:10:49;623,7;473,2;47,7;43,1;27,1;585,0;44,7;0,1;9,79E-2;-541,2;20,00;3,0;2,9;38,53;0,01;0,359;4,4;5,70;0,778
651;25.07.2023;11:52:14;00:10:50;624,7;473,2;47,7;43,1;27,1;585,8;44,8;0,1;9,78E-2;-541,2;20,00;3,0;3,0;38,53;0,01;0,372;4,4;5,70;0,781
652;25.07.2023;11:52:15;00:10:51;625,9;475,8;47,7;43,3;27,1;587,3;44,8;0,1;9,77E-2;-541,2;20,00;3,0;3,0;38,54;0,02;0,384;4,5;5,66;0,781
653;25.07.2023;11:52:16;00:10:52;627,6;478,4;47,8;43,4;27,1;588,8;44,8;0,1;9,76E-2;-541,2;20,00;3,0;3,0;38,56;0,03;0,419;4,5;5,69;0,784
654;25.07.2023;11:52:17;00:10:53;628,3;478,4;47,8;43,4;27,1;589,5;44,9;0,1;9,76E-2;-541,2;20,00;3,0;3,0;38,56;0,04;0,435;4,5;5,70;0,783
655;25.07.2023;11:52:18;00:10:54;630,0;480,9;48,0;43,6;27,1;591,1;45,2;0,1;9,75E-2;-541,2;20,00;3,0;3,0;38,57;0,05;0,487;4,5;5,73;0,789
656;25.07.2023;11:52:19;00:10:55;631,2;480,9;48,0;43,6;27,1;592,6;45,2;0,1;9,74E-2;-541,2;20,00;3,0;3,0;38,59;0,06;0,508;4,5;5,73;0,787
657;25.07.2023;11:52:20;00:10:56;631,9;483,5;48,1;43,8;27,1;593,4;45,1;0,1;9,74E-2;-541,2;20,00;3,0;2,9;38,59;0,07;0,512;4,5;5,72;0,791
658;25.07.2023;11:52:21;00:10:57;633,2;483,5;48,3;43,8;27,1;594,9;45,3;0,1;9,74E-2;-541,2;20,00;3,0;3,0;38,61;0,08;0,549;4,5;5,72;0,791
659;25.07.2023;11:52:22;00:10:58;634,9;486,0;48,3;43,9;27,2;596,4;45,4;0,1;9,73E-2;-541,2;20,00;3,0;3,0;38,62;0,10;0,591;4,6;5,73;0,796
660;25.07.2023;11:52:23;00:10:59;635,7;485,9;48,3;43,9;27,2;597,1;45,4;0,1;9,72E-2;-541,2;20,00;3,0;3,0;38,63;0,10;0,614;4,6;5,71;0,796
661;25.07.2023;11:52:24;00:11:00;637,4;485,9;48,4;44,0;27,1;598,8;45,7;0,1;9,71E-2;-541,2;20,00;3,0;3,0;38,64;0,11;0,661;4,6;5,75;0,798
662;25.07.2023;11:52:25;00:11:01;638,0;488,6;48,4;44,0;27,1;599,5;45,6;0,1;9,71E-2;-541,2;20,00;3,0;3,0;38,65;0,12;0,667;4,6;5,73;0,801
663;25.07.2023;11:52:26;00:11:02;639,6;488,6;48,6;44,2;27,1;601,0;45,8;0,1;9,69E-2;-541,2;20,00;3,1;3,0;38,67;0,14;0,707;4,6;5,74;0,802
664;25.07.2023;11:52:27;00:11:03;640,8;491,3;48,6;44,2;27,1;602,5;45,8;0,1;9,69E-2;-541,2;20,00;3,2;3,1;38,69;0,17;0,812;4,6;5,74;0,803
665;25.07.2023;11:52:28;00:11:04;641,7;494,0;48,7;44,4;27,1;603,3;45,8;0,1;9,69E-2;-541,2;20,00;3,3;3,2;38,71;0,19;0,905;4,6;5,77;0,807
666;25.07.2023;11:52:29;00:11:05;642,9;494,0;48,7;44,4;27,1;604,8;45,9;0,1;9,68E-2;-541,2;20,00;3,4;3,3;38,75;0,22;1,087;4,7;5,76;0,811
667;25.07.2023;11:52:30;00:11:06;644,5;496,7;48,9;44,6;27,2;606,4;46,0;0,1;9,67E-2;-541,2;20,00;3,6;3,4;38,79;0,27;1,328;4,7;5,76;0,816
668;25.07.2023;11:52:31;00:11:07;645,0;496,7;48,9;44,6;27,2;607,1;46,0;0,1;9,67E-2;-541,2;20,00;3,6;3,5;38,81;0,28;1,452;4,7;5,77;0,816
669;25.07.2023;11:52:32;00:11:08;646,4;499,2;49,1;44,8;27,1;608,6;46,1;0,1;9,66E-2;-541,2;20,00;3,7;3,6;38,86;0,33;1,657;4,7;5,78;0,821
670;25.07.2023;11:52:33;00:11:09;647,5;499,2;49,3;44,8;27,1;610,1;46,3;0,1;9,65E-2;-541,2;20,00;3,9;3,8;38,91;0,37;1,874;4,7;5,75;0,823
671;25.07.2023;11:52:34;00:11:10;648,4;499,2;49,3;44,8;27,1;610,9;46,4;0,1;9,64E-2;-541,2;20,00;3,9;3,8;38,93;0,41;1,987;4,7;5,75;0,829
672;25.07.2023;11:52:35;00:11:11;649,4;501,7;49,3;45,0;27,2;612,4;46,4;0,1;9,64E-2;-541,2;20,00;4,1;4,0;38,99;0,46;2,224;4,8;5,75;0,835
673;25.07.2023;11:52:36;00:11:12;649,8;504,1;49,6;45,2;27,2;613,1;46,5;0,1;9,64E-2;-541,2;20,00;4,1;4,0;39,02;0,49;2,341;4,8;5,77;0,835
674;25.07.2023;11:52:37;00:11:13;651,2;504,1;49,6;45,2;27,2;614,8;46,5;0,1;9,63E-2;-541,2;20,00;4,3;4,2;39,10;0,57;2,600;4,8;5,79;0,839
675;25.07.2023;11:52:38;00:11:14;652,5;506,6;49,8;45,3;27,2;616,3;46,7;0,1;9,63E-2;-541,2;20,00;4,4;4,3;39,17;0,63;2,834;4,9;5,77;0,845
676;25.07.2023;11:52:39;00:11:15;653,2;506,6;49,8;45,3;27,2;617,0;46,7;0,1;9,63E-2;-541,2;20,00;4,5;4,3;39,20;0,67;2,956;4,9;5,76;0,844
677;25.07.2023;11:52:40;00:11:16;654,4;509,1;50,1;45,5;27,3;618,5;46,7;0,1;9,63E-2;-541,2;20,00;4,6;4,4;39,28;0,74;3,201;4,9;5,76;0,850
678;25.07.2023;11:52:41;00:11:17;655,9;509,1;50,4;45,7;27,3;620,0;46,9;0,1;9,63E-2;-541,2;20,00;4,7;4,6;39,36;0,84;3,435;4,9;5,75;0,855
679;25.07.2023;11:52:42;00:11:18;656,3;511,5;50,4;45,7;27,3;620,8;46,8;0,1;9,62E-2;-541,2;20,00;4,8;4,6;39,41;0,87;3,568;4,9;5,77;0,857
680;25.07.2023;11:52:43;00:11:19;657,5;511,5;50,4;45,7;27,3;622,4;47,1;0,1;9,62E-2;-541,2;20,00;4,9;4,8;39,50;0,97;3,841;5,0;5,81;0,861
681;25.07.2023;11:52:44;00:11:20;659,0;511,5;50,7;45,9;27,3;623,9;47,3;0,1;9,62E-2;-541,2;20,00;5,1;4,9;39,60;1,07;4,062;5,0;5,81;0,869
682;25.07.2023;11:52:45;00:11:21;659,8;514,0;50,7;45,9;27,3;624,6;47,2;0,1;9,62E-2;-541,2;20,00;5,1;5,0;39,65;1,12;4,195;5,1;5,82;0,870
683;25.07.2023;11:52:46;00:11:22;661,4;516,5;51,1;46,2;27,3;626,1;47,4;0,1;9,61E-2;-541,2;20,00;5,3;5,1;39,75;1,22;4,440;5,0;5,82;0,874
684;25.07.2023;11:52:47;00:11:23;662,9;516,5;51,1;46,2;27,3;627,6;47,4;0,1;9,61E-2;-541,2;20,00;5,4;5,2;39,86;1,32;4,654;5,1;5,80;0,879
685;25.07.2023;11:52:48;00:11:24;663,6;519,1;51,4;46,4;27,3;628,4;47,4;0,1;9,61E-2;-541,2;20,00;5,5;5,3;39,91;1,38;4,749;5,1;5,82;0,882
686;25.07.2023;11:52:49;00:11:25;665,6;519,1;51,8;46,4;27,4;630,0;47,6;0,1;9,60E-2;-541,2;20,00;5,6;5,5;40,03;1,50;4,982;5,2;5,81;0,886
687;25.07.2023;11:52:50;00:11:26;666,3;519,1;51,8;46,4;27,4;630,8;47,7;0,1;9,60E-2;-541,2;20,00;5,7;5,5;40,08;1,55;5,086;5,2;5,83;0,889
688;25.07.2023;11:52:51;00:11:27;667,8;521,8;51,8;46,7;27,4;632,3;47,7;0,1;9,60E-2;-541,2;20,00;5,8;5,7;40,20;1,67;5,247;5,2;5,81;0,894
689;25.07.2023;11:52:52;00:11:28;669,3;524,2;52,2;46,9;27,4;633,8;47,7;0,1;9,59E-2;-541,2;20,00;5,9;5,8;40,32;1,78;5,427;5,2;5,83;0,900
690;25.07.2023;11:52:53;00:11:29;669,9;524,2;52,2;46,9;27,4;634,5;47,8;0,1;9,59E-2;-541,2;20,00;6,0;5,9;40,38;1,84;5,485;5,3;5,83;0,902
691;25.07.2023;11:52:54;00:11:30;671,3;524,2;52,6;47,2;27,4;636,0;48,0;0,1;9,59E-2;-541,2;20,00;6,1;6,0;40,49;1,96;5,622;5,3;5,82;0,906
692;25.07.2023;11:52:55;00:11:31;672,6;526,7;52,6;47,2;27,4;637,6;48,1;0,1;9,59E-2;-541,2;20,00;6,3;6,2;40,62;2,09;5,732;5,3;5,85;0,913
693;25.07.2023;11:52:56;00:11:32;673,1;529,4;53,0;47,5;27,4;638,4;48,0;0,1;9,58E-2;-541,2;20,00;6,3;6,2;40,68;2,15;5,761;5,4;5,82;0,915
694;25.07.2023;11:52:57;00:11:33;674,5;529,4;53,5;47,5;27,4;639,9;48,2;0,1;9,58E-2;-541,2;20,00;6,5;6,3;40,80;2,26;5,829;5,4;5,84;0,918
695;25.07.2023;11:52:58;00:11:34;675,3;532,1;53,5;47,8;27,4;641,4;48,2;0,1;9,57E-2;-541,2;20,00;6,6;6,4;40,91;2,39;5,888;5,4;5,84;0,928
696;25.07.2023;11:52:59;00:11:35;675,8;532,1;53,5;47,8;27,4;642,1;48,3;0,1;9,58E-2;-541,2;20,00;6,7;6,5;40,98;2,44;5,885;5,4;5,84;0,928
697;25.07.2023;11:53:00;00:11:36;676,9;534,8;53,9;48,1;27,5;643,6;48,3;0,1;9,57E-2;-541,2;20,00;6,8;6,7;41,09;2,56;5,881;5,4;5,83;0,933
698;25.07.2023;11:53:01;00:11:37;677,8;534,8;54,3;48,4;27,5;645,3;48,5;0,1;9,56E-2;-541,2;20,00;6,9;6,8;41,22;2,69;5,867;5,5;5,83;0,938
699;25.07.2023;11:53:02;00:11:38;678,4;534,8;54,3;48,4;27,5;646,0;48,6;0,1;9,57E-2;-541,2;20,00;7,0;6,9;41,28;2,74;5,864;5,6;5,84;0,947
700;25.07.2023;11:53:03;00:11:39;678,9;537,5;54,3;48,3;27,4;647,5;48,6;0,1;9,56E-2;-541,2;20,00;7,1;7,0;41,39;2,86;5,827;5,6;5,88;0,952
701;25.07.2023;11:53:04;00:11:40;679,2;537,5;54,6;48,6;27,4;648,3;48,7;0,1;9,56E-2;-541,2;20,00;7,2;7,1;41,45;2,92;5,822;5,6;5,82;0,953
702;25.07.2023;11:53:05;00:11:41;679,8;540,4;54,6;48,6;27,4;649,8;48,7;0,1;9,55E-2;-541,2;20,00;7,3;7,2;41,56;3,03;5,756;5,7;5,83;0,967
703;25.07.2023;11:53:06;00:11:42;680,6;543,4;55,0;49,0;27,5;651,3;48,8;0,1;9,55E-2;-541,2;20,00;7,4;7,3;41,66;3,13;5,683;5,6;5,86;0,967
704;25.07.2023;11:53:07;00:11:43;681,1;543,4;55,0;49,0;27,5;652,1;48,8;0,1;9,54E-2;-541,2;20,00;7,5;7,3;41,73;3,19;5,641;5,7;5,85;0,974
705;25.07.2023;11:53:08;00:11:44;681,8;546,6;55,5;49,3;27,5;653,6;48,8;0,1;9,54E-2;-541,2;20,00;7,6;7,5;41,84;3,30;5,565;5,8;5,83;0,979
706;25.07.2023;11:53:09;00:11:45;682,5;546,6;55,9;49,3;27,5;655,1;49,0;0,1;9,53E-2;-541,2;20,00;7,8;7,7;41,94;3,42;5,472;5,8;5,90;0,982
707;25.07.2023;11:53:10;00:11:46;682,7;546,6;55,9;49,3;27,5;655,9;49,1;0,1;9,53E-2;-541,2;20,00;7,8;7,7;42,00;3,46;5,452;5,8;5,85;0,989
708;25.07.2023;11:53:11;00:11:47;683,9;549,8;55,9;49,6;27,5;657,4;49,0;0,1;9,52E-2;-541,2;20,00;8,0;7,8;42,10;3,57;5,403;5,8;5,87;0,991
709;25.07.2023;11:53:12;00:11:48;685,3;552,9;56,3;49,9;27,5;658,9;49,0;0,1;9,51E-2;-541,2;20,00;8,1;8,0;42,21;3,67;5,387;5,8;5,84;0,995
710;25.07.2023;11:53:13;00:11:49;686,1;552,9;56,3;49,9;27,5;659,8;49,1;0,1;9,51E-2;-541,2;20,00;8,2;8,0;42,28;3,74;5,378;5,9;5,86;0,999
711;25.07.2023;11:53:14;00:11:50;687,4;556,1;56,7;50,2;27,5;661,3;49,2;0,1;9,51E-2;-541,2;20,00;8,3;8,1;42,38;3,85;5,383;5,9;5,87;1,008
712;25.07.2023;11:53:15;00:11:51;688,2;556,1;56,7;50,2;27,5;662,0;49,2;0,1;9,51E-2;-541,2;20,00;8,4;8,2;42,44;3,90;5,398;5,9;5,83;1,007
713;25.07.2023;11:53:16;00:11:52;689,6;559,3;57,1;50,6;27,5;663,5;49,2;0,1;9,50E-2;-541,2;20,00;8,5;8,4;42,55;4,02;5,441;5,9;5,88;1,016
714;25.07.2023;11:53:17;00:11:53;691,1;559,3;57,5;50,6;27,5;665,0;49,4;0,1;9,50E-2;-541,2;20,00;8,6;8,5;42,67;4,13;5,504;6,0;5,87;1,017
715;25.07.2023;11:53:18;00:11:54;691,8;559,3;57,5;50,9;27,5;665,8;49,5;0,1;9,50E-2;-541,2;20,00;8,7;8,6;42,72;4,19;5,541;6,0;5,88;1,026
716;25.07.2023;11:53:19;00:11:55;693,7;562,4;57,5;50,9;27,6;667,4;49,4;0,1;9,49E-2;-541,2;20,00;8,8;8,7;42,85;4,32;5,636;6,0;5,87;1,025
717;25.07.2023;11:53:20;00:11:56;695,7;565,4;57,9;51,2;27,6;668,9;49,4;0,1;9,48E-2;-541,2;20,00;9,0;8,9;42,97;4,43;5,676;6,1;5,85;1,035
718;25.07.2023;11:53:21;00:11:57;696,5;565,4;57,9;51,2;27,6;669,6;49,5;0,1;9,48E-2;-541,2;20,00;9,0;8,9;43,01;4,48;5,656;6,1;5,87;1,035
719;25.07.2023;11:53:22;00:11:58;698,4;568,3;58,3;51,5;27,6;671,1;49,5;0,1;9,47E-2;-541,2;20,00;9,2;9,1;43,11;4,58;5,551;6,1;5,86;1,041
720;25.07.2023;11:53:23;00:11:59;699,8;568,3;58,3;51,5;27,6;672,6;49,7;0,1;9,47E-2;-541,2;20,00;9,3;9,2;43,20;4,67;5,331;6,1;5,92;1,049
721;25.07.2023;11:53:24;00:12:00;700,6;571,2;58,7;51,8;27,6;673,4;49,7;0,1;9,46E-2;-541,2;20,00;9,4;9,2;43,24;4,71;5,195;6,2;5,87;1,056
722;25.07.2023;11:53:25;00:12:01;701,9;571,2;58,7;51,8;27,6;675,0;49,8;0,1;9,46E-2;-541,2;20,00;9,5;9,4;43,32;4,79;4,805;6,2;5,91;1,059
723;25.07.2023;11:53:26;00:12:02;703,2;574,1;59,2;52,2;27,6;676,5;49,8;0,1;9,46E-2;-541,2;20,00;9,6;9,5;43,38;4,86;4,410;6,3;5,87;1,066
724;25.07.2023;11:53:27;00:12:03;704,1;574,1;59,2;52,2;27,6;677,3;49,9;0,1;9,45E-2;-541,2;20,00;9,7;9,6;43,41;4,88;4,206;6,3;5,87;1,068
725;25.07.2023;11:53:28;00:12:04;705,2;576,9;59,7;52,5;27,6;678,8;49,9;0,1;9,45E-2;-541,2;20,00;9,8;9,7;43,46;4,94;3,792;6,3;5,88;1,074
726;25.07.2023;11:53:29;00:12:05;705,7;576,9;59,7;52,5;27,6;679,5;50,0;0,1;9,44E-2;-541,2;20,00;9,9;9,7;43,49;4,96;3,600;6,3;5,86;1,078
727;25.07.2023;11:53:30;00:12:06;707,2;576,9;60,2;52,5;27,6;681,0;50,2;0,1;9,44E-2;-541,2;20,00;10,0;9,9;43,54;5,02;3,259;6,4;5,86;1,084
728;25.07.2023;11:53:31;00:12:07;708,4;579,7;60,2;52,9;27,7;682,6;50,2;0,1;9,43E-2;-541,2;20,00;10,2;10,0;43,59;5,06;2,948;6,4;5,88;1,085
729;25.07.2023;11:53:32;00:12:08;709,2;582,4;60,7;53,2;27,7;683,4;50,2;0,1;9,42E-2;-541,2;20,00;10,2;10,1;43,61;5,08;2,824;6,4;5,89;1,090
730;25.07.2023;11:53:33;00:12:09;710,9;582,4;60,7;53,2;27,7;684,9;50,3;0,1;9,42E-2;-541,2;20,00;10,4;10,3;43,65;5,13;2,618;6,4;5,88;1,094
731;25.07.2023;11:53:34;00:12:10;712,4;585,2;61,1;53,5;27,7;686,4;50,4;0,1;9,41E-2;-541,2;20,00;10,5;10,3;43,70;5,16;2,432;6,5;5,92;1,100
732;25.07.2023;11:53:35;00:12:11;713,4;585,2;61,1;53,5;27,7;687,1;50,4;0,1;9,41E-2;-541,2;20,00;10,6;10,5;43,71;5,19;2,353;6,5;5,93;1,103
733;25.07.2023;11:53:36;00:12:12;715,5;588,2;61,6;53,8;27,7;688,6;50,4;0,1;9,41E-2;-541,2;20,00;10,7;10,6;43,75;5,22;2,209;6,6;5,91;1,109
734;25.07.2023;11:53:37;00:12:13;717,3;591,5;62,0;54,2;27,7;690,3;50,6;0,1;9,40E-2;-541,2;20,00;10,8;10,7;43,79;5,26;2,083;6,6;5,88;1,113
735;25.07.2023;11:53:38;00:12:14;718,4;591,5;62,0;54,2;27,7;691,0;50,4;0,1;9,40E-2;-541,2;20,00;10,9;10,8;43,81;5,28;2,040;6,6;5,88;1,118
736;25.07.2023;11:53:39;00:12:15;720,0;591,5;62,4;54,2;27,7;692,5;50,6;0,1;9,40E-2;-541,1;20,00;11,0;10,9;43,84;5,31;1,940;6,6;5,89;1,120
737;25.07.2023;11:53:40;00:12:16;721,8;595,0;62,4;54,5;27,7;694,0;50,5;0,1;9,40E-2;-541,2;20,00;11,1;11,1;43,87;5,35;1,851;6,6;5,86;1,125
738;25.07.2023;11:53:41;00:12:17;723,0;595,0;62,4;54,5;27,7;694,8;50,6;0,1;9,40E-2;-541,2;20,00;11,2;11,1;43,89;5,36;1,817;6,6;5,92;1,128
739;25.07.2023;11:53:42;00:12:18;724,9;598,9;62,8;54,9;27,7;696,3;50,9;0,1;9,39E-2;-541,2;20,00;11,3;11,2;43,92;5,40;1,744;6,7;5,94;1,134
740;25.07.2023;11:53:43;00:12:19;726,0;598,9;62,8;54,9;27,8;697,0;50,6;0,1;9,39E-2;-541,2;20,00;11,4;11,2;43,94;5,41;1,705;6,7;5,90;1,133
741;25.07.2023;11:53:44;00:12:20;728,0;598,8;63,0;54,7;27,6;698,6;50,9;0,1;9,39E-2;-541,2;20,00;11,5;11,4;43,97;5,44;1,635;6,7;5,88;1,138
742;25.07.2023;11:53:45;00:12:21;730,1;603,1;63,0;55,1;27,7;700,1;50,7;0,1;9,39E-2;-541,2;20,00;11,7;11,5;43,99;5,47;1,562;6,8;5,94;1,143
743;25.07.2023;11:53:46;00:12:22;730,8;603,1;63,0;55,1;27,7;700,9;50,8;0,1;9,39E-2;-541,2;20,00;11,7;11,6;44,01;5,48;1,534;6,8;5,92;1,145
744;25.07.2023;11:53:47;00:12:23;732,4;607,5;63,4;55,5;27,7;702,4;50,6;0,1;9,38E-2;-541,2;20,00;11,9;11,7;44,04;5,51;1,485;6,8;5,89;1,143
745;25.07.2023;11:53:48;00:12:24;734,1;607,5;63,7;55,9;27,7;703,9;50,9;0,1;9,38E-2;-541,2;20,00;12,0;11,8;44,07;5,53;1,425;6,8;5,92;1,157
746;25.07.2023;11:53:49;00:12:25;734,8;612,0;63,7;55,9;27,7;704,6;50,6;0,1;9,38E-2;-541,2;20,00;12,1;11,9;44,07;5,55;1,407;6,9;5,92;1,158
747;25.07.2023;11:53:50;00:12:26;736,3;616,3;64,1;56,2;27,7;706,3;50,8;0,1;9,38E-2;-541,2;20,00;12,2;12,1;44,10;5,58;1,345;6,9;5,91;1,160
748;25.07.2023;11:53:51;00:12:27;737,6;616,3;64,1;56,2;27,7;707,8;50,6;0,1;9,38E-2;-541,2;20,00;12,3;12,2;44,13;5,59;1,288;6,9;5,90;1,164
749;25.07.2023;11:53:52;00:12:28;738,4;620,2;64,4;56,6;27,7;708,5;50,5;0,1;9,37E-2;-541,2;20,00;12,4;12,3;44,13;5,61;1,264;6,9;5,89;1,167
750;25.07.2023;11:53:53;00:12:29;739,8;620,2;64,6;56,6;27,7;710,0;50,6;0,1;9,37E-2;-541,2;20,00;12,5;12,5;44,16;5,63;1,225;6,9;5,89;1,167
751;25.07.2023;11:53:54;00:12:30;740,5;620,2;64,6;56,6;27,7;710,8;50,7;0,1;9,37E-2;-541,2;20,00;12,6;12,5;44,17;5,64;1,206;7,0;5,93;1,172
752;25.07.2023;11:53:55;00:12:31;742,1;624,1;64,6;57,0;27,7;712,3;50,6;0,1;9,37E-2;-541,2;20,00;12,7;12,6;44,19;5,66;1,178;6,9;5,89;1,172
753;25.07.2023;11:53:56;00:12:32;743,6;627,9;64,9;57,3;27,8;713,9;50,5;0,1;9,36E-2;-541,2;20,00;12,9;12,8;44,21;5,68;1,138;6,9;5,89;1,181
754;25.07.2023;11:53:57;00:12:33;744,4;627,9;64,9;57,3;27,8;714,6;50,6;0,1;9,36E-2;-541,2;20,00;12,9;12,8;44,22;5,70;1,115;6,9;5,87;1,177
755;25.07.2023;11:53:58;00:12:34;745,8;627,9;65,1;57,7;27,8;716,1;50,8;0,1;9,36E-2;-541,2;20,00;13,1;13,0;44,24;5,71;1,080;7,0;5,90;1,187
756;25.07.2023;11:53:59;00:12:35;747,3;631,5;65,1;57,7;27,9;717,6;50,7;0,1;9,36E-2;-541,2;20,00;13,2;13,1;44,26;5,74;1,047;7,0;5,91;1,187
757;25.07.2023;11:54:00;00:12:36;747,9;635,1;65,3;58,0;27,9;718,4;50,6;0,1;9,35E-2;-541,2;20,00;13,3;13,1;44,27;5,74;1,041;7,0;5,87;1,189
758;25.07.2023;11:54:01;00:12:37;749,8;635,1;65,3;58,0;27,9;719,9;50,7;0,1;9,35E-2;-541,2;20,00;13,4;13,2;44,29;5,77;1,007;7,0;5,89;1,189
759;25.07.2023;11:54:02;00:12:38;751,4;638,6;65,5;58,4;27,9;721,5;50,7;0,1;9,35E-2;-541,2;20,00;13,5;13,3;44,31;5,79;0,975;7,0;5,86;1,197
760;25.07.2023;11:54:03;00:12:39;752,3;638,6;65,5;58,4;27,9;722,3;50,7;0,1;9,35E-2;-541,2;20,00;13,6;13,4;44,32;5,79;0,976;7,0;5,86;1,197
761;25.07.2023;11:54:04;00:12:40;754,1;638,6;65,7;58,7;27,9;723,8;50,9;0,1;9,35E-2;-541,2;20,00;13,7;13,6;44,34;5,82;0,955;7,1;5,89;1,202
762;25.07.2023;11:54:05;00:12:41;756,0;642,2;65,7;58,7;27,9;725,3;50,8;0,1;9,35E-2;-541,2;20,00;13,9;13,7;44,36;5,83;0,945;7,1;5,91;1,206
763;25.07.2023;11:54:06;00:12:42;756,8;642,2;65,9;58,7;27,9;726,0;50,9;0,1;9,35E-2;-541,2;20,00;13,9;13,8;44,36;5,84;0,923;7,1;5,89;1,208
764;25.07.2023;11:54:07;00:12:43;758,5;645,7;65,9;59,1;27,9;727,5;50,8;0,1;9,35E-2;-541,2;20,00;14,1;13,9;44,38;5,85;0,899;7,1;5,89;1,209
765;25.07.2023;11:54:08;00:12:44;759,6;649,1;66,0;59,5;27,9;728,4;50,8;0,1;9,34E-2;-541,2;20,00;14,1;14,0;44,39;5,86;0,886;7,1;5,88;1,211
766;25.07.2023;11:54:09;00:12:45;761,2;649,1;66,0;59,5;27,9;729,9;50,8;0,1;9,34E-2;-541,2;20,00;14,3;14,2;44,41;5,88;0,861;7,2;5,87;1,216
767;25.07.2023;11:54:10;00:12:46;763,1;652,5;66,2;59,8;28,0;731,4;50,9;0,1;9,34E-2;-541,2;20,00;14,4;14,3;44,42;5,89;0,859;7,2;5,93;1,221
768;25.07.2023;11:54:11;00:12:47;764,4;652,5;66,2;59,8;28,0;732,1;50,8;0,1;9,34E-2;-541,2;20,00;14,5;14,3;44,43;5,91;0,853;7,2;5,89;1,219
769;25.07.2023;11:54:12;00:12:48;766,0;655,6;66,4;60,2;28,0;733,6;50,8;0,1;9,33E-2;-541,2;20,00;14,6;14,5;44,45;5,92;0,851;7,2;5,90;1,226
770;25.07.2023;11:54:13;00:12:49;767,9;655,6;66,5;60,2;28,0;735,1;51,0;0,1;9,34E-2;-541,2;20,00;14,7;14,6;44,46;5,94;0,829;7,2;5,88;1,226
771;25.07.2023;11:54:14;00:12:50;769,1;655,6;66,5;60,2;28,0;736,0;51,1;0,1;9,33E-2;-541,2;20,00;14,8;14,6;44,47;5,95;0,817;7,2;5,91;1,228
772;25.07.2023;11:54:15;00:12:51;770,9;658,6;66,5;60,5;28,0;737,5;51,0;0,1;9,33E-2;-541,2;20,00;14,9;14,8;44,49;5,96;0,811;7,2;5,91;1,231
773;25.07.2023;11:54:16;00:12:52;772,8;661,7;66,7;60,9;28,0;739,0;50,9;0,1;9,33E-2;-541,2;20,00;15,0;14,9;44,50;5,98;0,791;7,3;5,92;1,235
774;25.07.2023;11:54:17;00:12:53;774,0;661,7;66,7;60,9;28,0;739,8;51,0;0,1;9,33E-2;-541,2;20,00;15,1;14,9;44,51;5,98;0,786;7,3;5,91;1,236
775;25.07.2023;11:54:18;00:12:54;775,8;661,7;66,8;61,2;28,0;741,3;51,2;0,1;9,33E-2;-541,2;20,00;15,2;15,1;44,52;6,00;0,768;7,3;5,92;1,241
776;25.07.2023;11:54:19;00:12:55;778,0;664,7;66,8;61,2;28,1;742,8;51,2;0,1;9,33E-2;-541,2;20,00;15,4;15,2;44,54;6,01;0,760;7,3;5,91;1,245
777;25.07.2023;11:54:20;00:12:56;778,8;667,7;66,9;61,6;28,1;743,5;51,1;0,1;9,33E-2;-541,2;20,00;15,4;15,3;44,55;6,02;0,756;7,4;5,91;1,248
778;25.07.2023;11:54:21;00:12:57;780,9;667,7;67,0;61,6;28,1;745,1;51,2;0,1;9,32E-2;-541,2;20,00;15,6;15,4;44,56;6,04;0,743;7,4;5,89;1,250
779;25.07.2023;11:54:22;00:12:58;781,9;670,7;67,0;61,9;28,1;745,9;51,1;0,1;9,32E-2;-541,2;20,00;15,6;15,5;44,57;6,04;0,749;7,4;5,93;1,250
780;25.07.2023;11:54:23;00:12:59;783,8;670,6;67,0;61,9;28,1;747,4;51,3;0,1;9,32E-2;-541,2;20,00;15,8;15,7;44,58;6,06;0,732;7,4;5,92;1,255
781;25.07.2023;11:54:24;00:13:00;785,6;670,6;67,1;62,2;28,1;748,9;51,5;0,1;9,31E-2;-541,2;20,00;15,9;15,8;44,60;6,06;0,732;7,4;5,90;1,260
782;25.07.2023;11:54:25;00:13:01;786,9;673,9;67,1;62,2;28,1;749,6;51,4;0,1;9,31E-2;-541,2;20,00;16,0;15,9;44,60;6,08;0,716;7,4;5,93;1,261
783;25.07.2023;11:54:26;00:13:02;789,1;673,9;67,3;62,2;28,1;750,4;51,4;0,1;9,31E-2;-541,2;20,00;16,1;16,0;44,62;6,09;0,704;7,5;5,91;1,265
784;25.07.2023;11:54:27;00:13:03;790,9;677,1;67,3;62,6;28,1;750,9;51,3;0,1;9,31E-2;-541,2;20,00;16,2;16,2;44,63;6,10;0,684;7,5;5,94;1,265
785;25.07.2023;11:54:28;00:13:04;791,8;677,1;67,4;62,6;28,1;751,2;51,3;0,1;9,31E-2;-541,2;20,00;16,3;16,1;44,64;6,11;0,669;7,5;5,91;1,265
786;25.07.2023;11:54:29;00:13:05;794,0;680,4;67,4;63,0;28,1;751,7;51,1;0,1;9,30E-2;-541,2;20,00;16,4;16,3;44,65;6,12;0,655;7,5;5,93;1,265
787;25.07.2023;11:54:30;00:13:06;795,6;683,7;67,5;63,3;28,1;752,2;51,1;0,1;9,31E-2;-541,2;20,00;16,5;16,5;44,66;6,14;0,628;7,5;5,91;1,269
788;25.07.2023;11:54:31;00:13:07;796,6;683,7;67,5;63,3;28,1;752,4;51,0;0,1;9,31E-2;-541,2;20,00;16,6;16,5;44,67;6,14;0,628;7,4;5,88;1,267
789;25.07.2023;11:54:32;00:13:08;798,7;683,7;67,7;63,7;28,1;752,9;51,1;0,1;9,30E-2;-541,2;20,00;16,7;16,6;44,67;6,16;0,624;7,5;5,95;1,270
790;25.07.2023;11:54:33;00:13:09;799,5;686,8;67,7;63,7;28,2;753,2;51,0;0,1;9,30E-2;-541,2;20,00;16,8;16,7;44,69;6,16;0,622;7,5;5,88;1,269
791;25.07.2023;11:54:34;00:13:10;801,4;686,8;67,8;63,7;28,2;753,7;51,0;0,1;9,30E-2;-541,2;20,00;16,9;16,7;44,70;6,17;0,610;7,5;5,89;1,267
792;25.07.2023;11:54:35;00:13:11;802,9;689,9;67,8;64,0;28,2;754,2;50,8;0,1;9,30E-2;-541,2;20,00;17,0;16,8;44,71;6,19;0,595;7,5;5,89;1,264
793;25.07.2023;11:54:36;00:13:12;804,3;692,9;67,9;64,3;28,2;754,5;50,9;0,1;9,30E-2;-541,2;20,00;17,1;16,9;44,71;6,19;0,598;7,4;5,90;1,270
794;25.07.2023;11:54:37;00:13:13;805,6;692,9;67,9;64,3;28,2;755,0;50,7;0,1;9,30E-2;-541,2;20,00;17,2;17,1;44,73;6,20;0,597;7,5;5,93;1,270
795;25.07.2023;11:54:38;00:13:14;807,0;695,8;68,0;64,7;28,2;755,5;50,8;0,1;9,29E-2;-541,2;20,00;17,3;17,2;44,74;6,21;0,602;7,5;5,89;1,270
796;25.07.2023;11:54:39;00:13:15;808,0;695,8;68,0;64,7;28,2;755,8;50,6;0,1;9,29E-2;-541,2;20,00;17,4;17,3;44,74;6,22;0,604;7,5;5,88;1,269
797;25.07.2023;11:54:40;00:13:16;809,7;698,7;68,1;65,0;28,2;756,3;50,5;0,1;9,29E-2;-541,2;20,00;17,5;17,4;44,76;6,23;0,601;7,5;5,89;1,274
798;25.07.2023;11:54:41;00:13:17;811,2;698,7;68,2;65,0;28,2;756,8;50,5;0,1;9,29E-2;-541,2;20,00;17,6;17,5;44,77;6,25;0,610;7,5;5,86;1,270
799;25.07.2023;11:54:42;00:13:18;811,8;698,7;68,2;65,0;28,2;757,0;50,6;0,1;9,29E-2;-541,2;20,00;17,7;17,6;44,78;6,25;0,611;7,5;5,84;1,274
800;25.07.2023;11:54:43;00:13:19;813,1;701,6;68,2;65,3;28,3;757,5;50,4;0,1;9,28E-2;-541,2;20,00;17,8;17,7;44,79;6,26;0,612;7,5;5,87;1,270
801;25.07.2023;11:54:44;00:13:20;814,3;701,6;68,4;65,3;28,3;758,0;50,5;0,1;9,28E-2;-541,2;20,00;17,9;17,9;44,80;6,28;0,610;7,5;5,87;1,272
802;25.07.2023;11:54:45;00:13:21;815,3;704,6;68,4;65,7;28,3;758,3;50,3;0,1;9,28E-2;-541,2;20,00;18,0;17,9;44,81;6,28;0,612;7,5;5,86;1,275
803;25.07.2023;11:54:46;00:13:22;816,7;707,5;68,5;66,0;28,3;758,8;50,4;0,1;9,28E-2;-541,2;20,00;18,1;18,0;44,82;6,30;0,619;7,4;5,89;1,270
804;25.07.2023;11:54:47;00:13:23;817,2;707,5;68,5;66,0;28,3;759,0;50,2;0,1;9,28E-2;-541,2;20,00;18,2;18,0;44,83;6,30;0,618;7,5;5,89;1,271
805;25.07.2023;11:54:48;00:13:24;818,3;707,5;68,6;66,3;28,3;759,5;50,3;0,1;9,28E-2;-541,2;20,00;18,3;18,1;44,84;6,31;0,614;7,4;5,85;1,270
806;25.07.2023;11:54:49;00:13:25;819,8;710,4;68,6;66,3;28,4;760,0;50,1;0,1;9,28E-2;-541,2;20,00;18,4;18,3;44,85;6,32;0,613;7,5;5,87;1,270
807;25.07.2023;11:54:50;00:13:26;820,3;710,4;68,6;66,3;28,4;760,3;50,2;0,1;9,27E-2;-541,2;20,00;18,5;18,4;44,85;6,33;0,610;7,4;5,84;1,272
808;25.07.2023;11:54:51;00:13:27;821,7;713,1;68,7;66,7;28,4;760,8;50,0;0,1;9,27E-2;-541,2;20,00;18,6;18,4;44,87;6,35;0,603;7,4;5,85;1,269
809;25.07.2023;11:54:52;00:13:28;822,6;713,1;68,8;67,0;28,4;761,3;50,1;0,1;9,26E-2;-541,2;20,00;18,7;18,5;44,89;6,36;0,615;7,4;5,86;1,271
810;25.07.2023;11:54:53;00:13:29;823,1;715,6;68,8;67,0;28,4;761,6;49,9;0,1;9,26E-2;-541,2;20,00;18,8;18,6;44,89;6,37;0,627;7,4;5,85;1,270
811;25.07.2023;11:54:54;00:13:30;824,1;715,6;68,9;67,3;28,4;762,1;50,0;0,1;9,25E-2;-541,2;20,00;18,9;18,7;44,91;6,38;0,637;7,4;5,86;1,273
812;25.07.2023;11:54:55;00:13:31;825,2;718,0;68,9;67,3;28,4;762,6;49,9;0,1;9,25E-2;-541,2;20,00;19,0;18,9;44,93;6,41;0,774;7,5;5,88;1,275
813;25.07.2023;11:54:56;00:13:32;825,8;720,6;69,0;67,5;28,4;762,8;49,8;0,1;9,25E-2;-541,2;20,00;19,1;19,0;44,94;6,41;0,809;7,4;5,82;1,272
814;25.07.2023;11:54:57;00:13:33;826,6;720,6;69,1;67,5;28,5;763,4;49,8;0,1;9,25E-2;-541,2;20,00;19,2;19,1;44,97;6,44;0,937;7,4;5,81;1,275
815;25.07.2023;11:54:58;00:13:34;827,7;723,4;69,1;67,8;28,5;763,9;49,7;0,1;9,24E-2;-541,2;20,00;19,3;19,2;44,98;6,46;0,975;7,4;5,83;1,277
816;25.07.2023;11:54:59;00:13:35;827,8;723,4;69,1;67,8;28,5;764,1;49,7;0,1;9,24E-2;-541,2;20,00;19,4;19,3;44,99;6,46;0,967;7,4;5,84;1,276
817;25.07.2023;11:55:00;00:13:36;828,7;726,2;69,2;68,1;28,5;764,6;49,5;0,1;9,24E-2;-541,2;20,00;19,5;19,4;45,00;6,49;0,905;7,4;5,84;1,275
818;25.07.2023;11:55:01;00:13:37;829,3;726,2;69,2;68,1;28,5;764,9;49,5;0,1;9,24E-2;-541,2;20,00;19,6;19,5;45,02;6,49;0,898;7,4;5,82;1,273
819;25.07.2023;11:55:02;00:13:38;830,2;726,2;69,2;68,3;28,5;765,4;49,6;0,1;9,24E-2;-541,2;20,00;19,7;19,5;45,03;6,51;0,856;7,4;5,80;1,271
820;25.07.2023;11:55:03;00:13:39;830,5;729,0;69,2;68,3;28,5;765,9;49,4;0,1;9,23E-2;-541,2;20,00;19,8;19,7;45,04;6,52;0,809;7,4;5,81;1,273
821;25.07.2023;11:55:04;00:13:40;831,0;729,0;69,3;68,3;28,5;766,2;49,5;0,1;9,23E-2;-541,2;20,00;19,9;19,7;45,05;6,52;0,789;7,3;5,87;1,275
822;25.07.2023;11:55:05;00:13:41;831,8;731,7;69,3;68,5;28,5;766,7;49,3;0,1;9,23E-2;-541,2;20,00;20,0;19,9;45,06;6,54;0,707;7,4;5,79;1,270
823;25.07.2023;11:55:06;00:13:42;832,5;734,1;69,4;68,8;28,5;767,2;49,3;0,1;9,23E-2;-541,2;20,00;20,1;20,0;45,09;6,56;0,769;7,5;5,83;1,275
824;25.07.2023;11:55:07;00:13:43;832,7;734,1;69,4;68,8;28,5;767,4;49,2;0,1;9,22E-2;-541,2;20,00;20,2;20,1;45,09;6,57;0,785;7,3;5,83;1,270
825;25.07.2023;11:55:08;00:13:44;833,4;734,1;69,5;69,1;28,5;767,9;49,3;0,1;9,22E-2;-541,2;20,00;20,3;20,1;45,11;6,58;0,805;7,4;5,80;1,272
826;25.07.2023;11:55:09;00:13:45;833,8;736,2;69,5;69,1;28,5;768,5;49,2;0,1;9,21E-2;-541,2;20,00;20,4;20,3;45,13;6,60;0,809;7,4;5,77;1,274
827;25.07.2023;11:55:10;00:13:46;834,1;736,2;69,5;69,1;28,5;768,7;49,2;0,1;9,20E-2;-541,2;20,00;20,5;20,4;45,13;6,61;0,805;7,4;5,80;1,270
828;25.07.2023;11:55:11;00:13:47;834,6;738,2;69,5;69,3;28,5;769,2;49,1;0,1;9,20E-2;-541,2;20,00;20,6;20,5;45,15;6,62;0,802;7,4;5,78;1,270
829;25.07.2023;11:55:12;00:13:48;834,6;738,2;69,6;69,5;28,5;769,5;49,1;0,1;9,19E-2;-541,2;20,00;20,7;20,6;45,16;6,64;0,809;7,4;5,78;1,274
830;25.07.2023;11:55:13;00:13:49;835,3;739,9;69,6;69,5;28,6;770,0;49,1;0,1;9,18E-2;-541,2;20,00;20,8;20,7;45,18;6,65;0,811;7,4;5,81;1,275
831;25.07.2023;11:55:14;00:13:50;836,2;739,9;69,7;69,8;28,6;770,5;49,1;0,1;9,18E-2;-541,2;20,00;20,9;20,8;45,19;6,67;0,796;7,4;5,83;1,276
832;25.07.2023;11:55:15;00:13:51;836,2;741,5;69,7;69,8;28,6;770,7;49,0;0,1;9,17E-2;-541,2;20,00;21,0;20,8;45,20;6,67;0,808;7,4;5,82;1,277
833;25.07.2023;11:55:16;00:13:52;836,8;741,5;69,7;70,0;28,6;771,3;49,1;0,1;9,17E-2;-541,2;20,00;21,1;21,0;45,23;6,70;0,915;7,4;5,77;1,280
834;25.07.2023;11:55:17;00:13:53;837,2;743,0;69,7;70,0;28,6;771,8;49,0;0,1;9,16E-2;-541,2;20,00;21,2;21,2;45,24;6,73;0,948;7,5;5,80;1,280
835;25.07.2023;11:55:18;00:13:54;837,8;743,0;69,7;70,0;28,6;772,0;49,1;0,1;9,16E-2;-541,2;20,00;21,3;21,1;45,26;6,73;0,972;7,4;5,79;1,275
836;25.07.2023;11:55:19;00:13:55;838,5;744,4;69,7;70,2;28,7;772,5;49,0;0,1;9,15E-2;-541,2;20,00;21,4;21,2;45,27;6,76;0,989;7,4;5,79;1,279
837;25.07.2023;11:55:20;00:13:56;838,9;745,9;69,8;70,4;28,7;773,0;49,0;0,1;9,14E-2;-541,2;20,00;21,5;21,4;45,30;6,77;0,983;7,4;5,80;1,280
838;25.07.2023;11:55:21;00:13:57;839,1;745,9;69,8;70,4;28,7;773,3;49,0;0,1;9,13E-2;-541,2;20,00;21,6;21,4;45,30;6,78;0,975;7,4;5,78;1,280
839;25.07.2023;11:55:22;00:13:58;839,7;745,9;69,9;70,6;28,7;773,8;49,1;0,1;9,12E-2;-541,2;20,00;21,7;21,6;45,32;6,80;0,958;7,4;5,76;1,280
840;25.07.2023;11:55:23;00:13:59;840,1;747,2;69,9;70,6;28,7;774,3;49,0;0,1;9,11E-2;-541,2;20,00;21,8;21,7;45,35;6,82;0,964;7,4;5,78;1,279
841;25.07.2023;11:55:24;00:14:00;840,5;747,1;69,8;70,5;28,6;774,5;49,1;0,1;9,11E-2;-541,2;20,00;21,9;21,7;45,35;6,83;0,952;7,4;5,79;1,281
842;25.07.2023;11:55:25;00:14:01;840,8;748,6;69,9;70,7;28,6;774,7;44,9;0,1;9,11E-2;-541,2;20,00;22,0;21,8;45,37;6,84;0,941;7,4;5,80;1,281
843;25.07.2023;11:55:26;00:14:02;839,3;748,6;69,9;70,7;28,6;773,2;40,8;0,1;9,10E-2;-541,2;20,00;22,0;21,9;45,37;6,84;0,876;0,0;0,03;0,049
844;25.07.2023;11:55:27;00:14:03;830,5;749,9;70,0;70,9;28,6;770,2;41,1;0,1;9,08E-2;-541,2;20,00;22,0;22,0;45,40;6,87;0,851;0,0;0,01;0,044
845;25.07.2023;11:55:28;00:14:04;818,7;749,9;70,0;70,9;28,6;766,9;41,8;0,1;9,06E-2;-541,2;20,00;22,0;22,1;45,43;6,90;1,004;0,0;0,01;0,044
846;25.07.2023;11:55:29;00:14:05;813,3;750,7;70,0;71,0;28,4;765,4;42,1;0,1;9,05E-2;-541,2;20,00;22,0;22,1;45,44;6,91;1,057;0,0;0,01;0,044
847;25.07.2023;11:55:30;00:14:06;800,9;750,7;69,9;71,0;28,4;762,4;42,9;0,1;9,00E-2;-541,2;20,00;22,0;22,1;45,46;6,94;1,108;0,0;0,01;0,044
848;25.07.2023;11:55:31;00:14:07;789,1;750,5;69,9;71,2;28,3;759,4;43,6;0,1;8,96E-2;-541,2;20,00;22,0;22,0;45,48;6,96;1,105;0,0;0,01;0,044
849;25.07.2023;11:55:32;00:14:08;782,2;750,5;69,6;71,4;28,3;757,9;44,1;0,1;8,94E-2;-541,2;20,00;22,0;22,0;45,49;6,96;1,080;0,0;0,01;0,044
850;25.07.2023;11:55:33;00:14:09;770,5;748,5;69,6;71,4;28,0;754,9;44,9;0,1;8,89E-2;-541,2;20,00;22,0;22,1;45,51;6,98;1,029;0,0;0,01;0,044
851;25.07.2023;11:55:34;00:14:10;757,0;744,4;69,1;71,4;27,9;751,6;45,8;0,1;8,83E-2;-541,2;20,00;22,0;22,0;45,52;7,00;0,939;0,0;0,01;0,044
852;25.07.2023;11:55:35;00:14:11;751,4;744,4;69,1;71,4;27,9;750,1;46,1;0,1;8,81E-2;-541,2;20,00;22,0;22,1;45,53;7,00;0,907;0,0;0,01;0,044
853;25.07.2023;11:55:36;00:14:12;739,3;738,5;68,6;71,5;27,9;747,1;46,9;0,1;8,76E-2;-541,2;20,00;22,0;22,0;45,54;7,02;0,827;0,0;0,01;0,044
854;25.07.2023;11:55:37;00:14:13;728,0;738,5;67,9;71,5;27,8;744,0;47,6;0,1;8,70E-2;-541,2;20,00;22,0;22,0;45,55;7,03;0,768;0,0;0,01;0,044
855;25.07.2023;11:55:38;00:14:14;722,9;738,5;67,9;71,5;27,8;742,5;48,0;0,1;8,68E-2;-541,2;20,00;22,0;22,1;45,56;7,03;0,744;0,0;0,01;0,044
856;25.07.2023;11:55:39;00:14:15;712,9;730,8;67,9;71,4;27,7;739,5;48,7;0,1;8,62E-2;-541,2;20,00;22,0;22,0;45,57;7,05;0,694;0,0;0,01;0,044
857;25.07.2023;11:55:40;00:14:16;706,6;722,0;67,2;71,3;27,7;737,8;49,1;0,1;8,59E-2;-541,2;20,00;22,0;22,1;45,58;7,05;0,667;0,0;0,00;0,044
858;25.07.2023;11:55:41;00:14:17;697,1;722,0;67,2;71,3;27,7;734,7;49,7;0,1;8,54E-2;-541,2;20,00;22,0;22,0;45,59;7,06;0,629;0,0;0,01;0,044
859;25.07.2023;11:55:42;00:14:18;687,5;712,3;66,5;71,1;27,7;731,7;50,3;0,1;8,48E-2;-541,2;20,00;22,0;22,1;45,60;7,07;0,592;0,0;0,01;0,044
860;25.07.2023;11:55:43;00:14:19;683,0;712,3;66,5;71,1;27,6;730,2;50,6;0,1;8,46E-2;-541,2;20,00;22,0;22,0;45,60;7,08;0,573;0,0;0,01;0,044
861;25.07.2023;11:55:44;00:14:20;673,8;712,3;65,6;71,1;27,6;727,2;51,2;0,1;8,40E-2;-541,2;20,00;22,0;22,0;45,61;7,09;0,544;0,0;0,01;0,044
862;25.07.2023;11:55:45;00:14:21;664,8;701,3;65,6;70,8;27,6;724,2;51,8;0,1;8,35E-2;-541,2;20,00;22,0;22,0;45,62;7,10;0,516;0,0;0,01;0,044
863;25.07.2023;11:55:46;00:14:22;660,0;701,3;65,6;70,8;27,6;722,4;52,1;0,1;8,31E-2;-541,2;20,00;22,0;22,0;45,63;7,10;0,504;0,0;0,01;0,044
864;25.07.2023;11:55:47;00:14:23;651,5;690,1;64,7;70,4;27,6;719,4;52,6;0,1;8,26E-2;-541,2;20,00;22,0;22,0;45,64;7,11;0,491;0,0;0,01;0,044
865;25.07.2023;11:55:48;00:14:24;643,7;690,1;63,8;69,9;27,6;716,4;53,1;0,1;8,21E-2;-541,2;20,00;22,0;22,0;45,65;7,12;0,478;0,0;0,01;0,044
866;25.07.2023;11:55:49;00:14:25;640,1;678,8;63,8;69,9;27,6;714,9;53,4;0,1;8,18E-2;-541,2;20,00;22,0;22,0;45,65;7,12;0,470;0,0;0,01;0,044
867;25.07.2023;11:55:50;00:14:26;631,9;678,8;62,9;69,3;27,6;711,8;53,9;0,1;8,12E-2;-541,2;20,00;22,0;22,0;45,66;7,13;0,449;0,0;0,00;0,044
868;25.07.2023;11:55:51;00:14:27;628,4;667,3;62,9;69,3;27,6;710,3;54,1;0,1;8,10E-2;-541,2;20,00;22,0;22,0;45,66;7,13;0,436;0,0;0,01;0,044
869;25.07.2023;11:55:52;00:14:28;620,0;667,3;62,1;68,8;27,6;707,1;54,7;0,1;8,04E-2;-541,2;20,00;22,0;22,0;45,67;7,14;0,420;0,0;0,01;0,044
870;25.07.2023;11:55:53;00:14:29;612,4;656,6;62,1;68,8;27,6;704,0;55,1;0,1;8,00E-2;-541,2;20,00;22,0;21,9;45,68;7,15;0,412;0,0;0,01;0,044
871;25.07.2023;11:55:54;00:14:30;608,8;656,6;62,1;68,8;27,6;702,5;55,4;0,1;7,97E-2;-541,2;20,00;22,0;21,9;45,68;7,16;0,406;0,0;0,01;0,044
872;25.07.2023;11:55:55;00:14:31;601,6;645,9;61,2;68,1;27,6;699,5;55,8;0,1;7,92E-2;-541,2;20,00;22,0;22,0;45,69;7,16;0,400;0,0;0,00;0,044
873;25.07.2023;11:55:56;00:14:32;594,8;635,3;60,4;67,4;27,6;696,5;56,2;0,1;7,87E-2;-541,2;20,00;22,0;22,0;45,70;7,17;0,388;0,0;0,01;0,044
874;25.07.2023;11:55:57;00:14:33;590,9;635,3;60,4;67,4;27,6;695,0;56,5;0,1;7,84E-2;-541,2;20,00;22,0;22,0;45,70;7,17;0,384;0,0;0,01;0,044
875;25.07.2023;11:55:58;00:14:34;583,8;635,3;59,5;66,7;27,6;691,7;56,9;0,1;7,80E-2;-541,2;20,00;22,0;22,0;45,71;7,18;0,375;0,0;0,01;0,044
876;25.07.2023;11:55:59;00:14:35;576,9;624,8;59,5;66,7;27,6;688,7;57,4;0,1;7,76E-2;-541,2;20,00;22,0;22,0;45,71;7,19;0,360;0,0;0,01;0,044
877;25.07.2023;11:56:00;00:14:36;573,7;624,8;58,7;65,9;27,6;687,2;57,6;0,1;7,74E-2;-541,2;20,00;22,0;21,9;45,72;7,19;0,353;0,0;0,01;0,044
878;25.07.2023;11:56:01;00:14:37;567,1;614,1;58,7;65,9;27,6;684,2;58,0;0,1;7,70E-2;-541,2;20,00;22,0;21,9;45,72;7,20;0,352;0,0;0,01;0,044
879;25.07.2023;11:56:02;00:14:38;560,5;603,4;57,8;65,1;27,5;681,1;58,4;0,1;7,66E-2;-541,2;20,00;22,0;21,9;45,73;7,21;0,351;0,0;0,00;0,044
880;25.07.2023;11:56:03;00:14:39;557,0;603,4;57,8;65,1;27,5;679,6;58,7;0,1;7,65E-2;-541,2;20,00;22,0;21,9;45,73;7,21;0,348;0,0;0,01;0,044
881;25.07.2023;11:56:04;00:14:40;550,6;603,4;57,8;65,1;27,5;676,3;59,1;0,1;7,60E-2;-541,2;20,00;22,0;21,9;45,74;7,21;0,339;0,0;0,01;0,044
882;25.07.2023;11:56:05;00:14:41;546,9;592,1;56,9;64,2;27,5;674,8;59,3;0,1;7,59E-2;-541,2;20,00;22,0;21,9;45,74;7,22;0,332;0,0;0,01;0,044
883;25.07.2023;11:56:06;00:14:42;541,2;592,1;56,0;64,2;27,5;671,8;59,7;0,1;7,55E-2;-541,2;20,00;22,0;22,0;45,75;7,22;0,322;0,0;0,01;0,044
884;25.07.2023;11:56:07;00:14:43;534,8;581,0;56,0;63,3;27,5;668,8;60,1;0,1;7,52E-2;-541,2;20,00;22,0;21,9;45,75;7,23;0,310;0,0;0,01;0,044
885;25.07.2023;11:56:08;00:14:44;531,6;581,0;56,0;63,3;27,5;667,3;60,3;0,1;7,50E-2;-541,2;20,00;22,0;22,0;45,76;7,23;0,307;0,0;0,01;0,044
886;25.07.2023;11:56:09;00:14:45;525,4;570,4;55,2;62,4;27,5;664,3;60,7;0,1;7,46E-2;-541,2;20,00;22,0;22,1;45,76;7,24;0,301;0,0;0,01;0,044
887;25.07.2023;11:56:10;00:14:46;518,5;559,9;54,4;61,5;27,5;661,0;61,1;0,1;7,43E-2;-541,2;20,00;22,0;22,0;45,77;7,24;0,302;0,0;0,00;0,044
888;25.07.2023;11:56:11;00:14:47;515,8;559,9;54,4;61,5;27,5;659,5;61,3;0,1;7,41E-2;-541,2;20,00;22,0;22,0;45,77;7,25;0,296;0,0;0,01;0,044
889;25.07.2023;11:56:12;00:14:48;510,3;559,9;53,7;61,5;27,5;656,5;61,7;0,1;7,39E-2;-541,2;20,00;22,0;22,1;45,78;7,25;0,293;0,0;0,00;0,044
890;25.07.2023;11:56:13;00:14:49;504,1;550,3;53,7;60,7;27,5;653,4;62,1;0,1;7,35E-2;-541,2;20,00;22,0;22,1;45,78;7,26;0,285;0,0;0,01;0,044
891;25.07.2023;11:56:14;00:14:50;501,4;550,3;53,7;60,7;27,5;651,9;62,3;0,1;7,34E-2;-541,2;20,00;22,0;22,0;45,78;7,26;0,277;0,0;0,00;0,044
892;25.07.2023;11:56:15;00:14:51;495,4;540,7;53,0;59,8;27,5;648,9;62,7;0,1;7,31E-2;-541,2;20,00;22,0;22,0;45,79;7,27;0,266;0,0;0,01;0,044
893;25.07.2023;11:56:16;00:14:52;489,0;540,7;52,3;59,0;27,5;645,6;63,1;0,1;7,29E-2;-541,2;20,00;22,0;22,0;45,79;7,27;0,259;0,0;0,01;0,044
894;25.07.2023;11:56:17;00:14:53;486,3;531,4;52,3;59,0;27,5;644,1;63,3;0,1;7,28E-2;-541,2;20,00;22,0;22,0;45,80;7,27;0,257;0,0;0,01;0,044
895;25.07.2023;11:56:18;00:14:54;480,8;531,4;51,7;58,1;27,5;641,1;63,7;0,1;7,25E-2;-541,2;20,00;22,0;21,9;45,80;7,28;0,258;0,0;0,00;0,044
896;25.07.2023;11:56:19;00:14:55;478,0;522,1;51,7;58,1;27,5;639,6;63,8;0,1;7,23E-2;-541,2;20,00;22,0;22,0;45,81;7,28;0,258;0,0;0,01;0,044
897;25.07.2023;11:56:20;00:14:56;472,2;522,1;51,0;57,3;27,5;636,6;64,2;0,1;7,20E-2;-541,2;20,00;22,0;22,0;45,81;7,29;0,259;0,0;0,01;0,044
898;25.07.2023;11:56:21;00:14:57;467,0;513,0;51,0;57,3;27,5;633,6;64,6;0,1;7,18E-2;-541,2;20,00;22,0;22,1;45,82;7,29;0,260;0,0;0,00;0,044
899;25.07.2023;11:56:22;00:14:58;464,4;513,0;51,0;57,3;27,5;632,1;64,7;0,1;7,16E-2;-541,2;20,00;22,0;22,1;45,82;7,29;0,260;0,0;0,01;0,044
900;25.07.2023;11:56:23;00:14:59;458,1;504,0;50,4;56,5;27,4;628,8;65,1;0,1;7,14E-2;-541,2;20,00;22,0;22,0;45,82;7,30;0,257;0,0;0,01;0,044
901;25.07.2023;11:56:24;00:15:00;452,6;504,0;50,4;56,6;27,5;625,8;65,5;0,1;7,10E-2;-541,2;20,00;22,0;22,0;45,83;7,30;0,249;0,0;0,01;0,044
902;25.07.2023;11:56:25;00:15:01;450,5;494,6;49,8;55,7;27,5;624,3;65,7;0,1;7,10E-2;-541,2;20,00;22,0;21,9;45,83;7,31;0,246;0,0;0,01;0,044
903;25.07.2023;11:56:26;00:15:02;445,1;494,6;49,2;55,7;27,5;621,2;66,1;0,1;7,06E-2;-541,2;20,00;22,0;21,9;45,84;7,31;0,241;0,0;0,01;0,044
904;25.07.2023;11:56:27;00:15:03;439,7;485,3;49,2;54,9;27,5;618,2;66,4;0,1;7,04E-2;-541,2;20,00;22,0;21,9;45,84;7,32;0,234;0,0;0,00;0,044
905;25.07.2023;11:56:28;00:15:04;436,9;485,3;48,5;54,9;27,5;616,7;66,6;0,1;7,02E-2;-541,2;20,00;22,0;21,9;45,84;7,32;0,235;0,0;0,01;0,044
906;25.07.2023;11:56:29;00:15:05;431,3;476,1;48,5;54,0;27,4;613,4;67,0;0,1;7,00E-2;-541,2;20,00;22,0;22,0;45,85;7,32;0,232;0,0;0,01;0,044
907;25.07.2023;11:56:30;00:15:06;428,6;476,1;48,5;54,0;27,4;611,9;67,1;0,1;6,99E-2;-541,2;20,00;22,0;21,9;45,85;7,32;0,232;0,0;0,00;0,044
908;25.07.2023;11:56:31;00:15:07;423,8;467,0;47,9;53,2;27,4;608,9;67,5;0,1;6,96E-2;-541,2;20,00;22,0;21,9;45,85;7,33;0,223;0,0;0,00;0,044
909;25.07.2023;11:56:32;00:15:08;418,5;467,0;47,4;52,5;27,4;605,9;67,9;0,1;6,94E-2;-541,2;20,00;22,0;22,0;45,86;7,33;0,224;0,0;0,00;0,044
910;25.07.2023;11:56:33;00:15:09;416,2;458,6;47,4;52,5;27,4;604,4;68,0;0,1;6,92E-2;-541,2;20,00;22,0;22,1;45,86;7,34;0,227;0,0;0,01;0,044
911;25.07.2023;11:56:34;00:15:10;411,1;458,6;47,4;52,5;27,4;601,4;68,4;0,1;6,90E-2;-541,2;20,00;22,0;22,0;45,86;7,34;0,220;0,0;0,00;0,044
912;25.07.2023;11:56:35;00:15:11;405,9;450,3;46,9;51,7;27,4;598,1;68,7;0,1;6,87E-2;-541,2;20,00;22,0;22,0;45,87;7,34;0,210;0,0;0,00;0,044
913;25.07.2023;11:56:36;00:15:12;403,2;450,3;46,4;51,0;27,4;596,6;68,9;0,1;6,86E-2;-541,2;20,00;22,0;22,0;45,87;7,35;0,209;0,0;0,01;0,044
914;25.07.2023;11:56:37;00:15:13;398,4;442,2;46,4;51,0;27,4;593,6;69,2;0,1;6,84E-2;-541,2;20,00;22,0;22,1;45,88;7,35;0,214;0,0;0,01;0,044
915;25.07.2023;11:56:38;00:15:14;393,5;434,1;45,9;50,3;27,4;590,5;69,6;0,1;6,81E-2;-541,2;20,00;22,0;22,0;45,88;7,35;0,213;0,0;0,01;0,044
916;25.07.2023;11:56:39;00:15:15;391,5;434,1;45,9;50,3;27,4;589,0;69,7;0,1;6,80E-2;-541,2;20,00;22,0;22,0;45,88;7,36;0,207;0,0;0,01;0,044
917;25.07.2023;11:56:40;00:15:16;386,0;426,1;45,4;49,6;27,4;585,8;70,1;0,1;6,78E-2;-541,2;20,00;22,0;22,0;45,88;7,36;0,195;0,0;0,00;0,044
918;25.07.2023;11:56:41;00:15:17;381,2;426,1;44,9;49,6;27,4;582,7;70,4;0,1;6,76E-2;-541,2;20,00;22,0;22,0;45,89;7,36;0,200;0,0;0,01;0,044
919;25.07.2023;11:56:42;00:15:18;378,6;426,1;44,9;49,6;27,4;581,2;70,6;0,1;6,75E-2;-541,2;20,00;22,0;22,0;45,89;7,37;0,200;0,0;0,01;0,044
920;25.07.2023;11:56:43;00:15:19;373,6;418,3;44,9;49,0;27,3;578,2;70,9;0,1;6,73E-2;-541,2;20,00;22,0;22,0;45,89;7,37;0,199;0,0;0,00;0,044
921;25.07.2023;11:56:44;00:15:20;371,6;418,3;44,8;48,8;27,3;576,7;71,1;0,1;6,72E-2;-541,2;20,00;22,0;22,0;45,90;7,37;0,196;0,0;0,01;0,044
922;25.07.2023;11:56:45;00:15:21;367,4;409,9;44,3;48,1;27,2;573,7;71,4;0,1;6,70E-2;-541,2;20,00;22,0;21,9;45,90;7,38;0,194;0,0;0,00;0,044
923;25.07.2023;11:56:46;00:15:22;362,0;409,9;43,8;47,4;27,2;570,4;71,8;0,1;6,67E-2;-541,2;20,00;22,0;22,0;45,90;7,38;0,193;0,0;0,00;0,044
924;25.07.2023;11:56:47;00:15:23;359,9;409,9;43,8;47,4;27,2;568,9;71,9;0,1;6,66E-2;-541,2;20,00;22,0;22,0;45,91;7,38;0,193;0,0;0,01;0,044
925;25.07.2023;11:56:48;00:15:24;355,3;401,5;43,8;47,4;27,2;565,9;72,3;0,1;6,65E-2;-541,2;20,00;22,0;21,9;45,91;7,38;0,188;0,0;0,00;0,044
926;25.07.2023;11:56:49;00:15:25;351,0;393,1;43,3;46,7;27,2;562,9;72,6;0,1;6,62E-2;-541,2;20,00;22,0;22,1;45,91;7,39;0,193;0,0;0,00;0,044
927;25.07.2023;11:56:50;00:15:26;348,8;393,1;43,3;46,7;27,2;561,3;72,8;0,1;6,61E-2;-541,2;20,00;22,0;22,1;45,92;7,39;0,193;0,0;0,01;0,044
928;25.07.2023;11:56:51;00:15:27;344,1;384,9;42,8;46,1;27,2;558,3;73,1;0,1;6,60E-2;-541,2;20,00;22,0;22,0;45,92;7,39;0,187;0,0;0,00;0,044
929;25.07.2023;11:56:52;00:15:28;339,8;384,9;42,8;46,1;27,2;555,0;73,4;0,1;6,57E-2;-541,2;20,00;22,0;21,9;45,92;7,40;0,180;0,0;0,01;0,044
930;25.07.2023;11:56:53;00:15:29;337,2;377,4;42,4;45,5;27,2;553,5;73,5;0,1;6,57E-2;-541,2;20,00;22,0;22,0;45,92;7,40;0,176;0,0;0,00;0,044
931;25.07.2023;11:56:54;00:15:30;333,1;377,4;42,0;44,9;27,2;550,5;73,8;0,1;6,55E-2;-541,2;20,00;22,0;22,0;45,93;7,40;0,178;0,0;0,00;0,044
932;25.07.2023;11:56:55;00:15:31;331,0;370,2;42,0;44,9;27,2;549,0;74,0;0,1;6,54E-2;-541,2;20,00;22,0;22,1;45,93;7,40;0,175;0,0;0,00;0,044
933;25.07.2023;11:56:56;00:15:32;326,9;370,2;41,6;44,9;27,2;546,0;74,3;0,1;6,52E-2;-541,2;20,00;22,0;22,0;45,93;7,41;0,166;0,0;0,01;0,044
934;25.07.2023;11:56:57;00:15:33;322,7;363,1;41,6;44,3;27,2;543,0;74,6;0,1;6,51E-2;-541,2;20,00;22,0;22,0;45,94;7,41;0,166;0,0;0,00;0,044
935;25.07.2023;11:56:58;00:15:34;320,1;363,1;41,6;44,3;27,2;541,2;74,8;0,1;6,50E-2;-541,2;20,00;22,0;22,0;45,94;7,41;0,165;0,0;0,01;0,044
936;25.07.2023;11:56:59;00:15:35;315,9;356,2;41,3;43,8;27,2;538,2;75,1;0,1;6,47E-2;-541,2;20,00;22,0;22,0;45,94;7,42;0,170;0,0;0,01;0,044
937;25.07.2023;11:57:00;00:15:36;311,8;356,2;40,9;43,3;27,2;535,2;75,4;0,1;6,46E-2;-541,2;20,00;22,0;22,0;45,94;7,42;0,172;0,0;0,01;0,044
938;25.07.2023;11:57:01;00:15:37;309,8;349,3;40,9;43,3;27,1;533,7;75,5;0,1;6,45E-2;-541,2;20,00;22,0;22,0;45,94;7,42;0,164;0,0;0,01;0,044
939;25.07.2023;11:57:02;00:15:38;305,6;349,3;40,5;43,3;27,1;530,6;75,8;0,1;6,43E-2;-541,2;20,00;22,0;22,1;45,95;7,42;0,161;0,0;0,00;0,044
940;25.07.2023;11:57:03;00:15:39;301,5;342,5;40,5;42,8;27,1;527,6;76,1;0,1;6,42E-2;-541,2;20,00;22,0;22,1;45,95;7,43;0,160;0,0;0,01;0,044
941;25.07.2023;11:57:04;00:15:40;299,5;342,5;40,5;42,7;27,1;525,9;76,3;0,1;6,41E-2;-541,2;20,00;22,0;22,1;45,95;7,43;0,165;0,0;0,00;0,044
942;25.07.2023;11:57:05;00:15:41;295,3;335,3;40,1;42,2;27,1;522,8;76,6;0,1;6,40E-2;-541,2;20,00;22,0;22,0;45,96;7,43;0,158;0,0;0,00;0,044
943;25.07.2023;11:57:06;00:15:42;291,2;335,3;39,7;41,7;27,1;519,8;76,9;0,1;6,38E-2;-541,2;20,00;22,0;22,0;45,96;7,43;0,152;0,0;0,01;0,044
944;25.07.2023;11:57:07;00:15:43;289,1;335,3;39,7;41,7;27,1;518,3;77,0;0,1;6,37E-2;-541,2;20,00;22,0;22,0;45,96;7,44;0,147;0,0;0,00;0,044
945;25.07.2023;11:57:08;00:15:44;285,1;328,2;39,7;41,7;27,1;515,3;77,3;0,1;6,36E-2;-541,2;20,00;22,0;22,1;45,96;7,44;0,148;0,0;0,01;0,044
946;25.07.2023;11:57:09;00:15:45;283,0;321,2;39,4;41,2;27,1;513,8;77,5;0,1;6,35E-2;-541,2;20,00;22,0;22,0;45,97;7,44;0,146;0,0;0,00;0,044
947;25.07.2023;11:57:10;00:15:46;278,8;321,2;39,4;41,2;27,1;510,5;77,8;0,1;6,33E-2;-541,2;20,00;22,0;22,0;45,97;7,44;0,145;0,0;0,00;0,044
948;25.07.2023;11:57:11;00:15:47;274,6;314,4;39,0;40,7;27,0;507,5;78,1;0,1;6,32E-2;-541,2;20,00;22,0;22,0;45,97;7,45;0,147;0,0;0,01;0,044
949;25.07.2023;11:57:12;00:15:48;272,9;314,4;38,7;40,7;27,0;506,0;78,2;0,1;6,31E-2;-541,2;20,00;22,0;22,0;45,97;7,45;0,146;0,0;0,01;0,044
950;25.07.2023;11:57:13;00:15:49;268,5;308,1;38,7;40,2;27,0;503,0;78,5;0,1;6,30E-2;-541,2;20,00;22,0;22,0;45,98;7,45;0,151;0,0;0,00;0,044
951;25.07.2023;11:57:14;00:15:50;265,8;308,1;38,4;39,8;27,0;499,9;78,8;0,1;6,28E-2;-541,2;20,00;22,0;22,1;45,98;7,45;0,150;0,0;0,00;0,044
952;25.07.2023;11:57:15;00:15:51;263,5;302,0;38,4;39,8;27,0;498,4;78,9;0,1;6,27E-2;-541,2;20,00;22,0;22,1;45,98;7,46;0,148;0,0;0,01;0,044
953;25.07.2023;11:57:16;00:15:52;258,9;302,0;38,1;39,8;27,0;495,2;79,2;0,1;6,26E-2;-541,2;20,00;22,0;21,9;45,98;7,46;0,139;0,0;0,00;0,044
954;25.07.2023;11:57:17;00:15:53;255,5;295,8;38,1;39,3;27,0;492,1;79,5;0,1;6,25E-2;-541,2;20,00;22,0;22,0;45,98;7,46;0,138;0,0;0,00;0,044
955;25.07.2023;11:57:18;00:15:54;252,9;295,8;38,1;39,3;27,0;490,6;79,7;0,1;6,24E-2;-541,2;20,00;22,0;22,0;45,99;7,46;0,136;0,0;0,00;0,044
956;25.07.2023;11:57:19;00:15:55;250,0;289,8;37,8;38,9;27,0;487,6;79,9;0,1;6,23E-2;-541,2;20,00;22,0;21,9;45,99;7,47;0,135;0,0;0,01;0,044
957;25.07.2023;11:57:20;00:15:56;250,0;289,8;37,5;38,5;27,0;484,6;79,9;0,1;6,22E-2;-541,2;20,00;22,0;22,0;45,99;7,47;0,143;0,0;0,01;0,044
958;25.07.2023;11:57:21;00:15:57;250,0;283,9;37,5;38,5;27,0;483,1;79,9;0,1;6,21E-2;-541,2;20,00;22,0;22,0;45,99;7,47;0,143;0,0;0,00;0,044
959;25.07.2023;11:57:22;00:15:58;250,0;283,9;37,1;38,1;27,0;479,8;79,8;0,1;6,19E-2;-541,2;20,00;22,0;22,0;46,00;7,47;0,145;0,0;0,01;0,044
960;25.07.2023;11:57:23;00:15:59;250,0;278,0;37,1;38,1;27,0;478,3;79,8;0,1;6,18E-2;-541,2;20,00;22,0;22,1;46,00;7,47;0,142;0,0;0,00;0,044
961;25.07.2023;11:57:24;00:16:00;250,0;278,0;37,2;38,1;27,0;475,3;79,7;0,1;6,17E-2;-541,2;20,00;22,0;22,0;46,00;7,48;0,132;0,0;0,00;0,044
962;25.07.2023;11:57:25;00:16:01;250,0;271,8;36,8;37,7;27,0;472,3;79,6;0,1;6,17E-2;-541,2;20,00;22,0;22,0;46,00;7,48;0,128;0,0;0,00;0,044
963;25.07.2023;11:57:26;00:16:02;250,0;271,8;36,8;37,7;27,0;470,7;79,6;0,1;6,16E-2;-541,2;20,00;22,0;22,0;46,00;7,48;0,127;0,0;0,00;0,044
964;25.07.2023;11:57:27;00:16:03;250,0;265,7;36,5;37,3;27,0;467,5;79,5;0,1;6,14E-2;-541,2;20,00;22,0;21,9;46,01;7,48;0,124;0,0;0,01;0,044
965;25.07.2023;11:57:28;00:16:04;250,0;265,7;36,5;37,3;26,9;464,4;79,4;0,1;6,13E-2;-541,2;20,00;22,0;21,9;46,01;7,49;0,126;0,0;0,01;0,044
966;25.07.2023;11:57:29;00:16:05;250,0;259,7;36,2;36,9;26,9;462,9;79,4;0,1;6,12E-2;-541,2;20,00;22,0;22,0;46,01;7,49;0,127;0,0;0,01;0,044
967;25.07.2023;11:57:30;00:16:06;250,0;259,7;35,9;36,9;26,9;459,9;79,3;0,1;6,11E-2;-541,2;20,00;22,0;22,1;46,01;7,49;0,129;0,0;0,01;0,044
968;25.07.2023;11:57:31;00:16:07;250,0;253,8;35,9;36,5;26,9;456,9;79,2;0,1;6,10E-2;-541,2;20,00;22,0;22,0;46,01;7,49;0,129;0,0;0,01;0,044
969;25.07.2023;11:57:32;00:16:08;250,0;253,8;35,9;36,5;26,9;455,4;79,2;0,1;6,09E-2;-541,2;20,00;22,0;22,0;46,02;7,49;0,127;0,0;0,00;0,044
970;25.07.2023;11:57:33;00:16:09;250,0;248,2;35,6;36,1;26,9;452,1;79,1;0,1;6,08E-2;-541,2;20,00;22,0;22,1;46,02;7,50;0,133;0,0;0,01;0,044
971;25.07.2023;11:57:34;00:16:10;250,0;248,2;35,6;36,1;26,9;450,6;79,0;0,1;6,07E-2;-541,2;20,00;22,0;22,0;46,02;7,50;0,132;0,0;0,00;0,044
972;25.07.2023;11:57:35;00:16:11;250,0;248,2;35,3;35,8;26,9;447,6;79,0;0,1;6,07E-2;-541,2;20,00;22,0;22,1;46,02;7,50;0,131;0,0;0,00;0,044
973;25.07.2023;11:57:36;00:16:12;250,0;242,6;35,3;35,8;26,9;444,6;78,9;0,1;6,05E-2;-541,2;20,00;22,0;22,0;46,03;7,50;0,124;0,0;0,01;0,044
974;25.07.2023;11:57:37;00:16:13;250,0;237,1;35,1;35,4;26,9;443,1;78,8;0,1;6,05E-2;-541,2;20,00;22,0;22,0;46,03;7,50;0,122;0,0;0,01;0,044
975;25.07.2023;11:57:38;00:16:14;250,0;237,1;35,1;35,4;26,9;440,0;78,7;0,1;6,03E-2;-541,2;20,00;22,0;22,1;46,03;7,51;0,129;0,0;0,01;0,044
976;25.07.2023;11:57:39;00:16:15;250,0;231,7;34,8;35,1;26,8;436,8;78,6;0,1;6,03E-2;-541,2;20,00;22,0;22,0;46,03;7,51;0,124;0,0;0,01;0,044
977;25.07.2023;11:57:40;00:16:16;250,0;231,7;34,6;35,1;26,8;435,3;78,6;0,1;6,02E-2;-541,2;20,00;22,0;21,9;46,03;7,51;0,118;0,0;0,00;0,044
978;25.07.2023;11:57:41;00:16:17;250,0;226,6;34,6;34,7;26,8;432,2;78,4;0,1;6,01E-2;-541,2;20,00;22,0;22,1;46,04;7,51;0,121;0,0;0,01;0,044
979;25.07.2023;11:57:42;00:16:18;250,0;221,6;34,3;34,4;26,8;429,2;78,3;0,1;5,99E-2;-541,2;20,00;22,0;22,1;46,04;7,51;0,118;0,0;0,01;0,044
980;25.07.2023;11:57:43;00:16:19;250,0;221,6;34,3;34,4;26,8;427,7;78,3;0,1;5,99E-2;-541,2;20,00;22,0;22,0;46,04;7,51;0,112;0,0;0,00;0,044
981;25.07.2023;11:57:44;00:16:20;250,0;221,6;34,3;34,5;26,8;424,7;78,2;0,1;5,98E-2;-541,2;20,00;22,0;22,0;46,04;7,52;0,113;0,0;0,00;0,044
982;25.07.2023;11:57:45;00:16:21;250,0;216,3;34,1;34,1;26,8;421,4;78,1;0,1;5,97E-2;-541,2;20,00;22,0;22,0;46,04;7,52;0,115;0,0;0,00;0,044
983;25.07.2023;11:57:46;00:16:22;250,0;216,3;34,1;34,1;26,8;419,9;78,0;0,1;5,96E-2;-541,2;20,00;22,0;22,1;46,05;7,52;0,115;0,0;0,00;0,044
984;25.07.2023;11:57:47;00:16:23;250,0;211,1;33,8;33,8;26,8;416,9;77,9;0,1;5,95E-2;-541,2;20,00;22,0;22,0;46,05;7,52;0,112;0,0;0,00;0,044
985;25.07.2023;11:57:48;00:16:24;250,0;211,1;33,8;33,8;26,8;415,4;77,8;0,1;5,95E-2;-541,2;20,00;22,0;22,1;46,05;7,52;0,110;0,0;0,00;0,044
986;25.07.2023;11:57:49;00:16:25;250,0;205,9;33,5;33,5;26,8;412,4;77,7;0,1;5,94E-2;-541,2;20,00;22,0;22,0;46,05;7,53;0,112;0,0;0,01;0,044
987;25.07.2023;11:57:50;00:16:26;250,0;205,9;33,3;33,1;26,8;409,3;77,6;0,1;5,93E-2;-541,2;20,00;22,0;22,0;46,05;7,53;0,108;0,0;0,00;0,044
988;25.07.2023;11:57:51;00:16:27;250,0;205,9;33,3;33,1;26,8;407,8;77,5;0,1;5,93E-2;-541,2;20,00;22,0;22,0;46,05;7,53;0,110;0,0;0,00;0,044
989;25.07.2023;11:57:52;00:16:28;250,0;200,8;33,3;33,1;26,8;404,6;77,4;0,1;5,91E-2;-541,2;20,00;22,0;22,1;46,06;7,53;0,118;0,0;0,00;0,044
990;25.07.2023;11:57:53;00:16:29;250,0;196,2;33,1;32,9;26,7;401,5;77,2;0,1;5,90E-2;-541,2;20,00;22,0;22,0;46,06;7,53;0,116;0,0;0,00;0,044
991;25.07.2023;11:57:54;00:16:30;250,0;196,2;33,1;32,9;26,7;400,0;77,2;0,1;5,90E-2;-541,2;20,00;22,0;22,0;46,06;7,54;0,113;0,0;0,00;0,044
992;25.07.2023;11:57:55;00:16:31;250,0;191,7;32,8;32,6;26,7;397,0;77,0;0,1;5,88E-2;-541,2;20,00;22,0;22,0;46,06;7,54;0,109;0,0;0,01;0,044
993;25.07.2023;11:57:56;00:16:32;250,0;191,7;32,8;32,6;26,7;394,0;76,9;0,1;5,88E-2;-541,2;20,00;22,0;22,0;46,06;7,54;0,102;0,0;0,01;0,044
994;25.07.2023;11:57:57;00:16:33;250,0;187,2;32,6;32,3;26,7;392,5;76,8;0,1;5,87E-2;-541,2;20,00;22,0;21,9;46,06;7,54;0,102;0,0;0,01;0,044
995;25.07.2023;11:57:58;00:16:34;250,0;187,2;32,4;32,0;26,7;389,2;76,7;0,1;5,87E-2;-541,2;20,00;22,0;22,0;46,07;7,54;0,099;0,0;0,00;0,044
996;25.07.2023;11:57:59;00:16:35;250,0;182,8;32,4;32,0;26,7;387,7;76,6;0,1;5,86E-2;-541,2;20,00;22,0;22,0;46,07;7,54;0,099;0,0;0,01;0,044
997;25.07.2023;11:58:00;00:16:36;250,0;182,8;32,1;32,0;26,7;384,7;76,4;0,1;5,85E-2;-541,2;20,00;22,0;22,0;46,07;7,55;0,104;0,0;0,01;0,044
998;25.07.2023;11:58:01;00:16:37;250,0;178,5;32,1;31,7;26,7;381,6;76,3;0,1;5,84E-2;-541,2;20,00;22,0;22,1;46,07;7,55;0,109;0,0;0,00;0,044
999;25.07.2023;11:58:02;00:16:38;250,0;178,5;32,1;31,7;26,7;380,1;76,2;0,1;5,84E-2;-541,2;20,00;22,0;22,1;46,07;7,55;0,107;0,0;0,01;0,044
1000;25.07.2023;11:58:03;00:16:39;250,0;174,3;31,9;31,5;26,7;377,1;76,1;0,1;5,83E-2;-541,2;20,00;22,0;21,9;46,07;7,55;0,098;0,0;0,00;0,044
1001;25.07.2023;11:58:04;00:16:40;250,0;174,2;31,9;31,4;26,6;373,8;75,9;0,1;5,82E-2;-541,2;20,00;22,0;22,0;46,08;7,55;0,101;0,0;0,00;0,044
1002;25.07.2023;11:58:05;00:16:41;250,0;169,7;31,6;31,1;26,6;372,3;75,8;0,1;5,82E-2;-541,2;20,00;22,0;22,0;46,08;7,55;0,099;0,0;0,00;0,044
1003;25.07.2023;11:58:06;00:16:42;250,0;169,7;31,4;31,1;26,6;369,3;75,7;0,1;5,80E-2;-541,2;20,00;22,0;22,0;46,08;7,55;0,099;0,0;0,01;0,044
1004;25.07.2023;11:58:07;00:16:43;250,0;165,4;31,4;30,9;26,6;366,3;75,5;0,1;5,79E-2;-541,2;20,00;22,0;22,0;46,08;7,56;0,094;0,0;0,00;0,044
1005;25.07.2023;11:58:08;00:16:44;250,0;165,4;31,4;30,9;26,6;364,8;75,4;0,1;5,79E-2;-541,2;20,00;22,0;22,0;46,08;7,56;0,096;0,0;0,01;0,044
1006;25.07.2023;11:58:09;00:16:45;250,0;161,0;31,2;30,6;26,5;361,8;75,2;0,1;5,78E-2;-541,2;20,00;22,0;21,9;46,08;7,56;0,088;0,0;0,01;0,044
1007;25.07.2023;11:58:10;00:16:46;250,0;161,0;30,9;30,3;26,5;358,5;75,1;0,1;5,78E-2;-541,2;20,00;22,0;22,0;46,09;7,56;0,092;0,0;0,00;0,044
1008;25.07.2023;11:58:11;00:16:47;250,0;161,0;30,9;30,3;26,5;357,0;75,0;0,1;5,78E-2;-541,2;20,00;22,0;22,0;46,09;7,56;0,094;0,0;0,00;0,044
1009;25.07.2023;11:58:12;00:16:48;250,0;156,8;30,9;30,3;26,5;354,0;74,8;0,1;5,77E-2;-541,2;20,00;22,0;22,0;46,09;7,56;0,098;0,0;0,00;0,044
1010;25.07.2023;11:58:13;00:16:49;250,0;152,9;30,8;30,1;26,5;352,5;74,7;0,1;5,76E-2;-541,2;20,00;22,0;22,0;46,09;7,57;0,095;0,0;0,01;0,044
1011;25.07.2023;11:58:14;00:16:50;250,0;152,9;30,8;30,1;26,5;349,4;74,5;0,1;5,76E-2;-541,2;20,00;22,0;22,0;46,09;7,57;0,091;0,0;0,01;0,044
1012;25.07.2023;11:58:15;00:16:51;250,0;149,0;30,6;29,8;26,5;346,4;74,4;0,1;5,75E-2;-541,2;20,00;22,0;21,9;46,09;7,57;0,082;0,0;0,01;0,044
1013;25.07.2023;11:58:16;00:16:52;250,0;149,0;30,4;29,8;26,5;344,7;74,2;0,1;5,75E-2;-541,2;20,00;22,0;22,0;46,09;7,57;0,085;0,0;0,00;0,044
1014;25.07.2023;11:58:17;00:16:53;250,0;145,3;30,4;29,6;26,5;341,6;74,1;0,1;5,74E-2;-541,2;20,00;22,0;22,0;46,09;7,57;0,084;0,0;0,01;0,044
1015;25.07.2023;11:58:18;00:16:54;250,0;145,3;30,2;29,4;26,5;338,6;73,9;0,1;5,73E-2;-541,2;20,00;22,0;22,0;46,10;7,57;0,083;0,0;0,00;0,044
1016;25.07.2023;11:58:19;00:16:55;250,0;145,3;30,2;29,4;26,5;337,1;73,8;0,1;5,73E-2;-541,2;20,00;22,0;22,0;46,10;7,57;0,086;0,0;0,00;0,044
1017;25.07.2023;11:58:20;00:16:56;250,0;141,5;30,2;29,4;26,5;334,1;73,6;0,1;5,73E-2;-541,2;20,00;22,0;22,0;46,10;7,58;0,084;0,0;0,01;0,044
1018;25.07.2023;11:58:21;00:16:57;250,0;137,8;30,0;29,1;26,4;331,1;73,4;0,1;5,72E-2;-541,2;20,00;22,0;22,0;46,10;7,58;0,084;0,0;0,01;0,044
1019;25.07.2023;11:58:22;00:16:58;250,0;137,8;30,0;29,1;26,4;329,3;73,3;0,1;5,72E-2;-541,2;20,00;22,0;22,0;46,10;7,58;0,083;0,0;0,00;0,044
1020;25.07.2023;11:58:23;00:16:59;250,0;134,1;29,8;28,9;26,4;326,3;73,1;0,1;5,71E-2;-541,2;20,00;22,0;22,1;46,10;7,58;0,079;0,0;0,01;0,044
1021;25.07.2023;11:58:24;00:17:00;250,0;134,1;29,8;28,9;26,4;323,3;72,9;0,1;5,70E-2;-541,2;20,00;22,0;22,0;46,10;7,58;0,082;0,0;0,01;0,044
1022;25.07.2023;11:58:25;00:17:01;250,0;134,1;29,5;28,6;26,4;321,8;72,8;0,1;5,69E-2;-541,2;20,00;22,0;22,0;46,11;7,58;0,081;0,0;0,01;0,044
1023;25.07.2023;11:58:26;00:17:02;250,0;130,3;29,5;28,6;26,4;318,7;72,6;0,1;5,69E-2;-541,2;20,00;22,0;21,9;46,11;7,58;0,078;0,0;0,00;0,044
1024;25.07.2023;11:58:27;00:17:03;250,0;130,3;29,5;28,6;26,4;317,2;72,5;0,1;5,68E-2;-541,2;20,00;22,0;21,9;46,11;7,58;0,076;0,0;0,00;0,044
1025;25.07.2023;11:58:28;00:17:04;250,0;126,7;29,3;28,4;26,4;313,9;72,2;0,1;5,68E-2;-541,2;20,00;22,0;22,0;46,11;7,59;0,081;0,0;0,01;0,044
1026;25.07.2023;11:58:29;00:17:05;250,0;123,2;29,1;28,2;26,4;310,9;72,0;0,1;5,67E-2;-541,2;20,00;22,0;21,9;46,11;7,59;0,080;0,0;0,00;0,044
1027;25.07.2023;11:58:30;00:17:06;250,0;123,2;29,1;28,2;26,3;309,4;71,9;0,1;5,66E-2;-541,2;20,00;22,0;21,9;46,11;7,59;0,080;0,0;0,01;0,044
1028;25.07.2023;11:58:31;00:17:07;250,0;123,2;29,0;27,9;26,3;306,4;71,7;0,1;5,66E-2;-541,2;20,00;22,0;22,1;46,11;7,59;0,084;0,0;0,00;0,044
1029;25.07.2023;11:58:32;00:17:08;250,0;119,8;29,0;27,9;26,3;303,4;71,5;0,1;5,65E-2;-541,2;20,00;22,0;22,1;46,12;7,59;0,083;0,0;0,01;0,044
1030;25.07.2023;11:58:33;00:17:09;250,0;116,7;28,8;27,7;26,3;301,9;71,4;0,1;5,64E-2;-541,2;20,00;22,0;22,1;46,12;7,59;0,086;0,0;0,01;0,044
1031;25.07.2023;11:58:34;00:17:10;250,0;116,7;28,6;27,7;26,3;298,6;71,1;0,1;5,64E-2;-541,2;20,00;22,0;22,0;46,12;7,59;0,078;0,0;0,00;0,044
1032;25.07.2023;11:58:35;00:17:11;250,0;113,7;28,6;27,5;26,3;295,6;70,9;0,1;5,63E-2;-541,2;20,00;22,0;22,0;46,12;7,60;0,075;0,0;0,01;0,044
1033;25.07.2023;11:58:36;00:17:12;250,0;113,7;28,6;27,5;26,3;294,1;70,8;0,1;5,62E-2;-541,2;20,00;22,0;21,9;46,12;7,60;0,069;0,0;0,01;0,045
1034;25.07.2023;11:58:37;00:17:13;250,0;110,7;28,5;27,4;26,3;291,0;70,6;0,1;5,62E-2;-541,2;20,00;22,0;22,0;46,12;7,60;0,069;0,0;0,00;0,044
1035;25.07.2023;11:58:38;00:17:14;250,0;110,7;28,5;27,4;26,3;289,5;70,4;0,1;5,62E-2;-541,2;20,00;22,0;22,0;46,12;7,60;0,066;0,0;0,01;0,044
1036;25.07.2023;11:58:39;00:17:15;250,0;110,7;28,3;27,2;26,3;286,5;70,2;0,1;5,61E-2;-541,2;20,00;22,0;21,9;46,12;7,60;0,067;0,0;0,01;0,044
1037;25.07.2023;11:58:40;00:17:16;250,0;107,9;28,3;27,2;26,3;283,2;69,9;0,1;5,60E-2;-541,2;20,00;22,0;22,0;46,12;7,60;0,066;0,0;0,01;0,044
1038;25.07.2023;11:58:41;00:17:17;250,0;105,1;28,1;27,0;26,3;281,7;69,8;0,1;5,60E-2;-541,2;20,00;22,0;21,9;46,13;7,60;0,067;0,0;0,01;0,044
1039;25.07.2023;11:58:42;00:17:18;250,0;105,1;28,1;27,0;26,3;278,7;69,6;0,1;5,59E-2;-541,2;20,00;22,0;22,0;46,13;7,60;0,068;0,0;0,00;0,044
1040;25.07.2023;11:58:43;00:17:19;250,0;102,3;28,0;26,8;26,2;275,7;69,3;0,1;5,58E-2;-541,2;20,00;22,0;22,0;46,13;7,60;0,070;0,0;0,01;0,044
1041;25.07.2023;11:58:44;00:17:20;250,0;102,3;28,0;26,8;26,2;274,2;69,2;0,1;5,58E-2;-541,2;20,00;22,0;22,0;46,13;7,60;0,071;0,0;0,01;0,044
1042;25.07.2023;11:58:45;00:17:21;250,0;102,3;27,8;26,6;26,3;271,2;69,0;0,1;5,57E-2;-541,2;20,00;22,0;21,9;46,13;7,61;0,065;0,0;0,01;0,044
1043;25.07.2023;11:58:46;00:17:22;250,0;99,4;27,8;26,6;26,2;267,9;68,7;0,1;5,57E-2;-541,2;20,00;22,0;22,0;46,13;7,61;0,066;0,0;0,01;0,044
1044;25.07.2023;11:58:47;00:17:23;250,0;99,4;27,6;26,6;26,2;266,4;68,6;0,1;5,57E-2;-541,2;20,00;22,0;22,0;46,13;7,61;0,065;0,0;0,00;0,044
1045;25.07.2023;11:58:48;00:17:24;250,0;96,7;27,6;26,4;26,2;263,4;68,3;0,1;5,56E-2;-541,2;20,00;22,0;22,0;46,13;7,61;0,064;0,0;0,00;0,044
1046;25.07.2023;11:58:49;00:17:25;250,0;94,0;27,5;26,2;26,2;260,3;68,1;0,1;5,55E-2;-541,2;20,00;22,0;21,9;46,13;7,61;0,063;0,0;0,01;0,044
1047;25.07.2023;11:58:50;00:17:26;250,0;94,0;27,5;26,2;26,2;258,8;67,9;0,1;5,54E-2;-541,2;20,00;22,0;22,0;46,13;7,61;0,061;0,0;0,00;0,044
1048;25.07.2023;11:58:51;00:17:27;250,0;91,4;27,3;26,0;26,2;255,8;67,7;0,1;5,54E-2;-541,2;20,00;22,0;22,1;46,14;7,61;0,060;0,0;0,01;0,044
1049;25.07.2023;11:58:52;00:17:28;250,0;91,4;27,3;26,0;26,2;254,3;67,5;0,1;5,53E-2;-541,2;20,00;22,0;22,1;46,14;7,61;0,060;0,0;0,01;0,044
1050;25.07.2023;11:58:53;00:17:29;250,0;89,0;27,2;25,9;26,2;251,0;67,3;0,1;5,53E-2;-541,2;20,00;22,0;22,1;46,14;7,61;0,060;0,0;0,01;0,044
1051;25.07.2023;11:58:54;00:17:30;250,0;89,0;27,0;25,7;26,2;248,0;67,0;0,1;5,52E-2;-541,2;20,00;22,0;22,0;46,14;7,61;0,053;0,0;0,00;0,044
1052;25.07.2023;11:58:55;00:17:31;250,0;89,0;27,0;25,7;26,2;246,5;66,8;0,1;5,52E-2;-541,2;20,00;22,0;22,0;46,14;7,62;0,053;0,0;0,01;0,044
1053;25.07.2023;11:58:56;00:17:32;250,0;86,7;27,0;25,7;26,1;243,5;66,6;0,1;5,51E-2;-541,2;20,00;22,0;22,0;46,14;7,62;0,055;0,0;0,00;0,044
1054;25.07.2023;11:58:57;00:17:33;250,0;84,4;26,9;25,5;26,1;240,5;66,3;0,1;5,51E-2;-541,2;20,00;22,0;22,0;46,14;7,62;0,057;0,0;0,01;0,044
1055;25.07.2023;11:58:58;00:17:34;250,0;84,4;26,9;25,5;26,1;239,0;66,2;0,1;5,50E-2;-541,2;20,00;22,0;22,1;46,14;7,62;0,059;0,0;0,00;0,044
1056;25.07.2023;11:58:59;00:17:35;250,0;82,3;26,8;25,4;26,1;235,7;65,9;0,1;5,49E-2;-541,2;20,00;22,0;22,0;46,14;7,62;0,057;0,0;0,01;0,044
1057;25.07.2023;11:59:00;00:17:36;250,0;82,3;26,8;25,4;26,1;232,7;65,6;0,1;5,49E-2;-541,2;20,00;22,0;21,9;46,14;7,62;0,055;0,0;0,00;0,044
1058;25.07.2023;11:59:01;00:17:37;250,0;80,2;26,6;25,2;26,1;231,1;65,4;0,1;5,49E-2;-541,2;20,00;22,0;22,0;46,15;7,62;0,060;0,0;0,01;0,044
1059;25.07.2023;11:59:02;00:17:38;250,0;80,2;26,5;25,2;26,1;228,1;65,1;0,1;5,48E-2;-541,2;20,00;22,0;22,0;46,15;7,62;0,063;0,0;0,01;0,044
1060;25.07.2023;11:59:03;00:17:39;250,0;78,1;26,5;25,0;26,1;225,1;64,9;0,1;5,48E-2;-541,2;20,00;22,0;22,0;46,15;7,62;0,061;0,0;0,01;0,044
1061;25.07.2023;11:59:04;00:17:40;250,0;78,2;26,5;25,0;26,1;223,6;64,7;0,1;5,48E-2;-541,2;20,00;22,0;22,0;46,15;7,62;0,058;0,0;0,00;0,044
1062;25.07.2023;11:59:05;00:17:41;250,0;78,2;26,4;25,1;26,2;220,3;64,4;0,1;5,47E-2;-541,2;20,00;22,0;22,0;46,15;7,62;0,059;0,0;0,00;0,044
1063;25.07.2023;11:59:06;00:17:42;250,0;76,0;26,4;24,9;26,1;218,8;64,2;0,1;5,46E-2;-541,2;20,00;22,0;22,0;46,15;7,63;0,056;0,0;0,01;0,044
1064;25.07.2023;11:59:07;00:17:43;250,0;76,0;26,2;24,7;26,1;215,8;64,0;0,1;5,46E-2;-541,2;20,00;22,0;22,0;46,15;7,63;0,052;0,0;0,00;0,044
1065;25.07.2023;11:59:08;00:17:44;250,0;73,8;26,2;24,7;26,1;212,8;63,7;0,1;5,45E-2;-541,2;20,00;22,0;22,0;46,15;7,63;0,050;0,0;0,01;0,044
1066;25.07.2023;11:59:09;00:17:45;250,0;73,8;26,1;24,6;26,1;211,3;63,5;0,1;5,45E-2;-541,2;20,00;22,0;21,9;46,15;7,63;0,051;0,0;0,01;0,044
1067;25.07.2023;11:59:10;00:17:46;250,0;71,8;26,1;24,6;26,1;208,2;63,2;0,1;5,44E-2;-541,2;20,00;22,0;22,0;46,15;7,63;0,055;0,0;0,00;0,044
1068;25.07.2023;11:59:11;00:17:47;250,0;69,7;25,9;24,4;26,1;205,0;62,9;0,1;5,44E-2;-541,2;20,00;22,0;22,0;46,15;7,63;0,052;0,0;0,00;0,044
1069;25.07.2023;11:59:12;00:17:48;250,0;69,7;25,9;24,4;26,1;203,5;62,7;0,1;5,43E-2;-541,2;20,00;22,0;21,9;46,16;7,63;0,045;0,0;0,00;0,044
1070;25.07.2023;11:59:13;00:17:49;250,0;68,0;25,8;24,3;26,1;200,4;62,4;0,1;5,43E-2;-541,2;20,00;22,0;22,0;46,16;7,63;0,049;0,0;0,01;0,044
1071;25.07.2023;11:59:14;00:17:50;250,0;68,0;25,7;24,3;26,1;197,4;62,1;0,1;5,42E-2;-541,2;20,00;22,0;22,0;46,16;7,63;0,050;0,0;0,01;0,044
1072;25.07.2023;11:59:15;00:17:51;250,0;68,0;25,7;24,3;26,1;195,9;61,9;0,1;5,42E-2;-541,2;20,00;22,0;22,0;46,16;7,63;0,052;0,0;0,01;0,044
1073;25.07.2023;11:59:16;00:17:52;250,0;66,3;25,7;24,1;26,1;192,9;61,6;0,1;5,42E-2;-541,2;20,00;22,0;22,0;46,16;7,63;0,051;0,0;0,01;0,044
1074;25.07.2023;11:59:17;00:17:53;250,0;64,7;25,6;24,0;26,1;191,1;61,4;0,1;5,41E-2;-541,2;20,00;22,0;22,0;46,16;7,64;0,049;0,0;0,01;0,044
1075;25.07.2023;11:59:18;00:17:54;250,0;64,7;25,6;24,0;26,0;188,1;61,1;0,1;5,41E-2;-541,2;20,00;22,0;22,0;46,16;7,63;0,049;0,0;0,00;0,044
1076;25.07.2023;11:59:19;00:17:55;250,0;63,1;25,5;23,9;26,0;185,1;60,8;0,1;5,40E-2;-541,2;20,00;22,0;22,0;46,16;7,64;0,050;0,0;0,00;0,044
1077;25.07.2023;11:59:20;00:17:56;250,0;63,1;25,5;23,9;26,0;183,6;60,6;0,1;5,40E-2;-541,2;20,00;22,0;22,0;46,16;7,64;0,051;0,0;0,00;0,044
1078;25.07.2023;11:59:21;00:17:57;250,0;61,6;25,4;23,7;26,0;180,6;60,3;0,1;5,39E-2;-541,2;20,00;22,0;22,1;46,16;7,64;0,050;0,0;0,00;0,044
1079;25.07.2023;11:59:22;00:17:58;250,0;61,6;25,3;23,7;26,0;177,5;60,0;0,1;5,38E-2;-541,2;20,00;22,0;22,0;46,16;7,64;0,048;0,0;0,01;0,044
1080;25.07.2023;11:59:23;00:17:59;250,0;61,6;25,3;23,6;26,0;175,8;59,8;0,1;5,38E-2;-541,2;20,00;22,0;22,0;46,16;7,64;0,044;0,0;0,01;0,044
1081;25.07.2023;11:59:24;00:18:00;250,0;60,1;25,3;23,6;26,0;172,8;59,4;0,1;5,38E-2;-541,2;20,00;22,0;22,0;46,16;7,64;0,043;0,0;0,00;0,044
1082;25.07.2023;11:59:25;00:18:01;250,0;60,1;25,1;23,6;26,0;169,7;59,1;0,1;5,37E-2;-541,2;20,00;22,0;21,9;46,16;7,64;0,044;0,0;0,01;0,044
1083;25.07.2023;11:59:26;00:18:02;250,0;58,5;25,1;23,4;26,0;168,2;58,9;0,1;5,37E-2;-541,2;20,00;22,0;21,9;46,17;7,64;0,041;0,0;0,00;0,044
1084;25.07.2023;11:59:27;00:18:03;250,0;58,5;25,0;23,3;26,0;165,2;58,6;0,1;5,37E-2;-541,2;20,00;22,0;22,0;46,17;7,64;0,046;0,0;0,01;0,044
1085;25.07.2023;11:59:28;00:18:04;250,0;57,0;25,0;23,3;26,0;162,2;58,2;0,1;5,36E-2;-541,2;20,00;22,0;22,1;46,17;7,64;0,050;0,0;0,00;0,044
1086;25.07.2023;11:59:29;00:18:05;250,0;57,0;24,9;23,2;26,0;160,4;58,0;0,1;5,36E-2;-541,2;20,00;22,0;22,0;46,17;7,64;0,049;0,0;0,01;0,044
1087;25.07.2023;11:59:30;00:18:06;250,0;55,6;24,9;23,2;25,9;157,4;57,7;0,1;5,35E-2;-541,2;20,00;22,0;22,0;46,17;7,65;0,048;0,0;0,00;0,044
1088;25.07.2023;11:59:31;00:18:07;250,0;55,6;24,9;23,2;25,9;155,9;57,5;0,1;5,34E-2;-541,2;20,00;22,0;22,0;46,17;7,65;0,047;0,0;0,00;0,044
1089;25.07.2023;11:59:32;00:18:08;250,0;54,2;24,8;23,0;25,9;152,9;57,1;0,1;5,34E-2;-541,2;20,00;22,0;22,1;46,17;7,65;0,051;0,0;0,01;0,044
1090;25.07.2023;11:59:33;00:18:09;250,0;53,0;24,7;22,9;25,9;149,9;56,8;0,1;5,34E-2;-541,2;20,00;22,0;22,0;46,17;7,65;0,046;0,0;0,01;0,044
1091;25.07.2023;11:59:34;00:18:10;250,0;53,0;24,7;22,9;25,9;148,4;56,6;0,1;5,34E-2;-541,2;20,00;22,0;22,0;46,17;7,65;0,047;0,0;0,01;0,044
1092;25.07.2023;11:59:35;00:18:11;250,0;53,0;24,6;22,8;25,9;145,1;56,2;0,1;5,33E-2;-541,2;20,00;22,0;22,0;46,17;7,65;0,047;0,0;0,00;0,044
1093;25.07.2023;11:59:36;00:18:12;250,0;51,8;24,6;22,8;25,9;142,1;55,9;0,1;5,33E-2;-541,2;20,00;22,0;22,0;46,17;7,65;0,045;0,0;0,01;0,044
1094;25.07.2023;11:59:37;00:18:13;250,0;50,6;24,4;22,7;25,9;140,5;55,7;0,1;5,33E-2;-541,2;20,00;22,0;22,0;46,17;7,65;0,046;0,0;0,00;0,044
1095;25.07.2023;11:59:38;00:18:14;250,0;50,6;24,4;22,7;25,9;137,5;55,3;0,1;5,32E-2;-541,2;20,00;22,0;21,9;46,17;7,65;0,048;0,0;0,00;0,044
1096;25.07.2023;11:59:39;00:18:15;250,0;49,5;24,4;22,6;25,9;134,5;54,9;0,1;5,32E-2;-541,2;20,00;22,0;21,9;46,18;7,65;0,045;0,0;0,01;0,044
1097;25.07.2023;11:59:40;00:18:16;250,0;49,5;24,4;22,6;25,9;133,0;54,8;0,1;5,32E-2;-541,2;20,00;22,0;22,0;46,18;7,65;0,044;0,0;0,01;0,044
1098;25.07.2023;11:59:41;00:18:17;250,0;48,4;24,3;22,5;25,9;129,7;54,4;0,1;5,31E-2;-541,2;20,00;22,0;22,0;46,18;7,65;0,052;0,0;0,00;0,044
1099;25.07.2023;11:59:42;00:18:18;250,0;47,3;24,2;22,4;25,9;126,7;54,0;0,1;5,30E-2;-541,2;20,00;22,0;21,9;46,18;7,65;0,051;0,0;0,00;0,044
1100;25.07.2023;11:59:43;00:18:19;250,0;47,3;24,2;22,4;25,9;125,2;53,8;0,1;5,30E-2;-541,2;20,00;22,0;21,9;46,18;7,66;0,051;0,0;0,00;0,044
1101;25.07.2023;11:59:44;00:18:20;250,0;47,2;24,2;22,3;25,8;122,2;53,4;0,1;5,30E-2;-541,2;20,00;22,0;21,9;46,18;7,66;0,047;0,0;0,01;0,044
1102;25.07.2023;11:59:45;00:18:21;250,0;47,2;24,0;22,2;25,8;120,7;53,2;0,1;5,30E-2;-541,2;20,00;22,0;22,0;46,18;7,66;0,049;0,0;0,00;0,044
1103;25.07.2023;11:59:46;00:18:22;250,0;46,1;24,0;22,2;25,8;117,6;52,8;0,1;5,29E-2;-541,2;20,00;22,0;22,0;46,18;7,66;0,044;0,0;0,00;0,044
1104;25.07.2023;11:59:47;00:18:23;250,0;45,1;23,8;22,1;25,7;114,4;52,4;0,1;5,29E-2;-541,2;20,00;22,0;21,9;46,18;7,66;0,041;0,0;0,00;0,044
1105;25.07.2023;11:59:48;00:18:24;250,0;45,1;23,8;22,1;25,7;112,9;52,2;0,1;5,29E-2;-541,2;20,00;22,0;21,9;46,18;7,66;0,044;0,0;0,01;0,044
1106;25.07.2023;11:59:49;00:18:25;250,0;44,0;23,7;22,0;25,7;109,8;51,8;0,1;5,28E-2;-541,2;20,00;22,0;22,0;46,18;7,66;0,050;0,0;0,00;0,044
1107;25.07.2023;11:59:50;00:18:26;250,0;44,0;23,7;22,0;25,7;106,8;51,4;0,1;5,28E-2;-541,2;20,00;22,0;21,9;46,19;7,66;0,053;0,0;0,01;0,044
1108;25.07.2023;11:59:51;00:18:27;250,0;44,0;23,7;22,0;25,7;105,3;51,2;0,1;5,28E-2;-541,2;20,00;22,0;21,9;46,19;7,66;0,053;0,0;0,01;0,044
1109;25.07.2023;11:59:52;00:18:28;250,0;43,0;23,6;21,9;25,7;102,3;50,8;0,1;5,27E-2;-541,2;20,00;22,0;22,0;46,19;7,66;0,058;0,0;0,00;0,044
1110;25.07.2023;11:59:53;00:18:29;250,0;43,0;23,6;21,8;25,7;99,0;50,4;0,1;5,27E-2;-541,2;20,00;22,0;22,0;46,19;7,67;0,063;0,0;0,01;0,044
1111;25.07.2023;11:59:54;00:18:30;250,0;42,1;23,6;21,8;25,7;97,5;50,2;0,1;5,26E-2;-541,2;20,00;22,0;22,0;46,19;7,67;0,064;0,0;0,00;0,044
1112;25.07.2023;11:59:55;00:18:31;250,0;41,2;23,5;21,7;25,7;94,5;49,8;0,1;5,26E-2;-541,2;20,00;22,0;22,0;46,19;7,67;0,064;0,0;0,01;0,044
1113;25.07.2023;11:59:56;00:18:32;250,0;41,2;23,5;21,7;25,7;93,0;49,6;0,1;5,26E-2;-541,2;20,00;22,0;22,0;46,19;7,67;0,064;0,0;0,01;0,044
1114;25.07.2023;11:59:57;00:18:33;250,0;41,2;23,4;21,6;25,7;90,0;49,2;0,1;5,25E-2;-541,2;20,00;22,0;22,0;46,19;7,67;0,066;0,0;0,01;0,044
1115;25.07.2023;11:59:58;00:18:34;250,0;40,3;23,4;21,6;25,7;86,9;48,8;0,1;5,25E-2;-541,2;20,00;22,0;22,1;46,19;7,67;0,068;0,0;0,00;0,044
1116;25.07.2023;11:59:59;00:18:35;250,0;40,3;23,4;21,6;25,7;85,2;48,5;0,1;5,25E-2;-541,2;20,00;22,0;22,1;46,20;7,67;0,069;0,0;0,00;0,044
1117;25.07.2023;12:00:00;00:18:36;250,0;39,6;23,3;21,5;25,6;82,2;48,1;0,1;5,25E-2;-541,2;20,00;22,0;22,1;46,20;7,67;0,092;0,0;0,01;0,044
1118;25.07.2023;12:00:01;00:18:37;250,0;38,8;23,2;21,4;25,6;79,1;47,7;0,1;5,25E-2;-541,2;20,00;22,0;22,0;46,20;7,68;0,111;0,0;0,00;0,044
1119;25.07.2023;12:00:02;00:18:38;250,0;38,8;23,2;21,4;25,6;77,6;47,5;0,1;5,24E-2;-541,2;20,00;22,0;22,0;46,20;7,68;0,118;0,0;0,00;0,044
1120;25.07.2023;12:00:03;00:18:39;250,0;38,8;23,1;21,3;25,6;74,6;47,1;0,1;5,24E-2;-541,2;20,00;22,0;22,0;46,21;7,68;0,114;0,0;0,00;0,044
1121;25.07.2023;12:00:04;00:18:40;250,0;38,1;23,1;21,3;25,6;71,6;46,6;0,1;5,24E-2;-541,2;20,00;22,0;22,1;46,21;7,68;0,108;0,0;0,01;0,044
1122;25.07.2023;12:00:05;00:18:41;250,0;38,1;23,0;21,3;25,6;69,8;46,4;0,1;5,23E-2;-541,2;20,00;22,0;22,0;46,21;7,68;0,102;0,0;0,01;0,044
1123;25.07.2023;12:00:06;00:18:42;250,0;37,3;23,0;21,2;25,6;66,8;46,0;0,1;5,23E-2;-541,2;20,00;22,0;21,9;46,21;7,68;0,088;0,0;0,00;0,044
1124;25.07.2023;12:00:07;00:18:43;250,0;36,6;23,0;21,2;25,6;63,8;45,5;0,1;5,23E-2;-541,2;20,00;22,0;21,9;46,21;7,69;0,078;0,0;0,00;0,044
1125;25.07.2023;12:00:08;00:18:44;250,0;36,6;23,0;21,2;25,6;62,3;45,3;0,1;5,22E-2;-541,2;20,00;22,0;22,0;46,21;7,69;0,078;0,0;0,00;0,044
1126;25.07.2023;12:00:09;00:18:45;250,0;36,6;22,9;21,2;25,6;59,3;44,9;0,1;5,22E-2;-541,2;20,00;22,0;22,0;46,21;7,69;0,073;0,0;0,00;0,044
1127;25.07.2023;12:00:10;00:18:46;250,0;35,9;22,9;21,1;25,6;57,8;44,7;0,1;5,22E-2;-541,2;20,00;22,0;22,0;46,21;7,69;0,072;0,0;0,01;0,044
1128;25.07.2023;12:00:11;00:18:47;250,0;35,9;22,8;21,0;25,6;54,5;44,2;0,1;5,21E-2;-541,2;20,00;22,0;21,9;46,21;7,69;0,066;0,0;0,01;0,044
1129;25.07.2023;12:00:12;00:18:48;250,0;35,2;22,8;21,0;25,5;51,5;43,7;0,1;5,21E-2;-541,2;20,00;22,0;22,0;46,21;7,69;0,062;0,0;0,01;0,044
1130;25.07.2023;12:00:13;00:18:49;250,0;35,2;22,7;20,9;25,5;49,9;43,5;0,1;5,21E-2;-541,2;20,00;22,0;22,0;46,21;7,69;0,060;0,0;0,01;0,044
1131;25.07.2023;12:00:14;00:18:50;250,0;34,6;22,7;20,9;25,5;46,9;43,1;0,1;5,20E-2;-541,2;20,00;22,0;21,9;46,22;7,69;0,055;0,0;0,01;0,044
1132;25.07.2023;12:00:15;00:18:51;250,0;34,0;22,7;20,8;25,5;43,9;42,6;0,1;5,20E-2;-541,2;20,00;22,0;21,9;46,22;7,69;0,053;0,0;0,00;0,044
1133;25.07.2023;12:00:16;00:18:52;250,0;34,0;22,7;20,8;25,5;42,4;42,4;0,1;5,20E-2;-541,2;20,00;22,0;22,0;46,22;7,69;0,055;0,0;0,01;0,044
1134;25.07.2023;12:00:17;00:18:53;250,0;33,4;22,6;20,8;25,5;39,1;41,9;0,1;5,20E-2;-541,2;20,00;22,0;22,0;46,22;7,70;0,062;0,0;0,01;0,044
1135;25.07.2023;12:00:18;00:18:54;250,0;33,4;22,5;20,8;25,5;36,1;41,4;0,1;5,20E-2;-541,2;20,00;22,0;22,0;46,22;7,70;0,060;0,0;0,00;0,044
1136;25.07.2023;12:00:19;00:18:55;250,0;33,4;22,5;20,8;25,5;34,6;41,2;0,1;5,20E-2;-541,2;20,00;22,0;22,0;46,22;7,70;0,058;0,0;0,00;0,044
1137;25.07.2023;12:00:20;00:18:56;250,0;32,9;22,5;20,7;25,5;31,6;40,7;0,1;5,19E-2;-541,2;20,00;22,0;22,0;46,22;7,70;0,057;0,0;0,00;0,044
1138;25.07.2023;12:00:21;00:18:57;250,0;32,4;22,5;20,7;25,5;28,6;40,3;0,1;5,19E-2;-541,2;20,00;22,0;22,0;46,22;7,70;0,057;0,0;0,00;0,044
1139;25.07.2023;12:00:22;00:18:58;250,0;32,4;22,5;20,7;25,5;27,0;40,0;0,1;5,18E-2;-541,2;20,00;22,0;22,0;46,22;7,70;0,054;0,0;0,01;0,044
1140;25.07.2023;12:00:23;00:18:59;250,0;31,9;22,4;20,6;25,5;23,8;39,5;0,1;5,18E-2;-541,2;20,00;22,0;22,0;46,23;7,70;0,059;0,0;0,00;0,044
1141;25.07.2023;12:00:24;00:19:00;250,0;31,9;22,4;20,6;25,5;22,3;39,3;0,1;5,18E-2;-541,2;20,00;22,0;21,9;46,23;7,70;0,055;0,0;0,01;0,044
1142;25.07.2023;12:00:25;00:19:01;250,0;31,8;22,3;20,6;25,4;20,0;0,0;0,1;5,17E-2;-541,2;20,00;3,0;21,9;46,23;7,70;0,049;0,0;0,01;0,044
