Nr.;Datum;Zeit;P.Zeit;AV Pyro top;AV Control TC;AV Piston TC Top;AV Piston TC Bot;AV Transformer T;SV Temperature  ;AV CZ Output;AV abs. pressure;Vacuum;AV rel. pressure;SV Rel. Pressure;SV Force        ;AV Force;AV Abs. Piston T;AV Rel. Piston T;AV Speed;Power;U RMS;I RMS
;;;;°C;°C;°C;°C;°C;°C    ;%;mbar(a;mbar(a;mbar(g;mbar(g;kN    ;kN;mm;mm;mm/min;kW;V;kA
1;18.07.2023;16:12:21;00:00:00;250,0;17,9;19,7;18,2;19,3;20,0;0,0;1001,0;1,00E3;-7,6;20,00;3,0;3,0;38,08;0,01;0,000;0,0;0,00;0,053
2;18.07.2023;16:12:22;00:00:01;250,0;17,9;19,6;18,2;19,3;20,0;0,0;1001,0;1,00E3;-7,6;20,00;3,0;3,0;38,09;0,01;-0,002;0,0;0,00;0,049
3;18.07.2023;16:12:23;00:00:02;250,0;17,9;19,6;18,2;19,3;20,0;0,0;1001,0;1,00E3;-7,6;20,00;3,0;3,0;38,08;0,01;0,000;0,0;0,00;0,049
4;18.07.2023;16:12:24;00:00:03;250,0;17,9;19,6;18,2;19,3;20,0;0,0;1001,0;1,00E3;-7,6;20,00;3,0;3,0;38,08;0,01;-0,001;0,0;0,00;0,049
5;18.07.2023;16:12:25;00:00:04;250,0;17,9;19,6;18,2;19,3;20,0;0,0;1001,0;1,00E3;-7,6;20,00;3,0;3,0;38,08;0,01;0,000;0,0;0,01;0,049
6;18.07.2023;16:12:26;00:00:05;250,0;17,9;19,7;18,2;19,3;20,0;0,0;1001,0;1,00E3;-7,6;20,00;3,0;3,0;38,08;0,01;-0,003;0,0;0,01;0,049
7;18.07.2023;16:12:27;00:00:06;250,0;17,9;19,7;18,3;19,3;20,0;0,0;1001,0;1,00E3;-7,6;20,00;3,0;3,0;38,08;0,01;-0,003;0,0;0,01;0,049
8;18.07.2023;16:12:28;00:00:07;250,0;17,9;19,7;18,3;19,3;20,0;0,0;1001,0;1,00E3;-7,6;20,00;3,0;3,0;38,08;0,01;-0,004;0,0;0,01;0,049
9;18.07.2023;16:12:29;00:00:08;250,0;17,9;19,7;18,3;19,3;20,0;0,0;968,2;9,68E2;-36,1;20,00;3,0;3,0;38,09;0,01;-0,002;0,0;0,00;0,049
10;18.07.2023;16:12:30;00:00:09;250,0;17,9;19,7;18,3;19,3;20,0;0,0;941,9;9,42E2;-60,9;20,00;3,0;3,0;38,08;0,01;0,000;0,0;0,00;0,049
11;18.07.2023;16:12:31;00:00:10;250,0;17,9;19,7;18,3;19,3;20,0;0,0;894,8;8,95E2;-111,0;20,00;3,0;3,0;38,08;0,02;0,001;0,0;0,00;0,049
12;18.07.2023;16:12:32;00:00:11;250,0;17,9;19,7;18,3;19,3;20,0;0,0;872,1;8,72E2;-132,6;20,00;3,0;3,0;38,09;0,01;0,003;0,0;0,00;0,049
13;18.07.2023;16:12:33;00:00:12;250,0;17,9;19,7;18,3;19,4;20,0;0,0;830,7;8,31E2;-175,2;20,00;3,0;3,0;38,09;0,02;0,005;0,0;0,01;0,049
14;18.07.2023;16:12:34;00:00:13;250,0;17,9;19,7;18,2;19,4;20,0;0,0;794,9;7,95E2;-212,3;20,00;3,0;3,0;38,09;0,02;0,029;0,0;0,00;0,049
15;18.07.2023;16:12:35;00:00:14;250,0;17,9;19,7;18,2;19,4;20,0;0,0;777,8;7,78E2;-228,4;20,00;3,0;3,0;38,09;0,02;0,042;0,0;0,01;0,049
16;18.07.2023;16:12:36;00:00:15;250,0;17,9;19,7;18,2;19,4;20,0;0,0;743,3;7,43E2;-264,5;20,00;3,0;2,9;38,09;0,02;0,056;0,0;0,00;0,050
17;18.07.2023;16:12:37;00:00:16;250,0;17,9;19,7;18,2;19,4;20,0;0,0;712,6;7,13E2;-293,9;20,00;3,0;3,0;38,09;0,02;0,066;0,0;0,01;0,049
18;18.07.2023;16:12:38;00:00:17;250,0;17,9;19,4;17,9;19,4;20,0;0,0;697,6;6,98E2;-308,0;20,00;3,0;3,0;38,09;0,02;0,067;0,0;0,00;0,049
19;18.07.2023;16:12:39;00:00:18;250,0;17,5;19,3;17,8;19,0;20,0;0,0;668,6;6,69E2;-337,0;20,00;3,0;3,0;38,09;0,02;0,063;0,0;0,00;0,049
20;18.07.2023;16:12:40;00:00:19;250,0;17,5;19,3;17,6;19,0;20,0;0,0;642,9;6,43E2;-364,6;20,00;3,0;3,0;38,09;0,03;0,063;0,0;0,00;0,049
21;18.07.2023;16:12:41;00:00:20;250,0;17,5;19,3;17,6;19,0;20,0;0,0;629,8;6,30E2;-376,8;20,00;3,0;2,9;38,10;0,03;0,064;0,0;0,00;0,049
22;18.07.2023;16:12:42;00:00:21;250,0;17,5;19,3;17,6;19,0;20,0;0,0;603,5;6,03E2;-404,4;20,00;3,0;3,0;38,10;0,03;0,067;0,0;0,01;0,049
23;18.07.2023;16:12:43;00:00:22;250,0;17,5;19,3;17,5;19,1;20,0;0,0;579,2;5,79E2;-426,7;20,00;3,0;3,0;38,10;0,03;0,061;0,0;0,00;0,049
24;18.07.2023;16:12:44;00:00:23;250,0;17,5;19,3;17,5;19,1;20,0;0,0;568,4;5,68E2;-439,6;20,00;3,0;3,0;38,10;0,03;0,059;0,0;0,00;0,049
25;18.07.2023;16:12:45;00:00:24;250,0;17,5;19,3;17,3;19,1;20,0;0,0;545,8;5,46E2;-460,5;20,00;3,0;3,0;38,10;0,03;0,053;0,0;0,00;0,049
26;18.07.2023;16:12:46;00:00:25;250,0;17,5;19,4;17,3;19,1;20,0;0,0;534,8;5,35E2;-472,5;20,00;3,0;2,9;38,10;0,03;0,053;0,0;0,01;0,049
27;18.07.2023;16:12:47;00:00:26;250,0;17,4;19,4;17,2;19,1;20,0;0,0;514,1;5,14E2;-492,3;20,00;3,0;3,0;38,10;0,03;0,052;0,0;0,00;0,049
28;18.07.2023;16:12:48;00:00:27;250,0;17,4;19,3;17,1;19,1;20,0;0,0;492,8;4,93E2;-514,3;20,00;3,0;3,0;38,10;0,03;0,055;0,0;0,00;0,049
29;18.07.2023;16:12:49;00:00:28;250,0;17,4;19,3;17,1;19,1;20,0;0,0;483,1;4,83E2;-523,5;20,00;3,0;3,0;38,10;0,03;0,053;0,0;0,00;0,049
30;18.07.2023;16:12:50;00:00:29;250,0;17,4;19,3;16,9;19,1;20,0;0,0;463,9;4,64E2;-541,2;20,00;3,0;3,0;38,10;0,03;0,054;0,0;0,00;0,049
31;18.07.2023;16:12:51;00:00:30;250,0;17,4;19,3;16,9;19,1;20,0;0,0;445,2;4,45E2;-541,2;20,00;3,0;3,0;38,10;0,03;0,052;0,0;0,00;0,049
32;18.07.2023;16:12:52;00:00:31;250,0;17,4;19,3;16,9;19,1;20,0;0,0;437,8;4,38E2;-541,2;20,00;3,0;3,0;38,10;0,04;0,048;0,0;0,00;0,049
33;18.07.2023;16:12:53;00:00:32;250,0;17,4;19,3;16,8;19,1;20,0;0,0;420,9;4,21E2;-541,2;20,00;3,0;3,0;38,11;0,03;0,047;0,0;0,01;0,050
34;18.07.2023;16:12:54;00:00:33;250,0;17,4;19,3;16,7;19,1;20,0;0,0;403,2;4,03E2;-541,2;20,00;3,0;3,0;38,11;0,04;0,041;0,0;0,01;0,049
35;18.07.2023;16:12:55;00:00:34;250,0;17,4;19,3;16,7;19,1;20,0;0,0;395,4;3,95E2;-541,2;20,00;3,0;3,0;38,11;0,04;0,041;0,0;0,00;0,049
36;18.07.2023;16:12:56;00:00:35;250,0;17,4;19,3;16,6;19,1;20,0;0,0;380,1;3,80E2;-541,2;20,00;3,0;3,0;38,11;0,04;0,045;0,0;0,00;0,049
37;18.07.2023;16:12:57;00:00:36;250,0;17,3;19,3;16,6;19,0;20,0;0,0;365,6;3,66E2;-541,2;20,00;3,0;3,0;38,11;0,04;0,044;0,0;0,00;0,049
38;18.07.2023;16:12:58;00:00:37;250,0;17,3;19,2;16,5;19,0;20,0;0,0;358,1;3,58E2;-541,2;20,00;3,0;3,0;38,11;0,04;0,042;0,0;0,01;0,050
39;18.07.2023;16:12:59;00:00:38;250,0;17,3;19,2;16,4;19,0;20,0;0,0;344,5;3,45E2;-541,2;20,00;3,0;3,0;38,11;0,04;0,044;0,0;0,00;0,049
40;18.07.2023;16:13:00;00:00:39;250,0;17,3;19,2;16,4;19,0;20,0;0,0;337,5;3,38E2;-541,2;20,00;3,0;3,0;38,11;0,04;0,042;0,0;0,00;0,049
41;18.07.2023;16:13:01;00:00:40;250,0;17,3;19,2;16,3;19,1;20,0;0,0;323,8;3,24E2;-541,2;20,00;3,0;3,0;38,11;0,04;0,035;0,0;0,00;0,049
42;18.07.2023;16:13:02;00:00:41;250,0;17,3;19,2;16,3;19,1;20,0;0,0;311,3;3,11E2;-541,2;20,00;3,0;3,0;38,11;0,04;0,034;0,0;0,00;0,049
43;18.07.2023;16:13:03;00:00:42;250,0;17,3;19,2;16,3;19,1;20,0;0,0;305,3;3,05E2;-541,2;20,00;3,0;3,0;38,11;0,04;0,038;0,0;0,01;0,049
44;18.07.2023;16:13:04;00:00:43;250,0;17,3;19,2;16,3;19,1;20,0;0,0;293,6;2,94E2;-541,2;20,00;3,0;3,0;38,11;0,04;0,033;0,0;0,00;0,049
45;18.07.2023;16:13:05;00:00:44;250,0;17,3;19,2;16,2;19,1;20,0;0,0;282,4;2,82E2;-541,2;20,00;3,0;3,0;38,11;0,04;0,033;0,0;0,00;0,049
46;18.07.2023;16:13:06;00:00:45;250,0;17,3;19,2;16,2;19,1;20,0;0,0;276,6;2,77E2;-541,2;20,00;3,0;3,0;38,11;0,04;0,030;0,0;0,00;0,049
47;18.07.2023;16:13:07;00:00:46;250,0;17,3;19,2;16,2;19,1;20,0;0,0;265,1;2,65E2;-541,2;20,00;3,0;3,1;38,11;0,04;0,031;0,0;0,00;0,049
48;18.07.2023;16:13:08;00:00:47;250,0;17,3;19,2;16,1;19,1;20,0;0,0;255,1;2,55E2;-541,2;20,00;3,0;3,0;38,11;0,04;0,031;0,0;0,00;0,049
49;18.07.2023;16:13:09;00:00:48;250,0;17,3;19,2;16,1;19,1;20,0;0,0;250,1;2,50E2;-541,2;20,00;3,0;3,0;38,12;0,04;0,030;0,0;0,01;0,049
50;18.07.2023;16:13:10;00:00:49;250,0;17,3;19,2;16,1;19,1;20,0;0,0;240,6;2,41E2;-541,2;20,00;3,0;3,0;38,11;0,05;0,030;0,0;0,01;0,049
51;18.07.2023;16:13:11;00:00:50;250,0;17,3;19,2;16,1;19,1;20,0;0,0;235,9;2,36E2;-541,2;20,00;3,0;3,0;38,12;0,05;0,030;0,0;0,00;0,049
52;18.07.2023;16:13:12;00:00:51;250,0;17,3;19,2;16,1;19,1;20,0;0,0;227,0;2,27E2;-541,2;20,00;3,0;3,0;38,12;0,05;0,030;0,0;0,01;0,049
53;18.07.2023;16:13:13;00:00:52;250,0;17,3;19,2;16,1;19,1;20,0;0,0;217,5;2,18E2;-541,2;20,00;3,0;3,0;38,12;0,05;0,029;0,0;0,00;0,049
54;18.07.2023;16:13:14;00:00:53;250,0;17,3;19,2;16,1;19,1;20,0;0,0;213,3;2,13E2;-541,2;20,00;3,0;3,0;38,12;0,05;0,026;0,0;0,01;0,049
55;18.07.2023;16:13:15;00:00:54;250,0;17,3;19,2;16,1;19,1;20,0;0,0;205,1;2,05E2;-541,2;20,00;3,0;3,0;38,12;0,05;0,023;0,0;0,00;0,050
56;18.07.2023;16:13:16;00:00:55;250,0;17,3;19,2;16,1;19,1;20,0;0,0;197,4;1,97E2;-541,2;20,00;3,0;3,0;38,12;0,05;0,022;0,0;0,00;0,049
57;18.07.2023;16:13:17;00:00:56;250,0;17,3;19,2;16,1;19,1;20,0;0,0;193,4;1,93E2;-541,2;20,00;3,0;2,9;38,12;0,05;0,023;0,0;0,00;0,049
58;18.07.2023;16:13:18;00:00:57;250,0;17,1;19,1;15,9;19,0;20,0;0,0;186,2;1,86E2;-541,2;20,00;3,0;3,0;38,12;0,05;0,024;0,0;0,00;0,049
59;18.07.2023;16:13:19;00:00:58;250,0;17,1;19,0;16,0;19,0;20,0;0,0;178,4;1,78E2;-541,2;20,00;3,0;3,0;38,12;0,05;0,023;0,0;0,01;0,049
60;18.07.2023;16:13:20;00:00:59;250,0;17,1;19,0;16,0;19,0;20,0;0,0;174,9;1,75E2;-541,2;20,00;3,0;3,1;38,12;0,05;0,026;0,0;0,00;0,049
61;18.07.2023;16:13:21;00:01:00;250,0;17,1;19,0;16,0;19,0;20,0;0,0;165,9;1,66E2;-541,2;20,00;3,0;3,1;38,12;0,05;0,024;0,0;0,00;0,049
62;18.07.2023;16:13:22;00:01:01;250,0;17,1;19,0;16,0;19,0;20,0;0,0;151,8;1,52E2;-541,2;20,00;3,0;3,0;38,12;0,05;0,019;0,0;0,00;0,049
63;18.07.2023;16:13:23;00:01:02;250,0;17,1;19,0;16,0;19,0;20,0;0,0;145,7;1,46E2;-541,2;20,00;3,0;3,0;38,12;0,05;0,020;0,0;0,01;0,049
64;18.07.2023;16:13:24;00:01:03;250,0;17,1;19,0;16,0;19,0;20,0;0,0;134,0;1,34E2;-541,2;20,00;3,0;3,0;38,12;0,05;0,022;0,0;0,01;0,049
65;18.07.2023;16:13:25;00:01:04;250,0;17,2;19,0;16,0;19,0;20,0;0,0;128,1;1,28E2;-541,2;20,00;3,0;3,0;38,12;0,05;0,023;0,0;0,01;0,049
66;18.07.2023;16:13:26;00:01:05;250,0;17,2;19,1;16,0;19,0;20,0;0,0;118,5;1,19E2;-541,2;20,00;3,0;3,0;38,12;0,05;0,021;0,0;0,00;0,049
67;18.07.2023;16:13:27;00:01:06;250,0;17,2;19,1;16,1;19,0;20,0;0,0;109,6;1,10E2;-541,2;20,00;3,0;3,0;38,12;0,05;0,029;0,0;0,00;0,049
68;18.07.2023;16:13:28;00:01:07;250,0;17,2;19,1;16,1;19,0;20,0;0,0;105,6;1,06E2;-541,2;20,00;3,0;2,9;38,12;0,05;0,030;0,0;0,00;0,049
69;18.07.2023;16:13:29;00:01:08;250,0;17,2;19,1;16,1;19,0;20,0;0,0;97,7;9,77E1;-541,2;20,00;3,0;3,0;38,12;0,05;0,027;0,0;0,01;0,049
70;18.07.2023;16:13:30;00:01:09;250,0;17,2;19,1;16,1;19,0;20,0;0,0;90,6;9,06E1;-541,2;20,00;3,0;3,0;38,12;0,05;0,025;0,0;0,01;0,049
71;18.07.2023;16:13:31;00:01:10;250,0;17,2;19,1;16,1;19,0;20,0;0,0;86,6;8,66E1;-541,2;20,00;3,0;3,0;38,12;0,05;0,027;0,0;0,00;0,049
72;18.07.2023;16:13:32;00:01:11;250,0;17,2;19,1;16,1;19,0;20,0;0,0;80,5;8,05E1;-541,2;20,00;3,0;3,0;38,12;0,05;0,027;0,0;0,00;0,049
73;18.07.2023;16:13:33;00:01:12;250,0;17,2;19,1;16,1;19,0;20,0;0,0;74,5;7,45E1;-541,2;20,00;3,0;3,0;38,12;0,06;0,021;0,0;0,00;0,049
74;18.07.2023;16:13:34;00:01:13;250,0;17,2;19,1;16,2;19,0;20,0;0,0;71,9;7,19E1;-541,2;20,00;3,0;3,0;38,12;0,06;0,020;0,0;0,01;0,052
75;18.07.2023;16:13:35;00:01:14;250,0;17,2;19,1;16,2;19,1;20,0;0,0;66,5;6,65E1;-541,2;20,00;3,0;3,1;38,12;0,06;0,024;0,0;0,00;0,050
76;18.07.2023;16:13:36;00:01:15;250,0;17,2;19,1;16,2;19,1;20,0;0,0;61,3;6,13E1;-541,2;20,00;3,0;3,0;38,12;0,06;0,018;0,0;0,01;0,049
77;18.07.2023;16:13:37;00:01:16;250,0;17,2;19,1;16,2;19,1;20,0;0,0;58,3;5,83E1;-541,2;20,00;3,0;3,0;38,12;0,06;0,017;0,0;0,01;0,049
78;18.07.2023;16:13:38;00:01:17;250,0;17,1;19,0;16,1;19,0;20,0;0,0;54,0;5,40E1;-541,2;20,00;3,0;3,0;38,13;0,06;0,017;0,0;0,01;0,049
79;18.07.2023;16:13:39;00:01:18;250,0;17,1;19,0;16,1;19,0;20,0;0,0;52,0;5,20E1;-541,2;20,00;3,0;3,0;38,13;0,06;0,017;0,0;0,00;0,049
80;18.07.2023;16:13:40;00:01:19;250,0;17,1;19,0;16,1;19,0;20,0;0,0;48,0;4,80E1;-541,2;20,00;3,0;3,0;38,13;0,06;0,016;0,0;0,01;0,049
81;18.07.2023;16:13:41;00:01:20;250,0;17,1;18,9;16,1;19,0;20,0;0,0;44,5;4,45E1;-541,2;20,00;3,0;3,0;38,13;0,06;0,017;0,0;0,00;0,049
82;18.07.2023;16:13:42;00:01:21;250,0;17,1;18,9;16,1;19,0;20,0;0,0;42,9;4,29E1;-541,2;20,00;3,0;3,0;38,13;0,06;0,019;0,0;0,00;0,049
83;18.07.2023;16:13:43;00:01:22;250,0;17,1;18,9;16,1;19,0;20,0;0,0;39,4;3,94E1;-541,2;20,00;3,0;3,0;38,13;0,06;0,016;0,0;0,00;0,051
84;18.07.2023;16:13:44;00:01:23;250,0;17,1;18,9;16,2;19,0;20,0;0,0;36,4;3,64E1;-541,2;20,00;3,0;3,0;38,13;0,06;0,015;0,0;0,01;0,049
85;18.07.2023;16:13:45;00:01:24;250,0;17,1;18,9;16,2;19,0;20,0;0,0;35,0;3,50E1;-541,2;20,00;3,0;3,0;38,13;0,06;0,013;0,0;0,01;0,049
86;18.07.2023;16:13:46;00:01:25;250,0;17,1;19,0;16,2;19,0;20,0;0,0;32,5;3,25E1;-541,2;20,00;3,0;3,0;38,13;0,06;0,013;0,0;0,00;0,049
87;18.07.2023;16:13:47;00:01:26;250,0;17,1;19,0;16,2;19,0;20,0;0,0;29,8;2,98E1;-541,2;20,00;3,0;3,0;38,13;0,06;0,013;0,0;0,01;0,049
88;18.07.2023;16:13:48;00:01:27;250,0;17,1;19,0;16,2;19,0;20,0;0,0;28,6;2,86E1;-541,2;20,00;3,0;3,0;38,13;0,06;0,012;0,0;0,01;0,049
89;18.07.2023;16:13:49;00:01:28;250,0;17,1;19,0;16,2;19,0;20,0;0,0;26,7;2,67E1;-541,2;20,00;3,0;3,0;38,13;0,06;0,010;0,0;0,00;0,049
90;18.07.2023;16:13:50;00:01:29;250,0;17,1;19,0;16,2;19,0;20,0;0,0;25,4;2,54E1;-541,2;20,00;3,0;3,0;38,13;0,06;0,010;0,0;0,00;0,051
91;18.07.2023;16:13:51;00:01:30;250,0;17,1;19,0;16,3;19,0;20,0;0,0;23,5;2,35E1;-541,2;20,00;3,0;3,0;38,13;0,06;0,007;0,0;0,01;0,049
92;18.07.2023;16:13:52;00:01:31;250,0;17,1;19,0;16,3;19,0;20,0;0,0;21,4;2,14E1;-541,2;20,00;3,0;3,0;38,13;0,06;0,010;0,0;0,00;0,051
93;18.07.2023;16:13:53;00:01:32;250,0;17,2;19,0;16,3;19,0;20,0;0,0;20,9;2,09E1;-541,2;20,00;3,0;3,0;38,13;0,06;0,009;0,0;0,01;0,051
94;18.07.2023;16:13:54;00:01:33;250,0;17,2;19,0;16,4;19,0;20,0;0,0;19,5;1,95E1;-541,2;20,00;3,0;3,0;38,13;0,06;0,007;0,0;0,00;0,049
95;18.07.2023;16:13:55;00:01:34;250,0;17,2;19,0;16,4;19,0;20,0;0,0;18,1;1,81E1;-541,2;20,00;3,0;2,9;38,13;0,06;0,007;0,0;0,00;0,050
96;18.07.2023;16:13:56;00:01:35;250,0;17,2;19,0;16,4;19,0;20,0;0,0;17,3;1,73E1;-541,2;20,00;3,0;3,0;38,13;0,06;0,009;0,0;0,01;0,050
97;18.07.2023;16:13:57;00:01:36;250,0;17,2;19,0;16,4;19,0;20,0;0,0;16,0;1,60E1;-541,2;20,00;3,0;3,0;38,13;0,06;0,007;0,0;0,00;0,050
98;18.07.2023;16:13:58;00:01:37;250,0;17,1;18,9;16,3;19,0;20,0;0,0;14,8;1,48E1;-541,2;20,00;3,0;3,0;38,13;0,06;0,004;0,0;0,00;0,049
99;18.07.2023;16:13:59;00:01:38;250,0;17,1;18,9;16,3;19,0;20,0;0,0;14,5;1,45E1;-541,2;20,00;3,0;3,0;38,13;0,06;0,004;0,0;0,01;0,050
100;18.07.2023;16:14:00;00:01:39;250,0;17,1;18,9;16,3;19,0;20,0;0,0;13,4;1,34E1;-541,2;20,00;3,0;3,0;38,13;0,06;0,005;0,0;0,01;0,049
101;18.07.2023;16:14:01;00:01:40;250,0;17,1;18,9;16,4;19,0;20,0;0,0;12,5;1,25E1;-541,2;20,00;3,0;2,9;38,13;0,06;0,006;0,0;0,00;0,049
102;18.07.2023;16:14:02;00:01:41;250,0;17,1;18,9;16,4;19,0;20,0;0,0;12,2;1,22E1;-541,2;20,00;3,0;3,0;38,13;0,06;0,004;0,0;0,00;0,049
103;18.07.2023;16:14:03;00:01:42;250,0;17,1;18,9;16,4;19,0;20,0;0,0;11,4;1,14E1;-541,2;20,00;3,0;3,0;38,13;0,06;0,003;0,0;0,00;0,049
104;18.07.2023;16:14:04;00:01:43;250,0;17,1;18,9;16,4;19,0;20,0;0,0;10,9;1,09E1;-541,2;20,00;3,0;3,0;38,13;0,06;0,005;0,0;0,01;0,049
105;18.07.2023;16:14:05;00:01:44;250,0;17,1;18,9;16,5;19,0;20,0;0,0;10,1;1,01E1;-541,2;20,00;3,0;3,0;38,13;0,06;0,006;0,0;0,00;0,049
106;18.07.2023;16:14:06;00:01:45;250,1;17,1;18,9;16,5;19,0;20,0;0,0;9,3;9,25E0;-541,2;20,00;3,0;3,0;38,13;0,06;0,003;0,0;0,00;0,049
107;18.07.2023;16:14:07;00:01:46;250,0;17,1;18,9;16,5;19,0;20,0;0,0;8,7;8,67E0;-541,2;20,00;3,0;3,0;38,13;0,06;0,004;0,0;0,00;0,049
108;18.07.2023;16:14:08;00:01:47;250,0;17,1;18,9;16,5;19,0;20,0;0,0;8,0;8,01E0;-541,2;20,00;3,0;3,0;38,13;0,06;0,001;0,0;0,01;0,049
109;18.07.2023;16:14:09;00:01:48;250,0;17,1;18,9;16,6;19,0;20,0;0,0;7,4;7,36E0;-541,2;20,00;3,0;3,0;38,13;0,06;0,006;0,0;0,00;0,049
110;18.07.2023;16:14:10;00:01:49;250,0;17,1;18,9;16,6;19,0;20,0;0,0;7,0;6,96E0;-541,2;20,00;3,0;2,9;38,13;0,06;0,001;0,0;0,00;0,049
111;18.07.2023;16:14:11;00:01:50;250,0;17,1;18,9;16,6;19,0;20,0;0,0;6,3;6,33E0;-541,2;20,00;3,0;3,0;38,13;0,06;0,003;0,0;0,00;0,049
112;18.07.2023;16:14:12;00:01:51;250,0;17,1;18,9;16,6;19,0;20,0;0,0;5,9;5,94E0;-541,2;20,00;3,0;2,9;38,13;0,06;-0,001;0,0;0,01;0,049
113;18.07.2023;16:14:13;00:01:52;250,0;17,1;18,9;16,6;19,0;20,0;0,0;5,8;5,78E0;-541,2;20,00;3,0;2,9;38,13;0,06;0,001;0,0;0,00;0,049
114;18.07.2023;16:14:14;00:01:53;250,0;17,1;18,9;16,7;19,0;20,0;0,0;5,1;5,13E0;-541,2;20,00;3,0;3,0;38,13;0,06;0,005;0,0;0,00;0,049
115;18.07.2023;16:14:15;00:01:54;250,0;17,2;18,9;16,7;19,0;20,0;0,0;4,9;4,87E0;-541,2;20,00;3,0;3,0;38,13;0,06;0,002;0,0;0,00;0,049
116;18.07.2023;16:14:16;00:01:55;250,0;17,2;18,9;16,7;19,0;20,0;0,0;4,6;4,59E0;-541,2;20,00;3,0;3,0;38,13;0,06;0,004;0,0;0,01;0,049
117;18.07.2023;16:14:17;00:01:56;250,0;17,2;18,9;16,7;19,1;20,0;0,0;4,3;4,28E0;-541,2;20,00;3,0;3,0;38,13;0,06;0,006;0,0;0,00;0,049
118;18.07.2023;16:14:18;00:01:57;250,0;17,2;18,9;16,7;19,1;20,0;0,0;4,1;4,10E0;-541,2;20,00;3,0;3,0;38,13;0,06;0,003;0,0;0,00;0,051
119;18.07.2023;16:14:19;00:01:58;250,0;17,1;18,8;16,6;19,0;20,0;0,0;3,8;3,79E0;-541,2;20,00;3,0;3,0;38,13;0,06;0,005;0,0;0,01;0,049
120;18.07.2023;16:14:20;00:01:59;250,0;17,1;18,8;16,6;19,0;20,0;0,0;3,5;3,46E0;-541,2;20,00;3,0;3,0;38,13;0,06;0,006;0,0;0,01;0,049
121;18.07.2023;16:14:21;00:02:00;250,0;17,1;18,8;16,7;19,0;20,0;0,0;3,3;3,34E0;-541,2;20,00;3,0;2,9;38,13;0,06;0,004;0,0;0,01;0,049
122;18.07.2023;16:14:22;00:02:01;250,0;17,1;18,9;16,7;19,0;20,0;0,0;3,1;3,13E0;-541,2;20,00;3,0;3,0;38,13;0,06;0,005;0,0;0,00;0,049
123;18.07.2023;16:14:23;00:02:02;250,0;17,1;18,9;16,7;19,0;20,0;0,0;2,9;2,90E0;-541,2;20,00;3,0;3,0;38,13;0,06;0,003;0,0;0,00;0,049
124;18.07.2023;16:14:24;00:02:03;250,0;17,1;18,9;16,7;19,0;20,0;0,0;2,9;2,87E0;-541,2;20,00;3,0;3,0;38,13;0,06;0,005;0,0;0,01;0,049
125;18.07.2023;16:14:25;00:02:04;250,0;17,1;18,9;16,8;19,0;20,0;0,0;2,7;2,68E0;-541,2;20,00;3,0;3,0;38,13;0,06;0,006;0,0;0,00;0,049
126;18.07.2023;16:14:26;00:02:05;250,0;17,1;18,9;16,8;19,0;20,0;0,0;2,5;2,49E0;-541,2;20,00;3,0;3,0;38,13;0,06;0,005;0,0;0,00;0,049
127;18.07.2023;16:14:27;00:02:06;250,0;17,1;18,9;16,8;19,0;20,0;0,0;2,4;2,41E0;-541,2;20,00;3,0;3,0;38,13;0,06;0,006;0,0;0,01;0,049
128;18.07.2023;16:14:28;00:02:07;250,0;17,1;18,9;16,8;19,0;20,0;0,0;2,3;2,27E0;-541,2;20,00;3,0;3,0;38,13;0,06;0,006;0,0;0,00;0,049
129;18.07.2023;16:14:29;00:02:08;250,0;17,1;18,9;16,8;19,0;20,0;0,0;2,2;2,20E0;-541,2;20,00;3,0;3,0;38,13;0,06;0,004;0,0;0,01;0,049
130;18.07.2023;16:14:30;00:02:09;250,0;17,1;18,9;16,8;19,0;20,0;0,0;2,0;2,04E0;-541,2;20,00;3,0;3,0;38,13;0,06;0,004;0,0;0,00;0,049
131;18.07.2023;16:14:31;00:02:10;250,0;17,2;18,9;16,8;19,0;20,0;0,0;1,9;1,94E0;-541,2;20,00;3,0;3,0;38,13;0,06;0,003;0,0;0,01;0,049
132;18.07.2023;16:14:32;00:02:11;250,0;17,2;18,9;16,8;19,0;20,0;0,0;1,8;1,84E0;-541,2;20,00;3,0;3,0;38,13;0,06;0,004;0,0;0,00;0,049
133;18.07.2023;16:14:33;00:02:12;250,0;17,2;18,9;16,9;19,0;20,0;0,0;1,8;1,81E0;-541,2;20,00;3,0;3,0;38,13;0,06;0,004;0,0;0,01;0,049
134;18.07.2023;16:14:34;00:02:13;250,0;17,2;18,9;16,9;19,0;20,0;0,0;1,7;1,73E0;-541,2;20,00;3,0;3,0;38,13;0,06;0,004;0,0;0,01;0,049
135;18.07.2023;16:14:35;00:02:14;250,0;17,2;18,9;16,9;19,0;20,0;0,0;1,7;1,65E0;-541,2;20,00;3,0;3,1;38,13;0,06;0,007;0,0;0,00;0,049
136;18.07.2023;16:14:36;00:02:15;250,0;17,2;18,9;16,9;19,0;20,0;0,0;1,6;1,59E0;-541,2;20,00;3,0;3,0;38,13;0,06;0,005;0,0;0,00;0,049
137;18.07.2023;16:14:37;00:02:16;250,0;17,2;18,9;16,9;19,0;20,0;0,0;1,6;1,56E0;-541,2;20,00;3,0;3,1;38,13;0,06;0,006;0,0;0,00;0,049
138;18.07.2023;16:14:38;00:02:17;250,0;17,2;18,9;17,0;19,1;20,0;0,0;1,5;1,49E0;-541,2;20,00;3,0;3,0;38,13;0,06;0,002;0,0;0,00;0,049
139;18.07.2023;16:14:39;00:02:18;250,0;17,2;18,9;17,0;19,1;20,0;0,0;1,4;1,40E0;-541,2;20,00;3,0;3,0;38,13;0,06;0,000;0,0;0,00;0,049
140;18.07.2023;16:14:40;00:02:19;250,0;17,2;18,9;17,0;19,1;20,0;0,0;1,3;1,31E0;-541,2;20,00;3,0;3,0;38,13;0,06;0,000;0,0;0,00;0,049
141;18.07.2023;16:14:41;00:02:20;250,0;17,2;18,9;17,0;19,1;20,0;0,0;1,3;1,30E0;-541,2;20,00;3,0;3,0;38,13;0,06;0,000;0,0;0,00;0,049
142;18.07.2023;16:14:42;00:02:21;250,0;17,2;18,9;17,0;19,1;20,0;0,0;1,2;1,23E0;-541,2;20,00;3,0;3,0;38,13;0,06;0,004;0,0;0,00;0,049
143;18.07.2023;16:14:43;00:02:22;250,0;17,2;18,9;17,0;19,1;20,0;0,0;1,2;1,23E0;-541,2;20,00;3,0;3,0;38,13;0,06;0,005;0,0;0,00;0,049
144;18.07.2023;16:14:44;00:02:23;250,0;17,2;18,9;17,0;19,1;20,0;0,0;1,2;1,15E0;-541,2;20,00;3,0;3,1;38,13;0,06;0,002;0,0;0,01;0,049
145;18.07.2023;16:14:45;00:02:24;250,0;17,3;18,9;17,1;19,1;20,0;0,0;1,1;1,11E0;-541,2;20,00;3,0;3,0;38,13;0,06;0,000;0,0;0,00;0,049
146;18.07.2023;16:14:46;00:02:25;250,0;17,3;18,9;17,1;19,1;20,0;0,0;1,0;9,93E-1;-541,2;20,00;3,0;2,9;38,13;0,06;0,000;0,0;0,00;0,049
147;18.07.2023;16:14:47;00:02:26;250,0;17,3;18,9;17,1;19,1;20,0;0,0;1,0;9,57E-1;-541,2;20,00;3,0;3,0;38,13;0,06;0,001;0,0;0,00;0,049
148;18.07.2023;16:14:48;00:02:27;250,0;17,3;18,9;17,1;19,1;20,0;0,0;0,9;9,19E-1;-541,2;20,00;3,0;3,0;38,13;0,06;0,002;0,0;0,00;0,054
149;18.07.2023;16:14:49;00:02:28;250,0;17,3;18,9;17,1;19,1;20,0;0,0;0,9;9,02E-1;-541,2;20,00;3,0;3,0;38,13;0,06;0,003;0,0;0,01;0,054
150;18.07.2023;16:14:50;00:02:29;250,0;17,3;18,9;17,1;19,1;20,0;0,0;0,9;8,84E-1;-541,2;20,00;3,0;3,0;38,13;0,06;0,004;0,0;0,01;0,050
151;18.07.2023;16:14:51;00:02:30;250,0;17,3;18,9;17,1;19,1;20,0;0,0;0,8;8,44E-1;-541,2;20,00;3,0;2,9;38,13;0,06;0,002;0,0;0,01;0,049
152;18.07.2023;16:14:52;00:02:31;250,0;17,3;18,9;17,1;19,1;20,0;0,0;0,8;8,26E-1;-541,2;20,00;3,0;2,9;38,13;0,06;0,000;0,0;0,01;0,049
153;18.07.2023;16:14:53;00:02:32;250,0;17,3;18,9;17,2;19,1;20,0;0,0;0,8;7,90E-1;-541,2;20,00;3,0;2,9;38,13;0,06;-0,001;0,0;0,00;0,049
154;18.07.2023;16:14:54;00:02:33;250,0;17,3;18,9;17,2;19,1;20,0;0,0;0,8;7,60E-1;-541,2;20,00;3,0;3,0;38,13;0,06;0,001;0,0;0,01;0,051
155;18.07.2023;16:14:55;00:02:34;250,0;17,3;18,9;17,2;19,1;20,0;0,0;0,7;7,47E-1;-541,2;20,00;3,0;3,0;38,13;0,06;-0,001;0,0;0,01;0,049
156;18.07.2023;16:14:56;00:02:35;250,0;17,3;19,0;17,2;19,1;20,0;0,0;0,7;7,20E-1;-541,2;20,00;3,0;3,0;38,13;0,06;-0,001;0,0;0,01;0,051
157;18.07.2023;16:14:57;00:02:36;250,0;17,3;19,0;17,2;19,1;20,0;0,0;0,7;6,91E-1;-541,2;20,00;3,0;3,0;38,13;0,06;0,002;0,0;0,01;0,049
158;18.07.2023;16:14:58;00:02:37;250,0;17,3;19,0;17,2;19,1;20,0;0,0;0,7;6,77E-1;-541,2;20,00;3,0;2,9;38,13;0,06;0,000;0,0;0,01;0,049
159;18.07.2023;16:14:59;00:02:38;250,0;17,2;18,9;17,1;19,1;20,0;0,0;0,7;6,52E-1;-541,2;20,00;3,0;2,9;38,13;0,06;0,000;0,0;0,00;0,049
160;18.07.2023;16:15:00;00:02:39;250,0;17,2;18,9;17,2;19,1;20,0;0,0;0,6;6,27E-1;-541,2;20,00;3,0;3,0;38,13;0,06;0,001;0,0;0,00;0,049
161;18.07.2023;16:15:01;00:02:40;250,0;17,2;18,9;17,2;19,1;20,0;0,0;0,6;6,15E-1;-541,2;20,00;3,0;3,0;38,13;0,06;0,002;0,0;0,00;0,049
162;18.07.2023;16:15:02;00:02:41;250,0;17,2;18,9;17,2;19,1;20,0;0,0;0,6;5,90E-1;-541,2;20,00;3,0;3,0;38,13;0,06;-0,001;0,0;0,01;0,049
163;18.07.2023;16:15:03;00:02:42;250,0;17,2;18,9;17,2;19,1;20,0;0,0;0,6;5,75E-1;-541,2;20,00;3,0;3,0;38,13;0,06;0,001;0,0;0,00;0,049
164;18.07.2023;16:15:04;00:02:43;250,0;17,3;18,9;17,2;19,1;20,0;0,0;0,6;5,53E-1;-541,2;20,00;3,0;3,1;38,13;0,06;0,005;0,0;0,00;0,049
165;18.07.2023;16:15:05;00:02:44;250,0;17,3;18,9;17,2;19,1;20,0;0,0;0,5;5,30E-1;-541,2;20,00;3,0;3,0;38,13;0,06;0,000;0,0;0,01;0,049
166;18.07.2023;16:15:06;00:02:45;250,0;17,3;18,9;17,2;19,1;20,0;0,0;0,5;5,21E-1;-541,2;20,00;3,0;2,9;38,13;0,06;-0,002;0,0;0,00;0,049
167;18.07.2023;16:15:07;00:02:46;250,0;17,3;18,9;17,2;19,1;20,0;0,0;0,5;5,04E-1;-541,2;20,00;3,0;3,0;38,13;0,06;-0,002;0,0;0,00;0,049
168;18.07.2023;16:15:08;00:02:47;250,0;17,3;18,9;17,2;19,1;20,0;0,0;0,5;4,88E-1;-541,2;20,00;3,0;3,0;38,13;0,06;0,000;0,0;0,01;0,049
169;18.07.2023;16:15:09;00:02:48;250,0;17,3;18,9;17,2;19,1;20,0;0,0;0,5;4,79E-1;-541,2;20,00;3,0;3,0;38,13;0,06;0,000;0,0;0,00;0,049
170;18.07.2023;16:15:10;00:02:49;250,0;17,3;18,9;17,2;19,1;20,0;0,0;0,5;4,63E-1;-541,2;20,00;3,0;3,0;38,13;0,06;0,001;0,0;0,00;0,049
171;18.07.2023;16:15:11;00:02:50;250,0;17,3;18,9;17,3;19,1;20,0;0,0;0,4;4,48E-1;-541,2;20,00;3,0;3,0;38,13;0,06;-0,002;0,0;0,00;0,049
172;18.07.2023;16:15:12;00:02:51;250,0;17,3;18,9;17,3;19,1;20,0;0,0;0,4;4,41E-1;-541,2;20,00;3,0;3,0;38,13;0,06;-0,001;0,0;0,00;0,049
173;18.07.2023;16:15:13;00:02:52;250,0;17,3;18,9;17,3;19,1;20,0;0,0;0,4;4,27E-1;-541,2;20,00;3,0;2,9;38,13;0,06;-0,001;0,0;0,00;0,049
174;18.07.2023;16:15:14;00:02:53;250,0;17,3;18,9;17,3;19,1;20,0;0,0;0,4;4,21E-1;-541,2;20,00;3,0;2,9;38,13;0,06;-0,002;0,0;0,01;0,049
175;18.07.2023;16:15:15;00:02:54;250,0;17,3;18,9;17,3;19,1;20,0;0,0;0,4;4,06E-1;-541,2;20,00;3,0;2,9;38,13;0,06;-0,003;0,0;0,01;0,049
176;18.07.2023;16:15:16;00:02:55;250,0;17,3;18,9;17,3;19,1;20,0;0,0;0,4;3,93E-1;-541,2;20,00;3,0;3,0;38,13;0,06;0,001;0,0;0,00;0,049
177;18.07.2023;16:15:17;00:02:56;250,0;17,3;18,9;17,3;19,1;20,0;0,0;0,4;3,87E-1;-541,2;20,00;3,0;3,0;38,13;0,06;0,001;0,0;0,00;0,049
178;18.07.2023;16:15:18;00:02:57;250,0;17,3;18,9;17,3;19,1;20,8;0,3;0,4;3,74E-1;-541,2;20,00;3,0;3,0;38,13;0,06;0,002;0,0;0,01;0,049
179;18.07.2023;16:15:19;00:02:58;250,0;17,2;18,8;17,2;19,1;22,2;0,4;0,4;3,63E-1;-541,2;20,00;3,0;3,0;38,13;0,06;-0,001;0,0;0,00;0,049
180;18.07.2023;16:15:20;00:02:59;250,0;17,3;18,8;17,3;19,1;22,9;0,5;0,4;3,58E-1;-541,2;20,00;3,0;3,0;38,13;0,06;0,001;0,0;0,01;0,049
181;18.07.2023;16:15:21;00:03:00;250,0;17,3;18,8;17,3;19,1;24,4;0,6;0,3;3,49E-1;-541,2;20,00;3,0;3,0;38,13;0,06;0,000;0,0;0,00;0,049
182;18.07.2023;16:15:22;00:03:01;250,0;17,3;18,8;17,3;19,1;25,8;0,8;0,3;3,40E-1;-541,2;20,00;3,0;3,0;38,13;0,06;0,001;0,0;0,00;0,049
183;18.07.2023;16:15:23;00:03:02;250,0;17,3;18,8;17,3;19,1;26,5;0,8;0,3;3,36E-1;-541,2;20,00;3,0;3,0;38,13;0,06;0,000;0,0;0,00;0,049
184;18.07.2023;16:15:24;00:03:03;250,0;17,3;18,8;17,3;19,1;27,9;1,0;0,3;3,27E-1;-541,2;20,00;3,0;3,0;38,13;0,06;-0,003;0,0;0,01;0,049
185;18.07.2023;16:15:25;00:03:04;250,0;17,3;18,8;17,3;19,1;29,3;1,1;0,3;3,20E-1;-541,2;20,00;3,0;3,0;38,13;0,06;0,001;0,0;0,01;0,049
186;18.07.2023;16:15:26;00:03:05;250,0;17,3;18,8;17,3;19,1;30,0;1,2;0,3;3,16E-1;-541,2;20,00;3,0;3,0;38,13;0,06;0,000;0,0;0,00;0,049
187;18.07.2023;16:15:27;00:03:06;250,0;17,3;18,8;17,3;19,1;31,5;1,3;0,3;3,08E-1;-541,2;20,00;3,0;3,0;38,13;0,06;0,001;0,0;0,00;0,049
188;18.07.2023;16:15:28;00:03:07;250,0;17,3;18,8;17,3;19,1;32,2;1,4;0,3;3,04E-1;-541,2;20,00;3,0;3,0;38,13;0,06;0,000;0,0;0,00;0,049
189;18.07.2023;16:15:29;00:03:08;250,0;17,3;18,8;17,3;19,1;33,6;1,5;0,3;2,97E-1;-541,2;20,00;3,0;3,1;38,13;0,06;0,000;0,0;0,00;0,049
190;18.07.2023;16:15:30;00:03:09;250,0;17,3;18,8;17,3;19,1;35,0;1,7;0,3;2,91E-1;-541,2;20,00;3,0;3,0;38,13;0,06;0,000;0,0;0,00;0,049
191;18.07.2023;16:15:31;00:03:10;250,0;17,3;18,8;17,4;19,1;35,7;1,7;0,3;2,88E-1;-541,2;20,00;3,0;3,0;38,13;0,06;-0,001;0,0;0,00;0,049
192;18.07.2023;16:15:32;00:03:11;250,0;17,3;18,8;17,4;19,1;37,1;1,9;0,3;2,81E-1;-541,2;20,00;3,0;3,0;38,13;0,06;0,000;0,0;0,01;0,049
193;18.07.2023;16:15:33;00:03:12;250,0;17,3;18,8;17,4;19,2;38,7;2,0;0,3;2,75E-1;-541,2;20,00;3,0;3,1;38,13;0,06;0,005;0,0;0,00;0,049
194;18.07.2023;16:15:34;00:03:13;250,0;17,3;18,8;17,4;19,2;39,4;2,1;0,3;2,72E-1;-541,2;20,00;3,0;3,1;38,13;0,06;0,002;0,0;0,01;0,049
195;18.07.2023;16:15:35;00:03:14;250,0;17,3;18,8;17,4;19,2;40,8;2,2;0,3;2,66E-1;-541,2;20,00;3,0;2,9;38,13;0,06;0,000;0,0;0,01;0,049
196;18.07.2023;16:15:36;00:03:15;250,0;17,3;18,8;17,4;19,2;42,2;2,4;0,3;2,60E-1;-541,2;20,00;3,0;3,0;38,13;0,06;0,001;0,0;0,01;0,049
197;18.07.2023;16:15:37;00:03:16;250,0;17,3;18,8;17,4;19,2;42,9;2,5;0,3;2,58E-1;-541,2;20,00;3,0;3,0;38,13;0,06;0,000;0,0;0,01;0,049
198;18.07.2023;16:15:38;00:03:17;250,0;17,3;18,8;17,4;19,1;44,3;2,6;0,3;2,52E-1;-541,2;20,00;3,0;3,1;38,13;0,06;0,003;0,0;0,00;0,049
199;18.07.2023;16:15:39;00:03:18;250,0;17,3;18,8;17,4;19,1;45,8;2,8;0,2;2,47E-1;-541,2;20,00;3,0;3,0;38,13;0,06;0,002;0,0;0,00;0,049
200;18.07.2023;16:15:40;00:03:19;250,0;17,3;18,8;17,4;19,1;46,5;2,8;0,2;2,45E-1;-541,2;20,00;3,0;3,0;38,13;0,06;0,001;0,0;0,01;0,049
201;18.07.2023;16:15:41;00:03:20;250,0;17,3;18,8;17,4;19,1;47,9;3,0;0,2;2,41E-1;-541,2;20,00;3,0;2,9;38,13;0,06;0,002;0,0;0,01;0,049
202;18.07.2023;16:15:42;00:03:21;250,0;17,3;18,8;17,4;19,1;48,6;3,1;0,2;2,39E-1;-541,2;20,00;3,0;3,0;38,13;0,06;0,000;0,0;0,00;0,049
203;18.07.2023;16:15:43;00:03:22;250,0;17,3;18,8;17,4;19,1;50,0;3,2;0,2;2,35E-1;-541,2;20,00;3,0;3,0;38,13;0,06;0,000;0,0;0,00;0,049
204;18.07.2023;16:15:44;00:03:23;250,0;17,3;18,8;17,4;19,1;51,4;3,4;0,2;2,31E-1;-541,2;20,00;3,0;3,0;38,13;0,06;0,001;0,0;0,01;0,049
205;18.07.2023;16:15:45;00:03:24;250,0;17,3;18,8;17,4;19,1;52,2;3,5;0,2;2,29E-1;-541,2;20,00;3,0;3,0;38,13;0,06;0,004;0,0;0,00;0,049
206;18.07.2023;16:15:46;00:03:25;250,0;17,3;18,8;17,4;19,1;53,6;3,6;0,2;2,26E-1;-541,2;20,00;3,0;3,0;38,13;0,06;0,003;0,0;0,01;0,049
207;18.07.2023;16:15:47;00:03:26;250,0;17,3;18,8;17,4;19,1;55,0;3,8;0,2;2,23E-1;-541,2;20,00;3,0;3,0;38,13;0,06;0,002;0,0;0,00;0,049
208;18.07.2023;16:15:48;00:03:27;250,0;17,3;18,8;17,4;19,1;55,7;3,9;0,2;2,21E-1;-541,2;20,00;3,0;3,0;38,13;0,06;0,001;0,0;0,00;0,049
209;18.07.2023;16:15:49;00:03:28;250,0;17,3;18,8;17,4;19,1;57,1;4,0;0,2;2,18E-1;-541,2;20,00;3,0;3,0;38,13;0,06;0,002;0,0;0,00;0,049
210;18.07.2023;16:15:50;00:03:29;250,0;17,3;18,8;17,4;19,1;58,5;4,2;0,2;2,15E-1;-541,2;20,00;3,0;3,0;38,13;0,06;0,002;0,0;0,00;0,049
211;18.07.2023;16:15:51;00:03:30;250,0;17,3;18,8;17,4;19,1;59,3;4,3;0,2;2,13E-1;-541,2;20,00;3,0;3,0;38,13;0,06;0,001;0,0;0,01;0,049
212;18.07.2023;16:15:52;00:03:31;250,0;17,3;18,8;17,4;19,1;60,7;4,4;0,2;2,10E-1;-541,2;20,00;3,0;3,1;38,13;0,06;0,004;0,0;0,01;0,049
213;18.07.2023;16:15:53;00:03:32;250,0;17,3;18,8;17,4;19,1;61,4;4,5;0,2;2,08E-1;-541,2;20,00;3,0;3,0;38,13;0,06;0,001;0,0;0,01;0,049
214;18.07.2023;16:15:54;00:03:33;250,0;17,3;18,8;17,4;19,2;62,8;4,7;0,2;2,05E-1;-541,2;20,00;3,0;3,1;38,13;0,06;0,002;0,0;0,00;0,049
215;18.07.2023;16:15:55;00:03:34;250,0;17,3;18,8;17,5;19,2;64,2;4,8;0,2;2,03E-1;-541,2;20,00;3,0;3,0;38,13;0,06;0,002;0,0;0,00;0,049
216;18.07.2023;16:15:56;00:03:35;250,0;17,3;18,8;17,5;19,2;64,9;4,9;0,2;2,02E-1;-541,2;20,00;3,0;2,9;38,13;0,06;0,000;0,0;0,00;0,049
217;18.07.2023;16:15:57;00:03:36;250,0;17,3;18,8;17,5;19,2;66,4;5,1;0,2;1,99E-1;-541,2;20,00;3,0;3,1;38,13;0,06;0,004;0,0;0,00;0,049
218;18.07.2023;16:15:58;00:03:37;250,0;17,3;18,8;17,5;19,1;67,8;5,3;0,2;1,96E-1;-541,2;20,00;3,0;3,0;38,13;0,06;0,004;0,0;0,00;0,049
219;18.07.2023;16:15:59;00:03:38;250,0;17,3;18,8;17,4;19,1;68,5;5,4;0,2;1,95E-1;-541,2;20,00;3,0;3,0;38,13;0,06;0,000;0,0;0,00;0,049
220;18.07.2023;16:16:00;00:03:39;250,0;17,3;18,8;17,4;19,1;69,9;5,5;0,2;1,92E-1;-541,2;20,00;3,0;3,0;38,13;0,06;0,003;0,0;0,00;0,049
221;18.07.2023;16:16:01;00:03:40;250,0;17,3;18,8;17,5;19,1;71,3;5,7;0,2;1,90E-1;-541,2;20,00;3,0;3,0;38,13;0,06;0,000;0,0;0,01;0,049
222;18.07.2023;16:16:02;00:03:41;250,0;17,3;18,8;17,5;19,2;72,0;5,8;0,2;1,89E-1;-541,2;20,00;3,0;3,0;38,13;0,06;0,002;0,0;0,00;0,049
223;18.07.2023;16:16:03;00:03:42;250,0;17,3;18,8;17,5;19,1;73,5;6,0;0,2;1,86E-1;-541,2;20,00;3,0;3,0;38,13;0,06;0,001;0,0;0,00;0,049
224;18.07.2023;16:16:04;00:03:43;250,0;17,3;18,8;17,5;19,1;74,9;6,2;0,2;1,84E-1;-541,2;20,00;3,0;3,0;38,13;0,06;0,002;0,0;0,01;0,049
225;18.07.2023;16:16:05;00:03:44;250,0;17,3;18,8;17,5;19,1;75,6;6,2;0,2;1,83E-1;-541,2;20,00;3,0;3,0;38,13;0,06;0,002;0,0;0,00;0,049
226;18.07.2023;16:16:06;00:03:45;250,0;17,3;18,8;17,5;19,1;77,0;6,4;0,2;1,80E-1;-541,2;20,00;3,0;3,1;38,13;0,06;0,001;0,0;0,01;0,049
227;18.07.2023;16:16:07;00:03:46;250,0;17,3;18,8;17,5;19,1;77,7;6,5;0,2;1,79E-1;-541,2;20,00;3,0;3,0;38,13;0,06;-0,002;0,0;0,00;0,049
228;18.07.2023;16:16:08;00:03:47;250,0;17,3;18,8;17,5;19,2;79,1;6,7;0,2;1,77E-1;-541,2;20,00;3,0;3,1;38,13;0,06;0,000;0,0;0,00;0,049
229;18.07.2023;16:16:09;00:03:48;250,0;17,3;18,8;17,5;19,2;80,7;6,9;0,2;1,75E-1;-541,2;20,00;3,0;3,0;38,13;0,06;0,003;0,0;0,01;0,049
230;18.07.2023;16:16:10;00:03:49;250,0;17,3;18,8;17,5;19,2;81,4;7,0;0,2;1,74E-1;-541,2;20,00;3,0;3,0;38,13;0,06;0,003;0,0;0,01;0,049
231;18.07.2023;16:16:11;00:03:50;250,0;17,3;18,8;17,5;19,2;82,8;7,1;0,2;1,72E-1;-541,2;20,00;3,0;3,0;38,13;0,06;0,001;0,0;0,01;0,049
232;18.07.2023;16:16:12;00:03:51;250,0;17,3;18,8;17,5;19,2;84,2;7,3;0,2;1,70E-1;-541,2;20,00;3,0;3,0;38,13;0,06;-0,002;0,0;0,01;0,049
233;18.07.2023;16:16:13;00:03:52;250,0;17,3;18,8;17,5;19,2;84,9;7,4;0,2;1,69E-1;-541,2;20,00;3,0;3,0;38,13;0,06;-0,001;0,0;0,00;0,049
234;18.07.2023;16:16:14;00:03:53;250,0;17,3;18,8;17,5;19,2;86,3;7,6;0,2;1,67E-1;-541,2;20,00;3,0;3,0;38,13;0,06;-0,002;0,0;0,00;0,049
235;18.07.2023;16:16:15;00:03:54;250,0;17,3;18,8;17,5;19,2;87,8;7,8;0,2;1,66E-1;-541,2;20,00;3,0;3,1;38,13;0,06;-0,002;0,0;0,00;0,049
236;18.07.2023;16:16:16;00:03:55;250,0;17,3;18,8;17,5;19,2;88,5;7,9;0,2;1,65E-1;-541,2;20,00;3,0;3,1;38,13;0,06;0,000;0,0;0,00;0,049
237;18.07.2023;16:16:17;00:03:56;250,0;17,3;18,8;17,5;19,2;89,9;8,1;0,2;1,64E-1;-541,2;20,00;3,0;3,1;38,13;0,06;-0,001;0,0;0,01;0,049
238;18.07.2023;16:16:18;00:03:57;250,0;17,3;18,8;17,5;19,2;91,3;8,3;0,2;1,62E-1;-541,2;20,00;3,0;3,1;38,13;0,06;-0,003;0,0;0,01;0,049
239;18.07.2023;16:16:19;00:03:58;250,0;17,4;18,8;17,6;19,2;92,0;8,4;0,2;1,61E-1;-541,2;20,00;3,0;3,1;38,13;0,06;-0,003;0,0;0,00;0,049
240;18.07.2023;16:16:20;00:03:59;250,0;17,4;18,8;17,6;19,2;93,4;8,6;0,2;1,60E-1;-541,2;20,00;3,0;3,0;38,13;0,06;-0,003;0,0;0,00;0,049
241;18.07.2023;16:16:21;00:04:00;250,0;17,4;18,8;17,6;19,2;94,1;8,7;0,2;1,59E-1;-541,2;20,00;3,0;3,0;38,13;0,06;-0,003;0,0;0,00;0,049
242;18.07.2023;16:16:22;00:04:01;250,0;17,4;18,8;17,6;19,2;95,6;8,9;0,2;1,58E-1;-541,2;20,00;3,0;3,0;38,13;0,06;-0,002;0,0;0,00;0,049
243;18.07.2023;16:16:23;00:04:02;250,0;17,4;18,8;17,6;19,2;97,0;9,1;0,2;1,56E-1;-541,2;20,00;3,0;3,0;38,13;0,06;-0,004;0,0;0,00;0,049
244;18.07.2023;16:16:24;00:04:03;250,0;17,4;18,8;17,6;19,2;97,7;9,2;0,2;1,56E-1;-541,2;20,00;3,0;3,0;38,13;0,06;-0,004;0,0;0,01;0,049
245;18.07.2023;16:16:25;00:04:04;250,0;17,4;18,8;17,6;19,2;99,1;9,4;0,2;1,54E-1;-541,2;20,00;3,0;3,0;38,13;0,06;-0,002;0,0;0,01;0,049
246;18.07.2023;16:16:26;00:04:05;250,0;17,4;18,8;17,6;19,2;100,5;9,6;0,2;1,53E-1;-541,2;20,00;3,0;3,0;38,13;0,06;0,000;0,0;0,01;0,049
247;18.07.2023;16:16:27;00:04:06;250,0;17,4;18,8;17,6;19,2;101,2;9,7;0,2;1,53E-1;-541,2;20,00;3,0;3,0;38,13;0,06;0,000;0,0;0,00;0,049
248;18.07.2023;16:16:28;00:04:07;250,0;17,4;18,8;17,6;19,2;102,7;9,9;0,2;1,52E-1;-541,2;20,00;3,0;3,0;38,13;0,06;0,001;0,0;0,01;0,049
249;18.07.2023;16:16:29;00:04:08;250,0;17,4;18,8;17,6;19,2;104,1;10,1;0,2;1,50E-1;-541,2;20,00;3,0;2,9;38,13;0,06;-0,001;0,0;0,01;0,049
250;18.07.2023;16:16:30;00:04:09;250,0;17,4;18,8;17,6;19,2;104,8;10,2;0,1;1,50E-1;-541,2;20,00;3,0;3,0;38,13;0,06;-0,001;0,0;0,01;0,049
251;18.07.2023;16:16:31;00:04:10;250,0;17,4;18,8;17,6;19,2;106,2;10,4;0,1;1,48E-1;-541,2;20,00;3,0;3,0;38,13;0,06;0,005;0,0;0,00;0,049
252;18.07.2023;16:16:32;00:04:11;250,0;17,4;18,8;17,6;19,2;106,9;10,5;0,1;1,48E-1;-541,2;20,00;3,0;3,0;38,13;0,06;0,004;0,0;0,00;0,049
253;18.07.2023;16:16:33;00:04:12;250,0;17,4;18,8;17,6;19,2;108,3;10,7;0,1;1,47E-1;-541,2;20,00;3,0;3,0;38,13;0,06;0,001;0,0;0,00;0,049
254;18.07.2023;16:16:34;00:04:13;250,0;17,4;18,8;17,6;19,2;109,8;10,9;0,1;1,46E-1;-541,2;20,00;3,0;3,0;38,13;0,06;0,002;0,0;0,01;0,049
255;18.07.2023;16:16:35;00:04:14;250,0;17,4;18,8;17,6;19,2;110,5;11,0;0,1;1,45E-1;-541,2;20,00;3,0;2,9;38,13;0,06;0,001;0,0;0,01;0,049
256;18.07.2023;16:16:36;00:04:15;250,0;17,4;18,8;17,6;19,2;111,9;11,2;0,1;1,44E-1;-541,2;20,00;3,0;2,9;38,13;0,06;0,000;0,0;0,01;0,049
257;18.07.2023;16:16:37;00:04:16;250,0;17,4;18,8;17,6;19,2;113,3;11,4;0,1;1,43E-1;-541,2;20,00;3,0;3,0;38,13;0,06;0,002;0,0;0,00;0,049
258;18.07.2023;16:16:38;00:04:17;250,0;17,3;18,8;17,6;19,2;114,0;11,5;0,1;1,42E-1;-541,2;20,00;3,0;3,0;38,13;0,06;0,002;0,0;0,00;0,049
259;18.07.2023;16:16:39;00:04:18;250,0;17,3;18,7;17,5;19,2;115,4;11,7;0,1;1,41E-1;-541,2;20,00;3,0;2,9;38,13;0,06;0,001;0,0;0,00;0,049
260;18.07.2023;16:16:40;00:04:19;250,0;17,3;18,7;17,5;19,2;116,9;12,0;0,1;1,40E-1;-541,2;20,00;3,0;3,0;38,13;0,06;0,004;0,0;0,01;0,049
261;18.07.2023;16:16:41;00:04:20;250,0;17,3;18,7;17,5;19,2;117,6;12,1;0,1;1,40E-1;-541,2;20,00;3,0;3,0;38,13;0,06;0,000;0,0;0,00;0,049
262;18.07.2023;16:16:42;00:04:21;250,0;17,3;18,7;17,5;19,2;119,0;12,3;0,1;1,38E-1;-541,2;20,00;3,0;2,9;38,13;0,06;-0,001;0,0;0,00;0,049
263;18.07.2023;16:16:43;00:04:22;250,0;17,3;18,7;17,5;19,2;120,4;12,5;0,1;1,37E-1;-541,2;20,00;3,0;3,0;38,13;0,06;0,002;0,0;0,01;0,049
264;18.07.2023;16:16:44;00:04:23;250,0;17,3;18,7;17,5;19,2;121,1;12,6;0,1;1,37E-1;-541,2;20,00;3,0;3,0;38,13;0,06;0,004;0,0;0,00;0,050
265;18.07.2023;16:16:45;00:04:24;250,0;17,3;18,7;17,6;19,2;122,5;12,8;0,1;1,36E-1;-541,2;20,00;3,0;3,0;38,13;0,06;0,006;0,0;0,00;0,049
266;18.07.2023;16:16:46;00:04:25;250,0;17,3;18,7;17,6;19,2;123,4;13,0;0,1;1,35E-1;-541,2;20,00;3,0;3,0;38,13;0,06;0,006;0,0;0,01;0,049
267;18.07.2023;16:16:47;00:04:26;250,0;17,3;18,7;17,6;19,2;124,8;13,2;0,1;1,34E-1;-541,2;20,00;3,0;3,0;38,13;0,06;0,007;0,0;0,01;0,049
268;18.07.2023;16:16:48;00:04:27;250,1;17,3;18,8;17,6;19,2;126,2;13,4;0,1;1,34E-1;-541,2;20,00;3,0;3,0;38,13;0,07;0,011;1,2;3,83;0,319
269;18.07.2023;16:16:49;00:04:28;250,1;17,3;18,8;17,6;19,2;126,9;13,5;0,1;1,33E-1;-541,2;20,00;3,0;2,9;38,14;0,07;0,021;1,3;3,89;0,329
270;18.07.2023;16:16:50;00:04:29;250,1;17,4;18,8;17,6;19,2;128,3;13,7;0,1;1,32E-1;-541,2;20,00;3,0;3,0;38,14;0,07;0,033;1,3;3,88;0,333
271;18.07.2023;16:16:51;00:04:30;250,1;17,6;18,8;17,6;19,4;129,7;13,9;0,1;1,31E-1;-541,2;20,00;3,0;3,0;38,14;0,06;0,031;1,3;3,94;0,341
272;18.07.2023;16:16:52;00:04:31;250,0;17,6;18,8;17,6;19,4;130,5;14,1;0,1;1,31E-1;-541,2;20,00;3,0;3,0;38,14;0,07;0,024;1,3;3,93;0,342
273;18.07.2023;16:16:53;00:04:32;250,1;18,2;18,8;17,6;19,6;131,9;14,3;0,1;1,30E-1;-541,2;20,00;3,0;3,0;38,14;0,07;0,020;1,4;3,89;0,347
274;18.07.2023;16:16:54;00:04:33;250,2;18,2;18,8;17,6;19,6;133,3;14,5;0,1;1,30E-1;-541,2;20,00;3,0;3,0;38,14;0,06;0,022;1,4;3,93;0,350
275;18.07.2023;16:16:55;00:04:34;250,0;19,6;18,9;17,6;19,8;134,0;14,5;0,1;1,29E-1;-541,2;20,00;3,0;3,0;38,14;0,07;0,011;1,4;3,94;0,352
276;18.07.2023;16:16:56;00:04:35;250,1;19,6;19,0;17,6;19,8;135,4;14,7;0,1;1,29E-1;-541,2;20,00;3,0;3,1;38,14;0,06;0,011;1,4;3,96;0,355
277;18.07.2023;16:16:57;00:04:36;250,3;21,7;19,0;17,6;20,0;136,8;14,7;0,1;1,28E-1;-541,2;20,00;3,0;3,0;38,13;0,07;0,006;1,4;3,95;0,357
278;18.07.2023;16:16:58;00:04:37;250,1;21,6;18,9;17,6;19,9;137,6;14,9;0,1;1,27E-1;-541,2;20,00;3,0;3,0;38,14;0,07;0,000;1,4;3,97;0,360
279;18.07.2023;16:16:59;00:04:38;250,1;24,5;19,1;17,6;19,9;139,0;14,8;0,1;1,27E-1;-541,2;20,00;3,0;2,9;38,14;0,06;0,001;1,4;3,95;0,361
280;18.07.2023;16:17:00;00:04:39;250,1;24,5;19,1;17,6;20,1;139,7;14,9;0,1;1,26E-1;-541,2;20,00;3,0;3,0;38,14;0,07;-0,002;1,4;3,97;0,361
281;18.07.2023;16:17:01;00:04:40;250,1;27,9;19,3;17,7;20,1;141,1;15,2;0,1;1,26E-1;-541,1;20,00;3,0;3,0;38,14;0,06;0,002;1,4;3,98;0,364
282;18.07.2023;16:17:02;00:04:41;250,1;27,9;19,3;17,7;20,1;142,5;15,1;0,1;1,25E-1;-541,2;20,00;3,0;3,0;38,13;0,07;0,000;1,4;3,98;0,361
283;18.07.2023;16:17:03;00:04:42;250,1;27,9;19,4;17,8;20,1;143,2;15,2;0,1;1,25E-1;-541,2;20,00;3,0;3,0;38,14;0,06;0,000;1,5;3,98;0,366
284;18.07.2023;16:17:04;00:04:43;250,2;31,4;19,4;17,8;20,2;144,7;15,1;0,1;1,24E-1;-541,2;20,00;3,0;3,0;38,14;0,06;0,004;1,5;4,01;0,366
285;18.07.2023;16:17:05;00:04:44;250,0;34,9;19,6;17,9;20,3;146,1;15,1;0,1;1,23E-1;-541,2;20,00;3,0;3,1;38,13;0,07;0,002;1,5;4,00;0,369
286;18.07.2023;16:17:06;00:04:45;250,1;34,9;19,6;17,9;20,3;146,8;15,2;0,1;1,23E-1;-541,2;20,00;3,0;3,1;38,14;0,06;0,000;1,5;3,99;0,366
287;18.07.2023;16:17:07;00:04:46;250,1;38,1;19,8;18,1;20,3;148,2;15,1;0,1;1,23E-1;-541,2;20,00;3,0;3,1;38,13;0,07;0,000;1,5;3,99;0,371
288;18.07.2023;16:17:08;00:04:47;250,1;38,1;19,8;18,1;20,3;149,6;15,3;0,1;1,22E-1;-541,2;20,00;3,0;3,0;38,14;0,07;-0,004;1,5;4,01;0,371
289;18.07.2023;16:17:09;00:04:48;250,0;38,1;20,0;18,2;20,3;150,3;15,4;0,1;1,22E-1;-541,1;20,00;3,0;3,0;38,14;0,07;-0,003;1,5;4,01;0,371
290;18.07.2023;16:17:10;00:04:49;250,1;41,2;20,0;18,2;20,3;151,8;15,4;0,1;1,21E-1;-541,2;20,00;3,0;3,1;38,14;0,06;-0,004;1,5;4,01;0,371
291;18.07.2023;16:17:11;00:04:50;250,0;44,2;20,2;18,4;20,3;152,5;15,3;0,1;1,21E-1;-541,2;20,00;3,0;3,1;38,14;0,07;-0,003;1,5;4,02;0,374
292;18.07.2023;16:17:12;00:04:51;250,0;44,2;20,4;18,4;20,4;153,9;15,5;0,1;1,20E-1;-541,2;20,00;3,0;3,0;38,14;0,06;0,001;1,5;4,05;0,374
293;18.07.2023;16:17:13;00:04:52;250,0;47,2;20,4;18,6;20,4;155,3;15,5;0,1;1,20E-1;-541,2;20,00;3,0;3,0;38,13;0,07;-0,002;1,5;4,00;0,377
294;18.07.2023;16:17:14;00:04:53;250,0;47,2;20,4;18,6;20,4;156,0;15,5;0,1;1,19E-1;-541,2;20,00;3,0;3,0;38,14;0,06;0,002;1,5;4,00;0,376
295;18.07.2023;16:17:15;00:04:54;250,0;50,0;20,6;18,8;20,4;157,4;15,5;0,1;1,19E-1;-541,2;20,00;3,0;3,0;38,13;0,07;0,003;1,5;4,03;0,381
296;18.07.2023;16:17:16;00:04:55;250,0;50,0;20,8;19,0;20,4;159,0;15,7;0,1;1,18E-1;-541,2;20,00;3,0;3,0;38,13;0,07;-0,001;1,5;4,05;0,380
297;18.07.2023;16:17:17;00:04:56;250,0;50,0;20,8;19,0;20,4;159,7;15,9;0,1;1,18E-1;-541,2;20,00;3,0;3,0;38,14;0,06;-0,001;1,5;4,02;0,381
298;18.07.2023;16:17:18;00:04:57;250,1;52,8;20,8;19,0;20,5;161,1;15,8;0,1;1,18E-1;-541,2;20,00;3,0;2,9;38,13;0,07;-0,001;1,5;4,03;0,383
299;18.07.2023;16:17:19;00:04:58;250,0;52,8;21,0;19,0;20,5;162,5;16,0;0,1;1,17E-1;-541,2;20,00;3,0;3,0;38,14;0,07;-0,003;1,6;4,04;0,386
300;18.07.2023;16:17:20;00:04:59;250,0;55,7;21,0;19,2;20,5;163,2;15,9;0,1;1,17E-1;-541,2;20,00;3,0;3,0;38,13;0,07;-0,005;1,6;4,04;0,386
301;18.07.2023;16:17:21;00:05:00;250,0;58,5;21,1;19,4;20,5;164,6;16,1;0,1;1,16E-1;-541,2;20,00;3,0;3,0;38,14;0,07;-0,001;1,6;4,06;0,387
302;18.07.2023;16:17:22;00:05:01;250,2;58,5;21,1;19,4;20,5;166,1;16,1;0,1;1,16E-1;-541,2;20,00;3,0;3,0;38,14;0,06;-0,003;1,6;4,04;0,388
303;18.07.2023;16:17:23;00:05:02;250,1;58,5;21,3;19,7;20,5;166,8;16,2;0,1;1,16E-1;-541,2;20,00;3,0;2,9;38,13;0,07;-0,004;1,6;4,05;0,389
304;18.07.2023;16:17:24;00:05:03;250,1;61,3;21,3;19,7;20,5;168,2;16,2;0,1;1,15E-1;-541,2;20,00;3,0;3,0;38,14;0,07;-0,008;1,6;4,12;0,391
305;18.07.2023;16:17:25;00:05:04;250,0;61,3;21,3;19,7;20,5;168,9;16,3;0,1;1,15E-1;-541,2;20,00;3,0;3,0;38,13;0,07;-0,007;1,6;4,07;0,391
306;18.07.2023;16:17:26;00:05:05;250,0;64,0;21,5;19,9;20,5;170,3;16,3;0,1;1,15E-1;-541,2;20,00;3,0;3,0;38,14;0,06;-0,004;1,6;4,07;0,391
307;18.07.2023;16:17:27;00:05:06;250,0;66,5;21,7;20,1;20,5;171,7;16,3;0,1;1,14E-1;-541,2;20,00;3,0;3,0;38,13;0,07;-0,007;1,6;4,09;0,391
308;18.07.2023;16:17:28;00:05:07;250,0;66,5;21,7;20,1;20,6;172,4;16,4;0,1;1,14E-1;-541,2;20,00;3,0;2,9;38,14;0,06;-0,003;1,6;4,12;0,393
309;18.07.2023;16:17:29;00:05:08;250,3;69,0;21,9;20,4;20,6;173,9;16,6;0,1;1,14E-1;-541,2;20,00;3,0;3,0;38,14;0,06;-0,006;1,6;4,09;0,394
310;18.07.2023;16:17:30;00:05:09;250,2;69,0;21,9;20,4;20,6;175,3;16,6;0,1;1,13E-1;-541,2;20,00;3,0;2,9;38,13;0,07;-0,008;1,6;4,09;0,396
311;18.07.2023;16:17:31;00:05:10;250,2;71,4;22,1;20,6;20,6;176,0;16,6;0,1;1,13E-1;-541,2;20,00;3,0;2,9;38,14;0,06;-0,004;1,6;4,10;0,400
312;18.07.2023;16:17:32;00:05:11;250,2;71,4;22,2;20,6;20,6;177,4;16,7;0,1;1,13E-1;-541,2;20,00;3,0;3,0;38,13;0,07;-0,005;1,6;4,11;0,399
313;18.07.2023;16:17:33;00:05:12;250,0;73,7;22,2;20,8;20,6;178,8;16,8;0,1;1,13E-1;-541,2;20,00;3,0;3,1;38,14;0,06;-0,003;1,6;4,12;0,402
314;18.07.2023;16:17:34;00:05:13;250,2;73,7;22,2;20,8;20,6;179,5;16,9;0,1;1,13E-1;-541,2;20,00;3,0;3,1;38,13;0,07;-0,002;1,6;4,10;0,401
315;18.07.2023;16:17:35;00:05:14;250,1;76,0;22,4;21,0;20,6;181,0;16,9;0,1;1,12E-1;-541,2;20,00;3,0;3,0;38,13;0,07;-0,007;1,7;4,11;0,404
316;18.07.2023;16:17:36;00:05:15;250,0;78,3;22,6;21,3;20,6;182,4;17,0;0,1;1,12E-1;-541,2;20,00;3,0;2,9;38,14;0,06;-0,007;1,7;4,16;0,405
317;18.07.2023;16:17:37;00:05:16;250,1;78,3;22,6;21,3;20,6;183,1;17,0;0,1;1,12E-1;-541,2;20,00;3,0;3,0;38,13;0,07;-0,004;1,7;4,12;0,405
318;18.07.2023;16:17:38;00:05:17;250,2;78,2;22,6;21,2;20,6;184,5;17,2;0,1;1,12E-1;-541,2;20,00;3,0;3,0;38,14;0,06;-0,007;1,7;4,16;0,405
319;18.07.2023;16:17:39;00:05:18;250,3;78,2;22,6;21,4;20,6;185,9;17,5;0,1;1,11E-1;-541,2;20,00;3,0;3,0;38,13;0,06;-0,007;1,7;4,17;0,410
320;18.07.2023;16:17:40;00:05:19;250,2;80,6;22,6;21,4;20,6;186,6;17,4;0,1;1,11E-1;-541,2;20,00;3,0;3,0;38,13;0,06;-0,007;1,7;4,17;0,411
321;18.07.2023;16:17:41;00:05:20;250,0;82,9;22,8;21,7;20,6;188,1;17,4;0,1;1,11E-1;-541,2;20,00;3,0;3,0;38,13;0,06;-0,011;1,7;4,17;0,411
322;18.07.2023;16:17:42;00:05:21;250,1;82,9;23,0;21,7;20,6;189,5;17,6;0,1;1,11E-1;-541,2;20,00;3,0;3,0;38,13;0,06;-0,010;1,7;4,17;0,413
323;18.07.2023;16:17:43;00:05:22;250,1;85,2;23,0;21,9;20,6;190,2;17,5;0,1;1,11E-1;-541,2;20,00;3,0;3,0;38,13;0,06;-0,008;1,7;4,16;0,413
324;18.07.2023;16:17:44;00:05:23;250,1;85,2;23,1;21,9;20,6;191,6;17,7;0,1;1,10E-1;-541,2;20,00;3,0;3,0;38,13;0,06;-0,012;1,7;4,19;0,415
325;18.07.2023;16:17:45;00:05:24;250,1;87,5;23,1;22,1;20,6;193,0;17,8;0,1;1,10E-1;-541,2;20,00;3,0;3,0;38,13;0,06;-0,017;1,8;4,18;0,420
326;18.07.2023;16:17:46;00:05:25;250,3;87,5;23,1;22,1;20,6;193,7;17,8;0,1;1,10E-1;-541,2;20,00;3,0;3,0;38,13;0,06;-0,014;1,8;4,17;0,419
327;18.07.2023;16:17:47;00:05:26;250,0;87,5;23,3;22,3;20,6;195,2;18,1;0,1;1,10E-1;-541,2;20,00;3,0;3,0;38,13;0,06;-0,013;1,8;4,19;0,420
328;18.07.2023;16:17:48;00:05:27;250,1;89,7;23,3;22,3;20,6;196,6;18,1;0,1;1,10E-1;-541,2;20,00;3,0;3,0;38,13;0,06;-0,016;1,8;4,16;0,420
329;18.07.2023;16:17:49;00:05:28;250,1;91,9;23,5;22,6;20,7;197,3;18,1;0,1;1,09E-1;-541,2;20,00;3,0;3,0;38,13;0,06;-0,019;1,8;4,17;0,424
330;18.07.2023;16:17:50;00:05:29;250,1;91,9;23,5;22,6;20,7;198,7;18,2;0,1;1,09E-1;-541,2;20,00;3,0;3,0;38,13;0,06;-0,018;1,8;4,19;0,425
331;18.07.2023;16:17:51;00:05:30;250,0;94,0;23,6;22,8;20,7;200,1;18,3;0,1;1,09E-1;-541,2;20,00;3,0;3,0;38,13;0,06;-0,013;1,8;4,19;0,425
332;18.07.2023;16:17:52;00:05:31;250,3;94,0;23,8;22,8;20,7;200,8;18,4;0,1;1,09E-1;-541,2;20,00;3,0;3,0;38,13;0,06;-0,018;1,8;4,18;0,426
333;18.07.2023;16:17:53;00:05:32;250,0;96,1;23,8;23,0;20,8;202,4;18,4;0,1;1,09E-1;-541,2;20,00;3,0;3,1;38,13;0,06;-0,014;1,8;4,25;0,430
334;18.07.2023;16:17:54;00:05:33;250,0;96,1;23,8;23,0;20,8;203,1;18,5;0,1;1,09E-1;-541,2;20,00;3,0;3,0;38,13;0,06;-0,014;1,8;4,21;0,430
335;18.07.2023;16:17:55;00:05:34;250,0;98,2;24,0;23,2;20,8;204,5;18,6;0,1;1,09E-1;-541,2;20,00;3,0;3,0;38,13;0,06;-0,015;1,8;4,21;0,430
336;18.07.2023;16:17:56;00:05:35;250,0;98,2;24,1;23,4;20,8;205,9;18,8;0,1;1,08E-1;-541,2;20,00;3,0;3,1;38,13;0,06;-0,007;1,8;4,21;0,432
337;18.07.2023;16:17:57;00:05:36;250,2;100,2;24,1;23,4;20,8;206,6;18,9;0,1;1,08E-1;-541,2;20,00;3,0;3,0;38,13;0,06;-0,015;1,9;4,23;0,435
338;18.07.2023;16:17:58;00:05:37;250,0;100,2;24,1;23,4;20,8;208,0;19,0;0,1;1,08E-1;-541,2;20,00;3,0;3,0;38,13;0,06;-0,018;1,9;4,28;0,435
339;18.07.2023;16:17:59;00:05:38;250,0;102,3;24,3;23,7;20,8;209,5;19,1;0,1;1,08E-1;-541,2;20,00;3,0;3,0;38,13;0,06;-0,016;1,9;4,24;0,440
340;18.07.2023;16:18:00;00:05:39;250,0;102,3;24,3;23,7;20,8;210,2;19,1;0,1;1,08E-1;-541,2;20,00;3,0;3,0;38,13;0,06;-0,022;1,9;4,27;0,440
341;18.07.2023;16:18:01;00:05:40;250,0;104,5;24,5;23,9;20,8;211,6;19,2;0,1;1,08E-1;-541,2;20,00;3,0;2,9;38,13;0,06;-0,021;1,9;4,26;0,440
342;18.07.2023;16:18:02;00:05:41;250,0;104,5;24,7;24,1;20,8;213,0;19,4;0,1;1,07E-1;-541,2;20,00;3,0;3,0;38,13;0,06;-0,017;1,9;4,26;0,441
343;18.07.2023;16:18:03;00:05:42;250,0;104,5;24,7;24,1;20,8;213,7;19,5;0,1;1,07E-1;-541,2;20,00;3,0;3,0;38,13;0,06;-0,016;1,9;4,30;0,442
344;18.07.2023;16:18:04;00:05:43;250,0;106,6;24,7;24,1;20,9;215,1;19,5;0,1;1,07E-1;-541,2;20,00;3,0;3,0;38,13;0,06;-0,016;1,9;4,27;0,444
345;18.07.2023;16:18:05;00:05:44;250,1;108,7;24,9;24,3;20,9;215,9;19,6;0,1;1,07E-1;-541,2;20,00;3,0;3,0;38,13;0,06;-0,014;1,9;4,30;0,447
346;18.07.2023;16:18:06;00:05:45;250,1;108,7;24,9;24,3;20,9;217,3;19,7;0,1;1,07E-1;-541,2;20,00;3,0;3,0;38,13;0,06;-0,014;1,9;4,26;0,449
347;18.07.2023;16:18:07;00:05:46;250,1;110,6;25,0;24,5;20,9;218,7;19,9;0,1;1,06E-1;-541,2;20,00;3,0;2,9;38,13;0,06;-0,020;1,9;4,29;0,449
348;18.07.2023;16:18:08;00:05:47;250,2;110,6;25,0;24,5;20,9;219,4;19,8;0,1;1,06E-1;-541,2;20,00;3,0;3,0;38,13;0,06;-0,017;1,9;4,35;0,451
349;18.07.2023;16:18:09;00:05:48;250,1;112,6;25,1;24,7;21,0;220,8;19,9;0,1;1,06E-1;-541,2;20,00;3,0;3,0;38,13;0,06;-0,024;1,9;4,30;0,452
350;18.07.2023;16:18:10;00:05:49;250,2;112,6;25,3;24,7;21,0;222,2;20,1;0,1;1,06E-1;-541,2;20,00;3,0;3,0;38,13;0,05;-0,017;2,0;4,33;0,454
351;18.07.2023;16:18:11;00:05:50;250,2;114,5;25,3;24,9;21,0;223,0;20,1;0,1;1,06E-1;-541,2;20,00;3,0;3,0;38,12;0,06;-0,018;2,0;4,34;0,455
352;18.07.2023;16:18:12;00:05:51;250,2;114,5;25,5;24,9;21,0;224,4;20,3;0,1;1,05E-1;-541,2;20,00;3,0;3,0;38,13;0,06;-0,019;2,0;4,33;0,455
353;18.07.2023;16:18:13;00:05:52;250,2;116,4;25,5;25,1;21,0;225,8;20,3;0,1;1,05E-1;-541,2;20,00;3,0;3,0;38,12;0,05;-0,014;2,0;4,35;0,460
354;18.07.2023;16:18:14;00:05:53;250,2;116,4;25,5;25,1;21,0;226,5;20,4;0,1;1,05E-1;-541,2;20,00;3,0;3,0;38,13;0,05;-0,021;2,0;4,37;0,461
355;18.07.2023;16:18:15;00:05:54;250,0;118,3;25,6;25,3;21,0;227,9;20,5;0,1;1,05E-1;-541,2;20,00;3,0;3,0;38,12;0,05;-0,013;2,0;4,36;0,464
356;18.07.2023;16:18:16;00:05:55;250,0;118,3;25,8;25,4;21,0;229,3;20,7;0,1;1,05E-1;-541,2;20,00;3,0;3,0;38,12;0,06;-0,019;2,0;4,35;0,464
357;18.07.2023;16:18:17;00:05:56;250,1;120,2;25,8;25,4;21,0;230,1;20,8;0,1;1,04E-1;-541,2;20,00;3,0;2,9;38,12;0,05;-0,022;2,0;4,34;0,467
358;18.07.2023;16:18:18;00:05:57;250,1;120,2;25,8;25,4;21,0;231,5;20,9;0,1;1,04E-1;-541,2;20,00;3,0;3,0;38,12;0,05;-0,020;2,0;4,34;0,468
359;18.07.2023;16:18:19;00:05:58;250,2;120,2;25,9;25,4;21,0;232,2;21,0;0,1;1,04E-1;-541,2;20,00;3,0;2,9;38,12;0,05;-0,022;2,0;4,36;0,469
360;18.07.2023;16:18:20;00:05:59;250,0;122,2;25,9;25,6;21,0;233,6;21,1;0,1;1,04E-1;-541,2;20,00;3,0;3,0;38,12;0,05;-0,017;2,0;4,38;0,470
361;18.07.2023;16:18:21;00:06:00;250,0;124,2;26,0;25,8;21,1;235,0;21,1;0,1;1,04E-1;-541,2;20,00;3,0;3,0;38,12;0,05;-0,016;2,1;4,40;0,473
362;18.07.2023;16:18:22;00:06:01;250,3;124,2;26,0;25,8;21,1;235,7;21,2;0,1;1,03E-1;-541,2;20,00;3,0;3,0;38,12;0,05;-0,016;2,1;4,44;0,474
363;18.07.2023;16:18:23;00:06:02;250,2;124,2;26,2;26,0;21,1;237,2;21,5;0,1;1,03E-1;-541,2;20,00;3,0;2,9;38,12;0,05;-0,015;2,1;4,40;0,479
364;18.07.2023;16:18:24;00:06:03;250,1;126,3;26,2;26,0;21,1;238,6;21,5;0,1;1,03E-1;-541,2;20,00;3,0;3,0;38,12;0,05;-0,011;2,1;4,36;0,476
365;18.07.2023;16:18:25;00:06:04;250,2;128,4;26,3;26,1;21,1;239,3;21,6;0,1;1,03E-1;-541,2;20,00;3,0;3,0;38,12;0,05;-0,012;2,1;4,40;0,479
366;18.07.2023;16:18:26;00:06:05;250,1;128,4;26,3;26,1;21,1;240,7;21,6;0,1;1,03E-1;-541,2;20,00;3,0;3,0;38,12;0,05;-0,018;2,1;4,46;0,482
367;18.07.2023;16:18:27;00:06:06;250,2;130,3;26,5;26,3;21,1;242,1;21,7;0,1;1,02E-1;-541,2;20,00;3,0;3,0;38,12;0,05;-0,015;2,1;4,42;0,484
368;18.07.2023;16:18:28;00:06:07;250,1;130,3;26,6;26,3;21,2;242,8;21,8;0,1;1,02E-1;-541,1;20,00;3,0;3,0;38,12;0,05;-0,020;2,1;4,43;0,484
369;18.07.2023;16:18:29;00:06:08;250,3;132,2;26,6;26,5;21,1;244,4;21,9;0,1;1,02E-1;-541,2;20,00;3,0;2,9;38,12;0,05;-0,019;2,2;4,47;0,488
370;18.07.2023;16:18:30;00:06:09;250,1;132,2;26,8;26,7;21,1;245,8;22,1;0,1;1,02E-1;-541,2;20,00;3,0;3,0;38,12;0,05;-0,016;2,2;4,49;0,488
371;18.07.2023;16:18:31;00:06:10;250,1;134,2;26,8;26,7;21,1;246,5;22,1;0,1;1,02E-1;-541,2;20,00;3,0;3,0;38,12;0,05;-0,021;2,2;4,47;0,488
372;18.07.2023;16:18:32;00:06:11;250,1;134,2;26,8;26,7;21,1;247,9;22,3;0,1;1,01E-1;-541,2;20,00;3,0;2,9;38,12;0,05;-0,018;2,2;4,48;0,490
373;18.07.2023;16:18:33;00:06:12;250,1;134,2;26,9;26,8;21,1;248,6;22,4;0,1;1,01E-1;-541,2;20,00;3,0;3,0;38,12;0,05;-0,021;2,2;4,47;0,492
374;18.07.2023;16:18:34;00:06:13;250,2;136,2;26,9;26,8;21,2;250,0;22,4;0,1;1,01E-1;-541,2;20,00;3,0;3,0;38,12;0,05;-0,018;2,2;4,47;0,494
375;18.07.2023;16:18:35;00:06:14;250,0;138,2;27,1;27,0;21,2;251,5;22,5;0,1;1,01E-1;-541,2;20,00;3,0;3,0;38,12;0,05;-0,015;2,2;4,46;0,493
376;18.07.2023;16:18:36;00:06:15;250,1;138,2;27,2;27,0;21,2;252,2;22,6;0,1;1,00E-1;-541,2;20,00;3,0;3,0;38,12;0,05;-0,020;2,2;4,46;0,496
377;18.07.2023;16:18:37;00:06:16;250,1;140,2;27,2;27,2;21,2;253,6;22,7;0,1;1,00E-1;-541,2;20,00;3,0;3,1;38,12;0,05;-0,017;2,3;4,55;0,502
378;18.07.2023;16:18:38;00:06:17;250,0;140,2;27,1;27,2;21,2;255,0;22,9;0,1;9,99E-2;-541,2;20,00;3,0;3,0;38,11;0,05;-0,021;2,3;4,56;0,503
379;18.07.2023;16:18:39;00:06:18;250,1;140,0;27,1;27,1;21,1;255,7;23,0;0,1;9,98E-2;-541,2;20,00;3,0;3,0;38,12;0,04;-0,015;2,3;4,52;0,503
380;18.07.2023;16:18:40;00:06:19;250,2;142,2;27,3;27,3;21,1;257,1;23,0;0,1;9,95E-2;-541,2;20,00;3,0;3,0;38,11;0,05;-0,013;2,3;4,52;0,504
381;18.07.2023;16:18:41;00:06:20;250,1;144,2;27,4;27,4;21,1;258,6;23,1;0,1;9,92E-2;-541,2;20,00;3,0;3,0;38,11;0,05;-0,020;2,3;4,52;0,506
382;18.07.2023;16:18:42;00:06:21;250,1;144,2;27,4;27,4;21,1;259,3;23,2;0,1;9,91E-2;-541,2;20,00;3,0;3,0;38,12;0,04;-0,017;2,3;4,52;0,508
383;18.07.2023;16:18:43;00:06:22;250,1;144,2;27,6;27,6;21,1;260,7;23,4;0,1;9,88E-2;-541,2;20,00;3,0;3,0;38,11;0,05;-0,013;2,3;4,54;0,510
384;18.07.2023;16:18:44;00:06:23;250,0;146,3;27,6;27,6;21,1;261,4;23,4;0,1;9,87E-2;-541,2;20,00;3,0;2,9;38,11;0,04;-0,016;2,3;4,54;0,513
385;18.07.2023;16:18:45;00:06:24;250,1;148,4;27,7;27,8;21,2;262,8;23,5;0,1;9,85E-2;-541,2;20,00;3,0;3,0;38,11;0,05;-0,019;2,3;4,55;0,514
386;18.07.2023;16:18:46;00:06:25;250,1;148,4;27,7;27,8;21,2;264,2;23,6;0,1;9,82E-2;-541,2;20,00;3,0;3,0;38,12;0,04;-0,018;2,3;4,53;0,514
387;18.07.2023;16:18:47;00:06:26;250,0;148,4;27,9;27,8;21,2;264,9;23,8;0,1;9,81E-2;-541,2;20,00;3,0;2,9;38,11;0,05;-0,025;2,4;4,56;0,516
388;18.07.2023;16:18:48;00:06:27;250,2;150,4;27,9;28,0;21,2;266,4;23,8;0,1;9,78E-2;-541,2;20,00;3,0;3,0;38,11;0,05;-0,018;2,4;4,54;0,518
389;18.07.2023;16:18:49;00:06:28;250,2;152,3;28,0;28,1;21,2;267,8;23,9;0,1;9,75E-2;-541,2;20,00;3,0;3,0;38,11;0,04;-0,015;2,4;4,58;0,523
390;18.07.2023;16:18:50;00:06:29;250,0;152,3;28,0;28,1;21,2;268,5;24,0;0,1;9,74E-2;-541,2;20,00;3,0;3,0;38,11;0,04;-0,021;2,4;4,59;0,520
391;18.07.2023;16:18:51;00:06:30;250,1;152,3;28,2;28,3;21,2;269,9;24,2;0,1;9,71E-2;-541,2;20,00;3,0;2,9;38,11;0,04;-0,022;2,4;4,60;0,523
392;18.07.2023;16:18:52;00:06:31;250,0;154,3;28,2;28,3;21,2;271,3;24,3;0,1;9,69E-2;-541,2;20,00;3,0;3,0;38,11;0,04;-0,021;2,4;4,59;0,527
393;18.07.2023;16:18:53;00:06:32;250,3;156,3;28,3;28,5;21,3;272,1;24,3;0,1;9,67E-2;-541,2;20,00;3,0;3,0;38,11;0,04;-0,021;2,4;4,61;0,527
394;18.07.2023;16:18:54;00:06:33;250,3;156,3;28,3;28,5;21,3;273,5;24,5;0,1;9,64E-2;-541,2;20,00;3,0;2,9;38,11;0,04;-0,022;2,4;4,61;0,527
395;18.07.2023;16:18:55;00:06:34;250,3;158,2;28,5;28,6;21,3;274,9;24,5;0,1;9,62E-2;-541,2;20,00;3,0;3,0;38,11;0,04;-0,018;2,4;4,60;0,529
396;18.07.2023;16:18:56;00:06:35;250,2;158,2;28,6;28,6;21,3;275,6;24,6;0,1;9,60E-2;-541,2;20,00;3,0;3,0;38,11;0,04;-0,017;2,4;4,60;0,531
397;18.07.2023;16:18:57;00:06:36;250,1;160,2;28,6;28,8;21,3;277,0;24,7;0,1;9,58E-2;-541,2;20,00;3,0;2,9;38,11;0,04;-0,024;2,5;4,66;0,534
398;18.07.2023;16:18:58;00:06:37;250,1;160,2;28,6;28,8;21,3;277,7;24,8;0,1;9,57E-2;-541,2;20,00;3,0;3,0;38,11;0,04;-0,021;2,5;4,62;0,532
399;18.07.2023;16:18:59;00:06:38;250,1;160,2;28,7;28,8;21,3;279,2;25,1;0,1;9,53E-2;-541,2;20,00;3,0;3,0;38,11;0,04;-0,020;2,5;4,59;0,537
400;18.07.2023;16:19:00;00:06:39;250,1;162,3;28,7;29,0;21,3;280,6;25,1;0,1;9,51E-2;-541,2;20,00;3,0;3,0;38,11;0,04;-0,019;2,5;4,62;0,537
401;18.07.2023;16:19:01;00:06:40;250,1;164,4;28,9;29,1;21,3;281,3;25,2;0,1;9,50E-2;-541,2;20,00;3,0;3,0;38,11;0,04;-0,021;2,5;4,65;0,538
402;18.07.2023;16:19:02;00:06:41;250,1;164,4;28,9;29,1;21,3;282,7;25,3;0,1;9,47E-2;-541,2;20,00;3,0;3,1;38,11;0,04;-0,021;2,5;4,66;0,541
403;18.07.2023;16:19:03;00:06:42;250,2;166,5;29,0;29,3;21,3;284,1;25,5;0,1;9,45E-2;-541,2;20,00;3,0;3,0;38,11;0,04;-0,021;2,5;4,63;0,547
404;18.07.2023;16:19:04;00:06:43;250,0;166,5;29,0;29,3;21,3;284,8;25,4;0,1;9,43E-2;-541,2;20,00;3,0;3,0;38,11;0,04;-0,020;2,6;4,68;0,547
405;18.07.2023;16:19:05;00:06:44;250,2;168,6;29,2;29,5;21,4;286,4;25,5;0,1;9,41E-2;-541,2;20,00;3,0;3,0;38,11;0,04;-0,022;2,5;4,68;0,548
406;18.07.2023;16:19:06;00:06:45;250,0;168,6;29,3;29,7;21,4;287,8;25,7;0,1;9,39E-2;-541,2;20,00;3,0;3,0;38,11;0,04;-0,024;2,6;4,69;0,548
407;18.07.2023;16:19:07;00:06:46;250,0;168,6;29,3;29,7;21,4;288,5;25,8;0,1;9,37E-2;-541,2;20,00;3,0;3,0;38,11;0,03;-0,024;2,6;4,67;0,552
408;18.07.2023;16:19:08;00:06:47;250,0;170,6;29,3;29,7;21,4;289,9;25,9;0,1;9,34E-2;-541,2;20,00;3,0;3,0;38,10;0,04;-0,023;2,6;4,68;0,552
409;18.07.2023;16:19:09;00:06:48;250,2;172,6;29,5;29,8;21,4;291,3;25,9;0,1;9,32E-2;-541,2;20,00;3,0;3,0;38,11;0,04;-0,021;2,6;4,68;0,557
410;18.07.2023;16:19:10;00:06:49;250,2;172,6;29,5;29,8;21,4;292,0;26,0;0,1;9,31E-2;-541,2;20,00;3,0;2,9;38,10;0,04;-0,020;2,6;4,67;0,557
411;18.07.2023;16:19:11;00:06:50;250,1;174,5;29,6;30,0;21,4;293,5;26,1;0,1;9,28E-2;-541,2;20,00;3,0;3,0;38,10;0,04;-0,019;2,6;4,72;0,557
412;18.07.2023;16:19:12;00:06:51;250,3;174,5;29,8;30,0;21,4;294,2;26,2;0,1;9,28E-2;-541,2;20,00;3,0;2,9;38,11;0,03;-0,019;2,6;4,71;0,557
413;18.07.2023;16:19:13;00:06:52;250,1;176,6;29,8;30,1;21,5;295,6;26,3;0,1;9,24E-2;-541,2;20,00;3,0;3,0;38,10;0,04;-0,024;2,7;4,75;0,562
414;18.07.2023;16:19:14;00:06:53;250,0;176,6;29,9;30,1;21,5;297,0;26,5;0,1;9,23E-2;-541,2;20,00;3,0;3,1;38,11;0,04;-0,024;2,7;4,72;0,562
415;18.07.2023;16:19:15;00:06:54;250,0;178,6;29,9;30,3;21,5;297,7;26,5;0,1;9,22E-2;-541,2;20,00;3,0;3,0;38,10;0,04;-0,025;2,7;4,71;0,567
416;18.07.2023;16:19:16;00:06:55;250,0;178,6;30,1;30,3;21,5;299,1;26,7;0,1;9,19E-2;-541,2;20,00;3,0;3,0;38,11;0,03;-0,025;2,7;4,73;0,567
417;18.07.2023;16:19:17;00:06:56;250,1;180,6;30,1;30,5;21,5;300,6;26,8;0,1;9,17E-2;-541,2;20,00;3,0;3,0;38,11;0,03;-0,019;2,7;4,74;0,570
418;18.07.2023;16:19:18;00:06:57;250,1;180,6;30,1;30,5;21,5;301,4;26,9;0,1;9,15E-2;-541,2;20,00;3,0;3,0;38,10;0,04;-0,018;2,7;4,73;0,571
419;18.07.2023;16:19:19;00:06:58;250,0;180,6;30,2;30,5;21,5;302,9;27,1;0,1;9,13E-2;-541,2;20,00;3,0;3,0;38,11;0,03;-0,021;2,7;4,78;0,574
420;18.07.2023;16:19:20;00:06:59;250,1;182,8;30,2;30,7;21,5;304,4;27,2;0,1;9,11E-2;-541,2;20,00;3,0;3,0;38,10;0,03;-0,019;2,7;4,78;0,572
421;18.07.2023;16:19:21;00:07:00;250,1;182,8;30,4;30,9;21,5;305,1;27,3;0,1;9,10E-2;-541,2;20,00;3,0;3,0;38,10;0,03;-0,022;2,8;4,77;0,576
422;18.07.2023;16:19:22;00:07:01;250,0;185,1;30,4;30,9;21,5;306,6;27,3;0,1;9,08E-2;-541,2;20,00;3,0;3,0;38,10;0,03;-0,023;2,8;4,77;0,579
423;18.07.2023;16:19:23;00:07:02;250,0;185,1;30,4;30,9;21,5;307,4;27,4;0,1;9,07E-2;-541,2;20,00;3,0;3,0;38,10;0,03;-0,020;2,8;4,76;0,581
424;18.07.2023;16:19:24;00:07:03;250,2;187,3;30,6;31,0;21,6;309,0;27,5;0,1;9,06E-2;-541,2;20,00;3,0;3,0;38,10;0,03;-0,026;2,8;4,79;0,582
425;18.07.2023;16:19:25;00:07:04;250,0;189,6;30,7;31,2;21,6;310,5;27,6;0,1;9,05E-2;-541,2;20,00;3,0;3,0;38,10;0,03;-0,026;2,8;4,80;0,586
426;18.07.2023;16:19:26;00:07:05;250,1;189,6;30,7;31,2;21,6;311,3;27,7;0,1;9,03E-2;-541,2;20,00;3,0;3,0;38,10;0,03;-0,021;2,8;4,79;0,584
427;18.07.2023;16:19:27;00:07:06;250,0;189,6;30,9;31,2;21,6;312,8;27,9;0,1;9,01E-2;-541,2;20,00;3,0;3,1;38,10;0,03;-0,022;2,8;4,79;0,586
428;18.07.2023;16:19:28;00:07:07;250,0;191,6;30,9;31,4;21,6;314,3;28,0;0,1;8,99E-2;-541,2;20,00;3,0;3,0;38,10;0,03;-0,019;2,8;4,79;0,588
429;18.07.2023;16:19:29;00:07:08;250,1;191,6;31,0;31,6;21,6;315,0;28,1;0,1;8,97E-2;-541,2;20,00;3,0;3,0;38,10;0,03;-0,018;2,8;4,81;0,591
430;18.07.2023;16:19:30;00:07:09;250,2;193,7;31,0;31,6;21,7;316,6;28,2;0,1;8,95E-2;-541,2;20,00;3,0;3,0;38,10;0,03;-0,025;2,8;4,79;0,591
431;18.07.2023;16:19:31;00:07:10;250,1;195,8;31,2;31,8;21,7;318,1;28,4;0,1;8,93E-2;-541,2;20,00;3,0;3,0;38,10;0,03;-0,025;2,9;4,83;0,596
432;18.07.2023;16:19:32;00:07:11;250,1;195,8;31,2;31,8;21,7;318,9;28,3;0,1;8,92E-2;-541,2;20,00;3,0;3,0;38,09;0,03;-0,029;2,9;4,87;0,596
433;18.07.2023;16:19:33;00:07:12;250,2;197,9;31,4;31,9;21,7;320,4;28,4;0,1;8,89E-2;-541,2;20,00;3,0;3,0;38,10;0,03;-0,029;2,9;4,87;0,598
434;18.07.2023;16:19:34;00:07:13;250,0;197,9;31,5;31,9;21,7;321,9;28,6;0,1;8,88E-2;-541,2;20,00;3,0;3,0;38,10;0,03;-0,024;2,9;4,85;0,601
435;18.07.2023;16:19:35;00:07:14;250,2;197,9;31,5;32,1;21,7;322,6;28,8;0,1;8,87E-2;-541,2;20,00;3,0;2,9;38,10;0,03;-0,030;2,9;4,85;0,601
436;18.07.2023;16:19:36;00:07:15;250,0;200,0;31,5;32,1;21,7;324,3;28,8;0,1;8,84E-2;-541,2;20,00;3,0;3,0;38,10;0,03;-0,031;2,9;4,85;0,605
437;18.07.2023;16:19:37;00:07:16;250,2;200,0;31,7;32,3;21,7;325,0;29,0;0,1;8,83E-2;-541,2;20,00;3,0;2,9;38,09;0,03;-0,034;3,0;4,87;0,606
438;18.07.2023;16:19:38;00:07:17;250,0;202,1;31,7;32,3;21,8;326,5;29,0;0,1;8,82E-2;-541,2;20,00;3,0;2,9;38,10;0,03;-0,031;2,9;4,86;0,607
439;18.07.2023;16:19:39;00:07:18;250,3;202,0;31,7;32,3;21,6;328,0;29,3;0,1;8,79E-2;-541,2;20,00;3,0;2,9;38,09;0,02;-0,024;3,0;4,89;0,611
440;18.07.2023;16:19:40;00:07:19;250,2;204,2;31,7;32,3;21,7;328,8;29,2;0,1;8,78E-2;-541,2;20,00;3,0;2,9;38,10;0,02;-0,027;3,0;4,89;0,612
441;18.07.2023;16:19:41;00:07:20;250,1;206,6;31,9;32,5;21,7;330,3;29,3;0,1;8,77E-2;-541,2;20,00;3,0;3,0;38,09;0,02;-0,027;3,0;4,90;0,615
442;18.07.2023;16:19:42;00:07:21;250,2;206,6;31,9;32,5;21,7;331,9;29,5;0,1;8,74E-2;-541,2;20,00;3,0;3,0;38,09;0,02;-0,026;3,0;4,88;0,615
443;18.07.2023;16:19:43;00:07:22;250,1;206,6;31,9;32,5;21,7;332,6;29,6;0,1;8,73E-2;-541,2;20,00;3,0;3,0;38,09;0,02;-0,028;3,0;4,86;0,618
444;18.07.2023;16:19:44;00:07:23;250,0;208,9;32,0;32,7;21,7;334,1;29,7;0,1;8,71E-2;-541,2;20,00;3,0;2,9;38,09;0,02;-0,029;3,0;4,92;0,619
445;18.07.2023;16:19:45;00:07:24;250,1;211,2;32,2;32,9;21,7;335,6;29,7;0,1;8,70E-2;-541,2;20,00;3,0;2,9;38,09;0,02;-0,029;3,1;4,94;0,625
446;18.07.2023;16:19:46;00:07:25;250,2;211,2;32,2;32,9;21,7;336,4;29,8;0,1;8,69E-2;-541,2;20,00;3,0;3,0;38,09;0,02;-0,025;3,1;4,93;0,622
447;18.07.2023;16:19:47;00:07:26;250,4;211,2;32,4;32,9;21,7;337,9;30,1;0,1;8,66E-2;-541,2;20,00;3,0;3,0;38,09;0,02;-0,031;3,1;4,95;0,625
448;18.07.2023;16:19:48;00:07:27;250,2;213,4;32,4;33,0;21,7;339,5;30,1;0,1;8,65E-2;-541,2;20,00;3,0;2,9;38,09;0,02;-0,035;3,1;4,93;0,627
449;18.07.2023;16:19:49;00:07:28;250,0;215,6;32,5;33,2;21,8;340,3;30,2;0,1;8,64E-2;-541,2;20,00;3,0;3,0;38,09;0,02;-0,033;3,1;4,93;0,630
450;18.07.2023;16:19:50;00:07:29;250,3;215,6;32,5;33,2;21,8;341,8;30,3;0,1;8,62E-2;-541,2;20,00;3,0;3,0;38,09;0,02;-0,037;3,1;4,95;0,630
451;18.07.2023;16:19:51;00:07:30;250,0;215,6;32,7;33,4;21,8;342,5;30,4;0,1;8,61E-2;-541,2;20,00;3,0;3,0;38,09;0,02;-0,039;3,1;4,96;0,633
452;18.07.2023;16:19:52;00:07:31;250,3;217,8;32,7;33,4;21,8;344,0;30,5;0,1;8,59E-2;-541,2;20,00;3,0;3,0;38,09;0,02;-0,040;3,2;4,94;0,636
453;18.07.2023;16:19:53;00:07:32;250,3;220,1;32,9;33,6;21,8;345,5;30,5;0,1;8,58E-2;-541,2;20,00;3,0;3,0;38,09;0,01;-0,033;3,2;4,97;0,639
454;18.07.2023;16:19:54;00:07:33;250,0;220,1;32,9;33,6;21,8;346,4;30,7;0,1;8,57E-2;-541,2;20,00;3,0;3,0;38,08;0,02;-0,034;3,2;4,98;0,640
455;18.07.2023;16:19:55;00:07:34;250,0;222,3;33,0;33,7;21,8;347,9;30,7;0,1;8,54E-2;-541,2;20,00;3,0;3,0;38,09;0,02;-0,034;3,3;5,03;0,645
456;18.07.2023;16:19:56;00:07:35;250,1;222,3;33,2;33,7;21,8;349,4;31,0;0,1;8,53E-2;-541,2;20,00;3,0;3,1;38,09;0,01;-0,028;3,2;5,01;0,645
457;18.07.2023;16:19:57;00:07:36;250,0;224,6;33,2;33,9;21,8;350,1;31,1;0,1;8,53E-2;-541,2;20,00;3,0;3,0;38,09;0,01;-0,033;3,2;4,99;0,645
458;18.07.2023;16:19:58;00:07:37;250,3;224,6;33,2;33,9;21,8;351,6;31,1;0,1;8,51E-2;-541,2;20,00;3,0;3,0;38,08;0,01;-0,028;3,2;5,00;0,645
459;18.07.2023;16:19:59;00:07:38;250,1;226,9;33,3;34,1;21,8;353,1;31,4;0,1;8,49E-2;-541,2;20,00;3,0;3,0;38,08;0,02;-0,032;3,3;5,03;0,650
460;18.07.2023;16:20:00;00:07:39;250,0;226,9;33,3;34,1;21,8;354,0;31,3;0,1;8,48E-2;-541,2;20,00;3,0;3,0;38,09;0,01;-0,031;3,3;5,01;0,650
461;18.07.2023;16:20:01;00:07:40;250,1;229,3;33,5;34,2;21,8;355,5;31,4;0,1;8,47E-2;-541,2;20,00;3,0;3,0;38,08;0,01;-0,028;3,2;5,02;0,653
462;18.07.2023;16:20:02;00:07:41;250,1;229,3;33,5;34,2;21,8;356,3;31,5;0,1;8,46E-2;-541,2;20,00;3,0;3,0;38,09;0,01;-0,031;3,3;5,01;0,652
463;18.07.2023;16:20:03;00:07:42;250,0;229,3;33,6;34,2;21,8;357,8;31,7;0,1;8,44E-2;-541,2;20,00;3,0;3,0;38,08;0,01;-0,029;3,3;5,01;0,654
464;18.07.2023;16:20:04;00:07:43;250,2;231,8;33,6;34,4;21,9;359,3;31,7;0,1;8,42E-2;-541,2;20,00;3,0;3,0;38,08;0,01;-0,030;3,3;5,03;0,658
465;18.07.2023;16:20:05;00:07:44;250,2;231,8;33,8;34,6;21,9;360,0;31,9;0,1;8,42E-2;-541,2;20,00;3,0;3,0;38,08;0,01;-0,034;3,3;5,04;0,662
466;18.07.2023;16:20:06;00:07:45;250,2;234,3;33,8;34,6;21,9;361,6;31,9;0,1;8,40E-2;-541,2;20,00;3,0;3,0;38,08;0,01;-0,033;3,4;5,05;0,664
467;18.07.2023;16:20:07;00:07:46;250,2;236,7;34,0;34,8;21,9;363,1;32,2;0,1;8,38E-2;-541,2;20,00;3,0;3,0;38,08;0,01;-0,033;3,3;5,03;0,664
468;18.07.2023;16:20:08;00:07:47;250,0;236,7;34,0;34,8;21,9;363,9;32,1;0,1;8,37E-2;-541,2;20,00;3,0;3,1;38,08;0,01;-0,031;3,4;5,04;0,664
469;18.07.2023;16:20:09;00:07:48;250,0;239,1;34,2;35,0;21,9;365,4;32,1;0,1;8,36E-2;-541,2;20,00;3,0;3,0;38,08;0,01;-0,043;3,4;5,07;0,667
470;18.07.2023;16:20:10;00:07:49;250,0;239,1;34,3;35,0;22,0;366,9;32,3;0,1;8,35E-2;-541,2;20,00;3,0;3,0;38,08;0,01;-0,041;3,4;5,08;0,669
471;18.07.2023;16:20:11;00:07:50;250,0;239,1;34,3;35,0;22,0;367,6;32,5;0,1;8,34E-2;-541,2;20,00;3,0;3,0;38,08;0,01;-0,040;3,4;5,10;0,671
472;18.07.2023;16:20:12;00:07:51;250,2;241,5;34,3;35,2;22,0;369,3;32,5;0,1;8,32E-2;-541,2;20,00;3,0;3,0;38,08;0,01;-0,037;3,4;5,06;0,674
473;18.07.2023;16:20:13;00:07:52;250,0;243,8;34,5;35,4;22,0;370,8;32,6;0,1;8,31E-2;-541,2;20,00;3,0;2,9;38,08;0,00;-0,031;3,5;5,11;0,675
474;18.07.2023;16:20:14;00:07:53;250,2;243,8;34,5;35,4;22,0;371,5;32,7;0,1;8,30E-2;-541,2;20,00;3,0;3,0;38,08;0,01;-0,036;3,4;5,08;0,676
475;18.07.2023;16:20:15;00:07:54;251,8;243,8;34,7;35,5;22,0;373,0;32,9;0,1;8,28E-2;-541,2;20,00;3,0;3,0;38,07;0,00;-0,034;3,5;5,12;0,679
476;18.07.2023;16:20:16;00:07:55;252,1;246,2;34,7;35,5;22,0;373,8;32,8;0,1;8,28E-2;-541,2;20,00;3,0;3,0;38,08;0,00;-0,037;3,5;5,11;0,679
477;18.07.2023;16:20:17;00:07:56;254,1;248,5;34,9;35,7;22,0;375,3;33,1;0,1;8,26E-2;-541,2;20,00;3,0;3,1;38,07;0,00;-0,031;3,5;5,07;0,684
478;18.07.2023;16:20:18;00:07:57;256,2;248,5;34,9;35,7;22,0;376,9;33,1;0,1;8,25E-2;-541,2;20,00;3,0;3,0;38,07;0,00;-0,030;3,5;5,13;0,684
479;18.07.2023;16:20:19;00:07:58;256,4;248,5;34,8;35,7;21,9;377,6;33,3;0,1;8,24E-2;-541,2;20,00;3,0;3,0;38,07;0,00;-0,037;3,5;5,13;0,687
480;18.07.2023;16:20:20;00:07:59;258,2;251,0;35,0;35,9;21,9;379,1;33,3;0,1;8,22E-2;-541,2;20,00;3,0;3,1;38,07;0,00;-0,033;3,5;5,10;0,689
481;18.07.2023;16:20:21;00:08:00;259,4;251,0;35,2;36,1;21,9;380,6;33,5;0,1;8,20E-2;-541,2;20,00;3,0;3,0;38,07;0,00;-0,039;3,5;5,10;0,693
482;18.07.2023;16:20:22;00:08:01;260,0;253,6;35,2;36,1;22,0;381,4;33,6;0,1;8,20E-2;-541,2;20,00;3,0;3,0;38,07;0,00;-0,040;3,6;5,13;0,692
483;18.07.2023;16:20:23;00:08:02;261,4;253,6;35,2;36,1;22,0;382,9;33,7;0,1;8,19E-2;-541,2;20,00;3,0;3,0;38,07;0,00;-0,041;3,5;5,14;0,694
484;18.07.2023;16:20:24;00:08:03;263,2;256,1;35,3;36,3;22,0;384,5;33,7;0,1;8,17E-2;-541,2;20,00;3,0;3,0;38,06;0,00;-0,044;3,5;5,13;0,695
485;18.07.2023;16:20:25;00:08:04;264,4;256,1;35,5;36,5;22,0;385,3;33,9;0,1;8,16E-2;-541,2;20,00;3,0;2,9;38,07;0,00;-0,045;3,6;5,13;0,698
486;18.07.2023;16:20:26;00:08:05;266,0;258,7;35,5;36,5;22,1;386,8;33,9;0,1;8,14E-2;-541,2;20,00;3,0;3,0;38,06;0,00;-0,045;3,6;5,14;0,703
487;18.07.2023;16:20:27;00:08:06;266,5;258,7;35,5;36,5;22,1;387,5;34,0;0,1;8,14E-2;-541,2;20,00;3,0;3,0;38,07;0,00;-0,041;3,6;5,16;0,700
488;18.07.2023;16:20:28;00:08:07;268,0;261,1;35,7;36,7;22,1;389,0;34,0;0,1;8,13E-2;-541,2;20,00;3,0;3,0;38,06;0,00;-0,043;3,6;5,14;0,703
489;18.07.2023;16:20:29;00:08:08;269,6;263,4;35,9;36,8;22,1;390,5;34,1;0,1;8,11E-2;-541,2;20,00;3,0;3,0;38,07;-0,01;-0,040;3,7;5,15;0,708
490;18.07.2023;16:20:30;00:08:09;270,5;263,4;35,9;36,8;22,1;391,3;34,2;0,1;8,10E-2;-541,2;20,00;3,0;3,0;38,06;0,00;-0,047;3,7;5,21;0,708
491;18.07.2023;16:20:31;00:08:10;272,6;263,4;36,1;36,8;22,1;392,9;34,5;0,1;8,08E-2;-541,2;20,00;3,0;3,0;38,06;0,00;-0,046;3,7;5,17;0,709
492;18.07.2023;16:20:32;00:08:11;274,0;265,9;36,1;37,0;22,1;394,4;34,5;0,1;8,08E-2;-541,2;20,00;3,0;3,0;38,06;-0,01;-0,044;3,7;5,17;0,712
493;18.07.2023;16:20:33;00:08:12;274,7;265,9;36,2;37,2;22,1;395,1;34,6;0,1;8,07E-2;-541,2;20,00;3,0;3,1;38,06;-0,01;-0,045;3,7;5,19;0,713
494;18.07.2023;16:20:34;00:08:13;275,5;268,3;36,2;37,2;22,2;396,6;34,7;0,1;8,05E-2;-541,2;20,00;3,0;3,0;38,06;-0,01;-0,042;3,7;5,18;0,714
495;18.07.2023;16:20:35;00:08:14;277,6;268,3;36,4;37,4;22,2;398,1;34,9;0,1;8,03E-2;-541,2;20,00;3,0;3,0;38,06;-0,01;-0,045;3,7;5,20;0,718
496;18.07.2023;16:20:36;00:08:15;278,6;270,7;36,4;37,4;22,2;398,9;34,8;0,1;8,03E-2;-541,2;20,00;3,0;3,0;38,06;-0,01;-0,041;3,8;5,20;0,720
497;18.07.2023;16:20:37;00:08:16;280,4;273,2;36,6;37,6;22,2;400,5;34,9;0,1;8,02E-2;-541,2;20,00;3,0;3,0;38,06;-0,01;-0,043;3,8;5,22;0,720
498;18.07.2023;16:20:38;00:08:17;281,8;273,2;36,5;37,6;22,2;402,0;35,1;0,1;8,00E-2;-541,2;20,00;3,0;3,0;38,06;-0,01;-0,040;3,8;5,19;0,722
499;18.07.2023;16:20:39;00:08:18;282,5;273,1;36,5;37,6;22,2;402,8;35,2;0,1;7,99E-2;-541,2;20,00;3,0;3,0;38,05;-0,01;-0,037;3,8;5,24;0,723
500;18.07.2023;16:20:40;00:08:19;284,0;275,8;36,7;37,8;22,2;404,3;35,2;0,1;7,98E-2;-541,2;20,00;3,0;3,0;38,06;-0,01;-0,043;3,8;5,23;0,724
501;18.07.2023;16:20:41;00:08:20;285,1;275,8;36,9;37,8;22,2;405,0;35,4;0,1;7,97E-2;-541,2;20,00;3,0;3,0;38,05;-0,01;-0,047;3,8;5,28;0,728
502;18.07.2023;16:20:42;00:08:21;286,5;278,4;36,9;38,0;22,2;406,5;35,4;0,1;7,96E-2;-541,2;20,00;3,0;3,0;38,06;-0,02;-0,046;3,8;5,23;0,733
503;18.07.2023;16:20:43;00:08:22;288,0;278,4;37,1;38,1;22,2;408,1;35,6;0,1;7,95E-2;-541,2;20,00;3,0;2,9;38,06;-0,01;-0,055;3,9;5,25;0,734
504;18.07.2023;16:20:44;00:08:23;288,8;281,1;37,1;38,1;22,3;408,9;35,5;0,1;7,93E-2;-541,2;20,00;3,0;3,0;38,05;-0,01;-0,051;3,9;5,24;0,734
505;18.07.2023;16:20:45;00:08:24;290,4;283,8;37,3;38,4;22,3;410,4;35,7;0,1;7,92E-2;-541,2;20,00;3,0;3,0;38,06;-0,02;-0,044;3,9;5,24;0,738
506;18.07.2023;16:20:46;00:08:25;292,0;283,8;37,3;38,4;22,3;411,9;35,8;0,1;7,91E-2;-541,2;20,00;3,0;3,0;38,05;-0,02;-0,044;3,9;5,26;0,737
507;18.07.2023;16:20:47;00:08:26;292,9;283,8;37,5;38,4;22,3;412,6;35,9;0,1;7,90E-2;-541,2;20,00;3,0;3,0;38,05;-0,02;-0,053;3,9;5,29;0,737
508;18.07.2023;16:20:48;00:08:27;294,3;286,3;37,5;38,6;22,3;414,1;35,9;0,1;7,89E-2;-541,2;20,00;3,0;3,0;38,05;-0,02;-0,049;3,9;5,28;0,742
509;18.07.2023;16:20:49;00:08:28;295,8;288,8;37,7;38,8;22,4;415,8;36,0;0,1;7,87E-2;-541,2;20,00;3,0;3,0;38,05;-0,02;-0,045;3,9;5,27;0,743
510;18.07.2023;16:20:50;00:08:29;296,7;288,8;37,7;38,8;22,4;416,5;36,1;0,1;7,87E-2;-541,2;20,00;3,0;3,0;38,05;-0,02;-0,044;3,9;5,28;0,742
511;18.07.2023;16:20:51;00:08:30;298,2;288,8;37,8;38,8;22,4;418,0;36,4;0,1;7,85E-2;-541,2;20,00;3,0;3,0;38,05;-0,01;-0,042;4,0;5,29;0,752
512;18.07.2023;16:20:52;00:08:31;300,1;291,4;37,8;39,0;22,4;419,5;36,4;0,1;7,85E-2;-541,2;20,00;3,0;3,0;38,05;-0,02;-0,042;4,0;5,30;0,747
513;18.07.2023;16:20:53;00:08:32;301,3;294,0;38,0;39,2;22,4;420,3;36,5;0,1;7,85E-2;-541,2;20,00;3,0;3,0;38,04;-0,02;-0,044;3,9;5,28;0,748
514;18.07.2023;16:20:54;00:08:33;302,4;294,0;38,0;39,2;22,5;421,8;36,5;0,1;7,83E-2;-541,2;20,00;3,0;2,9;38,05;-0,02;-0,043;4,0;5,26;0,752
515;18.07.2023;16:20:55;00:08:34;303,7;294,0;38,2;39,2;22,5;422,6;36,6;0,1;7,82E-2;-541,2;20,00;3,0;3,0;38,05;-0,03;-0,040;4,0;5,31;0,752
516;18.07.2023;16:20:56;00:08:35;304,9;296,6;38,2;39,4;22,5;424,1;36,7;0,1;7,81E-2;-541,2;20,00;3,0;3,0;38,04;-0,02;-0,042;4,0;5,32;0,757
517;18.07.2023;16:20:57;00:08:36;306,7;299,3;38,4;39,6;22,5;425,6;36,7;0,1;7,80E-2;-541,2;20,00;3,0;3,0;38,05;-0,03;-0,042;4,0;5,27;0,759
518;18.07.2023;16:20:58;00:08:37;307,6;299,3;38,4;39,6;22,6;426,4;36,8;0,1;7,79E-2;-541,2;20,00;3,0;3,0;38,04;-0,02;-0,041;4,0;5,32;0,759
519;18.07.2023;16:20:59;00:08:38;309,1;299,3;38,4;39,6;22,6;427,9;37,0;0,1;7,78E-2;-541,2;20,00;3,0;3,0;38,05;-0,03;-0,048;4,0;5,33;0,763
520;18.07.2023;16:21:00;00:08:39;310,4;302,0;38,6;39,9;22,6;429,4;37,0;0,1;7,77E-2;-541,2;20,00;3,0;3,0;38,04;-0,03;-0,047;4,1;5,34;0,764
521;18.07.2023;16:21:01;00:08:40;311,6;302,0;38,8;39,9;22,6;430,3;37,2;0,1;7,76E-2;-541,2;20,00;3,0;3,1;38,04;-0,03;-0,046;4,1;5,32;0,764
522;18.07.2023;16:21:02;00:08:41;313,4;304,7;38,8;40,1;22,5;431,8;37,2;0,1;7,75E-2;-541,2;20,00;3,0;3,0;38,04;-0,03;-0,044;4,1;5,34;0,767
523;18.07.2023;16:21:03;00:08:42;315,2;307,5;39,0;40,3;22,5;433,3;37,4;0,1;7,74E-2;-541,2;20,00;3,0;3,0;38,04;-0,03;-0,042;4,1;5,37;0,772
524;18.07.2023;16:21:04;00:08:43;315,9;307,5;39,0;40,3;22,6;434,0;37,3;0,1;7,74E-2;-541,2;20,00;3,0;3,0;38,04;-0,03;-0,043;4,1;5,36;0,769
525;18.07.2023;16:21:05;00:08:44;317,4;307,5;39,2;40,3;22,6;435,5;37,6;0,1;7,73E-2;-541,2;20,00;3,0;3,0;38,04;-0,03;-0,046;4,1;5,36;0,772
526;18.07.2023;16:21:06;00:08:45;318,0;310,2;39,2;40,5;22,6;436,3;37,7;0,1;7,73E-2;-541,2;20,00;3,0;3,0;38,04;-0,03;-0,044;4,1;5,29;0,775
527;18.07.2023;16:21:07;00:08:46;320,0;310,2;39,2;40,5;22,6;437,9;37,7;0,1;7,71E-2;-541,2;20,00;3,0;3,0;38,04;-0,04;-0,044;4,1;5,33;0,777
528;18.07.2023;16:21:08;00:08:47;321,9;312,8;39,4;40,7;22,6;439,4;37,7;0,1;7,70E-2;-541,2;20,00;3,0;3,0;38,03;-0,03;-0,045;4,2;5,36;0,778
529;18.07.2023;16:21:09;00:08:48;322,3;312,8;39,6;40,9;22,6;440,1;37,9;0,1;7,70E-2;-541,2;20,00;3,0;3,0;38,04;-0,04;-0,039;4,2;5,37;0,781
530;18.07.2023;16:21:10;00:08:49;324,2;315,4;39,6;40,9;22,6;441,6;37,9;0,1;7,69E-2;-541,2;20,00;3,0;3,1;38,03;-0,03;-0,044;4,2;5,39;0,783
531;18.07.2023;16:21:11;00:08:50;325,5;315,4;39,8;41,1;22,6;443,1;38,1;0,1;7,69E-2;-541,2;20,00;3,0;3,0;38,03;-0,04;-0,049;4,2;5,41;0,783
532;18.07.2023;16:21:12;00:08:51;326,2;318,0;39,8;41,1;22,7;443,9;38,0;0,1;7,68E-2;-541,2;20,00;3,0;3,0;38,03;-0,03;-0,051;4,2;5,37;0,784
533;18.07.2023;16:21:13;00:08:52;328,1;320,6;40,0;41,3;22,7;445,5;38,1;0,1;7,67E-2;-541,2;20,00;3,0;3,0;38,03;-0,03;-0,046;4,3;5,38;0,790
534;18.07.2023;16:21:14;00:08:53;329,8;320,6;40,1;41,3;22,7;447,0;38,3;0,1;7,66E-2;-541,2;20,00;3,0;3,0;38,03;-0,04;-0,039;4,3;5,42;0,791
535;18.07.2023;16:21:15;00:08:54;330,9;320,6;40,1;41,3;22,7;447,8;38,4;0,1;7,65E-2;-541,2;20,00;3,0;3,0;38,03;-0,04;-0,039;4,3;5,40;0,791
536;18.07.2023;16:21:16;00:08:55;332,5;323,2;40,1;41,5;22,7;449,3;38,4;0,1;7,64E-2;-541,2;20,00;3,0;2,9;38,03;-0,04;-0,042;4,3;5,38;0,794
537;18.07.2023;16:21:17;00:08:56;334,0;325,8;40,3;41,7;22,8;450,8;38,5;0,1;7,64E-2;-541,2;20,00;3,0;3,0;38,03;-0,04;-0,040;4,3;5,42;0,796
538;18.07.2023;16:21:18;00:08:57;335,0;325,8;40,3;41,7;22,8;451,5;38,6;0,1;7,64E-2;-541,2;20,00;3,0;2,9;38,03;-0,04;-0,047;4,3;5,39;0,796
539;18.07.2023;16:21:19;00:08:58;336,6;325,8;40,6;41,8;22,8;453,1;38,8;0,1;7,63E-2;-541,2;20,00;3,0;3,0;38,03;-0,04;-0,049;4,3;5,44;0,801
540;18.07.2023;16:21:20;00:08:59;337,2;328,6;40,6;42,0;22,8;453,9;38,7;0,1;7,62E-2;-541,2;20,00;3,0;3,0;38,02;-0,04;-0,047;4,3;5,40;0,800
541;18.07.2023;16:21:21;00:09:00;339,2;328,6;40,8;42,0;22,9;455,4;38,9;0,1;7,61E-2;-541,2;20,00;3,0;3,0;38,03;-0,04;-0,047;4,4;5,41;0,801
542;18.07.2023;16:21:22;00:09:01;340,8;331,4;40,8;42,2;22,9;456,9;39,0;0,1;7,60E-2;-541,2;20,00;3,0;3,0;38,02;-0,05;-0,042;4,4;5,42;0,806
543;18.07.2023;16:21:23;00:09:02;341,6;331,4;40,8;42,2;22,9;457,6;39,1;0,1;7,60E-2;-541,2;20,00;3,0;3,0;38,03;-0,05;-0,042;4,4;5,45;0,806
544;18.07.2023;16:21:24;00:09:03;343,3;334,3;41,0;42,4;22,9;459,1;39,1;0,1;7,60E-2;-541,2;20,00;3,0;3,0;38,02;-0,05;-0,047;4,4;5,40;0,810
545;18.07.2023;16:21:25;00:09:04;345,0;334,3;41,2;42,6;22,9;460,8;39,3;0,1;7,59E-2;-541,2;20,00;3,0;2,9;38,02;-0,05;-0,049;4,4;5,44;0,811
546;18.07.2023;16:21:26;00:09:05;346,0;337,1;41,2;42,6;22,9;461,5;39,3;0,1;7,59E-2;-541,2;20,00;3,0;3,0;38,02;-0,05;-0,042;4,4;5,46;0,813
547;18.07.2023;16:21:27;00:09:06;347,8;337,1;41,2;42,6;22,9;463,0;39,4;0,1;7,58E-2;-541,2;20,00;3,0;3,0;38,02;-0,05;-0,041;4,4;5,41;0,813
548;18.07.2023;16:21:28;00:09:07;349,5;339,8;41,3;42,9;22,9;464,5;39,4;0,1;7,57E-2;-541,2;20,00;3,0;3,0;38,02;-0,05;-0,041;4,5;5,46;0,815
549;18.07.2023;16:21:29;00:09:08;350,3;339,8;41,5;43,1;22,9;465,3;39,6;0,1;7,57E-2;-541,2;20,00;3,0;3,1;38,02;-0,05;-0,040;4,4;5,47;0,816
550;18.07.2023;16:21:30;00:09:09;351,7;342,4;41,5;43,1;22,9;466,8;39,6;0,1;7,56E-2;-541,2;20,00;3,0;3,0;38,02;-0,05;-0,044;4,5;5,45;0,821
551;18.07.2023;16:21:31;00:09:10;353,7;345,1;41,7;43,3;22,9;468,4;39,8;0,1;7,55E-2;-541,2;20,00;3,0;3,0;38,02;-0,05;-0,046;4,5;5,49;0,824
552;18.07.2023;16:21:32;00:09:11;354,7;345,1;41,7;43,3;23,0;469,1;39,7;0,1;7,55E-2;-541,2;20,00;3,0;3,0;38,02;-0,05;-0,042;4,5;5,45;0,821
553;18.07.2023;16:21:33;00:09:12;356,3;347,8;41,9;43,5;23,0;470,6;39,8;0,1;7,55E-2;-541,2;20,00;3,0;3,0;38,02;-0,05;-0,045;4,5;5,48;0,826
554;18.07.2023;16:21:34;00:09:13;357,1;347,8;41,9;43,5;23,0;471,4;39,8;0,1;7,55E-2;-541,2;20,00;3,0;3,0;38,01;-0,05;-0,047;4,5;5,49;0,825
555;18.07.2023;16:21:35;00:09:14;358,8;347,8;42,1;43,5;23,0;472,9;40,1;0,1;7,54E-2;-541,2;20,00;3,0;3,0;38,02;-0,05;-0,050;4,5;5,49;0,828
556;18.07.2023;16:21:36;00:09:15;360,4;350,5;42,1;43,7;23,0;474,4;40,1;0,1;7,54E-2;-541,2;20,00;3,0;3,0;38,01;-0,06;-0,044;4,6;5,49;0,830
557;18.07.2023;16:21:37;00:09:16;361,2;350,5;42,3;43,7;23,0;475,1;40,2;0,1;7,53E-2;-541,2;20,00;3,0;3,0;38,02;-0,06;-0,051;4,6;5,50;0,832
558;18.07.2023;16:21:38;00:09:17;363,2;353,3;42,3;43,9;23,0;476,8;40,3;0,1;7,52E-2;-541,2;20,00;3,0;3,0;38,01;-0,06;-0,050;4,6;5,52;0,835
559;18.07.2023;16:21:39;00:09:18;364,7;353,2;42,5;44,1;23,0;478,3;40,5;0,1;7,52E-2;-541,2;20,00;3,0;3,0;38,01;-0,06;-0,048;4,6;5,50;0,836
560;18.07.2023;16:21:40;00:09:19;366,0;353,2;42,5;44,1;23,0;479,0;40,6;0,1;7,51E-2;-541,2;20,00;3,0;3,0;38,02;-0,06;-0,048;4,6;5,52;0,840
561;18.07.2023;16:21:41;00:09:20;367,4;356,2;42,5;44,1;23,1;480,5;40,6;0,1;7,51E-2;-541,2;20,00;3,0;3,1;38,01;-0,06;-0,045;4,6;5,49;0,840
562;18.07.2023;16:21:42;00:09:21;368,8;359,2;42,7;44,3;23,1;482,0;40,6;0,1;7,50E-2;-541,2;20,00;3,0;3,0;38,01;-0,06;-0,050;4,6;5,53;0,842
563;18.07.2023;16:21:43;00:09:22;369,9;359,2;42,7;44,3;23,1;482,8;40,7;0,1;7,50E-2;-541,2;20,00;3,0;2,9;38,01;-0,06;-0,060;4,7;5,53;0,842
564;18.07.2023;16:21:44;00:09:23;372,1;362,2;42,9;44,6;23,1;484,4;40,9;0,1;7,50E-2;-541,2;20,00;3,0;3,0;38,01;-0,06;-0,054;4,7;5,49;0,848
565;18.07.2023;16:21:45;00:09:24;372,8;362,2;42,9;44,6;23,1;485,1;40,8;0,1;7,50E-2;-541,2;20,00;3,0;3,0;38,01;-0,06;-0,052;4,7;5,52;0,847
566;18.07.2023;16:21:46;00:09:25;374,2;365,1;43,2;44,8;23,2;486,6;40,9;0,1;7,49E-2;-541,2;20,00;3,0;2,9;38,01;-0,06;-0,055;4,7;5,51;0,850
567;18.07.2023;16:21:47;00:09:26;376,4;365,1;43,4;44,8;23,2;488,1;41,0;0,1;7,49E-2;-541,2;20,00;3,0;3,0;38,00;-0,06;-0,058;4,7;5,53;0,851
568;18.07.2023;16:21:48;00:09:27;376,9;367,8;43,4;45,0;23,2;488,9;40,9;0,1;7,49E-2;-541,2;20,00;3,0;3,0;38,00;-0,06;-0,055;4,7;5,53;0,851
569;18.07.2023;16:21:49;00:09:28;378,9;367,8;43,5;45,0;23,2;490,4;41,1;0,1;7,48E-2;-541,2;20,00;3,0;2,9;38,00;-0,06;-0,057;4,7;5,57;0,855
570;18.07.2023;16:21:50;00:09:29;380,7;370,6;43,5;45,2;23,2;492,0;41,2;0,1;7,48E-2;-541,2;20,00;3,0;3,0;38,00;-0,07;-0,057;4,7;5,57;0,859
571;18.07.2023;16:21:51;00:09:30;381,5;370,6;43,5;45,2;23,2;492,8;41,3;0,1;7,47E-2;-541,2;20,00;3,0;3,0;38,00;-0,07;-0,054;4,7;5,55;0,856
572;18.07.2023;16:21:52;00:09:31;383,2;373,3;43,7;45,4;23,2;494,3;41,3;0,1;7,47E-2;-541,2;20,00;3,0;3,0;38,00;-0,07;-0,053;4,8;5,54;0,860
573;18.07.2023;16:21:53;00:09:32;384,9;373,3;43,9;45,7;23,2;495,8;41,5;0,1;7,46E-2;-541,2;20,00;3,0;3,0;38,00;-0,07;-0,049;4,8;5,56;0,860
574;18.07.2023;16:21:54;00:09:33;385,9;376,0;43,9;45,7;23,2;496,5;41,5;0,1;7,46E-2;-541,2;20,00;3,0;3,0;38,00;-0,07;-0,055;4,8;5,55;0,864
575;18.07.2023;16:21:55;00:09:34;387,4;376,0;43,9;45,7;23,2;498,0;41,6;0,1;7,45E-2;-541,2;20,00;3,0;3,0;38,00;-0,07;-0,048;4,8;5,53;0,865
576;18.07.2023;16:21:56;00:09:35;389,3;378,8;44,1;45,9;23,2;499,6;41,7;0,1;7,45E-2;-541,2;20,00;3,0;3,0;38,00;-0,08;-0,049;4,8;5,54;0,866
577;18.07.2023;16:21:57;00:09:36;390,7;381,5;44,3;46,1;23,2;500,4;41,8;0,1;7,45E-2;-541,2;20,00;3,0;2,9;38,00;-0,07;-0,058;4,9;5,58;0,869
578;18.07.2023;16:21:58;00:09:37;392,1;381,5;44,3;46,1;23,2;501,9;41,8;0,1;7,45E-2;-541,2;20,00;3,0;3,0;38,00;-0,08;-0,057;4,9;5,54;0,869
579;18.07.2023;16:21:59;00:09:38;392,9;381,4;44,2;46,0;23,1;502,6;41,9;0,1;7,45E-2;-541,2;20,00;3,0;2,9;38,00;-0,08;-0,060;4,8;5,58;0,871
580;18.07.2023;16:22:00;00:09:39;394,2;381,4;44,4;46,2;23,1;504,1;42,1;0,1;7,45E-2;-541,2;20,00;3,0;2,9;37,99;-0,08;-0,055;4,9;5,59;0,876
581;18.07.2023;16:22:01;00:09:40;396,4;384,4;44,4;46,2;23,2;505,8;42,1;0,1;7,44E-2;-541,2;20,00;3,0;3,1;37,99;-0,08;-0,053;4,9;5,56;0,875
582;18.07.2023;16:22:02;00:09:41;397,4;387,3;44,6;46,5;23,2;506,5;42,1;0,1;7,44E-2;-541,1;20,00;3,0;3,0;38,00;-0,08;-0,058;4,9;5,59;0,879
583;18.07.2023;16:22:03;00:09:42;399,0;387,3;44,6;46,5;23,2;508,0;42,2;0,1;7,43E-2;-541,2;20,00;3,0;3,0;37,99;-0,08;-0,060;4,9;5,57;0,879
584;18.07.2023;16:22:04;00:09:43;400,7;390,3;44,9;46,7;23,2;509,5;42,2;0,1;7,43E-2;-541,2;20,00;3,0;3,1;37,99;-0,08;-0,064;4,9;5,58;0,879
585;18.07.2023;16:22:05;00:09:44;401,8;390,3;45,1;46,7;23,2;510,3;42,3;0,1;7,43E-2;-541,2;20,00;3,0;3,0;37,99;-0,08;-0,057;4,9;5,62;0,879
586;18.07.2023;16:22:06;00:09:45;403,2;393,3;45,1;46,9;23,3;511,8;42,4;0,1;7,42E-2;-541,2;20,00;3,0;3,0;37,99;-0,08;-0,063;5,0;5,62;0,884
587;18.07.2023;16:22:07;00:09:46;405,0;396,0;45,3;47,2;23,3;513,4;42,6;0,1;7,42E-2;-541,2;20,00;3,0;3,0;37,98;-0,08;-0,060;4,9;5,60;0,885
588;18.07.2023;16:22:08;00:09:47;405,8;396,0;45,3;47,2;23,3;514,1;42,5;0,1;7,41E-2;-541,2;20,00;3,0;3,0;37,98;-0,08;-0,059;5,0;5,61;0,885
589;18.07.2023;16:22:09;00:09:48;407,6;396,0;45,5;47,4;23,3;515,6;42,7;0,1;7,41E-2;-541,2;20,00;3,0;3,0;37,98;-0,08;-0,060;5,0;5,63;0,889
590;18.07.2023;16:22:10;00:09:49;409,4;398,8;45,5;47,4;23,4;517,1;42,7;0,1;7,40E-2;-541,2;20,00;3,0;3,0;37,98;-0,09;-0,063;5,0;5,60;0,893
591;18.07.2023;16:22:11;00:09:50;410,0;398,8;45,5;47,4;23,4;517,9;42,8;0,1;7,40E-2;-541,2;20,00;3,0;3,0;37,98;-0,09;-0,066;5,0;5,61;0,891
592;18.07.2023;16:22:12;00:09:51;412,1;401,5;45,7;47,6;23,4;519,4;42,8;0,1;7,40E-2;-541,2;20,00;3,0;3,0;37,98;-0,09;-0,059;5,1;5,61;0,894
593;18.07.2023;16:22:13;00:09:52;412,8;401,5;45,9;47,6;23,4;520,1;42,9;0,1;7,40E-2;-541,2;20,00;3,0;3,0;37,98;-0,09;-0,065;5,0;5,61;0,893
594;18.07.2023;16:22:14;00:09:53;414,9;404,3;45,9;47,8;23,4;521,8;42,9;0,1;7,39E-2;-541,2;20,00;3,0;3,0;37,98;-0,09;-0,062;5,1;5,64;0,897
595;18.07.2023;16:22:15;00:09:54;416,3;404,3;46,1;48,0;23,4;523,3;43,2;0,1;7,39E-2;-541,2;20,00;3,0;3,0;37,98;-0,10;-0,059;5,0;5,59;0,900
596;18.07.2023;16:22:16;00:09:55;417,3;407,0;46,1;48,0;23,4;524,0;43,1;0,1;7,39E-2;-541,2;20,00;3,0;3,0;37,98;-0,09;-0,060;5,1;5,64;0,904
597;18.07.2023;16:22:17;00:09:56;419,0;409,8;46,3;48,3;23,4;525,5;43,3;0,1;7,38E-2;-541,2;20,00;3,0;3,0;37,98;-0,10;-0,057;5,1;5,60;0,904
598;18.07.2023;16:22:18;00:09:57;420,8;409,8;46,3;48,3;23,4;527,0;43,3;0,1;7,37E-2;-541,2;20,00;3,0;3,0;37,98;-0,10;-0,058;5,1;5,65;0,904
599;18.07.2023;16:22:19;00:09:58;421,4;409,6;46,1;48,1;23,2;527,8;43,4;0,1;7,37E-2;-541,2;20,00;3,0;3,0;37,97;-0,10;-0,055;5,1;5,64;0,908
600;18.07.2023;16:22:20;00:09:59;423,4;412,6;46,3;48,3;23,2;529,3;43,4;0,1;7,37E-2;-541,2;20,00;3,0;3,0;37,97;-0,10;-0,057;5,1;5,64;0,912
601;18.07.2023;16:22:21;00:10:00;425,4;412,6;46,5;48,3;23,2;530,9;43,6;0,1;7,36E-2;-541,2;20,00;3,0;3,0;37,97;-0,10;-0,076;5,2;5,66;0,916
602;18.07.2023;16:22:22;00:10:01;426,3;415,6;46,5;48,6;23,3;531,6;43,6;0,1;7,36E-2;-541,2;20,00;3,0;3,0;37,97;-0,10;-0,073;5,2;5,70;0,918
603;18.07.2023;16:22:23;00:10:02;427,9;415,6;46,5;48,6;23,3;533,1;43,7;0,1;7,36E-2;-541,2;20,00;3,0;3,0;37,97;-0,10;-0,058;5,2;5,66;0,918
604;18.07.2023;16:22:24;00:10:03;429,2;415,6;46,8;48,8;23,3;533,9;43,8;0,1;7,36E-2;-541,2;20,00;3,0;3,0;37,97;-0,10;-0,062;5,2;5,64;0,919
605;18.07.2023;16:22:25;00:10:04;430,6;418,7;46,8;48,8;23,3;535,4;43,8;0,1;7,35E-2;-541,2;20,00;3,0;3,0;37,97;-0,10;-0,057;5,2;5,67;0,922
606;18.07.2023;16:22:26;00:10:05;432,6;421,8;47,0;49,1;23,4;536,9;43,8;0,1;7,35E-2;-541,2;20,00;3,0;3,0;37,96;-0,10;-0,057;5,2;5,68;0,927
607;18.07.2023;16:22:27;00:10:06;433,6;421,8;47,0;49,1;23,4;537,8;43,9;0,1;7,35E-2;-541,2;20,00;3,0;3,0;37,96;-0,10;-0,062;5,2;5,68;0,922
608;18.07.2023;16:22:28;00:10:07;435,6;424,7;47,2;49,3;23,4;539,3;43,9;0,1;7,35E-2;-541,2;20,00;3,0;3,0;37,97;-0,11;-0,060;5,3;5,66;0,926
609;18.07.2023;16:22:29;00:10:08;437,3;424,7;47,2;49,3;23,4;540,8;44,1;0,1;7,34E-2;-541,2;20,00;3,0;3,0;37,96;-0,10;-0,070;5,3;5,67;0,932
610;18.07.2023;16:22:30;00:10:09;438,2;427,7;47,4;49,5;23,4;541,5;44,2;0,1;7,34E-2;-541,2;20,00;3,0;3,0;37,96;-0,11;-0,062;5,3;5,70;0,933
611;18.07.2023;16:22:31;00:10:10;440,2;427,7;47,4;49,5;23,4;543,0;44,2;0,1;7,34E-2;-541,2;20,00;3,0;3,0;37,96;-0,10;-0,068;5,3;5,69;0,935
612;18.07.2023;16:22:32;00:10:11;441,9;430,6;47,6;49,7;23,4;544,5;44,2;0,1;7,33E-2;-541,2;20,00;3,0;3,0;37,96;-0,11;-0,065;5,3;5,69;0,937
613;18.07.2023;16:22:33;00:10:12;442,9;430,6;47,8;49,7;23,5;545,4;44,3;0,1;7,33E-2;-541,2;20,00;3,0;3,0;37,96;-0,11;-0,063;5,3;5,69;0,938
614;18.07.2023;16:22:34;00:10:13;445,0;433,4;47,8;50,0;23,5;546,9;44,3;0,1;7,33E-2;-541,2;20,00;3,0;3,0;37,95;-0,11;-0,067;5,4;5,71;0,943
615;18.07.2023;16:22:35;00:10:14;446,9;433,4;48,0;50,2;23,5;548,4;44,5;0,1;7,33E-2;-541,2;20,00;3,0;3,0;37,96;-0,11;-0,060;5,4;5,70;0,944
616;18.07.2023;16:22:36;00:10:15;447,6;436,3;48,0;50,2;23,5;549,1;44,4;0,1;7,33E-2;-541,1;20,00;3,0;3,0;37,95;-0,11;-0,064;5,3;5,72;0,943
617;18.07.2023;16:22:37;00:10:16;449,4;436,3;48,2;50,4;23,5;550,6;44,6;0,1;7,32E-2;-541,2;20,00;3,0;3,0;37,96;-0,12;-0,062;5,4;5,71;0,947
618;18.07.2023;16:22:38;00:10:17;450,5;436,3;48,2;50,4;23,5;551,4;44,7;0,1;7,32E-2;-541,2;20,00;3,0;2,9;37,95;-0,11;-0,069;5,4;5,69;0,950
619;18.07.2023;16:22:39;00:10:18;452,2;439,3;48,2;50,5;23,6;553,0;44,7;0,1;7,32E-2;-541,2;20,00;3,0;2,9;37,95;-0,12;-0,076;5,4;5,71;0,952
620;18.07.2023;16:22:40;00:10:19;454,2;442,4;48,5;50,7;23,6;554,5;45,0;0,1;7,31E-2;-541,2;20,00;3,0;3,0;37,95;-0,12;-0,071;5,5;5,72;0,957
621;18.07.2023;16:22:41;00:10:20;455,4;442,4;48,5;50,7;23,6;555,3;44,8;0,1;7,31E-2;-541,2;20,00;3,0;3,1;37,95;-0,12;-0,071;5,5;5,72;0,957
622;18.07.2023;16:22:42;00:10:21;456,9;445,5;48,8;50,9;23,7;556,8;44,8;0,1;7,31E-2;-541,2;20,00;3,0;3,0;37,95;-0,12;-0,064;5,5;5,73;0,957
623;18.07.2023;16:22:43;00:10:22;459,0;445,5;49,0;50,9;23,7;558,3;45,0;0,1;7,31E-2;-541,2;20,00;3,0;3,0;37,95;-0,12;-0,060;5,5;5,71;0,960
624;18.07.2023;16:22:44;00:10:23;460,0;445,5;49,0;51,2;23,7;559,0;45,1;0,1;7,31E-2;-541,2;20,00;3,0;3,0;37,95;-0,13;-0,061;5,5;5,70;0,960
625;18.07.2023;16:22:45;00:10:24;461,9;448,7;49,0;51,2;23,8;560,6;45,1;0,1;7,31E-2;-541,2;20,00;3,0;3,0;37,95;-0,13;-0,062;5,5;5,74;0,960
626;18.07.2023;16:22:46;00:10:25;463,0;448,7;49,2;51,4;23,8;561,4;45,2;0,1;7,31E-2;-541,2;20,00;3,0;2,9;37,94;-0,12;-0,070;5,5;5,74;0,963
627;18.07.2023;16:22:47;00:10:26;464,6;451,8;49,2;51,4;23,8;562,9;45,2;0,1;7,31E-2;-541,2;20,00;3,0;3,0;37,95;-0,13;-0,061;5,5;5,74;0,963
628;18.07.2023;16:22:48;00:10:27;466,3;454,8;49,4;51,7;23,8;564,4;45,1;0,1;7,31E-2;-541,2;20,00;3,0;3,0;37,94;-0,13;-0,062;5,5;5,72;0,964
629;18.07.2023;16:22:49;00:10:28;468,5;454,8;49,6;51,7;23,8;565,9;45,4;0,1;7,30E-2;-541,2;20,00;3,0;3,0;37,94;-0,13;-0,060;5,5;5,72;0,972
630;18.07.2023;16:22:50;00:10:29;469,4;457,8;49,6;51,9;23,8;566,6;45,3;0,1;7,30E-2;-541,2;20,00;3,0;3,0;37,94;-0,13;-0,060;5,6;5,74;0,973
631;18.07.2023;16:22:51;00:10:30;471,2;457,8;49,8;51,9;23,8;568,3;45,5;0,1;7,30E-2;-541,2;20,00;3,0;3,0;37,94;-0,13;-0,059;5,6;5,73;0,976
632;18.07.2023;16:22:52;00:10:31;473,1;460,8;49,8;52,1;23,8;569,8;45,4;0,1;7,30E-2;-541,2;20,00;3,0;3,0;37,94;-0,13;-0,059;5,6;5,78;0,977
633;18.07.2023;16:22:53;00:10:32;474,2;460,8;50,1;52,4;23,8;570,5;45,5;0,1;7,30E-2;-541,2;20,00;3,0;3,1;37,93;-0,13;-0,059;5,6;5,76;0,977
634;18.07.2023;16:22:54;00:10:33;476,0;463,8;50,1;52,4;23,9;572,0;45,5;0,1;7,31E-2;-541,2;20,00;3,0;3,0;37,94;-0,13;-0,060;5,6;5,75;0,982
635;18.07.2023;16:22:55;00:10:34;477,0;463,8;50,1;52,4;23,9;572,8;45,6;0,1;7,30E-2;-541,2;20,00;3,0;3,0;37,93;-0,13;-0,059;5,7;5,74;0,982
636;18.07.2023;16:22:56;00:10:35;479,0;466,8;50,3;52,6;23,9;574,3;45,6;0,1;7,30E-2;-541,2;20,00;3,0;3,0;37,94;-0,14;-0,055;5,6;5,76;0,984
637;18.07.2023;16:22:57;00:10:36;480,9;469,8;50,5;52,8;23,9;575,9;45,6;0,1;7,31E-2;-541,2;20,00;3,0;2,9;37,94;-0,14;-0,062;5,7;5,77;0,987
638;18.07.2023;16:22:58;00:10:37;481,5;469,8;50,5;52,8;23,9;576,6;45,7;0,1;7,31E-2;-541,2;20,00;3,0;2,9;37,93;-0,13;-0,060;5,7;5,78;0,985
639;18.07.2023;16:22:59;00:10:38;483,9;469,7;50,5;52,8;23,9;578,1;45,9;0,1;7,31E-2;-541,2;20,00;3,0;2,9;37,94;-0,14;-0,054;5,7;5,78;0,987
640;18.07.2023;16:23:00;00:10:39;485,6;473,0;50,7;53,1;23,9;579,6;46,0;0,1;7,31E-2;-541,2;20,00;3,0;3,0;37,93;-0,14;-0,045;5,7;5,78;0,996
641;18.07.2023;16:23:01;00:10:40;486,5;473,0;50,7;53,1;23,9;580,4;46,0;0,1;7,31E-2;-541,2;20,00;3,0;3,0;37,93;-0,14;-0,045;5,8;5,80;0,991
642;18.07.2023;16:23:02;00:10:41;488,3;476,2;50,9;53,3;23,9;581,9;45,9;0,1;7,31E-2;-541,2;20,00;3,0;3,0;37,93;-0,14;-0,044;5,8;5,77;0,996
643;18.07.2023;16:23:03;00:10:42;490,6;479,4;51,1;53,6;23,9;583,5;46,2;0,1;7,32E-2;-541,2;20,00;3,0;3,0;37,93;-0,14;-0,045;5,7;5,75;0,996
644;18.07.2023;16:23:04;00:10:43;491,2;479,4;51,1;53,6;23,9;584,3;46,0;0,1;7,32E-2;-541,2;20,00;3,0;3,0;37,93;-0,14;-0,042;5,7;5,76;0,996
645;18.07.2023;16:23:05;00:10:44;493,2;479,4;51,4;53,6;24,0;585,8;46,2;0,1;7,32E-2;-541,2;20,00;3,0;3,1;37,93;-0,14;-0,032;5,8;5,78;0,998
646;18.07.2023;16:23:06;00:10:45;495,2;482,7;51,4;53,8;24,0;587,3;46,1;0,1;7,33E-2;-541,2;20,00;3,0;3,0;37,93;-0,14;-0,031;5,8;5,84;1,001
647;18.07.2023;16:23:07;00:10:46;496,0;482,7;51,4;53,8;24,0;588,0;46,3;0,1;7,33E-2;-541,2;20,00;3,0;3,0;37,93;-0,14;-0,026;5,8;5,76;1,002
648;18.07.2023;16:23:08;00:10:47;498,0;485,7;51,6;54,1;24,0;589,5;46,2;0,1;7,34E-2;-541,2;20,00;3,0;3,0;37,93;-0,14;-0,029;5,8;5,76;1,001
649;18.07.2023;16:23:09;00:10:48;498,8;485,7;51,6;54,1;24,0;590,3;46,3;0,1;7,34E-2;-541,2;20,00;3,0;3,0;37,93;-0,14;-0,026;5,8;5,76;1,005
650;18.07.2023;16:23:10;00:10:49;501,3;488,8;51,8;54,3;24,0;591,9;46,3;0,1;7,35E-2;-541,2;20,00;3,0;3,0;37,93;-0,14;-0,019;5,8;5,77;1,009
651;18.07.2023;16:23:11;00:10:50;502,7;488,8;52,0;54,5;24,0;593,4;46,5;0,1;7,35E-2;-541,2;20,00;3,0;3,0;37,93;-0,14;-0,020;5,8;5,81;1,007
652;18.07.2023;16:23:12;00:10:51;503,8;492,0;52,0;54,5;24,0;594,1;46,4;0,1;7,35E-2;-541,2;20,00;3,0;3,0;37,92;-0,14;-0,016;5,8;5,79;1,006
653;18.07.2023;16:23:13;00:10:52;505,5;492,0;52,2;54,5;24,1;595,6;46,6;0,1;7,36E-2;-541,2;20,00;3,0;3,0;37,93;-0,14;-0,017;5,9;5,77;1,011
654;18.07.2023;16:23:14;00:10:53;507,6;495,1;52,2;54,8;24,1;597,1;46,5;0,1;7,37E-2;-541,2;20,00;3,0;3,0;37,93;-0,15;-0,004;5,9;5,80;1,015
655;18.07.2023;16:23:15;00:10:54;508,4;495,1;52,2;54,8;24,1;597,9;46,6;0,1;7,37E-2;-541,2;20,00;3,0;3,0;37,93;-0,14;-0,010;5,9;5,77;1,013
656;18.07.2023;16:23:16;00:10:55;510,7;498,3;52,4;55,0;24,1;599,5;46,6;0,1;7,39E-2;-541,2;20,00;3,0;3,0;37,93;-0,14;-0,005;5,8;5,76;1,014
657;18.07.2023;16:23:17;00:10:56;512,3;498,3;52,6;55,0;24,1;601,0;46,8;0,1;7,40E-2;-541,2;20,00;3,1;3,0;37,93;-0,14;0,003;5,9;5,82;1,020
658;18.07.2023;16:23:18;00:10:57;513,6;501,3;52,6;55,3;24,2;601,8;46,8;0,1;7,40E-2;-541,2;20,00;3,2;3,1;37,93;-0,14;0,002;6,0;5,82;1,023
659;18.07.2023;16:23:19;00:10:58;515,1;501,3;52,6;55,3;24,1;603,3;46,9;0,1;7,41E-2;-541,2;20,00;3,3;3,2;37,93;-0,14;0,030;6,0;5,84;1,021
660;18.07.2023;16:23:20;00:10:59;516,2;501,2;52,8;55,2;24,1;604,0;47,0;0,1;7,42E-2;-541,2;20,00;3,3;3,2;37,94;-0,13;0,064;5,9;5,80;1,026
661;18.07.2023;16:23:21;00:11:00;517,9;504,5;52,8;55,5;24,1;605,5;46,9;0,1;7,44E-2;-541,2;20,00;3,5;3,4;37,95;-0,12;0,159;6,0;5,83;1,031
662;18.07.2023;16:23:22;00:11:01;520,2;507,7;53,0;55,8;24,1;607,1;46,9;0,1;7,45E-2;-541,2;20,00;3,6;3,5;37,95;-0,12;0,242;6,0;5,81;1,035
663;18.07.2023;16:23:23;00:11:02;520,9;507,7;53,0;55,8;24,1;607,9;47,0;0,1;7,46E-2;-541,2;20,00;3,7;3,6;37,96;-0,11;0,274;6,0;5,80;1,035
664;18.07.2023;16:23:24;00:11:03;523,4;507,7;53,2;56,0;24,1;609,4;47,2;0,1;7,48E-2;-541,2;20,00;3,8;3,7;37,97;-0,10;0,333;6,0;5,85;1,039
665;18.07.2023;16:23:25;00:11:04;525,2;510,9;53,2;56,0;24,1;610,9;47,2;0,1;7,49E-2;-541,2;20,00;3,9;3,8;37,98;-0,09;0,388;6,0;5,83;1,040
666;18.07.2023;16:23:26;00:11:05;526,1;514,2;53,5;56,3;24,1;611,6;47,3;0,1;7,50E-2;-541,2;20,00;4,0;3,9;37,98;-0,09;0,402;6,1;5,79;1,043
667;18.07.2023;16:23:27;00:11:06;528,0;514,2;53,5;56,3;24,1;613,1;47,2;0,1;7,52E-2;-541,2;20,00;4,1;4,0;38,00;-0,07;0,438;6,0;5,83;1,045
668;18.07.2023;16:23:28;00:11:07;530,0;517,2;53,7;56,5;24,2;614,8;47,2;0,1;7,54E-2;-541,2;20,00;4,3;4,3;38,01;-0,06;0,502;6,1;5,79;1,045
669;18.07.2023;16:23:29;00:11:08;530,9;517,2;54,0;56,5;24,2;615,5;47,3;0,1;7,54E-2;-541,2;20,00;4,3;4,2;38,02;-0,05;0,533;6,1;5,81;1,049
670;18.07.2023;16:23:30;00:11:09;533,1;520,3;54,0;56,8;24,2;617,0;47,3;0,1;7,56E-2;-541,2;20,00;4,5;4,3;38,04;-0,03;0,603;6,2;5,85;1,057
671;18.07.2023;16:23:31;00:11:10;534,8;520,3;54,2;57,0;24,2;618,5;47,5;0,1;7,58E-2;-541,2;20,00;4,6;4,5;38,06;-0,02;0,683;6,2;5,82;1,059
672;18.07.2023;16:23:32;00:11:11;535,8;523,4;54,2;57,0;24,3;619,3;47,3;0,1;7,59E-2;-541,2;20,00;4,7;4,5;38,07;-0,01;0,714;6,2;5,84;1,061
673;18.07.2023;16:23:33;00:11:12;537,7;523,4;54,5;57,0;24,3;620,8;47,5;0,1;7,60E-2;-541,2;20,00;4,8;4,7;38,09;0,01;0,798;6,2;5,83;1,067
674;18.07.2023;16:23:34;00:11:13;538,6;526,5;54,5;57,2;24,3;621,6;47,6;0,1;7,61E-2;-541,2;20,00;4,9;4,8;38,10;0,03;0,859;6,3;5,87;1,073
675;18.07.2023;16:23:35;00:11:14;540,7;526,5;54,5;57,2;24,2;623,1;47,6;0,1;7,63E-2;-541,2;20,00;5,0;4,9;38,13;0,06;0,962;6,3;5,87;1,074
676;18.07.2023;16:23:36;00:11:15;542,6;529,6;54,7;57,5;24,2;624,6;47,5;0,1;7,64E-2;-541,2;20,00;5,1;5,0;38,16;0,08;1,101;6,3;5,84;1,078
677;18.07.2023;16:23:37;00:11:16;543,8;529,6;55,0;57,5;24,2;625,4;47,6;0,1;7,65E-2;-541,2;20,00;5,2;5,1;38,18;0,10;1,168;6,3;5,84;1,084
678;18.07.2023;16:23:38;00:11:17;545,8;532,8;55,0;57,7;24,3;626,9;47,6;0,1;7,66E-2;-541,2;20,00;5,3;5,2;38,21;0,13;1,336;6,3;5,87;1,090
679;18.07.2023;16:23:39;00:11:18;547,9;532,8;55,4;57,8;24,3;628,4;47,8;0,1;7,68E-2;-541,2;20,00;5,5;5,3;38,25;0,18;1,467;6,4;5,82;1,094
680;18.07.2023;16:23:40;00:11:19;549,1;532,8;55,4;58,0;24,3;629,3;47,9;0,1;7,69E-2;-541,2;20,00;5,5;5,4;38,28;0,20;1,563;6,4;5,84;1,098
681;18.07.2023;16:23:41;00:11:20;551,3;536,3;55,4;58,0;24,3;630,8;47,8;0,1;7,70E-2;-541,2;20,00;5,7;5,5;38,32;0,24;1,744;6,4;5,85;1,101
682;18.07.2023;16:23:42;00:11:21;553,3;539,9;55,7;58,3;24,5;632,3;47,7;0,1;7,71E-2;-541,2;20,00;5,8;5,7;38,36;0,30;1,908;6,5;5,81;1,109
683;18.07.2023;16:23:43;00:11:22;554,6;539,9;55,7;58,3;24,5;633,0;47,8;0,1;7,71E-2;-541,2;20,00;5,9;5,7;38,39;0,32;2,015;6,5;5,85;1,111
684;18.07.2023;16:23:44;00:11:23;556,7;539,9;56,1;58,6;24,5;634,5;48,0;0,1;7,73E-2;-541,2;20,00;6,0;5,9;38,45;0,38;2,241;6,6;5,84;1,118
685;18.07.2023;16:23:45;00:11:24;559,0;543,4;56,1;58,6;24,5;636,0;47,9;0,1;7,74E-2;-541,2;20,00;6,1;6,0;38,52;0,44;2,475;6,5;5,84;1,123
686;18.07.2023;16:23:46;00:11:25;560,4;547,1;56,5;58,8;24,5;636,9;47,8;0,1;7,74E-2;-541,2;20,00;6,2;6,1;38,56;0,48;2,614;6,6;5,83;1,128
687;18.07.2023;16:23:47;00:11:26;562,6;547,1;56,9;58,8;24,5;638,4;48,0;0,1;7,74E-2;-541,2;20,00;6,3;6,2;38,63;0,55;2,852;6,6;5,84;1,132
688;18.07.2023;16:23:48;00:11:27;563,8;550,6;56,9;59,2;24,5;639,1;47,8;0,1;7,74E-2;-541,2;20,00;6,4;6,3;38,66;0,59;2,972;6,6;5,80;1,137
689;18.07.2023;16:23:49;00:11:28;566,4;550,6;57,3;59,2;24,6;640,6;48,0;0,1;7,75E-2;-541,2;20,00;6,5;6,4;38,74;0,67;3,222;6,6;5,82;1,140
690;18.07.2023;16:23:50;00:11:29;568,3;554,1;57,3;59,4;24,5;642,1;47,9;0,1;7,75E-2;-541,2;20,00;6,7;6,5;38,83;0,74;3,463;6,7;5,85;1,149
691;18.07.2023;16:23:51;00:11:30;569,8;554,1;57,3;59,4;24,5;642,9;48,0;0,1;7,75E-2;-541,2;20,00;6,7;6,6;38,87;0,79;3,584;6,7;5,84;1,148
692;18.07.2023;16:23:52;00:11:31;572,3;557,7;57,7;59,7;24,6;644,5;47,9;0,1;7,75E-2;-541,2;20,00;6,9;6,8;38,97;0,89;3,830;6,7;5,86;1,156
693;18.07.2023;16:23:53;00:11:32;574,9;557,7;58,1;60,0;24,6;646,0;48,1;0,1;7,75E-2;-541,2;20,00;7,0;6,9;39,06;0,98;4,058;6,7;5,84;1,162
694;18.07.2023;16:23:54;00:11:33;576,1;561,3;58,1;60,0;24,6;646,8;48,0;0,1;7,75E-2;-541,2;20,00;7,1;6,9;39,11;1,03;4,159;6,8;5,84;1,167
695;18.07.2023;16:23:55;00:11:34;578,3;561,3;58,1;60,0;24,6;648,3;48,1;0,1;7,74E-2;-541,2;20,00;7,2;7,0;39,21;1,13;4,372;6,8;5,80;1,172
696;18.07.2023;16:23:56;00:11:35;580,9;564,6;58,5;60,2;24,6;649,8;48,0;0,1;7,74E-2;-541,2;20,00;7,3;7,2;39,31;1,24;4,581;6,9;5,82;1,177
697;18.07.2023;16:23:57;00:11:36;582,4;564,6;58,9;60,2;24,6;650,5;48,1;0,1;7,74E-2;-541,2;20,00;7,4;7,3;39,36;1,28;4,698;6,9;5,85;1,182
698;18.07.2023;16:23:58;00:11:37;585,0;567,3;58,9;60,5;24,6;652,1;48,1;0,1;7,73E-2;-541,2;20,00;7,5;7,3;39,49;1,40;4,939;7,0;5,84;1,192
699;18.07.2023;16:23:59;00:11:38;586,5;567,3;58,9;60,5;24,5;652,9;48,2;0,1;7,73E-2;-541,2;20,00;7,6;7,5;39,55;1,46;5,043;7,0;5,84;1,192
700;18.07.2023;16:24:00;00:11:39;589,1;567,3;59,3;60,5;24,5;654,4;48,4;0,1;7,71E-2;-541,2;20,00;7,7;7,6;39,66;1,58;5,282;7,1;5,85;1,204
701;18.07.2023;16:24:01;00:11:40;592,0;569,9;59,3;60,8;24,5;655,9;48,4;0,1;7,70E-2;-541,2;20,00;7,8;7,7;39,78;1,71;5,508;7,1;5,84;1,210
702;18.07.2023;16:24:02;00:11:41;593,4;572,4;59,7;61,1;24,5;656,6;48,5;0,1;7,70E-2;-541,2;20,00;7,9;7,8;39,85;1,76;5,592;7,1;5,82;1,212
703;18.07.2023;16:24:03;00:11:42;596,3;572,4;59,7;61,1;24,6;658,1;48,5;0,1;7,69E-2;-541,2;20,00;8,0;7,9;39,98;1,90;5,785;7,1;5,84;1,220
704;18.07.2023;16:24:04;00:11:43;599,3;575,3;60,2;61,4;24,7;659,8;48,6;0,1;7,68E-2;-541,2;20,00;8,2;8,0;40,12;2,04;6,005;7,2;5,87;1,227
705;18.07.2023;16:24:05;00:11:44;600,7;575,3;60,2;61,4;24,7;660,5;48,6;0,1;7,68E-2;-541,2;20,00;8,2;8,2;40,18;2,10;6,105;7,2;5,92;1,228
706;18.07.2023;16:24:06;00:11:45;603,0;578,7;60,6;61,7;24,7;662,0;48,5;0,1;7,66E-2;-541,2;20,00;8,4;8,2;40,33;2,24;6,294;7,2;5,82;1,236
707;18.07.2023;16:24:07;00:11:46;606,4;578,7;61,1;62,0;24,7;663,5;48,7;0,1;7,64E-2;-541,2;20,00;8,5;8,4;40,47;2,39;6,615;7,2;5,89;1,241
708;18.07.2023;16:24:08;00:11:47;607,5;578,7;61,1;62,0;24,7;664,3;48,8;0,1;7,64E-2;-541,1;20,00;8,6;8,5;40,55;2,46;6,762;7,3;5,84;1,248
709;18.07.2023;16:24:09;00:11:48;610,3;582,3;61,1;62,0;24,8;665,8;48,7;0,1;7,63E-2;-541,2;20,00;8,7;8,6;40,69;2,61;6,938;7,3;5,86;1,250
710;18.07.2023;16:24:10;00:11:49;613,2;586,2;61,5;62,2;24,8;667,4;48,5;0,1;7,61E-2;-541,2;20,00;8,8;8,7;40,84;2,77;7,050;7,4;5,81;1,255
711;18.07.2023;16:24:11;00:11:50;614,7;586,2;61,5;62,2;24,8;668,1;48,6;0,1;7,61E-2;-541,2;20,00;8,9;8,8;40,92;2,84;7,088;7,4;5,85;1,258
712;18.07.2023;16:24:12;00:11:51;617,5;590,2;61,9;62,5;24,8;669,6;48,5;0,1;7,60E-2;-541,2;20,00;9,0;8,9;41,06;2,98;7,134;7,3;5,82;1,258
713;18.07.2023;16:24:13;00:11:52;618,8;590,2;62,3;62,5;24,8;670,4;48,6;0,1;7,59E-2;-541,2;20,00;9,1;8,9;41,14;3,05;7,146;7,3;5,86;1,263
714;18.07.2023;16:24:14;00:11:53;621,5;594,3;62,3;62,8;24,8;671,9;48,5;0,1;7,58E-2;-541,2;20,00;9,2;9,1;41,27;3,20;7,147;7,4;5,88;1,271
715;18.07.2023;16:24:15;00:11:54;624,0;594,3;62,3;62,8;24,8;673,4;48,6;0,1;7,56E-2;-541,2;20,00;9,4;9,2;41,42;3,33;7,119;7,5;5,87;1,273
716;18.07.2023;16:24:16;00:11:55;625,7;598,5;62,7;63,1;24,8;674,3;48,4;0,1;7,55E-2;-541,2;20,00;9,4;9,3;41,49;3,41;7,092;7,5;5,84;1,276
717;18.07.2023;16:24:17;00:11:56;628,1;598,5;63,1;63,1;24,9;675,8;48,6;0,1;7,54E-2;-541,2;20,00;9,6;9,4;41,63;3,55;7,029;7,4;5,79;1,277
718;18.07.2023;16:24:18;00:11:57;630,8;602,8;63,1;63,4;24,9;677,3;48,4;0,1;7,53E-2;-541,2;20,00;9,7;9,6;41,77;3,68;6,952;7,5;5,85;1,288
719;18.07.2023;16:24:19;00:11:58;632,2;602,8;63,1;63,4;24,9;678,0;48,5;0,1;7,52E-2;-541,2;20,00;9,8;9,6;41,83;3,75;6,901;7,5;5,81;1,284
720;18.07.2023;16:24:20;00:11:59;635,0;602,7;63,5;63,4;24,9;679,5;48,7;0,1;7,50E-2;-541,2;20,00;9,9;9,7;41,96;3,88;6,801;7,5;5,86;1,294
721;18.07.2023;16:24:21;00:12:00;637,4;607,3;63,5;63,7;24,9;681,0;48,5;0,1;7,50E-2;-541,2;20,00;10,0;9,9;42,08;4,00;6,669;7,5;5,83;1,293
722;18.07.2023;16:24:22;00:12:01;639,2;611,9;63,8;64,0;24,9;681,9;48,4;0,1;7,49E-2;-541,2;20,00;10,1;10,0;42,15;4,08;6,570;7,6;5,87;1,299
723;18.07.2023;16:24:23;00:12:02;641,6;611,9;63,8;64,0;24,9;683,4;48,4;0,1;7,48E-2;-541,2;20,00;10,2;10,1;42,28;4,19;6,437;7,6;5,85;1,300
724;18.07.2023;16:24:24;00:12:03;644,2;616,5;64,2;64,3;24,9;684,9;48,4;0,1;7,46E-2;-541,2;20,00;10,4;10,2;42,38;4,31;6,276;7,6;5,85;1,304
725;18.07.2023;16:24:25;00:12:04;645,6;616,5;64,2;64,3;24,9;685,6;48,3;0,1;7,46E-2;-541,2;20,00;10,4;10,3;42,45;4,36;6,190;7,6;5,82;1,305
726;18.07.2023;16:24:26;00:12:05;648,4;621,0;64,6;64,6;24,9;687,1;48,1;0,1;7,45E-2;-541,2;20,00;10,6;10,4;42,55;4,48;5,998;7,7;5,90;1,310
727;18.07.2023;16:24:27;00:12:06;649,6;621,0;64,6;64,6;24,9;687,9;48,2;0,1;7,44E-2;-541,2;20,00;10,6;10,5;42,61;4,52;5,909;7,6;5,82;1,308
728;18.07.2023;16:24:28;00:12:07;652,5;621,0;64,9;64,9;24,9;689,5;48,4;0,1;7,43E-2;-541,2;20,00;10,8;10,6;42,72;4,63;5,694;7,7;5,82;1,315
729;18.07.2023;16:24:29;00:12:08;654,6;625,3;64,9;64,9;25,0;691,0;48,2;0,1;7,42E-2;-541,2;20,00;10,9;10,7;42,81;4,74;5,500;7,7;5,80;1,317
730;18.07.2023;16:24:30;00:12:09;656,3;629,5;65,2;65,2;25,0;691,8;48,3;0,1;7,41E-2;-541,2;20,00;11,0;10,8;42,86;4,78;5,410;7,7;5,82;1,319
731;18.07.2023;16:24:31;00:12:10;658,7;629,5;65,2;65,2;25,1;693,3;48,1;0,1;7,40E-2;-541,2;20,00;11,1;11,0;42,95;4,88;5,201;7,6;5,83;1,319
732;18.07.2023;16:24:32;00:12:11;661,0;633,7;65,5;65,5;25,1;694,8;47,9;0,1;7,40E-2;-541,2;20,00;11,2;11,1;43,05;4,97;5,019;7,7;5,80;1,317
733;18.07.2023;16:24:33;00:12:12;662,3;633,7;65,8;65,5;25,1;695,5;48,0;0,1;7,39E-2;-541,2;20,00;11,3;11,2;43,09;5,02;4,934;7,7;5,82;1,321
734;18.07.2023;16:24:34;00:12:13;664,8;637,8;65,8;65,8;25,2;697,1;47,9;0,1;7,38E-2;-541,2;20,00;11,4;11,3;43,18;5,11;4,708;7,7;5,82;1,330
735;18.07.2023;16:24:35;00:12:14;667,5;637,8;66,0;66,1;25,2;698,6;48,0;0,1;7,36E-2;-541,2;20,00;11,5;11,4;43,27;5,18;4,494;7,7;5,80;1,328
736;18.07.2023;16:24:36;00:12:15;668,7;641,9;66,0;66,1;25,2;699,4;47,8;0,1;7,36E-2;-541,2;20,00;11,6;11,5;43,29;5,22;4,389;7,7;5,79;1,328
737;18.07.2023;16:24:37;00:12:16;671,1;641,9;66,3;66,4;25,2;700,9;48,0;0,1;7,35E-2;-541,2;20,00;11,7;11,6;43,36;5,28;4,153;7,7;5,80;1,328
738;18.07.2023;16:24:38;00:12:17;672,2;641,9;66,3;66,4;25,2;701,6;48,0;0,1;7,35E-2;-541,2;20,00;11,8;11,7;43,39;5,32;4,019;7,7;5,78;1,333
739;18.07.2023;16:24:39;00:12:18;674,5;646,0;66,3;66,4;25,2;703,1;47,9;0,1;7,35E-2;-541,2;20,00;11,9;11,8;43,46;5,38;3,777;7,7;5,75;1,332
740;18.07.2023;16:24:40;00:12:19;677,1;650,2;66,5;66,7;25,2;704,8;48,1;0,1;7,34E-2;-541,2;20,00;12,1;12,0;43,52;5,44;3,493;7,7;5,80;1,340
741;18.07.2023;16:24:41;00:12:20;677,9;650,2;66,5;66,7;25,2;705,5;47,8;0,1;7,34E-2;-541,1;20,00;12,1;12,0;43,54;5,47;3,372;7,8;5,76;1,338
742;18.07.2023;16:24:42;00:12:21;680,5;650,2;66,7;67,0;25,2;707,0;48,0;0,1;7,33E-2;-541,2;20,00;12,3;12,1;43,59;5,52;3,157;7,8;5,82;1,341
743;18.07.2023;16:24:43;00:12:22;682,9;654,5;66,7;67,0;25,1;708,5;47,8;0,1;7,32E-2;-541,2;20,00;12,4;12,3;43,64;5,56;2,935;7,8;5,80;1,343
744;18.07.2023;16:24:44;00:12:23;684,1;654,5;66,7;67,0;25,1;709,3;47,9;0,1;7,32E-2;-541,2;20,00;12,5;12,4;43,66;5,58;2,820;7,8;5,78;1,343
745;18.07.2023;16:24:45;00:12:24;686,5;658,7;66,9;67,3;25,1;710,8;47,7;0,1;7,31E-2;-541,2;20,00;12,6;12,5;43,70;5,63;2,603;7,8;5,82;1,343
746;18.07.2023;16:24:46;00:12:25;689,0;662,8;67,0;67,6;25,1;712,4;47,5;0,1;7,30E-2;-541,2;20,00;12,7;12,6;43,74;5,67;2,392;7,7;5,80;1,346
747;18.07.2023;16:24:47;00:12:26;690,0;662,8;67,0;67,6;25,1;713,1;47,6;0,1;7,30E-2;-541,2;20,00;12,8;12,7;43,76;5,69;2,300;7,7;5,77;1,343
748;18.07.2023;16:24:48;00:12:27;692,1;662,8;67,2;67,9;25,1;714,6;47,8;0,1;7,30E-2;-541,2;20,00;12,9;12,8;43,79;5,72;2,134;7,8;5,84;1,348
749;18.07.2023;16:24:49;00:12:28;694,4;666,5;67,2;67,9;25,2;716,1;47,6;0,1;7,29E-2;-541,2;20,00;13,1;12,9;43,83;5,75;1,980;7,8;5,75;1,348
750;18.07.2023;16:24:50;00:12:29;695,7;670,1;67,3;68,2;25,2;716,9;47,5;0,1;7,29E-2;-541,2;20,00;13,1;13,0;43,84;5,77;1,918;7,8;5,79;1,352
751;18.07.2023;16:24:51;00:12:30;697,9;670,1;67,3;68,2;25,2;718,4;47,6;0,1;7,28E-2;-541,2;20,00;13,3;13,1;43,87;5,80;1,772;7,8;5,78;1,348
752;18.07.2023;16:24:52;00:12:31;699,1;670,1;67,5;68,5;25,2;719,1;47,6;0,1;7,27E-2;-541,2;20,00;13,3;13,2;43,88;5,81;1,714;7,8;5,79;1,350
753;18.07.2023;16:24:53;00:12:32;701,4;673,5;67,5;68,5;25,3;720,8;47,5;0,1;7,26E-2;-541,2;20,00;13,5;13,4;43,91;5,84;1,585;7,8;5,80;1,352
754;18.07.2023;16:24:54;00:12:33;703,3;676,9;67,6;68,8;25,3;722,3;47,4;0,1;7,25E-2;-541,2;20,00;13,6;13,5;43,94;5,86;1,484;7,9;5,78;1,357
755;18.07.2023;16:24:55;00:12:34;704,6;676,9;67,6;68,8;25,3;723,0;47,5;0,1;7,25E-2;-541,2;20,00;13,7;13,5;43,94;5,88;1,437;7,8;5,75;1,353
756;18.07.2023;16:24:56;00:12:35;706,5;680,3;67,6;69,1;25,3;724,5;47,4;0,1;7,25E-2;-541,2;20,00;13,8;13,6;43,97;5,90;1,342;7,8;5,77;1,352
757;18.07.2023;16:24:57;00:12:36;708,7;680,3;67,6;69,1;25,3;726,0;47,5;0,1;7,24E-2;-541,2;20,00;13,9;13,8;43,99;5,92;1,257;7,8;5,78;1,355
758;18.07.2023;16:24:58;00:12:37;709,6;683,6;67,7;69,3;25,3;726,8;47,6;0,1;7,23E-2;-541,2;20,00;14,0;13,8;44,00;5,93;1,221;7,8;5,76;1,360
759;18.07.2023;16:24:59;00:12:38;711,5;683,6;67,7;69,3;25,4;728,4;47,5;0,1;7,22E-2;-541,2;20,00;14,1;14,0;44,02;5,95;1,151;7,8;5,76;1,359
760;18.07.2023;16:25:00;00:12:39;713,8;686,9;67,7;69,5;25,3;729,9;47,5;0,1;7,21E-2;-541,2;20,00;14,3;14,1;44,04;5,97;1,101;7,9;5,79;1,366
761;18.07.2023;16:25:01;00:12:40;714,5;686,9;67,7;69,5;25,3;730,6;47,5;0,1;7,21E-2;-541,2;20,00;14,3;14,2;44,05;5,98;1,075;7,8;5,80;1,362
762;18.07.2023;16:25:02;00:12:41;716,8;690,3;67,7;69,8;25,3;732,1;47,4;0,1;7,20E-2;-541,2;20,00;14,5;14,4;44,07;6,00;1,033;7,9;5,78;1,367
763;18.07.2023;16:25:03;00:12:42;717,7;690,3;67,7;69,8;25,4;732,9;47,4;0,1;7,20E-2;-541,2;20,00;14,5;14,4;44,08;6,00;1,011;7,9;5,76;1,360
764;18.07.2023;16:25:04;00:12:43;719,7;690,3;67,7;69,8;25,4;734,4;47,6;0,1;7,19E-2;-541,2;20,00;14,6;14,5;44,09;6,02;0,955;7,9;5,74;1,367
765;18.07.2023;16:25:05;00:12:44;721,3;693,7;67,7;70,1;25,4;736,0;47,5;0,1;7,18E-2;-541,2;20,00;14,8;14,6;44,11;6,04;0,923;7,9;5,78;1,368
766;18.07.2023;16:25:06;00:12:45;722,5;697,0;67,8;70,4;25,4;736,8;47,6;0,1;7,17E-2;-541,2;20,00;14,9;14,7;44,12;6,05;0,915;7,9;5,75;1,368
767;18.07.2023;16:25:07;00:12:46;724,2;697,0;67,8;70,4;25,4;738,3;47,5;0,1;7,16E-2;-541,2;20,00;15,0;14,8;44,13;6,07;0,886;7,9;5,77;1,366
768;18.07.2023;16:25:08;00:12:47;726,2;700,0;67,8;70,7;25,4;739,8;47,6;0,1;7,16E-2;-541,2;20,00;15,1;14,9;44,16;6,08;0,866;7,9;5,79;1,372
769;18.07.2023;16:25:09;00:12:48;727,0;700,0;67,8;70,7;25,4;740,5;47,4;0,1;7,16E-2;-541,2;20,00;15,2;15,0;44,16;6,09;0,865;7,9;5,76;1,371
770;18.07.2023;16:25:10;00:12:49;729,0;703,1;67,9;70,9;25,4;742,0;47,4;0,1;7,15E-2;-541,2;20,00;15,3;15,1;44,18;6,11;0,842;7,9;5,74;1,374
771;18.07.2023;16:25:11;00:12:50;730,9;703,1;68,0;71,2;25,4;743,6;47,5;0,1;7,14E-2;-541,2;20,00;15,4;15,3;44,20;6,13;0,828;7,9;5,78;1,372
772;18.07.2023;16:25:12;00:12:51;731,6;706,1;68,0;71,2;25,4;744,4;47,3;0,1;7,14E-2;-541,2;20,00;15,5;15,4;44,20;6,13;0,828;7,9;5,75;1,372
773;18.07.2023;16:25:13;00:12:52;733,3;706,1;68,0;71,2;25,5;745,9;47,5;0,1;7,12E-2;-541,2;20,00;15,6;15,5;44,22;6,15;0,813;7,9;5,77;1,373
774;18.07.2023;16:25:14;00:12:53;735,0;709,1;68,0;71,4;25,5;747,4;47,4;0,1;7,11E-2;-541,2;20,00;15,8;15,6;44,24;6,16;0,820;7,9;5,74;1,378
775;18.07.2023;16:25:15;00:12:54;736,1;709,1;68,0;71,4;25,5;748,1;47,5;0,1;7,11E-2;-541,2;20,00;15,8;15,7;44,25;6,17;0,818;7,9;5,80;1,373
776;18.07.2023;16:25:16;00:12:55;737,6;712,0;68,0;71,7;25,6;749,6;47,4;0,1;7,10E-2;-541,2;20,00;16,0;15,9;44,26;6,19;0,819;7,9;5,72;1,377
777;18.07.2023;16:25:17;00:12:56;738,4;712,0;68,0;71,7;25,6;750,0;47,5;0,1;7,10E-2;-541,2;20,00;16,0;15,9;44,27;6,20;0,812;7,9;5,76;1,377
778;18.07.2023;16:25:18;00:12:57;740,3;714,9;68,0;71,9;25,6;750,0;47,4;0,1;7,10E-2;-541,2;20,00;16,2;16,1;44,29;6,21;0,802;7,9;5,75;1,378
779;18.07.2023;16:25:19;00:12:58;739,5;714,9;68,0;71,9;25,6;750,0;47,3;0,1;7,09E-2;-541,2;20,00;16,3;16,2;44,32;6,25;0,957;7,9;5,75;1,374
780;18.07.2023;16:25:20;00:12:59;740,9;714,9;68,1;71,9;25,6;750,0;47,3;0,1;7,08E-2;-541,2;20,00;16,3;16,2;44,33;6,26;1,028;7,9;5,73;1,377
781;18.07.2023;16:25:21;00:13:00;742,9;717,9;68,1;72,1;25,7;750,0;47,1;0,1;7,07E-2;-541,2;20,00;16,5;16,3;44,35;6,28;1,055;7,9;5,74;1,370
782;18.07.2023;16:25:22;00:13:01;744,5;721,0;68,1;72,4;25,7;750,0;46,9;0,1;7,06E-2;-541,2;20,00;16,6;16,5;44,36;6,29;1,000;7,8;5,73;1,372
783;18.07.2023;16:25:23;00:13:02;745,2;721,0;68,1;72,4;25,7;750,0;46,8;0,1;7,06E-2;-541,2;20,00;16,7;16,5;44,37;6,30;0,970;7,8;5,69;1,368
784;18.07.2023;16:25:24;00:13:03;744,2;721,0;68,1;72,6;25,7;750,0;46,9;0,1;7,06E-2;-541,2;20,00;16,8;16,6;44,39;6,32;0,908;7,8;5,73;1,369
785;18.07.2023;16:25:25;00:13:04;747,1;723,9;68,1;72,6;25,7;750,0;46,6;0,1;7,05E-2;-541,2;20,00;16,9;16,8;44,41;6,34;0,892;7,8;5,70;1,363
786;18.07.2023;16:25:26;00:13:05;747,9;726,8;68,1;72,9;25,7;750,0;46,6;0,1;7,05E-2;-541,2;20,00;17,0;16,9;44,41;6,35;0,886;7,8;5,72;1,363
787;18.07.2023;16:25:27;00:13:06;742,0;726,8;68,1;72,9;25,7;750,0;46,4;0,1;7,03E-2;-541,2;20,00;17,1;17,0;44,43;6,36;0,871;7,7;5,72;1,357
788;18.07.2023;16:25:28;00:13:07;746,7;729,6;68,2;73,1;25,7;750,0;46,4;0,1;7,03E-2;-541,2;20,00;17,2;17,1;44,45;6,38;0,868;7,7;5,69;1,357
789;18.07.2023;16:25:29;00:13:08;749,3;729,6;68,2;73,1;25,7;750,0;46,2;0,1;7,02E-2;-541,2;20,00;17,3;17,1;44,46;6,39;0,856;7,8;5,69;1,357
790;18.07.2023;16:25:30;00:13:09;751,3;732,1;68,2;73,3;25,7;750,0;46,0;0,1;7,01E-2;-541,2;20,00;17,4;17,2;44,48;6,40;0,864;7,7;5,70;1,356
791;18.07.2023;16:25:31;00:13:10;752,1;732,1;68,2;73,3;25,7;750,0;46,0;0,1;7,01E-2;-541,2;20,00;17,4;17,4;44,48;6,42;0,866;7,7;5,71;1,349
792;18.07.2023;16:25:32;00:13:11;752,7;732,1;68,2;73,3;25,7;750,0;46,0;0,1;7,00E-2;-541,2;20,00;17,6;17,5;44,51;6,43;0,860;7,7;5,69;1,352
793;18.07.2023;16:25:33;00:13:12;752,1;734,5;68,2;73,6;25,7;750,0;45,8;0,1;6,99E-2;-541,2;20,00;17,7;17,6;44,53;6,45;0,890;7,6;5,67;1,347
794;18.07.2023;16:25:34;00:13:13;752,5;734,5;68,2;73,8;25,7;750,0;45,8;0,1;6,99E-2;-541,2;20,00;17,7;17,6;44,54;6,47;0,930;7,6;5,68;1,348
795;18.07.2023;16:25:35;00:13:14;753,3;736,7;68,2;73,8;25,7;750,0;45,6;0,1;6,97E-2;-541,2;20,00;17,9;17,8;44,57;6,50;1,059;7,7;5,68;1,345
796;18.07.2023;16:25:36;00:13:15;753,9;738,7;68,2;74,0;25,7;750,0;45,6;0,1;6,96E-2;-541,2;20,00;18,0;17,9;44,59;6,52;1,105;7,6;5,67;1,348
797;18.07.2023;16:25:37;00:13:16;754,2;738,7;68,2;74,0;25,8;750,0;45,5;0,1;6,96E-2;-541,2;20,00;18,1;18,0;44,60;6,53;1,106;7,6;5,65;1,344
798;18.07.2023;16:25:38;00:13:17;754,7;740,6;68,2;74,2;25,8;750,0;45,3;0,1;6,95E-2;-541,2;20,00;18,2;18,0;44,62;6,55;1,084;7,6;5,68;1,343
799;18.07.2023;16:25:39;00:13:18;755,4;740,6;68,1;74,2;25,8;750,0;45,3;0,1;6,94E-2;-541,2;20,00;18,3;18,2;44,64;6,58;1,091;7,6;5,65;1,338
800;18.07.2023;16:25:40;00:13:19;753,3;740,6;68,1;74,2;25,8;750,0;45,3;0,1;6,93E-2;-541,2;20,00;18,4;18,2;44,66;6,59;1,120;7,5;5,63;1,338
801;18.07.2023;16:25:41;00:13:20;754,0;742,5;68,1;74,4;25,8;750,0;45,2;0,1;6,92E-2;-541,2;20,00;18,5;18,4;44,68;6,61;1,143;7,6;5,68;1,338
802;18.07.2023;16:25:42;00:13:21;754,2;742,5;68,1;74,5;25,8;750,0;45,2;0,1;6,91E-2;-541,2;20,00;18,5;18,4;44,70;6,62;1,143;7,6;5,67;1,338
803;18.07.2023;16:25:43;00:13:22;754,8;744,2;68,1;74,5;25,9;750,0;45,0;0,1;6,91E-2;-541,2;20,00;18,7;18,5;44,71;6,64;1,118;7,5;5,63;1,338
804;18.07.2023;16:25:44;00:13:23;755,3;744,2;68,1;74,7;25,9;750,0;45,0;0,1;6,89E-2;-541,2;20,00;18,8;18,7;44,73;6,66;1,085;7,5;5,66;1,333
805;18.07.2023;16:25:45;00:13:24;755,6;745,8;68,1;74,7;25,8;750,0;44,9;0,1;6,89E-2;-541,2;20,00;18,8;18,7;44,74;6,67;1,074;7,5;5,64;1,332
806;18.07.2023;16:25:46;00:13:25;755,9;747,3;68,1;74,9;25,8;750,0;44,8;0,1;6,87E-2;-541,2;20,00;19,0;18,8;44,77;6,70;1,077;7,5;5,66;1,333
807;18.07.2023;16:25:47;00:13:26;756,3;747,3;68,1;74,9;25,9;750,0;44,7;0,1;6,86E-2;-541,2;20,00;19,1;19,0;44,79;6,72;1,054;7,5;5,62;1,329
808;18.07.2023;16:25:48;00:13:27;756,5;747,3;68,1;74,9;25,9;750,0;44,7;0,1;6,86E-2;-541,2;20,00;19,2;19,0;44,80;6,73;1,055;7,5;5,66;1,329
809;18.07.2023;16:25:49;00:13:28;757,0;748,6;68,1;75,0;25,9;750,0;44,6;0,1;6,85E-2;-541,2;20,00;19,3;19,1;44,82;6,75;1,075;7,5;5,65;1,328
810;18.07.2023;16:25:50;00:13:29;757,0;749,8;68,1;75,2;25,9;750,0;44,5;0,1;6,83E-2;-541,2;20,00;19,4;19,2;44,84;6,77;1,072;7,4;5,63;1,326
811;18.07.2023;16:25:51;00:13:30;757,3;749,8;68,1;75,2;25,9;750,0;44,5;0,1;6,82E-2;-541,2;20,00;19,5;19,3;44,85;6,78;1,080;7,5;5,64;1,326
812;18.07.2023;16:25:52;00:13:31;757,6;749,8;68,1;75,3;25,9;750,0;44,5;0,1;6,81E-2;-541,2;20,00;19,6;19,5;44,86;6,80;1,006;7,4;5,61;1,325
813;18.07.2023;16:25:53;00:13:32;757,9;750,8;68,1;75,3;26,0;750,0;44,4;0,1;6,80E-2;-541,2;20,00;19,7;19,6;44,89;6,83;1,007;7,5;5,61;1,324
814;18.07.2023;16:25:54;00:13:33;757,9;751,8;68,1;75,5;26,0;750,0;44,4;0,1;6,79E-2;-541,2;20,00;19,8;19,6;44,91;6,84;1,054;7,4;5,63;1,324
815;18.07.2023;16:25:55;00:13:34;758,2;751,8;68,1;75,5;26,0;750,0;44,4;0,1;6,77E-2;-541,2;20,00;19,9;19,8;44,93;6,86;1,115;7,4;5,61;1,321
816;18.07.2023;16:25:56;00:13:35;758,2;752,6;68,0;75,6;26,0;750,0;44,3;0,1;6,77E-2;-541,2;20,00;19,9;19,9;44,94;6,87;1,133;7,4;5,65;1,322
817;18.07.2023;16:25:57;00:13:36;758,5;752,6;68,0;75,6;26,0;750,0;44,3;0,1;6,76E-2;-541,2;20,00;20,1;19,9;44,96;6,90;1,156;7,4;5,56;1,319
818;18.07.2023;16:25:58;00:13:37;758,3;753,4;68,0;75,7;26,1;750,0;44,2;0,1;6,74E-2;-541,2;20,00;20,2;20,1;44,99;6,92;1,148;7,4;5,61;1,319
819;18.07.2023;16:25:59;00:13:38;758,4;753,4;68,0;75,7;26,1;750,0;44,2;0,1;6,73E-2;-541,2;20,00;20,2;20,1;45,00;6,93;1,135;7,4;5,56;1,318
820;18.07.2023;16:26:00;00:13:39;758,5;753,4;67,9;75,7;26,0;750,0;44,2;0,1;6,72E-2;-541,2;20,00;20,4;20,2;45,03;6,96;1,146;7,4;5,64;1,319
821;18.07.2023;16:26:01;00:13:40;758,9;754,1;67,9;75,8;26,1;750,0;44,1;0,1;6,71E-2;-541,2;20,00;20,5;20,3;45,05;6,98;1,150;7,4;5,66;1,319
822;18.07.2023;16:26:02;00:13:41;758,7;754,7;67,9;75,9;26,1;750,0;44,1;0,1;6,70E-2;-541,2;20,00;20,6;20,4;45,06;6,99;1,162;7,4;5,58;1,319
823;18.07.2023;16:26:03;00:13:42;749,1;754,7;67,9;75,9;26,1;750,0;44,1;0,1;6,68E-2;-541,2;20,00;20,7;20,6;45,09;7,01;1,212;7,3;5,57;1,317
824;18.07.2023;16:26:04;00:13:43;754,5;755,2;67,8;76,0;26,1;750,0;44,1;0,1;6,67E-2;-541,2;20,00;20,8;20,7;45,11;7,05;1,237;7,4;5,62;1,319
825;18.07.2023;16:26:05;00:13:44;755,3;755,2;67,8;76,0;26,2;750,0;44,0;0,1;6,66E-2;-541,2;20,00;20,9;20,7;45,13;7,05;1,253;7,4;5,62;1,319
826;18.07.2023;16:26:06;00:13:45;757,0;755,6;67,8;76,1;26,2;750,0;44,0;0,1;6,65E-2;-541,2;20,00;21,0;20,9;45,16;7,08;1,272;7,3;5,59;1,316
827;18.07.2023;16:26:07;00:13:46;757,4;755,6;67,7;76,1;26,2;750,0;44,0;0,1;6,63E-2;-541,2;20,00;21,1;21,0;45,18;7,12;1,286;7,4;5,58;1,316
828;18.07.2023;16:26:08;00:13:47;757,4;755,6;67,7;76,1;26,2;750,0;44,0;0,1;6,62E-2;-541,2;20,00;21,2;21,0;45,20;7,13;1,303;7,4;5,61;1,316
829;18.07.2023;16:26:09;00:13:48;757,6;756,0;67,7;76,2;26,2;750,0;43,9;0,1;6,61E-2;-541,2;20,00;21,3;21,2;45,22;7,16;1,342;7,4;5,62;1,317
830;18.07.2023;16:26:10;00:13:49;756,6;756,0;67,7;76,2;26,2;750,0;43,9;0,1;6,61E-2;-541,2;20,00;21,3;21,2;45,24;7,17;1,362;7,4;5,59;1,318
831;18.07.2023;16:26:11;00:13:50;742,8;756,3;67,7;76,2;26,2;750,0;43,9;0,1;6,59E-2;-541,2;20,00;21,5;21,3;45,64;7,56;3,269;7,3;5,58;1,306
832;18.07.2023;16:26:12;00:13:51;747,4;756,5;67,7;76,3;26,2;750,0;43,9;0,1;6,57E-2;-541,2;20,00;21,6;21,5;45,71;7,64;5,798;7,3;5,62;1,309
833;18.07.2023;16:26:13;00:13:52;748,7;756,5;67,7;76,3;26,2;750,0;43,9;0,1;6,57E-2;-541,2;20,00;21,7;21,6;45,73;7,65;5,919;7,3;5,59;1,309
834;18.07.2023;16:26:14;00:13:53;750,6;756,7;67,7;76,3;26,2;750,0;43,9;0,1;6,56E-2;-541,2;20,00;21,8;21,7;45,76;7,70;5,316;7,4;5,58;1,310
835;18.07.2023;16:26:15;00:13:54;751,4;756,7;67,7;76,3;26,2;750,0;43,8;0,1;6,54E-2;-541,2;20,00;21,9;21,8;45,82;7,73;4,384;7,3;5,58;1,310
836;18.07.2023;16:26:16;00:13:55;747,4;756,7;67,6;76,3;26,2;750,0;43,8;0,1;6,54E-2;-541,2;20,00;22,0;21,8;45,88;7,81;4,188;7,3;5,59;1,309
837;18.07.2023;16:26:17;00:13:56;747,9;756,9;67,6;76,4;26,2;748,3;44,5;0,1;6,53E-2;-541,2;20,00;22,0;21,9;45,91;7,83;3,882;0,0;0,05;0,058
838;18.07.2023;16:26:18;00:13:57;743,8;756,9;67,6;76,4;26,2;745,1;44,6;0,1;6,50E-2;-541,2;20,00;22,0;22,0;45,97;7,89;3,356;0,0;0,01;0,049
839;18.07.2023;16:26:19;00:13:58;741,0;756,9;67,6;76,4;26,2;743,7;44,7;0,1;6,49E-2;-541,2;20,00;22,0;22,0;45,99;7,92;3,190;0,0;0,01;0,049
840;18.07.2023;16:26:20;00:13:59;734,2;757,0;67,6;76,5;26,2;740,8;45,0;0,1;6,47E-2;-541,2;20,00;22,0;22,0;46,03;7,96;2,887;0,0;0,01;0,049
841;18.07.2023;16:26:21;00:14:00;730,8;756,0;67,6;76,5;26,2;739,3;45,1;0,1;6,45E-2;-541,2;20,00;22,0;22,0;46,05;7,97;2,718;0,0;0,01;0,050
842;18.07.2023;16:26:22;00:14:01;722,5;756,0;67,4;76,5;26,1;736,4;45,6;0,1;6,42E-2;-541,2;20,00;22,0;22,0;46,07;8,00;2,387;0,0;0,01;0,049
843;18.07.2023;16:26:23;00:14:02;715,2;753,4;67,4;76,5;25,9;733,5;46,0;0,1;6,39E-2;-541,2;20,00;22,0;22,0;46,10;8,03;2,061;0,0;0,01;0,049
844;18.07.2023;16:26:24;00:14:03;709,5;753,4;67,4;76,5;25,9;731,7;46,4;0,1;6,37E-2;-541,2;20,00;22,0;22,0;46,11;8,04;1,884;0,0;0,01;0,049
845;18.07.2023;16:26:25;00:14:04;702,3;748,6;67,1;76,5;25,6;728,8;46,8;0,1;6,34E-2;-541,2;20,00;22,0;22,0;46,13;8,06;1,632;0,0;0,01;0,050
846;18.07.2023;16:26:26;00:14:05;693,9;748,6;66,6;76,5;25,6;725,9;47,3;0,1;6,31E-2;-541,2;20,00;22,0;22,0;46,15;8,08;1,416;0,0;0,01;0,049
847;18.07.2023;16:26:27;00:14:06;690,2;741,3;66,6;76,5;25,5;724,4;47,5;0,1;6,29E-2;-541,2;20,00;22,0;22,1;46,16;8,09;1,328;0,0;0,01;0,049
848;18.07.2023;16:26:28;00:14:07;682,0;741,3;66,6;76,5;25,5;721,5;48,0;0,1;6,26E-2;-541,2;20,00;22,0;22,0;46,18;8,11;1,165;0,0;0,01;0,049
849;18.07.2023;16:26:29;00:14:08;674,5;732,1;66,0;76,4;25,4;718,6;48,5;0,1;6,23E-2;-541,2;20,00;22,0;22,0;46,19;8,12;1,035;0,0;0,01;0,049
850;18.07.2023;16:26:30;00:14:09;669,6;721,4;65,4;76,2;25,4;716,9;48,8;0,1;6,20E-2;-541,2;20,00;22,0;22,0;46,20;8,13;0,970;0,0;0,01;0,049
851;18.07.2023;16:26:31;00:14:10;662,1;721,4;65,4;76,2;25,4;714,0;49,2;0,1;6,17E-2;-541,2;20,00;22,0;22,1;46,21;8,14;0,880;0,0;0,01;0,049
852;18.07.2023;16:26:32;00:14:11;654,1;709,9;64,8;75,9;25,4;711,1;49,7;0,1;6,13E-2;-541,2;20,00;22,0;22,0;46,23;8,16;0,811;0,0;0,01;0,049
853;18.07.2023;16:26:33;00:14:12;650,4;709,9;64,8;75,9;25,3;709,6;49,9;0,1;6,11E-2;-541,2;20,00;22,0;22,0;46,23;8,16;0,784;0,0;0,01;0,049
854;18.07.2023;16:26:34;00:14:13;642,7;697,8;64,1;75,5;25,3;706,7;50,4;0,1;6,08E-2;-541,2;20,00;22,0;22,0;46,24;8,17;0,733;0,0;0,01;0,049
855;18.07.2023;16:26:35;00:14:14;638,9;697,8;64,1;75,5;25,3;705,2;50,7;0,1;6,06E-2;-541,2;20,00;22,0;22,0;46,25;8,18;0,715;0,0;0,01;0,049
856;18.07.2023;16:26:36;00:14:15;630,6;697,8;63,3;75,1;25,3;702,1;51,2;0,1;6,02E-2;-541,2;20,00;22,0;22,0;46,26;8,19;0,690;0,0;0,01;0,049
857;18.07.2023;16:26:37;00:14:16;622,9;685,5;63,3;75,1;25,3;699,1;51,6;0,1;5,99E-2;-541,2;20,00;22,0;22,0;46,28;8,21;0,652;0,0;0,01;0,049
858;18.07.2023;16:26:38;00:14:17;619,5;685,5;62,6;74,5;25,3;697,7;51,9;0,1;5,97E-2;-541,2;20,00;22,0;22,0;46,28;8,21;0,645;0,0;0,01;0,049
859;18.07.2023;16:26:39;00:14:18;611,9;673,1;62,6;74,5;25,3;694,8;52,4;0,1;5,93E-2;-541,2;20,00;22,0;22,0;46,29;8,22;0,622;0,0;0,01;0,049
860;18.07.2023;16:26:40;00:14:19;604,7;673,1;61,8;73,8;25,2;691,8;52,8;0,1;5,89E-2;-541,2;20,00;22,0;22,0;46,30;8,23;0,597;0,0;0,01;0,050
861;18.07.2023;16:26:41;00:14:20;601,2;659,8;61,8;73,8;25,2;690,4;53,0;0,1;5,88E-2;-541,2;20,00;22,0;22,0;46,31;8,24;0,592;0,0;0,01;0,049
862;18.07.2023;16:26:42;00:14:21;593,4;659,8;61,0;73,1;25,2;687,2;53,6;0,1;5,84E-2;-541,2;20,00;22,0;22,0;46,32;8,25;0,574;0,0;0,01;0,049
863;18.07.2023;16:26:43;00:14:22;585,9;646,5;61,0;73,1;25,2;684,3;54,0;0,1;5,80E-2;-541,2;20,00;22,0;22,0;46,33;8,26;0,556;0,0;0,01;0,049
864;18.07.2023;16:26:44;00:14:23;582,4;646,5;61,0;73,1;25,2;682,8;54,3;0,1;5,79E-2;-541,2;20,00;22,0;22,0;46,34;8,26;0,547;0,0;0,01;0,049
865;18.07.2023;16:26:45;00:14:24;575,2;633,3;60,2;72,3;25,2;679,9;54,7;0,1;5,77E-2;-541,2;20,00;22,0;22,0;46,35;8,28;0,536;0,0;0,01;0,049
866;18.07.2023;16:26:46;00:14:25;568,7;620,3;59,4;71,4;25,2;677,0;55,2;0,1;5,74E-2;-541,2;20,00;22,0;22,0;46,36;8,29;0,520;0,0;0,01;0,049
867;18.07.2023;16:26:47;00:14:26;564,6;620,3;59,4;71,4;25,2;675,5;55,4;0,1;5,73E-2;-541,2;20,00;22,0;22,0;46,36;8,29;0,510;0,0;0,01;0,049
868;18.07.2023;16:26:48;00:14:27;557,7;620,3;58,7;70,5;25,2;672,4;55,9;0,1;5,69E-2;-541,2;20,00;22,0;22,0;46,37;8,30;0,489;0,0;0,01;0,051
869;18.07.2023;16:26:49;00:14:28;553,7;608,2;58,7;70,5;25,2;670,9;56,1;0,1;5,68E-2;-541,2;20,00;22,0;22,0;46,37;8,30;0,484;0,0;0,01;0,049
870;18.07.2023;16:26:50;00:14:29;547,4;596,2;57,9;69,6;25,2;668,0;56,6;0,1;5,64E-2;-541,2;20,00;22,0;22,0;46,38;8,31;0,469;0,0;0,00;0,049
871;18.07.2023;16:26:51;00:14:30;540,5;596,2;57,9;69,6;25,2;665,1;57,0;0,1;5,61E-2;-541,2;20,00;22,0;22,0;46,39;8,32;0,456;0,0;0,00;0,049
872;18.07.2023;16:26:52;00:14:31;537,1;596,2;57,2;69,6;25,2;663,6;57,2;0,1;5,59E-2;-541,2;20,00;22,0;22,0;46,40;8,32;0,448;0,0;0,01;0,049
873;18.07.2023;16:26:53;00:14:32;530,2;584,3;57,2;68,7;25,2;660,7;57,7;0,1;5,56E-2;-541,2;20,00;22,0;22,0;46,40;8,33;0,442;0,0;0,01;0,049
874;18.07.2023;16:26:54;00:14:33;523,5;572,6;56,5;67,7;25,2;657,5;58,2;0,1;5,53E-2;-541,2;20,00;22,0;21,9;46,41;8,34;0,433;0,0;0,01;0,049
875;18.07.2023;16:26:55;00:14:34;519,9;572,6;56,5;67,7;25,2;656,1;58,4;0,1;5,51E-2;-541,2;20,00;22,0;21,9;46,42;8,35;0,434;0,0;0,01;0,049
876;18.07.2023;16:26:56;00:14:35;513,7;572,6;55,8;66,7;25,2;653,2;58,8;0,1;5,48E-2;-541,2;20,00;22,0;21,9;46,43;8,36;0,435;0,0;0,01;0,049
877;18.07.2023;16:26:57;00:14:36;507,0;561,0;55,8;66,7;25,2;650,2;59,3;0,1;5,45E-2;-541,2;20,00;22,0;21,9;46,43;8,36;0,432;0,0;0,01;0,049
878;18.07.2023;16:26:58;00:14:37;503,9;549,5;55,2;65,7;25,2;648,8;59,5;0,1;5,44E-2;-541,2;20,00;22,0;22,0;46,44;8,37;0,426;0,0;0,01;0,051
879;18.07.2023;16:26:59;00:14:38;497,3;549,5;55,2;65,7;25,2;645,9;60,0;0,1;5,41E-2;-541,2;20,00;22,0;22,0;46,45;8,38;0,405;0,0;0,01;0,049
880;18.07.2023;16:27:00;00:14:39;494,4;549,5;55,2;65,7;25,2;644,4;60,2;0,1;5,39E-2;-541,2;20,00;22,0;22,0;46,45;8,38;0,403;0,0;0,01;0,049
881;18.07.2023;16:27:01;00:14:40;487,4;537,0;54,4;64,6;25,2;641,2;60,6;0,1;5,36E-2;-541,2;20,00;22,0;21,9;46,46;8,39;0,398;0,0;0,01;0,049
882;18.07.2023;16:27:02;00:14:41;481,5;537,0;54,4;64,6;25,1;638,3;61,0;0,1;5,34E-2;-541,2;20,00;22,0;22,0;46,46;8,39;0,390;0,0;0,01;0,049
883;18.07.2023;16:27:03;00:14:42;478,0;524,7;53,7;63,4;25,1;636,8;61,3;0,1;5,32E-2;-541,2;20,00;22,0;21,9;46,47;8,40;0,383;0,0;0,01;0,050
884;18.07.2023;16:27:04;00:14:43;471,9;524,7;53,7;63,4;25,1;633,9;61,7;0,1;5,30E-2;-541,2;20,00;22,0;22,0;46,48;8,41;0,375;0,0;0,01;0,049
885;18.07.2023;16:27:05;00:14:44;465,7;512,5;53,0;62,3;25,1;631,0;62,1;0,1;5,27E-2;-541,2;20,00;22,0;22,0;46,48;8,41;0,370;0,0;0,01;0,049
886;18.07.2023;16:27:06;00:14:45;462,9;512,5;52,4;62,3;25,1;629,5;62,3;0,1;5,26E-2;-541,2;20,00;22,0;22,0;46,49;8,42;0,366;0,0;0,01;0,049
887;18.07.2023;16:27:07;00:14:46;456,1;500,6;52,4;61,2;25,1;626,4;62,8;0,1;5,24E-2;-541,2;20,00;22,0;22,0;46,49;8,42;0,359;0,0;0,01;0,049
888;18.07.2023;16:27:08;00:14:47;449,9;490,0;51,8;60,2;25,1;623,5;63,3;0,1;5,21E-2;-541,2;20,00;22,0;22,0;46,50;8,43;0,349;0,0;0,01;0,049
889;18.07.2023;16:27:09;00:14:48;447,1;490,0;51,8;60,2;25,1;622,0;63,5;0,1;5,21E-2;-541,2;20,00;22,0;22,0;46,50;8,43;0,341;0,0;0,01;0,051
890;18.07.2023;16:27:10;00:14:49;440,9;490,0;51,2;59,2;25,1;619,1;63,9;0,1;5,18E-2;-541,2;20,00;22,0;22,0;46,51;8,44;0,339;0,0;0,01;0,049
891;18.07.2023;16:27:11;00:14:50;435,4;479,5;51,2;59,2;25,1;616,2;64,3;0,1;5,16E-2;-541,2;20,00;22,0;22,1;46,52;8,45;0,339;0,0;0,01;0,049
892;18.07.2023;16:27:12;00:14:51;432,0;479,5;51,2;59,2;25,1;614,7;64,5;0,1;5,15E-2;-541,2;20,00;22,0;22,0;46,52;8,45;0,333;0,0;0,01;0,050
893;18.07.2023;16:27:13;00:14:52;426,3;469,2;50,7;58,2;25,1;611,5;65,0;0,1;5,12E-2;-541,2;20,00;22,0;22,0;46,52;8,46;0,319;0,0;0,01;0,049
894;18.07.2023;16:27:14;00:14:53;423,7;469,2;50,1;58,2;25,1;610,1;65,2;0,1;5,11E-2;-541,2;20,00;22,0;22,0;46,53;8,46;0,319;0,0;0,01;0,049
895;18.07.2023;16:27:15;00:14:54;417,6;459,1;50,1;57,3;25,1;607,2;65,6;0,1;5,09E-2;-541,2;20,00;22,0;22,0;46,54;8,47;0,321;0,0;0,01;0,049
896;18.07.2023;16:27:16;00:14:55;411,7;459,1;49,6;57,3;25,1;604,2;66,0;0,1;5,08E-2;-541,2;20,00;22,0;22,0;46,54;8,47;0,317;0,0;0,01;0,049
897;18.07.2023;16:27:17;00:14:56;409,1;449,0;49,6;56,3;25,1;602,8;66,2;0,1;5,06E-2;-541,2;20,00;22,0;22,0;46,54;8,47;0,310;0,0;0,00;0,049
898;18.07.2023;16:27:18;00:14:57;403,2;439,1;49,1;55,4;25,1;599,9;66,6;0,1;5,05E-2;-541,2;20,00;22,0;22,0;46,55;8,48;0,308;0,0;0,01;0,049
899;18.07.2023;16:27:19;00:14:58;397,7;439,1;49,1;55,4;25,1;596,7;67,1;0,1;5,02E-2;-541,2;20,00;22,0;22,1;46,56;8,49;0,306;0,0;0,01;0,049
900;18.07.2023;16:27:20;00:14:59;394,6;439,1;49,0;55,3;25,0;595,2;67,3;0,1;5,01E-2;-541,2;20,00;22,0;22,1;46,56;8,49;0,307;0,0;0,00;0,049
901;18.07.2023;16:27:21;00:15:00;389,4;428,6;48,4;54,3;25,0;592,3;67,7;0,0;4,99E-2;-541,2;20,00;22,0;22,0;46,56;8,49;0,299;0,0;0,01;0,050
902;18.07.2023;16:27:22;00:15:01;383,8;428,6;47,9;54,3;25,0;589,4;68,1;0,0;4,98E-2;-541,2;20,00;22,0;22,0;46,57;8,50;0,290;0,0;0,00;0,049
903;18.07.2023;16:27:23;00:15:02;381,2;418,4;47,9;53,4;25,0;587,9;68,3;0,0;4,97E-2;-541,2;20,00;22,0;22,0;46,57;8,50;0,289;0,0;0,01;0,049
904;18.07.2023;16:27:24;00:15:03;375,7;418,4;47,9;53,4;25,0;585,0;68,7;0,0;4,95E-2;-541,2;20,00;22,0;22,0;46,58;8,51;0,287;0,0;0,01;0,049
905;18.07.2023;16:27:25;00:15:04;370,2;408,2;47,4;52,5;25,0;581,9;69,1;0,0;4,93E-2;-541,2;20,00;22,0;21,9;46,58;8,51;0,282;0,0;0,01;0,049
906;18.07.2023;16:27:26;00:15:05;367,4;408,2;46,9;51,6;25,0;580,4;69,4;0,0;4,92E-2;-541,2;20,00;22,0;22,0;46,59;8,52;0,283;0,0;0,01;0,049
907;18.07.2023;16:27:27;00:15:06;362,6;398,3;46,9;51,6;24,9;577,5;69,7;0,0;4,90E-2;-541,2;20,00;22,0;21,9;46,59;8,52;0,283;0,0;0,01;0,049
908;18.07.2023;16:27:28;00:15:07;359,5;398,3;46,9;51,6;24,9;576,0;69,9;0,0;4,89E-2;-541,2;20,00;22,0;21,9;46,60;8,53;0,282;0,0;0,01;0,049
909;18.07.2023;16:27:29;00:15:08;354,4;389,1;46,4;50,8;24,9;573,1;70,3;0,0;4,88E-2;-541,2;20,00;22,0;22,0;46,60;8,53;0,282;0,0;0,00;0,050
910;18.07.2023;16:27:30;00:15:09;349,4;389,1;45,9;50,0;24,9;570,2;70,7;0,0;4,86E-2;-541,2;20,00;22,0;22,0;46,61;8,54;0,278;0,0;0,01;0,049
911;18.07.2023;16:27:31;00:15:10;346,8;380,1;45,9;50,0;24,9;568,7;70,9;0,0;4,85E-2;-541,2;20,00;22,0;22,0;46,61;8,54;0,271;0,0;0,00;0,049
912;18.07.2023;16:27:32;00:15:11;341,3;380,1;45,9;50,0;24,9;565,5;71,3;0,0;4,83E-2;-541,2;20,00;22,0;22,0;46,61;8,54;0,261;0,0;0,01;0,049
913;18.07.2023;16:27:33;00:15:12;336,1;371,2;45,5;49,2;24,9;562,6;71,7;0,0;4,81E-2;-541,2;20,00;22,0;22,0;46,62;8,55;0,265;0,0;0,01;0,049
914;18.07.2023;16:27:34;00:15:13;333,8;371,2;45,1;48,4;24,9;561,2;71,9;0,0;4,80E-2;-541,2;20,00;22,0;22,0;46,62;8,55;0,264;0,0;0,01;0,049
915;18.07.2023;16:27:35;00:15:14;329,0;362,5;45,1;48,4;24,9;558,2;72,3;0,0;4,79E-2;-541,2;20,00;22,0;22,0;46,63;8,56;0,267;0,0;0,01;0,049
916;18.07.2023;16:27:36;00:15:15;324,2;362,5;44,6;47,7;24,9;555,3;72,7;0,0;4,77E-2;-541,2;20,00;22,0;22,0;46,63;8,56;0,258;0,0;0,01;0,049
917;18.07.2023;16:27:37;00:15:16;321,5;354,0;44,6;47,7;24,9;553,9;72,9;0,0;4,76E-2;-541,2;20,00;22,0;22,0;46,63;8,56;0,257;0,0;0,01;0,049
918;18.07.2023;16:27:38;00:15:17;316,2;345,5;44,2;47,0;24,9;550,7;73,3;0,0;4,75E-2;-541,2;20,00;22,0;22,0;46,64;8,57;0,251;0,0;0,01;0,049
919;18.07.2023;16:27:39;00:15:18;311,2;345,5;44,2;47,0;24,9;547,8;73,7;0,0;4,73E-2;-541,2;20,00;22,0;22,0;46,64;8,58;0,257;0,0;0,01;0,049
920;18.07.2023;16:27:40;00:15:19;309,1;345,5;44,2;46,9;24,8;546,3;73,8;0,0;4,72E-2;-541,2;20,00;22,0;21,9;46,65;8,58;0,256;0,0;0,01;0,049
921;18.07.2023;16:27:41;00:15:20;304,3;336,6;43,7;46,2;24,8;543,4;74,2;0,0;4,71E-2;-541,2;20,00;22,0;22,0;46,66;8,58;0,265;0,0;0,00;0,049
922;18.07.2023;16:27:42;00:15:21;302,0;336,6;43,3;46,2;24,8;541,9;74,4;0,0;4,70E-2;-541,2;20,00;22,0;22,0;46,66;8,59;0,270;0,0;0,00;0,049
923;18.07.2023;16:27:43;00:15:22;297,1;327,8;43,3;45,4;24,8;539,0;74,8;0,0;4,68E-2;-541,2;20,00;22,0;22,0;46,66;8,60;0,282;0,0;0,00;0,049
924;18.07.2023;16:27:44;00:15:23;292,5;327,8;42,8;44,7;24,8;535,9;75,2;0,0;4,67E-2;-541,2;20,00;22,0;22,0;46,67;8,60;0,287;0,0;0,01;0,049
925;18.07.2023;16:27:45;00:15:24;289,6;319,2;42,8;44,7;24,8;534,4;75,4;0,0;4,66E-2;-541,2;20,00;22,0;22,1;46,67;8,60;0,292;0,0;0,01;0,049
926;18.07.2023;16:27:46;00:15:25;285,3;319,2;42,8;44,7;24,8;531,5;75,7;0,0;4,64E-2;-541,2;20,00;22,0;22,0;46,68;8,61;0,288;0,0;0,00;0,049
927;18.07.2023;16:27:47;00:15:26;280,6;310,5;42,4;44,0;24,8;528,6;76,1;0,0;4,63E-2;-541,2;20,00;22,0;22,0;46,68;8,61;0,290;0,0;0,00;0,051
928;18.07.2023;16:27:48;00:15:27;278,8;310,5;42,4;44,0;24,8;527,1;76,3;0,0;4,63E-2;-541,2;20,00;22,0;22,0;46,69;8,62;0,287;0,0;0,00;0,050
929;18.07.2023;16:27:49;00:15:28;274,0;302,5;42,0;43,4;24,8;524,2;76,6;0,0;4,61E-2;-541,2;20,00;22,0;21,9;46,69;8,62;0,279;0,0;0,01;0,050
930;18.07.2023;16:27:50;00:15:29;269,4;302,5;41,6;43,4;24,7;521,0;77,0;0,0;4,60E-2;-541,2;20,00;22,0;22,0;46,70;8,63;0,277;0,0;0,01;0,050
931;18.07.2023;16:27:51;00:15:30;266,9;294,6;41,6;42,7;24,7;519,6;77,2;0,0;4,59E-2;-541,2;20,00;22,0;22,0;46,70;8,63;0,272;0,0;0,00;0,049
932;18.07.2023;16:27:52;00:15:31;261,7;294,6;41,2;42,7;24,7;516,6;77,6;0,0;4,58E-2;-541,2;20,00;22,0;22,0;46,71;8,63;0,263;0,0;0,00;0,049
933;18.07.2023;16:27:53;00:15:32;259,6;286,8;41,2;42,1;24,7;515,2;77,8;0,0;4,57E-2;-541,2;20,00;22,0;22,0;46,71;8,64;0,258;0,0;0,01;0,049
934;18.07.2023;16:27:54;00:15:33;256,3;286,8;40,8;41,6;24,7;512,3;78,1;0,0;4,56E-2;-541,2;20,00;22,0;22,0;46,71;8,64;0,247;0,0;0,01;0,049
935;18.07.2023;16:27:55;00:15:34;251,4;279,5;40,8;41,6;24,7;509,3;78,5;0,0;4,54E-2;-541,2;20,00;22,0;22,1;46,72;8,65;0,237;0,0;0,01;0,051
936;18.07.2023;16:27:56;00:15:35;250,0;279,5;40,8;41,6;24,7;507,6;78,6;0,0;4,54E-2;-541,2;20,00;22,0;22,0;46,72;8,65;0,231;0,0;0,01;0,049
937;18.07.2023;16:27:57;00:15:36;250,0;272,2;40,5;41,0;24,7;504,7;78,6;0,0;4,52E-2;-541,2;20,00;22,0;22,0;46,72;8,65;0,231;0,0;0,01;0,049
938;18.07.2023;16:27:58;00:15:37;250,0;265,1;40,1;40,5;24,7;501,8;78,6;0,0;4,51E-2;-541,2;20,00;22,0;22,0;46,73;8,66;0,233;0,0;0,01;0,050
939;18.07.2023;16:27:59;00:15:38;250,0;265,1;40,1;40,5;24,7;500,3;78,6;0,0;4,50E-2;-541,2;20,00;22,0;22,0;46,73;8,66;0,232;0,0;0,01;0,049
940;18.07.2023;16:28:00;00:15:39;250,0;265,2;40,1;40,5;24,7;497,4;78,5;0,0;4,49E-2;-541,2;20,00;22,0;22,0;46,73;8,66;0,231;0,0;0,01;0,049
941;18.07.2023;16:28:01;00:15:40;250,0;257,7;39,8;40,0;24,7;494,5;78,5;0,0;4,48E-2;-541,2;20,00;22,0;22,0;46,74;8,67;0,224;0,0;0,00;0,049
942;18.07.2023;16:28:02;00:15:41;250,0;257,7;39,8;40,0;24,7;492,8;78,5;0,0;4,47E-2;-541,2;20,00;22,0;22,0;46,74;8,67;0,220;0,0;0,01;0,049
943;18.07.2023;16:28:03;00:15:42;250,0;250,4;39,4;39,4;24,7;489,9;78,4;0,0;4,46E-2;-541,2;20,00;22,0;22,0;46,74;8,67;0,213;0,0;0,01;0,049
944;18.07.2023;16:28:04;00:15:43;250,0;243,1;39,0;38,9;24,7;486,9;78,4;0,0;4,45E-2;-541,2;20,00;22,0;21,9;46,75;8,68;0,203;0,0;0,01;0,052
945;18.07.2023;16:28:05;00:15:44;250,0;243,1;39,0;38,9;24,7;485,5;78,3;0,0;4,44E-2;-541,2;20,00;22,0;22,0;46,75;8,68;0,202;0,0;0,01;0,051
946;18.07.2023;16:28:06;00:15:45;250,0;243,1;38,7;38,9;24,7;482,6;78,3;0,0;4,43E-2;-541,2;20,00;22,0;22,0;46,75;8,68;0,192;0,0;0,01;0,051
947;18.07.2023;16:28:07;00:15:46;250,0;236,0;38,7;38,4;24,7;481,1;78,3;0,0;4,42E-2;-541,2;20,00;22,0;22,0;46,76;8,69;0,190;0,0;0,01;0,050
948;18.07.2023;16:28:08;00:15:47;250,0;236,0;38,7;38,4;24,7;477,9;78,2;0,0;4,41E-2;-541,2;20,00;22,0;22,0;46,76;8,69;0,190;0,0;0,01;0,049
949;18.07.2023;16:28:09;00:15:48;250,0;229,6;38,3;37,9;24,7;475,0;78,1;0,0;4,40E-2;-541,2;20,00;22,0;22,0;46,76;8,69;0,192;0,0;0,01;0,049
950;18.07.2023;16:28:10;00:15:49;250,0;229,6;38,0;37,5;24,7;473,6;78,1;0,0;4,40E-2;-541,2;20,00;22,0;22,0;46,77;8,70;0,192;0,0;0,01;0,049
951;18.07.2023;16:28:11;00:15:50;250,0;223,2;38,0;37,5;24,6;470,6;78,0;0,0;4,38E-2;-541,2;20,00;22,0;22,0;46,77;8,70;0,190;0,0;0,01;0,051
952;18.07.2023;16:28:12;00:15:51;250,0;223,2;37,7;37,0;24,6;467,7;78,0;0,0;4,37E-2;-541,2;20,00;22,0;22,1;46,77;8,70;0,185;0,0;0,01;0,053
953;18.07.2023;16:28:13;00:15:52;250,0;216,9;37,7;37,0;24,6;466,3;78,0;0,0;4,37E-2;-541,2;20,00;22,0;22,0;46,77;8,70;0,184;0,0;0,01;0,049
954;18.07.2023;16:28:14;00:15:53;250,0;216,9;37,4;36,6;24,6;463,1;77,9;0,0;4,36E-2;-541,2;20,00;22,0;22,0;46,78;8,71;0,181;0,0;0,01;0,050
955;18.07.2023;16:28:15;00:15:54;250,0;210,7;37,4;36,6;24,6;460,2;77,8;0,0;4,35E-2;-541,2;20,00;22,0;22,0;46,78;8,71;0,180;0,0;0,00;0,049
956;18.07.2023;16:28:16;00:15:55;250,0;210,7;37,4;36,6;24,6;458,7;77,8;0,0;4,35E-2;-541,2;20,00;22,0;22,0;46,78;8,71;0,177;0,0;0,00;0,049
957;18.07.2023;16:28:17;00:15:56;250,0;204,7;37,0;36,2;24,6;455,8;77,7;0,0;4,34E-2;-541,2;20,00;22,0;22,0;46,79;8,72;0,173;0,0;0,00;0,049
958;18.07.2023;16:28:18;00:15:57;250,0;198,8;36,7;35,7;24,6;452,9;77,6;0,0;4,32E-2;-541,2;20,00;22,0;22,0;46,79;8,72;0,176;0,0;0,01;0,049
959;18.07.2023;16:28:19;00:15:58;250,0;198,8;36,7;35,7;24,6;451,4;77,6;0,0;4,32E-2;-541,2;20,00;22,0;22,0;46,79;8,72;0,178;0,0;0,00;0,049
960;18.07.2023;16:28:20;00:15:59;250,0;198,8;36,4;35,7;24,6;448,3;77,5;0,0;4,32E-2;-541,2;20,00;22,0;22,1;46,83;8,75;0,179;0,0;0,00;0,049
961;18.07.2023;16:28:21;00:16:00;250,0;198,8;36,4;35,3;24,6;446,8;77,4;0,0;4,31E-2;-541,2;20,00;22,0;22,0;46,88;8,80;0,519;0,0;0,00;0,049
962;18.07.2023;16:28:22;00:16:01;250,0;192,6;36,4;35,3;24,6;443,9;77,4;0,0;4,30E-2;-541,2;20,00;22,0;22,0;46,91;8,84;1,203;0,0;0,00;0,049
963;18.07.2023;16:28:23;00:16:02;250,0;186,6;36,0;34,9;24,6;441,0;77,3;0,0;4,29E-2;-541,2;20,00;22,0;22,0;46,92;8,85;1,371;0,0;0,00;0,050
964;18.07.2023;16:28:24;00:16:03;250,0;186,6;36,0;34,9;24,6;439,5;77,2;0,0;4,29E-2;-541,2;20,00;22,0;22,0;46,93;8,86;1,331;0,0;0,00;0,049
965;18.07.2023;16:28:25;00:16:04;250,0;180,6;35,7;34,5;24,6;436,6;77,1;0,0;4,28E-2;-541,2;20,00;22,0;22,0;46,93;8,86;1,147;0,0;0,00;0,049
966;18.07.2023;16:28:26;00:16:05;250,0;180,6;35,4;34,5;24,5;433,4;77,0;0,0;4,27E-2;-541,2;20,00;22,0;22,0;46,94;8,87;0,909;0,0;0,00;0,049
967;18.07.2023;16:28:27;00:16:06;250,0;174,8;35,4;34,1;24,5;432,0;77,0;0,0;4,27E-2;-541,2;20,00;22,0;22,0;46,94;8,88;0,806;0,0;0,01;0,049
968;18.07.2023;16:28:28;00:16:07;250,0;174,8;35,4;34,1;24,5;429,0;76,9;0,0;4,26E-2;-541,2;20,00;22,0;22,0;46,95;8,88;0,645;0,0;0,01;0,051
969;18.07.2023;16:28:29;00:16:08;250,0;169,6;35,1;33,7;24,5;426,1;76,8;0,0;4,25E-2;-541,2;20,00;22,0;22,1;46,96;8,89;0,524;0,0;0,00;0,049
970;18.07.2023;16:28:30;00:16:09;250,0;169,6;34,8;33,4;24,5;424,7;76,7;0,0;4,24E-2;-541,2;20,00;22,0;22,1;46,96;8,89;0,480;0,0;0,00;0,052
971;18.07.2023;16:28:31;00:16:10;250,0;164,4;34,8;33,4;24,5;421,7;76,6;0,0;4,24E-2;-541,2;20,00;22,0;22,0;46,97;8,90;0,414;0,0;0,01;0,051
972;18.07.2023;16:28:32;00:16:11;250,0;164,4;34,8;33,4;24,5;420,3;76,6;0,0;4,23E-2;-541,2;20,00;22,0;22,0;46,97;8,90;0,394;0,0;0,01;0,049
973;18.07.2023;16:28:33;00:16:12;250,0;159,2;34,5;33,0;24,5;417,1;76,5;0,0;4,22E-2;-541,2;20,00;22,0;22,0;46,98;8,91;0,387;0,0;0,00;0,049
974;18.07.2023;16:28:34;00:16:13;250,0;159,2;34,2;33,0;24,5;414,2;76,3;0,0;4,22E-2;-541,2;20,00;22,0;22,0;46,99;8,92;0,427;0,0;0,01;0,049
975;18.07.2023;16:28:35;00:16:14;250,0;154,1;34,2;32,6;24,5;412,7;76,3;0,0;4,21E-2;-541,2;20,00;22,0;22,0;47,00;8,93;0,454;0,0;0,01;0,049
976;18.07.2023;16:28:36;00:16:15;250,0;154,1;34,2;32,6;24,5;409,8;76,2;0,0;4,20E-2;-541,2;20,00;22,0;22,0;47,01;8,94;0,515;0,0;0,01;0,049
977;18.07.2023;16:28:37;00:16:16;250,0;149,1;33,9;32,3;24,4;406,9;76,1;0,0;4,20E-2;-541,2;20,00;22,0;22,0;47,02;8,95;0,527;0,0;0,01;0,049
978;18.07.2023;16:28:38;00:16:17;250,0;149,1;33,6;32,3;24,4;405,4;76,0;0,0;4,19E-2;-541,2;20,00;22,0;22,1;47,03;8,96;0,521;0,0;0,01;0,050
979;18.07.2023;16:28:39;00:16:18;250,0;144,3;33,6;31,9;24,4;402,3;75,9;0,0;4,18E-2;-541,2;20,00;22,0;22,0;47,03;8,96;0,496;0,0;0,00;0,049
980;18.07.2023;16:28:40;00:16:19;250,0;144,2;33,3;31,9;24,4;399,4;75,7;0,0;4,18E-2;-541,2;20,00;22,0;22,0;47,04;8,97;0,454;0,0;0,01;0,049
981;18.07.2023;16:28:41;00:16:20;250,0;144,2;33,3;31,9;24,4;397,9;75,7;0,0;4,17E-2;-541,2;20,00;22,0;22,0;47,04;8,97;0,434;0,0;0,01;0,049
982;18.07.2023;16:28:42;00:16:21;250,0;139,3;33,3;31,6;24,4;395,0;75,5;0,0;4,16E-2;-541,2;20,00;22,0;22,0;47,05;8,98;0,422;0,0;0,01;0,049
983;18.07.2023;16:28:43;00:16:22;250,0;134,5;33,0;31,2;24,4;392,1;75,4;0,0;4,16E-2;-541,2;20,00;22,0;22,0;47,06;8,99;0,417;0,0;0,01;0,049
984;18.07.2023;16:28:44;00:16:23;250,0;134,5;33,0;31,2;24,4;390,6;75,3;0,0;4,15E-2;-541,2;20,00;22,0;22,0;47,07;8,99;0,416;0,0;0,01;0,049
985;18.07.2023;16:28:45;00:16:24;250,0;129,9;32,7;30,9;24,4;387,4;75,2;0,0;4,15E-2;-541,2;20,00;22,0;22,0;47,07;9,01;0,408;0,0;0,01;0,049
986;18.07.2023;16:28:46;00:16:25;250,0;129,9;32,7;30,9;24,3;386,0;75,1;0,0;4,14E-2;-541,2;20,00;22,0;22,0;47,08;9,01;0,408;0,0;0,01;0,049
987;18.07.2023;16:28:47;00:16:26;250,0;125,3;32,4;30,6;24,3;383,0;75,0;0,0;4,14E-2;-541,2;20,00;22,0;22,0;47,09;9,02;0,414;0,0;0,01;0,049
988;18.07.2023;16:28:48;00:16:27;250,0;125,3;32,1;30,6;24,3;380,1;74,8;0,0;4,13E-2;-541,2;20,00;22,0;22,0;47,10;9,03;0,428;0,0;0,00;0,049
989;18.07.2023;16:28:49;00:16:28;250,0;121,3;32,1;30,3;24,3;378,7;74,8;0,0;4,12E-2;-541,2;20,00;22,0;22,0;47,10;9,03;0,432;0,0;0,00;0,049
990;18.07.2023;16:28:50;00:16:29;250,0;121,3;31,9;30,3;24,3;375,7;74,6;0,0;4,12E-2;-541,2;20,00;22,0;21,9;47,11;9,04;0,430;0,0;0,01;0,049
991;18.07.2023;16:28:51;00:16:30;250,0;117,4;31,9;30,0;24,3;372,6;74,5;0,0;4,31E-2;-541,2;20,00;22,0;12,8;52,00;13,46;14,658;0,0;0,01;0,049
992;18.07.2023;16:28:52;00:16:31;250,0;117,4;31,9;30,0;24,3;20,0;0,0;0,0;4,31E-2;-541,2;20,00;3,0;6,0;54,28;16,15;46,987;0,0;0,01;0,049
