Nr.;Datum;Zeit;P.Zeit;AV Pyro top;AV Control TC;AV Piston TC Top;AV Piston TC Bot;AV Transformer T;SV Temperature  ;AV CZ Output;AV abs. pressure;Vacuum;AV rel. pressure;SV Rel. Pressure;SV Force        ;AV Force;AV Abs. Piston T;AV Rel. Piston T;AV Speed;Power;U RMS;I RMS
;;;;°C;°C;°C;°C;°C;°C    ;%;mbar(a;mbar(a;mbar(g;mbar(g;kN    ;kN;mm;mm;mm/min;kW;V;kA
1;13.07.2023;15:49:39;00:00:00;250,0;18,8;19,5;18,2;20,0;20,0;0,0;999,7;1,00E3;-7,9;20,00;3,0;3,0;38,27;0,02;0,000;0,0;0,00;0,049
2;13.07.2023;15:49:40;00:00:01;250,0;18,7;19,6;18,2;20,1;20,0;0,0;999,7;1,00E3;-7,9;20,00;3,0;3,0;38,27;0,02;0,002;0,0;0,01;0,049
3;13.07.2023;15:49:41;00:00:02;250,0;18,7;19,6;18,2;20,1;20,0;0,0;999,7;1,00E3;-7,9;20,00;3,0;3,0;38,27;0,02;-0,001;0,0;0,01;0,049
4;13.07.2023;15:49:42;00:00:03;250,0;18,7;19,6;18,2;20,0;20,0;0,0;999,7;1,00E3;-7,9;20,00;3,0;3,0;38,27;0,02;-0,001;0,0;0,00;0,049
5;13.07.2023;15:49:43;00:00:04;250,0;18,7;19,6;18,2;20,0;20,0;0,0;999,6;1,00E3;-7,9;20,00;3,0;3,0;38,27;0,02;-0,002;0,0;0,00;0,049
6;13.07.2023;15:49:44;00:00:05;250,0;18,7;19,5;18,2;20,0;20,0;0,0;999,6;1,00E3;-7,9;20,00;3,0;3,0;38,27;0,02;0,000;0,0;0,00;0,049
7;13.07.2023;15:49:45;00:00:06;250,0;18,7;19,5;18,2;20,1;20,0;0,0;999,6;1,00E3;-7,9;20,00;3,0;3,0;38,27;0,02;0,001;0,0;0,00;0,049
8;13.07.2023;15:49:46;00:00:07;250,0;18,7;19,5;18,2;20,1;20,0;0,0;999,6;1,00E3;-7,9;20,00;3,0;3,0;38,27;0,02;0,001;0,0;0,00;0,049
9;13.07.2023;15:49:47;00:00:08;250,0;18,7;19,5;18,2;20,1;20,0;0,0;980,6;9,81E2;-21,4;20,00;3,0;3,0;38,27;0,02;-0,001;0,0;0,00;0,049
10;13.07.2023;15:49:48;00:00:09;250,0;18,6;19,5;18,2;20,1;20,0;0,0;929,3;9,29E2;-75,2;20,00;3,0;3,0;38,27;0,02;0,002;0,0;0,00;0,049
11;13.07.2023;15:49:49;00:00:10;250,0;18,6;19,5;18,2;19,8;20,0;0,0;883,0;8,83E2;-123,7;20,00;3,0;3,0;38,27;0,02;0,000;0,0;0,01;0,049
12;13.07.2023;15:49:50;00:00:11;250,0;18,4;19,2;17,9;19,8;20,0;0,0;862,8;8,63E2;-142,6;20,00;3,0;3,0;38,27;0,03;0,005;0,0;0,01;0,049
13;13.07.2023;15:49:51;00:00:12;250,0;18,3;19,2;17,9;19,8;20,0;0,0;825,0;8,25E2;-181,4;20,00;3,0;3,0;38,27;0,03;0,021;0,0;0,01;0,049
14;13.07.2023;15:49:52;00:00:13;250,0;18,3;19,2;17,9;19,8;20,0;0,0;803,9;8,04E2;-201,5;20,00;3,0;3,0;38,27;0,03;0,031;0,0;0,00;0,049
15;13.07.2023;15:49:53;00:00:14;250,0;18,3;19,2;17,9;19,8;20,0;0,0;770,1;7,70E2;-237,2;20,00;3,0;3,0;38,28;0,03;0,042;0,0;0,01;0,049
16;13.07.2023;15:49:54;00:00:15;250,0;18,3;19,2;17,9;19,8;20,0;0,0;736,2;7,36E2;-268,1;20,00;3,0;3,0;38,28;0,03;0,049;0,0;0,00;0,049
17;13.07.2023;15:49:55;00:00:16;250,0;18,2;19,2;17,9;19,8;20,0;0,0;721,1;7,21E2;-283,0;20,00;3,0;3,0;38,28;0,03;0,051;0,0;0,01;0,049
18;13.07.2023;15:49:56;00:00:17;250,0;18,2;19,2;17,8;19,8;20,0;0,0;691,4;6,91E2;-313,9;20,00;3,0;3,0;38,28;0,03;0,052;0,0;0,01;0,049
19;13.07.2023;15:49:57;00:00:18;250,0;18,2;19,2;17,8;19,8;20,0;0,0;663,6;6,64E2;-342,8;20,00;3,0;3,0;38,28;0,03;0,062;0,0;0,00;0,049
20;13.07.2023;15:49:58;00:00:19;250,0;18,1;19,3;17,7;19,8;20,0;0,0;646,9;6,47E2;-357,8;20,00;3,0;3,0;38,28;0,03;0,060;0,0;0,00;0,049
21;13.07.2023;15:49:59;00:00:20;250,0;18,1;19,3;17,7;19,8;20,0;0,0;621,7;6,22E2;-384,4;20,00;3,0;3,0;38,28;0,03;0,054;0,0;0,00;0,049
22;13.07.2023;15:50:00;00:00:21;250,0;18,0;19,3;17,6;19,8;20,0;0,0;596,4;5,96E2;-407,9;20,00;3,0;3,0;38,28;0,03;0,049;0,0;0,00;0,049
23;13.07.2023;15:50:01;00:00:22;250,0;18,0;19,3;17,6;19,8;20,0;0,0;585,3;5,85E2;-421,2;20,00;3,0;3,0;38,28;0,04;0,048;0,0;0,00;0,049
24;13.07.2023;15:50:02;00:00:23;250,0;17,9;19,2;17,5;19,8;20,0;0,0;561,7;5,62E2;-443,1;20,00;3,0;3,0;38,28;0,04;0,046;0,0;0,01;0,049
25;13.07.2023;15:50:03;00:00:24;250,0;17,9;19,2;17,5;19,8;20,0;0,0;550,8;5,51E2;-455,4;20,00;3,0;3,0;38,28;0,04;0,042;0,0;0,00;0,049
26;13.07.2023;15:50:04;00:00:25;250,0;17,9;19,2;17,4;19,8;20,0;0,0;527,6;5,28E2;-477,6;20,00;3,0;3,0;38,29;0,04;0,044;0,0;0,00;0,049
27;13.07.2023;15:50:05;00:00:26;250,0;17,8;19,2;17,4;19,9;20,0;0,0;506,1;5,06E2;-498,7;20,00;3,0;3,0;38,29;0,04;0,039;0,0;0,00;0,049
28;13.07.2023;15:50:06;00:00:27;250,0;17,7;19,2;17,3;19,9;20,0;0,0;497,4;4,97E2;-508,1;20,00;3,0;3,0;38,29;0,04;0,039;0,0;0,00;0,049
29;13.07.2023;15:50:07;00:00:28;250,0;17,7;19,2;17,3;19,9;20,0;0,0;476,7;4,77E2;-527,9;20,00;3,0;3,0;38,29;0,04;0,035;0,0;0,00;0,049
30;13.07.2023;15:50:08;00:00:29;250,0;17,6;19,2;17,2;19,9;20,0;0,0;458,7;4,59E2;-541,2;20,00;3,0;3,0;38,29;0,04;0,036;0,0;0,00;0,049
31;13.07.2023;15:50:09;00:00:30;250,0;17,6;19,2;16,9;19,9;20,0;0,0;450,1;4,50E2;-541,2;20,00;3,0;3,0;38,29;0,04;0,037;0,0;0,00;0,049
32;13.07.2023;15:50:10;00:00:31;250,0;17,3;18,9;16,8;19,6;20,0;0,0;433,1;4,33E2;-541,2;20,00;3,0;3,0;38,29;0,04;0,034;0,0;0,00;0,049
33;13.07.2023;15:50:11;00:00:32;250,0;17,2;18,9;16,8;19,6;20,0;0,0;414,4;4,14E2;-541,2;20,00;3,0;3,0;38,29;0,04;0,028;0,0;0,00;0,049
34;13.07.2023;15:50:12;00:00:33;250,0;17,2;18,9;16,8;19,6;20,0;0,0;407,1;4,07E2;-541,2;20,00;3,0;3,0;38,29;0,04;0,028;0,0;0,00;0,049
35;13.07.2023;15:50:13;00:00:34;250,0;17,2;18,9;16,7;19,6;20,0;0,0;391,3;3,91E2;-541,2;20,00;3,0;3,0;38,29;0,04;0,027;0,0;0,01;0,049
36;13.07.2023;15:50:14;00:00:35;250,0;17,1;18,9;16,6;19,6;20,0;0,0;376,3;3,76E2;-541,2;20,00;3,0;3,0;38,29;0,04;0,025;0,0;0,01;0,049
37;13.07.2023;15:50:15;00:00:36;250,0;17,1;18,9;16,6;19,6;20,0;0,0;368,9;3,69E2;-541,2;20,00;3,0;3,0;38,29;0,04;0,027;0,0;0,00;0,049
38;13.07.2023;15:50:16;00:00:37;250,0;17,1;18,9;16,5;19,6;20,0;0,0;354,7;3,55E2;-541,2;20,00;3,0;3,0;38,29;0,04;0,029;0,0;0,00;0,049
39;13.07.2023;15:50:17;00:00:38;250,0;17,1;18,9;16,5;19,7;20,0;0,0;347,6;3,48E2;-541,2;20,00;3,0;3,0;38,29;0,04;0,028;0,0;0,01;0,049
40;13.07.2023;15:50:18;00:00:39;250,0;17,1;18,9;16,5;19,7;20,0;0,0;333,3;3,33E2;-541,2;20,00;3,0;3,0;38,29;0,04;0,031;0,0;0,00;0,049
41;13.07.2023;15:50:19;00:00:40;250,0;17,1;18,9;16,5;19,7;20,0;0,0;320,4;3,20E2;-541,2;20,00;3,0;3,0;38,29;0,04;0,035;0,0;0,00;0,049
42;13.07.2023;15:50:20;00:00:41;250,0;17,1;18,9;16,5;19,7;20,0;0,0;314,4;3,14E2;-541,2;20,00;3,0;3,0;38,29;0,05;0,032;0,0;0,01;0,049
43;13.07.2023;15:50:21;00:00:42;250,0;17,0;18,9;16,5;19,7;20,0;0,0;302,2;3,02E2;-541,2;20,00;3,0;3,0;38,29;0,05;0,029;0,0;0,00;0,049
44;13.07.2023;15:50:22;00:00:43;250,0;17,0;18,9;16,4;19,7;20,0;0,0;290,4;2,90E2;-541,2;20,00;3,0;3,0;38,29;0,05;0,025;0,0;0,00;0,049
45;13.07.2023;15:50:23;00:00:44;250,0;17,0;18,9;16,4;19,7;20,0;0,0;284,9;2,85E2;-541,2;20,00;3,0;3,0;38,29;0,05;0,024;0,0;0,01;0,049
46;13.07.2023;15:50:24;00:00:45;250,0;17,0;18,9;16,4;19,7;20,0;0,0;273,0;2,73E2;-541,2;20,00;3,0;3,0;38,29;0,05;0,021;0,0;0,00;0,049
47;13.07.2023;15:50:25;00:00:46;250,0;17,0;18,9;16,4;19,7;20,0;0,0;262,7;2,63E2;-541,2;20,00;3,0;3,0;38,30;0,05;0,019;0,0;0,00;0,049
48;13.07.2023;15:50:26;00:00:47;250,0;17,0;18,9;16,4;19,7;20,0;0,0;257,5;2,57E2;-541,2;20,00;3,0;3,0;38,30;0,05;0,023;0,0;0,01;0,049
49;13.07.2023;15:50:27;00:00:48;250,0;17,0;18,9;16,4;19,7;20,0;0,0;247,6;2,48E2;-541,2;20,00;3,0;3,0;38,30;0,05;0,021;0,0;0,00;0,049
50;13.07.2023;15:50:28;00:00:49;250,0;17,0;18,9;16,4;19,8;20,0;0,0;238,2;2,38E2;-541,2;20,00;3,0;3,0;38,30;0,05;0,024;0,0;0,00;0,049
51;13.07.2023;15:50:29;00:00:50;250,0;16,8;18,9;16,4;19,8;20,0;0,0;233,7;2,34E2;-541,2;20,00;3,0;3,0;38,30;0,05;0,026;0,0;0,01;0,049
52;13.07.2023;15:50:30;00:00:51;250,0;16,8;18,8;16,3;19,6;20,0;0,0;224,0;2,24E2;-541,2;20,00;3,0;3,0;38,30;0,05;0,024;0,0;0,01;0,049
53;13.07.2023;15:50:31;00:00:52;250,0;16,8;18,8;16,3;19,6;20,0;0,0;219,6;2,20E2;-541,2;20,00;3,0;3,0;38,30;0,05;0,023;0,0;0,01;0,049
54;13.07.2023;15:50:32;00:00:53;250,0;16,8;18,8;16,3;19,6;20,0;0,0;211,1;2,11E2;-541,2;20,00;3,0;3,0;38,30;0,05;0,021;0,0;0,00;0,049
55;13.07.2023;15:50:33;00:00:54;250,0;16,8;18,8;16,3;19,6;20,0;0,0;202,9;2,03E2;-541,2;20,00;3,0;3,0;38,30;0,05;0,022;0,0;0,01;0,049
56;13.07.2023;15:50:34;00:00:55;250,0;16,8;18,8;16,3;19,6;20,0;0,0;199,0;1,99E2;-541,2;20,00;3,0;3,0;38,30;0,05;0,019;0,0;0,00;0,049
57;13.07.2023;15:50:35;00:00:56;250,0;16,8;18,8;16,3;19,7;20,0;0,0;191,7;1,92E2;-541,2;20,00;3,0;3,0;38,30;0,05;0,017;0,0;0,01;0,049
58;13.07.2023;15:50:36;00:00:57;250,0;16,9;18,8;16,3;19,7;20,0;0,0;183,8;1,84E2;-541,2;20,00;3,0;3,0;38,30;0,05;0,020;0,0;0,00;0,049
59;13.07.2023;15:50:37;00:00:58;250,0;16,9;18,8;16,3;19,7;20,0;0,0;180,1;1,80E2;-541,2;20,00;3,0;3,0;38,30;0,05;0,021;0,0;0,01;0,049
60;13.07.2023;15:50:38;00:00:59;250,0;16,9;18,8;16,3;19,7;20,0;0,0;173,5;1,74E2;-541,2;20,00;3,0;3,0;38,30;0,05;0,019;0,0;0,00;0,049
61;13.07.2023;15:50:39;00:01:00;250,0;16,9;18,8;16,3;19,7;20,0;0,0;162,1;1,62E2;-541,2;20,00;3,0;2,9;38,30;0,05;0,011;0,0;0,00;0,049
62;13.07.2023;15:50:40;00:01:01;250,0;16,9;18,8;16,3;19,7;20,0;0,0;155,6;1,56E2;-541,2;20,00;3,0;2,9;38,30;0,05;0,009;0,0;0,00;0,049
63;13.07.2023;15:50:41;00:01:02;250,0;16,9;18,8;16,3;19,7;20,0;0,0;143,4;1,43E2;-541,2;20,00;3,0;3,0;38,30;0,05;0,013;0,0;0,00;0,049
64;13.07.2023;15:50:42;00:01:03;250,0;16,9;18,8;16,4;19,7;20,0;0,0;136,8;1,37E2;-541,2;20,00;3,0;3,0;38,30;0,05;0,013;0,0;0,01;0,049
65;13.07.2023;15:50:43;00:01:04;250,0;16,9;18,8;16,4;19,7;20,0;0,0;126,7;1,27E2;-541,2;20,00;3,0;3,0;38,30;0,05;0,018;0,0;0,01;0,049
66;13.07.2023;15:50:44;00:01:05;250,0;16,9;18,8;16,4;19,7;20,0;0,0;117,7;1,18E2;-541,2;20,00;3,0;3,0;38,30;0,05;0,016;0,0;0,00;0,049
67;13.07.2023;15:50:45;00:01:06;250,0;16,9;18,8;16,4;19,7;20,0;0,0;113,2;1,13E2;-541,2;20,00;3,0;3,0;38,30;0,05;0,016;0,0;0,00;0,049
68;13.07.2023;15:50:46;00:01:07;250,0;16,9;18,8;16,4;19,8;20,0;0,0;105,2;1,05E2;-541,2;20,00;3,0;2,9;38,30;0,05;0,013;0,0;0,01;0,049
69;13.07.2023;15:50:47;00:01:08;250,0;16,9;18,8;16,4;19,8;20,0;0,0;97,6;9,76E1;-541,2;20,00;3,0;3,0;38,30;0,05;0,019;0,0;0,01;0,049
70;13.07.2023;15:50:48;00:01:09;250,0;16,9;18,8;16,4;19,8;20,0;0,0;93,6;9,36E1;-541,2;20,00;3,0;3,0;38,30;0,05;0,022;0,0;0,00;0,049
71;13.07.2023;15:50:49;00:01:10;250,0;16,7;18,8;16,2;19,6;20,0;0,0;86,7;8,67E1;-541,2;20,00;3,0;3,0;38,30;0,05;0,021;0,0;0,00;0,049
72;13.07.2023;15:50:50;00:01:11;250,0;16,7;18,6;16,2;19,6;20,0;0,0;80,8;8,08E1;-541,2;20,00;3,0;3,0;38,30;0,05;0,021;0,0;0,00;0,049
73;13.07.2023;15:50:51;00:01:12;250,0;16,7;18,6;16,2;19,6;20,0;0,0;77,8;7,78E1;-541,2;20,00;3,0;3,0;38,30;0,05;0,018;0,0;0,01;0,049
74;13.07.2023;15:50:52;00:01:13;250,0;16,7;18,6;16,2;19,6;20,0;0,0;72,3;7,23E1;-541,2;20,00;3,0;3,0;38,30;0,06;0,014;0,0;0,00;0,049
75;13.07.2023;15:50:53;00:01:14;250,0;16,7;18,6;16,2;19,6;20,0;0,0;66,6;6,66E1;-541,2;20,00;3,0;3,0;38,30;0,06;0,017;0,0;0,01;0,049
76;13.07.2023;15:50:54;00:01:15;250,0;16,7;18,6;16,3;19,6;20,0;0,0;64,2;6,42E1;-541,2;20,00;3,0;2,9;38,30;0,06;0,015;0,0;0,00;0,049
77;13.07.2023;15:50:55;00:01:16;250,0;16,7;18,6;16,3;19,6;20,0;0,0;59,1;5,91E1;-541,2;20,00;3,0;3,0;38,30;0,06;0,015;0,0;0,01;0,049
78;13.07.2023;15:50:56;00:01:17;250,0;16,7;18,6;16,3;19,6;20,0;0,0;57,0;5,70E1;-541,2;20,00;3,0;3,0;38,30;0,06;0,016;0,0;0,01;0,049
79;13.07.2023;15:50:57;00:01:18;250,0;16,7;18,6;16,3;19,6;20,0;0,0;52,8;5,28E1;-541,2;20,00;3,0;3,0;38,30;0,06;0,015;0,0;0,01;0,049
80;13.07.2023;15:50:58;00:01:19;250,0;16,7;18,6;16,3;19,6;20,0;0,0;49,1;4,91E1;-541,2;20,00;3,0;3,0;38,30;0,06;0,010;0,0;0,00;0,049
81;13.07.2023;15:50:59;00:01:20;250,0;16,7;18,6;16,3;19,6;20,0;0,0;47,3;4,73E1;-541,2;20,00;3,0;3,0;38,30;0,06;0,009;0,0;0,00;0,049
82;13.07.2023;15:51:00;00:01:21;250,0;16,7;18,6;16,4;19,6;20,0;0,0;43,7;4,37E1;-541,2;20,00;3,0;3,0;38,30;0,06;0,003;0,0;0,01;0,049
83;13.07.2023;15:51:01;00:01:22;250,0;16,7;18,6;16,4;19,6;20,0;0,0;40,5;4,05E1;-541,2;20,00;3,0;3,0;38,30;0,06;0,003;0,0;0,01;0,049
84;13.07.2023;15:51:02;00:01:23;250,0;16,7;18,6;16,4;19,6;20,0;0,0;39,0;3,90E1;-541,2;20,00;3,0;3,0;38,30;0,06;0,004;0,0;0,00;0,049
85;13.07.2023;15:51:03;00:01:24;250,0;16,7;18,6;16,4;19,6;20,0;0,0;36,1;3,61E1;-541,2;20,00;3,0;2,9;38,30;0,06;0,005;0,0;0,01;0,049
86;13.07.2023;15:51:04;00:01:25;250,0;16,7;18,6;16,4;19,7;20,0;0,0;33,6;3,36E1;-541,2;20,00;3,0;3,0;38,30;0,06;0,006;0,0;0,01;0,049
87;13.07.2023;15:51:05;00:01:26;250,0;16,7;18,6;16,4;19,7;20,0;0,0;32,5;3,25E1;-541,2;20,00;3,0;3,0;38,30;0,06;0,007;0,0;0,00;0,049
88;13.07.2023;15:51:06;00:01:27;250,0;16,8;18,6;16,4;19,7;20,0;0,0;29,8;2,98E1;-541,2;20,00;3,0;3,0;38,31;0,06;0,010;0,0;0,01;0,049
89;13.07.2023;15:51:07;00:01:28;250,0;16,8;18,6;16,5;19,7;20,0;0,0;27,6;2,76E1;-541,2;20,00;3,0;3,0;38,30;0,06;0,015;0,0;0,00;0,049
90;13.07.2023;15:51:08;00:01:29;250,0;16,8;18,6;16,5;19,7;20,0;0,0;26,8;2,68E1;-541,2;20,00;3,0;3,0;38,30;0,06;0,013;0,0;0,00;0,049
91;13.07.2023;15:51:09;00:01:30;250,0;16,7;18,6;16,4;19,6;20,0;0,0;24,8;2,48E1;-541,2;20,00;3,0;3,0;38,31;0,06;0,009;0,0;0,01;0,049
92;13.07.2023;15:51:10;00:01:31;250,0;16,7;18,5;16,4;19,6;20,0;0,0;23,7;2,37E1;-541,2;20,00;3,0;3,0;38,31;0,06;0,008;0,0;0,01;0,049
93;13.07.2023;15:51:11;00:01:32;250,0;16,7;18,5;16,4;19,6;20,0;0,0;21,8;2,18E1;-541,2;20,00;3,0;3,0;38,30;0,06;0,005;0,0;0,00;0,049
94;13.07.2023;15:51:12;00:01:33;250,0;16,7;18,5;16,5;19,6;20,0;0,0;20,3;2,03E1;-541,2;20,00;3,0;3,0;38,31;0,06;0,005;0,0;0,01;0,049
95;13.07.2023;15:51:13;00:01:34;250,0;16,7;18,5;16,5;19,6;20,0;0,0;19,8;1,98E1;-541,2;20,00;3,0;3,0;38,31;0,06;0,004;0,0;0,00;0,049
96;13.07.2023;15:51:14;00:01:35;250,0;16,8;18,5;16,5;19,6;20,0;0,0;18,2;1,82E1;-541,2;20,00;3,0;3,0;38,31;0,06;0,008;0,0;0,01;0,049
97;13.07.2023;15:51:15;00:01:36;250,0;16,8;18,5;16,5;19,7;20,0;0,0;16,8;1,68E1;-541,2;20,00;3,0;3,0;38,31;0,06;0,008;0,0;0,00;0,049
98;13.07.2023;15:51:16;00:01:37;250,0;16,8;18,5;16,5;19,7;20,0;0,0;16,3;1,63E1;-541,2;20,00;3,0;3,0;38,31;0,06;0,003;0,0;0,01;0,049
99;13.07.2023;15:51:17;00:01:38;250,0;16,8;18,5;16,5;19,7;20,0;0,0;14,8;1,48E1;-541,2;20,00;3,0;3,0;38,31;0,06;0,004;0,0;0,00;0,049
100;13.07.2023;15:51:18;00:01:39;250,0;16,8;18,5;16,6;19,7;20,0;0,0;14,1;1,41E1;-541,2;20,00;3,0;3,0;38,31;0,06;0,005;0,0;0,00;0,049
101;13.07.2023;15:51:19;00:01:40;250,0;16,8;18,5;16,6;19,7;20,0;0,0;13,7;1,37E1;-541,2;20,00;3,0;3,0;38,31;0,06;0,002;0,0;0,00;0,049
102;13.07.2023;15:51:20;00:01:41;250,0;16,8;18,6;16,6;19,7;20,0;0,0;12,7;1,27E1;-541,2;20,00;3,0;3,0;38,31;0,06;0,002;0,0;0,01;0,049
103;13.07.2023;15:51:21;00:01:42;250,0;16,8;18,6;16,6;19,7;20,0;0,0;12,2;1,22E1;-541,2;20,00;3,0;3,0;38,31;0,06;0,003;0,0;0,00;0,049
104;13.07.2023;15:51:22;00:01:43;250,0;16,8;18,6;16,6;19,7;20,0;0,0;11,4;1,14E1;-541,2;20,00;3,0;3,0;38,31;0,06;0,000;0,0;0,01;0,049
105;13.07.2023;15:51:23;00:01:44;250,0;16,8;18,6;16,6;19,7;20,0;0,0;10,3;1,03E1;-541,2;20,00;3,0;2,9;38,31;0,06;-0,001;0,0;0,01;0,049
106;13.07.2023;15:51:24;00:01:45;250,0;16,8;18,6;16,6;19,7;20,0;0,0;10,0;1,00E1;-541,2;20,00;3,0;3,0;38,31;0,06;0,003;0,0;0,01;0,049
107;13.07.2023;15:51:25;00:01:46;250,0;16,8;18,6;16,7;19,7;20,0;0,0;9,0;9,03E0;-541,2;20,00;3,0;2,9;38,31;0,06;0,002;0,0;0,00;0,049
108;13.07.2023;15:51:26;00:01:47;250,0;16,9;18,6;16,7;19,7;20,0;0,0;8,0;7,98E0;-541,2;20,00;3,0;3,0;38,31;0,06;0,004;0,0;0,01;0,049
109;13.07.2023;15:51:27;00:01:48;250,0;16,9;18,6;16,7;19,7;20,0;0,0;7,6;7,56E0;-541,2;20,00;3,0;3,0;38,31;0,06;0,004;0,0;0,00;0,049
110;13.07.2023;15:51:28;00:01:49;250,0;16,9;18,6;16,7;19,7;20,0;0,0;7,0;6,99E0;-541,2;20,00;3,0;3,0;38,31;0,06;0,003;0,0;0,00;0,049
111;13.07.2023;15:51:29;00:01:50;250,0;16,9;18,6;16,7;19,6;20,0;0,0;6,2;6,23E0;-541,2;20,00;3,0;3,0;38,31;0,06;0,004;0,0;0,01;0,049
112;13.07.2023;15:51:30;00:01:51;250,0;16,8;18,5;16,6;19,6;20,0;0,0;6,0;6,05E0;-541,2;20,00;3,0;3,0;38,31;0,06;0,003;0,0;0,00;0,049
113;13.07.2023;15:51:31;00:01:52;250,0;16,8;18,5;16,7;19,7;20,0;0,0;5,4;5,45E0;-541,2;20,00;3,0;3,0;38,31;0,06;0,001;0,0;0,01;0,049
114;13.07.2023;15:51:32;00:01:53;250,0;16,8;18,5;16,7;19,7;20,0;0,0;5,1;5,12E0;-541,2;20,00;3,0;3,0;38,31;0,06;-0,003;0,0;0,01;0,049
115;13.07.2023;15:51:33;00:01:54;250,0;16,8;18,5;16,7;19,7;20,0;0,0;4,7;4,73E0;-541,2;20,00;3,0;2,9;38,31;0,06;-0,005;0,0;0,01;0,049
116;13.07.2023;15:51:34;00:01:55;250,0;16,8;18,5;16,7;19,7;20,0;0,0;4,3;4,34E0;-541,2;20,00;3,0;2,9;38,31;0,06;-0,001;0,0;0,01;0,049
117;13.07.2023;15:51:35;00:01:56;250,0;16,8;18,5;16,7;19,7;20,0;0,0;4,2;4,17E0;-541,2;20,00;3,0;3,0;38,31;0,06;0,002;0,0;0,00;0,049
118;13.07.2023;15:51:36;00:01:57;250,0;16,8;18,5;16,7;19,7;20,0;0,0;3,8;3,79E0;-541,2;20,00;3,0;3,0;38,31;0,06;0,003;0,0;0,00;0,049
119;13.07.2023;15:51:37;00:01:58;250,0;16,8;18,5;16,7;19,7;20,0;0,0;3,5;3,48E0;-541,2;20,00;3,0;2,9;38,31;0,06;0,002;0,0;0,00;0,049
120;13.07.2023;15:51:38;00:01:59;250,0;16,9;18,5;16,8;19,7;20,0;0,0;3,3;3,29E0;-541,2;20,00;3,0;3,0;38,31;0,06;0,002;0,0;0,01;0,049
121;13.07.2023;15:51:39;00:02:00;250,0;16,9;18,5;16,8;19,7;20,0;0,0;3,0;2,99E0;-541,2;20,00;3,0;3,0;38,31;0,06;0,001;0,0;0,00;0,049
122;13.07.2023;15:51:40;00:02:01;250,0;16,9;18,5;16,8;19,7;20,0;0,0;2,9;2,88E0;-541,2;20,00;3,0;3,0;38,31;0,06;0,004;0,0;0,01;0,049
123;13.07.2023;15:51:41;00:02:02;250,0;16,9;18,5;16,8;19,7;20,0;0,0;2,7;2,72E0;-541,2;20,00;3,0;3,0;38,31;0,06;0,003;0,0;0,01;0,049
124;13.07.2023;15:51:42;00:02:03;250,0;16,9;18,5;16,8;19,7;20,0;0,0;2,6;2,56E0;-541,2;20,00;3,0;3,1;38,31;0,06;0,003;0,0;0,01;0,049
125;13.07.2023;15:51:43;00:02:04;250,0;16,9;18,5;16,8;19,7;20,0;0,0;2,4;2,41E0;-541,2;20,00;3,0;3,0;38,31;0,06;0,001;0,0;0,00;0,049
126;13.07.2023;15:51:44;00:02:05;250,0;16,9;18,5;16,8;19,7;20,0;0,0;2,2;2,23E0;-541,2;20,00;3,0;2,9;38,31;0,06;0,001;0,0;0,00;0,049
127;13.07.2023;15:51:45;00:02:06;250,0;16,9;18,5;16,8;19,7;20,0;0,0;2,1;2,15E0;-541,2;20,00;3,0;3,0;38,31;0,06;0,001;0,0;0,00;0,049
128;13.07.2023;15:51:46;00:02:07;250,0;16,9;18,5;16,9;19,8;20,0;0,0;2,0;1,96E0;-541,2;20,00;3,0;3,0;38,31;0,06;0,002;0,0;0,00;0,049
129;13.07.2023;15:51:47;00:02:08;250,0;16,9;18,5;16,9;19,8;20,0;0,0;1,9;1,93E0;-541,2;20,00;3,0;3,0;38,31;0,06;0,003;0,0;0,01;0,049
130;13.07.2023;15:51:48;00:02:09;250,0;16,9;18,5;16,9;19,8;20,0;0,0;1,8;1,78E0;-541,2;20,00;3,0;3,0;38,31;0,06;0,003;0,0;0,01;0,049
131;13.07.2023;15:51:49;00:02:10;250,0;16,9;18,5;16,9;19,8;20,0;0,0;1,8;1,75E0;-541,2;20,00;3,0;3,0;38,31;0,06;0,002;0,0;0,00;0,049
132;13.07.2023;15:51:50;00:02:11;250,0;16,8;18,4;16,8;19,7;20,0;0,0;1,6;1,62E0;-541,2;20,00;3,0;3,0;38,31;0,06;-0,001;0,0;0,00;0,049
133;13.07.2023;15:51:51;00:02:12;250,0;16,8;18,4;16,8;19,7;20,0;0,0;1,6;1,55E0;-541,2;20,00;3,0;2,9;38,31;0,06;0,001;0,0;0,00;0,049
134;13.07.2023;15:51:52;00:02:13;250,0;16,8;18,4;16,8;19,7;20,0;0,0;1,5;1,49E0;-541,2;20,00;3,0;3,0;38,31;0,06;0,004;0,0;0,01;0,049
135;13.07.2023;15:51:53;00:02:14;250,0;16,9;18,4;16,8;19,7;20,0;0,0;1,4;1,44E0;-541,2;20,00;3,0;3,0;38,31;0,06;0,007;0,0;0,00;0,049
136;13.07.2023;15:51:54;00:02:15;250,0;16,9;18,4;16,8;19,7;20,0;0,0;1,3;1,33E0;-541,2;20,00;3,0;3,0;38,31;0,06;0,002;0,0;0,00;0,049
137;13.07.2023;15:51:55;00:02:16;250,0;16,9;18,4;16,8;19,7;20,0;0,0;1,3;1,31E0;-541,2;20,00;3,0;3,0;38,31;0,06;-0,001;0,0;0,00;0,049
138;13.07.2023;15:51:56;00:02:17;250,0;16,9;18,4;16,9;19,7;20,0;0,0;1,2;1,24E0;-541,2;20,00;3,0;3,0;38,31;0,06;-0,002;0,0;0,01;0,049
139;13.07.2023;15:51:57;00:02:18;250,0;16,9;18,4;16,9;19,7;20,0;0,0;1,2;1,17E0;-541,2;20,00;3,0;3,0;38,31;0,06;0,002;0,0;0,01;0,049
140;13.07.2023;15:51:58;00:02:19;250,0;16,9;18,4;16,9;19,7;20,0;0,0;1,2;1,16E0;-541,2;20,00;3,0;3,1;38,31;0,06;0,003;0,0;0,01;0,049
141;13.07.2023;15:51:59;00:02:20;250,0;16,9;18,4;16,9;19,7;20,0;0,0;1,1;1,11E0;-541,2;20,00;3,0;3,0;38,31;0,06;0,002;0,0;0,01;0,049
142;13.07.2023;15:52:00;00:02:21;250,0;16,9;18,4;16,9;19,7;20,0;0,0;1,1;1,08E0;-541,2;20,00;3,0;3,0;38,31;0,06;-0,003;0,0;0,01;0,049
143;13.07.2023;15:52:01;00:02:22;250,0;16,9;18,4;16,9;19,7;20,0;0,0;1,0;9,78E-1;-541,2;20,00;3,0;3,0;38,31;0,06;-0,001;0,0;0,01;0,049
144;13.07.2023;15:52:02;00:02:23;250,0;16,9;18,4;16,9;19,7;20,0;0,0;0,9;9,42E-1;-541,2;20,00;3,0;3,0;38,31;0,06;0,002;0,0;0,00;0,049
145;13.07.2023;15:52:03;00:02:24;250,0;16,9;18,4;16,9;19,7;20,0;0,0;0,9;9,23E-1;-541,2;20,00;3,0;3,0;38,31;0,06;0,005;0,0;0,01;0,049
146;13.07.2023;15:52:04;00:02:25;250,0;16,9;18,4;16,9;19,7;20,0;0,0;0,9;8,90E-1;-541,2;20,00;3,0;3,0;38,31;0,06;0,002;0,0;0,00;0,049
147;13.07.2023;15:52:05;00:02:26;250,0;17,0;18,4;17,0;19,7;20,0;0,0;0,9;8,55E-1;-541,2;20,00;3,0;3,0;38,31;0,06;-0,001;0,0;0,01;0,049
148;13.07.2023;15:52:06;00:02:27;250,0;17,0;18,4;17,0;19,7;20,0;0,0;0,8;8,40E-1;-541,2;20,00;3,0;3,0;38,31;0,06;-0,001;0,0;0,00;0,049
149;13.07.2023;15:52:07;00:02:28;250,0;17,0;18,4;17,0;19,7;20,0;0,0;0,8;8,20E-1;-541,2;20,00;3,0;3,0;38,31;0,06;0,001;0,0;0,00;0,049
150;13.07.2023;15:52:08;00:02:29;250,0;17,0;18,4;17,0;19,7;20,0;0,0;0,8;7,88E-1;-541,2;20,00;3,0;2,9;38,31;0,06;-0,002;0,0;0,00;0,049
151;13.07.2023;15:52:09;00:02:30;250,0;17,0;18,4;17,0;19,7;20,0;0,0;0,8;7,76E-1;-541,2;20,00;3,0;2,9;38,31;0,06;-0,001;0,0;0,00;0,054
152;13.07.2023;15:52:10;00:02:31;250,0;16,9;18,4;17,0;19,6;20,0;0,0;0,8;7,52E-1;-541,2;20,00;3,0;3,0;38,31;0,06;0,002;0,0;0,01;0,049
153;13.07.2023;15:52:11;00:02:32;250,0;16,9;18,3;16,9;19,6;20,0;0,0;0,7;7,28E-1;-541,2;20,00;3,0;3,0;38,31;0,06;0,004;0,0;0,00;0,049
154;13.07.2023;15:52:12;00:02:33;250,0;16,9;18,3;16,9;19,6;20,0;0,0;0,7;7,17E-1;-541,2;20,00;3,0;3,0;38,31;0,06;0,004;0,0;0,00;0,049
155;13.07.2023;15:52:13;00:02:34;250,0;16,9;18,3;16,9;19,6;20,0;0,0;0,7;6,92E-1;-541,2;20,00;3,0;3,1;38,31;0,06;0,007;0,0;0,00;0,049
156;13.07.2023;15:52:14;00:02:35;250,0;16,9;18,3;16,9;19,6;20,0;0,0;0,7;6,70E-1;-541,2;20,00;3,0;3,0;38,31;0,06;0,002;0,0;0,00;0,049
157;13.07.2023;15:52:15;00:02:36;250,0;16,9;18,3;16,9;19,6;20,0;0,0;0,7;6,59E-1;-541,2;20,00;3,0;3,0;38,31;0,06;0,003;0,0;0,00;0,049
158;13.07.2023;15:52:16;00:02:37;250,0;16,9;18,3;16,9;19,7;20,0;0,0;0,6;6,37E-1;-541,2;20,00;3,0;3,0;38,31;0,06;0,001;0,0;0,01;0,049
159;13.07.2023;15:52:17;00:02:38;250,0;16,9;18,3;17,0;19,7;20,0;0,0;0,6;6,16E-1;-541,2;20,00;3,0;3,0;38,31;0,06;0,002;0,0;0,01;0,049
160;13.07.2023;15:52:18;00:02:39;250,0;16,9;18,3;17,0;19,7;20,0;0,0;0,6;6,05E-1;-541,2;20,00;3,0;3,0;38,31;0,06;0,003;0,0;0,01;0,049
161;13.07.2023;15:52:19;00:02:40;250,0;17,0;18,3;17,0;19,7;20,0;0,0;0,6;5,82E-1;-541,2;20,00;3,0;2,9;38,31;0,06;-0,001;0,0;0,00;0,049
162;13.07.2023;15:52:20;00:02:41;250,0;17,0;18,3;17,0;19,7;20,0;0,0;0,6;5,71E-1;-541,2;20,00;3,0;3,0;38,31;0,06;0,001;0,0;0,00;0,049
163;13.07.2023;15:52:21;00:02:42;250,0;17,0;18,3;17,0;19,7;20,0;0,0;0,6;5,52E-1;-541,2;20,00;3,0;3,0;38,31;0,06;0,002;0,0;0,01;0,049
164;13.07.2023;15:52:22;00:02:43;250,0;17,0;18,3;17,0;19,7;20,0;0,0;0,5;5,32E-1;-541,2;20,00;3,0;3,0;38,31;0,06;-0,001;0,0;0,01;0,049
165;13.07.2023;15:52:23;00:02:44;250,0;17,0;18,3;17,0;19,7;20,0;0,0;0,5;5,24E-1;-541,2;20,00;3,0;3,0;38,31;0,06;-0,001;0,0;0,01;0,049
166;13.07.2023;15:52:24;00:02:45;250,0;17,0;18,3;17,0;19,7;20,0;0,0;0,5;5,10E-1;-541,2;20,00;3,0;3,0;38,31;0,06;0,002;0,0;0,01;0,049
167;13.07.2023;15:52:25;00:02:46;250,0;17,0;18,3;17,0;19,7;20,0;0,0;0,5;4,94E-1;-541,2;20,00;3,0;3,0;38,31;0,06;0,002;0,0;0,00;0,049
168;13.07.2023;15:52:26;00:02:47;250,0;17,0;18,3;17,1;19,7;20,0;0,0;0,5;4,79E-1;-541,2;20,00;3,0;3,1;38,31;0,06;0,001;0,0;0,00;0,049
169;13.07.2023;15:52:27;00:02:48;250,0;17,0;18,3;17,1;19,7;20,0;0,0;0,5;4,66E-1;-541,2;20,00;3,0;3,0;38,31;0,06;0,001;0,0;0,00;0,049
170;13.07.2023;15:52:28;00:02:49;250,0;17,0;18,3;17,1;19,7;20,0;0,0;0,5;4,59E-1;-541,2;20,00;3,0;3,0;38,31;0,06;0,000;0,0;0,01;0,049
171;13.07.2023;15:52:29;00:02:50;250,0;16,9;18,3;17,0;19,7;20,0;0,0;0,4;4,45E-1;-541,2;20,00;3,0;3,0;38,31;0,06;0,002;0,0;0,00;0,049
172;13.07.2023;15:52:30;00:02:51;250,0;16,9;18,2;17,0;19,7;20,0;0,0;0,4;4,32E-1;-541,2;20,00;3,0;3,0;38,31;0,06;0,003;0,0;0,01;0,049
173;13.07.2023;15:52:31;00:02:52;250,0;17,0;18,2;17,0;19,7;20,0;0,0;0,4;4,26E-1;-541,2;20,00;3,0;2,9;38,31;0,06;0,003;0,0;0,01;0,049
174;13.07.2023;15:52:32;00:02:53;250,0;17,0;18,2;17,0;19,7;20,8;0,3;0,4;4,12E-1;-541,2;20,00;3,0;2,9;38,31;0,06;-0,003;0,0;0,00;0,049
175;13.07.2023;15:52:33;00:02:54;250,0;17,0;18,2;17,0;19,7;22,2;0,5;0,4;3,99E-1;-541,2;20,00;3,0;2,9;38,31;0,06;-0,002;0,0;0,00;0,049
176;13.07.2023;15:52:34;00:02:55;250,0;17,0;18,2;17,1;19,7;22,9;0,5;0,4;3,94E-1;-541,2;20,00;3,0;3,0;38,31;0,06;0,002;0,0;0,00;0,049
177;13.07.2023;15:52:35;00:02:56;250,0;17,0;18,2;17,1;19,7;24,3;0,6;0,4;3,82E-1;-541,2;20,00;3,0;3,0;38,31;0,06;0,002;0,0;0,01;0,049
178;13.07.2023;15:52:36;00:02:57;250,0;17,0;18,3;17,1;19,7;25,7;0,8;0,4;3,70E-1;-541,2;20,00;3,0;3,0;38,31;0,06;0,000;0,0;0,01;0,049
179;13.07.2023;15:52:37;00:02:58;250,0;17,0;18,3;17,1;19,7;26,4;0,8;0,4;3,64E-1;-541,2;20,00;3,0;3,0;38,31;0,06;0,000;0,0;0,01;0,049
180;13.07.2023;15:52:38;00:02:59;250,0;17,0;18,3;17,1;19,7;27,9;1,0;0,4;3,55E-1;-541,2;20,00;3,0;3,0;38,31;0,06;-0,002;0,0;0,01;0,049
181;13.07.2023;15:52:39;00:03:00;250,0;17,0;18,3;17,1;19,7;29,3;1,1;0,3;3,47E-1;-541,2;20,00;3,0;3,0;38,31;0,06;0,000;0,0;0,01;0,049
182;13.07.2023;15:52:40;00:03:01;250,0;17,0;18,3;17,1;19,7;30,0;1,2;0,3;3,42E-1;-541,2;20,00;3,0;3,1;38,31;0,06;0,004;0,0;0,00;0,049
183;13.07.2023;15:52:41;00:03:02;250,0;17,0;18,3;17,1;19,7;31,4;1,3;0,3;3,34E-1;-541,2;20,00;3,0;3,0;38,31;0,06;0,002;0,0;0,01;0,049
184;13.07.2023;15:52:42;00:03:03;250,0;17,0;18,3;17,1;19,7;32,1;1,4;0,3;3,30E-1;-541,2;20,00;3,0;3,0;38,31;0,06;0,000;0,0;0,01;0,049
185;13.07.2023;15:52:43;00:03:04;250,0;17,0;18,3;17,1;19,7;33,5;1,5;0,3;3,23E-1;-541,2;20,00;3,0;3,0;38,31;0,06;-0,001;0,0;0,00;0,049
186;13.07.2023;15:52:44;00:03:05;250,0;17,1;18,3;17,1;19,7;35,0;1,7;0,3;3,14E-1;-541,2;20,00;3,0;3,0;38,31;0,06;0,001;0,0;0,01;0,049
187;13.07.2023;15:52:45;00:03:06;250,0;17,1;18,3;17,1;19,8;35,7;1,7;0,3;3,11E-1;-541,2;20,00;3,0;3,0;38,31;0,06;-0,001;0,0;0,01;0,049
188;13.07.2023;15:52:46;00:03:07;250,0;17,1;18,3;17,1;19,8;37,1;1,9;0,3;3,03E-1;-541,2;20,00;3,0;3,0;38,31;0,06;0,001;0,0;0,00;0,049
189;13.07.2023;15:52:47;00:03:08;250,0;17,1;18,3;17,1;19,8;38,5;2,0;0,3;2,96E-1;-541,2;20,00;3,0;3,0;38,31;0,06;0,000;0,0;0,01;0,049
190;13.07.2023;15:52:48;00:03:09;250,0;17,1;18,3;17,1;19,8;39,2;2,1;0,3;2,93E-1;-541,2;20,00;3,0;3,0;38,31;0,06;-0,001;0,0;0,00;0,049
191;13.07.2023;15:52:49;00:03:10;250,0;17,1;18,3;17,2;19,8;40,6;2,2;0,3;2,87E-1;-541,2;20,00;3,0;3,0;38,31;0,06;0,001;0,0;0,01;0,049
192;13.07.2023;15:52:50;00:03:11;250,0;17,1;18,2;17,1;19,8;42,2;2,4;0,3;2,80E-1;-541,2;20,00;3,0;3,0;38,31;0,06;-0,004;0,0;0,01;0,049
193;13.07.2023;15:52:51;00:03:12;250,0;17,1;18,2;17,2;19,8;42,9;2,5;0,3;2,77E-1;-541,2;20,00;3,0;2,9;38,31;0,06;-0,006;0,0;0,01;0,049
194;13.07.2023;15:52:52;00:03:13;250,0;17,1;18,2;17,2;19,8;44,3;2,6;0,3;2,70E-1;-541,2;20,00;3,0;2,9;38,31;0,06;-0,005;0,0;0,01;0,049
195;13.07.2023;15:52:53;00:03:14;250,0;17,1;18,2;17,2;19,8;45,0;2,7;0,3;2,67E-1;-541,2;20,00;3,0;2,9;38,31;0,06;-0,001;0,0;0,01;0,049
196;13.07.2023;15:52:54;00:03:15;250,0;17,1;18,2;17,2;19,8;46,4;2,9;0,3;2,62E-1;-541,2;20,00;3,0;3,0;38,31;0,06;0,001;0,0;0,01;0,049
197;13.07.2023;15:52:55;00:03:16;250,0;17,1;18,2;17,2;19,8;47,8;3,0;0,3;2,57E-1;-541,2;20,00;3,0;3,0;38,31;0,06;0,003;0,0;0,00;0,049
198;13.07.2023;15:52:56;00:03:17;250,0;17,1;18,2;17,2;19,8;48,6;3,1;0,3;2,53E-1;-541,2;20,00;3,0;3,0;38,31;0,06;0,002;0,0;0,00;0,049
199;13.07.2023;15:52:57;00:03:18;250,0;17,1;18,2;17,2;19,8;50,0;3,2;0,2;2,48E-1;-541,2;20,00;3,0;3,0;38,31;0,06;-0,002;0,0;0,01;0,049
200;13.07.2023;15:52:58;00:03:19;250,0;17,1;18,3;17,2;19,8;51,4;3,4;0,2;2,44E-1;-541,2;20,00;3,0;3,0;38,31;0,06;-0,003;0,0;0,01;0,049
201;13.07.2023;15:52:59;00:03:20;250,0;17,1;18,3;17,2;19,8;52,1;3,5;0,2;2,42E-1;-541,2;20,00;3,0;3,0;38,31;0,06;0,001;0,0;0,01;0,049
202;13.07.2023;15:53:00;00:03:21;250,0;17,1;18,3;17,2;19,8;53,5;3,6;0,2;2,38E-1;-541,2;20,00;3,0;3,0;38,31;0,06;-0,001;0,0;0,00;0,049
203;13.07.2023;15:53:01;00:03:22;250,0;17,1;18,3;17,2;19,8;54,9;3,8;0,2;2,34E-1;-541,2;20,00;3,0;3,0;38,31;0,06;0,000;0,0;0,00;0,049
204;13.07.2023;15:53:02;00:03:23;250,0;17,1;18,3;17,2;19,8;55,7;3,9;0,2;2,31E-1;-541,2;20,00;3,0;3,0;38,31;0,06;0,002;0,0;0,00;0,049
205;13.07.2023;15:53:03;00:03:24;250,0;17,1;18,3;17,2;19,8;57,1;4,0;0,2;2,28E-1;-541,2;20,00;3,0;2,9;38,31;0,06;-0,001;0,0;0,00;0,049
206;13.07.2023;15:53:04;00:03:25;250,0;17,2;18,3;17,2;19,8;58,5;4,2;0,2;2,25E-1;-541,2;20,00;3,0;3,0;38,31;0,06;0,003;0,0;0,00;0,049
207;13.07.2023;15:53:05;00:03:26;250,0;17,2;18,3;17,2;19,8;59,2;4,3;0,2;2,23E-1;-541,2;20,00;3,0;3,0;38,31;0,06;0,002;0,0;0,01;0,049
208;13.07.2023;15:53:06;00:03:27;250,0;17,2;18,3;17,3;19,8;60,6;4,4;0,2;2,19E-1;-541,2;20,00;3,0;2,9;38,31;0,06;0,001;0,0;0,00;0,049
209;13.07.2023;15:53:07;00:03:28;250,0;17,2;18,3;17,3;19,8;61,3;4,5;0,2;2,18E-1;-541,2;20,00;3,0;3,0;38,31;0,06;0,005;0,0;0,00;0,049
210;13.07.2023;15:53:08;00:03:29;250,0;17,2;18,3;17,3;19,8;62,8;4,7;0,2;2,14E-1;-541,2;20,00;3,0;3,0;38,31;0,06;0,005;0,0;0,01;0,049
211;13.07.2023;15:53:09;00:03:30;250,0;17,1;18,3;17,2;19,8;64,2;4,9;0,2;2,11E-1;-541,2;20,00;3,0;3,0;38,31;0,06;0,003;0,0;0,01;0,049
212;13.07.2023;15:53:10;00:03:31;250,0;17,1;18,2;17,2;19,8;64,9;4,9;0,2;2,09E-1;-541,2;20,00;3,0;3,1;38,31;0,06;0,004;0,0;0,01;0,049
213;13.07.2023;15:53:11;00:03:32;250,0;17,1;18,2;17,2;19,8;66,3;5,1;0,2;2,06E-1;-541,2;20,00;3,0;3,0;38,31;0,06;0,004;0,0;0,01;0,049
214;13.07.2023;15:53:12;00:03:33;250,0;17,1;18,2;17,2;19,8;67,0;5,2;0,2;2,05E-1;-541,2;20,00;3,0;3,0;38,31;0,06;0,002;0,0;0,01;0,049
215;13.07.2023;15:53:13;00:03:34;250,0;17,1;18,2;17,2;19,8;67,7;5,3;0,2;2,03E-1;-541,2;20,00;3,0;3,0;38,31;0,06;0,000;0,0;0,01;0,049
216;13.07.2023;15:53:14;00:03:35;250,0;17,1;18,2;17,2;19,8;69,1;5,5;0,2;2,01E-1;-541,2;20,00;3,0;3,1;38,31;0,06;0,002;0,0;0,01;0,049
217;13.07.2023;15:53:15;00:03:36;250,0;17,1;18,2;17,2;19,8;70,6;5,6;0,2;1,98E-1;-541,2;20,00;3,0;2,9;38,31;0,06;0,001;0,0;0,00;0,049
218;13.07.2023;15:53:16;00:03:37;250,0;17,1;18,2;17,2;19,8;71,3;5,7;0,2;1,96E-1;-541,2;20,00;3,0;2,9;38,31;0,06;0,000;0,0;0,01;0,049
219;13.07.2023;15:53:17;00:03:38;250,0;17,1;18,2;17,2;19,8;72,7;5,9;0,2;1,94E-1;-541,2;20,00;3,0;3,0;38,31;0,06;-0,001;0,0;0,00;0,049
220;13.07.2023;15:53:18;00:03:39;250,0;17,1;18,2;17,2;19,8;74,1;6,1;0,2;1,91E-1;-541,2;20,00;3,0;3,0;38,31;0,06;0,000;0,0;0,01;0,049
221;13.07.2023;15:53:19;00:03:40;250,0;17,2;18,2;17,2;19,8;74,8;6,2;0,2;1,90E-1;-541,2;20,00;3,0;2,9;38,31;0,06;-0,002;0,0;0,00;0,049
222;13.07.2023;15:53:20;00:03:41;250,0;17,2;18,2;17,2;19,8;76,2;6,3;0,2;1,87E-1;-541,2;20,00;3,0;3,0;38,31;0,06;0,004;0,0;0,01;0,049
223;13.07.2023;15:53:21;00:03:42;250,0;17,2;18,2;17,3;19,8;77,7;6,5;0,2;1,84E-1;-541,2;20,00;3,0;3,0;38,31;0,06;0,003;0,0;0,00;0,049
224;13.07.2023;15:53:22;00:03:43;250,0;17,2;18,2;17,3;19,8;78,4;6,6;0,2;1,83E-1;-541,2;20,00;3,0;3,0;38,31;0,06;0,003;0,0;0,00;0,049
225;13.07.2023;15:53:23;00:03:44;250,0;17,2;18,2;17,3;19,8;79,8;6,8;0,2;1,81E-1;-541,2;20,00;3,0;3,0;38,31;0,06;0,002;0,0;0,01;0,049
226;13.07.2023;15:53:24;00:03:45;250,0;17,2;18,2;17,3;19,8;81,2;7,0;0,2;1,78E-1;-541,2;20,00;3,0;3,0;38,31;0,06;0,002;0,0;0,00;0,049
227;13.07.2023;15:53:25;00:03:46;250,0;17,2;18,2;17,3;19,8;81,9;7,1;0,2;1,77E-1;-541,2;20,00;3,0;3,0;38,31;0,06;0,000;0,0;0,01;0,049
228;13.07.2023;15:53:26;00:03:47;250,0;17,2;18,2;17,3;19,8;83,3;7,2;0,2;1,75E-1;-541,2;20,00;3,0;3,0;38,31;0,06;-0,001;0,0;0,00;0,049
229;13.07.2023;15:53:27;00:03:48;250,0;17,2;18,2;17,3;19,8;84,2;7,3;0,2;1,74E-1;-541,2;20,00;3,0;3,0;38,31;0,06;-0,002;0,0;0,01;0,049
230;13.07.2023;15:53:28;00:03:49;250,0;17,2;18,2;17,3;19,8;85,6;7,5;0,2;1,72E-1;-541,2;20,00;3,0;3,0;38,31;0,06;0,001;0,0;0,00;0,049
231;13.07.2023;15:53:29;00:03:50;250,0;17,2;18,2;17,3;19,8;87,0;7,7;0,2;1,70E-1;-541,2;20,00;3,0;2,9;38,31;0,06;-0,001;0,0;0,00;0,049
232;13.07.2023;15:53:30;00:03:51;250,0;17,2;18,2;17,3;19,8;87,7;7,8;0,2;1,69E-1;-541,2;20,00;3,0;3,0;38,31;0,06;0,001;0,0;0,00;0,049
233;13.07.2023;15:53:31;00:03:52;250,0;17,2;18,2;17,3;19,8;89,1;8,0;0,2;1,67E-1;-541,2;20,00;3,0;3,0;38,31;0,06;0,002;0,0;0,01;0,049
234;13.07.2023;15:53:32;00:03:53;250,0;17,2;18,2;17,3;19,8;90,5;8,2;0,2;1,66E-1;-541,2;20,00;3,0;3,1;38,31;0,06;0,008;0,0;0,00;0,049
235;13.07.2023;15:53:33;00:03:54;250,0;17,2;18,2;17,3;19,8;91,3;8,3;0,2;1,65E-1;-541,2;20,00;3,0;3,0;38,31;0,06;0,002;0,0;0,00;0,049
236;13.07.2023;15:53:34;00:03:55;250,0;17,2;18,2;17,3;19,8;92,7;8,5;0,2;1,63E-1;-541,2;20,00;3,0;2,9;38,31;0,06;-0,005;0,0;0,00;0,049
237;13.07.2023;15:53:35;00:03:56;250,0;17,2;18,2;17,3;19,8;94,1;8,7;0,2;1,62E-1;-541,2;20,00;3,0;3,0;38,31;0,06;-0,003;0,0;0,00;0,049
238;13.07.2023;15:53:36;00:03:57;250,0;17,2;18,2;17,3;19,8;94,8;8,8;0,2;1,61E-1;-541,2;20,00;3,0;3,0;38,31;0,06;-0,001;0,0;0,00;0,049
239;13.07.2023;15:53:37;00:03:58;250,0;17,2;18,2;17,3;19,8;96,2;9,0;0,2;1,59E-1;-541,2;20,00;3,0;3,0;38,31;0,06;-0,002;0,0;0,00;0,049
240;13.07.2023;15:53:38;00:03:59;250,0;17,2;18,2;17,3;19,8;97,6;9,2;0,2;1,58E-1;-541,2;20,00;3,0;3,0;38,31;0,06;0,002;0,0;0,00;0,049
241;13.07.2023;15:53:39;00:04:00;250,0;17,2;18,2;17,3;19,8;98,4;9,3;0,2;1,57E-1;-541,2;20,00;3,0;3,0;38,31;0,06;0,000;0,0;0,01;0,049
242;13.07.2023;15:53:40;00:04:01;250,0;17,2;18,2;17,3;19,9;99,8;9,5;0,2;1,56E-1;-541,2;20,00;3,0;3,0;38,31;0,06;0,000;0,0;0,01;0,049
243;13.07.2023;15:53:41;00:04:02;250,0;17,2;18,2;17,3;19,9;100,5;9,6;0,2;1,55E-1;-541,2;20,00;3,0;3,0;38,31;0,06;-0,002;0,0;0,01;0,049
244;13.07.2023;15:53:42;00:04:03;250,0;17,2;18,2;17,3;19,9;101,9;9,8;0,2;1,53E-1;-541,2;20,00;3,0;3,0;38,31;0,06;0,000;0,0;0,01;0,049
245;13.07.2023;15:53:43;00:04:04;250,0;17,3;18,2;17,3;19,9;103,3;10,0;0,2;1,52E-1;-541,2;20,00;3,0;2,9;38,31;0,06;0,000;0,0;0,01;0,049
246;13.07.2023;15:53:44;00:04:05;250,0;17,3;18,2;17,3;19,9;104,0;10,1;0,2;1,52E-1;-541,2;20,00;3,0;2,9;38,31;0,06;-0,001;0,0;0,00;0,049
247;13.07.2023;15:53:45;00:04:06;250,0;17,3;18,2;17,4;19,9;105,5;10,3;0,2;1,50E-1;-541,2;20,00;3,0;3,0;38,31;0,06;0,000;0,0;0,00;0,049
248;13.07.2023;15:53:46;00:04:07;250,0;17,3;18,2;17,4;19,9;106,9;10,5;0,1;1,49E-1;-541,2;20,00;3,0;3,0;38,31;0,06;0,001;0,0;0,00;0,049
249;13.07.2023;15:53:47;00:04:08;250,0;17,3;18,2;17,4;19,9;107,6;10,6;0,1;1,49E-1;-541,2;20,00;3,0;3,0;38,31;0,06;0,003;0,0;0,00;0,049
250;13.07.2023;15:53:48;00:04:09;250,0;17,3;18,2;17,4;19,9;109,0;10,8;0,1;1,47E-1;-541,2;20,00;3,0;3,0;38,31;0,06;0,003;0,0;0,00;0,049
251;13.07.2023;15:53:49;00:04:10;250,0;17,3;18,2;17,4;19,9;110,4;11,0;0,1;1,46E-1;-541,2;20,00;3,0;3,1;38,31;0,06;0,007;0,0;0,00;0,049
252;13.07.2023;15:53:50;00:04:11;250,0;17,3;18,2;17,4;19,8;111,1;11,1;0,1;1,46E-1;-541,2;20,00;3,0;3,1;38,31;0,06;0,007;0,0;0,00;0,049
253;13.07.2023;15:53:51;00:04:12;250,0;17,2;18,1;17,3;19,8;112,6;11,3;0,1;1,44E-1;-541,2;20,00;3,0;3,0;38,31;0,06;0,003;0,0;0,01;0,049
254;13.07.2023;15:53:52;00:04:13;250,0;17,2;18,1;17,3;19,8;113,3;11,4;0,1;1,44E-1;-541,2;20,00;3,0;3,0;38,31;0,06;0,003;0,0;0,01;0,049
255;13.07.2023;15:53:53;00:04:14;250,0;17,2;18,1;17,3;19,8;114,7;11,7;0,1;1,42E-1;-541,2;20,00;3,0;2,9;38,31;0,06;-0,001;0,0;0,01;0,049
256;13.07.2023;15:53:54;00:04:15;250,0;17,2;18,1;17,3;19,8;116,1;11,9;0,1;1,41E-1;-541,2;20,00;3,0;3,0;38,31;0,06;0,003;0,0;0,01;0,049
257;13.07.2023;15:53:55;00:04:16;250,0;17,2;18,1;17,3;19,8;116,8;12,0;0,1;1,41E-1;-541,2;20,00;3,0;3,0;38,31;0,06;-0,001;0,0;0,01;0,049
258;13.07.2023;15:53:56;00:04:17;250,0;17,2;18,1;17,3;19,8;118,2;12,2;0,1;1,40E-1;-541,2;20,00;3,0;3,0;38,31;0,06;0,000;0,0;0,01;0,049
259;13.07.2023;15:53:57;00:04:18;250,0;17,2;18,1;17,3;19,8;119,7;12,4;0,1;1,39E-1;-541,2;20,00;3,0;2,9;38,31;0,06;-0,002;0,0;0,00;0,049
260;13.07.2023;15:53:58;00:04:19;250,0;17,2;18,1;17,3;19,8;120,4;12,5;0,1;1,38E-1;-541,2;20,00;3,0;2,9;38,31;0,06;-0,002;0,0;0,01;0,049
261;13.07.2023;15:53:59;00:04:20;250,0;17,2;18,2;17,3;19,8;121,8;12,7;0,1;1,37E-1;-541,2;20,00;3,0;3,0;38,31;0,06;-0,001;0,0;0,00;0,049
262;13.07.2023;15:54:00;00:04:21;250,0;17,2;18,2;17,3;19,8;123,2;13,0;0,1;1,36E-1;-541,2;20,00;3,0;3,0;38,31;0,06;0,000;0,0;0,00;0,049
263;13.07.2023;15:54:01;00:04:22;250,0;17,2;18,2;17,3;19,8;123,9;13,1;0,1;1,36E-1;-541,2;20,00;3,0;3,0;38,31;0,06;0,002;0,0;0,01;0,049
264;13.07.2023;15:54:02;00:04:23;250,0;17,2;18,2;17,3;19,8;125,3;13,3;0,1;1,35E-1;-541,2;20,00;3,0;3,0;38,31;0,06;0,000;0,0;0,00;0,049
265;13.07.2023;15:54:03;00:04:24;250,3;17,3;18,2;17,4;19,8;126,9;13,5;0,1;1,34E-1;-541,2;20,00;3,0;3,0;38,31;0,06;0,024;1,1;4,00;0,269
266;13.07.2023;15:54:04;00:04:25;250,1;17,3;18,2;17,4;19,8;127,6;13,6;0,1;1,33E-1;-541,2;20,00;3,0;3,0;38,31;0,06;0,028;1,1;3,95;0,274
267;13.07.2023;15:54:05;00:04:26;250,0;17,3;18,2;17,4;20,0;129,0;13,9;0,1;1,33E-1;-541,2;20,00;3,0;3,0;38,31;0,06;0,028;1,1;3,93;0,277
268;13.07.2023;15:54:06;00:04:27;250,2;17,3;18,2;17,4;20,0;129,7;14,0;0,1;1,33E-1;-541,2;20,00;3,0;3,0;38,31;0,06;0,026;1,1;3,99;0,278
269;13.07.2023;15:54:07;00:04:28;250,0;17,4;18,2;17,4;20,2;131,1;14,2;0,1;1,33E-1;-541,2;20,00;3,0;3,0;38,31;0,06;0,021;1,1;4,02;0,283
270;13.07.2023;15:54:08;00:04:29;250,1;17,4;18,2;17,4;20,2;132,5;14,4;0,1;1,33E-1;-541,2;20,00;3,0;3,0;38,31;0,06;0,013;1,1;4,01;0,288
271;13.07.2023;15:54:09;00:04:30;250,3;17,6;18,2;17,4;20,2;133,2;14,5;0,1;1,33E-1;-541,2;20,00;3,0;3,0;38,31;0,06;0,008;1,2;3,98;0,288
272;13.07.2023;15:54:10;00:04:31;250,0;17,7;18,2;17,4;20,4;134,7;14,7;0,1;1,33E-1;-541,2;20,00;3,0;3,0;38,31;0,06;0,004;1,2;4,02;0,293
273;13.07.2023;15:54:11;00:04:32;250,1;18,3;18,4;17,4;20,6;136,1;15,0;0,1;1,33E-1;-541,2;20,00;3,0;2,9;38,31;0,06;-0,007;1,2;4,06;0,295
274;13.07.2023;15:54:12;00:04:33;250,0;18,3;18,4;17,4;20,6;136,8;15,0;0,1;1,33E-1;-541,2;20,00;3,0;2,9;38,31;0,06;-0,005;1,2;4,04;0,296
275;13.07.2023;15:54:13;00:04:34;250,2;19,2;18,5;17,4;20,7;138,2;15,2;0,1;1,33E-1;-541,2;20,00;3,0;3,1;38,31;0,06;-0,007;1,2;4,07;0,299
276;13.07.2023;15:54:14;00:04:35;250,0;19,2;18,6;17,5;20,7;139,6;15,4;0,1;1,33E-1;-541,2;20,00;3,0;3,1;38,31;0,06;-0,012;1,2;4,05;0,303
277;13.07.2023;15:54:15;00:04:36;250,2;19,2;18,6;17,5;20,7;140,3;15,5;0,1;1,33E-1;-541,2;20,00;3,0;3,1;38,31;0,06;-0,015;1,2;4,07;0,303
278;13.07.2023;15:54:16;00:04:37;250,0;20,5;18,6;17,5;20,8;141,8;15,7;0,1;1,33E-1;-541,2;20,00;3,0;3,0;38,31;0,06;-0,025;1,3;4,14;0,310
279;13.07.2023;15:54:17;00:04:38;250,0;22,1;18,7;17,5;21,0;143,2;15,8;0,1;1,33E-1;-541,2;20,00;3,0;3,0;38,31;0,06;-0,031;1,3;4,12;0,310
280;13.07.2023;15:54:18;00:04:39;250,0;22,1;18,7;17,5;21,0;143,9;15,9;0,1;1,33E-1;-541,2;20,00;3,0;3,0;38,31;0,06;-0,035;1,3;4,11;0,310
281;13.07.2023;15:54:19;00:04:40;250,0;23,9;18,9;17,6;21,0;145,3;15,9;0,1;1,33E-1;-541,2;20,00;3,0;3,0;38,31;0,06;-0,035;1,3;4,11;0,313
282;13.07.2023;15:54:20;00:04:41;250,0;23,9;18,9;17,6;21,0;146,0;16,1;0,1;1,33E-1;-541,2;20,00;3,0;3,0;38,31;0,06;-0,042;1,3;4,12;0,313
283;13.07.2023;15:54:21;00:04:42;250,3;26,0;19,1;17,6;21,1;147,4;16,2;0,1;1,33E-1;-541,2;20,00;3,0;3,1;38,31;0,06;-0,036;1,3;4,14;0,313
284;13.07.2023;15:54:22;00:04:43;250,0;26,0;19,2;17,7;21,1;148,9;16,4;0,1;1,33E-1;-541,2;20,00;3,0;3,1;38,30;0,05;-0,035;1,3;4,17;0,317
285;13.07.2023;15:54:23;00:04:44;250,1;26,0;19,2;17,7;21,1;149,6;16,5;0,1;1,33E-1;-541,2;20,00;3,0;3,1;38,31;0,06;-0,037;1,3;4,15;0,317
286;13.07.2023;15:54:24;00:04:45;250,0;28,3;19,2;17,7;21,1;151,0;16,5;0,1;1,34E-1;-541,2;20,00;3,0;3,0;38,30;0,05;-0,036;1,3;4,14;0,318
287;13.07.2023;15:54:25;00:04:46;250,0;30,8;19,4;17,8;21,2;152,4;16,5;0,1;1,34E-1;-541,2;20,00;3,0;3,0;38,30;0,05;-0,039;1,3;4,19;0,322
288;13.07.2023;15:54:26;00:04:47;250,0;30,8;19,4;17,8;21,2;153,1;16,6;0,1;1,34E-1;-541,2;20,00;3,0;3,0;38,30;0,05;-0,038;1,3;4,22;0,322
289;13.07.2023;15:54:27;00:04:48;250,3;33,3;19,5;17,9;21,2;154,5;16,6;0,1;1,34E-1;-541,2;20,00;3,0;3,0;38,30;0,05;-0,036;1,3;4,16;0,322
290;13.07.2023;15:54:28;00:04:49;250,0;33,3;19,7;17,9;21,2;156,0;16,9;0,1;1,34E-1;-541,2;20,00;3,0;3,0;38,30;0,05;-0,039;1,4;4,17;0,325
291;13.07.2023;15:54:29;00:04:50;250,1;35,9;19,7;18,0;21,2;156,7;16,8;0,1;1,34E-1;-541,2;20,00;3,0;3,0;38,30;0,05;-0,033;1,4;4,17;0,327
292;13.07.2023;15:54:30;00:04:51;250,0;35,9;19,5;18,0;21,2;158,1;17,0;0,1;1,34E-1;-541,2;20,00;3,0;3,0;38,30;0,05;-0,034;1,4;4,15;0,327
293;13.07.2023;15:54:31;00:04:52;250,1;35,8;19,5;17,8;21,0;158,8;17,1;0,1;1,34E-1;-541,2;20,00;3,0;3,0;38,30;0,05;-0,036;1,4;4,17;0,329
294;13.07.2023;15:54:32;00:04:53;250,1;38,6;19,7;17,9;21,1;160,2;17,1;0,1;1,34E-1;-541,2;20,00;3,0;3,0;38,30;0,05;-0,039;1,4;4,19;0,332
295;13.07.2023;15:54:33;00:04:54;250,0;41,6;19,9;18,0;21,1;161,6;17,1;0,1;1,35E-1;-541,2;20,00;3,0;3,0;38,30;0,05;-0,040;1,4;4,21;0,332
296;13.07.2023;15:54:34;00:04:55;250,2;41,6;19,9;18,0;21,1;162,5;17,2;0,1;1,35E-1;-541,2;20,00;3,0;3,0;38,30;0,05;-0,034;1,4;4,22;0,332
297;13.07.2023;15:54:35;00:04:56;250,2;41,6;20,0;18,2;21,1;163,9;17,5;0,1;1,35E-1;-541,2;20,00;3,0;2,9;38,29;0,05;-0,037;1,4;4,23;0,332
298;13.07.2023;15:54:36;00:04:57;250,0;44,6;20,0;18,2;21,1;165,3;17,4;0,1;1,35E-1;-541,2;20,00;3,0;3,0;38,30;0,05;-0,037;1,4;4,21;0,332
299;13.07.2023;15:54:37;00:04:58;250,1;47,7;20,2;18,3;21,1;166,0;17,4;0,1;1,35E-1;-541,2;20,00;3,0;3,0;38,29;0,05;-0,034;1,4;4,22;0,335
300;13.07.2023;15:54:38;00:04:59;250,0;47,7;20,2;18,3;21,1;167,4;17,5;0,1;1,35E-1;-541,2;20,00;3,0;3,0;38,29;0,05;-0,032;1,4;4,23;0,335
301;13.07.2023;15:54:39;00:05:00;250,3;50,7;20,4;18,5;21,2;168,8;17,6;0,1;1,35E-1;-541,2;20,00;3,0;3,0;38,29;0,05;-0,035;1,4;4,22;0,337
302;13.07.2023;15:54:40;00:05:01;250,1;50,7;20,4;18,5;21,2;169,6;17,6;0,1;1,35E-1;-541,2;20,00;3,0;3,0;38,29;0,05;-0,036;1,4;4,22;0,337
303;13.07.2023;15:54:41;00:05:02;250,1;53,6;20,5;18,6;21,2;171,0;17,6;0,1;1,35E-1;-541,2;20,00;3,0;3,0;38,29;0,04;-0,033;1,4;4,21;0,339
304;13.07.2023;15:54:42;00:05:03;250,2;56,5;20,7;18,8;21,2;172,4;17,8;0,1;1,35E-1;-541,2;20,00;3,0;3,0;38,29;0,04;-0,039;1,4;4,22;0,341
305;13.07.2023;15:54:43;00:05:04;250,1;56,5;20,7;18,8;21,2;173,1;17,7;0,1;1,35E-1;-541,2;20,00;3,0;2,9;38,29;0,04;-0,041;1,4;4,21;0,341
306;13.07.2023;15:54:44;00:05:05;250,0;56,5;20,7;18,8;21,2;174,5;17,9;0,1;1,35E-1;-541,2;20,00;3,0;3,0;38,29;0,04;-0,034;1,5;4,26;0,342
307;13.07.2023;15:54:45;00:05:06;250,2;59,4;20,9;18,9;21,2;175,3;18,0;0,1;1,35E-1;-541,2;20,00;3,0;3,0;38,29;0,04;-0,032;1,5;4,22;0,343
308;13.07.2023;15:54:46;00:05:07;250,1;59,4;20,9;18,9;21,2;176,7;18,0;0,1;1,35E-1;-541,2;20,00;3,0;3,0;38,29;0,04;-0,032;1,4;4,22;0,343
309;13.07.2023;15:54:47;00:05:08;250,0;62,4;21,0;19,1;21,2;178,1;17,9;0,1;1,35E-1;-541,2;20,00;3,0;2,9;38,29;0,04;-0,035;1,5;4,19;0,342
310;13.07.2023;15:54:48;00:05:09;250,0;62,4;21,0;19,1;21,2;178,6;18,0;0,1;1,35E-1;-541,2;20,00;3,0;2,9;38,29;0,04;-0,038;1,5;4,25;0,342
311;13.07.2023;15:54:49;00:05:10;250,2;65,3;21,2;19,2;21,3;180,2;18,1;0,1;1,35E-1;-541,2;20,00;3,0;3,0;38,29;0,04;-0,035;1,5;4,23;0,347
312;13.07.2023;15:54:50;00:05:11;250,2;65,3;21,4;19,2;21,3;181,6;18,3;0,1;1,35E-1;-541,2;20,00;3,0;3,0;38,29;0,04;-0,029;1,5;4,25;0,347
313;13.07.2023;15:54:51;00:05:12;250,2;65,3;21,4;19,3;21,3;182,4;18,4;0,1;1,34E-1;-541,2;20,00;3,0;3,0;38,29;0,04;-0,024;1,5;4,22;0,349
314;13.07.2023;15:54:52;00:05:13;250,2;68,5;21,4;19,4;21,3;183,8;18,3;0,1;1,34E-1;-541,2;20,00;3,0;3,0;38,28;0,04;-0,027;1,5;4,27;0,350
315;13.07.2023;15:54:53;00:05:14;250,1;71,6;21,5;19,6;21,3;185,2;18,3;0,1;1,34E-1;-541,2;20,00;3,0;3,0;38,29;0,04;-0,031;1,5;4,27;0,352
316;13.07.2023;15:54:54;00:05:15;250,0;71,6;21,5;19,6;21,3;185,9;18,4;0,1;1,34E-1;-541,2;20,00;3,0;3,0;38,28;0,04;-0,031;1,5;4,25;0,352
317;13.07.2023;15:54:55;00:05:16;250,2;71,6;21,7;19,8;21,3;187,3;18,6;0,1;1,34E-1;-541,2;20,00;3,0;3,0;38,29;0,04;-0,037;1,5;4,29;0,352
318;13.07.2023;15:54:56;00:05:17;250,0;74,7;21,7;19,8;21,3;188,0;18,5;0,1;1,34E-1;-541,2;20,00;3,0;3,0;38,28;0,04;-0,034;1,5;4,29;0,353
319;13.07.2023;15:54:57;00:05:18;250,0;77,8;21,9;20,0;21,4;189,5;18,5;0,1;1,34E-1;-541,2;20,00;3,0;3,0;38,28;0,04;-0,030;1,5;4,27;0,355
320;13.07.2023;15:54:58;00:05:19;250,0;77,8;22,0;20,0;21,4;190,9;18,6;0,1;1,33E-1;-541,2;20,00;3,0;3,0;38,29;0,03;-0,034;1,5;4,28;0,356
321;13.07.2023;15:54:59;00:05:20;250,0;80,7;22,0;20,1;21,4;191,6;18,5;0,1;1,33E-1;-541,2;20,00;3,0;3,0;38,28;0,03;-0,033;1,5;4,30;0,355
322;13.07.2023;15:55:00;00:05:21;250,0;80,7;22,0;20,1;21,4;193,0;18,7;0,1;1,33E-1;-541,2;20,00;3,0;3,0;38,28;0,03;-0,034;1,5;4,29;0,355
323;13.07.2023;15:55:01;00:05:22;250,1;83,6;22,2;20,3;21,4;194,4;18,7;0,1;1,33E-1;-541,2;20,00;3,0;3,1;38,28;0,03;-0,038;1,5;4,28;0,357
324;13.07.2023;15:55:02;00:05:23;250,1;83,6;22,2;20,3;21,4;195,1;18,8;0,1;1,33E-1;-541,2;20,00;3,0;3,0;38,28;0,03;-0,036;1,5;4,27;0,357
325;13.07.2023;15:55:03;00:05:24;250,0;86,4;22,3;20,5;21,4;196,6;18,8;0,1;1,32E-1;-541,2;20,00;3,0;3,0;38,28;0,03;-0,035;1,5;4,28;0,357
326;13.07.2023;15:55:04;00:05:25;250,0;86,4;22,5;20,5;21,4;198,0;19,0;0,1;1,32E-1;-541,2;20,00;3,0;3,0;38,28;0,03;-0,033;1,6;4,32;0,360
327;13.07.2023;15:55:05;00:05:26;250,0;89,3;22,5;20,7;21,3;198,7;19,0;0,1;1,32E-1;-541,2;20,00;3,0;3,0;38,28;0,03;-0,026;1,5;4,27;0,361
328;13.07.2023;15:55:06;00:05:27;250,0;89,3;22,5;20,7;21,3;200,1;19,1;0,1;1,32E-1;-541,2;20,00;3,0;3,0;38,28;0,03;-0,029;1,5;4,31;0,361
329;13.07.2023;15:55:07;00:05:28;250,1;92,2;22,6;20,8;21,4;201,5;19,2;0,1;1,31E-1;-541,2;20,00;3,0;3,0;38,28;0,03;-0,028;1,6;4,33;0,363
330;13.07.2023;15:55:08;00:05:29;250,2;92,2;22,6;20,8;21,4;202,2;19,2;0,1;1,31E-1;-541,2;20,00;3,0;3,0;38,28;0,03;-0,029;1,6;4,34;0,364
331;13.07.2023;15:55:09;00:05:30;250,0;95,1;22,8;21,0;21,4;203,8;19,2;0,1;1,31E-1;-541,2;20,00;3,0;3,0;38,28;0,03;-0,031;1,6;4,29;0,366
332;13.07.2023;15:55:10;00:05:31;250,1;95,1;22,8;21,0;21,4;204,5;19,3;0,1;1,31E-1;-541,2;20,00;3,0;3,0;38,28;0,03;-0,030;1,6;4,32;0,362
333;13.07.2023;15:55:11;00:05:32;250,1;95,0;22,9;21,0;21,4;205,9;19,5;0,1;1,30E-1;-541,2;20,00;3,0;3,0;38,28;0,03;-0,035;1,6;4,34;0,366
334;13.07.2023;15:55:12;00:05:33;250,1;98,1;22,9;21,2;21,4;207,3;19,4;0,1;1,30E-1;-541,2;20,00;3,0;3,0;38,28;0,03;-0,034;1,6;4,32;0,366
335;13.07.2023;15:55:13;00:05:34;250,1;101,1;23,1;21,4;21,4;208,0;19,6;0,1;1,30E-1;-541,2;20,00;3,0;3,0;38,27;0,03;-0,031;1,6;4,31;0,366
336;13.07.2023;15:55:14;00:05:35;250,0;101,1;23,1;21,4;21,5;209,4;19,5;0,1;1,30E-1;-541,2;20,00;3,0;3,0;38,28;0,03;-0,025;1,6;4,31;0,366
337;13.07.2023;15:55:15;00:05:36;250,2;104,0;23,2;21,6;21,5;210,9;19,6;0,1;1,29E-1;-541,2;20,00;3,0;3,1;38,27;0,03;-0,026;1,6;4,39;0,371
338;13.07.2023;15:55:16;00:05:37;250,2;104,0;23,2;21,6;21,5;211,6;19,6;0,1;1,29E-1;-541,2;20,00;3,0;3,0;38,27;0,03;-0,031;1,6;4,35;0,370
339;13.07.2023;15:55:17;00:05:38;250,0;106,9;23,4;21,7;21,5;213,0;19,6;0,1;1,29E-1;-541,2;20,00;3,0;3,1;38,27;0,03;-0,027;1,6;4,35;0,371
340;13.07.2023;15:55:18;00:05:39;250,1;106,9;23,5;21,7;21,6;214,4;19,8;0,1;1,28E-1;-541,2;20,00;3,0;3,0;38,27;0,02;-0,028;1,6;4,32;0,371
341;13.07.2023;15:55:19;00:05:40;250,1;106,9;23,5;21,7;21,6;215,1;19,9;0,1;1,28E-1;-541,2;20,00;3,0;3,0;38,27;0,03;-0,032;1,6;4,35;0,372
342;13.07.2023;15:55:20;00:05:41;250,1;109,5;23,5;21,9;21,6;216,5;19,9;0,1;1,28E-1;-541,2;20,00;3,0;3,0;38,27;0,02;-0,030;1,6;4,34;0,372
343;13.07.2023;15:55:21;00:05:42;250,2;112,1;23,7;22,1;21,6;218,0;19,9;0,1;1,27E-1;-541,2;20,00;3,0;2,9;38,27;0,02;-0,034;1,6;4,35;0,376
344;13.07.2023;15:55:22;00:05:43;250,0;112,1;23,7;22,1;21,6;218,7;20,0;0,1;1,27E-1;-541,2;20,00;3,0;3,0;38,27;0,02;-0,030;1,6;4,36;0,375
345;13.07.2023;15:55:23;00:05:44;250,2;114,7;23,8;22,2;21,6;220,1;20,2;0,1;1,27E-1;-541,2;20,00;3,0;3,0;38,27;0,02;-0,029;1,7;4,39;0,379
346;13.07.2023;15:55:24;00:05:45;250,0;114,7;23,8;22,2;21,6;220,8;20,1;0,1;1,26E-1;-541,2;20,00;3,0;3,0;38,27;0,02;-0,030;1,6;4,36;0,379
347;13.07.2023;15:55:25;00:05:46;250,0;117,3;23,9;22,4;21,6;222,2;20,1;0,1;1,26E-1;-541,2;20,00;3,0;3,0;38,27;0,02;-0,041;1,6;4,34;0,380
348;13.07.2023;15:55:26;00:05:47;250,1;117,3;24,1;22,4;21,6;223,6;20,3;0,1;1,26E-1;-541,2;20,00;3,0;3,0;38,27;0,02;-0,034;1,6;4,37;0,379
349;13.07.2023;15:55:27;00:05:48;250,1;119,8;24,1;22,6;21,6;224,3;20,2;0,1;1,25E-1;-541,2;20,00;3,0;3,0;38,27;0,02;-0,034;1,6;4,38;0,381
350;13.07.2023;15:55:28;00:05:49;250,1;119,8;24,2;22,6;21,6;225,8;20,4;0,1;1,25E-1;-541,2;20,00;3,0;3,0;38,27;0,02;-0,033;1,7;4,39;0,381
351;13.07.2023;15:55:29;00:05:50;250,0;122,3;24,2;22,7;21,7;227,2;20,4;0,1;1,24E-1;-541,2;20,00;3,0;3,0;38,27;0,02;-0,031;1,7;4,34;0,384
352;13.07.2023;15:55:30;00:05:51;250,2;122,3;24,2;22,7;21,7;227,9;20,5;0,1;1,24E-1;-541,1;20,00;3,0;3,0;38,27;0,02;-0,035;1,7;4,43;0,382
353;13.07.2023;15:55:31;00:05:52;250,2;122,2;24,2;22,8;21,6;229,3;20,8;0,1;1,24E-1;-541,2;20,00;3,0;3,0;38,27;0,02;-0,030;1,7;4,43;0,386
354;13.07.2023;15:55:32;00:05:53;250,1;124,9;24,2;22,8;21,6;230,7;20,7;0,1;1,23E-1;-541,2;20,00;3,0;3,0;38,27;0,02;-0,028;1,7;4,41;0,386
355;13.07.2023;15:55:33;00:05:54;250,2;127,6;24,4;23,0;21,6;231,4;20,7;0,1;1,23E-1;-541,2;20,00;3,0;3,0;38,26;0,01;-0,023;1,7;4,42;0,388
356;13.07.2023;15:55:34;00:05:55;250,1;127,6;24,5;23,0;21,7;232,9;20,8;0,1;1,23E-1;-541,2;20,00;3,0;3,1;38,26;0,01;-0,033;1,7;4,38;0,390
357;13.07.2023;15:55:35;00:05:56;250,0;127,6;24,5;23,0;21,7;233,6;21,0;0,1;1,22E-1;-541,2;20,00;3,0;3,0;38,26;0,01;-0,041;1,7;4,42;0,391
358;13.07.2023;15:55:36;00:05:57;250,3;130,2;24,5;23,1;21,7;235,0;20,9;0,1;1,22E-1;-541,2;20,00;3,0;3,0;38,26;0,01;-0,042;1,7;4,46;0,391
359;13.07.2023;15:55:37;00:05:58;250,0;132,9;24,6;23,3;21,6;236,4;20,9;0,1;1,22E-1;-541,2;20,00;3,0;3,0;38,26;0,01;-0,040;1,7;4,42;0,391
360;13.07.2023;15:55:38;00:05:59;250,8;132,9;24,6;23,3;21,6;237,1;21,0;0,1;1,21E-1;-541,2;20,00;3,0;3,0;38,26;0,01;-0,039;1,7;4,42;0,391
361;13.07.2023;15:55:39;00:06:00;252,1;132,9;24,8;23,4;21,6;238,5;21,2;0,1;1,21E-1;-541,2;20,00;3,0;3,0;38,26;0,01;-0,033;1,8;4,45;0,394
362;13.07.2023;15:55:40;00:06:01;254,5;135,3;24,8;23,4;21,6;240,0;21,3;0,1;1,20E-1;-541,2;20,00;3,0;3,0;38,26;0,01;-0,028;1,8;4,47;0,395
363;13.07.2023;15:55:41;00:06:02;255,5;137,8;24,9;23,6;21,6;240,7;21,4;0,1;1,20E-1;-541,2;20,00;3,0;2,9;38,26;0,01;-0,029;1,8;4,44;0,396
364;13.07.2023;15:55:42;00:06:03;257,5;137,8;24,9;23,6;21,6;242,1;21,4;0,1;1,20E-1;-541,2;20,00;3,0;3,0;38,26;0,01;-0,028;1,8;4,43;0,396
365;13.07.2023;15:55:43;00:06:04;258,8;140,2;25,1;23,8;21,6;243,5;21,5;0,1;1,19E-1;-541,2;20,00;3,0;3,0;38,26;0,01;-0,030;1,8;4,40;0,399
366;13.07.2023;15:55:44;00:06:05;259,4;140,2;25,1;23,8;21,7;244,2;21,5;0,1;1,19E-1;-541,2;20,00;3,0;2,9;38,26;0,01;-0,032;1,8;4,45;0,400
367;13.07.2023;15:55:45;00:06:06;261,7;142,6;25,2;23,9;21,7;245,6;21,5;0,1;1,19E-1;-541,2;20,00;3,0;3,0;38,26;0,01;-0,026;1,8;4,46;0,400
368;13.07.2023;15:55:46;00:06:07;263,1;142,6;25,3;24,0;21,7;247,2;21,7;0,1;1,18E-1;-541,2;20,00;3,0;3,0;38,26;0,01;-0,030;1,8;4,45;0,400
369;13.07.2023;15:55:47;00:06:08;263,7;145,0;25,3;24,0;21,7;247,9;21,6;0,1;1,18E-1;-541,2;20,00;3,0;3,0;38,26;0,01;-0,034;1,8;4,43;0,400
370;13.07.2023;15:55:48;00:06:09;265,3;145,0;25,4;24,0;21,7;249,3;21,8;0,1;1,18E-1;-541,2;20,00;3,0;3,0;38,26;0,01;-0,033;1,8;4,47;0,401
371;13.07.2023;15:55:49;00:06:10;266,5;145,0;25,4;24,2;21,7;250,0;21,9;0,1;1,17E-1;-541,2;20,00;3,0;3,0;38,26;0,01;-0,030;1,8;4,45;0,402
372;13.07.2023;15:55:50;00:06:11;267,9;147,4;25,4;24,2;21,7;251,4;21,9;0,1;1,17E-1;-541,2;20,00;3,0;3,0;38,26;0,01;-0,034;1,8;4,48;0,405
373;13.07.2023;15:55:51;00:06:12;269,1;147,4;25,5;24,3;21,7;252,8;22,2;0,1;1,17E-1;-541,2;20,00;3,0;3,0;38,25;0,01;-0,040;1,8;4,48;0,408
374;13.07.2023;15:55:52;00:06:13;270,5;149,9;25,5;24,3;21,7;253,5;22,0;0,1;1,16E-1;-541,2;20,00;3,0;3,0;38,25;0,00;-0,034;1,8;4,52;0,409
375;13.07.2023;15:55:53;00:06:14;272,0;149,9;25,6;24,5;21,7;255,0;22,3;0,1;1,16E-1;-541,2;20,00;3,0;3,0;38,25;0,00;-0,029;1,8;4,50;0,409
376;13.07.2023;15:55:54;00:06:15;274,0;152,5;25,6;24,5;21,7;256,4;22,3;0,1;1,16E-1;-541,2;20,00;3,0;2,9;38,25;0,01;-0,042;1,8;4,49;0,410
377;13.07.2023;15:55:55;00:06:16;274,7;152,5;25,6;24,5;21,7;257,1;22,4;0,1;1,15E-1;-541,2;20,00;3,0;3,0;38,25;0,00;-0,037;1,9;4,51;0,410
378;13.07.2023;15:55:56;00:06:17;276,6;155,2;25,8;24,6;21,8;258,5;22,4;0,1;1,15E-1;-541,2;20,00;3,0;3,0;38,25;0,01;-0,036;1,8;4,50;0,410
379;13.07.2023;15:55:57;00:06:18;278,1;155,2;25,9;24,8;21,8;259,9;22,6;0,1;1,15E-1;-541,2;20,00;3,0;2,9;38,25;0,00;-0,037;1,9;4,50;0,411
380;13.07.2023;15:55:58;00:06:19;278,6;157,8;25,9;24,8;21,8;260,6;22,5;0,1;1,15E-1;-541,2;20,00;3,0;3,0;38,25;0,00;-0,035;1,9;4,52;0,413
381;13.07.2023;15:55:59;00:06:20;280,3;157,8;26,1;24,9;21,8;262,1;22,7;0,1;1,14E-1;-541,2;20,00;3,0;2,9;38,25;0,00;-0,036;1,9;4,54;0,415
382;13.07.2023;15:56:00;00:06:21;281,9;160,2;26,1;24,9;21,8;263,5;22,7;0,1;1,14E-1;-541,2;20,00;3,0;3,0;38,25;0,00;-0,033;1,9;4,55;0,415
383;13.07.2023;15:56:01;00:06:22;283,0;162,6;26,2;25,0;21,8;264,2;22,7;0,1;1,14E-1;-541,2;20,00;3,0;3,0;38,25;0,00;-0,032;1,9;4,52;0,415
384;13.07.2023;15:56:02;00:06:23;284,5;162,6;26,2;25,0;21,8;265,6;22,8;0,1;1,14E-1;-541,2;20,00;3,0;3,0;38,25;0,00;-0,033;1,9;4,50;0,415
385;13.07.2023;15:56:03;00:06:24;285,3;162,6;26,3;25,0;21,8;266,3;22,9;0,1;1,13E-1;-541,2;20,00;3,0;3,0;38,24;0,00;-0,031;1,9;4,54;0,419
386;13.07.2023;15:56:04;00:06:25;287,0;164,9;26,3;25,2;21,8;267,7;22,9;0,1;1,13E-1;-541,2;20,00;3,0;3,0;38,25;0,00;-0,032;1,9;4,54;0,420
387;13.07.2023;15:56:05;00:06:26;289,0;167,2;26,4;25,3;21,8;269,2;22,9;0,1;1,13E-1;-541,2;20,00;3,0;3,0;38,25;0,00;-0,036;1,9;4,58;0,422
388;13.07.2023;15:56:06;00:06:27;289,1;167,2;26,4;25,3;21,8;269,9;23,0;0,1;1,13E-1;-541,2;20,00;3,0;2,9;38,24;0,00;-0,036;1,9;4,53;0,420
389;13.07.2023;15:56:07;00:06:28;291,2;167,2;26,6;25,4;21,8;271,3;23,3;0,1;1,12E-1;-541,2;20,00;3,0;3,0;38,25;0,00;-0,034;1,9;4,55;0,421
390;13.07.2023;15:56:08;00:06:29;292,6;169,5;26,6;25,4;21,9;272,7;23,3;0,1;1,12E-1;-541,2;20,00;3,0;3,0;38,24;0,00;-0,035;1,9;4,61;0,424
391;13.07.2023;15:56:09;00:06:30;293,3;171,8;26,7;25,6;21,9;273,4;23,4;0,1;1,12E-1;-541,2;20,00;3,0;2,9;38,25;-0,01;-0,034;1,9;4,58;0,424
392;13.07.2023;15:56:10;00:06:31;294,7;171,8;26,7;25,6;21,9;274,8;23,4;0,1;1,12E-1;-541,2;20,00;3,0;3,0;38,24;0,00;-0,033;1,9;4,58;0,425
393;13.07.2023;15:56:11;00:06:32;296,1;171,8;26,8;25,5;21,9;276,0;23,6;0,1;1,11E-1;-541,2;20,00;3,0;3,0;38,24;0,00;-0,031;2,0;4,57;0,427
394;13.07.2023;15:56:12;00:06:33;297,8;174,2;26,8;25,7;21,9;277,3;23,6;0,1;1,11E-1;-541,2;20,00;3,0;3,0;38,24;-0,01;-0,030;2,0;4,57;0,427
395;13.07.2023;15:56:13;00:06:34;299,5;174,2;26,9;25,8;21,9;278,7;23,8;0,1;1,11E-1;-541,2;20,00;3,0;3,0;38,24;0,00;-0,034;2,0;4,57;0,430
396;13.07.2023;15:56:14;00:06:35;300,3;176,7;26,9;25,8;22,0;279,4;23,7;0,1;1,11E-1;-541,2;20,00;3,0;3,0;38,24;-0,01;-0,028;2,0;4,64;0,433
397;13.07.2023;15:56:15;00:06:36;302,0;176,7;27,0;25,9;22,0;280,8;23,9;0,1;1,11E-1;-541,2;20,00;3,0;3,0;38,24;-0,01;-0,033;2,0;4,57;0,431
398;13.07.2023;15:56:16;00:06:37;302,8;179,1;27,0;25,9;22,1;281,5;23,8;0,1;1,10E-1;-541,2;20,00;3,0;3,0;38,24;-0,01;-0,031;2,0;4,60;0,432
399;13.07.2023;15:56:17;00:06:38;304,3;181,6;27,1;26,1;22,1;282,9;23,9;0,1;1,10E-1;-541,2;20,00;3,0;3,0;38,24;-0,01;-0,031;2,0;4,60;0,435
400;13.07.2023;15:56:18;00:06:39;305,7;181,6;27,3;26,1;22,1;284,4;24,0;0,1;1,10E-1;-541,2;20,00;3,0;3,0;38,24;-0,01;-0,036;2,0;4,59;0,435
401;13.07.2023;15:56:19;00:06:40;307,0;181,6;27,3;26,1;22,1;285,1;24,1;0,1;1,10E-1;-541,2;20,00;3,0;3,0;38,24;-0,01;-0,035;2,0;4,62;0,435
402;13.07.2023;15:56:20;00:06:41;308,5;183,9;27,3;26,2;22,1;286,5;24,1;0,1;1,10E-1;-541,2;20,00;3,0;3,0;38,24;-0,01;-0,037;2,0;4,61;0,435
403;13.07.2023;15:56:21;00:06:42;309,8;186,1;27,4;26,3;22,1;287,9;24,1;0,1;1,09E-1;-541,2;20,00;3,0;3,0;38,24;-0,01;-0,031;2,0;4,62;0,438
404;13.07.2023;15:56:22;00:06:43;310,6;186,1;27,4;26,3;22,1;288,6;24,2;0,1;1,09E-1;-541,2;20,00;3,0;3,0;38,24;-0,01;-0,033;2,0;4,62;0,438
405;13.07.2023;15:56:23;00:06:44;312,4;186,1;27,5;26,5;22,1;290,0;24,5;0,1;1,09E-1;-541,2;20,00;3,0;3,0;38,24;-0,01;-0,027;2,0;4,63;0,440
406;13.07.2023;15:56:24;00:06:45;314,1;188,4;27,5;26,5;22,1;291,5;24,5;0,1;1,09E-1;-541,2;20,00;3,0;3,0;38,24;-0,01;-0,025;2,0;4,59;0,440
407;13.07.2023;15:56:25;00:06:46;315,1;190,7;27,6;26,6;22,1;292,2;24,5;0,1;1,09E-1;-541,2;20,00;3,0;3,0;38,24;-0,01;-0,030;2,0;4,63;0,444
408;13.07.2023;15:56:26;00:06:47;316,7;190,7;27,6;26,6;22,1;293,6;24,6;0,1;1,09E-1;-541,2;20,00;3,0;3,0;38,24;-0,02;-0,024;2,1;4,62;0,444
409;13.07.2023;15:56:27;00:06:48;318,6;193,0;27,8;26,7;22,1;295,0;24,7;0,1;1,08E-1;-541,2;20,00;3,0;3,1;38,23;-0,01;-0,034;2,1;4,65;0,447
410;13.07.2023;15:56:28;00:06:49;319,5;193,0;27,8;26,7;22,1;295,7;24,7;0,1;1,08E-1;-541,2;20,00;3,0;3,0;38,23;-0,02;-0,039;2,1;4,66;0,444
411;13.07.2023;15:56:29;00:06:50;320,7;195,2;27,9;26,8;22,1;297,1;24,8;0,1;1,08E-1;-541,2;20,00;3,0;3,0;38,23;-0,01;-0,038;2,1;4,68;0,447
412;13.07.2023;15:56:30;00:06:51;321,9;195,2;27,9;26,8;22,1;297,9;24,9;0,1;1,08E-1;-541,2;20,00;3,0;3,0;38,24;-0,02;-0,041;2,1;4,67;0,446
413;13.07.2023;15:56:31;00:06:52;323,4;195,3;28,1;26,9;22,2;299,3;25,1;0,1;1,08E-1;-541,2;20,00;3,0;3,0;38,23;-0,02;-0,037;2,1;4,68;0,449
414;13.07.2023;15:56:32;00:06:53;325,1;197,7;28,1;27,0;22,2;300,8;25,1;0,1;1,07E-1;-541,2;20,00;3,0;3,0;38,23;-0,02;-0,034;2,1;4,72;0,451
415;13.07.2023;15:56:33;00:06:54;326,2;200,1;28,2;27,1;22,2;301,5;25,2;0,1;1,07E-1;-541,2;20,00;3,0;3,0;38,23;-0,02;-0,036;2,1;4,70;0,451
416;13.07.2023;15:56:34;00:06:55;327,9;200,1;28,2;27,1;22,2;303,0;25,2;0,1;1,07E-1;-541,2;20,00;3,0;3,0;38,23;-0,02;-0,036;2,1;4,69;0,450
417;13.07.2023;15:56:35;00:06:56;329,6;202,5;28,3;27,3;22,2;304,5;25,4;0,1;1,07E-1;-541,2;20,00;3,0;3,0;38,23;-0,02;-0,038;2,1;4,71;0,454
418;13.07.2023;15:56:36;00:06:57;330,4;202,5;28,3;27,3;22,2;305,4;25,3;0,1;1,07E-1;-541,2;20,00;3,0;2,9;38,23;-0,02;-0,039;2,1;4,73;0,454
419;13.07.2023;15:56:37;00:06:58;331,8;205,0;28,5;27,4;22,2;306,9;25,4;0,1;1,07E-1;-541,2;20,00;3,0;2,9;38,23;-0,02;-0,039;2,1;4,68;0,454
420;13.07.2023;15:56:38;00:06:59;333,8;205,0;28,5;27,4;22,2;308,4;25,6;0,1;1,06E-1;-541,2;20,00;3,0;3,0;38,23;-0,02;-0,036;2,1;4,68;0,456
421;13.07.2023;15:56:39;00:07:00;334,6;205,0;28,5;27,4;22,2;309,1;25,7;0,1;1,06E-1;-541,2;20,00;3,0;2,9;38,23;-0,02;-0,043;2,2;4,72;0,459
422;13.07.2023;15:56:40;00:07:01;336,1;207,3;28,6;27,5;22,3;310,6;25,7;0,1;1,06E-1;-541,1;20,00;3,0;2,9;38,23;-0,02;-0,039;2,1;4,70;0,459
423;13.07.2023;15:56:41;00:07:02;337,2;207,3;28,7;27,5;22,3;311,4;25,8;0,1;1,06E-1;-541,2;20,00;3,0;3,0;38,23;-0,02;-0,034;2,2;4,72;0,459
424;13.07.2023;15:56:42;00:07:03;338,9;209,7;28,7;27,7;22,3;313,0;25,9;0,1;1,06E-1;-541,2;20,00;3,0;3,0;38,22;-0,02;-0,032;2,2;4,74;0,463
425;13.07.2023;15:56:43;00:07:04;340,7;209,7;28,8;27,8;22,3;314,5;26,1;0,1;1,05E-1;-541,2;20,00;3,0;3,0;38,23;-0,03;-0,032;2,2;4,73;0,464
426;13.07.2023;15:56:44;00:07:05;341,6;212,0;28,8;27,8;22,3;315,3;26,0;0,1;1,05E-1;-541,2;20,00;3,0;3,0;38,22;-0,02;-0,036;2,2;4,73;0,464
427;13.07.2023;15:56:45;00:07:06;343,4;214,3;29,0;27,9;22,3;316,8;26,1;0,1;1,05E-1;-541,2;20,00;3,0;3,0;38,22;-0,03;-0,035;2,2;4,73;0,465
428;13.07.2023;15:56:46;00:07:07;344,8;214,3;29,0;27,9;22,4;318,3;26,2;0,1;1,05E-1;-541,2;20,00;3,0;3,0;38,22;-0,02;-0,039;2,2;4,70;0,465
429;13.07.2023;15:56:47;00:07:08;345,9;214,3;29,1;27,9;22,4;319,0;26,3;0,1;1,05E-1;-541,2;20,00;3,0;3,1;38,22;-0,03;-0,037;2,2;4,78;0,468
430;13.07.2023;15:56:48;00:07:09;348,0;216,6;29,1;28,0;22,4;320,6;26,4;0,1;1,04E-1;-541,2;20,00;3,0;3,1;38,22;-0,03;-0,035;2,2;4,75;0,469
431;13.07.2023;15:56:49;00:07:10;349,6;218,9;29,2;28,1;22,4;322,1;26,4;0,1;1,04E-1;-541,2;20,00;3,0;2,9;38,22;-0,02;-0,037;2,2;4,77;0,469
432;13.07.2023;15:56:50;00:07:11;350,4;218,9;29,2;28,1;22,4;322,9;26,5;0,1;1,04E-1;-541,2;20,00;3,0;3,0;38,22;-0,03;-0,033;2,2;4,74;0,471
433;13.07.2023;15:56:51;00:07:12;352,3;218,8;29,4;28,1;22,4;324,4;26,8;0,1;1,04E-1;-541,2;20,00;3,0;3,0;38,22;-0,03;-0,038;2,3;4,76;0,474
434;13.07.2023;15:56:52;00:07:13;354,4;221,3;29,4;28,3;22,4;325,9;26,8;0,1;1,04E-1;-541,2;20,00;3,0;3,0;38,22;-0,03;-0,044;2,3;4,76;0,474
435;13.07.2023;15:56:53;00:07:14;355,1;221,3;29,5;28,3;22,4;326,6;26,9;0,1;1,04E-1;-541,2;20,00;3,0;3,0;38,22;-0,03;-0,040;2,3;4,77;0,477
436;13.07.2023;15:56:54;00:07:15;357,2;223,7;29,5;28,4;22,4;328,3;26,9;0,1;1,03E-1;-541,2;20,00;3,0;3,0;38,21;-0,03;-0,040;2,3;4,76;0,476
437;13.07.2023;15:56:55;00:07:16;358,3;223,7;29,5;28,4;22,4;329,0;27,0;0,1;1,03E-1;-541,2;20,00;3,0;3,0;38,22;-0,03;-0,042;2,3;4,79;0,479
438;13.07.2023;15:56:56;00:07:17;359,9;226,1;29,6;28,5;22,4;330,5;27,0;0,1;1,03E-1;-541,2;20,00;3,0;3,0;38,21;-0,03;-0,039;2,3;4,77;0,479
439;13.07.2023;15:56:57;00:07:18;361,9;226,1;29,7;28,6;22,4;332,0;27,3;0,1;1,03E-1;-541,2;20,00;3,0;3,1;38,22;-0,03;-0,037;2,3;4,80;0,484
440;13.07.2023;15:56:58;00:07:19;362,6;228,5;29,7;28,6;22,4;332,8;27,3;0,1;1,03E-1;-541,2;20,00;3,0;3,0;38,21;-0,03;-0,045;2,3;4,82;0,484
441;13.07.2023;15:56:59;00:07:20;364,8;228,5;29,7;28,6;22,4;334,3;27,4;0,1;1,03E-1;-541,2;20,00;3,0;3,0;38,21;-0,03;-0,042;2,3;4,83;0,484
442;13.07.2023;15:57:00;00:07:21;366,8;230,8;29,9;28,7;22,4;335,9;27,4;0,1;1,03E-1;-541,2;20,00;3,0;3,0;38,21;-0,04;-0,048;2,3;4,79;0,485
443;13.07.2023;15:57:01;00:07:22;367,6;233,0;30,0;28,9;22,4;336,6;27,5;0,1;1,02E-1;-541,2;20,00;3,0;2,9;38,21;-0,03;-0,054;2,3;4,79;0,485
444;13.07.2023;15:57:02;00:07:23;369,5;233,0;30,0;28,9;22,5;338,1;27,6;0,1;1,02E-1;-541,2;20,00;3,0;2,9;38,21;-0,04;-0,051;2,4;4,81;0,488
445;13.07.2023;15:57:03;00:07:24;371,5;235,3;30,1;29,0;22,5;339,6;27,8;0,1;1,02E-1;-541,2;20,00;3,0;3,0;38,21;-0,04;-0,052;2,4;4,86;0,488
446;13.07.2023;15:57:04;00:07:25;372,2;235,3;30,1;29,0;22,4;340,4;27,7;0,1;1,02E-1;-541,2;20,00;3,0;3,0;38,21;-0,04;-0,052;2,4;4,85;0,488
447;13.07.2023;15:57:05;00:07:26;373,7;237,5;30,3;29,1;22,5;341,9;27,8;0,1;1,02E-1;-541,2;20,00;3,0;3,0;38,21;-0,04;-0,053;2,4;4,86;0,493
448;13.07.2023;15:57:06;00:07:27;376,0;237,5;30,4;29,1;22,5;343,5;28,0;0,1;1,02E-1;-541,2;20,00;3,0;3,1;38,20;-0,04;-0,042;2,4;4,84;0,494
449;13.07.2023;15:57:07;00:07:28;376,9;237,5;30,4;29,1;22,5;344,3;28,1;0,1;1,01E-1;-541,2;20,00;3,0;3,1;38,21;-0,04;-0,047;2,4;4,86;0,495
450;13.07.2023;15:57:08;00:07:29;378,9;239,8;30,4;29,2;22,5;345,8;28,1;0,1;1,01E-1;-541,2;20,00;3,0;3,1;38,21;-0,04;-0,040;2,4;4,90;0,495
451;13.07.2023;15:57:09;00:07:30;379,6;239,8;30,5;29,3;22,5;346,5;28,2;0,1;1,01E-1;-541,2;20,00;3,0;3,1;38,20;-0,04;-0,044;2,4;4,90;0,496
452;13.07.2023;15:57:10;00:07:31;381,3;242,1;30,5;29,3;22,5;348,0;28,3;0,1;1,01E-1;-541,2;20,00;3,0;3,0;38,21;-0,04;-0,054;2,4;4,84;0,498
453;13.07.2023;15:57:11;00:07:32;383,3;242,2;30,7;29,5;22,6;349,5;28,5;0,1;1,01E-1;-541,2;20,00;3,0;3,0;38,20;-0,05;-0,055;2,4;4,86;0,498
454;13.07.2023;15:57:12;00:07:33;384,3;244,6;30,7;29,5;22,6;350,3;28,4;0,1;1,01E-1;-541,2;20,00;3,0;3,0;38,20;-0,04;-0,054;2,4;4,87;0,499
455;13.07.2023;15:57:13;00:07:34;386,0;244,6;30,8;29,6;22,6;351,9;28,6;0,1;1,00E-1;-541,2;20,00;3,0;2,9;38,20;-0,05;-0,050;2,5;4,86;0,503
456;13.07.2023;15:57:14;00:07:35;388,0;247,1;30,8;29,6;22,7;353,4;28,6;0,1;1,00E-1;-541,2;20,00;3,0;2,9;38,20;-0,05;-0,048;2,5;4,93;0,503
457;13.07.2023;15:57:15;00:07:36;388,9;247,1;30,8;29,6;22,7;354,1;28,7;0,1;1,00E-1;-541,2;20,00;3,0;3,0;38,20;-0,05;-0,047;2,5;4,88;0,504
458;13.07.2023;15:57:16;00:07:37;390,8;249,5;31,0;29,8;22,7;355,6;28,8;0,1;1,00E-1;-541,2;20,00;3,0;3,0;38,20;-0,05;-0,043;2,5;4,86;0,504
459;13.07.2023;15:57:17;00:07:38;392,9;252,0;31,1;29,9;22,7;357,3;28,8;0,1;9,98E-2;-541,2;20,00;3,0;2,9;38,20;-0,05;-0,042;2,5;4,86;0,508
460;13.07.2023;15:57:18;00:07:39;393,5;252,0;31,1;29,9;22,7;358,0;28,9;0,1;9,98E-2;-541,2;20,00;3,0;3,0;38,20;-0,05;-0,040;2,5;4,95;0,508
461;13.07.2023;15:57:19;00:07:40;395,6;252,0;31,2;30,0;22,7;359,5;29,1;0,1;9,96E-2;-541,2;20,00;3,0;3,0;38,20;-0,05;-0,042;2,5;4,89;0,509
462;13.07.2023;15:57:20;00:07:41;397,2;254,3;31,2;30,0;22,8;361,0;29,1;0,1;9,94E-2;-541,2;20,00;3,0;2,9;38,20;-0,05;-0,056;2,5;4,89;0,512
463;13.07.2023;15:57:21;00:07:42;398,4;256,6;31,4;30,1;22,8;361,8;29,2;0,1;9,93E-2;-541,2;20,00;3,0;3,0;38,19;-0,05;-0,053;2,5;4,92;0,513
464;13.07.2023;15:57:22;00:07:43;400,0;256,6;31,4;30,1;22,7;363,3;29,3;0,1;9,92E-2;-541,2;20,00;3,0;3,0;38,19;-0,05;-0,050;2,5;4,91;0,513
465;13.07.2023;15:57:23;00:07:44;400,8;256,6;31,5;30,1;22,7;364,0;29,4;0,1;9,91E-2;-541,2;20,00;3,0;3,0;38,19;-0,05;-0,049;2,5;4,90;0,513
466;13.07.2023;15:57:24;00:07:45;402,5;258,9;31,5;30,3;22,7;365,6;29,4;0,1;9,89E-2;-541,2;20,00;3,0;3,0;38,19;-0,05;-0,044;2,5;4,96;0,515
467;13.07.2023;15:57:25;00:07:46;404,5;258,9;31,6;30,4;22,7;367,1;29,7;0,1;9,87E-2;-541,2;20,00;3,0;3,0;38,19;-0,05;-0,047;2,5;4,92;0,518
468;13.07.2023;15:57:26;00:07:47;405,5;261,3;31,6;30,4;22,8;367,9;29,6;0,1;9,86E-2;-541,2;20,00;3,0;3,0;38,19;-0,05;-0,043;2,5;4,92;0,520
469;13.07.2023;15:57:27;00:07:48;407,3;261,3;31,8;30,4;22,8;369,4;29,8;0,1;9,85E-2;-541,2;20,00;3,0;3,0;38,19;-0,06;-0,042;2,6;4,94;0,520
470;13.07.2023;15:57:28;00:07:49;408,9;263,8;31,8;30,5;22,8;370,9;29,8;0,1;9,83E-2;-541,2;20,00;3,0;3,0;38,19;-0,06;-0,039;2,6;4,93;0,523
471;13.07.2023;15:57:29;00:07:50;410,1;266,2;31,9;30,6;22,8;371,6;29,9;0,1;9,82E-2;-541,2;20,00;3,0;3,0;38,19;-0,06;-0,045;2,6;4,96;0,523
472;13.07.2023;15:57:30;00:07:51;412,1;266,2;31,9;30,6;22,9;373,3;30,0;0,1;9,80E-2;-541,2;20,00;3,0;3,0;38,19;-0,06;-0,051;2,6;4,96;0,523
473;13.07.2023;15:57:31;00:07:52;413,9;268,7;32,0;30,7;22,8;374,8;30,1;0,1;9,79E-2;-541,2;20,00;3,0;3,0;38,19;-0,06;-0,047;2,6;4,96;0,523
474;13.07.2023;15:57:32;00:07:53;414,7;268,7;32,0;30,7;22,8;375,5;30,1;0,1;9,78E-2;-541,2;20,00;3,0;3,0;38,19;-0,06;-0,051;2,6;4,97;0,524
475;13.07.2023;15:57:33;00:07:54;416,6;268,7;32,0;30,7;22,8;377,0;30,3;0,1;9,76E-2;-541,2;20,00;3,0;3,0;38,19;-0,06;-0,047;2,6;4,99;0,527
476;13.07.2023;15:57:34;00:07:55;417,6;271,2;32,1;30,8;22,8;377,8;30,3;0,1;9,75E-2;-541,2;20,00;3,0;3,0;38,19;-0,06;-0,050;2,6;4,99;0,528
477;13.07.2023;15:57:35;00:07:56;419,2;271,2;32,1;30,8;22,8;379,3;30,4;0,1;9,74E-2;-541,2;20,00;3,0;2,9;38,19;-0,06;-0,046;2,6;4,97;0,530
478;13.07.2023;15:57:36;00:07:57;421,0;273,8;32,3;31,0;22,8;380,9;30,4;0,1;9,73E-2;-541,2;20,00;3,0;3,0;38,18;-0,07;-0,044;2,6;4,98;0,528
479;13.07.2023;15:57:37;00:07:58;422,4;273,8;32,4;31,0;22,8;381,6;30,6;0,1;9,72E-2;-541,2;20,00;3,0;3,0;38,19;-0,06;-0,047;2,7;5,00;0,533
480;13.07.2023;15:57:38;00:07:59;424,4;276,3;32,4;31,1;22,9;383,1;30,6;0,1;9,70E-2;-541,2;20,00;3,0;3,0;38,18;-0,07;-0,044;2,7;5,01;0,534
481;13.07.2023;15:57:39;00:08:00;426,0;278,7;32,5;31,2;22,9;384,6;30,8;0,1;9,69E-2;-541,2;20,00;3,0;3,0;38,18;-0,07;-0,049;2,7;5,00;0,535
482;13.07.2023;15:57:40;00:08:01;427,1;278,7;32,5;31,2;22,9;385,4;30,7;0,1;9,68E-2;-541,2;20,00;3,0;3,0;38,18;-0,07;-0,050;2,7;4,98;0,535
483;13.07.2023;15:57:41;00:08:02;428,7;278,7;32,7;31,4;22,9;386,9;30,9;0,1;9,67E-2;-541,2;20,00;3,0;3,0;38,18;-0,07;-0,055;2,7;5,00;0,537
484;13.07.2023;15:57:42;00:08:03;430,6;281,1;32,7;31,4;22,9;388,5;31,0;0,1;9,64E-2;-541,2;20,00;3,0;3,0;38,18;-0,07;-0,050;2,7;5,03;0,540
485;13.07.2023;15:57:43;00:08:04;431,7;281,1;32,7;31,4;22,9;389,3;31,1;0,1;9,64E-2;-541,2;20,00;3,0;3,0;38,18;-0,07;-0,046;2,7;5,02;0,542
486;13.07.2023;15:57:44;00:08:05;433,4;283,5;32,8;31,5;23,0;390,8;31,1;0,1;9,63E-2;-541,2;20,00;3,0;3,0;38,18;-0,07;-0,049;2,7;5,02;0,540
487;13.07.2023;15:57:45;00:08:06;435,4;285,8;33,0;31,6;23,0;392,3;31,1;0,1;9,62E-2;-541,2;20,00;3,0;3,0;38,18;-0,07;-0,045;2,7;5,03;0,543
488;13.07.2023;15:57:46;00:08:07;436,1;285,8;33,0;31,6;23,0;393,0;31,2;0,1;9,61E-2;-541,2;20,00;3,0;3,0;38,18;-0,07;-0,039;2,7;4,99;0,543
489;13.07.2023;15:57:47;00:08:08;438,2;285,8;33,1;31,6;23,0;394,5;31,4;0,1;9,59E-2;-541,2;20,00;3,0;3,0;38,18;-0,07;-0,038;2,7;5,01;0,546
490;13.07.2023;15:57:48;00:08:09;439,0;288,2;33,1;31,8;23,0;395,4;31,4;0,1;9,58E-2;-541,2;20,00;3,0;3,0;38,17;-0,07;-0,045;2,8;5,05;0,547
491;13.07.2023;15:57:49;00:08:10;440,9;290,6;33,2;31,9;23,0;396,9;31,5;0,1;9,57E-2;-541,2;20,00;3,0;3,0;38,18;-0,07;-0,046;2,8;5,05;0,547
492;13.07.2023;15:57:50;00:08:11;442,7;290,6;33,2;31,9;23,0;398,4;31,6;0,1;9,56E-2;-541,2;20,00;3,0;3,0;38,17;-0,08;-0,039;2,8;5,04;0,548
493;13.07.2023;15:57:51;00:08:12;443,7;290,7;33,2;31,9;23,0;399,1;31,7;0,1;9,56E-2;-541,2;20,00;3,0;3,0;38,18;-0,07;-0,041;2,8;5,05;0,551
494;13.07.2023;15:57:52;00:08:13;445,7;293,2;33,4;32,0;23,0;400,6;31,7;0,1;9,54E-2;-541,2;20,00;3,0;3,0;38,17;-0,08;-0,035;2,8;5,06;0,552
495;13.07.2023;15:57:53;00:08:14;447,6;293,2;33,5;32,0;23,0;402,1;32,0;0,1;9,52E-2;-541,2;20,00;3,0;3,0;38,17;-0,07;-0,039;2,8;5,10;0,556
496;13.07.2023;15:57:54;00:08:15;448,5;295,8;33,5;32,2;23,0;403,0;31,9;0,1;9,52E-2;-541,2;20,00;3,0;3,0;38,17;-0,08;-0,039;2,8;5,06;0,557
497;13.07.2023;15:57:55;00:08:16;450,6;295,8;33,7;32,2;23,0;404,5;32,1;0,1;9,51E-2;-541,2;20,00;3,0;3,0;38,17;-0,08;-0,035;2,8;5,07;0,557
498;13.07.2023;15:57:56;00:08:17;452,6;298,4;33,7;32,3;23,1;406,0;32,1;0,1;9,50E-2;-541,2;20,00;3,0;3,0;38,17;-0,08;-0,033;2,8;5,07;0,557
499;13.07.2023;15:57:57;00:08:18;453,4;298,4;33,8;32,4;23,1;406,8;32,2;0,1;9,49E-2;-541,2;20,00;3,0;3,0;38,17;-0,08;-0,035;2,8;5,07;0,558
500;13.07.2023;15:57:58;00:08:19;455,5;301,1;33,8;32,4;23,1;408,3;32,2;0,1;9,47E-2;-541,2;20,00;3,0;3,0;38,17;-0,08;-0,039;2,9;5,08;0,561
501;13.07.2023;15:57:59;00:08:20;457,5;303,5;34,0;32,6;23,1;409,8;32,4;0,1;9,46E-2;-541,2;20,00;3,0;3,0;38,17;-0,08;-0,037;2,9;5,09;0,562
502;13.07.2023;15:58:00;00:08:21;458,4;303,5;34,0;32,6;23,1;410,6;32,3;0,1;9,46E-2;-541,2;20,00;3,0;3,0;38,17;-0,08;-0,033;2,9;5,07;0,562
503;13.07.2023;15:58:01;00:08:22;460,4;303,5;34,1;32,7;23,1;412,1;32,6;0,1;9,44E-2;-541,2;20,00;3,0;3,0;38,16;-0,08;-0,036;2,9;5,10;0,562
504;13.07.2023;15:58:02;00:08:23;461,9;305,9;34,1;32,7;23,1;412,9;32,6;0,1;9,44E-2;-541,2;20,00;3,0;3,0;38,17;-0,08;-0,031;2,9;5,13;0,567
505;13.07.2023;15:58:03;00:08:24;463,7;305,9;34,1;32,7;23,1;414,4;32,7;0,1;9,42E-2;-541,2;20,00;3,0;3,0;38,17;-0,08;-0,029;2,9;5,13;0,567
506;13.07.2023;15:58:04;00:08:25;466,2;308,3;34,3;32,8;23,2;415,9;32,7;0,1;9,41E-2;-541,2;20,00;3,0;3,0;38,17;-0,08;-0,024;2,9;5,12;0,567
507;13.07.2023;15:58:05;00:08:26;467,2;308,3;34,4;33,0;23,2;416,6;32,8;0,1;9,40E-2;-541,2;20,00;3,0;3,0;38,17;-0,08;-0,030;2,9;5,11;0,567
508;13.07.2023;15:58:06;00:08:27;469,4;310,7;34,4;33,0;23,2;418,3;32,9;0,1;9,40E-2;-541,2;20,00;3,0;2,9;38,16;-0,08;-0,027;2,9;5,13;0,570
509;13.07.2023;15:58:07;00:08:28;471,8;313,2;34,5;33,1;23,2;419,8;33,1;0,1;9,39E-2;-541,2;20,00;3,0;3,0;38,17;-0,08;-0,019;2,9;5,10;0,571
510;13.07.2023;15:58:08;00:08:29;473,1;313,2;34,5;33,1;23,2;420,5;33,0;0,1;9,38E-2;-541,2;20,00;3,0;3,0;38,17;-0,08;-0,017;2,9;5,14;0,571
511;13.07.2023;15:58:09;00:08:30;475,0;315,6;34,7;33,2;23,2;422,0;33,1;0,1;9,36E-2;-541,2;20,00;3,0;2,9;38,17;-0,08;-0,010;2,9;5,14;0,571
512;13.07.2023;15:58:10;00:08:31;477,3;315,6;34,7;33,2;23,2;423,5;33,2;0,1;9,35E-2;-541,2;20,00;3,0;3,0;38,16;-0,08;-0,009;2,9;5,15;0,572
513;13.07.2023;15:58:11;00:08:32;478,7;315,6;34,7;33,2;23,1;424,3;33,3;0,1;9,35E-2;-541,2;20,00;3,0;3,0;38,17;-0,09;-0,004;2,9;5,12;0,574
514;13.07.2023;15:58:12;00:08:33;481,3;318,3;34,8;33,3;23,2;425,9;33,5;0,1;9,34E-2;-541,2;20,00;3,0;3,0;38,17;-0,08;-0,001;3,0;5,16;0,576
515;13.07.2023;15:58:13;00:08:34;482,1;318,3;34,8;33,3;23,2;426,6;33,5;0,1;9,34E-2;-541,2;20,00;3,0;3,1;38,17;-0,08;-0,001;3,0;5,14;0,577
516;13.07.2023;15:58:14;00:08:35;484,7;321,0;35,0;33,5;23,2;428,1;33,5;0,1;9,32E-2;-541,2;20,00;3,0;3,0;38,17;-0,08;0,005;3,0;5,21;0,578
517;13.07.2023;15:58:15;00:08:36;487,0;321,0;35,1;33,6;23,2;429,6;33,7;0,1;9,32E-2;-541,2;20,00;3,0;2,9;38,16;-0,08;-0,002;3,0;5,16;0,577
518;13.07.2023;15:58:16;00:08:37;488,2;321,0;35,1;33,6;23,2;430,4;33,8;0,1;9,31E-2;-541,2;20,00;3,0;3,0;38,17;-0,08;0,006;3,0;5,19;0,580
519;13.07.2023;15:58:17;00:08:38;490,5;323,7;35,1;33,6;23,3;431,9;33,8;0,1;9,30E-2;-541,2;20,00;3,0;3,0;38,16;-0,08;0,007;3,0;5,20;0,580
520;13.07.2023;15:58:18;00:08:39;493,0;326,4;35,3;33,8;23,3;433,5;33,8;0,1;9,29E-2;-541,2;20,00;3,0;3,0;38,17;-0,08;0,008;3,0;5,17;0,581
521;13.07.2023;15:58:19;00:08:40;493,8;326,4;35,3;33,8;23,3;434,3;33,9;0,1;9,28E-2;-541,2;20,00;3,0;3,0;38,17;-0,08;0,015;3,0;5,18;0,581
522;13.07.2023;15:58:20;00:08:41;496,6;328,8;35,4;33,9;23,3;435,8;33,9;0,1;9,28E-2;-541,2;20,00;3,0;3,1;38,17;-0,08;0,022;3,0;5,18;0,583
523;13.07.2023;15:58:21;00:08:42;498,5;328,8;35,6;33,9;23,3;437,3;34,2;0,1;9,27E-2;-541,2;20,00;3,0;3,0;38,17;-0,08;0,039;3,0;5,19;0,584
524;13.07.2023;15:58:22;00:08:43;499,8;331,3;35,6;34,1;23,3;438,0;34,1;0,1;9,27E-2;-541,2;20,00;3,0;3,0;38,17;-0,07;0,056;3,0;5,17;0,586
525;13.07.2023;15:58:23;00:08:44;502,0;331,3;35,7;34,1;23,3;439,5;34,3;0,1;9,26E-2;-541,2;20,00;3,0;3,0;38,18;-0,07;0,084;3,1;5,22;0,586
526;13.07.2023;15:58:24;00:08:45;504,2;333,7;35,7;34,2;23,4;441,1;34,3;0,1;9,25E-2;-541,2;20,00;3,0;3,0;38,18;-0,07;0,114;3,1;5,22;0,587
527;13.07.2023;15:58:25;00:08:46;505,2;333,7;35,8;34,3;23,4;441,9;34,4;0,1;9,24E-2;-541,2;20,00;3,0;3,0;38,18;-0,07;0,118;3,1;5,23;0,587
528;13.07.2023;15:58:26;00:08:47;507,6;336,2;35,8;34,3;23,4;443,4;34,4;0,1;9,24E-2;-541,2;20,00;3,0;3,0;38,19;-0,06;0,145;3,1;5,22;0,590
529;13.07.2023;15:58:27;00:08:48;508,2;336,2;35,8;34,3;23,4;444,1;34,6;0,1;9,23E-2;-541,2;20,00;3,0;3,0;38,19;-0,06;0,150;3,1;5,25;0,591
530;13.07.2023;15:58:28;00:08:49;510,4;338,6;36,0;34,5;23,4;445,6;34,6;0,1;9,23E-2;-541,2;20,00;3,0;3,0;38,19;-0,06;0,160;3,1;5,24;0,591
531;13.07.2023;15:58:29;00:08:50;512,4;341,1;36,1;34,6;23,4;447,1;34,6;0,1;9,22E-2;-541,2;20,00;3,0;3,1;38,19;-0,05;0,166;3,1;5,24;0,593
532;13.07.2023;15:58:30;00:08:51;513,7;341,1;36,1;34,6;23,4;447,9;34,7;0,1;9,22E-2;-541,2;20,00;3,0;3,0;38,20;-0,06;0,167;3,1;5,23;0,592
533;13.07.2023;15:58:31;00:08:52;515,8;340,9;36,1;34,4;23,3;449,5;34,9;0,1;9,22E-2;-541,2;20,00;3,0;3,0;38,20;-0,05;0,167;3,1;5,25;0,595
534;13.07.2023;15:58:32;00:08:53;517,9;343,6;36,1;34,6;23,3;451,0;35,0;0,1;9,21E-2;-541,2;20,00;3,0;3,0;38,20;-0,04;0,172;3,1;5,24;0,598
535;13.07.2023;15:58:33;00:08:54;519,2;343,6;36,1;34,6;23,3;451,8;35,1;0,1;9,21E-2;-541,2;20,00;3,0;3,0;38,21;-0,05;0,175;3,1;5,23;0,597
536;13.07.2023;15:58:34;00:08:55;521,3;346,2;36,3;34,7;23,3;453,3;35,1;0,1;9,20E-2;-541,2;20,00;3,0;3,0;38,21;-0,04;0,175;3,1;5,24;0,597
537;13.07.2023;15:58:35;00:08:56;523,4;348,8;36,4;34,9;23,3;454,8;35,3;0,1;9,19E-2;-541,2;20,00;3,0;3,0;38,22;-0,03;0,179;3,1;5,27;0,599
538;13.07.2023;15:58:36;00:08:57;524,0;348,8;36,4;34,9;23,3;455,5;35,2;0,1;9,19E-2;-541,2;20,00;3,0;3,0;38,21;-0,03;0,185;3,2;5,26;0,598
539;13.07.2023;15:58:37;00:08:58;526,2;348,8;36,6;34,9;23,4;457,1;35,4;0,1;9,18E-2;-541,2;20,00;3,0;3,0;38,22;-0,03;0,196;3,2;5,27;0,601
540;13.07.2023;15:58:38;00:08:59;528,2;351,4;36,6;35,0;23,4;458,6;35,4;0,1;9,18E-2;-541,2;20,00;3,0;3,1;38,23;-0,02;0,206;3,1;5,25;0,602
541;13.07.2023;15:58:39;00:09:00;529,3;351,4;36,6;35,0;23,4;459,4;35,5;0,1;9,17E-2;-541,2;20,00;3,0;3,0;38,22;-0,02;0,211;3,2;5,28;0,603
542;13.07.2023;15:58:40;00:09:01;531,3;353,9;36,7;35,1;23,4;460,9;35,5;0,1;9,17E-2;-541,2;20,00;3,0;2,9;38,24;-0,02;0,217;3,2;5,25;0,601
543;13.07.2023;15:58:41;00:09:02;532,3;353,9;36,8;35,1;23,4;461,6;35,6;0,1;9,17E-2;-541,2;20,00;3,0;3,0;38,23;-0,01;0,232;3,2;5,31;0,604
544;13.07.2023;15:58:42;00:09:03;534,4;356,3;36,8;35,3;23,5;463,1;35,7;0,1;9,16E-2;-541,2;20,00;3,0;3,0;38,24;-0,01;0,237;3,2;5,31;0,606
545;13.07.2023;15:58:43;00:09:04;536,6;356,3;37,0;35,4;23,5;464,8;35,9;0,1;9,16E-2;-541,2;20,00;3,0;3,0;38,25;0,00;0,256;3,2;5,31;0,606
546;13.07.2023;15:58:44;00:09:05;537,7;358,8;37,0;35,4;23,5;465,5;35,8;0,1;9,16E-2;-541,2;20,00;3,0;3,0;38,25;0,00;0,268;3,2;5,32;0,606
547;13.07.2023;15:58:45;00:09:06;539,3;358,8;37,1;35,5;23,5;467,0;36,0;0,1;9,16E-2;-541,2;20,00;3,0;3,0;38,26;0,01;0,287;3,2;5,29;0,606
548;13.07.2023;15:58:46;00:09:07;541,6;361,2;37,1;35,5;23,5;468,5;36,1;0,1;9,15E-2;-541,2;20,00;3,0;3,0;38,27;0,01;0,297;3,2;5,30;0,610
549;13.07.2023;15:58:47;00:09:08;542,5;361,2;37,1;35,5;23,5;469,3;36,2;0,1;9,15E-2;-541,2;20,00;3,0;3,0;38,27;0,02;0,308;3,2;5,31;0,611
550;13.07.2023;15:58:48;00:09:09;544,6;363,6;37,2;35,7;23,5;470,8;36,2;0,1;9,14E-2;-541,2;20,00;3,0;3,1;38,28;0,03;0,337;3,2;5,31;0,611
551;13.07.2023;15:58:49;00:09:10;546,7;366,0;37,3;35,8;23,5;472,4;36,2;0,1;9,14E-2;-541,2;20,00;3,0;3,0;38,28;0,04;0,351;3,3;5,31;0,614
552;13.07.2023;15:58:50;00:09:11;547,5;366,0;37,3;35,8;23,5;473,1;36,3;0,1;9,14E-2;-541,2;20,00;3,0;3,0;38,29;0,04;0,354;3,3;5,31;0,613
553;13.07.2023;15:58:51;00:09:12;549,5;366,0;37,5;35,8;23,5;474,6;36,6;0,1;9,13E-2;-541,2;20,00;3,0;3,1;38,30;0,05;0,386;3,3;5,31;0,615
554;13.07.2023;15:58:52;00:09:13;550,8;366,0;37,5;35,9;23,5;475,4;36,7;0,1;9,13E-2;-541,2;20,00;3,0;3,0;38,30;0,06;0,398;3,3;5,32;0,615
555;13.07.2023;15:58:53;00:09:14;552,6;368,5;37,5;35,9;23,5;476,9;36,7;0,1;9,13E-2;-541,2;20,00;3,0;3,0;38,31;0,06;0,406;3,3;5,32;0,615
556;13.07.2023;15:58:54;00:09:15;554,4;371,1;37,6;36,0;23,5;478,4;36,7;0,1;9,12E-2;-541,2;20,00;3,0;3,0;38,32;0,07;0,427;3,3;5,34;0,620
557;13.07.2023;15:58:55;00:09:16;555,5;371,1;37,6;36,0;23,5;479,3;36,8;0,1;9,12E-2;-541,2;20,00;3,0;3,0;38,33;0,08;0,439;3,3;5,34;0,618
558;13.07.2023;15:58:56;00:09:17;557,7;373,6;37,7;36,2;23,5;480,8;36,8;0,1;9,12E-2;-541,2;20,00;3,0;3,0;38,34;0,09;0,466;3,3;5,31;0,621
559;13.07.2023;15:58:57;00:09:18;559,5;373,6;37,7;36,2;23,6;482,3;37,0;0,1;9,11E-2;-541,2;20,00;3,0;2,9;38,35;0,10;0,506;3,4;5,39;0,625
560;13.07.2023;15:58:58;00:09:19;560,7;376,2;37,8;36,3;23,6;483,0;37,0;0,1;9,11E-2;-541,2;20,00;3,0;3,0;38,36;0,11;0,526;3,3;5,37;0,625
561;13.07.2023;15:58:59;00:09:20;562,5;376,2;37,8;36,3;23,6;484,5;37,2;0,1;9,11E-2;-541,2;20,00;3,0;3,0;38,37;0,12;0,572;3,4;5,33;0,625
562;13.07.2023;15:59:00;00:09:21;565,0;378,6;37,9;36,4;23,6;486,0;37,3;0,1;9,11E-2;-541,2;20,00;3,0;3,0;38,39;0,14;0,624;3,4;5,36;0,629
563;13.07.2023;15:59:01;00:09:22;566,2;378,6;37,9;36,4;23,6;486,9;37,3;0,1;9,11E-2;-541,2;20,00;3,0;3,0;38,40;0,15;0,650;3,4;5,40;0,630
564;13.07.2023;15:59:02;00:09:23;568,3;381,1;38,1;36,5;23,6;488,4;37,3;0,1;9,11E-2;-541,2;20,00;3,0;3,0;38,41;0,16;0,703;3,4;5,36;0,631
565;13.07.2023;15:59:03;00:09:24;570,1;383,5;38,2;36,6;23,6;489,9;37,5;0,1;9,11E-2;-541,2;20,00;3,0;3,0;38,43;0,18;0,742;3,4;5,37;0,631
566;13.07.2023;15:59:04;00:09:25;571,4;383,5;38,2;36,6;23,6;490,6;37,5;0,1;9,11E-2;-541,2;20,00;3,0;2,9;38,44;0,19;0,764;3,4;5,37;0,634
567;13.07.2023;15:59:05;00:09:26;572,9;383,5;38,3;36,6;23,6;492,1;37,7;0,1;9,11E-2;-541,2;20,00;3,0;3,0;38,46;0,21;0,806;3,4;5,39;0,635
568;13.07.2023;15:59:06;00:09:27;574,3;385,8;38,3;36,8;23,6;492,9;37,8;0,1;9,11E-2;-541,2;20,00;3,0;3,0;38,47;0,22;0,833;3,4;5,39;0,637
569;13.07.2023;15:59:07;00:09:28;576,3;385,8;38,3;36,8;23,7;494,5;37,8;0,1;9,11E-2;-541,2;20,00;3,0;2,9;38,49;0,24;0,860;3,5;5,39;0,640
570;13.07.2023;15:59:08;00:09:29;578,9;388,1;38,4;36,9;23,8;496,0;37,9;0,1;9,10E-2;-541,2;20,00;3,0;3,0;38,51;0,26;0,896;3,5;5,42;0,640
571;13.07.2023;15:59:09;00:09:30;579,7;388,1;38,6;37,0;23,8;496,8;38,0;0,1;9,10E-2;-541,2;20,00;3,0;3,0;38,52;0,27;0,921;3,5;5,40;0,640
572;13.07.2023;15:59:10;00:09:31;581,9;390,4;38,6;37,0;23,8;498,3;38,0;0,1;9,10E-2;-541,2;20,00;3,0;3,0;38,54;0,29;0,949;3,5;5,44;0,645
573;13.07.2023;15:59:11;00:09:32;583,9;390,5;38,8;37,1;23,9;499,8;38,2;0,1;9,10E-2;-541,2;20,00;3,0;3,0;38,57;0,31;1,008;3,5;5,40;0,645
574;13.07.2023;15:59:12;00:09:33;585,1;390,5;38,8;37,1;23,9;500,5;38,3;0,1;9,10E-2;-541,2;20,00;3,0;3,0;38,58;0,33;1,023;3,5;5,42;0,647
575;13.07.2023;15:59:13;00:09:34;587,2;393,0;38,8;37,2;23,9;502,1;38,4;0,1;9,10E-2;-541,2;20,00;3,0;3,0;38,60;0,35;1,070;3,5;5,43;0,650
576;13.07.2023;15:59:14;00:09:35;589,5;395,5;39,0;37,4;23,9;503,6;38,4;0,1;9,10E-2;-541,2;20,00;3,0;3,0;38,63;0,38;1,133;3,5;5,46;0,650
577;13.07.2023;15:59:15;00:09:36;590,4;395,5;39,0;37,4;23,9;504,4;38,5;0,1;9,10E-2;-541,2;20,00;3,0;3,0;38,64;0,39;1,156;3,5;5,44;0,651
578;13.07.2023;15:59:16;00:09:37;592,2;398,0;39,1;37,5;23,9;505,9;38,7;0,1;9,10E-2;-541,2;20,00;3,0;3,0;38,67;0,41;1,207;3,5;5,42;0,654
579;13.07.2023;15:59:17;00:09:38;593,4;398,0;39,1;37,5;23,9;506,6;38,6;0,1;9,10E-2;-541,2;20,00;3,0;3,0;38,68;0,43;1,226;3,6;5,41;0,655
580;13.07.2023;15:59:18;00:09:39;595,4;400,5;39,3;37,7;23,9;508,1;38,7;0,1;9,10E-2;-541,2;20,00;3,0;3,0;38,71;0,46;1,273;3,6;5,42;0,659
581;13.07.2023;15:59:19;00:09:40;597,5;400,5;39,4;37,8;23,9;509,8;38,9;0,1;9,10E-2;-541,2;20,00;3,0;3,0;38,74;0,49;1,322;3,6;5,46;0,659
582;13.07.2023;15:59:20;00:09:41;598,5;402,7;39,4;37,8;23,9;510,5;38,8;0,1;9,10E-2;-541,2;20,00;3,0;3,0;38,76;0,50;1,332;3,6;5,46;0,663
583;13.07.2023;15:59:21;00:09:42;600,3;402,7;39,4;37,8;24,0;512,0;39,0;0,1;9,10E-2;-541,2;20,00;3,0;3,0;38,79;0,53;1,373;3,6;5,40;0,664
584;13.07.2023;15:59:22;00:09:43;601,9;405,0;39,6;37,9;24,0;513,5;39,0;0,1;9,10E-2;-541,2;20,00;3,0;3,0;38,81;0,57;1,408;3,6;5,47;0,664
585;13.07.2023;15:59:23;00:09:44;602,6;405,0;39,6;37,9;24,0;514,3;39,2;0,1;9,10E-2;-541,2;20,00;3,0;3,0;38,83;0,58;1,430;3,6;5,48;0,664
586;13.07.2023;15:59:24;00:09:45;604,4;407,3;39,8;38,1;24,0;515,8;39,2;0,1;9,10E-2;-541,2;20,00;3,0;3,0;38,86;0,61;1,466;3,6;5,45;0,668
587;13.07.2023;15:59:25;00:09:46;605,8;407,3;39,9;38,1;24,0;517,4;39,4;0,1;9,10E-2;-541,2;20,00;3,0;3,0;38,89;0,65;1,497;3,7;5,45;0,672
588;13.07.2023;15:59:26;00:09:47;606,5;409,6;39,9;38,2;24,0;518,1;39,4;0,1;9,10E-2;-541,2;20,00;3,0;3,0;38,91;0,66;1,511;3,7;5,50;0,674
589;13.07.2023;15:59:27;00:09:48;608,4;409,6;40,1;38,2;24,0;519,6;39,6;0,1;9,10E-2;-541,2;20,00;3,0;3,0;38,94;0,69;1,530;3,7;5,46;0,675
590;13.07.2023;15:59:28;00:09:49;610,0;411,9;40,1;38,4;24,0;521,1;39,6;0,1;9,10E-2;-541,2;20,00;3,0;3,0;38,98;0,72;1,566;3,7;5,48;0,676
591;13.07.2023;15:59:29;00:09:50;610,7;411,9;40,2;38,5;24,0;521,9;39,7;0,1;9,10E-2;-541,2;20,00;3,0;3,0;38,99;0,74;1,573;3,7;5,46;0,678
592;13.07.2023;15:59:30;00:09:51;612,3;414,2;40,2;38,5;24,0;523,4;39,7;0,1;9,10E-2;-541,2;20,00;3,0;3,0;39,03;0,77;1,591;3,7;5,48;0,684
593;13.07.2023;15:59:31;00:09:52;612,9;414,1;40,2;38,5;23,9;524,1;39,9;0,1;9,10E-2;-541,2;20,00;3,0;3,0;39,04;0,79;1,601;3,8;5,53;0,684
594;13.07.2023;15:59:32;00:09:53;614,4;414,1;40,3;38,5;23,9;525,8;40,1;0,1;9,11E-2;-541,2;20,00;3,0;3,0;39,08;0,83;1,633;3,8;5,46;0,687
595;13.07.2023;15:59:33;00:09:54;616,2;416,6;40,3;38,5;24,0;527,3;40,1;0,1;9,11E-2;-541,2;20,00;3,0;3,0;39,11;0,86;1,661;3,8;5,47;0,689
596;13.07.2023;15:59:34;00:09:55;616,8;419,2;40,5;38,7;23,9;528,0;40,1;0,1;9,11E-2;-541,2;20,00;3,0;3,0;39,13;0,88;1,661;3,8;5,49;0,689
597;13.07.2023;15:59:35;00:09:56;618,2;419,2;40,5;38,7;23,9;529,5;40,2;0,1;9,11E-2;-541,2;20,00;3,0;3,0;39,17;0,91;1,684;3,8;5,52;0,692
598;13.07.2023;15:59:36;00:09:57;619,6;421,7;40,6;38,9;24,0;531,0;40,4;0,1;9,11E-2;-541,2;20,00;3,0;3,0;39,20;0,95;1,684;3,8;5,49;0,695
599;13.07.2023;15:59:37;00:09:58;620,2;421,7;40,6;38,9;24,0;531,8;40,4;0,1;9,11E-2;-541,2;20,00;3,0;3,0;39,22;0,96;1,694;3,8;5,55;0,694
600;13.07.2023;15:59:38;00:09:59;621,8;424,4;40,8;39,0;24,0;533,4;40,4;0,1;9,11E-2;-541,2;20,00;3,0;3,0;39,25;1,00;1,706;3,8;5,52;0,698
601;13.07.2023;15:59:39;00:10:00;623,2;424,4;41,0;39,2;24,0;534,9;40,6;0,1;9,12E-2;-541,2;20,00;3,0;3,0;39,28;1,04;1,704;3,9;5,55;0,698
602;13.07.2023;15:59:40;00:10:01;623,8;426,8;41,0;39,2;24,0;535,6;40,5;0,1;9,12E-2;-541,2;20,00;3,0;3,0;39,30;1,05;1,708;3,9;5,53;0,700
603;13.07.2023;15:59:41;00:10:02;625,0;426,8;41,2;39,2;24,0;537,1;40,7;0,1;9,12E-2;-541,2;20,00;3,0;3,0;39,34;1,09;1,712;3,9;5,55;0,703
604;13.07.2023;15:59:42;00:10:03;626,5;429,4;41,2;39,4;24,1;538,6;40,7;0,1;9,13E-2;-541,2;20,00;3,0;3,0;39,38;1,12;1,729;3,9;5,57;0,703
605;13.07.2023;15:59:43;00:10:04;627,4;429,4;41,2;39,4;24,1;539,4;40,9;0,1;9,14E-2;-541,2;20,00;3,0;3,0;39,39;1,14;1,727;3,9;5,54;0,704
606;13.07.2023;15:59:44;00:10:05;628,8;432,0;41,3;39,6;24,1;541,0;41,1;0,1;9,15E-2;-541,2;20,00;3,0;3,0;39,43;1,18;1,737;3,9;5,54;0,708
607;13.07.2023;15:59:45;00:10:06;629,8;432,0;41,3;39,6;24,1;541,8;41,0;0,1;9,15E-2;-541,2;20,00;3,0;3,0;39,45;1,19;1,744;3,9;5,55;0,708
608;13.07.2023;15:59:46;00:10:07;631,2;434,7;41,5;39,7;24,1;543,3;41,0;0,1;9,15E-2;-541,2;20,00;3,0;3,0;39,48;1,23;1,742;3,9;5,55;0,710
609;13.07.2023;15:59:47;00:10:08;632,6;434,7;41,7;39,7;24,1;544,8;41,2;0,1;9,15E-2;-541,2;20,00;3,0;3,0;39,52;1,27;1,750;4,0;5,55;0,710
610;13.07.2023;15:59:48;00:10:09;633,3;437,5;41,7;39,9;24,1;545,5;41,1;0,1;9,15E-2;-541,2;20,00;3,0;3,0;39,53;1,29;1,753;4,0;5,56;0,712
611;13.07.2023;15:59:49;00:10:10;634,8;437,5;41,9;39,9;24,1;547,0;41,3;0,1;9,16E-2;-541,2;20,00;3,0;3,0;39,58;1,32;1,783;3,9;5,56;0,714
612;13.07.2023;15:59:50;00:10:11;636,5;440,2;41,9;40,1;24,1;548,6;41,3;0,1;9,16E-2;-541,2;20,00;3,0;3,0;39,62;1,36;1,802;4,0;5,52;0,717
613;13.07.2023;15:59:51;00:10:12;637,4;440,2;41,9;40,1;24,1;549,4;41,4;0,1;9,16E-2;-541,2;20,00;3,0;3,0;39,63;1,38;1,806;4,0;5,58;0,717
614;13.07.2023;15:59:52;00:10:13;638,7;440,2;42,0;40,2;24,1;550,9;41,7;0,1;9,16E-2;-541,2;20,00;3,0;3,0;39,67;1,42;1,844;4,0;5,55;0,723
615;13.07.2023;15:59:53;00:10:14;640,0;443,1;42,0;40,2;24,1;552,4;41,6;0,1;9,17E-2;-541,2;20,00;3,0;3,0;39,71;1,46;1,872;4,0;5,55;0,722
616;13.07.2023;15:59:54;00:10:15;640,9;446,1;42,2;40,4;24,1;553,1;41,6;0,1;9,17E-2;-541,2;20,00;3,0;3,0;39,73;1,48;1,882;4,0;5,63;0,723
617;13.07.2023;15:59:55;00:10:16;642,2;446,1;42,2;40,4;24,2;554,6;41,7;0,1;9,17E-2;-541,2;20,00;3,0;3,0;39,77;1,52;1,898;4,0;5,57;0,723
618;13.07.2023;15:59:56;00:10:17;642,9;446,1;42,4;40,4;24,2;555,5;41,8;0,1;9,17E-2;-541,2;20,00;3,0;3,0;39,79;1,54;1,901;4,0;5,57;0,728
619;13.07.2023;15:59:57;00:10:18;644,6;449,0;42,4;40,6;24,2;557,0;41,8;0,1;9,17E-2;-541,2;20,00;3,0;3,0;39,83;1,58;1,924;4,1;5,60;0,728
620;13.07.2023;15:59:58;00:10:19;645,9;451,9;42,6;40,8;24,2;558,5;41,8;0,1;9,17E-2;-541,2;20,00;3,0;3,0;39,87;1,62;1,934;4,1;5,61;0,729
621;13.07.2023;15:59:59;00:10:20;646,5;451,9;42,6;40,8;24,2;559,3;41,9;0,1;9,17E-2;-541,2;20,00;3,0;3,0;39,89;1,64;1,946;4,1;5,58;0,732
622;13.07.2023;16:00:00;00:10:21;647,7;451,9;42,8;40,9;24,2;560,8;42,1;0,1;9,17E-2;-541,2;20,00;3,0;3,0;39,92;1,68;1,948;4,1;5,57;0,733
623;13.07.2023;16:00:01;00:10:22;649,0;454,6;42,8;40,9;24,3;562,3;42,1;0,1;9,17E-2;-541,2;20,00;3,0;3,0;39,97;1,72;1,930;4,1;5,58;0,733
624;13.07.2023;16:00:02;00:10:23;649,7;457,3;43,0;41,1;24,3;563,1;42,1;0,1;9,17E-2;-541,2;20,00;3,0;3,0;39,99;1,73;1,937;4,1;5,62;0,737
625;13.07.2023;16:00:03;00:10:24;651,2;457,3;43,0;41,1;24,3;564,6;42,2;0,1;9,17E-2;-541,2;20,00;3,0;3,0;40,02;1,78;1,925;4,1;5,59;0,739
626;13.07.2023;16:00:04;00:10:25;652,6;459,9;43,1;41,3;24,3;566,1;42,4;0,1;9,17E-2;-541,2;20,00;3,0;3,0;40,07;1,81;1,919;4,2;5,60;0,742
627;13.07.2023;16:00:05;00:10:26;653,5;459,9;43,1;41,3;24,3;566,9;42,4;0,1;9,17E-2;-541,2;20,00;3,0;3,0;40,08;1,83;1,913;4,1;5,57;0,742
628;13.07.2023;16:00:06;00:10:27;654,7;462,5;43,3;41,5;24,4;568,4;42,4;0,1;9,17E-2;-541,2;20,00;3,0;3,0;40,12;1,87;1,903;4,2;5,60;0,747
629;13.07.2023;16:00:07;00:10:28;655,9;462,5;43,5;41,7;24,4;569,9;42,6;0,1;9,17E-2;-541,2;20,00;3,0;3,0;40,16;1,90;1,885;4,2;5,60;0,747
630;13.07.2023;16:00:08;00:10:29;656,7;465,0;43,5;41,7;24,4;570,8;42,5;0,1;9,17E-2;-541,2;20,00;3,0;3,0;40,18;1,93;1,868;4,2;5,62;0,747
631;13.07.2023;16:00:09;00:10:30;658,1;465,0;43,7;41,7;24,4;572,3;42,7;0,1;9,16E-2;-541,2;20,00;3,0;3,0;40,21;1,96;1,851;4,2;5,63;0,748
632;13.07.2023;16:00:10;00:10:31;658,8;467,5;43,7;41,8;24,4;573,0;42,8;0,1;9,16E-2;-541,2;20,00;3,0;3,0;40,23;1,98;1,836;4,2;5,61;0,752
633;13.07.2023;16:00:11;00:10:32;660,1;467,5;43,7;41,8;24,5;574,5;42,8;0,1;9,16E-2;-541,2;20,00;3,0;3,0;40,27;2,01;1,814;4,2;5,62;0,753
634;13.07.2023;16:00:12;00:10:33;661,2;470,2;43,9;42,1;24,5;576,0;43,1;0,1;9,16E-2;-541,2;20,00;3,0;3,0;40,30;2,05;1,787;4,3;5,62;0,758
635;13.07.2023;16:00:13;00:10:34;662,1;470,2;43,9;42,1;24,5;576,8;42,9;0,1;9,15E-2;-541,2;20,00;3,0;3,0;40,32;2,06;1,770;4,3;5,62;0,757
636;13.07.2023;16:00:14;00:10:35;663,3;472,8;44,1;42,2;24,5;578,4;43,0;0,1;9,15E-2;-541,2;20,00;3,0;3,0;40,36;2,10;1,742;4,3;5,65;0,762
637;13.07.2023;16:00:15;00:10:36;664,1;472,8;44,3;42,2;24,5;579,9;43,2;0,1;9,14E-2;-541,2;20,00;3,0;3,0;40,38;2,13;1,713;4,3;5,63;0,762
638;13.07.2023;16:00:16;00:10:37;665,0;472,8;44,3;42,2;24,5;580,6;43,3;0,1;9,14E-2;-541,2;20,00;3,0;3,0;40,40;2,15;1,699;4,3;5,66;0,762
639;13.07.2023;16:00:17;00:10:38;666,3;475,3;44,3;42,4;24,4;582,1;43,3;0,1;9,13E-2;-541,2;20,00;3,0;3,0;40,43;2,18;1,668;4,3;5,66;0,764
640;13.07.2023;16:00:18;00:10:39;667,5;477,8;44,5;42,6;24,5;583,6;43,3;0,1;9,12E-2;-541,2;20,00;3,0;3,0;40,46;2,22;1,645;4,3;5,62;0,767
641;13.07.2023;16:00:19;00:10:40;668,3;477,8;44,5;42,6;24,5;584,4;43,4;0,1;9,11E-2;-541,2;20,00;3,0;3,0;40,48;2,23;1,640;4,4;5,63;0,767
642;13.07.2023;16:00:20;00:10:41;669,6;480,1;44,7;42,8;24,5;586,0;43,7;0,1;9,11E-2;-541,2;20,00;3,0;3,0;40,51;2,26;1,613;4,4;5,66;0,772
643;13.07.2023;16:00:21;00:10:42;671,0;480,1;44,7;42,8;24,5;587,5;43,7;0,1;9,10E-2;-541,2;20,00;3,0;3,0;40,54;2,29;1,591;4,4;5,68;0,771
644;13.07.2023;16:00:22;00:10:43;671,7;482,4;44,9;43,0;24,5;588,3;43,7;0,1;9,10E-2;-541,2;20,00;3,0;3,0;40,56;2,31;1,578;4,4;5,69;0,774
645;13.07.2023;16:00:23;00:10:44;673,2;482,4;45,1;43,0;24,5;589,8;43,8;0,1;9,09E-2;-541,2;20,00;3,0;3,0;40,59;2,34;1,569;4,3;5,67;0,775
646;13.07.2023;16:00:24;00:10:45;673,8;484,6;45,1;43,2;24,5;590,5;43,8;0,1;9,09E-2;-541,2;20,00;3,0;3,0;40,60;2,36;1,560;4,4;5,68;0,777
647;13.07.2023;16:00:25;00:10:46;675,0;484,6;45,3;43,2;24,5;592,0;44,0;0,1;9,08E-2;-541,2;20,00;3,0;3,0;40,64;2,39;1,547;4,4;5,66;0,781
648;13.07.2023;16:00:26;00:10:47;675,9;486,8;45,3;43,4;24,5;593,6;44,0;0,1;9,07E-2;-541,2;20,00;3,0;3,0;40,67;2,42;1,539;4,5;5,70;0,781
649;13.07.2023;16:00:27;00:10:48;676,6;486,8;45,3;43,4;24,5;594,4;44,1;0,1;9,06E-2;-541,2;20,00;3,0;3,0;40,68;2,44;1,530;4,4;5,67;0,781
650;13.07.2023;16:00:28;00:10:49;677,5;488,9;45,5;43,5;24,5;595,9;44,2;0,1;9,06E-2;-541,2;20,00;3,0;3,0;40,72;2,46;1,517;4,4;5,69;0,786
651;13.07.2023;16:00:29;00:10:50;678,7;488,9;45,5;43,5;24,5;597,4;44,4;0,1;9,05E-2;-541,2;20,00;3,0;3,0;40,74;2,49;1,504;4,5;5,68;0,789
652;13.07.2023;16:00:30;00:10:51;679,3;491,1;45,7;43,7;24,6;598,1;44,4;0,1;9,05E-2;-541,2;20,00;3,0;3,0;40,76;2,50;1,490;4,5;5,71;0,791
653;13.07.2023;16:00:31;00:10:52;680,5;491,1;45,7;43,7;24,6;599,6;44,6;0,1;9,04E-2;-541,2;20,00;3,0;3,0;40,78;2,53;1,470;4,5;5,71;0,792
654;13.07.2023;16:00:32;00:10:53;682,0;493,4;45,9;43,9;24,5;601,3;44,7;0,1;9,02E-2;-541,2;20,00;3,1;3,0;40,81;2,57;1,448;4,6;5,73;0,797
655;13.07.2023;16:00:33;00:10:54;682,8;493,4;45,9;43,9;24,5;602,0;44,7;0,1;9,01E-2;-541,2;20,00;3,2;3,1;40,84;2,59;1,452;4,6;5,68;0,800
656;13.07.2023;16:00:34;00:10:55;684,2;493,4;46,1;44,1;24,5;603,5;45,0;0,1;9,00E-2;-541,2;20,00;3,3;3,2;40,88;2,63;1,544;4,6;5,73;0,802
657;13.07.2023;16:00:35;00:10:56;684,5;495,7;46,1;44,1;24,5;604,3;44,9;0,1;8,99E-2;-541,2;20,00;3,4;3,2;40,89;2,64;1,620;4,6;5,73;0,806
658;13.07.2023;16:00:36;00:10:57;686,0;495,7;46,4;44,1;24,5;605,8;45,1;0,1;8,98E-2;-541,2;20,00;3,5;3,3;40,93;2,68;1,716;4,6;5,69;0,808
659;13.07.2023;16:00:37;00:10:58;687,5;498,1;46,4;44,3;24,6;607,3;45,1;0,1;8,97E-2;-541,2;20,00;3,6;3,5;40,98;2,72;1,848;4,6;5,69;0,815
660;13.07.2023;16:00:38;00:10:59;688,2;500,5;46,6;44,5;24,6;608,1;45,1;0,1;8,96E-2;-541,2;20,00;3,7;3,5;41,00;2,75;1,924;4,7;5,73;0,816
661;13.07.2023;16:00:39;00:11:00;689,8;500,5;46,6;44,5;24,7;609,6;45,3;0,1;8,94E-2;-541,2;20,00;3,8;3,7;41,05;2,80;2,049;4,7;5,72;0,821
662;13.07.2023;16:00:40;00:11:01;691,1;502,7;46,8;44,7;24,7;611,1;45,5;0,1;8,93E-2;-541,2;20,00;4,0;3,8;41,10;2,85;2,153;4,7;5,74;0,826
663;13.07.2023;16:00:41;00:11:02;692,3;502,7;46,8;44,7;24,7;611,9;45,4;0,1;8,92E-2;-541,2;20,00;4,0;3,9;41,13;2,88;2,209;4,8;5,74;0,830
664;13.07.2023;16:00:42;00:11:03;693,8;505,0;47,0;44,9;24,7;613,4;45,5;0,1;8,90E-2;-541,2;20,00;4,2;4,0;41,18;2,93;2,310;4,8;5,75;0,834
665;13.07.2023;16:00:43;00:11:04;695,5;505,0;47,3;44,9;24,8;614,9;45,7;0,1;8,88E-2;-541,2;20,00;4,3;4,1;41,23;2,98;2,408;4,8;5,72;0,836
666;13.07.2023;16:00:44;00:11:05;696,4;505,0;47,3;44,9;24,8;615,8;45,8;0,1;8,88E-2;-541,2;20,00;4,4;4,2;41,27;3,01;2,459;4,8;5,74;0,840
667;13.07.2023;16:00:45;00:11:06;698,1;507,3;47,3;45,1;24,8;617,3;45,8;0,1;8,87E-2;-541,2;20,00;4,5;4,4;41,32;3,06;2,552;4,8;5,74;0,845
668;13.07.2023;16:00:46;00:11:07;699,8;509,5;47,5;45,3;24,7;618,8;45,9;0,1;8,84E-2;-541,2;20,00;4,6;4,5;41,38;3,13;2,640;4,9;5,76;0,852
669;13.07.2023;16:00:47;00:11:08;700,5;509,5;47,5;45,3;24,7;619,5;46,0;0,1;8,83E-2;-541,2;20,00;4,7;4,6;41,41;3,15;2,685;4,9;5,73;0,851
670;13.07.2023;16:00:48;00:11:09;702,1;509,5;47,8;45,6;24,7;621,0;46,2;0,1;8,81E-2;-541,2;20,00;4,8;4,7;41,46;3,22;2,762;4,9;5,74;0,860
671;13.07.2023;16:00:49;00:11:10;703,1;511,8;47,8;45,6;24,8;621,8;46,1;0,1;8,80E-2;-541,2;20,00;4,9;4,7;41,50;3,24;2,803;4,9;5,77;0,860
672;13.07.2023;16:00:50;00:11:11;704,7;514,1;48,1;45,8;24,8;623,4;46,2;0,1;8,78E-2;-541,2;20,00;5,0;4,9;41,56;3,31;2,878;5,0;5,77;0,866
673;13.07.2023;16:00:51;00:11:12;706,2;514,1;48,1;45,8;24,8;624,9;46,4;0,1;8,76E-2;-541,2;20,00;5,2;5,0;41,62;3,38;2,932;5,0;5,78;0,869
674;13.07.2023;16:00:52;00:11:13;707,2;514,2;48,1;45,8;24,8;625,6;46,5;0,1;8,75E-2;-541,2;20,00;5,2;5,1;41,66;3,40;2,962;5,0;5,75;0,872
675;13.07.2023;16:00:53;00:11:14;709,0;516,8;48,4;46,1;24,8;627,1;46,5;0,1;8,73E-2;-541,2;20,00;5,4;5,2;41,72;3,47;3,009;5,1;5,77;0,875
676;13.07.2023;16:00:54;00:11:15;710,7;519,6;48,8;46,4;24,8;628,6;46,5;0,1;8,70E-2;-541,2;20,00;5,5;5,3;41,78;3,53;3,058;5,1;5,77;0,882
677;13.07.2023;16:00:55;00:11:16;711,5;519,6;48,8;46,4;24,9;629,4;46,6;0,1;8,70E-2;-541,2;20,00;5,5;5,4;41,81;3,56;3,070;5,1;5,78;0,884
678;13.07.2023;16:00:56;00:11:17;713,4;519,6;49,1;46,8;24,9;631,0;46,9;0,1;8,67E-2;-541,2;20,00;5,7;5,6;41,88;3,63;3,106;5,1;5,77;0,893
679;13.07.2023;16:00:57;00:11:18;715,4;522,5;49,1;46,8;24,9;632,5;46,8;0,1;8,64E-2;-541,2;20,00;5,8;5,7;41,95;3,69;3,121;5,2;5,82;0,899
680;13.07.2023;16:00:58;00:11:19;716,4;525,5;49,5;47,1;24,9;633,3;46,8;0,1;8,64E-2;-541,2;20,00;5,9;5,7;41,98;3,73;3,124;5,2;5,78;0,902
681;13.07.2023;16:00:59;00:11:20;718,0;525,5;49,5;47,1;24,9;634,8;46,9;0,1;8,61E-2;-541,2;20,00;6,0;5,9;42,04;3,78;3,142;5,2;5,80;0,902
682;13.07.2023;16:01:00;00:11:21;719,3;528,3;49,8;47,5;24,9;636,3;47,0;0,1;8,59E-2;-541,2;20,00;6,1;6,0;42,10;3,85;3,138;5,3;5,78;0,908
683;13.07.2023;16:01:01;00:11:22;720,0;528,3;49,8;47,5;24,9;637,0;47,0;0,1;8,58E-2;-541,2;20,00;6,2;6,1;42,13;3,88;3,142;5,3;5,77;0,910
684;13.07.2023;16:01:02;00:11:23;721,7;531,1;50,2;47,8;24,9;638,6;47,0;0,1;8,55E-2;-541,2;20,00;6,3;6,2;42,20;3,94;3,135;5,3;5,81;0,916
685;13.07.2023;16:01:03;00:11:24;722,1;531,1;50,2;47,8;24,9;639,4;47,1;0,1;8,54E-2;-541,2;20,00;6,4;6,3;42,23;3,98;3,128;5,3;5,77;0,916
686;13.07.2023;16:01:04;00:11:25;723,2;531,1;50,5;48,2;24,9;640,9;47,3;0,1;8,52E-2;-541,2;20,00;6,5;6,5;42,29;4,04;3,114;5,3;5,82;0,923
687;13.07.2023;16:01:05;00:11:26;723,9;533,9;50,5;48,2;25,0;642,4;47,3;0,1;8,49E-2;-541,2;20,00;6,7;6,6;42,35;4,10;3,075;5,4;5,80;0,927
688;13.07.2023;16:01:06;00:11:27;724,3;536,7;50,9;48,6;25,0;643,1;47,4;0,1;8,48E-2;-541,2;20,00;6,7;6,6;42,38;4,13;3,076;5,4;5,82;0,933
689;13.07.2023;16:01:07;00:11:28;725,3;536,7;50,9;48,6;25,0;644,6;47,4;0,1;8,45E-2;-541,2;20,00;6,9;6,8;42,44;4,19;3,037;5,4;5,81;0,938
690;13.07.2023;16:01:08;00:11:29;726,5;539,4;51,2;49,0;25,1;646,3;47,4;0,1;8,42E-2;-541,2;20,00;7,0;6,9;42,50;4,25;2,996;5,5;5,82;0,941
691;13.07.2023;16:01:09;00:11:30;726,7;539,4;51,6;49,0;25,1;647,0;47,5;0,1;8,41E-2;-541,2;20,00;7,1;7,0;42,53;4,28;2,991;5,5;5,82;0,943
692;13.07.2023;16:01:10;00:11:31;728,0;542,1;51,6;49,4;25,1;648,5;47,6;0,1;8,39E-2;-541,2;20,00;7,2;7,1;42,59;4,34;2,950;5,5;5,80;0,952
693;13.07.2023;16:01:11;00:11:32;729,3;542,1;51,5;49,3;25,1;650,0;47,8;0,1;8,36E-2;-541,2;20,00;7,3;7,2;42,65;4,39;2,918;5,6;5,77;0,957
694;13.07.2023;16:01:12;00:11:33;729,7;542,1;51,5;49,3;25,0;650,8;47,9;0,1;8,35E-2;-541,2;20,00;7,4;7,3;42,67;4,43;2,911;5,6;5,86;0,957
695;13.07.2023;16:01:13;00:11:34;730,8;545,1;51,9;49,7;25,0;652,3;47,8;0,1;8,33E-2;-541,2;20,00;7,5;7,4;42,73;4,48;2,881;5,6;5,81;0,962
696;13.07.2023;16:01:14;00:11:35;731,4;545,1;52,3;50,1;25,0;653,0;48,0;0,1;8,31E-2;-541,2;20,00;7,6;7,4;42,76;4,51;2,868;5,6;5,83;0,966
697;13.07.2023;16:01:15;00:11:36;732,1;548,4;52,3;50,1;25,0;654,6;47,9;0,1;8,29E-2;-541,2;20,00;7,7;7,6;42,81;4,57;2,844;5,6;5,83;0,971
698;13.07.2023;16:01:16;00:11:37;733,1;552,0;52,7;50,6;25,0;656,1;48,1;0,1;8,26E-2;-541,2;20,00;7,9;7,7;42,88;4,62;2,810;5,7;5,82;0,980
699;13.07.2023;16:01:17;00:11:38;733,4;552,0;52,7;50,6;25,1;656,9;47,9;0,1;8,25E-2;-541,2;20,00;7,9;7,8;42,90;4,65;2,799;5,7;5,82;0,982
700;13.07.2023;16:01:18;00:11:39;734,1;552,0;53,1;51,0;25,1;658,4;48,2;0,1;8,23E-2;-541,2;20,00;8,1;7,9;42,96;4,70;2,768;5,8;5,81;0,991
701;13.07.2023;16:01:19;00:11:40;734,7;555,7;53,1;51,0;25,1;659,9;48,1;0,1;8,20E-2;-541,2;20,00;8,2;8,0;43,00;4,75;2,721;5,8;5,83;0,996
702;13.07.2023;16:01:20;00:11:41;734,9;555,7;53,1;51,0;25,1;660,6;48,2;0,1;8,19E-2;-541,2;20,00;8,3;8,1;43,03;4,77;2,695;5,8;5,83;0,998
703;13.07.2023;16:01:21;00:11:42;735,4;559,3;53,4;51,4;25,1;662,3;48,1;0,1;8,18E-2;-541,2;20,00;8,4;8,3;43,09;4,83;2,636;5,8;5,84;1,002
704;13.07.2023;16:01:22;00:11:43;735,7;562,9;53,8;51,7;25,1;663,8;48,0;0,1;8,15E-2;-541,2;20,00;8,5;8,4;43,13;4,88;2,572;5,9;5,85;1,009
705;13.07.2023;16:01:23;00:11:44;736,1;562,9;53,8;51,7;25,2;664,5;48,1;0,1;8,13E-2;-541,2;20,00;8,6;8,4;43,15;4,90;2,540;5,9;5,87;1,010
706;13.07.2023;16:01:24;00:11:45;736,1;562,9;54,1;52,1;25,2;666,0;48,3;0,1;8,12E-2;-541,2;20,00;8,7;8,6;43,19;4,95;2,462;6,0;5,83;1,020
707;13.07.2023;16:01:25;00:11:46;736,2;566,3;54,1;52,1;25,2;667,5;48,3;0,1;8,10E-2;-541,2;20,00;8,9;8,7;43,24;4,99;2,366;5,9;5,81;1,022
708;13.07.2023;16:01:26;00:11:47;736,3;569,8;54,5;52,4;25,2;668,3;48,2;0,1;8,08E-2;-541,2;20,00;8,9;8,9;43,26;5,01;2,321;6,0;5,85;1,026
709;13.07.2023;16:01:27;00:11:48;736,4;569,8;54,8;52,4;25,2;669,9;48,3;0,1;8,06E-2;-541,2;20,00;9,1;9,0;43,30;5,05;2,229;6,0;5,87;1,029
710;13.07.2023;16:01:28;00:11:49;736,4;569,8;54,8;52,8;25,2;670,6;48,4;0,1;8,06E-2;-541,2;20,00;9,1;9,0;43,32;5,07;2,194;6,0;5,88;1,035
711;13.07.2023;16:01:29;00:11:50;737,0;573,3;54,8;52,8;25,2;672,1;48,3;0,1;8,04E-2;-541,2;20,00;9,3;9,2;43,35;5,11;2,106;6,1;5,83;1,037
712;13.07.2023;16:01:30;00:11:51;737,0;576,9;55,2;53,1;25,2;673,6;48,2;0,1;8,02E-2;-541,2;20,00;9,4;9,2;43,39;5,14;2,012;6,1;5,86;1,046
713;13.07.2023;16:01:31;00:11:52;737,5;576,9;55,2;53,1;25,2;674,4;48,3;0,1;8,01E-2;-541,2;20,00;9,4;9,4;43,41;5,16;1,962;6,1;5,82;1,045
714;13.07.2023;16:01:32;00:11:53;737,9;577,1;55,7;53,2;25,3;675,9;48,5;0,1;7,99E-2;-541,2;20,00;9,6;9,5;43,45;5,20;1,883;6,1;5,84;1,054
715;13.07.2023;16:01:33;00:11:54;738,4;580,9;55,7;53,6;25,4;677,5;48,4;0,1;7,97E-2;-541,2;20,00;9,7;9,6;43,48;5,23;1,793;6,2;5,85;1,055
716;13.07.2023;16:01:34;00:11:55;738,7;580,9;56,1;53,9;25,4;678,3;48,5;0,1;7,96E-2;-541,2;20,00;9,8;9,7;43,49;5,25;1,753;6,2;5,81;1,059
717;13.07.2023;16:01:35;00:11:56;739,9;584,7;56,1;53,9;25,4;679,8;48,4;0,1;7,95E-2;-541,2;20,00;9,9;9,8;43,53;5,27;1,679;6,2;5,86;1,062
718;13.07.2023;16:01:36;00:11:57;740,8;588,6;56,5;54,3;25,4;681,3;48,5;0,1;7,93E-2;-541,2;20,00;10,0;9,9;43,55;5,30;1,616;6,2;5,86;1,066
719;13.07.2023;16:01:37;00:11:58;741,2;588,6;56,5;54,3;25,4;682,0;48,4;0,1;7,92E-2;-541,2;20,00;10,1;10,0;43,57;5,31;1,589;6,2;5,79;1,067
720;13.07.2023;16:01:38;00:11:59;742,6;592,3;56,9;54,6;25,4;683,5;48,3;0,1;7,91E-2;-541,2;20,00;10,2;10,1;43,59;5,34;1,532;6,3;5,80;1,074
721;13.07.2023;16:01:39;00:12:00;743,6;592,3;56,9;54,6;25,4;685,0;48,5;0,1;7,89E-2;-541,2;20,00;10,4;10,3;43,62;5,37;1,467;6,3;5,86;1,074
722;13.07.2023;16:01:40;00:12:01;744,3;592,3;57,3;54,6;25,4;685,9;48,6;0,1;7,89E-2;-541,2;20,00;10,4;10,3;43,64;5,38;1,436;6,3;5,82;1,074
723;13.07.2023;16:01:41;00:12:02;745,7;595,9;57,3;55,0;25,4;687,4;48,5;0,1;7,88E-2;-541,2;20,00;10,6;10,5;43,66;5,41;1,382;6,3;5,83;1,079
724;13.07.2023;16:01:42;00:12:03;746,5;595,9;57,7;55,3;25,4;688,1;48,6;0,1;7,87E-2;-541,2;20,00;10,6;10,5;43,67;5,42;1,361;6,3;5,80;1,081
725;13.07.2023;16:01:43;00:12:04;748,0;599,3;57,7;55,3;25,5;689,6;48,5;0,1;7,85E-2;-541,2;20,00;10,8;10,6;43,69;5,45;1,308;6,3;5,85;1,084
726;13.07.2023;16:01:44;00:12:05;749,4;599,3;58,0;55,6;25,5;691,1;48,8;0,1;7,84E-2;-541,2;20,00;10,9;10,8;43,72;5,47;1,257;6,4;5,82;1,090
727;13.07.2023;16:01:45;00:12:06;750,5;602,8;58,0;55,6;25,5;691,9;48,6;0,1;7,84E-2;-541,2;20,00;11,0;10,8;43,72;5,48;1,233;6,4;5,89;1,093
728;13.07.2023;16:01:46;00:12:07;752,2;606,2;58,4;55,9;25,5;693,5;48,6;0,1;7,83E-2;-541,2;20,00;11,1;11,0;43,75;5,50;1,188;6,4;5,89;1,094
729;13.07.2023;16:01:47;00:12:08;754,1;606,2;58,8;55,9;25,5;695,0;48,7;0,1;7,81E-2;-541,2;20,00;11,2;11,1;43,77;5,52;1,141;6,4;5,80;1,096
730;13.07.2023;16:01:48;00:12:09;754,9;606,2;58,8;56,3;25,5;695,8;48,8;0,1;7,81E-2;-541,2;20,00;11,3;11,2;43,78;5,54;1,125;6,4;5,82;1,098
731;13.07.2023;16:01:49;00:12:10;757,2;609,7;58,8;56,3;25,6;697,3;48,7;0,1;7,80E-2;-541,2;20,00;11,4;11,3;43,80;5,55;1,083;6,4;5,85;1,103
732;13.07.2023;16:01:50;00:12:11;759,2;613,1;59,1;56,6;25,5;698,8;48,6;0,1;7,79E-2;-541,2;20,00;11,6;11,4;43,82;5,57;1,056;6,5;5,86;1,107
733;13.07.2023;16:01:51;00:12:12;760,3;613,1;59,1;56,6;25,5;699,5;48,7;0,1;7,79E-2;-541,2;20,00;11,6;11,5;43,83;5,58;1,037;6,4;5,81;1,106
734;13.07.2023;16:01:52;00:12:13;762,4;613,1;59,5;56,9;25,6;701,1;48,9;0,1;7,78E-2;-541,2;20,00;11,8;11,6;43,85;5,60;1,002;6,5;5,85;1,112
735;13.07.2023;16:01:53;00:12:14;763,7;616,7;59,5;56,9;25,6;701,9;48,7;0,1;7,77E-2;-541,2;20,00;11,8;11,7;43,86;5,61;0,982;6,5;5,85;1,114
736;13.07.2023;16:01:54;00:12:15;765,7;616,7;59,8;57,2;25,6;703,4;48,9;0,1;7,76E-2;-541,2;20,00;12,0;11,8;43,88;5,63;0,952;6,5;5,84;1,114
737;13.07.2023;16:01:55;00:12:16;767,9;620,4;59,8;57,2;25,6;704,9;48,8;0,1;7,75E-2;-541,2;20,00;12,1;12,0;43,89;5,64;0,918;6,5;5,83;1,118
738;13.07.2023;16:01:56;00:12:17;768,9;620,4;59,8;57,2;25,6;705,6;48,9;0,1;7,74E-2;-541,2;20,00;12,2;12,1;43,90;5,65;0,899;6,6;5,84;1,118
739;13.07.2023;16:01:57;00:12:18;771,3;624,0;60,1;57,6;25,6;707,1;48,8;0,1;7,74E-2;-541,2;20,00;12,3;12,1;43,92;5,67;0,889;6,5;5,82;1,120
740;13.07.2023;16:01:58;00:12:19;773,4;627,6;60,4;57,9;25,6;708,8;48,7;0,1;7,73E-2;-541,2;20,00;12,4;12,3;43,94;5,68;0,863;6,6;5,84;1,123
741;13.07.2023;16:01:59;00:12:20;774,5;627,6;60,4;57,9;25,6;709,5;48,8;0,1;7,73E-2;-541,2;20,00;12,5;12,4;43,95;5,69;0,847;6,6;5,82;1,123
742;13.07.2023;16:02:00;00:12:21;776,7;627,6;60,7;57,9;25,6;711,0;49,0;0,1;7,72E-2;-541,2;20,00;12,6;12,5;43,96;5,71;0,834;6,6;5,86;1,131
743;13.07.2023;16:02:01;00:12:22;778,6;630,9;60,7;58,2;25,6;712,5;48,9;0,1;7,71E-2;-541,2;20,00;12,8;12,6;43,97;5,73;0,815;6,6;5,89;1,128
744;13.07.2023;16:02:02;00:12:23;779,4;630,9;60,9;58,5;25,6;713,3;49,0;0,1;7,71E-2;-541,2;20,00;12,8;12,7;43,98;5,73;0,801;6,6;5,86;1,132
745;13.07.2023;16:02:03;00:12:24;781,3;634,4;60,9;58,5;25,6;714,8;49,0;0,1;7,70E-2;-541,2;20,00;12,9;12,8;44,00;5,75;0,783;6,7;5,82;1,138
746;13.07.2023;16:02:04;00:12:25;783,9;637,8;61,2;58,8;25,6;716,4;49,0;0,1;7,69E-2;-541,2;20,00;13,1;13,0;44,01;5,76;0,757;6,7;5,84;1,142
747;13.07.2023;16:02:05;00:12:26;784,9;637,8;61,2;58,8;25,6;717,1;49,0;0,1;7,69E-2;-541,2;20,00;13,2;13,0;44,02;5,77;0,752;6,7;5,84;1,139
748;13.07.2023;16:02:06;00:12:27;787,1;641,3;61,4;59,1;25,6;718,6;48,9;0,1;7,69E-2;-541,2;20,00;13,3;13,2;44,03;5,79;0,742;6,7;5,89;1,145
749;13.07.2023;16:02:07;00:12:28;787,8;641,3;61,4;59,1;25,6;719,4;48,9;0,1;7,68E-2;-541,2;20,00;13,3;13,2;44,04;5,79;0,734;6,7;5,83;1,140
750;13.07.2023;16:02:08;00:12:29;789,8;641,3;61,6;59,1;25,6;720,9;49,1;0,1;7,68E-2;-541,2;20,00;13,5;13,3;44,05;5,80;0,728;6,8;5,86;1,148
751;13.07.2023;16:02:09;00:12:30;791,2;644,8;61,6;59,4;25,7;722,4;49,0;0,1;7,67E-2;-541,2;20,00;13,6;13,5;44,07;5,82;0,725;6,7;5,85;1,148
752;13.07.2023;16:02:10;00:12:31;792,4;644,8;61,8;59,7;25,7;723,1;49,1;0,1;7,66E-2;-541,2;20,00;13,7;13,5;44,08;5,82;0,713;6,7;5,85;1,153
753;13.07.2023;16:02:11;00:12:32;794,1;648,2;61,8;59,7;25,8;724,8;49,1;0,1;7,65E-2;-541,2;20,00;13,8;13,7;44,09;5,84;0,695;6,7;5,83;1,151
754;13.07.2023;16:02:12;00:12:33;795,7;651,8;61,9;60,0;25,8;726,3;49,3;0,1;7,65E-2;-541,2;20,00;13,9;13,9;44,10;5,85;0,683;6,8;5,83;1,158
755;13.07.2023;16:02:13;00:12:34;796,6;651,8;61,9;60,0;25,8;727,0;49,0;0,1;7,64E-2;-541,2;20,00;14,0;13,8;44,11;5,86;0,671;6,8;5,82;1,157
756;13.07.2023;16:02:14;00:12:35;798,0;651,8;62,1;60,0;25,8;728,5;49,2;0,1;7,64E-2;-541,2;20,00;14,1;14,0;44,12;5,87;0,669;6,8;5,87;1,161
757;13.07.2023;16:02:15;00:12:36;799,5;655,4;62,1;60,3;25,8;730,0;49,1;0,1;7,64E-2;-541,2;20,00;14,3;14,2;44,13;5,89;0,666;6,8;5,81;1,162
758;13.07.2023;16:02:16;00:12:37;800,6;655,4;62,1;60,3;25,8;730,8;49,2;0,1;7,64E-2;-541,2;20,00;14,3;14,2;44,14;5,89;0,659;6,8;5,82;1,162
759;13.07.2023;16:02:17;00:12:38;802,1;659,1;62,3;60,6;25,8;732,4;49,1;0,1;7,63E-2;-541,2;20,00;14,5;14,4;44,15;5,91;0,630;6,9;5,84;1,164
760;13.07.2023;16:02:18;00:12:39;803,7;659,1;62,4;60,9;25,8;733,9;49,3;0,1;7,63E-2;-541,2;20,00;14,6;14,5;44,17;5,92;0,632;6,8;5,85;1,167
761;13.07.2023;16:02:19;00:12:40;804,4;662,9;62,4;60,9;25,8;734,6;49,1;0,1;7,62E-2;-541,2;20,00;14,7;14,6;44,17;5,93;0,631;6,9;5,83;1,172
762;13.07.2023;16:02:20;00:12:41;806,0;662,9;62,6;61,2;25,8;736,1;49,3;0,1;7,61E-2;-541,2;20,00;14,8;14,6;44,19;5,93;0,640;6,8;5,85;1,172
763;13.07.2023;16:02:21;00:12:42;806,5;666,3;62,6;61,2;25,9;736,9;49,1;0,1;7,61E-2;-541,2;20,00;14,9;14,8;44,19;5,94;0,637;6,8;5,80;1,173
764;13.07.2023;16:02:22;00:12:43;808,3;669,7;62,7;61,5;25,9;738,5;49,0;0,1;7,60E-2;-541,2;20,00;15,0;14,9;44,20;5,96;0,626;6,8;5,86;1,176
765;13.07.2023;16:02:23;00:12:44;809,8;669,7;62,8;61,5;25,9;740,0;49,2;0,1;7,60E-2;-541,2;20,00;15,1;15,0;44,22;5,97;0,632;6,8;5,79;1,173
766;13.07.2023;16:02:24;00:12:45;810,4;669,7;62,8;61,5;25,9;740,8;49,3;0,1;7,60E-2;-541,2;20,00;15,2;15,1;44,22;5,98;0,635;6,9;5,85;1,178
767;13.07.2023;16:02:25;00:12:46;811,8;673,2;62,8;61,8;25,9;742,3;49,2;0,1;7,59E-2;-541,2;20,00;15,3;15,2;44,24;5,98;0,640;6,9;5,82;1,177
768;13.07.2023;16:02:26;00:12:47;813,3;676,5;62,9;62,0;25,9;743,8;49,1;0,1;7,59E-2;-541,2;20,00;15,5;15,3;44,25;6,00;0,630;6,9;5,84;1,182
769;13.07.2023;16:02:27;00:12:48;814,2;676,5;62,9;62,0;25,9;744,5;49,1;0,1;7,59E-2;-541,2;20,00;15,5;15,4;44,26;6,00;0,639;6,9;5,85;1,182
770;13.07.2023;16:02:28;00:12:49;815,4;676,5;63,0;62,3;25,9;746,1;49,4;0,1;7,58E-2;-541,2;20,00;15,7;15,6;44,27;6,02;0,637;6,9;5,83;1,185
771;13.07.2023;16:02:29;00:12:50;817,2;679,9;63,0;62,3;25,9;747,6;49,2;0,1;7,57E-2;-541,2;20,00;15,8;15,7;44,28;6,04;0,640;6,9;5,80;1,187
772;13.07.2023;16:02:30;00:12:51;817,7;683,2;63,1;62,6;25,9;748,4;49,2;0,1;7,57E-2;-541,2;20,00;15,9;15,8;44,29;6,04;0,651;6,9;5,84;1,187
773;13.07.2023;16:02:31;00:12:52;819,2;683,2;63,1;62,6;25,9;749,9;49,2;0,1;7,56E-2;-541,2;20,00;16,0;15,9;44,30;6,06;0,643;7,0;5,86;1,192
774;13.07.2023;16:02:32;00:12:53;819,9;683,2;63,1;62,6;25,9;750,0;49,3;0,1;7,56E-2;-541,2;20,00;16,1;15,9;44,31;6,06;0,649;6,9;5,82;1,192
775;13.07.2023;16:02:33;00:12:54;821,3;686,7;63,1;62,9;26,0;750,0;49,1;0,1;7,55E-2;-541,2;20,00;16,2;16,0;44,32;6,08;0,648;7,0;5,85;1,192
776;13.07.2023;16:02:34;00:12:55;822,7;686,7;63,2;63,2;26,0;750,0;49,1;0,1;7,54E-2;-541,2;20,00;16,3;16,2;44,33;6,09;0,645;6,9;5,82;1,192
777;13.07.2023;16:02:35;00:12:56;823,1;690,2;63,2;63,2;25,9;750,0;48,9;0,1;7,54E-2;-541,2;20,00;16,4;16,2;44,34;6,09;0,640;7,0;5,81;1,192
778;13.07.2023;16:02:36;00:12:57;824,3;690,2;63,3;63,2;25,9;750,0;48,9;0,1;7,54E-2;-541,2;20,00;16,5;16,4;44,35;6,11;0,629;6,9;5,81;1,190
779;13.07.2023;16:02:37;00:12:58;825,5;693,6;63,3;63,4;26,0;750,0;48,6;0,1;7,54E-2;-541,2;20,00;16,6;16,5;44,38;6,12;0,628;6,9;5,79;1,187
780;13.07.2023;16:02:38;00:12:59;826,2;697,0;63,4;63,7;26,0;750,0;48,7;0,1;7,53E-2;-541,2;20,00;16,7;16,5;44,37;6,13;0,637;6,9;5,81;1,187
781;13.07.2023;16:02:39;00:13:00;826,9;697,0;63,4;63,7;26,0;750,0;48,4;0,1;7,53E-2;-541,2;20,00;16,8;16,7;44,39;6,14;0,641;6,8;5,80;1,183
782;13.07.2023;16:02:40;00:13:01;828,1;700,2;63,4;64,0;26,0;750,0;48,4;0,1;7,52E-2;-541,2;20,00;16,9;16,9;44,41;6,15;0,656;6,8;5,76;1,187
783;13.07.2023;16:02:41;00:13:02;828,6;700,2;63,4;64,0;26,0;750,0;48,2;0,1;7,51E-2;-541,2;20,00;17,0;16,9;44,41;6,16;0,663;6,8;5,79;1,185
784;13.07.2023;16:02:42;00:13:03;829,0;703,3;63,5;64,2;26,0;750,0;48,0;0,1;7,51E-2;-541,2;20,00;17,1;17,0;44,43;6,17;0,678;6,9;5,75;1,187
785;13.07.2023;16:02:43;00:13:04;829,7;703,3;63,5;64,2;26,1;750,0;48,0;0,1;7,50E-2;-541,2;20,00;17,2;17,1;44,43;6,19;0,677;6,8;5,77;1,181
786;13.07.2023;16:02:44;00:13:05;830,0;703,3;63,5;64,2;26,1;750,0;48,0;0,1;7,50E-2;-541,2;20,00;17,3;17,1;44,45;6,19;0,688;6,8;5,78;1,182
787;13.07.2023;16:02:45;00:13:06;830,5;706,3;63,5;64,5;26,1;750,0;47,8;0,1;7,49E-2;-541,2;20,00;17,4;17,3;44,46;6,21;0,706;6,9;5,74;1,179
788;13.07.2023;16:02:46;00:13:07;830,7;706,3;63,6;64,5;26,1;750,0;47,8;0,1;7,49E-2;-541,2;20,00;17,5;17,4;44,47;6,22;0,719;6,8;5,76;1,177
789;13.07.2023;16:02:47;00:13:08;831,4;709,2;63,6;64,7;26,2;750,0;47,6;0,1;7,48E-2;-541,2;20,00;17,6;17,5;44,48;6,23;0,718;6,8;5,76;1,177
790;13.07.2023;16:02:48;00:13:09;831,4;709,2;63,6;65,0;26,2;750,0;47,6;0,1;7,46E-2;-541,2;20,00;17,7;17,6;44,49;6,25;0,716;6,8;5,73;1,181
791;13.07.2023;16:02:49;00:13:10;831,9;712,0;63,6;65,0;26,2;750,0;47,4;0,1;7,46E-2;-541,2;20,00;17,8;17,6;44,51;6,25;0,721;6,8;5,79;1,179
792;13.07.2023;16:02:50;00:13:11;832,2;714,8;63,7;65,2;26,2;750,0;47,3;0,1;7,45E-2;-541,2;20,00;17,9;17,7;44,52;6,27;0,731;6,8;5,76;1,177
793;13.07.2023;16:02:51;00:13:12;832,5;714,8;63,7;65,2;26,2;750,0;47,2;0,1;7,44E-2;-541,2;20,00;18,0;17,8;44,54;6,29;0,743;6,8;5,74;1,172
794;13.07.2023;16:02:52;00:13:13;832,2;714,7;63,6;65,2;26,1;750,0;47,2;0,1;7,44E-2;-541,2;20,00;18,1;18,0;44,54;6,31;0,755;6,7;5,70;1,176
795;13.07.2023;16:02:53;00:13:14;832,5;717,5;63,6;65,5;26,1;750,0;47,0;0,1;7,42E-2;-541,2;20,00;18,2;18,1;44,56;6,31;0,775;6,8;5,72;1,173
796;13.07.2023;16:02:54;00:13:15;832,8;717,5;63,7;65,5;26,2;750,0;47,1;0,1;7,41E-2;-541,2;20,00;18,3;18,2;44,58;6,33;0,779;6,7;5,74;1,173
797;13.07.2023;16:02:55;00:13:16;832,8;720,1;63,7;65,7;26,2;750,0;46,9;0,1;7,40E-2;-541,2;20,00;18,4;18,2;44,58;6,34;0,785;6,8;5,72;1,173
798;13.07.2023;16:02:56;00:13:17;833,0;720,1;63,7;65,7;26,2;750,0;46,9;0,1;7,39E-2;-541,2;20,00;18,5;18,4;44,61;6,36;0,812;6,7;5,73;1,174
799;13.07.2023;16:02:57;00:13:18;833,1;722,5;63,7;66,0;26,2;750,0;46,7;0,1;7,38E-2;-541,2;20,00;18,6;18,5;44,62;6,37;0,826;6,7;5,69;1,171
800;13.07.2023;16:02:58;00:13:19;832,9;722,5;63,7;66,0;26,2;750,0;46,7;0,1;7,38E-2;-541,2;20,00;18,7;18,6;44,63;6,38;0,828;6,7;5,69;1,172
801;13.07.2023;16:02:59;00:13:20;832,5;724,7;63,7;66,2;26,2;750,0;46,5;0,1;7,36E-2;-541,2;20,00;18,8;18,7;44,65;6,40;0,838;6,7;5,73;1,172
802;13.07.2023;16:03:00;00:13:21;832,7;724,7;63,7;66,2;26,2;750,0;46,5;0,1;7,35E-2;-541,2;20,00;18,9;18,8;44,66;6,41;0,851;6,7;5,69;1,171
803;13.07.2023;16:03:01;00:13:22;832,6;726,6;63,7;66,4;26,2;750,0;46,4;0,1;7,35E-2;-541,2;20,00;19,0;18,9;44,68;6,42;0,876;6,7;5,70;1,167
804;13.07.2023;16:03:02;00:13:23;832,2;726,6;63,7;66,6;26,2;750,0;46,4;0,1;7,34E-2;-541,2;20,00;19,1;19,0;44,69;6,45;0,889;6,7;5,75;1,170
805;13.07.2023;16:03:03;00:13:24;831,8;728,5;63,7;66,6;26,3;750,0;46,3;0,1;7,33E-2;-541,2;20,00;19,2;19,1;44,71;6,47;0,918;6,7;5,71;1,169
806;13.07.2023;16:03:04;00:13:25;831,5;728,5;63,7;66,6;26,3;750,0;46,3;0,1;7,32E-2;-541,2;20,00;19,3;19,2;44,72;6,47;0,922;6,7;5,71;1,172
807;13.07.2023;16:03:05;00:13:26;831,1;730,1;63,7;66,8;26,3;750,0;46,1;0,1;7,31E-2;-541,2;20,00;19,4;19,3;44,74;6,49;0,923;6,6;5,70;1,172
808;13.07.2023;16:03:06;00:13:27;830,4;731,7;63,8;67,0;26,3;750,0;46,0;0,1;7,30E-2;-541,2;20,00;19,5;19,4;44,76;6,51;0,918;6,7;5,69;1,168
809;13.07.2023;16:03:07;00:13:28;830,6;731,7;63,8;67,0;26,3;750,0;46,0;0,1;7,29E-2;-541,2;20,00;19,6;19,4;44,76;6,51;0,886;6,6;5,66;1,168
810;13.07.2023;16:03:08;00:13:29;829,7;733,2;63,8;67,2;26,3;750,0;46,0;0,1;7,29E-2;-541,2;20,00;19,7;19,6;44,79;6,54;0,870;6,6;5,66;1,172
811;13.07.2023;16:03:09;00:13:30;829,7;733,2;63,8;67,2;26,2;750,0;45,9;0,1;7,27E-2;-541,2;20,00;19,8;19,8;44,82;6,56;0,983;6,6;5,68;1,168
812;13.07.2023;16:03:10;00:13:31;829,1;734,6;63,8;67,4;26,3;750,0;45,8;0,1;7,26E-2;-541,2;20,00;19,9;19,8;44,83;6,58;1,025;6,6;5,68;1,170
813;13.07.2023;16:03:11;00:13:32;828,2;734,6;63,8;67,4;26,3;750,0;45,8;0,1;7,24E-2;-541,2;20,00;20,0;19,9;44,85;6,60;1,077;6,6;5,66;1,169
814;13.07.2023;16:03:12;00:13:33;827,7;735,9;63,8;67,6;26,3;750,0;45,7;0,1;7,23E-2;-541,2;20,00;20,1;20,0;44,87;6,62;1,099;6,7;5,68;1,172
815;13.07.2023;16:03:13;00:13:34;827,0;735,9;63,8;67,6;26,3;750,0;45,7;0,1;7,22E-2;-541,2;20,00;20,2;20,1;44,89;6,64;1,102;6,6;5,67;1,172
816;13.07.2023;16:03:14;00:13:35;826,6;735,9;63,8;67,6;26,3;750,0;45,7;0,1;7,20E-2;-541,2;20,00;20,3;20,2;44,91;6,65;1,116;6,6;5,65;1,172
817;13.07.2023;16:03:15;00:13:36;826,2;737,1;63,8;67,8;26,4;750,0;45,6;0,1;7,20E-2;-541,2;20,00;20,4;20,2;44,92;6,67;1,111;6,6;5,67;1,172
818;13.07.2023;16:03:16;00:13:37;825,5;737,1;63,8;67,9;26,4;750,0;45,6;0,1;7,19E-2;-541,2;20,00;20,5;20,4;44,94;6,69;1,129;6,7;5,65;1,173
819;13.07.2023;16:03:17;00:13:38;824,6;738,2;63,8;67,9;26,5;750,0;45,6;0,1;7,16E-2;-541,2;20,00;20,6;20,5;44,97;6,72;1,145;6,7;5,67;1,172
820;13.07.2023;16:03:18;00:13:39;824,1;738,2;63,8;68,1;26,5;750,0;45,6;0,1;7,15E-2;-541,2;20,00;20,7;20,6;44,98;6,73;1,145;6,6;5,60;1,175
821;13.07.2023;16:03:19;00:13:40;823,1;739,3;63,8;68,1;26,4;750,0;45,5;0,1;7,14E-2;-541,2;20,00;20,8;20,7;45,01;6,75;1,178;6,7;5,68;1,176
822;13.07.2023;16:03:20;00:13:41;822,4;740,1;63,8;68,2;26,5;750,0;45,4;0,1;7,13E-2;-541,2;20,00;20,9;20,8;45,03;6,79;1,206;6,7;5,64;1,177
823;13.07.2023;16:03:21;00:13:42;822,1;740,1;63,8;68,2;26,5;750,0;45,4;0,1;7,12E-2;-541,2;20,00;21,0;20,8;45,05;6,79;1,224;6,6;5,60;1,178
824;13.07.2023;16:03:22;00:13:43;820,8;740,9;63,8;68,4;26,5;750,0;45,4;0,1;7,10E-2;-541,2;20,00;21,1;21,0;45,07;6,82;1,251;6,7;5,65;1,181
825;13.07.2023;16:03:23;00:13:44;820,1;740,9;63,8;68,4;26,5;750,0;45,4;0,1;7,09E-2;-541,2;20,00;21,2;21,1;45,10;6,85;1,280;6,7;5,61;1,182
826;13.07.2023;16:03:24;00:13:45;819,9;740,9;63,8;68,5;26,5;750,0;45,4;0,1;7,08E-2;-541,2;20,00;21,3;21,2;45,12;6,86;1,296;6,6;5,63;1,182
827;13.07.2023;16:03:25;00:13:46;818,8;741,6;63,8;68,5;26,5;750,0;45,3;0,1;7,06E-2;-541,2;20,00;21,4;21,3;45,14;6,90;1,317;6,6;5,61;1,182
828;13.07.2023;16:03:26;00:13:47;817,7;742,2;63,8;68,6;26,5;750,0;45,3;0,1;7,05E-2;-541,2;20,00;21,5;21,4;45,17;6,92;1,343;6,7;5,61;1,184
829;13.07.2023;16:03:27;00:13:48;817,4;742,2;63,8;68,6;26,5;750,0;45,3;0,1;7,04E-2;-541,2;20,00;21,6;21,5;45,19;6,94;1,352;6,7;5,64;1,187
830;13.07.2023;16:03:28;00:13:49;816,4;742,7;63,8;68,7;26,5;750,0;45,3;0,1;7,01E-2;-541,2;20,00;21,7;21,6;45,22;6,97;1,397;6,7;5,63;1,190
831;13.07.2023;16:03:29;00:13:50;816,1;742,7;63,8;68,7;26,5;750,0;45,2;0,1;7,01E-2;-541,2;20,00;21,8;21,7;45,23;6,98;1,422;6,7;5,60;1,192
832;13.07.2023;16:03:30;00:13:51;815,4;743,2;63,8;68,9;26,6;750,0;45,2;0,1;7,00E-2;-541,2;20,00;21,9;21,8;45,27;7,03;1,488;6,7;5,63;1,194
833;13.07.2023;16:03:31;00:13:52;814,6;743,2;63,8;68,8;26,6;749,3;39,6;0,1;6,98E-2;-541,2;20,00;22,0;21,9;45,30;7,06;1,642;6,8;3,68;0,769
834;13.07.2023;16:03:32;00:13:53;811,8;743,2;63,8;68,8;26,5;747,8;38,8;0,1;6,96E-2;-541,2;20,00;22,0;22,0;45,32;7,07;1,597;0,0;0,02;0,052
835;13.07.2023;16:03:33;00:13:54;802,4;743,6;63,8;68,9;26,5;744,9;39,3;0,1;6,94E-2;-541,2;20,00;22,0;22,0;45,36;7,11;1,623;0,0;0,01;0,049
836;13.07.2023;16:03:34;00:13:55;792,5;743,6;63,7;68,9;26,5;742,0;39,9;0,1;6,90E-2;-541,2;20,00;22,0;22,0;45,39;7,14;1,667;0,0;0,01;0,049
837;13.07.2023;16:03:35;00:13:56;785,5;743,6;63,7;69,1;26,3;740,3;40,3;0,1;6,88E-2;-541,2;20,00;22,0;22,0;45,41;7,16;1,655;0,0;0,01;0,049
838;13.07.2023;16:03:36;00:13:57;775,3;742,6;63,6;69,2;26,3;737,3;40,9;0,1;6,84E-2;-541,2;20,00;22,0;22,0;45,43;7,18;1,580;0,0;0,01;0,049
839;13.07.2023;16:03:37;00:13:58;764,3;742,6;63,6;69,2;26,1;734,4;41,6;0,1;6,80E-2;-541,2;20,00;22,0;22,0;45,45;7,20;1,473;0,0;0,01;0,049
840;13.07.2023;16:03:38;00:13:59;759,2;742,6;63,4;69,2;26,1;733,0;41,9;0,1;6,78E-2;-541,2;20,00;22,0;22,0;45,46;7,21;1,413;0,0;0,01;0,049
841;13.07.2023;16:03:39;00:14:00;748,6;740,2;63,4;69,3;25,9;730,0;42,6;0,1;6,74E-2;-541,2;20,00;22,0;22,0;45,48;7,23;1,280;0,0;0,01;0,049
842;13.07.2023;16:03:40;00:14:01;743,7;740,2;63,4;69,3;25,9;728,6;42,9;0,1;6,71E-2;-541,2;20,00;22,0;22,0;45,49;7,24;1,219;0,0;0,01;0,049
843;13.07.2023;16:03:41;00:14:02;732,7;736,1;63,1;69,3;25,7;725,4;43,6;0,1;6,66E-2;-541,2;20,00;22,0;22,0;45,50;7,26;1,083;0,0;0,01;0,049
844;13.07.2023;16:03:42;00:14:03;723,9;736,1;62,7;69,3;25,7;722,5;44,1;0,1;6,62E-2;-541,2;20,00;22,0;22,0;45,52;7,27;0,969;0,0;0,01;0,049
845;13.07.2023;16:03:43;00:14:04;718,8;730,4;62,7;69,3;25,6;721,0;44,4;0,1;6,60E-2;-541,2;20,00;22,0;22,0;45,53;7,28;0,920;0,0;0,01;0,049
846;13.07.2023;16:03:44;00:14:05;710,2;730,4;62,3;69,2;25,6;718,1;44,9;0,1;6,55E-2;-541,2;20,00;22,0;22,0;45,54;7,29;0,837;0,0;0,01;0,049
847;13.07.2023;16:03:45;00:14:06;701,3;723,3;62,3;69,2;25,6;715,2;45,5;0,1;6,50E-2;-541,2;20,00;22,0;22,0;45,55;7,30;0,766;0,0;0,01;0,049
848;13.07.2023;16:03:46;00:14:07;697,2;723,3;61,8;69,1;25,6;713,7;45,7;0,1;6,48E-2;-541,2;20,00;22,0;22,0;45,56;7,31;0,734;0,0;0,01;0,049
849;13.07.2023;16:03:47;00:14:08;688,2;715,0;61,8;69,1;25,5;710,6;46,3;0,1;6,43E-2;-541,2;20,00;22,0;22,0;45,57;7,32;0,683;0,0;0,01;0,049
850;13.07.2023;16:03:48;00:14:09;679,9;706,0;61,3;68,9;25,5;707,7;46,7;0,1;6,39E-2;-541,2;20,00;22,0;21,9;45,58;7,33;0,644;0,0;0,01;0,049
851;13.07.2023;16:03:49;00:14:10;676,2;706,0;61,3;68,9;25,5;706,2;47,0;0,1;6,37E-2;-541,2;20,00;22,0;21,9;45,58;7,34;0,625;0,0;0,01;0,049
852;13.07.2023;16:03:50;00:14:11;668,3;696,5;60,8;68,6;25,5;703,3;47,4;0,1;6,32E-2;-541,2;20,00;22,0;22,0;45,60;7,35;0,599;0,0;0,01;0,049
853;13.07.2023;16:03:51;00:14:12;660,7;696,6;60,9;68,7;25,5;700,4;47,9;0,1;6,28E-2;-541,2;20,00;22,0;22,0;45,61;7,36;0,575;0,0;0,01;0,049
854;13.07.2023;16:03:52;00:14:13;657,3;696,6;60,3;68,7;25,6;698,9;48,1;0,1;6,27E-2;-541,2;20,00;22,0;22,1;45,61;7,36;0,560;0,0;0,01;0,049
855;13.07.2023;16:03:53;00:14:14;649,7;686,0;60,3;68,3;25,6;696,0;48,5;0,1;6,22E-2;-541,2;20,00;22,0;22,1;45,62;7,37;0,538;0,0;0,01;0,049
856;13.07.2023;16:03:54;00:14:15;646,3;686,0;60,3;68,3;25,6;694,5;48,8;0,1;6,20E-2;-541,2;20,00;22,0;22,0;45,62;7,38;0,524;0,0;0,01;0,049
857;13.07.2023;16:03:55;00:14:16;638,0;675,2;59,8;67,8;25,6;691,4;49,2;0,1;6,15E-2;-541,2;20,00;22,0;21,9;45,64;7,39;0,497;0,0;0,01;0,049
858;13.07.2023;16:03:56;00:14:17;630,8;664,2;59,2;67,3;25,6;688,4;49,7;0,1;6,11E-2;-541,2;20,00;22,0;22,0;45,64;7,40;0,481;0,0;0,01;0,049
859;13.07.2023;16:03:57;00:14:18;627,5;664,2;59,2;67,3;25,6;687,0;49,9;0,1;6,09E-2;-541,2;20,00;22,0;22,0;45,65;7,40;0,473;0,0;0,01;0,049
860;13.07.2023;16:03:58;00:14:19;620,2;664,2;58,6;67,3;25,5;684,1;50,3;0,1;6,05E-2;-541,2;20,00;22,0;22,1;45,66;7,41;0,453;0,0;0,01;0,049
861;13.07.2023;16:03:59;00:14:20;613,8;653,2;58,6;66,7;25,5;681,1;50,7;0,1;6,01E-2;-541,2;20,00;22,0;22,0;45,66;7,42;0,434;0,0;0,01;0,049
862;13.07.2023;16:04:00;00:14:21;609,2;653,2;58,0;66,7;25,5;679,4;50,9;0,1;5,98E-2;-541,2;20,00;22,0;22,0;45,67;7,42;0,428;0,0;0,01;0,049
863;13.07.2023;16:04:01;00:14:22;603,0;642,9;58,0;66,2;25,5;676,5;51,4;0,1;5,94E-2;-541,2;20,00;22,0;22,0;45,68;7,43;0,423;0,0;0,01;0,049
864;13.07.2023;16:04:02;00:14:23;596,1;642,9;57,4;65,5;25,5;673,6;51,8;0,1;5,91E-2;-541,2;20,00;22,0;22,0;45,68;7,44;0,415;0,0;0,01;0,049
865;13.07.2023;16:04:03;00:14:24;592,7;632,7;57,4;65,5;25,5;672,1;51,9;0,1;5,88E-2;-541,2;20,00;22,0;21,9;45,69;7,44;0,405;0,0;0,01;0,049
866;13.07.2023;16:04:04;00:14:25;585,9;622,5;56,8;64,9;25,5;669,2;52,4;0,1;5,85E-2;-541,2;20,00;22,0;22,0;45,70;7,45;0,398;0,0;0,01;0,049
867;13.07.2023;16:04:05;00:14:26;579,7;622,5;56,8;64,9;25,5;666,3;52,7;0,1;5,81E-2;-541,2;20,00;22,0;21,9;45,70;7,45;0,394;0,0;0,01;0,049
868;13.07.2023;16:04:06;00:14:27;575,6;622,5;56,3;64,2;25,5;664,6;53,0;0,1;5,79E-2;-541,2;20,00;22,0;21,9;45,71;7,46;0,395;0,0;0,01;0,049
869;13.07.2023;16:04:07;00:14:28;569,6;612,4;56,3;64,2;25,5;661,7;53,4;0,1;5,76E-2;-541,2;20,00;22,0;22,0;45,71;7,47;0,388;0,0;0,01;0,049
870;13.07.2023;16:04:08;00:14:29;566,3;612,4;56,3;64,2;25,5;660,2;53,6;0,1;5,74E-2;-541,2;20,00;22,0;21,9;45,72;7,47;0,380;0,0;0,01;0,049
871;13.07.2023;16:04:09;00:14:30;560,2;602,3;55,7;63,5;25,5;657,3;53,9;0,1;5,71E-2;-541,2;20,00;22,0;22,0;45,73;7,48;0,379;0,0;0,01;0,049
872;13.07.2023;16:04:10;00:14:31;553,6;592,4;55,1;62,7;25,5;654,4;54,3;0,1;5,68E-2;-541,2;20,00;22,0;22,0;45,73;7,48;0,369;0,0;0,01;0,049
873;13.07.2023;16:04:11;00:14:32;550,8;592,4;55,1;62,7;25,5;652,9;54,5;0,1;5,66E-2;-541,2;20,00;22,0;22,0;45,74;7,49;0,364;0,0;0,01;0,049
874;13.07.2023;16:04:12;00:14:33;544,0;581,8;54,4;61,9;25,4;649,7;54,9;0,1;5,62E-2;-541,2;20,00;22,0;21,9;45,74;7,49;0,353;0,0;0,01;0,049
875;13.07.2023;16:04:13;00:14:34;537,9;581,8;54,4;61,9;25,4;646,8;55,3;0,1;5,59E-2;-541,2;20,00;22,0;22,0;45,75;7,50;0,351;0,0;0,01;0,049
876;13.07.2023;16:04:14;00:14:35;534,9;581,8;53,8;61,9;25,4;645,4;55,5;0,1;5,57E-2;-541,2;20,00;22,0;22,0;45,75;7,51;0,349;0,0;0,01;0,049
877;13.07.2023;16:04:15;00:14:36;528,8;571,4;53,8;61,1;25,4;642,4;55,9;0,1;5,54E-2;-541,2;20,00;22,0;22,0;45,76;7,51;0,349;0,0;0,01;0,049
878;13.07.2023;16:04:16;00:14:37;522,7;561,0;53,2;60,2;25,4;639,5;56,3;0,1;5,51E-2;-541,2;20,00;22,0;22,0;45,77;7,52;0,337;0,0;0,01;0,049
879;13.07.2023;16:04:17;00:14:38;519,9;561,0;53,2;60,2;25,4;638,1;56,4;0,1;5,49E-2;-541,2;20,00;22,0;22,0;45,77;7,52;0,335;0,0;0,01;0,049
880;13.07.2023;16:04:18;00:14:39;513,6;561,0;52,6;60,2;25,4;634,9;56,9;0,1;5,45E-2;-541,2;20,00;22,0;22,0;45,78;7,53;0,326;0,0;0,01;0,049
881;13.07.2023;16:04:19;00:14:40;510,5;550,8;52,6;59,4;25,4;633,4;57,0;0,1;5,44E-2;-541,2;20,00;22,0;21,9;45,78;7,53;0,321;0,0;0,01;0,049
882;13.07.2023;16:04:20;00:14:41;504,7;550,8;52,0;58,6;25,4;630,5;57,4;0,1;5,41E-2;-541,2;20,00;22,0;22,0;45,79;7,54;0,317;0,0;0,01;0,049
883;13.07.2023;16:04:21;00:14:42;498,6;541,0;52,0;58,6;25,4;627,6;57,8;0,1;5,37E-2;-541,2;20,00;22,0;22,0;45,79;7,54;0,313;0,0;0,01;0,049
884;13.07.2023;16:04:22;00:14:43;496,1;541,0;52,0;58,6;25,4;626,1;58,0;0,1;5,36E-2;-541,2;20,00;22,0;22,0;45,79;7,55;0,312;0,0;0,01;0,049
885;13.07.2023;16:04:23;00:14:44;490,4;531,4;51,5;57,8;25,4;623,2;58,3;0,1;5,33E-2;-541,2;20,00;22,0;22,0;45,80;7,55;0,310;0,0;0,00;0,049
886;13.07.2023;16:04:24;00:14:45;484,4;521,9;50,9;57,0;25,4;620,1;58,7;0,1;5,30E-2;-541,2;20,00;22,0;22,1;45,81;7,56;0,310;0,0;0,01;0,049
887;13.07.2023;16:04:25;00:14:46;481,7;521,9;50,9;57,0;25,4;618,6;58,9;0,1;5,29E-2;-541,2;20,00;22,0;22,0;45,81;7,56;0,303;0,0;0,01;0,049
888;13.07.2023;16:04:26;00:14:47;476,0;521,9;50,4;57,0;25,3;615,7;59,2;0,1;5,26E-2;-541,2;20,00;22,0;22,0;45,82;7,57;0,298;0,0;0,01;0,049
889;13.07.2023;16:04:27;00:14:48;470,5;512,6;50,4;56,2;25,3;612,8;59,6;0,1;5,24E-2;-541,2;20,00;22,0;22,0;45,82;7,57;0,296;0,0;0,01;0,049
890;13.07.2023;16:04:28;00:14:49;467,7;512,6;49,9;56,2;25,3;611,3;59,8;0,1;5,23E-2;-541,2;20,00;22,0;22,0;45,82;7,58;0,296;0,0;0,01;0,049
891;13.07.2023;16:04:29;00:14:50;462,1;503,7;49,9;55,4;25,3;608,4;60,2;0,1;5,20E-2;-541,2;20,00;22,0;22,0;45,83;7,58;0,299;0,0;0,01;0,049
892;13.07.2023;16:04:30;00:14:51;456,5;503,7;49,4;54,7;25,3;605,2;60,5;0,1;5,17E-2;-541,2;20,00;22,0;22,1;45,84;7,59;0,296;0,0;0,01;0,049
893;13.07.2023;16:04:31;00:14:52;453,3;494,9;49,4;54,7;25,3;603,8;60,7;0,1;5,16E-2;-541,2;20,00;22,0;22,1;45,84;7,59;0,295;0,0;0,01;0,049
894;13.07.2023;16:04:32;00:14:53;448,5;494,9;48,9;54,7;25,3;600,8;61,1;0,1;5,14E-2;-541,2;20,00;22,0;22,0;45,84;7,59;0,283;0,0;0,01;0,049
895;13.07.2023;16:04:33;00:14:54;445,4;494,9;48,9;53,9;25,3;599,4;61,2;0,1;5,13E-2;-541,2;20,00;22,0;21,9;45,85;7,60;0,273;0,0;0,01;0,049
896;13.07.2023;16:04:34;00:14:55;440,2;485,5;48,9;53,9;25,3;596,5;61,6;0,1;5,11E-2;-541,2;20,00;22,0;22,0;45,85;7,60;0,274;0,0;0,01;0,049
897;13.07.2023;16:04:35;00:14:56;434,8;476,3;48,3;53,1;25,3;593,5;61,9;0,1;5,09E-2;-541,2;20,00;22,0;22,0;45,86;7,61;0,269;0,0;0,01;0,049
898;13.07.2023;16:04:36;00:14:57;432,0;476,3;48,3;53,1;25,3;592,1;62,1;0,1;5,08E-2;-541,2;20,00;22,0;22,0;45,86;7,61;0,264;0,0;0,01;0,049
899;13.07.2023;16:04:37;00:14:58;426,5;467,1;47,8;52,3;25,3;588,9;62,5;0,1;5,05E-2;-541,2;20,00;22,0;22,0;45,87;7,62;0,261;0,0;0,01;0,049
900;13.07.2023;16:04:38;00:14:59;421,7;467,1;47,8;52,3;25,3;586,0;62,8;0,1;5,03E-2;-541,2;20,00;22,0;22,0;45,87;7,62;0,262;0,0;0,01;0,049
901;13.07.2023;16:04:39;00:15:00;419,0;458,1;47,3;51,6;25,3;584,5;63,0;0,1;5,02E-2;-541,2;20,00;22,0;22,0;45,87;7,63;0,264;0,0;0,00;0,049
902;13.07.2023;16:04:40;00:15:01;414,1;458,1;46,9;50,9;25,3;581,6;63,3;0,1;5,00E-2;-541,2;20,00;22,0;22,0;45,88;7,63;0,263;0,0;0,01;0,049
903;13.07.2023;16:04:41;00:15:02;408,7;449,8;46,9;50,9;25,3;578,7;63,7;0,0;4,98E-2;-541,2;20,00;22,0;22,0;45,88;7,63;0,262;0,0;0,01;0,049
904;13.07.2023;16:04:42;00:15:03;406,6;449,8;46,4;50,9;25,3;577,2;63,8;0,0;4,97E-2;-541,2;20,00;22,0;22,0;45,88;7,64;0,256;0,0;0,01;0,049
905;13.07.2023;16:04:43;00:15:04;401,0;441,6;46,4;50,2;25,3;574,1;64,2;0,0;4,95E-2;-541,2;20,00;22,0;22,0;45,89;7,64;0,251;0,0;0,01;0,049
906;13.07.2023;16:04:44;00:15:05;395,7;433,5;46,0;49,6;25,2;571,1;64,5;0,0;4,92E-2;-541,2;20,00;22,0;22,0;45,90;7,65;0,249;0,0;0,00;0,049
907;13.07.2023;16:04:45;00:15:06;393,5;433,5;46,0;49,6;25,2;569,7;64,7;0,0;4,91E-2;-541,2;20,00;22,0;22,0;45,90;7,65;0,246;0,0;0,01;0,049
908;13.07.2023;16:04:46;00:15:07;388,7;433,5;45,5;48,9;25,2;566,8;65,0;0,0;4,90E-2;-541,2;20,00;22,0;22,0;45,90;7,65;0,238;0,0;0,01;0,049
909;13.07.2023;16:04:47;00:15:08;386,0;425,6;45,5;48,9;25,2;565,3;65,2;0,0;4,89E-2;-541,2;20,00;22,0;22,1;45,90;7,66;0,241;0,0;0,01;0,049
910;13.07.2023;16:04:48;00:15:09;381,4;425,6;45,1;48,9;25,2;562,4;65,5;0,0;4,87E-2;-541,2;20,00;22,0;22,0;45,91;7,66;0,238;0,0;0,01;0,049
911;13.07.2023;16:04:49;00:15:10;376,4;417,7;45,1;48,3;25,2;559,2;65,9;0,0;4,84E-2;-541,2;20,00;22,0;22,1;45,91;7,67;0,235;0,0;0,00;0,049
912;13.07.2023;16:04:50;00:15:11;373,6;410,0;44,7;47,7;25,2;557,8;66,0;0,0;4,83E-2;-541,2;20,00;22,0;22,0;45,92;7,67;0,237;0,0;0,01;0,049
913;13.07.2023;16:04:51;00:15:12;368,9;410,0;44,7;47,7;25,2;554,8;66,4;0,0;4,82E-2;-541,2;20,00;22,0;22,0;45,92;7,67;0,227;0,0;0,01;0,049
914;13.07.2023;16:04:52;00:15:13;364,5;410,0;44,3;47,1;25,3;551,9;66,7;0,0;4,79E-2;-541,2;20,00;22,0;21,9;45,93;7,68;0,229;0,0;0,01;0,049
915;13.07.2023;16:04:53;00:15:14;362,4;410,0;44,3;47,1;25,3;550,5;66,8;0,0;4,79E-2;-541,2;20,00;22,0;21,9;45,93;7,68;0,225;0,0;0,00;0,049
916;13.07.2023;16:04:54;00:15:15;357,8;401,9;44,3;47,1;25,2;547,5;67,1;0,0;4,77E-2;-541,2;20,00;22,0;22,0;45,93;7,68;0,225;0,0;0,01;0,049
917;13.07.2023;16:04:55;00:15:16;352,3;393,8;43,9;46,5;25,2;544,4;67,5;0,0;4,75E-2;-541,2;20,00;22,0;22,0;45,95;7,70;0,289;0,0;0,01;0,049
918;13.07.2023;16:04:56;00:15:17;349,6;393,8;43,5;46,5;25,2;542,9;67,7;0,0;4,74E-2;-541,2;20,00;22,0;22,0;45,95;7,70;0,330;0,0;0,01;0,049
919;13.07.2023;16:04:57;00:15:18;345,5;385,8;43,5;45,8;25,2;540,0;68,0;0,0;4,73E-2;-541,2;20,00;22,0;21,9;45,96;7,71;0,362;0,0;0,01;0,049
920;13.07.2023;16:04:58;00:15:19;343,4;385,8;43,0;45,8;25,2;538,5;68,2;0,0;4,71E-2;-541,2;20,00;22,0;21,9;45,96;7,71;0,359;0,0;0,01;0,049
921;13.07.2023;16:04:59;00:15:20;338,7;377,9;43,0;45,2;25,2;535,6;68,5;0,0;4,70E-2;-541,2;20,00;22,0;22,0;45,96;7,72;0,337;0,0;0,01;0,049
922;13.07.2023;16:05:00;00:15:21;334,3;370,6;42,7;44,7;25,2;532,7;68,8;0,0;4,68E-2;-541,2;20,00;22,0;22,0;45,97;7,72;0,311;0,0;0,01;0,049
923;13.07.2023;16:05:01;00:15:22;331,7;370,6;42,7;44,7;25,2;531,0;69,0;0,0;4,67E-2;-541,2;20,00;22,0;22,0;45,97;7,72;0,292;0,0;0,00;0,049
924;13.07.2023;16:05:02;00:15:23;327,6;370,6;42,3;44,1;25,2;528,1;69,3;0,0;4,66E-2;-541,2;20,00;22,0;22,0;45,97;7,73;0,262;0,0;0,01;0,049
925;13.07.2023;16:05:03;00:15:24;323,5;363,5;42,3;44,1;25,2;525,2;69,6;0,0;4,64E-2;-541,2;20,00;22,0;21,9;45,98;7,73;0,239;0,0;0,01;0,049
926;13.07.2023;16:05:04;00:15:25;320,7;363,5;42,3;44,1;25,2;523,7;69,7;0,0;4,63E-2;-541,2;20,00;22,0;22,0;45,98;7,73;0,232;0,0;0,01;0,049
927;13.07.2023;16:05:05;00:15:26;316,6;356,4;41,9;43,6;25,1;520,8;70,0;0,0;4,61E-2;-541,2;20,00;22,0;22,0;45,98;7,74;0,220;0,0;0,01;0,049
928;13.07.2023;16:05:06;00:15:27;312,5;356,4;41,5;43,6;25,1;517,9;70,4;0,0;4,60E-2;-541,2;20,00;22,0;22,0;45,99;7,74;0,217;0,0;0,01;0,049
929;13.07.2023;16:05:07;00:15:28;310,2;349,3;41,5;43,1;25,1;516,1;70,5;0,0;4,59E-2;-541,2;20,00;22,0;22,0;45,99;7,74;0,213;0,0;0,01;0,049
930;13.07.2023;16:05:08;00:15:29;305,6;342,1;41,2;42,5;25,1;513,2;70,8;0,0;4,57E-2;-541,2;20,00;22,0;22,0;46,00;7,75;0,216;0,0;0,01;0,049
931;13.07.2023;16:05:09;00:15:30;301,4;342,1;41,2;42,5;25,1;510,3;71,1;0,0;4,56E-2;-541,2;20,00;22,0;22,1;46,00;7,76;0,238;0,0;0,01;0,049
932;13.07.2023;16:05:10;00:15:31;299,0;342,1;40,8;42,5;25,1;508,8;71,3;0,0;4,55E-2;-541,2;20,00;22,0;22,0;46,01;7,76;0,254;0,0;0,01;0,049
933;13.07.2023;16:05:11;00:15:32;295,3;335,1;40,8;42,0;25,1;505,9;71,6;0,0;4,53E-2;-541,2;20,00;22,0;22,0;46,01;7,76;0,274;0,0;0,01;0,049
934;13.07.2023;16:05:12;00:15:33;293,3;335,1;40,8;42,0;25,1;504,5;71,7;0,0;4,53E-2;-541,2;20,00;22,0;22,0;46,01;7,76;0,270;0,0;0,01;0,049
935;13.07.2023;16:05:13;00:15:34;288,5;327,7;40,5;41,6;25,1;501,3;72,0;0,0;4,51E-2;-541,2;20,00;22,0;22,0;46,02;7,77;0,257;0,0;0,01;0,049
936;13.07.2023;16:05:14;00:15:35;284,3;327,7;40,5;41,6;25,1;498,4;72,3;0,0;4,49E-2;-541,2;20,00;22,0;21,9;46,02;7,77;0,243;0,0;0,01;0,049
937;13.07.2023;16:05:15;00:15:36;282,5;320,7;40,2;41,1;25,1;496,9;72,5;0,0;4,49E-2;-541,2;20,00;22,0;21,9;46,02;7,78;0,240;0,0;0,01;0,049
938;13.07.2023;16:05:16;00:15:37;278,3;320,7;39,8;40,6;25,1;494,0;72,8;0,0;4,47E-2;-541,2;20,00;22,0;21,9;46,03;7,78;0,222;0,0;0,01;0,049
939;13.07.2023;16:05:17;00:15:38;274,7;313,7;39,8;40,6;25,1;491,1;73,0;0,0;4,46E-2;-541,2;20,00;22,0;22,0;46,03;7,79;0,212;0,0;0,01;0,049
940;13.07.2023;16:05:18;00:15:39;273,3;313,7;39,8;40,6;25,1;489,6;73,2;0,0;4,45E-2;-541,2;20,00;22,0;22,0;46,03;7,79;0,214;0,0;0,01;0,049
941;13.07.2023;16:05:19;00:15:40;268,5;306,9;39,4;40,1;25,1;486,5;73,5;0,0;4,44E-2;-541,2;20,00;22,0;22,0;46,04;7,79;0,234;0,0;0,01;0,049
942;13.07.2023;16:05:20;00:15:41;264,7;306,9;39,1;39,7;25,1;483,5;73,8;0,0;4,42E-2;-541,2;20,00;22,0;22,0;46,05;7,80;0,256;0,0;0,01;0,049
943;13.07.2023;16:05:21;00:15:42;263,0;300,6;39,1;39,7;25,1;482,1;73,9;0,0;4,41E-2;-541,2;20,00;22,0;22,0;46,05;7,80;0,257;0,0;0,01;0,049
944;13.07.2023;16:05:22;00:15:43;258,9;300,6;39,1;39,7;25,1;479,2;74,2;0,0;4,40E-2;-541,2;20,00;22,0;22,0;46,05;7,80;0,245;0,0;0,01;0,049
945;13.07.2023;16:05:23;00:15:44;254,8;294,4;38,8;39,2;25,0;476,2;74,5;0,0;4,39E-2;-541,2;20,00;22,0;22,0;46,06;7,81;0,230;0,0;0,01;0,049
946;13.07.2023;16:05:24;00:15:45;252,9;294,4;38,5;39,2;25,0;474,8;74,6;0,0;4,38E-2;-541,2;20,00;22,0;22,0;46,06;7,81;0,222;0,0;0,00;0,049
947;13.07.2023;16:05:25;00:15:46;250,0;288,3;38,5;38,8;25,0;471,6;74,9;0,0;4,36E-2;-541,2;20,00;22,0;22,0;46,06;7,82;0,211;0,0;0,00;0,049
948;13.07.2023;16:05:26;00:15:47;250,0;288,3;38,2;38,8;25,0;470,2;74,8;0,0;4,36E-2;-541,2;20,00;22,0;21,9;46,06;7,82;0,205;0,0;0,00;0,049
949;13.07.2023;16:05:27;00:15:48;250,0;282,2;38,2;38,4;25,0;467,2;74,8;0,0;4,35E-2;-541,2;20,00;22,0;22,0;46,07;7,82;0,192;0,0;0,00;0,049
950;13.07.2023;16:05:28;00:15:49;250,0;276,3;37,9;38,0;25,0;464,3;74,7;0,0;4,34E-2;-541,2;20,00;22,0;22,0;46,07;7,82;0,182;0,0;0,01;0,049
951;13.07.2023;16:05:29;00:15:50;250,0;276,3;37,9;38,0;25,0;462,9;74,7;0,0;4,33E-2;-541,2;20,00;22,0;22,0;46,07;7,82;0,184;0,0;0,00;0,049
952;13.07.2023;16:05:30;00:15:51;250,0;276,3;37,6;37,7;25,0;459,9;74,6;0,0;4,32E-2;-541,2;20,00;22,0;22,0;46,08;7,83;0,180;0,0;0,00;0,049
953;13.07.2023;16:05:31;00:15:52;250,0;270,4;37,6;37,7;25,0;456,8;74,5;0,0;4,31E-2;-541,2;20,00;22,0;22,0;46,08;7,83;0,176;0,0;0,01;0,049
954;13.07.2023;16:05:32;00:15:53;250,0;270,4;37,3;37,7;24,9;455,3;74,5;0,0;4,31E-2;-541,2;20,00;22,0;21,9;46,08;7,83;0,174;0,0;0,00;0,049
955;13.07.2023;16:05:33;00:15:54;250,0;264,2;37,3;37,2;24,9;452,4;74,4;0,0;4,29E-2;-541,2;20,00;22,0;22,1;46,09;7,84;0,180;0,0;0,01;0,049
956;13.07.2023;16:05:34;00:15:55;250,0;264,2;37,0;37,2;24,9;449,5;74,3;0,0;4,28E-2;-541,2;20,00;22,0;22,0;46,09;7,84;0,173;0,0;0,01;0,049
957;13.07.2023;16:05:35;00:15:56;250,0;258,1;37,0;36,8;24,9;448,0;74,3;0,0;4,27E-2;-541,2;20,00;22,0;21,9;46,09;7,84;0,167;0,0;0,01;0,049
958;13.07.2023;16:05:36;00:15:57;250,0;258,1;36,7;36,4;24,9;445,1;74,2;0,0;4,26E-2;-541,2;20,00;22,0;22,0;46,09;7,85;0,163;0,0;0,01;0,049
959;13.07.2023;16:05:37;00:15:58;250,0;258,1;36,7;36,4;24,9;443,6;74,2;0,0;4,26E-2;-541,2;20,00;22,0;22,0;46,10;7,85;0,164;0,0;0,01;0,049
960;13.07.2023;16:05:38;00:15:59;250,0;252,1;36,7;36,4;24,9;440,5;74,1;0,0;4,24E-2;-541,2;20,00;22,0;22,0;46,10;7,85;0,164;0,0;0,01;0,049
961;13.07.2023;16:05:39;00:16:00;250,0;246,1;36,4;36,0;24,8;437,6;74,0;0,0;4,23E-2;-541,2;20,00;22,0;22,0;46,10;7,85;0,162;0,0;0,00;0,049
962;13.07.2023;16:05:40;00:16:01;250,0;246,1;36,4;36,0;24,8;436,1;73,9;0,0;4,23E-2;-541,2;20,00;22,0;22,0;46,10;7,86;0,158;0,0;0,01;0,049
963;13.07.2023;16:05:41;00:16:02;250,0;240,7;36,1;35,7;24,8;433,2;73,8;0,0;4,21E-2;-541,2;20,00;22,0;22,1;46,11;7,86;0,157;0,0;0,01;0,049
964;13.07.2023;16:05:42;00:16:03;250,0;240,7;35,9;35,7;24,8;430,3;73,7;0,0;4,20E-2;-541,2;20,00;22,0;22,0;46,11;7,86;0,152;0,0;0,01;0,049
965;13.07.2023;16:05:43;00:16:04;250,0;235,3;35,9;35,4;24,8;428,8;73,7;0,0;4,19E-2;-541,2;20,00;22,0;22,0;46,11;7,86;0,150;0,0;0,01;0,049
966;13.07.2023;16:05:44;00:16:05;250,0;235,3;35,6;35,0;24,8;425,6;73,6;0,0;4,18E-2;-541,2;20,00;22,0;22,0;46,11;7,86;0,147;0,0;0,01;0,049
967;13.07.2023;16:05:45;00:16:06;250,0;230,1;35,6;35,0;24,8;422,7;73,5;0,0;4,17E-2;-541,2;20,00;22,0;22,0;46,12;7,87;0,145;0,0;0,01;0,049
968;13.07.2023;16:05:46;00:16:07;250,0;230,1;35,3;35,0;24,8;421,3;73,4;0,0;4,17E-2;-541,2;20,00;22,0;21,9;46,12;7,87;0,141;0,0;0,00;0,049
969;13.07.2023;16:05:47;00:16:08;250,0;224,9;35,3;34,7;24,8;418,3;73,3;0,0;4,15E-2;-541,2;20,00;22,0;21,9;46,12;7,87;0,144;0,0;0,01;0,049
970;13.07.2023;16:05:48;00:16:09;250,0;219,7;35,1;34,4;24,8;415,4;73,2;0,0;4,14E-2;-541,2;20,00;22,0;21,9;46,12;7,88;0,145;0,0;0,01;0,049
971;13.07.2023;16:05:49;00:16:10;250,0;219,7;35,1;34,4;24,8;414,0;73,1;0,0;4,14E-2;-541,2;20,00;22,0;22,0;46,12;7,88;0,151;0,0;0,01;0,049
972;13.07.2023;16:05:50;00:16:11;250,0;219,7;34,8;34,1;24,8;410,8;73,0;0,0;4,13E-2;-541,2;20,00;22,0;22,1;46,13;7,88;0,146;0,0;0,01;0,049
973;13.07.2023;16:05:51;00:16:12;250,0;214,7;34,8;34,1;24,7;409,3;72,9;0,0;4,12E-2;-541,2;20,00;22,0;22,1;46,13;7,88;0,146;0,0;0,00;0,049
974;13.07.2023;16:05:52;00:16:13;250,0;214,7;34,8;34,1;24,7;406,4;72,8;0,0;4,11E-2;-541,2;20,00;22,0;22,0;46,13;7,88;0,145;0,0;0,01;0,049
975;13.07.2023;16:05:53;00:16:14;250,0;209,1;34,5;33,7;24,7;403,5;72,7;0,0;4,10E-2;-541,2;20,00;22,0;22,0;46,14;7,89;0,145;0,0;0,01;0,049
976;13.07.2023;16:05:54;00:16:15;250,0;209,1;34,5;33,7;24,7;402,0;72,6;0,0;4,10E-2;-541,2;20,00;22,0;22,0;46,14;7,89;0,146;0,0;0,01;0,049
977;13.07.2023;16:05:55;00:16:16;250,0;203,7;34,3;33,3;24,7;399,1;72,5;0,0;4,08E-2;-541,2;20,00;22,0;22,0;46,14;7,89;0,143;0,0;0,01;0,049
978;13.07.2023;16:05:56;00:16:17;250,0;203,7;34,3;33,3;24,7;395,9;72,4;0,0;4,07E-2;-541,2;20,00;22,0;22,0;46,14;7,89;0,138;0,0;0,01;0,049
979;13.07.2023;16:05:57;00:16:18;250,0;203,7;34,0;33,0;24,7;394,5;72,3;0,0;4,07E-2;-541,2;20,00;22,0;22,0;46,14;7,90;0,137;0,0;0,01;0,049
980;13.07.2023;16:05:58;00:16:19;250,0;198,4;34,0;33,0;24,6;391,6;72,2;0,0;4,06E-2;-541,2;20,00;22,0;21,9;46,15;7,90;0,132;0,0;0,01;0,049
981;13.07.2023;16:05:59;00:16:20;250,0;193,3;33,7;32,7;24,6;388,6;72,1;0,0;4,05E-2;-541,2;20,00;22,0;22,0;46,15;7,90;0,140;0,0;0,01;0,049
982;13.07.2023;16:06:00;00:16:21;250,0;193,3;33,7;32,7;24,6;387,2;72,0;0,0;4,04E-2;-541,2;20,00;22,0;22,0;46,15;7,91;0,152;0,0;0,01;0,049
983;13.07.2023;16:06:01;00:16:22;250,0;188,7;33,5;32,4;24,6;384,3;71,8;0,0;4,03E-2;-541,2;20,00;22,0;22,0;46,16;7,91;0,184;0,0;0,01;0,049
984;13.07.2023;16:06:02;00:16:23;250,0;188,7;33,3;32,4;24,6;381,1;71,7;0,0;4,02E-2;-541,2;20,00;22,0;22,0;46,16;7,91;0,191;0,0;0,00;0,049
985;13.07.2023;16:06:03;00:16:24;250,0;184,1;33,3;32,1;24,6;379,6;71,6;0,0;4,02E-2;-541,2;20,00;22,0;22,0;46,16;7,91;0,186;0,0;0,00;0,049
986;13.07.2023;16:06:04;00:16:25;250,0;184,1;33,1;31,9;24,6;376,7;71,5;0,0;4,01E-2;-541,2;20,00;22,0;21,9;46,17;7,92;0,169;0,0;0,01;0,049
987;13.07.2023;16:06:05;00:16:26;250,0;184,1;33,1;31,9;24,6;375,3;71,4;0,0;4,01E-2;-541,2;20,00;22,0;21,9;46,17;7,92;0,166;0,0;0,01;0,049
988;13.07.2023;16:06:06;00:16:27;250,0;179,7;33,1;31,9;24,6;372,3;71,3;0,0;3,99E-2;-541,2;20,00;22,0;22,0;46,17;7,92;0,163;0,0;0,01;0,049
989;13.07.2023;16:06:07;00:16:28;250,0;175,3;32,9;31,6;24,6;369,4;71,1;0,0;3,99E-2;-541,2;20,00;22,0;22,0;46,17;7,92;0,151;0,0;0,00;0,049
990;13.07.2023;16:06:08;00:16:29;250,0;175,3;32,9;31,6;24,6;367,7;71,0;0,0;3,98E-2;-541,2;20,00;22,0;21,9;46,17;7,92;0,144;0,0;0,00;0,049
991;13.07.2023;16:06:09;00:16:30;250,0;171,0;32,7;31,3;24,5;364,8;70,9;0,0;3,98E-2;-541,2;20,00;22,0;21,9;46,18;7,93;0,134;0,0;0,01;0,049
992;13.07.2023;16:06:10;00:16:31;250,0;171,0;32,4;31,3;24,5;361,9;70,7;0,0;3,97E-2;-541,2;20,00;22,0;22,0;46,18;7,93;0,131;0,0;0,01;0,049
993;13.07.2023;16:06:11;00:16:32;250,0;166,8;32,4;31,0;24,5;360,4;70,6;0,0;3,96E-2;-541,2;20,00;22,0;22,1;46,18;7,93;0,133;0,0;0,01;0,049
994;13.07.2023;16:06:12;00:16:33;250,0;166,8;32,5;31,1;24,5;357,5;70,5;0,0;3,95E-2;-541,2;20,00;22,0;22,1;46,18;7,93;0,130;0,0;0,01;0,049
995;13.07.2023;16:06:13;00:16:34;250,0;162,5;32,3;30,8;24,5;354,6;70,3;0,0;3,94E-2;-541,2;20,00;22,0;21,9;46,18;7,93;0,118;0,0;0,01;0,049
996;13.07.2023;16:06:14;00:16:35;250,0;162,5;32,3;30,8;24,5;352,9;70,2;0,0;3,94E-2;-541,2;20,00;22,0;22,0;46,18;7,94;0,115;0,0;0,01;0,049
997;13.07.2023;16:06:15;00:16:36;250,0;158,2;32,1;30,5;24,5;350,0;70,0;0,0;3,93E-2;-541,2;20,00;22,0;22,0;46,19;7,94;0,110;0,0;0,01;0,049
998;13.07.2023;16:06:16;00:16:37;250,0;158,2;32,1;30,5;24,5;348,5;69,9;0,0;3,92E-2;-541,2;20,00;22,0;22,0;46,19;7,94;0,108;0,0;0,01;0,049
999;13.07.2023;16:06:17;00:16:38;250,0;153,9;31,8;30,3;24,5;345,6;69,8;0,0;3,91E-2;-541,2;20,00;22,0;21,9;46,19;7,94;0,105;0,0;0,01;0,049
1000;13.07.2023;16:06:18;00:16:39;250,0;153,9;31,8;30,3;24,5;342,7;69,6;0,0;3,90E-2;-541,2;20,00;22,0;21,9;46,19;7,95;0,103;0,0;0,01;0,049
1001;13.07.2023;16:06:19;00:16:40;250,0;149,7;31,6;30,0;24,5;341,2;69,5;0,0;3,90E-2;-541,2;20,00;22,0;21,9;46,19;7,95;0,109;0,0;0,00;0,049
1002;13.07.2023;16:06:20;00:16:41;250,0;149,7;31,4;29,8;24,5;338,0;69,3;0,0;3,89E-2;-541,2;20,00;22,0;22,0;46,20;7,95;0,109;0,0;0,01;0,049
1003;13.07.2023;16:06:21;00:16:42;250,0;145,9;31,4;29,8;24,5;335,1;69,1;0,0;3,88E-2;-541,2;20,00;22,0;22,0;46,20;7,95;0,107;0,0;0,01;0,049
1004;13.07.2023;16:06:22;00:16:43;250,0;145,9;31,4;29,8;24,5;333,7;69,0;0,0;3,88E-2;-541,2;20,00;22,0;22,1;46,20;7,95;0,109;0,0;0,01;0,049
1005;13.07.2023;16:06:23;00:16:44;250,0;142,1;31,2;29,5;24,5;330,7;68,8;0,0;3,87E-2;-541,2;20,00;22,0;22,0;46,20;7,95;0,106;0,0;0,01;0,049
1006;13.07.2023;16:06:24;00:16:45;250,0;142,1;31,1;29,3;24,5;327,8;68,7;0,0;3,86E-2;-541,2;20,00;22,0;22,0;46,20;7,95;0,107;0,0;0,01;0,049
1007;13.07.2023;16:06:25;00:16:46;250,0;142,1;31,1;29,3;24,5;326,4;68,6;0,0;3,85E-2;-541,2;20,00;22,0;22,1;46,20;7,96;0,110;0,0;0,01;0,049
1008;13.07.2023;16:06:26;00:16:47;250,0;138,5;31,1;29,3;24,4;323,2;68,3;0,0;3,85E-2;-541,2;20,00;22,0;22,0;46,21;7,96;0,101;0,0;0,01;0,049
1009;13.07.2023;16:06:27;00:16:48;250,0;134,9;30,9;29,1;24,4;320,3;68,2;0,0;3,84E-2;-541,2;20,00;22,0;22,0;46,21;7,96;0,096;0,0;0,00;0,049
1010;13.07.2023;16:06:28;00:16:49;250,0;134,9;30,7;29,1;24,4;318,8;68,1;0,0;3,83E-2;-541,2;20,00;22,0;22,0;46,21;7,96;0,095;0,0;0,00;0,049
1011;13.07.2023;16:06:29;00:16:50;250,0;131,4;30,7;28,8;24,4;315,9;67,9;0,0;3,82E-2;-541,2;20,00;22,0;22,0;46,21;7,96;0,096;0,0;0,01;0,049
1012;13.07.2023;16:06:30;00:16:51;250,0;131,4;30,5;28,8;24,4;314,4;67,8;0,0;3,82E-2;-541,2;20,00;22,0;22,0;46,21;7,96;0,093;0,0;0,00;0,049
1013;13.07.2023;16:06:31;00:16:52;250,0;127,9;30,5;28,6;24,4;311,5;67,6;0,0;3,81E-2;-541,2;20,00;22,0;22,0;46,21;7,97;0,089;0,0;0,00;0,049
1014;13.07.2023;16:06:32;00:16:53;250,0;127,8;30,4;28,6;24,3;308,3;67,3;0,0;3,81E-2;-541,2;20,00;22,0;22,0;46,21;7,97;0,089;0,0;0,01;0,049
1015;13.07.2023;16:06:33;00:16:54;250,0;127,8;30,3;28,3;24,3;306,9;67,2;0,0;3,80E-2;-541,2;20,00;22,0;22,0;46,22;7,97;0,088;0,0;0,01;0,049
1016;13.07.2023;16:06:34;00:16:55;250,0;124,2;30,3;28,3;24,3;304,0;67,0;0,0;3,79E-2;-541,2;20,00;22,0;22,0;46,22;7,97;0,092;0,0;0,01;0,049
1017;13.07.2023;16:06:35;00:16:56;250,0;120,8;30,1;28,1;24,3;301,0;66,8;0,0;3,78E-2;-541,2;20,00;22,0;22,0;46,22;7,97;0,093;0,0;0,01;0,049
1018;13.07.2023;16:06:36;00:16:57;250,0;120,8;30,1;28,1;24,3;299,6;66,7;0,0;3,78E-2;-541,2;20,00;22,0;22,0;46,22;7,97;0,089;0,0;0,01;0,049
1019;13.07.2023;16:06:37;00:16:58;250,0;117,4;29,9;27,9;24,3;296,7;66,5;0,0;3,77E-2;-541,2;20,00;22,0;22,0;46,22;7,97;0,093;0,0;0,00;0,049
1020;13.07.2023;16:06:38;00:16:59;250,0;117,4;29,9;27,9;24,3;293,5;66,2;0,0;3,77E-2;-541,2;20,00;22,0;22,0;46,22;7,98;0,091;0,0;0,01;0,049
1021;13.07.2023;16:06:39;00:17:00;250,0;114,0;29,7;27,6;24,3;292,0;66,1;0,0;3,76E-2;-541,2;20,00;22,0;22,0;46,22;7,98;0,088;0,0;0,00;0,049
1022;13.07.2023;16:06:40;00:17:01;250,0;114,0;29,5;27,6;24,3;289,1;65,9;0,0;3,75E-2;-541,2;20,00;22,0;22,0;46,23;7,98;0,078;0,0;0,01;0,049
1023;13.07.2023;16:06:41;00:17:02;250,0;110,9;29,5;27,4;24,2;286,2;65,7;0,0;3,75E-2;-541,2;20,00;22,0;22,0;46,23;7,98;0,076;0,0;0,00;0,049
1024;13.07.2023;16:06:42;00:17:03;250,0;110,9;29,5;27,4;24,2;284,7;65,6;0,0;3,74E-2;-541,2;20,00;22,0;22,1;46,23;7,98;0,078;0,0;0,00;0,049
1025;13.07.2023;16:06:43;00:17:04;250,0;107,9;29,3;27,2;24,2;281,8;65,3;0,0;3,73E-2;-541,2;20,00;22,0;22,0;46,23;7,98;0,080;0,0;0,01;0,049
1026;13.07.2023;16:06:44;00:17:05;250,0;107,9;29,3;27,2;24,2;280,4;65,2;0,0;3,73E-2;-541,2;20,00;22,0;22,0;46,23;7,98;0,080;0,0;0,01;0,049
1027;13.07.2023;16:06:45;00:17:06;250,0;104,9;29,1;27,0;24,2;277,2;65,0;0,0;3,72E-2;-541,2;20,00;22,0;22,0;46,23;7,98;0,081;0,0;0,01;0,049
1028;13.07.2023;16:06:46;00:17:07;250,0;104,9;29,1;27,0;24,2;274,3;64,7;0,0;3,72E-2;-541,2;20,00;22,0;21,9;46,23;7,99;0,078;0,0;0,01;0,049
1029;13.07.2023;16:06:47;00:17:08;250,0;102,2;29,0;26,8;24,2;272,8;64,6;0,0;3,71E-2;-541,2;20,00;22,0;21,9;46,24;7,99;0,079;0,0;0,01;0,049
1030;13.07.2023;16:06:48;00:17:09;250,0;102,2;28,8;26,8;24,2;269,9;64,4;0,0;3,71E-2;-541,2;20,00;22,0;22,0;46,24;7,99;0,079;0,0;0,01;0,048
1031;13.07.2023;16:06:49;00:17:10;250,0;99,5;28,8;26,6;24,2;267,0;64,1;0,0;3,70E-2;-541,2;20,00;22,0;22,0;46,24;7,99;0,075;0,0;0,01;0,049
1032;13.07.2023;16:06:50;00:17:11;250,0;99,5;28,8;26,6;24,2;265,5;64,0;0,0;3,69E-2;-541,2;20,00;22,0;22,0;46,24;7,99;0,077;0,0;0,00;0,049
1033;13.07.2023;16:06:51;00:17:12;250,0;96,9;28,7;26,4;24,1;262,4;63,7;0,0;3,68E-2;-541,2;20,00;22,0;22,0;46,24;7,99;0,072;0,0;0,01;0,049
1034;13.07.2023;16:06:52;00:17:13;250,0;96,9;28,8;26,5;24,2;259,4;63,5;0,0;3,68E-2;-541,2;20,00;22,0;22,0;46,24;7,99;0,072;0,0;0,01;0,049
1035;13.07.2023;16:06:53;00:17:14;250,0;96,9;28,6;26,3;24,2;258,0;63,4;0,0;3,68E-2;-541,2;20,00;22,0;22,0;46,24;7,99;0,070;0,0;0,01;0,049
1036;13.07.2023;16:06:54;00:17:15;250,0;94,2;28,6;26,3;24,2;255,1;63,1;0,0;3,67E-2;-541,2;20,00;22,0;22,0;46,24;7,99;0,068;0,0;0,01;0,049
1037;13.07.2023;16:06:55;00:17:16;250,0;94,2;28,4;26,1;24,2;253,6;63,0;0,0;3,67E-2;-541,2;20,00;22,0;22,0;46,24;8,00;0,065;0,0;0,01;0,049
1038;13.07.2023;16:06:56;00:17:17;250,0;91,6;28,4;26,1;24,2;250,7;62,7;0,0;3,66E-2;-541,2;20,00;22,0;22,0;46,24;8,00;0,061;0,0;0,00;0,049
1039;13.07.2023;16:06:57;00:17:18;250,0;89,0;28,3;25,9;24,2;247,5;62,4;0,0;3,65E-2;-541,2;20,00;22,0;22,0;46,25;8,00;0,062;0,0;0,01;0,049
1040;13.07.2023;16:06:58;00:17:19;250,0;89,0;28,3;25,9;24,2;246,1;62,3;0,0;3,64E-2;-541,2;20,00;22,0;22,0;46,25;8,00;0,062;0,0;0,01;0,049
1041;13.07.2023;16:06:59;00:17:20;250,0;86,5;28,1;25,7;24,2;243,1;62,1;0,0;3,64E-2;-541,2;20,00;22,0;22,0;46,25;8,00;0,064;0,0;0,01;0,049
1042;13.07.2023;16:07:00;00:17:21;250,0;86,5;27,9;25,7;24,1;240,2;61,8;0,0;3,64E-2;-541,2;20,00;22,0;22,0;46,25;8,00;0,062;0,0;0,01;0,049
1043;13.07.2023;16:07:01;00:17:22;250,0;86,5;27,9;25,7;24,1;238,8;61,6;0,0;3,64E-2;-541,2;20,00;22,0;22,0;46,25;8,00;0,061;0,0;0,00;0,049
1044;13.07.2023;16:07:02;00:17:23;250,0;84,2;27,9;25,5;24,1;235,8;61,4;0,0;3,63E-2;-541,2;20,00;22,0;22,0;46,25;8,00;0,063;0,0;0,00;0,049
1045;13.07.2023;16:07:03;00:17:24;250,0;82,0;27,8;25,3;24,1;232,7;61,1;0,0;3,62E-2;-541,2;20,00;22,0;22,0;46,25;8,00;0,063;0,0;0,01;0,049
1046;13.07.2023;16:07:04;00:17:25;250,0;82,0;27,8;25,3;24,1;231,2;60,9;0,0;3,62E-2;-541,2;20,00;22,0;21,9;46,25;8,00;0,059;0,0;0,00;0,049
1047;13.07.2023;16:07:05;00:17:26;250,0;79,9;27,6;25,2;24,1;228,3;60,7;0,0;3,61E-2;-541,2;20,00;22,0;21,9;46,25;8,01;0,054;0,0;0,00;0,049
1048;13.07.2023;16:07:06;00:17:27;250,0;79,9;27,6;25,2;24,1;225,4;60,4;0,0;3,61E-2;-541,2;20,00;22,0;22,0;46,26;8,01;0,059;0,0;0,01;0,049
1049;13.07.2023;16:07:07;00:17:28;250,0;77,8;27,5;25,0;24,1;223,9;60,2;0,0;3,60E-2;-541,2;20,00;22,0;22,0;46,25;8,01;0,058;0,0;0,01;0,049
1050;13.07.2023;16:07:08;00:17:29;250,0;77,8;27,4;24,9;24,1;221,0;60,0;0,0;3,60E-2;-541,2;20,00;22,0;22,0;46,26;8,01;0,057;0,0;0,01;0,049
1051;13.07.2023;16:07:09;00:17:30;250,0;75,8;27,4;24,9;24,1;219,3;59,8;0,0;3,60E-2;-541,2;20,00;22,0;22,0;46,26;8,01;0,056;0,0;0,00;0,049
1052;13.07.2023;16:07:10;00:17:31;250,0;75,8;27,2;24,9;24,1;216,4;59,5;0,0;3,59E-2;-541,2;20,00;22,0;21,9;46,26;8,01;0,054;0,0;0,01;0,049
1053;13.07.2023;16:07:11;00:17:32;250,0;73,9;27,2;24,7;24,1;213,4;59,2;0,0;3,58E-2;-541,2;20,00;22,0;21,9;46,26;8,01;0,051;0,0;0,01;0,049
1054;13.07.2023;16:07:12;00:17:33;250,0;73,9;27,2;24,7;24,1;212,0;59,1;0,0;3,58E-2;-541,2;20,00;22,0;21,9;46,26;8,01;0,059;0,0;0,01;0,049
1055;13.07.2023;16:07:13;00:17:34;250,0;71,7;27,0;24,4;23,9;209,1;58,8;0,0;3,58E-2;-541,2;20,00;22,0;22,0;46,26;8,01;0,059;0,0;0,01;0,049
1056;13.07.2023;16:07:14;00:17:35;250,0;71,7;27,0;24,4;23,9;206,1;58,5;0,0;3,57E-2;-541,2;20,00;22,0;22,0;46,26;8,01;0,057;0,0;0,01;0,049
1057;13.07.2023;16:07:15;00:17:36;250,0;69,8;26,8;24,2;23,9;204,4;58,3;0,0;3,57E-2;-541,2;20,00;22,0;22,0;46,26;8,01;0,057;0,0;0,01;0,049
1058;13.07.2023;16:07:16;00:17:37;250,0;69,8;26,7;24,2;23,9;201,5;58,0;0,0;3,56E-2;-541,2;20,00;22,0;22,0;46,26;8,02;0,055;0,0;0,01;0,049
1059;13.07.2023;16:07:17;00:17:38;250,0;67,9;26,7;24,1;23,9;198,6;57,7;0,0;3,56E-2;-541,2;20,00;22,0;22,0;46,26;8,02;0,050;0,0;0,01;0,049
1060;13.07.2023;16:07:18;00:17:39;250,0;67,9;26,7;24,1;23,9;197,1;57,5;0,0;3,55E-2;-541,2;20,00;22,0;22,0;46,26;8,02;0,050;0,0;0,01;0,049
1061;13.07.2023;16:07:19;00:17:40;250,0;66,1;26,5;23,9;23,8;194,2;57,2;0,0;3,55E-2;-541,2;20,00;22,0;21,9;46,27;8,02;0,048;0,0;0,01;0,049
1062;13.07.2023;16:07:20;00:17:41;250,0;66,1;26,4;23,8;23,8;191,1;56,9;0,0;3,54E-2;-541,2;20,00;22,0;21,9;46,27;8,02;0,044;0,0;0,01;0,049
1063;13.07.2023;16:07:21;00:17:42;250,0;64,4;26,4;23,8;23,8;189,6;56,8;0,0;3,54E-2;-541,2;20,00;22,0;22,0;46,27;8,02;0,046;0,0;0,00;0,049
1064;13.07.2023;16:07:22;00:17:43;250,0;64,4;26,4;23,8;23,8;186,7;56,4;0,0;3,53E-2;-541,2;20,00;22,0;22,0;46,27;8,02;0,044;0,0;0,01;0,049
1065;13.07.2023;16:07:23;00:17:44;250,0;62,8;26,3;23,6;23,8;185,2;56,3;0,0;3,53E-2;-541,2;20,00;22,0;22,0;46,27;8,02;0,046;0,0;0,01;0,049
1066;13.07.2023;16:07:24;00:17:45;250,0;62,8;26,2;23,6;23,8;182,3;56,0;0,0;3,53E-2;-541,2;20,00;22,0;22,0;46,27;8,02;0,048;0,0;0,01;0,049
1067;13.07.2023;16:07:25;00:17:46;250,0;61,2;26,2;23,5;23,8;179,4;55,6;0,0;3,52E-2;-541,2;20,00;22,0;22,0;46,27;8,02;0,047;0,0;0,00;0,049
1068;13.07.2023;16:07:26;00:17:47;250,0;61,2;26,2;23,5;23,8;177,9;55,5;0,0;3,52E-2;-541,2;20,00;22,0;21,9;46,27;8,02;0,043;0,0;0,01;0,049
1069;13.07.2023;16:07:27;00:17:48;250,0;59,7;26,0;23,3;23,8;174,8;55,1;0,0;3,51E-2;-541,2;20,00;22,0;22,0;46,27;8,02;0,044;0,0;0,01;0,049
1070;13.07.2023;16:07:28;00:17:49;250,0;59,7;25,9;23,2;23,8;171,8;54,8;0,0;3,51E-2;-541,2;20,00;22,0;21,9;46,27;8,02;0,040;0,0;0,00;0,049
1071;13.07.2023;16:07:29;00:17:50;250,0;59,7;25,9;23,2;23,8;170,4;54,6;0,0;3,50E-2;-541,2;20,00;22,0;21,9;46,27;8,02;0,040;0,0;0,01;0,049
1072;13.07.2023;16:07:30;00:17:51;250,0;58,2;25,9;23,2;23,8;167,5;54,3;0,0;3,50E-2;-541,2;20,00;22,0;22,0;46,27;8,03;0,043;0,0;0,01;0,049
1073;13.07.2023;16:07:31;00:17:52;250,0;56,8;25,8;23,1;23,8;164,5;54,0;0,0;3,49E-2;-541,2;20,00;22,0;21,9;46,27;8,03;0,043;0,0;0,01;0,049
1074;13.07.2023;16:07:32;00:17:53;250,0;56,8;25,8;23,1;23,8;163,1;53,8;0,0;3,49E-2;-541,2;20,00;22,0;21,9;46,27;8,03;0,042;0,0;0,01;0,049
1075;13.07.2023;16:07:33;00:17:54;250,0;55,5;25,8;23,0;23,9;159,9;53,4;0,0;3,49E-2;-541,2;20,00;22,0;22,0;46,28;8,03;0,043;0,0;0,01;0,049
1076;13.07.2023;16:07:34;00:17:55;250,0;55,5;25,8;23,0;23,9;158,5;53,3;0,0;3,48E-2;-541,2;20,00;22,0;22,0;46,28;8,03;0,046;0,0;0,00;0,049
1077;13.07.2023;16:07:35;00:17:56;250,0;55,5;25,7;22,9;23,9;155,5;52,9;0,0;3,48E-2;-541,2;20,00;22,0;22,0;46,28;8,03;0,047;0,0;0,01;0,049
1078;13.07.2023;16:07:36;00:17:57;250,0;54,1;25,7;22,9;23,8;152,6;52,6;0,0;3,48E-2;-541,2;20,00;22,0;22,0;46,28;8,03;0,046;0,0;0,01;0,048
1079;13.07.2023;16:07:37;00:17:58;250,0;54,1;25,6;22,9;23,8;151,2;52,4;0,0;3,47E-2;-541,2;20,00;22,0;22,0;46,28;8,03;0,045;0,0;0,00;0,049
1080;13.07.2023;16:07:38;00:17:59;250,0;52,8;25,6;22,7;23,8;148,2;52,1;0,0;3,47E-2;-541,2;20,00;22,0;22,0;46,28;8,03;0,039;0,0;0,01;0,049
1081;13.07.2023;16:07:39;00:18:00;250,0;51,5;25,4;22,6;23,8;145,1;51,7;0,0;3,46E-2;-541,2;20,00;22,0;22,0;46,28;8,03;0,038;0,0;0,01;0,049
1082;13.07.2023;16:07:40;00:18:01;250,0;51,5;25,4;22,6;23,8;143,6;51,5;0,0;3,46E-2;-541,2;20,00;22,0;21,9;46,28;8,03;0,037;0,0;0,00;0,049
1083;13.07.2023;16:07:41;00:18:02;250,0;50,3;25,3;22,5;23,8;140,7;51,1;0,0;3,45E-2;-541,2;20,00;22,0;22,0;46,28;8,03;0,037;0,0;0,01;0,049
1084;13.07.2023;16:07:42;00:18:03;250,0;50,3;25,3;22,5;23,8;137,8;50,8;0,0;3,45E-2;-541,2;20,00;22,0;22,0;46,28;8,03;0,036;0,0;0,01;0,049
1085;13.07.2023;16:07:43;00:18:04;250,0;49,2;25,2;22,4;23,8;136,3;50,6;0,0;3,45E-2;-541,2;20,00;22,0;22,0;46,28;8,03;0,033;0,0;0,01;0,049
1086;13.07.2023;16:07:44;00:18:05;250,0;49,2;25,1;22,4;23,8;133,4;50,2;0,0;3,45E-2;-541,2;20,00;22,0;21,9;46,28;8,04;0,035;0,0;0,00;0,049
1087;13.07.2023;16:07:45;00:18:06;250,0;48,1;25,1;22,3;23,8;130,2;49,9;0,0;3,44E-2;-541,2;20,00;22,0;22,0;46,28;8,04;0,035;0,0;0,00;0,049
1088;13.07.2023;16:07:46;00:18:07;250,0;48,1;25,1;22,3;23,8;128,8;49,7;0,0;3,44E-2;-541,2;20,00;22,0;22,0;46,28;8,04;0,032;0,0;0,01;0,049
1089;13.07.2023;16:07:47;00:18:08;250,0;47,1;25,0;22,2;23,8;125,8;49,3;0,0;3,44E-2;-541,2;20,00;22,0;22,0;46,28;8,04;0,034;0,0;0,01;0,049
1090;13.07.2023;16:07:48;00:18:09;250,0;47,1;25,0;22,2;23,8;124,4;49,1;0,0;3,43E-2;-541,2;20,00;22,0;22,1;46,28;8,04;0,037;0,0;0,01;0,049
1091;13.07.2023;16:07:49;00:18:10;250,0;46,0;24,9;22,1;23,8;121,5;48,7;0,0;3,43E-2;-541,2;20,00;22,0;22,0;46,28;8,04;0,029;0,0;0,01;0,049
1092;13.07.2023;16:07:50;00:18:11;250,0;46,0;24,8;22,1;23,7;118,5;48,4;0,0;3,42E-2;-541,2;20,00;22,0;22,1;46,29;8,04;0,031;0,0;0,00;0,049
1093;13.07.2023;16:07:51;00:18:12;250,0;45,1;24,8;21,9;23,7;116,8;48,1;0,0;3,42E-2;-541,2;20,00;22,0;22,0;46,29;8,04;0,028;0,0;0,00;0,049
1094;13.07.2023;16:07:52;00:18:13;250,0;45,1;24,9;21,9;23,7;113,9;47,8;0,0;3,42E-2;-541,2;20,00;22,0;22,0;46,29;8,04;0,027;0,0;0,01;0,049
1095;13.07.2023;16:07:53;00:18:14;250,0;44,1;24,7;21,9;23,7;111,0;47,4;0,0;3,41E-2;-541,2;20,00;22,0;22,0;46,29;8,04;0,026;0,0;0,01;0,049
1096;13.07.2023;16:07:54;00:18:15;250,0;44,1;24,7;21,9;23,7;109,5;47,2;0,0;3,41E-2;-541,2;20,00;22,0;22,0;46,29;8,04;0,028;0,0;0,00;0,049
1097;13.07.2023;16:07:55;00:18:16;250,0;43,1;24,6;21,7;23,7;106,6;46,8;0,0;3,41E-2;-541,2;20,00;22,0;21,9;46,29;8,04;0,029;0,0;0,01;0,049
1098;13.07.2023;16:07:56;00:18:17;250,0;43,1;24,5;21,7;23,7;103,7;46,4;0,0;3,40E-2;-541,2;20,00;22,0;21,9;46,29;8,04;0,030;0,0;0,01;0,049
1099;13.07.2023;16:07:57;00:18:18;250,0;43,1;24,5;21,6;23,7;102,0;46,2;0,0;3,40E-2;-541,2;20,00;22,0;22,0;46,29;8,04;0,032;0,0;0,00;0,049
1100;13.07.2023;16:07:58;00:18:19;250,0;42,2;24,5;21,6;23,7;99,1;45,8;0,0;3,40E-2;-541,2;20,00;22,0;22,0;46,29;8,04;0,030;0,0;0,01;0,049
1101;13.07.2023;16:07:59;00:18:20;250,0;41,3;24,4;21,5;23,7;96,2;45,4;0,0;3,39E-2;-541,2;20,00;22,0;22,0;46,29;8,04;0,031;0,0;0,01;0,049
1102;13.07.2023;16:08:00;00:18:21;250,0;41,3;24,4;21,5;23,7;94,7;45,2;0,0;3,39E-2;-541,2;20,00;22,0;22,0;46,29;8,04;0,030;0,0;0,01;0,049
1103;13.07.2023;16:08:01;00:18:22;250,0;40,4;24,3;21,4;23,7;91,8;44,8;0,0;3,39E-2;-541,2;20,00;22,0;22,0;46,29;8,04;0,030;0,0;0,01;0,049
1104;13.07.2023;16:08:02;00:18:23;250,0;40,4;24,3;21,4;23,7;90,3;44,6;0,0;3,38E-2;-541,2;20,00;22,0;22,0;46,29;8,04;0,029;0,0;0,01;0,049
1105;13.07.2023;16:08:03;00:18:24;250,0;39,7;24,3;21,4;23,7;87,2;44,2;0,0;3,38E-2;-541,2;20,00;22,0;22,0;46,29;8,04;0,030;0,0;0,01;0,049
1106;13.07.2023;16:08:04;00:18:25;250,0;39,7;24,2;21,3;23,7;84,2;43,8;0,0;3,37E-2;-541,2;20,00;22,0;22,0;46,29;8,04;0,026;0,0;0,01;0,049
1107;13.07.2023;16:08:05;00:18:26;250,0;39,7;24,2;21,3;23,7;82,8;43,6;0,0;3,37E-2;-541,2;20,00;22,0;22,0;46,29;8,04;0,023;0,0;0,00;0,049
1108;13.07.2023;16:08:06;00:18:27;250,0;38,9;24,2;21,3;23,7;79,9;43,2;0,0;3,37E-2;-541,2;20,00;22,0;21,9;46,29;8,04;0,025;0,0;0,00;0,049
1109;13.07.2023;16:08:07;00:18:28;250,0;38,2;24,1;21,2;23,7;76,9;42,7;0,0;3,37E-2;-541,2;20,00;22,0;22,0;46,29;8,04;0,025;0,0;0,01;0,049
1110;13.07.2023;16:08:08;00:18:29;250,0;38,2;24,1;21,2;23,7;75,5;42,5;0,0;3,36E-2;-541,2;20,00;22,0;22,1;46,29;8,05;0,026;0,0;0,00;0,049
1111;13.07.2023;16:08:09;00:18:30;250,0;37,5;24,0;21,1;23,6;72,3;42,1;0,0;3,36E-2;-541,2;20,00;22,0;22,0;46,29;8,05;0,021;0,0;0,01;0,049
1112;13.07.2023;16:08:10;00:18:31;250,0;37,5;24,0;21,1;23,6;69,4;41,7;0,0;3,36E-2;-541,2;20,00;22,0;22,0;46,29;8,05;0,023;0,0;0,01;0,049
1113;13.07.2023;16:08:11;00:18:32;250,0;36,8;23,9;21,0;23,6;67,9;41,5;0,0;3,36E-2;-541,2;20,00;22,0;22,0;46,29;8,05;0,021;0,0;0,01;0,049
1114;13.07.2023;16:08:12;00:18:33;250,0;36,8;23,8;20,9;23,6;65,0;41,0;0,0;3,35E-2;-541,2;20,00;22,0;22,0;46,29;8,05;0,021;0,0;0,00;0,049
1115;13.07.2023;16:08:13;00:18:34;250,0;36,7;23,8;20,9;23,5;63,6;40,8;0,0;3,35E-2;-541,2;20,00;22,0;22,0;46,29;8,05;0,017;0,0;0,00;0,049
1116;13.07.2023;16:08:14;00:18:35;250,0;36,0;23,7;20,8;23,5;60,6;40,4;0,0;3,34E-2;-541,2;20,00;22,0;22,0;46,29;8,05;0,020;0,0;0,01;0,049
1117;13.07.2023;16:08:15;00:18:36;250,0;36,0;23,6;20,8;23,5;57,5;39,9;0,0;3,34E-2;-541,2;20,00;22,0;22,0;46,30;8,05;0,020;0,0;0,01;0,049
1118;13.07.2023;16:08:16;00:18:37;250,0;35,3;23,6;20,8;23,5;56,0;39,7;0,0;3,34E-2;-541,2;20,00;22,0;22,0;46,30;8,05;0,022;0,0;0,00;0,049
1119;13.07.2023;16:08:17;00:18:38;250,0;34,6;23,5;20,7;23,5;53,1;39,3;0,0;3,33E-2;-541,2;20,00;22,0;22,0;46,30;8,05;0,021;0,0;0,01;0,049
1120;13.07.2023;16:08:18;00:18:39;250,0;34,6;23,5;20,7;23,5;50,2;38,8;0,0;3,33E-2;-541,2;20,00;22,0;22,0;46,30;8,05;0,017;0,0;0,00;0,049
1121;13.07.2023;16:08:19;00:18:40;250,0;34,0;23,5;20,6;23,5;48,7;38,6;0,0;3,33E-2;-541,2;20,00;22,0;22,0;46,30;8,05;0,019;0,0;0,01;0,048
1122;13.07.2023;16:08:20;00:18:41;250,0;34,0;23,4;20,6;23,5;45,8;38,2;0,0;3,33E-2;-541,2;20,00;22,0;22,0;46,30;8,05;0,021;0,0;0,01;0,049
1123;13.07.2023;16:08:21;00:18:42;250,0;33,5;23,4;20,5;23,5;42,6;37,7;0,0;3,32E-2;-541,2;20,00;22,0;22,0;46,30;8,05;0,018;0,0;0,00;0,049
1124;13.07.2023;16:08:22;00:18:43;250,0;33,5;23,4;20,5;23,5;41,2;37,5;0,0;3,32E-2;-541,2;20,00;22,0;22,0;46,30;8,05;0,014;0,0;0,01;0,049
1125;13.07.2023;16:08:23;00:18:44;250,0;32,9;23,3;20,5;23,5;38,2;37,0;0,0;3,32E-2;-541,2;20,00;22,0;22,0;46,30;8,05;0,015;0,0;0,01;0,049
1126;13.07.2023;16:08:24;00:18:45;250,0;32,9;23,2;20,4;23,5;35,3;36,6;0,0;3,31E-2;-541,2;20,00;22,0;22,0;46,30;8,05;0,017;0,0;0,01;0,049
1127;13.07.2023;16:08:25;00:18:46;250,0;32,9;23,2;20,4;23,5;33,9;36,4;0,0;3,31E-2;-541,2;20,00;22,0;22,0;46,30;8,05;0,015;0,0;0,00;0,049
1128;13.07.2023;16:08:26;00:18:47;250,0;32,4;23,2;20,4;23,5;30,9;35,9;0,0;3,31E-2;-541,2;20,00;22,0;22,0;46,30;8,05;0,015;0,0;0,01;0,049
1129;13.07.2023;16:08:27;00:18:48;250,0;31,9;23,2;20,3;23,4;29,5;35,7;0,0;3,31E-2;-541,2;20,00;22,0;22,0;46,30;8,05;0,017;0,0;0,01;0,049
1130;13.07.2023;16:08:28;00:18:49;250,0;31,9;23,1;20,3;23,4;26,3;35,2;0,0;3,30E-2;-541,2;20,00;22,0;22,0;46,30;8,05;0,019;0,0;0,01;0,049
1131;13.07.2023;16:08:29;00:18:50;250,0;31,4;23,1;20,2;23,4;23,4;34,7;0,0;3,30E-2;-541,2;20,00;22,0;22,0;46,30;8,05;0,015;0,0;0,00;0,049
1132;13.07.2023;16:08:30;00:18:51;250,0;31,4;23,1;20,2;23,4;21,9;34,5;0,0;3,30E-2;-541,2;20,00;22,0;22,0;46,30;8,05;0,016;0,0;0,01;0,049
1133;13.07.2023;16:08:31;00:18:52;250,0;31,0;23,0;20,2;23,4;20,0;0,0;0,0;3,30E-2;-541,2;20,00;3,0;21,4;45,21;8,05;0,017;0,0;0,00;0,049
