Nr.;Datum;Zeit;P.Zeit;AV Pyro top;AV Control TC;AV Piston TC Top;AV Piston TC Bot;AV Transformer T;SV Temperature  ;AV CZ Output;AV abs. pressure;Vacuum;AV rel. pressure;SV Rel. Pressure;SV Force        ;AV Force;AV Abs. Piston T;AV Rel. Piston T;AV Speed;Power;U RMS;I RMS
;;;;°C;°C;°C;°C;°C;°C    ;%;mbar(a;mbar(a;mbar(g;mbar(g;kN    ;kN;mm;mm;mm/min;kW;V;kA
1;12.07.2023;20:03:49;00:00:00;250,0;18,4;19,8;18,3;19,5;20,0;0,0;999,9;1,00E3;-1,8;20,00;3,0;3,0;37,90;0,42;-0,001;0,0;0,01;0,050
2;12.07.2023;20:03:50;00:00:01;250,0;18,3;19,8;18,3;19,5;20,0;0,0;999,9;1,00E3;-1,8;20,00;3,0;3,0;37,90;0,42;0,001;0,0;0,01;0,051
3;12.07.2023;20:03:51;00:00:02;250,0;18,3;19,8;18,3;19,5;20,0;0,0;999,9;1,00E3;-1,8;20,00;3,0;3,0;37,90;0,42;0,002;0,0;0,01;0,050
4;12.07.2023;20:03:52;00:00:03;250,0;18,3;19,8;18,3;19,5;20,0;0,0;999,9;1,00E3;-1,8;20,00;3,0;3,0;37,90;0,42;-0,003;0,0;0,01;0,049
5;12.07.2023;20:03:53;00:00:04;250,0;18,3;19,8;18,3;19,5;20,0;0,0;999,9;1,00E3;-1,8;20,00;3,0;2,9;37,90;0,42;-0,006;0,0;0,00;0,049
6;12.07.2023;20:03:54;00:00:05;250,0;18,3;19,8;18,3;19,5;20,0;0,0;999,9;1,00E3;-1,8;20,00;3,0;3,0;37,90;0,42;-0,002;0,0;0,00;0,049
7;12.07.2023;20:03:55;00:00:06;250,0;18,3;19,8;18,3;19,5;20,0;0,0;999,9;1,00E3;-1,8;20,00;3,0;3,0;37,90;0,42;-0,005;0,0;0,01;0,050
8;12.07.2023;20:03:56;00:00:07;250,0;18,3;19,8;18,3;19,5;20,0;0,0;999,9;1,00E3;-1,8;20,00;3,0;3,0;37,90;0,42;-0,002;0,0;0,00;0,051
9;12.07.2023;20:03:57;00:00:08;250,0;18,3;19,8;18,3;19,5;20,0;0,0;985,8;9,86E2;-10,5;20,00;3,0;3,0;37,90;0,42;0,002;0,0;0,00;0,049
10;12.07.2023;20:03:58;00:00:09;250,0;18,3;19,8;18,3;19,5;20,0;0,0;962,0;9,62E2;-38,0;20,00;3,0;3,0;37,90;0,42;0,002;0,0;0,01;0,049
11;12.07.2023;20:03:59;00:00:10;250,0;18,2;19,7;18,2;19,4;20,0;0,0;916,0;9,16E2;-81,4;20,00;3,0;3,0;37,90;0,42;0,002;0,0;0,01;0,050
12;12.07.2023;20:04:00;00:00:11;250,0;18,2;19,7;18,2;19,4;20,0;0,0;872,3;8,72E2;-126,4;20,00;3,0;3,0;37,90;0,42;0,003;0,0;0,01;0,049
13;12.07.2023;20:04:01;00:00:12;250,0;18,2;19,7;18,2;19,4;20,0;0,0;853,2;8,53E2;-144,8;20,00;3,0;3,0;37,90;0,42;0,003;0,0;0,01;0,049
14;12.07.2023;20:04:02;00:00:13;250,0;18,2;19,7;18,2;19,4;20,0;0,0;816,7;8,17E2;-182,9;20,00;3,0;3,0;37,90;0,42;0,003;0,0;0,01;0,049
15;12.07.2023;20:04:03;00:00:14;250,0;18,1;19,7;18,2;19,4;20,0;0,0;782,3;7,82E2;-216,5;20,00;3,0;3,0;37,90;0,42;0,006;0,0;0,00;0,049
16;12.07.2023;20:04:04;00:00:15;250,0;18,1;19,7;18,2;19,4;20,0;0,0;764,5;7,65E2;-235,2;20,00;3,0;3,0;37,90;0,42;0,011;0,0;0,00;0,049
17;12.07.2023;20:04:05;00:00:16;250,0;18,1;19,7;18,2;19,4;20,0;0,0;730,1;7,30E2;-268,4;20,00;3,0;3,0;37,90;0,43;0,035;0,0;0,01;0,051
18;12.07.2023;20:04:06;00:00:17;250,0;18,1;19,7;18,2;19,4;20,0;0,0;714,9;7,15E2;-285,5;20,00;3,0;3,0;37,90;0,43;0,045;0,0;0,01;0,049
19;12.07.2023;20:04:07;00:00:18;250,0;18,1;19,7;18,2;19,4;20,0;0,0;685,7;6,86E2;-313,6;20,00;3,0;3,1;37,90;0,43;0,065;0,0;0,00;0,049
20;12.07.2023;20:04:08;00:00:19;250,0;18,1;19,7;18,2;19,4;20,0;0,0;657,8;6,58E2;-342,5;20,00;3,0;3,1;37,90;0,43;0,071;0,0;0,01;0,051
21;12.07.2023;20:04:09;00:00:20;250,0;18,1;19,7;18,1;19,4;20,0;0,0;643,7;6,44E2;-355,2;20,00;3,0;3,1;37,91;0,43;0,073;0,0;0,01;0,051
22;12.07.2023;20:04:10;00:00:21;250,0;18,1;19,7;18,1;19,4;20,0;0,0;618,4;6,18E2;-381,9;20,00;3,0;3,1;37,91;0,43;0,074;0,0;0,01;0,049
23;12.07.2023;20:04:11;00:00:22;250,0;18,0;19,7;18,1;19,4;20,0;0,0;591,9;5,92E2;-409,0;20,00;3,0;3,0;37,91;0,43;0,076;0,0;0,00;0,049
24;12.07.2023;20:04:12;00:00:23;250,0;18,0;19,7;18,1;19,4;20,0;0,0;579,5;5,80E2;-420,3;20,00;3,0;3,0;37,91;0,43;0,078;0,0;0,01;0,049
25;12.07.2023;20:04:13;00:00:24;250,0;18,0;19,7;18,1;19,4;20,0;0,0;557,0;5,57E2;-444,0;20,00;3,0;3,0;37,91;0,44;0,079;0,0;0,01;0,051
26;12.07.2023;20:04:14;00:00:25;250,0;18,0;19,7;18,1;19,5;20,0;0,0;534,7;5,35E2;-464,7;20,00;3,0;3,1;37,91;0,44;0,078;0,0;0,01;0,049
27;12.07.2023;20:04:15;00:00:26;250,0;18,0;19,7;18,0;19,5;20,0;0,0;524,1;5,24E2;-474,8;20,00;3,0;3,0;37,91;0,44;0,076;0,0;0,00;0,050
28;12.07.2023;20:04:16;00:00:27;250,0;18,0;19,7;18,0;19,5;20,0;0,0;503,9;5,04E2;-495,8;20,00;3,0;2,9;37,91;0,44;0,073;0,0;0,01;0,049
29;12.07.2023;20:04:17;00:00:28;250,0;17,9;19,7;18,0;19,5;20,0;0,0;481,9;4,82E2;-517,6;20,00;3,0;3,0;37,92;0,44;0,072;0,0;0,00;0,049
30;12.07.2023;20:04:18;00:00:29;250,0;17,9;19,4;18,0;19,5;20,0;0,0;473,4;4,73E2;-526,6;20,00;3,0;3,1;37,92;0,44;0,073;0,0;0,01;0,049
31;12.07.2023;20:04:19;00:00:30;250,0;17,6;19,4;17,6;19,2;20,0;0,0;454,1;4,54E2;-541,2;20,00;3,0;3,0;37,92;0,44;0,067;0,0;0,01;0,049
32;12.07.2023;20:04:20;00:00:31;250,0;17,6;19,4;17,6;19,2;20,0;0,0;444,9;4,45E2;-541,2;20,00;3,0;2,9;37,92;0,44;0,061;0,0;0,00;0,049
33;12.07.2023;20:04:21;00:00:32;250,0;17,6;19,4;17,6;19,2;20,0;0,0;428,7;4,29E2;-541,2;20,00;3,0;3,0;37,92;0,44;0,065;0,0;0,00;0,049
34;12.07.2023;20:04:22;00:00:33;250,0;17,6;19,4;17,6;19,2;20,0;0,0;411,9;4,12E2;-541,2;20,00;3,0;3,1;37,92;0,45;0,068;0,0;0,01;0,049
35;12.07.2023;20:04:23;00:00:34;250,0;17,6;19,4;17,6;19,2;20,0;0,0;403,8;4,04E2;-541,2;20,00;3,0;3,0;37,92;0,45;0,070;0,0;0,01;0,049
36;12.07.2023;20:04:24;00:00:35;250,0;17,6;19,4;17,6;19,2;20,0;0,0;386,9;3,87E2;-541,2;20,00;3,0;3,0;37,92;0,45;0,075;0,0;0,01;0,049
37;12.07.2023;20:04:25;00:00:36;250,0;17,6;19,4;17,5;19,2;20,0;0,0;371,0;3,71E2;-541,2;20,00;3,0;3,1;37,93;0,45;0,076;0,0;0,00;0,049
38;12.07.2023;20:04:26;00:00:37;250,0;17,5;19,4;17,5;19,2;20,0;0,0;364,7;3,65E2;-541,2;20,00;3,0;3,1;37,93;0,45;0,076;0,0;0,00;0,049
39;12.07.2023;20:04:27;00:00:38;250,0;17,5;19,4;17,5;19,2;20,0;0,0;350,6;3,51E2;-541,2;20,00;3,0;3,0;37,93;0,45;0,075;0,0;0,00;0,049
40;12.07.2023;20:04:28;00:00:39;250,0;17,5;19,4;17,5;19,2;20,0;0,0;337,0;3,37E2;-541,2;20,00;3,0;3,0;37,93;0,45;0,069;0,0;0,01;0,049
41;12.07.2023;20:04:29;00:00:40;250,0;17,5;19,4;17,5;19,2;20,0;0,0;330,7;3,31E2;-541,2;20,00;3,0;3,0;37,93;0,45;0,067;0,0;0,01;0,049
42;12.07.2023;20:04:30;00:00:41;250,0;17,5;19,4;17,5;19,2;20,0;0,0;316,7;3,17E2;-541,2;20,00;3,0;3,0;37,93;0,46;0,061;0,0;0,01;0,049
43;12.07.2023;20:04:31;00:00:42;250,0;17,5;19,4;17,5;19,2;20,0;0,0;304,3;3,04E2;-541,2;20,00;3,0;3,0;37,93;0,46;0,064;0,0;0,01;0,049
44;12.07.2023;20:04:32;00:00:43;250,0;17,5;19,4;17,5;19,2;20,0;0,0;298,7;2,99E2;-541,2;20,00;3,0;3,0;37,93;0,46;0,061;0,0;0,00;0,050
45;12.07.2023;20:04:33;00:00:44;250,0;17,5;19,4;17,5;19,2;20,0;0,0;287,0;2,87E2;-541,2;20,00;3,0;3,0;37,93;0,46;0,064;0,0;0,00;0,049
46;12.07.2023;20:04:34;00:00:45;250,0;17,5;19,4;17,5;19,2;20,0;0,0;281,5;2,82E2;-541,2;20,00;3,0;2,9;37,93;0,46;0,060;0,0;0,01;0,049
47;12.07.2023;20:04:35;00:00:46;250,0;17,5;19,4;17,5;19,2;20,0;0,0;270,8;2,71E2;-541,2;20,00;3,0;3,0;37,94;0,46;0,066;0,0;0,01;0,049
48;12.07.2023;20:04:36;00:00:47;250,0;17,5;19,4;17,5;19,2;20,0;0,0;259,7;2,60E2;-541,2;20,00;3,0;3,0;37,94;0,46;0,067;0,0;0,00;0,049
49;12.07.2023;20:04:37;00:00:48;250,0;17,5;19,4;17,5;19,2;20,0;0,0;254,5;2,54E2;-541,2;20,00;3,0;3,0;37,94;0,46;0,065;0,0;0,00;0,049
50;12.07.2023;20:04:38;00:00:49;250,0;17,5;19,3;17,4;19,3;20,0;0,0;244,7;2,45E2;-541,2;20,00;3,0;3,0;37,94;0,46;0,062;0,0;0,00;0,049
51;12.07.2023;20:04:39;00:00:50;250,0;17,4;19,3;17,4;19,2;20,0;0,0;235,5;2,35E2;-541,2;20,00;3,0;3,0;37,94;0,47;0,063;0,0;0,00;0,049
52;12.07.2023;20:04:40;00:00:51;250,0;17,4;19,3;17,4;19,2;20,0;0,0;231,0;2,31E2;-541,2;20,00;3,0;2,9;37,94;0,47;0,063;0,0;0,01;0,049
53;12.07.2023;20:04:41;00:00:52;250,0;17,4;19,3;17,4;19,2;20,0;0,0;222,0;2,22E2;-541,2;20,00;3,0;3,0;37,94;0,47;0,063;0,0;0,00;0,049
54;12.07.2023;20:04:42;00:00:53;250,0;17,4;19,3;17,4;19,2;20,0;0,0;212,7;2,13E2;-541,2;20,00;3,0;3,0;37,94;0,47;0,057;0,0;0,01;0,049
55;12.07.2023;20:04:43;00:00:54;250,0;17,4;19,3;17,4;19,2;20,0;0,0;208,6;2,09E2;-541,2;20,00;3,0;3,0;37,94;0,47;0,056;0,0;0,00;0,050
56;12.07.2023;20:04:44;00:00:55;250,0;17,4;19,3;17,4;19,2;20,0;0,0;200,7;2,01E2;-541,2;20,00;3,0;3,1;37,94;0,47;0,052;0,0;0,01;0,049
57;12.07.2023;20:04:45;00:00:56;250,0;17,4;19,3;17,4;19,2;20,0;0,0;196,7;1,97E2;-541,2;20,00;3,0;3,0;37,95;0,47;0,055;0,0;0,00;0,049
58;12.07.2023;20:04:46;00:00:57;250,0;17,4;19,3;17,4;19,2;20,0;0,0;189,5;1,90E2;-541,2;20,00;3,0;3,0;37,95;0,47;0,051;0,0;0,00;0,049
59;12.07.2023;20:04:47;00:00:58;250,0;17,4;19,3;17,4;19,2;20,0;0,0;182,1;1,82E2;-541,2;20,00;3,0;3,0;37,95;0,47;0,053;0,0;0,00;0,053
60;12.07.2023;20:04:48;00:00:59;250,0;17,4;19,3;17,4;19,2;20,0;0,0;178,1;1,78E2;-541,2;20,00;3,0;3,0;37,95;0,47;0,052;0,0;0,01;0,049
61;12.07.2023;20:04:49;00:01:00;250,0;17,4;19,3;17,4;19,2;20,0;0,0;171,5;1,72E2;-541,2;20,00;3,0;3,0;37,95;0,47;0,059;0,0;0,00;0,049
62;12.07.2023;20:04:50;00:01:01;250,0;17,4;19,3;17,4;19,2;20,0;0,0;158,3;1,58E2;-541,2;20,00;3,0;3,0;37,95;0,47;0,059;0,0;0,00;0,049
63;12.07.2023;20:04:51;00:01:02;250,0;17,4;19,3;17,4;19,2;20,0;0,0;151,8;1,52E2;-541,2;20,00;3,0;3,0;37,95;0,48;0,058;0,0;0,00;0,049
64;12.07.2023;20:04:52;00:01:03;250,0;17,4;19,3;17,4;19,3;20,0;0,0;139,5;1,39E2;-541,2;20,00;3,0;3,0;37,95;0,48;0,056;0,0;0,00;0,049
65;12.07.2023;20:04:53;00:01:04;250,0;17,4;19,4;17,4;19,3;20,0;0,0;128,9;1,29E2;-541,2;20,00;3,0;2,9;37,95;0,48;0,053;0,0;0,00;0,049
66;12.07.2023;20:04:54;00:01:05;250,0;17,4;19,4;17,4;19,3;20,0;0,0;124,0;1,24E2;-541,2;20,00;3,0;3,0;37,95;0,48;0,052;0,0;0,00;0,049
67;12.07.2023;20:04:55;00:01:06;250,0;17,4;19,3;17,4;19,3;20,0;0,0;114,2;1,14E2;-541,2;20,00;3,0;3,0;37,95;0,48;0,054;0,0;0,01;0,049
68;12.07.2023;20:04:56;00:01:07;250,0;17,4;19,3;17,4;19,3;20,0;0,0;105,9;1,06E2;-541,2;20,00;3,0;3,0;37,96;0,48;0,059;0,0;0,00;0,049
69;12.07.2023;20:04:57;00:01:08;250,0;17,4;19,3;17,5;19,3;20,0;0,0;101,8;1,02E2;-541,2;20,00;3,0;3,0;37,96;0,48;0,060;0,0;0,00;0,049
70;12.07.2023;20:04:58;00:01:09;250,0;17,4;19,2;17,3;19,3;20,0;0,0;94,4;9,44E1;-541,2;20,00;3,0;3,1;37,96;0,48;0,066;0,0;0,01;0,049
71;12.07.2023;20:04:59;00:01:10;250,0;17,3;19,2;17,3;19,1;20,0;0,0;91,0;9,10E1;-541,2;20,00;3,0;3,1;37,96;0,48;0,065;0,0;0,00;0,049
72;12.07.2023;20:05:00;00:01:11;250,0;17,3;19,2;17,3;19,1;20,0;0,0;84,4;8,44E1;-541,2;20,00;3,0;3,0;37,96;0,49;0,064;0,0;0,00;0,049
73;12.07.2023;20:05:01;00:01:12;250,0;17,3;19,2;17,3;19,1;20,0;0,0;77,8;7,78E1;-541,2;20,00;3,0;3,0;37,96;0,49;0,072;0,0;0,01;0,049
74;12.07.2023;20:05:02;00:01:13;250,0;17,2;19,2;17,3;19,1;20,0;0,0;75,0;7,50E1;-541,2;20,00;3,0;2,9;37,96;0,49;0,070;0,0;0,00;0,050
75;12.07.2023;20:05:03;00:01:14;250,0;17,3;19,2;17,3;19,1;20,0;0,0;69,7;6,97E1;-541,2;20,00;3,0;3,0;37,96;0,49;0,065;0,0;0,01;0,049
76;12.07.2023;20:05:04;00:01:15;250,0;17,3;19,2;17,3;19,1;20,0;0,0;64,2;6,42E1;-541,2;20,00;3,0;3,0;37,97;0,49;0,062;0,0;0,01;0,049
77;12.07.2023;20:05:05;00:01:16;250,0;17,3;19,2;17,3;19,1;20,0;0,0;61,8;6,18E1;-541,2;20,00;3,0;3,0;37,97;0,49;0,064;0,0;0,01;0,049
78;12.07.2023;20:05:06;00:01:17;250,0;17,3;19,2;17,3;19,2;20,0;0,0;57,0;5,70E1;-541,2;20,00;3,0;3,0;37,97;0,49;0,072;0,0;0,00;0,049
79;12.07.2023;20:05:07;00:01:18;250,0;17,3;19,2;17,3;19,2;20,0;0,0;52,5;5,25E1;-541,2;20,00;3,0;3,0;37,97;0,49;0,079;0,0;0,01;0,049
80;12.07.2023;20:05:08;00:01:19;250,0;17,3;19,2;17,3;19,2;20,0;0,0;50,4;5,04E1;-541,2;20,00;3,0;3,1;37,97;0,50;0,083;0,0;0,00;0,049
81;12.07.2023;20:05:09;00:01:20;250,0;17,3;19,2;17,3;19,2;20,0;0,0;46,9;4,69E1;-541,2;20,00;3,0;3,1;37,97;0,50;0,085;0,0;0,01;0,049
82;12.07.2023;20:05:10;00:01:21;250,0;17,3;19,2;17,4;19,2;20,0;0,0;43,4;4,34E1;-541,2;20,00;3,0;3,0;37,97;0,50;0,083;0,0;0,01;0,049
83;12.07.2023;20:05:11;00:01:22;250,0;17,3;19,2;17,4;19,2;20,0;0,0;41,8;4,18E1;-541,2;20,00;3,0;3,0;37,97;0,50;0,076;0,0;0,00;0,049
84;12.07.2023;20:05:12;00:01:23;250,0;17,3;19,2;17,4;19,2;20,0;0,0;38,7;3,87E1;-541,2;20,00;3,0;3,0;37,97;0,50;0,074;0,0;0,00;0,049
85;12.07.2023;20:05:13;00:01:24;250,0;17,3;19,2;17,4;19,2;20,0;0,0;37,1;3,71E1;-541,2;20,00;3,0;3,0;37,98;0,50;0,070;0,0;0,00;0,049
86;12.07.2023;20:05:14;00:01:25;250,0;17,3;19,2;17,4;19,2;20,0;0,0;34,3;3,43E1;-541,2;20,00;3,0;2,9;37,98;0,50;0,071;0,0;0,01;0,049
87;12.07.2023;20:05:15;00:01:26;250,0;17,3;19,2;17,4;19,2;20,0;0,0;31,8;3,18E1;-541,2;20,00;3,0;3,0;37,98;0,50;0,077;0,0;0,00;0,049
88;12.07.2023;20:05:16;00:01:27;250,0;17,3;19,2;17,4;19,2;20,0;0,0;30,4;3,04E1;-541,2;20,00;3,0;3,0;37,98;0,50;0,076;0,0;0,00;0,050
89;12.07.2023;20:05:17;00:01:28;250,0;17,3;19,2;17,4;19,2;20,0;0,0;28,1;2,81E1;-541,2;20,00;3,0;3,0;37,98;0,51;0,070;0,0;0,01;0,049
90;12.07.2023;20:05:18;00:01:29;250,0;17,2;19,1;17,3;19,2;20,0;0,0;26,4;2,64E1;-541,2;20,00;3,0;3,1;37,98;0,51;0,068;0,0;0,00;0,053
91;12.07.2023;20:05:19;00:01:30;250,0;17,2;19,1;17,3;19,1;20,0;0,0;25,1;2,51E1;-541,2;20,00;3,0;3,0;37,98;0,51;0,064;0,0;0,01;0,049
92;12.07.2023;20:05:20;00:01:31;250,0;17,2;19,1;17,3;19,1;20,0;0,0;22,9;2,29E1;-541,2;20,00;3,0;3,0;37,98;0,51;0,069;0,0;0,00;0,049
93;12.07.2023;20:05:21;00:01:32;250,0;17,2;19,1;17,4;19,1;20,0;0,0;21,2;2,12E1;-541,2;20,00;3,0;2,9;37,99;0,51;0,059;0,0;0,00;0,051
94;12.07.2023;20:05:22;00:01:33;250,0;17,2;19,1;17,4;19,1;20,0;0,0;20,6;2,06E1;-541,2;20,00;3,0;3,0;37,99;0,51;0,060;0,0;0,00;0,049
95;12.07.2023;20:05:23;00:01:34;250,0;17,2;19,1;17,4;19,1;20,0;0,0;19,2;1,92E1;-541,2;20,00;3,0;2,9;37,99;0,51;0,056;0,0;0,01;0,049
96;12.07.2023;20:05:24;00:01:35;250,0;17,2;19,1;17,4;19,1;20,0;0,0;18,5;1,85E1;-541,2;20,00;3,0;2,9;37,99;0,51;0,056;0,0;0,01;0,049
97;12.07.2023;20:05:25;00:01:36;250,0;17,2;19,2;17,4;19,1;20,0;0,0;16,9;1,69E1;-541,2;20,00;3,0;3,0;37,99;0,51;0,057;0,0;0,01;0,049
98;12.07.2023;20:05:26;00:01:37;250,0;17,2;19,2;17,4;19,2;20,0;0,0;15,8;1,58E1;-541,2;20,00;3,0;2,9;37,99;0,51;0,054;0,0;0,00;0,050
99;12.07.2023;20:05:27;00:01:38;250,0;17,2;19,2;17,4;19,2;20,0;0,0;14,9;1,49E1;-541,2;20,00;3,0;3,0;37,99;0,51;0,051;0,0;0,01;0,049
100;12.07.2023;20:05:28;00:01:39;250,0;17,2;19,2;17,4;19,2;20,0;0,0;13,8;1,38E1;-541,2;20,00;3,0;3,0;37,99;0,52;0,045;0,0;0,01;0,049
101;12.07.2023;20:05:29;00:01:40;250,0;17,2;19,2;17,4;19,2;20,0;0,0;13,1;1,31E1;-541,2;20,00;3,0;3,0;37,99;0,52;0,046;0,0;0,00;0,049
102;12.07.2023;20:05:30;00:01:41;250,0;17,2;19,2;17,4;19,2;20,0;0,0;12,6;1,26E1;-541,2;20,00;3,0;3,0;37,99;0,52;0,044;0,0;0,00;0,049
103;12.07.2023;20:05:31;00:01:42;250,0;17,2;19,2;17,4;19,2;20,0;0,0;11,7;1,17E1;-541,2;20,00;3,0;3,0;37,99;0,52;0,045;0,0;0,00;0,049
104;12.07.2023;20:05:32;00:01:43;250,0;17,2;19,2;17,4;19,2;20,0;0,0;10,8;1,08E1;-541,2;20,00;3,0;3,0;37,99;0,52;0,042;0,0;0,00;0,049
105;12.07.2023;20:05:33;00:01:44;250,0;17,2;19,2;17,4;19,2;20,0;0,0;10,3;1,03E1;-541,2;20,00;3,0;3,1;37,99;0,52;0,047;0,0;0,00;0,049
106;12.07.2023;20:05:34;00:01:45;250,0;17,2;19,2;17,4;19,2;20,0;0,0;9,4;9,37E0;-541,2;20,00;3,0;3,0;37,99;0,52;0,042;0,0;0,01;0,049
107;12.07.2023;20:05:35;00:01:46;250,0;17,2;19,2;17,4;19,2;20,0;0,0;8,5;8,48E0;-541,2;20,00;3,0;3,0;38,00;0,52;0,037;0,0;0,00;0,049
108;12.07.2023;20:05:36;00:01:47;250,0;17,2;19,2;17,4;19,2;20,0;0,0;7,9;7,89E0;-541,2;20,00;3,0;3,0;38,00;0,52;0,037;0,0;0,00;0,049
109;12.07.2023;20:05:37;00:01:48;250,0;17,3;19,2;17,5;19,2;20,0;0,0;7,1;7,13E0;-541,2;20,00;3,0;3,0;38,00;0,52;0,030;0,0;0,01;0,050
110;12.07.2023;20:05:38;00:01:49;250,0;17,3;19,2;17,5;19,2;20,0;0,0;6,9;6,91E0;-541,2;20,00;3,0;3,0;38,00;0,52;0,030;0,0;0,00;0,049
111;12.07.2023;20:05:39;00:01:50;250,0;17,2;19,1;17,4;19,2;20,0;0,0;6,2;6,16E0;-541,2;20,00;3,0;3,0;38,00;0,52;0,027;0,0;0,01;0,049
112;12.07.2023;20:05:40;00:01:51;250,0;17,2;19,1;17,4;19,2;20,0;0,0;5,8;5,84E0;-541,2;20,00;3,0;3,0;38,00;0,52;0,027;0,0;0,01;0,049
113;12.07.2023;20:05:41;00:01:52;250,0;17,2;19,1;17,4;19,2;20,0;0,0;5,5;5,53E0;-541,2;20,00;3,0;2,9;38,00;0,52;0,025;0,0;0,00;0,049
114;12.07.2023;20:05:42;00:01:53;250,0;17,2;19,1;17,4;19,2;20,0;0,0;5,0;4,99E0;-541,2;20,00;3,0;3,1;38,00;0,52;0,028;0,0;0,01;0,049
115;12.07.2023;20:05:43;00:01:54;250,0;17,2;19,1;17,4;19,2;20,0;0,0;4,5;4,55E0;-541,2;20,00;3,0;3,0;38,00;0,52;0,020;0,0;0,01;0,049
116;12.07.2023;20:05:44;00:01:55;250,0;17,2;19,1;17,4;19,2;20,0;0,0;4,4;4,36E0;-541,2;20,00;3,0;3,0;38,00;0,52;0,019;0,0;0,00;0,049
117;12.07.2023;20:05:45;00:01:56;250,0;17,2;19,1;17,4;19,2;20,0;0,0;4,1;4,06E0;-541,2;20,00;3,0;2,9;38,00;0,52;0,017;0,0;0,01;0,049
118;12.07.2023;20:05:46;00:01:57;250,0;17,2;19,1;17,5;19,2;20,0;0,0;3,8;3,82E0;-541,2;20,00;3,0;3,0;38,00;0,52;0,019;0,0;0,00;0,049
119;12.07.2023;20:05:47;00:01:58;250,0;17,2;19,1;17,5;19,2;20,0;0,0;3,6;3,60E0;-541,2;20,00;3,0;3,0;38,00;0,52;0,018;0,0;0,00;0,049
120;12.07.2023;20:05:48;00:01:59;250,0;17,2;19,1;17,5;19,2;20,0;0,0;3,3;3,32E0;-541,2;20,00;3,0;3,0;38,00;0,52;0,016;0,0;0,00;0,049
121;12.07.2023;20:05:49;00:02:00;250,0;17,2;19,1;17,5;19,2;20,0;0,0;3,0;3,04E0;-541,2;20,00;3,0;3,0;38,00;0,52;0,015;0,0;0,01;0,049
122;12.07.2023;20:05:50;00:02:01;250,0;17,2;19,1;17,5;19,2;20,0;0,0;3,0;2,98E0;-541,2;20,00;3,0;3,0;38,00;0,52;0,010;0,0;0,00;0,051
123;12.07.2023;20:05:51;00:02:02;250,0;17,2;19,2;17,5;19,2;20,0;0,0;2,7;2,73E0;-541,2;20,00;3,0;3,0;38,00;0,52;0,009;0,0;0,00;0,049
124;12.07.2023;20:05:52;00:02:03;250,0;17,2;19,2;17,5;19,2;20,0;0,0;2,6;2,65E0;-541,2;20,00;3,0;2,9;38,00;0,52;0,006;0,0;0,00;0,049
125;12.07.2023;20:05:53;00:02:04;250,0;17,2;19,2;17,5;19,2;20,0;0,0;2,5;2,51E0;-541,2;20,00;3,0;2,9;38,00;0,52;0,010;0,0;0,00;0,049
126;12.07.2023;20:05:54;00:02:05;250,0;17,2;19,2;17,5;19,2;20,0;0,0;2,4;2,38E0;-541,2;20,00;3,0;3,0;38,00;0,52;0,011;0,0;0,00;0,049
127;12.07.2023;20:05:55;00:02:06;250,0;17,2;19,2;17,5;19,2;20,0;0,0;2,3;2,33E0;-541,2;20,00;3,0;3,0;38,00;0,53;0,010;0,0;0,00;0,049
128;12.07.2023;20:05:56;00:02:07;250,0;17,3;19,2;17,5;19,2;20,0;0,0;2,1;2,13E0;-541,2;20,00;3,0;3,0;38,00;0,52;0,014;0,0;0,01;0,049
129;12.07.2023;20:05:57;00:02:08;250,0;17,3;19,2;17,5;19,2;20,0;0,0;2,0;2,02E0;-541,2;20,00;3,0;3,0;38,00;0,52;0,017;0,0;0,00;0,049
130;12.07.2023;20:05:58;00:02:09;250,0;17,3;19,2;17,5;19,2;20,0;0,0;2,0;1,95E0;-541,2;20,00;3,0;3,0;38,00;0,53;0,015;0,0;0,00;0,049
131;12.07.2023;20:05:59;00:02:10;250,0;17,2;19,1;17,4;19,1;20,0;0,0;1,8;1,82E0;-541,2;20,00;3,0;3,0;38,00;0,53;0,012;0,0;0,00;0,050
132;12.07.2023;20:06:00;00:02:11;250,0;17,2;19,1;17,4;19,1;20,0;0,0;1,8;1,76E0;-541,2;20,00;3,0;3,0;38,00;0,53;0,013;0,0;0,00;0,049
133;12.07.2023;20:06:01;00:02:12;250,0;17,2;19,1;17,4;19,1;20,0;0,0;1,7;1,67E0;-541,2;20,00;3,0;3,0;38,00;0,53;0,010;0,0;0,00;0,049
134;12.07.2023;20:06:02;00:02:13;250,0;17,2;19,1;17,5;19,1;20,0;0,0;1,6;1,61E0;-541,2;20,00;3,0;2,9;38,00;0,53;0,010;0,0;0,00;0,053
135;12.07.2023;20:06:03;00:02:14;250,0;17,2;19,1;17,5;19,1;20,0;0,0;1,6;1,56E0;-541,2;20,00;3,0;2,9;38,00;0,53;0,010;0,0;0,00;0,049
136;12.07.2023;20:06:04;00:02:15;250,0;17,2;19,1;17,5;19,1;20,0;0,0;1,5;1,52E0;-541,2;20,00;3,0;2,9;38,00;0,53;0,009;0,0;0,01;0,049
137;12.07.2023;20:06:05;00:02:16;250,0;17,2;19,1;17,5;19,1;20,0;0,0;1,4;1,43E0;-541,2;20,00;3,0;2,9;38,00;0,53;0,005;0,0;0,00;0,049
138;12.07.2023;20:06:06;00:02:17;250,0;17,2;19,1;17,5;19,2;20,0;0,0;1,4;1,40E0;-541,2;20,00;3,0;3,0;38,00;0,53;0,007;0,0;0,00;0,049
139;12.07.2023;20:06:07;00:02:18;250,0;17,2;19,1;17,5;19,2;20,0;0,0;1,3;1,34E0;-541,2;20,00;3,0;3,0;38,00;0,53;0,009;0,0;0,01;0,050
140;12.07.2023;20:06:08;00:02:19;250,0;17,2;19,1;17,5;19,2;20,0;0,0;1,3;1,30E0;-541,2;20,00;3,0;3,0;38,00;0,53;0,008;0,0;0,00;0,050
141;12.07.2023;20:06:09;00:02:20;250,0;17,2;19,1;17,5;19,2;20,0;0,0;1,2;1,25E0;-541,2;20,00;3,0;3,0;38,00;0,53;0,007;0,0;0,00;0,051
142;12.07.2023;20:06:10;00:02:21;250,0;17,2;19,1;17,5;19,2;20,0;0,0;1,2;1,19E0;-541,2;20,00;3,0;3,0;38,00;0,53;0,008;0,0;0,00;0,049
143;12.07.2023;20:06:11;00:02:22;250,0;17,2;19,1;17,5;19,2;20,0;0,0;1,2;1,16E0;-541,2;20,00;3,0;2,9;38,00;0,53;0,006;0,0;0,00;0,050
144;12.07.2023;20:06:12;00:02:23;250,0;17,2;19,1;17,5;19,2;20,0;0,0;1,1;1,15E0;-541,2;20,00;3,0;3,0;38,00;0,53;0,004;0,0;0,01;0,049
145;12.07.2023;20:06:13;00:02:24;250,0;17,2;19,1;17,5;19,2;20,0;0,0;1,1;1,09E0;-541,2;20,00;3,0;3,0;38,00;0,53;0,003;0,0;0,01;0,049
146;12.07.2023;20:06:14;00:02:25;250,0;17,2;19,1;17,5;19,2;20,0;0,0;1,0;1,04E0;-541,2;20,00;3,0;3,0;38,00;0,53;0,001;0,0;0,01;0,052
147;12.07.2023;20:06:15;00:02:26;250,0;17,2;19,1;17,5;19,2;20,0;0,0;1,0;9,96E-1;-541,2;20,00;3,0;3,0;38,00;0,53;0,004;0,0;0,00;0,050
148;12.07.2023;20:06:16;00:02:27;250,0;17,2;19,1;17,5;19,2;20,0;0,0;1,0;9,64E-1;-541,2;20,00;3,0;3,0;38,00;0,53;0,002;0,0;0,00;0,049
149;12.07.2023;20:06:17;00:02:28;250,0;17,2;19,1;17,6;19,2;20,0;0,0;0,9;9,47E-1;-541,2;20,00;3,0;3,0;38,00;0,53;0,002;0,0;0,00;0,049
150;12.07.2023;20:06:18;00:02:29;250,0;17,2;19,1;17,6;19,2;20,0;0,0;0,9;9,14E-1;-541,2;20,00;3,0;3,0;38,00;0,53;0,000;0,0;0,01;0,053
151;12.07.2023;20:06:19;00:02:30;250,0;17,2;19,0;17,5;19,2;20,0;0,0;0,9;8,84E-1;-541,2;20,00;3,0;2,9;38,00;0,53;-0,004;0,0;0,01;0,049
152;12.07.2023;20:06:20;00:02:31;250,0;17,2;19,0;17,5;19,2;20,0;0,0;0,9;8,65E-1;-541,2;20,00;3,0;3,0;38,00;0,53;-0,001;0,0;0,01;0,051
153;12.07.2023;20:06:21;00:02:32;250,0;17,2;19,0;17,5;19,2;20,0;0,0;0,8;8,34E-1;-541,2;20,00;3,0;3,0;38,00;0,53;0,001;0,0;0,01;0,051
154;12.07.2023;20:06:22;00:02:33;250,0;17,2;19,1;17,5;19,2;20,0;0,0;0,8;8,04E-1;-541,2;20,00;3,0;3,0;38,00;0,53;0,004;0,0;0,00;0,049
155;12.07.2023;20:06:23;00:02:34;250,0;17,2;19,1;17,5;19,2;20,0;0,0;0,8;7,88E-1;-541,2;20,00;3,0;3,0;38,00;0,53;0,005;0,0;0,01;0,054
156;12.07.2023;20:06:24;00:02:35;250,0;17,2;19,1;17,5;19,2;20,0;0,0;0,8;7,64E-1;-541,2;20,00;3,0;3,0;38,00;0,53;0,010;0,0;0,01;0,049
157;12.07.2023;20:06:25;00:02:36;250,0;17,2;19,1;17,5;19,2;20,0;0,0;0,7;7,40E-1;-541,2;20,00;3,0;3,0;38,00;0,53;0,010;0,0;0,01;0,052
158;12.07.2023;20:06:26;00:02:37;250,0;17,2;19,1;17,6;19,2;20,0;0,0;0,7;7,27E-1;-541,2;20,00;3,0;3,0;38,00;0,53;0,006;0,0;0,01;0,049
159;12.07.2023;20:06:27;00:02:38;250,0;17,2;19,1;17,6;19,2;20,0;0,0;0,7;7,06E-1;-541,2;20,00;3,0;3,0;38,00;0,53;0,003;0,0;0,01;0,049
160;12.07.2023;20:06:28;00:02:39;250,0;17,2;19,1;17,6;19,2;20,0;0,0;0,7;6,84E-1;-541,2;20,00;3,0;3,0;38,00;0,53;0,005;0,0;0,01;0,050
161;12.07.2023;20:06:29;00:02:40;250,0;17,2;19,1;17,6;19,2;20,0;0,0;0,7;6,73E-1;-541,2;20,00;3,0;3,0;38,00;0,53;0,005;0,0;0,00;0,053
162;12.07.2023;20:06:30;00:02:41;250,0;17,2;19,1;17,6;19,2;20,0;0,0;0,7;6,52E-1;-541,2;20,00;3,0;3,0;38,00;0,53;0,003;0,0;0,00;0,050
163;12.07.2023;20:06:31;00:02:42;250,0;17,2;19,1;17,6;19,2;20,0;0,0;0,6;6,42E-1;-541,2;20,00;3,0;3,0;38,00;0,53;0,003;0,0;0,00;0,049
164;12.07.2023;20:06:32;00:02:43;250,0;17,3;19,1;17,6;19,2;20,0;0,0;0,6;6,20E-1;-541,2;20,00;3,0;2,9;38,00;0,53;0,005;0,0;0,01;0,049
165;12.07.2023;20:06:33;00:02:44;250,0;17,3;19,1;17,6;19,2;20,0;0,0;0,6;6,01E-1;-541,2;20,00;3,0;3,0;38,00;0,53;0,005;0,0;0,00;0,049
166;12.07.2023;20:06:34;00:02:45;250,0;17,3;19,1;17,6;19,2;20,0;0,0;0,6;5,91E-1;-541,2;20,00;3,0;2,9;38,00;0,53;0,003;0,0;0,01;0,050
167;12.07.2023;20:06:35;00:02:46;250,0;17,3;19,1;17,6;19,2;20,0;0,0;0,6;5,73E-1;-541,2;20,00;3,0;3,0;38,00;0,53;0,006;0,0;0,01;0,049
168;12.07.2023;20:06:36;00:02:47;250,0;17,3;19,1;17,6;19,2;20,0;0,0;0,6;5,55E-1;-541,2;20,00;3,0;3,0;38,00;0,53;0,007;0,0;0,01;0,049
169;12.07.2023;20:06:37;00:02:48;250,0;17,3;19,1;17,6;19,3;20,0;0,0;0,5;5,46E-1;-541,2;20,00;3,0;3,0;38,00;0,53;0,009;0,0;0,01;0,050
170;12.07.2023;20:06:38;00:02:49;250,0;17,3;19,0;17,5;19,3;20,0;0,0;0,5;5,28E-1;-541,2;20,00;3,0;3,0;38,00;0,53;0,007;0,0;0,00;0,051
171;12.07.2023;20:06:39;00:02:50;250,0;17,2;19,0;17,5;19,1;20,0;0,0;0,5;5,16E-1;-541,2;20,00;3,0;3,0;38,00;0,53;0,009;0,0;0,00;0,049
172;12.07.2023;20:06:40;00:02:51;250,0;17,2;19,0;17,5;19,1;20,0;0,0;0,5;5,10E-1;-541,2;20,00;3,0;3,0;38,00;0,53;0,009;0,0;0,00;0,049
173;12.07.2023;20:06:41;00:02:52;250,0;17,2;19,0;17,5;19,2;20,0;0,0;0,5;4,97E-1;-541,2;20,00;3,0;3,0;38,00;0,53;0,007;0,0;0,01;0,049
174;12.07.2023;20:06:42;00:02:53;250,0;17,2;19,0;17,5;19,2;20,0;0,0;0,5;4,91E-1;-541,2;20,00;3,0;3,0;38,00;0,53;0,005;0,0;0,01;0,049
175;12.07.2023;20:06:43;00:02:54;250,0;17,2;19,0;17,5;19,2;20,0;0,0;0,5;4,80E-1;-541,2;20,00;3,0;3,0;38,00;0,53;0,002;0,0;0,00;0,049
176;12.07.2023;20:06:44;00:02:55;250,0;17,2;19,0;17,5;19,2;20,0;0,0;0,5;4,69E-1;-541,2;20,00;3,0;3,1;38,00;0,53;0,005;0,0;0,01;0,049
177;12.07.2023;20:06:45;00:02:56;250,0;17,2;19,0;17,5;19,2;20,0;0,0;0,5;4,63E-1;-541,2;20,00;3,0;3,1;38,00;0,53;0,005;0,0;0,01;0,051
178;12.07.2023;20:06:46;00:02:57;250,0;17,2;19,0;17,6;19,2;20,0;0,0;0,5;4,53E-1;-541,2;20,00;3,0;3,0;38,01;0,53;0,006;0,0;0,01;0,049
179;12.07.2023;20:06:47;00:02:58;250,0;17,2;19,0;17,6;19,2;20,0;0,0;0,4;4,42E-1;-541,2;20,00;3,0;3,0;38,00;0,53;0,004;0,0;0,01;0,049
180;12.07.2023;20:06:48;00:02:59;250,0;17,2;19,0;17,6;19,2;20,0;0,0;0,4;4,38E-1;-541,2;20,00;3,0;3,0;38,01;0,53;0,005;0,0;0,01;0,049
181;12.07.2023;20:06:49;00:03:00;250,0;17,2;19,0;17,6;19,2;20,0;0,0;0,4;4,34E-1;-541,2;20,00;3,0;3,0;38,00;0,53;0,008;0,0;0,00;0,051
182;12.07.2023;20:06:50;00:03:01;250,0;17,2;19,0;17,6;19,2;20,0;0,0;0,4;4,24E-1;-541,2;20,00;3,0;3,0;38,00;0,53;0,007;0,0;0,00;0,050
183;12.07.2023;20:06:51;00:03:02;250,0;17,2;19,0;17,6;19,2;20,0;0,0;0,4;4,19E-1;-541,2;20,00;3,0;3,0;38,00;0,53;0,006;0,0;0,00;0,050
184;12.07.2023;20:06:52;00:03:03;250,0;17,3;19,0;17,6;19,2;20,0;0,0;0,4;4,10E-1;-541,2;20,00;3,0;3,0;38,01;0,53;0,000;0,0;0,00;0,049
185;12.07.2023;20:06:53;00:03:04;250,0;17,3;19,0;17,6;19,2;20,0;0,0;0,4;4,02E-1;-541,2;20,00;3,0;3,0;38,00;0,53;0,000;0,0;0,00;0,053
186;12.07.2023;20:06:54;00:03:05;250,0;17,3;19,0;17,6;19,2;20,0;0,0;0,4;3,98E-1;-541,2;20,00;3,0;3,0;38,00;0,53;-0,001;0,0;0,00;0,049
187;12.07.2023;20:06:55;00:03:06;250,0;17,3;19,0;17,6;19,2;20,0;0,0;0,4;3,91E-1;-541,2;20,00;3,0;3,0;38,01;0,53;0,001;0,0;0,01;0,051
188;12.07.2023;20:06:56;00:03:07;250,0;17,3;19,0;17,6;19,2;20,0;0,0;0,4;3,83E-1;-541,2;20,00;3,0;3,0;38,01;0,53;0,002;0,0;0,01;0,049
189;12.07.2023;20:06:57;00:03:08;250,0;17,3;19,0;17,6;19,2;20,5;0,3;0,4;3,79E-1;-541,2;20,00;3,0;3,0;38,00;0,53;0,002;0,0;0,01;0,050
190;12.07.2023;20:06:58;00:03:09;250,0;17,3;19,0;17,6;19,2;21,6;0,4;0,4;3,72E-1;-541,2;20,00;3,0;3,0;38,00;0,53;0,000;0,0;0,00;0,049
191;12.07.2023;20:06:59;00:03:10;250,0;17,3;19,0;17,7;19,2;22,7;0,5;0,4;3,65E-1;-541,2;20,00;3,0;3,0;38,00;0,53;0,002;0,0;0,00;0,049
192;12.07.2023;20:07:00;00:03:11;250,0;17,3;19,0;17,7;19,2;23,2;0,5;0,4;3,61E-1;-541,2;20,00;3,0;3,0;38,01;0,53;0,005;0,0;0,01;0,049
193;12.07.2023;20:07:01;00:03:12;250,0;17,3;19,0;17,7;19,2;24,3;0,6;0,4;3,57E-1;-541,2;20,00;3,0;2,9;38,01;0,53;0,001;0,0;0,00;0,049
194;12.07.2023;20:07:02;00:03:13;250,0;17,3;19,0;17,7;19,2;24,9;0,7;0,4;3,54E-1;-541,2;20,00;3,0;3,0;38,01;0,53;0,005;0,0;0,01;0,051
195;12.07.2023;20:07:03;00:03:14;250,0;17,3;19,0;17,7;19,2;26,1;0,8;0,3;3,49E-1;-541,2;20,00;3,0;3,0;38,00;0,53;0,007;0,0;0,00;0,049
196;12.07.2023;20:07:04;00:03:15;250,0;17,3;19,0;17,7;19,2;27,2;0,9;0,3;3,44E-1;-541,2;20,00;3,0;2,9;38,01;0,53;-0,001;0,0;0,01;0,051
197;12.07.2023;20:07:05;00:03:16;250,0;17,3;19,0;17,7;19,2;27,7;0,9;0,3;3,41E-1;-541,2;20,00;3,0;3,1;38,01;0,53;0,004;0,0;0,00;0,051
198;12.07.2023;20:07:06;00:03:17;250,0;17,3;19,0;17,7;19,2;28,8;1,1;0,3;3,37E-1;-541,2;20,00;3,0;3,1;38,01;0,53;0,005;0,0;0,00;0,049
199;12.07.2023;20:07:07;00:03:18;250,0;17,3;19,0;17,7;19,2;29,9;1,2;0,3;3,32E-1;-541,2;20,00;3,0;3,0;38,00;0,53;0,004;0,0;0,00;0,051
200;12.07.2023;20:07:08;00:03:19;250,0;17,3;19,0;17,7;19,2;30,5;1,2;0,3;3,30E-1;-541,2;20,00;3,0;3,0;38,01;0,53;0,002;0,0;0,00;0,051
201;12.07.2023;20:07:09;00:03:20;250,0;17,3;19,0;17,7;19,2;31,6;1,3;0,3;3,26E-1;-541,2;20,00;3,0;3,0;38,01;0,53;-0,001;0,0;0,01;0,049
202;12.07.2023;20:07:10;00:03:21;250,0;17,3;19,0;17,7;19,2;32,7;1,4;0,3;3,22E-1;-541,2;20,00;3,0;3,0;38,01;0,53;-0,002;0,0;0,01;0,049
203;12.07.2023;20:07:11;00:03:22;250,0;17,3;19,0;17,7;19,2;33,3;1,5;0,3;3,20E-1;-541,2;20,00;3,0;2,9;38,01;0,53;0,000;0,0;0,01;0,049
204;12.07.2023;20:07:12;00:03:23;250,0;17,4;19,0;17,7;19,3;34,4;1,6;0,3;3,16E-1;-541,2;20,00;3,0;3,0;38,01;0,53;0,002;0,0;0,01;0,051
205;12.07.2023;20:07:13;00:03:24;250,0;17,4;19,0;17,7;19,3;35,5;1,7;0,3;3,13E-1;-541,2;20,00;3,0;3,1;38,01;0,53;0,006;0,0;0,00;0,049
206;12.07.2023;20:07:14;00:03:25;250,0;17,4;19,0;17,7;19,3;36,0;1,8;0,3;3,11E-1;-541,2;20,00;3,0;3,1;38,01;0,53;0,003;0,0;0,00;0,051
207;12.07.2023;20:07:15;00:03:26;250,0;17,4;19,0;17,7;19,3;37,1;1,9;0,3;3,07E-1;-541,2;20,00;3,0;3,0;38,01;0,53;-0,002;0,0;0,00;0,049
208;12.07.2023;20:07:16;00:03:27;250,0;17,4;19,0;17,7;19,3;37,8;2,0;0,3;3,05E-1;-541,2;20,00;3,0;3,0;38,01;0,53;-0,002;0,0;0,01;0,049
209;12.07.2023;20:07:17;00:03:28;250,0;17,4;19,0;17,7;19,3;38,9;2,1;0,3;3,02E-1;-541,2;20,00;3,0;3,0;38,01;0,53;-0,001;0,0;0,00;0,049
210;12.07.2023;20:07:18;00:03:29;250,0;17,4;19,0;17,7;19,3;40,0;2,2;0,3;2,99E-1;-541,2;20,00;3,0;3,0;38,01;0,53;0,002;0,0;0,01;0,051
211;12.07.2023;20:07:19;00:03:30;250,0;17,3;19,0;17,7;19,3;40,5;2,3;0,3;2,97E-1;-541,2;20,00;3,0;3,1;38,01;0,53;0,003;0,0;0,00;0,053
212;12.07.2023;20:07:20;00:03:31;250,0;17,3;19,0;17,7;19,2;41,6;2,4;0,3;2,94E-1;-541,2;20,00;3,0;3,0;38,01;0,53;0,003;0,0;0,00;0,050
213;12.07.2023;20:07:21;00:03:32;250,0;17,3;19,0;17,7;19,2;42,7;2,5;0,3;2,91E-1;-541,2;20,00;3,0;2,9;38,01;0,53;0,002;0,0;0,01;0,049
214;12.07.2023;20:07:22;00:03:33;250,0;17,3;19,0;17,7;19,2;43,4;2,6;0,3;2,90E-1;-541,2;20,00;3,0;3,0;38,01;0,53;0,001;0,0;0,01;0,051
215;12.07.2023;20:07:23;00:03:34;250,0;17,3;19,0;17,7;19,2;44,5;2,7;0,3;2,87E-1;-541,2;20,00;3,0;3,1;38,01;0,53;0,006;0,0;0,00;0,049
216;12.07.2023;20:07:24;00:03:35;250,0;17,3;19,0;17,7;19,2;45,6;2,8;0,3;2,84E-1;-541,2;20,00;3,0;3,0;38,01;0,53;0,004;0,0;0,00;0,049
217;12.07.2023;20:07:25;00:03:36;250,0;17,3;19,0;17,7;19,2;46,1;2,9;0,3;2,83E-1;-541,2;20,00;3,0;3,0;38,01;0,53;0,002;0,0;0,00;0,049
218;12.07.2023;20:07:26;00:03:37;250,0;17,3;19,0;17,7;19,2;47,2;3,0;0,3;2,80E-1;-541,2;20,00;3,0;3,0;38,01;0,53;-0,002;0,0;0,01;0,052
219;12.07.2023;20:07:27;00:03:38;250,0;17,3;19,0;17,7;19,2;48,3;3,1;0,3;2,78E-1;-541,2;20,00;3,0;3,0;38,01;0,53;-0,003;0,0;0,00;0,050
220;12.07.2023;20:07:28;00:03:39;250,0;17,4;19,0;17,7;19,2;49,0;3,2;0,3;2,76E-1;-541,2;20,00;3,0;3,0;38,01;0,53;-0,001;0,0;0,01;0,049
221;12.07.2023;20:07:29;00:03:40;250,0;17,4;19,0;17,7;19,2;50,1;3,3;0,3;2,74E-1;-541,2;20,00;3,0;2,9;38,01;0,53;-0,003;0,0;0,01;0,049
222;12.07.2023;20:07:30;00:03:41;250,0;17,4;19,0;17,7;19,2;50,6;3,4;0,3;2,72E-1;-541,2;20,00;3,0;3,0;38,01;0,53;-0,001;0,0;0,01;0,049
223;12.07.2023;20:07:31;00:03:42;250,0;17,4;19,0;17,7;19,2;51,7;3,5;0,3;2,70E-1;-541,2;20,00;3,0;3,0;38,01;0,53;0,002;0,0;0,00;0,050
224;12.07.2023;20:07:32;00:03:43;250,0;17,4;19,0;17,7;19,2;52,8;3,6;0,3;2,68E-1;-541,2;20,00;3,0;3,0;38,01;0,53;0,003;0,0;0,00;0,050
225;12.07.2023;20:07:33;00:03:44;250,0;17,4;19,0;17,7;19,2;53,4;3,7;0,3;2,67E-1;-541,2;20,00;3,0;3,0;38,01;0,53;0,002;0,0;0,00;0,049
226;12.07.2023;20:07:34;00:03:45;250,0;17,4;19,0;17,7;19,3;54,6;3,8;0,3;2,64E-1;-541,2;20,00;3,0;3,0;38,01;0,53;0,002;0,0;0,01;0,052
227;12.07.2023;20:07:35;00:03:46;250,0;17,4;19,0;17,7;19,3;55,7;4,0;0,3;2,62E-1;-541,2;20,00;3,0;2,9;38,01;0,53;0,002;0,0;0,01;0,052
228;12.07.2023;20:07:36;00:03:47;250,0;17,4;19,0;17,8;19,3;56,2;4,0;0,3;2,61E-1;-541,2;20,00;3,0;3,0;38,01;0,53;0,006;0,0;0,01;0,049
229;12.07.2023;20:07:37;00:03:48;250,0;17,4;19,0;17,8;19,3;57,3;4,2;0,3;2,59E-1;-541,2;20,00;3,0;3,1;38,01;0,53;0,007;0,0;0,00;0,049
230;12.07.2023;20:07:38;00:03:49;250,0;17,4;19,0;17,8;19,3;58,4;4,3;0,3;2,57E-1;-541,2;20,00;3,0;3,0;38,01;0,53;0,002;0,0;0,01;0,049
231;12.07.2023;20:07:39;00:03:50;250,0;17,3;19,0;17,7;19,3;59,0;4,4;0,3;2,56E-1;-541,2;20,00;3,0;3,0;38,01;0,53;0,003;0,0;0,00;0,049
232;12.07.2023;20:07:40;00:03:51;250,0;17,3;18,9;17,7;19,2;60,2;4,5;0,3;2,54E-1;-541,2;20,00;3,0;3,0;38,01;0,53;0,005;0,0;0,01;0,049
233;12.07.2023;20:07:41;00:03:52;250,0;17,3;18,9;17,7;19,2;61,3;4,7;0,3;2,52E-1;-541,2;20,00;3,0;3,0;38,01;0,53;0,002;0,0;0,00;0,049
234;12.07.2023;20:07:42;00:03:53;250,0;17,3;18,9;17,7;19,2;61,8;4,7;0,3;2,51E-1;-541,2;20,00;3,0;3,0;38,01;0,53;0,004;0,0;0,01;0,049
235;12.07.2023;20:07:43;00:03:54;250,0;17,3;18,9;17,7;19,2;62,9;4,9;0,2;2,50E-1;-541,2;20,00;3,0;3,0;38,01;0,53;0,001;0,0;0,00;0,049
236;12.07.2023;20:07:44;00:03:55;250,0;17,3;18,9;17,7;19,2;63,5;4,9;0,2;2,49E-1;-541,2;20,00;3,0;3,0;38,01;0,53;0,003;0,0;0,00;0,049
237;12.07.2023;20:07:45;00:03:56;250,0;17,3;18,9;17,7;19,2;64,6;5,1;0,2;2,47E-1;-541,2;20,00;3,0;3,1;38,01;0,53;0,002;0,0;0,01;0,051
238;12.07.2023;20:07:46;00:03:57;250,0;17,4;18,9;17,7;19,2;65,7;5,2;0,2;2,45E-1;-541,2;20,00;3,0;3,0;38,01;0,53;0,003;0,0;0,00;0,049
239;12.07.2023;20:07:47;00:03:58;250,0;17,4;18,9;17,7;19,2;66,3;5,3;0,2;2,45E-1;-541,2;20,00;3,0;3,0;38,01;0,53;0,003;0,0;0,01;0,049
240;12.07.2023;20:07:48;00:03:59;250,0;17,4;18,9;17,8;19,2;67,4;5,4;0,2;2,43E-1;-541,2;20,00;3,0;3,0;38,01;0,53;0,004;0,0;0,00;0,049
241;12.07.2023;20:07:49;00:04:00;250,0;17,4;18,9;17,8;19,2;68,5;5,6;0,2;2,42E-1;-541,2;20,00;3,0;3,0;38,01;0,53;0,002;0,0;0,00;0,049
242;12.07.2023;20:07:50;00:04:01;250,0;17,4;18,9;17,8;19,2;69,0;5,6;0,2;2,41E-1;-541,2;20,00;3,0;3,0;38,01;0,53;0,001;0,0;0,01;0,051
243;12.07.2023;20:07:51;00:04:02;250,0;17,4;18,9;17,8;19,2;70,1;5,8;0,2;2,40E-1;-541,2;20,00;3,0;3,1;38,01;0,53;0,002;0,0;0,00;0,049
244;12.07.2023;20:07:52;00:04:03;250,0;17,4;19,0;17,8;19,2;71,3;5,9;0,2;2,38E-1;-541,2;20,00;3,0;3,0;38,01;0,53;0,003;0,0;0,00;0,049
245;12.07.2023;20:07:53;00:04:04;250,0;17,4;19,0;17,8;19,2;71,9;6,0;0,2;2,38E-1;-541,2;20,00;3,0;3,0;38,01;0,53;0,005;0,0;0,00;0,050
246;12.07.2023;20:07:54;00:04:05;250,0;17,4;19,0;17,8;19,2;73,0;6,2;0,2;2,36E-1;-541,2;20,00;3,0;3,1;38,01;0,53;0,002;0,0;0,01;0,049
247;12.07.2023;20:07:55;00:04:06;250,0;17,4;19,0;17,8;19,2;73,5;6,2;0,2;2,36E-1;-541,2;20,00;3,0;3,0;38,01;0,53;-0,001;0,0;0,00;0,049
248;12.07.2023;20:07:56;00:04:07;250,0;17,4;19,0;17,8;19,3;74,6;6,4;0,2;2,35E-1;-541,2;20,00;3,0;3,0;38,01;0,53;0,001;0,0;0,00;0,049
249;12.07.2023;20:07:57;00:04:08;250,0;17,4;19,0;17,8;19,3;76,0;6,6;0,2;2,33E-1;-541,2;20,00;3,0;3,0;38,01;0,53;0,002;0,0;0,00;0,050
250;12.07.2023;20:07:58;00:04:09;250,0;17,4;19,0;17,8;19,3;76,8;6,6;0,2;2,33E-1;-541,2;20,00;3,0;3,0;38,01;0,53;-0,002;0,0;0,00;0,051
251;12.07.2023;20:07:59;00:04:10;250,0;17,3;18,9;17,7;19,2;78,4;6,9;0,2;2,31E-1;-541,2;20,00;3,0;2,9;38,01;0,53;-0,004;0,0;0,00;0,054
252;12.07.2023;20:08:00;00:04:11;250,0;17,3;18,9;17,7;19,2;79,9;7,0;0,2;2,30E-1;-541,2;20,00;3,0;3,0;38,01;0,53;0,001;0,0;0,00;0,050
253;12.07.2023;20:08:01;00:04:12;250,0;17,3;18,9;17,7;19,2;80,6;7,1;0,2;2,30E-1;-541,2;20,00;3,0;3,0;38,01;0,53;0,002;0,0;0,01;0,049
254;12.07.2023;20:08:02;00:04:13;250,0;17,3;18,9;17,7;19,2;82,1;7,3;0,2;2,29E-1;-541,2;20,00;3,0;3,1;38,01;0,53;0,003;0,0;0,01;0,051
255;12.07.2023;20:08:03;00:04:14;250,0;17,3;18,9;17,7;19,2;83,6;7,5;0,2;2,28E-1;-541,2;20,00;3,0;3,0;38,01;0,53;0,000;0,0;0,01;0,051
256;12.07.2023;20:08:04;00:04:15;250,0;17,3;18,9;17,7;19,2;84,4;7,6;0,2;2,28E-1;-541,2;20,00;3,0;3,0;38,01;0,53;0,001;0,0;0,01;0,051
257;12.07.2023;20:08:05;00:04:16;250,0;17,3;18,9;17,8;19,2;86,0;7,8;0,2;2,26E-1;-541,2;20,00;3,0;3,1;38,01;0,53;0,003;0,0;0,01;0,049
258;12.07.2023;20:08:06;00:04:17;250,0;17,3;18,9;17,8;19,2;87,5;8,0;0,2;2,25E-1;-541,2;20,00;3,0;3,1;38,01;0,53;0,002;0,0;0,00;0,049
259;12.07.2023;20:08:07;00:04:18;250,0;17,3;18,9;17,8;19,2;88,3;8,1;0,2;2,25E-1;-541,2;20,00;3,0;3,1;38,01;0,53;0,001;0,0;0,00;0,052
260;12.07.2023;20:08:08;00:04:19;250,0;17,4;18,9;17,8;19,2;89,8;8,3;0,2;2,24E-1;-541,2;20,00;3,0;3,0;38,01;0,53;-0,004;0,0;0,01;0,049
261;12.07.2023;20:08:09;00:04:20;250,0;17,4;18,9;17,8;19,2;90,5;8,4;0,2;2,23E-1;-541,2;20,00;3,0;3,0;38,01;0,53;0,001;0,0;0,01;0,049
262;12.07.2023;20:08:10;00:04:21;250,0;17,4;18,9;17,8;19,2;92,0;8,6;0,2;2,22E-1;-541,2;20,00;3,0;3,1;38,01;0,53;0,000;0,0;0,00;0,049
263;12.07.2023;20:08:11;00:04:22;250,0;17,4;18,9;17,8;19,2;93,6;8,8;0,2;2,21E-1;-541,2;20,00;3,0;3,1;38,01;0,53;0,004;0,0;0,00;0,050
264;12.07.2023;20:08:12;00:04:23;250,0;17,4;18,9;17,8;19,2;94,4;8,9;0,2;2,21E-1;-541,2;20,00;3,0;3,0;38,01;0,53;0,003;0,0;0,00;0,051
265;12.07.2023;20:08:13;00:04:24;250,0;17,4;18,9;17,8;19,2;95,9;9,1;0,2;2,20E-1;-541,2;20,00;3,0;2,9;38,01;0,53;-0,002;0,0;0,01;0,049
266;12.07.2023;20:08:14;00:04:25;250,0;17,4;18,9;17,8;19,2;97,4;9,3;0,2;2,19E-1;-541,2;20,00;3,0;2,9;38,01;0,53;-0,002;0,0;0,00;0,053
267;12.07.2023;20:08:15;00:04:26;250,0;17,4;18,9;17,8;19,2;98,1;9,4;0,2;2,18E-1;-541,2;20,00;3,0;3,0;38,01;0,53;-0,001;0,0;0,01;0,051
268;12.07.2023;20:08:16;00:04:27;250,0;17,4;18,9;17,8;19,2;99,6;9,6;0,2;2,17E-1;-541,2;20,00;3,0;2,9;38,01;0,53;-0,001;0,0;0,01;0,050
269;12.07.2023;20:08:17;00:04:28;250,1;17,4;18,9;17,8;19,2;101,3;9,9;0,2;2,16E-1;-541,2;20,00;3,0;3,0;38,01;0,53;0,005;0,8;3,71;0,221
270;12.07.2023;20:08:18;00:04:29;250,0;17,4;18,9;17,8;19,2;102,0;10,0;0,2;2,16E-1;-541,2;20,00;3,0;2,9;38,01;0,53;0,014;0,8;3,73;0,228
271;12.07.2023;20:08:19;00:04:30;250,0;17,4;18,9;17,7;19,2;103,5;10,2;0,2;2,15E-1;-541,2;20,00;3,0;3,0;38,01;0,53;0,027;0,9;3,74;0,230
272;12.07.2023;20:08:20;00:04:31;250,1;17,4;18,9;17,7;19,2;105,0;10,4;0,2;2,14E-1;-541,2;20,00;3,0;2,9;38,01;0,53;0,025;0,9;3,72;0,234
273;12.07.2023;20:08:21;00:04:32;250,0;17,7;18,9;17,7;19,4;105,8;10,5;0,2;2,14E-1;-541,2;20,00;3,0;2,9;38,01;0,53;0,019;0,9;3,76;0,235
274;12.07.2023;20:08:22;00:04:33;250,0;18,6;18,9;17,8;19,6;107,3;10,6;0,2;2,13E-1;-541,2;20,00;3,0;2,9;38,01;0,53;0,016;0,9;3,79;0,239
275;12.07.2023;20:08:23;00:04:34;250,0;18,6;18,9;17,8;19,6;108,1;10,7;0,2;2,13E-1;-541,2;20,00;3,0;3,0;38,01;0,53;0,017;0,9;3,78;0,239
276;12.07.2023;20:08:24;00:04:35;250,0;18,6;18,9;17,8;19,6;109,6;10,9;0,2;2,12E-1;-541,2;20,00;3,0;3,0;38,01;0,54;0,012;0,9;3,82;0,244
277;12.07.2023;20:08:25;00:04:36;250,1;20,5;18,9;17,8;19,8;111,1;11,0;0,2;2,11E-1;-541,2;20,00;3,0;3,0;38,01;0,53;0,009;0,9;3,80;0,244
278;12.07.2023;20:08:26;00:04:37;250,0;20,5;19,0;17,8;19,8;111,9;11,1;0,2;2,11E-1;-541,2;20,00;3,0;3,0;38,01;0,54;0,013;0,9;3,84;0,244
279;12.07.2023;20:08:27;00:04:38;250,0;23,5;19,0;17,8;20,0;113,4;11,0;0,2;2,10E-1;-541,2;20,00;3,0;3,0;38,01;0,53;0,007;0,9;3,84;0,244
280;12.07.2023;20:08:28;00:04:39;250,0;27,5;19,1;17,8;20,0;114,9;10,9;0,2;2,10E-1;-541,2;20,00;3,0;3,0;38,01;0,53;0,004;0,9;3,81;0,244
281;12.07.2023;20:08:29;00:04:40;250,1;27,5;19,1;17,8;20,1;115,8;11,0;0,2;2,10E-1;-541,2;20,00;3,0;3,0;38,01;0,53;0,000;0,9;3,82;0,245
282;12.07.2023;20:08:30;00:04:41;250,1;32,2;19,2;17,8;20,2;117,3;11,0;0,2;2,09E-1;-541,2;20,00;3,0;3,0;38,01;0,53;-0,001;0,9;3,84;0,249
283;12.07.2023;20:08:31;00:04:42;250,1;32,2;19,2;17,8;20,2;118,8;11,0;0,2;2,08E-1;-541,2;20,00;3,0;3,0;38,01;0,53;0,005;0,9;3,80;0,247
284;12.07.2023;20:08:32;00:04:43;250,0;37,4;19,3;17,9;20,2;119,5;10,7;0,2;2,08E-1;-541,2;20,00;3,0;3,0;38,01;0,54;0,004;0,9;3,81;0,249
285;12.07.2023;20:08:33;00:04:44;250,1;37,4;19,4;17,9;20,2;121,0;10,9;0,2;2,07E-1;-541,2;20,00;3,0;3,0;38,01;0,53;0,007;0,9;3,78;0,248
286;12.07.2023;20:08:34;00:04:45;250,1;37,4;19,4;17,9;20,2;121,8;11,0;0,2;2,07E-1;-541,2;20,00;3,0;3,0;38,01;0,53;0,007;0,9;3,82;0,248
287;12.07.2023;20:08:35;00:04:46;250,1;43,0;19,4;17,9;20,3;123,4;10,7;0,2;2,06E-1;-541,2;20,00;3,0;3,0;38,01;0,53;0,005;0,9;3,78;0,247
288;12.07.2023;20:08:36;00:04:47;250,0;48,8;19,6;18,0;20,3;124,9;10,4;0,2;2,05E-1;-541,2;20,00;3,0;3,1;38,01;0,54;0,009;0,9;3,76;0,245
289;12.07.2023;20:08:37;00:04:48;250,2;48,8;19,6;18,0;20,3;125,6;10,5;0,2;2,05E-1;-541,2;20,00;3,0;3,0;38,01;0,53;0,006;0,9;3,75;0,245
290;12.07.2023;20:08:38;00:04:49;250,1;54,6;19,7;18,1;20,3;127,1;10,2;0,2;2,04E-1;-541,2;20,00;3,0;3,0;38,01;0,54;0,006;0,9;3,77;0,244
291;12.07.2023;20:08:39;00:04:50;250,1;54,6;19,7;18,1;20,3;128,6;10,4;0,2;2,04E-1;-541,2;20,00;3,0;3,0;38,01;0,54;0,007;0,9;3,74;0,246
292;12.07.2023;20:08:40;00:04:51;250,2;54,6;19,8;18,2;20,3;129,4;10,5;0,2;2,03E-1;-541,2;20,00;3,0;3,0;38,01;0,54;0,005;0,9;3,75;0,247
293;12.07.2023;20:08:41;00:04:52;250,1;60,8;19,8;18,2;20,4;131,0;10,1;0,2;2,03E-1;-541,2;20,00;3,0;3,0;38,01;0,54;0,009;0,9;3,74;0,247
294;12.07.2023;20:08:42;00:04:53;250,1;66,9;20,0;18,3;20,4;132,5;9,9;0,2;2,02E-1;-541,2;20,00;3,0;3,0;38,01;0,54;0,006;0,9;3,75;0,248
295;12.07.2023;20:08:43;00:04:54;250,2;66,9;20,0;18,3;20,4;133,3;9,9;0,2;2,02E-1;-541,2;20,00;3,0;3,1;38,01;0,54;0,010;0,9;3,71;0,244
296;12.07.2023;20:08:44;00:04:55;250,0;72,8;20,1;18,4;20,4;134,8;9,6;0,2;2,01E-1;-541,2;20,00;3,0;3,0;38,01;0,54;0,006;0,9;3,71;0,244
297;12.07.2023;20:08:45;00:04:56;250,1;72,8;20,3;18,4;20,4;136,3;9,7;0,2;2,01E-1;-541,2;20,00;3,0;3,0;38,01;0,54;0,011;0,9;3,67;0,244
298;12.07.2023;20:08:46;00:04:57;250,1;72,8;20,3;18,4;20,4;137,0;9,8;0,2;2,00E-1;-541,2;20,00;3,0;3,0;38,01;0,54;0,012;0,9;3,69;0,244
299;12.07.2023;20:08:47;00:04:58;250,1;78,7;20,3;18,6;20,4;138,6;9,5;0,2;1,99E-1;-541,2;20,00;3,0;3,0;38,01;0,54;0,009;0,9;3,64;0,242
300;12.07.2023;20:08:48;00:04:59;250,0;83,9;20,4;18,7;20,5;139,4;9,4;0,2;1,99E-1;-541,2;20,00;3,0;3,0;38,01;0,54;0,009;0,9;3,67;0,239
301;12.07.2023;20:08:49;00:05:00;250,2;83,9;20,4;18,7;20,5;140,9;9,3;0,2;1,98E-1;-541,2;20,00;3,0;3,1;38,01;0,54;0,011;0,9;3,66;0,239
302;12.07.2023;20:08:50;00:05:01;250,0;89,0;20,5;18,8;20,5;142,4;9,3;0,2;1,97E-1;-541,2;20,00;3,0;3,1;38,01;0,54;0,015;0,9;3,64;0,241
303;12.07.2023;20:08:51;00:05:02;250,1;89,0;20,5;18,8;20,5;143,1;9,1;0,2;1,97E-1;-541,2;20,00;3,0;3,0;38,01;0,54;0,012;0,9;3,63;0,239
304;12.07.2023;20:08:52;00:05:03;250,0;93,8;20,6;19,0;20,5;144,6;8,9;0,2;1,96E-1;-541,2;20,00;3,0;3,0;38,01;0,54;0,013;0,9;3,64;0,239
305;12.07.2023;20:08:53;00:05:04;250,0;93,8;20,8;19,1;20,5;146,3;9,1;0,2;1,95E-1;-541,2;20,00;3,0;3,0;38,01;0,54;0,008;0,9;3,60;0,239
306;12.07.2023;20:08:54;00:05:05;250,0;93,8;20,8;19,1;20,5;147,0;9,2;0,2;1,95E-1;-541,2;20,00;3,0;3,0;38,02;0,54;0,008;0,9;3,59;0,239
307;12.07.2023;20:08:55;00:05:06;250,0;98,5;20,8;19,1;20,5;148,5;8,9;0,2;1,94E-1;-541,2;20,00;3,0;3,0;38,01;0,54;0,007;0,9;3,64;0,239
308;12.07.2023;20:08:56;00:05:07;250,1;103,0;20,9;19,3;20,5;150,0;8,7;0,2;1,93E-1;-541,2;20,00;3,0;3,0;38,02;0,54;0,011;0,9;3,63;0,235
309;12.07.2023;20:08:57;00:05:08;250,0;107,3;21,0;19,4;20,5;151,5;8,6;0,2;1,93E-1;-541,2;20,00;3,0;3,0;38,01;0,54;0,010;0,9;3,57;0,237
310;12.07.2023;20:08:58;00:05:09;250,0;107,3;21,0;19,4;20,5;152,3;8,6;0,2;1,92E-1;-541,2;20,00;3,0;2,9;38,02;0,54;0,006;0,8;3,57;0,234
311;12.07.2023;20:08:59;00:05:10;250,0;107,3;21,0;19,4;20,5;153,9;8,8;0,2;1,92E-1;-541,2;20,00;3,0;3,0;38,02;0,54;0,008;0,8;3,61;0,236
312;12.07.2023;20:09:00;00:05:11;250,0;111,7;21,0;19,4;20,5;155,4;8,8;0,2;1,91E-1;-541,2;20,00;3,0;3,1;38,01;0,54;0,015;0,9;3,61;0,239
313;12.07.2023;20:09:01;00:05:12;250,0;111,7;21,0;19,4;20,5;156,1;8,7;0,2;1,90E-1;-541,2;20,00;3,0;3,0;38,02;0,54;0,012;0,9;3,59;0,237
314;12.07.2023;20:09:02;00:05:13;250,0;116,1;21,1;19,6;20,5;157,6;8,5;0,2;1,90E-1;-541,2;20,00;3,0;3,0;38,02;0,54;0,013;0,9;3,61;0,239
315;12.07.2023;20:09:03;00:05:14;250,1;116,1;21,1;19,6;20,5;158,4;8,5;0,2;1,89E-1;-541,2;20,00;3,0;3,0;38,02;0,54;0,007;0,9;3,60;0,234
316;12.07.2023;20:09:04;00:05:15;250,0;116,1;21,2;19,7;20,5;159,9;8,7;0,2;1,89E-1;-541,2;20,00;3,0;3,0;38,02;0,54;0,009;0,8;3,58;0,236
317;12.07.2023;20:09:05;00:05:16;250,1;120,3;21,2;19,7;20,5;161,5;8,5;0,2;1,88E-1;-541,2;20,00;3,0;3,0;38,02;0,54;0,006;0,8;3,57;0,235
318;12.07.2023;20:09:06;00:05:17;250,2;124,3;21,3;19,9;20,5;162,3;8,6;0,2;1,87E-1;-541,2;20,00;3,0;3,0;38,02;0,54;0,008;0,8;3,56;0,237
319;12.07.2023;20:09:07;00:05:18;250,0;124,3;21,3;19,9;20,5;163,8;8,4;0,2;1,87E-1;-541,2;20,00;3,0;3,0;38,02;0,54;0,006;0,8;3,52;0,234
320;12.07.2023;20:09:08;00:05:19;250,0;127,7;21,4;20,0;20,5;165,3;8,6;0,2;1,86E-1;-541,2;20,00;3,0;3,0;38,01;0,54;0,007;0,8;3,58;0,236
321;12.07.2023;20:09:09;00:05:20;250,0;127,7;21,4;20,0;20,5;166,0;8,4;0,2;1,86E-1;-541,2;20,00;3,0;3,0;38,02;0,54;0,008;0,8;3,56;0,236
322;12.07.2023;20:09:10;00:05:21;250,0;131,1;21,4;20,1;20,6;167,5;8,3;0,2;1,85E-1;-541,2;20,00;3,0;3,0;38,02;0,54;0,010;0,8;3,61;0,238
323;12.07.2023;20:09:11;00:05:22;250,0;131,1;21,5;20,3;20,6;169,1;8,4;0,2;1,84E-1;-541,2;20,00;3,0;3,0;38,02;0,54;0,011;0,8;3,57;0,234
324;12.07.2023;20:09:12;00:05:23;250,0;134,3;21,5;20,3;20,6;169,9;8,2;0,2;1,84E-1;-541,2;20,00;3,0;3,0;38,02;0,54;0,013;0,8;3,55;0,234
325;12.07.2023;20:09:13;00:05:24;250,1;134,3;21,6;20,3;20,6;171,4;8,4;0,2;1,83E-1;-541,2;20,00;3,0;3,0;38,02;0,54;0,016;0,8;3,56;0,235
326;12.07.2023;20:09:14;00:05:25;250,1;137,5;21,6;20,4;20,6;172,9;8,3;0,2;1,82E-1;-541,2;20,00;3,0;3,0;38,02;0,54;0,016;0,9;3,56;0,234
327;12.07.2023;20:09:15;00:05:26;250,0;137,5;21,6;20,4;20,6;173,6;8,3;0,2;1,82E-1;-541,2;20,00;3,0;3,0;38,02;0,54;0,012;0,8;3,55;0,235
328;12.07.2023;20:09:16;00:05:27;250,0;140,5;21,6;20,5;20,6;175,1;8,2;0,2;1,81E-1;-541,2;20,00;3,0;3,0;38,02;0,54;0,014;0,8;3,54;0,234
329;12.07.2023;20:09:17;00:05:28;250,1;140,5;21,6;20,5;20,6;175,9;8,3;0,2;1,81E-1;-541,2;20,00;3,0;3,0;38,02;0,54;0,011;0,8;3,55;0,234
330;12.07.2023;20:09:18;00:05:29;250,2;143,3;21,7;20,6;20,6;177,5;8,3;0,2;1,80E-1;-541,2;20,00;3,0;3,0;38,02;0,54;0,012;0,8;3,54;0,237
331;12.07.2023;20:09:19;00:05:30;250,2;143,4;21,8;20,6;20,6;179,0;8,4;0,2;1,79E-1;-541,2;20,00;3,0;3,1;38,02;0,54;0,005;0,8;3,51;0,237
332;12.07.2023;20:09:20;00:05:31;250,1;143,4;21,8;20,6;20,6;179,8;8,5;0,2;1,79E-1;-541,2;20,00;3,0;3,0;38,02;0,54;0,009;0,8;3,56;0,239
333;12.07.2023;20:09:21;00:05:32;250,1;146,4;21,8;20,7;20,6;181,3;8,4;0,2;1,79E-1;-541,2;20,00;3,0;2,9;38,02;0,54;0,007;0,8;3,55;0,236
334;12.07.2023;20:09:22;00:05:33;250,0;149,3;21,8;20,8;20,7;182,8;8,3;0,2;1,78E-1;-541,2;20,00;3,0;3,0;38,02;0,54;0,008;0,9;3,55;0,239
335;12.07.2023;20:09:23;00:05:34;250,0;149,3;21,8;20,8;20,7;183,5;8,4;0,2;1,78E-1;-541,2;20,00;3,0;3,0;38,02;0,55;0,007;0,8;3,57;0,236
336;12.07.2023;20:09:24;00:05:35;250,1;149,3;21,9;20,9;20,7;185,1;8,5;0,2;1,77E-1;-541,2;20,00;3,0;3,0;38,02;0,54;0,011;0,8;3,54;0,239
337;12.07.2023;20:09:25;00:05:36;250,1;152,1;21,9;20,9;20,7;186,6;8,5;0,2;1,76E-1;-541,2;20,00;3,0;3,0;38,02;0,54;0,014;0,9;3,58;0,239
338;12.07.2023;20:09:26;00:05:37;250,2;154,8;22,0;21,0;20,7;187,4;8,4;0,2;1,76E-1;-541,2;20,00;3,0;3,0;38,02;0,55;0,016;0,8;3,55;0,239
339;12.07.2023;20:09:27;00:05:38;250,1;154,8;22,0;21,0;20,7;188,9;8,5;0,2;1,76E-1;-541,2;20,00;3,0;3,0;38,02;0,55;0,010;0,8;3,54;0,237
340;12.07.2023;20:09:28;00:05:39;250,2;157,3;22,0;21,1;20,7;190,4;8,4;0,2;1,75E-1;-541,2;20,00;3,0;2,9;38,02;0,55;0,011;0,9;3,61;0,239
341;12.07.2023;20:09:29;00:05:40;250,0;157,3;22,1;21,1;20,7;191,1;8,5;0,2;1,75E-1;-541,2;20,00;3,0;3,0;38,02;0,55;0,015;0,8;3,57;0,239
342;12.07.2023;20:09:30;00:05:41;250,0;159,8;22,1;21,2;20,7;192,8;8,5;0,2;1,74E-1;-541,2;20,00;3,0;3,0;38,02;0,54;0,015;0,8;3,58;0,239
343;12.07.2023;20:09:31;00:05:42;250,1;159,8;22,1;21,2;20,7;193,5;8,5;0,2;1,74E-1;-541,2;20,00;3,0;3,0;38,02;0,55;0,010;0,9;3,55;0,239
344;12.07.2023;20:09:32;00:05:43;250,1;162,1;22,1;21,2;20,8;195,0;8,5;0,2;1,73E-1;-541,2;20,00;3,0;3,0;38,02;0,54;0,010;0,9;3,57;0,239
345;12.07.2023;20:09:33;00:05:44;250,0;162,1;22,1;21,3;20,8;196,5;8,6;0,2;1,73E-1;-541,2;20,00;3,0;3,1;38,02;0,55;0,007;0,9;3,54;0,239
346;12.07.2023;20:09:34;00:05:45;250,0;164,4;22,1;21,3;20,8;197,3;8,7;0,2;1,72E-1;-541,2;20,00;3,0;3,0;38,02;0,54;0,009;0,9;3,58;0,239
347;12.07.2023;20:09:35;00:05:46;250,2;164,4;22,1;21,3;20,8;198,8;8,7;0,2;1,72E-1;-541,2;20,00;3,0;3,1;38,02;0,55;0,012;0,9;3,54;0,240
348;12.07.2023;20:09:36;00:05:47;250,0;166,7;22,2;21,4;20,8;200,4;8,7;0,2;1,71E-1;-541,2;20,00;3,0;3,0;38,02;0,55;0,010;0,9;3,59;0,239
349;12.07.2023;20:09:37;00:05:48;250,2;166,7;22,2;21,4;20,8;201,1;8,7;0,2;1,71E-1;-541,2;20,00;3,0;3,0;38,02;0,54;0,006;0,9;3,59;0,241
350;12.07.2023;20:09:38;00:05:49;250,0;168,9;22,2;21,5;20,8;202,6;8,7;0,2;1,70E-1;-541,2;20,00;3,0;3,0;38,02;0,55;0,009;0,9;3,60;0,239
351;12.07.2023;20:09:39;00:05:50;250,0;168,9;22,3;21,5;20,8;204,1;8,9;0,2;1,70E-1;-541,2;20,00;3,0;3,1;38,02;0,55;0,012;0,9;3,62;0,244
352;12.07.2023;20:09:40;00:05:51;250,0;168,9;22,3;21,5;20,8;204,9;8,9;0,2;1,69E-1;-541,2;20,00;3,0;3,0;38,02;0,55;0,013;0,9;3,61;0,244
353;12.07.2023;20:09:41;00:05:52;250,0;171,2;22,3;21,5;20,7;206,5;8,9;0,2;1,69E-1;-541,2;20,00;3,0;3,0;38,02;0,55;0,011;0,9;3,61;0,244
354;12.07.2023;20:09:42;00:05:53;250,0;171,2;22,3;21,6;20,7;207,3;9,0;0,2;1,69E-1;-541,2;20,00;3,0;3,1;38,02;0,55;0,012;0,9;3,63;0,244
355;12.07.2023;20:09:43;00:05:54;250,1;173,4;22,3;21,6;20,8;208,8;9,0;0,2;1,68E-1;-541,2;20,00;3,0;3,0;38,02;0,55;0,009;0,9;3,58;0,244
356;12.07.2023;20:09:44;00:05:55;250,0;175,6;22,4;21,6;20,8;210,3;8,9;0,2;1,67E-1;-541,2;20,00;3,0;3,0;38,02;0,55;0,008;0,9;3,57;0,244
357;12.07.2023;20:09:45;00:05:56;250,0;175,6;22,4;21,6;20,8;211,0;9,0;0,2;1,67E-1;-541,2;20,00;3,0;3,0;38,02;0,55;0,012;0,9;3,61;0,244
358;12.07.2023;20:09:46;00:05:57;250,0;177,9;22,4;21,7;20,8;212,5;9,1;0,2;1,67E-1;-541,2;20,00;3,0;3,0;38,02;0,55;0,012;0,9;3,60;0,245
359;12.07.2023;20:09:47;00:05:58;250,1;177,9;22,4;21,7;20,8;214,1;9,2;0,2;1,66E-1;-541,2;20,00;3,0;3,0;38,02;0,55;0,007;0,9;3,59;0,245
360;12.07.2023;20:09:48;00:05:59;250,1;177,9;22,4;21,8;20,8;214,9;9,2;0,2;1,66E-1;-541,2;20,00;3,0;3,0;38,02;0,55;0,008;0,9;3,63;0,245
361;12.07.2023;20:09:49;00:06:00;250,0;180,0;22,4;21,8;20,9;216,4;9,2;0,2;1,66E-1;-541,2;20,00;3,0;3,0;38,02;0,55;0,009;0,9;3,66;0,247
362;12.07.2023;20:09:50;00:06:01;250,0;182,0;22,5;21,8;20,9;217,9;9,2;0,2;1,65E-1;-541,2;20,00;3,0;3,0;38,02;0,55;0,007;0,9;3,61;0,248
363;12.07.2023;20:09:51;00:06:02;250,0;182,0;22,5;21,8;20,9;218,6;9,3;0,2;1,65E-1;-541,2;20,00;3,0;3,0;38,02;0,55;0,007;0,9;3,61;0,247
364;12.07.2023;20:09:52;00:06:03;250,1;184,1;22,5;21,8;20,9;220,1;9,3;0,2;1,64E-1;-541,2;20,00;3,0;3,1;38,02;0,55;0,009;0,9;3,65;0,249
365;12.07.2023;20:09:53;00:06:04;250,0;184,1;22,5;21,8;20,9;221,8;9,5;0,2;1,64E-1;-541,2;20,00;3,0;3,0;38,02;0,55;0,010;0,9;3,62;0,249
366;12.07.2023;20:09:54;00:06:05;250,3;186,0;22,5;21,9;20,9;222,5;9,5;0,2;1,64E-1;-541,2;20,00;3,0;3,0;38,02;0,55;0,011;0,9;3,63;0,249
367;12.07.2023;20:09:55;00:06:06;250,2;186,0;22,5;21,9;20,9;224,0;9,5;0,2;1,63E-1;-541,2;20,00;3,0;3,0;38,02;0,55;0,010;0,9;3,67;0,249
368;12.07.2023;20:09:56;00:06:07;250,0;188,0;22,6;22,0;20,9;224,8;9,5;0,2;1,63E-1;-541,2;20,00;3,0;2,9;38,02;0,55;0,006;0,9;3,67;0,249
369;12.07.2023;20:09:57;00:06:08;250,3;188,0;22,6;22,0;20,9;226,3;9,6;0,2;1,63E-1;-541,2;20,00;3,0;3,0;38,02;0,55;0,009;0,9;3,65;0,252
370;12.07.2023;20:09:58;00:06:09;250,0;189,9;22,6;22,0;20,9;227,8;9,6;0,2;1,62E-1;-541,2;20,00;3,0;3,0;38,03;0,55;0,012;0,9;3,68;0,254
371;12.07.2023;20:09:59;00:06:10;250,1;189,9;22,6;22,0;20,9;228,5;9,7;0,2;1,62E-1;-541,2;20,00;3,0;3,0;38,02;0,55;0,009;0,9;3,70;0,252
372;12.07.2023;20:10:00;00:06:11;250,2;189,8;22,6;22,0;20,9;230,1;9,9;0,2;1,62E-1;-541,2;20,00;3,0;3,0;38,02;0,55;0,008;0,9;3,70;0,254
373;12.07.2023;20:10:01;00:06:12;250,0;191,9;22,6;22,0;20,9;231,6;9,9;0,2;1,61E-1;-541,2;20,00;3,0;3,0;38,03;0,55;0,009;0,9;3,73;0,253
374;12.07.2023;20:10:02;00:06:13;250,1;193,9;22,7;22,1;20,9;232,4;9,9;0,2;1,61E-1;-541,2;20,00;3,0;3,0;38,02;0,55;0,005;0,9;3,68;0,254
375;12.07.2023;20:10:03;00:06:14;250,0;193,9;22,7;22,1;20,9;233,9;9,9;0,2;1,61E-1;-541,2;20,00;3,0;3,0;38,03;0,55;0,005;0,9;3,69;0,254
376;12.07.2023;20:10:04;00:06:15;250,0;196,0;22,7;22,1;20,9;235,4;10,1;0,2;1,60E-1;-541,2;20,00;3,0;3,0;38,02;0,55;0,007;0,9;3,70;0,254
377;12.07.2023;20:10:05;00:06:16;250,1;196,0;22,7;22,1;20,9;236,1;10,0;0,2;1,60E-1;-541,2;20,00;3,0;3,1;38,03;0,55;0,008;0,9;3,71;0,254
378;12.07.2023;20:10:06;00:06:17;250,1;198,0;22,8;22,2;21,0;237,8;10,0;0,2;1,59E-1;-541,2;20,00;3,0;3,0;38,03;0,55;0,008;0,9;3,71;0,255
379;12.07.2023;20:10:07;00:06:18;250,1;198,0;22,8;22,2;21,0;239,3;10,2;0,2;1,59E-1;-541,2;20,00;3,0;3,0;38,03;0,55;0,004;0,9;3,66;0,255
380;12.07.2023;20:10:08;00:06:19;250,0;198,0;22,8;22,2;21,0;240,0;10,3;0,2;1,59E-1;-541,2;20,00;3,0;3,0;38,03;0,55;0,008;0,9;3,68;0,255
381;12.07.2023;20:10:09;00:06:20;250,1;199,9;22,8;22,2;21,0;241,5;10,3;0,2;1,58E-1;-541,2;20,00;3,0;3,0;38,03;0,55;0,008;0,9;3,71;0,257
382;12.07.2023;20:10:10;00:06:21;250,1;199,9;22,9;22,3;21,0;242,3;10,3;0,2;1,58E-1;-541,2;20,00;3,0;3,0;38,03;0,55;0,008;1,0;3,70;0,258
383;12.07.2023;20:10:11;00:06:22;250,1;201,8;22,9;22,3;21,0;243,8;10,4;0,2;1,58E-1;-541,2;20,00;3,0;3,1;38,03;0,55;0,013;1,0;3,72;0,259
384;12.07.2023;20:10:12;00:06:23;250,0;203,7;22,9;22,3;21,0;245,4;10,4;0,2;1,57E-1;-541,2;20,00;3,0;3,1;38,03;0,55;0,013;1,0;3,76;0,259
385;12.07.2023;20:10:13;00:06:24;250,1;203,7;22,9;22,3;21,0;246,1;10,5;0,2;1,57E-1;-541,2;20,00;3,0;3,0;38,03;0,55;0,010;1,0;3,74;0,259
386;12.07.2023;20:10:14;00:06:25;250,1;205,6;22,9;22,4;21,0;247,6;10,5;0,2;1,57E-1;-541,2;20,00;3,0;3,0;38,02;0,55;0,005;1,0;3,75;0,259
387;12.07.2023;20:10:15;00:06:26;250,1;205,6;23,0;22,4;21,0;249,1;10,6;0,2;1,56E-1;-541,2;20,00;3,0;3,0;38,03;0,55;0,005;1,0;3,78;0,263
388;12.07.2023;20:10:16;00:06:27;250,0;207,4;23,0;22,4;21,1;249,9;10,6;0,2;1,56E-1;-541,2;20,00;3,0;2,9;38,03;0,55;0,001;1,0;3,75;0,261
389;12.07.2023;20:10:17;00:06:28;250,3;207,4;23,0;22,5;21,1;251,4;10,7;0,2;1,56E-1;-541,2;20,00;3,0;3,0;38,03;0,55;0,005;1,0;3,73;0,261
390;12.07.2023;20:10:18;00:06:29;250,0;209,3;23,0;22,5;21,1;253,0;10,7;0,2;1,55E-1;-541,2;20,00;3,0;3,0;38,03;0,55;0,002;1,0;3,75;0,264
391;12.07.2023;20:10:19;00:06:30;250,0;209,2;23,0;22,5;21,0;253,8;10,8;0,2;1,55E-1;-541,2;20,00;3,0;3,0;38,03;0,55;0,002;1,0;3,74;0,264
392;12.07.2023;20:10:20;00:06:31;250,1;209,2;22,9;22,4;21,0;255,3;11,0;0,2;1,55E-1;-541,2;20,00;3,0;3,0;38,03;0,55;0,005;1,0;3,77;0,265
393;12.07.2023;20:10:21;00:06:32;250,0;211,2;22,9;22,4;21,0;256,0;10,9;0,2;1,55E-1;-541,2;20,00;3,0;3,0;38,03;0,55;0,007;1,0;3,77;0,266
394;12.07.2023;20:10:22;00:06:33;250,0;213,2;23,0;22,4;21,0;257,5;11,0;0,2;1,54E-1;-541,2;20,00;3,0;3,1;38,03;0,55;0,009;1,0;3,73;0,264
395;12.07.2023;20:10:23;00:06:34;250,2;213,2;23,0;22,4;21,0;259,0;11,1;0,2;1,54E-1;-541,2;20,00;3,0;3,0;38,03;0,55;0,006;1,0;3,72;0,264
396;12.07.2023;20:10:24;00:06:35;250,0;213,2;23,0;22,5;21,0;259,9;11,2;0,2;1,54E-1;-541,2;20,00;3,0;3,0;38,03;0,55;0,008;1,0;3,77;0,264
397;12.07.2023;20:10:25;00:06:36;250,0;215,2;23,0;22,5;21,0;261,4;11,2;0,2;1,53E-1;-541,2;20,00;3,0;3,0;38,03;0,55;0,006;1,0;3,79;0,269
398;12.07.2023;20:10:26;00:06:37;250,0;217,2;23,1;22,5;21,0;262,9;11,2;0,2;1,53E-1;-541,2;20,00;3,0;2,9;38,03;0,55;-0,002;1,0;3,77;0,269
399;12.07.2023;20:10:27;00:06:38;250,0;217,2;23,1;22,5;21,0;263,6;11,3;0,2;1,53E-1;-541,2;20,00;3,0;3,0;38,03;0,55;0,004;1,0;3,78;0,269
400;12.07.2023;20:10:28;00:06:39;250,1;219,1;23,1;22,6;21,0;265,1;11,3;0,2;1,53E-1;-541,2;20,00;3,0;2,9;38,03;0,55;0,000;1,0;3,80;0,269
401;12.07.2023;20:10:29;00:06:40;250,0;219,1;23,2;22,6;21,0;266,6;11,4;0,2;1,52E-1;-541,2;20,00;3,0;3,0;38,03;0,55;0,007;1,0;3,80;0,269
402;12.07.2023;20:10:30;00:06:41;250,0;221,0;23,2;22,6;21,0;267,5;11,5;0,2;1,52E-1;-541,2;20,00;3,0;3,0;38,03;0,55;0,005;1,0;3,82;0,270
403;12.07.2023;20:10:31;00:06:42;250,1;221,0;23,2;22,6;21,0;269,0;11,6;0,2;1,52E-1;-541,2;20,00;3,0;3,1;38,03;0,55;0,008;1,0;3,78;0,272
404;12.07.2023;20:10:32;00:06:43;250,1;223,0;23,2;22,7;21,0;270,5;11,6;0,2;1,51E-1;-541,2;20,00;3,0;3,1;38,03;0,55;0,005;1,1;3,84;0,274
405;12.07.2023;20:10:33;00:06:44;250,1;223,0;23,2;22,7;21,0;271,3;11,6;0,2;1,51E-1;-541,2;20,00;3,0;3,0;38,03;0,55;0,002;1,0;3,80;0,272
406;12.07.2023;20:10:34;00:06:45;250,1;225,0;23,3;22,7;21,1;272,8;11,7;0,2;1,51E-1;-541,2;20,00;3,0;3,0;38,03;0,55;-0,002;1,1;3,82;0,274
407;12.07.2023;20:10:35;00:06:46;250,0;225,0;23,3;22,7;21,1;273,5;11,7;0,2;1,51E-1;-541,2;20,00;3,0;3,0;38,03;0,55;0,002;1,1;3,82;0,274
408;12.07.2023;20:10:36;00:06:47;250,2;227,0;23,3;22,8;21,1;275,1;11,7;0,2;1,50E-1;-541,2;20,00;3,0;3,0;38,03;0,55;-0,002;1,0;3,82;0,274
409;12.07.2023;20:10:37;00:06:48;250,1;227,0;23,4;22,8;21,1;276,6;11,9;0,1;1,50E-1;-541,2;20,00;3,0;2,9;38,03;0,55;-0,003;1,1;3,82;0,274
410;12.07.2023;20:10:38;00:06:49;250,1;227,0;23,4;22,8;21,1;277,4;12,0;0,1;1,50E-1;-541,2;20,00;3,0;2,9;38,03;0,55;-0,004;1,0;3,83;0,275
411;12.07.2023;20:10:39;00:06:50;250,0;228,9;23,4;22,8;21,1;278,9;12,0;0,1;1,49E-1;-541,2;20,00;3,0;2,9;38,03;0,55;0,001;1,0;3,85;0,275
412;12.07.2023;20:10:40;00:06:51;250,1;229,0;23,5;23,0;21,2;280,4;12,2;0,1;1,49E-1;-541,2;20,00;3,0;2,9;38,03;0,55;0,000;1,1;3,81;0,278
413;12.07.2023;20:10:41;00:06:52;250,0;231,1;23,5;23,0;21,2;281,1;12,1;0,1;1,49E-1;-541,2;20,00;3,0;2,9;38,03;0,55;0,001;1,1;3,84;0,278
414;12.07.2023;20:10:42;00:06:53;250,3;233,1;23,5;23,0;21,2;282,8;12,1;0,1;1,49E-1;-541,2;20,00;3,0;3,0;38,03;0,55;0,002;1,1;3,85;0,278
415;12.07.2023;20:10:43;00:06:54;250,2;233,1;23,6;23,0;21,2;284,3;12,3;0,1;1,48E-1;-541,2;20,00;3,0;3,0;38,03;0,55;0,000;1,1;3,85;0,278
416;12.07.2023;20:10:44;00:06:55;250,1;233,1;23,6;23,0;21,2;285,0;12,4;0,1;1,48E-1;-541,2;20,00;3,0;3,0;38,03;0,55;0,001;1,1;3,89;0,278
417;12.07.2023;20:10:45;00:06:56;250,2;235,2;23,6;23,1;21,2;286,5;12,4;0,1;1,48E-1;-541,2;20,00;3,0;3,0;38,03;0,55;0,003;1,1;3,89;0,278
418;12.07.2023;20:10:46;00:06:57;250,0;237,2;23,6;23,1;21,3;288,0;12,4;0,1;1,47E-1;-541,2;20,00;3,0;3,0;38,03;0,55;0,001;1,1;3,88;0,281
419;12.07.2023;20:10:47;00:06:58;250,2;237,2;23,6;23,1;21,3;288,8;12,5;0,1;1,47E-1;-541,2;20,00;3,0;3,1;38,03;0,55;0,004;1,1;3,86;0,278
420;12.07.2023;20:10:48;00:06:59;250,0;237,2;23,7;23,2;21,3;290,4;12,6;0,1;1,47E-1;-541,2;20,00;3,0;3,0;38,03;0,55;0,001;1,1;3,91;0,283
421;12.07.2023;20:10:49;00:07:00;250,2;239,2;23,7;23,2;21,3;291,1;12,6;0,1;1,47E-1;-541,2;20,00;3,0;3,0;38,03;0,55;0,003;1,1;3,88;0,283
422;12.07.2023;20:10:50;00:07:01;250,2;241,1;23,7;23,2;21,3;292,6;12,7;0,1;1,46E-1;-541,2;20,00;3,0;2,9;38,03;0,55;-0,001;1,1;3,92;0,283
423;12.07.2023;20:10:51;00:07:02;250,0;241,1;23,7;23,2;21,3;294,1;12,8;0,1;1,46E-1;-541,2;20,00;3,0;3,0;38,03;0,55;-0,005;1,1;3,91;0,283
424;12.07.2023;20:10:52;00:07:03;250,0;241,1;23,8;23,3;21,3;294,9;12,8;0,1;1,46E-1;-541,2;20,00;3,0;3,0;38,03;0,55;0,000;1,1;3,90;0,283
425;12.07.2023;20:10:53;00:07:04;250,2;243,1;23,8;23,3;21,3;296,4;12,8;0,1;1,45E-1;-541,2;20,00;3,0;3,0;38,03;0,55;0,002;1,1;3,91;0,285
426;12.07.2023;20:10:54;00:07:05;250,1;245,0;23,9;23,3;21,3;298,0;12,9;0,1;1,45E-1;-541,2;20,00;3,0;3,1;38,03;0,55;0,005;1,1;3,92;0,285
427;12.07.2023;20:10:55;00:07:06;250,0;245,0;23,9;23,3;21,3;298,8;13,0;0,1;1,45E-1;-541,2;20,00;3,0;3,0;38,03;0,55;0,004;1,1;3,89;0,284
428;12.07.2023;20:10:56;00:07:07;250,1;247,0;23,9;23,4;21,3;300,3;13,0;0,1;1,45E-1;-541,2;20,00;3,0;3,0;38,03;0,55;0,005;1,1;3,95;0,284
429;12.07.2023;20:10:57;00:07:08;250,0;247,0;23,9;23,4;21,4;301,9;13,2;0,1;1,44E-1;-541,2;20,00;3,0;3,0;38,03;0,55;0,008;1,1;3,93;0,288
430;12.07.2023;20:10:58;00:07:09;250,1;249,0;23,9;23,4;21,4;302,7;13,3;0,1;1,44E-1;-541,2;20,00;3,0;3,1;38,03;0,55;0,006;1,1;3,96;0,288
431;12.07.2023;20:10:59;00:07:10;250,2;249,0;23,9;23,4;21,3;304,3;13,3;0,1;1,44E-1;-541,2;20,00;3,0;3,0;38,03;0,55;0,002;1,1;3,96;0,288
432;12.07.2023;20:11:00;00:07:11;250,1;248,9;23,9;23,4;21,3;305,1;13,4;0,1;1,44E-1;-541,2;20,00;3,0;3,1;38,03;0,55;0,005;1,2;3,94;0,291
433;12.07.2023;20:11:01;00:07:12;250,1;251,0;23,9;23,4;21,3;306,8;13,4;0,1;1,43E-1;-541,2;20,00;3,0;3,0;38,03;0,55;0,008;1,2;3,92;0,293
434;12.07.2023;20:11:02;00:07:13;250,1;253,1;23,9;23,5;21,3;308,4;13,4;0,1;1,43E-1;-541,2;20,00;3,0;3,0;38,03;0,55;0,002;1,2;3,94;0,292
435;12.07.2023;20:11:03;00:07:14;250,1;253,1;23,9;23,5;21,3;309,2;13,5;0,1;1,43E-1;-541,2;20,00;3,0;3,0;38,03;0,55;0,002;1,2;3,91;0,293
436;12.07.2023;20:11:04;00:07:15;250,0;253,1;24,0;23,5;21,3;310,8;13,7;0,1;1,42E-1;-541,2;20,00;3,0;3,0;38,03;0,55;0,003;1,2;3,94;0,293
437;12.07.2023;20:11:05;00:07:16;250,0;255,2;24,0;23,5;21,4;312,4;13,7;0,1;1,42E-1;-541,2;20,00;3,0;3,1;38,03;0,55;0,010;1,2;4,01;0,293
438;12.07.2023;20:11:06;00:07:17;250,0;255,2;24,0;23,6;21,4;313,2;13,8;0,1;1,42E-1;-541,2;20,00;3,0;3,1;38,03;0,55;0,003;1,2;4,00;0,293
439;12.07.2023;20:11:07;00:07:18;250,0;257,4;24,0;23,6;21,3;314,9;13,8;0,1;1,42E-1;-541,2;20,00;3,0;3,0;38,03;0,55;0,006;1,2;3,99;0,293
440;12.07.2023;20:11:08;00:07:19;250,0;259,4;24,1;23,7;21,3;316,5;14,0;0,1;1,41E-1;-541,2;20,00;3,0;2,9;38,03;0,55;0,001;1,2;4,01;0,295
441;12.07.2023;20:11:09;00:07:20;250,0;259,4;24,1;23,7;21,3;317,3;13,9;0,1;1,41E-1;-541,2;20,00;3,0;2,9;38,03;0,55;0,002;1,2;4,00;0,295
442;12.07.2023;20:11:10;00:07:21;250,0;261,4;24,2;23,7;21,4;318,9;14,0;0,1;1,41E-1;-541,2;20,00;3,0;2,9;38,03;0,55;0,007;1,2;4,00;0,298
443;12.07.2023;20:11:11;00:07:22;250,0;261,4;24,2;23,7;21,4;320,5;14,1;0,1;1,41E-1;-541,2;20,00;3,0;3,0;38,03;0,55;0,010;1,2;3,98;0,298
444;12.07.2023;20:11:12;00:07:23;250,0;263,4;24,2;23,8;21,4;321,3;14,0;0,1;1,40E-1;-541,2;20,00;3,0;3,0;38,03;0,56;0,009;1,2;4,00;0,298
445;12.07.2023;20:11:13;00:07:24;250,2;263,4;24,2;23,8;21,4;323,1;14,2;0,1;1,40E-1;-541,2;20,00;3,0;3,0;38,03;0,55;0,008;1,2;4,04;0,299
446;12.07.2023;20:11:14;00:07:25;250,0;263,4;24,2;23,8;21,4;323,9;14,3;0,1;1,40E-1;-541,2;20,00;3,0;3,0;38,03;0,56;0,003;1,2;4,00;0,299
447;12.07.2023;20:11:15;00:07:26;250,0;265,5;24,2;23,8;21,4;325,5;14,4;0,1;1,40E-1;-541,2;20,00;3,0;3,0;38,03;0,55;0,008;1,2;4,00;0,300
448;12.07.2023;20:11:16;00:07:27;250,1;267,5;24,3;23,9;21,4;327,1;14,4;0,1;1,39E-1;-541,2;20,00;3,0;3,0;38,03;0,56;0,008;1,2;4,02;0,303
449;12.07.2023;20:11:17;00:07:28;250,0;267,5;24,3;23,9;21,4;327,9;14,5;0,1;1,39E-1;-541,2;20,00;3,0;3,0;38,03;0,56;0,005;1,2;4,01;0,303
450;12.07.2023;20:11:18;00:07:29;250,0;269,7;24,3;23,9;21,4;329,5;14,6;0,1;1,39E-1;-541,2;20,00;3,0;3,0;38,03;0,56;0,000;1,2;4,04;0,303
451;12.07.2023;20:11:19;00:07:30;250,1;269,7;24,3;23,9;21,4;331,2;14,7;0,1;1,39E-1;-541,2;20,00;3,0;3,1;38,03;0,56;0,008;1,2;4,01;0,303
452;12.07.2023;20:11:20;00:07:31;250,0;269,6;24,3;23,9;21,4;332,0;14,8;0,1;1,38E-1;-541,2;20,00;3,0;3,0;38,03;0,56;0,006;1,2;4,04;0,303
453;12.07.2023;20:11:21;00:07:32;250,0;271,9;24,3;23,9;21,3;333,6;14,8;0,1;1,38E-1;-541,2;20,00;3,0;2,9;38,03;0,56;0,006;1,2;4,05;0,303
454;12.07.2023;20:11:22;00:07:33;250,0;271,9;24,4;24,0;21,3;335,2;15,0;0,1;1,38E-1;-541,2;20,00;3,0;2,9;38,03;0,55;0,010;1,2;4,09;0,306
455;12.07.2023;20:11:23;00:07:34;250,1;274,3;24,4;24,0;21,4;336,0;14,9;0,1;1,38E-1;-541,2;20,00;3,0;2,9;38,03;0,56;0,008;1,3;4,06;0,306
456;12.07.2023;20:11:24;00:07:35;250,1;274,3;24,4;24,0;21,4;337,6;15,1;0,1;1,37E-1;-541,2;20,00;3,0;2,9;38,03;0,56;0,020;1,3;4,07;0,308
457;12.07.2023;20:11:25;00:07:36;250,0;276,6;24,4;24,1;21,4;339,3;15,1;0,1;1,37E-1;-541,2;20,00;3,0;3,0;38,03;0,56;0,028;1,3;4,06;0,309
458;12.07.2023;20:11:26;00:07:37;250,1;276,6;24,5;24,1;21,4;340,1;15,2;0,1;1,37E-1;-541,2;20,00;3,0;3,0;38,03;0,56;0,021;1,3;4,08;0,311
459;12.07.2023;20:11:27;00:07:38;250,3;278,9;24,5;24,1;21,4;341,7;15,2;0,1;1,37E-1;-541,2;20,00;3,0;3,0;38,03;0,56;0,018;1,3;4,09;0,313
460;12.07.2023;20:11:28;00:07:39;250,2;278,9;24,5;24,1;21,4;342,5;15,3;0,1;1,37E-1;-541,2;20,00;3,0;3,0;38,03;0,56;0,015;1,3;4,10;0,312
461;12.07.2023;20:11:29;00:07:40;250,1;281,1;24,6;24,2;21,4;344,1;15,3;0,1;1,36E-1;-541,2;20,00;3,0;3,0;38,03;0,56;0,015;1,3;4,12;0,313
462;12.07.2023;20:11:30;00:07:41;250,1;283,3;24,6;24,3;21,4;345,7;15,3;0,1;1,36E-1;-541,2;20,00;3,0;3,1;38,03;0,56;0,018;1,3;4,11;0,313
463;12.07.2023;20:11:31;00:07:42;250,2;283,3;24,6;24,3;21,5;346,7;15,4;0,1;1,36E-1;-541,2;20,00;3,0;3,0;38,04;0,56;0,017;1,3;4,09;0,313
464;12.07.2023;20:11:32;00:07:43;250,1;283,3;24,7;24,3;21,5;348,3;15,6;0,1;1,36E-1;-541,2;20,00;3,0;2,9;38,04;0,56;0,017;1,3;4,13;0,313
465;12.07.2023;20:11:33;00:07:44;250,3;285,4;24,7;24,3;21,5;349,9;15,6;0,1;1,35E-1;-541,2;20,00;3,0;2,9;38,03;0,56;0,013;1,3;4,14;0,313
466;12.07.2023;20:11:34;00:07:45;250,1;287,6;24,8;24,4;21,5;350,7;15,7;0,1;1,35E-1;-541,2;20,00;3,0;3,0;38,03;0,56;0,017;1,3;4,11;0,314
467;12.07.2023;20:11:35;00:07:46;250,2;287,6;24,8;24,4;21,5;352,3;15,7;0,1;1,35E-1;-541,2;20,00;3,0;3,0;38,04;0,56;0,022;1,3;4,13;0,317
468;12.07.2023;20:11:36;00:07:47;250,3;289,8;24,8;24,4;21,5;353,9;15,9;0,1;1,35E-1;-541,2;20,00;3,0;3,0;38,04;0,56;0,022;1,3;4,13;0,317
469;12.07.2023;20:11:37;00:07:48;250,1;289,8;24,8;24,4;21,5;354,8;15,8;0,1;1,34E-1;-541,2;20,00;3,0;3,0;38,04;0,56;0,017;1,3;4,13;0,317
470;12.07.2023;20:11:38;00:07:49;250,0;292,1;24,9;24,5;21,6;356,4;15,9;0,1;1,34E-1;-541,2;20,00;3,0;3,0;38,04;0,56;0,016;1,3;4,16;0,317
471;12.07.2023;20:11:39;00:07:50;250,0;292,1;24,9;24,5;21,6;357,2;15,9;0,1;1,34E-1;-541,2;20,00;3,0;2,9;38,04;0,56;0,012;1,3;4,12;0,317
472;12.07.2023;20:11:40;00:07:51;250,1;292,1;24,9;24,5;21,6;358,8;16,1;0,1;1,34E-1;-541,2;20,00;3,0;3,1;38,04;0,56;0,017;1,3;4,18;0,318
473;12.07.2023;20:11:41;00:07:52;250,2;294,5;24,9;24,6;21,6;360,4;16,1;0,1;1,33E-1;-541,2;20,00;3,0;3,0;38,04;0,56;0,023;1,3;4,17;0,322
474;12.07.2023;20:11:42;00:07:53;250,1;294,5;25,0;24,6;21,6;361,2;16,2;0,1;1,33E-1;-541,2;20,00;3,0;3,0;38,04;0,56;0,024;1,3;4,16;0,321
475;12.07.2023;20:11:43;00:07:54;250,2;296,9;25,0;24,6;21,6;362,9;16,2;0,1;1,33E-1;-541,2;20,00;3,0;3,0;38,04;0,56;0,025;1,4;4,21;0,322
476;12.07.2023;20:11:44;00:07:55;250,1;296,9;25,0;24,7;21,6;364,5;16,4;0,1;1,33E-1;-541,2;20,00;3,0;3,0;38,04;0,56;0,035;1,3;4,17;0,322
477;12.07.2023;20:11:45;00:07:56;250,2;299,3;25,0;24,7;21,6;365,3;16,3;0,1;1,33E-1;-541,2;20,00;3,0;3,0;38,04;0,57;0,034;1,3;4,21;0,322
478;12.07.2023;20:11:46;00:07:57;250,0;301,7;25,1;24,8;21,6;366,9;16,4;0,1;1,32E-1;-541,2;20,00;3,0;3,0;38,04;0,56;0,040;1,3;4,18;0,322
479;12.07.2023;20:11:47;00:07:58;250,0;301,7;25,1;24,8;21,6;368,5;16,5;0,1;1,32E-1;-541,2;20,00;3,0;2,9;38,04;0,57;0,032;1,4;4,16;0,322
480;12.07.2023;20:11:48;00:07:59;250,2;301,7;25,2;24,8;21,6;369,3;16,6;0,1;1,32E-1;-541,2;20,00;3,0;3,0;38,04;0,57;0,034;1,4;4,18;0,324
481;12.07.2023;20:11:49;00:08:00;250,0;304,0;25,2;24,9;21,6;371,1;16,6;0,1;1,32E-1;-541,2;20,00;3,0;3,0;38,04;0,57;0,033;1,4;4,22;0,327
482;12.07.2023;20:11:50;00:08:01;250,0;306,2;25,2;24,9;21,6;372,7;16,6;0,1;1,31E-1;-541,2;20,00;3,0;3,0;38,04;0,57;0,035;1,4;4,21;0,327
483;12.07.2023;20:11:51;00:08:02;250,0;306,2;25,2;24,9;21,6;373,5;16,7;0,1;1,31E-1;-541,2;20,00;3,0;2,9;38,04;0,57;0,033;1,4;4,15;0,327
484;12.07.2023;20:11:52;00:08:03;250,1;306,2;25,3;25,0;21,6;375,1;16,9;0,1;1,31E-1;-541,2;20,00;3,0;3,0;38,04;0,57;0,039;1,4;4,20;0,327
485;12.07.2023;20:11:53;00:08:04;250,0;308,5;25,3;25,0;21,6;375,9;16,8;0,1;1,31E-1;-541,2;20,00;3,0;3,0;38,05;0,57;0,040;1,4;4,20;0,330
486;12.07.2023;20:11:54;00:08:05;250,1;310,8;25,3;25,1;21,6;377,5;17,0;0,1;1,31E-1;-541,2;20,00;3,0;3,0;38,04;0,57;0,043;1,4;4,20;0,329
487;12.07.2023;20:11:55;00:08:06;250,1;310,8;25,3;25,1;21,7;379,2;17,0;0,1;1,30E-1;-541,2;20,00;3,0;3,0;38,05;0,57;0,044;1,4;4,24;0,332
488;12.07.2023;20:11:56;00:08:07;250,1;310,8;25,4;25,1;21,7;380,0;17,1;0,1;1,30E-1;-541,2;20,00;3,0;3,0;38,05;0,57;0,045;1,4;4,24;0,332
489;12.07.2023;20:11:57;00:08:08;250,0;313,1;25,4;25,1;21,7;381,6;17,1;0,1;1,30E-1;-541,2;20,00;3,0;3,0;38,05;0,57;0,046;1,4;4,22;0,332
490;12.07.2023;20:11:58;00:08:09;250,0;315,5;25,4;25,2;21,7;383,2;17,2;0,1;1,30E-1;-541,2;20,00;3,0;3,0;38,05;0,57;0,052;1,4;4,22;0,332
491;12.07.2023;20:11:59;00:08:10;250,1;315,5;25,4;25,2;21,7;384,0;17,2;0,1;1,30E-1;-541,2;20,00;3,0;2,9;38,05;0,58;0,048;1,4;4,22;0,332
492;12.07.2023;20:12:00;00:08:11;250,0;315,5;25,5;25,2;21,7;385,6;17,4;0,1;1,30E-1;-541,2;20,00;3,0;3,0;38,05;0,58;0,065;1,4;4,24;0,337
493;12.07.2023;20:12:01;00:08:12;250,1;317,9;25,5;25,3;21,7;387,3;17,4;0,1;1,29E-1;-541,2;20,00;3,0;3,0;38,05;0,58;0,068;1,4;4,25;0,335
494;12.07.2023;20:12:02;00:08:13;250,1;320,4;25,6;25,3;21,7;388,1;17,5;0,1;1,29E-1;-541,2;20,00;3,0;3,1;38,06;0,58;0,064;1,4;4,24;0,337
495;12.07.2023;20:12:03;00:08:14;250,1;320,4;25,6;25,3;21,8;389,7;17,5;0,1;1,29E-1;-541,2;20,00;3,0;3,1;38,06;0,58;0,068;1,4;4,24;0,336
496;12.07.2023;20:12:04;00:08:15;250,0;320,4;25,6;25,3;21,8;390,5;17,6;0,1;1,29E-1;-541,2;20,00;3,0;3,0;38,06;0,58;0,061;1,4;4,23;0,337
497;12.07.2023;20:12:05;00:08:16;250,1;323,0;25,6;25,4;21,8;392,1;17,6;0,1;1,29E-1;-541,2;20,00;3,0;3,0;38,06;0,58;0,064;1,4;4,27;0,337
498;12.07.2023;20:12:06;00:08:17;250,0;323,0;25,7;25,5;21,8;393,7;17,8;0,1;1,28E-1;-541,2;20,00;3,0;2,9;38,06;0,58;0,054;1,5;4,25;0,338
499;12.07.2023;20:12:07;00:08:18;250,0;325,7;25,7;25,5;21,8;394,5;17,9;0,1;1,28E-1;-541,2;20,00;3,0;2,9;38,06;0,58;0,056;1,5;4,29;0,339
500;12.07.2023;20:12:08;00:08:19;250,0;325,7;25,7;25,5;21,8;396,3;17,9;0,1;1,28E-1;-541,2;20,00;3,0;3,0;38,06;0,58;0,057;1,4;4,30;0,338
501;12.07.2023;20:12:09;00:08:20;250,1;328,1;25,7;25,5;21,8;397,9;17,9;0,1;1,28E-1;-541,2;20,00;3,0;2,9;38,06;0,59;0,052;1,4;4,28;0,339
502;12.07.2023;20:12:10;00:08:21;250,2;328,1;25,8;25,6;21,8;398,7;18,0;0,1;1,28E-1;-541,2;20,00;3,0;3,0;38,06;0,59;0,056;1,5;4,31;0,341
503;12.07.2023;20:12:11;00:08:22;250,3;330,6;25,8;25,6;21,9;400,3;18,0;0,1;1,27E-1;-541,2;20,00;3,0;3,0;38,06;0,59;0,062;1,5;4,31;0,342
504;12.07.2023;20:12:12;00:08:23;250,2;330,6;25,9;25,7;21,9;401,9;18,2;0,1;1,27E-1;-541,2;20,00;3,0;3,0;38,07;0,59;0,068;1,5;4,28;0,342
505;12.07.2023;20:12:13;00:08:24;250,1;333,0;25,9;25,7;21,9;402,7;18,1;0,1;1,27E-1;-541,2;20,00;3,0;3,1;38,07;0,59;0,071;1,5;4,29;0,342
506;12.07.2023;20:12:14;00:08:25;250,0;335,4;25,9;25,7;21,9;404,4;18,1;0,1;1,27E-1;-541,2;20,00;3,0;3,0;38,07;0,59;0,066;1,5;4,29;0,344
507;12.07.2023;20:12:15;00:08:26;250,2;335,4;26,0;25,7;21,9;406,0;18,3;0,1;1,27E-1;-541,2;20,00;3,0;3,1;38,07;0,59;0,078;1,5;4,29;0,344
508;12.07.2023;20:12:16;00:08:27;250,1;335,4;26,0;25,7;21,9;406,8;18,4;0,1;1,26E-1;-541,2;20,00;3,0;3,1;38,07;0,59;0,075;1,5;4,33;0,347
509;12.07.2023;20:12:17;00:08:28;250,2;337,8;26,0;25,8;21,8;408,4;18,4;0,1;1,26E-1;-541,2;20,00;3,0;3,0;38,07;0,60;0,077;1,5;4,32;0,347
510;12.07.2023;20:12:18;00:08:29;250,1;337,8;26,1;25,8;21,8;409,2;18,5;0,1;1,26E-1;-541,2;20,00;3,0;2,9;38,07;0,60;0,078;1,5;4,30;0,347
511;12.07.2023;20:12:19;00:08:30;250,0;340,2;26,1;25,9;21,9;410,8;18,5;0,1;1,26E-1;-541,2;20,00;3,0;2,9;38,07;0,60;0,084;1,5;4,31;0,347
512;12.07.2023;20:12:20;00:08:31;250,0;340,1;26,1;25,9;21,8;412,5;18,7;0,1;1,26E-1;-541,2;20,00;3,0;3,0;38,08;0,60;0,090;1,5;4,31;0,349
513;12.07.2023;20:12:21;00:08:32;250,2;342,7;26,1;25,9;21,8;413,3;18,6;0,1;1,25E-1;-541,2;20,00;3,0;2,9;38,08;0,60;0,090;1,5;4,30;0,351
514;12.07.2023;20:12:22;00:08:33;250,0;342,7;26,1;25,9;21,8;414,9;18,8;0,1;1,25E-1;-541,2;20,00;3,0;3,0;38,08;0,60;0,103;1,5;4,36;0,349
515;12.07.2023;20:12:23;00:08:34;250,1;345,3;26,1;26,0;21,8;416,5;18,7;0,1;1,25E-1;-541,2;20,00;3,0;3,0;38,08;0,61;0,107;1,5;4,35;0,352
516;12.07.2023;20:12:24;00:08:35;250,0;345,3;26,1;26,0;21,8;417,3;18,8;0,1;1,25E-1;-541,2;20,00;3,0;2,9;38,08;0,61;0,109;1,5;4,36;0,352
517;12.07.2023;20:12:25;00:08:36;250,1;347,9;26,2;26,1;21,9;418,9;18,8;0,1;1,25E-1;-541,2;20,00;3,0;2,9;38,09;0,61;0,111;1,5;4,34;0,352
518;12.07.2023;20:12:26;00:08:37;250,0;347,9;26,2;26,1;21,9;420,7;19,0;0,1;1,24E-1;-541,2;20,00;3,0;3,0;38,09;0,61;0,110;1,6;4,38;0,353
519;12.07.2023;20:12:27;00:08:38;250,1;350,5;26,2;26,1;21,9;421,5;19,0;0,1;1,24E-1;-541,2;20,00;3,0;2,9;38,09;0,61;0,110;1,5;4,35;0,353
520;12.07.2023;20:12:28;00:08:39;250,0;350,5;26,3;26,1;21,9;423,1;19,1;0,1;1,24E-1;-541,2;20,00;3,0;3,0;38,09;0,62;0,125;1,5;4,40;0,355
521;12.07.2023;20:12:29;00:08:40;250,0;353,0;26,3;26,2;22,0;424,7;19,1;0,1;1,24E-1;-541,2;20,00;3,0;3,0;38,10;0,62;0,131;1,5;4,34;0,355
522;12.07.2023;20:12:30;00:08:41;250,0;355,4;26,4;26,3;22,0;425,5;19,2;0,1;1,24E-1;-541,2;20,00;3,0;3,0;38,10;0,62;0,128;1,5;4,34;0,357
523;12.07.2023;20:12:31;00:08:42;250,1;355,4;26,4;26,3;21,9;427,1;19,2;0,1;1,24E-1;-541,2;20,00;3,0;3,0;38,10;0,62;0,128;1,6;4,38;0,357
524;12.07.2023;20:12:32;00:08:43;250,0;355,4;26,4;26,3;21,9;428,0;19,3;0,1;1,23E-1;-541,2;20,00;3,0;3,1;38,10;0,63;0,130;1,6;4,35;0,357
525;12.07.2023;20:12:33;00:08:44;250,1;357,8;26,4;26,3;22,0;429,6;19,3;0,1;1,23E-1;-541,2;20,00;3,0;3,0;38,11;0,63;0,140;1,6;4,39;0,357
526;12.07.2023;20:12:34;00:08:45;250,0;360,3;26,5;26,4;22,0;431,2;19,3;0,1;1,23E-1;-541,2;20,00;3,0;3,0;38,11;0,63;0,159;1,6;4,41;0,359
527;12.07.2023;20:12:35;00:08:46;250,0;360,3;26,5;26,4;22,0;432,0;19,4;0,1;1,23E-1;-541,2;20,00;3,0;3,1;38,11;0,64;0,163;1,5;4,39;0,357
528;12.07.2023;20:12:36;00:08:47;250,0;360,3;26,5;26,5;22,0;433,6;19,6;0,1;1,23E-1;-541,2;20,00;3,0;3,0;38,12;0,64;0,172;1,6;4,39;0,360
529;12.07.2023;20:12:37;00:08:48;250,0;362,7;26,5;26,5;22,0;435,3;19,6;0,1;1,22E-1;-541,2;20,00;3,0;2,9;38,12;0,64;0,179;1,6;4,42;0,361
530;12.07.2023;20:12:38;00:08:49;250,1;362,7;26,6;26,6;22,0;436,1;19,7;0,1;1,22E-1;-541,2;20,00;3,0;3,0;38,12;0,65;0,177;1,6;4,42;0,361
531;12.07.2023;20:12:39;00:08:50;250,0;365,2;26,6;26,6;22,1;437,7;19,7;0,1;1,22E-1;-541,2;20,00;3,0;3,0;38,13;0,65;0,192;1,6;4,42;0,361
532;12.07.2023;20:12:40;00:08:51;250,0;365,1;26,6;26,5;22,0;439,3;19,9;0,1;1,22E-1;-541,2;20,00;3,0;3,1;38,13;0,66;0,199;1,6;4,42;0,363
533;12.07.2023;20:12:41;00:08:52;250,1;367,8;26,6;26,5;22,0;440,1;19,8;0,1;1,22E-1;-541,2;20,00;3,0;3,1;38,13;0,66;0,203;1,6;4,40;0,363
534;12.07.2023;20:12:42;00:08:53;250,1;367,8;26,6;26,6;22,0;441,7;20,0;0,1;1,22E-1;-541,2;20,00;3,0;3,0;38,13;0,66;0,206;1,6;4,43;0,364
535;12.07.2023;20:12:43;00:08:54;250,0;367,8;26,6;26,6;22,0;442,5;20,1;0,1;1,21E-1;-541,2;20,00;3,0;3,0;38,14;0,66;0,207;1,6;4,42;0,365
536;12.07.2023;20:12:44;00:08:55;250,2;370,4;26,6;26,6;22,0;444,3;20,1;0,1;1,21E-1;-541,2;20,00;3,0;3,0;38,14;0,67;0,217;1,6;4,40;0,366
537;12.07.2023;20:12:45;00:08:56;250,2;373,1;26,7;26,7;22,0;445,9;20,0;0,1;1,21E-1;-541,2;20,00;3,0;2,9;38,15;0,67;0,211;1,6;4,42;0,366
538;12.07.2023;20:12:46;00:08:57;250,3;373,1;26,8;26,7;22,0;446,7;20,2;0,1;1,21E-1;-541,2;20,00;3,0;3,0;38,15;0,68;0,220;1,6;4,45;0,366
539;12.07.2023;20:12:47;00:08:58;250,0;375,8;26,8;26,8;22,0;448,3;20,1;0,1;1,21E-1;-541,2;20,00;3,0;2,9;38,16;0,68;0,233;1,6;4,43;0,367
540;12.07.2023;20:12:48;00:08:59;250,0;375,8;26,8;26,8;22,0;449,9;20,3;0,1;1,20E-1;-541,2;20,00;3,0;3,0;38,16;0,69;0,235;1,6;4,43;0,369
541;12.07.2023;20:12:49;00:09:00;250,0;378,3;26,8;26,8;22,0;450,7;20,2;0,1;1,20E-1;-541,2;20,00;3,0;3,0;38,17;0,69;0,241;1,6;4,46;0,371
542;12.07.2023;20:12:50;00:09:01;250,3;378,3;26,9;26,9;22,0;452,4;20,4;0,1;1,20E-1;-541,2;20,00;3,0;3,0;38,17;0,69;0,252;1,7;4,46;0,371
543;12.07.2023;20:12:51;00:09:02;250,2;380,9;26,9;26,9;22,0;454,0;20,4;0,1;1,20E-1;-541,2;20,00;3,0;2,9;38,17;0,70;0,248;1,6;4,45;0,371
544;12.07.2023;20:12:52;00:09:03;250,2;380,9;26,9;26,9;22,0;454,8;20,5;0,1;1,20E-1;-541,2;20,00;3,0;3,0;38,18;0,70;0,250;1,7;4,45;0,371
545;12.07.2023;20:12:53;00:09:04;250,1;383,5;27,0;27,0;22,1;456,4;20,5;0,1;1,20E-1;-541,2;20,00;3,0;2,9;38,18;0,71;0,252;1,7;4,45;0,371
546;12.07.2023;20:12:54;00:09:05;250,0;386,2;27,0;27,1;22,1;458,0;20,5;0,1;1,19E-1;-541,2;20,00;3,0;2,9;38,19;0,71;0,264;1,7;4,48;0,372
547;12.07.2023;20:12:55;00:09:06;250,2;386,2;27,0;27,1;22,1;458,8;20,6;0,1;1,19E-1;-541,2;20,00;3,0;3,0;38,19;0,72;0,269;1,6;4,47;0,372
548;12.07.2023;20:12:56;00:09:07;250,3;386,2;27,1;27,1;22,1;460,5;20,8;0,1;1,19E-1;-541,2;20,00;3,0;3,0;38,20;0,73;0,292;1,7;4,47;0,374
549;12.07.2023;20:12:57;00:09:08;250,0;388,8;27,1;27,2;22,1;461,3;20,7;0,1;1,19E-1;-541,2;20,00;3,0;3,0;38,20;0,73;0,300;1,7;4,44;0,376
550;12.07.2023;20:12:58;00:09:09;250,0;391,3;27,2;27,2;22,1;462,9;20,9;0,1;1,19E-1;-541,2;20,00;3,0;3,0;38,21;0,73;0,311;1,7;4,49;0,374
551;12.07.2023;20:12:59;00:09:10;250,1;391,3;27,2;27,2;22,1;464,5;20,8;0,1;1,18E-1;-541,2;20,00;3,0;3,1;38,22;0,74;0,326;1,7;4,45;0,376
552;12.07.2023;20:13:00;00:09:11;250,1;391,2;27,1;27,2;22,1;465,3;21,0;0,1;1,18E-1;-541,2;20,00;3,0;3,0;38,22;0,75;0,322;1,7;4,46;0,376
553;12.07.2023;20:13:01;00:09:12;250,0;394,0;27,2;27,3;22,1;466,9;20,9;0,1;1,18E-1;-541,2;20,00;3,0;2,9;38,23;0,75;0,323;1,7;4,48;0,379
554;12.07.2023;20:13:02;00:09:13;250,0;394,0;27,2;27,3;22,1;468,7;21,1;0,1;1,18E-1;-541,2;20,00;3,0;3,0;38,23;0,76;0,326;1,7;4,46;0,380
555;12.07.2023;20:13:03;00:09:14;250,1;396,7;27,2;27,3;22,1;469,5;21,1;0,1;1,18E-1;-541,2;20,00;3,0;3,0;38,24;0,76;0,330;1,7;4,48;0,380
556;12.07.2023;20:13:04;00:09:15;250,1;396,7;27,2;27,3;22,1;471,1;21,2;0,1;1,18E-1;-541,2;20,00;3,0;3,0;38,25;0,77;0,355;1,7;4,48;0,381
557;12.07.2023;20:13:05;00:09:16;250,0;399,4;27,3;27,4;22,1;472,7;21,2;0,1;1,18E-1;-541,2;20,00;3,0;2,9;38,25;0,78;0,356;1,7;4,51;0,379
558;12.07.2023;20:13:06;00:09:17;250,0;399,4;27,3;27,5;22,1;473,5;21,3;0,1;1,17E-1;-541,2;20,00;3,0;2,9;38,26;0,78;0,372;1,7;4,49;0,381
559;12.07.2023;20:13:07;00:09:18;250,2;402,1;27,3;27,5;22,1;475,1;21,3;0,1;1,17E-1;-541,2;20,00;3,0;2,9;38,27;0,79;0,386;1,7;4,53;0,381
560;12.07.2023;20:13:08;00:09:19;250,0;404,7;27,4;27,6;22,1;476,8;21,5;0,1;1,17E-1;-541,2;20,00;3,0;2,9;38,28;0,80;0,405;1,7;4,48;0,381
561;12.07.2023;20:13:09;00:09:20;250,0;404,7;27,4;27,6;22,2;477,6;21,4;0,1;1,17E-1;-541,2;20,00;3,0;3,0;38,28;0,80;0,419;1,7;4,50;0,382
562;12.07.2023;20:13:10;00:09:21;250,3;407,2;27,5;27,6;22,2;479,2;21,4;0,1;1,17E-1;-541,2;20,00;3,0;2,9;38,29;0,82;0,432;1,7;4,53;0,386
563;12.07.2023;20:13:11;00:09:22;250,0;407,2;27,5;27,6;22,2;480,0;21,4;0,1;1,17E-1;-541,2;20,00;3,0;3,0;38,29;0,82;0,440;1,7;4,49;0,383
564;12.07.2023;20:13:12;00:09:23;250,2;407,2;27,6;27,6;22,2;481,6;21,6;0,1;1,16E-1;-541,2;20,00;3,0;3,0;38,30;0,83;0,432;1,7;4,55;0,386
565;12.07.2023;20:13:13;00:09:24;250,1;409,7;27,6;27,7;22,1;483,2;21,6;0,1;1,16E-1;-541,2;20,00;3,0;3,0;38,31;0,84;0,423;1,7;4,50;0,386
566;12.07.2023;20:13:14;00:09:25;250,1;409,7;27,6;27,8;22,1;484,1;21,8;0,1;1,16E-1;-541,2;20,00;3,0;3,0;38,32;0,84;0,439;1,7;4,52;0,386
567;12.07.2023;20:13:15;00:09:26;250,0;412,2;27,6;27,8;22,2;485,7;21,7;0,1;1,16E-1;-541,2;20,00;3,0;3,0;38,33;0,85;0,453;1,7;4,54;0,386
568;12.07.2023;20:13:16;00:09:27;250,0;412,2;27,7;27,9;22,2;487,3;21,9;0,1;1,16E-1;-541,2;20,00;3,0;3,0;38,34;0,86;0,466;1,8;4,57;0,391
569;12.07.2023;20:13:17;00:09:28;250,0;414,7;27,7;27,9;22,2;488,1;21,8;0,1;1,16E-1;-541,2;20,00;3,0;3,1;38,34;0,87;0,468;1,8;4,54;0,390
570;12.07.2023;20:13:18;00:09:29;250,0;417,2;27,7;28,0;22,2;489,7;21,9;0,1;1,16E-1;-541,2;20,00;3,0;3,0;38,35;0,88;0,471;1,8;4,53;0,391
571;12.07.2023;20:13:19;00:09:30;250,1;417,2;27,7;28,0;22,2;491,3;22,0;0,1;1,15E-1;-541,2;20,00;3,0;3,0;38,36;0,89;0,467;1,8;4,52;0,391
572;12.07.2023;20:13:20;00:09:31;250,0;417,2;27,7;27,9;22,2;492,3;22,1;0,1;1,15E-1;-541,2;20,00;3,0;3,0;38,37;0,89;0,483;1,8;4,55;0,391
573;12.07.2023;20:13:21;00:09:32;250,1;419,9;27,8;28,0;22,3;493,9;22,1;0,1;1,15E-1;-541,2;20,00;3,0;3,0;38,38;0,90;0,512;1,8;4,57;0,391
574;12.07.2023;20:13:22;00:09:33;250,1;419,9;27,8;28,0;22,3;494,7;22,2;0,1;1,15E-1;-541,2;20,00;3,0;2,9;38,39;0,91;0,515;1,8;4,59;0,391
575;12.07.2023;20:13:23;00:09:34;250,1;422,6;27,8;28,1;22,3;496,3;22,2;0,1;1,15E-1;-541,2;20,00;3,0;2,9;38,40;0,92;0,527;1,8;4,58;0,396
576;12.07.2023;20:13:24;00:09:35;250,2;422,6;27,9;28,1;22,3;497,9;22,4;0,1;1,15E-1;-541,2;20,00;3,0;3,0;38,40;0,93;0,527;1,8;4,56;0,395
577;12.07.2023;20:13:25;00:09:36;250,1;425,3;27,9;28,2;22,3;498,7;22,3;0,1;1,15E-1;-541,2;20,00;3,0;3,0;38,41;0,93;0,527;1,8;4,59;0,394
578;12.07.2023;20:13:26;00:09:37;250,2;428,0;28,0;28,3;22,3;500,5;22,4;0,1;1,14E-1;-541,2;20,00;3,0;3,0;38,42;0,94;0,518;1,8;4,59;0,396
579;12.07.2023;20:13:27;00:09:38;250,1;428,0;28,0;28,3;22,3;502,2;22,5;0,1;1,14E-1;-541,2;20,00;3,0;3,0;38,43;0,96;0,518;1,8;4,58;0,396
580;12.07.2023;20:13:28;00:09:39;250,0;428,0;28,1;28,3;22,3;503,1;22,6;0,1;1,14E-1;-541,2;20,00;3,0;3,0;38,44;0,96;0,519;1,8;4,57;0,396
581;12.07.2023;20:13:29;00:09:40;250,1;430,5;28,1;28,3;22,3;504,9;22,6;0,1;1,14E-1;-541,2;20,00;3,0;2,9;38,45;0,98;0,533;1,8;4,58;0,399
582;12.07.2023;20:13:30;00:09:41;250,0;433,1;28,1;28,4;22,3;506,7;22,6;0,1;1,14E-1;-541,2;20,00;3,0;3,0;38,46;0,99;0,560;1,8;4,58;0,400
583;12.07.2023;20:13:31;00:09:42;250,1;433,1;28,1;28,4;22,3;507,6;22,7;0,1;1,14E-1;-541,2;20,00;3,0;3,1;38,47;0,99;0,567;1,8;4,59;0,400
584;12.07.2023;20:13:32;00:09:43;250,3;433,1;28,2;28,5;22,3;509,6;22,9;0,1;1,14E-1;-541,2;20,00;3,0;3,0;38,48;1,01;0,575;1,9;4,63;0,400
585;12.07.2023;20:13:33;00:09:44;250,1;435,6;28,2;28,5;22,4;511,4;22,9;0,1;1,13E-1;-541,2;20,00;3,0;3,0;38,49;1,02;0,589;1,8;4,59;0,400
586;12.07.2023;20:13:34;00:09:45;250,0;435,6;28,2;28,6;22,4;512,3;23,1;0,1;1,13E-1;-541,2;20,00;3,0;3,0;38,50;1,02;0,584;1,9;4,65;0,403
587;12.07.2023;20:13:35;00:09:46;250,2;438,2;28,2;28,6;22,4;514,1;23,1;0,1;1,13E-1;-541,2;20,00;3,0;3,1;38,51;1,04;0,579;1,9;4,64;0,402
588;12.07.2023;20:13:36;00:09:47;250,1;438,2;28,3;28,6;22,4;515,0;23,2;0,1;1,13E-1;-541,2;20,00;3,0;3,0;38,51;1,04;0,580;1,9;4,64;0,405
589;12.07.2023;20:13:37;00:09:48;250,2;440,8;28,3;28,7;22,4;516,8;23,2;0,1;1,13E-1;-541,2;20,00;3,0;3,1;38,53;1,06;0,608;1,9;4,62;0,405
590;12.07.2023;20:13:38;00:09:49;250,2;443,5;28,4;28,7;22,4;518,8;23,2;0,1;1,13E-1;-541,2;20,00;3,0;3,1;38,55;1,07;0,637;1,9;4,63;0,405
591;12.07.2023;20:13:39;00:09:50;250,1;443,5;28,4;28,7;22,4;519,7;23,3;0,1;1,13E-1;-541,2;20,00;3,0;3,0;38,55;1,08;0,635;1,9;4,61;0,406
592;12.07.2023;20:13:40;00:09:51;250,2;443,3;28,2;28,6;22,3;521,5;23,5;0,1;1,13E-1;-541,2;20,00;3,0;3,0;38,57;1,09;0,646;1,9;4,65;0,409
593;12.07.2023;20:13:41;00:09:52;250,3;446,2;28,3;28,7;22,3;523,3;23,5;0,1;1,13E-1;-541,2;20,00;3,0;3,0;38,58;1,10;0,653;1,9;4,64;0,408
594;12.07.2023;20:13:42;00:09:53;250,1;446,2;28,4;28,7;22,2;524,2;23,6;0,1;1,12E-1;-541,2;20,00;3,0;3,0;38,58;1,11;0,657;1,9;4,64;0,407
595;12.07.2023;20:13:43;00:09:54;250,1;449,1;28,4;28,8;22,2;526,0;23,7;0,1;1,12E-1;-541,2;20,00;3,0;2,9;38,60;1,13;0,673;1,9;4,69;0,410
596;12.07.2023;20:13:44;00:09:55;250,1;449,1;28,5;28,9;22,2;527,9;23,8;0,1;1,12E-1;-541,2;20,00;3,0;3,0;38,62;1,14;0,720;1,9;4,69;0,412
597;12.07.2023;20:13:45;00:09:56;250,0;451,8;28,5;28,9;22,3;528,8;23,7;0,1;1,12E-1;-541,2;20,00;3,0;2,9;38,63;1,15;0,725;1,9;4,66;0,410
598;12.07.2023;20:13:46;00:09:57;250,1;451,8;28,5;28,9;22,3;530,6;23,9;0,1;1,12E-1;-541,2;20,00;3,0;2,9;38,64;1,17;0,727;1,9;4,67;0,413
599;12.07.2023;20:13:47;00:09:58;250,2;454,6;28,5;29,0;22,4;532,4;23,9;0,1;1,12E-1;-541,2;20,00;3,0;3,0;38,66;1,18;0,720;2,0;4,68;0,415
600;12.07.2023;20:13:48;00:09:59;250,2;454,6;28,5;29,0;22,4;533,3;24,0;0,1;1,12E-1;-541,2;20,00;3,0;3,0;38,66;1,19;0,719;1,9;4,70;0,415
601;12.07.2023;20:13:49;00:10:00;250,1;457,3;28,6;29,0;22,4;535,1;24,0;0,1;1,12E-1;-541,2;20,00;3,0;3,0;38,68;1,20;0,731;1,9;4,66;0,415
602;12.07.2023;20:13:50;00:10:01;250,1;457,3;28,6;29,0;22,4;536,0;24,1;0,1;1,12E-1;-541,2;20,00;3,0;3,0;38,68;1,21;0,734;2,0;4,68;0,415
603;12.07.2023;20:13:51;00:10:02;250,0;459,9;28,7;29,1;22,4;538,0;24,2;0,1;1,12E-1;-541,2;20,00;3,0;3,0;38,70;1,23;0,734;1,9;4,69;0,417
604;12.07.2023;20:13:52;00:10:03;250,2;459,9;28,7;29,1;22,4;539,8;24,4;0,1;1,12E-1;-541,2;20,00;3,0;3,0;38,72;1,24;0,736;1,9;4,67;0,418
605;12.07.2023;20:13:53;00:10:04;250,3;462,5;28,7;29,2;22,5;540,7;24,3;0,1;1,11E-1;-541,2;20,00;3,0;3,0;38,72;1,25;0,750;2,0;4,72;0,420
606;12.07.2023;20:13:54;00:10:05;250,2;465,2;28,8;29,3;22,5;542,5;24,5;0,1;1,11E-1;-541,2;20,00;3,0;3,0;38,74;1,26;0,750;2,0;4,70;0,420
607;12.07.2023;20:13:55;00:10:06;250,2;465,2;28,8;29,3;22,4;544,3;24,5;0,1;1,11E-1;-541,2;20,00;3,0;3,0;38,76;1,28;0,756;2,0;4,70;0,420
608;12.07.2023;20:13:56;00:10:07;250,0;465,2;28,9;29,3;22,4;545,2;24,6;0,1;1,11E-1;-541,2;20,00;3,0;3,0;38,76;1,29;0,761;2,0;4,67;0,420
609;12.07.2023;20:13:57;00:10:08;250,1;467,9;28,9;29,4;22,4;547,1;24,6;0,1;1,11E-1;-541,2;20,00;3,0;3,0;38,78;1,30;0,782;2,0;4,71;0,424
610;12.07.2023;20:13:58;00:10:09;250,0;470,5;29,0;29,5;22,4;548,9;24,6;0,1;1,11E-1;-541,2;20,00;3,0;3,0;38,80;1,32;0,801;2,0;4,75;0,425
611;12.07.2023;20:13:59;00:10:10;250,0;470,5;29,0;29,5;22,4;549,8;24,7;0,1;1,11E-1;-541,2;20,00;3,0;3,0;38,81;1,33;0,811;2,0;4,71;0,421
612;12.07.2023;20:14:00;00:10:11;250,0;470,6;29,0;29,5;22,5;551,6;25,0;0,1;1,11E-1;-541,2;20,00;3,0;3,1;38,83;1,35;0,845;2,0;4,74;0,425
613;12.07.2023;20:14:01;00:10:12;250,0;473,5;29,1;29,6;22,5;552,5;24,8;0,1;1,11E-1;-541,2;20,00;3,0;3,0;38,84;1,36;0,860;2,0;4,70;0,425
614;12.07.2023;20:14:02;00:10:13;250,2;473,5;29,2;29,6;22,5;554,3;25,0;0,1;1,11E-1;-541,2;20,00;3,0;3,0;38,85;1,38;0,860;2,0;4,74;0,427
615;12.07.2023;20:14:03;00:10:14;250,1;476,3;29,2;29,7;22,5;556,3;25,1;0,1;1,11E-1;-541,2;20,00;3,0;3,0;38,87;1,40;0,860;2,0;4,76;0,428
616;12.07.2023;20:14:04;00:10:15;250,0;476,3;29,2;29,7;22,5;557,2;25,2;0,1;1,11E-1;-541,2;20,00;3,0;3,0;38,88;1,40;0,869;2,0;4,73;0,429
617;12.07.2023;20:14:05;00:10:16;250,2;479,2;29,2;29,8;22,6;559,0;25,1;0,1;1,11E-1;-541,2;20,00;3,0;3,0;38,90;1,42;0,874;2,0;4,74;0,428
618;12.07.2023;20:14:06;00:10:17;250,0;479,2;29,3;29,9;22,6;560,8;25,4;0,1;1,10E-1;-541,2;20,00;3,0;3,0;38,92;1,44;0,896;2,0;4,76;0,430
619;12.07.2023;20:14:07;00:10:18;250,0;482,1;29,3;29,9;22,6;561,7;25,5;0,1;1,10E-1;-541,2;20,00;3,0;3,1;38,93;1,45;0,907;2,0;4,76;0,430
620;12.07.2023;20:14:08;00:10:19;250,0;482,1;29,3;29,9;22,6;563,5;25,5;0,1;1,10E-1;-541,2;20,00;3,0;3,0;38,95;1,47;0,910;2,1;4,76;0,430
621;12.07.2023;20:14:09;00:10:20;250,1;484,8;29,4;30,0;22,6;565,4;25,5;0,1;1,10E-1;-541,2;20,00;3,0;3,0;38,97;1,49;0,938;2,1;4,77;0,433
622;12.07.2023;20:14:10;00:10:21;250,1;484,8;29,5;30,1;22,6;566,3;25,6;0,1;1,10E-1;-541,2;20,00;3,0;3,0;38,98;1,50;0,946;2,1;4,78;0,433
623;12.07.2023;20:14:11;00:10:22;250,0;487,6;29,5;30,1;22,7;568,1;25,6;0,1;1,10E-1;-541,2;20,00;3,0;3,0;39,00;1,52;0,962;2,1;4,75;0,434
624;12.07.2023;20:14:12;00:10:23;250,1;487,6;29,6;30,1;22,7;569,9;25,8;0,1;1,10E-1;-541,2;20,00;3,0;3,0;39,02;1,54;0,982;2,1;4,81;0,435
625;12.07.2023;20:14:13;00:10:24;250,0;490,3;29,6;30,1;22,7;570,8;25,7;0,1;1,10E-1;-541,2;20,00;3,0;3,1;39,03;1,55;0,998;2,1;4,77;0,436
626;12.07.2023;20:14:14;00:10:25;250,1;493,0;29,6;30,2;22,7;572,6;25,8;0,1;1,10E-1;-541,2;20,00;3,0;3,1;39,05;1,57;1,018;2,1;4,75;0,436
627;12.07.2023;20:14:15;00:10:26;250,1;493,0;29,6;30,2;22,7;573,7;25,8;0,1;1,10E-1;-541,2;20,00;3,0;3,0;39,06;1,59;1,022;2,1;4,79;0,437
628;12.07.2023;20:14:16;00:10:27;250,2;493,0;29,7;30,2;22,7;575,5;26,0;0,1;1,10E-1;-541,2;20,00;3,0;3,0;39,09;1,61;1,030;2,1;4,81;0,440
629;12.07.2023;20:14:17;00:10:28;250,1;495,8;29,7;30,3;22,7;577,3;26,0;0,1;1,09E-1;-541,2;20,00;3,0;3,0;39,11;1,63;1,064;2,1;4,79;0,440
630;12.07.2023;20:14:18;00:10:29;250,0;495,8;29,8;30,3;22,7;578,2;26,1;0,1;1,09E-1;-541,2;20,00;3,0;3,0;39,12;1,64;1,067;2,1;4,80;0,441
631;12.07.2023;20:14:19;00:10:30;250,1;498,5;29,8;30,4;22,7;580,0;26,1;0,1;1,09E-1;-541,2;20,00;3,0;3,0;39,14;1,66;1,052;2,1;4,78;0,441
632;12.07.2023;20:14:20;00:10:31;250,2;498,6;29,9;30,5;22,8;581,8;26,3;0,1;1,09E-1;-541,2;20,00;3,0;3,1;39,16;1,68;1,073;2,2;4,82;0,443
633;12.07.2023;20:14:21;00:10:32;250,3;501,5;29,9;30,6;22,8;582,8;26,2;0,1;1,09E-1;-541,2;20,00;3,0;3,0;39,18;1,70;1,098;2,2;4,80;0,441
634;12.07.2023;20:14:22;00:10:33;250,1;501,5;29,9;30,6;22,8;584,6;26,5;0,1;1,09E-1;-541,2;20,00;3,0;3,0;39,20;1,72;1,117;2,1;4,83;0,444
635;12.07.2023;20:14:23;00:10:34;250,0;504,6;30,0;30,7;22,8;586,4;26,4;0,1;1,09E-1;-541,2;20,00;3,0;3,0;39,22;1,74;1,140;2,2;4,82;0,444
636;12.07.2023;20:14:24;00:10:35;250,0;504,6;30,0;30,7;22,8;587,3;26,5;0,1;1,09E-1;-541,2;20,00;3,0;3,0;39,23;1,76;1,140;2,1;4,83;0,446
637;12.07.2023;20:14:25;00:10:36;250,1;507,7;30,1;30,8;22,8;589,1;26,5;0,1;1,09E-1;-541,2;20,00;3,0;2,9;39,26;1,78;1,133;2,2;4,83;0,444
638;12.07.2023;20:14:26;00:10:37;250,2;507,7;30,1;30,8;22,9;590,0;26,6;0,1;1,09E-1;-541,2;20,00;3,0;3,0;39,27;1,79;1,137;2,2;4,85;0,447
639;12.07.2023;20:14:27;00:10:38;250,0;510,7;30,2;30,9;22,9;592,0;26,7;0,1;1,09E-1;-541,2;20,00;3,0;3,0;39,29;1,82;1,148;2,2;4,89;0,449
640;12.07.2023;20:14:28;00:10:39;250,0;510,7;30,2;30,9;22,9;593,8;26,8;0,1;1,08E-1;-541,2;20,00;3,0;3,0;39,32;1,84;1,173;2,2;4,87;0,449
641;12.07.2023;20:14:29;00:10:40;250,0;513,6;30,2;31,0;22,9;594,7;26,7;0,1;1,08E-1;-541,2;20,00;3,0;3,0;39,33;1,85;1,179;2,2;4,88;0,449
642;12.07.2023;20:14:30;00:10:41;250,1;513,6;30,3;31,0;22,9;596,5;26,9;0,1;1,08E-1;-541,2;20,00;3,0;3,0;39,36;1,88;1,183;2,2;4,84;0,449
643;12.07.2023;20:14:31;00:10:42;250,1;516,4;30,3;31,1;22,9;598,3;26,9;0,1;1,08E-1;-541,2;20,00;3,0;2,9;39,38;1,90;1,203;2,2;4,84;0,451
644;12.07.2023;20:14:32;00:10:43;250,1;516,4;30,3;31,1;22,9;599,2;27,0;0,1;1,08E-1;-541,2;20,00;3,0;3,0;39,39;1,92;1,212;2,2;4,87;0,449
645;12.07.2023;20:14:33;00:10:44;250,0;519,1;30,4;31,2;22,9;601,1;27,0;0,1;1,08E-1;-541,2;20,00;3,0;3,0;39,42;1,94;1,228;2,2;4,84;0,451
646;12.07.2023;20:14:34;00:10:45;250,0;519,1;30,5;31,2;22,9;602,9;27,3;0,1;1,08E-1;-541,2;20,00;3,0;3,0;39,45;1,97;1,254;2,2;4,85;0,454
647;12.07.2023;20:14:35;00:10:46;250,2;521,9;30,5;31,2;22,9;603,8;27,4;0,1;1,08E-1;-541,2;20,00;3,0;3,0;39,46;1,98;1,259;2,2;4,86;0,455
648;12.07.2023;20:14:36;00:10:47;250,0;521,9;30,5;31,2;22,9;605,6;27,4;0,1;1,07E-1;-541,2;20,00;3,0;3,0;39,48;2,01;1,266;2,2;4,89;0,454
649;12.07.2023;20:14:37;00:10:48;250,0;524,7;30,6;31,3;22,9;607,4;27,4;0,1;1,07E-1;-541,2;20,00;3,0;3,0;39,51;2,03;1,293;2,2;4,86;0,456
650;12.07.2023;20:14:38;00:10:49;250,0;524,7;30,6;31,3;22,9;608,3;27,5;0,1;1,07E-1;-541,2;20,00;3,0;3,0;39,53;2,05;1,286;2,2;4,87;0,457
651;12.07.2023;20:14:39;00:10:50;250,1;527,4;30,6;31,4;22,9;610,3;27,5;0,1;1,07E-1;-541,2;20,00;3,0;3,0;39,55;2,07;1,292;2,2;4,88;0,458
652;12.07.2023;20:14:40;00:10:51;250,0;527,4;30,6;31,4;22,9;611,2;27,6;0,1;1,07E-1;-541,2;20,00;3,0;3,0;39,56;2,09;1,296;2,2;4,90;0,460
653;12.07.2023;20:14:41;00:10:52;250,1;527,4;30,7;31,5;22,9;613,0;27,8;0,1;1,07E-1;-541,2;20,00;3,0;3,0;39,59;2,12;1,290;2,3;4,88;0,461
654;12.07.2023;20:14:42;00:10:53;250,1;530,4;30,7;31,5;22,9;614,8;27,8;0,1;1,07E-1;-541,2;20,00;3,0;3,0;39,62;2,14;1,306;2,3;4,89;0,462
655;12.07.2023;20:14:43;00:10:54;250,1;530,4;30,8;31,6;22,9;615,7;27,9;0,1;1,06E-1;-541,2;20,00;3,0;2,9;39,64;2,16;1,312;2,3;4,89;0,463
656;12.07.2023;20:14:44;00:10:55;250,0;533,3;30,8;31,6;23,0;617,5;27,9;0,1;1,06E-1;-541,2;20,00;3,0;3,0;39,66;2,18;1,330;2,3;4,90;0,463
657;12.07.2023;20:14:45;00:10:56;250,0;536,3;30,9;31,7;23,0;619,4;27,9;0,1;1,06E-1;-541,2;20,00;3,0;2,9;39,69;2,21;1,349;2,3;4,90;0,464
658;12.07.2023;20:14:46;00:10:57;250,0;536,3;30,9;31,7;23,0;620,3;28,0;0,1;1,06E-1;-541,2;20,00;3,0;3,0;39,71;2,23;1,363;2,3;4,93;0,464
659;12.07.2023;20:14:47;00:10:58;250,2;539,3;30,9;31,8;23,1;622,1;28,0;0,1;1,06E-1;-541,2;20,00;3,0;3,0;39,73;2,26;1,388;2,3;4,93;0,469
660;12.07.2023;20:14:48;00:10:59;250,0;539,3;31,0;31,8;23,1;623,9;28,2;0,1;1,06E-1;-541,2;20,00;3,0;3,0;39,76;2,29;1,392;2,3;4,92;0,468
661;12.07.2023;20:14:49;00:11:00;250,1;542,1;31,0;31,9;23,1;624,8;28,1;0,1;1,06E-1;-541,2;20,00;3,0;3,0;39,77;2,30;1,391;2,3;4,94;0,468
662;12.07.2023;20:14:50;00:11:01;250,1;542,1;31,1;32,0;23,1;626,6;28,3;0,1;1,05E-1;-541,2;20,00;3,0;3,0;39,80;2,33;1,388;2,3;4,93;0,469
663;12.07.2023;20:14:51;00:11:02;250,0;544,8;31,1;32,0;23,1;628,6;28,3;0,1;1,05E-1;-541,2;20,00;3,0;3,0;39,84;2,36;1,404;2,3;4,96;0,470
664;12.07.2023;20:14:52;00:11:03;250,1;544,8;31,1;32,0;23,1;629,5;28,4;0,1;1,05E-1;-541,2;20,00;3,0;3,0;39,85;2,37;1,411;2,3;4,93;0,469
665;12.07.2023;20:14:53;00:11:04;250,1;547,5;31,2;32,1;23,2;631,3;28,4;0,1;1,05E-1;-541,2;20,00;3,0;3,0;39,88;2,40;1,413;2,3;4,94;0,472
666;12.07.2023;20:14:54;00:11:05;250,2;547,5;31,2;32,1;23,2;632,2;28,5;0,1;1,05E-1;-541,2;20,00;3,0;3,0;39,89;2,42;1,412;2,3;4,97;0,474
667;12.07.2023;20:14:55;00:11:06;250,1;550,3;31,3;32,2;23,2;634,0;28,7;0,1;1,05E-1;-541,2;20,00;3,0;3,0;39,92;2,44;1,422;2,3;4,94;0,474
668;12.07.2023;20:14:56;00:11:07;250,0;550,3;31,3;32,2;23,2;635,8;28,8;0,1;1,04E-1;-541,2;20,00;3,0;3,0;39,95;2,47;1,440;2,3;4,94;0,474
669;12.07.2023;20:14:57;00:11:08;250,0;553,0;31,4;32,3;23,2;636,7;28,7;0,1;1,04E-1;-541,2;20,00;3,0;3,0;39,97;2,49;1,446;2,4;4,93;0,475
670;12.07.2023;20:14:58;00:11:09;250,2;555,7;31,5;32,4;23,2;638,6;28,9;0,1;1,04E-1;-541,2;20,00;3,0;3,1;40,00;2,52;1,473;2,3;4,95;0,474
671;12.07.2023;20:14:59;00:11:10;250,2;555,7;31,5;32,4;23,2;640,4;28,9;0,1;1,04E-1;-541,2;20,00;3,0;3,1;40,03;2,55;1,472;2,4;4,96;0,476
672;12.07.2023;20:15:00;00:11:11;250,3;555,7;31,4;32,4;23,2;641,3;29,0;0,1;1,04E-1;-541,2;20,00;3,0;3,0;40,04;2,56;1,459;2,4;4,96;0,479
673;12.07.2023;20:15:01;00:11:12;250,0;555,7;31,5;32,5;23,2;643,1;29,3;0,1;1,04E-1;-541,2;20,00;3,0;3,0;40,07;2,59;1,482;2,4;5,00;0,480
674;12.07.2023;20:15:02;00:11:13;250,0;558,6;31,5;32,5;23,2;644,9;29,2;0,1;1,04E-1;-541,2;20,00;3,0;3,0;40,10;2,63;1,499;2,4;4,97;0,481
675;12.07.2023;20:15:03;00:11:14;250,1;561,5;31,6;32,6;23,2;645,8;29,3;0,1;1,03E-1;-541,2;20,00;3,0;3,0;40,12;2,64;1,511;2,4;5,01;0,484
676;12.07.2023;20:15:04;00:11:15;250,0;561,5;31,6;32,6;23,2;647,8;29,3;0,1;1,03E-1;-541,2;20,00;3,0;3,0;40,15;2,67;1,517;2,4;5,01;0,484
677;12.07.2023;20:15:05;00:11:16;250,2;564,4;31,6;32,7;23,2;648,7;29,2;0,1;1,03E-1;-541,2;20,00;3,0;3,0;40,17;2,69;1,515;2,4;4,99;0,484
678;12.07.2023;20:15:06;00:11:17;250,1;564,4;31,7;32,7;23,2;650,5;29,4;0,1;1,03E-1;-541,2;20,00;3,0;3,0;40,20;2,72;1,522;2,4;5,01;0,484
679;12.07.2023;20:15:07;00:11:18;250,0;567,4;31,7;32,8;23,2;652,3;29,4;0,1;1,03E-1;-541,2;20,00;3,0;3,0;40,23;2,76;1,563;2,4;4,99;0,488
680;12.07.2023;20:15:08;00:11:19;250,2;567,4;31,7;32,8;23,2;653,2;29,5;0,1;1,03E-1;-541,2;20,00;3,0;3,0;40,25;2,77;1,568;2,4;4,98;0,485
681;12.07.2023;20:15:09;00:11:20;250,3;567,4;31,8;32,9;23,2;655,0;29,8;0,1;1,03E-1;-541,2;20,00;3,0;3,0;40,28;2,80;1,558;2,5;5,03;0,488
682;12.07.2023;20:15:10;00:11:21;250,2;570,4;31,8;32,9;23,3;656,9;29,8;0,1;1,03E-1;-541,2;20,00;3,0;3,0;40,31;2,83;1,543;2,5;5,02;0,488
683;12.07.2023;20:15:11;00:11:22;250,1;573,3;31,9;33,0;23,3;657,8;29,9;0,1;1,02E-1;-541,2;20,00;3,0;3,0;40,33;2,85;1,550;2,5;5,01;0,488
684;12.07.2023;20:15:12;00:11:23;250,1;573,3;31,9;33,0;23,3;659,6;29,9;0,1;1,02E-1;-541,2;20,00;3,0;3,0;40,36;2,88;1,558;2,5;5,04;0,491
685;12.07.2023;20:15:13;00:11:24;250,3;576,2;32,0;33,1;23,3;661,4;29,8;0,1;1,02E-1;-541,2;20,00;3,0;3,0;40,39;2,91;1,566;2,4;5,02;0,488
686;12.07.2023;20:15:14;00:11:25;250,3;576,2;32,1;33,1;23,3;662,3;29,9;0,1;1,02E-1;-541,2;20,00;3,0;3,0;40,41;2,93;1,556;2,5;5,02;0,490
687;12.07.2023;20:15:15;00:11:26;250,1;579,2;32,1;33,2;23,3;664,1;30,0;0,1;1,02E-1;-541,2;20,00;3,0;3,0;40,44;2,96;1,555;2,5;5,04;0,493
688;12.07.2023;20:15:16;00:11:27;250,0;579,2;32,2;33,4;23,3;666,1;30,2;0,1;1,02E-1;-541,2;20,00;3,0;3,0;40,47;2,99;1,574;2,5;5,05;0,493
689;12.07.2023;20:15:17;00:11:28;250,0;582,1;32,2;33,4;23,3;667,0;30,0;0,1;1,02E-1;-541,2;20,00;3,0;3,0;40,49;3,01;1,585;2,5;5,07;0,494
690;12.07.2023;20:15:18;00:11:29;250,1;582,1;32,3;33,5;23,3;668,8;30,3;0,1;1,02E-1;-541,2;20,00;3,0;3,0;40,52;3,04;1,606;2,5;5,04;0,496
691;12.07.2023;20:15:19;00:11:30;250,1;582,1;32,3;33,5;23,3;669,7;30,4;0,1;1,01E-1;-541,2;20,00;3,0;3,0;40,54;3,06;1,604;2,5;5,02;0,497
692;12.07.2023;20:15:20;00:11:31;250,1;584,9;32,3;33,5;23,3;671,5;30,4;0,1;1,01E-1;-541,2;20,00;3,0;3,0;40,57;3,09;1,594;2,5;5,02;0,498
693;12.07.2023;20:15:21;00:11:32;250,0;587,9;32,3;33,5;23,3;673,4;30,6;0,1;1,01E-1;-541,2;20,00;3,0;3,0;40,60;3,12;1,603;2,5;5,04;0,498
694;12.07.2023;20:15:22;00:11:33;250,0;587,9;32,3;33,5;23,3;674,3;30,5;0,1;1,01E-1;-541,2;20,00;3,0;3,0;40,62;3,14;1,599;2,5;5,07;0,498
695;12.07.2023;20:15:23;00:11:34;250,1;590,9;32,4;33,6;23,4;676,1;30,5;0,1;1,01E-1;-541,2;20,00;3,0;2,9;40,65;3,17;1,611;2,5;5,08;0,499
696;12.07.2023;20:15:24;00:11:35;250,0;590,9;32,5;33,6;23,4;677,9;30,7;0,1;1,01E-1;-541,2;20,00;3,0;2,9;40,68;3,21;1,621;2,5;5,07;0,501
697;12.07.2023;20:15:25;00:11:36;250,0;590,9;32,5;33,8;23,4;678,8;30,8;0,1;1,01E-1;-541,2;20,00;3,0;3,0;40,70;3,23;1,630;2,5;5,04;0,503
698;12.07.2023;20:15:26;00:11:37;250,1;594,0;32,5;33,8;23,4;680,6;30,8;0,1;1,00E-1;-541,2;20,00;3,0;3,0;40,74;3,26;1,631;2,5;5,07;0,503
699;12.07.2023;20:15:27;00:11:38;250,0;597,1;32,6;33,9;23,4;682,6;30,8;0,1;1,00E-1;-541,2;20,00;3,0;3,0;40,77;3,29;1,632;2,6;5,11;0,503
700;12.07.2023;20:15:28;00:11:39;250,1;597,1;32,6;33,9;23,4;683,5;30,9;0,1;1,00E-1;-541,2;20,00;3,0;3,0;40,79;3,31;1,634;2,6;5,10;0,503
701;12.07.2023;20:15:29;00:11:40;250,0;600,0;32,7;34,0;23,4;685,3;30,8;0,1;1,00E-1;-541,2;20,00;3,0;3,0;40,82;3,34;1,632;2,6;5,07;0,503
702;12.07.2023;20:15:30;00:11:41;250,0;600,0;32,7;34,0;23,4;687,1;31,1;0,1;1,00E-1;-541,2;20,00;3,0;3,0;40,86;3,38;1,662;2,6;5,07;0,507
703;12.07.2023;20:15:31;00:11:42;250,0;603,0;32,8;34,1;23,4;688,0;31,1;0,1;9,99E-2;-541,2;20,00;3,0;3,0;40,87;3,39;1,665;2,6;5,08;0,508
704;12.07.2023;20:15:32;00:11:43;250,0;603,0;32,8;34,1;23,4;689,8;31,2;0,1;9,98E-2;-541,2;20,00;3,0;3,0;40,90;3,42;1,654;2,6;5,08;0,508
705;12.07.2023;20:15:33;00:11:44;250,0;605,9;32,9;34,2;23,4;690,7;31,1;0,1;9,98E-2;-541,2;20,00;3,0;3,0;40,92;3,44;1,635;2,6;5,13;0,508
706;12.07.2023;20:15:34;00:11:45;250,2;605,9;32,9;34,2;23,5;692,6;31,3;0,1;9,96E-2;-541,2;20,00;3,0;3,0;40,96;3,48;1,641;2,6;5,12;0,510
707;12.07.2023;20:15:35;00:11:46;250,0;608,8;32,9;34,3;23,5;694,4;31,3;0,1;9,95E-2;-541,2;20,00;3,0;3,0;40,99;3,51;1,649;2,6;5,11;0,511
708;12.07.2023;20:15:36;00:11:47;250,1;608,8;32,9;34,3;23,5;695,3;31,4;0,1;9,94E-2;-541,2;20,00;3,0;3,0;41,01;3,53;1,652;2,6;5,09;0,509
709;12.07.2023;20:15:37;00:11:48;250,0;611,7;33,0;34,4;23,5;697,1;31,4;0,1;9,92E-2;-541,2;20,00;3,0;3,0;41,04;3,56;1,656;2,6;5,13;0,512
710;12.07.2023;20:15:38;00:11:49;250,0;611,7;33,1;34,6;23,5;698,9;31,6;0,1;9,92E-2;-541,2;20,00;3,0;3,0;41,07;3,59;1,642;2,6;5,12;0,513
711;12.07.2023;20:15:39;00:11:50;250,1;611,7;33,1;34,6;23,5;699,8;31,7;0,1;9,91E-2;-541,2;20,00;3,0;3,0;41,09;3,61;1,638;2,6;5,15;0,513
712;12.07.2023;20:15:40;00:11:51;250,2;614,6;33,1;34,6;23,5;701,8;31,7;0,1;9,90E-2;-541,2;20,00;3,0;3,0;41,12;3,64;1,649;2,7;5,11;0,518
713;12.07.2023;20:15:41;00:11:52;250,1;617,8;33,2;34,6;23,5;703,6;32,0;0,1;9,88E-2;-541,2;20,00;3,0;3,0;41,15;3,68;1,640;2,7;5,15;0,520
714;12.07.2023;20:15:42;00:11:53;250,0;617,8;33,2;34,6;23,5;704,5;31,8;0,1;9,88E-2;-541,2;20,00;3,0;3,0;41,17;3,69;1,635;2,7;5,17;0,518
715;12.07.2023;20:15:43;00:11:54;250,1;620,9;33,3;34,8;23,5;706,3;31,8;0,1;9,87E-2;-541,2;20,00;3,0;3,0;41,20;3,72;1,609;2,7;5,17;0,520
716;12.07.2023;20:15:44;00:11:55;250,2;620,9;33,3;34,8;23,5;707,2;31,9;0,1;9,86E-2;-541,2;20,00;3,0;3,0;41,22;3,74;1,599;2,7;5,17;0,519
717;12.07.2023;20:15:45;00:11:56;250,1;620,9;33,4;34,9;23,5;709,0;32,1;0,1;9,85E-2;-541,2;20,00;3,0;2,9;41,25;3,77;1,607;2,7;5,14;0,522
718;12.07.2023;20:15:46;00:11:57;250,2;624,1;33,4;34,9;23,5;710,9;32,1;0,1;9,84E-2;-541,2;20,00;3,0;3,0;41,28;3,81;1,608;2,7;5,17;0,523
719;12.07.2023;20:15:47;00:11:58;250,3;624,1;33,5;35,0;23,5;711,8;32,2;0,1;9,83E-2;-541,2;20,00;3,0;3,0;41,30;3,82;1,593;2,7;5,13;0,523
720;12.07.2023;20:15:48;00:11:59;250,2;627,3;33,5;35,0;23,5;713,6;32,2;0,1;9,82E-2;-541,2;20,00;3,0;3,0;41,33;3,85;1,552;2,7;5,16;0,523
721;12.07.2023;20:15:49;00:12:00;250,1;630,3;33,5;35,1;23,5;715,4;32,1;0,1;9,81E-2;-541,2;20,00;3,0;3,0;41,36;3,88;1,552;2,7;5,13;0,523
722;12.07.2023;20:15:50;00:12:01;250,2;630,3;33,5;35,1;23,6;716,3;32,2;0,1;9,81E-2;-541,2;20,00;3,0;3,0;41,38;3,90;1,559;2,7;5,19;0,524
723;12.07.2023;20:15:51;00:12:02;250,2;633,2;33,6;35,2;23,6;718,1;32,3;0,1;9,80E-2;-541,2;20,00;3,0;3,0;41,41;3,93;1,568;2,8;5,19;0,527
724;12.07.2023;20:15:52;00:12:03;250,1;633,2;33,7;35,2;23,6;720,1;32,5;0,1;9,79E-2;-541,2;20,00;3,0;3,0;41,44;3,96;1,549;2,7;5,17;0,528
725;12.07.2023;20:15:53;00:12:04;250,0;636,2;33,7;35,4;23,6;721,0;32,3;0,1;9,78E-2;-541,2;20,00;3,0;3,0;41,45;3,97;1,531;2,7;5,19;0,527
726;12.07.2023;20:15:54;00:12:05;250,3;636,2;33,7;35,4;23,6;722,8;32,6;0,1;9,77E-2;-541,2;20,00;3,0;3,0;41,48;4,00;1,521;2,7;5,20;0,528
727;12.07.2023;20:15:55;00:12:06;250,0;639,2;33,8;35,5;23,7;724,6;32,5;0,1;9,76E-2;-541,2;20,00;3,0;3,0;41,51;4,04;1,492;2,7;5,20;0,529
728;12.07.2023;20:15:56;00:12:07;250,0;639,2;33,8;35,5;23,7;725,0;32,6;0,1;9,75E-2;-541,2;20,00;3,0;3,0;41,52;4,04;1,486;2,8;5,18;0,531
729;12.07.2023;20:15:57;00:12:08;250,1;642,3;33,9;35,6;23,7;725,0;32,4;0,1;9,75E-2;-541,2;20,00;3,0;3,0;41,55;4,08;1,446;2,7;5,19;0,531
730;12.07.2023;20:15:58;00:12:09;250,0;642,3;33,9;35,6;23,7;725,0;32,5;0,1;9,74E-2;-541,2;20,00;3,0;3,0;41,57;4,09;1,444;2,7;5,20;0,531
731;12.07.2023;20:15:59;00:12:10;250,1;645,3;34,0;35,7;23,7;725,0;32,4;0,1;9,73E-2;-541,2;20,00;3,1;3,0;41,60;4,12;1,448;2,7;5,18;0,532
732;12.07.2023;20:16:00;00:12:11;250,1;645,3;34,0;35,7;23,6;725,0;32,4;0,1;9,72E-2;-541,2;20,00;3,1;3,1;41,63;4,15;1,460;2,7;5,19;0,529
733;12.07.2023;20:16:01;00:12:12;250,0;645,2;34,0;35,6;23,6;725,0;32,4;0,1;9,71E-2;-541,2;20,00;3,1;3,1;41,65;4,17;1,463;2,8;5,19;0,530
734;12.07.2023;20:16:02;00:12:13;250,1;648,5;34,0;35,8;23,6;725,0;32,2;0,1;9,70E-2;-541,2;20,00;3,1;3,1;41,67;4,20;1,474;2,7;5,18;0,527
735;12.07.2023;20:16:03;00:12:14;250,0;648,5;34,0;35,8;23,6;725,0;32,2;0,1;9,70E-2;-541,2;20,00;3,1;3,1;41,69;4,21;1,474;2,7;5,17;0,527
736;12.07.2023;20:16:04;00:12:15;250,1;651,6;34,1;35,9;23,6;725,0;32,0;0,1;9,69E-2;-541,2;20,00;3,1;3,1;41,71;4,24;1,459;2,7;5,13;0,527
737;12.07.2023;20:16:05;00:12:16;250,2;651,6;34,2;35,9;23,6;725,0;32,1;0,1;9,69E-2;-541,2;20,00;3,1;3,1;41,74;4,27;1,436;2,7;5,14;0,527
738;12.07.2023;20:16:06;00:12:17;250,0;654,7;34,2;36,0;23,7;725,0;31,8;0,1;9,68E-2;-541,2;20,00;3,2;3,2;41,76;4,28;1,425;2,7;5,16;0,527
739;12.07.2023;20:16:07;00:12:18;250,0;657,8;34,3;36,2;23,7;725,0;31,9;0,1;9,67E-2;-541,2;20,00;3,2;3,1;41,79;4,31;1,399;2,7;5,17;0,527
740;12.07.2023;20:16:08;00:12:19;250,2;657,8;34,3;36,2;23,7;725,0;31,6;0,1;9,66E-2;-541,2;20,00;3,2;3,1;41,80;4,32;1,383;2,7;5,12;0,527
741;12.07.2023;20:16:09;00:12:20;250,2;657,8;34,4;36,3;23,7;725,0;31,7;0,1;9,65E-2;-541,2;20,00;3,2;3,2;41,82;4,34;1,333;2,7;5,14;0,527
742;12.07.2023;20:16:10;00:12:21;250,1;660,6;34,4;36,3;23,7;725,0;31,5;0,1;9,64E-2;-541,2;20,00;3,2;3,2;41,84;4,36;1,283;2,7;5,09;0,526
743;12.07.2023;20:16:11;00:12:22;250,0;660,6;34,4;36,3;23,7;725,0;31,5;0,1;9,64E-2;-541,2;20,00;3,2;3,2;41,86;4,37;1,255;2,7;5,10;0,523
744;12.07.2023;20:16:12;00:12:23;250,1;663,3;34,5;36,4;23,8;725,0;31,4;0,1;9,63E-2;-541,2;20,00;3,2;3,2;41,87;4,40;1,203;2,7;5,11;0,524
745;12.07.2023;20:16:13;00:12:24;250,0;665,9;34,6;36,5;23,8;725,0;31,2;0,1;9,62E-2;-541,2;20,00;3,3;3,3;41,89;4,42;1,134;2,6;5,07;0,523
746;12.07.2023;20:16:14;00:12:25;250,0;665,9;34,6;36,5;23,8;725,0;31,2;0,1;9,61E-2;-541,2;20,00;3,3;3,2;41,91;4,42;1,108;2,7;5,10;0,523
747;12.07.2023;20:16:15;00:12:26;250,0;665,9;34,6;36,6;23,8;725,0;31,3;0,1;9,60E-2;-541,2;20,00;3,3;3,3;41,92;4,45;1,041;2,7;5,09;0,521
748;12.07.2023;20:16:16;00:12:27;250,0;668,5;34,6;36,6;23,8;725,0;31,1;0,1;9,58E-2;-541,2;20,00;3,3;3,3;41,94;4,46;0,967;2,7;5,07;0,522
749;12.07.2023;20:16:17;00:12:28;250,0;670,9;34,7;36,7;23,8;725,0;31,0;0,1;9,58E-2;-541,2;20,00;3,3;3,3;41,94;4,47;0,935;2,7;5,06;0,523
750;12.07.2023;20:16:18;00:12:29;250,2;670,9;34,8;36,7;23,8;725,0;30,9;0,1;9,57E-2;-541,2;20,00;3,3;3,3;41,96;4,49;0,884;2,6;5,06;0,521
751;12.07.2023;20:16:19;00:12:30;250,0;673,2;34,8;36,9;23,8;725,0;30,8;0,1;9,56E-2;-541,2;20,00;3,4;3,4;41,97;4,50;0,829;2,6;5,07;0,522
752;12.07.2023;20:16:20;00:12:31;250,0;673,2;34,8;36,9;23,8;725,0;30,8;0,1;9,56E-2;-541,2;20,00;3,4;3,3;41,98;4,51;0,800;2,6;5,08;0,518
753;12.07.2023;20:16:21;00:12:32;250,0;673,2;34,9;36,9;23,8;725,0;30,9;0,1;9,54E-2;-541,2;20,00;3,4;3,3;41,99;4,52;0,754;2,6;5,07;0,520
754;12.07.2023;20:16:22;00:12:33;250,0;675,6;34,9;37,0;23,8;725,0;30,7;0,1;9,53E-2;-541,2;20,00;3,4;3,3;42,00;4,52;0,730;2,7;5,08;0,521
755;12.07.2023;20:16:23;00:12:34;250,0;675,6;34,9;37,0;23,8;725,0;30,7;0,1;9,52E-2;-541,2;20,00;3,4;3,3;42,01;4,53;0,678;2,6;5,08;0,518
756;12.07.2023;20:16:24;00:12:35;250,0;677,8;34,9;37,1;23,8;725,0;30,6;0,1;9,52E-2;-541,2;20,00;3,4;3,4;42,02;4,54;0,630;2,6;5,01;0,518
757;12.07.2023;20:16:25;00:12:36;250,0;677,8;35,0;37,2;23,8;725,0;30,6;0,1;9,51E-2;-541,2;20,00;3,4;3,4;42,03;4,55;0,602;2,6;5,03;0,517
758;12.07.2023;20:16:26;00:12:37;250,3;679,8;35,0;37,2;23,9;725,0;30,5;0,1;9,50E-2;-541,2;20,00;3,5;3,4;42,03;4,56;0,569;2,6;5,05;0,518
759;12.07.2023;20:16:27;00:12:38;250,1;681,8;35,1;37,3;23,9;725,0;30,4;0,1;9,48E-2;-541,2;20,00;3,5;3,4;42,04;4,57;0,522;2,6;5,06;0,518
760;12.07.2023;20:16:28;00:12:39;250,0;681,8;35,1;37,3;23,9;725,0;30,3;0,1;9,47E-2;-541,2;20,00;3,5;3,5;42,05;4,57;0,508;2,6;5,05;0,517
761;12.07.2023;20:16:29;00:12:40;250,1;681,8;35,1;37,4;23,9;725,0;30,4;0,1;9,46E-2;-541,2;20,00;3,5;3,5;42,05;4,58;0,470;2,6;5,08;0,517
762;12.07.2023;20:16:30;00:12:41;250,0;683,5;35,1;37,4;23,9;725,0;30,3;0,1;9,45E-2;-541,2;20,00;3,5;3,5;42,06;4,59;0,428;2,6;5,02;0,515
763;12.07.2023;20:16:31;00:12:42;250,0;683,5;35,2;37,4;23,9;725,0;30,3;0,1;9,44E-2;-541,2;20,00;3,5;3,5;42,06;4,59;0,415;2,6;5,05;0,514
764;12.07.2023;20:16:32;00:12:43;250,0;685,2;35,2;37,5;23,9;725,0;30,2;0,1;9,43E-2;-541,2;20,00;3,5;3,5;42,07;4,60;0,385;2,6;5,00;0,516
765;12.07.2023;20:16:33;00:12:44;250,2;686,7;35,2;37,6;23,9;725,0;30,1;0,1;9,41E-2;-541,2;20,00;3,6;3,5;42,08;4,60;0,372;2,6;5,02;0,513
766;12.07.2023;20:16:34;00:12:45;250,0;686,7;35,2;37,6;23,9;725,0;30,1;0,1;9,41E-2;-541,2;20,00;3,6;3,5;42,08;4,61;0,358;2,6;5,02;0,513
767;12.07.2023;20:16:35;00:12:46;250,1;686,7;35,3;37,7;23,9;725,0;30,1;0,1;9,40E-2;-541,2;20,00;3,6;3,6;42,09;4,61;0,343;2,6;5,02;0,513
768;12.07.2023;20:16:36;00:12:47;250,2;688,2;35,3;37,7;23,9;725,0;30,0;0,1;9,39E-2;-541,2;20,00;3,6;3,6;42,09;4,61;0,337;2,6;5,04;0,513
769;12.07.2023;20:16:37;00:12:48;250,2;689,5;35,3;37,8;24,0;725,0;29,9;0,1;9,38E-2;-541,2;20,00;3,6;3,6;42,10;4,62;0,342;2,6;5,02;0,513
770;12.07.2023;20:16:38;00:12:49;250,2;689,5;35,3;37,8;24,0;725,0;29,9;0,1;9,36E-2;-541,2;20,00;3,6;3,7;42,11;4,63;0,344;2,6;5,06;0,512
771;12.07.2023;20:16:39;00:12:50;250,2;689,5;35,3;37,9;24,0;725,0;30,0;0,1;9,36E-2;-541,2;20,00;3,6;3,6;42,11;4,63;0,339;2,6;5,01;0,513
772;12.07.2023;20:16:40;00:12:51;250,3;690,8;35,3;37,9;24,0;725,0;29,9;0,1;9,35E-2;-541,2;20,00;3,7;3,6;42,11;4,63;0,324;2,5;5,01;0,513
773;12.07.2023;20:16:41;00:12:52;250,0;690,8;35,3;37,8;23,9;725,0;29,9;0,1;9,33E-2;-541,2;20,00;3,7;3,7;42,12;4,64;0,306;2,6;5,00;0,513
774;12.07.2023;20:16:42;00:12:53;250,1;692,1;35,3;37,9;23,9;725,0;29,8;0,1;9,33E-2;-541,2;20,00;3,7;3,7;42,12;4,65;0,301;2,6;5,01;0,513
775;12.07.2023;20:16:43;00:12:54;250,2;692,1;35,4;38,0;23,9;725,0;29,8;0,1;9,31E-2;-541,2;20,00;3,7;3,7;42,13;4,65;0,299;2,6;5,03;0,513
776;12.07.2023;20:16:44;00:12:55;250,1;693,3;35,4;38,0;24,0;725,0;29,8;0,1;9,30E-2;-541,2;20,00;3,7;3,7;42,13;4,66;0,291;2,6;5,05;0,513
777;12.07.2023;20:16:45;00:12:56;250,3;693,3;35,4;38,0;24,0;725,0;29,8;0,1;9,29E-2;-541,2;20,00;3,7;3,7;42,14;4,66;0,290;2,6;5,03;0,513
778;12.07.2023;20:16:46;00:12:57;250,2;694,5;35,4;38,1;23,9;725,0;29,7;0,1;9,28E-2;-541,2;20,00;3,8;3,7;42,14;4,67;0,275;2,6;5,01;0,513
779;12.07.2023;20:16:47;00:12:58;250,0;694,5;35,4;38,1;23,9;725,0;29,7;0,1;9,28E-2;-541,2;20,00;3,8;3,7;42,14;4,67;0,279;2,6;4,99;0,512
780;12.07.2023;20:16:48;00:12:59;250,0;695,6;35,4;38,1;23,9;725,0;29,6;0,1;9,26E-2;-541,2;20,00;3,8;3,8;42,15;4,67;0,294;2,6;5,01;0,513
781;12.07.2023;20:16:49;00:13:00;250,1;695,6;35,5;38,1;24,0;725,0;29,7;0,1;9,24E-2;-541,2;20,00;3,8;3,8;42,15;4,68;0,286;2,6;5,01;0,513
782;12.07.2023;20:16:50;00:13:01;250,0;696,6;35,5;38,2;24,0;725,0;29,6;0,1;9,23E-2;-541,2;20,00;3,8;3,8;42,16;4,68;0,292;2,6;5,02;0,513
783;12.07.2023;20:16:51;00:13:02;250,1;696,6;35,5;38,2;24,0;725,0;29,6;0,1;9,23E-2;-541,2;20,00;3,8;3,8;42,16;4,69;0,286;2,6;5,02;0,513
784;12.07.2023;20:16:52;00:13:03;250,0;697,5;35,5;38,3;24,0;725,0;29,6;0,1;9,22E-2;-541,2;20,00;3,8;3,9;42,17;4,70;0,293;2,5;4,97;0,510
785;12.07.2023;20:16:53;00:13:04;250,0;697,5;35,5;38,3;24,0;725,0;29,6;0,1;9,20E-2;-541,2;20,00;3,9;3,8;42,17;4,70;0,285;2,6;5,02;0,512
786;12.07.2023;20:16:54;00:13:05;250,0;698,3;35,5;38,3;24,0;725,0;29,5;0,1;9,19E-2;-541,2;20,00;3,9;3,9;42,18;4,71;0,286;2,5;4,97;0,509
787;12.07.2023;20:16:55;00:13:06;250,1;699,1;35,6;38,4;24,1;725,0;29,5;0,1;9,18E-2;-541,2;20,00;3,9;3,9;42,19;4,71;0,275;2,6;5,02;0,509
788;12.07.2023;20:16:56;00:13:07;250,0;699,1;35,6;38,4;24,1;724,8;49,5;0,1;9,17E-2;-541,2;20,00;3,9;3,8;42,19;4,71;0,271;2,5;5,04;0,510
789;12.07.2023;20:16:57;00:13:08;250,0;699,9;35,6;38,4;24,1;721,9;69,6;0,1;9,15E-2;-541,2;20,00;3,9;3,8;42,20;4,72;0,246;0,0;0,01;0,053
790;12.07.2023;20:16:58;00:13:09;250,0;699,9;35,6;38,4;24,0;719,1;69,8;0,1;9,13E-2;-541,2;20,00;3,9;4,0;42,23;4,75;0,418;0,0;0,01;0,049
791;12.07.2023;20:16:59;00:13:10;250,0;699,9;35,6;38,4;24,0;717,7;69,9;0,1;9,12E-2;-541,2;20,00;3,9;4,0;42,24;4,76;0,573;0,0;0,01;0,052
792;12.07.2023;20:17:00;00:13:11;250,0;700,4;35,6;38,5;23,9;714,7;70,0;0,1;9,10E-2;-541,2;20,00;3,9;3,9;42,26;4,79;0,816;0,0;0,01;0,053
793;12.07.2023;20:17:01;00:13:12;250,0;700,4;35,5;38,5;23,9;711,8;70,2;0,1;9,08E-2;-541,2;20,00;3,9;3,9;42,28;4,80;0,896;0,0;0,01;0,053
794;12.07.2023;20:17:02;00:13:13;250,0;700,1;35,5;38,5;23,7;710,4;70,3;0,1;9,07E-2;-541,2;20,00;3,9;3,9;42,29;4,81;0,899;0,0;0,01;0,051
795;12.07.2023;20:17:03;00:13:14;250,0;698,7;35,5;38,5;23,7;707,6;70,4;0,1;9,05E-2;-541,2;20,00;3,9;3,9;42,30;4,82;0,860;0,0;0,01;0,049
796;12.07.2023;20:17:04;00:13:15;250,0;698,7;35,5;38,5;23,7;706,2;70,5;0,1;9,05E-2;-541,2;20,00;3,9;3,8;42,31;4,83;0,832;0,0;0,01;0,050
797;12.07.2023;20:17:05;00:13:16;250,0;698,7;35,3;38,5;23,5;703,4;70,7;0,1;9,02E-2;-541,2;20,00;3,9;3,9;42,32;4,84;0,764;0,0;0,01;0,053
798;12.07.2023;20:17:06;00:13:17;250,0;695,8;35,3;38,6;23,3;700,3;70,8;0,1;9,00E-2;-541,2;20,00;3,9;3,8;42,33;4,85;0,683;0,0;0,01;0,053
799;12.07.2023;20:17:07;00:13:18;250,0;695,8;35,3;38,6;23,3;698,9;70,9;0,1;8,99E-2;-541,2;20,00;3,9;3,9;42,33;4,86;0,649;0,0;0,01;0,049
800;12.07.2023;20:17:08;00:13:19;250,0;691,3;35,2;38,6;23,2;696,1;71,1;0,1;8,95E-2;-541,2;20,00;3,9;3,9;42,34;4,86;0,593;0,0;0,01;0,051
801;12.07.2023;20:17:09;00:13:20;250,0;691,3;35,0;38,6;23,2;693,3;71,2;0,1;8,93E-2;-541,2;20,00;3,9;3,9;42,35;4,87;0,554;0,0;0,01;0,049
802;12.07.2023;20:17:10;00:13:21;250,0;685,6;35,0;38,5;23,1;691,9;71,3;0,1;8,92E-2;-541,2;20,00;3,9;3,9;42,35;4,88;0,528;0,0;0,01;0,051
803;12.07.2023;20:17:11;00:13:22;250,0;685,6;34,8;38,5;23,1;689,0;71,4;0,1;8,89E-2;-541,2;20,00;3,9;3,9;42,36;4,88;0,467;0,0;0,01;0,049
804;12.07.2023;20:17:12;00:13:23;250,0;678,9;34,8;38,5;23,1;686,0;71,6;0,1;8,86E-2;-541,2;20,00;3,9;3,8;42,37;4,89;0,418;0,0;0,01;0,051
805;12.07.2023;20:17:13;00:13:24;250,0;678,9;34,5;38,4;23,1;684,6;71,6;0,1;8,85E-2;-541,2;20,00;3,9;3,9;42,37;4,89;0,404;0,0;0,01;0,053
806;12.07.2023;20:17:14;00:13:25;250,0;671,6;34,5;38,4;23,1;681,8;71,8;0,1;8,82E-2;-541,2;20,00;3,9;3,8;42,37;4,90;0,368;0,0;0,01;0,049
807;12.07.2023;20:17:15;00:13:26;250,0;671,6;34,5;38,4;23,1;680,4;71,8;0,1;8,82E-2;-541,2;20,00;3,9;3,8;42,38;4,90;0,352;0,0;0,01;0,049
808;12.07.2023;20:17:16;00:13:27;250,0;663,8;34,2;38,3;23,0;677,5;72,0;0,1;8,78E-2;-541,2;20,00;3,9;3,8;42,38;4,91;0,327;0,0;0,01;0,049
809;12.07.2023;20:17:17;00:13:28;250,0;655,8;33,9;38,1;23,0;674,7;72,1;0,1;8,77E-2;-541,2;20,00;3,9;3,8;42,39;4,91;0,301;0,0;0,00;0,051
810;12.07.2023;20:17:18;00:13:29;250,0;655,8;33,9;38,1;23,0;673,1;72,2;0,1;8,76E-2;-541,2;20,00;3,9;3,9;42,39;4,92;0,294;0,0;0,01;0,049
811;12.07.2023;20:17:19;00:13:30;250,0;655,8;33,6;37,9;23,0;670,2;72,3;0,1;8,73E-2;-541,2;20,00;3,9;3,9;42,40;4,92;0,294;0,0;0,01;0,052
812;12.07.2023;20:17:20;00:13:31;250,0;647,6;33,6;37,9;23,1;667,4;72,4;0,1;8,71E-2;-541,2;20,00;3,9;3,9;42,40;4,93;0,280;0,0;0,01;0,051
813;12.07.2023;20:17:21;00:13:32;250,0;647,7;33,7;38,0;23,1;666,0;72,5;0,1;8,70E-2;-541,2;20,00;3,9;3,9;42,40;4,93;0,275;0,0;0,01;0,051
814;12.07.2023;20:17:22;00:13:33;250,0;639,0;33,3;37,7;23,1;663,2;72,6;0,1;8,68E-2;-541,2;20,00;3,9;3,8;42,41;4,93;0,256;0,0;0,01;0,054
815;12.07.2023;20:17:23;00:13:34;250,0;630,2;33,0;37,5;23,1;660,4;72,7;0,1;8,66E-2;-541,2;20,00;3,9;3,9;42,41;4,94;0,245;0,0;0,01;0,053
816;12.07.2023;20:17:24;00:13:35;250,0;630,2;33,0;37,5;23,1;658,7;72,8;0,1;8,65E-2;-541,2;20,00;3,9;3,9;42,41;4,94;0,238;0,0;0,01;0,053
817;12.07.2023;20:17:25;00:13:36;250,0;630,2;32,7;37,5;23,1;655,9;72,9;0,1;8,63E-2;-541,2;20,00;3,9;4,0;42,42;4,94;0,228;0,0;0,01;0,050
818;12.07.2023;20:17:26;00:13:37;250,0;621,5;32,7;37,2;23,1;653,1;73,0;0,1;8,60E-2;-541,2;20,00;3,9;3,9;42,42;4,95;0,209;0,0;0,01;0,051
819;12.07.2023;20:17:27;00:13:38;250,0;621,5;32,3;37,2;23,1;651,7;73,0;0,1;8,60E-2;-541,2;20,00;3,9;3,9;42,42;4,95;0,201;0,0;0,01;0,053
820;12.07.2023;20:17:28;00:13:39;250,0;612,6;32,3;36,8;23,0;648,9;73,1;0,1;8,58E-2;-541,2;20,00;3,9;3,9;42,43;4,95;0,193;0,0;0,01;0,051
821;12.07.2023;20:17:29;00:13:40;250,0;612,6;32,3;36,8;23,0;647,5;73,2;0,1;8,57E-2;-541,2;20,00;3,9;3,9;42,43;4,95;0,194;0,0;0,01;0,054
822;12.07.2023;20:17:30;00:13:41;250,0;604,3;32,0;36,5;23,0;644,4;73,3;0,1;8,54E-2;-541,2;20,00;3,9;3,9;42,43;4,96;0,188;0,0;0,01;0,051
823;12.07.2023;20:17:31;00:13:42;250,0;596,2;31,7;36,2;23,0;641,6;73,4;0,1;8,53E-2;-541,2;20,00;3,9;3,9;42,44;4,96;0,185;0,0;0,01;0,049
824;12.07.2023;20:17:32;00:13:43;250,0;596,2;31,7;36,2;23,0;640,2;73,5;0,1;8,52E-2;-541,2;20,00;3,9;3,9;42,44;4,96;0,180;0,0;0,00;0,049
825;12.07.2023;20:17:33;00:13:44;250,0;596,2;31,4;36,2;23,0;637,3;73,6;0,1;8,50E-2;-541,2;20,00;3,9;3,9;42,44;4,97;0,173;0,0;0,01;0,050
826;12.07.2023;20:17:34;00:13:45;250,0;588,1;31,4;35,8;23,0;634,5;73,6;0,1;8,48E-2;-541,2;20,00;3,9;3,8;42,44;4,97;0,171;0,0;0,00;0,049
827;12.07.2023;20:17:35;00:13:46;250,0;588,1;31,4;35,8;23,0;633,1;73,7;0,1;8,48E-2;-541,2;20,00;3,9;3,8;42,45;4,97;0,166;0,0;0,01;0,049
828;12.07.2023;20:17:36;00:13:47;250,0;580,4;31,1;35,4;23,0;630,1;73,8;0,1;8,46E-2;-541,2;20,00;3,9;3,8;42,45;4,97;0,161;0,0;0,01;0,049
829;12.07.2023;20:17:37;00:13:48;250,0;580,4;30,9;35,1;23,0;627,2;73,9;0,1;8,44E-2;-541,2;20,00;3,9;3,9;42,45;4,98;0,160;0,0;0,01;0,052
830;12.07.2023;20:17:38;00:13:49;250,0;572,8;30,9;35,1;23,0;625,8;73,9;0,1;8,43E-2;-541,2;20,00;3,9;3,9;42,45;4,98;0,159;0,0;0,01;0,049
831;12.07.2023;20:17:39;00:13:50;250,0;572,8;30,6;34,7;23,0;623,0;74,0;0,1;8,42E-2;-541,2;20,00;3,9;3,9;42,46;4,98;0,155;0,0;0,01;0,050
832;12.07.2023;20:17:40;00:13:51;250,0;565,3;30,6;34,7;23,0;620,2;74,1;0,1;8,40E-2;-541,2;20,00;3,9;3,9;42,46;4,98;0,150;0,0;0,01;0,050
833;12.07.2023;20:17:41;00:13:52;250,0;565,2;30,5;34,6;22,9;618,8;74,1;0,1;8,40E-2;-541,2;20,00;3,9;3,9;42,46;4,99;0,149;0,0;0,01;0,050
834;12.07.2023;20:17:42;00:13:53;250,0;557,2;30,3;34,2;22,9;615,7;74,2;0,1;8,38E-2;-541,2;20,00;3,9;3,9;42,46;4,99;0,145;0,0;0,01;0,049
835;12.07.2023;20:17:43;00:13:54;250,0;557,2;30,3;34,2;22,9;614,3;74,2;0,1;8,37E-2;-541,2;20,00;3,9;3,9;42,46;4,99;0,142;0,0;0,01;0,049
836;12.07.2023;20:17:44;00:13:55;250,0;549,4;30,0;33,8;22,9;611,5;74,3;0,1;8,36E-2;-541,2;20,00;3,9;3,9;42,47;4,99;0,142;0,0;0,01;0,054
837;12.07.2023;20:17:45;00:13:56;250,0;549,4;30,0;33,8;22,9;608,7;74,4;0,1;8,35E-2;-541,2;20,00;3,9;3,8;42,47;5,00;0,136;0,0;0,01;0,049
838;12.07.2023;20:17:46;00:13:57;250,0;541,6;29,8;33,4;22,9;607,3;74,4;0,1;8,34E-2;-541,2;20,00;3,9;3,8;42,47;5,00;0,137;0,0;0,01;0,049
839;12.07.2023;20:17:47;00:13:58;250,0;541,6;29,5;33,4;22,9;604,4;74,5;0,1;8,32E-2;-541,2;20,00;3,9;3,9;42,48;5,00;0,147;0,0;0,00;0,051
840;12.07.2023;20:17:48;00:13:59;250,0;534,0;29,5;33,0;22,9;601,4;74,5;0,1;8,31E-2;-541,2;20,00;3,9;3,9;42,48;5,00;0,152;0,0;0,00;0,053
841;12.07.2023;20:17:49;00:14:00;250,0;534,0;29,3;33,0;22,9;600,0;74,6;0,1;8,30E-2;-541,2;20,00;3,9;3,9;42,48;5,01;0,152;0,0;0,01;0,049
842;12.07.2023;20:17:50;00:14:01;250,0;527,0;29,3;32,7;22,9;597,2;74,6;0,1;8,29E-2;-541,2;20,00;3,9;3,9;42,48;5,01;0,149;0,0;0,01;0,049
843;12.07.2023;20:17:51;00:14:02;250,0;520,0;29,1;32,3;22,9;594,3;74,7;0,1;8,27E-2;-541,2;20,00;3,9;3,8;42,49;5,01;0,143;0,0;0,01;0,049
844;12.07.2023;20:17:52;00:14:03;250,0;520,0;29,1;32,3;22,9;592,9;74,7;0,1;8,26E-2;-541,2;20,00;3,9;3,8;42,49;5,01;0,142;0,0;0,01;0,049
845;12.07.2023;20:17:53;00:14:04;250,0;520,0;28,9;32,3;22,9;590,1;74,8;0,1;8,25E-2;-541,2;20,00;3,9;3,9;42,49;5,01;0,132;0,0;0,01;0,051
846;12.07.2023;20:17:54;00:14:05;250,0;513,2;28,9;32,0;22,9;588,7;74,8;0,1;8,25E-2;-541,2;20,00;3,9;3,9;42,49;5,01;0,128;0,0;0,01;0,049
847;12.07.2023;20:17:55;00:14:06;250,0;513,2;28,7;32,0;22,9;585,7;74,9;0,1;8,23E-2;-541,2;20,00;3,9;3,9;42,49;5,02;0,117;0,0;0,01;0,049
848;12.07.2023;20:17:56;00:14:07;250,0;506,5;28,7;31,6;22,9;582,8;74,9;0,1;8,22E-2;-541,2;20,00;3,9;3,9;42,49;5,02;0,116;0,0;0,00;0,051
849;12.07.2023;20:17:57;00:14:08;250,0;506,5;28,6;31,3;22,9;581,4;74,9;0,1;8,21E-2;-541,2;20,00;3,9;3,9;42,49;5,02;0,115;0,0;0,01;0,049
850;12.07.2023;20:17:58;00:14:09;250,0;499,8;28,6;31,3;22,9;578,6;75,0;0,1;8,19E-2;-541,2;20,00;3,9;3,9;42,50;5,02;0,110;0,0;0,01;0,049
851;12.07.2023;20:17:59;00:14:10;250,0;493,2;28,4;31,0;22,9;575,8;75,0;0,1;8,19E-2;-541,2;20,00;3,9;3,9;42,50;5,02;0,107;0,0;0,01;0,049
852;12.07.2023;20:18:00;00:14:11;250,0;493,2;28,4;31,0;22,9;574,4;75,0;0,1;8,18E-2;-541,2;20,00;3,9;3,9;42,50;5,02;0,104;0,0;0,01;0,049
853;12.07.2023;20:18:01;00:14:12;250,0;493,2;28,4;31,0;22,9;571,3;75,1;0,1;8,16E-2;-541,2;20,00;3,9;3,9;42,50;5,03;0,098;0,0;0,01;0,049
854;12.07.2023;20:18:02;00:14:13;250,0;486,2;28,2;30,6;22,9;568,5;75,1;0,1;8,14E-2;-541,2;20,00;3,9;3,9;42,50;5,03;0,096;0,0;0,00;0,049
855;12.07.2023;20:18:03;00:14:14;250,0;486,2;28,2;30,6;22,9;567,1;75,1;0,1;8,14E-2;-541,2;20,00;3,9;3,9;42,51;5,03;0,098;0,0;0,01;0,049
856;12.07.2023;20:18:04;00:14:15;250,0;479,4;28,0;30,3;22,9;564,3;75,1;0,1;8,13E-2;-541,2;20,00;3,9;3,8;42,51;5,03;0,099;0,0;0,01;0,050
857;12.07.2023;20:18:05;00:14:16;250,0;479,4;28,0;30,3;22,9;561,4;75,2;0,1;8,12E-2;-541,2;20,00;3,9;3,9;42,51;5,03;0,102;0,0;0,00;0,050
858;12.07.2023;20:18:06;00:14:17;250,0;472,6;27,9;30,0;22,9;560,0;75,2;0,1;8,11E-2;-541,2;20,00;3,9;3,9;42,51;5,03;0,102;0,0;0,01;0,049
859;12.07.2023;20:18:07;00:14:18;250,0;465,9;27,7;29,7;22,9;557,0;75,2;0,1;8,09E-2;-541,2;20,00;3,9;3,9;42,51;5,04;0,101;0,0;0,00;0,049
860;12.07.2023;20:18:08;00:14:19;250,0;465,9;27,7;29,7;22,9;555,6;75,2;0,1;8,08E-2;-541,2;20,00;3,9;3,9;42,51;5,04;0,102;0,0;0,01;0,051
861;12.07.2023;20:18:09;00:14:20;250,0;465,9;27,6;29,7;22,9;552,8;75,2;0,1;8,08E-2;-541,2;20,00;3,9;4,0;42,52;5,04;0,105;0,0;0,01;0,049
862;12.07.2023;20:18:10;00:14:21;250,0;459,8;27,6;29,4;22,9;549,9;75,3;0,1;8,07E-2;-541,2;20,00;3,9;3,9;42,52;5,04;0,100;0,0;0,01;0,049
863;12.07.2023;20:18:11;00:14:22;250,0;459,8;27,6;29,4;22,9;548,3;75,3;0,1;8,06E-2;-541,2;20,00;3,9;3,9;42,52;5,04;0,095;0,0;0,01;0,049
864;12.07.2023;20:18:12;00:14:23;250,0;453,7;27,4;29,1;22,9;545,5;75,3;0,1;8,04E-2;-541,2;20,00;3,9;3,9;42,52;5,05;0,090;0,0;0,00;0,049
865;12.07.2023;20:18:13;00:14:24;250,0;453,7;27,4;29,1;22,9;542,6;75,3;0,1;8,03E-2;-541,2;20,00;3,9;3,9;42,52;5,05;0,099;0,0;0,01;0,049
866;12.07.2023;20:18:14;00:14:25;250,0;447,6;27,3;28,9;22,8;541,2;75,3;0,1;8,03E-2;-541,2;20,00;3,9;3,9;42,52;5,05;0,098;0,0;0,00;0,049
867;12.07.2023;20:18:15;00:14:26;250,0;447,6;27,1;28,6;22,8;538,4;75,3;0,1;8,02E-2;-541,2;20,00;3,9;3,8;42,52;5,05;0,094;0,0;0,01;0,049
868;12.07.2023;20:18:16;00:14:27;250,0;441,4;27,1;28,6;22,8;535,6;75,3;0,1;8,01E-2;-541,2;20,00;3,9;3,9;42,53;5,05;0,086;0,0;0,01;0,051
869;12.07.2023;20:18:17;00:14:28;250,0;441,4;27,0;28,6;22,8;534,0;75,3;0,1;8,00E-2;-541,2;20,00;3,9;3,9;42,53;5,05;0,080;0,0;0,01;0,049
870;12.07.2023;20:18:18;00:14:29;250,0;435,4;27,0;28,4;22,8;531,1;75,3;0,1;7,98E-2;-541,2;20,00;3,9;4,0;42,53;5,05;0,084;0,0;0,01;0,049
871;12.07.2023;20:18:19;00:14:30;250,0;435,4;27,0;28,4;22,8;529,7;75,3;0,1;7,98E-2;-541,2;20,00;3,9;3,9;42,53;5,05;0,086;0,0;0,01;0,049
872;12.07.2023;20:18:20;00:14:31;250,0;429,4;26,9;28,1;22,8;526,9;75,3;0,1;7,97E-2;-541,2;20,00;3,9;3,8;42,53;5,06;0,084;0,0;0,01;0,049
873;12.07.2023;20:18:21;00:14:32;250,0;429,3;26,8;28,1;22,8;524,1;75,3;0,1;7,95E-2;-541,2;20,00;3,9;3,9;42,53;5,06;0,085;0,0;0,01;0,051
874;12.07.2023;20:18:22;00:14:33;250,0;423,3;26,7;27,8;22,8;522,7;75,3;0,1;7,95E-2;-541,2;20,00;3,9;3,9;42,53;5,06;0,087;0,0;0,01;0,049
875;12.07.2023;20:18:23;00:14:34;250,0;423,3;26,5;27,8;22,8;519,6;75,3;0,1;7,94E-2;-541,2;20,00;3,9;3,9;42,54;5,06;0,080;0,0;0,00;0,049
876;12.07.2023;20:18:24;00:14:35;250,0;417,2;26,5;27,6;22,8;516,8;75,3;0,1;7,92E-2;-541,2;20,00;3,9;3,9;42,54;5,06;0,075;0,0;0,01;0,049
877;12.07.2023;20:18:25;00:14:36;250,0;417,2;26,5;27,6;22,8;515,4;75,3;0,1;7,91E-2;-541,2;20,00;3,9;3,9;42,54;5,06;0,078;0,0;0,01;0,049
878;12.07.2023;20:18:26;00:14:37;250,0;411,3;26,4;27,4;22,8;512,6;75,3;0,1;7,91E-2;-541,2;20,00;3,9;4,0;42,54;5,06;0,079;0,0;0,01;0,050
879;12.07.2023;20:18:27;00:14:38;250,0;411,3;26,3;27,2;22,8;509,7;75,2;0,1;7,89E-2;-541,2;20,00;3,9;3,9;42,54;5,07;0,079;0,0;0,01;0,051
880;12.07.2023;20:18:28;00:14:39;250,0;411,3;26,3;27,2;22,8;508,3;75,2;0,1;7,89E-2;-541,2;20,00;3,9;3,9;42,54;5,07;0,081;0,0;0,00;0,049
881;12.07.2023;20:18:29;00:14:40;250,0;405,5;26,3;27,2;22,7;505,3;75,2;0,1;7,87E-2;-541,2;20,00;3,9;3,8;42,54;5,07;0,077;0,0;0,00;0,051
882;12.07.2023;20:18:30;00:14:41;250,0;400,1;26,2;27,0;22,7;503,9;75,2;0,1;7,87E-2;-541,2;20,00;3,9;3,9;42,54;5,07;0,077;0,0;0,01;0,049
883;12.07.2023;20:18:31;00:14:42;250,0;400,1;26,1;27,0;22,7;501,1;75,2;0,1;7,85E-2;-541,2;20,00;3,9;4,0;42,55;5,07;0,079;0,0;0,01;0,051
884;12.07.2023;20:18:32;00:14:43;250,0;394,8;26,1;26,8;22,7;498,2;75,1;0,1;7,85E-2;-541,2;20,00;3,9;3,9;42,55;5,07;0,071;0,0;0,01;0,049
885;12.07.2023;20:18:33;00:14:44;250,0;394,8;26,1;26,8;22,7;496,8;75,1;0,1;7,84E-2;-541,2;20,00;3,9;3,8;42,55;5,07;0,070;0,0;0,01;0,049
886;12.07.2023;20:18:34;00:14:45;250,0;389,5;26,0;26,6;22,7;494,0;75,1;0,1;7,84E-2;-541,2;20,00;3,9;3,9;42,55;5,07;0,070;0,0;0,01;0,049
887;12.07.2023;20:18:35;00:14:46;250,0;384,3;25,9;26,4;22,7;490,9;75,1;0,1;7,82E-2;-541,2;20,00;3,9;3,9;42,55;5,07;0,067;0,0;0,00;0,049
888;12.07.2023;20:18:36;00:14:47;250,0;384,3;25,9;26,4;22,7;489,5;75,0;0,1;7,81E-2;-541,2;20,00;3,9;3,8;42,55;5,07;0,064;0,0;0,01;0,049
889;12.07.2023;20:18:37;00:14:48;250,0;384,3;25,8;26,4;22,7;486,7;75,0;0,1;7,80E-2;-541,2;20,00;3,9;3,9;42,55;5,08;0,059;0,0;0,01;0,049
890;12.07.2023;20:18:38;00:14:49;250,0;379,2;25,8;26,3;22,7;483,7;75,0;0,1;7,79E-2;-541,2;20,00;3,9;3,9;42,55;5,08;0,061;0,0;0,01;0,049
891;12.07.2023;20:18:39;00:14:50;250,0;379,2;25,8;26,3;22,7;482,3;74,9;0,1;7,79E-2;-541,2;20,00;3,9;4,0;42,55;5,08;0,060;0,0;0,01;0,049
892;12.07.2023;20:18:40;00:14:51;250,0;374,1;25,7;26,1;22,7;479,4;74,9;0,1;7,78E-2;-541,2;20,00;3,9;4,0;42,55;5,08;0,063;0,0;0,01;0,049
893;12.07.2023;20:18:41;00:14:52;250,0;374,1;25,6;26,1;22,7;478,0;74,9;0,1;7,77E-2;-541,2;20,00;3,9;4,0;42,55;5,08;0,065;0,0;0,01;0,049
894;12.07.2023;20:18:42;00:14:53;250,0;368,7;25,5;25,9;22,7;475,2;74,8;0,1;7,76E-2;-541,2;20,00;3,9;3,9;42,56;5,08;0,067;0,0;0,01;0,049
895;12.07.2023;20:18:43;00:14:54;250,0;368,7;25,4;25,8;22,7;472,1;74,8;0,1;7,75E-2;-541,2;20,00;3,9;3,9;42,56;5,08;0,067;0,0;0,01;0,049
896;12.07.2023;20:18:44;00:14:55;250,0;368,7;25,4;25,8;22,7;470,7;74,7;0,1;7,74E-2;-541,2;20,00;3,9;3,9;42,56;5,08;0,067;0,0;0,01;0,049
897;12.07.2023;20:18:45;00:14:56;250,0;363,5;25,4;25,8;22,7;467,9;74,7;0,1;7,74E-2;-541,2;20,00;3,9;3,9;42,56;5,08;0,063;0,0;0,01;0,049
898;12.07.2023;20:18:46;00:14:57;250,0;358,2;25,3;25,6;22,7;465,1;74,6;0,1;7,73E-2;-541,2;20,00;3,9;3,8;42,56;5,09;0,055;0,0;0,00;0,049
899;12.07.2023;20:18:47;00:14:58;250,0;358,2;25,3;25,6;22,7;463,7;74,6;0,1;7,72E-2;-541,2;20,00;3,9;3,8;42,56;5,09;0,057;0,0;0,01;0,049
900;12.07.2023;20:18:48;00:14:59;250,0;353,1;25,2;25,4;22,7;460,9;74,5;0,1;7,71E-2;-541,2;20,00;3,9;3,8;42,56;5,09;0,063;0,0;0,01;0,049
901;12.07.2023;20:18:49;00:15:00;250,0;353,1;25,2;25,4;22,6;457,8;74,5;0,1;7,70E-2;-541,2;20,00;3,9;3,8;42,56;5,09;0,060;0,0;0,01;0,049
902;12.07.2023;20:18:50;00:15:01;250,0;348,4;25,2;25,3;22,6;456,4;74,4;0,1;7,70E-2;-541,2;20,00;3,9;3,8;42,57;5,09;0,055;0,0;0,00;0,049
903;12.07.2023;20:18:51;00:15:02;250,0;348,4;25,1;25,2;22,6;453,6;74,4;0,1;7,69E-2;-541,2;20,00;3,9;3,9;42,57;5,09;0,058;0,0;0,01;0,049
904;12.07.2023;20:18:52;00:15:03;250,0;343,6;25,1;25,2;22,6;452,2;74,3;0,1;7,69E-2;-541,2;20,00;3,9;3,9;42,57;5,09;0,058;0,0;0,00;0,049
905;12.07.2023;20:18:53;00:15:04;250,0;343,6;25,0;25,2;22,6;449,4;74,2;0,1;7,68E-2;-541,2;20,00;3,9;3,8;42,57;5,09;0,058;0,0;0,01;0,049
906;12.07.2023;20:18:54;00:15:05;250,0;338,9;25,0;25,0;22,6;446,5;74,2;0,1;7,66E-2;-541,2;20,00;3,9;3,9;42,57;5,09;0,058;0,0;0,00;0,049
907;12.07.2023;20:18:55;00:15:06;250,0;338,9;25,0;25,0;22,6;445,1;74,1;0,1;7,66E-2;-541,2;20,00;3,9;3,9;42,57;5,09;0,054;0,0;0,01;0,049
908;12.07.2023;20:18:56;00:15:07;250,0;334,3;24,9;24,9;22,6;442,1;74,0;0,1;7,65E-2;-541,2;20,00;3,9;3,9;42,57;5,09;0,056;0,0;0,00;0,050
909;12.07.2023;20:18:57;00:15:08;250,0;334,3;24,8;24,8;22,6;439,2;74,0;0,1;7,64E-2;-541,2;20,00;3,9;3,9;42,57;5,10;0,052;0,0;0,00;0,052
910;12.07.2023;20:18:58;00:15:09;250,0;329,7;24,8;24,8;22,6;437,8;73,9;0,1;7,64E-2;-541,2;20,00;3,9;3,8;42,57;5,10;0,048;0,0;0,00;0,049
911;12.07.2023;20:18:59;00:15:10;250,0;329,7;24,7;24,8;22,6;435,0;73,8;0,1;7,63E-2;-541,2;20,00;3,9;4,0;42,57;5,10;0,053;0,0;0,01;0,049
912;12.07.2023;20:19:00;00:15:11;250,0;325,0;24,7;24,6;22,6;432,2;73,8;0,1;7,62E-2;-541,2;20,00;3,9;4,0;42,57;5,10;0,057;0,0;0,01;0,049
913;12.07.2023;20:19:01;00:15:12;250,0;324,9;24,6;24,5;22,6;430,8;73,7;0,1;7,61E-2;-541,2;20,00;3,9;3,9;42,57;5,10;0,054;0,0;0,00;0,050
914;12.07.2023;20:19:02;00:15:13;250,0;324,9;24,5;24,4;22,5;427,7;73,6;0,1;7,60E-2;-541,2;20,00;3,9;3,9;42,57;5,10;0,052;0,0;0,01;0,049
915;12.07.2023;20:19:03;00:15:14;250,0;320,0;24,5;24,4;22,5;424,9;73,5;0,1;7,59E-2;-541,2;20,00;3,9;3,9;42,57;5,10;0,046;0,0;0,00;0,049
916;12.07.2023;20:19:04;00:15:15;250,0;320,0;24,4;24,3;22,5;423,5;73,5;0,1;7,59E-2;-541,2;20,00;3,9;3,8;42,58;5,10;0,044;0,0;0,00;0,050
917;12.07.2023;20:19:05;00:15:16;250,0;315,1;24,4;24,3;22,5;420,7;73,4;0,1;7,58E-2;-541,2;20,00;3,9;3,8;42,58;5,10;0,048;0,0;0,01;0,049
918;12.07.2023;20:19:06;00:15:17;250,0;310,3;24,3;24,1;22,5;419,3;73,3;0,1;7,58E-2;-541,2;20,00;3,9;3,9;42,58;5,10;0,051;0,0;0,00;0,049
919;12.07.2023;20:19:07;00:15:18;250,0;310,3;24,3;24,1;22,5;416,5;73,2;0,1;7,57E-2;-541,2;20,00;3,9;3,9;42,58;5,10;0,052;0,0;0,00;0,053
920;12.07.2023;20:19:08;00:15:19;250,0;305,7;24,2;24,0;22,4;413,4;73,1;0,1;7,56E-2;-541,2;20,00;3,9;3,9;42,58;5,10;0,054;0,0;0,01;0,049
921;12.07.2023;20:19:09;00:15:20;250,0;305,7;24,2;24,0;22,4;412,0;73,1;0,1;7,55E-2;-541,2;20,00;3,9;3,9;42,58;5,11;0,054;0,0;0,01;0,049
922;12.07.2023;20:19:10;00:15:21;250,0;301,4;24,1;23,9;22,4;409,2;73,0;0,1;7,55E-2;-541,2;20,00;3,9;4,0;42,58;5,11;0,059;0,0;0,01;0,049
923;12.07.2023;20:19:11;00:15:22;250,0;301,4;24,0;23,8;22,4;406,3;72,8;0,1;7,54E-2;-541,2;20,00;3,9;4,0;42,58;5,11;0,062;0,0;0,00;0,049
924;12.07.2023;20:19:12;00:15:23;250,0;301,4;24,0;23,8;22,4;404,9;72,8;0,1;7,54E-2;-541,2;20,00;3,9;3,9;42,58;5,11;0,060;0,0;0,01;0,049
925;12.07.2023;20:19:13;00:15:24;250,0;297,2;24,0;23,8;22,4;402,1;72,7;0,1;7,53E-2;-541,2;20,00;3,9;4,0;42,58;5,11;0,061;0,0;0,00;0,049
926;12.07.2023;20:19:14;00:15:25;250,0;293,0;24,0;23,7;22,4;399,1;72,5;0,1;7,51E-2;-541,2;20,00;3,9;3,9;42,59;5,11;0,056;0,0;0,00;0,049
927;12.07.2023;20:19:15;00:15:26;250,0;293,0;24,0;23,7;22,4;397,7;72,5;0,1;7,51E-2;-541,2;20,00;3,9;3,9;42,59;5,11;0,054;0,0;0,00;0,049
928;12.07.2023;20:19:16;00:15:27;250,0;288,9;23,9;23,6;22,4;394,8;72,4;0,1;7,50E-2;-541,2;20,00;3,9;4,0;42,59;5,11;0,058;0,0;0,01;0,049
929;12.07.2023;20:19:17;00:15:28;250,0;288,9;23,8;23,6;22,4;392,0;72,2;0,1;7,50E-2;-541,2;20,00;3,9;3,9;42,59;5,11;0,056;0,0;0,01;0,049
930;12.07.2023;20:19:18;00:15:29;250,0;284,8;23,8;23,5;22,4;390,6;72,2;0,1;7,49E-2;-541,2;20,00;3,9;3,9;42,59;5,11;0,055;0,0;0,01;0,051
931;12.07.2023;20:19:19;00:15:30;250,0;284,8;23,8;23,4;22,4;387,8;72,1;0,1;7,48E-2;-541,2;20,00;3,9;3,9;42,59;5,12;0,054;0,0;0,00;0,049
932;12.07.2023;20:19:20;00:15:31;250,0;280,8;23,8;23,4;22,4;386,1;72,0;0,1;7,48E-2;-541,2;20,00;3,9;4,0;42,59;5,12;0,052;0,0;0,01;0,049
933;12.07.2023;20:19:21;00:15:32;250,0;280,8;23,8;23,5;22,5;383,3;71,8;0,1;7,47E-2;-541,2;20,00;3,9;4,0;42,59;5,12;0,051;0,0;0,00;0,049
934;12.07.2023;20:19:22;00:15:33;250,0;276,6;23,7;23,3;22,5;380,5;71,7;0,1;7,46E-2;-541,2;20,00;3,9;3,9;42,59;5,12;0,049;0,0;0,01;0,049
935;12.07.2023;20:19:23;00:15:34;250,0;276,6;23,7;23,3;22,5;379,1;71,6;0,1;7,45E-2;-541,2;20,00;3,9;3,9;42,59;5,12;0,052;0,0;0,00;0,049
936;12.07.2023;20:19:24;00:15:35;250,0;272,3;23,7;23,2;22,5;376,3;71,5;0,1;7,45E-2;-541,2;20,00;3,9;4,0;42,60;5,12;0,053;0,0;0,00;0,049
937;12.07.2023;20:19:25;00:15:36;250,0;272,3;23,7;23,2;22,5;373,4;71,4;0,1;7,44E-2;-541,2;20,00;3,9;3,9;42,60;5,12;0,055;0,0;0,00;0,049
938;12.07.2023;20:19:26;00:15:37;250,0;268,1;23,6;23,2;22,4;371,8;71,3;0,1;7,43E-2;-541,2;20,00;3,9;3,9;42,60;5,12;0,054;0,0;0,01;0,049
939;12.07.2023;20:19:27;00:15:38;250,0;268,1;23,5;23,2;22,4;369,0;71,1;0,1;7,42E-2;-541,2;20,00;3,9;3,8;42,60;5,12;0,052;0,0;0,01;0,049
940;12.07.2023;20:19:28;00:15:39;250,0;264,0;23,5;23,1;22,4;366,2;71,0;0,1;7,41E-2;-541,2;20,00;3,9;3,9;42,60;5,12;0,048;0,0;0,00;0,049
941;12.07.2023;20:19:29;00:15:40;250,0;264,0;23,5;23,1;22,4;364,8;70,9;0,1;7,41E-2;-541,2;20,00;3,9;3,9;42,60;5,12;0,045;0,0;0,01;0,049
942;12.07.2023;20:19:30;00:15:41;250,0;260,2;23,4;23,0;22,4;361,9;70,8;0,1;7,40E-2;-541,2;20,00;3,9;3,9;42,60;5,12;0,045;0,0;0,01;0,049
943;12.07.2023;20:19:31;00:15:42;250,0;260,2;23,4;23,0;22,4;360,5;70,7;0,1;7,40E-2;-541,2;20,00;3,9;3,9;42,60;5,12;0,043;0,0;0,00;0,049
944;12.07.2023;20:19:32;00:15:43;250,0;260,2;23,4;22,9;22,4;357,5;70,5;0,1;7,40E-2;-541,2;20,00;3,9;4,0;42,60;5,12;0,042;0,0;0,00;0,049
945;12.07.2023;20:19:33;00:15:44;250,0;256,4;23,4;22,9;22,4;354,6;70,4;0,1;7,38E-2;-541,2;20,00;3,9;3,8;42,60;5,13;0,040;0,0;0,01;0,049
946;12.07.2023;20:19:34;00:15:45;250,0;252,6;23,3;22,8;22,4;353,2;70,3;0,1;7,38E-2;-541,2;20,00;3,9;3,8;42,60;5,13;0,042;0,0;0,01;0,049
947;12.07.2023;20:19:35;00:15:46;250,0;252,6;23,3;22,8;22,4;350,4;70,1;0,1;7,37E-2;-541,2;20,00;3,9;3,8;42,60;5,13;0,041;0,0;0,01;0,049
948;12.07.2023;20:19:36;00:15:47;250,0;248,9;23,2;22,7;22,4;347,6;70,0;0,1;7,36E-2;-541,2;20,00;3,9;3,8;42,60;5,13;0,043;0,0;0,01;0,049
949;12.07.2023;20:19:37;00:15:48;250,0;248,9;23,2;22,7;22,4;346,2;69,9;0,1;7,36E-2;-541,2;20,00;3,9;3,9;42,60;5,13;0,041;0,0;0,01;0,049
950;12.07.2023;20:19:38;00:15:49;250,0;245,3;23,2;22,6;22,4;343,1;69,7;0,1;7,35E-2;-541,2;20,00;3,9;3,9;42,60;5,13;0,041;0,0;0,00;0,049
951;12.07.2023;20:19:39;00:15:50;250,0;241,6;23,1;22,6;22,4;340,3;69,5;0,1;7,35E-2;-541,2;20,00;3,9;3,8;42,61;5,13;0,038;0,0;0,01;0,049
952;12.07.2023;20:19:40;00:15:51;250,0;241,6;23,1;22,6;22,4;338,9;69,5;0,1;7,34E-2;-541,2;20,00;3,9;3,8;42,61;5,13;0,043;0,0;0,00;0,049
953;12.07.2023;20:19:41;00:15:52;250,0;241,6;23,1;22,6;22,4;336,1;69,3;0,1;7,34E-2;-541,2;20,00;3,9;3,9;42,61;5,13;0,049;0,0;0,01;0,049
954;12.07.2023;20:19:42;00:15:53;250,0;237,8;23,0;22,5;22,4;333,3;69,1;0,1;7,33E-2;-541,2;20,00;3,9;4,0;42,61;5,13;0,046;0,0;0,01;0,049
955;12.07.2023;20:19:43;00:15:54;250,0;237,8;23,0;22,5;22,4;331,8;69,0;0,1;7,33E-2;-541,2;20,00;3,9;3,9;42,61;5,13;0,041;0,0;0,00;0,049
956;12.07.2023;20:19:44;00:15:55;250,0;234,0;23,0;22,4;22,4;328,8;68,8;0,1;7,32E-2;-541,2;20,00;3,9;4,0;42,61;5,13;0,045;0,0;0,00;0,052
957;12.07.2023;20:19:45;00:15:56;250,0;234,0;23,0;22,4;22,4;327,4;68,7;0,1;7,32E-2;-541,2;20,00;3,9;4,0;42,61;5,13;0,046;0,0;0,00;0,049
958;12.07.2023;20:19:46;00:15:57;250,0;234,0;22,9;22,3;22,4;324,6;68,6;0,1;7,31E-2;-541,2;20,00;3,9;4,0;42,61;5,14;0,045;0,0;0,01;0,049
959;12.07.2023;20:19:47;00:15:58;250,0;230,1;22,9;22,3;22,4;321,7;68,4;0,1;7,31E-2;-541,2;20,00;3,9;3,9;42,61;5,14;0,043;0,0;0,00;0,049
960;12.07.2023;20:19:48;00:15:59;250,0;230,1;22,9;22,3;22,4;320,3;68,3;0,1;7,30E-2;-541,2;20,00;3,9;3,8;42,61;5,14;0,040;0,0;0,01;0,049
961;12.07.2023;20:19:49;00:16:00;250,0;226,3;22,8;22,3;22,4;317,5;68,1;0,1;7,30E-2;-541,2;20,00;3,9;3,8;42,61;5,14;0,040;0,0;0,01;0,049
962;12.07.2023;20:19:50;00:16:01;250,0;222,7;22,8;22,2;22,4;314,5;67,9;0,1;7,29E-2;-541,2;20,00;3,9;4,0;42,61;5,14;0,038;0,0;0,01;0,049
963;12.07.2023;20:19:51;00:16:02;250,0;222,7;22,8;22,2;22,4;313,0;67,8;0,1;7,29E-2;-541,2;20,00;3,9;4,0;42,61;5,14;0,038;0,0;0,01;0,049
964;12.07.2023;20:19:52;00:16:03;250,0;219,2;22,7;22,1;22,4;310,2;67,6;0,1;7,28E-2;-541,2;20,00;3,9;3,8;42,61;5,14;0,035;0,0;0,00;0,049
965;12.07.2023;20:19:53;00:16:04;250,0;219,2;22,7;22,1;22,3;307,4;67,4;0,1;7,27E-2;-541,2;20,00;3,9;4,0;42,62;5,14;0,045;0,0;0,00;0,049
966;12.07.2023;20:19:54;00:16:05;250,0;215,8;22,7;22,1;22,3;306,0;67,3;0,1;7,27E-2;-541,2;20,00;3,9;4,0;42,62;5,14;0,043;0,0;0,01;0,049
967;12.07.2023;20:19:55;00:16:06;250,0;215,8;22,6;22,1;22,3;303,2;67,1;0,1;7,26E-2;-541,2;20,00;3,9;3,9;42,62;5,14;0,046;0,0;0,01;0,049
968;12.07.2023;20:19:56;00:16:07;250,0;212,5;22,6;22,0;22,3;300,1;66,9;0,1;7,25E-2;-541,2;20,00;3,9;3,8;42,62;5,14;0,043;0,0;0,01;0,049
969;12.07.2023;20:19:57;00:16:08;250,0;212,5;22,6;22,0;22,3;298,7;66,8;0,1;7,25E-2;-541,2;20,00;3,9;3,8;42,62;5,14;0,044;0,0;0,00;0,049
970;12.07.2023;20:19:58;00:16:09;250,0;209,2;22,5;21,9;22,3;295,9;66,6;0,1;7,24E-2;-541,2;20,00;3,9;3,8;42,62;5,14;0,045;0,0;0,01;0,049
971;12.07.2023;20:19:59;00:16:10;250,0;209,2;22,5;21,9;22,3;294,5;66,4;0,1;7,24E-2;-541,2;20,00;3,9;3,8;42,62;5,14;0,043;0,0;0,00;0,049
972;12.07.2023;20:20:00;00:16:11;250,0;206,0;22,5;21,9;22,3;291,7;66,2;0,1;7,23E-2;-541,2;20,00;3,9;3,9;42,62;5,15;0,047;0,0;0,01;0,049
973;12.07.2023;20:20:01;00:16:12;250,0;205,9;22,5;21,8;22,3;288,8;66,0;0,1;7,22E-2;-541,2;20,00;3,9;4,0;42,62;5,15;0,049;0,0;0,00;0,049
974;12.07.2023;20:20:02;00:16:13;250,0;205,9;22,4;21,8;22,3;287,4;65,9;0,1;7,21E-2;-541,2;20,00;3,9;4,0;42,62;5,15;0,044;0,0;0,00;0,049
975;12.07.2023;20:20:03;00:16:14;250,0;202,5;22,4;21,8;22,3;284,4;65,7;0,1;7,20E-2;-541,2;20,00;3,9;3,8;42,62;5,15;0,041;0,0;0,00;0,049
976;12.07.2023;20:20:04;00:16:15;250,0;199,1;22,3;21,7;22,3;281,6;65,5;0,1;7,20E-2;-541,2;20,00;3,9;3,8;42,62;5,15;0,044;0,0;0,01;0,049
977;12.07.2023;20:20:05;00:16:16;250,0;199,1;22,3;21,7;22,3;280,1;65,3;0,1;7,20E-2;-541,2;20,00;3,9;3,8;42,62;5,15;0,044;0,0;0,00;0,049
978;12.07.2023;20:20:06;00:16:17;250,0;195,7;22,2;21,6;22,3;277,3;65,1;0,1;7,19E-2;-541,2;20,00;3,9;3,8;42,63;5,15;0,049;0,0;0,01;0,049
979;12.07.2023;20:20:07;00:16:18;250,0;195,7;22,2;21,6;22,2;274,5;64,9;0,1;7,18E-2;-541,2;20,00;3,9;3,9;42,63;5,15;0,049;0,0;0,01;0,051
980;12.07.2023;20:20:08;00:16:19;250,0;195,7;22,2;21,6;22,2;273,1;64,8;0,1;7,17E-2;-541,2;20,00;3,9;4,0;42,63;5,15;0,049;0,0;0,01;0,049
981;12.07.2023;20:20:09;00:16:20;250,0;192,4;22,2;21,6;22,2;270,0;64,5;0,1;7,16E-2;-541,2;20,00;3,9;3,9;42,63;5,15;0,042;0,0;0,00;0,049
982;12.07.2023;20:20:10;00:16:21;250,0;189,4;22,1;21,5;22,2;268,6;64,4;0,1;7,16E-2;-541,2;20,00;3,9;3,8;42,63;5,15;0,036;0,0;0,01;0,049
983;12.07.2023;20:20:11;00:16:22;250,0;189,4;22,1;21,5;22,2;265,8;64,2;0,1;7,15E-2;-541,2;20,00;3,9;4,0;42,63;5,15;0,039;0,0;0,00;0,049
984;12.07.2023;20:20:12;00:16:23;250,0;186,4;22,1;21,4;22,2;263,0;63,9;0,1;7,15E-2;-541,2;20,00;3,9;3,8;42,63;5,15;0,034;0,0;0,01;0,049
985;12.07.2023;20:20:13;00:16:24;250,0;186,4;22,1;21,4;22,2;261,6;63,8;0,1;7,15E-2;-541,2;20,00;3,9;3,8;42,63;5,15;0,034;0,0;0,01;0,049
986;12.07.2023;20:20:14;00:16:25;250,0;183,4;22,0;21,4;22,2;258,8;63,6;0,1;7,13E-2;-541,2;20,00;3,9;3,9;42,63;5,16;0,042;0,0;0,01;0,050
987;12.07.2023;20:20:15;00:16:26;250,0;183,4;22,0;21,3;22,2;255,7;63,3;0,1;7,13E-2;-541,2;20,00;3,9;3,9;42,63;5,16;0,043;0,0;0,00;0,049
988;12.07.2023;20:20:16;00:16:27;250,0;183,4;22,0;21,3;22,2;254,3;63,2;0,1;7,12E-2;-541,2;20,00;3,9;3,9;42,63;5,16;0,040;0,0;0,00;0,049
989;12.07.2023;20:20:17;00:16:28;250,0;180,5;22,0;21,3;22,2;251,5;62,9;0,1;7,11E-2;-541,2;20,00;3,9;3,9;42,63;5,16;0,043;0,0;0,01;0,049
990;12.07.2023;20:20:18;00:16:29;250,0;177,5;21,9;21,3;22,2;248,7;62,7;0,1;7,10E-2;-541,2;20,00;3,9;3,8;42,63;5,16;0,039;0,0;0,01;0,049
991;12.07.2023;20:20:19;00:16:30;250,0;177,5;21,9;21,3;22,2;247,2;62,6;0,1;7,10E-2;-541,2;20,00;3,9;3,8;42,63;5,16;0,037;0,0;0,00;0,049
992;12.07.2023;20:20:20;00:16:31;250,0;174,7;21,9;21,2;22,2;244,4;62,3;0,1;7,10E-2;-541,2;20,00;3,9;3,8;42,63;5,16;0,032;0,0;0,01;0,049
993;12.07.2023;20:20:21;00:16:32;250,0;174,6;21,8;21,2;22,2;241,4;62,0;0,1;7,09E-2;-541,2;20,00;3,9;3,9;42,63;5,16;0,037;0,0;0,00;0,049
994;12.07.2023;20:20:22;00:16:33;250,0;174,6;21,8;21,1;22,2;240,0;61,9;0,1;7,09E-2;-541,2;20,00;3,9;3,8;42,63;5,16;0,036;0,0;0,01;0,049
995;12.07.2023;20:20:23;00:16:34;250,0;171,6;21,8;21,1;22,1;237,1;61,6;0,1;7,07E-2;-541,2;20,00;3,9;3,8;42,64;5,16;0,034;0,0;0,01;0,049
996;12.07.2023;20:20:24;00:16:35;250,0;171,6;21,8;21,1;22,1;235,7;61,5;0,1;7,07E-2;-541,2;20,00;3,9;3,9;42,64;5,16;0,033;0,0;0,01;0,049
997;12.07.2023;20:20:25;00:16:36;250,0;168,5;21,7;21,1;22,1;232,9;61,2;0,1;7,06E-2;-541,2;20,00;3,9;3,9;42,64;5,16;0,037;0,0;0,01;0,050
998;12.07.2023;20:20:26;00:16:37;250,0;165,5;21,7;21,0;22,1;230,1;61,0;0,1;7,06E-2;-541,2;20,00;3,9;3,9;42,64;5,16;0,033;0,0;0,00;0,049
999;12.07.2023;20:20:27;00:16:38;250,0;165,5;21,7;21,0;22,1;228,4;60,8;0,1;7,06E-2;-541,2;20,00;3,9;3,9;42,64;5,16;0,036;0,0;0,00;0,049
1000;12.07.2023;20:20:28;00:16:39;250,0;162,6;21,6;20,9;22,1;225,6;60,6;0,1;7,05E-2;-541,2;20,00;3,9;3,9;42,64;5,16;0,034;0,0;0,00;0,049
1001;12.07.2023;20:20:29;00:16:40;250,0;162,6;21,6;20,9;22,1;222,8;60,3;0,1;7,04E-2;-541,2;20,00;3,9;3,9;42,64;5,16;0,034;0,0;0,00;0,049
1002;12.07.2023;20:20:30;00:16:41;250,0;159,9;21,6;20,9;22,1;221,4;60,1;0,1;7,04E-2;-541,2;20,00;3,9;3,9;42,64;5,16;0,030;0,0;0,00;0,049
1003;12.07.2023;20:20:31;00:16:42;250,0;159,9;21,6;20,9;22,1;218,6;59,9;0,1;7,03E-2;-541,2;20,00;3,9;3,8;42,64;5,16;0,028;0,0;0,01;0,052
1004;12.07.2023;20:20:32;00:16:43;250,0;157,0;21,5;20,8;22,1;215,8;59,6;0,1;7,02E-2;-541,2;20,00;3,9;3,9;42,64;5,17;0,032;0,0;0,01;0,049
1005;12.07.2023;20:20:33;00:16:44;250,0;157,0;21,5;20,8;22,1;214,3;59,4;0,1;7,01E-2;-541,2;20,00;3,9;3,9;42,64;5,17;0,033;0,0;0,01;0,049
1006;12.07.2023;20:20:34;00:16:45;250,0;154,3;21,5;20,8;22,1;211,3;59,1;0,1;7,01E-2;-541,2;20,00;3,9;3,9;42,64;5,17;0,033;0,0;0,01;0,050
1007;12.07.2023;20:20:35;00:16:46;250,0;154,3;21,4;20,8;22,1;208,5;58,9;0,1;7,00E-2;-541,2;20,00;3,9;3,9;42,64;5,17;0,033;0,0;0,01;0,049
1008;12.07.2023;20:20:36;00:16:47;250,0;154,3;21,4;20,8;22,1;207,1;58,7;0,1;7,00E-2;-541,2;20,00;3,9;3,9;42,64;5,17;0,034;0,0;0,01;0,049
1009;12.07.2023;20:20:37;00:16:48;250,0;151,5;21,4;20,7;22,1;204,2;58,4;0,1;6,99E-2;-541,2;20,00;3,9;3,8;42,64;5,17;0,030;0,0;0,01;0,049
1010;12.07.2023;20:20:38;00:16:49;250,0;148,8;21,4;20,7;22,1;202,8;58,3;0,1;6,99E-2;-541,2;20,00;3,9;3,9;42,64;5,17;0,033;0,0;0,01;0,049
1011;12.07.2023;20:20:39;00:16:50;250,0;148,8;21,4;20,7;22,1;200,0;58,0;0,1;6,98E-2;-541,2;20,00;3,9;3,9;42,64;5,17;0,033;0,0;0,00;0,049
1012;12.07.2023;20:20:40;00:16:51;250,0;146,3;21,3;20,6;22,1;197,0;57,7;0,1;6,97E-2;-541,2;20,00;3,9;3,9;42,64;5,17;0,031;0,0;0,01;0,049
1013;12.07.2023;20:20:41;00:16:52;250,0;146,3;21,3;20,6;22,1;195,5;57,5;0,1;6,97E-2;-541,2;20,00;3,9;3,9;42,64;5,17;0,028;0,0;0,00;0,049
1014;12.07.2023;20:20:42;00:16:53;250,0;146,3;21,3;20,7;22,1;192,7;57,2;0,1;6,96E-2;-541,2;20,00;3,9;4,0;42,64;5,17;0,032;0,0;0,00;0,049
1015;12.07.2023;20:20:43;00:16:54;250,0;143,6;21,3;20,6;22,1;189,9;56,9;0,1;6,95E-2;-541,2;20,00;3,9;3,9;42,65;5,17;0,032;0,0;0,00;0,051
1016;12.07.2023;20:20:44;00:16:55;250,0;143,6;21,3;20,6;22,1;188,5;56,8;0,1;6,95E-2;-541,2;20,00;3,9;3,9;42,65;5,17;0,032;0,0;0,01;0,049
1017;12.07.2023;20:20:45;00:16:56;250,0;141,0;21,2;20,5;22,1;185,7;56,4;0,1;6,94E-2;-541,2;20,00;3,9;4,0;42,65;5,17;0,036;0,0;0,01;0,049
1018;12.07.2023;20:20:46;00:16:57;250,0;141,0;21,2;20,5;22,1;182,6;56,1;0,1;6,93E-2;-541,2;20,00;3,9;3,9;42,65;5,17;0,032;0,0;0,01;0,049
1019;12.07.2023;20:20:47;00:16:58;250,0;138,3;21,2;20,5;22,1;181,2;56,0;0,1;6,93E-2;-541,2;20,00;3,9;3,8;42,65;5,17;0,030;0,0;0,00;0,050
1020;12.07.2023;20:20:48;00:16:59;250,0;135,7;21,1;20,5;22,1;178,4;55,6;0,1;6,92E-2;-541,2;20,00;3,9;3,9;42,65;5,17;0,029;0,0;0,01;0,049
1021;12.07.2023;20:20:49;00:17:00;250,0;135,7;21,1;20,5;22,1;177,0;55,5;0,1;6,92E-2;-541,2;20,00;3,9;3,8;42,65;5,17;0,026;0,0;0,01;0,049
1022;12.07.2023;20:20:50;00:17:01;250,0;133,4;21,1;20,4;22,1;174,2;55,2;0,1;6,91E-2;-541,2;20,00;3,9;3,9;42,65;5,17;0,031;0,0;0,01;0,052
1023;12.07.2023;20:20:51;00:17:02;250,0;133,4;21,1;20,4;22,1;171,3;54,9;0,1;6,91E-2;-541,2;20,00;3,9;3,9;42,65;5,18;0,032;0,0;0,00;0,052
1024;12.07.2023;20:20:52;00:17:03;250,0;133,4;21,1;20,4;22,1;169,7;54,7;0,1;6,90E-2;-541,2;20,00;3,9;4,0;42,65;5,18;0,034;0,0;0,01;0,053
1025;12.07.2023;20:20:53;00:17:04;250,0;131,0;21,1;20,4;22,1;166,9;54,3;0,1;6,90E-2;-541,2;20,00;3,9;4,0;42,65;5,18;0,031;0,0;0,00;0,049
1026;12.07.2023;20:20:54;00:17:05;250,0;128,7;21,0;20,3;22,1;164,1;54,0;0,1;6,89E-2;-541,2;20,00;3,9;3,9;42,65;5,18;0,031;0,0;0,00;0,053
1027;12.07.2023;20:20:55;00:17:06;250,0;128,7;21,0;20,3;22,1;162,6;53,9;0,1;6,88E-2;-541,2;20,00;3,9;3,9;42,65;5,18;0,030;0,0;0,01;0,049
1028;12.07.2023;20:20:56;00:17:07;250,0;128,7;21,0;20,3;22,1;159,8;53,5;0,1;6,87E-2;-541,2;20,00;3,9;3,8;42,65;5,18;0,027;0,0;0,00;0,053
1029;12.07.2023;20:20:57;00:17:08;250,0;126,4;21,0;20,3;22,0;157,0;53,2;0,1;6,86E-2;-541,2;20,00;3,9;4,0;42,65;5,18;0,035;0,0;0,01;0,049
1030;12.07.2023;20:20:58;00:17:09;250,0;124,1;20,9;20,2;22,0;155,4;53,0;0,1;6,86E-2;-541,2;20,00;3,9;3,9;42,65;5,18;0,033;0,0;0,00;0,049
1031;12.07.2023;20:20:59;00:17:10;250,0;124,1;20,9;20,2;22,0;152,5;52,7;0,1;6,86E-2;-541,2;20,00;3,9;3,9;42,65;5,18;0,030;0,0;0,01;0,049
1032;12.07.2023;20:21:00;00:17:11;250,0;121,9;20,9;20,2;22,0;149,7;52,3;0,1;6,85E-2;-541,2;20,00;3,9;3,9;42,65;5,18;0,031;0,0;0,01;0,050
1033;12.07.2023;20:21:01;00:17:12;250,0;122,0;20,9;20,2;22,0;148,3;52,2;0,1;6,85E-2;-541,2;20,00;3,9;3,8;42,65;5,18;0,027;0,0;0,01;0,049
1034;12.07.2023;20:21:02;00:17:13;250,0;122,0;20,9;20,2;22,1;145,5;51,8;0,1;6,84E-2;-541,2;20,00;3,9;3,9;42,66;5,18;0,028;0,0;0,00;0,049
1035;12.07.2023;20:21:03;00:17:14;250,0;119,7;20,9;20,2;22,1;144,1;51,6;0,1;6,84E-2;-541,2;20,00;3,9;3,9;42,66;5,18;0,028;0,0;0,01;0,053
1036;12.07.2023;20:21:04;00:17:15;250,0;119,7;20,8;20,1;22,1;141,0;51,3;0,1;6,82E-2;-541,2;20,00;3,9;3,9;42,66;5,18;0,027;0,0;0,01;0,049
1037;12.07.2023;20:21:05;00:17:16;250,0;117,4;20,8;20,1;22,1;138,2;50,9;0,1;6,82E-2;-541,2;20,00;3,9;3,9;42,66;5,18;0,025;0,0;0,00;0,050
1038;12.07.2023;20:21:06;00:17:17;250,0;117,4;20,8;20,1;22,1;136,8;50,7;0,1;6,82E-2;-541,2;20,00;3,9;3,9;42,66;5,18;0,027;0,0;0,01;0,050
1039;12.07.2023;20:21:07;00:17:18;250,0;115,1;20,8;20,1;22,0;134,0;50,4;0,1;6,81E-2;-541,2;20,00;3,9;3,8;42,66;5,18;0,026;0,0;0,01;0,050
1040;12.07.2023;20:21:08;00:17:19;250,0;112,9;20,8;20,0;22,0;131,2;50,0;0,1;6,81E-2;-541,2;20,00;3,9;3,9;42,66;5,18;0,027;0,0;0,01;0,050
1041;12.07.2023;20:21:09;00:17:20;250,0;112,9;20,8;20,0;22,0;129,7;49,9;0,1;6,80E-2;-541,2;20,00;3,9;3,9;42,66;5,18;0,028;0,0;0,00;0,049
1042;12.07.2023;20:21:10;00:17:21;250,0;110,9;20,7;20,0;22,0;126,7;49,5;0,1;6,80E-2;-541,2;20,00;3,9;3,9;42,66;5,18;0,025;0,0;0,00;0,049
1043;12.07.2023;20:21:11;00:17:22;250,0;110,9;20,7;20,0;22,0;123,9;49,1;0,1;6,79E-2;-541,2;20,00;3,9;3,9;42,66;5,18;0,025;0,0;0,00;0,049
1044;12.07.2023;20:21:12;00:17:23;250,0;110,9;20,7;20,0;22,0;122,5;48,9;0,1;6,78E-2;-541,2;20,00;3,9;3,9;42,66;5,19;0,026;0,0;0,01;0,052
1045;12.07.2023;20:21:13;00:17:24;250,0;108,9;20,7;20,0;22,0;119,6;48,6;0,1;6,78E-2;-541,2;20,00;3,9;3,9;42,66;5,19;0,028;0,0;0,00;0,053
1046;12.07.2023;20:21:14;00:17:25;250,0;107,0;20,7;20,0;22,0;116,8;48,2;0,1;6,77E-2;-541,2;20,00;3,9;3,9;42,66;5,19;0,027;0,0;0,00;0,051
1047;12.07.2023;20:21:15;00:17:26;250,0;107,0;20,7;20,0;22,0;115,4;48,0;0,1;6,77E-2;-541,2;20,00;3,9;3,8;42,66;5,19;0,024;0,0;0,01;0,049
1048;12.07.2023;20:21:16;00:17:27;250,0;105,0;20,6;19,9;22,0;112,4;47,6;0,1;6,76E-2;-541,2;20,00;3,9;3,9;42,66;5,19;0,025;0,0;0,00;0,051
1049;12.07.2023;20:21:17;00:17:28;250,0;105,0;20,6;19,9;22,0;110,9;47,4;0,1;6,76E-2;-541,2;20,00;3,9;3,9;42,66;5,19;0,025;0,0;0,01;0,050
1050;12.07.2023;20:21:18;00:17:29;250,0;103,1;20,6;19,9;22,0;108,1;47,0;0,1;6,75E-2;-541,2;20,00;3,9;3,9;42,66;5,19;0,026;0,0;0,00;0,052
1051;12.07.2023;20:21:19;00:17:30;250,0;103,1;20,5;19,9;22,0;105,3;46,7;0,1;6,74E-2;-541,2;20,00;3,9;3,9;42,66;5,19;0,022;0,0;0,00;0,049
1052;12.07.2023;20:21:20;00:17:31;250,0;103,1;20,5;19,9;22,0;103,9;46,5;0,1;6,74E-2;-541,2;20,00;3,9;3,9;42,66;5,19;0,021;0,0;0,01;0,049
1053;12.07.2023;20:21:21;00:17:32;250,0;101,2;20,5;19,8;22,0;101,1;46,1;0,1;6,73E-2;-541,2;20,00;3,9;3,9;42,66;5,19;0,024;0,0;0,01;0,050
1054;12.07.2023;20:21:22;00:17:33;250,0;101,1;20,4;19,8;22,0;98,0;45,7;0,1;6,72E-2;-541,2;20,00;3,9;3,9;42,66;5,19;0,027;0,0;0,01;0,049
1055;12.07.2023;20:21:23;00:17:34;250,0;99,1;20,4;19,7;21,9;96,6;45,5;0,1;6,72E-2;-541,2;20,00;3,9;3,9;42,66;5,19;0,024;0,0;0,01;0,053
1056;12.07.2023;20:21:24;00:17:35;250,0;97,1;20,4;19,7;21,9;93,8;45,1;0,1;6,71E-2;-541,2;20,00;3,9;3,9;42,66;5,19;0,023;0,0;0,00;0,054
1057;12.07.2023;20:21:25;00:17:36;250,0;97,1;20,4;19,7;21,9;91,0;44,7;0,1;6,71E-2;-541,2;20,00;3,9;3,9;42,67;5,19;0,020;0,0;0,01;0,052
1058;12.07.2023;20:21:26;00:17:37;250,0;97,1;20,4;19,7;21,9;89,6;44,5;0,1;6,71E-2;-541,2;20,00;3,9;3,9;42,66;5,19;0,021;0,0;0,00;0,053
1059;12.07.2023;20:21:27;00:17:38;250,0;95,2;20,4;19,7;21,9;86,7;44,1;0,1;6,70E-2;-541,2;20,00;3,9;3,8;42,66;5,19;0,013;0,0;0,01;0,053
1060;12.07.2023;20:21:28;00:17:39;250,0;95,2;20,4;19,7;21,9;85,3;43,9;0,1;6,70E-2;-541,2;20,00;3,9;3,9;42,67;5,19;0,019;0,0;0,00;0,049
1061;12.07.2023;20:21:29;00:17:40;250,0;93,4;20,3;19,6;21,9;82,3;43,5;0,1;6,69E-2;-541,2;20,00;3,9;3,9;42,67;5,19;0,017;0,0;0,00;0,051
1062;12.07.2023;20:21:30;00:17:41;250,0;93,4;20,3;19,6;21,9;79,5;43,1;0,1;6,68E-2;-541,2;20,00;3,9;3,8;42,67;5,19;0,019;0,0;0,01;0,052
1063;12.07.2023;20:21:31;00:17:42;250,0;91,7;20,3;19,6;21,9;78,0;42,9;0,1;6,67E-2;-541,2;20,00;3,9;3,9;42,67;5,19;0,023;0,0;0,00;0,053
1064;12.07.2023;20:21:32;00:17:43;250,0;91,7;20,3;19,6;21,9;75,2;42,5;0,1;6,67E-2;-541,2;20,00;3,9;3,9;42,67;5,19;0,022;0,0;0,01;0,049
1065;12.07.2023;20:21:33;00:17:44;250,0;90,0;20,3;19,6;21,9;72,4;42,1;0,1;6,66E-2;-541,2;20,00;3,9;4,0;42,67;5,19;0,023;0,0;0,00;0,052
1066;12.07.2023;20:21:34;00:17:45;250,0;90,0;20,3;19,5;21,9;71,0;41,9;0,1;6,66E-2;-541,2;20,00;3,9;4,0;42,67;5,19;0,023;0,0;0,01;0,049
1067;12.07.2023;20:21:35;00:17:46;250,0;88,4;20,3;19,5;21,9;67,9;41,4;0,1;6,66E-2;-541,2;20,00;3,9;3,8;42,67;5,19;0,017;0,0;0,00;0,052
1068;12.07.2023;20:21:36;00:17:47;250,0;86,8;20,2;19,5;21,9;65,1;41,0;0,1;6,65E-2;-541,2;20,00;3,9;4,0;42,67;5,19;0,024;0,0;0,01;0,050
1069;12.07.2023;20:21:37;00:17:48;250,0;86,8;20,2;19,5;21,9;63,7;40,8;0,1;6,65E-2;-541,2;20,00;3,9;3,9;42,67;5,19;0,021;0,0;0,01;0,053
1070;12.07.2023;20:21:38;00:17:49;250,0;85,3;20,2;19,5;21,9;60,9;40,4;0,1;6,64E-2;-541,2;20,00;3,9;3,9;42,67;5,19;0,017;0,0;0,01;0,052
1071;12.07.2023;20:21:39;00:17:50;250,0;85,3;20,2;19,5;21,9;58,1;40,0;0,1;6,63E-2;-541,2;20,00;3,9;3,9;42,67;5,19;0,019;0,0;0,01;0,049
1072;12.07.2023;20:21:40;00:17:51;250,0;85,3;20,2;19,5;21,9;56,7;39,8;0,1;6,62E-2;-541,2;20,00;3,9;3,8;42,67;5,19;0,017;0,0;0,01;0,049
1073;12.07.2023;20:21:41;00:17:52;250,0;83,7;20,2;19,4;21,9;53,6;39,3;0,1;6,62E-2;-541,2;20,00;3,9;3,8;42,67;5,19;0,016;0,0;0,00;0,051
1074;12.07.2023;20:21:42;00:17:53;250,0;83,8;20,2;19,5;21,9;52,2;39,1;0,1;6,62E-2;-541,2;20,00;3,9;3,8;42,67;5,19;0,016;0,0;0,01;0,049
1075;12.07.2023;20:21:43;00:17:54;250,0;82,1;20,1;19,4;21,9;49,4;38,7;0,1;6,61E-2;-541,2;20,00;3,9;3,9;42,67;5,20;0,016;0,0;0,01;0,049
1076;12.07.2023;20:21:44;00:17:55;250,0;80,6;20,1;19,4;21,9;46,6;38,2;0,1;6,61E-2;-541,2;20,00;3,9;4,0;42,67;5,20;0,018;0,0;0,00;0,052
1077;12.07.2023;20:21:45;00:17:56;250,0;80,6;20,1;19,4;21,9;45,1;38,0;0,1;6,60E-2;-541,2;20,00;3,9;4,0;42,67;5,20;0,018;0,0;0,00;0,049
1078;12.07.2023;20:21:46;00:17:57;250,0;80,6;20,1;19,4;21,9;42,3;37,6;0,1;6,60E-2;-541,2;20,00;3,9;3,9;42,67;5,20;0,017;0,0;0,01;0,049
1079;12.07.2023;20:21:47;00:17:58;250,0;79,0;20,1;19,4;21,9;39,3;37,1;0,1;6,59E-2;-541,2;20,00;3,9;3,9;42,67;5,20;0,015;0,0;0,01;0,049
1080;12.07.2023;20:21:48;00:17:59;250,0;79,0;20,1;19,4;21,9;37,9;36,9;0,1;6,58E-2;-541,2;20,00;3,9;3,9;42,67;5,20;0,012;0,0;0,00;0,049
1081;12.07.2023;20:21:49;00:18:00;250,0;77,5;20,0;19,3;21,9;35,0;36,4;0,1;6,58E-2;-541,2;20,00;3,9;3,9;42,67;5,20;0,019;0,0;0,01;0,049
1082;12.07.2023;20:21:50;00:18:01;250,0;77,5;20,0;19,3;21,9;32,2;36,0;0,1;6,57E-2;-541,2;20,00;3,9;3,8;42,67;5,20;0,016;0,0;0,01;0,049
1083;12.07.2023;20:21:51;00:18:02;250,0;76,1;20,0;19,3;21,9;30,8;35,8;0,1;6,57E-2;-541,2;20,00;3,9;3,8;42,67;5,20;0,017;0,0;0,00;0,049
1084;12.07.2023;20:21:52;00:18:03;250,0;76,1;20,0;19,3;21,9;28,0;35,3;0,1;6,56E-2;-541,2;20,00;3,9;3,9;42,67;5,20;0,020;0,0;0,01;0,049
1085;12.07.2023;20:21:53;00:18:04;250,0;74,7;20,0;19,3;21,9;24,9;34,8;0,1;6,56E-2;-541,2;20,00;3,9;3,9;42,67;5,20;0,021;0,0;0,00;0,049
1086;12.07.2023;20:21:54;00:18:05;250,0;73,4;20,0;19,3;21,9;23,5;34,6;0,1;6,55E-2;-541,2;20,00;3,9;4,0;42,67;5,20;0,022;0,0;0,00;0,049
1087;12.07.2023;20:21:55;00:18:06;250,0;73,4;20,0;19,3;21,9;20,7;34,2;0,1;6,55E-2;-541,2;20,00;3,9;3,9;42,67;5,20;0,019;0,0;0,01;0,049
