Nr.;Datum;Zeit;P.Zeit;AV Pyro top;AV Control TC;AV Piston TC Top;AV Piston TC Bot;AV Transformer T;SV Temperature  ;AV CZ Output;AV abs. pressure;Vacuum;AV rel. pressure;SV Rel. Pressure;SV Force        ;AV Force;AV Abs. Piston T;AV Rel. Piston T;AV Speed;Power;U RMS;I RMS
;;;;°C;°C;°C;°C;°C;°C    ;%;mbar(a;mbar(a;mbar(g;mbar(g;kN    ;kN;mm;mm;mm/min;kW;V;kA
1;13.07.2023;14:34:46;00:00:00;250,0;23,6;19,4;18,3;20,3;20,0;0,0;1004,7;1,00E3;-3,4;20,00;3,0;3,0;38,29;0,43;-0,059;0,0;0,00;0,049
2;13.07.2023;14:34:47;00:00:01;250,0;23,6;19,4;18,3;20,3;20,0;0,0;1004,7;1,00E3;-3,7;20,00;3,0;3,0;38,29;0,43;-0,052;0,0;0,01;0,049
3;13.07.2023;14:34:48;00:00:02;250,0;23,5;19,4;18,3;20,3;20,0;0,0;1004,5;1,00E3;-3,7;20,00;3,0;3,0;38,29;0,43;-0,036;0,0;0,01;0,049
4;13.07.2023;14:34:49;00:00:03;250,0;23,5;19,4;18,3;20,3;20,0;0,0;1004,3;1,00E3;-3,7;20,00;3,0;3,0;38,29;0,43;-0,033;0,0;0,00;0,049
5;13.07.2023;14:34:50;00:00:04;250,0;23,5;19,4;18,3;20,3;20,0;0,0;1004,3;1,00E3;-4,0;20,00;3,0;3,0;38,29;0,42;-0,027;0,0;0,01;0,049
6;13.07.2023;14:34:51;00:00:05;250,0;23,3;19,4;18,3;20,3;20,0;0,0;1004,1;1,00E3;-4,0;20,00;3,0;3,0;38,29;0,42;-0,020;0,0;0,01;0,049
7;13.07.2023;14:34:52;00:00:06;250,0;23,3;19,4;18,3;20,3;20,0;0,0;1004,0;1,00E3;-4,0;20,00;3,0;3,0;38,29;0,42;-0,017;0,0;0,00;0,049
8;13.07.2023;14:34:53;00:00:07;250,0;23,2;19,4;18,3;20,3;20,0;0,0;1004,0;1,00E3;-4,3;20,00;3,0;3,0;38,29;0,42;-0,014;0,0;0,00;0,049
9;13.07.2023;14:34:54;00:00:08;250,0;23,2;19,4;18,3;20,3;20,0;0,0;1003,9;1,00E3;-4,3;20,00;3,0;3,0;38,29;0,42;-0,009;0,0;0,01;0,049
10;13.07.2023;14:34:55;00:00:09;250,0;23,1;19,4;18,3;20,3;20,0;0,0;1003,8;1,00E3;-4,3;20,00;3,0;3,0;38,29;0,42;-0,008;0,0;0,00;0,049
11;13.07.2023;14:34:56;00:00:10;250,0;23,0;19,4;18,3;20,3;20,0;0,0;953,5;9,53E2;-52,7;20,00;3,0;3,0;38,29;0,42;-0,007;0,0;0,00;0,049
12;13.07.2023;14:34:57;00:00:11;250,0;23,0;19,4;18,3;20,3;20,0;0,0;904,6;9,05E2;-99,4;20,00;3,0;3,0;38,29;0,42;-0,004;0,0;0,00;0,049
13;13.07.2023;14:34:58;00:00:12;250,0;23,0;19,4;18,3;20,3;20,0;0,0;882,1;8,82E2;-121,3;20,00;3,0;3,0;38,29;0,43;-0,002;0,0;0,00;0,049
14;13.07.2023;14:34:59;00:00:13;250,0;22,8;19,4;18,3;20,3;20,0;0,0;839,2;8,39E2;-165,7;20,00;3,0;3,0;38,29;0,43;0,002;0,0;0,00;0,049
15;13.07.2023;14:35:00;00:00:14;250,0;22,7;19,4;18,3;20,3;20,0;0,0;799,0;7,99E2;-207,6;20,00;3,0;3,0;38,29;0,43;0,005;0,0;0,01;0,049
16;13.07.2023;14:35:01;00:00:15;250,0;22,7;19,4;18,3;20,3;20,0;0,0;781,8;7,82E2;-223,9;20,00;3,0;3,0;38,29;0,43;0,008;0,0;0,01;0,049
17;13.07.2023;14:35:02;00:00:16;250,0;22,7;19,4;18,2;20,3;20,0;0,0;749,3;7,49E2;-257,7;20,00;3,0;3,0;38,29;0,43;0,015;0,0;0,00;0,049
18;13.07.2023;14:35:03;00:00:17;250,0;22,4;19,4;18,2;20,1;20,0;0,0;718,4;7,18E2;-287,3;20,00;3,0;3,0;38,29;0,43;0,026;0,0;0,01;0,049
19;13.07.2023;14:35:04;00:00:18;250,0;22,4;19,2;18,0;20,1;20,0;0,0;702,2;7,02E2;-303,7;20,00;3,0;3,0;38,29;0,43;0,028;0,0;0,01;0,049
20;13.07.2023;14:35:05;00:00:19;250,0;22,3;19,2;17,9;20,1;20,0;0,0;674,5;6,74E2;-330,8;20,00;3,0;3,0;38,29;0,43;0,039;0,0;0,01;0,049
21;13.07.2023;14:35:06;00:00:20;250,0;22,1;19,2;17,9;20,1;20,0;0,0;645,2;6,45E2;-360,8;20,00;3,0;3,0;38,30;0,43;0,054;0,0;0,00;0,049
22;13.07.2023;14:35:07;00:00:21;250,0;22,1;19,2;17,9;20,1;20,0;0,0;633,0;6,33E2;-373,0;20,00;3,0;3,1;38,30;0,43;0,057;0,0;0,00;0,049
23;13.07.2023;14:35:08;00:00:22;250,0;22,1;19,2;17,7;20,1;20,0;0,0;607,0;6,07E2;-398,7;20,00;3,0;2,9;38,30;0,43;0,056;0,0;0,00;0,049
24;13.07.2023;14:35:09;00:00:23;250,0;22,0;19,2;17,7;20,1;20,0;0,0;595,9;5,96E2;-410,1;20,00;3,0;3,0;38,30;0,43;0,056;0,0;0,00;0,049
25;13.07.2023;14:35:10;00:00:24;250,0;22,0;19,2;17,7;20,1;20,0;0,0;572,2;5,72E2;-433,9;20,00;3,0;3,0;38,30;0,44;0,071;0,0;0,01;0,049
26;13.07.2023;14:35:11;00:00:25;250,0;21,8;19,2;17,6;20,1;20,0;0,0;549,6;5,50E2;-455,1;20,00;3,0;3,0;38,30;0,44;0,074;0,0;0,01;0,049
27;13.07.2023;14:35:12;00:00:26;250,0;21,7;19,2;17,5;20,1;20,0;0,0;537,1;5,37E2;-468,7;20,00;3,0;3,0;38,30;0,44;0,077;0,0;0,01;0,049
28;13.07.2023;14:35:13;00:00:27;250,0;21,7;19,2;17,5;20,1;20,0;0,0;516,5;5,16E2;-488,2;20,00;3,0;3,0;38,30;0,44;0,073;0,0;0,00;0,049
29;13.07.2023;14:35:14;00:00:28;250,0;21,5;19,2;17,4;20,1;20,0;0,0;497,0;4,97E2;-508,7;20,00;3,0;3,0;38,30;0,44;0,071;0,0;0,00;0,049
30;13.07.2023;14:35:15;00:00:29;250,0;21,5;19,2;17,4;20,2;20,0;0,0;487,9;4,88E2;-517,7;20,00;3,0;3,0;38,31;0,44;0,069;0,0;0,00;0,049
31;13.07.2023;14:35:16;00:00:30;250,0;21,5;19,2;17,3;20,2;20,0;0,0;468,4;4,68E2;-536,9;20,00;3,0;3,0;38,31;0,44;0,066;0,0;0,01;0,049
32;13.07.2023;14:35:17;00:00:31;250,0;21,4;19,2;17,3;20,2;20,0;0,0;451,3;4,51E2;-541,2;20,00;3,0;3,0;38,31;0,44;0,068;0,0;0,00;0,049
33;13.07.2023;14:35:18;00:00:32;250,0;21,4;19,2;17,3;20,2;20,0;0,0;441,0;4,41E2;-541,2;20,00;3,0;3,0;38,31;0,44;0,065;0,0;0,01;0,049
34;13.07.2023;14:35:19;00:00:33;250,0;21,3;19,2;17,2;20,2;20,0;0,0;424,0;4,24E2;-541,2;20,00;3,0;3,0;38,31;0,44;0,063;0,0;0,01;0,049
35;13.07.2023;14:35:20;00:00:34;250,0;21,2;19,2;17,1;20,2;20,0;0,0;407,9;4,08E2;-541,2;20,00;3,0;3,0;38,31;0,45;0,067;0,0;0,00;0,049
36;13.07.2023;14:35:21;00:00:35;250,0;21,2;19,2;17,1;20,2;20,0;0,0;399,3;3,99E2;-541,2;20,00;3,0;3,0;38,31;0,45;0,067;0,0;0,00;0,049
37;13.07.2023;14:35:22;00:00:36;250,0;21,2;19,2;17,1;20,2;20,0;0,0;384,7;3,85E2;-541,2;20,00;3,0;3,0;38,31;0,45;0,066;0,0;0,01;0,049
38;13.07.2023;14:35:23;00:00:37;250,0;21,1;19,2;17,0;20,2;20,0;0,0;377,3;3,77E2;-541,2;20,00;3,0;3,0;38,31;0,45;0,068;0,0;0,00;0,049
39;13.07.2023;14:35:24;00:00:38;250,0;21,0;19,1;16,9;20,1;20,0;0,0;361,8;3,62E2;-541,2;20,00;3,0;3,0;38,32;0,45;0,073;0,0;0,00;0,049
40;13.07.2023;14:35:25;00:00:39;250,0;20,8;19,1;16,8;20,1;20,0;0,0;347,8;3,48E2;-541,2;20,00;3,0;3,0;38,32;0,45;0,073;0,0;0,01;0,049
41;13.07.2023;14:35:26;00:00:40;250,0;20,8;19,1;16,8;20,1;20,0;0,0;341,2;3,41E2;-541,2;20,00;3,0;3,0;38,32;0,45;0,074;0,0;0,00;0,049
42;13.07.2023;14:35:27;00:00:41;250,0;20,7;19,0;16,7;20,1;20,0;0,0;328,1;3,28E2;-541,2;20,00;3,0;3,0;38,32;0,46;0,073;0,0;0,00;0,049
43;13.07.2023;14:35:28;00:00:42;250,0;20,7;19,0;16,7;20,1;20,0;0,0;315,8;3,16E2;-541,2;20,00;3,0;3,0;38,32;0,46;0,073;0,0;0,01;0,049
44;13.07.2023;14:35:29;00:00:43;250,0;20,6;19,0;16,7;20,1;20,0;0,0;309,5;3,10E2;-541,2;20,00;3,0;3,0;38,32;0,46;0,070;0,0;0,00;0,049
45;13.07.2023;14:35:30;00:00:44;250,0;20,6;19,0;16,7;20,1;20,0;0,0;296,7;2,97E2;-541,2;20,00;3,0;3,0;38,32;0,46;0,069;0,0;0,01;0,049
46;13.07.2023;14:35:31;00:00:45;250,0;20,5;19,0;16,7;20,1;20,0;0,0;285,5;2,85E2;-541,2;20,00;3,0;3,0;38,32;0,46;0,061;0,0;0,00;0,049
47;13.07.2023;14:35:32;00:00:46;250,0;20,5;19,0;16,7;20,1;20,0;0,0;280,0;2,80E2;-541,2;20,00;3,0;3,0;38,32;0,46;0,062;0,0;0,00;0,049
48;13.07.2023;14:35:33;00:00:47;250,0;20,5;19,0;16,7;20,1;20,0;0,0;269,2;2,69E2;-541,2;20,00;3,0;3,0;38,33;0,46;0,062;0,0;0,01;0,049
49;13.07.2023;14:35:34;00:00:48;250,0;20,5;19,0;16,7;20,1;20,0;0,0;264,0;2,64E2;-541,2;20,00;3,0;3,0;38,33;0,46;0,063;0,0;0,00;0,049
50;13.07.2023;14:35:35;00:00:49;250,0;20,4;19,0;16,6;20,2;20,0;0,0;253,8;2,54E2;-541,2;20,00;3,0;3,0;38,33;0,46;0,060;0,0;0,00;0,049
51;13.07.2023;14:35:36;00:00:50;250,0;20,4;19,0;16,6;20,2;20,0;0,0;243,4;2,43E2;-541,2;20,00;3,0;3,0;38,33;0,46;0,059;0,0;0,01;0,049
52;13.07.2023;14:35:37;00:00:51;250,0;20,3;19,0;16,6;20,2;20,0;0,0;238,8;2,39E2;-541,2;20,00;3,0;3,0;38,33;0,47;0,054;0,0;0,00;0,049
53;13.07.2023;14:35:38;00:00:52;250,0;20,3;19,0;16,6;20,2;20,0;0,0;229,7;2,30E2;-541,2;20,00;3,0;3,0;38,33;0,47;0,057;0,0;0,00;0,049
54;13.07.2023;14:35:39;00:00:53;250,0;20,2;19,0;16,6;20,2;20,0;0,0;221,0;2,21E2;-541,2;20,00;3,0;3,0;38,33;0,47;0,052;0,0;0,01;0,049
55;13.07.2023;14:35:40;00:00:54;250,0;20,2;19,0;16,7;20,2;20,0;0,0;216,6;2,17E2;-541,2;20,00;3,0;3,0;38,33;0,47;0,052;0,0;0,00;0,049
56;13.07.2023;14:35:41;00:00:55;250,0;20,2;19,0;16,7;20,2;20,0;0,0;208,4;2,08E2;-541,2;20,00;3,0;2,9;38,33;0,47;0,047;0,0;0,00;0,049
57;13.07.2023;14:35:42;00:00:56;250,0;20,1;19,0;16,7;20,2;20,0;0,0;199,8;2,00E2;-541,2;20,00;3,0;3,0;38,33;0,47;0,049;0,0;0,01;0,049
58;13.07.2023;14:35:43;00:00:57;250,0;20,1;19,0;16,7;20,2;20,0;0,0;196,1;1,96E2;-541,2;20,00;3,0;3,0;38,33;0,47;0,051;0,0;0,01;0,049
59;13.07.2023;14:35:44;00:00:58;250,0;20,0;19,0;16,6;20,2;20,0;0,0;188,6;1,89E2;-541,2;20,00;3,0;3,0;38,34;0,47;0,058;0,0;0,01;0,049
60;13.07.2023;14:35:45;00:00:59;250,0;19,9;19,0;16,6;20,2;20,0;0,0;181,7;1,82E2;-541,2;20,00;3,0;3,0;38,34;0,47;0,065;0,0;0,01;0,049
61;13.07.2023;14:35:46;00:01:00;250,0;19,9;19,0;16,6;20,2;20,0;0,0;177,8;1,78E2;-541,2;20,00;3,0;3,0;38,34;0,47;0,066;0,0;0,01;0,049
62;13.07.2023;14:35:47;00:01:01;250,0;19,9;19,0;16,6;20,2;20,0;0,0;171,4;1,71E2;-541,2;20,00;3,0;3,0;38,34;0,48;0,064;0,0;0,01;0,049
63;13.07.2023;14:35:48;00:01:02;250,0;19,9;19,0;16,6;20,2;20,0;0,0;164,7;1,65E2;-541,2;20,00;3,0;3,0;38,34;0,48;0,063;0,0;0,01;0,049
64;13.07.2023;14:35:49;00:01:03;250,0;19,8;19,0;16,6;20,2;20,0;0,0;150,9;1,51E2;-541,2;20,00;3,0;3,0;38,34;0,48;0,066;0,0;0,01;0,049
65;13.07.2023;14:35:50;00:01:04;250,0;19,8;19,0;16,7;20,2;20,0;0,0;139,1;1,39E2;-541,2;20,00;3,0;3,0;38,34;0,48;0,068;0,0;0,00;0,049
66;13.07.2023;14:35:51;00:01:05;250,0;19,7;19,0;16,7;20,2;20,0;0,0;134,0;1,34E2;-541,2;20,00;3,0;3,0;38,34;0,48;0,068;0,0;0,00;0,049
67;13.07.2023;14:35:52;00:01:06;250,0;19,7;19,0;16,7;20,2;20,0;0,0;124,2;1,24E2;-541,2;20,00;3,0;3,0;38,35;0,48;0,074;0,0;0,00;0,049
68;13.07.2023;14:35:53;00:01:07;250,0;19,7;19,0;16,7;20,2;20,0;0,0;115,5;1,15E2;-541,2;20,00;3,0;3,0;38,35;0,48;0,078;0,0;0,00;0,049
69;13.07.2023;14:35:54;00:01:08;250,0;19,7;19,0;16,7;20,2;20,0;0,0;111,2;1,11E2;-541,2;20,00;3,0;3,0;38,35;0,48;0,082;0,0;0,00;0,049
70;13.07.2023;14:35:55;00:01:09;250,0;19,6;19,0;16,7;20,2;20,0;0,0;102,8;1,03E2;-541,2;20,00;3,0;2,9;38,35;0,49;0,080;0,0;0,00;0,049
71;13.07.2023;14:35:56;00:01:10;250,0;19,6;19,0;16,7;20,2;20,0;0,0;95,6;9,56E1;-541,2;20,00;3,0;3,0;38,35;0,49;0,087;0,0;0,00;0,049
72;13.07.2023;14:35:57;00:01:11;250,0;19,6;19,0;16,7;20,2;20,0;0,0;92,0;9,20E1;-541,2;20,00;3,0;2,9;38,35;0,49;0,081;0,0;0,00;0,049
73;13.07.2023;14:35:58;00:01:12;250,0;19,6;19,0;16,7;20,2;20,0;0,0;85,6;8,56E1;-541,2;20,00;3,0;3,0;38,35;0,49;0,078;0,0;0,00;0,049
74;13.07.2023;14:35:59;00:01:13;250,0;19,5;19,0;16,7;20,2;20,0;0,0;79,7;7,97E1;-541,2;20,00;3,0;3,1;38,36;0,49;0,084;0,0;0,00;0,049
75;13.07.2023;14:36:00;00:01:14;250,0;19,5;19,0;16,7;20,2;20,0;0,0;76,8;7,68E1;-541,2;20,00;3,0;3,0;38,36;0,49;0,083;0,0;0,00;0,049
76;13.07.2023;14:36:01;00:01:15;250,0;19,5;19,0;16,7;20,2;20,0;0,0;71,1;7,11E1;-541,2;20,00;3,0;3,0;38,36;0,49;0,081;0,0;0,00;0,049
77;13.07.2023;14:36:02;00:01:16;250,0;19,5;19,0;16,7;20,2;20,0;0,0;68,4;6,84E1;-541,2;20,00;3,0;3,0;38,36;0,49;0,079;0,0;0,00;0,049
78;13.07.2023;14:36:03;00:01:17;250,0;19,4;19,0;16,7;20,2;20,0;0,0;63,5;6,35E1;-541,2;20,00;3,0;3,0;38,36;0,50;0,076;0,0;0,01;0,049
79;13.07.2023;14:36:04;00:01:18;250,0;19,3;18,9;16,6;20,1;20,0;0,0;58,5;5,85E1;-541,2;20,00;3,0;3,0;38,36;0,50;0,074;0,0;0,01;0,049
80;13.07.2023;14:36:05;00:01:19;250,0;19,2;18,9;16,7;20,1;20,0;0,0;56,3;5,63E1;-541,2;20,00;3,0;3,0;38,36;0,50;0,074;0,0;0,01;0,049
81;13.07.2023;14:36:06;00:01:20;250,0;19,2;18,9;16,7;20,1;20,0;0,0;52,5;5,25E1;-541,2;20,00;3,0;3,0;38,36;0,50;0,067;0,0;0,01;0,049
82;13.07.2023;14:36:07;00:01:21;250,0;19,2;18,8;16,7;20,1;20,0;0,0;48,4;4,84E1;-541,2;20,00;3,0;3,0;38,36;0,50;0,061;0,0;0,01;0,049
83;13.07.2023;14:36:08;00:01:22;250,0;19,2;18,8;16,7;20,1;20,0;0,0;46,7;4,67E1;-541,2;20,00;3,0;3,0;38,37;0,50;0,064;0,0;0,01;0,049
84;13.07.2023;14:36:09;00:01:23;250,0;19,1;18,8;16,7;20,2;20,0;0,0;43,4;4,34E1;-541,2;20,00;3,0;3,0;38,37;0,50;0,064;0,0;0,00;0,049
85;13.07.2023;14:36:10;00:01:24;250,0;19,1;18,8;16,7;20,2;20,0;0,0;40,2;4,02E1;-541,2;20,00;3,0;3,0;38,37;0,50;0,062;0,0;0,00;0,049
86;13.07.2023;14:36:11;00:01:25;250,0;19,1;18,8;16,7;20,2;20,0;0,0;38,8;3,88E1;-541,2;20,00;3,0;3,0;38,37;0,50;0,058;0,0;0,00;0,049
87;13.07.2023;14:36:12;00:01:26;250,0;19,1;18,9;16,7;20,2;20,0;0,0;34,7;3,47E1;-541,2;20,00;3,0;3,0;38,37;0,50;0,049;0,0;0,00;0,049
88;13.07.2023;14:36:13;00:01:27;250,0;19,1;18,9;16,7;20,2;20,0;0,0;33,3;3,33E1;-541,2;20,00;3,0;2,9;38,37;0,50;0,048;0,0;0,01;0,049
89;13.07.2023;14:36:14;00:01:28;250,0;19,0;18,9;16,8;20,2;20,0;0,0;30,8;3,08E1;-541,2;20,00;3,0;3,0;38,37;0,51;0,047;0,0;0,00;0,049
90;13.07.2023;14:36:15;00:01:29;250,0;19,0;18,9;16,8;20,2;20,0;0,0;28,4;2,84E1;-541,2;20,00;3,0;3,0;38,37;0,51;0,047;0,0;0,01;0,049
91;13.07.2023;14:36:16;00:01:30;250,0;19,0;18,9;16,8;20,2;20,0;0,0;27,5;2,75E1;-541,2;20,00;3,0;3,1;38,37;0,51;0,044;0,0;0,01;0,049
92;13.07.2023;14:36:17;00:01:31;250,0;19,0;18,9;16,8;20,2;20,0;0,0;25,5;2,55E1;-541,2;20,00;3,0;3,0;38,37;0,51;0,040;0,0;0,01;0,049
93;13.07.2023;14:36:18;00:01:32;250,0;19,0;18,9;16,8;20,2;20,0;0,0;24,8;2,48E1;-541,2;20,00;3,0;3,0;38,37;0,51;0,040;0,0;0,01;0,049
94;13.07.2023;14:36:19;00:01:33;250,0;18,9;18,9;16,8;20,2;20,0;0,0;22,6;2,26E1;-541,2;20,00;3,0;3,0;38,37;0,51;0,036;0,0;0,01;0,049
95;13.07.2023;14:36:20;00:01:34;250,0;18,9;18,9;16,8;20,2;20,0;0,0;21,2;2,12E1;-541,2;20,00;3,0;3,0;38,37;0,51;0,033;0,0;0,00;0,049
96;13.07.2023;14:36:21;00:01:35;250,0;18,9;18,9;16,8;20,2;20,0;0,0;20,2;2,02E1;-541,2;20,00;3,0;3,0;38,37;0,51;0,033;0,0;0,00;0,049
97;13.07.2023;14:36:22;00:01:36;250,0;18,9;18,9;16,9;20,2;20,0;0,0;19,1;1,91E1;-541,2;20,00;3,0;3,0;38,37;0,51;0,031;0,0;0,00;0,049
98;13.07.2023;14:36:23;00:01:37;250,0;18,9;18,9;16,9;20,2;20,0;0,0;18,0;1,80E1;-541,2;20,00;3,0;3,0;38,37;0,51;0,027;0,0;0,01;0,049
99;13.07.2023;14:36:24;00:01:38;250,0;18,7;18,7;16,7;20,1;20,0;0,0;16,8;1,68E1;-541,2;20,00;3,0;3,0;38,37;0,51;0,029;0,0;0,00;0,049
100;13.07.2023;14:36:25;00:01:39;250,0;18,7;18,7;16,7;20,1;20,0;0,0;15,5;1,55E1;-541,2;20,00;3,0;3,0;38,37;0,51;0,029;0,0;0,01;0,049
101;13.07.2023;14:36:26;00:01:40;250,0;18,6;18,7;16,8;20,1;20,0;0,0;14,4;1,44E1;-541,2;20,00;3,0;3,0;38,38;0,51;0,032;0,0;0,01;0,049
102;13.07.2023;14:36:27;00:01:41;250,0;18,6;18,7;16,8;20,1;20,0;0,0;14,1;1,41E1;-541,2;20,00;3,0;3,0;38,38;0,51;0,029;0,0;0,00;0,049
103;13.07.2023;14:36:28;00:01:42;250,0;18,6;18,7;16,8;20,1;20,0;0,0;13,1;1,31E1;-541,2;20,00;3,0;3,0;38,38;0,51;0,023;0,0;0,00;0,049
104;13.07.2023;14:36:29;00:01:43;250,0;18,6;18,7;16,8;20,1;20,0;0,0;12,1;1,21E1;-541,2;20,00;3,0;3,0;38,38;0,51;0,020;0,0;0,01;0,049
105;13.07.2023;14:36:30;00:01:44;250,0;18,6;18,7;16,8;20,1;20,0;0,0;11,7;1,17E1;-541,2;20,00;3,0;3,0;38,38;0,51;0,018;0,0;0,00;0,049
106;13.07.2023;14:36:31;00:01:45;250,0;18,6;18,7;16,8;20,1;20,0;0,0;10,6;1,06E1;-541,2;20,00;3,0;3,0;38,38;0,51;0,017;0,0;0,01;0,049
107;13.07.2023;14:36:32;00:01:46;250,0;18,6;18,7;16,8;20,1;20,0;0,0;10,5;1,05E1;-541,2;20,00;3,0;3,0;38,38;0,51;0,019;0,0;0,00;0,049
108;13.07.2023;14:36:33;00:01:47;250,0;18,6;18,7;16,8;20,1;20,0;0,0;9,5;9,50E0;-541,2;20,00;3,0;2,9;38,38;0,51;0,016;0,0;0,00;0,047
109;13.07.2023;14:36:34;00:01:48;250,0;18,5;18,7;16,9;20,1;20,0;0,0;8,5;8,49E0;-541,2;20,00;3,0;3,0;38,38;0,51;0,019;0,0;0,00;0,049
110;13.07.2023;14:36:35;00:01:49;250,0;18,5;18,7;16,9;20,1;20,0;0,0;7,9;7,88E0;-541,2;20,00;3,0;3,1;38,38;0,51;0,020;0,0;0,01;0,049
111;13.07.2023;14:36:36;00:01:50;250,0;18,5;18,7;16,9;20,1;20,0;0,0;7,4;7,42E0;-541,2;20,00;3,0;3,0;38,38;0,51;0,017;0,0;0,00;0,049
112;13.07.2023;14:36:37;00:01:51;250,0;18,5;18,7;16,9;20,1;20,0;0,0;6,5;6,48E0;-541,2;20,00;3,0;3,0;38,38;0,51;0,016;0,0;0,00;0,049
113;13.07.2023;14:36:38;00:01:52;250,0;18,5;18,7;16,9;20,1;20,0;0,0;6,3;6,29E0;-541,2;20,00;3,0;3,0;38,38;0,52;0,015;0,0;0,00;0,049
114;13.07.2023;14:36:39;00:01:53;250,0;18,5;18,7;16,9;20,2;20,0;0,0;5,8;5,81E0;-541,2;20,00;3,0;3,0;38,38;0,52;0,018;0,0;0,00;0,049
115;13.07.2023;14:36:40;00:01:54;250,0;18,5;18,7;16,9;20,2;20,0;0,0;5,2;5,18E0;-541,2;20,00;3,0;3,0;38,38;0,52;0,016;0,0;0,00;0,049
116;13.07.2023;14:36:41;00:01:55;250,0;18,5;18,7;16,9;20,2;20,0;0,0;4,9;4,91E0;-541,2;20,00;3,0;3,0;38,38;0,52;0,015;0,0;0,00;0,049
117;13.07.2023;14:36:42;00:01:56;250,0;18,5;18,7;17,0;20,2;20,0;0,0;4,4;4,37E0;-541,2;20,00;3,0;3,0;38,38;0,52;0,014;0,0;0,01;0,049
118;13.07.2023;14:36:43;00:01:57;250,0;18,5;18,7;16,9;20,1;20,0;0,0;4,2;4,16E0;-541,2;20,00;3,0;3,0;38,38;0,52;0,012;0,0;0,01;0,049
119;13.07.2023;14:36:44;00:01:58;250,0;18,4;18,7;16,9;20,1;20,0;0,0;3,8;3,84E0;-541,2;20,00;3,0;3,0;38,38;0,52;0,009;0,0;0,00;0,049
120;13.07.2023;14:36:45;00:01:59;250,0;18,4;18,7;16,9;20,1;20,0;0,0;3,5;3,53E0;-541,2;20,00;3,0;3,0;38,38;0,52;0,006;0,0;0,01;0,049
121;13.07.2023;14:36:46;00:02:00;250,0;18,4;18,7;17,0;20,1;20,0;0,0;3,4;3,39E0;-541,2;20,00;3,0;3,0;38,38;0,52;0,014;0,0;0,00;0,049
122;13.07.2023;14:36:47;00:02:01;250,0;18,4;18,7;17,0;20,1;20,0;0,0;3,2;3,15E0;-541,2;20,00;3,0;3,0;38,38;0,52;0,010;0,0;0,01;0,049
123;13.07.2023;14:36:48;00:02:02;250,0;18,3;18,7;17,0;20,1;20,0;0,0;2,9;2,89E0;-541,2;20,00;3,0;2,9;38,38;0,52;0,004;0,0;0,00;0,049
124;13.07.2023;14:36:49;00:02:03;250,0;18,3;18,7;17,0;20,1;20,0;0,0;2,8;2,81E0;-541,2;20,00;3,0;3,0;38,38;0,52;0,006;0,0;0,01;0,049
125;13.07.2023;14:36:50;00:02:04;250,0;18,3;18,7;17,0;20,1;20,0;0,0;2,6;2,61E0;-541,2;20,00;3,0;3,0;38,38;0,52;0,007;0,0;0,01;0,049
126;13.07.2023;14:36:51;00:02:05;250,0;18,3;18,7;17,0;20,1;20,0;0,0;2,4;2,41E0;-541,2;20,00;3,0;3,0;38,38;0,52;0,010;0,0;0,00;0,049
127;13.07.2023;14:36:52;00:02:06;250,0;18,3;18,7;17,0;20,1;20,0;0,0;2,3;2,31E0;-541,2;20,00;3,0;3,1;38,38;0,52;0,012;0,0;0,01;0,049
128;13.07.2023;14:36:53;00:02:07;250,0;18,3;18,7;17,0;20,2;20,0;0,0;2,1;2,14E0;-541,2;20,00;3,0;3,1;38,38;0,52;0,011;0,0;0,00;0,049
129;13.07.2023;14:36:54;00:02:08;250,0;18,3;18,7;17,1;20,2;20,0;0,0;2,0;1,98E0;-541,2;20,00;3,0;3,0;38,38;0,52;0,008;0,0;0,01;0,049
130;13.07.2023;14:36:55;00:02:09;250,0;18,3;18,7;17,1;20,2;20,0;0,0;1,9;1,92E0;-541,2;20,00;3,0;3,0;38,38;0,52;0,007;0,0;0,01;0,049
131;13.07.2023;14:36:56;00:02:10;250,0;18,3;18,7;17,1;20,2;20,0;0,0;1,8;1,80E0;-541,2;20,00;3,0;2,9;38,38;0,52;0,004;0,0;0,01;0,049
132;13.07.2023;14:36:57;00:02:11;250,0;18,3;18,7;17,1;20,2;20,0;0,0;1,8;1,75E0;-541,2;20,00;3,0;3,0;38,38;0,52;0,004;0,0;0,01;0,049
133;13.07.2023;14:36:58;00:02:12;250,0;18,2;18,7;17,1;20,2;20,0;0,0;1,7;1,67E0;-541,2;20,00;3,0;3,1;38,38;0,52;0,007;0,0;0,01;0,049
134;13.07.2023;14:36:59;00:02:13;250,0;18,2;18,7;17,1;20,2;20,0;0,0;1,6;1,57E0;-541,2;20,00;3,0;3,0;38,38;0,52;0,007;0,0;0,00;0,049
135;13.07.2023;14:37:00;00:02:14;250,0;18,2;18,7;17,1;20,2;20,0;0,0;1,5;1,54E0;-541,2;20,00;3,0;3,0;38,38;0,52;0,006;0,0;0,00;0,049
136;13.07.2023;14:37:01;00:02:15;250,0;18,2;18,7;17,1;20,2;20,0;0,0;1,5;1,49E0;-541,2;20,00;3,0;3,0;38,38;0,52;0,007;0,0;0,00;0,049
137;13.07.2023;14:37:02;00:02:16;250,0;18,2;18,7;17,1;20,2;20,0;0,0;1,4;1,42E0;-541,2;20,00;3,0;3,0;38,38;0,52;0,004;0,0;0,00;0,049
138;13.07.2023;14:37:03;00:02:17;250,0;18,2;18,7;17,1;20,2;20,0;0,0;1,3;1,33E0;-541,2;20,00;3,0;3,0;38,38;0,52;0,004;0,0;0,01;0,049
139;13.07.2023;14:37:04;00:02:18;250,0;18,2;18,6;17,1;20,2;20,0;0,0;1,3;1,29E0;-541,2;20,00;3,0;3,0;38,38;0,52;0,003;0,0;0,00;0,049
140;13.07.2023;14:37:05;00:02:19;250,0;18,1;18,6;17,1;20,1;20,0;0,0;1,2;1,23E0;-541,2;20,00;3,0;3,0;38,38;0,52;0,003;0,0;0,00;0,049
141;13.07.2023;14:37:06;00:02:20;250,0;18,1;18,6;17,1;20,1;20,0;0,0;1,2;1,22E0;-541,2;20,00;3,0;3,0;38,38;0,52;0,006;0,0;0,00;0,049
142;13.07.2023;14:37:07;00:02:21;250,0;18,1;18,6;17,1;20,1;20,0;0,0;1,1;1,14E0;-541,2;20,00;3,0;3,0;38,38;0,52;0,002;0,0;0,01;0,049
143;13.07.2023;14:37:08;00:02:22;250,0;18,1;18,6;17,1;20,1;20,0;0,0;1,1;1,08E0;-541,2;20,00;3,0;2,9;38,38;0,52;0,003;0,0;0,01;0,049
144;13.07.2023;14:37:09;00:02:23;250,0;18,1;18,6;17,1;20,1;20,0;0,0;1,0;1,05E0;-541,2;20,00;3,0;3,0;38,38;0,52;0,007;0,0;0,01;0,049
145;13.07.2023;14:37:10;00:02:24;250,0;18,1;18,6;17,1;20,1;20,0;0,0;1,0;9,76E-1;-541,2;20,00;3,0;3,0;38,38;0,52;0,006;0,0;0,01;0,049
146;13.07.2023;14:37:11;00:02:25;250,0;18,1;18,6;17,2;20,1;20,0;0,0;0,9;9,41E-1;-541,2;20,00;3,0;3,0;38,38;0,52;0,008;0,0;0,01;0,049
147;13.07.2023;14:37:12;00:02:26;250,0;18,1;18,6;17,2;20,1;20,0;0,0;0,9;9,08E-1;-541,2;20,00;3,0;2,9;38,38;0,52;0,006;0,0;0,00;0,049
148;13.07.2023;14:37:13;00:02:27;250,0;18,1;18,6;17,2;20,2;20,0;0,0;0,9;8,90E-1;-541,2;20,00;3,0;3,0;38,38;0,52;0,004;0,0;0,00;0,049
149;13.07.2023;14:37:14;00:02:28;250,0;18,1;18,6;17,2;20,2;20,0;0,0;0,9;8,57E-1;-541,2;20,00;3,0;2,9;38,38;0,52;0,001;0,0;0,00;0,049
150;13.07.2023;14:37:15;00:02:29;250,0;18,1;18,6;17,2;20,2;20,0;0,0;0,8;8,28E-1;-541,2;20,00;3,0;2,9;38,38;0,52;0,000;0,0;0,00;0,049
151;13.07.2023;14:37:16;00:02:30;250,0;18,1;18,6;17,2;20,2;20,0;0,0;0,8;8,12E-1;-541,2;20,00;3,0;3,0;38,38;0,52;0,002;0,0;0,00;0,049
152;13.07.2023;14:37:17;00:02:31;250,0;18,1;18,6;17,2;20,1;20,0;0,0;0,8;7,84E-1;-541,2;20,00;3,0;3,0;38,38;0,52;0,004;0,0;0,01;0,049
153;13.07.2023;14:37:18;00:02:32;250,0;18,1;18,6;17,2;20,2;20,0;0,0;0,8;7,62E-1;-541,2;20,00;3,0;2,9;38,38;0,52;0,006;0,0;0,01;0,049
154;13.07.2023;14:37:19;00:02:33;250,0;18,1;18,6;17,2;20,2;20,0;0,0;0,7;7,49E-1;-541,2;20,00;3,0;3,0;38,38;0,52;0,007;0,0;0,00;0,049
155;13.07.2023;14:37:20;00:02:34;250,0;18,1;18,6;17,3;20,2;20,0;0,0;0,7;7,27E-1;-541,2;20,00;3,0;3,0;38,38;0,52;0,006;0,0;0,00;0,049
156;13.07.2023;14:37:21;00:02:35;250,0;18,1;18,6;17,3;20,2;20,0;0,0;0,7;7,17E-1;-541,2;20,00;3,0;3,0;38,38;0,52;0,005;0,0;0,01;0,049
157;13.07.2023;14:37:22;00:02:36;250,0;18,1;18,6;17,3;20,2;20,0;0,0;0,7;6,96E-1;-541,2;20,00;3,0;3,0;38,38;0,52;0,002;0,0;0,01;0,049
158;13.07.2023;14:37:23;00:02:37;250,0;18,0;18,6;17,3;20,1;20,0;0,0;0,7;6,75E-1;-541,2;20,00;3,0;3,0;38,38;0,52;0,003;0,0;0,00;0,049
159;13.07.2023;14:37:24;00:02:38;250,0;18,0;18,5;17,2;20,1;20,0;0,0;0,7;6,66E-1;-541,2;20,00;3,0;2,9;38,38;0,52;0,005;0,0;0,00;0,049
160;13.07.2023;14:37:25;00:02:39;250,0;18,0;18,5;17,2;20,1;20,0;0,0;0,6;6,43E-1;-541,2;20,00;3,0;3,0;38,38;0,52;0,006;0,0;0,00;0,049
161;13.07.2023;14:37:26;00:02:40;250,0;18,0;18,6;17,2;20,1;20,0;0,0;0,6;6,24E-1;-541,2;20,00;3,0;3,0;38,38;0,52;0,002;0,0;0,00;0,049
162;13.07.2023;14:37:27;00:02:41;250,0;18,0;18,6;17,2;20,1;20,0;0,0;0,6;6,15E-1;-541,2;20,00;3,0;3,1;38,38;0,52;0,004;0,0;0,01;0,049
163;13.07.2023;14:37:28;00:02:42;250,0;18,0;18,6;17,3;20,1;20,0;0,0;0,6;5,96E-1;-541,2;20,00;3,0;3,0;38,38;0,52;0,004;0,0;0,00;0,049
164;13.07.2023;14:37:29;00:02:43;250,0;18,0;18,6;17,3;20,1;20,0;0,0;0,6;5,76E-1;-541,2;20,00;3,0;3,0;38,38;0,52;0,002;0,0;0,01;0,049
165;13.07.2023;14:37:30;00:02:44;250,0;18,0;18,6;17,3;20,1;20,0;0,0;0,6;5,67E-1;-541,2;20,00;3,0;3,0;38,38;0,52;0,004;0,0;0,00;0,049
166;13.07.2023;14:37:31;00:02:45;250,0;17,9;18,6;17,3;20,1;20,0;0,0;0,5;5,48E-1;-541,2;20,00;3,0;3,0;38,38;0,52;0,003;0,0;0,00;0,049
167;13.07.2023;14:37:32;00:02:46;250,0;17,9;18,6;17,3;20,1;20,0;0,0;0,5;5,31E-1;-541,2;20,00;3,0;3,0;38,38;0,52;0,003;0,0;0,00;0,049
168;13.07.2023;14:37:33;00:02:47;250,0;17,9;18,6;17,3;20,2;20,0;0,0;0,5;5,24E-1;-541,2;20,00;3,0;3,0;38,38;0,52;0,005;0,0;0,00;0,049
169;13.07.2023;14:37:34;00:02:48;250,0;17,9;18,6;17,3;20,2;20,0;0,0;0,5;5,12E-1;-541,2;20,00;3,0;3,0;38,38;0,52;0,004;0,0;0,00;0,049
170;13.07.2023;14:37:35;00:02:49;250,0;17,9;18,6;17,3;20,1;20,0;0,0;0,5;5,05E-1;-541,2;20,00;3,0;3,0;38,38;0,52;0,005;0,0;0,01;0,049
171;13.07.2023;14:37:36;00:02:50;250,0;17,9;18,6;17,3;20,1;20,0;0,0;0,5;4,92E-1;-541,2;20,00;3,0;3,0;38,38;0,52;-0,001;0,0;0,00;0,049
172;13.07.2023;14:37:37;00:02:51;250,0;17,9;18,6;17,3;20,1;20,0;0,0;0,5;4,79E-1;-541,2;20,00;3,0;3,0;38,38;0,52;0,002;0,0;0,00;0,049
173;13.07.2023;14:37:38;00:02:52;250,0;17,9;18,6;17,3;20,1;20,0;0,0;0,5;4,73E-1;-541,2;20,00;3,0;3,0;38,38;0,52;0,002;0,0;0,01;0,049
174;13.07.2023;14:37:39;00:02:53;250,0;17,9;18,5;17,3;20,1;20,0;0,0;0,5;4,61E-1;-541,2;20,00;3,0;3,0;38,38;0,52;0,001;0,0;0,00;0,049
175;13.07.2023;14:37:40;00:02:54;250,0;17,9;18,5;17,3;20,1;20,0;0,0;0,4;4,49E-1;-541,2;20,00;3,0;3,0;38,38;0,52;0,003;0,0;0,00;0,049
176;13.07.2023;14:37:41;00:02:55;250,0;17,9;18,5;17,3;20,1;20,0;0,0;0,4;4,43E-1;-541,2;20,00;3,0;3,0;38,38;0,52;0,003;0,0;0,00;0,049
177;13.07.2023;14:37:42;00:02:56;250,0;17,9;18,5;17,3;20,1;20,0;0,0;0,4;4,32E-1;-541,2;20,00;3,0;3,0;38,38;0,52;0,001;0,0;0,00;0,049
178;13.07.2023;14:37:43;00:02:57;250,0;17,9;18,5;17,3;20,1;20,0;0,0;0,4;4,20E-1;-541,2;20,00;3,0;3,0;38,38;0,52;0,000;0,0;0,01;0,049
179;13.07.2023;14:37:44;00:02:58;250,0;17,8;18,4;17,2;20,0;20,0;0,0;0,4;4,15E-1;-541,2;20,00;3,0;3,0;38,38;0,52;0,003;0,0;0,01;0,049
180;13.07.2023;14:37:45;00:02:59;250,0;17,7;18,4;17,2;20,1;20,0;0,0;0,4;4,04E-1;-541,2;20,00;3,0;3,0;38,38;0,52;0,001;0,0;0,01;0,049
181;13.07.2023;14:37:46;00:03:00;250,0;17,8;18,4;17,3;20,1;20,0;0,0;0,4;3,95E-1;-541,2;20,00;3,0;3,0;38,38;0,52;0,001;0,0;0,00;0,049
182;13.07.2023;14:37:47;00:03:01;250,0;17,8;18,4;17,3;20,1;20,0;0,0;0,4;3,90E-1;-541,2;20,00;3,0;3,0;38,38;0,52;0,001;0,0;0,00;0,049
183;13.07.2023;14:37:48;00:03:02;250,0;17,8;18,4;17,3;20,1;20,0;0,0;0,4;3,80E-1;-541,2;20,00;3,0;3,0;38,38;0,52;0,002;0,0;0,00;0,049
184;13.07.2023;14:37:49;00:03:03;250,0;17,8;18,4;17,3;20,1;20,0;0,0;0,4;3,76E-1;-541,2;20,00;3,0;3,0;38,38;0,52;0,001;0,0;0,00;0,049
185;13.07.2023;14:37:50;00:03:04;250,0;17,8;18,4;17,3;20,1;20,0;0,0;0,4;3,66E-1;-541,2;20,00;3,0;3,0;38,38;0,52;-0,002;0,0;0,00;0,049
186;13.07.2023;14:37:51;00:03:05;250,0;17,8;18,4;17,3;20,1;21,1;0,3;0,4;3,59E-1;-541,2;20,00;3,0;3,0;38,38;0,52;0,000;0,0;0,01;0,049
187;13.07.2023;14:37:52;00:03:06;250,0;17,8;18,4;17,3;20,1;21,7;0,3;0,4;3,56E-1;-541,2;20,00;3,0;2,9;38,38;0,52;-0,001;0,0;0,00;0,049
188;13.07.2023;14:37:53;00:03:07;250,0;17,8;18,4;17,3;20,1;22,8;0,4;0,3;3,49E-1;-541,2;20,00;3,0;3,0;38,38;0,52;-0,001;0,0;0,00;0,049
189;13.07.2023;14:37:54;00:03:08;250,0;17,7;18,4;17,3;20,1;23,9;0,5;0,3;3,42E-1;-541,2;20,00;3,0;2,9;38,38;0,52;-0,002;0,0;0,00;0,049
190;13.07.2023;14:37:55;00:03:09;250,0;17,7;18,4;17,3;20,1;24,4;0,6;0,3;3,39E-1;-541,2;20,00;3,0;2,9;38,38;0,52;0,001;0,0;0,01;0,049
191;13.07.2023;14:37:56;00:03:10;250,0;17,7;18,4;17,3;20,1;25,6;0,7;0,3;3,32E-1;-541,2;20,00;3,0;3,0;38,38;0,52;0,003;0,0;0,01;0,049
192;13.07.2023;14:37:57;00:03:11;250,0;17,7;18,4;17,3;20,1;26,7;0,8;0,3;3,26E-1;-541,2;20,00;3,0;3,0;38,38;0,52;0,001;0,0;0,00;0,049
193;13.07.2023;14:37:58;00:03:12;250,0;17,7;18,4;17,3;20,1;27,2;0,9;0,3;3,24E-1;-541,2;20,00;3,0;2,9;38,38;0,52;0,002;0,0;0,01;0,049
194;13.07.2023;14:37:59;00:03:13;250,0;17,7;18,4;17,3;20,1;28,3;1,0;0,3;3,18E-1;-541,2;20,00;3,0;3,0;38,38;0,52;0,005;0,0;0,00;0,049
195;13.07.2023;14:38:00;00:03:14;250,0;17,7;18,4;17,4;20,1;28,9;1,0;0,3;3,15E-1;-541,2;20,00;3,0;3,1;38,38;0,52;0,006;0,0;0,01;0,049
196;13.07.2023;14:38:01;00:03:15;250,0;17,7;18,4;17,4;20,1;30,0;1,1;0,3;3,10E-1;-541,2;20,00;3,0;3,0;38,38;0,52;0,003;0,0;0,01;0,049
197;13.07.2023;14:38:02;00:03:16;250,0;17,7;18,4;17,4;20,1;31,2;1,2;0,3;3,04E-1;-541,2;20,00;3,0;2,9;38,38;0,52;0,001;0,0;0,00;0,049
198;13.07.2023;14:38:03;00:03:17;250,0;17,7;18,4;17,4;20,1;31,7;1,3;0,3;3,01E-1;-541,2;20,00;3,0;2,9;38,38;0,52;0,001;0,0;0,01;0,049
199;13.07.2023;14:38:04;00:03:18;250,0;17,7;18,4;17,3;20,1;32,8;1,4;0,3;2,97E-1;-541,2;20,00;3,0;3,0;38,38;0,52;0,004;0,0;0,00;0,049
200;13.07.2023;14:38:05;00:03:19;250,0;17,7;18,4;17,4;20,1;33,9;1,5;0,3;2,92E-1;-541,2;20,00;3,0;3,0;38,38;0,52;0,002;0,0;0,00;0,049
201;13.07.2023;14:38:06;00:03:20;250,0;17,7;18,4;17,4;20,1;34,5;1,6;0,3;2,90E-1;-541,2;20,00;3,0;3,0;38,38;0,52;0,002;0,0;0,01;0,049
202;13.07.2023;14:38:07;00:03:21;250,0;17,7;18,4;17,4;20,1;35,6;1,7;0,3;2,86E-1;-541,2;20,00;3,0;3,0;38,39;0,52;0,007;0,0;0,00;0,049
203;13.07.2023;14:38:08;00:03:22;250,0;17,7;18,4;17,4;20,1;36,8;1,8;0,3;2,81E-1;-541,2;20,00;3,0;3,1;38,38;0,52;0,010;0,0;0,00;0,049
204;13.07.2023;14:38:09;00:03:23;250,0;17,7;18,4;17,4;20,1;37,3;1,9;0,3;2,79E-1;-541,2;20,00;3,0;3,1;38,39;0,52;0,004;0,0;0,00;0,049
205;13.07.2023;14:38:10;00:03:24;250,0;17,7;18,4;17,4;20,1;38,4;2,0;0,3;2,75E-1;-541,2;20,00;3,0;3,0;38,39;0,52;0,006;0,0;0,01;0,049
206;13.07.2023;14:38:11;00:03:25;250,0;17,7;18,4;17,4;20,1;39,5;2,1;0,3;2,71E-1;-541,2;20,00;3,0;3,0;38,39;0,52;0,005;0,0;0,01;0,049
207;13.07.2023;14:38:12;00:03:26;250,0;17,7;18,4;17,4;20,1;40,1;2,2;0,3;2,69E-1;-541,2;20,00;3,0;3,0;38,39;0,52;0,004;0,0;0,01;0,049
208;13.07.2023;14:38:13;00:03:27;250,0;17,7;18,4;17,4;20,1;41,2;2,3;0,3;2,65E-1;-541,2;20,00;3,0;3,0;38,39;0,52;0,005;0,0;0,00;0,049
209;13.07.2023;14:38:14;00:03:28;250,0;17,7;18,4;17,4;20,1;41,8;2,4;0,3;2,62E-1;-541,2;20,00;3,0;2,9;38,39;0,52;0,001;0,0;0,01;0,049
210;13.07.2023;14:38:15;00:03:29;250,0;17,7;18,4;17,4;20,1;42,9;2,5;0,3;2,59E-1;-541,2;20,00;3,0;3,0;38,39;0,52;0,003;0,0;0,00;0,049
211;13.07.2023;14:38:16;00:03:30;250,0;17,7;18,4;17,4;20,1;44,0;2,6;0,3;2,56E-1;-541,2;20,00;3,0;3,0;38,39;0,52;0,005;0,0;0,00;0,049
212;13.07.2023;14:38:17;00:03:31;250,0;17,7;18,4;17,4;20,1;44,6;2,7;0,3;2,54E-1;-541,2;20,00;3,0;3,0;38,39;0,52;0,004;0,0;0,01;0,049
213;13.07.2023;14:38:18;00:03:32;250,0;17,7;18,4;17,4;20,1;45,7;2,8;0,3;2,51E-1;-541,2;20,00;3,0;2,9;38,39;0,52;0,002;0,0;0,01;0,049
214;13.07.2023;14:38:19;00:03:33;250,0;17,7;18,4;17,4;20,1;46,8;2,9;0,2;2,48E-1;-541,2;20,00;3,0;3,0;38,39;0,52;0,004;0,0;0,00;0,049
215;13.07.2023;14:38:20;00:03:34;250,0;17,7;18,4;17,4;20,1;47,4;3,0;0,2;2,47E-1;-541,2;20,00;3,0;3,0;38,39;0,52;0,004;0,0;0,00;0,049
216;13.07.2023;14:38:21;00:03:35;250,0;17,7;18,4;17,4;20,1;48,5;3,1;0,2;2,44E-1;-541,2;20,00;3,0;3,0;38,39;0,52;0,005;0,0;0,01;0,049
217;13.07.2023;14:38:22;00:03:36;250,0;17,7;18,4;17,4;20,1;49,6;3,2;0,2;2,42E-1;-541,2;20,00;3,0;3,0;38,39;0,52;0,001;0,0;0,01;0,049
218;13.07.2023;14:38:23;00:03:37;250,0;17,7;18,4;17,4;20,1;50,2;3,3;0,2;2,40E-1;-541,2;20,00;3,0;2,9;38,39;0,52;-0,002;0,0;0,00;0,049
219;13.07.2023;14:38:24;00:03:38;250,0;17,7;18,4;17,4;20,1;51,3;3,4;0,2;2,38E-1;-541,2;20,00;3,0;3,0;38,39;0,52;-0,002;0,0;0,00;0,049
220;13.07.2023;14:38:25;00:03:39;250,0;17,7;18,4;17,4;20,2;52,4;3,5;0,2;2,36E-1;-541,2;20,00;3,0;3,0;38,39;0,52;-0,002;0,0;0,01;0,049
221;13.07.2023;14:38:26;00:03:40;250,0;17,7;18,4;17,4;20,2;53,0;3,6;0,2;2,34E-1;-541,2;20,00;3,0;2,9;38,39;0,52;-0,003;0,0;0,01;0,049
222;13.07.2023;14:38:27;00:03:41;250,0;17,7;18,4;17,5;20,2;54,1;3,7;0,2;2,32E-1;-541,2;20,00;3,0;3,0;38,39;0,52;0,001;0,0;0,00;0,049
223;13.07.2023;14:38:28;00:03:42;250,0;17,7;18,4;17,5;20,2;54,7;3,8;0,2;2,31E-1;-541,2;20,00;3,0;3,0;38,39;0,52;0,003;0,0;0,01;0,049
224;13.07.2023;14:38:29;00:03:43;250,0;17,7;18,4;17,5;20,2;55,8;3,9;0,2;2,30E-1;-541,2;20,00;3,0;3,0;38,39;0,52;0,001;0,0;0,00;0,049
225;13.07.2023;14:38:30;00:03:44;250,0;17,7;18,4;17,5;20,2;56,9;4,1;0,2;2,28E-1;-541,2;20,00;3,0;3,0;38,39;0,52;-0,001;0,0;0,00;0,049
226;13.07.2023;14:38:31;00:03:45;250,0;17,7;18,4;17,5;20,2;57,4;4,1;0,2;2,27E-1;-541,2;20,00;3,0;3,0;38,39;0,52;-0,002;0,0;0,01;0,049
227;13.07.2023;14:38:32;00:03:46;250,0;17,7;18,4;17,5;20,2;58,6;4,3;0,2;2,25E-1;-541,2;20,00;3,0;3,1;38,39;0,52;0,000;0,0;0,01;0,049
228;13.07.2023;14:38:33;00:03:47;250,0;17,7;18,4;17,5;20,2;59,7;4,4;0,2;2,23E-1;-541,2;20,00;3,0;3,0;38,39;0,52;0,000;0,0;0,00;0,049
229;13.07.2023;14:38:34;00:03:48;250,0;17,7;18,4;17,5;20,2;60,2;4,5;0,2;2,22E-1;-541,2;20,00;3,0;3,0;38,39;0,52;-0,002;0,0;0,00;0,049
230;13.07.2023;14:38:35;00:03:49;250,0;17,7;18,4;17,5;20,2;61,3;4,6;0,2;2,20E-1;-541,2;20,00;3,0;3,1;38,39;0,52;0,001;0,0;0,00;0,049
231;13.07.2023;14:38:36;00:03:50;250,0;17,7;18,4;17,5;20,2;62,4;4,8;0,2;2,18E-1;-541,2;20,00;3,0;3,0;38,39;0,52;0,003;0,0;0,01;0,049
232;13.07.2023;14:38:37;00:03:51;250,0;17,7;18,4;17,5;20,2;63,0;4,8;0,2;2,18E-1;-541,2;20,00;3,0;3,0;38,39;0,52;-0,002;0,0;0,00;0,049
233;13.07.2023;14:38:38;00:03:52;250,0;17,7;18,4;17,5;20,2;64,2;5,0;0,2;2,16E-1;-541,2;20,00;3,0;3,1;38,39;0,52;0,003;0,0;0,00;0,049
234;13.07.2023;14:38:39;00:03:53;250,0;17,7;18,4;17,5;20,2;64,7;5,1;0,2;2,15E-1;-541,2;20,00;3,0;3,0;38,39;0,52;0,001;0,0;0,00;0,049
235;13.07.2023;14:38:40;00:03:54;250,0;17,7;18,5;17,5;20,2;65,8;5,2;0,2;2,13E-1;-541,2;20,00;3,0;3,1;38,39;0,52;0,002;0,0;0,00;0,049
236;13.07.2023;14:38:41;00:03:55;250,0;17,7;18,4;17,5;20,2;66,9;5,3;0,2;2,12E-1;-541,2;20,00;3,0;3,0;38,39;0,52;-0,002;0,0;0,01;0,049
237;13.07.2023;14:38:42;00:03:56;250,0;17,7;18,4;17,5;20,2;67,5;5,4;0,2;2,11E-1;-541,2;20,00;3,0;3,0;38,39;0,52;-0,003;0,0;0,00;0,049
238;13.07.2023;14:38:43;00:03:57;250,0;17,7;18,4;17,5;20,2;68,6;5,5;0,2;2,09E-1;-541,2;20,00;3,0;3,0;38,39;0,52;0,001;0,0;0,00;0,049
239;13.07.2023;14:38:44;00:03:58;250,0;17,7;18,4;17,5;20,2;69,7;5,7;0,2;2,08E-1;-541,2;20,00;3,0;2,9;38,39;0,52;-0,005;0,0;0,00;0,049
240;13.07.2023;14:38:45;00:03:59;250,0;17,7;18,4;17,5;20,2;70,3;5,8;0,2;2,07E-1;-541,2;20,00;3,0;2,9;38,39;0,52;-0,004;0,0;0,01;0,049
241;13.07.2023;14:38:46;00:04:00;250,0;17,7;18,4;17,5;20,2;71,4;5,9;0,2;2,05E-1;-541,2;20,00;3,0;3,0;38,39;0,52;0,001;0,0;0,00;0,049
242;13.07.2023;14:38:47;00:04:01;250,0;17,7;18,4;17,5;20,2;72,5;6,1;0,2;2,04E-1;-541,2;20,00;3,0;3,0;38,39;0,52;0,001;0,0;0,01;0,049
243;13.07.2023;14:38:48;00:04:02;250,0;17,7;18,4;17,5;20,2;73,1;6,1;0,2;2,03E-1;-541,2;20,00;3,0;3,0;38,39;0,52;0,003;0,0;0,00;0,049
244;13.07.2023;14:38:49;00:04:03;250,0;17,7;18,4;17,5;20,2;74,2;6,3;0,2;2,02E-1;-541,2;20,00;3,0;3,1;38,39;0,52;0,006;0,0;0,01;0,049
245;13.07.2023;14:38:50;00:04:04;250,0;17,7;18,4;17,5;20,2;75,4;6,4;0,2;2,01E-1;-541,2;20,00;3,0;3,1;38,39;0,52;0,003;0,0;0,01;0,049
246;13.07.2023;14:38:51;00:04:05;250,0;17,7;18,4;17,5;20,2;76,3;6,5;0,2;2,00E-1;-541,2;20,00;3,0;3,0;38,39;0,52;0,004;0,0;0,00;0,049
247;13.07.2023;14:38:52;00:04:06;250,0;17,7;18,4;17,6;20,2;77,8;6,7;0,2;1,99E-1;-541,2;20,00;3,0;3,0;38,39;0,52;0,006;0,0;0,00;0,049
248;13.07.2023;14:38:53;00:04:07;250,0;17,7;18,4;17,6;20,2;78,5;6,8;0,2;1,98E-1;-541,2;20,00;3,0;3,0;38,39;0,52;0,005;0,0;0,00;0,049
249;13.07.2023;14:38:54;00:04:08;250,0;17,7;18,4;17,6;20,2;80,0;7,0;0,2;1,97E-1;-541,2;20,00;3,0;3,0;38,39;0,52;0,004;0,0;0,00;0,049
250;13.07.2023;14:38:55;00:04:09;250,0;17,7;18,4;17,6;20,2;81,5;7,2;0,2;1,96E-1;-541,2;20,00;3,0;3,1;38,39;0,52;0,007;0,0;0,00;0,049
251;13.07.2023;14:38:56;00:04:10;250,0;17,7;18,4;17,6;20,2;82,3;7,3;0,2;1,95E-1;-541,2;20,00;3,0;3,0;38,39;0,52;0,003;0,0;0,01;0,049
252;13.07.2023;14:38:57;00:04:11;250,0;17,7;18,4;17,6;20,2;83,9;7,5;0,2;1,94E-1;-541,2;20,00;3,0;3,0;38,39;0,52;0,000;0,0;0,01;0,049
253;13.07.2023;14:38:58;00:04:12;250,0;17,7;18,4;17,6;20,3;85,4;7,7;0,2;1,93E-1;-541,2;20,00;3,0;3,0;38,39;0,52;0,000;0,0;0,01;0,049
254;13.07.2023;14:38:59;00:04:13;250,0;17,7;18,4;17,6;20,3;86,1;7,8;0,2;1,92E-1;-541,2;20,00;3,0;3,0;38,39;0,52;0,002;0,0;0,00;0,049
255;13.07.2023;14:39:00;00:04:14;250,0;17,7;18,4;17,6;20,3;87,6;8,0;0,2;1,91E-1;-541,2;20,00;3,0;2,9;38,39;0,52;-0,002;0,0;0,01;0,049
256;13.07.2023;14:39:01;00:04:15;250,0;17,7;18,4;17,6;20,3;89,1;8,2;0,2;1,90E-1;-541,2;20,00;3,0;3,0;38,39;0,52;-0,003;0,0;0,00;0,049
257;13.07.2023;14:39:02;00:04:16;250,0;17,7;18,4;17,6;20,3;89,9;8,3;0,2;1,89E-1;-541,2;20,00;3,0;3,0;38,39;0,52;0,004;0,0;0,01;0,049
258;13.07.2023;14:39:03;00:04:17;250,0;17,5;18,4;17,6;20,1;91,5;8,5;0,2;1,88E-1;-541,2;20,00;3,0;3,0;38,39;0,52;0,003;0,0;0,00;0,049
259;13.07.2023;14:39:04;00:04:18;250,0;17,5;18,3;17,4;20,1;93,0;8,7;0,2;1,87E-1;-541,2;20,00;3,0;3,0;38,39;0,52;0,003;0,0;0,00;0,049
260;13.07.2023;14:39:05;00:04:19;250,0;17,6;18,3;17,4;20,1;93,8;8,8;0,2;1,87E-1;-541,2;20,00;3,0;3,0;38,39;0,52;0,000;0,0;0,00;0,049
261;13.07.2023;14:39:06;00:04:20;250,0;17,6;18,3;17,4;20,1;95,3;9,0;0,2;1,86E-1;-541,2;20,00;3,0;3,0;38,39;0,52;0,000;0,0;0,00;0,049
262;13.07.2023;14:39:07;00:04:21;250,0;17,6;18,3;17,4;20,1;96,0;9,1;0,2;1,85E-1;-541,2;20,00;3,0;3,0;38,39;0,52;-0,003;0,0;0,00;0,049
263;13.07.2023;14:39:08;00:04:22;250,0;17,6;18,3;17,4;20,1;97,5;9,3;0,2;1,84E-1;-541,2;20,00;3,0;2,9;38,39;0,52;0,003;0,0;0,00;0,049
264;13.07.2023;14:39:09;00:04:23;250,0;17,6;18,3;17,5;20,1;99,1;9,5;0,2;1,83E-1;-541,2;20,00;3,0;3,0;38,39;0,52;0,003;0,0;0,01;0,049
265;13.07.2023;14:39:10;00:04:24;250,0;17,6;18,3;17,5;20,1;99,9;9,6;0,2;1,82E-1;-541,2;20,00;3,0;3,0;38,39;0,52;0,000;0,0;0,00;0,049
266;13.07.2023;14:39:11;00:04:25;250,0;17,6;18,3;17,5;20,1;101,4;9,8;0,2;1,81E-1;-541,2;20,00;3,0;2,9;38,39;0,52;0,006;0,8;3,73;0,217
267;13.07.2023;14:39:12;00:04:26;250,0;17,6;18,3;17,5;20,1;102,9;10,1;0,2;1,81E-1;-541,2;20,00;3,0;3,0;38,39;0,53;0,020;0,8;3,74;0,225
268;13.07.2023;14:39:13;00:04:27;250,0;17,6;18,3;17,5;20,2;103,6;10,2;0,2;1,80E-1;-541,2;20,00;3,0;3,0;38,39;0,52;0,022;0,8;3,78;0,225
269;13.07.2023;14:39:14;00:04:28;250,1;17,6;18,3;17,5;20,2;105,1;10,4;0,2;1,80E-1;-541,2;20,00;3,0;2,9;38,39;0,52;0,018;0,9;3,76;0,229
270;13.07.2023;14:39:15;00:04:29;250,0;18,3;18,3;17,5;20,4;106,8;10,5;0,2;1,79E-1;-541,2;20,00;3,0;3,0;38,39;0,52;0,014;0,9;3,79;0,230
271;13.07.2023;14:39:16;00:04:30;250,1;18,3;18,3;17,5;20,4;107,5;10,6;0,2;1,78E-1;-541,2;20,00;3,0;3,0;38,39;0,53;0,014;0,9;3,77;0,230
272;13.07.2023;14:39:17;00:04:31;250,0;20,0;18,3;17,5;20,6;109,0;10,7;0,2;1,78E-1;-541,2;20,00;3,0;3,0;38,39;0,53;0,014;0,9;3,78;0,234
273;13.07.2023;14:39:18;00:04:32;250,0;20,0;18,3;17,5;20,6;109,8;10,8;0,2;1,77E-1;-541,2;20,00;3,0;3,0;38,39;0,53;0,013;0,9;3,83;0,234
274;13.07.2023;14:39:19;00:04:33;250,2;23,0;18,3;17,5;20,8;111,3;10,8;0,2;1,77E-1;-541,2;20,00;3,0;3,0;38,39;0,53;0,009;0,9;3,81;0,234
275;13.07.2023;14:39:20;00:04:34;250,0;27,4;18,4;17,5;20,8;112,8;10,6;0,2;1,76E-1;-541,2;20,00;3,0;3,0;38,39;0,53;0,004;0,9;3,82;0,235
276;13.07.2023;14:39:21;00:04:35;250,0;27,4;18,4;17,5;20,9;113,5;10,7;0,2;1,76E-1;-541,2;20,00;3,0;3,0;38,39;0,53;0,007;0,9;3,79;0,234
277;13.07.2023;14:39:22;00:04:36;250,1;27,4;18,4;17,5;20,9;115,1;10,9;0,2;1,75E-1;-541,2;20,00;3,0;3,0;38,39;0,53;0,005;0,9;3,80;0,234
278;13.07.2023;14:39:23;00:04:37;250,1;32,7;18,4;17,5;21,1;116,6;10,6;0,2;1,75E-1;-541,2;20,00;3,0;3,0;38,39;0,53;0,003;0,9;3,80;0,234
279;13.07.2023;14:39:24;00:04:38;250,2;32,8;18,5;17,6;21,1;117,4;10,7;0,2;1,74E-1;-541,2;20,00;3,0;3,0;38,39;0,53;0,001;0,9;3,79;0,235
280;13.07.2023;14:39:25;00:04:39;250,1;39,2;18,6;17,6;21,2;118,9;10,4;0,2;1,74E-1;-541,2;20,00;3,0;3,0;38,39;0,53;0,001;0,9;3,80;0,239
281;13.07.2023;14:39:26;00:04:40;250,1;45,9;18,7;17,7;21,2;120,4;10,6;0,2;1,73E-1;-541,2;20,00;3,0;2,9;38,39;0,52;0,001;0,9;3,75;0,234
282;13.07.2023;14:39:27;00:04:41;250,1;45,9;18,7;17,7;21,2;121,1;10,1;0,2;1,73E-1;-541,2;20,00;3,0;3,0;38,39;0,53;0,003;0,9;3,74;0,234
283;13.07.2023;14:39:28;00:04:42;250,1;45,9;18,8;17,7;21,2;122,8;10,3;0,2;1,72E-1;-541,2;20,00;3,0;3,0;38,39;0,53;0,004;0,9;3,76;0,234
284;13.07.2023;14:39:29;00:04:43;250,0;52,6;18,8;17,7;21,3;124,3;9,9;0,2;1,71E-1;-541,2;20,00;3,0;3,0;38,39;0,52;0,005;0,9;3,70;0,234
285;13.07.2023;14:39:30;00:04:44;250,2;52,6;18,8;17,7;21,3;125,0;10,0;0,2;1,71E-1;-541,2;20,00;3,0;3,1;38,39;0,53;0,007;0,9;3,70;0,234
286;13.07.2023;14:39:31;00:04:45;250,2;59,3;18,9;17,8;21,3;126,5;9,6;0,2;1,70E-1;-541,2;20,00;3,0;3,0;38,39;0,53;0,006;0,8;3,67;0,230
287;13.07.2023;14:39:32;00:04:46;250,1;59,3;19,0;17,8;21,3;127,3;9,7;0,2;1,70E-1;-541,2;20,00;3,0;3,0;38,39;0,53;0,005;0,8;3,69;0,230
288;13.07.2023;14:39:33;00:04:47;250,1;65,3;19,0;17,8;21,3;128,8;9,4;0,2;1,70E-1;-541,2;20,00;3,0;3,0;38,39;0,53;0,004;0,9;3,71;0,233
289;13.07.2023;14:39:34;00:04:48;250,2;71,2;19,1;17,9;21,3;130,4;9,6;0,2;1,69E-1;-541,2;20,00;3,0;3,0;38,39;0,53;0,005;0,9;3,67;0,230
290;13.07.2023;14:39:35;00:04:49;250,1;71,2;19,1;17,9;21,3;131,1;9,1;0,2;1,69E-1;-541,2;20,00;3,0;2,9;38,39;0,53;0,009;0,8;3,64;0,229
291;13.07.2023;14:39:36;00:04:50;250,1;76,8;19,2;18,0;21,3;132,6;8,9;0,2;1,68E-1;-541,2;20,00;3,0;3,0;38,39;0,53;0,007;0,8;3,62;0,230
292;13.07.2023;14:39:37;00:04:51;250,0;76,8;19,3;18,0;21,3;134,1;9,0;0,2;1,67E-1;-541,2;20,00;3,0;3,0;38,39;0,53;0,008;0,8;3,61;0,226
293;13.07.2023;14:39:38;00:04:52;250,1;76,8;19,3;18,0;21,3;134,9;9,1;0,2;1,67E-1;-541,2;20,00;3,0;3,0;38,39;0,53;0,006;0,8;3,62;0,225
294;13.07.2023;14:39:39;00:04:53;250,1;82,2;19,3;18,1;21,4;136,4;8,8;0,2;1,67E-1;-541,2;20,00;3,0;3,0;38,39;0,53;0,007;0,8;3,59;0,225
295;13.07.2023;14:39:40;00:04:54;250,0;87,4;19,4;18,2;21,4;138,0;8,6;0,2;1,66E-1;-541,2;20,00;3,0;3,0;38,39;0,53;0,007;0,8;3,59;0,228
296;13.07.2023;14:39:41;00:04:55;250,1;87,4;19,4;18,2;21,4;138,8;8,6;0,2;1,66E-1;-541,2;20,00;3,0;3,0;38,39;0,53;0,005;0,8;3,56;0,225
297;13.07.2023;14:39:42;00:04:56;250,1;87,4;19,5;18,3;21,4;140,3;8,8;0,2;1,65E-1;-541,2;20,00;3,0;3,0;38,39;0,53;0,011;0,8;3,60;0,225
298;13.07.2023;14:39:43;00:04:57;250,0;92,3;19,5;18,3;21,3;141,8;8,5;0,2;1,65E-1;-541,2;20,00;3,0;3,0;38,39;0,53;0,012;0,8;3,54;0,225
299;13.07.2023;14:39:44;00:04:58;250,1;92,1;19,5;18,1;21,3;142,5;8,6;0,2;1,64E-1;-541,2;20,00;3,0;3,0;38,39;0,53;0,013;0,8;3,55;0,225
300;13.07.2023;14:39:45;00:04:59;250,0;97,1;19,5;18,2;21,3;144,0;8,4;0,2;1,64E-1;-541,2;20,00;3,0;3,0;38,39;0,53;0,017;0,8;3,59;0,225
301;13.07.2023;14:39:46;00:05:00;250,0;97,1;19,5;18,2;21,3;144,9;8,5;0,2;1,63E-1;-541,2;20,00;3,0;2,9;38,39;0,53;0,013;0,8;3,55;0,223
302;13.07.2023;14:39:47;00:05:01;250,0;101,8;19,6;18,4;21,3;146,4;8,2;0,2;1,63E-1;-541,2;20,00;3,0;2,9;38,39;0,53;0,014;0,8;3,51;0,221
303;13.07.2023;14:39:48;00:05:02;250,1;101,8;19,7;18,5;21,3;147,9;8,4;0,2;1,62E-1;-541,2;20,00;3,0;3,0;38,39;0,53;0,013;0,8;3,54;0,225
304;13.07.2023;14:39:49;00:05:03;250,0;106,4;19,7;18,5;21,4;148,6;8,2;0,2;1,62E-1;-541,2;20,00;3,0;3,0;38,39;0,53;0,014;0,8;3,60;0,225
305;13.07.2023;14:39:50;00:05:04;250,1;106,4;19,8;18,5;21,4;150,1;8,3;0,2;1,61E-1;-541,2;20,00;3,0;2,9;38,39;0,53;0,016;0,8;3,52;0,225
306;13.07.2023;14:39:51;00:05:05;250,1;110,7;19,8;18,6;21,4;151,6;8,1;0,2;1,60E-1;-541,2;20,00;3,0;3,0;38,39;0,53;0,014;0,8;3,49;0,222
307;13.07.2023;14:39:52;00:05:06;250,1;110,7;19,9;18,6;21,4;152,5;8,2;0,2;1,60E-1;-541,2;20,00;3,0;3,0;38,39;0,53;0,013;0,8;3,55;0,225
308;13.07.2023;14:39:53;00:05:07;250,2;114,7;19,9;18,7;21,4;154,0;8,0;0,2;1,59E-1;-541,2;20,00;3,0;3,0;38,39;0,53;0,010;0,8;3,56;0,225
309;13.07.2023;14:39:54;00:05:08;250,0;118,5;20,0;18,8;21,4;155,5;8,0;0,2;1,59E-1;-541,2;20,00;3,0;3,0;38,39;0,53;0,015;0,8;3,51;0,224
310;13.07.2023;14:39:55;00:05:09;250,1;118,5;20,0;18,8;21,4;156,3;7,9;0,2;1,58E-1;-541,2;20,00;3,0;3,0;38,39;0,53;0,010;0,8;3,51;0,220
311;13.07.2023;14:39:56;00:05:10;250,0;118,5;20,1;18,9;21,4;157,8;8,1;0,2;1,58E-1;-541,2;20,00;3,0;2,9;38,40;0,53;0,009;0,8;3,53;0,223
312;13.07.2023;14:39:57;00:05:11;250,0;122,1;20,1;18,9;21,4;158,5;8,0;0,2;1,57E-1;-541,2;20,00;3,0;3,0;38,39;0,53;0,013;0,8;3,55;0,223
313;13.07.2023;14:39:58;00:05:12;250,0;122,1;20,1;18,9;21,4;160,1;8,0;0,2;1,57E-1;-541,2;20,00;3,0;3,0;38,39;0,53;0,017;0,8;3,51;0,224
314;13.07.2023;14:39:59;00:05:13;250,1;125,6;20,1;19,1;21,4;161,6;7,8;0,2;1,56E-1;-541,2;20,00;3,0;3,0;38,40;0,53;0,009;0,8;3,47;0,220
315;13.07.2023;14:40:00;00:05:14;250,0;125,6;20,2;19,2;21,4;162,4;7,9;0,2;1,56E-1;-541,2;20,00;3,0;3,0;38,39;0,53;0,007;0,8;3,48;0,222
316;13.07.2023;14:40:01;00:05:15;250,0;128,9;20,2;19,2;21,4;163,9;7,8;0,2;1,55E-1;-541,2;20,00;3,0;3,0;38,40;0,53;0,007;0,8;3,53;0,225
317;13.07.2023;14:40:02;00:05:16;250,0;132,1;20,3;19,3;21,4;165,4;8,0;0,2;1,55E-1;-541,2;20,00;3,0;3,0;38,40;0,53;-0,001;0,8;3,51;0,222
318;13.07.2023;14:40:03;00:05:17;250,1;132,1;20,3;19,3;21,4;166,1;7,8;0,2;1,54E-1;-541,2;20,00;3,0;3,1;38,40;0,53;0,006;0,8;3,54;0,221
319;13.07.2023;14:40:04;00:05:18;250,1;132,1;20,3;19,3;21,5;167,8;7,9;0,2;1,54E-1;-541,2;20,00;3,0;3,0;38,40;0,53;0,011;0,8;3,52;0,222
320;13.07.2023;14:40:05;00:05:19;250,0;135,4;20,4;19,4;21,5;169,3;7,8;0,2;1,53E-1;-541,2;20,00;3,0;3,0;38,40;0,53;0,008;0,8;3,50;0,221
321;13.07.2023;14:40:06;00:05:20;250,0;135,4;20,4;19,4;21,5;170,0;7,9;0,2;1,53E-1;-541,2;20,00;3,0;3,0;38,40;0,53;0,010;0,8;3,52;0,223
322;13.07.2023;14:40:07;00:05:21;250,0;138,5;20,5;19,5;21,5;171,5;7,8;0,2;1,52E-1;-541,2;20,00;3,0;3,0;38,40;0,53;0,009;0,8;3,50;0,220
323;13.07.2023;14:40:08;00:05:22;250,2;138,5;20,5;19,5;21,5;173,0;7,9;0,2;1,52E-1;-541,2;20,00;3,0;3,0;38,40;0,53;0,004;0,8;3,52;0,222
324;13.07.2023;14:40:09;00:05:23;250,1;141,6;20,5;19,6;21,5;173,8;7,8;0,2;1,52E-1;-541,2;20,00;3,0;3,0;38,40;0,53;0,007;0,8;3,48;0,225
325;13.07.2023;14:40:10;00:05:24;250,2;144,6;20,6;19,8;21,5;175,4;7,9;0,2;1,51E-1;-541,2;20,00;3,0;3,1;38,40;0,53;0,008;0,8;3,52;0,222
326;13.07.2023;14:40:11;00:05:25;250,2;144,6;20,6;19,8;21,5;176,1;7,7;0,2;1,51E-1;-541,2;20,00;3,0;3,0;38,40;0,53;0,009;0,8;3,48;0,223
327;13.07.2023;14:40:12;00:05:26;250,0;144,6;20,7;19,8;21,5;177,6;7,9;0,2;1,50E-1;-541,2;20,00;3,0;3,0;38,40;0,53;0,006;0,8;3,48;0,223
328;13.07.2023;14:40:13;00:05:27;250,1;147,2;20,7;19,9;21,6;179,1;7,8;0,1;1,50E-1;-541,2;20,00;3,0;3,0;38,40;0,53;0,005;0,8;3,49;0,224
329;13.07.2023;14:40:14;00:05:28;250,1;147,2;20,7;19,9;21,6;179,9;7,9;0,1;1,49E-1;-541,2;20,00;3,0;3,0;38,40;0,53;0,003;0,8;3,50;0,224
330;13.07.2023;14:40:15;00:05:29;250,0;149,8;20,7;19,9;21,6;181,4;7,8;0,1;1,49E-1;-541,2;20,00;3,0;3,1;38,40;0,53;0,007;0,8;3,53;0,223
331;13.07.2023;14:40:16;00:05:30;250,0;149,8;20,8;20,0;21,6;183,0;8,0;0,1;1,48E-1;-541,2;20,00;3,0;3,0;38,40;0,53;0,006;0,8;3,50;0,225
332;13.07.2023;14:40:17;00:05:31;250,0;152,4;20,8;20,0;21,6;183,8;7,9;0,1;1,48E-1;-541,2;20,00;3,0;3,0;38,39;0,53;0,005;0,8;3,53;0,225
333;13.07.2023;14:40:18;00:05:32;250,0;152,4;20,8;20,0;21,6;185,3;8,0;0,1;1,47E-1;-541,2;20,00;3,0;3,0;38,40;0,53;0,005;0,8;3,50;0,225
334;13.07.2023;14:40:19;00:05:33;250,2;154,8;20,8;20,1;21,6;186,8;8,0;0,1;1,47E-1;-541,2;20,00;3,0;3,0;38,40;0,53;0,006;0,8;3,52;0,225
335;13.07.2023;14:40:20;00:05:34;250,0;157,3;20,9;20,2;21,6;187,5;8,1;0,1;1,47E-1;-541,2;20,00;3,0;2,9;38,40;0,53;0,003;0,8;3,52;0,225
336;13.07.2023;14:40:21;00:05:35;250,2;157,3;20,9;20,2;21,6;189,0;8,0;0,1;1,46E-1;-541,2;20,00;3,0;3,0;38,40;0,53;0,006;0,8;3,52;0,225
337;13.07.2023;14:40:22;00:05:36;250,0;159,6;20,9;20,3;21,6;190,6;8,1;0,1;1,46E-1;-541,2;20,00;3,0;3,0;38,40;0,53;0,007;0,8;3,51;0,225
338;13.07.2023;14:40:23;00:05:37;250,0;159,6;20,9;20,3;21,6;191,4;8,1;0,1;1,45E-1;-541,2;20,00;3,0;3,0;38,40;0,53;0,004;0,8;3,52;0,225
339;13.07.2023;14:40:24;00:05:38;250,0;159,6;20,9;20,2;21,6;192,9;8,2;0,1;1,45E-1;-541,2;20,00;3,0;3,0;38,40;0,53;0,003;0,8;3,56;0,225
340;13.07.2023;14:40:25;00:05:39;250,1;162,0;20,9;20,3;21,5;193,6;8,2;0,1;1,45E-1;-541,2;20,00;3,0;3,0;38,40;0,53;0,001;0,8;3,53;0,225
341;13.07.2023;14:40:26;00:05:40;250,0;162,0;20,9;20,3;21,5;195,1;8,2;0,1;1,44E-1;-541,2;20,00;3,0;3,0;38,40;0,53;0,003;0,8;3,50;0,225
342;13.07.2023;14:40:27;00:05:41;250,1;164,5;21,0;20,4;21,5;196,6;8,2;0,1;1,44E-1;-541,2;20,00;3,0;3,0;38,40;0,53;0,001;0,8;3,51;0,225
343;13.07.2023;14:40:28;00:05:42;250,0;164,5;21,0;20,4;21,5;197,4;8,3;0,1;1,43E-1;-541,2;20,00;3,0;3,0;38,40;0,53;0,003;0,8;3,55;0,225
344;13.07.2023;14:40:29;00:05:43;250,1;166,8;21,0;20,4;21,5;199,0;8,2;0,1;1,43E-1;-541,2;20,00;3,0;3,0;38,40;0,53;0,000;0,8;3,55;0,227
345;13.07.2023;14:40:30;00:05:44;250,0;169,2;21,1;20,5;21,5;200,5;8,4;0,1;1,42E-1;-541,2;20,00;3,0;3,0;38,40;0,53;0,004;0,8;3,54;0,227
346;13.07.2023;14:40:31;00:05:45;250,0;169,2;21,1;20,5;21,5;201,3;8,3;0,1;1,42E-1;-541,2;20,00;3,0;3,1;38,40;0,53;0,004;0,8;3,55;0,225
347;13.07.2023;14:40:32;00:05:46;250,1;169,2;21,1;20,6;21,5;202,8;8,4;0,1;1,42E-1;-541,2;20,00;3,0;3,0;38,40;0,53;-0,002;0,8;3,56;0,230
348;13.07.2023;14:40:33;00:05:47;250,1;171,3;21,1;20,6;21,6;204,3;8,4;0,1;1,41E-1;-541,2;20,00;3,0;3,0;38,40;0,53;0,006;0,8;3,56;0,229
349;13.07.2023;14:40:34;00:05:48;250,0;171,3;21,1;20,6;21,6;205,0;8,5;0,1;1,41E-1;-541,2;20,00;3,0;3,0;38,40;0,53;0,007;0,8;3,56;0,230
350;13.07.2023;14:40:35;00:05:49;250,1;173,4;21,2;20,6;21,6;206,6;8,5;0,1;1,40E-1;-541,2;20,00;3,0;3,0;38,40;0,53;0,000;0,8;3,50;0,228
351;13.07.2023;14:40:36;00:05:50;250,0;173,4;21,2;20,7;21,6;207,4;8,6;0,1;1,40E-1;-541,2;20,00;3,0;3,1;38,40;0,53;0,001;0,8;3,59;0,230
352;13.07.2023;14:40:37;00:05:51;250,0;175,5;21,2;20,7;21,6;208,9;8,5;0,1;1,40E-1;-541,2;20,00;3,0;3,1;38,40;0,53;0,006;0,8;3,53;0,230
353;13.07.2023;14:40:38;00:05:52;250,1;175,5;21,2;20,8;21,6;210,4;8,7;0,1;1,39E-1;-541,2;20,00;3,0;3,0;38,40;0,53;0,006;0,8;3,55;0,231
354;13.07.2023;14:40:39;00:05:53;250,0;177,6;21,2;20,8;21,6;211,1;8,6;0,1;1,39E-1;-541,2;20,00;3,0;3,0;38,40;0,53;0,008;0,8;3,55;0,230
355;13.07.2023;14:40:40;00:05:54;250,0;177,6;21,3;20,8;21,6;212,6;8,8;0,1;1,38E-1;-541,2;20,00;3,0;3,0;38,40;0,53;0,011;0,8;3,54;0,233
356;13.07.2023;14:40:41;00:05:55;250,1;179,7;21,3;20,8;21,6;214,3;8,8;0,1;1,38E-1;-541,2;20,00;3,0;3,0;38,40;0,53;0,007;0,8;3,56;0,232
357;13.07.2023;14:40:42;00:05:56;250,1;179,7;21,3;20,8;21,6;215,0;8,8;0,1;1,38E-1;-541,2;20,00;3,0;3,0;38,40;0,53;0,003;0,8;3,63;0,234
358;13.07.2023;14:40:43;00:05:57;250,2;181,7;21,3;20,9;21,6;216,5;8,8;0,1;1,37E-1;-541,2;20,00;3,0;3,0;38,40;0,53;0,007;0,8;3,58;0,234
359;13.07.2023;14:40:44;00:05:58;250,2;181,7;21,3;20,8;21,5;218,0;9,0;0,1;1,37E-1;-541,2;20,00;3,0;3,0;38,40;0,53;0,002;0,8;3,57;0,234
360;13.07.2023;14:40:45;00:05:59;250,0;183,9;21,3;20,9;21,6;218,8;8,9;0,1;1,37E-1;-541,2;20,00;3,0;3,0;38,40;0,54;0,001;0,8;3,57;0,234
361;13.07.2023;14:40:46;00:06:00;250,0;183,9;21,4;20,9;21,6;220,3;9,0;0,1;1,36E-1;-541,2;20,00;3,0;3,0;38,40;0,53;0,000;0,8;3,61;0,234
362;13.07.2023;14:40:47;00:06:01;250,2;186,0;21,4;21,0;21,6;221,9;9,0;0,1;1,36E-1;-541,2;20,00;3,0;3,0;38,40;0,53;-0,002;0,8;3,66;0,236
363;13.07.2023;14:40:48;00:06:02;250,1;186,0;21,4;21,0;21,6;222,6;9,1;0,1;1,35E-1;-541,2;20,00;3,0;3,0;38,40;0,53;0,000;0,8;3,64;0,234
364;13.07.2023;14:40:49;00:06:03;250,0;188,1;21,4;21,0;21,7;224,1;9,1;0,1;1,35E-1;-541,2;20,00;3,0;3,0;38,40;0,53;0,007;0,8;3,60;0,234
365;13.07.2023;14:40:50;00:06:04;250,2;188,1;21,4;21,0;21,7;224,9;9,2;0,1;1,35E-1;-541,2;20,00;3,0;3,0;38,40;0,53;0,001;0,8;3,60;0,234
366;13.07.2023;14:40:51;00:06:05;250,0;190,2;21,5;21,1;21,7;226,4;9,2;0,1;1,34E-1;-541,2;20,00;3,0;3,1;38,40;0,53;0,002;0,8;3,61;0,235
367;13.07.2023;14:40:52;00:06:06;250,0;190,2;21,5;21,1;21,7;227,9;9,3;0,1;1,34E-1;-541,2;20,00;3,0;3,1;38,40;0,53;0,001;0,8;3,61;0,239
368;13.07.2023;14:40:53;00:06:07;250,1;192,1;21,5;21,1;21,7;228,8;9,3;0,1;1,34E-1;-541,2;20,00;3,0;2,9;38,40;0,53;-0,003;0,9;3,65;0,238
369;13.07.2023;14:40:54;00:06:08;250,0;192,1;21,6;21,1;21,7;230,3;9,4;0,1;1,33E-1;-541,2;20,00;3,0;3,0;38,40;0,53;-0,002;0,9;3,65;0,237
370;13.07.2023;14:40:55;00:06:09;250,2;194,1;21,6;21,2;21,7;231,8;9,4;0,1;1,33E-1;-541,2;20,00;3,0;3,1;38,40;0,53;0,006;0,9;3,65;0,239
371;13.07.2023;14:40:56;00:06:10;250,2;194,1;21,6;21,2;21,7;232,5;9,5;0,1;1,33E-1;-541,2;20,00;3,0;3,0;38,40;0,53;0,000;0,9;3,63;0,239
372;13.07.2023;14:40:57;00:06:11;250,1;196,0;21,6;21,2;21,7;234,0;9,5;0,1;1,32E-1;-541,2;20,00;3,0;3,0;38,40;0,53;0,005;0,9;3,66;0,239
373;13.07.2023;14:40:58;00:06:12;250,0;197,9;21,6;21,3;21,7;235,5;9,7;0,1;1,32E-1;-541,2;20,00;3,0;3,0;38,40;0,53;0,005;0,9;3,69;0,240
374;13.07.2023;14:40:59;00:06:13;250,1;197,9;21,6;21,3;21,8;236,4;9,6;0,1;1,32E-1;-541,2;20,00;3,0;3,0;38,40;0,53;0,002;0,9;3,69;0,239
375;13.07.2023;14:41:00;00:06:14;250,1;197,9;21,7;21,3;21,8;237,9;9,7;0,1;1,31E-1;-541,2;20,00;3,0;2,9;38,40;0,53;0,003;0,9;3,69;0,241
376;13.07.2023;14:41:01;00:06:15;250,0;199,8;21,7;21,3;21,8;239,4;9,7;0,1;1,31E-1;-541,2;20,00;3,0;3,0;38,40;0,53;0,004;0,9;3,63;0,240
377;13.07.2023;14:41:02;00:06:16;250,1;199,8;21,7;21,3;21,8;240,1;9,8;0,1;1,31E-1;-541,2;20,00;3,0;3,0;38,40;0,53;0,006;0,9;3,69;0,244
378;13.07.2023;14:41:03;00:06:17;250,2;201,7;21,7;21,4;21,8;241,6;9,8;0,1;1,30E-1;-541,2;20,00;3,0;3,0;38,40;0,53;0,001;0,9;3,64;0,244
379;13.07.2023;14:41:04;00:06:18;250,2;201,7;21,7;21,4;21,8;242,4;9,9;0,1;1,30E-1;-541,2;20,00;3,0;3,0;38,40;0,53;0,002;0,9;3,71;0,244
380;13.07.2023;14:41:05;00:06:19;250,0;203,8;21,8;21,4;21,8;244,0;9,9;0,1;1,30E-1;-541,2;20,00;3,0;3,0;38,40;0,53;0,005;0,9;3,67;0,244
381;13.07.2023;14:41:06;00:06:20;250,0;203,8;21,8;21,5;21,8;245,5;10,1;0,1;1,30E-1;-541,2;20,00;3,0;3,0;38,40;0,53;0,003;0,9;3,70;0,244
382;13.07.2023;14:41:07;00:06:21;250,0;203,8;21,8;21,5;21,8;246,3;10,2;0,1;1,29E-1;-541,2;20,00;3,0;3,0;38,40;0,53;0,006;0,9;3,71;0,245
383;13.07.2023;14:41:08;00:06:22;250,1;205,8;21,8;21,5;21,9;247,8;10,2;0,1;1,29E-1;-541,2;20,00;3,0;3,0;38,40;0,53;0,008;0,9;3,70;0,244
384;13.07.2023;14:41:09;00:06:23;250,0;207,9;21,9;21,5;21,9;249,3;10,1;0,1;1,29E-1;-541,2;20,00;3,0;3,0;38,40;0,53;0,006;0,9;3,68;0,244
385;13.07.2023;14:41:10;00:06:24;250,0;207,9;21,9;21,5;21,9;250,0;10,2;0,1;1,29E-1;-541,2;20,00;3,0;3,0;38,40;0,54;0,007;0,9;3,70;0,249
386;13.07.2023;14:41:11;00:06:25;250,1;209,9;21,9;21,6;21,9;251,5;10,2;0,1;1,28E-1;-541,2;20,00;3,0;3,0;38,40;0,54;0,005;0,9;3,71;0,246
387;13.07.2023;14:41:12;00:06:26;250,1;209,9;22,0;21,6;21,9;253,0;10,4;0,1;1,28E-1;-541,2;20,00;3,0;2,9;38,40;0,54;0,001;0,9;3,71;0,249
388;13.07.2023;14:41:13;00:06:27;250,0;211,9;22,0;21,6;21,9;253,9;10,3;0,1;1,27E-1;-541,2;20,00;3,0;3,1;38,40;0,54;0,003;0,9;3,69;0,249
389;13.07.2023;14:41:14;00:06:28;250,0;211,9;22,0;21,7;21,9;255,4;10,5;0,1;1,27E-1;-541,2;20,00;3,0;3,0;38,40;0,53;0,009;0,9;3,71;0,249
390;13.07.2023;14:41:15;00:06:29;250,0;213,8;22,0;21,7;21,9;256,9;10,5;0,1;1,27E-1;-541,2;20,00;3,0;3,0;38,40;0,54;0,001;0,9;3,71;0,249
391;13.07.2023;14:41:16;00:06:30;250,0;213,8;22,0;21,7;21,9;257,6;10,6;0,1;1,27E-1;-541,2;20,00;3,0;3,1;38,40;0,54;0,004;0,9;3,75;0,249
392;13.07.2023;14:41:17;00:06:31;250,0;215,7;22,0;21,7;21,9;259,1;10,6;0,1;1,26E-1;-541,2;20,00;3,0;3,0;38,40;0,54;0,001;0,9;3,78;0,253
393;13.07.2023;14:41:18;00:06:32;250,3;215,7;22,0;21,7;21,9;259,9;10,7;0,1;1,26E-1;-541,2;20,00;3,0;3,0;38,40;0,53;0,003;0,9;3,75;0,249
394;13.07.2023;14:41:19;00:06:33;250,0;217,7;22,1;21,8;21,9;261,5;10,7;0,1;1,26E-1;-541,2;20,00;3,0;3,0;38,40;0,54;0,000;0,9;3,74;0,252
395;13.07.2023;14:41:20;00:06:34;250,0;219,6;22,1;21,8;21,9;263,0;10,7;0,1;1,25E-1;-541,2;20,00;3,0;3,0;38,40;0,53;0,002;0,9;3,74;0,254
396;13.07.2023;14:41:21;00:06:35;250,0;219,6;22,1;21,8;21,9;263,8;10,8;0,1;1,25E-1;-541,2;20,00;3,0;3,0;38,40;0,53;0,001;0,9;3,71;0,250
397;13.07.2023;14:41:22;00:06:36;250,1;219,6;22,1;21,8;21,9;265,3;10,9;0,1;1,25E-1;-541,2;20,00;3,0;3,0;38,40;0,53;0,001;1,0;3,78;0,253
398;13.07.2023;14:41:23;00:06:37;250,1;221,5;22,2;21,9;21,9;266,8;10,9;0,1;1,24E-1;-541,2;20,00;3,0;3,0;38,40;0,53;0,007;1,0;3,78;0,254
399;13.07.2023;14:41:24;00:06:38;250,0;221,5;22,1;21,9;21,9;267,5;11,0;0,1;1,24E-1;-541,2;20,00;3,0;3,0;38,40;0,53;0,006;1,0;3,79;0,254
400;13.07.2023;14:41:25;00:06:39;250,1;223,6;22,2;21,9;21,9;269,1;11,0;0,1;1,24E-1;-541,2;20,00;3,0;3,0;38,40;0,54;0,003;1,0;3,79;0,254
401;13.07.2023;14:41:26;00:06:40;250,0;223,6;22,2;21,9;21,9;270,6;11,2;0,1;1,23E-1;-541,2;20,00;3,0;3,0;38,40;0,53;0,007;1,0;3,75;0,255
402;13.07.2023;14:41:27;00:06:41;250,0;223,6;22,2;21,9;21,9;271,4;11,3;0,1;1,23E-1;-541,2;20,00;3,0;3,0;38,40;0,54;0,005;1,0;3,78;0,255
403;13.07.2023;14:41:28;00:06:42;250,0;225,8;22,2;22,0;21,9;272,9;11,3;0,1;1,23E-1;-541,2;20,00;3,0;3,0;38,40;0,53;0,004;1,0;3,76;0,255
404;13.07.2023;14:41:29;00:06:43;250,1;227,9;22,3;22,0;21,9;273,6;11,4;0,1;1,23E-1;-541,2;20,00;3,0;2,9;38,40;0,54;0,002;1,0;3,80;0,256
405;13.07.2023;14:41:30;00:06:44;250,2;227,9;22,3;22,0;21,9;275,1;11,3;0,1;1,22E-1;-541,2;20,00;3,0;3,1;38,40;0,53;0,008;1,0;3,78;0,255
406;13.07.2023;14:41:31;00:06:45;250,1;230,0;22,3;22,1;22,0;276,8;11,4;0,1;1,22E-1;-541,2;20,00;3,0;3,0;38,40;0,53;-0,002;1,0;3,82;0,259
407;13.07.2023;14:41:32;00:06:46;250,3;230,0;22,3;22,1;22,0;277,5;11,4;0,1;1,22E-1;-541,2;20,00;3,0;3,0;38,40;0,54;-0,003;1,0;3,83;0,259
408;13.07.2023;14:41:33;00:06:47;250,0;231,9;22,4;22,1;22,0;279,0;11,5;0,1;1,22E-1;-541,2;20,00;3,0;3,0;38,40;0,54;0,000;1,0;3,81;0,259
409;13.07.2023;14:41:34;00:06:48;250,1;231,9;22,4;22,2;22,0;280,5;11,6;0,1;1,21E-1;-541,2;20,00;3,0;3,1;38,40;0,54;0,001;1,0;3,83;0,259
410;13.07.2023;14:41:35;00:06:49;250,1;233,9;22,4;22,2;22,0;281,3;11,5;0,1;1,21E-1;-541,2;20,00;3,0;3,0;38,40;0,54;0,000;1,0;3,79;0,259
411;13.07.2023;14:41:36;00:06:50;250,1;233,9;22,5;22,2;22,0;282,8;11,7;0,1;1,21E-1;-541,2;20,00;3,0;3,0;38,40;0,54;0,002;1,0;3,82;0,260
412;13.07.2023;14:41:37;00:06:51;250,1;235,8;22,5;22,2;22,0;284,4;11,7;0,1;1,20E-1;-541,2;20,00;3,0;3,0;38,40;0,54;0,000;1,0;3,83;0,261
413;13.07.2023;14:41:38;00:06:52;250,1;235,8;22,5;22,2;22,0;285,1;11,8;0,1;1,20E-1;-541,2;20,00;3,0;3,0;38,40;0,54;-0,002;1,0;3,82;0,263
414;13.07.2023;14:41:39;00:06:53;250,0;237,8;22,5;22,3;22,0;286,6;11,8;0,1;1,20E-1;-541,2;20,00;3,0;3,0;38,40;0,53;-0,003;1,0;3,84;0,263
415;13.07.2023;14:41:40;00:06:54;250,1;237,8;22,6;22,3;22,1;288,1;12,0;0,1;1,20E-1;-541,2;20,00;3,0;3,0;38,40;0,53;-0,002;1,0;3,83;0,264
416;13.07.2023;14:41:41;00:06:55;250,0;239,7;22,6;22,4;22,1;288,9;12,0;0,1;1,19E-1;-541,2;20,00;3,0;3,0;38,40;0,54;-0,002;1,0;3,81;0,264
417;13.07.2023;14:41:42;00:06:56;250,1;239,7;22,6;22,4;22,1;290,4;12,1;0,1;1,19E-1;-541,2;20,00;3,0;3,0;38,40;0,53;0,001;1,0;3,86;0,264
418;13.07.2023;14:41:43;00:06:57;250,1;241,7;22,6;22,4;22,1;291,1;12,0;0,1;1,19E-1;-541,2;20,00;3,0;3,0;38,40;0,54;0,003;1,0;3,84;0,264
419;13.07.2023;14:41:44;00:06:58;250,1;241,7;22,6;22,4;22,1;292,8;12,2;0,1;1,19E-1;-541,2;20,00;3,0;3,0;38,40;0,54;0,000;1,0;3,87;0,265
420;13.07.2023;14:41:45;00:06:59;250,1;243,8;22,7;22,5;22,1;294,3;12,2;0,1;1,18E-1;-541,2;20,00;3,0;2,9;38,40;0,53;-0,004;1,0;3,88;0,269
421;13.07.2023;14:41:46;00:07:00;250,0;243,8;22,7;22,5;22,1;295,0;12,3;0,1;1,18E-1;-541,2;20,00;3,0;3,0;38,40;0,54;-0,002;1,0;3,84;0,266
422;13.07.2023;14:41:47;00:07:01;250,1;243,8;22,7;22,5;22,1;296,5;12,5;0,1;1,18E-1;-541,2;20,00;3,0;3,0;38,40;0,53;0,003;1,0;3,88;0,269
423;13.07.2023;14:41:48;00:07:02;250,2;245,9;22,7;22,5;22,1;298,0;12,4;0,1;1,17E-1;-541,2;20,00;3,0;3,0;38,40;0,54;0,003;1,1;3,93;0,269
424;13.07.2023;14:41:49;00:07:03;250,3;248,0;22,8;22,6;22,1;298,8;12,4;0,1;1,17E-1;-541,2;20,00;3,0;3,0;38,40;0,53;0,007;1,1;3,93;0,272
425;13.07.2023;14:41:50;00:07:04;250,0;248,0;22,8;22,6;22,1;300,4;12,5;0,1;1,17E-1;-541,2;20,00;3,0;3,0;38,40;0,53;0,002;1,1;3,91;0,269
426;13.07.2023;14:41:51;00:07:05;250,0;250,1;22,8;22,6;22,1;302,0;12,5;0,1;1,17E-1;-541,2;20,00;3,0;2,9;38,40;0,54;-0,003;1,1;3,90;0,269
427;13.07.2023;14:41:52;00:07:06;250,1;250,1;22,8;22,6;22,1;302,8;12,6;0,1;1,16E-1;-541,2;20,00;3,0;3,0;38,40;0,53;0,000;1,0;3,87;0,271
428;13.07.2023;14:41:53;00:07:07;250,0;252,1;22,8;22,7;22,1;304,4;12,7;0,1;1,16E-1;-541,2;20,00;3,0;3,0;38,40;0,54;-0,005;1,1;3,87;0,274
429;13.07.2023;14:41:54;00:07:08;250,2;254,1;22,9;22,7;22,1;306,0;12,8;0,1;1,16E-1;-541,2;20,00;3,0;3,0;38,40;0,54;0,000;1,1;3,88;0,271
430;13.07.2023;14:41:55;00:07:09;250,1;254,1;22,9;22,7;22,1;306,8;12,8;0,1;1,16E-1;-541,2;20,00;3,0;3,0;38,40;0,54;0,003;1,1;3,88;0,272
431;13.07.2023;14:41:56;00:07:10;250,1;254,1;22,9;22,7;22,2;308,5;13,0;0,1;1,15E-1;-541,2;20,00;3,0;3,0;38,40;0,54;0,001;1,1;3,93;0,272
432;13.07.2023;14:41:57;00:07:11;250,1;256,1;22,9;22,8;22,2;309,3;13,0;0,1;1,15E-1;-541,2;20,00;3,0;3,0;38,40;0,53;0,001;1,1;3,96;0,274
433;13.07.2023;14:41:58;00:07:12;250,0;256,1;22,9;22,8;22,2;310,9;13,1;0,1;1,15E-1;-541,2;20,00;3,0;3,0;38,40;0,54;0,000;1,1;3,92;0,274
434;13.07.2023;14:41:59;00:07:13;250,0;258,1;23,0;22,8;22,2;312,5;13,1;0,1;1,15E-1;-541,2;20,00;3,0;3,0;38,40;0,54;0,004;1,1;3,92;0,274
435;13.07.2023;14:42:00;00:07:14;250,2;258,1;23,0;22,9;22,2;313,3;13,2;0,1;1,15E-1;-541,2;20,00;3,0;3,0;38,40;0,54;0,003;1,1;3,92;0,275
436;13.07.2023;14:42:01;00:07:15;250,2;260,1;23,0;22,9;22,2;314,9;13,2;0,1;1,14E-1;-541,2;20,00;3,0;3,0;38,40;0,54;0,001;1,1;3,96;0,276
437;13.07.2023;14:42:02;00:07:16;250,1;262,1;23,1;22,9;22,2;316,7;13,4;0,1;1,14E-1;-541,2;20,00;3,0;3,0;38,40;0,54;0,006;1,1;3,94;0,277
438;13.07.2023;14:42:03;00:07:17;250,0;262,1;23,1;22,9;22,3;317,5;13,3;0,1;1,14E-1;-541,2;20,00;3,0;2,9;38,40;0,54;0,001;1,1;3,92;0,278
439;13.07.2023;14:42:04;00:07:18;250,0;262,0;23,0;22,9;22,2;319,1;13,5;0,1;1,14E-1;-541,2;20,00;3,0;3,0;38,40;0,53;0,001;1,1;3,97;0,278
440;13.07.2023;14:42:05;00:07:19;250,0;264,2;23,1;22,9;22,2;320,7;13,5;0,1;1,13E-1;-541,2;20,00;3,0;3,0;38,40;0,54;0,002;1,1;3,96;0,278
441;13.07.2023;14:42:06;00:07:20;250,0;264,2;23,1;22,9;22,2;321,5;13,6;0,1;1,13E-1;-541,2;20,00;3,0;3,0;38,40;0,53;0,004;1,1;3,98;0,279
442;13.07.2023;14:42:07;00:07:21;250,0;266,4;23,1;23,0;22,2;323,1;13,8;0,1;1,13E-1;-541,2;20,00;3,0;3,0;38,40;0,54;0,000;1,1;3,99;0,281
443;13.07.2023;14:42:08;00:07:22;250,0;266,4;23,1;23,0;22,2;324,0;13,7;0,1;1,13E-1;-541,2;20,00;3,0;3,0;38,40;0,54;-0,001;1,1;3,99;0,280
444;13.07.2023;14:42:09;00:07:23;250,1;268,6;23,2;23,0;22,3;325,6;13,7;0,1;1,13E-1;-541,2;20,00;3,0;3,0;38,40;0,53;0,007;1,1;3,96;0,283
445;13.07.2023;14:42:10;00:07:24;250,0;268,6;23,2;23,0;22,3;327,2;13,9;0,1;1,12E-1;-541,2;20,00;3,0;3,1;38,40;0,54;0,004;1,1;3,98;0,283
446;13.07.2023;14:42:11;00:07:25;250,2;268,6;23,2;23,0;22,3;328,0;14,0;0,1;1,12E-1;-541,2;20,00;3,0;3,0;38,40;0,53;0,006;1,1;3,98;0,283
447;13.07.2023;14:42:12;00:07:26;250,0;270,9;23,2;23,1;22,3;329,6;14,0;0,1;1,12E-1;-541,2;20,00;3,0;3,1;38,40;0,54;0,000;1,1;4,00;0,283
448;13.07.2023;14:42:13;00:07:27;250,0;273,0;23,3;23,2;22,3;331,2;14,0;0,1;1,12E-1;-541,2;20,00;3,0;3,0;38,40;0,54;0,002;1,1;3,99;0,283
449;13.07.2023;14:42:14;00:07:28;250,0;273,0;23,3;23,2;22,3;332,1;14,1;0,1;1,11E-1;-541,2;20,00;3,0;3,0;38,40;0,53;0,006;1,1;3,98;0,284
450;13.07.2023;14:42:15;00:07:29;250,0;273,0;23,3;23,2;22,3;333,7;14,3;0,1;1,11E-1;-541,2;20,00;3,0;2,9;38,40;0,54;-0,004;1,1;4,03;0,283
451;13.07.2023;14:42:16;00:07:30;250,0;275,2;23,3;23,2;22,3;335,3;14,3;0,1;1,11E-1;-541,2;20,00;3,0;3,0;38,40;0,54;0,004;1,1;3,98;0,288
452;13.07.2023;14:42:17;00:07:31;250,2;277,3;23,4;23,3;22,3;336,1;14,3;0,1;1,11E-1;-541,2;20,00;3,0;3,0;38,40;0,54;0,003;1,2;4,01;0,288
453;13.07.2023;14:42:18;00:07:32;250,0;277,3;23,4;23,3;22,3;337,7;14,4;0,1;1,11E-1;-541,2;20,00;3,0;3,0;38,40;0,54;0,002;1,2;3,99;0,288
454;13.07.2023;14:42:19;00:07:33;250,0;279,4;23,4;23,3;22,3;339,5;14,4;0,1;1,10E-1;-541,2;20,00;3,0;3,0;38,40;0,54;-0,001;1,1;4,03;0,288
455;13.07.2023;14:42:20;00:07:34;250,3;279,4;23,5;23,3;22,3;340,3;14,5;0,1;1,10E-1;-541,2;20,00;3,0;3,0;38,40;0,54;-0,004;1,2;4,03;0,288
456;13.07.2023;14:42:21;00:07:35;250,3;281,5;23,5;23,4;22,3;341,9;14,6;0,1;1,10E-1;-541,2;20,00;3,0;3,0;38,40;0,54;0,003;1,2;4,04;0,290
457;13.07.2023;14:42:22;00:07:36;250,2;281,5;23,5;23,4;22,3;342,7;14,6;0,1;1,10E-1;-541,2;20,00;3,0;3,1;38,40;0,54;0,006;1,2;4,05;0,292
458;13.07.2023;14:42:23;00:07:37;250,2;283,6;23,5;23,4;22,3;344,3;14,7;0,1;1,10E-1;-541,2;20,00;3,0;3,0;38,40;0,53;-0,005;1,2;4,09;0,291
459;13.07.2023;14:42:24;00:07:38;250,2;283,6;23,5;23,4;22,2;345,9;14,9;0,1;1,10E-1;-541,2;20,00;3,0;2,9;38,40;0,54;-0,003;1,2;4,01;0,291
460;13.07.2023;14:42:25;00:07:39;250,1;285,9;23,6;23,5;22,2;346,7;15,0;0,1;1,09E-1;-541,2;20,00;3,0;3,0;38,40;0,54;-0,001;1,2;4,10;0,292
461;13.07.2023;14:42:26;00:07:40;250,1;285,9;23,6;23,5;22,3;348,4;15,0;0,1;1,09E-1;-541,2;20,00;3,0;3,0;38,40;0,54;0,003;1,2;4,06;0,293
462;13.07.2023;14:42:27;00:07:41;250,1;288,2;23,6;23,6;22,3;350,0;15,1;0,1;1,09E-1;-541,2;20,00;3,0;3,0;38,40;0,54;0,002;1,2;4,09;0,295
463;13.07.2023;14:42:28;00:07:42;250,0;288,2;23,6;23,6;22,3;350,8;15,1;0,1;1,09E-1;-541,2;20,00;3,0;3,0;38,40;0,53;0,004;1,2;4,09;0,293
464;13.07.2023;14:42:29;00:07:43;250,0;290,5;23,7;23,6;22,3;352,4;15,1;0,1;1,09E-1;-541,2;20,00;3,0;3,0;38,40;0,54;0,002;1,2;4,09;0,295
465;13.07.2023;14:42:30;00:07:44;250,1;290,5;23,7;23,7;22,3;354,0;15,2;0,1;1,09E-1;-541,2;20,00;3,0;3,0;38,40;0,54;-0,002;1,2;4,05;0,294
466;13.07.2023;14:42:31;00:07:45;250,2;290,5;23,7;23,7;22,3;354,8;15,3;0,1;1,09E-1;-541,2;20,00;3,0;3,0;38,40;0,54;-0,002;1,2;4,09;0,298
467;13.07.2023;14:42:32;00:07:46;250,1;292,8;23,7;23,7;22,4;356,5;15,4;0,1;1,08E-1;-541,2;20,00;3,0;3,0;38,40;0,54;-0,001;1,2;4,10;0,298
468;13.07.2023;14:42:33;00:07:47;250,0;295,0;23,8;23,8;22,4;358,1;15,4;0,1;1,08E-1;-541,2;20,00;3,0;3,0;38,40;0,54;0,000;1,2;4,10;0,298
469;13.07.2023;14:42:34;00:07:48;250,1;295,0;23,8;23,8;22,4;358,9;15,5;0,1;1,08E-1;-541,2;20,00;3,0;3,0;38,40;0,54;0,004;1,2;4,11;0,298
470;13.07.2023;14:42:35;00:07:49;250,3;297,2;23,8;23,8;22,4;360,5;15,7;0,1;1,08E-1;-541,2;20,00;3,0;3,0;38,40;0,54;0,004;1,2;4,13;0,298
471;13.07.2023;14:42:36;00:07:50;250,1;297,2;23,8;23,8;22,4;361,3;15,6;0,1;1,08E-1;-541,2;20,00;3,0;3,0;38,40;0,54;0,002;1,2;4,12;0,298
472;13.07.2023;14:42:37;00:07:51;250,2;299,4;23,9;23,9;22,4;362,9;15,6;0,1;1,07E-1;-541,2;20,00;3,0;3,0;38,40;0,54;0,002;1,2;4,11;0,300
473;13.07.2023;14:42:38;00:07:52;250,0;299,4;23,9;23,9;22,4;364,7;15,8;0,1;1,07E-1;-541,2;20,00;3,0;3,0;38,40;0,54;0,006;1,3;4,14;0,302
474;13.07.2023;14:42:39;00:07:53;250,0;301,6;23,9;23,9;22,4;365,5;15,7;0,1;1,07E-1;-541,2;20,00;3,0;2,9;38,40;0,54;0,005;1,2;4,12;0,302
475;13.07.2023;14:42:40;00:07:54;250,0;301,6;24,0;23,9;22,5;367,1;15,9;0,1;1,07E-1;-541,2;20,00;3,0;2,9;38,40;0,54;0,000;1,2;4,13;0,302
476;13.07.2023;14:42:41;00:07:55;250,1;303,9;24,0;24,0;22,5;368,7;15,9;0,1;1,07E-1;-541,2;20,00;3,0;3,0;38,40;0,54;0,005;1,3;4,15;0,303
477;13.07.2023;14:42:42;00:07:56;250,0;303,9;24,0;24,0;22,5;369,5;16,0;0,1;1,06E-1;-541,2;20,00;3,0;3,1;38,40;0,54;0,008;1,3;4,14;0,303
478;13.07.2023;14:42:43;00:07:57;250,0;306,1;24,1;24,1;22,5;371,1;16,0;0,1;1,06E-1;-541,2;20,00;3,0;3,0;38,40;0,54;0,005;1,3;4,17;0,303
479;13.07.2023;14:42:44;00:07:58;250,0;306,1;24,1;24,1;22,6;372,8;16,2;0,1;1,06E-1;-541,2;20,00;3,0;3,0;38,40;0,54;0,003;1,3;4,16;0,305
480;13.07.2023;14:42:45;00:07:59;250,0;308,5;24,1;24,1;22,6;373,6;16,1;0,1;1,06E-1;-541,2;20,00;3,0;3,0;38,40;0,54;0,002;1,3;4,14;0,308
481;13.07.2023;14:42:46;00:08:00;250,1;308,5;24,2;24,1;22,6;375,2;16,3;0,1;1,06E-1;-541,2;20,00;3,0;2,9;38,40;0,54;0,008;1,3;4,16;0,307
482;13.07.2023;14:42:47;00:08:01;250,0;308,5;24,2;24,1;22,6;376,0;16,4;0,1;1,06E-1;-541,2;20,00;3,0;3,0;38,40;0,54;0,011;1,3;4,16;0,308
483;13.07.2023;14:42:48;00:08:02;250,0;310,9;24,2;24,2;22,6;377,6;16,4;0,1;1,05E-1;-541,2;20,00;3,0;3,0;38,40;0,54;0,019;1,3;4,16;0,308
484;13.07.2023;14:42:49;00:08:03;250,0;313,3;24,2;24,3;22,6;379,2;16,4;0,1;1,05E-1;-541,2;20,00;3,0;3,0;38,40;0,54;0,016;1,3;4,12;0,313
485;13.07.2023;14:42:50;00:08:04;250,2;313,3;24,2;24,3;22,6;380,1;16,5;0,1;1,05E-1;-541,2;20,00;3,0;3,0;38,40;0,54;0,017;1,3;4,18;0,309
486;13.07.2023;14:42:51;00:08:05;250,0;313,3;24,3;24,3;22,6;381,7;16,7;0,1;1,05E-1;-541,2;20,00;3,0;3,0;38,40;0,54;0,017;1,3;4,18;0,312
487;13.07.2023;14:42:52;00:08:06;250,0;315,7;24,3;24,3;22,6;383,3;16,7;0,1;1,05E-1;-541,2;20,00;3,0;3,0;38,41;0,54;0,020;1,3;4,18;0,313
488;13.07.2023;14:42:53;00:08:07;250,1;318,0;24,4;24,4;22,6;384,1;16,7;0,1;1,04E-1;-541,2;20,00;3,0;3,0;38,41;0,54;0,025;1,3;4,20;0,313
489;13.07.2023;14:42:54;00:08:08;250,0;318,0;24,4;24,4;22,6;385,7;16,8;0,1;1,04E-1;-541,2;20,00;3,0;3,0;38,41;0,54;0,020;1,3;4,21;0,313
490;13.07.2023;14:42:55;00:08:09;250,1;320,3;24,4;24,4;22,6;387,3;16,8;0,1;1,04E-1;-541,2;20,00;3,0;3,0;38,41;0,54;0,029;1,3;4,23;0,313
491;13.07.2023;14:42:56;00:08:10;250,0;320,3;24,4;24,4;22,6;388,3;16,9;0,1;1,04E-1;-541,2;20,00;3,0;3,0;38,41;0,54;0,027;1,3;4,21;0,314
492;13.07.2023;14:42:57;00:08:11;250,1;322,7;24,5;24,5;22,6;389,9;16,9;0,1;1,04E-1;-541,2;20,00;3,0;3,0;38,41;0,54;0,029;1,3;4,21;0,313
493;13.07.2023;14:42:58;00:08:12;250,0;322,7;24,5;24,6;22,6;391,5;17,1;0,1;1,04E-1;-541,2;20,00;3,0;3,0;38,41;0,54;0,035;1,3;4,22;0,313
494;13.07.2023;14:42:59;00:08:13;250,1;322,7;24,5;24,6;22,6;392,3;17,2;0,1;1,03E-1;-541,2;20,00;3,0;3,1;38,41;0,55;0,037;1,3;4,21;0,317
495;13.07.2023;14:43:00;00:08:14;250,0;325,1;24,5;24,6;22,6;393,9;17,2;0,1;1,03E-1;-541,2;20,00;3,0;3,0;38,41;0,55;0,052;1,3;4,19;0,317
496;13.07.2023;14:43:01;00:08:15;250,1;327,5;24,6;24,6;22,6;394,7;17,3;0,1;1,03E-1;-541,2;20,00;3,0;3,0;38,41;0,55;0,056;1,4;4,28;0,317
497;13.07.2023;14:43:02;00:08:16;250,3;327,5;24,6;24,6;22,6;396,4;17,3;0,1;1,03E-1;-541,2;20,00;3,0;3,0;38,42;0,55;0,061;1,3;4,23;0,317
498;13.07.2023;14:43:03;00:08:17;250,1;329,9;24,6;24,7;22,6;398,0;17,3;0,1;1,03E-1;-541,2;20,00;3,0;3,0;38,42;0,55;0,069;1,3;4,22;0,317
499;13.07.2023;14:43:04;00:08:18;250,0;329,9;24,6;24,8;22,6;398,8;17,4;0,1;1,03E-1;-541,2;20,00;3,0;3,0;38,42;0,55;0,070;1,3;4,24;0,318
500;13.07.2023;14:43:05;00:08:19;250,2;330,0;24,7;24,8;22,7;400,4;17,6;0,1;1,02E-1;-541,2;20,00;3,0;3,0;38,42;0,55;0,079;1,3;4,22;0,321
501;13.07.2023;14:43:06;00:08:20;250,0;332,5;24,7;24,8;22,7;402,0;17,6;0,1;1,02E-1;-541,2;20,00;3,0;3,0;38,42;0,56;0,085;1,4;4,26;0,322
502;13.07.2023;14:43:07;00:08:21;250,2;332,5;24,7;24,8;22,7;402,8;17,7;0,1;1,02E-1;-541,2;20,00;3,0;3,0;38,42;0,56;0,085;1,4;4,23;0,321
503;13.07.2023;14:43:08;00:08:22;250,0;335,0;24,8;24,9;22,7;404,5;17,7;0,1;1,02E-1;-541,2;20,00;3,0;3,0;38,42;0,56;0,077;1,4;4,26;0,322
504;13.07.2023;14:43:09;00:08:23;250,3;337,5;24,8;25,0;22,7;406,1;17,6;0,1;1,02E-1;-541,2;20,00;3,0;3,0;38,42;0,56;0,081;1,4;4,28;0,322
505;13.07.2023;14:43:10;00:08:24;250,0;337,5;24,8;25,0;22,7;406,9;17,7;0,1;1,02E-1;-541,2;20,00;3,0;3,0;38,42;0,56;0,078;1,4;4,25;0,322
506;13.07.2023;14:43:11;00:08:25;250,1;340,0;24,9;25,0;22,7;408,5;17,9;0,1;1,01E-1;-541,2;20,00;3,0;2,9;38,43;0,56;0,084;1,4;4,28;0,322
507;13.07.2023;14:43:12;00:08:26;250,2;340,0;24,9;25,0;22,7;410,1;17,9;0,1;1,01E-1;-541,2;20,00;3,0;3,0;38,43;0,56;0,088;1,4;4,29;0,324
508;13.07.2023;14:43:13;00:08:27;250,0;342,4;25,0;25,1;22,7;410,9;17,9;0,1;1,01E-1;-541,2;20,00;3,0;3,0;38,43;0,56;0,088;1,4;4,29;0,325
509;13.07.2023;14:43:14;00:08:28;250,0;342,4;25,0;25,1;22,7;412,7;18,0;0,1;1,01E-1;-541,2;20,00;3,0;3,0;38,43;0,57;0,089;1,4;4,25;0,324
510;13.07.2023;14:43:15;00:08:29;250,0;342,4;25,0;25,1;22,7;413,5;18,1;0,1;1,01E-1;-541,2;20,00;3,0;3,0;38,43;0,57;0,090;1,4;4,27;0,325
511;13.07.2023;14:43:16;00:08:30;250,1;344,8;25,0;25,2;22,7;415,1;18,1;0,1;1,01E-1;-541,2;20,00;3,0;3,0;38,44;0,57;0,093;1,4;4,32;0,327
512;13.07.2023;14:43:17;00:08:31;250,1;347,2;25,1;25,2;22,7;416,7;18,1;0,1;1,00E-1;-541,2;20,00;3,0;3,0;38,43;0,57;0,087;1,4;4,31;0,327
513;13.07.2023;14:43:18;00:08:32;250,0;347,2;25,1;25,2;22,7;417,5;18,2;0,1;1,00E-1;-541,2;20,00;3,0;3,0;38,44;0,57;0,091;1,4;4,27;0,327
514;13.07.2023;14:43:19;00:08:33;250,1;347,2;25,1;25,3;22,7;419,1;18,4;0,1;1,00E-1;-541,2;20,00;3,0;3,0;38,44;0,58;0,092;1,4;4,29;0,328
515;13.07.2023;14:43:20;00:08:34;250,0;349,6;25,1;25,3;22,7;420,8;18,4;0,1;1,00E-1;-541,2;20,00;3,0;3,0;38,44;0,58;0,095;1,4;4,30;0,332
516;13.07.2023;14:43:21;00:08:35;250,0;351,9;25,2;25,4;22,7;421,6;18,4;0,1;9,99E-2;-541,2;20,00;3,0;3,0;38,44;0,58;0,098;1,4;4,31;0,330
517;13.07.2023;14:43:22;00:08:36;250,0;351,9;25,2;25,4;22,7;423,2;18,5;0,1;9,97E-2;-541,2;20,00;3,0;3,0;38,44;0,58;0,094;1,4;4,29;0,331
518;13.07.2023;14:43:23;00:08:37;250,2;354,3;25,2;25,4;22,7;424,8;18,5;0,1;9,95E-2;-541,2;20,00;3,0;3,0;38,45;0,58;0,099;1,4;4,30;0,332
519;13.07.2023;14:43:24;00:08:38;250,0;354,3;25,2;25,4;22,7;425,6;18,6;0,1;9,94E-2;-541,2;20,00;3,0;3,0;38,45;0,58;0,102;1,4;4,30;0,332
520;13.07.2023;14:43:25;00:08:39;250,2;354,2;25,2;25,4;22,7;427,2;18,8;0,1;9,92E-2;-541,2;20,00;3,0;3,0;38,45;0,59;0,106;1,4;4,31;0,333
521;13.07.2023;14:43:26;00:08:40;250,1;356,8;25,2;25,4;22,7;428,0;18,8;0,1;9,92E-2;-541,2;20,00;3,0;3,0;38,45;0,59;0,115;1,4;4,33;0,333
522;13.07.2023;14:43:27;00:08:41;250,0;356,8;25,3;25,4;22,7;429,7;18,9;0,1;9,90E-2;-541,2;20,00;3,0;3,0;38,45;0,59;0,120;1,4;4,32;0,333
523;13.07.2023;14:43:28;00:08:42;250,1;359,4;25,3;25,5;22,7;431,3;18,9;0,1;9,87E-2;-541,2;20,00;3,0;3,0;38,46;0,59;0,131;1,4;4,39;0,333
524;13.07.2023;14:43:29;00:08:43;250,0;361,9;25,3;25,6;22,7;432,1;19,0;0,1;9,86E-2;-541,2;20,00;3,0;3,0;38,46;0,60;0,132;1,5;4,35;0,337
525;13.07.2023;14:43:30;00:08:44;250,0;361,9;25,3;25,6;22,8;433,7;19,0;0,1;9,85E-2;-541,2;20,00;3,0;3,0;38,46;0,60;0,129;1,4;4,32;0,333
526;13.07.2023;14:43:31;00:08:45;250,0;364,5;25,4;25,6;22,8;435,3;19,2;0,1;9,83E-2;-541,2;20,00;3,0;3,0;38,46;0,60;0,129;1,5;4,34;0,338
527;13.07.2023;14:43:32;00:08:46;250,0;364,5;25,4;25,6;22,8;436,1;19,1;0,1;9,82E-2;-541,2;20,00;3,0;3,0;38,47;0,60;0,133;1,5;4,37;0,337
528;13.07.2023;14:43:33;00:08:47;250,0;367,0;25,5;25,7;22,9;437,9;19,1;0,1;9,80E-2;-541,2;20,00;3,0;3,0;38,47;0,60;0,142;1,5;4,36;0,337
529;13.07.2023;14:43:34;00:08:48;250,3;367,0;25,5;25,8;22,9;439,5;19,3;0,1;9,79E-2;-541,2;20,00;3,0;3,0;38,47;0,61;0,152;1,5;4,34;0,338
530;13.07.2023;14:43:35;00:08:49;250,0;367,0;25,5;25,8;22,9;440,3;19,4;0,1;9,78E-2;-541,2;20,00;3,0;3,0;38,47;0,61;0,154;1,5;4,37;0,341
531;13.07.2023;14:43:36;00:08:50;250,0;369,4;25,5;25,8;22,9;441,9;19,4;0,1;9,75E-2;-541,2;20,00;3,0;3,0;38,48;0,61;0,153;1,5;4,35;0,339
532;13.07.2023;14:43:37;00:08:51;250,2;371,8;25,6;25,9;22,9;443,5;19,4;0,1;9,74E-2;-541,2;20,00;3,0;3,0;38,48;0,62;0,157;1,5;4,37;0,342
533;13.07.2023;14:43:38;00:08:52;250,0;371,8;25,6;25,9;22,9;444,3;19,5;0,1;9,74E-2;-541,2;20,00;3,0;3,0;38,48;0,62;0,161;1,5;4,41;0,342
534;13.07.2023;14:43:39;00:08:53;250,1;374,3;25,7;25,9;22,9;446,0;19,5;0,1;9,71E-2;-541,2;20,00;3,0;3,0;38,49;0,62;0,163;1,5;4,39;0,342
535;13.07.2023;14:43:40;00:08:54;250,1;374,3;25,7;25,9;22,9;446,8;19,6;0,1;9,70E-2;-541,2;20,00;3,0;3,0;38,49;0,62;0,169;1,5;4,43;0,342
536;13.07.2023;14:43:41;00:08:55;250,2;376,7;25,7;26,0;22,9;448,4;19,6;0,1;9,69E-2;-541,2;20,00;3,0;2,9;38,49;0,63;0,169;1,5;4,37;0,347
537;13.07.2023;14:43:42;00:08:56;250,1;376,7;25,8;26,0;22,9;450,0;19,8;0,1;9,67E-2;-541,2;20,00;3,0;3,0;38,50;0,63;0,190;1,5;4,42;0,346
538;13.07.2023;14:43:43;00:08:57;250,0;376,7;25,8;26,1;22,9;450,8;19,9;0,1;9,66E-2;-541,2;20,00;3,0;2,9;38,50;0,64;0,191;1,5;4,37;0,346
539;13.07.2023;14:43:44;00:08:58;250,1;379,3;25,8;26,1;22,9;452,4;19,9;0,1;9,64E-2;-541,2;20,00;3,0;2,9;38,50;0,64;0,196;1,5;4,43;0,346
540;13.07.2023;14:43:45;00:08:59;250,1;379,3;25,8;26,1;23,0;454,1;20,1;0,1;9,63E-2;-541,2;20,00;3,0;3,0;38,51;0,64;0,202;1,5;4,42;0,347
541;13.07.2023;14:43:46;00:09:00;250,2;382,1;25,8;26,2;23,0;454,9;20,0;0,1;9,62E-2;-541,2;20,00;3,0;3,0;38,51;0,65;0,204;1,5;4,43;0,347
542;13.07.2023;14:43:47;00:09:01;250,1;382,1;25,9;26,2;23,0;456,5;20,2;0,1;9,60E-2;-541,2;20,00;3,0;2,9;38,52;0,65;0,203;1,5;4,38;0,349
543;13.07.2023;14:43:48;00:09:02;250,1;384,8;25,9;26,2;23,0;458,1;20,1;0,1;9,58E-2;-541,2;20,00;3,0;3,0;38,52;0,65;0,221;1,5;4,40;0,347
544;13.07.2023;14:43:49;00:09:03;250,2;384,8;26,0;26,3;23,0;458,9;20,2;0,1;9,58E-2;-541,2;20,00;3,0;3,0;38,53;0,66;0,230;1,5;4,43;0,351
545;13.07.2023;14:43:50;00:09:04;250,3;387,6;26,0;26,3;23,0;460,5;20,2;0,1;9,57E-2;-541,2;20,00;3,0;3,0;38,53;0,66;0,242;1,6;4,45;0,352
546;13.07.2023;14:43:51;00:09:05;250,0;387,6;26,0;26,3;23,0;461,5;20,3;0,1;9,56E-2;-541,2;20,00;3,0;3,0;38,53;0,67;0,247;1,6;4,44;0,352
547;13.07.2023;14:43:52;00:09:06;250,1;390,2;26,0;26,4;23,0;463,1;20,3;0,1;9,53E-2;-541,2;20,00;3,0;3,0;38,54;0,67;0,250;1,6;4,41;0,351
548;13.07.2023;14:43:53;00:09:07;250,0;390,2;26,1;26,5;23,0;464,7;20,5;0,1;9,52E-2;-541,2;20,00;3,0;2,9;38,54;0,68;0,256;1,6;4,43;0,352
549;13.07.2023;14:43:54;00:09:08;250,1;392,8;26,1;26,5;23,0;465,5;20,4;0,1;9,51E-2;-541,2;20,00;3,0;3,0;38,55;0,68;0,263;1,6;4,45;0,352
550;13.07.2023;14:43:55;00:09:09;250,1;392,8;26,2;26,5;23,0;467,1;20,6;0,1;9,50E-2;-541,2;20,00;3,0;3,0;38,55;0,69;0,278;1,6;4,47;0,353
551;13.07.2023;14:43:56;00:09:10;250,1;395,3;26,2;26,5;23,1;468,7;20,6;0,1;9,48E-2;-541,2;20,00;3,0;3,0;38,56;0,69;0,287;1,6;4,46;0,352
552;13.07.2023;14:43:57;00:09:11;250,0;397,8;26,2;26,6;23,1;469,6;20,6;0,1;9,46E-2;-541,2;20,00;3,0;3,1;38,56;0,70;0,286;1,6;4,41;0,353
553;13.07.2023;14:43:58;00:09:12;250,1;397,8;26,2;26,6;23,1;471,2;20,7;0,1;9,45E-2;-541,2;20,00;3,0;3,0;38,57;0,70;0,291;1,6;4,46;0,357
554;13.07.2023;14:43:59;00:09:13;250,0;400,3;26,3;26,7;23,1;472,8;20,8;0,1;9,44E-2;-541,2;20,00;3,0;3,0;38,57;0,71;0,295;1,6;4,47;0,357
555;13.07.2023;14:44:00;00:09:14;250,0;400,3;26,3;26,7;23,1;473,6;20,7;0,1;9,43E-2;-541,2;20,00;3,0;3,0;38,58;0,71;0,302;1,6;4,47;0,357
556;13.07.2023;14:44:01;00:09:15;250,1;402,8;26,3;26,8;23,1;475,2;20,8;0,1;9,41E-2;-541,2;20,00;3,0;3,0;38,59;0,72;0,318;1,6;4,46;0,357
557;13.07.2023;14:44:02;00:09:16;250,1;402,8;26,4;26,9;23,1;476,8;20,9;0,1;9,40E-2;-541,2;20,00;3,0;3,0;38,59;0,72;0,331;1,6;4,48;0,358
558;13.07.2023;14:44:03;00:09:17;250,0;402,8;26,4;26,9;23,1;477,7;21,1;0,1;9,39E-2;-541,2;20,00;3,0;3,0;38,59;0,73;0,333;1,6;4,48;0,361
559;13.07.2023;14:44:04;00:09:18;250,2;405,3;26,4;26,9;23,1;479,3;21,0;0,1;9,37E-2;-541,2;20,00;3,0;3,0;38,60;0,74;0,341;1,6;4,51;0,358
560;13.07.2023;14:44:05;00:09:19;250,0;405,3;26,4;26,8;23,1;480,1;21,1;0,1;9,36E-2;-541,2;20,00;3,0;3,0;38,61;0,74;0,342;1,6;4,49;0,361
561;13.07.2023;14:44:06;00:09:20;250,1;408,0;26,4;26,9;23,1;481,7;21,1;0,1;9,35E-2;-541,2;20,00;3,0;3,0;38,62;0,75;0,361;1,6;4,52;0,361
562;13.07.2023;14:44:07;00:09:21;250,1;410,7;26,5;27,0;23,1;483,3;21,3;0,1;9,34E-2;-541,2;20,00;3,0;3,0;38,62;0,76;0,387;1,6;4,52;0,361
563;13.07.2023;14:44:08;00:09:22;250,1;410,7;26,5;27,0;23,2;484,1;21,2;0,1;9,33E-2;-541,2;20,00;3,0;3,0;38,63;0,76;0,386;1,6;4,52;0,361
564;13.07.2023;14:44:09;00:09:23;250,0;410,7;26,6;27,1;23,2;485,9;21,4;0,1;9,31E-2;-541,2;20,00;3,0;3,0;38,64;0,77;0,388;1,6;4,53;0,362
565;13.07.2023;14:44:10;00:09:24;250,0;413,4;26,6;27,1;23,2;487,5;21,4;0,1;9,29E-2;-541,2;20,00;3,0;3,0;38,64;0,78;0,400;1,6;4,53;0,361
566;13.07.2023;14:44:11;00:09:25;250,0;413,4;26,6;27,1;23,2;488,3;21,5;0,1;9,28E-2;-541,2;20,00;3,0;2,9;38,65;0,78;0,397;1,6;4,50;0,364
567;13.07.2023;14:44:12;00:09:26;250,0;416,1;26,6;27,1;23,2;489,9;21,5;0,1;9,27E-2;-541,2;20,00;3,0;3,0;38,66;0,79;0,417;1,6;4,51;0,361
568;13.07.2023;14:44:13;00:09:27;250,0;418,6;26,7;27,2;23,2;491,5;21,4;0,1;9,26E-2;-541,2;20,00;3,0;3,0;38,66;0,80;0,418;1,6;4,49;0,365
569;13.07.2023;14:44:14;00:09:28;250,0;418,6;26,7;27,2;23,2;492,3;21,5;0,1;9,25E-2;-541,2;20,00;3,0;2,9;38,67;0,81;0,429;1,7;4,51;0,366
570;13.07.2023;14:44:15;00:09:29;250,2;418,6;26,8;27,3;23,2;494,0;21,8;0,1;9,23E-2;-541,2;20,00;3,0;2,9;38,68;0,82;0,447;1,7;4,51;0,366
571;13.07.2023;14:44:16;00:09:30;250,0;421,2;26,8;27,3;23,2;495,6;21,7;0,1;9,22E-2;-541,2;20,00;3,0;3,0;38,69;0,83;0,466;1,7;4,55;0,366
572;13.07.2023;14:44:17;00:09:31;250,0;423,7;26,8;27,4;23,3;496,4;21,7;0,1;9,21E-2;-541,2;20,00;3,0;2,9;38,70;0,83;0,466;1,7;4,55;0,369
573;13.07.2023;14:44:18;00:09:32;250,0;423,7;26,8;27,4;23,3;498,0;21,8;0,1;9,19E-2;-541,2;20,00;3,0;3,0;38,70;0,84;0,463;1,7;4,55;0,368
574;13.07.2023;14:44:19;00:09:33;250,1;423,7;26,9;27,4;23,3;498,8;21,9;0,1;9,19E-2;-541,2;20,00;3,0;3,0;38,71;0,84;0,463;1,7;4,53;0,369
575;13.07.2023;14:44:20;00:09:34;250,1;426,2;26,9;27,4;23,3;500,5;21,9;0,1;9,17E-2;-541,2;20,00;3,0;3,0;38,72;0,86;0,473;1,7;4,53;0,371
576;13.07.2023;14:44:21;00:09:35;250,2;428,8;26,9;27,5;23,3;502,4;22,0;0,1;9,16E-2;-541,2;20,00;3,0;2,9;38,73;0,87;0,481;1,7;4,53;0,371
577;13.07.2023;14:44:22;00:09:36;250,1;428,8;26,9;27,5;23,3;503,3;22,1;0,1;9,15E-2;-541,2;20,00;3,0;3,0;38,74;0,87;0,476;1,7;4,58;0,371
578;13.07.2023;14:44:23;00:09:37;250,0;428,8;27,0;27,6;23,3;505,1;22,3;0,1;9,14E-2;-541,2;20,00;3,0;3,0;38,75;0,88;0,490;1,7;4,55;0,371
579;13.07.2023;14:44:24;00:09:38;250,1;431,2;27,0;27,5;23,2;506,9;22,3;0,1;9,12E-2;-541,2;20,00;3,0;3,0;38,76;0,89;0,511;1,7;4,55;0,372
580;13.07.2023;14:44:25;00:09:39;250,1;431,2;27,0;27,6;23,2;507,8;22,4;0,1;9,11E-2;-541,2;20,00;3,0;3,0;38,76;0,90;0,510;1,7;4,56;0,372
581;13.07.2023;14:44:26;00:09:40;250,0;433,9;27,0;27,6;23,2;509,6;22,4;0,1;9,10E-2;-541,2;20,00;3,0;3,0;38,78;0,91;0,528;1,7;4,57;0,376
582;13.07.2023;14:44:27;00:09:41;250,1;436,7;27,1;27,7;23,2;511,5;22,5;0,1;9,10E-2;-541,2;20,00;3,0;2,9;38,79;0,92;0,542;1,7;4,60;0,379
583;13.07.2023;14:44:28;00:09:42;250,1;436,7;27,1;27,7;23,2;512,4;22,5;0,1;9,09E-2;-541,2;20,00;3,0;3,0;38,79;0,93;0,544;1,7;4,60;0,376
584;13.07.2023;14:44:29;00:09:43;250,2;436,7;27,1;27,7;23,2;514,2;22,7;0,1;9,08E-2;-541,2;20,00;3,0;3,0;38,81;0,94;0,556;1,7;4,60;0,378
585;13.07.2023;14:44:30;00:09:44;250,1;439,5;27,1;27,8;23,3;515,2;22,7;0,1;9,07E-2;-541,2;20,00;3,0;3,0;38,81;0,95;0,562;1,8;4,55;0,381
586;13.07.2023;14:44:31;00:09:45;250,1;439,5;27,1;27,8;23,3;517,0;22,8;0,1;9,06E-2;-541,2;20,00;3,0;3,0;38,82;0,96;0,570;1,7;4,61;0,380
587;13.07.2023;14:44:32;00:09:46;250,0;442,3;27,2;27,9;23,3;518,8;22,8;0,1;9,06E-2;-541,2;20,00;3,0;3,0;38,83;0,97;0,574;1,7;4,57;0,380
588;13.07.2023;14:44:33;00:09:47;250,2;442,3;27,3;28,0;23,3;519,7;22,9;0,1;9,06E-2;-541,2;20,00;3,0;3,0;38,84;0,98;0,584;1,8;4,60;0,381
589;13.07.2023;14:44:34;00:09:48;250,0;445,0;27,3;28,0;23,3;521,6;22,9;0,1;9,04E-2;-541,2;20,00;3,0;3,0;38,85;0,99;0,602;1,8;4,72;0,391
590;13.07.2023;14:44:35;00:09:49;250,1;447,7;27,3;28,1;23,3;523,4;23,2;0,1;9,03E-2;-541,2;20,00;3,0;3,0;38,86;1,00;0,601;1,8;4,66;0,381
591;13.07.2023;14:44:36;00:09:50;250,2;447,7;27,3;28,1;23,3;524,3;23,0;0,1;9,03E-2;-541,2;20,00;3,0;3,0;38,87;1,01;0,610;1,8;4,60;0,382
592;13.07.2023;14:44:37;00:09:51;250,3;450,2;27,4;28,1;23,3;526,1;23,1;0,1;9,01E-2;-541,2;20,00;3,0;3,0;38,89;1,02;0,625;1,8;4,62;0,386
593;13.07.2023;14:44:38;00:09:52;250,1;450,2;27,4;28,1;23,4;527,9;23,3;0,1;9,00E-2;-541,2;20,00;3,0;3,0;38,90;1,04;0,641;1,8;4,61;0,383
594;13.07.2023;14:44:39;00:09:53;250,2;450,2;27,4;28,1;23,4;528,8;23,4;0,1;8,99E-2;-541,1;20,00;3,0;3,0;38,91;1,04;0,653;1,8;4,63;0,386
595;13.07.2023;14:44:40;00:09:54;250,1;452,8;27,5;28,2;23,4;530,8;23,4;0,1;8,99E-2;-541,2;20,00;3,0;3,0;38,92;1,06;0,681;1,8;4,63;0,386
596;13.07.2023;14:44:41;00:09:55;250,1;455,4;27,5;28,3;23,4;532,6;23,4;0,1;8,97E-2;-541,2;20,00;3,0;3,0;38,94;1,07;0,682;1,8;4,66;0,388
597;13.07.2023;14:44:42;00:09:56;250,1;455,4;27,5;28,3;23,4;533,5;23,5;0,1;8,97E-2;-541,2;20,00;3,0;3,0;38,94;1,08;0,692;1,8;4,64;0,388
598;13.07.2023;14:44:43;00:09:57;250,0;455,4;27,6;28,4;23,4;535,3;23,7;0,1;8,95E-2;-541,2;20,00;3,0;3,1;38,96;1,10;0,725;1,8;4,67;0,389
599;13.07.2023;14:44:44;00:09:58;250,1;458,0;27,6;28,4;23,4;536,2;23,6;0,1;8,94E-2;-541,2;20,00;3,0;3,0;38,97;1,10;0,722;1,8;4,66;0,391
600;13.07.2023;14:44:45;00:09:59;250,3;458,1;27,7;28,4;23,4;538,0;23,9;0,1;8,94E-2;-541,2;20,00;3,0;3,0;38,98;1,12;0,722;1,8;4,66;0,391
601;13.07.2023;14:44:46;00:10:00;250,0;460,9;27,7;28,5;23,4;539,9;23,9;0,1;8,93E-2;-541,2;20,00;3,0;3,0;39,00;1,13;0,739;1,8;4,67;0,391
602;13.07.2023;14:44:47;00:10:01;250,2;460,9;27,7;28,5;23,4;540,8;24,0;0,1;8,93E-2;-541,2;20,00;3,0;3,0;39,01;1,14;0,742;1,8;4,67;0,391
603;13.07.2023;14:44:48;00:10:02;250,0;463,7;27,8;28,6;23,5;542,6;23,9;0,1;8,91E-2;-541,2;20,00;3,0;3,0;39,02;1,16;0,752;1,8;4,66;0,391
604;13.07.2023;14:44:49;00:10:03;250,0;463,7;27,8;28,7;23,5;544,4;24,2;0,1;8,90E-2;-541,2;20,00;3,0;3,0;39,04;1,18;0,765;1,8;4,67;0,392
605;13.07.2023;14:44:50;00:10:04;250,1;466,6;27,8;28,7;23,5;545,3;24,1;0,1;8,89E-2;-541,2;20,00;3,0;3,0;39,05;1,18;0,766;1,9;4,68;0,396
606;13.07.2023;14:44:51;00:10:05;250,0;466,6;27,9;28,7;23,5;547,1;24,3;0,1;8,88E-2;-541,2;20,00;3,0;2,9;39,06;1,20;0,774;1,9;4,70;0,396
607;13.07.2023;14:44:52;00:10:06;250,1;469,4;27,9;28,7;23,5;549,1;24,3;0,1;8,87E-2;-541,2;20,00;3,0;3,0;39,08;1,22;0,788;1,9;4,68;0,396
608;13.07.2023;14:44:53;00:10:07;250,1;469,4;28,0;28,8;23,5;550,0;24,4;0,1;8,87E-2;-541,2;20,00;3,0;3,0;39,09;1,23;0,799;1,9;4,69;0,396
609;13.07.2023;14:44:54;00:10:08;250,0;472,1;28,0;28,8;23,5;551,8;24,4;0,1;8,86E-2;-541,2;20,00;3,0;3,0;39,11;1,24;0,814;1,9;4,72;0,397
610;13.07.2023;14:44:55;00:10:09;250,0;474,8;28,0;28,9;23,5;553,6;24,5;0,1;8,86E-2;-541,2;20,00;3,0;3,1;39,13;1,26;0,841;1,9;4,70;0,396
611;13.07.2023;14:44:56;00:10:10;250,0;474,8;28,0;28,9;23,5;554,5;24,5;0,1;8,84E-2;-541,2;20,00;3,0;3,0;39,14;1,27;0,845;1,9;4,70;0,400
612;13.07.2023;14:44:57;00:10:11;250,0;477,5;28,1;29,0;23,5;556,3;24,5;0,1;8,83E-2;-541,2;20,00;3,0;3,0;39,15;1,28;0,856;1,9;4,69;0,400
613;13.07.2023;14:44:58;00:10:12;250,1;477,5;28,1;29,0;23,5;557,3;24,6;0,1;8,83E-2;-541,2;20,00;3,0;3,0;39,16;1,30;0,864;1,9;4,70;0,399
614;13.07.2023;14:44:59;00:10:13;250,0;477,5;28,2;29,0;23,5;559,1;24,8;0,1;8,82E-2;-541,2;20,00;3,0;3,0;39,18;1,32;0,887;1,9;4,73;0,402
615;13.07.2023;14:45:00;00:10:14;250,0;480,2;28,2;29,1;23,5;560,9;24,8;0,1;8,81E-2;-541,2;20,00;3,0;3,0;39,20;1,33;0,919;1,9;4,74;0,403
616;13.07.2023;14:45:01;00:10:15;250,0;482,9;28,3;29,2;23,5;561,8;24,9;0,1;8,81E-2;-541,2;20,00;3,0;3,0;39,21;1,35;0,927;1,9;4,74;0,404
617;13.07.2023;14:45:02;00:10:16;250,1;482,9;28,3;29,2;23,5;563,6;24,9;0,1;8,80E-2;-541,2;20,00;3,0;2,9;39,23;1,36;0,934;1,9;4,72;0,405
618;13.07.2023;14:45:03;00:10:17;250,0;485,6;28,3;29,2;23,5;565,4;25,2;0,1;8,79E-2;-541,2;20,00;3,0;2,9;39,25;1,39;0,936;1,9;4,73;0,405
619;13.07.2023;14:45:04;00:10:18;250,1;485,6;28,3;29,2;23,5;566,5;25,1;0,1;8,78E-2;-541,2;20,00;3,0;3,0;39,26;1,40;0,951;1,9;4,72;0,405
620;13.07.2023;14:45:05;00:10:19;250,2;485,5;28,3;29,2;23,5;568,3;25,3;0,1;8,77E-2;-541,2;20,00;3,0;3,0;39,28;1,41;0,963;1,9;4,74;0,405
621;13.07.2023;14:45:06;00:10:20;250,1;488,4;28,3;29,3;23,5;570,1;25,3;0,1;8,76E-2;-541,2;20,00;3,0;3,0;39,30;1,44;0,981;2,0;4,77;0,410
622;13.07.2023;14:45:07;00:10:21;250,0;488,4;28,3;29,3;23,5;571,0;25,4;0,1;8,76E-2;-541,2;20,00;3,0;3,0;39,31;1,45;0,992;1,9;4,74;0,410
623;13.07.2023;14:45:08;00:10:22;250,1;491,4;28,4;29,4;23,5;572,8;25,4;0,1;8,75E-2;-541,2;20,00;3,0;3,0;39,33;1,47;1,011;2,0;4,77;0,408
624;13.07.2023;14:45:09;00:10:23;250,0;491,4;28,5;29,5;23,5;573,7;25,5;0,1;8,75E-2;-541,2;20,00;3,0;3,0;39,34;1,48;1,023;1,9;4,76;0,409
625;13.07.2023;14:45:10;00:10:24;250,2;494,3;28,5;29,5;23,5;575,6;25,5;0,1;8,74E-2;-541,2;20,00;3,0;3,1;39,37;1,50;1,044;2,0;4,78;0,410
626;13.07.2023;14:45:11;00:10:25;250,2;497,2;28,5;29,6;23,5;577,4;25,7;0,1;8,73E-2;-541,2;20,00;3,0;3,0;39,39;1,53;1,045;2,0;4,79;0,410
627;13.07.2023;14:45:12;00:10:26;250,0;497,2;28,5;29,6;23,6;578,3;25,6;0,1;8,72E-2;-541,2;20,00;3,0;3,0;39,40;1,54;1,052;2,0;4,78;0,411
628;13.07.2023;14:45:13;00:10:27;250,3;500,0;28,6;29,7;23,6;580,1;25,6;0,1;8,71E-2;-541,2;20,00;3,0;3,1;39,42;1,56;1,066;2,0;4,78;0,413
629;13.07.2023;14:45:14;00:10:28;250,1;500,0;28,6;29,7;23,6;581,9;25,8;0,1;8,70E-2;-541,2;20,00;3,0;3,0;39,45;1,58;1,092;2,0;4,81;0,412
630;13.07.2023;14:45:15;00:10:29;250,2;500,0;28,6;29,7;23,6;582,8;25,9;0,1;8,70E-2;-541,2;20,00;3,0;3,0;39,46;1,59;1,103;2,0;4,79;0,412
631;13.07.2023;14:45:16;00:10:30;250,3;502,8;28,7;29,8;23,6;584,8;25,9;0,1;8,69E-2;-541,2;20,00;3,0;3,0;39,48;1,62;1,128;2,0;4,79;0,415
632;13.07.2023;14:45:17;00:10:31;250,1;502,8;28,8;29,9;23,6;586,6;26,1;0,1;8,67E-2;-541,2;20,00;3,0;3,0;39,51;1,64;1,139;2,0;4,83;0,417
633;13.07.2023;14:45:18;00:10:32;250,2;505,7;28,8;29,9;23,7;587,5;26,0;0,1;8,67E-2;-541,2;20,00;3,0;3,0;39,52;1,65;1,141;2,0;4,79;0,420
634;13.07.2023;14:45:19;00:10:33;250,2;505,7;28,8;29,9;23,7;589,3;26,2;0,1;8,65E-2;-541,2;20,00;3,0;3,0;39,54;1,68;1,160;2,0;4,82;0,418
635;13.07.2023;14:45:20;00:10:34;250,0;508,6;28,8;30,0;23,7;591,1;26,2;0,1;8,65E-2;-541,2;20,00;3,0;3,0;39,57;1,70;1,173;2,0;4,81;0,417
636;13.07.2023;14:45:21;00:10:35;250,0;508,6;28,9;30,1;23,7;592,0;26,3;0,1;8,64E-2;-541,2;20,00;3,0;3,0;39,58;1,71;1,185;2,0;4,79;0,420
637;13.07.2023;14:45:22;00:10:36;250,1;511,5;28,9;30,1;23,7;593,9;26,3;0,1;8,63E-2;-541,2;20,00;3,0;3,0;39,61;1,74;1,201;2,0;4,82;0,420
638;13.07.2023;14:45:23;00:10:37;250,1;511,5;28,9;30,1;23,7;594,8;26,4;0,1;8,63E-2;-541,2;20,00;3,0;2,9;39,62;1,75;1,199;2,0;4,80;0,421
639;13.07.2023;14:45:24;00:10:38;250,1;514,3;29,0;30,1;23,7;596,6;26,4;0,1;8,61E-2;-541,2;20,00;3,0;3,0;39,64;1,78;1,217;2,0;4,82;0,421
640;13.07.2023;14:45:25;00:10:39;250,1;514,3;29,0;30,1;23,6;598,4;26,6;0,1;8,60E-2;-541,2;20,00;3,0;3,0;39,67;1,80;1,218;2,0;4,85;0,425
641;13.07.2023;14:45:26;00:10:40;250,0;517,2;29,0;30,2;23,7;599,3;26,6;0,1;8,59E-2;-541,2;20,00;3,0;2,9;39,68;1,81;1,225;2,1;4,85;0,425
642;13.07.2023;14:45:27;00:10:41;250,3;517,2;29,0;30,2;23,7;601,1;26,7;0,1;8,58E-2;-541,2;20,00;3,0;3,0;39,71;1,84;1,246;2,1;4,85;0,426
643;13.07.2023;14:45:28;00:10:42;250,1;520,2;29,1;30,3;23,7;603,1;26,7;0,1;8,58E-2;-541,2;20,00;3,0;3,0;39,73;1,87;1,259;2,0;4,85;0,426
644;13.07.2023;14:45:29;00:10:43;250,0;520,2;29,2;30,3;23,7;604,0;26,8;0,1;8,57E-2;-541,2;20,00;3,0;3,0;39,75;1,88;1,262;2,1;4,88;0,426
645;13.07.2023;14:45:30;00:10:44;250,1;523,2;29,2;30,4;23,7;605,8;26,8;0,1;8,55E-2;-541,2;20,00;3,0;2,9;39,77;1,91;1,267;2,1;4,86;0,430
646;13.07.2023;14:45:31;00:10:45;250,0;526,3;29,3;30,5;23,7;607,6;27,0;0,1;8,54E-2;-541,2;20,00;3,0;3,0;39,80;1,93;1,270;2,1;4,87;0,430
647;13.07.2023;14:45:32;00:10:46;250,2;526,3;29,3;30,5;23,7;608,5;26,9;0,1;8,53E-2;-541,2;20,00;3,0;2,9;39,81;1,95;1,276;2,1;4,86;0,430
648;13.07.2023;14:45:33;00:10:47;250,2;526,3;29,3;30,5;23,7;610,3;27,1;0,1;8,52E-2;-541,2;20,00;3,0;2,9;39,84;1,97;1,296;2,1;4,88;0,430
649;13.07.2023;14:45:34;00:10:48;250,0;529,1;29,3;30,6;23,7;612,2;27,1;0,1;8,51E-2;-541,2;20,00;3,0;3,0;39,87;2,00;1,317;2,1;4,87;0,430
650;13.07.2023;14:45:35;00:10:49;250,0;529,1;29,3;30,6;23,7;613,1;27,2;0,1;8,50E-2;-541,2;20,00;3,0;3,0;39,88;2,02;1,320;2,1;4,88;0,432
651;13.07.2023;14:45:36;00:10:50;250,0;531,9;29,4;30,7;23,7;614,9;27,2;0,1;8,48E-2;-541,2;20,00;3,0;2,9;39,91;2,04;1,314;2,1;4,89;0,431
652;13.07.2023;14:45:37;00:10:51;250,0;531,9;29,5;30,8;23,7;615,8;27,3;0,1;8,48E-2;-541,2;20,00;3,0;3,0;39,92;2,05;1,310;2,1;4,87;0,433
653;13.07.2023;14:45:38;00:10:52;250,2;534,7;29,5;30,8;23,7;617,6;27,4;0,1;8,47E-2;-541,2;20,00;3,0;3,0;39,95;2,08;1,327;2,1;4,90;0,435
654;13.07.2023;14:45:39;00:10:53;250,1;534,7;29,6;30,9;23,7;619,4;27,6;0,1;8,45E-2;-541,2;20,00;3,0;3,0;39,97;2,11;1,332;2,1;4,87;0,435
655;13.07.2023;14:45:40;00:10:54;250,1;537,5;29,6;30,9;23,7;620,3;27,4;0,1;8,45E-2;-541,2;20,00;3,0;3,0;39,99;2,12;1,348;2,2;4,89;0,435
656;13.07.2023;14:45:41;00:10:55;250,1;540,3;29,7;31,0;23,7;622,3;27,5;0,1;8,42E-2;-541,2;20,00;3,0;3,0;40,02;2,15;1,358;2,1;4,88;0,439
657;13.07.2023;14:45:42;00:10:56;250,1;540,3;29,7;31,0;23,8;624,1;27,7;0,1;8,41E-2;-541,2;20,00;3,0;3,0;40,05;2,18;1,374;2,1;4,88;0,436
658;13.07.2023;14:45:43;00:10:57;250,1;540,3;29,7;31,0;23,8;625,0;27,8;0,1;8,41E-2;-541,2;20,00;3,0;3,0;40,06;2,19;1,381;2,2;4,91;0,440
659;13.07.2023;14:45:44;00:10:58;250,0;543,1;29,7;31,1;23,8;626,8;27,8;0,1;8,39E-2;-541,2;20,00;3,0;3,0;40,09;2,23;1,401;2,2;4,91;0,440
660;13.07.2023;14:45:45;00:10:59;250,0;543,1;29,8;31,1;23,8;628,6;28,0;0,1;8,37E-2;-541,2;20,00;3,0;3,0;40,12;2,25;1,398;2,2;4,90;0,442
661;13.07.2023;14:45:46;00:11:00;250,3;546,1;29,8;31,2;23,8;629,5;27,9;0,1;8,36E-2;-541,2;20,00;3,0;3,1;40,13;2,27;1,403;2,2;4,95;0,444
662;13.07.2023;14:45:47;00:11:01;250,1;546,1;29,9;31,3;23,8;631,4;28,1;0,1;8,35E-2;-541,2;20,00;3,0;3,0;40,16;2,30;1,397;2,2;4,90;0,444
663;13.07.2023;14:45:48;00:11:02;250,0;549,1;29,9;31,3;23,8;632,3;28,0;0,1;8,34E-2;-541,2;20,00;3,0;3,0;40,18;2,31;1,403;2,2;4,95;0,443
664;13.07.2023;14:45:49;00:11:03;250,2;549,1;30,0;31,3;23,8;634,1;28,2;0,1;8,33E-2;-541,2;20,00;3,0;3,1;40,20;2,34;1,407;2,2;4,94;0,444
665;13.07.2023;14:45:50;00:11:04;250,0;552,1;30,0;31,4;23,9;635,9;28,2;0,1;8,31E-2;-541,2;20,00;3,0;3,0;40,24;2,37;1,408;2,2;4,92;0,444
666;13.07.2023;14:45:51;00:11:05;250,1;552,1;30,0;31,4;23,9;636,8;28,3;0,1;8,30E-2;-541,2;20,00;3,0;3,0;40,25;2,38;1,408;2,2;4,93;0,444
667;13.07.2023;14:45:52;00:11:06;250,0;555,1;30,1;31,5;23,9;638,6;28,3;0,1;8,29E-2;-541,2;20,00;3,0;3,0;40,28;2,41;1,415;2,2;4,93;0,446
668;13.07.2023;14:45:53;00:11:07;250,1;555,1;30,1;31,6;23,9;640,6;28,5;0,1;8,27E-2;-541,2;20,00;3,0;3,0;40,31;2,44;1,419;2,2;4,94;0,449
669;13.07.2023;14:45:54;00:11:08;250,3;557,9;30,1;31,6;23,9;641,5;28,4;0,1;8,26E-2;-541,2;20,00;3,0;3,0;40,32;2,46;1,423;2,2;4,96;0,449
670;13.07.2023;14:45:55;00:11:09;250,2;557,9;30,2;31,6;23,9;643,3;28,6;0,1;8,24E-2;-541,2;20,00;3,0;3,0;40,35;2,49;1,438;2,2;4,97;0,449
671;13.07.2023;14:45:56;00:11:10;250,1;560,7;30,2;31,7;23,9;645,1;28,6;0,1;8,23E-2;-541,2;20,00;3,0;3,0;40,38;2,52;1,463;2,2;4,93;0,449
672;13.07.2023;14:45:57;00:11:11;250,2;563,5;30,3;31,8;23,9;646,0;28,7;0,1;8,23E-2;-541,2;20,00;3,0;2,9;40,40;2,53;1,461;2,2;4,97;0,450
673;13.07.2023;14:45:58;00:11:12;250,3;563,5;30,3;31,8;23,9;647,9;28,7;0,1;8,21E-2;-541,2;20,00;3,0;3,0;40,43;2,56;1,464;2,2;4,93;0,451
674;13.07.2023;14:45:59;00:11:13;250,3;566,3;30,4;32,0;23,9;649,7;28,8;0,1;8,19E-2;-541,2;20,00;3,0;3,0;40,46;2,59;1,468;2,3;4,96;0,454
675;13.07.2023;14:46:00;00:11:14;250,1;566,3;30,4;32,0;23,9;650,6;28,8;0,1;8,18E-2;-541,2;20,00;3,0;3,0;40,47;2,60;1,467;2,3;4,96;0,454
676;13.07.2023;14:46:01;00:11:15;250,2;566,3;30,5;32,0;23,9;652,4;29,1;0,1;8,18E-2;-541,2;20,00;3,0;3,0;40,50;2,64;1,478;2,2;4,95;0,455
677;13.07.2023;14:46:02;00:11:16;250,0;569,2;30,5;32,0;23,9;653,3;29,0;0,1;8,17E-2;-541,2;20,00;3,0;3,0;40,52;2,65;1,478;2,3;4,99;0,459
678;13.07.2023;14:46:03;00:11:17;250,1;569,2;30,5;32,0;23,9;655,1;29,2;0,1;8,14E-2;-541,2;20,00;3,0;2,9;40,55;2,68;1,475;2,3;4,97;0,458
679;13.07.2023;14:46:04;00:11:18;250,1;572,1;30,5;32,2;24,0;657,1;29,1;0,1;8,13E-2;-541,2;20,00;3,0;3,0;40,58;2,72;1,475;2,3;4,97;0,458
680;13.07.2023;14:46:05;00:11:19;250,0;572,1;30,5;32,2;24,0;658,0;29,3;0,1;8,12E-2;-541,2;20,00;3,0;3,0;40,60;2,73;1,484;2,3;4,99;0,459
681;13.07.2023;14:46:06;00:11:20;250,0;575,2;30,6;32,3;24,0;659,8;29,2;0,1;8,11E-2;-541,2;20,00;3,0;3,0;40,62;2,76;1,492;2,3;5,00;0,463
682;13.07.2023;14:46:07;00:11:21;250,2;575,2;30,7;32,4;24,0;661,6;29,5;0,1;8,09E-2;-541,2;20,00;3,0;2,9;40,66;2,79;1,490;2,3;5,00;0,463
683;13.07.2023;14:46:08;00:11:22;250,2;575,2;30,7;32,4;24,0;662,5;29,6;0,1;8,09E-2;-541,2;20,00;3,0;3,0;40,67;2,81;1,496;2,3;5,01;0,464
684;13.07.2023;14:46:09;00:11:23;250,1;578,3;30,7;32,4;24,0;664,3;29,5;0,1;8,07E-2;-541,2;20,00;3,0;3,0;40,70;2,83;1,494;2,3;4,99;0,464
685;13.07.2023;14:46:10;00:11:24;250,0;581,2;30,8;32,5;24,0;666,2;29,5;0,1;8,06E-2;-541,2;20,00;3,0;3,0;40,74;2,87;1,508;2,3;5,04;0,464
686;13.07.2023;14:46:11;00:11:25;250,0;581,2;30,8;32,5;24,0;667,1;29,7;0,1;8,05E-2;-541,2;20,00;3,0;3,0;40,75;2,88;1,519;2,3;5,02;0,465
687;13.07.2023;14:46:12;00:11:26;250,0;584,2;30,9;32,6;24,0;668,9;29,6;0,1;8,04E-2;-541,2;20,00;3,0;3,0;40,78;2,91;1,525;2,3;4,97;0,464
688;13.07.2023;14:46:13;00:11:27;250,3;584,2;30,9;32,6;24,0;669,8;29,7;0,1;8,03E-2;-541,2;20,00;3,0;3,0;40,79;2,93;1,537;2,3;5,01;0,465
689;13.07.2023;14:46:14;00:11:28;250,0;587,0;31,0;32,7;24,0;671,6;29,8;0,1;8,01E-2;-541,2;20,00;3,0;3,0;40,83;2,96;1,541;2,4;5,05;0,468
690;13.07.2023;14:46:15;00:11:29;250,1;587,0;31,0;32,7;24,0;673,4;30,0;0,1;8,00E-2;-541,2;20,00;3,0;3,0;40,86;2,99;1,547;2,3;5,01;0,469
691;13.07.2023;14:46:16;00:11:30;250,0;589,8;31,0;32,8;24,0;674,3;29,8;0,1;8,00E-2;-541,2;20,00;3,0;3,0;40,88;3,01;1,550;2,3;5,00;0,469
692;13.07.2023;14:46:17;00:11:31;250,1;589,8;31,1;32,8;24,1;676,3;30,1;0,1;7,98E-2;-541,2;20,00;3,0;3,0;40,91;3,04;1,540;2,4;5,03;0,469
693;13.07.2023;14:46:18;00:11:32;250,1;592,6;31,1;33,0;24,1;678,1;30,1;0,1;7,96E-2;-541,2;20,00;3,0;3,0;40,94;3,07;1,534;2,4;5,03;0,470
694;13.07.2023;14:46:19;00:11:33;250,0;592,6;31,1;33,0;24,1;679,0;30,2;0,1;7,96E-2;-541,2;20,00;3,0;3,0;40,95;3,09;1,535;2,4;5,03;0,469
695;13.07.2023;14:46:20;00:11:34;250,1;595,3;31,2;33,1;24,1;680,8;30,2;0,1;7,95E-2;-541,2;20,00;3,0;3,0;40,98;3,12;1,528;2,4;5,02;0,474
696;13.07.2023;14:46:21;00:11:35;250,3;595,3;31,3;33,2;24,1;682,6;30,4;0,1;7,93E-2;-541,2;20,00;3,0;3,0;41,01;3,15;1,527;2,4;5,06;0,475
697;13.07.2023;14:46:22;00:11:36;250,0;598,1;31,3;33,2;24,1;683,5;30,4;0,1;7,93E-2;-541,2;20,00;3,0;3,1;41,03;3,16;1,535;2,4;5,06;0,476
698;13.07.2023;14:46:23;00:11:37;250,0;598,1;31,4;33,2;24,1;685,4;30,6;0,1;7,91E-2;-541,2;20,00;3,0;3,0;41,06;3,20;1,530;2,4;5,03;0,476
699;13.07.2023;14:46:24;00:11:38;250,0;600,9;31,4;33,3;24,2;687,2;30,5;0,1;7,90E-2;-541,2;20,00;3,0;3,0;41,09;3,23;1,534;2,4;5,08;0,477
700;13.07.2023;14:46:25;00:11:39;250,0;600,9;31,4;33,3;24,2;688,1;30,7;0,1;7,89E-2;-541,2;20,00;3,0;3,0;41,11;3,24;1,539;2,4;5,08;0,479
701;13.07.2023;14:46:26;00:11:40;250,1;603,8;31,5;33,4;24,2;689,9;30,7;0,1;7,88E-2;-541,2;20,00;3,0;3,0;41,14;3,27;1,530;2,4;5,08;0,479
702;13.07.2023;14:46:27;00:11:41;250,0;603,8;31,5;33,4;24,2;690,8;30,8;0,1;7,88E-2;-541,2;20,00;3,0;3,0;41,15;3,29;1,529;2,4;5,08;0,479
703;13.07.2023;14:46:28;00:11:42;250,1;603,8;31,6;33,6;24,2;692,6;31,0;0,1;7,87E-2;-541,2;20,00;3,0;3,1;41,19;3,32;1,531;2,4;5,05;0,483
704;13.07.2023;14:46:29;00:11:43;250,0;606,8;31,6;33,6;24,2;694,6;31,0;0,1;7,85E-2;-541,2;20,00;3,0;3,1;41,22;3,35;1,522;2,5;5,08;0,482
705;13.07.2023;14:46:30;00:11:44;250,1;609,8;31,7;33,7;24,3;695,5;31,0;0,1;7,85E-2;-541,2;20,00;3,0;3,0;41,23;3,37;1,521;2,5;5,09;0,484
706;13.07.2023;14:46:31;00:11:45;250,0;609,8;31,7;33,7;24,3;697,3;31,1;0,1;7,84E-2;-541,2;20,00;3,0;3,0;41,27;3,40;1,526;2,5;5,08;0,484
707;13.07.2023;14:46:32;00:11:46;250,0;612,7;31,8;33,8;24,3;699,1;31,1;0,1;7,83E-2;-541,2;20,00;3,0;3,0;41,29;3,43;1,537;2,4;5,05;0,484
708;13.07.2023;14:46:33;00:11:47;250,0;612,7;31,8;33,8;24,3;700,0;31,2;0,1;7,83E-2;-541,2;20,00;3,0;3,0;41,31;3,44;1,523;2,5;5,10;0,484
709;13.07.2023;14:46:34;00:11:48;250,1;615,5;31,8;33,9;24,3;701,8;31,2;0,1;7,82E-2;-541,2;20,00;3,0;3,0;41,34;3,47;1,513;2,5;5,11;0,488
710;13.07.2023;14:46:35;00:11:49;250,1;618,3;31,9;34,0;24,3;703,7;31,4;0,1;7,81E-2;-541,2;20,00;3,0;3,0;41,37;3,50;1,505;2,5;5,11;0,488
711;13.07.2023;14:46:36;00:11:50;250,0;618,3;31,9;34,0;24,3;704,6;31,3;0,1;7,80E-2;-541,2;20,00;3,0;3,0;41,39;3,52;1,508;2,5;5,09;0,488
712;13.07.2023;14:46:37;00:11:51;250,2;618,3;32,0;34,1;24,3;706,4;31,5;0,1;7,79E-2;-541,2;20,00;3,0;3,0;41,41;3,55;1,485;2,5;5,11;0,488
713;13.07.2023;14:46:38;00:11:52;250,0;621,1;32,0;34,1;24,3;708,2;31,5;0,1;7,79E-2;-541,2;20,00;3,0;3,0;41,44;3,58;1,482;2,5;5,13;0,489
714;13.07.2023;14:46:39;00:11:53;250,0;621,1;32,0;34,1;24,3;709,1;31,6;0,1;7,78E-2;-541,2;20,00;3,0;3,0;41,46;3,59;1,483;2,5;5,14;0,491
715;13.07.2023;14:46:40;00:11:54;250,1;623,8;32,1;34,3;24,2;710,9;31,6;0,1;7,78E-2;-541,2;20,00;3,0;3,0;41,49;3,62;1,493;2,5;5,13;0,493
716;13.07.2023;14:46:41;00:11:55;250,0;623,8;32,2;34,4;24,2;712,0;31,8;0,1;7,77E-2;-541,2;20,00;3,0;2,9;41,51;3,64;1,483;2,5;5,14;0,491
717;13.07.2023;14:46:42;00:11:56;250,3;626,6;32,2;34,4;24,3;713,8;31,8;0,1;7,76E-2;-541,2;20,00;3,0;3,0;41,53;3,67;1,479;2,6;5,17;0,495
718;13.07.2023;14:46:43;00:11:57;250,2;626,6;32,3;34,5;24,3;715,6;32,0;0,1;7,75E-2;-541,2;20,00;3,0;3,0;41,56;3,70;1,480;2,5;5,13;0,496
719;13.07.2023;14:46:44;00:11:58;250,1;629,4;32,3;34,5;24,3;716,5;31,9;0,1;7,75E-2;-541,2;20,00;3,0;3,0;41,58;3,71;1,470;2,6;5,15;0,496
720;13.07.2023;14:46:45;00:11:59;250,0;629,3;32,2;34,4;24,2;718,3;32,1;0,1;7,74E-2;-541,2;20,00;3,0;2,9;41,61;3,74;1,461;2,5;5,13;0,498
721;13.07.2023;14:46:46;00:12:00;250,0;632,3;32,3;34,6;24,2;720,1;32,1;0,1;7,74E-2;-541,2;20,00;3,0;3,0;41,64;3,77;1,451;2,6;5,12;0,499
722;13.07.2023;14:46:47;00:12:01;250,0;632,3;32,3;34,6;24,2;721,1;32,2;0,1;7,74E-2;-541,2;20,00;3,0;3,0;41,65;3,79;1,448;2,6;5,16;0,500
723;13.07.2023;14:46:48;00:12:02;250,1;635,4;32,4;34,7;24,2;722,9;32,5;0,1;7,73E-2;-541,2;20,00;3,0;3,0;41,68;3,81;1,433;2,6;5,17;0,503
724;13.07.2023;14:46:49;00:12:03;250,0;635,4;32,4;34,7;24,3;724,7;32,4;0,1;7,72E-2;-541,2;20,00;3,0;3,0;41,71;3,84;1,417;2,6;5,17;0,503
725;13.07.2023;14:46:50;00:12:04;250,1;638,4;32,5;34,8;24,3;725,0;32,3;0,1;7,72E-2;-541,2;20,00;3,0;3,0;41,72;3,85;1,408;2,6;5,14;0,503
726;13.07.2023;14:46:51;00:12:05;250,1;638,4;32,6;34,8;24,3;725,0;32,3;0,1;7,71E-2;-541,2;20,00;3,0;2,9;41,75;3,89;1,400;2,6;5,14;0,503
727;13.07.2023;14:46:52;00:12:06;250,2;638,4;32,6;35,0;24,3;725,0;32,4;0,1;7,70E-2;-541,2;20,00;3,0;3,0;41,77;3,90;1,417;2,6;5,16;0,504
728;13.07.2023;14:46:53;00:12:07;250,0;641,5;32,6;35,0;24,3;725,0;32,2;0,1;7,69E-2;-541,2;20,00;3,1;3,0;41,80;3,93;1,432;2,6;5,17;0,503
729;13.07.2023;14:46:54;00:12:08;250,0;644,4;32,7;35,1;24,3;725,0;32,0;0,1;7,69E-2;-541,2;20,00;3,1;3,0;41,82;3,96;1,436;2,6;5,14;0,502
730;13.07.2023;14:46:55;00:12:09;250,0;644,4;32,7;35,1;24,3;725,0;32,0;0,1;7,69E-2;-541,2;20,00;3,1;3,0;41,84;3,97;1,447;2,6;5,15;0,501
731;13.07.2023;14:46:56;00:12:10;250,1;644,4;32,8;35,2;24,3;725,0;32,1;0,1;7,68E-2;-541,2;20,00;3,1;3,1;41,87;4,01;1,472;2,6;5,10;0,503
732;13.07.2023;14:46:57;00:12:11;250,0;647,1;32,8;35,2;24,4;725,0;31,9;0,1;7,68E-2;-541,2;20,00;3,1;3,1;41,90;4,04;1,483;2,6;5,14;0,501
733;13.07.2023;14:46:58;00:12:12;250,1;649,9;32,9;35,3;24,4;725,0;31,8;0,1;7,67E-2;-541,2;20,00;3,1;3,2;41,91;4,05;1,485;2,6;5,14;0,502
734;13.07.2023;14:46:59;00:12:13;250,0;649,9;33,0;35,3;24,4;725,0;31,8;0,1;7,66E-2;-541,2;20,00;3,1;3,2;41,95;4,08;1,476;2,6;5,11;0,501
735;13.07.2023;14:47:00;00:12:14;250,0;652,6;33,0;35,5;24,4;725,0;31,6;0,1;7,65E-2;-541,2;20,00;3,2;3,1;41,98;4,11;1,460;2,5;5,09;0,501
736;13.07.2023;14:47:01;00:12:15;250,0;652,6;33,1;35,5;24,4;725,0;31,6;0,1;7,65E-2;-541,2;20,00;3,2;3,2;41,99;4,12;1,451;2,6;5,09;0,499
737;13.07.2023;14:47:02;00:12:16;250,1;655,3;33,1;35,6;24,5;725,0;31,5;0,1;7,64E-2;-541,2;20,00;3,2;3,2;42,02;4,15;1,421;2,6;5,11;0,499
738;13.07.2023;14:47:03;00:12:17;250,1;657,9;33,2;35,7;24,5;725,0;31,5;0,1;7,64E-2;-541,2;20,00;3,2;3,2;42,04;4,17;1,392;2,5;5,09;0,498
739;13.07.2023;14:47:04;00:12:18;250,0;657,9;33,2;35,7;24,5;725,0;31,3;0,1;7,63E-2;-541,2;20,00;3,2;3,2;42,05;4,19;1,371;2,6;5,07;0,498
740;13.07.2023;14:47:05;00:12:19;250,1;658,0;33,2;35,8;24,5;725,0;31,4;0,1;7,62E-2;-541,2;20,00;3,2;3,3;42,08;4,21;1,332;2,5;5,13;0,498
741;13.07.2023;14:47:06;00:12:20;250,1;660,6;33,3;35,9;24,5;725,0;31,3;0,1;7,61E-2;-541,2;20,00;3,2;3,2;42,09;4,22;1,305;2,5;5,10;0,499
742;13.07.2023;14:47:07;00:12:21;250,0;660,6;33,3;35,9;24,5;725,0;31,2;0,1;7,60E-2;-541,2;20,00;3,3;3,3;42,12;4,25;1,268;2,5;5,04;0,498
743;13.07.2023;14:47:08;00:12:22;250,1;663,2;33,4;36,0;24,5;725,0;31,2;0,1;7,59E-2;-541,2;20,00;3,3;3,3;42,14;4,27;1,224;2,5;5,07;0,500
744;13.07.2023;14:47:09;00:12:23;250,0;663,2;33,4;36,0;24,5;725,0;31,1;0,1;7,59E-2;-541,2;20,00;3,3;3,2;42,15;4,28;1,205;2,6;5,07;0,498
745;13.07.2023;14:47:10;00:12:24;250,1;665,7;33,5;36,2;24,5;725,0;31,0;0,1;7,58E-2;-541,2;20,00;3,3;3,3;42,17;4,30;1,150;2,5;5,07;0,498
746;13.07.2023;14:47:11;00:12:25;250,0;665,7;33,6;36,3;24,5;725,0;31,0;0,1;7,56E-2;-541,2;20,00;3,3;3,3;42,18;4,32;1,093;2,5;5,05;0,498
747;13.07.2023;14:47:12;00:12:26;250,0;665,7;33,6;36,3;24,5;725,0;31,0;0,1;7,56E-2;-541,2;20,00;3,3;3,3;42,20;4,33;1,062;2,5;5,07;0,498
748;13.07.2023;14:47:13;00:12:27;250,1;668,1;33,6;36,3;24,5;725,0;30,8;0,1;7,55E-2;-541,2;20,00;3,4;3,3;42,21;4,35;1,015;2,5;5,05;0,498
749;13.07.2023;14:47:14;00:12:28;250,1;670,2;33,7;36,4;24,5;725,0;30,7;0,1;7,54E-2;-541,2;20,00;3,4;3,3;42,23;4,36;0,961;2,5;5,04;0,498
750;13.07.2023;14:47:15;00:12:29;250,0;670,2;33,7;36,4;24,5;725,0;30,7;0,1;7,53E-2;-541,2;20,00;3,4;3,3;42,23;4,37;0,927;2,5;5,04;0,496
751;13.07.2023;14:47:16;00:12:30;250,1;672,2;33,7;36,5;24,5;725,0;30,6;0,1;7,52E-2;-541,2;20,00;3,4;3,3;42,25;4,39;0,890;2,5;5,03;0,495
752;13.07.2023;14:47:17;00:12:31;250,3;672,2;33,7;36,5;24,6;725,0;30,7;0,1;7,50E-2;-541,2;20,00;3,4;3,4;42,27;4,40;0,847;2,5;5,03;0,495
753;13.07.2023;14:47:18;00:12:32;250,0;674,1;33,8;36,7;24,6;725,0;30,6;0,1;7,50E-2;-541,2;20,00;3,4;3,4;42,27;4,41;0,819;2,5;5,04;0,498
754;13.07.2023;14:47:19;00:12:33;250,2;674,1;33,9;36,7;24,6;725,0;30,6;0,1;7,49E-2;-541,2;20,00;3,4;3,4;42,29;4,42;0,763;2,5;5,02;0,498
755;13.07.2023;14:47:20;00:12:34;250,1;675,9;33,9;36,8;24,6;725,0;30,4;0,1;7,48E-2;-541,2;20,00;3,5;3,5;42,29;4,43;0,738;2,5;5,07;0,495
756;13.07.2023;14:47:21;00:12:35;250,0;675,9;34,0;36,8;24,6;725,0;30,5;0,1;7,46E-2;-541,2;20,00;3,5;3,4;42,31;4,44;0,693;2,5;5,03;0,494
757;13.07.2023;14:47:22;00:12:36;250,1;677,7;34,0;36,9;24,6;725,0;30,4;0,1;7,45E-2;-541,2;20,00;3,5;3,4;42,32;4,45;0,660;2,5;5,05;0,496
758;13.07.2023;14:47:23;00:12:37;250,2;677,7;34,0;36,9;24,6;725,0;30,4;0,1;7,45E-2;-541,2;20,00;3,5;3,5;42,32;4,46;0,649;2,5;5,02;0,493
759;13.07.2023;14:47:24;00:12:38;250,0;679,3;34,0;37,0;24,6;725,0;30,3;0,1;7,43E-2;-541,2;20,00;3,5;3,5;42,33;4,47;0,606;2,5;5,02;0,493
760;13.07.2023;14:47:25;00:12:39;250,0;679,3;34,1;37,0;24,6;725,0;30,3;0,1;7,42E-2;-541,2;20,00;3,5;3,5;42,34;4,48;0,571;2,5;5,04;0,494
761;13.07.2023;14:47:26;00:12:40;250,1;681,0;34,1;37,1;24,7;725,0;30,3;0,1;7,41E-2;-541,2;20,00;3,5;3,6;42,35;4,48;0,559;2,5;5,02;0,493
762;13.07.2023;14:47:27;00:12:41;250,3;681,0;34,1;37,1;24,7;725,0;30,2;0,1;7,40E-2;-541,2;20,00;3,6;3,5;42,36;4,49;0,533;2,5;5,02;0,494
763;13.07.2023;14:47:28;00:12:42;250,2;682,6;34,2;37,2;24,6;725,0;30,2;0,1;7,38E-2;-541,2;20,00;3,6;3,5;42,36;4,50;0,507;2,5;5,01;0,493
764;13.07.2023;14:47:29;00:12:43;250,0;682,6;34,2;37,2;24,6;725,0;30,1;0,1;7,37E-2;-541,2;20,00;3,6;3,6;42,37;4,50;0,496;2,5;5,03;0,496
765;13.07.2023;14:47:30;00:12:44;250,1;684,1;34,3;37,3;24,6;725,0;30,1;0,1;7,36E-2;-541,2;20,00;3,6;3,6;42,38;4,51;0,476;2,5;5,04;0,494
766;13.07.2023;14:47:31;00:12:45;250,3;684,1;34,3;37,3;24,6;725,0;30,1;0,1;7,35E-2;-541,2;20,00;3,6;3,6;42,38;4,52;0,462;2,5;5,00;0,493
767;13.07.2023;14:47:32;00:12:46;250,3;684,1;34,3;37,4;24,6;725,0;30,1;0,1;7,34E-2;-541,2;20,00;3,6;3,6;42,39;4,53;0,436;2,5;5,03;0,495
768;13.07.2023;14:47:33;00:12:47;250,2;685,5;34,3;37,4;24,6;725,0;30,0;0,1;7,33E-2;-541,1;20,00;3,7;3,7;42,40;4,53;0,426;2,5;5,01;0,493
769;13.07.2023;14:47:34;00:12:48;250,1;686,7;34,4;37,5;24,6;725,0;30,0;0,1;7,33E-2;-541,2;20,00;3,7;3,7;42,40;4,54;0,424;2,5;5,01;0,493
770;13.07.2023;14:47:35;00:12:49;250,1;686,7;34,4;37,5;24,7;725,0;29,9;0,1;7,32E-2;-541,2;20,00;3,7;3,7;42,41;4,55;0,411;2,4;4,99;0,493
771;13.07.2023;14:47:36;00:12:50;250,1;687,9;34,4;37,6;24,7;725,0;29,9;0,1;7,30E-2;-541,2;20,00;3,7;3,7;42,42;4,55;0,395;2,5;5,00;0,493
772;13.07.2023;14:47:37;00:12:51;250,1;687,9;34,4;37,6;24,7;725,0;29,9;0,1;7,30E-2;-541,2;20,00;3,7;3,7;42,42;4,56;0,386;2,4;5,00;0,493
773;13.07.2023;14:47:38;00:12:52;250,0;689,1;34,5;37,7;24,7;725,0;29,8;0,1;7,30E-2;-541,2;20,00;3,7;3,7;42,43;4,56;0,373;2,5;5,01;0,493
774;13.07.2023;14:47:39;00:12:53;250,0;689,1;34,6;37,8;24,7;725,0;29,9;0,1;7,28E-2;-541,2;20,00;3,7;3,8;42,44;4,57;0,365;2,5;4,98;0,493
775;13.07.2023;14:47:40;00:12:54;250,1;689,1;34,6;37,8;24,7;725,0;29,9;0,1;7,28E-2;-541,2;20,00;3,8;3,7;42,44;4,57;0,354;2,5;4,98;0,493
776;13.07.2023;14:47:41;00:12:55;250,0;690,2;34,6;37,8;24,8;725,0;29,8;0,1;7,26E-2;-541,2;20,00;3,8;3,8;42,44;4,58;0,353;2,5;4,99;0,493
777;13.07.2023;14:47:42;00:12:56;250,0;691,2;34,6;37,9;24,8;725,0;29,8;0,1;7,24E-2;-541,2;20,00;3,8;3,8;42,45;4,59;0,353;2,4;4,98;0,493
778;13.07.2023;14:47:43;00:12:57;250,2;691,2;34,6;37,9;24,8;725,0;29,8;0,1;7,24E-2;-541,2;20,00;3,8;3,8;42,46;4,59;0,344;2,5;4,99;0,493
779;13.07.2023;14:47:44;00:12:58;250,0;692,1;34,7;37,9;24,8;725,0;29,7;0,1;7,22E-2;-541,2;20,00;3,8;3,8;42,46;4,59;0,339;2,4;4,98;0,492
780;13.07.2023;14:47:45;00:12:59;250,1;692,1;34,6;37,9;24,8;725,0;29,7;0,1;7,21E-2;-541,2;20,00;3,8;3,8;42,47;4,60;0,328;2,4;4,93;0,493
781;13.07.2023;14:47:46;00:13:00;250,1;692,0;34,6;37,9;24,7;725,0;29,8;0,1;7,20E-2;-541,2;20,00;3,8;3,8;42,47;4,60;0,326;2,5;4,98;0,493
782;13.07.2023;14:47:47;00:13:01;250,0;692,9;34,6;37,9;24,7;725,0;29,7;0,1;7,19E-2;-541,2;20,00;3,9;3,9;42,48;4,61;0,328;2,5;4,97;0,494
783;13.07.2023;14:47:48;00:13:02;250,1;692,9;34,6;37,9;24,7;725,0;29,7;0,1;7,18E-2;-541,2;20,00;3,9;3,8;42,48;4,62;0,326;2,5;4,97;0,493
784;13.07.2023;14:47:49;00:13:03;250,1;693,8;34,6;38,0;24,7;725,0;29,7;0,1;7,16E-2;-541,2;20,00;3,9;3,8;42,49;4,62;0,329;2,5;5,00;0,493
785;13.07.2023;14:47:50;00:13:04;250,0;694,6;34,7;38,1;24,7;723,1;69,1;0,1;7,15E-2;-541,2;20,00;3,9;3,9;42,49;4,63;0,311;0,0;0,04;0,049
786;13.07.2023;14:47:51;00:13:05;250,0;694,6;34,7;38,1;24,7;721,7;69,3;0,1;7,14E-2;-541,2;20,00;3,9;3,9;42,50;4,63;0,304;0,0;0,01;0,049
787;13.07.2023;14:47:52;00:13:06;250,0;694,6;34,7;38,1;24,7;718,9;69,5;0,1;7,12E-2;-541,2;20,00;3,9;3,9;42,53;4,66;0,492;0,0;0,01;0,049
788;13.07.2023;14:47:53;00:13:07;250,0;695,2;34,7;38,1;24,6;716,1;69,7;0,1;7,10E-2;-541,2;20,00;3,9;3,9;42,56;4,69;0,724;0,0;0,01;0,049
789;13.07.2023;14:47:54;00:13:08;250,0;695,2;34,8;38,2;24,4;714,4;69,8;0,1;7,09E-2;-541,2;20,00;3,9;3,9;42,57;4,70;0,822;0,0;0,01;0,049
790;13.07.2023;14:47:55;00:13:09;250,0;695,2;34,8;38,2;24,4;711,6;69,9;0,1;7,06E-2;-541,2;20,00;3,9;3,8;42,58;4,72;0,913;0,0;0,01;0,049
791;13.07.2023;14:47:56;00:13:10;250,0;694,2;34,8;38,2;24,2;708,8;70,1;0,1;7,04E-2;-541,2;20,00;3,9;3,9;42,60;4,74;0,921;0,0;0,01;0,049
792;13.07.2023;14:47:57;00:13:11;250,0;694,2;34,8;38,2;24,2;707,4;70,2;0,1;7,03E-2;-541,2;20,00;3,9;3,9;42,61;4,74;0,902;0,0;0,01;0,049
793;13.07.2023;14:47:58;00:13:12;250,0;691,8;34,7;38,3;24,0;704,6;70,3;0,1;7,01E-2;-541,2;20,00;3,9;3,9;42,62;4,76;0,856;0,0;0,01;0,049
794;13.07.2023;14:47:59;00:13:13;250,0;691,8;34,7;38,3;24,0;703,1;70,4;0,1;7,00E-2;-541,2;20,00;3,9;4,0;42,63;4,76;0,832;0,0;0,01;0,049
795;13.07.2023;14:48:00;00:13:14;250,0;687,9;34,7;38,3;24,0;700,1;70,6;0,1;6,98E-2;-541,2;20,00;3,9;4,0;42,64;4,77;0,749;0,0;0,01;0,049
796;13.07.2023;14:48:01;00:13:15;250,0;687,9;34,7;38,3;23,9;697,3;70,7;0,1;6,95E-2;-541,2;20,00;3,9;3,9;42,65;4,78;0,675;0,0;0,01;0,049
797;13.07.2023;14:48:02;00:13:16;250,0;682,7;34,6;38,3;23,8;695,9;70,8;0,1;6,95E-2;-541,2;20,00;3,9;3,9;42,65;4,79;0,642;0,0;0,01;0,049
798;13.07.2023;14:48:03;00:13:17;250,0;682,7;34,6;38,3;23,8;693,0;70,9;0,1;6,92E-2;-541,2;20,00;3,9;3,9;42,66;4,79;0,569;0,0;0,01;0,049
799;13.07.2023;14:48:04;00:13:18;250,0;676,5;34,5;38,3;23,7;690,2;71,1;0,1;6,90E-2;-541,2;20,00;3,9;3,9;42,67;4,80;0,507;0,0;0,01;0,049
800;13.07.2023;14:48:05;00:13:19;250,0;676,5;34,6;38,4;23,7;688,8;71,1;0,1;6,89E-2;-541,2;20,00;3,9;3,9;42,67;4,81;0,482;0,0;0,01;0,049
801;13.07.2023;14:48:06;00:13:20;250,0;669,0;34,4;38,4;23,8;685,8;71,3;0,1;6,87E-2;-541,2;20,00;3,9;3,9;42,68;4,81;0,441;0,0;0,01;0,049
802;13.07.2023;14:48:07;00:13:21;250,0;669,0;34,2;38,4;23,8;682,9;71,4;0,1;6,85E-2;-541,2;20,00;3,9;4,0;42,69;4,82;0,404;0,0;0,01;0,049
803;13.07.2023;14:48:08;00:13:22;250,0;669,0;34,2;38,4;23,8;681,5;71,5;0,1;6,84E-2;-541,2;20,00;3,9;4,0;42,69;4,82;0,393;0,0;0,01;0,049
804;13.07.2023;14:48:09;00:13:23;250,0;661,0;34,2;38,3;23,8;678,7;71,6;0,1;6,82E-2;-541,2;20,00;3,9;3,9;42,69;4,83;0,357;0,0;0,00;0,049
805;13.07.2023;14:48:10;00:13:24;250,0;652,7;34,0;38,2;23,8;677,3;71,7;0,1;6,81E-2;-541,2;20,00;3,9;3,9;42,69;4,83;0,339;0,0;0,00;0,049
806;13.07.2023;14:48:11;00:13:25;250,0;652,7;34,0;38,2;23,7;674,5;71,8;0,1;6,79E-2;-541,2;20,00;3,9;4,0;42,70;4,84;0,306;0,0;0,01;0,049
807;13.07.2023;14:48:12;00:13:26;250,0;644,2;33,8;38,0;23,7;671,4;72,0;0,1;6,77E-2;-541,2;20,00;3,9;4,0;42,71;4,84;0,280;0,0;0,01;0,049
808;13.07.2023;14:48:13;00:13:27;250,0;644,2;33,8;38,0;23,7;670,0;72,0;0,1;6,76E-2;-541,2;20,00;3,9;3,9;42,71;4,84;0,273;0,0;0,00;0,049
809;13.07.2023;14:48:14;00:13:28;250,0;636,3;33,6;37,9;23,7;667,2;72,1;0,1;6,75E-2;-541,2;20,00;3,9;3,9;42,71;4,85;0,255;0,0;0,01;0,049
810;13.07.2023;14:48:15;00:13:29;250,0;636,3;33,4;37,9;23,7;664,4;72,3;0,1;6,73E-2;-541,2;20,00;3,9;3,8;42,72;4,85;0,240;0,0;0,00;0,049
811;13.07.2023;14:48:16;00:13:30;250,0;636,3;33,4;37,7;23,7;663,0;72,3;0,1;6,72E-2;-541,2;20,00;3,9;3,8;42,72;4,85;0,237;0,0;0,01;0,049
812;13.07.2023;14:48:17;00:13:31;250,0;628,3;33,4;37,7;23,7;660,1;72,4;0,1;6,70E-2;-541,2;20,00;3,9;3,8;42,72;4,86;0,227;0,0;0,01;0,049
813;13.07.2023;14:48:18;00:13:32;250,0;620,4;33,2;37,5;23,7;657,1;72,6;0,1;6,69E-2;-541,2;20,00;3,9;3,9;42,73;4,86;0,217;0,0;0,01;0,049
814;13.07.2023;14:48:19;00:13:33;250,0;620,4;33,2;37,5;23,7;655,7;72,6;0,1;6,68E-2;-541,2;20,00;3,9;3,9;42,73;4,86;0,213;0,0;0,01;0,049
815;13.07.2023;14:48:20;00:13:34;250,0;620,4;32,9;37,2;23,7;652,9;72,7;0,1;6,66E-2;-541,2;20,00;3,9;3,9;42,73;4,87;0,205;0,0;0,01;0,049
816;13.07.2023;14:48:21;00:13:35;250,0;612,3;32,9;37,2;23,7;650,0;72,8;0,1;6,65E-2;-541,2;20,00;3,9;3,9;42,73;4,87;0,198;0,0;0,00;0,049
817;13.07.2023;14:48:22;00:13:36;250,0;604,2;32,7;36,9;23,7;648,6;72,9;0,1;6,64E-2;-541,2;20,00;3,9;3,9;42,74;4,87;0,193;0,0;0,01;0,049
818;13.07.2023;14:48:23;00:13:37;250,0;604,2;32,7;36,9;23,7;645,8;73,0;0,1;6,63E-2;-541,2;20,00;3,9;3,8;42,74;4,88;0,191;0,0;0,01;0,049
819;13.07.2023;14:48:24;00:13:38;250,0;604,2;32,4;36,6;23,7;644,4;73,0;0,1;6,62E-2;-541,2;20,00;3,9;3,9;42,74;4,88;0,196;0,0;0,01;0,049
820;13.07.2023;14:48:25;00:13:39;250,0;596,2;32,4;36,6;23,7;641,3;73,1;0,1;6,60E-2;-541,2;20,00;3,9;3,9;42,75;4,88;0,192;0,0;0,01;0,049
821;13.07.2023;14:48:26;00:13:40;250,0;596,2;32,2;36,6;23,7;638,5;73,2;0,1;6,59E-2;-541,2;20,00;3,9;3,9;42,75;4,89;0,187;0,0;0,00;0,049
822;13.07.2023;14:48:27;00:13:41;250,0;587,7;32,2;36,3;23,7;637,1;73,3;0,1;6,58E-2;-541,2;20,00;3,9;3,9;42,75;4,89;0,181;0,0;0,00;0,049
823;13.07.2023;14:48:28;00:13:42;250,0;587,7;31,9;36,3;23,7;634,3;73,4;0,1;6,57E-2;-541,2;20,00;3,9;3,9;42,76;4,89;0,173;0,0;0,01;0,049
824;13.07.2023;14:48:29;00:13:43;250,0;579,7;31,9;35,9;23,7;631,5;73,5;0,1;6,56E-2;-541,2;20,00;3,9;4,0;42,76;4,89;0,174;0,0;0,01;0,049
825;13.07.2023;14:48:30;00:13:44;250,0;579,7;31,7;35,6;23,7;630,1;73,5;0,1;6,55E-2;-541,2;20,00;3,9;3,9;42,76;4,90;0,169;0,0;0,01;0,049
826;13.07.2023;14:48:31;00:13:45;250,0;571,7;31,7;35,6;23,7;627,0;73,6;0,1;6,54E-2;-541,2;20,00;3,9;3,9;42,76;4,90;0,157;0,0;0,00;0,049
827;13.07.2023;14:48:32;00:13:46;250,0;563,9;31,5;35,2;23,6;624,2;73,7;0,1;6,52E-2;-541,2;20,00;3,9;3,9;42,76;4,90;0,152;0,0;0,01;0,049
828;13.07.2023;14:48:33;00:13:47;250,0;563,9;31,5;35,2;23,6;622,8;73,7;0,1;6,51E-2;-541,2;20,00;3,9;3,9;42,77;4,90;0,149;0,0;0,00;0,049
829;13.07.2023;14:48:34;00:13:48;250,0;556,6;31,3;34,9;23,6;620,0;73,8;0,1;6,51E-2;-541,2;20,00;3,9;3,9;42,77;4,91;0,141;0,0;0,00;0,049
830;13.07.2023;14:48:35;00:13:49;250,0;556,6;31,1;34,9;23,6;617,1;73,9;0,1;6,50E-2;-541,2;20,00;3,9;3,8;42,77;4,91;0,142;0,0;0,01;0,049
831;13.07.2023;14:48:36;00:13:50;250,0;556,6;31,1;34,9;23,6;615,7;73,9;0,1;6,49E-2;-541,2;20,00;3,9;3,9;42,77;4,91;0,143;0,0;0,00;0,049
832;13.07.2023;14:48:37;00:13:51;250,0;549,4;31,1;34,5;23,6;612,7;74,0;0,1;6,48E-2;-541,2;20,00;3,9;4,0;42,78;4,91;0,150;0,0;0,00;0,049
833;13.07.2023;14:48:38;00:13:52;250,0;542,3;30,9;34,2;23,6;611,3;74,0;0,1;6,47E-2;-541,2;20,00;3,9;4,0;42,78;4,91;0,147;0,0;0,01;0,049
834;13.07.2023;14:48:39;00:13:53;250,0;542,3;30,9;34,2;23,6;608,4;74,1;0,1;6,46E-2;-541,2;20,00;3,9;4,0;42,78;4,92;0,143;0,0;0,01;0,049
835;13.07.2023;14:48:40;00:13:54;250,0;535,3;30,7;33,8;23,6;605,6;74,2;0,1;6,45E-2;-541,2;20,00;3,9;4,0;42,78;4,92;0,133;0,0;0,01;0,049
836;13.07.2023;14:48:41;00:13:55;250,0;535,3;30,7;33,8;23,6;604,2;74,2;0,1;6,45E-2;-541,2;20,00;3,9;4,0;42,78;4,92;0,131;0,0;0,01;0,049
837;13.07.2023;14:48:42;00:13:56;250,0;528,4;30,5;33,5;23,6;601,4;74,3;0,1;6,44E-2;-541,2;20,00;3,9;3,8;42,79;4,92;0,121;0,0;0,01;0,049
838;13.07.2023;14:48:43;00:13:57;250,0;528,4;30,3;33,2;23,6;598,3;74,3;0,1;6,42E-2;-541,2;20,00;3,9;3,8;42,79;4,92;0,116;0,0;0,01;0,049
839;13.07.2023;14:48:44;00:13:58;250,0;528,4;30,3;33,2;23,6;596,9;74,4;0,1;6,42E-2;-541,2;20,00;3,9;3,9;42,79;4,93;0,112;0,0;0,01;0,049
840;13.07.2023;14:48:45;00:13:59;250,0;521,5;30,3;33,1;23,5;594,1;74,4;0,1;6,41E-2;-541,2;20,00;3,9;3,9;42,79;4,93;0,107;0,0;0,00;0,049
841;13.07.2023;14:48:46;00:14:00;250,0;521,5;30,0;32,7;23,5;591,3;74,5;0,1;6,40E-2;-541,2;20,00;3,9;4,0;42,79;4,93;0,111;0,0;0,01;0,049
842;13.07.2023;14:48:47;00:14:01;250,0;514,2;30,0;32,7;23,5;589,9;74,5;0,1;6,39E-2;-541,2;20,00;3,9;4,0;42,79;4,93;0,111;0,0;0,01;0,049
843;13.07.2023;14:48:48;00:14:02;250,0;514,2;29,8;32,3;23,5;587,1;74,6;0,1;6,38E-2;-541,2;20,00;3,9;3,8;42,80;4,93;0,107;0,0;0,00;0,049
844;13.07.2023;14:48:49;00:14:03;250,0;507,1;29,8;32,3;23,5;585,7;74,6;0,1;6,38E-2;-541,2;20,00;3,9;3,9;42,80;4,93;0,108;0,0;0,00;0,049
845;13.07.2023;14:48:50;00:14:04;250,0;500,1;29,6;32,0;23,5;582,6;74,6;0,1;6,37E-2;-541,2;20,00;3,9;3,9;42,80;4,94;0,113;0,0;0,00;0,049
846;13.07.2023;14:48:51;00:14:05;250,0;500,1;29,4;32,0;23,5;579,8;74,7;0,1;6,36E-2;-541,2;20,00;3,9;3,9;42,80;4,94;0,112;0,0;0,01;0,049
847;13.07.2023;14:48:52;00:14:06;250,0;500,1;29,4;32,0;23,5;578,4;74,7;0,1;6,36E-2;-541,2;20,00;3,9;3,8;42,80;4,94;0,108;0,0;0,01;0,049
848;13.07.2023;14:48:53;00:14:07;250,0;493,1;29,4;31,6;23,5;575,5;74,7;0,1;6,35E-2;-541,2;20,00;3,9;4,0;42,81;4,94;0,110;0,0;0,01;0,049
849;13.07.2023;14:48:54;00:14:08;250,0;486,7;29,2;31,3;23,5;572,7;74,8;0,1;6,34E-2;-541,2;20,00;3,9;3,8;42,81;4,94;0,106;0,0;0,01;0,049
850;13.07.2023;14:48:55;00:14:09;250,0;486,7;29,2;31,3;23,5;571,3;74,8;0,1;6,33E-2;-541,2;20,00;3,9;3,8;42,81;4,94;0,104;0,0;0,01;0,049
851;13.07.2023;14:48:56;00:14:10;250,0;486,7;29,1;31,0;23,5;568,3;74,8;0,1;6,32E-2;-541,2;20,00;3,9;3,9;42,81;4,95;0,102;0,0;0,01;0,049
852;13.07.2023;14:48:57;00:14:11;250,0;480,4;29,1;31,0;23,5;565,4;74,9;0,1;6,31E-2;-541,2;20,00;3,9;3,8;42,81;4,95;0,098;0,0;0,00;0,049
853;13.07.2023;14:48:58;00:14:12;250,0;474,1;28,9;30,7;23,5;564,0;74,9;0,1;6,31E-2;-541,2;20,00;3,9;3,8;42,81;4,95;0,097;0,0;0,00;0,049
854;13.07.2023;14:48:59;00:14:13;250,0;474,1;28,9;30,7;23,5;561,2;74,9;0,1;6,30E-2;-541,2;20,00;3,9;3,9;42,82;4,95;0,097;0,0;0,01;0,049
855;13.07.2023;14:49:00;00:14:14;250,0;467,9;28,8;30,4;23,4;558,4;74,9;0,1;6,29E-2;-541,2;20,00;3,9;3,8;42,82;4,95;0,096;0,0;0,01;0,049
856;13.07.2023;14:49:01;00:14:15;250,0;467,9;28,8;30,4;23,4;557,0;74,9;0,1;6,28E-2;-541,2;20,00;3,9;3,9;42,82;4,95;0,097;0,0;0,01;0,049
857;13.07.2023;14:49:02;00:14:16;250,0;461,9;28,6;30,1;23,4;553,9;75,0;0,1;6,27E-2;-541,2;20,00;3,9;3,8;42,82;4,96;0,089;0,0;0,00;0,049
858;13.07.2023;14:49:03;00:14:17;250,0;461,9;28,6;30,1;23,4;552,5;75,0;0,1;6,27E-2;-541,2;20,00;3,9;3,9;42,82;4,96;0,095;0,0;0,01;0,049
859;13.07.2023;14:49:04;00:14:18;250,0;455,9;28,5;29,9;23,4;549,7;75,0;0,1;6,26E-2;-541,2;20,00;3,9;3,9;42,82;4,96;0,098;0,0;0,01;0,049
860;13.07.2023;14:49:05;00:14:19;250,0;455,9;28,5;29,9;23,4;546,9;75,0;0,1;6,26E-2;-541,2;20,00;3,9;3,9;42,82;4,96;0,095;0,0;0,01;0,049
861;13.07.2023;14:49:06;00:14:20;250,0;455,9;28,3;29,9;23,4;545,5;75,0;0,1;6,25E-2;-541,2;20,00;3,9;3,9;42,83;4,96;0,095;0,0;0,01;0,048
862;13.07.2023;14:49:07;00:14:21;250,0;449,3;28,3;29,6;23,4;542,6;75,0;0,1;6,24E-2;-541,2;20,00;3,9;3,9;42,83;4,96;0,093;0,0;0,00;0,049
863;13.07.2023;14:49:08;00:14:22;250,0;442,8;28,1;29,3;23,4;539,6;75,0;0,1;6,23E-2;-541,2;20,00;3,9;3,9;42,83;4,97;0,097;0,0;0,00;0,049
864;13.07.2023;14:49:09;00:14:23;250,0;442,8;28,1;29,3;23,4;538,2;75,0;0,1;6,22E-2;-541,2;20,00;3,9;3,9;42,83;4,97;0,096;0,0;0,00;0,049
865;13.07.2023;14:49:10;00:14:24;250,0;442,8;28,0;29,0;23,4;535,4;75,0;0,1;6,22E-2;-541,2;20,00;3,9;3,9;42,83;4,97;0,092;0,0;0,01;0,049
866;13.07.2023;14:49:11;00:14:25;250,0;436,5;28,0;29,0;23,4;532,5;75,0;0,1;6,21E-2;-541,2;20,00;3,9;4,0;42,83;4,97;0,087;0,0;0,01;0,049
867;13.07.2023;14:49:12;00:14:26;250,0;436,5;28,0;29,0;23,4;531,1;75,0;0,1;6,21E-2;-541,2;20,00;3,9;3,9;42,83;4,97;0,084;0,0;0,01;0,049
868;13.07.2023;14:49:13;00:14:27;250,0;430,1;27,8;28,7;23,4;528,3;75,0;0,1;6,20E-2;-541,2;20,00;3,9;3,8;42,84;4,97;0,083;0,0;0,01;0,049
869;13.07.2023;14:49:14;00:14:28;250,0;424,6;27,7;28,5;23,4;525,3;75,0;0,1;6,18E-2;-541,2;20,00;3,9;3,9;42,84;4,97;0,081;0,0;0,00;0,049
870;13.07.2023;14:49:15;00:14:29;250,0;424,6;27,7;28,5;23,4;523,8;75,0;0,1;6,18E-2;-541,2;20,00;3,9;3,9;42,84;4,97;0,080;0,0;0,01;0,049
871;13.07.2023;14:49:16;00:14:30;250,0;424,6;27,6;28,3;23,4;521,0;75,0;0,1;6,17E-2;-541,2;20,00;3,9;3,9;42,84;4,98;0,079;0,0;0,01;0,049
872;13.07.2023;14:49:17;00:14:31;250,0;419,0;27,6;28,3;23,4;519,6;75,0;0,1;6,17E-2;-541,2;20,00;3,9;4,0;42,84;4,98;0,083;0,0;0,01;0,049
873;13.07.2023;14:49:18;00:14:32;250,0;413,5;27,5;28,0;23,4;516,8;75,0;0,1;6,16E-2;-541,2;20,00;3,9;4,0;42,84;4,98;0,082;0,0;0,00;0,049
874;13.07.2023;14:49:19;00:14:33;250,0;413,5;27,5;28,0;23,4;514,0;75,0;0,1;6,15E-2;-541,2;20,00;3,9;3,9;42,84;4,98;0,083;0,0;0,01;0,049
875;13.07.2023;14:49:20;00:14:34;250,0;413,5;27,3;28,0;23,4;512,3;75,0;0,1;6,15E-2;-541,2;20,00;3,9;3,9;42,85;4,98;0,085;0,0;0,01;0,049
876;13.07.2023;14:49:21;00:14:35;250,0;408,1;27,3;27,8;23,4;509,5;75,0;0,1;6,14E-2;-541,2;20,00;3,9;4,0;42,85;4,98;0,092;0,0;0,00;0,049
877;13.07.2023;14:49:22;00:14:36;250,0;402,7;27,2;27,6;23,4;506,7;74,9;0,1;6,13E-2;-541,2;20,00;3,9;3,9;42,85;4,98;0,084;0,0;0,00;0,049
878;13.07.2023;14:49:23;00:14:37;250,0;402,7;27,2;27,6;23,4;505,3;74,9;0,1;6,12E-2;-541,2;20,00;3,9;3,9;42,85;4,99;0,083;0,0;0,00;0,049
879;13.07.2023;14:49:24;00:14:38;250,0;402,7;27,1;27,4;23,4;502,5;74,9;0,1;6,12E-2;-541,2;20,00;3,9;3,9;42,85;4,99;0,081;0,0;0,00;0,049
880;13.07.2023;14:49:25;00:14:39;250,0;397,4;27,1;27,4;23,4;499,6;74,9;0,1;6,11E-2;-541,2;20,00;3,9;3,9;42,85;4,99;0,079;0,0;0,01;0,049
881;13.07.2023;14:49:26;00:14:40;250,0;397,4;27,0;27,4;23,4;498,0;74,9;0,1;6,10E-2;-541,2;20,00;3,9;3,9;42,85;4,99;0,075;0,0;0,01;0,049
882;13.07.2023;14:49:27;00:14:41;250,0;391,8;27,0;27,2;23,4;495,2;74,8;0,1;6,09E-2;-541,2;20,00;3,9;3,8;42,85;4,99;0,075;0,0;0,00;0,049
883;13.07.2023;14:49:28;00:14:42;250,0;391,8;27,0;27,2;23,4;493,8;74,8;0,1;6,09E-2;-541,2;20,00;3,9;3,8;42,86;4,99;0,076;0,0;0,01;0,049
884;13.07.2023;14:49:29;00:14:43;250,0;386,2;26,8;27,0;23,4;490,9;74,8;0,1;6,08E-2;-541,2;20,00;3,9;3,9;42,86;4,99;0,074;0,0;0,00;0,049
885;13.07.2023;14:49:30;00:14:44;250,0;386,2;26,7;26,8;23,4;488,1;74,7;0,1;6,07E-2;-541,2;20,00;3,9;3,9;42,86;4,99;0,066;0,0;0,01;0,049
886;13.07.2023;14:49:31;00:14:45;250,0;380,7;26,7;26,8;23,3;486,7;74,7;0,1;6,07E-2;-541,2;20,00;3,9;3,9;42,86;4,99;0,065;0,0;0,01;0,049
887;13.07.2023;14:49:32;00:14:46;250,0;380,7;26,6;26,8;23,3;483,7;74,7;0,1;6,06E-2;-541,2;20,00;3,9;3,9;42,86;5,00;0,059;0,0;0,00;0,049
888;13.07.2023;14:49:33;00:14:47;250,0;375,3;26,6;26,6;23,3;480,8;74,6;0,1;6,05E-2;-541,2;20,00;3,9;3,8;42,86;5,00;0,059;0,0;0,00;0,049
889;13.07.2023;14:49:34;00:14:48;250,0;370,3;26,5;26,4;23,3;479,4;74,6;0,1;6,05E-2;-541,2;20,00;3,9;3,9;42,86;5,00;0,064;0,0;0,00;0,049
890;13.07.2023;14:49:35;00:14:49;250,0;370,3;26,5;26,4;23,3;476,6;74,6;0,1;6,04E-2;-541,2;20,00;3,9;4,0;42,86;5,00;0,062;0,0;0,00;0,049
891;13.07.2023;14:49:36;00:14:50;250,0;365,4;26,4;26,3;23,3;473,8;74,5;0,1;6,03E-2;-541,2;20,00;3,9;4,0;42,86;5,00;0,065;0,0;0,00;0,049
892;13.07.2023;14:49:37;00:14:51;250,0;365,4;26,4;26,3;23,3;472,4;74,5;0,1;6,02E-2;-541,2;20,00;3,9;3,9;42,87;5,00;0,063;0,0;0,01;0,049
893;13.07.2023;14:49:38;00:14:52;250,0;360,5;26,3;26,1;23,3;469,3;74,4;0,1;6,02E-2;-541,2;20,00;3,9;3,8;42,87;5,00;0,063;0,0;0,01;0,049
894;13.07.2023;14:49:39;00:14:53;250,0;360,5;26,2;25,9;23,3;466,5;74,4;0,1;6,01E-2;-541,2;20,00;3,9;3,9;42,87;5,00;0,066;0,0;0,00;0,049
895;13.07.2023;14:49:40;00:14:54;250,0;360,5;26,2;25,9;23,3;465,1;74,3;0,1;6,01E-2;-541,2;20,00;3,9;3,9;42,87;5,00;0,067;0,0;0,00;0,049
896;13.07.2023;14:49:41;00:14:55;250,0;355,8;26,2;25,9;23,3;462,3;74,3;0,1;6,00E-2;-541,2;20,00;3,9;3,9;42,87;5,00;0,056;0,0;0,00;0,049
897;13.07.2023;14:49:42;00:14:56;250,0;355,8;26,1;25,8;23,3;460,9;74,3;0,1;5,99E-2;-541,2;20,00;3,9;3,8;42,87;5,00;0,055;0,0;0,00;0,049
898;13.07.2023;14:49:43;00:14:57;250,0;351,0;26,1;25,8;23,3;458,0;74,2;0,1;5,98E-2;-541,2;20,00;3,9;3,8;42,87;5,01;0,051;0,0;0,00;0,049
899;13.07.2023;14:49:44;00:14:58;250,0;346,3;26,0;25,6;23,3;455,0;74,1;0,1;5,98E-2;-541,2;20,00;3,9;3,9;42,87;5,01;0,059;0,0;0,01;0,049
900;13.07.2023;14:49:45;00:14:59;250,0;346,3;26,0;25,6;23,3;453,6;74,1;0,1;5,97E-2;-541,2;20,00;3,9;3,9;42,87;5,01;0,061;0,0;0,00;0,049
901;13.07.2023;14:49:46;00:15:00;250,0;346,4;25,9;25,5;23,4;450,8;74,0;0,1;5,97E-2;-541,2;20,00;3,9;4,0;42,87;5,01;0,063;0,0;0,00;0,049
902;13.07.2023;14:49:47;00:15:01;250,0;341,4;25,9;25,5;23,3;447,9;73,9;0,1;5,96E-2;-541,2;20,00;3,9;3,9;42,88;5,01;0,064;0,0;0,01;0,049
903;13.07.2023;14:49:48;00:15:02;250,0;341,4;25,9;25,5;23,3;446,5;73,9;0,1;5,96E-2;-541,2;20,00;3,9;4,0;42,88;5,01;0,062;0,0;0,00;0,049
904;13.07.2023;14:49:49;00:15:03;250,0;336,4;25,8;25,4;23,3;443,7;73,8;0,1;5,94E-2;-541,2;20,00;3,9;3,9;42,88;5,01;0,058;0,0;0,01;0,049
905;13.07.2023;14:49:50;00:15:04;250,0;331,5;25,7;25,2;23,3;440,7;73,7;0,1;5,93E-2;-541,2;20,00;3,9;3,9;42,88;5,01;0,060;0,0;0,00;0,049
906;13.07.2023;14:49:51;00:15:05;250,0;331,5;25,7;25,2;23,3;439,2;73,7;0,1;5,92E-2;-541,2;20,00;3,9;3,8;42,88;5,01;0,060;0,0;0,00;0,049
907;13.07.2023;14:49:52;00:15:06;250,0;331,5;25,6;25,1;23,3;436,4;73,6;0,1;5,92E-2;-541,2;20,00;3,9;3,9;42,88;5,02;0,059;0,0;0,01;0,049
908;13.07.2023;14:49:53;00:15:07;250,0;326,5;25,6;25,1;23,3;433,6;73,5;0,1;5,91E-2;-541,2;20,00;3,9;3,8;42,88;5,02;0,052;0,0;0,01;0,049
909;13.07.2023;14:49:54;00:15:08;250,0;326,5;25,5;24,9;23,3;432,2;73,5;0,1;5,91E-2;-541,2;20,00;3,9;3,9;42,88;5,02;0,056;0,0;0,00;0,049
910;13.07.2023;14:49:55;00:15:09;250,0;321,9;25,5;24,9;23,3;429,4;73,4;0,1;5,90E-2;-541,2;20,00;3,9;3,8;42,88;5,02;0,052;0,0;0,01;0,049
911;13.07.2023;14:49:56;00:15:10;250,0;321,9;25,5;24,9;23,3;428,0;73,3;0,1;5,90E-2;-541,2;20,00;3,9;3,8;42,88;5,02;0,052;0,0;0,01;0,049
912;13.07.2023;14:49:57;00:15:11;250,0;317,4;25,4;24,8;23,3;424,9;73,2;0,1;5,89E-2;-541,2;20,00;3,9;3,9;42,88;5,02;0,050;0,0;0,00;0,049
913;13.07.2023;14:49:58;00:15:12;250,0;312,9;25,3;24,7;23,3;422,1;73,1;0,1;5,88E-2;-541,2;20,00;3,9;3,8;42,88;5,02;0,048;0,0;0,01;0,049
914;13.07.2023;14:49:59;00:15:13;250,0;312,9;25,3;24,7;23,3;420,7;73,1;0,1;5,88E-2;-541,2;20,00;3,9;3,9;42,89;5,02;0,048;0,0;0,00;0,049
915;13.07.2023;14:50:00;00:15:14;250,0;312,9;25,2;24,7;23,3;417,9;73,0;0,1;5,87E-2;-541,2;20,00;3,9;3,9;42,89;5,02;0,048;0,0;0,01;0,049
916;13.07.2023;14:50:01;00:15:15;250,0;308,6;25,2;24,6;23,3;415,0;72,9;0,1;5,87E-2;-541,2;20,00;3,9;3,9;42,89;5,02;0,048;0,0;0,00;0,049
917;13.07.2023;14:50:02;00:15:16;250,0;304,4;25,1;24,4;23,3;413,6;72,8;0,1;5,86E-2;-541,2;20,00;3,9;3,9;42,89;5,02;0,048;0,0;0,00;0,049
918;13.07.2023;14:50:03;00:15:17;250,0;304,4;25,1;24,4;23,3;410,6;72,7;0,1;5,85E-2;-541,2;20,00;3,9;3,9;42,89;5,02;0,047;0,0;0,01;0,049
919;13.07.2023;14:50:04;00:15:18;250,0;300,2;25,0;24,3;23,2;407,8;72,6;0,1;5,84E-2;-541,2;20,00;3,9;3,9;42,89;5,03;0,048;0,0;0,01;0,049
920;13.07.2023;14:50:05;00:15:19;250,0;300,2;25,0;24,3;23,2;406,3;72,6;0,1;5,84E-2;-541,2;20,00;3,9;3,9;42,89;5,03;0,050;0,0;0,00;0,049
921;13.07.2023;14:50:06;00:15:20;250,0;300,2;24,9;24,3;23,2;403,5;72,5;0,1;5,83E-2;-541,2;20,00;3,9;3,9;42,89;5,03;0,055;0,0;0,01;0,049
922;13.07.2023;14:50:07;00:15:21;250,0;295,7;24,9;24,2;23,2;402,1;72,4;0,1;5,83E-2;-541,2;20,00;3,9;3,9;42,89;5,03;0,053;0,0;0,01;0,049
923;13.07.2023;14:50:08;00:15:22;250,0;295,7;24,9;24,2;23,2;399,3;72,3;0,1;5,82E-2;-541,2;20,00;3,9;3,9;42,89;5,03;0,053;0,0;0,01;0,049
924;13.07.2023;14:50:09;00:15:23;250,0;291,2;24,8;24,0;23,2;396,2;72,2;0,1;5,81E-2;-541,2;20,00;3,9;3,9;42,89;5,03;0,053;0,0;0,01;0,049
925;13.07.2023;14:50:10;00:15:24;250,0;291,2;24,7;23,9;23,2;394,8;72,1;0,1;5,81E-2;-541,2;20,00;3,9;3,9;42,89;5,03;0,054;0,0;0,00;0,049
926;13.07.2023;14:50:11;00:15:25;250,0;286,9;24,7;23,9;23,2;392,0;72,0;0,1;5,80E-2;-541,2;20,00;3,9;3,8;42,89;5,03;0,050;0,0;0,00;0,049
927;13.07.2023;14:50:12;00:15:26;250,0;286,9;24,6;23,8;23,2;389,2;71,8;0,1;5,79E-2;-541,2;20,00;3,9;3,9;42,90;5,03;0,048;0,0;0,00;0,049
928;13.07.2023;14:50:13;00:15:27;250,0;282,5;24,6;23,8;23,2;387,8;71,8;0,1;5,78E-2;-541,2;20,00;3,9;4,0;42,90;5,03;0,049;0,0;0,00;0,049
929;13.07.2023;14:50:14;00:15:28;250,0;278,6;24,5;23,7;23,2;385,0;71,6;0,1;5,78E-2;-541,2;20,00;3,9;3,9;42,90;5,03;0,049;0,0;0,01;0,049
930;13.07.2023;14:50:15;00:15:29;250,0;278,6;24,5;23,7;23,2;381,9;71,5;0,1;5,77E-2;-541,2;20,00;3,9;3,8;42,90;5,03;0,040;0,0;0,00;0,049
931;13.07.2023;14:50:16;00:15:30;250,0;278,6;24,5;23,7;23,2;380,5;71,4;0,1;5,77E-2;-541,2;20,00;3,9;3,9;42,90;5,04;0,041;0,0;0,00;0,049
932;13.07.2023;14:50:17;00:15:31;250,0;274,7;24,4;23,6;23,2;377,7;71,3;0,1;5,77E-2;-541,2;20,00;3,9;3,9;42,90;5,04;0,040;0,0;0,00;0,049
933;13.07.2023;14:50:18;00:15:32;250,0;270,7;24,4;23,5;23,2;374,9;71,2;0,1;5,76E-2;-541,2;20,00;3,9;4,0;42,90;5,04;0,044;0,0;0,01;0,049
934;13.07.2023;14:50:19;00:15:33;250,0;270,7;24,4;23,5;23,1;373,4;71,1;0,1;5,76E-2;-541,2;20,00;3,9;3,9;42,90;5,04;0,042;0,0;0,01;0,049
935;13.07.2023;14:50:20;00:15:34;250,0;270,7;24,3;23,5;23,1;370,6;71,0;0,1;5,75E-2;-541,2;20,00;3,9;3,9;42,90;5,04;0,047;0,0;0,01;0,049
936;13.07.2023;14:50:21;00:15:35;250,0;266,9;24,3;23,4;23,1;369,0;70,9;0,1;5,74E-2;-541,2;20,00;3,9;3,9;42,90;5,04;0,047;0,0;0,01;0,049
937;13.07.2023;14:50:22;00:15:36;250,0;263,0;24,2;23,3;23,1;366,2;70,7;0,1;5,74E-2;-541,2;20,00;3,9;3,8;42,90;5,04;0,051;0,0;0,01;0,049
938;13.07.2023;14:50:23;00:15:37;250,0;263,0;24,2;23,3;23,1;363,3;70,6;0,1;5,73E-2;-541,2;20,00;3,9;3,9;42,90;5,04;0,051;0,0;0,01;0,049
939;13.07.2023;14:50:24;00:15:38;250,0;263,0;24,1;23,2;23,1;361,9;70,5;0,1;5,73E-2;-541,2;20,00;3,9;4,0;42,90;5,04;0,050;0,0;0,00;0,049
940;13.07.2023;14:50:25;00:15:39;250,0;259,2;24,1;23,2;23,1;359,1;70,3;0,1;5,72E-2;-541,2;20,00;3,9;3,9;42,91;5,04;0,045;0,0;0,00;0,049
941;13.07.2023;14:50:26;00:15:40;250,0;259,3;24,0;23,3;23,1;356,3;70,2;0,1;5,72E-2;-541,2;20,00;3,9;3,9;42,91;5,04;0,048;0,0;0,00;0,049
942;13.07.2023;14:50:27;00:15:41;250,0;255,3;24,0;23,2;23,1;354,6;70,1;0,1;5,71E-2;-541,2;20,00;3,9;3,9;42,91;5,04;0,046;0,0;0,00;0,049
943;13.07.2023;14:50:28;00:15:42;250,0;255,3;24,0;23,2;23,1;351,8;69,9;0,1;5,71E-2;-541,2;20,00;3,9;3,9;42,91;5,04;0,045;0,0;0,01;0,049
944;13.07.2023;14:50:29;00:15:43;250,0;251,3;24,0;23,1;23,1;349,0;69,8;0,1;5,71E-2;-541,2;20,00;3,9;3,9;42,91;5,04;0,040;0,0;0,01;0,049
945;13.07.2023;14:50:30;00:15:44;250,0;251,3;23,9;23,0;23,1;347,6;69,7;0,1;5,70E-2;-541,2;20,00;3,9;3,8;42,91;5,04;0,041;0,0;0,01;0,049
946;13.07.2023;14:50:31;00:15:45;250,0;247,4;23,9;23,0;23,1;344,8;69,5;0,1;5,69E-2;-541,2;20,00;3,9;3,9;42,91;5,05;0,041;0,0;0,00;0,049
947;13.07.2023;14:50:32;00:15:46;250,0;243,5;23,8;22,9;23,1;342,0;69,4;0,1;5,68E-2;-541,2;20,00;3,9;3,9;42,91;5,05;0,040;0,0;0,01;0,049
948;13.07.2023;14:50:33;00:15:47;250,0;243,5;23,8;22,9;23,1;340,3;69,3;0,1;5,67E-2;-541,2;20,00;3,9;3,9;42,91;5,05;0,039;0,0;0,01;0,049
949;13.07.2023;14:50:34;00:15:48;250,0;239,9;23,7;22,8;23,1;337,5;69,1;0,1;5,67E-2;-541,2;20,00;3,9;3,8;42,91;5,05;0,041;0,0;0,01;0,049
950;13.07.2023;14:50:35;00:15:49;250,0;239,9;23,7;22,8;23,1;336,1;69,0;0,1;5,67E-2;-541,2;20,00;3,9;3,9;42,91;5,05;0,045;0,0;0,00;0,049
951;13.07.2023;14:50:36;00:15:50;250,0;239,9;23,6;22,8;23,1;333,3;68,8;0,1;5,66E-2;-541,2;20,00;3,9;4,0;42,91;5,05;0,047;0,0;0,00;0,049
952;13.07.2023;14:50:37;00:15:51;250,0;236,4;23,6;22,7;23,1;330,4;68,7;0,1;5,66E-2;-541,2;20,00;3,9;3,9;42,91;5,05;0,046;0,0;0,01;0,049
953;13.07.2023;14:50:38;00:15:52;250,0;236,4;23,6;22,6;23,1;329,0;68,6;0,1;5,65E-2;-541,2;20,00;3,9;3,8;42,91;5,05;0,043;0,0;0,01;0,049
954;13.07.2023;14:50:39;00:15:53;250,0;232,8;23,6;22,6;23,0;326,0;68,4;0,1;5,64E-2;-541,2;20,00;3,9;3,9;42,92;5,05;0,044;0,0;0,01;0,049
955;13.07.2023;14:50:40;00:15:54;250,0;229,2;23,5;22,5;23,0;323,2;68,2;0,1;5,63E-2;-541,2;20,00;3,9;3,9;42,92;5,05;0,038;0,0;0,01;0,049
956;13.07.2023;14:50:41;00:15:55;250,0;229,2;23,5;22,5;23,0;321,7;68,1;0,1;5,63E-2;-541,2;20,00;3,9;3,9;42,92;5,05;0,039;0,0;0,00;0,049
957;13.07.2023;14:50:42;00:15:56;250,0;225,7;23,4;22,5;23,0;318,9;67,9;0,1;5,62E-2;-541,2;20,00;3,9;3,9;42,92;5,05;0,040;0,0;0,00;0,049
958;13.07.2023;14:50:43;00:15:57;250,0;225,7;23,3;22,5;23,0;316,1;67,7;0,1;5,62E-2;-541,2;20,00;3,9;3,9;42,92;5,06;0,040;0,0;0,00;0,049
959;13.07.2023;14:50:44;00:15:58;250,0;225,7;23,3;22,5;23,0;314,7;67,6;0,1;5,61E-2;-541,2;20,00;3,9;3,9;42,92;5,05;0,040;0,0;0,00;0,049
960;13.07.2023;14:50:45;00:15:59;250,0;222,1;23,3;22,4;23,1;311,6;67,4;0,1;5,61E-2;-541,2;20,00;3,9;3,9;42,92;5,06;0,044;0,0;0,01;0,049
961;13.07.2023;14:50:46;00:16:00;250,0;222,1;23,4;22,5;23,1;310,2;67,3;0,1;5,60E-2;-541,2;20,00;3,9;3,9;42,92;5,06;0,039;0,0;0,00;0,049
962;13.07.2023;14:50:47;00:16:01;250,0;218,6;23,4;22,4;23,1;307,4;67,1;0,1;5,60E-2;-541,2;20,00;3,9;3,9;42,92;5,06;0,040;0,0;0,00;0,049
963;13.07.2023;14:50:48;00:16:02;250,0;218,6;23,3;22,3;23,1;304,6;66,9;0,1;5,59E-2;-541,2;20,00;3,9;3,8;42,92;5,06;0,038;0,0;0,00;0,049
964;13.07.2023;14:50:49;00:16:03;250,0;215,1;23,3;22,3;23,1;303,2;66,8;0,1;5,58E-2;-541,2;20,00;3,9;3,8;42,92;5,06;0,038;0,0;0,01;0,049
965;13.07.2023;14:50:50;00:16:04;250,0;215,1;23,2;22,3;23,1;300,4;66,6;0,1;5,57E-2;-541,2;20,00;3,9;3,9;42,92;5,06;0,036;0,0;0,01;0,049
966;13.07.2023;14:50:51;00:16:05;250,0;211,5;23,2;22,2;23,1;297,3;66,4;0,1;5,57E-2;-541,2;20,00;3,9;3,9;42,92;5,06;0,037;0,0;0,00;0,049
967;13.07.2023;14:50:52;00:16:06;250,0;211,5;23,2;22,2;23,1;295,9;66,3;0,1;5,56E-2;-541,2;20,00;3,9;3,9;42,92;5,06;0,037;0,0;0,00;0,049
968;13.07.2023;14:50:53;00:16:07;250,0;208,1;23,2;22,2;23,1;293,1;66,1;0,1;5,56E-2;-541,2;20,00;3,9;3,8;42,92;5,06;0,033;0,0;0,01;0,049
969;13.07.2023;14:50:54;00:16:08;250,0;208,1;23,1;22,1;23,1;290,3;65,9;0,1;5,55E-2;-541,2;20,00;3,9;3,9;42,93;5,06;0,037;0,0;0,01;0,049
970;13.07.2023;14:50:55;00:16:09;250,0;204,8;23,1;22,1;23,1;288,8;65,7;0,1;5,55E-2;-541,2;20,00;3,9;3,8;42,93;5,06;0,035;0,0;0,00;0,049
971;13.07.2023;14:50:56;00:16:10;250,0;204,8;23,0;22,1;23,1;286,0;65,5;0,1;5,54E-2;-541,2;20,00;3,9;3,9;42,93;5,06;0,036;0,0;0,00;0,049
972;13.07.2023;14:50:57;00:16:11;250,0;201,7;23,0;22,0;23,0;283,0;65,3;0,1;5,53E-2;-541,2;20,00;3,9;3,9;42,93;5,06;0,036;0,0;0,00;0,049
973;13.07.2023;14:50:58;00:16:12;250,0;198,6;23,0;22,0;23,0;281,6;65,2;0,1;5,53E-2;-541,2;20,00;3,9;4,0;42,93;5,06;0,039;0,0;0,00;0,049
974;13.07.2023;14:50:59;00:16:13;250,0;198,6;23,0;22,0;23,0;278,7;65,0;0,1;5,52E-2;-541,2;20,00;3,9;3,9;42,93;5,06;0,037;0,0;0,00;0,049
975;13.07.2023;14:51:00;00:16:14;250,0;198,6;23,0;22,0;23,0;277,3;64,8;0,1;5,52E-2;-541,2;20,00;3,9;3,9;42,93;5,07;0,041;0,0;0,00;0,049
976;13.07.2023;14:51:01;00:16:15;250,0;195,5;22,9;21,9;23,0;274,5;64,6;0,1;5,51E-2;-541,2;20,00;3,9;3,9;42,93;5,07;0,037;0,0;0,00;0,049
977;13.07.2023;14:51:02;00:16:16;250,0;192,4;22,8;21,8;23,0;271,7;64,4;0,1;5,51E-2;-541,2;20,00;3,9;4,0;42,93;5,07;0,042;0,0;0,01;0,049
978;13.07.2023;14:51:03;00:16:17;250,0;192,4;22,8;21,8;23,0;270,3;64,3;0,1;5,50E-2;-541,2;20,00;3,9;3,9;42,93;5,07;0,041;0,0;0,00;0,049
979;13.07.2023;14:51:04;00:16:18;250,0;192,4;22,8;21,8;23,0;267,2;64,0;0,1;5,49E-2;-541,2;20,00;3,9;4,0;42,93;5,07;0,042;0,0;0,01;0,049
980;13.07.2023;14:51:05;00:16:19;250,0;189,4;22,8;21,8;23,0;264,4;63,8;0,1;5,48E-2;-541,2;20,00;3,9;3,9;42,93;5,07;0,037;0,0;0,00;0,049
981;13.07.2023;14:51:06;00:16:20;250,0;189,4;22,6;21,7;23,0;263,0;63,7;0,1;5,48E-2;-541,2;20,00;3,9;3,9;42,93;5,07;0,037;0,0;0,00;0,049
982;13.07.2023;14:51:07;00:16:21;250,0;186,2;22,6;21,7;23,0;260,2;63,4;0,1;5,47E-2;-541,2;20,00;3,9;3,9;42,93;5,07;0,037;0,0;0,01;0,049
983;13.07.2023;14:51:08;00:16:22;250,0;183,1;22,6;21,6;23,0;257,4;63,2;0,1;5,47E-2;-541,2;20,00;3,9;3,9;42,93;5,07;0,041;0,0;0,00;0,049
984;13.07.2023;14:51:09;00:16:23;250,0;183,1;22,6;21,6;22,9;255,9;63,1;0,1;5,47E-2;-541,2;20,00;3,9;3,9;42,94;5,07;0,043;0,0;0,00;0,049
985;13.07.2023;14:51:10;00:16:24;250,0;183,1;22,5;21,6;22,9;252,9;62,8;0,1;5,46E-2;-541,2;20,00;3,9;3,9;42,94;5,07;0,037;0,0;0,01;0,049
986;13.07.2023;14:51:11;00:16:25;250,0;179,9;22,5;21,5;22,9;250,1;62,5;0,1;5,45E-2;-541,2;20,00;3,9;3,9;42,94;5,07;0,036;0,0;0,01;0,049
987;13.07.2023;14:51:12;00:16:26;250,0;179,9;22,5;21,5;22,9;248,7;62,4;0,1;5,45E-2;-541,2;20,00;3,9;4,0;42,94;5,07;0,039;0,0;0,00;0,049
988;13.07.2023;14:51:13;00:16:27;250,0;176,9;22,5;21,5;22,9;245,8;62,2;0,1;5,44E-2;-541,2;20,00;3,9;3,9;42,94;5,07;0,038;0,0;0,01;0,049
989;13.07.2023;14:51:14;00:16:28;250,0;176,9;22,4;21,5;22,9;244,4;62,0;0,1;5,43E-2;-541,2;20,00;3,9;3,9;42,94;5,07;0,037;0,0;0,01;0,049
990;13.07.2023;14:51:15;00:16:29;250,0;174,0;22,4;21,4;22,9;241,6;61,8;0,1;5,43E-2;-541,2;20,00;3,9;3,9;42,94;5,07;0,031;0,0;0,00;0,048
991;13.07.2023;14:51:16;00:16:30;250,0;174,0;22,3;21,3;22,9;238,6;61,5;0,1;5,42E-2;-541,2;20,00;3,9;3,9;42,94;5,07;0,032;0,0;0,01;0,049
992;13.07.2023;14:51:17;00:16:31;250,0;171,3;22,3;21,3;22,9;237,1;61,4;0,1;5,42E-2;-541,2;20,00;3,9;3,9;42,94;5,08;0,031;0,0;0,01;0,049
993;13.07.2023;14:51:18;00:16:32;250,0;168,5;22,3;21,3;22,9;234,3;61,1;0,1;5,41E-2;-541,2;20,00;3,9;3,9;42,94;5,08;0,029;0,0;0,00;0,049
994;13.07.2023;14:51:19;00:16:33;250,0;168,5;22,3;21,3;22,9;231,5;60,8;0,1;5,41E-2;-541,2;20,00;3,9;3,9;42,94;5,08;0,028;0,0;0,00;0,049
995;13.07.2023;14:51:20;00:16:34;250,0;168,5;22,2;21,3;22,9;230,1;60,7;0,1;5,40E-2;-541,2;20,00;3,9;4,0;42,94;5,08;0,029;0,0;0,01;0,049
996;13.07.2023;14:51:21;00:16:35;250,0;165,8;22,2;21,2;22,9;227,3;60,4;0,1;5,40E-2;-541,2;20,00;3,9;3,9;42,94;5,08;0,029;0,0;0,01;0,049
997;13.07.2023;14:51:22;00:16:36;250,0;163,0;22,2;21,2;22,9;224,2;60,1;0,1;5,39E-2;-541,2;20,00;3,9;3,9;42,94;5,08;0,028;0,0;0,00;0,049
998;13.07.2023;14:51:23;00:16:37;250,0;163,0;22,2;21,2;22,9;222,8;60,0;0,1;5,38E-2;-541,2;20,00;3,9;4,0;42,94;5,08;0,031;0,0;0,01;0,049
999;13.07.2023;14:51:24;00:16:38;250,0;163,0;22,1;21,2;22,9;220,0;59,7;0,1;5,38E-2;-541,2;20,00;3,9;4,0;42,94;5,08;0,034;0,0;0,00;0,049
1000;13.07.2023;14:51:25;00:16:39;250,0;160,3;22,1;21,1;22,9;218,6;59,6;0,1;5,38E-2;-541,2;20,00;3,9;3,9;42,94;5,08;0,033;0,0;0,01;0,049
1001;13.07.2023;14:51:26;00:16:40;250,0;160,2;22,1;21,1;22,9;215,8;59,3;0,1;5,37E-2;-541,2;20,00;3,9;3,9;42,94;5,08;0,027;0,0;0,01;0,049
1002;13.07.2023;14:51:27;00:16:41;250,0;157,3;22,0;21,0;22,8;212,9;59,0;0,1;5,37E-2;-541,2;20,00;3,9;3,9;42,94;5,08;0,029;0,0;0,01;0,049
1003;13.07.2023;14:51:28;00:16:42;250,0;157,3;22,0;21,0;22,8;211,5;58,9;0,1;5,36E-2;-541,2;20,00;3,9;3,9;42,94;5,08;0,029;0,0;0,00;0,049
1004;13.07.2023;14:51:29;00:16:43;250,0;157,3;21,9;21,0;22,8;208,5;58,6;0,1;5,36E-2;-541,2;20,00;3,9;3,9;42,95;5,08;0,031;0,0;0,00;0,049
1005;13.07.2023;14:51:30;00:16:44;250,0;154,4;21,9;21,0;22,8;205,7;58,3;0,1;5,35E-2;-541,2;20,00;3,9;3,9;42,94;5,08;0,031;0,0;0,01;0,049
1006;13.07.2023;14:51:31;00:16:45;250,0;151,5;21,9;20,9;22,8;204,2;58,1;0,1;5,35E-2;-541,2;20,00;3,9;3,9;42,95;5,08;0,030;0,0;0,00;0,049
1007;13.07.2023;14:51:32;00:16:46;250,0;151,5;21,9;20,9;22,8;201,4;57,9;0,1;5,34E-2;-541,2;20,00;3,9;3,9;42,95;5,08;0,032;0,0;0,00;0,049
1008;13.07.2023;14:51:33;00:16:47;250,0;148,8;21,8;20,9;22,8;198,6;57,6;0,1;5,33E-2;-541,2;20,00;3,9;3,9;42,95;5,08;0,028;0,0;0,00;0,049
1009;13.07.2023;14:51:34;00:16:48;250,0;148,8;21,8;20,9;22,8;197,2;57,4;0,1;5,33E-2;-541,2;20,00;3,9;3,9;42,95;5,08;0,029;0,0;0,01;0,049
1010;13.07.2023;14:51:35;00:16:49;250,0;146,3;21,8;20,8;22,8;194,1;57,1;0,1;5,33E-2;-541,2;20,00;3,9;3,9;42,95;5,08;0,030;0,0;0,00;0,049
1011;13.07.2023;14:51:36;00:16:50;250,0;143,8;21,7;20,8;22,8;191,3;56,8;0,1;5,32E-2;-541,2;20,00;3,9;3,9;42,95;5,08;0,030;0,0;0,01;0,049
1012;13.07.2023;14:51:37;00:16:51;250,0;143,8;21,7;20,8;22,8;189,9;56,6;0,1;5,32E-2;-541,2;20,00;3,9;3,9;42,95;5,09;0,031;0,0;0,00;0,049
1013;13.07.2023;14:51:38;00:16:52;250,0;143,8;21,7;20,7;22,8;187,1;56,3;0,1;5,31E-2;-541,2;20,00;3,9;3,9;42,95;5,09;0,032;0,0;0,01;0,049
1014;13.07.2023;14:51:39;00:16:53;250,0;141,3;21,7;20,7;22,8;185,7;56,2;0,1;5,31E-2;-541,2;20,00;3,9;3,9;42,95;5,09;0,029;0,0;0,00;0,049
1015;13.07.2023;14:51:40;00:16:54;250,0;141,3;21,7;20,7;22,8;182,9;55,9;0,1;5,30E-2;-541,2;20,00;3,9;3,9;42,95;5,09;0,029;0,0;0,00;0,049
1016;13.07.2023;14:51:41;00:16:55;250,0;138,9;21,6;20,7;22,8;179,8;55,5;0,1;5,30E-2;-541,2;20,00;3,9;3,8;42,95;5,09;0,030;0,0;0,01;0,049
1017;13.07.2023;14:51:42;00:16:56;250,0;138,9;21,6;20,6;22,8;178,4;55,4;0,1;5,29E-2;-541,2;20,00;3,9;3,9;42,95;5,09;0,034;0,0;0,00;0,049
1018;13.07.2023;14:51:43;00:16:57;250,0;136,5;21,6;20,6;22,7;175,6;55,1;0,1;5,29E-2;-541,2;20,00;3,9;3,9;42,95;5,09;0,029;0,0;0,01;0,049
1019;13.07.2023;14:51:44;00:16:58;250,0;136,5;21,6;20,6;22,7;172,8;54,7;0,1;5,28E-2;-541,2;20,00;3,9;3,9;42,95;5,09;0,027;0,0;0,01;0,049
1020;13.07.2023;14:51:45;00:16:59;250,0;134,2;21,6;20,6;22,7;171,3;54,6;0,1;5,28E-2;-541,2;20,00;3,9;3,9;42,95;5,09;0,027;0,0;0,00;0,049
1021;13.07.2023;14:51:46;00:17:00;250,0;134,2;21,6;20,6;22,8;168,5;54,3;0,1;5,28E-2;-541,2;20,00;3,9;3,9;42,95;5,09;0,028;0,0;0,01;0,049
1022;13.07.2023;14:51:47;00:17:01;250,0;131,7;21,5;20,5;22,8;165,5;53,9;0,1;5,27E-2;-541,2;20,00;3,9;3,9;42,95;5,09;0,025;0,0;0,00;0,049
1023;13.07.2023;14:51:48;00:17:02;250,0;131,7;21,5;20,5;22,8;164,1;53,7;0,1;5,27E-2;-541,2;20,00;3,9;3,9;42,95;5,09;0,029;0,0;0,00;0,049
1024;13.07.2023;14:51:49;00:17:03;250,0;129,2;21,5;20,5;22,8;161,2;53,4;0,1;5,26E-2;-541,2;20,00;3,9;3,9;42,95;5,09;0,026;0,0;0,01;0,049
1025;13.07.2023;14:51:50;00:17:04;250,0;129,2;21,4;20,5;22,7;158,4;53,1;0,1;5,25E-2;-541,2;20,00;3,9;3,9;42,96;5,09;0,024;0,0;0,01;0,049
1026;13.07.2023;14:51:51;00:17:05;250,0;126,8;21,4;20,4;22,7;157,0;52,9;0,1;5,25E-2;-541,2;20,00;3,9;3,9;42,96;5,09;0,025;0,0;0,00;0,049
1027;13.07.2023;14:51:52;00:17:06;250,0;126,8;21,4;20,4;22,7;154,2;52,6;0,1;5,25E-2;-541,2;20,00;3,9;3,9;42,96;5,09;0,026;0,0;0,01;0,049
1028;13.07.2023;14:51:53;00:17:07;250,0;124,4;21,4;20,4;22,7;152,5;52,4;0,1;5,24E-2;-541,2;20,00;3,9;3,9;42,96;5,09;0,028;0,0;0,01;0,049
1029;13.07.2023;14:51:54;00:17:08;250,0;124,4;21,3;20,4;22,7;149,7;52,1;0,1;5,24E-2;-541,2;20,00;3,9;3,8;42,96;5,09;0,026;0,0;0,01;0,049
1030;13.07.2023;14:51:55;00:17:09;250,0;122,3;21,3;20,3;22,7;146,9;51,7;0,1;5,24E-2;-541,2;20,00;3,9;3,9;42,96;5,09;0,030;0,0;0,01;0,049
1031;13.07.2023;14:51:56;00:17:10;250,0;122,3;21,3;20,3;22,7;145,5;51,5;0,1;5,24E-2;-541,2;20,00;3,9;3,9;42,96;5,09;0,029;0,0;0,00;0,049
1032;13.07.2023;14:51:57;00:17:11;250,0;120,1;21,3;20,3;22,7;142,7;51,2;0,1;5,23E-2;-541,2;20,00;3,9;3,9;42,96;5,09;0,031;0,0;0,01;0,049
1033;13.07.2023;14:51:58;00:17:12;250,0;120,1;21,2;20,3;22,7;139,9;50,8;0,1;5,22E-2;-541,2;20,00;3,9;3,9;42,96;5,09;0,029;0,0;0,00;0,049
1034;13.07.2023;14:51:59;00:17:13;250,0;118,1;21,2;20,3;22,7;138,2;50,6;0,1;5,22E-2;-541,2;20,00;3,9;3,9;42,96;5,10;0,029;0,0;0,00;0,049
1035;13.07.2023;14:52:00;00:17:14;250,0;118,1;21,2;20,3;22,7;135,4;50,3;0,1;5,21E-2;-541,2;20,00;3,9;3,9;42,96;5,10;0,027;0,0;0,01;0,049
1036;13.07.2023;14:52:01;00:17:15;250,0;116,0;21,2;20,2;22,7;132,6;49,9;0,1;5,21E-2;-541,2;20,00;3,9;4,0;42,96;5,10;0,027;0,0;0,01;0,049
1037;13.07.2023;14:52:02;00:17:16;250,0;114,0;21,1;20,2;22,7;131,2;49,8;0,1;5,20E-2;-541,2;20,00;3,9;4,0;42,96;5,10;0,029;0,0;0,00;0,049
1038;13.07.2023;14:52:03;00:17:17;250,0;114,0;21,1;20,2;22,7;128,3;49,4;0,1;5,20E-2;-541,2;20,00;3,9;3,9;42,96;5,10;0,027;0,0;0,01;0,049
1039;13.07.2023;14:52:04;00:17:18;250,0;114,0;21,1;20,2;22,7;126,9;49,2;0,1;5,20E-2;-541,2;20,00;3,9;4,0;42,96;5,10;0,028;0,0;0,01;0,049
1040;13.07.2023;14:52:05;00:17:19;250,0;112,0;21,1;20,1;22,7;123,9;48,8;0,1;5,19E-2;-541,2;20,00;3,9;3,9;42,96;5,10;0,026;0,0;0,01;0,049
1041;13.07.2023;14:52:06;00:17:20;250,0;112,0;21,1;20,2;22,7;121,1;48,5;0,1;5,19E-2;-541,2;20,00;3,9;3,9;42,96;5,10;0,022;0,0;0,01;0,049
1042;13.07.2023;14:52:07;00:17:21;250,0;109,9;21,1;20,1;22,7;119,6;48,3;0,1;5,18E-2;-541,2;20,00;3,9;4,0;42,96;5,10;0,025;0,0;0,00;0,049
1043;13.07.2023;14:52:08;00:17:22;250,0;109,9;21,1;20,1;22,7;116,8;47,9;0,1;5,18E-2;-541,2;20,00;3,9;3,9;42,96;5,10;0,027;0,0;0,00;0,049
1044;13.07.2023;14:52:09;00:17:23;250,0;107,8;21,0;20,1;22,7;114,0;47,5;0,1;5,17E-2;-541,2;20,00;3,9;3,9;42,96;5,10;0,027;0,0;0,00;0,049
1045;13.07.2023;14:52:10;00:17:24;250,0;107,8;21,0;20,1;22,7;112,6;47,4;0,1;5,17E-2;-541,2;20,00;3,9;4,0;42,96;5,10;0,030;0,0;0,01;0,049
1046;13.07.2023;14:52:11;00:17:25;250,0;105,7;21,0;20,0;22,6;109,5;47,0;0,1;5,16E-2;-541,2;20,00;3,9;4,0;42,96;5,10;0,024;0,0;0,00;0,049
1047;13.07.2023;14:52:12;00:17:26;250,0;105,7;20,9;20,0;22,6;106,7;46,6;0,1;5,16E-2;-541,2;20,00;3,9;3,9;42,96;5,10;0,024;0,0;0,00;0,049
1048;13.07.2023;14:52:13;00:17:27;250,0;105,7;20,9;20,0;22,6;105,3;46,4;0,1;5,16E-2;-541,2;20,00;3,9;3,9;42,96;5,10;0,026;0,0;0,01;0,049
1049;13.07.2023;14:52:14;00:17:28;250,0;103,6;20,9;20,0;22,6;102,5;46,0;0,1;5,15E-2;-541,2;20,00;3,9;3,9;42,96;5,10;0,021;0,0;0,00;0,049
1050;13.07.2023;14:52:15;00:17:29;250,0;101,7;20,9;19,9;22,6;99,7;45,6;0,1;5,15E-2;-541,2;20,00;3,9;3,9;42,97;5,10;0,019;0,0;0,01;0,049
1051;13.07.2023;14:52:16;00:17:30;250,0;101,7;20,9;19,9;22,6;98,3;45,4;0,1;5,14E-2;-541,2;20,00;3,9;3,9;42,97;5,10;0,018;0,0;0,00;0,049
1052;13.07.2023;14:52:17;00:17:31;250,0;99,8;20,9;19,9;22,6;95,2;45,0;0,1;5,14E-2;-541,2;20,00;3,9;3,8;42,97;5,10;0,021;0,0;0,00;0,049
1053;13.07.2023;14:52:18;00:17:32;250,0;99,8;20,8;19,9;22,6;93,8;44,8;0,1;5,14E-2;-541,2;20,00;3,9;3,9;42,97;5,10;0,023;0,0;0,00;0,049
1054;13.07.2023;14:52:19;00:17:33;250,0;98,1;20,8;19,9;22,6;91,0;44,4;0,1;5,13E-2;-541,2;20,00;3,9;3,8;42,97;5,10;0,020;0,0;0,00;0,049
1055;13.07.2023;14:52:20;00:17:34;250,0;98,1;20,8;19,9;22,6;88,2;44,0;0,1;5,12E-2;-541,2;20,00;3,9;3,9;42,97;5,10;0,020;0,0;0,01;0,049
1056;13.07.2023;14:52:21;00:17:35;250,0;96,3;20,8;19,8;22,6;86,7;43,8;0,1;5,12E-2;-541,2;20,00;3,9;3,9;42,97;5,10;0,020;0,0;0,01;0,049
1057;13.07.2023;14:52:22;00:17:36;250,0;96,3;20,7;19,8;22,6;83,9;43,4;0,1;5,12E-2;-541,2;20,00;3,9;4,0;42,97;5,10;0,021;0,0;0,01;0,049
1058;13.07.2023;14:52:23;00:17:37;250,0;94,6;20,7;19,8;22,6;80,9;43,0;0,1;5,11E-2;-541,2;20,00;3,9;3,9;42,97;5,11;0,020;0,0;0,01;0,049
1059;13.07.2023;14:52:24;00:17:38;250,0;94,6;20,7;19,8;22,6;79,5;42,8;0,1;5,11E-2;-541,2;20,00;3,9;3,9;42,97;5,10;0,025;0,0;0,01;0,049
1060;13.07.2023;14:52:25;00:17:39;250,0;93,0;20,7;19,7;22,6;76,6;42,4;0,1;5,11E-2;-541,2;20,00;3,9;3,9;42,97;5,11;0,020;0,0;0,00;0,049
1061;13.07.2023;14:52:26;00:17:40;250,0;92,9;20,7;19,7;22,5;73,8;42,0;0,1;5,10E-2;-541,2;20,00;3,9;3,9;42,97;5,11;0,020;0,0;0,00;0,049
1062;13.07.2023;14:52:27;00:17:41;250,0;91,1;20,6;19,6;22,5;72,4;41,8;0,1;5,10E-2;-541,2;20,00;3,9;3,9;42,97;5,11;0,019;0,0;0,00;0,049
1063;13.07.2023;14:52:28;00:17:42;250,0;91,1;20,6;19,6;22,5;69,6;41,4;0,1;5,09E-2;-541,2;20,00;3,9;3,9;42,97;5,11;0,021;0,0;0,00;0,049
1064;13.07.2023;14:52:29;00:17:43;250,0;89,4;20,6;19,6;22,5;66,5;40,9;0,1;5,09E-2;-541,2;20,00;3,9;3,9;42,97;5,11;0,015;0,0;0,01;0,049
1065;13.07.2023;14:52:30;00:17:44;250,0;89,4;20,6;19,6;22,5;65,1;40,7;0,1;5,08E-2;-541,2;20,00;3,9;3,8;42,97;5,11;0,014;0,0;0,01;0,049
1066;13.07.2023;14:52:31;00:17:45;250,0;87,7;20,5;19,6;22,5;62,3;40,3;0,1;5,08E-2;-541,2;20,00;3,9;3,9;42,97;5,11;0,019;0,0;0,00;0,049
1067;13.07.2023;14:52:32;00:17:46;250,0;87,7;20,5;19,6;22,5;60,9;40,1;0,1;5,08E-2;-541,2;20,00;3,9;4,0;42,97;5,11;0,021;0,0;0,01;0,049
1068;13.07.2023;14:52:33;00:17:47;250,0;87,7;20,5;19,5;22,5;58,1;39,7;0,1;5,07E-2;-541,2;20,00;3,9;4,0;42,97;5,11;0,020;0,0;0,01;0,049
1069;13.07.2023;14:52:34;00:17:48;250,0;86,1;20,5;19,5;22,5;55,3;39,3;0,1;5,07E-2;-541,2;20,00;3,9;3,9;42,97;5,11;0,020;0,0;0,00;0,049
1070;13.07.2023;14:52:35;00:17:49;250,0;84,5;20,5;19,5;22,5;53,8;39,1;0,1;5,07E-2;-541,2;20,00;3,9;3,9;42,97;5,11;0,019;0,0;0,00;0,049
1071;13.07.2023;14:52:36;00:17:50;250,0;84,5;20,5;19,5;22,5;50,8;38,6;0,1;5,06E-2;-541,2;20,00;3,9;3,9;42,97;5,11;0,017;0,0;0,01;0,049
1072;13.07.2023;14:52:37;00:17:51;250,0;83,0;20,4;19,5;22,5;48,0;38,2;0,1;5,05E-2;-541,2;20,00;3,9;3,9;42,97;5,11;0,019;0,0;0,01;0,049
1073;13.07.2023;14:52:38;00:17:52;250,0;83,0;20,4;19,5;22,5;46,6;38,0;0,1;5,05E-2;-541,2;20,00;3,9;3,9;42,97;5,11;0,018;0,0;0,01;0,049
1074;13.07.2023;14:52:39;00:17:53;250,0;81,6;20,4;19,5;22,5;43,7;37,5;0,1;5,04E-2;-541,2;20,00;3,9;3,9;42,97;5,11;0,020;0,0;0,00;0,049
1075;13.07.2023;14:52:40;00:17:54;250,0;81,6;20,4;19,4;22,5;40,9;37,1;0,1;5,04E-2;-541,2;20,00;3,9;3,9;42,97;5,11;0,019;0,0;0,00;0,049
1076;13.07.2023;14:52:41;00:17:55;250,0;80,1;20,4;19,4;22,5;39,5;36,9;0,1;5,04E-2;-541,2;20,00;3,9;3,9;42,97;5,11;0,018;0,0;0,01;0,049
1077;13.07.2023;14:52:42;00:17:56;250,0;80,1;20,3;19,4;22,5;36,5;36,4;0,1;5,03E-2;-541,2;20,00;3,9;3,9;42,97;5,11;0,017;0,0;0,01;0,049
1078;13.07.2023;14:52:43;00:17:57;250,0;78,7;20,3;19,4;22,5;35,0;36,2;0,1;5,03E-2;-541,2;20,00;3,9;4,0;42,97;5,11;0,018;0,0;0,01;0,049
1079;13.07.2023;14:52:44;00:17:58;250,0;78,7;20,3;19,4;22,4;32,2;35,7;0,1;5,03E-2;-541,2;20,00;3,9;3,9;42,97;5,11;0,014;0,0;0,01;0,049
1080;13.07.2023;14:52:45;00:17:59;250,0;77,3;20,3;19,4;22,4;29,4;35,3;0,1;5,02E-2;-541,2;20,00;3,9;3,9;42,97;5,11;0,011;0,0;0,01;0,049
1081;13.07.2023;14:52:46;00:18:00;250,0;77,3;20,4;19,4;22,4;28,0;35,1;0,1;5,02E-2;-541,2;20,00;3,9;3,9;42,97;5,11;0,011;0,0;0,01;0,049
1082;13.07.2023;14:52:47;00:18:01;250,0;75,9;20,3;19,4;22,5;25,2;34,6;0,1;5,01E-2;-541,2;20,00;3,9;3,9;42,98;5,11;0,013;0,0;0,01;0,049
1083;13.07.2023;14:52:48;00:18:02;250,0;75,9;20,3;19,4;22,5;22,1;34,1;0,1;5,01E-2;-541,2;20,00;3,9;3,9;42,98;5,11;0,018;0,0;0,01;0,049
1084;13.07.2023;14:52:49;00:18:03;250,0;75,9;20,3;19,4;22,5;20,7;33,9;0,1;5,00E-2;-541,2;20,00;3,9;3,9;42,98;5,11;0,018;0,0;0,00;0,049
