Nr.;Datum;Zeit;P.Zeit;AV Pyro top;AV Control TC;AV Piston TC Top;AV Piston TC Bot;AV Transformer T;SV Temperature  ;AV CZ Output;AV abs. pressure;Vacuum;AV rel. pressure;SV Rel. Pressure;SV Force        ;AV Force;AV Abs. Piston T;AV Rel. Piston T;AV Speed;Power;U RMS;I RMS
;;;;°C;°C;°C;°C;°C;°C    ;%;mbar(a;mbar(a;mbar(g;mbar(g;kN    ;kN;mm;mm;mm/min;kW;V;kA
1;13.07.2023;09:50:43;00:00:00;250,0;18,7;19,8;18,4;19,1;20,0;0,0;1003,8;1,00E3;-3,1;20,00;3,0;3,0;38,06;0,01;0,064;0,0;0,00;0,054
2;13.07.2023;09:50:44;00:00:01;250,0;18,7;19,8;18,4;19,1;20,0;0,0;1003,8;1,00E3;-3,1;20,00;3,0;3,0;38,06;0,01;0,064;0,0;0,00;0,054
3;13.07.2023;09:50:45;00:00:02;250,0;18,7;19,8;18,4;19,1;20,0;0,0;1003,8;1,00E3;-3,1;20,00;3,0;3,0;38,06;0,01;0,054;0,0;0,00;0,054
4;13.07.2023;09:50:46;00:00:03;250,0;18,7;19,8;18,4;19,1;20,0;0,0;1003,8;1,00E3;-3,1;20,00;3,0;3,0;38,06;0,01;0,043;0,0;0,00;0,054
5;13.07.2023;09:50:47;00:00:04;250,0;18,7;19,8;18,4;19,1;20,0;0,0;1003,8;1,00E3;-3,1;20,00;3,0;2,9;38,06;0,01;0,037;0,0;0,01;0,054
6;13.07.2023;09:50:48;00:00:05;250,0;18,7;19,8;18,4;19,1;20,0;0,0;1003,9;1,00E3;-3,0;20,00;3,0;3,0;38,06;0,01;0,028;0,0;0,00;0,054
7;13.07.2023;09:50:49;00:00:06;250,0;18,7;19,8;18,4;19,1;20,0;0,0;1003,9;1,00E3;-2,7;20,00;3,0;3,0;38,06;0,01;0,019;0,0;0,01;0,054
8;13.07.2023;09:50:50;00:00:07;250,0;18,7;19,8;18,4;19,1;20,0;0,0;1003,9;1,00E3;-2,7;20,00;3,0;3,0;38,06;0,01;0,020;0,0;0,00;0,054
9;13.07.2023;09:50:51;00:00:08;250,0;18,6;19,8;18,4;19,1;20,0;0,0;1003,9;1,00E3;-2,7;20,00;3,0;2,9;38,06;0,01;0,015;0,0;0,00;0,054
10;13.07.2023;09:50:52;00:00:09;250,0;18,6;19,8;18,4;19,1;20,0;0,0;977,4;9,77E2;-27,9;20,00;3,0;2,9;38,06;0,01;0,017;0,0;0,00;0,054
11;13.07.2023;09:50:53;00:00:10;250,0;18,6;19,8;18,4;19,1;20,0;0,0;927,7;9,28E2;-74,6;20,00;3,0;2,9;38,06;0,02;0,023;0,0;0,01;0,054
12;13.07.2023;09:50:54;00:00:11;250,0;18,6;19,8;18,4;19,1;20,0;0,0;880,6;8,81E2;-122,9;20,00;3,0;2,9;38,07;0,02;0,054;0,0;0,01;0,054
13;13.07.2023;09:50:55;00:00:12;250,0;18,6;19,8;18,4;19,1;20,0;0,0;859,8;8,60E2;-143,8;20,00;3,0;3,0;38,07;0,02;0,069;0,0;0,01;0,054
14;13.07.2023;09:50:56;00:00:13;250,0;18,6;19,8;18,4;19,1;20,0;0,0;820,8;8,21E2;-184,3;20,00;3,0;3,1;38,07;0,02;0,103;0,0;0,01;0,054
15;13.07.2023;09:50:57;00:00:14;250,0;18,6;19,8;18,4;19,1;20,0;0,0;783,4;7,83E2;-220,4;20,00;3,0;3,0;38,08;0,03;0,114;0,0;0,00;0,054
16;13.07.2023;09:50:58;00:00:15;250,0;18,6;19,8;18,4;19,1;20,0;0,0;766,3;7,66E2;-238,9;20,00;3,0;3,0;38,08;0,03;0,117;0,0;0,00;0,054
17;13.07.2023;09:50:59;00:00:16;250,0;18,6;19,8;18,4;19,1;20,0;0,0;734,1;7,34E2;-269,5;20,00;3,0;3,0;38,08;0,03;0,114;0,0;0,00;0,054
18;13.07.2023;09:51:00;00:00:17;250,0;18,6;19,8;18,4;19,1;20,0;0,0;703,9;7,04E2;-300,8;20,00;3,0;3,0;38,08;0,03;0,108;0,0;0,01;0,054
19;13.07.2023;09:51:01;00:00:18;250,0;18,6;19,8;18,4;19,1;20,0;0,0;689,7;6,90E2;-314,8;20,00;3,0;3,0;38,08;0,03;0,100;0,0;0,00;0,054
20;13.07.2023;09:51:02;00:00:19;250,0;18,5;19,8;18,3;19,1;20,0;0,0;661,1;6,61E2;-343,5;20,00;3,0;3,1;38,08;0,03;0,103;0,0;0,00;0,054
21;13.07.2023;09:51:03;00:00:20;250,0;18,5;19,7;18,3;19,1;20,0;0,0;632,4;6,32E2;-372,7;20,00;3,0;3,0;38,08;0,04;0,093;0,0;0,00;0,054
22;13.07.2023;09:51:04;00:00:21;250,0;18,5;19,7;18,3;19,1;20,0;0,0;620,6;6,21E2;-384,8;20,00;3,0;3,0;38,09;0,04;0,092;0,0;0,00;0,052
23;13.07.2023;09:51:05;00:00:22;250,0;18,4;19,7;18,2;19,1;20,0;0,0;595,2;5,95E2;-410,0;20,00;3,0;3,0;38,09;0,04;0,096;0,0;0,01;0,054
24;13.07.2023;09:51:06;00:00:23;250,0;18,4;19,7;18,2;19,1;20,0;0,0;584,2;5,84E2;-421,1;20,00;3,0;3,0;38,09;0,04;0,094;0,0;0,00;0,053
25;13.07.2023;09:51:07;00:00:24;250,0;18,4;19,7;18,2;19,1;20,0;0,0;561,4;5,61E2;-444,8;20,00;3,0;3,0;38,09;0,04;0,091;0,0;0,01;0,054
26;13.07.2023;09:51:08;00:00:25;250,0;18,4;19,7;18,1;19,1;20,0;0,0;539,5;5,39E2;-465,7;20,00;3,0;3,0;38,09;0,04;0,089;0,0;0,00;0,054
27;13.07.2023;09:51:09;00:00:26;250,0;18,3;19,7;18,1;19,1;20,0;0,0;527,3;5,27E2;-477,4;20,00;3,0;3,0;38,09;0,04;0,084;0,0;0,00;0,054
28;13.07.2023;09:51:10;00:00:27;250,0;18,3;19,7;18,0;19,1;20,0;0,0;506,2;5,06E2;-498,7;20,00;3,0;3,0;38,09;0,05;0,082;0,0;0,00;0,054
29;13.07.2023;09:51:11;00:00:28;250,0;18,3;19,7;18,0;19,1;20,0;0,0;486,1;4,86E2;-518,9;20,00;3,0;3,0;38,09;0,05;0,078;0,0;0,00;0,054
30;13.07.2023;09:51:12;00:00:29;250,0;18,3;19,7;18,0;19,1;20,0;0,0;477,1;4,77E2;-528,0;20,00;3,0;3,0;38,10;0,05;0,074;0,0;0,01;0,054
31;13.07.2023;09:51:13;00:00:30;250,0;18,3;19,7;18,0;19,1;20,0;0,0;458,4;4,58E2;-541,2;20,00;3,0;3,0;38,10;0,05;0,075;0,0;0,00;0,054
32;13.07.2023;09:51:14;00:00:31;250,0;18,2;19,7;17,9;19,1;20,0;0,0;440,3;4,40E2;-541,2;20,00;3,0;3,0;38,10;0,05;0,072;0,0;0,01;0,054
33;13.07.2023;09:51:15;00:00:32;250,0;18,2;19,7;17,9;19,1;20,0;0,0;431,1;4,31E2;-541,2;20,00;3,0;3,0;38,10;0,05;0,073;0,0;0,01;0,054
34;13.07.2023;09:51:16;00:00:33;250,0;18,2;19,7;17,9;19,1;20,0;0,0;414,1;4,14E2;-541,2;20,00;3,0;3,0;38,10;0,05;0,065;0,0;0,01;0,054
35;13.07.2023;09:51:17;00:00:34;250,0;18,2;19,7;17,9;19,1;20,0;0,0;406,2;4,06E2;-541,2;20,00;3,0;3,0;38,10;0,05;0,063;0,0;0,01;0,054
36;13.07.2023;09:51:18;00:00:35;250,0;18,2;19,7;17,8;19,1;20,0;0,0;389,8;3,90E2;-541,2;20,00;3,0;3,0;38,10;0,05;0,061;0,0;0,01;0,054
37;13.07.2023;09:51:19;00:00:36;250,0;18,2;19,7;17,8;19,1;20,0;0,0;375,5;3,75E2;-541,2;20,00;3,0;3,0;38,10;0,06;0,059;0,0;0,01;0,054
38;13.07.2023;09:51:20;00:00:37;250,0;18,1;19,7;17,8;19,1;20,0;0,0;367,3;3,67E2;-541,2;20,00;3,0;3,0;38,10;0,06;0,064;0,0;0,00;0,054
39;13.07.2023;09:51:21;00:00:38;250,0;18,1;19,7;17,7;19,1;20,0;0,0;352,9;3,53E2;-541,2;20,00;3,0;3,1;38,11;0,06;0,069;0,0;0,00;0,054
40;13.07.2023;09:51:22;00:00:39;250,0;18,1;19,7;17,7;19,1;20,0;0,0;339,3;3,39E2;-541,2;20,00;3,0;3,0;38,11;0,06;0,062;0,0;0,00;0,054
41;13.07.2023;09:51:23;00:00:40;250,0;18,1;19,7;17,7;19,1;20,0;0,0;332,8;3,33E2;-541,2;20,00;3,0;3,1;38,11;0,06;0,059;0,0;0,00;0,054
42;13.07.2023;09:51:24;00:00:41;250,0;18,1;19,7;17,7;19,1;20,0;0,0;319,8;3,20E2;-541,2;20,00;3,0;3,0;38,11;0,06;0,059;0,0;0,00;0,054
43;13.07.2023;09:51:25;00:00:42;250,0;18,0;19,6;17,7;19,1;20,0;0,0;307,5;3,07E2;-541,2;20,00;3,0;3,0;38,11;0,06;0,056;0,0;0,01;0,054
44;13.07.2023;09:51:26;00:00:43;250,0;18,0;19,6;17,7;19,1;20,0;0,0;301,6;3,02E2;-541,2;20,00;3,0;3,0;38,11;0,06;0,056;0,0;0,01;0,054
45;13.07.2023;09:51:27;00:00:44;250,0;18,0;19,6;17,7;19,1;20,0;0,0;289,0;2,89E2;-541,2;20,00;3,0;3,0;38,11;0,06;0,049;0,0;0,00;0,054
46;13.07.2023;09:51:28;00:00:45;250,0;18,0;19,6;17,6;19,1;20,0;0,0;278,0;2,78E2;-541,2;20,00;3,0;3,0;38,11;0,06;0,047;0,0;0,01;0,054
47;13.07.2023;09:51:29;00:00:46;250,0;18,0;19,6;17,6;19,1;20,0;0,0;272,4;2,72E2;-541,2;20,00;3,0;3,0;38,11;0,06;0,044;0,0;0,00;0,054
48;13.07.2023;09:51:30;00:00:47;250,0;18,0;19,7;17,6;19,1;20,0;0,0;262,2;2,62E2;-541,2;20,00;3,0;3,0;38,11;0,06;0,048;0,0;0,00;0,054
49;13.07.2023;09:51:31;00:00:48;250,0;18,0;19,7;17,6;19,1;20,0;0,0;257,0;2,57E2;-541,2;20,00;3,0;3,0;38,11;0,06;0,050;0,0;0,00;0,054
50;13.07.2023;09:51:32;00:00:49;250,0;18,0;19,7;17,6;19,1;20,0;0,0;247,3;2,47E2;-541,2;20,00;3,0;3,0;38,11;0,07;0,052;0,0;0,01;0,054
51;13.07.2023;09:51:33;00:00:50;250,0;18,0;19,7;17,6;19,1;20,0;0,0;237,1;2,37E2;-541,2;20,00;3,0;3,0;38,11;0,07;0,049;0,0;0,00;0,054
52;13.07.2023;09:51:34;00:00:51;250,0;18,0;19,7;17,6;19,1;20,0;0,0;232,5;2,32E2;-541,2;20,00;3,0;2,9;38,12;0,07;0,048;0,0;0,00;0,054
53;13.07.2023;09:51:35;00:00:52;250,0;18,0;19,7;17,6;19,1;20,0;0,0;223,7;2,24E2;-541,2;20,00;3,0;3,0;38,12;0,07;0,052;0,0;0,00;0,054
54;13.07.2023;09:51:36;00:00:53;250,0;18,0;19,7;17,6;19,1;20,0;0,0;214,9;2,15E2;-541,2;20,00;3,0;3,0;38,12;0,07;0,052;0,0;0,00;0,054
55;13.07.2023;09:51:37;00:00:54;250,0;18,0;19,7;17,6;19,1;20,0;0,0;210,9;2,11E2;-541,2;20,00;3,0;3,0;38,12;0,07;0,051;0,0;0,01;0,054
56;13.07.2023;09:51:38;00:00:55;250,0;17,9;19,6;17,6;19,1;20,0;0,0;202,7;2,03E2;-541,2;20,00;3,0;3,0;38,12;0,07;0,048;0,0;0,00;0,054
57;13.07.2023;09:51:39;00:00:56;250,0;17,9;19,6;17,6;19,1;20,0;0,0;194,5;1,94E2;-541,2;20,00;3,0;3,0;38,12;0,07;0,045;0,0;0,00;0,054
58;13.07.2023;09:51:40;00:00:57;250,0;17,9;19,6;17,6;19,1;20,0;0,0;190,8;1,91E2;-541,2;20,00;3,0;3,0;38,12;0,07;0,048;0,0;0,00;0,054
59;13.07.2023;09:51:41;00:00:58;250,0;17,9;19,5;17,5;19,1;20,0;0,0;183,4;1,83E2;-541,2;20,00;3,0;3,1;38,12;0,07;0,053;0,0;0,00;0,054
60;13.07.2023;09:51:42;00:00:59;250,0;17,8;19,5;17,5;19,0;20,0;0,0;180,0;1,80E2;-541,2;20,00;3,0;3,1;38,12;0,07;0,056;0,0;0,01;0,054
61;13.07.2023;09:51:43;00:01:00;250,0;17,8;19,5;17,5;19,0;20,0;0,0;173,3;1,73E2;-541,2;20,00;3,0;3,0;38,12;0,07;0,050;0,0;0,00;0,054
62;13.07.2023;09:51:44;00:01:01;250,0;17,8;19,5;17,5;19,0;20,0;0,0;162,0;1,62E2;-541,2;20,00;3,0;3,0;38,12;0,08;0,045;0,0;0,00;0,054
63;13.07.2023;09:51:45;00:01:02;250,0;17,8;19,5;17,5;19,0;20,0;0,0;155,0;1,55E2;-541,2;20,00;3,0;3,0;38,12;0,08;0,043;0,0;0,00;0,054
64;13.07.2023;09:51:46;00:01:03;250,0;17,8;19,5;17,5;19,0;20,0;0,0;141,8;1,42E2;-541,2;20,00;3,0;3,0;38,13;0,08;0,045;0,0;0,01;0,054
65;13.07.2023;09:51:47;00:01:04;250,0;17,8;19,5;17,5;19,0;20,0;0,0;130,6;1,31E2;-541,2;20,00;3,0;3,0;38,13;0,08;0,053;0,0;0,01;0,054
66;13.07.2023;09:51:48;00:01:05;250,0;17,8;19,5;17,5;19,0;20,0;0,0;125,5;1,26E2;-541,2;20,00;3,0;3,0;38,13;0,08;0,056;0,0;0,00;0,054
67;13.07.2023;09:51:49;00:01:06;250,0;17,8;19,5;17,5;19,0;20,0;0,0;116,4;1,16E2;-541,2;20,00;3,0;3,0;38,13;0,08;0,062;0,0;0,01;0,054
68;13.07.2023;09:51:50;00:01:07;250,0;17,8;19,5;17,5;19,0;20,0;0,0;107,8;1,08E2;-541,2;20,00;3,0;3,0;38,13;0,08;0,064;0,0;0,01;0,054
69;13.07.2023;09:51:51;00:01:08;250,0;17,8;19,5;17,5;19,0;20,0;0,0;103,2;1,03E2;-541,2;20,00;3,0;3,0;38,13;0,08;0,068;0,0;0,01;0,054
70;13.07.2023;09:51:52;00:01:09;250,0;17,8;19,5;17,6;19,0;20,0;0,0;95,4;9,54E1;-541,2;20,00;3,0;3,0;38,13;0,08;0,071;0,0;0,01;0,054
71;13.07.2023;09:51:53;00:01:10;250,0;17,8;19,5;17,6;19,1;20,0;0,0;88,6;8,86E1;-541,2;20,00;3,0;3,0;38,13;0,08;0,063;0,0;0,00;0,054
72;13.07.2023;09:51:54;00:01:11;250,0;17,8;19,5;17,6;19,1;20,0;0,0;85,3;8,53E1;-541,2;20,00;3,0;3,0;38,14;0,09;0,062;0,0;0,01;0,054
73;13.07.2023;09:51:55;00:01:12;250,0;17,8;19,5;17,6;19,1;20,0;0,0;79,1;7,91E1;-541,2;20,00;3,0;3,0;38,14;0,09;0,064;0,0;0,00;0,054
74;13.07.2023;09:51:56;00:01:13;250,0;17,8;19,5;17,6;19,1;20,0;0,0;76,2;7,62E1;-541,2;20,00;3,0;3,0;38,14;0,09;0,062;0,0;0,00;0,054
75;13.07.2023;09:51:57;00:01:14;250,0;17,8;19,5;17,6;19,1;20,0;0,0;70,4;7,04E1;-541,2;20,00;3,0;3,0;38,14;0,09;0,058;0,0;0,01;0,054
76;13.07.2023;09:51:58;00:01:15;250,0;17,8;19,5;17,6;19,1;20,0;0,0;65,1;6,51E1;-541,2;20,00;3,0;3,0;38,14;0,09;0,057;0,0;0,00;0,054
77;13.07.2023;09:51:59;00:01:16;250,0;17,8;19,5;17,6;19,1;20,0;0,0;62,5;6,25E1;-541,2;20,00;3,0;3,0;38,14;0,09;0,056;0,0;0,01;0,054
78;13.07.2023;09:52:00;00:01:17;250,0;17,8;19,5;17,6;19,1;20,0;0,0;57,7;5,77E1;-541,2;20,00;3,0;3,0;38,14;0,09;0,055;0,0;0,00;0,054
79;13.07.2023;09:52:01;00:01:18;250,0;17,6;19,5;17,4;19,1;20,0;0,0;53,3;5,33E1;-541,2;20,00;3,0;3,0;38,14;0,09;0,059;0,0;0,00;0,054
80;13.07.2023;09:52:02;00:01:19;250,0;17,6;19,4;17,4;18,9;20,0;0,0;51,4;5,14E1;-541,2;20,00;3,0;3,0;38,14;0,09;0,058;0,0;0,01;0,054
81;13.07.2023;09:52:03;00:01:20;250,0;17,6;19,4;17,4;18,9;20,0;0,0;47,3;4,73E1;-541,2;20,00;3,0;3,0;38,14;0,10;0,058;0,0;0,01;0,054
82;13.07.2023;09:52:04;00:01:21;250,0;17,6;19,4;17,4;18,9;20,0;0,0;43,9;4,39E1;-541,2;20,00;3,0;3,0;38,14;0,10;0,055;0,0;0,01;0,054
83;13.07.2023;09:52:05;00:01:22;250,0;17,6;19,4;17,4;18,9;20,0;0,0;42,2;4,22E1;-541,2;20,00;3,0;3,0;38,14;0,10;0,054;0,0;0,01;0,054
84;13.07.2023;09:52:06;00:01:23;250,0;17,6;19,4;17,5;18,9;20,0;0,0;39,2;3,92E1;-541,2;20,00;3,0;3,0;38,15;0,10;0,052;0,0;0,00;0,054
85;13.07.2023;09:52:07;00:01:24;250,0;17,6;19,4;17,5;18,9;20,0;0,0;36,1;3,61E1;-541,2;20,00;3,0;3,0;38,15;0,10;0,051;0,0;0,01;0,054
86;13.07.2023;09:52:08;00:01:25;250,0;17,6;19,4;17,5;18,9;20,0;0,0;34,8;3,48E1;-541,2;20,00;3,0;3,0;38,15;0,10;0,048;0,0;0,00;0,054
87;13.07.2023;09:52:09;00:01:26;250,0;17,6;19,4;17,5;18,9;20,0;0,0;32,1;3,21E1;-541,2;20,00;3,0;3,0;38,15;0,10;0,048;0,0;0,01;0,054
88;13.07.2023;09:52:10;00:01:27;250,0;17,6;19,4;17,5;18,9;20,0;0,0;30,8;3,08E1;-541,2;20,00;3,0;3,0;38,15;0,10;0,046;0,0;0,01;0,054
89;13.07.2023;09:52:11;00:01:28;250,0;17,6;19,4;17,5;19,0;20,0;0,0;28,1;2,81E1;-541,2;20,00;3,0;3,0;38,15;0,10;0,044;0,0;0,00;0,054
90;13.07.2023;09:52:12;00:01:29;250,0;17,6;19,4;17,5;19,0;20,0;0,0;26,5;2,65E1;-541,2;20,00;3,0;3,0;38,15;0,10;0,045;0,0;0,00;0,054
91;13.07.2023;09:52:13;00:01:30;250,0;17,6;19,4;17,5;19,0;20,0;0,0;25,3;2,53E1;-541,2;20,00;3,0;3,0;38,15;0,10;0,044;0,0;0,01;0,054
92;13.07.2023;09:52:14;00:01:31;250,0;17,6;19,4;17,5;19,0;20,0;0,0;23,2;2,32E1;-541,2;20,00;3,0;3,0;38,15;0,10;0,044;0,0;0,00;0,054
93;13.07.2023;09:52:15;00:01:32;250,0;17,6;19,4;17,5;19,0;20,0;0,0;21,3;2,13E1;-541,2;20,00;3,0;3,0;38,15;0,10;0,038;0,0;0,01;0,054
94;13.07.2023;09:52:16;00:01:33;250,0;17,6;19,4;17,5;19,0;20,0;0,0;20,7;2,07E1;-541,2;20,00;3,0;3,0;38,15;0,10;0,037;0,0;0,01;0,054
95;13.07.2023;09:52:17;00:01:34;250,0;17,6;19,4;17,5;19,0;20,0;0,0;19,5;1,95E1;-541,2;20,00;3,0;2,9;38,15;0,10;0,033;0,0;0,01;0,054
96;13.07.2023;09:52:18;00:01:35;250,0;17,6;19,4;17,5;19,0;20,0;0,0;18,0;1,80E1;-541,2;20,00;3,0;3,0;38,15;0,10;0,035;0,0;0,01;0,054
97;13.07.2023;09:52:19;00:01:36;250,0;17,6;19,4;17,5;19,0;20,0;0,0;17,4;1,74E1;-541,2;20,00;3,0;3,0;38,15;0,10;0,035;0,0;0,00;0,054
98;13.07.2023;09:52:20;00:01:37;250,0;17,6;19,4;17,6;19,0;20,0;0,0;16,0;1,60E1;-541,2;20,00;3,0;3,0;38,15;0,11;0,038;0,0;0,00;0,054
99;13.07.2023;09:52:21;00:01:38;250,0;17,6;19,4;17,6;19,0;20,0;0,0;15,4;1,54E1;-541,2;20,00;3,0;3,1;38,16;0,11;0,035;0,0;0,00;0,054
100;13.07.2023;09:52:22;00:01:39;250,0;17,7;19,5;17,6;19,1;20,0;0,0;14,1;1,41E1;-541,2;20,00;3,0;3,0;38,16;0,11;0,033;0,0;0,01;0,054
101;13.07.2023;09:52:23;00:01:40;250,0;17,7;19,5;17,6;19,1;20,0;0,0;13,2;1,32E1;-541,2;20,00;3,0;3,0;38,16;0,11;0,030;0,0;0,01;0,052
102;13.07.2023;09:52:24;00:01:41;250,0;17,7;19,5;17,6;19,1;20,0;0,0;12,9;1,29E1;-541,2;20,00;3,0;3,0;38,16;0,11;0,029;0,0;0,00;0,054
103;13.07.2023;09:52:25;00:01:42;250,0;17,6;19,4;17,6;19,1;20,0;0,0;11,9;1,19E1;-541,2;20,00;3,0;3,0;38,16;0,11;0,030;0,0;0,01;0,054
104;13.07.2023;09:52:26;00:01:43;250,0;17,6;19,4;17,6;19,1;20,0;0,0;11,2;1,12E1;-541,2;20,00;3,0;3,0;38,16;0,11;0,026;0,0;0,00;0,054
105;13.07.2023;09:52:27;00:01:44;250,0;17,6;19,4;17,6;19,1;20,0;0,0;10,9;1,09E1;-541,2;20,00;3,0;3,0;38,16;0,11;0,023;0,0;0,01;0,054
106;13.07.2023;09:52:28;00:01:45;250,0;17,6;19,4;17,6;19,1;20,0;0,0;9,8;9,80E0;-541,2;20,00;3,0;3,0;38,16;0,11;0,024;0,0;0,00;0,054
107;13.07.2023;09:52:29;00:01:46;250,0;17,6;19,4;17,6;19,1;20,0;0,0;8,9;8,91E0;-541,2;20,00;3,0;3,0;38,16;0,11;0,023;0,0;0,00;0,054
108;13.07.2023;09:52:30;00:01:47;250,0;17,6;19,5;17,6;19,1;20,0;0,0;8,5;8,49E0;-541,2;20,00;3,0;3,0;38,16;0,11;0,025;0,0;0,00;0,054
109;13.07.2023;09:52:31;00:01:48;250,0;17,6;19,5;17,6;19,1;20,0;0,0;7,8;7,76E0;-541,2;20,00;3,0;3,0;38,16;0,11;0,026;0,0;0,01;0,054
110;13.07.2023;09:52:32;00:01:49;250,0;17,6;19,5;17,7;19,1;20,0;0,0;7,2;7,21E0;-541,2;20,00;3,0;3,0;38,16;0,11;0,026;0,0;0,00;0,054
111;13.07.2023;09:52:33;00:01:50;250,0;17,6;19,5;17,7;19,1;20,0;0,0;7,0;7,02E0;-541,2;20,00;3,0;3,0;38,16;0,11;0,027;0,0;0,00;0,054
112;13.07.2023;09:52:34;00:01:51;250,0;17,6;19,5;17,7;19,1;20,0;0,0;6,4;6,42E0;-541,2;20,00;3,0;3,0;38,16;0,11;0,023;0,0;0,01;0,053
113;13.07.2023;09:52:35;00:01:52;250,0;17,6;19,5;17,7;19,1;20,0;0,0;6,0;6,04E0;-541,2;20,00;3,0;3,0;38,16;0,11;0,024;0,0;0,01;0,054
114;13.07.2023;09:52:36;00:01:53;250,0;17,7;19,5;17,7;19,1;20,0;0,0;5,7;5,67E0;-541,2;20,00;3,0;3,0;38,16;0,11;0,026;0,0;0,00;0,054
115;13.07.2023;09:52:37;00:01:54;250,0;17,7;19,5;17,7;19,1;20,0;0,0;5,2;5,22E0;-541,2;20,00;3,0;3,0;38,16;0,11;0,022;0,0;0,01;0,054
116;13.07.2023;09:52:38;00:01:55;250,0;17,7;19,5;17,7;19,1;20,0;0,0;5,0;5,05E0;-541,2;20,00;3,0;3,0;38,16;0,11;0,020;0,0;0,00;0,054
117;13.07.2023;09:52:39;00:01:56;250,0;17,7;19,5;17,7;19,1;20,0;0,0;4,6;4,60E0;-541,2;20,00;3,0;3,0;38,16;0,11;0,016;0,0;0,00;0,054
118;13.07.2023;09:52:40;00:01:57;250,0;17,7;19,5;17,7;19,1;20,0;0,0;4,3;4,33E0;-541,2;20,00;3,0;3,0;38,16;0,11;0,017;0,0;0,00;0,054
119;13.07.2023;09:52:41;00:01:58;250,0;17,7;19,5;17,7;19,1;20,0;0,0;4,2;4,18E0;-541,2;20,00;3,0;3,0;38,16;0,11;0,019;0,0;0,00;0,053
120;13.07.2023;09:52:42;00:01:59;250,0;17,6;19,4;17,7;19,1;20,0;0,0;3,9;3,90E0;-541,2;20,00;3,0;3,1;38,16;0,11;0,023;0,0;0,01;0,053
121;13.07.2023;09:52:43;00:02:00;250,0;17,6;19,4;17,7;19,1;20,0;0,0;3,7;3,68E0;-541,2;20,00;3,0;3,0;38,16;0,11;0,018;0,0;0,01;0,054
122;13.07.2023;09:52:44;00:02:01;250,0;17,6;19,4;17,7;19,1;20,0;0,0;3,6;3,57E0;-541,2;20,00;3,0;3,0;38,16;0,11;0,017;0,0;0,01;0,054
123;13.07.2023;09:52:45;00:02:02;250,0;17,6;19,4;17,7;19,1;20,0;0,0;3,3;3,30E0;-541,2;20,00;3,0;3,0;38,16;0,11;0,016;0,0;0,00;0,054
124;13.07.2023;09:52:46;00:02:03;250,0;17,6;19,4;17,7;19,1;20,0;0,0;3,0;3,01E0;-541,2;20,00;3,0;3,0;38,16;0,11;0,012;0,0;0,01;0,054
125;13.07.2023;09:52:47;00:02:04;250,0;17,6;19,4;17,7;19,1;20,0;0,0;2,9;2,95E0;-541,2;20,00;3,0;3,0;38,16;0,11;0,011;0,0;0,00;0,054
126;13.07.2023;09:52:48;00:02:05;250,0;17,6;19,4;17,7;19,1;20,0;0,0;2,8;2,82E0;-541,2;20,00;3,0;3,0;38,16;0,11;0,011;0,0;0,01;0,054
127;13.07.2023;09:52:49;00:02:06;250,0;17,6;19,4;17,7;19,1;20,0;0,0;2,8;2,76E0;-541,2;20,00;3,0;3,0;38,16;0,11;0,010;0,0;0,00;0,054
128;13.07.2023;09:52:50;00:02:07;250,0;17,6;19,4;17,7;19,1;20,0;0,0;2,6;2,62E0;-541,2;20,00;3,0;2,9;38,16;0,12;0,012;0,0;0,01;0,054
129;13.07.2023;09:52:51;00:02:08;250,0;17,6;19,4;17,7;19,1;20,0;0,0;2,5;2,53E0;-541,2;20,00;3,0;3,0;38,16;0,12;0,015;0,0;0,00;0,053
130;13.07.2023;09:52:52;00:02:09;250,0;17,6;19,4;17,7;19,1;20,0;0,0;2,4;2,39E0;-541,2;20,00;3,0;3,0;38,16;0,12;0,015;0,0;0,00;0,054
131;13.07.2023;09:52:53;00:02:10;250,0;17,6;19,4;17,7;19,1;20,0;0,0;2,3;2,32E0;-541,2;20,00;3,0;3,0;38,17;0,12;0,012;0,0;0,01;0,054
132;13.07.2023;09:52:54;00:02:11;250,0;17,6;19,4;17,7;19,1;20,0;0,0;2,2;2,17E0;-541,2;20,00;3,0;3,0;38,16;0,12;0,011;0,0;0,00;0,054
133;13.07.2023;09:52:55;00:02:12;250,0;17,6;19,4;17,7;19,1;20,0;0,0;2,1;2,12E0;-541,2;20,00;3,0;3,0;38,17;0,12;0,008;0,0;0,00;0,054
134;13.07.2023;09:52:56;00:02:13;250,0;17,6;19,4;17,7;19,1;20,0;0,0;2,0;2,04E0;-541,2;20,00;3,0;3,0;38,16;0,12;0,008;0,0;0,00;0,054
135;13.07.2023;09:52:57;00:02:14;250,0;17,6;19,4;17,7;19,1;20,0;0,0;1,9;1,92E0;-541,2;20,00;3,0;3,0;38,17;0,12;0,004;0,0;0,01;0,054
136;13.07.2023;09:52:58;00:02:15;250,0;17,6;19,4;17,7;19,1;20,0;0,0;1,8;1,83E0;-541,2;20,00;3,0;3,0;38,17;0,12;0,005;0,0;0,00;0,053
137;13.07.2023;09:52:59;00:02:16;250,0;17,6;19,4;17,7;19,1;20,0;0,0;1,7;1,75E0;-541,2;20,00;3,0;3,0;38,17;0,12;0,006;0,0;0,00;0,054
138;13.07.2023;09:53:00;00:02:17;250,0;17,6;19,4;17,8;19,1;20,0;0,0;1,7;1,72E0;-541,2;20,00;3,0;3,0;38,16;0,12;0,007;0,0;0,01;0,054
139;13.07.2023;09:53:01;00:02:18;250,0;17,6;19,4;17,8;19,1;20,0;0,0;1,7;1,68E0;-541,2;20,00;3,0;3,1;38,17;0,12;0,017;0,0;0,01;0,052
140;13.07.2023;09:53:02;00:02:19;250,0;17,6;19,4;17,7;19,1;20,0;0,0;1,6;1,62E0;-541,2;20,00;3,0;3,0;38,17;0,12;0,011;0,0;0,00;0,054
141;13.07.2023;09:53:03;00:02:20;250,0;17,6;19,4;17,7;19,1;20,0;0,0;1,6;1,58E0;-541,2;20,00;3,0;3,0;38,17;0,12;0,011;0,0;0,00;0,054
142;13.07.2023;09:53:04;00:02:21;250,0;17,6;19,4;17,7;19,1;20,0;0,0;1,5;1,51E0;-541,2;20,00;3,0;2,9;38,17;0,12;0,009;0,0;0,01;0,053
143;13.07.2023;09:53:05;00:02:22;250,0;17,6;19,4;17,7;19,1;20,0;0,0;1,5;1,46E0;-541,2;20,00;3,0;3,0;38,17;0,12;0,010;0,0;0,00;0,054
144;13.07.2023;09:53:06;00:02:23;250,0;17,6;19,4;17,7;19,1;20,0;0,0;1,4;1,41E0;-541,2;20,00;3,0;3,0;38,17;0,12;0,009;0,0;0,00;0,054
145;13.07.2023;09:53:07;00:02:24;250,0;17,6;19,4;17,7;19,1;20,0;0,0;1,4;1,37E0;-541,2;20,00;3,0;3,0;38,17;0,12;0,007;0,0;0,00;0,054
146;13.07.2023;09:53:08;00:02:25;250,0;17,6;19,4;17,7;19,1;20,0;0,0;1,3;1,32E0;-541,2;20,00;3,0;3,0;38,17;0,12;0,006;0,0;0,00;0,054
147;13.07.2023;09:53:09;00:02:26;250,0;17,6;19,4;17,7;19,1;20,0;0,0;1,3;1,27E0;-541,2;20,00;3,0;3,0;38,17;0,12;0,007;0,0;0,01;0,053
148;13.07.2023;09:53:10;00:02:27;250,0;17,6;19,4;17,8;19,1;20,0;0,0;1,2;1,23E0;-541,2;20,00;3,0;3,0;38,17;0,12;0,008;0,0;0,01;0,054
149;13.07.2023;09:53:11;00:02:28;250,0;17,6;19,4;17,8;19,1;20,0;0,0;1,2;1,21E0;-541,2;20,00;3,0;3,0;38,17;0,12;0,012;0,0;0,01;0,054
150;13.07.2023;09:53:12;00:02:29;250,0;17,6;19,4;17,8;19,1;20,0;0,0;1,2;1,18E0;-541,2;20,00;3,0;3,0;38,17;0,12;0,012;0,0;0,00;0,054
151;13.07.2023;09:53:13;00:02:30;250,0;17,6;19,4;17,8;19,1;20,0;0,0;1,1;1,11E0;-541,2;20,00;3,0;3,0;38,17;0,12;0,007;0,0;0,01;0,054
152;13.07.2023;09:53:14;00:02:31;250,0;17,6;19,4;17,8;19,1;20,0;0,0;1,1;1,10E0;-541,2;20,00;3,0;3,0;38,17;0,12;0,008;0,0;0,01;0,054
153;13.07.2023;09:53:15;00:02:32;250,0;17,6;19,4;17,8;19,1;20,0;0,0;1,0;9,81E-1;-541,2;20,00;3,0;3,0;38,17;0,12;0,003;0,0;0,00;0,053
154;13.07.2023;09:53:16;00:02:33;250,0;17,6;19,4;17,8;19,1;20,0;0,0;0,9;9,43E-1;-541,2;20,00;3,0;3,0;38,17;0,12;0,007;0,0;0,00;0,053
155;13.07.2023;09:53:17;00:02:34;250,0;17,6;19,4;17,8;19,1;20,0;0,0;0,9;9,26E-1;-541,2;20,00;3,0;3,0;38,17;0,12;0,006;0,0;0,01;0,054
156;13.07.2023;09:53:18;00:02:35;250,0;17,6;19,4;17,8;19,1;20,0;0,0;0,9;8,92E-1;-541,2;20,00;3,0;3,0;38,17;0,12;0,008;0,0;0,00;0,054
157;13.07.2023;09:53:19;00:02:36;250,0;17,6;19,4;17,8;19,1;20,0;0,0;0,9;8,59E-1;-541,2;20,00;3,0;3,0;38,17;0,12;0,008;0,0;0,01;0,054
158;13.07.2023;09:53:20;00:02:37;250,0;17,6;19,4;17,8;19,1;20,0;0,0;0,8;8,42E-1;-541,2;20,00;3,0;3,0;38,17;0,12;0,007;0,0;0,00;0,054
159;13.07.2023;09:53:21;00:02:38;250,0;17,6;19,4;17,8;19,1;20,0;0,0;0,8;8,11E-1;-541,2;20,00;3,0;3,0;38,17;0,12;0,002;0,0;0,01;0,054
160;13.07.2023;09:53:22;00:02:39;250,0;17,6;19,4;17,8;19,0;20,0;0,0;0,8;7,76E-1;-541,2;20,00;3,0;3,0;38,17;0,12;0,004;0,0;0,01;0,054
161;13.07.2023;09:53:23;00:02:40;250,0;17,6;19,4;17,8;19,0;20,0;0,0;0,8;7,64E-1;-541,2;20,00;3,0;3,0;38,17;0,12;0,005;0,0;0,01;0,054
162;13.07.2023;09:53:24;00:02:41;250,0;17,6;19,4;17,8;19,0;20,0;0,0;0,7;7,40E-1;-541,2;20,00;3,0;3,0;38,17;0,12;0,004;0,0;0,01;0,054
163;13.07.2023;09:53:25;00:02:42;250,0;17,6;19,3;17,8;19,0;20,0;0,0;0,7;7,17E-1;-541,2;20,00;3,0;3,0;38,17;0,12;0,001;0,0;0,01;0,054
164;13.07.2023;09:53:26;00:02:43;250,0;17,6;19,3;17,8;19,0;20,0;0,0;0,7;7,06E-1;-541,2;20,00;3,0;3,0;38,17;0,12;0,001;0,0;0,00;0,054
165;13.07.2023;09:53:27;00:02:44;250,0;17,6;19,3;17,8;19,0;20,0;0,0;0,7;6,84E-1;-541,2;20,00;3,0;2,9;38,17;0,12;0,002;0,0;0,01;0,053
166;13.07.2023;09:53:28;00:02:45;250,0;17,6;19,3;17,8;19,0;20,0;0,0;0,7;6,73E-1;-541,2;20,00;3,0;3,0;38,17;0,12;0,010;0,0;0,00;0,051
167;13.07.2023;09:53:29;00:02:46;250,0;17,6;19,3;17,8;19,0;20,0;0,0;0,7;6,51E-1;-541,2;20,00;3,0;3,0;38,17;0,12;0,010;0,0;0,00;0,054
168;13.07.2023;09:53:30;00:02:47;250,0;17,6;19,3;17,8;19,0;20,0;0,0;0,6;6,31E-1;-541,2;20,00;3,0;3,0;38,17;0,12;0,006;0,0;0,00;0,054
169;13.07.2023;09:53:31;00:02:48;250,0;17,6;19,3;17,8;19,0;20,0;0,0;0,6;6,20E-1;-541,2;20,00;3,0;3,0;38,17;0,12;0,006;0,0;0,01;0,054
170;13.07.2023;09:53:32;00:02:49;250,0;17,6;19,3;17,8;19,0;20,0;0,0;0,6;6,02E-1;-541,2;20,00;3,0;3,0;38,17;0,12;0,004;0,0;0,00;0,053
171;13.07.2023;09:53:33;00:02:50;250,0;17,6;19,3;17,8;19,1;20,0;0,0;0,6;5,83E-1;-541,2;20,00;3,0;2,9;38,17;0,12;0,000;0,0;0,00;0,054
172;13.07.2023;09:53:34;00:02:51;250,0;17,6;19,3;17,8;19,1;20,0;0,0;0,6;5,74E-1;-541,2;20,00;3,0;3,0;38,17;0,12;0,001;0,0;0,01;0,053
173;13.07.2023;09:53:35;00:02:52;250,0;17,6;19,3;17,8;19,1;20,0;0,0;0,6;5,56E-1;-541,2;20,00;3,0;3,0;38,17;0,12;0,002;0,0;0,01;0,054
174;13.07.2023;09:53:36;00:02:53;250,0;17,6;19,4;17,8;19,1;20,0;0,0;0,5;5,39E-1;-541,2;20,00;3,0;3,1;38,17;0,12;0,004;0,0;0,01;0,053
175;13.07.2023;09:53:37;00:02:54;250,0;17,6;19,4;17,8;19,1;20,0;0,0;0,5;5,31E-1;-541,2;20,00;3,0;3,0;38,17;0,12;0,002;0,0;0,00;0,054
176;13.07.2023;09:53:38;00:02:55;250,0;17,6;19,4;17,8;19,1;20,0;0,0;0,5;5,18E-1;-541,2;20,00;3,0;3,0;38,17;0,12;0,000;0,0;0,00;0,054
177;13.07.2023;09:53:39;00:02:56;250,0;17,6;19,4;17,8;19,1;20,0;0,0;0,5;5,12E-1;-541,2;20,00;3,0;3,0;38,17;0,12;0,000;0,0;0,00;0,054
178;13.07.2023;09:53:40;00:02:57;250,0;17,6;19,4;17,9;19,1;20,0;0,0;0,5;5,01E-1;-541,2;20,00;3,0;3,0;38,17;0,12;0,004;0,0;0,01;0,053
179;13.07.2023;09:53:41;00:02:58;250,0;17,6;19,4;17,9;19,1;20,0;0,0;0,5;4,88E-1;-541,2;20,00;3,0;3,0;38,17;0,12;0,004;0,0;0,01;0,054
180;13.07.2023;09:53:42;00:02:59;250,0;17,6;19,4;17,9;19,0;20,0;0,0;0,5;4,83E-1;-541,2;20,00;3,0;3,0;38,17;0,12;0,001;0,0;0,00;0,054
181;13.07.2023;09:53:43;00:03:00;250,0;17,6;19,3;17,8;19,0;20,0;0,0;0,5;4,73E-1;-541,2;20,00;3,0;3,0;38,17;0,12;-0,002;0,0;0,01;0,054
182;13.07.2023;09:53:44;00:03:01;250,0;17,6;19,3;17,8;19,0;20,0;0,0;0,5;4,64E-1;-541,2;20,00;3,0;3,0;38,17;0,12;-0,002;0,0;0,00;0,054
183;13.07.2023;09:53:45;00:03:02;250,0;17,6;19,3;17,8;19,0;20,0;0,0;0,5;4,59E-1;-541,2;20,00;3,0;3,0;38,17;0,12;-0,002;0,0;0,01;0,054
184;13.07.2023;09:53:46;00:03:03;250,0;17,6;19,3;17,9;19,0;20,0;0,0;0,4;4,49E-1;-541,2;20,00;3,0;3,0;38,17;0,12;-0,001;0,0;0,00;0,054
185;13.07.2023;09:53:47;00:03:04;250,0;17,6;19,3;17,9;19,0;20,0;0,0;0,4;4,39E-1;-541,2;20,00;3,0;3,0;38,17;0,12;0,000;0,0;0,00;0,054
186;13.07.2023;09:53:48;00:03:05;250,0;17,6;19,3;17,9;19,0;20,0;0,0;0,4;4,36E-1;-541,2;20,00;3,0;2,9;38,17;0,12;-0,001;0,0;0,01;0,054
187;13.07.2023;09:53:49;00:03:06;250,0;17,6;19,3;17,9;19,0;20,0;0,0;0,4;4,28E-1;-541,2;20,00;3,0;2,9;38,17;0,12;-0,001;0,0;0,01;0,054
188;13.07.2023;09:53:50;00:03:07;250,0;17,6;19,3;17,9;19,0;20,0;0,0;0,4;4,19E-1;-541,2;20,00;3,0;3,0;38,17;0,12;0,003;0,0;0,01;0,054
189;13.07.2023;09:53:51;00:03:08;250,0;17,6;19,3;17,9;19,0;20,0;0,0;0,4;4,15E-1;-541,2;20,00;3,0;3,1;38,17;0,12;0,002;0,0;0,00;0,053
190;13.07.2023;09:53:52;00:03:09;250,0;17,6;19,3;17,9;19,1;20,0;0,0;0,4;4,08E-1;-541,2;20,00;3,0;3,0;38,17;0,12;0,005;0,0;0,01;0,054
191;13.07.2023;09:53:53;00:03:10;250,0;17,6;19,3;17,9;19,1;20,0;0,0;0,4;4,03E-1;-541,2;20,00;3,0;3,0;38,17;0,12;0,007;0,0;0,00;0,054
192;13.07.2023;09:53:54;00:03:11;250,0;17,6;19,3;17,9;19,1;20,0;0,0;0,4;3,96E-1;-541,2;20,00;3,0;3,0;38,17;0,12;0,008;0,0;0,00;0,054
193;13.07.2023;09:53:55;00:03:12;250,0;17,6;19,3;17,9;19,1;20,0;0,0;0,4;3,90E-1;-541,2;20,00;3,0;3,0;38,17;0,12;0,010;0,0;0,01;0,053
194;13.07.2023;09:53:56;00:03:13;250,0;17,6;19,3;17,9;19,1;20,4;0,2;0,4;3,86E-1;-541,2;20,00;3,0;3,0;38,17;0,12;0,007;0,0;0,01;0,054
195;13.07.2023;09:53:57;00:03:14;250,0;17,6;19,3;17,9;19,1;21,5;0,3;0,4;3,80E-1;-541,2;20,00;3,0;3,0;38,17;0,12;0,007;0,0;0,00;0,054
196;13.07.2023;09:53:58;00:03:15;250,0;17,6;19,3;17,9;19,1;22,6;0,4;0,4;3,74E-1;-541,2;20,00;3,0;3,0;38,17;0,12;0,004;0,0;0,01;0,054
197;13.07.2023;09:53:59;00:03:16;250,0;17,6;19,3;17,9;19,1;23,2;0,5;0,4;3,70E-1;-541,2;20,00;3,0;3,0;38,17;0,12;0,003;0,0;0,00;0,054
198;13.07.2023;09:54:00;00:03:17;250,0;17,6;19,3;17,9;19,1;24,3;0,6;0,4;3,64E-1;-541,2;20,00;3,0;3,0;38,17;0,12;0,004;0,0;0,00;0,054
199;13.07.2023;09:54:01;00:03:18;250,0;17,5;19,3;17,8;19,1;25,4;0,7;0,4;3,58E-1;-541,2;20,00;3,0;3,0;38,17;0,12;0,001;0,0;0,00;0,054
200;13.07.2023;09:54:02;00:03:19;250,0;17,5;19,3;17,8;19,0;26,0;0,8;0,4;3,57E-1;-541,2;20,00;3,0;3,0;38,17;0,12;0,002;0,0;0,01;0,054
201;13.07.2023;09:54:03;00:03:20;250,0;17,5;19,3;17,8;19,0;27,1;0,9;0,4;3,53E-1;-541,2;20,00;3,0;3,0;38,17;0,12;0,001;0,0;0,01;0,054
202;13.07.2023;09:54:04;00:03:21;250,0;17,5;19,2;17,8;19,0;27,6;0,9;0,4;3,51E-1;-541,2;20,00;3,0;3,0;38,17;0,12;0,002;0,0;0,01;0,053
203;13.07.2023;09:54:05;00:03:22;250,0;17,5;19,2;17,8;19,0;28,8;1,0;0,3;3,46E-1;-541,2;20,00;3,0;3,0;38,17;0,12;0,003;0,0;0,01;0,054
204;13.07.2023;09:54:06;00:03:23;250,0;17,5;19,2;17,8;19,0;29,9;1,1;0,3;3,42E-1;-541,2;20,00;3,0;3,0;38,17;0,12;0,003;0,0;0,00;0,053
205;13.07.2023;09:54:07;00:03:24;250,0;17,5;19,2;17,8;19,0;30,5;1,2;0,3;3,40E-1;-541,2;20,00;3,0;3,0;38,17;0,12;0,005;0,0;0,01;0,054
206;13.07.2023;09:54:08;00:03:25;250,0;17,5;19,2;17,8;19,0;31,5;1,3;0,3;3,36E-1;-541,2;20,00;3,0;2,9;38,17;0,12;0,000;0,0;0,01;0,054
207;13.07.2023;09:54:09;00:03:26;250,0;17,5;19,2;17,9;19,0;32,6;1,4;0,3;3,32E-1;-541,2;20,00;3,0;3,0;38,17;0,12;0,000;0,0;0,01;0,054
208;13.07.2023;09:54:10;00:03:27;250,0;17,5;19,2;17,9;19,0;33,2;1,5;0,3;3,30E-1;-541,2;20,00;3,0;3,0;38,17;0,12;-0,001;0,0;0,00;0,054
209;13.07.2023;09:54:11;00:03:28;250,0;17,5;19,2;17,9;19,0;34,4;1,6;0,3;3,27E-1;-541,2;20,00;3,0;3,0;38,17;0,12;-0,001;0,0;0,00;0,054
210;13.07.2023;09:54:12;00:03:29;250,0;17,5;19,3;17,9;19,0;35,5;1,7;0,3;3,24E-1;-541,2;20,00;3,0;3,0;38,17;0,12;0,001;0,0;0,00;0,054
211;13.07.2023;09:54:13;00:03:30;250,0;17,5;19,3;17,9;19,0;36,0;1,8;0,3;3,22E-1;-541,2;20,00;3,0;3,0;38,17;0,12;0,004;0,0;0,00;0,054
212;13.07.2023;09:54:14;00:03:31;250,0;17,6;19,3;17,9;19,0;37,1;1,9;0,3;3,19E-1;-541,2;20,00;3,0;3,0;38,17;0,12;0,004;0,0;0,00;0,053
213;13.07.2023;09:54:15;00:03:32;250,0;17,6;19,3;17,9;19,0;38,2;2,0;0,3;3,16E-1;-541,2;20,00;3,0;3,0;38,17;0,12;0,002;0,0;0,00;0,054
214;13.07.2023;09:54:16;00:03:33;250,0;17,6;19,3;17,9;19,0;38,8;2,0;0,3;3,14E-1;-541,2;20,00;3,0;3,0;38,17;0,12;0,001;0,0;0,01;0,054
215;13.07.2023;09:54:17;00:03:34;250,0;17,6;19,3;17,9;19,0;40,0;2,2;0,3;3,11E-1;-541,2;20,00;3,0;3,0;38,17;0,12;0,001;0,0;0,00;0,054
216;13.07.2023;09:54:18;00:03:35;250,0;17,6;19,3;17,9;19,0;40,5;2,2;0,3;3,10E-1;-541,2;20,00;3,0;3,0;38,17;0,12;0,002;0,0;0,01;0,054
217;13.07.2023;09:54:19;00:03:36;250,0;17,6;19,3;17,9;19,0;41,6;2,4;0,3;3,07E-1;-541,2;20,00;3,0;3,0;38,17;0,12;0,003;0,0;0,00;0,054
218;13.07.2023;09:54:20;00:03:37;250,0;17,6;19,3;17,9;19,0;42,7;2,5;0,3;3,04E-1;-541,2;20,00;3,0;3,0;38,17;0,12;0,000;0,0;0,01;0,054
219;13.07.2023;09:54:21;00:03:38;250,0;17,6;19,3;17,9;19,0;43,3;2,5;0,3;3,03E-1;-541,2;20,00;3,0;3,1;38,17;0,12;0,003;0,0;0,01;0,054
220;13.07.2023;09:54:22;00:03:39;250,0;17,6;19,3;18,0;19,1;44,4;2,6;0,3;3,00E-1;-541,2;20,00;3,0;3,0;38,17;0,12;0,001;0,0;0,00;0,054
221;13.07.2023;09:54:23;00:03:40;250,0;17,6;19,3;18,0;19,1;45,6;2,8;0,3;2,97E-1;-541,2;20,00;3,0;3,0;38,17;0,12;0,001;0,0;0,00;0,054
222;13.07.2023;09:54:24;00:03:41;250,0;17,6;19,3;18,0;19,1;46,1;2,8;0,3;2,96E-1;-541,2;20,00;3,0;3,0;38,17;0,12;0,002;0,0;0,01;0,050
223;13.07.2023;09:54:25;00:03:42;250,0;17,6;19,3;18,0;19,1;47,2;3,0;0,3;2,93E-1;-541,2;20,00;3,0;3,0;38,17;0,12;0,005;0,0;0,00;0,054
224;13.07.2023;09:54:26;00:03:43;250,0;17,6;19,3;18,0;19,1;48,3;3,1;0,3;2,91E-1;-541,2;20,00;3,0;2,9;38,17;0,12;0,002;0,0;0,01;0,054
225;13.07.2023;09:54:27;00:03:44;250,0;17,6;19,3;18,0;19,1;48,9;3,2;0,3;2,90E-1;-541,2;20,00;3,0;2,9;38,17;0,12;0,001;0,0;0,01;0,054
226;13.07.2023;09:54:28;00:03:45;250,0;17,6;19,3;18,0;19,1;50,0;3,3;0,3;2,88E-1;-541,2;20,00;3,0;3,0;38,17;0,12;0,000;0,0;0,00;0,054
227;13.07.2023;09:54:29;00:03:46;250,0;17,6;19,3;18,0;19,1;51,2;3,4;0,3;2,86E-1;-541,2;20,00;3,0;3,0;38,17;0,12;0,002;0,0;0,01;0,054
228;13.07.2023;09:54:30;00:03:47;250,0;17,6;19,3;18,0;19,1;51,7;3,5;0,3;2,84E-1;-541,2;20,00;3,0;3,0;38,17;0,12;0,003;0,0;0,01;0,054
229;13.07.2023;09:54:31;00:03:48;250,0;17,6;19,3;18,0;19,1;52,8;3,6;0,3;2,82E-1;-541,2;20,00;3,0;3,0;38,17;0,12;0,004;0,0;0,01;0,054
230;13.07.2023;09:54:32;00:03:49;250,0;17,6;19,3;18,0;19,1;53,4;3,7;0,3;2,81E-1;-541,2;20,00;3,0;3,0;38,17;0,12;0,001;0,0;0,00;0,054
231;13.07.2023;09:54:33;00:03:50;250,0;17,6;19,3;18,0;19,1;54,5;3,8;0,3;2,79E-1;-541,2;20,00;3,0;3,0;38,17;0,12;0,002;0,0;0,01;0,054
232;13.07.2023;09:54:34;00:03:51;250,0;17,7;19,3;18,0;19,1;55,6;3,9;0,3;2,77E-1;-541,2;20,00;3,0;3,0;38,17;0,12;0,004;0,0;0,01;0,054
233;13.07.2023;09:54:35;00:03:52;250,0;17,7;19,3;18,0;19,1;56,1;4,0;0,3;2,76E-1;-541,2;20,00;3,0;3,0;38,17;0,12;0,001;0,0;0,01;0,054
234;13.07.2023;09:54:36;00:03:53;250,0;17,7;19,3;18,0;19,1;57,3;4,1;0,3;2,74E-1;-541,2;20,00;3,0;3,0;38,17;0,12;0,002;0,0;0,00;0,054
235;13.07.2023;09:54:37;00:03:54;250,0;17,7;19,3;18,0;19,1;58,4;4,3;0,3;2,72E-1;-541,2;20,00;3,0;3,0;38,17;0,12;0,003;0,0;0,00;0,053
236;13.07.2023;09:54:38;00:03:55;250,0;17,7;19,3;18,0;19,1;59,0;4,3;0,3;2,71E-1;-541,2;20,00;3,0;3,0;38,17;0,12;0,001;0,0;0,00;0,054
237;13.07.2023;09:54:39;00:03:56;250,0;17,7;19,3;18,0;19,1;60,1;4,5;0,3;2,69E-1;-541,2;20,00;3,0;2,9;38,17;0,12;-0,003;0,0;0,00;0,054
238;13.07.2023;09:54:40;00:03:57;250,0;17,7;19,3;18,0;19,1;61,2;4,6;0,3;2,67E-1;-541,2;20,00;3,0;3,0;38,17;0,12;-0,003;0,0;0,01;0,054
239;13.07.2023;09:54:41;00:03:58;250,0;17,7;19,3;18,0;19,1;61,7;4,7;0,3;2,66E-1;-541,2;20,00;3,0;3,0;38,17;0,12;0,000;0,0;0,00;0,054
240;13.07.2023;09:54:42;00:03:59;250,0;17,7;19,3;18,0;19,1;62,9;4,8;0,3;2,64E-1;-541,2;20,00;3,0;3,0;38,17;0,12;0,000;0,0;0,00;0,054
241;13.07.2023;09:54:43;00:04:00;250,0;17,7;19,3;18,0;19,1;63,5;4,9;0,3;2,64E-1;-541,2;20,00;3,0;2,9;38,17;0,12;0,000;0,0;0,00;0,051
242;13.07.2023;09:54:44;00:04:01;250,0;17,7;19,3;18,0;19,1;64,6;5,0;0,3;2,62E-1;-541,2;20,00;3,0;3,0;38,17;0,12;0,004;0,0;0,00;0,054
243;13.07.2023;09:54:45;00:04:02;250,0;17,7;19,3;18,0;19,1;65,7;5,2;0,3;2,60E-1;-541,2;20,00;3,0;3,0;38,17;0,12;0,000;0,0;0,01;0,054
244;13.07.2023;09:54:46;00:04:03;250,0;17,7;19,3;18,0;19,1;66,2;5,2;0,3;2,59E-1;-541,2;20,00;3,0;2,9;38,17;0,12;-0,003;0,0;0,00;0,054
245;13.07.2023;09:54:47;00:04:04;250,0;17,7;19,3;18,0;19,1;67,3;5,4;0,3;2,58E-1;-541,2;20,00;3,0;3,0;38,17;0,12;0,000;0,0;0,01;0,054
246;13.07.2023;09:54:48;00:04:05;250,0;17,7;19,3;18,0;19,1;68,5;5,5;0,3;2,57E-1;-541,2;20,00;3,0;3,0;38,17;0,12;0,000;0,0;0,01;0,054
247;13.07.2023;09:54:49;00:04:06;250,0;17,7;19,3;18,0;19,1;69,0;5,6;0,3;2,56E-1;-541,2;20,00;3,0;3,0;38,17;0,12;0,000;0,0;0,00;0,054
248;13.07.2023;09:54:50;00:04:07;250,0;17,7;19,3;18,0;19,1;70,1;5,8;0,3;2,54E-1;-541,2;20,00;3,0;3,0;38,17;0,12;0,002;0,0;0,00;0,054
249;13.07.2023;09:54:51;00:04:08;250,0;17,7;19,3;18,0;19,1;71,2;5,9;0,3;2,53E-1;-541,2;20,00;3,0;3,0;38,17;0,12;0,005;0,0;0,00;0,054
250;13.07.2023;09:54:52;00:04:09;250,0;17,7;19,4;18,0;19,1;71,8;6,0;0,3;2,52E-1;-541,2;20,00;3,0;3,0;38,17;0,12;0,004;0,0;0,00;0,051
251;13.07.2023;09:54:53;00:04:10;250,0;17,7;19,4;18,0;19,2;72,9;6,1;0,3;2,50E-1;-541,2;20,00;3,0;3,0;38,17;0,12;0,005;0,0;0,00;0,053
252;13.07.2023;09:54:54;00:04:11;250,0;17,7;19,4;18,1;19,1;74,1;6,3;0,2;2,49E-1;-541,2;20,00;3,0;3,0;38,17;0,12;0,001;0,0;0,00;0,054
253;13.07.2023;09:54:55;00:04:12;250,0;17,7;19,4;18,1;19,1;74,6;6,3;0,2;2,48E-1;-541,2;20,00;3,0;2,9;38,17;0,12;-0,002;0,0;0,01;0,054
254;13.07.2023;09:54:56;00:04:13;250,0;17,7;19,4;18,1;19,1;76,0;6,5;0,2;2,47E-1;-541,2;20,00;3,0;3,0;38,17;0,12;-0,002;0,0;0,01;0,053
255;13.07.2023;09:54:57;00:04:14;250,0;17,7;19,4;18,1;19,1;76,8;6,6;0,2;2,46E-1;-541,2;20,00;3,0;3,0;38,17;0,12;0,002;0,0;0,00;0,054
256;13.07.2023;09:54:58;00:04:15;250,0;17,7;19,4;18,1;19,1;78,3;6,8;0,2;2,44E-1;-541,2;20,00;3,0;3,0;38,17;0,12;0,002;0,0;0,00;0,054
257;13.07.2023;09:54:59;00:04:16;250,0;17,7;19,4;18,1;19,2;79,8;7,0;0,2;2,43E-1;-541,2;20,00;3,0;3,0;38,17;0,12;0,006;0,0;0,00;0,054
258;13.07.2023;09:55:00;00:04:17;250,0;17,7;19,4;18,1;19,2;80,6;7,1;0,2;2,43E-1;-541,2;20,00;3,0;3,0;38,17;0,12;0,003;0,0;0,01;0,054
259;13.07.2023;09:55:01;00:04:18;250,0;17,7;19,4;18,1;19,2;82,1;7,3;0,2;2,42E-1;-541,2;20,00;3,0;2,9;38,17;0,12;-0,001;0,0;0,00;0,054
260;13.07.2023;09:55:02;00:04:19;250,0;17,6;19,3;18,0;19,1;83,6;7,5;0,2;2,40E-1;-541,2;20,00;3,0;3,0;38,17;0,12;0,001;0,0;0,01;0,054
261;13.07.2023;09:55:03;00:04:20;250,0;17,6;19,3;18,0;19,1;84,4;7,6;0,2;2,40E-1;-541,2;20,00;3,0;3,0;38,17;0,12;0,001;0,0;0,01;0,053
262;13.07.2023;09:55:04;00:04:21;250,0;17,6;19,3;18,0;19,1;85,9;7,8;0,2;2,39E-1;-541,2;20,00;3,0;2,9;38,17;0,12;0,000;0,0;0,01;0,054
263;13.07.2023;09:55:05;00:04:22;250,0;17,6;19,3;18,0;19,1;87,4;8,0;0,2;2,38E-1;-541,2;20,00;3,0;3,0;38,17;0,12;0,003;0,0;0,01;0,054
264;13.07.2023;09:55:06;00:04:23;250,0;17,6;19,3;18,0;19,1;88,3;8,1;0,2;2,37E-1;-541,2;20,00;3,0;3,0;38,17;0,12;0,003;0,0;0,00;0,054
265;13.07.2023;09:55:07;00:04:24;250,0;17,6;19,3;18,0;19,1;89,8;8,3;0,2;2,36E-1;-541,2;20,00;3,0;3,0;38,17;0,12;0,006;0,0;0,01;0,054
266;13.07.2023;09:55:08;00:04:25;250,0;17,6;19,3;18,0;19,1;91,3;8,5;0,2;2,35E-1;-541,2;20,00;3,0;3,0;38,17;0,12;0,004;0,0;0,00;0,054
267;13.07.2023;09:55:09;00:04:26;250,0;17,6;19,3;18,0;19,1;92,0;8,6;0,2;2,35E-1;-541,2;20,00;3,0;3,0;38,17;0,12;0,003;0,0;0,01;0,054
268;13.07.2023;09:55:10;00:04:27;250,0;17,7;19,3;18,0;19,1;93,5;8,8;0,2;2,34E-1;-541,2;20,00;3,0;3,1;38,17;0,12;0,004;0,0;0,01;0,054
269;13.07.2023;09:55:11;00:04:28;250,0;17,7;19,3;18,0;19,1;94,3;8,9;0,2;2,33E-1;-541,2;20,00;3,0;3,0;38,17;0,12;0,001;0,0;0,00;0,054
270;13.07.2023;09:55:12;00:04:29;250,0;17,7;19,3;18,0;19,1;95,9;9,1;0,2;2,32E-1;-541,2;20,00;3,0;2,9;38,17;0,12;-0,001;0,0;0,01;0,054
271;13.07.2023;09:55:13;00:04:30;250,0;17,7;19,3;18,0;19,1;97,4;9,3;0,2;2,31E-1;-541,2;20,00;3,0;3,0;38,17;0,12;0,002;0,0;0,00;0,054
272;13.07.2023;09:55:14;00:04:31;250,0;17,7;19,3;18,0;19,1;98,1;9,4;0,2;2,31E-1;-541,2;20,00;3,0;3,1;38,17;0,12;0,005;0,0;0,01;0,054
273;13.07.2023;09:55:15;00:04:32;250,0;17,7;19,3;18,0;19,1;99,6;9,6;0,2;2,30E-1;-541,2;20,00;3,0;3,0;38,17;0,12;0,003;0,0;0,00;0,054
274;13.07.2023;09:55:16;00:04:33;250,1;17,7;19,3;18,0;19,1;101,1;9,8;0,2;2,29E-1;-541,2;20,00;3,0;3,1;38,17;0,13;0,005;0,8;3,69;0,211
275;13.07.2023;09:55:17;00:04:34;250,2;17,7;19,3;18,0;19,0;101,9;9,9;0,2;2,29E-1;-541,2;20,00;3,0;3,0;38,17;0,13;0,016;0,8;3,69;0,216
276;13.07.2023;09:55:18;00:04:35;250,0;17,9;19,3;18,0;19,0;103,5;10,1;0,2;2,28E-1;-541,2;20,00;3,0;3,0;38,18;0,13;0,024;0,8;3,74;0,221
277;13.07.2023;09:55:19;00:04:36;250,0;17,9;19,3;18,0;19,1;105,0;10,3;0,2;2,27E-1;-541,2;20,00;3,0;3,1;38,18;0,13;0,021;0,8;3,76;0,225
278;13.07.2023;09:55:20;00:04:37;250,0;19,1;19,3;18,0;19,1;105,8;10,3;0,2;2,27E-1;-541,2;20,00;3,0;3,0;38,17;0,13;0,020;0,8;3,81;0,225
279;13.07.2023;09:55:21;00:04:38;250,1;19,1;19,4;18,0;19,2;107,3;10,5;0,2;2,26E-1;-541,2;20,00;3,0;3,0;38,18;0,13;0,012;0,8;3,76;0,227
280;13.07.2023;09:55:22;00:04:39;250,0;19,2;19,4;18,1;19,3;108,0;10,6;0,2;2,26E-1;-541,2;20,00;3,0;3,0;38,17;0,13;0,012;0,9;3,78;0,230
281;13.07.2023;09:55:23;00:04:40;250,2;22,2;19,4;18,1;19,3;109,5;10,8;0,2;2,25E-1;-541,2;20,00;3,0;2,9;38,17;0,13;0,001;0,9;3,79;0,230
282;13.07.2023;09:55:24;00:04:41;250,1;22,2;19,4;18,1;19,5;111,1;10,8;0,2;2,24E-1;-541,2;20,00;3,0;2,9;38,17;0,13;0,003;0,9;3,80;0,231
283;13.07.2023;09:55:25;00:04:42;250,1;26,7;19,5;18,1;19,9;112,6;10,6;0,2;2,24E-1;-541,2;20,00;3,0;3,0;38,18;0,13;0,009;0,9;3,74;0,234
284;13.07.2023;09:55:26;00:04:43;250,0;26,7;19,5;18,1;19,9;113,4;10,7;0,2;2,24E-1;-541,2;20,00;3,0;3,0;38,17;0,13;0,010;0,9;3,75;0,234
285;13.07.2023;09:55:27;00:04:44;250,0;32,7;19,5;18,1;20,0;114,9;10,4;0,2;2,23E-1;-541,2;20,00;3,0;3,0;38,17;0,13;0,003;0,9;3,72;0,230
286;13.07.2023;09:55:28;00:04:45;250,2;32,7;19,6;18,1;20,0;116,4;10,6;0,2;2,22E-1;-541,2;20,00;3,0;3,0;38,18;0,13;0,004;0,9;3,74;0,232
287;13.07.2023;09:55:29;00:04:46;250,1;39,3;19,6;18,1;20,1;117,1;10,2;0,2;2,22E-1;-541,2;20,00;3,0;3,0;38,17;0,13;0,009;0,9;3,76;0,233
288;13.07.2023;09:55:30;00:04:47;250,1;45,8;19,8;18,2;20,2;118,8;10,0;0,2;2,21E-1;-541,2;20,00;3,0;3,0;38,17;0,13;0,006;0,9;3,74;0,231
289;13.07.2023;09:55:31;00:04:48;250,0;45,8;19,8;18,2;20,2;120,3;10,0;0,2;2,20E-1;-541,2;20,00;3,0;3,0;38,18;0,13;0,007;0,8;3,65;0,230
290;13.07.2023;09:55:32;00:04:49;250,0;45,8;19,9;18,2;20,2;121,0;10,1;0,2;2,20E-1;-541,2;20,00;3,0;2,9;38,18;0,13;0,007;0,8;3,67;0,230
291;13.07.2023;09:55:33;00:04:50;250,0;52,3;19,9;18,2;20,2;122,5;9,7;0,2;2,19E-1;-541,2;20,00;3,0;3,0;38,18;0,13;0,012;0,8;3,64;0,229
292;13.07.2023;09:55:34;00:04:51;250,0;58,4;20,0;18,3;20,2;124,0;9,4;0,2;2,19E-1;-541,2;20,00;3,0;3,0;38,18;0,13;0,015;0,8;3,66;0,230
293;13.07.2023;09:55:35;00:04:52;250,0;58,4;20,0;18,3;20,2;124,8;9,4;0,2;2,18E-1;-541,2;20,00;3,0;3,0;38,18;0,13;0,016;0,8;3,63;0,225
294;13.07.2023;09:55:36;00:04:53;250,1;64,4;20,2;18,4;20,2;126,4;9,1;0,2;2,18E-1;-541,2;20,00;3,0;3,0;38,18;0,13;0,016;0,8;3,61;0,225
295;13.07.2023;09:55:37;00:04:54;250,0;64,4;20,3;18,4;20,2;127,9;9,3;0,2;2,17E-1;-541,2;20,00;3,0;3,0;38,18;0,13;0,014;0,8;3,62;0,225
296;13.07.2023;09:55:38;00:04:55;250,0;70,1;20,3;18,4;20,2;128,6;9,4;0,2;2,16E-1;-541,2;20,00;3,0;3,0;38,18;0,13;0,018;0,8;3,63;0,225
297;13.07.2023;09:55:39;00:04:56;250,0;70,1;20,3;18,4;20,3;130,1;9,1;0,2;2,16E-1;-541,2;20,00;3,0;2,9;38,18;0,13;0,017;0,8;3,56;0,225
298;13.07.2023;09:55:40;00:04:57;250,0;75,5;20,4;18,5;20,3;130,9;8,8;0,2;2,15E-1;-541,2;20,00;3,0;3,0;38,18;0,13;0,021;0,8;3,56;0,225
299;13.07.2023;09:55:41;00:04:58;250,0;75,5;20,3;18,5;20,3;132,4;8,9;0,2;2,15E-1;-541,2;20,00;3,0;3,0;38,18;0,13;0,024;0,8;3,58;0,223
300;13.07.2023;09:55:42;00:04:59;250,0;80,9;20,5;18,5;20,2;134,0;8,6;0,2;2,14E-1;-541,2;20,00;3,0;3,0;38,18;0,13;0,024;0,8;3,59;0,225
301;13.07.2023;09:55:43;00:05:00;250,0;80,9;20,5;18,5;20,2;134,8;8,7;0,2;2,13E-1;-541,2;20,00;3,0;3,0;38,18;0,13;0,025;0,8;3,56;0,220
302;13.07.2023;09:55:44;00:05:01;250,0;80,9;20,6;18,5;20,2;136,3;8,9;0,2;2,13E-1;-541,2;20,00;3,0;3,0;38,18;0,13;0,022;0,8;3,58;0,223
303;13.07.2023;09:55:45;00:05:02;250,0;86,0;20,6;18,6;20,2;137,8;8,6;0,2;2,12E-1;-541,2;20,00;3,0;3,0;38,18;0,13;0,021;0,8;3,53;0,220
304;13.07.2023;09:55:46;00:05:03;250,1;86,0;20,7;18,7;20,2;138,5;8,7;0,2;2,12E-1;-541,2;20,00;3,0;3,0;38,18;0,13;0,019;0,8;3,56;0,223
305;13.07.2023;09:55:47;00:05:04;250,1;90,9;20,7;18,7;20,2;140,0;8,4;0,2;2,11E-1;-541,2;20,00;3,0;3,0;38,18;0,13;0,012;0,8;3,50;0,220
306;13.07.2023;09:55:48;00:05:05;250,1;95,6;20,8;18,9;20,2;141,6;8,6;0,2;2,10E-1;-541,2;20,00;3,0;3,0;38,18;0,13;0,020;0,8;3,54;0,222
307;13.07.2023;09:55:49;00:05:06;250,0;95,6;20,8;18,9;20,3;142,4;8,3;0,2;2,10E-1;-541,2;20,00;3,0;3,0;38,18;0,13;0,023;0,8;3,51;0,223
308;13.07.2023;09:55:50;00:05:07;250,2;99,9;21,0;19,0;20,3;143,9;8,2;0,2;2,09E-1;-541,2;20,00;3,0;2,9;38,18;0,13;0,016;0,8;3,53;0,221
309;13.07.2023;09:55:51;00:05:08;250,1;99,9;21,0;19,0;20,3;144,6;8,2;0,2;2,09E-1;-541,2;20,00;3,0;3,0;38,18;0,13;0,020;0,8;3,50;0,220
310;13.07.2023;09:55:52;00:05:09;250,0;99,9;21,1;19,0;20,3;146,1;8,3;0,2;2,08E-1;-541,2;20,00;3,0;3,0;38,18;0,13;0,019;0,8;3,49;0,220
311;13.07.2023;09:55:53;00:05:10;250,1;104,0;21,1;19,1;20,4;147,6;8,1;0,2;2,07E-1;-541,2;20,00;3,0;2,9;38,18;0,14;0,013;0,8;3,48;0,219
312;13.07.2023;09:55:54;00:05:11;250,0;104,0;21,2;19,2;20,4;148,5;8,2;0,2;2,07E-1;-541,2;20,00;3,0;3,0;38,18;0,13;0,019;0,8;3,54;0,220
313;13.07.2023;09:55:55;00:05:12;250,0;107,9;21,2;19,2;20,4;150,0;8,1;0,2;2,06E-1;-541,2;20,00;3,0;3,0;38,18;0,14;0,018;0,8;3,44;0,220
314;13.07.2023;09:55:56;00:05:13;250,0;107,9;21,3;19,3;20,4;151,5;8,2;0,2;2,05E-1;-541,2;20,00;3,0;3,0;38,18;0,14;0,015;0,8;3,49;0,220
315;13.07.2023;09:55:57;00:05:14;250,0;111,6;21,3;19,3;20,4;152,3;8,0;0,2;2,05E-1;-541,2;20,00;3,0;3,0;38,18;0,14;0,017;0,8;3,48;0,220
316;13.07.2023;09:55:58;00:05:15;250,1;115,1;21,4;19,4;20,4;153,8;8,0;0,2;2,04E-1;-541,2;20,00;3,0;3,1;38,18;0,13;0,020;0,8;3,47;0,220
317;13.07.2023;09:55:59;00:05:16;250,1;115,1;21,4;19,4;20,4;155,3;8,0;0,2;2,03E-1;-541,2;20,00;3,0;3,0;38,18;0,13;0,014;0,8;3,44;0,220
318;13.07.2023;09:56:00;00:05:17;250,0;118,5;21,4;19,5;20,4;156,0;7,8;0,2;2,03E-1;-541,2;20,00;3,0;3,0;38,18;0,14;0,012;0,8;3,50;0,220
319;13.07.2023;09:56:01;00:05:18;250,1;118,4;21,4;19,5;20,4;157,6;8,0;0,2;2,02E-1;-541,2;20,00;3,0;3,0;38,19;0,14;0,020;0,8;3,46;0,220
320;13.07.2023;09:56:02;00:05:19;250,1;118,4;21,5;19,6;20,3;159,1;8,2;0,2;2,02E-1;-541,2;20,00;3,0;3,0;38,18;0,14;0,014;0,8;3,51;0,220
321;13.07.2023;09:56:03;00:05:20;250,1;121,8;21,5;19,6;20,3;159,9;8,0;0,2;2,02E-1;-541,2;20,00;3,0;3,0;38,19;0,14;0,014;0,8;3,51;0,222
322;13.07.2023;09:56:04;00:05:21;250,1;121,8;21,6;19,6;20,3;161,4;8,1;0,2;2,01E-1;-541,2;20,00;3,0;3,0;38,19;0,14;0,011;0,8;3,49;0,220
323;13.07.2023;09:56:05;00:05:22;250,0;125,1;21,6;19,7;20,3;162,1;7,9;0,2;2,01E-1;-541,2;20,00;3,0;3,1;38,19;0,14;0,017;0,8;3,49;0,220
324;13.07.2023;09:56:06;00:05:23;250,0;128,3;21,6;19,8;20,3;163,6;8,1;0,2;2,00E-1;-541,2;20,00;3,0;3,0;38,19;0,14;0,012;0,8;3,48;0,220
325;13.07.2023;09:56:07;00:05:24;250,0;128,3;21,6;19,8;20,4;165,3;7,9;0,2;1,99E-1;-541,2;20,00;3,0;3,0;38,19;0,14;0,010;0,8;3,48;0,220
326;13.07.2023;09:56:08;00:05:25;250,0;128,3;21,7;19,8;20,4;166,0;8,0;0,2;1,99E-1;-541,2;20,00;3,0;3,1;38,19;0,14;0,013;0,8;3,47;0,220
327;13.07.2023;09:56:09;00:05:26;250,0;131,5;21,7;19,9;20,4;167,5;7,9;0,2;1,98E-1;-541,2;20,00;3,0;3,0;38,18;0,14;0,010;0,8;3,48;0,220
328;13.07.2023;09:56:10;00:05:27;250,0;134,3;21,8;20,0;20,4;169,0;7,9;0,2;1,97E-1;-541,2;20,00;3,0;3,0;38,19;0,14;0,010;0,8;3,44;0,220
329;13.07.2023;09:56:11;00:05:28;250,0;134,3;21,8;20,0;20,4;169,8;7,9;0,2;1,97E-1;-541,2;20,00;3,0;3,0;38,19;0,14;0,015;0,8;3,43;0,220
330;13.07.2023;09:56:12;00:05:29;250,0;134,3;21,8;20,1;20,4;171,3;8,1;0,2;1,96E-1;-541,2;20,00;3,0;3,0;38,19;0,14;0,017;0,8;3,50;0,220
331;13.07.2023;09:56:13;00:05:30;250,1;137,1;21,8;20,1;20,4;172,9;8,0;0,2;1,96E-1;-541,2;20,00;3,0;3,0;38,19;0,14;0,012;0,8;3,47;0,220
332;13.07.2023;09:56:14;00:05:31;250,1;139,7;21,9;20,2;20,4;173,6;8,1;0,2;1,95E-1;-541,2;20,00;3,0;3,0;38,19;0,14;0,011;0,8;3,46;0,220
333;13.07.2023;09:56:15;00:05:32;250,0;139,7;21,9;20,2;20,4;175,1;8,0;0,2;1,95E-1;-541,2;20,00;3,0;3,0;38,19;0,14;0,009;0,8;3,48;0,221
334;13.07.2023;09:56:16;00:05:33;250,1;142,3;21,9;20,3;20,4;176,6;8,0;0,2;1,94E-1;-541,2;20,00;3,0;3,0;38,19;0,14;0,012;0,8;3,49;0,220
335;13.07.2023;09:56:17;00:05:34;250,0;142,3;22,0;20,3;20,4;177,4;8,0;0,2;1,94E-1;-541,2;20,00;3,0;3,0;38,19;0,14;0,011;0,8;3,48;0,220
336;13.07.2023;09:56:18;00:05:35;250,2;144,9;22,0;20,4;20,4;178,9;8,0;0,2;1,93E-1;-541,2;20,00;3,0;3,0;38,19;0,14;0,008;0,8;3,51;0,222
337;13.07.2023;09:56:19;00:05:36;250,0;144,9;22,0;20,4;20,4;179,6;8,1;0,2;1,93E-1;-541,2;20,00;3,0;3,0;38,19;0,14;0,009;0,8;3,47;0,220
338;13.07.2023;09:56:20;00:05:37;250,1;147,3;22,0;20,5;20,4;181,3;8,0;0,2;1,92E-1;-541,2;20,00;3,0;3,0;38,19;0,14;0,007;0,8;3,48;0,224
339;13.07.2023;09:56:21;00:05:38;250,0;147,3;22,0;20,5;20,4;182,8;8,2;0,2;1,91E-1;-541,2;20,00;3,0;3,0;38,19;0,14;0,000;0,8;3,46;0,223
340;13.07.2023;09:56:22;00:05:39;250,1;147,3;22,1;20,6;20,4;183,5;8,3;0,2;1,91E-1;-541,2;20,00;3,0;3,0;38,19;0,14;0,006;0,8;3,51;0,225
341;13.07.2023;09:56:23;00:05:40;250,0;149,9;22,1;20,6;20,4;185,0;8,2;0,2;1,90E-1;-541,2;20,00;3,0;3,0;38,19;0,14;0,004;0,8;3,48;0,225
342;13.07.2023;09:56:24;00:05:41;250,0;149,9;22,1;20,6;20,4;186,5;8,4;0,2;1,90E-1;-541,2;20,00;3,0;3,0;38,19;0,14;0,006;0,8;3,49;0,225
343;13.07.2023;09:56:25;00:05:42;250,0;152,5;22,1;20,6;20,5;187,3;8,2;0,2;1,89E-1;-541,2;20,00;3,0;3,0;38,19;0,14;0,006;0,8;3,51;0,225
344;13.07.2023;09:56:26;00:05:43;250,1;155,0;22,2;20,7;20,5;188,9;8,3;0,2;1,89E-1;-541,2;20,00;3,0;3,0;38,19;0,14;0,005;0,8;3,50;0,225
345;13.07.2023;09:56:27;00:05:44;250,1;155,0;22,2;20,7;20,5;190,4;8,3;0,2;1,88E-1;-541,2;20,00;3,0;3,1;38,19;0,14;0,007;0,8;3,52;0,226
346;13.07.2023;09:56:28;00:05:45;250,0;155,0;22,2;20,7;20,5;191,1;8,4;0,2;1,88E-1;-541,2;20,00;3,0;3,0;38,19;0,14;0,005;0,8;3,52;0,226
347;13.07.2023;09:56:29;00:05:46;250,1;157,4;22,2;20,8;20,5;192,6;8,4;0,2;1,87E-1;-541,2;20,00;3,0;2,9;38,19;0,14;0,011;0,8;3,52;0,225
348;13.07.2023;09:56:30;00:05:47;250,1;157,4;22,2;20,8;20,5;193,4;8,5;0,2;1,87E-1;-541,2;20,00;3,0;3,0;38,19;0,14;0,004;0,8;3,51;0,225
349;13.07.2023;09:56:31;00:05:48;250,0;159,7;22,3;20,9;20,5;194,9;8,4;0,2;1,86E-1;-541,2;20,00;3,0;3,0;38,19;0,14;0,002;0,8;3,51;0,226
350;13.07.2023;09:56:32;00:05:49;250,2;159,7;22,3;20,9;20,5;196,5;8,6;0,2;1,86E-1;-541,2;20,00;3,0;3,0;38,19;0,14;0,007;0,8;3,51;0,226
351;13.07.2023;09:56:33;00:05:50;250,0;161,9;22,3;20,9;20,6;197,3;8,5;0,2;1,85E-1;-541,2;20,00;3,0;3,0;38,19;0,14;0,005;0,8;3,54;0,230
352;13.07.2023;09:56:34;00:05:51;250,1;164,1;22,4;21,0;20,6;198,8;8,6;0,2;1,85E-1;-541,2;20,00;3,0;3,1;38,19;0,14;0,003;0,8;3,55;0,228
353;13.07.2023;09:56:35;00:05:52;250,1;164,1;22,4;21,0;20,6;200,3;8,6;0,2;1,84E-1;-541,2;20,00;3,0;3,0;38,19;0,14;0,004;0,8;3,54;0,230
354;13.07.2023;09:56:36;00:05:53;250,1;164,1;22,4;21,0;20,6;201,0;8,7;0,2;1,84E-1;-541,2;20,00;3,0;3,0;38,19;0,14;0,007;0,8;3,52;0,230
355;13.07.2023;09:56:37;00:05:54;250,0;166,4;22,4;21,1;20,6;202,5;8,7;0,2;1,83E-1;-541,2;20,00;3,0;3,0;38,19;0,14;0,004;0,8;3,52;0,230
356;13.07.2023;09:56:38;00:05:55;250,0;168,6;22,4;21,1;20,6;204,1;8,7;0,2;1,83E-1;-541,2;20,00;3,0;3,0;38,19;0,14;0,007;0,8;3,57;0,230
357;13.07.2023;09:56:39;00:05:56;250,0;168,6;22,4;21,1;20,6;204,9;8,7;0,2;1,82E-1;-541,2;20,00;3,0;3,0;38,19;0,14;0,010;0,8;3,54;0,231
358;13.07.2023;09:56:40;00:05:57;250,0;168,6;22,5;21,2;20,6;206,4;8,9;0,2;1,82E-1;-541,2;20,00;3,0;3,0;38,19;0,14;0,005;0,8;3,50;0,230
359;13.07.2023;09:56:41;00:05:58;250,1;170,7;22,5;21,2;20,5;207,9;8,9;0,2;1,81E-1;-541,2;20,00;3,0;3,0;38,19;0,14;0,005;0,8;3,55;0,230
360;13.07.2023;09:56:42;00:05:59;250,1;170,7;22,5;21,1;20,5;208,6;9,0;0,2;1,81E-1;-541,2;20,00;3,0;2,9;38,19;0,14;0,004;0,8;3,54;0,231
361;13.07.2023;09:56:43;00:06:00;250,3;173,0;22,5;21,2;20,6;210,1;8,9;0,2;1,80E-1;-541,2;20,00;3,0;3,0;38,19;0,14;0,006;0,8;3,55;0,234
362;13.07.2023;09:56:44;00:06:01;250,0;173,0;22,5;21,2;20,6;211,0;9,0;0,2;1,80E-1;-541,2;20,00;3,0;3,0;38,19;0,14;0,004;0,8;3,59;0,234
363;13.07.2023;09:56:45;00:06:02;250,1;175,3;22,5;21,3;20,6;212,5;9,0;0,2;1,80E-1;-541,2;20,00;3,0;2,9;38,19;0,14;0,001;0,8;3,62;0,234
364;13.07.2023;09:56:46;00:06:03;250,2;175,3;22,6;21,3;20,6;214,0;9,1;0,2;1,79E-1;-541,2;20,00;3,0;2,9;38,19;0,14;-0,001;0,8;3,62;0,234
365;13.07.2023;09:56:47;00:06:04;250,1;177,4;22,6;21,3;20,6;214,8;9,2;0,2;1,79E-1;-541,2;20,00;3,0;3,0;38,19;0,14;0,002;0,8;3,62;0,234
366;13.07.2023;09:56:48;00:06:05;250,2;177,4;22,6;21,3;20,6;216,3;9,2;0,2;1,78E-1;-541,2;20,00;3,0;3,0;38,19;0,14;0,004;0,8;3,56;0,234
367;13.07.2023;09:56:49;00:06:06;250,1;179,6;22,6;21,4;20,6;217,8;9,2;0,2;1,78E-1;-541,2;20,00;3,0;3,0;38,19;0,14;0,001;0,8;3,54;0,234
368;13.07.2023;09:56:50;00:06:07;250,1;179,6;22,7;21,4;20,6;218,6;9,3;0,2;1,77E-1;-541,2;20,00;3,0;3,0;38,19;0,14;0,003;0,8;3,58;0,235
369;13.07.2023;09:56:51;00:06:08;250,0;181,7;22,7;21,4;20,6;220,1;9,3;0,2;1,77E-1;-541,2;20,00;3,0;3,0;38,19;0,14;0,002;0,8;3,55;0,234
370;13.07.2023;09:56:52;00:06:09;250,1;181,7;22,7;21,5;20,6;221,6;9,4;0,2;1,76E-1;-541,2;20,00;3,0;3,0;38,19;0,14;0,004;0,8;3,59;0,237
371;13.07.2023;09:56:53;00:06:10;250,0;183,7;22,7;21,5;20,6;222,4;9,3;0,2;1,76E-1;-541,2;20,00;3,0;3,0;38,19;0,14;0,003;0,8;3,59;0,235
372;13.07.2023;09:56:54;00:06:11;250,1;185,7;22,8;21,5;20,6;223,9;9,4;0,2;1,76E-1;-541,2;20,00;3,0;3,0;38,19;0,14;-0,002;0,8;3,63;0,236
373;13.07.2023;09:56:55;00:06:12;250,0;185,7;22,8;21,5;20,6;225,5;9,5;0,2;1,75E-1;-541,2;20,00;3,0;3,0;38,19;0,14;-0,001;0,8;3,57;0,238
374;13.07.2023;09:56:56;00:06:13;250,2;185,7;22,8;21,6;20,6;226,3;9,6;0,2;1,75E-1;-541,2;20,00;3,0;3,0;38,19;0,14;0,001;0,9;3,62;0,239
375;13.07.2023;09:56:57;00:06:14;250,0;187,7;22,8;21,6;20,6;227,8;9,6;0,2;1,75E-1;-541,2;20,00;3,0;3,0;38,19;0,14;0,000;0,9;3,61;0,237
376;13.07.2023;09:56:58;00:06:15;250,1;187,7;22,8;21,6;20,6;228,5;9,7;0,2;1,74E-1;-541,2;20,00;3,0;3,0;38,19;0,14;0,002;0,9;3,60;0,239
377;13.07.2023;09:56:59;00:06:16;250,0;189,7;22,8;21,6;20,7;230,0;9,7;0,2;1,74E-1;-541,2;20,00;3,0;2,9;38,19;0,14;0,001;0,9;3,61;0,239
378;13.07.2023;09:57:00;00:06:17;250,0;189,7;22,9;21,7;20,7;231,5;9,8;0,2;1,73E-1;-541,2;20,00;3,0;3,0;38,19;0,14;0,001;0,9;3,64;0,239
379;13.07.2023;09:57:01;00:06:18;250,0;191,6;22,9;21,7;20,7;232,3;9,8;0,2;1,73E-1;-541,2;20,00;3,0;3,1;38,19;0,14;0,002;0,9;3,64;0,241
380;13.07.2023;09:57:02;00:06:19;250,0;191,7;23,0;21,8;20,8;233,9;9,9;0,2;1,73E-1;-541,2;20,00;3,0;3,1;38,19;0,14;0,006;0,9;3,67;0,241
381;13.07.2023;09:57:03;00:06:20;250,0;193,8;23,0;21,8;20,8;235,4;9,9;0,2;1,72E-1;-541,2;20,00;3,0;3,1;38,19;0,14;0,001;0,9;3,65;0,244
382;13.07.2023;09:57:04;00:06:21;250,0;193,8;23,0;21,8;20,8;236,1;10,0;0,2;1,72E-1;-541,2;20,00;3,0;3,0;38,19;0,14;0,000;0,9;3,64;0,242
383;13.07.2023;09:57:05;00:06:22;250,0;195,9;23,0;21,8;20,8;237,6;10,0;0,2;1,71E-1;-541,2;20,00;3,0;3,0;38,19;0,14;0,000;0,9;3,67;0,242
384;13.07.2023;09:57:06;00:06:23;250,0;195,9;23,1;21,9;20,8;239,1;10,1;0,2;1,71E-1;-541,2;20,00;3,0;3,0;38,19;0,14;0,004;0,9;3,67;0,244
385;13.07.2023;09:57:07;00:06:24;250,0;198,0;23,1;21,9;20,8;239,9;10,1;0,2;1,71E-1;-541,2;20,00;3,0;3,0;38,19;0,14;0,005;0,9;3,68;0,247
386;13.07.2023;09:57:08;00:06:25;250,2;198,0;23,1;21,9;20,8;241,5;10,2;0,2;1,70E-1;-541,2;20,00;3,0;3,0;38,19;0,14;0,006;0,9;3,70;0,244
387;13.07.2023;09:57:09;00:06:26;250,1;200,0;23,1;21,9;20,8;242,3;10,1;0,2;1,70E-1;-541,2;20,00;3,0;3,0;38,19;0,14;0,002;0,9;3,70;0,244
388;13.07.2023;09:57:10;00:06:27;250,1;202,0;23,2;22,0;20,8;243,8;10,3;0,2;1,69E-1;-541,2;20,00;3,0;3,0;38,19;0,14;0,001;0,9;3,66;0,245
389;13.07.2023;09:57:11;00:06:28;250,0;202,0;23,2;22,0;20,8;245,3;10,3;0,2;1,69E-1;-541,2;20,00;3,0;3,0;38,19;0,14;0,002;0,9;3,70;0,248
390;13.07.2023;09:57:12;00:06:29;250,2;202,0;23,2;22,0;20,8;246,0;10,4;0,2;1,69E-1;-541,2;20,00;3,0;3,0;38,19;0,14;0,004;0,9;3,69;0,249
391;13.07.2023;09:57:13;00:06:30;250,0;204,0;23,2;22,0;20,8;247,5;10,4;0,2;1,68E-1;-541,2;20,00;3,0;3,0;38,19;0,14;-0,001;0,9;3,70;0,244
392;13.07.2023;09:57:14;00:06:31;250,1;206,0;23,2;22,1;20,8;249,1;10,4;0,2;1,68E-1;-541,2;20,00;3,0;3,0;38,19;0,14;-0,001;0,9;3,69;0,249
393;13.07.2023;09:57:15;00:06:32;250,2;206,0;23,2;22,1;20,8;249,9;10,5;0,2;1,68E-1;-541,2;20,00;3,0;3,0;38,19;0,14;0,000;0,9;3,70;0,249
394;13.07.2023;09:57:16;00:06:33;250,3;206,0;23,3;22,1;20,8;251,4;10,6;0,2;1,67E-1;-541,2;20,00;3,0;3,0;38,19;0,14;0,001;0,9;3,67;0,249
395;13.07.2023;09:57:17;00:06:34;250,0;207,9;23,3;22,1;20,9;252,9;10,6;0,2;1,67E-1;-541,2;20,00;3,0;3,0;38,19;0,14;0,004;0,9;3,71;0,249
396;13.07.2023;09:57:18;00:06:35;250,1;207,9;23,3;22,2;20,9;253,6;10,7;0,2;1,66E-1;-541,2;20,00;3,0;3,1;38,19;0,14;0,001;0,9;3,74;0,252
397;13.07.2023;09:57:19;00:06:36;250,0;209,9;23,3;22,2;20,9;255,1;10,7;0,2;1,66E-1;-541,2;20,00;3,0;3,0;38,19;0,14;0,000;0,9;3,73;0,254
398;13.07.2023;09:57:20;00:06:37;250,2;211,9;23,4;22,2;20,9;256,8;10,7;0,2;1,66E-1;-541,2;20,00;3,0;3,0;38,19;0,14;0,002;0,9;3,72;0,249
399;13.07.2023;09:57:21;00:06:38;250,2;211,9;23,4;22,2;20,9;257,5;10,8;0,2;1,65E-1;-541,2;20,00;3,0;2,9;38,19;0,14;-0,002;0,9;3,72;0,253
400;13.07.2023;09:57:22;00:06:39;250,1;211,8;23,3;22,2;20,9;259,0;11,0;0,2;1,65E-1;-541,2;20,00;3,0;3,0;38,19;0,14;0,003;0,9;3,77;0,254
401;13.07.2023;09:57:23;00:06:40;250,1;214,0;23,4;22,2;20,9;259,8;11,1;0,2;1,65E-1;-541,2;20,00;3,0;3,0;38,19;0,14;0,002;1,0;3,77;0,255
402;13.07.2023;09:57:24;00:06:41;250,2;214,0;23,4;22,2;20,9;261,3;11,1;0,2;1,64E-1;-541,2;20,00;3,0;3,0;38,19;0,14;0,006;1,0;3,78;0,253
403;13.07.2023;09:57:25;00:06:42;250,0;216,2;23,4;22,3;20,9;262,8;11,1;0,2;1,64E-1;-541,2;20,00;3,0;3,0;38,19;0,14;0,001;1,0;3,70;0,254
404;13.07.2023;09:57:26;00:06:43;250,1;216,2;23,5;22,3;20,9;263,6;11,2;0,2;1,64E-1;-541,2;20,00;3,0;3,0;38,19;0,14;0,001;1,0;3,75;0,254
405;13.07.2023;09:57:27;00:06:44;250,0;218,4;23,5;22,4;20,9;265,1;11,2;0,2;1,63E-1;-541,2;20,00;3,0;3,0;38,19;0,14;-0,001;1,0;3,79;0,257
406;13.07.2023;09:57:28;00:06:45;250,1;218,4;23,5;22,4;20,9;266,6;11,3;0,2;1,63E-1;-541,2;20,00;3,0;3,0;38,19;0,14;-0,002;1,0;3,75;0,254
407;13.07.2023;09:57:29;00:06:46;250,2;220,6;23,5;22,4;20,9;267,4;11,2;0,2;1,63E-1;-541,2;20,00;3,0;3,1;38,19;0,14;0,005;1,0;3,75;0,254
408;13.07.2023;09:57:30;00:06:47;250,0;220,6;23,6;22,5;20,9;268,9;11,4;0,2;1,63E-1;-541,2;20,00;3,0;3,0;38,19;0,14;0,000;1,0;3,75;0,256
409;13.07.2023;09:57:31;00:06:48;250,1;222,6;23,6;22,5;20,9;270,4;11,4;0,2;1,62E-1;-541,2;20,00;3,0;3,0;38,19;0,14;0,001;1,0;3,76;0,259
410;13.07.2023;09:57:32;00:06:49;250,0;222,6;23,6;22,5;20,9;271,3;11,5;0,2;1,62E-1;-541,2;20,00;3,0;3,0;38,19;0,14;0,002;1,0;3,75;0,258
411;13.07.2023;09:57:33;00:06:50;250,0;224,6;23,6;22,5;20,9;272,8;11,5;0,2;1,62E-1;-541,2;20,00;3,0;3,1;38,19;0,14;0,004;1,0;3,78;0,259
412;13.07.2023;09:57:34;00:06:51;250,0;226,6;23,7;22,6;20,9;274,3;11,5;0,2;1,61E-1;-541,2;20,00;3,0;3,0;38,19;0,14;-0,002;1,0;3,75;0,259
413;13.07.2023;09:57:35;00:06:52;250,0;226,6;23,7;22,6;20,9;275,0;11,6;0,2;1,61E-1;-541,2;20,00;3,0;3,0;38,19;0,14;-0,003;1,0;3,73;0,259
414;13.07.2023;09:57:36;00:06:53;250,0;226,6;23,7;22,6;20,9;276,5;11,7;0,2;1,61E-1;-541,2;20,00;3,0;3,0;38,19;0,14;-0,001;1,0;3,78;0,259
415;13.07.2023;09:57:37;00:06:54;250,0;228,6;23,7;22,6;20,9;277,3;11,7;0,2;1,61E-1;-541,2;20,00;3,0;3,0;38,19;0,14;-0,002;1,0;3,77;0,261
416;13.07.2023;09:57:38;00:06:55;250,0;230,5;23,8;22,7;20,9;278,9;11,9;0,2;1,60E-1;-541,2;20,00;3,0;3,0;38,19;0,14;0,000;1,0;3,81;0,260
417;13.07.2023;09:57:39;00:06:56;250,0;230,5;23,8;22,7;20,9;280,4;11,9;0,2;1,60E-1;-541,2;20,00;3,0;3,0;38,19;0,14;-0,002;1,0;3,85;0,264
418;13.07.2023;09:57:40;00:06:57;250,1;230,5;23,8;22,7;20,9;281,1;11,9;0,2;1,60E-1;-541,2;20,00;3,0;3,0;38,19;0,14;-0,004;1,0;3,81;0,264
419;13.07.2023;09:57:41;00:06:58;250,1;232,5;23,8;22,7;21,0;282,6;12,0;0,2;1,59E-1;-541,2;20,00;3,0;3,0;38,19;0,14;0,000;1,0;3,83;0,263
420;13.07.2023;09:57:42;00:06:59;250,1;232,5;23,9;22,7;21,0;284,1;12,1;0,2;1,59E-1;-541,2;20,00;3,0;3,0;38,19;0,14;0,002;1,0;3,83;0,264
421;13.07.2023;09:57:43;00:07:00;250,0;234,6;23,9;22,8;21,0;284,9;12,2;0,2;1,59E-1;-541,2;20,00;3,0;3,0;38,19;0,14;0,004;1,0;3,85;0,264
422;13.07.2023;09:57:44;00:07:01;250,0;234,6;23,9;22,8;21,0;286,5;12,2;0,2;1,58E-1;-541,2;20,00;3,0;3,0;38,19;0,14;-0,003;1,0;3,83;0,264
423;13.07.2023;09:57:45;00:07:02;250,0;236,7;23,9;22,8;21,0;288,0;12,2;0,2;1,58E-1;-541,2;20,00;3,0;2,9;38,19;0,14;-0,002;1,0;3,79;0,264
424;13.07.2023;09:57:46;00:07:03;250,1;236,7;24,0;22,9;21,0;288,8;12,3;0,2;1,58E-1;-541,2;20,00;3,0;2,9;38,19;0,14;-0,004;1,0;3,82;0,265
425;13.07.2023;09:57:47;00:07:04;250,1;238,8;24,0;22,9;21,0;290,3;12,3;0,2;1,58E-1;-541,2;20,00;3,0;3,0;38,19;0,14;0,001;1,0;3,83;0,267
426;13.07.2023;09:57:48;00:07:05;250,1;238,8;24,0;22,9;21,0;291,0;12,4;0,2;1,57E-1;-541,2;20,00;3,0;3,0;38,19;0,14;0,001;1,0;3,78;0,266
427;13.07.2023;09:57:49;00:07:06;250,2;241,0;24,0;22,9;21,0;292,5;12,4;0,2;1,57E-1;-541,2;20,00;3,0;3,0;38,19;0,14;0,000;1,0;3,83;0,268
428;13.07.2023;09:57:50;00:07:07;250,2;241,0;24,1;23,0;21,0;294,1;12,6;0,2;1,57E-1;-541,2;20,00;3,0;3,0;38,19;0,14;0,008;1,0;3,84;0,269
429;13.07.2023;09:57:51;00:07:08;250,1;243,0;24,1;23,0;21,0;294,9;12,7;0,2;1,57E-1;-541,2;20,00;3,0;3,0;38,19;0,14;0,005;1,0;3,85;0,269
430;13.07.2023;09:57:52;00:07:09;250,0;243,0;24,1;23,0;21,1;296,4;12,7;0,2;1,56E-1;-541,2;20,00;3,0;3,0;38,19;0,14;0,007;1,0;3,87;0,269
431;13.07.2023;09:57:53;00:07:10;250,1;245,0;24,1;23,0;21,1;297,9;12,7;0,2;1,56E-1;-541,2;20,00;3,0;3,0;38,19;0,14;-0,001;1,0;3,90;0,269
432;13.07.2023;09:57:54;00:07:11;250,0;245,0;24,1;23,0;21,1;298,6;12,8;0,2;1,56E-1;-541,2;20,00;3,0;3,0;38,19;0,14;0,000;1,0;3,92;0,272
433;13.07.2023;09:57:55;00:07:12;250,1;247,0;24,1;23,1;21,1;300,1;12,8;0,2;1,55E-1;-541,2;20,00;3,0;3,0;38,19;0,14;-0,005;1,0;3,87;0,270
434;13.07.2023;09:57:56;00:07:13;250,1;247,0;24,2;23,1;21,1;301,9;13,0;0,2;1,55E-1;-541,2;20,00;3,0;3,0;38,19;0,14;0,000;1,1;3,87;0,274
435;13.07.2023;09:57:57;00:07:14;250,1;249,0;24,2;23,1;21,2;302,7;12,9;0,2;1,55E-1;-541,2;20,00;3,0;3,0;38,19;0,14;0,005;1,1;3,88;0,274
436;13.07.2023;09:57:58;00:07:15;250,1;251,0;24,2;23,2;21,2;304,3;13,0;0,2;1,55E-1;-541,2;20,00;3,0;3,0;38,19;0,14;0,001;1,1;3,86;0,272
437;13.07.2023;09:57:59;00:07:16;250,0;251,0;24,2;23,2;21,2;305,9;13,1;0,2;1,54E-1;-541,2;20,00;3,0;3,0;38,19;0,14;0,001;1,1;3,88;0,274
438;13.07.2023;09:58:00;00:07:17;250,1;251,0;24,3;23,2;21,2;306,7;13,2;0,2;1,54E-1;-541,2;20,00;3,0;3,0;38,19;0,14;0,000;1,1;3,87;0,275
439;13.07.2023;09:58:01;00:07:18;250,0;253,0;24,3;23,2;21,1;308,3;13,2;0,2;1,54E-1;-541,2;20,00;3,0;3,0;38,19;0,14;0,000;1,1;3,90;0,274
440;13.07.2023;09:58:02;00:07:19;250,0;253,0;24,3;23,2;21,1;309,1;13,3;0,2;1,54E-1;-541,2;20,00;3,0;3,0;38,19;0,14;0,000;1,1;3,90;0,275
441;13.07.2023;09:58:03;00:07:20;250,2;255,2;24,3;23,3;21,1;310,8;13,3;0,2;1,53E-1;-541,2;20,00;3,0;3,0;38,19;0,14;-0,006;1,1;3,95;0,277
442;13.07.2023;09:58:04;00:07:21;250,2;255,2;24,4;23,3;21,1;312,4;13,5;0,2;1,53E-1;-541,2;20,00;3,0;2,9;38,19;0,14;0,001;1,1;3,91;0,278
443;13.07.2023;09:58:05;00:07:22;250,1;257,4;24,4;23,3;21,1;313,2;13,4;0,2;1,53E-1;-541,2;20,00;3,0;3,0;38,19;0,14;-0,001;1,1;3,95;0,278
444;13.07.2023;09:58:06;00:07:23;250,1;257,4;24,4;23,4;21,1;314,8;13,6;0,2;1,53E-1;-541,2;20,00;3,0;3,0;38,19;0,14;0,003;1,1;3,93;0,278
445;13.07.2023;09:58:07;00:07:24;250,1;259,6;24,4;23,4;21,1;316,4;13,6;0,2;1,52E-1;-541,2;20,00;3,0;3,1;38,19;0,14;0,001;1,1;3,93;0,280
446;13.07.2023;09:58:08;00:07:25;250,1;259,6;24,4;23,4;21,1;317,2;13,7;0,2;1,52E-1;-541,2;20,00;3,0;3,1;38,19;0,14;0,003;1,1;3,91;0,280
447;13.07.2023;09:58:09;00:07:26;250,3;261,8;24,5;23,4;21,1;318,9;13,7;0,2;1,52E-1;-541,2;20,00;3,0;3,0;38,19;0,14;0,000;1,1;3,94;0,278
448;13.07.2023;09:58:10;00:07:27;250,2;261,8;24,5;23,4;21,2;320,5;13,9;0,2;1,52E-1;-541,2;20,00;3,0;2,9;38,19;0,14;-0,007;1,1;3,96;0,283
449;13.07.2023;09:58:11;00:07:28;250,2;264,0;24,5;23,5;21,2;321,3;13,9;0,2;1,52E-1;-541,2;20,00;3,0;3,0;38,19;0,14;-0,001;1,1;3,94;0,283
450;13.07.2023;09:58:12;00:07:29;250,1;264,0;24,5;23,5;21,2;322,9;14,0;0,2;1,51E-1;-541,2;20,00;3,0;2,9;38,19;0,14;-0,004;1,1;3,97;0,283
451;13.07.2023;09:58:13;00:07:30;250,1;266,1;24,6;23,5;21,3;323,7;13,9;0,2;1,51E-1;-541,2;20,00;3,0;2,9;38,19;0,14;-0,003;1,1;3,98;0,284
452;13.07.2023;09:58:14;00:07:31;250,1;266,1;24,6;23,6;21,3;325,3;14,1;0,2;1,51E-1;-541,2;20,00;3,0;2,9;38,19;0,14;-0,001;1,1;3,96;0,283
453;13.07.2023;09:58:15;00:07:32;250,2;268,3;24,6;23,6;21,3;327,1;14,1;0,2;1,50E-1;-541,2;20,00;3,0;3,0;38,19;0,14;0,003;1,1;4,00;0,288
454;13.07.2023;09:58:16;00:07:33;250,0;268,3;24,6;23,6;21,3;327,9;14,2;0,2;1,50E-1;-541,2;20,00;3,0;3,1;38,19;0,14;0,005;1,1;3,97;0,283
455;13.07.2023;09:58:17;00:07:34;250,1;270,4;24,7;23,6;21,3;329,5;14,2;0,1;1,50E-1;-541,2;20,00;3,0;2,9;38,19;0,14;-0,004;1,1;4,00;0,288
456;13.07.2023;09:58:18;00:07:35;250,1;270,4;24,7;23,7;21,3;331,1;14,4;0,1;1,50E-1;-541,2;20,00;3,0;3,0;38,19;0,14;0,003;1,1;4,00;0,288
457;13.07.2023;09:58:19;00:07:36;250,1;272,6;24,7;23,7;21,3;331,9;14,5;0,1;1,50E-1;-541,2;20,00;3,0;3,0;38,19;0,14;0,001;1,2;4,02;0,288
458;13.07.2023;09:58:20;00:07:37;250,3;272,6;24,7;23,7;21,3;333,5;14,5;0,1;1,49E-1;-541,2;20,00;3,0;3,0;38,19;0,14;-0,001;1,1;3,99;0,288
459;13.07.2023;09:58:21;00:07:38;250,1;274,7;24,8;23,7;21,3;335,2;14,5;0,1;1,49E-1;-541,2;20,00;3,0;3,0;38,19;0,14;0,003;1,2;3,98;0,288
460;13.07.2023;09:58:22;00:07:39;250,1;274,7;24,8;23,7;21,3;336,0;14,6;0,1;1,49E-1;-541,2;20,00;3,0;3,0;38,19;0,14;-0,001;1,1;3,99;0,289
461;13.07.2023;09:58:23;00:07:40;250,2;277,0;24,8;23,8;21,3;337,6;14,7;0,1;1,48E-1;-541,2;20,00;3,0;3,0;38,19;0,14;0,002;1,2;4,01;0,290
462;13.07.2023;09:58:24;00:07:41;250,0;277,0;24,8;23,8;21,3;339,2;14,8;0,1;1,48E-1;-541,2;20,00;3,0;2,9;38,19;0,14;-0,004;1,2;4,02;0,292
463;13.07.2023;09:58:25;00:07:42;250,0;279,3;24,8;23,8;21,3;340,0;14,7;0,1;1,48E-1;-541,2;20,00;3,0;2,9;38,19;0,14;-0,002;1,2;4,02;0,293
464;13.07.2023;09:58:26;00:07:43;250,1;279,3;24,9;23,8;21,3;341,6;14,9;0,1;1,48E-1;-541,2;20,00;3,0;2,9;38,19;0,14;0,000;1,2;4,02;0,293
465;13.07.2023;09:58:27;00:07:44;250,0;279,3;24,9;23,9;21,3;342,5;15,0;0,1;1,48E-1;-541,2;20,00;3,0;2,9;38,19;0,14;0,000;1,2;4,04;0,293
466;13.07.2023;09:58:28;00:07:45;250,1;281,6;24,9;23,9;21,3;344,1;15,0;0,1;1,47E-1;-541,2;20,00;3,0;3,0;38,19;0,14;0,003;1,2;4,02;0,293
467;13.07.2023;09:58:29;00:07:46;250,0;283,9;25,0;23,9;21,3;345,7;15,0;0,1;1,47E-1;-541,2;20,00;3,0;3,0;38,19;0,14;0,003;1,2;4,05;0,294
468;13.07.2023;09:58:30;00:07:47;250,0;283,9;25,0;23,9;21,3;346,5;15,1;0,1;1,47E-1;-541,2;20,00;3,0;3,0;38,19;0,14;0,002;1,2;4,02;0,295
469;13.07.2023;09:58:31;00:07:48;250,2;286,1;25,0;24,0;21,4;348,1;15,2;0,1;1,47E-1;-541,2;20,00;3,0;3,1;38,19;0,14;0,005;1,2;4,05;0,294
470;13.07.2023;09:58:32;00:07:49;250,0;286,1;25,0;24,0;21,4;349,7;15,3;0,1;1,46E-1;-541,2;20,00;3,0;3,0;38,19;0,14;0,006;1,2;4,07;0,298
471;13.07.2023;09:58:33;00:07:50;250,2;288,3;25,1;24,1;21,4;350,7;15,2;0,1;1,46E-1;-541,2;20,00;3,0;3,1;38,19;0,14;0,006;1,2;4,05;0,298
472;13.07.2023;09:58:34;00:07:51;250,1;288,3;25,1;24,1;21,4;352,3;15,4;0,1;1,46E-1;-541,2;20,00;3,0;3,0;38,19;0,14;0,001;1,2;4,04;0,296
473;13.07.2023;09:58:35;00:07:52;250,1;290,5;25,1;24,1;21,4;353,9;15,4;0,1;1,46E-1;-541,2;20,00;3,0;3,0;38,19;0,14;0,004;1,2;4,06;0,298
474;13.07.2023;09:58:36;00:07:53;250,0;290,5;25,1;24,1;21,4;354,7;15,5;0,1;1,46E-1;-541,2;20,00;3,0;3,0;38,19;0,14;0,000;1,2;4,08;0,298
475;13.07.2023;09:58:37;00:07:54;250,0;292,7;25,2;24,2;21,4;356,3;15,5;0,1;1,45E-1;-541,2;20,00;3,0;3,1;38,19;0,14;0,004;1,2;4,09;0,298
476;13.07.2023;09:58:38;00:07:55;250,0;294,9;25,2;24,2;21,4;357,9;15,6;0,1;1,45E-1;-541,2;20,00;3,0;3,0;38,19;0,14;0,002;1,2;4,03;0,300
477;13.07.2023;09:58:39;00:07:56;250,2;294,9;25,2;24,2;21,4;358,8;15,6;0,1;1,45E-1;-541,2;20,00;3,0;3,0;38,19;0,14;0,002;1,2;4,12;0,300
478;13.07.2023;09:58:40;00:07:57;250,1;294,9;25,3;24,2;21,4;360,4;15,8;0,1;1,44E-1;-541,2;20,00;3,0;3,0;38,19;0,14;0,002;1,2;4,10;0,303
479;13.07.2023;09:58:41;00:07:58;250,1;297,2;25,3;24,3;21,4;361,2;15,8;0,1;1,44E-1;-541,2;20,00;3,0;3,0;38,19;0,14;0,000;1,2;4,09;0,303
480;13.07.2023;09:58:42;00:07:59;250,1;297,2;25,3;24,3;21,4;362,8;15,9;0,1;1,44E-1;-541,2;20,00;3,0;3,0;38,19;0,14;0,006;1,2;4,07;0,303
481;13.07.2023;09:58:43;00:08:00;250,0;299,6;25,4;24,4;21,5;364,4;16,0;0,1;1,44E-1;-541,2;20,00;3,0;3,0;38,19;0,14;0,004;1,3;4,11;0,303
482;13.07.2023;09:58:44;00:08:01;250,1;299,6;25,4;24,4;21,5;365,2;16,0;0,1;1,44E-1;-541,2;20,00;3,0;3,1;38,19;0,15;0,004;1,2;4,08;0,303
483;13.07.2023;09:58:45;00:08:02;250,2;302,0;25,4;24,5;21,5;366,9;16,0;0,1;1,43E-1;-541,2;20,00;3,0;3,0;38,19;0,14;0,000;1,3;4,13;0,307
484;13.07.2023;09:58:46;00:08:03;250,2;302,0;25,5;24,5;21,6;368,5;16,2;0,1;1,43E-1;-541,2;20,00;3,0;3,0;38,20;0,14;0,000;1,3;4,14;0,306
485;13.07.2023;09:58:47;00:08:04;250,2;304,4;25,5;24,5;21,6;369,3;16,3;0,1;1,43E-1;-541,2;20,00;3,0;3,0;38,19;0,14;0,003;1,3;4,17;0,308
486;13.07.2023;09:58:48;00:08:05;250,2;304,4;25,5;24,5;21,6;370,9;16,3;0,1;1,43E-1;-541,2;20,00;3,0;3,0;38,19;0,14;0,000;1,3;4,14;0,310
487;13.07.2023;09:58:49;00:08:06;250,2;306,8;25,5;24,6;21,6;372,5;16,3;0,1;1,42E-1;-541,2;20,00;3,0;2,9;38,19;0,14;-0,001;1,3;4,17;0,308
488;13.07.2023;09:58:50;00:08:07;250,1;306,8;25,6;24,6;21,6;373,3;16,4;0,1;1,42E-1;-541,2;20,00;3,0;2,9;38,19;0,14;-0,003;1,3;4,12;0,310
489;13.07.2023;09:58:51;00:08:08;250,1;309,1;25,6;24,7;21,7;375,1;16,4;0,1;1,42E-1;-541,2;20,00;3,0;3,0;38,19;0,14;0,002;1,3;4,16;0,313
490;13.07.2023;09:58:52;00:08:09;250,0;309,1;25,6;24,7;21,7;375,9;16,5;0,1;1,42E-1;-541,2;20,00;3,0;3,0;38,19;0,15;-0,001;1,3;4,14;0,313
491;13.07.2023;09:58:53;00:08:10;250,1;311,4;25,6;24,7;21,6;377,5;16,5;0,1;1,42E-1;-541,2;20,00;3,0;3,0;38,19;0,14;0,000;1,3;4,17;0,313
492;13.07.2023;09:58:54;00:08:11;250,1;311,4;25,7;24,7;21,6;379,1;16,7;0,1;1,41E-1;-541,2;20,00;3,0;3,0;38,19;0,14;0,003;1,3;4,16;0,313
493;13.07.2023;09:58:55;00:08:12;250,0;311,4;25,7;24,8;21,6;379,9;16,8;0,1;1,41E-1;-541,2;20,00;3,0;3,0;38,19;0,14;0,000;1,3;4,17;0,313
494;13.07.2023;09:58:56;00:08:13;250,2;313,8;25,7;24,8;21,6;381,5;16,8;0,1;1,41E-1;-541,2;20,00;3,0;2,9;38,19;0,14;0,003;1,3;4,19;0,313
495;13.07.2023;09:58:57;00:08:14;250,1;316,2;25,8;24,8;21,6;383,2;16,8;0,1;1,41E-1;-541,2;20,00;3,0;3,0;38,19;0,14;-0,003;1,3;4,14;0,313
496;13.07.2023;09:58:58;00:08:15;250,0;316,2;25,8;24,8;21,6;384,0;16,9;0,1;1,41E-1;-541,2;20,00;3,0;3,0;38,19;0,14;0,000;1,3;4,18;0,313
497;13.07.2023;09:58:59;00:08:16;250,1;318,6;25,8;24,9;21,6;385,6;17,0;0,1;1,40E-1;-541,2;20,00;3,0;3,0;38,19;0,14;0,000;1,3;4,18;0,316
498;13.07.2023;09:59:00;00:08:17;250,0;318,6;25,9;24,9;21,6;387,2;17,1;0,1;1,40E-1;-541,2;20,00;3,0;3,0;38,19;0,14;-0,004;1,3;4,19;0,316
499;13.07.2023;09:59:01;00:08:18;250,0;321,0;25,9;24,9;21,6;388,0;17,0;0,1;1,40E-1;-541,2;20,00;3,0;3,0;38,19;0,14;0,002;1,3;4,15;0,317
500;13.07.2023;09:59:02;00:08:19;250,1;320,9;25,7;24,8;21,6;389,6;17,2;0,1;1,40E-1;-541,2;20,00;3,0;3,0;38,19;0,14;-0,003;1,3;4,16;0,317
501;13.07.2023;09:59:03;00:08:20;250,0;323,4;25,8;24,9;21,5;391,3;17,2;0,1;1,39E-1;-541,2;20,00;3,0;3,0;38,19;0,14;0,000;1,4;4,19;0,318
502;13.07.2023;09:59:04;00:08:21;250,0;323,4;25,8;24,9;21,5;392,1;17,3;0,1;1,39E-1;-541,2;20,00;3,0;3,0;38,19;0,14;-0,001;1,3;4,19;0,319
503;13.07.2023;09:59:05;00:08:22;250,0;323,4;25,8;24,9;21,5;393,7;17,5;0,1;1,39E-1;-541,2;20,00;3,0;3,0;38,19;0,14;0,000;1,4;4,21;0,322
504;13.07.2023;09:59:06;00:08:23;250,0;325,9;25,8;24,9;21,5;394,5;17,4;0,1;1,39E-1;-541,2;20,00;3,0;3,0;38,19;0,14;-0,001;1,4;4,21;0,322
505;13.07.2023;09:59:07;00:08:24;250,1;328,4;25,9;25,0;21,5;396,1;17,5;0,1;1,39E-1;-541,2;20,00;3,0;3,0;38,19;0,14;0,000;1,4;4,25;0,322
506;13.07.2023;09:59:08;00:08:25;250,1;328,4;25,9;25,0;21,5;397,7;17,6;0,1;1,38E-1;-541,2;20,00;3,0;3,0;38,19;0,14;0,002;1,4;4,21;0,322
507;13.07.2023;09:59:09;00:08:26;250,0;331,0;26,0;25,1;21,5;398,5;17,5;0,1;1,38E-1;-541,2;20,00;3,0;3,0;38,19;0,14;-0,001;1,4;4,23;0,322
508;13.07.2023;09:59:10;00:08:27;250,1;331,0;26,0;25,1;21,6;400,3;17,7;0,1;1,38E-1;-541,2;20,00;3,0;3,0;38,19;0,14;-0,003;1,4;4,25;0,322
509;13.07.2023;09:59:11;00:08:28;250,1;333,4;26,0;25,1;21,6;401,9;17,7;0,1;1,38E-1;-541,2;20,00;3,0;2,9;38,19;0,14;-0,006;1,4;4,24;0,323
510;13.07.2023;09:59:12;00:08:29;250,0;333,4;26,0;25,1;21,6;402,7;17,8;0,1;1,38E-1;-541,2;20,00;3,0;3,0;38,19;0,14;0,009;1,4;4,23;0,323
511;13.07.2023;09:59:13;00:08:30;250,1;335,8;26,1;25,2;21,6;404,3;17,8;0,1;1,37E-1;-541,2;20,00;3,0;3,0;38,19;0,14;0,002;1,4;4,26;0,324
512;13.07.2023;09:59:14;00:08:31;250,0;335,8;26,1;25,2;21,6;405,9;18,0;0,1;1,37E-1;-541,2;20,00;3,0;2,9;38,19;0,14;0,000;1,4;4,25;0,327
513;13.07.2023;09:59:15;00:08:32;250,1;338,2;26,1;25,3;21,6;406,7;18,1;0,1;1,37E-1;-541,2;20,00;3,0;3,0;38,19;0,14;0,002;1,4;4,25;0,328
514;13.07.2023;09:59:16;00:08:33;250,2;338,2;26,1;25,3;21,6;408,4;18,1;0,1;1,37E-1;-541,2;20,00;3,0;3,0;38,19;0,14;-0,002;1,4;4,26;0,327
515;13.07.2023;09:59:17;00:08:34;250,2;340,6;26,2;25,3;21,6;410,0;18,1;0,1;1,37E-1;-541,2;20,00;3,0;3,0;38,19;0,14;0,000;1,4;4,24;0,327
516;13.07.2023;09:59:18;00:08:35;250,1;340,6;26,3;25,4;21,6;410,8;18,2;0,1;1,37E-1;-541,2;20,00;3,0;3,0;38,19;0,14;0,002;1,4;4,26;0,329
517;13.07.2023;09:59:19;00:08:36;250,1;343,0;26,3;25,4;21,7;412,4;18,2;0,1;1,36E-1;-541,2;20,00;3,0;3,0;38,19;0,14;0,004;1,4;4,27;0,332
518;13.07.2023;09:59:20;00:08:37;250,0;343,0;26,3;25,4;21,7;413,2;18,2;0,1;1,36E-1;-541,2;20,00;3,0;3,0;38,19;0,14;0,001;1,4;4,29;0,329
519;13.07.2023;09:59:21;00:08:38;250,0;345,4;26,3;25,5;21,7;414,8;18,2;0,1;1,36E-1;-541,2;20,00;3,0;2,9;38,19;0,14;0,004;1,4;4,28;0,332
520;13.07.2023;09:59:22;00:08:39;250,1;345,4;26,3;25,5;21,7;416,5;18,5;0,1;1,36E-1;-541,2;20,00;3,0;3,0;38,19;0,14;0,006;1,4;4,29;0,332
521;13.07.2023;09:59:23;00:08:40;250,2;345,4;26,4;25,5;21,7;417,3;18,6;0,1;1,36E-1;-541,2;20,00;3,0;3,0;38,19;0,14;0,003;1,4;4,24;0,332
522;13.07.2023;09:59:24;00:08:41;250,1;348,0;26,4;25,5;21,7;418,9;18,5;0,1;1,35E-1;-541,2;20,00;3,0;3,0;38,19;0,14;-0,002;1,4;4,29;0,332
523;13.07.2023;09:59:25;00:08:42;250,2;348,0;26,4;25,6;21,7;420,5;18,7;0,1;1,35E-1;-541,2;20,00;3,0;3,0;38,19;0,14;-0,002;1,4;4,27;0,333
524;13.07.2023;09:59:26;00:08:43;250,1;350,6;26,4;25,6;21,8;421,3;18,6;0,1;1,35E-1;-541,2;20,00;3,0;3,1;38,19;0,15;-0,005;1,4;4,31;0,333
525;13.07.2023;09:59:27;00:08:44;250,2;353,2;26,5;25,7;21,8;422,9;18,7;0,1;1,35E-1;-541,2;20,00;3,0;3,0;38,19;0,15;0,000;1,4;4,34;0,335
526;13.07.2023;09:59:28;00:08:45;250,1;353,2;26,6;25,7;21,8;424,7;18,8;0,1;1,35E-1;-541,2;20,00;3,0;3,0;38,19;0,14;-0,001;1,4;4,29;0,335
527;13.07.2023;09:59:29;00:08:46;250,1;355,8;26,6;25,7;21,8;425,5;18,7;0,1;1,34E-1;-541,2;20,00;3,0;3,0;38,19;0,14;0,003;1,5;4,33;0,337
528;13.07.2023;09:59:30;00:08:47;250,1;355,8;26,6;25,7;21,8;427,1;18,9;0,1;1,34E-1;-541,2;20,00;3,0;3,0;38,19;0,14;0,001;1,4;4,32;0,336
529;13.07.2023;09:59:31;00:08:48;250,1;355,8;26,6;25,7;21,8;427,9;19,0;0,1;1,34E-1;-541,2;20,00;3,0;2,9;38,19;0,15;-0,003;1,5;4,31;0,337
530;13.07.2023;09:59:32;00:08:49;250,1;358,2;26,6;25,8;21,8;429,5;19,0;0,1;1,34E-1;-541,2;20,00;3,0;3,0;38,19;0,15;0,012;1,5;4,32;0,336
531;13.07.2023;09:59:33;00:08:50;250,1;360,7;26,7;25,9;21,8;431,1;19,0;0,1;1,34E-1;-541,2;20,00;3,0;3,0;38,20;0,15;0,039;1,5;4,35;0,338
532;13.07.2023;09:59:34;00:08:51;250,3;360,7;26,7;25,9;21,8;432,0;19,1;0,1;1,33E-1;-541,2;20,00;3,0;2,9;38,19;0,15;0,042;1,5;4,28;0,339
533;13.07.2023;09:59:35;00:08:52;250,1;363,1;26,7;25,9;21,8;433,6;19,2;0,1;1,33E-1;-541,2;20,00;3,0;2,9;38,20;0,15;0,054;1,5;4,28;0,339
534;13.07.2023;09:59:36;00:08:53;250,2;363,1;26,7;25,9;21,8;435,2;19,3;0,1;1,33E-1;-541,2;20,00;3,0;3,0;38,20;0,15;0,068;1,5;4,31;0,341
535;13.07.2023;09:59:37;00:08:54;250,2;365,6;26,8;26,0;21,8;436,0;19,2;0,1;1,33E-1;-541,2;20,00;3,0;3,0;38,20;0,15;0,069;1,5;4,34;0,342
536;13.07.2023;09:59:38;00:08:55;250,3;365,6;26,9;26,1;21,8;437,6;19,4;0,1;1,33E-1;-541,2;20,00;3,0;3,0;38,20;0,15;0,071;1,5;4,34;0,342
537;13.07.2023;09:59:39;00:08:56;250,3;368,0;26,9;26,1;21,8;439,2;19,4;0,1;1,33E-1;-541,2;20,00;3,0;2,9;38,20;0,16;0,070;1,5;4,31;0,342
538;13.07.2023;09:59:40;00:08:57;250,0;368,0;26,9;26,1;21,8;440,1;19,5;0,1;1,32E-1;-541,2;20,00;3,0;3,0;38,21;0,16;0,078;1,5;4,35;0,342
539;13.07.2023;09:59:41;00:08:58;250,1;370,6;26,9;26,1;21,8;441,7;19,5;0,1;1,32E-1;-541,2;20,00;3,0;3,0;38,21;0,16;0,081;1,5;4,35;0,342
540;13.07.2023;09:59:42;00:08:59;250,2;370,6;26,9;26,2;21,8;443,3;19,7;0,1;1,32E-1;-541,2;20,00;3,0;3,0;38,21;0,16;0,087;1,5;4,38;0,346
541;13.07.2023;09:59:43;00:09:00;250,0;373,4;27,0;26,2;21,8;444,1;19,8;0,1;1,32E-1;-541,2;20,00;3,0;3,0;38,21;0,16;0,091;1,5;4,40;0,347
542;13.07.2023;09:59:44;00:09:01;250,2;373,4;27,0;26,2;21,9;445,7;19,7;0,1;1,32E-1;-541,2;20,00;3,0;3,0;38,21;0,16;0,098;1,5;4,36;0,347
543;13.07.2023;09:59:45;00:09:02;250,3;373,4;27,1;26,2;21,9;446,5;19,8;0,1;1,32E-1;-541,2;20,00;3,0;2,9;38,21;0,17;0,097;1,5;4,39;0,347
544;13.07.2023;09:59:46;00:09:03;250,0;376,1;27,1;26,3;21,9;448,3;19,8;0,1;1,31E-1;-541,2;20,00;3,0;3,0;38,22;0,17;0,105;1,5;4,36;0,347
545;13.07.2023;09:59:47;00:09:04;250,0;378,8;27,1;26,4;21,9;449,9;19,8;0,1;1,31E-1;-541,2;20,00;3,0;3,0;38,22;0,17;0,116;1,5;4,41;0,348
546;13.07.2023;09:59:48;00:09:05;250,0;378,8;27,1;26,4;21,9;450,7;19,9;0,1;1,31E-1;-541,2;20,00;3,0;3,0;38,22;0,17;0,116;1,5;4,36;0,347
547;13.07.2023;09:59:49;00:09:06;250,0;378,8;27,2;26,5;21,9;452,3;20,1;0,1;1,31E-1;-541,2;20,00;3,0;2,9;38,22;0,17;0,110;1,5;4,42;0,352
548;13.07.2023;09:59:50;00:09:07;250,1;381,5;27,2;26,5;21,9;453,9;20,0;0,1;1,31E-1;-541,2;20,00;3,0;2,9;38,22;0,17;0,114;1,5;4,38;0,351
549;13.07.2023;09:59:51;00:09:08;250,1;381,5;27,3;26,5;21,9;454,7;20,2;0,1;1,31E-1;-541,2;20,00;3,0;3,0;38,23;0,18;0,118;1,5;4,40;0,352
550;13.07.2023;09:59:52;00:09:09;250,0;384,0;27,3;26,5;22,0;456,4;20,2;0,1;1,31E-1;-541,2;20,00;3,0;2,9;38,23;0,18;0,121;1,5;4,40;0,352
551;13.07.2023;09:59:53;00:09:10;250,0;386,5;27,3;26,6;22,0;458,0;20,1;0,1;1,30E-1;-541,2;20,00;3,0;3,0;38,23;0,18;0,125;1,5;4,38;0,352
552;13.07.2023;09:59:54;00:09:11;250,1;386,5;27,3;26,6;22,0;458,8;20,2;0,1;1,30E-1;-541,2;20,00;3,0;3,1;38,23;0,19;0,128;1,5;4,38;0,352
553;13.07.2023;09:59:55;00:09:12;250,0;389,0;27,4;26,7;22,0;460,4;20,3;0,1;1,30E-1;-541,2;20,00;3,0;3,0;38,24;0,19;0,131;1,6;4,40;0,353
554;13.07.2023;09:59:56;00:09:13;250,0;389,0;27,5;26,7;22,0;462,0;20,4;0,1;1,30E-1;-541,2;20,00;3,0;3,0;38,24;0,19;0,128;1,6;4,42;0,355
555;13.07.2023;09:59:57;00:09:14;250,1;391,5;27,5;26,8;22,0;462,8;20,3;0,1;1,30E-1;-541,2;20,00;3,0;3,0;38,24;0,19;0,129;1,6;4,41;0,355
556;13.07.2023;09:59:58;00:09:15;250,1;391,5;27,5;26,8;22,0;464,5;20,5;0,1;1,30E-1;-541,2;20,00;3,0;3,0;38,24;0,19;0,130;1,6;4,45;0,357
557;13.07.2023;09:59:59;00:09:16;250,2;391,5;27,5;26,8;22,0;465,3;20,6;0,1;1,30E-1;-541,2;20,00;3,0;2,9;38,24;0,19;0,123;1,6;4,44;0,357
558;13.07.2023;10:00:00;00:09:17;250,2;394,1;27,5;26,8;22,0;466,9;20,6;0,1;1,30E-1;-541,2;20,00;3,0;3,0;38,24;0,20;0,126;1,6;4,41;0,357
559;13.07.2023;10:00:01;00:09:18;250,0;396,6;27,6;26,9;22,0;468,5;20,6;0,1;1,29E-1;-541,2;20,00;3,0;3,1;38,25;0,20;0,134;1,6;4,43;0,358
560;13.07.2023;10:00:02;00:09:19;250,2;396,6;27,6;26,9;22,0;469,3;20,7;0,1;1,29E-1;-541,2;20,00;3,0;3,0;38,25;0,20;0,139;1,6;4,46;0,357
561;13.07.2023;10:00:03;00:09:20;250,0;399,2;27,6;26,9;22,0;470,9;20,8;0,1;1,29E-1;-541,2;20,00;3,0;3,0;38,26;0,21;0,151;1,6;4,45;0,358
562;13.07.2023;10:00:04;00:09:21;250,1;399,2;27,6;26,9;22,0;472,7;20,9;0,1;1,29E-1;-541,2;20,00;3,0;3,0;38,26;0,21;0,151;1,6;4,44;0,360
563;13.07.2023;10:00:05;00:09:22;250,2;399,2;27,6;26,9;22,0;473,5;21,0;0,1;1,29E-1;-541,2;20,00;3,0;3,0;38,26;0,21;0,151;1,6;4,45;0,361
564;13.07.2023;10:00:06;00:09:23;250,2;401,9;27,6;27,0;22,0;475,1;21,0;0,1;1,29E-1;-541,2;20,00;3,0;3,0;38,27;0,22;0,160;1,6;4,45;0,360
565;13.07.2023;10:00:07;00:09:24;250,0;404,6;27,7;27,1;22,1;476,7;21,0;0,1;1,28E-1;-541,2;20,00;3,0;3,0;38,27;0,22;0,170;1,6;4,46;0,361
566;13.07.2023;10:00:08;00:09:25;250,2;404,6;27,7;27,1;22,1;477,5;21,0;0,1;1,28E-1;-541,2;20,00;3,0;3,0;38,27;0,22;0,176;1,6;4,48;0,361
567;13.07.2023;10:00:09;00:09:26;250,1;404,6;27,8;27,1;22,1;479,1;21,3;0,1;1,28E-1;-541,2;20,00;3,0;3,0;38,28;0,22;0,190;1,6;4,51;0,361
568;13.07.2023;10:00:10;00:09:27;250,3;407,2;27,8;27,1;22,1;480,0;21,1;0,1;1,28E-1;-541,2;20,00;3,0;3,0;38,27;0,23;0,199;1,6;4,44;0,363
569;13.07.2023;10:00:11;00:09:28;250,0;409,8;27,8;27,2;22,1;481,6;21,2;0,1;1,28E-1;-541,1;20,00;3,0;3,0;38,28;0,23;0,208;1,6;4,44;0,366
570;13.07.2023;10:00:12;00:09:29;250,2;409,8;27,8;27,2;22,1;483,2;21,3;0,1;1,28E-1;-541,2;20,00;3,0;3,1;38,29;0,24;0,216;1,7;4,49;0,366
571;13.07.2023;10:00:13;00:09:30;250,2;412,3;27,9;27,3;22,1;484,0;21,2;0,1;1,27E-1;-541,2;20,00;3,0;3,0;38,29;0,24;0,221;1,6;4,49;0,366
572;13.07.2023;10:00:14;00:09:31;250,0;412,3;28,0;27,3;22,2;485,6;21,4;0,1;1,27E-1;-541,2;20,00;3,0;3,0;38,29;0,24;0,219;1,7;4,49;0,366
573;13.07.2023;10:00:15;00:09:32;250,0;414,8;28,0;27,4;22,2;487,2;21,4;0,1;1,27E-1;-541,2;20,00;3,0;3,0;38,30;0,25;0,215;1,6;4,51;0,369
574;13.07.2023;10:00:16;00:09:33;250,1;414,8;28,0;27,4;22,2;488,1;21,5;0,1;1,27E-1;-541,2;20,00;3,0;2,9;38,30;0,25;0,217;1,6;4,50;0,366
575;13.07.2023;10:00:17;00:09:34;250,1;417,3;28,0;27,4;22,2;489,7;21,5;0,1;1,27E-1;-541,2;20,00;3,0;3,0;38,30;0,26;0,220;1,7;4,48;0,367
576;13.07.2023;10:00:18;00:09:35;250,1;417,3;28,1;27,5;22,2;491,3;21,7;0,1;1,27E-1;-541,2;20,00;3,0;3,0;38,31;0,26;0,218;1,6;4,45;0,369
577;13.07.2023;10:00:19;00:09:36;250,1;419,8;28,1;27,5;22,2;492,1;21,8;0,1;1,27E-1;-541,2;20,00;3,0;3,0;38,31;0,26;0,224;1,7;4,51;0,371
578;13.07.2023;10:00:20;00:09:37;250,1;419,8;28,1;27,5;22,2;493,7;21,8;0,1;1,26E-1;-541,2;20,00;3,0;3,0;38,32;0,27;0,238;1,7;4,48;0,369
579;13.07.2023;10:00:21;00:09:38;250,1;422,3;28,1;27,6;22,2;495,3;21,8;0,1;1,26E-1;-541,2;20,00;3,0;3,0;38,32;0,27;0,244;1,7;4,52;0,370
580;13.07.2023;10:00:22;00:09:39;250,1;422,3;28,1;27,6;22,2;496,3;21,9;0,1;1,26E-1;-541,2;20,00;3,0;3,0;38,32;0,28;0,247;1,7;4,51;0,371
581;13.07.2023;10:00:23;00:09:40;250,0;425,0;28,1;27,6;22,2;497,9;21,9;0,1;1,26E-1;-541,2;20,00;3,0;3,0;38,33;0,28;0,253;1,7;4,52;0,372
582;13.07.2023;10:00:24;00:09:41;250,0;425,0;28,1;27,6;22,2;498,7;22,0;0,1;1,26E-1;-541,2;20,00;3,0;3,0;38,33;0,28;0,254;1,7;4,50;0,371
583;13.07.2023;10:00:25;00:09:42;250,0;425,0;28,2;27,7;22,2;500,3;22,2;0,1;1,26E-1;-541,2;20,00;3,0;3,0;38,34;0,29;0,260;1,7;4,53;0,376
584;13.07.2023;10:00:26;00:09:43;250,1;427,7;28,2;27,7;22,2;502,1;22,2;0,1;1,25E-1;-541,2;20,00;3,0;3,0;38,35;0,30;0,277;1,7;4,56;0,374
585;13.07.2023;10:00:27;00:09:44;250,1;427,7;28,3;27,7;22,2;503,0;22,3;0,1;1,25E-1;-541,2;20,00;3,0;3,0;38,35;0,30;0,279;1,7;4,50;0,374
586;13.07.2023;10:00:28;00:09:45;250,0;430,5;28,3;27,7;22,2;504,9;22,3;0,1;1,25E-1;-541,2;20,00;3,0;3,0;38,35;0,30;0,273;1,7;4,52;0,376
587;13.07.2023;10:00:29;00:09:46;250,0;430,5;28,3;27,8;22,2;506,7;22,5;0,1;1,25E-1;-541,2;20,00;3,0;3,0;38,36;0,31;0,277;1,7;4,53;0,377
588;13.07.2023;10:00:30;00:09:47;250,1;433,3;28,3;27,8;22,2;507,6;22,4;0,1;1,25E-1;-541,2;20,00;3,0;2,9;38,36;0,31;0,280;1,7;4,52;0,379
589;13.07.2023;10:00:31;00:09:48;250,0;435,9;28,4;27,9;22,2;509,4;22,5;0,1;1,25E-1;-541,2;20,00;3,0;2,9;38,37;0,32;0,281;1,7;4,56;0,381
590;13.07.2023;10:00:32;00:09:49;250,0;435,9;28,4;27,9;22,2;511,2;22,6;0,1;1,25E-1;-541,2;20,00;3,0;2,9;38,38;0,33;0,288;1,7;4,53;0,379
591;13.07.2023;10:00:33;00:09:50;250,0;435,9;28,5;28,0;22,2;512,1;22,7;0,1;1,25E-1;-541,2;20,00;3,0;2,9;38,38;0,33;0,297;1,7;4,59;0,381
592;13.07.2023;10:00:34;00:09:51;250,1;438,6;28,5;28,0;22,2;514,1;22,7;0,1;1,24E-1;-541,2;20,00;3,0;3,0;38,39;0,34;0,321;1,7;4,58;0,381
593;13.07.2023;10:00:35;00:09:52;250,1;438,6;28,5;28,0;22,2;515,0;22,8;0,1;1,24E-1;-541,2;20,00;3,0;3,0;38,39;0,34;0,329;1,7;4,60;0,381
594;13.07.2023;10:00:36;00:09:53;250,0;441,1;28,5;28,0;22,2;516,8;22,8;0,1;1,24E-1;-541,2;20,00;3,0;3,0;38,39;0,35;0,316;1,7;4,57;0,381
595;13.07.2023;10:00:37;00:09:54;250,1;443,7;28,6;28,1;22,2;518,6;22,8;0,1;1,24E-1;-541,2;20,00;3,0;3,0;38,41;0,35;0,323;1,8;4,55;0,383
596;13.07.2023;10:00:38;00:09:55;250,1;443,7;28,6;28,1;22,2;519,5;22,9;0,1;1,24E-1;-541,2;20,00;3,0;3,0;38,40;0,36;0,336;1,7;4,57;0,384
597;13.07.2023;10:00:39;00:09:56;250,1;446,3;28,7;28,2;22,2;521,3;23,2;0,1;1,24E-1;-541,2;20,00;3,0;3,0;38,41;0,36;0,340;1,8;4,60;0,386
598;13.07.2023;10:00:40;00:09:57;250,0;446,3;28,7;28,2;22,3;523,3;23,2;0,1;1,24E-1;-541,2;20,00;3,0;3,0;38,42;0,37;0,354;1,8;4,61;0,387
599;13.07.2023;10:00:41;00:09:58;250,0;448,9;28,7;28,3;22,3;524,2;23,1;0,1;1,24E-1;-541,2;20,00;3,0;3,0;38,43;0,38;0,367;1,8;4,58;0,386
600;13.07.2023;10:00:42;00:09:59;250,1;448,9;28,7;28,3;22,3;526,0;23,3;0,1;1,23E-1;-541,2;20,00;3,0;3,0;38,44;0,38;0,379;1,8;4,61;0,388
601;13.07.2023;10:00:43;00:10:00;250,0;451,7;28,8;28,3;22,3;527,8;23,3;0,1;1,23E-1;-541,2;20,00;3,0;3,1;38,44;0,39;0,385;1,8;4,61;0,390
602;13.07.2023;10:00:44;00:10:01;250,0;451,7;28,8;28,3;22,2;528,7;23,4;0,1;1,23E-1;-541,2;20,00;3,0;3,0;38,45;0,40;0,381;1,8;4,58;0,388
603;13.07.2023;10:00:45;00:10:02;250,0;451,7;28,9;28,3;22,2;530,5;23,6;0,1;1,23E-1;-541,2;20,00;3,0;2,9;38,45;0,41;0,384;1,8;4,60;0,391
604;13.07.2023;10:00:46;00:10:03;250,2;454,5;28,9;28,4;22,3;532,4;23,6;0,1;1,23E-1;-541,2;20,00;3,0;2,9;38,46;0,41;0,378;1,8;4,64;0,391
605;13.07.2023;10:00:47;00:10:04;250,1;457,3;28,9;28,5;22,3;533,3;23,7;0,1;1,23E-1;-541,2;20,00;3,0;3,0;38,47;0,41;0,376;1,8;4,63;0,391
606;13.07.2023;10:00:48;00:10:05;250,0;457,3;28,9;28,5;22,3;535,1;23,7;0,1;1,23E-1;-541,2;20,00;3,0;3,0;38,47;0,43;0,381;1,8;4,64;0,391
607;13.07.2023;10:00:49;00:10:06;250,1;457,3;29,0;28,5;22,3;536,0;23,8;0,1;1,23E-1;-541,2;20,00;3,0;3,1;38,48;0,43;0,393;1,8;4,62;0,394
608;13.07.2023;10:00:50;00:10:07;250,1;460,1;29,0;28,6;22,4;537,8;23,8;0,1;1,22E-1;-541,2;20,00;3,0;3,0;38,49;0,44;0,396;1,8;4,64;0,395
609;13.07.2023;10:00:51;00:10:08;250,0;462,7;29,1;28,7;22,4;539,6;23,9;0,1;1,22E-1;-541,2;20,00;3,0;3,0;38,50;0,44;0,410;1,8;4,62;0,396
610;13.07.2023;10:00:52;00:10:09;250,0;462,7;29,1;28,7;22,4;540,5;23,9;0,1;1,22E-1;-541,2;20,00;3,0;3,0;38,50;0,45;0,411;1,8;4,67;0,396
611;13.07.2023;10:00:53;00:10:10;250,1;462,7;29,1;28,8;22,4;542,5;24,2;0,1;1,22E-1;-541,2;20,00;3,0;3,1;38,51;0,46;0,410;1,8;4,65;0,396
612;13.07.2023;10:00:54;00:10:11;250,3;465,4;29,1;28,8;22,4;544,3;24,2;0,1;1,22E-1;-541,2;20,00;3,0;3,0;38,52;0,47;0,423;1,8;4,66;0,397
613;13.07.2023;10:00:55;00:10:12;250,2;465,4;29,2;28,8;22,4;545,2;24,3;0,1;1,22E-1;-541,2;20,00;3,0;3,0;38,52;0,47;0,427;1,9;4,63;0,399
614;13.07.2023;10:00:56;00:10:13;250,2;468,1;29,2;28,8;22,4;547,0;24,3;0,1;1,22E-1;-541,2;20,00;3,0;3,0;38,53;0,48;0,445;1,8;4,69;0,398
615;13.07.2023;10:00:57;00:10:14;250,0;470,7;29,3;28,9;22,4;548,8;24,3;0,1;1,22E-1;-541,2;20,00;3,0;3,1;38,54;0,49;0,464;1,8;4,65;0,400
616;13.07.2023;10:00:58;00:10:15;250,1;470,7;29,3;28,9;22,4;549,7;24,4;0,1;1,22E-1;-541,2;20,00;3,0;3,0;38,55;0,50;0,473;1,9;4,65;0,400
617;13.07.2023;10:00:59;00:10:16;250,1;473,4;29,4;29,0;22,4;551,6;24,4;0,1;1,21E-1;-541,2;20,00;3,0;3,0;38,56;0,51;0,491;1,9;4,64;0,402
618;13.07.2023;10:01:00;00:10:17;250,2;473,4;29,4;29,0;22,4;553,4;24,6;0,1;1,21E-1;-541,2;20,00;3,0;3,0;38,57;0,52;0,496;1,9;4,67;0,402
619;13.07.2023;10:01:01;00:10:18;250,3;476,1;29,4;29,1;22,5;554,3;24,5;0,1;1,21E-1;-541,2;20,00;3,0;3,0;38,57;0,53;0,499;1,9;4,68;0,404
620;13.07.2023;10:01:02;00:10:19;250,1;476,1;29,4;29,0;22,5;556,1;24,7;0,1;1,21E-1;-541,2;20,00;3,0;3,0;38,59;0,53;0,503;1,9;4,69;0,405
621;13.07.2023;10:01:03;00:10:20;250,1;476,1;29,5;29,0;22,4;557,0;24,8;0,1;1,21E-1;-541,2;20,00;3,0;3,0;38,59;0,54;0,511;1,9;4,68;0,405
622;13.07.2023;10:01:04;00:10:21;250,3;478,9;29,5;29,1;22,4;558,8;24,8;0,1;1,21E-1;-541,2;20,00;3,0;3,0;38,60;0,55;0,515;1,9;4,68;0,405
623;13.07.2023;10:01:05;00:10:22;250,1;478,9;29,5;29,2;22,4;560,8;25,1;0,1;1,21E-1;-541,2;20,00;3,0;3,0;38,62;0,56;0,526;1,9;4,66;0,407
624;13.07.2023;10:01:06;00:10:23;250,0;481,8;29,5;29,2;22,4;561,7;24,9;0,1;1,21E-1;-541,2;20,00;3,0;3,1;38,62;0,57;0,535;1,9;4,72;0,407
625;13.07.2023;10:01:07;00:10:24;250,2;484,7;29,6;29,3;22,4;563,5;25,0;0,1;1,21E-1;-541,2;20,00;3,0;3,0;38,63;0,58;0,551;1,9;4,74;0,409
626;13.07.2023;10:01:08;00:10:25;250,2;484,7;29,6;29,3;22,4;565,3;25,1;0,1;1,20E-1;-541,2;20,00;3,0;3,0;38,64;0,59;0,555;1,9;4,69;0,410
627;13.07.2023;10:01:09;00:10:26;250,0;484,7;29,7;29,4;22,4;566,2;25,2;0,1;1,20E-1;-541,2;20,00;3,0;3,0;38,65;0,60;0,571;1,9;4,72;0,410
628;13.07.2023;10:01:10;00:10:27;250,0;487,6;29,7;29,4;22,5;568,0;25,2;0,1;1,20E-1;-541,2;20,00;3,0;3,1;38,66;0,61;0,596;1,9;4,71;0,410
629;13.07.2023;10:01:11;00:10:28;250,0;490,4;29,7;29,5;22,5;569,9;25,2;0,1;1,20E-1;-541,2;20,00;3,0;3,0;38,68;0,63;0,612;1,9;4,71;0,410
630;13.07.2023;10:01:12;00:10:29;250,0;490,4;29,7;29,5;22,5;570,8;25,3;0,1;1,20E-1;-541,2;20,00;3,0;2,9;38,68;0,63;0,613;1,9;4,72;0,410
631;13.07.2023;10:01:13;00:10:30;250,1;490,4;29,8;29,5;22,5;572,6;25,6;0,1;1,20E-1;-541,2;20,00;3,0;3,0;38,69;0,65;0,616;2,0;4,74;0,415
632;13.07.2023;10:01:14;00:10:31;250,0;493,2;29,8;29,5;22,5;573,5;25,5;0,1;1,20E-1;-541,2;20,00;3,0;3,0;38,70;0,65;0,617;2,0;4,74;0,414
633;13.07.2023;10:01:15;00:10:32;250,2;496,0;29,9;29,6;22,5;575,3;25,7;0,1;1,20E-1;-541,2;20,00;3,0;2,9;38,71;0,67;0,626;2,0;4,78;0,415
634;13.07.2023;10:01:16;00:10:33;250,2;496,0;29,9;29,6;22,5;577,1;25,6;0,1;1,20E-1;-541,2;20,00;3,0;3,0;38,73;0,68;0,636;2,0;4,73;0,415
635;13.07.2023;10:01:17;00:10:34;250,0;496,0;30,0;29,7;22,5;578,2;25,8;0,1;1,20E-1;-541,2;20,00;3,0;3,0;38,74;0,69;0,640;2,0;4,77;0,418
636;13.07.2023;10:01:18;00:10:35;250,1;498,9;30,0;29,7;22,5;580,0;25,8;0,1;1,20E-1;-541,2;20,00;3,0;3,0;38,75;0,70;0,650;2,0;4,76;0,415
637;13.07.2023;10:01:19;00:10:36;250,2;501,7;30,0;29,8;22,5;581,8;25,8;0,1;1,20E-1;-541,2;20,00;3,0;2,9;38,77;0,72;0,660;2,0;4,74;0,416
638;13.07.2023;10:01:20;00:10:37;250,0;501,7;30,0;29,8;22,5;582,7;25,9;0,1;1,19E-1;-541,2;20,00;3,0;3,0;38,77;0,72;0,680;2,0;4,78;0,418
639;13.07.2023;10:01:21;00:10:38;250,0;501,7;30,1;29,9;22,5;584,5;26,1;0,1;1,19E-1;-541,2;20,00;3,0;3,0;38,79;0,74;0,700;2,0;4,80;0,420
640;13.07.2023;10:01:22;00:10:39;250,0;504,5;30,1;29,8;22,6;586,3;26,1;0,1;1,19E-1;-541,2;20,00;3,0;3,0;38,80;0,75;0,720;2,0;4,76;0,420
641;13.07.2023;10:01:23;00:10:40;250,0;504,5;30,1;29,9;22,5;587,3;26,2;0,1;1,19E-1;-541,2;20,00;3,0;3,0;38,81;0,76;0,733;2,0;4,79;0,420
642;13.07.2023;10:01:24;00:10:41;250,0;507,4;30,1;29,9;22,6;589,1;26,2;0,1;1,19E-1;-541,2;20,00;3,0;3,0;38,83;0,78;0,747;2,0;4,78;0,425
643;13.07.2023;10:01:25;00:10:42;250,2;507,4;30,2;30,0;22,6;590,9;26,4;0,1;1,19E-1;-541,2;20,00;3,0;3,0;38,84;0,79;0,751;2,0;4,78;0,422
644;13.07.2023;10:01:26;00:10:43;250,0;510,4;30,2;30,0;22,6;591,8;26,3;0,1;1,19E-1;-541,2;20,00;3,0;3,0;38,85;0,80;0,748;2,0;4,80;0,422
645;13.07.2023;10:01:27;00:10:44;250,0;510,4;30,3;30,1;22,6;593,6;26,5;0,1;1,19E-1;-541,2;20,00;3,0;3,0;38,87;0,82;0,756;2,0;4,79;0,425
646;13.07.2023;10:01:28;00:10:45;250,0;510,4;30,3;30,1;22,6;594,5;26,6;0,1;1,19E-1;-541,2;20,00;3,0;3,0;38,88;0,82;0,767;2,0;4,77;0,425
647;13.07.2023;10:01:29;00:10:46;250,2;513,4;30,3;30,1;22,6;596,5;26,6;0,1;1,18E-1;-541,2;20,00;3,0;2,9;38,90;0,84;0,805;2,1;4,81;0,426
648;13.07.2023;10:01:30;00:10:47;250,2;516,4;30,4;30,2;22,6;598,3;26,6;0,1;1,18E-1;-541,2;20,00;3,0;2,9;38,91;0,86;0,820;2,0;4,80;0,426
649;13.07.2023;10:01:31;00:10:48;250,3;516,4;30,4;30,2;22,6;599,2;26,7;0,1;1,18E-1;-541,2;20,00;3,0;3,0;38,92;0,87;0,827;2,0;4,81;0,426
650;13.07.2023;10:01:32;00:10:49;250,1;519,2;30,4;30,3;22,6;601,0;26,7;0,1;1,18E-1;-541,2;20,00;3,0;3,0;38,94;0,89;0,838;2,1;4,80;0,429
651;13.07.2023;10:01:33;00:10:50;250,1;519,2;30,5;30,3;22,6;602,8;26,9;0,1;1,18E-1;-541,2;20,00;3,0;2,9;38,96;0,91;0,866;2,1;4,81;0,430
652;13.07.2023;10:01:34;00:10:51;250,1;522,0;30,5;30,4;22,7;603,7;26,8;0,1;1,18E-1;-541,2;20,00;3,0;3,0;38,96;0,92;0,883;2,1;4,82;0,430
653;13.07.2023;10:01:35;00:10:52;250,1;524,8;30,6;30,5;22,7;605,6;26,9;0,1;1,18E-1;-541,2;20,00;3,0;3,0;38,98;0,94;0,892;2,1;4,86;0,430
654;13.07.2023;10:01:36;00:10:53;250,1;524,8;30,6;30,5;22,7;607,4;27,0;0,1;1,18E-1;-541,2;20,00;3,0;3,0;39,01;0,96;0,898;2,1;4,79;0,432
655;13.07.2023;10:01:37;00:10:54;250,2;524,8;30,7;30,6;22,7;608,3;27,1;0,1;1,18E-1;-541,2;20,00;3,0;3,0;39,01;0,96;0,905;2,1;4,84;0,435
656;13.07.2023;10:01:38;00:10:55;250,0;527,6;30,7;30,6;22,6;610,1;27,1;0,1;1,17E-1;-541,2;20,00;3,0;3,1;39,04;0,99;0,925;2,1;4,85;0,435
657;13.07.2023;10:01:39;00:10:56;250,1;530,4;30,8;30,7;22,6;611,9;27,1;0,1;1,17E-1;-541,2;20,00;3,0;3,0;39,06;1,00;0,964;2,1;4,87;0,435
658;13.07.2023;10:01:40;00:10:57;250,0;530,4;30,8;30,7;22,6;612,8;27,2;0,1;1,17E-1;-541,2;20,00;3,0;3,0;39,07;1,01;0,978;2,1;4,83;0,435
659;13.07.2023;10:01:41;00:10:58;250,3;533,2;30,8;30,8;22,6;614,8;27,2;0,1;1,17E-1;-541,2;20,00;3,0;3,0;39,09;1,04;0,979;2,1;4,83;0,435
660;13.07.2023;10:01:42;00:10:59;250,2;533,2;30,8;30,8;22,6;615,7;27,3;0,1;1,17E-1;-541,2;20,00;3,0;3,0;39,09;1,05;0,974;2,1;4,85;0,436
661;13.07.2023;10:01:43;00:11:00;250,2;533,2;30,9;30,8;22,6;617,5;27,6;0,1;1,17E-1;-541,2;20,00;3,0;3,0;39,12;1,06;0,984;2,1;4,89;0,440
662;13.07.2023;10:01:44;00:11:01;250,2;536,2;30,9;30,8;22,6;619,3;27,6;0,1;1,16E-1;-541,2;20,00;3,0;3,0;39,14;1,09;0,994;2,1;4,89;0,440
663;13.07.2023;10:01:45;00:11:02;250,1;536,2;30,9;30,8;22,6;620,2;27,7;0,1;1,16E-1;-541,2;20,00;3,0;3,0;39,15;1,10;1,003;2,1;4,84;0,440
664;13.07.2023;10:01:46;00:11:03;250,1;539,2;31,0;30,9;22,7;622,0;27,6;0,1;1,16E-1;-541,2;20,00;3,0;3,0;39,17;1,12;1,020;2,2;4,89;0,440
665;13.07.2023;10:01:47;00:11:04;250,2;542,2;31,0;31,0;22,7;623,9;27,6;0,1;1,16E-1;-541,2;20,00;3,0;3,0;39,19;1,15;1,042;2,2;4,88;0,444
666;13.07.2023;10:01:48;00:11:05;250,0;542,2;31,0;31,0;22,7;624,8;27,7;0,1;1,16E-1;-541,2;20,00;3,0;3,0;39,20;1,15;1,057;2,2;4,88;0,444
667;13.07.2023;10:01:49;00:11:06;250,1;542,2;31,1;31,0;22,7;626,6;28,0;0,1;1,16E-1;-541,2;20,00;3,0;3,0;39,22;1,18;1,072;2,2;4,88;0,444
668;13.07.2023;10:01:50;00:11:07;250,1;545,3;31,1;31,1;22,7;628,4;27,9;0,1;1,16E-1;-541,2;20,00;3,0;3,0;39,25;1,20;1,081;2,2;4,89;0,444
669;13.07.2023;10:01:51;00:11:08;250,0;545,3;31,2;31,2;22,7;629,3;28,0;0,1;1,16E-1;-541,2;20,00;3,0;3,0;39,26;1,21;1,088;2,2;4,89;0,444
670;13.07.2023;10:01:52;00:11:09;250,1;548,1;31,2;31,2;22,8;631,1;28,0;0,1;1,15E-1;-541,2;20,00;3,0;3,1;39,29;1,23;1,105;2,2;4,86;0,444
671;13.07.2023;10:01:53;00:11:10;250,2;548,1;31,3;31,3;22,8;632,0;28,1;0,1;1,15E-1;-541,2;20,00;3,0;3,0;39,29;1,24;1,114;2,2;4,89;0,444
672;13.07.2023;10:01:54;00:11:11;250,0;550,9;31,3;31,3;22,8;634,0;28,1;0,1;1,15E-1;-541,2;20,00;3,0;3,0;39,32;1,27;1,143;2,2;4,93;0,449
673;13.07.2023;10:01:55;00:11:12;250,3;553,7;31,4;31,4;22,8;635,8;28,2;0,1;1,15E-1;-541,2;20,00;3,0;3,1;39,35;1,30;1,173;2,2;4,88;0,449
674;13.07.2023;10:01:56;00:11:13;250,1;553,7;31,4;31,4;22,8;636,7;28,2;0,1;1,15E-1;-541,2;20,00;3,0;3,0;39,36;1,31;1,178;2,2;4,91;0,449
675;13.07.2023;10:01:57;00:11:14;250,1;553,7;31,5;31,5;22,8;638,5;28,5;0,1;1,14E-1;-541,2;20,00;3,0;3,0;39,38;1,33;1,188;2,2;4,92;0,449
676;13.07.2023;10:01:58;00:11:15;250,0;556,6;31,5;31,5;22,8;640,3;28,5;0,1;1,14E-1;-541,2;20,00;3,0;3,0;39,40;1,36;1,175;2,2;4,94;0,449
677;13.07.2023;10:01:59;00:11:16;250,1;556,6;31,5;31,5;22,8;641,2;28,6;0,1;1,14E-1;-541,2;20,00;3,0;3,0;39,42;1,37;1,186;2,2;4,94;0,450
678;13.07.2023;10:02:00;00:11:17;250,0;559,5;31,5;31,6;22,8;643,1;28,6;0,1;1,14E-1;-541,2;20,00;3,0;3,0;39,45;1,39;1,211;2,2;4,92;0,452
679;13.07.2023;10:02:01;00:11:18;250,0;559,5;31,6;31,7;22,8;644,9;28,8;0,1;1,14E-1;-541,2;20,00;3,0;3,0;39,47;1,42;1,228;2,2;4,91;0,454
680;13.07.2023;10:02:02;00:11:19;250,0;562,4;31,6;31,7;22,8;645,8;28,7;0,1;1,14E-1;-541,2;20,00;3,0;3,0;39,48;1,43;1,243;2,3;4,94;0,454
681;13.07.2023;10:02:03;00:11:20;250,0;562,3;31,6;31,6;22,8;647,6;28,9;0,1;1,13E-1;-541,2;20,00;3,0;3,0;39,51;1,46;1,251;2,2;4,89;0,454
682;13.07.2023;10:02:04;00:11:21;250,0;565,5;31,6;31,7;22,8;649,4;28,9;0,1;1,13E-1;-541,2;20,00;3,0;3,0;39,54;1,49;1,259;2,2;4,94;0,455
683;13.07.2023;10:02:05;00:11:22;250,1;565,5;31,6;31,7;22,8;650,3;29,0;0,1;1,13E-1;-541,2;20,00;3,0;3,0;39,55;1,50;1,267;2,3;4,97;0,457
684;13.07.2023;10:02:06;00:11:23;250,0;568,6;31,7;31,9;22,8;652,3;28,9;0,1;1,13E-1;-541,2;20,00;3,0;3,0;39,58;1,53;1,286;2,3;4,92;0,455
685;13.07.2023;10:02:07;00:11:24;250,0;568,6;31,8;31,9;22,8;653,2;29,1;0,1;1,13E-1;-541,2;20,00;3,0;2,9;39,59;1,54;1,299;2,3;4,99;0,457
686;13.07.2023;10:02:08;00:11:25;250,0;571,7;31,8;32,0;22,9;655,0;29,1;0,1;1,13E-1;-541,2;20,00;3,0;3,0;39,62;1,57;1,316;2,3;4,94;0,459
687;13.07.2023;10:02:09;00:11:26;250,0;571,7;31,9;32,0;22,9;656,8;29,3;0,1;1,12E-1;-541,2;20,00;3,0;3,0;39,65;1,60;1,330;2,3;4,96;0,459
688;13.07.2023;10:02:10;00:11:27;250,2;574,7;31,9;32,1;22,9;657,7;29,1;0,1;1,12E-1;-541,2;20,00;3,0;3,0;39,66;1,61;1,328;2,3;4,96;0,460
689;13.07.2023;10:02:11;00:11:28;250,1;574,7;32,0;32,2;22,9;659,5;29,3;0,1;1,12E-1;-541,2;20,00;3,0;3,0;39,69;1,64;1,343;2,3;4,96;0,459
690;13.07.2023;10:02:12;00:11:29;250,0;577,6;32,0;32,2;22,9;661,4;29,4;0,1;1,12E-1;-541,2;20,00;3,0;3,0;39,72;1,67;1,378;2,3;4,97;0,464
691;13.07.2023;10:02:13;00:11:30;250,0;577,6;32,0;32,2;22,9;662,3;29,5;0,1;1,12E-1;-541,2;20,00;3,0;3,0;39,73;1,68;1,374;2,3;4,97;0,463
692;13.07.2023;10:02:14;00:11:31;250,0;580,4;32,1;32,3;22,9;664,1;29,4;0,1;1,12E-1;-541,2;20,00;3,0;3,0;39,76;1,71;1,389;2,3;4,97;0,464
693;13.07.2023;10:02:15;00:11:32;250,1;583,3;32,1;32,4;22,9;665,9;29,5;0,1;1,12E-1;-541,2;20,00;3,0;3,0;39,79;1,74;1,399;2,3;5,01;0,464
694;13.07.2023;10:02:16;00:11:33;250,1;583,3;32,1;32,4;22,9;666,8;29,5;0,1;1,12E-1;-541,2;20,00;3,0;3,0;39,80;1,75;1,410;2,3;4,96;0,464
695;13.07.2023;10:02:17;00:11:34;250,0;583,3;32,2;32,4;22,9;668,6;29,8;0,1;1,12E-1;-541,2;20,00;3,0;3,0;39,83;1,78;1,424;2,3;4,97;0,466
696;13.07.2023;10:02:18;00:11:35;250,1;586,2;32,2;32,5;22,9;670,6;29,8;0,1;1,11E-1;-541,2;20,00;3,0;3,0;39,86;1,82;1,439;2,3;4,99;0,468
697;13.07.2023;10:02:19;00:11:36;250,0;589,0;32,3;32,6;22,9;671,5;29,9;0,1;1,11E-1;-541,2;20,00;3,0;3,0;39,88;1,83;1,453;2,3;4,94;0,468
698;13.07.2023;10:02:20;00:11:37;250,1;589,0;32,3;32,6;23,0;673,3;29,9;0,1;1,11E-1;-541,2;20,00;3,0;3,1;39,91;1,86;1,463;2,3;5,00;0,468
699;13.07.2023;10:02:21;00:11:38;250,0;589,0;32,4;32,7;23,0;674,2;30,0;0,1;1,11E-1;-541,2;20,00;3,0;3,0;39,92;1,87;1,474;2,3;5,03;0,469
700;13.07.2023;10:02:22;00:11:39;250,0;591,9;32,4;32,7;23,0;676,0;30,0;0,1;1,11E-1;-541,2;20,00;3,0;3,0;39,95;1,91;1,481;2,4;4,99;0,469
701;13.07.2023;10:02:23;00:11:40;250,0;591,9;32,5;32,7;23,0;677,8;30,2;0,1;1,11E-1;-541,2;20,00;3,0;3,0;39,99;1,93;1,484;2,3;5,01;0,472
702;13.07.2023;10:02:24;00:11:41;250,2;594,9;32,5;32,8;23,0;678,8;30,3;0,1;1,11E-1;-541,2;20,00;3,0;3,0;40,00;1,95;1,486;2,4;5,03;0,474
703;13.07.2023;10:02:25;00:11:42;250,0;594,9;32,5;32,8;23,0;680,6;30,3;0,1;1,11E-1;-541,2;20,00;3,0;3,0;40,03;1,98;1,501;2,4;5,00;0,474
704;13.07.2023;10:02:26;00:11:43;250,1;598,0;32,5;32,9;23,0;682,4;30,3;0,1;1,10E-1;-541,2;20,00;3,0;3,1;40,06;2,01;1,512;2,4;5,01;0,474
705;13.07.2023;10:02:27;00:11:44;250,1;598,0;32,6;32,9;23,0;683,3;30,4;0,1;1,10E-1;-541,1;20,00;3,0;3,0;40,08;2,03;1,507;2,4;5,04;0,474
706;13.07.2023;10:02:28;00:11:45;250,2;601,0;32,6;33,0;23,0;685,1;30,4;0,1;1,10E-1;-541,2;20,00;3,0;3,0;40,11;2,06;1,518;2,4;5,05;0,476
707;13.07.2023;10:02:29;00:11:46;250,2;601,0;32,7;33,0;23,0;686,9;30,6;0,1;1,10E-1;-541,2;20,00;3,0;3,0;40,14;2,09;1,514;2,4;5,04;0,476
708;13.07.2023;10:02:30;00:11:47;250,0;604,1;32,7;33,1;23,0;688,0;30,5;0,1;1,10E-1;-541,2;20,00;3,0;3,0;40,16;2,11;1,518;2,4;5,01;0,478
709;13.07.2023;10:02:31;00:11:48;250,0;607,0;32,8;33,2;23,0;689,8;30,6;0,1;1,10E-1;-541,1;20,00;3,0;3,0;40,19;2,14;1,525;2,4;5,02;0,479
710;13.07.2023;10:02:32;00:11:49;250,2;607,0;32,8;33,2;23,0;690,7;30,6;0,1;1,10E-1;-541,2;20,00;3,0;3,0;40,21;2,15;1,522;2,4;5,05;0,479
711;13.07.2023;10:02:33;00:11:50;250,1;607,0;32,9;33,2;23,1;692,5;30,8;0,1;1,10E-1;-541,2;20,00;3,0;3,0;40,24;2,18;1,533;2,4;5,07;0,479
712;13.07.2023;10:02:34;00:11:51;250,3;609,8;32,9;33,3;23,1;694,3;30,8;0,1;1,10E-1;-541,2;20,00;3,0;3,0;40,26;2,22;1,519;2,4;5,06;0,481
713;13.07.2023;10:02:35;00:11:52;250,2;609,8;32,9;33,3;23,1;695,2;30,9;0,1;1,09E-1;-541,2;20,00;3,0;3,0;40,28;2,23;1,517;2,4;5,05;0,480
714;13.07.2023;10:02:36;00:11:53;250,0;612,6;33,0;33,4;23,1;697,1;30,9;0,1;1,09E-1;-541,2;20,00;3,0;3,1;40,31;2,26;1,505;2,4;5,03;0,480
715;13.07.2023;10:02:37;00:11:54;250,2;612,6;33,1;33,5;23,1;698,9;31,1;0,1;1,09E-1;-541,2;20,00;3,0;3,0;40,34;2,29;1,521;2,4;5,07;0,484
716;13.07.2023;10:02:38;00:11:55;250,1;615,5;33,1;33,5;23,1;699,8;31,0;0,1;1,09E-1;-541,2;20,00;3,0;3,0;40,36;2,31;1,506;2,4;5,02;0,484
717;13.07.2023;10:02:39;00:11:56;250,2;618,3;33,2;33,6;23,1;701,6;31,2;0,1;1,09E-1;-541,2;20,00;3,0;3,0;40,39;2,33;1,486;2,4;5,05;0,484
718;13.07.2023;10:02:40;00:11:57;250,1;618,3;33,2;33,6;23,2;703,4;31,2;0,1;1,09E-1;-541,2;20,00;3,0;3,0;40,41;2,37;1,476;2,5;5,09;0,484
719;13.07.2023;10:02:41;00:11:58;250,0;618,3;33,2;33,7;23,2;704,3;31,3;0,1;1,09E-1;-541,2;20,00;3,0;3,0;40,43;2,38;1,478;2,5;5,04;0,484
720;13.07.2023;10:02:42;00:11:59;250,1;621,1;33,2;33,7;23,2;706,1;31,3;0,1;1,09E-1;-541,2;20,00;3,0;2,9;40,46;2,41;1,486;2,5;5,04;0,486
721;13.07.2023;10:02:43;00:12:00;250,3;621,1;33,3;33,9;23,2;708,1;31,6;0,1;1,09E-1;-541,2;20,00;3,0;2,9;40,49;2,44;1,491;2,5;5,08;0,488
722;13.07.2023;10:02:44;00:12:01;250,0;624,1;33,3;33,9;23,2;709,0;31,6;0,1;1,09E-1;-541,2;20,00;3,0;3,0;40,51;2,45;1,498;2,5;5,09;0,488
723;13.07.2023;10:02:45;00:12:02;250,0;624,1;33,3;33,9;23,2;710,8;31,7;0,1;1,09E-1;-541,2;20,00;3,0;3,0;40,53;2,49;1,500;2,5;5,12;0,488
724;13.07.2023;10:02:46;00:12:03;250,3;627,2;33,4;34,0;23,2;711,7;31,5;0,1;1,09E-1;-541,2;20,00;3,0;3,1;40,55;2,50;1,495;2,5;5,10;0,490
725;13.07.2023;10:02:47;00:12:04;250,0;627,2;33,5;34,0;23,2;713,5;31,7;0,1;1,08E-1;-541,2;20,00;3,0;3,0;40,58;2,53;1,487;2,5;5,09;0,493
726;13.07.2023;10:02:48;00:12:05;250,0;630,3;33,5;34,1;23,2;715,3;31,7;0,1;1,08E-1;-541,2;20,00;3,0;3,0;40,62;2,56;1,505;2,5;5,10;0,493
727;13.07.2023;10:02:49;00:12:06;250,1;630,3;33,5;34,1;23,2;716,3;31,8;0,1;1,08E-1;-541,2;20,00;3,0;3,1;40,63;2,58;1,513;2,5;5,10;0,493
728;13.07.2023;10:02:50;00:12:07;250,0;633,4;33,6;34,2;23,2;718,1;31,8;0,1;1,08E-1;-541,2;20,00;3,0;3,1;40,66;2,61;1,518;2,5;5,11;0,493
729;13.07.2023;10:02:51;00:12:08;250,1;633,4;33,7;34,2;23,2;719,9;32,0;0,1;1,08E-1;-541,2;20,00;3,0;3,0;40,69;2,64;1,521;2,5;5,13;0,494
730;13.07.2023;10:02:52;00:12:09;250,0;636,3;33,7;34,3;23,2;720,8;32,1;0,1;1,08E-1;-541,2;20,00;3,0;3,0;40,71;2,66;1,523;2,5;5,14;0,496
731;13.07.2023;10:02:53;00:12:10;250,0;636,3;33,7;34,3;23,3;722,6;32,1;0,1;1,08E-1;-541,2;20,00;3,0;3,0;40,74;2,69;1,529;2,5;5,08;0,498
732;13.07.2023;10:02:54;00:12:11;250,0;639,1;33,8;34,4;23,3;724,4;32,1;0,1;1,08E-1;-541,2;20,00;3,0;3,1;40,77;2,72;1,513;2,5;5,11;0,496
733;13.07.2023;10:02:55;00:12:12;250,2;639,1;33,9;34,5;23,3;725,0;32,2;0,1;1,08E-1;-541,2;20,00;3,0;3,0;40,78;2,74;1,514;2,5;5,12;0,498
734;13.07.2023;10:02:56;00:12:13;250,0;641,9;33,9;34,5;23,3;725,0;32,1;0,1;1,08E-1;-541,2;20,00;3,0;3,0;40,82;2,76;1,516;2,5;5,13;0,498
735;13.07.2023;10:02:57;00:12:14;250,0;641,9;34,0;34,6;23,3;725,0;32,1;0,1;1,08E-1;-541,2;20,00;3,0;3,0;40,85;2,80;1,544;2,6;5,11;0,498
736;13.07.2023;10:02:58;00:12:15;250,1;644,7;34,0;34,6;23,4;725,0;31,9;0,1;1,08E-1;-541,2;20,00;3,0;3,0;40,87;2,82;1,572;2,6;5,11;0,498
737;13.07.2023;10:02:59;00:12:16;250,0;647,5;34,1;34,7;23,4;725,0;31,9;0,1;1,07E-1;-541,2;20,00;3,1;3,0;40,90;2,85;1,596;2,5;5,10;0,498
738;13.07.2023;10:03:00;00:12:17;250,1;647,5;34,1;34,7;23,4;725,0;31,8;0,1;1,07E-1;-541,2;20,00;3,1;3,1;40,92;2,87;1,617;2,5;5,09;0,498
739;13.07.2023;10:03:01;00:12:18;250,3;647,5;34,1;34,7;23,4;725,0;31,9;0,1;1,07E-1;-541,2;20,00;3,1;3,1;40,96;2,90;1,674;2,5;5,10;0,498
740;13.07.2023;10:03:02;00:12:19;250,1;650,3;34,1;34,9;23,3;725,0;31,7;0,1;1,07E-1;-541,2;20,00;3,1;3,1;40,99;2,95;1,714;2,5;5,09;0,496
741;13.07.2023;10:03:03;00:12:20;250,0;650,3;34,1;34,9;23,3;725,0;31,7;0,1;1,07E-1;-541,2;20,00;3,1;3,1;41,01;2,96;1,723;2,5;5,11;0,498
742;13.07.2023;10:03:04;00:12:21;250,2;653,2;34,2;34,9;23,3;725,0;31,6;0,1;1,07E-1;-541,2;20,00;3,1;3,1;41,04;3,00;1,726;2,5;5,12;0,498
743;13.07.2023;10:03:05;00:12:22;250,0;653,2;34,3;34,9;23,3;725,0;31,6;0,1;1,07E-1;-541,2;20,00;3,2;3,2;41,08;3,03;1,735;2,5;5,09;0,498
744;13.07.2023;10:03:06;00:12:23;250,3;656,1;34,3;35,1;23,3;725,0;31,4;0,1;1,07E-1;-541,2;20,00;3,2;3,2;41,10;3,05;1,756;2,5;5,09;0,496
745;13.07.2023;10:03:07;00:12:24;250,1;656,1;34,4;35,1;23,3;725,0;31,4;0,1;1,07E-1;-541,2;20,00;3,2;3,1;41,14;3,09;1,776;2,5;5,06;0,493
746;13.07.2023;10:03:08;00:12:25;250,2;658,9;34,4;35,2;23,4;725,0;31,2;0,1;1,07E-1;-541,2;20,00;3,2;3,2;41,17;3,12;1,765;2,5;5,07;0,493
747;13.07.2023;10:03:09;00:12:26;250,3;658,9;34,4;35,2;23,4;725,0;31,3;0,1;1,07E-1;-541,2;20,00;3,2;3,2;41,19;3,14;1,759;2,5;5,06;0,493
748;13.07.2023;10:03:10;00:12:27;250,1;661,7;34,5;35,3;23,4;725,0;31,1;0,1;1,06E-1;-541,2;20,00;3,2;3,2;41,23;3,17;1,763;2,5;5,08;0,490
749;13.07.2023;10:03:11;00:12:28;250,1;661,7;34,5;35,3;23,4;725,0;31,1;0,1;1,06E-1;-541,2;20,00;3,2;3,2;41,24;3,19;1,749;2,5;5,03;0,490
750;13.07.2023;10:03:12;00:12:29;250,3;664,2;34,5;35,4;23,4;725,0;31,0;0,1;1,06E-1;-541,2;20,00;3,3;3,2;41,28;3,22;1,749;2,5;5,06;0,493
751;13.07.2023;10:03:13;00:12:30;250,0;664,2;34,6;35,4;23,4;725,0;31,0;0,1;1,06E-1;-541,1;20,00;3,3;3,2;41,31;3,26;1,716;2,5;5,07;0,493
752;13.07.2023;10:03:14;00:12:31;250,3;666,6;34,6;35,5;23,4;725,0;30,8;0,1;1,06E-1;-541,2;20,00;3,3;3,3;41,33;3,28;1,712;2,5;5,04;0,493
753;13.07.2023;10:03:15;00:12:32;250,1;668,9;34,7;35,6;23,4;725,0;30,9;0,1;1,06E-1;-541,2;20,00;3,3;3,3;41,36;3,31;1,701;2,5;5,05;0,490
754;13.07.2023;10:03:16;00:12:33;250,1;668,9;34,7;35,6;23,4;725,0;30,7;0,1;1,06E-1;-541,2;20,00;3,3;3,3;41,39;3,35;1,681;2,5;5,03;0,489
755;13.07.2023;10:03:17;00:12:34;250,2;668,9;34,8;35,6;23,4;725,0;30,7;0,1;1,06E-1;-541,2;20,00;3,3;3,3;41,41;3,36;1,675;2,5;5,03;0,491
756;13.07.2023;10:03:18;00:12:35;250,2;671,1;34,8;35,7;23,4;725,0;30,6;0,1;1,06E-1;-541,2;20,00;3,4;3,4;41,44;3,39;1,626;2,4;5,02;0,488
757;13.07.2023;10:03:19;00:12:36;250,0;673,3;34,8;35,8;23,4;725,0;30,5;0,1;1,06E-1;-541,2;20,00;3,4;3,4;41,47;3,42;1,590;2,5;5,01;0,490
758;13.07.2023;10:03:20;00:12:37;250,1;673,3;34,8;35,8;23,4;725,0;30,5;0,1;1,06E-1;-541,2;20,00;3,4;3,3;41,49;3,44;1,589;2,5;5,02;0,488
759;13.07.2023;10:03:21;00:12:38;250,1;673,3;34,9;35,8;23,5;725,0;30,5;0,1;1,05E-1;-541,2;20,00;3,4;3,4;41,52;3,47;1,589;2,5;5,04;0,488
760;13.07.2023;10:03:22;00:12:39;250,0;675,3;34,9;35,9;23,5;725,0;30,4;0,1;1,05E-1;-541,2;20,00;3,4;3,4;41,55;3,50;1,561;2,4;5,01;0,488
761;13.07.2023;10:03:23;00:12:40;250,0;675,3;35,0;35,9;23,5;725,0;30,4;0,1;1,05E-1;-541,2;20,00;3,4;3,4;41,56;3,51;1,540;2,5;4,99;0,488
762;13.07.2023;10:03:24;00:12:41;250,0;677,3;35,0;36,0;23,5;725,0;30,3;0,1;1,05E-1;-541,2;20,00;3,4;3,4;41,59;3,54;1,506;2,5;5,01;0,489
763;13.07.2023;10:03:25;00:12:42;250,1;677,3;35,0;36,0;23,5;725,0;30,3;0,1;1,05E-1;-541,2;20,00;3,5;3,5;41,60;3,56;1,485;2,4;5,02;0,488
764;13.07.2023;10:03:26;00:12:43;250,1;679,3;35,0;36,1;23,5;725,0;30,2;0,1;1,05E-1;-541,2;20,00;3,5;3,4;41,64;3,59;1,453;2,4;4,99;0,488
765;13.07.2023;10:03:27;00:12:44;250,1;679,3;35,1;36,2;23,5;725,0;30,2;0,1;1,05E-1;-541,2;20,00;3,5;3,5;41,66;3,61;1,428;2,4;5,00;0,488
766;13.07.2023;10:03:28;00:12:45;250,0;679,3;35,1;36,2;23,5;725,0;30,2;0,1;1,05E-1;-541,2;20,00;3,5;3,5;41,68;3,62;1,407;2,5;5,00;0,488
767;13.07.2023;10:03:29;00:12:46;250,0;681,1;35,1;36,2;23,6;725,0;30,1;0,1;1,05E-1;-541,2;20,00;3,5;3,5;41,70;3,65;1,355;2,4;5,00;0,488
768;13.07.2023;10:03:30;00:12:47;250,1;682,8;35,1;36,3;23,6;725,0;30,0;0,1;1,05E-1;-541,2;20,00;3,5;3,5;41,72;3,68;1,329;2,4;5,00;0,487
769;13.07.2023;10:03:31;00:12:48;250,2;682,8;35,1;36,3;23,6;725,0;30,0;0,1;1,04E-1;-541,2;20,00;3,5;3,6;41,73;3,68;1,315;2,4;4,95;0,487
770;13.07.2023;10:03:32;00:12:49;250,0;684,4;35,2;36,4;23,6;725,0;29,9;0,1;1,04E-1;-541,2;20,00;3,6;3,6;41,76;3,71;1,268;2,4;4,96;0,488
771;13.07.2023;10:03:33;00:12:50;250,0;684,4;35,2;36,4;23,6;725,0;29,9;0,1;1,04E-1;-541,2;20,00;3,6;3,6;41,78;3,73;1,222;2,4;4,96;0,485
772;13.07.2023;10:03:34;00:12:51;250,0;685,9;35,2;36,5;23,6;725,0;29,8;0,1;1,04E-1;-541,2;20,00;3,6;3,6;41,79;3,74;1,206;2,4;4,95;0,487
773;13.07.2023;10:03:35;00:12:52;250,1;685,9;35,3;36,5;23,6;725,0;29,9;0,1;1,04E-1;-541,2;20,00;3,6;3,7;41,81;3,77;1,182;2,4;4,99;0,485
774;13.07.2023;10:03:36;00:12:53;250,1;687,3;35,3;36,6;23,5;725,0;29,8;0,1;1,04E-1;-541,2;20,00;3,6;3,7;41,84;3,79;1,144;2,4;4,95;0,487
775;13.07.2023;10:03:37;00:12:54;250,0;687,3;35,3;36,6;23,5;725,0;29,8;0,1;1,04E-1;-541,2;20,00;3,6;3,6;41,85;3,80;1,118;2,4;4,98;0,484
776;13.07.2023;10:03:38;00:12:55;250,1;688,6;35,3;36,7;23,6;725,0;29,7;0,1;1,04E-1;-541,2;20,00;3,7;3,6;41,87;3,82;1,091;2,4;4,95;0,484
777;13.07.2023;10:03:39;00:12:56;250,0;688,6;35,3;36,7;23,6;725,0;29,7;0,1;1,04E-1;-541,2;20,00;3,7;3,7;41,88;3,83;1,069;2,4;4,94;0,484
778;13.07.2023;10:03:40;00:12:57;250,0;689,9;35,3;36,8;23,5;725,0;29,7;0,1;1,04E-1;-541,2;20,00;3,7;3,6;41,90;3,85;1,029;2,4;4,96;0,484
779;13.07.2023;10:03:41;00:12:58;250,2;689,9;35,3;36,8;23,5;725,0;29,7;0,1;1,03E-1;-541,2;20,00;3,7;3,6;41,92;3,86;1,005;2,4;4,95;0,484
780;13.07.2023;10:03:42;00:12:59;250,0;691,0;35,4;36,8;23,6;725,0;29,6;0,1;1,03E-1;-541,2;20,00;3,7;3,7;41,92;3,88;0,985;2,4;4,94;0,484
781;13.07.2023;10:03:43;00:13:00;250,0;691,0;35,4;36,8;23,6;725,0;29,6;0,1;1,03E-1;-541,2;20,00;3,7;3,7;41,94;3,89;0,953;2,4;4,93;0,483
782;13.07.2023;10:03:44;00:13:01;250,1;692,1;35,4;36,9;23,7;725,0;29,5;0,1;1,03E-1;-541,2;20,00;3,7;3,7;41,96;3,90;0,912;2,4;4,94;0,484
783;13.07.2023;10:03:45;00:13:02;250,0;692,1;35,4;36,9;23,7;725,0;29,6;0,1;1,03E-1;-541,2;20,00;3,8;3,8;41,97;3,92;0,893;2,4;4,94;0,484
784;13.07.2023;10:03:46;00:13:03;250,2;693,2;35,5;36,9;23,7;725,0;29,5;0,1;1,03E-1;-541,2;20,00;3,8;3,7;41,98;3,93;0,866;2,4;4,94;0,484
785;13.07.2023;10:03:47;00:13:04;250,1;693,2;35,5;36,9;23,7;725,0;29,5;0,1;1,03E-1;-541,2;20,00;3,8;3,7;41,99;3,95;0,836;2,4;4,93;0,484
786;13.07.2023;10:03:48;00:13:05;250,1;694,2;35,5;37,0;23,7;725,0;29,5;0,1;1,03E-1;-541,2;20,00;3,8;3,8;42,00;3,95;0,822;2,4;4,94;0,484
787;13.07.2023;10:03:49;00:13:06;250,1;694,2;35,5;37,0;23,7;725,0;29,5;0,1;1,03E-1;-541,2;20,00;3,8;3,8;42,02;3,97;0,785;2,4;4,92;0,483
788;13.07.2023;10:03:50;00:13:07;250,0;695,2;35,5;37,1;23,7;725,0;29,4;0,1;1,03E-1;-541,2;20,00;3,8;3,7;42,03;3,97;0,760;2,4;4,94;0,484
789;13.07.2023;10:03:51;00:13:08;250,2;695,2;35,6;37,1;23,8;725,0;29,4;0,1;1,02E-1;-541,2;20,00;3,8;3,8;42,04;3,99;0,733;2,4;4,89;0,484
790;13.07.2023;10:03:52;00:13:09;250,3;696,0;35,6;37,1;23,8;725,0;29,4;0,1;1,02E-1;-541,2;20,00;3,9;3,8;42,05;4,00;0,697;2,4;4,95;0,484
791;13.07.2023;10:03:53;00:13:10;250,3;696,0;35,6;37,1;23,8;725,0;29,4;0,1;1,02E-1;-541,2;20,00;3,9;3,8;42,06;4,01;0,682;2,4;4,94;0,484
792;13.07.2023;10:03:54;00:13:11;250,3;696,8;35,6;37,2;23,8;725,0;29,4;0,1;1,02E-1;-541,2;20,00;3,9;3,8;42,07;4,02;0,646;2,4;4,95;0,484
793;13.07.2023;10:03:55;00:13:12;250,0;696,8;35,6;37,3;23,8;723,6;68,5;0,1;1,02E-1;-541,2;20,00;3,9;3,9;42,07;4,03;0,620;0,1;0,22;0,068
794;13.07.2023;10:03:56;00:13:13;250,0;697,5;35,6;37,3;23,8;721,9;69,3;0,1;1,02E-1;-541,2;20,00;3,9;3,9;42,09;4,04;0,598;0,0;0,01;0,054
795;13.07.2023;10:03:57;00:13:14;250,0;697,5;35,6;37,3;23,8;719,1;69,4;0,1;1,02E-1;-541,2;20,00;3,9;3,9;42,13;4,07;0,767;0,0;0,01;0,051
796;13.07.2023;10:03:58;00:13:15;250,0;697,9;35,6;37,3;23,7;716,3;69,6;0,1;1,01E-1;-541,2;20,00;3,9;3,9;42,15;4,10;0,979;0,0;0,01;0,054
797;13.07.2023;10:03:59;00:13:16;250,0;697,9;35,6;37,3;23,7;714,9;69,7;0,1;1,01E-1;-541,2;20,00;3,9;3,8;42,16;4,11;1,035;0,0;0,01;0,054
798;13.07.2023;10:04:00;00:13:17;250,0;697,7;35,6;37,4;23,5;712,1;69,8;0,1;1,01E-1;-541,2;20,00;3,9;3,9;42,18;4,13;1,104;0,0;0,01;0,050
799;13.07.2023;10:04:01;00:13:18;250,0;697,7;35,5;37,4;23,5;709,3;70,0;0,1;1,01E-1;-541,2;20,00;3,9;4,0;42,20;4,15;1,089;0,0;0,01;0,053
800;13.07.2023;10:04:02;00:13:19;250,0;696,2;35,5;37,4;23,3;707,6;70,1;0,1;1,01E-1;-541,2;20,00;3,9;3,9;42,21;4,16;1,050;0,0;0,01;0,050
801;13.07.2023;10:04:03;00:13:20;250,0;696,2;35,5;37,4;23,3;704,8;70,3;0,1;1,00E-1;-541,2;20,00;3,9;3,8;42,22;4,17;0,975;0,0;0,01;0,051
802;13.07.2023;10:04:04;00:13:21;250,0;696,2;35,4;37,4;23,3;703,4;70,3;0,1;1,00E-1;-541,2;20,00;3,9;3,7;42,23;4,18;0,929;0,0;0,01;0,054
803;13.07.2023;10:04:05;00:13:22;250,0;692,8;35,4;37,4;23,0;700,6;70,5;0,1;1,00E-1;-541,2;20,00;3,9;3,9;42,24;4,19;0,827;0,0;0,01;0,054
804;13.07.2023;10:04:06;00:13:23;250,0;687,8;35,2;37,4;23,0;697,7;70,6;0,1;9,98E-2;-541,2;20,00;3,9;3,9;42,25;4,20;0,727;0,0;0,01;0,054
805;13.07.2023;10:04:07;00:13:24;250,0;687,8;35,2;37,4;22,9;696,3;70,7;0,1;9,97E-2;-541,2;20,00;3,9;3,8;42,25;4,20;0,676;0,0;0,01;0,054
806;13.07.2023;10:04:08;00:13:25;250,0;681,6;35,0;37,4;22,8;693,3;70,9;0,1;9,94E-2;-541,2;20,00;3,9;3,9;42,26;4,21;0,597;0,0;0,01;0,054
807;13.07.2023;10:04:09;00:13:26;250,0;681,6;34,8;37,4;22,8;690,5;71,0;0,1;9,92E-2;-541,2;20,00;3,9;3,8;42,27;4,22;0,527;0,0;0,01;0,054
808;13.07.2023;10:04:10;00:13:27;250,0;674,3;34,8;37,4;22,8;689,0;71,1;0,1;9,91E-2;-541,2;20,00;3,9;3,9;42,27;4,22;0,502;0,0;0,01;0,054
809;13.07.2023;10:04:11;00:13:28;250,0;674,3;34,6;37,3;22,8;686,2;71,2;0,1;9,87E-2;-541,2;20,00;3,9;3,8;42,28;4,23;0,445;0,0;0,01;0,054
810;13.07.2023;10:04:12;00:13:29;250,0;667,0;34,6;37,3;22,8;683,4;71,3;0,1;9,86E-2;-541,2;20,00;3,9;3,8;42,28;4,24;0,404;0,0;0,01;0,054
811;13.07.2023;10:04:13;00:13:30;250,0;667,0;34,6;37,3;22,8;682,0;71,4;0,1;9,85E-2;-541,2;20,00;3,9;3,8;42,29;4,24;0,386;0,0;0,01;0,054
812;13.07.2023;10:04:14;00:13:31;250,0;659,3;34,3;37,2;22,8;678,9;71,6;0,1;9,82E-2;-541,2;20,00;3,9;3,8;42,29;4,24;0,354;0,0;0,01;0,053
813;13.07.2023;10:04:15;00:13:32;250,0;651,4;34,0;37,1;22,8;676,1;71,7;0,1;9,80E-2;-541,2;20,00;3,9;3,9;42,30;4,25;0,325;0,0;0,01;0,054
814;13.07.2023;10:04:16;00:13:33;250,0;651,4;34,0;37,1;22,7;674,7;71,8;0,1;9,79E-2;-541,2;20,00;3,9;3,9;42,30;4,25;0,308;0,0;0,01;0,054
815;13.07.2023;10:04:17;00:13:34;250,0;651,4;34,0;37,1;22,7;671,9;71,9;0,1;9,76E-2;-541,2;20,00;3,9;3,8;42,31;4,26;0,281;0,0;0,01;0,054
816;13.07.2023;10:04:18;00:13:35;250,0;643,2;33,7;36,9;22,7;670,5;71,9;0,1;9,75E-2;-541,2;20,00;3,9;3,8;42,31;4,26;0,273;0,0;0,01;0,053
817;13.07.2023;10:04:19;00:13:36;250,0;643,2;33,4;36,7;22,7;667,7;72,1;0,1;9,73E-2;-541,2;20,00;3,9;4,0;42,31;4,26;0,258;0,0;0,01;0,054
818;13.07.2023;10:04:20;00:13:37;250,0;635,0;33,4;36,7;22,7;664,6;72,2;0,1;9,71E-2;-541,2;20,00;3,9;3,9;42,32;4,27;0,241;0,0;0,01;0,054
819;13.07.2023;10:04:21;00:13:38;250,0;635,0;33,4;36,7;22,7;663,2;72,2;0,1;9,70E-2;-541,2;20,00;3,9;3,8;42,32;4,27;0,237;0,0;0,01;0,054
820;13.07.2023;10:04:22;00:13:39;250,0;626,8;33,0;36,5;22,7;660,4;72,4;0,1;9,69E-2;-541,2;20,00;3,9;3,8;42,32;4,27;0,225;0,0;0,01;0,054
821;13.07.2023;10:04:23;00:13:40;250,0;626,7;32,9;36,4;22,6;657,6;72,5;0,1;9,66E-2;-541,2;20,00;3,9;3,9;42,33;4,28;0,219;0,0;0,01;0,054
822;13.07.2023;10:04:24;00:13:41;250,0;626,7;32,6;36,1;22,6;656,1;72,5;0,1;9,65E-2;-541,2;20,00;3,9;4,0;42,33;4,28;0,217;0,0;0,01;0,053
823;13.07.2023;10:04:25;00:13:42;250,0;618,0;32,6;36,1;22,6;653,3;72,6;0,1;9,63E-2;-541,2;20,00;3,9;3,9;42,33;4,28;0,206;0,0;0,01;0,054
824;13.07.2023;10:04:26;00:13:43;250,0;609,6;32,2;35,8;22,6;650,3;72,8;0,1;9,62E-2;-541,2;20,00;3,9;3,9;42,34;4,29;0,195;0,0;0,01;0,054
825;13.07.2023;10:04:27;00:13:44;250,0;609,6;32,2;35,8;22,6;648,9;72,8;0,1;9,60E-2;-541,2;20,00;3,9;3,8;42,34;4,29;0,187;0,0;0,01;0,054
826;13.07.2023;10:04:28;00:13:45;250,0;601,3;31,9;35,5;22,6;646,0;72,9;0,1;9,58E-2;-541,2;20,00;3,9;3,9;42,34;4,29;0,179;0,0;0,00;0,054
827;13.07.2023;10:04:29;00:13:46;250,0;601,3;31,9;35,5;22,6;644,6;73,0;0,1;9,58E-2;-541,2;20,00;3,9;4,0;42,34;4,29;0,172;0,0;0,01;0,051
828;13.07.2023;10:04:30;00:13:47;250,0;593,1;31,6;35,2;22,6;641,8;73,1;0,1;9,56E-2;-541,2;20,00;3,9;3,9;42,34;4,30;0,168;0,0;0,01;0,054
829;13.07.2023;10:04:31;00:13:48;250,0;593,1;31,6;35,2;22,6;639,0;73,2;0,1;9,54E-2;-541,2;20,00;3,9;3,9;42,35;4,30;0,168;0,0;0,01;0,054
830;13.07.2023;10:04:32;00:13:49;250,0;593,1;31,3;35,2;22,6;637,6;73,2;0,1;9,53E-2;-541,2;20,00;3,9;3,9;42,35;4,30;0,165;0,0;0,00;0,054
831;13.07.2023;10:04:33;00:13:50;250,0;585,6;31,3;34,9;22,6;634,5;73,3;0,1;9,52E-2;-541,2;20,00;3,9;3,9;42,35;4,31;0,162;0,0;0,01;0,054
832;13.07.2023;10:04:34;00:13:51;250,0;578,1;31,0;34,6;22,6;631,7;73,4;0,1;9,50E-2;-541,2;20,00;3,9;3,9;42,36;4,31;0,160;0,0;0,01;0,054
833;13.07.2023;10:04:35;00:13:52;250,0;578,1;31,0;34,6;22,6;630,3;73,4;0,1;9,49E-2;-541,2;20,00;3,9;4,0;42,36;4,31;0,160;0,0;0,00;0,054
834;13.07.2023;10:04:36;00:13:53;250,0;570,7;30,7;34,3;22,6;627,5;73,5;0,1;9,47E-2;-541,2;20,00;3,9;4,0;42,36;4,31;0,157;0,0;0,01;0,054
835;13.07.2023;10:04:37;00:13:54;250,0;570,7;30,7;34,3;22,6;624,7;73,6;0,1;9,46E-2;-541,2;20,00;3,9;3,9;42,36;4,32;0,154;0,0;0,01;0,054
836;13.07.2023;10:04:38;00:13:55;250,0;563,4;30,5;33,9;22,6;623,2;73,7;0,1;9,46E-2;-541,2;20,00;3,9;3,9;42,37;4,32;0,154;0,0;0,01;0,054
837;13.07.2023;10:04:39;00:13:56;250,0;563,4;30,2;33,6;22,6;620,2;73,7;0,1;9,44E-2;-541,2;20,00;3,9;3,9;42,37;4,32;0,149;0,0;0,01;0,054
838;13.07.2023;10:04:40;00:13:57;250,0;556,2;30,2;33,6;22,6;617,4;73,8;0,1;9,42E-2;-541,2;20,00;3,9;3,8;42,37;4,32;0,136;0,0;0,01;0,053
839;13.07.2023;10:04:41;00:13:58;250,0;556,2;30,2;33,6;22,6;616,0;73,9;0,1;9,41E-2;-541,2;20,00;3,9;4,0;42,37;4,32;0,137;0,0;0,01;0,054
840;13.07.2023;10:04:42;00:13:59;250,0;549,1;30,0;33,3;22,6;613,1;73,9;0,1;9,40E-2;-541,2;20,00;3,9;4,0;42,37;4,33;0,134;0,0;0,01;0,051
841;13.07.2023;10:04:43;00:14:00;250,0;549,1;30,0;33,3;22,6;611,7;74,0;0,1;9,40E-2;-541,2;20,00;3,9;4,0;42,38;4,33;0,132;0,0;0,01;0,054
842;13.07.2023;10:04:44;00:14:01;250,0;541,6;29,7;32,9;22,6;608,7;74,0;0,1;9,38E-2;-541,2;20,00;3,9;3,9;42,38;4,33;0,128;0,0;0,01;0,054
843;13.07.2023;10:04:45;00:14:02;250,0;541,6;29,7;32,9;22,6;605,9;74,1;0,1;9,36E-2;-541,2;20,00;3,9;3,9;42,38;4,33;0,119;0,0;0,00;0,053
844;13.07.2023;10:04:46;00:14:03;250,0;541,6;29,5;32,6;22,6;604,4;74,1;0,1;9,36E-2;-541,2;20,00;3,9;4,0;42,38;4,33;0,120;0,0;0,01;0,054
845;13.07.2023;10:04:47;00:14:04;250,0;534,2;29,5;32,6;22,6;601,6;74,2;0,1;9,35E-2;-541,2;20,00;3,9;3,9;42,38;4,34;0,124;0,0;0,01;0,054
846;13.07.2023;10:04:48;00:14:05;250,0;526,9;29,2;32,2;22,6;598,8;74,3;0,1;9,33E-2;-541,2;20,00;3,9;3,9;42,39;4,34;0,126;0,0;0,01;0,054
847;13.07.2023;10:04:49;00:14:06;250,0;526,9;29,2;32,2;22,6;597,4;74,3;0,1;9,33E-2;-541,2;20,00;3,9;4,0;42,39;4,34;0,131;0,0;0,01;0,053
848;13.07.2023;10:04:50;00:14:07;250,0;519,6;29,0;31,9;22,6;594,3;74,4;0,1;9,31E-2;-541,2;20,00;3,9;3,8;42,39;4,34;0,125;0,0;0,01;0,054
849;13.07.2023;10:04:51;00:14:08;250,0;519,6;28,8;31,9;22,6;591,5;74,4;0,1;9,30E-2;-541,2;20,00;3,9;3,7;42,39;4,34;0,121;0,0;0,01;0,054
850;13.07.2023;10:04:52;00:14:09;250,0;513,0;28,8;31,6;22,6;590,1;74,4;0,1;9,29E-2;-541,2;20,00;3,9;3,8;42,39;4,35;0,121;0,0;0,00;0,054
851;13.07.2023;10:04:53;00:14:10;250,0;513,0;28,8;31,6;22,6;587,3;74,5;0,1;9,28E-2;-541,2;20,00;3,9;3,9;42,40;4,35;0,120;0,0;0,01;0,054
852;13.07.2023;10:04:54;00:14:11;250,0;506,4;28,6;31,3;22,6;584,5;74,5;0,1;9,26E-2;-541,2;20,00;3,9;3,9;42,40;4,35;0,114;0,0;0,01;0,054
853;13.07.2023;10:04:55;00:14:12;250,0;506,4;28,4;31,3;22,6;583,1;74,6;0,1;9,25E-2;-541,2;20,00;3,9;3,9;42,40;4,35;0,108;0,0;0,01;0,054
854;13.07.2023;10:04:56;00:14:13;250,0;499,9;28,4;31,0;22,6;580,0;74,6;0,1;9,24E-2;-541,2;20,00;3,9;3,9;42,40;4,35;0,109;0,0;0,01;0,054
855;13.07.2023;10:04:57;00:14:14;250,0;499,9;28,4;31,0;22,6;578,6;74,6;0,1;9,24E-2;-541,2;20,00;3,9;3,9;42,40;4,35;0,109;0,0;0,01;0,054
856;13.07.2023;10:04:58;00:14:15;250,0;493,4;28,3;30,7;22,5;575,8;74,7;0,1;9,23E-2;-541,2;20,00;3,9;3,9;42,41;4,36;0,109;0,0;0,01;0,054
857;13.07.2023;10:04:59;00:14:16;250,0;487,1;28,1;30,4;22,5;573,0;74,7;0,1;9,21E-2;-541,2;20,00;3,9;3,9;42,41;4,36;0,105;0,0;0,01;0,054
858;13.07.2023;10:05:00;00:14:17;250,0;487,1;28,1;30,4;22,5;571,6;74,7;0,1;9,20E-2;-541,2;20,00;3,9;3,9;42,41;4,36;0,107;0,0;0,01;0,054
859;13.07.2023;10:05:01;00:14:18;250,0;487,1;27,9;30,4;22,5;568,7;74,8;0,1;9,19E-2;-541,2;20,00;3,9;3,9;42,41;4,36;0,102;0,0;0,01;0,054
860;13.07.2023;10:05:02;00:14:19;250,0;480,8;27,9;30,1;22,5;565,7;74,8;0,1;9,18E-2;-541,2;20,00;3,9;3,9;42,41;4,36;0,098;0,0;0,00;0,054
861;13.07.2023;10:05:03;00:14:20;250,0;480,8;27,9;30,1;22,5;564,3;74,8;0,1;9,18E-2;-541,2;20,00;3,9;3,9;42,41;4,36;0,096;0,0;0,01;0,054
862;13.07.2023;10:05:04;00:14:21;250,0;473,9;27,7;29,8;22,5;561,4;74,8;0,1;9,16E-2;-541,2;20,00;3,9;3,9;42,41;4,37;0,098;0,0;0,01;0,054
863;13.07.2023;10:05:05;00:14:22;250,0;473,9;27,5;29,8;22,5;558,6;74,9;0,1;9,15E-2;-541,2;20,00;3,9;4,0;42,42;4,37;0,096;0,0;0,01;0,054
864;13.07.2023;10:05:06;00:14:23;250,0;473,9;27,5;29,8;22,5;557,2;74,9;0,1;9,14E-2;-541,2;20,00;3,9;4,0;42,42;4,37;0,099;0,0;0,01;0,054
865;13.07.2023;10:05:07;00:14:24;250,0;467,1;27,5;29,5;22,5;554,4;74,9;0,1;9,13E-2;-541,2;20,00;3,9;3,9;42,42;4,37;0,098;0,0;0,01;0,054
866;13.07.2023;10:05:08;00:14:25;250,0;467,1;27,4;29,5;22,5;553,0;74,9;0,1;9,12E-2;-541,2;20,00;3,9;3,8;42,42;4,37;0,097;0,0;0,01;0,054
867;13.07.2023;10:05:09;00:14:26;250,0;460,4;27,4;29,2;22,5;549,9;74,9;0,1;9,12E-2;-541,2;20,00;3,9;3,8;42,42;4,37;0,099;0,0;0,01;0,054
868;13.07.2023;10:05:10;00:14:27;250,0;460,4;27,2;28,9;22,5;547,1;74,9;0,1;9,11E-2;-541,2;20,00;3,9;3,8;42,42;4,38;0,099;0,0;0,00;0,054
869;13.07.2023;10:05:11;00:14:28;250,0;453,8;27,2;28,9;22,5;545,7;74,9;0,1;9,10E-2;-541,2;20,00;3,9;3,8;42,42;4,38;0,094;0,0;0,01;0,054
870;13.07.2023;10:05:12;00:14:29;250,0;447,9;27,1;28,7;22,5;542,9;75,0;0,1;9,09E-2;-541,2;20,00;3,9;3,9;42,43;4,38;0,094;0,0;0,01;0,054
871;13.07.2023;10:05:13;00:14:30;250,0;447,9;27,1;28,7;22,5;540,1;75,0;0,1;9,08E-2;-541,2;20,00;3,9;4,0;42,43;4,38;0,098;0,0;0,00;0,054
872;13.07.2023;10:05:14;00:14:31;250,0;442,1;27,0;28,5;22,5;538,7;75,0;0,1;9,08E-2;-541,2;20,00;3,9;4,0;42,43;4,38;0,098;0,0;0,01;0,054
873;13.07.2023;10:05:15;00:14:32;250,0;442,1;26,8;28,5;22,5;535,6;75,0;0,1;9,07E-2;-541,2;20,00;3,9;4,0;42,43;4,38;0,094;0,0;0,00;0,053
874;13.07.2023;10:05:16;00:14:33;250,0;436,3;26,8;28,2;22,5;532,8;75,0;0,1;9,06E-2;-541,2;20,00;3,9;3,9;42,43;4,39;0,092;0,0;0,01;0,054
875;13.07.2023;10:05:17;00:14:34;250,0;436,3;26,8;28,2;22,5;531,4;75,0;0,1;9,06E-2;-541,2;20,00;3,9;3,9;42,44;4,39;0,097;0,0;0,01;0,054
876;13.07.2023;10:05:18;00:14:35;250,0;430,6;26,7;28,0;22,5;528,5;75,0;0,1;9,05E-2;-541,2;20,00;3,9;4,0;42,44;4,39;0,099;0,0;0,01;0,054
877;13.07.2023;10:05:19;00:14:36;250,0;430,6;26,6;28,0;22,5;525,7;75,0;0,1;9,04E-2;-541,2;20,00;3,9;4,0;42,44;4,39;0,097;0,0;0,01;0,054
878;13.07.2023;10:05:20;00:14:37;250,0;425,0;26,6;27,8;22,5;524,3;75,0;0,1;9,03E-2;-541,2;20,00;3,9;4,0;42,44;4,39;0,095;0,0;0,01;0,053
879;13.07.2023;10:05:21;00:14:38;250,0;425,0;26,6;27,8;22,5;521,3;75,0;0,1;9,01E-2;-541,2;20,00;3,9;4,0;42,44;4,39;0,096;0,0;0,01;0,053
880;13.07.2023;10:05:22;00:14:39;250,0;419,5;26,5;27,6;22,4;519,9;75,0;0,1;9,01E-2;-541,2;20,00;3,9;4,0;42,44;4,39;0,093;0,0;0,01;0,054
881;13.07.2023;10:05:23;00:14:40;250,0;419,5;26,5;27,6;22,4;517,0;74,9;0,1;9,00E-2;-541,2;20,00;3,9;3,9;42,44;4,40;0,087;0,0;0,01;0,054
882;13.07.2023;10:05:24;00:14:41;250,0;413,7;26,4;27,4;22,5;514,2;74,9;0,1;8,99E-2;-541,2;20,00;3,9;4,0;42,45;4,40;0,081;0,0;0,01;0,053
883;13.07.2023;10:05:25;00:14:42;250,0;413,7;26,4;27,4;22,5;512,8;74,9;0,1;8,99E-2;-541,2;20,00;3,9;3,9;42,44;4,40;0,077;0,0;0,01;0,054
884;13.07.2023;10:05:26;00:14:43;250,0;413,7;26,2;27,2;22,5;510,0;74,9;0,1;8,97E-2;-541,2;20,00;3,9;3,8;42,45;4,40;0,072;0,0;0,01;0,054
885;13.07.2023;10:05:27;00:14:44;250,0;407,9;26,2;27,2;22,4;506,9;74,9;0,1;8,96E-2;-541,2;20,00;3,9;3,9;42,45;4,40;0,074;0,0;0,01;0,052
886;13.07.2023;10:05:28;00:14:45;250,0;407,9;26,1;27,0;22,4;505,5;74,9;0,1;8,95E-2;-541,2;20,00;3,9;3,9;42,45;4,40;0,078;0,0;0,01;0,054
887;13.07.2023;10:05:29;00:14:46;250,0;402,2;26,1;27,0;22,4;502,7;74,8;0,1;8,95E-2;-541,2;20,00;3,9;3,9;42,45;4,40;0,075;0,0;0,01;0,054
888;13.07.2023;10:05:30;00:14:47;250,0;396,5;26,0;26,8;22,4;499,9;74,8;0,1;8,94E-2;-541,2;20,00;3,9;3,9;42,45;4,40;0,076;0,0;0,01;0,054
889;13.07.2023;10:05:31;00:14:48;250,0;396,5;26,0;26,8;22,4;498,5;74,8;0,1;8,93E-2;-541,2;20,00;3,9;3,9;42,45;4,40;0,078;0,0;0,01;0,054
890;13.07.2023;10:05:32;00:14:49;250,0;391,2;25,9;26,7;22,4;495,6;74,8;0,1;8,91E-2;-541,2;20,00;3,9;3,9;42,46;4,41;0,078;0,0;0,01;0,054
891;13.07.2023;10:05:33;00:14:50;250,0;391,2;25,9;26,7;22,4;494,0;74,8;0,1;8,91E-2;-541,2;20,00;3,9;3,9;42,46;4,41;0,078;0,0;0,01;0,054
892;13.07.2023;10:05:34;00:14:51;250,0;386,1;25,8;26,5;22,4;491,2;74,7;0,1;8,90E-2;-541,2;20,00;3,9;3,9;42,46;4,41;0,070;0,0;0,01;0,054
893;13.07.2023;10:05:35;00:14:52;250,0;386,1;25,7;26,5;22,4;488,4;74,7;0,1;8,89E-2;-541,2;20,00;3,9;3,8;42,46;4,41;0,068;0,0;0,01;0,053
894;13.07.2023;10:05:36;00:14:53;250,0;386,1;25,7;26,5;22,4;487,0;74,7;0,1;8,88E-2;-541,2;20,00;3,9;3,8;42,46;4,41;0,069;0,0;0,01;0,054
895;13.07.2023;10:05:37;00:14:54;250,0;380,9;25,7;26,3;22,4;484,1;74,6;0,1;8,87E-2;-541,2;20,00;3,9;3,8;42,46;4,41;0,066;0,0;0,01;0,054
896;13.07.2023;10:05:38;00:14:55;250,0;375,9;25,6;26,2;22,4;481,3;74,6;0,1;8,86E-2;-541,2;20,00;3,9;3,8;42,46;4,41;0,069;0,0;0,01;0,054
897;13.07.2023;10:05:39;00:14:56;250,0;375,9;25,6;26,2;22,4;479,7;74,6;0,1;8,85E-2;-541,2;20,00;3,9;3,8;42,46;4,41;0,069;0,0;0,01;0,054
898;13.07.2023;10:05:40;00:14:57;250,0;370,9;25,5;26,0;22,4;476,8;74,5;0,1;8,84E-2;-541,2;20,00;3,9;3,8;42,46;4,42;0,065;0,0;0,01;0,054
899;13.07.2023;10:05:41;00:14:58;250,0;370,9;25,5;26,0;22,4;474,0;74,5;0,1;8,83E-2;-541,2;20,00;3,9;3,9;42,47;4,42;0,071;0,0;0,01;0,054
900;13.07.2023;10:05:42;00:14:59;250,0;366,0;25,4;25,9;22,4;472,6;74,4;0,1;8,83E-2;-541,2;20,00;3,9;4,0;42,47;4,42;0,072;0,0;0,01;0,054
901;13.07.2023;10:05:43;00:15:00;250,0;366,0;25,5;25,9;22,4;469,8;74,4;0,1;8,82E-2;-541,2;20,00;3,9;4,0;42,47;4,42;0,074;0,0;0,01;0,054
902;13.07.2023;10:05:44;00:15:01;250,0;360,8;25,4;25,8;22,4;467,0;74,3;0,1;8,80E-2;-541,2;20,00;3,9;3,9;42,47;4,42;0,075;0,0;0,01;0,054
903;13.07.2023;10:05:45;00:15:02;250,0;360,8;25,4;25,8;22,4;465,3;74,3;0,1;8,79E-2;-541,2;20,00;3,9;3,9;42,47;4,42;0,068;0,0;0,01;0,051
904;13.07.2023;10:05:46;00:15:03;250,0;360,8;25,3;25,6;22,4;462,5;74,2;0,1;8,78E-2;-541,2;20,00;3,9;4,0;42,47;4,42;0,068;0,0;0,01;0,054
905;13.07.2023;10:05:47;00:15:04;250,0;355,7;25,3;25,6;22,4;461,1;74,2;0,1;8,78E-2;-541,2;20,00;3,9;4,0;42,47;4,42;0,070;0,0;0,00;0,054
906;13.07.2023;10:05:48;00:15:05;250,0;350,6;25,2;25,5;22,4;458,3;74,1;0,1;8,77E-2;-541,2;20,00;3,9;3,9;42,47;4,42;0,065;0,0;0,01;0,054
907;13.07.2023;10:05:49;00:15:06;250,0;350,6;25,2;25,5;22,4;455,5;74,1;0,1;8,76E-2;-541,2;20,00;3,9;4,0;42,47;4,43;0,071;0,0;0,00;0,054
908;13.07.2023;10:05:50;00:15:07;250,0;350,6;25,1;25,5;22,4;454,1;74,0;0,1;8,75E-2;-541,2;20,00;3,9;4,0;42,48;4,43;0,070;0,0;0,00;0,053
909;13.07.2023;10:05:51;00:15:08;250,0;345,4;25,1;25,3;22,4;451,0;74,0;0,1;8,74E-2;-541,2;20,00;3,9;3,8;42,48;4,43;0,069;0,0;0,00;0,054
910;13.07.2023;10:05:52;00:15:09;250,0;340,5;25,0;25,2;22,4;448,2;73,9;0,1;8,73E-2;-541,2;20,00;3,9;3,9;42,48;4,43;0,061;0,0;0,01;0,053
911;13.07.2023;10:05:53;00:15:10;250,0;340,5;25,0;25,2;22,4;446,8;73,8;0,1;8,73E-2;-541,2;20,00;3,9;3,8;42,48;4,43;0,056;0,0;0,00;0,054
912;13.07.2023;10:05:54;00:15:11;250,0;340,5;24,9;25,1;22,4;443,9;73,8;0,1;8,72E-2;-541,2;20,00;3,9;3,9;42,48;4,43;0,052;0,0;0,01;0,053
913;13.07.2023;10:05:55;00:15:12;250,0;335,8;24,9;25,1;22,4;441,1;73,7;0,1;8,71E-2;-541,2;20,00;3,9;3,9;42,48;4,43;0,049;0,0;0,01;0,054
914;13.07.2023;10:05:56;00:15:13;250,0;335,8;24,8;25,0;22,4;439,7;73,6;0,1;8,70E-2;-541,2;20,00;3,9;3,9;42,48;4,43;0,049;0,0;0,01;0,054
915;13.07.2023;10:05:57;00:15:14;250,0;331,1;24,8;25,0;22,4;436,7;73,6;0,1;8,68E-2;-541,2;20,00;3,9;3,9;42,48;4,43;0,054;0,0;0,01;0,054
916;13.07.2023;10:05:58;00:15:15;250,0;326,6;24,7;24,8;22,4;433,8;73,5;0,1;8,67E-2;-541,2;20,00;3,9;4,0;42,48;4,43;0,054;0,0;0,01;0,054
917;13.07.2023;10:05:59;00:15:16;250,0;326,6;24,7;24,8;22,4;432,4;73,4;0,1;8,67E-2;-541,2;20,00;3,9;4,0;42,48;4,43;0,057;0,0;0,00;0,054
918;13.07.2023;10:06:00;00:15:17;250,0;322,2;24,7;24,7;22,4;429,6;73,3;0,1;8,66E-2;-541,2;20,00;3,9;4,0;42,48;4,44;0,054;0,0;0,01;0,054
919;13.07.2023;10:06:01;00:15:18;250,0;322,2;24,7;24,7;22,4;428,2;73,3;0,1;8,66E-2;-541,2;20,00;3,9;4,0;42,48;4,44;0,052;0,0;0,01;0,054
920;13.07.2023;10:06:02;00:15:19;250,0;317,8;24,6;24,6;22,4;425,4;73,2;0,1;8,65E-2;-541,2;20,00;3,9;4,0;42,49;4,44;0,050;0,0;0,01;0,054
921;13.07.2023;10:06:03;00:15:20;250,0;317,8;24,6;24,6;22,3;422,3;73,1;0,1;8,63E-2;-541,2;20,00;3,9;3,8;42,49;4,44;0,045;0,0;0,00;0,054
922;13.07.2023;10:06:04;00:15:21;250,0;317,8;24,5;24,5;22,3;420,9;73,0;0,1;8,62E-2;-541,2;20,00;3,9;3,8;42,49;4,44;0,048;0,0;0,01;0,054
923;13.07.2023;10:06:05;00:15:22;250,0;313,1;24,5;24,5;22,3;418,1;72,9;0,1;8,61E-2;-541,2;20,00;3,9;3,8;42,49;4,44;0,049;0,0;0,01;0,054
924;13.07.2023;10:06:06;00:15:23;250,0;313,1;24,4;24,3;22,3;415,3;72,8;0,1;8,60E-2;-541,2;20,00;3,9;3,7;42,49;4,44;0,045;0,0;0,01;0,054
925;13.07.2023;10:06:07;00:15:24;250,0;308,6;24,4;24,3;22,3;413,9;72,8;0,1;8,60E-2;-541,2;20,00;3,9;3,7;42,49;4,44;0,046;0,0;0,00;0,053
926;13.07.2023;10:06:08;00:15:25;250,0;304,1;24,3;24,2;22,3;411,0;72,7;0,1;8,59E-2;-541,2;20,00;3,9;3,9;42,49;4,44;0,052;0,0;0,01;0,054
927;13.07.2023;10:06:09;00:15:26;250,0;304,1;24,2;24,2;22,3;408,0;72,6;0,1;8,58E-2;-541,2;20,00;3,9;3,9;42,49;4,44;0,059;0,0;0,01;0,053
928;13.07.2023;10:06:10;00:15:27;250,0;304,1;24,2;24,2;22,3;406,6;72,5;0,1;8,57E-2;-541,2;20,00;3,9;3,9;42,49;4,44;0,057;0,0;0,00;0,054
929;13.07.2023;10:06:11;00:15:28;250,0;299,6;24,2;24,1;22,3;403,8;72,4;0,1;8,56E-2;-541,2;20,00;3,9;3,9;42,49;4,44;0,049;0,0;0,00;0,054
930;13.07.2023;10:06:12;00:15:29;250,0;299,6;24,2;24,1;22,3;402,4;72,3;0,1;8,55E-2;-541,2;20,00;3,9;3,8;42,49;4,45;0,045;0,0;0,01;0,054
931;13.07.2023;10:06:13;00:15:30;250,0;295,4;24,2;24,0;22,3;399,5;72,2;0,1;8,54E-2;-541,2;20,00;3,9;3,8;42,49;4,45;0,042;0,0;0,00;0,054
932;13.07.2023;10:06:14;00:15:31;250,1;295,4;24,1;23,9;22,3;396,7;72,1;0,1;8,54E-2;-541,2;20,00;3,9;3,9;42,50;4,45;0,044;0,0;0,01;0,054
933;13.07.2023;10:06:15;00:15:32;250,0;291,3;24,1;23,9;22,2;395,3;72,0;0,1;8,53E-2;-541,2;20,00;3,9;4,0;42,50;4,45;0,046;0,0;0,01;0,054
934;13.07.2023;10:06:16;00:15:33;250,0;287,3;24,0;23,8;22,2;392,2;71,9;0,1;8,51E-2;-541,2;20,00;3,9;3,9;42,50;4,45;0,048;0,0;0,00;0,054
935;13.07.2023;10:06:17;00:15:34;250,0;287,3;24,0;23,8;22,2;389,4;71,8;0,1;8,50E-2;-541,2;20,00;3,9;4,0;42,50;4,45;0,049;0,0;0,01;0,054
936;13.07.2023;10:06:18;00:15:35;250,0;283,3;23,9;23,7;22,2;388,0;71,7;0,1;8,50E-2;-541,2;20,00;3,9;4,0;42,50;4,45;0,049;0,0;0,00;0,054
937;13.07.2023;10:06:19;00:15:36;250,0;283,3;23,9;23,7;22,2;385,2;71,6;0,1;8,49E-2;-541,2;20,00;3,9;4,0;42,50;4,45;0,050;0,0;0,01;0,054
938;13.07.2023;10:06:20;00:15:37;250,0;279,3;23,9;23,6;22,2;382,4;71,5;0,1;8,49E-2;-541,2;20,00;3,9;3,9;42,50;4,45;0,049;0,0;0,01;0,053
939;13.07.2023;10:06:21;00:15:38;250,0;279,3;23,9;23,6;22,2;381,0;71,4;0,1;8,48E-2;-541,2;20,00;3,9;3,9;42,50;4,45;0,048;0,0;0,01;0,054
940;13.07.2023;10:06:22;00:15:39;250,0;275,4;23,8;23,6;22,2;377,9;71,3;0,1;8,47E-2;-541,2;20,00;3,9;3,9;42,50;4,45;0,049;0,0;0,01;0,054
941;13.07.2023;10:06:23;00:15:40;250,0;275,4;23,8;23,6;22,2;375,1;71,1;0,1;8,45E-2;-541,2;20,00;3,9;3,8;42,50;4,45;0,046;0,0;0,01;0,054
942;13.07.2023;10:06:24;00:15:41;250,0;275,4;23,7;23,5;22,2;373,7;71,0;0,1;8,45E-2;-541,2;20,00;3,9;3,8;42,50;4,45;0,046;0,0;0,00;0,054
943;13.07.2023;10:06:25;00:15:42;250,0;271,2;23,7;23,5;22,2;370,9;70,9;0,1;8,44E-2;-541,2;20,00;3,9;4,0;42,50;4,45;0,048;0,0;0,00;0,054
944;13.07.2023;10:06:26;00:15:43;250,0;271,2;23,7;23,5;22,2;369,5;70,8;0,1;8,43E-2;-541,2;20,00;3,9;3,9;42,50;4,45;0,048;0,0;0,00;0,054
945;13.07.2023;10:06:27;00:15:44;250,0;267,1;23,7;23,4;22,2;366,6;70,7;0,1;8,43E-2;-541,2;20,00;3,9;3,8;42,51;4,46;0,047;0,0;0,01;0,054
946;13.07.2023;10:06:28;00:15:45;250,0;263,0;23,6;23,3;22,2;363,6;70,5;0,1;8,42E-2;-541,2;20,00;3,9;3,8;42,51;4,46;0,047;0,0;0,01;0,054
947;13.07.2023;10:06:29;00:15:46;250,0;263,0;23,6;23,3;22,2;362,2;70,4;0,1;8,41E-2;-541,2;20,00;3,9;3,8;42,51;4,46;0,042;0,0;0,01;0,054
948;13.07.2023;10:06:30;00:15:47;250,0;263,0;23,5;23,2;22,2;359,3;70,3;0,1;8,40E-2;-541,2;20,00;3,9;3,7;42,51;4,46;0,040;0,0;0,01;0,054
949;13.07.2023;10:06:31;00:15:48;250,0;259,0;23,5;23,2;22,2;356,5;70,1;0,1;8,39E-2;-541,2;20,00;3,9;3,8;42,51;4,46;0,044;0,0;0,00;0,054
950;13.07.2023;10:06:32;00:15:49;250,0;259,0;23,5;23,2;22,2;355,1;70,1;0,1;8,38E-2;-541,2;20,00;3,9;3,8;42,51;4,46;0,043;0,0;0,01;0,054
951;13.07.2023;10:06:33;00:15:50;250,0;255,3;23,5;23,1;22,2;352,3;69,9;0,1;8,37E-2;-541,2;20,00;3,9;3,9;42,51;4,46;0,051;0,0;0,00;0,054
952;13.07.2023;10:06:34;00:15:51;250,0;251,6;23,4;23,0;22,2;349,2;69,7;0,1;8,36E-2;-541,2;20,00;3,9;3,9;42,51;4,46;0,047;0,0;0,01;0,054
953;13.07.2023;10:06:35;00:15:52;250,0;251,6;23,4;23,0;22,2;347,8;69,7;0,1;8,36E-2;-541,2;20,00;3,9;3,9;42,51;4,46;0,048;0,0;0,01;0,054
954;13.07.2023;10:06:36;00:15:53;250,0;247,9;23,3;23,0;22,2;345,0;69,5;0,1;8,35E-2;-541,2;20,00;3,9;3,8;42,51;4,46;0,047;0,0;0,00;0,054
955;13.07.2023;10:06:37;00:15:54;250,0;247,9;23,3;23,0;22,2;342,2;69,3;0,1;8,34E-2;-541,2;20,00;3,9;3,9;42,51;4,47;0,055;0,0;0,00;0,054
956;13.07.2023;10:06:38;00:15:55;250,0;247,9;23,3;22,9;22,2;340,8;69,2;0,1;8,33E-2;-541,2;20,00;3,9;3,9;42,51;4,47;0,056;0,0;0,00;0,054
957;13.07.2023;10:06:39;00:15:56;250,0;244,1;23,3;22,9;22,2;338,0;69,1;0,1;8,32E-2;-541,2;20,00;3,9;3,8;42,52;4,47;0,053;0,0;0,01;0,054
958;13.07.2023;10:06:40;00:15:57;250,0;244,1;23,2;22,9;22,2;336,3;69,0;0,1;8,32E-2;-541,2;20,00;3,9;3,9;42,52;4,47;0,058;0,0;0,01;0,054
959;13.07.2023;10:06:41;00:15:58;250,0;240,4;23,2;22,8;22,1;333,5;68,8;0,1;8,31E-2;-541,2;20,00;3,9;3,9;42,52;4,47;0,055;0,0;0,00;0,054
960;13.07.2023;10:06:42;00:15:59;250,0;240,4;23,2;22,7;22,1;330,7;68,6;0,1;8,30E-2;-541,2;20,00;3,9;3,8;42,52;4,47;0,044;0,0;0,01;0,054
961;13.07.2023;10:06:43;00:16:00;250,0;236,8;23,2;22,7;22,1;329,3;68,5;0,1;8,30E-2;-541,2;20,00;3,9;3,7;42,52;4,47;0,043;0,0;0,01;0,053
962;13.07.2023;10:06:44;00:16:01;250,0;236,8;23,1;22,7;22,2;326,4;68,3;0,1;8,28E-2;-541,2;20,00;3,9;3,8;42,52;4,47;0,045;0,0;0,01;0,054
963;13.07.2023;10:06:45;00:16:02;250,0;233,1;23,1;22,7;22,2;323,6;68,2;0,1;8,27E-2;-541,2;20,00;3,9;3,9;42,52;4,47;0,046;0,0;0,01;0,054
964;13.07.2023;10:06:46;00:16:03;250,0;233,1;23,1;22,7;22,2;322,0;68,0;0,1;8,27E-2;-541,2;20,00;3,9;4,0;42,52;4,47;0,045;0,0;0,01;0,054
965;13.07.2023;10:06:47;00:16:04;250,0;229,4;23,1;22,6;22,2;319,2;67,9;0,1;8,26E-2;-541,2;20,00;3,9;3,8;42,52;4,47;0,043;0,0;0,00;0,054
966;13.07.2023;10:06:48;00:16:05;250,0;225,8;23,0;22,6;22,2;316,3;67,7;0,1;8,25E-2;-541,2;20,00;3,9;3,8;42,52;4,47;0,038;0,0;0,01;0,054
967;13.07.2023;10:06:49;00:16:06;250,0;225,8;23,0;22,6;22,2;314,9;67,6;0,1;8,25E-2;-541,2;20,00;3,9;3,9;42,52;4,47;0,036;0,0;0,00;0,054
968;13.07.2023;10:06:50;00:16:07;250,0;225,8;23,0;22,6;22,2;312,1;67,4;0,1;8,24E-2;-541,2;20,00;3,9;3,9;42,52;4,47;0,039;0,0;0,00;0,054
969;13.07.2023;10:06:51;00:16:08;250,0;222,2;22,9;22,5;22,1;310,7;67,3;0,1;8,23E-2;-541,2;20,00;3,9;3,9;42,52;4,47;0,036;0,0;0,01;0,054
970;13.07.2023;10:06:52;00:16:09;250,0;218,8;22,9;22,4;22,1;307,6;67,1;0,1;8,22E-2;-541,2;20,00;3,9;3,9;42,52;4,48;0,036;0,0;0,01;0,054
971;13.07.2023;10:06:53;00:16:10;250,0;218,8;22,9;22,4;22,1;304,8;66,9;0,1;8,21E-2;-541,2;20,00;3,9;3,9;42,52;4,48;0,037;0,0;0,01;0,054
972;13.07.2023;10:06:54;00:16:11;250,0;218,8;22,8;22,4;22,1;303,4;66,8;0,1;8,21E-2;-541,2;20,00;3,9;3,9;42,53;4,48;0,037;0,0;0,00;0,054
973;13.07.2023;10:06:55;00:16:12;250,0;215,5;22,8;22,3;22,1;300,6;66,6;0,1;8,20E-2;-541,2;20,00;3,9;4,0;42,53;4,48;0,043;0,0;0,00;0,052
974;13.07.2023;10:06:56;00:16:13;250,0;212,2;22,8;22,3;22,1;297,8;66,4;0,1;8,19E-2;-541,2;20,00;3,9;3,9;42,53;4,48;0,039;0,0;0,01;0,054
975;13.07.2023;10:06:57;00:16:14;250,0;212,2;22,8;22,3;22,1;296,4;66,3;0,1;8,19E-2;-541,2;20,00;3,9;3,9;42,53;4,48;0,039;0,0;0,00;0,054
976;13.07.2023;10:06:58;00:16:15;250,0;212,2;22,7;22,2;22,1;293,3;66,0;0,1;8,17E-2;-541,2;20,00;3,9;3,8;42,53;4,48;0,039;0,0;0,01;0,054
977;13.07.2023;10:06:59;00:16:16;250,0;209,0;22,7;22,2;22,1;290,5;65,8;0,1;8,16E-2;-541,2;20,00;3,9;3,9;42,53;4,48;0,043;0,0;0,00;0,051
978;13.07.2023;10:07:00;00:16:17;250,0;209,0;22,7;22,1;22,1;289,1;65,7;0,1;8,16E-2;-541,2;20,00;3,9;3,8;42,53;4,48;0,040;0,0;0,00;0,054
979;13.07.2023;10:07:01;00:16:18;250,0;205,8;22,7;22,1;22,1;286,3;65,5;0,1;8,15E-2;-541,2;20,00;3,9;3,9;42,53;4,48;0,044;0,0;0,01;0,054
980;13.07.2023;10:07:02;00:16:19;250,0;202,6;22,6;22,1;22,1;283,4;65,3;0,1;8,14E-2;-541,2;20,00;3,9;4,0;42,53;4,48;0,037;0,0;0,01;0,054
981;13.07.2023;10:07:03;00:16:20;250,0;202,6;22,6;22,1;22,1;282,0;65,2;0,1;8,14E-2;-541,2;20,00;3,9;4,0;42,53;4,48;0,037;0,0;0,01;0,054
982;13.07.2023;10:07:04;00:16:21;250,0;202,5;22,4;21,9;22,0;279,0;64,9;0,1;8,13E-2;-541,2;20,00;3,9;4,0;42,53;4,48;0,033;0,0;0,00;0,054
983;13.07.2023;10:07:05;00:16:22;250,0;199,1;22,4;21,9;22,0;277,6;64,8;0,1;8,12E-2;-541,2;20,00;3,9;4,0;42,53;4,48;0,032;0,0;0,01;0,054
984;13.07.2023;10:07:06;00:16:23;250,0;199,1;22,4;21,9;21,9;274,7;64,6;0,1;8,11E-2;-541,2;20,00;3,9;4,0;42,53;4,48;0,036;0,0;0,00;0,054
985;13.07.2023;10:07:07;00:16:24;250,0;195,8;22,3;21,8;21,9;271,9;64,3;0,1;8,10E-2;-541,2;20,00;3,9;3,9;42,53;4,48;0,031;0,0;0,01;0,054
986;13.07.2023;10:07:08;00:16:25;250,0;195,8;22,3;21,8;21,9;270,5;64,2;0,1;8,09E-2;-541,2;20,00;3,9;3,8;42,53;4,49;0,027;0,0;0,01;0,054
987;13.07.2023;10:07:09;00:16:26;250,0;192,6;22,3;21,8;21,9;267,7;64,0;0,1;8,09E-2;-541,2;20,00;3,9;3,9;42,53;4,49;0,029;0,0;0,01;0,053
988;13.07.2023;10:07:10;00:16:27;250,0;192,6;22,2;21,7;21,9;264,6;63,7;0,1;8,08E-2;-541,2;20,00;3,9;3,9;42,53;4,49;0,031;0,0;0,01;0,053
989;13.07.2023;10:07:11;00:16:28;250,0;189,3;22,2;21,7;21,9;263,2;63,6;0,1;8,08E-2;-541,2;20,00;3,9;3,9;42,53;4,49;0,031;0,0;0,01;0,052
990;13.07.2023;10:07:12;00:16:29;250,0;186,4;22,2;21,6;21,9;260,4;63,4;0,1;8,07E-2;-541,2;20,00;3,9;3,8;42,54;4,49;0,031;0,0;0,00;0,054
991;13.07.2023;10:07:13;00:16:30;250,0;186,4;22,2;21,6;21,9;257,6;63,1;0,1;8,05E-2;-541,2;20,00;3,9;4,0;42,54;4,49;0,036;0,0;0,01;0,054
992;13.07.2023;10:07:14;00:16:31;250,0;186,4;22,1;21,6;21,9;256,2;63,0;0,1;8,05E-2;-541,2;20,00;3,9;4,0;42,54;4,49;0,039;0,0;0,01;0,054
993;13.07.2023;10:07:15;00:16:32;250,0;183,5;22,1;21,6;21,9;253,4;62,8;0,1;8,04E-2;-541,2;20,00;3,9;4,0;42,54;4,49;0,039;0,0;0,00;0,053
994;13.07.2023;10:07:16;00:16:33;250,0;180,6;22,1;21,5;21,9;250,5;62,5;0,1;8,03E-2;-541,2;20,00;3,9;4,0;42,54;4,49;0,043;0,0;0,00;0,054
995;13.07.2023;10:07:17;00:16:34;250,0;180,6;22,1;21,5;21,9;248,9;62,4;0,1;8,03E-2;-541,2;20,00;3,9;3,9;42,54;4,49;0,041;0,0;0,01;0,054
996;13.07.2023;10:07:18;00:16:35;250,0;180,6;22,0;21,5;21,9;246,1;62,1;0,1;8,02E-2;-541,2;20,00;3,9;3,9;42,54;4,49;0,043;0,0;0,00;0,054
997;13.07.2023;10:07:19;00:16:36;250,0;177,7;22,0;21,5;21,9;244,7;62,0;0,1;8,02E-2;-541,2;20,00;3,9;3,8;42,54;4,49;0,041;0,0;0,01;0,054
998;13.07.2023;10:07:20;00:16:37;250,0;177,7;22,0;21,4;21,9;241,8;61,7;0,1;8,01E-2;-541,2;20,00;3,9;3,9;42,54;4,49;0,037;0,0;0,01;0,054
999;13.07.2023;10:07:21;00:16:38;250,0;174,9;22,0;21,4;21,9;239,0;61,5;0,1;8,00E-2;-541,2;20,00;3,9;4,0;42,54;4,49;0,044;0,0;0,01;0,054
1000;13.07.2023;10:07:22;00:16:39;250,0;174,9;21,9;21,4;21,9;237,6;61,4;0,1;7,99E-2;-541,2;20,00;3,9;4,0;42,54;4,49;0,045;0,0;0,00;0,054
1001;13.07.2023;10:07:23;00:16:40;250,0;171,9;21,9;21,4;21,9;234,6;61,1;0,1;7,98E-2;-541,2;20,00;3,9;3,9;42,54;4,49;0,036;0,0;0,01;0,054
1002;13.07.2023;10:07:24;00:16:41;250,0;172,1;22,0;21,5;22,0;231,7;60,8;0,1;7,97E-2;-541,2;20,00;3,9;3,9;42,54;4,49;0,035;0,0;0,00;0,054
1003;13.07.2023;10:07:25;00:16:42;250,0;169,0;22,0;21,4;22,0;230,3;60,7;0,1;7,97E-2;-541,2;20,00;3,9;4,0;42,54;4,49;0,034;0,0;0,01;0,051
1004;13.07.2023;10:07:26;00:16:43;250,0;169,0;22,0;21,4;22,0;227,5;60,4;0,1;7,96E-2;-541,2;20,00;3,9;3,9;42,54;4,50;0,032;0,0;0,01;0,053
1005;13.07.2023;10:07:27;00:16:44;250,0;165,9;21,9;21,3;21,9;224,7;60,1;0,1;7,95E-2;-541,2;20,00;3,9;3,9;42,55;4,50;0,033;0,0;0,01;0,054
1006;13.07.2023;10:07:28;00:16:45;250,0;165,9;21,9;21,3;21,9;223,3;60,0;0,1;7,95E-2;-541,2;20,00;3,9;3,9;42,55;4,50;0,040;0,0;0,01;0,050
1007;13.07.2023;10:07:29;00:16:46;250,0;162,9;21,9;21,3;21,9;220,2;59,7;0,1;7,93E-2;-541,2;20,00;3,9;4,1;42,55;4,50;0,040;0,0;0,01;0,054
1008;13.07.2023;10:07:30;00:16:47;250,0;162,9;21,9;21,3;21,9;218,8;59,6;0,1;7,93E-2;-541,2;20,00;3,9;4,0;42,55;4,50;0,042;0,0;0,00;0,054
1009;13.07.2023;10:07:31;00:16:48;250,0;160,0;21,8;21,2;21,9;216,0;59,3;0,1;7,92E-2;-541,2;20,00;3,9;3,8;42,55;4,50;0,034;0,0;0,01;0,053
1010;13.07.2023;10:07:32;00:16:49;250,0;160,0;21,8;21,2;21,9;213,2;59,0;0,1;7,92E-2;-541,2;20,00;3,9;3,9;42,55;4,50;0,035;0,0;0,00;0,054
1011;13.07.2023;10:07:33;00:16:50;250,0;160,0;21,8;21,2;21,9;211,8;58,8;0,1;7,91E-2;-541,2;20,00;3,9;3,9;42,55;4,50;0,039;0,0;0,01;0,054
1012;13.07.2023;10:07:34;00:16:51;250,0;157,4;21,8;21,2;21,9;208,9;58,6;0,1;7,91E-2;-541,2;20,00;3,9;3,9;42,55;4,50;0,037;0,0;0,01;0,054
1013;13.07.2023;10:07:35;00:16:52;250,0;154,7;21,8;21,1;21,9;205,9;58,3;0,1;7,89E-2;-541,2;20,00;3,9;3,9;42,55;4,50;0,032;0,0;0,01;0,053
1014;13.07.2023;10:07:36;00:16:53;250,0;154,7;21,7;21,1;21,9;204,5;58,1;0,1;7,89E-2;-541,2;20,00;3,9;3,8;42,55;4,50;0,028;0,0;0,00;0,054
1015;13.07.2023;10:07:37;00:16:54;250,0;152,1;21,7;21,1;21,9;201,7;57,8;0,1;7,88E-2;-541,2;20,00;3,9;3,9;42,55;4,50;0,032;0,0;0,01;0,054
1016;13.07.2023;10:07:38;00:16:55;250,0;152,1;21,7;21,1;21,9;198,8;57,5;0,1;7,87E-2;-541,2;20,00;3,9;3,9;42,55;4,50;0,028;0,0;0,01;0,054
1017;13.07.2023;10:07:39;00:16:56;250,0;149,6;21,7;21,0;21,9;197,4;57,4;0,1;7,87E-2;-541,2;20,00;3,9;3,8;42,55;4,50;0,028;0,0;0,00;0,054
1018;13.07.2023;10:07:40;00:16:57;250,0;147,1;21,6;21,0;21,9;194,6;57,1;0,1;7,86E-2;-541,2;20,00;3,9;3,7;42,55;4,50;0,024;0,0;0,01;0,054
1019;13.07.2023;10:07:41;00:16:58;250,0;147,1;21,6;21,0;21,9;191,6;56,7;0,1;7,86E-2;-541,2;20,00;3,9;4,0;42,55;4,50;0,031;0,0;0,01;0,052
1020;13.07.2023;10:07:42;00:16:59;250,0;147,1;21,6;20,9;21,9;190,1;56,6;0,1;7,85E-2;-541,2;20,00;3,9;4,0;42,55;4,50;0,030;0,0;0,01;0,054
1021;13.07.2023;10:07:43;00:17:00;250,0;144,6;21,6;20,9;21,9;187,3;56,3;0,1;7,84E-2;-541,2;20,00;3,9;4,0;42,55;4,51;0,034;0,0;0,00;0,054
1022;13.07.2023;10:07:44;00:17:01;250,0;144,5;21,6;20,9;21,8;185,9;56,1;0,1;7,83E-2;-541,2;20,00;3,9;4,0;42,55;4,51;0,035;0,0;0,00;0,054
1023;13.07.2023;10:07:45;00:17:02;250,0;141,9;21,5;20,8;21,8;183,1;55,8;0,1;7,82E-2;-541,2;20,00;3,9;3,8;42,55;4,51;0,028;0,0;0,01;0,054
1024;13.07.2023;10:07:46;00:17:03;250,0;141,9;21,5;20,8;21,8;180,3;55,5;0,1;7,81E-2;-541,2;20,00;3,9;3,8;42,55;4,51;0,026;0,0;0,01;0,054
1025;13.07.2023;10:07:47;00:17:04;250,0;139,3;21,4;20,8;21,8;178,9;55,4;0,1;7,81E-2;-541,2;20,00;3,9;3,8;42,56;4,51;0,028;0,0;0,00;0,052
1026;13.07.2023;10:07:48;00:17:05;250,0;139,3;21,4;20,7;21,8;175,8;55,0;0,1;7,80E-2;-541,2;20,00;3,9;3,8;42,56;4,51;0,029;0,0;0,00;0,054
1027;13.07.2023;10:07:49;00:17:06;250,0;136,7;21,4;20,7;21,8;173,0;54,7;0,1;7,80E-2;-541,2;20,00;3,9;3,8;42,56;4,51;0,026;0,0;0,00;0,054
1028;13.07.2023;10:07:50;00:17:07;250,0;136,7;21,4;20,7;21,8;171,6;54,5;0,1;7,79E-2;-541,2;20,00;3,9;3,8;42,56;4,51;0,023;0,0;0,00;0,054
1029;13.07.2023;10:07:51;00:17:08;250,0;134,2;21,4;20,7;21,8;168,8;54,2;0,1;7,79E-2;-541,2;20,00;3,9;3,8;42,56;4,51;0,028;0,0;0,00;0,054
1030;13.07.2023;10:07:52;00:17:09;250,0;131,9;21,3;20,6;21,8;165,9;53,9;0,1;7,77E-2;-541,2;20,00;3,9;3,9;42,56;4,51;0,029;0,0;0,00;0,053
1031;13.07.2023;10:07:53;00:17:10;250,0;131,9;21,3;20,6;21,8;164,5;53,7;0,1;7,77E-2;-541,2;20,00;3,9;3,8;42,56;4,51;0,028;0,0;0,01;0,054
1032;13.07.2023;10:07:54;00:17:11;250,0;131,9;21,3;20,6;21,8;161,5;53,4;0,1;7,76E-2;-541,2;20,00;3,9;3,9;42,56;4,51;0,034;0,0;0,00;0,053
1033;13.07.2023;10:07:55;00:17:12;250,0;129,6;21,3;20,6;21,8;158,7;53,0;0,1;7,75E-2;-541,2;20,00;3,9;4,0;42,56;4,51;0,033;0,0;0,01;0,053
1034;13.07.2023;10:07:56;00:17:13;250,0;129,6;21,2;20,6;21,8;157,2;52,9;0,1;7,75E-2;-541,2;20,00;3,9;4,0;42,56;4,51;0,032;0,0;0,01;0,052
1035;13.07.2023;10:07:57;00:17:14;250,0;127,3;21,2;20,6;21,7;154,4;52,5;0,1;7,74E-2;-541,2;20,00;3,9;3,9;42,56;4,51;0,032;0,0;0,00;0,054
1036;13.07.2023;10:07:58;00:17:15;250,0;127,3;21,2;20,6;21,7;153,0;52,4;0,1;7,74E-2;-541,2;20,00;3,9;4,0;42,56;4,51;0,034;0,0;0,01;0,054
1037;13.07.2023;10:07:59;00:17:16;250,0;125,1;21,2;20,5;21,7;150,2;52,0;0,1;7,73E-2;-541,2;20,00;3,9;3,9;42,56;4,51;0,025;0,0;0,00;0,054
1038;13.07.2023;10:08:00;00:17:17;250,0;122,9;21,2;20,5;21,7;147,1;51,7;0,1;7,72E-2;-541,2;20,00;3,9;4,0;42,56;4,51;0,027;0,0;0,01;0,054
1039;13.07.2023;10:08:01;00:17:18;250,0;122,9;21,2;20,5;21,7;145,7;51,5;0,1;7,71E-2;-541,2;20,00;3,9;4,1;42,56;4,51;0,031;0,0;0,01;0,054
1040;13.07.2023;10:08:02;00:17:19;250,0;122,9;21,2;20,4;21,7;142,9;51,2;0,1;7,70E-2;-541,2;20,00;3,9;4,1;42,56;4,51;0,031;0,0;0,00;0,054
1041;13.07.2023;10:08:03;00:17:20;250,0;120,8;21,2;20,5;21,7;140,1;50,8;0,1;7,70E-2;-541,2;20,00;3,9;3,8;42,56;4,51;0,025;0,0;0,01;0,054
1042;13.07.2023;10:08:04;00:17:21;250,0;120,8;21,1;20,5;21,7;138,7;50,6;0,1;7,70E-2;-541,2;20,00;3,9;3,9;42,56;4,51;0,027;0,0;0,00;0,053
1043;13.07.2023;10:08:05;00:17:22;250,0;118,6;21,1;20,4;21,7;135,9;50,3;0,1;7,69E-2;-541,2;20,00;3,9;3,9;42,56;4,52;0,024;0,0;0,01;0,054
1044;13.07.2023;10:08:06;00:17:23;250,0;118,6;21,1;20,4;21,7;132,8;49,9;0,1;7,69E-2;-541,2;20,00;3,9;4,0;42,56;4,52;0,028;0,0;0,01;0,054
1045;13.07.2023;10:08:07;00:17:24;250,0;116,4;21,1;20,4;21,7;131,4;49,7;0,1;7,68E-2;-541,2;20,00;3,9;3,9;42,56;4,52;0,025;0,0;0,00;0,054
1046;13.07.2023;10:08:08;00:17:25;250,0;116,4;21,0;20,4;21,7;128,6;49,4;0,1;7,68E-2;-541,2;20,00;3,9;3,8;42,57;4,52;0,017;0,0;0,00;0,054
1047;13.07.2023;10:08:09;00:17:26;250,0;116,4;21,0;20,3;21,7;127,2;49,2;0,1;7,67E-2;-541,2;20,00;3,9;3,8;42,56;4,52;0,020;0,0;0,01;0,054
1048;13.07.2023;10:08:10;00:17:27;250,0;114,1;21,0;20,3;21,7;124,3;48,8;0,1;7,66E-2;-541,2;20,00;3,9;3,9;42,57;4,52;0,023;0,0;0,00;0,053
1049;13.07.2023;10:08:11;00:17:28;250,0;111,9;21,0;20,3;21,7;121,5;48,5;0,1;7,65E-2;-541,2;20,00;3,9;3,9;42,57;4,52;0,018;0,0;0,01;0,053
1050;13.07.2023;10:08:12;00:17:29;250,0;111,9;21,0;20,3;21,7;119,9;48,3;0,1;7,65E-2;-541,2;20,00;3,9;4,0;42,57;4,52;0,022;0,0;0,01;0,054
1051;13.07.2023;10:08:13;00:17:30;250,0;109,8;21,0;20,2;21,7;117,1;47,9;0,1;7,65E-2;-541,2;20,00;3,9;4,0;42,57;4,52;0,024;0,0;0,00;0,054
1052;13.07.2023;10:08:14;00:17:31;250,0;109,8;20,9;20,2;21,7;114,2;47,5;0,1;7,64E-2;-541,2;20,00;3,9;3,9;42,57;4,52;0,025;0,0;0,00;0,053
1053;13.07.2023;10:08:15;00:17:32;250,0;107,8;20,9;20,2;21,7;112,8;47,3;0,1;7,64E-2;-541,2;20,00;3,9;3,8;42,57;4,52;0,024;0,0;0,01;0,054
1054;13.07.2023;10:08:16;00:17:33;250,0;107,8;20,9;20,2;21,7;110,0;47,0;0,1;7,63E-2;-541,2;20,00;3,9;3,8;42,57;4,52;0,024;0,0;0,01;0,054
1055;13.07.2023;10:08:17;00:17:34;250,0;105,9;20,9;20,2;21,7;107,2;46,6;0,1;7,62E-2;-541,2;20,00;3,9;3,8;42,57;4,52;0,018;0,0;0,00;0,054
1056;13.07.2023;10:08:18;00:17:35;250,0;105,9;20,9;20,2;21,7;105,5;46,4;0,1;7,61E-2;-541,2;20,00;3,9;3,9;42,57;4,52;0,023;0,0;0,01;0,051
1057;13.07.2023;10:08:19;00:17:36;250,0;104,1;20,9;20,1;21,7;102,7;46,0;0,1;7,61E-2;-541,2;20,00;3,9;3,9;42,57;4,52;0,024;0,0;0,01;0,051
1058;13.07.2023;10:08:20;00:17:37;250,0;102,2;20,8;20,1;21,7;99,9;45,6;0,1;7,60E-2;-541,2;20,00;3,9;3,9;42,57;4,52;0,025;0,0;0,01;0,053
1059;13.07.2023;10:08:21;00:17:38;250,0;102,2;20,8;20,1;21,7;98,5;45,4;0,1;7,60E-2;-541,2;20,00;3,9;3,9;42,57;4,52;0,025;0,0;0,01;0,054
1060;13.07.2023;10:08:22;00:17:39;250,0;102,2;20,8;20,1;21,7;95,7;45,0;0,1;7,59E-2;-541,2;20,00;3,9;3,9;42,57;4,52;0,022;0,0;0,01;0,054
1061;13.07.2023;10:08:23;00:17:40;250,0;100,4;20,8;20,1;21,6;94,3;44,8;0,1;7,59E-2;-541,2;20,00;3,9;3,8;42,57;4,52;0,020;0,0;0,01;0,054
1062;13.07.2023;10:08:24;00:17:41;250,0;100,4;20,8;20,1;21,6;91,2;44,4;0,1;7,59E-2;-541,2;20,00;3,9;4,0;42,57;4,52;0,027;0,0;0,00;0,054
1063;13.07.2023;10:08:25;00:17:42;250,0;98,5;20,8;20,0;21,6;88,4;44,0;0,1;7,58E-2;-541,2;20,00;3,9;3,8;42,57;4,52;0,023;0,0;0,01;0,054
1064;13.07.2023;10:08:26;00:17:43;250,0;98,5;20,8;20,0;21,6;87,0;43,8;0,1;7,57E-2;-541,2;20,00;3,9;3,8;42,57;4,52;0,026;0,0;0,01;0,054
1065;13.07.2023;10:08:27;00:17:44;250,0;96,6;20,7;20,0;21,6;84,2;43,4;0,1;7,56E-2;-541,2;20,00;3,9;3,9;42,57;4,52;0,026;0,0;0,00;0,054
1066;13.07.2023;10:08:28;00:17:45;250,0;96,6;20,7;20,0;21,6;81,3;43,0;0,1;7,56E-2;-541,2;20,00;3,9;3,9;42,57;4,52;0,026;0,0;0,00;0,054
1067;13.07.2023;10:08:29;00:17:46;250,0;96,6;20,7;19,9;21,6;79,9;42,8;0,1;7,56E-2;-541,2;20,00;3,9;3,9;42,57;4,53;0,023;0,0;0,00;0,053
1068;13.07.2023;10:08:30;00:17:47;250,0;94,8;20,7;19,9;21,6;76,9;42,4;0,1;7,55E-2;-541,2;20,00;3,9;3,9;42,57;4,52;0,027;0,0;0,01;0,051
1069;13.07.2023;10:08:31;00:17:48;250,0;93,0;20,6;19,9;21,6;74,1;42,0;0,1;7,54E-2;-541,2;20,00;3,9;3,9;42,57;4,52;0,023;0,0;0,01;0,052
1070;13.07.2023;10:08:32;00:17:49;250,0;93,0;20,6;19,9;21,6;72,6;41,8;0,1;7,54E-2;-541,2;20,00;3,9;4,0;42,57;4,53;0,021;0,0;0,01;0,054
1071;13.07.2023;10:08:33;00:17:50;250,0;91,4;20,6;19,9;21,6;69,8;41,4;0,1;7,53E-2;-541,2;20,00;3,9;4,0;42,57;4,53;0,022;0,0;0,00;0,054
1072;13.07.2023;10:08:34;00:17:51;250,0;91,4;20,6;19,9;21,6;67,0;41,0;0,1;7,53E-2;-541,2;20,00;3,9;3,8;42,57;4,53;0,015;0,0;0,00;0,053
1073;13.07.2023;10:08:35;00:17:52;250,0;89,7;20,6;19,9;21,6;65,6;40,7;0,1;7,52E-2;-541,2;20,00;3,9;3,9;42,57;4,53;0,016;0,0;0,00;0,053
1074;13.07.2023;10:08:36;00:17:53;250,0;88,2;20,6;19,8;21,6;62,5;40,3;0,1;7,51E-2;-541,2;20,00;3,9;3,9;42,58;4,53;0,019;0,0;0,01;0,049
1075;13.07.2023;10:08:37;00:17:54;250,0;88,2;20,6;19,8;21,6;61,1;40,1;0,1;7,51E-2;-541,2;20,00;3,9;3,8;42,58;4,53;0,020;0,0;0,00;0,052
1076;13.07.2023;10:08:38;00:17:55;250,0;88,2;20,6;19,8;21,6;58,3;39,7;0,1;7,51E-2;-541,2;20,00;3,9;3,8;42,58;4,53;0,018;0,0;0,00;0,053
1077;13.07.2023;10:08:39;00:17:56;250,0;86,6;20,5;19,8;21,6;55,5;39,2;0,1;7,50E-2;-541,2;20,00;3,9;3,9;42,58;4,53;0,023;0,0;0,01;0,049
1078;13.07.2023;10:08:40;00:17:57;250,0;86,6;20,5;19,8;21,6;54,1;39,0;0,1;7,50E-2;-541,2;20,00;3,9;3,9;42,58;4,53;0,025;0,0;0,00;0,049
1079;13.07.2023;10:08:41;00:17:58;250,0;85,1;20,5;19,8;21,6;51,3;38,6;0,1;7,49E-2;-541,2;20,00;3,9;3,9;42,58;4,53;0,029;0,0;0,00;0,051
1080;13.07.2023;10:08:42;00:17:59;250,0;85,1;20,5;19,8;21,6;48,2;38,1;0,1;7,48E-2;-541,2;20,00;3,9;3,8;42,58;4,53;0,020;0,0;0,00;0,054
1081;13.07.2023;10:08:43;00:18:00;250,0;83,6;20,5;19,7;21,6;46,8;37,9;0,1;7,48E-2;-541,2;20,00;3,9;3,8;42,58;4,53;0,018;0,0;0,01;0,053
1082;13.07.2023;10:08:44;00:18:01;250,0;83,5;20,4;19,7;21,6;44,0;37,5;0,1;7,47E-2;-541,2;20,00;3,9;3,9;42,58;4,53;0,025;0,0;0,00;0,051
1083;13.07.2023;10:08:45;00:18:02;250,0;82,0;20,4;19,7;21,6;41,2;37,1;0,1;7,46E-2;-541,2;20,00;3,9;3,8;42,58;4,53;0,019;0,0;0,01;0,053
1084;13.07.2023;10:08:46;00:18:03;250,0;82,0;20,4;19,7;21,6;39,7;36,8;0,1;7,46E-2;-541,2;20,00;3,9;3,8;42,58;4,53;0,016;0,0;0,00;0,051
1085;13.07.2023;10:08:47;00:18:04;250,0;80,4;20,4;19,6;21,6;36,9;36,4;0,1;7,45E-2;-541,2;20,00;3,9;3,9;42,58;4,53;0,022;0,0;0,01;0,051
1086;13.07.2023;10:08:48;00:18:05;250,0;80,4;20,4;19,6;21,6;35,5;36,2;0,1;7,45E-2;-541,2;20,00;3,9;3,9;42,58;4,53;0,022;0,0;0,01;0,054
1087;13.07.2023;10:08:49;00:18:06;250,0;78,9;20,4;19,6;21,5;32,5;35,7;0,1;7,45E-2;-541,2;20,00;3,9;3,9;42,58;4,53;0,022;0,0;0,00;0,054
1088;13.07.2023;10:08:50;00:18:07;250,0;78,9;20,4;19,6;21,5;29,6;35,3;0,1;7,44E-2;-541,2;20,00;3,9;3,9;42,58;4,53;0,021;0,0;0,01;0,052
1089;13.07.2023;10:08:51;00:18:08;250,0;77,4;20,3;19,6;21,5;28,2;35,0;0,1;7,44E-2;-541,2;20,00;3,9;3,9;42,58;4,53;0,017;0,0;0,01;0,054
1090;13.07.2023;10:08:52;00:18:09;250,0;77,4;20,3;19,6;21,5;25,4;34,6;0,1;7,43E-2;-541,2;20,00;3,9;3,9;42,58;4,53;0,015;0,0;0,01;0,054
1091;13.07.2023;10:08:53;00:18:10;250,0;76,0;20,3;19,6;21,5;22,6;34,1;0,1;7,43E-2;-541,2;20,00;3,9;3,9;42,58;4,53;0,016;0,0;0,00;0,053
1092;13.07.2023;10:08:54;00:18:11;250,0;76,0;20,3;19,6;21,5;21,2;33,9;0,1;7,42E-2;-541,2;20,00;3,9;3,9;42,58;4,53;0,015;0,0;0,01;0,054
