Nr.;Datum;Zeit;P.Zeit;AV Pyro top;AV Control TC;AV Piston TC Top;AV Piston TC Bot;AV Transformer T;SV Temperature  ;AV CZ Output;AV abs. pressure;Vacuum;AV rel. pressure;SV Rel. Pressure;SV Force        ;AV Force;AV Abs. Piston T;AV Rel. Piston T;AV Speed;Power;U RMS;I RMS
;;;;°C;°C;°C;°C;°C;°C    ;%;mbar(a;mbar(a;mbar(g;mbar(g;kN    ;kN;mm;mm;mm/min;kW;V;kA
1;12.07.2023;16:50:09;00:00:00;250,0;18,9;20,2;18,5;22,8;20,0;0,0;1000,2;1,00E3;-1,8;20,00;3,0;3,0;37,71;0,42;0,002;0,0;0,01;0,044
2;12.07.2023;16:50:10;00:00:01;250,0;18,9;20,2;18,5;22,8;20,0;0,0;1000,1;1,00E3;-1,8;20,00;3,0;3,0;37,71;0,42;0,002;0,0;0,00;0,039
3;12.07.2023;16:50:11;00:00:02;250,0;18,8;20,2;18,5;22,8;20,0;0,0;1000,2;1,00E3;-1,8;20,00;3,0;3,0;37,71;0,42;-0,002;0,0;0,00;0,039
4;12.07.2023;16:50:12;00:00:03;250,0;18,8;20,2;18,5;22,8;20,0;0,0;1000,2;1,00E3;-1,8;20,00;3,0;3,0;37,71;0,42;0,001;0,0;0,00;0,042
5;12.07.2023;16:50:13;00:00:04;250,0;18,8;20,2;18,5;22,8;20,0;0,0;1000,2;1,00E3;-1,8;20,00;3,0;3,0;37,71;0,42;0,002;0,0;0,00;0,039
6;12.07.2023;16:50:14;00:00:05;250,0;18,8;20,2;18,5;22,8;20,0;0,0;1000,2;1,00E3;-1,8;20,00;3,0;3,0;37,71;0,42;0,003;0,0;0,00;0,040
7;12.07.2023;16:50:15;00:00:06;250,0;18,8;20,2;18,5;22,8;20,0;0,0;1000,2;1,00E3;-1,8;20,00;3,0;3,0;37,71;0,42;0,003;0,0;0,01;0,039
8;12.07.2023;16:50:16;00:00:07;250,0;18,8;20,2;18,5;22,8;20,0;0,0;1000,2;1,00E3;-1,8;20,00;3,0;3,0;37,71;0,42;0,000;0,0;0,01;0,040
9;12.07.2023;16:50:17;00:00:08;250,0;18,8;20,2;18,5;22,8;20,0;0,0;1000,2;1,00E3;-1,8;20,00;3,0;3,0;37,71;0,42;-0,003;0,0;0,00;0,040
10;12.07.2023;16:50:18;00:00:09;250,0;18,8;20,2;18,5;22,8;20,0;0,0;986,7;9,87E2;-10,2;20,00;3,0;3,0;37,71;0,42;-0,002;0,0;0,00;0,042
11;12.07.2023;16:50:19;00:00:10;250,0;18,8;20,2;18,5;22,8;20,0;0,0;945,2;9,45E2;-54,0;20,00;3,0;3,0;37,71;0,42;0,002;0,0;0,00;0,039
12;12.07.2023;16:50:20;00:00:11;250,0;18,8;20,2;18,5;22,8;20,0;0,0;904,7;9,05E2;-95,8;20,00;3,0;3,0;37,71;0,42;0,001;0,0;0,01;0,039
13;12.07.2023;16:50:21;00:00:12;250,0;18,7;20,2;18,5;22,8;20,0;0,0;879,5;8,79E2;-119,7;20,00;3,0;3,1;37,71;0,42;0,002;0,0;0,00;0,040
14;12.07.2023;16:50:22;00:00:13;250,0;18,7;20,2;18,5;22,8;20,0;0,0;840,1;8,40E2;-160,6;20,00;3,0;3,0;37,71;0,42;0,003;0,0;0,01;0,039
15;12.07.2023;16:50:23;00:00:14;250,0;18,7;20,2;18,5;22,8;20,0;0,0;803,4;8,03E2;-194,9;20,00;3,0;3,0;37,71;0,42;0,002;0,0;0,00;0,039
16;12.07.2023;16:50:24;00:00:15;250,0;18,7;20,2;18,5;22,8;20,0;0,0;786,9;7,87E2;-211,5;20,00;3,0;3,0;37,71;0,42;0,006;0,0;0,00;0,040
17;12.07.2023;16:50:25;00:00:16;250,0;18,7;20,1;18,4;22,8;20,0;0,0;754,1;7,54E2;-245,7;20,00;3,0;3,0;37,71;0,42;0,008;0,0;0,00;0,039
18;12.07.2023;16:50:26;00:00:17;250,0;18,5;20,1;18,4;22,7;20,0;0,0;738,3;7,38E2;-260,6;20,00;3,0;3,0;37,71;0,42;0,005;0,0;0,00;0,039
19;12.07.2023;16:50:27;00:00:18;250,0;18,5;20,1;18,3;22,7;20,0;0,0;704,4;7,04E2;-294,7;20,00;3,0;3,0;37,71;0,42;0,010;0,0;0,00;0,040
20;12.07.2023;16:50:28;00:00:19;250,0;18,5;20,1;18,3;22,7;20,0;0,0;676,0;6,76E2;-324,8;20,00;3,0;3,0;37,71;0,42;0,016;0,0;0,00;0,039
21;12.07.2023;16:50:29;00:00:20;250,0;18,5;20,1;18,3;22,7;20,0;0,0;662,0;6,62E2;-338,1;20,00;3,0;3,0;37,71;0,42;0,019;0,0;0,00;0,039
22;12.07.2023;16:50:30;00:00:21;250,0;18,4;20,1;18,3;22,7;20,0;0,0;634,4;6,34E2;-365,8;20,00;3,0;3,0;37,71;0,42;0,031;0,0;0,00;0,040
23;12.07.2023;16:50:31;00:00:22;250,0;18,4;20,1;18,3;22,7;20,0;0,0;608,2;6,08E2;-390,3;20,00;3,0;3,0;37,71;0,43;0,041;0,0;0,01;0,040
24;12.07.2023;16:50:32;00:00:23;250,0;18,4;20,1;18,3;22,7;20,0;0,0;595,7;5,96E2;-404,0;20,00;3,0;3,0;37,71;0,43;0,046;0,0;0,00;0,039
25;12.07.2023;16:50:33;00:00:24;250,0;18,4;20,1;18,3;22,7;20,0;0,0;571,1;5,71E2;-428,4;20,00;3,0;3,0;37,72;0,43;0,060;0,0;0,00;0,040
26;12.07.2023;16:50:34;00:00:25;250,0;18,4;20,1;18,2;22,7;20,0;0,0;548,3;5,48E2;-451,7;20,00;3,0;3,0;37,72;0,43;0,068;0,0;0,01;0,040
27;12.07.2023;16:50:35;00:00:26;250,0;18,4;20,1;18,2;22,7;20,0;0,0;537,1;5,37E2;-462,1;20,00;3,0;3,0;37,72;0,43;0,063;0,0;0,01;0,039
28;12.07.2023;16:50:36;00:00:27;250,0;18,4;20,1;18,2;22,7;20,0;0,0;515,3;5,15E2;-483,9;20,00;3,0;3,1;37,72;0,43;0,067;0,0;0,00;0,039
29;12.07.2023;16:50:37;00:00:28;250,0;18,3;20,1;18,2;22,7;20,0;0,0;505,6;5,06E2;-493,5;20,00;3,0;3,1;37,72;0,43;0,075;0,0;0,00;0,039
30;12.07.2023;16:50:38;00:00:29;250,0;18,3;20,1;18,2;22,7;20,0;0,0;485,3;4,85E2;-513,8;20,00;3,0;3,0;37,72;0,44;0,075;0,0;0,00;0,040
31;12.07.2023;16:50:39;00:00:30;250,0;18,3;20,1;18,2;22,7;20,0;0,0;466,0;4,66E2;-533,1;20,00;3,0;3,0;37,72;0,44;0,073;0,0;0,01;0,040
32;12.07.2023;16:50:40;00:00:31;250,0;18,3;20,0;18,1;22,7;20,0;0,0;456,5;4,56E2;-541,2;20,00;3,0;3,1;37,72;0,44;0,075;0,0;0,00;0,040
33;12.07.2023;16:50:41;00:00:32;250,0;18,3;20,0;18,1;22,7;20,0;0,0;439,5;4,39E2;-541,2;20,00;3,0;3,0;37,73;0,44;0,069;0,0;0,01;0,039
34;12.07.2023;16:50:42;00:00:33;250,0;18,2;20,0;18,1;22,7;20,0;0,0;421,4;4,21E2;-541,2;20,00;3,0;3,1;37,73;0,44;0,079;0,0;0,01;0,040
35;12.07.2023;16:50:43;00:00:34;250,0;18,2;20,0;18,1;22,7;20,0;0,0;413,8;4,14E2;-541,2;20,00;3,0;3,0;37,73;0,44;0,076;0,0;0,00;0,039
36;12.07.2023;16:50:44;00:00:35;250,0;18,2;20,0;18,1;22,7;20,0;0,0;397,9;3,98E2;-541,2;20,00;3,0;3,0;37,73;0,44;0,083;0,0;0,00;0,039
37;12.07.2023;16:50:45;00:00:36;250,0;18,2;20,1;18,1;22,7;20,0;0,0;381,1;3,81E2;-541,2;20,00;3,0;3,0;37,73;0,44;0,076;0,0;0,00;0,039
38;12.07.2023;16:50:46;00:00:37;250,0;18,2;20,0;18,1;22,7;20,0;0,0;373,3;3,73E2;-541,2;20,00;3,0;3,0;37,73;0,44;0,071;0,0;0,01;0,042
39;12.07.2023;16:50:47;00:00:38;250,0;18,2;20,0;18,1;22,7;20,0;0,0;358,9;3,59E2;-541,2;20,00;3,0;3,0;37,73;0,45;0,077;0,0;0,00;0,039
40;12.07.2023;16:50:48;00:00:39;250,0;18,2;20,1;18,0;22,7;20,0;0,0;345,1;3,45E2;-541,2;20,00;3,0;3,0;37,73;0,45;0,078;0,0;0,00;0,039
41;12.07.2023;16:50:49;00:00:40;250,0;18,2;20,1;18,0;22,7;20,0;0,0;338,1;3,38E2;-541,2;20,00;3,0;3,0;37,74;0,45;0,075;0,0;0,00;0,039
42;12.07.2023;16:50:50;00:00:41;250,0;18,1;20,1;18,0;22,7;20,0;0,0;325,1;3,25E2;-541,2;20,00;3,0;3,0;37,74;0,45;0,081;0,0;0,01;0,039
43;12.07.2023;16:50:51;00:00:42;250,0;18,1;20,1;18,0;22,7;20,0;0,0;318,5;3,18E2;-541,2;20,00;3,0;3,0;37,74;0,45;0,082;0,0;0,00;0,040
44;12.07.2023;16:50:52;00:00:43;250,0;18,1;20,1;18,0;22,7;20,0;0,0;305,5;3,05E2;-541,2;20,00;3,0;3,0;37,74;0,45;0,078;0,0;0,01;0,039
45;12.07.2023;16:50:53;00:00:44;250,0;18,1;20,1;18,0;22,7;20,0;0,0;293,6;2,94E2;-541,2;20,00;3,0;3,0;37,74;0,45;0,073;0,0;0,00;0,040
46;12.07.2023;16:50:54;00:00:45;250,0;18,1;20,1;18,0;22,7;20,0;0,0;287,9;2,88E2;-541,2;20,00;3,0;3,0;37,74;0,45;0,076;0,0;0,01;0,040
47;12.07.2023;16:50:55;00:00:46;250,0;18,1;20,1;18,0;22,7;20,0;0,0;276,6;2,77E2;-541,2;20,00;3,0;3,0;37,74;0,46;0,073;0,0;0,01;0,039
48;12.07.2023;16:50:56;00:00:47;250,0;18,1;20,1;18,0;22,7;20,0;0,0;266,0;2,66E2;-541,2;20,00;3,0;3,0;37,74;0,46;0,072;0,0;0,01;0,039
49;12.07.2023;16:50:57;00:00:48;250,0;18,1;20,1;18,0;22,7;20,0;0,0;260,7;2,61E2;-541,2;20,00;3,0;3,0;37,75;0,46;0,071;0,0;0,00;0,043
50;12.07.2023;16:50:58;00:00:49;250,0;18,1;20,1;18,0;22,7;20,0;0,0;249,7;2,50E2;-541,2;20,00;3,0;3,0;37,75;0,46;0,074;0,0;0,01;0,039
51;12.07.2023;16:50:59;00:00:50;250,0;18,1;20,1;18,0;22,7;20,0;0,0;240,2;2,40E2;-541,2;20,00;3,0;3,0;37,75;0,46;0,075;0,0;0,00;0,039
52;12.07.2023;16:51:00;00:00:51;250,0;18,1;20,1;18,0;22,7;20,0;0,0;235,7;2,36E2;-541,2;20,00;3,0;3,0;37,75;0,46;0,071;0,0;0,01;0,039
53;12.07.2023;16:51:01;00:00:52;250,0;18,0;20,1;18,0;22,7;20,0;0,0;226,5;2,27E2;-541,2;20,00;3,0;2,9;37,75;0,46;0,073;0,0;0,01;0,042
54;12.07.2023;16:51:02;00:00:53;250,0;18,0;20,1;18,0;22,7;20,0;0,0;222,1;2,22E2;-541,2;20,00;3,0;3,0;37,75;0,47;0,073;0,0;0,01;0,039
55;12.07.2023;16:51:03;00:00:54;250,0;18,0;20,1;18,0;22,7;20,0;0,0;213,4;2,13E2;-541,2;20,00;3,0;3,0;37,75;0,47;0,082;0,0;0,00;0,039
56;12.07.2023;16:51:04;00:00:55;250,0;18,0;20,1;18,0;22,7;20,0;0,0;204,5;2,04E2;-541,2;20,00;3,0;3,1;37,76;0,47;0,086;0,0;0,01;0,040
57;12.07.2023;16:51:05;00:00:56;250,0;18,0;20,1;18,0;22,7;20,0;0,0;200,5;2,00E2;-541,2;20,00;3,0;3,0;37,76;0,47;0,084;0,0;0,00;0,040
58;12.07.2023;16:51:06;00:00:57;250,0;18,0;20,0;18,0;22,6;20,0;0,0;192,6;1,93E2;-541,2;20,00;3,0;3,0;37,76;0,47;0,086;0,0;0,00;0,039
59;12.07.2023;16:51:07;00:00:58;250,0;18,0;20,0;18,0;22,6;20,0;0,0;185,6;1,86E2;-541,2;20,00;3,0;2,9;37,76;0,47;0,083;0,0;0,00;0,039
60;12.07.2023;16:51:08;00:00:59;250,0;18,0;20,0;18,0;22,6;20,0;0,0;182,0;1,82E2;-541,2;20,00;3,0;3,0;37,76;0,47;0,088;0,0;0,00;0,043
61;12.07.2023;16:51:09;00:01:00;250,0;18,0;20,0;18,0;22,6;20,0;0,0;174,8;1,75E2;-541,2;20,00;3,0;3,0;37,76;0,48;0,091;0,0;0,01;0,039
62;12.07.2023;16:51:10;00:01:01;250,0;17,9;20,0;18,0;22,6;20,0;0,0;164,4;1,64E2;-541,2;20,00;3,0;3,0;37,76;0,48;0,086;0,0;0,00;0,039
63;12.07.2023;16:51:11;00:01:02;250,0;17,9;20,0;18,0;22,6;20,0;0,0;157,4;1,57E2;-541,2;20,00;3,0;3,0;37,76;0,48;0,086;0,0;0,00;0,039
64;12.07.2023;16:51:12;00:01:03;250,0;17,9;20,0;18,0;22,6;20,0;0,0;144,4;1,44E2;-541,2;20,00;3,0;3,0;37,77;0,48;0,081;0,0;0,00;0,040
65;12.07.2023;16:51:13;00:01:04;250,0;17,9;20,0;18,0;22,6;20,0;0,0;133,1;1,33E2;-541,2;20,00;3,0;3,0;37,77;0,48;0,092;0,0;0,01;0,039
66;12.07.2023;16:51:14;00:01:05;250,0;17,9;20,0;18,0;22,6;20,0;0,0;127,7;1,28E2;-541,2;20,00;3,0;3,0;37,77;0,48;0,094;0,0;0,00;0,039
67;12.07.2023;16:51:15;00:01:06;250,0;17,9;20,0;18,0;22,7;20,0;0,0;118,3;1,18E2;-541,2;20,00;3,0;3,0;37,77;0,48;0,100;0,0;0,00;0,039
68;12.07.2023;16:51:16;00:01:07;250,0;17,9;20,0;18,0;22,7;20,0;0,0;112,9;1,13E2;-541,2;20,00;3,0;3,0;37,77;0,49;0,101;0,0;0,00;0,040
69;12.07.2023;16:51:17;00:01:08;250,0;17,9;20,0;18,0;22,7;20,0;0,0;104,6;1,05E2;-541,2;20,00;3,0;3,0;37,78;0,49;0,100;0,0;0,00;0,040
70;12.07.2023;16:51:18;00:01:09;250,0;17,9;20,0;18,0;22,7;20,0;0,0;96,6;9,66E1;-541,2;20,00;3,0;3,0;37,78;0,49;0,102;0,0;0,00;0,040
71;12.07.2023;16:51:19;00:01:10;250,0;17,9;20,0;18,0;22,7;20,0;0,0;93,1;9,31E1;-541,2;20,00;3,0;3,0;37,78;0,49;0,106;0,0;0,01;0,042
72;12.07.2023;16:51:20;00:01:11;250,0;17,9;20,0;18,1;22,7;20,0;0,0;86,0;8,60E1;-541,2;20,00;3,0;3,0;37,78;0,49;0,108;0,0;0,00;0,040
73;12.07.2023;16:51:21;00:01:12;250,0;17,9;20,0;18,1;22,7;20,0;0,0;80,0;8,00E1;-541,2;20,00;3,0;3,0;37,78;0,50;0,114;0,0;0,01;0,040
74;12.07.2023;16:51:22;00:01:13;250,0;17,9;20,0;18,1;22,7;20,0;0,0;76,5;7,65E1;-541,2;20,00;3,0;3,0;37,79;0,50;0,116;0,0;0,00;0,041
75;12.07.2023;16:51:23;00:01:14;250,0;17,9;20,0;18,1;22,7;20,0;0,0;70,8;7,08E1;-541,2;20,00;3,0;3,0;37,79;0,50;0,114;0,0;0,00;0,039
76;12.07.2023;16:51:24;00:01:15;250,0;17,9;20,1;18,1;22,7;20,0;0,0;65,3;6,53E1;-541,2;20,00;3,0;3,0;37,79;0,50;0,112;0,0;0,00;0,039
77;12.07.2023;16:51:25;00:01:16;250,0;17,9;20,1;18,1;22,7;20,0;0,0;62,8;6,28E1;-541,2;20,00;3,0;3,0;37,79;0,50;0,108;0,0;0,01;0,041
78;12.07.2023;16:51:26;00:01:17;250,0;17,8;20,0;18,0;22,6;20,0;0,0;57,7;5,77E1;-541,2;20,00;3,0;3,0;37,79;0,51;0,104;0,0;0,01;0,039
79;12.07.2023;16:51:27;00:01:18;250,0;17,8;20,0;18,0;22,6;20,0;0,0;53,2;5,32E1;-541,2;20,00;3,0;2,9;37,79;0,51;0,100;0,0;0,00;0,039
80;12.07.2023;16:51:28;00:01:19;250,0;17,8;20,0;18,0;22,6;20,0;0,0;51,0;5,10E1;-541,2;20,00;3,0;3,0;37,79;0,51;0,103;0,0;0,00;0,041
81;12.07.2023;16:51:29;00:01:20;250,0;17,8;20,0;18,0;22,6;20,0;0,0;47,1;4,71E1;-541,2;20,00;3,0;3,0;37,80;0,51;0,097;0,0;0,01;0,041
82;12.07.2023;16:51:30;00:01:21;250,0;17,8;20,0;18,0;22,6;20,0;0,0;45,3;4,53E1;-541,2;20,00;3,0;3,0;37,80;0,51;0,098;0,0;0,01;0,041
83;12.07.2023;16:51:31;00:01:22;250,0;17,8;20,0;18,0;22,6;20,0;0,0;41,8;4,18E1;-541,2;20,00;3,0;3,0;37,80;0,51;0,091;0,0;0,00;0,039
84;12.07.2023;16:51:32;00:01:23;250,0;17,8;20,0;18,0;22,6;20,0;0,0;38,7;3,87E1;-541,2;20,00;3,0;2,9;37,80;0,51;0,079;0,0;0,00;0,039
85;12.07.2023;16:51:33;00:01:24;250,0;17,8;20,0;18,0;22,6;20,0;0,0;37,0;3,70E1;-541,2;20,00;3,0;2,9;37,80;0,51;0,085;0,0;0,00;0,039
86;12.07.2023;16:51:34;00:01:25;250,0;17,8;20,0;18,0;22,6;20,0;0,0;34,1;3,41E1;-541,2;20,00;3,0;3,0;37,80;0,52;0,085;0,0;0,00;0,042
87;12.07.2023;16:51:35;00:01:26;250,0;17,8;20,0;18,0;22,6;20,0;0,0;31,5;3,15E1;-541,2;20,00;3,0;3,0;37,81;0,52;0,089;0,0;0,00;0,042
88;12.07.2023;16:51:36;00:01:27;250,0;17,8;20,0;18,0;22,6;20,0;0,0;30,0;3,00E1;-541,2;20,00;3,0;3,0;37,81;0,52;0,085;0,0;0,00;0,043
89;12.07.2023;16:51:37;00:01:28;250,0;17,8;20,0;18,0;22,6;20,0;0,0;27,7;2,77E1;-541,2;20,00;3,0;3,0;37,81;0,52;0,082;0,0;0,00;0,041
90;12.07.2023;16:51:38;00:01:29;250,0;17,8;20,0;18,1;22,6;20,0;0,0;25,8;2,58E1;-541,2;20,00;3,0;3,0;37,81;0,52;0,075;0,0;0,01;0,040
91;12.07.2023;16:51:39;00:01:30;250,0;17,8;20,0;18,1;22,6;20,0;0,0;24,6;2,46E1;-541,2;20,00;3,0;3,0;37,81;0,52;0,074;0,0;0,00;0,039
92;12.07.2023;16:51:40;00:01:31;250,0;17,8;20,0;18,1;22,6;20,0;0,0;22,5;2,25E1;-541,2;20,00;3,0;3,0;37,81;0,52;0,073;0,0;0,00;0,043
93;12.07.2023;16:51:41;00:01:32;250,0;17,8;20,0;18,1;22,6;20,0;0,0;21,2;2,12E1;-541,2;20,00;3,0;3,0;37,81;0,52;0,069;0,0;0,00;0,039
94;12.07.2023;16:51:42;00:01:33;250,0;17,8;20,0;18,1;22,6;20,0;0,0;19,7;1,97E1;-541,2;20,00;3,0;3,0;37,81;0,52;0,061;0,0;0,00;0,040
95;12.07.2023;16:51:43;00:01:34;250,0;17,8;20,0;18,1;22,6;20,0;0,0;18,5;1,85E1;-541,2;20,00;3,0;3,0;37,81;0,53;0,057;0,0;0,00;0,039
96;12.07.2023;16:51:44;00:01:35;250,0;17,8;20,0;18,1;22,6;20,0;0,0;17,7;1,77E1;-541,2;20,00;3,0;3,0;37,81;0,53;0,056;0,0;0,01;0,040
97;12.07.2023;16:51:45;00:01:36;250,0;17,8;20,0;18,1;22,6;20,0;0,0;16,2;1,62E1;-541,2;20,00;3,0;3,0;37,81;0,53;0,048;0,0;0,00;0,039
98;12.07.2023;16:51:46;00:01:37;250,0;17,8;19,9;18,0;22,6;20,0;0,0;14,8;1,48E1;-541,2;20,00;3,0;3,0;37,81;0,53;0,043;0,0;0,01;0,039
99;12.07.2023;16:51:47;00:01:38;250,0;17,8;19,9;18,0;22,6;20,0;0,0;14,4;1,44E1;-541,2;20,00;3,0;3,0;37,82;0,53;0,042;0,0;0,01;0,043
100;12.07.2023;16:51:48;00:01:39;250,0;17,8;19,9;18,0;22,6;20,0;0,0;13,3;1,33E1;-541,2;20,00;3,0;3,0;37,82;0,53;0,036;0,0;0,00;0,041
101;12.07.2023;16:51:49;00:01:40;250,0;17,8;19,9;18,0;22,5;20,0;0,0;12,6;1,26E1;-541,2;20,00;3,0;3,0;37,82;0,53;0,031;0,0;0,01;0,043
102;12.07.2023;16:51:50;00:01:41;250,0;17,8;19,9;18,0;22,5;20,0;0,0;12,1;1,21E1;-541,2;20,00;3,0;3,0;37,82;0,53;0,027;0,0;0,00;0,040
103;12.07.2023;16:51:51;00:01:42;250,0;17,8;19,9;18,0;22,6;20,0;0,0;11,0;1,10E1;-541,2;20,00;3,0;3,0;37,82;0,53;0,029;0,0;0,00;0,039
104;12.07.2023;16:51:52;00:01:43;250,0;17,8;20,0;18,1;22,6;20,0;0,0;10,1;1,01E1;-541,2;20,00;3,0;3,0;37,82;0,53;0,024;0,0;0,00;0,042
105;12.07.2023;16:51:53;00:01:44;250,0;17,8;20,0;18,1;22,6;20,0;0,0;9,7;9,69E0;-541,2;20,00;3,0;3,0;37,82;0,53;0,026;0,0;0,01;0,039
106;12.07.2023;16:51:54;00:01:45;250,0;17,8;20,0;18,1;22,6;20,0;0,0;9,0;8,97E0;-541,2;20,00;3,0;3,0;37,82;0,53;0,027;0,0;0,00;0,042
107;12.07.2023;16:51:55;00:01:46;250,0;17,8;20,0;18,1;22,6;20,0;0,0;8,6;8,61E0;-541,2;20,00;3,0;3,0;37,82;0,53;0,023;0,0;0,00;0,039
108;12.07.2023;16:51:56;00:01:47;250,0;17,8;20,0;18,1;22,6;20,0;0,0;7,8;7,81E0;-541,2;20,00;3,0;3,0;37,82;0,53;0,025;0,0;0,01;0,044
109;12.07.2023;16:51:57;00:01:48;250,0;17,8;20,0;18,1;22,6;20,0;0,0;7,3;7,34E0;-541,2;20,00;3,0;3,0;37,82;0,53;0,029;0,0;0,00;0,039
110;12.07.2023;16:51:58;00:01:49;250,0;17,8;20,0;18,1;22,6;20,0;0,0;7,1;7,05E0;-541,2;20,00;3,0;3,0;37,82;0,53;0,027;0,0;0,00;0,039
111;12.07.2023;16:51:59;00:01:50;250,0;17,8;20,0;18,1;22,6;20,0;0,0;6,6;6,56E0;-541,2;20,00;3,0;2,9;37,82;0,53;0,026;0,0;0,00;0,039
112;12.07.2023;16:52:00;00:01:51;250,0;17,8;20,0;18,1;22,6;20,0;0,0;6,2;6,17E0;-541,2;20,00;3,0;3,0;37,82;0,53;0,021;0,0;0,00;0,039
113;12.07.2023;16:52:01;00:01:52;250,0;17,8;20,0;18,1;22,6;20,0;0,0;6,0;6,01E0;-541,2;20,00;3,0;3,0;37,82;0,53;0,022;0,0;0,00;0,039
114;12.07.2023;16:52:02;00:01:53;250,0;17,8;20,0;18,1;22,6;20,0;0,0;5,6;5,56E0;-541,2;20,00;3,0;3,0;37,82;0,53;0,020;0,0;0,00;0,039
115;12.07.2023;16:52:03;00:01:54;250,0;17,8;20,0;18,1;22,6;20,0;0,0;5,2;5,17E0;-541,2;20,00;3,0;3,0;37,82;0,53;0,016;0,0;0,00;0,040
116;12.07.2023;16:52:04;00:01:55;250,0;17,8;20,0;18,1;22,6;20,0;0,0;5,0;5,02E0;-541,2;20,00;3,0;3,0;37,82;0,53;0,017;0,0;0,00;0,040
117;12.07.2023;16:52:05;00:01:56;250,0;17,8;19,9;18,0;22,6;20,0;0,0;4,7;4,75E0;-541,2;20,00;3,0;3,0;37,82;0,53;0,015;0,0;0,01;0,040
118;12.07.2023;16:52:06;00:01:57;250,0;17,7;19,9;18,0;22,5;20,0;0,0;4,4;4,44E0;-541,2;20,00;3,0;3,0;37,82;0,53;0,018;0,0;0,00;0,039
119;12.07.2023;16:52:07;00:01:58;250,0;17,7;19,9;18,0;22,5;20,0;0,0;4,3;4,30E0;-541,2;20,00;3,0;2,9;37,82;0,53;0,016;0,0;0,00;0,040
120;12.07.2023;16:52:08;00:01:59;250,0;17,7;19,9;18,0;22,5;20,0;0,0;4,1;4,06E0;-541,2;20,00;3,0;3,0;37,82;0,53;0,015;0,0;0,00;0,042
121;12.07.2023;16:52:09;00:02:00;250,0;17,7;19,9;18,0;22,5;20,0;0,0;3,9;3,92E0;-541,2;20,00;3,0;3,0;37,82;0,53;0,013;0,0;0,00;0,043
122;12.07.2023;16:52:10;00:02:01;250,0;17,7;19,9;18,0;22,5;20,0;0,0;3,7;3,70E0;-541,2;20,00;3,0;3,0;37,82;0,53;0,013;0,0;0,00;0,041
123;12.07.2023;16:52:11;00:02:02;250,0;17,7;19,9;18,0;22,5;20,0;0,0;3,5;3,49E0;-541,2;20,00;3,0;3,0;37,82;0,54;0,015;0,0;0,00;0,041
124;12.07.2023;16:52:12;00:02:03;250,0;17,7;19,9;18,0;22,5;20,0;0,0;3,4;3,40E0;-541,2;20,00;3,0;3,0;37,82;0,53;0,017;0,0;0,00;0,041
125;12.07.2023;16:52:13;00:02:04;250,0;17,7;19,9;18,0;22,5;20,0;0,0;3,2;3,20E0;-541,2;20,00;3,0;3,0;37,82;0,53;0,016;0,0;0,00;0,041
126;12.07.2023;16:52:14;00:02:05;250,0;17,7;19,9;18,1;22,5;20,0;0,0;3,1;3,05E0;-541,2;20,00;3,0;3,0;37,82;0,53;0,012;0,0;0,00;0,040
127;12.07.2023;16:52:15;00:02:06;250,0;17,7;19,9;18,1;22,5;20,0;0,0;3,0;2,97E0;-541,2;20,00;3,0;3,0;37,82;0,54;0,011;0,0;0,01;0,042
128;12.07.2023;16:52:16;00:02:07;250,0;17,7;19,9;18,1;22,5;20,0;0,0;2,8;2,81E0;-541,2;20,00;3,0;3,0;37,82;0,54;0,010;0,0;0,00;0,042
129;12.07.2023;16:52:17;00:02:08;250,0;17,7;19,9;18,1;22,5;20,0;0,0;2,6;2,63E0;-541,2;20,00;3,0;3,0;37,82;0,54;0,011;0,0;0,00;0,043
130;12.07.2023;16:52:18;00:02:09;250,0;17,7;19,9;18,1;22,5;20,0;0,0;2,6;2,56E0;-541,2;20,00;3,0;3,0;37,82;0,54;0,010;0,0;0,00;0,040
131;12.07.2023;16:52:19;00:02:10;250,0;17,7;19,9;18,1;22,5;20,0;0,0;2,4;2,41E0;-541,2;20,00;3,0;3,0;37,83;0,54;0,014;0,0;0,00;0,039
132;12.07.2023;16:52:20;00:02:11;250,0;17,7;19,9;18,1;22,5;20,0;0,0;2,4;2,36E0;-541,2;20,00;3,0;3,0;37,82;0,54;0,012;0,0;0,01;0,039
133;12.07.2023;16:52:21;00:02:12;250,0;17,7;19,9;18,1;22,5;20,0;0,0;2,3;2,26E0;-541,2;20,00;3,0;3,0;37,82;0,54;0,012;0,0;0,01;0,044
134;12.07.2023;16:52:22;00:02:13;250,0;17,7;19,9;18,1;22,5;20,0;0,0;2,2;2,16E0;-541,2;20,00;3,0;3,0;37,82;0,54;0,007;0,0;0,01;0,044
135;12.07.2023;16:52:23;00:02:14;250,0;17,7;19,9;18,1;22,5;20,0;0,0;2,1;2,10E0;-541,2;20,00;3,0;3,0;37,83;0,54;0,010;0,0;0,00;0,040
136;12.07.2023;16:52:24;00:02:15;250,0;17,7;19,9;18,1;22,5;20,0;0,0;2,0;2,00E0;-541,2;20,00;3,0;3,0;37,82;0,54;0,012;0,0;0,01;0,043
137;12.07.2023;16:52:25;00:02:16;250,0;17,7;19,9;18,1;22,5;20,0;0,0;1,9;1,91E0;-541,2;20,00;3,0;3,0;37,82;0,54;0,007;0,0;0,01;0,042
138;12.07.2023;16:52:26;00:02:17;250,0;17,7;19,9;18,1;22,5;20,0;0,0;1,9;1,86E0;-541,2;20,00;3,0;3,0;37,83;0,54;0,007;0,0;0,00;0,042
139;12.07.2023;16:52:27;00:02:18;250,0;17,7;19,9;18,1;22,5;20,0;0,0;1,8;1,76E0;-541,2;20,00;3,0;3,0;37,83;0,54;0,008;0,0;0,00;0,040
140;12.07.2023;16:52:28;00:02:19;250,0;17,7;19,9;18,1;22,5;20,0;0,0;1,7;1,68E0;-541,2;20,00;3,0;3,0;37,82;0,54;0,006;0,0;0,00;0,041
141;12.07.2023;16:52:29;00:02:20;250,0;17,7;19,9;18,1;22,5;20,0;0,0;1,6;1,64E0;-541,2;20,00;3,0;3,0;37,82;0,54;0,007;0,0;0,00;0,042
142;12.07.2023;16:52:30;00:02:21;250,0;17,7;19,9;18,1;22,5;20,0;0,0;1,6;1,58E0;-541,2;20,00;3,0;3,0;37,82;0,54;0,004;0,0;0,01;0,039
143;12.07.2023;16:52:31;00:02:22;250,0;17,7;19,9;18,1;22,5;20,0;0,0;1,5;1,51E0;-541,2;20,00;3,0;3,0;37,83;0,54;0,006;0,0;0,00;0,040
144;12.07.2023;16:52:32;00:02:23;250,0;17,7;19,9;18,1;22,5;20,0;0,0;1,5;1,48E0;-541,2;20,00;3,0;3,0;37,83;0,54;0,006;0,0;0,00;0,042
145;12.07.2023;16:52:33;00:02:24;250,0;17,7;19,9;18,1;22,5;20,0;0,0;1,4;1,41E0;-541,2;20,00;3,0;3,0;37,83;0,54;0,005;0,0;0,00;0,043
146;12.07.2023;16:52:34;00:02:25;250,0;17,7;19,9;18,1;22,5;20,0;0,0;1,4;1,38E0;-541,2;20,00;3,0;3,0;37,83;0,54;0,005;0,0;0,00;0,042
147;12.07.2023;16:52:35;00:02:26;250,0;17,7;19,9;18,1;22,5;20,0;0,0;1,3;1,31E0;-541,2;20,00;3,0;3,1;37,83;0,54;0,007;0,0;0,01;0,042
148;12.07.2023;16:52:36;00:02:27;250,0;17,7;19,9;18,1;22,5;20,0;0,0;1,3;1,25E0;-541,2;20,00;3,0;3,0;37,83;0,54;0,008;0,0;0,01;0,042
149;12.07.2023;16:52:37;00:02:28;250,0;17,7;19,9;18,1;22,5;20,0;0,0;1,2;1,22E0;-541,2;20,00;3,0;3,0;37,83;0,54;0,009;0,0;0,00;0,039
150;12.07.2023;16:52:38;00:02:29;250,0;17,7;19,9;18,1;22,5;20,0;0,0;1,2;1,16E0;-541,2;20,00;3,0;3,0;37,83;0,54;0,007;0,0;0,00;0,040
151;12.07.2023;16:52:39;00:02:30;250,0;17,7;19,9;18,1;22,5;20,0;0,0;1,1;1,12E0;-541,2;20,00;3,0;3,0;37,83;0,54;0,007;0,0;0,00;0,039
152;12.07.2023;16:52:40;00:02:31;250,0;17,7;19,9;18,1;22,5;20,0;0,0;1,1;1,10E0;-541,2;20,00;3,0;3,0;37,83;0,54;0,005;0,0;0,00;0,043
153;12.07.2023;16:52:41;00:02:32;250,0;17,7;19,9;18,1;22,5;20,0;0,0;1,1;1,05E0;-541,2;20,00;3,0;3,0;37,83;0,54;0,004;0,0;0,00;0,040
154;12.07.2023;16:52:42;00:02:33;250,0;17,7;19,9;18,1;22,5;20,0;0,0;1,0;1,01E0;-541,2;20,00;3,0;3,0;37,83;0,54;0,005;0,0;0,00;0,042
155;12.07.2023;16:52:43;00:02:34;250,0;17,7;19,9;18,1;22,5;20,0;0,0;1,0;9,92E-1;-541,2;20,00;3,0;3,0;37,83;0,54;0,005;0,0;0,01;0,041
156;12.07.2023;16:52:44;00:02:35;250,0;17,7;19,9;18,1;22,5;20,0;0,0;1,0;9,54E-1;-541,2;20,00;3,0;3,0;37,83;0,54;0,005;0,0;0,00;0,043
157;12.07.2023;16:52:45;00:02:36;250,0;17,7;19,9;18,1;22,5;20,0;0,0;0,9;9,16E-1;-541,2;20,00;3,0;3,0;37,83;0,54;0,006;0,0;0,01;0,044
158;12.07.2023;16:52:46;00:02:37;250,0;17,7;19,9;18,1;22,5;20,0;0,0;0,9;8,98E-1;-541,2;20,00;3,0;3,0;37,83;0,54;0,007;0,0;0,00;0,044
159;12.07.2023;16:52:47;00:02:38;250,0;17,7;19,9;18,1;22,4;20,0;0,0;0,9;8,58E-1;-541,2;20,00;3,0;3,0;37,83;0,54;0,008;0,0;0,00;0,039
160;12.07.2023;16:52:48;00:02:39;250,0;17,7;19,9;18,1;22,4;20,0;0,0;0,8;8,42E-1;-541,2;20,00;3,0;3,0;37,83;0,54;0,010;0,0;0,00;0,043
161;12.07.2023;16:52:49;00:02:40;250,0;17,7;19,9;18,2;22,4;20,0;0,0;0,8;8,07E-1;-541,2;20,00;3,0;3,0;37,83;0,54;0,009;0,0;0,00;0,044
162;12.07.2023;16:52:50;00:02:41;250,0;17,7;19,9;18,2;22,4;20,0;0,0;0,8;7,78E-1;-541,2;20,00;3,0;3,0;37,83;0,54;0,009;0,0;0,01;0,043
163;12.07.2023;16:52:51;00:02:42;250,0;17,7;19,9;18,2;22,4;20,0;0,0;0,8;7,65E-1;-541,2;20,00;3,0;3,0;37,83;0,54;0,007;0,0;0,00;0,044
164;12.07.2023;16:52:52;00:02:43;250,0;17,7;19,9;18,2;22,4;20,0;0,0;0,7;7,40E-1;-541,2;20,00;3,0;2,9;37,83;0,54;0,007;0,0;0,00;0,044
165;12.07.2023;16:52:53;00:02:44;250,0;17,7;19,9;18,2;22,4;20,0;0,0;0,7;7,16E-1;-541,2;20,00;3,0;3,0;37,83;0,54;0,006;0,0;0,00;0,040
166;12.07.2023;16:52:54;00:02:45;250,0;17,7;19,9;18,2;22,4;20,0;0,0;0,7;7,04E-1;-541,2;20,00;3,0;3,0;37,83;0,54;0,007;0,0;0,01;0,044
167;12.07.2023;16:52:55;00:02:46;250,0;17,7;19,9;18,2;22,4;20,0;0,0;0,7;6,82E-1;-541,2;20,00;3,0;3,0;37,83;0,54;0,006;0,0;0,01;0,041
168;12.07.2023;16:52:56;00:02:47;250,0;17,7;19,9;18,2;22,4;20,0;0,0;0,7;6,62E-1;-541,2;20,00;3,0;3,0;37,83;0,54;0,006;0,0;0,00;0,041
169;12.07.2023;16:52:57;00:02:48;250,0;17,8;19,9;18,2;22,4;20,0;0,0;0,7;6,52E-1;-541,2;20,00;3,0;3,0;37,83;0,54;0,003;0,0;0,01;0,042
170;12.07.2023;16:52:58;00:02:49;250,0;17,8;19,9;18,2;22,4;20,0;0,0;0,6;6,32E-1;-541,2;20,00;3,0;3,0;37,83;0,54;0,009;0,0;0,01;0,041
171;12.07.2023;16:52:59;00:02:50;250,0;17,8;19,9;18,2;22,5;20,0;0,0;0,6;6,22E-1;-541,2;20,00;3,0;3,0;37,83;0,54;0,011;0,0;0,00;0,040
172;12.07.2023;16:53:00;00:02:51;250,0;17,8;19,9;18,2;22,5;20,0;0,0;0,6;6,02E-1;-541,2;20,00;3,0;3,0;37,83;0,54;0,006;0,0;0,01;0,043
173;12.07.2023;16:53:01;00:02:52;250,0;17,8;19,9;18,2;22,5;20,0;0,0;0,6;5,84E-1;-541,2;20,00;3,0;3,0;37,83;0,54;0,003;0,0;0,00;0,040
174;12.07.2023;16:53:02;00:02:53;250,0;17,8;19,9;18,2;22,5;20,0;0,0;0,6;5,75E-1;-541,2;20,00;3,0;3,0;37,83;0,54;0,003;0,0;0,01;0,040
175;12.07.2023;16:53:03;00:02:54;250,0;17,8;19,9;18,2;22,5;20,0;0,0;0,6;5,59E-1;-541,2;20,00;3,0;3,0;37,83;0,54;0,002;0,0;0,00;0,044
176;12.07.2023;16:53:04;00:02:55;250,0;17,8;19,9;18,2;22,5;20,0;0,0;0,5;5,43E-1;-541,2;20,00;3,0;3,0;37,83;0,54;0,001;0,0;0,00;0,039
177;12.07.2023;16:53:05;00:02:56;250,0;17,8;19,9;18,2;22,5;20,0;0,0;0,5;5,35E-1;-541,2;20,00;3,0;3,0;37,83;0,54;0,000;0,0;0,01;0,040
178;12.07.2023;16:53:06;00:02:57;250,0;17,7;19,9;18,2;22,4;20,0;0,0;0,5;5,23E-1;-541,2;20,00;3,0;3,0;37,83;0,54;0,001;0,0;0,01;0,039
179;12.07.2023;16:53:07;00:02:58;250,0;17,7;19,9;18,2;22,4;20,0;0,0;0,5;5,12E-1;-541,2;20,00;3,0;3,0;37,83;0,54;0,001;0,0;0,00;0,039
180;12.07.2023;16:53:08;00:02:59;250,0;17,7;19,9;18,2;22,4;20,0;0,0;0,5;5,07E-1;-541,2;20,00;3,0;3,0;37,83;0,54;-0,002;0,0;0,00;0,040
181;12.07.2023;16:53:09;00:03:00;250,0;17,7;19,9;18,2;22,4;20,0;0,0;0,5;4,96E-1;-541,2;20,00;3,0;2,9;37,83;0,54;-0,001;0,0;0,00;0,040
182;12.07.2023;16:53:10;00:03:01;250,0;17,8;19,9;18,2;22,4;20,0;0,0;0,5;4,86E-1;-541,2;20,00;3,0;3,0;37,83;0,54;0,002;0,0;0,00;0,042
183;12.07.2023;16:53:11;00:03:02;250,0;17,8;19,9;18,2;22,4;20,0;0,0;0,5;4,81E-1;-541,2;20,00;3,0;2,9;37,83;0,54;-0,004;0,0;0,00;0,043
184;12.07.2023;16:53:12;00:03:03;250,0;17,8;19,9;18,2;22,4;20,0;0,0;0,5;4,72E-1;-541,2;20,00;3,0;3,0;37,83;0,54;0,005;0,0;0,01;0,040
185;12.07.2023;16:53:13;00:03:04;250,0;17,8;19,9;18,2;22,4;20,0;0,0;0,5;4,67E-1;-541,2;20,00;3,0;3,0;37,83;0,54;0,007;0,0;0,01;0,041
186;12.07.2023;16:53:14;00:03:05;250,0;17,8;19,9;18,2;22,4;20,0;0,0;0,5;4,58E-1;-541,2;20,00;3,0;3,0;37,83;0,54;0,006;0,0;0,01;0,042
187;12.07.2023;16:53:15;00:03:06;250,0;17,8;19,9;18,2;22,4;20,0;0,0;0,4;4,49E-1;-541,2;20,00;3,0;3,0;37,83;0,54;0,003;0,0;0,00;0,044
188;12.07.2023;16:53:16;00:03:07;250,0;17,8;19,9;18,2;22,4;20,0;0,0;0,4;4,45E-1;-541,2;20,00;3,0;3,0;37,83;0,54;0,003;0,0;0,00;0,041
189;12.07.2023;16:53:17;00:03:08;250,0;17,8;19,9;18,2;22,4;20,0;0,0;0,4;4,38E-1;-541,2;20,00;3,0;3,0;37,83;0,54;0,000;0,0;0,00;0,040
190;12.07.2023;16:53:18;00:03:09;250,0;17,8;19,9;18,2;22,4;20,0;0,0;0,4;4,30E-1;-541,2;20,00;3,0;3,0;37,83;0,54;0,002;0,0;0,00;0,044
191;12.07.2023;16:53:19;00:03:10;250,0;17,8;19,9;18,2;22,4;20,0;0,0;0,4;4,26E-1;-541,2;20,00;3,0;3,0;37,83;0,54;0,003;0,0;0,01;0,040
192;12.07.2023;16:53:20;00:03:11;250,0;17,8;19,9;18,2;22,4;20,0;0,0;0,4;4,19E-1;-541,2;20,00;3,0;3,0;37,83;0,54;0,004;0,0;0,01;0,043
193;12.07.2023;16:53:21;00:03:12;250,0;17,8;19,9;18,2;22,4;20,0;0,0;0,4;4,11E-1;-541,2;20,00;3,0;3,0;37,83;0,54;0,005;0,0;0,00;0,044
194;12.07.2023;16:53:22;00:03:13;250,0;17,8;19,9;18,2;22,4;20,0;0,0;0,4;4,08E-1;-541,2;20,00;3,0;3,0;37,83;0,54;0,005;0,0;0,01;0,040
195;12.07.2023;16:53:23;00:03:14;250,0;17,8;19,9;18,2;22,4;20,0;0,0;0,4;4,01E-1;-541,2;20,00;3,0;3,0;37,83;0,54;0,003;0,0;0,01;0,044
196;12.07.2023;16:53:24;00:03:15;250,0;17,8;19,9;18,2;22,4;21,1;65,0;0,4;3,95E-1;-541,2;20,00;3,0;3,0;37,83;0,54;0,001;0,0;0,00;0,044
197;12.07.2023;16:53:25;00:03:16;250,0;17,8;19,9;18,2;22,4;22,2;65,0;0,4;3,92E-1;-541,2;20,00;3,0;3,0;37,83;0,54;0,002;0,0;0,00;0,042
198;12.07.2023;16:53:26;00:03:17;250,0;17,6;19,7;18,1;22,3;24,5;65,0;0,4;3,86E-1;-541,2;20,00;3,0;3,0;37,83;0,54;0,003;0,0;0,01;0,041
199;12.07.2023;16:53:27;00:03:18;250,0;17,6;19,7;18,1;22,3;25,6;65,0;0,4;3,83E-1;-541,2;20,00;3,0;3,0;37,83;0,54;0,004;0,0;0,00;0,043
200;12.07.2023;16:53:28;00:03:19;250,0;17,6;19,7;18,1;22,2;27,8;65,0;0,4;3,77E-1;-541,2;20,00;3,0;3,0;37,83;0,54;0,005;0,0;0,00;0,043
201;12.07.2023;16:53:29;00:03:20;250,0;17,6;19,7;18,1;22,3;30,1;65,0;0,4;3,72E-1;-541,2;20,00;3,0;2,9;37,83;0,54;0,003;0,0;0,00;0,040
202;12.07.2023;16:53:30;00:03:21;250,0;17,6;19,7;18,1;22,3;31,2;65,0;0,4;3,69E-1;-541,2;20,00;3,0;3,0;37,83;0,54;0,001;0,0;0,01;0,042
203;12.07.2023;16:53:31;00:03:22;250,0;17,6;19,7;18,1;22,3;33,6;65,0;0,4;3,64E-1;-541,2;20,00;3,0;3,0;37,83;0,54;0,004;0,0;0,00;0,043
204;12.07.2023;16:53:32;00:03:23;250,0;17,6;19,7;18,1;22,3;35,9;65,0;0,4;3,60E-1;-541,2;20,00;3,0;3,0;37,83;0,54;0,003;0,0;0,00;0,042
205;12.07.2023;16:53:33;00:03:24;250,0;17,6;19,7;18,1;22,3;37,0;65,0;0,4;3,58E-1;-541,2;20,00;3,0;3,0;37,83;0,54;0,005;0,0;0,00;0,044
206;12.07.2023;16:53:34;00:03:25;250,0;17,6;19,8;18,1;22,3;39,2;65,0;0,4;3,54E-1;-541,2;20,00;3,0;2,9;37,83;0,54;0,002;0,0;0,00;0,042
207;12.07.2023;16:53:35;00:03:26;250,0;17,6;19,8;18,1;22,3;41,5;65,0;0,4;3,51E-1;-541,2;20,00;3,0;3,0;37,83;0,54;0,002;0,0;0,00;0,041
208;12.07.2023;16:53:36;00:03:27;250,0;17,6;19,8;18,1;22,3;42,6;65,0;0,3;3,49E-1;-541,2;20,00;3,0;3,0;37,83;0,54;0,003;0,0;0,00;0,042
209;12.07.2023;16:53:37;00:03:28;250,0;17,7;19,8;18,1;22,3;45,0;65,0;0,3;3,45E-1;-541,2;20,00;3,0;3,0;37,83;0,54;0,006;0,0;0,00;0,044
210;12.07.2023;16:53:38;00:03:29;250,0;17,7;19,8;18,1;22,3;46,1;65,0;0,3;3,43E-1;-541,2;20,00;3,0;3,0;37,83;0,54;0,007;0,0;0,01;0,042
211;12.07.2023;16:53:39;00:03:30;250,0;17,7;19,8;18,2;22,3;48,4;65,0;0,3;3,40E-1;-541,2;20,00;3,0;3,0;37,83;0,54;0,000;0,0;0,00;0,043
212;12.07.2023;16:53:40;00:03:31;250,0;17,7;19,8;18,2;22,3;50,6;65,0;0,3;3,36E-1;-541,2;20,00;3,0;3,0;37,83;0,54;0,002;0,0;0,01;0,043
213;12.07.2023;16:53:41;00:03:32;250,0;17,7;19,8;18,2;22,3;51,7;65,0;0,3;3,34E-1;-541,2;20,00;3,0;3,0;37,83;0,54;0,001;0,0;0,00;0,042
214;12.07.2023;16:53:42;00:03:33;250,0;17,7;19,8;18,2;22,3;54,0;65,0;0,3;3,31E-1;-541,2;20,00;3,0;3,0;37,83;0,54;0,000;0,0;0,00;0,043
215;12.07.2023;16:53:43;00:03:34;250,0;17,7;19,8;18,2;22,3;56,4;65,0;0,3;3,28E-1;-541,2;20,00;3,0;3,0;37,83;0,54;-0,005;0,0;0,01;0,044
216;12.07.2023;16:53:44;00:03:35;250,0;17,7;19,8;18,2;22,3;57,5;65,0;0,3;3,26E-1;-541,2;20,00;3,0;3,0;37,83;0,54;-0,003;0,0;0,01;0,043
217;12.07.2023;16:53:45;00:03:36;250,0;17,7;19,8;18,2;22,3;59,8;65,0;0,3;3,24E-1;-541,2;20,00;3,0;3,0;37,83;0,54;0,000;0,0;0,00;0,042
218;12.07.2023;16:53:46;00:03:37;250,0;17,7;19,7;18,1;22,2;62,0;65,0;0,3;3,21E-1;-541,2;20,00;3,0;3,0;37,83;0,54;0,002;0,0;0,00;0,041
219;12.07.2023;16:53:47;00:03:38;250,0;17,7;19,7;18,1;22,2;63,1;65,0;0,3;3,20E-1;-541,2;20,00;3,0;3,0;37,83;0,54;0,001;0,0;0,00;0,043
220;12.07.2023;16:53:48;00:03:39;250,0;17,7;19,7;18,1;22,2;65,4;65,0;0,3;3,17E-1;-541,2;20,00;3,0;3,0;37,83;0,54;0,002;0,0;0,01;0,040
221;12.07.2023;16:53:49;00:03:40;250,0;17,6;19,7;18,1;22,3;67,8;65,0;0,3;3,14E-1;-541,2;20,00;3,0;3,0;37,83;0,54;0,001;0,0;0,00;0,040
222;12.07.2023;16:53:50;00:03:41;250,0;17,6;19,7;18,1;22,3;68,9;65,0;0,3;3,13E-1;-541,2;20,00;3,0;3,0;37,83;0,54;-0,001;0,0;0,00;0,039
223;12.07.2023;16:53:51;00:03:42;250,0;17,7;19,7;18,1;22,2;71,1;65,0;0,3;3,10E-1;-541,2;20,00;3,0;3,0;37,83;0,54;0,002;0,0;0,00;0,043
224;12.07.2023;16:53:52;00:03:43;250,0;17,7;19,8;18,1;22,2;72,3;65,0;0,3;3,09E-1;-541,2;20,00;3,0;3,0;37,83;0,54;-0,001;0,0;0,00;0,044
225;12.07.2023;16:53:53;00:03:44;250,0;17,7;19,8;18,2;22,3;74,5;65,0;0,3;3,06E-1;-541,2;20,00;3,0;3,0;37,83;0,54;-0,004;0,0;0,00;0,041
226;12.07.2023;16:53:54;00:03:45;250,0;17,7;19,8;18,2;22,3;76,7;65,0;0,3;3,04E-1;-541,2;20,00;3,0;2,9;37,83;0,54;-0,004;0,0;0,00;0,042
227;12.07.2023;16:53:55;00:03:46;250,0;17,7;19,8;18,2;22,3;78,1;65,0;0,3;3,03E-1;-541,2;20,00;3,0;3,0;37,83;0,54;-0,003;0,0;0,00;0,044
228;12.07.2023;16:53:56;00:03:47;250,0;17,7;19,8;18,2;22,3;80,3;65,0;0,3;3,00E-1;-541,2;20,00;3,0;3,0;37,83;0,54;0,001;0,0;0,00;0,042
229;12.07.2023;16:53:57;00:03:48;250,0;17,7;19,8;18,2;22,3;82,5;65,0;0,3;2,98E-1;-541,2;20,00;3,0;3,0;37,83;0,54;0,003;0,0;0,00;0,044
230;12.07.2023;16:53:58;00:03:49;250,0;17,7;19,8;18,2;22,3;83,7;65,0;0,3;2,97E-1;-541,2;20,00;3,0;3,0;37,83;0,54;0,002;0,0;0,01;0,042
231;12.07.2023;16:53:59;00:03:50;250,0;17,7;19,8;18,2;22,3;85,9;65,0;0,3;2,94E-1;-541,2;20,00;3,0;3,0;37,83;0,54;0,001;0,0;0,01;0,044
232;12.07.2023;16:54:00;00:03:51;250,0;17,7;19,8;18,2;22,3;88,1;65,0;0,3;2,92E-1;-541,2;20,00;3,0;3,0;37,83;0,54;0,001;0,0;0,00;0,043
233;12.07.2023;16:54:01;00:03:52;250,0;17,7;19,8;18,2;22,3;89,4;65,0;0,3;2,92E-1;-541,2;20,00;3,0;3,0;37,83;0,54;0,000;0,0;0,00;0,043
234;12.07.2023;16:54:02;00:03:53;250,0;17,7;19,8;18,2;22,3;91,7;65,0;0,3;2,90E-1;-541,2;20,00;3,0;3,0;37,83;0,54;0,005;0,0;0,00;0,039
235;12.07.2023;16:54:03;00:03:54;250,0;17,7;19,8;18,2;22,3;93,9;65,0;0,3;2,88E-1;-541,2;20,00;3,0;3,0;37,83;0,54;0,004;0,0;0,00;0,043
236;12.07.2023;16:54:04;00:03:55;250,0;17,7;19,8;18,2;22,3;95,0;65,0;0,3;2,87E-1;-541,2;20,00;3,0;3,0;37,83;0,54;0,003;0,0;0,00;0,044
237;12.07.2023;16:54:05;00:03:56;250,0;17,7;19,8;18,2;22,3;97,3;65,0;0,3;2,85E-1;-541,2;20,00;3,0;3,0;37,83;0,54;0,004;0,0;0,00;0,042
238;12.07.2023;16:54:06;00:03:57;250,0;17,6;19,8;18,2;22,2;98,4;65,0;0,3;2,84E-1;-541,2;20,00;3,0;3,0;37,83;0,54;0,002;0,0;0,01;0,042
239;12.07.2023;16:54:07;00:03:58;250,0;17,6;19,7;18,1;22,2;100,8;65,0;0,3;2,82E-1;-541,2;20,00;3,0;3,0;37,83;0,54;0,002;0,0;0,00;0,042
240;12.07.2023;16:54:08;00:03:59;250,0;17,6;19,7;18,1;22,2;103,1;65,0;0,3;2,80E-1;-541,2;20,00;3,0;3,0;37,83;0,54;0,003;0,0;0,01;0,044
241;12.07.2023;16:54:09;00:04:00;250,0;17,6;19,7;18,1;22,2;104,2;65,0;0,3;2,79E-1;-541,2;20,00;3,0;3,0;37,83;0,54;0,003;0,0;0,00;0,040
242;12.07.2023;16:54:10;00:04:01;250,0;17,6;19,7;18,1;22,2;106,4;65,0;0,3;2,77E-1;-541,2;20,00;3,0;3,0;37,83;0,54;0,002;0,0;0,01;0,043
243;12.07.2023;16:54:11;00:04:02;250,0;17,7;19,7;18,2;22,2;108,7;65,0;0,3;2,75E-1;-541,2;20,00;3,0;3,0;37,83;0,54;0,002;0,0;0,01;0,043
244;12.07.2023;16:54:12;00:04:03;250,0;17,7;19,7;18,2;22,2;109,8;65,0;0,3;2,74E-1;-541,2;20,00;3,0;3,0;37,83;0,54;0,005;0,0;0,00;0,044
245;12.07.2023;16:54:13;00:04:04;250,0;17,7;19,7;18,2;22,2;112,2;65,0;0,3;2,73E-1;-541,2;20,00;3,0;3,0;37,83;0,54;0,004;0,0;0,01;0,044
246;12.07.2023;16:54:14;00:04:05;250,0;17,7;19,7;18,2;22,2;114,5;65,0;0,3;2,71E-1;-541,2;20,00;3,0;3,0;37,83;0,54;0,002;0,0;0,01;0,043
247;12.07.2023;16:54:15;00:04:06;250,0;17,7;19,7;18,2;22,2;115,6;65,0;0,3;2,70E-1;-541,2;20,00;3,0;3,0;37,83;0,54;0,004;0,0;0,00;0,040
248;12.07.2023;16:54:16;00:04:07;250,0;17,7;19,8;18,2;22,2;117,8;65,0;0,3;2,68E-1;-541,2;20,00;3,0;3,0;37,83;0,54;0,000;0,0;0,01;0,043
249;12.07.2023;16:54:17;00:04:08;250,0;17,7;19,8;18,2;22,2;118,9;65,0;0,3;2,67E-1;-541,2;20,00;3,0;3,0;37,83;0,54;-0,002;0,0;0,01;0,040
250;12.07.2023;16:54:18;00:04:09;250,0;17,7;19,8;18,2;22,2;121,2;65,0;0,3;2,66E-1;-541,2;20,00;3,0;3,0;37,83;0,54;-0,001;0,0;0,00;0,043
251;12.07.2023;16:54:19;00:04:10;250,0;17,7;19,8;18,2;22,2;123,6;65,0;0,3;2,64E-1;-541,2;20,00;3,0;3,0;37,83;0,54;-0,001;0,0;0,00;0,042
252;12.07.2023;16:54:20;00:04:11;250,0;17,7;19,8;18,2;22,2;124,7;65,0;0,3;2,63E-1;-541,2;20,00;3,0;3,0;37,83;0,54;-0,004;0,0;0,00;0,042
253;12.07.2023;16:54:21;00:04:12;250,0;17,7;19,8;18,2;22,2;127,0;65,0;0,3;2,62E-1;-541,2;20,00;3,0;3,0;37,83;0,54;-0,004;0,0;0,00;0,039
254;12.07.2023;16:54:22;00:04:13;250,0;17,7;19,8;18,2;22,2;129,2;65,0;0,3;2,60E-1;-541,2;20,00;3,0;3,0;37,83;0,54;-0,006;0,0;0,00;0,043
255;12.07.2023;16:54:23;00:04:14;250,0;17,7;19,8;18,2;22,2;130,3;65,0;0,3;2,59E-1;-541,2;20,00;3,0;3,0;37,83;0,54;-0,002;0,0;0,00;0,043
256;12.07.2023;16:54:24;00:04:15;250,0;17,7;19,8;18,2;22,2;132,6;65,0;0,3;2,58E-1;-541,2;20,00;3,0;2,9;37,83;0,54;-0,003;0,0;0,00;0,040
257;12.07.2023;16:54:25;00:04:16;250,0;17,7;19,8;18,2;22,2;135,0;65,0;0,3;2,57E-1;-541,2;20,00;3,0;3,0;37,83;0,54;0,002;0,0;0,00;0,044
258;12.07.2023;16:54:26;00:04:17;250,0;17,7;19,8;18,2;22,2;136,1;65,0;0,3;2,56E-1;-541,2;20,00;3,0;3,0;37,83;0,54;-0,001;0,0;0,00;0,042
259;12.07.2023;16:54:27;00:04:18;250,0;17,7;19,8;18,2;22,2;138,3;65,0;0,3;2,55E-1;-541,2;20,00;3,0;3,0;37,83;0,54;0,000;0,0;0,00;0,039
260;12.07.2023;16:54:28;00:04:19;250,0;17,7;19,8;18,2;22,2;140,6;65,0;0,3;2,54E-1;-541,2;20,00;3,0;3,0;37,83;0,54;-0,002;0,0;0,00;0,042
261;12.07.2023;16:54:29;00:04:20;250,0;17,7;19,8;18,2;22,2;141,7;65,0;0,3;2,53E-1;-541,2;20,00;3,0;3,0;37,83;0,54;-0,001;0,0;0,00;0,043
262;12.07.2023;16:54:30;00:04:21;250,0;17,7;19,8;18,2;22,2;143,9;65,0;0,3;2,52E-1;-541,2;20,00;3,0;3,0;37,83;0,54;-0,001;0,0;0,00;0,044
263;12.07.2023;16:54:31;00:04:22;250,0;17,7;19,8;18,2;22,2;145,1;65,0;0,3;2,51E-1;-541,2;20,00;3,0;3,0;37,83;0,54;-0,001;0,0;0,00;0,041
264;12.07.2023;16:54:32;00:04:23;250,0;17,7;19,8;18,2;22,2;147,5;65,0;0,2;2,49E-1;-541,2;20,00;3,0;3,0;37,83;0,54;-0,001;0,0;0,00;0,044
265;12.07.2023;16:54:33;00:04:24;250,0;17,7;19,8;18,2;22,2;149,7;65,0;0,2;2,48E-1;-541,2;20,00;3,0;3,0;37,83;0,54;0,000;0,0;0,00;0,042
266;12.07.2023;16:54:34;00:04:25;250,0;17,7;19,8;18,2;22,2;150,9;65,0;0,2;2,48E-1;-541,2;20,00;3,0;2,9;37,83;0,54;0,001;0,0;0,00;0,043
267;12.07.2023;16:54:35;00:04:26;250,0;17,7;19,8;18,2;22,2;153,1;65,0;0,2;2,47E-1;-541,2;20,00;3,0;3,0;37,83;0,54;-0,001;0,0;0,00;0,040
268;12.07.2023;16:54:36;00:04:27;250,0;17,7;19,8;18,2;22,2;155,3;65,0;0,2;2,45E-1;-541,2;20,00;3,0;3,1;37,83;0,54;0,005;0,0;0,01;0,042
269;12.07.2023;16:54:37;00:04:28;250,0;17,7;19,8;18,2;22,2;156,5;65,0;0,2;2,45E-1;-541,2;20,00;3,0;3,1;37,83;0,54;0,005;0,0;0,00;0,042
270;12.07.2023;16:54:38;00:04:29;250,0;17,7;19,8;18,3;22,2;158,9;65,0;0,2;2,44E-1;-541,2;20,00;3,0;3,0;37,83;0,55;0,001;0,0;0,01;0,042
271;12.07.2023;16:54:39;00:04:30;250,0;17,7;19,8;18,3;22,2;161,1;65,0;0,2;2,43E-1;-541,2;20,00;3,0;3,0;37,83;0,54;0,004;0,0;0,01;0,042
272;12.07.2023;16:54:40;00:04:31;250,0;17,7;19,8;18,3;22,2;162,2;65,0;0,2;2,42E-1;-541,2;20,00;3,0;3,0;37,83;0,54;0,004;0,0;0,00;0,044
273;12.07.2023;16:54:41;00:04:32;250,0;17,7;19,8;18,3;22,2;164,5;65,0;0,2;2,41E-1;-541,2;20,00;3,0;3,0;37,83;0,54;0,000;0,0;0,01;0,043
274;12.07.2023;16:54:42;00:04:33;250,0;17,8;19,8;18,3;22,2;166,7;65,0;0,2;2,40E-1;-541,2;20,00;3,0;3,0;37,83;0,54;-0,001;0,0;0,00;0,041
275;12.07.2023;16:54:43;00:04:34;250,0;17,8;19,8;18,3;22,2;167,8;65,0;0,2;2,40E-1;-541,2;20,00;3,0;3,0;37,83;0,54;0,003;0,0;0,01;0,044
276;12.07.2023;16:54:44;00:04:35;250,0;17,8;19,8;18,3;22,2;170,3;65,0;0,2;2,39E-1;-541,2;20,00;3,0;3,1;37,83;0,54;0,005;0,1;4,43;0,273
277;12.07.2023;16:54:45;00:04:36;250,0;17,8;19,8;18,3;22,2;171,4;65,0;0,2;2,39E-1;-541,2;20,00;3,0;3,1;37,84;0,55;0,045;4,1;7,18;0,587
278;12.07.2023;16:54:46;00:04:37;250,0;17,7;19,8;18,2;22,2;173,6;65,0;0,2;2,39E-1;-541,2;20,00;3,0;3,1;37,84;0,55;0,109;4,6;7,08;0,648
279;12.07.2023;16:54:47;00:04:38;250,1;19,4;19,8;18,2;22,3;175,9;65,0;0,2;2,40E-1;-541,2;20,00;3,0;3,0;37,84;0,55;0,106;4,7;6,95;0,674
280;12.07.2023;16:54:48;00:04:39;250,1;19,4;19,8;18,2;22,3;177,0;65,0;0,2;2,40E-1;-541,2;20,00;3,0;3,0;37,84;0,56;0,097;4,8;6,99;0,684
281;12.07.2023;16:54:49;00:04:40;250,1;27,7;19,9;18,2;22,5;179,2;65,0;0,2;2,41E-1;-541,2;20,00;3,0;3,0;37,84;0,56;0,074;4,9;6,96;0,703
282;12.07.2023;16:54:50;00:04:41;250,0;27,7;20,1;18,3;22,5;181,7;65,0;0,2;2,42E-1;-541,2;20,00;3,0;3,0;37,84;0,55;0,056;4,9;6,91;0,717
283;12.07.2023;16:54:51;00:04:42;250,0;27,7;20,1;18,3;22,5;182,8;65,0;0,2;2,42E-1;-541,2;20,00;3,0;3,0;37,84;0,55;0,042;5,0;6,90;0,723
284;12.07.2023;16:54:52;00:04:43;250,0;43,8;20,1;18,3;22,8;185,0;65,0;0,2;2,43E-1;-541,2;20,00;3,0;3,0;37,84;0,55;0,025;5,1;6,90;0,733
285;12.07.2023;16:54:53;00:04:44;250,3;68,6;20,4;18,3;23,1;187,3;65,0;0,2;2,44E-1;-541,2;20,00;3,0;3,1;37,84;0,56;0,015;5,1;6,91;0,742
286;12.07.2023;16:54:54;00:04:45;250,1;68,6;20,4;18,3;23,1;188,4;65,0;0,2;2,44E-1;-541,2;20,00;3,0;2,9;37,84;0,55;0,015;5,1;6,87;0,748
287;12.07.2023;16:54:55;00:04:46;250,1;100,7;21,0;18,5;23,4;190,6;65,0;0,2;2,44E-1;-541,2;20,00;3,0;3,0;37,84;0,55;0,000;5,2;6,88;0,755
288;12.07.2023;16:54:56;00:04:47;250,1;100,7;21,6;18,5;23,4;191,9;65,0;0,2;2,44E-1;-541,2;20,00;3,0;3,0;37,84;0,55;0,002;5,2;6,86;0,762
289;12.07.2023;16:54:57;00:04:48;250,0;135,4;21,6;18,7;23,5;194,2;65,0;0,2;2,44E-1;-541,2;20,00;3,0;3,0;37,84;0,55;0,000;5,3;6,85;0,767
290;12.07.2023;16:54:58;00:04:49;250,0;171,2;22,4;18,9;23,5;196,4;65,0;0,2;2,43E-1;-541,2;20,00;3,0;2,9;37,84;0,55;-0,012;5,3;6,85;0,777
291;12.07.2023;16:54:59;00:04:50;250,0;171,2;22,4;18,9;23,5;197,5;65,0;0,2;2,44E-1;-541,2;20,00;3,0;3,0;37,84;0,55;-0,007;5,3;6,83;0,781
292;12.07.2023;16:55:00;00:04:51;250,0;171,2;23,3;18,9;23,5;199,8;65,0;0,2;2,43E-1;-541,2;20,00;3,0;3,0;37,84;0,55;-0,015;5,4;6,85;0,786
293;12.07.2023;16:55:01;00:04:52;250,3;206,2;23,3;19,3;23,6;202,0;65,0;0,2;2,43E-1;-541,2;20,00;3,0;3,0;37,84;0,55;-0,018;5,4;6,83;0,791
294;12.07.2023;16:55:02;00:04:53;250,0;206,2;23,3;19,3;23,6;203,3;65,0;0,2;2,43E-1;-541,2;20,00;3,0;3,0;37,84;0,55;-0,017;5,4;6,86;0,794
295;12.07.2023;16:55:03;00:04:54;250,0;239,9;24,2;19,8;23,6;205,5;65,0;0,2;2,43E-1;-541,2;20,00;3,0;3,0;37,84;0,55;-0,021;5,5;6,84;0,796
296;12.07.2023;16:55:04;00:04:55;250,0;239,9;25,1;20,3;23,6;207,8;65,0;0,2;2,42E-1;-541,2;20,00;3,0;3,0;37,84;0,55;-0,018;5,4;6,80;0,801
297;12.07.2023;16:55:05;00:04:56;250,0;272,1;25,1;20,3;23,6;208,9;65,0;0,2;2,42E-1;-541,2;20,00;3,0;3,0;37,84;0,55;-0,017;5,5;6,82;0,803
298;12.07.2023;16:55:06;00:04:57;250,1;272,1;26,1;20,9;23,6;211,1;65,0;0,2;2,42E-1;-541,2;20,00;3,0;3,0;37,84;0,55;-0,008;5,5;6,80;0,806
299;12.07.2023;16:55:07;00:04:58;250,2;305,3;26,1;20,9;23,6;213,4;65,0;0,2;2,41E-1;-541,2;20,00;3,0;3,0;37,84;0,55;-0,006;5,5;6,80;0,811
300;12.07.2023;16:55:08;00:04:59;250,1;305,3;26,1;20,9;23,6;214,7;65,0;0,2;2,41E-1;-541,2;20,00;3,0;3,0;37,84;0,55;-0,002;5,5;6,83;0,811
301;12.07.2023;16:55:09;00:05:00;250,0;337,4;27,1;21,7;23,7;301,4;61,9;0,2;2,41E-1;-541,2;20,00;3,0;3,0;37,84;0,55;0,005;5,5;6,74;0,801
302;12.07.2023;16:55:10;00:05:01;250,1;337,4;27,1;21,7;23,7;302,3;61,8;0,2;2,41E-1;-541,2;20,00;3,0;3,0;37,84;0,55;0,004;5,3;6,72;0,786
303;12.07.2023;16:55:11;00:05:02;250,0;368,7;28,1;22,5;23,7;304,0;59,2;0,2;2,40E-1;-541,2;20,00;3,0;2,9;37,84;0,56;0,022;5,1;6,56;0,770
304;12.07.2023;16:55:12;00:05:03;250,0;368,7;28,1;22,5;23,7;305,7;59,2;0,2;2,40E-1;-541,2;20,00;3,0;3,0;37,85;0,56;0,048;5,0;6,57;0,765
305;12.07.2023;16:55:13;00:05:04;250,0;399,0;29,1;23,4;23,8;306,5;57,9;0,2;2,40E-1;-541,2;20,00;3,0;3,0;37,85;0,57;0,103;5,0;6,55;0,767
306;12.07.2023;16:55:14;00:05:05;250,0;399,0;30,1;23,4;23,8;308,4;56,7;0,2;2,39E-1;-541,2;20,00;3,0;3,0;37,91;0,62;0,454;4,8;6,41;0,747
307;12.07.2023;16:55:15;00:05:06;250,0;426,0;30,1;24,3;23,8;310,1;54,3;0,2;2,39E-1;-541,2;20,00;3,0;3,0;37,97;0,68;1,062;4,6;6,34;0,727
308;12.07.2023;16:55:16;00:05:07;250,0;426,0;30,9;24,3;23,8;310,9;54,3;0,2;2,39E-1;-541,2;20,00;3,0;3,0;38,01;0,72;1,405;4,6;6,31;0,728
309;12.07.2023;16:55:17;00:05:08;250,0;451,9;30,9;25,2;23,9;312,6;52,2;0,2;2,38E-1;-541,2;20,00;3,0;3,0;38,09;0,80;2,109;4,6;6,30;0,723
310;12.07.2023;16:55:18;00:05:09;250,0;476,4;31,8;26,1;23,9;314,3;52,1;0,2;2,37E-1;-541,2;20,00;3,0;3,0;38,19;0,89;2,776;4,4;6,18;0,708
311;12.07.2023;16:55:19;00:05:10;250,0;476,4;31,8;26,1;23,9;315,2;50,0;0,2;2,37E-1;-541,2;20,00;3,0;3,0;38,24;0,94;3,089;4,3;6,11;0,697
312;12.07.2023;16:55:20;00:05:11;250,1;476,4;32,6;27,0;23,9;317,0;50,0;0,2;2,36E-1;-541,2;20,00;3,0;3,0;38,36;1,06;3,802;4,2;6,08;0,690
313;12.07.2023;16:55:21;00:05:12;250,1;499,4;32,6;27,0;24,0;318,7;47,9;0,2;2,35E-1;-541,2;20,00;3,0;3,0;38,48;1,18;4,423;4,1;6,02;0,676
314;12.07.2023;16:55:22;00:05:13;250,2;499,4;32,6;27,0;24,0;319,5;47,9;0,2;2,35E-1;-541,2;20,00;3,0;3,0;38,54;1,24;4,696;4,0;5,95;0,672
315;12.07.2023;16:55:23;00:05:14;250,1;520,7;33,3;27,9;24,0;321,2;46,0;0,2;2,34E-1;-541,2;20,00;3,0;3,0;38,67;1,37;5,244;3,9;5,89;0,656
316;12.07.2023;16:55:24;00:05:15;250,1;520,7;34,0;28,8;24,0;322,1;46,0;0,2;2,33E-1;-541,2;20,00;3,0;2,9;38,74;1,44;5,500;3,9;5,92;0,654
317;12.07.2023;16:55:25;00:05:16;250,1;540,5;34,0;28,8;24,0;323,8;44,2;0,2;2,32E-1;-541,2;20,00;3,0;3,0;38,88;1,58;5,941;3,7;5,77;0,640
318;12.07.2023;16:55:26;00:05:17;250,2;540,4;34,5;29,7;23,9;325,6;44,1;0,2;2,31E-1;-541,2;20,00;3,0;3,0;39,04;1,73;6,333;3,7;5,78;0,639
319;12.07.2023;16:55:27;00:05:18;250,2;540,4;34,5;29,7;23,9;326,5;44,1;0,2;2,30E-1;-541,2;20,00;3,0;3,0;39,11;1,81;6,487;3,7;5,81;0,639
320;12.07.2023;16:55:28;00:05:19;250,1;559,6;34,5;29,7;23,9;328,2;42,4;0,2;2,29E-1;-541,2;20,00;3,0;3,0;39,24;1,95;6,689;3,6;5,71;0,625
321;12.07.2023;16:55:29;00:05:20;250,2;577,2;35,1;30,6;24,0;329,9;40,8;0,2;2,28E-1;-541,2;20,00;3,0;3,0;39,39;2,08;6,799;3,5;5,63;0,614
322;12.07.2023;16:55:30;00:05:21;250,1;577,2;35,1;30,6;24,0;330,7;40,7;0,2;2,28E-1;-541,2;20,00;3,0;3,0;39,45;2,16;6,829;3,4;5,57;0,609
323;12.07.2023;16:55:31;00:05:22;250,3;593,3;35,6;31,5;24,0;332,4;39,2;0,2;2,27E-1;-541,2;20,00;3,0;3,0;39,60;2,30;6,912;3,3;5,52;0,596
324;12.07.2023;16:55:32;00:05:23;250,2;593,3;36,1;31,5;24,0;334,3;39,1;0,2;2,25E-1;-541,2;20,00;3,0;3,0;39,74;2,44;6,887;3,3;5,51;0,595
325;12.07.2023;16:55:33;00:05:24;250,0;608,0;36,1;32,3;24,0;335,1;37,9;0,2;2,24E-1;-541,2;20,00;3,0;3,0;39,79;2,50;6,845;3,3;5,51;0,592
326;12.07.2023;16:55:34;00:05:25;250,2;608,0;36,5;33,1;24,0;336,8;37,7;0,2;2,23E-1;-541,2;20,00;3,0;3,0;39,91;2,61;6,625;3,2;5,43;0,581
327;12.07.2023;16:55:35;00:05:26;250,0;608,0;36,5;33,1;24,0;337,7;37,6;0,2;2,23E-1;-541,2;20,00;3,0;3,0;39,96;2,67;6,467;3,1;5,44;0,579
328;12.07.2023;16:55:36;00:05:27;250,0;620,6;36,5;33,1;24,0;339,4;36,4;0,2;2,21E-1;-541,2;20,00;3,0;3,0;40,06;2,77;6,145;3,0;5,36;0,569
329;12.07.2023;16:55:37;00:05:28;250,3;632,0;36,8;33,8;24,1;341,1;35,3;0,2;2,20E-1;-541,2;20,00;3,0;3,0;40,16;2,87;5,796;3,1;5,38;0,571
330;12.07.2023;16:55:38;00:05:29;250,3;632,0;36,8;33,8;24,1;341,9;35,2;0,2;2,19E-1;-541,2;20,00;3,0;3,0;40,21;2,91;5,622;2,9;5,30;0,557
331;12.07.2023;16:55:39;00:05:30;250,0;642,1;37,1;34,5;24,1;343,8;34,2;0,2;2,18E-1;-541,2;20,00;3,0;3,0;40,31;3,01;5,273;2,9;5,24;0,548
332;12.07.2023;16:55:40;00:05:31;250,1;642,1;37,3;34,5;24,1;345,5;34,1;0,2;2,17E-1;-541,2;20,00;3,0;3,0;40,39;3,09;4,992;2,9;5,21;0,547
333;12.07.2023;16:55:41;00:05:32;250,0;651,1;37,3;35,2;24,1;346,3;33,5;0,2;2,16E-1;-541,2;20,00;3,0;2,9;40,43;3,13;4,858;2,9;5,23;0,547
334;12.07.2023;16:55:42;00:05:33;250,1;651,1;37,5;35,2;24,1;348,0;33,1;0,2;2,15E-1;-541,2;20,00;3,0;3,1;40,51;3,22;4,622;2,8;5,16;0,537
335;12.07.2023;16:55:43;00:05:34;250,1;658,7;37,5;35,8;24,1;349,7;32,3;0,2;2,14E-1;-541,2;20,00;3,0;3,0;40,58;3,29;4,398;2,7;5,13;0,529
336;12.07.2023;16:55:44;00:05:35;250,2;658,7;37,7;35,8;24,1;350,6;32,3;0,2;2,13E-1;-541,2;20,00;3,0;3,0;40,62;3,33;4,289;2,7;5,09;0,527
337;12.07.2023;16:55:45;00:05:36;250,0;665,4;37,7;36,3;24,2;352,4;31,6;0,2;2,12E-1;-541,2;20,00;3,0;3,0;40,70;3,41;4,071;2,7;5,11;0,524
338;12.07.2023;16:55:46;00:05:37;250,0;665,4;37,7;36,2;24,1;354,1;31,4;0,2;2,11E-1;-541,2;20,00;3,0;3,0;40,77;3,47;3,878;2,6;5,08;0,518
339;12.07.2023;16:55:47;00:05:38;250,1;665,4;37,7;36,7;24,1;355,0;31,4;0,2;2,10E-1;-541,2;20,00;3,0;3,0;40,79;3,51;3,771;2,6;5,07;0,519
340;12.07.2023;16:55:48;00:05:39;250,0;671,5;37,7;36,7;24,1;356,7;30,7;0,2;2,09E-1;-541,2;20,00;3,0;3,0;40,86;3,56;3,557;2,6;5,00;0,513
341;12.07.2023;16:55:49;00:05:40;250,0;676,9;37,8;37,2;24,1;357,5;30,4;0,2;2,08E-1;-541,2;20,00;3,0;3,1;40,88;3,59;3,460;2,6;5,04;0,510
342;12.07.2023;16:55:50;00:05:41;250,3;676,9;37,8;37,2;24,1;359,2;30,0;0,2;2,07E-1;-541,2;20,00;3,0;3,0;40,94;3,64;3,265;2,5;5,00;0,504
343;12.07.2023;16:55:51;00:05:42;250,0;681,5;37,8;37,6;24,2;361,1;29,6;0,2;2,06E-1;-541,2;20,00;3,0;3,0;41,00;3,70;3,070;2,5;4,94;0,501
344;12.07.2023;16:55:52;00:05:43;250,0;681,5;37,8;37,6;24,2;361,9;29,4;0,2;2,06E-1;-541,2;20,00;3,0;3,0;41,02;3,73;2,977;2,5;4,94;0,498
345;12.07.2023;16:55:53;00:05:44;250,1;685,4;37,8;38,0;24,2;363,6;28,9;0,2;2,05E-1;-541,2;20,00;3,0;3,1;41,07;3,78;2,815;2,5;4,95;0,497
346;12.07.2023;16:55:54;00:05:45;250,0;685,4;37,9;38,4;24,2;365,3;28,8;0,2;2,04E-1;-541,2;20,00;3,0;3,0;41,11;3,82;2,677;2,4;4,94;0,489
347;12.07.2023;16:55:55;00:05:46;250,1;688,5;37,9;38,4;24,2;367,1;28,4;0,2;2,03E-1;-541,2;20,00;3,0;3,0;41,16;3,87;2,508;2,4;4,91;0,488
348;12.07.2023;16:55:56;00:05:47;250,3;688,5;37,9;38,4;24,2;368,0;28,3;0,2;2,02E-1;-541,2;20,00;3,0;3,0;41,18;3,88;2,435;2,4;4,87;0,485
349;12.07.2023;16:55:57;00:05:48;250,0;691,0;37,8;38,6;24,2;369,7;27,9;0,2;2,02E-1;-541,2;20,00;3,0;3,0;41,21;3,92;2,269;2,3;4,85;0,484
350;12.07.2023;16:55:58;00:05:49;250,1;693,1;37,8;38,9;24,2;371,5;27,6;0,2;2,01E-1;-541,2;20,00;3,0;3,1;41,25;3,96;2,107;2,3;4,84;0,480
351;12.07.2023;16:55:59;00:05:50;250,1;693,1;37,8;38,9;24,3;372,4;27,5;0,2;2,00E-1;-541,2;20,00;3,0;2,9;41,27;3,98;2,035;2,3;4,82;0,479
352;12.07.2023;16:56:00;00:05:51;250,0;693,1;37,8;39,1;24,3;374,2;27,4;0,2;1,99E-1;-541,2;20,00;3,0;3,0;41,30;4,01;1,908;2,3;4,82;0,477
353;12.07.2023;16:56:01;00:05:52;250,0;694,8;37,8;39,1;24,3;375,1;27,2;0,2;1,99E-1;-541,2;20,00;3,0;3,0;41,32;4,03;1,842;2,3;4,82;0,474
354;12.07.2023;16:56:02;00:05:53;250,0;696,1;37,7;39,3;24,3;376,9;26,9;0,2;1,98E-1;-541,2;20,00;3,0;3,0;41,35;4,06;1,724;2,3;4,81;0,474
355;12.07.2023;16:56:03;00:05:54;250,0;696,1;37,7;39,3;24,3;377,8;26,8;0,2;1,97E-1;-541,2;20,00;3,0;3,0;41,36;4,07;1,685;2,3;4,79;0,469
356;12.07.2023;16:56:04;00:05:55;250,0;696,1;37,6;39,5;24,3;379,5;26,7;0,2;1,96E-1;-541,2;20,00;3,0;3,1;41,39;4,10;1,577;2,2;4,77;0,469
357;12.07.2023;16:56:05;00:05:56;250,1;697,1;37,6;39,5;24,4;381,3;26,5;0,2;1,95E-1;-541,2;20,00;3,0;3,0;41,41;4,12;1,467;2,2;4,73;0,464
358;12.07.2023;16:56:06;00:05:57;250,1;697,1;37,6;39,5;24,4;382,2;26,4;0,2;1,95E-1;-541,2;20,00;3,0;3,0;41,42;4,14;1,413;2,2;4,79;0,464
359;12.07.2023;16:56:07;00:05:58;250,1;697,8;37,6;39,6;24,4;384,0;26,2;0,2;1,94E-1;-541,2;20,00;3,0;3,0;41,44;4,16;1,313;2,2;4,77;0,464
360;12.07.2023;16:56:08;00:05:59;250,0;697,8;37,6;39,6;24,4;384,9;26,2;0,2;1,93E-1;-541,2;20,00;3,0;2,9;41,46;4,17;1,270;2,2;4,75;0,463
361;12.07.2023;16:56:09;00:06:00;250,1;698,2;37,5;39,7;24,4;386,7;26,0;0,2;1,92E-1;-541,2;20,00;3,0;3,0;41,48;4,19;1,174;2,2;4,74;0,459
362;12.07.2023;16:56:10;00:06:01;250,0;698,2;37,4;39,8;24,4;388,4;25,9;0,2;1,92E-1;-541,2;20,00;3,0;3,0;41,50;4,21;1,121;2,2;4,73;0,458
363;12.07.2023;16:56:11;00:06:02;250,0;698,4;37,4;39,8;24,4;389,4;25,8;0,2;1,91E-1;-541,2;20,00;3,0;3,1;41,51;4,22;1,078;2,2;4,70;0,459
364;12.07.2023;16:56:12;00:06:03;250,1;698,4;37,4;39,8;24,4;391,1;25,6;0,2;1,90E-1;-541,2;20,00;3,0;3,0;41,52;4,23;1,001;2,1;4,71;0,457
365;12.07.2023;16:56:13;00:06:04;250,1;698,4;37,3;39,8;24,4;392,1;25,6;0,2;1,90E-1;-541,2;20,00;3,0;3,0;41,53;4,25;0,961;2,2;4,70;0,455
366;12.07.2023;16:56:14;00:06:05;250,0;698,2;37,2;39,8;24,4;393,8;25,5;0,2;1,89E-1;-541,2;20,00;3,0;3,0;41,55;4,26;0,905;2,1;4,71;0,454
367;12.07.2023;16:56:15;00:06:06;250,0;698,2;37,2;39,8;24,5;395,5;25,4;0,2;1,88E-1;-541,2;20,00;3,0;3,0;41,56;4,27;0,854;2,1;4,70;0,453
368;12.07.2023;16:56:16;00:06:07;250,0;698,2;37,2;39,8;24,5;396,5;25,3;0,2;1,88E-1;-541,2;20,00;3,0;2,9;41,57;4,28;0,824;2,1;4,71;0,452
369;12.07.2023;16:56:17;00:06:08;250,1;697,8;37,1;39,8;24,5;397,3;25,2;0,2;1,87E-1;-541,2;20,00;3,0;3,0;41,58;4,29;0,808;2,1;4,69;0,451
370;12.07.2023;16:56:18;00:06:09;250,2;697,8;37,1;39,8;24,5;399,0;25,1;0,2;1,87E-1;-541,2;20,00;3,0;3,0;41,59;4,30;0,757;2,1;4,68;0,450
371;12.07.2023;16:56:19;00:06:10;250,0;697,2;37,0;39,8;24,5;399,9;25,1;0,2;1,86E-1;-541,2;20,00;3,0;3,0;41,60;4,31;0,738;2,1;4,71;0,449
372;12.07.2023;16:56:20;00:06:11;250,1;697,2;37,0;39,8;24,5;401,6;25,0;0,2;1,86E-1;-541,2;20,00;3,0;3,0;41,60;4,32;0,689;2,1;4,68;0,449
373;12.07.2023;16:56:21;00:06:12;250,0;696,5;36,9;39,7;24,5;403,4;25,0;0,2;1,85E-1;-541,2;20,00;3,0;3,0;41,61;4,33;0,633;2,1;4,68;0,447
374;12.07.2023;16:56:22;00:06:13;250,1;696,5;36,9;39,7;24,5;404,3;24,9;0,2;1,85E-1;-541,2;20,00;3,0;3,0;41,62;4,33;0,610;2,1;4,65;0,449
375;12.07.2023;16:56:23;00:06:14;250,2;696,5;36,8;39,7;24,5;406,0;24,8;0,2;1,84E-1;-541,2;20,00;3,0;3,0;41,63;4,34;0,577;2,1;4,67;0,447
376;12.07.2023;16:56:24;00:06:15;250,0;695,7;36,8;39,7;24,6;406,8;24,8;0,2;1,83E-1;-541,2;20,00;3,0;3,0;41,64;4,35;0,554;2,1;4,67;0,449
377;12.07.2023;16:56:25;00:06:16;250,3;694,8;36,7;39,6;24,6;408,5;24,7;0,2;1,83E-1;-541,2;20,00;3,0;2,9;41,64;4,36;0,526;2,1;4,70;0,444
378;12.07.2023;16:56:26;00:06:17;250,1;694,8;36,7;39,6;24,6;410,2;24,7;0,2;1,82E-1;-541,2;20,00;3,0;3,0;41,65;4,36;0,501;2,1;4,64;0,444
379;12.07.2023;16:56:27;00:06:18;250,0;694,8;36,6;39,6;24,5;411,2;24,6;0,2;1,82E-1;-541,2;20,00;3,0;3,0;41,66;4,37;0,485;2,1;4,64;0,444
380;12.07.2023;16:56:28;00:06:19;250,0;693,7;36,6;39,5;24,6;412,9;24,6;0,2;1,81E-1;-541,2;20,00;3,0;3,0;41,67;4,38;0,458;2,0;4,62;0,444
381;12.07.2023;16:56:29;00:06:20;250,1;692,6;36,5;39,4;24,6;414,6;24,6;0,2;1,80E-1;-541,2;20,00;3,0;3,0;41,67;4,38;0,434;2,1;4,62;0,444
382;12.07.2023;16:56:30;00:06:21;250,0;692,6;36,5;39,4;24,6;415,5;24,6;0,2;1,80E-1;-541,2;20,00;3,0;3,0;41,68;4,39;0,421;2,1;4,63;0,444
383;12.07.2023;16:56:31;00:06:22;250,1;692,6;36,5;39,4;24,6;417,2;24,5;0,2;1,79E-1;-541,2;20,00;3,0;3,0;41,69;4,39;0,401;2,1;4,64;0,444
384;12.07.2023;16:56:32;00:06:23;250,2;691,4;36,4;39,3;24,6;418,9;24,5;0,2;1,79E-1;-541,2;20,00;3,0;2,9;41,69;4,41;0,385;2,0;4,63;0,443
385;12.07.2023;16:56:33;00:06:24;250,1;690,2;36,3;39,2;24,6;419,8;24,5;0,2;1,78E-1;-541,2;20,00;3,0;3,0;41,69;4,41;0,380;2,0;4,66;0,442
386;12.07.2023;16:56:34;00:06:25;250,1;690,2;36,3;39,2;24,6;421,5;24,5;0,2;1,77E-1;-541,2;20,00;3,0;3,0;41,70;4,41;0,362;2,0;4,64;0,443
387;12.07.2023;16:56:35;00:06:26;250,0;689,0;36,2;39,1;24,6;423,2;24,4;0,2;1,77E-1;-541,2;20,00;3,0;3,0;41,71;4,42;0,337;2,0;4,61;0,440
388;12.07.2023;16:56:36;00:06:27;250,0;689,0;36,2;39,1;24,6;424,1;24,5;0,2;1,76E-1;-541,2;20,00;3,0;3,0;41,71;4,42;0,330;2,0;4,63;0,440
389;12.07.2023;16:56:37;00:06:28;250,0;687,8;36,1;38,9;24,7;425,8;24,5;0,2;1,76E-1;-541,2;20,00;3,0;3,1;41,71;4,43;0,311;2,0;4,62;0,440
390;12.07.2023;16:56:38;00:06:29;250,0;687,8;36,1;38,9;24,7;426,6;24,4;0,2;1,76E-1;-541,2;20,00;3,0;3,0;41,71;4,43;0,299;2,0;4,63;0,440
391;12.07.2023;16:56:39;00:06:30;250,1;687,8;36,1;38,8;24,7;428,5;24,3;0,2;1,75E-1;-541,2;20,00;3,0;3,0;41,72;4,43;0,270;2,0;4,65;0,440
392;12.07.2023;16:56:40;00:06:31;250,1;686,5;36,1;38,8;24,7;430,2;24,4;0,2;1,75E-1;-541,2;20,00;3,0;3,0;41,73;4,44;0,263;2,0;4,62;0,440
393;12.07.2023;16:56:41;00:06:32;250,1;686,5;36,0;38,7;24,7;431,0;24,3;0,2;1,75E-1;-541,2;20,00;3,0;2,9;41,73;4,44;0,255;2,0;4,63;0,440
394;12.07.2023;16:56:42;00:06:33;250,1;685,3;36,0;38,7;24,7;432,7;24,4;0,2;1,74E-1;-541,2;20,00;3,0;3,0;41,73;4,44;0,258;2,0;4,65;0,440
395;12.07.2023;16:56:43;00:06:34;250,3;684,0;35,9;38,6;24,7;434,4;24,4;0,2;1,73E-1;-541,2;20,00;3,0;3,0;41,74;4,45;0,241;2,0;4,65;0,440
396;12.07.2023;16:56:44;00:06:35;250,0;684,0;35,9;38,6;24,7;435,3;24,4;0,2;1,73E-1;-541,2;20,00;3,0;3,0;41,74;4,45;0,235;2,0;4,62;0,440
397;12.07.2023;16:56:45;00:06:36;250,2;682,8;35,9;38,5;24,8;437,1;24,4;0,2;1,72E-1;-541,2;20,00;3,0;3,0;41,75;4,45;0,221;2,0;4,64;0,440
398;12.07.2023;16:56:46;00:06:37;250,0;682,8;35,8;38,5;24,8;438,8;24,4;0,2;1,72E-1;-541,2;20,00;3,0;3,0;41,75;4,46;0,211;2,1;4,64;0,440
399;12.07.2023;16:56:47;00:06:38;250,1;682,7;35,8;38,4;24,7;439,7;24,3;0,2;1,71E-1;-541,2;20,00;3,0;3,0;41,75;4,46;0,209;2,0;4,62;0,440
400;12.07.2023;16:56:48;00:06:39;250,1;681,3;35,7;38,3;24,7;441,4;24,4;0,2;1,71E-1;-541,2;20,00;3,0;2,9;41,75;4,47;0,203;2,0;4,64;0,440
401;12.07.2023;16:56:49;00:06:40;250,2;680,0;35,7;38,1;24,7;443,1;24,4;0,2;1,70E-1;-541,2;20,00;3,0;2,9;41,76;4,47;0,191;2,0;4,68;0,440
402;12.07.2023;16:56:50;00:06:41;250,0;680,0;35,7;38,1;24,7;443,9;24,4;0,2;1,70E-1;-541,2;20,00;3,0;3,1;41,76;4,47;0,190;2,0;4,63;0,440
403;12.07.2023;16:56:51;00:06:42;250,2;680,0;35,6;38,0;24,7;445,8;24,4;0,2;1,70E-1;-541,2;20,00;3,0;3,0;41,76;4,48;0,181;2,0;4,65;0,440
404;12.07.2023;16:56:52;00:06:43;250,0;678,6;35,6;38,0;24,7;446,6;24,4;0,2;1,69E-1;-541,2;20,00;3,0;3,0;41,76;4,47;0,182;2,0;4,63;0,440
405;12.07.2023;16:56:53;00:06:44;250,1;677,3;35,6;37,9;24,7;448,3;24,4;0,2;1,69E-1;-541,2;20,00;3,0;3,0;41,76;4,48;0,168;2,0;4,64;0,440
406;12.07.2023;16:56:54;00:06:45;250,2;677,3;35,6;37,9;24,7;450,0;24,5;0,2;1,68E-1;-541,2;20,00;3,0;3,0;41,77;4,48;0,159;2,0;4,61;0,440
407;12.07.2023;16:56:55;00:06:46;250,3;677,3;35,5;37,9;24,7;450,9;24,4;0,2;1,68E-1;-541,2;20,00;3,0;3,0;41,77;4,48;0,157;2,0;4,62;0,440
408;12.07.2023;16:56:56;00:06:47;250,2;676,1;35,5;37,8;24,8;452,6;24,5;0,2;1,68E-1;-541,2;20,00;3,0;3,0;41,77;4,48;0,147;2,0;4,65;0,440
409;12.07.2023;16:56:57;00:06:48;250,2;674,9;35,5;37,7;24,8;454,4;24,5;0,2;1,67E-1;-541,2;20,00;3,0;3,0;41,78;4,49;0,142;2,0;4,64;0,440
410;12.07.2023;16:56:58;00:06:49;250,2;674,9;35,5;37,7;24,8;455,3;24,5;0,2;1,67E-1;-541,2;20,00;3,0;3,0;41,77;4,49;0,136;2,0;4,66;0,442
411;12.07.2023;16:56:59;00:06:50;250,0;674,9;35,5;37,5;24,8;457,0;24,5;0,2;1,67E-1;-541,2;20,00;3,0;3,0;41,78;4,49;0,133;2,1;4,65;0,440
412;12.07.2023;16:57:00;00:06:51;250,0;673,8;35,5;37,5;24,8;458,7;24,5;0,2;1,66E-1;-541,2;20,00;3,0;3,0;41,78;4,50;0,133;2,0;4,61;0,442
413;12.07.2023;16:57:01;00:06:52;250,0;672,6;35,4;37,4;24,8;459,5;24,5;0,2;1,66E-1;-541,2;20,00;3,0;3,0;41,78;4,49;0,132;2,1;4,66;0,440
414;12.07.2023;16:57:02;00:06:53;250,1;672,6;35,4;37,4;24,9;461,2;24,6;0,2;1,65E-1;-541,2;20,00;3,0;2,9;41,78;4,50;0,120;2,1;4,63;0,441
415;12.07.2023;16:57:03;00:06:54;250,2;671,5;35,4;37,3;24,9;462,1;24,6;0,2;1,65E-1;-541,2;20,00;3,0;3,0;41,79;4,50;0,120;2,1;4,63;0,441
416;12.07.2023;16:57:04;00:06:55;250,1;671,5;35,4;37,3;24,9;463,9;24,6;0,2;1,65E-1;-541,2;20,00;3,0;3,0;41,79;4,50;0,109;2,1;4,69;0,443
417;12.07.2023;16:57:05;00:06:56;250,2;670,5;35,4;37,2;24,9;465,6;24,7;0,2;1,64E-1;-541,2;20,00;3,0;2,9;41,79;4,50;0,094;2,1;4,66;0,444
418;12.07.2023;16:57:06;00:06:57;250,0;670,5;35,4;37,2;24,9;466,5;24,7;0,2;1,64E-1;-541,2;20,00;3,0;3,0;41,79;4,50;0,098;2,1;4,71;0,444
419;12.07.2023;16:57:07;00:06:58;250,1;670,3;35,2;37,1;24,8;468,2;24,6;0,2;1,64E-1;-541,2;20,00;3,0;3,0;41,79;4,51;0,097;2,1;4,62;0,444
420;12.07.2023;16:57:08;00:06:59;250,2;669,2;35,2;37,0;24,8;469,9;24,7;0,2;1,63E-1;-541,2;20,00;3,0;2,9;41,79;4,51;0,090;2,1;4,69;0,444
421;12.07.2023;16:57:09;00:07:00;250,0;669,2;35,1;37,0;24,8;470,7;24,7;0,2;1,63E-1;-541,2;20,00;3,0;3,0;41,79;4,51;0,090;2,1;4,67;0,444
422;12.07.2023;16:57:10;00:07:01;250,0;668,1;35,1;36,9;24,8;472,5;24,8;0,2;1,63E-1;-541,2;20,00;3,0;3,0;41,79;4,51;0,083;2,1;4,66;0,444
423;12.07.2023;16:57:11;00:07:02;250,0;668,1;35,1;36,8;24,8;474,2;24,8;0,2;1,62E-1;-541,2;20,00;3,0;3,0;41,80;4,51;0,080;2,1;4,64;0,444
424;12.07.2023;16:57:12;00:07:03;250,0;667,0;35,1;36,8;24,8;475,1;24,8;0,2;1,62E-1;-541,2;20,00;3,0;3,0;41,80;4,51;0,082;2,1;4,63;0,444
425;12.07.2023;16:57:13;00:07:04;250,0;667,0;35,1;36,7;24,8;476,8;24,8;0,2;1,62E-1;-541,2;20,00;3,0;3,0;41,80;4,51;0,095;2,1;4,70;0,444
426;12.07.2023;16:57:14;00:07:05;250,0;666,0;35,1;36,7;24,8;478,5;24,9;0,2;1,61E-1;-541,2;20,00;3,0;3,0;41,80;4,51;0,087;2,1;4,67;0,445
427;12.07.2023;16:57:15;00:07:06;250,1;666,0;35,1;36,7;24,8;479,3;24,9;0,2;1,61E-1;-541,2;20,00;3,0;2,9;41,80;4,51;0,083;2,1;4,67;0,445
428;12.07.2023;16:57:16;00:07:07;250,0;665,1;35,1;36,6;24,8;481,2;25,0;0,2;1,61E-1;-541,2;20,00;3,0;3,0;41,80;4,51;0,074;2,1;4,70;0,444
429;12.07.2023;16:57:17;00:07:08;250,0;665,1;35,1;36,6;24,8;482,0;25,0;0,2;1,60E-1;-541,2;20,00;3,0;3,0;41,80;4,52;0,070;2,1;4,71;0,447
430;12.07.2023;16:57:18;00:07:09;250,0;664,3;35,1;36,5;24,8;483,7;25,0;0,2;1,60E-1;-541,2;20,00;3,0;3,0;41,81;4,52;0,071;2,1;4,67;0,445
431;12.07.2023;16:57:19;00:07:10;250,0;664,3;35,1;36,5;24,8;485,4;25,0;0,2;1,60E-1;-541,2;20,00;3,0;2,9;41,80;4,52;0,064;2,1;4,70;0,446
432;12.07.2023;16:57:20;00:07:11;250,0;663,5;35,1;36,5;24,9;486,3;25,1;0,2;1,60E-1;-541,2;20,00;3,0;3,0;41,81;4,52;0,069;2,1;4,71;0,446
433;12.07.2023;16:57:21;00:07:12;250,0;662,7;35,1;36,4;24,9;488,0;25,1;0,2;1,59E-1;-541,2;20,00;3,0;3,0;41,81;4,52;0,064;2,1;4,68;0,449
434;12.07.2023;16:57:22;00:07:13;250,1;662,7;35,1;36,4;24,9;489,8;25,1;0,2;1,59E-1;-541,2;20,00;3,0;3,0;41,81;4,52;0,068;2,1;4,68;0,449
435;12.07.2023;16:57:23;00:07:14;250,1;662,7;35,1;36,3;24,9;490,7;25,1;0,2;1,59E-1;-541,2;20,00;3,0;3,0;41,81;4,52;0,071;2,1;4,68;0,446
436;12.07.2023;16:57:24;00:07:15;250,2;662,0;35,1;36,3;25,0;492,4;25,2;0,2;1,58E-1;-541,2;20,00;3,0;3,0;41,81;4,53;0,067;2,1;4,70;0,449
437;12.07.2023;16:57:25;00:07:16;250,0;661,3;35,1;36,3;25,0;494,1;25,2;0,2;1,58E-1;-541,2;20,00;3,0;2,9;41,81;4,52;0,060;2,1;4,69;0,449
438;12.07.2023;16:57:26;00:07:17;250,0;661,3;35,1;36,3;25,0;494,9;25,3;0,2;1,58E-1;-541,2;20,00;3,0;3,0;41,81;4,53;0,060;2,1;4,68;0,449
439;12.07.2023;16:57:27;00:07:18;250,0;661,2;35,0;36,2;24,9;496,6;25,3;0,2;1,57E-1;-541,2;20,00;3,0;3,1;41,82;4,53;0,067;2,1;4,68;0,449
440;12.07.2023;16:57:28;00:07:19;250,0;660,5;35,0;36,2;24,9;498,5;25,3;0,2;1,57E-1;-541,2;20,00;3,0;3,0;41,82;4,53;0,059;2,1;4,69;0,449
441;12.07.2023;16:57:29;00:07:20;250,0;660,5;35,0;36,1;24,9;499,3;25,3;0,2;1,57E-1;-541,2;20,00;3,0;3,0;41,81;4,53;0,059;2,1;4,70;0,449
442;12.07.2023;16:57:30;00:07:21;250,1;659,8;35,0;36,1;24,9;501,0;25,4;0,2;1,56E-1;-541,2;20,00;3,0;3,0;41,82;4,53;0,056;2,1;4,71;0,449
443;12.07.2023;16:57:31;00:07:22;250,1;659,8;35,0;36,1;24,9;501,9;25,4;0,2;1,56E-1;-541,2;20,00;3,0;3,0;41,82;4,53;0,047;2,1;4,73;0,449
444;12.07.2023;16:57:32;00:07:23;250,1;659,2;35,0;36,0;24,9;503,6;25,5;0,2;1,56E-1;-541,2;20,00;3,0;2,9;41,82;4,53;0,042;2,1;4,74;0,451
445;12.07.2023;16:57:33;00:07:24;250,2;658,6;35,0;36,0;24,9;505,3;25,5;0,2;1,56E-1;-541,2;20,00;3,0;3,0;41,82;4,53;0,042;2,1;4,71;0,452
446;12.07.2023;16:57:34;00:07:25;250,2;658,6;35,0;36,0;25,0;506,3;25,6;0,2;1,55E-1;-541,2;20,00;3,0;3,0;41,82;4,53;0,037;2,1;4,67;0,453
447;12.07.2023;16:57:35;00:07:26;250,1;658,6;35,0;36,0;25,0;508,0;25,6;0,2;1,55E-1;-541,2;20,00;3,0;2,9;41,82;4,53;0,037;2,1;4,73;0,454
448;12.07.2023;16:57:36;00:07:27;250,0;658,1;35,0;35,9;25,0;509,7;25,6;0,2;1,55E-1;-541,2;20,00;3,0;2,9;41,82;4,53;0,035;2,2;4,74;0,454
449;12.07.2023;16:57:37;00:07:28;250,1;658,1;35,0;35,9;25,0;510,5;25,6;0,2;1,54E-1;-541,2;20,00;3,0;3,0;41,82;4,53;0,042;2,1;4,72;0,454
450;12.07.2023;16:57:38;00:07:29;250,0;657,6;35,0;35,9;25,0;512,2;25,7;0,2;1,54E-1;-541,2;20,00;3,0;2,9;41,82;4,54;0,040;2,2;4,77;0,454
451;12.07.2023;16:57:39;00:07:30;250,2;657,6;35,0;35,9;25,0;513,9;25,7;0,2;1,54E-1;-541,2;20,00;3,0;2,9;41,82;4,54;0,037;2,2;4,74;0,454
452;12.07.2023;16:57:40;00:07:31;250,0;657,2;35,0;35,9;25,0;514,9;25,8;0,2;1,54E-1;-541,2;20,00;3,0;3,0;41,82;4,53;0,044;2,2;4,72;0,454
453;12.07.2023;16:57:41;00:07:32;250,0;656,8;35,0;35,8;25,0;516,6;25,8;0,2;1,53E-1;-541,2;20,00;3,0;3,0;41,82;4,54;0,039;2,1;4,75;0,455
454;12.07.2023;16:57:42;00:07:33;250,2;656,8;35,0;35,8;25,0;517,5;25,9;0,2;1,53E-1;-541,2;20,00;3,0;2,9;41,82;4,53;0,038;2,2;4,77;0,455
455;12.07.2023;16:57:43;00:07:34;250,1;656,8;35,0;35,8;25,0;519,2;25,9;0,2;1,53E-1;-541,2;20,00;3,0;3,0;41,82;4,54;0,029;2,1;4,73;0,454
456;12.07.2023;16:57:44;00:07:35;250,0;656,4;35,0;35,8;25,1;520,9;25,9;0,2;1,53E-1;-541,2;20,00;3,0;3,1;41,83;4,54;0,035;2,1;4,76;0,454
457;12.07.2023;16:57:45;00:07:36;250,0;656,4;35,0;35,8;25,1;521,7;26,0;0,2;1,52E-1;-541,2;20,00;3,0;3,0;41,82;4,54;0,029;2,2;4,75;0,456
458;12.07.2023;16:57:46;00:07:37;250,0;656,1;35,0;35,8;25,1;523,5;26,0;0,2;1,52E-1;-541,2;20,00;3,0;3,0;41,82;4,54;0,030;2,2;4,76;0,455
459;12.07.2023;16:57:47;00:07:38;250,0;656,1;35,1;35,8;25,1;525,2;26,1;0,2;1,52E-1;-541,2;20,00;3,0;3,0;41,83;4,54;0,033;2,2;4,75;0,456
460;12.07.2023;16:57:48;00:07:39;250,1;655,8;35,1;35,8;25,1;526,1;26,1;0,2;1,52E-1;-541,2;20,00;3,0;3,0;41,83;4,54;0,033;2,2;4,76;0,457
461;12.07.2023;16:57:49;00:07:40;250,0;655,8;35,1;35,8;25,1;527,8;26,1;0,2;1,51E-1;-541,2;20,00;3,0;3,0;41,83;4,54;0,038;2,2;4,70;0,458
462;12.07.2023;16:57:50;00:07:41;250,0;655,6;35,1;35,8;25,2;529,5;26,2;0,2;1,51E-1;-541,2;20,00;3,0;3,0;41,83;4,54;0,037;2,2;4,69;0,458
463;12.07.2023;16:57:51;00:07:42;250,3;655,6;35,1;35,8;25,2;530,3;26,2;0,2;1,51E-1;-541,2;20,00;3,0;2,9;41,83;4,54;0,035;2,2;4,76;0,459
464;12.07.2023;16:57:52;00:07:43;250,0;655,3;35,1;35,7;25,2;532,2;26,3;0,2;1,51E-1;-541,2;20,00;3,0;2,9;41,83;4,54;0,039;2,2;4,77;0,460
465;12.07.2023;16:57:53;00:07:44;250,1;655,3;35,1;35,7;25,2;533,9;26,3;0,2;1,50E-1;-541,2;20,00;3,0;3,0;41,83;4,54;0,036;2,2;4,75;0,459
466;12.07.2023;16:57:54;00:07:45;250,0;655,1;35,1;35,7;25,2;534,7;26,4;0,2;1,50E-1;-541,2;20,00;3,0;3,0;41,83;4,54;0,039;2,2;4,77;0,461
467;12.07.2023;16:57:55;00:07:46;250,0;655,1;35,1;35,7;25,2;536,4;26,4;0,1;1,50E-1;-541,2;20,00;3,0;2,9;41,83;4,55;0,031;2,2;4,75;0,461
468;12.07.2023;16:57:56;00:07:47;250,2;655,0;35,1;35,7;25,2;537,3;26,4;0,1;1,50E-1;-541,2;20,00;3,0;2,9;41,83;4,54;0,029;2,2;4,75;0,459
469;12.07.2023;16:57:57;00:07:48;250,1;655,0;35,1;35,7;25,2;539,0;26,5;0,1;1,49E-1;-541,2;20,00;3,0;3,0;41,83;4,55;0,021;2,2;4,81;0,463
470;12.07.2023;16:57:58;00:07:49;250,0;654,8;35,1;35,7;25,2;540,8;26,6;0,1;1,49E-1;-541,2;20,00;3,0;3,1;41,83;4,55;0,025;2,2;4,74;0,460
471;12.07.2023;16:57:59;00:07:50;250,0;654,8;35,1;35,7;25,2;541,7;26,6;0,1;1,49E-1;-541,2;20,00;3,0;3,0;41,83;4,54;0,023;2,2;4,75;0,462
472;12.07.2023;16:58:00;00:07:51;250,0;654,8;35,1;35,7;25,2;543,4;26,6;0,1;1,49E-1;-541,2;20,00;3,0;3,0;41,83;4,55;0,025;2,2;4,76;0,464
473;12.07.2023;16:58:01;00:07:52;250,0;654,7;35,2;35,7;25,2;545,1;26,7;0,1;1,48E-1;-541,2;20,00;3,0;3,1;41,83;4,55;0,025;2,2;4,80;0,464
474;12.07.2023;16:58:02;00:07:53;250,1;654,7;35,2;35,7;25,3;545,9;26,7;0,1;1,48E-1;-541,2;20,00;3,0;2,9;41,83;4,55;0,020;2,2;4,78;0,464
475;12.07.2023;16:58:03;00:07:54;250,0;654,7;35,2;35,7;25,3;547,6;26,8;0,1;1,48E-1;-541,2;20,00;3,0;3,0;41,83;4,54;0,022;2,2;4,77;0,464
476;12.07.2023;16:58:04;00:07:55;250,1;654,7;35,2;35,7;25,2;549,5;26,8;0,1;1,47E-1;-541,2;20,00;3,0;3,0;41,83;4,55;0,026;2,2;4,78;0,465
477;12.07.2023;16:58:05;00:07:56;250,0;654,7;35,2;35,7;25,2;550,3;26,9;0,1;1,47E-1;-541,2;20,00;3,0;3,0;41,83;4,55;0,020;2,2;4,75;0,464
478;12.07.2023;16:58:06;00:07:57;250,1;654,7;35,2;35,7;25,2;552,0;26,9;0,1;1,47E-1;-541,2;20,00;3,0;2,9;41,84;4,55;0,021;2,2;4,80;0,466
479;12.07.2023;16:58:07;00:07:58;250,0;654,7;35,2;35,6;25,2;553,7;27,0;0,1;1,47E-1;-541,2;20,00;3,0;3,0;41,83;4,55;0,017;2,2;4,81;0,468
480;12.07.2023;16:58:08;00:07:59;250,0;654,7;35,2;35,6;25,2;554,6;27,0;0,1;1,47E-1;-541,2;20,00;3,0;3,0;41,84;4,55;0,022;2,3;4,81;0,469
481;12.07.2023;16:58:09;00:08:00;250,0;654,7;35,2;35,6;25,2;556,3;27,1;0,1;1,46E-1;-541,2;20,00;3,0;2,9;41,83;4,55;0,016;2,3;4,81;0,469
482;12.07.2023;16:58:10;00:08:01;250,2;654,7;35,2;35,6;25,2;557,1;27,1;0,1;1,46E-1;-541,2;20,00;3,0;3,1;41,84;4,55;0,019;2,3;4,79;0,469
483;12.07.2023;16:58:11;00:08:02;250,0;654,8;35,2;35,6;25,2;559,0;27,2;0,1;1,46E-1;-541,2;20,00;3,0;3,0;41,84;4,55;0,018;2,2;4,82;0,469
484;12.07.2023;16:58:12;00:08:03;250,1;654,9;35,2;35,6;25,3;560,7;27,2;0,1;1,45E-1;-541,2;20,00;3,0;2,9;41,83;4,55;0,020;2,3;4,80;0,469
485;12.07.2023;16:58:13;00:08:04;250,2;654,9;35,2;35,6;25,3;561,5;27,3;0,1;1,45E-1;-541,2;20,00;3,0;3,0;41,84;4,55;0,024;2,3;4,84;0,470
486;12.07.2023;16:58:14;00:08:05;250,1;655,1;35,2;35,6;25,3;563,2;27,3;0,1;1,45E-1;-541,2;20,00;3,0;3,0;41,83;4,55;0,023;2,3;4,83;0,470
487;12.07.2023;16:58:15;00:08:06;250,0;655,1;35,3;35,6;25,3;564,9;27,4;0,1;1,45E-1;-541,2;20,00;3,0;2,9;41,84;4,55;0,016;2,3;4,79;0,470
488;12.07.2023;16:58:16;00:08:07;250,0;655,3;35,3;35,6;25,4;565,8;27,4;0,1;1,45E-1;-541,2;20,00;3,0;3,0;41,83;4,55;0,019;2,2;4,81;0,471
489;12.07.2023;16:58:17;00:08:08;250,2;655,3;35,3;35,7;25,4;567,6;27,5;0,1;1,44E-1;-541,2;20,00;3,0;3,0;41,83;4,55;0,015;2,3;4,81;0,472
490;12.07.2023;16:58:18;00:08:09;250,2;655,5;35,3;35,7;25,4;569,3;27,5;0,1;1,44E-1;-541,2;20,00;3,0;3,0;41,84;4,55;0,013;2,3;4,84;0,471
491;12.07.2023;16:58:19;00:08:10;250,1;655,5;35,3;35,7;25,4;570,2;27,6;0,1;1,44E-1;-541,2;20,00;3,0;3,0;41,83;4,55;0,016;2,3;4,84;0,474
492;12.07.2023;16:58:20;00:08:11;250,0;655,8;35,3;35,7;25,4;571,9;27,6;0,1;1,44E-1;-541,2;20,00;3,0;3,1;41,84;4,55;0,009;2,3;4,83;0,474
493;12.07.2023;16:58:21;00:08:12;250,0;655,8;35,3;35,7;25,4;572,7;27,7;0,1;1,43E-1;-541,2;20,00;3,0;3,0;41,84;4,55;0,013;2,3;4,83;0,474
494;12.07.2023;16:58:22;00:08:13;250,1;656,0;35,3;35,7;25,4;574,4;27,7;0,1;1,43E-1;-541,2;20,00;3,0;2,9;41,84;4,55;0,013;2,3;4,82;0,474
495;12.07.2023;16:58:23;00:08:14;250,1;656,0;35,4;35,7;25,4;576,2;27,8;0,1;1,43E-1;-541,2;20,00;3,0;2,9;41,84;4,55;0,011;2,3;4,85;0,476
496;12.07.2023;16:58:24;00:08:15;250,1;656,4;35,4;35,7;25,4;577,1;27,8;0,1;1,43E-1;-541,2;20,00;3,0;3,0;41,84;4,55;0,013;2,3;4,84;0,474
497;12.07.2023;16:58:25;00:08:16;250,1;656,7;35,4;35,7;25,4;578,8;27,9;0,1;1,42E-1;-541,2;20,00;3,0;2,9;41,84;4,55;0,005;2,3;4,81;0,479
498;12.07.2023;16:58:26;00:08:17;250,0;656,7;35,4;35,7;25,4;580,5;28,0;0,1;1,42E-1;-541,2;20,00;3,0;2,9;41,84;4,55;0,007;2,3;4,86;0,479
499;12.07.2023;16:58:27;00:08:18;250,0;656,6;35,3;35,6;25,3;581,3;28,0;0,1;1,42E-1;-541,2;20,00;3,0;3,0;41,84;4,55;0,010;2,3;4,82;0,479
500;12.07.2023;16:58:28;00:08:19;250,3;657,0;35,3;35,7;25,3;583,0;28,1;0,1;1,42E-1;-541,2;20,00;3,0;3,0;41,84;4,55;0,012;2,3;4,88;0,479
501;12.07.2023;16:58:29;00:08:20;250,0;657,0;35,4;35,7;25,3;584,9;28,1;0,1;1,41E-1;-541,2;20,00;3,0;3,0;41,84;4,55;0,012;2,4;4,91;0,480
502;12.07.2023;16:58:30;00:08:21;250,3;657,5;35,4;35,7;25,3;585,7;28,2;0,1;1,41E-1;-541,2;20,00;3,0;3,1;41,84;4,55;0,015;2,3;4,87;0,480
503;12.07.2023;16:58:31;00:08:22;250,0;657,5;35,4;35,7;25,3;587,4;28,2;0,1;1,41E-1;-541,2;20,00;3,0;3,0;41,84;4,55;0,012;2,3;4,84;0,479
504;12.07.2023;16:58:32;00:08:23;250,0;657,9;35,4;35,7;25,3;589,1;28,3;0,1;1,41E-1;-541,2;20,00;3,0;3,0;41,84;4,55;0,011;2,3;4,87;0,482
505;12.07.2023;16:58:33;00:08:24;250,1;657,9;35,4;35,7;25,3;590,0;28,3;0,1;1,41E-1;-541,2;20,00;3,0;3,1;41,84;4,55;0,017;2,3;4,85;0,483
506;12.07.2023;16:58:34;00:08:25;250,2;658,4;35,4;35,7;25,3;591,7;28,4;0,1;1,40E-1;-541,2;20,00;3,0;3,1;41,84;4,55;0,016;2,4;4,87;0,484
507;12.07.2023;16:58:35;00:08:26;250,2;658,4;35,4;35,7;25,3;592,5;28,4;0,1;1,40E-1;-541,2;20,00;3,0;3,0;41,84;4,55;0,013;2,4;4,86;0,484
508;12.07.2023;16:58:36;00:08:27;250,1;659,0;35,4;35,7;25,4;594,4;28,5;0,1;1,40E-1;-541,2;20,00;3,0;2,9;41,84;4,55;0,013;2,4;4,90;0,484
509;12.07.2023;16:58:37;00:08:28;250,0;659,5;35,5;35,8;25,4;596,1;28,5;0,1;1,40E-1;-541,2;20,00;3,0;3,0;41,84;4,55;0,012;2,4;4,87;0,484
510;12.07.2023;16:58:38;00:08:29;250,0;659,5;35,5;35,8;25,4;596,9;28,6;0,1;1,39E-1;-541,2;20,00;3,0;2,9;41,84;4,55;0,010;2,4;4,87;0,484
511;12.07.2023;16:58:39;00:08:30;250,2;659,5;35,5;35,8;25,4;598,6;28,7;0,1;1,39E-1;-541,2;20,00;3,0;3,0;41,84;4,55;0,005;2,4;4,88;0,485
512;12.07.2023;16:58:40;00:08:31;250,1;660,1;35,5;35,8;25,5;600,3;28,7;0,1;1,39E-1;-541,2;20,00;3,0;3,0;41,84;4,55;0,006;2,4;4,91;0,484
513;12.07.2023;16:58:41;00:08:32;250,1;660,1;35,6;35,8;25,5;601,2;28,8;0,1;1,39E-1;-541,2;20,00;3,0;3,0;41,84;4,56;0,007;2,4;4,88;0,486
514;12.07.2023;16:58:42;00:08:33;250,0;660,8;35,6;35,8;25,5;603,0;28,8;0,1;1,39E-1;-541,2;20,00;3,0;2,9;41,84;4,56;0,005;2,4;4,90;0,488
515;12.07.2023;16:58:43;00:08:34;250,0;660,8;35,6;35,9;25,5;604,7;28,9;0,1;1,38E-1;-541,2;20,00;3,0;3,0;41,84;4,55;0,008;2,4;4,91;0,488
516;12.07.2023;16:58:44;00:08:35;250,1;661,4;35,6;35,9;25,5;605,6;28,9;0,1;1,38E-1;-541,2;20,00;3,0;3,0;41,84;4,56;0,004;2,4;4,91;0,488
517;12.07.2023;16:58:45;00:08:36;250,0;661,4;35,6;35,9;25,5;607,3;29,0;0,1;1,38E-1;-541,2;20,00;3,0;3,0;41,84;4,55;0,004;2,4;4,91;0,488
518;12.07.2023;16:58:46;00:08:37;250,1;662,1;35,6;35,9;25,5;609,0;29,0;0,1;1,38E-1;-541,2;20,00;3,0;2,9;41,84;4,55;0,003;2,4;4,93;0,493
519;12.07.2023;16:58:47;00:08:38;250,0;662,1;35,6;35,9;25,5;609,8;29,1;0,1;1,38E-1;-541,2;20,00;3,0;3,0;41,84;4,56;0,003;2,4;4,94;0,490
520;12.07.2023;16:58:48;00:08:39;250,2;662,8;35,7;35,9;25,5;611,7;29,2;0,1;1,37E-1;-541,2;20,00;3,0;3,0;41,84;4,55;0,005;2,4;4,93;0,492
521;12.07.2023;16:58:49;00:08:40;250,0;662,8;35,7;35,9;25,5;612,5;29,2;0,1;1,37E-1;-541,2;20,00;3,0;3,0;41,84;4,55;0,004;2,4;4,91;0,493
522;12.07.2023;16:58:50;00:08:41;250,1;663,6;35,7;36,0;25,5;614,2;29,3;0,1;1,37E-1;-541,2;20,00;3,0;3,1;41,84;4,55;0,006;2,4;4,93;0,493
523;12.07.2023;16:58:51;00:08:42;250,1;663,6;35,7;36,0;25,5;615,9;29,3;0,1;1,37E-1;-541,2;20,00;3,0;3,1;41,84;4,56;0,004;2,4;4,92;0,493
524;12.07.2023;16:58:52;00:08:43;250,3;664,4;35,7;36,0;25,5;616,8;29,3;0,1;1,37E-1;-541,2;20,00;3,0;3,0;41,84;4,55;0,007;2,4;4,93;0,493
525;12.07.2023;16:58:53;00:08:44;250,1;664,4;35,7;36,0;25,6;618,5;29,4;0,1;1,36E-1;-541,2;20,00;3,0;3,0;41,84;4,56;0,005;2,4;4,96;0,495
526;12.07.2023;16:58:54;00:08:45;250,1;665,2;35,8;36,0;25,6;620,3;29,5;0,1;1,36E-1;-541,2;20,00;3,0;3,0;41,84;4,56;0,001;2,5;4,98;0,496
527;12.07.2023;16:58:55;00:08:46;250,0;665,2;35,8;36,0;25,6;621,1;29,5;0,1;1,36E-1;-541,2;20,00;3,0;2,9;41,84;4,55;0,004;2,5;4,95;0,498
528;12.07.2023;16:58:56;00:08:47;250,1;666,0;35,8;36,1;25,6;622,8;29,6;0,1;1,36E-1;-541,2;20,00;3,0;3,0;41,84;4,56;0,008;2,5;4,97;0,498
529;12.07.2023;16:58:57;00:08:48;250,2;666,0;35,9;36,1;25,6;624,5;29,7;0,1;1,36E-1;-541,2;20,00;3,0;3,1;41,84;4,56;0,005;2,5;4,94;0,498
530;12.07.2023;16:58:58;00:08:49;250,0;666,9;35,9;36,1;25,7;625,4;29,7;0,1;1,35E-1;-541,2;20,00;3,0;3,0;41,84;4,56;0,005;2,5;4,98;0,498
531;12.07.2023;16:58:59;00:08:50;250,1;666,9;35,9;36,1;25,7;627,1;29,8;0,1;1,35E-1;-541,2;20,00;3,0;3,0;41,84;4,56;-0,001;2,5;4,93;0,498
532;12.07.2023;16:59:00;00:08:51;250,2;667,7;35,9;36,1;25,7;628,1;29,8;0,1;1,35E-1;-541,2;20,00;3,0;3,0;41,84;4,55;0,005;2,4;4,90;0,498
533;12.07.2023;16:59:01;00:08:52;250,3;667,7;36,0;36,2;25,7;629,8;29,9;0,1;1,35E-1;-541,2;20,00;3,0;3,0;41,84;4,56;0,001;2,5;4,98;0,499
534;12.07.2023;16:59:02;00:08:53;250,0;668,7;36,0;36,2;25,6;631,5;29,9;0,1;1,35E-1;-541,2;20,00;3,0;2,9;41,84;4,56;0,001;2,5;4,95;0,502
535;12.07.2023;16:59:03;00:08:54;250,2;668,7;36,0;36,2;25,6;632,3;30,0;0,1;1,34E-1;-541,2;20,00;3,0;3,0;41,84;4,56;0,005;2,5;4,94;0,502
536;12.07.2023;16:59:04;00:08:55;250,1;669,6;36,0;36,2;25,7;634,0;30,0;0,1;1,34E-1;-541,2;20,00;3,0;3,0;41,84;4,56;0,004;2,5;4,98;0,501
537;12.07.2023;16:59:05;00:08:56;250,1;670,5;36,0;36,3;25,7;635,7;30,1;0,1;1,34E-1;-541,2;20,00;3,0;3,0;41,84;4,56;0,003;2,5;4,98;0,503
538;12.07.2023;16:59:06;00:08:57;250,0;670,5;36,0;36,3;25,7;636,7;30,1;0,1;1,34E-1;-541,2;20,00;3,0;3,0;41,84;4,56;0,006;2,5;4,99;0,503
539;12.07.2023;16:59:07;00:08:58;250,2;670,6;36,0;36,3;25,7;638,4;30,3;0,1;1,34E-1;-541,2;20,00;3,0;3,1;41,84;4,56;0,007;2,5;4,97;0,504
540;12.07.2023;16:59:08;00:08:59;250,1;671,6;36,1;36,4;25,7;640,1;30,4;0,1;1,33E-1;-541,2;20,00;3,0;3,0;41,84;4,56;0,006;2,5;4,98;0,505
541;12.07.2023;16:59:09;00:09:00;250,2;671,6;36,1;36,4;25,7;641,0;30,3;0,1;1,33E-1;-541,2;20,00;3,0;3,0;41,84;4,55;0,005;2,5;5,00;0,507
542;12.07.2023;16:59:10;00:09:01;250,2;672,7;36,2;36,4;25,8;642,7;30,4;0,1;1,33E-1;-541,2;20,00;3,0;3,1;41,84;4,56;0,003;2,5;5,02;0,507
543;12.07.2023;16:59:11;00:09:02;250,2;672,7;36,2;36,4;25,8;644,4;30,5;0,1;1,33E-1;-541,2;20,00;3,0;3,1;41,84;4,56;0,003;2,5;5,01;0,508
544;12.07.2023;16:59:12;00:09:03;250,0;673,8;36,2;36,5;25,8;645,4;30,5;0,1;1,33E-1;-541,2;20,00;3,0;3,0;41,84;4,55;0,000;2,6;5,01;0,508
545;12.07.2023;16:59:13;00:09:04;250,3;673,8;36,3;36,5;25,7;647,1;30,6;0,1;1,32E-1;-541,2;20,00;3,0;3,0;41,84;4,56;0,000;2,5;4,99;0,508
546;12.07.2023;16:59:14;00:09:05;250,0;673,8;36,3;36,5;25,7;647,9;30,7;0,1;1,32E-1;-541,2;20,00;3,0;3,0;41,84;4,55;0,003;2,5;4,98;0,508
547;12.07.2023;16:59:15;00:09:06;250,3;675,0;36,3;36,5;25,7;649,6;30,7;0,1;1,32E-1;-541,2;20,00;3,0;2,9;41,84;4,56;-0,001;2,6;5,01;0,512
548;12.07.2023;16:59:16;00:09:07;250,2;676,1;36,4;36,6;25,8;651,3;30,7;0,1;1,32E-1;-541,2;20,00;3,0;3,0;41,85;4,56;0,000;2,6;5,02;0,511
549;12.07.2023;16:59:17;00:09:08;250,2;676,1;36,4;36,6;25,8;652,2;30,8;0,1;1,32E-1;-541,2;20,00;3,0;3,0;41,84;4,56;0,002;2,6;5,03;0,513
550;12.07.2023;16:59:18;00:09:09;250,0;677,2;36,4;36,6;25,8;654,0;30,9;0,1;1,31E-1;-541,2;20,00;3,0;3,0;41,84;4,56;0,001;2,6;5,02;0,513
551;12.07.2023;16:59:19;00:09:10;250,0;677,2;36,4;36,6;25,8;655,7;31,0;0,1;1,31E-1;-541,2;20,00;3,0;3,0;41,85;4,56;-0,004;2,6;5,04;0,513
552;12.07.2023;16:59:20;00:09:11;250,1;678,3;36,4;36,7;25,8;656,6;30,9;0,1;1,31E-1;-541,2;20,00;3,0;3,0;41,84;4,56;0,000;2,6;5,08;0,513
553;12.07.2023;16:59:21;00:09:12;250,2;678,3;36,5;36,7;25,8;658,3;31,1;0,1;1,31E-1;-541,2;20,00;3,0;3,0;41,85;4,56;0,003;2,6;5,03;0,513
554;12.07.2023;16:59:22;00:09:13;250,1;679,5;36,5;36,7;25,9;660,0;31,1;0,1;1,31E-1;-541,2;20,00;3,0;3,0;41,84;4,56;0,005;2,6;5,03;0,516
555;12.07.2023;16:59:23;00:09:14;250,2;679,5;36,5;36,7;25,9;660,8;31,2;0,1;1,31E-1;-541,2;20,00;3,0;3,1;41,84;4,56;0,008;2,6;5,05;0,515
556;12.07.2023;16:59:24;00:09:15;250,2;680,7;36,5;36,8;25,9;662,7;31,2;0,1;1,31E-1;-541,2;20,00;3,0;3,1;41,85;4,56;0,009;2,6;5,05;0,517
557;12.07.2023;16:59:25;00:09:16;250,1;680,7;36,6;36,9;25,9;664,4;31,3;0,1;1,30E-1;-541,2;20,00;3,0;3,0;41,84;4,56;0,006;2,6;5,05;0,518
558;12.07.2023;16:59:26;00:09:17;250,1;681,9;36,6;36,9;25,9;665,2;31,3;0,1;1,30E-1;-541,2;20,00;3,0;3,0;41,84;4,55;0,004;2,6;5,05;0,518
559;12.07.2023;16:59:27;00:09:18;250,2;681,9;36,6;36,9;25,9;666,9;31,4;0,1;1,30E-1;-541,2;20,00;3,0;3,0;41,84;4,56;0,005;2,6;5,09;0,518
560;12.07.2023;16:59:28;00:09:19;250,0;681,9;36,6;36,8;25,9;667,8;31,5;0,1;1,30E-1;-541,2;20,00;3,0;2,9;41,84;4,55;0,004;2,6;5,06;0,518
561;12.07.2023;16:59:29;00:09:20;250,1;683,3;36,6;36,9;25,9;669,5;31,5;0,1;1,30E-1;-541,2;20,00;3,0;3,0;41,84;4,56;-0,002;2,7;5,07;0,520
562;12.07.2023;16:59:30;00:09:21;250,0;684,7;36,6;36,9;25,9;671,3;31,5;0,1;1,30E-1;-541,2;20,00;3,0;3,0;41,84;4,56;0,000;2,6;5,07;0,523
563;12.07.2023;16:59:31;00:09:22;250,0;684,7;36,6;36,9;25,9;672,1;31,6;0,1;1,30E-1;-541,2;20,00;3,0;3,0;41,85;4,55;0,001;2,7;5,09;0,522
564;12.07.2023;16:59:32;00:09:23;250,2;684,7;36,7;37,0;25,9;673,8;31,7;0,1;1,29E-1;-541,2;20,00;3,0;3,0;41,84;4,56;0,000;2,7;5,12;0,523
565;12.07.2023;16:59:33;00:09:24;250,0;686,1;36,7;37,0;25,9;675,5;31,8;0,1;1,29E-1;-541,2;20,00;3,0;3,0;41,85;4,56;0,001;2,7;5,13;0,523
566;12.07.2023;16:59:34;00:09:25;250,0;687,5;36,7;37,0;25,9;676,4;31,8;0,1;1,29E-1;-541,2;20,00;3,0;3,0;41,84;4,56;0,003;2,7;5,10;0,523
567;12.07.2023;16:59:35;00:09:26;250,0;687,5;36,7;37,0;25,9;678,1;31,8;0,1;1,29E-1;-541,2;20,00;3,0;3,0;41,85;4,56;0,001;2,7;5,10;0,524
568;12.07.2023;16:59:36;00:09:27;250,2;688,9;36,8;37,1;25,9;679,9;31,9;0,1;1,29E-1;-541,2;20,00;3,0;2,9;41,85;4,56;0,004;2,7;5,12;0,524
569;12.07.2023;16:59:37;00:09:28;250,0;688,9;36,8;37,1;25,9;680,8;32,0;0,1;1,29E-1;-541,2;20,00;3,0;3,0;41,84;4,56;0,007;2,7;5,09;0,524
570;12.07.2023;16:59:38;00:09:29;250,1;690,3;36,9;37,2;26,0;682,5;32,0;0,1;1,29E-1;-541,2;20,00;3,0;3,0;41,85;4,56;0,000;2,7;5,10;0,527
571;12.07.2023;16:59:39;00:09:30;250,1;690,3;36,9;37,2;26,0;683,3;32,0;0,1;1,28E-1;-541,2;20,00;3,0;3,0;41,84;4,56;0,006;2,7;5,09;0,526
572;12.07.2023;16:59:40;00:09:31;250,0;691,6;36,9;37,2;26,0;685,0;32,1;0,1;1,28E-1;-541,2;20,00;3,0;3,1;41,85;4,56;0,008;2,7;5,10;0,527
573;12.07.2023;16:59:41;00:09:32;250,1;691,6;37,0;37,2;26,0;686,7;32,2;0,1;1,28E-1;-541,2;20,00;3,0;3,0;41,84;4,56;0,008;2,7;5,11;0,527
574;12.07.2023;16:59:42;00:09:33;250,0;691,6;37,0;37,3;26,0;687,6;32,3;0,1;1,28E-1;-541,2;20,00;3,0;3,0;41,85;4,56;0,011;2,7;5,09;0,528
575;12.07.2023;16:59:43;00:09:34;250,3;693,0;37,0;37,3;26,0;689,4;32,3;0,1;1,28E-1;-541,2;20,00;3,0;3,0;41,85;4,56;0,008;2,7;5,13;0,527
576;12.07.2023;16:59:44;00:09:35;250,1;694,5;37,0;37,3;26,0;691,1;32,3;0,1;1,27E-1;-541,2;20,00;3,0;3,0;41,84;4,56;0,008;2,7;5,17;0,528
577;12.07.2023;16:59:45;00:09:36;250,3;694,5;37,1;37,3;26,0;692,0;32,4;0,1;1,27E-1;-541,2;20,00;3,0;3,0;41,85;4,56;0,007;2,7;5,14;0,531
578;12.07.2023;16:59:46;00:09:37;250,0;695,9;37,1;37,4;26,0;693,7;32,5;0,1;1,27E-1;-541,2;20,00;3,0;3,0;41,84;4,56;0,005;2,8;5,11;0,532
579;12.07.2023;16:59:47;00:09:38;250,0;695,9;37,1;37,4;26,0;695,4;32,6;0,1;1,27E-1;-541,2;20,00;3,0;3,0;41,85;4,56;0,001;2,7;5,13;0,533
580;12.07.2023;16:59:48;00:09:39;250,1;695,9;37,1;37,4;26,0;696,2;32,7;0,1;1,27E-1;-541,2;20,00;3,0;2,9;41,84;4,56;0,004;2,7;5,10;0,532
581;12.07.2023;16:59:49;00:09:40;250,2;697,4;37,1;37,5;26,0;698,1;32,7;0,1;1,27E-1;-541,2;20,00;3,0;2,9;41,84;4,56;0,002;2,7;5,11;0,532
582;12.07.2023;16:59:50;00:09:41;250,1;699,0;37,2;37,6;26,0;699,8;32,7;0,1;1,27E-1;-541,2;20,00;3,0;3,0;41,85;4,56;0,000;2,8;5,15;0,533
583;12.07.2023;16:59:51;00:09:42;250,1;699,0;37,2;37,6;26,0;700,6;32,8;0,1;1,26E-1;-541,2;20,00;3,0;3,0;41,84;4,56;0,002;2,8;5,18;0,532
584;12.07.2023;16:59:52;00:09:43;250,0;699,0;37,3;37,6;26,0;702,3;32,9;0,1;1,26E-1;-541,2;20,00;3,0;2,9;41,85;4,56;-0,002;2,8;5,17;0,535
585;12.07.2023;16:59:53;00:09:44;250,1;700,6;37,3;37,6;26,1;703,2;32,9;0,1;1,26E-1;-541,2;20,00;3,0;3,0;41,84;4,56;0,003;2,8;5,15;0,537
586;12.07.2023;16:59:54;00:09:45;250,0;702,2;37,3;37,7;26,1;704,9;33,0;0,1;1,26E-1;-541,2;20,00;3,0;3,0;41,85;4,56;0,006;2,8;5,13;0,537
587;12.07.2023;16:59:55;00:09:46;250,0;702,2;37,4;37,7;26,1;706,7;33,0;0,1;1,26E-1;-541,2;20,00;3,0;3,0;41,85;4,56;0,007;2,8;5,16;0,537
588;12.07.2023;16:59:56;00:09:47;250,1;703,7;37,4;37,8;26,1;707,6;33,0;0,1;1,26E-1;-541,2;20,00;3,0;3,0;41,84;4,56;0,007;2,8;5,16;0,537
589;12.07.2023;16:59:57;00:09:48;250,0;703,7;37,5;37,8;26,2;709,3;33,1;0,1;1,26E-1;-541,2;20,00;3,0;3,1;41,85;4,56;0,009;2,8;5,14;0,537
590;12.07.2023;16:59:58;00:09:49;250,0;705,3;37,5;37,8;26,2;711,0;33,2;0,1;1,25E-1;-541,2;20,00;3,0;3,0;41,85;4,56;0,007;2,8;5,15;0,542
591;12.07.2023;16:59:59;00:09:50;250,0;705,3;37,5;37,8;26,2;711,8;33,2;0,1;1,25E-1;-541,2;20,00;3,0;3,0;41,85;4,56;0,012;2,8;5,16;0,541
592;12.07.2023;17:00:00;00:09:51;250,1;706,9;37,5;37,9;26,2;713,5;33,3;0,1;1,25E-1;-541,2;20,00;3,0;3,0;41,84;4,56;0,008;2,8;5,19;0,542
593;12.07.2023;17:00:01;00:09:52;250,0;706,9;37,6;37,9;26,2;715,4;33,4;0,1;1,25E-1;-541,2;20,00;3,0;3,1;41,85;4,56;0,004;2,8;5,20;0,542
594;12.07.2023;17:00:02;00:09:53;250,1;708,4;37,6;38,0;26,2;716,2;33,4;0,1;1,25E-1;-541,2;20,00;3,0;3,0;41,84;4,56;0,005;2,8;5,18;0,542
595;12.07.2023;17:00:03;00:09:54;250,1;708,4;37,6;38,0;26,2;717,9;33,5;0,1;1,25E-1;-541,2;20,00;3,0;3,1;41,84;4,56;0,000;2,8;5,19;0,543
596;12.07.2023;17:00:04;00:09:55;250,0;710,0;37,7;38,0;26,2;719,6;33,5;0,1;1,24E-1;-541,2;20,00;3,0;3,1;41,85;4,56;0,007;2,8;5,17;0,542
597;12.07.2023;17:00:05;00:09:56;250,0;710,0;37,7;38,0;26,2;720,5;33,6;0,1;1,24E-1;-541,2;20,00;3,0;3,0;41,85;4,56;0,003;2,8;5,19;0,547
598;12.07.2023;17:00:06;00:09:57;250,0;711,6;37,7;38,1;26,2;722,2;33,7;0,1;1,24E-1;-541,2;20,00;3,0;3,1;41,85;4,56;0,013;2,8;5,19;0,547
599;12.07.2023;17:00:07;00:09:58;250,0;711,6;37,7;38,0;26,1;723,2;33,7;0,1;1,24E-1;-541,2;20,00;3,0;3,1;41,85;4,56;0,009;2,8;5,21;0,544
600;12.07.2023;17:00:08;00:09:59;250,0;711,6;37,7;38,1;26,1;724,9;33,9;0,1;1,24E-1;-541,2;20,00;3,0;3,0;41,85;4,56;0,005;2,9;5,21;0,547
601;12.07.2023;17:00:09;00:10:00;250,0;713,3;37,7;38,1;26,1;725,0;33,8;0,1;1,24E-1;-541,2;20,00;3,0;3,0;41,85;4,56;0,006;2,8;5,21;0,547
602;12.07.2023;17:00:10;00:10:01;250,1;713,3;37,8;38,2;26,1;725,0;33,8;0,1;1,24E-1;-541,2;20,00;3,0;3,0;41,85;4,56;0,005;2,9;5,18;0,547
603;12.07.2023;17:00:11;00:10:02;250,2;715,1;37,8;38,2;26,1;725,0;33,7;0,1;1,24E-1;-541,2;20,00;3,0;3,0;41,85;4,56;0,001;2,9;5,22;0,546
604;12.07.2023;17:00:12;00:10:03;250,0;715,1;37,8;38,3;26,1;725,0;33,7;0,1;1,24E-1;-541,2;20,00;3,1;3,0;41,85;4,56;0,011;2,8;5,21;0,546
605;12.07.2023;17:00:13;00:10:04;250,1;716,9;37,8;38,3;26,1;725,0;33,5;0,1;1,23E-1;-541,2;20,00;3,1;3,1;41,85;4,56;0,017;2,8;5,17;0,545
606;12.07.2023;17:00:14;00:10:05;250,0;718,7;37,9;38,3;26,1;725,0;33,4;0,1;1,23E-1;-541,2;20,00;3,1;3,1;41,85;4,56;0,026;2,8;5,22;0,544
607;12.07.2023;17:00:15;00:10:06;250,1;718,7;38,0;38,3;26,2;725,0;33,4;0,1;1,23E-1;-541,2;20,00;3,1;3,1;41,85;4,57;0,044;2,8;5,20;0,544
608;12.07.2023;17:00:16;00:10:07;250,1;718,7;38,0;38,3;26,2;725,0;33,4;0,1;1,23E-1;-541,2;20,00;3,1;3,1;41,85;4,57;0,064;2,8;5,16;0,545
609;12.07.2023;17:00:17;00:10:08;250,0;720,4;38,0;38,4;26,2;725,0;33,2;0,1;1,23E-1;-541,2;20,00;3,1;3,2;41,86;4,57;0,093;2,8;5,16;0,545
610;12.07.2023;17:00:18;00:10:09;250,1;720,4;38,0;38,4;26,2;725,0;33,2;0,1;1,23E-1;-541,2;20,00;3,1;3,1;41,86;4,58;0,112;2,8;5,18;0,542
611;12.07.2023;17:00:19;00:10:10;250,1;722,1;38,0;38,5;26,2;725,0;33,1;0,1;1,23E-1;-541,2;20,00;3,2;3,2;41,86;4,58;0,146;2,8;5,17;0,542
612;12.07.2023;17:00:20;00:10:11;250,2;722,1;38,1;38,6;26,2;725,0;33,1;0,1;1,22E-1;-541,2;20,00;3,2;3,2;41,87;4,58;0,168;2,8;5,14;0,542
613;12.07.2023;17:00:21;00:10:12;250,0;723,7;38,1;38,6;26,2;725,0;32,9;0,1;1,22E-1;-541,2;20,00;3,2;3,1;41,87;4,59;0,177;2,8;5,20;0,542
614;12.07.2023;17:00:22;00:10:13;250,1;725,2;38,2;38,7;26,2;725,0;32,9;0,1;1,22E-1;-541,2;20,00;3,2;3,2;41,88;4,59;0,190;2,8;5,16;0,541
615;12.07.2023;17:00:23;00:10:14;250,1;725,2;38,2;38,7;26,2;725,0;32,8;0,1;1,22E-1;-541,2;20,00;3,2;3,2;41,88;4,59;0,196;2,8;5,12;0,538
616;12.07.2023;17:00:24;00:10:15;250,1;726,7;38,2;38,8;26,2;725,0;32,7;0,1;1,22E-1;-541,2;20,00;3,2;3,2;41,89;4,60;0,206;2,8;5,13;0,540
617;12.07.2023;17:00:25;00:10:16;250,3;726,7;38,3;38,8;26,3;725,0;32,7;0,1;1,22E-1;-541,2;20,00;3,3;3,2;41,89;4,60;0,220;2,8;5,15;0,537
618;12.07.2023;17:00:26;00:10:17;250,1;728,1;38,3;38,8;26,3;725,0;32,5;0,1;1,22E-1;-541,2;20,00;3,3;3,2;41,89;4,60;0,221;2,8;5,12;0,537
619;12.07.2023;17:00:27;00:10:18;250,3;728,1;38,3;38,8;26,2;725,0;32,5;0,1;1,22E-1;-541,2;20,00;3,3;3,3;41,90;4,61;0,214;2,8;5,15;0,537
620;12.07.2023;17:00:28;00:10:19;250,1;728,0;38,3;38,8;26,2;725,0;32,5;0,1;1,21E-1;-541,2;20,00;3,3;3,2;41,90;4,61;0,200;2,8;5,15;0,537
621;12.07.2023;17:00:29;00:10:20;250,2;729,4;38,3;38,8;26,3;725,0;32,4;0,1;1,21E-1;-541,2;20,00;3,3;3,3;41,90;4,61;0,196;2,7;5,10;0,537
622;12.07.2023;17:00:30;00:10:21;250,0;730,7;38,3;38,9;26,3;725,0;32,4;0,1;1,21E-1;-541,2;20,00;3,3;3,3;41,90;4,62;0,199;2,8;5,12;0,537
623;12.07.2023;17:00:31;00:10:22;250,1;730,7;38,3;38,9;26,3;725,0;32,3;0,1;1,21E-1;-541,2;20,00;3,3;3,4;41,91;4,62;0,202;2,8;5,13;0,536
624;12.07.2023;17:00:32;00:10:23;250,2;730,7;38,4;38,9;26,3;725,0;32,3;0,1;1,21E-1;-541,2;20,00;3,4;3,4;41,91;4,62;0,212;2,8;5,13;0,536
625;12.07.2023;17:00:33;00:10:24;250,1;731,9;38,4;39,0;26,3;725,0;32,2;0,1;1,21E-1;-541,2;20,00;3,4;3,4;41,91;4,63;0,210;2,7;5,09;0,534
626;12.07.2023;17:00:34;00:10:25;250,0;733,0;38,4;39,1;26,3;725,0;32,1;0,1;1,20E-1;-541,2;20,00;3,4;3,4;41,92;4,63;0,204;2,8;5,14;0,535
627;12.07.2023;17:00:35;00:10:26;250,2;733,0;38,4;39,1;26,3;725,0;32,1;0,1;1,20E-1;-541,2;20,00;3,4;3,4;41,92;4,64;0,199;2,7;5,10;0,535
628;12.07.2023;17:00:36;00:10:27;250,3;733,0;38,5;39,1;26,3;725,0;32,1;0,1;1,20E-1;-541,2;20,00;3,4;3,5;41,93;4,64;0,202;2,7;5,08;0,532
629;12.07.2023;17:00:37;00:10:28;250,0;734,0;38,5;39,1;26,3;725,0;32,0;0,1;1,20E-1;-541,2;20,00;3,4;3,5;41,93;4,64;0,205;2,7;5,08;0,532
630;12.07.2023;17:00:38;00:10:29;250,1;734,9;38,5;39,2;26,3;725,0;32,0;0,1;1,20E-1;-541,2;20,00;3,4;3,4;41,93;4,65;0,202;2,7;5,14;0,532
631;12.07.2023;17:00:39;00:10:30;250,1;734,9;38,5;39,2;26,3;725,0;31,9;0,1;1,20E-1;-541,2;20,00;3,5;3,4;41,94;4,65;0,205;2,7;5,07;0,532
632;12.07.2023;17:00:40;00:10:31;250,3;735,7;38,6;39,3;26,3;725,0;31,8;0,1;1,20E-1;-541,2;20,00;3,5;3,5;41,94;4,65;0,208;2,7;5,09;0,531
633;12.07.2023;17:00:41;00:10:32;250,2;735,7;38,6;39,3;26,3;725,0;31,8;0,1;1,20E-1;-541,2;20,00;3,5;3,5;41,94;4,65;0,203;2,7;5,06;0,532
634;12.07.2023;17:00:42;00:10:33;250,3;736,4;38,6;39,3;26,3;725,0;31,7;0,1;1,19E-1;-541,2;20,00;3,5;3,5;41,95;4,66;0,210;2,7;5,07;0,532
635;12.07.2023;17:00:43;00:10:34;250,2;736,4;38,6;39,4;26,3;725,0;31,7;0,1;1,19E-1;-541,2;20,00;3,5;3,5;41,95;4,66;0,214;2,7;5,09;0,529
636;12.07.2023;17:00:44;00:10:35;250,0;737,1;38,6;39,4;26,3;725,0;31,6;0,1;1,19E-1;-541,2;20,00;3,5;3,5;41,95;4,67;0,210;2,7;5,08;0,532
637;12.07.2023;17:00:45;00:10:36;250,0;737,1;38,7;39,4;26,3;725,0;31,6;0,1;1,19E-1;-541,2;20,00;3,6;3,5;41,96;4,67;0,207;2,7;5,09;0,529
638;12.07.2023;17:00:46;00:10:37;250,1;737,1;38,7;39,5;26,3;725,0;31,6;0,1;1,19E-1;-541,2;20,00;3,6;3,6;41,96;4,67;0,210;2,7;5,08;0,529
639;12.07.2023;17:00:47;00:10:38;250,0;737,7;38,7;39,5;26,2;725,0;31,6;0,1;1,19E-1;-541,2;20,00;3,6;3,6;41,96;4,68;0,213;2,7;5,06;0,527
640;12.07.2023;17:00:48;00:10:39;250,2;737,6;38,6;39,4;26,2;725,0;31,6;0,1;1,18E-1;-541,2;20,00;3,6;3,6;41,97;4,68;0,206;2,7;5,01;0,527
641;12.07.2023;17:00:49;00:10:40;250,0;738,1;38,6;39,4;26,3;725,0;31,5;0,1;1,18E-1;-541,2;20,00;3,6;3,7;41,97;4,69;0,216;2,7;5,07;0,527
642;12.07.2023;17:00:50;00:10:41;250,0;738,7;38,6;39,4;26,3;725,0;31,5;0,1;1,18E-1;-541,2;20,00;3,6;3,6;41,97;4,69;0,223;2,7;5,04;0,527
643;12.07.2023;17:00:51;00:10:42;250,0;738,7;38,6;39,4;26,3;725,0;31,4;0,1;1,18E-1;-541,2;20,00;3,6;3,7;41,98;4,69;0,223;2,7;5,06;0,528
644;12.07.2023;17:00:52;00:10:43;250,1;738,7;38,6;39,5;26,3;725,0;31,4;0,1;1,18E-1;-541,2;20,00;3,7;3,7;41,98;4,70;0,227;2,7;5,04;0,527
645;12.07.2023;17:00:53;00:10:44;250,0;739,1;38,6;39,5;26,3;725,0;31,4;0,1;1,18E-1;-541,2;20,00;3,7;3,7;41,99;4,70;0,236;2,6;5,06;0,527
646;12.07.2023;17:00:54;00:10:45;250,0;739,5;38,6;39,5;26,3;725,0;31,3;0,1;1,18E-1;-541,2;20,00;3,7;3,7;41,99;4,70;0,235;2,7;5,05;0,527
647;12.07.2023;17:00:55;00:10:46;250,0;739,5;38,6;39,5;26,3;725,0;31,3;0,1;1,17E-1;-541,2;20,00;3,7;3,7;42,00;4,71;0,225;2,7;5,05;0,527
648;12.07.2023;17:00:56;00:10:47;250,2;739,5;38,7;39,6;26,3;725,0;31,3;0,1;1,17E-1;-541,2;20,00;3,7;3,7;42,00;4,71;0,222;2,7;5,04;0,527
649;12.07.2023;17:00:57;00:10:48;250,2;739,8;38,7;39,6;26,4;725,0;31,3;0,1;1,17E-1;-541,2;20,00;3,7;3,7;42,00;4,72;0,225;2,7;5,03;0,527
650;12.07.2023;17:00:58;00:10:49;250,1;740,1;38,7;39,6;26,4;725,0;31,2;0,1;1,17E-1;-541,2;20,00;3,7;3,7;42,01;4,72;0,235;2,7;5,06;0,526
651;12.07.2023;17:00:59;00:10:50;250,0;740,1;38,7;39,6;26,4;725,0;31,2;0,1;1,17E-1;-541,2;20,00;3,8;3,7;42,01;4,72;0,235;2,7;5,05;0,527
652;12.07.2023;17:01:00;00:10:51;250,0;740,1;38,7;39,6;26,4;725,0;31,2;0,1;1,17E-1;-541,2;20,00;3,8;3,8;42,02;4,73;0,241;2,7;5,05;0,527
653;12.07.2023;17:01:01;00:10:52;250,1;740,3;38,7;39,6;26,4;725,0;31,2;0,1;1,16E-1;-541,2;20,00;3,8;3,8;42,02;4,73;0,237;2,6;5,02;0,526
654;12.07.2023;17:01:02;00:10:53;250,0;740,5;38,7;39,7;26,5;725,0;31,1;0,1;1,16E-1;-541,2;20,00;3,8;3,7;42,02;4,74;0,235;2,7;5,05;0,525
655;12.07.2023;17:01:03;00:10:54;250,0;740,5;38,7;39,7;26,5;725,0;31,1;0,1;1,16E-1;-541,2;20,00;3,8;3,8;42,03;4,74;0,238;2,7;5,04;0,527
656;12.07.2023;17:01:04;00:10:55;250,2;740,5;38,7;39,7;26,5;725,0;31,1;0,1;1,16E-1;-541,2;20,00;3,8;3,8;42,03;4,74;0,242;2,7;5,04;0,526
657;12.07.2023;17:01:05;00:10:56;250,1;740,6;38,7;39,7;26,4;725,0;31,1;0,1;1,16E-1;-541,2;20,00;3,9;3,8;42,03;4,75;0,231;2,7;5,05;0,527
658;12.07.2023;17:01:06;00:10:57;250,3;740,6;38,7;39,7;26,4;725,0;31,1;0,1;1,16E-1;-541,2;20,00;3,9;3,9;42,04;4,75;0,232;2,6;5,04;0,526
659;12.07.2023;17:01:07;00:10:58;250,1;740,8;38,7;39,7;26,4;725,0;31,1;0,1;1,15E-1;-541,2;20,00;3,9;3,9;42,04;4,76;0,226;2,7;5,07;0,527
660;12.07.2023;17:01:08;00:10:59;250,0;740,8;38,7;39,7;26,4;724,3;69,3;0,1;1,15E-1;-541,2;20,00;3,9;3,9;42,04;4,76;0,226;2,4;2,08;0,233
661;12.07.2023;17:01:09;00:11:00;250,0;740,8;38,7;39,7;26,4;722,9;74,7;0,1;1,15E-1;-541,2;20,00;3,9;3,8;42,04;4,76;0,189;0,0;0,01;0,044
662;12.07.2023;17:01:10;00:11:01;250,0;740,8;38,7;39,7;26,4;720,1;75,0;0,1;1,15E-1;-541,2;20,00;3,9;3,8;42,07;4,78;0,277;0,0;0,01;0,044
663;12.07.2023;17:01:11;00:11:02;250,0;740,6;38,7;39,7;26,3;717,2;75,1;0,1;1,15E-1;-541,2;20,00;3,9;3,9;42,10;4,81;0,556;0,0;0,01;0,044
664;12.07.2023;17:01:12;00:11:03;250,0;740,6;38,7;39,7;26,3;715,8;75,2;0,1;1,14E-1;-541,2;20,00;3,9;3,8;42,11;4,82;0,669;0,0;0,01;0,044
665;12.07.2023;17:01:13;00:11:04;250,0;739,8;38,7;39,7;26,1;713,0;75,4;0,1;1,14E-1;-541,2;20,00;3,9;4,0;42,13;4,84;0,840;0,0;0,01;0,044
666;12.07.2023;17:01:14;00:11:05;250,0;739,8;38,6;39,7;26,1;711,6;75,5;0,1;1,14E-1;-541,2;20,00;3,9;3,9;42,14;4,85;0,872;0,0;0,01;0,044
667;12.07.2023;17:01:15;00:11:06;250,0;737,9;38,6;39,7;25,9;708,6;75,6;0,1;1,14E-1;-541,2;20,00;3,9;3,9;42,15;4,86;0,854;0,0;0,01;0,044
668;12.07.2023;17:01:16;00:11:07;250,0;737,9;38,5;39,7;25,9;705,7;75,8;0,1;1,14E-1;-541,2;20,00;3,9;3,9;42,16;4,88;0,821;0,0;0,01;0,044
669;12.07.2023;17:01:17;00:11:08;250,0;734,3;38,5;39,7;25,7;704,3;75,9;0,1;1,13E-1;-541,2;20,00;3,9;3,9;42,17;4,88;0,796;0,0;0,01;0,044
670;12.07.2023;17:01:18;00:11:09;250,0;729,1;38,4;39,7;25,6;701,5;76,0;0,1;1,13E-1;-541,2;20,00;3,9;4,0;42,18;4,89;0,753;0,0;0,01;0,044
671;12.07.2023;17:01:19;00:11:10;250,0;729,1;38,4;39,7;25,6;698,7;76,2;0,1;1,13E-1;-541,2;20,00;3,9;3,8;42,19;4,90;0,685;0,0;0,01;0,044
672;12.07.2023;17:01:20;00:11:11;250,0;729,1;38,2;39,7;25,6;697,3;76,3;0,1;1,13E-1;-541,2;20,00;3,9;3,9;42,20;4,91;0,658;0,0;0,01;0,044
673;12.07.2023;17:01:21;00:11:12;250,0;722,4;38,2;39,7;25,5;694,2;76,4;0,1;1,12E-1;-541,2;20,00;3,9;3,9;42,21;4,92;0,595;0,0;0,01;0,044
674;12.07.2023;17:01:22;00:11:13;250,0;714,7;37,9;39,6;25,4;691,4;76,6;0,1;1,12E-1;-541,2;20,00;3,9;3,8;42,21;4,93;0,533;0,0;0,01;0,044
675;12.07.2023;17:01:23;00:11:14;250,0;714,7;37,9;39,6;25,4;690,0;76,6;0,1;1,12E-1;-541,2;20,00;3,9;3,8;42,22;4,93;0,505;0,0;0,01;0,044
676;12.07.2023;17:01:24;00:11:15;250,0;714,7;37,7;39,5;25,4;687,2;76,8;0,1;1,12E-1;-541,2;20,00;3,9;3,8;42,22;4,94;0,456;0,0;0,01;0,044
677;12.07.2023;17:01:25;00:11:16;250,0;706,4;37,7;39,5;25,4;685,8;76,8;0,1;1,12E-1;-541,2;20,00;3,9;3,9;42,23;4,94;0,435;0,0;0,01;0,044
678;12.07.2023;17:01:26;00:11:17;250,0;697,7;37,4;39,4;25,4;682,9;77,0;0,1;1,11E-1;-541,2;20,00;3,9;3,9;42,23;4,95;0,401;0,0;0,01;0,044
679;12.07.2023;17:01:27;00:11:18;250,0;697,7;37,4;39,4;25,4;679,9;77,1;0,1;1,11E-1;-541,2;20,00;3,9;3,9;42,24;4,95;0,384;0,0;0,01;0,044
680;12.07.2023;17:01:28;00:11:19;250,0;697,7;37,4;39,4;25,4;678,5;77,2;0,1;1,11E-1;-541,2;20,00;3,9;3,9;42,24;4,96;0,379;0,0;0,01;0,044
681;12.07.2023;17:01:29;00:11:20;250,0;688,2;37,1;39,2;25,4;675,7;77,3;0,1;1,11E-1;-541,2;20,00;3,9;4,0;42,25;4,96;0,362;0,0;0,01;0,044
682;12.07.2023;17:01:30;00:11:21;250,0;678,7;36,7;38,9;25,4;672,8;77,4;0,1;1,11E-1;-541,2;20,00;3,9;3,9;42,25;4,97;0,333;0,0;0,01;0,044
683;12.07.2023;17:01:31;00:11:22;250,0;678,7;36,7;38,9;25,4;671,4;77,5;0,1;1,10E-1;-541,2;20,00;3,9;3,8;42,26;4,97;0,317;0,0;0,01;0,044
684;12.07.2023;17:01:32;00:11:23;250,0;678,7;36,7;38,9;25,4;668,6;77,6;0,1;1,10E-1;-541,2;20,00;3,9;3,9;42,26;4,98;0,294;0,0;0,01;0,044
685;12.07.2023;17:01:33;00:11:24;250,0;669,2;36,4;38,7;25,3;665,5;77,8;0,1;1,10E-1;-541,2;20,00;3,9;3,9;42,27;4,98;0,278;0,0;0,00;0,044
686;12.07.2023;17:01:34;00:11:25;250,0;659,7;36,0;38,4;25,3;664,1;77,8;0,1;1,10E-1;-541,2;20,00;3,9;3,9;42,27;4,98;0,269;0,0;0,01;0,044
687;12.07.2023;17:01:35;00:11:26;250,0;659,7;36,0;38,4;25,3;661,3;77,9;0,1;1,10E-1;-541,2;20,00;3,9;3,8;42,27;4,99;0,255;0,0;0,01;0,044
688;12.07.2023;17:01:36;00:11:27;250,0;651,0;35,7;38,1;25,3;658,5;78,0;0,1;1,10E-1;-541,2;20,00;3,9;3,9;42,28;4,99;0,243;0,0;0,01;0,044
689;12.07.2023;17:01:37;00:11:28;250,0;651,0;35,7;38,1;25,3;657,1;78,1;0,1;1,10E-1;-541,2;20,00;3,9;3,9;42,28;4,99;0,244;0,0;0,01;0,044
690;12.07.2023;17:01:38;00:11:29;250,0;642,4;35,3;37,7;25,3;654,3;78,2;0,1;1,09E-1;-541,2;20,00;3,9;3,9;42,29;5,00;0,239;0,0;0,01;0,044
691;12.07.2023;17:01:39;00:11:30;250,0;642,4;35,3;37,7;25,3;652,6;78,3;0,1;1,09E-1;-541,2;20,00;3,9;3,9;42,29;5,00;0,235;0,0;0,01;0,044
692;12.07.2023;17:01:40;00:11:31;250,0;642,4;35,0;37,4;25,3;649,8;78,4;0,1;1,09E-1;-541,2;20,00;3,9;4,0;42,29;5,01;0,233;0,0;0,01;0,044
693;12.07.2023;17:01:41;00:11:32;250,0;633,9;35,0;37,4;25,3;647,0;78,5;0,1;1,09E-1;-541,2;20,00;3,9;4,0;42,30;5,01;0,226;0,0;0,01;0,044
694;12.07.2023;17:01:42;00:11:33;250,0;633,9;34,7;37,0;25,3;645,6;78,5;0,1;1,09E-1;-541,2;20,00;3,9;3,9;42,30;5,01;0,222;0,0;0,00;0,044
695;12.07.2023;17:01:43;00:11:34;250,0;625,4;34,7;37,0;25,3;642,8;78,6;0,1;1,09E-1;-541,2;20,00;3,9;3,8;42,30;5,01;0,210;0,0;0,01;0,044
696;12.07.2023;17:01:44;00:11:35;250,0;625,4;34,3;36,6;25,3;639,9;78,7;0,1;1,09E-1;-541,2;20,00;3,9;4,0;42,31;5,02;0,208;0,0;0,01;0,044
697;12.07.2023;17:01:45;00:11:36;250,0;616,8;34,3;36,6;25,3;638,3;78,8;0,1;1,08E-1;-541,2;20,00;3,9;4,0;42,31;5,02;0,213;0,0;0,00;0,044
698;12.07.2023;17:01:46;00:11:37;250,0;608,3;34,0;36,2;25,3;635,5;78,9;0,1;1,08E-1;-541,2;20,00;3,9;3,9;42,31;5,03;0,215;0,0;0,01;0,044
699;12.07.2023;17:01:47;00:11:38;250,0;608,3;33,9;36,2;25,3;632,6;79,0;0,1;1,08E-1;-541,2;20,00;3,9;3,9;42,32;5,03;0,203;0,0;0,01;0,044
700;12.07.2023;17:01:48;00:11:39;250,0;608,2;33,9;36,1;25,1;631,2;79,0;0,1;1,08E-1;-541,2;20,00;3,9;3,9;42,32;5,03;0,201;0,0;0,01;0,044
701;12.07.2023;17:01:49;00:11:40;250,0;599,2;33,5;35,6;25,1;628,4;79,1;0,1;1,08E-1;-541,2;20,00;3,9;3,9;42,32;5,03;0,193;0,0;0,00;0,044
702;12.07.2023;17:01:50;00:11:41;250,0;599,2;33,2;35,6;25,1;625,6;79,2;0,1;1,08E-1;-541,2;20,00;3,9;3,9;42,33;5,04;0,183;0,0;0,00;0,044
703;12.07.2023;17:01:51;00:11:42;250,0;590,3;33,2;35,1;25,1;624,0;79,2;0,1;1,08E-1;-541,2;20,00;3,9;3,9;42,33;5,04;0,180;0,0;0,01;0,044
704;12.07.2023;17:01:52;00:11:43;250,0;590,3;32,9;34,7;25,1;621,1;79,3;0,1;1,08E-1;-541,2;20,00;3,9;3,9;42,33;5,04;0,178;0,0;0,01;0,044
705;12.07.2023;17:01:53;00:11:44;250,0;581,9;32,9;34,7;25,1;619,7;79,4;0,1;1,07E-1;-541,2;20,00;3,9;3,9;42,33;5,05;0,174;0,0;0,01;0,044
706;12.07.2023;17:01:54;00:11:45;250,0;581,9;32,6;34,3;25,1;616,9;79,4;0,1;1,07E-1;-541,2;20,00;3,9;3,8;42,34;5,05;0,162;0,0;0,00;0,044
707;12.07.2023;17:01:55;00:11:46;250,0;573,6;32,6;34,3;25,1;614,1;79,5;0,1;1,07E-1;-541,2;20,00;3,9;3,9;42,34;5,05;0,156;0,0;0,00;0,044
708;12.07.2023;17:01:56;00:11:47;250,0;573,6;32,6;34,3;25,1;612,7;79,5;0,1;1,07E-1;-541,2;20,00;3,9;3,9;42,34;5,05;0,152;0,0;0,01;0,044
709;12.07.2023;17:01:57;00:11:48;250,0;565,9;32,4;33,8;25,1;609,6;79,6;0,1;1,07E-1;-541,2;20,00;3,9;3,9;42,34;5,05;0,145;0,0;0,01;0,043
710;12.07.2023;17:01:58;00:11:49;250,0;558,4;32,1;33,5;25,1;606,8;79,7;0,1;1,07E-1;-541,2;20,00;3,9;3,8;42,34;5,06;0,140;0,0;0,01;0,044
711;12.07.2023;17:01:59;00:11:50;250,0;558,4;32,1;33,5;25,1;605,4;79,7;0,1;1,07E-1;-541,2;20,00;3,9;3,9;42,35;5,06;0,139;0,0;0,01;0,044
712;12.07.2023;17:02:00;00:11:51;250,0;558,4;31,9;33,5;25,1;602,6;79,8;0,1;1,07E-1;-541,2;20,00;3,9;3,9;42,35;5,06;0,139;0,0;0,01;0,044
713;12.07.2023;17:02:01;00:11:52;250,0;550,9;31,9;33,0;25,1;599,7;79,8;0,1;1,06E-1;-541,2;20,00;3,9;3,9;42,35;5,07;0,142;0,0;0,01;0,044
714;12.07.2023;17:02:02;00:11:53;250,0;550,9;31,7;32,7;25,1;598,3;79,9;0,1;1,06E-1;-541,2;20,00;3,9;3,9;42,35;5,07;0,145;0,0;0,01;0,044
715;12.07.2023;17:02:03;00:11:54;250,0;543,5;31,7;32,7;25,1;595,3;79,9;0,1;1,06E-1;-541,2;20,00;3,9;3,8;42,36;5,07;0,138;0,0;0,01;0,044
716;12.07.2023;17:02:04;00:11:55;250,0;543,5;31,4;32,7;25,1;593,9;80,0;0,1;1,06E-1;-541,2;20,00;3,9;3,9;42,36;5,07;0,136;0,0;0,00;0,044
717;12.07.2023;17:02:05;00:11:56;250,0;536,3;31,4;32,3;25,1;591,1;80,0;0,1;1,06E-1;-541,2;20,00;3,9;3,9;42,36;5,07;0,134;0,0;0,01;0,044
718;12.07.2023;17:02:06;00:11:57;250,0;529,1;31,2;31,9;25,1;588,2;80,1;0,1;1,06E-1;-541,2;20,00;3,9;3,9;42,36;5,08;0,125;0,0;0,01;0,044
719;12.07.2023;17:02:07;00:11:58;250,0;529,1;31,2;31,9;25,1;586,8;80,1;0,1;1,06E-1;-541,2;20,00;3,9;3,9;42,36;5,08;0,124;0,0;0,01;0,044
720;12.07.2023;17:02:08;00:11:59;250,0;529,0;31,2;31,8;25,0;584,0;80,1;0,1;1,06E-1;-541,2;20,00;3,9;3,9;42,37;5,08;0,129;0,0;0,01;0,044
721;12.07.2023;17:02:09;00:12:00;250,0;521,4;30,9;31,4;25,0;581,0;80,2;0,1;1,05E-1;-541,2;20,00;3,9;3,9;42,37;5,08;0,130;0,0;0,00;0,044
722;12.07.2023;17:02:10;00:12:01;250,0;521,4;30,7;31,4;25,0;579,5;80,2;0,1;1,05E-1;-541,2;20,00;3,9;3,9;42,37;5,08;0,129;0,0;0,01;0,044
723;12.07.2023;17:02:11;00:12:02;250,0;513,9;30,7;31,1;25,0;576,7;80,3;0,1;1,05E-1;-541,2;20,00;3,9;3,8;42,37;5,09;0,128;0,0;0,01;0,044
724;12.07.2023;17:02:12;00:12:03;250,0;513,9;30,5;30,7;25,0;573,9;80,3;0,1;1,05E-1;-541,2;20,00;3,9;3,9;42,38;5,09;0,131;0,0;0,01;0,044
725;12.07.2023;17:02:13;00:12:04;250,0;506,6;30,5;30,7;25,0;572,5;80,3;0,1;1,05E-1;-541,2;20,00;3,9;3,9;42,38;5,09;0,132;0,0;0,01;0,044
726;12.07.2023;17:02:14;00:12:05;250,0;506,6;30,3;30,3;25,0;569,7;80,3;0,1;1,05E-1;-541,2;20,00;3,9;3,9;42,38;5,09;0,131;0,0;0,00;0,044
727;12.07.2023;17:02:15;00:12:06;250,0;499,3;30,3;30,3;25,0;566,6;80,4;0,1;1,05E-1;-541,2;20,00;3,9;3,9;42,38;5,09;0,126;0,0;0,01;0,044
728;12.07.2023;17:02:16;00:12:07;250,0;499,3;30,3;30,3;25,0;565,2;80,4;0,1;1,05E-1;-541,2;20,00;3,9;4,0;42,38;5,10;0,125;0,0;0,00;0,044
729;12.07.2023;17:02:17;00:12:08;250,0;492,6;30,1;30,0;25,0;562,4;80,4;0,1;1,04E-1;-541,2;20,00;3,9;3,9;42,39;5,10;0,116;0,0;0,01;0,044
730;12.07.2023;17:02:18;00:12:09;250,0;492,6;30,0;30,0;25,0;561,0;80,4;0,1;1,04E-1;-541,2;20,00;3,9;3,9;42,39;5,10;0,117;0,0;0,01;0,044
731;12.07.2023;17:02:19;00:12:10;250,0;486,0;30,0;29,7;25,0;558,2;80,5;0,1;1,04E-1;-541,2;20,00;3,9;3,9;42,39;5,10;0,107;0,0;0,01;0,044
732;12.07.2023;17:02:20;00:12:11;250,0;486,0;29,8;29,7;25,0;555,3;80,5;0,1;1,04E-1;-541,2;20,00;3,9;3,9;42,39;5,10;0,104;0,0;0,01;0,044
733;12.07.2023;17:02:21;00:12:12;250,0;479,4;29,8;29,4;25,0;553,9;80,5;0,1;1,04E-1;-541,2;20,00;3,9;3,9;42,39;5,10;0,103;0,0;0,01;0,044
734;12.07.2023;17:02:22;00:12:13;250,0;473,0;29,7;29,1;25,0;550,9;80,5;0,1;1,04E-1;-541,2;20,00;3,9;3,9;42,39;5,11;0,103;0,0;0,00;0,044
735;12.07.2023;17:02:23;00:12:14;250,0;473,0;29,7;29,1;25,0;548,1;80,5;0,1;1,04E-1;-541,2;20,00;3,9;3,9;42,39;5,11;0,101;0,0;0,01;0,044
736;12.07.2023;17:02:24;00:12:15;250,0;473,0;29,5;28,8;25,0;546,6;80,5;0,1;1,04E-1;-541,2;20,00;3,9;3,9;42,40;5,11;0,098;0,0;0,01;0,044
737;12.07.2023;17:02:25;00:12:16;250,0;466,6;29,5;28,8;25,0;543,8;80,6;0,1;1,04E-1;-541,2;20,00;3,9;3,9;42,40;5,11;0,095;0,0;0,00;0,044
738;12.07.2023;17:02:26;00:12:17;250,0;460,3;29,4;28,5;25,0;541,0;80,6;0,1;1,03E-1;-541,2;20,00;3,9;3,9;42,40;5,11;0,093;0,0;0,00;0,044
739;12.07.2023;17:02:27;00:12:18;250,0;460,3;29,4;28,5;25,0;539,6;80,6;0,1;1,03E-1;-541,2;20,00;3,9;3,9;42,40;5,11;0,096;0,0;0,00;0,044
740;12.07.2023;17:02:28;00:12:19;250,0;460,3;29,1;28,5;24,9;536,5;80,6;0,1;1,03E-1;-541,2;20,00;3,9;4,0;42,40;5,12;0,100;0,0;0,01;0,044
741;12.07.2023;17:02:29;00:12:20;250,0;453,6;29,1;28,2;24,9;533,7;80,6;0,1;1,03E-1;-541,2;20,00;3,9;3,9;42,40;5,12;0,094;0,0;0,01;0,044
742;12.07.2023;17:02:30;00:12:21;250,0;453,6;29,1;28,2;24,9;532,3;80,6;0,1;1,03E-1;-541,2;20,00;3,9;3,9;42,41;5,12;0,095;0,0;0,00;0,044
743;12.07.2023;17:02:31;00:12:22;250,0;446,8;29,0;27,9;24,9;529,5;80,6;0,1;1,03E-1;-541,2;20,00;3,9;3,9;42,41;5,12;0,099;0,0;0,01;0,044
744;12.07.2023;17:02:32;00:12:23;250,0;446,8;29,0;27,9;24,9;528,1;80,6;0,1;1,03E-1;-541,2;20,00;3,9;3,8;42,41;5,12;0,096;0,0;0,01;0,044
745;12.07.2023;17:02:33;00:12:24;250,0;440,2;28,8;27,6;24,9;525,3;80,6;0,1;1,03E-1;-541,2;20,00;3,9;3,9;42,41;5,12;0,101;0,0;0,01;0,044
746;12.07.2023;17:02:34;00:12:25;250,0;440,2;28,6;27,6;24,9;522,2;80,6;0,1;1,03E-1;-541,2;20,00;3,9;3,9;42,41;5,12;0,101;0,0;0,00;0,044
747;12.07.2023;17:02:35;00:12:26;250,0;433,6;28,6;27,4;24,9;520,8;80,6;0,1;1,03E-1;-541,2;20,00;3,9;3,9;42,41;5,13;0,102;0,0;0,01;0,044
748;12.07.2023;17:02:36;00:12:27;250,0;433,6;28,6;27,4;24,9;518,0;80,5;0,1;1,02E-1;-541,2;20,00;3,9;3,9;42,42;5,13;0,099;0,0;0,01;0,044
749;12.07.2023;17:02:37;00:12:28;250,0;427,5;28,5;27,2;24,9;515,2;80,5;0,1;1,02E-1;-541,2;20,00;3,9;4,0;42,42;5,13;0,094;0,0;0,01;0,044
750;12.07.2023;17:02:38;00:12:29;250,0;427,5;28,4;27,0;24,9;513,7;80,5;0,1;1,02E-1;-541,2;20,00;3,9;3,9;42,42;5,13;0,093;0,0;0,00;0,044
751;12.07.2023;17:02:39;00:12:30;250,0;421,7;28,4;27,0;24,9;510,9;80,5;0,1;1,02E-1;-541,2;20,00;3,9;3,9;42,42;5,13;0,090;0,0;0,01;0,044
752;12.07.2023;17:02:40;00:12:31;250,0;416,0;28,3;26,8;24,9;507,9;80,5;0,1;1,02E-1;-541,2;20,00;3,9;3,9;42,42;5,13;0,095;0,0;0,01;0,044
753;12.07.2023;17:02:41;00:12:32;250,0;416,0;28,3;26,8;24,9;506,5;80,5;0,1;1,02E-1;-541,2;20,00;3,9;3,9;42,42;5,14;0,094;0,0;0,00;0,044
754;12.07.2023;17:02:42;00:12:33;250,0;410,4;28,1;26,6;24,9;503,6;80,5;0,1;1,02E-1;-541,2;20,00;3,9;3,9;42,43;5,14;0,097;0,0;0,00;0,044
755;12.07.2023;17:02:43;00:12:34;250,0;410,4;28,1;26,6;24,9;502,2;80,4;0,1;1,02E-1;-541,2;20,00;3,9;3,9;42,42;5,14;0,096;0,0;0,01;0,044
756;12.07.2023;17:02:44;00:12:35;250,0;410,4;28,0;26,6;24,9;499,4;80,4;0,1;1,02E-1;-541,2;20,00;3,9;3,9;42,43;5,14;0,087;0,0;0,01;0,044
757;12.07.2023;17:02:45;00:12:36;250,0;404,8;28,0;26,4;24,9;496,6;80,4;0,1;1,01E-1;-541,2;20,00;3,9;3,9;42,43;5,14;0,084;0,0;0,01;0,044
758;12.07.2023;17:02:46;00:12:37;250,0;404,8;27,9;26,2;24,9;494,9;80,4;0,1;1,01E-1;-541,2;20,00;3,9;3,9;42,43;5,14;0,082;0,0;0,01;0,044
759;12.07.2023;17:02:47;00:12:38;250,0;399,3;27,9;26,2;24,8;492,1;80,3;0,1;1,01E-1;-541,2;20,00;3,9;3,9;42,43;5,14;0,081;0,0;0,01;0,044
760;12.07.2023;17:02:48;00:12:39;250,0;399,2;27,7;25,9;24,8;489,3;80,3;0,1;1,01E-1;-541,2;20,00;3,9;3,9;42,43;5,15;0,084;0,0;0,01;0,044
761;12.07.2023;17:02:49;00:12:40;250,0;393,4;27,7;25,9;24,8;487,9;80,3;0,1;1,01E-1;-541,2;20,00;3,9;3,9;42,43;5,15;0,087;0,0;0,01;0,044
762;12.07.2023;17:02:50;00:12:41;250,0;393,4;27,6;25,9;24,8;485,1;80,2;0,1;1,01E-1;-541,2;20,00;3,9;3,9;42,44;5,15;0,087;0,0;0,00;0,044
763;12.07.2023;17:02:51;00:12:42;250,0;387,6;27,6;25,8;24,8;482,3;80,2;0,1;1,01E-1;-541,2;20,00;3,9;3,9;42,44;5,15;0,083;0,0;0,01;0,044
764;12.07.2023;17:02:52;00:12:43;250,0;387,6;27,6;25,8;24,8;480,6;80,2;0,1;1,01E-1;-541,2;20,00;3,9;3,9;42,44;5,15;0,082;0,0;0,00;0,044
765;12.07.2023;17:02:53;00:12:44;250,0;381,9;27,5;25,6;24,8;478,7;80,1;0,1;1,00E-1;-541,2;20,00;3,9;3,9;42,44;5,15;0,077;0,0;0,01;0,044
766;12.07.2023;17:02:54;00:12:45;250,0;381,9;27,4;25,4;24,8;475,0;80,1;0,1;1,00E-1;-541,2;20,00;3,9;3,9;42,44;5,15;0,074;0,0;0,01;0,044
767;12.07.2023;17:02:55;00:12:46;250,0;376,2;27,4;25,4;24,7;473,6;80,0;0,1;1,00E-1;-541,2;20,00;3,9;3,9;42,44;5,15;0,075;0,0;0,00;0,044
768;12.07.2023;17:02:56;00:12:47;250,0;376,2;27,3;25,4;24,7;470,7;80,0;0,1;1,00E-1;-541,2;20,00;3,9;3,8;42,44;5,16;0,076;0,0;0,00;0,044
769;12.07.2023;17:02:57;00:12:48;250,0;371,0;27,3;25,3;24,7;469,3;80,0;0,1;1,00E-1;-541,2;20,00;3,9;3,9;42,44;5,16;0,077;0,0;0,01;0,044
770;12.07.2023;17:02:58;00:12:49;250,0;365,9;27,2;25,1;24,7;466,3;79,9;0,1;9,99E-2;-541,2;20,00;3,9;3,9;42,45;5,16;0,082;0,0;0,01;0,044
771;12.07.2023;17:02:59;00:12:50;250,0;365,9;27,2;25,1;24,7;463,5;79,8;0,1;9,98E-2;-541,2;20,00;3,9;4,0;42,45;5,16;0,080;0,0;0,00;0,044
772;12.07.2023;17:03:00;00:12:51;250,0;365,9;27,2;25,1;24,7;462,0;79,8;0,1;9,98E-2;-541,2;20,00;3,9;3,9;42,45;5,16;0,078;0,0;0,00;0,044
773;12.07.2023;17:03:01;00:12:52;250,0;360,8;27,1;25,0;24,7;459,2;79,8;0,1;9,97E-2;-541,2;20,00;3,9;3,9;42,45;5,16;0,076;0,0;0,00;0,044
774;12.07.2023;17:03:02;00:12:53;250,0;355,8;27,0;24,8;24,7;456,4;79,7;0,1;9,96E-2;-541,2;20,00;3,9;3,9;42,45;5,16;0,072;0,0;0,00;0,044
775;12.07.2023;17:03:03;00:12:54;250,0;355,8;27,0;24,8;24,7;455,0;79,7;0,1;9,95E-2;-541,2;20,00;3,9;3,9;42,45;5,16;0,072;0,0;0,01;0,044
776;12.07.2023;17:03:04;00:12:55;250,0;355,8;26,9;24,8;24,7;451,9;79,6;0,1;9,93E-2;-541,2;20,00;3,9;3,9;42,45;5,17;0,071;0,0;0,00;0,044
777;12.07.2023;17:03:05;00:12:56;250,0;350,8;26,9;24,7;24,7;449,1;79,5;0,1;9,92E-2;-541,2;20,00;3,9;3,9;42,45;5,17;0,073;0,0;0,00;0,044
778;12.07.2023;17:03:06;00:12:57;250,0;350,8;26,8;24,6;24,7;447,7;79,5;0,1;9,92E-2;-541,2;20,00;3,9;3,8;42,45;5,17;0,073;0,0;0,01;0,044
779;12.07.2023;17:03:07;00:12:58;250,0;345,9;26,8;24,6;24,7;444,9;79,4;0,1;9,91E-2;-541,2;20,00;3,9;4,0;42,46;5,17;0,076;0,0;0,00;0,044
780;12.07.2023;17:03:08;00:12:59;250,0;345,9;26,7;24,5;24,7;442,1;79,3;0,1;9,89E-2;-541,2;20,00;3,9;4,0;42,46;5,17;0,072;0,0;0,01;0,044
781;12.07.2023;17:03:09;00:13:00;250,0;340,7;26,7;24,5;24,7;440,7;79,3;0,1;9,88E-2;-541,2;20,00;3,9;4,0;42,46;5,17;0,071;0,0;0,00;0,044
782;12.07.2023;17:03:10;00:13:01;250,0;340,7;26,5;24,5;24,7;437,6;79,2;0,1;9,86E-2;-541,2;20,00;3,9;3,9;42,46;5,17;0,065;0,0;0,01;0,044
783;12.07.2023;17:03:11;00:13:02;250,0;335,5;26,5;24,3;24,7;436,2;79,1;0,1;9,86E-2;-541,2;20,00;3,9;3,9;42,46;5,17;0,066;0,0;0,01;0,044
784;12.07.2023;17:03:12;00:13:03;250,0;335,5;26,5;24,3;24,7;433,4;79,1;0,1;9,85E-2;-541,2;20,00;3,9;3,8;42,46;5,17;0,062;0,0;0,01;0,044
785;12.07.2023;17:03:13;00:13:04;250,0;330,4;26,4;24,2;24,7;430,6;79,0;0,1;9,84E-2;-541,2;20,00;3,9;3,9;42,46;5,18;0,062;0,0;0,01;0,044
786;12.07.2023;17:03:14;00:13:05;250,0;330,4;26,3;24,2;24,7;429,1;78,9;0,1;9,83E-2;-541,2;20,00;3,9;3,9;42,46;5,18;0,061;0,0;0,01;0,043
787;12.07.2023;17:03:15;00:13:06;250,0;325,4;26,3;24,1;24,7;426,3;78,8;0,1;9,81E-2;-541,2;20,00;3,9;3,9;42,46;5,18;0,061;0,0;0,01;0,044
788;12.07.2023;17:03:16;00:13:07;250,0;325,4;26,3;24,0;24,7;423,3;78,7;0,1;9,80E-2;-541,2;20,00;3,9;3,8;42,47;5,18;0,057;0,0;0,01;0,044
789;12.07.2023;17:03:17;00:13:08;250,0;320,6;26,3;24,0;24,7;421,9;78,7;0,1;9,80E-2;-541,2;20,00;3,9;3,9;42,47;5,18;0,063;0,0;0,01;0,044
790;12.07.2023;17:03:18;00:13:09;250,0;320,6;26,2;24,0;24,6;419,0;78,6;0,1;9,79E-2;-541,2;20,00;3,9;3,9;42,47;5,18;0,062;0,0;0,00;0,044
791;12.07.2023;17:03:19;00:13:10;250,0;315,9;26,2;23,9;24,6;416,2;78,5;0,1;9,77E-2;-541,2;20,00;3,9;3,9;42,47;5,18;0,062;0,0;0,01;0,044
792;12.07.2023;17:03:20;00:13:11;250,0;315,9;26,2;23,9;24,6;414,8;78,4;0,1;9,76E-2;-541,2;20,00;3,9;3,9;42,47;5,18;0,058;0,0;0,01;0,044
793;12.07.2023;17:03:21;00:13:12;250,0;311,3;26,1;23,8;24,6;412,0;78,3;0,1;9,75E-2;-541,2;20,00;3,9;3,8;42,47;5,18;0,053;0,0;0,00;0,044
794;12.07.2023;17:03:22;00:13:13;250,0;311,3;26,1;23,8;24,6;410,6;78,3;0,1;9,75E-2;-541,2;20,00;3,9;3,9;42,47;5,18;0,057;0,0;0,01;0,044
795;12.07.2023;17:03:23;00:13:14;250,0;306,7;26,0;23,7;24,6;407,5;78,1;0,1;9,74E-2;-541,2;20,00;3,9;3,8;42,47;5,18;0,054;0,0;0,01;0,044
796;12.07.2023;17:03:24;00:13:15;250,0;306,7;25,9;23,7;24,6;404,7;78,0;0,1;9,72E-2;-541,2;20,00;3,9;3,8;42,47;5,19;0,051;0,0;0,00;0,044
797;12.07.2023;17:03:25;00:13:16;250,0;302,3;25,9;23,6;24,6;403,3;78,0;0,1;9,72E-2;-541,2;20,00;3,9;3,9;42,47;5,19;0,058;0,0;0,00;0,044
798;12.07.2023;17:03:26;00:13:17;250,0;298,0;25,8;23,5;24,6;400,5;77,9;0,1;9,70E-2;-541,2;20,00;3,9;3,9;42,48;5,19;0,061;0,0;0,01;0,044
799;12.07.2023;17:03:27;00:13:18;250,0;298,0;25,8;23,5;24,6;397,7;77,7;0,1;9,69E-2;-541,2;20,00;3,9;4,0;42,48;5,19;0,068;0,0;0,01;0,044
800;12.07.2023;17:03:28;00:13:19;250,0;297,9;25,8;23,4;24,6;396,2;77,7;0,1;9,69E-2;-541,2;20,00;3,9;4,0;42,48;5,19;0,068;0,0;0,01;0,044
801;12.07.2023;17:03:29;00:13:20;250,0;297,9;25,7;23,3;24,6;393,2;77,6;0,1;9,68E-2;-541,2;20,00;3,9;3,9;42,48;5,19;0,067;0,0;0,00;0,044
802;12.07.2023;17:03:30;00:13:21;250,0;293,3;25,7;23,3;24,6;390,4;77,4;0,1;9,66E-2;-541,2;20,00;3,9;3,9;42,48;5,19;0,065;0,0;0,01;0,044
803;12.07.2023;17:03:31;00:13:22;250,0;288,7;25,6;23,2;24,5;389,0;77,4;0,1;9,65E-2;-541,2;20,00;3,9;3,9;42,48;5,19;0,066;0,0;0,00;0,044
804;12.07.2023;17:03:32;00:13:23;250,0;288,7;25,6;23,2;24,5;386,1;77,2;0,1;9,64E-2;-541,2;20,00;3,9;3,8;42,48;5,19;0,059;0,0;0,00;0,044
805;12.07.2023;17:03:33;00:13:24;250,0;284,2;25,5;23,1;24,5;383,3;77,1;0,1;9,63E-2;-541,2;20,00;3,9;3,9;42,48;5,20;0,061;0,0;0,01;0,044
806;12.07.2023;17:03:34;00:13:25;250,0;284,2;25,4;23,1;24,5;381,9;77,0;0,1;9,63E-2;-541,2;20,00;3,9;3,9;42,48;5,20;0,061;0,0;0,01;0,044
807;12.07.2023;17:03:35;00:13:26;250,0;279,8;25,4;23,0;24,5;378,9;76,9;0,1;9,62E-2;-541,2;20,00;3,9;4,0;42,48;5,20;0,059;0,0;0,00;0,044
808;12.07.2023;17:03:36;00:13:27;250,0;279,8;25,4;23,0;24,5;377,4;76,8;0,1;9,61E-2;-541,2;20,00;3,9;3,9;42,49;5,20;0,054;0,0;0,01;0,044
809;12.07.2023;17:03:37;00:13:28;250,0;275,6;25,4;23,0;24,5;374,6;76,7;0,1;9,60E-2;-541,2;20,00;3,9;3,9;42,49;5,20;0,047;0,0;0,01;0,044
810;12.07.2023;17:03:38;00:13:29;250,0;275,6;25,3;23,0;24,5;371,8;76,5;0,1;9,58E-2;-541,2;20,00;3,9;4,0;42,49;5,20;0,049;0,0;0,00;0,044
811;12.07.2023;17:03:39;00:13:30;250,0;271,6;25,3;22,9;24,5;370,4;76,5;0,1;9,57E-2;-541,2;20,00;3,9;4,0;42,49;5,20;0,052;0,0;0,01;0,044
812;12.07.2023;17:03:40;00:13:31;250,0;271,6;25,3;22,9;24,5;367,6;76,3;0,1;9,57E-2;-541,2;20,00;3,9;3,9;42,49;5,20;0,050;0,0;0,01;0,044
813;12.07.2023;17:03:41;00:13:32;250,0;267,5;25,2;22,8;24,5;364,5;76,2;0,1;9,56E-2;-541,2;20,00;3,9;3,9;42,49;5,20;0,052;0,0;0,00;0,044
814;12.07.2023;17:03:42;00:13:33;250,0;267,5;25,1;22,7;24,5;363,1;76,1;0,1;9,54E-2;-541,2;20,00;3,9;4,0;42,49;5,20;0,052;0,0;0,01;0,044
815;12.07.2023;17:03:43;00:13:34;250,0;263,5;25,1;22,7;24,5;360,3;75,9;0,1;9,53E-2;-541,2;20,00;3,9;3,9;42,49;5,20;0,048;0,0;0,00;0,044
816;12.07.2023;17:03:44;00:13:35;250,0;263,5;25,1;22,7;24,5;357,5;75,8;0,1;9,52E-2;-541,2;20,00;3,9;3,9;42,49;5,20;0,048;0,0;0,00;0,044
817;12.07.2023;17:03:45;00:13:36;250,0;259,6;25,1;22,7;24,5;356,1;75,7;0,1;9,52E-2;-541,2;20,00;3,9;3,9;42,49;5,21;0,048;0,0;0,00;0,044
818;12.07.2023;17:03:46;00:13:37;250,0;255,7;25,0;22,6;24,5;353,2;75,6;0,1;9,51E-2;-541,2;20,00;3,9;3,9;42,49;5,21;0,039;0,0;0,01;0,044
819;12.07.2023;17:03:47;00:13:38;250,0;255,7;25,0;22,6;24,5;350,2;75,4;0,1;9,49E-2;-541,2;20,00;3,9;3,9;42,49;5,21;0,040;0,0;0,00;0,044
820;12.07.2023;17:03:48;00:13:39;250,0;255,7;25,0;22,6;24,5;348,8;75,3;0,1;9,49E-2;-541,2;20,00;3,9;3,9;42,49;5,21;0,037;0,0;0,01;0,044
821;12.07.2023;17:03:49;00:13:40;250,0;251,6;24,9;22,5;24,5;345,9;75,1;0,1;9,47E-2;-541,2;20,00;3,9;3,9;42,49;5,21;0,037;0,0;0,01;0,044
822;12.07.2023;17:03:50;00:13:41;250,0;251,6;24,9;22,5;24,5;344,5;75,1;0,1;9,47E-2;-541,2;20,00;3,9;3,9;42,49;5,21;0,037;0,0;0,00;0,044
823;12.07.2023;17:03:51;00:13:42;250,0;247,5;24,9;22,5;24,5;341,7;74,9;0,1;9,46E-2;-541,2;20,00;3,9;3,9;42,49;5,21;0,033;0,0;0,01;0,044
824;12.07.2023;17:03:52;00:13:43;250,0;247,5;24,8;22,5;24,5;338,9;74,7;0,1;9,45E-2;-541,2;20,00;3,9;4,0;42,50;5,21;0,035;0,0;0,00;0,044
825;12.07.2023;17:03:53;00:13:44;250,0;243,4;24,8;22,4;24,5;337,5;74,6;0,1;9,45E-2;-541,2;20,00;3,9;3,9;42,50;5,21;0,035;0,0;0,00;0,044
826;12.07.2023;17:03:54;00:13:45;250,0;243,4;24,7;22,4;24,5;334,4;74,4;0,1;9,43E-2;-541,2;20,00;3,9;4,0;42,50;5,21;0,038;0,0;0,01;0,044
827;12.07.2023;17:03:55;00:13:46;250,0;239,4;24,7;22,3;24,5;331,6;74,3;0,1;9,42E-2;-541,2;20,00;3,9;3,9;42,50;5,21;0,038;0,0;0,00;0,044
828;12.07.2023;17:03:56;00:13:47;250,0;239,4;24,7;22,3;24,5;330,2;74,2;0,1;9,41E-2;-541,2;20,00;3,9;3,9;42,50;5,21;0,035;0,0;0,01;0,044
829;12.07.2023;17:03:57;00:13:48;250,0;235,7;24,6;22,3;24,4;327,4;74,0;0,1;9,40E-2;-541,2;20,00;3,9;3,9;42,50;5,21;0,038;0,0;0,00;0,044
830;12.07.2023;17:03:58;00:13:49;250,0;235,7;24,6;22,2;24,4;324,6;73,8;0,1;9,39E-2;-541,2;20,00;3,9;3,8;42,50;5,21;0,040;0,0;0,01;0,044
831;12.07.2023;17:03:59;00:13:50;250,0;232,0;24,6;22,2;24,4;323,2;73,7;0,1;9,39E-2;-541,2;20,00;3,9;3,9;42,50;5,21;0,043;0,0;0,01;0,044
832;12.07.2023;17:04:00;00:13:51;250,0;232,0;24,6;22,2;24,4;320,1;73,5;0,1;9,38E-2;-541,2;20,00;3,9;3,9;42,50;5,21;0,045;0,0;0,00;0,044
833;12.07.2023;17:04:01;00:13:52;250,0;228,5;24,5;22,1;24,4;318,7;73,4;0,1;9,37E-2;-541,2;20,00;3,9;3,9;42,50;5,22;0,046;0,0;0,00;0,044
834;12.07.2023;17:04:02;00:13:53;250,0;228,5;24,4;22,1;24,4;315,9;73,2;0,1;9,36E-2;-541,2;20,00;3,9;3,9;42,50;5,22;0,043;0,0;0,00;0,044
835;12.07.2023;17:04:03;00:13:54;250,0;224,8;24,4;22,1;24,4;313,0;73,0;0,1;9,34E-2;-541,2;20,00;3,9;3,9;42,50;5,22;0,045;0,0;0,00;0,044
836;12.07.2023;17:04:04;00:13:55;250,0;224,8;24,4;22,1;24,4;311,6;72,9;0,1;9,34E-2;-541,2;20,00;3,9;3,9;42,50;5,22;0,040;0,0;0,00;0,044
837;12.07.2023;17:04:05;00:13:56;250,0;221,1;24,4;22,0;24,4;308,8;72,8;0,1;9,33E-2;-541,2;20,00;3,9;4,0;42,50;5,22;0,040;0,0;0,01;0,044
838;12.07.2023;17:04:06;00:13:57;250,0;221,1;24,3;21,9;24,4;305,8;72,5;0,1;9,32E-2;-541,2;20,00;3,9;3,9;42,50;5,22;0,039;0,0;0,01;0,044
839;12.07.2023;17:04:07;00:13:58;250,0;217,4;24,3;21,9;24,4;304,4;72,4;0,1;9,31E-2;-541,2;20,00;3,9;3,9;42,51;5,22;0,035;0,0;0,00;0,044
840;12.07.2023;17:04:08;00:13:59;250,0;217,3;24,3;21,9;24,3;301,5;72,2;0,1;9,29E-2;-541,2;20,00;3,9;3,9;42,51;5,22;0,034;0,0;0,01;0,044
841;12.07.2023;17:04:09;00:14:00;250,0;213,5;24,1;21,8;24,3;298,7;72,0;0,1;9,29E-2;-541,2;20,00;3,9;3,9;42,51;5,22;0,036;0,0;0,01;0,044
842;12.07.2023;17:04:10;00:14:01;250,0;213,5;24,1;21,8;24,3;297,3;71,9;0,1;9,28E-2;-541,2;20,00;3,9;3,9;42,51;5,22;0,038;0,0;0,01;0,044
843;12.07.2023;17:04:11;00:14:02;250,0;209,8;24,1;21,7;24,3;294,5;71,7;0,1;9,27E-2;-541,2;20,00;3,9;3,9;42,51;5,22;0,037;0,0;0,01;0,044
844;12.07.2023;17:04:12;00:14:03;250,0;209,8;24,0;21,7;24,3;291,4;71,5;0,1;9,26E-2;-541,2;20,00;3,9;3,9;42,51;5,22;0,036;0,0;0,00;0,044
845;12.07.2023;17:04:13;00:14:04;250,0;209,8;24,0;21,7;24,3;290,0;71,4;0,1;9,25E-2;-541,2;20,00;3,9;3,9;42,51;5,22;0,033;0,0;0,01;0,044
846;12.07.2023;17:04:14;00:14:05;250,0;206,2;24,0;21,7;24,3;287,2;71,2;0,1;9,24E-2;-541,2;20,00;3,9;3,9;42,51;5,22;0,036;0,0;0,00;0,044
847;12.07.2023;17:04:15;00:14:06;250,0;206,2;23,9;21,6;24,3;285,8;71,1;0,1;9,23E-2;-541,2;20,00;3,9;3,8;42,51;5,22;0,035;0,0;0,01;0,044
848;12.07.2023;17:04:16;00:14:07;250,0;202,6;23,9;21,6;24,3;283,0;70,8;0,1;9,23E-2;-541,2;20,00;3,9;3,8;42,51;5,22;0,038;0,0;0,00;0,044
849;12.07.2023;17:04:17;00:14:08;250,0;199,4;23,9;21,6;24,3;280,1;70,6;0,1;9,22E-2;-541,2;20,00;3,9;3,9;42,51;5,23;0,042;0,0;0,01;0,044
850;12.07.2023;17:04:18;00:14:09;250,0;199,4;23,9;21,6;24,3;278,5;70,5;0,1;9,21E-2;-541,2;20,00;3,9;3,9;42,51;5,23;0,043;0,0;0,00;0,044
851;12.07.2023;17:04:19;00:14:10;250,0;196,1;23,8;21,5;24,3;275,7;70,3;0,1;9,20E-2;-541,2;20,00;3,9;3,8;42,51;5,23;0,038;0,0;0,01;0,044
852;12.07.2023;17:04:20;00:14:11;250,0;196,1;23,8;21,5;24,3;272,9;70,0;0,1;9,19E-2;-541,2;20,00;3,9;3,9;42,51;5,23;0,043;0,0;0,00;0,044
853;12.07.2023;17:04:21;00:14:12;250,0;192,9;23,8;21,5;24,3;271,5;69,9;0,1;9,18E-2;-541,2;20,00;3,9;3,9;42,51;5,23;0,044;0,0;0,00;0,044
854;12.07.2023;17:04:22;00:14:13;250,0;192,9;23,7;21,5;24,3;268,6;69,7;0,1;9,17E-2;-541,2;20,00;3,9;3,9;42,52;5,23;0,042;0,0;0,00;0,044
855;12.07.2023;17:04:23;00:14:14;250,0;189,8;23,7;21,4;24,3;265,8;69,4;0,1;9,16E-2;-541,2;20,00;3,9;3,9;42,52;5,23;0,041;0,0;0,00;0,044
856;12.07.2023;17:04:24;00:14:15;250,0;189,8;23,7;21,4;24,3;264,2;69,3;0,1;9,16E-2;-541,2;20,00;3,9;3,9;42,52;5,23;0,039;0,0;0,01;0,044
857;12.07.2023;17:04:25;00:14:16;250,0;186,7;23,6;21,4;24,3;261,3;69,1;0,1;9,15E-2;-541,2;20,00;3,9;3,9;42,52;5,23;0,039;0,0;0,01;0,044
858;12.07.2023;17:04:26;00:14:17;250,0;186,7;23,6;21,3;24,3;258,5;68,8;0,1;9,13E-2;-541,2;20,00;3,9;4,0;42,52;5,23;0,039;0,0;0,00;0,044
859;12.07.2023;17:04:27;00:14:18;250,0;183,6;23,6;21,3;24,3;257,1;68,7;0,1;9,12E-2;-541,2;20,00;3,9;3,9;42,52;5,23;0,040;0,0;0,01;0,044
860;12.07.2023;17:04:28;00:14:19;250,0;183,5;23,6;21,3;24,2;254,3;68,5;0,1;9,12E-2;-541,2;20,00;3,9;3,9;42,52;5,23;0,036;0,0;0,00;0,044
861;12.07.2023;17:04:29;00:14:20;250,0;183,5;23,5;21,3;24,2;252,9;68,3;0,1;9,11E-2;-541,2;20,00;3,9;3,8;42,52;5,23;0,035;0,0;0,00;0,044
862;12.07.2023;17:04:30;00:14:21;250,0;180,3;23,5;21,2;24,2;249,8;68,1;0,1;9,11E-2;-541,2;20,00;3,9;3,9;42,52;5,23;0,041;0,0;0,00;0,044
863;12.07.2023;17:04:31;00:14:22;250,0;177,1;23,4;21,2;24,2;247,0;67,8;0,1;9,10E-2;-541,2;20,00;3,9;3,9;42,52;5,23;0,045;0,0;0,00;0,044
864;12.07.2023;17:04:32;00:14:23;250,0;177,1;23,4;21,2;24,2;245,6;67,7;0,1;9,10E-2;-541,2;20,00;3,9;3,9;42,52;5,23;0,044;0,0;0,01;0,044
865;12.07.2023;17:04:33;00:14:24;250,0;177,1;23,3;21,2;24,2;242,8;67,4;0,1;9,09E-2;-541,2;20,00;3,9;4,0;42,52;5,24;0,046;0,0;0,01;0,044
866;12.07.2023;17:04:34;00:14:25;250,0;173,9;23,3;21,2;24,2;240,0;67,2;0,1;9,08E-2;-541,2;20,00;3,9;3,9;42,52;5,24;0,038;0,0;0,00;0,044
867;12.07.2023;17:04:35;00:14:26;250,0;170,8;23,3;21,1;24,2;238,6;67,0;0,1;9,08E-2;-541,2;20,00;3,9;3,9;42,52;5,24;0,038;0,0;0,01;0,044
868;12.07.2023;17:04:36;00:14:27;250,0;170,8;23,3;21,1;24,2;235,5;66,8;0,1;9,06E-2;-541,2;20,00;3,9;4,0;42,52;5,24;0,037;0,0;0,00;0,044
869;12.07.2023;17:04:37;00:14:28;250,0;167,9;23,2;21,1;24,2;232,7;66,5;0,1;9,06E-2;-541,2;20,00;3,9;3,9;42,53;5,24;0,034;0,0;0,01;0,044
870;12.07.2023;17:04:38;00:14:29;250,0;167,9;23,2;21,1;24,2;231,3;66,4;0,1;9,06E-2;-541,2;20,00;3,9;3,9;42,53;5,24;0,035;0,0;0,01;0,044
871;12.07.2023;17:04:39;00:14:30;250,0;165,0;23,2;21,0;24,2;228,4;66,1;0,1;9,05E-2;-541,2;20,00;3,9;3,9;42,53;5,24;0,033;0,0;0,00;0,044
872;12.07.2023;17:04:40;00:14:31;250,0;165,0;23,2;21,0;24,2;227,0;66,0;0,1;9,05E-2;-541,2;20,00;3,9;3,9;42,53;5,24;0,034;0,0;0,01;0,044
873;12.07.2023;17:04:41;00:14:32;250,0;162,2;23,1;21,0;24,1;224,2;65,7;0,1;9,04E-2;-541,2;20,00;3,9;3,9;42,53;5,24;0,035;0,0;0,00;0,044
874;12.07.2023;17:04:42;00:14:33;250,0;162,2;23,1;20,9;24,1;221,2;65,4;0,1;9,03E-2;-541,2;20,00;3,9;3,9;42,53;5,24;0,037;0,0;0,01;0,044
875;12.07.2023;17:04:43;00:14:34;250,0;159,4;23,1;20,9;24,1;219,8;65,2;0,1;9,03E-2;-541,2;20,00;3,9;3,9;42,53;5,24;0,036;0,0;0,01;0,044
876;12.07.2023;17:04:44;00:14:35;250,0;159,4;23,1;20,9;24,1;216,9;65,0;0,1;9,01E-2;-541,2;20,00;3,9;3,9;42,53;5,24;0,034;0,0;0,00;0,044
877;12.07.2023;17:04:45;00:14:36;250,0;156,6;23,0;20,9;24,1;214,1;64,7;0,1;9,00E-2;-541,2;20,00;3,9;4,0;42,53;5,24;0,031;0,0;0,00;0,044
878;12.07.2023;17:04:46;00:14:37;250,0;156,6;23,0;20,9;24,1;212,7;64,5;0,1;9,00E-2;-541,2;20,00;3,9;3,9;42,53;5,24;0,029;0,0;0,01;0,044
879;12.07.2023;17:04:47;00:14:38;250,0;153,9;23,0;20,8;24,1;209,9;64,3;0,1;8,99E-2;-541,2;20,00;3,9;3,9;42,53;5,24;0,030;0,0;0,01;0,044
880;12.07.2023;17:04:48;00:14:39;250,0;153,9;23,0;20,9;24,2;206,8;63,9;0,1;8,98E-2;-541,2;20,00;3,9;3,9;42,53;5,24;0,027;0,0;0,01;0,044
881;12.07.2023;17:04:49;00:14:40;250,0;153,9;23,0;20,9;24,2;205,4;63,8;0,1;8,98E-2;-541,2;20,00;3,9;3,9;42,53;5,25;0,026;0,0;0,01;0,044
882;12.07.2023;17:04:50;00:14:41;250,0;150,9;22,9;20,8;24,1;202,6;63,5;0,1;8,97E-2;-541,2;20,00;3,9;3,9;42,53;5,25;0,030;0,0;0,00;0,044
883;12.07.2023;17:04:51;00:14:42;250,0;147,9;22,9;20,8;24,1;199,8;63,2;0,1;8,95E-2;-541,2;20,00;3,9;3,9;42,53;5,25;0,030;0,0;0,01;0,044
884;12.07.2023;17:04:52;00:14:43;250,0;147,9;22,9;20,8;24,1;198,4;63,1;0,1;8,95E-2;-541,2;20,00;3,9;3,9;42,53;5,25;0,029;0,0;0,01;0,044
885;12.07.2023;17:04:53;00:14:44;250,0;147,9;22,8;20,7;24,1;195,5;62,8;0,1;8,94E-2;-541,2;20,00;3,9;3,9;42,53;5,25;0,028;0,0;0,01;0,044
886;12.07.2023;17:04:54;00:14:45;250,0;145,0;22,8;20,7;24,1;194,1;62,6;0,1;8,94E-2;-541,2;20,00;3,9;3,8;42,53;5,25;0,024;0,0;0,00;0,044
887;12.07.2023;17:04:55;00:14:46;250,0;142,1;22,8;20,7;24,1;191,1;62,3;0,1;8,93E-2;-541,2;20,00;3,9;3,9;42,53;5,25;0,026;0,0;0,01;0,044
888;12.07.2023;17:04:56;00:14:47;250,0;142,1;22,7;20,7;24,1;188,3;62,0;0,1;8,92E-2;-541,2;20,00;3,9;3,9;42,53;5,25;0,029;0,0;0,01;0,044
889;12.07.2023;17:04:57;00:14:48;250,0;142,1;22,7;20,6;24,1;186,9;61,8;0,1;8,91E-2;-541,2;20,00;3,9;3,8;42,53;5,25;0,028;0,0;0,01;0,044
890;12.07.2023;17:04:58;00:14:49;250,0;139,6;22,7;20,6;24,1;184,0;61,5;0,1;8,90E-2;-541,2;20,00;3,9;3,9;42,54;5,25;0,027;0,0;0,01;0,044
891;12.07.2023;17:04:59;00:14:50;250,0;137,1;22,7;20,6;24,1;181,2;61,2;0,1;8,89E-2;-541,2;20,00;3,9;3,9;42,54;5,25;0,024;0,0;0,01;0,044
892;12.07.2023;17:05:00;00:14:51;250,0;137,1;22,7;20,6;24,1;179,8;61,1;0,1;8,88E-2;-541,2;20,00;3,9;3,9;42,54;5,25;0,022;0,0;0,01;0,044
893;12.07.2023;17:05:01;00:14:52;250,0;134,6;22,6;20,6;24,1;176,7;60,7;0,1;8,87E-2;-541,2;20,00;3,9;3,8;42,54;5,25;0,025;0,0;0,00;0,044
894;12.07.2023;17:05:02;00:14:53;250,0;134,6;22,6;20,6;24,1;173,9;60,4;0,1;8,87E-2;-541,2;20,00;3,9;3,9;42,54;5,25;0,030;0,0;0,01;0,044
895;12.07.2023;17:05:03;00:14:54;250,0;132,2;22,6;20,5;24,1;172,5;60,2;0,1;8,86E-2;-541,2;20,00;3,9;3,9;42,54;5,25;0,033;0,0;0,00;0,044
896;12.07.2023;17:05:04;00:14:55;250,0;132,2;22,6;20,5;24,1;169,7;59,9;0,1;8,85E-2;-541,2;20,00;3,9;3,9;42,54;5,25;0,031;0,0;0,01;0,044
897;12.07.2023;17:05:05;00:14:56;250,0;129,8;22,5;20,5;24,1;166,9;59,6;0,1;8,83E-2;-541,2;20,00;3,9;3,8;42,54;5,25;0,029;0,0;0,00;0,044
898;12.07.2023;17:05:06;00:14:57;250,0;129,8;22,5;20,5;24,1;165,5;59,4;0,1;8,83E-2;-541,2;20,00;3,9;3,8;42,54;5,25;0,027;0,0;0,01;0,044
899;12.07.2023;17:05:07;00:14:58;250,0;127,4;22,5;20,5;24,1;162,4;59,1;0,1;8,82E-2;-541,2;20,00;3,9;3,9;42,54;5,25;0,030;0,0;0,00;0,044
900;12.07.2023;17:05:08;00:14:59;250,0;127,4;22,5;20,5;24,0;161,0;58,9;0,1;8,82E-2;-541,2;20,00;3,9;3,9;42,54;5,25;0,032;0,0;0,01;0,044
901;12.07.2023;17:05:09;00:15:00;250,0;127,3;22,4;20,4;24,0;158,2;58,6;0,1;8,81E-2;-541,2;20,00;3,9;4,0;42,54;5,25;0,033;0,0;0,00;0,044
902;12.07.2023;17:05:10;00:15:01;250,0;124,8;22,4;20,4;24,0;155,4;58,3;0,1;8,80E-2;-541,2;20,00;3,9;3,9;42,54;5,25;0,033;0,0;0,00;0,044
903;12.07.2023;17:05:11;00:15:02;250,0;124,8;22,3;20,3;24,0;154,0;58,1;0,1;8,80E-2;-541,2;20,00;3,9;3,9;42,54;5,25;0,029;0,0;0,00;0,044
904;12.07.2023;17:05:12;00:15:03;250,0;122,4;22,3;20,3;24,0;150,9;57,7;0,1;8,78E-2;-541,2;20,00;3,9;3,9;42,54;5,25;0,026;0,0;0,01;0,044
905;12.07.2023;17:05:13;00:15:04;250,0;120,0;22,3;20,3;24,0;148,1;57,4;0,1;8,77E-2;-541,2;20,00;3,9;3,9;42,54;5,26;0,026;0,0;0,01;0,044
906;12.07.2023;17:05:14;00:15:05;250,0;120,0;22,3;20,3;24,0;146,7;57,2;0,1;8,77E-2;-541,2;20,00;3,9;3,9;42,54;5,26;0,028;0,0;0,00;0,044
907;12.07.2023;17:05:15;00:15:06;250,0;117,7;22,2;20,3;24,0;143,8;56,9;0,1;8,76E-2;-541,2;20,00;3,9;3,9;42,54;5,26;0,028;0,0;0,01;0,044
908;12.07.2023;17:05:16;00:15:07;250,0;117,7;22,2;20,3;24,0;141,0;56,5;0,1;8,75E-2;-541,2;20,00;3,9;3,9;42,54;5,26;0,023;0,0;0,01;0,044
909;12.07.2023;17:05:17;00:15:08;250,0;117,7;22,2;20,3;24,0;139,6;56,4;0,1;8,75E-2;-541,2;20,00;3,9;3,9;42,54;5,26;0,021;0,0;0,00;0,044
910;12.07.2023;17:05:18;00:15:09;250,0;115,5;22,2;20,3;24,0;136,6;56,0;0,1;8,74E-2;-541,2;20,00;3,9;4,0;42,54;5,26;0,023;0,0;0,00;0,044
911;12.07.2023;17:05:19;00:15:10;250,0;115,5;22,2;20,2;24,0;135,2;55,8;0,1;8,73E-2;-541,2;20,00;3,9;4,0;42,55;5,26;0,023;0,0;0,00;0,044
912;12.07.2023;17:05:20;00:15:11;250,0;113,4;22,2;20,2;24,0;132,3;55,4;0,1;8,72E-2;-541,2;20,00;3,9;3,9;42,55;5,26;0,025;0,0;0,00;0,044
913;12.07.2023;17:05:21;00:15:12;250,0;111,3;22,1;20,2;24,0;129,5;55,1;0,1;8,71E-2;-541,2;20,00;3,9;3,8;42,55;5,26;0,025;0,0;0,00;0,044
914;12.07.2023;17:05:22;00:15:13;250,0;111,3;22,1;20,2;24,0;128,1;54,9;0,1;8,71E-2;-541,2;20,00;3,9;3,9;42,55;5,26;0,031;0,0;0,00;0,044
915;12.07.2023;17:05:23;00:15:14;250,0;109,3;22,1;20,2;24,0;125,3;54,6;0,1;8,70E-2;-541,2;20,00;3,9;3,9;42,55;5,26;0,030;0,0;0,01;0,044
916;12.07.2023;17:05:24;00:15:15;250,0;109,3;22,1;20,2;24,0;122,2;54,2;0,1;8,69E-2;-541,2;20,00;3,9;3,9;42,55;5,26;0,029;0,0;0,00;0,044
917;12.07.2023;17:05:25;00:15:16;250,0;107,3;22,1;20,1;24,0;120,8;54,0;0,1;8,69E-2;-541,2;20,00;3,9;3,9;42,55;5,26;0,028;0,0;0,00;0,044
918;12.07.2023;17:05:26;00:15:17;250,0;107,3;22,0;20,1;24,0;118,0;53,6;0,1;8,67E-2;-541,2;20,00;3,9;3,9;42,55;5,26;0,023;0,0;0,00;0,044
919;12.07.2023;17:05:27;00:15:18;250,0;105,3;22,0;20,1;23,9;115,2;53,2;0,1;8,66E-2;-541,2;20,00;3,9;3,9;42,55;5,26;0,023;0,0;0,00;0,044
920;12.07.2023;17:05:28;00:15:19;250,0;105,2;22,0;20,1;23,8;113,8;53,1;0,1;8,65E-2;-541,2;20,00;3,9;3,9;42,55;5,26;0,026;0,0;0,00;0,044
921;12.07.2023;17:05:29;00:15:20;250,0;105,2;21,9;20,0;23,8;110,9;52,7;0,1;8,64E-2;-541,2;20,00;3,9;3,9;42,55;5,26;0,024;0,0;0,00;0,044
922;12.07.2023;17:05:30;00:15:21;250,0;103,1;21,9;20,0;23,8;108,1;52,3;0,1;8,64E-2;-541,2;20,00;3,9;3,9;42,55;5,26;0,022;0,0;0,01;0,044
923;12.07.2023;17:05:31;00:15:22;250,0;101,0;21,8;19,9;23,8;106,7;52,1;0,1;8,64E-2;-541,2;20,00;3,9;3,9;42,55;5,26;0,019;0,0;0,00;0,044
924;12.07.2023;17:05:32;00:15:23;250,0;101,0;21,8;19,9;23,8;103,7;51,7;0,1;8,63E-2;-541,2;20,00;3,9;4,0;42,55;5,26;0,023;0,0;0,00;0,044
925;12.07.2023;17:05:33;00:15:24;250,0;101,0;21,8;19,9;23,8;102,3;51,5;0,1;8,62E-2;-541,2;20,00;3,9;3,9;42,55;5,26;0,020;0,0;0,01;0,044
926;12.07.2023;17:05:34;00:15:25;250,0;99,0;21,8;19,9;23,8;99,4;51,1;0,1;8,61E-2;-541,2;20,00;3,9;3,9;42,55;5,26;0,015;0,0;0,00;0,044
927;12.07.2023;17:05:35;00:15:26;250,0;97,0;21,7;19,9;23,8;96,6;50,7;0,1;8,59E-2;-541,2;20,00;3,9;3,9;42,55;5,26;0,015;0,0;0,00;0,044
928;12.07.2023;17:05:36;00:15:27;250,0;97,0;21,7;19,9;23,8;95,2;50,6;0,1;8,59E-2;-541,2;20,00;3,9;3,9;42,55;5,26;0,017;0,0;0,00;0,044
929;12.07.2023;17:05:37;00:15:28;250,0;97,0;21,7;19,9;23,8;92,4;50,2;0,1;8,59E-2;-541,2;20,00;3,9;3,9;42,55;5,26;0,016;0,0;0,00;0,044
930;12.07.2023;17:05:38;00:15:29;250,0;95,1;21,7;19,8;23,8;89,3;49,7;0,1;8,58E-2;-541,2;20,00;3,9;3,9;42,55;5,26;0,016;0,0;0,00;0,044
931;12.07.2023;17:05:39;00:15:30;250,0;93,3;21,6;19,8;23,8;87,9;49,5;0,1;8,57E-2;-541,2;20,00;3,9;3,9;42,55;5,26;0,020;0,0;0,00;0,044
932;12.07.2023;17:05:40;00:15:31;250,0;93,3;21,6;19,8;23,8;85,1;49,1;0,1;8,56E-2;-541,2;20,00;3,9;3,9;42,55;5,26;0,019;0,0;0,00;0,044
933;12.07.2023;17:05:41;00:15:32;250,0;91,5;21,6;19,8;23,8;82,3;48,8;0,1;8,55E-2;-541,2;20,00;3,9;3,8;42,55;5,26;0,019;0,0;0,00;0,044
934;12.07.2023;17:05:42;00:15:33;250,0;91,5;21,6;19,8;23,8;80,9;48,6;0,1;8,55E-2;-541,2;20,00;3,9;3,9;42,55;5,26;0,018;0,0;0,01;0,044
935;12.07.2023;17:05:43;00:15:34;250,0;89,8;21,6;19,7;23,8;78,0;48,1;0,1;8,54E-2;-541,2;20,00;3,9;3,9;42,55;5,26;0,017;0,0;0,00;0,044
936;12.07.2023;17:05:44;00:15:35;250,0;89,8;21,6;19,7;23,8;75,0;47,7;0,1;8,53E-2;-541,2;20,00;3,9;3,9;42,55;5,26;0,016;0,0;0,00;0,044
937;12.07.2023;17:05:45;00:15:36;250,0;88,1;21,6;19,7;23,8;73,6;47,5;0,1;8,53E-2;-541,2;20,00;3,9;3,8;42,55;5,27;0,013;0,0;0,00;0,044
938;12.07.2023;17:05:46;00:15:37;250,0;88,1;21,6;19,7;23,8;70,8;47,1;0,1;8,52E-2;-541,2;20,00;3,9;3,9;42,55;5,27;0,016;0,0;0,00;0,044
939;12.07.2023;17:05:47;00:15:38;250,0;88,1;21,5;19,7;23,8;69,4;46,9;0,1;8,51E-2;-541,2;20,00;3,9;3,8;42,55;5,27;0,018;0,0;0,01;0,044
940;12.07.2023;17:05:48;00:15:39;250,0;86,5;21,5;19,7;23,7;66,5;46,5;0,1;8,50E-2;-541,2;20,00;3,9;3,8;42,55;5,27;0,018;0,0;0,00;0,044
941;12.07.2023;17:05:49;00:15:40;250,0;86,5;21,5;19,6;23,7;63,7;46,1;0,1;8,49E-2;-541,2;20,00;3,9;3,9;42,55;5,27;0,020;0,0;0,00;0,044
942;12.07.2023;17:05:50;00:15:41;250,0;84,7;21,5;19,6;23,7;62,1;45,8;0,1;8,49E-2;-541,2;20,00;3,9;3,9;42,56;5,27;0,020;0,0;0,01;0,044
943;12.07.2023;17:05:51;00:15:42;250,0;83,0;21,4;19,6;23,7;59,2;45,4;0,1;8,48E-2;-541,2;20,00;3,9;3,8;42,56;5,27;0,024;0,0;0,00;0,044
944;12.07.2023;17:05:52;00:15:43;250,0;83,0;21,4;19,6;23,7;56,4;45,0;0,1;8,47E-2;-541,2;20,00;3,9;3,9;42,56;5,27;0,019;0,0;0,00;0,044
945;12.07.2023;17:05:53;00:15:44;250,0;83,0;21,4;19,6;23,7;55,0;44,8;0,1;8,47E-2;-541,2;20,00;3,9;3,9;42,56;5,27;0,020;0,0;0,01;0,044
946;12.07.2023;17:05:54;00:15:45;250,0;81,4;21,4;19,6;23,7;52,2;44,3;0,1;8,46E-2;-541,2;20,00;3,9;3,9;42,56;5,27;0,021;0,0;0,00;0,044
947;12.07.2023;17:05:55;00:15:46;250,0;79,8;21,3;19,5;23,7;49,4;43,9;0,1;8,45E-2;-541,2;20,00;3,9;3,9;42,56;5,27;0,018;0,0;0,00;0,044
948;12.07.2023;17:05:56;00:15:47;250,0;79,8;21,3;19,5;23,7;47,7;43,7;0,1;8,44E-2;-541,2;20,00;3,9;3,9;42,56;5,27;0,021;0,0;0,00;0,044
949;12.07.2023;17:05:57;00:15:48;250,0;79,8;21,3;19,5;23,7;44,9;43,2;0,1;8,43E-2;-541,2;20,00;3,9;3,9;42,56;5,27;0,021;0,0;0,01;0,044
950;12.07.2023;17:05:58;00:15:49;250,0;78,3;21,3;19,5;23,7;43,5;43,0;0,1;8,43E-2;-541,2;20,00;3,9;3,9;42,56;5,27;0,023;0,0;0,01;0,044
951;12.07.2023;17:05:59;00:15:50;250,0;76,9;21,3;19,5;23,7;40,7;42,6;0,1;8,42E-2;-541,2;20,00;3,9;3,9;42,56;5,27;0,019;0,0;0,01;0,044
952;12.07.2023;17:06:00;00:15:51;250,0;76,9;21,3;19,5;23,7;37,9;42,1;0,1;8,41E-2;-541,2;20,00;3,9;3,8;42,56;5,27;0,021;0,0;0,00;0,044
953;12.07.2023;17:06:01;00:15:52;250,0;76,9;21,3;19,5;23,7;36,5;41,9;0,1;8,41E-2;-541,2;20,00;3,9;3,8;42,56;5,27;0,020;0,0;0,01;0,044
954;12.07.2023;17:06:02;00:15:53;250,0;75,4;21,3;19,5;23,6;33,4;41,5;0,1;8,40E-2;-541,2;20,00;3,9;3,9;42,56;5,27;0,018;0,0;0,00;0,044
955;12.07.2023;17:06:03;00:15:54;250,0;74,1;21,2;19,5;23,6;30,6;41,0;0,1;8,39E-2;-541,2;20,00;3,9;3,9;42,56;5,27;0,016;0,0;0,00;0,044
956;12.07.2023;17:06:04;00:15:55;250,0;74,1;21,2;19,5;23,6;29,2;40,8;0,1;8,38E-2;-541,2;20,00;3,9;3,9;42,56;5,27;0,018;0,0;0,00;0,044
957;12.07.2023;17:06:05;00:15:56;250,0;72,7;21,2;19,4;23,6;26,3;40,3;0,1;8,38E-2;-541,2;20,00;3,9;3,9;42,56;5,27;0,021;0,0;0,01;0,044
958;12.07.2023;17:06:06;00:15:57;250,0;72,7;21,2;19,4;23,6;23,5;39,9;0,1;8,36E-2;-541,2;20,00;3,9;3,9;42,56;5,27;0,024;0,0;0,01;0,044
959;12.07.2023;17:06:07;00:15:58;250,0;72,7;21,2;19,4;23,6;22,1;39,7;0,1;8,36E-2;-541,2;20,00;3,9;3,9;42,56;5,27;0,026;0,0;0,01;0,044
960;12.07.2023;17:06:08;00:15:59;250,0;71,4;21,2;19,4;23,6;20,0;0,0;0,1;8,36E-2;-541,2;20,00;3,0;3,9;42,55;5,27;0,022;0,0;0,00;0,044
