Nr.;Datum;Zeit;P.Zeit;AV Pyro top;AV Control TC;AV Piston TC Top;AV Piston TC Bot;AV Transformer T;SV Temperature  ;AV CZ Output;AV abs. pressure;Vacuum;AV rel. pressure;SV Rel. Pressure;SV Force        ;AV Force;AV Abs. Piston T;AV Rel. Piston T;AV Speed;Power;U RMS;I RMS
;;;;°C;°C;°C;°C;°C;°C    ;%;mbar(a;mbar(a;mbar(g;mbar(g;kN    ;kN;mm;mm;mm/min;kW;V;kA
1;13.07.2023;17:33:16;00:00:00;250,0;18,9;18,7;18,0;22,5;20,0;0,0;1003,2;1,00E3;-5,2;20,00;3,0;3,0;38,13;0,01;0,002;0,0;0,00;0,049
2;13.07.2023;17:33:17;00:00:01;250,0;18,9;18,7;18,0;22,4;20,0;0,0;1003,2;1,00E3;-5,2;20,00;3,0;3,0;38,13;0,01;0,004;0,0;0,01;0,049
3;13.07.2023;17:33:18;00:00:02;250,0;18,9;18,7;18,0;22,4;20,0;0,0;1003,1;1,00E3;-5,2;20,00;3,0;3,0;38,13;0,01;0,003;0,0;0,00;0,049
4;13.07.2023;17:33:19;00:00:03;250,0;18,9;18,7;18,0;22,4;20,0;0,0;1003,1;1,00E3;-5,2;20,00;3,0;3,0;38,13;0,02;0,002;0,0;0,00;0,049
5;13.07.2023;17:33:20;00:00:04;250,0;18,8;18,7;18,0;22,4;20,0;0,0;1003,0;1,00E3;-5,4;20,00;3,0;3,0;38,13;0,01;0,002;0,0;0,00;0,049
6;13.07.2023;17:33:21;00:00:05;250,0;18,8;18,7;18,0;22,4;20,0;0,0;1003,0;1,00E3;-5,5;20,00;3,0;3,0;38,13;0,02;0,001;0,0;0,01;0,049
7;13.07.2023;17:33:22;00:00:06;250,0;18,8;18,7;18,0;22,4;20,0;0,0;1003,0;1,00E3;-5,5;20,00;3,0;3,0;38,13;0,01;0,001;0,0;0,01;0,049
8;13.07.2023;17:33:23;00:00:07;250,0;18,7;18,7;18,0;22,4;20,0;0,0;1002,9;1,00E3;-5,5;20,00;3,0;3,0;38,13;0,01;0,001;0,0;0,00;0,048
9;13.07.2023;17:33:24;00:00:08;250,0;18,7;18,7;18,0;22,4;20,0;0,0;953,1;9,53E2;-52,1;20,00;3,0;3,0;38,13;0,01;0,001;0,0;0,00;0,048
10;13.07.2023;17:33:25;00:00:09;250,0;18,7;18,7;18,0;22,4;20,0;0,0;927,2;9,27E2;-76,0;20,00;3,0;3,0;38,13;0,01;0,001;0,0;0,01;0,047
11;13.07.2023;17:33:26;00:00:10;250,0;18,7;18,7;18,0;22,4;20,0;0,0;881,6;8,82E2;-124,0;20,00;3,0;3,0;38,13;0,02;0,007;0,0;0,01;0,049
12;13.07.2023;17:33:27;00:00:11;250,0;18,6;18,7;17,9;22,4;20,0;0,0;843,0;8,43E2;-164,0;20,00;3,0;2,9;38,13;0,02;0,022;0,0;0,01;0,048
13;13.07.2023;17:33:28;00:00:12;250,0;18,6;18,7;17,9;22,3;20,0;0,0;824,2;8,24E2;-181,6;20,00;3,0;3,0;38,13;0,02;0,031;0,0;0,00;0,049
14;13.07.2023;17:33:29;00:00:13;250,0;18,6;18,7;17,9;22,3;20,0;0,0;786,7;7,87E2;-220,8;20,00;3,0;3,0;38,13;0,02;0,045;0,0;0,00;0,049
15;13.07.2023;17:33:30;00:00:14;250,0;18,6;18,7;17,9;22,3;20,0;0,0;752,8;7,53E2;-252,6;20,00;3,0;3,0;38,13;0,02;0,049;0,0;0,00;0,049
16;13.07.2023;17:33:31;00:00:15;250,0;18,5;18,7;17,9;22,3;20,0;0,0;736,4;7,36E2;-267,7;20,00;3,0;3,0;38,13;0,02;0,050;0,0;0,00;0,049
17;13.07.2023;17:33:32;00:00:16;250,0;18,5;18,7;17,9;22,3;20,0;0,0;707,2;7,07E2;-299,3;20,00;3,0;3,0;38,14;0,02;0,053;0,0;0,01;0,049
18;13.07.2023;17:33:33;00:00:17;250,0;18,5;18,7;17,8;22,3;20,0;0,0;691,8;6,92E2;-313,2;20,00;3,0;3,0;38,14;0,02;0,060;0,0;0,01;0,049
19;13.07.2023;17:33:34;00:00:18;250,0;18,5;18,7;17,8;22,3;20,0;0,0;664,3;6,64E2;-342,3;20,00;3,0;3,0;38,14;0,03;0,059;0,0;0,00;0,049
20;13.07.2023;17:33:35;00:00:19;250,0;18,4;18,7;17,8;22,3;20,0;0,0;634,4;6,34E2;-371,8;20,00;3,0;3,0;38,14;0,03;0,057;0,0;0,00;0,049
21;13.07.2023;17:33:36;00:00:20;250,0;18,4;18,7;17,8;22,3;20,0;0,0;622,4;6,22E2;-383,9;20,00;3,0;3,0;38,14;0,03;0,057;0,0;0,01;0,049
22;13.07.2023;17:33:37;00:00:21;250,0;18,3;18,7;17,7;22,3;20,0;0,0;597,8;5,98E2;-409,3;20,00;3,0;3,0;38,14;0,03;0,052;0,0;0,00;0,049
23;13.07.2023;17:33:38;00:00:22;250,0;18,3;18,6;17,7;22,3;20,0;0,0;574,3;5,74E2;-431,7;20,00;3,0;3,0;38,14;0,03;0,045;0,0;0,01;0,049
24;13.07.2023;17:33:39;00:00:23;250,0;18,2;18,6;17,6;22,3;20,0;0,0;562,9;5,63E2;-444,3;20,00;3,0;3,0;38,14;0,03;0,041;0,0;0,01;0,049
25;13.07.2023;17:33:40;00:00:24;250,0;18,2;18,6;17,6;22,3;20,0;0,0;541,1;5,41E2;-465,0;20,00;3,0;2,9;38,14;0,03;0,034;0,0;0,00;0,049
26;13.07.2023;17:33:41;00:00:25;250,0;18,1;18,6;17,5;22,3;20,0;0,0;518,1;5,18E2;-488,2;20,00;3,0;3,0;38,14;0,03;0,038;0,0;0,01;0,049
27;13.07.2023;17:33:42;00:00:26;250,0;18,1;18,5;17,4;22,3;20,0;0,0;508,0;5,08E2;-497,9;20,00;3,0;3,0;38,14;0,03;0,035;0,0;0,00;0,049
28;13.07.2023;17:33:43;00:00:27;250,0;17,9;18,5;17,3;22,2;20,0;0,0;487,4;4,87E2;-518,1;20,00;3,0;3,0;38,14;0,03;0,034;0,0;0,01;0,049
29;13.07.2023;17:33:44;00:00:28;250,0;17,9;18,5;17,3;22,2;20,0;0,0;478,9;4,79E2;-527,1;20,00;3,0;3,0;38,14;0,03;0,034;0,0;0,01;0,049
30;13.07.2023;17:33:45;00:00:29;250,0;17,9;18,5;17,3;22,2;20,0;0,0;459,6;4,60E2;-541,2;20,00;3,0;3,0;38,14;0,03;0,028;0,0;0,00;0,049
31;13.07.2023;17:33:46;00:00:30;250,0;17,8;18,5;17,2;22,2;20,0;0,0;441,6;4,42E2;-541,2;20,00;3,0;3,0;38,15;0,03;0,030;0,0;0,00;0,049
32;13.07.2023;17:33:47;00:00:31;250,0;17,8;18,5;17,1;22,2;20,0;0,0;433,4;4,33E2;-541,2;20,00;3,0;3,0;38,14;0,03;0,028;0,0;0,01;0,049
33;13.07.2023;17:33:48;00:00:32;250,0;17,7;18,5;17,1;22,2;20,0;0,0;414,5;4,14E2;-541,2;20,00;3,0;3,0;38,15;0,03;0,029;0,0;0,01;0,049
34;13.07.2023;17:33:49;00:00:33;250,0;17,6;18,5;17,1;22,2;20,0;0,0;399,7;4,00E2;-541,2;20,00;3,0;3,0;38,15;0,03;0,028;0,0;0,01;0,049
35;13.07.2023;17:33:50;00:00:34;250,0;17,6;18,5;17,1;22,2;20,0;0,0;391,9;3,92E2;-541,2;20,00;3,0;3,0;38,15;0,03;0,029;0,0;0,00;0,049
36;13.07.2023;17:33:51;00:00:35;250,0;17,6;18,5;17,0;22,2;20,0;0,0;376,2;3,76E2;-541,2;20,00;3,0;3,0;38,15;0,03;0,029;0,0;0,00;0,049
37;13.07.2023;17:33:52;00:00:36;250,0;17,6;18,5;17,0;22,2;20,0;0,0;362,4;3,62E2;-541,2;20,00;3,0;3,0;38,15;0,03;0,030;0,0;0,01;0,048
38;13.07.2023;17:33:53;00:00:37;250,0;17,5;18,5;17,0;22,2;20,0;0,0;355,4;3,55E2;-541,2;20,00;3,0;3,0;38,15;0,03;0,033;0,0;0,00;0,049
39;13.07.2023;17:33:54;00:00:38;250,0;17,5;18,5;17,0;22,2;20,0;0,0;340,7;3,41E2;-541,2;20,00;3,0;3,0;38,15;0,03;0,031;0,0;0,01;0,048
40;13.07.2023;17:33:55;00:00:39;250,0;17,5;18,5;16,9;22,2;20,0;0,0;327,6;3,28E2;-541,2;20,00;3,0;3,0;38,15;0,03;0,030;0,0;0,00;0,049
41;13.07.2023;17:33:56;00:00:40;250,0;17,5;18,5;16,9;22,2;20,0;0,0;321,2;3,21E2;-541,2;20,00;3,0;3,0;38,15;0,04;0,028;0,0;0,01;0,049
42;13.07.2023;17:33:57;00:00:41;250,0;17,4;18,5;16,9;22,2;20,0;0,0;309,2;3,09E2;-541,2;20,00;3,0;3,0;38,15;0,04;0,027;0,0;0,00;0,049
43;13.07.2023;17:33:58;00:00:42;250,0;17,4;18,5;16,9;22,2;20,0;0,0;303,0;3,03E2;-541,2;20,00;3,0;3,0;38,15;0,04;0,027;0,0;0,01;0,048
44;13.07.2023;17:33:59;00:00:43;250,0;17,4;18,5;16,9;22,2;20,0;0,0;291,6;2,92E2;-541,2;20,00;3,0;3,0;38,15;0,04;0,022;0,0;0,00;0,049
45;13.07.2023;17:34:00;00:00:44;250,0;17,4;18,5;16,9;22,2;20,0;0,0;279,5;2,80E2;-541,2;20,00;3,0;3,0;38,15;0,04;0,023;0,0;0,00;0,049
46;13.07.2023;17:34:01;00:00:45;250,0;17,4;18,5;16,9;22,2;20,0;0,0;274,1;2,74E2;-541,2;20,00;3,0;3,0;38,15;0,04;0,019;0,0;0,01;0,049
47;13.07.2023;17:34:02;00:00:46;250,0;17,4;18,4;16,7;22,2;20,0;0,0;263,6;2,64E2;-541,2;20,00;3,0;3,0;38,15;0,04;0,014;0,0;0,00;0,049
48;13.07.2023;17:34:03;00:00:47;250,0;17,3;18,4;16,7;22,1;20,0;0,0;253,4;2,53E2;-541,2;20,00;3,0;3,0;38,15;0,04;0,015;0,0;0,01;0,049
49;13.07.2023;17:34:04;00:00:48;250,0;17,3;18,4;16,7;22,1;20,0;0,0;248,6;2,49E2;-541,2;20,00;3,0;3,0;38,15;0,04;0,016;0,0;0,01;0,049
50;13.07.2023;17:34:05;00:00:49;250,0;17,3;18,4;16,7;22,1;20,0;0,0;239,2;2,39E2;-541,2;20,00;3,0;3,0;38,15;0,04;0,018;0,0;0,01;0,049
51;13.07.2023;17:34:06;00:00:50;250,0;17,2;18,4;16,7;22,1;20,0;0,0;229,3;2,29E2;-541,2;20,00;3,0;3,0;38,15;0,04;0,016;0,0;0,00;0,049
52;13.07.2023;17:34:07;00:00:51;250,0;17,2;18,3;16,7;22,1;20,0;0,0;225,0;2,25E2;-541,2;20,00;3,0;3,0;38,15;0,04;0,016;0,0;0,01;0,049
53;13.07.2023;17:34:08;00:00:52;250,0;17,2;18,3;16,7;22,1;20,0;0,0;216,3;2,16E2;-541,2;20,00;3,0;3,0;38,15;0,04;0,020;0,0;0,01;0,049
54;13.07.2023;17:34:09;00:00:53;250,0;17,2;18,3;16,7;22,1;20,0;0,0;207,8;2,08E2;-541,2;20,00;3,0;3,0;38,15;0,04;0,018;0,0;0,00;0,049
55;13.07.2023;17:34:10;00:00:54;250,0;17,2;18,3;16,7;22,1;20,0;0,0;203,9;2,04E2;-541,2;20,00;3,0;3,0;38,15;0,04;0,017;0,0;0,00;0,049
56;13.07.2023;17:34:11;00:00:55;250,0;17,2;18,4;16,7;22,1;20,0;0,0;196,2;1,96E2;-541,2;20,00;3,0;3,0;38,15;0,04;0,016;0,0;0,00;0,048
57;13.07.2023;17:34:12;00:00:56;250,0;17,2;18,4;16,7;22,1;20,0;0,0;191,9;1,92E2;-541,2;20,00;3,0;3,0;38,15;0,04;0,017;0,0;0,01;0,044
58;13.07.2023;17:34:13;00:00:57;250,0;17,2;18,3;16,7;22,1;20,0;0,0;184,5;1,85E2;-541,2;20,00;3,0;3,0;38,15;0,04;0,021;0,0;0,00;0,049
59;13.07.2023;17:34:14;00:00:58;250,0;17,2;18,3;16,7;22,1;20,0;0,0;177,7;1,78E2;-541,2;20,00;3,0;3,0;38,15;0,04;0,016;0,0;0,00;0,048
60;13.07.2023;17:34:15;00:00:59;250,0;17,2;18,3;16,7;22,1;20,0;0,0;174,1;1,74E2;-541,2;20,00;3,0;3,0;38,15;0,04;0,013;0,0;0,01;0,048
61;13.07.2023;17:34:16;00:01:00;250,0;17,2;18,3;16,7;22,1;20,0;0,0;164,6;1,65E2;-541,2;20,00;3,0;3,0;38,15;0,04;0,014;0,0;0,00;0,048
62;13.07.2023;17:34:17;00:01:01;250,0;17,2;18,3;16,7;22,1;20,0;0,0;151,5;1,51E2;-541,2;20,00;3,0;2,9;38,15;0,04;0,012;0,0;0,00;0,048
63;13.07.2023;17:34:18;00:01:02;250,0;17,2;18,3;16,7;22,0;20,0;0,0;144,9;1,45E2;-541,2;20,00;3,0;3,0;38,15;0,04;0,011;0,0;0,00;0,049
64;13.07.2023;17:34:19;00:01:03;250,0;17,2;18,3;16,7;22,0;20,0;0,0;133,8;1,34E2;-541,2;20,00;3,0;3,0;38,16;0,04;0,012;0,0;0,01;0,048
65;13.07.2023;17:34:20;00:01:04;250,0;17,2;18,4;16,7;22,0;20,0;0,0;124,2;1,24E2;-541,2;20,00;3,0;3,0;38,16;0,04;0,021;0,0;0,00;0,049
66;13.07.2023;17:34:21;00:01:05;250,0;17,2;18,4;16,8;22,0;20,0;0,0;119,8;1,20E2;-541,2;20,00;3,0;3,0;38,16;0,04;0,023;0,0;0,00;0,047
67;13.07.2023;17:34:22;00:01:06;250,0;17,3;18,5;16,9;22,0;20,0;0,0;111,5;1,11E2;-541,2;20,00;3,0;3,0;38,16;0,04;0,025;0,0;0,00;0,049
68;13.07.2023;17:34:23;00:01:07;250,0;17,3;18,4;16,9;22,1;20,0;0,0;107,4;1,07E2;-541,2;20,00;3,0;3,0;38,16;0,04;0,022;0,0;0,01;0,049
69;13.07.2023;17:34:24;00:01:08;250,0;17,3;18,4;16,9;22,1;20,0;0,0;99,1;9,91E1;-541,2;20,00;3,0;3,0;38,16;0,05;0,020;0,0;0,00;0,049
70;13.07.2023;17:34:25;00:01:09;250,0;17,3;18,4;16,9;22,1;20,0;0,0;92,3;9,23E1;-541,2;20,00;3,0;3,0;38,16;0,05;0,025;0,0;0,00;0,049
71;13.07.2023;17:34:26;00:01:10;250,0;17,3;18,4;16,9;22,1;20,0;0,0;89,0;8,90E1;-541,2;20,00;3,0;3,0;38,16;0,05;0,025;0,0;0,01;0,049
72;13.07.2023;17:34:27;00:01:11;250,0;17,3;18,4;16,9;22,1;20,0;0,0;82,9;8,29E1;-541,2;20,00;3,0;3,0;38,16;0,05;0,021;0,0;0,00;0,049
73;13.07.2023;17:34:28;00:01:12;250,0;17,3;18,4;16,9;22,1;20,0;0,0;77,1;7,71E1;-541,2;20,00;3,0;3,0;38,16;0,05;0,018;0,0;0,01;0,049
74;13.07.2023;17:34:29;00:01:13;250,0;17,3;18,4;16,9;22,1;20,0;0,0;74,4;7,44E1;-541,2;20,00;3,0;3,0;38,16;0,05;0,015;0,0;0,01;0,048
75;13.07.2023;17:34:30;00:01:14;250,0;17,3;18,4;16,9;22,1;20,0;0,0;68,6;6,86E1;-541,2;20,00;3,0;3,0;38,16;0,05;0,009;0,0;0,01;0,049
76;13.07.2023;17:34:31;00:01:15;250,0;17,3;18,4;16,9;22,1;20,0;0,0;63,9;6,39E1;-541,2;20,00;3,0;3,0;38,16;0,05;0,012;0,0;0,01;0,049
77;13.07.2023;17:34:32;00:01:16;250,0;17,3;18,4;16,9;22,1;20,0;0,0;61,5;6,15E1;-541,2;20,00;3,0;3,0;38,16;0,05;0,008;0,0;0,00;0,049
78;13.07.2023;17:34:33;00:01:17;250,0;17,3;18,4;16,9;22,1;20,0;0,0;56,9;5,69E1;-541,2;20,00;3,0;3,0;38,16;0,04;0,010;0,0;0,01;0,049
79;13.07.2023;17:34:34;00:01:18;250,0;17,3;18,4;16,9;22,1;20,0;0,0;52,7;5,27E1;-541,2;20,00;3,0;2,9;38,16;0,05;0,008;0,0;0,00;0,049
80;13.07.2023;17:34:35;00:01:19;250,0;17,3;18,4;16,9;22,1;20,0;0,0;50,8;5,08E1;-541,2;20,00;3,0;2,9;38,16;0,05;0,006;0,0;0,01;0,049
81;13.07.2023;17:34:36;00:01:20;250,0;17,3;18,4;16,9;22,1;20,0;0,0;46,9;4,69E1;-541,2;20,00;3,0;3,0;38,16;0,05;0,010;0,0;0,00;0,049
82;13.07.2023;17:34:37;00:01:21;250,0;17,3;18,4;16,9;22,1;20,0;0,0;45,3;4,53E1;-541,2;20,00;3,0;3,0;38,16;0,05;0,009;0,0;0,00;0,049
83;13.07.2023;17:34:38;00:01:22;250,0;17,3;18,4;16,9;22,1;20,0;0,0;42,2;4,22E1;-541,2;20,00;3,0;3,0;38,16;0,05;0,010;0,0;0,00;0,049
84;13.07.2023;17:34:39;00:01:23;250,0;17,3;18,4;16,9;22,1;20,0;0,0;39,1;3,91E1;-541,2;20,00;3,0;3,0;38,16;0,05;0,006;0,0;0,01;0,049
85;13.07.2023;17:34:40;00:01:24;250,0;17,3;18,4;16,9;22,1;20,0;0,0;37,8;3,78E1;-541,2;20,00;3,0;3,0;38,16;0,05;0,007;0,0;0,00;0,049
86;13.07.2023;17:34:41;00:01:25;250,0;17,3;18,4;17,0;22,1;20,0;0,0;35,1;3,51E1;-541,2;20,00;3,0;3,0;38,16;0,05;0,011;0,0;0,00;0,049
87;13.07.2023;17:34:42;00:01:26;250,0;17,2;18,3;16,8;22,0;20,0;0,0;32,4;3,24E1;-541,2;20,00;3,0;3,0;38,16;0,05;0,013;0,0;0,01;0,048
88;13.07.2023;17:34:43;00:01:27;250,0;17,2;18,3;16,8;22,0;20,0;0,0;31,1;3,11E1;-541,2;20,00;3,0;3,0;38,16;0,05;0,013;0,0;0,00;0,048
89;13.07.2023;17:34:44;00:01:28;250,0;17,2;18,3;16,8;22,0;20,0;0,0;28,7;2,87E1;-541,2;20,00;3,0;3,0;38,16;0,05;0,009;0,0;0,01;0,049
90;13.07.2023;17:34:45;00:01:29;250,0;17,2;18,3;16,8;22,0;20,0;0,0;27,1;2,71E1;-541,2;20,00;3,0;3,0;38,16;0,05;0,004;0,0;0,00;0,049
91;13.07.2023;17:34:46;00:01:30;250,0;17,2;18,3;16,8;22,0;20,0;0,0;26,2;2,62E1;-541,2;20,00;3,0;3,0;38,16;0,05;0,002;0,0;0,00;0,049
92;13.07.2023;17:34:47;00:01:31;250,0;17,2;18,3;16,9;22,0;20,0;0,0;24,0;2,40E1;-541,2;20,00;3,0;3,0;38,16;0,05;0,002;0,0;0,00;0,049
93;13.07.2023;17:34:48;00:01:32;250,0;17,2;18,3;16,9;22,0;20,0;0,0;21,9;2,19E1;-541,2;20,00;3,0;3,0;38,16;0,05;0,003;0,0;0,00;0,049
94;13.07.2023;17:34:49;00:01:33;250,0;17,2;18,3;16,9;22,0;20,0;0,0;21,3;2,13E1;-541,2;20,00;3,0;3,0;38,16;0,05;0,007;0,0;0,01;0,049
95;13.07.2023;17:34:50;00:01:34;250,0;17,2;18,3;16,9;22,0;20,0;0,0;20,2;2,02E1;-541,2;20,00;3,0;3,0;38,16;0,05;0,005;0,0;0,01;0,049
96;13.07.2023;17:34:51;00:01:35;250,0;17,2;18,3;16,9;22,0;20,0;0,0;19,4;1,94E1;-541,2;20,00;3,0;3,0;38,16;0,05;0,001;0,0;0,01;0,047
97;13.07.2023;17:34:52;00:01:36;250,0;17,2;18,3;16,9;22,0;20,0;0,0;18,1;1,81E1;-541,2;20,00;3,0;3,0;38,16;0,05;-0,002;0,0;0,01;0,049
98;13.07.2023;17:34:53;00:01:37;250,0;17,2;18,3;16,9;22,0;20,0;0,0;16,6;1,66E1;-541,2;20,00;3,0;3,1;38,16;0,05;0,004;0,0;0,00;0,049
99;13.07.2023;17:34:54;00:01:38;250,0;17,2;18,3;16,9;22,0;20,0;0,0;16,0;1,60E1;-541,2;20,00;3,0;3,1;38,16;0,05;0,006;0,0;0,01;0,049
100;13.07.2023;17:34:55;00:01:39;250,0;17,3;18,3;17,0;22,0;20,0;0,0;14,7;1,47E1;-541,2;20,00;3,0;3,0;38,16;0,05;0,007;0,0;0,01;0,048
101;13.07.2023;17:34:56;00:01:40;250,0;17,3;18,3;17,0;22,0;20,0;0,0;13,7;1,37E1;-541,2;20,00;3,0;3,0;38,16;0,05;0,001;0,0;0,00;0,045
102;13.07.2023;17:34:57;00:01:41;250,0;17,3;18,3;17,0;22,0;20,0;0,0;13,4;1,34E1;-541,2;20,00;3,0;3,0;38,16;0,05;0,002;0,0;0,00;0,048
103;13.07.2023;17:34:58;00:01:42;250,0;17,3;18,3;17,0;22,0;20,0;0,0;12,3;1,23E1;-541,2;20,00;3,0;3,0;38,16;0,05;0,002;0,0;0,00;0,048
104;13.07.2023;17:34:59;00:01:43;250,0;17,3;18,3;17,0;22,0;20,0;0,0;11,6;1,16E1;-541,2;20,00;3,0;3,0;38,16;0,05;0,006;0,0;0,01;0,049
105;13.07.2023;17:35:00;00:01:44;250,0;17,3;18,3;17,0;22,0;20,0;0,0;11,1;1,11E1;-541,2;20,00;3,0;3,0;38,16;0,05;0,003;0,0;0,01;0,049
106;13.07.2023;17:35:01;00:01:45;250,0;17,3;18,3;17,0;22,0;20,0;0,0;10,2;1,02E1;-541,2;20,00;3,0;3,0;38,16;0,05;0,003;0,0;0,00;0,048
107;13.07.2023;17:35:02;00:01:46;250,0;17,3;18,3;17,0;22,0;20,0;0,0;9,8;9,79E0;-541,2;20,00;3,0;3,0;38,16;0,05;0,002;0,0;0,01;0,049
108;13.07.2023;17:35:03;00:01:47;250,0;17,2;18,3;17,0;22,0;20,0;0,0;8,8;8,76E0;-541,2;20,00;3,0;3,0;38,16;0,05;0,004;0,0;0,00;0,048
109;13.07.2023;17:35:04;00:01:48;250,0;17,2;18,3;17,0;22,0;20,0;0,0;7,7;7,73E0;-541,2;20,00;3,0;3,0;38,16;0,05;0,002;0,0;0,00;0,049
110;13.07.2023;17:35:05;00:01:49;250,0;17,2;18,3;17,0;22,0;20,0;0,0;7,6;7,59E0;-541,2;20,00;3,0;3,0;38,16;0,05;0,000;0,0;0,01;0,049
111;13.07.2023;17:35:06;00:01:50;250,0;17,3;18,3;17,0;22,0;20,0;0,0;6,7;6,70E0;-541,2;20,00;3,0;2,9;38,16;0,05;0,001;0,0;0,00;0,047
112;13.07.2023;17:35:07;00:01:51;250,0;17,3;18,3;17,0;22,0;20,0;0,0;6,2;6,21E0;-541,2;20,00;3,0;2,9;38,16;0,05;0,000;0,0;0,01;0,049
113;13.07.2023;17:35:08;00:01:52;250,0;17,3;18,3;17,0;22,0;20,0;0,0;5,9;5,88E0;-541,2;20,00;3,0;2,9;38,16;0,05;0,001;0,0;0,01;0,049
114;13.07.2023;17:35:09;00:01:53;250,0;17,3;18,3;17,0;22,0;20,0;0,0;5,3;5,26E0;-541,2;20,00;3,0;2,9;38,16;0,05;0,002;0,0;0,00;0,049
115;13.07.2023;17:35:10;00:01:54;250,0;17,3;18,3;17,0;22,0;20,0;0,0;4,7;4,70E0;-541,2;20,00;3,0;3,0;38,16;0,05;0,004;0,0;0,00;0,047
116;13.07.2023;17:35:11;00:01:55;250,0;17,3;18,3;17,1;22,0;20,0;0,0;4,6;4,57E0;-541,2;20,00;3,0;3,0;38,16;0,05;0,004;0,0;0,00;0,048
117;13.07.2023;17:35:12;00:01:56;250,0;17,3;18,3;17,1;22,0;20,0;0,0;4,1;4,12E0;-541,2;20,00;3,0;3,0;38,16;0,05;0,001;0,0;0,00;0,049
118;13.07.2023;17:35:13;00:01:57;250,0;17,3;18,3;17,1;22,0;20,0;0,0;3,7;3,75E0;-541,2;20,00;3,0;3,0;38,16;0,05;0,000;0,0;0,00;0,049
119;13.07.2023;17:35:14;00:01:58;250,0;17,3;18,3;17,1;22,0;20,0;0,0;3,5;3,54E0;-541,2;20,00;3,0;3,0;38,16;0,05;0,004;0,0;0,01;0,049
120;13.07.2023;17:35:15;00:01:59;250,0;17,3;18,3;17,1;22,0;20,0;0,0;3,3;3,28E0;-541,2;20,00;3,0;3,0;38,16;0,05;0,004;0,0;0,01;0,049
121;13.07.2023;17:35:16;00:02:00;250,0;17,3;18,3;17,1;22,0;20,0;0,0;3,1;3,08E0;-541,2;20,00;3,0;3,1;38,16;0,05;0,007;0,0;0,01;0,048
122;13.07.2023;17:35:17;00:02:01;250,0;17,3;18,3;17,1;22,0;20,0;0,0;2,9;2,94E0;-541,2;20,00;3,0;3,1;38,16;0,05;0,006;0,0;0,01;0,049
123;13.07.2023;17:35:18;00:02:02;250,0;17,3;18,3;17,1;22,0;20,0;0,0;2,7;2,74E0;-541,2;20,00;3,0;3,0;38,16;0,05;0,005;0,0;0,01;0,049
124;13.07.2023;17:35:19;00:02:03;250,0;17,3;18,3;17,1;22,0;20,0;0,0;2,6;2,60E0;-541,2;20,00;3,0;3,0;38,16;0,05;0,003;0,0;0,01;0,049
125;13.07.2023;17:35:20;00:02:04;250,0;17,3;18,3;17,1;22,0;20,0;0,0;2,4;2,39E0;-541,2;20,00;3,0;3,0;38,16;0,05;0,004;0,0;0,01;0,049
126;13.07.2023;17:35:21;00:02:05;250,0;17,4;18,3;17,1;22,0;20,0;0,0;2,2;2,19E0;-541,2;20,00;3,0;3,1;38,16;0,05;0,006;0,0;0,01;0,049
127;13.07.2023;17:35:22;00:02:06;250,0;17,4;18,3;17,1;22,0;20,0;0,0;2,1;2,09E0;-541,2;20,00;3,0;3,1;38,16;0,05;0,007;0,0;0,00;0,049
128;13.07.2023;17:35:23;00:02:07;250,0;17,3;18,3;17,1;21,9;20,0;0,0;2,0;1,96E0;-541,2;20,00;3,0;3,0;38,16;0,05;0,001;0,0;0,00;0,049
129;13.07.2023;17:35:24;00:02:08;250,0;17,3;18,3;17,1;21,9;20,0;0,0;1,8;1,83E0;-541,2;20,00;3,0;3,0;38,16;0,05;0,002;0,0;0,01;0,049
130;13.07.2023;17:35:25;00:02:09;250,0;17,3;18,3;17,1;21,9;20,0;0,0;1,8;1,79E0;-541,2;20,00;3,0;3,0;38,16;0,05;0,005;0,0;0,01;0,049
131;13.07.2023;17:35:26;00:02:10;250,0;17,3;18,3;17,1;21,9;20,0;0,0;1,7;1,68E0;-541,2;20,00;3,0;3,1;38,16;0,05;0,000;0,0;0,00;0,049
132;13.07.2023;17:35:27;00:02:11;250,0;17,3;18,3;17,1;21,9;20,0;0,0;1,6;1,58E0;-541,2;20,00;3,0;3,0;38,16;0,05;0,000;0,0;0,00;0,049
133;13.07.2023;17:35:28;00:02:12;250,0;17,3;18,3;17,1;21,9;20,0;0,0;1,5;1,50E0;-541,2;20,00;3,0;3,0;38,16;0,05;-0,001;0,0;0,01;0,049
134;13.07.2023;17:35:29;00:02:13;250,0;17,3;18,3;17,2;21,9;20,0;0,0;1,4;1,45E0;-541,2;20,00;3,0;2,9;38,16;0,05;-0,003;0,0;0,01;0,049
135;13.07.2023;17:35:30;00:02:14;250,0;17,3;18,3;17,2;21,9;20,0;0,0;1,4;1,40E0;-541,2;20,00;3,0;2,9;38,16;0,05;-0,002;0,0;0,01;0,049
136;13.07.2023;17:35:31;00:02:15;250,0;17,4;18,3;17,2;21,9;20,0;0,0;1,3;1,31E0;-541,2;20,00;3,0;3,0;38,16;0,05;0,001;0,0;0,00;0,049
137;13.07.2023;17:35:32;00:02:16;250,0;17,4;18,3;17,2;21,9;20,0;0,0;1,2;1,23E0;-541,2;20,00;3,0;3,0;38,16;0,05;0,000;0,0;0,00;0,049
138;13.07.2023;17:35:33;00:02:17;250,0;17,4;18,3;17,2;21,9;20,0;0,0;1,2;1,20E0;-541,2;20,00;3,0;3,0;38,16;0,05;-0,002;0,0;0,00;0,048
139;13.07.2023;17:35:34;00:02:18;250,0;17,4;18,3;17,2;21,9;20,0;0,0;1,1;1,15E0;-541,2;20,00;3,0;3,0;38,16;0,05;-0,003;0,0;0,00;0,049
140;13.07.2023;17:35:35;00:02:19;250,0;17,4;18,3;17,2;21,9;20,0;0,0;1,1;1,11E0;-541,2;20,00;3,0;3,1;38,16;0,05;-0,001;0,0;0,01;0,049
141;13.07.2023;17:35:36;00:02:20;250,0;17,4;18,3;17,2;21,9;20,0;0,0;1,1;1,08E0;-541,2;20,00;3,0;3,1;38,16;0,05;-0,001;0,0;0,01;0,049
142;13.07.2023;17:35:37;00:02:21;250,0;17,4;18,3;17,2;21,9;20,0;0,0;1,0;9,68E-1;-541,2;20,00;3,0;3,0;38,16;0,05;-0,001;0,0;0,00;0,048
143;13.07.2023;17:35:38;00:02:22;250,0;17,4;18,3;17,2;21,9;20,0;0,0;0,9;9,32E-1;-541,2;20,00;3,0;3,0;38,16;0,05;-0,002;0,0;0,01;0,048
144;13.07.2023;17:35:39;00:02:23;250,0;17,4;18,3;17,2;21,9;20,0;0,0;0,9;9,14E-1;-541,2;20,00;3,0;3,0;38,16;0,05;-0,004;0,0;0,01;0,049
145;13.07.2023;17:35:40;00:02:24;250,0;17,4;18,3;17,2;21,9;20,0;0,0;0,9;8,81E-1;-541,2;20,00;3,0;3,0;38,16;0,05;-0,002;0,0;0,01;0,048
146;13.07.2023;17:35:41;00:02:25;250,0;17,4;18,3;17,2;21,9;20,0;0,0;0,9;8,63E-1;-541,2;20,00;3,0;3,0;38,16;0,05;0,002;0,0;0,01;0,048
147;13.07.2023;17:35:42;00:02:26;250,0;17,4;18,2;17,2;21,9;20,0;0,0;0,8;8,32E-1;-541,2;20,00;3,0;3,0;38,16;0,05;0,002;0,0;0,01;0,049
148;13.07.2023;17:35:43;00:02:27;250,0;17,3;18,2;17,2;21,8;20,0;0,0;0,8;7,97E-1;-541,2;20,00;3,0;3,0;38,16;0,05;0,004;0,0;0,01;0,049
149;13.07.2023;17:35:44;00:02:28;250,0;17,3;18,2;17,2;21,8;20,0;0,0;0,8;7,83E-1;-541,2;20,00;3,0;3,0;38,16;0,05;0,005;0,0;0,01;0,049
150;13.07.2023;17:35:45;00:02:29;250,0;17,3;18,2;17,2;21,8;20,0;0,0;0,8;7,60E-1;-541,2;20,00;3,0;3,0;38,16;0,05;0,001;0,0;0,01;0,049
151;13.07.2023;17:35:46;00:02:30;250,0;17,3;18,2;17,2;21,8;20,0;0,0;0,7;7,36E-1;-541,2;20,00;3,0;3,0;38,16;0,05;-0,002;0,0;0,00;0,049
152;13.07.2023;17:35:47;00:02:31;250,0;17,3;18,1;17,2;21,8;20,0;0,0;0,7;7,26E-1;-541,2;20,00;3,0;3,0;38,16;0,05;0,001;0,0;0,01;0,049
153;13.07.2023;17:35:48;00:02:32;250,0;17,3;18,1;17,2;21,8;20,0;0,0;0,7;7,04E-1;-541,2;20,00;3,0;3,0;38,16;0,05;0,000;0,0;0,00;0,049
154;13.07.2023;17:35:49;00:02:33;250,0;17,3;18,1;17,1;21,8;20,0;0,0;0,7;6,79E-1;-541,2;20,00;3,0;2,9;38,16;0,05;-0,001;0,0;0,01;0,049
155;13.07.2023;17:35:50;00:02:34;250,0;17,3;18,1;17,1;21,8;20,0;0,0;0,7;6,69E-1;-541,2;20,00;3,0;2,9;38,16;0,05;0,000;0,0;0,01;0,048
156;13.07.2023;17:35:51;00:02:35;250,0;17,3;18,1;17,1;21,8;20,0;0,0;0,6;6,47E-1;-541,2;20,00;3,0;2,9;38,16;0,05;0,001;0,0;0,01;0,049
157;13.07.2023;17:35:52;00:02:36;250,0;17,3;18,1;17,1;21,8;20,0;0,0;0,6;6,25E-1;-541,2;20,00;3,0;2,9;38,16;0,05;0,001;0,0;0,00;0,049
158;13.07.2023;17:35:53;00:02:37;250,0;17,3;18,1;17,1;21,8;20,0;0,0;0,6;6,16E-1;-541,2;20,00;3,0;2,9;38,16;0,05;-0,002;0,0;0,01;0,049
159;13.07.2023;17:35:54;00:02:38;250,0;17,3;18,1;17,1;21,8;20,0;0,0;0,6;5,95E-1;-541,2;20,00;3,0;3,0;38,16;0,05;0,007;0,0;0,01;0,049
160;13.07.2023;17:35:55;00:02:39;250,0;17,3;18,1;17,1;21,8;20,0;0,0;0,6;5,83E-1;-541,2;20,00;3,0;3,0;38,16;0,05;0,004;0,0;0,01;0,049
161;13.07.2023;17:35:56;00:02:40;250,0;17,3;18,1;17,1;21,8;20,0;0,0;0,6;5,63E-1;-541,2;20,00;3,0;3,0;38,16;0,05;0,002;0,0;0,00;0,049
162;13.07.2023;17:35:57;00:02:41;250,0;17,3;18,1;17,2;21,8;20,0;0,0;0,5;5,43E-1;-541,2;20,00;3,0;3,0;38,16;0,05;0,003;0,0;0,00;0,048
163;13.07.2023;17:35:58;00:02:42;250,0;17,3;18,1;17,2;21,8;20,0;0,0;0,5;5,34E-1;-541,2;20,00;3,0;3,0;38,16;0,05;0,002;0,0;0,00;0,049
164;13.07.2023;17:35:59;00:02:43;250,0;17,3;18,1;17,2;21,8;20,0;0,0;0,5;5,19E-1;-541,2;20,00;3,0;2,9;38,16;0,05;0,001;0,0;0,00;0,049
165;13.07.2023;17:36:00;00:02:44;250,0;17,3;18,1;17,2;21,8;20,0;0,0;0,5;5,04E-1;-541,2;20,00;3,0;3,0;38,16;0,05;0,004;0,0;0,01;0,049
166;13.07.2023;17:36:01;00:02:45;250,0;17,3;18,1;17,2;21,8;20,0;0,0;0,5;4,95E-1;-541,2;20,00;3,0;3,0;38,16;0,05;0,004;0,0;0,00;0,049
167;13.07.2023;17:36:02;00:02:46;250,0;17,3;18,1;17,2;21,8;20,0;0,0;0,5;4,80E-1;-541,2;20,00;3,0;3,0;38,16;0,05;0,002;0,0;0,01;0,049
168;13.07.2023;17:36:03;00:02:47;250,0;17,3;18,1;17,2;21,8;20,0;0,0;0,5;4,66E-1;-541,2;20,00;3,0;3,0;38,16;0,05;-0,001;0,0;0,00;0,049
169;13.07.2023;17:36:04;00:02:48;250,0;17,3;18,1;17,2;21,8;20,0;0,0;0,5;4,59E-1;-541,2;20,00;3,0;3,0;38,16;0,05;0,004;0,0;0,00;0,049
170;13.07.2023;17:36:05;00:02:49;250,0;17,3;18,1;17,2;21,8;20,0;0,0;0,4;4,44E-1;-541,2;20,00;3,0;3,0;38,16;0,05;0,004;0,0;0,00;0,049
171;13.07.2023;17:36:06;00:02:50;250,0;17,3;18,1;17,2;21,8;20,0;0,0;0,4;4,31E-1;-541,2;20,00;3,0;3,0;38,16;0,05;0,000;0,0;0,01;0,049
172;13.07.2023;17:36:07;00:02:51;250,0;17,3;18,1;17,2;21,8;20,0;0,0;0,4;4,23E-1;-541,2;20,00;3,0;3,0;38,16;0,05;0,000;0,0;0,01;0,049
173;13.07.2023;17:36:08;00:02:52;250,0;17,3;18,1;17,2;21,8;21,0;0,3;0,4;4,10E-1;-541,2;20,00;3,0;3,0;38,16;0,05;-0,002;0,0;0,01;0,049
174;13.07.2023;17:36:09;00:02:53;250,0;17,3;18,1;17,2;21,8;21,8;0,4;0,4;4,03E-1;-541,2;20,00;3,0;3,0;38,16;0,05;-0,002;0,0;0,01;0,049
175;13.07.2023;17:36:10;00:02:54;250,0;17,3;18,1;17,2;21,8;23,1;0,5;0,4;3,91E-1;-541,2;20,00;3,0;3,0;38,16;0,05;0,000;0,0;0,00;0,049
176;13.07.2023;17:36:11;00:02:55;250,0;17,4;18,1;17,2;21,8;24,5;0,6;0,4;3,78E-1;-541,2;20,00;3,0;2,9;38,16;0,05;-0,002;0,0;0,00;0,049
177;13.07.2023;17:36:12;00:02:56;250,0;17,4;18,1;17,2;21,8;25,2;0,7;0,4;3,72E-1;-541,2;20,00;3,0;2,8;38,16;0,05;-0,004;0,0;0,00;0,049
178;13.07.2023;17:36:13;00:02:57;250,0;17,4;18,1;17,2;21,8;26,8;0,8;0,4;3,60E-1;-541,2;20,00;3,0;2,9;38,16;0,05;0,001;0,0;0,00;0,048
179;13.07.2023;17:36:14;00:02:58;250,0;17,4;18,1;17,2;21,8;28,2;1,0;0,4;3,51E-1;-541,2;20,00;3,0;3,0;38,16;0,05;0,001;0,0;0,00;0,049
180;13.07.2023;17:36:15;00:02:59;250,0;17,4;18,1;17,2;21,8;28,9;1,0;0,3;3,46E-1;-541,2;20,00;3,0;3,0;38,16;0,05;0,002;0,0;0,00;0,049
181;13.07.2023;17:36:16;00:03:00;250,0;17,4;18,1;17,2;21,8;30,3;1,2;0,3;3,37E-1;-541,2;20,00;3,0;3,0;38,16;0,05;0,001;0,0;0,01;0,049
182;13.07.2023;17:36:17;00:03:01;250,0;17,4;18,1;17,3;21,8;31,7;1,3;0,3;3,28E-1;-541,2;20,00;3,0;3,0;38,16;0,05;0,002;0,0;0,01;0,049
183;13.07.2023;17:36:18;00:03:02;250,0;17,4;18,1;17,3;21,8;32,4;1,4;0,3;3,24E-1;-541,2;20,00;3,0;3,1;38,16;0,05;0,002;0,0;0,00;0,049
184;13.07.2023;17:36:19;00:03:03;250,0;17,4;18,1;17,3;21,8;33,9;1,5;0,3;3,15E-1;-541,2;20,00;3,0;3,1;38,16;0,05;0,002;0,0;0,01;0,049
185;13.07.2023;17:36:20;00:03:04;250,0;17,4;18,1;17,3;21,8;34,6;1,6;0,3;3,11E-1;-541,2;20,00;3,0;3,1;38,16;0,05;0,001;0,0;0,01;0,049
186;13.07.2023;17:36:21;00:03:05;250,0;17,4;18,1;17,3;21,8;35,3;1,7;0,3;3,07E-1;-541,2;20,00;3,0;3,1;38,16;0,05;0,002;0,0;0,01;0,049
187;13.07.2023;17:36:22;00:03:06;250,0;17,4;18,1;17,3;21,8;36,7;1,8;0,3;2,99E-1;-541,2;20,00;3,0;3,0;38,16;0,05;0,001;0,0;0,00;0,049
188;13.07.2023;17:36:23;00:03:07;250,0;17,5;18,2;17,3;21,8;38,1;1,9;0,3;2,92E-1;-541,2;20,00;3,0;3,0;38,16;0,05;0,000;0,0;0,01;0,049
189;13.07.2023;17:36:24;00:03:08;250,0;17,5;18,2;17,3;21,8;38,8;2,0;0,3;2,88E-1;-541,2;20,00;3,0;2,9;38,16;0,05;-0,002;0,0;0,01;0,049
190;13.07.2023;17:36:25;00:03:09;250,0;17,5;18,2;17,4;21,8;40,2;2,2;0,3;2,81E-1;-541,2;20,00;3,0;3,0;38,16;0,05;-0,001;0,0;0,00;0,049
191;13.07.2023;17:36:26;00:03:10;250,0;17,5;18,2;17,4;21,8;41,7;2,3;0,3;2,73E-1;-541,2;20,00;3,0;3,0;38,16;0,05;0,001;0,0;0,00;0,049
192;13.07.2023;17:36:27;00:03:11;250,0;17,5;18,2;17,4;21,8;42,4;2,4;0,3;2,69E-1;-541,2;20,00;3,0;3,1;38,16;0,05;0,003;0,0;0,01;0,049
193;13.07.2023;17:36:28;00:03:12;250,0;17,5;18,2;17,4;21,8;43,8;2,5;0,3;2,63E-1;-541,2;20,00;3,0;3,1;38,16;0,05;0,001;0,0;0,00;0,049
194;13.07.2023;17:36:29;00:03:13;250,0;17,5;18,2;17,4;21,8;44,5;2,6;0,3;2,59E-1;-541,2;20,00;3,0;3,0;38,16;0,05;0,002;0,0;0,00;0,049
195;13.07.2023;17:36:30;00:03:14;250,0;17,5;18,2;17,4;21,8;45,9;2,8;0,3;2,53E-1;-541,2;20,00;3,0;3,0;38,16;0,05;0,002;0,0;0,00;0,049
196;13.07.2023;17:36:31;00:03:15;250,0;17,5;18,2;17,4;21,8;47,3;2,9;0,2;2,48E-1;-541,2;20,00;3,0;2,9;38,16;0,05;-0,002;0,0;0,01;0,049
197;13.07.2023;17:36:32;00:03:16;250,0;17,5;18,2;17,4;21,8;48,1;3,0;0,2;2,45E-1;-541,2;20,00;3,0;3,0;38,16;0,05;0,000;0,0;0,01;0,049
198;13.07.2023;17:36:33;00:03:17;250,0;17,5;18,2;17,4;21,8;49,5;3,1;0,2;2,40E-1;-541,2;20,00;3,0;3,0;38,16;0,05;0,003;0,0;0,01;0,049
199;13.07.2023;17:36:34;00:03:18;250,0;17,5;18,2;17,4;21,8;50,9;3,3;0,2;2,35E-1;-541,2;20,00;3,0;3,0;38,16;0,05;0,000;0,0;0,00;0,049
200;13.07.2023;17:36:35;00:03:19;250,0;17,5;18,2;17,4;21,8;51,6;3,4;0,2;2,33E-1;-541,2;20,00;3,0;3,0;38,16;0,05;-0,001;0,0;0,00;0,049
201;13.07.2023;17:36:36;00:03:20;250,0;17,5;18,2;17,4;21,8;53,0;3,5;0,2;2,29E-1;-541,2;20,00;3,0;3,0;38,16;0,05;-0,003;0,0;0,01;0,049
202;13.07.2023;17:36:37;00:03:21;250,0;17,5;18,2;17,4;21,8;54,4;3,7;0,2;2,25E-1;-541,2;20,00;3,0;3,1;38,16;0,05;0,002;0,0;0,01;0,048
203;13.07.2023;17:36:38;00:03:22;250,0;17,5;18,2;17,4;21,8;55,2;3,8;0,2;2,22E-1;-541,2;20,00;3,0;3,1;38,16;0,05;0,004;0,0;0,01;0,049
204;13.07.2023;17:36:39;00:03:23;250,0;17,5;18,2;17,4;21,8;56,6;3,9;0,2;2,18E-1;-541,2;20,00;3,0;3,0;38,16;0,05;0,003;0,0;0,00;0,049
205;13.07.2023;17:36:40;00:03:24;250,0;17,5;18,2;17,4;21,8;57,3;4,0;0,2;2,16E-1;-541,2;20,00;3,0;3,0;38,16;0,05;0,002;0,0;0,01;0,049
206;13.07.2023;17:36:41;00:03:25;250,0;17,5;18,2;17,4;21,8;58,7;4,2;0,2;2,12E-1;-541,2;20,00;3,0;3,0;38,16;0,05;0,004;0,0;0,01;0,049
207;13.07.2023;17:36:42;00:03:26;250,0;17,5;18,2;17,4;21,8;60,1;4,3;0,2;2,08E-1;-541,2;20,00;3,0;3,0;38,16;0,05;0,003;0,0;0,01;0,049
208;13.07.2023;17:36:43;00:03:27;250,0;17,4;18,1;17,3;21,7;60,8;4,4;0,2;2,07E-1;-541,2;20,00;3,0;3,0;38,16;0,05;0,002;0,0;0,01;0,049
209;13.07.2023;17:36:44;00:03:28;250,0;17,4;18,1;17,3;21,7;62,3;4,6;0,2;2,03E-1;-541,2;20,00;3,0;3,0;38,16;0,05;-0,001;0,0;0,01;0,049
210;13.07.2023;17:36:45;00:03:29;250,0;17,4;18,1;17,3;21,7;63,7;4,8;0,2;2,00E-1;-541,2;20,00;3,0;2,9;38,16;0,05;-0,004;0,0;0,01;0,049
211;13.07.2023;17:36:46;00:03:30;250,0;17,4;18,1;17,3;21,7;64,4;4,9;0,2;1,98E-1;-541,2;20,00;3,0;3,0;38,16;0,05;0,000;0,0;0,01;0,049
212;13.07.2023;17:36:47;00:03:31;250,0;17,4;18,1;17,3;21,7;65,8;5,0;0,2;1,94E-1;-541,2;20,00;3,0;3,0;38,16;0,05;0,002;0,0;0,01;0,049
213;13.07.2023;17:36:48;00:03:32;250,0;17,4;18,1;17,4;21,7;67,2;5,2;0,2;1,91E-1;-541,2;20,00;3,0;3,0;38,16;0,05;0,001;0,0;0,00;0,049
214;13.07.2023;17:36:49;00:03:33;250,0;17,4;18,1;17,4;21,7;67,9;5,3;0,2;1,89E-1;-541,2;20,00;3,0;3,0;38,16;0,05;0,004;0,0;0,00;0,049
215;13.07.2023;17:36:50;00:03:34;250,0;17,4;18,1;17,4;21,7;69,5;5,5;0,2;1,86E-1;-541,2;20,00;3,0;3,0;38,16;0,05;0,003;0,0;0,00;0,049
216;13.07.2023;17:36:51;00:03:35;250,0;17,4;18,1;17,4;21,7;70,9;5,6;0,2;1,83E-1;-541,2;20,00;3,0;3,0;38,16;0,05;0,001;0,0;0,01;0,049
217;13.07.2023;17:36:52;00:03:36;250,0;17,4;18,1;17,4;21,7;71,6;5,7;0,2;1,81E-1;-541,2;20,00;3,0;3,0;38,16;0,05;-0,002;0,0;0,01;0,049
218;13.07.2023;17:36:53;00:03:37;250,0;17,4;18,1;17,4;21,7;73,0;5,9;0,2;1,79E-1;-541,2;20,00;3,0;3,0;38,16;0,05;-0,001;0,0;0,00;0,049
219;13.07.2023;17:36:54;00:03:38;250,0;17,4;18,1;17,4;21,7;73,7;6,0;0,2;1,77E-1;-541,2;20,00;3,0;2,9;38,16;0,05;-0,003;0,0;0,01;0,049
220;13.07.2023;17:36:55;00:03:39;250,0;17,5;18,1;17,4;21,7;75,1;6,1;0,2;1,75E-1;-541,2;20,00;3,0;3,0;38,16;0,05;0,001;0,0;0,00;0,049
221;13.07.2023;17:36:56;00:03:40;250,0;17,5;18,1;17,4;21,7;76,6;6,3;0,2;1,72E-1;-541,2;20,00;3,0;3,0;38,16;0,05;0,000;0,0;0,00;0,049
222;13.07.2023;17:36:57;00:03:41;250,0;17,5;18,1;17,4;21,7;77,3;6,4;0,2;1,70E-1;-541,2;20,00;3,0;3,0;38,16;0,05;0,000;0,0;0,00;0,049
223;13.07.2023;17:36:58;00:03:42;250,0;17,5;18,1;17,4;21,7;78,7;6,6;0,2;1,68E-1;-541,2;20,00;3,0;3,0;38,16;0,05;-0,006;0,0;0,01;0,049
224;13.07.2023;17:36:59;00:03:43;250,0;17,5;18,1;17,4;21,7;80,1;6,8;0,2;1,66E-1;-541,2;20,00;3,0;3,0;38,16;0,05;-0,004;0,0;0,01;0,049
225;13.07.2023;17:37:00;00:03:44;250,0;17,5;18,1;17,4;21,7;80,8;6,9;0,2;1,65E-1;-541,2;20,00;3,0;3,0;38,16;0,05;-0,003;0,0;0,00;0,049
226;13.07.2023;17:37:01;00:03:45;250,0;17,5;18,1;17,4;21,7;82,2;7,1;0,2;1,63E-1;-541,2;20,00;3,0;3,0;38,16;0,05;0,003;0,0;0,01;0,049
227;13.07.2023;17:37:02;00:03:46;250,0;17,5;18,1;17,4;21,7;83,7;7,2;0,2;1,61E-1;-541,2;20,00;3,0;3,0;38,16;0,05;0,002;0,0;0,01;0,049
228;13.07.2023;17:37:03;00:03:47;250,0;17,5;18,1;17,4;21,7;84,4;7,3;0,2;1,60E-1;-541,2;20,00;3,0;3,0;38,16;0,05;0,001;0,0;0,00;0,049
229;13.07.2023;17:37:04;00:03:48;250,0;17,5;18,1;17,4;21,7;85,8;7,5;0,2;1,58E-1;-541,2;20,00;3,0;3,0;38,16;0,05;-0,001;0,0;0,01;0,049
230;13.07.2023;17:37:05;00:03:49;250,0;17,5;18,1;17,4;21,7;87,2;7,7;0,2;1,56E-1;-541,2;20,00;3,0;3,0;38,16;0,05;-0,003;0,0;0,00;0,049
231;13.07.2023;17:37:06;00:03:50;250,0;17,5;18,1;17,4;21,7;87,9;7,8;0,2;1,55E-1;-541,2;20,00;3,0;3,0;38,16;0,05;-0,002;0,0;0,01;0,049
232;13.07.2023;17:37:07;00:03:51;250,0;17,5;18,1;17,4;21,7;89,3;8,0;0,2;1,53E-1;-541,2;20,00;3,0;3,0;38,16;0,05;-0,001;0,0;0,01;0,049
233;13.07.2023;17:37:08;00:03:52;250,0;17,5;18,1;17,4;21,7;90,0;8,1;0,2;1,53E-1;-541,2;20,00;3,0;3,0;38,16;0,05;0,000;0,0;0,00;0,049
234;13.07.2023;17:37:09;00:03:53;250,0;17,5;18,1;17,4;21,7;91,5;8,3;0,2;1,51E-1;-541,2;20,00;3,0;3,0;38,16;0,05;0,002;0,0;0,00;0,049
235;13.07.2023;17:37:10;00:03:54;250,0;17,5;18,1;17,4;21,7;92,9;8,5;0,1;1,49E-1;-541,2;20,00;3,0;3,1;38,16;0,05;0,003;0,0;0,00;0,049
236;13.07.2023;17:37:11;00:03:55;250,0;17,5;18,1;17,4;21,7;93,6;8,6;0,1;1,48E-1;-541,2;20,00;3,0;3,0;38,16;0,05;0,000;0,0;0,01;0,049
237;13.07.2023;17:37:12;00:03:56;250,0;17,5;18,1;17,4;21,7;95,0;8,8;0,1;1,47E-1;-541,2;20,00;3,0;2,9;38,16;0,05;0,000;0,0;0,01;0,049
238;13.07.2023;17:37:13;00:03:57;250,0;17,5;18,1;17,5;21,7;96,4;9,0;0,1;1,45E-1;-541,2;20,00;3,0;3,1;38,16;0,05;0,003;0,0;0,01;0,049
239;13.07.2023;17:37:14;00:03:58;250,0;17,5;18,1;17,5;21,7;97,1;9,1;0,1;1,44E-1;-541,2;20,00;3,0;3,1;38,16;0,05;0,002;0,0;0,00;0,049
240;13.07.2023;17:37:15;00:03:59;250,0;17,5;18,1;17,5;21,7;98,6;9,3;0,1;1,43E-1;-541,2;20,00;3,0;2,9;38,16;0,05;-0,004;0,0;0,01;0,049
241;13.07.2023;17:37:16;00:04:00;250,0;17,5;18,1;17,5;21,7;100,0;9,5;0,1;1,41E-1;-541,2;20,00;3,0;2,9;38,16;0,05;-0,003;0,0;0,00;0,049
242;13.07.2023;17:37:17;00:04:01;250,0;17,5;18,1;17,5;21,7;100,7;9,6;0,1;1,40E-1;-541,2;20,00;3,0;3,0;38,16;0,05;0,001;0,0;0,00;0,049
243;13.07.2023;17:37:18;00:04:02;250,0;17,5;18,1;17,5;21,7;102,1;9,8;0,1;1,39E-1;-541,2;20,00;3,0;3,0;38,16;0,05;0,002;0,0;0,01;0,049
244;13.07.2023;17:37:19;00:04:03;250,0;17,5;18,1;17,5;21,7;102,8;9,9;0,1;1,38E-1;-541,2;20,00;3,0;3,0;38,16;0,05;0,002;0,0;0,00;0,049
245;13.07.2023;17:37:20;00:04:04;250,0;17,5;18,1;17,5;21,7;104,2;10,1;0,1;1,37E-1;-541,2;20,00;3,0;3,0;38,16;0,05;0,003;0,0;0,00;0,049
246;13.07.2023;17:37:21;00:04:05;250,0;17,5;18,1;17,5;21,7;105,7;10,3;0,1;1,35E-1;-541,2;20,00;3,0;3,0;38,16;0,05;0,002;0,0;0,00;0,049
247;13.07.2023;17:37:22;00:04:06;250,0;17,5;18,1;17,5;21,7;106,4;10,4;0,1;1,34E-1;-541,2;20,00;3,0;3,0;38,16;0,05;0,005;0,0;0,00;0,049
248;13.07.2023;17:37:23;00:04:07;250,0;17,5;18,1;17,4;21,7;107,8;10,6;0,1;1,33E-1;-541,2;20,00;3,0;3,1;38,16;0,05;0,002;0,0;0,00;0,049
249;13.07.2023;17:37:24;00:04:08;250,0;17,5;18,1;17,4;21,7;109,2;10,8;0,1;1,32E-1;-541,2;20,00;3,0;3,0;38,16;0,05;-0,001;0,0;0,00;0,049
250;13.07.2023;17:37:25;00:04:09;250,0;17,5;18,1;17,4;21,7;109,9;10,9;0,1;1,31E-1;-541,2;20,00;3,0;3,0;38,16;0,05;0,000;0,0;0,01;0,049
251;13.07.2023;17:37:26;00:04:10;250,0;17,5;18,1;17,4;21,7;111,3;11,1;0,1;1,30E-1;-541,2;20,00;3,0;3,0;38,16;0,05;0,001;0,0;0,00;0,049
252;13.07.2023;17:37:27;00:04:11;250,0;17,5;18,1;17,4;21,7;112,9;11,3;0,1;1,29E-1;-541,2;20,00;3,0;2,9;38,16;0,05;0,002;0,0;0,00;0,049
253;13.07.2023;17:37:28;00:04:12;250,0;17,5;18,1;17,4;21,7;113,6;11,4;0,1;1,28E-1;-541,2;20,00;3,0;3,0;38,16;0,05;0,002;0,0;0,01;0,049
254;13.07.2023;17:37:29;00:04:13;250,0;17,5;18,1;17,5;21,7;115,0;11,6;0,1;1,27E-1;-541,2;20,00;3,0;3,0;38,16;0,05;0,000;0,0;0,01;0,049
255;13.07.2023;17:37:30;00:04:14;250,0;17,5;18,1;17,5;21,7;116,4;11,9;0,1;1,26E-1;-541,2;20,00;3,0;3,0;38,16;0,05;0,003;0,0;0,01;0,049
256;13.07.2023;17:37:31;00:04:15;250,0;17,5;18,1;17,5;21,7;117,1;12,0;0,1;1,25E-1;-541,2;20,00;3,0;3,1;38,16;0,05;0,006;0,0;0,00;0,049
257;13.07.2023;17:37:32;00:04:16;250,0;17,5;18,1;17,5;21,7;118,5;12,2;0,1;1,24E-1;-541,2;20,00;3,0;3,0;38,16;0,05;0,001;0,0;0,00;0,049
258;13.07.2023;17:37:33;00:04:17;250,0;17,5;18,1;17,5;21,7;119,3;12,3;0,1;1,23E-1;-541,2;20,00;3,0;2,9;38,16;0,05;0,000;0,0;0,01;0,049
259;13.07.2023;17:37:34;00:04:18;250,0;17,5;18,1;17,5;21,7;120,7;12,5;0,1;1,22E-1;-541,2;20,00;3,0;3,0;38,16;0,05;0,000;0,0;0,00;0,049
260;13.07.2023;17:37:35;00:04:19;250,0;17,5;18,1;17,5;21,7;122,1;12,7;0,1;1,21E-1;-541,2;20,00;3,0;2,9;38,16;0,05;0,000;0,0;0,01;0,049
261;13.07.2023;17:37:36;00:04:20;250,0;17,5;18,1;17,5;21,7;122,8;12,8;0,1;1,21E-1;-541,2;20,00;3,0;2,9;38,16;0,05;0,001;0,0;0,01;0,049
262;13.07.2023;17:37:37;00:04:21;250,0;17,5;18,1;17,5;21,7;124,2;13,1;0,1;1,19E-1;-541,2;20,00;3,0;3,0;38,16;0,05;0,005;0,0;0,01;0,049
263;13.07.2023;17:37:38;00:04:22;250,0;17,5;18,1;17,5;21,7;125,6;13,3;0,1;1,18E-1;-541,2;20,00;3,0;3,0;38,17;0,05;0,001;0,3;3,47;0,232
264;13.07.2023;17:37:39;00:04:23;250,0;17,5;18,1;17,5;21,7;126,3;13,4;0,1;1,18E-1;-541,2;20,00;3,0;3,0;38,17;0,05;0,013;1,1;3,90;0,278
265;13.07.2023;17:37:40;00:04:24;250,0;17,5;18,1;17,5;21,7;127,8;13,6;0,1;1,17E-1;-541,2;20,00;3,0;3,0;38,17;0,05;0,027;1,1;3,96;0,288
266;13.07.2023;17:37:41;00:04:25;250,1;17,6;18,1;17,5;21,9;129,2;13,8;0,1;1,16E-1;-541,2;20,00;3,0;3,0;38,17;0,05;0,032;1,2;3,99;0,291
267;13.07.2023;17:37:42;00:04:26;250,1;17,6;18,1;17,5;21,9;129,9;14,0;0,1;1,16E-1;-541,2;20,00;3,0;3,0;38,17;0,05;0,025;1,2;3,96;0,292
268;13.07.2023;17:37:43;00:04:27;250,0;17,6;18,1;17,5;21,9;131,3;14,2;0,1;1,15E-1;-541,2;20,00;3,0;3,0;38,17;0,05;0,021;1,2;4,00;0,294
269;13.07.2023;17:37:44;00:04:28;250,1;17,9;18,2;17,5;22,0;132,7;14,4;0,1;1,15E-1;-541,2;20,00;3,0;3,0;38,17;0,05;0,013;1,2;3,98;0,298
270;13.07.2023;17:37:45;00:04:29;250,0;17,9;18,2;17,5;22,0;133,4;14,5;0,1;1,14E-1;-541,2;20,00;3,0;3,0;38,17;0,05;0,012;1,2;4,01;0,298
271;13.07.2023;17:37:46;00:04:30;250,1;18,6;18,2;17,5;22,3;134,9;14,7;0,1;1,14E-1;-541,2;20,00;3,0;3,0;38,17;0,05;0,006;1,2;4,05;0,303
272;13.07.2023;17:37:47;00:04:31;250,1;18,6;18,2;17,5;22,3;135,6;14,8;0,1;1,14E-1;-541,2;20,00;3,0;3,0;38,17;0,05;0,004;1,2;4,04;0,303
273;13.07.2023;17:37:48;00:04:32;250,0;19,7;18,3;17,5;22,5;137,0;14,9;0,1;1,13E-1;-541,2;20,00;3,0;3,0;38,17;0,05;0,001;1,2;4,05;0,308
274;13.07.2023;17:37:49;00:04:33;250,3;19,7;18,5;17,5;22,5;138,4;15,2;0,1;1,13E-1;-541,2;20,00;3,0;3,0;38,16;0,05;-0,003;1,3;4,09;0,312
275;13.07.2023;17:37:50;00:04:34;250,0;19,7;18,5;17,5;22,5;139,1;15,3;0,1;1,12E-1;-541,2;20,00;3,0;3,0;38,17;0,05;-0,008;1,3;4,06;0,313
276;13.07.2023;17:37:51;00:04:35;250,2;21,2;18,5;17,5;22,6;140,5;15,4;0,1;1,12E-1;-541,2;20,00;3,0;2,9;38,16;0,05;-0,013;1,3;4,11;0,313
277;13.07.2023;17:37:52;00:04:36;250,0;23,2;18,6;17,5;22,6;142,0;15,4;0,1;1,11E-1;-541,2;20,00;3,0;2,9;38,16;0,05;-0,012;1,3;4,05;0,316
278;13.07.2023;17:37:53;00:04:37;250,1;23,2;18,8;17,5;22,6;142,7;15,6;0,1;1,11E-1;-541,2;20,00;3,0;2,9;38,16;0,05;-0,017;1,3;4,12;0,316
279;13.07.2023;17:37:54;00:04:38;250,2;25,5;18,8;17,6;22,7;144,1;15,6;0,1;1,11E-1;-541,2;20,00;3,0;2,9;38,16;0,05;-0,020;1,3;4,08;0,317
280;13.07.2023;17:37:55;00:04:39;250,0;25,5;18,9;17,6;22,7;145,5;15,8;0,1;1,10E-1;-541,2;20,00;3,0;3,0;38,16;0,05;-0,018;1,3;4,11;0,322
281;13.07.2023;17:37:56;00:04:40;250,1;28,0;18,9;17,7;22,7;146,2;15,7;0,1;1,10E-1;-541,2;20,00;3,0;3,0;38,16;0,05;-0,025;1,3;4,09;0,322
282;13.07.2023;17:37:57;00:04:41;250,4;28,0;19,1;17,7;22,7;147,6;15,9;0,1;1,10E-1;-541,2;20,00;3,0;3,0;38,16;0,05;-0,025;1,3;4,12;0,322
283;13.07.2023;17:37:58;00:04:42;250,0;30,7;19,1;17,7;22,8;148,5;15,8;0,1;1,10E-1;-541,2;20,00;3,0;3,1;38,16;0,05;-0,027;1,3;4,10;0,322
284;13.07.2023;17:37:59;00:04:43;250,1;30,7;19,3;17,8;22,8;149,9;16,1;0,1;1,09E-1;-541,2;20,00;3,0;3,0;38,16;0,05;-0,034;1,3;4,12;0,325
285;13.07.2023;17:38:00;00:04:44;250,0;33,6;19,3;17,8;22,8;151,3;16,0;0,1;1,09E-1;-541,2;20,00;3,0;3,0;38,16;0,05;-0,033;1,3;4,11;0,325
286;13.07.2023;17:38:01;00:04:45;250,1;33,6;19,3;17,8;22,8;152,0;16,1;0,1;1,09E-1;-541,2;20,00;3,0;3,0;38,16;0,05;-0,034;1,4;4,13;0,326
287;13.07.2023;17:38:02;00:04:46;250,2;36,7;19,4;17,9;22,8;153,4;16,1;0,1;1,09E-1;-541,2;20,00;3,0;3,0;38,16;0,04;-0,032;1,4;4,13;0,327
288;13.07.2023;17:38:03;00:04:47;250,1;36,6;19,4;17,9;22,8;154,8;16,3;0,1;1,09E-1;-541,2;20,00;3,0;3,0;38,16;0,05;-0,026;1,4;4,16;0,332
289;13.07.2023;17:38:04;00:04:48;250,0;36,6;19,6;18,0;22,8;155,6;16,5;0,1;1,08E-1;-541,2;20,00;3,0;3,0;38,16;0,05;-0,027;1,4;4,13;0,332
290;13.07.2023;17:38:05;00:04:49;250,3;40,1;19,6;18,0;22,8;157,0;16,4;0,1;1,08E-1;-541,2;20,00;3,0;2,9;38,16;0,04;-0,026;1,4;4,17;0,332
291;13.07.2023;17:38:06;00:04:50;250,0;43,8;19,7;18,1;22,8;158,4;16,3;0,1;1,08E-1;-541,2;20,00;3,0;3,0;38,16;0,05;-0,029;1,4;4,12;0,332
292;13.07.2023;17:38:07;00:04:51;250,2;43,8;19,7;18,1;22,8;159,1;16,4;0,1;1,08E-1;-541,2;20,00;3,0;3,0;38,16;0,04;-0,030;1,4;4,15;0,332
293;13.07.2023;17:38:08;00:04:52;250,1;47,4;19,9;18,2;22,8;160,5;16,3;0,1;1,07E-1;-541,2;20,00;3,0;3,0;38,15;0,05;-0,032;1,4;4,16;0,332
294;13.07.2023;17:38:09;00:04:53;250,0;47,4;20,1;18,2;22,8;161,9;16,5;0,1;1,07E-1;-541,2;20,00;3,0;3,0;38,16;0,04;-0,032;1,4;4,16;0,335
295;13.07.2023;17:38:10;00:04:54;250,0;51,2;20,1;18,4;22,8;162,7;16,7;0,1;1,07E-1;-541,2;20,00;3,0;3,0;38,16;0,04;-0,027;1,4;4,15;0,337
296;13.07.2023;17:38:11;00:04:55;250,0;51,2;20,1;18,4;22,8;164,1;16,6;0,1;1,06E-1;-541,2;20,00;3,0;3,0;38,15;0,04;-0,031;1,4;4,13;0,337
297;13.07.2023;17:38:12;00:04:56;250,1;54,5;20,2;18,5;22,9;164,8;16,4;0,1;1,06E-1;-541,2;20,00;3,0;3,0;38,16;0,04;-0,028;1,4;4,17;0,337
298;13.07.2023;17:38:13;00:04:57;250,0;54,5;20,4;18,5;22,9;166,2;16,6;0,1;1,06E-1;-541,2;20,00;3,0;3,0;38,15;0,04;-0,026;1,4;4,16;0,336
299;13.07.2023;17:38:14;00:04:58;250,2;57,9;20,4;18,6;22,9;167,6;16,6;0,1;1,06E-1;-541,2;20,00;3,0;3,0;38,15;0,04;-0,027;1,4;4,19;0,339
300;13.07.2023;17:38:15;00:04:59;250,0;57,9;20,4;18,6;22,9;168,3;16,6;0,1;1,06E-1;-541,2;20,00;3,0;2,9;38,15;0,04;-0,029;1,4;4,13;0,338
301;13.07.2023;17:38:16;00:05:00;250,0;61,2;20,6;18,8;22,9;169,8;16,6;0,1;1,05E-1;-541,2;20,00;3,0;3,0;38,15;0,04;-0,024;1,4;4,16;0,338
302;13.07.2023;17:38:17;00:05:01;250,2;61,2;20,7;18,9;22,9;171,2;16,8;0,1;1,05E-1;-541,2;20,00;3,0;3,0;38,15;0,04;-0,027;1,4;4,20;0,341
303;13.07.2023;17:38:18;00:05:02;250,0;61,2;20,7;18,9;22,9;171,9;16,9;0,1;1,05E-1;-541,2;20,00;3,0;3,0;38,15;0,04;-0,029;1,4;4,16;0,341
304;13.07.2023;17:38:19;00:05:03;250,0;64,6;20,7;18,9;22,9;173,3;16,8;0,1;1,04E-1;-541,2;20,00;3,0;3,0;38,15;0,04;-0,038;1,4;4,16;0,342
305;13.07.2023;17:38:20;00:05:04;250,1;67,9;20,9;19,1;22,9;174,7;16,8;0,1;1,04E-1;-541,2;20,00;3,0;3,0;38,15;0,04;-0,035;1,4;4,17;0,342
306;13.07.2023;17:38:21;00:05:05;250,0;67,9;20,9;19,1;22,9;175,4;16,9;0,1;1,04E-1;-541,2;20,00;3,0;3,0;38,15;0,04;-0,035;1,4;4,19;0,342
307;13.07.2023;17:38:22;00:05:06;250,1;71,2;21,0;19,3;22,9;176,9;16,8;0,1;1,04E-1;-541,2;20,00;3,0;3,0;38,15;0,04;-0,030;1,4;4,16;0,342
308;13.07.2023;17:38:23;00:05:07;250,0;71,2;21,2;19,3;23,0;178,3;17,0;0,1;1,03E-1;-541,2;20,00;3,0;3,0;38,15;0,04;-0,031;1,4;4,18;0,344
309;13.07.2023;17:38:24;00:05:08;250,2;74,7;21,2;19,5;23,0;179,0;16,8;0,1;1,03E-1;-541,2;20,00;3,0;3,0;38,15;0,03;-0,030;1,4;4,17;0,346
310;13.07.2023;17:38:25;00:05:09;250,2;74,7;21,3;19,5;23,0;180,4;17,0;0,1;1,03E-1;-541,2;20,00;3,0;3,0;38,15;0,04;-0,026;1,5;4,19;0,347
311;13.07.2023;17:38:26;00:05:10;250,0;74,7;21,3;19,5;23,0;181,1;17,1;0,1;1,03E-1;-541,2;20,00;3,0;3,0;38,15;0,03;-0,028;1,5;4,21;0,347
312;13.07.2023;17:38:27;00:05:11;250,1;78,2;21,3;19,6;23,0;182,5;17,0;0,1;1,02E-1;-541,2;20,00;3,0;3,0;38,15;0,03;-0,031;1,4;4,19;0,347
313;13.07.2023;17:38:28;00:05:12;250,3;81,7;21,5;19,8;23,0;184,0;17,0;0,1;1,02E-1;-541,2;20,00;3,0;3,0;38,15;0,03;-0,036;1,5;4,19;0,347
314;13.07.2023;17:38:29;00:05:13;250,2;81,7;21,5;19,8;23,0;184,7;17,1;0,1;1,02E-1;-541,2;20,00;3,0;3,0;38,15;0,03;-0,035;1,4;4,15;0,347
315;13.07.2023;17:38:30;00:05:14;250,1;85,1;21,7;20,0;23,0;186,1;17,1;0,1;1,02E-1;-541,2;20,00;3,0;3,0;38,15;0,03;-0,030;1,5;4,20;0,351
316;13.07.2023;17:38:31;00:05:15;250,2;85,1;21,7;20,0;23,0;187,5;17,2;0,1;1,01E-1;-541,2;20,00;3,0;3,0;38,15;0,03;-0,028;1,5;4,21;0,350
317;13.07.2023;17:38:32;00:05:16;250,1;88,2;21,8;20,2;23,1;188,2;17,1;0,1;1,01E-1;-541,2;20,00;3,0;3,0;38,14;0,03;-0,029;1,5;4,15;0,348
318;13.07.2023;17:38:33;00:05:17;250,1;88,2;21,9;20,3;23,1;189,6;17,3;0,1;1,01E-1;-541,2;20,00;3,0;3,0;38,15;0,03;-0,029;1,5;4,17;0,350
319;13.07.2023;17:38:34;00:05:18;250,0;91,3;21,9;20,3;23,1;191,2;17,2;0,1;1,00E-1;-541,2;20,00;3,0;2,9;38,14;0,03;-0,033;1,5;4,18;0,352
320;13.07.2023;17:38:35;00:05:19;250,0;91,3;21,9;20,3;23,1;191,9;17,3;0,1;1,00E-1;-541,2;20,00;3,0;2,9;38,14;0,03;-0,029;1,5;4,21;0,352
321;13.07.2023;17:38:36;00:05:20;250,1;94,4;22,1;20,5;23,1;193,3;17,3;0,1;9,99E-2;-541,2;20,00;3,0;3,0;38,15;0,03;-0,026;1,5;4,19;0,352
322;13.07.2023;17:38:37;00:05:21;250,1;94,4;22,1;20,5;23,1;194,0;17,4;0,1;9,97E-2;-541,2;20,00;3,0;3,0;38,14;0,03;-0,016;1,5;4,23;0,353
323;13.07.2023;17:38:38;00:05:22;250,0;97,4;22,2;20,7;23,1;195,4;17,3;0,1;9,93E-2;-541,2;20,00;3,0;3,0;38,14;0,03;-0,026;1,5;4,21;0,352
324;13.07.2023;17:38:39;00:05:23;250,2;97,4;22,3;20,7;23,1;196,8;17,5;0,1;9,91E-2;-541,2;20,00;3,0;3,1;38,14;0,03;-0,020;1,5;4,20;0,355
325;13.07.2023;17:38:40;00:05:24;250,0;100,4;22,3;20,8;23,1;197,5;17,4;0,1;9,88E-2;-541,2;20,00;3,0;3,1;38,14;0,03;-0,020;1,5;4,25;0,357
326;13.07.2023;17:38:41;00:05:25;250,0;100,4;22,5;21,0;23,1;199,0;17,6;0,1;9,85E-2;-541,2;20,00;3,0;3,0;38,14;0,03;-0,026;1,5;4,24;0,356
327;13.07.2023;17:38:42;00:05:26;250,1;103,4;22,5;21,0;23,1;200,4;17,5;0,1;9,81E-2;-541,2;20,00;3,0;3,0;38,14;0,03;-0,027;1,5;4,23;0,357
328;13.07.2023;17:38:43;00:05:27;250,1;103,3;22,3;20,9;23,0;201,1;17,6;0,1;9,80E-2;-541,2;20,00;3,0;3,0;38,14;0,03;-0,032;1,5;4,23;0,357
329;13.07.2023;17:38:44;00:05:28;250,1;106,4;22,5;21,0;23,0;202,5;17,6;0,1;9,75E-2;-541,2;20,00;3,0;3,0;38,14;0,03;-0,034;1,5;4,23;0,357
330;13.07.2023;17:38:45;00:05:29;250,3;106,4;22,6;21,0;23,0;203,9;17,8;0,1;9,73E-2;-541,2;20,00;3,0;2,9;38,14;0,02;-0,024;1,5;4,24;0,357
331;13.07.2023;17:38:46;00:05:30;250,0;106,4;22,6;21,2;23,0;204,6;17,9;0,1;9,70E-2;-541,2;20,00;3,0;2,9;38,14;0,03;-0,026;1,5;4,24;0,358
332;13.07.2023;17:38:47;00:05:31;250,1;109,5;22,6;21,2;23,0;206,1;17,9;0,1;9,67E-2;-541,2;20,00;3,0;3,0;38,14;0,03;-0,022;1,5;4,29;0,358
333;13.07.2023;17:38:48;00:05:32;250,1;112,5;22,7;21,4;23,0;207,5;17,8;0,1;9,63E-2;-541,2;20,00;3,0;2,9;38,14;0,02;-0,023;1,5;4,24;0,360
334;13.07.2023;17:38:49;00:05:33;250,0;112,5;22,7;21,4;23,0;208,2;17,9;0,1;9,61E-2;-541,2;20,00;3,0;3,0;38,14;0,02;-0,029;1,5;4,22;0,361
335;13.07.2023;17:38:50;00:05:34;250,1;115,7;22,9;21,6;23,1;209,6;17,9;0,1;9,57E-2;-541,2;20,00;3,0;3,1;38,14;0,02;-0,026;1,5;4,23;0,361
336;13.07.2023;17:38:51;00:05:35;250,0;115,7;22,9;21,6;23,1;210,3;17,9;0,1;9,56E-2;-541,2;20,00;3,0;3,1;38,14;0,02;-0,033;1,5;4,21;0,361
337;13.07.2023;17:38:52;00:05:36;250,0;118,6;23,1;21,8;23,1;211,7;17,9;0,1;9,52E-2;-541,2;20,00;3,0;3,0;38,14;0,02;-0,026;1,5;4,18;0,363
338;13.07.2023;17:38:53;00:05:37;250,0;118,6;23,2;21,8;23,1;213,2;18,1;0,1;9,48E-2;-541,2;20,00;3,0;3,1;38,13;0,02;-0,028;1,6;4,25;0,361
339;13.07.2023;17:38:54;00:05:38;250,0;118,6;23,2;22,0;23,1;213,9;18,2;0,1;9,46E-2;-541,2;20,00;3,0;3,0;38,14;0,02;-0,034;1,6;4,29;0,366
340;13.07.2023;17:38:55;00:05:39;250,1;121,4;23,2;22,0;23,2;215,3;18,2;0,1;9,43E-2;-541,2;20,00;3,0;3,0;38,13;0,02;-0,028;1,6;4,26;0,366
341;13.07.2023;17:38:56;00:05:40;250,0;124,2;23,4;22,1;23,2;216,7;18,1;0,1;9,39E-2;-541,2;20,00;3,0;3,0;38,13;0,02;-0,029;1,6;4,25;0,366
342;13.07.2023;17:38:57;00:05:41;250,1;124,2;23,4;22,1;23,2;217,4;18,2;0,1;9,37E-2;-541,2;20,00;3,0;3,0;38,13;0,02;-0,028;1,6;4,25;0,366
343;13.07.2023;17:38:58;00:05:42;250,1;126,9;23,5;22,3;23,2;218,8;18,4;0,1;9,34E-2;-541,2;20,00;3,0;3,0;38,13;0,02;-0,034;1,6;4,26;0,367
344;13.07.2023;17:38:59;00:05:43;250,0;126,9;23,5;22,3;23,1;220,3;18,4;0,1;9,29E-2;-541,2;20,00;3,0;3,0;38,13;0,02;-0,031;1,6;4,25;0,368
345;13.07.2023;17:39:00;00:05:44;250,0;129,6;23,6;22,4;23,2;221,0;18,3;0,1;9,28E-2;-541,2;20,00;3,0;3,0;38,13;0,02;-0,028;1,6;4,23;0,370
346;13.07.2023;17:39:01;00:05:45;250,1;129,6;23,7;22,6;23,2;222,4;18,5;0,1;9,24E-2;-541,2;20,00;3,0;3,0;38,13;0,02;-0,031;1,6;4,29;0,368
347;13.07.2023;17:39:02;00:05:46;250,0;132,3;23,7;22,6;23,2;223,8;18,5;0,1;9,21E-2;-541,2;20,00;3,0;3,0;38,13;0,02;-0,028;1,6;4,30;0,369
348;13.07.2023;17:39:03;00:05:47;250,1;132,4;23,7;22,7;23,3;224,5;18,6;0,1;9,19E-2;-541,2;20,00;3,0;3,0;38,13;0,02;-0,026;1,6;4,29;0,371
349;13.07.2023;17:39:04;00:05:48;250,0;132,4;24,0;22,9;23,3;225,9;18,8;0,1;9,16E-2;-541,2;20,00;3,0;3,0;38,13;0,02;-0,025;1,6;4,30;0,371
350;13.07.2023;17:39:05;00:05:49;250,0;135,2;24,0;22,9;23,3;226,7;18,6;0,1;9,14E-2;-541,2;20,00;3,0;3,0;38,13;0,01;-0,025;1,6;4,31;0,375
351;13.07.2023;17:39:06;00:05:50;250,0;137,9;24,1;23,0;23,3;228,1;18,8;0,1;9,11E-2;-541,2;20,00;3,0;3,0;38,13;0,02;-0,030;1,6;4,31;0,375
352;13.07.2023;17:39:07;00:05:51;250,1;137,9;24,1;23,0;23,3;229,5;18,8;0,1;9,09E-2;-541,2;20,00;3,0;3,0;38,13;0,01;-0,027;1,6;4,28;0,374
353;13.07.2023;17:39:08;00:05:52;250,1;140,7;24,3;23,2;23,3;230,2;18,7;0,1;9,07E-2;-541,2;20,00;3,0;3,0;38,13;0,01;-0,030;1,6;4,33;0,376
354;13.07.2023;17:39:09;00:05:53;250,0;140,7;24,4;23,2;23,4;231,6;18,9;0,1;9,04E-2;-541,2;20,00;3,0;3,0;38,13;0,01;-0,031;1,6;4,30;0,375
355;13.07.2023;17:39:10;00:05:54;250,1;143,4;24,4;23,3;23,4;233,0;18,9;0,1;9,01E-2;-541,2;20,00;3,0;3,0;38,13;0,01;-0,039;1,6;4,29;0,376
356;13.07.2023;17:39:11;00:05:55;250,2;143,4;24,4;23,3;23,4;233,9;18,9;0,1;8,99E-2;-541,2;20,00;3,0;3,0;38,13;0,01;-0,035;1,6;4,30;0,376
357;13.07.2023;17:39:12;00:05:56;250,1;145,8;24,5;23,5;23,4;235,3;18,9;0,1;8,95E-2;-541,2;20,00;3,0;3,0;38,13;0,01;-0,030;1,6;4,30;0,376
358;13.07.2023;17:39:13;00:05:57;250,1;145,8;24,6;23,6;23,4;236,7;19,1;0,1;8,92E-2;-541,2;20,00;3,0;3,0;38,12;0,01;-0,026;1,6;4,30;0,377
359;13.07.2023;17:39:14;00:05:58;250,1;145,8;24,6;23,6;23,4;237,4;19,2;0,1;8,90E-2;-541,2;20,00;3,0;3,0;38,13;0,01;-0,020;1,7;4,30;0,381
360;13.07.2023;17:39:15;00:05:59;250,3;148,3;24,6;23,6;23,4;238,8;19,2;0,1;8,87E-2;-541,2;20,00;3,0;3,0;38,12;0,01;-0,025;1,7;4,32;0,381
361;13.07.2023;17:39:16;00:06:00;250,1;150,7;24,7;23,7;23,4;239,5;19,2;0,1;8,86E-2;-541,2;20,00;3,0;3,0;38,12;0,01;-0,022;1,6;4,30;0,379
362;13.07.2023;17:39:17;00:06:01;250,1;150,7;24,9;23,7;23,4;241,0;19,3;0,1;8,81E-2;-541,2;20,00;3,0;3,0;38,12;0,01;-0,028;1,6;4,34;0,381
363;13.07.2023;17:39:18;00:06:02;250,3;153,2;24,9;23,8;23,4;242,4;19,3;0,1;8,79E-2;-541,2;20,00;3,0;3,0;38,12;0,01;-0,031;1,6;4,31;0,382
364;13.07.2023;17:39:19;00:06:03;250,0;153,2;24,9;23,8;23,4;243,1;19,4;0,1;8,77E-2;-541,2;20,00;3,0;3,0;38,12;0,01;-0,029;1,7;4,33;0,381
365;13.07.2023;17:39:20;00:06:04;250,3;155,6;25,0;24,0;23,4;244,5;19,4;0,1;8,74E-2;-541,2;20,00;3,0;3,0;38,12;0,01;-0,028;1,7;4,33;0,385
366;13.07.2023;17:39:21;00:06:05;250,1;158,0;25,1;24,1;23,4;245,9;19,6;0,1;8,70E-2;-541,2;20,00;3,0;3,0;38,12;0,01;-0,022;1,7;4,34;0,386
367;13.07.2023;17:39:22;00:06:06;250,2;158,0;25,1;24,1;23,4;246,6;19,5;0,1;8,69E-2;-541,2;20,00;3,0;3,0;38,12;0,01;-0,019;1,7;4,34;0,386
368;13.07.2023;17:39:23;00:06:07;250,0;157,9;25,0;24,0;23,4;248,1;19,7;0,1;8,65E-2;-541,2;20,00;3,0;3,0;38,12;0,01;-0,024;1,7;4,36;0,387
369;13.07.2023;17:39:24;00:06:08;250,3;160,4;25,1;24,1;23,4;249,5;19,7;0,1;8,62E-2;-541,2;20,00;3,0;3,0;38,12;0,01;-0,030;1,7;4,39;0,389
370;13.07.2023;17:39:25;00:06:09;250,0;160,4;25,1;24,1;23,4;250,2;19,8;0,1;8,61E-2;-541,2;20,00;3,0;3,1;38,12;0,01;-0,027;1,7;4,34;0,388
371;13.07.2023;17:39:26;00:06:10;250,0;162,9;25,2;24,3;23,4;251,6;19,9;0,1;8,58E-2;-541,2;20,00;3,0;3,0;38,12;0,01;-0,031;1,7;4,37;0,391
372;13.07.2023;17:39:27;00:06:11;250,2;162,9;25,2;24,3;23,4;253,0;20,0;0,1;8,54E-2;-541,2;20,00;3,0;3,0;38,12;0,01;-0,027;1,7;4,37;0,391
373;13.07.2023;17:39:28;00:06:12;250,1;165,4;25,3;24,4;23,4;253,7;19,9;0,1;8,53E-2;-541,2;20,00;3,0;3,0;38,12;0,01;-0,020;1,7;4,38;0,391
374;13.07.2023;17:39:29;00:06:13;250,0;165,4;25,4;24,4;23,4;255,2;20,1;0,1;8,50E-2;-541,2;20,00;3,0;3,0;38,12;0,01;-0,031;1,7;4,40;0,391
375;13.07.2023;17:39:30;00:06:14;250,1;165,4;25,4;24,4;23,4;255,9;20,2;0,1;8,48E-2;-541,2;20,00;3,0;3,0;38,12;0,01;-0,029;1,7;4,37;0,391
376;13.07.2023;17:39:31;00:06:15;250,0;167,8;25,4;24,5;23,4;257,3;20,2;0,1;8,46E-2;-541,2;20,00;3,0;3,0;38,12;0,00;-0,030;1,7;4,38;0,392
377;13.07.2023;17:39:32;00:06:16;250,1;170,1;25,6;24,6;23,4;258,7;20,2;0,1;8,42E-2;-541,2;20,00;3,0;3,0;38,12;0,00;-0,035;1,7;4,37;0,395
378;13.07.2023;17:39:33;00:06:17;250,1;170,1;25,6;24,6;23,4;259,4;20,3;0,1;8,41E-2;-541,2;20,00;3,0;3,0;38,12;0,00;-0,033;1,7;4,38;0,395
379;13.07.2023;17:39:34;00:06:18;250,1;172,4;25,7;24,8;23,4;260,8;20,5;0,1;8,38E-2;-541,2;20,00;3,0;3,0;38,11;0,00;-0,034;1,8;4,40;0,398
380;13.07.2023;17:39:35;00:06:19;250,0;172,4;25,7;24,8;23,5;262,3;20,5;0,1;8,35E-2;-541,2;20,00;3,0;3,0;38,12;0,01;-0,035;1,7;4,38;0,396
381;13.07.2023;17:39:36;00:06:20;250,1;174,7;25,8;24,9;23,5;263,0;20,4;0,1;8,34E-2;-541,2;20,00;3,0;3,0;38,12;0,00;-0,031;1,8;4,40;0,399
382;13.07.2023;17:39:37;00:06:21;250,0;174,7;25,9;24,9;23,5;264,4;20,6;0,1;8,30E-2;-541,2;20,00;3,0;3,0;38,11;0,00;-0,039;1,7;4,39;0,400
383;13.07.2023;17:39:38;00:06:22;250,0;177,0;25,9;25,0;23,5;265,8;20,6;0,1;8,28E-2;-541,2;20,00;3,0;3,0;38,11;0,00;-0,029;1,8;4,41;0,401
384;13.07.2023;17:39:39;00:06:23;250,0;177,0;25,9;25,0;23,5;266,5;20,7;0,1;8,27E-2;-541,2;20,00;3,0;3,0;38,11;0,00;-0,028;1,8;4,42;0,400
385;13.07.2023;17:39:40;00:06:24;250,2;179,3;26,0;25,1;23,5;267,9;20,7;0,1;8,24E-2;-541,2;20,00;3,0;3,0;38,11;0,00;-0,029;1,8;4,42;0,402
386;13.07.2023;17:39:41;00:06:25;250,1;179,3;26,1;25,2;23,5;269,4;20,9;0,1;8,21E-2;-541,2;20,00;3,0;3,0;38,11;0,00;-0,026;1,8;4,46;0,404
387;13.07.2023;17:39:42;00:06:26;250,0;181,5;26,1;25,2;23,5;270,1;21,0;0,1;8,19E-2;-541,2;20,00;3,0;3,0;38,11;0,00;-0,029;1,8;4,45;0,405
388;13.07.2023;17:39:43;00:06:27;251,9;181,5;26,1;25,2;23,5;271,5;21,0;0,1;8,17E-2;-541,2;20,00;3,0;3,0;38,11;0,00;-0,027;1,8;4,42;0,405
389;13.07.2023;17:39:44;00:06:28;253,3;181,5;26,2;25,2;23,5;272,2;21,1;0,1;8,16E-2;-541,2;20,00;3,0;3,0;38,11;0,00;-0,024;1,8;4,44;0,405
390;13.07.2023;17:39:45;00:06:29;253,9;183,9;26,2;25,3;23,5;273,6;21,1;0,1;8,13E-2;-541,2;20,00;3,0;2,9;38,11;0,00;-0,023;1,8;4,41;0,408
391;13.07.2023;17:39:46;00:06:30;255,5;186,2;26,4;25,5;23,5;275,0;21,2;0,1;8,11E-2;-541,2;20,00;3,0;3,0;38,11;0,00;-0,020;1,8;4,46;0,409
392;13.07.2023;17:39:47;00:06:31;255,7;186,2;26,4;25,5;23,5;275,7;21,2;0,1;8,09E-2;-541,2;20,00;3,0;3,0;38,11;0,00;-0,022;1,8;4,43;0,407
393;13.07.2023;17:39:48;00:06:32;257,5;186,2;26,5;25,6;23,5;277,3;21,5;0,1;8,06E-2;-541,2;20,00;3,0;2,9;38,11;0,00;-0,027;1,8;4,47;0,410
394;13.07.2023;17:39:49;00:06:33;259,4;188,5;26,5;25,6;23,5;278,7;21,5;0,1;8,04E-2;-541,2;20,00;3,0;3,0;38,11;-0,01;-0,022;1,8;4,44;0,410
395;13.07.2023;17:39:50;00:06:34;259,6;188,5;26,6;25,7;23,5;279,4;21,6;0,1;8,02E-2;-541,2;20,00;3,0;3,0;38,11;0,00;-0,024;1,8;4,47;0,410
396;13.07.2023;17:39:51;00:06:35;261,7;190,8;26,6;25,7;23,6;280,8;21,6;0,1;8,00E-2;-541,2;20,00;3,0;3,0;38,11;-0,01;-0,025;1,8;4,49;0,410
397;13.07.2023;17:39:52;00:06:36;263,7;193,0;26,7;25,8;23,6;282,2;21,6;0,1;7,98E-2;-541,2;20,00;3,0;3,0;38,10;0,00;-0,034;1,8;4,44;0,411
398;13.07.2023;17:39:53;00:06:37;263,9;193,0;26,7;25,8;23,6;282,9;21,7;0,1;7,96E-2;-541,2;20,00;3,0;3,0;38,11;-0,01;-0,035;1,9;4,45;0,415
399;13.07.2023;17:39:54;00:06:38;266,1;195,1;26,8;25,9;23,6;284,4;21,8;0,1;7,94E-2;-541,2;20,00;3,0;3,0;38,11;-0,01;-0,034;1,9;4,51;0,415
400;13.07.2023;17:39:55;00:06:39;266,9;195,1;26,8;25,9;23,6;285,1;21,8;0,1;7,93E-2;-541,2;20,00;3,0;3,0;38,11;-0,01;-0,026;1,9;4,47;0,415
401;13.07.2023;17:39:56;00:06:40;268,8;197,3;26,9;26,0;23,6;286,5;21,8;0,1;7,90E-2;-541,2;20,00;3,0;3,0;38,11;-0,01;-0,028;1,9;4,49;0,419
402;13.07.2023;17:39:57;00:06:41;269,1;197,3;27,0;26,0;23,6;287,9;22,0;0,1;7,88E-2;-541,2;20,00;3,0;3,0;38,10;-0,01;-0,034;1,9;4,50;0,420
403;13.07.2023;17:39:58;00:06:42;270,7;197,3;27,0;26,0;23,6;288,6;22,1;0,1;7,88E-2;-541,2;20,00;3,0;3,0;38,10;-0,01;-0,036;1,9;4,49;0,420
404;13.07.2023;17:39:59;00:06:43;272,0;199,4;27,0;26,1;23,6;290,0;22,1;0,1;7,85E-2;-541,2;20,00;3,0;3,0;38,10;-0,01;-0,039;1,9;4,51;0,420
405;13.07.2023;17:40:00;00:06:44;273,5;201,5;27,1;26,2;23,6;291,5;22,2;0,1;7,84E-2;-541,2;20,00;3,0;3,0;38,10;-0,01;-0,039;1,9;4,55;0,420
406;13.07.2023;17:40:01;00:06:45;274,1;201,5;27,1;26,2;23,6;292,2;22,3;0,1;7,83E-2;-541,2;20,00;3,0;3,0;38,10;-0,01;-0,037;1,9;4,49;0,420
407;13.07.2023;17:40:02;00:06:46;275,5;203,6;27,2;26,3;23,6;293,6;22,5;0,1;7,81E-2;-541,2;20,00;3,0;3,0;38,10;-0,01;-0,034;1,9;4,54;0,424
408;13.07.2023;17:40:03;00:06:47;277,5;203,6;27,2;26,3;23,7;295,0;22,5;0,1;7,79E-2;-541,2;20,00;3,0;2,9;38,10;-0,01;-0,032;1,9;4,50;0,425
409;13.07.2023;17:40:04;00:06:48;278,5;203,6;27,4;26,4;23,7;295,7;22,6;0,1;7,78E-2;-541,2;20,00;3,0;3,0;38,10;-0,01;-0,034;1,9;4,54;0,425
410;13.07.2023;17:40:05;00:06:49;280,2;205,9;27,4;26,4;23,7;297,2;22,6;0,1;7,77E-2;-541,2;20,00;3,0;3,0;38,10;-0,01;-0,035;2,0;4,55;0,427
411;13.07.2023;17:40:06;00:06:50;281,8;208,2;27,5;26,6;23,7;298,6;22,7;0,1;7,74E-2;-541,2;20,00;3,0;3,0;38,10;-0,02;-0,029;1,9;4,56;0,430
412;13.07.2023;17:40:07;00:06:51;282,5;208,2;27,5;26,6;23,7;299,3;22,7;0,1;7,74E-2;-541,2;20,00;3,0;3,0;38,10;-0,01;-0,032;1,9;4,54;0,430
413;13.07.2023;17:40:08;00:06:52;284,0;208,2;27,6;26,7;23,7;300,8;22,9;0,1;7,72E-2;-541,2;20,00;3,0;3,0;38,10;-0,02;-0,024;2,0;4,55;0,430
414;13.07.2023;17:40:09;00:06:53;284,8;210,5;27,6;26,7;23,7;301,5;22,9;0,1;7,71E-2;-541,2;20,00;3,0;3,0;38,10;-0,01;-0,035;2,0;4,61;0,432
415;13.07.2023;17:40:10;00:06:54;286,6;210,5;27,7;26,8;23,7;303,0;23,1;0,1;7,69E-2;-541,2;20,00;3,0;3,0;38,10;-0,02;-0,027;2,0;4,58;0,432
416;13.07.2023;17:40:11;00:06:55;288,2;212,7;27,7;26,8;23,7;304,6;23,1;0,1;7,68E-2;-541,2;20,00;3,0;3,0;38,10;-0,02;-0,028;2,0;4,59;0,433
417;13.07.2023;17:40:12;00:06:56;289,0;214,8;27,8;26,9;23,7;305,4;23,1;0,1;7,67E-2;-541,2;20,00;3,0;2,9;38,10;-0,02;-0,034;2,0;4,60;0,435
418;13.07.2023;17:40:13;00:06:57;290,4;214,8;27,9;26,9;23,7;306,9;23,2;0,1;7,65E-2;-541,2;20,00;3,0;3,0;38,10;-0,02;-0,028;2,0;4,58;0,435
419;13.07.2023;17:40:14;00:06:58;292,0;217,0;27,9;27,0;23,8;308,4;23,3;0,1;7,64E-2;-541,2;20,00;3,0;3,0;38,09;-0,02;-0,032;2,0;4,58;0,439
420;13.07.2023;17:40:15;00:06:59;292,8;217,0;27,9;27,0;23,8;309,1;23,4;0,1;7,63E-2;-541,2;20,00;3,0;3,0;38,10;-0,02;-0,033;2,0;4,55;0,438
421;13.07.2023;17:40:16;00:07:00;294,8;219,1;28,1;27,1;23,8;310,6;23,4;0,1;7,61E-2;-541,2;20,00;3,0;3,0;38,09;-0,02;-0,033;2,0;4,59;0,440
422;13.07.2023;17:40:17;00:07:01;296,0;219,1;28,2;27,2;23,8;312,3;23,6;0,1;7,59E-2;-541,2;20,00;3,0;3,0;38,09;-0,02;-0,031;2,0;4,61;0,440
423;13.07.2023;17:40:18;00:07:02;296,7;219,1;28,2;27,2;23,8;313,0;23,7;0,1;7,59E-2;-541,2;20,00;3,0;3,0;38,09;-0,02;-0,038;2,0;4,60;0,440
424;13.07.2023;17:40:19;00:07:03;298,7;221,2;28,2;27,2;23,8;314,5;23,8;0,1;7,57E-2;-541,2;20,00;3,0;3,0;38,09;-0,02;-0,042;2,0;4,61;0,441
425;13.07.2023;17:40:20;00:07:04;299,5;223,3;28,3;27,3;23,8;315,3;23,8;0,1;7,56E-2;-541,2;20,00;3,0;2,9;38,09;-0,02;-0,037;2,0;4,65;0,444
426;13.07.2023;17:40:21;00:07:05;301,0;223,3;28,3;27,3;23,8;316,8;23,9;0,1;7,54E-2;-541,2;20,00;3,0;3,0;38,09;-0,02;-0,044;2,1;4,65;0,443
427;13.07.2023;17:40:22;00:07:06;303,0;225,5;28,4;27,4;23,8;318,3;24,0;0,1;7,52E-2;-541,2;20,00;3,0;3,0;38,09;-0,02;-0,043;2,1;4,61;0,446
428;13.07.2023;17:40:23;00:07:07;303,6;225,5;28,4;27,4;23,8;319,0;24,0;0,1;7,51E-2;-541,2;20,00;3,0;2,9;38,09;-0,02;-0,038;2,1;4,65;0,445
429;13.07.2023;17:40:24;00:07:08;305,5;225,5;28,4;27,4;23,8;320,6;24,3;0,1;7,50E-2;-541,2;20,00;3,0;3,0;38,09;-0,03;-0,039;2,1;4,62;0,449
430;13.07.2023;17:40:25;00:07:09;307,0;227,8;28,5;27,5;23,9;322,1;24,3;0,1;7,48E-2;-541,2;20,00;3,0;3,0;38,09;-0,02;-0,042;2,1;4,62;0,449
431;13.07.2023;17:40:26;00:07:10;307,8;227,8;28,7;27,5;23,9;322,9;24,4;0,1;7,48E-2;-541,2;20,00;3,0;3,0;38,09;-0,03;-0,039;2,1;4,66;0,449
432;13.07.2023;17:40:27;00:07:11;309,8;230,1;28,7;27,6;23,9;324,4;24,4;0,1;7,45E-2;-541,2;20,00;3,0;3,0;38,08;-0,02;-0,045;2,1;4,65;0,449
433;13.07.2023;17:40:28;00:07:12;311,0;230,1;28,8;27,6;23,9;325,9;24,6;0,1;7,44E-2;-541,2;20,00;3,0;3,0;38,09;-0,03;-0,045;2,1;4,68;0,454
434;13.07.2023;17:40:29;00:07:13;311,9;232,4;28,8;27,8;24,0;326,6;24,5;0,1;7,44E-2;-541,2;20,00;3,0;3,0;38,08;-0,03;-0,042;2,1;4,68;0,454
435;13.07.2023;17:40:30;00:07:14;313,8;234,7;28,9;27,9;24,0;328,3;24,6;0,1;7,41E-2;-541,2;20,00;3,0;2,9;38,08;-0,03;-0,045;2,1;4,67;0,455
436;13.07.2023;17:40:31;00:07:15;315,4;234,7;28,9;27,9;24,0;329,8;24,8;0,1;7,40E-2;-541,2;20,00;3,0;3,0;38,09;-0,03;-0,040;2,1;4,66;0,456
437;13.07.2023;17:40:32;00:07:16;315,9;234,7;29,1;28,0;24,0;330,5;24,9;0,1;7,39E-2;-541,2;20,00;3,0;3,0;38,08;-0,03;-0,043;2,1;4,71;0,458
438;13.07.2023;17:40:33;00:07:17;317,8;236,8;29,1;28,0;24,0;332,0;24,9;0,1;7,38E-2;-541,2;20,00;3,0;3,0;38,08;-0,03;-0,045;2,1;4,68;0,459
439;13.07.2023;17:40:34;00:07:18;318,7;236,8;29,1;28,0;24,0;332,8;25,0;0,1;7,37E-2;-541,2;20,00;3,0;3,0;38,08;-0,03;-0,042;2,1;4,70;0,459
440;13.07.2023;17:40:35;00:07:19;320,5;238,9;29,2;28,1;24,0;334,3;25,0;0,1;7,35E-2;-541,2;20,00;3,0;3,0;38,08;-0,03;-0,045;2,1;4,68;0,459
441;13.07.2023;17:40:36;00:07:20;322,2;241,0;29,3;28,2;24,0;335,9;25,1;0,1;7,34E-2;-541,2;20,00;3,0;3,0;38,08;-0,03;-0,046;2,2;4,72;0,461
442;13.07.2023;17:40:37;00:07:21;323,0;241,0;29,3;28,2;24,0;336,6;25,2;0,1;7,34E-2;-541,2;20,00;3,0;3,0;38,08;-0,03;-0,047;2,2;4,70;0,463
443;13.07.2023;17:40:38;00:07:22;324,9;243,1;29,4;28,3;24,0;338,1;25,4;0,1;7,33E-2;-541,2;20,00;3,0;3,1;38,08;-0,03;-0,046;2,2;4,71;0,464
444;13.07.2023;17:40:39;00:07:23;326,2;243,1;29,4;28,3;24,0;339,6;25,4;0,1;7,32E-2;-541,2;20,00;3,0;3,0;38,08;-0,04;-0,052;2,2;4,74;0,464
445;13.07.2023;17:40:40;00:07:24;327,3;245,3;29,5;28,4;24,0;340,4;25,4;0,1;7,31E-2;-541,2;20,00;3,0;3,0;38,08;-0,04;-0,051;2,2;4,71;0,466
446;13.07.2023;17:40:41;00:07:25;328,9;245,3;29,6;28,4;24,0;341,9;25,6;0,1;7,30E-2;-541,2;20,00;3,0;3,0;38,08;-0,04;-0,048;2,2;4,72;0,468
447;13.07.2023;17:40:42;00:07:26;330,4;247,4;29,6;28,5;24,0;343,5;25,7;0,1;7,29E-2;-541,2;20,00;3,0;3,0;38,08;-0,04;-0,047;2,2;4,76;0,469
448;13.07.2023;17:40:43;00:07:27;331,6;247,4;29,6;28,5;24,0;344,3;25,7;0,1;7,28E-2;-541,2;20,00;3,0;3,0;38,08;-0,04;-0,041;2,2;4,73;0,469
449;13.07.2023;17:40:44;00:07:28;333,6;247,4;29,7;28,5;24,0;345,8;26,0;0,1;7,26E-2;-541,2;20,00;3,0;3,0;38,07;-0,04;-0,046;2,2;4,77;0,469
450;13.07.2023;17:40:45;00:07:29;335,1;249,7;29,7;28,6;24,0;347,3;26,0;0,1;7,25E-2;-541,2;20,00;3,0;3,0;38,07;-0,04;-0,054;2,2;4,75;0,471
451;13.07.2023;17:40:46;00:07:30;335,9;249,7;29,8;28,7;24,0;348,0;26,1;0,1;7,24E-2;-541,2;20,00;3,0;3,0;38,07;-0,04;-0,053;2,3;4,77;0,474
452;13.07.2023;17:40:47;00:07:31;337,5;252,0;29,8;28,7;24,0;349,5;26,1;0,1;7,23E-2;-541,2;20,00;3,0;3,0;38,07;-0,04;-0,051;2,3;4,74;0,474
453;13.07.2023;17:40:48;00:07:32;338,4;252,0;29,9;28,8;24,0;350,4;26,2;0,1;7,22E-2;-541,2;20,00;3,0;3,0;38,07;-0,04;-0,046;2,3;4,76;0,479
454;13.07.2023;17:40:49;00:07:33;340,4;254,3;29,9;28,8;24,0;351,9;26,3;0,1;7,20E-2;-541,2;20,00;3,0;3,1;38,07;-0,04;-0,044;2,3;4,76;0,479
455;13.07.2023;17:40:50;00:07:34;342,0;256,6;30,1;28,9;24,0;353,4;26,3;0,1;7,19E-2;-541,2;20,00;3,0;3,1;38,07;-0,04;-0,048;2,3;4,75;0,479
456;13.07.2023;17:40:51;00:07:35;342,7;256,6;30,1;28,9;24,0;354,1;26,4;0,1;7,19E-2;-541,2;20,00;3,0;3,0;38,07;-0,04;-0,048;2,3;4,77;0,479
457;13.07.2023;17:40:52;00:07:36;344,6;256,6;30,2;29,0;24,0;355,6;26,6;0,1;7,17E-2;-541,2;20,00;3,0;3,0;38,07;-0,05;-0,052;2,3;4,80;0,482
458;13.07.2023;17:40:53;00:07:37;346,3;258,7;30,2;29,0;24,1;357,1;26,6;0,1;7,15E-2;-541,2;20,00;3,0;3,0;38,07;-0,05;-0,050;2,3;4,79;0,482
459;13.07.2023;17:40:54;00:07:38;347,5;258,7;30,3;29,0;24,1;358,0;26,8;0,1;7,15E-2;-541,2;20,00;3,0;2,9;38,06;-0,05;-0,056;2,3;4,79;0,484
460;13.07.2023;17:40:55;00:07:39;349,1;260,9;30,3;29,1;24,1;359,5;26,8;0,1;7,14E-2;-541,2;20,00;3,0;3,0;38,07;-0,05;-0,052;2,3;4,82;0,484
461;13.07.2023;17:40:56;00:07:40;351,0;263,0;30,5;29,2;24,1;361,0;26,8;0,1;7,12E-2;-541,2;20,00;3,0;3,0;38,06;-0,05;-0,049;2,4;4,84;0,486
462;13.07.2023;17:40:57;00:07:41;351,7;263,0;30,5;29,2;24,1;361,8;26,9;0,1;7,11E-2;-541,2;20,00;3,0;3,0;38,06;-0,05;-0,057;2,3;4,81;0,486
463;13.07.2023;17:40:58;00:07:42;353,5;265,2;30,6;29,3;24,1;363,3;27,1;0,1;7,10E-2;-541,2;20,00;3,0;3,0;38,06;-0,05;-0,052;2,4;4,85;0,488
464;13.07.2023;17:40:59;00:07:43;354,3;265,2;30,6;29,3;24,1;364,0;27,1;0,1;7,09E-2;-541,2;20,00;3,0;3,0;38,06;-0,05;-0,053;2,4;4,83;0,488
465;13.07.2023;17:41:00;00:07:44;356,2;267,4;30,7;29,4;24,1;365,6;27,1;0,1;7,08E-2;-541,2;20,00;3,0;2,9;38,06;-0,05;-0,060;2,4;4,87;0,490
466;13.07.2023;17:41:01;00:07:45;357,8;267,4;30,8;29,5;24,1;367,1;27,3;0,1;7,06E-2;-541,2;20,00;3,0;3,0;38,06;-0,06;-0,054;2,4;4,81;0,492
467;13.07.2023;17:41:02;00:07:46;358,9;267,4;30,8;29,5;24,1;367,9;27,4;0,1;7,06E-2;-541,2;20,00;3,0;2,9;38,06;-0,05;-0,057;2,4;4,83;0,493
468;13.07.2023;17:41:03;00:07:47;360,7;269,5;30,8;29,5;24,1;369,4;27,5;0,1;7,04E-2;-541,2;20,00;3,0;3,0;38,06;-0,06;-0,049;2,4;4,85;0,493
469;13.07.2023;17:41:04;00:07:48;362,3;269,5;30,9;29,5;24,1;370,9;27,7;0,1;7,04E-2;-541,2;20,00;3,0;3,0;38,05;-0,06;-0,056;2,4;4,84;0,496
470;13.07.2023;17:41:05;00:07:49;363,3;271,9;30,9;29,6;24,2;371,6;27,6;0,1;7,03E-2;-541,2;20,00;3,0;3,0;38,06;-0,06;-0,053;2,4;4,86;0,498
471;13.07.2023;17:41:06;00:07:50;365,4;274,2;31,1;29,8;24,2;373,3;27,8;0,1;7,01E-2;-541,2;20,00;3,0;2,9;38,06;-0,06;-0,046;2,4;4,88;0,498
472;13.07.2023;17:41:07;00:07:51;367,1;274,2;31,1;29,8;24,2;374,8;27,9;0,1;7,00E-2;-541,2;20,00;3,0;3,0;38,05;-0,06;-0,053;2,4;4,82;0,498
473;13.07.2023;17:41:08;00:07:52;368,0;274,2;31,1;29,8;24,2;375,5;28,0;0,1;7,00E-2;-541,2;20,00;3,0;3,0;38,05;-0,06;-0,054;2,4;4,87;0,499
474;13.07.2023;17:41:09;00:07:53;369,7;276,7;31,2;29,9;24,2;377,0;28,0;0,1;6,99E-2;-541,2;20,00;3,0;2,9;38,05;-0,06;-0,059;2,5;4,89;0,502
475;13.07.2023;17:41:10;00:07:54;371,5;279,1;31,3;30,0;24,2;378,5;28,0;0,1;6,97E-2;-541,2;20,00;3,0;3,0;38,05;-0,06;-0,058;2,5;4,87;0,503
476;13.07.2023;17:41:11;00:07:55;372,3;279,1;31,3;30,0;24,2;379,3;28,1;0,1;6,97E-2;-541,2;20,00;3,0;2,9;38,05;-0,06;-0,056;2,5;4,87;0,503
477;13.07.2023;17:41:12;00:07:56;374,3;279,1;31,5;30,0;24,1;380,9;28,3;0,1;6,96E-2;-541,2;20,00;3,0;3,0;38,05;-0,06;-0,065;2,5;4,91;0,507
478;13.07.2023;17:41:13;00:07:57;375,0;281,4;31,5;30,1;24,1;381,6;28,3;0,1;6,95E-2;-541,1;20,00;3,0;3,0;38,05;-0,06;-0,062;2,5;4,89;0,508
479;13.07.2023;17:41:14;00:07:58;376,9;281,4;31,6;30,3;24,1;383,1;28,5;0,1;6,94E-2;-541,2;20,00;3,0;3,0;38,05;-0,07;-0,058;2,5;4,89;0,508
480;13.07.2023;17:41:15;00:07:59;378,7;283,7;31,6;30,3;24,2;384,6;28,5;0,1;6,93E-2;-541,2;20,00;3,0;3,0;38,05;-0,07;-0,057;2,5;4,89;0,508
481;13.07.2023;17:41:16;00:08:00;379,6;283,7;31,7;30,4;24,2;385,4;28,6;0,1;6,92E-2;-541,2;20,00;3,0;3,0;38,05;-0,07;-0,059;2,5;4,92;0,508
482;13.07.2023;17:41:17;00:08:01;381,4;286,0;31,7;30,4;24,2;386,9;28,6;0,1;6,91E-2;-541,2;20,00;3,0;3,1;38,04;-0,07;-0,052;2,5;4,88;0,509
483;13.07.2023;17:41:18;00:08:02;383,2;288,2;31,8;30,5;24,2;388,5;28,7;0,1;6,90E-2;-541,2;20,00;3,0;3,0;38,04;-0,07;-0,046;2,5;4,94;0,513
484;13.07.2023;17:41:19;00:08:03;384,0;288,2;31,8;30,5;24,2;389,3;28,8;0,1;6,90E-2;-541,2;20,00;3,0;3,0;38,04;-0,07;-0,049;2,5;4,92;0,513
485;13.07.2023;17:41:20;00:08:04;386,0;290,5;32,0;30,6;24,2;390,8;28,8;0,1;6,89E-2;-541,2;20,00;3,0;3,1;38,04;-0,08;-0,045;2,5;4,91;0,515
486;13.07.2023;17:41:21;00:08:05;387,7;290,5;32,0;30,6;24,3;392,3;29,0;0,1;6,88E-2;-541,2;20,00;3,0;3,0;38,04;-0,07;-0,048;2,6;4,93;0,516
487;13.07.2023;17:41:22;00:08:06;388,7;290,5;32,1;30,6;24,3;393,0;29,1;0,1;6,87E-2;-541,2;20,00;3,0;3,0;38,04;-0,08;-0,046;2,5;4,94;0,518
488;13.07.2023;17:41:23;00:08:07;390,8;292,7;32,1;30,7;24,3;394,5;29,1;0,1;6,86E-2;-541,2;20,00;3,0;3,0;38,04;-0,07;-0,049;2,6;4,90;0,520
489;13.07.2023;17:41:24;00:08:08;392,3;292,7;32,2;30,8;24,3;396,1;29,4;0,1;6,85E-2;-541,2;20,00;3,0;3,0;38,04;-0,07;-0,049;2,6;4,97;0,523
490;13.07.2023;17:41:25;00:08:09;393,5;295,1;32,2;30,8;24,3;396,9;29,3;0,1;6,85E-2;-541,2;20,00;3,0;3,0;38,04;-0,08;-0,044;2,6;4,98;0,523
491;13.07.2023;17:41:26;00:08:10;395,0;297,6;32,4;31,0;24,3;398,4;29,4;0,1;6,84E-2;-541,2;20,00;3,0;3,0;38,03;-0,08;-0,051;2,6;4,97;0,523
492;13.07.2023;17:41:27;00:08:11;396,2;297,6;32,4;31,0;24,3;399,1;29,4;0,1;6,83E-2;-541,2;20,00;3,0;3,0;38,04;-0,08;-0,051;2,6;4,96;0,523
493;13.07.2023;17:41:28;00:08:12;397,8;297,6;32,5;31,0;24,3;400,6;29,6;0,1;6,82E-2;-541,2;20,00;3,0;3,0;38,03;-0,08;-0,059;2,6;4,97;0,527
494;13.07.2023;17:41:29;00:08:13;399,7;300,0;32,5;31,1;24,3;402,1;29,6;0,1;6,81E-2;-541,2;20,00;3,0;3,0;38,03;-0,08;-0,060;2,6;4,97;0,527
495;13.07.2023;17:41:30;00:08:14;400,4;300,0;32,5;31,1;24,3;402,9;29,7;0,1;6,80E-2;-541,2;20,00;3,0;3,0;38,03;-0,08;-0,063;2,6;4,97;0,527
496;13.07.2023;17:41:31;00:08:15;402,4;302,5;32,6;31,2;24,3;404,5;29,8;0,1;6,80E-2;-541,2;20,00;3,0;2,9;38,03;-0,08;-0,057;2,6;4,95;0,527
497;13.07.2023;17:41:32;00:08:16;404,4;302,5;32,7;31,2;24,3;406,0;30,0;0,1;6,79E-2;-541,2;20,00;3,0;3,0;38,03;-0,08;-0,046;2,6;5,01;0,531
498;13.07.2023;17:41:33;00:08:17;405,2;304,8;32,7;31,4;24,4;406,8;29,9;0,1;6,78E-2;-541,2;20,00;3,0;3,0;38,03;-0,08;-0,056;2,7;4,99;0,532
499;13.07.2023;17:41:34;00:08:18;407,1;307,0;32,9;31,5;24,4;408,3;30,1;0,1;6,77E-2;-541,2;20,00;3,0;3,0;38,03;-0,09;-0,054;2,7;5,02;0,532
500;13.07.2023;17:41:35;00:08:19;408,7;307,0;32,9;31,5;24,4;409,8;30,2;0,1;6,76E-2;-541,2;20,00;3,0;3,1;38,03;-0,09;-0,054;2,7;5,01;0,532
501;13.07.2023;17:41:36;00:08:20;409,4;307,0;33,0;31,6;24,4;410,5;30,3;0,1;6,76E-2;-541,2;20,00;3,0;3,0;38,03;-0,09;-0,055;2,7;5,03;0,536
502;13.07.2023;17:41:37;00:08:21;411,4;309,3;33,0;31,6;24,4;412,1;30,3;0,1;6,75E-2;-541,2;20,00;3,0;3,0;38,03;-0,09;-0,057;2,7;5,03;0,537
503;13.07.2023;17:41:38;00:08:22;412,3;309,3;33,0;31,6;24,4;412,9;30,4;0,1;6,75E-2;-541,2;20,00;3,0;3,0;38,03;-0,09;-0,061;2,7;4,98;0,537
504;13.07.2023;17:41:39;00:08:23;414,2;311,6;33,1;31,7;24,4;414,4;30,4;0,1;6,74E-2;-541,2;20,00;3,0;3,0;38,02;-0,09;-0,060;2,7;5,01;0,537
505;13.07.2023;17:41:40;00:08:24;416,2;314,0;33,2;31,9;24,4;415,9;30,5;0,1;6,73E-2;-541,2;20,00;3,0;3,0;38,02;-0,09;-0,066;2,7;5,02;0,542
506;13.07.2023;17:41:41;00:08:25;416,8;314,0;33,2;31,9;24,4;416,6;30,6;0,1;6,73E-2;-541,2;20,00;3,0;3,0;38,02;-0,09;-0,058;2,7;5,05;0,540
507;13.07.2023;17:41:42;00:08:26;418,4;314,0;33,4;32,0;24,4;418,1;30,8;0,1;6,72E-2;-541,2;20,00;3,0;3,0;38,02;-0,09;-0,057;2,7;5,02;0,542
508;13.07.2023;17:41:43;00:08:27;420,3;316,3;33,4;32,0;24,4;419,8;30,8;0,1;6,71E-2;-541,2;20,00;3,0;3,0;38,02;-0,09;-0,058;2,7;5,07;0,543
509;13.07.2023;17:41:44;00:08:28;421,4;316,3;33,4;32,0;24,4;420,5;30,9;0,1;6,70E-2;-541,2;20,00;3,0;3,0;38,02;-0,10;-0,054;2,7;5,03;0,545
510;13.07.2023;17:41:45;00:08:29;423,1;318,8;33,5;32,1;24,5;422,0;30,9;0,1;6,70E-2;-541,2;20,00;3,0;2,9;38,02;-0,09;-0,064;2,7;5,01;0,547
511;13.07.2023;17:41:46;00:08:30;425,1;321,3;33,7;32,3;24,5;423,5;31,0;0,1;6,69E-2;-541,2;20,00;3,0;3,0;38,02;-0,10;-0,057;2,8;5,06;0,547
512;13.07.2023;17:41:47;00:08:31;425,8;321,3;33,7;32,3;24,5;424,3;31,1;0,1;6,69E-2;-541,2;20,00;3,0;3,0;38,01;-0,09;-0,059;2,8;5,04;0,547
513;13.07.2023;17:41:48;00:08:32;427,7;321,3;33,8;32,3;24,5;425,8;31,3;0,1;6,68E-2;-541,2;20,00;3,0;2,9;38,02;-0,10;-0,058;2,8;5,08;0,549
514;13.07.2023;17:41:49;00:08:33;429,9;323,8;33,8;32,4;24,5;427,4;31,3;0,1;6,67E-2;-541,2;20,00;3,0;3,0;38,02;-0,10;-0,059;2,8;5,09;0,552
515;13.07.2023;17:41:50;00:08:34;430,6;323,8;34,0;32,5;24,5;428,1;31,4;0,1;6,67E-2;-541,2;20,00;3,0;3,0;38,01;-0,10;-0,058;2,8;5,04;0,552
516;13.07.2023;17:41:51;00:08:35;432,1;326,3;34,0;32,5;24,5;429,6;31,4;0,1;6,66E-2;-541,2;20,00;3,0;3,0;38,01;-0,10;-0,068;2,8;5,08;0,552
517;13.07.2023;17:41:52;00:08:36;433,3;326,3;34,1;32,7;24,5;430,4;31,5;0,1;6,66E-2;-541,2;20,00;3,0;3,0;38,01;-0,10;-0,065;2,8;5,08;0,553
518;13.07.2023;17:41:53;00:08:37;435,3;328,6;34,1;32,7;24,5;431,9;31,6;0,1;6,65E-2;-541,2;20,00;3,0;3,0;38,01;-0,10;-0,063;2,8;5,10;0,556
519;13.07.2023;17:41:54;00:08:38;436,8;331,1;34,2;32,8;24,5;433,4;31,8;0,1;6,65E-2;-541,2;20,00;3,0;3,0;38,01;-0,10;-0,062;2,8;5,08;0,557
520;13.07.2023;17:41:55;00:08:39;438,0;331,1;34,2;32,8;24,5;434,3;31,7;0,1;6,65E-2;-541,2;20,00;3,0;3,0;38,01;-0,10;-0,061;2,8;5,10;0,557
521;13.07.2023;17:41:56;00:08:40;439,6;331,1;34,4;32,8;24,5;435,8;31,9;0,1;6,64E-2;-541,2;20,00;3,0;3,0;38,01;-0,11;-0,060;2,8;5,10;0,559
522;13.07.2023;17:41:57;00:08:41;441,6;333,5;34,4;32,9;24,5;437,3;31,9;0,1;6,63E-2;-541,2;20,00;3,0;3,0;38,01;-0,11;-0,064;2,9;5,12;0,562
523;13.07.2023;17:41:58;00:08:42;442,4;333,5;34,4;32,9;24,5;438,0;32,0;0,1;6,63E-2;-541,2;20,00;3,0;3,0;38,01;-0,11;-0,054;2,9;5,12;0,562
524;13.07.2023;17:41:59;00:08:43;444,4;336,0;34,5;33,0;24,5;439,5;32,0;0,1;6,62E-2;-541,2;20,00;3,0;3,0;38,00;-0,11;-0,058;2,9;5,11;0,562
525;13.07.2023;17:42:00;00:08:44;446,0;336,0;34,6;33,2;24,5;441,0;32,3;0,1;6,61E-2;-541,2;20,00;3,0;3,0;38,00;-0,11;-0,062;2,9;5,12;0,567
526;13.07.2023;17:42:01;00:08:45;447,2;338,4;34,6;33,2;24,6;441,9;32,2;0,1;6,61E-2;-541,2;20,00;3,0;3,0;38,00;-0,11;-0,060;2,9;5,11;0,567
527;13.07.2023;17:42:02;00:08:46;449,0;340,8;34,8;33,3;24,6;443,4;32,4;0,1;6,60E-2;-541,2;20,00;3,0;3,0;38,00;-0,11;-0,067;2,9;5,13;0,567
528;13.07.2023;17:42:03;00:08:47;450,5;340,8;34,8;33,3;24,6;444,9;32,4;0,1;6,60E-2;-541,2;20,00;3,0;3,0;38,00;-0,11;-0,056;2,9;5,12;0,568
529;13.07.2023;17:42:04;00:08:48;451,7;340,8;34,8;33,3;24,6;445,6;32,5;0,1;6,60E-2;-541,2;20,00;3,0;3,0;38,00;-0,11;-0,057;2,9;5,13;0,571
530;13.07.2023;17:42:05;00:08:49;453,2;343,4;34,9;33,4;24,6;447,1;32,5;0,1;6,60E-2;-541,2;20,00;3,0;3,0;38,00;-0,12;-0,055;3,0;5,18;0,571
531;13.07.2023;17:42:06;00:08:50;454,2;343,4;34,9;33,4;24,6;447,9;32,6;0,1;6,60E-2;-541,2;20,00;3,0;2,9;38,00;-0,11;-0,055;2,9;5,15;0,571
532;13.07.2023;17:42:07;00:08:51;456,1;346,0;35,0;33,6;24,6;449,5;32,8;0,1;6,59E-2;-541,2;20,00;3,0;3,0;38,00;-0,12;-0,054;3,0;5,13;0,574
533;13.07.2023;17:42:08;00:08:52;458,1;346,0;35,0;33,6;24,6;451,0;32,9;0,1;6,59E-2;-541,2;20,00;3,0;3,0;38,00;-0,12;-0,054;3,0;5,17;0,576
534;13.07.2023;17:42:09;00:08:53;458,8;348,6;35,2;33,7;24,6;451,8;32,8;0,1;6,58E-2;-541,2;20,00;3,0;2,9;38,00;-0,12;-0,064;3,0;5,12;0,576
535;13.07.2023;17:42:10;00:08:54;460,4;348,6;35,3;33,9;24,6;453,3;33,0;0,1;6,58E-2;-541,2;20,00;3,0;3,0;37,99;-0,12;-0,059;3,0;5,14;0,576
536;13.07.2023;17:42:11;00:08:55;462,3;351,1;35,3;33,9;24,7;454,8;33,0;0,1;6,57E-2;-541,2;20,00;3,0;3,0;37,99;-0,12;-0,055;3,0;5,15;0,576
537;13.07.2023;17:42:12;00:08:56;462,9;351,1;35,5;33,9;24,7;455,5;33,1;0,1;6,57E-2;-541,2;20,00;3,0;2,9;37,99;-0,12;-0,052;3,0;5,21;0,576
538;13.07.2023;17:42:13;00:08:57;464,8;353,5;35,5;34,0;24,7;457,1;33,1;0,1;6,56E-2;-541,2;20,00;3,0;3,0;37,99;-0,12;-0,042;3,0;5,16;0,581
539;13.07.2023;17:42:14;00:08:58;466,4;356,0;35,6;34,1;24,7;458,6;33,2;0,1;6,56E-2;-541,2;20,00;3,0;3,0;37,99;-0,12;-0,038;3,0;5,21;0,582
540;13.07.2023;17:42:15;00:08:59;467,5;356,0;35,6;34,1;24,7;459,4;33,3;0,1;6,56E-2;-541,2;20,00;3,0;3,0;37,99;-0,12;-0,039;3,0;5,15;0,582
541;13.07.2023;17:42:16;00:09:00;469,1;356,0;35,8;34,1;24,7;460,9;33,5;0,1;6,56E-2;-541,2;20,00;3,0;2,9;37,99;-0,12;-0,042;3,0;5,18;0,586
542;13.07.2023;17:42:17;00:09:01;470,1;358,4;35,8;34,3;24,7;461,6;33,4;0,1;6,56E-2;-541,2;20,00;3,0;3,0;37,99;-0,12;-0,039;3,0;5,17;0,585
543;13.07.2023;17:42:18;00:09:02;471,8;358,4;35,9;34,3;24,7;463,1;33,6;0,1;6,55E-2;-541,2;20,00;3,0;3,0;37,99;-0,12;-0,045;3,0;5,19;0,586
544;13.07.2023;17:42:19;00:09:03;473,5;360,8;35,9;34,4;24,7;464,8;33,6;0,1;6,55E-2;-541,2;20,00;3,0;3,0;37,99;-0,12;-0,043;3,0;5,17;0,586
545;13.07.2023;17:42:20;00:09:04;474,2;360,8;36,0;34,5;24,7;465,5;33,8;0,1;6,55E-2;-541,2;20,00;3,0;3,0;37,99;-0,13;-0,043;3,0;5,19;0,590
546;13.07.2023;17:42:21;00:09:05;476,1;363,2;36,0;34,5;24,7;467,0;33,8;0,1;6,55E-2;-541,2;20,00;3,0;3,0;37,99;-0,12;-0,039;3,1;5,20;0,591
547;13.07.2023;17:42:22;00:09:06;477,9;365,7;36,2;34,7;24,8;468,5;33,9;0,1;6,54E-2;-541,1;20,00;3,0;3,0;37,99;-0,13;-0,028;3,1;5,18;0,592
548;13.07.2023;17:42:23;00:09:07;478,8;365,7;36,2;34,7;24,8;469,3;33,9;0,1;6,54E-2;-541,2;20,00;3,0;3,0;37,99;-0,13;-0,030;3,1;5,24;0,592
549;13.07.2023;17:42:24;00:09:08;480,3;365,7;36,2;34,7;24,8;470,8;34,1;0,1;6,54E-2;-541,2;20,00;3,0;2,9;37,99;-0,13;-0,020;3,1;5,25;0,593
550;13.07.2023;17:42:25;00:09:09;482,1;368,4;36,4;34,9;24,9;472,4;34,1;0,1;6,54E-2;-541,2;20,00;3,0;3,0;37,99;-0,13;-0,018;3,1;5,22;0,596
551;13.07.2023;17:42:26;00:09:10;483,0;368,4;36,5;34,9;24,9;473,1;34,2;0,1;6,53E-2;-541,2;20,00;3,0;3,0;37,99;-0,13;-0,020;3,1;5,24;0,596
552;13.07.2023;17:42:27;00:09:11;484,9;371,0;36,5;35,0;24,9;474,6;34,3;0,1;6,53E-2;-541,2;20,00;3,0;3,0;37,99;-0,13;-0,011;3,1;5,27;0,600
553;13.07.2023;17:42:28;00:09:12;486,8;371,0;36,7;35,0;24,9;476,1;34,4;0,1;6,53E-2;-541,2;20,00;3,0;3,0;37,98;-0,13;-0,010;3,1;5,26;0,600
554;13.07.2023;17:42:29;00:09:13;487,5;373,6;36,7;35,2;24,9;476,9;34,3;0,1;6,53E-2;-541,2;20,00;3,0;3,0;37,99;-0,13;-0,004;3,1;5,23;0,601
555;13.07.2023;17:42:30;00:09:14;489,1;376,2;36,8;35,3;24,9;478,4;34,6;0,1;6,52E-2;-541,2;20,00;3,0;3,0;37,98;-0,12;-0,004;3,2;5,26;0,601
556;13.07.2023;17:42:31;00:09:15;490,3;376,2;36,8;35,3;24,9;479,1;34,4;0,1;6,52E-2;-541,2;20,00;3,0;3,0;37,99;-0,13;-0,002;3,2;5,26;0,601
557;13.07.2023;17:42:32;00:09:16;492,4;376,2;37,0;35,3;24,9;480,8;34,7;0,1;6,52E-2;-541,2;20,00;3,0;3,1;37,99;-0,13;0,002;3,2;5,25;0,601
558;13.07.2023;17:42:33;00:09:17;494,1;378,6;37,0;35,5;24,9;482,3;34,7;0,1;6,52E-2;-541,2;20,00;3,0;3,0;37,98;-0,12;0,006;3,2;5,26;0,603
559;13.07.2023;17:42:34;00:09:18;495,2;378,6;37,0;35,5;24,9;483,0;34,8;0,1;6,52E-2;-541,2;20,00;3,0;3,0;37,99;-0,13;0,005;3,2;5,29;0,603
560;13.07.2023;17:42:35;00:09:19;496,7;381,1;37,1;35,6;24,9;484,5;34,8;0,1;6,52E-2;-541,2;20,00;3,0;3,1;37,98;-0,13;0,003;3,2;5,26;0,604
561;13.07.2023;17:42:36;00:09:20;498,6;381,1;37,2;35,7;24,9;486,0;35,0;0,1;6,52E-2;-541,2;20,00;3,0;3,0;37,99;-0,13;0,005;3,2;5,28;0,606
562;13.07.2023;17:42:37;00:09:21;499,7;383,5;37,2;35,7;24,9;486,8;35,0;0,1;6,52E-2;-541,2;20,00;3,0;3,0;37,98;-0,13;0,004;3,2;5,30;0,606
563;13.07.2023;17:42:38;00:09:22;501,4;386,0;37,4;35,9;24,9;488,4;35,2;0,1;6,52E-2;-541,2;20,00;3,0;3,0;37,99;-0,12;0,006;3,2;5,30;0,606
564;13.07.2023;17:42:39;00:09:23;503,3;386,0;37,4;35,9;25,0;489,9;35,2;0,1;6,52E-2;-541,2;20,00;3,0;3,0;37,99;-0,13;0,009;3,2;5,28;0,606
565;13.07.2023;17:42:40;00:09:24;503,9;386,0;37,5;35,9;25,0;490,6;35,3;0,1;6,52E-2;-541,2;20,00;3,0;3,0;37,99;-0,12;0,013;3,2;5,29;0,607
566;13.07.2023;17:42:41;00:09:25;506,1;388,6;37,5;36,0;25,0;492,1;35,3;0,1;6,52E-2;-541,2;20,00;3,0;3,1;37,99;-0,12;0,036;3,2;5,33;0,609
567;13.07.2023;17:42:42;00:09:26;507,6;391,2;37,7;36,2;25,0;493,6;35,3;0,1;6,52E-2;-541,2;20,00;3,0;3,0;37,99;-0,12;0,060;3,2;5,33;0,611
568;13.07.2023;17:42:43;00:09:27;508,2;391,2;37,7;36,2;25,0;494,4;35,4;0,1;6,53E-2;-541,2;20,00;3,0;3,0;38,00;-0,12;0,074;3,2;5,30;0,611
569;13.07.2023;17:42:44;00:09:28;510,4;391,1;37,6;36,1;25,0;496,0;35,6;0,1;6,53E-2;-541,2;20,00;3,0;3,0;38,00;-0,12;0,091;3,3;5,35;0,613
570;13.07.2023;17:42:45;00:09:29;511,4;393,9;37,7;36,3;25,0;496,8;35,5;0,1;6,53E-2;-541,2;20,00;3,0;3,0;38,00;-0,11;0,098;3,3;5,32;0,615
571;13.07.2023;17:42:46;00:09:30;513,0;393,9;37,9;36,3;25,0;498,3;35,7;0,1;6,53E-2;-541,2;20,00;3,0;3,0;38,01;-0,11;0,124;3,3;5,36;0,615
572;13.07.2023;17:42:47;00:09:31;514,4;396,7;37,9;36,4;25,0;499,8;35,7;0,1;6,53E-2;-541,2;20,00;3,0;3,0;38,00;-0,10;0,136;3,3;5,33;0,617
573;13.07.2023;17:42:48;00:09:32;515,1;396,7;37,9;36,4;25,0;500,5;35,8;0,1;6,53E-2;-541,2;20,00;3,0;3,0;38,01;-0,11;0,144;3,3;5,31;0,615
574;13.07.2023;17:42:49;00:09:33;516,9;399,4;38,0;36,6;25,0;502,0;35,8;0,1;6,53E-2;-541,2;20,00;3,0;3,0;38,01;-0,10;0,166;3,3;5,32;0,615
575;13.07.2023;17:42:50;00:09:34;518,6;399,4;38,1;36,7;25,0;503,6;36,1;0,1;6,53E-2;-541,2;20,00;3,0;3,0;38,02;-0,09;0,177;3,3;5,31;0,620
576;13.07.2023;17:42:51;00:09:35;519,5;402,1;38,1;36,7;25,0;504,4;36,2;0,1;6,53E-2;-541,2;20,00;3,0;3,0;38,02;-0,10;0,186;3,3;5,34;0,622
577;13.07.2023;17:42:52;00:09:36;521,3;402,1;38,1;36,7;25,1;505,9;36,2;0,1;6,53E-2;-541,2;20,00;3,0;3,0;38,02;-0,09;0,186;3,3;5,33;0,621
578;13.07.2023;17:42:53;00:09:37;523,0;404,6;38,3;36,8;25,1;507,4;36,2;0,1;6,53E-2;-541,2;20,00;3,0;3,0;38,03;-0,09;0,194;3,3;5,36;0,622
579;13.07.2023;17:42:54;00:09:38;524,0;404,6;38,3;36,8;25,1;508,1;36,3;0,1;6,53E-2;-541,2;20,00;3,0;3,0;38,03;-0,08;0,196;3,3;5,36;0,623
580;13.07.2023;17:42:55;00:09:39;525,5;407,1;38,4;37,0;25,1;509,6;36,3;0,1;6,52E-2;-541,2;20,00;3,0;3,0;38,04;-0,08;0,208;3,3;5,34;0,623
581;13.07.2023;17:42:56;00:09:40;526,4;407,1;38,5;37,0;25,1;510,5;36,4;0,1;6,52E-2;-541,2;20,00;3,0;3,0;38,04;-0,08;0,223;3,3;5,38;0,625
582;13.07.2023;17:42:57;00:09:41;528,2;409,5;38,5;37,1;25,1;512,0;36,4;0,1;6,52E-2;-541,2;20,00;3,0;3,0;38,04;-0,07;0,232;3,4;5,37;0,625
583;13.07.2023;17:42:58;00:09:42;530,0;412,0;38,6;37,2;25,1;513,5;36,6;0,1;6,52E-2;-541,2;20,00;3,0;3,0;38,05;-0,06;0,247;3,4;5,38;0,625
584;13.07.2023;17:42:59;00:09:43;530,9;412,0;38,6;37,2;25,1;514,3;36,5;0,1;6,53E-2;-541,2;20,00;3,0;3,0;38,05;-0,06;0,257;3,4;5,40;0,625
585;13.07.2023;17:43:00;00:09:44;532,3;412,0;38,7;37,2;25,1;515,8;36,8;0,1;6,53E-2;-541,2;20,00;3,0;3,0;38,06;-0,06;0,281;3,4;5,41;0,630
586;13.07.2023;17:43:01;00:09:45;534,3;414,5;38,7;37,4;25,1;517,3;36,8;0,1;6,53E-2;-541,2;20,00;3,0;3,0;38,07;-0,05;0,289;3,4;5,39;0,630
587;13.07.2023;17:43:02;00:09:46;535,0;414,5;38,7;37,4;25,1;518,1;36,9;0,1;6,53E-2;-541,2;20,00;3,0;3,1;38,07;-0,04;0,304;3,4;5,39;0,630
588;13.07.2023;17:43:03;00:09:47;536,9;416,9;38,8;37,5;25,2;519,6;36,9;0,1;6,53E-2;-541,2;20,00;3,0;3,0;38,08;-0,04;0,313;3,4;5,40;0,630
589;13.07.2023;17:43:04;00:09:48;538,5;416,9;38,7;37,4;25,1;521,1;37,1;0,1;6,53E-2;-541,2;20,00;3,0;3,0;38,09;-0,03;0,329;3,4;5,41;0,635
590;13.07.2023;17:43:05;00:09:49;539,7;419,5;38,8;37,6;25,1;521,9;37,0;0,1;6,53E-2;-541,2;20,00;3,0;3,1;38,09;-0,02;0,338;3,4;5,41;0,635
591;13.07.2023;17:43:06;00:09:50;541,3;419,5;38,9;37,7;25,1;523,4;37,2;0,1;6,52E-2;-541,2;20,00;3,0;3,0;38,10;-0,02;0,355;3,4;5,40;0,636
592;13.07.2023;17:43:07;00:09:51;543,2;422,1;38,9;37,7;25,1;524,9;37,3;0,1;6,52E-2;-541,2;20,00;3,0;3,0;38,11;0,00;0,384;3,4;5,40;0,637
593;13.07.2023;17:43:08;00:09:52;544,0;422,1;38,9;37,7;25,1;525,8;37,4;0,1;6,52E-2;-541,2;20,00;3,0;3,0;38,11;0,00;0,401;3,5;5,41;0,636
594;13.07.2023;17:43:09;00:09:53;545,9;424,6;39,0;37,9;25,1;527,3;37,4;0,1;6,52E-2;-541,2;20,00;3,0;3,0;38,12;0,01;0,427;3,5;5,41;0,640
595;13.07.2023;17:43:10;00:09:54;546,4;424,6;39,0;37,9;25,1;528,0;37,5;0,1;6,52E-2;-541,2;20,00;3,0;3,0;38,13;0,01;0,441;3,5;5,43;0,639
596;13.07.2023;17:43:11;00:09:55;548,2;427,2;39,1;38,0;25,1;529,5;37,7;0,1;6,52E-2;-541,2;20,00;3,0;3,0;38,14;0,03;0,464;3,5;5,43;0,643
597;13.07.2023;17:43:12;00:09:56;550,0;427,2;39,1;38,0;25,2;531,0;37,7;0,1;6,51E-2;-541,2;20,00;3,0;3,1;38,15;0,04;0,489;3,5;5,45;0,643
598;13.07.2023;17:43:13;00:09:57;550,9;429,6;39,2;38,1;25,2;531,8;37,6;0,1;6,51E-2;-541,2;20,00;3,0;3,0;38,15;0,05;0,503;3,5;5,44;0,645
599;13.07.2023;17:43:14;00:09:58;552,5;429,6;39,3;38,3;25,2;533,4;37,8;0,1;6,51E-2;-541,2;20,00;3,0;3,0;38,17;0,06;0,551;3,5;5,48;0,645
600;13.07.2023;17:43:15;00:09:59;554,3;431,9;39,3;38,3;25,2;534,9;37,8;0,1;6,50E-2;-541,2;20,00;3,0;3,0;38,19;0,07;0,595;3,5;5,44;0,648
601;13.07.2023;17:43:16;00:10:00;555,0;431,9;39,4;38,3;25,2;535,6;38,0;0,1;6,50E-2;-541,2;20,00;3,0;3,0;38,19;0,08;0,610;3,6;5,49;0,650
602;13.07.2023;17:43:17;00:10:01;556,8;434,3;39,4;38,4;25,3;537,1;38,0;0,1;6,50E-2;-541,2;20,00;3,0;3,0;38,21;0,09;0,642;3,6;5,47;0,650
603;13.07.2023;17:43:18;00:10:02;558,4;436,7;39,6;38,5;25,3;538,6;38,1;0,1;6,50E-2;-541,2;20,00;3,0;3,0;38,22;0,11;0,678;3,6;5,46;0,654
604;13.07.2023;17:43:19;00:10:03;559,3;436,7;39,6;38,5;25,3;539,4;38,1;0,1;6,49E-2;-541,2;20,00;3,0;3,0;38,23;0,12;0,685;3,5;5,40;0,650
605;13.07.2023;17:43:20;00:10:04;561,0;436,7;39,7;38,7;25,3;541,0;38,3;0,1;6,49E-2;-541,2;20,00;3,0;3,0;38,25;0,13;0,717;3,6;5,44;0,654
606;13.07.2023;17:43:21;00:10:05;562,9;439,1;39,7;38,7;25,2;542,5;38,4;0,1;6,49E-2;-541,2;20,00;3,0;3,0;38,27;0,15;0,752;3,6;5,44;0,658
607;13.07.2023;17:43:22;00:10:06;563,9;439,1;39,8;38,7;25,2;543,3;38,5;0,1;6,49E-2;-541,2;20,00;3,0;3,0;38,28;0,16;0,776;3,6;5,45;0,659
608;13.07.2023;17:43:23;00:10:07;565,3;441,5;39,8;38,8;25,2;544,8;38,5;0,1;6,48E-2;-541,2;20,00;3,0;3,0;38,29;0,17;0,815;3,6;5,48;0,660
609;13.07.2023;17:43:24;00:10:08;566,6;441,5;39,9;38,8;25,2;545,5;38,6;0,1;6,48E-2;-541,2;20,00;3,0;3,0;38,30;0,19;0,820;3,6;5,46;0,659
610;13.07.2023;17:43:25;00:10:09;568,0;444,1;40,0;39,0;25,3;547,0;38,6;0,1;6,48E-2;-541,2;20,00;3,0;3,0;38,32;0,20;0,839;3,6;5,48;0,664
611;13.07.2023;17:43:26;00:10:10;569,9;444,1;40,0;39,0;25,3;548,6;38,8;0,1;6,48E-2;-541,2;20,00;3,0;3,0;38,34;0,22;0,871;3,6;5,47;0,664
612;13.07.2023;17:43:27;00:10:11;570,8;444,1;40,2;39,1;25,3;549,4;39,0;0,1;6,47E-2;-541,2;20,00;3,0;3,0;38,35;0,23;0,887;3,7;5,49;0,667
613;13.07.2023;17:43:28;00:10:12;572,7;446,7;40,2;39,1;25,3;550,9;38,9;0,1;6,47E-2;-541,2;20,00;3,0;3,0;38,37;0,25;0,915;3,6;5,48;0,665
614;13.07.2023;17:43:29;00:10:13;574,3;449,3;40,3;39,3;25,3;552,4;38,9;0,1;6,47E-2;-541,2;20,00;3,0;3,0;38,39;0,27;0,934;3,7;5,51;0,669
615;13.07.2023;17:43:30;00:10:14;574,9;449,3;40,3;39,3;25,4;553,1;39,0;0,1;6,47E-2;-541,2;20,00;3,0;3,0;38,40;0,28;0,951;3,7;5,53;0,669
616;13.07.2023;17:43:31;00:10:15;576,8;452,0;40,5;39,5;25,4;554,6;39,2;0,1;6,47E-2;-541,2;20,00;3,0;3,0;38,42;0,31;0,986;3,7;5,51;0,674
617;13.07.2023;17:43:32;00:10:16;578,6;452,0;40,6;39,5;25,4;556,3;39,3;0,1;6,47E-2;-541,2;20,00;3,0;3,0;38,44;0,33;1,020;3,7;5,48;0,674
618;13.07.2023;17:43:33;00:10:17;579,7;454,5;40,6;39,6;25,4;557,0;39,2;0,1;6,47E-2;-541,2;20,00;3,0;3,0;38,46;0,34;1,040;3,8;5,54;0,676
619;13.07.2023;17:43:34;00:10:18;581,1;454,5;40,8;39,7;25,4;558,5;39,4;0,1;6,47E-2;-541,2;20,00;3,0;3,0;38,48;0,37;1,055;3,8;5,53;0,678
620;13.07.2023;17:43:35;00:10:19;582,4;454,5;40,8;39,7;25,4;559,3;39,5;0,1;6,47E-2;-541,2;20,00;3,0;3,0;38,49;0,38;1,069;3,7;5,55;0,679
621;13.07.2023;17:43:36;00:10:20;583,7;456,9;40,8;39,7;25,4;560,8;39,5;0,1;6,47E-2;-541,2;20,00;3,0;3,0;38,51;0,40;1,092;3,7;5,53;0,679
622;13.07.2023;17:43:37;00:10:21;585,4;459,3;40,9;39,9;25,4;562,3;39,5;0,1;6,48E-2;-541,1;20,00;3,0;3,0;38,54;0,42;1,128;3,8;5,50;0,679
623;13.07.2023;17:43:38;00:10:22;586,1;459,3;40,9;39,9;25,4;563,0;39,6;0,1;6,48E-2;-541,2;20,00;3,0;3,0;38,55;0,44;1,132;3,7;5,53;0,681
624;13.07.2023;17:43:39;00:10:23;588,1;461,7;41,1;40,0;25,5;564,6;39,7;0,1;6,48E-2;-541,2;20,00;3,0;3,0;38,58;0,46;1,166;3,8;5,51;0,684
625;13.07.2023;17:43:40;00:10:24;589,5;461,7;41,1;40,0;25,5;566,1;39,9;0,1;6,48E-2;-541,2;20,00;3,0;3,0;38,60;0,48;1,199;3,8;5,54;0,684
626;13.07.2023;17:43:41;00:10:25;590,5;464,1;41,3;40,2;25,5;566,9;39,8;0,1;6,48E-2;-541,2;20,00;3,0;3,0;38,62;0,50;1,205;3,8;5,55;0,687
627;13.07.2023;17:43:42;00:10:26;592,0;464,1;41,4;40,4;25,5;568,4;40,0;0,1;6,48E-2;-541,2;20,00;3,0;3,0;38,64;0,52;1,223;3,8;5,57;0,689
628;13.07.2023;17:43:43;00:10:27;593,6;466,5;41,4;40,4;25,5;569,9;40,0;0,1;6,49E-2;-541,2;20,00;3,0;3,0;38,66;0,55;1,243;3,8;5,53;0,689
629;13.07.2023;17:43:44;00:10:28;594,3;466,5;41,4;40,4;25,5;570,8;40,2;0,1;6,49E-2;-541,2;20,00;3,0;3,0;38,68;0,57;1,252;3,8;5,53;0,690
630;13.07.2023;17:43:45;00:10:29;596,2;469,1;41,6;40,5;25,5;572,3;40,2;0,1;6,49E-2;-541,2;20,00;3,0;3,1;38,71;0,59;1,265;3,8;5,56;0,692
631;13.07.2023;17:43:46;00:10:30;597,6;469,1;41,8;40,5;25,5;573,8;40,4;0,1;6,49E-2;-541,2;20,00;3,0;3,0;38,73;0,62;1,267;3,9;5,56;0,694
632;13.07.2023;17:43:47;00:10:31;598,2;471,7;41,8;40,7;25,5;574,5;40,5;0,1;6,50E-2;-541,2;20,00;3,0;3,0;38,74;0,63;1,272;3,9;5,54;0,695
633;13.07.2023;17:43:48;00:10:32;600,3;471,7;41,8;40,7;25,5;576,0;40,5;0,1;6,50E-2;-541,2;20,00;3,0;3,0;38,77;0,66;1,285;3,9;5,60;0,698
634;13.07.2023;17:43:49;00:10:33;600,8;474,3;41,9;40,9;25,5;576,8;40,4;0,1;6,50E-2;-541,2;20,00;3,0;3,0;38,78;0,67;1,296;3,9;5,58;0,698
635;13.07.2023;17:43:50;00:10:34;602,8;474,3;42,1;40,9;25,5;578,4;40,6;0,1;6,50E-2;-541,2;20,00;3,0;3,0;38,81;0,70;1,313;3,9;5,54;0,701
636;13.07.2023;17:43:51;00:10:35;604,5;476,9;42,1;41,0;25,6;579,9;40,7;0,1;6,51E-2;-541,2;20,00;3,0;3,0;38,85;0,73;1,351;3,9;5,57;0,705
637;13.07.2023;17:43:52;00:10:36;605,1;476,9;42,1;41,0;25,6;580,6;40,7;0,1;6,51E-2;-541,2;20,00;3,0;3,0;38,86;0,75;1,367;3,9;5,59;0,703
638;13.07.2023;17:43:53;00:10:37;606,8;479,3;42,3;41,2;25,6;582,1;40,7;0,1;6,51E-2;-541,2;20,00;3,0;3,0;38,89;0,77;1,400;4,0;5,59;0,707
639;13.07.2023;17:43:54;00:10:38;608,5;479,3;42,5;41,4;25,6;583,6;41,0;0,1;6,51E-2;-541,2;20,00;3,0;3,0;38,92;0,81;1,437;4,0;5,55;0,708
640;13.07.2023;17:43:55;00:10:39;609,5;479,3;42,5;41,4;25,6;584,4;41,1;0,1;6,51E-2;-541,2;20,00;3,0;3,0;38,94;0,82;1,452;3,9;5,60;0,708
641;13.07.2023;17:43:56;00:10:40;611,9;481,7;42,5;41,4;25,6;586,0;41,1;0,1;6,51E-2;-541,2;20,00;3,0;3,0;38,97;0,85;1,492;4,0;5,60;0,709
642;13.07.2023;17:43:57;00:10:41;613,3;484,1;42,6;41,5;25,6;587,5;41,1;0,1;6,52E-2;-541,2;20,00;3,0;3,0;39,00;0,89;1,527;4,0;5,59;0,713
643;13.07.2023;17:43:58;00:10:42;614,3;484,1;42,6;41,5;25,6;588,3;41,2;0,1;6,52E-2;-541,2;20,00;3,0;3,0;39,02;0,90;1,546;4,0;5,62;0,713
644;13.07.2023;17:43:59;00:10:43;616,1;486,5;42,8;41,7;25,7;589,8;41,2;0,1;6,52E-2;-541,2;20,00;3,0;3,0;39,05;0,94;1,579;4,0;5,60;0,714
645;13.07.2023;17:44:00;00:10:44;618,1;486,5;43,0;41,7;25,7;591,3;41,5;0,1;6,52E-2;-541,2;20,00;3,0;3,0;39,09;0,97;1,618;4,0;5,64;0,718
646;13.07.2023;17:44:01;00:10:45;619,2;488,8;43,0;41,9;25,7;592,0;41,4;0,1;6,52E-2;-541,2;20,00;3,0;3,0;39,10;0,99;1,637;4,0;5,59;0,718
647;13.07.2023;17:44:02;00:10:46;621,6;491,1;43,2;42,0;25,7;593,6;41,6;0,1;6,52E-2;-541,2;20,00;3,0;3,0;39,14;1,03;1,670;4,0;5,60;0,722
648;13.07.2023;17:44:03;00:10:47;622,3;491,1;43,2;42,0;25,7;594,4;41,5;0,1;6,52E-2;-541,2;20,00;3,0;3,0;39,16;1,04;1,696;4,1;5,62;0,719
649;13.07.2023;17:44:04;00:10:48;624,3;491,1;43,2;42,0;25,7;595,9;41,8;0,1;6,52E-2;-541,2;20,00;3,0;3,0;39,20;1,09;1,739;4,1;5,61;0,723
650;13.07.2023;17:44:05;00:10:49;625,9;493,6;43,3;42,2;25,7;597,4;41,8;0,1;6,52E-2;-541,2;20,00;3,0;3,0;39,24;1,12;1,784;4,1;5,58;0,723
651;13.07.2023;17:44:06;00:10:50;627,1;493,6;43,3;42,2;25,7;598,1;41,9;0,1;6,52E-2;-541,2;20,00;3,0;3,0;39,26;1,15;1,810;4,1;5,62;0,724
652;13.07.2023;17:44:07;00:10:51;628,9;496,1;43,5;42,4;25,7;599,6;42,1;0,1;6,52E-2;-541,2;20,00;3,0;3,0;39,30;1,18;1,867;4,1;5,66;0,729
653;13.07.2023;17:44:08;00:10:52;631,2;496,1;43,5;42,4;25,7;601,3;42,1;0,1;6,52E-2;-541,2;20,00;3,1;3,0;39,35;1,23;1,923;4,1;5,62;0,733
654;13.07.2023;17:44:09;00:10:53;631,8;498,6;43,7;42,6;25,7;602,0;42,0;0,1;6,51E-2;-541,2;20,00;3,2;3,0;39,37;1,26;1,983;4,1;5,67;0,737
655;13.07.2023;17:44:10;00:10:54;633,8;498,6;43,9;42,7;25,7;603,5;42,2;0,1;6,51E-2;-541,2;20,00;3,3;3,2;39,44;1,31;2,174;4,2;5,65;0,737
656;13.07.2023;17:44:11;00:10:55;635,8;501,0;43,9;42,7;25,7;605,0;42,3;0,1;6,51E-2;-541,2;20,00;3,4;3,3;39,50;1,38;2,422;4,2;5,63;0,742
657;13.07.2023;17:44:12;00:10:56;636,7;501,0;43,9;42,7;25,7;605,8;42,4;0,1;6,51E-2;-541,2;20,00;3,5;3,4;39,54;1,41;2,544;4,2;5,68;0,742
658;13.07.2023;17:44:13;00:10:57;638,4;503,3;44,1;42,9;25,7;607,3;42,4;0,1;6,50E-2;-541,2;20,00;3,6;3,5;39,60;1,48;2,818;4,2;5,66;0,747
659;13.07.2023;17:44:14;00:10:58;639,3;503,3;44,1;42,9;25,8;608,0;42,5;0,1;6,50E-2;-541,2;20,00;3,7;3,6;39,64;1,52;2,940;4,2;5,66;0,748
660;13.07.2023;17:44:15;00:10:59;641,2;505,7;44,3;43,1;25,8;609,6;42,7;0,1;6,49E-2;-541,2;20,00;3,8;3,7;39,73;1,60;3,220;4,3;5,65;0,757
661;13.07.2023;17:44:16;00:11:00;642,9;505,7;44,3;43,1;25,8;611,1;42,8;0,1;6,49E-2;-541,2;20,00;4,0;3,8;39,81;1,69;3,483;4,3;5,65;0,758
662;13.07.2023;17:44:17;00:11:01;643,7;508,1;44,5;43,3;25,8;611,9;42,7;0,1;6,48E-2;-541,2;20,00;4,0;3,9;39,86;1,73;3,611;4,3;5,67;0,762
663;13.07.2023;17:44:18;00:11:02;645,7;508,1;44,7;43,3;25,8;613,4;42,9;0,1;6,48E-2;-541,2;20,00;4,2;4,0;39,94;1,82;3,853;4,3;5,66;0,766
664;13.07.2023;17:44:19;00:11:03;647,7;510,4;44,7;43,5;25,8;614,9;43,0;0,1;6,46E-2;-541,2;20,00;4,3;4,2;40,04;1,92;4,068;4,4;5,68;0,772
665;13.07.2023;17:44:20;00:11:04;648,3;510,4;44,7;43,5;25,8;615,6;43,0;0,1;6,46E-2;-541,2;20,00;4,4;4,2;40,08;1,96;4,182;4,4;5,66;0,774
666;13.07.2023;17:44:21;00:11:05;650,4;512,7;44,9;43,7;25,8;617,3;43,1;0,1;6,45E-2;-541,2;20,00;4,5;4,4;40,19;2,07;4,364;4,4;5,67;0,780
667;13.07.2023;17:44:22;00:11:06;651,9;512,7;45,2;43,9;25,8;618,8;43,3;0,1;6,45E-2;-541,2;20,00;4,6;4,5;40,28;2,17;4,518;4,5;5,69;0,783
668;13.07.2023;17:44:23;00:11:07;653,1;512,7;45,2;43,9;25,8;619,5;43,4;0,1;6,45E-2;-541,2;20,00;4,7;4,6;40,34;2,21;4,602;4,5;5,69;0,786
669;13.07.2023;17:44:24;00:11:08;654,5;515,1;45,2;44,0;25,9;621,0;43,4;0,1;6,44E-2;-541,2;20,00;4,8;4,7;40,44;2,32;4,739;4,5;5,70;0,791
670;13.07.2023;17:44:25;00:11:09;656,3;515,1;45,6;44,2;25,9;622,5;43,6;0,1;6,42E-2;-541,2;20,00;5,0;4,8;40,54;2,41;4,848;4,5;5,68;0,799
671;13.07.2023;17:44:26;00:11:10;657,2;517,6;45,6;44,2;26,0;623,3;43,5;0,1;6,42E-2;-541,2;20,00;5,0;4,9;40,59;2,47;4,875;4,6;5,69;0,801
672;13.07.2023;17:44:27;00:11:11;658,7;520,2;45,9;44,4;26,0;624,9;43,6;0,1;6,41E-2;-541,2;20,00;5,2;5,0;40,69;2,57;4,915;4,6;5,67;0,806
673;13.07.2023;17:44:28;00:11:12;659,3;520,2;45,9;44,4;26,0;625,6;43,7;0,1;6,40E-2;-541,2;20,00;5,2;5,1;40,74;2,62;4,900;4,6;5,69;0,805
674;13.07.2023;17:44:29;00:11:13;660,6;520,2;46,3;44,7;26,0;627,1;43,9;0,1;6,40E-2;-541,2;20,00;5,4;5,2;40,84;2,71;4,863;4,6;5,73;0,811
675;13.07.2023;17:44:30;00:11:14;661,9;522,7;46,3;44,7;26,0;628,6;43,9;0,1;6,39E-2;-541,2;20,00;5,5;5,4;40,92;2,80;4,796;4,6;5,69;0,816
676;13.07.2023;17:44:31;00:11:15;662,3;522,7;46,6;44,7;26,0;629,4;44,0;0,1;6,38E-2;-541,2;20,00;5,5;5,4;40,97;2,85;4,746;4,7;5,69;0,817
677;13.07.2023;17:44:32;00:11:16;663,5;525,3;46,6;44,9;26,0;630,9;44,0;0,1;6,37E-2;-541,2;20,00;5,7;5,5;41,05;2,93;4,634;4,7;5,71;0,821
678;13.07.2023;17:44:33;00:11:17;665,1;527,8;47,0;45,2;26,0;632,5;44,0;0,1;6,36E-2;-541,2;20,00;5,8;5,7;41,14;3,02;4,500;4,7;5,75;0,828
679;13.07.2023;17:44:34;00:11:18;665,5;527,8;47,0;45,2;26,0;633,3;44,1;0,1;6,35E-2;-541,2;20,00;5,9;5,8;41,19;3,06;4,442;4,8;5,71;0,830
680;13.07.2023;17:44:35;00:11:19;666,9;530,3;47,3;45,5;26,0;634,8;44,3;0,1;6,34E-2;-541,2;20,00;6,0;5,9;41,26;3,14;4,328;4,8;5,70;0,836
681;13.07.2023;17:44:36;00:11:20;668,8;530,3;47,3;45,5;26,0;636,3;44,4;0,1;6,32E-2;-541,2;20,00;6,1;6,0;41,34;3,23;4,233;4,8;5,72;0,840
682;13.07.2023;17:44:37;00:11:21;669,6;532,8;47,7;45,8;26,1;637,0;44,3;0,1;6,32E-2;-541,2;20,00;6,2;6,1;41,38;3,26;4,189;4,8;5,71;0,842
683;13.07.2023;17:44:38;00:11:22;670,9;532,8;48,1;46,1;26,1;638,5;44,5;0,1;6,31E-2;-541,2;20,00;6,3;6,2;41,46;3,34;4,112;4,8;5,74;0,845
684;13.07.2023;17:44:39;00:11:23;672,9;535,3;48,1;46,1;26,1;640,1;44,5;0,1;6,29E-2;-541,2;20,00;6,5;6,4;41,54;3,43;4,059;4,9;5,72;0,850
685;13.07.2023;17:44:40;00:11:24;673,8;535,3;48,1;46,1;26,1;640,9;44,6;0,1;6,29E-2;-541,2;20,00;6,5;6,4;41,59;3,47;4,033;4,9;5,74;0,850
686;13.07.2023;17:44:41;00:11:25;675,6;537,8;48,4;46,4;26,1;642,4;44,6;0,1;6,27E-2;-541,2;20,00;6,7;6,5;41,66;3,55;4,001;4,9;5,72;0,855
687;13.07.2023;17:44:42;00:11:26;676,5;537,8;48,4;46,4;26,1;643,1;44,7;0,1;6,27E-2;-541,2;20,00;6,7;6,6;41,70;3,58;3,991;4,9;5,74;0,856
688;13.07.2023;17:44:43;00:11:27;678,5;540,3;48,8;46,7;26,1;644,6;44,8;0,1;6,26E-2;-541,2;20,00;6,9;6,8;41,78;3,67;3,968;4,9;5,71;0,860
689;13.07.2023;17:44:44;00:11:28;680,0;540,2;48,8;46,6;26,1;646,1;45,0;0,1;6,25E-2;-541,2;20,00;7,0;6,9;41,86;3,74;3,958;5,0;5,74;0,865
690;13.07.2023;17:44:45;00:11:29;681,3;540,2;49,1;47,0;26,1;647,0;45,1;0,1;6,24E-2;-541,2;20,00;7,1;7,0;41,91;3,79;3,936;5,0;5,74;0,871
691;13.07.2023;17:44:46;00:11:30;683,4;542,8;49,1;47,0;26,0;648,5;45,1;0,1;6,23E-2;-541,2;20,00;7,2;7,1;41,98;3,87;3,910;5,0;5,71;0,876
692;13.07.2023;17:44:47;00:11:31;684,8;545,4;49,5;47,3;26,0;650,0;45,1;0,1;6,22E-2;-541,2;20,00;7,3;7,2;42,06;3,94;3,901;5,0;5,73;0,879
693;13.07.2023;17:44:48;00:11:32;686,1;545,4;49,5;47,3;26,0;650,8;45,2;0,1;6,22E-2;-541,2;20,00;7,4;7,3;42,10;3,98;3,883;5,0;5,79;0,880
694;13.07.2023;17:44:49;00:11:33;687,5;548,0;49,9;47,6;26,0;652,3;45,2;0,1;6,21E-2;-541,2;20,00;7,5;7,4;42,17;4,05;3,866;5,1;5,75;0,882
695;13.07.2023;17:44:50;00:11:34;689,5;548,0;50,3;47,6;26,0;653,8;45,4;0,1;6,20E-2;-541,2;20,00;7,7;7,5;42,24;4,13;3,797;5,1;5,78;0,888
696;13.07.2023;17:44:51;00:11:35;690,2;550,7;50,3;48,0;26,0;654,6;45,6;0,1;6,19E-2;-541,2;20,00;7,7;7,6;42,29;4,17;3,772;5,1;5,77;0,891
697;13.07.2023;17:44:52;00:11:36;691,9;550,7;50,3;48,0;26,1;656,1;45,6;0,1;6,18E-2;-541,2;20,00;7,9;7,7;42,36;4,24;3,734;5,2;5,75;0,894
698;13.07.2023;17:44:53;00:11:37;692,9;553,2;50,6;48,3;26,1;656,9;45,6;0,1;6,17E-2;-541,2;20,00;7,9;7,8;42,40;4,28;3,692;5,1;5,76;0,894
699;13.07.2023;17:44:54;00:11:38;694,5;553,2;50,6;48,3;26,1;658,4;45,7;0,1;6,17E-2;-541,2;20,00;8,1;7,9;42,46;4,34;3,653;5,2;5,76;0,899
700;13.07.2023;17:44:55;00:11:39;696,0;555,7;51,0;48,6;26,1;659,9;45,8;0,1;6,16E-2;-541,2;20,00;8,2;8,0;42,53;4,42;3,609;5,3;5,79;0,907
701;13.07.2023;17:44:56;00:11:40;696,8;555,7;51,0;48,6;26,1;660,6;45,8;0,1;6,15E-2;-541,2;20,00;8,3;8,1;42,57;4,45;3,592;5,3;5,78;0,908
702;13.07.2023;17:44:57;00:11:41;698,5;558,4;51,3;48,9;26,2;662,3;45,8;0,1;6,14E-2;-541,2;20,00;8,4;8,2;42,65;4,52;3,542;5,3;5,81;0,913
703;13.07.2023;17:44:58;00:11:42;700,1;558,4;51,3;48,9;26,2;663,8;46,0;0,1;6,13E-2;-541,2;20,00;8,5;8,4;42,71;4,59;3,497;5,3;5,82;0,913
704;13.07.2023;17:44:59;00:11:43;700,7;558,4;51,6;48,9;26,2;664,5;46,2;0,1;6,13E-2;-541,2;20,00;8,6;8,4;42,74;4,62;3,472;5,3;5,79;0,914
705;13.07.2023;17:45:00;00:11:44;702,4;561,2;51,6;49,2;26,2;666,0;46,1;0,1;6,12E-2;-541,2;20,00;8,7;8,6;42,81;4,70;3,421;5,3;5,75;0,919
706;13.07.2023;17:45:01;00:11:45;703,9;564,1;52,0;49,5;26,2;667,5;46,1;0,1;6,11E-2;-541,2;20,00;8,9;8,8;42,88;4,76;3,402;5,3;5,83;0,923
707;13.07.2023;17:45:02;00:11:46;704,7;564,1;52,0;49,5;26,2;668,3;46,2;0,1;6,11E-2;-541,2;20,00;8,9;8,8;42,91;4,79;3,368;5,3;5,81;0,924
708;13.07.2023;17:45:03;00:11:47;706,0;567,0;52,3;49,9;26,2;669,8;46,4;0,1;6,10E-2;-541,2;20,00;9,0;8,9;42,98;4,85;3,332;5,4;5,79;0,933
709;13.07.2023;17:45:04;00:11:48;707,8;567,0;52,3;49,9;26,2;671,4;46,4;0,1;6,09E-2;-541,2;20,00;9,2;9,1;43,05;4,92;3,302;5,4;5,77;0,937
710;13.07.2023;17:45:05;00:11:49;708,4;566,9;52,6;49,8;26,2;672,1;46,5;0,1;6,08E-2;-541,2;20,00;9,3;9,1;43,08;4,96;3,285;5,5;5,82;0,941
711;13.07.2023;17:45:06;00:11:50;710,2;570,1;52,6;50,1;26,2;673,6;46,5;0,1;6,07E-2;-541,2;20,00;9,4;9,2;43,15;5,02;3,275;5,5;5,82;0,946
712;13.07.2023;17:45:07;00:11:51;710,9;570,1;52,6;50,1;26,2;674,4;46,6;0,1;6,07E-2;-541,2;20,00;9,4;9,3;43,17;5,06;3,260;5,5;5,81;0,947
713;13.07.2023;17:45:08;00:11:52;712,1;573,3;52,9;50,4;26,2;675,9;46,5;0,1;6,06E-2;-541,2;20,00;9,6;9,4;43,24;5,11;3,226;5,5;5,80;0,951
714;13.07.2023;17:45:09;00:11:53;713,3;573,3;53,3;50,4;26,2;677,4;46,8;0,1;6,05E-2;-541,2;20,00;9,7;9,6;43,29;5,18;3,197;5,6;5,83;0,958
715;13.07.2023;17:45:10;00:11:54;713,7;576,6;53,3;50,7;26,3;678,1;46,6;0,1;6,05E-2;-541,2;20,00;9,8;9,6;43,33;5,20;3,168;5,6;5,85;0,960
716;13.07.2023;17:45:11;00:11:55;715,1;579,9;53,6;51,0;26,3;679,8;46,8;0,1;6,03E-2;-541,2;20,00;9,9;9,8;43,39;5,26;3,108;5,6;5,80;0,965
717;13.07.2023;17:45:12;00:11:56;716,4;579,9;53,6;51,0;26,3;681,3;46,8;0,1;6,02E-2;-541,2;20,00;10,0;9,9;43,44;5,33;3,012;5,6;5,82;0,967
718;13.07.2023;17:45:13;00:11:57;716,9;579,9;53,9;51,3;26,3;682,0;46,9;0,1;6,02E-2;-541,2;20,00;10,1;10,0;43,47;5,35;2,968;5,6;5,80;0,970
719;13.07.2023;17:45:14;00:11:58;718,4;583,2;53,9;51,3;26,3;683,5;46,8;0,1;6,01E-2;-541,2;20,00;10,2;10,1;43,51;5,40;2,858;5,7;5,78;0,976
720;13.07.2023;17:45:15;00:11:59;719,9;586,6;54,2;51,6;26,3;685,0;46,8;0,1;6,01E-2;-541,2;20,00;10,4;10,2;43,57;5,45;2,743;5,7;5,77;0,982
721;13.07.2023;17:45:16;00:12:00;720,5;586,6;54,2;51,6;26,3;685,8;46,8;0,1;6,00E-2;-541,2;20,00;10,4;10,3;43,59;5,48;2,685;5,7;5,79;0,979
722;13.07.2023;17:45:17;00:12:01;721,9;590,1;54,6;51,8;26,3;687,4;46,8;0,1;5,98E-2;-541,2;20,00;10,6;10,5;43,63;5,52;2,551;5,7;5,78;0,986
723;13.07.2023;17:45:18;00:12:02;723,2;590,1;54,9;51,8;26,3;688,9;47,0;0,1;5,97E-2;-541,2;20,00;10,7;10,6;43,68;5,56;2,423;5,7;5,82;0,989
724;13.07.2023;17:45:19;00:12:03;724,1;590,1;54,9;52,1;26,3;689,6;47,1;0,1;5,97E-2;-541,2;20,00;10,8;10,7;43,69;5,58;2,359;5,8;5,85;0,996
725;13.07.2023;17:45:20;00:12:04;725,4;593,6;54,9;52,1;26,3;691,1;47,0;0,1;5,96E-2;-541,2;20,00;10,9;10,8;43,74;5,62;2,224;5,8;5,83;0,996
726;13.07.2023;17:45:21;00:12:05;726,6;597,2;55,3;52,4;26,3;691,9;46,9;0,1;5,96E-2;-541,2;20,00;11,0;10,8;43,75;5,64;2,152;5,8;5,81;1,002
727;13.07.2023;17:45:22;00:12:06;727,8;597,2;55,3;52,4;26,3;693,4;47,0;0,1;5,95E-2;-541,2;20,00;11,1;11,0;43,79;5,67;2,022;5,8;5,80;1,002
728;13.07.2023;17:45:23;00:12:07;729,9;600,8;55,6;52,7;26,3;695,0;47,0;0,1;5,94E-2;-541,2;20,00;11,2;11,1;43,82;5,70;1,885;5,9;5,75;1,012
729;13.07.2023;17:45:24;00:12:08;730,4;600,8;55,6;52,7;26,3;695,8;47,0;0,1;5,93E-2;-541,2;20,00;11,3;11,1;43,83;5,72;1,824;5,9;5,82;1,011
730;13.07.2023;17:45:25;00:12:09;732,1;600,8;56,0;52,8;26,4;697,3;47,2;0,1;5,92E-2;-541,2;20,00;11,4;11,3;43,86;5,74;1,703;6,0;5,86;1,018
731;13.07.2023;17:45:26;00:12:10;733,9;604,7;56,0;53,1;26,4;698,8;47,1;0,1;5,92E-2;-541,2;20,00;11,6;11,5;43,89;5,77;1,592;5,9;5,80;1,020
732;13.07.2023;17:45:27;00:12:11;734,9;604,7;56,3;53,1;26,4;699,5;47,2;0,1;5,91E-2;-541,2;20,00;11,6;11,5;43,90;5,78;1,543;6,0;5,83;1,026
733;13.07.2023;17:45:28;00:12:12;736,7;608,5;56,3;53,3;26,5;701,0;47,1;0,1;5,90E-2;-541,2;20,00;11,8;11,6;43,92;5,81;1,453;6,0;5,81;1,026
734;13.07.2023;17:45:29;00:12:13;738,8;608,5;56,6;53,6;26,5;702,6;47,3;0,1;5,90E-2;-541,2;20,00;11,9;11,8;43,95;5,83;1,363;6,0;5,80;1,034
735;13.07.2023;17:45:30;00:12:14;739,7;612,3;56,6;53,6;26,5;703,4;47,1;0,1;5,89E-2;-541,2;20,00;12,0;11,8;43,96;5,84;1,320;6,0;5,84;1,034
736;13.07.2023;17:45:31;00:12:15;741,7;616,0;56,9;53,9;26,6;704,9;47,2;0,1;5,88E-2;-541,2;20,00;12,1;12,0;43,98;5,86;1,234;6,0;5,81;1,035
737;13.07.2023;17:45:32;00:12:16;743,6;616,0;56,9;53,9;26,6;706,4;47,2;0,1;5,87E-2;-541,2;20,00;12,2;12,1;44,00;5,88;1,160;6,0;5,83;1,038
738;13.07.2023;17:45:33;00:12:17;744,2;619,5;57,2;54,2;26,6;707,1;47,0;0,1;5,87E-2;-541,2;20,00;12,3;12,1;44,01;5,89;1,118;6,1;5,84;1,041
739;13.07.2023;17:45:34;00:12:18;746,1;619,5;57,2;54,2;26,6;708,6;47,2;0,1;5,86E-2;-541,2;20,00;12,4;12,3;44,03;5,91;1,056;6,1;5,81;1,044
740;13.07.2023;17:45:35;00:12:19;747,4;619,5;57,5;54,2;26,6;709,5;47,3;0,1;5,86E-2;-541,2;20,00;12,5;12,3;44,03;5,92;1,024;6,1;5,83;1,048
741;13.07.2023;17:45:36;00:12:20;749,1;622,9;57,5;54,5;26,6;711,0;47,2;0,1;5,85E-2;-541,2;20,00;12,6;12,4;44,05;5,94;0,992;6,1;5,82;1,048
742;13.07.2023;17:45:37;00:12:21;751,1;626,4;57,7;54,7;26,6;712,5;47,2;0,1;5,85E-2;-541,2;20,00;12,8;12,6;44,07;5,95;0,961;6,2;5,86;1,050
743;13.07.2023;17:45:38;00:12:22;751,9;626,4;57,7;54,7;26,6;713,3;47,3;0,1;5,84E-2;-541,2;20,00;12,8;12,7;44,08;5,97;0,935;6,1;5,81;1,050
744;13.07.2023;17:45:39;00:12:23;753,9;629,8;57,9;55,0;26,6;714,8;47,5;0,1;5,83E-2;-541,2;20,00;12,9;12,8;44,09;5,98;0,897;6,1;5,83;1,060
745;13.07.2023;17:45:40;00:12:24;755,9;629,8;57,9;55,0;26,6;716,4;47,4;0,1;5,82E-2;-541,2;20,00;13,1;13,0;44,11;5,99;0,855;6,2;5,82;1,060
746;13.07.2023;17:45:41;00:12:25;756,8;633,2;58,1;55,3;26,6;717,1;47,2;0,1;5,82E-2;-541,2;20,00;13,2;13,1;44,12;6,00;0,836;6,2;5,84;1,063
747;13.07.2023;17:45:42;00:12:26;758,3;633,2;58,3;55,5;26,6;718,6;47,4;0,1;5,82E-2;-541,2;20,00;13,3;13,2;44,13;6,01;0,810;6,2;5,80;1,064
748;13.07.2023;17:45:43;00:12:27;760,3;636,6;58,3;55,5;26,6;720,1;47,3;0,1;5,81E-2;-541,2;20,00;13,4;13,3;44,14;6,04;0,779;6,2;5,82;1,069
749;13.07.2023;17:45:44;00:12:28;761,1;636,6;58,3;55,5;26,6;720,9;47,4;0,1;5,81E-2;-541,2;20,00;13,5;13,3;44,16;6,04;0,778;6,2;5,85;1,070
750;13.07.2023;17:45:45;00:12:29;763,0;636,6;58,3;55,5;26,6;722,4;47,6;0,1;5,81E-2;-541,2;20,00;13,6;13,5;44,17;6,06;0,757;6,2;5,83;1,074
751;13.07.2023;17:45:46;00:12:30;763,7;640,3;58,5;55,8;26,6;723,1;47,4;0,1;5,80E-2;-541,2;20,00;13,7;13,6;44,18;6,06;0,758;6,3;5,85;1,079
752;13.07.2023;17:45:47;00:12:31;765,7;640,3;58,6;56,1;26,6;724,8;47,6;0,1;5,80E-2;-541,2;20,00;13,8;13,7;44,19;6,08;0,745;6,3;5,86;1,079
753;13.07.2023;17:45:48;00:12:32;767,3;644,1;58,6;56,1;26,7;726,3;47,5;0,1;5,78E-2;-541,2;20,00;13,9;13,8;44,20;6,10;0,716;6,3;5,82;1,084
754;13.07.2023;17:45:49;00:12:33;768,4;644,1;58,6;56,1;26,7;727,0;47,6;0,1;5,79E-2;-541,2;20,00;14,0;13,9;44,21;6,10;0,714;6,3;5,82;1,079
755;13.07.2023;17:45:50;00:12:34;770,0;647,8;58,8;56,4;26,7;728,5;47,5;0,1;5,78E-2;-541,2;20,00;14,1;14,0;44,22;6,11;0,695;6,4;5,83;1,087
756;13.07.2023;17:45:51;00:12:35;771,6;651,6;59,0;56,8;26,7;730,0;47,5;0,1;5,78E-2;-541,2;20,00;14,3;14,1;44,24;6,12;0,683;6,3;5,84;1,087
757;13.07.2023;17:45:52;00:12:36;772,6;651,6;59,0;56,8;26,7;730,8;47,4;0,1;5,77E-2;-541,2;20,00;14,3;14,2;44,24;6,13;0,683;6,3;5,83;1,085
758;13.07.2023;17:45:53;00:12:37;774,1;651,6;59,1;56,8;26,7;732,4;47,7;0,1;5,77E-2;-541,2;20,00;14,5;14,4;44,26;6,15;0,665;6,3;5,80;1,093
759;13.07.2023;17:45:54;00:12:38;776,2;655,0;59,1;57,0;26,7;733,9;47,6;0,1;5,77E-2;-541,2;20,00;14,6;14,5;44,28;6,15;0,662;6,4;5,84;1,093
760;13.07.2023;17:45:55;00:12:39;776,9;655,0;59,3;57,0;26,7;734,6;47,7;0,1;5,77E-2;-541,2;20,00;14,7;14,6;44,28;6,16;0,660;6,4;5,82;1,094
761;13.07.2023;17:45:56;00:12:40;778,4;658,3;59,3;57,3;26,8;736,1;47,6;0,1;5,76E-2;-541,2;20,00;14,8;14,7;44,29;6,17;0,663;6,4;5,86;1,094
762;13.07.2023;17:45:57;00:12:41;780,2;658,3;59,4;57,6;26,8;737,6;47,8;0,1;5,76E-2;-541,2;20,00;14,9;14,8;44,30;6,19;0,650;6,4;5,85;1,100
763;13.07.2023;17:45:58;00:12:42;781,0;661,7;59,4;57,6;26,8;738,4;47,6;0,1;5,76E-2;-541,2;20,00;15,0;14,9;44,31;6,19;0,647;6,4;5,83;1,104
764;13.07.2023;17:45:59;00:12:43;782,9;665,0;59,5;57,9;26,8;740,0;47,6;0,1;5,75E-2;-541,2;20,00;15,1;15,0;44,32;6,21;0,643;6,5;5,83;1,104
765;13.07.2023;17:46:00;00:12:44;783,7;665,0;59,5;57,9;26,8;740,8;47,6;0,1;5,75E-2;-541,2;20,00;15,2;15,1;44,33;6,22;0,633;6,4;5,80;1,103
766;13.07.2023;17:46:01;00:12:45;785,2;668,3;59,6;58,1;26,8;742,3;47,5;0,1;5,75E-2;-541,2;20,00;15,3;15,2;44,34;6,22;0,633;6,4;5,81;1,109
767;13.07.2023;17:46:02;00:12:46;787,0;668,3;59,7;58,1;26,8;743,8;47,7;0,1;5,74E-2;-541,2;20,00;15,5;15,4;44,35;6,25;0,626;6,4;5,82;1,107
768;13.07.2023;17:46:03;00:12:47;787,7;668,3;59,7;58,1;26,8;744,5;47,8;0,1;5,74E-2;-541,2;20,00;15,5;15,4;44,36;6,24;0,630;6,5;5,81;1,111
769;13.07.2023;17:46:04;00:12:48;789,1;671,5;59,7;58,4;26,8;746,0;47,7;0,1;5,74E-2;-541,2;20,00;15,7;15,5;44,37;6,26;0,621;6,5;5,86;1,112
770;13.07.2023;17:46:05;00:12:49;791,1;671,5;59,7;58,4;26,8;747,6;47,9;0,1;5,74E-2;-541,2;20,00;15,8;15,7;44,38;6,28;0,617;6,5;5,80;1,118
771;13.07.2023;17:46:06;00:12:50;791,7;675,0;59,7;58,7;26,8;748,4;47,8;0,1;5,73E-2;-541,2;20,00;15,9;15,7;44,39;6,27;0,618;6,6;5,81;1,120
772;13.07.2023;17:46:07;00:12:51;793,3;678,4;59,8;59,0;26,8;749,9;47,9;0,1;5,73E-2;-541,2;20,00;16,0;15,8;44,40;6,29;0,609;6,5;5,82;1,119
773;13.07.2023;17:46:08;00:12:52;795,0;678,4;59,8;59,0;26,8;750,0;47,7;0,1;5,73E-2;-541,2;20,00;16,1;16,0;44,42;6,30;0,619;6,5;5,80;1,117
774;13.07.2023;17:46:09;00:12:53;795,6;678,4;59,9;59,0;26,8;750,0;47,8;0,1;5,72E-2;-541,2;20,00;16,2;16,1;44,42;6,31;0,614;6,5;5,84;1,119
775;13.07.2023;17:46:10;00:12:54;797,3;681,8;59,9;59,3;26,8;750,0;47,5;0,1;5,73E-2;-541,2;20,00;16,3;16,2;44,44;6,32;0,604;6,5;5,83;1,117
776;13.07.2023;17:46:11;00:12:55;798,9;685,2;60,0;59,6;26,9;750,0;47,3;0,1;5,72E-2;-541,2;20,00;16,4;16,3;44,45;6,33;0,594;6,5;5,79;1,118
777;13.07.2023;17:46:12;00:12:56;799,6;685,2;60,0;59,6;26,9;750,0;47,3;0,1;5,72E-2;-541,2;20,00;16,5;16,3;44,45;6,34;0,584;6,5;5,76;1,114
778;13.07.2023;17:46:13;00:12:57;800,9;685,2;60,1;59,8;26,9;750,0;47,4;0,1;5,72E-2;-541,2;20,00;16,6;16,5;44,47;6,35;0,582;6,5;5,82;1,118
779;13.07.2023;17:46:14;00:12:58;801,6;688,3;60,1;59,8;26,9;750,0;47,2;0,1;5,72E-2;-541,2;20,00;16,7;16,6;44,47;6,36;0,584;6,5;5,86;1,118
780;13.07.2023;17:46:15;00:12:59;802,8;688,3;60,1;60,1;26,9;750,0;47,2;0,1;5,71E-2;-541,2;20,00;16,8;16,6;44,49;6,37;0,594;6,5;5,80;1,118
781;13.07.2023;17:46:16;00:13:00;803,6;691,3;60,1;60,1;26,9;750,0;47,0;0,1;5,71E-2;-541,2;20,00;16,9;16,8;44,49;6,38;0,591;6,4;5,81;1,113
782;13.07.2023;17:46:17;00:13:01;804,3;691,3;60,2;60,4;26,9;750,0;47,0;0,1;5,71E-2;-541,2;20,00;17,0;16,8;44,50;6,39;0,590;6,5;5,78;1,114
783;13.07.2023;17:46:18;00:13:02;805,5;694,4;60,2;60,4;26,9;750,0;46,8;0,1;5,71E-2;-541,2;20,00;17,1;16,9;44,52;6,40;0,595;6,5;5,79;1,112
784;13.07.2023;17:46:19;00:13:03;806,3;697,4;60,2;60,6;26,9;750,0;46,6;0,1;5,71E-2;-541,2;20,00;17,2;17,0;44,52;6,41;0,594;6,4;5,78;1,113
785;13.07.2023;17:46:20;00:13:04;806,7;697,4;60,2;60,6;26,9;750,0;46,6;0,1;5,71E-2;-541,2;20,00;17,3;17,1;44,53;6,41;0,601;6,4;5,75;1,110
786;13.07.2023;17:46:21;00:13:05;807,8;700,2;60,3;60,9;26,9;750,0;46,4;0,1;5,71E-2;-541,2;20,00;17,4;17,3;44,54;6,43;0,613;6,5;5,80;1,113
787;13.07.2023;17:46:22;00:13:06;808,1;700,2;60,3;60,9;27,0;750,0;46,4;0,1;5,70E-2;-541,2;20,00;17,5;17,4;44,56;6,44;0,627;6,4;5,76;1,109
788;13.07.2023;17:46:23;00:13:07;808,7;700,2;60,3;61,2;27,0;750,0;46,4;0,1;5,70E-2;-541,2;20,00;17,6;17,5;44,57;6,45;0,637;6,4;5,80;1,109
789;13.07.2023;17:46:24;00:13:08;809,4;703,1;60,3;61,2;27,0;750,0;46,2;0,1;5,69E-2;-541,2;20,00;17,7;17,6;44,58;6,46;0,642;6,4;5,73;1,107
790;13.07.2023;17:46:25;00:13:09;809,8;703,1;60,4;61,2;27,0;750,0;46,2;0,1;5,69E-2;-541,2;20,00;17,8;17,6;44,59;6,47;0,647;6,3;5,74;1,109
791;13.07.2023;17:46:26;00:13:10;810,4;705,9;60,4;61,4;27,0;750,0;46,0;0,1;5,68E-2;-541,2;20,00;17,9;17,8;44,59;6,49;0,647;6,4;5,77;1,109
792;13.07.2023;17:46:27;00:13:11;811,0;708,7;60,4;61,7;27,0;750,0;45,9;0,1;5,68E-2;-541,2;20,00;18,0;17,8;44,61;6,50;0,648;6,3;5,74;1,104
793;13.07.2023;17:46:28;00:13:12;811,0;708,7;60,4;61,7;27,0;750,0;45,8;0,1;5,68E-2;-541,2;20,00;18,1;17,9;44,61;6,51;0,644;6,3;5,74;1,104
794;13.07.2023;17:46:29;00:13:13;811,6;708,7;60,5;61,7;27,0;750,0;45,9;0,1;5,67E-2;-541,2;20,00;18,2;18,1;44,63;6,52;0,651;6,3;5,72;1,104
795;13.07.2023;17:46:30;00:13:14;811,9;711,3;60,5;62,0;27,0;750,0;45,7;0,1;5,66E-2;-541,2;20,00;18,3;18,2;44,65;6,53;0,660;6,3;5,73;1,104
796;13.07.2023;17:46:31;00:13:15;812,1;711,3;60,5;62,0;27,0;750,0;45,7;0,1;5,66E-2;-541,2;20,00;18,4;18,2;44,65;6,54;0,659;6,3;5,72;1,103
797;13.07.2023;17:46:32;00:13:16;812,4;713,9;60,5;62,2;27,1;750,0;45,6;0,1;5,65E-2;-541,2;20,00;18,5;18,4;44,67;6,55;0,664;6,3;5,73;1,104
798;13.07.2023;17:46:33;00:13:17;812,8;713,9;60,5;62,2;27,1;750,0;45,5;0,1;5,65E-2;-541,2;20,00;18,6;18,5;44,68;6,56;0,670;6,3;5,70;1,103
799;13.07.2023;17:46:34;00:13:18;813,1;716,1;60,5;62,5;27,1;750,0;45,4;0,1;5,65E-2;-541,2;20,00;18,7;18,6;44,69;6,57;0,676;6,3;5,71;1,100
800;13.07.2023;17:46:35;00:13:19;813,2;718,3;60,5;62,7;27,1;750,0;45,3;0,1;5,64E-2;-541,2;20,00;18,8;18,7;44,70;6,59;0,690;6,2;5,70;1,099
801;13.07.2023;17:46:36;00:13:20;813,4;718,3;60,5;62,7;27,1;750,0;45,2;0,1;5,63E-2;-541,2;20,00;18,9;18,8;44,72;6,60;0,686;6,3;5,72;1,098
802;13.07.2023;17:46:37;00:13:21;813,3;718,3;60,5;62,7;27,1;750,0;45,2;0,1;5,62E-2;-541,2;20,00;19,0;18,8;44,73;6,61;0,696;6,3;5,73;1,097
803;13.07.2023;17:46:38;00:13:22;813,3;720,3;60,5;63,0;27,1;750,0;45,1;0,1;5,62E-2;-541,2;20,00;19,1;19,0;44,74;6,62;0,707;6,3;5,69;1,097
804;13.07.2023;17:46:39;00:13:23;813,2;720,3;60,5;63,0;27,1;750,0;45,1;0,1;5,61E-2;-541,2;20,00;19,2;19,0;44,75;6,63;0,712;6,2;5,71;1,098
805;13.07.2023;17:46:40;00:13:24;813,3;722,1;60,5;63,2;27,1;750,0;45,0;0,1;5,61E-2;-541,2;20,00;19,3;19,1;44,76;6,65;0,721;6,2;5,65;1,094
806;13.07.2023;17:46:41;00:13:25;813,2;722,1;60,5;63,4;27,1;750,0;45,0;0,1;5,60E-2;-541,2;20,00;19,4;19,3;44,78;6,66;0,736;6,2;5,70;1,096
807;13.07.2023;17:46:42;00:13:26;813,3;723,8;60,5;63,4;27,2;750,0;44,9;0,1;5,60E-2;-541,2;20,00;19,5;19,3;44,79;6,67;0,741;6,2;5,66;1,099
808;13.07.2023;17:46:43;00:13:27;812,8;725,5;60,5;63,6;27,2;750,0;44,9;0,1;5,59E-2;-541,2;20,00;19,6;19,4;44,79;6,68;0,697;6,2;5,67;1,095
809;13.07.2023;17:46:44;00:13:28;812,5;725,5;60,5;63,6;27,2;750,0;44,7;0,1;5,57E-2;-541,2;20,00;19,7;19,6;44,82;6,70;0,697;6,2;5,65;1,094
810;13.07.2023;17:46:45;00:13:29;812,6;725,4;60,5;63,6;27,1;750,0;44,8;0,1;5,57E-2;-541,2;20,00;19,8;19,7;44,82;6,71;0,747;6,2;5,69;1,096
811;13.07.2023;17:46:46;00:13:30;812,1;727,1;60,5;63,8;27,2;750,0;44,6;0,1;5,56E-2;-541,2;20,00;19,9;19,8;44,84;6,73;0,812;6,2;5,64;1,094
812;13.07.2023;17:46:47;00:13:31;811,8;727,1;60,5;64,0;27,2;750,0;44,7;0,1;5,56E-2;-541,2;20,00;20,0;19,9;44,86;6,74;0,819;6,2;5,67;1,094
813;13.07.2023;17:46:48;00:13:32;811,8;728,7;60,5;64,0;27,2;750,0;44,6;0,1;5,55E-2;-541,2;20,00;20,1;19,9;44,86;6,75;0,813;6,2;5,67;1,095
814;13.07.2023;17:46:49;00:13:33;811,5;728,7;60,5;64,0;27,2;750,0;44,5;0,1;5,54E-2;-541,2;20,00;20,2;20,0;44,88;6,77;0,812;6,2;5,67;1,094
815;13.07.2023;17:46:50;00:13:34;811,0;730,3;60,5;64,2;27,2;750,0;44,4;0,1;5,53E-2;-541,2;20,00;20,3;20,2;44,90;6,78;0,822;6,2;5,65;1,094
816;13.07.2023;17:46:51;00:13:35;810,8;730,3;60,4;64,4;27,2;750,0;44,4;0,1;5,52E-2;-541,2;20,00;20,4;20,2;44,91;6,79;0,816;6,2;5,68;1,094
817;13.07.2023;17:46:52;00:13:36;810,2;731,8;60,4;64,4;27,2;750,0;44,3;0,1;5,52E-2;-541,2;20,00;20,5;20,4;44,93;6,81;0,826;6,1;5,65;1,090
818;13.07.2023;17:46:53;00:13:37;810,0;731,8;60,5;64,4;27,2;750,0;44,3;0,1;5,51E-2;-541,2;20,00;20,6;20,5;44,94;6,82;0,833;6,2;5,64;1,093
819;13.07.2023;17:46:54;00:13:38;809,7;733,1;60,5;64,5;27,2;750,0;44,2;0,1;5,50E-2;-541,2;20,00;20,7;20,6;44,96;6,84;0,856;6,2;5,66;1,093
820;13.07.2023;17:46:55;00:13:39;809,1;734,4;60,5;64,7;27,2;750,0;44,2;0,1;5,49E-2;-541,2;20,00;20,8;20,7;44,97;6,86;0,877;6,2;5,64;1,094
821;13.07.2023;17:46:56;00:13:40;809,0;734,4;60,5;64,7;27,2;750,0;44,1;0,1;5,49E-2;-541,2;20,00;20,9;20,8;44,99;6,87;0,877;6,2;5,63;1,094
822;13.07.2023;17:46:57;00:13:41;808,3;734,4;60,5;64,7;27,3;750,0;44,1;0,1;5,48E-2;-541,2;20,00;21,0;20,9;45,00;6,88;0,885;6,2;5,68;1,092
823;13.07.2023;17:46:58;00:13:42;807,7;735,6;60,5;64,8;27,3;750,0;44,1;0,1;5,47E-2;-541,2;20,00;21,1;21,0;45,02;6,91;0,902;6,1;5,62;1,092
824;13.07.2023;17:46:59;00:13:43;807,4;735,6;60,5;64,8;27,3;750,0;44,1;0,1;5,46E-2;-541,2;20,00;21,2;21,1;45,03;6,91;0,905;6,2;5,66;1,091
825;13.07.2023;17:47:00;00:13:44;806,9;736,8;60,5;65,0;27,3;750,0;44,0;0,1;5,45E-2;-541,2;20,00;21,3;21,2;45,05;6,93;0,919;6,1;5,63;1,089
826;13.07.2023;17:47:01;00:13:45;806,3;736,8;60,5;65,1;27,3;750,0;44,0;0,1;5,44E-2;-541,2;20,00;21,4;21,3;45,07;6,96;0,937;6,2;5,62;1,093
827;13.07.2023;17:47:02;00:13:46;806,3;737,9;60,5;65,1;27,3;750,0;43,9;0,1;5,43E-2;-541,2;20,00;21,5;21,3;45,08;6,96;0,948;6,1;5,64;1,092
828;13.07.2023;17:47:03;00:13:47;805,5;738,9;60,5;65,3;27,3;750,0;43,9;0,1;5,42E-2;-541,2;20,00;21,6;21,4;45,10;6,99;0,964;6,1;5,60;1,093
829;13.07.2023;17:47:04;00:13:48;804,9;738,9;60,5;65,3;27,3;750,0;43,8;0,1;5,42E-2;-541,2;20,00;21,7;21,5;45,11;7,00;0,982;6,1;5,63;1,092
830;13.07.2023;17:47:05;00:13:49;804,3;738,8;60,4;65,2;27,3;750,0;43,8;0,1;5,41E-2;-541,2;20,00;21,8;21,7;45,13;7,02;1,008;6,1;5,61;1,092
831;13.07.2023;17:47:06;00:13:50;803,6;739,8;60,4;65,3;27,3;750,0;43,8;0,1;5,40E-2;-541,2;20,00;21,9;21,8;45,15;7,04;1,026;6,1;5,60;1,091
832;13.07.2023;17:47:07;00:13:51;803,6;739,8;60,4;65,3;27,3;750,0;43,8;0,1;5,39E-2;-541,2;20,00;22,0;21,8;45,17;7,05;1,036;6,1;5,61;1,091
833;13.07.2023;17:47:08;00:13:52;800,1;740,7;60,4;65,5;27,3;747,8;38,1;0,1;5,38E-2;-541,2;20,00;22,0;22,0;45,20;7,08;1,132;0,0;0,02;0,049
834;13.07.2023;17:47:09;00:13:53;789,1;740,7;60,4;65,5;27,3;744,9;38,7;0,1;5,37E-2;-541,2;20,00;22,0;22,0;45,23;7,12;1,258;0,0;0,01;0,049
835;13.07.2023;17:47:10;00:13:54;783,5;741,4;60,4;65,6;27,2;743,4;39,1;0,1;5,35E-2;-541,2;20,00;22,0;22,0;45,25;7,13;1,326;0,0;0,01;0,049
836;13.07.2023;17:47:11;00:13:55;770,6;741,4;60,3;65,7;27,2;740,5;39,8;0,1;5,33E-2;-541,2;20,00;22,0;22,0;45,28;7,16;1,403;0,0;0,01;0,049
837;13.07.2023;17:47:12;00:13:56;758,9;741,5;60,3;65,7;27,1;737,3;40,7;0,1;5,31E-2;-541,2;20,00;22,0;22,0;45,30;7,19;1,401;0,0;0,01;0,049
838;13.07.2023;17:47:13;00:13:57;753,4;741,5;60,1;65,7;27,1;735,9;41,0;0,1;5,29E-2;-541,2;20,00;22,0;22,0;45,31;7,20;1,371;0,0;0,01;0,049
839;13.07.2023;17:47:14;00:13:58;743,1;740,6;60,1;65,8;26,8;733,0;41,7;0,1;5,27E-2;-541,2;20,00;22,0;22,0;45,33;7,22;1,294;0,0;0,01;0,049
840;13.07.2023;17:47:15;00:13:59;732,9;738,3;59,9;65,9;26,6;730,0;42,3;0,1;5,24E-2;-541,2;20,00;22,0;21,9;45,35;7,23;1,177;0,0;0,01;0,048
841;13.07.2023;17:47:16;00:14:00;728,6;738,3;59,9;65,9;26,6;728,6;42,6;0,1;5,23E-2;-541,2;20,00;22,0;21,9;45,36;7,24;1,117;0,0;0,01;0,048
842;13.07.2023;17:47:17;00:14:01;718,5;738,3;59,9;65,9;26,6;725,4;43,2;0,1;5,20E-2;-541,2;20,00;22,0;22,0;45,37;7,26;0,993;0,0;0,01;0,049
843;13.07.2023;17:47:18;00:14:02;714,3;734,0;59,5;65,9;26,5;724,0;43,5;0,1;5,19E-2;-541,2;20,00;22,0;21,9;45,38;7,26;0,940;0,0;0,01;0,048
844;13.07.2023;17:47:19;00:14:03;705,4;734,0;59,0;65,9;26,5;721,0;44,0;0,1;5,16E-2;-541,2;20,00;22,0;22,0;45,39;7,28;0,839;0,0;0,01;0,047
845;13.07.2023;17:47:20;00:14:04;694,1;728,1;59,0;65,9;26,4;718,1;44,7;0,1;5,13E-2;-541,2;20,00;22,0;22,0;45,40;7,29;0,764;0,0;0,01;0,048
846;13.07.2023;17:47:21;00:14:05;690,0;728,1;58,6;65,9;26,4;716,7;45,0;0,1;5,12E-2;-541,2;20,00;22,0;22,0;45,41;7,29;0,732;0,0;0,01;0,049
847;13.07.2023;17:47:22;00:14:06;682,7;720,9;58,6;65,8;26,3;713,7;45,4;0,1;5,08E-2;-541,2;20,00;22,0;22,0;45,42;7,30;0,671;0,0;0,01;0,049
848;13.07.2023;17:47:23;00:14:07;675,1;712,7;58,1;65,7;26,3;710,8;45,9;0,1;5,06E-2;-541,2;20,00;22,0;22,0;45,43;7,31;0,616;0,0;0,01;0,048
849;13.07.2023;17:47:24;00:14:08;671,0;712,7;58,1;65,7;26,3;709,1;46,1;0,1;5,04E-2;-541,2;20,00;22,0;22,0;45,43;7,32;0,588;0,0;0,01;0,049
850;13.07.2023;17:47:25;00:14:09;663,5;712,8;58,2;65,8;26,4;706,2;46,6;0,1;5,01E-2;-541,2;20,00;22,0;22,0;45,44;7,33;0,551;0,0;0,01;0,049
851;13.07.2023;17:47:26;00:14:10;655,9;703,5;57,6;65,5;26,4;703,3;47,0;0,0;4,98E-2;-541,2;20,00;22,0;22,0;45,45;7,34;0,519;0,0;0,01;0,049
852;13.07.2023;17:47:27;00:14:11;651,5;703,5;57,1;65,5;26,4;701,8;47,3;0,0;4,96E-2;-541,2;20,00;22,0;21,9;45,46;7,34;0,515;0,0;0,01;0,049
853;13.07.2023;17:47:28;00:14:12;644,9;693,8;57,1;65,2;26,3;698,9;47,7;0,0;4,94E-2;-541,2;20,00;22,0;22,0;45,47;7,35;0,500;0,0;0,01;0,049
854;13.07.2023;17:47:29;00:14:13;638,1;693,8;56,5;65,2;26,3;696,0;48,1;0,0;4,91E-2;-541,2;20,00;22,0;22,0;45,47;7,36;0,479;0,0;0,01;0,049
855;13.07.2023;17:47:30;00:14:14;634,6;683,9;56,5;64,9;26,3;694,3;48,3;0,0;4,89E-2;-541,2;20,00;22,0;21,9;45,48;7,36;0,461;0,0;0,01;0,049
856;13.07.2023;17:47:31;00:14:15;627,7;683,9;55,9;64,4;26,3;691,4;48,7;0,0;4,86E-2;-541,2;20,00;22,0;21,9;45,49;7,37;0,436;0,0;0,01;0,049
857;13.07.2023;17:47:32;00:14:16;624,5;683,9;55,9;64,4;26,3;689,9;48,8;0,0;4,85E-2;-541,2;20,00;22,0;22,0;45,49;7,38;0,418;0,0;0,01;0,049
858;13.07.2023;17:47:33;00:14:17;618,1;673,8;55,9;64,4;26,3;687,0;49,2;0,0;4,82E-2;-541,2;20,00;22,0;22,0;45,50;7,38;0,398;0,0;0,01;0,049
859;13.07.2023;17:47:34;00:14:18;612,0;664,3;55,4;64,0;26,3;684,1;49,6;0,0;4,79E-2;-541,2;20,00;22,0;22,0;45,50;7,39;0,384;0,0;0,01;0,047
860;13.07.2023;17:47:35;00:14:19;608,5;664,3;55,4;64,0;26,3;682,6;49,8;0,0;4,78E-2;-541,2;20,00;22,0;22,0;45,51;7,39;0,378;0,0;0,01;0,048
861;13.07.2023;17:47:36;00:14:20;602,3;654,8;54,8;63,5;26,3;679,4;50,1;0,0;4,75E-2;-541,2;20,00;22,0;21,9;45,51;7,40;0,352;0,0;0,01;0,049
862;13.07.2023;17:47:37;00:14:21;596,2;654,8;54,3;63,5;26,3;676,5;50,5;0,0;4,72E-2;-541,2;20,00;22,0;22,0;45,52;7,41;0,344;0,0;0,01;0,049
863;13.07.2023;17:47:38;00:14:22;593,2;645,4;54,3;62,9;26,3;675,1;50,7;0,0;4,70E-2;-541,2;20,00;22,0;22,0;45,52;7,41;0,343;0,0;0,01;0,049
864;13.07.2023;17:47:39;00:14:23;587,1;636,0;53,7;62,3;26,3;672,1;51,0;0,0;4,68E-2;-541,2;20,00;22,0;22,0;45,53;7,42;0,340;0,0;0,01;0,048
865;13.07.2023;17:47:40;00:14:24;580,4;636,0;53,7;62,3;26,2;669,2;51,4;0,0;4,65E-2;-541,2;20,00;22,0;22,0;45,54;7,42;0,327;0,0;0,01;0,048
866;13.07.2023;17:47:41;00:14:25;577,6;636,0;53,2;62,3;26,2;667,8;51,6;0,0;4,64E-2;-541,2;20,00;22,0;22,0;45,54;7,42;0,323;0,0;0,01;0,048
867;13.07.2023;17:47:42;00:14:26;571,4;626,7;53,2;61,7;26,2;664,6;51,9;0,0;4,61E-2;-541,2;20,00;22,0;21,9;45,54;7,43;0,320;0,0;0,01;0,049
868;13.07.2023;17:47:43;00:14:27;568,7;626,7;53,2;61,7;26,2;663,1;52,1;0,0;4,60E-2;-541,2;20,00;22,0;21,9;45,55;7,43;0,315;0,0;0,01;0,049
869;13.07.2023;17:47:44;00:14:28;563,2;617,4;52,6;61,0;26,2;660,2;52,4;0,0;4,57E-2;-541,2;20,00;22,0;22,0;45,55;7,44;0,309;0,0;0,01;0,049
870;13.07.2023;17:47:45;00:14:29;557,9;617,3;52,5;60,9;26,1;657,3;52,7;0,0;4,55E-2;-541,2;20,00;22,0;22,0;45,56;7,45;0,298;0,0;0,01;0,049
871;13.07.2023;17:47:46;00:14:30;555,4;607,5;51,9;60,2;26,1;655,8;52,9;0,0;4,53E-2;-541,2;20,00;22,0;22,0;45,56;7,45;0,295;0,0;0,01;0,048
872;13.07.2023;17:47:47;00:14:31;549,7;607,5;51,3;60,2;26,1;652,9;53,2;0,0;4,51E-2;-541,2;20,00;22,0;22,0;45,57;7,45;0,295;0,0;0,01;0,049
873;13.07.2023;17:47:48;00:14:32;544,0;597,9;51,3;59,4;26,1;649,7;53,5;0,0;4,48E-2;-541,2;20,00;22,0;22,0;45,57;7,46;0,286;0,0;0,01;0,049
874;13.07.2023;17:47:49;00:14:33;541,2;597,9;51,3;59,4;26,1;648,3;53,7;0,0;4,47E-2;-541,2;20,00;22,0;22,0;45,58;7,46;0,281;0,0;0,01;0,049
875;13.07.2023;17:47:50;00:14:34;535,7;588,3;50,7;58,6;26,1;645,4;54,0;0,0;4,45E-2;-541,2;20,00;22,0;22,0;45,58;7,47;0,269;0,0;0,01;0,049
876;13.07.2023;17:47:51;00:14:35;530,9;588,3;50,2;57,8;26,1;642,4;54,3;0,0;4,42E-2;-541,2;20,00;22,0;22,0;45,58;7,47;0,260;0,0;0,01;0,049
877;13.07.2023;17:47:52;00:14:36;528,0;588,3;50,2;57,8;26,1;641,0;54,5;0,0;4,41E-2;-541,2;20,00;22,0;22,1;45,59;7,47;0,258;0,0;0,01;0,049
878;13.07.2023;17:47:53;00:14:37;522,9;578,8;50,2;57,8;26,1;638,1;54,7;0,0;4,39E-2;-541,2;20,00;22,0;22,0;45,59;7,48;0,254;0,0;0,01;0,049
879;13.07.2023;17:47:54;00:14:38;517,2;570,1;49,7;57,1;26,1;634,9;55,1;0,0;4,36E-2;-541,2;20,00;22,0;22,0;45,60;7,48;0,253;0,0;0,01;0,049
880;13.07.2023;17:47:55;00:14:39;514,8;570,1;49,2;57,1;26,1;633,4;55,2;0,0;4,35E-2;-541,2;20,00;22,0;21,9;45,60;7,49;0,251;0,0;0,01;0,049
881;13.07.2023;17:47:56;00:14:40;509,6;561,5;49,2;56,3;26,1;630,5;55,5;0,0;4,34E-2;-541,2;20,00;22,0;22,0;45,61;7,49;0,248;0,0;0,01;0,049
882;13.07.2023;17:47:57;00:14:41;507,0;561,5;48,6;56,3;26,1;629,1;55,7;0,0;4,33E-2;-541,2;20,00;22,0;22,0;45,61;7,49;0,246;0,0;0,01;0,049
883;13.07.2023;17:47:58;00:14:42;502,1;553,1;48,6;55,6;26,1;626,1;56,0;0,0;4,31E-2;-541,2;20,00;22,0;21,9;45,61;7,50;0,239;0,0;0,00;0,049
884;13.07.2023;17:47:59;00:14:43;497,3;544,7;48,2;54,8;26,1;623,2;56,2;0,0;4,29E-2;-541,2;20,00;22,0;22,0;45,62;7,50;0,243;0,0;0,01;0,048
885;13.07.2023;17:48:00;00:14:44;494,5;544,7;48,2;54,8;26,0;621,8;56,4;0,0;4,28E-2;-541,2;20,00;22,0;22,0;45,62;7,51;0,243;0,0;0,01;0,049
886;13.07.2023;17:48:01;00:14:45;489,7;544,7;47,7;54,0;26,0;618,6;56,7;0,0;4,26E-2;-541,2;20,00;22,0;22,0;45,62;7,51;0,230;0,0;0,01;0,048
887;13.07.2023;17:48:02;00:14:46;484,5;536,5;47,7;54,0;26,0;615,7;57,0;0,0;4,23E-2;-541,2;20,00;22,0;22,0;45,63;7,51;0,225;0,0;0,01;0,049
888;13.07.2023;17:48:03;00:14:47;482,1;536,5;47,7;54,0;26,0;614,2;57,1;0,0;4,22E-2;-541,2;20,00;22,0;22,0;45,63;7,52;0,220;0,0;0,01;0,046
889;13.07.2023;17:48:04;00:14:48;477,3;528,0;47,1;53,2;26,0;611,3;57,4;0,0;4,21E-2;-541,2;20,00;22,0;22,0;45,63;7,52;0,212;0,0;0,01;0,049
890;13.07.2023;17:48:05;00:14:49;472,5;528,1;47,2;53,3;26,1;608,4;57,7;0,0;4,18E-2;-541,2;20,00;22,0;22,1;45,64;7,52;0,209;0,0;0,01;0,049
891;13.07.2023;17:48:06;00:14:50;470,3;528,1;46,7;52,5;26,1;606,9;57,9;0,0;4,18E-2;-541,2;20,00;22,0;22,1;45,64;7,53;0,207;0,0;0,01;0,049
892;13.07.2023;17:48:07;00:14:51;465,5;519,2;46,7;52,5;26,1;603,8;58,1;0,0;4,16E-2;-541,2;20,00;22,0;22,0;45,64;7,53;0,204;0,0;0,01;0,049
893;13.07.2023;17:48:08;00:14:52;460,7;510,4;46,2;51,6;26,1;600,8;58,4;0,0;4,14E-2;-541,2;20,00;22,0;22,0;45,65;7,53;0,201;0,0;0,01;0,049
894;13.07.2023;17:48:09;00:14:53;458,4;510,4;46,2;51,6;26,1;599,4;58,6;0,0;4,13E-2;-541,2;20,00;22,0;22,0;45,65;7,54;0,201;0,0;0,01;0,049
895;13.07.2023;17:48:10;00:14:54;453,9;501,8;45,7;50,8;26,1;596,5;58,8;0,0;4,11E-2;-541,2;20,00;22,0;22,0;45,65;7,54;0,201;0,0;0,01;0,049
896;13.07.2023;17:48:11;00:14:55;451,7;501,8;45,7;50,8;26,0;595,0;59,0;0,0;4,10E-2;-541,2;20,00;22,0;22,0;45,66;7,54;0,201;0,0;0,00;0,049
897;13.07.2023;17:48:12;00:14:56;447,1;493,5;45,2;50,0;26,0;592,1;59,3;0,0;4,08E-2;-541,2;20,00;22,0;22,0;45,66;7,55;0,197;0,0;0,01;0,049
898;13.07.2023;17:48:13;00:14:57;441,9;493,5;45,2;50,0;26,0;588,9;59,6;0,0;4,06E-2;-541,2;20,00;22,0;22,1;45,66;7,55;0,198;0,0;0,01;0,049
899;13.07.2023;17:48:14;00:14:58;439,7;485,9;44,8;49,3;26,0;587,4;59,7;0,0;4,05E-2;-541,2;20,00;22,0;22,1;45,67;7,55;0,199;0,0;0,01;0,049
900;13.07.2023;17:48:15;00:14:59;435,4;485,9;44,4;48,6;26,0;584,5;59,9;0,0;4,04E-2;-541,2;20,00;22,0;22,0;45,67;7,56;0,194;0,0;0,01;0,049
901;13.07.2023;17:48:16;00:15:00;431,1;478,4;44,4;48,6;26,0;581,6;60,2;0,0;4,02E-2;-541,2;20,00;22,0;22,0;45,67;7,56;0,192;0,0;0,01;0,049
902;13.07.2023;17:48:17;00:15:01;428,6;478,4;44,4;48,6;26,0;580,1;60,3;0,0;4,01E-2;-541,2;20,00;22,0;22,0;45,68;7,56;0,193;0,0;0,00;0,049
903;13.07.2023;17:48:18;00:15:02;424,5;471,0;44,0;47,9;26,0;577,2;60,6;0,0;4,00E-2;-541,2;20,00;22,0;22,0;45,68;7,57;0,186;0,0;0,01;0,049
904;13.07.2023;17:48:19;00:15:03;419,6;471,0;43,5;47,2;26,0;574,1;60,9;0,0;3,99E-2;-541,2;20,00;22,0;22,0;45,68;7,57;0,180;0,0;0,01;0,049
905;13.07.2023;17:48:20;00:15:04;417,6;463,7;43,5;47,2;26,0;572,6;61,0;0,0;3,98E-2;-541,2;20,00;22,0;22,0;45,68;7,57;0,176;0,0;0,01;0,049
906;13.07.2023;17:48:21;00:15:05;413,5;463,7;43,5;47,2;26,0;569,7;61,3;0,0;3,97E-2;-541,2;20,00;22,0;22,0;45,69;7,58;0,176;0,0;0,01;0,049
907;13.07.2023;17:48:22;00:15:06;411,4;456,5;43,1;46,5;26,0;568,2;61,4;0,0;3,96E-2;-541,2;20,00;22,0;22,0;45,69;7,58;0,178;0,0;0,01;0,049
908;13.07.2023;17:48:23;00:15:07;407,3;456,5;42,7;46,5;26,0;565,3;61,7;0,0;3,95E-2;-541,2;20,00;22,0;22,0;45,69;7,58;0,174;0,0;0,01;0,049
909;13.07.2023;17:48:24;00:15:08;403,2;449,3;42,7;45,9;26,0;562,4;61,9;0,0;3,93E-2;-541,2;20,00;22,0;22,0;45,70;7,58;0,169;0,0;0,01;0,049
910;13.07.2023;17:48:25;00:15:09;400,4;449,3;42,7;45,9;26,0;560,7;62,0;0,0;3,93E-2;-541,2;20,00;22,0;22,0;45,70;7,58;0,167;0,0;0,01;0,049
911;13.07.2023;17:48:26;00:15:10;396,9;441,8;42,3;45,2;26,0;557,8;62,3;0,0;3,91E-2;-541,2;20,00;22,0;22,0;45,70;7,59;0,170;0,0;0,01;0,049
912;13.07.2023;17:48:27;00:15:11;392,6;441,8;41,9;45,2;25,9;554,8;62,5;0,0;3,89E-2;-541,2;20,00;22,0;22,0;45,70;7,59;0,168;0,0;0,01;0,049
913;13.07.2023;17:48:28;00:15:12;390,8;441,8;41,9;44,5;25,9;553,4;62,6;0,0;3,89E-2;-541,2;20,00;22,0;22,0;45,71;7,59;0,170;0,0;0,01;0,049
914;13.07.2023;17:48:29;00:15:13;386,6;434,4;41,9;44,5;25,9;550,5;62,9;0,0;3,87E-2;-541,2;20,00;22,0;22,0;45,71;7,60;0,167;0,0;0,01;0,049
915;13.07.2023;17:48:30;00:15:14;382,6;427,0;41,5;43,9;25,9;547,5;63,1;0,0;3,86E-2;-541,2;20,00;22,0;22,1;45,71;7,60;0,166;0,0;0,01;0,049
916;13.07.2023;17:48:31;00:15:15;380,0;427,0;41,1;43,9;25,9;545,8;63,3;0,0;3,85E-2;-541,2;20,00;22,0;22,1;45,71;7,60;0,165;0,0;0,01;0,049
917;13.07.2023;17:48:32;00:15:16;376,4;419,8;41,1;43,3;25,9;542,9;63,5;0,0;3,83E-2;-541,2;20,00;22,0;22,0;45,72;7,60;0,160;0,0;0,01;0,049
918;13.07.2023;17:48:33;00:15:17;372,3;419,8;40,8;43,3;25,9;540,0;63,8;0,0;3,82E-2;-541,2;20,00;22,0;22,0;45,72;7,61;0,156;0,0;0,01;0,049
919;13.07.2023;17:48:34;00:15:18;370,5;413,1;40,8;42,7;25,9;538,5;63,9;0,0;3,81E-2;-541,2;20,00;22,0;22,0;45,72;7,61;0,154;0,0;0,01;0,049
920;13.07.2023;17:48:35;00:15:19;366,8;413,1;40,5;42,1;25,9;535,6;64,1;0,0;3,80E-2;-541,2;20,00;22,0;22,0;45,72;7,61;0,152;0,0;0,00;0,049
921;13.07.2023;17:48:36;00:15:20;364,7;413,1;40,5;42,1;25,9;534,2;64,2;0,0;3,79E-2;-541,2;20,00;22,0;22,0;45,73;7,61;0,148;0,0;0,01;0,049
922;13.07.2023;17:48:37;00:15:21;360,6;406,6;40,5;42,1;25,9;531,0;64,5;0,0;3,77E-2;-541,2;20,00;22,0;22,0;45,73;7,62;0,144;0,0;0,01;0,049
923;13.07.2023;17:48:38;00:15:22;356,5;400,1;40,1;41,6;25,8;528,1;64,7;0,0;3,76E-2;-541,2;20,00;22,0;21,9;45,73;7,62;0,144;0,0;0,01;0,049
924;13.07.2023;17:48:39;00:15:23;355,1;400,1;40,1;41,6;25,8;526,6;64,8;0,0;3,75E-2;-541,2;20,00;22,0;21,9;45,73;7,62;0,145;0,0;0,01;0,049
925;13.07.2023;17:48:40;00:15:24;351,6;393,7;39,8;41,1;25,8;523,7;65,0;0,0;3,74E-2;-541,2;20,00;22,0;22,0;45,74;7,62;0,145;0,0;0,01;0,049
926;13.07.2023;17:48:41;00:15:25;347,6;393,7;39,5;41,1;25,8;520,8;65,2;0,0;3,72E-2;-541,2;20,00;22,0;22,0;45,74;7,63;0,141;0,0;0,01;0,049
927;13.07.2023;17:48:42;00:15:26;345,6;387,4;39,5;40,6;25,8;519,3;65,3;0,0;3,72E-2;-541,2;20,00;22,0;22,1;45,74;7,63;0,142;0,0;0,01;0,049
928;13.07.2023;17:48:43;00:15:27;342,0;381,1;39,1;40,1;25,8;516,1;65,6;0,0;3,71E-2;-541,2;20,00;22,0;22,0;45,74;7,63;0,141;0,0;0,01;0,049
929;13.07.2023;17:48:44;00:15:28;337,9;381,1;39,1;40,1;25,8;513,2;65,8;0,0;3,69E-2;-541,2;20,00;22,0;21,9;45,75;7,63;0,139;0,0;0,01;0,049
930;13.07.2023;17:48:45;00:15:29;336,2;381,1;39,1;40,0;25,8;511,8;65,9;0,0;3,69E-2;-541,2;20,00;22,0;22,0;45,75;7,63;0,137;0,0;0,01;0,049
931;13.07.2023;17:48:46;00:15:30;332,4;374,5;38,7;39,5;25,8;508,8;66,1;0,0;3,68E-2;-541,2;20,00;22,0;22,0;45,75;7,64;0,144;0,0;0,01;0,049
932;13.07.2023;17:48:47;00:15:31;329,0;374,5;38,4;39,5;25,7;505,9;66,3;0,0;3,66E-2;-541,2;20,00;22,0;22,0;45,75;7,64;0,141;0,0;0,01;0,049
933;13.07.2023;17:48:48;00:15:32;326,9;368,0;38,4;39,0;25,7;504,5;66,5;0,0;3,66E-2;-541,2;20,00;22,0;21,9;45,75;7,64;0,137;0,0;0,01;0,049
934;13.07.2023;17:48:49;00:15:33;323,5;368,0;38,4;39,0;25,7;501,3;66,7;0,0;3,64E-2;-541,2;20,00;22,0;22,0;45,76;7,64;0,133;0,0;0,01;0,049
935;13.07.2023;17:48:50;00:15:34;321,4;368,0;38,1;38,5;25,7;499,8;66,8;0,0;3,64E-2;-541,2;20,00;22,0;22,0;45,76;7,64;0,132;0,0;0,01;0,049
936;13.07.2023;17:48:51;00:15:35;318,7;361,4;38,1;38,5;25,7;496,9;67,0;0,0;3,63E-2;-541,2;20,00;22,0;22,1;45,76;7,65;0,125;0,0;0,00;0,049
937;13.07.2023;17:48:52;00:15:36;314,9;354,8;37,7;38,0;25,7;494,0;67,2;0,0;3,62E-2;-541,2;20,00;22,0;22,0;45,76;7,65;0,129;0,0;0,01;0,049
938;13.07.2023;17:48:53;00:15:37;313,2;354,8;37,7;38,0;25,7;492,5;67,3;0,0;3,61E-2;-541,2;20,00;22,0;22,1;45,76;7,65;0,131;0,0;0,01;0,049
939;13.07.2023;17:48:54;00:15:38;309,8;348,8;37,4;37,6;25,7;489,6;67,5;0,0;3,60E-2;-541,2;20,00;22,0;22,0;45,77;7,65;0,130;0,0;0,01;0,049
940;13.07.2023;17:48:55;00:15:39;306,3;348,8;37,1;37,6;25,7;486,5;67,7;0,0;3,59E-2;-541,2;20,00;22,0;21,9;45,77;7,66;0,123;0,0;0,01;0,049
941;13.07.2023;17:48:56;00:15:40;304,4;348,8;37,1;37,1;25,7;485,0;67,8;0,0;3,59E-2;-541,2;20,00;22,0;21,9;45,77;7,66;0,121;0,0;0,01;0,049
942;13.07.2023;17:48:57;00:15:41;301,4;342,8;37,1;37,1;25,6;482,1;68,0;0,0;3,57E-2;-541,2;20,00;22,0;21,9;45,77;7,66;0,121;0,0;0,01;0,049
943;13.07.2023;17:48:58;00:15:42;298,1;337,1;36,9;36,7;25,6;479,2;68,2;0,0;3,56E-2;-541,2;20,00;22,0;21,9;45,78;7,66;0,123;0,0;0,01;0,049
944;13.07.2023;17:48:59;00:15:43;296,6;337,1;36,9;36,7;25,6;477,7;68,3;0,0;3,56E-2;-541,2;20,00;22,0;22,0;45,78;7,66;0,123;0,0;0,01;0,049
945;13.07.2023;17:49:00;00:15:44;293,3;331,5;36,6;36,3;25,6;474,8;68,5;0,0;3,55E-2;-541,2;20,00;22,0;22,0;45,78;7,67;0,123;0,0;0,01;0,049
946;13.07.2023;17:49:01;00:15:45;291,2;331,5;36,6;36,3;25,6;473,3;68,6;0,0;3,54E-2;-541,2;20,00;22,0;22,0;45,78;7,67;0,120;0,0;0,01;0,049
947;13.07.2023;17:49:02;00:15:46;287,9;326,0;36,3;35,9;25,6;470,2;68,8;0,0;3,53E-2;-541,2;20,00;22,0;22,0;45,78;7,67;0,121;0,0;0,01;0,049
948;13.07.2023;17:49:03;00:15:47;285,0;326,0;36,1;35,6;25,6;467,2;69,0;0,0;3,52E-2;-541,2;20,00;22,0;22,0;45,79;7,67;0,124;0,0;0,01;0,049
949;13.07.2023;17:49:04;00:15:48;283,1;326,0;36,1;35,6;25,6;465,8;69,1;0,0;3,52E-2;-541,2;20,00;22,0;22,0;45,79;7,67;0,120;0,0;0,00;0,049
950;13.07.2023;17:49:05;00:15:49;280,2;320,6;36,1;35,6;25,6;462,9;69,3;0,0;3,51E-2;-541,2;20,00;22,0;22,0;45,79;7,68;0,121;0,0;0,01;0,049
951;13.07.2023;17:49:06;00:15:50;276,8;320,6;35,8;35,2;25,6;459,9;69,4;0,0;3,50E-2;-541,2;20,00;22,0;22,1;45,79;7,68;0,121;0,0;0,01;0,049
952;13.07.2023;17:49:07;00:15:51;275,4;314,8;35,8;35,2;25,6;458,5;69,5;0,0;3,49E-2;-541,2;20,00;22,0;22,0;45,79;7,68;0,118;0,0;0,01;0,049
953;13.07.2023;17:49:08;00:15:52;272,0;309,1;35,6;34,8;25,6;455,3;69,8;0,0;3,48E-2;-541,2;20,00;22,0;22,0;45,79;7,68;0,114;0,0;0,01;0,048
954;13.07.2023;17:49:09;00:15:53;268,5;309,1;35,6;34,8;25,6;452,4;69,9;0,0;3,47E-2;-541,2;20,00;22,0;22,0;45,80;7,68;0,110;0,0;0,00;0,049
955;13.07.2023;17:49:10;00:15:54;267,2;303,5;35,3;34,5;25,6;450,9;70,0;0,0;3,47E-2;-541,2;20,00;22,0;22,0;45,80;7,68;0,107;0,0;0,01;0,049
956;13.07.2023;17:49:11;00:15:55;263,7;303,5;35,3;34,5;25,6;448,0;70,2;0,0;3,46E-2;-541,2;20,00;22,0;22,0;45,80;7,69;0,106;0,0;0,01;0,049
957;13.07.2023;17:49:12;00:15:56;260,2;298,0;35,0;34,1;25,5;445,1;70,5;0,0;3,45E-2;-541,2;20,00;22,0;22,0;45,80;7,69;0,111;0,0;0,01;0,049
958;13.07.2023;17:49:13;00:15:57;258,2;298,0;35,0;34,1;25,5;443,4;70,5;0,0;3,44E-2;-541,2;20,00;22,0;21,9;45,80;7,69;0,111;0,0;0,01;0,049
959;13.07.2023;17:49:14;00:15:58;255,0;292,9;34,8;33,8;25,5;440,5;70,7;0,0;3,44E-2;-541,2;20,00;22,0;22,0;45,81;7,69;0,111;0,0;0,01;0,049
960;13.07.2023;17:49:15;00:15:59;254,1;292,9;34,8;33,8;25,5;439,0;70,8;0,0;3,43E-2;-541,2;20,00;22,0;22,0;45,81;7,69;0,113;0,0;0,01;0,049
961;13.07.2023;17:49:16;00:16:00;250,0;287,9;34,6;33,5;25,5;436,1;71,1;0,0;3,42E-2;-541,2;20,00;22,0;21,9;45,81;7,70;0,110;0,0;0,01;0,049
962;13.07.2023;17:49:17;00:16:01;250,0;287,9;34,6;33,5;25,5;433,2;71,0;0,0;3,42E-2;-541,2;20,00;22,0;22,0;45,81;7,70;0,111;0,0;0,01;0,049
963;13.07.2023;17:49:18;00:16:02;250,0;282,9;34,3;33,2;25,5;431,7;71,0;0,0;3,41E-2;-541,2;20,00;22,0;22,0;45,81;7,70;0,109;0,0;0,01;0,049
964;13.07.2023;17:49:19;00:16:03;250,0;282,9;34,1;32,9;25,5;428,6;70,8;0,0;3,40E-2;-541,2;20,00;22,0;22,0;45,81;7,70;0,109;0,0;0,01;0,049
965;13.07.2023;17:49:20;00:16:04;250,0;278,0;34,1;32,9;25,5;425,6;70,7;0,0;3,39E-2;-541,2;20,00;22,0;22,0;45,82;7,70;0,107;0,0;0,01;0,049
966;13.07.2023;17:49:21;00:16:05;250,0;278,0;34,1;32,9;25,5;424,2;70,7;0,0;3,39E-2;-541,2;20,00;22,0;22,0;45,82;7,70;0,108;0,0;0,01;0,049
967;13.07.2023;17:49:22;00:16:06;250,0;273,1;33,9;32,6;25,5;421,3;70,6;0,0;3,38E-2;-541,2;20,00;22,0;22,0;45,82;7,71;0,106;0,0;0,00;0,049
968;13.07.2023;17:49:23;00:16:07;250,0;268,3;33,7;32,3;25,5;418,3;70,5;0,0;3,37E-2;-541,2;20,00;22,0;22,0;45,82;7,71;0,109;0,0;0,01;0,049
969;13.07.2023;17:49:24;00:16:08;250,0;268,3;33,7;32,3;25,5;416,9;70,4;0,0;3,37E-2;-541,2;20,00;22,0;22,0;45,82;7,71;0,105;0,0;0,01;0,049
970;13.07.2023;17:49:25;00:16:09;250,0;268,4;33,7;32,3;25,5;413,7;70,3;0,0;3,36E-2;-541,2;20,00;22,0;22,0;45,82;7,71;0,102;0,0;0,00;0,048
971;13.07.2023;17:49:26;00:16:10;250,0;263,3;33,4;32,0;25,5;410,8;70,2;0,0;3,35E-2;-541,2;20,00;22,0;22,0;45,83;7,71;0,104;0,0;0,01;0,049
972;13.07.2023;17:49:27;00:16:11;250,0;263,3;33,4;32,0;25,4;409,3;70,1;0,0;3,35E-2;-541,2;20,00;22,0;21,9;45,83;7,71;0,102;0,0;0,01;0,048
973;13.07.2023;17:49:28;00:16:12;250,0;258,3;33,2;31,7;25,4;406,4;70,0;0,0;3,34E-2;-541,2;20,00;22,0;22,0;45,83;7,72;0,102;0,0;0,01;0,048
974;13.07.2023;17:49:29;00:16:13;250,0;258,3;33,2;31,7;25,4;404,9;70,0;0,0;3,33E-2;-541,2;20,00;22,0;22,0;45,83;7,72;0,100;0,0;0,01;0,049
975;13.07.2023;17:49:30;00:16:14;250,0;253,4;33,0;31,4;25,4;402,0;69,8;0,0;3,33E-2;-541,2;20,00;22,0;22,0;45,83;7,72;0,101;0,0;0,01;0,048
976;13.07.2023;17:49:31;00:16:15;250,0;253,4;32,8;31,4;25,4;398,9;69,7;0,0;3,32E-2;-541,2;20,00;22,0;22,0;45,83;7,72;0,101;0,0;0,01;0,048
977;13.07.2023;17:49:32;00:16:16;250,0;253,4;32,8;31,1;25,4;397,4;69,6;0,0;3,32E-2;-541,2;20,00;22,0;22,0;45,84;7,72;0,100;0,0;0,00;0,048
978;13.07.2023;17:49:33;00:16:17;250,0;248,5;32,8;31,1;25,4;394,5;69,5;0,0;3,31E-2;-541,2;20,00;22,0;21,9;45,84;7,72;0,095;0,0;0,01;0,049
979;13.07.2023;17:49:34;00:16:18;250,0;244,0;32,6;30,9;25,4;391,6;69,4;0,0;3,30E-2;-541,2;20,00;22,0;22,0;45,84;7,73;0,095;0,0;0,01;0,049
980;13.07.2023;17:49:35;00:16:19;250,0;244,0;32,6;30,9;25,4;390,1;69,3;0,0;3,29E-2;-541,2;20,00;22,0;22,0;45,84;7,73;0,092;0,0;0,00;0,046
981;13.07.2023;17:49:36;00:16:20;250,0;239,4;32,4;30,6;25,3;387,2;69,2;0,0;3,29E-2;-541,2;20,00;22,0;22,0;45,84;7,73;0,088;0,0;0,01;0,047
982;13.07.2023;17:49:37;00:16:21;250,0;239,4;32,2;30,6;25,3;384,0;69,0;0,0;3,28E-2;-541,2;20,00;22,0;22,0;45,84;7,73;0,092;0,0;0,01;0,049
983;13.07.2023;17:49:38;00:16:22;250,0;235,0;32,2;30,4;25,3;382,6;68,9;0,0;3,28E-2;-541,2;20,00;22,0;22,0;45,84;7,73;0,088;0,0;0,00;0,046
984;13.07.2023;17:49:39;00:16:23;250,0;235,0;32,0;30,4;25,3;379,6;68,8;0,0;3,27E-2;-541,2;20,00;22,0;22,0;45,85;7,73;0,089;0,0;0,01;0,049
985;13.07.2023;17:49:40;00:16:24;250,0;235,0;32,0;30,4;25,3;378,2;68,7;0,0;3,27E-2;-541,2;20,00;22,0;22,0;45,85;7,73;0,088;0,0;0,00;0,048
986;13.07.2023;17:49:41;00:16:25;250,0;230,5;32,0;30,1;25,3;375,3;68,6;0,0;3,26E-2;-541,2;20,00;22,0;22,0;45,85;7,74;0,089;0,0;0,01;0,046
987;13.07.2023;17:49:42;00:16:26;250,0;226,1;31,8;29,9;25,3;372,3;68,4;0,0;3,25E-2;-541,2;20,00;22,0;22,1;45,85;7,74;0,089;0,0;0,01;0,048
988;13.07.2023;17:49:43;00:16:27;250,0;226,1;31,8;29,9;25,3;370,9;68,4;0,0;3,25E-2;-541,2;20,00;22,0;22,0;45,85;7,74;0,088;0,0;0,01;0,049
989;13.07.2023;17:49:44;00:16:28;250,0;221,9;31,6;29,7;25,3;367,7;68,2;0,0;3,24E-2;-541,2;20,00;22,0;22,0;45,85;7,74;0,086;0,0;0,00;0,048
990;13.07.2023;17:49:45;00:16:29;250,0;221,9;31,6;29,7;25,3;364,8;68,0;0,0;3,23E-2;-541,2;20,00;22,0;22,1;45,86;7,74;0,090;0,0;0,01;0,049
991;13.07.2023;17:49:46;00:16:30;250,0;221,9;31,4;29,6;25,3;363,3;68,0;0,0;3,23E-2;-541,2;20,00;22,0;22,1;45,86;7,74;0,086;0,0;0,00;0,049
992;13.07.2023;17:49:47;00:16:31;250,0;217,5;31,4;29,4;25,3;360,4;67,8;0,0;3,22E-2;-541,2;20,00;22,0;22,0;45,86;7,74;0,081;0,0;0,01;0,049
993;13.07.2023;17:49:48;00:16:32;250,0;213,1;31,2;29,2;25,2;357,5;67,6;0,0;3,21E-2;-541,2;20,00;22,0;22,0;45,86;7,75;0,080;0,0;0,00;0,049
994;13.07.2023;17:49:49;00:16:33;250,0;213,1;31,2;29,2;25,2;356,0;67,6;0,0;3,21E-2;-541,2;20,00;22,0;22,0;45,86;7,75;0,084;0,0;0,00;0,049
995;13.07.2023;17:49:50;00:16:34;250,0;213,1;31,0;29,0;25,2;352,9;67,4;0,0;3,21E-2;-541,2;20,00;22,0;22,0;45,86;7,75;0,081;0,0;0,01;0,047
996;13.07.2023;17:49:51;00:16:35;250,0;208,8;31,0;29,0;25,2;350,0;67,2;0,0;3,20E-2;-541,2;20,00;22,0;22,0;45,86;7,75;0,081;0,0;0,00;0,049
997;13.07.2023;17:49:52;00:16:36;250,0;208,8;30,8;28,7;25,2;348,5;67,1;0,0;3,19E-2;-541,2;20,00;22,0;22,0;45,86;7,75;0,080;0,0;0,01;0,048
998;13.07.2023;17:49:53;00:16:37;250,0;204,5;30,8;28,7;25,2;345,6;66,9;0,0;3,19E-2;-541,2;20,00;22,0;22,0;45,86;7,75;0,080;0,0;0,00;0,046
999;13.07.2023;17:49:54;00:16:38;250,0;200,6;30,6;28,5;25,2;344,1;66,9;0,0;3,19E-2;-541,2;20,00;22,0;21,9;45,87;7,75;0,078;0,0;0,01;0,048
1000;13.07.2023;17:49:55;00:16:39;250,0;200,6;30,6;28,5;25,2;341,2;66,7;0,0;3,18E-2;-541,2;20,00;22,0;22,0;45,87;7,75;0,078;0,0;0,01;0,049
1001;13.07.2023;17:49:56;00:16:40;250,0;196,8;30,5;28,3;25,2;338,0;66,5;0,0;3,17E-2;-541,2;20,00;22,0;22,0;45,87;7,76;0,077;0,0;0,00;0,048
1002;13.07.2023;17:49:57;00:16:41;250,0;196,8;30,5;28,3;25,2;336,6;66,4;0,0;3,17E-2;-541,2;20,00;22,0;22,0;45,87;7,76;0,076;0,0;0,01;0,049
1003;13.07.2023;17:49:58;00:16:42;250,0;193,0;30,3;28,1;25,2;333,7;66,2;0,0;3,16E-2;-541,2;20,00;22,0;22,0;45,87;7,76;0,076;0,0;0,01;0,049
1004;13.07.2023;17:49:59;00:16:43;250,0;193,0;30,1;28,1;25,2;330,7;66,0;0,0;3,15E-2;-541,2;20,00;22,0;22,0;45,87;7,76;0,076;0,0;0,01;0,048
1005;13.07.2023;17:50:00;00:16:44;250,0;193,0;30,1;28,1;25,2;329,3;65,9;0,0;3,15E-2;-541,2;20,00;22,0;21,9;45,87;7,76;0,076;0,0;0,01;0,048
1006;13.07.2023;17:50:01;00:16:45;250,0;189,3;30,1;27,9;25,1;326,4;65,7;0,0;3,15E-2;-541,2;20,00;22,0;22,0;45,88;7,76;0,075;0,0;0,00;0,048
1007;13.07.2023;17:50:02;00:16:46;250,0;185,6;29,9;27,7;25,1;323,2;65,5;0,0;3,14E-2;-541,2;20,00;22,0;22,0;45,88;7,76;0,076;0,0;0,01;0,046
1008;13.07.2023;17:50:03;00:16:47;250,0;185,6;29,9;27,7;25,1;321,7;65,4;0,0;3,13E-2;-541,2;20,00;22,0;22,0;45,88;7,76;0,077;0,0;0,00;0,049
1009;13.07.2023;17:50:04;00:16:48;250,0;182,0;29,8;27,6;25,1;318,8;65,2;0,0;3,13E-2;-541,2;20,00;22,0;22,0;45,88;7,76;0,076;0,0;0,01;0,048
1010;13.07.2023;17:50:05;00:16:49;250,0;182,0;29,8;27,6;25,1;315,9;65,0;0,0;3,12E-2;-541,2;20,00;22,0;21,9;45,88;7,77;0,073;0,0;0,01;0,049
1011;13.07.2023;17:50:06;00:16:50;250,0;182,0;29,7;27,6;25,1;314,4;64,9;0,0;3,12E-2;-541,2;20,00;22,0;22,0;45,88;7,77;0,074;0,0;0,01;0,049
1012;13.07.2023;17:50:07;00:16:51;250,0;178,2;29,7;27,4;25,1;311,5;64,7;0,0;3,12E-2;-541,2;20,00;22,0;22,0;45,88;7,77;0,075;0,0;0,00;0,049
1013;13.07.2023;17:50:08;00:16:52;250,0;178,2;29,5;27,4;25,1;309,8;64,6;0,0;3,11E-2;-541,2;20,00;22,0;22,0;45,88;7,77;0,076;0,0;0,00;0,049
1014;13.07.2023;17:50:09;00:16:53;250,0;174,5;29,5;27,2;25,1;306,9;64,4;0,0;3,10E-2;-541,2;20,00;22,0;22,0;45,88;7,77;0,067;0,0;0,00;0,049
1015;13.07.2023;17:50:10;00:16:54;250,0;174,5;29,3;27,0;25,1;304,0;64,2;0,0;3,10E-2;-541,2;20,00;22,0;22,0;45,89;7,77;0,066;0,0;0,01;0,049
1016;13.07.2023;17:50:11;00:16:55;250,0;170,8;29,3;27,0;25,1;302,5;64,1;0,0;3,09E-2;-541,2;20,00;22,0;22,0;45,89;7,77;0,069;0,0;0,00;0,049
1017;13.07.2023;17:50:12;00:16:56;250,0;167,1;29,1;26,8;25,1;299,6;63,9;0,0;3,09E-2;-541,2;20,00;22,0;22,0;45,89;7,77;0,068;0,0;0,01;0,049
1018;13.07.2023;17:50:13;00:16:57;250,0;167,1;29,1;26,8;25,1;296,7;63,7;0,0;3,09E-2;-541,2;20,00;22,0;21,9;45,89;7,78;0,066;0,0;0,01;0,048
1019;13.07.2023;17:50:14;00:16:58;250,0;163,8;29,0;26,7;25,1;295,0;63,5;0,0;3,08E-2;-541,2;20,00;22,0;21,9;45,89;7,78;0,062;0,0;0,01;0,048
1020;13.07.2023;17:50:15;00:16:59;250,0;163,8;28,8;26,7;25,1;292,0;63,3;0,0;3,08E-2;-541,2;20,00;22,0;22,0;45,89;7,78;0,068;0,0;0,00;0,048
1021;13.07.2023;17:50:16;00:17:00;250,0;160,4;28,8;26,5;25,0;289,1;63,1;0,0;3,07E-2;-541,2;20,00;22,0;22,0;45,89;7,78;0,069;0,0;0,00;0,048
1022;13.07.2023;17:50:17;00:17:01;250,0;160,4;28,8;26,5;25,0;287,7;63,0;0,0;3,06E-2;-541,2;20,00;22,0;22,0;45,89;7,78;0,072;0,0;0,00;0,049
1023;13.07.2023;17:50:18;00:17:02;250,0;157,2;28,7;26,3;25,0;284,7;62,8;0,0;3,06E-2;-541,2;20,00;22,0;21,9;45,89;7,78;0,067;0,0;0,01;0,049
1024;13.07.2023;17:50:19;00:17:03;250,0;157,2;28,7;26,3;25,0;283,3;62,6;0,0;3,06E-2;-541,2;20,00;22,0;21,9;45,90;7,78;0,068;0,0;0,01;0,049
1025;13.07.2023;17:50:20;00:17:04;250,0;154,0;28,5;26,2;25,0;280,1;62,4;0,0;3,05E-2;-541,2;20,00;22,0;22,0;45,90;7,78;0,062;0,0;0,01;0,049
1026;13.07.2023;17:50:21;00:17:05;250,0;154,0;28,5;26,2;25,0;277,2;62,2;0,0;3,05E-2;-541,2;20,00;22,0;22,1;45,90;7,78;0,067;0,0;0,00;0,049
1027;13.07.2023;17:50:22;00:17:06;250,0;150,6;28,4;26,0;25,0;275,7;62,0;0,0;3,05E-2;-541,2;20,00;22,0;22,0;45,90;7,79;0,063;0,0;0,01;0,049
1028;13.07.2023;17:50:23;00:17:07;250,0;150,6;28,2;26,0;25,0;272,8;61,8;0,0;3,04E-2;-541,2;20,00;22,0;21,9;45,90;7,79;0,065;0,0;0,01;0,049
1029;13.07.2023;17:50:24;00:17:08;250,0;147,4;28,2;25,8;25,0;269,9;61,6;0,0;3,04E-2;-541,2;20,00;22,0;22,0;45,90;7,79;0,065;0,0;0,00;0,049
1030;13.07.2023;17:50:25;00:17:09;250,0;147,4;28,2;25,8;25,0;268,4;61,4;0,0;3,04E-2;-541,2;20,00;22,0;22,0;45,90;7,79;0,066;0,0;0,01;0,048
1031;13.07.2023;17:50:26;00:17:10;250,0;147,5;28,3;25,9;25,0;265,3;61,2;0,0;3,03E-2;-541,2;20,00;22,0;22,1;45,90;7,79;0,068;0,0;0,00;0,048
1032;13.07.2023;17:50:27;00:17:11;250,0;144,1;28,1;25,7;25,0;262,4;60,9;0,0;3,03E-2;-541,2;20,00;22,0;22,0;45,90;7,79;0,066;0,0;0,00;0,049
1033;13.07.2023;17:50:28;00:17:12;250,0;144,1;27,9;25,5;25,0;260,9;60,8;0,0;3,03E-2;-541,2;20,00;22,0;21,9;45,91;7,79;0,065;0,0;0,00;0,049
1034;13.07.2023;17:50:29;00:17:13;250,0;140,7;27,9;25,5;25,0;258,0;60,5;0,0;3,02E-2;-541,2;20,00;22,0;22,1;45,91;7,79;0,064;0,0;0,01;0,047
1035;13.07.2023;17:50:30;00:17:14;250,0;140,7;27,8;25,4;25,0;255,1;60,3;0,0;3,01E-2;-541,2;20,00;22,0;22,0;45,91;7,79;0,059;0,0;0,01;0,049
1036;13.07.2023;17:50:31;00:17:15;250,0;137,6;27,8;25,4;25,0;253,6;60,2;0,0;3,01E-2;-541,2;20,00;22,0;21,9;45,91;7,79;0,054;0,0;0,01;0,049
1037;13.07.2023;17:50:32;00:17:16;250,0;134,5;27,7;25,3;25,0;250,4;59,9;0,0;3,01E-2;-541,2;20,00;22,0;22,0;45,91;7,80;0,057;0,0;0,01;0,049
1038;13.07.2023;17:50:33;00:17:17;250,0;134,5;27,7;25,3;25,0;249,0;59,8;0,0;3,01E-2;-541,2;20,00;22,0;22,0;45,91;7,80;0,056;0,0;0,01;0,049
1039;13.07.2023;17:50:34;00:17:18;250,0;134,5;27,5;25,1;25,0;246,1;59,5;0,0;3,00E-2;-541,2;20,00;22,0;22,0;45,91;7,80;0,053;0,0;0,01;0,048
1040;13.07.2023;17:50:35;00:17:19;250,0;131,6;27,5;25,1;24,9;243,1;59,2;0,0;3,00E-2;-541,2;20,00;22,0;22,0;45,91;7,80;0,051;0,0;0,00;0,048
1041;13.07.2023;17:50:36;00:17:20;250,0;131,6;27,4;25,1;24,9;241,7;59,1;0,0;3,00E-2;-541,2;20,00;22,0;22,0;45,91;7,80;0,051;0,0;0,00;0,046
1042;13.07.2023;17:50:37;00:17:21;250,0;128,8;27,4;25,0;24,9;238,8;58,8;0,0;2,99E-2;-541,2;20,00;22,0;22,0;45,91;7,80;0,049;0,0;0,01;0,049
1043;13.07.2023;17:50:38;00:17:22;250,0;126,1;27,3;24,9;24,9;235,6;58,5;0,0;2,99E-2;-541,2;20,00;22,0;22,0;45,91;7,80;0,050;0,0;0,01;0,048
1044;13.07.2023;17:50:39;00:17:23;250,0;126,1;27,3;24,9;24,9;234,1;58,4;0,0;2,99E-2;-541,2;20,00;22,0;22,1;45,91;7,80;0,056;0,0;0,01;0,049
1045;13.07.2023;17:50:40;00:17:24;250,0;123,4;27,2;24,7;24,9;231,2;58,1;0,0;2,98E-2;-541,2;20,00;22,0;22,1;45,92;7,80;0,052;0,0;0,01;0,049
1046;13.07.2023;17:50:41;00:17:25;250,0;123,4;27,2;24,7;24,9;228,3;57,9;0,0;2,98E-2;-541,2;20,00;22,0;22,0;45,92;7,80;0,045;0,0;0,00;0,048
1047;13.07.2023;17:50:42;00:17:26;250,0;120,8;27,0;24,6;24,9;226,8;57,7;0,0;2,97E-2;-541,2;20,00;22,0;21,9;45,92;7,80;0,044;0,0;0,00;0,049
1048;13.07.2023;17:50:43;00:17:27;250,0;120,8;26,9;24,6;24,9;223,9;57,4;0,0;2,97E-2;-541,2;20,00;22,0;21,9;45,92;7,80;0,044;0,0;0,00;0,048
1049;13.07.2023;17:50:44;00:17:28;250,0;118,3;26,9;24,4;24,9;220,7;57,1;0,0;2,97E-2;-541,2;20,00;22,0;22,0;45,92;7,81;0,048;0,0;0,01;0,049
1050;13.07.2023;17:50:45;00:17:29;250,0;118,3;26,9;24,4;24,8;219,3;57,0;0,0;2,97E-2;-541,2;20,00;22,0;22,0;45,92;7,81;0,052;0,0;0,01;0,049
1051;13.07.2023;17:50:46;00:17:30;250,0;118,2;26,7;24,4;24,8;216,4;56,7;0,0;2,96E-2;-541,2;20,00;22,0;21,9;45,92;7,81;0,048;0,0;0,01;0,049
1052;13.07.2023;17:50:47;00:17:31;250,0;115,5;26,7;24,2;24,8;214,9;56,5;0,0;2,96E-2;-541,2;20,00;22,0;21,9;45,92;7,81;0,049;0,0;0,01;0,049
1053;13.07.2023;17:50:48;00:17:32;250,0;112,8;26,6;24,1;24,8;212,0;56,3;0,0;2,96E-2;-541,2;20,00;22,0;22,0;45,92;7,81;0,053;0,0;0,00;0,049
1054;13.07.2023;17:50:49;00:17:33;250,0;112,8;26,6;24,1;24,7;209,1;56,0;0,0;2,95E-2;-541,2;20,00;22,0;21,9;45,92;7,81;0,048;0,0;0,00;0,049
1055;13.07.2023;17:50:50;00:17:34;250,0;112,8;26,4;24,1;24,7;207,6;55,8;0,0;2,95E-2;-541,2;20,00;22,0;22,0;45,92;7,81;0,046;0,0;0,01;0,049
1056;13.07.2023;17:50:51;00:17:35;250,0;110,3;26,4;24,0;24,7;204,4;55,5;0,0;2,94E-2;-541,2;20,00;22,0;22,0;45,92;7,81;0,046;0,0;0,01;0,048
1057;13.07.2023;17:50:52;00:17:36;250,0;107,7;26,3;23,8;24,7;201,5;55,2;0,0;2,94E-2;-541,2;20,00;22,0;22,0;45,92;7,81;0,046;0,0;0,01;0,049
1058;13.07.2023;17:50:53;00:17:37;250,0;107,7;26,3;23,8;24,7;200,1;55,0;0,0;2,94E-2;-541,2;20,00;22,0;22,1;45,93;7,81;0,044;0,0;0,01;0,049
1059;13.07.2023;17:50:54;00:17:38;250,0;107,7;26,2;23,7;24,7;197,1;54,7;0,0;2,93E-2;-541,2;20,00;22,0;21,9;45,93;7,81;0,041;0,0;0,00;0,049
1060;13.07.2023;17:50:55;00:17:39;250,0;105,4;26,2;23,7;24,7;194,2;54,4;0,0;2,93E-2;-541,2;20,00;22,0;22,0;45,93;7,81;0,043;0,0;0,00;0,049
1061;13.07.2023;17:50:56;00:17:40;250,0;105,4;26,1;23,7;24,7;192,8;54,3;0,0;2,93E-2;-541,2;20,00;22,0;22,0;45,93;7,81;0,044;0,0;0,01;0,049
1062;13.07.2023;17:50:57;00:17:41;250,0;103,1;26,1;23,6;24,7;189,6;53,9;0,0;2,92E-2;-541,2;20,00;22,0;22,0;45,93;7,82;0,046;0,0;0,00;0,049
1063;13.07.2023;17:50:58;00:17:42;250,0;100,9;25,9;23,5;24,7;188,1;53,8;0,0;2,92E-2;-541,2;20,00;22,0;22,0;45,93;7,82;0,048;0,0;0,00;0,049
1064;13.07.2023;17:50:59;00:17:43;250,0;100,9;25,9;23,5;24,7;185,2;53,5;0,0;2,91E-2;-541,2;20,00;22,0;22,0;45,93;7,82;0,047;0,0;0,01;0,049
1065;13.07.2023;17:51:00;00:17:44;250,0;98,8;25,8;23,4;24,6;182,3;53,1;0,0;2,91E-2;-541,2;20,00;22,0;22,0;45,93;7,82;0,047;0,0;0,01;0,048
1066;13.07.2023;17:51:01;00:17:45;250,0;98,8;25,8;23,4;24,6;180,8;53,0;0,0;2,91E-2;-541,2;20,00;22,0;22,0;45,93;7,82;0,040;0,0;0,00;0,046
1067;13.07.2023;17:51:02;00:17:46;250,0;96,6;25,7;23,2;24,6;177,9;52,7;0,0;2,90E-2;-541,2;20,00;22,0;22,0;45,93;7,82;0,042;0,0;0,00;0,046
1068;13.07.2023;17:51:03;00:17:47;250,0;96,6;25,6;23,1;24,6;174,8;52,3;0,0;2,90E-2;-541,2;20,00;22,0;22,0;45,93;7,82;0,039;0,0;0,01;0,049
1069;13.07.2023;17:51:04;00:17:48;250,0;96,6;25,6;23,1;24,6;173,3;52,1;0,0;2,90E-2;-541,2;20,00;22,0;22,0;45,93;7,82;0,041;0,0;0,01;0,048
1070;13.07.2023;17:51:05;00:17:49;250,0;94,6;25,6;23,1;24,6;170,4;51,8;0,0;2,89E-2;-541,2;20,00;22,0;22,0;45,93;7,82;0,042;0,0;0,01;0,047
1071;13.07.2023;17:51:06;00:17:50;250,0;94,6;25,5;23,1;24,6;167,5;51,5;0,0;2,89E-2;-541,2;20,00;22,0;22,1;45,93;7,82;0,043;0,0;0,01;0,046
1072;13.07.2023;17:51:07;00:17:51;250,0;92,4;25,5;23,0;24,6;166,0;51,3;0,0;2,88E-2;-541,2;20,00;22,0;22,0;45,93;7,82;0,042;0,0;0,00;0,048
1073;13.07.2023;17:51:08;00:17:52;250,0;92,4;25,4;22,9;24,6;163,1;51,0;0,0;2,88E-2;-541,2;20,00;22,0;22,0;45,94;7,82;0,039;0,0;0,01;0,049
1074;13.07.2023;17:51:09;00:17:53;250,0;90,2;25,4;22,9;24,6;159,9;50,6;0,0;2,87E-2;-541,2;20,00;22,0;22,0;45,94;7,82;0,037;0,0;0,01;0,048
1075;13.07.2023;17:51:10;00:17:54;250,0;90,2;25,4;22,9;24,6;158,5;50,4;0,0;2,87E-2;-541,2;20,00;22,0;22,0;45,94;7,82;0,036;0,0;0,01;0,049
1076;13.07.2023;17:51:11;00:17:55;250,0;88,1;25,2;22,8;24,6;155,5;50,1;0,0;2,87E-2;-541,2;20,00;22,0;22,0;45,94;7,82;0,039;0,0;0,01;0,049
1077;13.07.2023;17:51:12;00:17:56;250,0;88,1;25,2;22,8;24,6;154,1;49,9;0,0;2,87E-2;-541,2;20,00;22,0;22,1;45,94;7,83;0,037;0,0;0,01;0,049
1078;13.07.2023;17:51:13;00:17:57;250,0;86,0;25,1;22,6;24,5;151,2;49,6;0,0;2,86E-2;-541,2;20,00;22,0;21,9;45,94;7,82;0,031;0,0;0,00;0,049
1079;13.07.2023;17:51:14;00:17:58;250,0;86,0;25,0;22,6;24,5;148,2;49,2;0,0;2,86E-2;-541,2;20,00;22,0;22,0;45,94;7,83;0,030;0,0;0,01;0,048
1080;13.07.2023;17:51:15;00:17:59;250,0;84,1;25,0;22,5;24,5;146,5;49,0;0,0;2,86E-2;-541,2;20,00;22,0;22,0;45,94;7,83;0,032;0,0;0,01;0,049
1081;13.07.2023;17:51:16;00:18:00;250,0;82,3;24,9;22,5;24,5;143,6;48,7;0,0;2,85E-2;-541,2;20,00;22,0;22,0;45,94;7,83;0,035;0,0;0,01;0,049
1082;13.07.2023;17:51:17;00:18:01;250,0;82,3;24,9;22,5;24,5;140,7;48,3;0,0;2,85E-2;-541,2;20,00;22,0;22,0;45,94;7,83;0,035;0,0;0,01;0,048
1083;13.07.2023;17:51:18;00:18:02;250,0;82,3;24,8;22,4;24,5;139,2;48,1;0,0;2,85E-2;-541,2;20,00;22,0;22,0;45,94;7,83;0,036;0,0;0,01;0,047
1084;13.07.2023;17:51:19;00:18:03;250,0;80,6;24,8;22,4;24,5;136,3;47,8;0,0;2,84E-2;-541,2;20,00;22,0;22,0;45,94;7,83;0,036;0,0;0,01;0,049
1085;13.07.2023;17:51:20;00:18:04;250,0;78,9;24,7;22,3;24,5;133,4;47,4;0,0;2,84E-2;-541,2;20,00;22,0;22,0;45,94;7,83;0,038;0,0;0,01;0,049
1086;13.07.2023;17:51:21;00:18:05;250,0;78,9;24,7;22,3;24,5;131,7;47,2;0,0;2,84E-2;-541,2;20,00;22,0;21,9;45,94;7,83;0,036;0,0;0,01;0,049
1087;13.07.2023;17:51:22;00:18:06;250,0;77,2;24,6;22,2;24,5;128,8;46,9;0,0;2,83E-2;-541,2;20,00;22,0;22,0;45,94;7,83;0,035;0,0;0,00;0,049
1088;13.07.2023;17:51:23;00:18:07;250,0;77,2;24,6;22,2;24,5;125,8;46,5;0,0;2,83E-2;-541,2;20,00;22,0;22,0;45,94;7,83;0,033;0,0;0,01;0,049
1089;13.07.2023;17:51:24;00:18:08;250,0;77,2;24,5;22,1;24,5;124,4;46,3;0,0;2,83E-2;-541,2;20,00;22,0;22,0;45,95;7,83;0,033;0,0;0,01;0,049
1090;13.07.2023;17:51:25;00:18:09;250,0;75,6;24,5;22,1;24,4;121,5;45,9;0,0;2,82E-2;-541,2;20,00;22,0;22,0;45,95;7,83;0,036;0,0;0,01;0,049
1091;13.07.2023;17:51:26;00:18:10;250,0;75,7;24,5;22,1;24,5;120,0;45,7;0,0;2,82E-2;-541,2;20,00;22,0;22,0;45,95;7,83;0,034;0,0;0,00;0,049
1092;13.07.2023;17:51:27;00:18:11;250,0;74,0;24,4;22,0;24,5;116,8;45,3;0,0;2,82E-2;-541,2;20,00;22,0;22,0;45,95;7,83;0,035;0,0;0,00;0,049
1093;13.07.2023;17:51:28;00:18:12;250,0;72,3;24,3;21,9;24,5;113,9;45,0;0,0;2,81E-2;-541,2;20,00;22,0;21,9;45,95;7,83;0,029;0,0;0,01;0,049
1094;13.07.2023;17:51:29;00:18:13;250,0;72,3;24,3;21,9;24,5;112,5;44,8;0,0;2,81E-2;-541,2;20,00;22,0;22,0;45,95;7,83;0,027;0,0;0,01;0,049
1095;13.07.2023;17:51:30;00:18:14;250,0;72,3;24,2;21,9;24,4;109,5;44,4;0,0;2,81E-2;-541,2;20,00;22,0;22,0;45,95;7,83;0,025;0,0;0,01;0,049
1096;13.07.2023;17:51:31;00:18:15;250,0;70,7;24,2;21,8;24,4;106,6;44,0;0,0;2,80E-2;-541,2;20,00;22,0;22,1;45,95;7,84;0,032;0,0;0,01;0,049
1097;13.07.2023;17:51:32;00:18:16;250,0;70,7;24,1;21,8;24,4;105,2;43,8;0,0;2,80E-2;-541,2;20,00;22,0;22,0;45,95;7,84;0,030;0,0;0,01;0,049
1098;13.07.2023;17:51:33;00:18:17;250,0;69,2;24,1;21,7;24,4;102,0;43,4;0,0;2,80E-2;-541,2;20,00;22,0;21,9;45,95;7,84;0,028;0,0;0,01;0,049
1099;13.07.2023;17:51:34;00:18:18;250,0;69,2;24,0;21,7;24,4;99,1;43,0;0,0;2,79E-2;-541,2;20,00;22,0;22,0;45,95;7,84;0,027;0,0;0,00;0,049
1100;13.07.2023;17:51:35;00:18:19;250,0;67,8;24,0;21,7;24,4;97,6;42,8;0,0;2,79E-2;-541,2;20,00;22,0;22,0;45,95;7,84;0,029;0,0;0,01;0,049
1101;13.07.2023;17:51:36;00:18:20;250,0;66,4;23,9;21,6;24,4;94,7;42,4;0,0;2,79E-2;-541,2;20,00;22,0;21,9;45,95;7,84;0,028;0,0;0,00;0,049
1102;13.07.2023;17:51:37;00:18:21;250,0;66,4;23,9;21,6;24,4;93,2;42,2;0,0;2,78E-2;-541,2;20,00;22,0;22,0;45,95;7,84;0,030;0,0;0,00;0,049
1103;13.07.2023;17:51:38;00:18:22;250,0;66,4;23,8;21,5;24,4;90,3;41,8;0,0;2,78E-2;-541,2;20,00;22,0;22,1;45,95;7,84;0,027;0,0;0,00;0,049
1104;13.07.2023;17:51:39;00:18:23;250,0;65,0;23,8;21,5;24,4;87,2;41,4;0,0;2,78E-2;-541,2;20,00;22,0;22,0;45,95;7,84;0,027;0,0;0,00;0,049
1105;13.07.2023;17:51:40;00:18:24;250,0;65,0;23,7;21,5;24,4;85,7;41,2;0,0;2,78E-2;-541,2;20,00;22,0;21,9;45,95;7,84;0,026;0,0;0,00;0,049
1106;13.07.2023;17:51:41;00:18:25;250,0;63,7;23,7;21,4;24,4;82,8;40,7;0,0;2,77E-2;-541,2;20,00;22,0;22,0;45,95;7,84;0,025;0,0;0,00;0,049
1107;13.07.2023;17:51:42;00:18:26;250,0;62,4;23,7;21,3;24,4;79,9;40,3;0,0;2,77E-2;-541,2;20,00;22,0;22,0;45,95;7,84;0,022;0,0;0,00;0,049
1108;13.07.2023;17:51:43;00:18:27;250,0;62,4;23,7;21,3;24,3;78,4;40,1;0,0;2,77E-2;-541,2;20,00;22,0;22,0;45,95;7,84;0,021;0,0;0,01;0,049
1109;13.07.2023;17:51:44;00:18:28;250,0;61,2;23,6;21,3;24,3;75,5;39,7;0,0;2,76E-2;-541,2;20,00;22,0;22,0;45,95;7,84;0,021;0,0;0,00;0,049
1110;13.07.2023;17:51:45;00:18:29;250,0;61,2;23,6;21,3;24,3;72,3;39,3;0,0;2,76E-2;-541,2;20,00;22,0;22,1;45,95;7,84;0,023;0,0;0,01;0,049
1111;13.07.2023;17:51:46;00:18:30;250,0;61,2;23,6;21,3;24,3;70,9;39,1;0,0;2,76E-2;-541,2;20,00;22,0;22,1;45,95;7,84;0,024;0,0;0,01;0,049
1112;13.07.2023;17:51:47;00:18:31;250,0;59,9;23,5;21,2;24,3;67,9;38,6;0,0;2,75E-2;-541,2;20,00;22,0;22,0;45,95;7,84;0,021;0,0;0,01;0,049
1113;13.07.2023;17:51:48;00:18:32;250,0;58,6;23,4;21,1;24,3;65,0;38,2;0,0;2,75E-2;-541,2;20,00;22,0;22,0;45,96;7,84;0,021;0,0;0,00;0,049
1114;13.07.2023;17:51:49;00:18:33;250,0;58,6;23,4;21,1;24,3;63,6;38,0;0,0;2,75E-2;-541,2;20,00;22,0;22,1;45,96;7,84;0,025;0,0;0,01;0,049
1115;13.07.2023;17:51:50;00:18:34;250,0;58,6;23,3;21,1;24,3;60,6;37,6;0,0;2,75E-2;-541,2;20,00;22,0;22,0;45,96;7,84;0,024;0,0;0,01;0,049
1116;13.07.2023;17:51:51;00:18:35;250,0;57,4;23,3;21,0;24,3;59,2;37,4;0,0;2,75E-2;-541,2;20,00;22,0;22,0;45,96;7,84;0,025;0,0;0,01;0,049
1117;13.07.2023;17:51:52;00:18:36;250,0;57,4;23,2;20,9;24,3;56,0;36,9;0,0;2,74E-2;-541,2;20,00;22,0;22,0;45,96;7,84;0,023;0,0;0,01;0,049
1118;13.07.2023;17:51:53;00:18:37;250,0;56,2;23,2;20,9;24,3;53,1;36,5;0,0;2,74E-2;-541,2;20,00;22,0;22,0;45,96;7,84;0,021;0,0;0,00;0,049
1119;13.07.2023;17:51:54;00:18:38;250,0;56,2;23,2;20,9;24,3;51,6;36,2;0,0;2,74E-2;-541,2;20,00;22,0;22,0;45,96;7,84;0,022;0,0;0,00;0,049
1120;13.07.2023;17:51:55;00:18:39;250,0;55,1;23,1;20,9;24,3;48,7;35,8;0,0;2,74E-2;-541,2;20,00;22,0;21,9;45,96;7,84;0,019;0,0;0,01;0,049
1121;13.07.2023;17:51:56;00:18:40;250,0;54,0;23,0;20,8;24,3;45,8;35,4;0,0;2,73E-2;-541,2;20,00;22,0;22,0;45,96;7,84;0,021;0,0;0,01;0,048
1122;13.07.2023;17:51:57;00:18:41;250,0;54,0;23,0;20,8;24,3;44,3;35,2;0,0;2,73E-2;-541,2;20,00;22,0;22,0;45,96;7,84;0,019;0,0;0,01;0,048
1123;13.07.2023;17:51:58;00:18:42;250,0;54,0;23,0;20,8;24,2;41,2;34,7;0,0;2,72E-2;-541,2;20,00;22,0;21,9;45,96;7,85;0,017;0,0;0,00;0,049
1124;13.07.2023;17:51:59;00:18:43;250,0;53,0;23,0;20,7;24,2;38,2;34,2;0,0;2,72E-2;-541,2;20,00;22,0;22,0;45,96;7,85;0,023;0,0;0,00;0,049
1125;13.07.2023;17:52:00;00:18:44;250,0;53,0;22,9;20,7;24,2;36,8;34,0;0,0;2,72E-2;-541,2;20,00;22,0;22,0;45,96;7,85;0,019;0,0;0,01;0,049
1126;13.07.2023;17:52:01;00:18:45;250,0;51,9;22,9;20,7;24,2;33,9;33,6;0,0;2,72E-2;-541,2;20,00;22,0;22,0;45,96;7,85;0,021;0,0;0,00;0,049
1127;13.07.2023;17:52:02;00:18:46;250,0;51,9;22,8;20,6;24,2;30,9;33,1;0,0;2,71E-2;-541,2;20,00;22,0;21,9;45,96;7,85;0,020;0,0;0,00;0,049
1128;13.07.2023;17:52:03;00:18:47;250,0;51,0;22,8;20,6;24,2;29,5;32,9;0,0;2,71E-2;-541,2;20,00;22,0;22,0;45,96;7,85;0,017;0,0;0,01;0,048
1129;13.07.2023;17:52:04;00:18:48;250,0;50,1;22,8;20,6;24,2;26,3;32,4;0,0;2,71E-2;-541,2;20,00;22,0;22,0;45,96;7,85;0,018;0,0;0,00;0,049
1130;13.07.2023;17:52:05;00:18:49;250,0;50,1;22,8;20,6;24,2;24,9;32,1;0,0;2,71E-2;-541,2;20,00;22,0;22,0;45,96;7,85;0,017;0,0;0,01;0,049
1131;13.07.2023;17:52:06;00:18:50;250,0;50,1;22,8;20,6;24,2;21,9;31,7;0,0;2,71E-2;-541,2;20,00;22,0;21,9;45,96;7,85;0,018;0,0;0,01;0,049
1132;13.07.2023;17:52:07;00:18:51;250,0;49,1;22,7;20,5;24,2;20,0;0,0;0,0;2,70E-2;-541,2;20,00;3,0;21,4;44,93;7,85;0,017;0,0;0,00;0,049
