
Comment,Time Stamp (sec),Temperature (K),Magnetic Field (Oe),Moment (emu),M. Std. Err. (emu),Transport Action,Averaging Time (sec),Frequency (Hz),Peak Amplitude (mm),Center Position (mm),Coil Signal' (mV),Coil Signal" (mV),Range (mV),M. Quad. Signal (emu),M. Raw' (emu),M. Raw" (emu),Min. Temperature (K),Max. Temperature (K),Min. Field (Oe),Max. Field (Oe),Mass (grams),Motor Lag (deg),Pressure (Torr),VSM Status (code),Motor Status (code),Measure Status (code),Measure Count,PPMS Status (code),System Temp. (K),System Field (Oe),Sample Position (deg),Bridge 1 Resistance (ohms),Bridge 1 Excitation (µA),Bridge 2 Resistance (ohms),Bridge 2 Excitation (µA),Bridge 3 Resistance (ohms),Bridge 3 Excitation (µA),Bridge 4 Resistance (ohms),Bridge 4 Excitation (µA),Signal 1 Vin (V),Signal 2 Vin (V),Digital Inputs (code),Drive 1 Iout (mA),Drive 1 Ipower (W),Drive 2 Iout (mA),Drive 2 Ipower (W),Pressure (),Map 20 (),Map 21 (),Map 22 (),Map 23 (),Map 24 (),Map 25 (),Map 26 (),Map 27 (),Map 28 (),Map 29 ()
,16775859.33,300.000885,-0.112487182021141,,,2,,,,19.2300002360344,,,,,,,300.000885,300.000885,-0.112487182021141,-0.112487182021141,,,7.396941,,,,-99999999,4369,299.9662,-0.112487182021141,,,,,,,,,,,,,,,,,,,,,,,300.000885,,,,
sample offset = 33.83 mm touchdown = 12.6900002360344 mm,16775895.39,300.00125125,0.202476933598518,0.0636895711537188,7.3374976289748E-5,1,0.999253354069792,40.0298881530762,1.99962099940732,19.2200001329184,0.350480232797348,0.0498896576805272,250,-0.00267362941661743,0.0636878153287151,-0.00240555177263798,300.0010071,300.0014954,0.179979503154755,0.224974364042282,55.2189283695828,20.6071442065893,8.512546,0,0,0,40,4417,299.9637,0.202476933598518,,,,,,,,,,,,,0,,,,10.01856045,,,,,,300.00125125,,,,
,16775909.125,300.0039063,29.5063810348511,0.064300427023692,5.99898239428121E-5,1,0.999253354069792,40.0298881530762,1.99987107077318,19.2200001329184,0.3534963571486,0.0524692721823053,250,-0.00231565806348704,0.0642970364213783,-0.00204508328045967,300.0039063,300.0039063,24.9830226898193,34.0297393798828,55.0524414949866,20.6121364722865,7.396941,0,0,0,40,4449,299.9597,29.5063810348511,,,,,,,,,,,,,0,,,,10.3212967,,,,,,300.0039063,,,,
,16775909.72,300.0041199,79.773796081543,0.0683995318814807,0.000543012154636342,1,0.999253354069792,40.0298881530762,1.9998771316209,19.2300006747246,0.375825890368532,0.0569290382436922,250,-0.00225915806937464,0.0683950672467944,-0.00197137743313636,300.0039063,300.0043335,34.0297393798828,125.517852783203,55.1431104032174,20.6122973940246,8.512546,0,0,0,40,4449,299.96035,79.773796081543,,,,,,,,,,,,,0,,,,10.11914585,,,,,,300.0041199,,,,
,16775910.72,300.00483705,162.399681091309,0.0984638889602896,0.00234147037820729,1,0.999253354069792,40.0298881530762,1.99985645710621,19.2200001329184,0.539969915859762,0.0875656048279702,250,-0.00222399524709433,0.0984531409284519,-0.00180993937361404,300.0043335,300.0053406,125.517852783203,199.281509399414,55.1141901480058,20.6133904526103,9.256284,0,0,0,40,4449,299.96295,162.399681091309,,,,,,,,,,,,,0,,,,10.0678482,,,,,,300.00483705,,,,
,16775911.685,300.0047455,249.056434631348,0.175967005796906,0.00475082264420642,1,0.999253354069792,40.0298881530762,1.99979025054187,19.2200001329184,0.962988793618679,0.167121628426746,250,-0.00202683613856337,0.17593961718535,-0.00128726868900168,300.0041504,300.0053406,199.281509399414,298.831359863281,55.1368573750635,20.6131205220021,8.512546,0,0,0,40,4449,299.96275,249.056434631348,,,,,,,,,,,,,0,,,,10.16791395,,,,,,300.0047455,,,,
,16775912.75,300.00439455,347.284072875977,0.296181418050463,0.0060048635778361,1,0.999253354069792,40.0298881530762,1.99991345461996,19.2200001329184,1.62019086238424,0.285489762249577,250,-0.00264615940090302,0.296132107690204,-0.00140150386173763,300.0041504,300.0046387,298.831359863281,395.736785888672,55.0274293823712,20.613046254731,7.396941,0,0,0,40,4449,299.9614,347.284072875977,,,,,,,,,,,,,0,,,,10.16791395,,,,,,300.00439455,,,,
,16775913.72,300.0044556,441.237380981445,0.431897558469724,0.00628339864640117,1,0.999253354069792,40.0298881530762,1.99993938969332,19.2200001329184,2.36179775178526,0.420767746682628,250,-0.00304279417582966,0.431822226448427,-0.00122799541476639,300.0042725,300.0046387,395.736785888672,486.737976074219,55.1220064331981,20.6109278048551,7.396941,0,0,0,40,4449,299.96185,441.237380981445,,,,,,,,,,,,,0,,,,10.2187014,,,,,,300.0044556,,,,
,16775914.76,300.0040436,547.514373779297,0.569357283110928,0.00619336153677876,1,0.999253354069792,40.0298881530762,1.99993534479878,19.2300006747246,3.11307829612848,0.556846837582646,250,-0.0036151914446196,0.569256322107076,-0.0012228981511434,300.0038147,300.0042725,486.737976074219,608.290771484375,55.1853183432558,20.6128121945203,8.512546,0,0,0,40,4449,299.9618,547.514373779297,,,,,,,,,,,,,0,,,,10.16791395,,,,,,300.0040436,,,,
,16775915.88,300.0036316,658.676391601562,0.703255746350904,0.00600965420387395,1,0.999253354069792,40.0298881530762,1.9999710583759,19.2200001329184,3.84504480323764,0.688990431024567,250,-0.00425017244926188,0.703130150421156,-0.00129533688211737,300.0034485,300.0038147,608.290771484375,709.06201171875,55.2970912215058,20.6118654609004,7.396941,0,0,0,40,4449,299.9613,658.676391601562,,,,,,,,,,,,,0,,,,10.16791395,,,,,,300.0036316,,,,
,16775916.83,300.00376895,754.098236083984,0.833859708480285,0.00588594617385084,1,0.999253354069792,40.0298881530762,1.99998954576907,19.2200001329184,4.5586396445921,0.819768956357674,250,-0.00452378036232524,0.833708617656874,-0.00102030141403512,300.0034485,300.0040894,709.06201171875,799.134460449219,55.1884448573328,20.6146800945312,8.512546,0,0,0,40,4449,299.95955,754.098236083984,,,,,,,,,,,,,0,,,,10.2187014,,,,,,300.00376895,,,,
,16775917.89,300.0033112,864.287994384766,0.961925348518247,0.00578924348615979,1,0.999253354069792,40.0298881530762,1.999995403215,19.2300006747246,5.25882102735957,0.945444696521246,250,-0.00526037022256013,0.961751247135583,-0.00121883784833087,300.002533,300.0040894,799.134460449219,929.441528320312,55.1954795140058,20.6113915275207,7.396941,0,0,0,40,4449,299.95875,864.287994384766,,,,,,,,,,,,,0,,,,10.16791395,,,,,,300.0033112,,,,
,16775918.93,300.00395205,969.370880126953,1.08805627737783,0.00573843125278918,1,0.999253354069792,40.0298881530762,1.99994477443068,19.2200001329184,5.94819456984985,1.06957206282565,250,-0.00591641939757595,1.08785918407596,-0.00134499945998851,300.002533,300.0053711,929.441528320312,1009.30023193359,55.2845851651982,20.6081168415209,9.256284,0,0,0,40,4449,299.9589,969.370880126953,,,,,,,,,,,,,0,,,,10.1171265,,,,,,300.00395205,,,,
,16775919.905,300.0049591,1064.35299682617,1.21314089408944,0.00567041146331923,1,0.999253354069792,40.0298881530762,1.99986913879566,19.2200001329184,6.63125981177232,1.19520358878885,250,-0.00609921687554558,1.21291901299309,-0.00100240954869038,300.0045471,300.0053711,1009.30023193359,1119.40576171875,55.2556649099866,20.6115333294788,8.884414,0,0,0,40,4449,299.95915,1064.35299682617,,,,,,,,,,,,,0,,,,10.2192116,,,,,,300.0049591,,,,
,16775921.11,300.0048523,1184.31817626953,1.45899511770167,0.00556352589831287,1,0.999253354069792,40.0298881530762,1.9999638162815,19.2200001329184,7.97519727066199,1.43919718968531,250,-0.00702245347051426,1.45872696646969,-0.000892841801572702,300.0045471,300.0051575,1119.40576171875,1249.23059082031,55.2525383959097,20.6130600085038,8.884414,0,0,0,40,4449,299.9583,1184.31817626953,,,,,,,,,,,,,0,,,,10.2192116,,,,,,300.0048523,,,,
,16775922.275,300.0046692,1304.19439697266,1.58003808944061,0.00548901313852754,1,0.999253354069792,40.0298881530762,1.99991713218452,19.2200001329184,8.63665036620487,1.55855538077686,250,-0.00760625651260723,1.57974771216329,-0.000968165756641157,300.0041809,300.0051575,1249.23059082031,1359.158203125,55.2822402796405,20.6120652288267,8.512546,0,0,0,40,4449,299.9575,1304.19439697266,,,,,,,,,,,,,0,,,,10.01706075,,,,,,300.0046692,,,,
,16775923.28,300.0044861,1399.21063232422,1.68536358280253,0.00537461542924039,1,0.999253354069792,40.0298881530762,1.99987025094155,19.2300006747246,9.21289765901863,1.65843235466015,250,-0.00884175771887001,1.68505692467436,-0.00176107274507774,300.0041809,300.0047913,1359.158203125,1439.26306152344,55.1235696902366,20.6105799361206,9.256284,0,0,0,40,4449,299.957,1399.21063232422,,,,,,,,,,,,,0,,,,9.916995,,,,,,300.0044861,,,,
,16775924.275,300.00447085,1492.76617431641,1.80032418483439,0.00638674044133777,1,0.999253354069792,40.0298881530762,1.99990878631215,19.2300006747246,9.84005628663234,1.77940164833986,250,-0.00801424623122745,1.79999060946256,-0.000450959162785997,300.0041504,300.0047913,1439.26306152344,1546.26928710938,55.118098290602,20.6130108122599,8.884414,0,0,0,40,4449,299.95765,1492.76617431641,,,,,,,,,,,,,0,,,,10.11914585,,,,,,300.00447085,,,,
,16775925.3,300.004303,1602.53344726562,1.93220833245094,0.00569898383105282,1,0.999253354069792,40.0298881530762,2.00000211001048,19.2200001329184,10.5610964883196,1.91135676808236,250,-0.00832348883701352,1.93184917709688,-0.000206326523235221,300.0041504,300.0044556,1546.26928710938,1658.79760742187,55.1470185458135,20.6124941317603,8.512546,0,0,0,40,4449,299.95875,1602.53344726562,,,,,,,,,,,,,0,,,,10.11914585,,,,,,300.004303,,,,
,16775926.335,300.00494385,1709.09741210938,2.05318444487063,0.00538593745963903,1,0.999253354069792,40.0298881530762,2.00003166580257,19.2300006747246,11.2225634280333,2.03066676075114,250,-0.00891596160975175,2.05280305722969,-0.000290603632780214,300.0044556,300.0054321,1658.79760742187,1759.39721679687,55.1931346284481,20.61323194402,7.396941,0,0,0,40,4449,299.95715,1709.09741210938,,,,,,,,,,,,,0,,,,10.0678482,,,,,,300.00494385,,,,
,16775927.405,300.0049896,1814.33557128906,2.16949359339391,0.00525881691804359,1,0.999253354069792,40.0298881530762,1.99995673844664,19.2300006747246,11.857958199359,2.14513618316929,250,-0.00950994581685766,2.1690909742185,-0.000395997728899965,300.0045471,300.0054321,1759.39721679687,1869.27392578125,55.2892749363135,20.612744035373,7.396941,0,0,0,40,4449,299.95555,1814.33557128906,,,,,,,,,,,,,0,,,,10.0678482,,,,,,300.0049896,,,,
,16775928.475,300.0035095,1919.20275878906,2.28328238810827,0.00516392216607944,1,0.999253354069792,40.0298881530762,1.9997627572898,19.2200001329184,12.4790098234472,2.25588566653604,250,-0.0102922036155022,2.28285997552552,-0.000700268787167671,300.0024719,300.0045471,1869.27392578125,1969.13159179687,55.2642628236982,20.615285176245,8.884414,0,0,0,40,4449,299.9553,1919.20275878906,,,,,,,,,,,,,0,,,,9.916995,,,,,,300.0035095,,,,
,16775929.49,300.0025787,2024.03271484375,2.39596463195146,0.00514301044622607,1,0.999253354069792,40.0298881530762,1.99974129388536,19.2200001329184,13.0942589265507,2.36970359194087,250,-0.0103399252680472,2.39551953376866,-0.000274837213506515,300.0024719,300.0026855,1969.13159179687,2078.93383789062,55.1306043469097,20.6163083943554,9.256284,0,0,0,40,4449,299.9557,2024.03271484375,,,,,,,,,,,,,0,,,,10.11914585,,,,,,300.0025787,,,,
,16775930.58,300.0024719,2133.87976074219,2.50724845741838,0.00503959457232083,1,0.999253354069792,40.0298881530762,1.99991459568101,19.2200001329184,13.7034906899949,2.48055133907677,250,-0.0107148887871831,2.50678226817318,-0.000182491120527758,300.0022583,300.0026855,2078.93383789062,2188.82568359375,55.3752540734289,20.6115324679901,9.256284,0,0,0,40,4449,299.95655,2133.87976074219,,,,,,,,,,,,,0,,,,10.0698581,,,,,,300.0024719,,,,
,16775931.76,300.0029297,2248.66247558594,2.617890739652,0.005017349443307,1,0.999253354069792,40.0298881530762,1.99996458437657,19.2300006747246,14.3084183523372,2.59084245966036,250,-0.0110477118499768,2.61740335907282,-5.07023087898024E-5,300.0022583,300.0036011,2188.82568359375,2308.49926757813,55.2181467410635,20.6099849879322,8.512546,0,0,0,40,4449,299.9568,2248.66247558594,,,,,,,,,,,,,0,,,,10.01856045,,,,,,300.0029297,,,,
,16775932.83,300.00382995,2358.42504882813,2.72703913404067,0.0049848867522584,1,0.999253354069792,40.0298881530762,1.99990605026295,19.2300006747246,14.9049084937388,2.69689202625943,250,-0.011855023998715,2.72653280947322,-0.000399560107824139,300.0036011,300.0040588,2308.49926757813,2408.35083007813,55.3260114767174,20.6145582278678,9.256284,0,0,0,40,4449,299.95645,2358.42504882813,,,,,,,,,,,,,0,,,,10.0678482,,,,,,300.00382995,,,,
,16775934.035,300.0032501,2478.232421875,2.94191973071429,0.00484962661734002,1,0.999253354069792,40.0298881530762,2.00014189245304,19.2200001329184,16.0805554375417,2.91325528261251,250,-0.0121439020443054,2.94137087325233,0.000213963834747268,300.0024414,300.0040588,2408.35083007813,2548.11401367187,55.270515851852,20.6114805990594,7.396941,0,0,0,40,4449,299.95555,2478.232421875,,,,,,,,,,,,,0,,,,10.0678482,,,,,,300.0032501,,,,
,16775935.275,300.0031891,2598.08215332031,3.0476195566324,0.00481096928811177,1,0.999253354069792,40.0298881530762,2.0000182475781,19.2300006747246,16.6572486042058,3.01806292009385,250,-0.0125215011645464,3.04705075952325,0.000280142850085727,300.0024414,300.0039368,2548.11401367187,2648.05029296875,55.4104273567943,20.6127434907503,9.256284,0,0,0,40,4449,299.9565,2598.08215332031,,,,,,,,,,,,,0,,,,10.16791395,,,,,,300.0031891,,,,
,16775936.32,300.00350955,2702.93737792969,3.1522728344531,0.00476171084981456,1,0.999253354069792,40.0298881530762,2.00001147822781,19.2300006747246,17.2290572852185,3.1224108243942,250,-0.0128194377649728,3.15168393485875,0.000421549583170241,300.0030823,300.0039368,2648.05029296875,2757.82446289062,54.9922560990058,20.6120629859124,8.884414,0,0,0,40,4449,299.958,2702.93737792969,,,,,,,,,,,,,0,,,,10.27102425,,,,,,300.00350955,,,,
,16775937.345,300.0029755,2807.79614257813,3.25574153543212,0.00469302393615727,1,0.999253354069792,40.0298881530762,1.99991922786425,19.2300006747246,17.7936135029766,3.2256306770449,250,-0.0130797019976632,3.25513270219965,0.000595802709353703,300.0028687,300.0030823,2757.82446289062,2857.76782226562,55.3885417582558,20.613757597002,8.512546,0,0,0,40,4449,299.9563,2807.79614257813,,,,,,,,,,,,,0,,,,10.1709585,,,,,,300.0029755,,,,
,16775938.48,300.00239565,2922.81201171875,3.35794038636788,0.00461289093526499,1,0.999253354069792,40.0298881530762,1.99997539375755,19.2200001329184,18.3526093824072,3.32727033943052,250,-0.0134360817631776,3.35731230543027,0.000668480370660914,300.0019226,300.0028687,2857.76782226562,2987.85620117188,55.4237150416212,20.6109248182861,8.884414,0,0,0,40,4449,299.95685,2922.81201171875,,,,,,,,,,,,,0,,,,9.916995,,,,,,300.00239565,,,,
,16775939.525,300.00178525,3027.84545898438,3.45905978893023,0.00460050742806138,1,0.999253354069792,40.0298881530762,1.99995499130336,19.2300006747246,18.9052693924968,3.42643009291062,250,-0.014023973842579,3.45841366061802,0.000505161773759963,300.0016479,300.0019226,2987.85620117188,3067.83471679687,55.2900565648328,20.6114274211432,9.256284,0,0,0,40,4449,299.9574,3027.84545898438,,,,,,,,,,,,,0,,,,10.0678482,,,,,,300.00178525,,,,
,16775940.42,300.0016479,3117.77917480469,3.5592733013856,0.00454107729230812,1,0.999253354069792,40.0298881530762,1.99995304004312,19.2200001329184,19.45244670758,3.52847134194631,250,-0.0139218398258267,3.55860634177564,0.00102806674331689,300.0016479,300.0016479,3067.83471679687,3167.7236328125,55.2376874540443,20.6127145612265,9.256284,0,0,0,40,4449,299.95575,3117.77917480469,,,,,,,,,,,,,0,,,,10.16791395,,,,,,300.0016479,,,,
,16775941.525,300.00129695,3225.57336425781,3.6577198851982,0.00448304828680864,1,0.999253354069792,40.0298881530762,2.00000032919662,19.2200001329184,19.9907283519817,3.6273261339324,250,-0.014091330925409,3.65703363412824,0.00127188308891992,300.000946,300.0016479,3167.7236328125,3283.42309570313,55.3838519871405,20.6116212225611,8.512546,0,0,0,40,4449,299.95515,3225.57336425781,,,,,,,,,,,,,0,,,,10.01706075,,,,,,300.00129695,,,,
,16775942.52,300.000946,3322.83557128906,3.73777886220493,0.00466542563750938,1,0.999253354069792,40.0298881530762,1.99996078328157,19.2200001329184,20.4293113091973,3.69895948751251,250,-0.0158074441700197,3.7370835698614,-0.000107886103199987,300.000946,300.000946,3283.42309570313,3362.248046875,55.4135538708712,20.6106462184061,9.256284,0,0,0,40,4449,299.9557,3322.83557128906,,,,,,,,,,,,,0,,,,10.11914585,,,,,,300.000946,,,,
,16775943.52,300.002243,3425.07092285156,3.83824184207839,0.00509079060785485,1,0.999253354069792,40.0298881530762,1.99995892853984,19.2200001329184,20.9768226129452,3.80680031926381,250,-0.0146893527984126,3.83752122988975,0.00143152723179325,300.000946,300.00354,3362.248046875,3487.89379882812,55.3697826737943,20.6108833000249,9.256284,0,0,0,40,4449,299.95795,3425.07092285156,,,,,,,,,,,,,0,,,,10.2192116,,,,,,300.002243,,,,
,16775944.61,300.0029907,3538.46728515625,3.94307691933701,0.00456988535231896,1,0.999253354069792,40.0298881530762,1.99996970747863,19.2300006747246,21.5497995060764,3.9112407729117,250,-0.0150090063912745,3.94233620365296,0.00155185057269906,300.0024414,300.00354,3487.89379882812,3589.04077148438,55.3557133604482,20.6127520616725,8.512546,0,0,0,40,4449,299.95955,3538.46728515625,,,,,,,,,,,,,0,,,,10.27102425,,,,,,300.0029907,,,,
,16775945.59,300.00245665,3639.17175292969,4.0402093637092,0.00436057159683581,1,0.999253354069792,40.0298881530762,1.99997998813317,19.2300006747246,22.0806904748123,4.00799063130364,250,-0.0153087808895082,4.03945019669236,0.00165991566869224,300.0024414,300.0024719,3589.04077148438,3689.302734375,55.3088156492943,20.609353828907,7.396941,0,0,0,40,4449,299.9581,3639.17175292969,,,,,,,,,,,,,0,,,,10.37310935,,,,,,300.00245665,,,,
,16775946.75,300.00294495,3754.17944335937,4.13351822347276,0.00422496256666258,1,0.999253354069792,40.0298881530762,2.00001810869504,19.2200001329184,22.5909480441765,4.10126027787481,250,-0.0155470454434893,4.13274098057742,0.00181335300032558,300.0024719,300.003418,3689.302734375,3819.05615234375,55.5026595220636,20.611743437378,8.512546,0,0,0,40,4449,299.95715,3754.17944335937,,,,,,,,,,,,,0,,,,10.2192116,,,,,,300.00294495,,,,
,16775947.895,300.00268555,3863.88293457031,4.22473728182957,0.00414905854570059,1,0.999253354069792,40.0298881530762,2.00001564730654,19.2200001329184,23.0894489063702,4.19182731323524,250,-0.0158779536965434,4.22394290570134,0.00186523464497273,300.0019531,300.003418,3819.05615234375,3908.70971679687,55.4674862386982,20.6117790795499,8.884414,0,0,0,40,4449,299.95845,3863.88293457031,,,,,,,,,,,,,0,,,,10.16791395,,,,,,300.00268555,,,,
,16775948.895,300.0024414,3963.71374511719,4.3143578645013,0.00405099859837516,1,0.999253354069792,40.0298881530762,1.99996997246032,19.2200001329184,23.5790818953662,4.27874382939015,250,-0.0165643339779392,4.31354817194737,0.00155501434048009,300.0019531,300.0029297,3908.70971679687,4018.7177734375,55.3439889326597,20.6113170852788,8.512546,0,0,0,40,4449,299.9597,3963.71374511719,,,,,,,,,,,,,0,,,,10.3218117,,,,,,300.0024414,,,,
,16775949.97,300.0028534,4072.69140625,4.40306154012446,0.0040968026607539,1,0.999253354069792,40.0298881530762,2.00001860775599,19.2200001329184,24.0644480700771,4.36677814358834,250,-0.0169121788831635,4.40223517802016,0.00157955552004238,300.0027771,300.0029297,4018.7177734375,4126.6650390625,55.4604515820251,20.6130716367569,8.512546,0,0,0,40,4449,299.9585,4072.69140625,,,,,,,,,,,,,0,,,,10.37310935,,,,,,300.0028534,,,,
,16775951.15,300.00317385,4185.84741210937,4.57540135199626,0.00390403984513587,1,0.999253354069792,40.0298881530762,2.00003539140627,19.2200001329184,25.0059263195416,4.54113392113052,250,-0.016951719878684,4.57453998284783,0.00226361666965379,300.0027771,300.0035706,4126.6650390625,4245.02978515625,55.2056406847558,20.6130403813316,8.512546,0,0,0,40,4449,299.9558,4185.84741210937,,,,,,,,,,,,,0,,,,10.37310935,,,,,,300.00317385,,,,
,16775952.33,300.0027161,4306.58276367188,4.66038920323933,0.00416806797231986,1,0.999253354069792,40.0298881530762,2.00007463871048,19.2300006747246,25.4707147459142,4.6265622044732,250,-0.0170851241005878,4.65951119866337,0.00248658824854996,300.0018616,300.0035706,4245.02978515625,4368.1357421875,55.3635296456405,20.6124113469961,8.512546,0,0,0,40,4449,299.95875,4306.58276367188,,,,,,,,,,,,,0,,,,10.12167075,,,,,,300.0027161,,,,
,16775953.42,300.00151065,4418.34497070313,4.74687483899359,0.00386913407806086,1,0.999253354069792,40.0298881530762,1.99997081882841,19.2300006747246,25.9426808797949,4.70893465722542,250,-0.017996411363981,4.74598327992329,0.00193827116233891,300.0011597,300.0018616,4368.1357421875,4468.55419921875,55.4323129553328,20.6153781421079,8.512546,0,0,0,40,4449,299.95985,4418.34497070313,,,,,,,,,,,,,0,,,,10.01856045,,,,,,300.00151065,,,,
,16775954.485,300.00198365,4523.6220703125,4.82971547761078,0.00367480367012799,1,0.999253354069792,40.0298881530762,1.99997234209155,19.2200001329184,26.3948615017015,4.79424597207236,250,-0.0177373939882398,4.82880587776091,0.0025449698686321,300.0011597,300.0028076,4468.55419921875,4578.68994140625,55.3181951915251,20.6110416180158,7.396941,0,0,0,40,4449,299.9578,4523.6220703125,,,,,,,,,,,,,0,,,,10.26999905,,,,,,300.00198365,,,,
,16775955.51,300.00308225,4628.60546875,4.91026564861068,0.00366103202239151,1,0.999253354069792,40.0298881530762,2.00000940879722,19.2200001329184,26.8356122928361,4.87400947418532,250,-0.0180847267489607,4.90934092465826,0.00253560942223018,300.0028076,300.0033569,4578.68994140625,4678.52099609375,55.3252298481982,20.6113135971943,8.512546,0,0,0,40,4449,299.95835,4628.60546875,,,,,,,,,,,,,0,,,,10.26999905,,,,,,300.00308225,,,,
,16775956.595,300.0037689,4738.43481445313,4.9902694231026,0.0036545549474306,1,0.999253354069792,40.0298881530762,2.0000464195265,19.2200001329184,27.2734632185856,4.95285184850677,250,-0.0184997901911891,4.98933005154515,0.00245611496781502,300.0033569,300.0041809,4678.52099609375,4798.3486328125,55.3846336156597,20.6134049908908,8.512546,0,0,0,40,4449,299.9601,4738.43481445313,,,,,,,,,,,,,0,,,,10.0678482,,,,,,300.0037689,,,,
,16775957.695,300.0042572,4848.23706054687,5.06798556038976,0.00352603121188803,1,0.999253354069792,40.0298881530762,1.99997679244085,19.2300006747246,27.6974341502379,5.02891399770039,250,-0.0189525805414044,5.06703217867069,0.00232951285563857,300.0041809,300.0043335,4798.3486328125,4898.12548828125,55.3307012478328,20.6122634134316,8.512546,0,0,0,40,4449,299.9591,4848.23706054687,,,,,,,,,,,,,0,,,,9.916995,,,,,,300.0042572,,,,
,16775958.74,300.00427245,4947.22900390625,5.14459499661186,0.00424170610603313,1,0.999253354069792,40.0298881530762,2.00002377259276,19.2300006747246,28.1173006228647,5.10214553125218,250,-0.0197705915654278,5.14362945418302,0.00183307964460549,300.0042114,300.0043335,4898.12548828125,4996.33251953125,55.311160534852,20.6129411866293,8.512546,0,0,0,40,4449,299.9588,4947.22900390625,,,,,,,,,,,,,0,,,,10.0678482,,,,,,300.00427245,,,,
,16775959.835,300.00448605,5052.06665039063,5.21385709991268,0.00371105333547246,1,0.999253354069792,40.0298881530762,2.00005863842277,19.2200001329184,28.495301284439,5.17647336594469,250,-0.0190203154132144,5.21287428516347,0.00287362135792817,300.0042114,300.0047607,4996.33251953125,5107.80078125,55.4002661860443,20.6120948397363,8.512546,0,0,0,40,4449,299.9599,5052.06665039063,,,,,,,,,,,,,0,,,,10.0678482,,,,,,300.00448605,,,,
,16775960.86,300.0047607,5157.95922851562,5.29253509807037,0.00357061578516822,1,0.999253354069792,40.0298881530762,2.00004924987638,19.2200001329184,28.9252093804362,5.2543386507572,250,-0.0193481941205161,5.29153759370225,0.00287588555279662,300.0047607,300.0047607,5107.80078125,5208.11767578125,55.6042712295636,20.6123401170649,7.396941,0,0,0,40,4449,299.9594,5157.95922851562,,,,,,,,,,,,,0,,,,10.0678482,,,,,,300.0047607,,,,
,16775961.845,300.004837,5258.0615234375,5.3671399540024,0.00345171820885968,1,0.999253354069792,40.0298881530762,2.00004410562786,19.2200001329184,29.3328954822682,5.3282688598197,250,-0.0196430505075729,5.36612850183848,0.00289393022588232,300.0047607,300.0049133,5208.11767578125,5308.00537109375,55.3142870489289,20.6122587234741,8.512546,0,0,0,40,4449,299.9605,5258.0615234375,,,,,,,,,,,,,0,,,,10.0678482,,,,,,300.004837,,,,
,16775962.955,300.0044098,5367.95629882812,5.51046915523068,0.00329734027739311,1,0.999253354069792,40.0298881530762,2.00003067603274,19.2200001329184,30.1159815221255,5.47079885448935,250,-0.0201171528976843,5.50943058546555,0.00302147126150534,300.0039063,300.0049133,5308.00537109375,5427.9072265625,55.5644081750828,20.6103821067092,8.512546,0,0,0,40,4449,299.95915,5367.95629882812,,,,,,,,,,,,,0,,,,9.916995,,,,,,300.0044098,,,,
,16775964.175,300.0043335,5492.8095703125,5.58032475242656,0.00324743691097,1,0.999253354069792,40.0298881530762,2.00010911389994,19.2200001329184,30.498643533573,5.54187866450255,250,-0.0200944507572213,5.57927189365566,0.00333715302262775,300.0039063,300.0047607,5427.9072265625,5557.7119140625,55.6777443103713,20.6105166680473,7.396941,0,0,0,40,4449,299.9583,5492.8095703125,,,,,,,,,,,,,0,,,,9.86770725,,,,,,300.0043335,,,,
,16775965.275,300.00486755,5602.6953125,5.64860449533391,0.00314915692362273,1,0.999253354069792,40.0298881530762,2.00008323599631,19.2200001329184,30.8715331719481,5.60905582986383,250,-0.0204427648711647,5.64753910413614,0.00327523008483522,300.0047607,300.0049744,5557.7119140625,5647.6787109375,55.3783805875059,20.6128915322671,9.256284,0,0,0,40,4449,299.95835,5602.6953125,,,,,,,,,,,,,0,,,,10.01856045,,,,,,300.00486755,,,,
,16775966.33,300.00465395,5707.57153320313,5.71654561604944,0.0031160224765089,1,0.999253354069792,40.0298881530762,2.0000955244811,19.2200001329184,31.2433003774914,5.67516143032113,250,-0.0209434825279812,5.71546856086151,0.0030594622200279,300.0043335,300.0049744,5647.6787109375,5767.46435546875,55.5542470043328,20.6111501434337,7.768809,0,0,0,40,4449,299.959,5707.57153320313,,,,,,,,,,,,,0,,,,10.0678482,,,,,,300.00465395,,,,
,16775967.375,300.00413515,5812.37670898438,5.78258092570561,0.00306719557345662,1,0.999253354069792,40.0298881530762,2.0001302866531,19.2200001329184,31.6044659368404,5.7423318037279,250,-0.0209075708314688,5.78149040373858,0.00337226122016985,300.0039368,300.0043335,5767.46435546875,5857.2890625,55.3869785012174,20.6129829209593,8.512546,0,0,0,40,4449,299.95905,5812.37670898438,,,,,,,,,,,,,0,,,,10.1709585,,,,,,300.00413515,,,,
,16775968.365,300.00434875,5907.19409179688,5.84735616235442,0.00298567612855228,1,0.999253354069792,40.0298881530762,2.00008404225281,19.2200001329184,31.9577212712521,5.80679886160859,250,-0.0210915304192746,5.8462531818614,0.00346011682994275,300.0039368,300.0047607,5857.2890625,5957.09912109375,55.7058829370636,20.6119926065727,7.396941,0,0,0,40,4449,299.95755,5907.19409179688,,,,,,,,,,,,,0,,,,10.3218117,,,,,,300.00434875,,,,
,16775969.5,300.0048828,6022.28784179688,5.9113722816015,0.00293564889145689,1,0.999253354069792,40.0298881530762,2.00010549252645,19.2300006747246,32.3078723284228,5.87073044247391,250,-0.021267546916216,5.91025690641816,0.00355258463031245,300.0047607,300.0050049,5957.09912109375,6087.4765625,55.578477488429,20.6121518808396,8.512546,0,0,0,40,4449,299.9568,6022.28784179688,,,,,,,,,,,,,0,,,,10.2187014,,,,,,300.0048828,,,,
,16775970.515,300.00520325,6127.46313476563,5.97402709529926,0.00291032633453961,1,0.999253354069792,40.0298881530762,2.00010284696519,19.2200001329184,32.6503288845085,5.93258681514497,250,-0.0215585288047579,5.97290013513743,0.0035243409315951,300.0050049,300.0054016,6087.4765625,6167.44970703125,55.3940131578905,20.6121055914504,8.512546,0,0,0,40,4449,299.95685,6127.46313476563,,,,,,,,,,,,,0,,,,10.2187014,,,,,,300.00520325,,,,
,16775971.475,300.0049286,6222.4462890625,6.03571665381228,0.00289578409523262,1,0.999253354069792,40.0298881530762,2.00002829299928,19.2200001329184,32.9865098098431,5.9924332075177,250,-0.0220000295205412,6.03457907284044,0.00334150711738439,300.0044556,300.0054016,6167.44970703125,6277.44287109375,55.3158503059674,20.612936261621,8.512546,0,0,0,40,4449,299.95765,6222.4462890625,,,,,,,,,,,,,0,,,,10.2187014,,,,,,300.0049286,,,,
,16775972.68,300.00465395,6342.04516601562,6.09528576508254,0.00299705575394547,1,0.999253354069792,40.0298881530762,2.0000380631985,19.2200001329184,33.3123258931663,6.05107124886698,250,-0.0223144493808312,6.09413745128682,0.00327695362645533,300.0044556,300.0048523,6277.44287109375,6406.6474609375,55.4956248653905,20.6128364586125,7.396941,0,0,0,40,4449,299.9563,6342.04516601562,,,,,,,,,,,,,0,,,,10.3218117,,,,,,300.00465395,,,,
,16775973.78,300.00505065,6452.25048828125,6.15140143736276,0.00288238594655957,1,0.999253354069792,40.0298881530762,2.00009419091707,19.2200001329184,33.619360745891,6.11002729514694,250,-0.0219555780545312,6.15024012088409,0.00387101604070825,300.0048523,300.005249,6406.6474609375,6497.853515625,55.5847305165828,20.6117373217755,9.256284,0,0,0,40,4449,299.9556,6452.25048828125,,,,,,,,,,,,,0,,,,10.424922,,,,,,300.00505065,,,,
,16775974.795,300.004837,6553.58837890625,6.21288854472153,0.00279040590481676,1,0.999253354069792,40.0298881530762,2.0001018421873,19.2300006747246,33.9557889516929,6.16975115684843,250,-0.0224259413593663,6.2117167637457,0.00365841420653696,300.004425,300.005249,6497.853515625,6609.3232421875,55.250193510352,20.6116895460442,8.512546,0,0,0,40,4449,299.95655,6553.58837890625,,,,,,,,,,,,,0,,,,10.3218117,,,,,,300.004837,,,,
,16775975.885,300.0050964,6664.36499023437,6.27142745905792,0.00273157664232576,1,0.999253354069792,40.0298881530762,2.00009743541574,19.2200001329184,34.2754013205394,6.22922491079506,250,-0.0223888576701252,6.27024356756589,0.00394086804507592,300.004425,300.0057678,6609.3232421875,6719.40673828125,55.5386144339482,20.6129738639681,9.256284,0,0,0,40,4449,299.95625,6664.36499023437,,,,,,,,,,,,,0,,,,10.3218117,,,,,,300.0050964,,,,
,16775976.9,300.00526425,6769.42651367187,6.32752155708419,0.00262979919824732,1,0.999253354069792,40.0298881530762,2.00012753513753,19.2200001329184,34.5828287359166,6.28315917399369,250,-0.0229319824440119,6.32632850833021,0.00363297625123702,300.0047607,300.0057678,6719.40673828125,6819.4462890625,55.4510720397943,20.6128994658954,8.512546,0,0,0,40,4449,299.956,6769.42651367187,,,,,,,,,,,,,0,,,,10.1709585,,,,,,300.00526425,,,,
,16775977.96,299.9997406,6872.81274414062,6.3794676094333,0.00468476529144112,1,0.999253354069792,40.0298881530762,2.00010202941043,19.2300006747246,34.8671482867365,6.33015275129502,250,-0.0239457154899944,6.37826957070283,0.0028370647239467,299.9947205,300.0047607,6819.4462890625,6926.17919921875,55.4948432368713,20.6138766247842,7.396941,0,0,0,40,4449,299.95665,6872.81274414062,,,,,,,,,,,,,0,,,,10.1709585,,,,,,299.9997406,,,,
,16775979.07,299.99998475,6983.06274414062,6.48838236054588,0.00266417229711171,1,0.999253354069792,40.0298881530762,2.00009979547698,19.2200001329184,35.4615183606078,6.44289761793738,250,-0.0234974099116012,6.48716025100657,0.00374203199380784,299.9947205,300.005249,6926.17919921875,7039.9462890625,55.433094583852,20.6103598449066,7.396941,0,0,0,40,4449,299.95685,6983.06274414062,,,,,,,,,,,,,0,,,,10.424922,,,,,,299.99998475,,,,
,16775980.195,300.0055084,7095.41162109375,6.54272599544511,0.00244514540990021,1,0.999253354069792,40.0298881530762,2.00014347059621,19.2200001329184,35.7590112686661,6.49845368203663,250,-0.0234272355363822,6.54149122796714,0.00403996830316927,300.005249,300.0057678,7039.9462890625,7150.876953125,55.595673315852,20.6131528085313,8.884414,0,0,0,40,4449,299.9561,7095.41162109375,,,,,,,,,,,,,0,,,,10.424922,,,,,,300.0055084,,,,
,16775981.31,300.0060272,7205.84350585938,6.59451222943682,0.00226254269987201,1,0.999253354069792,40.0298881530762,2.00018749974266,19.2200001329184,36.0434144513197,6.5468223570354,250,-0.0241996798218927,6.59327004917329,0.00348480631694026,300.0057678,300.0062866,7150.876953125,7260.81005859375,55.5307981487559,20.6126163942358,8.512546,0,0,0,40,4449,299.9546,7205.84350585938,,,,,,,,,,,,,0,,,,10.27102425,,,,,,300.0060272,,,,
,16775982.395,300.0055084,7315.64477539063,6.64438328324304,0.00230506484453963,1,0.999253354069792,40.0298881530762,2.00016833479963,19.2200001329184,36.3151450924568,6.59901985572516,250,-0.0238791362577548,6.64312975345721,0.00401428018184826,300.0047302,300.0062866,7260.81005859375,7370.4794921875,55.3236665911597,20.6135817472582,9.256284,0,0,0,40,4449,299.9539,7315.64477539063,,,,,,,,,,,,,0,,,,10.27102425,,,,,,300.0055084,,,,
,16775983.375,300.0047302,7415.36401367187,6.69346604981293,0.00225525009972338,1,0.999253354069792,40.0298881530762,2.00012374238631,19.2200001329184,36.5826231964832,6.64758023151826,250,-0.0240629533450054,6.69220352658899,0.00403605291666378,300.0047302,300.0047302,7370.4794921875,7460.24853515625,55.4807739235251,20.6137648853635,7.396941,0,0,0,40,4449,299.9547,7415.36401367187,,,,,,,,,,,,,0,,,,10.3218117,,,,,,300.0047302,,,,
,16775984.275,300.004776,7505.23876953125,6.74078540278658,0.00226856983629389,1,0.999253354069792,40.0298881530762,2.00005385855735,19.2200001329184,36.8395438693715,6.69674725746391,250,-0.0237932140052274,6.73951213535928,0.00450393456544324,300.0047302,300.0048218,7460.24853515625,7550.22900390625,55.514383949852,20.6120605998302,9.256284,0,0,0,40,4449,299.95535,7505.23876953125,,,,,,,,,,,,,0,,,,10.0678482,,,,,,300.004776,,,,
,16775985.25,300.0048218,7600.25219726563,6.78905681414232,0.00209669098346615,1,0.999253354069792,40.0298881530762,2.00007500027943,19.2200001329184,37.1040651563679,6.74300729457654,250,-0.0242865276745627,6.78777580355606,0.00421299509595249,300.0048218,300.0048218,7550.22900390625,7650.275390625,55.3283563622751,20.6109352750336,8.512546,0,0,0,40,4449,299.95505,7600.25219726563,,,,,,,,,,,,,0,,,,10.0678482,,,,,,300.0048218,,,,
,16775986.26,300.00494385,7700.2177734375,6.83514144817191,0.00217728278126192,1,0.999253354069792,40.0298881530762,2.00012064926624,19.2200001329184,37.3568025648381,6.78870843548894,250,-0.0244917185765658,6.83385190873789,0.00420096779266017,300.0048218,300.0050659,7650.275390625,7750.16015625,55.7019747944674,20.614673853047,8.512546,0,0,0,40,4449,299.9543,7700.2177734375,,,,,,,,,,,,,0,,,,10.0678482,,,,,,300.00494385,,,,
,16775987.325,300.0051727,7805.08666992188,6.88025663222637,0.00215839249666863,1,0.999253354069792,40.0298881530762,2.00007132077515,19.2200001329184,37.6024341385843,6.83355261890962,250,-0.0246162928051821,6.87895841490753,0.00426526526831284,300.0050659,300.0052795,7750.16015625,7860.01318359375,55.6339731132944,20.6116736080999,7.396941,0,0,0,40,4449,299.95515,7805.08666992188,,,,,,,,,,,,,0,,,,10.1709585,,,,,,300.0051727,,,,
,16775988.34,300.00622555,7910.06079101562,6.92465469410351,0.00209596296186924,1,0.999253354069792,40.0298881530762,2.00014284151745,19.2200001329184,37.8463739722259,6.87802528372396,250,-0.0247496140345718,6.92334777405313,0.00431777084861315,300.0052795,300.0071716,7860.01318359375,7960.1083984375,55.4604515820251,20.6123095054098,8.512546,0,0,0,40,4449,299.95625,7910.06079101562,,,,,,,,,,,,,0,,,,10.424922,,,,,,300.00622555,,,,
,16775989.345,300.0064392,8015.14111328125,6.96891354374522,0.00205145709982995,1,0.999253354069792,40.0298881530762,2.00010093102401,19.2200001329184,38.0872426487826,6.92318165789584,250,-0.0246626829200273,6.96759721788466,0.00459010495437063,300.0057068,300.0071716,7960.1083984375,8070.173828125,55.5370511769097,20.6135892818633,8.512546,0,0,0,40,4449,299.9555,8015.14111328125,,,,,,,,,,,,,0,,,,10.1709585,,,,,,300.0064392,,,,
,16775990.49,300.0055237,8130.06176757812,7.01177953116023,0.00216359692193577,1,0.999253354069792,40.0298881530762,2.00007836073398,19.2200001329184,38.3217625014672,6.96210820476757,250,-0.0254698162105192,7.01045813088203,0.00396266655957633,300.0053406,300.0057068,8070.173828125,8189.94970703125,55.4557618109097,20.6104539547132,8.512546,0,0,0,40,4449,299.95475,8130.06176757812,,,,,,,,,,,,,0,,,,10.0678482,,,,,,300.0055237,,,,
,16775991.57,300.00543215,8234.93627929688,7.05403533833718,0.00196940745805745,1,0.999253354069792,40.0298881530762,2.00013488387133,19.2200001329184,38.5529813634553,7.00849587616697,250,-0.0248468210369161,7.0527027882524,0.00476235804563225,300.0053406,300.0055237,8189.94970703125,8279.9228515625,55.4979697509482,20.6143708781576,7.768809,0,0,0,40,4449,299.95555,8234.93627929688,,,,,,,,,,,,,0,,,,10.0678482,,,,,,300.00543215,,,,
,16775992.565,300.00532535,8329.9521484375,7.0948631631264,0.00203555239193418,1,0.999253354069792,40.0298881530762,2.00018358732041,19.2200001329184,38.7771248989837,7.04877847651125,250,-0.0250724119182868,7.09352331168287,0.00470772939482222,300.005127,300.0055237,8279.9228515625,8379.9814453125,55.4878085801982,20.6105917762211,9.256284,0,0,0,40,4449,299.9559,8329.9521484375,,,,,,,,,,,,,0,,,,9.916995,,,,,,300.00532535,,,,
,16775993.72,300.00532535,8445.0380859375,7.13562933936286,0.0018947153832924,1,0.999253354069792,40.0298881530762,2.0001226412645,19.2200001329184,38.999113986834,7.08724217283223,250,-0.0255506147947633,7.13428322866776,0.00440031128153442,300.005127,300.0055237,8379.9814453125,8510.0947265625,55.4909350942751,20.6111589887195,7.396941,0,0,0,40,4449,299.95525,8445.0380859375,,,,,,,,,,,,,0,,,,9.916995,,,,,,300.00532535,,,,
,16775994.79,300.0051422,8555.1103515625,7.17496036128938,0.00197217115678698,1,0.999253354069792,40.0298881530762,2.00002609458327,19.2200001329184,39.2122563398485,7.12582609808116,250,-0.0257175911923762,7.17360703010807,0.00439798908833113,300.0047607,300.0055237,8510.0947265625,8600.1259765625,55.6199037999482,20.6137097466985,7.768809,0,0,0,40,4449,299.9551,8555.1103515625,,,,,,,,,,,,,0,,,,10.0678482,,,,,,300.0051422,,,,
,16775995.82,300.00549315,8660.1669921875,7.21385923548587,0.00197917094712902,1,0.999253354069792,40.0298881530762,2.00010615416135,19.2200001329184,39.4267679529632,7.16265983007973,250,-0.0262371730964265,7.21250010249527,0.00404140032212201,300.0047607,300.0062256,8600.1259765625,8720.2080078125,55.5800407454674,20.6135311771825,7.396941,0,0,0,40,4449,299.9544,8660.1669921875,,,,,,,,,,,,,0,,,,10.0678482,,,,,,300.00549315,,,,
,16775996.935,300.00694275,8770.232421875,7.25249535788167,0.00194072358558577,1,0.999253354069792,40.0298881530762,2.00010011548249,19.2300006747246,39.6369849852973,7.20546007648228,250,-0.025560768015187,7.25112516308274,0.00487945014464183,300.0062256,300.0076599,8720.2080078125,8820.2568359375,55.372127559352,20.6119945550881,7.396941,0,0,0,40,4449,299.9535,8770.232421875,,,,,,,,,,,,,0,,,,9.916995,,,,,,300.00694275,,,,
,16775997.86,300.00671385,8860.28173828125,7.29001731408957,0.00182186708351634,1,0.999253354069792,40.0298881530762,2.00008357318788,19.2200001329184,39.8421093791305,7.24064875597949,250,-0.0260646094377169,7.2886416870236,0.00453278998560946,300.0057678,300.0076599,8820.2568359375,8900.306640625,55.595673315852,20.6131597147298,7.768809,0,0,0,40,4449,299.9535,8860.28173828125,,,,,,,,,,,,,0,,,,10.0678482,,,,,,300.00671385,,,,
,16775998.83,300.00590515,8960.2431640625,7.32631836307272,0.00172860048885357,1,0.999253354069792,40.0298881530762,2.00006207368734,19.2200001329184,40.0407910414501,7.27283247835572,250,-0.0268889437122524,7.32493905607752,0.00386056219523268,300.0057678,300.0060425,8900.306640625,9020.1796875,55.4878085801982,20.6121818768402,9.256284,0,0,0,40,4449,299.95325,8960.2431640625,,,,,,,,,,,,,0,,,,10.0678482,,,,,,300.00590515,,,,
,16775999.975,300.0054779,9075.2138671875,7.39801945390803,0.00164196303035203,1,0.999253354069792,40.0298881530762,2.00011188745998,19.2200001329184,40.4327951401308,7.34876664731036,250,-0.0263133950426564,7.39662329143994,0.00473638188492459,300.0049133,300.0060425,9020.1796875,9130.248046875,55.5417409480251,20.6124934316304,9.256284,0,0,0,40,4449,299.95325,9075.2138671875,,,,,,,,,,,,,0,,,,10.0678482,,,,,,300.0054779,,,,
,16776001.165,300.00604245,9190.31103515625,7.43338467949811,0.00182745424608714,1,0.999253354069792,40.0298881530762,2.0001399255375,19.2300006747246,40.6269284333186,7.3824046527472,250,-0.0267302794679009,7.43198295487194,0.00446750317984973,300.0049133,300.0071716,9130.248046875,9250.3740234375,55.4526352968328,20.6119031140802,9.256284,0,0,0,40,4449,299.9531,9190.31103515625,,,,,,,,,,,,,0,,,,10.2187014,,,,,,300.00604245,,,,
,16776002.245,300.0071716,9300.3984375,7.46703254739836,0.00184672892286661,1,0.999253354069792,40.0298881530762,2.0001077457622,19.2200001329184,40.8100261829397,7.41657926308419,250,-0.0266908678501265,7.4656235285897,0.00464773004668791,300.0071716,300.0071716,9250.3740234375,9350.4228515625,55.6691463966597,20.6119451803597,8.140677,0,0,0,40,4449,299.9522,9300.3984375,,,,,,,,,,,,,0,,,,10.0678482,,,,,,300.0071716,,,,
,16776003.315,300.007431,9410.42578125,7.50106098589983,0.00175437489295214,1,0.999253354069792,40.0298881530762,2.00004402426245,19.2200001329184,40.9943351115864,7.45227910634304,250,-0.0264215936458869,7.49964387242096,0.00505932825740113,300.0071716,300.0076904,9350.4228515625,9470.4287109375,55.6957217663136,20.6131352634425,9.256284,0,0,0,40,4449,299.9516,9410.42578125,,,,,,,,,,,,,0,,,,10.1709585,,,,,,300.007431,,,,
,16776004.345,300.0076904,9515.5361328125,7.53341491835492,0.00172601722616734,1,0.999253354069792,40.0298881530762,2.00009037830415,19.2200001329184,41.1726548594091,7.4815119126278,250,-0.0270989315342298,7.53199403227185,0.00451737931352,300.0076904,300.0076904,9470.4287109375,9560.6435546875,55.4565434394289,20.6134548903717,8.512546,0,0,0,40,4449,299.95195,9515.5361328125,,,,,,,,,,,,,0,,,,10.1709585,,,,,,300.0076904,,,,
,16776005.375,300.007431,9615.6259765625,7.56643577890057,0.00158148776469829,1,0.999253354069792,40.0298881530762,2.00001809933263,19.2300006747246,41.3513805182399,7.51559635662524,250,-0.0269323672981088,7.56500758691106,0.0048219636585166,300.0071716,300.0076904,9560.6435546875,9670.6083984375,55.3690010452751,20.6118785373069,7.396941,0,0,0,40,4449,299.9524,9615.6259765625,,,,,,,,,,,,,0,,,,10.0678482,,,,,,300.007431,,,,
,16776006.51,300.00679015,9725.630859375,7.59766032627869,0.00169030008411328,1,0.999253354069792,40.0298881530762,1.99993679256669,19.2200001329184,41.5201651613793,7.54748069493651,250,-0.0268291688033369,7.59622555757694,0.00505576529573975,300.0064087,300.0071716,9670.6083984375,9780.6533203125,55.4846820661213,20.6133201968073,8.884414,0,0,0,40,4449,299.9516,9725.630859375,,,,,,,,,,,,,0,,,,10.0678482,,,,,,300.00679015,,,,
,16776007.54,300.0059967,9830.9384765625,7.62998171115425,0.00156099299024769,1,0.999253354069792,40.0298881530762,1.99994077417135,19.2200001329184,41.69696637063,7.57913488481073,250,-0.0270286043637788,7.62854146864502,0.00499146841560236,300.0055847,300.0064087,9780.6533203125,9881.2236328125,55.5487756046982,20.6128668018623,8.512546,0,0,0,40,4449,299.95195,9830.9384765625,,,,,,,,,,,,,0,,,,10.1709585,,,,,,300.0059967,,,,
,16776008.57,300.00627135,9936.37255859375,7.65984245827678,0.00158637390731164,1,0.999253354069792,40.0298881530762,1.99981378997421,19.2200001329184,41.8577572295713,7.60726707060691,250,-0.0273278116352586,7.65839735290515,0.00481719101091201,300.0055847,300.006958,9881.2236328125,9991.521484375,55.5401776909866,20.6125658049916,8.512546,0,0,0,40,4449,299.9515,9936.37255859375,,,,,,,,,,,,,0,,,,10.1709585,,,,,,300.00627135,,,,
,16776009.585,300.0072632,10036.5561523438,7.69084815308445,0.00159613414368995,1,0.999253354069792,40.0298881530762,1.99997712046273,19.2200001329184,42.0306068885921,7.63827719770915,250,-0.0275096435075113,7.68939724388457,0.00476519059262821,300.006958,300.0075684,9991.521484375,10081.5908203125,55.4510720397943,20.6136755844386,8.512546,0,0,0,40,4449,299.95025,10036.5561523438,,,,,,,,,,,,,0,,,,10.0678482,,,,,,300.0072632,,,,
,16776010.52,300.00628665,10131.6274414062,7.72052853627857,0.00161343887548758,1,0.999253354069792,40.0298881530762,1.99987009672283,19.2200001329184,42.1900683248312,7.67028467380826,250,-0.0270789313652739,7.71907009290681,0.00531992237072954,300.0050049,300.0075684,10081.5908203125,10181.6640625,55.6214670569867,20.6130227071038,9.256284,0,0,0,40,4449,299.95015,10131.6274414062,,,,,,,,,,,,,0,,,,10.0678482,,,,,,300.00628665,,,,
,16776011.585,300.00506595,10241.7138671875,7.74949543914957,0.00158044977948138,1,0.999253354069792,40.0298881530762,1.99988123691046,19.2200001329184,42.3495549584421,7.69392677862457,250,-0.0281282548493538,7.74803589726134,0.00439183332553819,300.0050049,300.005127,10181.6640625,10301.763671875,55.4815555520443,20.6135996005919,7.396941,0,0,0,40,4449,299.9502,10241.7138671875,,,,,,,,,,,,,0,,,,10.0678482,,,,,,300.00506595,,,,
,16776012.595,300.0054474,10341.8198242187,7.77788128056133,0.00156030647259051,1,0.999253354069792,40.0298881530762,1.99998161089161,19.2200001329184,42.5064349407735,7.72422587362227,250,-0.0279123061027649,7.77641499629446,0.00472628511216386,300.005127,300.0057678,10301.763671875,10381.8759765625,55.3971396719674,20.6151815640984,9.256284,0,0,0,40,4449,299.95085,10341.8198242187,,,,,,,,,,,,,0,,,,10.3218117,,,,,,300.0054474,,,,
,16776013.61,300.00552365,10441.9370117187,7.80612397527727,0.00154090827439127,1,0.999253354069792,40.0298881530762,1.99993426881259,19.2200001329184,42.659841240732,7.75186285898009,250,-0.0280556188454961,7.80465257017953,0.00470096890734537,300.0052795,300.0057678,10381.8759765625,10501.998046875,55.4260599271789,20.6131667766328,7.396941,0,0,0,40,4449,299.9513,10441.9370117187,,,,,,,,,,,,,0,,,,10.3218117,,,,,,300.00552365,,,,
,16776014.815,300.0055542,10561.9194335938,7.83329318214892,0.00161403674740113,1,0.999253354069792,40.0298881530762,1.99982854087347,19.2200001329184,42.8064654202252,7.77654216162937,250,-0.0285006725610109,7.83181815687101,0.00436943572541603,300.0052795,300.0058289,10501.998046875,10621.8408203125,55.5417409480251,20.6101773350941,9.256284,0,0,0,40,4449,299.95125,10561.9194335938,,,,,,,,,,,,,0,,,,10.2187014,,,,,,300.0055542,,,,
,16776015.785,300.0058289,10656.7919921875,7.86201136972781,0.00133902716941374,1,0.999253354069792,40.0298881530762,1.99992661711311,19.2200001329184,42.9651959249225,7.80682120504601,250,-0.0283492360570141,7.86052981455956,0.00464099460440961,300.0058289,300.0058289,10621.8408203125,10691.7431640625,55.3635296456405,20.6159402626884,8.512546,0,0,0,40,4449,299.95035,10656.7919921875,,,,,,,,,,,,,0,,,,10.2187014,,,,,,300.0058289,,,,
,16776016.735,300.0062561,10751.83203125,7.88828463671461,0.00150431194220508,1,0.999253354069792,40.0298881530762,1.99983696281701,19.2300006747246,43.1074442776406,7.82959331292693,250,-0.0289883481570619,7.8868003160231,0.00411196315729214,300.0058289,300.0066833,10691.7431640625,10811.9208984375,55.5823856310251,20.6158538059477,9.256284,0,0,0,40,4449,299.949,10751.83203125,,,,,,,,,,,,,0,,,,10.0678482,,,,,,300.0062561,,,,
,16776017.845,300.00616455,10861.9375,7.91385079507613,0.00151974485467028,1,0.999253354069792,40.0298881530762,1.99985701187384,19.2200001329184,43.2473264634244,7.85641220904211,250,-0.0288315963461657,7.91236068973596,0.00437539568696074,300.0056458,300.0066833,10811.9208984375,10911.9541015625,55.6378812558905,20.6167889868949,8.884414,0,0,0,40,4449,299.94915,10861.9375,,,,,,,,,,,,,0,,,,10.0678482,,,,,,300.00616455,,,,
,16776018.885,300.0061493,10966.96484375,7.94050017319115,0.00146355451605768,1,0.999253354069792,40.0298881530762,1.99990453850099,19.2300006747246,43.3937506408858,7.88420430298475,250,-0.0287168806999941,7.93900422120756,0.0046012991521217,300.0056458,300.0066528,10911.9541015625,11021.9755859375,55.6316282277367,20.6174790691496,8.884414,0,0,0,40,4449,299.9498,10966.96484375,,,,,,,,,,,,,0,,,,10.0678482,,,,,,300.0061493,,,,
,16776019.97,300.0056152,11077.0424804688,7.96561965522404,0.0014060661866136,1,0.999253354069792,40.0298881530762,1.99997454848103,19.2200001329184,43.5332888476652,7.90522385211774,250,-0.0295750281646948,7.96412237001111,0.00384845925274341,300.0045776,300.0066528,11021.9755859375,11132.109375,55.4643597246213,20.6170200479253,8.512546,0,0,0,40,4449,299.94765,11077.0424804688,,,,,,,,,,,,,0,,,,9.916995,,,,,,300.0056152,,,,
,16776021.065,300.00445555,11182.12890625,8.01707808012808,0.00129715793269938,1,0.999253354069792,40.0298881530762,1.99999830184818,19.2200001329184,43.8142915480374,7.96034585148733,250,-0.0290403210689616,8.01556846272447,0.00459848330300482,300.0043335,300.0045776,11132.109375,11232.1484375,55.771539732679,20.6166272110293,8.884414,0,0,0,40,4449,299.9472,11182.12890625,,,,,,,,,,,,,0,,,,10.0678482,,,,,,300.00445555,,,,
,16776022.15,300.00491335,11292.1372070312,8.0399826973656,0.00156139935313641,1,0.999253354069792,40.0298881530762,1.99981773328977,19.2200001329184,43.9360769039453,7.97981820433449,250,-0.0295926699312604,8.03847067391608,0.00414154926801315,300.0043335,300.0054932,11232.1484375,11352.1259765625,55.6269384566213,20.6170955838068,7.396941,0,0,0,40,4449,299.94905,11292.1372070312,,,,,,,,,,,,,0,,,,10.26999905,,,,,,300.00491335,,,,
,16776023.275,300.0050507,11407.0791015625,8.06574786376488,0.00129231565559019,1,0.999253354069792,40.0298881530762,1.99994187082168,19.2200001329184,44.0792462613733,8.0074742383331,250,-0.0293939856345929,8.0642297862802,0.00444759914982809,300.0046082,300.0054932,11352.1259765625,11462.0322265625,55.544867462102,20.6168011990748,8.512546,0,0,0,40,4449,299.9499,11407.0791015625,,,,,,,,,,,,,0,,,,10.37310935,,,,,,300.0050507,,,,
,16776024.315,300.00480655,11511.9873046875,8.08927287677025,0.00133334557630872,1,0.999253354069792,40.0298881530762,1.99999801852505,19.2200001329184,44.2093596882622,8.02922119027215,250,-0.0298138252985959,8.08775190203256,0.00412593157886339,300.0046082,300.0050049,11462.0322265625,11561.9423828125,55.494061608352,20.6147821711729,7.396941,0,0,0,40,4449,299.9505,11511.9873046875,,,,,,,,,,,,,0,,,,10.424922,,,,,,300.00480655,,,,
,16776025.305,300.0051422,11612.0190429688,8.11322785682777,0.0014278870843295,1,0.999253354069792,40.0298881530762,1.9999500320901,19.2200001329184,44.3393394533682,8.05227741566234,250,-0.0299991974579169,8.11170272449228,0.00404066164625908,300.0050049,300.0052795,11561.9423828125,11662.095703125,55.4237150416212,20.6126794713823,7.396941,0,0,0,40,4449,299.94995,11612.0190429688,,,,,,,,,,,,,0,,,,10.1709585,,,,,,300.0051422,,,,
,16776026.38,300.004837,11717.07421875,8.13666751488919,0.0013563161343494,1,0.999253354069792,40.0298881530762,1.99999049955084,19.2300006747246,44.4679592320836,8.07762725931077,250,-0.0297326082355046,8.13513662757963,0.00440507778575818,300.0043945,300.0052795,11662.095703125,11772.052734375,55.3979213004866,20.6122306517322,7.396941,0,0,0,40,4449,299.94935,11717.07421875,,,,,,,,,,,,,0,,,,10.0678482,,,,,,300.004837,,,,
,16776027.39,300.00552365,11817.0981445313,8.15990261136221,0.00147102170423314,1,0.999253354069792,40.0298881530762,2.00001528286298,19.2200001329184,44.5956054650657,8.10011428206108,250,-0.0299409189586994,8.15836771811561,0.0042936921300131,300.0043945,300.0066528,11772.052734375,11862.1435546875,55.6746177962944,20.6123430716613,9.256284,0,0,0,40,4449,299.94995,11817.0981445313,,,,,,,,,,,,,0,,,,10.2187014,,,,,,300.00552365,,,,
,16776028.415,300.0057678,11922.1298828125,8.18364980873896,0.00136571558758753,1,0.999253354069792,40.0298881530762,1.99998807931053,19.2200001329184,44.7246947312089,8.12412484526674,250,-0.0299277754377841,8.18210999816695,0.00440597655378801,300.0048828,300.0066528,11862.1435546875,11982.1162109375,55.504222779102,20.616372506217,9.256284,0,0,0,40,4449,299.9495,11922.1298828125,,,,,,,,,,,,,0,,,,10.11763145,,,,,,300.0057678,,,,
,16776029.455,300.0047455,12027.1791992187,8.20568778268974,0.00128017096854444,1,0.999253354069792,40.0298881530762,2.00003269258942,19.2200001329184,44.8466016741868,8.14353999933888,250,-0.0304911554650294,8.2041462153259,0.00393455946455711,300.0046082,300.0048828,11982.1162109375,12072.2421875,55.4745208953712,20.6142607431229,9.256284,0,0,0,40,4449,299.94995,12027.1791992187,,,,,,,,,,,,,0,,,,10.11763145,,,,,,300.0047455,,,,
,16776030.445,300.00521855,12122.2963867188,8.22900881221264,0.00122397659141211,1,0.999253354069792,40.0298881530762,2.0000656450501,19.2200001329184,44.9744135927507,8.16879126082395,250,-0.0302156079313718,8.2274612422841,0.00430742946998343,300.0046082,300.0058289,12072.2421875,12172.3505859375,55.5284532631982,20.6135791056567,8.512546,0,0,0,40,4449,299.94965,12122.2963867188,,,,,,,,,,,,,0,,,,10.11763145,,,,,,300.00521855,,,,
,16776031.515,300.0055695,12227.3022460938,8.25173260410558,0.00124163806413437,1,0.999253354069792,40.0298881530762,2.00004770032497,19.2200001329184,45.09820114878,8.1913367448808,250,-0.0302878312734195,8.25018063347862,0.0043302520244461,300.0053101,300.0058289,12172.3505859375,12282.25390625,55.5800407454674,20.6145113161724,8.884414,0,0,0,40,4449,299.9478,12227.3022460938,,,,,,,,,,,,,0,,,,10.22074175,,,,,,300.0055695,,,,
,16776032.59,300.0058289,12337.22265625,8.27378402904103,0.00116457654778163,1,0.999253354069792,40.0298881530762,2.00007255063031,19.2300006747246,45.2194191605663,8.21250240279193,250,-0.0305188525874482,8.27222853210184,0.00419101600105333,300.0053101,300.0063477,12282.25390625,12392.19140625,55.5081309216982,20.6162776294221,7.396941,0,0,0,40,4449,299.9492,12337.22265625,,,,,,,,,,,,,0,,,,10.3218117,,,,,,300.0058289,,,,
,16776033.62,300.00625615,12442.306640625,8.29539041266086,0.0013555869467107,1,0.999253354069792,40.0298881530762,1.99998679200033,19.2200001329184,45.3354121197152,8.23467768286045,250,-0.0304014108986112,8.29382995641947,0.0043984145913089,300.0061646,300.0063477,12392.19140625,12492.421875,55.5667530606405,20.6151202553571,9.256284,0,0,0,40,4449,299.94995,12442.306640625,,,,,,,,,,,,,0,,,,10.2187014,,,,,,300.00625615,,,,
,16776035.465,300.0057678,12627.4028320312,8.34007473492989,0.00140617071211764,1,0.999253354069792,40.0298881530762,2.00009040051951,19.2200001329184,45.5817282459521,8.28049151745625,250,-0.0303741049955327,8.33850531240391,0.00461216661714741,300.0057678,300.0057678,12622.390625,12632.4150390625,55.3775989589866,20.6160268867228,9.256284,0,0,0,40,4449,299.95,12627.4028320312,,,,,,,,,,,,,0,,,,10.0165615,,,,,,300.0057678,,,,
,16776036.125,300.00567625,12692.416015625,8.36164219328006,0.00133657970442142,1,0.999253354069792,40.0298881530762,2.00011401482575,19.2200001329184,45.7001679717919,8.30179011668775,250,-0.0304908648870427,8.36006892921892,0.00458558410610808,300.0055847,300.0057678,12632.4150390625,12752.4169921875,55.6918136237174,20.6165933301805,8.884414,0,0,0,40,4449,299.94975,12692.416015625,,,,,,,,,,,,,0,,,,10.22074175,,,,,,300.00567625,,,,
,16776037.225,300.0055847,12802.4389648438,8.3831803730768,0.00129759389051832,1,0.999253354069792,40.0298881530762,2.00014691728578,19.2300006747246,45.8188789228443,8.32190644806032,250,-0.0308251962520299,8.38160422843391,0.0043408985402934,300.0055847,300.0055847,12752.4169921875,12852.4609375,55.626156828102,20.6177893681427,8.512546,0,0,0,40,4449,299.95105,12802.4389648438,,,,,,,,,,,,,0,,,,10.3218117,,,,,,300.0055847,,,,
,16776038.315,300.00582885,12912.5322265625,8.40548966496281,0.00128313243205453,1,0.999253354069792,40.0298881530762,2.00017015334289,19.2300006747246,45.9409403215054,8.34625937400724,250,-0.0305200710341284,8.40390766702234,0.00473909501415206,300.0055847,300.006073,12852.4609375,12972.603515625,55.4307496982943,20.6177450865211,9.256284,0,0,0,40,4449,299.95,12912.5322265625,,,,,,,,,,,,,0,,,,10.26999905,,,,,,300.00582885,,,,
,16776039.36,300.00546265,13017.6440429688,8.42672666927945,0.00101544656525278,1,0.999253354069792,40.0298881530762,2.00013090289471,19.2200001329184,46.0560039048925,8.36788290934835,250,-0.030469142111079,8.42514030694853,0.00487848474136863,300.0048523,300.006073,12972.603515625,13062.6845703125,55.700411537429,20.6171227954899,8.512546,0,0,0,40,4449,299.9503,13017.6440429688,,,,,,,,,,,,,0,,,,10.37310935,,,,,,300.00546265,,,,
,16776040.32,300.00595095,13113.1215820312,8.44700786972271,0.00127810743358522,1,0.999253354069792,40.0298881530762,2.00017937523757,19.2300006747246,46.1681043179727,8.38733557029928,250,-0.0307038244584389,8.44541827709256,0.00472823414496877,300.0048523,300.0070496,13062.6845703125,13163.55859375,55.5558102613713,20.6200956667747,9.256284,0,0,0,40,4449,299.9515,13113.1215820312,,,,,,,,,,,,,0,,,,10.3218117,,,,,,300.00595095,,,,
,16776041.425,300.00646975,13223.6889648438,8.46903016511982,0.0012571909344555,1,0.999253354069792,40.0298881530762,1.99998875551415,19.2200001329184,46.2839262756762,8.40973108136351,250,-0.0305434492820833,8.46743530916022,0.00498038819337174,300.0058899,300.0070496,13163.55859375,13283.8193359375,55.6230303140251,20.617859403532,8.512546,0,0,0,40,4449,299.9512,13223.6889648438,,,,,,,,,,,,,0,,,,10.2187014,,,,,,300.00646975,,,,
,16776042.51,300.0069275,13333.8588867188,8.48936911926198,0.00120133566405742,1,0.999253354069792,40.0298881530762,1.99992128850648,19.2200001329184,46.3934922143546,8.4299847926791,250,-0.0305549920269904,8.48777008385781,0.00505357702065098,300.0058899,300.0079651,13283.8193359375,13383.8984375,55.5964549443713,20.6198601016221,9.256284,0,0,0,40,4449,299.95105,13333.8588867188,,,,,,,,,,,,,0,,,,10.3218117,,,,,,300.0069275,,,,
,16776043.51,300.00724795,13433.9506835938,8.51054783099422,0.00127510130135468,1,0.999253354069792,40.0298881530762,1.99992012820956,19.2200001329184,46.5097601055087,8.44801617326078,250,-0.0311792485714489,8.50894702815878,0.00451800936956231,300.0065308,300.0079651,13383.8984375,13484.0029296875,55.5870754021405,20.6194420285994,8.512546,0,0,0,40,4449,299.94905,13433.9506835938,,,,,,,,,,,,,0,,,,10.37310935,,,,,,300.00724795,,,,
,16776044.54,300.0062714,13534.03515625,8.53181002876876,0.00103690175737662,1,0.999253354069792,40.0298881530762,2.00004976227447,19.2300006747246,46.6281739811855,8.47359954684503,250,-0.0305348738774968,8.53020255257322,0.00525090915209696,300.006012,300.0065308,13484.0029296875,13584.0673828125,55.5620632895251,20.6216314560739,8.512546,0,0,0,40,4449,299.94885,13534.03515625,,,,,,,,,,,,,0,,,,10.37310935,,,,,,300.0062714,,,,
,16776045.515,300.0062714,13629.1044921875,8.55274766264947,0.00110088108290973,1,0.999253354069792,40.0298881530762,2.00011420996044,19.2200001329184,46.7446110712771,8.49174769468821,250,-0.0311431223721481,8.55113848859177,0.00473047802221135,300.006012,300.0065308,13584.0673828125,13674.1416015625,55.7082278226213,20.6216701105237,7.396941,0,0,0,40,4449,299.946,13629.1044921875,,,,,,,,,,,,,0,,,,10.37310935,,,,,,300.0062714,,,,
,16776046.525,300.0063782,13734.2080078125,8.57363784231962,0.00139194530131868,1,0.999253354069792,40.0298881530762,2.00011632002016,19.2200001329184,46.8588043404655,8.51265367368328,250,-0.0311906449543393,8.57202458147041,0.00477060237317888,300.0062256,300.0065308,13674.1416015625,13794.2744140625,55.8285986145828,20.6194454023972,9.256284,0,0,0,40,4449,299.94175,13734.2080078125,,,,,,,,,,,,,0,,,,10.37310935,,,,,,300.0063782,,,,
,16776047.625,300.00657655,13849.2626953125,8.59492962599551,0.0012135492626659,1,0.999253354069792,40.0298881530762,2.00018499315731,19.2200001329184,46.9761004685076,8.53755935746222,250,-0.0306302666467915,8.59330969112377,0.00541940801297252,300.0062256,300.0069275,13794.2744140625,13904.2509765625,55.6793075674097,20.6212117648343,8.512546,0,0,0,40,4449,299.9426,13849.2626953125,,,,,,,,,,,,,0,,,,10.3218117,,,,,,300.00657655,,,,
,16776048.615,300.0071564,13949.1748046875,8.61467995472928,0.00119921094240246,1,0.999253354069792,40.0298881530762,2.00016417129485,19.2200001329184,47.0836958357662,8.55640448406297,250,-0.0308257972631,8.61305668729124,0.00530621517389713,300.0069275,300.0073853,13904.2509765625,13994.0986328125,55.8840942394482,20.6214398577521,8.512546,0,0,0,40,4449,299.94245,13949.1748046875,,,,,,,,,,,,,0,,,,10.0678482,,,,,,300.0071564,,,,
,16776049.645,300.00643925,14049.1850585938,8.63611679687907,0.00118191355099864,1,0.999253354069792,40.0298881530762,2.00008762433961,19.2200001329184,47.1994924915513,8.57526049851504,250,-0.0312893018051653,8.63449140120888,0.00493205034685898,300.0054932,300.0073853,13994.0986328125,14104.271484375,55.5425225765443,20.6202764667408,7.396941,0,0,0,40,4449,299.94315,14049.1850585938,,,,,,,,,,,,,0,,,,10.11914585,,,,,,300.00643925,,,,
,16776050.81,300.0060425,14164.2885742187,8.65674261478587,0.001301475295345,1,0.999253354069792,40.0298881530762,2.000147215204,19.2200001329184,47.3131401909392,8.59844431441651,250,-0.0309139927246426,8.65511165408595,0.00539294707140318,300.0054932,300.0065918,14104.271484375,14224.3056640625,55.8207823293905,20.6218652692391,7.396941,0,0,0,40,4449,299.9445,14164.2885742187,,,,,,,,,,,,,0,,,,10.42544175,,,,,,300.0060425,,,,
,16776051.865,300.00720215,14269.3569335938,8.67730210846595,0.00129976800558554,1,0.999253354069792,40.0298881530762,2.00014951359446,19.2200001329184,47.4257448517398,8.61787086717441,250,-0.0311707796358188,8.6756677113303,0.0052220074339793,300.0065918,300.0078125,14224.3056640625,14314.408203125,55.7621601904482,20.6203628078849,9.256284,0,0,0,40,4449,299.94335,14269.3569335938,,,,,,,,,,,,,0,,,,10.42544175,,,,,,300.00720215,,,,
,16776052.92,300.0072632,14374.3950195313,8.69909884101308,0.00116056889720686,1,0.999253354069792,40.0298881530762,2.00016207521007,19.2200001329184,47.5448228057986,8.64142213858742,250,-0.0309095958116434,8.69745895198731,0.00557393175986097,300.0067139,300.0078125,14314.408203125,14434.3818359375,55.697285023352,20.6211833352805,7.396941,0,0,0,40,4449,299.9435,14374.3950195313,,,,,,,,,,,,,0,,,,10.37310935,,,,,,300.0072632,,,,
,16776054.015,300.00665285,14484.3793945313,8.74092601610497,0.00120409572619293,1,0.999253354069792,40.0298881530762,2.00004481579407,19.2300006747246,47.7708992406458,8.68140316203147,250,-0.0312537601064187,8.73927934340141,0.00540432290315838,300.0065918,300.0067139,14434.3818359375,14534.376953125,55.6480424266405,20.6205664234059,8.884414,0,0,0,40,4449,299.9455,14484.3793945313,,,,,,,,,,,,,0,,,,10.37310935,,,,,,300.00665285,,,,
,16776055.115,300.0073395,14594.4340820313,8.76197835217843,0.00131190074281624,1,0.999253354069792,40.0298881530762,2.00014401849494,19.2300006747246,47.8880526918268,8.70389810116224,250,-0.0311148521473952,8.76032666982204,0.00563066282122803,300.0065918,300.0080872,14534.376953125,14654.4912109375,55.7645050760059,20.6200608279761,8.512546,0,0,0,40,4449,299.94685,14594.4340820313,,,,,,,,,,,,,0,,,,10.1689291,,,,,,300.0073395,,,,
,16776056.215,300.00816345,14704.4052734375,8.78376736062185,0.00128558470588427,1,0.999253354069792,40.0298881530762,2.0001802114605,19.2200001329184,48.0080511379062,8.72533898387248,250,-0.0312568454300534,8.7821116514873,0.00557924307542847,300.0080872,300.0082397,14654.4912109375,14754.3193359375,55.748090877102,20.6200720594182,9.256284,0,0,0,40,4449,299.9482,14704.4052734375,,,,,,,,,,,,,0,,,,10.1689291,,,,,,300.00816345,,,,
,16776057.305,300.0077667,14809.330078125,8.80578277444729,0.00135310906097322,1,0.999253354069792,40.0298881530762,2.00020992378742,19.2200001329184,48.1294380640808,8.74537824046447,250,-0.0316926300628556,8.80412461493488,0.00523508678397736,300.0072937,300.0082397,14754.3193359375,14864.3408203125,55.8411046708905,20.6195511443078,7.396941,0,0,0,40,4449,299.9494,14809.330078125,,,,,,,,,,,,,0,,,,10.26999905,,,,,,300.0077667,,,,
,16776058.315,300.0074005,14909.384765625,8.82720985942782,0.00126695745703403,1,0.999253354069792,40.0298881530762,2.00018724007227,19.2200001329184,48.2454790439308,8.76947253951472,250,-0.0312363888534023,8.82554558622449,0.00578066690248572,300.0072937,300.0075073,14864.3408203125,14954.4287109375,56.0920074255636,20.6205198638516,9.256284,0,0,0,40,4449,299.9483,14909.384765625,,,,,,,,,,,,,0,,,,10.26999905,,,,,,300.0074005,,,,
,16776059.32,300.008255,15014.404296875,8.84844763218259,0.0012420037111485,1,0.999253354069792,40.0298881530762,2.00013765366879,19.2200001329184,48.359982437363,8.79253042601717,250,-0.0309132897421364,8.84677746657081,0.00619210208622546,300.0075073,300.0090027,14954.4287109375,15074.3798828125,55.7418378489482,20.6192756618111,7.396941,0,0,0,40,4449,299.9486,15014.404296875,,,,,,,,,,,,,0,,,,10.11914585,,,,,,300.008255,,,,
,16776060.43,300.00820925,15124.4575195313,8.86997498696686,0.00151170919368359,1,0.999253354069792,40.0298881530762,2.00005980932531,19.2200001329184,48.4763661600589,8.81052709175941,250,-0.0315479888259174,8.86830319833953,0.0056469394513273,300.0074158,300.0090027,15074.3798828125,15174.53515625,55.6957217663136,20.6202533783178,7.396941,0,0,0,40,4449,299.9501,15124.4575195313,,,,,,,,,,,,,0,,,,10.1709585,,,,,,300.00820925,,,,
,16776061.43,300.00834655,15224.5493164062,8.89210785918387,0.00127783860272002,1,0.999253354069792,40.0298881530762,2.00014295935077,19.2200001329184,48.5996781035629,8.83081109531088,250,-0.0320032812154557,8.89043346126514,0.00528423041478372,300.0074158,300.0092773,15174.53515625,15274.5634765625,55.7441827345059,20.6202710926443,8.884414,0,0,0,40,4449,299.94825,15224.5493164062,,,,,,,,,,,,,0,,,,10.37310935,,,,,,300.00834655,,,,
,16776062.455,300.00952145,15329.6215820313,8.91401310290529,0.00117049630040365,1,0.999253354069792,40.0298881530762,2.00016795198214,19.2200001329184,48.7196074431127,8.85474923527219,250,-0.0317013293785352,8.91233265647678,0.00567733125714918,300.0092773,300.0097656,15274.5634765625,15384.6796875,55.8497025846021,20.6203702084437,9.256284,0,0,0,40,4449,299.9484,15329.6215820313,,,,,,,,,,,,,0,,,,10.3212967,,,,,,300.00952145,,,,
,16776063.47,300.0083618,15429.7094726562,8.93537729776956,0.00139956405452629,1,0.999253354069792,40.0298881530762,2.00008973189256,19.2300006747246,48.8344947826182,8.875739402462,250,-0.0317572903958526,8.93369318026925,0.00571032707035739,300.006958,300.0097656,15384.6796875,15474.7392578125,55.9044165809482,20.6201169231849,8.512546,0,0,0,40,4449,299.9487,15429.7094726562,,,,,,,,,,,,,0,,,,10.1689291,,,,,,300.0083618,,,,
,16776064.46,300.00775145,15529.595703125,8.95716173018487,0.00126414256329043,1,0.999253354069792,40.0298881530762,2.00010741021599,19.2200001329184,48.9539083938234,8.8978209768803,250,-0.0317674584391113,8.95547345511706,0.00579118400017579,300.006958,300.0085449,15474.7392578125,15584.4521484375,55.7574704193328,20.6181367152614,8.512546,0,0,0,40,4449,299.94685,15529.595703125,,,,,,,,,,,,,0,,,,10.11763145,,,,,,300.00775145,,,,
,16776065.58,300.0083618,15639.5205078125,8.98152633796197,0.00126593360222403,1,0.999253354069792,40.0298881530762,2.00012619281487,19.2300006747246,49.0869418796387,8.92521150772516,250,-0.0312844745997535,8.97983095189571,0.00637546242845007,300.0081787,300.0085449,15584.4521484375,15694.5888671875,55.6128691432751,20.6196637152918,8.512546,0,0,0,40,4449,299.9476,15639.5205078125,,,,,,,,,,,,,0,,,,10.2187014,,,,,,300.0083618,,,,
,16776066.54,300.0081787,15734.5776367188,9.0043640462162,0.00131720813022619,1,0.999253354069792,40.0298881530762,2.00017294712219,19.2200001329184,49.2128136721264,8.94846444232294,250,-0.0312982589963717,9.00266421642203,0.0064565466377316,300.0081787,300.0081787,15694.5888671875,15774.56640625,55.791862074179,20.6224763207547,8.512546,0,0,0,40,4449,299.94975,15734.5776367188,,,,,,,,,,,,,0,,,,10.26999905,,,,,,300.0081787,,,,
,16776067.53,300.00834655,15834.625,9.02648830645675,0.00129503621786699,1,0.999253354069792,40.0298881530762,2.00012578183493,19.2200001329184,49.3328894084953,8.96867646351024,250,-0.0316618145981069,9.0247854982686,0.0061852559038047,300.0081787,300.0085144,15774.56640625,15894.68359375,55.8895656390828,20.6205730042351,8.512546,0,0,0,40,4449,299.94955,15834.625,,,,,,,,,,,,,0,,,,10.1689291,,,,,,300.00834655,,,,
,16776068.775,300.00894165,15959.720703125,9.04902162466322,0.00147677995278489,1,0.999253354069792,40.0298881530762,2.0000702469679,19.2300006747246,49.4542829620033,8.99308416815977,250,-0.0313262452838595,9.04731266745832,0.00661481012166752,300.0085144,300.0093689,15894.68359375,16024.7578125,55.537832805429,20.6206407452564,9.256284,0,0,0,40,4449,299.94735,15959.720703125,,,,,,,,,,,,,0,,,,10.27307415,,,,,,300.00894165,,,,
,16776069.79,300.0093689,16064.7529296875,9.07244727279982,0.00130816154986017,1,0.999253354069792,40.0298881530762,2.00011202951967,19.2200001329184,49.5835648704382,9.01521111614451,250,-0.0316515403251319,9.07073483489698,0.00638711626080186,300.0093689,300.0093689,16024.7578125,16104.748046875,55.9724182621213,20.6212229351544,9.256284,0,0,0,40,4449,299.94765,16064.7529296875,,,,,,,,,,,,,0,,,,10.42544175,,,,,,300.0093689,,,,
,16776070.71,300.0094757,16154.771484375,9.09703376382019,0.001459842682566,1,0.999253354069792,40.0298881530762,2.00015245582134,19.2200001329184,49.719535617361,9.03648395075559,250,-0.0323474060051399,9.0953192830454,0.00579364567255002,300.0093689,300.0095825,16104.748046875,16204.794921875,55.8715881831405,20.6197819835064,8.884414,0,0,0,40,4449,299.9495,16154.771484375,,,,,,,,,,,,,0,,,,10.1689291,,,,,,300.0094757,,,,
,16776071.83,300.00956725,16264.8745117188,9.12025737469339,0.00138346277671512,1,0.999253354069792,40.0298881530762,2.00008980376169,19.2200001329184,49.8444269004765,9.06205284884088,250,-0.031920963346674,9.11853641548565,0.00631668076633209,300.009552,300.0095825,16204.794921875,16324.9541015625,55.8887840105636,20.620170878883,7.396941,0,0,0,40,4449,299.9496,16264.8745117188,,,,,,,,,,,,,0,,,,10.11763145,,,,,,300.00956725,,,,
,16776072.8,300.00920105,16365.1918945313,9.14359713751977,0.00169792468411912,1,0.999253354069792,40.0298881530762,2.00012391214457,19.2200001329184,49.9726617164087,9.0862263639916,250,-0.0318500473836807,9.14187129162988,0.00648505979857704,300.0088501,300.009552,16324.9541015625,16405.4296875,55.8317251286598,20.6209251844675,8.512546,0,0,0,40,4449,299.948,16365.1918945313,,,,,,,,,,,,,0,,,,10.2187014,,,,,,300.00920105,,,,
,16776073.76,300.00901795,16460.52734375,9.16895843580808,0.00130243867875466,1,0.999253354069792,40.0298881530762,2.00015113191039,19.2200001329184,50.1121840268422,9.11020419274157,250,-0.032184222623386,9.16722893991031,0.00625678739641957,300.0088501,300.0091858,16405.4296875,16515.625,55.7136992222559,20.62331716564,8.512546,0,0,0,40,4449,299.94735,16460.52734375,,,,,,,,,,,,,0,,,,10.26999905,,,,,,300.00901795,,,,
,16776074.86,300.00971985,16570.7216796875,9.21872906083383,0.00144816916449583,1,0.999253354069792,40.0298881530762,2.00008702213856,19.2200001329184,50.3822846188453,9.16121176340798,250,-0.0320208212124818,9.21698859655473,0.00662797848745981,300.0091858,300.0102539,16515.625,16625.818359375,55.7394929633905,20.6209287792638,8.884414,0,0,0,40,4449,299.94825,16570.7216796875,,,,,,,,,,,,,0,,,,10.3212967,,,,,,300.00971985,,,,
,16776076.025,300.00987245,16685.841796875,9.24290921703249,0.00124366315366248,1,0.999253354069792,40.0298881530762,2.00008335684686,19.2200001329184,50.514495481629,9.18440791931914,250,-0.0322536934997282,9.24116482102059,0.00649585455182147,300.009491,300.0102539,16625.818359375,16745.865234375,55.6738361677751,20.6188848825979,7.396941,0,0,0,40,4449,299.94795,16685.841796875,,,,,,,,,,,,,0,,,,10.1689291,,,,,,300.00987245,,,,
,16776077.235,300.00964355,16805.935546875,9.26854237971644,0.00146713937496816,1,0.999253354069792,40.0298881530762,2.00013547923108,19.2300006747246,50.6562947157209,9.20784175963566,250,-0.0327585657592517,9.26679500269831,0.00609813256789062,300.009491,300.0097961,16745.865234375,16866.005859375,55.7770111323136,20.6200507096069,8.512546,0,0,0,40,4449,299.94575,16805.935546875,,,,,,,,,,,,,0,,,,10.0165615,,,,,,300.00964355,,,,
,16776078.32,300.0097961,16916.0439453125,9.294043917863,0.00142703726888644,1,0.999253354069792,40.0298881530762,2.00005700183988,19.2200001329184,50.7933350581488,9.23494311069987,250,-0.0324599747943221,9.29229010466526,0.00650298641085611,300.0097961,300.0097961,16866.005859375,16966.08203125,55.9012900668713,20.6207087215636,9.256284,0,0,0,40,4449,299.94505,16916.0439453125,,,,,,,,,,,,,0,,,,10.27307415,,,,,,300.0097961,,,,
,16776079.275,300.0097961,17011.1279296875,9.31972754552483,0.00152868750226727,1,0.999253354069792,40.0298881530762,2.00000977133537,19.2200001329184,50.9321034001892,9.26253949445277,250,-0.0321298031893995,9.31796719367472,0.00694002007810546,300.0097961,300.0097961,16966.08203125,17056.173828125,55.7981151023328,20.621020819302,8.512546,0,0,0,40,4449,299.94595,17011.1279296875,,,,,,,,,,,,,0,,,,10.42544175,,,,,,300.0097961,,,,
,16776080.32,300.0097961,17116.19140625,9.34657146341039,0.00151469998077061,1,0.999253354069792,40.0298881530762,2.00001738878887,19.2200001329184,51.0789792276316,9.28933728368125,250,-0.0322062093237194,9.34480604378169,0.00697539407731763,300.0097961,300.0097961,17056.173828125,17176.208984375,55.8098395301213,20.6213583211783,9.256284,0,0,0,40,4449,299.9466,17116.19140625,,,,,,,,,,,,,0,,,,10.1689291,,,,,,300.0097961,,,,
,16776081.295,300.0097961,17216.1376953125,9.37259967225373,0.00151651708399949,1,0.999253354069792,40.0298881530762,2.0000017649642,19.2200001329184,51.2212435220702,9.31292427485045,250,-0.0327001344970443,9.37083108583179,0.00659007338603784,300.0097961,300.0097961,17176.208984375,17256.06640625,55.6339731132944,20.6212549077098,9.256284,0,0,0,40,4449,299.9464,17216.1376953125,,,,,,,,,,,,,0,,,,10.11763145,,,,,,300.0097961,,,,
,16776082.295,300.0100708,17316.1142578125,9.39870258719735,0.00141442734822539,1,0.999253354069792,40.0298881530762,1.99995596872038,19.2200001329184,51.3626097666869,9.33940436870749,250,-0.0326530881747145,9.39692844281112,0.00674607056570644,300.0097961,300.0103455,17256.06640625,17376.162109375,55.8598637553521,20.620434985275,8.512546,0,0,0,40,4449,299.94525,17316.1142578125,,,,,,,,,,,,,0,,,,10.3741441,,,,,,300.0100708,,,,
,16776083.435,300.01002505,17426.138671875,9.42649752424529,0.00144270216582599,1,0.999253354069792,40.0298881530762,1.99993725059051,19.2200001329184,51.5136398254575,9.36907315406802,250,-0.0323582750167157,9.42471655716109,0.00715680197740425,300.0097046,300.0103455,17376.162109375,17476.115234375,55.9903957180636,20.6225105312742,9.256284,0,0,0,40,4449,299.94415,17426.138671875,,,,,,,,,,,,,0,,,,10.27307415,,,,,,300.01002505,,,,
,16776084.445,300.0091858,17526.0947265625,9.45315304851635,0.00149611922508289,1,0.999253354069792,40.0298881530762,1.99994854563486,19.2300006747246,51.6598386239567,9.39429047785925,250,-0.0326923368300144,9.45136840887107,0.00693394555051862,300.008667,300.0097046,17476.115234375,17576.07421875,55.6824340814867,20.6223522676298,9.256284,0,0,0,40,4449,299.94385,17526.0947265625,,,,,,,,,,,,,0,,,,10.1689291,,,,,,300.0091858,,,,
,16776085.5,300.00938415,17631.1279296875,9.48105201851672,0.00164739222032322,1,0.999253354069792,40.0298881530762,1.99994617566846,19.2200001329184,51.8124603785331,9.42082583605299,250,-0.0330040009235383,9.47926301014011,0.00673857121651228,300.008667,300.0101013,17576.07421875,17686.181640625,56.0607422847944,20.6217064025463,9.256284,0,0,0,40,4449,299.9441,17631.1279296875,,,,,,,,,,,,,0,,,,10.42544175,,,,,,300.00938415,,,,
,16776086.515,300.0106964,17731.2490234375,9.50882796392282,0.00143416105955507,1,0.999253354069792,40.0298881530762,1.9999760005563,19.2300006747246,51.9650223165966,9.44846734355014,250,-0.0331174470306598,9.50703338335239,0.00674093208142639,300.0101013,300.0112915,17686.181640625,17776.31640625,55.8840942394482,20.6213976453983,8.512546,0,0,0,40,4449,299.94405,17731.2490234375,,,,,,,,,,,,,0,,,,10.3741441,,,,,,300.0106964,,,,
,16776087.515,300.01089475,17831.2607421875,9.53821860139079,0.00160213637136783,1,0.999253354069792,40.0298881530762,1.99997711042069,19.2200001329184,52.1249494119036,9.48155186329767,250,-0.032509686317132,9.53641547815295,0.00747121135290891,300.010498,300.0112915,17776.31640625,17886.205078125,55.7058829370636,20.6217633450847,8.884414,0,0,0,40,4449,299.9434,17831.2607421875,,,,,,,,,,,,,0,,,,10.26999905,,,,,,300.01089475,,,,
,16776088.6,300.0109558,17941.234375,9.56587249416928,0.00149076175197326,1,0.999253354069792,40.0298881530762,1.99991371080088,19.2300006747246,52.2748267074909,9.50676340536163,250,-0.0329665291092695,9.56406571149057,0.00712960727487353,300.010498,300.0114136,17886.205078125,17996.263671875,55.8919105246405,20.6215911487217,8.512546,0,0,0,40,4449,299.9437,17941.234375,,,,,,,,,,,,,0,,,,10.1689291,,,,,,300.0109558,,,,
,16776089.585,300.0111847,18041.2294921875,9.59337426155704,0.00144277784756427,1,0.999253354069792,40.0298881530762,1.99994613758221,19.2200001329184,52.4262521559377,9.53258753118029,250,-0.0333642669931194,9.59156353836086,0.00684650950750637,300.0109558,300.0114136,17996.263671875,18086.1953125,55.8293802431021,20.6214513839588,8.884414,0,0,0,40,4449,299.94405,18041.2294921875,,,,,,,,,,,,,0,,,,10.1689291,,,,,,300.0111847,,,,
,16776090.58,300.01034545,18141.263671875,9.62263944301385,0.0015490957763464,1,0.999253354069792,40.0298881530762,2.00003329005494,19.2300006747246,52.5881330630444,9.56360617728017,250,-0.0331850259290465,9.62082235708243,0.00714792092861619,300.0097351,300.0109558,18086.1953125,18196.33203125,55.6324098562559,20.6201834827479,8.512546,0,0,0,40,4449,299.94275,18141.263671875,,,,,,,,,,,,,0,,,,10.3212967,,,,,,300.01034545,,,,
,16776091.58,300.0102539,18241.2373046875,9.65212334169817,0.001520559448739,1,0.999253354069792,40.0298881530762,2.00009044314315,19.2300006747246,52.7507703599025,9.59297770102621,250,-0.0333226588650795,9.65030091259575,0.00713343618276426,300.0097351,300.0107727,18196.33203125,18286.142578125,55.6456975410828,20.6223915292039,8.512546,0,0,0,40,4449,299.94145,18241.2373046875,,,,,,,,,,,,,0,,,,10.3212967,,,,,,300.0102539,,,,
,16776092.525,300.01101685,18336.189453125,9.68189319951418,0.00164304019772204,1,0.999253354069792,40.0298881530762,2.0000658665964,19.2200001329184,52.9119411465861,9.62726237006549,250,-0.0325437530440393,9.68006122893022,0.0080364433202242,300.0107727,300.011261,18286.142578125,18386.236328125,55.6472607981213,20.6194054335818,9.256284,0,0,0,40,4449,299.9407,18336.189453125,,,,,,,,,,,,,0,,,,10.42544175,,,,,,300.01101685,,,,
,16776093.605,300.01124575,18446.2919921875,9.71269896968286,0.00144552713567506,1,0.999253354069792,40.0298881530762,2.00005347237514,19.2200001329184,53.0804775704061,9.6551267743229,250,-0.0331426083127245,9.71086323264348,0.00756607176572681,300.0112305,300.011261,18386.236328125,18506.34765625,55.8207823293905,20.6207212262552,8.512546,0,0,0,40,4449,299.9408,18446.2919921875,,,,,,,,,,,,,0,,,,10.5295868,,,,,,300.01124575,,,,
,16776094.66,300.0110016,18551.4306640625,9.74224817010424,0.00158778047448178,1,0.999253354069792,40.0298881530762,2.00009381383705,19.2200001329184,53.2431939294621,9.68371712344668,250,-0.0334211594975598,9.74040774206991,0.00741074895098522,300.0107727,300.0112305,18506.34765625,18596.513671875,55.5902019162174,20.6188761606066,9.256284,0,0,0,40,4449,299.9406,18551.4306640625,,,,,,,,,,,,,0,,,,10.42544175,,,,,,300.0110016,,,,
,16776095.705,300.01078795,18656.4912109375,9.77275316774041,0.00162040140437341,1,0.999253354069792,40.0298881530762,2.00008838635236,19.2200001329184,53.4098604257798,9.71351953307224,250,-0.0336155520756469,9.77090749167714,0.00734356861475318,300.0107727,300.0108032,18596.513671875,18716.46875,55.6879054811213,20.6181429014938,7.396941,0,0,0,40,4449,299.9404,18656.4912109375,,,,,,,,,,,,,0,,,,10.1689291,,,,,,300.01078795,,,,
,16776096.88,300.01055905,18776.5244140625,9.80216474553118,0.00171988733221939,1,0.999253354069792,40.0298881530762,2.00003028813159,19.2200001329184,53.5681068090241,9.74774671876846,250,-0.0327513372005906,9.80030960143491,0.00833032949704272,300.0103149,300.0108032,18716.46875,18836.580078125,55.9356817217174,20.61663823317,7.396941,0,0,0,40,4449,299.93875,18776.5244140625,,,,,,,,,,,,,0,,,,10.27307415,,,,,,300.01055905,,,,
,16776097.93,300.01063535,18881.5546875,9.8328525943547,0.00163803068526464,1,0.999253354069792,40.0298881530762,2.00000030216314,19.2300006747246,53.7356966028614,9.77451796806138,250,-0.0335130993489198,9.83099442867669,0.0076967655125953,300.0103149,300.0109558,18836.580078125,18926.529296875,55.7926437026982,20.6169541105611,8.884414,0,0,0,40,4449,299.93785,18881.5546875,,,,,,,,,,,,,0,,,,10.42544175,,,,,,300.01063535,,,,
,16776098.895,300.0117645,18976.5224609375,9.86477694774688,0.00144541214308913,1,0.999253354069792,40.0298881530762,1.9999332987473,19.2300006747246,53.9080247893756,9.8079458935716,250,-0.0332524019465924,9.86291086627961,0.00809037142303472,300.0109558,300.0125732,18926.529296875,19026.515625,55.7144808507751,20.6213854502927,8.512546,0,0,0,40,4449,299.93895,18976.5224609375,,,,,,,,,,,,,0,,,,10.3212967,,,,,,300.0117645,,,,
,16776099.965,300.0122528,19081.53125,9.92687198262709,0.00168608386559213,1,0.999253354069792,40.0298881530762,1.99975018459189,19.2200001329184,54.2427780654576,9.8673741781565,250,-0.0337225506042015,9.92499513213157,0.00787984037989037,300.0119324,300.0125732,19026.515625,19136.546875,55.8614270123905,20.6209620946226,7.396941,0,0,0,40,4449,299.93875,19081.53125,,,,,,,,,,,,,0,,,,10.42544175,,,,,,300.0122528,,,,
,16776101.095,300.01242065,19191.5830078125,9.9569606630393,0.0017349011258455,1,0.999253354069792,40.0298881530762,1.99999670002408,19.2200001329184,54.4136295976849,9.89899860452689,250,-0.0337276245769164,9.95507771842825,0.00800016853382456,300.0119324,300.0129089,19136.546875,19246.619140625,55.8106211586405,20.6222947120866,7.396941,0,0,0,40,4449,299.93835,19191.5830078125,,,,,,,,,,,,,0,,,,10.42544175,,,,,,300.01242065,,,,
,16776102.15,300.01312255,19296.607421875,9.98841265480706,0.00157589388556863,1,0.999253354069792,40.0298881530762,2.00002865394879,19.2200001329184,54.5869525213184,9.92722681788814,250,-0.0344185104490817,9.98652601587918,0.00744053258680934,300.0129089,300.0133362,19246.619140625,19346.595703125,55.7168257363328,20.6216729177867,8.512546,0,0,0,40,4449,299.93815,19296.607421875,,,,,,,,,,,,,0,,,,10.3212967,,,,,,300.01312255,,,,
,16776103.235,300.01353455,19406.650390625,10.0197858708967,0.00159493235989535,1,0.999253354069792,40.0298881530762,1.99999249173978,19.2200001329184,54.7567235519328,9.96210943876144,250,-0.0338159747460178,10.0178902440515,0.00817367780801127,300.0133362,300.0137329,19346.595703125,19466.705078125,55.6527321977559,20.6220810075157,7.396941,0,0,0,40,4449,299.938,19406.650390625,,,,,,,,,,,,,0,,,,10.3212967,,,,,,300.01353455,,,,
,16776104.28,300.0137329,19511.724609375,10.0508240714682,0.00157648820031193,1,0.999253354069792,40.0298881530762,2.00009867546386,19.2200001329184,54.9296783332889,9.99082736478892,250,-0.034406918977138,10.0489245924937,0.00771230197868226,300.0137329,300.0137329,19466.705078125,19556.744140625,55.6894687381597,20.6201190348067,9.256284,0,0,0,40,4449,299.9373,19511.724609375,,,,,,,,,,,,,0,,,,10.3212967,,,,,,300.0137329,,,,
,16776105.175,300.0130615,19601.720703125,10.082837456984,0.00160519529825756,1,0.999253354069792,40.0298881530762,2.00005292747138,19.2200001329184,55.103717738333,10.0207706266114,250,-0.0348191099661543,10.0809334999124,0.00743374493368013,300.0123901,300.0137329,19556.744140625,19646.697265625,55.6753994248136,20.6205245933137,9.256284,0,0,0,40,4449,299.9371,19601.720703125,,,,,,,,,,,,,0,,,,10.3212967,,,,,,300.0130615,,,,
,16776106.16,300.01216125,19702.0478515625,10.1139202660617,0.0017391614325559,1,0.999253354069792,40.0298881530762,1.99998039141914,19.2200001329184,55.2710439202999,10.0545047212665,250,-0.0343398473176567,10.1120084227137,0.00804201857609527,300.0119324,300.0123901,19646.697265625,19757.3984375,55.8082762730828,20.6205876879128,7.396941,0,0,0,40,4449,299.9397,19702.0478515625,,,,,,,,,,,,,0,,,,10.3212967,,,,,,300.01216125,,,,
,16776107.15,300.0125122,19802.4658203125,10.1458878251444,0.00167981939125593,1,0.999253354069792,40.0298881530762,2.00001182142547,19.2200001329184,55.4466870799372,10.0859206086055,250,-0.0345421501140292,10.1439703078322,0.00797254682181653,300.0119324,300.013092,19757.3984375,19847.533203125,55.6324098562559,20.6201102258965,7.396941,0,0,0,40,4449,299.9424,19802.4658203125,,,,,,,,,,,,,0,,,,10.42544175,,,,,,300.0125122,,,,
,16776108.195,300.0124664,19907.5732421875,10.1778806084622,0.00172166963161085,1,0.999253354069792,40.0298881530762,2.00004800457734,19.2200001329184,55.6224856091442,10.118018708152,250,-0.0346290942963043,10.175957040449,0.00801890393989607,300.0118408,300.013092,19847.533203125,19967.61328125,55.6519505692367,20.6202273772713,8.512546,0,0,0,40,4449,299.94255,19907.5732421875,,,,,,,,,,,,,0,,,,10.42544175,,,,,,300.0124664,,,,
,16776109.275,300.01257325,20017.6064453125,10.2093353110035,0.00158251250297055,1,0.999253354069792,40.0298881530762,2.00005658899236,19.2200001329184,55.7948402625939,10.148144265867,250,-0.0349526986671075,10.2074067292795,0.00782646431355107,300.0118408,300.0133057,19967.61328125,20067.599609375,55.7473092485828,20.6185148061754,8.512546,0,0,0,40,4449,299.94205,20017.6064453125,,,,,,,,,,,,,0,,,,10.42544175,,,,,,300.01257325,,,,
,16776110.275,300.01298525,20117.671875,10.2417813849421,0.00145666443865287,1,0.999253354069792,40.0298881530762,2.00006455426786,19.2300006747246,55.9719374229467,10.182807839782,250,-0.0346288701615532,10.2398447438069,0.00828565381201114,300.0126648,300.0133057,20067.599609375,20167.744140625,55.7519990196982,20.6211673260351,9.256284,0,0,0,40,4449,299.9409,20117.671875,,,,,,,,,,,,,0,,,,10.27307415,,,,,,300.01298525,,,,
,16776111.31,300.01252745,20217.7685546875,10.2725868245642,0.00129317717331188,1,0.999253354069792,40.0298881530762,1.99979606607184,19.2200001329184,56.1332406771886,10.2105111180792,250,-0.0350236175794564,10.2706457776745,0.00801973973472714,300.0123901,300.0126648,20167.744140625,20267.79296875,55.5386144339482,20.6195095214413,7.396941,0,0,0,40,4449,299.93855,20217.7685546875,,,,,,,,,,,,,0,,,,10.27307415,,,,,,300.01252745,,,,
,16776112.38,300.0121765,20322.8115234375,10.3033664110028,0.00175310546172093,1,0.999253354069792,40.0298881530762,1.99970248633255,19.2200001329184,56.2990712207828,10.2395237764546,250,-0.0353321142423651,10.3014205757646,0.00783981107006091,300.0119629,300.0123901,20267.79296875,20377.830078125,55.6965033948328,20.6189400260306,7.396941,0,0,0,40,4449,299.9368,20322.8115234375,,,,,,,,,,,,,0,,,,10.4772544,,,,,,300.0121765,,,,
,16776113.445,300.01190185,20432.890625,10.3357290686221,0.00137923038519162,1,0.999253354069792,40.0298881530762,1.9998725312374,19.2200001329184,56.4799419213332,10.2760194049951,250,-0.0348047016504186,10.3337746271557,0.00850189061475247,300.0118408,300.0119629,20377.830078125,20487.951171875,55.666801511102,20.6189406742015,8.884414,0,0,0,40,4449,299.93695,20432.890625,,,,,,,,,,,,,0,,,,10.37310935,,,,,,300.01190185,,,,
,16776114.58,300.0120697,20547.8818359375,10.3681440903096,0.00144455918244565,1,0.999253354069792,40.0298881530762,2.00002017478067,19.2200001329184,56.6614411378458,10.3074305136849,250,-0.0351982647945889,10.3661847352178,0.00824325732773129,300.0118408,300.0122986,20487.951171875,20607.8125,55.6230303140251,20.6198249702203,8.512546,0,0,0,40,4449,299.9377,20547.8818359375,,,,,,,,,,,,,0,,,,10.1689291,,,,,,300.0120697,,,,
,16776115.635,300.0122986,20652.796875,10.3994070613604,0.00170500633297931,1,0.999253354069792,40.0298881530762,1.99990975891376,19.2200001329184,56.8294932658679,10.3365518807642,250,-0.0355607186958671,10.3974428239045,0.00801142082106214,300.0122986,300.0122986,20607.8125,20697.78125,55.7777927608328,20.6199132332017,8.512546,0,0,0,40,4449,299.9358,20652.796875,,,,,,,,,,,,,0,,,,10.1689291,,,,,,300.0122986,,,,
,16776116.68,300.01197815,20757.802734375,10.4310586494351,0.00159119525168714,1,0.999253354069792,40.0298881530762,2.00007671609992,19.2200001329184,57.0065682401133,10.3717161688588,250,-0.0351449556529872,10.429086391165,0.00855937918183293,300.0116577,300.0122986,20697.78125,20817.82421875,55.7191706218905,20.6198047813839,8.884414,0,0,0,40,4449,299.93325,20757.802734375,,,,,,,,,,,,,0,,,,10.1689291,,,,,,300.01197815,,,,
,16776117.915,300.0115204,20877.814453125,10.4935311659767,0.00126026995320109,1,0.999253354069792,40.0298881530762,2.00005245243096,19.2200001329184,57.3475701531127,10.4323005954409,250,-0.03561265096339,10.4915484321762,0.00835260979346644,300.0113831,300.0116577,20817.82421875,20937.8046875,55.9458428924675,20.6205078213814,9.256284,0,0,0,40,4449,299.9333,20877.814453125,,,,,,,,,,,,,0,,,,10.27307415,,,,,,300.0115204,,,,
,16776119.08,300.0120087,20992.8564453125,10.5239701527698,0.00164131346674322,1,0.999253354069792,40.0298881530762,2.00003714648363,19.2200001329184,57.5130560987079,10.4648282673367,250,-0.0352858115932311,10.5219797584471,0.00880601561969615,300.0113831,300.0126343,20937.8046875,21047.908203125,55.7996783593713,20.6201473861305,8.512546,0,0,0,40,4449,299.93355,20992.8564453125,,,,,,,,,,,,,0,,,,10.5295868,,,,,,300.0120087,,,,
,16776120.11,300.01202395,21097.9423828125,10.5545922665752,0.00158978589494171,1,0.999253354069792,40.0298881530762,2.00006986026829,19.2200001329184,57.6818272434443,10.4927340977768,250,-0.0358845396823553,10.552598191744,0.00833526765495326,300.0114136,300.0126343,21047.908203125,21147.9765625,55.7230787644867,20.6196707031333,8.884414,0,0,0,40,4449,299.93155,21097.9423828125,,,,,,,,,,,,,0,,,,10.42544175,,,,,,300.01202395,,,,
,16776121.135,300.0120697,21198.0185546875,10.5851490461152,0.00150079664394714,1,0.999253354069792,40.0298881530762,2.00008457110214,19.2200001329184,57.8486391200009,10.526415779581,250,-0.0353968300922764,10.5831467469608,0.00895040035228178,300.0114136,300.0127258,21147.9765625,21248.060546875,55.842667927929,20.6192585545312,8.512546,0,0,0,40,4449,299.9301,21198.0185546875,,,,,,,,,,,,,0,,,,10.42544175,,,,,,300.0120697,,,,
,16776122.165,300.0120697,21302.990234375,10.6150893031022,0.00129007193463451,1,0.999253354069792,40.0298881530762,1.99998707544201,19.2200001329184,58.0096855064109,10.5547352120633,250,-0.0356708585126042,10.6130821270603,0.00880122284620627,300.0114136,300.0127258,21248.060546875,21357.919921875,55.8059313875251,20.6202529154223,9.256284,0,0,0,40,4449,299.92925,21302.990234375,,,,,,,,,,,,,0,,,,10.42544175,,,,,,300.0120697,,,,
,16776123.17,300.0114441,21407.9404296875,10.6454945177998,0.00153297516257375,1,0.999253354069792,40.0298881530762,2.00003408248647,19.2200001329184,58.1776822401848,10.5824996682934,250,-0.0362682367655192,10.6434840175396,0.00833020438131484,300.0114136,300.0114746,21357.919921875,21457.9609375,55.903634952429,20.6204668446557,8.512546,0,0,0,40,4449,299.93125,21407.9404296875,,,,,,,,,,,,,0,,,,10.42544175,,,,,,300.0114441,,,,
,16776124.235,300.01208495,21512.9736328125,10.674611023411,0.00160341658363485,1,0.999253354069792,40.0298881530762,2.00010730987012,19.2200001329184,58.3383922283234,10.6144807741865,250,-0.0358796974975857,10.6725928240088,0.00883961156299768,300.0114746,300.0126953,21457.9609375,21567.986328125,55.761378561929,20.6202430603591,9.256284,0,0,0,40,4449,299.9326,21512.9736328125,,,,,,,,,,,,,0,,,,10.5295868,,,,,,300.01208495,,,,
,16776125.34,300.0126648,21622.9951171875,10.7040446150978,0.00122974547344361,1,0.999253354069792,40.0298881530762,2.00009192693592,19.2200001329184,58.498473370925,10.6454940292721,250,-0.0356437675994415,10.7020192793214,0.00919814017588764,300.0126343,300.0126953,21567.986328125,21678.00390625,55.7379297063521,20.6186064301739,8.512546,0,0,0,40,4449,299.9316,21622.9951171875,,,,,,,,,,,,,0,,,,10.42544175,,,,,,300.0126648,,,,
,16776126.735,300.0130005,21763.060546875,10.7617750236271,0.00116529155564911,1,0.999253354069792,40.0298881530762,2.00008088210609,19.2200001329184,58.8139870000069,10.7010763299482,250,-0.0361599183503578,10.759740083536,0.00892288291010529,300.0126343,300.0133667,21678.00390625,21848.1171875,55.8653351549867,20.6200152855622,8.884414,0,0,0,40,4449,299.93145,21763.060546875,,,,,,,,,,,,,0,,,,10.3212967,,,,,,300.0130005,,,,
,16776128.13,300.0133972,21903.154296875,10.7900676010313,0.0011986528814612,1,0.999253354069792,40.0298881530762,2.00008333805036,19.2300006747246,58.9683844581184,10.7308073156473,250,-0.0359639008840954,10.7880260124788,0.00923652665899419,300.0133667,300.0134277,21848.1171875,21958.19140625,55.7254236500444,20.6202022620177,8.512546,0,0,0,40,4449,299.93025,21903.154296875,,,,,,,,,,,,,0,,,,10.3212967,,,,,,300.0133972,,,,
,16776129.18,300.01242065,22008.2197265625,10.818192392614,0.00141230651995075,1,0.999253354069792,40.0298881530762,2.00011511878447,19.2200001329184,59.1231541983245,10.7581471418876,250,-0.0362030505268206,10.8161465391622,0.00911460282839849,300.0114136,300.0134277,21958.19140625,22058.248046875,55.8583004983136,20.620129699191,9.256284,0,0,0,40,4449,299.9293,22008.2197265625,,,,,,,,,,,,,0,,,,10.37310935,,,,,,300.01242065,,,,
,16776130.265,300.0118103,22113.2060546875,10.8451156140134,0.00147656693492992,1,0.999253354069792,40.0298881530762,2.00005548840274,19.2200001329184,59.2687989432816,10.7833906718675,250,-0.0365151423868088,10.8430659237208,0.00891447409938594,300.0114136,300.012207,22058.248046875,22168.1640625,55.893473781679,20.6198274413658,9.256284,0,0,0,40,4449,299.9297,22113.2060546875,,,,,,,,,,,,,0,,,,10.4772544,,,,,,300.0118103,,,,
,16776131.265,300.01234435,22213.1513671875,10.8728558546194,0.00126722507511182,1,0.999253354069792,40.0298881530762,1.99999800911777,19.2200001329184,59.4180250860826,10.8144959639841,250,-0.0359075357468668,10.8707978155183,0.0096376703464923,300.012207,300.0124817,22168.1640625,22258.138671875,55.8786228398136,20.620658666963,8.884414,0,0,0,40,4449,299.9281,22213.1513671875,,,,,,,,,,,,,0,,,,10.27307415,,,,,,300.01234435,,,,
,16776132.18,300.0121765,22308.177734375,10.8995513536312,0.00115228249017645,1,0.999253354069792,40.0298881530762,1.99998546050168,19.2200001329184,59.563491109191,10.8412843683413,250,-0.0359396468528945,10.8974881585204,0.00971668613191001,300.0118713,300.0124817,22258.138671875,22358.216796875,55.8668984120251,20.6203433016709,9.256284,0,0,0,40,4449,299.9279,22308.177734375,,,,,,,,,,,,,0,,,,10.0165615,,,,,,300.0121765,,,,
,16776133.235,300.0118713,22413.126953125,10.9263525063056,0.00131884314303476,1,0.999253354069792,40.0298881530762,2.00005488989275,19.2300006747246,59.7124272143009,10.8658704251435,250,-0.0364735850282429,10.9242863348145,0.00929395223372259,300.0118713,300.0118713,22358.216796875,22468.037109375,55.8262537290251,20.6214594186996,9.256284,0,0,0,40,4449,299.92985,22413.126953125,,,,,,,,,,,,,0,,,,10.1689291,,,,,,300.0118713,,,,
,16776134.205,300.012207,22508.134765625,10.952364749133,0.00150592773844071,1,0.999253354069792,40.0298881530762,2.00014233210952,19.2200001329184,59.8566329960961,10.8949058689766,250,-0.0360648722512408,10.9502915074639,0.00981088594967277,300.0118713,300.0125427,22468.037109375,22548.232421875,55.730895049679,20.6193894222523,8.512546,0,0,0,40,4449,299.92935,22508.134765625,,,,,,,,,,,,,0,,,,10.42544175,,,,,,300.012207,,,,
,16776135.19,300.0117645,22603.23046875,10.9777388176488,0.00118720762009403,1,0.999253354069792,40.0298881530762,2.00000857511834,19.2200001329184,59.9913406809561,10.919740621581,250,-0.036091949421065,10.9756607675577,0.00988952303203997,300.0109863,300.0125427,22548.232421875,22658.228515625,55.7535622767367,20.6193297057819,8.512546,0,0,0,40,4449,299.9284,22603.23046875,,,,,,,,,,,,,0,,,,10.32335665,,,,,,300.0117645,,,,
,16776136.305,300.01101685,22713.314453125,11.0032857419125,0.00141154504567462,1,0.999253354069792,40.0298881530762,2.00005448591791,19.2200001329184,60.1322389122176,10.9457136637745,250,-0.0361173144926868,11.0012029887441,0.00997035024795242,300.0109863,300.0110474,22658.228515625,22768.400390625,55.7942069597367,20.6191595814126,8.884414,0,0,0,40,4449,299.92815,22713.314453125,,,,,,,,,,,,,0,,,,10.2192116,,,,,,300.01101685,,,,
,16776137.365,300.01145935,22823.3896484375,11.0270985702839,0.00115614369600629,1,0.999253354069792,40.0298881530762,1.99996660640395,19.2300006747246,60.2597349638152,10.9692449928465,250,-0.0361371899971435,11.0250109773136,0.0100492262547403,300.0110474,300.0118713,22768.400390625,22878.37890625,55.6582035973905,20.6200521169583,8.512546,0,0,0,40,4449,299.92885,22823.3896484375,,,,,,,,,,,,,0,,,,10.3212967,,,,,,300.01145935,,,,
,16776138.53,300.01190185,22943.732421875,11.0522136928659,0.000994122618955177,1,0.999253354069792,40.0298881530762,2.00008832228163,19.2200001329184,60.400489518955,10.9952808900438,250,-0.0361452625573941,11.050120939739,0.010145417605075,300.0118713,300.0119324,22878.37890625,23009.0859375,55.7043196800251,20.6181089299035,8.512546,0,0,0,40,4449,299.92875,22943.732421875,,,,,,,,,,,,,0,,,,10.1689291,,,,,,300.01190185,,,,
,16776139.735,300.01184085,23064.1376953125,11.076256676876,0.00103254375650177,1,0.999253354069792,40.0298881530762,2.00005129197496,19.2200001329184,60.5308718220766,11.0185756739064,250,-0.0363009270183582,11.0741598020746,0.0100895793114422,300.0117493,300.0119324,23009.0859375,23119.189453125,55.8457944420059,20.6180920926478,8.512546,0,0,0,40,4449,299.9285,23064.1376953125,,,,,,,,,,,,,0,,,,10.1689291,,,,,,300.01184085,,,,
,16776140.705,300.0117493,23159.23828125,11.0996716940016,0.000936193485909911,1,0.999253354069792,40.0298881530762,2.00007360160436,19.2200001329184,60.6593722851579,11.0426409578066,250,-0.0362574581416797,11.0975699976944,0.0102302687747698,300.0117493,300.0117493,23119.189453125,23199.287109375,55.8160925582751,20.6193640202561,8.884414,0,0,0,40,4449,299.92895,23159.23828125,,,,,,,,,,,,,0,,,,10.3212967,,,,,,300.0117493,,,,
,16776141.71,300.01264955,23259.37109375,11.1227457235997,0.000980309054498243,1,0.999253354069792,40.0298881530762,1.99998716488197,19.2300006747246,60.7832231757086,11.0634355007847,250,-0.0366422132897139,11.1206406675085,0.00994133115936095,300.0117493,300.0135498,23199.287109375,23319.455078125,55.8262537290251,20.6202209357986,8.512546,0,0,0,40,4449,299.9295,23259.37109375,,,,,,,,,,,,,0,,,,10.42544175,,,,,,300.01264955,,,,
,16776142.835,300.0123749,23369.4736328125,11.1672040943583,0.000821695743930642,1,0.999253354069792,40.0298881530762,2.00012211806603,19.2200001329184,61.0295401867457,11.1119062145313,250,-0.0361438162393104,11.1650880955919,0.0106251692401376,300.0112,300.0135498,23319.455078125,23419.4921875,55.8504842131213,20.6183740697125,8.884414,0,0,0,40,4449,299.9282,23369.4736328125,,,,,,,,,,,,,0,,,,10.27307415,,,,,,300.0123749,,,,
,16776143.97,300.01161195,23484.55078125,11.1889434669197,0.00130454272834237,1,0.999253354069792,40.0298881530762,2.00007141200415,19.2200001329184,61.1474460093079,11.1299869779397,250,-0.0368130316932877,11.1868262656518,0.0100461133838052,300.0112,300.0120239,23419.4921875,23549.609375,55.8403230423713,20.619207010399,9.256284,0,0,0,40,4449,299.92875,23484.55078125,,,,,,,,,,,,,0,,,,10.22074175,,,,,,300.01161195,,,,
,16776145.15,300.0123596,23604.5556640625,11.2101470646057,0.0010001213833732,1,0.999253354069792,40.0298881530762,2.00005671497703,19.2200001329184,61.2624604673182,11.1532805443866,250,-0.0364637412809696,11.208023906635,0.0104828471742583,300.0120239,300.0126953,23549.609375,23659.501953125,55.6714912822174,20.618708654554,9.256284,0,0,0,40,4449,299.9305,23604.5556640625,,,,,,,,,,,,,0,,,,10.37310935,,,,,,300.0123596,,,,
,16776146.3,300.0122528,23719.6259765625,11.2305526584761,0.000896188878521483,1,0.999253354069792,40.0298881530762,1.99996398834536,19.2300006747246,61.370877684312,11.1748279680135,250,-0.0362090691158296,11.2284243899196,0.010822331497642,300.0118103,300.0126953,23659.501953125,23779.75,55.7426194774674,20.6183690049744,7.396941,0,0,0,40,4449,299.9287,23719.6259765625,,,,,,,,,,,,,0,,,,10.1689291,,,,,,300.0122528,,,,
,16776147.355,300.01252745,23824.712890625,11.2498844930948,0.00143583163263297,1,0.999253354069792,40.0298881530762,1.99990839628298,19.2200001329184,61.4752358992541,11.1916963947794,250,-0.0366486461009341,11.2477540936496,0.0104630746544035,300.0118103,300.0132446,23779.75,23869.67578125,55.6738361677751,20.617103608753,8.884414,0,0,0,40,4449,299.92805,23824.712890625,,,,,,,,,,,,,0,,,,10.22074175,,,,,,300.01252745,,,,
,16776148.37,300.0128479,23924.625,11.2708736120392,0.00098429995937199,1,0.999253354069792,40.0298881530762,1.99997231549143,19.2200001329184,61.59146002787,11.2150287486105,250,-0.0363311148948092,11.2687375756872,0.0108674986608223,300.0124512,300.0132446,23869.67578125,23979.57421875,55.8614270123905,20.6183047915039,8.512546,0,0,0,40,4449,299.92875,23924.625,,,,,,,,,,,,,0,,,,10.37310935,,,,,,300.0128479,,,,
,16776149.44,300.01216125,24034.6513671875,11.2907068401773,0.000968209547435285,1,0.999253354069792,40.0298881530762,2.00000523230535,19.2200001329184,61.700547742458,11.2364857881612,250,-0.0361121046613033,11.2885662110999,0.0111688139308277,300.0118713,300.0124512,23979.57421875,24089.728515625,55.7519990196982,20.6192982347987,9.256284,0,0,0,40,4449,299.92775,24034.6513671875,,,,,,,,,,,,,0,,,,10.42544175,,,,,,300.01216125,,,,
,16776150.415,300.01119995,24134.8759765625,11.3087587846941,0.000674877699100647,1,0.999253354069792,40.0298881530762,1.99991680109179,19.2200001329184,61.7961997714653,11.2557785713364,250,-0.035837033795736,11.3066138339824,0.0115184137816755,300.0105286,300.0118713,24089.728515625,24180.0234375,55.7355848207944,20.6166864406005,7.396941,0,0,0,40,4449,299.9288,24134.8759765625,,,,,,,,,,,,,0,,,,10.42544175,,,,,,300.01119995,,,,
,16776151.445,300.0113373,24235.1552734375,11.3281974786647,0.00124695787519,1,0.999253354069792,40.0298881530762,2.00009943659542,19.2200001329184,61.9082786452841,11.2742603004743,250,-0.0362400398036299,11.3260502972482,0.0111959783439009,300.0105286,300.012146,24180.0234375,24290.287109375,55.7402745919097,20.6185090713489,9.256284,0,0,0,40,4449,299.9293,24235.1552734375,,,,,,,,,,,,,0,,,,10.3212967,,,,,,300.0113373,,,,
,16776152.505,300.0119171,24340.3603515625,11.3462585422207,0.000885056116146424,1,0.999253354069792,40.0298881530762,2.00001529345012,19.2200001329184,62.0039683244504,11.2943055194157,250,-0.0358334343532919,11.3441057993786,0.0116775994844276,300.0116882,300.012146,24290.287109375,24390.43359375,55.7668499615636,20.618056836395,8.512546,0,0,0,40,4449,299.92755,24340.3603515625,,,,,,,,,,,,,0,,,,10.37310935,,,,,,300.0119171,,,,
,16776153.48,300.0116272,24440.5537109375,11.3639241001423,0.00105570779346841,1,0.999253354069792,40.0298881530762,2.00005340992506,19.2200001329184,62.10164041287,11.3122073199822,250,-0.0358686134282654,11.3617681402151,0.0117153278133461,300.0115662,300.0116882,24390.43359375,24490.673828125,55.7762295037944,20.6191164481821,7.396941,0,0,0,40,4449,299.9289,24440.5537109375,,,,,,,,,,,,,0,,,,10.4772544,,,,,,300.0116272,,,,
,16776154.575,300.0113373,24550.783203125,11.3807524696562,0.00106928840207106,1,0.999253354069792,40.0298881530762,2.00002743970602,19.2200001329184,62.1927872088236,11.3289825647507,250,-0.0358903439519175,11.3785933890748,0.0117631838854344,300.0111084,300.0115662,24490.673828125,24610.892578125,55.7269869070828,20.618991361234,8.512546,0,0,0,40,4449,299.9288,24550.783203125,,,,,,,,,,,,,0,,,,10.42544175,,,,,,300.0113373,,,,
,16776155.665,300.011322,24655.9248046875,11.398249771192,0.00111148712541001,1,0.999253354069792,40.0298881530762,2.00004229136129,19.2200001329184,62.2889977009457,11.3457210222432,250,-0.0360842957345384,11.3960880190579,0.011641879706564,300.0111084,300.0115356,24610.892578125,24700.95703125,55.8583004983136,20.6193366329141,8.512546,0,0,0,40,4449,299.9277,24655.9248046875,,,,,,,,,,,,,0,,,,10.1689291,,,,,,300.011322,,,,
,16776156.675,300.0113983,24756.1171875,11.4145732586477,0.00106524431999054,1,0.999253354069792,40.0298881530762,2.00006484986861,19.2200001329184,62.3786364362827,11.3634516308815,250,-0.0358865522910609,11.4124074177221,0.0119070325228978,300.011261,300.0115356,24700.95703125,24811.27734375,55.7559071622943,20.6185425267275,9.256284,0,0,0,40,4449,299.9281,24756.1171875,,,,,,,,,,,,,0,,,,10.27307415,,,,,,300.0113983,,,,
,16776157.815,300.01164245,24871.3662109375,11.4460738674026,0.000813787735982789,1,0.999253354069792,40.0298881530762,2.00003943653075,19.2200001329184,62.5496484520252,11.3966023088588,250,-0.0356311931744958,11.4439005181714,0.0122936244022194,300.011261,300.0120239,24811.27734375,24931.455078125,55.7840457889867,20.6176451973242,8.884414,0,0,0,40,4449,299.92625,24871.3662109375,,,,,,,,,,,,,0,,,,10.27307415,,,,,,300.01164245,,,,
,16776159.01,300.0116272,24991.5849609375,11.4606757662046,0.000970909061715236,1,0.999253354069792,40.0298881530762,2.00005466508618,19.2200001329184,62.630404992174,11.4085519199786,250,-0.0361651929288978,11.4585017943563,0.0118198140551696,300.0112305,300.0120239,24931.455078125,25051.71484375,55.7824825319482,20.6194641440398,8.512546,0,0,0,40,4449,299.9266,24991.5849609375,,,,,,,,,,,,,0,,,,10.0165615,,,,,,300.0116272,,,,
,16776160.085,300.0110779,25101.8583984375,11.4756270347789,0.000615543782606541,1,0.999253354069792,40.0298881530762,2.0001057719683,19.2200001329184,62.713358489572,11.4254252839453,250,-0.0358989451398228,11.4734492610181,0.0121473837517885,300.0109253,300.0112305,25051.71484375,25152.001953125,55.6910319951982,20.6183513973326,8.512546,0,0,0,40,4449,299.92825,25101.8583984375,,,,,,,,,,,,,0,,,,10.0165615,,,,,,300.0110779,,,,
,16776161.155,300.01161195,25207.1083984375,11.4900894922536,0.000624931372865595,1,0.999253354069792,40.0298881530762,2.0000563150201,19.2200001329184,62.7906632515006,11.4407193321226,250,-0.0357290323808786,11.4879079218045,0.0123770071798893,300.0109253,300.0122986,25152.001953125,25262.21484375,55.7801376463905,20.6184648527862,8.512546,0,0,0,40,4449,299.9279,25207.1083984375,,,,,,,,,,,,,0,,,,10.066844,,,,,,300.01161195,,,,
,16776162.265,300.012146,25317.3154296875,11.5049082098675,0.00120506530116688,1,0.999253354069792,40.0298881530762,2.00007488489158,19.2200001329184,62.8727656246547,11.4525932492724,250,-0.03632083785921,11.5027259536803,0.0118466095296705,300.0119934,300.0122986,25262.21484375,25372.416015625,55.7645050760059,20.6186277472163,9.256284,0,0,0,40,4449,299.92705,25317.3154296875,,,,,,,,,,,,,0,,,,10.2192116,,,,,,300.012146,,,,
,16776163.295,300.0119629,25422.4208984375,11.5185473911268,0.000807855245075985,1,0.999253354069792,40.0298881530762,2.00006192793793,19.2200001329184,62.9464344903405,11.4686370193181,250,-0.0358982239846564,11.5163607530267,0.0123254137245981,300.0119324,300.0119934,25372.416015625,25472.42578125,55.8457944420059,20.6183879362793,7.396941,0,0,0,40,4449,299.9268,25422.4208984375,,,,,,,,,,,,,0,,,,10.37310935,,,,,,300.0119629,,,,
,16776164.31,300.01191715,25522.5234375,11.5328528931296,0.000854064397119525,1,0.999253354069792,40.0298881530762,2.00014461042857,19.2200001329184,63.0276579889972,11.4806101739473,250,-0.0364423163488754,11.530665734291,0.0118404121005178,300.0119019,300.0119324,25472.42578125,25572.62109375,55.6644566255444,20.6207458570225,7.396941,0,0,0,40,4449,299.9272,25522.5234375,,,,,,,,,,,,,0,,,,10.37310935,,,,,,300.01191715,,,,
,16776165.265,300.01217655,25617.6884765625,11.5457988728743,0.00111809744662898,1,0.999253354069792,40.0298881530762,2.00013085628362,19.2200001329184,63.0980346953272,11.4931541789318,250,-0.0365311379221604,11.5436094272764,0.0118049645673872,300.0119019,300.0124512,25572.62109375,25662.755859375,55.7629418189674,20.6188454206062,9.256284,0,0,0,40,4449,299.92745,25617.6884765625,,,,,,,,,,,,,0,,,,10.3212967,,,,,,300.01217655,,,,
,16776166.19,300.0121918,25712.8681640625,11.5581721414301,0.000941235021455806,1,0.999253354069792,40.0298881530762,2.00008463268984,19.2300006747246,63.1632926983871,11.5102792569254,250,-0.0356417862730744,11.5559765223713,0.0127452254056878,300.0119324,300.0124512,25662.755859375,25762.98046875,55.6566403403521,20.6186814003465,8.512546,0,0,0,40,4449,299.927,25712.8681640625,,,,,,,,,,,,,0,,,,10.3212967,,,,,,300.0121918,,,,
,16776167.245,300.0126648,25818.1943359375,11.5709231467838,0.00100883045503316,1,0.999253354069792,40.0298881530762,2.00014416881652,19.2200001329184,63.2349815888698,11.5223779238412,250,-0.0358515033145409,11.5687256686154,0.0125883733293214,300.0119324,300.0133972,25762.98046875,25873.408203125,55.7684132186021,20.6177934497677,8.512546,0,0,0,40,4449,299.9253,25818.1943359375,,,,,,,,,,,,,0,,,,10.42544175,,,,,,300.0126648,,,,
,16776168.25,300.01223755,25918.498046875,11.5831457138319,0.000955905213758238,1,0.999253354069792,40.0298881530762,2.0001425792851,19.2200001329184,63.3022317575925,11.5318350940889,250,-0.0363839675206223,11.5809482363335,0.0121064390367802,300.0110779,300.0133972,25873.408203125,25963.587890625,55.6980666518713,20.6189233894827,9.256284,0,0,0,40,4449,299.9248,25918.498046875,,,,,,,,,,,,,0,,,,10.42544175,,,,,,300.01223755,,,,
,16776169.265,300.01138305,26018.6806640625,11.5943220713757,0.000475916943352462,1,0.999253354069792,40.0298881530762,2.00010807790312,19.2200001329184,63.3608830786221,11.5501296933707,250,-0.0350702352156378,11.5921172901578,0.0134656508191895,300.0110779,300.0116882,25963.587890625,26073.7734375,55.730895049679,20.6169656168398,8.512546,0,0,0,40,4449,299.92585,26018.6806640625,,,,,,,,,,,,,0,,,,10.2192116,,,,,,300.01138305,,,,
,16776170.375,300.01097105,26128.8857421875,11.6061578425333,0.000815710492398964,1,0.999253354069792,40.0298881530762,2.00012775647149,19.2200001329184,63.4263098296355,11.5612946587971,250,-0.035239843644323,11.6039516502979,0.0133445153874475,300.0102539,300.0116882,26073.7734375,26183.998046875,55.690250366679,20.6176784485597,8.512546,0,0,0,40,4449,299.9268,26128.8857421875,,,,,,,,,,,,,0,,,,10.27102425,,,,,,300.01097105,,,,
,16776171.45,300.01109315,26239.10546875,11.6171463273647,0.00105149368152666,1,0.999253354069792,40.0298881530762,2.00014353375433,19.2200001329184,63.4874365401867,11.5691605984786,250,-0.0358524975205841,11.6149405059824,0.0127770469589252,300.0102539,300.0119324,26183.998046875,26294.212890625,55.7176073648521,20.6174153738575,7.768809,0,0,0,40,4449,299.92685,26239.10546875,,,,,,,,,,,,,0,,,,10.22074175,,,,,,300.01109315,,,,
,16776172.56,300.01135255,26349.3837890625,11.6288435077817,0.000773233605850693,1,0.999253354069792,40.0298881530762,2.00015927208861,19.2200001329184,63.5513623388606,11.583520424978,250,-0.0354077777851751,11.6266334104619,0.0132699018306247,300.0107727,300.0119324,26294.212890625,26404.5546875,55.7387113348713,20.618157886773,8.884414,0,0,0,40,4449,299.92585,26349.3837890625,,,,,,,,,,,,,0,,,,10.1689291,,,,,,300.01135255,,,,
,16776173.585,300.01116945,26449.677734375,11.6388716377024,0.000958743081063372,1,0.999253354069792,40.0298881530762,2.00021062197088,19.2200001329184,63.6076918372965,11.5941582719794,250,-0.0353719527012962,11.6366595025822,0.013346974234072,300.0107727,300.0115662,26404.5546875,26494.80078125,55.730895049679,20.6168018284357,9.256284,0,0,0,40,4449,299.9252,26449.677734375,,,,,,,,,,,,,0,,,,10.3212967,,,,,,300.01116945,,,,
,16776174.6,300.0109711,26554.91796875,11.6491927555256,0.000709161627482774,1,0.999253354069792,40.0298881530762,2.00014998092155,19.2200001329184,63.6627395651644,11.6012810201107,250,-0.0359179263230086,11.6469809878011,0.012843347306396,300.010376,300.0115662,26494.80078125,26615.03515625,55.822345586429,20.6170722533082,8.140677,0,0,0,40,4449,299.9256,26554.91796875,,,,,,,,,,,,,0,,,,10.3212967,,,,,,300.0109711,,,,
,16776175.795,300.0105133,26675.158203125,11.6695010453456,0.000866049115181988,1,0.999253354069792,40.0298881530762,2.0001935545979,19.2200001329184,63.7744582737442,11.6251060012004,250,-0.035365594805479,11.6672831428111,0.0134795195579025,300.010376,300.0106506,26615.03515625,26735.28125,55.6738361677751,20.616704827839,8.884414,0,0,0,40,4449,299.92575,26675.158203125,,,,,,,,,,,,,0,,,,10.3212967,,,,,,300.0105133,,,,
,16776177.025,300.01089475,26795.39453125,11.6786285910621,0.000865394147178071,1,0.999253354069792,40.0298881530762,2.0001844339531,19.2200001329184,63.8243385041185,11.632626361472,250,-0.0356710141176529,11.6764100128719,0.0132117127438901,300.0106506,300.0111389,26735.28125,26855.5078125,55.6824340814867,20.6152926708359,8.884414,0,0,0,40,4449,299.92385,26795.39453125,,,,,,,,,,,,,0,,,,10.1689291,,,,,,300.01089475,,,,
,16776178.12,300.01197815,26905.64453125,11.6879719449816,0.000970607136798659,1,0.999253354069792,40.0298881530762,2.00020463388494,19.2200001329184,63.8762400117004,11.6408982327062,250,-0.0359092385592422,11.6857520638405,0.0130119859024564,300.0111389,300.0128174,26855.5078125,26955.78125,55.8848758679674,20.6163555834941,7.768809,0,0,0,40,4449,299.9224,26905.64453125,,,,,,,,,,,,,0,,,,10.1689291,,,,,,300.01197815,,,,
,16776179.955,300.0132446,27091.201171875,11.6964803834022,0.000553231658183401,1,0.999253354069792,40.0298881530762,2.00014457382234,19.2200001329184,63.920300949497,11.6520820724741,250,-0.0353750210656506,11.6942561597525,0.0135799486178641,300.0132446,300.0132446,27086.228515625,27096.173828125,55.7465276200636,20.6157295004804,8.512546,0,0,0,40,4449,299.92335,27091.201171875,,,,,,,,,,,,,0,,,,10.5295868,,,,,,300.0132446,,,,
,16776180.575,300.01208495,27151.2060546875,11.7063611513947,0.00104779830370556,1,0.999253354069792,40.0298881530762,2.00015216069722,19.2200001329184,63.9743995459284,11.662715934187,250,-0.0352676598674027,11.7041350208104,0.0137281485030777,300.0109253,300.0132446,27096.173828125,27206.23828125,55.8504842131213,20.6167824214062,8.512546,0,0,0,40,4449,299.92325,27151.2060546875,,,,,,,,,,,,,0,,,,10.27307415,,,,,,300.01208495,,,,
,16776181.595,300.01071165,27251.3916015625,11.7145467836032,0.000951371849143197,1,0.999253354069792,40.0298881530762,2.00011091620247,19.2200001329184,64.0179584273425,11.6700541439323,250,-0.0353981719963404,11.7123202158381,0.013631029627731,300.010498,300.0109253,27206.23828125,27296.544921875,55.7246420215251,20.6165610495269,8.512546,0,0,0,40,4449,299.92345,27251.3916015625,,,,,,,,,,,,,0,,,,10.066844,,,,,,300.01071165,,,,
,16776182.575,300.01126095,27351.6884765625,11.7239372918804,0.00123251660284798,1,0.999253354069792,40.0298881530762,2.00019587164969,19.2200001329184,64.0725530759897,11.6765195115485,250,-0.0360431443458739,11.7217113685056,0.0130245640948314,300.010498,300.0120239,27296.544921875,27406.83203125,55.6839973385251,20.617666757661,7.396941,0,0,0,40,4449,299.9238,27351.6884765625,,,,,,,,,,,,,0,,,,10.27102425,,,,,,300.01126095,,,,
,16776183.61,300.01138305,27456.9130859375,11.7322942070931,0.00104813643887368,1,0.999253354069792,40.0298881530762,2.00025357791716,19.2200001329184,64.1197144033238,11.6868615250389,250,-0.0357583541083731,11.7300654417607,0.0133432361214887,300.0107422,300.0120239,27406.83203125,27506.994140625,55.7598153048905,20.6167074037911,8.512546,0,0,0,40,4449,299.9245,27456.9130859375,,,,,,,,,,,,,0,,,,10.27102425,,,,,,300.01138305,,,,
,16776184.605,300.0106964,27557.056640625,11.7404451108321,0.000999014554217838,1,0.999253354069792,40.0298881530762,2.00019041044715,19.2200001329184,64.1620097424452,11.6961217850075,250,-0.0355075514113206,11.7382140272853,0.0136271747181307,300.0106506,300.0107422,27506.994140625,27607.119140625,55.8395414138521,20.6169503198115,8.512546,0,0,0,40,4449,299.92485,27557.056640625,,,,,,,,,,,,,0,,,,10.32335665,,,,,,300.0106964,,,,
,16776185.62,300.01104735,27657.255859375,11.7484341150838,0.00086258284348905,1,0.999253354069792,40.0298881530762,2.00016788556428,19.2200001329184,64.2045892763557,11.7059773569007,250,-0.0351600387707804,11.7461998882487,0.0140071716915974,300.0106506,300.0114441,27607.119140625,27707.392578125,55.7645050760059,20.6173590720986,7.768809,0,0,0,40,4449,299.92495,27657.255859375,,,,,,,,,,,,,0,,,,10.5295868,,,,,,300.01104735,,,,
,16776186.735,300.01098635,27767.4873046875,11.7558542476884,0.00096361788850902,1,0.999253354069792,40.0298881530762,2.00013187161106,19.2200001329184,64.245047955733,11.7075832533479,250,-0.036203335771595,11.753622993599,0.0129942312625034,300.0105286,300.0114441,27707.392578125,27827.58203125,55.7582520478521,20.6172838371348,8.512546,0,0,0,40,4449,299.92475,27767.4873046875,,,,,,,,,,,,,0,,,,10.42544175,,,,,,300.01098635,,,,
,16776187.72,300.01083375,27867.70703125,11.7631603044471,0.000430458164486653,1,0.999253354069792,40.0298881530762,2.00012813140137,19.2200001329184,64.2837554243173,11.7207879824248,250,-0.0351358072843661,11.7609232311965,0.0140914499716876,300.0105286,300.0111389,27827.58203125,27907.83203125,55.6832157100059,20.6168826717164,8.512546,0,0,0,40,4449,299.92375,27867.70703125,,,,,,,,,,,,,0,,,,10.1689291,,,,,,300.01083375,,,,
,16776188.665,300.01153565,27962.8212890625,11.7707259159487,0.000754069795904595,1,0.999253354069792,40.0298881530762,2.000176978443,19.2200001329184,64.3263492821139,11.7301208260074,250,-0.0348800534797663,11.7684860175986,0.0143779249588368,300.0111389,300.0119324,27907.83203125,28017.810546875,55.8895656390828,20.6170622371482,8.884414,0,0,0,40,4449,299.9241,27962.8212890625,,,,,,,,,,,,,0,,,,10.27307415,,,,,,300.01153565,,,,
,16776189.7,300.01145935,28067.845703125,11.7775570289838,0.000611641768317095,1,0.999253354069792,40.0298881530762,2.00016608286462,19.2200001329184,64.3638618044309,11.73405107275,250,-0.0354147227174949,11.7753181081898,0.013870967863442,300.0109863,300.0119324,28017.810546875,28117.880859375,55.8340700142174,20.6170957424394,9.256284,0,0,0,40,4449,299.9245,28067.845703125,,,,,,,,,,,,,0,,,,10.4772544,,,,,,300.01145935,,,,
,16776190.695,300.0113983,28168.005859375,11.7847801079863,0.000337076236269978,1,0.999253354069792,40.0298881530762,2.00017486475541,19.2200001329184,64.4030152456016,11.7445146315871,250,-0.0348468789148174,11.7825374309733,0.0144683100556746,300.0109863,300.0118103,28117.880859375,28218.130859375,55.7895171886213,20.6163097195013,9.256284,0,0,0,40,4449,299.9232,28168.005859375,,,,,,,,,,,,,0,,,,10.27102425,,,,,,300.0113983,,,,
,16776191.765,300.01182555,28273.2685546875,11.7926129570934,0.00116433058087927,1,0.999253354069792,40.0298881530762,2.00019565981036,19.2300006747246,64.4468648015165,11.75033095361,250,-0.035255107504746,11.7903703099553,0.0140919244426223,300.0118103,300.0118408,28218.130859375,28328.40625,55.9356817217174,20.6192506473843,7.396941,0,0,0,40,4449,299.92375,28273.2685546875,,,,,,,,,,,,,0,,,,10.27102425,,,,,,300.01182555,,,,
,16776192.835,300.0115204,28378.564453125,11.8005628970698,0.000635801698961825,1,0.999253354069792,40.0298881530762,1.99960611975703,19.2200001329184,64.4739702642911,11.7430867287383,250,-0.0374366509723492,11.7983279911612,0.0119431004683989,300.0112,300.0118408,28328.40625,28428.72265625,55.8723698116598,20.6228913394767,8.884414,0,0,0,40,4449,299.92415,28378.564453125,,,,,,,,,,,,,0,,,,10.424922,,,,,,300.0115204,,,,
,16776193.82,300.0113678,28478.7919921875,11.8096828865003,0.000878320231518557,1,0.999253354069792,40.0298881530762,1.9996645723388,19.2200001329184,64.5237922877817,11.762450831186,250,-0.0356420271870966,11.8074387613954,0.0137747594855289,300.0112,300.0115356,28428.72265625,28528.861328125,56.1076399959482,20.6265365229813,9.256284,0,0,0,40,4449,299.9236,28478.7919921875,,,,,,,,,,,,,0,,,,10.424922,,,,,,300.0113678,,,,
,16776194.875,300.0124664,28583.9814453125,11.8226401087064,0.00132928123181149,1,0.999253354069792,40.0298881530762,1.99972957360612,19.2200001329184,64.5970849607803,11.7732772691119,250,-0.0361291183988941,11.820395008644,0.0133409995957044,300.0115356,300.0133972,28528.861328125,28639.1015625,56.0654320559098,20.6267916777066,9.256284,0,0,0,40,4449,299.92395,28583.9814453125,,,,,,,,,,,,,0,,,,10.27102425,,,,,,300.0124664,,,,
,16776196.04,300.0124054,28699.18359375,11.827975634354,0.00117674195006767,1,0.999253354069792,40.0298881530762,2.00000383104573,19.2300006747246,64.6345800381948,11.7817698841758,250,-0.0358505757638341,11.8257284113397,0.013640772147682,300.0114136,300.0133972,28639.1015625,28759.265625,55.6558587118328,20.6255328947189,9.256284,0,0,0,40,4449,299.92415,28699.18359375,,,,,,,,,,,,,0,,,,10.1171265,,,,,,300.0124054,,,,
,16776197.125,300.01132205,28809.345703125,11.8334297109176,0.0010261331580716,1,0.999253354069792,40.0298881530762,2.00000626234694,19.2200001329184,64.6637665975914,11.7909774009319,250,-0.035177635093433,11.8311791311849,0.0143354207869572,300.0112305,300.0114136,28759.265625,28859.42578125,55.9395898643136,20.6227608517796,9.256284,0,0,0,40,4449,299.92425,28809.345703125,,,,,,,,,,,,,0,,,,10.2192116,,,,,,300.01132205,,,,
,16776198.245,300.011673,28924.5771484375,11.8396178462802,0.000786142714842654,1,0.999253354069792,40.0298881530762,2.0000639625062,19.2300006747246,64.6999666412444,11.7944219583445,250,-0.0357542905819777,11.8373683411486,0.0137840334954774,300.0112305,300.0121155,28859.42578125,28989.728515625,55.6113058862366,20.6227609255594,8.512546,0,0,0,40,4449,299.9229,28924.5771484375,,,,,,,,,,,,,0,,,,10.3212967,,,,,,300.011673,,,,
,16776199.48,300.0126648,29049.81640625,11.8451044980574,0.00108514640376084,1,0.999253354069792,40.0298881530762,2.00010669683913,19.2200001329184,64.7314395669059,11.7993575522402,250,-0.0359118794562402,11.8428541985111,0.0136484582946844,300.0121155,300.0132141,28989.728515625,29109.904296875,55.8778412112944,20.622542870549,7.396941,0,0,0,40,4449,299.9223,29049.81640625,,,,,,,,,,,,,0,,,,10.37310935,,,,,,300.0126648,,,,
,16776200.555,300.0137329,29155.0810546875,11.8504587040757,0.00109170881823589,1,0.999253354069792,40.0298881530762,2.00013312181656,19.2200001329184,64.7609539089887,11.8079570734617,250,-0.0353568004523549,11.8482046350043,0.0142247125488078,300.0132141,300.0142517,29109.904296875,29200.2578125,56.1646988778521,20.6238853173601,8.884414,0,0,0,40,4449,299.9233,29155.0810546875,,,,,,,,,,,,,0,,,,10.22074175,,,,,,300.0137329,,,,
,16776201.625,300.0135193,29260.3466796875,11.856251801483,0.000921873044751146,1,0.999253354069792,40.0298881530762,2.00016899780535,19.2200001329184,64.7938094040895,11.81359510328,250,-0.035435410288777,11.8539970847684,0.014169241421687,300.0127869,300.0142517,29200.2578125,29320.435546875,55.9216124083713,20.6224568679413,8.512546,0,0,0,40,4449,299.9243,29260.3466796875,,,,,,,,,,,,,0,,,,10.22074175,,,,,,300.0135193,,,,
,16776202.78,300.01235965,29375.5498046875,11.8629112273132,0.00101187028186109,1,0.999253354069792,40.0298881530762,2.00014043967326,19.2300006747246,64.8295275010766,11.8188596610364,250,-0.0356755555019641,11.8606567421426,0.0139562622710202,300.0119324,300.0127869,29320.435546875,29430.6640625,55.7090094511405,20.6216500653411,9.256284,0,0,0,40,4449,299.92295,29375.5498046875,,,,,,,,,,,,,0,,,,10.424922,,,,,,300.01235965,,,,
,16776203.795,300.0123749,29475.8193359375,11.8673650743978,0.00127087663034412,1,0.999253354069792,40.0298881530762,2.00017189088497,19.2200001329184,64.8551523271956,11.8219097966621,250,-0.0359756401254223,11.8651109790654,0.0136744042670835,300.0119324,300.0128174,29430.6640625,29520.974609375,55.8676800405444,20.6208349008774,7.396941,0,0,0,40,4449,299.92085,29475.8193359375,,,,,,,,,,,,,0,,,,10.27102425,,,,,,300.0123749,,,,
,16776204.815,300.01216125,29581.34765625,11.8717588553928,0.0012745307907512,1,0.999253354069792,40.0298881530762,2.00021935041784,19.2200001329184,64.8798757919224,11.8308220443235,250,-0.0352075975789406,11.8695008581201,0.0144595243744177,300.0115051,300.0128174,29520.974609375,29641.720703125,55.7066645655828,20.6218976662094,7.396941,0,0,0,40,4449,299.922,29581.34765625,,,,,,,,,,,,,0,,,,10.1171265,,,,,,300.01216125,,,,
,16776205.91,300.01190185,29691.869140625,11.8825506437673,0.000993028922565643,1,0.999253354069792,40.0298881530762,2.00015350439556,19.2200001329184,64.9375287848589,11.8371096222708,250,-0.0359868957533056,11.8802939297403,0.0137245006978314,300.0115051,300.0122986,29641.720703125,29742.017578125,55.8911288961213,20.6214326126572,8.884414,0,0,0,40,4449,299.9223,29691.869140625,,,,,,,,,,,,,0,,,,10.2192116,,,,,,300.01190185,,,,
,16776206.995,300.01190185,29797.19140625,11.8870008638342,0.00141137799079189,1,0.999253354069792,40.0298881530762,2.00020757517628,19.2200001329184,64.9626847929392,11.8465814280128,250,-0.0351342479638387,11.8847397554679,0.0145948048435495,300.0115051,300.0122986,29742.017578125,29852.365234375,55.8864391250059,20.6217381877351,9.256284,0,0,0,40,4449,299.9216,29797.19140625,,,,,,,,,,,,,0,,,,10.37310935,,,,,,300.01190185,,,,
,16776208.135,300.0115814,29912.4765625,11.8932064013868,0.00103910661593573,1,0.999253354069792,40.0298881530762,2.00021445803421,19.2200001329184,64.9968333566926,11.8527193347172,250,-0.0351676676696183,11.8909443872614,0.0145865920480288,300.0115051,300.0116577,29852.365234375,29972.587890625,55.7770111323136,20.6186357698459,7.396941,0,0,0,40,4449,299.9203,29912.4765625,,,,,,,,,,,,,0,,,,10.4772544,,,,,,300.0115814,,,,
,16776209.29,300.01171875,30032.763671875,11.8975175596758,0.00113749343052522,1,0.999253354069792,40.0298881530762,2.00030807116681,19.2200001329184,65.0238439971953,11.8549484989192,250,-0.0356568033531009,11.8952567626553,0.0141144730813987,300.0116577,300.0117798,29972.587890625,30092.939453125,56.117019538179,20.620603891141,8.512546,0,0,0,40,4449,299.9206,30032.763671875,,,,,,,,,,,,,0,,,,10.32335665,,,,,,300.01171875,,,,
,16776210.39,300.01261905,30143.0048828125,11.9016443611996,0.000828888992529249,1,0.999253354069792,40.0298881530762,2.0003168363611,19.2200001329184,65.046895659398,11.8579187722278,250,-0.0358861359406726,11.8993834128477,0.0139011654274888,300.0117798,300.0134583,30092.939453125,30193.0703125,55.7738846182367,20.6215619534473,8.140677,0,0,0,40,4449,299.9222,30143.0048828125,,,,,,,,,,,,,0,,,,10.27102425,,,,,,300.01261905,,,,
,16776211.46,300.0131989,30248.2509765625,11.9071621824491,0.00125977209889631,1,0.999253354069792,40.0298881530762,2.00021504063432,19.2200001329184,65.0735215212439,11.8644563870965,250,-0.0356037949654837,11.9048987549402,0.0142057385575326,300.0129395,300.0134583,30193.0703125,30303.431640625,55.9817978043521,20.6194558618512,9.256284,0,0,0,40,4449,299.9215,30248.2509765625,,,,,,,,,,,,,0,,,,10.424922,,,,,,300.0131989,,,,
,16776212.485,300.01332095,30353.4375,11.9118053089559,0.00113943727282,1,0.999253354069792,40.0298881530762,2.00029267248192,19.2200001329184,65.1011976658625,11.8704037882825,250,-0.0354574217049868,11.9095403343816,0.0143708692152698,300.0129395,300.0137024,30303.431640625,30403.443359375,55.8614270123905,20.6191117015297,8.512546,0,0,0,40,4449,299.92,30353.4375,,,,,,,,,,,,,0,,,,10.424922,,,,,,300.01332095,,,,
,16776213.44,300.01361085,30448.4794921875,11.9161700600358,0.00114409063433685,1,0.999253354069792,40.0298881530762,2.00033035699098,19.2200001329184,65.127091434384,11.8704209520615,250,-0.0363028497228706,11.9139076673375,0.0135432549611264,300.0135193,300.0137024,30403.443359375,30493.515625,55.7387113348713,20.6194498084665,7.768809,0,0,0,40,4449,299.91885,30448.4794921875,,,,,,,,,,,,,0,,,,10.424922,,,,,,300.01361085,,,,
,16776214.455,300.0137482,30548.705078125,11.9198849630125,0.00107391976756099,1,0.999253354069792,40.0298881530762,2.00030077636645,19.2200001329184,65.1452357384374,11.8805316159768,250,-0.0351085975191257,11.9176168307808,0.0147520745206409,300.0135193,300.0139771,30493.515625,30603.89453125,55.8200007008713,20.6188656632892,7.396941,0,0,0,40,4449,299.91805,30548.705078125,,,,,,,,,,,,,0,,,,10.27102425,,,,,,300.0137482,,,,
,16776215.43,300.01402285,30643.9609375,11.9240966701542,0.00109664066461867,1,0.999253354069792,40.0298881530762,2.00026972271234,19.2200001329184,65.1669737726141,11.8861332780666,250,-0.034830194088898,11.9218264804141,0.0150471750564269,300.0139771,300.0140686,30603.89453125,30684.02734375,55.8090579016021,20.6211266759318,9.256284,0,0,0,40,4449,299.91815,30643.9609375,,,,,,,,,,,,,0,,,,10.1171265,,,,,,300.01402285,,,,
,16776216.39,300.01350405,30739.1923828125,11.9299187978989,0.000928637740683351,1,0.999253354069792,40.0298881530762,2.00026991570614,19.2200001329184,65.1998916900515,11.8860526167148,250,-0.0359238199252614,11.9276523160872,0.0139772099634803,300.0129395,300.0140686,30684.02734375,30794.357421875,55.6113058862366,20.6176313054244,9.256284,0,0,0,40,4449,299.9185,30739.1923828125,,,,,,,,,,,,,0,,,,10.1171265,,,,,,300.01350405,,,,
,16776217.56,300.01335145,30859.51953125,11.9331817241095,0.000952804128166157,1,0.999253354069792,40.0298881530762,2.00026070029976,19.2300006747246,65.2167543983302,11.892906958568,250,-0.0352631210728842,11.9309119861704,0.0146503461802164,300.0129395,300.0137634,30794.357421875,30924.681640625,55.9106696091021,20.6183745472947,8.884414,0,0,0,40,4449,299.91855,30859.51953125,,,,,,,,,,,,,0,,,,10.27102425,,,,,,300.01335145,,,,
,16776218.695,300.01361085,30974.765625,11.9380921138909,0.000847329060500836,1,0.999253354069792,40.0298881530762,2.00018198658794,19.2200001329184,65.2408310861645,11.8987292343496,250,-0.0350228814171992,11.9358203758539,0.0149098650070801,300.0134583,300.0137634,30924.681640625,31024.849609375,55.9692917480444,20.6199744830008,9.256284,0,0,0,40,4449,299.9195,30974.765625,,,,,,,,,,,,,0,,,,10.27102425,,,,,,300.01361085,,,,
,16776219.775,300.0130768,31079.9560546875,11.9411698304342,0.00116975757470498,1,0.999253354069792,40.0298881530762,2.00027743009449,19.2200001329184,65.2611227768105,11.900003566542,250,-0.0354606700180905,11.9388996234129,0.0144840934159867,300.0126953,300.0134583,31024.849609375,31135.0625,55.8309435001405,20.6193088105906,9.256284,0,0,0,40,4449,299.91955,31079.9560546875,,,,,,,,,,,,,0,,,,10.32335665,,,,,,300.0130768,,,,
,16776220.905,300.0125427,31190.0986328125,11.9441876294346,0.000888216740094663,1,0.999253354069792,40.0298881530762,2.00027932337502,19.2200001329184,65.2781032496156,11.9007266149089,250,-0.0358891245507585,11.9419189114904,0.0140675644818434,300.0123901,300.0126953,31135.0625,31245.134765625,55.5917651732559,20.6202771051313,8.512546,0,0,0,40,4449,299.91855,31190.0986328125,,,,,,,,,,,,,0,,,,10.58244515,,,,,,300.0125427,,,,
,16776222,300.0117645,31300.2373046875,11.9520981587256,0.000915530934607161,1,0.999253354069792,40.0298881530762,1.99962568048513,19.2200001329184,65.2996800856773,11.9094107201465,250,-0.0350708378080111,11.9498248092205,0.0149182394494203,300.0111389,300.0123901,31245.134765625,31355.33984375,55.7027564229867,20.6154379559831,8.512546,0,0,0,40,4449,299.91625,31300.2373046875,,,,,,,,,,,,,0,,,,10.4783001,,,,,,300.0117645,,,,
,16776223.055,300.01231385,31410.4658203125,11.9567759394672,0.000567756923261681,1,0.999253354069792,40.0298881530762,1.99983888780929,19.2300006747246,65.3323138060477,11.9137545738853,250,-0.0353683154413076,11.9545027432757,0.0146393335382283,300.0111389,300.0134888,31355.33984375,31465.591796875,55.6097426291982,20.6134976867191,8.512546,0,0,0,40,4449,299.9166,31410.4658203125,,,,,,,,,,,,,0,,,,10.2192116,,,,,,300.01231385,,,,
,16776224.125,300.0141144,31520.6982421875,11.9612252466069,0.00108122701182361,1,0.999253354069792,40.0298881530762,1.99976712414094,19.2200001329184,65.3541323098385,11.9188640222725,250,-0.0351801302077469,11.958949668267,0.0148450247349301,300.0134888,300.01474,31465.591796875,31575.8046875,55.6816524529674,20.615278251077,8.512546,0,0,0,40,4449,299.917,31520.6982421875,,,,,,,,,,,,,0,,,,10.1171265,,,,,,300.0141144,,,,
,16776225.275,300.01428225,31630.9375,11.9646279751124,0.000432330297126773,1,0.999253354069792,40.0298881530762,1.99988012071923,19.2200001329184,65.3762152426273,11.9235019271634,250,-0.0350813646083921,11.9623512796209,0.0149573700272237,300.0138245,300.01474,31575.8046875,31686.0703125,55.588638659179,20.6159396565703,9.256284,0,0,0,40,4449,299.9152,31630.9375,,,,,,,,,,,,,0,,,,10.2192116,,,,,,300.01428225,,,,
,16776226.315,300.013382,31736.138671875,11.969186340769,0.000684431761154905,1,0.999253354069792,40.0298881530762,1.99994089336227,19.2200001329184,65.4031847661891,11.9277406138365,250,-0.0352138034688939,11.9669098027271,0.0148426379840351,300.0129395,300.0138245,31686.0703125,31786.20703125,55.5675346891597,20.6165909767722,8.512546,0,0,0,40,4449,299.91745,31736.138671875,,,,,,,,,,,,,0,,,,10.4783001,,,,,,300.013382,,,,
,16776227.275,300.01365665,31836.2939453125,11.9711942759148,0.00128859883526028,1,0.999253354069792,40.0298881530762,1.99978236649499,19.2300006747246,65.4090314926606,11.9292027866678,250,-0.0351483567571344,11.9689170518152,0.0149152381300329,300.0129395,300.0143738,31786.20703125,31886.380859375,55.6144324003136,20.6173509047032,7.396941,0,0,0,40,4449,299.91915,31836.2939453125,,,,,,,,,,,,,0,,,,10.53011275,,,,,,300.01365665,,,,
,16776228.24,300.014267,31931.4921875,11.9760187609443,0.000760551251057092,1,0.999253354069792,40.0298881530762,1.99987157989825,19.2200001329184,65.4385060748918,11.9330730412552,250,-0.0354285741100252,11.973741515274,0.0146546842247424,300.0141602,300.0143738,31886.380859375,31976.603515625,55.7965518452944,20.613940850298,7.396941,0,0,0,40,4449,299.9177,31931.4921875,,,,,,,,,,,,,0,,,,10.424922,,,,,,300.014267,,,,
,16776229.265,300.01412965,32031.7001953125,11.9787620431909,0.00129813964664044,1,0.999253354069792,40.0298881530762,2.00011381975406,19.2200001329184,65.4608267920584,11.9393602167314,250,-0.035043326785826,11.9764827620986,0.0150505748775526,300.0140991,300.0141602,31976.603515625,32086.796875,55.8418862994097,20.6175385889083,9.256284,0,0,0,40,4449,299.91695,32031.7001953125,,,,,,,,,,,,,0,,,,10.37310935,,,,,,300.01412965,,,,
,16776230.425,300.0141754,32146.9228515625,11.9841814358406,0.00113302364226222,1,0.999253354069792,40.0298881530762,2.00016118874617,19.2200001329184,65.4928337633623,11.9402957984924,250,-0.0359263649759565,11.9819048206366,0.0141894021212858,300.0140991,300.0142517,32086.796875,32207.048828125,55.8973819242751,20.6179256163048,8.884414,0,0,0,40,4449,299.91665,32146.9228515625,,,,,,,,,,,,,0,,,,10.37310935,,,,,,300.0141754,,,,
,16776231.45,300.01400755,32252.140625,11.9869374049657,0.00114305438728832,1,0.999253354069792,40.0298881530762,2.00022792303931,19.2200001329184,65.5096508430242,11.9454549235097,250,-0.0355630125715643,11.9846588742178,0.0145632704760723,300.0137634,300.0142517,32207.048828125,32297.232421875,55.8614270123905,20.6181093942602,9.256284,0,0,0,40,4449,299.9166,32252.140625,,,,,,,,,,,,,0,,,,10.4772544,,,,,,300.01400755,,,,
,16776232.44,300.0145874,32352.376953125,11.990527878965,0.0013352733714568,1,0.999253354069792,40.0298881530762,2.00023563294201,19.2200001329184,65.5292372120949,11.9505938637674,250,-0.0352951939940865,11.9882473286522,0.0148451567887982,300.0137634,300.0154114,32297.232421875,32407.521484375,56.0075915454867,20.6203156764831,8.512546,0,0,0,40,4449,299.91655,32352.376953125,,,,,,,,,,,,,0,,,,10.4772544,,,,,,300.0145874,,,,
,16776233.625,300.0144501,32467.6142578125,11.9942641147319,0.00140221030251322,1,0.999253354069792,40.0298881530762,2.00019621181138,19.2200001329184,65.5481167431134,11.9556034255691,250,-0.0350276788619831,11.9919818527932,0.015127144676551,300.0134888,300.0154114,32407.521484375,32527.70703125,55.9192675228136,20.6181775223887,8.512546,0,0,0,40,4449,299.91685,32467.6142578125,,,,,,,,,,,,,0,,,,10.424922,,,,,,300.0144501,,,,
,16776234.655,300.0134888,32572.8193359375,11.9970071332605,0.000880258310621677,1,0.999253354069792,40.0298881530762,2.00028790334541,19.2200001329184,65.5667952828868,11.9547965943767,250,-0.0357809197989057,11.9947279799796,0.014384569250026,300.0134888,300.0134888,32527.70703125,32617.931640625,55.812184415679,20.6177110811168,8.512546,0,0,0,40,4449,299.9169,32572.8193359375,,,,,,,,,,,,,0,,,,10.424922,,,,,,300.0134888,,,,
,16776235.61,300.0132294,32668.03125,12.0010251884697,0.000896843488000355,1,0.999253354069792,40.0298881530762,2.00026615305745,19.2200001329184,65.5881762478882,11.9580509427214,250,-0.035906415640661,11.9987459119965,0.0142753563954737,300.01297,300.0134888,32617.931640625,32718.130859375,55.6777443103713,20.6179363569963,8.884414,0,0,0,40,4449,299.9153,32668.03125,,,,,,,,,,,,,0,,,,10.37310935,,,,,,300.0132294,,,,
,16776236.745,300.01353455,32778.2939453125,12.0076701450277,0.00110140298913424,1,0.999253354069792,40.0298881530762,2.00028795537432,19.2200001329184,65.6248598585584,11.9665756104795,250,-0.0356002567160645,12.0053881849184,0.0146084185796779,300.01297,300.0140991,32718.130859375,32838.45703125,55.8520474701598,20.6174241313313,8.512546,0,0,0,40,4449,299.9144,32778.2939453125,,,,,,,,,,,,,0,,,,10.4783001,,,,,,300.01353455,,,,
,16776237.955,300.014328,32904.26953125,12.0109289836182,0.00119356137878326,1,0.999253354069792,40.0298881530762,2.00026391304033,19.2200001329184,65.6415113278591,11.9717778719535,250,-0.0352252533256841,12.0086445485939,0.0149958633138785,300.0140991,300.0145569,32838.45703125,32970.08203125,55.8270353575444,20.6171742859726,8.512546,0,0,0,40,4449,299.91425,32904.26953125,,,,,,,,,,,,,0,,,,10.6353035,,,,,,300.014328,,,,
,16776239.055,300.01438905,33015.271484375,12.0140429850629,0.00134332940759779,1,0.999253354069792,40.0298881530762,2.00022950001772,19.2200001329184,65.65761253454,11.9736911725333,250,-0.0354147417413115,12.0117587649157,0.0148185776493591,300.0142212,300.0145569,32970.08203125,33060.4609375,55.9231756654098,20.6195773000607,8.512546,0,0,0,40,4449,299.9135,33015.271484375,,,,,,,,,,,,,0,,,,10.376215,,,,,,300.01438905,,,,
,16776240.165,300.01467895,33125.548828125,12.0185081324899,0.00093106150696056,1,0.999253354069792,40.0298881530762,2.00019562412142,19.2200001329184,65.6810877953897,11.9770938641243,250,-0.0355827319409177,12.0162236507557,0.014668558162849,300.0142212,300.0151367,33060.4609375,33190.63671875,56.0419832003329,20.6183170246824,8.884414,0,0,0,40,4449,299.91215,33125.548828125,,,,,,,,,,,,,0,,,,10.1171265,,,,,,300.01467895,,,,
,16776241.195,300.0147705,33230.841796875,12.021413276208,0.000921533783953237,1,0.999253354069792,40.0298881530762,2.00021075397214,19.2200001329184,65.6971959951266,11.9814409487428,250,-0.035341132216675,12.0191272071231,0.0149217063239261,300.0144043,300.0151367,33190.63671875,33271.046875,55.7754478752751,20.6179076966549,8.884414,0,0,0,40,4449,299.9101,33230.841796875,,,,,,,,,,,,,0,,,,10.27102425,,,,,,300.0147705,,,,
,16776242.13,300.0138855,33326.212890625,12.0242250206858,0.00107224052527334,1,0.999253354069792,40.0298881530762,2.00017590544994,19.2200001329184,65.7114384787042,11.9840962767008,250,-0.0353382458925023,12.0219388472833,0.0149354441383915,300.0133667,300.0144043,33271.046875,33381.37890625,55.8864391250059,20.618580622548,8.512546,0,0,0,40,4449,299.9103,33326.212890625,,,,,,,,,,,,,0,,,,10.53011275,,,,,,300.0138855,,,,
,16776243.155,300.01374815,33426.447265625,12.0275359428299,0.001098684588465,1,0.999253354069792,40.0298881530762,2.00021863962309,19.2200001329184,65.7308864979527,11.9877309661261,250,-0.0353310432990848,12.0252492588366,0.0149551140184873,300.0133667,300.0141296,33381.37890625,33471.515625,55.6285017136597,20.6170437807518,8.884414,0,0,0,40,4449,299.91265,33426.447265625,,,,,,,,,,,,,0,,,,10.53011275,,,,,,300.01374815,,,,
,16776244.08,300.0141296,33516.607421875,12.0303772512465,0.000500777033977353,1,0.999253354069792,40.0298881530762,2.00025533262208,19.2200001329184,65.747318296251,11.9922391581874,250,-0.0350710421496664,12.0280888008188,0.0152262507845406,300.0141296,300.0141296,33471.515625,33561.69921875,55.8856574964867,20.6179271000591,9.256284,0,0,0,40,4449,299.912,33516.607421875,,,,,,,,,,,,,0,,,,10.27102425,,,,,,300.0141296,,,,
,16776245.065,300.01379395,33616.845703125,12.0333517408065,0.00125087395779479,1,0.999253354069792,40.0298881530762,2.0002346274702,19.2300006747246,65.7640254261383,11.9890775321096,250,-0.0361784958219051,12.0310675389884,0.0141306842698769,300.0134583,300.0141296,33561.69921875,33671.9921875,55.8090579016021,20.6186683104868,7.396941,0,0,0,40,4449,299.9113,33616.845703125,,,,,,,,,,,,,0,,,,10.27102425,,,,,,300.01379395,,,,
,16776246.1,300.0135956,33722.04296875,12.0362053068225,0.000979120257014149,1,0.999253354069792,40.0298881530762,2.0003025895012,19.2200001329184,65.7809336675433,11.9969912665336,250,-0.0353303400072113,12.0339171800842,0.0149894241557356,300.0134583,300.0137329,33671.9921875,33772.09375,55.8434495564482,20.6204677886443,8.884414,0,0,0,40,4449,299.9124,33722.04296875,,,,,,,,,,,,,0,,,,10.27102425,,,,,,300.0135956,,,,
,16776247.075,300.01371765,33822.18359375,12.0401166757987,0.000981472199986848,1,0.999253354069792,40.0298881530762,2.00027267512906,19.2200001329184,65.8008626554419,12.003349450123,250,-0.034858845037873,12.0378257947028,0.0154765103873048,300.0137024,300.0137329,33772.09375,33872.2734375,55.8332883856982,20.6181032098702,9.256284,0,0,0,40,4449,299.91115,33822.18359375,,,,,,,,,,,,,0,,,,10.376215,,,,,,300.01371765,,,,
,16776248.145,300.01364135,33927.3984375,12.042148549821,0.00114174071153983,1,0.999253354069792,40.0298881530762,2.00021503242745,19.2200001329184,65.8108920602817,12.0008695091194,250,-0.0356269368871475,12.0398605927958,0.0147161002961945,300.0135803,300.0137024,33872.2734375,33982.5234375,55.8497025846021,20.6179619186149,9.256284,0,0,0,40,4449,299.9112,33927.3984375,,,,,,,,,,,,,0,,,,10.6353035,,,,,,300.01364135,,,,
,16776249.28,300.01390075,34037.6171875,12.0461771222375,0.00107105147924041,1,0.999253354069792,40.0298881530762,2.00019777163562,19.2200001329184,65.8323615269662,12.0047455854804,250,-0.03564468256572,12.0438884096327,0.0147141245249303,300.0135803,300.0142212,33982.5234375,34092.7109375,55.7473092485828,20.6181023364831,8.512546,0,0,0,40,4449,299.91155,34037.6171875,,,,,,,,,,,,,0,,,,10.6353035,,,,,,300.01390075,,,,
,16776250.355,300.01379395,34147.8203125,12.0495766031307,0.00103419319730028,1,0.999253354069792,40.0298881530762,2.00026842167388,19.2200001329184,65.8528526844689,12.0104605654435,250,-0.0353036595675383,12.0472858937919,0.0150685507107595,300.0133667,300.0142212,34092.7109375,34202.9296875,55.8285986145828,20.6166641907344,8.884414,0,0,0,40,4449,299.9102,34147.8203125,,,,,,,,,,,,,0,,,,10.376215,,,,,,300.01379395,,,,
,16776251.465,300.0136261,34258.0703125,12.0520597240481,0.000814787258466763,1,0.999253354069792,40.0298881530762,2.0002771723337,19.2200001329184,65.8676545467118,12.0078660017011,250,-0.0362475701298267,12.0497726162803,0.0141343134336771,300.0133667,300.0138855,34202.9296875,34313.2109375,55.687123852602,20.6184068054382,9.256284,0,0,0,40,4449,299.90965,34258.0703125,,,,,,,,,,,,,0,,,,10.376215,,,,,,300.0136261,,,,
,16776252.57,300.01296995,34368.33984375,12.0553787476646,0.00106419587283727,1,0.999253354069792,40.0298881530762,2.00032045849596,19.2200001329184,65.8864085699738,12.0156172884413,250,-0.0354896085959178,12.0530881612071,0.0149052551350121,300.0120544,300.0138855,34313.2109375,34423.46875,55.7902988171405,20.6183762820334,8.512546,0,0,0,40,4449,299.9083,34368.33984375,,,,,,,,,,,,,0,,,,10.53011275,,,,,,300.01296995,,,,
,16776253.61,300.0133209,34473.470703125,12.0574638583429,0.00125652611919701,1,0.999253354069792,40.0298881530762,2.00023131126763,19.2200001329184,65.8941910468551,12.0212199218747,250,-0.0347539876144598,12.0551697058717,0.0156485212642208,300.0120544,300.0145874,34423.46875,34523.47265625,55.6753994248136,20.6174946111301,8.512546,0,0,0,40,4449,299.9081,34473.470703125,,,,,,,,,,,,,0,,,,10.27102425,,,,,,300.0133209,,,,
,16776254.705,300.0142975,34583.576171875,12.061506802174,0.00134750547337582,1,0.999253354069792,40.0298881530762,2.00022739278959,19.2200001329184,65.9175804463255,12.017555984008,250,-0.0361690522630655,12.059217412891,0.0142495640995327,300.0140076,300.0145874,34523.47265625,34643.6796875,55.8739330686982,20.6182920559652,9.256284,0,0,0,40,4449,299.90845,34583.576171875,,,,,,,,,,,,,0,,,,10.1171265,,,,,,300.0142975,,,,
,16776255.78,300.01361085,34693.775390625,12.0674980598896,0.00105251692358151,1,0.999253354069792,40.0298881530762,2.00028658777167,19.2200001329184,65.9514223162499,12.0282179792973,250,-0.0353904566739858,12.0652046070612,0.0150520045257779,300.0132141,300.0140076,34643.6796875,34743.87109375,56.1506295645059,20.6174169796044,8.512546,0,0,0,40,4449,299.9086,34693.775390625,,,,,,,,,,,,,0,,,,10.1171265,,,,,,300.01361085,,,,
,16776256.9,300.01316835,34804.01171875,12.0701617091498,0.00107022765105863,1,0.999253354069792,40.0298881530762,2.00027681550433,19.2200001329184,65.965812266819,12.0300333515073,250,-0.0355405336960189,12.0678686363216,0.0149120806272158,300.0131226,300.0132141,34743.87109375,34864.15234375,55.9583489487752,20.6181954009146,7.396941,0,0,0,40,4449,299.9086,34804.01171875,,,,,,,,,,,,,0,,,,10.376215,,,,,,300.01316835,,,,
,16776258.08,300.0131073,34919.29296875,12.0728400565783,0.00107074488127337,1,0.999253354069792,40.0298881530762,2.00022675875046,19.2200001329184,65.979117951396,12.0309164692531,250,-0.0358207876953897,12.0705477302743,0.0146421190582727,300.013092,300.0131226,34864.15234375,34974.43359375,55.8684616690636,20.6177589272441,8.884414,0,0,0,40,4449,299.9081,34919.29296875,,,,,,,,,,,,,0,,,,10.376215,,,,,,300.0131073,,,,
,16776259.125,300.013092,35024.552734375,12.075905584844,0.00118003137406505,1,0.999253354069792,40.0298881530762,2.00027500050674,19.2200001329184,65.9975096563388,12.0337890550323,250,-0.0359139743606657,12.0736131374148,0.0145606680336125,300.013092,300.013092,34974.43359375,35074.671875,55.8786228398136,20.618348124323,8.512546,0,0,0,40,4449,299.90875,35024.552734375,,,,,,,,,,,,,0,,,,10.376215,,,,,,300.013092,,,,
,16776260.135,300.013092,35129.75,12.0786678330331,0.00142908062266174,1,0.999253354069792,40.0298881530762,2.00032716890033,19.2200001329184,66.0136099404557,12.0404859478625,250,-0.0352553082023612,12.0763721518657,0.0152299174374502,300.013092,300.013092,35074.671875,35184.828125,55.9325552076405,20.6168702239742,9.256284,0,0,0,40,4449,299.90805,35129.75,,,,,,,,,,,,,0,,,,10.53011275,,,,,,300.013092,,,,
,16776261.3,300.01263425,35244.99609375,12.081365282481,0.0011582364823835,1,0.999253354069792,40.0298881530762,2.00021640683182,19.2300006747246,66.025571486146,12.0383111595959,250,-0.0360337342912912,12.0790726018348,0.0144619716309945,300.0121765,300.013092,35184.828125,35305.1640625,55.6910319951982,20.617407143029,8.512546,0,0,0,40,4449,299.9075,35244.99609375,,,,,,,,,,,,,0,,,,10.424922,,,,,,300.01263425,,,,
,16776262.445,300.0127411,35360.1953125,12.0843713467949,0.00113821259215921,1,0.999253354069792,40.0298881530762,2.00029373161976,19.2200001329184,66.0442268067849,12.0431724092695,250,-0.0357831954925263,12.0820770555887,0.0147240415886668,300.0121765,300.0133057,35305.1640625,35415.2265625,55.8215639579098,20.618164502064,8.512546,0,0,0,40,4449,299.9071,35360.1953125,,,,,,,,,,,,,0,,,,10.424922,,,,,,300.0127411,,,,
,16776263.395,300.0133057,35455.31640625,12.0872858444416,0.00108649404706013,1,0.999253354069792,40.0298881530762,2.00027018074795,19.2200001329184,66.0587612219014,12.0493630193643,250,-0.0351641472051926,12.0849881944703,0.0153544069097795,300.0133057,300.0133057,35415.2265625,35495.40625,55.8364148997751,20.6180005764799,8.884414,0,0,0,40,4449,299.9064,35455.31640625,,,,,,,,,,,,,0,,,,10.27102425,,,,,,300.0133057,,,,
,16776264.42,300.0128937,35555.552734375,12.0897965184989,0.0010694708446911,1,0.999253354069792,40.0298881530762,2.00025997460258,19.2200001329184,66.0724601109079,12.05016257921,250,-0.0354712118470011,12.0874999346844,0.0150567545642137,300.0124817,300.0133057,35495.40625,35615.69921875,55.9466245209867,20.6176308121918,8.512546,0,0,0,40,4449,299.9075,35555.552734375,,,,,,,,,,,,,0,,,,10.1171265,,,,,,300.0128937,,,,
,16776265.44,300.01239015,35660.771484375,12.0925749866205,0.0014648479404497,1,0.999253354069792,40.0298881530762,2.00030462529335,19.2200001329184,66.0893318656472,12.0518605380266,250,-0.0357225381503546,12.0902792131669,0.0148160502788176,300.0122986,300.0124817,35615.69921875,35705.84375,55.8418862994097,20.6171514609296,9.256284,0,0,0,40,4449,299.90785,35660.771484375,,,,,,,,,,,,,0,,,,10.1171265,,,,,,300.01239015,,,,
,16776266.45,300.01298525,35760.974609375,12.0949879474156,0.00131007415109349,1,0.999253354069792,40.0298881530762,2.00025724924291,19.2200001329184,66.1014337706707,12.0516055082601,250,-0.0361649273571335,12.0926933365379,0.0143831169467069,300.0122986,300.0136719,35705.84375,35816.10546875,55.832506757179,20.6180633232615,8.512546,0,0,0,40,4449,299.9068,35760.974609375,,,,,,,,,,,,,0,,,,10.376215,,,,,,300.01298525,,,,
,16776267.61,300.01387025,35876.240234375,12.0985759162646,0.00108770922634617,1,0.999253354069792,40.0298881530762,2.00026975101683,19.2200001329184,66.1212774518489,12.0561518511311,250,-0.0360100232529041,12.0962796516866,0.0145517685982633,300.0136719,300.0140686,35816.10546875,35936.375,55.7871723030636,20.6180745255801,8.512546,0,0,0,40,4449,299.90755,35876.240234375,,,,,,,,,,,,,0,,,,10.376215,,,,,,300.01387025,,,,
,16776268.695,300.01316835,35986.51171875,12.1007140742366,0.00124184725343945,1,0.999253354069792,40.0298881530762,2.00021479392065,19.2200001329184,66.1305719005562,12.0613162555718,250,-0.0354006528804882,12.0984152629651,0.0151686830786763,300.0122681,300.0140686,35936.375,36036.6484375,55.7645050760059,20.6175558674783,8.512546,0,0,0,40,4449,299.9088,35986.51171875,,,,,,,,,,,,,0,,,,10.27102425,,,,,,300.01316835,,,,
,16776269.83,300.0126038,36102.001953125,12.1064603512649,0.00114094652834456,1,0.999253354069792,40.0298881530762,2.00031013224814,19.2200001329184,66.165722236877,12.063985261484,250,-0.0360790635987427,12.1041635621595,0.0145133814940874,300.0122681,300.0129395,36036.6484375,36167.35546875,55.8176558153136,20.6170373939206,8.512546,0,0,0,40,4449,299.90865,36102.001953125,,,,,,,,,,,,,0,,,,10.424922,,,,,,300.0126038,,,,
,16776271.01,300.0128479,36217.564453125,12.1091154774979,0.00136091631584239,1,0.999253354069792,40.0298881530762,2.00026185066172,19.2300006747246,66.1778558702599,12.0707717791043,250,-0.0352758892649438,12.1068147843235,0.0153264470066081,300.0127563,300.0129395,36167.35546875,36267.7734375,55.697285023352,20.6170560512709,9.256284,0,0,0,40,4449,299.9085,36217.564453125,,,,,,,,,,,,,0,,,,10.424922,,,,,,300.0128479,,,,
,16776272.025,300.01351925,36317.875,12.1122265388374,0.00133624376836917,1,0.999253354069792,40.0298881530762,2.00025816206942,19.2200001329184,66.1952707563476,12.0709775767803,250,-0.0358102314106875,12.1099272237397,0.014804420782671,300.0127563,300.0142822,36267.7734375,36367.9765625,55.6714912822174,20.6171049217161,8.512546,0,0,0,40,4449,299.9078,36317.875,,,,,,,,,,,,,0,,,,10.424922,,,,,,300.01351925,,,,
,16776273.01,300.01359555,36418.087890625,12.1145225861922,0.000775851864244003,1,0.999253354069792,40.0298881530762,2.0002712711196,19.2200001329184,66.2076760799447,12.0763954722251,250,-0.0352576222155799,12.1122205156554,0.0153659597131853,300.0129089,300.0142822,36367.9765625,36468.19921875,55.8825309824098,20.6186072153797,7.396941,0,0,0,40,4449,299.9059,36418.087890625,,,,,,,,,,,,,0,,,,10.53011275,,,,,,300.01359555,,,,
,16776274.04,300.013504,36523.35546875,12.1173815690394,0.00119116457821421,1,0.999253354069792,40.0298881530762,2.0003118367423,19.2200001329184,66.2253119335603,12.0757019940486,250,-0.035957384789808,12.1150819794921,0.0146772770547048,300.0129089,300.0140991,36468.19921875,36578.51171875,55.8575188697944,20.6170992868462,8.884414,0,0,0,40,4449,299.90605,36523.35546875,,,,,,,,,,,,,0,,,,10.58244515,,,,,,300.013504,,,,
,16776275.03,300.01423645,36623.6796875,12.1200205773079,0.00105424561041766,1,0.999253354069792,40.0298881530762,2.0002628960279,19.2200001329184,66.2381016188431,12.0783266760705,250,-0.0359120934579666,12.1177200605715,0.0147322751823528,300.0140991,300.0143738,36578.51171875,36668.84765625,55.9599122058136,20.6166507699465,9.256284,0,0,0,40,4449,299.90795,36623.6796875,,,,,,,,,,,,,0,,,,10.58244515,,,,,,300.01423645,,,,
,16776276.04,300.013443,36723.921875,12.1228583501391,0.00149549388376932,1,0.999253354069792,40.0298881530762,2.00023003862332,19.2200001329184,66.2517238631401,12.0854282149891,250,-0.0351020919146035,12.1205542932164,0.0155532962258557,300.0125122,300.0143738,36668.84765625,36778.99609375,55.6847789670444,20.617601359674,8.512546,0,0,0,40,4449,299.90665,36723.921875,,,,,,,,,,,,,0,,,,10.6353035,,,,,,300.013443,,,,
,16776277.085,300.0128784,36829.091796875,12.1255307505885,0.00119672120096957,1,0.999253354069792,40.0298881530762,2.00026685366712,19.2200001329184,66.2677602541109,12.0870095003432,250,-0.0353470395151498,12.1232275041458,0.015318764163566,300.0125122,300.0132446,36778.99609375,36879.1875,55.7731029897174,20.617272111211,9.256284,0,0,0,40,4449,299.90575,36829.091796875,,,,,,,,,,,,,0,,,,10.6353035,,,,,,300.0128784,,,,
,16776278.075,300.0129089,36929.369140625,12.1278466327492,0.00129290905705097,1,0.999253354069792,40.0298881530762,2.00026921315112,19.2200001329184,66.2808711036483,12.0872960469323,250,-0.0357253072092515,12.1255445995124,0.0149490263807414,300.0125732,300.0132446,36879.1875,36979.55078125,55.923957293929,20.6161813859074,7.396941,0,0,0,40,4449,299.9072,36929.369140625,,,,,,,,,,,,,0,,,,10.6353035,,,,,,300.0129089,,,,
,16776279.2,300.012619,37044.57421875,12.1300862949274,0.000611893332557964,1,0.999253354069792,40.0298881530762,2.00030531876039,19.2200001329184,66.2942368729663,12.0899676083257,250,-0.0356894023410522,12.1277838864908,0.0149932374878499,300.0125732,300.0126648,36979.55078125,37109.59765625,55.873151440179,20.6177860772884,8.512546,0,0,0,40,4449,299.90705,37044.57421875,,,,,,,,,,,,,0,,,,10.53011275,,,,,,300.012619,,,,
,16776280.435,300.0123596,37164.69921875,12.1330478078318,0.00128115383512184,1,0.999253354069792,40.0298881530762,2.00031102229541,19.2200001329184,66.3104871345009,12.093603675229,250,-0.0355780588900127,12.1307445418514,0.0151159699449425,300.0120544,300.0126648,37109.59765625,37219.80078125,55.8840942394482,20.6177063719557,8.512546,0,0,0,40,4449,299.90625,37164.69921875,,,,,,,,,,,,,0,,,,10.424922,,,,,,300.0123596,,,,
,16776281.525,300.01248165,37269.91015625,12.1359433887351,0.0012528849401973,1,0.999253354069792,40.0298881530762,2.00027850351174,19.2200001329184,66.3248829191999,12.098339869877,250,-0.0352117766390371,12.1336380458775,0.0154932829299469,300.0120544,300.0129089,37219.80078125,37320.01953125,55.8966002957559,20.6185566331268,8.512546,0,0,0,40,4449,299.9063,37269.91015625,,,,,,,,,,,,,0,,,,10.53011275,,,,,,300.01248165,,,,
,16776282.61,300.01226805,37380.181640625,12.1382107101482,0.00117160938941846,1,0.999253354069792,40.0298881530762,2.00027639363594,19.2200001329184,66.3375866909069,12.0985397568132,250,-0.0355924397601936,12.1359066774807,0.0151212881480739,300.0116272,300.0129089,37320.01953125,37440.34375,55.8786228398136,20.6175523746138,8.512546,0,0,0,40,4449,299.90555,37380.181640625,,,,,,,,,,,,,0,,,,10.376215,,,,,,300.01226805,,,,
,16776283.78,300.01223755,37500.498046875,12.1436364002748,0.00159205423641714,1,0.999253354069792,40.0298881530762,2.00028834761294,19.2200001329184,66.3681102157307,12.1014086264703,250,-0.0360849472453657,12.1413334524374,0.0146503711690861,300.0116272,300.0128479,37440.34375,37560.65234375,56.0263506299482,20.6172794462858,7.396941,0,0,0,40,4449,299.9058,37500.498046875,,,,,,,,,,,,,0,,,,10.1171265,,,,,,300.01223755,,,,
,16776284.94,300.01275635,37615.701171875,12.1466204583057,0.00100800318099724,1,0.999253354069792,40.0298881530762,2.00031915426836,19.2200001329184,66.3850395066335,12.1065882146745,250,-0.0357218340016835,12.1443152884141,0.0150244896748337,300.0126648,300.0128479,37560.65234375,37670.75,55.8770595827751,20.6159496901255,7.396941,0,0,0,40,4449,299.90735,37615.701171875,,,,,,,,,,,,,0,,,,10.376215,,,,,,300.01275635,,,,
,16776286.025,300.01231385,37720.861328125,12.1487942878719,0.00111370585187957,1,0.999253354069792,40.0298881530762,2.00028302084834,19.2200001329184,66.3956247182562,12.1092312879195,250,-0.0356012787957364,12.1464884432225,0.0151533558362977,300.0119629,300.0126648,37670.75,37770.97265625,55.7949885882559,20.6160398942557,7.396941,0,0,0,40,4449,299.90615,37720.861328125,,,,,,,,,,,,,0,,,,10.58244515,,,,,,300.01231385,,,,
,16776287.045,300.01301575,37825.966796875,12.1514441692193,0.000958777344916217,1,0.999253354069792,40.0298881530762,2.0002611768801,19.2200001329184,66.4100166308464,12.1084105595828,250,-0.0362182731872114,12.1491401397118,0.0145466197547155,300.0119629,300.0140686,37770.97265625,37880.9609375,55.7684132186021,20.6169465664553,8.512546,0,0,0,40,4449,299.9059,37825.966796875,,,,,,,,,,,,,0,,,,10.3741441,,,,,,300.01301575,,,,
,16776288.04,300.0142517,37926.09375,12.1528107835587,0.00100212031034298,1,0.999253354069792,40.0298881530762,2.00026596456569,19.2200001329184,66.4173913733838,12.1111299398797,250,-0.0359777521152603,12.1505050262556,0.0147916620824879,300.0140686,300.0144348,37880.9609375,37971.2265625,55.8598637553521,20.6170007735851,7.396941,0,0,0,40,4449,299.9069,37926.09375,,,,,,,,,,,,,0,,,,10.16791395,,,,,,300.0142517,,,,
,16776289.02,300.0144348,38021.369140625,12.1565760393573,0.000763558920001039,1,0.999253354069792,40.0298881530762,2.00032736334517,19.2200001329184,66.4399258368923,12.1154124225254,250,-0.0359574466270646,12.1542694249746,0.0148269363990958,300.0144348,300.0144348,37971.2265625,38071.51171875,55.7387113348713,20.6168462395776,7.396941,0,0,0,40,4449,299.9062,38021.369140625,,,,,,,,,,,,,0,,,,10.376215,,,,,,300.0144348,,,,
,16776290.12,300.014328,38131.591796875,12.1591724793382,0.00115822819785295,1,0.999253354069792,40.0298881530762,2.00029424824438,19.2200001329184,66.4530323334613,12.117871563962,250,-0.0359518052306395,12.1568654652902,0.0148423470960834,300.0142212,300.0144348,38071.51171875,38191.671875,55.944279635429,20.6157310292509,8.512546,0,0,0,40,4449,299.9064,38131.591796875,,,,,,,,,,,,,0,,,,10.6353035,,,,,,300.014328,,,,
,16776291.135,300.01376345,38231.82421875,12.1613958703394,0.00114013347763741,1,0.999253354069792,40.0298881530762,2.00026309323011,19.2300006747246,66.4635345794969,12.1233658598889,250,-0.0353236902134645,12.1590861164482,0.0154787702177984,300.0133057,300.0142212,38191.671875,38271.9765625,55.7457459915444,20.6161324124267,7.396941,0,0,0,40,4449,299.90595,38231.82421875,,,,,,,,,,,,,0,,,,10.53011275,,,,,,300.01376345,,,,
,16776292.065,300.01379395,38327.072265625,12.1641290523698,0.000880023050412276,1,0.999253354069792,40.0298881530762,2.00030303303099,19.2200001329184,66.4800161926984,12.1249767790781,250,-0.0355779319772816,12.1618198700249,0.0152351898620646,300.0133057,300.0142822,38271.9765625,38382.16796875,55.8817493538905,20.6163514177596,9.256284,0,0,0,40,4449,299.9055,38327.072265625,,,,,,,,,,,,,0,,,,10.424922,,,,,,300.01379395,,,,
,16776293.125,300.01382445,38437.326171875,12.1664381558147,0.00110159524576751,1,0.999253354069792,40.0298881530762,2.00032724225413,19.2200001329184,66.4944605839027,12.1218140018699,250,-0.0366101978982575,12.1641329056329,0.0142116996926379,300.0133667,300.0142822,38382.16796875,38492.484375,55.8340700142174,20.6164006430731,7.768809,0,0,0,40,4449,299.9057,38437.326171875,,,,,,,,,,,,,0,,,,10.424922,,,,,,300.01382445,,,,
,16776294.115,300.01335145,38537.52734375,12.1696121116394,0.000780729825841151,1,0.999253354069792,40.0298881530762,2.0003313686084,19.2200001329184,66.5108458435396,12.1309177458032,250,-0.0355356586351658,12.167302029169,0.015298374910516,300.0133362,300.0133667,38492.484375,38582.5703125,55.913796123179,20.6161135766229,8.884414,0,0,0,40,4449,299.9055,38537.52734375,,,,,,,,,,,,,0,,,,10.424922,,,,,,300.01335145,,,,
,16776295.165,300.01382445,38642.669921875,12.1711577106633,0.0011540919982731,1,0.999253354069792,40.0298881530762,2.00032452343663,19.2200001329184,66.5192521934244,12.1314379680722,250,-0.0357185084589753,12.1688479659224,0.0151209665382254,300.0133362,300.0143127,38582.5703125,38702.76953125,55.812184415679,20.6156893624177,9.256284,0,0,0,40,4449,299.9058,38642.669921875,,,,,,,,,,,,,0,,,,10.424922,,,,,,300.01382445,,,,
,16776296.345,300.01359555,38757.822265625,12.1738852347375,0.00130239972576175,1,0.999253354069792,40.0298881530762,2.00028187853592,19.2300006747246,66.5328366809066,12.1335854450926,250,-0.0357838142307722,12.1715754209012,0.0150659298233792,300.0128784,300.0143127,38702.76953125,38812.875,55.8395414138521,20.6160886858759,9.256284,0,0,0,40,4449,299.90605,38757.822265625,,,,,,,,,,,,,0,,,,10.53011275,,,,,,300.01359555,,,,
,16776297.345,300.012619,38858.0390625,12.1763762971341,0.00143364376080332,1,0.999253354069792,40.0298881530762,2.00029263706742,19.2200001329184,66.5469199008618,12.1354989023801,250,-0.0359064635398715,12.174066991204,0.0149530631185639,300.0123596,300.0128784,38812.875,38903.203125,55.9270838080059,20.6161223330415,7.396941,0,0,0,40,4449,299.90455,38858.0390625,,,,,,,,,,,,,0,,,,10.6353035,,,,,,300.012619,,,,
,16776298.33,300.0133667,38958.27734375,12.1790308927272,0.00119055055777284,1,0.999253354069792,40.0298881530762,2.00027460141295,19.2200001329184,66.5606418911128,12.1391139508165,250,-0.0357165370988648,12.1767199880774,0.0151533302104599,300.0123596,300.0143738,38903.203125,39013.3515625,55.8786228398136,20.6156800603898,8.512546,0,0,0,40,4449,299.90335,38958.27734375,,,,,,,,,,,,,0,,,,10.6353035,,,,,,300.0133667,,,,
,16776299.4,300.0145569,39063.49609375,12.1810836648961,0.00072120148993455,1,0.999253354069792,40.0298881530762,2.00024719140372,19.2200001329184,66.570830171794,12.1417476544271,250,-0.0355837425394175,12.1787713938234,0.0152932068905664,300.0143738,300.01474,39013.3515625,39113.640625,55.9786712902751,20.615280420863,7.396941,0,0,0,40,4449,299.9057,39063.49609375,,,,,,,,,,,,,0,,,,10.53011275,,,,,,300.0145569,,,,
,16776300.41,300.0145874,39163.755859375,12.1835866282372,0.000715371998537664,1,0.999253354069792,40.0298881530762,2.00028894715938,19.2200001329184,66.5857099008435,12.1453228148017,250,-0.0354375669032039,12.1812733181352,0.0154488377520822,300.0144348,300.01474,39113.640625,39213.87109375,55.8418862994097,20.6163262648906,9.256284,0,0,0,40,4449,299.9058,39163.755859375,,,,,,,,,,,,,0,,,,10.3218117,,,,,,300.0145874,,,,
,16776301.525,300.01449585,39278.99609375,12.1867213843626,0.00127498859636925,1,0.999253354069792,40.0298881530762,2.00027562818943,19.2200001329184,66.6021839699307,12.14958988842,250,-0.035222317774949,12.1844066630261,0.0156762835373693,300.0144348,300.0145569,39213.87109375,39344.12109375,55.8207823293905,20.6160976658344,7.768809,0,0,0,40,4449,299.9046,39278.99609375,,,,,,,,,,,,,0,,,,10.42700245,,,,,,300.01449585,,,,
,16776302.725,300.01464845,39399.341796875,12.1906299282162,0.00126022510002878,1,0.999253354069792,40.0298881530762,2.00031182456723,19.2200001329184,66.6250965201774,12.1516699589367,250,-0.035604445832099,12.1883160363995,0.0153095746240149,300.0145569,300.01474,39344.12109375,39454.5625,55.9231756654098,20.6160122541739,8.512546,0,0,0,40,4449,299.9038,39399.341796875,,,,,,,,,,,,,0,,,,10.376215,,,,,,300.01464845,,,,
,16776303.915,300.01383975,39515.1015625,12.193937243522,0.00105532571218193,1,0.999253354069792,40.0298881530762,2.00031696677257,19.2200001329184,66.643515586245,12.1540574904421,250,-0.0357853752136627,12.1916238811695,0.015141655745496,300.0129395,300.01474,39454.5625,39575.640625,55.7707581041597,20.617354102806,7.396941,0,0,0,40,4449,299.9025,39515.1015625,,,,,,,,,,,,,0,,,,10.1171265,,,,,,300.01383975,,,,
,16776305.02,300.0136261,39625.80078125,12.1965128558938,0.0011462181062313,1,0.999253354069792,40.0298881530762,2.00031006654578,19.2200001329184,66.6572773057314,12.1570785654907,250,-0.0357013112742155,12.194198819626,0.0152353781104312,300.0129395,300.0143127,39575.640625,39675.9609375,55.8520474701598,20.6163923691298,9.256284,0,0,0,40,4449,299.90265,39625.80078125,,,,,,,,,,,,,0,,,,10.27102425,,,,,,300.0136261,,,,
,16776306.065,300.0143585,39731.076171875,12.1985283706668,0.000760785821877042,1,0.999253354069792,40.0298881530762,2.00032072229406,19.2200001329184,66.6683528259009,12.1606857448287,250,-0.0354251931952092,12.1962125340632,0.0155189069599612,300.0143127,300.0144043,39675.9609375,39786.19140625,55.9122328661405,20.6164763722738,8.512546,0,0,0,40,4449,299.9024,39731.076171875,,,,,,,,,,,,,0,,,,10.27102425,,,,,,300.0143585,,,,
,16776307.04,300.0137787,39831.296875,12.2008137109831,0.000950937494458203,1,0.999253354069792,40.0298881530762,2.0003253452752,19.2200001329184,66.682073139761,12.1571766264922,250,-0.0364954193829081,12.1985022354,0.0144574481295845,300.0131531,300.0144043,39786.19140625,39876.40234375,55.697285023352,20.6150730902701,8.512546,0,0,0,40,4449,299.9026,39831.296875,,,,,,,,,,,,,0,,,,10.27102425,,,,,,300.0137787,,,,
,16776308.04,300.01293945,39931.5703125,12.2035247161741,0.00101129092729593,1,0.999253354069792,40.0298881530762,2.00030203168971,19.2200001329184,66.6951204711815,12.165210019004,250,-0.0355012657360201,12.2012090032284,0.0154618284015091,300.0127258,300.0131531,39876.40234375,39986.73828125,55.9309919506021,20.6158678757384,8.512546,0,0,0,40,4449,299.9023,39931.5703125,,,,,,,,,,,,,0,,,,10.424922,,,,,,300.01293945,,,,
,16776309.14,300.01283265,40041.861328125,12.2059870239419,0.00115639901829073,1,0.999253354069792,40.0298881530762,2.00033108636526,19.2200001329184,66.7097585346486,12.1665650693836,250,-0.0357404214192202,12.2036719410331,0.0152321433687147,300.0127258,300.0129395,39986.73828125,40096.984375,56.0114996880828,20.6150641287618,7.396941,0,0,0,40,4449,299.90135,40041.861328125,,,,,,,,,,,,,0,,,,10.27102425,,,,,,300.01283265,,,,
,16776310.185,300.0130005,40147.1015625,12.207782408682,0.000943488154525506,1,0.999253354069792,40.0298881530762,2.00029965221098,19.2200001329184,66.7183619021474,12.1691772560635,250,-0.0355600386888912,12.2054662210054,0.0154190644451408,300.0129395,300.0130615,40096.984375,40197.21875,55.7863906745444,20.6158515613771,8.884414,0,0,0,40,4449,299.90095,40147.1015625,,,,,,,,,,,,,0,,,,10.27102425,,,,,,300.0130005,,,,
,16776311.25,300.01293945,40252.28515625,12.2103570000902,0.00116677751689883,1,0.999253354069792,40.0298881530762,2.00034000770471,19.2200001329184,66.7344883509036,12.1679767562008,250,-0.0363000709113472,12.2080434963783,0.0146890097049814,300.0128174,300.0130615,40197.21875,40307.3515625,55.7230787644867,20.6167519401128,9.256284,0,0,0,40,4449,299.90055,40252.28515625,,,,,,,,,,,,,0,,,,10.4772544,,,,,,300.01293945,,,,
,16776312.385,300.0126343,40367.4140625,12.2124989770049,0.00134430752503066,1,0.999253354069792,40.0298881530762,2.00030211696775,19.2200001329184,66.7445090100007,12.1723405086798,250,-0.0358563149951517,12.2101834114051,0.0151407023170121,300.0124512,300.0128174,40307.3515625,40427.4765625,55.9005084383521,20.6157192047141,7.396941,0,0,0,40,4449,299.89965,40367.4140625,,,,,,,,,,,,,0,,,,10.5295868,,,,,,300.0126343,,,,
,16776313.415,300.0125122,40472.60546875,12.2151527310988,0.000800884462291017,1,0.999253354069792,40.0298881530762,2.00031770272446,19.2200001329184,66.7590981325812,12.1773553170889,250,-0.0354461183764194,12.212835075578,0.0155607928569139,300.0124512,300.0125732,40427.4765625,40517.734375,55.8598637553521,20.6159361457227,9.256284,0,0,0,40,4449,299.90015,40472.60546875,,,,,,,,,,,,,0,,,,10.4772544,,,,,,300.0125122,,,,
,16776314.47,300.01164245,40577.830078125,12.2180104811047,0.00102959607058462,1,0.999253354069792,40.0298881530762,2.00035389353302,19.2200001329184,66.7769288397,12.1748539016702,250,-0.0364719012693139,12.2156970548052,0.0145457443993887,300.0107117,300.0125732,40517.734375,40637.92578125,55.7316766781982,20.6158891040129,9.256284,0,0,0,40,4449,299.90215,40577.830078125,,,,,,,,,,,,,0,,,,10.4772544,,,,,,300.01164245,,,,
,16776315.53,300.0117035,40683.05859375,12.2198412872836,0.00121683661438466,1,0.999253354069792,40.0298881530762,2.00031824469117,19.2200001329184,66.7849367415911,12.1809885152057,250,-0.0356487653734282,12.2175241019313,0.0153755629193476,300.0107117,300.0126953,40637.92578125,40728.19140625,55.9450612639482,20.6154925255298,7.396941,0,0,0,40,4449,299.9011,40683.05859375,,,,,,,,,,,,,0,,,,10.4772544,,,,,,300.0117035,,,,
,16776316.505,300.01237485,40778.330078125,12.2224618689627,0.000917032345191215,1,0.999253354069792,40.0298881530762,2.00032544898323,19.2200001329184,66.7995862780186,12.1831351190709,250,-0.0357489494283937,12.2201443165095,0.0152858493092442,300.0120544,300.0126953,40728.19140625,40828.46875,55.9091063520636,20.6167683676184,8.884414,0,0,0,40,4449,299.899,40778.330078125,,,,,,,,,,,,,0,,,,10.424922,,,,,,300.01237485,,,,
,16776317.615,300.012619,40888.62890625,12.2250589461544,0.000599031019058449,1,0.999253354069792,40.0298881530762,2.00036359238615,19.2200001329184,66.8154660079263,12.1835547554178,250,-0.0361940999855924,12.2227427111995,0.014850636202193,300.0120544,300.0131836,40828.46875,40948.7890625,55.8895656390828,20.6161329903257,8.512546,0,0,0,40,4449,299.8987,40888.62890625,,,,,,,,,,,,,0,,,,10.424922,,,,,,300.012619,,,,
,16776318.68,300.0131378,40998.798828125,12.22741671218,0.000800303795534165,1,0.999253354069792,40.0298881530762,2.00036513986794,19.2200001329184,66.8279045616943,12.188596027025,250,-0.0357089241378038,12.2250978436627,0.0153444726975372,300.013092,300.0131836,40948.7890625,41048.80859375,55.8254721005059,20.6162896003099,7.768809,0,0,0,40,4449,299.89885,40998.798828125,,,,,,,,,,,,,0,,,,10.4772544,,,,,,300.0131378,,,,
,16776319.68,300.01301575,41098.8828125,12.2294004797957,0.00131585689888171,1,0.999253354069792,40.0298881530762,2.00034270558552,19.2200001329184,66.8378302472052,12.1914471520477,250,-0.0355292017111099,12.2270806289328,0.0155312318725259,300.0129395,300.013092,41048.80859375,41148.95703125,55.7262052785636,20.616511275961,8.512546,0,0,0,40,4449,299.9001,41098.8828125,,,,,,,,,,,,,0,,,,10.32335665,,,,,,300.01301575,,,,
,16776320.755,300.0130768,41204.08984375,12.2343990779139,0.00111139997452157,1,0.999253354069792,40.0298881530762,2.00031303623483,19.2200001329184,66.8646534371152,12.193715974154,250,-0.0360074708057132,12.2320802705204,0.0150730384107253,300.0129395,300.0132141,41148.95703125,41259.22265625,55.9778896617559,20.6174621272273,7.396941,0,0,0,40,4449,299.8995,41204.08984375,,,,,,,,,,,,,0,,,,10.27102425,,,,,,300.0130768,,,,
,16776321.93,300.0133667,41324.30078125,12.2366671782739,0.00124803235266212,1,0.999253354069792,40.0298881530762,2.00034978646414,19.2200001329184,66.8778227709542,12.198480303905,250,-0.0355951301222263,12.2343461193481,0.0154941419911196,300.0132141,300.0135193,41259.22265625,41389.37890625,55.8809677253713,20.6167012890947,7.396941,0,0,0,40,4449,299.89685,41324.30078125,,,,,,,,,,,,,0,,,,10.53011275,,,,,,300.0133667,,,,
,16776323.08,300.0137482,41439.498046875,12.2389934370141,0.000884419807777102,1,0.999253354069792,40.0298881530762,2.00032460428368,19.2200001329184,66.8901063666672,12.198541091797,250,-0.0359867241137925,12.2366734804481,0.0151111719940037,300.0135193,300.0139771,41389.37890625,41489.6171875,55.9434980069098,20.6163743462997,7.396941,0,0,0,40,4449,299.89715,41439.498046875,,,,,,,,,,,,,0,,,,10.6353035,,,,,,300.0137482,,,,
,16776324.17,300.0139618,41549.841796875,12.240842260477,0.000996930426876669,1,0.999253354069792,40.0298881530762,2.00030950632901,19.2200001329184,66.8996822262033,12.2004911432498,250,-0.035954681496707,12.2385218318731,0.015149525294725,300.0139465,300.0139771,41489.6171875,41610.06640625,55.8074946445636,20.616524268869,8.884414,0,0,0,40,4449,299.89885,41549.841796875,,,,,,,,,,,,,0,,,,10.376215,,,,,,300.0139618,,,,
,16776325.25,300.0136261,41660.083984375,12.2430316414592,0.000957259439662404,1,0.999253354069792,40.0298881530762,2.00024825475595,19.2200001329184,66.90905565689,12.2055252922178,250,-0.0353714977787022,12.2407085667683,0.0157408915908423,300.0133057,300.0139465,41610.06640625,41710.1015625,55.9943038606598,20.6155553535225,8.512546,0,0,0,40,4449,299.89775,41660.083984375,,,,,,,,,,,,,0,,,,10.27102425,,,,,,300.0136261,,,,
,16776326.33,300.0122986,41765.240234375,12.2455625162421,0.00115739140268629,1,0.999253354069792,40.0298881530762,2.00030872638032,19.2200001329184,66.9249220613475,12.2080896256692,250,-0.0354363577857989,12.2432398843039,0.015685718836412,300.0112915,300.0133057,41710.1015625,41820.37890625,55.9536591776598,20.616561859092,8.512546,0,0,0,40,4449,299.89715,41765.240234375,,,,,,,,,,,,,0,,,,10.424922,,,,,,300.0122986,,,,
,16776327.485,300.0129547,41880.4765625,12.2478133693219,0.00120105746504623,1,0.999253354069792,40.0298881530762,2.00032803435999,19.2200001329184,66.9377817726233,12.2108291940316,250,-0.0353716817611723,12.2454898539708,0.0157583169689638,300.0112915,300.0146179,41820.37890625,41940.57421875,55.9497510350636,20.6155493832922,7.396941,0,0,0,40,4449,299.8989,41880.4765625,,,,,,,,,,,,,0,,,,10.424922,,,,,,300.0129547,,,,
,16776328.44,300.0136871,41975.630859375,12.2502905384057,0.00128609916394316,1,0.999253354069792,40.0298881530762,2.00031058024582,19.2200001329184,66.9518532163153,12.2072410436089,250,-0.0364679900668081,12.2479708440661,0.0146717631848133,300.0127563,300.0146179,41940.57421875,42010.6875,55.974763147679,20.6155586946923,9.256284,0,0,0,40,4449,299.89835,41975.630859375,,,,,,,,,,,,,0,,,,10.424922,,,,,,300.0136871,,,,
,16776329.41,300.0132751,42070.798828125,12.2526623227957,0.000639039085627237,1,0.999253354069792,40.0298881530762,2.00032068992659,19.2200001329184,66.9643039293795,12.2142123162514,250,-0.0356418388562492,12.2503389538352,0.0155069412155555,300.0127563,300.0137939,42010.6875,42130.91015625,55.8473576990444,20.6146216313747,9.256284,0,0,0,40,4449,299.8973,42070.798828125,,,,,,,,,,,,,0,,,,10.4772544,,,,,,300.0132751,,,,
,16776330.525,300.01367185,42181.01171875,12.2549965209645,0.00110654003379302,1,0.999253354069792,40.0298881530762,2.00034028071366,19.2200001329184,66.9778345976001,12.215928987424,250,-0.0357807287266506,12.2526731698579,0.0153768795178226,300.0135498,300.0137939,42130.91015625,42231.11328125,55.9567856917367,20.6150562643504,9.256284,0,0,0,40,4449,299.8967,42181.01171875,,,,,,,,,,,,,0,,,,10.58244515,,,,,,300.01367185,,,,
,16776331.505,300.0135498,42281.2109375,12.2572195656091,0.000698783901487037,1,0.999253354069792,40.0298881530762,2.0002955605826,19.2200001329184,66.9887482537335,12.2166764317023,250,-0.0360063121720521,12.2548968598204,0.0151595832833873,300.0135498,300.0135498,42231.11328125,42331.30859375,56.0083731740059,20.6157533703664,7.396941,0,0,0,40,4449,299.89705,42281.2109375,,,,,,,,,,,,,0,,,,10.42700245,,,,,,300.0135498,,,,
,16776332.605,300.01309205,42391.421875,12.2592788653474,0.000951680948931166,1,0.999253354069792,40.0298881530762,2.00031329129733,19.2200001329184,67.0003468547819,12.2201107215729,250,-0.035777620758221,12.2569551046146,0.0153956694921629,300.0126343,300.0135498,42331.30859375,42451.53515625,55.9591305772944,20.6162499985052,7.396941,0,0,0,40,4449,299.8975,42391.421875,,,,,,,,,,,,,0,,,,10.42700245,,,,,,300.01309205,,,,
,16776333.66,300.0131531,42496.69140625,12.261703727445,0.00102423149736422,1,0.999253354069792,40.0298881530762,2.00030016231679,19.2200001329184,67.0132484157232,12.222031887857,250,-0.035860299688664,12.2593798781034,0.0153222411722418,300.0126343,300.0136719,42451.53515625,42541.84765625,56.0646504273905,20.6171995548874,7.768809,0,0,0,40,4449,299.89685,42496.69140625,,,,,,,,,,,,,0,,,,10.42700245,,,,,,300.0131531,,,,
,16776334.57,300.0136719,42591.96875,12.2639871814673,0.00118415771678068,1,0.999253354069792,40.0298881530762,2.00030284758027,19.2200001329184,67.0258946221352,12.2238937541545,250,-0.0359448650053046,12.2616630686832,0.0152463820392053,300.0136719,300.0136719,42541.84765625,42642.08984375,55.9278654365251,20.6177433914087,7.396941,0,0,0,40,4449,299.89645,42591.96875,,,,,,,,,,,,,0,,,,10.42700245,,,,,,300.0136719,,,,
,16776335.525,300.0134888,42687.185546875,12.2661373166797,0.000742127929862444,1,0.999253354069792,40.0298881530762,2.00029422117514,19.2200001329184,67.0373201732215,12.2262262392375,250,-0.0359061867283522,12.2638127787359,0.0152930951955248,300.0133057,300.0136719,42642.08984375,42732.28125,55.954440806179,20.6161362731447,7.396941,0,0,0,40,4449,299.8965,42687.185546875,,,,,,,,,,,,,0,,,,10.42700245,,,,,,300.0134888,,,,
,16776336.405,300.0140076,42772.66015625,12.2684160729153,0.000981093871414999,1,0.999253354069792,40.0298881530762,2.00032904971305,19.2200001329184,67.0511291838939,12.2275297634239,250,-0.0361269567381024,12.2660918602326,0.0150808316081068,300.0133057,300.0147095,42732.28125,42813.0390625,55.9317735791213,20.6154618316978,7.396941,0,0,0,40,4449,299.8976,42772.66015625,,,,,,,,,,,,,0,,,,10.42700245,,,,,,300.0140076,,,,
,16776337.375,300.0141449,42868.21875,12.2707599411338,0.00096275269213521,1,0.999253354069792,40.0298881530762,2.00035097767093,19.2200001329184,67.0640399023373,12.2333185146754,250,-0.0355250058948994,12.2684327464443,0.0156917482581289,300.0135803,300.0147095,42813.0390625,42923.3984375,55.7910804456597,20.614930063236,8.512546,0,0,0,40,4449,299.89645,42868.21875,,,,,,,,,,,,,0,,,,10.42700245,,,,,,300.0141449,,,,
,16776338.48,300.0132599,42978.54296875,12.2730953199644,0.00097952725909021,1,0.999253354069792,40.0298881530762,2.00032674754067,19.2200001329184,67.0762602670299,12.2341764206357,250,-0.035773459764057,12.2707691972236,0.0154519619570543,300.0129395,300.0135803,42923.3984375,43033.6875,55.9419347498713,20.6154611007973,7.396941,0,0,0,40,4449,299.89675,42978.54296875,,,,,,,,,,,,,0,,,,10.2187014,,,,,,300.0132599,,,,
,16776339.495,300.0132599,43083.7890625,12.2748997596265,0.000981545034370709,1,0.999253354069792,40.0298881530762,2.00029930371597,19.2200001329184,67.0850664573193,12.2366697681754,250,-0.0356203530592698,12.2725727522214,0.015611306625864,300.0129395,300.0135803,43033.6875,43133.890625,55.8184374438328,20.6139144828319,7.396941,0,0,0,40,4449,299.89795,43083.7890625,,,,,,,,,,,,,0,,,,10.3741441,,,,,,300.0132599,,,,
,16776340.54,300.0143585,43189.052734375,12.2775537670711,0.00100293891250672,1,0.999253354069792,40.0298881530762,2.00034822019678,19.2200001329184,67.1012305830509,12.2392705260586,250,-0.0356889592433618,12.2752260753334,0.015553129361189,300.0135803,300.0151367,43133.890625,43244.21484375,55.8137476727174,20.615651089955,9.256284,0,0,0,40,4449,299.89615,43189.052734375,,,,,,,,,,,,,0,,,,10.32335665,,,,,,300.0143585,,,,
,16776341.69,300.01467895,43304.359375,12.2797823588077,0.000802774532389785,1,0.999253354069792,40.0298881530762,2.00031764863907,19.2200001329184,67.1128074087174,12.2391690827195,250,-0.0360863940872339,12.2774558189228,0.0151641358540617,300.0142212,300.0151367,43244.21484375,43364.50390625,55.9536591776598,20.6152143914868,8.512546,0,0,0,40,4449,299.89525,43304.359375,,,,,,,,,,,,,0,,,,10.16791395,,,,,,300.01467895,,,,
,16776342.87,300.0144043,43424.587890625,12.2840169511728,0.000657143279638091,1,0.999253354069792,40.0298881530762,2.0003080143097,19.2200001329184,67.1351697773848,12.2458516974585,250,-0.035636398893016,12.2816879187497,0.0156304827331144,300.0142212,300.0145874,43364.50390625,43484.671875,55.9810161758329,20.6154021100946,8.884414,0,0,0,40,4449,299.89555,43424.587890625,,,,,,,,,,,,,0,,,,10.3218117,,,,,,300.0144043,,,,
,16776344,300.0139618,43534.712890625,12.2858991275867,0.000986684272067989,1,0.999253354069792,40.0298881530762,2.00027329738289,19.2200001329184,67.1445441883415,12.2463231748289,250,-0.0358600146183811,12.2835709578419,0.0154136052384463,300.0133362,300.0145874,43484.671875,43584.75390625,55.9223940368905,20.6153092220339,8.884414,0,0,0,40,4449,299.896,43534.712890625,,,,,,,,,,,,,0,,,,10.53011275,,,,,,300.0139618,,,,
,16776345.07,300.0142975,43639.873046875,12.2885964809291,0.000761888740611351,1,0.999253354069792,40.0298881530762,2.00033558799705,19.2200001329184,67.1615504077009,12.2481623287249,250,-0.0360903217018677,12.2862686832908,0.0151934560892846,300.0133362,300.0152588,43584.75390625,43694.9921875,55.7691948471213,20.6156978245793,8.512546,0,0,0,40,4449,299.8966,43639.873046875,,,,,,,,,,,,,0,,,,10.58244515,,,,,,300.0142975,,,,
,16776346.03,300.0149536,43740.0859375,12.2909216307535,0.00121926946228011,1,0.999253354069792,40.0298881530762,2.00028632878421,19.2200001329184,67.1721527289535,12.2528387242746,250,-0.0356104386171919,12.2885911568934,0.0156819584376013,300.0146484,300.0152588,43694.9921875,43785.1796875,55.8856574964867,20.6156905012987,9.256284,0,0,0,40,4449,299.89665,43740.0859375,,,,,,,,,,,,,0,,,,10.3741441,,,,,,300.0149536,,,,
,16776346.975,300.0143585,43835.263671875,12.2929501987992,0.00111856649833616,1,0.999253354069792,40.0298881530762,2.00033054708671,19.2200001329184,67.1852388961518,12.2521583851299,250,-0.0361585360322884,12.2906219621079,0.0151414790026359,300.0140686,300.0146484,43785.1796875,43885.34765625,55.964601976929,20.6146157477533,8.512546,0,0,0,40,4449,299.8968,43835.263671875,,,,,,,,,,,,,0,,,,10.3741441,,,,,,300.0143585,,,,
,16776347.99,300.0146332,43935.46484375,12.2952328714879,0.00112287091773445,1,0.999253354069792,40.0298881530762,2.00034746864947,19.2200001329184,67.1981145090365,12.2553590536793,250,-0.0360152506528662,12.2929033599023,0.0152952439122721,300.0140686,300.0151978,43885.34765625,43985.58203125,55.8512658416405,20.6158944915105,9.256284,0,0,0,40,4449,299.88705,43935.46484375,,,,,,,,,,,,,0,,,,10.58244515,,,,,,300.0146332,,,,
,16776348.99,300.0147095,44035.6875,12.2972834083037,0.00131907909107175,1,0.999253354069792,40.0298881530762,2.00028870538066,19.2200001329184,67.2076228280909,12.255830382513,250,-0.0362457592321689,12.29495432768,0.0150742208947695,300.0142212,300.0151978,43985.58203125,44085.79296875,55.8966002957559,20.6154350546492,7.396941,0,0,0,40,4449,299.8778,44035.6875,,,,,,,,,,,,,0,,,,10.53011275,,,,,,300.0147095,,,,
,16776350.04,300.0145874,44140.912109375,12.2991723483736,0.00113598268868522,1,0.999253354069792,40.0298881530762,2.00029233981774,19.2200001329184,67.2175438580553,12.2605530652474,250,-0.0357339935338676,12.2968409368449,0.0155923762810604,300.0142212,300.0149536,44085.79296875,44196.03125,56.0310404010636,20.6154305506084,7.396941,0,0,0,40,4449,299.8796,44140.912109375,,,,,,,,,,,,,0,,,,10.53011275,,,,,,300.0145874,,,,
,16776351.04,300.015625,44241.126953125,12.3022838805253,0.000675845594576613,1,0.999253354069792,40.0298881530762,2.00033890540213,19.2200001329184,67.2362019906606,12.2632357550056,250,-0.0358692524697006,12.299952064714,0.0154687459426654,300.0149536,300.0162964,44196.03125,44286.22265625,56.0482362284867,20.616561345719,9.256284,0,0,0,40,4449,299.8816,44241.126953125,,,,,,,,,,,,,0,,,,10.376215,,,,,,300.015625,,,,
,16776352.055,300.0154724,44341.314453125,12.303785349195,0.00125606776574201,1,0.999253354069792,40.0298881530762,2.00025810136081,19.2200001329184,67.2423754690739,12.260937233251,250,-0.0364788005322542,12.3014559620448,0.0148643149507429,300.0146484,300.0162964,44286.22265625,44396.40625,56.1045134818713,20.6152577170851,9.256284,0,0,0,40,4449,299.88305,44341.314453125,,,,,,,,,,,,,0,,,,10.27102425,,,,,,300.0154724,,,,
,16776353.225,300.0148773,44461.51953125,12.3058226761467,0.00135288837385286,1,0.999253354069792,40.0298881530762,2.00029880456308,19.2200001329184,67.253950262231,12.2680418513054,250,-0.0355991286164331,12.3034896020057,0.015750983988215,300.0146484,300.0151062,44396.40625,44526.6328125,55.9286470650444,20.6147881258043,7.396941,0,0,0,40,4449,299.8838,44461.51953125,,,,,,,,,,,,,0,,,,10.3218117,,,,,,300.0148773,,,,
,16776354.235,300.01519775,44566.640625,12.3081906397059,0.00119026268108373,1,0.999253354069792,40.0298881530762,2.00025620954334,19.2200001329184,67.2653172596579,12.2711080546501,250,-0.0354289418224075,12.3058563487929,0.0159297761682614,300.0151062,300.0152893,44526.6328125,44606.6484375,55.7551255337751,20.6156082710531,9.256284,0,0,0,40,4449,299.88485,44566.640625,,,,,,,,,,,,,0,,,,10.3218117,,,,,,300.01519775,,,,
,16776355.23,300.0156555,44661.84765625,12.3099738040578,0.000960496740871134,1,0.999253354069792,40.0298881530762,2.00025139214248,19.2200001329184,67.2758777983566,12.267604553988,250,-0.0363943562270265,12.3076430967778,0.0149706813498178,300.0152893,300.0160217,44606.6484375,44717.046875,55.9161410087367,20.613941846638,8.884414,0,0,0,40,4449,299.88675,44661.84765625,,,,,,,,,,,,,0,,,,10.424922,,,,,,300.0156555,,,,
,16776356.415,300.01515195,44777.154296875,12.3130027429343,0.000974568273846558,1,0.999253354069792,40.0298881530762,2.00031151059652,19.2200001329184,67.2938037422551,12.2742247522922,250,-0.0358083167325633,12.310669349096,0.0155677378222021,300.0142822,300.0160217,44717.046875,44837.26171875,55.8989451813136,20.6154355764891,9.256284,0,0,0,40,4449,299.8886,44777.154296875,,,,,,,,,,,,,0,,,,10.3218117,,,,,,300.01515195,,,,
,16776357.43,300.014328,44882.345703125,12.3146519585365,0.00104664893540691,1,0.999253354069792,40.0298881530762,2.00025359004512,19.2200001329184,67.3006401769732,12.2770328383762,250,-0.0355355710911868,12.3123175696312,0.0158462279856908,300.0142822,300.0143738,44837.26171875,44927.4296875,56.0326036581021,20.6151275627341,7.396941,0,0,0,40,4449,299.88885,44882.345703125,,,,,,,,,,,,,0,,,,10.3218117,,,,,,300.014328,,,,
,16776359.68,300.01348875,45012.48046875,12.3188969987932,0.000541978493549321,1,0.999253354069792,40.0298881530762,2.00024990499553,19.2200001329184,67.3247333428085,12.2757871698042,250,-0.0365449744521153,12.3165665110134,0.014852978247499,300.0132751,300.0137024,45000.41015625,45024.55078125,55.8668984120251,20.615661613152,8.512546,0,0,0,40,4417,299.89125,45012.48046875,,,,,,,,,,,,,0,,,,10.3218117,,,,,,300.01348875,,,,
,16776372.9,300.0170593,44972.224609375,12.3191880566834,0.000811595035690925,1,0.999253354069792,40.0298881530762,2.00029939047049,19.2200001329184,67.3288880863069,12.2712534756431,250,-0.0374819360506,12.316859883072,0.0139165037125706,300.0170593,300.0170593,44964.37890625,44980.0703125,55.9567856917367,20.6145902833467,9.256284,0,0,0,40,4449,299.89775,44972.224609375,,,,,,,,,,,,,0,,,,10.2187014,,,,,,300.0170593,,,,
,16776373.5,300.0171356,44921.916015625,12.3190178821228,0.000764302002924148,1,0.999253354069792,40.0298881530762,2.00025759803479,19.2200001329184,67.3273077859659,12.2669430789045,250,-0.0381943369716861,12.3166926254394,0.0132041206342775,300.0170593,300.0172119,44879.453125,44964.37890625,55.8153109297559,20.6150351239685,8.512546,0,0,0,40,4449,299.8973,44921.916015625,,,,,,,,,,,,,0,,,,10.3218117,,,,,,300.0171356,,,,
,16776374.58,300.0170288,44828.90625,12.3183936689926,0.000516141856471799,1,0.999253354069792,40.0298881530762,2.00029653734542,19.2200001329184,67.3241579323978,12.2720327114923,250,-0.0371901688602004,12.3160643292753,0.0142062130240593,300.0168457,300.0172119,44778.359375,44879.453125,55.9763264047175,20.6149840196822,7.396941,0,0,0,40,4449,299.8982,44828.90625,,,,,,,,,,,,,0,,,,10.4772544,,,,,,300.0170288,,,,
,16776375.65,300.01719665,44725.203125,12.3167868972705,0.000548234388281845,1,0.999253354069792,40.0298881530762,2.0002949143136,19.2200001329184,67.3147773545002,12.2733615638883,250,-0.0366479901276809,12.3144554682501,0.0147423841813754,300.0168457,300.0175476,44672.046875,44778.359375,55.8457944420059,20.61367721899,7.396941,0,0,0,40,4449,299.89925,44725.203125,,,,,,,,,,,,,0,,,,10.5295868,,,,,,300.01719665,,,,
,16776376.7,300.01693725,44617.677734375,12.312852500542,0.0012783514950299,1,0.999253354069792,40.0298881530762,2.00024732216707,19.2200001329184,67.2914593492199,12.2705311929396,250,-0.0363857230085593,12.3105207844543,0.014989298454308,300.0163269,300.0175476,44563.30859375,44672.046875,55.9395898643136,20.6140586643946,7.396941,0,0,0,40,4449,299.89895,44617.677734375,,,,,,,,,,,,,0,,,,10.5295868,,,,,,300.01693725,,,,
,16776377.835,300.0166321,44503.697265625,12.3104031039821,0.000847557608220723,1,0.999253354069792,40.0298881530762,2.00027836571335,19.2200001329184,67.2791610196921,12.2678977640101,250,-0.0364490253593802,12.3080721602643,0.0149171172763363,300.0163269,300.0169373,44444.0859375,44563.30859375,55.9802345473136,20.6142404046323,8.512546,0,0,0,40,4449,299.8979,44503.697265625,,,,,,,,,,,,,0,,,,10.3741441,,,,,,300.0166321,,,,
,16776378.945,300.0172577,44394.310546875,12.3084670946889,0.00109117661173753,1,0.999253354069792,40.0298881530762,2.00028058974613,19.2200001329184,67.2689384901992,12.2644309285785,250,-0.0367283663745555,12.3061373078057,0.0146309861391225,300.0169373,300.0175781,44344.53515625,44444.0859375,55.8825309824098,20.6145940308203,7.396941,0,0,0,40,4449,299.8971,44394.310546875,,,,,,,,,,,,,0,,,,10.42700245,,,,,,300.0172577,,,,
,16776379.985,300.0177765,44294.75,12.3064228554347,0.00101464689227415,1,0.999253354069792,40.0298881530762,2.00028626920859,19.2200001329184,67.2574805993509,12.2649619745723,250,-0.0362594515015213,12.3040911802004,0.0150924417475288,300.0175781,300.0179749,44244.96484375,44344.53515625,55.9653836054482,20.6150071022618,8.512546,0,0,0,40,4449,299.89615,44294.75,,,,,,,,,,,,,0,,,,10.58244515,,,,,,300.0177765,,,,
,16776381.025,300.0178833,44195.3125,12.3041238363129,0.00100796810303966,1,0.999253354069792,40.0298881530762,2.00026148380962,19.2200001329184,67.2440038834572,12.2630571570434,250,-0.0361557387965446,12.301792054685,0.0151874928241302,300.0177917,300.0179749,44145.66015625,44244.96484375,55.9989936317752,20.6142544840454,9.256284,0,0,0,40,4449,299.89625,44195.3125,,,,,,,,,,,,,0,,,,10.3741441,,,,,,300.0178833,,,,
,16776381.975,300.0176849,44100.919921875,12.3019865206187,0.000775457563954584,1,0.999253354069792,40.0298881530762,2.00029581617519,19.2200001329184,67.2337290333141,12.2596157562624,250,-0.0364281236348468,12.2996562971816,0.0149073080448968,300.0175781,300.0177917,44056.1796875,44145.66015625,55.9028533239098,20.6154915934981,8.884414,0,0,0,40,4449,299.89555,44100.919921875,,,,,,,,,,,,,0,,,,10.2187014,,,,,,300.0176849,,,,
,16776382.96,300.0172577,44001.4453125,12.3000365971028,0.000830804816776813,1,0.999253354069792,40.0298881530762,2.00027449637021,19.2200001329184,67.2225031743743,12.2568504209282,250,-0.0365505973301038,12.2977073752631,0.0147777545596874,300.0169373,300.0175781,43946.7109375,44056.1796875,55.7965518452944,20.615090177242,8.884414,0,0,0,40,4449,299.89525,44001.4453125,,,,,,,,,,,,,0,,,,10.3741441,,,,,,300.0172577,,,,
,16776384.08,300.0177155,43887.00390625,12.2975788167038,0.000865959486576037,1,0.999253354069792,40.0298881530762,2.00026308205862,19.2300006747246,67.2079471398045,12.2583692870611,250,-0.0358050572238265,12.2952467028287,0.0155136329538174,300.0169373,300.0184937,43827.296875,43946.7109375,55.7473092485828,20.6148611126494,8.512546,0,0,0,40,4449,299.8971,43887.00390625,,,,,,,,,,,,,0,,,,10.4772544,,,,,,300.0177155,,,,
,16776385.165,300.0187073,43777.53125,12.2951736185874,0.00114401079175915,1,0.999253354069792,40.0298881530762,2.00024482943399,19.2200001329184,67.194070605453,12.2565687324776,250,-0.035670077877087,12.2928408481761,0.0156399273528674,300.0184937,300.0189209,43727.765625,43827.296875,56.0029017743713,20.6147805188076,8.512546,0,0,0,40,4449,299.89555,43777.53125,,,,,,,,,,,,,0,,,,10.58350135,,,,,,300.0187073,,,,
,16776386.28,300.01856995,43668.2109375,12.2934078692434,0.00088024392398558,1,0.999253354069792,40.0298881530762,2.00025683749538,19.2200001329184,67.1852443277496,12.2525559912058,250,-0.0360919169973034,12.2910771411592,0.0152122625090573,300.018219,300.0189209,43608.65625,43727.765625,55.9278654365251,20.6142498233917,7.396941,0,0,0,40,4449,299.8936,43668.2109375,,,,,,,,,,,,,0,,,,10.7420807,,,,,,300.01856995,,,,
,16776387.46,300.01852415,43553.830078125,12.2916062900315,0.000603615215087831,1,0.999253354069792,40.0298881530762,2.000297638543,19.2200001329184,67.1764441878881,12.2525652292726,250,-0.035801813223368,12.2892746399716,0.0154958131032139,300.018219,300.0188293,43499.00390625,43608.65625,55.9833610613905,20.6157273312635,9.256284,0,0,0,40,4449,299.89405,43553.830078125,,,,,,,,,,,,,0,,,,10.58350135,,,,,,300.01852415,,,,
,16776388.53,300.0185852,43444.2421875,12.2886816832845,0.000579501462254491,1,0.999253354069792,40.0298881530762,2.00025026799109,19.2200001329184,67.1591739236526,12.2479406527152,250,-0.0360557160348785,12.2863515348107,0.0152310447459751,300.0183411,300.0188293,43389.48046875,43499.00390625,55.9575673202559,20.6147000280957,7.396941,0,0,0,40,4449,299.89295,43444.2421875,,,,,,,,,,,,,0,,,,10.4772544,,,,,,300.0185852,,,,
,16776389.61,300.01872255,43334.798828125,12.2869382059676,0.000276131023416678,1,0.999253354069792,40.0298881530762,2.00026455841859,19.2200001329184,67.150172698439,12.2459619231952,250,-0.0361116333963832,12.2846084564209,0.015169188412142,300.0183411,300.019104,43280.1171875,43389.48046875,55.8637718979482,20.6151771955001,9.256284,0,0,0,40,4449,299.89165,43334.798828125,,,,,,,,,,,,,0,,,,10.3741441,,,,,,300.01872255,,,,
,16776390.75,300.01898195,43225.22265625,12.2826324664852,0.00101636017718543,1,0.999253354069792,40.0298881530762,2.0002195030746,19.2200001329184,67.1258072983572,12.2379431104082,250,-0.036733337176226,12.2803059521582,0.014530826975858,300.0188599,300.019104,43170.328125,43280.1171875,55.9489694065444,20.6148983637418,8.512546,0,0,0,40,4449,299.89105,43225.22265625,,,,,,,,,,,,,0,,,,10.3741441,,,,,,300.01898195,,,,
,16776391.86,300.01916505,43115.51953125,12.280295995475,0.00118426325707607,1,0.999253354069792,40.0298881530762,2.00022018485809,19.2300006747246,67.1125722144235,12.2382471895982,250,-0.0362464171513549,12.2779677222737,0.0150091338724746,300.0188599,300.0194702,43060.7109375,43170.328125,55.8739330686982,20.6138640163671,9.256284,0,0,0,40,4449,299.8902,43115.51953125,,,,,,,,,,,,,0,,,,10.4772544,,,,,,300.01916505,,,,
,16776392.925,300.01937865,43005.85546875,12.2781785903695,0.00073584445434051,1,0.999253354069792,40.0298881530762,2.00026691690443,19.2200001329184,67.1020199735244,12.2391520421131,250,-0.0357405707188469,12.2758484053215,0.0155074469903554,300.0192871,300.0194702,42951,43060.7109375,55.9106696091021,20.6151919129566,7.396941,0,0,0,40,4449,299.8885,43005.85546875,,,,,,,,,,,,,0,,,,10.424922,,,,,,300.01937865,,,,
,16776393.93,300.01922605,42906.14453125,12.2757122287458,0.000800092067980447,1,0.999253354069792,40.0298881530762,2.00024983720563,19.2300006747246,67.0883417111709,12.2346532638199,250,-0.0360895419115954,12.2733839474201,0.0151495314054388,300.019165,300.0192871,42861.2890625,42951,55.8504842131213,20.6137652433101,8.512546,0,0,0,40,4449,299.88695,42906.14453125,,,,,,,,,,,,,0,,,,10.3218117,,,,,,300.01922605,,,,
,16776394.95,300.0193176,42806.142578125,12.2739996249046,0.00103904046259232,1,0.999253354069792,40.0298881530762,2.00028109334828,19.2200001329184,67.0801560428459,12.2323074019734,250,-0.0362366652156096,12.271672159946,0.0149963797545834,300.019165,300.0194702,42750.99609375,42861.2890625,55.944279635429,20.6152142738565,8.512546,0,0,0,40,4449,299.88635,42806.142578125,,,,,,,,,,,,,0,,,,10.3741441,,,,,,300.0193176,,,,
,16776395.965,300.01956175,42701.064453125,12.2718028372165,0.000378760728948954,1,0.999253354069792,40.0298881530762,2.00028717378947,19.2200001329184,67.0682078840221,12.230908775674,250,-0.0360928895327441,12.2694750241846,0.0151318247793884,300.0194702,300.0196533,42651.1328125,42750.99609375,55.8160925582751,20.6145522745651,8.512546,0,0,0,40,4449,299.8871,42701.064453125,,,,,,,,,,,,,0,,,,10.4772544,,,,,,300.01956175,,,,
,16776396.985,300.01994325,42601.328125,12.2691568413867,0.000748056766740204,1,0.999253354069792,40.0298881530762,2.00027378900521,19.2200001329184,67.0534527215758,12.2274118698632,250,-0.0362287995082353,12.2668298689129,0.0149858437708301,300.0196533,300.0202332,42551.5234375,42651.1328125,55.9505326635828,20.6142313457874,8.512546,0,0,0,40,4449,299.8872,42601.328125,,,,,,,,,,,,,0,,,,10.3218117,,,,,,300.01994325,,,,
,16776398.025,300.0196686,42501.6328125,12.2670657153409,0.000827167319615164,1,0.999253354069792,40.0298881530762,2.00028466384247,19.2200001329184,67.04214286852,12.2266700044237,250,-0.0359899014925304,12.2647381869622,0.015217090766869,300.019104,300.0202332,42451.7421875,42551.5234375,55.9653836054482,20.6145939115705,9.256284,0,0,0,40,4449,299.8864,42501.6328125,,,,,,,,,,,,,0,,,,10.48039105,,,,,,300.0196686,,,,
,16776399.055,300.01890565,42396.875,12.265011654241,0.00115664603342047,1,0.999253354069792,40.0298881530762,2.00027348344245,19.2200001329184,67.0302802190477,12.2260283366674,250,-0.0357154930931667,12.2626836370046,0.0154839738289439,300.0187073,300.019104,42342.0078125,42451.7421875,55.9708550050828,20.6150518405356,9.256284,0,0,0,40,4449,299.88595,42396.875,,,,,,,,,,,,,0,,,,10.63583375,,,,,,300.01890565,,,,
,16776400.155,300.0189972,42282.126953125,12.2626592285582,0.00107199938757072,1,0.999253354069792,40.0298881530762,2.00027882789558,19.2200001329184,67.0181164663874,12.2209155237426,250,-0.036222647496237,12.2603336232069,0.0149685827579739,300.0187073,300.0192871,42222.24609375,42342.0078125,56.0341669151405,20.6150708661304,9.256284,0,0,0,40,4449,299.8841,42282.126953125,,,,,,,,,,,,,0,,,,10.5295868,,,,,,300.0189972,,,,
,16776401.285,300.0194092,42167.42578125,12.2605005378482,0.000757293916907907,1,0.999253354069792,40.0298881530762,2.00026361475997,19.2200001329184,67.0054604242158,12.2206143653935,250,-0.0358622934965514,12.2581735481143,0.0153212415135774,300.0192871,300.0195313,42112.60546875,42222.24609375,56.1123297670636,20.6153187009566,7.396941,0,0,0,40,4449,299.8827,42167.42578125,,,,,,,,,,,,,0,,,,10.5295868,,,,,,300.0194092,,,,
,16776402.31,300.01905825,42067.720703125,12.2583275112717,0.00105181720134143,1,0.999253354069792,40.0298881530762,2.00025582831994,19.2200001329184,66.9931612917334,12.2193153084811,250,-0.03568992226659,12.256000289688,0.0154856801900779,300.0185852,300.0195313,42022.8359375,42112.60546875,56.1107665100252,20.6156762238711,9.256284,0,0,0,40,4449,299.88165,42067.720703125,,,,,,,,,,,,,0,,,,10.5295868,,,,,,300.01905825,,,,
,16776403.345,300.01823425,41968.0390625,12.2559172575503,0.00131447887791436,1,0.999253354069792,40.0298881530762,2.00027491161037,19.2200001329184,66.9813071151613,12.2132841542817,250,-0.0363693667439665,12.2535936083034,0.014797624640225,300.0178833,300.0185852,41913.2421875,42022.8359375,56.1732967915636,20.6146077851849,7.396941,0,0,0,40,4449,299.8799,41968.0390625,,,,,,,,,,,,,0,,,,10.5295868,,,,,,300.01823425,,,,
,16776404.4,300.0179901,41863.353515625,12.2537929978672,0.000903263182887015,1,0.999253354069792,40.0298881530762,2.00027097140981,19.2200001329184,66.9690723312861,12.2138231975068,250,-0.0358735287701129,12.2514677255493,0.0152854838307228,300.0178833,300.0180969,41813.46484375,41913.2421875,55.6863422240828,20.6150351292274,8.512546,0,0,0,40,4449,299.88,41863.353515625,,,,,,,,,,,,,0,,,,10.5295868,,,,,,300.0179901,,,,
,16776405.485,300.0191803,41753.630859375,12.251416162598,0.000745796148244953,1,0.999253354069792,40.0298881530762,2.00022303362993,19.2200001329184,66.9536408950232,12.215882142377,250,-0.0350047486399873,12.2490870930593,0.0161453728080046,300.0180969,300.0202637,41693.796875,41813.46484375,55.8989451813136,20.6149150456749,8.512546,0,0,0,40,4449,299.87925,41753.630859375,,,,,,,,,,,,,0,,,,10.3741441,,,,,,300.0191803,,,,
,16776406.635,300.01997375,41638.869140625,12.2473301706759,0.00125246501954535,1,0.999253354069792,40.0298881530762,2.000242939678,19.2200001329184,66.9328887646755,12.2069045102325,250,-0.0359136752521208,12.245005243274,0.0152208470014127,300.0196838,300.0202637,41583.94140625,41693.796875,56.0036834028905,20.6146075222759,9.256284,0,0,0,40,4449,299.8784,41638.869140625,,,,,,,,,,,,,0,,,,10.48039105,,,,,,300.01997375,,,,
,16776407.83,300.0196533,41519.1171875,12.2444693530583,0.000960575118742772,1,0.999253354069792,40.0298881530762,2.00023679116281,19.2200001329184,66.9167238538337,12.2057979252335,250,-0.0355797636389875,12.2421436991583,0.015543338403052,300.0196228,300.0196838,41454.29296875,41583.94140625,56.0200976017944,20.6157007709758,8.512546,0,0,0,40,4449,299.8812,41519.1171875,,,,,,,,,,,,,0,,,,10.58350135,,,,,,300.0196533,,,,
,16776408.945,300.0204315,41409.443359375,12.2422699764035,0.000631353083763658,1,0.999253354069792,40.0298881530762,2.0002092520595,19.2200001329184,66.9037136175601,12.2039287116044,250,-0.0354848805157532,12.2399439500038,0.0156297631385687,300.0196228,300.0212402,41364.59375,41454.29296875,56.0599606562752,20.6169205705513,9.256284,0,0,0,40,4449,299.88275,41409.443359375,,,,,,,,,,,,,0,,,,10.3218117,,,,,,300.0204315,,,,
,16776409.96,300.02070615,41309.625,12.2402260277484,0.000883159600717817,1,0.999253354069792,40.0298881530762,2.00017393880811,19.2200001329184,66.8916435983629,12.2003194584103,250,-0.0357292667472041,12.2379012134051,0.0153779317039285,300.0201721,300.0212402,41254.65625,41364.59375,56.1756416771213,20.6198660294179,8.512546,0,0,0,40,4449,299.88235,41309.625,,,,,,,,,,,,,0,,,,10.3218117,,,,,,300.02070615,,,,
,16776411.085,300.0200348,41194.896484375,12.2384096857313,0.000836788456705755,1,0.999253354069792,40.0298881530762,2.00024539713866,19.2200001329184,66.885386925277,12.1917105092618,250,-0.0370475384296962,12.2360909417706,0.0140534446878907,300.0198975,300.0201721,41135.13671875,41254.65625,55.9755447761982,20.6188094521707,8.884414,0,0,0,40,4449,299.88235,41194.896484375,,,,,,,,,,,,,0,,,,10.3218117,,,,,,300.0200348,,,,
,16776412.125,300.0191193,41090.19140625,12.2364364000152,0.000576296586412437,1,0.999253354069792,40.0298881530762,2.00028847330404,19.2300006747246,66.8744213659063,12.1985587056193,250,-0.0354759303788295,12.2341118058711,0.0156175714403405,300.0183411,300.0198975,41045.24609375,41135.13671875,56.0122813166021,20.618025987097,9.256284,0,0,0,40,4449,299.882,41090.19140625,,,,,,,,,,,,,0,,,,10.3741441,,,,,,300.0191193,,,,
,16776413.175,300.01869205,40985.3828125,12.2340063458963,0.000344148687251887,1,0.999253354069792,40.0298881530762,2.00028148306982,19.2200001329184,66.8610930722752,12.1951255523132,250,-0.0356475098406393,12.2316830398288,0.0154370760730064,300.0183411,300.019043,40925.51953125,41045.24609375,55.8364148997751,20.61728045573,8.512546,0,0,0,40,4449,299.88105,40985.3828125,,,,,,,,,,,,,0,,,,10.5295868,,,,,,300.01869205,,,,
,16776414.285,300.01875305,40875.63671875,12.2315582658723,0.000550265263364598,1,0.999253354069792,40.0298881530762,2.00030894164243,19.2200001329184,66.8489642628433,12.1909242454318,250,-0.0359939019124855,12.2292367521706,0.0150818243002605,300.0184631,300.019043,40825.75390625,40925.51953125,55.9622570913713,20.6167237088361,8.512546,0,0,0,40,4449,299.87985,40875.63671875,,,,,,,,,,,,,0,,,,10.5295868,,,,,,300.01875305,,,,
,16776415.33,300.01882935,40770.822265625,12.2292057815669,0.00102218650645429,1,0.999253354069792,40.0298881530762,2.00029587305106,19.2200001329184,66.835956369364,12.1870159058855,250,-0.03626019450208,12.2268857098088,0.0148069466776494,300.0184631,300.0191956,40715.890625,40825.75390625,55.8817493538905,20.6168535911204,7.396941,0,0,0,40,4449,299.87895,40770.822265625,,,,,,,,,,,,,0,,,,10.58244515,,,,,,300.01882935,,,,
,16776416.46,300.01924135,40655.921875,12.227085839462,0.00104730158085816,1,0.999253354069792,40.0298881530762,2.00032474500321,19.2200001329184,66.8246174859558,12.1888026383582,250,-0.0355728428348768,12.2247630028335,0.0154867770977177,300.0191956,300.0192871,40595.953125,40715.890625,55.9653836054482,20.6171608373574,8.512546,0,0,0,40,4449,299.8771,40655.921875,,,,,,,,,,,,,0,,,,10.58244515,,,,,,300.01924135,,,,
,16776417.615,300.0192566,40541.10546875,12.2246036248543,0.00112404246983899,1,0.999253354069792,40.0298881530762,2.00028038700834,19.2200001329184,66.8102742711816,12.1824643039901,250,-0.0362258988834439,12.2222839032438,0.014824626021428,300.0192261,300.0192871,40486.2578125,40595.953125,56.0044650314098,20.6178176199456,9.256284,0,0,0,40,4449,299.8769,40541.10546875,,,,,,,,,,,,,0,,,,10.5295868,,,,,,300.0192566,,,,
,16776418.625,300.0194855,40441.330078125,12.2222889236161,0.000792229723388932,1,0.999253354069792,40.0298881530762,2.00027513914196,19.2200001329184,66.7974558856895,12.1801055909324,250,-0.0362237543167178,12.2199694703944,0.0148180377923602,300.0192261,300.0197449,40396.40234375,40486.2578125,56.0341669151405,20.6168362370991,9.256284,0,0,0,40,4449,299.877,40441.330078125,,,,,,,,,,,,,0,,,,10.63583375,,,,,,300.0194855,,,,
,16776419.65,300.01945495,40336.53515625,12.2198643176733,0.000793708109498341,1,0.999253354069792,40.0298881530762,2.00028246557537,19.2200001329184,66.7841728385013,12.1791879980374,250,-0.0359516419448148,12.2175440914794,0.0150814716147384,300.019165,300.0197449,40276.66796875,40396.40234375,55.9841426899098,20.6166861455515,9.256284,0,0,0,40,4449,299.8745,40336.53515625,,,,,,,,,,,,,0,,,,10.63583375,,,,,,300.01945495,,,,
,16776420.725,300.01885985,40226.736328125,12.2156216670039,0.00096309118282889,1,0.999253354069792,40.0298881530762,2.00029897454704,19.2200001329184,66.7620868654874,12.1720208436299,250,-0.0364962439554198,12.213304734003,0.0145204011221262,300.0185547,300.019165,40176.8046875,40276.66796875,55.8692432975828,20.617710340163,7.396941,0,0,0,40,4449,299.87405,40226.736328125,,,,,,,,,,,,,0,,,,10.5295868,,,,,,300.01885985,,,,
,16776421.82,300.01853945,40121.892578125,12.2133422457327,0.00124666490886776,1,0.999253354069792,40.0298881530762,2.00031032848864,19.2200001329184,66.7493801245285,12.17315364345,250,-0.0358795053505248,12.2110232553281,0.0151284258580051,300.0185242,300.0185547,40066.98046875,40176.8046875,55.9044165809482,20.6183614111887,9.256284,0,0,0,40,4449,299.8744,40121.892578125,,,,,,,,,,,,,0,,,,10.5295868,,,,,,300.01853945,,,,
,16776422.965,300.0185547,40012.064453125,12.2110713822491,0.00136100767778972,1,0.999253354069792,40.0298881530762,2.00028694044684,19.2200001329184,66.7361239632988,12.1712045876051,250,-0.035791107898646,12.2087523590208,0.0152085585034753,300.0185242,300.0185852,39957.1484375,40066.98046875,56.0107180595636,20.6169589704823,9.256284,0,0,0,40,4449,299.87345,40012.064453125,,,,,,,,,,,,,0,,,,10.63583375,,,,,,300.0185547,,,,
,16776424.11,300.0187378,39897.2578125,12.2085042451577,0.00126347382617101,1,0.999253354069792,40.0298881530762,2.00027721991362,19.2200001329184,66.7219218954424,12.1678056206964,250,-0.0359281886025665,12.2061861022615,0.0150621576428661,300.0185852,300.0188904,39837.3671875,39957.1484375,55.934118464679,20.6187401132478,8.140677,0,0,0,40,4449,299.87205,39897.2578125,,,,,,,,,,,,,0,,,,10.63583375,,,,,,300.0187378,,,,
,16776425.145,300.01875305,39792.43359375,12.206769678895,0.000808829669131203,1,0.999253354069792,40.0298881530762,2.00029453473957,19.2200001329184,66.7129809909746,12.1663055226781,250,-0.035901235774645,12.2044516503728,0.0150831081554195,300.0186157,300.0188904,39747.5,39837.3671875,55.9098879805828,20.6180026196963,9.256284,0,0,0,40,4449,299.8708,39792.43359375,,,,,,,,,,,,,0,,,,10.5295868,,,,,,300.01875305,,,,
,16776426.16,300.01844785,39687.61328125,12.2033210505155,0.000447123156173639,1,0.999253354069792,40.0298881530762,2.00010074704433,19.2200001329184,66.6875903756188,12.1630425550875,250,-0.0356498467819332,12.2010027189253,0.0153209804816611,300.01828,300.0186157,39627.7265625,39747.5,55.9372449787559,20.6192100808854,8.512546,0,0,0,40,4449,299.8711,39687.61328125,,,,,,,,,,,,,0,,,,10.5295868,,,,,,300.01844785,,,,
,16776427.32,300.0175171,39572.30078125,12.2015954461152,0.0005753336590106,1,0.999253354069792,40.0298881530762,2.0002341702279,19.2200001329184,66.6829032309124,12.1599269731708,250,-0.0360462908176221,12.1992794312677,0.0149185454978399,300.0167542,300.01828,39516.875,39627.7265625,56.0083731740059,20.6189340987244,9.256284,0,0,0,40,4449,299.8709,39572.30078125,,,,,,,,,,,,,0,,,,10.58244515,,,,,,300.0175171,,,,
,16776428.33,300.01702885,39471.89453125,12.1993215828794,0.000537571877868498,1,0.999253354069792,40.0298881530762,2.0002961912625,19.2200001329184,66.672257616585,12.1592927365471,250,-0.0358091970246604,12.1970051555636,0.0151471779412129,300.0167542,300.0173035,39426.9140625,39516.875,55.9614754628521,20.6167808455788,7.396941,0,0,0,40,4449,299.87025,39471.89453125,,,,,,,,,,,,,0,,,,10.42700245,,,,,,300.01702885,,,,
,16776429.305,300.016861,39371.90625,12.1971980588555,0.000990507245623959,1,0.999253354069792,40.0298881530762,2.00028547185393,19.2200001329184,66.6603778981745,12.1567126815664,250,-0.0358772380106973,12.1948823221561,0.0150713302076808,300.0164185,300.0173035,39316.8984375,39426.9140625,55.8848758679674,20.6181659575222,8.512546,0,0,0,40,4449,299.86975,39371.90625,,,,,,,,,,,,,0,,,,10.48039105,,,,,,300.016861,,,,
,16776430.39,300.01672365,39266.919921875,12.194483802861,0.00101520979749613,1,0.999253354069792,40.0298881530762,2.0003057186446,19.2200001329184,66.6457348602084,12.1566424207866,250,-0.0354099888017346,12.1921666139902,0.0155283337062039,300.0164185,300.0170288,39216.94140625,39316.8984375,55.9841426899098,20.6178456121596,8.512546,0,0,0,40,4449,299.8688,39266.919921875,,,,,,,,,,,,,0,,,,10.63583375,,,,,,300.01672365,,,,
,16776431.445,300.01678465,39162.064453125,12.1920634983484,0.000918123606468628,1,0.999253354069792,40.0298881530762,2.00032235625326,19.2200001329184,66.633912656044,12.1496586999984,250,-0.0362587504242226,12.1897502259821,0.014670597962265,300.0165405,300.0170288,39107.1875,39216.94140625,56.0146262021598,20.6200139575239,8.512546,0,0,0,40,4449,299.86895,39162.064453125,,,,,,,,,,,,,0,,,,10.63583375,,,,,,300.01678465,,,,
,16776432.565,300.01649475,39047.271484375,12.1893881571261,0.00123894670284674,1,0.999253354069792,40.0298881530762,2.0002981074699,19.2200001329184,66.6184225918765,12.1472886198253,250,-0.0361712413374033,12.1870751063363,0.014747811913571,300.016449,300.0165405,38987.35546875,39107.1875,56.0130629451213,20.618943678323,7.396941,0,0,0,40,4449,299.8699,39047.271484375,,,,,,,,,,,,,0,,,,10.48039105,,,,,,300.01649475,,,,
,16776433.735,300.01597595,38932.419921875,12.1852427468902,0.0010825452265809,1,0.999253354069792,40.0298881530762,2.00034637577047,19.2200001329184,66.5968954667752,12.1458076344989,250,-0.0357272828581661,12.1829288016572,0.0151755523337095,300.0155029,300.016449,38877.484375,38987.35546875,56.0200976017944,20.6174694959883,7.396941,0,0,0,40,4449,299.8694,38932.419921875,,,,,,,,,,,,,0,,,,10.2187014,,,,,,300.01597595,,,,
,16776434.895,300.01515195,38817.509765625,12.1829258721327,0.00131633248266182,1,0.999253354069792,40.0298881530762,2.00033577760657,19.2200001329184,66.5846453024532,12.139364610347,250,-0.0364669919544992,12.1806157438255,0.0144275014194598,300.014801,300.0155029,38757.53515625,38877.484375,55.9599122058136,20.6170601907119,7.768809,0,0,0,40,4449,299.8689,38817.509765625,,,,,,,,,,,,,0,,,,10.48039105,,,,,,300.01515195,,,,
,16776436.005,300.014801,38702.71484375,12.180469155596,0.00120667185016152,1,0.999253354069792,40.0298881530762,2.00033802333238,19.2200001329184,66.5704083057871,12.1416938965111,250,-0.0355885093054428,12.1781559188604,0.0152965389591765,300.014801,300.014801,38647.89453125,38757.53515625,56.0372934292175,20.6172311678203,9.256284,0,0,0,40,4449,299.86935,38702.71484375,,,,,,,,,,,,,0,,,,10.63583375,,,,,,300.014801,,,,
,16776437.1,300.0148773,38592.939453125,12.1781277463274,0.00141757495031204,1,0.999253354069792,40.0298881530762,2.00031174536251,19.2200001329184,66.5569468546449,12.1381896728927,250,-0.0357685365156397,12.1758155968964,0.0151078733860624,300.014801,300.0149536,38537.984375,38647.89453125,56.0873176544482,20.6167044408497,7.396941,0,0,0,40,4449,299.869,38592.939453125,,,,,,,,,,,,,0,,,,10.63583375,,,,,,300.0148773,,,,
,16776438.2,300.0151062,38483.068359375,12.1759220639219,0.00113106862503014,1,0.999253354069792,40.0298881530762,2.00034927461932,19.2200001329184,66.5462399064484,12.1355011120787,250,-0.0358936585717204,12.1736106597235,0.0149748483540748,300.0149536,300.0152588,38428.15234375,38537.984375,55.9653836054482,20.6171956556118,8.884414,0,0,0,40,4449,299.86775,38483.068359375,,,,,,,,,,,,,0,,,,10.48039105,,,,,,300.0151062,,,,
,16776439.16,300.0148773,38388.181640625,12.1734921380424,0.000989609104083267,1,0.999253354069792,40.0298881530762,2.00032485865292,19.2200001329184,66.5326837523304,12.1301526173969,250,-0.0363968780738505,12.1711833338751,0.0144626039637325,300.0144958,300.0152588,38348.2109375,38428.15234375,55.9919589751021,20.6174022175943,8.512546,0,0,0,40,4449,299.8671,38388.181640625,,,,,,,,,,,,,0,,,,10.3741441,,,,,,300.0148773,,,,
,16776440.195,300.01496885,38288.271484375,12.1709322756048,0.000840932567622122,1,0.999253354069792,40.0298881530762,2.00034513335044,19.2200001329184,66.5185007425159,12.1323009770472,250,-0.0355514786365681,12.1686203599687,0.0152977403954809,300.0144958,300.0154419,38228.33203125,38348.2109375,56.1506295645059,20.6168900592547,8.512546,0,0,0,40,4449,299.8688,38288.271484375,,,,,,,,,,,,,0,,,,10.3741441,,,,,,300.01496885,,,,
,16776441.18,300.0145111,38188.396484375,12.1687078849152,0.000886958447951223,1,0.999253354069792,40.0298881530762,2.00031655120904,19.2200001329184,66.5056649096024,12.1285837435165,250,-0.0357894676812191,12.1663975434287,0.0150513075291018,300.0135803,300.0154419,38148.4609375,38228.33203125,55.9333368361598,20.6179915470296,7.396941,0,0,0,40,4449,299.8695,38188.396484375,,,,,,,,,,,,,0,,,,10.3741441,,,,,,300.0145111,,,,
,16776442.18,300.01438905,38088.5234375,12.1660794191731,0.00068781515795962,1,0.999253354069792,40.0298881530762,2.00034908815507,19.2200001329184,66.492836377629,12.1235523043155,250,-0.0362593742609245,12.163771537796,0.0145714646626852,300.0135803,300.0151978,38028.5859375,38148.4609375,55.873151440179,20.6168711560191,8.512546,0,0,0,40,4449,299.86945,38088.5234375,,,,,,,,,,,,,0,,,,10.58244515,,,,,,300.01438905,,,,
,16776443.285,300.01383975,37978.666015625,12.1642395388844,0.000639535709741085,1,0.999253354069792,40.0298881530762,2.00033400861187,19.2200001329184,66.4817457862565,12.1245824939606,250,-0.0357139157696976,12.161929946144,0.0151096704081803,300.0124817,300.0151978,37928.74609375,38028.5859375,56.2123782175252,20.618253969582,9.256284,0,0,0,40,4449,299.8719,37978.666015625,,,,,,,,,,,,,0,,,,10.58244515,,,,,,300.01383975,,,,
,16776444.23,300.0132141,37883.875,12.1618318329654,0.00118536425380437,1,0.999253354069792,40.0298881530762,2.00030776681477,19.2200001329184,66.467494776363,12.1233399223027,250,-0.0354674199689991,12.159521904455,0.0153468386221001,300.0124817,300.0139465,37839.00390625,37928.74609375,55.9771080332367,20.617584580486,8.512546,0,0,0,40,4449,299.87245,37883.875,,,,,,,,,,,,,0,,,,10.5295868,,,,,,300.0132141,,,,
,16776446.125,300.0134583,37694.34765625,12.1592302290301,0.00141394871469718,1,0.999253354069792,40.0298881530762,2.00032140311534,19.2200001329184,66.4545529734982,12.1163144695316,250,-0.0362879219152299,12.1569239564787,0.0145176408052302,300.0134583,300.0134583,37689.33984375,37699.35546875,56.1357786226406,20.6188166587471,8.512546,0,0,0,40,4449,299.8713,37694.34765625,,,,,,,,,,,,,0,,,,10.48039105,,,,,,300.0134583,,,,
,16776446.8,300.0137787,37624.419921875,12.1542717798465,0.000989360236658362,1,0.999253354069792,40.0298881530762,2.00030971648181,19.2200001329184,66.4263819377798,12.1150360453429,250,-0.0355906949606362,12.1519633833428,0.0151947563299224,300.0134583,300.0140991,37559.5,37689.33984375,56.0388566862559,20.6182275492013,8.512546,0,0,0,40,4449,299.87085,37624.419921875,,,,,,,,,,,,,0,,,,10.48039105,,,,,,300.0137787,,,,
,16776447.9,300.0136261,37514.537109375,12.1520482468056,0.000782175231257099,1,0.999253354069792,40.0298881530762,2.00036602502231,19.2200001329184,66.4166034351256,12.1101772100338,250,-0.0361298747593945,12.1497425177496,0.0146474947138981,300.0131531,300.0140991,37469.57421875,37559.5,56.0193159732752,20.6172103296378,7.768809,0,0,0,40,4449,299.8705,37514.537109375,,,,,,,,,,,,,0,,,,10.48039105,,,,,,300.0136261,,,,
,16776448.905,300.0127716,37414.6640625,12.1497381689013,0.000419067786886739,1,0.999253354069792,40.0298881530762,2.00031218554833,19.2200001329184,66.4018087045231,12.1098695632004,250,-0.0357006906117619,12.1474314106776,0.0150678558176682,300.0123901,300.0131531,37359.75390625,37469.57421875,56.0982604537175,20.6176591780539,9.256284,0,0,0,40,4449,299.8706,37414.6640625,,,,,,,,,,,,,0,,,,10.3741441,,,,,,300.0127716,,,,
,16776450.015,300.01275635,37304.826171875,12.1471255783666,0.00100348816841034,1,0.999253354069792,40.0298881530762,2.00036583820963,19.2200001329184,66.3894405411222,12.1066373055346,250,-0.0358668955782927,12.1448199615725,0.0148917063792102,300.0123901,300.0131226,37249.8984375,37359.75390625,56.0677769414675,20.6174385262018,7.396941,0,0,0,40,4449,299.87105,37304.826171875,,,,,,,,,,,,,0,,,,10.3741441,,,,,,300.01275635,,,,
,16776451.095,300.0130463,37199.974609375,12.1446897257654,0.00138651113126452,1,0.999253354069792,40.0298881530762,2.00035355794168,19.2200001329184,66.3760906751007,12.102188057157,250,-0.036217097760014,12.1423858774388,0.0145320087363466,300.01297,300.0131226,37150.05078125,37249.8984375,55.8340700142174,20.6166296398599,8.512546,0,0,0,40,4449,299.8729,37199.974609375,,,,,,,,,,,,,0,,,,10.2187014,,,,,,300.0130463,,,,
,16776452.095,300.01205445,37100.146484375,12.1422036289898,0.00129691012850576,1,0.999253354069792,40.0298881530762,2.00033340879136,19.2300006747246,66.3613610734303,12.1022481484035,250,-0.0357243053675812,12.1398985892344,0.0150151572185084,300.0111389,300.01297,37050.2421875,37150.05078125,56.0888809114867,20.6178883174526,8.512546,0,0,0,40,4449,299.87335,37100.146484375,,,,,,,,,,,,,0,,,,10.3741441,,,,,,300.01205445,,,,
,16776453.205,300.01112365,36990.322265625,12.1399506549196,0.00118349437944022,1,0.999253354069792,40.0298881530762,2.00030285699525,19.2200001329184,66.3492389991333,12.0934738815808,250,-0.0368809177366426,12.1376512329401,0.0138502907792955,300.0111084,300.0111389,36930.40234375,37050.2421875,56.1178011666983,20.6196349170993,8.512546,0,0,0,40,4449,299.87385,36990.322265625,,,,,,,,,,,,,0,,,,10.3741441,,,,,,300.01112365,,,,
,16776454.19,300.0107727,36890.447265625,12.1377312704455,0.0010472520602414,1,0.999253354069792,40.0298881530762,2.0003139484162,19.2200001329184,66.3365245261783,12.096418416306,250,-0.035943130549368,12.1354284614742,0.014779407169065,300.010437,300.0111084,36850.4921875,36930.40234375,56.1303072230059,20.6199750612791,8.512546,0,0,0,40,4449,299.87455,36890.447265625,,,,,,,,,,,,,0,,,,10.2187014,,,,,,300.0107727,,,,
,16776455.155,300.0104065,36790.626953125,12.1348465186373,0.00103658583608309,1,0.999253354069792,40.0298881530762,2.00034039393917,19.2200001329184,66.321252688455,12.0956454645181,250,-0.0355793120765247,12.1325428434819,0.0151320885098552,300.010376,300.010437,36730.76171875,36850.4921875,55.8840942394482,20.6190406598196,8.512546,0,0,0,40,4449,299.87425,36790.626953125,,,,,,,,,,,,,0,,,,10.3741441,,,,,,300.0104065,,,,
,16776456.25,300.0105286,36680.794921875,12.1327636437619,0.000293469341484186,1,0.999253354069792,40.0298881530762,2.00030783481669,19.2200001329184,66.3098982377334,12.0875413722489,250,-0.0366426392861341,12.1304646811718,0.0140613054225627,300.010376,300.0106812,36630.828125,36730.76171875,56.0943523111213,20.6197326719584,8.512546,0,0,0,40,4449,299.8742,36680.794921875,,,,,,,,,,,,,0,,,,10.63583375,,,,,,300.0105286,,,,
,16776457.215,300.01031495,36585.884765625,12.1300948209259,0.00071543860375841,1,0.999253354069792,40.0298881530762,2.00032365229394,19.2200001329184,66.2952003617887,12.0883348357035,250,-0.0360205901993828,12.1277938018963,0.0146730596494361,300.0099487,300.0106812,36540.94140625,36630.828125,55.9669468624867,20.6188909216073,7.396941,0,0,0,40,4449,299.8737,36585.884765625,,,,,,,,,,,,,0,,,,10.63583375,,,,,,300.01031495,,,,
,16776458.165,300.00978085,36490.990234375,12.1280891328103,0.00119117354478507,1,0.999253354069792,40.0298881530762,2.00033746372659,19.2200001329184,66.284274726484,12.0886335208311,250,-0.0356097603753193,12.1257869659425,0.015076228383883,300.009613,300.0099487,36441.0390625,36540.94140625,56.0849727688906,20.6197581048229,8.512546,0,0,0,40,4449,299.8741,36490.990234375,,,,,,,,,,,,,0,,,,10.5295868,,,,,,300.00978085,,,,
,16776459.085,300.01023865,36400.998046875,12.1251870165118,0.00125238349845985,1,0.999253354069792,40.0298881530762,2.00030632512813,19.2200001329184,66.2675004125736,12.085051811844,250,-0.0356943807757955,12.1228855272255,0.0149801150741226,300.009613,300.0108643,36360.95703125,36441.0390625,55.9395898643136,20.6185705505631,8.512546,0,0,0,40,4449,299.8752,36400.998046875,,,,,,,,,,,,,0,,,,10.3741441,,,,,,300.01023865,,,,
,16776460.025,300.01062015,36305.896484375,12.1228718861234,0.00124557436024175,1,0.999253354069792,40.0298881530762,2.00028262780251,19.2200001329184,66.2543060062323,12.0813920021275,250,-0.0359103616116389,12.1205715214487,0.01475530675878,300.010376,300.0108643,36250.8359375,36360.95703125,56.0107180595636,20.6195008780223,9.256284,0,0,0,40,4449,299.8756,36305.896484375,,,,,,,,,,,,,0,,,,10.48039105,,,,,,300.01062015,,,,
,16776461.09,300.0099335,36195.806640625,12.1204523541854,0.00142036117026651,1,0.999253354069792,40.0298881530762,2.00026108879894,19.2200001329184,66.240317023304,12.0792396544808,250,-0.035833889716863,12.1181523466878,0.0148229228147877,300.009491,300.010376,36140.77734375,36250.8359375,56.1553193356213,20.6197713282157,8.512546,0,0,0,40,4449,299.87435,36195.806640625,,,,,,,,,,,,,0,,,,10.63583375,,,,,,300.0099335,,,,
,16776462.05,300.0097504,36100.73828125,12.1179341228961,0.00104926715793435,1,0.999253354069792,40.0298881530762,2.00029091457305,19.2200001329184,66.2276048729442,12.0764324368043,250,-0.0359136801669986,12.1156349811897,0.0147332479947959,300.009491,300.0100098,36060.69921875,36140.77734375,55.7527806482174,20.6200153626691,8.512546,0,0,0,40,4449,299.87565,36100.73828125,,,,,,,,,,,,,0,,,,10.5295868,,,,,,300.0097504,,,,
,16776463.055,300.00965885,36000.837890625,12.1157349144868,0.0011288065816833,1,0.999253354069792,40.0298881530762,2.00030848326135,19.2200001329184,66.2165933058784,12.071965794335,250,-0.0363433818704235,12.1134379773324,0.0142952589435957,300.0093079,300.0100098,35940.9765625,36060.69921875,55.9708550050828,20.6197238591185,8.512546,0,0,0,40,4449,299.8762,36000.837890625,,,,,,,,,,,,,0,,,,10.5295868,,,,,,300.00965885,,,,
,16776464.25,300.00984195,35881.0078125,12.1126136688587,0.00130606714472125,1,0.999253354069792,40.0298881530762,2.00028101090583,19.2300006747246,66.1980471723633,12.0719308982941,250,-0.0357427807467768,12.1103146444983,0.014884042613237,300.0093079,300.010376,35821.0390625,35940.9765625,55.9755447761982,20.6199013792987,7.396941,0,0,0,40,4449,299.875,35881.0078125,,,,,,,,,,,,,0,,,,10.3741441,,,,,,300.00984195,,,,
,16776465.305,300.01049805,35776.11328125,12.1105844169883,0.00110441531086213,1,0.999253354069792,40.0298881530762,2.00029716017352,19.2200001329184,66.1877949644594,12.0682815793667,250,-0.0360526784820311,12.1082867373277,0.0145664484180087,300.010376,300.0106201,35731.1875,35821.0390625,56.0107180595636,20.6197054361541,8.884414,0,0,0,40,4449,299.87625,35776.11328125,,,,,,,,,,,,,0,,,,10.3741441,,,,,,300.01049805,,,,
,16776466.345,300.0102234,35671.248046875,12.1083892944911,0.00128094835466397,1,0.999253354069792,40.0298881530762,2.00033064154596,19.2200001329184,66.1769981865477,12.0656424805319,250,-0.0361656955513814,12.1060925766043,0.014445100696495,300.0098267,300.0106201,35611.30859375,35731.1875,56.0490178570059,20.6185018515637,8.512546,0,0,0,40,4449,299.877,35671.248046875,,,,,,,,,,,,,0,,,,10.4772544,,,,,,300.0102234,,,,
,16776467.55,300.00987245,35551.32421875,12.1057206437745,0.000973521857216225,1,0.999253354069792,40.0298881530762,2.00031811952517,19.2200001329184,66.1615403918453,12.0654400858791,250,-0.0356956580492388,12.1034225471916,0.0149050674622976,300.0098267,300.0099182,35491.33984375,35611.30859375,55.8661167835059,20.6206707069083,7.396941,0,0,0,40,4449,299.87665,35551.32421875,,,,,,,,,,,,,0,,,,10.53011275,,,,,,300.00987245,,,,
,16776468.605,300.00933835,35446.498046875,12.1035302430508,0.00100810662307154,1,0.999253354069792,40.0298881530762,2.0003901561913,19.2200001329184,66.1521133454931,12.0624940455216,250,-0.0359047897674417,12.101233857781,0.0146851588255368,300.0087585,300.0099182,35401.65625,35491.33984375,56.0583973992367,20.6196097627578,7.396941,0,0,0,40,4449,299.8899,35446.498046875,,,,,,,,,,,,,0,,,,10.42700245,,,,,,300.00933835,,,,
,16776469.62,300.00936885,35346.712890625,12.1010544242874,0.00103036730721137,1,0.999253354069792,40.0298881530762,2.00030049542472,19.2200001329184,66.1359682850272,12.0580143682421,250,-0.0361678456662774,12.0987597708103,0.0144102563776447,300.0087585,300.0099792,35291.76953125,35401.65625,56.1185827952175,20.6199011569354,8.512546,0,0,0,40,4449,299.90235,35346.712890625,,,,,,,,,,,,,0,,,,10.2187014,,,,,,300.00936885,,,,
,16776470.73,300.0100555,35236.83984375,12.0958954070895,0.000829121403228356,1,0.999253354069792,40.0298881530762,2.00030245808334,19.2200001329184,66.1073855509762,12.0553009691966,250,-0.0357114982232824,12.0935994509043,0.0148463603659096,300.0099792,300.0101318,35181.91015625,35291.76953125,56.0365118006982,20.6204965674178,7.396941,0,0,0,40,4449,299.90035,35236.83984375,,,,,,,,,,,,,0,,,,10.2187014,,,,,,300.0100555,,,,
,16776471.805,300.0095825,35126.95703125,12.0933730529702,0.00118144301287143,1,0.999253354069792,40.0298881530762,2.00026424791298,19.2200001329184,66.092838264493,12.0500378565362,250,-0.0361675237930717,12.0910796089735,0.0143811054897677,300.0090332,300.0101318,35072.00390625,35181.91015625,55.9567856917367,20.6204578332005,7.396941,0,0,0,40,4449,299.8993,35126.95703125,,,,,,,,,,,,,0,,,,10.3741441,,,,,,300.0095825,,,,
,16776472.91,300.00897215,35017.1171875,12.0907112064829,0.000960286322645124,1,0.999253354069792,40.0298881530762,2.00030330012973,19.2200001329184,66.0790304602887,12.050411557115,250,-0.0356490066628651,12.0884162717119,0.0148898203207405,300.0089111,300.0090332,34962.23046875,35072.00390625,55.9716366336021,20.6213266055223,8.884414,0,0,0,40,4449,299.8972,35017.1171875,,,,,,,,,,,,,0,,,,10.5295868,,,,,,300.00897215,,,,
,16776474.105,300.0090637,34897.22265625,12.0882085026219,0.00114633332678727,1,0.999253354069792,40.0298881530762,2.00027704838231,19.2200001329184,66.0648462260794,12.0459289921901,250,-0.0359793002781966,12.0859152318673,0.0145510686447422,300.0089111,300.0092163,34832.21484375,34962.23046875,56.0920074255636,20.6199003068426,9.256284,0,0,0,40,4449,299.893,34897.22265625,,,,,,,,,,,,,0,,,,10.3741441,,,,,,300.0090637,,,,
,16776475.145,300.00889585,34792.298828125,12.0853652408349,0.00122326548419023,1,0.999253354069792,40.0298881530762,2.00031311060234,19.2200001329184,66.0506705739403,12.0422121697855,250,-0.0361727673415931,12.08307329231,0.0143472065640887,300.0085754,300.0092163,34752.3828125,34832.21484375,56.1138930241021,20.6204930270326,8.884414,0,0,0,40,4449,299.89055,34792.298828125,,,,,,,,,,,,,0,,,,10.2187014,,,,,,300.00889585,,,,
,16776476.18,300.0092468,34692.478515625,12.0834360359045,0.000980094972982074,1,0.999253354069792,40.0298881530762,2.00035015156872,19.2200001329184,66.0413668191753,12.040239965794,250,-0.0362171447600191,12.0811443862524,0.0142960572529535,300.0085754,300.0099182,34632.57421875,34752.3828125,56.0443280858905,20.6209566113232,8.512546,0,0,0,40,4449,299.8887,34692.478515625,,,,,,,,,,,,,0,,,,10.48039105,,,,,,300.0092468,,,,
,16776477.33,300.00852965,34577.744140625,12.0804296076047,0.000732321590382482,1,0.999253354069792,40.0298881530762,2.00031807948033,19.2200001329184,66.0241792172594,12.0355750789486,250,-0.0364807044533524,12.0781398565376,0.0140213739382618,300.0071411,300.0099182,34522.9140625,34632.57421875,55.9638203484098,20.6194653840744,8.512546,0,0,0,40,4449,299.887,34577.744140625,,,,,,,,,,,,,0,,,,10.63583375,,,,,,300.00852965,,,,
,16776478.35,300.00759885,34472.939453125,12.078307460717,0.00123616722835609,1,0.999253354069792,40.0298881530762,2.00036783715,19.2200001329184,66.0136424404203,12.0366687051932,250,-0.0359417794421006,12.0760161806333,0.0145525974376663,300.0071411,300.0080566,34422.96484375,34522.9140625,55.9505326635828,20.6197335590445,8.512546,0,0,0,40,4449,299.8854,34472.939453125,,,,,,,,,,,,,0,,,,10.5295868,,,,,,300.00759885,,,,
,16776479.485,300.0079193,34358.11328125,12.0727012853492,0.00131565413106509,1,0.999253354069792,40.0298881530762,2.000312716399,19.2200001329184,65.9814522760913,12.0295499594252,250,-0.0361480091000721,12.0704117008233,0.0143246506854703,300.007782,300.0080566,34293.26171875,34422.96484375,56.0451097144098,20.6196873567237,8.884414,0,0,0,40,4449,299.88225,34358.11328125,,,,,,,,,,,,,0,,,,10.5295868,,,,,,300.0079193,,,,
,16776480.785,300.00698855,34228.322265625,12.0706244677834,0.00147483123986069,1,0.999253354069792,40.0298881530762,2.00029057827264,19.2200001329184,65.9687171735601,12.0309882506208,250,-0.0354775602729946,12.0683327605438,0.0149879256304236,300.0061951,300.007782,34163.3828125,34293.26171875,56.0638687988713,20.6205133357971,8.512546,0,0,0,40,4449,299.87995,34228.322265625,,,,,,,,,,,,,0,,,,10.3741441,,,,,,300.00698855,,,,
,16776481.9,300.0067902,34118.498046875,12.0681164543047,0.00108130826786027,1,0.999253354069792,40.0298881530762,2.00026922436166,19.2200001329184,65.9543431193002,12.0282590925344,250,-0.0354906517386243,12.0658252665871,0.0149657424498771,300.0061951,300.0073853,34073.61328125,34163.3828125,55.9372449787559,20.6210499587613,7.396941,0,0,0,40,4449,299.878,34118.498046875,,,,,,,,,,,,,0,,,,10.3741441,,,,,,300.0067902,,,,
,16776482.945,300.00709535,34013.658203125,12.0655363960176,0.00124245522588779,1,0.999253354069792,40.0298881530762,2.00030301546767,19.2200001329184,65.9419285665484,12.0226410877163,250,-0.0360783606594219,12.0632479231127,0.0143687297182239,300.0068054,300.0073853,33953.703125,34073.61328125,56.1178011666983,20.6201220808848,8.512546,0,0,0,40,4449,299.87595,34013.658203125,,,,,,,,,,,,,0,,,,10.63583375,,,,,,300.00709535,,,,
,16776484.155,300.00656125,33893.78125,12.0631477050821,0.000972266272970241,1,0.999253354069792,40.0298881530762,2.0002807320936,19.2200001329184,65.9282742771918,12.0195044361442,250,-0.03618751459039,12.0608602506117,0.0142512999568311,300.0063171,300.0068054,33833.859375,33953.703125,56.2076884464098,20.6211502967736,9.256284,0,0,0,40,4449,299.87295,33893.78125,,,,,,,,,,,,,0,,,,10.63583375,,,,,,300.00656125,,,,
,16776485.275,300.00604245,33783.98046875,12.0602443970335,0.00117307185460121,1,0.999253354069792,40.0298881530762,2.00025823556899,19.2200001329184,65.9108618380505,12.0209206767642,250,-0.0353667274590534,12.0579542441245,0.0150606852701011,300.0057678,300.0063171,33734.1015625,33833.859375,56.0896625400059,20.6199516636269,8.512546,0,0,0,40,4449,299.87345,33783.98046875,,,,,,,,,,,,,0,,,,10.58244515,,,,,,300.00604245,,,,
,16776486.305,300.0057373,33679.123046875,12.0579778108332,0.00110686688663416,1,0.999253354069792,40.0298881530762,2.00032667960893,19.2200001329184,65.9016014034738,12.0140547866159,250,-0.0362775802802387,12.0556919897155,0.0141412875739623,300.0057068,300.0057678,33624.14453125,33734.1015625,55.9989936317752,20.6222530109754,8.512546,0,0,0,40,4449,299.8745,33679.123046875,,,,,,,,,,,,,0,,,,10.58244515,,,,,,300.0057373,,,,
,16776487.465,300.00523375,33564.27734375,12.0555239297953,0.000925507405553894,1,0.999253354069792,40.0298881530762,2.00032936300309,19.2200001329184,65.8880829563018,12.0126690206068,250,-0.0360810847059537,12.0532378281599,0.0143293909211506,300.0047607,300.0057068,33504.41015625,33624.14453125,55.9427163783905,20.6197231944309,8.884414,0,0,0,40,4449,299.87015,33564.27734375,,,,,,,,,,,,,0,,,,10.3741441,,,,,,300.00523375,,,,
,16776488.555,300.00511165,33454.435546875,12.0528439243406,0.000985526841222739,1,0.999253354069792,40.0298881530762,2.00030192986725,19.2200001329184,65.8721657107853,12.0119364284381,250,-0.0356901316426833,12.0505566672259,0.0147103061263381,300.0047607,300.0054626,33404.4609375,33504.41015625,55.9989936317752,20.6203690972014,8.884414,0,0,0,40,4449,299.8689,33454.435546875,,,,,,,,,,,,,0,,,,10.3741441,,,,,,300.00511165,,,,
,16776489.52,300.0049438,33354.546875,12.0502689396761,0.00125197716013943,1,0.999253354069792,40.0298881530762,2.00038950308148,19.2200001329184,65.861372728035,12.0073498081154,250,-0.0361470249972512,12.0479841093228,0.0142435771376239,300.004425,300.0054626,33304.6328125,33404.4609375,55.9755447761982,20.6203938556261,9.256284,0,0,0,40,4449,299.86925,33354.546875,,,,,,,,,,,,,0,,,,10.5295868,,,,,,300.0049438,,,,
,16776490.535,300.00500485,33254.6875,12.0470603157576,0.000920903157513832,1,0.999253354069792,40.0298881530762,2.00030851901201,19.2200001329184,65.840740451808,12.0063557103135,250,-0.0356485784115914,12.0447739053032,0.0147297600251649,300.004425,300.0055847,33204.7421875,33304.6328125,56.0279138869867,20.6201047198439,9.256284,0,0,0,40,4449,299.8675,33254.6875,,,,,,,,,,,,,0,,,,10.5295868,,,,,,300.00500485,,,,
,16776491.51,300.00483705,33159.8046875,12.0449384183581,0.00130539253430045,1,0.999253354069792,40.0298881530762,2.00030878056159,19.2300006747246,65.8293778306797,12.0030249954101,250,-0.0358659472438776,12.0426533497071,0.0145043147865888,300.0040894,300.0055847,33114.8671875,33204.7421875,55.9833610613905,20.6207257600137,8.884414,0,0,0,40,4449,299.86805,33159.8046875,,,,,,,,,,,,,0,,,,10.5295868,,,,,,300.00483705,,,,
,16776492.54,300.00390625,33059.892578125,12.0425135181243,0.00117879862075796,1,0.999253354069792,40.0298881530762,2.00030706587216,19.2300006747246,65.8162900012127,11.9994227608335,250,-0.0360746873374858,12.0402301648712,0.0142861264101703,300.0037231,300.0040894,33004.91796875,33114.8671875,56.0013385173328,20.620585539894,7.768809,0,0,0,40,4449,299.86935,33059.892578125,,,,,,,,,,,,,0,,,,10.63583375,,,,,,300.00390625,,,,
,16776493.595,300.00367735,32954.40625,12.0400532787571,0.000807985482433518,1,0.999253354069792,40.0298881530762,2.00029405373673,19.2200001329184,65.802244965334,11.9978760577088,250,-0.0358887549404568,12.0377696536085,0.0144627290395874,300.0036316,300.0037231,32903.89453125,33004.91796875,55.883312610929,20.6212529723904,9.256284,0,0,0,40,4449,299.86915,32954.40625,,,,,,,,,,,,,0,,,,10.7420807,,,,,,300.00367735,,,,
,16776494.625,300.0037384,32848.802734375,12.0343560733784,0.00134176319003854,1,0.999253354069792,40.0298881530762,2.00027264661225,19.2200001329184,65.7710392360318,11.9887413400653,250,-0.0364828835612126,12.0320759581705,0.013845952285356,300.0036316,300.0038452,32793.7109375,32903.89453125,56.2397352156983,20.6202633317002,9.256284,0,0,0,40,4449,299.86865,32848.802734375,,,,,,,,,,,,,0,,,,10.7420807,,,,,,300.0037384,,,,
,16776495.755,300.00320435,32733.7724609375,12.0314055944563,0.00100126404907938,1,0.999253354069792,40.0298881530762,2.00023829998056,19.2200001329184,65.7531949323766,11.9889424753977,250,-0.0358631741107082,12.0291236385068,0.0144540807417829,300.0025635,300.0038452,32673.833984375,32793.7109375,55.9309919506021,20.6205477927947,9.256284,0,0,0,40,4449,299.86945,32733.7724609375,,,,,,,,,,,,,0,,,,10.63583375,,,,,,300.00320435,,,,
,16776496.89,300.00221255,32618.833984375,12.0292825277885,0.00106346619709769,1,0.999253354069792,40.0298881530762,2.0003376210171,19.2200001329184,65.7450579156504,11.9858866980068,250,-0.0361361352578866,12.0270024987046,0.0141731871352151,300.0018616,300.0025635,32563.833984375,32673.833984375,56.0114996880828,20.6209238478739,7.396941,0,0,0,40,4449,299.8702,32618.833984375,,,,,,,,,,,,,0,,,,10.3741441,,,,,,300.00221255,,,,
,16776497.98,300.00157165,32508.89453125,12.0272635431075,0.00117523873851109,1,0.999253354069792,40.0298881530762,2.00034767122039,19.2200001329184,65.7347329924939,11.9818483263637,250,-0.0365128736487929,12.024985687631,0.0137890843349377,300.0012817,300.0018616,32453.955078125,32563.833984375,56.0912257970444,20.6213883001757,9.256284,0,0,0,40,4449,299.87015,32508.89453125,,,,,,,,,,,,,0,,,,10.2187014,,,,,,300.00157165,,,,
,16776499.095,300.0017242,32399.0400390625,12.0242846463054,0.00127302344677332,1,0.999253354069792,40.0298881530762,2.00034998803909,19.2200001329184,65.7177860551304,11.9828814295542,250,-0.0357745901026237,12.0220041700215,0.0145154851523337,300.0012817,300.0021667,32344.125,32453.955078125,56.0240057443905,20.6201685326485,7.396941,0,0,0,40,4449,299.8715,32399.0400390625,,,,,,,,,,,,,0,,,,10.48039105,,,,,,300.0017242,,,,
,16776500.14,300.00163265,32299.1640625,12.0215498256786,0.00129049077346345,1,0.999253354069792,40.0298881530762,2.00028648323546,19.2200001329184,65.7008026140897,11.9798026446604,250,-0.0357639769099084,12.0192698324043,0.0145153617884068,300.0010986,300.0021667,32254.203125,32344.125,56.1029502248329,20.6212196486164,7.396941,0,0,0,40,4449,299.8725,32299.1640625,,,,,,,,,,,,,0,,,,10.6886921,,,,,,300.00163265,,,,
,16776501.14,300.00115965,32199.2666015625,12.0190659934407,0.000523644198976736,1,0.999253354069792,40.0298881530762,2.00030315830361,19.2200001329184,65.6883327620551,11.9743488435197,250,-0.0363204063402849,12.0167889755817,0.0139493299070445,300.0010986,300.0012207,32144.330078125,32254.203125,56.0466729714482,20.6203850435489,8.512546,0,0,0,40,4449,299.87365,32199.2666015625,,,,,,,,,,,,,0,,,,10.58244515,,,,,,300.00115965,,,,
,16776502.195,300.00079345,32094.484375,12.0158232468906,0.000744024249180947,1,0.999253354069792,40.0298881530762,2.00033331360823,19.2200001329184,65.6707508537091,11.9757426656483,250,-0.0354967277256665,12.0135435543641,0.0147597890834335,300.0003662,300.0012207,32044.638671875,32144.330078125,55.964601976929,20.6199560589244,8.884414,0,0,0,40,4449,299.87585,32094.484375,,,,,,,,,,,,,0,,,,10.5295868,,,,,,300.00079345,,,,
,16776503.12,300.0003662,32004.6884765625,12.0135566627992,0.000964598713520061,1,0.999253354069792,40.0298881530762,2.00033556213837,19.2200001329184,65.6590311211283,11.9702865980009,250,-0.0360782653297793,12.0112800006238,0.0141694109469272,300.0003662,300.0003662,31964.73828125,32044.638671875,55.9630387198905,20.6210773763318,9.256284,0,0,0,40,4449,299.8773,32004.6884765625,,,,,,,,,,,,,0,,,,10.5295868,,,,,,300.0003662,,,,
,16776504.065,300.0003357,31909.7734375,12.0109633327938,0.00138541591229052,1,0.999253354069792,40.0298881530762,2.0003334034851,19.2200001329184,65.6454171593019,11.9642981093819,250,-0.0366919868945676,12.0086897225822,0.0135455241164084,300.0003052,300.0003662,31854.80859375,31964.73828125,56.1732967915636,20.6202925531157,9.256284,0,0,0,40,4449,299.8788,31909.7734375,,,,,,,,,,,,,0,,,,10.5295868,,,,,,300.0003357,,,,
,16776505.195,300.0001831,31794.8896484375,12.0077832742857,0.00111267865026492,1,0.999253354069792,40.0298881530762,2.0002840744365,19.2200001329184,65.6252098457576,11.9675796431883,250,-0.0354501308490189,12.0055050682576,0.0147750284501073,300.000061,300.0003052,31734.970703125,31854.80859375,56.1459397933906,20.6201055026866,9.256284,0,0,0,40,4449,299.87795,31794.8896484375,,,,,,,,,,,,,0,,,,10.5295868,,,,,,300.0001831,,,,
,16776506.21,299.99978635,31690.029296875,12.0055107444901,0.00114342142725211,1,0.999253354069792,40.0298881530762,2.00030186483565,19.2200001329184,65.6137859802444,11.9631173965453,250,-0.0358655635536002,12.0032348298664,0.0143510367156346,299.9995117,300.000061,31645.087890625,31734.970703125,56.0709034555444,20.6217215031353,8.512546,0,0,0,40,4449,299.87835,31690.029296875,,,,,,,,,,,,,0,,,,10.5295868,,,,,,299.99978635,,,,
,16776507.28,299.99882505,31585.162109375,12.0027603823119,0.00145214287802452,1,0.999253354069792,40.0298881530762,2.00029304762543,19.2200001329184,65.5981417463752,11.962121022033,250,-0.0355292199301757,12.0004839910075,0.0146763547097925,299.9981384,299.9995117,31525.236328125,31645.087890625,56.0146262021598,20.6219132241663,9.256284,0,0,0,40,4449,299.88035,31585.162109375,,,,,,,,,,,,,0,,,,10.5295868,,,,,,299.99882505,,,,
,16776508.56,299.9985199,31460.2783203125,11.9972713637674,0.000859230044225145,1,0.999253354069792,40.0298881530762,2.00032341673767,19.2200001329184,65.5696275415859,11.9540549107333,250,-0.0360215386751636,11.9949981844561,0.014162148222746,299.9981384,299.9989014,31395.3203125,31525.236328125,56.1115481385444,20.6214326534815,9.256284,0,0,0,40,4449,299.8811,31460.2783203125,,,,,,,,,,,,,0,,,,10.5295868,,,,,,299.9985199,,,,
,16776509.78,299.99827575,31335.517578125,11.9947617498893,0.00117615347159155,1,0.999253354069792,40.0298881530762,2.00028851168989,19.2200001329184,65.5542737298379,11.9541714411585,250,-0.035498584275056,11.9924869122493,0.0146754186521331,299.9976501,299.9989014,31275.71484375,31395.3203125,56.045891342929,20.6218782044018,7.396941,0,0,0,40,4449,299.8821,31335.517578125,,,,,,,,,,,,,0,,,,10.3741441,,,,,,299.99827575,,,,
,16776510.885,299.9977417,31225.8515625,11.9921680319022,0.00135117654221897,1,0.999253354069792,40.0298881530762,2.00036791765158,19.2200001329184,65.543314919184,11.9483844926754,250,-0.0361624010357624,11.9898966730653,0.0140015025382621,299.9976501,299.9978333,31175.98828125,31275.71484375,55.9583489487752,20.6205444124918,8.512546,0,0,0,40,4449,299.88395,31225.8515625,,,,,,,,,,,,,0,,,,10.3741441,,,,,,299.9977417,,,,
,16776511.98,299.9970551,31116.06640625,11.9897805333147,0.00117362851991441,1,0.999253354069792,40.0298881530762,2.00035635469962,19.2200001329184,65.5295322794793,11.9479117653773,250,-0.0357946681808094,11.9875083580711,0.014359859358414,299.9962769,299.9978333,31056.14453125,31175.98828125,56.035730172179,20.6216905407054,8.512546,0,0,0,40,4449,299.88545,31116.06640625,,,,,,,,,,,,,0,,,,10.5295868,,,,,,299.9970551,,,,
,16776513.425,299.99618535,30971.2568359375,11.9843150729668,0.00129592283645795,1,0.999253354069792,40.0298881530762,2.00029278958836,19.2200001329184,65.4978307767507,11.9410338894153,250,-0.0359738093269842,11.9820450363435,0.0141589490416281,299.9960938,299.9962769,30886.369140625,31056.14453125,56.0740299696213,20.6210404006839,9.256284,0,0,0,40,4449,299.88665,30971.2568359375,,,,,,,,,,,,,0,,,,10.5295868,,,,,,299.99618535,,,,
,16776514.845,299.99595645,30831.435546875,11.9816622287751,0.000641568838575594,1,0.999253354069792,40.0298881530762,2.00037309931318,19.2200001329184,65.4856114763769,11.9403867723396,250,-0.0356868497253706,11.9793915443948,0.014435654412423,299.9958191,299.9960938,30776.501953125,30886.369140625,55.8856574964867,20.6215593114432,7.396941,0,0,0,40,4449,299.8884,30831.435546875,,,,,,,,,,,,,0,,,,10.4772544,,,,,,299.99595645,,,,
,16776515.865,299.99632265,30726.626953125,11.978866271071,0.000866008717856969,1,0.999253354069792,40.0298881530762,2.00032665967572,19.2200001329184,65.4695232586485,11.9336844176031,250,-0.036346965724642,11.9765986540962,0.0137650071666714,299.9958191,299.9968262,30676.751953125,30776.501953125,55.9622570913713,20.621757056435,8.512546,0,0,0,40,4449,299.8879,30726.626953125,,,,,,,,,,,,,0,,,,10.3218117,,,,,,299.99632265,,,,
,16776516.895,299.99629215,30621.748046875,11.9761275945069,0.0011674183348284,1,0.999253354069792,40.0298881530762,2.00031339999141,19.2200001329184,65.4537095100879,11.9331567559509,250,-0.0359227413026473,11.9738586666338,0.0141787896065303,299.9957581,299.9968262,30566.744140625,30676.751953125,55.9888324610252,20.6230163713559,8.512546,0,0,0,40,4449,299.88705,30621.748046875,,,,,,,,,,,,,0,,,,10.3741441,,,,,,299.99629215,,,,
,16776517.975,299.99539185,30516.8603515625,11.9736545765589,0.00116828342483662,1,0.999253354069792,40.0298881530762,2.00035151247562,19.2200001329184,65.441203389043,11.932033167479,250,-0.0357111795700483,11.9713856001034,0.0143806100876632,299.9950256,299.9957581,30466.9765625,30566.744140625,56.0130629451213,20.6220200001813,8.512546,0,0,0,40,4449,299.8885,30516.8603515625,,,,,,,,,,,,,0,,,,10.3741441,,,,,,299.99539185,,,,
,16776518.985,299.99539185,30417.046875,11.9704945636248,0.00100651982359123,1,0.999253354069792,40.0298881530762,2.0003351118967,19.2200001329184,65.4240293135845,11.9254457322797,250,-0.0363142575657423,11.9682287019354,0.0137649270989148,299.9950256,299.9957581,30367.1171875,30466.9765625,56.0490178570059,20.6213339597753,7.396941,0,0,0,40,4449,299.8905,30417.046875,,,,,,,,,,,,,0,,,,10.3741441,,,,,,299.99539185,,,,
,16776520.015,299.99505615,30312.2314453125,11.9679898727076,0.00138014995103622,1,0.999253354069792,40.0298881530762,2.00031864959353,19.2200001329184,65.4098927652491,11.9224392463263,250,-0.0363837192349155,11.9657248647616,0.0136859705214842,299.9943542,299.9957581,30257.345703125,30367.1171875,55.9012900668713,20.6222428860352,8.512546,0,0,0,40,4449,299.8903,30312.2314453125,,,,,,,,,,,,,0,,,,10.5295868,,,,,,299.99505615,,,,
,16776521.095,299.9949646,30202.380859375,11.9652151892306,0.00110110939463598,1,0.999253354069792,40.0298881530762,2.0003432205933,19.2200001329184,65.3946695645587,11.9243544975337,250,-0.0355456926353342,11.9629471880861,0.0145131640528094,299.9943542,299.995575,30147.416015625,30257.345703125,56.0466729714482,20.6208653190723,9.256284,0,0,0,40,4449,299.89045,30202.380859375,,,,,,,,,,,,,0,,,,10.3741441,,,,,,299.9949646,,,,
,16776522.11,299.99565125,30102.4228515625,11.9626284105844,0.000909003937858547,1,0.999253354069792,40.0298881530762,2.00034650046111,19.2200001329184,65.3815769662677,11.9167108434617,250,-0.0364695919661676,11.9603644201962,0.0135794157496756,299.995575,299.9957275,30057.4296875,30147.416015625,55.8551739842367,20.6208919885097,9.256284,0,0,0,40,4449,299.89095,30102.4228515625,,,,,,,,,,,,,0,,,,10.2187014,,,,,,299.99565125,,,,
,16776523.195,299.9949188,29997.50390625,11.9598077390832,0.00140462853915855,1,0.999253354069792,40.0298881530762,2.00043280066626,19.2200001329184,65.3684246779043,11.9170239417084,250,-0.0359818997210736,11.9575425226192,0.0140560489402257,299.9941101,299.9957275,29937.578125,30057.4296875,56.045891342929,20.6206550134352,7.396941,0,0,0,40,4449,299.8914,29997.50390625,,,,,,,,,,,,,0,,,,10.3741441,,,,,,299.9949188,,,,
,16776524.33,299.9944,29882.623046875,11.9571010660118,0.000883195418913755,1,0.999253354069792,40.0298881530762,2.00038110504121,19.2200001329184,65.3521653172676,11.9130574528916,250,-0.036152026117224,11.9548372636037,0.0138754125197518,299.9941101,299.9946899,29827.66796875,29937.578125,55.9903957180636,20.6202490598358,9.256284,0,0,0,40,4449,299.8926,29882.623046875,,,,,,,,,,,,,0,,,,10.3741441,,,,,,299.9944,,,,
,16776525.385,299.99319455,29777.7255859375,11.9539619367473,0.00123467365506649,1,0.999253354069792,40.0298881530762,2.00037158714249,19.2200001329184,65.334665652533,11.9101014969389,250,-0.0361021106270301,11.9516989946986,0.013913209946474,299.9916992,299.9946899,29727.783203125,29827.66796875,56.0669953129482,20.6221228429377,9.256284,0,0,0,40,4449,299.8921,29777.7255859375,,,,,,,,,,,,,0,,,,10.3218117,,,,,,299.99319455,,,,
,16776526.44,299.99238585,29672.6484375,11.9514878153242,0.000814121688842611,1,0.999253354069792,40.0298881530762,2.00035456894912,19.2200001329184,65.3202747464458,11.9093083667191,250,-0.0357716456015164,11.9492242422738,0.0142343710104234,299.9916992,299.9930725,29617.513671875,29727.783203125,56.0552708851598,20.6223883637709,7.396941,0,0,0,40,4449,299.89115,29672.6484375,,,,,,,,,,,,,0,,,,10.4772544,,,,,,299.99238585,,,,
,16776527.51,299.9930725,29562.49609375,11.9456846700712,0.000721400626773111,1,0.999253354069792,40.0298881530762,2.00038475955561,19.2200001329184,65.2898051341691,11.9021433664124,250,-0.0360400115308633,11.9434230248958,0.0139424659873894,299.9930725,299.9930725,29507.478515625,29617.513671875,55.9349000931982,20.6211089462188,7.396941,0,0,0,40,4449,299.8926,29562.49609375,,,,,,,,,,,,,0,,,,10.5295868,,,,,,299.9930725,,,,
,16776528.68,299.99313355,29442.4873046875,11.9437223894462,0.00127927229157839,1,0.999253354069792,40.0298881530762,2.00039860128431,19.2200001329184,65.2794452710428,11.9006663961386,250,-0.0359637050227775,11.9414605598536,0.0140130472071653,299.9930725,299.9931946,29377.49609375,29507.478515625,55.8809677253713,20.621658383041,8.512546,0,0,0,40,4449,299.88525,29442.4873046875,,,,,,,,,,,,,0,,,,10.63583375,,,,,,299.99313355,,,,
,16776529.92,299.99339295,29317.619140625,11.9390517444512,0.00110106794197399,1,0.999253354069792,40.0298881530762,2.00032228567821,19.2200001329184,65.251061034462,11.89787785794,250,-0.0355298016026143,11.9367886763121,0.0144300099104963,299.9931946,299.9935913,29257.7421875,29377.49609375,56.1834579623136,20.6253212116344,9.256284,0,0,0,40,4449,299.87715,29317.619140625,,,,,,,,,,,,,0,,,,10.48039105,,,,,,299.99339295,,,,
,16776531.08,299.99327085,29202.794921875,11.9370374864703,0.000945047089524034,1,0.999253354069792,40.0298881530762,2.00024271773687,19.2200001329184,65.2379211723353,11.8932608339554,250,-0.0359179182353532,11.9347764303624,0.014034315974207,299.9929504,299.9935913,29147.84765625,29257.7421875,56.0490178570059,20.6252176582468,8.512546,0,0,0,40,4449,299.87835,29202.794921875,,,,,,,,,,,,,0,,,,10.3741441,,,,,,299.99327085,,,,
,16776532.09,299.99324035,29102.857421875,11.9343103714526,0.00118533309276924,1,0.999253354069792,40.0298881530762,2.00026785282711,19.2200001329184,65.2239805606396,11.8898000130918,250,-0.0360731738376893,11.932050468218,0.0138683316544347,299.9929504,299.9935303,29057.8671875,29147.84765625,56.2006537897367,20.626199936299,8.884414,0,0,0,40,4449,299.8795,29102.857421875,,,,,,,,,,,,,0,,,,10.5295868,,,,,,299.99324035,,,,
,16776533.08,299.99429325,29007.9482421875,11.9319087208462,0.000965600708550839,1,0.999253354069792,40.0298881530762,2.00029924183731,19.2200001329184,65.2117182688856,11.8882968335363,250,-0.0359368476721877,11.9296482142738,0.0139951668844603,299.9935303,299.9950562,28958.029296875,29057.8671875,56.0654320559098,20.6262719708375,7.396941,0,0,0,40,4449,299.88075,29007.9482421875,,,,,,,,,,,,,0,,,,10.5295868,,,,,,299.99429325,,,,
,16776534.1,299.99432375,28908.1015625,11.9288901548725,0.000829518310553802,1,0.999253354069792,40.0298881530762,2.00034142435304,19.2200001329184,65.1964398563455,11.8861841244621,250,-0.0358094166279945,11.926629639716,0.0141107078667768,299.9935913,299.9950562,28858.173828125,28958.029296875,56.0490178570059,20.623889043174,7.396941,0,0,0,40,4449,299.8813,28908.1015625,,,,,,,,,,,,,0,,,,10.58244515,,,,,,299.99432375,,,,
,16776535.07,299.9932556,28808.3056640625,11.927064399015,0.00119542318795675,1,0.999253354069792,40.0298881530762,2.00036440588774,19.2200001329184,65.1875653479148,11.882493798881,250,-0.0361713785905459,11.9248061936975,0.013741640666445,299.9929199,299.9935913,28758.4375,28858.173828125,55.9692917480444,20.6234278853103,7.396941,0,0,0,40,4449,299.8834,28808.3056640625,,,,,,,,,,,,,0,,,,10.58244515,,,,,,299.9932556,,,,
,16776536.11,299.9929962,28703.5107421875,11.9229615454328,0.00113501756938061,1,0.999253354069792,40.0298881530762,2.00029396350884,19.2300006747246,65.1632032044245,11.8763891494023,250,-0.0364539765313449,11.9207054292787,0.0134423181945808,299.9929199,299.9930725,28648.583984375,28758.4375,55.8442311849674,20.6241835949789,9.256284,0,0,0,40,4449,299.8861,28703.5107421875,,,,,,,,,,,,,0,,,,10.5295868,,,,,,299.9929962,,,,
,16776537.18,299.9934387,28598.650390625,11.9205220086247,0.000595047162237657,1,0.999253354069792,40.0298881530762,2.0002499280218,19.2200001329184,65.1477366553468,11.8776642380567,250,-0.0357220646119639,11.9182630755799,0.0141644363021884,299.9930725,299.9938049,28548.716796875,28648.583984375,56.1670437634098,20.6266194054557,7.396941,0,0,0,40,4449,299.8879,28598.650390625,,,,,,,,,,,,,0,,,,10.3741441,,,,,,299.9934387,,,,
,16776538.25,299.99337765,28493.7236328125,11.9177856694098,0.000946031812934111,1,0.999253354069792,40.0298881530762,2.00028879099874,19.2200001329184,65.1345303629999,11.8723847857055,250,-0.0362232455053235,11.9155293346435,0.0136527433430399,299.9929504,299.9938049,28438.73046875,28548.716796875,56.1310888515252,20.6237705339438,7.396941,0,0,0,40,4449,299.8883,28493.7236328125,,,,,,,,,,,,,0,,,,10.2187014,,,,,,299.99337765,,,,
,16776539.395,299.9929657,28378.8193359375,11.9147891436966,0.000757406390603115,1,0.999253354069792,40.0298881530762,2.00027295120475,19.2200001329184,65.1175601798102,11.8697999833512,250,-0.0361248739790108,11.9125331108957,0.0137393318719051,299.9929504,299.992981,28318.908203125,28438.73046875,56.0169710877175,20.6241839111013,9.256284,0,0,0,40,4449,299.88945,28378.8193359375,,,,,,,,,,,,,0,,,,10.3741441,,,,,,299.9929657,,,,
,16776540.515,299.9927521,28263.9384765625,11.9127402309095,0.000537831593346804,1,0.999253354069792,40.0298881530762,2.00028856173394,19.2200001329184,65.1071988795691,11.8660101019299,250,-0.0364557555853653,11.9104860518119,0.0134003550712079,299.9925232,299.992981,28208.96875,28318.908203125,56.2014354182559,20.6248000380706,7.396941,0,0,0,40,4449,299.89245,28263.9384765625,,,,,,,,,,,,,0,,,,10.5295868,,,,,,299.9927521,,,,
,16776541.525,299.9931488,28164.0390625,11.9094783990936,0.000709097563443869,1,0.999253354069792,40.0298881530762,2.00021119932681,19.2200001329184,65.0860053511111,11.8672300645807,250,-0.0355460649540259,11.9072208608697,0.0142966105525915,299.9925232,299.9937744,28119.109375,28208.96875,56.1217093092944,20.6225182141027,9.256284,0,0,0,40,4449,299.89485,28164.0390625,,,,,,,,,,,,,0,,,,10.3741441,,,,,,299.9931488,,,,
,16776542.57,299.99269105,28059.251953125,11.9063505171848,0.00106040120196704,1,0.999253354069792,40.0298881530762,2.00027790521195,19.2200001329184,65.071468247366,11.8621200299195,250,-0.035973163714251,11.9040955154661,0.0138574000433166,299.9916077,299.9937744,27999.39453125,28119.109375,56.0732483411021,20.6230195580111,8.512546,0,0,0,40,4449,299.89495,28059.251953125,,,,,,,,,,,,,0,,,,10.48039105,,,,,,299.99269105,,,,
,16776543.725,299.9927521,27944.59375,11.9008545102196,0.00104188888970596,1,0.999253354069792,40.0298881530762,2.00029494121071,19.2200001329184,65.0421804848553,11.8556103199664,250,-0.0361646126608095,11.8986013247388,0.0136437212417493,299.9916077,299.9938965,27889.79296875,27999.39453125,56.1349969941213,20.6250432043887,8.512546,0,0,0,40,4449,299.8963,27944.59375,,,,,,,,,,,,,0,,,,10.48039105,,,,,,299.9927521,,,,
,16776544.805,299.993515,27839.861328125,11.8979727636357,0.000981370630802933,1,0.999253354069792,40.0298881530762,2.0003306178654,19.2200001329184,65.027478344411,11.8533812648154,250,-0.0360764941628966,11.8957194132427,0.013720229279474,299.9931335,299.9938965,27789.9296875,27889.79296875,56.1670437634098,20.6243849642898,9.256284,0,0,0,40,4449,299.89855,27839.861328125,,,,,,,,,,,,,0,,,,10.2187014,,,,,,299.993515,,,,
,16776545.87,299.9935913,27729.9375,11.8948905763785,0.000560985685345445,1,0.999253354069792,40.0298881530762,2.00030605272197,19.2200001329184,65.0100803049513,11.8489479821117,250,-0.0362917088830288,11.8926386138219,0.0134932486159485,299.9931335,299.9940491,27669.9453125,27789.9296875,56.0599606562752,20.6251715070337,9.256284,0,0,0,40,4449,299.89785,27729.9375,,,,,,,,,,,,,0,,,,10.2187014,,,,,,299.9935913,,,,
,16776546.9,299.9938202,27624.998046875,11.892746005464,0.000600034536737783,1,0.999253354069792,40.0298881530762,2.00033427785202,19.2200001329184,64.9989982805777,11.8483456588892,250,-0.0360347951194756,11.8904932395262,0.0137417888261993,299.9935913,299.9940491,27580.05078125,27669.9453125,56.2123782175252,20.6234808534039,9.256284,0,0,0,40,4449,299.89915,27624.998046875,,,,,,,,,,,,,0,,,,10.42700245,,,,,,299.9938202,,,,
,16776547.89,299.99354555,27525.130859375,11.8890022833873,0.00120305745243123,1,0.999253354069792,40.0298881530762,2.00027708169067,19.2200001329184,64.9767484833995,11.8441681403093,250,-0.0360454579038912,11.8867503966486,0.0137159132323662,299.9934998,299.9935913,27470.2109375,27580.05078125,55.9591305772944,20.6241977582004,7.396941,0,0,0,40,4449,299.90125,27525.130859375,,,,,,,,,,,,,0,,,,10.42700245,,,,,,299.99354555,,,,
,16776549.795,299.9936829,27335.40234375,11.886298163339,0.000868199018347313,1,0.999253354069792,40.0298881530762,2.00031115532446,19.2200001329184,64.9633820014764,11.8398653339064,250,-0.0363692724931412,11.8840479763494,0.0133823575473202,299.9936829,299.9936829,27330.341796875,27340.462890625,56.3444734372752,20.6233981071841,9.256284,0,0,0,40,4449,299.9019,27335.40234375,,,,,,,,,,,,,0,,,,10.2187014,,,,,,299.9936829,,,,
,16776550.395,299.9932251,27275.392578125,11.8824904536898,0.000854922033761348,1,0.999253354069792,40.0298881530762,2.0003032705529,19.2200001329184,64.9420033251533,11.8377491810763,250,-0.036042981574701,11.8802398135528,0.0136932624658349,299.9927673,299.9936829,27220.443359375,27330.341796875,56.1951823901021,20.6260260469307,8.884414,0,0,0,40,4449,299.9014,27275.392578125,,,,,,,,,,,,,0,,,,10.48039105,,,,,,299.9932251,,,,
,16776551.43,299.99253845,27175.607421875,11.880939811787,0.000966102909672585,1,0.999253354069792,40.0298881530762,2.00028767017078,19.2200001329184,64.9329684378254,11.8364800304313,250,-0.035972105895528,11.8786894213165,0.0137583571253007,299.9923096,299.9927673,27130.771484375,27220.443359375,56.1076399959482,20.6244995323739,9.256284,0,0,0,40,4449,299.9021,27175.607421875,,,,,,,,,,,,,0,,,,10.48039105,,,,,,299.99253845,,,,
,16776552.565,299.9923096,27060.8271484375,11.8746958283829,0.00102897300441159,1,0.999253354069792,40.0298881530762,2.00035796126485,19.2200001329184,64.9009574518958,11.8312508021372,250,-0.0358469478793803,11.8724461769697,0.0138584138629649,299.9923096,299.9923096,26990.8828125,27130.771484375,55.8840942394482,20.6249730926388,8.512546,0,0,0,40,4449,299.90175,27060.8271484375,,,,,,,,,,,,,0,,,,10.48039105,,,,,,299.9923096,,,,
,16776553.775,299.99224855,26935.9775390625,11.8724791482522,0.00104862993284627,1,0.999253354069792,40.0298881530762,2.00036284885956,19.2200001329184,64.8890216965067,11.8289337060262,250,-0.0358663802896308,11.8702299484481,0.0138308200457999,299.9921875,299.9923096,26881.072265625,26990.8828125,56.1123297670636,20.6242399947875,7.768809,0,0,0,40,4449,299.90155,26935.9775390625,,,,,,,,,,,,,0,,,,10.6886921,,,,,,299.99224855,,,,
,16776554.835,299.9923706,26831.1142578125,11.868399124082,0.000755857499942671,1,0.999253354069792,40.0298881530762,2.00035749495027,19.2200001329184,64.8668367945994,11.8233044159115,250,-0.0361353853173218,11.8661517615685,0.0135454293657044,299.9921875,299.9925537,26781.15625,26881.072265625,55.862990269429,20.6246661886874,7.396941,0,0,0,40,4449,299.9029,26831.1142578125,,,,,,,,,,,,,0,,,,10.42700245,,,,,,299.9923706,,,,
,16776555.93,299.99220275,26726.255859375,11.8661704253896,0.000849209055969276,1,0.999253354069792,40.0298881530762,2.00032327866874,19.2200001329184,64.8537316414418,11.8200394891071,250,-0.0362846512309868,11.8639241288947,0.0133877453997942,299.9918518,299.9925537,26671.35546875,26781.15625,56.2006537897367,20.6238748718471,9.256284,0,0,0,40,4449,299.903,26726.255859375,,,,,,,,,,,,,0,,,,10.2187014,,,,,,299.99220275,,,,
,16776557.04,299.9921417,26616.390625,11.8638068535063,0.000992553442771464,1,0.999253354069792,40.0298881530762,2.00028802619398,19.2200001329184,64.8397915550146,11.8169862800922,250,-0.0363689637792151,11.8615613415356,0.0132943324453223,299.9918518,299.9924316,26561.42578125,26671.35546875,56.0568341421982,20.6236638534721,8.512546,0,0,0,40,4449,299.90385,26616.390625,,,,,,,,,,,,,0,,,,10.48039105,,,,,,299.9921417,,,,
,16776558.1,299.9921875,26506.4755859375,11.8594983302274,0.00119066025629561,1,0.999253354069792,40.0298881530762,2.00037470341892,19.2200001329184,64.8181110566688,11.8178852455852,250,-0.0354980292985119,11.8572499142871,0.0141482226705882,299.9919434,299.9924316,26451.525390625,26561.42578125,56.279598270179,20.6256171221753,9.256284,0,0,0,40,4449,299.9027,26506.4755859375,,,,,,,,,,,,,0,,,,10.63583375,,,,,,299.9921875,,,,
,16776559.26,299.9916687,26391.57421875,11.857082819674,0.0010040131558637,1,0.999253354069792,40.0298881530762,2.00031274876082,19.2200001329184,64.8031820457677,11.8138883233248,250,-0.0357177341055018,11.8548359304804,0.0139196003520588,299.991394,299.9919434,26331.623046875,26451.525390625,56.0873176544482,20.6244790915643,8.512546,0,0,0,40,4449,299.90185,26391.57421875,,,,,,,,,,,,,0,,,,10.63583375,,,,,,299.9916687,,,,
,16776560.37,299.99241635,26281.73046875,11.8547591758661,0.00113849829904786,1,0.999253354069792,40.0298881530762,2.00039931236425,19.2200001329184,64.7941729508064,11.806895201021,250,-0.0366590690670192,11.8525162917898,0.012969559844653,299.991394,299.9934387,26231.837890625,26331.623046875,55.9388082357944,20.6242135752186,9.256284,0,0,0,40,4449,299.9024,26281.73046875,,,,,,,,,,,,,0,,,,10.7420807,,,,,,299.99241635,,,,
,16776561.32,299.99331665,26186.84765625,11.8510201986053,0.00090364635851994,1,0.999253354069792,40.0298881530762,2.00035803230016,19.2200001329184,64.7718186435568,11.8062383066201,250,-0.0360434618982362,11.8487750086882,0.0135703669571244,299.9931946,299.9934387,26141.857421875,26231.837890625,56.0185343447559,20.6245035186735,9.256284,0,0,0,40,4449,299.90155,26186.84765625,,,,,,,,,,,,,0,,,,10.7420807,,,,,,299.99331665,,,,
,16776562.36,299.99287415,26081.931640625,11.8487081732517,0.000881143125498806,1,0.999253354069792,40.0298881530762,2.00031582693957,19.2200001329184,64.7576087034574,11.8050000261572,250,-0.0357977083598975,11.8464625524809,0.0138070629621035,299.9925537,299.9931946,26022.005859375,26141.857421875,56.2334821875444,20.6229975068446,8.512546,0,0,0,40,4449,299.9027,26081.931640625,,,,,,,,,,,,,0,,,,10.6886921,,,,,,299.99287415,,,,
,16776563.5,299.9925995,25967.0419921875,11.8464273823979,0.000463955326059356,1,0.999253354069792,40.0298881530762,2.00031900363488,19.2200001329184,64.7453971883403,11.8019182936626,250,-0.0359433268214365,11.8441828594617,0.0136529148378984,299.9925537,299.9926453,25912.078125,26022.005859375,55.9614754628521,20.6239081871904,9.256284,0,0,0,40,4449,299.90265,25967.0419921875,,,,,,,,,,,,,0,,,,10.58244515,,,,,,299.9925995,,,,
,16776564.57,299.99372865,25862.1298828125,11.8425961864067,0.00107268669102882,1,0.999253354069792,40.0298881530762,2.00027935915535,19.2200001329184,64.7236184916562,11.7956401342154,250,-0.0363418016387576,11.8403534890916,0.0132398041005176,299.9926453,299.994812,25812.181640625,25912.078125,56.0380750577367,20.6237700539846,7.396941,0,0,0,40,4449,299.90045,25862.1298828125,,,,,,,,,,,,,0,,,,10.58244515,,,,,,299.99372865,,,,
,16776565.635,299.9941406,25757.265625,11.8367333259413,0.000845292124285415,1,0.999253354069792,40.0298881530762,2.00035406768874,19.2200001329184,64.6931334272772,11.7945238653404,250,-0.0355386640514387,11.8344881759904,0.0140192637450091,299.9934692,299.994812,25702.349609375,25812.181640625,56.0185343447559,20.6236104676255,8.512546,0,0,0,40,4449,299.89975,25757.265625,,,,,,,,,,,,,0,,,,10.58244515,,,,,,299.9941406,,,,
,16776566.765,299.99386595,25642.447265625,11.8330763125439,0.000966715840095982,1,0.999253354069792,40.0298881530762,2.0003590458186,19.2200001329184,64.6743285463569,11.7853792356338,250,-0.0365407650453504,11.8308361383754,0.0130028943100826,299.9934692,299.9942627,25582.544921875,25702.349609375,56.0122813166021,20.624047500307,7.396941,0,0,0,40,4449,299.90045,25642.447265625,,,,,,,,,,,,,0,,,,10.5295868,,,,,,299.99386595,,,,
,16776567.85,299.9934845,25532.6884765625,11.831030039856,0.000947284332688785,1,0.999253354069792,40.0298881530762,2.00036546565651,19.2200001329184,64.6632320587308,11.7839991966513,250,-0.0364217891454433,11.8287898504519,0.0131143175985928,299.9927063,299.9942627,25482.83203125,25582.544921875,56.2921043264867,20.6247590299452,7.396941,0,0,0,40,4449,299.8999,25532.6884765625,,,,,,,,,,,,,0,,,,10.5295868,,,,,,299.9934845,,,,
,16776568.955,299.99316405,25422.919921875,11.8286487919025,0.000958881154090119,1,0.999253354069792,40.0298881530762,2.00033040050235,19.2200001329184,64.6488026996786,11.7830985860137,250,-0.0361093500364041,11.8264078157603,0.0134177907949466,299.9927063,299.9936218,25363.0078125,25482.83203125,56.208470074929,20.6235153532307,7.396941,0,0,0,40,4449,299.8992,25422.919921875,,,,,,,,,,,,,0,,,,10.63583375,,,,,,299.99316405,,,,
,16776570.18,299.9937286,25298.107421875,11.8249986490877,0.00136483735743354,1,0.999253354069792,40.0298881530762,2.00032112867352,19.2200001329184,64.62865177282,11.7789096280444,250,-0.036190682797433,11.8227584055366,0.0133222584068599,299.9936218,299.9938354,25233.20703125,25363.0078125,56.0740299696213,20.6223055478955,9.256284,0,0,0,40,4449,299.89915,25298.107421875,,,,,,,,,,,,,0,,,,10.48039105,,,,,,299.9937286,,,,
,16776571.305,299.99389645,25188.1806640625,11.8223623429756,0.00103191413665376,1,0.999253354069792,40.0298881530762,2.00035804406599,19.2200001329184,64.6151240427113,11.7780086378838,250,-0.0359065706874188,11.8201212755486,0.0135962825492443,299.9938354,299.9939575,25143.154296875,25233.20703125,56.0451097144098,20.623098800107,8.884414,0,0,0,40,4449,299.89875,25188.1806640625,,,,,,,,,,,,,0,,,,10.48039105,,,,,,299.99389645,,,,
,16776572.415,299.9937744,25078.2939453125,11.8181170751359,0.000976728998445685,1,0.999253354069792,40.0298881530762,2.00029610424455,19.2200001329184,64.5893133549058,11.7769749866677,250,-0.0352446180069963,11.8158740492565,0.0142413818751182,299.9935913,299.9939575,25013.43359375,25143.154296875,56.1232725663329,20.6231444380425,7.396941,0,0,0,40,4449,299.8981,25078.2939453125,,,,,,,,,,,,,0,,,,10.63583375,,,,,,299.9937744,,,,
,16776573.615,299.99269105,24958.529296875,11.812541614891,0.000695866486994646,1,0.999253354069792,40.0298881530762,2.000394677664,19.2200001329184,64.5624297779047,11.7693697517528,250,-0.0357079262472796,11.8103020133895,0.0137560484295651,299.9917908,299.9935913,24903.625,25013.43359375,56.1592274782175,20.6246557217373,8.884414,0,0,0,40,4449,299.897,24958.529296875,,,,,,,,,,,,,0,,,,10.63583375,,,,,,299.99269105,,,,
,16776574.75,299.9924164,24848.66796875,11.8101125730652,0.000672633966180486,1,0.999253354069792,40.0298881530762,2.00032988359801,19.2200001329184,64.5472546096903,11.7658297808947,250,-0.0358385839559296,11.8078740352957,0.0136162499400398,299.9917908,299.993042,24793.7109375,24903.625,56.2600575571983,20.6228167982941,7.396941,0,0,0,40,4449,299.8966,24848.66796875,,,,,,,,,,,,,0,,,,10.48039105,,,,,,299.9924164,,,,
,16776575.8,299.993042,24743.8447265625,11.8063264199796,0.00117904558424841,1,0.999253354069792,40.0298881530762,1.99998702478104,19.2300006747246,64.5172174283247,11.7523366025215,250,-0.0372478244050966,11.8040942170906,0.0121920703979095,299.993042,299.993042,24693.978515625,24793.7109375,56.364014150256,20.6263380938174,7.396941,0,0,0,40,4449,299.8979,24743.8447265625,,,,,,,,,,,,,0,,,,10.2187014,,,,,,299.993042,,,,
,16776576.82,299.9932251,24639.0166015625,11.8043968505855,0.000905031750643139,1,0.999253354069792,40.0298881530762,1.99989267392644,19.2300006747246,64.5029981353644,11.753692751815,250,-0.0365434801149233,11.8021619394357,0.0128889374312438,299.993042,299.9934082,24584.0546875,24693.978515625,56.0177527162367,20.6321762450395,8.884414,0,0,0,40,4449,299.8986,24639.0166015625,,,,,,,,,,,,,0,,,,10.3741441,,,,,,299.9932251,,,,
,16776577.82,299.99316405,24539.1552734375,11.8007853457991,0.000762436926598094,1,0.999253354069792,40.0298881530762,2.00017980971845,19.2200001329184,64.4924256016411,11.7509978824938,250,-0.0366692328506412,11.7985516378595,0.0127489460697446,299.9929199,299.9934082,24494.255859375,24584.0546875,56.5492601093137,20.6267697577607,9.256284,0,0,0,40,4449,299.8985,24539.1552734375,,,,,,,,,,,,,0,,,,10.3741441,,,,,,299.99316405,,,,
,16776578.785,299.99349975,24444.3125,11.7976207584073,0.000862311656314072,1,0.999253354069792,40.0298881530762,1.99999987982489,19.2300006747246,64.4691960796027,11.7483267366394,250,-0.0363836943428811,11.7953862689994,0.0130220295355543,299.9929199,299.9940796,24394.369140625,24494.255859375,56.1537560785829,20.6297883119162,9.256284,0,0,0,40,4449,299.8982,24444.3125,,,,,,,,,,,,,0,,,,10.3741441,,,,,,299.99349975,,,,
,16776579.84,299.99365235,24339.45703125,11.7937166002827,0.00104457937541585,1,0.999253354069792,40.0298881530762,1.99994725524739,19.2200001329184,64.4458852347131,11.7458764855167,250,-0.036054195906568,11.7914813650194,0.0133360695609327,299.9932251,299.9940796,24284.544921875,24394.369140625,56.3272776098521,20.6301843737359,9.256284,0,0,0,40,4449,299.8978,24339.45703125,,,,,,,,,,,,,0,,,,10.3741441,,,,,,299.99365235,,,,
,16776580.885,299.9933777,24234.525390625,11.7916341387741,0.000829672715449841,1,0.999253354069792,40.0298881530762,2.00013089009658,19.2200001329184,64.4405241574987,11.743498541034,250,-0.0362968209217656,11.7894003759476,0.0130856710761579,299.9932251,299.9935303,24184.505859375,24284.544921875,56.1482846789482,20.6295704518328,9.256284,0,0,0,40,4449,299.8977,24234.525390625,,,,,,,,,,,,,0,,,,10.3741441,,,,,,299.9933777,,,,
,16776581.905,299.9934082,24129.6337890625,11.7882965974081,0.00104882606471753,1,0.999253354069792,40.0298881530762,2.00020363627249,19.2300006747246,64.4239746738447,11.7437906980377,250,-0.0357017300168492,11.7860609069506,0.0136677077364892,299.9932861,299.9935303,24074.76171875,24184.505859375,56.1826763337944,20.6266733950635,8.512546,0,0,0,40,4449,299.89685,24129.6337890625,,,,,,,,,,,,,0,,,,10.63583375,,,,,,299.9934082,,,,
,16776583.015,299.993927,24019.80859375,11.7843304435852,0.000766532852587017,1,0.999253354069792,40.0298881530762,2.00006800909211,19.2300006747246,64.3983593352623,11.7373468183464,250,-0.0360048913809536,11.7820965154842,0.0133488966216137,299.9932861,299.9945679,23964.85546875,24074.76171875,56.1303072230059,20.6270922667142,7.396941,0,0,0,40,4449,299.89695,24019.80859375,,,,,,,,,,,,,0,,,,10.7420807,,,,,,299.993927,,,,
,16776584.025,299.9948578,23920.0185546875,11.7818444052391,0.000847476399541627,1,0.999253354069792,40.0298881530762,2.00019324907041,19.2200001329184,64.389356561012,11.732051078642,250,-0.0366452173996712,11.7796131965687,0.0126989368413691,299.9945679,299.9951477,23875.181640625,23964.85546875,55.8497025846021,20.6273272194753,9.256284,0,0,0,40,4449,299.8979,23920.0185546875,,,,,,,,,,,,,0,,,,10.63583375,,,,,,299.9948578,,,,
,16776585.025,299.99461365,23820.255859375,11.7793906982259,0.000720486706972557,1,0.999253354069792,40.0298881530762,2.00024460258257,19.2200001329184,64.3771123103228,11.7323046211213,250,-0.0361984403448212,11.7771581414932,0.0131361988003959,299.9940796,299.9951477,23765.330078125,23875.181640625,56.1303072230059,20.6268829679831,7.396941,0,0,0,40,4449,299.8978,23820.255859375,,,,,,,,,,,,,0,,,,10.63583375,,,,,,299.99461365,,,,
,16776586.12,299.9942169,23710.39453125,11.7761379387729,0.000527183112910606,1,0.999253354069792,40.0298881530762,2.00027132820776,19.2200001329184,64.3598085300037,11.7311875673652,250,-0.0358289621124735,11.7739045567784,0.0134931377164029,299.9940796,299.9943542,23655.458984375,23765.330078125,56.330404123929,20.6252430459282,9.256284,0,0,0,40,4449,299.89655,23710.39453125,,,,,,,,,,,,,0,,,,10.48039105,,,,,,299.9942169,,,,
,16776587.08,299.9946136,23615.55859375,11.772906789615,0.000914023246109439,1,0.999253354069792,40.0298881530762,2.00024612031089,19.2300006747246,64.3415680206104,11.7266904907502,250,-0.0360274463914282,11.7706746539198,0.0132818726866525,299.9943542,299.994873,23575.658203125,23655.458984375,56.0412015718136,20.6266495141305,8.512546,0,0,0,40,4449,299.89695,23615.55859375,,,,,,,,,,,,,0,,,,10.3741441,,,,,,299.9946136,,,,
,16776588.065,299.9948425,23515.6845703125,11.7709057316682,0.000857799153375774,1,0.999253354069792,40.0298881530762,2.00032900827693,19.2200001329184,64.3338539108621,11.721802162985,250,-0.0366387488459159,11.7686763920718,0.0126630556270369,299.994812,299.994873,23455.7109375,23575.658203125,56.0638687988713,20.6249313287077,9.256284,0,0,0,40,4449,299.8974,23515.6845703125,,,,,,,,,,,,,0,,,,10.5295868,,,,,,299.9948425,,,,
,16776589.165,299.9944,23405.7822265625,11.7681173859963,0.000605983093603319,1,0.999253354069792,40.0298881530762,2.00038300370025,19.2300006747246,64.3201988819726,11.7199202873627,250,-0.0365226690277934,11.7658883231161,0.0127673664546645,299.993988,299.994812,23355.853515625,23455.7109375,55.9200491513328,20.6247560297253,8.512546,0,0,0,40,4449,299.90245,23405.7822265625,,,,,,,,,,,,,0,,,,10.58244515,,,,,,299.9944,,,,
,16776590.235,299.9937439,23300.953125,11.7646064440899,0.000751735125232977,1,0.999253354069792,40.0298881530762,2.0003760404163,19.2200001329184,64.3004797412747,11.7180733347739,250,-0.0362021994219501,11.7623770684686,0.0130727047257123,299.9934998,299.993988,23246.052734375,23355.853515625,56.0834095118521,20.624061309322,7.396941,0,0,0,40,4449,299.9088,23300.953125,,,,,,,,,,,,,0,,,,10.58244515,,,,,,299.9937439,,,,
,16776591.34,299.9930115,23191.1005859375,11.7613470849786,0.000407025599446951,1,0.999253354069792,40.0298881530762,2.00031790350884,19.2200001329184,64.2806482014136,11.7155609796007,250,-0.0359977225584735,11.7591177685749,0.0132641476239126,299.9925232,299.9934998,23136.1484375,23246.052734375,56.1021685963136,20.6232815837535,9.256284,0,0,0,40,4449,299.9101,23191.1005859375,,,,,,,,,,,,,0,,,,10.58244515,,,,,,299.9930115,,,,
,16776592.425,299.99261475,23080.859375,11.7567928256092,0.00106736376102996,1,0.999253354069792,40.0298881530762,2.00028749585047,19.2200001329184,64.254750020679,11.7111504674146,250,-0.0359301293246335,11.7545642095958,0.0133138272612717,299.9925232,299.9927063,23025.5703125,23136.1484375,56.3264959813329,20.6248352438573,7.396941,0,0,0,40,4449,299.90875,23080.859375,,,,,,,,,,,,,0,,,,10.6353035,,,,,,299.99261475,,,,
,16776593.445,299.99324035,22975.5625,11.7548698548424,0.000858436785815987,1,0.999253354069792,40.0298881530762,2.00026433032341,19.2200001329184,64.2443284440553,11.7047045663496,250,-0.0367307294702088,11.7526445845441,0.0125066696904373,299.9927063,299.9937744,22925.5546875,23025.5703125,56.262402442756,20.6250594471486,8.512546,0,0,0,40,4449,299.90635,22975.5625,,,,,,,,,,,,,0,,,,10.42700245,,,,,,299.99324035,,,,
,16776594.57,299.9936676,22865.6015625,11.7487237315569,0.000507163152498204,1,0.999253354069792,40.0298881530762,2.00028171927994,19.2200001329184,64.211456793507,11.6977319760253,250,-0.0368868293706609,11.7465000707071,0.0123259608075481,299.9935608,299.9937744,22805.6484375,22925.5546875,56.0638687988713,20.6253262134312,9.256284,0,0,0,40,4449,299.90535,22865.6015625,,,,,,,,,,,,,0,,,,10.26999905,,,,,,299.9936676,,,,
,16776595.79,299.9935608,22745.7607421875,11.7449138796274,0.000810515508649271,1,0.999253354069792,40.0298881530762,2.00030837211794,19.2200001329184,64.1900100073642,11.7019525912788,250,-0.0354367044240944,11.742684852001,0.0137610160397022,299.9935608,299.9935608,22685.873046875,22805.6484375,56.0873176544482,20.6239133436211,9.256284,0,0,0,40,4449,299.90435,22745.7607421875,,,,,,,,,,,,,0,,,,10.4783001,,,,,,299.9935608,,,,
,16776596.82,299.9939728,22640.8662109375,11.7425884202586,0.000619092702153743,1,0.999253354069792,40.0298881530762,2.0003521633782,19.2200001329184,64.1796196943241,11.6947553445313,250,-0.0363698610541678,11.7403634914519,0.0128193935236958,299.9935608,299.9943848,22595.859375,22685.873046875,56.1232725663329,20.6242895143604,8.512546,0,0,0,40,4449,299.9032,22640.8662109375,,,,,,,,,,,,,0,,,,10.6886921,,,,,,299.9939728,,,,
,16776597.83,299.9947052,22535.9169921875,11.7389063092693,0.000581910512601369,1,0.999253354069792,40.0298881530762,2.00033577278444,19.2200001329184,64.1587219963648,11.6923870091768,250,-0.0361047175899359,11.7366805857326,0.0130702615751269,299.9943848,299.9950256,22475.974609375,22595.859375,56.1201460522559,20.6242053499163,7.396941,0,0,0,40,4449,299.90145,22535.9169921875,,,,,,,,,,,,,0,,,,10.48039105,,,,,,299.9947052,,,,
,16776598.86,299.9946899,22431.0703125,11.7352188563191,0.00100694519750705,1,0.999253354069792,40.0298881530762,2.000333653433,19.2200001329184,64.1391513133684,11.6851983371779,250,-0.0367357182591998,11.7329964428138,0.0124248619236833,299.9943542,299.9950256,22386.166015625,22475.974609375,56.2397352156983,20.623733846698,7.396941,0,0,0,40,4449,299.90115,22431.0703125,,,,,,,,,,,,,0,,,,10.3741441,,,,,,299.9946899,,,,
,16776599.81,299.99389645,22336.193359375,11.7321199701885,0.000636228277816951,1,0.999253354069792,40.0298881530762,2.00033720165953,19.2200001329184,64.1218678871693,11.6846076127881,250,-0.0362736370470825,11.7298965334512,0.0128744926014928,299.9934387,299.9943542,22286.220703125,22386.166015625,56.2881961838906,20.624343176853,8.884414,0,0,0,40,4449,299.90195,22336.193359375,,,,,,,,,,,,,0,,,,10.5295868,,,,,,299.99389645,,,,
,16776600.915,299.9928589,22231.4033203125,11.7297376611617,0.000735322600173254,1,0.999253354069792,40.0298881530762,2.00037461221908,19.2200001329184,64.109989026954,11.682604835068,250,-0.0362385362121561,11.7275149214844,0.0129005335699021,299.9922791,299.9934387,22176.5859375,22286.220703125,56.3413469231983,20.624107715197,7.396941,0,0,0,40,4449,299.9016,22231.4033203125,,,,,,,,,,,,,0,,,,10.5295868,,,,,,299.9928589,,,,
,16776601.98,299.99247745,22126.6455078125,11.7243876190054,0.00123453943010166,1,0.999253354069792,40.0298881530762,2.00027199097125,19.2300006747246,64.0779312128147,11.6746030009536,250,-0.036605832622637,11.7221675435968,0.0125122031553382,299.9922791,299.9926758,22076.705078125,22176.5859375,56.0701218270252,20.6244113460957,7.396941,0,0,0,40,4449,299.8993,22126.6455078125,,,,,,,,,,,,,0,,,,10.63583375,,,,,,299.99247745,,,,
,16776603,299.99313355,22021.783203125,11.7200242726265,0.000936523494564721,1,0.999253354069792,40.0298881530762,2.00022760327692,19.2200001329184,64.0514389920137,11.6767868908857,250,-0.0353516663751313,11.7177994477896,0.0137488583505913,299.9926758,299.9935913,21966.861328125,22076.705078125,56.2178496171598,20.6283615179342,7.396941,0,0,0,40,4449,299.89845,22021.783203125,,,,,,,,,,,,,0,,,,10.7420807,,,,,,299.99313355,,,,
,16776604.17,299.993454,21906.9345703125,11.7166334330735,0.000544171842545356,1,0.999253354069792,40.0298881530762,2.00025647421043,19.2200001329184,64.0342803496916,11.6710208832533,250,-0.035809685646899,11.7144109724736,0.0132778187596499,299.9933167,299.9935913,21847.0078125,21966.861328125,56.2944492120444,20.6270012452832,8.512546,0,0,0,40,4449,299.89765,21906.9345703125,,,,,,,,,,,,,0,,,,10.63583375,,,,,,299.993454,,,,
,16776605.1,299.9933167,21812.134765625,11.7124795782354,0.000833309247907675,1,0.999253354069792,40.0298881530762,2.00013878043076,19.2200001329184,64.0094884730604,11.6576855736529,250,-0.037359439970206,11.7102644175077,0.0117119623971932,299.9933167,299.9933167,21777.26171875,21847.0078125,56.2842880412944,20.6283195656363,9.256284,0,0,0,40,4449,299.89655,21812.134765625,,,,,,,,,,,,,0,,,,10.5295868,,,,,,299.9933167,,,,
,16776606.015,299.99340825,21717.2421875,11.7089181676381,0.000748439742379798,1,0.999253354069792,40.0298881530762,2.00011933854486,19.2200001329184,63.9893022035772,11.6546556391972,250,-0.0372345288540304,11.7067030765882,0.0118228748756768,299.9933167,299.9934998,21657.22265625,21777.26171875,56.1224909378136,20.6294377820114,8.512546,0,0,0,40,4449,299.89565,21717.2421875,,,,,,,,,,,,,0,,,,10.5295868,,,,,,299.99340825,,,,
,16776607.155,299.99287415,21607.34375,11.705701697636,0.000813626548094062,1,0.999253354069792,40.0298881530762,2.00008509252093,19.2200001329184,63.9710396989051,11.6491971987606,250,-0.0376030167493714,11.7034889310977,0.0114420638205049,299.9922485,299.9934998,21557.46484375,21657.22265625,56.1467214219098,20.6273842328765,7.396941,0,0,0,40,4449,299.8947,21607.34375,,,,,,,,,,,,,0,,,,10.3741441,,,,,,299.99287415,,,,
,16776608.225,299.99246215,21502.5322265625,11.7026783581639,0.000807865008914695,1,0.999253354069792,40.0298881530762,2.00005632282644,19.2300006747246,63.9539985104165,11.6439905722597,250,-0.0379665661054023,11.7004678374878,0.0110666380015881,299.9922485,299.9926758,21447.599609375,21557.46484375,56.0263506299482,20.6289752483399,8.512546,0,0,0,40,4449,299.8954,21502.5322265625,,,,,,,,,,,,,0,,,,10.42700245,,,,,,299.99246215,,,,
,16776609.315,299.9923401,21392.7431640625,11.699387590685,0.000448758662091982,1,0.999253354069792,40.0298881530762,2.00007929937259,19.2200001329184,63.9354904598181,11.6475342136756,250,-0.0367325045720554,11.6971725184563,0.0122877367982228,299.9920044,299.9926758,21337.88671875,21447.599609375,56.0513627425636,20.6271566156091,8.512546,0,0,0,40,4449,299.89445,21392.7431640625,,,,,,,,,,,,,0,,,,10.6886921,,,,,,299.9923401,,,,
,16776610.525,299.99176025,21272.955078125,11.6920015373074,0.000547780980502796,1,0.999253354069792,40.0298881530762,2.00007184003768,19.2200001329184,63.894950672261,11.639840912721,250,-0.0367646061407685,11.6897882740183,0.0122254559582066,299.9915161,299.9920044,21208.0234375,21337.88671875,56.2311373019867,20.6249893482335,8.512546,0,0,0,40,4449,299.89555,21272.955078125,,,,,,,,,,,,,0,,,,10.48039105,,,,,,299.99176025,,,,
,16776611.74,299.9915466,21148.09375,11.6888750885823,0.000647738673903,1,0.999253354069792,40.0298881530762,2.00007433420559,19.2200001329184,63.8788902864579,11.6316330185979,250,-0.037691141170118,11.6866663536975,0.0112868456162848,299.9915161,299.9915771,21088.1640625,21208.0234375,56.1232725663329,20.6263909821994,8.512546,0,0,0,40,4449,299.89645,21148.09375,,,,,,,,,,,,,0,,,,10.3741441,,,,,,299.9915466,,,,
,16776612.81,299.9917755,21038.2490234375,11.6851684225755,0.000464345751115916,1,0.999253354069792,40.0298881530762,2.00014159252766,19.2200001329184,63.8608229022006,11.627801160071,250,-0.0377763459240815,11.6829605872381,0.0111872946913279,299.9915771,299.9919739,20988.333984375,21088.1640625,56.1795498197175,20.626245931439,8.512546,0,0,0,40,4449,299.895,21038.2490234375,,,,,,,,,,,,,0,,,,10.5295868,,,,,,299.9917755,,,,
,16776613.86,299.99136355,20933.3515625,11.6826032762903,0.000925329204560915,1,0.999253354069792,40.0298881530762,2.00017253283757,19.2200001329184,63.8479753567831,11.6243019548997,250,-0.0379743757269016,11.6803968836723,0.010979451608619,299.9907532,299.9919739,20878.369140625,20988.333984375,56.1107665100252,20.6277184377143,8.884414,0,0,0,40,4449,299.89475,20933.3515625,,,,,,,,,,,,,0,,,,10.5295868,,,,,,299.99136355,,,,
,16776614.885,299.99061585,20833.5126953125,11.6793380957111,0.000708363572206851,1,0.999253354069792,40.0298881530762,2.00013852164916,19.2200001329184,63.8291795552538,11.6202903542235,250,-0.0380690758008123,11.6771329994383,0.0108719811662209,299.9904785,299.9907532,20788.65625,20878.369140625,56.1912742475059,20.6260509957685,9.256284,0,0,0,40,4449,299.8943,20833.5126953125,,,,,,,,,,,,,0,,,,10.63583375,,,,,,299.99061585,,,,
,16776615.96,299.99041745,20728.689453125,11.6758693564399,0.000554442722227073,1,0.999253354069792,40.0298881530762,2.00017138353748,19.2300006747246,63.811197018128,11.6172806474257,250,-0.0380118342655045,11.673664729929,0.0109155109230698,299.9903564,299.9904785,20668.72265625,20788.65625,56.0998237107559,20.6266325683149,8.512546,0,0,0,40,4449,299.89435,20728.689453125,,,,,,,,,,,,,0,,,,10.6886921,,,,,,299.99041745,,,,
,16776617.095,299.99034115,20613.8271484375,11.6730939225287,0.00108386005671673,1,0.999253354069792,40.0298881530762,2.00019209278961,19.2300006747246,63.7970081976332,11.6128244214384,250,-0.0383354382663351,11.6708911610878,0.0105812562927679,299.9903259,299.9903564,20558.931640625,20668.72265625,56.157664221179,20.6265606964853,8.512546,0,0,0,40,4449,299.8944,20613.8271484375,,,,,,,,,,,,,0,,,,10.6353035,,,,,,299.99034115,,,,
,16776618.105,299.99111935,20514.001953125,11.6694861324373,0.00070036976940521,1,0.999253354069792,40.0298881530762,2.00009135783362,19.2200001329184,63.7732428804049,11.6135976785053,250,-0.0374211204523231,11.6672798724863,0.0114809474555263,299.9903259,299.9919128,20469.072265625,20558.931640625,56.177986562679,20.6252824465818,7.768809,0,0,0,40,4449,299.89505,20514.001953125,,,,,,,,,,,,,0,,,,10.6886921,,,,,,299.99111935,,,,
,16776619.21,299.9913635,20404.224609375,11.6659022996128,0.000595446739202166,1,0.999253354069792,40.0298881530762,2.00014591681455,19.2300006747246,63.7561629613556,11.60596381624,250,-0.0382115146111885,11.6636999023504,0.0106764412666535,299.9908142,299.9919128,20339.376953125,20469.072265625,56.1193644237367,20.6258964613329,8.884414,0,0,0,40,4449,299.89575,20404.224609375,,,,,,,,,,,,,0,,,,10.48039105,,,,,,299.9913635,,,,
,16776620.38,299.9914856,20284.3896484375,11.6634934160275,0.000477439922573891,1,0.999253354069792,40.0298881530762,2.00020933269808,19.2200001329184,63.745844442207,11.5991944171236,250,-0.0390709150591013,11.6612949553308,0.00980818562894286,299.9908142,299.992157,20229.40234375,20339.376953125,56.1920558760252,20.6274073786418,8.512546,0,0,0,40,4449,299.8952,20284.3896484375,,,,,,,,,,,,,0,,,,10.3741441,,,,,,299.9914856,,,,
,16776621.43,299.9911499,20179.49609375,11.6599497355374,0.000741342157671337,1,0.999253354069792,40.0298881530762,2.00021276346907,19.2200001329184,63.7266414407709,11.5953784833986,250,-0.0391167611303582,11.6577522603877,0.00974823226136636,299.9901428,299.992157,20129.58984375,20229.40234375,56.2459882438521,20.6275327508569,8.884414,0,0,0,40,4449,299.89575,20179.49609375,,,,,,,,,,,,,0,,,,10.3741441,,,,,,299.9911499,,,,
,16776622.535,299.9903259,20069.6904296875,11.6531090558529,0.000499539314098107,1,0.999253354069792,40.0298881530762,2.00016042814364,19.2200001329184,63.6881753575669,11.5853473208626,250,-0.0396314506583752,11.6509154181345,0.00920560893766028,299.9901428,299.990509,20009.791015625,20129.58984375,56.1248358233713,20.6281737014425,7.396941,0,0,0,40,4449,299.89705,20069.6904296875,,,,,,,,,,,,,0,,,,10.42700245,,,,,,299.9903259,,,,
,16776623.665,299.98986815,19954.83203125,11.6498487059521,0.000980459774292528,1,0.999253354069792,40.0298881530762,2.00022742304666,19.2200001329184,63.6714168128945,11.587980072377,250,-0.0386149625064991,11.6476515917441,0.0102090192001014,299.9892273,299.990509,19899.873046875,20009.791015625,56.1686070204483,20.6267872579853,8.512546,0,0,0,40,4449,299.8977,19954.83203125,,,,,,,,,,,,,0,,,,10.6353035,,,,,,299.98986815,,,,
,16776624.74,299.98988345,19849.896484375,11.6465050404749,0.000764709882776975,1,0.999253354069792,40.0298881530762,2.00024538868795,19.2200001329184,63.6538677960582,11.5838456241646,250,-0.038771284724164,11.6443091745149,0.0100395423451903,299.9892273,299.9905396,19799.919921875,19899.873046875,56.1146746526213,20.6277957586997,9.256284,0,0,0,40,4449,299.89775,19849.896484375,,,,,,,,,,,,,0,,,,10.58244515,,,,,,299.98988345,,,,
,16776625.805,299.99014285,19744.701171875,11.6433198029609,0.000469885902501142,1,0.999253354069792,40.0298881530762,2.00023031918557,19.2200001329184,63.6365810175069,11.5774087036487,250,-0.0393441241683459,11.6411268162455,0.00945405683364986,299.9897461,299.9905396,19689.482421875,19799.919921875,56.2506780149675,20.6271336615315,8.884414,0,0,0,40,4449,299.89905,19744.701171875,,,,,,,,,,,,,0,,,,10.3741441,,,,,,299.99014285,,,,
,16776626.93,299.9894409,19629.5654296875,11.6395059718284,0.000524769793598567,1,0.999253354069792,40.0298881530762,2.00019068759234,19.2200001329184,63.6138246822071,11.5770847813647,250,-0.0386561123219416,11.6373111053386,0.010126697603109,299.9891357,299.9897461,19569.6484375,19689.482421875,56.2639656997944,20.6269772009003,9.256284,0,0,0,40,4449,299.8999,19629.5654296875,,,,,,,,,,,,,0,,,,10.3741441,,,,,,299.9894409,,,,
,16776627.93,299.9891357,19529.6484375,11.6360668244234,0.00112200480517066,1,0.999253354069792,40.0298881530762,2.00018574504481,19.2200001329184,63.5950345634502,11.5727792698386,250,-0.0388025348543006,11.6338733102846,0.00996683800599035,299.9891357,299.9891357,19489.6484375,19569.6484375,56.1506295645059,20.626736774972,8.884414,0,0,0,40,4449,299.8991,19529.6484375,,,,,,,,,,,,,0,,,,10.58244515,,,,,,299.9891357,,,,
,16776629.79,299.9889221,19344.8837890625,11.632978534318,0.000568846119784439,1,0.999253354069792,40.0298881530762,2.00026065889411,19.2200001329184,63.5811207261991,11.5666583744157,250,-0.0394290499845075,11.630788249176,0.00932871890094852,299.9889221,299.9889221,19329.9140625,19359.853515625,56.1795498197175,20.6268156570078,7.768809,0,0,0,40,4449,299.9004,19344.8837890625,,,,,,,,,,,,,0,,,,10.5295868,,,,,,299.9889221,,,,
,16776630.51,299.9889221,19269.9404296875,11.626363324716,0.000323352543260043,1,0.999253354069792,40.0298881530762,2.00024099384387,19.2200001329184,63.5442341313175,11.5606244865712,250,-0.0392873580546381,11.6241737344039,0.00944320335958594,299.9889221,299.9889221,19209.966796875,19329.9140625,56.282724784256,20.6265114131624,8.512546,0,0,0,40,4449,299.90065,19269.9404296875,,,,,,,,,,,,,0,,,,10.5295868,,,,,,299.9889221,,,,
,16776631.695,299.98919675,19155.0234375,11.6223916248991,0.000683775292045748,1,0.999253354069792,40.0298881530762,2.0002022479433,19.2200001329184,63.5209567330772,11.5584497940214,250,-0.0389098633372357,11.6202010642488,0.00980477723559707,299.9889221,299.9894714,19100.080078125,19209.966796875,56.1756416771213,20.6265095808313,7.768809,0,0,0,40,4449,299.9012,19155.0234375,,,,,,,,,,,,,0,,,,10.63583375,,,,,,299.98919675,,,,
,16776632.775,299.98934935,19050.103515625,11.6190977157751,0.000976665669448313,1,0.999253354069792,40.0298881530762,2.00015138756878,19.2200001329184,63.5020186451857,11.5514411017292,250,-0.0395304883283672,11.6169102956798,0.009171136299622,299.9892273,299.9894714,19000.126953125,19100.080078125,56.3577611221021,20.626419446992,8.512546,0,0,0,40,4449,299.90205,19050.103515625,,,,,,,,,,,,,0,,,,10.7420807,,,,,,299.98934935,,,,
,16776633.9,299.9889679,18935.3251953125,11.6158930434729,0.000559361354687271,1,0.999253354069792,40.0298881530762,2.0001390664391,19.2200001329184,63.4837325695389,11.5502935175624,250,-0.0391345562641001,11.6137046955547,0.00955442156678019,299.9887085,299.9892273,18870.5234375,19000.126953125,56.1467214219098,20.627362323831,8.884414,0,0,0,40,4449,299.90225,18935.3251953125,,,,,,,,,,,,,0,,,,10.5316887,,,,,,299.9889679,,,,
,16776635.025,299.98883055,18820.59375,11.6126025563441,0.000726439649065175,1,0.999253354069792,40.0298881530762,2.00020866812092,19.2200001329184,63.4683761689085,11.5448552514257,250,-0.0395926591102652,11.6104167727595,0.00908348323945169,299.9887085,299.9889526,18770.6640625,18870.5234375,56.2155047316021,20.626881842618,7.396941,0,0,0,40,4449,299.90245,18820.59375,,,,,,,,,,,,,0,,,,10.5316887,,,,,,299.98883055,,,,
,16776636.025,299.98857115,18720.740234375,11.6089601594374,0.000570256903630885,1,0.999253354069792,40.0298881530762,2.00020429565062,19.2200001329184,63.4485777469954,11.5398940530484,250,-0.0398217741626378,11.606776120453,0.0088398359303333,299.9881897,299.9889526,18670.81640625,18770.6640625,56.1795498197175,20.626432772809,9.256284,0,0,0,40,4449,299.90295,18720.740234375,,,,,,,,,,,,,0,,,,10.7420807,,,,,,299.98857115,,,,
,16776637.11,299.98880005,18615.8505859375,11.6056495359897,0.000731616142184099,1,0.999253354069792,40.0298881530762,2.00017366722808,19.2200001329184,63.4290042525509,11.5392980621673,250,-0.0392862493432978,11.6034637509475,0.00936216920069447,299.9881897,299.9894104,18560.884765625,18670.81640625,56.1904926189867,20.6266900405169,8.512546,0,0,0,40,4449,299.9031,18615.8505859375,,,,,,,,,,,,,0,,,,10.48039105,,,,,,299.98880005,,,,
,16776638.19,299.988678,18510.923828125,11.6019547907131,0.00118540244911786,1,0.999253354069792,40.0298881530762,2.00020263411436,19.2300006747246,63.4097213563406,11.5357058335506,250,-0.0392892343145272,11.5997697643152,0.00934428007293341,299.9879456,299.9894104,18460.962890625,18560.884765625,56.1217093092944,20.6270527138641,7.396941,0,0,0,40,4449,299.90435,18510.923828125,,,,,,,,,,,,,0,,,,10.26999905,,,,,,299.988678,,,,
,16776639.21,299.98777775,18406.0908203125,11.5984436122676,0.000629150208121373,1,0.999253354069792,40.0298881530762,2.00015981623987,19.2200001329184,63.3894495248449,11.5306838687798,250,-0.0395144572018773,11.5962605474316,0.00910522428911765,299.9876099,299.9879456,18351.21875,18460.962890625,56.1514111930252,20.626614991162,8.512546,0,0,0,40,4449,299.90425,18406.0908203125,,,,,,,,,,,,,0,,,,10.4783001,,,,,,299.98777775,,,,
,16776640.195,299.98739625,18306.2529296875,11.5955796086042,0.000350402687173995,1,0.999253354069792,40.0298881530762,2.00024013284153,19.2200001329184,63.3766194173282,11.5264461577539,250,-0.0398423705918589,11.5933986161266,0.00876585475727806,299.9871826,299.9876099,18261.287109375,18351.21875,56.2842880412944,20.6282099938707,8.512546,0,0,0,40,4449,299.9058,18306.2529296875,,,,,,,,,,,,,0,,,,10.58244515,,,,,,299.98739625,,,,
,16776641.11,299.9874878,18216.349609375,11.5916212323184,0.000641787120153075,1,0.999253354069792,40.0298881530762,2.00021577738642,19.2200001329184,63.3546102930971,11.5203354862098,250,-0.0402025445553856,11.589442468774,0.00838962328569729,299.9871826,299.987793,18171.412109375,18261.287109375,56.1865844763906,20.626569853104,8.884414,0,0,0,40,4449,299.90705,18216.349609375,,,,,,,,,,,,,0,,,,10.58244515,,,,,,299.9874878,,,,
,16776642.165,299.9875336,18111.6103515625,11.5882999980605,0.000703126840219163,1,0.999253354069792,40.0298881530762,2.00023512899678,19.2200001329184,63.3367554442739,11.5187566080188,250,-0.0398966160542545,11.5861205138372,0.00868254614001245,299.9872742,299.987793,18051.80859375,18171.412109375,56.3350938950444,20.627528754243,9.256284,0,0,0,40,4449,299.9062,18111.6103515625,,,,,,,,,,,,,0,,,,10.42700245,,,,,,299.9875336,,,,
,16776643.12,299.9872742,18016.861328125,11.5847458126805,0.000762938030028146,1,0.999253354069792,40.0298881530762,2.00022267045253,19.2200001329184,63.316908475235,11.5153551101238,250,-0.039847916845778,11.5825669200712,0.00871671023057511,299.9872742,299.9872742,17981.9140625,18051.80859375,56.1154562811405,20.6267454615192,9.256284,0,0,0,40,4449,299.9081,18016.861328125,,,,,,,,,,,,,0,,,,10.26999905,,,,,,299.9872742,,,,
,16776644.05,299.9878693,17921.9599609375,11.5815412179122,0.000912153204746415,1,0.999253354069792,40.0298881530762,2.00010287642362,19.2200001329184,63.2962454044559,11.5085380261671,250,-0.0403793718093271,11.5793648869709,0.00817258027995868,299.9872742,299.9884644,17862.005859375,17981.9140625,56.0099364310444,20.6280590684831,7.396941,0,0,0,40,4449,299.90855,17921.9599609375,,,,,,,,,,,,,0,,,,10.5316887,,,,,,299.9878693,,,,
,16776645.235,299.9878998,17802.1064453125,11.5777537019711,0.00057508385364393,1,0.999253354069792,40.0298881530762,2.00005023236216,19.2300006747246,63.2735834684279,11.5063027490389,250,-0.0400333643174074,11.5755765718918,0.00850374201965446,299.9873352,299.9884644,17742.20703125,17862.005859375,56.0286955155059,20.6252642851083,8.884414,0,0,0,40,4449,299.90765,17802.1064453125,,,,,,,,,,,,,0,,,,10.7420807,,,,,,299.9878998,,,,
,16776646.285,299.9868622,17697.2265625,11.5751038196644,0.000645855163582329,1,0.999253354069792,40.0298881530762,2.00006514487542,19.2200001329184,63.2591143911888,11.5061753062983,250,-0.0395812620865732,11.5729257240739,0.00894517896951041,299.9863892,299.9873352,17652.24609375,17742.20703125,56.167825391929,20.6282798589799,7.396941,0,0,0,40,4449,299.9091,17697.2265625,,,,,,,,,,,,,0,,,,10.7420807,,,,,,299.9868622,,,,
,16776647.285,299.98728945,17597.28125,11.5710098368986,0.00113993235975585,1,0.999253354069792,40.0298881530762,2.00007752973972,19.2200001329184,63.2377399708184,11.4988359731207,250,-0.0401790104191154,11.5688348554839,0.00833079903810074,299.9863892,299.9881897,17542.31640625,17652.24609375,56.0920074255636,20.6273709131191,8.512546,0,0,0,40,4449,299.911,17597.28125,,,,,,,,,,,,,0,,,,10.7420807,,,,,,299.98728945,,,,
,16776648.445,299.9870453,17482.466796875,11.5643075824127,0.000755082487790902,1,0.999253354069792,40.0298881530762,2.00017423512764,19.2200001329184,63.2039202518841,11.4936306838647,250,-0.0399893986449191,11.5621331822025,0.00849319190722919,299.9859009,299.9881897,17422.6171875,17542.31640625,56.2155047316021,20.6269174338693,8.512546,0,0,0,40,4449,299.91085,17482.466796875,,,,,,,,,,,,,0,,,,10.7420807,,,,,,299.9870453,,,,
,16776649.64,299.98643495,17362.78125,11.5603845878018,0.00048891416137268,1,0.999253354069792,40.0298881530762,2.00019677801946,19.2200001329184,63.1834685691364,11.4882692975394,250,-0.0402686079999572,11.5582122334875,0.00819950875558515,299.9859009,299.986969,17302.9453125,17422.6171875,56.1162379096598,20.6268203152307,8.512546,0,0,0,40,4449,299.90565,17362.78125,,,,,,,,,,,,,0,,,,10.79600575,,,,,,299.98643495,,,,
,16776650.755,299.98661805,17253.0234375,11.5573176144232,0.000461461535020633,1,0.999253354069792,40.0298881530762,2.00021941486309,19.2200001329184,63.1671238832486,11.4868451966714,250,-0.0399855422202651,11.5551444537367,0.0084714010402972,299.9862671,299.986969,17203.1015625,17302.9453125,56.2577126716406,20.6279225842785,8.884414,0,0,0,40,4449,299.90095,17253.0234375,,,,,,,,,,,,,0,,,,10.6897588,,,,,,299.98661805,,,,
,16776652.645,299.9860229,17063.2626953125,11.5535664257652,0.00083809057250438,1,0.999253354069792,40.0298881530762,2.00013711421206,19.2200001329184,63.144421387157,11.4808675913204,250,-0.040301493146717,11.5513954711861,0.00814119543865869,299.9860229,299.9860229,17053.2265625,17073.298828125,56.1435949078329,20.6277081162059,7.396941,0,0,0,40,4449,299.9012,17063.2626953125,,,,,,,,,,,,,0,,,,10.7420807,,,,,,299.9860229,,,,
,16776653.29,299.9863281,16998.29296875,11.5501042561555,0.000559185506232226,1,0.999253354069792,40.0298881530762,2.00020704942962,19.2200001329184,63.1279198642447,11.4763629872502,250,-0.040556000411666,11.5479349254065,0.00787237899055747,299.9860229,299.9866333,16943.359375,17053.2265625,56.2147231030829,20.6263903113586,8.512546,0,0,0,40,4449,299.903,16998.29296875,,,,,,,,,,,,,0,,,,10.6886921,,,,,,299.9863281,,,,
,16776654.26,299.9871063,16903.423828125,11.546727976092,0.000838379711534255,1,0.999253354069792,40.0298881530762,2.00014076650165,19.2200001329184,63.107176441006,11.4739830654241,250,-0.0402983317956624,11.5445578633209,0.0081164228542578,299.9866333,299.9875793,16863.48828125,16943.359375,56.3264959813329,20.6271524318613,8.512546,0,0,0,40,4449,299.90375,16903.423828125,,,,,,,,,,,,,0,,,,10.58244515,,,,,,299.9871063,,,,
,16776655.235,299.9869232,16803.5419921875,11.5433875732294,0.000848840231817387,1,0.999253354069792,40.0298881530762,2.00016401506474,19.2200001329184,63.0892962199991,11.4726195120871,250,-0.0399530658411833,11.5412167043182,0.00844829131528017,299.9862671,299.9875793,16743.595703125,16863.48828125,56.0888809114867,20.6265952589874,8.512546,0,0,0,40,4449,299.9042,16803.5419921875,,,,,,,,,,,,,0,,,,10.5295868,,,,,,299.9869232,,,,
,16776656.425,299.9865265,16683.6572265625,11.5358170598507,0.000890899516000944,1,0.999253354069792,40.0298881530762,2.00019239024417,19.2200001329184,63.0491296413824,11.4634374411471,250,-0.04025997190054,11.5336491318894,0.00811022216750631,299.9862671,299.9867859,16623.71875,16743.595703125,56.4187281466021,20.6261762049567,7.396941,0,0,0,40,4449,299.9063,16683.6572265625,,,,,,,,,,,,,0,,,,10.58244515,,,,,,299.9865265,,,,
,16776657.635,299.9865265,16563.798828125,11.532477364938,0.000767944313447682,1,0.999253354069792,40.0298881530762,2.00019996086349,19.2200001329184,63.0313806704803,11.4586945271775,250,-0.0405173677048088,11.5303111385326,0.00783945487203794,299.9862671,299.9867859,16503.87890625,16623.71875,55.9692917480444,20.6276634998475,8.512546,0,0,0,40,4449,299.90805,16563.798828125,,,,,,,,,,,,,0,,,,10.6886921,,,,,,299.9865265,,,,
,16776658.735,299.98625185,16453.591796875,11.5291495255973,0.000983940492177503,1,0.999253354069792,40.0298881530762,2.00019231521233,19.2200001329184,63.0129331655478,11.4554777161526,250,-0.0404821263621334,11.5269838782954,0.00786142143868598,299.9862366,299.9862671,16403.3046875,16503.87890625,56.1435949078329,20.6252301923609,9.256284,0,0,0,40,4449,299.90885,16453.591796875,,,,,,,,,,,,,0,,,,10.7420807,,,,,,299.98625185,,,,
,16776659.8,299.9871521,16348.3618164062,11.5252149089548,0.000708593570368786,1,0.999253354069792,40.0298881530762,2.00019788464891,19.2200001329184,62.9916653741958,11.4512295498943,250,-0.0405366968721605,11.5230498330636,0.00779113474107122,299.9862366,299.9880676,16293.4189453125,16403.3046875,56.0748115981406,20.6261096675327,8.512546,0,0,0,40,4449,299.909,16348.3618164062,,,,,,,,,,,,,0,,,,10.7420807,,,,,,299.9871521,,,,
,16776660.91,299.9872284,16238.4326171875,11.5217226115994,0.000435094229927472,1,0.999253354069792,40.0298881530762,2.00020332010265,19.2200001329184,62.973417866351,11.4441579231651,250,-0.0411899058648656,11.5195608992892,0.00712395290790125,299.9863892,299.9880676,16183.4462890625,16293.4189453125,56.2037803038136,20.6254764057894,7.396941,0,0,0,40,4449,299.91055,16238.4326171875,,,,,,,,,,,,,0,,,,10.7420807,,,,,,299.9872284,,,,
,16776661.925,299.98588565,16133.4809570313,11.5186249325062,0.00081919403221797,1,0.999253354069792,40.0298881530762,2.00022033756593,19.2200001329184,62.9563959336755,11.444499091783,250,-0.0405711275068292,11.516461767338,0.00773022131120806,299.9853821,299.9863892,16083.515625,16183.4462890625,56.3749569495252,20.6263546737007,7.396941,0,0,0,40,4449,299.91155,16133.4809570313,,,,,,,,,,,,,0,,,,10.5316887,,,,,,299.98588565,,,,
,16776663.02,299.9862671,16023.5854492187,11.5148312274475,0.000562806262836157,1,0.999253354069792,40.0298881530762,2.00023271567526,19.2200001329184,62.9358740546678,11.4416904136835,250,-0.0403951383018799,11.5126678703734,0.00789091701417489,299.9853821,299.9871521,15963.6552734375,16083.515625,56.1389051367175,20.6254258275361,9.256284,0,0,0,40,4449,299.9125,16023.5854492187,,,,,,,,,,,,,0,,,,10.3212967,,,,,,299.9862671,,,,
,16776664.235,299.986557,15903.7299804687,11.511215726547,0.00043793270851863,1,0.999253354069792,40.0298881530762,2.00022006234863,19.2200001329184,62.9159247877778,11.4369453491077,250,-0.0405810024211489,11.5090537129372,0.00769041538645521,299.9859619,299.9871521,15843.8046875,15963.6552734375,56.1975272756598,20.625626097889,9.256284,0,0,0,40,4449,299.9147,15903.7299804687,,,,,,,,,,,,,0,,,,10.4783001,,,,,,299.986557,,,,
,16776665.285,299.9859619,15798.884765625,11.508068992136,0.000419334038797969,1,0.999253354069792,40.0298881530762,2.00020174219238,19.2200001329184,62.8985106200759,11.4318552037758,250,-0.040911564477421,11.5059091807658,0.00734751499290205,299.9859619,299.9859619,15753.96484375,15843.8046875,56.3671406643329,20.6261027380762,9.256284,0,0,0,40,4449,299.9147,15798.884765625,,,,,,,,,,,,,0,,,,10.4783001,,,,,,299.9859619,,,,
,16776666.295,299.9861145,15699.1577148438,11.5039656651824,0.000506965726674959,1,0.999253354069792,40.0298881530762,2.0001458850724,19.2200001329184,62.873754211875,11.4307950073186,250,-0.040288759773073,11.5018039203837,0.00795393703892614,299.9859619,299.9862671,15644.3505859375,15753.96484375,56.1435949078329,20.6254772005029,7.768809,0,0,0,40,4449,299.91365,15699.1577148438,,,,,,,,,,,,,0,,,,10.26999905,,,,,,299.9861145,,,,
,16776667.415,299.98646545,15584.4145507813,11.4964055502476,0.000884686365754128,1,0.999253354069792,40.0298881530762,2.00019873346395,19.2200001329184,62.835379692765,11.416418397563,250,-0.0415734846548504,11.4942505205138,0.00663835739036909,299.9862671,299.9866638,15524.478515625,15644.3505859375,56.231918930506,20.625728355318,9.256284,0,0,0,40,4449,299.9151,15584.4145507813,,,,,,,,,,,,,0,,,,10.42700245,,,,,,299.98646545,,,,
,16776668.585,299.98664855,15464.5288085938,11.4933136143198,0.000642075276554425,1,0.999253354069792,40.0298881530762,2.00016436529331,19.2200001329184,62.8163389992983,11.4190261478802,250,-0.040488427169996,11.4911545143209,0.00771097482503472,299.9866333,299.9866638,15404.5791015625,15524.478515625,56.1631356208136,20.6246540298388,9.256284,0,0,0,40,4449,299.9159,15464.5288085938,,,,,,,,,,,,,0,,,,10.4783001,,,,,,299.98664855,,,,
,16776669.74,299.9864502,15354.6904296875,11.4898817635975,0.000740755622812731,1,0.999253354069792,40.0298881530762,2.00020883511702,19.2200001329184,62.7994026043916,11.4133872561451,250,-0.0409304345287429,11.4877252338922,0.00725533498242521,299.9862671,299.9866333,15304.8017578125,15404.5791015625,56.1561009641406,20.6255665386762,7.768809,0,0,0,40,4449,299.9167,15354.6904296875,,,,,,,,,,,,,0,,,,10.3212967,,,,,,299.9864502,,,,
,16776670.83,299.98684695,15249.833984375,11.4864502319905,0.000699957186435795,1,0.999253354069792,40.0298881530762,2.00020035445297,19.2200001329184,62.7804849464819,11.4094001358611,250,-0.0410160205490896,11.4842945340882,0.00715595931938561,299.9862671,299.9874268,15194.8662109375,15304.8017578125,56.2733452420252,20.6262782404293,8.512546,0,0,0,40,4449,299.91775,15249.833984375,,,,,,,,,,,,,0,,,,10.4783001,,,,,,299.98684695,,,,
,16776671.825,299.98750305,15149.8969726562,11.4819464745709,0.000346923845542033,1,0.999253354069792,40.0298881530762,2.00012654045929,19.2200001329184,62.7535107372211,11.4050511780644,250,-0.0409025188036214,11.4797908830883,0.00725111604053826,299.9874268,299.9875793,15104.927734375,15194.8662109375,56.3014838687175,20.6229674720049,8.512546,0,0,0,40,4449,299.9187,15149.8969726562,,,,,,,,,,,,,0,,,,10.58244515,,,,,,299.98750305,,,,
,16776672.86,299.9875183,15045.0009765625,11.4785840823079,0.00100456423237739,1,0.999253354069792,40.0298881530762,2.00021015959577,19.2200001329184,62.7375009741007,11.4031954175793,250,-0.040704562660601,11.4764282718196,0.0074356169598603,299.9874573,299.9875793,14985.07421875,15104.927734375,56.3085185253906,20.6250469282929,8.512546,0,0,0,40,4449,299.9192,15045.0009765625,,,,,,,,,,,,,0,,,,10.42544175,,,,,,299.9875183,,,,
,16776674.03,299.9875183,14925.1508789062,11.4750924982761,0.000603646069128519,1,0.999253354069792,40.0298881530762,2.00016974195155,19.2200001329184,62.7181036107822,11.3945294979253,250,-0.04160354950099,11.472941076757,0.00652311659027984,299.9874573,299.9875793,14865.2275390625,14985.07421875,56.3366571520829,20.6241034957569,8.884414,0,0,0,40,4449,299.9189,14925.1508789062,,,,,,,,,,,,,0,,,,10.42544175,,,,,,299.9875183,,,,
,16776675.095,299.98738095,14820.3720703125,11.4718049455729,0.000688307271280859,1,0.999253354069792,40.0298881530762,2.0002154382711,19.2200001329184,62.7009068685715,11.3948875167585,250,-0.040975400521819,11.4696515641696,0.00713789069735965,299.9871826,299.9875793,14775.5166015625,14865.2275390625,56.177986562679,20.6251578527375,7.396941,0,0,0,40,4449,299.92015,14820.3720703125,,,,,,,,,,,,,0,,,,10.63583375,,,,,,299.98738095,,,,
,16776676.19,299.98695375,14715.6103515625,11.4679690470512,0.000822871552860662,1,0.999253354069792,40.0298881530762,2.00022963065254,19.2200001329184,62.6799917907491,11.3932249317717,250,-0.0405835567951305,11.4658149250786,0.00751416348807961,299.9867249,299.9871826,14655.7041015625,14775.5166015625,56.1084216244675,20.6247257284881,8.884414,0,0,0,40,4449,299.9211,14715.6103515625,,,,,,,,,,,,,0,,,,10.6886921,,,,,,299.98695375,,,,
,16776677.4,299.98669435,14595.736328125,11.4641358806861,0.000475748600883041,1,0.999253354069792,40.0298881530762,2.00021039223624,19.2200001329184,62.6593871669846,11.3842761263836,250,-0.0414924802946733,11.4619863749746,0.00659022457743549,299.9866638,299.9867249,14535.7685546875,14655.7041015625,56.1975272756598,20.6249386110973,8.884414,0,0,0,40,4449,299.92115,14595.736328125,,,,,,,,,,,,,0,,,,10.6353035,,,,,,299.98669435,,,,
,16776678.47,299.98742675,14485.8896484375,11.4606503536893,0.000671743167877925,1,0.999253354069792,40.0298881530762,2.00023023568101,19.2300006747246,62.6410455943106,11.3803546886706,250,-0.0415851725838965,11.4585015422096,0.00648391338379875,299.9866638,299.9881897,14436.0107421875,14535.7685546875,56.1318704800444,20.6251789231391,7.396941,0,0,0,40,4449,299.92025,14485.8896484375,,,,,,,,,,,,,0,,,,10.6886921,,,,,,299.98742675,,,,
,16776679.495,299.98794555,14381.078125,11.4565344076282,0.000594865944220256,1,0.999253354069792,40.0298881530762,2.00014786161644,19.2200001329184,62.6155074956783,11.3786484291697,250,-0.0410513755759209,11.4543839071171,0.00700104520192468,299.9877014,299.9881897,14326.1455078125,14436.0107421875,56.3061736398329,20.6238632348468,8.512546,0,0,0,40,4449,299.9206,14381.078125,,,,,,,,,,,,,0,,,,10.63583375,,,,,,299.98794555,,,,
,16776680.635,299.9875488,14266.1591796875,11.449295211946,0.000497675900797501,1,0.999253354069792,40.0298881530762,2.00021598829503,19.2200001329184,62.5779090055713,11.3724343105567,250,-0.0409165474123941,11.4471457218206,0.00710612183477191,299.9873962,299.9877014,14206.1728515625,14326.1455078125,56.1185827952175,20.6242981570842,8.512546,0,0,0,40,4449,299.9217,14266.1591796875,,,,,,,,,,,,,0,,,,10.58244515,,,,,,299.9875488,,,,
,16776681.725,299.98712155,14156.2651367188,11.4451908517918,0.000916200415509551,1,0.999253354069792,40.0298881530762,2.00015444904068,19.2200001329184,62.5548116466755,11.3614857819032,250,-0.0420983259499243,11.4430472628099,0.00590808944048608,299.9868469,299.9873962,14106.357421875,14206.1728515625,56.249114757929,20.6239089742314,8.512546,0,0,0,40,4449,299.92215,14156.2651367188,,,,,,,,,,,,,0,,,,10.6886921,,,,,,299.98712155,,,,
,16776682.81,299.9870758,14051.5102539062,11.4413028641604,0.000308273259607326,1,0.999253354069792,40.0298881530762,2.00019403578648,19.2200001329184,62.5347131745431,11.358138686801,250,-0.0420310924502177,11.4391597274457,0.00595978805982266,299.9868469,299.9873047,13996.6630859375,14106.357421875,56.3413469231983,20.6248376587708,8.512546,0,0,0,40,4449,299.92205,14051.5102539062,,,,,,,,,,,,,0,,,,10.5316887,,,,,,299.9870758,,,,
,16776683.96,299.98788455,13936.7265625,11.4377063315014,0.000567528178659477,1,0.999253354069792,40.0298881530762,2.00019877880488,19.2300006747246,62.5145656479766,11.3580029456565,250,-0.0413948144357005,11.4355608177099,0.00658188908029125,299.9873047,299.9884644,13876.7900390625,13996.6630859375,56.208470074929,20.6238123494074,8.884414,0,0,0,40,4449,299.921,13936.7265625,,,,,,,,,,,,,0,,,,10.3212967,,,,,,299.98788455,,,,
,16776685,299.98837285,13831.8491210938,11.4342276201782,0.000664348329408309,1,0.999253354069792,40.0298881530762,2.00017908774743,19.2200001329184,62.4957160653755,11.3503131280614,250,-0.0421385027939329,11.4320856456269,0.00582461025803802,299.9882813,299.9884644,13786.908203125,13876.7900390625,56.2850696698137,20.6247178718837,9.256284,0,0,0,40,4449,299.92055,13831.8491210938,,,,,,,,,,,,,0,,,,10.4783001,,,,,,299.98837285,,,,
,16776686.01,299.98876955,13732.0063476563,11.4309450041675,0.000861086625991658,1,0.999253354069792,40.0298881530762,2.00009531295139,19.2200001329184,62.4738507158953,11.3539886218111,250,-0.0407727026854387,11.4287977322066,0.00717709129049879,299.9882813,299.9892578,13677.1044921875,13786.908203125,56.3077368968713,20.6275513375455,8.884414,0,0,0,40,4449,299.92055,13732.0063476563,,,,,,,,,,,,,0,,,,10.6886921,,,,,,299.98876955,,,,
,16776687.16,299.98927305,13617.1596679688,11.4277759196657,0.000384683764594858,1,0.999253354069792,40.0298881530762,2.00002489439607,19.2200001329184,62.4538364361634,11.353413263624,250,-0.0402197691794224,11.4256266893512,0.00771736883489204,299.9892578,299.9892883,13557.21484375,13677.1044921875,56.310081782429,20.6309745043905,7.396941,0,0,0,40,4449,299.921,13617.1596679688,,,,,,,,,,,,,0,,,,10.6886921,,,,,,299.98927305,,,,
,16776688.22,299.98880005,13512.3374023437,11.4236643396917,0.00055912950780112,1,0.999253354069792,40.0298881530762,2.00017009534505,19.2200001329184,62.4364819704649,11.3463734545583,250,-0.0408939367063836,11.4215189185353,0.00702664442689695,299.9883118,299.9892883,13467.4599609375,13557.21484375,56.5859966497175,20.6278140468838,7.396941,0,0,0,40,4449,299.9221,13512.3374023437,,,,,,,,,,,,,0,,,,10.58244515,,,,,,299.98880005,,,,
,16776689.225,299.98820495,13412.4985351562,11.4200428422761,0.00069833700536563,1,0.999253354069792,40.0298881530762,2.00016214041635,19.2200001329184,62.4171556539287,11.3389137815491,250,-0.0415809937166525,11.4179012097548,0.00632537232438233,299.9880981,299.9883118,13357.537109375,13467.4599609375,56.5000175126021,20.6288758678029,8.512546,0,0,0,40,4449,299.9215,13412.4985351562,,,,,,,,,,,,,0,,,,10.5295868,,,,,,299.98820495,,,,
,16776690.39,299.9877319,13292.6274414062,11.4170083782576,0.000578444573483698,1,0.999253354069792,40.0298881530762,2.00009519123252,19.2200001329184,62.3968215578598,11.344772175326,250,-0.0398792720834115,11.4148603012904,0.00801532042436549,299.9873657,299.9880981,13227.7177734375,13357.537109375,56.4257628032752,20.6313803519108,8.512546,0,0,0,40,4449,299.9192,13292.6274414062,,,,,,,,,,,,,0,,,,10.3741441,,,,,,299.9877319,,,,
,16776691.415,299.98797605,13187.2841796875,11.4124160336392,0.0010975630909294,1,0.999253354069792,40.0298881530762,2.00012682127815,19.2200001329184,62.3726758010097,11.3404257929396,250,-0.0398564731646102,11.4102685974877,0.00801983736231423,299.9873657,299.9885864,13146.8505859375,13227.7177734375,56.333530638006,20.6303076142306,8.884414,0,0,0,40,4449,299.918,13187.2841796875,,,,,,,,,,,,,0,,,,10.26999905,,,,,,299.98797605,,,,
,16776692.44,299.98912045,13086.8627929688,11.4044893457303,0.000744743834576329,1,0.999253354069792,40.0298881530762,2.00023957242001,19.2200001329184,62.3341920902307,11.3255326982616,250,-0.0412279412848912,11.402348724749,0.00661608253480384,299.9885864,299.9896545,13026.875,13146.8505859375,56.2295740449483,20.6271980774333,7.396941,0,0,0,40,4449,299.9182,13086.8627929688,,,,,,,,,,,,,0,,,,10.4783001,,,,,,299.98912045,,,,
,16776694.515,299.990509,12881.9409179688,11.4004874906958,0.00107314266434477,1,0.999253354069792,40.0298881530762,2.00012434845723,19.2300006747246,62.3086071146817,11.3220499571857,250,-0.041008337613527,11.3983460502789,0.00682020959305356,299.990509,299.990509,12876.9345703125,12886.947265625,56.3546346080252,20.6269208002779,8.884414,0,0,0,40,4449,299.9188,12881.9409179688,,,,,,,,,,,,,0,,,,10.3212967,,,,,,299.990509,,,,
,16776695.115,299.9897308,12821.9990234375,11.3959348988003,0.000821138620638234,1,0.999253354069792,40.0298881530762,2.00016614511864,19.2300006747246,62.2855559951394,11.314737199374,250,-0.041545519076551,11.3937969426285,0.00626425235864122,299.9889526,299.990509,12767.0634765625,12876.9345703125,56.2334821875444,20.6274552816428,9.256284,0,0,0,40,4449,299.91995,12821.9990234375,,,,,,,,,,,,,0,,,,10.3212967,,,,,,299.9897308,,,,
,16776696.115,299.98937985,12722.1381835938,11.3928635868857,0.000750150375214883,1,0.999253354069792,40.0298881530762,2.00017239518025,19.2200001329184,62.2690812997008,11.3110664596536,250,-0.0416548790748875,11.3907268154542,0.00614250818817015,299.9889526,299.9898071,12677.212890625,12767.0634765625,56.4023139476983,20.6276013386194,8.512546,0,0,0,40,4449,299.9212,12722.1381835938,,,,,,,,,,,,,0,,,,10.58561375,,,,,,299.98937985,,,,
,16776697.14,299.98953245,12617.2158203125,11.389023718189,0.000767654923710063,1,0.999253354069792,40.0298881530762,2.00022264382715,19.2200001329184,62.2491162381962,11.3102347185251,250,-0.041146598561537,11.3868854572367,0.00663535374500056,299.9892578,299.9898071,12557.21875,12677.212890625,56.320242953179,20.6262878490133,9.256284,0,0,0,40,4449,299.92105,12617.2158203125,,,,,,,,,,,,,0,,,,10.79600575,,,,,,299.98953245,,,,
,16776698.21,299.99009705,12507.2841796875,11.3854840472062,0.000582198906980516,1,0.999253354069792,40.0298881530762,2.0002335885102,19.2200001329184,62.23015410626,11.3064851000965,250,-0.0411887561738335,11.3833463466589,0.00657940136658323,299.9892578,299.9909363,12457.349609375,12557.21875,56.4914195988906,20.6259381616438,8.884414,0,0,0,40,4449,299.91965,12507.2841796875,,,,,,,,,,,,,0,,,,10.5316887,,,,,,299.99009705,,,,
,16776699.25,299.99002075,12407.478515625,11.3813994861427,0.0007051516144006,1,0.999253354069792,40.0298881530762,2.00024784244028,19.2200001329184,62.208698965366,11.3001435400643,250,-0.0416078791907318,11.3792642980009,0.00614437032171081,299.9891052,299.9909363,12357.607421875,12457.349609375,56.3984058051021,20.6254816545359,8.512546,0,0,0,40,4449,299.91735,12407.478515625,,,,,,,,,,,,,0,,,,10.42544175,,,,,,299.99002075,,,,
,16776700.37,299.9887085,12297.716796875,11.377208048113,0.000721383010595775,1,0.999253354069792,40.0298881530762,2.000218394175,19.2200001329184,62.1843440972294,11.298815797504,250,-0.0410449864570358,11.3750718217298,0.00669039956386903,299.9883118,299.9891052,12237.826171875,12357.607421875,56.3382204091213,20.6256057730939,8.884414,0,0,0,40,4449,299.91705,12297.716796875,,,,,,,,,,,,,0,,,,10.5295868,,,,,,299.9887085,,,,
,16776701.445,299.98806765,12187.884765625,11.3739910208958,0.000784448824585239,1,0.999253354069792,40.0298881530762,2.00026216180027,19.2200001329184,62.1688576793478,11.2917102144865,250,-0.0417942938643924,11.3718587841375,0.00592855273566979,299.9878235,299.9883118,12137.943359375,12237.826171875,56.3280592383713,20.6235760045211,9.256284,0,0,0,40,4449,299.9169,12187.884765625,,,,,,,,,,,,,0,,,,10.6897588,,,,,,299.98806765,,,,
,16776702.485,299.98846435,12082.9799804687,11.3698374477103,0.000556152564943685,1,0.999253354069792,40.0298881530762,2.00027619614701,19.2200001329184,62.146050951806,11.2905087453126,250,-0.0412588731961237,11.3677035747854,0.00644715120028874,299.9878235,299.9891052,12028.0166015625,12137.943359375,56.4898563418521,20.6248767965808,7.768809,0,0,0,40,4449,299.91705,12082.9799804687,,,,,,,,,,,,,0,,,,10.8499308,,,,,,299.98846435,,,,
,16776703.62,299.9900055,11973.0737304687,11.3628284368092,0.000669032727230485,1,0.999253354069792,40.0298881530762,2.00028477037801,19.2200001329184,62.1081667517954,11.2826758077119,250,-0.0414023310204478,11.3606958868046,0.00627491248456,299.9891052,299.9909058,11918.130859375,12028.0166015625,56.2600575571983,20.6250543457717,8.884414,0,0,0,40,4449,299.918,11973.0737304687,,,,,,,,,,,,,0,,,,10.8499308,,,,,,299.9900055,,,,
,16776704.705,299.98962405,11863.1201171875,11.3586005750366,0.000528449847235498,1,0.999253354069792,40.0298881530762,2.00027746860926,19.2300006747246,62.0856736563982,11.2739265465706,250,-0.0422137555497649,11.3564723590465,0.00544685662937593,299.9883423,299.9909058,11808.109375,11918.130859375,56.2983573546406,20.6251093499275,8.884414,0,0,0,40,4449,299.9171,11863.1201171875,,,,,,,,,,,,,0,,,,10.74261715,,,,,,299.98962405,,,,
,16776705.8,299.98750305,11753.068359375,11.3546423552586,0.000459427961641103,1,0.999253354069792,40.0298881530762,2.00022646678685,19.2200001329184,62.0626015525676,11.2691716264093,250,-0.0423000118682804,11.3525161141444,0.00534484859193988,299.9866638,299.9883423,11698.02734375,11808.109375,56.3679222928521,20.6241359365762,7.768809,0,0,0,40,4449,299.91675,11753.068359375,,,,,,,,,,,,,0,,,,10.42700245,,,,,,299.98750305,,,,
,16776707.01,299.98794555,11633.1279296875,11.3508713270796,0.000877397180726693,1,0.999253354069792,40.0298881530762,2.00027675709431,19.2200001329184,62.0430440371514,11.268211457366,250,-0.0418277723846497,11.3487436178583,0.00580188694686916,299.9866638,299.9892273,11568.228515625,11698.02734375,56.3210245816983,20.6239403936511,9.256284,0,0,0,40,4449,299.9174,11633.1279296875,,,,,,,,,,,,,0,,,,10.3741441,,,,,,299.98794555,,,,
,16776708.14,299.98973085,11518.3271484375,11.3468164223155,0.000482745852280437,1,0.999253354069792,40.0298881530762,2.00026032694104,19.2200001329184,62.0212286720067,11.2595144515157,250,-0.0426520307079297,11.344692192704,0.00496136746581012,299.9892273,299.9902344,11468.42578125,11568.228515625,56.3898078913906,20.623911376884,9.256284,0,0,0,40,4449,299.91855,11518.3271484375,,,,,,,,,,,,,0,,,,10.42544175,,,,,,299.98973085,,,,
,16776709.1,299.990036,11423.4760742187,11.3430549163104,0.000882964113153646,1,0.999253354069792,40.0298881530762,2.00033252525039,19.2200001329184,62.0024318396967,11.258426064362,250,-0.042226940552285,11.3409294775837,0.00537124955691933,299.9898376,299.9902344,11378.5263671875,11468.42578125,56.5476968522752,20.6256157916568,8.884414,0,0,0,40,4449,299.91855,11423.4760742187,,,,,,,,,,,,,0,,,,10.5316887,,,,,,299.990036,,,,
,16776710.365,299.9901123,11298.5908203125,11.3347096887904,0.000583501776422607,1,0.999253354069792,40.0298881530762,2.00021177214992,19.2200001329184,61.952496969899,11.2531054382217,250,-0.0415343819610282,11.3325828107699,0.00603075040775277,299.9898376,299.990387,11218.6552734375,11378.5263671875,56.3851181202752,20.630035485957,9.256284,0,0,0,40,4449,299.912,11298.5908203125,,,,,,,,,,,,,0,,,,10.7420807,,,,,,299.9901123,,,,
,16776711.775,299.98954775,11158.6123046875,11.331459170628,0.000952632624697263,1,0.999253354069792,40.0298881530762,2.0002524138464,19.2300006747246,61.9360930253215,11.2493703259244,250,-0.0416581842219958,11.3293335295871,0.00589524157096442,299.9887085,299.990387,11098.5693359375,11218.6552734375,56.4124751184483,20.6285920220376,8.884414,0,0,0,40,4449,299.907,11158.6123046875,,,,,,,,,,,,,0,,,,10.6886921,,,,,,299.98954775,,,,
,16776712.805,299.989151,11053.6079101562,11.3270777013928,0.00105116317460021,1,0.999253354069792,40.0298881530762,2.00027969513401,19.2200001329184,61.913802864069,11.2406697084383,250,-0.0424664286784777,11.3249564680141,0.00506919226492869,299.9887085,299.9895935,11008.646484375,11098.5693359375,56.6071006197368,20.6282157602859,8.512546,0,0,0,40,4449,299.90865,11053.6079101562,,,,,,,,,,,,,0,,,,10.4783001,,,,,,299.989151,,,,
,16776713.835,299.9892578,10948.6665039062,11.3227997523938,0.000574648477167925,1,0.999253354069792,40.0298881530762,2.00024197253529,19.2200001329184,61.8881895890651,11.2421051064196,250,-0.0413733376106197,11.3206746809729,0.00614491838685122,299.9889221,299.9895935,10888.6865234375,11008.646484375,56.3991874336214,20.627526111721,8.884414,0,0,0,40,4449,299.9082,10948.6665039062,,,,,,,,,,,,,0,,,,10.3212967,,,,,,299.9892578,,,,
,16776715.015,299.98893735,10828.7221679688,11.3192200529556,0.000756041997030601,1,0.999253354069792,40.0298881530762,2.00024905021185,19.2300006747246,61.8693479600517,11.2358358348158,250,-0.0418653928975461,11.3170978173658,0.00563889773818301,299.9889221,299.9889526,10768.7578125,10888.6865234375,56.2663105853521,20.6264847519767,8.884414,0,0,0,40,4449,299.9075,10828.7221679688,,,,,,,,,,,,,0,,,,10.5316887,,,,,,299.98893735,,,,
,16776716.06,299.98908995,10723.8383789062,11.3153059304588,0.000815243710781761,1,0.999253354069792,40.0298881530762,2.00030543189148,19.2200001329184,61.849767217432,11.2316408746067,250,-0.0419645519121959,11.313184798391,0.00552380061584473,299.9889526,299.9892273,10678.9189453125,10768.7578125,56.2600575571983,20.6251727274259,7.396941,0,0,0,40,4449,299.90885,10723.8383789062,,,,,,,,,,,,,0,,,,10.6886921,,,,,,299.98908995,,,,
,16776717.07,299.98928835,10623.93359375,11.3116181561017,0.000798024956444016,1,0.999253354069792,40.0298881530762,2.000289510997,19.2200001329184,61.829051372062,11.2283140886513,250,-0.0418741845627284,11.3094972758728,0.00559904923332371,299.9892273,299.9893494,10568.9482421875,10678.9189453125,56.3937160339867,20.6275863585227,8.512546,0,0,0,40,4449,299.9105,10623.93359375,,,,,,,,,,,,,0,,,,10.6353035,,,,,,299.98928835,,,,
,16776718.195,299.9894257,10513.9682617187,11.3072830534443,0.000626960865542097,1,0.999253354069792,40.0298881530762,2.00030849625602,19.2200001329184,61.8065366047367,11.2208274555594,250,-0.042460368237968,11.3051654154982,0.00499522558394954,299.9893494,299.989502,10458.98828125,10568.9482421875,56.4132567469675,20.6279745343484,7.396941,0,0,0,40,4449,299.9122,10513.9682617187,,,,,,,,,,,,,0,,,,10.74261715,,,,,,299.9894257,,,,
,16776719.265,299.9898682,10409.0083007813,11.3034682800648,0.000710462029214796,1,0.999253354069792,40.0298881530762,2.00034128184485,19.2300006747246,61.7867217334982,11.2169443180028,250,-0.0424974024826836,11.3013513183713,0.0049429336380075,299.989502,299.9902344,10359.0283203125,10458.98828125,56.3788650921214,20.6280752632972,8.884414,0,0,0,40,4449,299.91205,10409.0083007813,,,,,,,,,,,,,0,,,,10.74261715,,,,,,299.9898682,,,,
,16776720.28,299.9903717,10304.0395507813,11.2983076312906,0.00104301633164166,1,0.999253354069792,40.0298881530762,2.00012992277251,19.2300006747246,61.7517409465755,11.2128773423682,250,-0.0420742641266022,11.2961896630627,0.00534507131198812,299.9902344,299.990509,10249.05078125,10359.0283203125,56.2514596434867,20.6302431504413,9.256284,0,0,0,40,4449,299.9119,10304.0395507813,,,,,,,,,,,,,0,,,,10.6886921,,,,,,299.9903717,,,,
,16776721.38,299.9899292,10194.08984375,11.294089392354,0.00106284778352902,1,0.999253354069792,40.0298881530762,2.00003928330784,19.2200001329184,61.7252756798225,11.2118863029543,250,-0.0413833018190059,11.291969525678,0.00601861891822356,299.9893494,299.990509,10139.12890625,10249.05078125,56.167825391929,20.629985509514,7.396941,0,0,0,40,4449,299.9136,10194.08984375,,,,,,,,,,,,,0,,,,10.79600575,,,,,,299.9899292,,,,
,16776722.445,299.98872375,10089.1201171875,11.2895019844637,0.00146840830647068,1,0.999253354069792,40.0298881530762,2.00004042203051,19.2200001329184,61.7005738773183,11.2055432682719,250,-0.0416959391570362,11.2873848010492,0.00568745731126558,299.9880981,299.9893494,10039.111328125,10139.12890625,56.2600575571983,20.6282983386336,8.512546,0,0,0,40,4449,299.91385,10089.1201171875,,,,,,,,,,,,,0,,,,10.58561375,,,,,,299.98872375,,,,
,16776723.515,299.9889526,9979.181640625,11.2822475874938,0.00164336690562946,1,0.999253354069792,40.0298881530762,2.00005447554384,19.2200001329184,61.6615656073242,11.1972450394284,250,-0.0418848456485112,11.2801325105616,0.00546883138257143,299.9880981,299.9898071,9919.251953125,10039.111328125,56.2733452420252,20.6280592124193,8.512546,0,0,0,40,4449,299.91415,9979.181640625,,,,,,,,,,,,,0,,,,10.4783001,,,,,,299.9889526,,,,
,16776724.67,299.9897308,9863.96240234375,11.2780795315967,0.00154777309734989,1,0.999253354069792,40.0298881530762,2.00016968912831,19.2200001329184,61.6420824378796,11.1946115116085,250,-0.0417096474733685,11.2759641978484,0.00562697796612723,299.9896545,299.9898071,9808.6728515625,9919.251953125,56.2850696698137,20.6284131712777,9.256284,0,0,0,40,4449,299.91575,9863.96240234375,,,,,,,,,,,,,0,,,,10.4783001,,,,,,299.9897308,,,,
,16776725.735,299.98982235,9758.65234375,11.2746306255702,0.00119703223692525,1,0.999253354069792,40.0298881530762,2.00023125433248,19.2200001329184,61.6253173327448,11.1902454082664,250,-0.0419314802067145,11.2725168348644,0.00539125459609289,299.9896545,299.9899902,9708.6318359375,9808.6728515625,56.4343607169867,20.6288913360183,9.256284,0,0,0,40,4449,299.91665,9758.65234375,,,,,,,,,,,,,0,,,,10.5316887,,,,,,299.98982235,,,,
,16776726.735,299.99005125,9658.61474609375,11.2703181219768,0.00113481694819214,1,0.999253354069792,40.0298881530762,2.00015585462191,19.2300006747246,61.5996242657746,11.1847855978515,250,-0.042056440706821,11.2682056079369,0.00524852654298076,299.9899902,299.9901123,9608.59765625,9708.6318359375,56.2545861575636,20.6307333900043,7.396941,0,0,0,40,4449,299.9186,9658.61474609375,,,,,,,,,,,,,0,,,,10.79600575,,,,,,299.99005125,,,,
,16776727.875,299.9894104,9543.57958984375,11.2657472215624,0.00123846935190449,1,0.999253354069792,40.0298881530762,2.00006195464794,19.2300006747246,61.5708973710762,11.1847397426307,250,-0.0411240995788171,11.2636319412332,0.00616201142583781,299.9887085,299.9901123,9478.5615234375,9608.59765625,56.1897109904675,20.6298012115836,7.396941,0,0,0,40,4449,299.91995,9543.57958984375,,,,,,,,,,,,,0,,,,10.74261715,,,,,,299.9894104,,,,
,16776729,299.9892578,9428.61328125,11.2614775830939,0.000960168008366002,1,0.999253354069792,40.0298881530762,2.00015903677207,19.2200001329184,61.5510142158409,11.1781184524062,250,-0.0416424256388919,11.2593653256238,0.00562675832183531,299.9887085,299.9898071,9378.6650390625,9478.5615234375,56.2092517034482,20.6282616801445,8.512546,0,0,0,40,4449,299.9193,9428.61328125,,,,,,,,,,,,,0,,,,10.4783001,,,,,,299.9892578,,,,
,16776730.11,299.98976135,9318.6455078125,11.2577299346399,0.00114818255388461,1,0.999253354069792,40.0298881530762,2.00016765020241,19.2200001329184,61.5312891044081,11.1717413120973,250,-0.0421243930654554,11.2556201786016,0.00512994612858964,299.9897156,299.9898071,9258.6259765625,9378.6650390625,56.3155531820637,20.6277345996127,9.256284,0,0,0,40,4449,299.919,9318.6455078125,,,,,,,,,,,,,0,,,,10.4783001,,,,,,299.98976135,,,,
,16776731.315,299.98910525,9198.64013671875,11.2538576719282,0.00120599407586069,1,0.999253354069792,40.0298881530762,2.00015376950617,19.2300006747246,61.5085499008827,11.1740776335974,250,-0.0409653737228504,11.2517440580334,0.00627303976267441,299.9884949,299.9897156,9138.654296875,9258.6259765625,56.2960124690829,20.6272986507464,8.512546,0,0,0,40,4449,299.92025,9198.64013671875,,,,,,,,,,,,,0,,,,10.74261715,,,,,,299.98910525,,,,
,16776732.395,299.98950195,9093.75048828125,11.2506748862019,0.00122085196752607,1,0.999253354069792,40.0298881530762,2.00014834566458,19.2200001329184,61.4913967305814,11.168697310588,250,-0.0413552590306749,11.2485633493034,0.00587031609676928,299.9884949,299.990509,9048.8466796875,9138.654296875,56.1256174518906,20.6289698945865,8.884414,0,0,0,40,4449,299.9216,9093.75048828125,,,,,,,,,,,,,0,,,,10.58561375,,,,,,299.98950195,,,,
,16776733.395,299.990509,8993.91748046875,11.2460257965506,0.0015589420045235,1,0.999253354069792,40.0298881530762,2.00020664069466,19.2200001329184,61.4676455432708,11.1648567091931,250,-0.0412548233672674,11.2439143192214,0.00595170859149208,299.990509,299.990509,8938.98828125,9048.8466796875,56.1850212193521,20.6285401270225,8.512546,0,0,0,40,4449,299.9225,8993.91748046875,,,,,,,,,,,,,0,,,,10.3212967,,,,,,299.990509,,,,
,16776734.48,299.9902649,8883.99853515625,11.2370537878753,0.00113524649756523,1,0.999253354069792,40.0298881530762,2.00020353575528,19.2200001329184,61.4188708213759,11.15400977127,250,-0.0415747538723756,11.2349455018246,0.00559499319876739,299.9900208,299.990509,8829.0087890625,8938.98828125,56.340565294679,20.6270922488117,7.768809,0,0,0,40,4449,299.92205,8883.99853515625,,,,,,,,,,,,,0,,,,10.3212967,,,,,,299.9902649,,,,
,16776735.595,299.99058535,8773.97412109375,11.2330845178132,0.00124181540126077,1,0.999253354069792,40.0298881530762,2.00022305539832,19.2200001329184,61.3982938458729,11.147289687076,250,-0.0420892827660956,11.230978986358,0.00506475029737341,299.9900208,299.9911499,8718.939453125,8829.0087890625,56.401532319179,20.6259605111252,7.396941,0,0,0,40,4449,299.9214,8773.97412109375,,,,,,,,,,,,,0,,,,10.4783001,,,,,,299.99058535,,,,
,16776736.665,299.99147035,8669.009765625,11.229546520976,0.00125041874210073,1,0.999253354069792,40.0298881530762,2.00022432178567,19.2200001329184,61.3786247336791,11.1457619515649,250,-0.0417147156972012,11.2274397137787,0.00542499271459884,299.9911499,299.9917908,8619.080078125,8718.939453125,56.3147715535444,20.6260471935271,9.256284,0,0,0,40,4449,299.92185,8669.009765625,,,,,,,,,,,,,0,,,,10.6353035,,,,,,299.99147035,,,,
,16776737.775,299.991272,8559.0283203125,11.2253952876669,0.00140615235512677,1,0.999253354069792,40.0298881530762,2.00025637721988,19.2200001329184,61.3563881359151,11.1445405027151,250,-0.0412011945717508,11.2232871813308,0.00592172949166543,299.9907532,299.9917908,8498.9765625,8619.080078125,56.1506295645059,20.625714357506,7.396941,0,0,0,40,4449,299.9217,8559.0283203125,,,,,,,,,,,,,0,,,,10.6353035,,,,,,299.991272,,,,
,16776738.96,299.9911957,8438.99853515625,11.2209788216523,0.000953351260658064,1,0.999253354069792,40.0298881530762,2.00012122973206,19.2300006747246,61.3286217609722,11.1371969219142,250,-0.0415927859070214,11.2188732525202,0.00551205949769884,299.9907532,299.9916382,8379.0205078125,8498.9765625,56.4054404617752,20.6257722228209,7.396941,0,0,0,40,4449,299.92385,8438.99853515625,,,,,,,,,,,,,0,,,,10.6886921,,,,,,299.9911957,,,,
,16776739.99,299.9916382,8334.08544921875,11.2166587051829,0.000689784345059413,1,0.999253354069792,40.0298881530762,2.00027089881547,19.2200001329184,61.3103488144911,11.1290373631018,250,-0.0424346704325194,11.214557321999,0.00465266864760272,299.9916382,299.9916382,8289.150390625,8379.0205078125,56.3679222928521,20.625811366992,8.884414,0,0,0,40,4449,299.92505,8334.08544921875,,,,,,,,,,,,,0,,,,10.6886921,,,,,,299.9916382,,,,
,16776740.96,299.9915314,8234.2587890625,11.2121871867594,0.000819862486285493,1,0.999253354069792,40.0298881530762,2.00025210461739,19.2300006747246,61.2853042039042,11.1247240276975,250,-0.0423774696984412,11.2100864284997,0.00469203044698703,299.9914246,299.9916382,8179.3671875,8289.150390625,56.249114757929,20.6271049113262,8.512546,0,0,0,40,4449,299.92345,8234.2587890625,,,,,,,,,,,,,0,,,,10.74261715,,,,,,299.9915314,,,,
,16776742.065,299.9911652,8124.3388671875,11.2075141767568,0.00113409707920377,1,0.999253354069792,40.0298881530762,2.0002782829033,19.2300006747246,61.2602793886046,11.1216543607435,250,-0.0420998135584616,11.2054132715967,0.00495089893751303,299.9909058,299.9914246,8069.310546875,8179.3671875,56.1654805063713,20.6271875084638,8.512546,0,0,0,40,4449,299.9225,8124.3388671875,,,,,,,,,,,,,0,,,,10.74261715,,,,,,299.9911652,,,,
,16776743.09,299.99131775,8024.38500976563,11.2033980811569,0.000982686339822011,1,0.999253354069792,40.0298881530762,2.00023637239376,19.2200001329184,61.236871781719,11.1154969490054,250,-0.0424228171916547,11.2012992532411,0.00461124093964867,299.9909058,299.9917297,7979.45947265625,8069.310546875,56.1451581648713,20.6272453511055,7.396941,0,0,0,40,4449,299.92295,8024.38500976563,,,,,,,,,,,,,0,,,,10.4783001,,,,,,299.99131775,,,,
,16776744.125,299.99208065,7919.494140625,11.1987739801184,0.000551541859446772,1,0.999253354069792,40.0298881530762,2.0001572293497,19.2300006747246,61.2088487560691,11.1125583063481,250,-0.0420253456442527,11.1966740616868,0.00498972523354435,299.9917297,299.9924316,7859.52880859375,7979.45947265625,56.2272291593906,20.6272905339836,8.512546,0,0,0,40,4449,299.92385,7919.494140625,,,,,,,,,,,,,0,,,,10.58561375,,,,,,299.99208065,,,,
,16776745.31,299.99201965,7799.54150390625,11.1952249779583,0.00109456688240702,1,0.999253354069792,40.0298881530762,2.00023113739135,19.2200001329184,61.1931788921347,11.1012166156971,250,-0.0435179050496975,11.1931319833513,0.00348351251373932,299.9916077,299.9924316,7739.55419921875,7859.52880859375,56.3218062102175,20.6262072189418,8.884414,0,0,0,40,4449,299.9229,7799.54150390625,,,,,,,,,,,,,0,,,,10.58561375,,,,,,299.99201965,,,,
,16776746.365,299.9921875,7694.51025390625,11.191099134587,0.000739364543387278,1,0.999253354069792,40.0298881530762,2.00021402777801,19.2200001329184,61.168829045172,11.1039745425703,250,-0.042231644851869,11.1890014453776,0.00475288727335033,299.9916077,299.9927673,7649.46630859375,7739.55419921875,56.4507749158906,20.6254576495566,9.256284,0,0,0,40,4449,299.92275,7694.51025390625,,,,,,,,,,,,,0,,,,10.5316887,,,,,,299.9921875,,,,
,16776747.365,299.99208065,7594.4296875,11.1862595733384,0.000616813554292236,1,0.999253354069792,40.0298881530762,2.00019700887284,19.2200001329184,61.1413861052531,11.101688332357,250,-0.0417364437985536,11.1841607871334,0.0052281673069841,299.991394,299.9927673,7539.39306640625,7649.46630859375,56.1037318533521,20.6243659488618,7.396941,0,0,0,40,4449,299.9235,7594.4296875,,,,,,,,,,,,,0,,,,10.6886921,,,,,,299.99208065,,,,
,16776748.45,299.9918518,7489.56274414062,11.1782919221475,0.00117250413290033,1,0.999253354069792,40.0298881530762,2.0002206943318,19.2200001329184,61.0983853474732,11.0947549583608,250,-0.0415525897508413,11.1761940076975,0.00537929251720583,299.991394,299.9923096,7439.732421875,7539.39306640625,56.3952792910252,20.625887455364,8.512546,0,0,0,40,4449,299.923,7489.56274414062,,,,,,,,,,,,,0,,,,10.6353035,,,,,,299.9918518,,,,
,16776749.555,299.99243165,7379.82641601562,11.1745275735106,0.0012190014076603,1,0.999253354069792,40.0298881530762,2.00015641594599,19.2200001329184,61.0755411089697,11.0925814381238,250,-0.0411894330549587,11.1724286042894,0.0057271800673103,299.9923096,299.9925537,7319.92041015625,7439.732421875,56.5578580230252,20.626385297643,8.884414,0,0,0,40,4449,299.92345,7379.82641601562,,,,,,,,,,,,,0,,,,10.6353035,,,,,,299.99243165,,,,
,16776750.705,299.9928589,7259.9150390625,11.1684769325398,0.00099890671576103,1,0.999253354069792,40.0298881530762,1.99987586046113,19.2300006747246,61.0336715405499,11.0874961000713,250,-0.0407215865695306,11.1663769885833,0.00617022762165068,299.9925537,299.9931641,7199.90966796875,7319.92041015625,56.1717335345252,20.6309453115819,7.396941,0,0,0,40,4449,299.92375,7259.9150390625,,,,,,,,,,,,,0,,,,10.4783001,,,,,,299.9928589,,,,
,16776751.86,299.99221805,7144.93481445313,11.1648849315477,0.00101699367721406,1,0.999253354069792,40.0298881530762,1.99980225612686,19.2200001329184,61.0102692575695,11.0920796276503,250,-0.039144112355684,11.162779291602,0.00773302952617177,299.991272,299.9931641,7089.9599609375,7199.90966796875,56.1443765363521,20.6349982995969,8.884414,0,0,0,40,4449,299.9237,7144.93481445313,,,,,,,,,,,,,0,,,,10.58561375,,,,,,299.99221805,,,,
,16776752.96,299.9924927,7039.9609375,11.1607958976442,0.00094312998306504,1,0.999253354069792,40.0298881530762,1.99973859142794,19.2200001329184,60.9855264832578,11.0903951357593,250,-0.0386320951873704,11.1586887507073,0.00822858734993033,299.991272,299.9937134,6989.9619140625,7089.9599609375,56.2358270731021,20.6326450321848,9.256284,0,0,0,40,4449,299.92285,7039.9609375,,,,,,,,,,,,,0,,,,10.74261715,,,,,,299.9924927,,,,
,16776754.02,299.99365235,6934.92456054687,11.1559342651584,0.000907634678057508,1,0.999253354069792,40.0298881530762,1.99976783404738,19.2300006747246,60.9614263234522,11.0770976504726,250,-0.0401952822931772,11.1538341198914,0.00664608013058308,299.9935913,299.9937134,6879.88720703125,6989.9619140625,56.1295255944867,20.631099664902,8.512546,0,0,0,40,4449,299.9222,6934.92456054687,,,,,,,,,,,,,0,,,,10.6353035,,,,,,299.99365235,,,,
,16776755.975,299.9939728,6734.94360351562,11.1481692407144,0.000800672778357139,1,0.999253354069792,40.0298881530762,1.99989952043356,19.2200001329184,60.9231622118493,11.0687013566484,250,-0.0404245017059389,11.1460713647794,0.0063858107861416,299.993866,299.9940796,6729.93017578125,6739.95703125,56.279598270179,20.6313305617649,9.256284,0,0,0,40,4449,299.92075,6734.94360351562,,,,,,,,,,,,,0,,,,10.6353035,,,,,,299.9939728,,,,
,16776756.63,299.99336245,6669.98291015625,11.1429780521566,0.00136886277661746,1,0.999253354069792,40.0298881530762,1.99988434941359,19.2200001329184,60.8942368569992,11.0640431268104,250,-0.040300421096942,11.1408809150735,0.00648857328905663,299.9928589,299.993866,6610.03564453125,6729.93017578125,56.1709519060059,20.6318335935487,8.512546,0,0,0,40,4449,299.9202,6669.98291015625,,,,,,,,,,,,,0,,,,10.6353035,,,,,,299.99336245,,,,
,16776757.68,299.99316405,6564.38134765625,11.1392620894234,0.00119978048367317,1,0.999253354069792,40.0298881530762,1.99989574489221,19.2300006747246,60.8736259995887,11.0638780305488,250,-0.0396533089783541,11.1371630304561,0.00712040613809992,299.9928589,299.9934692,6518.72705078125,6610.03564453125,56.0247873729098,20.6319059121585,9.256284,0,0,0,40,4449,299.92125,6564.38134765625,,,,,,,,,,,,,0,,,,10.6353035,,,,,,299.99316405,,,,
,16776758.75,299.99423215,6458.60986328125,11.1346412541574,0.00116938559309569,1,0.999253354069792,40.0298881530762,1.99988086556634,19.2200001329184,60.8478248890459,11.0597755974946,250,-0.0395334747898738,11.1325421382415,0.00722140614928209,299.9934692,299.9949951,6398.49267578125,6518.72705078125,56.2498963864483,20.6314715695175,8.512546,0,0,0,40,4449,299.92155,6458.60986328125,,,,,,,,,,,,,0,,,,10.74261715,,,,,,299.99423215,,,,
,16776759.945,299.9943695,6338.55859375,11.1297315701663,0.00133795902721497,1,0.999253354069792,40.0298881530762,1.999851735031,19.2300006747246,60.8207318169907,11.0514994492819,250,-0.04011048462537,11.1276357525685,0.0066246124187734,299.9937439,299.9949951,6278.62451171875,6398.49267578125,56.1646988778521,20.6312128394362,7.396941,0,0,0,40,4449,299.92165,6338.55859375,,,,,,,,,,,,,0,,,,10.8499308,,,,,,299.9943695,,,,
,16776760.985,299.9938202,6233.59301757812,11.1261643609485,0.00102421381382399,1,0.999253354069792,40.0298881530762,1.99998128599303,19.2200001329184,60.8044170130463,11.0522211696289,250,-0.039445205296806,11.1240666512206,0.00727531407604032,299.9937439,299.9938965,6188.5615234375,6278.62451171875,56.2366087016213,20.6332293072848,7.396941,0,0,0,40,4449,299.9222,6233.59301757812,,,,,,,,,,,,,0,,,,10.74261715,,,,,,299.9938202,,,,
,16776761.92,299.99409485,6138.56665039063,11.1218471774319,0.0010179300055846,1,0.999253354069792,40.0298881530762,1.99997690088989,19.2200001329184,60.7801968562526,11.0505830853957,250,-0.0389410206185194,11.1197480438002,0.0077620468425252,299.9938965,299.9942932,6088.57177734375,6188.5615234375,56.0724667125828,20.6325467691657,8.512546,0,0,0,40,4449,299.9211,6138.56665039063,,,,,,,,,,,,,0,,,,10.6353035,,,,,,299.99409485,,,,
,16776762.97,299.9942932,6033.54077148438,11.1167864744229,0.000695960721937889,1,0.999253354069792,40.0298881530762,1.99995802211438,19.2200001329184,60.7530485499671,11.0396938584453,250,-0.0399786144877148,11.1146925724994,0.00670419538824674,299.9942932,299.9942932,5978.509765625,6088.57177734375,56.2233210167944,20.6307032047977,7.396941,0,0,0,40,4449,299.9203,6033.54077148438,,,,,,,,,,,,,0,,,,10.74261715,,,,,,299.9942932,,,,
,16776763.93,299.9942169,5938.49462890625,11.1126509742024,0.00082352339328569,1,0.999253354069792,40.0298881530762,2.00001749481667,19.2300006747246,60.7321103309219,11.0364345758782,250,-0.0398679831663113,11.1105573995248,0.00679830508158791,299.9941406,299.9942932,5898.4794921875,5978.509765625,55.9755447761982,20.6325340247327,9.256284,0,0,0,40,4449,299.9187,5938.49462890625,,,,,,,,,,,,,0,,,,10.74261715,,,,,,299.9942169,,,,
,16776764.865,299.99357605,5848.49389648438,11.1084845228634,0.000955571262575386,1,0.999253354069792,40.0298881530762,2.00002001083347,19.2300006747246,60.7094257500631,11.0322561168547,250,-0.0398636374077045,11.1063919785527,0.00678581352016106,299.9930115,299.9941406,5798.50830078125,5898.4794921875,56.2506780149675,20.6314267513666,8.884414,0,0,0,40,4449,299.91805,5848.49389648438,,,,,,,,,,,,,0,,,,10.74261715,,,,,,299.99357605,,,,
,16776765.89,299.9937439,5743.58203125,11.1046797260052,0.000899658436942151,1,0.999253354069792,40.0298881530762,2.00006958298611,19.2200001329184,60.6895687135641,11.0315962288231,250,-0.0393281149258883,11.1025856007946,0.00730565462673034,299.9930115,299.9944763,5688.65576171875,5798.50830078125,56.2131598460444,20.6327658531479,9.256284,0,0,0,40,4449,299.91925,5743.58203125,,,,,,,,,,,,,0,,,,10.74261715,,,,,,299.9937439,,,,
,16776766.845,299.994339,5643.70874023438,11.0993955164808,0.000276153737718714,1,0.999253354069792,40.0298881530762,2.00005600339963,19.2200001329184,60.6605166478547,11.0250310646825,250,-0.0395374648659749,11.0973030481986,0.00707473315791572,299.9942017,299.9944763,5598.76171875,5688.65576171875,56.1568825926598,20.6326824379426,9.256284,0,0,0,40,4449,299.91935,5643.70874023438,,,,,,,,,,,,,0,,,,10.6353035,,,,,,299.994339,,,,
,16776767.855,299.9943848,5543.78125,11.0946047873243,0.00124956774272572,1,0.999253354069792,40.0298881530762,2.00009649530195,19.2200001329184,60.634716543927,11.0248788711196,250,-0.038717514925551,11.0925097649851,0.00787511922536139,299.9942017,299.9945679,5488.80078125,5598.76171875,56.0826278833329,20.6304522280796,8.512546,0,0,0,40,4449,299.91865,5543.78125,,,,,,,,,,,,,0,,,,10.6353035,,,,,,299.9943848,,,,
,16776768.87,299.9947052,5443.7978515625,11.0905587558407,0.00116777869059144,1,0.999253354069792,40.0298881530762,2.00000535196205,19.2200001329184,60.6111523329304,11.0136726700809,250,-0.0399299611576708,11.0884694660268,0.00664647241743825,299.9945679,299.9948425,5398.794921875,5488.80078125,56.3468183228329,20.6290706381564,7.396941,0,0,0,40,4449,299.9189,5443.7978515625,,,,,,,,,,,,,0,,,,10.4783001,,,,,,299.9947052,,,,
,16776769.875,299.99438475,5343.7822265625,11.0864094579554,0.00109431298230699,1,0.999253354069792,40.0298881530762,2.00007229359838,19.2200001329184,60.5894100939702,11.0155361721109,250,-0.0388857226807751,11.0843167056898,0.0076736428845773,299.993927,299.9948425,5288.76953125,5398.794921875,56.2147231030829,20.6305782321814,7.396941,0,0,0,40,4449,299.919,5343.7822265625,,,,,,,,,,,,,0,,,,10.3212967,,,,,,299.99438475,,,,
,16776770.86,299.99453735,5243.86987304687,11.0812097372487,0.000925418080644561,1,0.999253354069792,40.0298881530762,2.00009902638181,19.2200001329184,60.5622658399485,11.0079011509113,250,-0.0393452329833202,11.0791199555449,0.00719190890365722,299.993927,299.9951477,5198.97021484375,5288.76953125,56.3475999513521,20.6323990099985,7.396941,0,0,0,40,4449,299.9248,5243.86987304687,,,,,,,,,,,,,0,,,,10.4783001,,,,,,299.99453735,,,,
,16776771.84,299.9951172,5148.92309570313,11.076779291256,0.00132547399176172,1,0.999253354069792,40.0298881530762,2.00009064660513,19.2200001329184,60.5379953826753,11.0024223499365,250,-0.0395178126047705,11.0746909687109,0.00700001704220188,299.9950867,299.9951477,5098.8759765625,5198.97021484375,56.1467214219098,20.6302398112156,8.512546,0,0,0,40,4449,299.93185,5148.92309570313,,,,,,,,,,,,,0,,,,10.4783001,,,,,,299.9951172,,,,
,16776772.97,299.99513245,5038.88549804687,11.0733033290506,0.00110881034170874,1,0.999253354069792,40.0298881530762,2.0001149509755,19.2200001329184,60.5189659828604,11.0031377174738,250,-0.0387666662810033,11.0712125035965,0.00773695031328149,299.9950867,299.9951782,4978.89501953125,5098.8759765625,56.3663590358137,20.6308388352552,9.256284,0,0,0,40,4449,299.9324,5038.88549804687,,,,,,,,,,,,,0,,,,10.4783001,,,,,,299.99513245,,,,
,16776774.085,299.995224,4924.0927734375,11.0675340953382,0.00106107077888517,1,0.999253354069792,40.0298881530762,2.00011982829505,19.2200001329184,60.4880740214503,10.9947590994232,250,-0.0392364712566948,11.0654463054648,0.00724380505707105,299.9951782,299.9952698,4869.29052734375,4978.89501953125,56.3061736398329,20.6290001111912,9.256284,0,0,0,40,4449,299.9317,4924.0927734375,,,,,,,,,,,,,0,,,,10.6353035,,,,,,299.995224,,,,
,16776775.21,299.9946747,4809.25415039063,11.0634225593084,0.00161707708312469,1,0.999253354069792,40.0298881530762,2.00011820190955,19.2200001329184,60.465775165496,10.98948256642,250,-0.0394397433859099,11.0613365741303,0.00702448108335238,299.9940796,299.9952698,4749.2177734375,4869.29052734375,56.2475515008906,20.6303786782039,8.512546,0,0,0,40,4449,299.9289,4809.25415039063,,,,,,,,,,,,,0,,,,10.4783001,,,,,,299.9946747,,,,
,16776776.365,299.9943085,4694.25610351562,11.0584797275139,0.00117590883526569,1,0.999253354069792,40.0298881530762,2.00019581587199,19.2200001329184,60.4410878530594,10.9847685262061,250,-0.0394633835006804,11.0563949011645,0.00698111196971234,299.9940796,299.9945374,4639.29443359375,4749.2177734375,56.3218062102175,20.630614395501,8.884414,0,0,0,40,4449,299.9269,4694.25610351562,,,,,,,,,,,,,0,,,,10.4783001,,,,,,299.9943085,,,,
,16776777.375,299.995163,4594.31298828125,11.0547197903742,0.0011210066481795,1,0.999253354069792,40.0298881530762,2.00019518046337,19.2200001329184,60.4201936139614,10.98277176075,250,-0.0391317701204969,11.052633920871,0.00729759099491998,299.9945374,299.9957886,4549.33154296875,4639.29443359375,56.4085669758521,20.6301396136999,9.256284,0,0,0,40,4449,299.92605,4594.31298828125,,,,,,,,,,,,,0,,,,10.6353035,,,,,,299.995163,,,,
,16776778.375,299.99565125,4494.29736328125,11.0499744870096,0.000972225682278249,1,0.999253354069792,40.0298881530762,2.00018326446429,19.2200001329184,60.3946814053068,10.9738098424722,250,-0.0398818165335114,11.0478924487708,0.00652868260924791,299.9955139,299.9957886,4439.26318359375,4549.33154296875,56.2178496171598,20.6274494747381,7.396941,0,0,0,40,4449,299.92415,4494.29736328125,,,,,,,,,,,,,0,,,,10.4783001,,,,,,299.99565125,,,,
,16776779.485,299.99531555,4384.30541992188,11.0398221616525,0.00123601672292858,1,0.999253354069792,40.0298881530762,2.00019461526096,19.2200001329184,60.337363009451,10.975458044164,250,-0.0377095201099244,11.0377331192902,0.00865881371876374,299.9951172,299.9955139,4329.34765625,4439.26318359375,56.3593243791406,20.6285749343212,8.512546,0,0,0,40,4449,299.92255,4384.30541992188,,,,,,,,,,,,,0,,,,10.4783001,,,,,,299.99531555,,,,
,16776780.62,299.99491885,4269.31103515625,11.0364986680696,0.000811892592505695,1,0.999253354069792,40.0298881530762,2.00019534864814,19.2200001329184,60.3212770172966,10.9610687865676,250,-0.0397292390378969,11.0344188680942,0.00662637368804954,299.9947205,299.9951172,4209.2744140625,4329.34765625,56.0951339396406,20.6290668988794,9.256284,0,0,0,40,4449,299.92155,4269.31103515625,,,,,,,,,,,,,0,,,,10.4783001,,,,,,299.99491885,,,,
,16776781.665,299.9950409,4164.396484375,11.0314863786784,0.00034485530027403,1,0.999253354069792,40.0298881530762,2.00016900989509,19.2200001329184,60.2925410434915,10.9590033108495,250,-0.0391529339617956,11.0294050584254,0.00718226806416346,299.9947205,299.9953613,4119.5185546875,4209.2744140625,56.3866813773137,20.6299219619534,7.396941,0,0,0,40,4449,299.9206,4164.396484375,,,,,,,,,,,,,0,,,,10.4783001,,,,,,299.9950409,,,,
,16776782.72,299.9939575,4059.54833984375,11.0259425143497,0.00135598979377454,1,0.999253354069792,40.0298881530762,2.00020920483986,19.2200001329184,60.2635942048545,10.9527903221848,250,-0.0393025698030036,11.0238633175605,0.00701016984256204,299.9925537,299.9953613,3999.578125,4119.5185546875,56.086536025929,20.6300339822646,8.512546,0,0,0,40,4449,299.91945,4059.54833984375,,,,,,,,,,,,,0,,,,10.6353035,,,,,,299.9939575,,,,
,16776783.82,299.9942169,3949.65795898438,11.0217293185926,0.00111178856197452,1,0.999253354069792,40.0298881530762,2.00012972585283,19.2200001329184,60.2373253474466,10.953072024435,250,-0.0383927852695029,11.019646982163,0.00790283335764617,299.9925537,299.9958801,3899.73779296875,3999.578125,56.2123782175252,20.6298986327268,8.512546,0,0,0,40,4449,299.9186,3949.65795898438,,,,,,,,,,,,,0,,,,10.4783001,,,,,,299.9942169,,,,
,16776784.875,299.995285,3844.68139648438,11.0175372705707,0.00103047492318883,1,0.999253354069792,40.0298881530762,2.0002673515193,19.2200001329184,60.2196331252414,10.9432608615371,250,-0.0395468847044961,11.0154601221195,0.00673220071980395,299.9946899,299.9958801,3789.625,3899.73779296875,56.1686070204483,20.6289435749907,9.256284,0,0,0,40,4449,299.91715,3844.68139648438,,,,,,,,,,,,,0,,,,10.4783001,,,,,,299.995285,,,,
,16776786.01,299.99534605,3729.57434082031,11.0121662624089,0.00116114973672074,1,0.999253354069792,40.0298881530762,2.00020180641411,19.2200001329184,60.1882867847535,10.937934851246,250,-0.0394629045704455,11.0100897468182,0.00679449545273562,299.9946899,299.9960022,3669.52368164063,3789.625,56.177986562679,20.6288604351673,7.396941,0,0,0,40,4449,299.9157,3729.57434082031,,,,,,,,,,,,,0,,,,10.6353035,,,,,,299.99534605,,,,
,16776787.11,299.9950409,3619.59106445313,11.007781617341,0.00123489974929783,1,0.999253354069792,40.0298881530762,2.00025370438799,19.2200001329184,60.1658065750846,10.9340578403884,250,-0.0394109857391808,11.0057058362864,0.00682867245210926,299.9940796,299.9960022,3569.65844726562,3669.52368164063,55.9763264047175,20.6315298481361,7.396941,0,0,0,40,4449,299.9152,3619.59106445313,,,,,,,,,,,,,0,,,,10.6353035,,,,,,299.9950409,,,,
,16776788.155,299.99398805,3514.64562988281,11.0032508801275,0.00123394168755212,1,0.999253354069792,40.0298881530762,2.00024610937138,19.2200001329184,60.1401690110232,10.9330392655929,250,-0.0387506827129725,11.0011736090927,0.00747052019741145,299.9938965,299.9940796,3459.6328125,3569.65844726562,56.2155047316021,20.6292656739722,7.396941,0,0,0,40,4449,299.9144,3514.64562988281,,,,,,,,,,,,,0,,,,10.6353035,,,,,,299.99398805,,,,
,16776789.305,299.9943085,3399.61853027344,10.993068223538,0.00115694075024651,1,0.999253354069792,40.0298881530762,2.00027988724072,19.2200001329184,60.0859334400216,10.9207732344273,250,-0.0391419690723803,10.9909944492912,0.00703750420277346,299.9938965,299.9947205,3339.60424804687,3459.6328125,56.0294771440252,20.6297132455884,7.396941,0,0,0,40,4449,299.9125,3399.61853027344,,,,,,,,,,,,,0,,,,10.74261715,,,,,,299.9943085,,,,
,16776790.535,299.9950867,3279.31042480469,10.9880707386445,0.000972100903274304,1,0.999253354069792,40.0298881530762,2.00025044192894,19.2300006747246,60.057376570673,10.9176883589841,250,-0.0387521848937054,10.9859959453237,0.00740711790016738,299.9947205,299.9954529,3219.0166015625,3339.60424804687,56.0701218270252,20.6300508411305,7.768809,0,0,0,40,4449,299.91105,3279.31042480469,,,,,,,,,,,,,0,,,,10.74261715,,,,,,299.9950867,,,,
,16776791.645,299.9955597,3168.94067382812,10.9835802425922,0.00100994335955911,1,0.999253354069792,40.0298881530762,2.00030329490414,19.2200001329184,60.0346297396051,10.912149106636,250,-0.0389854264150135,10.9815071147857,0.00715545845896926,299.9954529,299.9956665,3118.86474609375,3219.0166015625,56.1944007615829,20.6299241960669,8.884414,0,0,0,40,4449,299.91205,3168.94067382812,,,,,,,,,,,,,0,,,,10.74261715,,,,,,299.9955597,,,,
,16776792.69,299.99526975,3063.8681640625,10.9792164261737,0.00127182478928268,1,0.999253354069792,40.0298881530762,2.00030608009558,19.2200001329184,60.0105672329131,10.9094049247163,250,-0.0386819602245865,10.9771429718108,0.00744115306250286,299.994873,299.9956665,3008.87158203125,3118.86474609375,56.1615723637752,20.6299616599003,8.512546,0,0,0,40,4449,299.91165,3063.8681640625,,,,,,,,,,,,,0,,,,10.74261715,,,,,,299.99526975,,,,
,16776793.795,299.9941711,2953.89074707031,10.9737656003658,0.001144313570724,1,0.999253354069792,40.0298881530762,2.0002781382054,19.2300006747246,59.9800435932631,10.903385949601,250,-0.0387468072374831,10.9716938975029,0.00735422886499261,299.9934692,299.994873,2898.90991210937,3008.87158203125,56.1310888515252,20.6285043647185,9.256284,0,0,0,40,4449,299.91035,2953.89074707031,,,,,,,,,,,,,0,,,,10.6353035,,,,,,299.9941711,,,,
,16776794.82,299.9937286,2848.87231445313,10.9679998541923,0.00089003513222807,1,0.999253354069792,40.0298881530762,2.00035168791319,19.2200001329184,59.9504513698778,10.8992733735725,250,-0.0385027538270353,10.965928417662,0.00757467063997936,299.9934692,299.993988,2798.83471679687,2898.90991210937,56.374175321006,20.6297489664629,8.884414,0,0,0,40,4449,299.9097,2848.87231445313,,,,,,,,,,,,,0,,,,10.6886921,,,,,,299.9937286,,,,
,16776795.925,299.99456785,2738.85913085938,10.9649982665608,0.00120339857460226,1,0.999253354069792,40.0298881530762,2.00027797195155,19.2200001329184,59.9328613959188,10.8906601870065,250,-0.0394516665395706,10.9629310524587,0.00661371985326393,299.993988,299.9951477,2678.88354492187,2798.83471679687,56.3491632083906,20.628055562264,8.512546,0,0,0,40,4449,299.9107,2738.85913085938,,,,,,,,,,,,,0,,,,10.6886921,,,,,,299.99456785,,,,
,16776797.12,299.99513245,2618.88781738281,10.9593634184442,0.00127367563622897,1,0.999253354069792,40.0298881530762,2.00034208750572,19.2200001329184,59.9039341371053,10.8853931242626,250,-0.0394338858760291,10.9572969907976,0.00660845019994761,299.9951172,299.9951477,2558.89208984375,2678.88354492187,56.157664221179,20.6265470165034,8.884414,0,0,0,40,4449,299.9106,2618.88781738281,,,,,,,,,,,,,0,,,,10.6353035,,,,,,299.99513245,,,,
,16776798.14,299.99420165,2513.921875,10.9546639946967,0.000458599980894538,1,0.999253354069792,40.0298881530762,2.00033176324694,19.2200001329184,59.8771718504573,10.884854381884,250,-0.038651713138986,10.9525955586605,0.00737132050690822,299.9932861,299.9951172,2468.95166015625,2558.89208984375,56.1826763337944,20.6272055884515,8.512546,0,0,0,40,4449,299.9102,2513.921875,,,,,,,,,,,,,0,,,,10.4783001,,,,,,299.99420165,,,,
,16776799.185,299.99420165,2413.93859863281,10.9482280352357,0.000486815679745047,1,0.999253354069792,40.0298881530762,2.00038854117651,19.2200001329184,59.8436828125361,10.878577984057,250,-0.0386627087817876,10.9461609266899,0.00733360548357384,299.9932861,299.9951172,2358.92553710938,2468.95166015625,56.0716850840636,20.6295485932319,8.512546,0,0,0,40,4449,299.9112,2413.93859863281,,,,,,,,,,,,,0,,,,10.4783001,,,,,,299.99420165,,,,
,16776800.32,299.99458315,2303.962890625,10.943622285437,0.00139783495513032,1,0.999253354069792,40.0298881530762,2.00034461009062,19.2200001329184,59.817661761863,10.871418209477,250,-0.0390772192629948,10.9415576558488,0.00690032617447483,299.9940491,299.9951172,2249.00024414062,2358.92553710938,56.157664221179,20.6313521755331,9.256284,0,0,0,40,4449,299.91145,2303.962890625,,,,,,,,,,,,,0,,,,10.74261715,,,,,,299.99458315,,,,
,16776801.33,299.99346925,2198.97973632813,10.9389229155457,0.0011314873865528,1,0.999253354069792,40.0298881530762,2.00030960424182,19.2200001329184,59.7897933998403,10.8728419473371,250,-0.037911772865166,10.9368547497006,0.00804629582228646,299.9928894,299.9940491,2148.95922851562,2249.00024414062,56.3569794935829,20.6299875066028,7.396941,0,0,0,40,4449,299.9115,2198.97973632813,,,,,,,,,,,,,0,,,,10.8499308,,,,,,299.99346925,,,,
,16776802.375,299.9933014,2093.96710205078,10.9276391792016,0.00129804888154208,1,0.999253354069792,40.0298881530762,2.00034387666467,19.2200001329184,59.7303404919139,10.8552076352447,250,-0.0390813689510285,10.925578253746,0.00682994361852275,299.9928894,299.9937134,2038.97497558594,2148.95922851562,56.2248842738329,20.6316355466434,8.512546,0,0,0,40,4449,299.91205,2093.96710205078,,,,,,,,,,,,,0,,,,10.58561375,,,,,,299.9933014,,,,
,16776803.6,299.99369815,1973.97570800781,10.922989556461,0.000879262670854112,1,0.999253354069792,40.0298881530762,2.0003418600042,19.2200001329184,59.7039781911007,10.8553657408009,250,-0.038188573856979,10.9209256363639,0.0077033593203571,299.9936829,299.9937134,1908.97644042969,2038.97497558594,56.3038287542752,20.628846145332,9.256284,0,0,0,40,4449,299.91335,1973.97570800781,,,,,,,,,,,,,0,,,,10.58561375,,,,,,299.99369815,,,,
,16776804.805,299.99273685,1853.92993164062,10.918232231534,0.000897161633791915,1,0.999253354069792,40.0298881530762,2.00038622979402,19.2200001329184,59.679156828253,10.8514675346359,250,-0.0380638688713882,10.9161690675206,0.00780886268543514,299.9917908,299.9936829,1798.88342285156,1908.97644042969,56.3577611221021,20.6301189498089,8.512546,0,0,0,40,4449,299.912,1853.92993164062,,,,,,,,,,,,,0,,,,10.74261715,,,,,,299.99273685,,,,
,16776805.93,299.99221805,1738.90856933594,10.9122057923828,0.00131321241406253,1,0.999253354069792,40.0298881530762,2.0002779881371,19.2200001329184,59.6429348133362,10.845640929952,250,-0.0379091165836075,10.9101433394601,0.00793906286628727,299.9917908,299.9926453,1678.93371582031,1798.88342285156,56.3327490094867,20.6292101544593,7.396941,0,0,0,40,4449,299.91055,1738.90856933594,,,,,,,,,,,,,0,,,,10.6353035,,,,,,299.99221805,,,,
,16776807.055,299.9925995,1624.13391113281,10.9065808170164,0.00128026332131036,1,0.999253354069792,40.0298881530762,2.00032619230591,19.2200001329184,59.6146922565628,10.8343585614786,250,-0.038978441741373,10.9045238210088,0.00684661417383969,299.9925537,299.9926453,1569.33410644531,1678.93371582031,56.2209761312367,20.6308812916478,8.512546,0,0,0,40,4449,299.91185,1624.13391113281,,,,,,,,,,,,,0,,,,10.6353035,,,,,,299.9925995,,,,
,16776808.08,299.9918518,1524.35125732422,10.901367927609,0.000938393966105662,1,0.999253354069792,40.0298881530762,2.0003719444381,19.2200001329184,59.5870597464447,10.831952526112,250,-0.0384965344489825,10.8993102693506,0.00730652168279012,299.9911499,299.9925537,1479.36840820313,1569.33410644531,56.2710003564675,20.6307764747974,8.884414,0,0,0,40,4449,299.91435,1524.35125732422,,,,,,,,,,,,,0,,,,10.6353035,,,,,,299.9918518,,,,
,16776809.05,299.99131775,1429.34368896484,10.8962895499335,0.00101318626196397,1,0.999253354069792,40.0298881530762,2.00033627797314,19.2200001329184,59.5586270281139,10.8247781288334,250,-0.038834044590904,10.8942345378451,0.00694796090030372,299.9911499,299.9914856,1379.31896972656,1479.36840820313,56.299920611679,20.6311446765503,9.256284,0,0,0,40,4449,299.9155,1429.34368896484,,,,,,,,,,,,,0,,,,10.6353035,,,,,,299.99131775,,,,
,16776810.095,299.9909973,1324.37713623047,10.891967060356,0.00121703462498968,1,0.999253354069792,40.0298881530762,2.00036234581947,19.2200001329184,59.5356897579005,10.8209844165109,250,-0.0387529881085019,10.8899126427603,0.00701162790314652,299.990509,299.9914856,1269.43530273438,1379.31896972656,56.1154562811405,20.632904887289,8.512546,0,0,0,40,4449,299.9137,1324.37713623047,,,,,,,,,,,,,0,,,,10.6353035,,,,,,299.9909973,,,,
,16776811.025,299.990509,1229.40881347656,10.8860754417431,0.00083969102597335,1,0.999253354069792,40.0298881530762,2.00042705272387,19.2300006747246,59.5051519385651,10.8166106490353,250,-0.0385241888381053,10.8840214071512,0.00721617533398621,299.990509,299.990509,1189.38232421875,1269.43530273438,56.2272291593906,20.631305912809,7.396941,0,0,0,40,4449,299.91295,1229.40881347656,,,,,,,,,,,,,0,,,,10.74261715,,,,,,299.990509,,,,
,16776811.995,299.9902496,1134.35229492188,10.8801049967619,0.000954143488609098,1,0.999253354069792,40.0298881530762,2.00039123187453,19.2200001329184,59.4711409650705,10.8123126114833,250,-0.038169354604316,10.8780507902763,0.00754586146044354,299.9899902,299.990509,1079.322265625,1189.38232421875,56.4007506906598,20.6295013381718,8.512546,0,0,0,40,4449,299.91515,1134.35229492188,,,,,,,,,,,,,0,,,,10.74261715,,,,,,299.9902496,,,,
,16776813.015,299.9899902,1034.38088989258,10.8749111192975,0.00106789945769653,1,0.999253354069792,40.0298881530762,2.00033854183231,19.2200001329184,59.4416911677739,10.8043607298903,250,-0.038611673818047,10.8728598863265,0.00708230182188596,299.9899902,299.9899902,989.439514160156,1079.322265625,56.330404123929,20.6321309013216,8.512546,0,0,0,40,4449,299.91475,1034.38088989258,,,,,,,,,,,,,0,,,,10.4783001,,,,,,299.9899902,,,,
,16776813.965,299.99079895,934.473968505859,10.869029781533,0.00104080254396919,1,0.999253354069792,40.0298881530762,2.00042211700015,19.2200001329184,59.412487679034,10.7961194635303,250,-0.0391107136382958,10.8669814730856,0.00655913606415432,299.9899902,299.9916077,879.508422851562,989.439514160156,56.364014150256,20.6296900247823,9.256284,0,0,0,40,4449,299.91435,934.473968505859,,,,,,,,,,,,,0,,,,10.58561375,,,,,,299.99079895,,,,
,16776815.085,299.9917145,819.560699462891,10.8644375738778,0.000387562254889718,1,0.999253354069792,40.0298881530762,2.00039277405536,19.2200001329184,59.385460216191,10.7971966708475,250,-0.0380337852182378,10.8623852950653,0.00761670471635673,299.9916077,299.9918213,759.612976074219,879.508422851562,56.1701702774867,20.6298221831758,8.512546,0,0,0,40,4449,299.91605,819.560699462891,,,,,,,,,,,,,0,,,,10.8499308,,,,,,299.9917145,,,,
,16776816.3,299.99160765,699.645111083984,10.8523384356548,0.0010296798286831,1,0.999253354069792,40.0298881530762,2.00030507898887,19.2200001329184,59.3172453962435,10.7822621709086,250,-0.038440038079853,10.8502903523901,0.00715989001436099,299.991394,299.9918213,639.67724609375,759.612976074219,56.0568341421982,20.6309612114482,7.396941,0,0,0,40,4449,299.9176,699.645111083984,,,,,,,,,,,,,0,,,,10.74261715,,,,,,299.99160765,,,,
,16776817.5,299.9911804,579.718322753906,10.8468461358636,0.000880393279069526,1,0.999253354069792,40.0298881530762,2.00040970573875,19.2200001329184,59.2901226006875,10.7780352695066,250,-0.0382963667404542,10.8447987070119,0.00728078995288745,299.9909668,299.991394,519.759399414063,639.67724609375,56.1107665100252,20.6295210406789,8.512546,0,0,0,40,4449,299.91825,579.718322753906,,,,,,,,,,,,,0,,,,10.6353035,,,,,,299.9911804,,,,
,16776818.685,299.9904938,464.830123901367,10.8405798075255,0.00121262668109557,1,0.999253354069792,40.0298881530762,2.00038604547086,19.2300006747246,59.2553421467778,10.7708548744833,250,-0.0384265946366577,10.8385344355685,0.00712469336865844,299.9900208,299.9909668,409.900848388672,519.759399414063,56.1420316507944,20.63248876132,8.512546,0,0,0,40,4449,299.91815,464.830123901367,,,,,,,,,,,,,0,,,,10.6353035,,,,,,299.9904938,,,,
,16776819.75,299.9909668,359.932205200195,10.8360727277645,0.000982697659788012,1,0.999253354069792,40.0298881530762,2.00041332972279,19.2300006747246,59.2321248990559,10.7631088715913,250,-0.0390353445341814,10.8340306115965,0.00649745519073528,299.9900208,299.9919128,309.963562011719,409.900848388672,56.1154562811405,20.6305235650199,8.512546,0,0,0,40,4449,299.91835,359.932205200195,,,,,,,,,,,,,0,,,,10.6353035,,,,,,299.9909668,,,,
,16776820.735,299.99111935,259.989501953125,10.8300759848531,0.000762759378269055,1,0.999253354069792,40.0298881530762,2.00042807202455,19.2200001329184,59.1981124475462,10.7661705253352,250,-0.0373771044272006,10.8280280528102,0.00813026198484104,299.9903259,299.9919128,210.015441894531,309.963562011719,56.2631840712752,20.630404728214,7.396941,0,0,0,40,4449,299.9196,259.989501953125,,,,,,,,,,,,,0,,,,10.6353035,,,,,,299.99111935,,,,
,16776821.815,299.9898834,155.051647186279,10.8244974115884,0.00100328241458588,1,0.999253354069792,40.0298881530762,2.00048662291043,19.2200001329184,59.1691995201279,10.7615284408062,250,-0.0372490315480077,10.8224505419477,0.00823517559934171,299.9894409,299.9903259,100.087852478027,210.015441894531,56.3554162365444,20.6308569080603,7.768809,0,0,0,40,4449,299.91965,155.051647186279,,,,,,,,,,,,,0,,,,10.6353035,,,,,,299.9898834,,,,
,16776822.735,299.9894409,60.0609464645386,10.8185488667546,0.00104700200511161,1,0.999253354069792,40.0298881530762,2.00038004149871,19.2200001329184,59.1336211149829,10.7550133459113,250,-0.0372366619722046,10.8165033067653,0.00822282515702519,299.9894409,299.9894409,20.0340404510498,100.087852478027,56.1897109904675,20.6308788774674,7.396941,0,0,0,40,4449,299.9195,60.0609464645386,,,,,,,,,,,,,0,,,,10.74261715,,,,,,299.9894409,,,,
,16776823.575,299.989563,-24.8584985733032,10.8142511372488,0.000939236778878955,1,0.999253354069792,40.0298881530762,2.00042302554854,19.2200001329184,59.1118706967506,10.7482542698478,250,-0.0377180689490425,10.8122084465401,0.00772323978270451,299.9894409,299.9896851,-69.7510375976563,20.0340404510498,56.2428617297752,20.6321720460869,7.396941,0,0,0,40,4449,299.92115,-24.8584985733032,,,,,,,,,,,,,0,,,,10.58561375,,,,,,299.989563,,,,
,16776824.615,299.98931885,-124.7958984375,10.8057043128803,0.00116555910407829,1,0.999253354069792,40.0298881530762,2.00037028143078,19.2200001329184,59.0633001878688,10.7412922075621,250,-0.0373568348009537,10.8036619739648,0.00804814598743541,299.9889526,299.9896851,-179.840759277344,-69.7510375976563,56.2639656997944,20.6307177908831,8.512546,0,0,0,40,4449,299.92175,-124.7958984375,,,,,,,,,,,,,0,,,,10.4783001,,,,,,299.98931885,,,,
,16776825.63,299.9895935,-229.727569580078,10.8006098041538,0.000820741121549829,1,0.999253354069792,40.0298881530762,2.00049416973113,19.2300006747246,59.0396140292333,10.7336581297082,250,-0.0379279682384748,10.798570823064,0.0074553967784493,299.9889526,299.9902344,-279.614379882813,-179.840759277344,56.1936191330636,20.6294348199119,8.512546,0,0,0,40,4449,299.9219,-229.727569580078,,,,,,,,,,,,,0,,,,10.6353035,,,,,,299.9895935,,,,
,16776826.655,299.9900513,-334.596115112305,10.7934616858746,0.00105321204843747,1,0.999253354069792,40.0298881530762,2.00037873817233,19.2200001329184,58.9967632654917,10.7284185950924,250,-0.0374508278211334,10.7914219990084,0.00790213172353385,299.9898682,299.9902344,-389.577850341797,-279.614379882813,56.1553193356213,20.6309057015184,8.884414,0,0,0,40,4449,299.9216,-334.596115112305,,,,,,,,,,,,,0,,,,10.4783001,,,,,,299.9900513,,,,
,16776827.765,299.98925785,-444.52799987793,10.7877271184496,0.000894699220008602,1,0.999253354069792,40.0298881530762,2.00045151928688,19.2200001329184,58.9682201100951,10.7192777420814,250,-0.0381298570979401,10.7856918270096,0.0071985098901122,299.9886475,299.9898682,-499.478149414063,-389.577850341797,56.299920611679,20.6308706089634,9.256284,0,0,0,40,4449,299.9231,-444.52799987793,,,,,,,,,,,,,0,,,,10.4783001,,,,,,299.98925785,,,,
,16776828.695,299.9886475,-534.438995361328,10.7803348150978,0.00064706505440757,1,0.999253354069792,40.0298881530762,2.00046858984546,19.2200001329184,58.927692200651,10.7153196034409,250,-0.037499594635141,10.7782986626392,0.00779716396668835,299.9886475,299.9886475,-569.399841308594,-499.478149414063,56.2944492120444,20.6304056198032,8.512546,0,0,0,40,4449,299.9237,-534.438995361328,,,,,,,,,,,,,0,,,,10.4783001,,,,,,299.9886475,,,,
,16776829.64,299.98892215,-629.346435546875,10.7757851646594,0.000862104111721217,1,0.999253354069792,40.0298881530762,2.00050171939903,19.2200001329184,58.9037340369139,10.7111814497422,250,-0.0374447536931133,10.7737496309893,0.00783253405415646,299.9886475,299.9891968,-689.293029785156,-569.399841308594,56.3694855498906,20.6294665114813,8.884414,0,0,0,40,4449,299.9237,-629.346435546875,,,,,,,,,,,,,0,,,,10.58561375,,,,,,299.98892215,,,,
,16776830.665,299.98916625,-734.253540039063,10.7683164038472,0.000683345088934174,1,0.999253354069792,40.0298881530762,2.00051975297398,19.2200001329184,58.8639077300816,10.7012453662088,250,-0.0378952879798372,10.7662842396359,0.00735014126027757,299.9891357,299.9891968,-779.214050292969,-689.293029785156,56.2545861575636,20.6314682606515,7.396941,0,0,0,40,4449,299.9247,-734.253540039063,,,,,,,,,,,,,0,,,,10.74261715,,,,,,299.98916625,,,,
,16776831.605,299.98922725,-829.129608154297,10.7617092448529,0.00070099100342465,1,0.999253354069792,40.0298881530762,2.00049752885857,19.2200001329184,58.8271063595415,10.6948176748205,250,-0.0378250032342758,10.759678154349,0.00739213652186852,299.9891357,299.9893188,-879.045166015625,-779.214050292969,56.3483815798714,20.6310567035836,9.256284,0,0,0,40,4449,299.92555,-829.129608154297,,,,,,,,,,,,,0,,,,10.6886921,,,,,,299.98922725,,,,
,16776832.705,299.98875425,-938.967620849609,10.7552909677854,0.000947951555101732,1,0.999253354069792,40.0298881530762,2.00054522429499,19.2200001329184,58.7932465462905,10.6894586288606,250,-0.0376608477180741,10.7532607296032,0.00752878080903238,299.9881897,299.9893188,-998.890075683594,-879.045166015625,56.2889778124098,20.6317973682989,7.396941,0,0,0,40,4449,299.926,-938.967620849609,,,,,,,,,,,,,0,,,,10.7420807,,,,,,299.98875425,,,,
,16776833.79,299.9881897,-1043.82107543945,10.7487558462226,0.000818212645494622,1,0.999253354069792,40.0298881530762,2.00049352131562,19.2200001329184,58.7558812400073,10.6835715733028,250,-0.0374771004736595,10.7467264209921,0.00768470226901269,299.9881897,299.9881897,-1088.75207519531,-998.890075683594,56.3374387806021,20.6302188752073,8.512546,0,0,0,40,4449,299.9255,-1043.82107543945,,,,,,,,,,,,,0,,,,10.6886921,,,,,,299.9881897,,,,
,16776834.79,299.98883055,-1143.66595458984,10.7424570426246,0.00110702478970051,1,0.999253354069792,40.0298881530762,2.00037695846333,19.2200001329184,58.7176303567882,10.679312089106,250,-0.0369772350195424,10.7404265931071,0.00815749539649396,299.9881897,299.9894714,-1198.57983398438,-1088.75207519531,56.2233210167944,20.6322529262886,9.256284,0,0,0,40,4449,299.92605,-1143.66595458984,,,,,,,,,,,,,0,,,,10.6353035,,,,,,299.98883055,,,,
,16776835.915,299.9893646,-1258.55731201172,10.7351339441149,0.000726671045202941,1,0.999253354069792,40.0298881530762,2.00049997513785,19.2200001329184,58.6818342631409,10.6688156066834,250,-0.0376571442528418,10.7331076997942,0.00744621141304601,299.9892578,299.9894714,-1318.53479003906,-1198.57983398438,56.2819431557367,20.632066418843,9.256284,0,0,0,40,4449,299.92755,-1258.55731201172,,,,,,,,,,,,,0,,,,10.6353035,,,,,,299.9893646,,,,
,16776836.985,299.98931885,-1363.51129150391,10.7287983818698,0.00071935654126383,1,0.999253354069792,40.0298881530762,2.00052180031374,19.2200001329184,58.6471948456135,10.6660362305951,250,-0.0370113288214364,10.7267707831657,0.0080647350036672,299.9892578,299.9893799,-1408.48779296875,-1318.53479003906,56.3077368968713,20.6312364139107,8.512546,0,0,0,40,4449,299.9281,-1363.51129150391,,,,,,,,,,,,,0,,,,10.6353035,,,,,,299.98931885,,,,
,16776838.08,299.9894867,-1469.35906982422,10.7219560447691,0.00219352203661786,1,0.999253354069792,40.0298881530762,2.00049913570191,19.2200001329184,58.6075359571783,10.6677931623664,250,-0.0353989192461089,10.7199230385025,0.0096476504988168,299.9893799,299.9895935,-1530.23034667969,-1408.48779296875,56.2522412720059,20.632467656384,7.396941,0,0,0,40,4449,299.9279,-1469.35906982422,,,,,,,,,,,,,0,,,,10.6353035,,,,,,299.9894867,,,,
,16776839.25,299.98997495,-1588.41522216797,10.7174989876497,0.0036526223927103,1,0.999253354069792,40.0298881530762,2.00055673818846,19.2200001329184,58.5884281162048,10.6441811743938,250,-0.0389489923283621,10.7154816488086,0.00607914214713149,299.9895935,299.9903564,-1646.60009765625,-1530.23034667969,56.330404123929,20.6329154007041,7.396941,0,0,0,40,4449,299.9274,-1588.41522216797,,,,,,,,,,,,,0,,,,10.4783001,,,,,,299.98997495,,,,
,16776840.18,299.9903564,-1682.36468505859,10.7084060819676,0.000884525217842755,1,0.999253354069792,40.0298881530762,2.00056817737788,19.2200001329184,58.5371552120562,10.6454081567779,250,-0.0370486717590577,10.7063825004761,0.00794045247087444,299.9903564,299.9903564,-1718.12927246094,-1646.60009765625,56.2483331294098,20.632429055557,9.256284,0,0,0,40,4449,299.92745,-1682.36468505859,,,,,,,,,,,,,0,,,,10.4783001,,,,,,299.9903564,,,,
,16776841.11,299.9899292,-1773.54187011719,10.7009405783235,0.000740930206614728,1,0.999253354069792,40.0298881530762,2.00053538236979,19.2200001329184,58.4951280155189,10.6393473869689,250,-0.0367420161636219,10.6989174574876,0.00821503600445806,299.989502,299.9903564,-1828.95446777344,-1718.12927246094,56.3069552683521,20.6312231162227,8.512546,0,0,0,40,4449,299.9288,-1773.54187011719,,,,,,,,,,,,,0,,,,10.4783001,,,,,,299.9899292,,,,
,16776842.165,299.989502,-1878.92199707031,10.6932233660726,0.000629099666486608,1,0.999253354069792,40.0298881530762,2.00055561400819,19.2200001329184,58.4544995451216,10.6264994383772,250,-0.0376814533964536,10.6912059874865,0.00724276121700788,299.989502,299.989502,-1928.88952636719,-1828.95446777344,56.2444249868136,20.631541233494,9.256284,0,0,0,40,4449,299.92955,-1878.92199707031,,,,,,,,,,,,,0,,,,10.4783001,,,,,,299.989502,,,,
,16776843.09,299.9892273,-1973.77795410156,10.686039076878,0.000673418195705096,1,0.999253354069792,40.0298881530762,2.00053113182214,19.2200001329184,58.4132253668179,10.6262729638183,250,-0.0363669148172485,10.6840178040951,0.00852624186629496,299.9889526,299.989502,-2018.66638183594,-1928.88952636719,56.3499448369098,20.6319365634088,7.396941,0,0,0,40,4449,299.93055,-1973.77795410156,,,,,,,,,,,,,0,,,,10.4783001,,,,,,299.9892273,,,,
,16776844.16,299.9890289,-2083.58648681641,10.6713646623651,0.000879149352371995,1,0.999253354069792,40.0298881530762,2.00058702751683,19.2200001329184,58.3350071635698,10.6097728542853,250,-0.0367185609053886,10.6693479820405,0.00811247548213438,299.9889526,299.9891052,-2148.50659179687,-2018.66638183594,56.2327005590252,20.632138233754,8.884414,0,0,0,40,4449,299.9308,-2083.58648681641,,,,,,,,,,,,,0,,,,10.5316887,,,,,,299.9890289,,,,
,16776845.485,299.9895477,-2213.35327148438,10.6634365336545,0.000612510247090637,1,0.999253354069792,40.0298881530762,2.00061908368257,19.2200001329184,58.2928707590387,10.6004747958707,250,-0.0369802661833114,10.6614224019316,0.00781709125646022,299.9891052,299.9899902,-2278.19995117187,-2148.50659179687,56.1686070204483,20.6322996448898,9.256284,0,0,0,40,4449,299.9298,-2213.35327148438,,,,,,,,,,,,,0,,,,10.6886921,,,,,,299.9895477,,,,
,16776846.625,299.98982235,-2328.099609375,10.6562916993812,0.00126490305013838,1,0.999253354069792,40.0298881530762,2.00060620775804,19.2300006747246,58.2531374920394,10.59497505591,250,-0.0366491612769714,10.6542775926801,0.00811737147659574,299.9896545,299.9899902,-2377.99926757813,-2278.19995117187,56.2225393882752,20.6336843009881,8.512546,0,0,0,40,4449,299.93095,-2328.099609375,,,,,,,,,,,,,0,,,,10.4783001,,,,,,299.98982235,,,,
,16776847.665,299.98974605,-2432.85534667969,10.6475744126687,0.000740435297013108,1,0.999253354069792,40.0298881530762,2.00062590756626,19.2300006747246,58.2066720834182,10.5830177569216,250,-0.0372394749604921,10.6455646424543,0.00748999220649644,299.9896545,299.9898376,-2487.71142578125,-2377.99926757813,56.1013869677944,20.6323245584545,7.768809,0,0,0,40,4449,299.93135,-2432.85534667969,,,,,,,,,,,,,0,,,,10.4783001,,,,,,299.98974605,,,,
,16776848.76,299.98924255,-2537.693359375,10.6405106036574,0.00100535620962532,1,0.999253354069792,40.0298881530762,2.00058055507954,19.2200001329184,58.1671251751742,10.5738622690167,250,-0.0375622967024172,10.638503867089,0.00713710641514147,299.9886475,299.9898376,-2587.67529296875,-2487.71142578125,56.1748600486021,20.6318687560471,7.396941,0,0,0,40,4449,299.9311,-2537.693359375,,,,,,,,,,,,,0,,,,10.74261715,,,,,,299.98924255,,,,
,16776849.8,299.98861695,-2642.56762695313,10.6323442760102,0.000658227171772836,1,0.999253354069792,40.0298881530762,2.0007156189495,19.2300006747246,58.125741613259,10.5695066326156,250,-0.0369720431516673,10.630337023472,0.00769233461780338,299.9885864,299.9886475,-2697.4599609375,-2587.67529296875,56.2272291593906,20.6310581164091,8.512546,0,0,0,40,4449,299.93165,-2642.56762695313,,,,,,,,,,,,,0,,,,10.58561375,,,,,,299.98861695,,,,
,16776850.875,299.98857115,-2752.482421875,10.6239320480674,0.000675985768388043,1,0.999253354069792,40.0298881530762,2.00063477511554,19.2200001329184,58.0781944510476,10.5567988228868,250,-0.037661519879292,10.6219294698041,0.0069671378475714,299.9885559,299.9885864,-2807.5048828125,-2697.4599609375,56.1725151630444,20.6312841133151,9.256284,0,0,0,40,4449,299.9316,-2752.482421875,,,,,,,,,,,,,0,,,,10.58561375,,,,,,299.98857115,,,,
,16776851.945,299.9893341,-2857.42224121094,10.6156391469129,0.000894949972579058,1,0.999253354069792,40.0298881530762,2.0006359194126,19.2200001329184,58.0329608633664,10.5481832993788,250,-0.0377014298021856,10.6136381587208,0.00689203877845489,299.9885559,299.9901123,-2907.33959960937,-2807.5048828125,56.221757759756,20.6309835862105,7.396941,0,0,0,40,4449,299.93075,-2857.42224121094,,,,,,,,,,,,,0,,,,10.74261715,,,,,,299.9893341,,,,
,16776852.945,299.9901428,-2957.27490234375,10.6077153464259,0.000671080641048265,1,0.999253354069792,40.0298881530762,2.00069371334222,19.2200001329184,57.9909299592027,10.5424663108086,250,-0.0373323333765036,10.6057141515792,0.00722726787960478,299.9901123,299.9901733,-3007.21020507812,-2907.33959960937,56.2420801012559,20.6333061101153,8.884414,0,0,0,40,4449,299.93085,-2957.27490234375,,,,,,,,,,,,,0,,,,10.6886921,,,,,,299.9901428,,,,
,16776853.96,299.98963925,-3062.19372558594,10.5986369567926,0.000845057305196122,1,0.999253354069792,40.0298881530762,2.00069169241412,19.2200001329184,57.9411532096415,10.5339234811999,250,-0.0372099740808249,10.5966373620575,0.00731072227654801,299.9891052,299.9901733,-3117.17724609375,-3007.21020507812,56.1936191330636,20.62971286643,7.396941,0,0,0,40,4449,299.93215,-3062.19372558594,,,,,,,,,,,,,0,,,,10.79600575,,,,,,299.98963925,,,,
,16776854.96,299.98861695,-3162.17016601562,10.5905990933956,0.00064118933403642,1,0.999253354069792,40.0298881530762,2.00061154779951,19.2200001329184,57.8952577449689,10.5238820843634,250,-0.0374817322207623,10.5886027300915,0.00700466392727949,299.9881287,299.9891052,-3207.1630859375,-3117.17724609375,56.2631840712752,20.6318136374749,9.256284,0,0,0,40,4449,299.9327,-3162.17016601562,,,,,,,,,,,,,0,,,,10.8499308,,,,,,299.98861695,,,,
,16776855.96,299.9881897,-3262.37023925781,10.5819077843011,0.000323727201488199,1,0.999253354069792,40.0298881530762,2.00055533369132,19.2200001329184,57.8460724282541,10.5154410326321,250,-0.0373620696290812,10.5799128933433,0.00708736563956287,299.9881287,299.9882507,-3317.57739257812,-3207.1630859375,56.249114757929,20.63286670396,7.396941,0,0,0,40,4449,299.9323,-3262.37023925781,,,,,,,,,,,,,0,,,,10.74261715,,,,,,299.9881897,,,,
,16776857.14,299.9889526,-3382.70703125,10.573047898228,0.000843345723424811,1,0.999253354069792,40.0298881530762,2.00067233194264,19.2200001329184,57.8006688512417,10.5086606814323,250,-0.0370694362221752,10.5710533274022,0.00734225135605345,299.9882507,299.9896545,-3447.83666992188,-3317.57739257812,56.2381719586598,20.6313698077511,7.396941,0,0,0,40,4449,299.93155,-3382.70703125,,,,,,,,,,,,,0,,,,10.74261715,,,,,,299.9889526,,,,
,16776858.21,299.9894104,-3487.8095703125,10.5644737326441,0.000475741932953065,1,0.999253354069792,40.0298881530762,2.0006591606942,19.2200001329184,57.7540165130659,10.4968781720937,250,-0.0376231567752267,10.5624831169121,0.00675194918766887,299.9891663,299.9896545,-3527.78247070313,-3447.83666992188,56.2428617297752,20.6313659083197,8.884414,0,0,0,40,4449,299.9324,-3487.8095703125,,,,,,,,,,,,,0,,,,10.8499308,,,,,,299.9894104,,,,
,16776859.18,299.98910525,-3582.74633789063,10.5556526840681,0.000874697631797647,1,0.999253354069792,40.0298881530762,2.0007348058587,19.2300006747246,57.7079044733268,10.4885899347259,250,-0.0375747727341003,10.5536638300325,0.00676272147414182,299.9890442,299.9891663,-3637.71020507812,-3527.78247070313,56.1537560785829,20.6338059712687,8.512546,0,0,0,40,4449,299.9328,-3582.74633789063,,,,,,,,,,,,,0,,,,10.8499308,,,,,,299.98910525,,,,
,16776860.345,299.9894409,-3697.72741699219,10.5368327013489,0.000925706424593365,1,0.999253354069792,40.0298881530762,2.00051876210672,19.2200001329184,57.5984262120636,10.4716218692974,250,-0.0369884291631475,10.5348451282658,0.00726941349474044,299.9890442,299.9898376,-3757.74462890625,-3637.71020507812,56.1897109904675,20.6332629163983,7.396941,0,0,0,40,4449,299.93225,-3697.72741699219,,,,,,,,,,,,,0,,,,10.58561375,,,,,,299.9894409,,,,
,16776861.525,299.98927305,-3817.71752929687,10.5279922103795,0.000867335403013106,1,0.999253354069792,40.0298881530762,2.00059621756812,19.2200001329184,57.5529889715212,10.4593714060128,250,-0.0376631418668798,10.5260094050729,0.00655695138758151,299.9887085,299.9898376,-3877.6904296875,-3757.74462890625,56.2733452420252,20.6327888127722,7.396941,0,0,0,40,4449,299.93305,-3817.71752929687,,,,,,,,,,,,,0,,,,10.58561375,,,,,,299.98927305,,,,
,16776862.565,299.99009705,-3922.66125488281,10.5184664885015,0.000363628466140746,1,0.999253354069792,40.0298881530762,2.00046561944596,19.2200001329184,57.4965643996848,10.4529661493909,250,-0.0369467705597293,10.5164823541938,0.00723251455850873,299.9887085,299.9914856,-3967.63208007812,-3877.6904296875,56.1873661049098,20.6353537496949,9.256284,0,0,0,40,4449,299.9337,-3922.66125488281,,,,,,,,,,,,,0,,,,10.74261715,,,,,,299.99009705,,,,
,16776864.425,299.9907837,-4102.24926757812,10.5086402323065,0.000226507661467068,1,0.999253354069792,40.0298881530762,2.00040682677489,19.2200001329184,57.4410833607941,10.4435575488481,250,-0.0367914827090553,10.5066572451858,0.0073457931961435,299.9907837,299.9907837,-4106.896484375,-4097.60205078125,56.1826763337944,20.6332168843829,8.512546,0,0,0,40,4449,299.9324,-4102.24926757812,,,,,,,,,,,,,0,,,,10.6886921,,,,,,299.9907837,,,,
,16776865.265,299.98986815,-4185.25903320313,10.4911983902634,0.000515950959896705,1,0.999253354069792,40.0298881530762,2.00052552628164,19.2200001329184,57.3491385845139,10.4264230400364,250,-0.0368041354372988,10.4892193818192,0.00725964487613017,299.9889526,299.9907837,-4263.62158203125,-4106.896484375,56.0693401985059,20.6307931153276,8.512546,0,0,0,40,4449,299.93135,-4185.25903320313,,,,,,,,,,,,,0,,,,10.74261715,,,,,,299.98986815,,,,
,16776866.665,299.9896545,-4325.85131835937,10.4811822919246,0.000505937825024093,1,0.999253354069792,40.0298881530762,2.000587348707,19.2200001329184,57.296817956545,10.4129822228789,250,-0.0374638176949755,10.4792082532869,0.00655718062527791,299.9889526,299.9903564,-4388.0810546875,-4263.62158203125,56.2678738423906,20.6318429248305,8.512546,0,0,0,40,4449,299.932,-4325.85131835937,,,,,,,,,,,,,0,,,,10.74261715,,,,,,299.9896545,,,,
,16776867.7,299.9903564,-4433.5361328125,10.4703474559372,0.000635575720789762,1,0.999253354069792,40.0298881530762,2.00057442698069,19.2200001329184,57.2375190651313,10.4005734890375,250,-0.0377134300949867,10.4683764578285,0.00626147987848633,299.9903564,299.9903564,-4478.9912109375,-4388.0810546875,56.198308904179,20.6319549006242,8.512546,0,0,0,40,4449,299.9324,-4433.5361328125,,,,,,,,,,,,,0,,,,10.6353035,,,,,,299.9903564,,,,
,16776868.605,299.9906158,-4529.04443359375,10.459206087358,0.000959966552573329,1,0.999253354069792,40.0298881530762,2.00061524806415,19.2200001329184,57.1775195172347,10.3909573906767,250,-0.0374448551959981,10.4572361886678,0.00648255941709238,299.9903564,299.9908752,-4579.09765625,-4478.9912109375,56.2498963864483,20.6303510198628,8.884414,0,0,0,40,4449,299.93325,-4529.04443359375,,,,,,,,,,,,,0,,,,10.74261715,,,,,,299.9906158,,,,
,16776869.585,299.99075315,-4629.01904296875,10.4486239580209,0.000624618494733343,1,0.999253354069792,40.0298881530762,2.00059907515779,19.2200001329184,57.1201665760634,10.3752573754474,250,-0.0383408876556891,10.446659974316,0.00554170480415734,299.9906311,299.9908752,-4678.9404296875,-4579.09765625,56.2170679886406,20.6306129506045,8.512546,0,0,0,40,4449,299.93345,-4629.01904296875,,,,,,,,,,,,,0,,,,10.74261715,,,,,,299.99075315,,,,
,16776870.585,299.99102785,-4728.76318359375,10.4388618973555,0.000625085803641818,1,0.999253354069792,40.0298881530762,2.00075916771714,19.2200001329184,57.0708632712028,10.3684607876938,250,-0.0379222610477169,10.4368980862581,0.00591871143211879,299.9906311,299.9914246,-4778.5859375,-4678.9404296875,56.1928375045444,20.6314348625067,7.768809,0,0,0,40,4449,299.9335,-4728.76318359375,,,,,,,,,,,,,0,,,,10.4783001,,,,,,299.99102785,,,,
,16776871.625,299.9912262,-4833.40478515625,10.4289198328753,0.00047050923964427,1,0.999253354069792,40.0298881530762,2.0007135401456,19.2200001329184,57.0153320486797,10.3578644114305,250,-0.0379753736376123,10.4269582520902,0.0058232048927369,299.9910278,299.9914246,-4888.2236328125,-4778.5859375,56.360887636179,20.633167095188,9.256284,0,0,0,40,4449,299.93405,-4833.40478515625,,,,,,,,,,,,,0,,,,10.58561375,,,,,,299.9912262,,,,
,16776872.665,299.99087525,-4933.07275390625,10.4141114159344,0.0014469379476978,1,0.999253354069792,40.0298881530762,2.00065174020277,19.2200001329184,56.9309756853633,10.3519320278178,250,-0.0362578163404763,10.4121458102592,0.00747779917716105,299.9907227,299.9910278,-4977.921875,-4888.2236328125,55.9919589751021,20.6327683024318,8.512546,0,0,0,40,4449,299.93345,-4933.07275390625,,,,,,,,,,,,,0,,,,10.58561375,,,,,,299.99087525,,,,
,16776873.69,299.99099735,-5032.75439453125,10.4006885733514,0.000542639398739633,1,0.999253354069792,40.0298881530762,2.00053828717905,19.2200001329184,56.8508022926004,10.3577109846515,250,-0.0326057198362258,10.3987103598327,0.0110723215342262,299.9907227,299.991272,-5087.5869140625,-4977.921875,56.1529744500636,20.6283335040231,9.256284,0,0,0,40,4449,299.93305,-5032.75439453125,,,,,,,,,,,,,0,,,,10.4783001,,,,,,299.99099735,,,,
,16776874.725,299.99087525,-5137.5576171875,10.3898208147677,0.00119179876655877,1,0.999253354069792,40.0298881530762,2.00042812502342,19.2300006747246,56.7897334298875,10.3388761812067,250,-0.0339361607151971,10.3878504946344,0.00969598508945566,299.9904785,299.991272,-5187.5283203125,-5087.5869140625,55.8801860968521,20.6312615144924,9.256284,0,0,0,40,4449,299.93285,-5137.5576171875,,,,,,,,,,,,,0,,,,10.6353035,,,,,,299.99087525,,,,
,16776875.68,299.9900665,-5232.54174804687,10.3774213832075,0.00111197140763302,1,0.999253354069792,40.0298881530762,2.0005242754346,19.2200001329184,56.7252171202785,10.3237946577326,250,-0.034485895051156,10.3754562482165,0.00909380913577624,299.9896545,299.9904785,-5277.55517578125,-5187.5283203125,56.0294771440252,20.6276163248677,9.256284,0,0,0,40,4449,299.9327,-5232.54174804687,,,,,,,,,,,,,0,,,,10.53011275,,,,,,299.9900665,,,,
,16776876.72,299.98997495,-5337.4775390625,10.3676691474309,0.00104926094685598,1,0.999253354069792,40.0298881530762,2.00053426885498,19.2200001329184,56.6716776683173,10.316883104258,250,-0.0339512918170289,10.3657038449404,0.00958672394786424,299.9896545,299.9902954,-5397.39990234375,-5277.55517578125,56.3296224954098,20.6294329492745,8.512546,0,0,0,40,4449,299.93305,-5337.4775390625,,,,,,,,,,,,,0,,,,10.424922,,,,,,299.98997495,,,,
,16776877.905,299.9909973,-5457.33447265625,10.3557568828298,0.00111306612994306,1,0.999253354069792,40.0298881530762,2.00048339969804,19.2300006747246,56.6043676368125,10.3090371499174,250,-0.0331308510407226,10.3537902545842,0.0103560510876019,299.9902954,299.9916992,-5517.26904296875,-5397.39990234375,55.9739815191598,20.6265995802067,8.512546,0,0,0,40,4449,299.93465,-5457.33447265625,,,,,,,,,,,,,0,,,,10.6374264,,,,,,299.9909973,,,,
,16776878.955,299.9915466,-5562.27978515625,10.3445270272638,0.000665639253493171,1,0.999253354069792,40.0298881530762,2.00051409330089,19.2200001329184,56.5451521309665,10.2908828448238,250,-0.0343993868219094,10.3425678491664,0.00904009032563066,299.991394,299.9916992,-5607.29052734375,-5517.26904296875,55.9567856917367,20.6314253167762,9.256284,0,0,0,40,4449,299.9344,-5562.27978515625,,,,,,,,,,,,,0,,,,10.58561375,,,,,,299.9915466,,,,
,16776880.035,299.991394,-5667.20971679687,10.3326315125152,0.00107283062450938,1,0.999253354069792,40.0298881530762,2.00057439683001,19.2300006747246,56.4812146492755,10.2824488820332,250,-0.0337922538442814,10.3306723126087,0.00959662143817503,299.991394,299.991394,-5727.12890625,-5607.29052734375,56.0216608588328,20.6302278644153,8.512546,0,0,0,40,4449,299.93415,-5667.20971679687,,,,,,,,,,,,,0,,,,10.37310935,,,,,,299.991394,,,,
,16776881.23,299.9919891,-5787.05908203125,10.323587331853,0.000983025920020409,1,0.999253354069792,40.0298881530762,2.0005780233239,19.2300006747246,56.4326565709018,10.269253263594,250,-0.0345332672753243,10.3216329177757,0.00881712522744951,299.991394,299.9925842,-5846.9892578125,-5727.12890625,56.1045134818713,20.630048313388,7.396941,0,0,0,40,4449,299.93415,-5787.05908203125,,,,,,,,,,,,,0,,,,10.424922,,,,,,299.9919891,,,,
,16776882.215,299.9925842,-5886.90185546875,10.3091778016172,0.00116268489038076,1,0.999253354069792,40.0298881530762,2.00055060820678,19.2200001329184,56.3524843750054,10.2582898800971,250,-0.0338427175819096,10.3072232202043,0.00944674070521619,299.9925842,299.9925842,-5926.814453125,-5846.9892578125,56.2444249868136,20.628040154289,7.396941,0,0,0,40,4449,299.93265,-5886.90185546875,,,,,,,,,,,,,0,,,,10.53011275,,,,,,299.9925842,,,,
,16776883.2,299.9927826,-5981.87744140625,10.2981196009578,0.00111454595671599,1,0.999253354069792,40.0298881530762,2.00066662168416,19.2300006747246,56.2953339468981,10.2472470338796,250,-0.0339191301473225,10.2961675594531,0.00932343285632905,299.9925842,299.992981,-6036.9404296875,-5926.814453125,55.9638203484098,20.6278637632134,7.396941,0,0,0,40,4449,299.9324,-5981.87744140625,,,,,,,,,,,,,0,,,,10.6353035,,,,,,299.9927826,,,,
,16776884.19,299.99273685,-6081.998046875,10.285860425451,0.00127107303166238,1,0.999253354069792,40.0298881530762,2.00073202014532,19.2300006747246,56.2298913053133,10.2365555323031,250,-0.0336620330797486,10.2839098681942,0.00952844438586854,299.9924927,299.992981,-6127.0556640625,-6036.9404296875,55.9505326635828,20.6276256748722,7.768809,0,0,0,40,4449,299.93245,-6081.998046875,,,,,,,,,,,,,0,,,,10.74261715,,,,,,299.99273685,,,,
,16776885.1,299.99269105,-6177.00463867187,10.2748345965405,0.00129332550037856,1,0.999253354069792,40.0298881530762,2.00071633799883,19.2300006747246,56.1694468224243,10.2241060409778,250,-0.0338812480164454,10.2728872825743,0.00926231047250814,299.9924927,299.9928894,-6226.95361328125,-6127.0556640625,56.1334337370829,20.6290586721437,8.512546,0,0,0,40,4449,299.9333,-6177.00463867187,,,,,,,,,,,,,0,,,,10.8499308,,,,,,299.99269105,,,,
,16776886.17,299.99302675,-6282.02612304687,10.2612323537695,0.00137728251582288,1,0.999253354069792,40.0298881530762,2.00071314481822,19.2300006747246,56.0952192571555,10.2093719486023,250,-0.0340521089397589,10.2592884745022,0.00903354613016131,299.9928894,299.9931641,-6337.0986328125,-6226.95361328125,55.7027564229867,20.6255693925631,8.512546,0,0,0,40,4449,299.93475,-6282.02612304687,,,,,,,,,,,,,0,,,,10.8499308,,,,,,299.99302675,,,,
,16776887.14,299.99273685,-6377.11376953125,10.2475477259721,0.00162300299704921,1,0.999253354069792,40.0298881530762,2.00025946076055,19.2200001329184,56.0088249765222,10.1892045633078,250,-0.0347932278898082,10.2456098908778,0.00823469817784066,299.9923096,299.9931641,-6417.12890625,-6337.0986328125,55.8809677253713,20.6330531161256,8.884414,0,0,0,40,4449,299.93415,-6377.11376953125,,,,,,,,,,,,,0,,,,10.58561375,,,,,,299.99273685,,,,
,16776888.045,299.99266055,-6467.10888671875,10.2353457997007,0.00131080346961261,1,0.999253354069792,40.0298881530762,1.99977858401291,19.2300006747246,55.930274572528,10.1679504573942,250,-0.0359852856783948,10.2334154953372,0.00699148473321532,299.9923096,299.9930115,-6517.0888671875,-6417.12890625,55.8145293012367,20.6359690306729,9.256284,0,0,0,40,4449,299.9322,-6467.10888671875,,,,,,,,,,,,,0,,,,10.4783001,,,,,,299.99266055,,,,
,16776889.13,299.9928589,-6577.31665039063,10.2224505526062,0.00130909590764564,1,0.999253354069792,40.0298881530762,1.99983137048705,19.2300006747246,55.8624452801282,10.148936979373,250,-0.0371231375685708,10.2205276240754,0.00579917836015772,299.9927063,299.9930115,-6637.54443359375,-6517.0888671875,55.6433526555251,20.6379012662464,7.396941,0,0,0,40,4449,299.9318,-6577.31665039063,,,,,,,,,,,,,0,,,,10.74261715,,,,,,299.9928589,,,,
,16776890.14,299.99246215,-6682.59741210937,10.2099190878885,0.000928920469097107,1,0.999253354069792,40.0298881530762,2.00018726486051,19.2300006747246,55.8013104992338,10.1508398791868,250,-0.0347728384278425,10.2079890409105,0.00809585114842219,299.992218,299.9927063,-6727.650390625,-6637.54443359375,55.8653351549867,20.6321734253877,7.396941,0,0,0,40,4449,299.9315,-6682.59741210937,,,,,,,,,,,,,0,,,,10.74261715,,,,,,299.99246215,,,,
,16776891.135,299.9925842,-6782.67163085938,10.197605385637,0.00109124900988836,1,0.999253354069792,40.0298881530762,2.00025967540644,19.2300006747246,55.7346765753144,10.1459730042549,250,-0.0334455212524876,10.1956722781102,0.00937063367448181,299.992218,299.9929504,-6837.69287109375,-6727.650390625,55.8794044683328,20.6318193727134,9.256284,0,0,0,40,4449,299.93155,-6782.67163085938,,,,,,,,,,,,,0,,,,10.4783001,,,,,,299.9925842,,,,
,16776892.245,299.99285885,-6892.73950195313,10.1844272321624,0.00107781231946113,1,0.999253354069792,40.0298881530762,2.0004051666925,19.2200001329184,55.6667129783667,10.1329605757473,250,-0.0335146714596221,10.1824970868727,0.00924515886904986,299.9927673,299.9929504,-6947.7861328125,-6837.69287109375,56.1037318533521,20.6317243453678,9.256284,0,0,0,40,4449,299.9339,-6892.73950195313,,,,,,,,,,,,,0,,,,10.5316887,,,,,,299.99285885,,,,
,16776893.265,299.9927826,-6992.86254882813,10.1705167776267,0.00126967835074475,1,0.999253354069792,40.0298881530762,2.00051481971989,19.2200001329184,55.5933970598138,10.1210312364277,250,-0.0332171983852412,10.1685883253788,0.00948327480015417,299.9927673,299.9927979,-7037.93896484375,-6947.7861328125,55.9669468624867,20.6297557436238,8.512546,0,0,0,40,4449,299.9359,-6992.86254882813,,,,,,,,,,,,,0,,,,10.6886921,,,,,,299.9927826,,,,
,16776894.295,299.99351505,-7092.97778320312,10.1580408238326,0.00123060160864197,1,0.999253354069792,40.0298881530762,2.00046141154927,19.2200001329184,55.5245638428201,10.1039948212262,250,-0.0339735591941412,10.1561178700223,0.00867404594525229,299.9927979,299.9942322,-7148.0166015625,-7037.93896484375,55.8872207535252,20.6296366282813,9.256284,0,0,0,40,4449,299.9364,-7092.97778320312,,,,,,,,,,,,,0,,,,10.4783001,,,,,,299.99351505,,,,
,16776895.37,299.9936066,-7203.03759765625,10.1310694417219,0.00105778787637113,1,0.999253354069792,40.0298881530762,2.00050845792948,19.2200001329184,55.3774979997273,10.0822935988159,250,-0.0329867950529276,10.1291478315823,0.00954701201684345,299.992981,299.9942322,-7258.05859375,-7148.0166015625,56.1623539922944,20.626916782267,7.396941,0,0,0,40,4449,299.93495,-7203.03759765625,,,,,,,,,,,,,0,,,,10.58561375,,,,,,299.9936066,,,,
,16776896.45,299.9928589,-7313.05981445313,10.1152108380386,0.00111192314669506,1,0.999253354069792,40.0298881530762,2.00069131866097,19.2200001329184,55.2954741549648,10.0688485835576,250,-0.0326710718480733,10.1132914536268,0.0097955960986646,299.9927368,299.992981,-7368.06103515625,-7258.05859375,56.0474545999675,20.6267676586359,8.884414,0,0,0,40,4449,299.93425,-7313.05981445313,,,,,,,,,,,,,0,,,,10.74261715,,,,,,299.9928589,,,,
,16776897.55,299.9925842,-7423.099609375,10.1021510854102,0.00125461628187149,1,0.999253354069792,40.0298881530762,2.00071446773739,19.2300006747246,55.2248622087904,10.0551190702954,250,-0.0327825513407389,10.1002349897836,0.0096286447993991,299.9924316,299.9927368,-7478.13818359375,-7368.06103515625,56.0669953129482,20.6288873273659,9.256284,0,0,0,40,4449,299.93455,-7423.099609375,,,,,,,,,,,,,0,,,,10.74261715,,,,,,299.9925842,,,,
,16776899.515,299.993042,-7618.05224609375,10.0870799575502,0.00118842354305351,1,0.999253354069792,40.0298881530762,2.00064328457046,19.2200001329184,55.1405784183213,10.039675474749,250,-0.032750015776606,10.0851667035173,0.00959701169212017,299.993042,299.993042,-7628.0390625,-7608.0654296875,56.177986562679,20.628142707517,8.512546,0,0,0,40,4449,299.9333,-7618.05224609375,,,,,,,,,,,,,0,,,,10.424922,,,,,,299.993042,,,,
,16776899.985,299.9931488,-7668.07666015625,10.0725522257962,0.00105077750081583,1,0.999253354069792,40.0298881530762,2.00071809801385,19.2300006747246,55.0636465949112,10.0230115305867,250,-0.0331729806938574,10.0706436846371,0.00911290118503109,299.993042,299.9932556,-7708.1142578125,-7628.0390625,56.0302587725444,20.6292603874569,7.396941,0,0,0,40,4449,299.9331,-7668.07666015625,,,,,,,,,,,,,0,,,,10.37310935,,,,,,299.9931488,,,,
,16776900.88,299.9932556,-7758.08911132813,10.057926792387,0.0011896208259647,1,0.999253354069792,40.0298881530762,2.00066239451722,19.2300006747246,54.9806593704665,10.0165036529561,250,-0.0316018141763911,10.0560146462036,0.0106217622484245,299.9932556,299.9932556,-7808.06396484375,-7708.1142578125,56.0380750577367,20.6260981949931,8.884414,0,0,0,40,4449,299.9336,-7758.08911132813,,,,,,,,,,,,,0,,,,10.5316887,,,,,,299.9932556,,,,
,16776901.98,299.99316405,-7868.19873046875,10.0435017857122,0.00134502483554725,1,0.999253354069792,40.0298881530762,2.00068227897976,19.2200001329184,54.9034260186464,9.9963718897011,250,-0.0326291637331404,10.0415969670966,0.00953355402018146,299.9930725,299.9932556,-7928.33349609375,-7808.06396484375,56.0083731740059,20.6295006414812,9.256284,0,0,0,40,4449,299.93295,-7868.19873046875,,,,,,,,,,,,,0,,,,10.79600575,,,,,,299.99316405,,,,
,16776903.015,299.9930725,-7968.3564453125,10.0276000835018,0.00106819921538028,1,0.999253354069792,40.0298881530762,2.00067876732468,19.2300006747246,54.8170732254992,9.97692428294774,250,-0.0332365978055993,10.0257011277246,0.00885900119760664,299.9930725,299.9930725,-8008.37939453125,-7928.33349609375,56.0208792303136,20.6283420136328,8.512546,0,0,0,40,4449,299.9325,-7968.3564453125,,,,,,,,,,,,,0,,,,10.8499308,,,,,,299.9930725,,,,
,16776904.03,299.99378965,-8068.37890625,10.012466488838,0.00115326574509367,1,0.999253354069792,40.0298881530762,2.00072420413112,19.2300006747246,54.7340255065837,9.97033104852052,250,-0.0316769312736645,10.0105638576445,0.0103542002748802,299.9930725,299.9945068,-8128.37841796875,-8008.37939453125,56.1404683937559,20.6267597036283,8.512546,0,0,0,40,4449,299.93285,-8068.37890625,,,,,,,,,,,,,0,,,,10.58561375,,,,,,299.99378965,,,,
,16776905.11,299.9942932,-8178.33081054687,9.99643112229233,0.00114659397354173,1,0.999253354069792,40.0298881530762,2.00073707794861,19.2200001329184,54.6465423360419,9.95532278238526,250,-0.0314614761388392,9.99453070645482,0.0105018270610509,299.9940796,299.9945068,-8228.283203125,-8128.37841796875,56.3085185253906,20.6264987357291,8.884414,0,0,0,40,4449,299.93195,-8178.33081054687,,,,,,,,,,,,,0,,,,10.4783001,,,,,,299.9942932,,,,
,16776906.14,299.993927,-8283.2958984375,9.98173707633194,0.00118862246675045,1,0.999253354069792,40.0298881530762,2.00075712456592,19.2300006747246,54.567750618657,9.93538843449621,250,-0.0324027672422879,9.97984377842825,0.00949857648251146,299.9937744,299.9940796,-8338.30859375,-8228.283203125,56.1732967915636,20.6257756332389,9.256284,0,0,0,40,4449,299.9312,-8283.2958984375,,,,,,,,,,,,,0,,,,10.4783001,,,,,,299.993927,,,,
,16776907.25,299.9935913,-8393.3505859375,9.96469123763819,0.00103799665509769,1,0.999253354069792,40.0298881530762,2.00078769687043,19.2200001329184,54.4748114352545,9.92162226241241,250,-0.0317880298817374,9.96279901230719,0.0100409646253664,299.9934082,299.9937744,-8448.392578125,-8338.30859375,56.0521443710829,20.6241767692364,9.256284,0,0,0,40,4449,299.9315,-8393.3505859375,,,,,,,,,,,,,0,,,,10.4783001,,,,,,299.9935913,,,,
,16776908.335,299.9934845,-8498.3671875,9.93227306674818,0.00126246413799806,1,0.999253354069792,40.0298881530762,2.00082529433464,19.2200001329184,54.2977480488593,9.89402999504767,250,-0.0308595767523611,9.93038362804665,0.0108325906095283,299.9934082,299.9935608,-8548.341796875,-8448.392578125,56.2608391857175,20.626552763941,9.256284,0,0,0,40,4449,299.93135,-8498.3671875,,,,,,,,,,,,,0,,,,10.6353035,,,,,,299.9934845,,,,
,16776909.445,299.99349975,-8608.42626953125,9.91482424474754,0.00112731336001872,1,0.999253354069792,40.0298881530762,2.00075938273598,19.2200001329184,54.2008190391044,9.87525074037633,250,-0.0310025791630566,9.91293899992133,0.0106158271418584,299.9934387,299.9935608,-8668.5107421875,-8548.341796875,56.1568825926598,20.6250655449941,8.512546,0,0,0,40,4449,299.9309,-8608.42626953125,,,,,,,,,,,,,0,,,,10.4783001,,,,,,299.99349975,,,,
,16776910.65,299.9936981,-8728.56298828125,9.89846325533429,0.00128410585840843,1,0.999253354069792,40.0298881530762,2.00083499886312,19.2200001329184,54.1140151009608,9.85585299471918,250,-0.0315851307002212,9.89658375736195,0.00996421019130556,299.9934387,299.9939575,-8788.615234375,-8668.5107421875,56.0685585699867,20.625091303902,7.768809,0,0,0,40,4449,299.92985,-8728.56298828125,,,,,,,,,,,,,0,,,,10.58561375,,,,,,299.9936981,,,,
,16776911.815,299.9929199,-8848.61279296875,9.88047179754384,0.00116023435370583,1,0.999253354069792,40.0298881530762,2.00088853390929,19.2200001329184,54.0167715444743,9.8397947758409,250,-0.0312343779428113,9.87859483519117,0.01023866925345,299.9918823,299.9939575,-8908.6103515625,-8788.615234375,56.2858512983329,20.6252492682816,9.256284,0,0,0,40,4449,299.93,-8848.61279296875,,,,,,,,,,,,,0,,,,10.8499308,,,,,,299.9929199,,,,
,16776912.815,299.9918823,-8948.6513671875,9.86268681494166,0.00128969784864102,1,0.999253354069792,40.0298881530762,2.00083099598906,19.2300006747246,53.9173119480743,9.82568986886402,250,-0.0304669648283054,9.86081069233361,0.0109305558967345,299.9918823,299.9918823,-8988.6923828125,-8908.6103515625,56.1115481385444,20.6259496558322,8.512546,0,0,0,40,4449,299.93095,-8948.6513671875,,,,,,,,,,,,,0,,,,10.74261715,,,,,,299.9918823,,,,
,16776913.78,299.99293515,-9043.67822265625,9.84470527789962,0.00111853216298576,1,0.999253354069792,40.0298881530762,2.00075927442156,19.2200001329184,53.8188090119504,9.7983686117378,250,-0.0320700058012001,9.84283919733745,0.00925191932259221,299.9918823,299.993988,-9098.6640625,-8988.6923828125,56.292885955006,20.625803527176,9.256284,0,0,0,40,4449,299.9304,-9043.67822265625,,,,,,,,,,,,,0,,,,10.6886921,,,,,,299.99293515,,,,
,16776914.835,299.993988,-9148.6435546875,9.82561891624704,0.00128595341874008,1,0.999253354069792,40.0298881530762,2.00082314386155,19.2200001329184,53.7145416955402,9.78828320488711,250,-0.0304318202525379,9.82374952030105,0.0108090108215538,299.993988,299.993988,-9198.623046875,-9098.6640625,56.0888809114867,20.6268349166928,8.884414,0,0,0,40,4449,299.93075,-9148.6435546875,,,,,,,,,,,,,0,,,,10.7420807,,,,,,299.993988,,,,
,16776915.835,299.99389645,-9248.630859375,9.805601222129,0.00144214018984682,1,0.999253354069792,40.0298881530762,2.00077555908837,19.2200001329184,53.6047357119026,9.76343084714704,250,-0.0312266605456146,9.80373931540921,0.00992977407911188,299.9938049,299.993988,-9298.638671875,-9198.623046875,56.0544892566406,20.6269940237672,8.512546,0,0,0,40,4449,299.9306,-9248.630859375,,,,,,,,,,,,,0,,,,10.58350135,,,,,,299.99389645,,,,
,16776916.915,299.99375915,-9358.72265625,9.78615888762292,0.00119880143714997,1,0.999253354069792,40.0298881530762,2.00084674211781,19.2200001329184,53.500058979769,9.74573772176753,250,-0.0309212330736837,9.78429974991182,0.010153019867513,299.9937134,299.9938049,-9418.806640625,-9298.638671875,56.1256174518906,20.6246474117872,8.512546,0,0,0,40,4449,299.92995,-9358.72265625,,,,,,,,,,,,,0,,,,10.53011275,,,,,,299.99375915,,,,
,16776918,299.99461365,-9468.7861328125,9.76588311392483,0.00150498567488135,1,0.999253354069792,40.0298881530762,2.00086689585816,19.2200001329184,53.3897293382196,9.72567676843273,250,-0.0308498715898937,9.76402755934081,0.0101385398566607,299.9937134,299.9955139,-9518.765625,-9418.806640625,56.1389051367175,20.6251341519044,8.512546,0,0,0,40,4449,299.9306,-9468.7861328125,,,,,,,,,,,,,0,,,,10.6886921,,,,,,299.99461365,,,,
,16776919.125,299.99467465,-9578.8671875,9.74438220488087,0.00122285562643458,1,0.999253354069792,40.0298881530762,2.0008708748151,19.2200001329184,53.2725078420665,9.7030983210346,250,-0.0309981272975944,9.74253168567718,0.00989939639124029,299.9938354,299.9955139,-9638.96875,-9518.765625,55.8887840105636,20.6253593510733,7.396941,0,0,0,40,4449,299.93095,-9578.8671875,,,,,,,,,,,,,0,,,,10.7420807,,,,,,299.99467465,,,,
,16776920.34,299.99485775,-9698.98291015625,9.70019705161027,0.00156211333138859,1,0.999253354069792,40.0298881530762,2.00082135656657,19.2200001329184,53.0299108241567,9.65756008340508,250,-0.0310962734376788,9.69835591242012,0.00961529061839629,299.9938354,299.9958801,-9758.9970703125,-9638.96875,55.9606938343328,20.6266408021229,9.256284,0,0,0,40,4449,299.93015,-9698.98291015625,,,,,,,,,,,,,0,,,,10.6886921,,,,,,299.99485775,,,,
,16776921.485,299.995697,-9814.1171875,9.67671619108266,0.00136008605113667,1,0.999253354069792,40.0298881530762,2.00089989603627,19.2200001329184,52.902916577714,9.63805468454214,250,-0.0303790471144445,9.67487657838431,0.0102331680555661,299.9955139,299.9958801,-9869.2373046875,-9758.9970703125,56.228792416429,20.6245341213056,8.512546,0,0,0,40,4449,299.9302,-9814.1171875,,,,,,,,,,,,,0,,,,10.6353035,,,,,,299.995697,,,,
,16776922.555,299.99578855,-9919.4951171875,9.65247066926086,0.00134424067103913,1,0.999253354069792,40.0298881530762,2.00085160139533,19.2200001329184,52.768649194489,9.61624212302602,250,-0.0298331016966695,9.65063374419307,0.01067638505269,299.9955139,299.9960632,-9969.7529296875,-9869.2373046875,55.9333368361598,20.6265482410812,7.396941,0,0,0,40,4449,299.9319,-9919.4951171875,,,,,,,,,,,,,0,,,,10.6353035,,,,,,299.99578855,,,,
,16776923.68,299.99456785,-10034.8686523438,9.62712153306025,0.00150503149530482,1,0.999253354069792,40.0298881530762,2.000810965102,19.2200001329184,52.6294740391086,9.58840398815859,250,-0.030192435826771,9.62529176113012,0.0102101248092996,299.9930725,299.9960632,-10099.984375,-9969.7529296875,56.208470074929,20.6255691898615,7.396941,0,0,0,40,4449,299.9317,-10034.8686523438,,,,,,,,,,,,,0,,,,10.4783001,,,,,,299.99456785,,,,
,16776924.88,299.9935913,-10154.95703125,9.59998314319955,0.00151716189483964,1,0.999253354069792,40.0298881530762,2.00085253534287,19.2200001329184,52.4822956460218,9.56094007345122,250,-0.0302218452708436,9.59815940673298,0.0100663003242208,299.9930725,299.9941101,-10209.9296875,-10099.984375,55.9434980069098,20.6262026090308,8.512546,0,0,0,40,4449,299.9308,-10154.95703125,,,,,,,,,,,,,0,,,,10.5316887,,,,,,299.9935913,,,,
,16776925.935,299.9945526,-10259.9975585938,9.57098650969919,0.00152089985345304,1,0.999253354069792,40.0298881530762,2.00083053949092,19.2200001329184,52.3228033858383,9.53415901520249,250,-0.0297271688293009,9.56916631780965,0.0104384836433078,299.9941101,299.9949951,-10310.0654296875,-10209.9296875,56.1654805063713,20.6248876918996,7.396941,0,0,0,40,4449,299.93155,-10259.9975585938,,,,,,,,,,,,,0,,,,10.7420807,,,,,,299.9945526,,,,
,16776926.95,299.9945831,-10365.13671875,9.54170291702605,0.00169466683076162,1,0.999253354069792,40.0298881530762,2.00093523292965,19.2200001329184,52.1659650314925,9.5022965187693,250,-0.0302169968964697,9.539890772578,0.00982532730657244,299.9941711,299.9949951,-10420.2080078125,-10310.0654296875,56.0583973992367,20.6260790544022,9.256284,0,0,0,40,4449,299.93125,-10365.13671875,,,,,,,,,,,,,0,,,,10.7420807,,,,,,299.9945831,,,,
,16776928.055,299.9941406,-10475.2192382813,9.50988031331597,0.00185946405481234,1,0.999253354069792,40.0298881530762,2.00087645582448,19.2200001329184,51.9905628433105,9.46998678754716,250,-0.0301793486818202,9.50807467840587,0.00972895528826179,299.9941101,299.9941711,-10530.23046875,-10420.2080078125,55.984924318429,20.6248633387821,7.396941,0,0,0,40,4449,299.93035,-10475.2192382813,,,,,,,,,,,,,0,,,,10.6886921,,,,,,299.9941406,,,,
,16776929.075,299.9936981,-10575.333984375,9.47632267927087,0.00176681881006122,1,0.999253354069792,40.0298881530762,2.00086607332201,19.2200001329184,51.8057209336191,9.4425692295025,250,-0.0289655679582723,9.47451897825928,0.0108011146728428,299.9932861,299.9941101,-10620.4375,-10530.23046875,56.1310888515252,20.6238117232287,9.256284,0,0,0,40,4449,299.93035,-10575.333984375,,,,,,,,,,,,,0,,,,10.4783001,,,,,,299.9936981,,,,
,16776930.075,299.99311825,-10675.3940429688,9.43996862026157,0.00188386461826363,1,0.999253354069792,40.0298881530762,2.00089306620285,19.2300006747246,51.6085280478776,9.40177915209454,250,-0.0297119781415111,9.43817570835944,0.00990157972616406,299.9929504,299.9932861,-10730.3505859375,-10620.4375,55.9481877780252,20.6256909900225,9.256284,0,0,0,40,4449,299.93145,-10675.3940429688,,,,,,,,,,,,,0,,,,10.3212967,,,,,,299.99311825,,,,
,16776931.13,299.9933624,-10780.3154296875,9.40124226338663,0.00195198540871029,1,0.999253354069792,40.0298881530762,2.00089813760842,19.2200001329184,51.3967496238374,9.3642426743536,250,-0.0294046811455656,9.39945589439977,0.0100457947564924,299.9929504,299.9937744,-10830.2802734375,-10730.3505859375,56.1256174518906,20.6263384475308,8.512546,0,0,0,40,4449,299.93105,-10780.3154296875,,,,,,,,,,,,,0,,,,10.37310935,,,,,,299.9933624,,,,
,16776932.15,299.9936218,-10885.291015625,9.35910496653438,0.00207680655571569,1,0.999253354069792,40.0298881530762,2.00092725925729,19.2200001329184,51.166908418186,9.32348986929036,250,-0.0290736420987957,9.35732571654377,0.0101995706857496,299.9934692,299.9937744,-10940.3017578125,-10830.2802734375,56.1443765363521,20.6250945126133,7.396941,0,0,0,40,4449,299.9298,-10885.291015625,,,,,,,,,,,,,0,,,,10.6374264,,,,,,299.9936218,,,,
,16776933.29,299.99407955,-11000.3315429688,9.26288427011547,0.00256185465682825,1,0.999253354069792,40.0298881530762,2.00089759441446,19.2300006747246,50.6407017559883,9.22442203004413,250,-0.029337520050346,9.26112560205646,0.00953114009485634,299.9934692,299.9946899,-11060.361328125,-10940.3017578125,56.0779381122175,20.625211798846,7.768809,0,0,0,40,4449,299.93145,-11000.3315429688,,,,,,,,,,,,,0,,,,10.74261715,,,,,,299.99407955,,,,
,16776934.455,299.99449155,-11115.3505859375,9.20626816986955,0.00278316704135457,1,0.999253354069792,40.0298881530762,2.00095603153757,19.2200001329184,50.3322072833341,9.17047820884816,250,-0.028759054833069,9.20451851721459,0.0098710955748288,299.9942932,299.9946899,-11170.33984375,-11060.361328125,56.1131113955829,20.6238142698292,9.256284,0,0,0,40,4449,299.93285,-11115.3505859375,,,,,,,,,,,,,0,,,,10.4783001,,,,,,299.99449155,,,,
,16776935.49,299.99446105,-11220.3935546875,9.14577159234548,0.00303001455483072,1,0.999253354069792,40.0298881530762,2.00094646089844,19.2200001329184,50.0016377299247,9.10797358839814,250,-0.0289722285245336,9.14403519387706,0.00940352466724687,299.9942932,299.9946289,-11270.447265625,-11170.33984375,56.1428132793136,20.6253343597215,8.512546,0,0,0,40,4449,299.93315,-11220.3935546875,,,,,,,,,,,,,0,,,,10.3212967,,,,,,299.99446105,,,,
,16776936.535,299.9947052,-11325.453125,9.07854570763693,0.00329523584348917,1,0.999253354069792,40.0298881530762,2.00089430665856,19.2200001329184,49.6322255184401,9.04411024705033,250,-0.0281521399856213,9.0768194921273,0.0099408944354264,299.9946289,299.9947815,-11380.458984375,-11270.447265625,56.1381235081982,20.6251651676939,8.512546,0,0,0,40,4449,299.9327,-11325.453125,,,,,,,,,,,,,0,,,,10.5316887,,,,,,299.9947052,,,,
,16776937.625,299.99568175,-11430.4956054688,9.00256020155221,0.00365530469780443,1,0.999253354069792,40.0298881530762,2.00083157683581,19.2200001329184,49.2164879604966,8.96177974823789,250,-0.0290797595564203,9.0008530466451,0.00869407932732087,299.9947815,299.996582,-11480.5322265625,-11380.458984375,56.0740299696213,20.6256643634362,8.512546,0,0,0,40,4449,299.93285,-11430.4956054688,,,,,,,,,,,,,0,,,,10.5316887,,,,,,299.99568175,,,,
,16776938.605,299.99552915,-11525.51171875,8.91934251592475,0.00398423527595958,1,0.999253354069792,40.0298881530762,2.00089368462046,19.2200001329184,48.7625677508093,8.88163270258278,250,-0.0283666827793788,8.91764937049102,0.00905743988934609,299.9944763,299.996582,-11570.4912109375,-11480.5322265625,56.208470074929,20.6267748889425,7.396941,0,0,0,40,4449,299.9324,-11525.51171875,,,,,,,,,,,,,0,,,,10.5316887,,,,,,299.99552915,,,,
,16776940.525,299.9953613,-11720.5551757813,8.83181611355229,0.00439491158707749,1,0.999253354069792,40.0298881530762,2.00082271637369,19.2200001329184,48.2823919936154,8.79414782189518,250,-0.0280916322237365,8.83013976415391,0.0089640473307437,299.9953613,299.9953613,-11730.513671875,-11710.5966796875,56.2913226979675,20.6266279687833,7.768809,0,0,0,40,4449,299.93335,-11720.5551757813,,,,,,,,,,,,,0,,,,10.3212967,,,,,,299.9953613,,,,
,16776941.15,299.9961395,-11785.5517578125,8.73376051522375,0.00473545416795864,1,0.999253354069792,40.0298881530762,2.0009024058311,19.2200001329184,47.748357555762,8.69592857272975,250,-0.0279477151800681,8.73210325704122,0.00869631604360305,299.9953613,299.9969177,-11840.58984375,-11730.513671875,56.2506780149675,20.6253258971375,7.396941,0,0,0,40,4449,299.9328,-11785.5517578125,,,,,,,,,,,,,0,,,,10.3212967,,,,,,299.9961395,,,,
,16776942.15,299.9965515,-11885.5629882812,8.62703214596322,0.00508669206578774,1,0.999253354069792,40.0298881530762,2.00090760755401,19.2300006747246,47.1662524898518,8.58283046695982,250,-0.0288603027760158,8.62540029362295,0.0073359319209207,299.9961853,299.9969177,-11930.5361328125,-11840.58984375,56.0083731740059,20.6257604008562,7.396941,0,0,0,40,4449,299.93085,-11885.5629882812,,,,,,,,,,,,,0,,,,10.5316887,,,,,,299.9965515,,,,
,16776943.125,299.9961853,-11980.5795898438,8.51579965726359,0.00533404926833446,1,0.999253354069792,40.0298881530762,2.00086621985751,19.2200001329184,46.5565303988959,8.47548669841969,250,-0.0278490175725347,8.51418632768358,0.00787987099208342,299.9961853,299.9961853,-12030.623046875,-11930.5361328125,56.1342153656021,20.6251505561337,7.396941,0,0,0,40,4449,299.931,-11980.5795898438,,,,,,,,,,,,,0,,,,10.5316887,,,,,,299.9961853,,,,
,16776944.29,299.9964142,-12095.6186523437,8.27271099230585,0.00600535273275525,1,0.999253354069792,40.0298881530762,2.00091720686662,19.2200001329184,45.229286993153,8.23042272251327,250,-0.0276627557322406,8.2711462801278,0.00704549792648183,299.9961853,299.9966431,-12160.6142578125,-12030.623046875,56.1732967915636,20.6265778913416,8.884414,0,0,0,40,4449,299.93295,-12095.6186523437,,,,,,,,,,,,,0,,,,10.4783001,,,,,,299.9964142,,,,
,16776945.5,299.9956055,-12220.6694335938,8.14183324944938,0.0060910340294499,1,0.999253354069792,40.0298881530762,2.00088566648093,19.2300006747246,44.5126721520734,8.10217312554756,250,-0.0268432868079174,8.14029198365232,0.00731524692816499,299.9945679,299.9966431,-12280.724609375,-12160.6142578125,56.0200976017944,20.626717240532,9.256284,0,0,0,40,4449,299.9323,-12220.6694335938,,,,,,,,,,,,,0,,,,10.74261715,,,,,,299.9956055,,,,
,16776946.575,299.99447635,-12330.6767578125,8.00577418584088,0.00631300343476238,1,0.999253354069792,40.0298881530762,2.00092961339439,19.2200001329184,43.7696411703085,7.9675619317786,250,-0.026281917291138,8.00425857218638,0.00730538554305487,299.9943848,299.9945679,-12380.62890625,-12280.724609375,56.2076884464098,20.6248375392585,8.512546,0,0,0,40,4449,299.93105,-12330.6767578125,,,,,,,,,,,,,0,,,,10.74261715,,,,,,299.99447635,,,,
,16776947.67,299.9954224,-12435.6108398438,7.86235762303238,0.00670106966438571,1,0.999253354069792,40.0298881530762,2.00080444342789,19.2200001329184,42.9836502217781,7.82043360765572,250,-0.0265276411915463,7.86087196187104,0.0064573718484999,299.9943848,299.99646,-12490.5927734375,-12380.62890625,56.262402442756,20.6265750742129,9.256284,0,0,0,40,4449,299.93285,-12435.6108398438,,,,,,,,,,,,,0,,,,10.74261715,,,,,,299.9954224,,,,
,16776948.69,299.9956665,-12535.6484375,7.71464184851169,0.00693443513159082,1,0.999253354069792,40.0298881530762,2.00090413254246,19.2300006747246,42.1780494490055,7.67433179382996,250,-0.0259456977403646,7.71318372833712,0.00641906591707532,299.994873,299.99646,-12580.7041015625,-12490.5927734375,56.2428617297752,20.6260677576359,8.884414,0,0,0,40,4449,299.93315,-12535.6484375,,,,,,,,,,,,,0,,,,10.79600575,,,,,,299.9956665,,,,
,16776949.665,299.9946136,-12635.7319335938,7.56187920419404,0.00706335936192207,1,0.999253354069792,40.0298881530762,2.00090212019598,19.2200001329184,41.3430005836232,7.52136327115862,250,-0.0256140236331418,7.56045105055662,0.00610951678748862,299.9943542,299.994873,-12690.759765625,-12580.7041015625,56.2131598460444,20.626806153362,7.396941,0,0,0,40,4449,299.93245,-12635.7319335938,,,,,,,,,,,,,0,,,,10.5316887,,,,,,299.9946136,,,,
,16776950.715,299.99504085,-12740.765625,7.40708738988661,0.0072292005628959,1,0.999253354069792,40.0298881530762,2.000947450447,19.2300006747246,40.4973967211408,7.36867227892444,250,-0.0248864249682546,7.40568753307552,0.0061873533715157,299.9943542,299.9957275,-12790.771484375,-12690.759765625,56.1459397933906,20.626456170942,7.396941,0,0,0,40,4449,299.93125,-12740.765625,,,,,,,,,,,,,0,,,,10.58561375,,,,,,299.99504085,,,,
,16776951.695,299.9953613,-12835.7817382812,7.24744426403828,0.0074100890856731,1,0.999253354069792,40.0298881530762,2.00096858514089,19.2200001329184,39.625177118201,7.20883585807247,250,-0.0245501375553062,7.24607536866302,0.00585356075439828,299.9949951,299.9957275,-12880.7919921875,-12790.771484375,56.2069068178906,20.6244011293434,9.256284,0,0,0,40,4449,299.93095,-12835.7817382812,,,,,,,,,,,,,0,,,,10.74261715,,,,,,299.9953613,,,,
,16776952.785,299.99528505,-12945.8432617188,7.08327071838377,0.00762860312257716,1,0.999253354069792,40.0298881530762,2.00095452598818,19.2200001329184,38.7274052666459,7.04491259437158,250,-0.0240990076574203,7.0819333337799,0.00561554686339669,299.9949951,299.995575,-13010.89453125,-12880.7919921875,56.1115481385444,20.6260060667064,8.512546,0,0,0,40,4449,299.93055,-12945.8432617188,,,,,,,,,,,,,0,,,,10.53011275,,,,,,299.99528505,,,,
,16776953.945,299.99539185,-13065.9169921875,6.917502058534,0.0076541341942836,1,0.999253354069792,40.0298881530762,2.00090745324338,19.2200001329184,37.820877781848,6.87626480922108,250,-0.0241970671035598,6.91619875169321,0.00482190114178434,299.9952087,299.995575,-13120.939453125,-13010.89453125,56.0333852866213,20.6260684404778,8.884414,0,0,0,40,4449,299.92875,-13065.9169921875,,,,,,,,,,,,,0,,,,10.53011275,,,,,,299.99539185,,,,
,16776954.96,299.9954834,-13166.4233398438,6.74972065405306,0.00784586254289268,1,0.999253354069792,40.0298881530762,2.00092664654593,19.2200001329184,36.9035711347606,6.71127616764649,250,-0.0232929291078389,6.74844766696157,0.00502146923519031,299.9952087,299.9957581,-13211.9072265625,-13120.939453125,56.3116450394675,20.6265983337255,9.256284,0,0,0,40,4449,299.93085,-13166.4233398438,,,,,,,,,,,,,0,,,,10.6353035,,,,,,299.9954834,,,,
,16776956.865,299.9964905,-13357.20703125,6.39715075913861,0.00811427211319368,1,0.999253354069792,40.0298881530762,2.00088465373532,19.2200001329184,34.9762377071054,6.35502211633972,250,-0.0230934109007536,6.39594836890249,0.00374140796592537,299.9964905,299.9964905,-13362.18359375,-13352.23046875,56.1428132793136,20.6258746671835,8.512546,0,0,0,40,4449,299.93105,-13357.20703125,,,,,,,,,,,,,0,,,,10.424922,,,,,,299.9964905,,,,
,16776957.54,299.9958649,-13422.2749023437,6.21533953230248,0.00835534583604741,1,0.999253354069792,40.0298881530762,2.00092275448077,19.2200001329184,33.9828318190768,6.17446827024193,250,-0.0224468632774667,6.21417152062665,0.00362506471066344,299.9952393,299.9964905,-13482.3662109375,-13362.18359375,56.2381719586598,20.6256336239874,9.256284,0,0,0,40,4449,299.9308,-13422.2749023437,,,,,,,,,,,,,0,,,,10.53011275,,,,,,299.9958649,,,,
,16776958.605,299.9958191,-13527.365234375,6.03141117916139,0.00839210537392122,1,0.999253354069792,40.0298881530762,2.00093897183701,19.2200001329184,32.9784660240689,5.98632065370453,250,-0.022784462556721,6.03028197822696,0.00251576551874708,299.9952393,299.9963989,-13572.3642578125,-13482.3662109375,56.1146746526213,20.6252491219226,7.768809,0,0,0,40,4449,299.93045,-13527.365234375,,,,,,,,,,,,,0,,,,10.74261715,,,,,,299.9958191,,,,
,16776959.665,299.9970398,-13637.3701171875,5.84656875177664,0.00844914570977353,1,0.999253354069792,40.0298881530762,2.00093650840046,19.2200001329184,31.9674993120417,5.804192127094,250,-0.021840559172881,5.84547291400408,0.00268371417566972,299.9963989,299.9976807,-13702.3759765625,-13572.3642578125,56.1521928215444,20.6262148464956,9.256284,0,0,0,40,4449,299.9318,-13637.3701171875,,,,,,,,,,,,,0,,,,10.58561375,,,,,,299.9970398,,,,
,16776960.85,299.9970398,-13757.453125,5.65986111066759,0.00862446334999177,1,0.999253354069792,40.0298881530762,2.00092422699628,19.2200001329184,30.9462369894586,5.61993189582734,250,-0.0209363409770809,5.65879943420114,0.0028043619721796,299.9963989,299.9976807,-13812.5302734375,-13702.3759765625,56.1553193356213,20.6239819477893,8.512546,0,0,0,40,4449,299.931,-13757.453125,,,,,,,,,,,,,0,,,,10.37310935,,,,,,299.9970398,,,,
,16776961.905,299.99649045,-13862.572265625,5.47040106070036,0.00869965917787205,1,0.999253354069792,40.0298881530762,2.00088570144677,19.2200001329184,29.9105276400278,5.42763124823101,250,-0.0209810218188507,5.46937819580697,0.0019647494428696,299.9963989,299.996582,-13912.6142578125,-13812.5302734375,56.0263506299482,20.6278439137978,8.884414,0,0,0,40,4449,299.93115,-13862.572265625,,,,,,,,,,,,,0,,,,10.58350135,,,,,,299.99649045,,,,
,16776962.915,299.99620055,-13962.5161132812,5.27911555992942,0.00862299890130807,1,0.999253354069792,40.0298881530762,2.00082314672805,19.2300006747246,28.8638050215304,5.23741902911503,250,-0.0202949945484793,5.27812876158977,0.00184796649092249,299.9958191,299.996582,-14012.41796875,-13912.6142578125,56.0208792303136,20.6260889708394,7.396941,0,0,0,40,4449,299.93265,-13962.5161132812,,,,,,,,,,,,,0,,,,10.58350135,,,,,,299.99620055,,,,
,16776964.01,299.99645995,-14072.4306640625,5.08610784707264,0.00893563792957036,1,0.999253354069792,40.0298881530762,2.00091186323025,19.2200001329184,27.8102050375201,5.04358291444854,250,-0.0200231443804136,5.08515908524074,0.00130997025443518,299.9958191,299.9971008,-14132.443359375,-14012.41796875,56.1842395908329,20.6267430834221,8.512546,0,0,0,40,4449,299.93295,-14072.4306640625,,,,,,,,,,,,,0,,,,10.53011275,,,,,,299.99645995,,,,
,16776965.085,299.99690245,-14182.4731445313,4.89150015190135,0.00884765398707069,1,0.999253354069792,40.0298881530762,2.0009291942363,19.2300006747246,26.7461845971491,4.85148074304346,250,-0.0191034039413391,4.89058699836313,0.00141309571215255,299.9967041,299.9971008,-14232.5029296875,-14132.443359375,55.9763264047175,20.6249897712694,7.396941,0,0,0,40,4449,299.9327,-14182.4731445313,,,,,,,,,,,,,0,,,,10.6886921,,,,,,299.99690245,,,,
,16776966.195,299.99653625,-14292.5390625,4.69771094647142,0.00892759739368524,1,0.999253354069792,40.0298881530762,2.00084610236282,19.2300006747246,25.6866809750912,4.65286673640501,250,-0.0194850949762028,4.69683882827396,0.000218600793874354,299.9963684,299.9967041,-14352.5751953125,-14232.5029296875,56.2178496171598,20.6269923214194,8.884414,0,0,0,40,4449,299.9313,-14292.5390625,,,,,,,,,,,,,0,,,,10.6886921,,,,,,299.99653625,,,,
,16776967.37,299.9965973,-14407.6323242187,4.30634991825532,0.00904546376061341,1,0.999253354069792,40.0298881530762,2.00089831466975,19.2200001329184,23.5475207614587,4.26443693518237,250,-0.0180286133832371,4.30555117616583,3.32882743343793E-5,299.9963684,299.9968262,-14462.689453125,-14352.5751953125,56.2967940976021,20.6280088655595,9.256284,0,0,0,40,4449,299.93155,-14407.6323242187,,,,,,,,,,,,,0,,,,10.6353035,,,,,,299.9965973,,,,
,16776968.565,299.996933,-14527.6772460938,4.10806552466,0.00917765533075246,1,0.999253354069792,40.0298881530762,2.00084234726544,19.2200001329184,22.4634699290838,4.06366157390184,250,-0.0179869735245372,4.10730684779809,-0.000756909271641957,299.9968262,299.9970398,-14592.6650390625,-14462.689453125,56.1006053392752,20.6262996546093,7.768809,0,0,0,40,4449,299.93195,-14527.6772460938,,,,,,,,,,,,,0,,,,10.6353035,,,,,,299.996933,,,,
,16776969.61,299.9970398,-14632.7104492187,3.90798689029241,0.00903740343177799,1,0.999253354069792,40.0298881530762,2.0007959501343,19.2300006747246,21.3690100140004,3.86522298918459,250,-0.0171904139211868,3.90726549875025,-0.000799686994694673,299.9970398,299.9970398,-14672.755859375,-14592.6650390625,56.0669953129482,20.6282642625321,8.512546,0,0,0,40,4449,299.9307,-14632.7104492187,,,,,,,,,,,,,0,,,,10.6886921,,,,,,299.9970398,,,,
,16776970.64,299.9966278,-14732.7436523438,3.7086744791367,0.00918412534271964,1,0.999253354069792,40.0298881530762,2.00084736519356,19.2200001329184,20.2798682197924,3.66712064531834,250,-0.0165079073704125,3.7079907791929,-0.000953401644147523,299.9962158,299.9970398,-14792.7314453125,-14672.755859375,56.3116450394675,20.6256929803279,9.256284,0,0,0,40,4449,299.9319,-14732.7436523438,,,,,,,,,,,,,0,,,,10.79600575,,,,,,299.9966278,,,,
,16776971.865,299.9969177,-14857.6616210938,3.50789891212785,0.00928603388485287,1,0.999253354069792,40.0298881530762,2.00080013951171,19.2200001329184,19.181978828647,3.46615253923433,250,-0.016046292353888,3.50725402799376,-0.00133407471974517,299.9962158,299.9976196,-14922.591796875,-14792.7314453125,56.0310404010636,20.6273911010009,7.768809,0,0,0,40,4449,299.9323,-14857.6616210938,,,,,,,,,,,,,0,,,,10.90439705,,,,,,299.9969177,,,,
,16776972.95,299.9976196,-14967.6176757813,3.30615471034113,0.00915812637746364,1,0.999253354069792,40.0298881530762,2.00079123882615,19.2200001329184,18.0794395223066,3.26290087606734,250,-0.0158360404045101,3.30554983065654,-0.00196994820566816,299.9976196,299.9976196,-15012.6435546875,-14922.591796875,56.1740784200829,20.6291558260505,7.396941,0,0,0,40,4449,299.93075,-14967.6176757813,,,,,,,,,,,,,0,,,,10.69189265,,,,,,299.9976196,,,,
,16776973.945,299.99746705,-15067.6733398438,3.10612773620484,0.00909311017784272,1,0.999253354069792,40.0298881530762,2.00076098627716,19.2200001329184,16.9856062790234,3.06410705962917,250,-0.0151227330283404,3.10556051642655,-0.0020957252856957,299.9973145,299.9976196,-15122.703125,-15012.6435546875,56.2764717561021,20.6292284518462,9.256284,0,0,0,40,4449,299.93105,-15067.6733398438,,,,,,,,,,,,,0,,,,10.58350135,,,,,,299.99746705,,,,
,16776974.97,299.9980164,-15172.7387695313,2.9065454778515,0.00920119807582209,1,0.999253354069792,40.0298881530762,2.00090260128109,19.2200001329184,15.8949588676622,2.86928033491153,250,-0.013810739523371,2.90601324517091,-0.00162112940358588,299.9973145,299.9987183,-15222.7744140625,-15122.703125,56.1607907352559,20.6244976717902,7.396941,0,0,0,40,4449,299.9329,-15172.7387695313,,,,,,,,,,,,,0,,,,10.7420807,,,,,,299.9980164,,,,
,16776975.94,299.9987183,-15267.7626953125,2.7050655711399,0.00916609079323115,1,0.999253354069792,40.0298881530762,2.00073498123333,19.2200001329184,14.7930047644854,2.66432665257997,250,-0.0139219291908187,2.70457465931469,-0.00257725810706216,299.9987183,299.9987183,-15312.7509765625,-15222.7744140625,56.1795498197175,20.6289652938519,9.256284,0,0,0,40,4449,299.9332,-15267.7626953125,,,,,,,,,,,,,0,,,,10.850472,,,,,,299.9987183,,,,
,16776976.9,299.99887085,-15362.7978515625,2.5049897970137,0.00916987751144955,1,0.999253354069792,40.0298881530762,2.00082020704376,19.2200001329184,13.6997158283162,2.46584113222522,250,-0.0131712992420409,2.50453636016279,-0.00266576425169125,299.9987183,299.9990234,-15412.8447265625,-15312.7509765625,56.1811130767559,20.6265145870823,8.512546,0,0,0,40,4449,299.93195,-15362.7978515625,,,,,,,,,,,,,0,,,,10.9588633,,,,,,299.99887085,,,,
,16776977.875,299.99797055,-15462.900390625,2.30493518426301,0.0091220028042229,1,0.999253354069792,40.0298881530762,2.00072653248088,19.2300006747246,12.605502471008,2.266359938586,250,-0.0125676411181728,2.30451992850629,-0.00290115134212302,299.9969177,299.9990234,-15512.9560546875,-15412.8447265625,56.1381235081982,20.6289524162438,8.512546,0,0,0,40,4449,299.93165,-15462.900390625,,,,,,,,,,,,,0,,,,10.69189265,,,,,,299.99797055,,,,
,16776978.885,299.99746705,-15562.9482421875,2.1045090467462,0.00915339265852246,1,0.999253354069792,40.0298881530762,2.00078307498309,19.2200001329184,11.5098101499889,2.06878134146509,250,-0.011577875685187,2.10413038380353,-0.00275205888286167,299.9969177,299.9980164,-15612.9404296875,-15512.9560546875,56.1248358233713,20.6289611437345,8.884414,0,0,0,40,4449,299.9318,-15562.9482421875,,,,,,,,,,,,,0,,,,10.69189265,,,,,,299.99746705,,,,
,16776980.05,299.99816895,-15677.8715820313,1.9043068482149,0.00913282373757752,1,0.999253354069792,40.0298881530762,2.00072196075373,19.2200001329184,10.4156450837482,1.8661254720323,250,-0.0115373607228191,1.90396861672237,-0.00355104523391612,299.9980164,299.9983215,-15742.802734375,-15612.9404296875,56.1623539922944,20.6293701258394,7.396941,0,0,0,40,4449,299.93095,-15677.8715820313,,,,,,,,,,,,,0,,,,10.850472,,,,,,299.99816895,,,,
,16776981.245,299.9988098,-15797.8002929687,1.50385353426503,0.00919077290098776,1,0.999253354069792,40.0298881530762,2.00069957944871,19.2300006747246,8.22613705376196,1.46899671967825,250,-0.00996924659944428,1.50359000067571,-0.00366229388401688,299.9983215,299.9992981,-15852.7978515625,-15742.802734375,56.2233210167944,20.6294892179833,8.512546,0,0,0,40,4449,299.9306,-15797.8002929687,,,,,,,,,,,,,0,,,,10.6886921,,,,,,299.9988098,,,,
,16776982.375,299.99913025,-15907.8232421875,1.30322264698883,0.00914285382496417,1,0.999253354069792,40.0298881530762,2.00080724517964,19.2200001329184,7.12952198510319,1.27054940602953,250,-0.00910285147024714,1.30299620789434,-0.00363730982498503,299.9989624,299.9992981,-15962.8486328125,-15852.7978515625,56.2561494146021,20.6290653433985,8.512546,0,0,0,40,4449,299.9303,-15907.8232421875,,,,,,,,,,,,,0,,,,10.53011275,,,,,,299.99913025,,,,
,16776983.53,299.99790955,-16022.90234375,1.10352623305336,0.00910621092176507,1,0.999253354069792,40.0298881530762,2.00070604142616,19.2300006747246,6.03756306596983,1.07141236645424,250,-0.00851223234659924,1.10333792031553,-0.00388410707720915,299.9968567,299.9989624,-16082.9560546875,-15962.8486328125,56.0138445736405,20.631075656834,9.256284,0,0,0,40,4449,299.9301,-16022.90234375,,,,,,,,,,,,,0,,,,10.424922,,,,,,299.99790955,,,,
,16776984.69,299.9977417,-16142.9697265625,0.904545881519886,0.00895769268460159,1,0.999253354069792,40.0298881530762,2.00062604360592,19.2200001329184,4.94968281546024,0.872984563865267,250,-0.00792983059245819,0.904395528301797,-0.00413608703087418,299.9968567,299.9986267,-16202.9833984375,-16082.9560546875,56.1006053392752,20.6294959133413,9.256284,0,0,0,40,4449,299.92955,-16142.9697265625,,,,,,,,,,,,,0,,,,10.69189265,,,,,,299.9977417,,,,
,16776985.76,299.9986267,-16248.0029296875,0.705631284871995,0.00900024293259135,1,0.999253354069792,40.0298881530762,2.00066251632185,19.2200001329184,3.86223414841597,0.675925092943997,250,-0.00711901226102839,0.705517888366526,-0.00415939981822467,299.9986267,299.9986267,-16293.0224609375,-16202.9833984375,56.1826763337944,20.6306037932871,7.768809,0,0,0,40,4449,299.93015,-16248.0029296875,,,,,,,,,,,,,0,,,,10.90439705,,,,,,299.9986267,,,,
,16776987.67,299.9989624,-16438.0712890625,0.507608949323637,0.00902455824556064,1,0.999253354069792,40.0298881530762,2.00065015329525,19.2200001329184,2.77926492329218,0.481318334738336,250,-0.00602134560701608,0.507531147168975,-0.00389216198561856,299.9989624,299.9989624,-16443.060546875,-16433.08203125,56.2295740449483,20.6279190964396,8.884414,0,0,0,40,4449,299.9287,-16438.0712890625,,,,,,,,,,,,,0,,,,10.3212967,,,,,,299.9989624,,,,
,16776989.045,300.0004272,-16578.806640625,0.110428806355056,0.0088699586117353,1,0.999253354069792,40.0298881530762,2.00072964816723,19.2200001329184,0.60801035163042,0.0865594097847152,250,-0.00463275175940297,0.110425805109546,-0.00416889103127928,300.0004272,300.0004272,-16583.8671875,-16573.74609375,56.1631356208136,20.6298289398615,9.256284,0,0,0,40,4449,299.9294,-16578.806640625,,,,,,,,,,,,,0,,,,10.6353035,,,,,,300.0004272,,,,
,16776989.625,300.0001068,-16633.912109375,-0.086252963430599,0.00913931243474101,1,0.999253354069792,40.0298881530762,2.0004462331212,19.2200001329184,-0.46716115691636,-0.108984695184991,250,-0.00395744501779052,-0.0862188621375556,-0.0043182125277709,299.9997864,300.0004272,-16683.95703125,-16583.8671875,56.2350454445829,20.6339083014466,7.396941,0,0,0,40,4449,299.9296,-16633.912109375,,,,,,,,,,,,,0,,,,10.6353035,,,,,,300.0001068,,,,
,16776990.675,299.99925235,-16738.9755859375,-0.281548611710026,0.00907032569882913,1,0.999253354069792,40.0298881530762,2.00044272786403,19.2200001329184,-1.53538539046785,-0.299277221863102,250,-0.00258010503391297,-0.281480645066763,-0.00375980542614764,299.9987183,299.9997864,-16793.994140625,-16683.95703125,56.3585427506213,20.6361606877857,8.512546,0,0,0,40,4449,299.93035,-16738.9755859375,,,,,,,,,,,,,0,,,,10.6886921,,,,,,299.99925235,,,,
,16776991.76,299.9987183,-16849.0205078125,-0.477866279867567,0.00896733870582629,1,0.999253354069792,40.0298881530762,2.00054794351528,19.2200001329184,-2.60906669512703,-0.492035012541927,250,-0.00145992480852525,-0.477763171350374,-0.00346276469987843,299.9987183,299.9987183,-16904.046875,-16793.994140625,56.2538045290444,20.6355986361301,8.512546,0,0,0,40,4449,299.93005,-16849.0205078125,,,,,,,,,,,,,0,,,,10.79600575,,,,,,299.9987183,,,,
,16776992.875,299.9991608,-16959.138671875,-0.672740098359169,0.00890434704797075,1,0.999253354069792,40.0298881530762,2.0004366088172,19.2200001329184,-3.67432437212214,-0.684668442250474,250,-0.000594336747791516,-0.672601059192435,-0.00341419092874361,299.9987183,299.9996033,-17014.23046875,-16904.046875,56.1693886489675,20.6354240340535,8.512546,0,0,0,40,4449,299.92925,-16959.138671875,,,,,,,,,,,,,0,,,,10.79600575,,,,,,299.9991608,,,,
,16776993.9,299.9991608,-17064.2177734375,-0.866991666107391,0.00888556948656158,1,0.999253354069792,40.0298881530762,2.00054922819216,19.2200001329184,-4.73646833020494,-0.877372462171457,250,0.000156620445731628,-0.866816352592646,-0.00347758751228573,299.9987183,299.9996033,-17114.205078125,-17014.23046875,56.3116450394675,20.6374690997589,8.512546,0,0,0,40,4449,299.92905,-17064.2177734375,,,,,,,,,,,,,0,,,,10.7420807,,,,,,299.9991608,,,,
,16776994.995,299.9992218,-17174.2265625,-1.06045244979273,0.00883196498434908,1,0.999253354069792,40.0298881530762,2.00058055615966,19.2200001329184,-5.79443466830848,-1.06787594945043,250,0.00115984131065452,-1.06024207967718,-0.00328543289263324,299.9987183,299.9997253,-17234.248046875,-17114.205078125,56.421854660679,20.6348529012916,9.256284,0,0,0,40,4449,299.92855,-17174.2265625,,,,,,,,,,,,,0,,,,10.58350135,,,,,,299.9992218,,,,
,16776996.125,299.9998474,-17284.1923828125,-1.25375614287448,0.00881057642900022,1,0.999253354069792,40.0298881530762,2.00050047859024,19.2200001329184,-6.85080416215386,-1.26030925837159,250,0.00176915917987893,-1.25350907617076,-0.00348637731183981,299.9997253,299.9999695,-17334.13671875,-17234.248046875,56.279598270179,20.6363385977487,7.768809,0,0,0,40,4449,299.93,-17284.1923828125,,,,,,,,,,,,,0,,,,10.58350135,,,,,,299.9998474,,,,
,16776997.1,300.00016785,-17384.1171875,-1.44606191410797,0.00872750368541371,1,0.999253354069792,40.0298881530762,2.00055910260125,19.2200001329184,-7.90201706276525,-1.45266147786281,250,0.00222349465845114,-1.44577771214457,-0.00383807872715303,299.9999695,300.0003662,-17434.09765625,-17334.13671875,56.1131113955829,20.6337928210099,9.256284,0,0,0,40,4449,299.93075,-17384.1171875,,,,,,,,,,,,,0,,,,10.7420807,,,,,,300.00016785,,,,
,16776998.115,300.0005493,-17489.193359375,-1.63623304208432,0.00869938476974221,1,0.999253354069792,40.0298881530762,2.00055392978013,19.2200001329184,-8.94224475930956,-1.63798707465559,250,0.00356090657264014,-1.63591583069204,-0.00329794168962837,300.0003662,300.0007324,-17544.2890625,-17434.09765625,56.2749084990636,20.6331280938338,9.256284,0,0,0,40,4449,299.92995,-17489.193359375,,,,,,,,,,,,,0,,,,10.79600575,,,,,,300.0005493,,,,
,16776999.04,300.00042725,-17579.259765625,-1.82624654996487,0.00865499614679873,1,0.999253354069792,40.0298881530762,2.00048862965623,19.2200001329184,-9.98060564509869,-1.82691824303232,250,0.00419912202532894,-1.82589345890196,-0.00345619968867613,300.0001221,300.0007324,-17614.23046875,-17544.2890625,56.2561494146021,20.6341004618102,9.256284,0,0,0,40,4449,299.929,-17579.259765625,,,,,,,,,,,,,0,,,,10.8499308,,,,,,300.00042725,,,,
,16776999.965,299.9997406,-17669.30078125,-2.01474367077952,0.00862007747709934,1,0.999253354069792,40.0298881530762,2.00054847554995,19.2300006747246,-11.0113487605378,-2.01410043291614,250,0.00489659032632513,-2.01435530313352,-0.00354882605577412,299.9993591,300.0001221,-17724.37109375,-17614.23046875,56.2053435608521,20.6353484670088,7.396941,0,0,0,40,4449,299.9286,-17669.30078125,,,,,,,,,,,,,0,,,,10.74261715,,,,,,299.9997406,,,,
,16777002.065,300,-17879.396484375,-2.38957238313284,0.00856707894260206,1,0.999253354069792,40.0298881530762,2.00045140875902,19.2200001329184,-13.0596487398242,-2.38689199122871,250,0.00613762527683524,-2.38911314905631,-0.00387879168589198,299.9993896,300.0006104,-17884.447265625,-17874.345703125,56.3819916061983,20.6340403731448,9.256284,0,0,0,40,4449,299.9271,-17879.396484375,,,,,,,,,,,,,0,,,,10.53011275,,,,,,300,,,,
,16777002.605,300.0006104,-17929.4599609375,-2.57459467308112,0.00846378987469263,1,0.999253354069792,40.0298881530762,2.00048324754973,19.2200001329184,-14.071366384671,-2.57010935825026,250,0.00691244809472372,-2.57410108961404,-0.00387947517191893,300.0006104,300.0006104,-17974.47265625,-17884.447265625,56.1592274782175,20.6343208571433,9.256284,0,0,0,40,4449,299.9278,-17929.4599609375,,,,,,,,,,,,,0,,,,10.58350135,,,,,,300.0006104,,,,
,16777003.54,300.0000458,-18024.53125,-2.7597825693048,0.00838212644842941,1,0.999253354069792,40.0298881530762,2.00041816755066,19.2200001329184,-15.0831819041196,-2.7540526937139,250,0.00756223817423832,-2.75925419961843,-0.00400575814344823,299.9994812,300.0006104,-18074.58984375,-17974.47265625,56.2819431557367,20.6334594179062,8.512546,0,0,0,40,4449,299.92855,-18024.53125,,,,,,,,,,,,,0,,,,10.58350135,,,,,,300.0000458,,,,
,16777004.64,300.000412,-18134.4462890625,-2.94286318298979,0.00841251899039228,1,0.999253354069792,40.0298881530762,2.00043559005174,19.2200001329184,-16.0841690610134,-2.93542548747679,250,0.008311292434131,-2.94230078054302,-0.00402393200951154,299.9994812,300.0013428,-18194.302734375,-18074.58984375,56.374175321006,20.6327789902037,9.256284,0,0,0,40,4449,299.9288,-18134.4462890625,,,,,,,,,,,,,0,,,,10.53011275,,,,,,300.000412,,,,
,16777005.735,300.00035095,-18244.34765625,-3.12470207561784,0.00832202363836692,1,0.999253354069792,40.0298881530762,2.00035909147255,19.2300006747246,-17.0773338153051,-3.11688390572293,250,0.00878890399872641,-3.12410479738299,-0.00430830732399581,299.9993591,300.0013428,-18294.392578125,-18194.302734375,56.1811130767559,20.6332774723338,8.512546,0,0,0,40,4449,299.92815,-18244.34765625,,,,,,,,,,,,,0,,,,10.53011275,,,,,,300.00035095,,,,
,16777006.665,299.9993591,-18339.431640625,-3.30566254312595,0.00819049080351546,1,0.999253354069792,40.0298881530762,2.00046607636262,19.2200001329184,-18.0678781440019,-3.29430430567423,250,0.00989441043880353,-3.30503330826903,-0.00396128460954773,299.9993591,299.9993591,-18384.470703125,-18294.392578125,56.381209977679,20.6345553031245,7.396941,0,0,0,40,4449,299.92675,-18339.431640625,,,,,,,,,,,,,0,,,,10.6374264,,,,,,299.9993591,,,,
,16777007.765,300.00038145,-18449.4501953125,-3.4852819004417,0.00808430909930875,1,0.999253354069792,40.0298881530762,2.00045445819199,19.2200001329184,-19.0494151918134,-3.47386118682243,250,0.0103265371278895,-3.48461793379364,-0.00428166742284834,299.9993591,300.0014038,-18514.4296875,-18384.470703125,56.2498963864483,20.6342044964908,8.512546,0,0,0,40,4449,299.92825,-18449.4501953125,,,,,,,,,,,,,0,,,,10.79600575,,,,,,300.00038145,,,,
,16777008.78,300.0014038,-18549.462890625,-3.66347915396093,0.00811763040149761,1,0.999253354069792,40.0298881530762,2.00031910255042,19.2300006747246,-20.0220986776094,-3.65103635425697,250,0.0108903352883643,-3.66278127890662,-0.00446448316473297,300.0014038,300.0014038,-18584.49609375,-18514.4296875,56.1138930241021,20.6338401153448,9.256284,0,0,0,40,4449,299.92895,-18549.462890625,,,,,,,,,,,,,0,,,,10.58350135,,,,,,300.0014038,,,,
,16777009.665,300.00152585,-18639.4775390625,-3.83978001776615,0.00817030377628113,1,0.999253354069792,40.0298881530762,2.00035242043379,19.2200001329184,-20.9863043241627,-3.82505477014264,250,0.011733875203136,-3.83904989325287,-0.00435979763511891,300.0014038,300.0016479,-18694.458984375,-18584.49609375,56.1451581648713,20.6335354954616,8.512546,0,0,0,40,4449,299.92755,-18639.4775390625,,,,,,,,,,,,,0,,,,10.6374264,,,,,,300.00152585,,,,
,16777010.775,300.0014038,-18754.55078125,-4.01495265328209,0.00802003150749398,1,0.999253354069792,40.0298881530762,2.00040617888427,19.2200001329184,-21.9443048808837,-3.99955241331832,250,0.0122886069872975,-4.01418935261566,-0.00453891974334828,300.0011597,300.0016479,-18814.642578125,-18694.458984375,56.3569794935829,20.632789709409,8.884414,0,0,0,40,4449,299.92815,-18754.55078125,,,,,,,,,,,,,0,,,,10.79600575,,,,,,300.0014038,,,,
,16777011.83,300.00054935,-18859.615234375,-4.18823871553518,0.00788528015962418,1,0.999253354069792,40.0298881530762,2.00045770740222,19.2200001329184,-22.8921316839279,-4.1715717525782,250,0.0129480363742408,-4.18744317778874,-0.00460542953790439,299.999939,300.0011597,-18904.587890625,-18814.642578125,56.567237565256,20.6344613223133,7.396941,0,0,0,40,4449,299.92915,-18859.615234375,,,,,,,,,,,,,0,,,,10.6886921,,,,,,300.00054935,,,,
,16777012.87,300.0002747,-18959.5556640625,-4.36012495876571,0.00772228382124585,1,0.999253354069792,40.0298881530762,2.00035715011135,19.2200001329184,-23.8304916736508,-4.34240447876693,250,0.013507722100595,-4.35929697316282,-0.00476573811271701,299.999939,300.0006104,-19014.5234375,-18904.587890625,56.2717819849867,20.6324902651908,9.256284,0,0,0,40,4449,299.93075,-18959.5556640625,,,,,,,,,,,,,0,,,,10.74261715,,,,,,300.0002747,,,,
,16777013.925,300.0014496,-19064.5302734375,-4.53141385384462,0.00777911279927581,1,0.999253354069792,40.0298881530762,2.00037165463286,19.2300006747246,-24.7669988101799,-4.51224949767921,250,0.0141806743634566,-4.53055377783266,-0.00481029664889526,300.0006104,300.0022888,-19114.537109375,-19014.5234375,56.2881961838906,20.6337001983023,9.256284,0,0,0,40,4449,299.93175,-19064.5302734375,,,,,,,,,,,,,0,,,,10.8499308,,,,,,300.0014496,,,,
,16777014.915,300.00146485,-19164.5322265625,-4.70035321278234,0.00775423685207338,1,0.999253354069792,40.0298881530762,2.00032265995054,19.2200001329184,-25.6901717129158,-4.67805839314612,250,0.0151308541348382,-4.69946286790858,-0.00456787108208743,300.0006409,300.0022888,-19214.52734375,-19114.537109375,56.4593728296021,20.636436054638,9.256284,0,0,0,40,4449,299.93215,-19164.5322265625,,,,,,,,,,,,,0,,,,10.90439705,,,,,,300.00146485,,,,
,16777016.18,300.0009613,-19289.556640625,-5.03307584047678,0.00748810769867731,1,0.999253354069792,40.0298881530762,2.00029960257319,19.2200001329184,-27.5083407417157,-5.0093939520264,250,0.0161561917068439,-5.03212241595202,-0.00493647286432207,300.0006409,300.0012817,-19364.5859375,-19214.52734375,56.4007506906598,20.6356996323823,8.512546,0,0,0,40,4449,299.93255,-19289.556640625,,,,,,,,,,,,,0,,,,10.850472,,,,,,300.0009613,,,,
,16777017.48,300.001358,-19419.6337890625,-5.19613374948879,0.00745164200420479,1,0.999253354069792,40.0298881530762,2.0002380357267,19.2200001329184,-28.3986592697461,-5.17166057105816,250,0.0166552349691908,-5.19514929268692,-0.00512040491454158,300.0012817,300.0014343,-19474.681640625,-19364.5859375,56.313208296506,20.6318301839648,8.512546,0,0,0,40,4449,299.93145,-19419.6337890625,,,,,,,,,,,,,0,,,,10.6886921,,,,,,300.001358,,,,
,16777018.55,300.00209045,-19529.705078125,-5.358195855234,0.00716642422283308,1,0.999253354069792,40.0298881530762,2.00025279764049,19.2200001329184,-29.2851612627666,-5.32994094253954,250,0.0177339831815216,-5.35718292354075,-0.00472060442451532,300.0014343,300.0027466,-19584.728515625,-19474.681640625,56.1936191330636,20.6339222257439,8.512546,0,0,0,40,4449,299.9306,-19529.705078125,,,,,,,,,,,,,0,,,,10.6886921,,,,,,300.00209045,,,,
,16777019.585,300.0023041,-19634.74609375,-5.51826582683627,0.00717566354714731,1,0.999253354069792,40.0298881530762,2.00016342992229,19.2200001329184,-30.1584382259041,-5.49038506985361,250,0.0179965911660138,-5.51722150601908,-0.00512838487355234,300.0018616,300.0027466,-19684.763671875,-19584.728515625,56.3264959813329,20.633868152208,8.512546,0,0,0,40,4449,299.93025,-19634.74609375,,,,,,,,,,,,,0,,,,10.7420807,,,,,,300.0023041,,,,
,16777020.67,300.0018921,-19740.408203125,-5.67710074442015,0.0070977676871155,1,0.999253354069792,40.0298881530762,2.00019511126135,19.2200001329184,-31.0271488510843,-5.64760936868213,250,0.0186782018553083,-5.67602716739073,-0.00511209132454216,300.0018616,300.0019226,-19796.052734375,-19684.763671875,56.5133051974291,20.6350863065447,7.396941,0,0,0,40,4449,299.92945,-19740.408203125,,,,,,,,,,,,,0,,,,10.7420807,,,,,,300.0018921,,,,
,16777021.885,300.00190735,-19861.236328125,-5.8336513420764,0.00715978275235119,1,0.999253354069792,40.0298881530762,2.00023528927295,19.2200001329184,-31.8836587659978,-5.80191248732169,250,0.0194762429889538,-5.83254938135786,-0.00496973084530753,300.0018921,300.0019226,-19926.419921875,-19796.052734375,56.5125235689098,20.6351290811282,8.884414,0,0,0,40,4449,299.92875,-19861.236328125,,,,,,,,,,,,,0,,,,10.7420807,,,,,,300.00190735,,,,
,16777022.97,300.00260925,-19971.4521484375,-5.98978751810711,0.00694588282531428,1,0.999253354069792,40.0298881530762,2.00021284622746,19.2200001329184,-32.7364118846864,-5.95846125370847,250,0.0197540910013661,-5.98865492777523,-0.0053457075304357,300.0018921,300.0033264,-20016.484375,-19926.419921875,56.3694855498906,20.6365515748963,8.884414,0,0,0,40,4449,299.9284,-19971.4521484375,,,,,,,,,,,,,0,,,,10.7420807,,,,,,300.00260925,,,,
,16777024.005,300.0034027,-20076.5546875,-6.14237828299325,0.00690163213781694,1,0.999253354069792,40.0298881530762,2.00019630255649,19.2200001329184,-33.5698826617417,-6.11140687464287,250,0.0200368521714211,-6.14121576961904,-0.00570196781114768,300.0033264,300.003479,-20136.625,-20016.484375,56.3554162365444,20.6353416471556,8.512546,0,0,0,40,4449,299.92755,-20076.5546875,,,,,,,,,,,,,0,,,,10.7420807,,,,,,300.0034027,,,,
,16777025.075,300.00245665,-20186.6123046875,-6.29400243953275,0.00682547777466919,1,0.999253354069792,40.0298881530762,2.00020771817401,19.2200001329184,-34.3994745307875,-6.25836951336348,250,0.0212510928146996,-6.29281448855907,-0.00512297344601919,300.0014343,300.003479,-20236.599609375,-20136.625,56.2842880412944,20.6330511115594,8.512546,0,0,0,40,4449,299.9255,-20186.6123046875,,,,,,,,,,,,,0,,,,10.7420807,,,,,,300.00245665,,,,
,16777026.045,300.0014343,-20281.6201171875,-6.44291609359853,0.00681761247214914,1,0.999253354069792,40.0298881530762,2.00026161919843,19.2200001329184,-35.2143553653159,-6.40619799367975,250,0.0218286504254686,-6.44170063144363,-0.00516901228549416,300.0014343,300.0014343,-20326.640625,-20236.599609375,56.2952308405636,20.6344382361382,8.512546,0,0,0,40,4449,299.9255,-20281.6201171875,,,,,,,,,,,,,0,,,,10.7420807,,,,,,300.0014343,,,,
,16777027.165,300.00170895,-20391.740234375,-6.73300784417076,0.0067973776350092,1,0.999253354069792,40.0298881530762,2.00030427310954,19.2300006747246,-36.8009937157967,-6.69288721158059,250,0.0231565884191751,-6.7317390915586,-0.00505609248472508,300.0014343,300.0019836,-20456.83984375,-20326.640625,56.4632809721983,20.6341751959184,9.256284,0,0,0,40,4449,299.9265,-20391.740234375,,,,,,,,,,,,,0,,,,10.58350135,,,,,,300.00170895,,,,
,16777028.43,300.0019836,-20521.7900390625,-6.874846358322,0.00644400664030145,1,0.999253354069792,40.0298881530762,2.00030100671252,19.2200001329184,-37.5759664531254,-6.83506896931921,250,0.0234242912429672,-6.87354993777083,-0.00538212635864237,300.0019836,300.0019836,-20586.740234375,-20456.83984375,56.3124266679867,20.6338492117042,7.396941,0,0,0,40,4449,299.92595,-20521.7900390625,,,,,,,,,,,,,0,,,,10.58350135,,,,,,300.0019836,,,,
,16777029.52,300.0019836,-20631.7724609375,-7.0149530106436,0.00629883480635171,1,0.999253354069792,40.0298881530762,2.00032495372427,19.2300006747246,-38.3424366773038,-6.97315646109954,250,0.0241372634469151,-7.0136312088458,-0.005255706486138,300.0019836,300.0019836,-20676.8046875,-20586.740234375,56.2381719586598,20.6332096523189,8.512546,0,0,0,40,4449,299.9262,-20631.7724609375,,,,,,,,,,,,,0,,,,10.7420807,,,,,,300.0019836,,,,
,16777030.56,300.0020294,-20731.765625,-7.15255703863812,0.00633994071974893,1,0.999253354069792,40.0298881530762,2.00035682239165,19.2200001329184,-39.0956301968382,-7.10752685726693,250,0.0250723240322331,-7.15121127847777,-0.00489679127618453,300.0019836,300.0020752,-20786.7265625,-20676.8046875,56.4070037188137,20.6339769223376,8.512546,0,0,0,40,4449,299.9264,-20731.765625,,,,,,,,,,,,,0,,,,10.58350135,,,,,,300.0020294,,,,
,16777031.765,300.00253295,-20851.8046875,-7.28805208416113,0.00632713139767532,1,0.999253354069792,40.0298881530762,2.00034493411387,19.2200001329184,-39.8353931823325,-7.24545392722032,250,0.0249378501899879,-7.28667817370497,-0.00559852624187487,300.0020752,300.0029907,-20916.8828125,-20786.7265625,56.6164801619675,20.6346907393905,8.512546,0,0,0,40,4449,299.9242,-20851.8046875,,,,,,,,,,,,,0,,,,10.58350135,,,,,,300.00253295,,,,
,16777032.89,300.0029907,-20966.8671875,-7.42049685527718,0.00609735908683032,1,0.999253354069792,40.0298881530762,2.00037405016792,19.2300006747246,-40.5602225027021,-7.3754428716478,250,0.0257176221642637,-7.4190992599771,-0.00537332469808892,300.0029907,300.0029907,-21016.8515625,-20916.8828125,56.4671891147944,20.6359364472356,7.396941,0,0,0,40,4449,299.9229,-20966.8671875,,,,,,,,,,,,,0,,,,10.7420807,,,,,,300.0029907,,,,
,16777033.985,300.00305175,-21076.8818359375,-7.55132869184566,0.00579827863402832,1,0.999253354069792,40.0298881530762,2.00035890270843,19.2300006747246,-41.2751095594178,-7.50505620097386,250,0.0262378347851529,-7.54990678684243,-0.00540055955278083,300.0029907,300.0031128,-21136.912109375,-21016.8515625,56.3788650921214,20.6353172179161,9.256284,0,0,0,40,4449,299.9242,-21076.8818359375,,,,,,,,,,,,,0,,,,10.6886921,,,,,,300.00305175,,,,
,16777035.08,300.00354005,-21186.9970703125,-7.68004604082917,0.00585733614986228,1,0.999253354069792,40.0298881530762,2.0003197652703,19.2200001329184,-41.9775446521035,-7.63459307059401,250,0.0263633228089661,-7.67859847417735,-0.00581364343060913,300.0031128,300.0039673,-21237.08203125,-21136.912109375,56.4929828559291,20.6355861301384,8.884414,0,0,0,40,4449,299.9248,-21186.9970703125,,,,,,,,,,,,,0,,,,10.6886921,,,,,,300.00354005,,,,
,16777036.15,300.00376895,-21292.0615234375,-7.93156087292706,0.00556806254890569,1,0.999253354069792,40.0298881530762,2.00041889345837,19.2200001329184,-43.3538681978304,-7.88768884507094,250,0.0267339615208183,-7.93006381958385,-0.00649612920176229,300.0035706,300.0039673,-21347.041015625,-21237.08203125,56.5242479966983,20.6370799766441,8.512546,0,0,0,40,4449,299.92455,-21292.0615234375,,,,,,,,,,,,,0,,,,10.7420807,,,,,,300.00376895,,,,
,16777037.335,300.003006,-21411.9404296875,-8.05234262296741,0.00552280802782326,1,0.999253354069792,40.0298881530762,2.00039678505722,19.2200001329184,-44.0136118804792,-8.00758746975778,250,0.0271641230378988,-8.05082314873792,-0.00657143197177911,300.0024414,300.0035706,-21476.83984375,-21347.041015625,56.607882248256,20.6376267636897,9.256284,0,0,0,40,4449,299.9238,-21411.9404296875,,,,,,,,,,,,,0,,,,10.58350135,,,,,,300.003006,,,,
,16777038.485,300.003067,-21526.806640625,-8.17088829185657,0.00546869317738917,1,0.999253354069792,40.0298881530762,2.0003627123283,19.2300006747246,-44.6614497304138,-8.12201802024228,250,0.0281716052162532,-8.16934901791335,-0.00606026274509183,300.0024414,300.0036926,-21576.7734375,-21476.83984375,56.3390020376406,20.6374671005815,8.512546,0,0,0,40,4449,299.9224,-21526.806640625,,,,,,,,,,,,,0,,,,10.424922,,,,,,300.003067,,,,
,16777039.465,300.0039978,-21621.828125,-8.28698752600798,0.00536610351258541,1,0.999253354069792,40.0298881530762,2.00036868178416,19.2200001329184,-45.2955920013331,-8.24056219515134,250,0.0280010185154292,-8.28542375234412,-0.00671662536610433,300.0036926,300.004303,-21666.8828125,-21576.7734375,56.4664074862752,20.6385410719901,9.256284,0,0,0,40,4449,299.9221,-21621.828125,,,,,,,,,,,,,0,,,,10.58350135,,,,,,300.0039978,,,,
,16777040.5,300.00465395,-21726.8974609375,-8.40108594621014,0.00519481452028218,1,0.999253354069792,40.0298881530762,2.0003718829509,19.2200001329184,-45.9192617216521,-8.35429426549456,250,0.0283382678038012,-8.39950030095031,-0.00685668330477409,300.004303,300.0050049,-21786.912109375,-21666.8828125,56.4085669758521,20.6385229565019,8.512546,0,0,0,40,4449,299.92265,-21726.8974609375,,,,,,,,,,,,,0,,,,10.6886921,,,,,,300.00465395,,,,
,16777041.52,300.0041504,-21826.90625,-8.51209001192455,0.00506610037100452,1,0.999253354069792,40.0298881530762,2.00036552594679,19.2200001329184,-46.5257963422405,-8.46495870177794,250,0.0286562584565283,-8.51048340023565,-0.00700303898192611,300.0032959,300.0050049,-21866.900390625,-21786.912109375,56.5328459104098,20.6376520165781,7.396941,0,0,0,40,4449,299.92325,-21826.90625,,,,,,,,,,,,,0,,,,10.6353035,,,,,,300.0041504,,,,
,16777042.545,300.0034485,-21926.9287109375,-8.62081251737599,0.00489364290965495,1,0.999253354069792,40.0298881530762,2.00034129519472,19.2200001329184,-47.1199808056495,-8.57039738049624,250,0.0294941961126207,-8.61918763735277,-0.00662009952168858,300.0032959,300.0036011,-21986.95703125,-21866.900390625,56.4562463155252,20.6381633438529,8.512546,0,0,0,40,4449,299.923,-21926.9287109375,,,,,,,,,,,,,0,,,,10.53011275,,,,,,300.0034485,,,,
,16777043.705,300.00346375,-22046.978515625,-8.7276359946734,0.00479727909793877,1,0.999253354069792,40.0298881530762,2.00024902452589,19.2200001329184,-47.7012317768026,-8.67881913974716,250,0.0293805599122169,-8.725989035431,-0.0071804287685022,300.0033264,300.0036011,-22107,-21986.95703125,56.5953761919483,20.6376755535333,8.512546,0,0,0,40,4449,299.9229,-22046.978515625,,,,,,,,,,,,,0,,,,10.58350135,,,,,,300.00346375,,,,
,16777044.815,300.00408935,-22162.052734375,-8.83127513953217,0.00456278370416525,1,0.999253354069792,40.0298881530762,2.0002758212604,19.2200001329184,-48.268597904429,-8.78041308914436,250,0.0300182382840054,-8.82960967327598,-0.00697648942960906,300.0033264,300.0048523,-22217.10546875,-22107,56.5007991411214,20.6376984390828,7.396941,0,0,0,40,4449,299.9213,-22162.052734375,,,,,,,,,,,,,0,,,,10.7420807,,,,,,300.00408935,,,,
,16777045.875,300.00427245,-22267.017578125,-8.93306169250326,0.00464394751108486,1,0.999253354069792,40.0298881530762,2.00034382633824,19.2200001329184,-48.8268277937652,-8.88038177219527,250,0.0306429548609815,-8.93137819614069,-0.00677759497630079,300.0036926,300.0048523,-22316.9296875,-22217.10546875,56.4288893173521,20.6382783357736,9.256284,0,0,0,40,4449,299.9211,-22267.017578125,,,,,,,,,,,,,0,,,,10.850472,,,,,,300.00427245,,,,
,16777046.93,300.0030365,-22371.9716796875,-9.03165065861771,0.00448222690667632,1,0.999253354069792,40.0298881530762,2.00034416022185,19.2200001329184,-49.3649327406152,-8.98259153208119,250,0.0302113844376654,-9.0299458465545,-0.00762118050271719,300.0023804,300.0036926,-22427.013671875,-22316.9296875,56.391371148429,20.6369958829885,8.884414,0,0,0,40,4449,299.92215,-22371.9716796875,,,,,,,,,,,,,0,,,,10.69189265,,,,,,300.0030365,,,,
,16777048.07,300.0029297,-22487.021484375,-9.12842118854042,0.00449604875799262,1,0.999253354069792,40.0298881530762,2.00036650249574,19.2200001329184,-49.8942756651983,-9.07961617171261,250,0.0304099621587921,-9.1266976674055,-0.00782745319317706,300.0023804,300.003479,-22547.029296875,-22427.013671875,56.5390989385637,20.637929722203,8.884414,0,0,0,40,4449,299.9205,-22487.021484375,,,,,,,,,,,,,0,,,,10.58350135,,,,,,300.0029297,,,,
,16777049.125,300.0035095,-22592.1025390625,-9.22165920127285,0.00420095838042525,1,0.999253354069792,40.0298881530762,2.00030633869246,19.2200001329184,-50.4030530215748,-9.16866856019764,250,0.0313454535688693,-9.21992057864725,-0.00728176391115401,300.003479,300.00354,-22637.17578125,-22547.029296875,56.3139899250252,20.6381883580166,8.512546,0,0,0,40,4449,299.92185,-22592.1025390625,,,,,,,,,,,,,0,,,,10.58350135,,,,,,300.0035095,,,,
,16777050.07,300.0039825,-22687.2041015625,-9.31311928698753,0.00412387548249692,1,0.999253354069792,40.0298881530762,2.00025600083674,19.2200001329184,-50.9015489002417,-9.26018850526692,250,0.0315067786013791,-9.31136270511087,-0.00750273084730265,300.00354,300.004425,-22737.232421875,-22637.17578125,56.4624993436791,20.639891760167,7.396941,0,0,0,40,4449,299.9229,-22687.2041015625,,,,,,,,,,,,,0,,,,10.53011275,,,,,,300.0039825,,,,
,16777051.075,300.0035095,-22787.2265625,-9.40236247157314,0.00404414229455117,1,0.999253354069792,40.0298881530762,2.00030771929825,19.2200001329184,-51.3905528137613,-9.34947155888484,250,0.0317511077928745,-9.4005890365307,-0.00763159539279326,300.002594,300.004425,-22837.220703125,-22737.232421875,56.4109118614098,20.6376152096652,7.396941,0,0,0,40,4449,299.92255,-22787.2265625,,,,,,,,,,,,,0,,,,10.6886921,,,,,,300.0035095,,,,
,16777052.14,300.00276185,-22892.240234375,-9.48855688783138,0.00400197997258811,1,0.999253354069792,40.0298881530762,2.0003265203973,19.2200001329184,-51.8626823091357,-9.43235984585421,250,0.0325738437920513,-9.4867697499915,-0.00716928704583258,300.002594,300.0029297,-22947.259765625,-22837.220703125,56.4195097751214,20.6387350384627,7.396941,0,0,0,40,4449,299.92265,-22892.240234375,,,,,,,,,,,,,0,,,,10.850472,,,,,,300.00276185,,,,
,16777053.235,300.0033264,-23002.4951171875,-9.65454531599373,0.00371866574324107,1,0.999253354069792,40.0298881530762,2.00037721439674,19.2300006747246,-52.7706704459888,-9.60071051990588,250,0.03257409623239,-9.65272437834061,-0.00786363515600959,300.0029297,300.0037231,-23057.73046875,-22947.259765625,56.4210730321598,20.6379984199869,8.512546,0,0,0,40,4449,299.9213,-23002.4951171875,,,,,,,,,,,,,0,,,,10.850472,,,,,,300.0033264,,,,
,16777054.345,300.0030365,-23112.869140625,-9.73439428294381,0.00360459794075844,1,0.999253354069792,40.0298881530762,2.00030279060928,19.2200001329184,-53.2054581300443,-9.67830363445031,250,0.0331098771605725,-9.73255958565513,-0.00766148623854212,300.0023499,300.0037231,-23168.0078125,-23057.73046875,56.432015831429,20.6383835312096,9.256284,0,0,0,40,4449,299.922,-23112.869140625,,,,,,,,,,,,,0,,,,10.7420807,,,,,,300.0030365,,,,
,16777055.455,300.00273135,-23223.0283203125,-9.81170452187363,0.003682543176055,1,0.999253354069792,40.0298881530762,2.00034998393155,19.2200001329184,-53.6292924667806,-9.75515594420885,250,0.0334151713572041,-9.80985563943914,-0.00767895477251685,300.0023499,300.0031128,-23278.048828125,-23168.0078125,56.2983573546406,20.6393375205158,8.512546,0,0,0,40,4449,299.9238,-23223.0283203125,,,,,,,,,,,,,0,,,,10.850472,,,,,,300.00273135,,,,
,16777056.53,300.00320435,-23333.05078125,-9.88630355555786,0.00343664744254444,1,0.999253354069792,40.0298881530762,2.00032557830355,19.2200001329184,-54.0368571696195,-9.82672159322236,250,0.0341239907673021,-9.88444238822637,-0.00728223778897492,300.0031128,300.0032959,-23388.052734375,-23278.048828125,56.6430555316214,20.6380337057965,8.512546,0,0,0,40,4449,299.92175,-23333.05078125,,,,,,,,,,,,,0,,,,10.69189265,,,,,,300.00320435,,,,
,16777057.64,300.0033264,-23443.1240234375,-9.95959165519523,0.00331772480320639,1,0.999253354069792,40.0298881530762,2.00032633449073,19.2200001329184,-54.4367655673779,-9.90330366671287,250,0.033693195290624,-9.95771383271858,-0.00801930914631763,300.0032959,300.0033569,-23498.1953125,-23388.052734375,56.4085669758521,20.6390599549291,8.512546,0,0,0,40,4449,299.9203,-23443.1240234375,,,,,,,,,,,,,0,,,,10.69189265,,,,,,300.0033264,,,,
,16777058.68,300.00318905,-23543.2001953125,-10.0296190506957,0.00327320229466746,1,0.999253354069792,40.0298881530762,2.0003118399118,19.2200001329184,-54.8186150494997,-9.97565440288076,250,0.0334184587466245,-10.0277260242489,-0.00858625712014231,300.0030212,300.0033569,-23588.205078125,-23498.1953125,56.5219031111406,20.6382676614006,8.512546,0,0,0,40,4449,299.9219,-23543.2001953125,,,,,,,,,,,,,0,,,,10.850472,,,,,,300.00318905,,,,
,16777059.695,300.0031738,-23643.2529296875,-10.0978075249671,0.00319847038169485,1,0.999253354069792,40.0298881530762,2.00028126692572,19.2200001329184,-55.1908327474623,-10.0414732710856,250,0.0339841023526981,-10.0959031288288,-0.00830543099556506,300.0030212,300.0033264,-23698.30078125,-23588.205078125,56.4030955762175,20.6384807330396,9.256284,0,0,0,40,4449,299.9226,-23643.2529296875,,,,,,,,,,,,,0,,,,10.58350135,,,,,,300.0031738,,,,
,16777060.76,300.00326535,-23753.3486328125,-10.1642015969934,0.00313389990555906,1,0.999253354069792,40.0298881530762,2.00032793368513,19.2200001329184,-55.5546482624048,-10.1095231999794,250,0.033877986606585,-10.1622833302901,-0.00868884004490802,300.0032043,300.0033264,-23808.396484375,-23698.30078125,56.465625857756,20.6386778313089,7.396941,0,0,0,40,4449,299.92205,-23753.3486328125,,,,,,,,,,,,,0,,,,10.58350135,,,,,,300.00326535,,,,
,16777061.79,300.00363155,-23858.3330078125,-10.2278804575494,0.0029914191430133,1,0.999253354069792,40.0298881530762,2.00028474202847,19.2200001329184,-55.9013718021585,-10.1734554064798,250,0.0339410267375357,-10.2259494944951,-0.00889154944956082,300.0032043,300.0040588,-23908.26953125,-23808.396484375,56.4382688595829,20.638638451615,8.512546,0,0,0,40,4449,299.9229,-23858.3330078125,,,,,,,,,,,,,0,,,,10.850472,,,,,,300.00363155,,,,
,16777062.97,300.00367735,-23973.3642578125,-10.2896025255988,0.00293301727601245,1,0.999253354069792,40.0298881530762,2.00032971883803,19.2200001329184,-56.2402613730072,-10.233405395406,250,0.0344502874906714,-10.2876612542009,-0.00863990145303936,300.0032959,300.0040588,-24038.458984375,-23908.26953125,56.4648442292367,20.6389395224989,9.256284,0,0,0,40,4449,299.92345,-23973.3642578125,,,,,,,,,,,,,0,,,,10.9588633,,,,,,300.00367735,,,,
,16777064.23,300.0037079,-24098.556640625,-10.4073190335833,0.00257776223965043,1,0.999253354069792,40.0298881530762,2.00032611358071,19.2200001329184,-56.8827608560629,-10.3548211266861,250,0.0340451898013494,-10.4053522872838,-0.00953682122695551,300.0032959,300.0041199,-24158.654296875,-24038.458984375,56.3163348105829,20.6377159686009,7.396941,0,0,0,40,4449,299.9238,-24098.556640625,,,,,,,,,,,,,0,,,,10.9588633,,,,,,300.0037079,,,,
,16777065.39,300.0036316,-24218.7412109375,-10.4628671764795,0.00249377022024068,1,0.999253354069792,40.0298881530762,2.00029442956426,19.2200001329184,-57.1858894838358,-10.407748530883,250,0.034625006900077,-10.460891721412,-0.00918871429793751,300.0031433,300.0041199,-24278.828125,-24158.654296875,56.4695340003521,20.6399660824997,7.768809,0,0,0,40,4449,299.92435,-24218.7412109375,,,,,,,,,,,,,0,,,,10.7970834,,,,,,300.0036316,,,,
,16777066.515,300.00308225,-24333.994140625,-10.5172506098461,0.00247363430789025,1,0.999253354069792,40.0298881530762,2.00028528875741,19.2200001329184,-57.4826828346041,-10.4628258242345,250,0.0346164352562626,-10.5152643649292,-0.00942439878175512,300.0030212,300.0031433,-24389.16015625,-24278.828125,56.5031440266791,20.6382731489459,8.512546,0,0,0,40,4449,299.92275,-24333.994140625,,,,,,,,,,,,,0,,,,10.74261715,,,,,,300.00308225,,,,
,16777067.605,300.0023651,-24439.2919921875,-10.5697271698406,0.00243239788457184,1,0.999253354069792,40.0298881530762,2.0003332960802,19.2200001329184,-57.7710655757303,-10.5141148584448,250,0.0350011763843624,-10.5677322530266,-0.00925868194048049,300.001709,300.0030212,-24489.423828125,-24389.16015625,56.4499932873714,20.6390468775267,8.884414,0,0,0,40,4449,299.9226,-24439.2919921875,,,,,,,,,,,,,0,,,,10.6374264,,,,,,300.0023651,,,,
,16777068.605,300.00187685,-24539.4609375,-10.6197078696487,0.00228345332705775,1,0.999253354069792,40.0298881530762,2.00032085091959,19.2200001329184,-58.0429930133762,-10.5686340386661,250,0.0342750117794238,-10.6177000695838,-0.0101929730564765,300.001709,300.0020447,-24589.498046875,-24489.423828125,56.5156500829868,20.6383620063705,9.256284,0,0,0,40,4449,299.9239,-24539.4609375,,,,,,,,,,,,,0,,,,10.69189265,,,,,,300.00187685,,,,
,16777069.635,300.0026703,-24644.595703125,-10.6686746428439,0.002209794305564,1,0.999253354069792,40.0298881530762,2.00036371688774,19.2200001329184,-58.3116606816424,-10.61856548059,250,0.0342530371282232,-10.666656599746,-0.0104190910490454,300.0020447,300.0032959,-24699.693359375,-24589.498046875,56.4413953736598,20.6388609842064,9.256284,0,0,0,40,4449,299.92425,-24644.595703125,,,,,,,,,,,,,0,,,,10.850472,,,,,,300.0026703,,,,
,16777070.71,300.003479,-24749.69140625,-10.7149700925695,0.00210324322935242,1,0.999253354069792,40.0298881530762,2.00035126091036,19.2200001329184,-58.5631455402806,-10.6710230179912,250,0.033220958202554,-10.7129381166149,-0.0116438551279022,300.0032959,300.0036621,-24799.689453125,-24699.693359375,56.4507749158906,20.6380977939415,7.396941,0,0,0,40,4449,299.92495,-24749.69140625,,,,,,,,,,,,,0,,,,10.7420807,,,,,,300.003479,,,,
,16777071.73,300.00439455,-24849.783203125,-10.7605624874122,0.00201806865056094,1,0.999253354069792,40.0298881530762,2.00028957434178,19.2200001329184,-58.810394385266,-10.7170177769957,250,0.0331944842368798,-10.7585208848676,-0.0118602866400181,300.0036621,300.005127,-24899.876953125,-24799.689453125,56.3366571520829,20.6369133664378,8.512546,0,0,0,40,4449,299.92575,-24849.783203125,,,,,,,,,,,,,0,,,,10.7420807,,,,,,300.00439455,,,,
,16777072.77,300.0042267,-24954.9951171875,-10.8040892364379,0.00198826458204485,1,0.999253354069792,40.0298881530762,2.0003301096472,19.2200001329184,-59.0494851240813,-10.7603930923678,250,0.0333638752454152,-10.8020395209332,-0.0118738803700031,300.0033264,300.005127,-25010.11328125,-24899.876953125,56.4335790884675,20.6367023158039,8.512546,0,0,0,40,4449,299.9171,-24954.9951171875,,,,,,,,,,,,,0,,,,10.7420807,,,,,,300.0042267,,,,
,16777073.89,300.00315855,-25070.1650390625,-10.8460400619015,0.00200084787907447,1,0.999253354069792,40.0298881530762,2.00034536809224,19.2200001329184,-59.2800881881424,-10.7975139050525,250,0.0343619922494176,-10.8439863920168,-0.0110522200851125,300.0029907,300.0033264,-25130.216796875,-25010.11328125,56.4796951711021,20.6364483300847,8.512546,0,0,0,40,4449,299.9086,-25070.1650390625,,,,,,,,,,,,,0,,,,10.58350135,,,,,,300.00315855,,,,
,16777074.985,300.00328065,-25180.3662109375,-10.8871377132356,0.00198003866247302,1,0.999253354069792,40.0298881530762,2.00029349761105,19.2200001329184,-59.5026253912054,-10.8412933877105,250,0.0339165622812313,-10.8850738822179,-0.011668768730357,300.0029907,300.0035706,-25230.515625,-25130.216796875,56.5187765970637,20.6390621169992,7.396941,0,0,0,40,4449,299.90855,-25180.3662109375,,,,,,,,,,,,,0,,,,10.69189265,,,,,,300.00328065,,,,
,16777076.065,300.00332645,-25285.66796875,-10.9289608117018,0.00226219637858354,1,0.999253354069792,40.0298881530762,2.00017311775159,19.2200001329184,-59.7285558365078,-10.8776974798933,250,0.0348889860443405,-10.9268926433675,-0.0108707380554581,300.0030823,300.0035706,-25340.8203125,-25230.515625,56.516431711506,20.6449514907279,7.768809,0,0,0,40,4449,299.90895,-25285.66796875,,,,,,,,,,,,,0,,,,10.850472,,,,,,300.00332645,,,,
,16777077.205,300.0036316,-25400.9150390625,-11.0038332794996,0.00182682683044977,1,0.999253354069792,40.0298881530762,2.00023489516298,19.2200001329184,-60.1400848405718,-10.9496992317379,250,0.0356483634484416,-11.0017531169065,-0.0104236796870554,300.0030823,300.0041809,-25461.009765625,-25340.8203125,56.435142345506,20.6450090935282,7.396941,0,0,0,40,4449,299.911,-25400.9150390625,,,,,,,,,,,,,0,,,,10.79600575,,,,,,300.0036316,,,,
,16777078.33,300.00483705,-25516.080078125,-11.0388998018317,0.00177746140885227,1,0.999253354069792,40.0298881530762,2.00027814951508,19.2200001329184,-60.3322021133956,-10.98916084505,250,0.0349668381354133,-11.0368093062929,-0.0112506356876267,300.0041809,300.0054932,-25571.150390625,-25461.009765625,56.4945461129675,20.6442686138137,8.512546,0,0,0,40,4449,299.91275,-25516.080078125,,,,,,,,,,,,,0,,,,10.90439705,,,,,,300.00483705,,,,
,16777079.455,300.00416565,-25626.2177734375,-11.0722781453937,0.00162663002352154,1,0.999253354069792,40.0298881530762,2.0002781503119,19.2200001329184,-60.5143103564528,-11.0241174246357,250,0.0347550004631655,-11.0701803827495,-0.0116009919050837,300.0028381,300.0054932,-25681.28515625,-25571.150390625,56.536754053006,20.6424478016787,7.768809,0,0,0,40,4449,299.91435,-25626.2177734375,,,,,,,,,,,,,0,,,,10.9588633,,,,,,300.00416565,,,,
,16777080.595,300.00308225,-25741.42578125,-11.1047761608582,0.00164615590600824,1,0.999253354069792,40.0298881530762,2.00032541417479,19.2200001329184,-60.6937171360062,-11.0546171626591,250,0.0352424686670316,-11.1026744115514,-0.0112484510095395,300.0028381,300.0033264,-25801.56640625,-25681.28515625,56.3851181202752,20.6420509138378,8.512546,0,0,0,40,4449,299.91595,-25741.42578125,,,,,,,,,,,,,0,,,,10.9588633,,,,,,300.00308225,,,,
,16777081.58,300.0033264,-25841.6943359375,-11.1361654892086,0.00142026102497775,1,0.999253354069792,40.0298881530762,2.00029642926874,19.2200001329184,-60.8641467394945,-11.0871675013324,250,0.035074008030678,-11.1340566611825,-0.0115473689263059,300.0033264,300.0033264,-25881.822265625,-25801.56640625,56.5031440266791,20.6428690402091,8.512546,0,0,0,40,4449,299.9165,-25841.6943359375,,,,,,,,,,,,,0,,,,10.9588633,,,,,,300.0033264,,,,
,16777082.6,300.00378415,-25941.966796875,-11.1660704113321,0.00172294457078958,1,0.999253354069792,40.0298881530762,2.00036595525072,19.2200001329184,-61.0296302699411,-11.1174653161108,250,0.0351399533586687,-11.1639557226623,-0.0116054517078643,300.0033264,300.0042419,-26002.111328125,-25881.822265625,56.5101786833521,20.6404842043974,7.396941,0,0,0,40,4449,299.91845,-25941.966796875,,,,,,,,,,,,,0,,,,10.9588633,,,,,,300.00378415,,,,
,16777083.795,300.0038452,-26062.232421875,-11.1956105036064,0.00163255432283946,1,0.999253354069792,40.0298881530762,2.00034591663042,19.2200001329184,-61.1902957745227,-11.1478074873828,250,0.0350414220490797,-11.1934895069463,-0.0118264031189367,300.0034485,300.0042419,-26122.353515625,-26002.111328125,56.6141352764098,20.6412367691719,7.396941,0,0,0,40,4449,299.91975,-26062.232421875,,,,,,,,,,,,,0,,,,10.9588633,,,,,,300.0038452,,,,
,16777084.81,300.0034485,-26162.4794921875,-11.2233645320397,0.0014524007447287,1,0.999253354069792,40.0298881530762,2.00036790792203,19.2200001329184,-61.3424865729326,-11.1764213457279,250,0.0349703910862451,-11.2212378521692,-0.0120128252628721,300.0034485,300.0034485,-26202.60546875,-26122.353515625,56.5093970548329,20.6419499777065,7.768809,0,0,0,40,4449,299.9195,-26162.4794921875,,,,,,,,,,,,,0,,,,10.69189265,,,,,,300.0034485,,,,
,16777085.78,300.00416565,-26257.72265625,-11.2498839185159,0.00131377403604785,1,0.999253354069792,40.0298881530762,2.00035821227888,19.2200001329184,-61.4869506888927,-11.2037947726275,250,0.0348656281236668,-11.2477512267531,-0.0122275534770435,300.0034485,300.0048828,-26312.83984375,-26202.60546875,56.4648442292367,20.6406315970875,8.512546,0,0,0,40,4449,299.9208,-26257.72265625,,,,,,,,,,,,,0,,,,10.58350135,,,,,,300.00416565,,,,
,16777086.78,300.0048828,-26357.955078125,-11.276443602111,0.00138742690715975,1,0.999253354069792,40.0298881530762,2.00045131539726,19.2200001329184,-61.6361180622382,-11.2242358476872,250,0.0361401901514069,-11.2743106740537,-0.0110632753775426,300.0048828,300.0048828,-26403.0703125,-26312.83984375,56.5219031111406,20.6414149055417,7.396941,0,0,0,40,4449,299.92255,-26357.955078125,,,,,,,,,,,,,0,,,,10.7420807,,,,,,300.0048828,,,,
,16777087.825,300.0046234,-26463.2314453125,-11.3009450954705,0.00130346605489934,1,0.999253354069792,40.0298881530762,2.00034451623123,19.2200001329184,-61.7659724054244,-11.252652889097,250,0.0353728774973945,-11.2988042065885,-0.0119318535047154,300.004364,300.0048828,-26523.392578125,-26403.0703125,56.5179949685444,20.6404619303722,7.768809,0,0,0,40,4449,299.924,-26463.2314453125,,,,,,,,,,,,,0,,,,10.79600575,,,,,,300.0046234,,,,
,16777089.005,300.00502015,-26583.5546875,-11.3248885005429,0.00144765787907192,1,0.999253354069792,40.0298881530762,2.00035538469482,19.2200001329184,-61.896644386185,-11.2793558405734,250,0.0349336281769562,-11.3227408703908,-0.0124700262618882,300.004364,300.0056763,-26643.716796875,-26523.392578125,56.4406137451406,20.6425959276996,8.512546,0,0,0,40,4449,299.92515,-26583.5546875,,,,,,,,,,,,,0,,,,10.6374264,,,,,,300.00502015,,,,
,16777090.015,300.0050812,-26683.73046875,-11.3485225887546,0.00110020180109185,1,0.999253354069792,40.0298881530762,2.00036075916218,19.2200001329184,-62.0258371123755,-11.3036966979285,250,0.03486413506638,-11.3463699532141,-0.0126373732017334,300.0044861,300.0056763,-26723.744140625,-26643.716796875,56.3898078913906,20.6418519745097,9.256284,0,0,0,40,4449,299.92635,-26683.73046875,,,,,,,,,,,,,0,,,,10.424922,,,,,,300.0050812,,,,
,16777091.015,300.00520325,-26783.92578125,-11.371059765738,0.0014073179369852,1,0.999253354069792,40.0298881530762,2.00041367936619,19.2200001329184,-62.1511644042232,-11.3234891521443,250,0.0354720540985925,-11.3689051479791,-0.0121229431408223,300.0044861,300.0059204,-26844.107421875,-26723.744140625,56.4171648895637,20.6399383011693,7.396941,0,0,0,40,4449,299.92705,-26783.92578125,,,,,,,,,,,,,0,,,,10.58350135,,,,,,300.00520325,,,,
,16777092.085,300.0059204,-26894.2509765625,-11.4132911526399,0.00102168318634454,1,0.999253354069792,40.0298881530762,2.00039612786114,19.2200001329184,-62.3812919111639,-11.3663268609741,250,0.0354416738816347,-11.4111276414672,-0.0123291072640528,300.0059204,300.0059204,-26944.39453125,-26844.107421875,56.6860451001791,20.6423715721372,8.884414,0,0,0,40,4449,299.92725,-26894.2509765625,,,,,,,,,,,,,0,,,,10.7420807,,,,,,300.0059204,,,,
,16777093.25,300.00590515,-27014.5625,-11.4333432608219,0.00138506722075989,1,0.999253354069792,40.0298881530762,2.00041110645837,19.2200001329184,-62.4911187485684,-11.3876100444391,250,0.0352774470388583,-11.4311751251922,-0.012575958561277,300.0058899,300.0059204,-27084.73046875,-26944.39453125,56.4241995462367,20.6405078745189,8.512546,0,0,0,40,4449,299.92865,-27014.5625,,,,,,,,,,,,,0,,,,10.7420807,,,,,,300.00590515,,,,
,16777094.475,300.00550845,-27134.74609375,-11.4525290540382,0.001139206541955,1,0.999253354069792,40.0298881530762,2.00038137667975,19.2200001329184,-62.5952767152764,-11.4054767808773,250,0.035532917337455,-11.4503583580291,-0.0123998795374553,300.005127,300.0058899,-27184.76171875,-27084.73046875,56.4624993436791,20.6405622807072,8.884414,0,0,0,40,4449,299.9284,-27134.74609375,,,,,,,,,,,,,0,,,,10.7420807,,,,,,300.00550845,,,,
,16777095.595,300.0059662,-27244.8095703125,-11.4709062352571,0.00125711548859618,1,0.999253354069792,40.0298881530762,2.00040103237909,19.2200001329184,-62.6963379627455,-11.4237879989877,250,0.0356072364794383,-11.4687320251368,-0.012401516551391,300.005127,300.0068054,-27304.857421875,-27184.76171875,56.4914195988906,20.6410398036439,9.256284,0,0,0,40,4449,299.92865,-27244.8095703125,,,,,,,,,,,,,0,,,,10.7420807,,,,,,300.0059662,,,,
,16777096.59,300.00598145,-27344.986328125,-11.4892693801537,0.000965875350364967,1,0.999253354069792,40.0298881530762,2.00038850334051,19.2200001329184,-62.7959374106246,-11.4440811348505,250,0.0352833173203051,-11.4870901850274,-0.0128011894552094,300.0051575,300.0068054,-27385.115234375,-27304.857421875,56.3663590358137,20.6405036337118,9.256284,0,0,0,40,4449,299.92965,-27344.986328125,,,,,,,,,,,,,0,,,,10.58350135,,,,,,300.00598145,,,,
,16777097.575,300.00520325,-27440.189453125,-11.5066717160981,0.000642028962296042,1,0.999253354069792,40.0298881530762,2.00041616956651,19.2200001329184,-62.8921301289001,-11.4603388033874,250,0.0355614705834784,-11.5044905527426,-0.0125952514506248,300.0051575,300.005249,-27495.263671875,-27385.115234375,56.4226362891983,20.6406119625708,7.396941,0,0,0,40,4449,299.92895,-27440.189453125,,,,,,,,,,,,,0,,,,10.58350135,,,,,,300.00520325,,,,
,16777098.72,300.0057068,-27555.4130859375,-11.5235269233976,0.0006946779334809,1,0.999253354069792,40.0298881530762,2.00039735992138,19.2200001329184,-62.9840727949018,-11.4748913310747,250,0.036002219046738,-11.5213440883162,-0.012223940149423,300.005249,300.0061646,-27615.5625,-27495.263671875,56.3905895199098,20.6417872633575,8.512546,0,0,0,40,4449,299.9301,-27555.4130859375,,,,,,,,,,,,,0,,,,10.850472,,,,,,300.0057068,,,,
,16777099.755,300.0064087,-27660.716796875,-11.5405693412906,0.000566945516043191,1,0.999253354069792,40.0298881530762,2.00042121622465,19.2200001329184,-63.0778306498661,-11.4926580650456,250,0.0359330635890759,-11.5383825660417,-0.0123633392687998,300.0061646,300.0066528,-27705.87109375,-27615.5625,56.618043419006,20.6399883375699,8.512546,0,0,0,40,4449,299.931,-27660.716796875,,,,,,,,,,,,,0,,,,10.69189265,,,,,,300.0064087,,,,
,16777100.655,300.0066528,-27750.9404296875,-11.5561143270557,0.00123178568618948,1,0.999253354069792,40.0298881530762,2.00043240025873,19.2200001329184,-63.1629590320188,-11.5091752711765,250,0.0358023428563272,-11.5539238283333,-0.0125582724882818,300.0066528,300.0066528,-27796.009765625,-27705.87109375,56.2874145553713,20.6383590146506,8.884414,0,0,0,40,4449,299.93125,-27750.9404296875,,,,,,,,,,,,,0,,,,10.424922,,,,,,300.0066528,,,,
,16777101.65,300.0063934,-27851.0771484375,-11.5712068601578,0.00126523177134273,1,0.999253354069792,40.0298881530762,2.00042382600224,19.2200001329184,-63.245756798268,-11.5210905356994,250,0.0364100085380077,-11.5690160265179,-0.0120131516601188,300.006134,300.0066528,-27906.14453125,-27796.009765625,56.5398805670829,20.6391793924654,8.512546,0,0,0,40,4449,299.93065,-27851.0771484375,,,,,,,,,,,,,0,,,,10.58350135,,,,,,300.0063934,,,,
,16777102.66,300.0064697,-27951.2177734375,-11.5860158731132,0.00112373182022058,1,0.999253354069792,40.0298881530762,2.00045445161934,19.2300006747246,-63.3266383013848,-11.5414353968191,250,0.035462625525387,-11.583818077691,-0.0130219474748237,300.006134,300.0068054,-27996.291015625,-27906.14453125,56.3733936924867,20.6387669146625,9.256284,0,0,0,40,4449,299.9281,-27951.2177734375,,,,,,,,,,,,,0,,,,10.58350135,,,,,,300.0064697,,,,
,16777103.76,300.00756835,-28061.3720703125,-11.59956871682,0.00107001193625061,1,0.999253354069792,40.0298881530762,2.00040771373548,19.2200001329184,-63.3996482444126,-11.5526282318316,250,0.0358775248404534,-11.5973695206458,-0.0126630124521661,300.0068054,300.0083313,-28126.453125,-27996.291015625,56.3413469231983,20.6407342058343,8.512546,0,0,0,40,4449,299.92755,-28061.3720703125,,,,,,,,,,,,,0,,,,10.424922,,,,,,300.00756835,,,,
,16777105.015,300.00813295,-28186.5908203125,-11.6275067432036,0.00109296669198557,1,0.999253354069792,40.0298881530762,2.00043043263164,19.2200001329184,-63.5525821816316,-11.5831126974125,250,0.0354994907151247,-11.6253001618413,-0.0131568309904789,300.0079346,300.0083313,-28246.728515625,-28126.453125,56.5086154263137,20.6413574520583,8.884414,0,0,0,40,4449,299.9274,-28186.5908203125,,,,,,,,,,,,,0,,,,10.6374264,,,,,,300.00813295,,,,
,16777106.29,300.008194,-28311.8349609375,-11.6403026516727,0.00135033290264031,1,0.999253354069792,40.0298881530762,2.00045208899275,19.2200001329184,-63.6235997388812,-11.5937867111787,250,0.0359393687190681,-11.6380953952751,-0.0127694869466075,300.0079346,300.0084534,-28376.94140625,-28246.728515625,56.5007991411214,20.6392265715379,7.396941,0,0,0,40,4449,299.92755,-28311.8349609375,,,,,,,,,,,,,0,,,,10.6374264,,,,,,300.008194,,,,
,16777107.425,300.0080414,-28427.095703125,-11.6529304217179,0.000981356119293922,1,0.999253354069792,40.0298881530762,2.00044239677417,19.2200001329184,-63.6924480570486,-11.6056221318665,250,0.0361032842107682,-11.65072144116,-0.0126575620959761,300.0076294,300.0084534,-28477.25,-28376.94140625,56.5344091674483,20.6395938244445,8.884414,0,0,0,40,4449,299.927,-28427.095703125,,,,,,,,,,,,,0,,,,10.6374264,,,,,,300.0080414,,,,
,16777108.48,300.0083618,-28537.3583984375,-11.6650567798349,0.0010532214828843,1,0.999253354069792,40.0298881530762,2.00033794686356,19.2200001329184,-63.7549084165939,-11.6202057862206,250,0.035573033765482,-11.6628430519407,-0.0132377485185998,300.0076294,300.0090942,-28597.466796875,-28477.25,56.4546830584867,20.6406404468222,9.256284,0,0,0,40,4449,299.9257,-28537.3583984375,,,,,,,,,,,,,0,,,,10.79600575,,,,,,300.0083618,,,,
,16777109.61,300.010025,-28652.650390625,-11.6768605957761,0.000792857864875468,1,0.999253354069792,40.0298881530762,2.00039594834063,19.2200001329184,-63.8214287730171,-11.6311770921655,250,0.0358122568061824,-11.6746448500639,-0.0130470203906908,300.0090942,300.0109558,-28707.833984375,-28597.466796875,56.3804283491598,20.6397136546425,8.884414,0,0,0,40,4449,299.92545,-28652.650390625,,,,,,,,,,,,,0,,,,10.58350135,,,,,,300.010025,,,,
,16777110.63,300.0100403,-28752.908203125,-11.6884272626578,0.00123028440077494,1,0.999253354069792,40.0298881530762,2.00043981878067,19.2200001329184,-63.8865753726402,-11.6399188501457,250,0.0364015406845228,-11.6862116894639,-0.0125056389696074,300.0091248,300.0109558,-28797.982421875,-28707.833984375,56.4750053999867,20.6391071960139,8.512546,0,0,0,40,4449,299.92415,-28752.908203125,,,,,,,,,,,,,0,,,,10.6374264,,,,,,300.0100403,,,,
,16777111.725,300.0092316,-28863.01171875,-11.6996136868786,0.000528898939438043,1,0.999253354069792,40.0298881530762,2.00045378639841,19.2200001329184,-63.9478128933263,-11.6529872975008,250,0.0360970261744752,-11.6973950090109,-0.0128559673122714,300.0091248,300.0093384,-28928.041015625,-28797.982421875,56.421854660679,20.6403630098422,8.512546,0,0,0,40,4449,299.92405,-28863.01171875,,,,,,,,,,,,,0,,,,10.79600575,,,,,,300.0092316,,,,
,16777112.845,300.0089569,-28973.1201171875,-11.710428854715,0.000749239206422897,1,0.999253354069792,40.0298881530762,2.00040492728348,19.2200001329184,-64.0050820285412,-11.6652174544437,250,0.0358116903214189,-11.7082070034546,-0.0131855072259016,300.0085754,300.0093384,-29018.19921875,-28928.041015625,56.6094455052945,20.6405417040145,9.256284,0,0,0,40,4449,299.92425,-28973.1201171875,,,,,,,,,,,,,0,,,,10.79600575,,,,,,300.0089569,,,,
,16777113.82,300.0091095,-29068.267578125,-11.7205072075754,0.000825173838211217,1,0.999253354069792,40.0298881530762,2.00040488245504,19.2200001329184,-64.0601447744061,-11.6753671188028,250,0.035821744599133,-11.7182833418396,-0.0132170785868159,300.0085754,300.0096436,-29118.3359375,-29018.19921875,56.648526931256,20.639666524711,7.396941,0,0,0,40,4449,299.9228,-29068.267578125,,,,,,,,,,,,,0,,,,10.6897588,,,,,,300.0091095,,,,
,16777114.89,300.0091858,-29178.48828125,-11.7306644080502,0.000881090721108611,1,0.999253354069792,40.0298881530762,2.00040152501027,19.2200001329184,-64.1152647636347,-11.6870351015861,250,0.0355649198205541,-11.7284374379054,-0.0135157024803273,300.008728,300.0096436,-29238.640625,-29118.3359375,56.6430555316214,20.6392174845576,8.512546,0,0,0,40,4449,299.9212,-29178.48828125,,,,,,,,,,,,,0,,,,10.5295868,,,,,,300.0091858,,,,
,16777115.875,300.008728,-29278.75,-11.7406760631909,0.000923729929287951,1,0.999253354069792,40.0298881530762,2.00043142617922,19.2200001329184,-64.1716832958329,-11.6930689589673,250,0.0363471006901475,-11.738450609539,-0.0127747749086635,300.008728,300.008728,-29318.859375,-29238.640625,56.5226847396598,20.6395151577148,8.512546,0,0,0,40,4449,299.9208,-29278.75,,,,,,,,,,,,,0,,,,10.63583375,,,,,,300.008728,,,,
,16777116.83,300.00912475,-29373.9951171875,-11.7505896448121,0.000787776690820902,1,0.999253354069792,40.0298881530762,2.00040797785358,19.2200001329184,-64.2243711958803,-11.7069238237872,250,0.0356235007711846,-11.7483590719448,-0.0135387703345561,300.008728,300.0095215,-29429.130859375,-29318.859375,56.4984542555637,20.6405799392078,9.256284,0,0,0,40,4449,299.92135,-29373.9951171875,,,,,,,,,,,,,0,,,,10.7420807,,,,,,300.00912475,,,,
,16777117.995,300.01028445,-29489.2109375,-11.759943608087,0.000599651570898255,1,0.999253354069792,40.0298881530762,2.00049037981014,19.2200001329184,-64.2791843957725,-11.7107287551101,250,0.0367466695865499,-11.7577153974751,-0.0124543093866064,300.0095215,300.0110474,-29549.291015625,-29429.130859375,56.607882248256,20.6390579428123,9.256284,0,0,0,40,4449,299.91955,-29489.2109375,,,,,,,,,,,,,0,,,,10.79600575,,,,,,300.01028445,,,,
,16777119.1,300.0114441,-29599.693359375,-11.7686073179903,0.00111288617249896,1,0.999253354069792,40.0298881530762,2.00043227217543,19.2200001329184,-64.3241674710766,-11.7219826210057,250,0.0362314839832196,-11.7663747542304,-0.0130049938365013,300.0110474,300.0118408,-29650.095703125,-29549.291015625,56.4742237714675,20.6394148176343,9.256284,0,0,0,40,4449,299.9179,-29599.693359375,,,,,,,,,,,,,0,,,,10.90439705,,,,,,300.0114441,,,,
,16777120.125,300.0118103,-29705.30078125,-11.777559370144,0.000969295847663509,1,0.999253354069792,40.0298881530762,2.0003737251186,19.2200001329184,-64.3716955193851,-11.7282172925874,250,0.0366876872049061,-11.7753268408071,-0.0125852782206962,300.0117798,300.0118408,-29760.505859375,-29650.095703125,56.5406621956021,20.6393605099109,9.256284,0,0,0,40,4449,299.9186,-29705.30078125,,,,,,,,,,,,,0,,,,10.9588633,,,,,,300.0118103,,,,
,16777121.195,300.01124575,-29810.615234375,-11.7944114955561,0.000825594533560784,1,0.999253354069792,40.0298881530762,2.000420077412,19.2200001329184,-64.4645098698136,-11.7493136077382,250,0.0359980274057723,-11.7921729968431,-0.0133443947654944,300.0107117,300.0117798,-29860.724609375,-29760.505859375,56.7352876968906,20.6394077330258,8.512546,0,0,0,40,4449,299.9185,-29810.615234375,,,,,,,,,,,,,0,,,,10.90439705,,,,,,300.01124575,,,,
,16777122.32,300.0111847,-29920.8701171875,-11.8029969750962,0.000817987755560307,1,0.999253354069792,40.0298881530762,2.00041803160904,19.2200001329184,-64.5121545532141,-11.7536319279509,250,0.0367964693362588,-11.8007601772979,-0.0125812417304167,300.0107117,300.0116577,-29981.015625,-29860.724609375,56.4281076888329,20.6399205352123,7.396941,0,0,0,40,4449,299.9176,-29920.8701171875,,,,,,,,,,,,,0,,,,10.79600575,,,,,,300.0111847,,,,
,16777123.465,300.0115204,-30036.146484375,-11.8108027213578,0.000679062737252566,1,0.999253354069792,40.0298881530762,2.00038792232158,19.2200001329184,-64.5529320759151,-11.7662977363972,250,0.0358927015464437,-11.8085604920778,-0.0135166657717165,300.0113831,300.0116577,-30091.27734375,-29981.015625,56.5007991411214,20.6395101792946,7.768809,0,0,0,40,4449,299.9166,-30036.146484375,,,,,,,,,,,,,0,,,,10.58350135,,,,,,300.0115204,,,,
,16777124.665,300.01197815,-30156.451171875,-11.8184013474055,0.000388995790637443,1,0.999253354069792,40.0298881530762,2.00039161046839,19.2200001329184,-64.5946435319383,-11.7735378200862,250,0.0359790974990158,-11.8161578294334,-0.0134611270507364,300.0113831,300.0125732,-30221.625,-30091.27734375,56.6289862182752,20.6401490318059,7.396941,0,0,0,40,4449,299.91605,-30156.451171875,,,,,,,,,,,,,0,,,,10.6374264,,,,,,300.01197815,,,,
,16777125.79,300.0131378,-30271.701171875,-11.8263008793745,0.00105765752534977,1,0.999253354069792,40.0298881530762,2.00038727020778,19.2200001329184,-64.6381554864591,-11.7788183070146,250,0.036471671203256,-11.8240573913224,-0.0130008905307761,300.0125732,300.0137024,-30321.77734375,-30221.625,56.4890747133329,20.6404001816994,8.512546,0,0,0,40,4449,299.915,-30271.701171875,,,,,,,,,,,,,0,,,,10.8499308,,,,,,300.0131378,,,,
,16777126.745,300.0135193,-30366.884765625,-11.8333562709648,0.000838441085662456,1,0.999253354069792,40.0298881530762,2.00043280541212,19.2200001329184,-64.6778102533181,-11.7879507853155,250,0.036155048244069,-11.8311099390728,-0.0133461455060173,300.0133362,300.0137024,-30411.9921875,-30321.77734375,56.5195582255829,20.6394747384911,8.884414,0,0,0,40,4449,299.9149,-30366.884765625,,,,,,,,,,,,,0,,,,10.8499308,,,,,,300.0135193,,,,
,16777127.78,300.01356505,-30467.0078125,-11.8408846223734,0.000517290973555669,1,0.999253354069792,40.0298881530762,2.00041881144659,19.2200001329184,-64.7182065742974,-11.7970452593,250,0.0358703180240634,-11.8386356512335,-0.0136612725261203,300.0133362,300.0137939,-30522.0234375,-30411.9921875,56.3679222928521,20.640163873125,7.396941,0,0,0,40,4449,299.9157,-30467.0078125,,,,,,,,,,,,,0,,,,10.8499308,,,,,,300.01356505,,,,
,16777128.77,300.01312255,-30567.0966796875,-11.8479179690847,0.000753537203355545,1,0.999253354069792,40.0298881530762,2.0004426206863,19.2200001329184,-64.7584219777702,-11.7986833746882,250,0.0368990909076655,-11.8456721194233,-0.0126615876755783,300.0124512,300.0137939,-30612.169921875,-30522.0234375,56.4679707433137,20.6401532810994,9.256284,0,0,0,40,4449,299.91395,-30567.0966796875,,,,,,,,,,,,,0,,,,10.6374264,,,,,,300.01312255,,,,
,16777129.825,300.01272585,-30677.28125,-11.8548292223656,0.000659573340800496,1,0.999253354069792,40.0298881530762,2.00043944811977,19.2200001329184,-64.7955952483515,-11.8082627395348,250,0.0364230316071921,-11.8525802109282,-0.0131658587747379,300.0124512,300.0130005,-30742.392578125,-30612.169921875,56.374175321006,20.6399120444856,8.512546,0,0,0,40,4449,299.91205,-30677.28125,,,,,,,,,,,,,0,,,,10.69189265,,,,,,300.01272585,,,,
,16777130.915,300.0128937,-30787.5,-11.861292008373,0.00069366252231738,1,0.999253354069792,40.0298881530762,2.00041415358482,19.2200001329184,-64.8297898866818,-11.8163364624153,250,0.0361157312280629,-11.8590404182985,-0.0134991765297297,300.0127869,300.0130005,-30832.607421875,-30742.392578125,56.6203883045637,20.6391122579374,7.396941,0,0,0,40,4449,299.91195,-30787.5,,,,,,,,,,,,,0,,,,10.9588633,,,,,,300.0128937,,,,
,16777131.88,300.013031,-30882.697265625,-11.8680871562959,0.000801138211774585,1,0.999253354069792,40.0298881530762,2.00038652710418,19.2200001329184,-64.8664524046138,-11.820812983612,250,0.0365261201760137,-11.8658359320336,-0.0131163734715053,300.0127869,300.0132751,-30932.787109375,-30832.607421875,56.4968909985252,20.6395106371391,9.256284,0,0,0,40,4449,299.91235,-30882.697265625,,,,,,,,,,,,,0,,,,10.9588633,,,,,,300.013031,,,,
,16777132.995,300.01248165,-30993.0087890625,-11.8741157849398,0.000850688354536742,1,0.999253354069792,40.0298881530762,2.00043881367178,19.2200001329184,-64.9004364354082,-11.8304704517645,250,0.0359303679399339,-11.8718611659202,-0.0137363920699153,300.0116882,300.0132751,-31053.23046875,-30932.787109375,56.5054889122367,20.6386820427843,8.512546,0,0,0,40,4449,299.9116,-30993.0087890625,,,,,,,,,,,,,0,,,,10.90439705,,,,,,300.01248165,,,,
,16777134.03,300.0126648,-31098.248046875,-11.8807722620954,0.000565772008392302,1,0.999253354069792,40.0298881530762,2.00045272404697,19.2200001329184,-64.9375984910678,-11.8353525720487,250,0.0362841809337826,-11.8785178218522,-0.0134091302667527,300.0116882,300.0136414,-31143.265625,-31053.23046875,56.5656743082175,20.6389552054942,8.512546,0,0,0,40,4449,299.9138,-31098.248046875,,,,,,,,,,,,,0,,,,10.90439705,,,,,,300.0126648,,,,
,16777134.935,300.0136414,-31188.388671875,-11.8866720757191,0.000921868292198928,1,0.999253354069792,40.0298881530762,2.00042336439937,19.2200001329184,-64.9688005001526,-11.8416739871519,250,0.0361886724082949,-11.8844157209798,-0.013528143842233,300.0136414,300.0136414,-31233.51171875,-31143.265625,56.4507749158906,20.6390183638156,8.884414,0,0,0,40,4449,299.9156,-31188.388671875,,,,,,,,,,,,,0,,,,10.850472,,,,,,300.0136414,,,,
,16777136.025,300.0147095,-31293.5224609375,-11.8983314787082,0.000881357153220594,1,0.999253354069792,40.0298881530762,2.00043403346475,19.2200001329184,-65.0327573907373,-11.8539201248123,250,0.036119123152336,-11.8960720747009,-0.0136456730814986,300.0136414,300.0157776,-31353.533203125,-31233.51171875,56.5406621956021,20.6389288059654,8.512546,0,0,0,40,4449,299.91475,-31293.5224609375,,,,,,,,,,,,,0,,,,10.63583375,,,,,,300.0147095,,,,
,16777137.255,300.0150757,-31418.6796875,-11.904369824493,0.000492714315862963,1,0.999253354069792,40.0298881530762,2.00041797028391,19.2200001329184,-65.0649194508706,-11.8616338823235,250,0.0358087089515859,-11.9021078231804,-0.0139803720545669,300.0143738,300.0157776,-31483.826171875,-31353.533203125,56.3968425480637,20.6388503460626,8.884414,0,0,0,40,4449,299.9137,-31418.6796875,,,,,,,,,,,,,0,,,,10.6897588,,,,,,300.0150757,,,,
,16777138.4,300.01434325,-31533.900390625,-11.910247674779,0.000693399599720531,1,0.999253354069792,40.0298881530762,2.00041462408331,19.2200001329184,-65.0974583689849,-11.8646843783069,250,0.0363359796586819,-11.9079870710859,-0.0134771282711951,300.0143127,300.0143738,-31583.974609375,-31483.826171875,56.4898563418521,20.639448322321,7.396941,0,0,0,40,4449,299.91185,-31533.900390625,,,,,,,,,,,,,0,,,,10.90439705,,,,,,300.01434325,,,,
,16777139.49,300.0147705,-31644.1142578125,-11.9154997760753,0.000841326552976169,1,0.999253354069792,40.0298881530762,2.00043140262866,19.2200001329184,-65.1271219773668,-11.8677185750568,250,0.0367711258844245,-11.9132398304756,-0.013063073423419,300.0143127,300.0152283,-31704.25390625,-31583.974609375,56.5000175126021,20.6380797207616,8.512546,0,0,0,40,4449,299.91175,-31644.1142578125,,,,,,,,,,,,,0,,,,10.9588633,,,,,,300.0147705,,,,
,16777140.585,300.0148926,-31754.3525390625,-11.9210211599636,0.00108640873689648,1,0.999253354069792,40.0298881530762,2.0004767433877,19.2200001329184,-65.1584616465466,-11.8749812941992,250,0.0365127366937381,-11.9187590206119,-0.0133438710376999,300.0145569,300.0152283,-31804.451171875,-31704.25390625,56.4531198014483,20.6389606037972,9.256284,0,0,0,40,4449,299.90995,-31754.3525390625,,,,,,,,,,,,,0,,,,10.9588633,,,,,,300.0148926,,,,
,16777141.495,300.0145569,-31844.5625,-11.9258557654059,0.000881671281736377,1,0.999253354069792,40.0298881530762,2.0004089132212,19.2200001329184,-65.1824608094614,-11.8808764883142,250,0.0362573502924882,-11.9235917998419,-0.0136186388245121,300.0145569,300.0145569,-31884.673828125,-31804.451171875,56.475787028506,20.6379775397022,7.396941,0,0,0,40,4449,299.90985,-31844.5625,,,,,,,,,,,,,0,,,,10.90439705,,,,,,300.0145569,,,,
,16777142.48,300.014328,-31944.7666015625,-11.9316356248964,0.00114996950617686,1,0.999253354069792,40.0298881530762,2.00041545444144,19.2200001329184,-65.2140956727211,-11.8875599873416,250,0.0361117667188205,-11.9293700468225,-0.0137876550560601,300.0140991,300.0145569,-32004.859375,-31884.673828125,56.4742237714675,20.6389012024505,8.512546,0,0,0,40,4449,299.9089,-31944.7666015625,,,,,,,,,,,,,0,,,,10.8499308,,,,,,300.014328,,,,
,16777143.61,300.0140991,-32054.9443359375,-11.9366019526667,0.00077420269830185,1,0.999253354069792,40.0298881530762,2.00042212190268,19.2200001329184,-65.2416507993651,-11.8914780613484,250,0.0363218651078499,-11.9343364015268,-0.0135977949741407,300.0140991,300.0140991,-32105.029296875,-32004.859375,56.5289377678137,20.6388657594949,8.512546,0,0,0,40,4449,299.9068,-32054.9443359375,,,,,,,,,,,,,0,,,,10.8499308,,,,,,300.0140991,,,,
,16777144.615,300.0144806,-32155.0546875,-11.9418532769805,0.000808809311160647,1,0.999253354069792,40.0298881530762,2.00042430958321,19.2200001329184,-65.2702152947878,-11.8978367475472,250,0.0361328948814604,-11.9395857890067,-0.0138077809559693,300.0140991,300.0148621,-32205.080078125,-32105.029296875,56.5641110511791,20.6388093221881,8.512546,0,0,0,40,4449,299.90685,-32155.0546875,,,,,,,,,,,,,0,,,,10.6374264,,,,,,300.0144806,,,,
,16777145.74,300.01461795,-32270.189453125,-11.9463084569528,0.000674676760281933,1,0.999253354069792,40.0298881530762,2.00041289994328,19.2200001329184,-65.293866002331,-11.9040266362362,250,0.0358127753842825,-11.9440387540928,-0.0141455429524386,300.0143738,300.0148621,-32335.298828125,-32205.080078125,56.5953761919483,20.6386003910065,9.256284,0,0,0,40,4449,299.9063,-32270.189453125,,,,,,,,,,,,,0,,,,10.58350135,,,,,,300.01461795,,,,
,16777146.79,300.0152283,-32375.3984375,-11.9513306696089,0.000587123276392365,1,0.999253354069792,40.0298881530762,2.00042935752722,19.2200001329184,-65.322625113885,-11.904882476408,250,0.0366038675736439,-11.9490630694346,-0.013374746985527,300.0143738,300.0160828,-32415.498046875,-32335.298828125,56.5430070811598,20.6374979561542,9.256284,0,0,0,40,4449,299.9059,-32375.3984375,,,,,,,,,,,,,0,,,,10.79600575,,,,,,300.0152283,,,,
,16777147.765,300.0155182,-32475.6142578125,-11.9557793596518,0.000556988867748386,1,0.999253354069792,40.0298881530762,2.00039027812255,19.2200001329184,-65.3454782706801,-11.9102607447634,250,0.0364016064497238,-11.9535099811249,-0.0135945424929033,300.0149536,300.0160828,-32535.73046875,-32415.498046875,56.4406137451406,20.6387787598842,9.256284,0,0,0,40,4449,299.90655,-32475.6142578125,,,,,,,,,,,,,0,,,,10.8499308,,,,,,300.0155182,,,,
,16777148.935,300.0153656,-32590.8330078125,-11.9610126097862,0.000987258946456466,1,0.999253354069792,40.0298881530762,2.00037693426681,19.2200001329184,-65.3729277561138,-11.9193290568379,250,0.0356967474146517,-11.9587393773446,-0.0143202244180394,300.0149536,300.0157776,-32645.935546875,-32535.73046875,56.6047557341791,20.6393623744089,9.256284,0,0,0,40,4449,299.90595,-32590.8330078125,,,,,,,,,,,,,0,,,,10.6897588,,,,,,300.0153656,,,,
,16777149.96,300.01501465,-32691.0322265625,-11.965627387171,0.000369213112633932,1,0.999253354069792,40.0298881530762,2.00041923356307,19.2200001329184,-65.4001031453059,-11.9209144652365,250,0.0363067114897246,-11.9633559680535,-0.0137292215518992,300.0142517,300.0157776,-32736.12890625,-32645.935546875,56.5281561392944,20.6387236132044,8.884414,0,0,0,40,4449,299.9037,-32691.0322265625,,,,,,,,,,,,,0,,,,10.5295868,,,,,,300.01501465,,,,
,16777150.975,300.01478575,-32796.25390625,-11.970021573335,0.000300108213410156,1,0.999253354069792,40.0298881530762,2.0004148316838,19.2200001329184,-65.4241271471625,-11.9244777076898,250,0.0364638501416228,-11.9677500833212,-0.013589836505505,300.0142517,300.0153198,-32856.37890625,-32736.12890625,56.5422254526406,20.6380304473021,9.256284,0,0,0,40,4449,299.9022,-32796.25390625,,,,,,,,,,,,,0,,,,10.74422505,,,,,,300.01478575,,,,
,16777152.17,300.0155487,-32916.728515625,-11.978998077309,0.0011115965741026,1,0.999253354069792,40.0298881530762,2.00038105342575,19.2200001329184,-65.4713802050483,-11.9371627833126,250,0.0357692614808711,-11.9767215998433,-0.0143210552167637,300.0153198,300.0157776,-32977.078125,-32856.37890625,56.2616208142367,20.6387359812744,7.396941,0,0,0,40,4449,299.90055,-32916.728515625,,,,,,,,,,,,,0,,,,10.9588633,,,,,,300.0155487,,,,
,16777153.32,300.01512145,-33032.31640625,-11.9832254405495,0.000792648715541112,1,0.999253354069792,40.0298881530762,2.00044498237462,19.2200001329184,-65.4969371956478,-11.9395328352871,250,0.0361865208533328,-11.9809501156851,-0.0139207497968276,300.0144653,300.0157776,-33087.5546875,-32977.078125,56.3851181202752,20.6376012206531,9.256284,0,0,0,40,4449,299.89935,-33032.31640625,,,,,,,,,,,,,0,,,,10.850472,,,,,,300.01512145,,,,
,16777154.455,300.0138702,-33147.6796875,-11.9875638772287,0.000874201077731616,1,0.999253354069792,40.0298881530762,2.00043858221473,19.2200001329184,-65.5204523003753,-11.9438010489918,250,0.0362019853744109,-11.9852883750873,-0.0139225347886578,300.0132751,300.0144653,-33207.8046875,-33087.5546875,56.3671406643329,20.6378216718497,9.256284,0,0,0,40,4449,299.8986,-33147.6796875,,,,,,,,,,,,,0,,,,10.79600575,,,,,,300.0138702,,,,
,16777155.675,300.0133667,-33267.916015625,-11.9917496692124,0.00114585212228039,1,0.999253354069792,40.0298881530762,2.00045616077913,19.2200001329184,-65.5442335561513,-11.9462411251118,250,0.036549222594872,-11.9894750846176,-0.0135919008061678,300.0132751,300.0134583,-33328.02734375,-33207.8046875,56.4687523718329,20.6375116505896,8.512546,0,0,0,40,4449,299.898,-33267.916015625,,,,,,,,,,,,,0,,,,10.6897588,,,,,,300.0133667,,,,
,16777156.75,300.0128632,-33373.150390625,-11.9961813470407,0.000622341750852043,1,0.999253354069792,40.0298881530762,2.00041651607821,19.2200001329184,-65.5664806244484,-11.9542580391866,250,0.0358601308997006,-11.9939033000462,-0.0142983904620377,300.0122681,300.0134583,-33418.2734375,-33328.02734375,56.6047557341791,20.6383716569718,8.884414,0,0,0,40,4449,299.8982,-33373.150390625,,,,,,,,,,,,,0,,,,10.5295868,,,,,,300.0128632,,,,
,16777157.735,300.0122528,-33473.42578125,-12.00007075445,0.000257938289744029,1,0.999253354069792,40.0298881530762,2.0003904842907,19.2200001329184,-65.586726495135,-11.9589653721087,250,0.0356906819261661,-11.9977915900645,-0.0144829122898945,300.0122375,300.0122681,-33528.578125,-33418.2734375,56.3679222928521,20.6383003954708,7.396941,0,0,0,40,4449,299.89945,-33473.42578125,,,,,,,,,,,,,0,,,,10.6897588,,,,,,300.0122528,,,,
,16777158.87,300.0116119,-33588.705078125,-12.004247541528,0.000824772985447829,1,0.999253354069792,40.0298881530762,2.00043445452193,19.2200001329184,-65.6117964652679,-11.9588871207898,250,0.0365254155766044,-12.0019713983314,-0.0136648147107149,300.0109863,300.0122375,-33648.83203125,-33528.578125,56.5258112537367,20.6378661984279,7.396941,0,0,0,40,4449,299.8992,-33588.705078125,,,,,,,,,,,,,0,,,,10.8499308,,,,,,300.0116119,,,,
,16777159.905,300.01203915,-33693.931640625,-12.0080419215101,0.000668505578958487,1,0.999253354069792,40.0298881530762,2.00040181321739,19.2200001329184,-65.6306517740265,-11.9670025122051,250,0.0357077600328689,-12.0057614687269,-0.0144974696547398,300.0109863,300.013092,-33739.03125,-33648.83203125,56.5398805670829,20.6373116527855,9.256284,0,0,0,40,4449,299.8979,-33693.931640625,,,,,,,,,,,,,0,,,,10.79600575,,,,,,300.01203915,,,,
,16777160.93,300.0127716,-33794.017578125,-12.012178138681,0.00104280248744622,1,0.999253354069792,40.0298881530762,2.00041372036437,19.2200001329184,-65.6546484782209,-11.9657442093114,250,0.0367168628321713,-12.0099008198312,-0.0135050426476469,300.0124512,300.013092,-33849.00390625,-33739.03125,56.4695340003521,20.6375681275005,9.256284,0,0,0,40,4449,299.89745,-33794.017578125,,,,,,,,,,,,,0,,,,10.63583375,,,,,,300.0127716,,,,
,16777162.075,300.01268005,-33904.134765625,-12.0160452257518,0.000877191867601817,1,0.999253354069792,40.0298881530762,2.00041786409274,19.2200001329184,-65.675155665253,-11.9737323166498,250,0.0359750061843246,-12.0137641556251,-0.0142619349468764,300.0124512,300.0129089,-33959.265625,-33849.00390625,56.5078337977944,20.6370016921379,8.884414,0,0,0,40,4449,299.89735,-33904.134765625,,,,,,,,,,,,,0,,,,10.5295868,,,,,,300.01268005,,,,
,16777163.105,300.01249695,-34009.349609375,-12.0234372856915,0.000927865773539875,1,0.999253354069792,40.0298881530762,2.00039678867738,19.2200001329184,-65.7157859718276,-11.9761103666258,250,0.0368868326707575,-12.0211587003266,-0.0133802569648281,300.012085,300.0129089,-34059.43359375,-33959.265625,56.5758354789675,20.6375592264592,8.884414,0,0,0,40,4449,299.89725,-34009.349609375,,,,,,,,,,,,,0,,,,10.6897588,,,,,,300.01249695,,,,
,16777164.195,300.01184085,-34119.546875,-12.0276273065985,0.000477566477034414,1,0.999253354069792,40.0298881530762,2.00042328840151,19.2200001329184,-65.7387494719388,-11.9846924916746,250,0.036119866894998,-12.0253450671345,-0.0141634222919219,300.0115967,300.012085,-34179.66015625,-34059.43359375,56.6031924771406,20.6375014002548,8.512546,0,0,0,40,4449,299.89805,-34119.546875,,,,,,,,,,,,,0,,,,10.8499308,,,,,,300.01184085,,,,
,16777165.415,300.01153565,-34239.798828125,-12.0316479568832,0.000497996429364793,1,0.999253354069792,40.0298881530762,2.00038307353558,19.2200001329184,-65.7597632706735,-11.9867074321623,250,0.0364525206676158,-12.0293665242182,-0.0138466363711659,300.0114746,300.0115967,-34299.9375,-34179.66015625,56.6211699330829,20.6382599378927,8.512546,0,0,0,40,4449,299.8976,-34239.798828125,,,,,,,,,,,,,0,,,,10.8499308,,,,,,300.01153565,,,,
,16777166.495,300.0114746,-34350.02734375,-12.0350880525501,0.000674282986458558,1,0.999253354069792,40.0298881530762,2.00037944849383,19.2200001329184,-65.7787208796516,-11.9886515246239,250,0.0367295985837857,-12.032807203433,-0.0135829893440455,300.0114746,300.0114746,-34400.1171875,-34299.9375,56.5547315089483,20.6380326967398,9.256284,0,0,0,40,4449,299.8976,-34350.02734375,,,,,,,,,,,,,0,,,,10.79600575,,,,,,300.0114746,,,,
,16777167.62,300.012146,-34465.263671875,-12.038644685404,0.000729347834127913,1,0.999253354069792,40.0298881530762,2.00037508971368,19.2200001329184,-65.7980181921518,-11.9921743736965,250,0.0367380627439248,-12.0363629824853,-0.0135880253391247,300.0114746,300.0128174,-34530.41015625,-34400.1171875,56.6438371601406,20.6380596507363,9.256284,0,0,0,40,4449,299.8992,-34465.263671875,,,,,,,,,,,,,0,,,,10.90548515,,,,,,300.012146,,,,
,16777168.745,300.0128174,-34575.400390625,-12.0420605750282,0.000774841956592813,1,0.999253354069792,40.0298881530762,2.00040788528863,19.2200001329184,-65.8177162971673,-11.9958887182895,250,0.0367255435196574,-12.0397779194604,-0.0136138729966147,300.0128174,300.0128174,-34620.390625,-34530.41015625,56.6657227586791,20.6370856177069,8.512546,0,0,0,40,4449,299.8989,-34575.400390625,,,,,,,,,,,,,0,,,,10.7992382,,,,,,300.0128174,,,,
,16777169.665,300.01287845,-34665.5,-12.0460236075075,0.00117413280889361,1,0.999253354069792,40.0298881530762,2.00039640329807,19.2200001329184,-65.8388005524111,-12.0008918901743,250,0.0365315044580089,-12.0437393725731,-0.0138237915974323,300.0128174,300.0129395,-34710.609375,-34620.390625,56.5211214826214,20.6373846048211,8.512546,0,0,0,40,4449,299.898,-34665.5,,,,,,,,,,,,,0,,,,10.7992382,,,,,,300.01287845,,,,
,16777170.71,300.0126648,-34770.75390625,-12.0495110312547,0.000532895891232756,1,0.999253354069792,40.0298881530762,2.00040069037289,19.2200001329184,-65.8578953814232,-12.0049559449242,250,0.0364377106868917,-12.0472258913497,-0.0139311008538886,300.0123901,300.0129395,-34830.8984375,-34710.609375,56.506270540756,20.6377396988419,7.396941,0,0,0,40,4449,299.8984,-34770.75390625,,,,,,,,,,,,,0,,,,10.9594102,,,,,,300.0126648,,,,
,16777171.755,300.0129089,-34875.96875,-12.0528730503958,0.000843311963901346,1,0.999253354069792,40.0298881530762,2.00045116822208,19.2200001329184,-65.8781232114881,-12.0073490451064,250,0.0366759369489347,-12.0505882208849,-0.0137058727408024,300.0123901,300.0134277,-34921.0390625,-34830.8984375,56.5476968522752,20.6369963481802,7.396941,0,0,0,40,4449,299.8991,-34875.96875,,,,,,,,,,,,,0,,,,10.90439705,,,,,,300.0129089,,,,
,16777172.725,300.01271055,-34976.130859375,-12.056676910517,0.00122399025206982,1,0.999253354069792,40.0298881530762,2.00040337944024,19.2200001329184,-65.8971933355154,-12.0118692785038,250,0.0365016716569481,-12.0543907555283,-0.013895103067697,300.0119934,300.0134277,-35031.22265625,-34921.0390625,56.4882930848137,20.6371013856772,8.884414,0,0,0,40,4449,299.899,-34976.130859375,,,,,,,,,,,,,0,,,,10.74422505,,,,,,300.01271055,,,,
,16777173.805,300.012146,-35086.349609375,-12.0595786024874,0.00085586333269755,1,0.999253354069792,40.0298881530762,2.00041489536288,19.2200001329184,-65.9136013372968,-12.0138747391492,250,0.0366839430017061,-12.057292968033,-0.0137239855363477,300.0119934,300.0122986,-35141.4765625,-35031.22265625,56.658688102006,20.6376284228536,8.884414,0,0,0,40,4449,299.899,-35086.349609375,,,,,,,,,,,,,0,,,,10.6897588,,,,,,300.012146,,,,
,16777174.82,300.01197815,-35186.58203125,-12.063310195787,0.000703013202021199,1,0.999253354069792,40.0298881530762,2.00042320583819,19.2200001329184,-65.9339996009534,-12.0190716438898,250,0.0364324100077138,-12.0610229227848,-0.0139900740284134,300.0116577,300.0122986,-35231.6875,-35141.4765625,56.6985511564868,20.6378051166652,8.512546,0,0,0,40,4449,299.89935,-35186.58203125,,,,,,,,,,,,,0,,,,10.9594102,,,,,,300.01197815,,,,
,16777175.81,300.01231385,-35286.802734375,-12.0665381835472,0.000629989313090077,1,0.999253354069792,40.0298881530762,2.00038926059181,19.2200001329184,-65.9500348668422,-12.0248758762781,250,0.0359307802138322,-12.064248122498,-0.0145039147181926,300.0116577,300.01297,-35341.91796875,-35231.6875,56.6297678467945,20.6374032782001,8.512546,0,0,0,40,4449,299.90065,-35286.802734375,,,,,,,,,,,,,0,,,,11.0688896,,,,,,300.01231385,,,,
,16777176.835,300.01249695,-35391.98046875,-12.0698715434692,0.000385456801552738,1,0.999253354069792,40.0298881530762,2.0004139768133,19.2200001329184,-65.9701907132786,-12.0221792109396,250,0.0370680497622233,-12.0675855683497,-0.0133798585897562,300.0120239,300.01297,-35442.04296875,-35341.91796875,56.5015807696406,20.6373938808659,8.512546,0,0,0,40,4449,299.90055,-35391.98046875,,,,,,,,,,,,,0,,,,10.9594102,,,,,,300.01249695,,,,
,16777177.805,300.0120697,-35487.08203125,-12.0734387230197,0.000990349997629768,1,0.999253354069792,40.0298881530762,2.00038594070418,19.2200001329184,-65.9879317445277,-12.030184363559,250,0.0362334320723784,-12.0711487773469,-0.0142286968750322,300.0120239,300.0121155,-35532.12109375,-35442.04296875,56.6328943608714,20.638119549965,8.884414,0,0,0,40,4449,299.89875,-35487.08203125,,,,,,,,,,,,,0,,,,10.8499308,,,,,,300.0120697,,,,
,16777178.875,300.01205445,-35592.24609375,-12.0768700318335,0.000738737024029139,1,0.999253354069792,40.0298881530762,2.00040578754193,19.2200001329184,-66.0072989192566,-12.0338586072489,250,0.0362172030731556,-12.0745794369339,-0.01425813521067,300.0119934,300.0121155,-35652.37109375,-35532.12109375,56.5125235689098,20.6383888827922,8.140677,0,0,0,40,4449,299.89955,-35592.24609375,,,,,,,,,,,,,0,,,,10.6897588,,,,,,300.01205445,,,,
,16777179.86,300.01182555,-35692.408203125,-12.0796871787395,0.000998009959314208,1,0.999253354069792,40.0298881530762,2.00042173310583,19.2200001329184,-66.0237822235484,-12.0336750712748,250,0.0367892520745859,-12.0773986033738,-0.0136969426329689,300.0116577,300.0119934,-35732.4453125,-35652.37109375,56.5734905934098,20.6377899911941,8.512546,0,0,0,40,4449,299.9001,-35692.408203125,,,,,,,,,,,,,0,,,,10.5295868,,,,,,300.01182555,,,,
,16777180.815,300.01213075,-35787.626953125,-12.0829022234887,0.000790921795826369,1,0.999253354069792,40.0298881530762,2.00035478841749,19.2200001329184,-66.0385279117919,-12.0401105646295,250,0.0361344593488615,-12.0806102091616,-0.0143641499382177,300.0116577,300.0126038,-35842.80859375,-35732.4453125,56.6602513590445,20.6387438608332,8.512546,0,0,0,40,4449,299.90015,-35787.626953125,,,,,,,,,,,,,0,,,,10.5295868,,,,,,300.01213075,,,,
,16777181.91,300.01298525,-35897.95703125,-12.0858539368777,0.00087211280521189,1,0.999253354069792,40.0298881530762,2.00039506034216,19.2200001329184,-66.0567683551558,-12.0389010724135,250,0.0369453668761408,-12.0835644262531,-0.0135647519550282,300.0126038,300.0133667,-35953.10546875,-35842.80859375,56.5203398541021,20.6381543430638,9.256284,0,0,0,40,4449,299.9,-35897.95703125,,,,,,,,,,,,,0,,,,10.6897588,,,,,,300.01298525,,,,
,16777182.925,300.01249695,-35998.111328125,-12.0890458588336,0.000813593229477971,1,0.999253354069792,40.0298881530762,2.00039962115573,19.2200001329184,-66.0736246256971,-12.0460875694555,250,0.0362258992716642,-12.0867529737121,-0.0142967748944657,300.0116272,300.0133667,-36043.1171875,-35953.10546875,56.5289377678137,20.6378424466841,7.396941,0,0,0,40,4449,299.89855,-35998.111328125,,,,,,,,,,,,,0,,,,10.8499308,,,,,,300.01249695,,,,
,16777184.05,300.0119629,-36108.28515625,-12.0920540350211,0.000706427825976377,1,0.999253354069792,40.0298881530762,2.00041542429729,19.2200001329184,-66.090899480991,-12.0474376426723,250,0.0365525114487544,-12.089762240887,-0.0139817707128361,300.0116272,300.0122986,-36173.453125,-36043.1171875,56.6039741056598,20.6381626985554,7.396941,0,0,0,40,4449,299.8986,-36108.28515625,,,,,,,,,,,,,0,,,,10.8499308,,,,,,300.0119629,,,,
,16777185.25,300.01254275,-36228.91015625,-12.0986102146192,0.000876823041268059,1,0.999253354069792,40.0298881530762,2.00044628569712,19.2200001329184,-66.127861507636,-12.0534247418467,250,0.0367038506560612,-12.0963175985862,-0.0138564727029549,300.0122986,300.0127869,-36284.3671875,-36173.453125,56.6375841319868,20.638136255784,7.396941,0,0,0,40,4449,299.89995,-36228.91015625,,,,,,,,,,,,,0,,,,10.6897588,,,,,,300.01254275,,,,
,16777186.36,300.01257325,-36339.541015625,-12.1013328483729,0.000835061617585397,1,0.999253354069792,40.0298881530762,2.00042336525473,19.2200001329184,-66.1413701957979,-12.0594233123822,250,0.0360849464294535,-12.0990371727506,-0.014485663026863,300.0123596,300.0127869,-36394.71484375,-36284.3671875,56.4914195988906,20.637080994364,8.512546,0,0,0,40,4449,299.89965,-36339.541015625,,,,,,,,,,,,,0,,,,10.6897588,,,,,,300.01257325,,,,
,16777187.415,300.0119934,-36444.85546875,-12.1046809136734,0.000966795920646805,1,0.999253354069792,40.0298881530762,2.00038865960048,19.2200001329184,-66.1588351207543,-12.0610320109807,250,0.0363730179959673,-12.1023861104279,-0.0142107127854679,300.0116272,300.0123596,-36494.99609375,-36394.71484375,56.7048041846406,20.6385006848013,8.512546,0,0,0,40,4449,299.8994,-36444.85546875,,,,,,,,,,,,,0,,,,10.6897588,,,,,,300.0119934,,,,
,16777188.46,300.01216125,-36550.1015625,-12.1071435267507,0.000339316883601915,1,0.999253354069792,40.0298881530762,2.00033847231614,19.2300006747246,-66.1710075491109,-12.0614056891533,250,0.0367061053370609,-12.1048496461212,-0.013886876732702,300.0116272,300.0126953,-36605.20703125,-36494.99609375,56.5297193963329,20.6384911640189,7.396941,0,0,0,40,4449,299.90005,-36550.1015625,,,,,,,,,,,,,0,,,,10.6897588,,,,,,300.01216125,,,,
,16777189.515,300.01159665,-36655.3828125,-12.1104364598572,0.000734844457026022,1,0.999253354069792,40.0298881530762,2.00029432227778,19.2200001329184,-66.1876452061626,-12.0640902181812,250,0.0367768391678907,-12.108142545335,-0.0138290179692858,300.010498,300.0126953,-36705.55859375,-36605.20703125,56.5054889122367,20.6437839264835,8.512546,0,0,0,40,4449,299.89965,-36655.3828125,,,,,,,,,,,,,0,,,,10.6897588,,,,,,300.01159665,,,,
,16777190.515,300.0110168,-36755.58984375,-12.1136371917232,0.00119339723142462,1,0.999253354069792,40.0298881530762,2.00033886130093,19.2200001329184,-66.2065949278195,-12.0674447770378,250,0.0368031453749218,-12.1113430947597,-0.0138150698764567,300.010498,300.0115356,-36805.62109375,-36705.55859375,56.4906379703714,20.6422597466786,7.396941,0,0,0,40,4449,299.9001,-36755.58984375,,,,,,,,,,,,,0,,,,10.7992382,,,,,,300.0110168,,,,
,16777191.555,300.0112762,-36860.77734375,-12.1165215227174,0.000702780564737329,1,0.999253354069792,40.0298881530762,2.00034307708886,19.2200001329184,-66.2223459062262,-12.0711468806624,250,0.0366637998864407,-12.1142262309239,-0.0139655194138151,300.0110168,300.0115356,-36915.93359375,-36805.62109375,56.7360693254098,20.6430936105104,7.396941,0,0,0,40,4449,299.8998,-36860.77734375,,,,,,,,,,,,,0,,,,10.9594102,,,,,,300.0112762,,,,
,16777192.595,300.0123138,-36966.017578125,-12.1194375767274,0.000706288665934491,1,0.999253354069792,40.0298881530762,2.00039604330761,19.2200001329184,-66.2399438235719,-12.0746173344817,250,0.036625259846131,-12.1171411507728,-0.014015384125582,300.0110168,300.0136108,-37016.1015625,-36915.93359375,56.5711457078521,20.6410188353458,7.768809,0,0,0,40,4449,299.89915,-36966.017578125,,,,,,,,,,,,,0,,,,10.8499308,,,,,,300.0123138,,,,
,16777193.595,300.0133514,-37066.12109375,-12.1227239443321,0.000792307844690638,1,0.999253354069792,40.0298881530762,2.00033152799979,19.2200001329184,-66.255026601312,-12.081795874698,250,0.0358495790531579,-12.1204232689458,-0.014803367333544,300.013092,300.0136108,-37116.140625,-37016.1015625,56.6977695279675,20.6392611583401,8.512546,0,0,0,40,4449,299.90085,-37066.12109375,,,,,,,,,,,,,0,,,,10.6897588,,,,,,300.0133514,,,,
,16777194.655,300.01271055,-37171.26171875,-12.1249011645126,0.000918650256588417,1,0.999253354069792,40.0298881530762,2.00035568657105,19.2200001329184,-66.2686891663262,-12.0788194262386,250,0.0368222900667056,-12.1226045850775,-0.0138379651626532,300.0123291,300.013092,-37226.3828125,-37116.140625,56.6500901882945,20.6385699820718,9.256284,0,0,0,40,4449,299.9059,-37171.26171875,,,,,,,,,,,,,0,,,,10.5295868,,,,,,300.01271055,,,,
,16777195.6,300.01304625,-37266.49609375,-12.1284938194095,0.001215699032204,1,0.999253354069792,40.0298881530762,2.00043212372813,19.2200001329184,-66.2903503330184,-12.0852400482017,250,0.0363938231457481,-12.1261947204907,-0.0142797895568834,300.0123291,300.0137634,-37306.609375,-37226.3828125,56.432015831429,20.6386867149699,8.512546,0,0,0,40,4449,299.9093,-37266.49609375,,,,,,,,,,,,,0,,,,10.5295868,,,,,,300.01304625,,,,
,16777196.61,300.0137329,-37366.716796875,-12.1314340217092,0.000948313801757978,1,0.999253354069792,40.0298881530762,2.0003976074402,19.2200001329184,-66.3048996989586,-12.0901466451038,250,0.0360028574716343,-12.1291324470652,-0.0146823314667143,300.0137024,300.0137634,-37426.82421875,-37306.609375,56.4140383754867,20.6383092940046,8.884414,0,0,0,40,4449,299.90775,-37366.716796875,,,,,,,,,,,,,0,,,,10.7992382,,,,,,300.0137329,,,,
,16777197.79,300.0133972,-37486.9609375,-12.1342611088364,0.00104309318010327,1,0.999253354069792,40.0298881530762,2.00037415095004,19.2200001329184,-66.3197428354221,-12.0920259744942,250,0.0361569023398069,-12.1319598337501,-0.0145393032062103,300.013092,300.0137024,-37547.09765625,-37426.82421875,56.5258112537367,20.6382595053438,9.256284,0,0,0,40,4449,299.90625,-37486.9609375,,,,,,,,,,,,,0,,,,10.9594102,,,,,,300.0133972,,,,
,16777198.85,300.0128326,-37597.1953125,-12.1367534799922,0.000688524376532693,1,0.999253354069792,40.0298881530762,2.00039658899929,19.2200001329184,-66.3340814032485,-12.0946988362863,250,0.0361531741020855,-12.1344520124199,-0.0145526508964352,300.0125732,300.013092,-37647.29296875,-37547.09765625,56.4445218877367,20.6366237060474,8.512546,0,0,0,40,4449,299.90505,-37597.1953125,,,,,,,,,,,,,0,,,,10.90439705,,,,,,300.0128326,,,,
,16777199.905,300.0126953,-37702.3828125,-12.1398228705925,0.00113297761883689,1,0.999253354069792,40.0298881530762,2.00035239669961,19.2200001329184,-66.3489161117482,-12.1002643308503,250,0.0356551841073932,-12.137518816131,-0.0150628059903589,300.0125732,300.0128174,-37757.47265625,-37647.29296875,56.5531682519098,20.6376513532922,9.256284,0,0,0,40,4449,299.9029,-37702.3828125,,,,,,,,,,,,,0,,,,10.90439705,,,,,,300.0126953,,,,
,16777201.135,300.0130005,-37822.52734375,-12.1456789431912,0.000879264144151156,1,0.999253354069792,40.0298881530762,2.00038398255255,19.2200001329184,-66.3824723821539,-12.1034340600042,250,0.0361937059616661,-12.1433759181925,-0.0145477895739478,300.0128174,300.0131836,-37887.58203125,-37757.47265625,56.5047072837175,20.6378834488162,8.512546,0,0,0,40,4449,299.9026,-37822.52734375,,,,,,,,,,,,,0,,,,10.8499308,,,,,,300.0130005,,,,
,16777202.345,300.0131836,-37942.654296875,-12.1477061123559,0.00116244316455294,1,0.999253354069792,40.0298881530762,2.00036136057382,19.2200001329184,-66.3928669517592,-12.105068217276,250,0.0362449215360831,-12.1454029086723,-0.0145039959377429,300.0131836,300.0131836,-37997.7265625,-37887.58203125,56.6266413327175,20.6374999256552,8.512546,0,0,0,40,4449,299.90225,-37942.654296875,,,,,,,,,,,,,0,,,,10.8499308,,,,,,300.0131836,,,,
,16777203.42,300.01226805,-38052.87890625,-12.150606823787,0.000559556913614413,1,0.999253354069792,40.0298881530762,2.00041663041143,19.2200001329184,-66.4105924686264,-12.1078507382096,250,0.0363321893130698,-12.1483038970547,-0.0144279185245683,300.0113525,300.0131836,-38108.03125,-37997.7265625,56.5133051974291,20.6370241209942,8.512546,0,0,0,40,4449,299.9018,-38052.87890625,,,,,,,,,,,,,0,,,,10.9594102,,,,,,300.01226805,,,,
,16777204.505,300.01141355,-38163.150390625,-12.1535567336194,0.000815153976667196,1,0.999253354069792,40.0298881530762,2.00041977428387,19.2200001329184,-66.4269937865044,-12.1098715275977,250,0.0365116351758276,-12.1512544412232,-0.0142597860245736,300.0113525,300.0114746,-38218.26953125,-38108.03125,56.6844818431406,20.6373988402074,8.512546,0,0,0,40,4449,299.90185,-38163.150390625,,,,,,,,,,,,,0,,,,11.0688896,,,,,,300.01141355,,,,
,16777205.49,300.01153565,-38258.298828125,-12.156217675627,0.000624123353780791,1,0.999253354069792,40.0298881530762,2.00039279282972,19.2200001329184,-66.4407056073905,-12.1121399922523,250,0.036559764234885,-12.1539150683644,-0.0142219670297492,300.0114746,300.0115967,-38298.328125,-38218.26953125,56.5320642818906,20.6377300306589,7.768809,0,0,0,40,4449,299.90145,-38258.298828125,,,,,,,,,,,,,0,,,,10.7992382,,,,,,300.01153565,,,,
,16777206.485,300.0125885,-38358.498046875,-12.1587904529655,0.000731442171234327,1,0.999253354069792,40.0298881530762,2.00036506233719,19.2300006747246,-66.4530540308909,-12.1189253453043,250,0.035763645857763,-12.1564836153789,-0.0150277481371272,300.0115967,300.0135803,-38418.66796875,-38298.328125,56.5078337977944,20.6373067516757,9.256284,0,0,0,40,4449,299.90135,-38358.498046875,,,,,,,,,,,,,0,,,,10.6897588,,,,,,300.0125885,,,,
,16777207.635,300.01345825,-38473.71875,-12.1616000405203,0.00079846728992157,1,0.999253354069792,40.0298881530762,2.00039244295615,19.2200001329184,-66.4695753003223,-12.1203735883134,250,0.0360482705944235,-12.1592935012996,-0.0147542002896303,300.0133362,300.0135803,-38528.76953125,-38418.66796875,56.5258112537367,20.6378487346338,9.256284,0,0,0,40,4449,299.8995,-38473.71875,,,,,,,,,,,,,0,,,,10.6897588,,,,,,300.01345825,,,,
,16777208.695,300.01353455,-38578.90625,-12.1643956466916,0.00140284490939258,1,0.999253354069792,40.0298881530762,2.00036732937059,19.2200001329184,-66.4845509616317,-12.120263072089,250,0.0365588768197025,-12.1620907170548,-0.0142545627491867,300.0133362,300.0137329,-38629.04296875,-38528.76953125,56.4124751184483,20.6364522429717,9.256284,0,0,0,40,4449,299.8986,-38578.90625,,,,,,,,,,,,,0,,,,10.6897588,,,,,,300.01353455,,,,
,16777209.735,300.01246645,-38684.111328125,-12.1669068942423,0.000648199801188005,1,0.999253354069792,40.0298881530762,2.00036663647418,19.2200001329184,-66.4974639876933,-12.1270370558984,250,0.0357830732864652,-12.1645987581214,-0.015040036580396,300.0112,300.0137329,-38739.1796875,-38629.04296875,56.5945945634291,20.6373974045858,9.256284,0,0,0,40,4449,299.89695,-38684.111328125,,,,,,,,,,,,,0,,,,10.74261715,,,,,,300.01246645,,,,
,16777210.885,300.01158145,-38799.25390625,-12.1698028187566,0.000946053663490157,1,0.999253354069792,40.0298881530762,2.00036241751075,19.2200001329184,-66.5132727527353,-12.1292765362719,250,0.0359046820336932,-12.1674950838109,-0.0149296817123782,300.0112,300.0119629,-38859.328125,-38739.1796875,56.5883415352752,20.637289674831,8.512546,0,0,0,40,4449,299.89585,-38799.25390625,,,,,,,,,,,,,0,,,,10.74261715,,,,,,300.01158145,,,,
,16777211.945,300.01168825,-38904.361328125,-12.1721405758473,0.000494357047945677,1,0.999253354069792,40.0298881530762,2.00037427267731,19.2200001329184,-66.5268625606302,-12.1293663887672,250,0.0363333592313756,-12.1698342191359,-0.0145097033491763,300.0114136,300.0119629,-38949.39453125,-38859.328125,56.6313311038329,20.636776864855,7.396941,0,0,0,40,4449,299.89665,-38904.361328125,,,,,,,,,,,,,0,,,,10.8499308,,,,,,300.01168825,,,,
,16777212.96,300.0115509,-39004.556640625,-12.1750447763683,0.00112471234943348,1,0.999253354069792,40.0298881530762,2.00038502868259,19.2200001329184,-66.542523644131,-12.1353510115245,250,0.0357873034678505,-12.1727356702241,-0.0150671811615516,300.0114136,300.0116882,-39059.71875,-38949.39453125,56.5945945634291,20.6381567529805,9.256284,0,0,0,40,4449,299.8949,-39004.556640625,,,,,,,,,,,,,0,,,,10.8499308,,,,,,300.0115509,,,,
,16777214.065,300.01222225,-39114.8671875,-12.1773964157093,0.000974732504345275,1,0.999253354069792,40.0298881530762,2.00033696260944,19.2200001329184,-66.5541070167421,-12.1358429343912,250,0.03608048137867,-12.1750878236463,-0.0147831803317369,300.0116882,300.0127563,-39170.015625,-39059.71875,56.4523381729291,20.6384344774099,8.512546,0,0,0,40,4449,299.8932,-39114.8671875,,,,,,,,,,,,,0,,,,10.9594102,,,,,,300.01222225,,,,
,16777215.105,300.0127258,-39220.140625,-12.1800455552375,0.000787129569165856,1,0.999253354069792,40.0298881530762,2.00036098699892,19.2200001329184,-66.5694089856807,-12.1383832932721,250,0.0361314852067289,-12.1777365177527,-0.0147421548730256,300.0126953,300.0127563,-39270.265625,-39170.015625,56.7157469839098,20.6384015171224,8.884414,0,0,0,40,4449,299.8937,-39220.140625,,,,,,,,,,,,,0,,,,10.9594102,,,,,,300.0127258,,,,
,16777216.165,300.0124054,-39330.40234375,-12.185420514198,0.000872839957875756,1,0.999253354069792,40.0298881530762,2.00037084965652,19.2200001329184,-66.5993717258683,-12.1423703269025,250,0.0364077722644393,-12.1831117923152,-0.0144872672058884,300.0121155,300.0126953,-39390.5390625,-39270.265625,56.7485753817175,20.6373884413181,8.512546,0,0,0,40,4449,299.894,-39330.40234375,,,,,,,,,,,,,0,,,,10.6897588,,,,,,300.0124054,,,,
,16777217.315,300.01190185,-39445.62109375,-12.1882962924855,0.000684177743035214,1,0.999253354069792,40.0298881530762,2.00037251486913,19.2200001329184,-66.6145300650562,-12.1485635599862,250,0.0358078803641096,-12.1859848206833,-0.0150978765869651,300.0116882,300.0121155,-39500.703125,-39390.5390625,56.6328943608714,20.6395687688903,9.256284,0,0,0,40,4449,299.8944,-39445.62109375,,,,,,,,,,,,,0,,,,10.6897588,,,,,,300.01190185,,,,
,16777218.4,300.012146,-39551.345703125,-12.1910051832968,0.00124795475188023,1,0.999253354069792,40.0298881530762,2.00036145299646,19.2200001329184,-66.6290745844144,-12.1506674252742,250,0.0359118489205903,-12.1886935960402,-0.0150040992794583,300.0116882,300.0126038,-39601.98828125,-39500.703125,56.4062220902944,20.6400256137013,7.396941,0,0,0,40,4449,299.8951,-39551.345703125,,,,,,,,,,,,,0,,,,10.8499308,,,,,,300.012146,,,,
,16777219.475,300.01324465,-39662.142578125,-12.1930462761001,0.00104564866386592,1,0.999253354069792,40.0298881530762,2.00039396789989,19.2200001329184,-66.6416650798174,-12.1508364926635,250,0.036293569943448,-12.1907354642135,-0.0146300471138051,300.0126038,300.0138855,-39722.296875,-39601.98828125,56.5461335952368,20.638071265223,8.512546,0,0,0,40,4449,299.8945,-39662.142578125,,,,,,,,,,,,,0,,,,10.6897588,,,,,,300.01324465,,,,
,16777220.545,300.0133209,-39772.43359375,-12.1958961631918,0.000869496853428812,1,0.999253354069792,40.0298881530762,2.0003467726158,19.2200001329184,-66.6551616488524,-12.1563468308031,250,0.0357612612359107,-12.1935825915194,-0.0151733717969544,300.0127563,300.0138855,-39822.5703125,-39722.296875,56.5891231637945,20.6384636465506,9.256284,0,0,0,40,4449,299.89315,-39772.43359375,,,,,,,,,,,,,0,,,,10.7992382,,,,,,300.0133209,,,,
,16777221.515,300.01266475,-39867.67578125,-12.1980154288773,0.00105242581562061,1,0.999253354069792,40.0298881530762,2.00039358683354,19.2200001329184,-66.6689192210517,-12.1552196871056,250,0.0364104107258138,-12.1957045244141,-0.01453224870039,300.0125732,300.0127563,-39912.78125,-39822.5703125,56.5680191937752,20.6379841618677,8.512546,0,0,0,40,4449,299.8934,-39867.67578125,,,,,,,,,,,,,0,,,,11.01387645,,,,,,300.01266475,,,,
,16777222.54,300.01271055,-39967.884765625,-12.2009285338277,0.00064961841827063,1,0.999253354069792,40.0298881530762,2.00040514988429,19.2200001329184,-66.6848696750174,-12.1600640112983,250,0.0360755136687607,-12.1986156908074,-0.0148785097362912,300.0125732,300.0128479,-40022.98828125,-39912.78125,56.7071490701983,20.6379141532999,8.512546,0,0,0,40,4449,299.8923,-39967.884765625,,,,,,,,,,,,,0,,,,11.01387645,,,,,,300.01271055,,,,
,16777223.71,300.01272585,-40083.16015625,-12.2032789118442,0.000857263823103086,1,0.999253354069792,40.0298881530762,2.0003998528456,19.2200001329184,-66.6985796077948,-12.156790011415,250,0.0371039778496901,-12.2009699695791,-0.0138591309779555,300.0126038,300.0128479,-40143.33203125,-40022.98828125,56.5422254526406,20.6389837722222,8.884414,0,0,0,40,4449,299.8915,-40083.16015625,,,,,,,,,,,,,0,,,,10.7992382,,,,,,300.01272585,,,,
,16777224.735,300.0126038,-40188.46875,-12.2060307518591,0.000688724137466754,1,0.999253354069792,40.0298881530762,2.00038586516315,19.2200001329184,-66.7123521903862,-12.1638399584942,250,0.0363071550082042,-12.2037181028172,-0.014665991132448,300.0126038,300.0126038,-40233.60546875,-40143.33203125,56.5250296252175,20.6389759599417,8.512546,0,0,0,40,4449,299.89295,-40188.46875,,,,,,,,,,,,,0,,,,10.5295868,,,,,,300.0126038,,,,
,16777225.76,300.01275635,-40293.65625,-12.2081072673532,0.000661258144958906,1,0.999253354069792,40.0298881530762,2.00036520657163,19.2200001329184,-66.7229300613615,-12.1663245310753,250,0.0362141632117125,-12.2057938107478,-0.0147669025278095,300.0126038,300.0129089,-40353.70703125,-40233.60546875,56.6141352764098,20.6381024171492,8.512546,0,0,0,40,4449,299.8916,-40293.65625,,,,,,,,,,,,,0,,,,10.5295868,,,,,,300.01275635,,,,
,16777226.975,300.01300045,-40413.734375,-12.2133712238302,0.00104621943873951,1,0.999253354069792,40.0298881530762,2.00039206076092,19.2200001329184,-66.752587949371,-12.1716510402446,250,0.0362431965641683,-12.2110568081138,-0.0147588692237161,300.0129089,300.013092,-40473.76171875,-40353.70703125,56.557076394506,20.6385752751665,9.256284,0,0,0,40,4449,299.8908,-40413.734375,,,,,,,,,,,,,0,,,,10.7992382,,,,,,300.01300045,,,,
,16777228.25,300.01345825,-40538.8671875,-12.2156866309648,0.00106951927366062,1,0.999253354069792,40.0298881530762,2.00039449019532,19.2200001329184,-66.7654861504122,-12.1730843082001,250,0.0364114753358187,-12.2133723617587,-0.0145990377654448,300.013092,300.0138245,-40603.97265625,-40473.76171875,56.6868267286983,20.6380528609103,8.884414,0,0,0,40,4449,299.8911,-40538.8671875,,,,,,,,,,,,,0,,,,10.9594102,,,,,,300.01345825,,,,
,16777229.415,300.01399235,-40654.05859375,-12.2185790388995,0.00102338311850287,1,0.999253354069792,40.0298881530762,2.00033587619136,19.2200001329184,-66.7796109099568,-12.1744089747522,250,0.0366405558982675,-12.2162649962348,-0.0143810696975924,300.0138245,300.0141602,-40704.14453125,-40603.97265625,56.4671891147944,20.6387490387489,9.256284,0,0,0,40,4449,299.89065,-40654.05859375,,,,,,,,,,,,,0,,,,10.8499308,,,,,,300.01399235,,,,
,16777230.485,300.01319885,-40764.291015625,-12.2205235688455,0.000799419190771161,1,0.999253354069792,40.0298881530762,2.00038287999585,19.2200001329184,-66.7910976135303,-12.1802565939437,250,0.0359807193530065,-12.2182068291969,-0.0150478988619936,300.0122375,300.0141602,-40824.4375,-40704.14453125,56.5219031111406,20.6378770998354,9.256284,0,0,0,40,4449,299.89035,-40764.291015625,,,,,,,,,,,,,0,,,,10.9594102,,,,,,300.01319885,,,,
,16777231.535,300.0122375,-40869.53125,-12.2233816782615,0.000826898367943047,1,0.999253354069792,40.0298881530762,2.00035218305284,19.2200001329184,-66.8059781502974,-12.1815423228334,250,0.0362411794310388,-12.2210659587135,-0.0147986084818608,300.0122375,300.0122375,-40914.625,-40824.4375,56.5555131374675,20.6379838596781,8.884414,0,0,0,40,4449,299.8894,-40869.53125,,,,,,,,,,,,,0,,,,10.9594102,,,,,,300.0122375,,,,
,16777232.605,300.01252745,-40974.6796875,-12.2257520013002,0.00088898111966649,1,0.999253354069792,40.0298881530762,2.00037486445543,19.2200001329184,-66.8203357801066,-12.1804549890586,250,0.0369033323825864,-12.2234385323263,-0.0141454689271067,300.0122375,300.0128174,-41034.734375,-40914.625,56.5445703381983,20.6381587687311,8.884414,0,0,0,40,4449,299.88945,-40974.6796875,,,,,,,,,,,,,0,,,,10.9594102,,,,,,300.01252745,,,,
,16777233.805,300.01283265,-41094.978515625,-12.2281067579521,0.00119988903413561,1,0.999253354069792,40.0298881530762,2.00034692244245,19.2200001329184,-66.8313158218324,-12.1879200000395,250,0.0359417275770303,-12.2257887751326,-0.0151154983705024,300.0128174,300.0128479,-41155.22265625,-41034.734375,56.5820885071214,20.6392209537881,9.256284,0,0,0,40,4449,299.88975,-41094.978515625,,,,,,,,,,,,,0,,,,11.01387645,,,,,,300.01283265,,,,
,16777234.975,300.01228335,-41215.25390625,-12.2324042713719,0.000613329328694373,1,0.999253354069792,40.0298881530762,2.00041141818231,19.2200001329184,-66.85801750081,-12.1865941960689,250,0.0370502049453796,-12.2300904091534,-0.0140239834884315,300.0117188,300.0128479,-41275.28515625,-41155.22265625,56.5523866233906,20.6375674220719,7.396941,0,0,0,40,4449,299.89,-41215.25390625,,,,,,,,,,,,,0,,,,10.7970834,,,,,,300.01228335,,,,
,16777236.17,300.0115204,-41335.384765625,-12.2348296698334,0.000585488715679055,1,0.999253354069792,40.0298881530762,2.000304128975,19.2200001329184,-66.8671697563306,-12.1916674594909,250,0.0364533469692424,-12.2325132841059,-0.0146296344699459,300.011322,300.0117188,-41395.484375,-41275.28515625,56.8251749766022,20.6405583509553,8.884414,0,0,0,40,4449,299.8903,-41335.384765625,,,,,,,,,,,,,0,,,,10.85209655,,,,,,300.0115204,,,,
,16777237.405,300.01190185,-41455.556640625,-12.2374222638753,0.00109100346549703,1,0.999253354069792,40.0298881530762,2.00035733323631,19.2200001329184,-66.8836253888482,-12.1915853256835,250,0.0370059826989367,-12.2351075773852,-0.0140870000683563,300.011322,300.0124817,-41515.62890625,-41395.484375,56.6031924771406,20.6438191281124,8.884414,0,0,0,40,4449,299.8892,-41455.556640625,,,,,,,,,,,,,0,,,,10.9594102,,,,,,300.01190185,,,,
,16777238.625,300.0120392,-41580.818359375,-12.2397675125991,0.00121037275952866,1,0.999253354069792,40.0298881530762,2.00020505626647,19.2200001329184,-66.8911997858964,-12.1945270031177,250,0.0367354909610751,-12.2374512678725,-0.014366094415384,300.0115967,300.0124817,-41646.0078125,-41515.62890625,56.6579064734868,20.6477669178314,8.512546,0,0,0,40,4449,299.88885,-41580.818359375,,,,,,,,,,,,,0,,,,10.6897588,,,,,,300.0120392,,,,
,16777239.705,300.01234435,-41691.033203125,-12.2416212073958,0.000576318884530495,1,0.999253354069792,40.0298881530762,2.00016830943574,19.2200001329184,-66.8995564006695,-12.199261377204,250,0.0361710003725322,-12.2393022257083,-0.0149368089957834,300.0115967,300.013092,-41736.05859375,-41646.0078125,56.6649411301598,20.648827737632,7.396941,0,0,0,40,4449,299.89055,-41691.033203125,,,,,,,,,,,,,0,,,,10.7992382,,,,,,300.01234435,,,,
,16777240.625,300.013092,-41781.201171875,-12.2439177268395,0.0010226817419814,1,0.999253354069792,40.0298881530762,2.00027180210624,19.2200001329184,-66.9158019319013,-12.200429145778,250,0.036494527894151,-12.2415993948687,-0.014621865101756,300.013092,300.013092,-41826.34375,-41736.05859375,56.5195582255829,20.6458295377871,9.256284,0,0,0,40,4449,299.89155,-41781.201171875,,,,,,,,,,,,,0,,,,11.01387645,,,,,,300.013092,,,,
,16777241.725,300.0124359,-41891.482421875,-12.2466239818049,0.00130665204307116,1,0.999253354069792,40.0298881530762,2.00032811962323,19.2200001329184,-66.9324207416795,-12.2035172923191,250,0.0364912703250413,-12.2443054829287,-0.0146353876281004,300.0117798,300.013092,-41956.62109375,-41826.34375,56.5195582255829,20.6446488668216,9.256284,0,0,0,40,4449,299.8914,-41891.482421875,,,,,,,,,,,,,0,,,,11.01387645,,,,,,300.0124359,,,,
,16777242.835,300.01197815,-42001.666015625,-12.2486382835549,0.00120498551676177,1,0.999253354069792,40.0298881530762,2.00031334403634,19.2200001329184,-66.943011941156,-12.2050993469315,250,0.0365579530515299,-12.246319968321,-0.0145760053417376,300.0117798,300.0121765,-42046.7109375,-41956.62109375,56.699332785006,20.6425569830085,7.396941,0,0,0,40,4449,299.8917,-42001.666015625,,,,,,,,,,,,,0,,,,10.7992382,,,,,,300.01197815,,,,
,16777243.86,300.0122986,-42101.763671875,-12.2511128419139,0.000950616229768315,1,0.999253354069792,40.0298881530762,2.00035906250884,19.2200001329184,-66.9583737472831,-12.2059697827977,250,0.0369062931717463,-12.2487954186387,-0.0142371899034512,300.0121765,300.0124207,-42156.81640625,-42046.7109375,56.7900016932368,20.6420910291926,7.396941,0,0,0,40,4449,299.89125,-42101.763671875,,,,,,,,,,,,,0,,,,10.5295868,,,,,,300.0122986,,,,
,16777245,300.01191715,-42216.955078125,-12.2557120395047,0.00104076966603435,1,0.999253354069792,40.0298881530762,2.00033524219994,19.2200001329184,-66.9822627484449,-12.2129556770479,250,0.0364531137679868,-12.2533920722985,-0.0147083741146137,300.0114136,300.0124207,-42277.09375,-42156.81640625,56.6117903908521,20.6420233157518,8.884414,0,0,0,40,4449,299.8912,-42216.955078125,,,,,,,,,,,,,0,,,,10.6897588,,,,,,300.01191715,,,,
,16777246.2,300.0112152,-42337.275390625,-12.2581418709996,0.00124202301193888,1,0.999253354069792,40.0298881530762,2.00033735758059,19.2200001329184,-66.9955230205523,-12.2158808151717,250,0.0363694815936282,-12.2558214764621,-0.0148011208402585,300.0110168,300.0114136,-42397.45703125,-42277.09375,56.5547315089483,20.6417870378099,7.396941,0,0,0,40,4449,299.89045,-42337.275390625,,,,,,,,,,,,,0,,,,11.01497555,,,,,,300.0112152,,,,
,16777247.345,300.0119171,-42452.541015625,-12.260860995017,0.00148121319170861,1,0.999253354069792,40.0298881530762,2.0003675785057,19.2300006747246,-67.0120940984904,-12.2148628168294,250,0.0370919132269737,-12.2585428403015,-0.0140892208177906,300.0110168,300.0128174,-42507.625,-42397.45703125,56.7642079521022,20.6429806468929,8.512546,0,0,0,40,4449,299.8897,-42452.541015625,,,,,,,,,,,,,0,,,,10.85480355,,,,,,300.0119171,,,,
,16777248.505,300.011734,-42572.765625,-12.2628242972731,0.00115869424666659,1,0.999253354069792,40.0298881530762,2.00037520408825,19.2200001329184,-67.0225280291466,-12.2198123574966,250,0.0365570741002896,-12.2605036993055,-0.0146310546880377,300.0106506,300.0128174,-42637.90625,-42507.625,56.5813068786021,20.6409937444887,8.512546,0,0,0,40,4449,299.88935,-42572.765625,,,,,,,,,,,,,0,,,,10.74422505,,,,,,300.011734,,,,
,16777249.7,300.0105133,-42693.013671875,-12.2652230019647,0.00145072999995175,1,0.999253354069792,40.0298881530762,2.00033408624684,19.2200001329184,-67.0343581182491,-12.2216377341406,250,0.0366217405027544,-12.2629028537561,-0.0145752201352338,300.010376,300.0106506,-42748.12109375,-42637.90625,56.8150138058522,20.6440371528658,8.884414,0,0,0,40,4449,299.8895,-42693.013671875,,,,,,,,,,,,,0,,,,10.90439705,,,,,,300.0105133,,,,
,16777250.68,300.01002505,-42788.435546875,-12.2678220505492,0.00153823546904564,1,0.999253354069792,40.0298881530762,2.00031508630093,19.2200001329184,-67.0477304235511,-12.2252666435525,250,0.0364173966928468,-12.2655008600264,-0.0147891556015453,300.0096741,300.010376,-42828.75,-42748.12109375,56.5648926796983,20.6434449168188,7.396941,0,0,0,40,4449,299.89095,-42788.435546875,,,,,,,,,,,,,0,,,,10.9594102,,,,,,300.01002505,,,,
,16777251.67,300.0108185,-42888.96875,-12.2697697491889,0.000943237305292477,1,0.999253354069792,40.0298881530762,2.00034008192391,19.2200001329184,-67.0592331432113,-12.2271258622047,250,0.0364645878943867,-12.2674480755427,-0.0147493393161921,300.0096741,300.0119629,-42949.1875,-42828.75,56.6211699330829,20.642255697679,9.256284,0,0,0,40,4449,299.8899,-42888.96875,,,,,,,,,,,,,0,,,,10.9594102,,,,,,300.0108185,,,,
,16777253.01,300.01112365,-43024.333984375,-12.2743251976907,0.0010617435931896,1,0.999253354069792,40.0298881530762,2.00035408220421,19.2200001329184,-67.0849204034928,-12.2299557234934,250,0.0368052962915705,-12.2720039925187,-0.0144266099025217,300.0102844,300.0119629,-43099.48046875,-42949.1875,56.546915223756,20.640898728761,8.512546,0,0,0,40,4449,299.88885,-43024.333984375,,,,,,,,,,,,,0,,,,10.90439705,,,,,,300.01112365,,,,
,16777254.275,300.01112365,-43149.642578125,-12.2767516503658,0.000746463205401624,1,0.999253354069792,40.0298881530762,2.00036152763903,19.2200001329184,-67.0977029973684,-12.2363170058243,250,0.0360979682841708,-12.2744270784276,-0.0151431278986709,300.0102844,300.0119629,-43199.8046875,-43099.48046875,56.7165286124291,20.6412033342758,8.512546,0,0,0,40,4449,299.88675,-43149.642578125,,,,,,,,,,,,,0,,,,10.9588633,,,,,,300.01112365,,,,
,16777255.33,300.0119629,-43254.935546875,-12.2792954048413,0.00135239423516806,1,0.999253354069792,40.0298881530762,2.00036265035276,19.2200001329184,-67.1115895161584,-12.2391345842396,250,0.0360543119492751,-12.2769698179743,-0.0151967502597949,300.0119629,300.0119629,-43310.06640625,-43199.8046875,56.6133536478906,20.6414630489489,8.512546,0,0,0,40,4449,299.88485,-43254.935546875,,,,,,,,,,,,,0,,,,10.90439705,,,,,,300.0119629,,,,
,16777256.505,300.01184085,-43375.189453125,-12.2814658853372,0.0015302045944401,1,0.999253354069792,40.0298881530762,2.00039814467511,19.2200001329184,-67.1250762778497,-12.2390160644496,250,0.0365160595091915,-12.2791419505324,-0.014743005647082,300.0117188,300.0119629,-43440.3125,-43310.06640625,56.7188734979868,20.6415854178437,8.512546,0,0,0,40,4449,299.88475,-43375.189453125,,,,,,,,,,,,,0,,,,10.74261715,,,,,,300.01184085,,,,
,16777257.72,300.01161195,-43495.3828125,-12.2837696093427,0.00101847302991362,1,0.999253354069792,40.0298881530762,2.00039100197127,19.2200001329184,-67.1374091597559,-12.2414077357233,250,0.0364965891979137,-12.2814453258509,-0.0147710882636898,300.0115051,300.0117188,-43550.453125,-43440.3125,56.6719757868329,20.6421368115432,8.884414,0,0,0,40,4449,299.8839,-43495.3828125,,,,,,,,,,,,,0,,,,10.74261715,,,,,,300.01161195,,,,
,16777258.795,300.0114441,-43600.5,-12.2858137812187,0.00108548664016455,1,0.999253354069792,40.0298881530762,2.00037376232085,19.2200001329184,-67.1475892491724,-12.245658436813,250,0.0360772333392825,-12.2834875431936,-0.015197485671036,300.0113831,300.0115051,-43650.546875,-43550.453125,56.6719757868329,20.6409034888057,8.512546,0,0,0,40,4449,299.8858,-43600.5,,,,,,,,,,,,,0,,,,10.90439705,,,,,,300.0114441,,,,
,16777259.86,300.0108185,-43710.70703125,-12.288030637227,0.0010539583387013,1,0.999253354069792,40.0298881530762,2.00039233226617,19.2200001329184,-67.1608931752334,-12.2448618272439,250,0.0366533029679082,-12.2857067456207,-0.0146296502717196,300.0102539,300.0113831,-43770.8671875,-43650.546875,56.7384142109675,20.6416955642686,8.512546,0,0,0,40,4449,299.8861,-43710.70703125,,,,,,,,,,,,,0,,,,10.9588633,,,,,,300.0108185,,,,
,16777261.04,300.01046755,-43830.958984375,-12.2922379163382,0.00130192924101227,1,0.999253354069792,40.0298881530762,2.00036801503424,19.2200001329184,-67.1825747828462,-12.2517087165242,250,0.0361519987340683,-12.2899113752517,-0.0151470072055247,300.0102539,300.0106812,-43891.05078125,-43770.8671875,56.5734905934098,20.6413285430165,8.512546,0,0,0,40,4449,299.88725,-43830.958984375,,,,,,,,,,,,,0,,,,10.74422505,,,,,,300.01046755,,,,
,16777262.225,300.0100861,-43946.17578125,-12.2946181403351,0.00112474873195709,1,0.999253354069792,40.0298881530762,2.00038148418922,19.2200001329184,-67.1958363880525,-12.2551871845694,250,0.0359697352693431,-12.2922906776018,-0.0153376106481016,300.009491,300.0106812,-44001.30078125,-43891.05078125,56.6946430138906,20.6416940305971,7.396941,0,0,0,40,4449,299.8894,-43946.17578125,,,,,,,,,,,,,0,,,,10.6897588,,,,,,300.0100861,,,,
,16777263.295,300.00953675,-44051.458984375,-12.2971561800553,0.00147447722311269,1,0.999253354069792,40.0298881530762,2.00036990221535,19.2200001329184,-67.2098995107663,-12.2545780057387,250,0.0365386788908255,-12.2948308788568,-0.0147788379510791,300.009491,300.0095825,-44101.6171875,-44001.30078125,56.4718788859098,20.6416657529121,8.884414,0,0,0,40,4449,299.88695,-44051.458984375,,,,,,,,,,,,,0,,,,10.74261715,,,,,,300.00953675,,,,
,16777264.39,300.01029965,-44161.712890625,-12.2993043754862,0.00128892656221685,1,0.999253354069792,40.0298881530762,2.00036034692467,19.2200001329184,-67.2210893168191,-12.2579385076909,250,0.0363101863531123,-12.2969774439061,-0.015015161257234,300.0095825,300.0110168,-44221.80859375,-44101.6171875,56.607882248256,20.6409004611921,9.256284,0,0,0,40,4449,299.887,-44161.712890625,,,,,,,,,,,,,0,,,,10.7970834,,,,,,300.01029965,,,,
,16777265.44,300.010498,-44266.9140625,-12.3012927803842,0.00130751448327805,1,0.999253354069792,40.0298881530762,2.00035775407067,19.2200001329184,-67.2316192328527,-12.2612683424655,250,0.0360650791984244,-12.298964461881,-0.0152671660978226,300.0099792,300.0110168,-44312.01953125,-44221.80859375,56.5625477941406,20.6408098539135,8.512546,0,0,0,40,4449,299.8886,-44266.9140625,,,,,,,,,,,,,0,,,,11.01387645,,,,,,300.010498,,,,
,16777266.455,300.0098114,-44372.11328125,-12.3035475755385,0.000949858159316725,1,0.999253354069792,40.0298881530762,2.00037667726167,19.2200001329184,-67.2450341747796,-12.2610980671875,250,0.0365340228972681,-12.3012211687963,-0.0148066768662011,300.0096436,300.0099792,-44432.20703125,-44312.01953125,56.4241995462367,20.6404761588011,9.256284,0,0,0,40,4449,299.8887,-44372.11328125,,,,,,,,,,,,,0,,,,10.85209655,,,,,,300.0098114,,,,
,16777267.61,300.0093079,-44487.23046875,-12.3057439736352,0.00101025738538922,1,0.999253354069792,40.0298881530762,2.00038217112216,19.2200001329184,-67.2573781327451,-12.2624695340554,250,0.0366950986631231,-12.3034181320818,-0.0146536519486616,300.0089722,300.0096436,-44542.25390625,-44432.20703125,56.6680676442368,20.6408164122418,8.884414,0,0,0,40,4449,299.8888,-44487.23046875,,,,,,,,,,,,,0,,,,10.85209655,,,,,,300.0093079,,,,
,16777268.73,300.00953675,-44597.39453125,-12.3079047576155,0.00126960128475648,1,0.999253354069792,40.0298881530762,2.00037993696694,19.2200001329184,-67.2689145763481,-12.2656891033036,250,0.0365026407620714,-12.3055776899958,-0.0148538471508763,300.0089722,300.0101013,-44652.53515625,-44542.25390625,56.4304525743906,20.6407821386446,8.884414,0,0,0,40,4449,299.8896,-44597.39453125,,,,,,,,,,,,,0,,,,10.9594102,,,,,,300.00953675,,,,
,16777269.845,300.01005555,-44712.5859375,-12.3105637562732,0.00122312992031063,1,0.999253354069792,40.0298881530762,2.00038281180502,19.2200001329184,-67.2834362089097,-12.2689209144813,250,0.0364058394920238,-12.3082356334778,-0.0149604432798242,300.0100098,300.0101013,-44772.63671875,-44652.53515625,56.6422739031022,20.6416012594677,8.512546,0,0,0,40,4449,299.89035,-44712.5859375,,,,,,,,,,,,,0,,,,10.74261715,,,,,,300.01005555,,,,
,16777271.07,300.01091005,-44832.767578125,-12.3149543863063,0.000979399490079707,1,0.999253354069792,40.0298881530762,2.00036287566839,19.2200001329184,-67.3069748364924,-12.2721135366962,250,0.0366127418604242,-12.3126259287304,-0.0147711044579719,300.0100098,300.0118103,-44892.8984375,-44772.63671875,56.6524350738522,20.6404243892154,8.512546,0,0,0,40,4449,299.88845,-44832.767578125,,,,,,,,,,,,,0,,,,10.7970834,,,,,,300.01091005,,,,
,16777274.315,300.0105743,-45000.724609375,-12.3187893899563,0.000356562014410848,1,0.999253354069792,40.0298881530762,2.00037463323239,19.2200001329184,-67.3291384067645,-12.2716049825983,250,0.0374277975803196,-12.3164638995706,-0.0139702124627899,300.0094604,300.0116882,-45000.74609375,-45000.703125,56.4124751184483,20.6402044952039,8.884414,0,0,0,40,4417,299.8902,-45000.724609375,,,,,,,,,,,,,0,,,,10.9076619,,,,,,300.0105743,,,,
,16777287.825,300.011673,-44939.564453125,-12.3188730922818,0.000652478981753962,1,0.999253354069792,40.0298881530762,2.00038529769819,19.2200001329184,-67.3303771069685,-12.2694102251774,250,0.0378567595617832,-12.3165488684912,-0.0135417618765479,300.0108948,300.0124512,-44947.90234375,-44931.2265625,56.6876083572175,20.6386518835237,8.512546,0,0,0,40,4449,299.8928,-44939.564453125,,,,,,,,,,,,,0,,,,11.1800203,,,,,,300.011673,,,,
,16777288.43,300.01216125,-44887.173828125,-12.3183041916579,0.000654285015655231,1,0.999253354069792,40.0298881530762,2.00037190526789,19.2200001329184,-67.3274136081175,-12.2655978056249,250,0.0384353460880061,-12.3159821954099,-0.0129617645362103,300.0108948,300.0134277,-44931.2265625,-44843.12109375,56.8048526351022,20.6392414951637,8.884414,0,0,0,40,4449,299.89115,-44887.173828125,,,,,,,,,,,,,0,,,,11.0694418,,,,,,300.01216125,,,,
,16777290.375,300.0116882,-44706.0859375,-12.3168644618466,0.000776050506483011,1,0.999253354069792,40.0298881530762,2.00034837894512,19.2200001329184,-67.3176468971886,-12.2700991086584,250,0.0373200822664715,-12.3145381828748,-0.0140722402863774,300.0116882,300.0116882,-44710.90625,-44701.265625,56.6321127323521,20.6396029465787,9.256284,0,0,0,40,4449,299.8928,-44706.0859375,,,,,,,,,,,,,0,,,,10.9588633,,,,,,300.0116882,,,,
,16777291,300.0125427,-44647.052734375,-12.3152401666144,0.00102156669293962,1,0.999253354069792,40.0298881530762,2.00034692392129,19.2200001329184,-67.3087631876735,-12.2682343133534,250,0.0373593425815713,-12.3129139254322,-0.0140269101138028,300.0116882,300.0133972,-44701.265625,-44592.83984375,56.6407106460637,20.6392501272778,8.884414,0,0,0,40,4449,299.8922,-44647.052734375,,,,,,,,,,,,,0,,,,10.7970834,,,,,,300.0125427,,,,
,16777292.08,300.0128479,-44543.34375,-12.310952847098,0.00100350466017134,1,0.999253354069792,40.0298881530762,2.00033667861612,19.2200001329184,-67.2848781306785,-12.2645248082048,250,0.0372335545933647,-12.3086266891333,-0.0141360428159505,300.0122986,300.0133972,-44592.83984375,-44493.84765625,56.7532651528329,20.6393041051606,8.884414,0,0,0,40,4449,299.891,-44543.34375,,,,,,,,,,,,,0,,,,10.6353035,,,,,,300.0128479,,,,
,16777293.155,300.0119629,-44434.1328125,-12.3085703159994,0.000631055250790836,1,0.999253354069792,40.0298881530762,2.00035534555383,19.2200001329184,-67.2719707889311,-12.2649560208529,250,0.0367345184419885,-12.3062428493052,-0.0146261977381388,300.0116272,300.0122986,-44493.84765625,-44374.41796875,56.6321127323521,20.6395515021642,8.512546,0,0,0,40,4449,299.89055,-44434.1328125,,,,,,,,,,,,,0,,,,10.7970834,,,,,,300.0119629,,,,
,16777294.295,300.01142885,-44319.634765625,-12.3066115021369,0.000733130941006077,1,0.999253354069792,40.0298881530762,2.00032726274886,19.2200001329184,-67.2599560562635,-12.2649357880995,250,0.0363455886199661,-12.3042829336809,-0.0150081171511728,300.0112305,300.0116272,-44374.41796875,-44264.8515625,56.7829670365637,20.6393436619525,7.396941,0,0,0,40,4449,299.88995,-44319.634765625,,,,,,,,,,,,,0,,,,11.0694418,,,,,,300.01142885,,,,
,16777295.32,300.01119995,-44220.171875,-12.3042994756124,0.000625675753962149,1,0.999253354069792,40.0298881530762,2.00036185979978,19.2200001329184,-67.2490925527527,-12.2593938614927,250,0.0369700684134713,-12.3019740140622,-0.0143748472970235,300.0111694,300.0112305,-44264.8515625,-44175.4921875,56.6532167023714,20.6381385215601,8.512546,0,0,0,40,4449,299.89115,-44220.171875,,,,,,,,,,,,,0,,,,11.1800203,,,,,,300.01119995,,,,
,16777296.28,300.011734,-44125.720703125,-12.3025820119801,0.000867615255500177,1,0.999253354069792,40.0298881530762,2.00034360321497,19.2200001329184,-67.2385629253697,-12.2605014494852,250,0.0364297850398274,-12.3002543128199,-0.0149087880800619,300.0111694,300.0122986,-44175.4921875,-44075.94921875,56.5547315089483,20.639249466127,7.396941,0,0,0,40,4449,299.8911,-44125.720703125,,,,,,,,,,,,,0,,,,10.9076619,,,,,,300.011734,,,,
,16777297.345,300.01164245,-44021.212890625,-12.3000566297117,0.00128780639132086,1,0.999253354069792,40.0298881530762,2.00033082791074,19.2200001329184,-67.2246576135477,-12.2562044515562,250,0.0367357160242803,-12.2977306187354,-0.0145938645338854,300.0109863,300.0122986,-44075.94921875,-43966.4765625,56.6555615879291,20.6389366790523,8.512546,0,0,0,40,4449,299.8888,-44021.212890625,,,,,,,,,,,,,0,,,,10.6353035,,,,,,300.01164245,,,,
,16777298.33,300.01203915,-43921.8046875,-12.2977449628784,0.00116727702370002,1,0.999253354069792,40.0298881530762,2.00032425914505,19.2200001329184,-67.2123211637709,-12.2510878601714,250,0.0372374438547175,-12.295421252058,-0.0140834410456811,300.0109863,300.013092,-43966.4765625,-43877.1328125,56.7071490701983,20.638020571673,8.512546,0,0,0,40,4449,299.8894,-43921.8046875,,,,,,,,,,,,,0,,,,10.6353035,,,,,,300.01203915,,,,
,16777299.295,300.01322935,-43822.34375,-12.295678901233,0.000955112912736495,1,0.999253354069792,40.0298881530762,2.00035848326977,19.2200001329184,-67.2014699963407,-12.2528826370395,250,0.0365639887930144,-12.2933521751104,-0.0147490178879251,300.013092,300.0133667,-43877.1328125,-43767.5546875,56.6141352764098,20.6379979884817,8.512546,0,0,0,40,4449,299.88985,-43822.34375,,,,,,,,,,,,,0,,,,10.6353035,,,,,,300.01322935,,,,
,16777300.38,300.01252745,-43712.87109375,-12.2939095818285,0.00109067235199255,1,0.999253354069792,40.0298881530762,2.00034459334009,19.2200001329184,-67.1911457401417,-12.2521180422377,250,0.0363620357971259,-12.2915825700966,-0.0149448053112112,300.0116882,300.0133667,-43767.5546875,-43658.1875,56.4445218877367,20.6391019584645,8.512546,0,0,0,40,4449,299.8889,-43712.87109375,,,,,,,,,,,,,0,,,,10.9076619,,,,,,300.01252745,,,,
,16777301.405,300.01226805,-43613.48046875,-12.2914930806251,0.00122773191215674,1,0.999253354069792,40.0298881530762,2.00033753150209,19.2200001329184,-67.1779953399265,-12.2481152155444,250,0.0366402161658364,-12.289167728758,-0.0146577262069212,300.0116882,300.0128479,-43658.1875,-43568.7734375,56.7048041846406,20.6387877353474,9.256284,0,0,0,40,4449,299.8881,-43613.48046875,,,,,,,,,,,,,0,,,,11.0694418,,,,,,300.01226805,,,,
,16777302.47,300.01324465,-43509.04296875,-12.2895017469762,0.000675511125766435,1,0.999253354069792,40.0298881530762,2.00036687567899,19.2200001329184,-67.1676527550451,-12.2485521493476,250,0.0362241930851791,-12.2871745051203,-0.0150665625182707,300.0128479,300.0136414,-43568.7734375,-43449.3125,56.3984058051021,20.6392464999515,8.884414,0,0,0,40,4449,299.88715,-43509.04296875,,,,,,,,,,,,,0,,,,11.0694418,,,,,,300.01324465,,,,
,16777303.555,300.01327515,-43399.46875,-12.2872368243863,0.000977198709258086,1,0.999253354069792,40.0298881530762,2.00038113389073,19.2200001329184,-67.1559528933093,-12.2452311720079,250,0.0364287891136778,-12.2849107851062,-0.014853561527814,300.0129089,300.0136414,-43449.3125,-43349.625,56.6430555316214,20.6388099096551,9.256284,0,0,0,40,4449,299.88745,-43399.46875,,,,,,,,,,,,,0,,,,11.0694418,,,,,,300.01327515,,,,
,16777304.595,300.0129089,-43294.84765625,-12.2849954499037,0.000759129003111486,1,0.999253354069792,40.0298881530762,2.00034571899498,19.2200001329184,-67.1424569389142,-12.243257560884,250,0.0363369990258504,-12.2826695389455,-0.0149371172716807,300.0129089,300.0129089,-43349.625,-43240.0703125,56.4898563418521,20.6390131921063,7.396941,0,0,0,40,4449,299.88685,-43294.84765625,,,,,,,,,,,,,0,,,,10.9588633,,,,,,300.0129089,,,,
,16777305.79,300.013443,-43175.32421875,-12.2831105587129,0.00107982462831237,1,0.999253354069792,40.0298881530762,2.00041692833017,19.2200001329184,-67.1350977471507,-12.2384859809986,250,0.0369401063389469,-12.2807871744762,-0.0143276372425062,300.0129089,300.0139771,-43240.0703125,-43110.578125,56.5516049948714,20.6393523165614,9.256284,0,0,0,40,4449,299.8858,-43175.32421875,,,,,,,,,,,,,0,,,,11.0694418,,,,,,300.013443,,,,
,16777307.085,300.0128937,-43050.84375,-12.2782867376565,0.000917640855818282,1,0.999253354069792,40.0298881530762,2.00035332429658,19.2200001329184,-67.1061489643069,-12.2360218864169,250,0.0364284714701682,-12.2759623427075,-0.0148200753452576,300.0118103,300.0139771,-43110.578125,-42991.109375,56.7157469839098,20.6386228315328,7.768809,0,0,0,40,4449,299.88665,-43050.84375,,,,,,,,,,,,,0,,,,10.9076619,,,,,,300.0128937,,,,
,16777308.235,300.01301575,-42935.994140625,-12.2766619060354,0.0010682991105661,1,0.999253354069792,40.0298881530762,2.00037475908545,19.2200001329184,-67.0978441307401,-12.2352005332912,250,0.0363023004900588,-12.2743371301169,-0.014940794603432,300.0118103,300.0142212,-42991.109375,-42880.87890625,56.6203883045637,20.6388385472909,8.512546,0,0,0,40,4449,299.88545,-42935.994140625,,,,,,,,,,,,,0,,,,10.9076619,,,,,,300.01301575,,,,
,16777309.29,300.0142212,-42826.001953125,-12.2744006048289,0.00112125823997705,1,0.999253354069792,40.0298881530762,2.00033990019802,19.2200001329184,-67.0845184594175,-12.231786422306,250,0.0364711246469865,-12.2720763293184,-0.0147637930213536,300.0142212,300.0142212,-42880.87890625,-42771.125,56.6063189912175,20.6394134721818,8.512546,0,0,0,40,4449,299.88465,-42826.001953125,,,,,,,,,,,,,0,,,,11.1800203,,,,,,300.0142212,,,,
,16777310.4,300.0140686,-42716.24609375,-12.272139770876,0.000876474666302057,1,0.999253354069792,40.0298881530762,2.00039567756726,19.2200001329184,-67.0740588220659,-12.2294671350818,250,0.0365384916284076,-12.2698161983941,-0.0146881071132595,300.013916,300.0142212,-42771.125,-42661.3671875,56.557076394506,20.6382206559664,9.256284,0,0,0,40,4449,299.88445,-42716.24609375,,,,,,,,,,,,,0,,,,10.9076619,,,,,,300.0140686,,,,
,16777311.385,300.0131073,-42621.462890625,-12.2700840696592,0.000892371126297023,1,0.999253354069792,40.0298881530762,2.00035239560763,19.2200001329184,-67.0611435438264,-12.2286024977191,250,0.036269514628121,-12.2677601278419,-0.0149494784396349,300.0122986,300.013916,-42661.3671875,-42581.55859375,56.6266413327175,20.639433732516,8.512546,0,0,0,40,4449,299.8839,-42621.462890625,,,,,,,,,,,,,0,,,,10.7970834,,,,,,300.0131073,,,,
,16777312.285,300.01272585,-42531.64453125,-12.2675785835533,0.000618995187004901,1,0.999253354069792,40.0298881530762,2.00038652273758,19.2200001329184,-67.0490118676425,-12.2239015797834,250,0.0367035848828044,-12.2652570584603,-0.0145058172169029,300.0122986,300.0131531,-42581.55859375,-42481.73046875,56.7665528376599,20.6387353555574,8.512546,0,0,0,40,4449,299.88435,-42531.64453125,,,,,,,,,,,,,0,,,,11.01387645,,,,,,300.01272585,,,,
,16777313.315,300.01313785,-42426.90625,-12.2657102329845,0.00110992467844079,1,0.999253354069792,40.0298881530762,2.00034619836769,19.2200001329184,-67.0370917663644,-12.2239010998111,250,0.0363145276222481,-12.2633871544412,-0.0148882812224024,300.0131226,300.0131531,-42481.73046875,-42372.08203125,56.7743691228522,20.6395243090115,9.256284,0,0,0,40,4449,299.883,-42426.90625,,,,,,,,,,,,,0,,,,11.12445495,,,,,,300.01313785,,,,
,16777314.29,300.0131226,-42332.22265625,-12.2630287394817,0.00142658775101398,1,0.999253354069792,40.0298881530762,2.00031283878454,19.2200001329184,-67.020967814308,-12.2230726829847,250,0.0359333193452639,-12.2607045536323,-0.0152589042659055,300.0131226,300.0131226,-42372.08203125,-42292.36328125,56.6938613853714,20.6380142457379,9.256284,0,0,0,40,4449,299.88415,-42332.22265625,,,,,,,,,,,,,0,,,,11.0694418,,,,,,300.0131226,,,,
,16777315.36,300.01303105,-42227.498046875,-12.2613067666201,0.000707384312695723,1,0.999253354069792,40.0298881530762,2.00035902786622,19.2300006747246,-67.0134708959099,-12.2194394463404,250,0.0363309863143492,-12.2589844933174,-0.014855582859824,300.0129395,300.0131226,-42292.36328125,-42162.6328125,56.5609845371021,20.6389790707376,8.512546,0,0,0,40,4449,299.88195,-42227.498046875,,,,,,,,,,,,,0,,,,10.7970834,,,,,,300.01303105,,,,
,16777316.5,300.0133362,-42112.869140625,-12.2589718432419,0.00117822908519511,1,0.999253354069792,40.0298881530762,2.00035126754378,19.2200001329184,-67.0008274198556,-12.2150528471433,250,0.0366950839755739,-12.2566511905899,-0.0144842931327011,300.0129395,300.0137329,-42162.6328125,-42063.10546875,56.6446187886598,20.6383695466999,8.512546,0,0,0,40,4449,299.8751,-42112.869140625,,,,,,,,,,,,,0,,,,10.6353035,,,,,,300.0133362,,,,
,16777317.485,300.01387025,-42013.294921875,-12.2566076673876,0.00108767372533559,1,0.999253354069792,40.0298881530762,2.00036053652971,19.2200001329184,-66.9881195700784,-12.2132232241755,250,0.0366026080922453,-12.254286783044,-0.0145677513101081,300.0137329,300.0140076,-42063.10546875,-41963.484375,56.7556100383906,20.638599754609,7.396941,0,0,0,40,4449,299.87555,-42013.294921875,,,,,,,,,,,,,0,,,,10.85209655,,,,,,300.01387025,,,,
,16777318.515,300.0132599,-41908.486328125,-12.2542703061091,0.000970723823764048,1,0.999253354069792,40.0298881530762,2.00034163998673,19.2200001329184,-66.9744035387824,-12.2125388346874,250,0.0362746383091722,-12.251948739356,-0.0148865472360453,300.0125122,300.0140076,-41963.484375,-41853.48828125,56.5992843345444,20.6380830023134,8.512546,0,0,0,40,4449,299.87735,-41908.486328125,,,,,,,,,,,,,0,,,,10.85209655,,,,,,300.0132599,,,,
,16777319.64,300.0124054,-41793.697265625,-12.2522414744378,0.00125795452511889,1,0.999253354069792,40.0298881530762,2.00034299199802,19.2200001329184,-66.9640256375794,-12.2069388085935,250,0.0369266415990716,-12.2499232892928,-0.0142276533680128,300.0122986,300.0125122,-41853.48828125,-41733.90625,56.5703640793329,20.6386120681912,8.512546,0,0,0,40,4449,299.87565,-41793.697265625,,,,,,,,,,,,,0,,,,10.85209655,,,,,,300.0124054,,,,
,16777320.955,300.01293945,-41664.107421875,-12.2481736852279,0.00104472610425724,1,0.999253354069792,40.0298881530762,2.0003548620549,19.2200001329184,-66.9414641290909,-12.2068095874084,250,0.036210299906707,-12.2458529641386,-0.0149282064525814,300.0122986,300.0135803,-41733.90625,-41594.30859375,56.533627538929,20.6403284149434,7.396941,0,0,0,40,4449,299.8752,-41664.107421875,,,,,,,,,,,,,0,,,,11.1805782,,,,,,300.01293945,,,,
,16777322.245,300.0136566,-41539.40234375,-12.2453652634871,0.00102958158268493,1,0.999253354069792,40.0298881530762,2.0003457897785,19.2200001329184,-66.9259716472719,-12.2031208828898,250,0.0363560021501314,-12.2430452936033,-0.0147718778418745,300.0135803,300.0137329,-41594.30859375,-41484.49609375,56.4953277414867,20.6387570212698,8.512546,0,0,0,40,4449,299.87585,-41539.40234375,,,,,,,,,,,,,0,,,,11.23614355,,,,,,300.0136566,,,,
,16777323.305,300.01394655,-41434.658203125,-12.2432518869957,0.00132052891622547,1,0.999253354069792,40.0298881530762,2.00035301209781,19.2200001329184,-66.9147107689779,-12.2007592437848,250,0.0364053189338548,-12.240932326321,-0.0147147345012905,300.0137329,300.0141602,-41484.49609375,-41384.8203125,56.7431039820829,20.6386572131569,8.512546,0,0,0,40,4449,299.87595,-41434.658203125,,,,,,,,,,,,,0,,,,10.9610505,,,,,,300.01394655,,,,
,16777324.38,300.01335145,-41325.009765625,-12.241198158289,0.000566731694172701,1,0.999253354069792,40.0298881530762,2.00034818598191,19.2200001329184,-66.9030087464085,-12.2004171836319,250,0.0360826017575413,-12.238877872365,-0.0150294649196103,300.0125427,300.0141602,-41384.8203125,-41265.19921875,56.5023623981598,20.6393751612996,8.884414,0,0,0,40,4449,299.87795,-41325.009765625,,,,,,,,,,,,,0,,,,10.90548515,,,,,,300.01335145,,,,
,16777325.485,300.0126495,-41215.3203125,-12.2385464877519,0.000363618598155491,1,0.999253354069792,40.0298881530762,2.000374731113,19.2200001329184,-66.8900602973903,-12.1942783100437,250,0.0367446039267538,-12.2362297348682,-0.0143574085957495,300.0125427,300.0127563,-41265.19921875,-41165.44140625,56.6141352764098,20.6380033173099,9.256284,0,0,0,40,4449,299.8788,-41215.3203125,,,,,,,,,,,,,0,,,,10.85209655,,,,,,300.0126495,,,,
,16777326.595,300.012619,-41105.57421875,-12.2366065699105,0.000166115490586571,1,0.999253354069792,40.0298881530762,2.00037959566197,19.2200001329184,-66.8790081126728,-12.1956512179199,250,0.0361399844606617,-12.2342875938589,-0.0149549195172191,300.0124817,300.0127563,-41165.44140625,-41045.70703125,56.6156985334483,20.6383248210783,7.396941,0,0,0,40,4449,299.8785,-41105.57421875,,,,,,,,,,,,,0,,,,10.7970834,,,,,,300.012619,,,,
,16777327.71,300.01213075,-40990.7890625,-12.2342170472452,0.00113375976732155,1,0.999253354069792,40.0298881530762,2.00038249317706,19.2200001329184,-66.8670392607259,-12.1879150719893,250,0.0371174909885406,-12.2319027480225,-0.0139687742589573,300.0117798,300.0124817,-41045.70703125,-40935.87109375,56.6164801619675,20.6379542443591,8.512546,0,0,0,40,4449,299.8783,-40990.7890625,,,,,,,,,,,,,0,,,,10.850472,,,,,,300.01213075,,,,
,16777328.665,300.0117798,-40895.931640625,-12.2320284547403,0.000961323033853917,1,0.999253354069792,40.0298881530762,2.00039812232064,19.2200001329184,-66.8550217355987,-12.1888757184199,250,0.0365538327475344,-12.229712310511,-0.0145241598222337,300.0117798,300.0117798,-40935.87109375,-40855.9921875,56.4226362891983,20.6375831497612,9.256284,0,0,0,40,4449,299.87795,-40895.931640625,,,,,,,,,,,,,0,,,,10.7420807,,,,,,300.0117798,,,,
,16777329.655,300.01138305,-40796.11328125,-12.2298836635821,0.00141518608459411,1,0.999253354069792,40.0298881530762,2.00040469817738,19.2200001329184,-66.843383074467,-12.1874836635396,250,0.0364190120745802,-12.2275674899548,-0.0146508337089638,300.0109863,300.0117798,-40855.9921875,-40736.234375,56.432015831429,20.6386450879888,9.256284,0,0,0,40,4449,299.87855,-40796.11328125,,,,,,,,,,,,,0,,,,10.6886921,,,,,,300.01138305,,,,
,16777331.7,300.0118713,-40591.4921875,-12.2250066148803,0.00100488658159393,1,0.999253354069792,40.0298881530762,2.00037129884803,19.2200001329184,-66.8153423711551,-12.1840166137664,250,0.0361153045357279,-12.2226897297536,-0.0149363332698836,300.0118713,300.0118713,-40596.578125,-40586.40625,56.6399290175445,20.6380038575676,7.396941,0,0,0,40,4449,299.87725,-40591.4921875,,,,,,,,,,,,,0,,,,10.9588633,,,,,,300.0118713,,,,
,16777332.345,300.011322,-40526.560546875,-12.2229780956766,0.000762804227567426,1,0.999253354069792,40.0298881530762,2.00038407455852,19.2200001329184,-66.8047170097923,-12.1818309964432,250,0.03615379571755,-12.2206619757266,-0.0148899404247742,300.0107727,300.0118713,-40586.40625,-40466.71484375,56.7837486650829,20.6379098206488,7.396941,0,0,0,40,4449,299.87755,-40526.560546875,,,,,,,,,,,,,0,,,,10.9588633,,,,,,300.011322,,,,
,16777333.35,300.01135255,-40426.857421875,-12.2206577162852,0.000644325221570486,1,0.999253354069792,40.0298881530762,2.0003722710732,19.2200001329184,-66.7925426722097,-12.1746351213136,250,0.0370290157745554,-12.2183456162193,-0.0140061601984124,300.0107727,300.0119324,-40466.71484375,-40387,56.4781319140637,20.6381940428572,8.512546,0,0,0,40,4449,299.87755,-40426.857421875,,,,,,,,,,,,,0,,,,11.0694418,,,,,,300.01135255,,,,
,16777334.4,300.0113068,-40322.103515625,-12.2187679159126,0.000609639270647942,1,0.999253354069792,40.0298881530762,2.0003781111163,19.2200001329184,-66.7814574027225,-12.1778904834603,250,0.0360898655726317,-12.2164522168569,-0.0149380792250934,300.0106812,300.0119324,-40387,-40257.20703125,56.5703640793329,20.6390450180158,9.256284,0,0,0,40,4449,299.8783,-40322.103515625,,,,,,,,,,,,,0,,,,11.12445495,,,,,,300.0113068,,,,
,16777335.625,300.0115204,-40197.298828125,-12.2160696847977,0.00117889483328201,1,0.999253354069792,40.0298881530762,2.00035884003278,19.2200001329184,-66.766470608377,-12.1729923713977,250,0.0364663231910735,-12.2137559115353,-0.0145514404404346,300.0106812,300.0123596,-40257.20703125,-40137.390625,56.5398805670829,20.6387129214134,8.884414,0,0,0,40,4449,299.8792,-40197.298828125,,,,,,,,,,,,,0,,,,11.12445495,,,,,,300.0115204,,,,
,16777336.68,300.01182555,-40092.505859375,-12.2136501067577,0.00102892335304477,1,0.999253354069792,40.0298881530762,2.00036825416717,19.2200001329184,-66.7541744084088,-12.1672772560344,250,0.0370750971066118,-12.2113391377923,-0.0139336341530504,300.0112915,300.0123596,-40137.390625,-40047.62109375,56.5688008222944,20.6380823104628,9.256284,0,0,0,40,4449,299.87945,-40092.505859375,,,,,,,,,,,,,0,,,,11.0694418,,,,,,300.01182555,,,,
,16777337.73,300.01124575,-39987.6953125,-12.2114014331929,0.00053986682492092,1,0.999253354069792,40.0298881530762,2.00035685472942,19.2200001329184,-66.740557372775,-12.1701305585804,250,0.036124816296434,-12.2090870856486,-0.0148756714433244,300.0112,300.0112915,-40047.62109375,-39927.76953125,56.6665043871983,20.6375156949254,9.256284,0,0,0,40,4449,299.87775,-39987.6953125,,,,,,,,,,,,,0,,,,10.9588633,,,,,,300.01124575,,,,
,16777338.89,300.0115662,-39872.927734375,-12.2093042566502,0.00106513433576467,1,0.999253354069792,40.0298881530762,2.00036605260036,19.2200001329184,-66.7299822425298,-12.1649179729486,250,0.0367011053244372,-12.2069925084076,-0.0142916628714193,300.0112,300.0119324,-39927.76953125,-39818.0859375,56.567237565256,20.6377211317488,7.768809,0,0,0,40,4449,299.8786,-39872.927734375,,,,,,,,,,,,,0,,,,11.12556505,,,,,,300.0115662,,,,
,16777339.93,300.01187135,-39773.1171875,-12.207053425975,0.00101271721059982,1,0.999253354069792,40.0298881530762,2.00034645766014,19.2200001329184,-66.71648792136,-12.1655486871725,250,0.0361476480239346,-12.2047396247091,-0.0148362377939465,300.0118103,300.0119324,-39818.0859375,-39728.1484375,56.5093970548329,20.6387206266162,8.884414,0,0,0,40,4449,299.8802,-39773.1171875,,,,,,,,,,,,,0,,,,11.12556505,,,,,,300.01187135,,,,
,16777340.945,300.0120239,-39672.9453125,-12.2022219741944,0.000923977932413203,1,0.999253354069792,40.0298881530762,2.00037178882065,19.2200001329184,-66.6904415404403,-12.1633795364818,250,0.0356775974057888,-12.1999070061316,-0.0152871987527528,300.0118103,300.0122375,-39728.1484375,-39617.7421875,56.7454488676406,20.6385932957405,9.256284,0,0,0,40,4449,299.87905,-39672.9453125,,,,,,,,,,,,,0,,,,10.850472,,,,,,300.0120239,,,,
,16777342.075,300.01240535,-39557.57421875,-12.2003069474484,0.000457503805609738,1,0.999253354069792,40.0298881530762,2.00035263144012,19.2200001329184,-66.680070014103,-12.1574796065905,250,0.0363829189780629,-12.1979950345827,-0.0145751472366396,300.0122375,300.0125732,-39617.7421875,-39497.40625,56.6407106460637,20.6378823336315,9.256284,0,0,0,40,4449,299.8789,-39557.57421875,,,,,,,,,,,,,0,,,,10.850472,,,,,,300.01240535,,,,
,16777343.265,300.0122528,-39437.443359375,-12.197687880981,0.000988346464898106,1,0.999253354069792,40.0298881530762,2.00034824343901,19.2200001329184,-66.6653838611928,-12.1560797215796,250,0.0361497859257521,-12.1953755030143,-0.0147982451687958,300.0119324,300.0125732,-39497.40625,-39377.48046875,57.1096877576022,20.6388564295315,8.512546,0,0,0,40,4449,299.87985,-39437.443359375,,,,,,,,,,,,,0,,,,11.0694418,,,,,,300.0122528,,,,
,16777344.32,300.01205445,-39332.509765625,-12.1949223130225,0.00136145983051368,1,0.999253354069792,40.0298881530762,1.99995555352531,19.2300006747246,-66.6382914220176,-12.146812178269,250,0.036908874791793,-12.1926136746989,-0.0140285946595149,300.0119324,300.0121765,-39377.48046875,-39287.5390625,56.719655126506,20.6475389306299,7.396941,0,0,0,40,4449,299.88065,-39332.509765625,,,,,,,,,,,,,0,,,,11.23614355,,,,,,300.01205445,,,,
,16777345.345,300.0118103,-39232.625,-12.1917408524625,0.000976713409556465,1,0.999253354069792,40.0298881530762,2.00001253461613,19.2200001329184,-66.622014546195,-12.1479835633731,250,0.03616746761957,-12.1894297597904,-0.0147577412048334,300.0114441,300.0121765,-39287.5390625,-39177.7109375,56.9877537086022,20.6522868133405,8.512546,0,0,0,40,4449,299.8795,-39232.625,,,,,,,,,,,,,0,,,,11.01717375,,,,,,300.0118103,,,,
,16777346.37,300.01168825,-39127.830078125,-12.1900340912708,0.00145068785102572,1,0.999253354069792,40.0298881530762,2.00021334865991,19.2200001329184,-66.6192685192576,-12.1471403495167,250,0.0362240610750207,-12.1877235405758,-0.0146950329761352,300.0114441,300.0119324,-39177.7109375,-39077.94921875,56.7642079521022,20.6457050683176,8.512546,0,0,0,40,4449,299.87945,-39127.830078125,,,,,,,,,,,,,0,,,,10.90548515,,,,,,300.01168825,,,,
,16777347.37,300.0105286,-39027.98828125,-12.1874378059743,0.000856080209083065,1,0.999253354069792,40.0298881530762,2.00015152715294,19.2300006747246,-66.6034308577516,-12.1422711971369,250,0.0365680998577916,-12.185129657396,-0.0143410753512276,300.0091248,300.0119324,-39077.94921875,-38978.02734375,56.7782772654483,20.6436682889272,7.396941,0,0,0,40,4449,299.8799,-39027.98828125,,,,,,,,,,,,,0,,,,11.0688896,,,,,,300.0105286,,,,
,16777348.465,300.00994875,-38918.10546875,-12.1854983636092,0.0010316831145503,1,0.999253354069792,40.0298881530762,2.00014824038863,19.2200001329184,-66.5934344689075,-12.1364989569928,250,0.0372630878187942,-12.1831936491198,-0.0136394161154047,300.0091248,300.0107727,-38978.02734375,-38858.18359375,56.4413953736598,20.6463530663178,9.256284,0,0,0,40,4449,299.87865,-38918.10546875,,,,,,,,,,,,,0,,,,11.0688896,,,,,,300.00994875,,,,
,16777349.47,300.0112915,-38813.326171875,-12.182942129772,0.00138787700315196,1,0.999253354069792,40.0298881530762,2.00028473816695,19.2300006747246,-66.5829491295276,-12.1398325261595,250,0.0363276069392559,-12.1806333190765,-0.0145651203713508,300.0107727,300.0118103,-38858.18359375,-38768.46875,56.5562947659868,20.6439366135835,7.396941,0,0,0,40,4449,299.87815,-38813.326171875,,,,,,,,,,,,,0,,,,11.0688896,,,,,,300.0112915,,,,
,16777350.545,300.0115509,-38708.517578125,-12.1811964856951,0.000949801111033733,1,0.999253354069792,40.0298881530762,2.00035100092422,19.2200001329184,-66.5754217167178,-12.1392160382131,250,0.0361894042099734,-12.1788872523361,-0.0146968734226105,300.0112915,300.0118103,-38768.46875,-38648.56640625,56.5688008222944,20.6429406043916,8.512546,0,0,0,40,4449,299.87875,-38708.517578125,,,,,,,,,,,,,0,,,,10.90548515,,,,,,300.0115509,,,,
,16777351.795,300.01109315,-38583.703125,-12.1791060092789,0.00128889218202904,1,0.999253354069792,40.0298881530762,2.00038039089608,19.2200001329184,-66.5657957925702,-12.1327459842861,250,0.0370192728293188,-12.1768007605465,-0.0138596084228456,300.0108948,300.0112915,-38648.56640625,-38518.83984375,56.6047557341791,20.6413300135443,7.396941,0,0,0,40,4449,299.8788,-38583.703125,,,,,,,,,,,,,0,,,,10.7420807,,,,,,300.01109315,,,,
,16777352.89,300.0102997,-38473.85546875,-12.1763915490434,0.000925794750437323,1,0.999253354069792,40.0298881530762,2.00039867508422,19.2200001329184,-66.5510606815909,-12.1328112037829,250,0.0365249587865283,-12.1740850392079,-0.0143435601793605,300.0097046,300.0108948,-38518.83984375,-38428.87109375,56.831428004756,20.6402406490768,8.512546,0,0,0,40,4449,299.8786,-38473.85546875,,,,,,,,,,,,,0,,,,10.90548515,,,,,,300.0102997,,,,
,16777353.92,300.0096588,-38373.931640625,-12.174152675529,0.00121944261128247,1,0.999253354069792,40.0298881530762,2.00036466409229,19.2200001329184,-66.5377884776973,-12.1300227251634,250,0.036584520372762,-12.1718470641757,-0.0142756202435006,300.009613,300.0097046,-38428.87109375,-38318.9921875,56.5101786833521,20.6403375931646,8.512546,0,0,0,40,4449,299.8785,-38373.931640625,,,,,,,,,,,,,0,,,,11.1805782,,,,,,300.0096588,,,,
,16777355.07,300.01063535,-38259.091796875,-12.1696013112009,0.00107105107103129,1,0.999253354069792,40.0298881530762,2.00035808572945,19.2200001329184,-66.5122756426923,-12.1277205650269,250,0.036155913898245,-12.1672942948396,-0.0146861489217932,300.009613,300.0116577,-38318.9921875,-38199.19140625,56.7290346687368,20.6407478963611,7.768809,0,0,0,40,4449,299.8788,-38259.091796875,,,,,,,,,,,,,0,,,,11.1805782,,,,,,300.01063535,,,,
,16777356.19,300.0107269,-38144.29296875,-12.1669897896975,0.00107968028010106,1,0.999253354069792,40.0298881530762,2.00034789397162,19.2200001329184,-66.4978749804339,-12.1239607643995,250,0.0363498891164359,-12.1646839838102,-0.0144822238723489,300.0097961,300.0116577,-38199.19140625,-38089.39453125,56.7165286124291,20.6403506886015,8.512546,0,0,0,40,4449,299.8796,-38144.29296875,,,,,,,,,,,,,0,,,,11.0688896,,,,,,300.0107269,,,,
,16777357.21,300.00933835,-38044.40234375,-12.164682120087,0.00114367607212571,1,0.999253354069792,40.0298881530762,2.00036212288213,19.2200001329184,-66.486424318054,-12.1179811652046,250,0.0370334590819274,-12.162380138733,-0.0137904306508826,300.0088806,300.0097961,-38089.39453125,-37999.41015625,56.679010443506,20.6398925072365,9.256284,0,0,0,40,4449,299.8779,-38044.40234375,,,,,,,,,,,,,0,,,,10.90548515,,,,,,300.00933835,,,,
,16777358.225,300.00901795,-37944.650390625,-12.1625367282337,0.00112181275843502,1,0.999253354069792,40.0298881530762,2.00033320258119,19.2200001329184,-66.4729317212414,-12.1201518797823,250,0.0362081303222636,-12.1602317733156,-0.0146077270552047,300.0088806,300.0091553,-37999.41015625,-37889.890625,56.7579549239483,20.638991331387,9.256284,0,0,0,40,4449,299.8771,-37944.650390625,,,,,,,,,,,,,0,,,,10.90548515,,,,,,300.00901795,,,,
,16777359.24,300.00909425,-37839.91015625,-12.1599681124019,0.000887743287573286,1,0.999253354069792,40.0298881530762,2.00036457322944,19.2200001329184,-66.4597752800806,-12.1184959489869,250,0.0360698708941271,-12.1576629760289,-0.0147361711803494,300.0090332,300.0091553,-37889.890625,-37789.9296875,56.5555131374675,20.6389648536346,8.512546,0,0,0,40,4449,299.8773,-37839.91015625,,,,,,,,,,,,,0,,,,11.0688896,,,,,,300.00909425,,,,
,16777360.305,300.0086975,-37735.037109375,-12.1575041822696,0.00121389000740464,1,0.999253354069792,40.0298881530762,2.00034207164387,19.2200001329184,-66.4461906311464,-12.1126179372738,250,0.0366658649868698,-12.1552021124075,-0.0141310576597118,300.0083618,300.0090332,-37789.9296875,-37680.14453125,56.8705094307176,20.6397239009214,8.884414,0,0,0,40,4449,299.87695,-37735.037109375,,,,,,,,,,,,,0,,,,11.1805782,,,,,,300.0086975,,,,
,16777361.415,300.0088501,-37625.171875,-12.1552800228088,0.00103378801821152,1,0.999253354069792,40.0298881530762,2.00038355615117,19.2200001329184,-66.4351572445344,-12.1118306297811,250,0.0364432415701248,-12.1529773259046,-0.0143451744352356,300.0083618,300.0093384,-37680.14453125,-37570.19921875,56.8337728903137,20.6393912716203,9.256284,0,0,0,40,4449,299.87795,-37625.171875,,,,,,,,,,,,,0,,,,11.1805782,,,,,,300.0088501,,,,
,16777362.32,300.00839235,-37535.271484375,-12.1530912075539,0.00111802689722475,1,0.999253354069792,40.0298881530762,2.00038943733969,19.2200001329184,-66.4236366489706,-12.1083287772962,250,0.0366856238585931,-12.1507900989611,-0.0140944592176614,300.0074463,300.0093384,-37570.19921875,-37500.34375,56.6797920720252,20.6402162608786,7.396941,0,0,0,40,4449,299.87835,-37535.271484375,,,,,,,,,,,,,0,,,,11.1805782,,,,,,300.00839235,,,,
,16777363.285,300.00808715,-37440.451171875,-12.1507599433125,0.000893085294911177,1,0.999253354069792,40.0298881530762,2.00037656061925,19.2200001329184,-66.4102002842878,-12.1074311476998,250,0.0364046902561344,-12.1484581863163,-0.0143664741239176,300.0074463,300.008728,-37500.34375,-37380.55859375,56.3147715535444,20.638733369574,8.884414,0,0,0,40,4449,299.8784,-37440.451171875,,,,,,,,,,,,,0,,,,11.1805782,,,,,,300.00808715,,,,
,16777364.385,300.0085907,-37330.62109375,-12.1482586697151,0.00126010692507871,1,0.999253354069792,40.0298881530762,2.00040928869271,19.2200001329184,-66.3975718199238,-12.1052117519458,250,0.0363834478457071,-12.1459570157474,-0.0143781994362275,300.0084534,300.008728,-37380.55859375,-37280.68359375,56.5695824508137,20.6385098251145,9.256284,0,0,0,40,4449,299.87885,-37330.62109375,,,,,,,,,,,,,0,,,,11.0688896,,,,,,300.0085907,,,,
,16777365.415,300.00787355,-37225.7734375,-12.145839469232,0.00121558500262637,1,0.999253354069792,40.0298881530762,2.00039798918789,19.2200001329184,-66.3843551424726,-12.1007388663401,250,0.0367427690897509,-12.1435400138282,-0.0140100428055261,300.0072937,300.0084534,-37280.68359375,-37170.86328125,56.4546830584867,20.6382705144405,8.512546,0,0,0,40,4449,299.87775,-37225.7734375,,,,,,,,,,,,,0,,,,11.12445495,,,,,,300.00787355,,,,
,16777366.55,300.0081787,-37111.009765625,-12.1440274572403,0.000609682558818833,1,0.999253354069792,40.0298881530762,2.00038777910335,19.2200001329184,-66.373546496272,-12.1019660186761,250,0.0361721033604647,-12.1417257520738,-0.0145740343829174,300.0072937,300.0090637,-37170.86328125,-37051.15625,56.5625477941406,20.6390246353966,7.396941,0,0,0,40,4449,299.87805,-37111.009765625,,,,,,,,,,,,,0,,,,11.01497555,,,,,,300.0081787,,,,
,16777367.775,300.0092468,-36991.306640625,-12.1413041671479,0.00105373777286806,1,0.999253354069792,40.0298881530762,2.00040874585145,19.2200001329184,-66.3597278004843,-12.0972679151365,250,0.0365508273975525,-12.139004016334,-0.0141850751768598,300.0090637,300.0094299,-37051.15625,-36931.45703125,56.628204589756,20.6378388765701,9.256284,0,0,0,40,4449,299.8783,-36991.306640625,,,,,,,,,,,,,0,,,,10.79600575,,,,,,300.0092468,,,,
,16777368.83,300.0089874,-36886.525390625,-12.1385223701335,0.000581149156707048,1,0.999253354069792,40.0298881530762,2.00038841231458,19.2200001329184,-66.3440980546685,-12.093125977718,250,0.0367726837375473,-12.1362237001385,-0.0139529662833307,300.0085449,300.0094299,-36931.45703125,-36841.59375,56.5054889122367,20.6373193905307,7.396941,0,0,0,40,4449,299.87655,-36886.525390625,,,,,,,,,,,,,0,,,,10.90548515,,,,,,300.0089874,,,,
,16777369.825,300.00868225,-36786.66015625,-12.1365641600144,0.000469608732366683,1,0.999253354069792,40.0298881530762,2.00039742263172,19.2200001329184,-66.3328831829474,-12.0955629982627,250,0.03597399052382,-12.1342626117314,-0.0147440973921926,300.0085449,300.0088196,-36841.59375,-36731.7265625,56.7821854080445,20.6381014952587,8.512546,0,0,0,40,4449,299.8773,-36786.66015625,,,,,,,,,,,,,0,,,,11.0688896,,,,,,300.00868225,,,,
,16777370.87,300.008255,-36681.76953125,-12.1340039105159,0.00113963620034867,1,0.999253354069792,40.0298881530762,2.00039213733904,19.2200001329184,-66.3189670399781,-12.0916467636733,250,0.0362115723467593,-12.1317039661037,-0.0144969023853059,300.0076904,300.0088196,-36731.7265625,-36631.8125,56.516431711506,20.6381548626716,8.884414,0,0,0,40,4449,299.877,-36681.76953125,,,,,,,,,,,,,0,,,,11.12445495,,,,,,300.008255,,,,
,16777371.905,300.0084381,-36576.873046875,-12.1319641091109,0.000647732867267281,1,0.999253354069792,40.0298881530762,2.00040871188404,19.2200001329184,-66.3082193699123,-12.0904319407122,250,0.0360747112899808,-12.1296638193777,-0.0146263177600371,300.0076904,300.0091858,-36631.8125,-36521.93359375,56.5086154263137,20.6381365988306,8.884414,0,0,0,40,4449,299.87635,-36576.873046875,,,,,,,,,,,,,0,,,,10.9610505,,,,,,300.0084381,,,,
,16777372.96,300.00868225,-36471.97265625,-12.1290755300901,0.00084779978582681,1,0.999253354069792,40.0298881530762,2.000400874471,19.2200001329184,-66.2930891453982,-12.082589260671,250,0.0369673623988046,-12.1267793515089,-0.0137227719190013,300.0081787,300.0091858,-36521.93359375,-36422.01171875,56.6579064734868,20.6369496289614,8.512546,0,0,0,40,4449,299.87625,-36471.97265625,,,,,,,,,,,,,0,,,,11.01717375,,,,,,300.00868225,,,,
,16777373.93,300.00805665,-36377.083984375,-12.1269386587732,0.000935192139319182,1,0.999253354069792,40.0298881530762,2.00041004397235,19.2200001329184,-66.2810776208216,-12.083909400047,250,0.0363403038717237,-12.1246404877874,-0.0143416663545514,300.0079346,300.0081787,-36422.01171875,-36332.15625,56.5789619930445,20.6375694762001,7.768809,0,0,0,40,4449,299.8762,-36377.083984375,,,,,,,,,,,,,0,,,,11.23614355,,,,,,300.00805665,,,,
,16777374.9,300.00784305,-36281.892578125,-12.1242291597017,0.000696597454091234,1,0.999253354069792,40.0298881530762,2.00039417576107,19.2200001329184,-66.2657809917141,-12.08098350057,250,0.0363571113010341,-12.1219316413513,-0.0143141852105022,300.0077515,300.0079346,-36332.15625,-36231.62890625,56.4812584281406,20.6379030132128,8.512546,0,0,0,40,4449,299.8774,-36281.892578125,,,,,,,,,,,,,0,,,,10.9610505,,,,,,300.00784305,,,,
,16777375.9,300.00714115,-36181.646484375,-12.1220607727384,0.000250853382954614,1,0.999253354069792,40.0298881530762,2.00039534782323,19.2200001329184,-66.2545721406083,-12.0755775744476,250,0.036946001372326,-12.1197664692478,-0.0137163284657209,300.0065308,300.0077515,-36231.62890625,-36131.6640625,56.6071006197368,20.637624024908,7.396941,0,0,0,40,4449,299.8822,-36181.646484375,,,,,,,,,,,,,0,,,,10.90548515,,,,,,300.00714115,,,,
,16777376.805,300.0065308,-36086.7578125,-12.1193018940188,0.000981124312951118,1,0.999253354069792,40.0298881530762,2.00038315019051,19.2200001329184,-66.2384910295495,-12.0760479016571,250,0.0363350930622363,-12.1170058858943,-0.014315390704667,300.0065308,300.0065308,-36131.6640625,-36041.8515625,56.5508233663521,20.6372776431321,8.884414,0,0,0,40,4449,299.8876,-36086.7578125,,,,,,,,,,,,,0,,,,10.9594102,,,,,,300.0065308,,,,
,16777377.815,300.0076294,-35981.9375,-12.11688511115,0.000692391673191306,1,0.999253354069792,40.0298881530762,2.00036318898995,19.2200001329184,-66.2242081015107,-12.0758236129881,250,0.0359070655824921,-12.1145872543821,-0.0147338450474754,300.0065308,300.008728,-36041.8515625,-35922.0234375,56.5930313063906,20.637513039138,7.396941,0,0,0,40,4449,299.8894,-35981.9375,,,,,,,,,,,,,0,,,,11.01497555,,,,,,300.0076294,,,,
,16777378.98,300.0086975,-35867.10546875,-12.1125272855992,0.000942767130125462,1,0.999253354069792,40.0298881530762,2.00040386328734,19.2200001329184,-66.2017795886123,-12.0712874712941,250,0.0359743239812439,-12.1102300072022,-0.0146495214872587,300.008667,300.008728,-35922.0234375,-35812.1875,56.4007506906598,20.6375741239766,9.256284,0,0,0,40,4449,299.88905,-35867.10546875,,,,,,,,,,,,,0,,,,11.29282995,,,,,,300.0086975,,,,
,16777380.15,300.00828555,-35752.259765625,-12.1095148516291,0.000406228022772409,1,0.999253354069792,40.0298881530762,2.00041095095647,19.2200001329184,-66.1858345036042,-12.0667592105194,250,0.0362538373266174,-12.107219397995,-0.0143589256650052,300.0079041,300.008667,-35812.1875,-35692.33203125,56.5000175126021,20.6372897018224,7.768809,0,0,0,40,4449,299.8871,-35752.259765625,,,,,,,,,,,,,0,,,,11.29282995,,,,,,300.00828555,,,,
,16777381.26,300.00776675,-35642.322265625,-12.1068736129001,0.000676897488290835,1,0.999253354069792,40.0298881530762,2.00031070616377,19.2200001329184,-66.1688268609096,-12.0599793515074,250,0.0368986422147661,-12.104581507196,-0.013704408137098,300.0076294,300.0079041,-35692.33203125,-35592.3125,56.6539983308906,20.6369316950795,8.512546,0,0,0,40,4449,299.8862,-35642.322265625,,,,,,,,,,,,,0,,,,11.23614355,,,,,,300.00776675,,,,
,16777382.34,300.00723265,-35532.474609375,-12.1040784107627,0.000574545962198777,1,0.999253354069792,40.0298881530762,2.00037488410564,19.2200001329184,-66.1551030947631,-12.0603568152531,250,0.0363818040951323,-12.1017848112681,-0.014210921747905,300.0068359,300.0076294,-35592.3125,-35472.63671875,56.5539498804291,20.6367264865372,9.256284,0,0,0,40,4449,299.88395,-35532.474609375,,,,,,,,,,,,,0,,,,11.2922668,,,,,,300.00723265,,,,
,16777383.355,300.0071716,-35432.705078125,-12.1024470881112,0.000923635400368955,1,0.999253354069792,40.0298881530762,2.00036728482088,19.2200001329184,-66.1456111750502,-12.0604694578321,250,0.0360516569698312,-12.1001523598312,-0.014535313521954,300.0068359,300.0075073,-35472.63671875,-35392.7734375,56.6516534453329,20.6376695287017,8.512546,0,0,0,40,4449,299.8829,-35432.705078125,,,,,,,,,,,,,0,,,,11.0710988,,,,,,300.0071716,,,,
,16777384.33,300.0081787,-35337.923828125,-12.0995817161046,0.000282759559799835,1,0.999253354069792,40.0298881530762,2.00038055060026,19.2200001329184,-66.1308173975109,-12.0553067628646,250,0.0364803449804821,-12.0972888468748,-0.0140954015319598,300.0075073,300.0088501,-35392.7734375,-35283.07421875,56.5961578204675,20.6364792860676,8.512546,0,0,0,40,4449,299.88395,-35337.923828125,,,,,,,,,,,,,0,,,,10.8499308,,,,,,300.0081787,,,,
,16777385.375,300.0080719,-35233.125,-12.0970978145398,0.00103659886157717,1,0.999253354069792,40.0298881530762,2.00040230547747,19.2200001329184,-66.1179768847353,-12.0527722063773,250,0.0365082583205396,-12.0948055099209,-0.0140581972727133,300.0072937,300.0088501,-35283.07421875,-35183.17578125,56.5242479966983,20.6363996848871,7.768809,0,0,0,40,4449,299.88335,-35233.125,,,,,,,,,,,,,0,,,,10.8499308,,,,,,300.0080719,,,,
,16777386.35,300.00723265,-35133.248046875,-12.0947270783007,0.000982411571900413,1,0.999253354069792,40.0298881530762,2.00032513996275,19.2200001329184,-66.1021275256991,-12.05215666605,250,0.0360995862545389,-12.0924338141223,-0.0144579967074006,300.0071716,300.0072937,-35183.17578125,-35083.3203125,56.638365760506,20.6374966048818,8.884414,0,0,0,40,4449,299.88235,-35133.248046875,,,,,,,,,,,,,0,,,,11.01497555,,,,,,300.00723265,,,,
,16777387.365,300.0071106,-35028.326171875,-12.0920549812427,0.000901470397197389,1,0.999253354069792,40.0298881530762,2.0003705205698,19.2200001329184,-66.0888504191944,-12.0504847471727,250,0.0359600686353777,-12.0897616285054,-0.014587382358064,300.0070496,300.0071716,-35083.3203125,-34973.33203125,56.5211214826214,20.6362299187809,8.512546,0,0,0,40,4449,299.88185,-35028.326171875,,,,,,,,,,,,,0,,,,11.1800203,,,,,,300.0071106,,,,
,16777388.405,300.00717165,-34928.48828125,-12.089672092143,0.00100312064369552,1,0.999253354069792,40.0298881530762,2.00031033153414,19.2200001329184,-66.074025624985,-12.0470157350024,250,0.0360895690107282,-12.0873796452304,-0.0144489058254945,300.0070496,300.0072937,-34973.33203125,-34883.64453125,56.6868267286983,20.6373972966271,8.512546,0,0,0,40,4449,299.88165,-34928.48828125,,,,,,,,,,,,,0,,,,11.01497555,,,,,,300.00717165,,,,
,16777389.365,300.00645445,-34833.626953125,-12.0872308769414,0.000988383791643602,1,0.999253354069792,40.0298881530762,2.0003113899269,19.2200001329184,-66.0611915174528,-12.0420401853077,250,0.0365501621270916,-12.0849410594254,-0.0139793615932007,300.0056152,300.0072937,-34883.64453125,-34783.609375,56.4867298277752,20.6372162145029,8.512546,0,0,0,40,4449,299.8802,-34833.626953125,,,,,,,,,,,,,0,,,,11.01497555,,,,,,300.00645445,,,,
,16777390.395,300.00689695,-34728.796875,-12.0846795223255,0.000635190785647328,1,0.999253354069792,40.0298881530762,2.00034546488748,19.2200001329184,-66.048044308942,-12.041306330156,250,0.0362490306257824,-12.0823886688003,-0.0142707894542434,300.0056152,300.0081787,-34783.609375,-34673.984375,56.5891231637945,20.6369982280186,7.396941,0,0,0,40,4449,299.8799,-34728.796875,,,,,,,,,,,,,0,,,,11.1800203,,,,,,300.00689695,,,,
,16777391.485,300.00720215,-34619.048828125,-12.0825361143527,0.000807764292855532,1,0.999253354069792,40.0298881530762,2.00038564144174,19.2200001329184,-66.0376728614089,-12.0391281484617,250,0.0362942835892926,-12.0802456723971,-0.0142173844066012,300.0062256,300.0081787,-34673.984375,-34564.11328125,56.6196066760444,20.6372927279038,8.512546,0,0,0,40,4449,299.88095,-34619.048828125,,,,,,,,,,,,,0,,,,11.29282995,,,,,,300.00720215,,,,
,16777392.54,300.0066681,-34514.216796875,-12.0796847132992,0.0011598516419851,1,0.999253354069792,40.0298881530762,2.00039015321722,19.2200001329184,-66.0228087583478,-12.0332150594264,250,0.0368541509315911,-12.0773973133431,-0.0136469103856076,300.0062256,300.0071106,-34564.11328125,-34464.3203125,56.6110087623329,20.6368317723833,9.256284,0,0,0,40,4449,299.87975,-34514.216796875,,,,,,,,,,,,,0,,,,11.29282995,,,,,,300.0066681,,,,
,16777393.64,300.00701905,-34404.359375,-12.0775759013773,0.000772302354060163,1,0.999253354069792,40.0298881530762,2.00037044615126,19.2300006747246,-66.0103044299444,-12.0328488681357,250,0.0365101816543862,-12.0752872216118,-0.0139831893035191,300.0069275,300.0071106,-34464.3203125,-34344.3984375,56.6500901882945,20.6375515079782,7.396941,0,0,0,40,4449,299.8788,-34404.359375,,,,,,,,,,,,,0,,,,11.1800203,,,,,,300.00701905,,,,
,16777394.68,300.0063019,-34299.4375,-12.0747758787787,0.000988726157205422,1,0.999253354069792,40.0298881530762,2.0002625536737,19.2200001329184,-65.9913356185307,-12.0304886703851,250,0.0363084243998363,-12.0724871396438,-0.014174280518156,300.0056763,300.0069275,-34344.3984375,-34254.4765625,56.4984542555637,20.6378616400761,7.396941,0,0,0,40,4449,299.8782,-34299.4375,,,,,,,,,,,,,0,,,,11.29282995,,,,,,300.0063019,,,,
,16777395.67,300.00636295,-34204.60546875,-12.072245608602,0.000400598503942336,1,0.999253354069792,40.0298881530762,2.00033281019524,19.2200001329184,-65.9796065128967,-12.0292360082274,250,0.0361449058471439,-12.069956584202,-0.0143281053617536,300.0056763,300.0070496,-34254.4765625,-34154.734375,56.6665043871983,20.638264001946,8.512546,0,0,0,40,4449,299.87795,-34204.60546875,,,,,,,,,,,,,0,,,,11.29282995,,,,,,300.00636295,,,,
,16777396.725,300.00576785,-34099.841796875,-12.0699697754079,0.000754964101702629,1,0.999253354069792,40.0298881530762,2.00033988175946,19.2200001329184,-65.9682374283582,-12.0224744122415,250,0.0369693338734074,-12.0676848352352,-0.0134952578709085,300.0044861,300.0070496,-34154.734375,-34044.94921875,56.6555615879291,20.6373777114469,9.256284,0,0,0,40,4449,299.8781,-34099.841796875,,,,,,,,,,,,,0,,,,11.01497555,,,,,,300.00576785,,,,
,16777397.74,300.00498965,-33994.986328125,-12.0672851632288,0.000871463627853942,1,0.999253354069792,40.0298881530762,2.00033694212624,19.2200001329184,-65.9525198673009,-12.0249163181547,250,0.0360225687080473,-12.0649970465177,-0.0144317547585676,300.0044861,300.0054932,-34044.94921875,-33945.0234375,56.5781803645252,20.6371832064553,8.512546,0,0,0,40,4449,299.87715,-33994.986328125,,,,,,,,,,,,,0,,,,10.8499308,,,,,,300.00498965,,,,
,16777398.77,300.00590515,-33890.134765625,-12.0648131556303,0.000984891503757255,1,0.999253354069792,40.0298881530762,2.00035620059078,19.2200001329184,-65.9395007423038,-12.0232374809095,250,0.0358932700089783,-12.0625244843608,-0.0145518273146136,300.0054932,300.0063171,-33945.0234375,-33835.24609375,56.6360208749483,20.6374078198968,8.512546,0,0,0,40,4449,299.87625,-33890.134765625,,,,,,,,,,,,,0,,,,11.01497555,,,,,,300.00590515,,,,
,16777399.895,300.0054779,-33780.38671875,-12.0621450775123,0.000876657894239644,1,0.999253354069792,40.0298881530762,2.00029862297102,19.2200001329184,-65.9238521061571,-12.0160201576337,250,0.0366592086833485,-12.0598602373113,-0.0137759590924214,300.0046387,300.0063171,-33835.24609375,-33725.52734375,56.597721077506,20.6369233914494,9.256284,0,0,0,40,4449,299.8759,-33780.38671875,,,,,,,,,,,,,0,,,,11.29282995,,,,,,300.0054779,,,,
,16777400.89,300.00450135,-33685.5546875,-12.0596881210444,0.00103391585161519,1,0.999253354069792,40.0298881530762,2.00027964627962,19.2200001329184,-65.9095527910805,-12.0148840289727,250,0.0363921627908447,-12.0574030215939,-0.0140334641286641,300.004364,300.0046387,-33725.52734375,-33645.58203125,56.6250780756791,20.6368945845608,9.256284,0,0,0,40,4449,299.8763,-33685.5546875,,,,,,,,,,,,,0,,,,11.29282995,,,,,,300.00450135,,,,
,16777401.885,300.00434875,-33585.677734375,-12.0575259743502,0.000766668610181591,1,0.999253354069792,40.0298881530762,2.000427570522,19.2200001329184,-65.9023945035456,-12.0140896987376,250,0.0362961550851475,-12.0552408912099,-0.0141213418136795,300.0043335,300.004364,-33645.58203125,-33525.7734375,56.6696309012752,20.6381757870862,8.884414,0,0,0,40,4449,299.8762,-33585.677734375,,,,,,,,,,,,,0,,,,11.1800203,,,,,,300.00434875,,,,
,16777403.03,300.00476075,-33470.87890625,-12.0522881948425,0.000653758716792153,1,0.999253354069792,40.0298881530762,2.00035652093104,19.2200001329184,-65.8709023606268,-12.0115944432463,250,0.0357066944904295,-12.0500014211595,-0.0146898680617395,300.0043335,300.005188,-33525.7734375,-33415.984375,56.6399290175445,20.6368315321173,9.256284,0,0,0,40,4449,299.876,-33470.87890625,,,,,,,,,,,,,0,,,,11.1800203,,,,,,300.00476075,,,,
,16777404.13,300.0054474,-33361.01953125,-12.0496577878932,0.00118360497876235,1,0.999253354069792,40.0298881530762,2.00034760788071,19.2200001329184,-65.8567874531829,-12.0059571004801,250,0.036242111193952,-12.0473734118163,-0.0141442824206247,300.005188,300.0057068,-33415.984375,-33306.0546875,56.5985027060252,20.6365993030413,8.884414,0,0,0,40,4449,299.8774,-33361.01953125,,,,,,,,,,,,,0,,,,11.1800203,,,,,,300.0054474,,,,
,16777405.185,300.0043335,-33256.140625,-12.0471316428549,0.000808726081625982,1,0.999253354069792,40.0298881530762,2.00037499201124,19.2200001329184,-65.8440159518759,-12.0027695247132,250,0.0363874793887986,-12.0448488045441,-0.0139891858236614,300.0029602,300.0057068,-33306.0546875,-33206.2265625,56.5891231637945,20.6367928211062,7.396941,0,0,0,40,4449,299.87815,-33256.140625,,,,,,,,,,,,,0,,,,11.01497555,,,,,,300.0043335,,,,
,16777406.295,300.00320435,-33146.30078125,-12.0445775553458,0.000708720557756543,1,0.999253354069792,40.0298881530762,2.00040874296069,19.2200001329184,-65.8308785249719,-12.0018397719894,250,0.0361215239600993,-12.0422945106298,-0.0142456032628267,300.0029602,300.0034485,-33206.2265625,-33086.375,56.6172617904868,20.6372186581914,8.884414,0,0,0,40,4449,299.87715,-33146.30078125,,,,,,,,,,,,,0,,,,11.01497555,,,,,,300.00320435,,,,
,16777407.365,300.0032959,-33036.15234375,-12.0418370674587,0.000824577155400584,1,0.999253354069792,40.0298881530762,2.00039624779398,19.2200001329184,-65.8159469688274,-11.9966175770524,250,0.0365571657955024,-12.0395562480465,-0.0137997572228282,300.0031433,300.0034485,-33086.375,-32985.9296875,56.5555131374675,20.6366365078814,9.256284,0,0,0,40,4449,299.8763,-33036.15234375,,,,,,,,,,,,,0,,,,11.1800203,,,,,,300.0032959,,,,
,16777408.38,300.0028534,-32930.974609375,-12.0391169465814,0.00111798546209665,1,0.999253354069792,40.0298881530762,2.00036192354772,19.2200001329184,-65.7999318226151,-11.9939671513061,250,0.0365020929883857,-12.0368365704188,-0.0138442197771112,300.0025635,300.0031433,-32985.9296875,-32876.01953125,56.5953761919483,20.6358957691838,8.512546,0,0,0,40,4449,299.8772,-32930.974609375,,,,,,,,,,,,,0,,,,11.23614355,,,,,,300.0028534,,,,
,16777409.53,300.0022583,-32816.0576171875,-12.0362946642519,0.00109263491227387,1,0.999253354069792,40.0298881530762,2.00021556634363,19.2200001329184,-65.7791882672557,-11.99368655474,250,0.0358744683986939,-12.034012417381,-0.0144607784454685,300.0019531,300.0025635,-32876.01953125,-32756.095703125,56.597721077506,20.6393355242768,9.256284,0,0,0,40,4449,299.8781,-32816.0576171875,,,,,,,,,,,,,0,,,,11.3489532,,,,,,300.0022583,,,,
,16777410.56,300.0019531,-32716.15625,-12.0328684086581,0.000658997042888569,1,0.999253354069792,40.0298881530762,2.00018046391514,19.2200001329184,-65.7600959104926,-11.9859845074742,250,0.0366127767276195,-12.0305899818017,-0.0137093045714221,300.0019531,300.0019531,-32756.095703125,-32676.216796875,56.7845302936022,20.6405991468637,9.256284,0,0,0,40,4449,299.87755,-32716.15625,,,,,,,,,,,,,0,,,,11.29282995,,,,,,300.0019531,,,,
,16777411.57,300.0020294,-32616.2451171875,-12.0300006651646,0.000975667823146877,1,0.999253354069792,40.0298881530762,2.00012975988009,19.2300006747246,-65.742831009628,-11.9826561991002,250,0.0366370713943313,-12.0277228028169,-0.0136739058120451,300.0019531,300.0021057,-32676.216796875,-32556.2734375,56.4234179177175,20.6417903416058,8.884414,0,0,0,40,4449,299.87765,-32616.2451171875,,,,,,,,,,,,,0,,,,11.1800203,,,,,,300.0020294,,,,
,16777412.815,300.0018921,-32491.39453125,-12.0250890140444,0.00159584266767034,1,0.999253354069792,40.0298881530762,2.00023446348433,19.2200001329184,-65.7198848303781,-11.9754486583317,250,0.0371590832842978,-12.0228142740349,-0.0131326763747976,300.0016785,300.0021057,-32556.2734375,-32426.515625,56.6657227586791,20.6450246994763,8.884414,0,0,0,40,4449,299.8772,-32491.39453125,,,,,,,,,,,,,0,,,,11.1800203,,,,,,300.0018921,,,,
,16777414.11,300.0016632,-32361.619140625,-12.022213974146,0.00115674999961459,1,0.999253354069792,40.0298881530762,2.00025758393525,19.2200001329184,-65.7043171643491,-11.975929994791,250,0.0365638759525127,-12.0199373068792,-0.0137170291514577,300.0016479,300.0016785,-32426.515625,-32296.72265625,56.5922496778714,20.6450488492878,8.512546,0,0,0,40,4449,299.8766,-32361.619140625,,,,,,,,,,,,,0,,,,11.01497555,,,,,,300.0016632,,,,
,16777415.28,300.0016479,-32241.876953125,-12.0194600455665,0.000734304017104838,1,0.999253354069792,40.0298881530762,2.00033825679685,19.2200001329184,-65.6919866871476,-11.9729106041191,250,0.0366931252762125,-12.0171843949185,-0.0135772195676125,300.0016479,300.0016479,-32296.72265625,-32187.03125,56.8095424062176,20.643492260817,7.396941,0,0,0,40,4449,299.87735,-32241.876953125,,,,,,,,,,,,,0,,,,11.0710988,,,,,,300.0016479,,,,
,16777416.39,300.0016479,-32132.1005859375,-12.0170103201449,0.00119436264540077,1,0.999253354069792,40.0298881530762,2.00029898296459,19.2200001329184,-65.6778568434718,-11.9674572055804,250,0.0371957853591321,-12.0147372240424,-0.013064870869574,300.0016479,300.0016479,-32187.03125,-32077.169921875,56.7751507513714,20.6439251972016,8.512546,0,0,0,40,4449,299.88005,-32132.1005859375,,,,,,,,,,,,,0,,,,11.3489532,,,,,,300.0016479,,,,
,16777417.425,300.00144955,-32032.30859375,-12.0149657165361,0.00125022860258523,1,0.999253354069792,40.0298881530762,2.00032607470755,19.2200001329184,-65.6664522644555,-11.9714953424324,250,0.0361071626623592,-12.0126884923277,-0.0141455412877828,300.0012512,300.0016479,-32077.169921875,-31987.447265625,56.5070521692752,20.6445030881037,7.396941,0,0,0,40,4449,299.88045,-32032.30859375,,,,,,,,,,,,,0,,,,11.4056396,,,,,,300.00144955,,,,
,16777418.43,300.0013275,-31932.4775390625,-12.0116889875789,0.00136608019960701,1,0.999253354069792,40.0298881530762,2.00034132064188,19.2200001329184,-65.6494733801263,-11.9659333828891,250,0.036535498468917,-12.0094141405299,-0.0137049791595116,300.0012512,300.0014038,-31987.447265625,-31877.5078125,56.5226847396598,20.6427276177634,8.512546,0,0,0,40,4449,299.87795,-31932.4775390625,,,,,,,,,,,,,0,,,,11.4056396,,,,,,300.0013275,,,,
,16777419.56,300.00109865,-31817.525390625,-12.0093822993615,0.00105142460658784,1,0.999253354069792,40.0298881530762,2.00035685746266,19.2200001329184,-65.6376408028265,-11.9622291492733,250,0.0368035039563109,-12.0071090485437,-0.0134283633286167,300.0007935,300.0014038,-31877.5078125,-31757.54296875,56.4648442292367,20.6432696498359,8.512546,0,0,0,40,4449,299.8782,-31817.525390625,,,,,,,,,,,,,0,,,,11.18225145,,,,,,300.00109865,,,,
,16777420.61,300.00044255,-31712.6484375,-12.0063459686771,0.00124027449752145,1,0.999253354069792,40.0298881530762,2.00035107632072,19.2200001329184,-65.6211022268214,-11.9578752428573,250,0.0370323802306939,-12.0040744927931,-0.0131877557541683,300.0000916,300.0007935,-31757.54296875,-31667.75390625,56.6844818431406,20.6439632719476,7.768809,0,0,0,40,4449,299.8783,-31712.6484375,,,,,,,,,,,,,0,,,,10.9588633,,,,,,300.00044255,,,,
,16777421.62,299.99992375,-31612.830078125,-12.0041230849283,0.0010010718522503,1,0.999253354069792,40.0298881530762,2.0003963045201,19.2200001329184,-65.6101551321943,-11.9572449968668,250,0.03678447584817,-12.0018511949733,-0.013426911825275,299.9997559,300.0000916,-31667.75390625,-31557.90625,56.5328459104098,20.6428111551561,9.256284,0,0,0,40,4449,299.8798,-31612.830078125,,,,,,,,,,,,,0,,,,11.12556505,,,,,,299.99992375,,,,
,16777422.805,300.0006409,-31493.0107421875,-12.0010444471552,0.000864947787228504,1,0.999253354069792,40.0298881530762,2.00038214540042,19.2200001329184,-65.5925868349561,-11.9556430804932,250,0.0364924828505591,-11.9987715708524,-0.0137067165375393,299.9997559,300.0015259,-31557.90625,-31428.115234375,56.811105663256,20.6435167178438,8.512546,0,0,0,40,4449,299.88145,-31493.0107421875,,,,,,,,,,,,,0,,,,11.23614355,,,,,,300.0006409,,,,
,16777423.99,300.000824,-31373.2197265625,-11.9962850172345,0.000927738943764529,1,0.999253354069792,40.0298881530762,2.00039893116716,19.2300006747246,-65.566799527984,-11.9526688669348,250,0.0361734970171478,-11.994011580855,-0.0140068722534958,300.0001221,300.0015259,-31428.115234375,-31318.32421875,56.4265444317944,20.6430108548947,7.396941,0,0,0,40,4449,299.8811,-31373.2197265625,,,,,,,,,,,,,0,,,,11.23614355,,,,,,300.000824,,,,
,16777425.07,300.00013735,-31263.42578125,-11.9934115522461,0.00112402000476187,1,0.999253354069792,40.0298881530762,2.00041724456971,19.2200001329184,-65.5522213859912,-11.9469964267796,250,0.0366992878754884,-11.9911411443232,-0.0134697561561827,300.0001221,300.0001526,-31318.32421875,-31208.52734375,56.4789135425829,20.6440738569878,9.256284,0,0,0,40,4449,299.8831,-31263.42578125,,,,,,,,,,,,,0,,,,11.3489532,,,,,,300.00013735,,,,
,16777426.17,299.9995117,-31153.6376953125,-11.9907036256699,0.00134906433005943,1,0.999253354069792,40.0298881530762,2.00035175284831,19.2200001329184,-65.5353262607223,-11.9439406330787,250,0.0366875966159488,-11.988433923915,-0.0134708527231841,299.9988708,300.0001526,-31208.52734375,-31098.748046875,56.5750538504483,20.6444795729262,8.512546,0,0,0,40,4449,299.88435,-31153.6376953125,,,,,,,,,,,,,0,,,,11.1277852,,,,,,299.9995117,,,,
,16777427.265,299.9994659,-31048.8173828125,-11.9879794506681,0.000823661919907038,1,0.999253354069792,40.0298881530762,2.00037995808629,19.2200001329184,-65.5213756939209,-11.9411845822025,250,0.0367180289105464,-11.9857103574786,-0.0134299868366805,299.9988708,300.000061,-31098.748046875,-30998.88671875,56.8243933480829,20.6427886855735,9.256284,0,0,0,40,4449,299.88425,-31048.8173828125,,,,,,,,,,,,,0,,,,11.0710988,,,,,,299.9994659,,,,
,16777428.33,300.0006561,-30943.9091796875,-11.9854772154585,0.00094252359864423,1,0.999253354069792,40.0298881530762,2.00036740206008,19.2200001329184,-65.5068987258388,-11.9407576949964,250,0.0363196942451332,-11.9832063465464,-0.0138187286798723,300.000061,300.0012512,-30998.88671875,-30888.931640625,56.6493085597752,20.6430737691983,7.396941,0,0,0,40,4449,299.88415,-30943.9091796875,,,,,,,,,,,,,0,,,,11.12556505,,,,,,300.0006561,,,,
,16777429.445,300.0002899,-30829.0185546875,-11.9822993577563,0.00105539771639643,1,0.999253354069792,40.0298881530762,2.00034180085913,19.2200001329184,-65.4888952626971,-11.9364627544812,250,0.0364904056505863,-11.9800299212707,-0.0136356740309173,299.9993286,300.0012512,-30888.931640625,-30769.10546875,56.482821685179,20.6427060164614,7.396941,0,0,0,40,4449,299.8847,-30829.0185546875,,,,,,,,,,,,,0,,,,11.18225145,,,,,,300.0002899,,,,
,16777430.505,299.9995117,-30724.154296875,-11.9799445366169,0.00109967130250282,1,0.999253354069792,40.0298881530762,2.0003491434957,19.2200001329184,-65.4763011856237,-11.9339425160039,250,0.0365237113262154,-11.9776759956659,-0.0135932020689075,299.9993286,299.9996948,-30769.10546875,-30679.203125,56.7048041846406,20.6444748926368,8.512546,0,0,0,40,4449,299.886,-30724.154296875,,,,,,,,,,,,,0,,,,11.18225145,,,,,,299.9995117,,,,
,16777431.56,299.99942015,-30619.349609375,-11.9772359478364,0.00108391714936126,1,0.999253354069792,40.0298881530762,2.0002941391602,19.2200001329184,-65.4604616212663,-11.9270466745684,250,0.0372263732014006,-11.9749708410265,-0.0128803428324308,299.9991455,299.9996948,-30679.203125,-30559.49609375,56.5906864208329,20.6440121336845,7.396941,0,0,0,40,4449,299.8857,-30619.349609375,,,,,,,,,,,,,0,,,,11.12556505,,,,,,299.99942015,,,,
,16777432.71,299.99884035,-30504.619140625,-11.9745118422507,0.000935423043945325,1,0.999253354069792,40.0298881530762,2.00034911975263,19.2200001329184,-65.4463232046304,-11.930070945408,250,0.0362270131024002,-11.9722432819409,-0.0138689574420936,299.9985352,299.9991455,-30559.49609375,-30449.7421875,56.5891231637945,20.644163176591,8.512546,0,0,0,40,4449,299.88655,-30504.619140625,,,,,,,,,,,,,0,,,,11.23614355,,,,,,299.99884035,,,,
,16777433.775,299.99888615,-30399.8154296875,-11.9717612496151,0.00099882622701087,1,0.999253354069792,40.0298881530762,2.00038401447455,19.2200001329184,-65.4326617708873,-11.926131786037,250,0.0364761944030803,-11.9694941792197,-0.0136092599862857,299.9985352,299.9992371,-30449.7421875,-30349.888671875,56.5086154263137,20.6442883222736,9.256284,0,0,0,40,4449,299.8865,-30399.8154296875,,,,,,,,,,,,,0,,,,11.23614355,,,,,,299.99888615,,,,
,16777434.8,299.9990845,-30294.9638671875,-11.9693214791233,0.00109907846091466,1,0.999253354069792,40.0298881530762,2.00041205180004,19.2200001329184,-65.4209563832109,-11.9198913908162,250,0.0371969780760185,-11.9670577386066,-0.0128793845274329,299.9989319,299.9992371,-30349.888671875,-30240.0390625,56.6844818431406,20.6440277290289,9.256284,0,0,0,40,4449,299.8863,-30294.9638671875,,,,,,,,,,,,,0,,,,11.2922668,,,,,,299.9990845,,,,
,16777435.835,299.99928285,-30190.0908203125,-11.9664330510545,0.000928555890552963,1,0.999253354069792,40.0298881530762,2.00041368097716,19.2200001329184,-65.4043481524605,-11.9217247099476,250,0.0363290726855849,-11.9641660283204,-0.0137366095480012,299.9989319,299.9996338,-30240.0390625,-30140.142578125,56.9275683126214,20.6434446053779,7.396941,0,0,0,40,4449,299.883,-30190.0908203125,,,,,,,,,,,,,0,,,,11.0710988,,,,,,299.99928285,,,,
,16777436.77,299.9996338,-30095.18359375,-11.9635516511675,0.000389039846563132,1,0.999253354069792,40.0298881530762,2.00038074630593,19.2200001329184,-65.387220279622,-11.9204321517006,250,0.0359980560247203,-11.9612835123075,-0.0140572008963445,299.9996338,299.9996338,-30140.142578125,-30050.224609375,56.7040225561214,20.6438364838038,7.396941,0,0,0,40,4449,299.87865,-30095.18359375,,,,,,,,,,,,,0,,,,11.18504145,,,,,,299.9996338,,,,
,16777437.79,299.9993286,-29995.3515625,-11.9594486395893,0.0012099265494733,1,0.999253354069792,40.0298881530762,2.00032064609227,19.2200001329184,-65.3639332491062,-11.9103209443564,250,0.0370253946502274,-11.9571856761452,-0.0130138270929889,299.9990234,299.9996338,-30050.224609375,-29940.478515625,56.6454004171791,20.6427828651246,8.884414,0,0,0,40,4449,299.87845,-29995.3515625,,,,,,,,,,,,,0,,,,11.5201521,,,,,,299.9993286,,,,
,16777438.985,299.99771115,-29880.5166015625,-11.9558444800427,0.000919203338408329,1,0.999253354069792,40.0298881530762,2.00039604650148,19.2200001329184,-65.3460996868029,-11.9100790375714,250,0.03648259008737,-11.9535805977371,-0.0135423995095762,299.9963989,299.9990234,-29940.478515625,-29820.5546875,56.5140868259483,20.6432079968649,8.512546,0,0,0,40,4449,299.87875,-29880.5166015625,,,,,,,,,,,,,0,,,,11.2395077,,,,,,299.99771115,,,,
,16777440.14,299.9971161,-29765.333984375,-11.952848565905,0.000834419006937226,1,0.999253354069792,40.0298881530762,2.00038790060039,19.2200001329184,-65.3295826311518,-11.906423439513,250,0.0365884473005132,-11.9505859237955,-0.0134247807034406,299.9963989,299.9978333,-29820.5546875,-29710.11328125,56.6375841319868,20.6436443476392,8.512546,0,0,0,40,4449,299.8801,-29765.333984375,,,,,,,,,,,,,0,,,,11.0694418,,,,,,299.9971161,,,,
,16777441.19,299.99792485,-29660.146484375,-11.9503079510365,0.00114304825486731,1,0.999253354069792,40.0298881530762,2.00043127530971,19.2200001329184,-65.3169592164344,-11.904766724387,250,0.0364675233096771,-11.9480448779104,-0.0135359284872179,299.9978333,299.9980164,-29710.11328125,-29610.1796875,56.5609845371021,20.6417314612453,8.512546,0,0,0,40,4449,299.88035,-29660.146484375,,,,,,,,,,,,,0,,,,11.23614355,,,,,,299.99792485,,,,
,16777442.23,299.99754335,-29555.2060546875,-11.9461618484045,0.00123649252599392,1,0.999253354069792,40.0298881530762,2.00035025836398,19.2200001329184,-65.2916589727494,-11.9004997717707,250,0.0363947642066335,-11.9438993958505,-0.0135921917686216,299.9970703,299.9980164,-29610.1796875,-29500.232421875,56.5117419403906,20.6431456504607,8.884414,0,0,0,40,4449,299.88065,-29555.2060546875,,,,,,,,,,,,,0,,,,11.40620945,,,,,,299.99754335,,,,
,16777443.22,299.99682615,-29455.2939453125,-11.9431810553819,0.00113073922051541,1,0.999253354069792,40.0298881530762,2.00038449138351,19.2200001329184,-65.2761039202723,-11.8996376749077,250,0.0360368125963893,-11.9409179742602,-0.013938125338703,299.996582,299.9970703,-29500.232421875,-29410.35546875,56.4898563418521,20.6427653104415,8.884414,0,0,0,40,4449,299.88245,-29455.2939453125,,,,,,,,,,,,,0,,,,11.40620945,,,,,,299.99682615,,,,
,16777444.28,299.99649045,-29350.3837890625,-11.9410398561702,0.00124341627356812,1,0.999253354069792,40.0298881530762,2.00036812606697,19.2300006747246,-65.2644888664939,-11.8941316504031,250,0.0366311250622191,-11.938779775863,-0.013335680393839,299.9963989,299.996582,-29410.35546875,-29290.412109375,56.6571248449675,20.6419859353516,8.512546,0,0,0,40,4449,299.88355,-29350.3837890625,,,,,,,,,,,,,0,,,,11.2922668,,,,,,299.99649045,,,,
,16777445.43,299.9972992,-29235.51953125,-11.9377555584336,0.000949610711948146,1,0.999253354069792,40.0298881530762,2.00045438203042,19.2200001329184,-65.2497327808488,-11.888908109649,250,0.0370708068173147,-11.9354975328821,-0.0128833346173016,299.9963989,299.9981995,-29290.412109375,-29180.626953125,56.902556200006,20.6425584763756,9.256284,0,0,0,40,4449,299.88365,-29235.51953125,,,,,,,,,,,,,0,,,,11.2922668,,,,,,299.9972992,,,,
,16777446.335,299.9978638,-29140.6474609375,-11.9350350334715,0.00105057509633476,1,0.999253354069792,40.0298881530762,2.00037596063452,19.2200001329184,-65.2314535684846,-11.8906784839907,250,0.0361597518559826,-11.9327734325085,-0.0137835170830322,299.9975281,299.9981995,-29180.626953125,-29100.66796875,56.5031440266791,20.6431820967319,8.512546,0,0,0,40,4449,299.88435,-29140.6474609375,,,,,,,,,,,,,0,,,,11.2922668,,,,,,299.9978638,,,,
,16777447.305,299.9968567,-29040.767578125,-11.9331299795141,0.001118336422035,1,0.999253354069792,40.0298881530762,2.00041767744777,19.2200001329184,-65.2222713279021,-11.889550492862,250,0.0360581393328019,-11.9308687058643,-0.0138779452456334,299.9961853,299.9975281,-29100.66796875,-28980.8671875,56.4023139476983,20.642770265769,7.768809,0,0,0,40,4449,299.8847,-29040.767578125,,,,,,,,,,,,,0,,,,11.2922668,,,,,,299.9968567,,,,
,16777448.44,299.9963989,-28930.9833984375,-11.929578304274,0.00106528175241354,1,0.999253354069792,40.0298881530762,2.00041895956717,19.2200001329184,-65.2035363841697,-11.8825900810558,250,0.0366760318576996,-11.9273204551499,-0.0132461704270006,299.9961853,299.9966125,-28980.8671875,-28881.099609375,56.6969878994483,20.6427418369281,8.512546,0,0,0,40,4449,299.88525,-28930.9833984375,,,,,,,,,,,,,0,,,,11.2922668,,,,,,299.9963989,,,,
,16777449.36,299.9966125,-28841.193359375,-11.9266813109838,0.000967198008330019,1,0.999253354069792,40.0298881530762,2.00038122780876,19.2200001329184,-65.185411336709,-11.8853737120315,250,0.0355897725898706,-11.924419361472,-0.0143205892708803,299.9966125,299.9966125,-28881.099609375,-28801.287109375,56.6711941583137,20.6419941643509,8.512546,0,0,0,40,4449,299.8867,-28841.193359375,,,,,,,,,,,,,0,,,,11.2922668,,,,,,299.9966125,,,,
,16777450.335,299.9966278,-28741.3896484375,-11.9246022982501,0.00120329995166157,1,0.999253354069792,40.0298881530762,2.00044528962831,19.2200001329184,-65.1767872184493,-11.8798721792246,250,0.0362800147614097,-11.9223435841687,-0.013622492964882,299.9966125,299.9966431,-28801.287109375,-28681.4921875,56.7290346687368,20.6410439175188,7.396941,0,0,0,40,4449,299.88755,-28741.3896484375,,,,,,,,,,,,,0,,,,11.40620945,,,,,,299.9966278,,,,
,16777451.335,299.99710085,-28641.6025390625,-11.920895635756,0.000765816940833722,1,0.999253354069792,40.0298881530762,2.00045807444278,19.2200001329184,-65.1573864323349,-11.8738016203433,250,0.0367183893076078,-11.9186392147205,-0.0131695782058491,299.9966431,299.9975586,-28681.4921875,-28601.712890625,56.6102271338137,20.6415317044418,8.512546,0,0,0,40,4449,299.8875,-28641.6025390625,,,,,,,,,,,,,0,,,,11.40620945,,,,,,299.99710085,,,,
,16777452.25,299.9975586,-28551.7265625,-11.9182955085534,0.00120458725191758,1,0.999253354069792,40.0298881530762,2.00044275179026,19.2200001329184,-65.1429775813972,-11.8695556056006,250,0.0369976733135074,-11.9160405448889,-0.0128798525377144,299.9975586,299.9975586,-28601.712890625,-28501.740234375,56.7313795542945,20.6409381264327,9.256284,0,0,0,40,4449,299.88955,-28551.7265625,,,,,,,,,,,,,0,,,,11.2922668,,,,,,299.9975586,,,,
,16777453.4,299.996994,-28436.7626953125,-11.9164426118318,0.000586128538002109,1,0.999253354069792,40.0298881530762,2.00043024780302,19.2200001329184,-65.1309385491353,-11.8758119557177,250,0.0354964990016685,-11.9141819054574,-0.0143738644845462,299.9964294,299.9975586,-28501.740234375,-28371.78515625,56.7720242372945,20.6406169621179,7.396941,0,0,0,40,4449,299.8901,-28436.7626953125,,,,,,,,,,,,,0,,,,11.2922668,,,,,,299.996994,,,,
,16777454.535,299.9970245,-28321.892578125,-11.9129305404683,0.000753699255367661,1,0.999253354069792,40.0298881530762,2.00045189905253,19.2200001329184,-65.1137695737686,-11.865207824095,250,0.0368104824718576,-11.910675928766,-0.0130465193484666,299.9964294,299.9976196,-28371.78515625,-28272,56.5445703381983,20.6419048107586,7.396941,0,0,0,40,4449,299.88975,-28321.892578125,,,,,,,,,,,,,0,,,,11.40620945,,,,,,299.9970245,,,,
,16777455.665,299.99690245,-28207.1103515625,-11.9097685900164,0.00121727582201895,1,0.999253354069792,40.0298881530762,2.00045352443854,19.2200001329184,-65.0965665383773,-11.8619164284674,250,0.0368291881391119,-11.9075146797542,-0.0130153297039524,299.9961853,299.9976196,-28272,-28142.220703125,56.3460366943136,20.6412341846518,8.512546,0,0,0,40,4449,299.89105,-28207.1103515625,,,,,,,,,,,,,0,,,,11.2395077,,,,,,299.99690245,,,,
,16777456.88,299.9966278,-28087.3759765625,-11.9080443716156,0.00122484303446358,1,0.999253354069792,40.0298881530762,2.00047558259898,19.2200001329184,-65.087171117106,-11.8639445090365,250,0.03616271164931,-11.9057880347917,-0.0136755947593858,299.9961853,299.9970703,-28142.220703125,-28032.53125,56.4914195988906,20.6404124422679,9.256284,0,0,0,40,4449,299.89055,-28087.3759765625,,,,,,,,,,,,,0,,,,11.12556505,,,,,,299.9966278,,,,
,16777457.95,299.99668885,-27982.5498046875,-11.9023958864858,0.000864371442057995,1,0.999253354069792,40.0298881530762,2.00046520453076,19.2200001329184,-65.0569285393526,-11.8530763124496,250,0.0370948268846945,-11.9001444792903,-0.0127209504456692,299.9963074,299.9970703,-28032.53125,-27932.568359375,56.4374872310637,20.6414055213139,7.396941,0,0,0,40,4449,299.8905,-27982.5498046875,,,,,,,,,,,,,0,,,,11.2922668,,,,,,299.99668885,,,,
,16777459.03,299.9968262,-27872.6533203125,-11.8996279613505,0.000666589066308413,1,0.999253354069792,40.0298881530762,2.0003716661735,19.2200001329184,-65.0379328579383,-11.854641607455,250,0.0361968581367829,-11.8973732275523,-0.0136078819665857,299.9963074,299.997345,-27932.568359375,-27812.73828125,56.4710972573906,20.6392039396298,9.256284,0,0,0,40,4449,299.89165,-27872.6533203125,,,,,,,,,,,,,0,,,,11.3489532,,,,,,299.9968262,,,,
,16777460.205,299.9962616,-27752.8525390625,-11.8970739667427,0.000707838467190893,1,0.999253354069792,40.0298881530762,2.00039818905347,19.2200001329184,-65.0248732502804,-11.8519367026261,250,0.0362476867174623,-11.8948201031348,-0.0135475114591774,299.9951782,299.997345,-27812.73828125,-27692.966796875,56.3499448369098,20.6380822817032,7.396941,0,0,0,40,4449,299.89115,-27752.8525390625,,,,,,,,,,,,,0,,,,11.3489532,,,,,,299.9962616,,,,
,16777461.3,299.99549865,-27647.9951171875,-11.8941485728593,0.000762888374850113,1,0.999253354069792,40.0298881530762,2.00046017661346,19.2200001329184,-65.0116257116535,-11.8451919163141,250,0.0370065289517756,-11.891898718504,-0.0127775660988398,299.9951782,299.9958191,-27692.966796875,-27603.0234375,56.6258597041983,20.6387179248892,9.256284,0,0,0,40,4449,299.89075,-27647.9951171875,,,,,,,,,,,,,0,,,,11.2922668,,,,,,299.99549865,,,,
,16777462.305,299.99536135,-27548.0927734375,-11.8912287851643,0.000986053657735849,1,0.999253354069792,40.0298881530762,2.00042957557462,19.2200001329184,-64.9940922320056,-11.8453718269028,250,0.0364005502607326,-11.8889769826486,-0.0133718708422205,299.9949036,299.9958191,-27603.0234375,-27493.162109375,56.6407106460637,20.6375339131801,9.256284,0,0,0,40,4449,299.89175,-27548.0927734375,,,,,,,,,,,,,0,,,,11.1805782,,,,,,299.99536135,,,,
,16777463.38,299.994751,-27438.20703125,-11.8879069132674,0.000531752440367306,1,0.999253354069792,40.0298881530762,2.00040703415042,19.2200001329184,-64.9752201786767,-11.8419491598342,250,0.0363882636955722,-11.8856559176288,-0.0133711138560469,299.9945984,299.9949036,-27493.162109375,-27383.251953125,56.4062220902944,20.6369433854545,8.512546,0,0,0,40,4449,299.8922,-27438.20703125,,,,,,,,,,,,,0,,,,11.0688896,,,,,,299.994751,,,,
,16777464.475,299.9957428,-27328.3251953125,-11.8853327727488,0.000631481572038537,1,0.999253354069792,40.0298881530762,2.00040319832613,19.2200001329184,-64.9605538722599,-11.841911734697,250,0.0359145770928627,-11.883079796167,-0.0138348300945618,299.9945984,299.9968872,-27383.251953125,-27273.3984375,56.5328459104098,20.6379497999223,8.512546,0,0,0,40,4449,299.89245,-27328.3251953125,,,,,,,,,,,,,0,,,,11.29452085,,,,,,299.9957428,,,,
,16777465.46,299.99594115,-27228.572265625,-11.8826776016943,0.000750328155824065,1,0.999253354069792,40.0298881530762,2.00040621150624,19.2200001329184,-64.9471486744306,-11.833822796759,250,0.0369071584746488,-11.8804291403527,-0.0128322846898452,299.9949951,299.9968872,-27273.3984375,-27183.74609375,56.5414438241214,20.6400097477582,7.396941,0,0,0,40,4449,299.892,-27228.572265625,,,,,,,,,,,,,0,,,,11.40620945,,,,,,299.99594115,,,,
,16777466.47,299.99568175,-27128.8212890625,-11.8798023954854,0.000728584650220814,1,0.999253354069792,40.0298881530762,2.00045307189071,19.2200001329184,-64.932857025521,-11.8315501146975,250,0.0368404310484246,-11.8775542674954,-0.0128878436899133,299.9949951,299.9963684,-27183.74609375,-27073.896484375,56.6024108486214,20.6376836114617,7.396941,0,0,0,40,4449,299.8919,-27128.8212890625,,,,,,,,,,,,,0,,,,11.40620945,,,,,,299.99568175,,,,
,16777467.48,299.99586485,-27028.9716796875,-11.8767683190781,0.00109203741387287,1,0.999253354069792,40.0298881530762,2.0004338576193,19.2200001329184,-64.9147720297848,-11.8332317606113,250,0.0359505756137014,-11.8745169185914,-0.0137656891331799,299.9953613,299.9963684,-27073.896484375,-26984.046875,56.4327974599483,20.6379273647492,9.256284,0,0,0,40,4449,299.89185,-27028.9716796875,,,,,,,,,,,,,0,,,,11.40620945,,,,,,299.99586485,,,,
,16777468.5,299.99575805,-26929.1650390625,-11.8736351812866,0.0012192167211843,1,0.999253354069792,40.0298881530762,2.00045094243433,19.2200001329184,-64.8992283231501,-11.8245941459597,250,0.03696980447013,-11.8713886392625,-0.0127344889042701,299.9953613,299.9961548,-26984.046875,-26874.283203125,56.4617177151598,20.6404082864255,9.256284,0,0,0,40,4449,299.89145,-26929.1650390625,,,,,,,,,,,,,0,,,,11.40620945,,,,,,299.99575805,,,,
,16777469.615,299.9959717,-26819.29296875,-11.8704100545986,0.00104445328919356,1,0.999253354069792,40.0298881530762,2.00043874766401,19.2200001329184,-64.880639203515,-11.8244112161858,250,0.0363932958684533,-11.8681615744341,-0.0132982764530491,299.9957886,299.9961548,-26874.283203125,-26764.302734375,56.4343607169867,20.6422802181932,8.512546,0,0,0,40,4449,299.8917,-26819.29296875,,,,,,,,,,,,,0,,,,11.40620945,,,,,,299.9959717,,,,
,16777470.665,299.9958954,-26714.388671875,-11.8677849044259,0.000462211490429404,1,0.999253354069792,40.0298881530762,2.00043276232537,19.2200001329184,-64.8657605247704,-11.8236000541888,250,0.0360495784323152,-11.8655354691456,-0.0136317972871924,299.9957886,299.9960022,-26764.302734375,-26664.474609375,56.536754053006,20.6413505591545,7.396941,0,0,0,40,4449,299.8919,-26714.388671875,,,,,,,,,,,,,0,,,,11.1805782,,,,,,299.9958954,,,,
,16777471.695,299.99642945,-26609.55859375,-11.8654873360605,0.00097223982019912,1,0.999253354069792,40.0298881530762,2.00044690586486,19.2300006747246,-64.8539140457457,-11.8199568993469,250,0.0363062634395453,-11.8632391201458,-0.0133664649033672,299.9960022,299.9968567,-26664.474609375,-26554.642578125,56.5258112537367,20.6403241373163,7.396941,0,0,0,40,4449,299.8918,-26609.55859375,,,,,,,,,,,,,0,,,,11.1805782,,,,,,299.99642945,,,,
,16777472.805,299.99638365,-26499.7265625,-11.861869315875,0.000679209204257121,1,0.999253354069792,40.0298881530762,2.00047918345764,19.2200001329184,-64.835372383153,-11.8153836889348,250,0.0365073071530477,-11.8596226271466,-0.013151023516772,299.9959106,299.9968567,-26554.642578125,-26444.810546875,56.4335790884675,20.6402988008042,9.256284,0,0,0,40,4449,299.893,-26499.7265625,,,,,,,,,,,,,0,,,,11.3489532,,,,,,299.99638365,,,,
,16777473.76,299.9959106,-26404.8203125,-11.8595629313271,0.00111571140959861,1,0.999253354069792,40.0298881530762,2.00045801758656,19.2200001329184,-64.8223320156301,-11.8117039973379,250,0.0367316895313239,-11.8573177891032,-0.0129177368663277,299.9959106,299.9959106,-26444.810546875,-26364.830078125,56.6172617904868,20.6407041031438,8.512546,0,0,0,40,4449,299.89355,-26404.8203125,,,,,,,,,,,,,0,,,,11.4056396,,,,,,299.9959106,,,,
,16777475.5,299.9956055,-26230.0498046875,-11.8536091955315,0.000589676522912193,1,0.999253354069792,40.0298881530762,2.00045711330106,19.2200001329184,-64.7893260954123,-11.8081158336554,250,0.0362854248869394,-11.8513633562977,-0.0133407654500042,299.9956055,299.9956055,-26235.046875,-26225.052734375,56.567237565256,20.6396667390968,8.512546,0,0,0,40,4449,299.8921,-26230.0498046875,,,,,,,,,,,,,0,,,,11.40620945,,,,,,299.9956055,,,,
,16777476.22,299.99609375,-26160.1005859375,-11.8506017571917,0.000847428986851224,1,0.999253354069792,40.0298881530762,2.00047481474444,19.2200001329184,-64.774546227338,-11.7992836420797,250,0.0373638756080839,-11.8483607631995,-0.0122506280179762,299.9956055,299.996582,-26225.052734375,-26095.1484375,56.6813553290637,20.6386202141972,7.396941,0,0,0,40,4449,299.89165,-26160.1005859375,,,,,,,,,,,,,0,,,,11.5779829,,,,,,299.99609375,,,,
,16777477.34,299.996582,-26050.2353515625,-11.8469271949949,0.000808524970171898,1,0.999253354069792,40.0298881530762,2.00045508463508,19.2200001329184,-64.752761460191,-11.801312172025,250,0.0362915957715658,-11.8446821281409,-0.0133085279314299,299.996582,299.996582,-26095.1484375,-26005.322265625,56.5766171074867,20.638592256262,8.512546,0,0,0,40,4449,299.8902,-26050.2353515625,,,,,,,,,,,,,0,,,,11.6358137,,,,,,299.996582,,,,
,16777478.32,299.99578855,-25950.3447265625,-11.8447887676909,0.000762030778309262,1,0.999253354069792,40.0298881530762,2.00047626251165,19.2200001329184,-64.7418922082233,-11.7984979152689,250,0.0364335910143399,-11.8425449817302,-0.0131585969568736,299.9949951,299.996582,-26005.322265625,-25895.3671875,56.4124751184483,20.6391080805001,8.512546,0,0,0,40,4449,299.8895,-25950.3447265625,,,,,,,,,,,,,0,,,,11.52072665,,,,,,299.99578855,,,,
,16777479.41,299.9956207,-25840.451171875,-11.8416414753159,0.00121466524558005,1,0.999253354069792,40.0298881530762,2.00047429833244,19.2200001329184,-64.7249314120473,-11.7937131809723,250,0.0367246799154876,-11.8393995393804,-0.0128552287203902,299.9949951,299.9962463,-25895.3671875,-25785.53515625,56.6133536478906,20.6387553044493,7.396941,0,0,0,40,4449,299.89,-25840.451171875,,,,,,,,,,,,,0,,,,11.46289585,,,,,,299.9956207,,,,
,16777480.48,299.9965057,-25735.6298828125,-11.8384653120829,0.000808114821320074,1,0.999253354069792,40.0298881530762,2.00048291399469,19.2200001329184,-64.707820092369,-11.7907066062712,250,0.0366958704101282,-11.8362234411737,-0.0128714895197664,299.9962463,299.9967651,-25785.53515625,-25685.724609375,56.7563916669098,20.6390326775434,7.396941,0,0,0,40,4449,299.8907,-25735.6298828125,,,,,,,,,,,,,0,,,,11.40620945,,,,,,299.9965057,,,,
,16777481.6,299.99679565,-25620.8935546875,-11.8356315796645,0.000331455346504512,1,0.999253354069792,40.0298881530762,2.00046776750784,19.2200001329184,-64.6914217873142,-11.7901206261893,250,0.0362626981952538,-11.8333882526889,-0.0132936650329095,299.9967651,299.9968262,-25685.724609375,-25556.0625,56.4327974599483,20.6392854620283,8.512546,0,0,0,40,4449,299.8908,-25620.8935546875,,,,,,,,,,,,,0,,,,11.3489532,,,,,,299.99679565,,,,
,16777482.69,299.995636,-25511.099609375,-11.833186724165,0.000427294114890113,1,0.999253354069792,40.0298881530762,2.00046502889329,19.2200001329184,-64.6790738852049,-11.781741391512,250,0.0373414391291958,-11.8309488229143,-0.0122058773837887,299.9944458,299.9968262,-25556.0625,-25466.13671875,56.6266413327175,20.6396196533672,9.256284,0,0,0,40,4449,299.8906,-25511.099609375,,,,,,,,,,,,,0,,,,11.4056396,,,,,,299.995636,,,,
,16777483.57,299.9944458,-25426.193359375,-11.8300629173621,0.0005684916359618,1,0.999253354069792,40.0298881530762,2.00048918058757,19.2200001329184,-64.6615583562459,-11.7852666357654,250,0.0361430097043465,-11.8278210897582,-0.0133916280898491,299.9944458,299.9944458,-25466.13671875,-25386.25,56.5453519667175,20.6386567848736,8.884414,0,0,0,40,4449,299.891,-25426.193359375,,,,,,,,,,,,,0,,,,11.4056396,,,,,,299.9944458,,,,
,16777484.56,299.9949188,-25326.3203125,-11.827104801489,0.000623677756715009,1,0.999253354069792,40.0298881530762,2.00050900739925,19.2200001329184,-64.6464396446015,-11.7801304053954,250,0.0365563679690335,-11.8248650173371,-0.0129668138114521,299.9944458,299.9953918,-25386.25,-25266.390625,56.5594212800637,20.6378299819678,7.396941,0,0,0,40,4449,299.891,-25326.3203125,,,,,,,,,,,,,0,,,,11.46289585,,,,,,299.9949188,,,,
,16777485.655,299.9955139,-25216.443359375,-11.8236753147352,0.0010972607294422,1,0.999253354069792,40.0298881530762,2.00045023239966,19.2200001329184,-64.6265429617768,-11.772593983342,250,0.0372392941375208,-11.8214387289113,-0.0122706837768183,299.9953918,299.995636,-25266.390625,-25166.49609375,56.5695824508137,20.6383782617517,9.256284,0,0,0,40,4449,299.89055,-25216.443359375,,,,,,,,,,,,,0,,,,11.40620945,,,,,,299.9955139,,,,
,16777486.67,299.9955292,-25116.556640625,-11.8208988674834,0.000950709492649997,1,0.999253354069792,40.0298881530762,2.00043138959531,19.2200001329184,-64.610012407511,-11.7738278390817,250,0.0364792825432039,-11.8186596113506,-0.0130193807765615,299.9954224,299.995636,-25166.49609375,-25066.6171875,56.3327490094867,20.638098103853,7.768809,0,0,0,40,4449,299.8925,-25116.556640625,,,,,,,,,,,,,0,,,,11.3489532,,,,,,299.9955292,,,,
,16777487.75,299.995224,-25006.7109375,-11.8153147001896,0.000446062730295063,1,0.999253354069792,40.0298881530762,2.00045043721504,19.2200001329184,-64.5805459728901,-11.765918347592,250,0.0369127065683574,-11.813078436531,-0.0125635717071091,299.9950256,299.9954224,-25066.6171875,-24946.8046875,56.5992843345444,20.6373088782456,9.256284,0,0,0,40,4449,299.8926,-25006.7109375,,,,,,,,,,,,,0,,,,11.52072665,,,,,,299.995224,,,,
,16777488.955,299.99565125,-24886.8740234375,-11.8113964447895,0.00104684207942871,1,0.999253354069792,40.0298881530762,2.00044530264696,19.2200001329184,-64.5589376188737,-11.7621415277197,250,0.0368733364976718,-11.8091605101832,-0.0125877323444072,299.9950256,299.9962769,-24946.8046875,-24826.943359375,56.4640626007175,20.6370249584188,8.884414,0,0,0,40,4449,299.8916,-24886.8740234375,,,,,,,,,,,,,0,,,,11.6358137,,,,,,299.99565125,,,,
,16777490.105,299.99540715,-24772.130859375,-11.8091507665,0.00112148183386294,1,0.999253354069792,40.0298881530762,2.00049298627575,19.2300006747246,-64.5477676352015,-11.7623106239277,250,0.0364769082010689,-11.8069136495115,-0.0129755653859374,299.9945374,299.9962769,-24826.943359375,-24717.318359375,56.4976726270444,20.6374737865647,8.512546,0,0,0,40,4449,299.892,-24772.130859375,,,,,,,,,,,,,0,,,,11.52072665,,,,,,299.99540715,,,,
,16777491.22,299.99551395,-24657.412109375,-11.8058887098996,0.00104744104866369,1,0.999253354069792,40.0298881530762,2.00045004749975,19.2200001329184,-64.5285492824266,-11.7590174298346,250,0.03643075649104,-11.8036519274389,-0.0130089646746523,299.9945374,299.9964905,-24717.318359375,-24597.505859375,56.5117419403906,20.637889537679,7.396941,0,0,0,40,4449,299.89225,-24657.412109375,,,,,,,,,,,,,0,,,,11.52072665,,,,,,299.99551395,,,,
,16777492.415,299.9963837,-24537.6640625,-11.8029172196603,0.00058184477558369,1,0.999253354069792,40.0298881530762,2.0004678146737,19.2200001329184,-64.5130836413255,-11.7549730192821,250,0.0366395709575436,-11.8006814529675,-0.0127886189570459,299.9962769,299.9964905,-24597.505859375,-24477.822265625,56.4460851447752,20.6365960610504,7.396941,0,0,0,40,4449,299.89295,-24537.6640625,,,,,,,,,,,,,0,,,,11.6358137,,,,,,299.9963837,,,,
,16777493.455,299.9954834,-24437.8291015625,-11.7996825473772,0.000361411522563594,1,0.999253354069792,40.0298881530762,2.00044651244364,19.2200001329184,-64.494913849812,-11.7506687855597,250,0.0368063434334476,-11.7974484422608,-0.0126092220847796,299.9946899,299.9962769,-24477.822265625,-24397.8359375,56.5688008222944,20.6369425881847,7.768809,0,0,0,40,4449,299.8927,-24437.8291015625,,,,,,,,,,,,,0,,,,11.52072665,,,,,,299.9954834,,,,
,16777494.43,299.99557495,-24342.93359375,-11.7967657525265,0.00033840696325256,1,0.999253354069792,40.0298881530762,2.00048857316236,19.2200001329184,-64.4802326377637,-11.7483247379878,250,0.0367395706186638,-11.7945318337475,-0.0126646696722008,299.9946899,299.99646,-24397.8359375,-24288.03125,56.3491632083906,20.6373900482295,8.512546,0,0,0,40,4449,299.89215,-24342.93359375,,,,,,,,,,,,,0,,,,11.4056396,,,,,,299.99557495,,,,
,16777495.58,299.9959717,-24228.099609375,-11.7940614041519,0.000359642668823962,1,0.999253354069792,40.0298881530762,2.00046251459967,19.2200001329184,-64.4643824460512,-11.746822189641,250,0.0364868414413024,-11.7918267072797,-0.0129070328110228,299.9954834,299.99646,-24288.03125,-24168.16796875,56.6133536478906,20.6374814207444,8.512546,0,0,0,40,4449,299.8919,-24228.099609375,,,,,,,,,,,,,0,,,,11.4056396,,,,,,299.9959717,,,,
,16777496.445,299.9954834,-24138.171875,-11.7907223331451,0.000937300177582401,1,0.999253354069792,40.0298881530762,2.00049332607125,19.2200001329184,-64.4475299524773,-11.7413543369682,250,0.0369015370675112,-11.7884902059219,-0.0124790255930428,299.9954834,299.9954834,-24168.16796875,-24108.17578125,56.4241995462367,20.637150889129,8.884414,0,0,0,40,4449,299.89275,-24138.171875,,,,,,,,,,,,,0,,,,11.52072665,,,,,,299.9954834,,,,
,16777497.27,299.99536135,-24053.2666015625,-11.7876547223534,0.000646364463466026,1,0.999253354069792,40.0298881530762,2.00047905809948,19.2200001329184,-64.4310047038805,-11.7344969332738,250,0.0375734360560791,-11.7854260517121,-0.0117947470886581,299.9952393,299.9954834,-24108.17578125,-23998.357421875,56.472660514429,20.6369764378617,8.512546,0,0,0,40,4449,299.8947,-24053.2666015625,,,,,,,,,,,,,0,,,,11.6358137,,,,,,299.99536135,,,,
,16777498.46,299.9945984,-23938.5068359375,-11.7844775694439,0.000853391922887549,1,0.999253354069792,40.0298881530762,2.00045645636583,19.2200001329184,-64.4114214632424,-11.7393435804506,250,0.0360743689511294,-11.7822435134505,-0.0132810861880715,299.9939575,299.9952393,-23998.357421875,-23878.65625,56.5297193963329,20.6378441188895,8.512546,0,0,0,40,4449,299.8951,-23938.5068359375,,,,,,,,,,,,,0,,,,11.6358137,,,,,,299.9945984,,,,
,16777499.55,299.99456785,-23828.7626953125,-11.7818313496533,0.000878590106291808,1,0.999253354069792,40.0298881530762,2.00049743321945,19.2200001329184,-64.3991474403565,-11.7320641841374,250,0.0369603134730811,-11.7796014420771,-0.0123854162110899,299.9939575,299.9951782,-23878.65625,-23778.869140625,56.4898563418521,20.6362619953224,8.512546,0,0,0,40,4449,299.89375,-23828.7626953125,,,,,,,,,,,,,0,,,,11.35235165,,,,,,299.99456785,,,,
,16777500.555,299.99472045,-23723.87109375,-11.7785589401604,0.001167850899857,1,0.999253354069792,40.0298881530762,2.00052061249507,19.2200001329184,-64.3821908270094,-11.7278375794946,250,0.0371524763119193,-11.7763303387628,-0.0121805971890194,299.9942627,299.9951782,-23778.869140625,-23668.873046875,56.3687039213713,20.6372013316575,8.512546,0,0,0,40,4449,299.89305,-23723.87109375,,,,,,,,,,,,,0,,,,11.0688896,,,,,,299.99472045,,,,
,16777501.56,299.99430845,-23623.9443359375,-11.775622349993,0.000556185847285145,1,0.999253354069792,40.0298881530762,2.00051318425464,19.2200001329184,-64.365407059437,-11.7275668237484,250,0.0366506632461443,-11.7733923378805,-0.0126708903005944,299.9942627,299.9943542,-23668.873046875,-23579.015625,56.5093970548329,20.6360939294736,7.396941,0,0,0,40,4449,299.8928,-23623.9443359375,,,,,,,,,,,,,0,,,,11.35235165,,,,,,299.99430845,,,,
,16777502.515,299.9943542,-23534.0537109375,-11.7724441483975,0.000940251129496173,1,0.999253354069792,40.0298881530762,2.00050275292383,19.2200001329184,-64.3475509261135,-11.7251870493979,250,0.0364866010690962,-11.7702140226514,-0.012822142375188,299.9943542,299.9943542,-23579.015625,-23489.091796875,56.6407106460637,20.6369087449852,7.396941,0,0,0,40,4449,299.8939,-23534.0537109375,,,,,,,,,,,,,0,,,,11.52072665,,,,,,299.9943542,,,,
,16777503.635,299.9943542,-23424.19921875,-11.7662499290072,0.000654494879571446,1,0.999253354069792,40.0298881530762,2.00043866047639,19.2200001329184,-64.312027084751,-11.716806158574,250,0.0368059522743082,-11.7640223281048,-0.0124776224710378,299.9943542,299.9943542,-23489.091796875,-23359.306640625,56.526592882256,20.6371495089152,7.396941,0,0,0,40,4449,299.89495,-23424.19921875,,,,,,,,,,,,,0,,,,11.4056396,,,,,,299.9943542,,,,
,16777504.965,299.99360655,-23289.369140625,-11.7628795795263,0.000661935130060962,1,0.999253354069792,40.0298881530762,2.00047421691375,19.2200001329184,-64.2945202396008,-11.7147336440544,250,0.0365986147815059,-11.7606520228503,-0.0126718037532185,299.9928589,299.9943542,-23359.306640625,-23219.431640625,56.4953277414867,20.6358429338211,8.512546,0,0,0,40,4449,299.89555,-23289.369140625,,,,,,,,,,,,,0,,,,11.2372646,,,,,,299.99360655,,,,
,16777506.135,299.9934845,-23169.29296875,-11.7603151569193,0.000562368612562166,1,0.999253354069792,40.0298881530762,2.00049046534096,19.2200001329184,-64.2817767456361,-11.7081487688447,250,0.0373464526966026,-11.7580912146374,-0.0119143317596203,299.9928589,299.9941101,-23219.431640625,-23119.154296875,56.4257628032752,20.6372820768607,7.768809,0,0,0,40,4449,299.89575,-23169.29296875,,,,,,,,,,,,,0,,,,11.2372646,,,,,,299.9934845,,,,
,16777507.14,299.9941406,-23069.119140625,-11.7573248997556,0.000819993553026567,1,0.999253354069792,40.0298881530762,2.00052000846446,19.2200001329184,-64.2660909793243,-11.7067636505471,250,0.0370775059456975,-11.7551000416134,-0.0121718768664577,299.9941101,299.9941711,-23119.154296875,-23019.083984375,56.7055858131598,20.6358379104396,9.256284,0,0,0,40,4449,299.89395,-23069.119140625,,,,,,,,,,,,,0,,,,11.52072665,,,,,,299.9941406,,,,
,16777508.2,299.99368285,-22964.1142578125,-11.7537414310157,0.000984874303410595,1,0.999253354069792,40.0298881530762,2.00049232163383,19.2200001329184,-64.2450822472128,-11.7060323331545,250,0.0365190131503008,-11.7515150662238,-0.0127162216385277,299.9931946,299.9941711,-23019.083984375,-22909.14453125,56.5125235689098,20.6364448214255,8.512546,0,0,0,40,4449,299.8934,-22964.1142578125,,,,,,,,,,,,,0,,,,11.52072665,,,,,,299.99368285,,,,
,16777509.185,299.99328615,-22864.20703125,-11.7509397891117,0.00101069450845655,1,0.999253354069792,40.0298881530762,2.00049626764895,19.2200001329184,-64.230936016056,-11.6976378317493,250,0.0375412086391881,-11.7487183627514,-0.0116833711539209,299.9931946,299.9933777,-22909.14453125,-22819.26953125,56.5719273363714,20.6362508530409,9.256284,0,0,0,40,4449,299.89315,-22864.20703125,,,,,,,,,,,,,0,,,,11.29282995,,,,,,299.99328615,,,,
,16777510.235,299.99276735,-22759.333984375,-11.7478362327384,0.000295890646884915,1,0.999253354069792,40.0298881530762,2.00053451723052,19.2200001329184,-64.2144760663846,-11.6985052383819,250,0.0368480074721969,-11.7456126512436,-0.0123645488146009,299.992157,299.9933777,-22819.26953125,-22699.3984375,56.506270540756,20.6350812882154,8.512546,0,0,0,40,4449,299.89185,-22759.333984375,,,,,,,,,,,,,0,,,,11.407917,,,,,,299.99276735,,,,
,16777511.36,299.9925537,-22644.4765625,-11.7442531171572,0.000989316204541891,1,0.999253354069792,40.0298881530762,2.00052164446545,19.2200001329184,-64.1941042240838,-11.696933609797,250,0.036458668427866,-11.7420286494936,-0.0127395813255485,299.992157,299.9929504,-22699.3984375,-22589.5546875,56.4531198014483,20.6363401458464,8.884414,0,0,0,40,4449,299.8927,-22644.4765625,,,,,,,,,,,,,0,,,,11.52072665,,,,,,299.9925537,,,,
,16777512.345,299.99301145,-22544.6591796875,-11.7417088222414,0.00102044454979895,1,0.999253354069792,40.0298881530762,2.00050843595761,19.2200001329184,-64.1798052529573,-11.6942025925034,250,0.0364735158302483,-11.7394846857618,-0.012714589921272,299.9929504,299.9930725,-22589.5546875,-22499.763671875,56.7853119221214,20.6358587518982,9.256284,0,0,0,40,4449,299.8943,-22544.6591796875,,,,,,,,,,,,,0,,,,11.4056396,,,,,,299.99301145,,,,
,16777513.36,299.9937439,-22444.783203125,-11.7382653722988,0.000935865697069299,1,0.999253354069792,40.0298881530762,2.00047894336961,19.2200001329184,-64.160881571767,-11.6861704097359,250,0.0372753323888284,-11.7360449011743,-0.0118992929902721,299.9930725,299.9944153,-22499.763671875,-22389.802734375,56.4875114562944,20.6362023954395,8.512546,0,0,0,40,4449,299.8945,-22444.783203125,,,,,,,,,,,,,0,,,,11.4056396,,,,,,299.9937439,,,,
,16777514.295,299.9943085,-22354.947265625,-11.7348061301955,0.00106674563975565,1,0.999253354069792,40.0298881530762,2.00050341125998,19.2200001329184,-64.1427651588032,-11.6827106499726,250,0.0372935141876524,-11.7325861141472,-0.0118674485294702,299.9942017,299.9944153,-22389.802734375,-22320.091796875,56.6313311038329,20.6353894148586,8.512546,0,0,0,40,4449,299.89405,-22354.947265625,,,,,,,,,,,,,0,,,,11.52072665,,,,,,299.9943085,,,,
,16777516.055,299.9929199,-22180.2041015625,-11.7317843188466,0.000690772459785173,1,0.999253354069792,40.0298881530762,2.00052551202876,19.2200001329184,-64.1261801959924,-11.6839319650664,250,0.0365340035256054,-11.7295622168671,-0.0126153948255861,299.9929199,299.9929199,-22190.19140625,-22170.216796875,56.6196066760444,20.6351036220984,9.256284,0,0,0,40,4449,299.895,-22180.2041015625,,,,,,,,,,,,,0,,,,11.0688896,,,,,,299.9929199,,,,
,16777516.71,299.9934845,-22110.3779296875,-11.7288191916713,0.000801319554432508,1,0.999253354069792,40.0298881530762,2.00047480793033,19.2200001329184,-64.1091220469331,-11.6767276211237,250,0.0372506709796572,-11.726600397045,-0.0118869935828991,299.9929199,299.9940491,-22170.216796875,-22050.5390625,56.5625477941406,20.6359460101693,7.396941,0,0,0,40,4449,299.89515,-22110.3779296875,,,,,,,,,,,,,0,,,,11.2372646,,,,,,299.9934845,,,,
,16777517.835,299.99349975,-22000.5810546875,-11.7255835789609,0.000637226526846748,1,0.999253354069792,40.0298881530762,2.00049874239308,19.2200001329184,-64.0923460846383,-11.6727643727329,250,0.0374021013351098,-11.7233659758597,-0.0117230142281745,299.9929504,299.9940491,-22050.5390625,-21950.623046875,56.7016776705637,20.6360709305237,8.884414,0,0,0,40,4449,299.89475,-22000.5810546875,,,,,,,,,,,,,0,,,,11.2372646,,,,,,299.99349975,,,,
,16777518.97,299.99249265,-21890.6689453125,-11.7193650210776,0.000614109003997407,1,0.999253354069792,40.0298881530762,2.000536108478,19.2200001329184,-64.0590457545195,-11.6693629258416,250,0.0369116020789502,-11.7171469689334,-0.0121883099340772,299.9920349,299.9929504,-21950.623046875,-21830.71484375,56.6368025034675,20.6348051018511,9.256284,0,0,0,40,4449,299.8945,-21890.6689453125,,,,,,,,,,,,,0,,,,11.0688896,,,,,,299.99249265,,,,
,16777520.19,299.9924011,-21765.8134765625,-11.7161479515958,0.000799461500645851,1,0.999253354069792,40.0298881530762,2.00047754259524,19.2200001329184,-64.0389145087278,-11.6697030854961,250,0.0361928221156867,-11.7139274884227,-0.0128944362946731,299.9920349,299.9927673,-21830.71484375,-21700.912109375,56.5031440266791,20.6370839946856,9.256284,0,0,0,40,4449,299.89475,-21765.8134765625,,,,,,,,,,,,,0,,,,11.35235165,,,,,,299.9924011,,,,
,16777521.265,299.99253845,-21655.955078125,-11.7129531833979,0.0004516944164512,1,0.999253354069792,40.0298881530762,2.00050927110288,19.2200001329184,-64.0235696149063,-11.6606165942131,250,0.0372975061836068,-11.7107378669721,-0.01177732164407,299.9923096,299.9927673,-21700.912109375,-21610.998046875,56.5555131374675,20.6359610175157,7.396941,0,0,0,40,4449,299.8956,-21655.955078125,,,,,,,,,,,,,0,,,,11.5779829,,,,,,299.99253845,,,,
,16777522.23,299.99313355,-21560.9951171875,-11.709852235801,0.000849876990319416,1,0.999253354069792,40.0298881530762,2.00047170239778,19.2200001329184,-64.0049125232263,-11.660194609603,250,0.036761304733701,-11.707634981728,-0.0123010888572447,299.9923096,299.9939575,-21610.998046875,-21510.9921875,56.4296709458714,20.6359229566692,9.256284,0,0,0,40,4449,299.89615,-21560.9951171875,,,,,,,,,,,,,0,,,,11.29452085,,,,,,299.99313355,,,,
,16777523.31,299.99287415,-21456.302734375,-11.7062332120143,0.000733429767157202,1,0.999253354069792,40.0298881530762,2.00045821210737,19.2200001329184,-63.9844402764625,-11.6579733219631,250,0.0364839125285527,-11.7040155419125,-0.012564316212025,299.9917908,299.9939575,-21510.9921875,-21401.61328125,56.4601544581214,20.6362435872874,9.256284,0,0,0,40,4449,299.8951,-21456.302734375,,,,,,,,,,,,,0,,,,11.0688896,,,,,,299.99287415,,,,
,16777524.375,299.9923096,-21351.6591796875,-11.7032934469603,0.00118949533801132,1,0.999253354069792,40.0298881530762,2.00050210538722,19.2200001329184,-63.9707860963112,-11.6496586208596,250,0.0375074402050047,-11.7010808195186,-0.0115295765962016,299.9917908,299.9928284,-21401.61328125,-21301.705078125,56.4585912010829,20.635793868583,8.512546,0,0,0,40,4449,299.89485,-21351.6591796875,,,,,,,,,,,,,0,,,,11.12445495,,,,,,299.9923096,,,,
,16777525.4,299.99287415,-21246.7880859375,-11.6996940926994,0.000828188590731006,1,0.999253354069792,40.0298881530762,2.00051842391857,19.2200001329184,-63.951158516985,-11.6486499582012,250,0.0370421516896263,-11.697479947981,-0.0119802602560982,299.9928284,299.9929199,-21301.705078125,-21191.87109375,56.4922012274098,20.6361049087087,7.396941,0,0,0,40,4449,299.8963,-21246.7880859375,,,,,,,,,,,,,0,,,,11.29282995,,,,,,299.99287415,,,,
,16777526.515,299.99342345,-21136.9482421875,-11.6970702588156,0.000584169029201733,1,0.999253354069792,40.0298881530762,2.00049959754403,19.2200001329184,-63.9358028536524,-11.6482250802935,250,0.036614586739997,-11.6948545430911,-0.0123975372280442,299.9929199,299.993927,-21191.87109375,-21082.025390625,56.3984058051021,20.6365815942644,8.512546,0,0,0,40,4449,299.8968,-21136.9482421875,,,,,,,,,,,,,0,,,,11.46289585,,,,,,299.99342345,,,,
,16777527.56,299.99349975,-21032.068359375,-11.6934823546983,0.000876301082080201,1,0.999253354069792,40.0298881530762,2.00050299533796,19.2200001329184,-63.9169484100502,-11.6411566144239,250,0.0372476019882465,-11.6912699044572,-0.0117504748728068,299.9930725,299.993927,-21082.025390625,-20982.111328125,56.2858512983329,20.636161870671,7.768809,0,0,0,40,4449,299.89675,-21032.068359375,,,,,,,,,,,,,0,,,,11.5779829,,,,,,299.99349975,,,,
,16777528.595,299.99342345,-20927.1611328125,-11.6904349663021,0.000911349897592451,1,0.999253354069792,40.0298881530762,2.0005202242065,19.2200001329184,-63.9002325748346,-11.64142860267,250,0.0366515716319111,-11.6882205815428,-0.0123345498694938,299.9930725,299.9937744,-20982.111328125,-20872.2109375,56.5828701356406,20.6359705700421,8.512546,0,0,0,40,4449,299.8963,-20927.1611328125,,,,,,,,,,,,,0,,,,11.6358137,,,,,,299.99342345,,,,
,16777529.75,299.9934387,-20812.3056640625,-11.6875770627687,0.000765677952981727,1,0.999253354069792,40.0298881530762,2.00053917345183,19.2200001329184,-63.8855809301599,-11.636638398689,250,0.0370191536448797,-11.6853646981434,-0.011956051354078,299.993103,299.9937744,-20872.2109375,-20752.400390625,56.526592882256,20.6352900946641,7.396941,0,0,0,40,4449,299.896,-20812.3056640625,,,,,,,,,,,,,0,,,,11.6358137,,,,,,299.9934387,,,,
,16777530.78,299.99279785,-20707.5400390625,-11.6840723877915,0.000996495113485793,1,0.999253354069792,40.0298881530762,2.00053097888311,19.2200001329184,-63.8666637523433,-11.6304412384765,250,0.0374957915473853,-11.681862955998,-0.0114653605101679,299.9924927,299.993103,-20752.400390625,-20662.6796875,56.5727089648906,20.6359165938514,7.396941,0,0,0,40,4449,299.8976,-20707.5400390625,,,,,,,,,,,,,0,,,,11.52072665,,,,,,299.99279785,,,,
,16777531.765,299.99220275,-20607.7548828125,-11.6804459781458,0.00043688300868811,1,0.999253354069792,40.0298881530762,2.00051014502407,19.2200001329184,-63.8448777660962,-11.6338149225932,250,0.03618448509802,-11.6782320193598,-0.0127614597026108,299.9919128,299.9924927,-20662.6796875,-20552.830078125,56.401532319179,20.6351361977925,9.256284,0,0,0,40,4449,299.90045,-20607.7548828125,,,,,,,,,,,,,0,,,,11.46289585,,,,,,299.99220275,,,,
,16777532.895,299.9920349,-20497.9404296875,-11.671044742107,0.00105569010487818,1,0.999253354069792,40.0298881530762,2.0005096798784,19.2200001329184,-63.7926858452469,-11.6287117139316,250,0.0353761259191945,-11.6688292636663,-0.0135314256535412,299.9919128,299.992157,-20552.830078125,-20443.05078125,56.3819916061983,20.6357596001952,9.256284,0,0,0,40,4449,299.899,-20497.9404296875,,,,,,,,,,,,,0,,,,11.46289585,,,,,,299.9920349,,,,
,16777534.03,299.9922943,-20388.11328125,-11.6687367330949,0.000909132317196071,1,0.999253354069792,40.0298881530762,2.00050673638086,19.2200001329184,-63.780424598843,-11.6239858783109,250,0.0358113365110022,-11.6665233242465,-0.0130878010030941,299.992157,299.9924316,-20443.05078125,-20333.17578125,56.2553677860829,20.6371923040432,9.256284,0,0,0,40,4449,299.8975,-20388.11328125,,,,,,,,,,,,,0,,,,11.4056396,,,,,,299.9922943,,,,
,16777535.065,299.9924774,-20283.203125,-11.66527161119,0.000487829161717493,1,0.999253354069792,40.0298881530762,2.00049636072662,19.2200001329184,-63.7619091637908,-11.6164428784468,250,0.036539352658761,-11.6630618278151,-0.0123459248915128,299.9924316,299.9925232,-20333.17578125,-20233.23046875,56.5695824508137,20.6368682433723,8.512546,0,0,0,40,4449,299.8992,-20283.203125,,,,,,,,,,,,,0,,,,11.2372646,,,,,,299.9924774,,,,
,16777537.015,299.9934387,-20088.4541015625,-11.6618951761406,0.000786113072601117,1,0.999253354069792,40.0298881530762,2.0004890427782,19.2200001329184,-63.7424840539701,-11.617024907452,250,0.0358009906858922,-11.6596823874672,-0.0130719289943322,299.9934387,299.9934387,-20093.466796875,-20083.44140625,56.4640626007175,20.6367282761751,8.512546,0,0,0,40,4449,299.8972,-20088.4541015625,,,,,,,,,,,,,0,,,,11.6358137,,,,,,299.9934387,,,,
,16777537.68,299.9930725,-20018.4580078125,-11.6552019073988,0.000640663064794623,1,0.999253354069792,40.0298881530762,2.00049557870581,19.2200001329184,-63.7065165482768,-11.6081636636887,250,0.0361894224140231,-11.6529922019801,-0.0126561454204118,299.9927063,299.9934387,-20083.44140625,-19953.474609375,56.404658833256,20.6362856465553,8.512546,0,0,0,40,4449,299.8969,-20018.4580078125,,,,,,,,,,,,,0,,,,11.5779829,,,,,,299.9930725,,,,
,16777538.925,299.99302675,-19893.07421875,-11.651951683517,0.00094210490415824,1,0.999253354069792,40.0298881530762,2.00047142503307,19.2200001329184,-63.6876273074367,-11.6068062930443,250,0.0358111079058532,-11.6497409872127,-0.0130216560031613,299.9927063,299.9933472,-19953.474609375,-19832.673828125,56.5086154263137,20.6368125058082,8.512546,0,0,0,40,4449,299.89745,-19893.07421875,,,,,,,,,,,,,0,,,,11.63639405,,,,,,299.99302675,,,,
,16777540.07,299.99398805,-19782.6279296875,-11.6482882655872,0.00066737127331094,1,0.999253354069792,40.0298881530762,2.00048255128766,19.2200001329184,-63.6687293178231,-11.5989964131258,250,0.0365735662253056,-11.6460810329787,-0.0122446476308453,299.9933472,299.9946289,-19832.673828125,-19732.58203125,56.5031440266791,20.6367964717854,8.512546,0,0,0,40,4449,299.89865,-19782.6279296875,,,,,,,,,,,,,0,,,,11.4107628,,,,,,299.99398805,,,,
,16777541.125,299.99391175,-19677.5986328125,-11.6429164051382,0.000576152033349878,1,0.999253354069792,40.0298881530762,2.0002468003402,19.2200001329184,-63.6338742830011,-11.5825130521275,250,0.0383521349912941,-11.6407176704491,-0.0104447432423051,299.9931946,299.9946289,-19732.58203125,-19622.615234375,56.6368025034675,20.6388142690373,8.512546,0,0,0,40,4449,299.89875,-19677.5986328125,,,,,,,,,,,,,0,,,,11.29452085,,,,,,299.99391175,,,,
,16777542.105,299.9928284,-19577.6083984375,-11.6402626825284,0.00100419844864909,1,0.999253354069792,40.0298881530762,2.00016639422412,19.2300006747246,-63.6170912539105,-11.5782805629917,250,0.0385524454054139,-11.6380657453208,-0.0102338287411993,299.9924622,299.9931946,-19622.615234375,-19532.6015625,56.2811615272175,20.6400813647602,9.256284,0,0,0,40,4449,299.9004,-19577.6083984375,,,,,,,,,,,,,0,,,,11.3500862,,,,,,299.9928284,,,,
,16777543.04,299.99214175,-19482.5859375,-11.634753727005,0.00103086294416813,1,0.999253354069792,40.0298881530762,1.99981519728489,19.2300006747246,-63.5742596916367,-11.5807543515516,250,0.0367160390131787,-11.6325504200227,-0.0120476836763582,299.9918213,299.9924622,-19532.6015625,-19432.5703125,56.2029986752944,20.6326488935607,8.512546,0,0,0,40,4449,299.8996,-19482.5859375,,,,,,,,,,,,,0,,,,11.29282995,,,,,,299.99214175,,,,
,16777544.125,299.99201965,-19372.6875,-11.6329370655629,0.000849470997458698,1,0.999253354069792,40.0298881530762,2.00007655791646,19.2200001329184,-63.5737965881863,-11.5730538223075,250,0.0380601662627034,-11.6307397230123,-0.0106971613601461,299.9918213,299.992218,-19432.5703125,-19312.8046875,56.4898563418521,20.6373760289939,7.768809,0,0,0,40,4449,299.8992,-19372.6875,,,,,,,,,,,,,0,,,,11.46289585,,,,,,299.99201965,,,,
,16777545.165,299.9924469,-19267.9169921875,-11.6285071183476,0.000746312567296859,1,0.999253354069792,40.0298881530762,2.00016773343476,19.2200001329184,-63.5536493615669,-11.5624736451286,250,0.0392706034039889,-11.6263155005395,-0.00946906856312111,299.992218,299.9926758,-19312.8046875,-19223.029296875,56.4703156288714,20.635164525417,8.512546,0,0,0,40,4449,299.90005,-19267.9169921875,,,,,,,,,,,,,0,,,,11.29452085,,,,,,299.9924469,,,,
,16777546.195,299.99235535,-19168.068359375,-11.6256070433098,0.000952010144384566,1,0.999253354069792,40.0298881530762,2.00023016446347,19.2200001329184,-63.5392437407894,-11.5625764999745,250,0.0387794428975968,-11.623413898716,-0.00994899359685704,299.9920349,299.9926758,-19223.029296875,-19113.107421875,56.4437402592175,20.6373262201875,8.512546,0,0,0,40,4449,299.89885,-19168.068359375,,,,,,,,,,,,,0,,,,11.2372646,,,,,,299.99235535,,,,
,16777547.375,299.9920807,-19053.24609375,-11.622872708667,0.00111687723338226,1,0.999253354069792,40.0298881530762,2.00028383397961,19.2200001329184,-63.5262549211428,-11.5585744139518,250,0.0390612306620717,-11.6206813473286,-0.00965654466228229,299.9920349,299.9921265,-19113.107421875,-18993.384765625,56.3819916061983,20.6376393634062,8.512546,0,0,0,40,4449,299.8997,-19053.24609375,,,,,,,,,,,,,0,,,,11.29282995,,,,,,299.9920807,,,,
,16777548.5,299.9923706,-18938.509765625,-11.6192212430179,0.00119506198055121,1,0.999253354069792,40.0298881530762,2.00026494711214,19.2200001329184,-63.5062615806376,-11.5518714465666,250,0.039592732431853,-11.6170326386039,-0.00911076871382753,299.9921265,299.9926147,-18993.384765625,-18883.634765625,56.5734905934098,20.6377336528813,7.396941,0,0,0,40,4449,299.8996,-18938.509765625,,,,,,,,,,,,,0,,,,11.3500862,,,,,,299.9923706,,,,
,16777549.555,299.99253845,-18833.6474609375,-11.615809467079,0.000471655454110917,1,0.999253354069792,40.0298881530762,2.00033084568752,19.2200001329184,-63.4899061404033,-11.5474806582982,250,0.0398323527289419,-11.6136224371898,-0.00885742404500489,299.9924622,299.9926147,-18883.634765625,-18783.66015625,56.5000175126021,20.6366323489724,7.396941,0,0,0,40,4449,299.90115,-18833.6474609375,,,,,,,,,,,,,0,,,,11.3500862,,,,,,299.99253845,,,,
,16777550.62,299.99235535,-18728.716796875,-11.6124097012868,0.00085134207056882,1,0.999253354069792,40.0298881530762,2.00029875759783,19.2200001329184,-63.4693343096839,-11.5492970582689,250,0.0388370927067346,-11.6102191995502,-0.0098389606072425,299.9922485,299.9924622,-18783.66015625,-18673.7734375,56.5195582255829,20.6376699271458,8.884414,0,0,0,40,4449,299.90165,-18728.716796875,,,,,,,,,,,,,0,,,,11.29282995,,,,,,299.99235535,,,,
,16777551.62,299.99197385,-18628.8359375,-11.6090563962477,0.00063073167046236,1,0.999253354069792,40.0298881530762,2.00033010561051,19.2200001329184,-63.4531132522486,-11.5400047510711,250,0.0399499043291047,-11.606871295686,-0.00871344771570647,299.9916992,299.9922485,-18673.7734375,-18583.8984375,56.5797436215637,20.6388623757495,8.884414,0,0,0,40,4449,299.89985,-18628.8359375,,,,,,,,,,,,,0,,,,11.4056396,,,,,,299.99197385,,,,
,16777552.675,299.9915924,-18523.9658203125,-11.6057332714226,0.000473646423897047,1,0.999253354069792,40.0298881530762,2.00031081112065,19.2200001329184,-63.4342614503284,-11.5370909528562,250,0.0398479784340584,-11.6035485179027,-0.00880209177366141,299.9914856,299.9916992,-18583.8984375,-18464.033203125,56.4296709458714,20.6372206340841,8.512546,0,0,0,40,4449,299.90065,-18523.9658203125,,,,,,,,,,,,,0,,,,11.46289585,,,,,,299.9915924,,,,
,16777553.785,299.9912567,-18409.19140625,-11.6027525193309,0.00068019453398226,1,0.999253354069792,40.0298881530762,2.00033418945895,19.2200001329184,-63.4183481216095,-11.5361148481888,250,0.039498874999589,-11.6005669726297,-0.00913946046989312,299.9910278,299.9914856,-18464.033203125,-18354.349609375,56.6235148186406,20.6382235815924,7.396941,0,0,0,40,4449,299.901,-18409.19140625,,,,,,,,,,,,,0,,,,11.5779829,,,,,,299.9912567,,,,
,16777554.635,299.9911499,-18324.3916015625,-11.5990134966292,0.00110679202037858,1,0.999253354069792,40.0298881530762,2.00030185986635,19.2200001329184,-63.3973311839979,-11.5299572876938,250,0.0399004456546286,-11.5968303556266,-0.0087231621619263,299.9910278,299.991272,-18354.349609375,-18294.43359375,56.5969394489868,20.6386033751975,8.512546,0,0,0,40,4449,299.89995,-18324.3916015625,,,,,,,,,,,,,0,,,,11.5779829,,,,,,299.9911499,,,,
,16777555.57,299.99121095,-18234.58984375,-11.5952360152188,0.000739071273551565,1,0.999253354069792,40.0298881530762,2.00030984693207,19.2200001329184,-63.3770376837861,-11.5256695710972,250,0.0399938466279791,-11.5930539423037,-0.00861461776623926,299.9911499,299.991272,-18294.43359375,-18174.74609375,56.4593728296021,20.6378932758787,7.396941,0,0,0,40,4449,299.9001,-18234.58984375,,,,,,,,,,,,,0,,,,11.5779829,,,,,,299.99121095,,,,
,16777556.685,299.9915924,-18119.765625,-11.5914814593988,0.000977433659440451,1,0.999253354069792,40.0298881530762,2.00025206415693,19.2200001329184,-63.3551604480475,-11.5192986997793,250,0.040404485818272,-11.589301715134,-0.00818822172572604,299.9911499,299.9920349,-18174.74609375,-18064.78515625,56.4914195988906,20.6376354638234,7.396941,0,0,0,40,4449,299.9053,-18119.765625,,,,,,,,,,,,,0,,,,11.69422485,,,,,,299.9915924,,,,
,16777557.7,299.99171445,-18014.9482421875,-11.5887705617941,0.000561424795552116,1,0.999253354069792,40.0298881530762,2.00030119556059,19.2200001329184,-63.3415783813461,-11.5183978049038,250,0.0401173165666802,-11.5865901030661,-0.00846405649440632,299.991394,299.9920349,-18064.78515625,-17965.111328125,56.5093970548329,20.6385722301636,9.256284,0,0,0,40,4449,299.9091,-18014.9482421875,,,,,,,,,,,,,0,,,,11.69422485,,,,,,299.99171445,,,,
,16777558.735,299.99157715,-17915.1123046875,-11.5848785875743,0.0011434727139187,1,0.999253354069792,40.0298881530762,2.00029050215034,19.2200001329184,-63.3196859976667,-11.5160317773073,250,0.0398186704174525,-11.582697644877,-0.00874717977608142,299.991394,299.9917603,-17965.111328125,-17865.11328125,56.4570279440444,20.6396964842198,7.396941,0,0,0,40,4449,299.9087,-17915.1123046875,,,,,,,,,,,,,0,,,,11.5779829,,,,,,299.99157715,,,,
,16777559.83,299.9918671,-17810.1572265625,-11.5783230917101,0.000783739560223709,1,0.999253354069792,40.0298881530762,2.00033196559228,19.2200001329184,-63.285664110525,-11.5068837197467,250,0.0403212349036989,-11.5761453852151,-0.00821804248987159,299.9917603,299.9919739,-17865.11328125,-17755.201171875,56.3593243791406,20.6383935202374,8.884414,0,0,0,40,4449,299.90875,-17810.1572265625,,,,,,,,,,,,,0,,,,11.46289585,,,,,,299.9918671,,,,
,16777560.955,299.99180605,-17695.34765625,-11.5743981053524,0.000397891422012896,1,0.999253354069792,40.0298881530762,2.00029869550625,19.2200001329184,-63.2627191608874,-11.5053068990822,250,0.0398489039382784,-11.5722191522186,-0.00867477045898441,299.9916382,299.9919739,-17755.201171875,-17635.494140625,56.6063189912175,20.6383821011872,7.396941,0,0,0,40,4449,299.90845,-17695.34765625,,,,,,,,,,,,,0,,,,11.52072665,,,,,,299.99180605,,,,
,16777562.145,299.99188235,-17575.5439453125,-11.5711140799962,0.00104863914042713,1,0.999253354069792,40.0298881530762,2.00031047289291,19.2200001329184,-63.2460972721079,-11.496901938152,250,0.0407916347639241,-11.5689396295553,-0.00771934173788488,299.9916382,299.9921265,-17635.494140625,-17515.59375,56.5617661656214,20.6381346358202,7.396941,0,0,0,40,4449,299.9087,-17575.5439453125,,,,,,,,,,,,,0,,,,11.5779829,,,,,,299.99188235,,,,
,16777563.305,299.9925995,-17460.64453125,-11.5679945085339,0.00111962314336234,1,0.999253354069792,40.0298881530762,2.00029940900412,19.2200001329184,-63.2281870948021,-11.4965224289473,250,0.0402723613999538,-11.565818103699,-0.00822654770730633,299.9921265,299.9930725,-17515.59375,-17405.6953125,56.4984542555637,20.6382813607309,8.512546,0,0,0,40,4449,299.9075,-17460.64453125,,,,,,,,,,,,,0,,,,11.5201521,,,,,,299.9925995,,,,
,16777564.38,299.99224855,-17350.8505859375,-11.5640823508471,0.00111659106175575,1,0.999253354069792,40.0298881530762,2.00028246267178,19.2200001329184,-63.2059695194411,-11.4942264912312,250,0.0399511918378737,-11.5619054222857,-0.00853253714970668,299.9914246,299.9930725,-17405.6953125,-17296.005859375,56.5351907959675,20.6376997665768,8.884414,0,0,0,40,4449,299.9052,-17350.8505859375,,,,,,,,,,,,,0,,,,11.3500862,,,,,,299.99224855,,,,
,16777565.49,299.9919434,-17241.0556640625,-11.5606191745341,0.000853602529486247,1,0.999253354069792,40.0298881530762,2.00027122370385,19.2200001329184,-63.1876442773555,-11.4856015961042,250,0.0408775406362153,-11.5584468672428,-0.00759286439830382,299.9914246,299.9924622,-17296.005859375,-17186.10546875,56.6188250475252,20.6385307038906,8.512546,0,0,0,40,4449,299.90435,-17241.0556640625,,,,,,,,,,,,,0,,,,11.3500862,,,,,,299.9919434,,,,
,16777566.485,299.9924622,-17141.1982421875,-11.5570273202349,0.000877371858014937,1,0.999253354069792,40.0298881530762,2.00028346670615,19.2200001329184,-63.1675338637064,-11.4867039690355,250,0.0400229619130329,-11.5548518660414,-0.00843297831586485,299.9924622,299.9924622,-17186.10546875,-17096.291015625,56.5492601093137,20.6376889350311,7.396941,0,0,0,40,4449,299.90435,-17141.1982421875,,,,,,,,,,,,,0,,,,11.5201521,,,,,,299.9924622,,,,
,16777567.485,299.992569,-17041.353515625,-11.5533773163069,0.000949220354888086,1,0.999253354069792,40.0298881530762,2.00027344376357,19.2200001329184,-63.1475666695629,-11.4814468807871,250,0.0402989332564893,-11.5512036563332,-0.00814237354111883,299.9924622,299.9926758,-17096.291015625,-16986.416015625,56.5093970548329,20.6378663901232,8.884414,0,0,0,40,4449,299.90515,-17041.353515625,,,,,,,,,,,,,0,,,,11.46289585,,,,,,299.992569,,,,
,16777568.645,299.9923401,-16926.447265625,-11.5502773556405,0.000759415540823576,1,0.999253354069792,40.0298881530762,2.00030914856294,19.2200001329184,-63.1317207810036,-11.4785705319565,250,0.0402881978555818,-11.5481042909042,-0.00814102805682901,299.9920044,299.9926758,-16986.416015625,-16866.478515625,56.5211214826214,20.6375979666372,8.884414,0,0,0,40,4449,299.90495,-16926.447265625,,,,,,,,,,,,,0,,,,11.29282995,,,,,,299.9923401,,,,
,16777569.66,299.99227905,-16821.5517578125,-11.5466818998058,0.000869424708733276,1,0.999253354069792,40.0298881530762,2.00024575825738,19.2200001329184,-63.1111691117117,-11.4689782644332,250,0.0413138715729185,-11.5445137829401,-0.00710163363690226,299.9920044,299.9925537,-16866.478515625,-16776.625,56.5531682519098,20.6369427142775,8.512546,0,0,0,40,4449,299.90315,-16821.5517578125,,,,,,,,,,,,,0,,,,11.1800203,,,,,,299.99227905,,,,
,16777570.63,299.9927826,-16726.748046875,-11.5432291433381,0.000806124047373218,1,0.999253354069792,40.0298881530762,2.00026906182233,19.2200001329184,-63.0919898347692,-11.4711917784289,250,0.0402930851380261,-11.541057149198,-0.00810863225280642,299.9925537,299.9930115,-16776.625,-16676.87109375,56.5070521692752,20.6379884636023,7.396941,0,0,0,40,4449,299.90225,-16726.748046875,,,,,,,,,,,,,0,,,,11.407917,,,,,,299.9927826,,,,
,16777571.765,299.9924164,-16616.7646484375,-11.5393361245828,0.00100436290527084,1,0.999253354069792,40.0298881530762,2.00028228398412,19.2200001329184,-63.0710719574973,-11.4676482386895,250,0.0402343132377987,-11.5371647536517,-0.00815187975017773,299.9918213,299.9930115,-16676.87109375,-16556.658203125,56.445303516256,20.6384515166312,9.256284,0,0,0,40,4449,299.9024,-16616.7646484375,,,,,,,,,,,,,0,,,,11.5779829,,,,,,299.9924164,,,,
,16777572.79,299.99191285,-16511.5244140625,-11.536335714802,0.00143974167993267,1,0.999253354069792,40.0298881530762,2.00031878691947,19.2200001329184,-63.0565256492367,-11.4609293336373,250,0.0409462072898412,-11.5341680735692,-0.00742837945065034,299.9918213,299.9920044,-16556.658203125,-16466.390625,56.4054404617752,20.6379628476532,8.512546,0,0,0,40,4449,299.90225,-16511.5244140625,,,,,,,,,,,,,0,,,,11.63639405,,,,,,299.99191285,,,,
,16777573.8,299.99157715,-16411.4809570313,-11.5327890199908,0.000948519822374319,1,0.999253354069792,40.0298881530762,2.00032310951142,19.2200001329184,-63.0371504216458,-11.4580905453688,250,0.0408135309914899,-11.5306216062834,-0.00754699467393923,299.9911499,299.9920044,-16466.390625,-16356.5712890625,56.6250780756791,20.6380493930414,9.256284,0,0,0,40,4449,299.90185,-16411.4809570313,,,,,,,,,,,,,0,,,,11.46632815,,,,,,299.99157715,,,,
,16777574.88,299.99172975,-16306.5268554687,-11.5249531385859,0.000267247300231197,1,0.999253354069792,40.0298881530762,2.0002289794891,19.2200001329184,-62.9920570234542,-11.4463985012951,250,0.0414057714420188,-11.5227896505454,-0.00692289266193159,299.9911499,299.9923096,-16356.5712890625,-16256.482421875,56.5492601093137,20.6367807307605,7.768809,0,0,0,40,4449,299.90145,-16306.5268554687,,,,,,,,,,,,,0,,,,11.407917,,,,,,299.99172975,,,,
,16777575.94,299.99229435,-16196.6284179687,-11.5222235537425,0.000594903182363238,1,0.999253354069792,40.0298881530762,2.00021717800122,19.2200001329184,-62.9762168158158,-11.4466266283434,250,0.0408464804814776,-11.5200579674656,-0.00747134251870008,299.9922791,299.9923096,-16256.482421875,-16136.7744140625,56.5586396515444,20.6380921036912,9.256284,0,0,0,40,4449,299.90205,-16196.6284179687,,,,,,,,,,,,,0,,,,11.5779829,,,,,,299.99229435,,,,
,16777577.15,299.9908295,-16071.84765625,-11.5182267743031,0.000759750057567898,1,0.999253354069792,40.0298881530762,2.00027355532282,19.2200001329184,-62.9570205086595,-11.4380305322342,250,0.0417377060051628,-11.5160662718862,-0.00656445399795351,299.9893799,299.9922791,-16136.7744140625,-16006.9208984375,56.4937644844483,20.6378651866029,8.512546,0,0,0,40,4449,299.9022,-16071.84765625,,,,,,,,,,,,,0,,,,11.5201521,,,,,,299.9908295,,,,
,16777578.39,299.98898315,-15947.009765625,-11.5149498878229,0.000972095186748016,1,0.999253354069792,40.0298881530762,2.00031033516375,19.2200001329184,-62.9395651216891,-11.4386282178467,250,0.041059592988134,-11.5127878712424,-0.0072299644168445,299.9885864,299.9893799,-16006.9208984375,-15887.0986328125,56.496109370006,20.6373297564781,8.884414,0,0,0,40,4449,299.90045,-15947.009765625,,,,,,,,,,,,,0,,,,11.5201521,,,,,,299.98898315,,,,
,16777579.395,299.9885864,-15847.1196289062,-11.511283923268,0.000617713680578415,1,0.999253354069792,40.0298881530762,2.000277309959,19.2200001329184,-62.9188748083639,-11.4328641920532,250,0.0414020612462185,-11.5091241927575,-0.00687285079973715,299.9885864,299.9885864,-15887.0986328125,-15807.140625,56.4234179177175,20.6371916201121,8.512546,0,0,0,40,4449,299.90095,-15847.1196289062,,,,,,,,,,,,,0,,,,11.46289585,,,,,,299.9885864,,,,
,16777581.25,299.9898376,-15667.5712890625,-11.5048996051933,0.000508341994576241,1,0.999253354069792,40.0298881530762,2.00018929861873,19.2200001329184,-62.8818900549009,-11.422734890488,250,0.0419843009439389,-11.5027429455736,-0.00626539263670373,299.9898376,299.9898376,-15677.521484375,-15657.62109375,56.526592882256,20.6363494907435,7.396941,0,0,0,40,4449,299.9005,-15667.5712890625,,,,,,,,,,,,,0,,,,11.29452085,,,,,,299.9898376,,,,
,16777581.935,299.9901123,-15597.6430664062,-11.5002976265145,0.000991688615452422,1,0.999253354069792,40.0298881530762,2.00028404946578,19.2200001329184,-62.8591730384748,-11.4212034483652,250,0.0415085581655992,-11.4981397246229,-0.00672242775015576,299.9898376,299.990387,-15657.62109375,-15537.6650390625,56.5461335952368,20.6364931577639,7.396941,0,0,0,40,4449,299.89965,-15597.6430664062,,,,,,,,,,,,,0,,,,11.5779829,,,,,,299.9901123,,,,
,16777583.07,299.98924255,-15482.7119140625,-11.4972154869548,0.000654123806822859,1,0.999253354069792,40.0298881530762,2.00026565131011,19.2200001329184,-62.8425375220885,-11.4138722592376,250,0.0422614100465095,-11.4950616533987,-0.00595768347667911,299.9880981,299.990387,-15537.6650390625,-15427.7587890625,56.4836033136983,20.6353069256539,7.396941,0,0,0,40,4449,299.89955,-15482.7119140625,,,,,,,,,,,,,0,,,,11.5779829,,,,,,299.98924255,,,,
,16777584.1,299.98808285,-15377.8588867188,-11.4932647984746,0.000717441648030588,1,0.999253354069792,40.0298881530762,2.00025750493273,19.2200001329184,-62.8195155449707,-11.4162743457833,250,0.0410814102338293,-11.4911072582258,-0.00712142351550686,299.9880676,299.9880981,-15427.7587890625,-15327.958984375,56.4687523718329,20.6350554654875,7.396941,0,0,0,40,4449,299.9008,-15377.8588867188,,,,,,,,,,,,,0,,,,11.3500862,,,,,,299.98808285,,,,
,16777585.14,299.9884033,-15272.990234375,-11.489528698431,0.000883054810848092,1,0.999253354069792,40.0298881530762,2.00027509481287,19.2200001329184,-62.7999270577522,-11.4110702894315,250,0.0413599186186611,-11.4873728861386,-0.00682796319903439,299.9880676,299.988739,-15327.958984375,-15218.021484375,56.4570279440444,20.6352597921672,8.512546,0,0,0,40,4449,299.90145,-15272.990234375,,,,,,,,,,,,,0,,,,11.12445495,,,,,,299.9884033,,,,
,16777586.12,299.9888153,-15178.1181640625,-11.4859137607631,0.000532335953289335,1,0.999253354069792,40.0298881530762,2.00033399675403,19.2200001329184,-62.7828831335799,-11.4028774243514,250,0.0422501925091779,-11.4837621670497,-0.00592349309688568,299.988739,299.9888916,-15218.021484375,-15138.21484375,56.3397836661598,20.6358741044898,8.884414,0,0,0,40,4449,299.90105,-15178.1181640625,,,,,,,,,,,,,0,,,,11.29452085,,,,,,299.9888153,,,,
,16777587.095,299.98890685,-15083.2685546875,-11.4824129808581,0.000464940817198961,1,0.999253354069792,40.0298881530762,2.0003045340164,19.2200001329184,-62.7621038537038,-11.4032406159996,250,0.0415051966449736,-11.4802588762082,-0.00665427707136038,299.9888916,299.9889221,-15138.21484375,-15028.322265625,56.7040225561214,20.6353965042476,8.512546,0,0,0,40,4449,299.9015,-15083.2685546875,,,,,,,,,,,,,0,,,,11.5779829,,,,,,299.98890685,,,,
,16777588.275,299.9882202,-14963.4838867188,-11.4783861749481,0.000636148167401329,1,0.999253354069792,40.0298881530762,2.00012865375253,19.2200001329184,-62.7345829012237,-11.3989911363613,250,0.0413585748982686,-11.476232476711,-0.00678490005235218,299.9875183,299.9889221,-15028.322265625,-14898.6455078125,56.5109603118714,20.6346045191323,8.512546,0,0,0,40,4449,299.90135,-14963.4838867188,,,,,,,,,,,,,0,,,,11.5779829,,,,,,299.9882202,,,,
,16777589.32,299.9883728,-14858.7211914062,-11.4752015980985,0.0006939676716343,1,0.999253354069792,40.0298881530762,2.00017899886746,19.2200001329184,-62.7193548524022,-11.3926613257715,250,0.0419790047221462,-11.4730510022867,-0.00615210252096686,299.9875183,299.9892273,-14898.6455078125,-14818.796875,56.4367056025444,20.6342676173108,8.512546,0,0,0,40,4449,299.9009,-14858.7211914062,,,,,,,,,,,,,0,,,,11.46289585,,,,,,299.9883728,,,,
,16777590.24,299.98908995,-14768.8793945313,-11.4711450508402,0.000683543236026071,1,0.999253354069792,40.0298881530762,2.00024898692284,19.2200001329184,-62.6992221467289,-11.3895480258717,250,0.0418684366206511,-11.4689944573791,-0.0062462057830233,299.9889526,299.9892273,-14818.796875,-14718.9619140625,56.5242479966983,20.6337389314536,8.512546,0,0,0,40,4449,299.9014,-14768.8793945313,,,,,,,,,,,,,0,,,,11.29282995,,,,,,299.98908995,,,,
,16777591.385,299.9884338,-14654.0903320313,-11.4684419195883,0.000871429647257123,1,0.999253354069792,40.0298881530762,2.00020955683288,19.2200001329184,-62.6833376308931,-11.3861406573086,250,0.04195175795092,-11.4662924307809,-0.00615231792162475,299.987915,299.9889526,-14718.9619140625,-14589.21875,56.5656743082175,20.6350417725472,8.512546,0,0,0,40,4449,299.9019,-14654.0903320313,,,,,,,,,,,,,0,,,,11.12445495,,,,,,299.9884338,,,,
,16777592.455,299.987915,-14544.2084960938,-11.4644382148383,0.00087236468596349,1,0.999253354069792,40.0298881530762,2.00023315184145,19.2200001329184,-62.6618816669869,-11.3838833383617,250,0.0416472727590753,-11.4622884204507,-0.00644058993921131,299.987915,299.987915,-14589.21875,-14499.1982421875,56.6641595016406,20.6349277368065,7.396941,0,0,0,40,4449,299.9028,-14544.2084960938,,,,,,,,,,,,,0,,,,11.29452085,,,,,,299.987915,,,,
,16777593.53,299.98742675,-14439.3022460938,-11.4609520321818,0.00103665301255736,1,0.999253354069792,40.0298881530762,2.00026017143493,19.2200001329184,-62.6439136455424,-11.37916360864,250,0.0418932143066215,-11.4588041049151,-0.00618090649619592,299.9869385,299.987915,-14499.1982421875,-14379.40625,56.4359239740252,20.6339211393466,9.256284,0,0,0,40,4449,299.9025,-14439.3022460938,,,,,,,,,,,,,0,,,,11.29452085,,,,,,299.98742675,,,,
,16777594.68,299.98739625,-14324.4760742187,-11.4536624751775,0.00034638973385605,1,0.999253354069792,40.0298881530762,2.00027556249604,19.2200001329184,-62.6045833866044,-11.3717728072847,250,0.0419110929313461,-11.4515160331533,-0.00613332180072433,299.9869385,299.987854,-14379.40625,-14269.5458984375,56.4992358840829,20.6345396009186,8.512546,0,0,0,40,4449,299.9024,-14324.4760742187,,,,,,,,,,,,,0,,,,11.29452085,,,,,,299.98739625,,,,
,16777595.845,299.98780825,-14204.6303710938,-11.4496836582568,0.000550923386161769,1,0.999253354069792,40.0298881530762,2.00028586828245,19.2300006747246,-62.5834003195377,-11.3665220161723,250,0.0421455669103766,-11.4475387813681,-0.00588275476438486,299.9877625,299.987854,-14269.5458984375,-14139.71484375,56.4617177151598,20.6334049902738,7.768809,0,0,0,40,4449,299.90415,-14204.6303710938,,,,,,,,,,,,,0,,,,11.5201521,,,,,,299.98780825,,,,
,16777597.095,299.98809815,-14079.8471679688,-11.4462686539296,0.000842497668836652,1,0.999253354069792,40.0298881530762,2.00024892131007,19.2200001329184,-62.5638619464859,-11.3615499571163,250,0.042385900919607,-11.4441252814298,-0.00562893607764904,299.9877625,299.9884338,-14139.71484375,-14019.9794921875,56.5586396515444,20.634266881185,7.396941,0,0,0,40,4449,299.9048,-14079.8471679688,,,,,,,,,,,,,0,,,,11.5201521,,,,,,299.98809815,,,,
,16777599.135,299.9878845,-13880.2172851562,-11.4424178033139,0.000735213185100411,1,0.999253354069792,40.0298881530762,2.00023756243814,19.2300006747246,-62.5418945848615,-11.3607534253951,250,0.0418075295287481,-11.440272748042,-0.00619240993547402,299.9878845,299.9878845,-13890.125,-13870.3095703125,56.4226362891983,20.6336450555685,7.768809,0,0,0,40,4449,299.90525,-13880.2172851562,,,,,,,,,,,,,0,,,,11.6358137,,,,,,299.9878845,,,,
,16777599.71,299.98794555,-13820.3383789062,-11.4383548078479,0.00084704325415515,1,0.999253354069792,40.0298881530762,2.0002285001033,19.2200001329184,-62.5196828961164,-11.3552013052844,250,0.0420617350554775,-11.4362115886237,-0.00592151821908254,299.9878845,299.9880066,-13870.3095703125,-13770.3671875,56.5734905934098,20.6339343622624,8.512546,0,0,0,40,4449,299.90595,-13820.3383789062,,,,,,,,,,,,,0,,,,11.35235165,,,,,,299.98794555,,,,
,16777600.685,299.98701475,-13725.4326171875,-11.4349001944616,0.00106941539513696,1,0.999253354069792,40.0298881530762,2.00024183814814,19.2200001329184,-62.5009997925347,-11.3529735006784,250,0.0418430232789919,-11.4327571111542,-0.00612612116042212,299.9860229,299.9880066,-13770.3671875,-13680.498046875,56.6743206723906,20.6327396629079,8.884414,0,0,0,40,4449,299.90735,-13725.4326171875,,,,,,,,,,,,,0,,,,11.29452085,,,,,,299.98701475,,,,
,16777601.71,299.9868164,-13625.5551757813,-11.4312138223822,0.000802473808691392,1,0.999253354069792,40.0298881530762,2.00021793721375,19.2200001329184,-62.4803598866391,-11.3479054223723,250,0.0420636103662746,-11.429072451488,-0.0058905863792187,299.9860229,299.9876099,-13680.498046875,-13570.6123046875,56.6039741056598,20.632878862878,8.512546,0,0,0,40,4449,299.9087,-13625.5551757813,,,,,,,,,,,,,0,,,,11.46289585,,,,,,299.9868164,,,,
,16777602.82,299.9876404,-13515.6577148438,-11.4233970188855,0.000721849201406655,1,0.999253354069792,40.0298881530762,2.00022682355978,19.2200001329184,-62.4379210384432,-11.3400983055595,250,0.0420530364724022,-11.4212567840745,-0.00586898785380362,299.9876099,299.9876709,-13570.6123046875,-13460.703125,56.5680191937752,20.6331478934648,9.256284,0,0,0,40,4449,299.90965,-13515.6577148438,,,,,,,,,,,,,0,,,,11.52072665,,,,,,299.9876404,,,,
,16777603.945,299.98791505,-13400.8081054687,-11.4199485231808,0.000832973041989521,1,0.999253354069792,40.0298881530762,2.0002132433814,19.2300006747246,-62.418374586554,-11.3381290052608,250,0.0417612093569365,-11.417807568785,-0.00614714001210075,299.9876709,299.9881592,-13460.703125,-13340.9130859375,56.4664074862752,20.6327543479088,8.884414,0,0,0,40,4449,299.90955,-13400.8081054687,,,,,,,,,,,,,0,,,,11.5779829,,,,,,299.98791505,,,,
,16777605.07,299.98773195,-13285.59375,-11.416385185891,0.000566456131726084,1,0.999253354069792,40.0298881530762,2.00028017067637,19.2200001329184,-62.4009499149625,-11.3348721370048,250,0.0417652830224833,-11.4142449680645,-0.00612897997010273,299.9873047,299.9881592,-13340.9130859375,-13230.2744140625,56.6360208749483,20.6334463746754,8.884414,0,0,0,40,4449,299.9094,-13285.59375,,,,,,,,,,,,,0,,,,11.46289585,,,,,,299.98773195,,,,
,16777606.21,299.98724365,-13170.2109375,-11.4126432384541,0.000527375226136579,1,0.999253354069792,40.0298881530762,2.0002951983429,19.2200001329184,-62.3809976628494,-11.331006281782,250,0.041795149488843,-11.4105040388523,-0.00608418807764175,299.9871826,299.9873047,-13230.2744140625,-13110.1474609375,56.5101786833521,20.6342019271381,7.396941,0,0,0,40,4449,299.90975,-13170.2109375,,,,,,,,,,,,,0,,,,11.5791378,,,,,,299.98724365,,,,
,16777607.22,299.9868164,-13070.1586914062,-11.4089032478263,0.000660554729172797,1,0.999253354069792,40.0298881530762,2.00024701440244,19.2200001329184,-62.3596878391389,-11.3238111460352,250,0.042370898348355,-11.4067673404654,-0.00549352078158334,299.9864502,299.9871826,-13110.1474609375,-13030.169921875,56.6289862182752,20.6348000989983,8.884414,0,0,0,40,4449,299.9101,-13070.1586914062,,,,,,,,,,,,,0,,,,11.63639405,,,,,,299.9868164,,,,
,16777608.205,299.98727415,-12970.2060546875,-11.4049650649842,0.00082529822107623,1,0.999253354069792,40.0298881530762,2.00029499615847,19.2200001329184,-62.339585523676,-11.3203439488984,250,0.0423245596496754,-11.4028295016503,-0.00552405662674502,299.9864502,299.9880981,-13030.169921875,-12910.2421875,56.3663590358137,20.6330237727134,8.512546,0,0,0,40,4449,299.91005,-12970.2060546875,,,,,,,,,,,,,0,,,,11.5201521,,,,,,299.98727415,,,,
,16777609.35,299.9868774,-12855.3173828125,-11.4015833882828,0.000633406922073743,1,0.999253354069792,40.0298881530762,2.00028583661198,19.2200001329184,-62.320617421858,-11.3180492236122,250,0.0421090891667545,-11.3994477075264,-0.00572600704600121,299.9856567,299.9880981,-12910.2421875,-12800.392578125,56.5883415352752,20.6333250615317,8.140677,0,0,0,40,4449,299.91065,-12855.3173828125,,,,,,,,,,,,,0,,,,11.46289585,,,,,,299.9868774,,,,
,16777610.35,299.9859161,-12755.3837890625,-11.3973640201393,0.000859339921275049,1,0.999253354069792,40.0298881530762,2.00031167946454,19.2300006747246,-62.2987525395332,-11.3117839609528,250,0.0425004526623396,-11.39523118546,-0.00531761476529079,299.9856567,299.9861755,-12800.392578125,-12710.375,56.4578095725637,20.632044800548,7.768809,0,0,0,40,4449,299.9113,-12755.3837890625,,,,,,,,,,,,,0,,,,11.5791378,,,,,,299.9859161,,,,
,16777611.42,299.98590085,-12650.5537109375,-11.3935113014232,0.000846219727558073,1,0.999253354069792,40.0298881530762,2.0003136858129,19.2200001329184,-62.2776185587647,-11.3087012781584,250,0.0423530486482598,-11.3913785777461,-0.00544945189847585,299.9856262,299.9861755,-12710.375,-12590.732421875,56.6649411301598,20.6325850433597,8.512546,0,0,0,40,4449,299.91195,-12650.5537109375,,,,,,,,,,,,,0,,,,11.63639405,,,,,,299.98590085,,,,
,16777612.655,299.98597715,-12530.73828125,-11.3854955943656,0.000549394289418852,1,0.999253354069792,40.0298881530762,2.00032758064616,19.2200001329184,-62.2343611165993,-11.3000875981806,250,0.0424584871912609,-11.3833648268648,-0.00531126170691174,299.9856262,299.9863281,-12590.732421875,-12470.744140625,56.5719273363714,20.631946284242,7.396941,0,0,0,40,4449,299.91195,-12530.73828125,,,,,,,,,,,,,0,,,,11.5201521,,,,,,299.98597715,,,,
,16777613.885,299.98623655,-12405.9399414062,-11.3816393127482,0.000800900927108471,1,0.999253354069792,40.0298881530762,2.00027500155473,19.2200001329184,-62.2116189936215,-11.296339527283,250,0.0423771966792639,-11.3795088194036,-0.00537698016869063,299.986145,299.9863281,-12470.744140625,-12341.1357421875,56.6719757868329,20.6325589476127,8.512546,0,0,0,40,4449,299.91335,-12405.9399414062,,,,,,,,,,,,,0,,,,11.63639405,,,,,,299.98623655,,,,
,16777615,299.98532105,-12296.19921875,-11.3775759380732,0.000891210592346121,1,0.999253354069792,40.0298881530762,2.00029171365507,19.2200001329184,-62.1900504427361,-11.2916793436215,250,0.0424943696521201,-11.3754470911321,-0.00524335474126425,299.9844971,299.986145,-12341.1357421875,-12251.2626953125,56.5562947659868,20.6330938375513,8.512546,0,0,0,40,4449,299.91445,-12296.19921875,,,,,,,,,,,,,0,,,,11.69422485,,,,,,299.98532105,,,,
,16777616.005,299.9853516,-12196.3383789062,-11.3742063507838,0.000690416781531691,1,0.999253354069792,40.0298881530762,2.00028316639702,19.2200001329184,-62.17101405734,-11.2902236996189,250,0.0421278972473796,-11.3720765930575,-0.0055960871902068,299.9844971,299.9862061,-12251.2626953125,-12141.4140625,56.5492601093137,20.6330637933543,8.512546,0,0,0,40,4449,299.9157,-12196.3383789062,,,,,,,,,,,,,0,,,,11.5779829,,,,,,299.9853516,,,,
,16777617,299.9867249,-12096.4462890625,-11.3702281457682,0.000261033446213719,1,0.999253354069792,40.0298881530762,2.00026248770288,19.2300006747246,-62.1489851396426,-11.2842973113862,250,0.0424548376429146,-11.3680999381275,-0.00525308687889742,299.9862061,299.9872437,-12141.4140625,-12051.478515625,56.5539498804291,20.6313840424453,8.512546,0,0,0,40,4449,299.91645,-12096.4462890625,,,,,,,,,,,,,0,,,,11.5779829,,,,,,299.9867249,,,,
,16777618.025,299.98640445,-11996.505859375,-11.3663996949402,0.000534983316245446,1,0.999253354069792,40.0298881530762,2.00032662567045,19.2200001329184,-62.1306523756016,-11.2773370260769,250,0.0430851190173306,-11.3642749133763,-0.00460825296430654,299.9855652,299.9872437,-12051.478515625,-11941.533203125,56.5516049948714,20.6312049851825,8.884414,0,0,0,40,4449,299.91285,-11996.505859375,,,,,,,,,,,,,0,,,,11.52072665,,,,,,299.98640445,,,,
,16777619.19,299.98591615,-11876.638671875,-11.3632580873503,0.000415067076837466,1,0.999253354069792,40.0298881530762,2.00034225193902,19.2200001329184,-62.1136134934253,-11.2761386835378,250,0.0427388673392258,-11.3611325856517,-0.00494242533775015,299.9855652,299.9862671,-11941.533203125,-11811.744140625,56.4327974599483,20.6318026569528,7.396941,0,0,0,40,4449,299.9111,-11876.638671875,,,,,,,,,,,,,0,,,,11.46289585,,,,,,299.98591615,,,,
,16777620.19,299.98651125,-11771.7241210938,-11.3592009507007,0.000921748413352206,1,0.999253354069792,40.0298881530762,2.00031709698929,19.2200001329184,-62.090296877881,-11.2740068102297,250,0.0423519440272329,-11.3570743571673,-0.00531270176832897,299.9862671,299.9867554,-11811.744140625,-11731.7041015625,56.4882930848137,20.6315266566433,9.628152,0,0,0,40,4449,299.9126,-11771.7241210938,,,,,,,,,,,,,0,,,,11.46289585,,,,,,299.98651125,,,,
,16777621.135,299.98651125,-11676.6958007813,-11.3553087463251,0.000657980846282039,1,0.999253354069792,40.0298881530762,2.00033677221606,19.2200001329184,-62.0701325025948,-11.2674693341791,250,0.0428474566237195,-11.3531849618231,-0.00480159648618693,299.9862671,299.9867554,-11731.7041015625,-11621.6875,56.5516049948714,20.6318799949342,9.256284,0,0,0,40,4449,299.91275,-11676.6958007813,,,,,,,,,,,,,0,,,,11.4056396,,,,,,299.98651125,,,,
,16777622.3,299.98628235,-11561.8798828125,-11.3515142285793,0.000782556145128518,1,0.999253354069792,40.0298881530762,2.00032483642931,19.2200001329184,-62.0495767552787,-11.2606916145853,250,0.0433733828241871,-11.34939344926,-0.00426057368518987,299.9862671,299.9862976,-11621.6875,-11502.072265625,56.5945945634291,20.6308265914171,8.884414,0,0,0,40,4449,299.9132,-11561.8798828125,,,,,,,,,,,,,0,,,,11.2372646,,,,,,299.98628235,,,,
,16777623.315,299.98664855,-11462.0693359375,-11.3478422650559,0.000733834012684147,1,0.999253354069792,40.0298881530762,2.00033284037,19.2300006747246,-62.0288726985603,-11.261802459764,250,0.0424974862153582,-11.3457183702091,-0.00512123397981468,299.9862976,299.9869995,-11502.072265625,-11422.06640625,56.482821685179,20.631028510247,9.256284,0,0,0,40,4449,299.91505,-11462.0693359375,,,,,,,,,,,,,0,,,,11.35235165,,,,,,299.98664855,,,,
,16777624.305,299.98649595,-11362.1166992187,-11.3436398694579,0.000449589493839598,1,0.999253354069792,40.0298881530762,2.0003283079026,19.2200001329184,-62.006038430871,-11.2561322553356,250,0.0427523004319967,-11.3415179083914,-0.00484939361988885,299.9859924,299.9869995,-11422.06640625,-11302.1669921875,56.5398805670829,20.630460789826,8.512546,0,0,0,40,4449,299.9158,-11362.1166992187,,,,,,,,,,,,,0,,,,11.5779829,,,,,,299.98649595,,,,
,16777625.365,299.98635865,-11257.1684570312,-11.3398137993187,0.00048385409753754,1,0.999253354069792,40.0298881530762,2.00031901726171,19.2200001329184,-61.9855179385525,-11.2486485863242,250,0.0434046975780441,-11.3376953026127,-0.00418221676644311,299.9859924,299.9867249,-11302.1669921875,-11212.169921875,56.6461820456983,20.631566148858,9.256284,0,0,0,40,4449,299.9136,-11257.1684570312,,,,,,,,,,,,,0,,,,11.5779829,,,,,,299.98635865,,,,
,16777626.405,299.98733525,-11157.2319335938,-11.3359546171761,0.000295516355539878,1,0.999253354069792,40.0298881530762,2.00033506851176,19.2300006747246,-61.9648539900214,-11.245182849255,250,0.0433403957745958,-11.3338361505286,-0.00423111733288305,299.9867249,299.9879456,-11212.169921875,-11102.2939453125,56.4734421429483,20.6318472890447,9.256284,0,0,0,40,4449,299.913,-11157.2319335938,,,,,,,,,,,,,0,,,,11.35235165,,,,,,299.98733525,,,,
,16777627.51,299.98733525,-11047.2475585938,-11.3321701422794,0.000282391277554356,1,0.999253354069792,40.0298881530762,2.00037321615814,19.2300006747246,-61.9449656699,-11.2435403670594,250,0.0429779485819307,-11.330050889655,-0.00457796789381085,299.9867249,299.9879456,-11102.2939453125,-10992.201171875,56.5328459104098,20.6305146680969,9.256284,0,0,0,40,4449,299.91515,-11047.2475585938,,,,,,,,,,,,,0,,,,11.0688896,,,,,,299.98733525,,,,
,16777628.455,299.9868927,-10952.2338867187,-11.3277257115855,0.00103252857042225,1,0.999253354069792,40.0298881530762,2.00027539706555,19.2200001329184,-61.9182936913796,-11.2355038239983,250,0.0435274684074515,-11.3256098112565,-0.00401034098790149,299.9867249,299.9870605,-10992.201171875,-10912.2666015625,56.5906864208329,20.6299240275018,8.512546,0,0,0,40,4449,299.91635,-10952.2338867187,,,,,,,,,,,,,0,,,,11.35235165,,,,,,299.9868927,,,,
,16777629.415,299.9870605,-10857.2583007813,-11.3241376094722,0.000784939821036515,1,0.999253354069792,40.0298881530762,2.00038755720764,19.2200001329184,-61.9010962088695,-11.2377739579903,250,0.042559500070401,-11.3220182535635,-0.0049636167817941,299.9870605,299.9870605,-10912.2666015625,-10802.25,56.6110087623329,20.6322936843523,9.256284,0,0,0,40,4449,299.91685,-10857.2583007813,,,,,,,,,,,,,0,,,,11.5779829,,,,,,299.9870605,,,,
,16777630.555,299.9875946,-10742.3857421875,-11.3200328865414,0.000721439239493398,1,0.999253354069792,40.0298881530762,2.0003489894977,19.2200001329184,-61.8772913450474,-11.234583325547,250,0.0423442615269458,-11.3179131911709,-0.00516208574096348,299.9870605,299.9881287,-10802.25,-10682.521484375,56.6594697305252,20.6320729561742,8.512546,0,0,0,40,4449,299.9184,-10742.3857421875,,,,,,,,,,,,,0,,,,11.46289585,,,,,,299.9875946,,,,
,16777631.49,299.9881287,-10647.544921875,-11.3158760276752,0.000711226832347041,1,0.999253354069792,40.0298881530762,2.00029655387423,19.2200001329184,-61.8530021566697,-11.2300909220445,250,0.0423437025414373,-11.3137569138273,-0.00514559851207279,299.9881287,299.9881287,-10682.521484375,-10612.568359375,56.5953761919483,20.635409609545,8.512546,0,0,0,40,4449,299.91975,-10647.544921875,,,,,,,,,,,,,0,,,,11.4056396,,,,,,299.9881287,,,,
,16777632.41,299.98780825,-10552.5805664062,-11.3121980349935,0.000806103427037312,1,0.999253354069792,40.0298881530762,2.00037090364494,19.2300006747246,-61.8354691022215,-11.2250659246995,250,0.0426567878377049,-11.3100810518231,-0.00481782053398541,299.9874878,299.9881287,-10612.568359375,-10492.5927734375,56.5156500829868,20.6336043155738,9.256284,0,0,0,40,4449,299.9196,-10552.5805664062,,,,,,,,,,,,,0,,,,11.2372646,,,,,,299.98780825,,,,
,16777633.515,299.98690795,-10442.5776367187,-11.3083202643074,0.000518883233791803,1,0.999253354069792,40.0298881530762,2.00035936037233,19.2200001329184,-61.8142816234319,-11.2192382562321,250,0.0429938779533113,-11.3062057853418,-0.0044653051677509,299.9863281,299.9874878,-10492.5927734375,-10392.5625,56.475787028506,20.6324646040754,8.512546,0,0,0,40,4449,299.91945,-10442.5776367187,,,,,,,,,,,,,0,,,,11.35235165,,,,,,299.98690795,,,,
,16777634.535,299.9863281,-10342.6484375,-11.3038085644002,0.00110905368186065,1,0.999253354069792,40.0298881530762,2.00037676239502,19.2200001329184,-61.7898531388306,-11.2164280963748,250,0.0426898921114751,-11.3016939001994,-0.0047510144512566,299.9863281,299.9863281,-10392.5625,-10292.734375,56.5914680493521,20.6334298490085,8.512546,0,0,0,40,4449,299.91925,-10342.6484375,,,,,,,,,,,,,0,,,,11.52072665,,,,,,299.9863281,,,,
,16777635.62,299.9862213,-10232.6928710938,-11.2997776356434,0.000430733730396138,1,0.999253354069792,40.0298881530762,2.00033712882921,19.2300006747246,-61.7662242005417,-11.2143778422204,250,0.0422790065607503,-11.2976620270288,-0.00514578805133472,299.9861145,299.9863281,-10292.734375,-10172.6513671875,56.5555131374675,20.6332443509388,8.512546,0,0,0,40,4449,299.9185,-10232.6928710938,,,,,,,,,,,,,0,,,,11.4056396,,,,,,299.9862213,,,,
,16777636.71,299.98628235,-10122.7270507813,-11.2957522217036,0.0007890573722296,1,0.999253354069792,40.0298881530762,2.00033336158499,19.2200001329184,-61.7444494817005,-11.208514292465,250,0.042603039930421,-11.2936386895618,-0.00480572865805881,299.9861145,299.9864502,-10172.6513671875,-10072.802734375,56.6563432164483,20.6323473037782,9.256284,0,0,0,40,4449,299.9182,-10122.7270507813,,,,,,,,,,,,,0,,,,11.2372646,,,,,,299.98628235,,,,
,16777637.67,299.9867096,-10027.8061523438,-11.2922443401121,0.000966291975933078,1,0.999253354069792,40.0298881530762,2.0003674256193,19.2300006747246,-61.7267973694595,-11.2025273649037,250,0.0430830397120676,-11.290133316515,-0.00431153144956839,299.9864502,299.986969,-10072.802734375,-9982.8095703125,56.5344091674483,20.6311207280686,7.396941,0,0,0,40,4449,299.91935,-10027.8061523438,,,,,,,,,,,,,0,,,,11.2372646,,,,,,299.9867096,,,,
,16777639.525,299.9874268,-9842.099609375,-11.2807247015762,0.0015569744605372,1,0.999253354069792,40.0298881530762,1.99977166867732,19.2200001329184,-61.6458241265553,-11.1883910961007,250,0.042940809715539,-11.2786150470923,-0.00440618272391191,299.9874268,299.9874268,-9852.1328125,-9832.06640625,56.5289377678137,20.636072842982,8.512546,0,0,0,40,4449,299.9218,-9842.099609375,,,,,,,,,,,,,0,,,,11.6358137,,,,,,299.9874268,,,,
,16777640.15,299.987793,-9777.09912109375,-11.2757947274218,0.00115611332323056,1,0.999253354069792,40.0298881530762,1.99961862341859,19.2200001329184,-61.6130394104313,-11.189386226837,250,0.0416922737320711,-11.2736806108562,-0.00563453953338491,299.9874268,299.9881592,-9832.06640625,-9722.1318359375,56.4030955762175,20.6316289813829,9.256284,0,0,0,40,4449,299.92005,-9777.09912109375,,,,,,,,,,,,,0,,,,11.52072665,,,,,,299.987793,,,,
,16777641.195,299.9882355,-9677.08740234375,-11.2734250402976,0.000905612462614089,1,0.999253354069792,40.0298881530762,1.9997525799321,19.2300006747246,-61.6038098731122,-11.1893951398443,250,0.0413856027542049,-11.2713098766812,-0.00593181677145581,299.9881592,299.9883118,-9722.1318359375,-9632.04296875,56.4327974599483,20.6331182076953,9.256284,0,0,0,40,4449,299.92035,-9677.08740234375,,,,,,,,,,,,,0,,,,11.52072665,,,,,,299.9882355,,,,
,16777642.185,299.98762515,-9577.1083984375,-11.2701502741784,0.000893147770891974,1,0.999253354069792,40.0298881530762,2.00016375245296,19.2200001329184,-61.6006583789132,-11.1754471033519,250,0.0437431288896397,-11.2680458810423,-0.00356146990293246,299.9869385,299.9883118,-9632.04296875,-9522.173828125,56.4343607169867,20.6390279343282,9.256284,0,0,0,40,4449,299.92155,-9577.1083984375,,,,,,,,,,,,,0,,,,11.52072665,,,,,,299.98762515,,,,
,16777643.17,299.98666385,-9477.12255859375,-11.2661931144639,0.00139179785108481,1,0.999253354069792,40.0298881530762,2.00002773801261,19.2300006747246,-61.5729548924481,-11.1815389395697,250,0.0417591348908651,-11.264081527047,-0.00552921380959877,299.9863892,299.9869385,-9522.173828125,-9432.0712890625,56.4398321166213,20.6363755630315,8.512546,0,0,0,40,4449,299.92105,-9477.12255859375,,,,,,,,,,,,,0,,,,11.2372646,,,,,,299.98666385,,,,
,16777644.17,299.98703005,-9377.13916015625,-11.2622023616729,0.00188691522330648,1,0.999253354069792,40.0298881530762,2.00006151333188,19.2200001329184,-61.5517190720161,-11.1801207204672,250,0.0413128607721813,-11.2600895226565,-0.00595904302431545,299.9863892,299.9876709,-9432.0712890625,-9322.20703125,56.4812584281406,20.634865359063,8.884414,0,0,0,40,4449,299.9225,-9377.13916015625,,,,,,,,,,,,,0,,,,11.35235165,,,,,,299.98703005,,,,
,16777645.29,299.9876404,-9262.2119140625,-11.2581674695003,0.00156488316895343,1,0.999253354069792,40.0298881530762,2.0002143253381,19.2200001329184,-61.5353228499546,-11.1711481553473,250,0.0423606678306241,-11.2560595093854,-0.00489541658909521,299.9876099,299.9876709,-9322.20703125,-9202.216796875,56.7728058658137,20.6358405128408,8.512546,0,0,0,40,4449,299.92175,-9262.2119140625,,,,,,,,,,,,,0,,,,11.35235165,,,,,,299.9876404,,,,
,16777646.415,299.9880829,-9152.3525390625,-11.2549173457389,0.00130759116190358,1,0.999253354069792,40.0298881530762,2.00020478401963,19.2200001329184,-61.5178470423223,-11.1647629621803,250,0.0429183551226333,-11.2528121189621,-0.00432509605018591,299.9876099,299.9885559,-9202.216796875,-9102.48828125,56.4976726270444,20.635308538299,9.256284,0,0,0,40,4449,299.92085,-9152.3525390625,,,,,,,,,,,,,0,,,,11.2372646,,,,,,299.9880829,,,,
,16777647.445,299.98779295,-9052.5224609375,-11.2501565650847,0.000853262238301357,1,0.999253354069792,40.0298881530762,2.00017910925193,19.2200001329184,-61.4895950143196,-11.1677814200057,250,0.0414578300484778,-11.2480462525134,-0.00576580647551379,299.98703,299.9885559,-9102.48828125,-9002.556640625,56.401532319179,20.6338011967434,8.884414,0,0,0,40,4449,299.9219,-9052.5224609375,,,,,,,,,,,,,0,,,,11.4056396,,,,,,299.98779295,,,,
,16777648.525,299.98742675,-8942.5751953125,-11.2456223880727,0.00114782694731474,1,0.999253354069792,40.0298881530762,2.00020578921269,19.2200001329184,-61.4655193317735,-11.163927143879,250,0.0413500877793187,-11.2435126230133,-0.00585527592686665,299.98703,299.9878235,-9002.556640625,-8882.59375,56.4789135425829,20.6338637064537,8.512546,0,0,0,40,4449,299.9216,-8942.5751953125,,,,,,,,,,,,,0,,,,11.2372646,,,,,,299.98742675,,,,
,16777649.545,299.98776245,-8837.63720703125,-11.2416052521634,0.00171935493212476,1,0.999253354069792,40.0298881530762,2.0002189008664,19.2200001329184,-61.4448636540581,-11.1551061640288,250,0.0422338165330018,-11.2394998126915,-0.00495550794500355,299.9877014,299.9878235,-8882.59375,-8792.6806640625,56.3749569495252,20.6336401842722,8.512546,0,0,0,40,4449,299.92185,-8837.63720703125,,,,,,,,,,,,,0,,,,11.2372646,,,,,,299.98776245,,,,
,16777650.575,299.98773195,-8737.64111328125,-11.2377288921404,0.00161211020580163,1,0.999253354069792,40.0298881530762,2.00025431793093,19.2200001329184,-61.4244899414058,-11.1527783258753,250,0.0419772402950388,-11.2356231006062,-0.00519656551544638,299.9877014,299.9877625,-8792.6806640625,-8682.6015625,56.6274229612368,20.6328750674866,8.512546,0,0,0,40,4449,299.92105,-8737.64111328125,,,,,,,,,,,,,0,,,,11.4056396,,,,,,299.98773195,,,,
,16777651.735,299.98811345,-8622.623046875,-11.2299702670203,0.00138328102709354,1,0.999253354069792,40.0298881530762,2.00022632773547,19.2200001329184,-61.3810143786059,-11.1461616092407,250,0.0417228120547119,-11.2278647551786,-0.00541912797651451,299.9877625,299.9884644,-8682.6015625,-8562.64453125,56.4906379703714,20.6316371912923,8.884414,0,0,0,40,4449,299.92105,-8622.623046875,,,,,,,,,,,,,0,,,,11.3489532,,,,,,299.98811345,,,,
,16777652.89,299.98814395,-8502.6435546875,-11.2261349396105,0.00104544226840028,1,0.999253354069792,40.0298881530762,2.00026916575979,19.2200001329184,-61.3608730009929,-11.1450615501213,250,0.0412561020648137,-11.224028189306,-0.00587013676636053,299.9878235,299.9884644,-8562.64453125,-8442.642578125,56.5625477941406,20.6312718880395,7.768809,0,0,0,40,4449,299.9226,-8502.6435546875,,,,,,,,,,,,,0,,,,11.3489532,,,,,,299.98814395,,,,
,16777654.07,299.98736575,-8387.72509765625,-11.2215265785362,0.000827196930165031,1,0.999253354069792,40.0298881530762,2.00025955325176,19.2200001329184,-61.3361320517347,-11.1364764351148,250,0.0419648916131933,-11.2194239592781,-0.00514323732279142,299.986908,299.9878235,-8442.642578125,-8332.8076171875,56.5375356815252,20.6317422439121,8.512546,0,0,0,40,4449,299.92075,-8387.72509765625,,,,,,,,,,,,,0,,,,11.4056396,,,,,,299.98736575,,,,
,16777655.23,299.98692325,-8272.93017578125,-11.2162863431142,0.00127929484213568,1,0.999253354069792,40.0298881530762,2.00021003373049,19.2200001329184,-61.3050730400796,-11.1360622584463,250,0.0410208394754443,-11.214180914891,-0.00606610433568491,299.986908,299.9869385,-8332.8076171875,-8213.052734375,56.4820400566598,20.6313860181492,9.256284,0,0,0,40,4449,299.91935,-8272.93017578125,,,,,,,,,,,,,0,,,,11.2372646,,,,,,299.98692325,,,,
,16777656.275,299.9875183,-8168.03857421875,-11.2123934376709,0.00153325980160835,1,0.999253354069792,40.0298881530762,2.00024420616343,19.2200001329184,-61.2854102525619,-11.1291696640342,250,0.0415951389072822,-11.2102909301113,-0.00547594989459641,299.9869385,299.9880981,-8213.052734375,-8123.0244140625,56.4507749158906,20.6303807897951,7.396941,0,0,0,40,4449,299.921,-8168.03857421875,,,,,,,,,,,,,0,,,,11.0688896,,,,,,299.9875183,,,,
,16777657.385,299.9879608,-8058.08837890625,-11.2092046106744,0.00137804139971272,1,0.999253354069792,40.0298881530762,2.00022101383429,19.2200001329184,-61.266512452291,-11.1300546487458,250,0.0408193322695521,-11.2070992559721,-0.00623880815543494,299.9878235,299.9880981,-8123.0244140625,-7993.15234375,56.3694855498906,20.6306126567831,8.512546,0,0,0,40,4449,299.9216,-8058.08837890625,,,,,,,,,,,,,0,,,,11.35235165,,,,,,299.9879608,,,,
,16777658.575,299.9875183,-7938.119140625,-11.2050360951389,0.00127141617644151,1,0.999253354069792,40.0298881530762,2.00027965514599,19.2200001329184,-61.2463114021327,-11.1217463792147,250,0.0416262271196944,-11.2029351041302,-0.00541514323455572,299.9872131,299.9878235,-7993.15234375,-7883.0859375,56.6469636742175,20.6307519471913,8.512546,0,0,0,40,4449,299.9227,-7938.119140625,,,,,,,,,,,,,0,,,,11.6358137,,,,,,299.9875183,,,,
,16777659.715,299.9882507,-7823.19458007812,-11.1953723639584,0.00120486246472452,1,0.999253354069792,40.0298881530762,2.00002603940485,19.2200001329184,-61.1851961006954,-11.1147120497376,250,0.0408712321351253,-11.1932697975517,-0.00613013506553951,299.9872131,299.9892883,-7883.0859375,-7763.30322265625,56.3444734372752,20.633843120875,8.884414,0,0,0,40,4449,299.9228,-7823.19458007812,,,,,,,,,,,,,0,,,,11.35235165,,,,,,299.9882507,,,,
,16777660.89,299.98849485,-7703.26049804687,-11.1916349025521,0.000990929996129344,1,0.999253354069792,40.0298881530762,2.00006389327487,19.2200001329184,-61.1659543987785,-11.1108985373951,250,0.0409150975707543,-11.1895330702047,-0.00607175076161076,299.9877014,299.9892883,-7763.30322265625,-7643.2177734375,56.4914195988906,20.6328272246094,9.256284,0,0,0,40,4449,299.92065,-7703.26049804687,,,,,,,,,,,,,0,,,,11.2372646,,,,,,299.98849485,,,,
,16777662.03,299.98794555,-7588.26293945313,-11.1867786871053,0.000767835688208347,1,0.999253354069792,40.0298881530762,2.00009744035065,19.2200001329184,-61.1407762292667,-11.1043058813953,250,0.0412557177108476,-11.1846794269644,-0.00571157083850424,299.9877014,299.9881897,-7643.2177734375,-7533.30810546875,56.5390989385637,20.6305241366637,8.512546,0,0,0,40,4449,299.9205,-7588.26293945313,,,,,,,,,,,,,0,,,,11.4056396,,,,,,299.98794555,,,,
,16777663.175,299.98869325,-7478.35888671875,-11.1824236534254,0.00141575399038517,1,0.999253354069792,40.0298881530762,2.00002303697148,19.2200001329184,-61.1147567857914,-11.0995753863168,250,0.0412411401914213,-11.1803248506645,-0.0057084831367499,299.9881897,299.9891968,-7533.30810546875,-7423.40966796875,56.5148684544675,20.6306296308717,8.884414,0,0,0,40,4449,299.9209,-7478.35888671875,,,,,,,,,,,,,0,,,,11.4056396,,,,,,299.98869325,,,,
,16777664.15,299.98895265,-7383.4306640625,-11.1786501560473,0.000856532462532522,1,0.999253354069792,40.0298881530762,1.99992178152913,19.2300006747246,-61.0906035434833,-11.0980559312867,250,0.0407199224660125,-11.1765497683914,-0.00621436083945547,299.9887085,299.9891968,-7423.40966796875,-7343.45166015625,56.188147733429,20.6334314650672,7.396941,0,0,0,40,4449,299.92085,-7383.4306640625,,,,,,,,,,,,,0,,,,11.46289585,,,,,,299.98895265,,,,
,16777665.08,299.98872375,-7288.50732421875,-11.1743168120721,0.00093701905284507,1,0.999253354069792,40.0298881530762,1.99993443942901,19.2200001329184,-61.0665393613985,-11.0979190985579,250,0.0399546452860502,-11.1722141248804,-0.00696195195894908,299.9887085,299.988739,-7343.45166015625,-7233.56298828125,56.3671406643329,20.6356833978504,8.884414,0,0,0,40,4449,299.9205,-7288.50732421875,,,,,,,,,,,,,0,,,,11.5779829,,,,,,299.98872375,,,,
,16777666.12,299.9880066,-7183.5751953125,-11.1698877707398,0.000429509179503028,1,0.999253354069792,40.0298881530762,1.99982417885754,19.2200001329184,-61.0399786293563,-11.0879490763175,250,0.0408503968200411,-11.1677899906289,-0.00604830698783053,299.9872742,299.988739,-7233.56298828125,-7133.58740234375,56.4820400566598,20.6356486139874,9.256284,0,0,0,40,4449,299.92125,-7183.5751953125,,,,,,,,,,,,,0,,,,11.6358137,,,,,,299.9880066,,,,
,16777667.165,299.98703005,-7078.60693359375,-11.1656960159289,0.00121401662579423,1,0.999253354069792,40.0298881530762,1.99984453797568,19.2200001329184,-61.017269374974,-11.0861100857151,250,0.0404304725742606,-11.1635976895914,-0.00645094427765059,299.9867859,299.9872742,-7133.58740234375,-7023.62646484375,56.533627538929,20.6361314866348,8.512546,0,0,0,40,4449,299.92265,-7078.60693359375,,,,,,,,,,,,,0,,,,11.35235165,,,,,,299.98703005,,,,
,16777668.385,299.98669435,-6958.6767578125,-11.1612851266741,0.00085935111472021,1,0.999253354069792,40.0298881530762,1.9998976028163,19.2200001329184,-60.9943864044667,-11.0839406430008,250,0.0400631576542462,-11.1591862140936,-0.00680050493584999,299.9866028,299.9867859,-7023.62646484375,-6893.72705078125,56.4515565444098,20.6324059006683,9.256284,0,0,0,40,4449,299.92215,-6958.6767578125,,,,,,,,,,,,,0,,,,11.2372646,,,,,,299.98669435,,,,
,16777669.43,299.9866028,-6853.7236328125,-11.1581806390759,0.00115531914958089,1,0.999253354069792,40.0298881530762,1.99998381129851,19.2200001329184,-60.9812601990141,-11.0744346012061,250,0.0413142569392914,-11.1560875611202,-0.00553754454573953,299.9866028,299.9866028,-6893.72705078125,-6813.72021484375,56.5101786833521,20.6332276109866,8.884414,0,0,0,40,4449,299.9207,-6853.7236328125,,,,,,,,,,,,,0,,,,11.3489532,,,,,,299.9866028,,,,
,16777670.45,299.9871521,-6748.71704101562,-11.1537493917635,0.000816672392746573,1,0.999253354069792,40.0298881530762,2.00004876060182,19.2200001329184,-60.9597684204696,-11.0660848761404,250,0.0420861938102351,-11.1516601648122,-0.00474784584437283,299.9866028,299.9877014,-6813.72021484375,-6683.7138671875,56.628204589756,20.6332458888296,7.396941,0,0,0,40,4449,299.9205,-6748.71704101562,,,,,,,,,,,,,0,,,,11.40620945,,,,,,299.9871521,,,,
,16777671.57,299.9877014,-6638.509765625,-11.1497445344772,0.000809150705489941,1,0.999253354069792,40.0298881530762,2.00014022284704,19.2300006747246,-60.9406798497678,-11.0621472519037,250,0.042155204050477,-11.1476561442754,-0.00466247316020183,299.9877014,299.9877014,-6683.7138671875,-6593.3056640625,56.3632325217367,20.6324418017149,9.256284,0,0,0,40,4449,299.9218,-6638.509765625,,,,,,,,,,,,,0,,,,11.46289585,,,,,,299.9877014,,,,
,16777672.5,299.98765565,-6548.23657226563,-11.1452022232547,0.00143924591863781,1,0.999253354069792,40.0298881530762,2.00010661453682,19.2200001329184,-60.9143498141939,-11.0601852352968,250,0.0416395303309863,-11.1431125573021,-0.00515953443878806,299.9876099,299.9877014,-6593.3056640625,-6503.16748046875,56.7446672391214,20.632656517558,8.512546,0,0,0,40,4449,299.92175,-6548.23657226563,,,,,,,,,,,,,0,,,,11.2372646,,,,,,299.98765565,,,,
,16777673.545,299.98725895,-6443.16625976563,-11.1388049654605,0.00125026802588827,1,0.999253354069792,40.0298881530762,1.99999948657448,19.2200001329184,-60.8759800825772,-11.0544864530247,250,0.041391837923004,-11.1367156459715,-0.0053811356641955,299.986908,299.9876099,-6503.16748046875,-6383.1650390625,56.4765686570252,20.6323268657839,7.396941,0,0,0,40,4449,299.9208,-6443.16625976563,,,,,,,,,,,,,0,,,,11.0688896,,,,,,299.98725895,,,,
,16777674.625,299.986908,-6333.13696289063,-11.1329526922226,0.00109561467895753,1,0.999253354069792,40.0298881530762,2.00001129291277,19.2200001329184,-60.8448306926218,-11.0461321454786,250,0.0418486233285865,-11.1308665636165,-0.00490051430660084,299.986908,299.986908,-6383.1650390625,-6283.10888671875,56.4820400566598,20.6313255549622,9.256284,0,0,0,40,4449,299.92095,-6333.13696289063,,,,,,,,,,,,,0,,,,11.2372646,,,,,,299.986908,,,,
,16777675.775,299.9876709,-6218.14770507812,-11.1276901733137,0.00150401408362814,1,0.999253354069792,40.0298881530762,2.00023524734087,19.2200001329184,-60.8225596733712,-11.0429018875413,250,0.0416852628849919,-11.1256040767534,-0.00504215733299042,299.986908,299.9884338,-6283.10888671875,-6153.1865234375,56.421854660679,20.6312691670758,9.256284,0,0,0,40,4449,299.9225,-6218.14770507812,,,,,,,,,,,,,0,,,,11.4056396,,,,,,299.9876709,,,,
,16777677,299.98880005,-6098.20092773437,-11.122273741604,0.001191681030678,1,0.999253354069792,40.0298881530762,2.00010867888025,19.2200001329184,-60.787892891059,-11.0439044060622,250,0.0403728741691146,-11.1201827413039,-0.00633187426413046,299.9884338,299.9891663,-6153.1865234375,-6043.21533203125,56.5453519667175,20.6324937665993,7.396941,0,0,0,40,4449,299.9246,-6098.20092773437,,,,,,,,,,,,,0,,,,11.52072665,,,,,,299.98880005,,,,
,16777678.005,299.9881897,-5998.29174804687,-11.1183658589184,0.00118925575799087,1,0.999253354069792,40.0298881530762,2.00012107164299,19.2200001329184,-60.765763610863,-11.0462339425633,250,0.0392346154798211,-11.1162710626857,-0.00745414981744325,299.9872131,299.9891663,-6043.21533203125,-5953.3681640625,56.5023623981598,20.6337466980416,7.396941,0,0,0,40,4449,299.9243,-5998.29174804687,,,,,,,,,,,,,0,,,,11.52072665,,,,,,299.9881897,,,,
,16777678.965,299.98808285,-5898.41528320312,-11.1134205215994,0.0012866135208683,1,0.999253354069792,40.0298881530762,2.00010791761601,19.2200001329184,-60.7388542281941,-11.0385086997877,250,0.0397201788732932,-11.1113287068188,-0.00694905385096731,299.9872131,299.9889526,-5953.3681640625,-5843.46240234375,56.2201945027175,20.6338119580911,8.512546,0,0,0,40,4449,299.9214,-5898.41528320312,,,,,,,,,,,,,0,,,,11.2372646,,,,,,299.98808285,,,,
,16777680.88,299.9898376,-5708.583984375,-11.109212955559,0.00102811788684339,1,0.999253354069792,40.0298881530762,2.0000667493323,19.2200001329184,-60.7147375648031,-11.0335587198805,250,0.0398065043894748,-11.1071215538281,-0.00684599709837454,299.9898376,299.9898376,-5713.50927734375,-5703.65869140625,56.5203398541021,20.633480614019,8.884414,0,0,0,40,4449,299.92255,-5708.583984375,,,,,,,,,,,,,0,,,,11.5201521,,,,,,299.9898376,,,,
,16777681.5,299.9890289,-5648.6435546875,-11.1043616695719,0.00124687375388996,1,0.999253354069792,40.0298881530762,1.99999321834231,19.2200001329184,-60.6865534731082,-11.0256344442573,250,0.0402861021831762,-11.1022735449372,-0.00634670379341126,299.9882202,299.9898376,-5703.65869140625,-5593.62841796875,56.485948199256,20.6332939992432,7.396941,0,0,0,40,4449,299.92135,-5648.6435546875,,,,,,,,,,,,,0,,,,11.2395077,,,,,,299.9890289,,,,
,16777682.565,299.98809815,-5543.65112304687,-11.1000212287285,0.000588274434843751,1,0.999253354069792,40.0298881530762,1.99996707141416,19.2200001329184,-60.6611675061201,-11.026004523263,250,0.0393883539865635,-11.0979305475199,-0.00722658213589232,299.9879761,299.9882202,-5593.62841796875,-5493.673828125,56.4101302328906,20.6332914117478,9.256284,0,0,0,40,4449,299.9218,-5543.65112304687,,,,,,,,,,,,,0,,,,11.18225145,,,,,,299.98809815,,,,
,16777683.635,299.98822025,-5433.689453125,-11.0959166821549,0.00106710214252715,1,0.999253354069792,40.0298881530762,2.0000896656985,19.2200001329184,-60.6425083662357,-11.021779572455,250,0.0395220861163289,-11.0938272827864,-0.00707632605236046,299.9879761,299.9884644,-5493.673828125,-5373.705078125,56.4531198014483,20.6325784280275,8.512546,0,0,0,40,4449,299.9216,-5433.689453125,,,,,,,,,,,,,0,,,,11.46289585,,,,,,299.98822025,,,,
,16777684.735,299.9878998,-5323.71826171875,-11.0864729560963,0.00108732319477356,1,0.999253354069792,40.0298881530762,2.00018221031851,19.2200001329184,-60.5940173911936,-11.0107995946886,250,0.0398728473832089,-11.0843870206519,-0.00668661717054265,299.9873352,299.9884644,-5373.705078125,-5273.7314453125,56.3788650921214,20.6308778859319,8.884414,0,0,0,40,4449,299.92165,-5323.71826171875,,,,,,,,,,,,,0,,,,11.40620945,,,,,,299.9878998,,,,
,16777685.845,299.98799135,-5213.755859375,-11.0823585810614,0.00109451853282495,1,0.999253354069792,40.0298881530762,2.00008855384616,19.2200001329184,-60.5682502866026,-11.0089863672741,250,0.0393503484845604,-11.0802712060559,-0.00719220874161972,299.9873352,299.9886475,-5273.7314453125,-5153.7802734375,56.8806706014676,20.6314665351,9.256284,0,0,0,40,4449,299.92255,-5213.755859375,,,,,,,,,,,,,0,,,,11.1805782,,,,,,299.98799135,,,,
,16777687.015,299.9878998,-5093.8134765625,-11.0774651007588,0.000829907796295775,1,0.999253354069792,40.0298881530762,2.00003122685399,19.2200001329184,-60.541301022036,-10.9958012510482,250,0.0408014379787379,-11.0753847910187,-0.00572150655580019,299.9871521,299.9886475,-5153.7802734375,-5033.8466796875,56.5430070811598,20.631844015859,7.396941,0,0,0,40,4449,299.92285,-5093.8134765625,,,,,,,,,,,,,0,,,,11.2372646,,,,,,299.9878998,,,,
,16777688.075,299.98812865,-4988.87036132812,-11.0737367989799,0.000888920038467035,1,0.999253354069792,40.0298881530762,2.00004020679704,19.2200001329184,-60.5195268718983,-11.001112008067,250,0.0391469118894646,-11.0716501667388,-0.00736046260912531,299.9871521,299.9891052,-5033.8466796875,-4943.89404296875,56.4585912010829,20.6332250349604,8.884414,0,0,0,40,4449,299.92385,-4988.87036132812,,,,,,,,,,,,,0,,,,11.3489532,,,,,,299.98812865,,,,
,16777689.06,299.98901365,-4893.85546875,-11.068867673335,0.000949130743871978,1,0.999253354069792,40.0298881530762,2.00008255122033,19.2200001329184,-60.4950699561214,-10.9916086101963,250,0.04002583940526,-11.0667853317187,-0.00646157464857906,299.9889221,299.9891052,-4943.89404296875,-4843.81689453125,56.5226847396598,20.6309419679133,9.256284,0,0,0,40,4449,299.92515,-4893.85546875,,,,,,,,,,,,,0,,,,11.1805782,,,,,,299.98901365,,,,
,16777690.185,299.9891815,-4778.95166015625,-11.0647606754418,0.000997751405310428,1,0.999253354069792,40.0298881530762,2.00012694100939,19.2200001329184,-60.4745328271272,-10.9845243284504,250,0.0406054836277147,-11.0626814746194,-0.0058654409310673,299.9889221,299.9894409,-4843.81689453125,-4714.08642578125,56.4429586306983,20.6309467005974,9.256284,0,0,0,40,4449,299.92525,-4778.95166015625,,,,,,,,,,,,,0,,,,11.2372646,,,,,,299.9891815,,,,
,16777691.265,299.9894409,-4669.08862304687,-11.060281367708,0.00129559622741492,1,0.999253354069792,40.0298881530762,2.00021073268392,19.2200001329184,-60.4521588394467,-10.9824663618912,250,0.0402344069294756,-11.0582013517573,-0.0062182942442144,299.9894409,299.9894409,-4714.08642578125,-4624.0908203125,56.5586396515444,20.6303440656426,7.396941,0,0,0,40,4449,299.92505,-4669.08862304687,,,,,,,,,,,,,0,,,,11.4056396,,,,,,299.9894409,,,,
,16777692.235,299.9893341,-4574.05737304687,-11.0551337739181,0.00123822333693185,1,0.999253354069792,40.0298881530762,2.00016573229907,19.2200001329184,-60.4219826969599,-10.9809750170271,250,0.0395092654775663,-11.0530517622411,-0.0069221093488395,299.9892273,299.9894409,-4624.0908203125,-4524.02392578125,56.4406137451406,20.6317853623114,8.512546,0,0,0,40,4449,299.9256,-4574.05737304687,,,,,,,,,,,,,0,,,,11.4056396,,,,,,299.9893341,,,,
,16777693.33,299.98968505,-4464.0419921875,-11.051164720496,0.00109963955878037,1,0.999253354069792,40.0298881530762,2.00026675942452,19.2200001329184,-60.4044191201536,-10.9713348975281,250,0.0406377077853619,-11.0490880552795,-0.00577783062101238,299.9892273,299.9901428,-4524.02392578125,-4404.06005859375,56.6727574153522,20.6305170328431,7.396941,0,0,0,40,4449,299.9257,-4464.0419921875,,,,,,,,,,,,,0,,,,11.18225145,,,,,,299.98968505,,,,
,16777694.305,299.9901428,-4364.01049804687,-11.0456746707202,0.00131493338294125,1,0.999253354069792,40.0298881530762,2.00019244384104,19.2200001329184,-60.3716385974908,-10.9686410692762,250,0.0400406292383991,-11.0435963774912,-0.00635227535874321,299.9901428,299.9901428,-4404.06005859375,-4323.9609375,56.3773018350829,20.6328290842605,8.884414,0,0,0,40,4449,299.9258,-4364.01049804687,,,,,,,,,,,,,0,,,,11.12556505,,,,,,299.9901428,,,,
,16777695.215,299.9894714,-4274.02465820313,-11.0411285084683,0.00133979305315699,1,0.999253354069792,40.0298881530762,2.00013451264534,19.2200001329184,-60.3443056063755,-10.9680389076611,250,0.0392519014105588,-11.0390480367656,-0.00712243694612568,299.9888,299.9901428,-4323.9609375,-4224.08837890625,56.3984058051021,20.6328117238795,9.256284,0,0,0,40,4449,299.9248,-4274.02465820313,,,,,,,,,,,,,0,,,,11.40620945,,,,,,299.9894714,,,,
,16777696.335,299.9888153,-4164.16235351562,-11.036942802104,0.00100555793619356,1,0.999253354069792,40.0298881530762,2.00018562375963,19.2200001329184,-60.323345890494,-10.9619253339451,250,0.0396458577185211,-11.0348650312641,-0.00671174856988472,299.9888,299.9888306,-4224.08837890625,-4104.236328125,56.4288893173521,20.6318353671599,7.396941,0,0,0,40,4449,299.92395,-4164.16235351562,,,,,,,,,,,,,0,,,,11.46289585,,,,,,299.9888153,,,,
,16777697.425,299.9884491,-4054.2431640625,-11.0319790261824,0.00096192501663721,1,0.999253354069792,40.0298881530762,2.00021907309353,19.2200001329184,-60.2973215188855,-10.9565151324033,250,0.0397492419227949,-11.0299027926962,-0.00658812825342986,299.9880676,299.9888306,-4104.236328125,-4004.25,56.5312826533714,20.6313469103438,9.256284,0,0,0,40,4449,299.92405,-4054.2431640625,,,,,,,,,,,,,0,,,,11.4056396,,,,,,299.9884491,,,,
,16777698.54,299.9882507,-3944.30578613281,-11.0279517792003,0.00123442420838083,1,0.999253354069792,40.0298881530762,2.00022016710687,19.2200001329184,-60.2754460135406,-10.9519614099663,250,0.039837732103368,-11.0258767706764,-0.00648323675695892,299.9880676,299.9884338,-4004.25,-3884.36157226562,56.3858997487944,20.6328256220495,8.512546,0,0,0,40,4449,299.92465,-3944.30578613281,,,,,,,,,,,,,0,,,,11.3489532,,,,,,299.9882507,,,,
,16777699.765,299.98912045,-3824.34326171875,-11.017892893698,0.0011678817853804,1,0.999253354069792,40.0298881530762,2.00011066404218,19.2300006747246,-60.2166108114753,-10.9448430701343,250,0.0391690730708475,-11.0158167361375,-0.00710986839071986,299.9884338,299.9898071,-3884.36157226562,-3764.32495117188,56.4179465180829,20.6340596559087,7.396941,0,0,0,40,4449,299.9263,-3824.34326171875,,,,,,,,,,,,,0,,,,11.40620945,,,,,,299.98912045,,,,
,16777700.92,299.9892273,-3704.41577148438,-11.0138929155074,0.00129167023289718,1,0.999253354069792,40.0298881530762,2.00014008200599,19.2200001329184,-60.1958379060865,-10.9398081415605,250,0.0393784828442585,-11.0118183526581,-0.00688428792549457,299.9886475,299.9898071,-3764.32495117188,-3644.50659179687,56.2960124690829,20.6336036738161,7.396941,0,0,0,40,4449,299.92665,-3704.41577148438,,,,,,,,,,,,,0,,,,11.5201521,,,,,,299.9892273,,,,
,16777702.005,299.9886475,-3594.45324707031,-11.0078266144488,0.0011742831431176,1,0.999253354069792,40.0298881530762,2.00011748553069,19.2200001329184,-60.1626961965287,-10.9300221356272,250,0.0400242394253924,-11.0057561438857,-0.00621413366647016,299.9886475,299.9886475,-3644.50659179687,-3544.39990234375,56.5039256551983,20.6329990295777,8.884414,0,0,0,40,4449,299.9247,-3594.45324707031,,,,,,,,,,,,,0,,,,11.2395077,,,,,,299.9886475,,,,
,16777703.17,299.9885712,-3479.40319824219,-11.0041333508081,0.000842599006215701,1,0.999253354069792,40.0298881530762,2.00012797956578,19.2300006747246,-60.1424015980274,-10.9286581245173,250,0.0395999414897592,-11.0020618253342,-0.00662342161009697,299.9884949,299.9886475,-3544.39990234375,-3414.40649414063,56.3718304354483,20.6337780045098,7.396941,0,0,0,40,4449,299.92485,-3479.40319824219,,,,,,,,,,,,,0,,,,10.9588633,,,,,,299.9885712,,,,
,16777704.225,299.9884949,-3374.06518554687,-10.9984805511304,0.000953433726316223,1,0.999253354069792,40.0298881530762,2.00011664520406,19.2200001329184,-60.1109537221579,-10.9241751224468,250,0.0393616228602602,-10.9964091913925,-0.00683809924364091,299.9884949,299.9884949,-3414.40649414063,-3333.72387695313,56.2280107879098,20.6302020759012,9.256284,0,0,0,40,4449,299.9271,-3374.06518554687,,,,,,,,,,,,,0,,,,11.12556505,,,,,,299.9884949,,,,
,16777705.22,299.98828125,-3273.66491699219,-10.9938217206288,0.00103297662658266,1,0.999253354069792,40.0298881530762,2.00021081454433,19.2200001329184,-60.088252705199,-10.9200297271284,250,0.0393488960593868,-10.9917513012887,-0.00683168602856812,299.9880676,299.9884949,-3333.72387695313,-3213.60595703125,56.2936675835252,20.6312225258334,8.512546,0,0,0,40,4449,299.92765,-3273.66491699219,,,,,,,,,,,,,0,,,,11.12556505,,,,,,299.98828125,,,,
,16777706.39,299.98828125,-3153.6220703125,-10.9892778767683,0.00121517001654559,1,0.999253354069792,40.0298881530762,2.00014945572674,19.2200001329184,-60.060844369429,-10.9193799556446,250,0.0385662892796836,-10.9872050194924,-0.0075958515164909,299.9880676,299.9884949,-3213.60595703125,-3093.63818359375,56.3921527769483,20.6339969922702,8.512546,0,0,0,40,4449,299.9267,-3153.6220703125,,,,,,,,,,,,,0,,,,11.2395077,,,,,,299.98828125,,,,
,16777707.35,299.9884949,-3058.59545898438,-10.9840754925296,0.000878741585003615,1,0.999253354069792,40.0298881530762,2.00025604843342,19.2200001329184,-60.0362781325612,-10.9107376814126,250,0.0392880098774023,-10.9820066027705,-0.00685280312348087,299.9884949,299.9884949,-3093.63818359375,-3023.552734375,56.5422254526406,20.6331811373479,9.256284,0,0,0,40,4449,299.92735,-3058.59545898438,,,,,,,,,,,,,0,,,,11.2395077,,,,,,299.9884949,,,,
,16777708.335,299.98866275,-2963.56726074219,-10.9795006560073,0.00146994175679309,1,0.999253354069792,40.0298881530762,2.00013983602941,19.2200001329184,-60.008093153822,-10.9043940654242,250,0.0394885441019986,-10.9774334182137,-0.00663365875084362,299.9884949,299.9888306,-3023.552734375,-2903.58178710937,56.445303516256,20.6326740299884,8.512546,0,0,0,40,4449,299.92695,-2963.56726074219,,,,,,,,,,,,,0,,,,11.2395077,,,,,,299.98866275,,,,
,16777709.54,299.98880005,-2843.55847167969,-10.9745004597448,0.00117747421197601,1,0.999253354069792,40.0298881530762,2.00014134683758,19.2200001329184,-59.9799204418342,-10.9042238707978,250,0.038594629987294,-10.9724303653433,-0.00750706839266064,299.9887695,299.9888306,-2903.58178710937,-2783.53515625,56.5273745107752,20.6364033742105,8.884414,0,0,0,40,4449,299.9266,-2843.55847167969,,,,,,,,,,,,,0,,,,11.2395077,,,,,,299.98880005,,,,
,16777710.55,299.9887695,-2738.51928710938,-10.9696025935069,0.000483358931719617,1,0.999253354069792,40.0298881530762,2.00017709482938,19.2200001329184,-59.9546993607999,-10.8968334121274,250,0.0390744568416454,-10.9675355054185,-0.00700695524690069,299.9887695,299.9887695,-2783.53515625,-2693.50341796875,56.4539014299675,20.6352952473942,8.512546,0,0,0,40,4449,299.9285,-2738.51928710938,,,,,,,,,,,,,0,,,,10.9588633,,,,,,299.9887695,,,,
,16777711.47,299.98828125,-2643.55078125,-10.9648253003796,0.000999693076733921,1,0.999253354069792,40.0298881530762,2.00019614658765,19.2200001329184,-59.9295935631402,-10.8897755469161,250,0.0395000951282627,-10.9627610961171,-0.00656211739371411,299.987793,299.9887695,-2693.50341796875,-2593.59814453125,56.5719273363714,20.6345642995256,8.884414,0,0,0,40,4449,299.92685,-2643.55078125,,,,,,,,,,,,,0,,,,11.12556505,,,,,,299.98828125,,,,
,16777712.43,299.987793,-2548.72814941406,-10.9605253694184,0.000928698507020482,1,0.999253354069792,40.0298881530762,2.00019273158328,19.2200001329184,-59.9052906637309,-10.8892738470184,250,0.0387918990169063,-10.9584592069019,-0.00725270165685064,299.987793,299.987793,-2593.59814453125,-2503.85815429687,56.5641110511791,20.6346339758944,8.884414,0,0,0,40,4449,299.9262,-2548.72814941406,,,,,,,,,,,,,0,,,,11.40620945,,,,,,299.987793,,,,
,16777713.42,299.9881897,-2453.84985351562,-10.9547555578738,0.00108575799756015,1,0.999253354069792,40.0298881530762,2.00014697969758,19.2300006747246,-59.872722743401,-10.8816637133996,250,0.0390710340369151,-10.9526915616229,-0.00694959594450752,299.987793,299.9885864,-2503.85815429687,-2403.84155273438,56.4171648895637,20.6347388903742,8.512546,0,0,0,40,4449,299.92765,-2453.84985351562,,,,,,,,,,,,,0,,,,11.5201521,,,,,,299.9881897,,,,
,16777714.505,299.98864745,-2348.84948730469,-10.9489337935683,0.00126199124982135,1,0.999253354069792,40.0298881530762,2.00024701460587,19.2200001329184,-59.8441452045774,-10.8746581067293,250,0.0393715462746396,-10.9468720215805,-0.00662509027380869,299.9885864,299.9887085,-2403.84155273438,-2293.857421875,56.5734905934098,20.633336952524,8.512546,0,0,0,40,4449,299.9283,-2348.84948730469,,,,,,,,,,,,,0,,,,11.40620945,,,,,,299.98864745,,,,
,16777715.45,299.98928835,-2253.82604980469,-10.9444915997721,0.00146875475890832,1,0.999253354069792,40.0298881530762,2.00025161316603,19.2200001329184,-59.8202901049162,-10.8686934572838,250,0.0396445895629832,-10.9424315856526,-0.00633380730170121,299.9887085,299.9898682,-2293.857421875,-2213.79467773438,56.4734421429483,20.6330666069213,7.396941,0,0,0,40,4449,299.92885,-2253.82604980469,,,,,,,,,,,,,0,,,,11.40620945,,,,,,299.98928835,,,,
,16777716.395,299.98962405,-2158.78161621094,-10.9403031642424,0.00105933601854847,1,0.999253354069792,40.0298881530762,2.00018114880153,19.2300006747246,-59.7951974508439,-10.864943336388,250,0.0394869261474793,-10.9382431309718,-0.00647463201716493,299.9893799,299.9898682,-2213.79467773438,-2103.7685546875,56.5398805670829,20.631310769048,8.884414,0,0,0,40,4449,299.92705,-2158.78161621094,,,,,,,,,,,,,0,,,,11.40620945,,,,,,299.98962405,,,,
,16777717.555,299.98872375,-2043.78747558594,-10.9344632142507,0.00120757004339806,1,0.999253354069792,40.0298881530762,2.00020163817542,19.2200001329184,-59.7637950391642,-10.8596945537515,250,0.0393856260864585,-10.9324042371789,-0.00655212229504892,299.9880676,299.9893799,-2103.7685546875,-1983.80639648438,56.4507749158906,20.6303983584596,7.396941,0,0,0,40,4449,299.926,-2043.78747558594,,,,,,,,,,,,,0,,,,11.12556505,,,,,,299.98872375,,,,
,16777718.58,299.9879913,-1938.79699707031,-10.9298203704479,0.00102755778628505,1,0.999253354069792,40.0298881530762,2.00022516784075,19.2200001329184,-59.739639606681,-10.8523272904692,250,0.0398966574807209,-10.9277647500324,-0.00602200820944461,299.987915,299.9880676,-1983.80639648438,-1893.78759765625,56.424981174756,20.6300661640674,9.256284,0,0,0,40,4449,299.927,-1938.79699707031,,,,,,,,,,,,,0,,,,11.12556505,,,,,,299.9879913,,,,
,16777719.53,299.98883055,-1843.84997558594,-10.9242938020803,0.000874557956346715,1,0.999253354069792,40.0298881530762,2.00027852115751,19.2200001329184,-59.7107034409598,-10.8486301724149,250,0.0396006359424036,-10.9222376921518,-0.00629509967567826,299.987915,299.9897461,-1893.78759765625,-1793.91235351562,56.5054889122367,20.6308207295626,9.256284,0,0,0,40,4449,299.92755,-1843.84997558594,,,,,,,,,,,,,0,,,,11.12556505,,,,,,299.98883055,,,,
,16777720.665,299.9890442,-1728.91510009766,-10.9137785333955,0.00105427383626531,1,0.999253354069792,40.0298881530762,2.00036149613887,19.2200001329184,-59.6557565894734,-10.8379956399126,250,0.0396783015589139,-10.9117247642779,-0.00617369375737208,299.9883423,299.9897461,-1793.91235351562,-1663.91784667969,56.3984058051021,20.6344099442975,8.512546,0,0,0,40,4449,299.9282,-1728.91510009766,,,,,,,,,,,,,0,,,,11.12556505,,,,,,299.9890442,,,,
,16777721.87,299.98892215,-1608.98413085938,-10.908732382622,0.000965375172137365,1,0.999253354069792,40.0298881530762,2.00031178604434,19.2200001329184,-59.6271144364738,-10.8306461980165,250,0.0400405680557313,-10.9066811581045,-0.00579086909585885,299.9883423,299.989502,-1663.91784667969,-1554.05041503906,56.3147715535444,20.6322370255698,8.512546,0,0,0,40,4449,299.9281,-1608.98413085938,,,,,,,,,,,,,0,,,,11.40620945,,,,,,299.98892215,,,,
,16777722.94,299.989502,-1503.99432373047,-10.9028575902341,0.00117112384849548,1,0.999253354069792,40.0298881530762,2.00035123525531,19.2200001329184,-59.5949730941859,-10.8313512458642,250,0.0388607358709904,-10.9008023192402,-0.00694634554963374,299.989502,299.989502,-1554.05041503906,-1453.93823242187,56.3601060076598,20.6335519264811,8.884414,0,0,0,40,4449,299.9276,-1503.99432373047,,,,,,,,,,,,,0,,,,11.40620945,,,,,,299.989502,,,,
,16777723.985,299.9896851,-1398.96514892578,-10.8976408445864,0.000761827158406791,1,0.999253354069792,40.0298881530762,2.00026199314144,19.2200001329184,-59.5639392049977,-10.8253114335494,250,0.0389131402216476,-10.8955867575946,-0.00687229507539991,299.989502,299.9898682,-1453.93823242187,-1343.99206542969,56.5242479966983,20.6326062047961,8.512546,0,0,0,40,4449,299.92875,-1398.96514892578,,,,,,,,,,,,,0,,,,11.40620945,,,,,,299.9896851,,,,
,16777725.03,299.9895935,-1294.00958251953,-10.8923848556609,0.00125654344235845,1,0.999253354069792,40.0298881530762,2.00033560834969,19.2200001329184,-59.5380037149545,-10.8169365687947,250,0.0395431629422581,-10.8903344871277,-0.00622068903144204,299.9893188,299.9898682,-1343.99206542969,-1244.02709960938,56.6719757868329,20.63295427106,7.396941,0,0,0,40,4449,299.92925,-1294.00958251953,,,,,,,,,,,,,0,,,,11.5201521,,,,,,299.9895935,,,,
,16777726.045,299.9898834,-1189.05786132812,-10.887657525771,0.00121212720116705,1,0.999253354069792,40.0298881530762,2.00032631613199,19.2200001329184,-59.5122850374009,-10.8100829881841,250,0.0399125436194851,-10.8856095284621,-0.00583180360384318,299.9893188,299.990448,-1244.02709960938,-1134.08862304688,56.3475999513521,20.6314527746845,8.512546,0,0,0,40,4449,299.9302,-1189.05786132812,,,,,,,,,,,,,0,,,,11.40620945,,,,,,299.9898834,,,,
,16777727.145,299.9904785,-1078.9811706543,-10.8818771970186,0.00104146006632573,1,0.999253354069792,40.0298881530762,2.00032804497735,19.2200001329184,-59.4796911057263,-10.8099995313973,250,0.0388578908260423,-10.8798256771205,-0.00686227871293226,299.990448,299.990509,-1134.08862304688,-1023.87371826172,56.5617661656214,20.6352760788028,8.512546,0,0,0,40,4449,299.931,-1078.9811706543,,,,,,,,,,,,,0,,,,11.2922668,,,,,,299.9904785,,,,
,16777728.085,299.990509,-988.990692138672,-10.8757954598598,0.00136128716461281,1,0.999253354069792,40.0298881530762,2.00030887635778,19.2200001329184,-59.4463590185533,-10.8013443333054,250,0.0392967367935691,-10.8737469564644,-0.00639853527869288,299.990509,299.990509,-1023.87371826172,-954.107666015625,56.4054404617752,20.6331203523473,8.512546,0,0,0,40,4449,299.92995,-988.990692138672,,,,,,,,,,,,,0,,,,11.23614355,,,,,,299.990509,,,,
,16777729.04,299.99072265,-894.211822509766,-10.8711258813199,0.000594272650131555,1,0.999253354069792,40.0298881530762,2.00029796801912,19.2200001329184,-59.4211321694513,-10.7933418597247,250,0.0398858129461501,-10.8690806746302,-0.00579041907542547,299.990509,299.9909363,-954.107666015625,-834.315979003906,56.435142345506,20.6331723271815,8.512546,0,0,0,40,4449,299.92955,-894.211822509766,,,,,,,,,,,,,0,,,,11.23614355,,,,,,299.99072265,,,,
,16777730.245,299.99061585,-769.3466796875,-10.8655940698623,0.000423003384251382,1,0.999253354069792,40.0298881530762,2.00030407322676,19.2200001329184,-59.3897833573609,-10.7948318343816,250,0.0385937199508076,-10.8635445484983,-0.00705960311113181,299.9902954,299.9909363,-834.315979003906,-704.377380371094,56.4789135425829,20.6345184998118,7.396941,0,0,0,40,4449,299.929,-769.3466796875,,,,,,,,,,,,,0,,,,11.2922668,,,,,,299.99061585,,,,
,16777731.245,299.9902954,-669.435241699219,-10.8592157358143,0.00110396061839429,1,0.999253354069792,40.0298881530762,2.000370408548,19.2200001329184,-59.357934820041,-10.7829365724796,250,0.0396529405727575,-10.8571720497784,-0.00597424051367326,299.9902954,299.9902954,-704.377380371094,-634.493103027344,56.4937644844483,20.63196783791,9.256284,0,0,0,40,4449,299.9287,-669.435241699219,,,,,,,,,,,,,0,,,,11.40620945,,,,,,299.9902954,,,,
,16777732.205,299.9905853,-574.512023925781,-10.854422765494,0.00120351839653372,1,0.999253354069792,40.0298881530762,2.0004121770995,19.2200001329184,-59.3329627672859,-10.7782879550455,250,0.0396554924801015,-10.8523799326838,-0.00595173617754084,299.9902954,299.9908752,-634.493103027344,-514.530944824219,56.4773502855444,20.6327615055701,8.512546,0,0,0,40,4449,299.92965,-574.512023925781,,,,,,,,,,,,,0,,,,11.2395077,,,,,,299.9905853,,,,
,16777733.33,299.99082945,-464.566482543945,-10.8485204570225,0.000873386131327053,1,0.999253354069792,40.0298881530762,2.00038321100288,19.2200001329184,-59.2983841591107,-10.7802430333397,250,0.0381753295386714,-10.8464724998958,-0.00740690869524269,299.9907837,299.9908752,-514.530944824219,-414.602020263672,56.472660514429,20.6319921290876,8.512546,0,0,0,40,4449,299.93125,-464.566482543945,,,,,,,,,,,,,0,,,,10.9588633,,,,,,299.99082945,,,,
,16777734.25,299.9907837,-374.668365478516,-10.8424471744895,0.00130793357555741,1,0.999253354069792,40.0298881530762,2.00039194767994,19.2200001329184,-59.2655243125074,-10.7737971994211,250,0.0382378612457388,-10.8404007056603,-0.00731918492679475,299.9907837,299.9907837,-414.602020263672,-334.734710693359,56.6063189912175,20.6330927742594,8.512546,0,0,0,40,4449,299.93125,-374.668365478516,,,,,,,,,,,,,0,,,,11.12556505,,,,,,299.9907837,,,,
,16777735.205,299.9906311,-279.788352966309,-10.8373618497229,0.000998490508482095,1,0.999253354069792,40.0298881530762,2.00039288274642,19.2200001329184,-59.2387750820122,-10.7632460244007,250,0.0392278977630433,-10.8353205835606,-0.00630854843146923,299.9904785,299.9907837,-334.734710693359,-224.841995239258,56.3452550657944,20.6317491874303,7.396941,0,0,0,40,4449,299.92985,-279.788352966309,,,,,,,,,,,,,0,,,,11.2922668,,,,,,299.9906311,,,,
,16777736.165,299.9900818,-184.857147216797,-10.8310151796797,0.00121931957407551,1,0.999253354069792,40.0298881530762,2.00041370656977,19.2200001329184,-59.203701727152,-10.7623541213367,250,0.0382346810046187,-10.8289712174828,-0.0072752706583472,299.9896851,299.9904785,-224.841995239258,-144.872299194336,56.4195097751214,20.6308332597936,8.512546,0,0,0,40,4449,299.9294,-184.857147216797,,,,,,,,,,,,,0,,,,11.2922668,,,,,,299.9900818,,,,
,16777737.075,299.9903412,-72.1999264955521,-10.8256104511782,0.00118859825419068,1,0.999253354069792,40.0298881530762,2.00041979654761,19.2200001329184,-59.1747843541241,-10.7545850056402,250,0.0386608494148486,-10.8235692458136,-0.006826804687424,299.9896851,299.9909973,-144.872299194336,0.472446203231812,56.2764717561021,20.6320426910965,9.256284,0,0,0,40,4449,299.9293,-72.1999264955521,,,,,,,,,,,,,0,,,,11.2922668,,,,,,299.9903412,,,,
,16777738.045,299.991745,0.134984634816647,-10.8207566133813,0.00104905540055452,1,0.999253354069792,40.0298881530762,2.00041157346046,19.2200001329184,-59.1487526560241,-10.74572659577,250,0.0393745885012706,-10.8187188218734,-0.00609295510590433,299.9909973,299.9924927,-0.202476933598518,0.472446203231812,56.6352392464291,20.6328318626687,8.884414,0,0,0,40,4417,299.92935,0.134984634816647,,,,,,,,,,,,,0,,,,11.3489532,,,,,,299.991745,,,,
