Comment,Time Stamp (sec),Temperature (K),Magnetic Field (Oe),Moment (emu),M. Std. Err. (emu),Transport Action,Averaging Time (sec),Frequency (Hz),Peak Amplitude (mm),Center Position (mm),Coil Signal' (mV),Coil Signal" (mV),Range (mV),M. Quad. Signal (emu),M. Raw' (emu),M. Raw" (emu),Min. Temperature (K),Max. Temperature (K),Min. Field (Oe),Max. Field (Oe),Mass (grams),Motor Lag (deg),Pressure (Torr),VSM Status (code),Motor Status (code),Measure Status (code),Measure Count,PPMS Status (code),System Temp. (K),System Field (Oe),Sample Position (deg),Bridge 1 Resistance (ohms),Bridge 1 Excitation (µA),Bridge 2 Resistance (ohms),Bridge 2 Excitation (µA),Bridge 3 Resistance (ohms),Bridge 3 Excitation (µA),Bridge 4 Resistance (ohms),Bridge 4 Excitation (µA),Signal 1 Vin (V),Signal 2 Vin (V),Digital Inputs (code),Drive 1 Iout (mA),Drive 1 Ipower (W),Drive 2 Iout (mA),Drive 2 Ipower (W),Pressure (),Map 20 (),Map 21 (),Map 22 (),Map 23 (),Map 24 (),Map 25 (),Map 26 (),Map 27 (),Map 28 (),Map 29 ()
sample offset = 35.27 mm touchdown = 6.010000128299 mm,15576798.235,299.9560547,0.438700035214424,0.0506849940397279,0.000108838524921702,1,0.999253354069792,40.0298881530762,1.97987696698623,11.0999997705221,0.273212853896499,0.0531116271817124,2.5,0.00043852728807511,0.050672907206573,0.000651291115464298,299.9560547,299.9560547,0.404953867197037,0.472446203231812,55.3361726474674,20.7841761813724,9.256284,0,0,0,40,4417,300.0276,0.438700035214424,,,,,,,,,,,,,0,,,,17.1790924,,,,,,299.9560547,,,,
,15576811.34,299.969635,59.3858184814453,0.0511921190917431,0.00013859762233914,1,0.999253354069792,40.0298881530762,1.98022013753087,11.0999997705221,0.276126615363969,0.0529312815675073,2.5,0.000309394770029374,0.051180442245729,0.000524354484911649,299.969635,299.969635,59.3858184814453,59.3858184814453,56.4163832610444,20.7816914213639,8.884414,0,0,0,40,4449,299.9794,59.3858184814453,,,,,,,,,,,,,0,,,,17.7017174,,,,,,299.969635,,,,
,15576811.885,299.97032165,103.955268859863,0.0568786306823811,0.000476080713690363,1,0.999253354069792,40.0298881530762,1.98013952955771,11.0999997705221,0.306880167035687,0.0583065513803667,2.5,0.000250778959540291,0.0568660459314098,0.000489635040722984,299.969635,299.9710083,59.3858184814453,148.524719238281,56.648526931256,20.7857236645709,9.256284,0,0,0,40,4449,299.9794,103.955268859863,,,,,,,,,,,,,0,,,,17.5266352,,,,,,299.97032165,,,,
,15576812.92,299.97106935,191.84538269043,0.0720228976296506,0.000849714633134471,1,0.999253354069792,40.0298881530762,1.98034889008407,11.0999997705221,0.38806950108743,0.0768551433074386,2.5,0.000876134425848842,0.0720046141892822,0.00117847153523515,299.9710083,299.9711304,148.524719238281,235.166046142578,56.6024108486214,20.7838763817262,9.256284,0,0,0,40,4449,299.98015,191.84538269043,,,,,,,,,,,,,0,,,,17.351553,,,,,,299.97106935,,,,
,15576813.92,299.97143555,281.563369750977,0.0933460787923369,0.00112994249609225,1,0.999253354069792,40.0298881530762,1.98022763835859,11.0999997705221,0.503346825348235,0.0973646483528039,2.5,0.000721013576672571,0.0933241223494441,0.00111294285663462,299.9711304,299.9717407,235.166046142578,327.960693359375,55.9145777516982,20.7851599712725,9.256284,0,0,0,40,4449,299.98,281.563369750977,,,,,,,,,,,,,0,,,,17.351553,,,,,,299.97143555,,,,
,15576814.915,299.97213745,377.240478515625,0.118895306671732,0.00120541641766635,1,0.999253354069792,40.0298881530762,1.98049001561477,11.0999997705221,0.641092370311775,0.124598797566227,2.5,0.00102371781283413,0.118866895406778,0.00152289500935514,299.9717407,299.9725342,327.960693359375,426.520263671875,55.873151440179,20.7778284461607,9.256284,0,0,0,40,4449,299.98,377.240478515625,,,,,,,,,,,,,0,,,,17.351553,,,,,,299.97213745,,,,
,15576816,299.97233585,482.174407958984,0.146104762815259,0.00125829003298405,1,0.999253354069792,40.0298881530762,1.98000984382436,11.1100003123283,0.78843884483455,0.148669461907255,2.5,0.000441650082471035,0.146073277964907,0.00105522430666864,299.9721375,299.9725342,426.520263671875,537.828552246094,55.9661652339675,20.7868990719599,9.256284,0,0,0,40,4449,299.9806,482.174407958984,,,,,,,,,,,,,0,,,,17.4386654,,,,,,299.97233585,,,,
,15576817.005,299.97299195,583.304901123047,0.173488958876961,0.00123793791828815,1,0.999253354069792,40.0298881530762,1.98039199163752,11.0999997705221,0.936278679859011,0.177173165476936,2.5,0.000636567412472352,0.173451098068034,0.00136511619959832,299.9721375,299.9738464,537.828552246094,628.78125,57.1589303543137,20.7828755759436,9.256284,0,0,0,40,4449,299.97995,583.304901123047,,,,,,,,,,,,,0,,,,17.6137476,,,,,,299.97299195,,,,
,15576818.06,299.97349545,688.999877929688,0.200812744513707,0.00125782161568239,1,0.999253354069792,40.0298881530762,1.98025823355496,11.0999997705221,1.0840630302426,0.202929307197474,2.5,0.000341581046339437,0.200770577742661,0.00118494722304563,299.9731445,299.9738464,628.78125,749.218505859375,56.963523224506,20.7783255165909,9.256284,0,0,0,40,4449,299.9796,688.999877929688,,,,,,,,,,,,,0,,,,17.5266352,,,,,,299.97349545,,,,
,15576819.24,299.97427365,809.329498291016,0.228017791088748,0.0012533403997531,1,0.999253354069792,40.0298881530762,1.98014409901526,11.0999997705221,1.2306993302544,0.231257969415963,2.5,0.000545252950747738,0.227969245476554,0.0015028287786925,299.9731445,299.9754028,749.218505859375,869.440490722656,55.5057860361405,20.7830392182665,9.256284,0,0,0,40,4449,299.9805,809.329498291016,,,,,,,,,,,,,0,,,,17.351553,,,,,,299.97427365,,,,
,15576820.28,299.9763794,914.411834716797,0.255433100473069,0.00132629036728474,1,0.999253354069792,40.0298881530762,1.98026634234021,11.0999997705221,1.37885182357462,0.258546432716236,2.5,0.000512313638285775,0.255379113978986,0.00158502111225179,299.9754028,299.977356,869.440490722656,959.383178710937,56.3444734372752,20.7818020162689,8.512546,0,0,0,40,4449,299.98305,914.411834716797,,,,,,,,,,,,,0,,,,17.351553,,,,,,299.9763794,,,,
,15576824.255,299.9789734,1313.94586181641,0.364132794457054,0.00130683554912525,1,0.999253354069792,40.0298881530762,1.98036942386388,11.1100003123283,1.96681021845589,0.366340315034171,25,0.000291508731801377,0.364057647656024,0.00182074065366601,299.9789734,299.9789734,1308.83459472656,1319.05712890625,56.6242964471598,20.7780345028191,8.512546,0,0,0,40,4449,299.983,1313.94586181641,,,,,,,,,,,,,0,,,,17.5257778,,,,,,299.9789734,,,,
,15576824.88,299.97895815,1374.32019042969,0.392488640550511,0.00122473211362576,1,0.999253354069792,40.0298881530762,1.98009624829906,11.0999997705221,2.11998720105397,0.393185041223114,25,1.24703884640348E-5,0.39240891076309,0.00166083396628611,299.9789429,299.9789734,1319.05712890625,1429.58325195312,57.0018230219483,20.7857193992099,8.512546,0,0,0,40,4449,299.98375,1374.32019042969,,,,,,,,,,,,,0,,,,17.6137476,,,,,,299.97895815,,,,
,15576826.085,299.97885135,1494.5166015625,0.419677166122938,0.00119005036939035,1,0.999253354069792,40.0298881530762,1.98023134524123,11.0999997705221,2.26658433491073,0.422659628474156,25,0.000422451309981592,0.419590199014937,0.0021848942921594,299.9787598,299.9789429,1429.58325195312,1559.44995117187,56.0091548025252,20.7869879001939,9.256284,0,0,0,40,4449,299.98415,1494.5166015625,,,,,,,,,,,,,0,,,,17.7017174,,,,,,299.97885135,,,,
,15576827.195,299.97994995,1604.22894287109,0.446775187853394,0.00129791094759615,1,0.999253354069792,40.0298881530762,1.98019263849593,11.0999997705221,2.4132438223979,0.448026627577509,25,9.52326456609429E-5,0.446684078372495,0.0019715227192584,299.9787598,299.9811401,1559.44995117187,1649.00793457031,56.5688008222944,20.7894606855594,8.512546,0,0,0,40,4449,299.9846,1604.22894287109,,,,,,,,,,,,,0,,,,17.5266352,,,,,,299.97994995,,,,
,15576828.265,299.981369,1708.91021728516,0.472840876889848,0.00130306079934172,1,0.999253354069792,40.0298881530762,1.98033281292043,11.0999997705221,2.55438934576456,0.473247828673264,25,-7.5083599484167E-5,0.472745168361077,0.00191068179224536,299.9811401,299.9815979,1649.00793457031,1768.8125,56.2233210167944,20.7827285525726,8.884414,0,0,0,40,4449,299.98535,1708.91021728516,,,,,,,,,,,,,0,,,,17.5266352,,,,,,299.981369,,,,
,15576829.39,299.98179625,1823.72479248047,0.500064606176316,0.00127717267563244,1,0.999253354069792,40.0298881530762,1.98023499435472,11.0999997705221,2.70147268585505,0.499688827139538,25,-0.000224165237746408,0.499963988805384,0.00187594407728226,299.9815979,299.9819946,1768.8125,1878.63708496094,56.1873661049098,20.7889861904652,9.256284,0,0,0,40,4449,299.9843,1823.72479248047,,,,,,,,,,,,,0,,,,17.5266352,,,,,,299.98179625,,,,
,15576830.365,299.98249815,1923.65802001953,0.526380313609112,0.00127324385331278,1,0.999253354069792,40.0298881530762,1.98023499435472,11.0999997705221,2.84324898972434,0.52807499116382,25,0.00015102375513587,0.526272765661629,0.00236153934763334,299.9819946,299.9830017,1878.63708496094,1968.67895507813,56.1006053392752,20.7889861904652,8.512546,0,0,0,40,4449,299.98545,1923.65802001953,,,,,,,,,,,,,0,,,,17.5266352,,,,,,299.98249815,,,,
,15576831.395,299.9832306,2028.51318359375,0.55344973095231,0.00118244181218476,1,0.999253354069792,40.0298881530762,1.98026547526017,11.0999997705221,2.98915437297216,0.557155371648701,25,0.000513432579582026,0.553335152505486,0.00283750742269161,299.9830017,299.9834595,1968.67895507813,2088.34741210938,56.8853603725829,20.7817359094617,9.256284,0,0,0,40,4449,299.9877,2028.51318359375,,,,,,,,,,,,,0,,,,17.5266352,,,,,,299.9832306,,,,
,15576832.505,299.9838257,2138.32336425781,0.578606578051078,0.00128503325592867,1,0.999253354069792,40.0298881530762,1.98018784826847,11.1100003123283,3.12515082164273,0.581136509982139,25,0.000292077428344756,0.578487808419818,0.00272182084787986,299.9834595,299.9841919,2088.34741210938,2188.29931640625,56.3561978650637,20.7860341642679,9.256284,0,0,0,40,4449,299.987,2138.32336425781,,,,,,,,,,,,,0,,,,17.5266352,,,,,,299.9838257,,,,
,15576833.505,299.9846802,2238.32165527344,0.604156715026028,0.00112677468597953,1,0.999253354069792,40.0298881530762,1.98027095603639,11.1100003123283,3.26347868340619,0.605778005664869,25,0.000111516852596498,0.604033496684343,0.00264856609463613,299.9841919,299.9851685,2188.29931640625,2288.34399414062,56.1826763337944,20.7863333364799,9.256284,0,0,0,40,4449,299.98695,2238.32165527344,,,,,,,,,,,,,0,,,,17.7017174,,,,,,299.9846802,,,,
,15576834.545,299.98603825,2343.20874023438,0.629662651833065,0.00121728417526503,1,0.999253354069792,40.0298881530762,1.98031835515185,11.0999997705221,3.40179843013567,0.628860264890354,25,-0.000347796866883502,0.629536151848995,0.00229642065902092,299.9851685,299.986908,2288.34399414062,2398.07348632813,55.883312610929,20.7813249895793,9.256284,0,0,0,40,4449,299.98735,2343.20874023438,,,,,,,,,,,,,0,,,,17.5266352,,,,,,299.98603825,,,,
,15576835.595,299.9873047,2448.01208496094,0.655106267705854,0.00130746153709847,1,0.999253354069792,40.0298881530762,1.98052053062747,11.0999997705221,3.53925997235599,0.656233417888882,25,-1.07142403460672E-5,0.65497315453308,0.0027402434312363,299.986908,299.9877014,2398.07348632813,2497.95068359375,55.5565918898905,20.7777830503451,8.512546,0,0,0,40,4449,299.9879,2448.01208496094,,,,,,,,,,,,,0,,,,17.5266352,,,,,,299.9873047,,,,
,15576836.595,299.9877472,2547.88928222656,0.680389885653997,0.00110850378360607,1,0.999253354069792,40.0298881530762,1.98018117470524,11.0999997705221,3.67491921226462,0.683188490486775,25,0.000311387430037488,0.680250274093493,0.00316840585483214,299.9877014,299.987793,2497.95068359375,2597.82788085938,57.1933220091599,20.7853990956035,8.512546,0,0,0,40,4449,299.98925,2547.88928222656,,,,,,,,,,,,,0,,,,17.7017174,,,,,,299.9877472,,,,
,15576837.705,299.9875946,2656.80187988281,0.726737450544126,0.00130476116709618,1,0.999253354069792,40.0298881530762,1.97994763072608,11.0999997705221,3.92796002902064,0.712601275863935,25,-0.00282258963291734,0.726601585552119,0.000229650429795959,299.9873962,299.987793,2597.82788085938,2715.77587890625,56.6266413327175,20.7911764708859,8.512546,0,0,0,40,4449,299.98935,2656.80187988281,,,,,,,,,,,,,0,,,,17.7017174,,,,,,299.9875946,,,,
,15576838.845,299.98786925,2769.1513671875,0.746382717752209,0.0015635382036021,1,0.999253354069792,40.0298881530762,1.98016835177304,11.1100003123283,4.03257600314187,0.742750143879248,25,-0.000898312993602436,0.746234775380829,0.00223599164555818,299.9873962,299.9883423,2715.77587890625,2822.52685546875,56.2631840712752,20.7915648750071,9.256284,0,0,0,40,4449,299.98925,2769.1513671875,,,,,,,,,,,,,0,,,,17.5266352,,,,,,299.98786925,,,,
,15576839.9,299.98910525,2874.77868652344,0.775840405084941,0.00123257886425467,1,0.999253354069792,40.0298881530762,1.98016694070413,11.1100003123283,4.191325826226,0.774230982409805,25,-0.000532545439904114,0.775684906521574,0.00272535097637975,299.9883423,299.9898682,2822.52685546875,2927.03051757812,56.8556584888522,20.7854318301913,9.256284,0,0,0,40,4449,299.98855,2874.77868652344,,,,,,,,,,,,,0,,,,17.4386654,,,,,,299.98910525,,,,
,15576841.04,299.9895935,2987.89807128906,0.801635743704309,0.00116960442039368,1,0.999253354069792,40.0298881530762,1.98040761841291,11.1100003123283,4.33088418122362,0.80173540640098,25,-0.000241495505370216,0.801473767961715,0.00312461841221073,299.9893188,299.9898682,2927.03051757812,3048.765625,56.1607907352559,20.7803633993235,9.256284,0,0,0,40,4449,299.9883,2987.89807128906,,,,,,,,,,,,,0,,,,17.6137476,,,,,,299.9895935,,,,
,15576842.11,299.99052425,3093.85266113281,0.825916023623476,0.00118876497284363,1,0.999253354069792,40.0298881530762,1.98037200292891,11.0999997705221,4.46203805445354,0.825698756199798,25,-0.000305309567491113,0.825749354653577,0.00316273019130119,299.9893188,299.9917297,3048.765625,3138.93969726562,55.6488240551597,20.7836262721507,9.256284,0,0,0,40,4449,299.9882,3093.85266113281,,,,,,,,,,,,,0,,,,17.7017174,,,,,,299.99052425,,,,
,15576843.09,299.99067685,3194.14099121094,0.849419599563848,0.00122514392932165,1,0.999253354069792,40.0298881530762,1.98026340295063,11.0999997705221,4.58905028691899,0.847646845240656,25,-0.000592363068687987,0.849249355012126,0.00297439059693642,299.989624,299.9917297,3138.93969726562,3249.34228515625,56.1451581648713,20.7840275098844,8.512546,0,0,0,40,4449,299.9878,3194.14099121094,,,,,,,,,,,,,0,,,,17.7017174,,,,,,299.99067685,,,,
,15576844.2,299.99012755,3304.22143554687,0.873524525088181,0.00114449869064448,1,0.999253354069792,40.0298881530762,1.98011215201783,11.0999997705221,4.71922337500576,0.870040451588209,25,-0.000904628876326033,0.87335071110061,0.00276336622806338,299.989624,299.9906311,3249.34228515625,3359.1005859375,56.3280592383713,20.7904887703298,9.256284,0,0,0,40,4449,299.98715,3304.22143554687,,,,,,,,,,,,,0,,,,17.7017174,,,,,,299.99012755,,,,
,15576845.23,299.9909973,3409.10375976562,0.896204409681205,0.00107808512560729,1,0.999253354069792,40.0298881530762,1.98035455599793,11.0999997705221,4.84152531499389,0.897073941093898,25,-0.000125155960590049,0.896022685820157,0.00363787707877017,299.9906311,299.9913635,3359.1005859375,3459.10693359375,56.2498963864483,20.7831224724755,8.512546,0,0,0,40,4449,299.98635,3409.10375976562,,,,,,,,,,,,,0,,,,17.7017174,,,,,,299.9909973,,,,
,15576846.305,299.99205015,3518.99389648438,0.919536574396963,0.00114400321667145,1,0.999253354069792,40.0298881530762,1.9803626819832,11.1100003123283,4.96903999621964,0.91262006735732,25,-0.00157452968689102,0.919356159550164,0.00228672607657492,299.9913635,299.9927368,3459.10693359375,3578.880859375,56.4765686570252,20.7902823024109,9.256284,0,0,0,40,4449,299.98575,3518.99389648438,,,,,,,,,,,,,0,,,,17.6137476,,,,,,299.99205015,,,,
,15576847.54,299.9932251,3638.84008789063,0.965450339081717,0.00125873627366201,1,0.999253354069792,40.0298881530762,1.98011196597467,11.0999997705221,5.21541972850562,0.963932335431746,25,-0.000567802015533034,0.965256321425937,0.00348598417927328,299.9927368,299.9937134,3578.880859375,3698.79931640625,56.3593243791406,20.7920294054328,9.256284,0,0,0,40,4449,299.98515,3638.84008789063,,,,,,,,,,,,,0,,,,17.4386654,,,,,,299.9932251,,,,
,15576848.785,299.993927,3763.76489257812,0.989066900468492,0.00103795338400681,1,0.999253354069792,40.0298881530762,1.98035123306132,11.1100003123283,5.34252184379576,0.993590219594712,25,0.000522029680285889,0.98886348297905,0.00467469246582023,299.9937134,299.9941406,3698.79931640625,3828.73046875,55.842667927929,20.7886907520102,9.256284,0,0,0,40,4449,299.9852,3763.76489257812,,,,,,,,,,,,,0,,,,17.351553,,,,,,299.993927,,,,
,15576849.91,299.9940796,3878.69763183594,1.00998365869491,0.00134430592608974,1,0.999253354069792,40.0298881530762,1.98000227817463,11.0999997705221,5.45679103348653,1.0024381227351,25,-0.00168681363840804,1.00978525680501,0.00255409412848575,299.9940186,299.9941406,3828.73046875,3928.66479492188,55.8184374438328,20.794515025294,8.512546,0,0,0,40,4449,299.9834,3878.69763183594,,,,,,,,,,,,,0,,,,17.4386654,,,,,,299.9940796,,,,
,15576851.04,299.99484255,3992.92346191406,1.03125230970603,0.00158414655304886,1,0.999253354069792,40.0298881530762,1.98016529726069,11.0999997705221,5.57076703467781,1.03108641263016,25,-0.000341907917359174,1.03104390786307,0.00398799466251636,299.9940186,299.9956665,3928.66479492188,4057.18212890625,55.9184858942944,20.7902923289596,9.256284,0,0,0,40,4449,299.9818,3992.92346191406,,,,,,,,,,,,,0,,,,17.5257778,,,,,,299.99484255,,,,
,15576852.22,299.99572755,4107.75463867188,1.05449001085042,0.00122042707115084,1,0.999253354069792,40.0298881530762,1.98025764242136,11.0999997705221,5.69624975835014,1.05601299738763,25,-4.50933330770066E-5,1.05427560496067,0.0043822641899948,299.9956665,299.9957886,4057.18212890625,4158.3271484375,56.770460980256,20.7841424186828,8.512546,0,0,0,40,4449,299.98125,4107.75463867188,,,,,,,,,,,,,0,,,,17.6137476,,,,,,299.99572755,,,,
,15576853.26,299.9966736,4208.39819335937,1.07609181051857,0.00129801438944286,1,0.999253354069792,40.0298881530762,1.9803598935271,11.0999997705221,5.81486705411768,1.06888861910757,25,-0.00167711584163288,1.07587982690046,0.00284123125568074,299.9957886,299.9975586,4158.3271484375,4258.46923828125,56.0623055418329,20.7840930997036,9.256284,0,0,0,40,4449,299.9804,4208.39819335937,,,,,,,,,,,,,0,,,,17.5266352,,,,,,299.9966736,,,,
,15576854.4,299.99717715,4323.49829101562,1.09885906691394,0.00123314673615976,1,0.999253354069792,40.0298881530762,1.98047210649746,11.0999997705221,5.93694740539061,1.09843932285706,25,-0.000439872462616651,1.0986372392342,0.00417376086229213,299.9967957,299.9975586,4258.46923828125,4388.52734375,56.0974788251982,20.7834327223512,8.512546,0,0,0,40,4449,299.9797,4323.49829101562,,,,,,,,,,,,,0,,,,17.5266352,,,,,,299.99717715,,,,
,15576855.64,299.9973755,4448.50170898438,1.14328521423597,0.00103727577450342,1,0.999253354069792,40.0298881530762,1.98029423572358,11.0999997705221,6.17568944032846,1.14675905853423,25,0.000284842522046161,1.1430512973159,0.00508480122616887,299.9967957,299.9979553,4388.52734375,4508.47607421875,56.5195582255829,20.7853767162162,8.884414,0,0,0,40,4449,299.9785,4448.50170898438,,,,,,,,,,,,,0,,,,17.7017174,,,,,,299.9973755,,,,
,15576856.835,299.9988556,4568.42797851562,1.16299090661944,0.00126923842369387,1,0.999253354069792,40.0298881530762,1.98021435673693,11.0999997705221,6.2832330714289,1.15921576616606,25,-0.00105474030088805,1.16275854466975,0.00382816754420419,299.9979553,299.9997559,4508.47607421875,4628.3798828125,56.3069552683521,20.7909506180922,8.512546,0,0,0,40,4449,299.97775,4568.42797851562,,,,,,,,,,,,,0,,,,17.6137476,,,,,,299.9988556,,,,
,15576857.925,299.99935915,4678.37280273438,1.18426121108611,0.0011829033424565,1,0.999253354069792,40.0298881530762,1.9804002635116,11.0999997705221,6.39838092232882,1.18243394266652,25,-0.000720620345814954,1.1840231001893,0.00425145290441804,299.9989624,299.9997559,4628.3798828125,4728.36572265625,56.381209977679,20.7861011279195,9.256284,0,0,0,40,4449,299.9778,4678.37280273438,,,,,,,,,,,,,0,,,,17.5257778,,,,,,299.99935915,,,,
,15576858.97,299.99858095,4783.34130859375,1.20540486626713,0.00110363273164921,1,0.999253354069792,40.0298881530762,1.98017449464766,11.0999997705221,6.51274565209337,1.19881229032159,25,-0.0015848362641711,1.20516611674421,0.00347614217237883,299.9981995,299.9989624,4728.36572265625,4838.31689453125,56.7391958394868,20.7880292437698,8.512546,0,0,0,40,4449,299.9765,4783.34130859375,,,,,,,,,,,,,0,,,,17.6137476,,,,,,299.99858095,,,,
,15576860.04,299.9987793,4888.15576171875,1.22742232075588,0.00123539560530043,1,0.999253354069792,40.0298881530762,1.98006194455594,11.0999997705221,6.6317441804147,1.21844711790355,25,-0.00202001697626767,1.22718091270271,0.00313342467144437,299.9981995,299.9993591,4838.31689453125,4937.99462890625,56.3007022401983,20.7888099299079,8.512546,0,0,0,40,4449,299.97625,4888.15576171875,,,,,,,,,,,,,0,,,,17.7017174,,,,,,299.9987793,,,,
,15576861.025,299.9998016,4987.93920898438,1.2466012978426,0.00133245809009931,1,0.999253354069792,40.0298881530762,1.98040161553732,11.0999997705221,6.73547280905115,1.24320345425684,25,-0.00103147810694227,1.24635179258689,0.00420223342979587,299.9993591,300.0002441,4937.99462890625,5037.8837890625,56.2975757261213,20.7868941734017,8.512546,0,0,0,40,4449,299.9754,4987.93920898438,,,,,,,,,,,,,0,,,,17.6137476,,,,,,299.9998016,,,,
,15576862.08,300.0005035,5092.86572265625,1.26850390458102,0.00120236447037053,1,0.999253354069792,40.0298881530762,1.98024095645789,11.0999997705221,6.85351939050799,1.26361006344804,25,-0.0012969221403007,1.26825102436786,0.00402876063680515,300.0002441,300.0007629,5037.8837890625,5147.84765625,56.5625477941406,20.7872734050044,9.256284,0,0,0,40,4449,299.97375,5092.86572265625,,,,,,,,,,,,,0,,,,17.6137476,,,,,,300.0005035,,,,
,15576863.18,300.00115965,5202.80493164063,1.28935502261441,0.00131180149104527,1,0.999253354069792,40.0298881530762,1.98022854833504,11.0999997705221,6.96522839774521,1.28924513727439,25,-0.000416189732048568,1.28909417478476,0.00499677534450433,300.0007629,300.0015564,5147.84765625,5257.76220703125,55.9771080332367,20.7896805066704,8.512546,0,0,0,40,4449,299.9738,5202.80493164063,,,,,,,,,,,,,0,,,,17.6137476,,,,,,300.00115965,,,,
,15576864.2,300.00135805,5307.73168945313,1.31099229209752,0.00107012566604395,1,0.999253354069792,40.0298881530762,1.9802022577671,11.0999997705221,7.08187993943284,1.31163734548026,25,-0.000279870857618001,1.31072646140403,0.00522384334479571,300.0011597,300.0015564,5257.76220703125,5357.701171875,56.0200976017944,20.7926036154563,8.512546,0,0,0,40,4449,299.9732,5307.73168945313,,,,,,,,,,,,,0,,,,17.5257778,,,,,,300.00135805,,,,
,15576865.28,300.0020752,5417.67626953125,1.33084248098549,0.00102977766600963,1,0.999253354069792,40.0298881530762,1.98033164184991,11.0999997705221,7.1891401851125,1.33388453623686,25,0.000142128288275721,1.33057080326449,0.00572906281220915,300.0011597,300.0029907,5357.701171875,5477.6513671875,56.455464687006,20.7877807373731,9.256284,0,0,0,40,4449,299.9709,5417.67626953125,,,,,,,,,,,,,0,,,,17.6137476,,,,,,300.0020752,,,,
,15576866.315,300.0029907,5517.63330078125,1.35247852524438,0.000948523479660675,1,0.999253354069792,40.0298881530762,1.98040789608387,11.1100003123283,7.30728530514793,1.35025933543098,25,-0.000848008436100816,1.35220655350191,0.00482993605841511,300.0029907,300.0029907,5477.6513671875,5557.615234375,56.5891231637945,20.7891511350528,9.256284,0,0,0,40,4449,299.96865,5517.63330078125,,,,,,,,,,,,,0,,,,17.7017174,,,,,,300.0029907,,,,
,15576867.37,300.0033569,5622.52685546875,1.37230736619038,0.00130509742159181,1,0.999253354069792,40.0298881530762,1.98046629434445,11.0999997705221,7.41421435716776,1.37234419321967,25,-0.000444062125840825,1.37202964573687,0.00531698878233694,300.0029907,300.0037231,5557.615234375,5687.4384765625,55.9528775491405,20.7856526693526,8.512546,0,0,0,40,4449,299.96765,5622.52685546875,,,,,,,,,,,,,0,,,,17.7017174,,,,,,300.0033569,,,,
,15576868.515,300.00204465,5732.28491210937,1.41032411807591,0.00207090535891662,1,0.999253354069792,40.0298881530762,1.98011071722913,11.1100003123283,7.61887933827626,1.40685527484293,25,-0.0010597968572337,1.41004131180582,0.00486090831421021,300.0003662,300.0037231,5687.4384765625,5777.13134765625,56.4070037188137,20.7877262514489,8.512546,0,0,0,40,4449,299.96695,5732.28491210937,,,,,,,,,,,,,0,,,,17.7017174,,,,,,300.00204465,,,,
,15576869.725,300.0019684,5851.52563476563,1.43098917608751,0.00130433942667141,1,0.999253354069792,40.0298881530762,1.98043046472389,11.0999997705221,7.73133784167413,1.42983221842276,25,-0.000679274944412195,1.43070059855833,0.00532778139789631,300.0003662,300.0035706,5777.13134765625,5925.919921875,55.9091063520636,20.7853028140071,9.256284,0,0,0,40,4449,299.9767,5851.52563476563,,,,,,,,,,,,,0,,,,17.6137476,,,,,,300.0019684,,,,
,15576870.875,300.0048523,5972.0849609375,1.45268184493555,0.00145599654403991,1,0.999253354069792,40.0298881530762,1.97992048497634,11.0999997705221,7.84839291902978,1.4412948812435,25,-0.00251258219792343,1.45239642205391,0.00358558087760992,300.0035706,300.006134,5925.919921875,6018.25,56.9705578811791,20.7898363731013,8.512546,0,0,0,40,4449,299.98635,5972.0849609375,,,,,,,,,,,,,0,,,,17.4386654,,,,,,300.0048523,,,,
,15576871.955,300.0051117,6078.658203125,1.47594838225067,0.00117155035730018,1,0.999253354069792,40.0298881530762,1.98053047568442,11.0999997705221,7.97501263449106,1.47279189964493,25,-0.00107702935840828,1.4756521842942,0.0051184497668046,300.0040894,300.006134,6018.25,6139.06640625,56.4679707433137,20.7823030970294,9.256284,0,0,0,40,4449,299.98505,6078.658203125,,,,,,,,,,,,,0,,,,17.6155062,,,,,,300.0051117,,,,
,15576873.015,300.0052338,6188.97827148438,1.49437122855835,0.00133751458529703,1,0.999253354069792,40.0298881530762,1.98018454818299,11.1100003123283,8.07341634386768,1.48965445226733,25,-0.00132497010877499,1.49407231412529,0.00494785673192095,300.0040894,300.0063782,6139.06640625,6238.89013671875,55.9997752602944,20.7864338164113,9.256284,0,0,0,40,4449,299.98275,6188.97827148438,,,,,,,,,,,,,0,,,,17.7026186,,,,,,300.0052338,,,,
,15576874.09,300.0064087,6298.65942382813,1.51420470999931,0.00130375281425738,1,0.999253354069792,40.0298881530762,1.98043363844668,11.0999997705221,8.18083445718932,1.51358309255736,25,-0.000607160551209915,1.51389867984577,0.00574872993967179,300.0063782,300.0064392,6238.89013671875,6358.4287109375,56.4077853473329,20.7886544301395,8.884414,0,0,0,40,4449,299.98075,6298.65942382813,,,,,,,,,,,,,0,,,,17.5257778,,,,,,300.0064087,,,,
,15576875.52,300.00668335,6438.84521484375,1.55259550571746,0.00125048666223204,1,0.999253354069792,40.0298881530762,1.9804950799364,11.0999997705221,8.3910030836685,1.53852354330207,25,-0.0031179611255189,1.55229217735568,0.00339956016411039,300.0064392,300.0069275,6358.4287109375,6519.26171875,55.9497510350636,20.7835899286049,8.512546,0,0,0,40,4449,299.97705,6438.84521484375,,,,,,,,,,,,,0,,,,17.7026186,,,,,,300.00668335,,,,
,15576876.96,300.00679015,6584.3974609375,1.57440185165227,0.0012516027975662,1,0.999253354069792,40.0298881530762,1.9802106162602,11.1100003123283,8.50556107636106,1.5712512054445,25,-0.00106288553589907,1.57408544677656,0.005545749502879,300.0066528,300.0069275,6519.26171875,6649.533203125,56.4077853473329,20.7900047785479,9.256284,0,0,0,40,4449,299.97215,6584.3974609375,,,,,,,,,,,,,0,,,,17.7905884,,,,,,300.00679015,,,,
,15576878.01,300.00749205,6687.11254882813,1.59173382664274,0.00658219911396563,1,0.999253354069792,40.0298881530762,1.9803409012905,11.0999997705221,8.60387796882829,1.56637316674229,25,-0.00519841486797174,1.59143120659811,0.00148381489474231,300.0066528,300.0083313,6649.533203125,6724.69189453125,55.9857059469482,20.7856389504832,9.256284,0,0,0,40,4449,299.96865,6687.11254882813,,,,,,,,,,,,,0,,,,17.7905884,,,,,,300.00749205,,,,
,15576879.025,300.0083618,6786.8427734375,1.60761372522427,0.00118368500085473,1,0.999253354069792,40.0298881530762,1.98063246829981,11.1100003123283,8.68612285318461,1.60832400138996,25,-0.000420042192813853,1.60728776435908,0.0063278235092325,300.0083313,300.0083923,6724.69189453125,6848.99365234375,56.8689461736791,20.7790072045044,8.512546,0,0,0,40,4449,299.967,6786.8427734375,,,,,,,,,,,,,0,,,,17.8794594,,,,,,300.0083618,,,,
,15576880.265,300.00796505,6914.66162109375,1.62957606903911,0.00128456210530246,1,0.999253354069792,40.0298881530762,1.98059295710277,11.0999997705221,8.8060831094307,1.62235667095285,25,-0.00188934858880989,1.62925182911756,0.00495092783820863,300.0075378,300.0083923,6848.99365234375,6980.32958984375,56.5375356815252,20.7820118063618,8.512546,0,0,0,40,4449,299.96545,6914.66162109375,,,,,,,,,,,,,0,,,,17.8794594,,,,,,300.00796505,,,,
,15576881.42,300.0088043,7030.41650390625,1.64914441264433,0.00138569475797964,1,0.999253354069792,40.0298881530762,1.98030677077442,11.0999997705221,8.90968033070505,1.64641782918818,25,-0.00102140443565463,1.64881249403136,0.00590078682972134,300.0075378,300.0100708,6980.32958984375,7080.50341796875,56.7001144135252,20.7887714645081,8.512546,0,0,0,40,4449,299.96315,7030.41650390625,,,,,,,,,,,,,0,,,,17.8794594,,,,,,300.0088043,,,,
,15576882.46,300.0099182,7135.52563476563,1.66980691483507,0.00096008179978073,1,0.999253354069792,40.0298881530762,1.98025359513275,11.0999997705221,9.02149773788017,1.66472313402735,25,-0.00145613397099653,1.66947254164746,0.00555285527010707,300.0097656,300.0100708,7080.50341796875,7190.5478515625,56.5711457078521,20.7853987817029,8.512546,0,0,0,40,4449,299.96025,7135.52563476563,,,,,,,,,,,,,0,,,,17.7026186,,,,,,300.0099182,,,,
,15576883.595,300.00926205,7250.48779296875,1.68750675322997,0.00156985167842111,1,0.999253354069792,40.0298881530762,1.98039682377614,11.1100003123283,9.11851045274872,1.67848622035704,25,-0.00221223357673164,1.68717199169158,0.00487113518152802,300.0087585,300.0097656,7190.5478515625,7310.427734375,55.8989451813136,20.7878506140433,8.512546,0,0,0,40,4449,299.95875,7250.48779296875,,,,,,,,,,,,,0,,,,17.5257778,,,,,,300.00926205,,,,
,15576884.61,300.00892635,7350.35693359375,1.70636520819433,0.0015070458557099,1,0.999253354069792,40.0298881530762,1.98046163541361,11.0999997705221,9.22046671873404,1.69859567016025,25,-0.00199671207612447,1.70602572356211,0.0051657123096041,300.0087585,300.0090942,7310.427734375,7390.2861328125,56.6594697305252,20.791283364872,9.256284,0,0,0,40,4449,299.9573,7350.35693359375,,,,,,,,,,,,,0,,,,17.5257778,,,,,,300.00892635,,,,
,15576885.65,300.00941465,7455.15600585938,1.74597146966103,0.00136736802303302,1,0.999253354069792,40.0298881530762,1.98040924809604,11.0999997705221,9.43197390080504,1.75018900240726,25,0.000217569993562732,1.74561458942598,0.0075457390548886,300.0090942,300.0097351,7390.2861328125,7520.02587890625,56.9009929429675,20.7894387883015,8.512546,0,0,0,40,4449,299.95515,7455.15600585938,,,,,,,,,,,,,0,,,,17.7026186,,,,,,300.00941465,,,,
,15576886.895,300.00941465,7580.04272460937,1.7643970987504,0.00125108694384415,1,0.999253354069792,40.0298881530762,1.98050910807916,11.0999997705221,9.53177800506717,1.76983793240896,25,0.00042203396448218,1.76403561127865,0.00782742022892524,300.0090942,300.0097351,7520.02587890625,7640.0595703125,56.8697278021983,20.7797896290967,9.256284,0,0,0,40,4449,299.95355,7580.04272460937,,,,,,,,,,,,,0,,,,17.7026186,,,,,,300.00941465,,,,
,15576888.065,300.0089111,7694.98510742188,1.78285123012823,0.00113808981655362,1,0.999253354069792,40.0298881530762,1.98031008381154,11.0999997705221,9.63210060279741,1.77969652208811,25,-0.00114274913229631,1.78249258826792,0.0063403368818517,300.008728,300.0090942,7640.0595703125,7749.91064453125,56.8947399148137,20.7855642087222,8.512546,0,0,0,40,4449,299.95215,7694.98510742188,,,,,,,,,,,,,0,,,,17.6137476,,,,,,300.0089111,,,,
,15576889.14,300.00959775,7804.90185546875,1.80188939402228,0.00127166925717081,1,0.999253354069792,40.0298881530762,1.98024286325973,11.1100003123283,9.73518978980157,1.79564626115169,25,-0.00170934556463599,1.80152921102089,0.00585368492933874,300.008728,300.0104675,7749.91064453125,7859.89306640625,56.035730172179,20.790567356777,8.512546,0,0,0,40,4449,299.95095,7804.90185546875,,,,,,,,,,,,,0,,,,17.6137476,,,,,,300.00959775,,,,
,15576890.24,300.00979615,7914.92822265625,1.82187272944704,0.00116678081740787,1,0.999253354069792,40.0298881530762,1.98067719835291,11.0999997705221,9.84366055866766,1.82457876558517,25,-0.000130985922728517,1.82150183901669,0.00751554842396694,300.0091248,300.0104675,7859.89306640625,7969.96337890625,56.9729027667368,20.7835637593971,9.256284,0,0,0,40,4449,299.9487,7914.92822265625,,,,,,,,,,,,,0,,,,17.5257778,,,,,,300.00979615,,,,
,15576891.28,300.00947575,8015.10595703125,1.83811487697506,0.00131588142802348,1,0.999253354069792,40.0298881530762,1.98020311150005,11.1100003123283,9.92935670577439,1.8390264751046,25,-0.000389164882908071,1.83774178986734,0.00732549409688499,300.0091248,300.0098267,7969.96337890625,8060.24853515625,56.350726465429,20.7899673131666,9.256284,0,0,0,40,4449,299.94845,8015.10595703125,,,,,,,,,,,,,0,,,,17.7026186,,,,,,300.00947575,,,,
,15576892.295,300.0093384,8115.19116210937,1.85791214197483,0.00115811907114465,1,0.999253354069792,40.0298881530762,1.98051320865576,11.1100003123283,10.0397109200438,1.84899059663436,25,-0.00226773085891754,1.85754292204342,0.00553030333212694,300.0088501,300.0098267,8060.24853515625,8170.1337890625,56.394497662506,20.784281707381,8.512546,0,0,0,40,4449,299.94815,8115.19116210937,,,,,,,,,,,,,0,,,,17.8794594,,,,,,300.0093384,,,,
,15576893.325,300.0089569,8220.1181640625,1.87545226393779,0.00169767230525176,1,0.999253354069792,40.0298881530762,1.98022903420211,11.1100003123283,10.1330262833976,1.86644992871702,25,-0.00224010057522704,1.87507938385028,0.00563149099199177,300.0088501,300.0090637,8170.1337890625,8270.1025390625,55.8246904719867,20.7894648731802,8.512546,0,0,0,40,4449,299.9462,8220.1181640625,,,,,,,,,,,,,0,,,,17.7026186,,,,,,300.0089569,,,,
,15576894.295,300.0091095,8320.083984375,1.89525699426183,0.00129895968992068,1,0.999253354069792,40.0298881530762,1.98054520120534,11.1100003123283,10.2407551536695,1.89114677773185,25,-0.0013949233817501,1.8948765287667,0.00655951861916011,300.0090637,300.0091553,8270.1025390625,8370.0654296875,56.4179465180829,20.7762323446334,9.256284,0,0,0,40,4449,299.9458,8320.083984375,,,,,,,,,,,,,0,,,,17.5257778,,,,,,300.0091095,,,,
,15576895.375,300.0083008,8430.09716796875,1.9123634097166,0.00116003904566154,1,0.999253354069792,40.0298881530762,1.98045931231486,11.0999997705221,10.3325212300764,1.9093721942581,25,-0.00117847186154423,1.91197861716012,0.00684760334932661,300.0074463,300.0091553,8370.0654296875,8490.12890625,56.8064158921406,20.7835363156834,8.884414,0,0,0,40,4449,299.94565,8430.09716796875,,,,,,,,,,,,,0,,,,17.7026186,,,,,,300.0083008,,,,
,15576896.51,300.00820925,8540.19775390625,1.93166853295365,0.00145726745831274,1,0.999253354069792,40.0298881530762,1.9801940407796,11.1100003123283,10.4360001784318,1.92550139428765,25,-0.00172597641008387,1.93128212075536,0.00638112206637439,300.0074463,300.0089722,8490.12890625,8590.2666015625,56.2373903301406,20.7861174162425,8.512546,0,0,0,40,4449,299.9452,8540.19775390625,,,,,,,,,,,,,0,,,,17.7026186,,,,,,300.00820925,,,,
,15576897.62,300.00901795,8650.30419921875,1.94735823511462,0.00189112982289756,1,0.999253354069792,40.0298881530762,1.98049352326702,11.0999997705221,10.5228344038719,1.93863601971937,25,-0.00225653172325733,1.94697080660222,0.00591639005855093,300.0089722,300.0090637,8590.2666015625,8710.341796875,56.8775440873906,20.7843945751557,8.884414,0,0,0,40,4449,299.9454,8650.30419921875,,,,,,,,,,,,,0,,,,17.7026186,,,,,,300.00901795,,,,
,15576898.79,300.0088806,8770.39697265625,1.98432940206048,0.00154300526681124,1,0.999253354069792,40.0298881530762,1.98036019453541,11.0999997705221,10.7209062360982,1.98072260505347,25,-0.0012976522667006,1.98393043711119,0.00703009736815513,300.0086975,300.0090637,8710.341796875,8830.4521484375,56.0974788251982,20.781909593668,9.256284,0,0,0,40,4449,299.94525,8770.39697265625,,,,,,,,,,,,,0,,,,17.8794594,,,,,,300.0088806,,,,
,15576899.99,300.00914,8890.43310546875,2.00674971533203,0.00109831635206684,1,0.999253354069792,40.0298881530762,1.98053189812583,11.0999997705221,10.8412638812402,2.01239285248683,25,0.000376155672118712,2.00633915215973,0.00879750363475646,300.0086975,300.0095825,8830.4521484375,8950.4140625,57.0940551872176,20.7820421839008,8.512546,0,0,0,40,4449,299.94555,8890.43310546875,,,,,,,,,,,,,0,,,,17.7026186,,,,,,300.00914,,,,
,15576901.45,300.00949095,9035.42138671875,2.04208998679543,0.00159801171977139,1,0.999253354069792,40.0298881530762,1.98034377229586,11.0999997705221,11.0329517090475,2.03800189592086,25,-0.00140165366889088,2.04167967693143,0.00716814024482895,300.0093994,300.0095825,8950.4140625,9120.4287109375,56.6516534453329,20.785867502592,8.512546,0,0,0,40,4449,299.94705,9035.42138671875,,,,,,,,,,,,,0,,,,17.7026186,,,,,,300.00949095,,,,
,15576902.845,300.00856015,9175.39501953125,2.05933959193261,0.00178132611523586,1,0.999253354069792,40.0298881530762,1.98021982944473,11.1100003123283,11.1270170807417,2.04674140296562,25,-0.00295913464780935,2.05893239096433,0.00568317633760712,300.0077209,300.0093994,9120.4287109375,9230.361328125,56.5484784807944,20.7881510990335,8.512546,0,0,0,40,4449,299.9476,9175.39501953125,,,,,,,,,,,,,0,,,,17.8794594,,,,,,300.00856015,,,,
,15576907.235,300.0079956,9615.6162109375,2.13102874910158,0.00180618096569005,1,0.999253354069792,40.0298881530762,1.98026007502733,11.0999997705221,11.5297556293433,2.11975905318682,250,-0.00325166455160382,2.13060827064284,0.00569092991228344,300.0079956,300.0079956,9610.6103515625,9620.6220703125,56.6235148186406,20.7913153825635,8.512546,0,0,0,40,4449,299.9492,9615.6162109375,,,,,,,,,,,,,0,,,,17.8794594,,,,,,300.0079956,,,,
,15576907.905,300.00863645,9680.66845703125,2.15065945147808,0.00161781573869868,1,0.999253354069792,40.0298881530762,1.98031670716507,11.0999997705221,11.6351486246853,2.1455024326026,250,-0.00214325137708899,2.15023028305111,0.00688137570385329,300.0079956,300.0092773,9620.6220703125,9740.71484375,56.9299131981791,20.786389779576,8.884414,0,0,0,40,4449,299.95005,9680.66845703125,,,,,,,,,,,,,0,,,,17.7026186,,,,,,300.00863645,,,,
,15576909,300.00926205,9791.01806640625,2.17005408241337,0.00129761675647593,1,0.999253354069792,40.0298881530762,1.98056112982529,11.1100003123283,11.7404501309635,2.17070535670091,250,-0.00112830509596998,2.16961666969203,0.00797733153304214,300.0092468,300.0092773,9740.71484375,9841.3212890625,55.9935222321405,20.7790120064235,9.256284,0,0,0,40,4449,299.95065,9791.01806640625,,,,,,,,,,,,,0,,,,17.7026186,,,,,,300.00926205,,,,
,15576910.07,300.00953675,9901.3984375,2.18606887657319,0.00158694468399352,1,0.999253354069792,40.0298881530762,1.98035102665266,11.1100003123283,11.8273408354573,2.1785653524204,250,-0.00260310576974261,2.185634384469,0.00656984508229624,300.0092468,300.0098267,9841.3212890625,9961.4755859375,56.3757385780444,20.7816966912291,9.256284,0,0,0,40,4449,299.95175,9901.3984375,,,,,,,,,,,,,0,,,,17.7905884,,,,,,300.00953675,,,,
,15576911.17,300.01002505,10011.5385742187,2.20283992768515,0.00180033197149161,1,0.999253354069792,40.0298881530762,1.98039370320789,11.0999997705221,11.9161815362117,2.20690080323364,250,-0.00048290122217039,2.20239309852503,0.00875982356722519,300.0098267,300.0102234,9961.4755859375,10061.6015625,56.4460851447752,20.787884887342,9.256284,0,0,0,40,4449,299.95225,10011.5385742187,,,,,,,,,,,,,0,,,,17.7905884,,,,,,300.01002505,,,,
,15576912.185,300.0101776,10111.6411132813,2.22379700063448,0.00110286037461601,1,0.999253354069792,40.0298881530762,1.9805148966605,11.0999997705221,12.032358416262,2.21674565252549,250,-0.00257330141493667,2.22335466896714,0.00675768258570533,300.0101318,300.0102234,10061.6015625,10161.6806640625,56.4734421429483,20.7843812124925,8.512546,0,0,0,40,4449,299.9513,10111.6411132813,,,,,,,,,,,,,0,,,,17.7026186,,,,,,300.0101776,,,,
,15576913.28,300.0103912,10221.76171875,2.23808455985047,0.00191587741918375,1,0.999253354069792,40.0298881530762,1.98038743646925,11.0999997705221,12.1092820524614,2.22881080545168,250,-0.0029662813234649,2.23764096171495,0.00642458762241525,300.0101318,300.0106506,10161.6806640625,10281.8427734375,56.1310888515252,20.7898074861047,8.512546,0,0,0,40,4449,299.95115,10221.76171875,,,,,,,,,,,,,0,,,,17.5257778,,,,,,300.0103912,,,,
,15576914.39,300.01023865,10331.8701171875,2.2580784720649,0.00176595463052204,1,0.999253354069792,40.0298881530762,1.98022713200835,11.0999997705221,12.2161179042474,2.25058221549316,250,-0.00261585079288752,2.25762935783821,0.00685867252148809,300.0098267,300.0106506,10281.8427734375,10381.8974609375,56.7204367550252,20.7896794626722,9.256284,0,0,0,40,4449,299.9515,10331.8701171875,,,,,,,,,,,,,0,,,,17.7026186,,,,,,300.01023865,,,,
,15576915.375,300.00987245,10426.9184570312,2.27354036183214,0.00168703709466842,1,0.999253354069792,40.0298881530762,1.98022713200835,11.1100003123283,12.2991198936213,2.26947925185567,250,-0.00198902312082088,2.27308551283077,0.0075500902085083,300.0098267,300.0099182,10381.8974609375,10471.939453125,56.5727089648906,20.7896794626722,8.512546,0,0,0,40,4449,299.95215,10426.9184570312,,,,,,,,,,,,,0,,,,17.8794594,,,,,,300.00987245,,,,
,15576916.415,300.00993345,10531.966796875,2.29299237834708,0.00151733981327524,1,0.999253354069792,40.0298881530762,1.98047232788035,11.0999997705221,12.4061790095972,2.28738343110538,250,-0.0023367121817165,2.29253503385808,0.00728393855186961,300.0099182,300.0099487,10471.939453125,10591.994140625,57.1370447557753,20.7826040016238,8.512546,0,0,0,40,4449,299.95215,10531.966796875,,,,,,,,,,,,,0,,,,17.8794594,,,,,,300.00993345,,,,
,15576917.525,300.009613,10641.9252929688,2.31149612466902,0.00119999030710291,1,0.999253354069792,40.0298881530762,1.98033394034988,11.0999997705221,12.5062368578163,2.30139250650284,250,-0.00314892153364359,2.31103846276982,0.00654934465981988,300.0092773,300.0099487,10591.994140625,10691.8564453125,56.4476484018137,20.7797815663503,8.512546,0,0,0,40,4449,299.9529,10641.9252929688,,,,,,,,,,,,,0,,,,17.7026186,,,,,,300.009613,,,,
,15576918.605,300.00964355,10746.9233398438,2.32858742347484,0.00195499373857514,1,0.999253354069792,40.0298881530762,1.98041585173774,11.1100003123283,12.5979217544534,2.32548691791533,250,-0.00188089147623296,2.32812097221043,0.00788866755005708,300.0092773,300.0100098,10691.8564453125,10801.990234375,56.4906379703714,20.7866769581502,8.884414,0,0,0,40,4449,299.95305,10746.9233398438,,,,,,,,,,,,,0,,,,17.5257778,,,,,,300.00964355,,,,
,15576919.75,300.01010135,10861.9970703125,2.36292807555994,0.00183731155010399,1,0.999253354069792,40.0298881530762,1.98019251370481,11.0999997705221,12.7839927552397,2.35040567582806,250,-0.00359398470854051,2.36246179350281,0.00631981108187315,300.0100098,300.0101929,10801.990234375,10922.00390625,56.648526931256,20.788323858231,9.256284,0,0,0,40,4449,299.9535,10861.9970703125,,,,,,,,,,,,,0,,,,17.7026186,,,,,,300.01010135,,,,
,15576920.865,300.0101929,10977.0166015625,2.38217474883491,0.00157104081047288,1,0.999253354069792,40.0298881530762,1.98016957249822,11.1100003123283,12.8883915601103,2.36728348156228,250,-0.00403720823320648,2.38170641850426,0.00595720092799498,300.0101929,300.0101929,10922.00390625,11032.029296875,56.9244417985445,20.7912692120008,8.512546,0,0,0,40,4449,299.9549,10977.0166015625,,,,,,,,,,,,,0,,,,17.8794594,,,,,,300.0101929,,,,
,15576921.905,300.00914005,11082.0590820312,2.40241463750791,0.0016936914891285,1,0.999253354069792,40.0298881530762,1.98049639820026,11.1100003123283,13.0001360762717,2.38699024958338,250,-0.00421763445184765,2.40194304439194,0.00586161542707922,300.0080872,300.0101929,11032.029296875,11132.0888671875,56.2967940976021,20.787218151639,9.256284,0,0,0,40,4449,299.9537,11082.0590820312,,,,,,,,,,,,,0,,,,17.8794594,,,,,,300.00914005,,,,
,15576923.06,300.00846865,11197.1044921875,2.41764773792504,0.00155095312015833,1,0.999253354069792,40.0298881530762,1.98014539355378,11.0999997705221,13.0785583419847,2.41113258700594,250,-0.00250215434479273,2.4171659187802,0.00764051346952009,300.0080872,300.0088501,11132.0888671875,11262.1201171875,56.1459397933906,20.7904371959092,8.512546,0,0,0,40,4449,299.9529,11197.1044921875,,,,,,,,,,,,,0,,,,17.8794594,,,,,,300.00846865,,,,
,15576924.085,300.0088501,11302.1303710938,2.43458052848654,0.00201204168707135,1,0.999253354069792,40.0298881530762,1.98036146279684,11.0999997705221,13.1722554783478,2.4245271607053,250,-0.00321294936650313,2.43409822610504,0.00700071682920683,300.0088501,300.0088501,11262.1201171875,11342.140625,56.6547799594098,20.7898493047341,9.256284,0,0,0,40,4449,299.9535,11302.1303710938,,,,,,,,,,,,,0,,,,17.8794594,,,,,,300.0088501,,,,
,15576924.985,300.00956725,11392.2280273438,2.45295683868955,0.00190408220709321,1,0.999253354069792,40.0298881530762,1.98033259767355,11.0999997705221,13.2716445983145,2.44196565316884,250,-0.00338998301708673,2.45247148507603,0.00690067014517853,300.0088501,300.0102844,11342.140625,11442.3154296875,55.7051013085443,20.7865804863581,8.512546,0,0,0,40,4449,299.95355,11392.2280273438,,,,,,,,,,,,,0,,,,17.7905884,,,,,,300.00956725,,,,
,15576926.135,300.0099945,11507.1811523438,2.47269698583389,0.0014032816329084,1,0.999253354069792,40.0298881530762,1.98038974109346,11.0999997705221,13.3766984754867,2.47315195842448,250,-0.00129745093488126,2.47219881670827,0.0090753591146595,300.0097046,300.0102844,11442.3154296875,11572.046875,57.3715333115445,20.7885352564756,8.884414,0,0,0,40,4449,299.9548,11507.1811523438,,,,,,,,,,,,,0,,,,17.7905884,,,,,,300.0099945,,,,
,15576927.205,300.0097046,11612.0546875,2.48810580498439,0.00174435953572804,1,0.999253354069792,40.0298881530762,1.98038974109346,11.0999997705221,13.4602568276378,2.48748450644254,250,-0.001504870895766,2.48760541028968,0.00893245264274264,300.0097046,300.0097046,11572.046875,11652.0625,56.6618146160829,20.7885352564756,8.512546,0,0,0,40,4449,299.95495,11612.0546875,,,,,,,,,,,,,0,,,,17.7026186,,,,,,300.0097046,,,,
,15576928.24,300.00979615,11712.1333007813,2.50491066465799,0.0019989116701227,1,0.999253354069792,40.0298881530762,1.98029082272286,11.0999997705221,13.5516222159554,2.49815563201625,250,-0.00262559354080274,2.50441155016294,0.00788234838234133,300.0097046,300.0098877,11652.0625,11772.2041015625,56.4679707433137,20.788022478972,9.256284,0,0,0,40,4449,299.9537,11712.1333007813,,,,,,,,,,,,,0,,,,17.5257778,,,,,,300.00979615,,,,
,15576929.41,300.0099182,11832.2416992187,2.52260298716567,0.00167647005944786,1,0.999253354069792,40.0298881530762,1.98030984073858,11.0999997705221,13.6490844565008,2.50709519999937,250,-0.00425768635969269,2.52210712025069,0.0063246366291529,300.0098877,300.0099487,11772.2041015625,11892.279296875,55.9888324610252,20.7896176294918,8.512546,0,0,0,40,4449,299.9532,11832.2416992187,,,,,,,,,,,,,0,,,,17.7026186,,,,,,300.0099182,,,,
,15576930.535,300.01026915,11947.3271484375,2.55634584723818,0.00178404655959491,1,0.999253354069792,40.0298881530762,1.98065730080671,11.1100003123283,13.8312345111831,2.55610999293477,250,-0.00153400732706323,2.55583162263332,0.00918959070033942,300.0099487,300.0105896,11892.279296875,12002.375,56.5211214826214,20.7802782120943,8.512546,0,0,0,40,4449,299.94205,11947.3271484375,,,,,,,,,,,,,0,,,,17.7026186,,,,,,300.01026915,,,,
,15576931.7,300.0106964,12062.4057617188,2.5781583247462,0.000976354355921034,1,0.999253354069792,40.0298881530762,1.98045778195825,11.0999997705221,13.9492548130434,2.57025882919826,250,-0.00291683235350043,2.57764539645604,0.00789876527104871,300.0105896,300.0108032,12002.375,12122.4365234375,55.9184858942944,20.7859951474955,9.256284,0,0,0,40,4449,299.9326,12062.4057617188,,,,,,,,,,,,,0,,,,17.7026186,,,,,,300.0106964,,,,
,15576933.71,300.0116272,12262.5434570312,2.59448102013183,0.001594659748856,1,0.999253354069792,40.0298881530762,1.98040890577733,11.0999997705221,14.0356680215584,2.59490042584261,250,-0.00137620777709841,2.59395825711056,0.00950711367254142,300.0116272,300.0116272,12252.4970703125,12272.58984375,56.4374872310637,20.7897819430606,9.256284,0,0,0,40,4449,299.9352,12262.5434570312,,,,,,,,,,,,,0,,,,17.7017174,,,,,,300.0116272,,,,
,15576934.275,300.01202395,12322.5053710938,2.61234234470794,0.00152623108992994,1,0.999253354069792,40.0298881530762,1.98038385147848,11.0999997705221,14.1314921357805,2.61611848033344,250,-0.000759527595537801,2.61181333419262,0.01019842436296,300.0116272,300.0124207,12272.58984375,12372.4208984375,57.2449094914291,20.7889706995214,9.256284,0,0,0,40,4449,299.9368,12322.5053710938,,,,,,,,,,,,,0,,,,17.7905884,,,,,,300.01202395,,,,
,15576935.275,300.01246645,12422.42578125,2.62898597911218,0.00161636492938801,1,0.999253354069792,40.0298881530762,1.98038385147848,11.0999997705221,14.2238001486919,2.62052151470933,250,-0.00303145353932673,2.62846309100406,0.00799650286685209,300.0124207,300.0125122,12372.4208984375,12472.4306640625,56.2178496171598,20.7889706995214,8.512546,0,0,0,40,4449,299.9393,12422.42578125,,,,,,,,,,,,,0,,,,17.7026186,,,,,,300.01246645,,,,
,15576936.375,300.0116577,12532.4619140625,2.64858932765399,0.00118857851257964,1,0.999253354069792,40.0298881530762,1.98027904990454,11.0999997705221,14.3264336706196,2.65442612371945,250,-0.000373033315834616,2.64805139087914,0.010736433553061,300.0108032,300.0125122,12472.4306640625,12592.4931640625,55.9051982094675,20.7895352751934,9.256284,0,0,0,40,4449,299.93915,12532.4619140625,,,,,,,,,,,,,0,,,,17.6137476,,,,,,300.0116577,,,,
,15576937.47,300.01097105,12642.5102539062,2.66583443200484,0.00184094958160282,1,0.999253354069792,40.0298881530762,1.98055997055505,11.0999997705221,14.423106677378,2.66454402556586,250,-0.00176811964379932,2.66529892160753,0.00941375818158145,300.0108032,300.0111389,12592.4931640625,12692.52734375,56.5805252500829,20.7835211211175,9.256284,0,0,0,40,4449,299.9397,12642.5102539062,,,,,,,,,,,,,0,,,,17.7017174,,,,,,300.01097105,,,,
,15576938.495,300.0111084,12742.603515625,2.68223456790157,0.00174157938736987,1,0.999253354069792,40.0298881530762,1.9803316827495,11.0999997705221,14.5095246337362,2.68430831937403,250,-0.00109953623667296,2.68169293124186,0.0101506662670328,300.0110779,300.0111389,12692.52734375,12792.6796875,56.6211699330829,20.7874242834098,8.884414,0,0,0,40,4449,299.9433,12742.603515625,,,,,,,,,,,,,0,,,,17.7905884,,,,,,300.0111084,,,,
,15576939.58,300.01161195,12847.6713867188,2.71820755014018,0.00199838258198575,1,0.999253354069792,40.0298881530762,1.98050459411867,11.1100003123283,14.7071805407954,2.71078879932272,250,-0.00291680060100986,2.71766617967501,0.00848443701826776,300.0110779,300.012146,12792.6796875,12902.6630859375,56.597721077506,20.7876095373798,9.256284,0,0,0,40,4449,299.9441,12847.6713867188,,,,,,,,,,,,,0,,,,17.7026186,,,,,,300.01161195,,,,
,15576940.72,300.011322,12962.716796875,2.73595962352717,0.00198176010653944,1,0.999253354069792,40.0298881530762,1.98023347605783,11.1100003123283,14.801128675647,2.72880357079856,250,-0.00281076124766402,2.73541424278174,0.00866469477227411,300.010498,300.012146,12902.6630859375,13022.7705078125,56.2702187279483,20.7871600314633,8.512546,0,0,0,40,4449,299.9445,12962.716796875,,,,,,,,,,,,,0,,,,17.7026186,,,,,,300.011322,,,,
,15576941.805,300.0108337,13073.1923828125,2.75413961557787,0.00152080613866063,1,0.999253354069792,40.0298881530762,1.98048842909465,11.0999997705221,14.9015553548668,2.74617983714923,250,-0.00303269797811847,2.75359154265427,0.00851874255327909,300.010498,300.0111694,13022.7705078125,13123.6142578125,56.4132567469675,20.7854446464752,9.256284,0,0,0,40,4449,299.9471,13073.1923828125,,,,,,,,,,,,,0,,,,17.7905884,,,,,,300.0108337,,,,
,15576942.89,300.01174925,13183.7353515625,2.76927392449902,0.00233420389570671,1,0.999253354069792,40.0298881530762,1.98040476137317,11.1100003123283,14.9829552676265,2.7604449590828,250,-0.00318063956877371,2.76872332336071,0.00843402888071256,300.0111694,300.0123291,13123.6142578125,13243.8564453125,56.4156016325252,20.7879405095298,8.512546,0,0,0,40,4449,299.9489,13183.7353515625,,,,,,,,,,,,,0,,,,17.7905884,,,,,,300.01174925,,,,
,15576944.025,300.0130005,13298.9438476563,2.78889914748601,0.00210834494061501,1,0.999253354069792,40.0298881530762,1.9801421963424,11.0999997705221,15.088572047265,2.77216345241224,250,-0.0045868436549625,2.78835033446493,0.00711025122940886,300.0123291,300.0136719,13243.8564453125,13354.03125,56.435142345506,20.7926325915544,8.512546,0,0,0,40,4449,299.9481,13298.9438476563,,,,,,,,,,,,,0,,,,17.8794594,,,,,,300.0130005,,,,
,15576945.01,300.0125275,13394.0190429688,2.80504189996101,0.00206839831832655,1,0.999253354069792,40.0298881530762,1.98041432055036,11.0999997705221,15.1769003967901,2.79420359949905,250,-0.00357410152283739,2.8044856251666,0.00819023070174003,300.0113831,300.0136719,13354.03125,13434.0068359375,56.8150138058522,20.784587374141,8.512546,0,0,0,40,4449,299.95,13394.0190429688,,,,,,,,,,,,,0,,,,17.8794594,,,,,,300.0125275,,,,
,15576946.085,300.011673,13499.1264648438,2.82405761143669,0.00172667305565244,1,0.999253354069792,40.0298881530762,1.98017463497623,11.1100003123283,15.2784977530268,2.8100393812764,250,-0.00411099246060438,2.82349983406954,0.00773288720049275,300.0113831,300.0119629,13434.0068359375,13564.24609375,56.2014354182559,20.7882343128904,8.512546,0,0,0,40,4449,299.9526,13499.1264648438,,,,,,,,,,,,,0,,,,17.7905884,,,,,,300.011673,,,,
,15576947.305,300.01200865,13624.2739257813,2.84234300650838,0.00205938390063885,1,0.999253354069792,40.0298881530762,1.98042215385353,11.0999997705221,15.3788611625245,2.8309384652001,250,-0.00370120307734823,2.84177977028313,0.00821908758311085,300.0119629,300.0120544,13564.24609375,13684.3017578125,56.6539983308906,20.7851358530384,8.884414,0,0,0,40,4449,299.9518,13624.2739257813,,,,,,,,,,,,,0,,,,17.7905884,,,,,,300.01200865,,,,
,15576948.36,300.01315305,13729.3090820312,2.86060241300631,0.00180966447653478,1,0.999253354069792,40.0298881530762,1.98057494706044,11.0999997705221,15.4780211818219,2.85364792237809,250,-0.00292824441530851,2.86003211635446,0.0090682556933187,300.0120544,300.0142517,13684.3017578125,13774.31640625,56.8572217458906,20.7838657155536,9.256284,0,0,0,40,4449,299.9521,13729.3090820312,,,,,,,,,,,,,0,,,,17.7905884,,,,,,300.01315305,,,,
,15576949.475,300.01361085,13839.3540039062,2.87788352380968,0.00182140425578162,1,0.999253354069792,40.0298881530762,1.98049519928881,11.0999997705221,15.5709906223295,2.87035763361389,250,-0.00302269772051062,2.87731007941609,0.00904603853714746,300.01297,300.0142517,13774.31640625,13904.3916015625,57.3895107674868,20.7814509935181,8.512546,0,0,0,40,4449,299.95315,13839.3540039062,,,,,,,,,,,,,0,,,,17.7905884,,,,,,300.01361085,,,,
,15576950.585,300.0132904,13954.4125976563,2.89473908986721,0.00220874005839327,1,0.999253354069792,40.0298881530762,1.98068161202231,11.0999997705221,15.6630565215022,2.89051102198568,250,-0.00247141657148386,2.89415996051967,0.00966762519403374,300.01297,300.0136108,13904.3916015625,14004.43359375,55.9958671176982,20.785318948483,8.512546,0,0,0,40,4449,299.95425,13954.4125976563,,,,,,,,,,,,,0,,,,17.7026186,,,,,,300.0132904,,,,
,15576951.6,300.0142822,14054.3125,2.93010247514818,0.00238399054879013,1,0.999253354069792,40.0298881530762,1.98037288879162,11.0999997705221,15.8527824733318,2.92111703087163,250,-0.00328910182643111,2.9295194859794,0.00899818750365018,300.0136108,300.0149536,14004.43359375,14104.19140625,56.6758839294291,20.7890486864818,9.256284,0,0,0,40,4449,299.9547,14054.3125,,,,,,,,,,,,,0,,,,17.6137476,,,,,,300.0142822,,,,
,15576952.81,300.0151062,14174.2592773437,2.94953856553864,0.00196034578742876,1,0.999253354069792,40.0298881530762,1.98019890287491,11.1100003123283,15.9563485859713,2.94143573614726,250,-0.00308990250843474,2.94895071340644,0.00927863262101802,300.0149536,300.0152588,14104.19140625,14244.3271484375,56.4976726270444,20.7908418356693,9.256284,0,0,0,40,4449,299.95445,14174.2592773437,,,,,,,,,,,,,0,,,,17.7905884,,,,,,300.0151062,,,,
,15576953.89,300.0152588,14284.4033203125,2.96698599163857,0.00180689354329161,1,0.999253354069792,40.0298881530762,1.98042355155049,11.0999997705221,16.0527074218604,2.95810525158941,250,-0.00330348505341021,2.96639548071562,0.00913808390892851,300.0152588,300.0152588,14244.3271484375,14324.4794921875,57.1120326431599,20.7854561981187,8.512546,0,0,0,40,4449,299.95365,14284.4033203125,,,,,,,,,,,,,0,,,,17.7905884,,,,,,300.0152588,,,,
,15576954.785,300.0150299,14374.4584960938,2.98499321860058,0.00180700679801043,1,0.999253354069792,40.0298881530762,1.98054408540223,11.0999997705221,16.1509274281723,2.97713066560344,250,-0.00315782358346763,2.98439847298185,0.00935902537700058,300.014801,300.0152588,14324.4794921875,14424.4375,55.8246904719867,20.7850898618025,9.256284,0,0,0,40,4449,299.95415,14374.4584960938,,,,,,,,,,,,,0,,,,17.7905884,,,,,,300.0150299,,,,
,15576955.925,300.01519775,14489.4833984375,3.00011902539641,0.00248698212357535,1,0.999253354069792,40.0298881530762,1.98038917418226,11.0999997705221,16.2321333287431,2.98873670026374,250,-0.00377469047305574,2.9995237923965,0.00880544148280167,300.014801,300.0155945,14424.4375,14554.529296875,56.4077853473329,20.7842548280943,8.512546,0,0,0,40,4449,299.95505,14489.4833984375,,,,,,,,,,,,,0,,,,17.7905884,,,,,,300.01519775,,,,
,15576957.05,300.0155945,14599.5234375,3.02077705706323,0.00234899303049601,1,0.999253354069792,40.0298881530762,1.98012952343031,11.0999997705221,16.3398385821895,3.01958102698511,250,-0.00183147930802939,3.02016944194228,0.0108346940384942,300.0155945,300.0155945,14554.529296875,14644.517578125,56.5000175126021,20.7910838169458,8.512546,0,0,0,40,4449,299.9544,14599.5234375,,,,,,,,,,,,,0,,,,17.6137476,,,,,,300.0155945,,,,
,15576958.025,300.01467895,14694.4306640625,3.03997570529179,0.00209920642211998,1,0.999253354069792,40.0298881530762,1.98028359589021,11.0999997705221,16.44794277572,3.02278487882256,250,-0.00484133856735679,3.03937691469285,0.00790581588999962,300.0137634,300.0155945,14644.517578125,14744.34375,57.1558038402368,20.7903578622227,9.256284,0,0,0,40,4449,299.9533,14694.4306640625,,,,,,,,,,,,,0,,,,17.5257778,,,,,,300.01467895,,,,
,15576959.125,300.014389,14804.388671875,3.05869807711066,0.00220314234900413,1,0.999253354069792,40.0298881530762,1.9802635198107,11.1100003123283,16.5491994321595,3.0407149680347,250,-0.00499236122247068,3.0580961535209,0.00783317855477478,300.0137634,300.0150146,14744.34375,14864.43359375,56.5195582255829,20.789478974449,9.256284,0,0,0,40,4449,299.9519,14804.388671875,,,,,,,,,,,,,0,,,,17.5257778,,,,,,300.014389,,,,
,15576960.135,300.0150146,14904.4975585938,3.07725759990214,0.00216771423110941,1,0.999253354069792,40.0298881530762,1.98019234588737,11.0999997705221,16.6471620093458,3.06914530701849,250,-0.0031574803505362,3.07664414957237,0.0097453263834483,300.0150146,300.0150146,14864.43359375,14944.5615234375,56.4531198014483,20.7964925105692,8.884414,0,0,0,40,4449,299.95145,14904.4975585938,,,,,,,,,,,,,0,,,,17.5257778,,,,,,300.0150146,,,,
,15576961.16,300.0155487,15009.5380859375,3.09582737218289,0.00150571297500607,1,0.999253354069792,40.0298881530762,1.98067658043101,11.0999997705221,16.7523464287795,3.08445243375576,250,-0.00390649109074787,3.09521323794391,0.00907413443780727,300.0150146,300.0160828,14944.5615234375,15074.5146484375,56.6500901882945,20.7787055861024,9.256284,0,0,0,40,4449,299.9511,15009.5380859375,,,,,,,,,,,,,0,,,,17.5257778,,,,,,300.0155487,,,,
,15576962.33,300.01568605,15129.5522460938,3.11328035125708,0.00209198944140671,1,0.999253354069792,40.0298881530762,1.98055746067849,11.0999997705221,16.8456222337214,3.10262302022107,250,-0.00375019602551045,3.11266200837765,0.00930339533714311,300.0152893,300.0160828,15074.5146484375,15184.58984375,56.4062220902944,20.7837865966469,9.256284,0,0,0,40,4449,299.94985,15129.5522460938,,,,,,,,,,,,,0,,,,17.7026186,,,,,,300.01568605,,,,
,15576963.335,300.0152893,15229.6030273438,3.13153596489674,0.00195362489106635,1,0.999253354069792,40.0298881530762,1.98061260139023,11.1100003123283,16.9434916287534,3.12829061123478,250,-0.00240600712483471,3.1309083343804,0.0107236391201569,300.0152893,300.0152893,15184.58984375,15274.6162109375,56.0982604537175,20.775937069059,8.512546,0,0,0,40,4449,299.95,15229.6030273438,,,,,,,,,,,,,0,,,,17.7905884,,,,,,300.0152893,,,,
,15576964.4,300.01594545,15334.6513671875,3.15187742188253,0.00181505525638665,1,0.999253354069792,40.0298881530762,1.98036254859225,11.0999997705221,17.0514111692215,3.14843719735229,250,-0.00238184785201823,3.1512454933571,0.0108328484501656,300.0152893,300.0166016,15274.6162109375,15394.6865234375,56.7743691228522,20.7894850630732,9.256284,0,0,0,40,4449,299.95025,15334.6513671875,,,,,,,,,,,,,0,,,,17.7905884,,,,,,300.01594545,,,,
,15576965.62,300.01669315,15454.7041015625,3.18778587790816,0.00147749145885458,1,0.999253354069792,40.0298881530762,1.98061484875716,11.0999997705221,17.2515058187908,3.16480124682933,250,-0.00608749678782692,3.18716209612004,0.0072783752583335,300.0166016,300.0167847,15394.6865234375,15514.7216796875,57.4129596230638,20.7796469103604,8.512546,0,0,0,40,4449,299.9479,15454.7041015625,,,,,,,,,,,,,0,,,,17.7905884,,,,,,300.01669315,,,,
,15576966.79,300.016922,15574.6831054687,3.20746035764838,0.00167486956359129,1,0.999253354069792,40.0298881530762,1.98069600618046,11.0999997705221,17.3539328305682,3.21002453296977,250,-0.00139965311613284,3.20681291178092,0.0120475008130486,300.0167847,300.0170593,15514.7216796875,15634.64453125,56.0732483411021,20.7802350841643,8.884414,0,0,0,40,4449,299.94785,15574.6831054687,,,,,,,,,,,,,0,,,,17.7905884,,,,,,300.016922,,,,
,15576967.905,300.0172577,15689.6923828125,3.22293213662783,0.00240150979735273,1,0.999253354069792,40.0298881530762,1.9803389700922,11.1100003123283,17.437447233245,3.20946133872704,250,-0.00426800013274125,3.22229355237271,0.00924431218906666,300.0170593,300.0174561,15634.64453125,15744.740234375,56.2960124690829,20.7901369571669,8.512546,0,0,0,40,4449,299.94875,15689.6923828125,,,,,,,,,,,,,0,,,,17.8794594,,,,,,300.0172577,,,,
,15576969.09,300.01791385,15804.7631835938,3.24393095212965,0.0024908026931319,1,0.999253354069792,40.0298881530762,1.98042072203865,11.0999997705221,17.5515158760254,3.23185239343055,250,-0.0040460706052564,3.24328709791597,0.00955406098735062,300.0174561,300.0183716,15744.740234375,15864.7861328125,56.2303556734675,20.7820233853072,9.256284,0,0,0,40,4449,299.94735,15804.7631835938,,,,,,,,,,,,,0,,,,17.7905884,,,,,,300.01791385,,,,
,15576970.215,300.01893615,15914.8422851562,3.26325300580317,0.00246773416174132,1,0.999253354069792,40.0298881530762,1.9804613699993,11.0999997705221,17.6578194282312,3.2435778052209,250,-0.00547299368153944,3.26261109588611,0.0082082070917882,300.0183716,300.0195007,15864.7861328125,15964.8984375,56.5359724244868,20.784548441465,9.256284,0,0,0,40,4449,299.94715,15914.8422851562,,,,,,,,,,,,,0,,,,17.8803339,,,,,,300.01893615,,,,
,15576971.265,300.01971435,16019.8701171875,3.28134846871996,0.00219349696761414,1,0.999253354069792,40.0298881530762,1.98068416785489,11.0999997705221,17.7542328788432,3.28053284516142,250,-0.00206312038852989,3.28068849731787,0.011693097813496,300.0195007,300.019928,15964.8984375,16074.841796875,56.2905410694483,20.7755997800966,8.512546,0,0,0,40,4449,299.9457,16019.8701171875,,,,,,,,,,,,,0,,,,17.8803339,,,,,,300.01971435,,,,
,15576972.44,300.01976015,16134.8740234375,3.29842090463256,0.00197336993629575,1,0.999253354069792,40.0298881530762,1.98044152590647,11.1100003123283,17.846776937734,3.28478452928881,250,-0.00437016931324242,3.29776713575937,0.0094579275539583,300.0195923,300.019928,16074.841796875,16194.90625,56.5539498804291,20.7894789830172,8.512546,0,0,0,40,4449,299.9441,16134.8740234375,,,,,,,,,,,,,0,,,,17.7017174,,,,,,300.01976015,,,,
,15576973.525,300.02023315,16244.9501953125,3.34135801737246,0.00157553990810257,1,0.999253354069792,40.0298881530762,1.98045457693829,11.0999997705221,18.0779446919176,3.33440488417297,250,-0.00316254003889076,3.34069039461941,0.0108451421341158,300.0195923,300.020874,16194.90625,16294.994140625,56.7978179784291,20.7862756559315,9.256284,0,0,0,40,4449,299.9427,16244.9501953125,,,,,,,,,,,,,0,,,,17.7905884,,,,,,300.02023315,,,,
,15576974.625,300.02062985,16355.28515625,3.35654103304291,0.00252428983117655,1,0.999253354069792,40.0298881530762,1.98060705034921,11.0999997705221,18.1623683104357,3.34487546423969,250,-0.0040885266593616,3.35587416066856,0.0099828705209413,300.0203857,300.020874,16294.994140625,16415.576171875,56.6563432164483,20.7787218788218,8.512546,0,0,0,40,4449,299.9405,16355.28515625,,,,,,,,,,,,,0,,,,17.7905884,,,,,,300.02062985,,,,
,15576975.83,300.0205078,16475.705078125,3.37623758081613,0.00173929308138947,1,0.999253354069792,40.0298881530762,1.98052616084893,11.1100003123283,18.266717841038,3.37246819767462,250,-0.00261518928130594,3.37556055715374,0.0115382304493117,300.0203857,300.0206299,16415.576171875,16535.833984375,56.8681645451599,20.7859783282091,8.512546,0,0,0,40,4449,299.9401,16475.705078125,,,,,,,,,,,,,0,,,,17.7905884,,,,,,300.0205078,,,,
,15576976.94,300.02043155,16590.8662109375,3.40167602659027,0.00269845023941714,1,0.999253354069792,40.0298881530762,1.98019435310792,11.1100003123283,18.4081486007719,3.36061543269379,250,-0.00942147006623238,3.40102237623807,0.00483980159429457,300.0202332,300.0206299,16535.833984375,16645.8984375,56.4750053999867,20.8025123612222,9.256284,0,0,0,40,4449,299.93855,16590.8662109375,,,,,,,,,,,,,0,,,,17.7905884,,,,,,300.02043155,,,,
,15576977.985,300.0207825,16695.9365234375,3.41268087625927,0.00321457185146743,1,0.999253354069792,40.0298881530762,1.98060240307272,11.1100003123283,18.4687254888793,3.38665870711348,250,-0.00677259324954206,3.41201385568485,0.00753405843735641,300.0202332,300.0213318,16645.8984375,16745.974609375,56.9713395096983,20.7878725665553,9.256284,0,0,0,40,4449,299.9381,16695.9365234375,,,,,,,,,,,,,0,,,,17.8803339,,,,,,300.0207825,,,,
,15576979.1,300.0211792,16806.0361328125,3.43634672605881,0.00136316491633914,1,0.999253354069792,40.0298881530762,1.98036585100051,11.0999997705221,18.5918291879448,3.42487147687479,250,-0.00402314576269321,3.43566333649861,0.01038184728542,300.0210266,300.0213318,16745.974609375,16866.09765625,56.9893169656406,20.7890079362341,8.884414,0,0,0,40,4449,299.939,16806.0361328125,,,,,,,,,,,,,0,,,,17.9692049,,,,,,300.0211792,,,,
,15576980.13,300.0211792,16911.1201171875,3.45405853524586,0.00185285749957846,1,0.999253354069792,40.0298881530762,1.98048010062382,11.0999997705221,18.687008754249,3.45188120596553,250,-0.00234978878157438,3.45336453675856,0.0121289547373899,300.0210266,300.0213318,16866.09765625,16956.142578125,56.5437887096791,20.7879098909047,8.884414,0,0,0,40,4449,299.93745,16911.1201171875,,,,,,,,,,,,,0,,,,17.7905884,,,,,,300.0211792,,,,
,15576981.125,300.02131655,17011.2158203125,3.47230489959332,0.00138358273762403,1,0.999253354069792,40.0298881530762,1.98068048489097,11.0999997705221,18.7896338113868,3.45937344713435,250,-0.00441108986747931,3.47161581560966,0.0101444526469214,300.0213013,300.0213318,16956.142578125,17066.2890625,56.8204852054868,20.7803446044469,8.512546,0,0,0,40,4449,299.93525,17011.2158203125,,,,,,,,,,,,,0,,,,17.7017174,,,,,,300.02131655,,,,
,15576982.98,300.0211029,17196.216796875,3.53185516588747,0.00172580710375748,1,0.999253354069792,40.0298881530762,1.98062134928067,11.0999997705221,19.1082303472416,3.53526824849894,250,-0.00140512595355603,3.53114141727901,0.0133989786011194,300.0209045,300.0213013,17066.2890625,17326.14453125,56.435142345506,20.7785483289217,9.256284,0,0,0,40,4449,299.93535,17196.216796875,,,,,,,,,,,,,0,,,,17.7905884,,,,,,300.0211029,,,,
,15576984.75,300.02171325,17371.1923828125,3.5481494024247,0.0022815376439252,1,0.999253354069792,40.0298881530762,1.98072662045015,11.1100003123283,19.1982185300591,3.54724657199008,250,-0.00224592309217762,3.54743581336882,0.012626284785565,300.0209045,300.022522,17326.14453125,17416.240234375,56.9283499411406,20.7804596524904,8.512546,0,0,0,40,4449,299.93455,17371.1923828125,,,,,,,,,,,,,0,,,,17.7905884,,,,,,300.02171325,,,,
,15576985.78,300.02293395,17471.244140625,3.57243126252505,0.00241828813931064,1,0.999253354069792,40.0298881530762,1.98026917124483,11.0999997705221,19.3316277016022,3.53630608657264,250,-0.00862327462514222,3.57173929592268,0.00635199724146956,300.022522,300.0233459,17416.240234375,17526.248046875,55.8043681304867,20.7863916757439,9.256284,0,0,0,40,4449,299.9307,17471.244140625,,,,,,,,,,,,,0,,,,17.7017174,,,,,,300.02293395,,,,
,15576986.925,300.0223846,17586.2568359375,3.59193033036116,0.00194132922841632,1,0.999253354069792,40.0298881530762,1.98041287280825,11.1100003123283,19.4320596646689,3.59070046360219,250,-0.00222921839372681,3.59120768416838,0.0128262515456502,300.0214233,300.0233459,17526.248046875,17646.265625,56.4398321166213,20.7933002075436,9.256284,0,0,0,40,4449,299.9299,17586.2568359375,,,,,,,,,,,,,0,,,,17.7905884,,,,,,300.0223846,,,,
,15576988,300.02178955,17696.283203125,3.61231088066719,0.00326622804902293,1,0.999253354069792,40.0298881530762,1.98043123530855,11.0999997705221,19.5461443413498,3.59142094339613,250,-0.00588086872666579,3.6115994873136,0.00926054134266529,300.0214233,300.0221558,17646.265625,17746.30078125,56.0466729714482,20.7898705346855,9.256284,0,0,0,40,4449,299.92925,17696.283203125,,,,,,,,,,,,,0,,,,17.9692049,,,,,,300.02178955,,,,
,15576989.035,300.0220337,17801.3115234375,3.63289523733711,0.00181163201053022,1,0.999253354069792,40.0298881530762,1.98040942156971,11.0999997705221,19.6584751782347,3.60558865309228,250,-0.00707119171596559,3.63218462823476,0.00815650202573066,300.0219116,300.0221558,17746.30078125,17856.322265625,56.7532651528329,20.7850303549937,8.512546,0,0,0,40,4449,299.9289,17801.3115234375,,,,,,,,,,,,,0,,,,17.8803339,,,,,,300.0220337,,,,
,15576990.09,300.02186585,17906.3310546875,3.6498910423112,0.00288397570751695,1,0.999253354069792,40.0298881530762,1.98044659987005,11.0999997705221,19.7503565143461,3.62494570642034,250,-0.00665569331962478,3.649175320983,0.00864241664216454,300.0218201,300.0219116,17856.322265625,17956.33984375,55.8387597853328,20.7850942742039,9.256284,0,0,0,40,4449,299.9368,17906.3310546875,,,,,,,,,,,,,0,,,,17.7017174,,,,,,300.02186585,,,,
,15576991.17,300.02175905,18016.345703125,3.67117526857958,0.00214073418383886,1,0.999253354069792,40.0298881530762,1.98048783359973,11.0999997705221,19.8634226909775,3.65970187888052,250,-0.00419021568462557,3.67044495733846,0.011195918300133,300.021698,300.0218201,17956.33984375,18076.3515625,56.7102755842752,20.7898206620698,9.256284,0,0,0,40,4449,299.9435,18016.345703125,,,,,,,,,,,,,0,,,,17.7017174,,,,,,300.02175905,,,,
,15576992.33,300.022583,18131.40625,3.6910454749821,0.00206936454309313,1,0.999253354069792,40.0298881530762,1.98078099654525,11.0999997705221,19.9743068433009,3.67739511935516,250,-0.00470170500699218,3.69031317254716,0.0107675425223349,300.021698,300.023468,18076.3515625,18186.4609375,56.943200883006,20.7772663583089,8.884414,0,0,0,40,4449,299.94315,18131.40625,,,,,,,,,,,,,0,,,,17.8803339,,,,,,300.022583,,,,
,15576993.5,300.02256775,18246.416015625,3.73369528624925,0.00189381924756815,1,0.999253354069792,40.0298881530762,1.98046112123577,11.0999997705221,20.202460963612,3.71641766347935,250,-0.00528904917403344,3.73295676336825,0.0103589964911663,300.0216675,300.023468,18186.4609375,18306.37109375,56.3929344054675,20.7856762773433,8.512546,0,0,0,40,4449,299.9394,18246.416015625,,,,,,,,,,,,,0,,,,17.8803339,,,,,,300.02256775,,,,
,15576994.66,300.0219269,18361.396484375,3.75339001062838,0.00218844614094779,1,0.999253354069792,40.0298881530762,1.98058465506289,11.1100003123283,20.3084601237884,3.74596751503075,250,-0.00352037644081636,3.75264015435803,0.012209818449687,300.0216675,300.0221863,18306.37109375,18416.421875,56.7782772654483,20.7816511028835,9.256284,0,0,0,40,4449,299.93515,18361.396484375,,,,,,,,,,,,,0,,,,17.8803339,,,,,,300.0219269,,,,
,15576995.75,300.02197265,18471.4619140625,3.77665357508441,0.00260174671969987,1,0.999253354069792,40.0298881530762,1.98070932115913,11.0999997705221,20.4363577725574,3.76525902003143,250,-0.00431039590367226,3.77590230974853,0.0115171845410483,300.021759,300.0221863,18416.421875,18526.501953125,56.9900985941599,20.7782466419519,8.512546,0,0,0,40,4449,299.93495,18471.4619140625,,,,,,,,,,,,,0,,,,18.0589504,,,,,,300.02197265,,,,
,15576996.885,300.02212525,18586.498046875,3.79990211683372,0.00384945211239621,1,0.999253354069792,40.0298881530762,1.9805134232188,11.0999997705221,20.5637321541095,3.76890164422562,250,-0.00788045672276178,3.79916107924692,0.00804502448185226,300.021759,300.0224915,18526.501953125,18646.494140625,56.4359239740252,20.788486427875,9.256284,0,0,0,40,4449,299.9343,18586.498046875,,,,,,,,,,,,,0,,,,17.8803339,,,,,,300.02212525,,,,
,15576997.915,300.0224457,18686.560546875,3.88520706465178,0.0120512461345034,1,0.999253354069792,40.0298881530762,1.98041477337804,11.1100003123283,21.0249834115066,3.84991175760284,250,-0.00868795514053609,3.8844519985164,0.00759505836323742,300.0223999,300.0224915,18646.494140625,18726.626953125,56.4507749158906,20.7861963214182,8.512546,0,0,0,40,4449,299.93195,18686.560546875,,,,,,,,,,,,,0,,,,17.7017174,,,,,,300.0224457,,,,
,15576998.885,300.0222168,18781.6513671875,4.08751012634784,0.00621041661777466,1,0.999253354069792,40.0298881530762,1.98025435575648,11.0999997705221,22.1194658902633,4.04219822143239,250,-0.0105931991124836,4.08672187453002,0.00653788502999662,300.0220337,300.0223999,18726.626953125,18836.67578125,56.7532651528329,20.7974861465675,9.256284,0,0,0,40,4449,299.9293,18781.6513671875,,,,,,,,,,,,,0,,,,17.8803339,,,,,,300.0222168,,,,
,15577000.04,300.02153015,18896.61328125,4.13096962693573,0.00436451495267249,1,0.999253354069792,40.0298881530762,1.98022163591038,11.0999997705221,22.3528078933943,4.09308377611294,250,-0.00923141587155638,4.13016694215581,0.00808127844290558,300.0210266,300.0220337,18836.67578125,18956.55078125,56.7993812354675,20.8016571530584,9.256284,0,0,0,40,4449,299.928,18896.61328125,,,,,,,,,,,,,0,,,,18.0589504,,,,,,300.02153015,,,,
,15577001.165,300.02186585,19011.5234375,4.16616956502457,0.00542171805676528,1,0.999253354069792,40.0298881530762,1.98025669543401,11.0999997705221,22.5502136860194,4.09271455757079,250,-0.0158394447572748,4.16538736734257,0.00162191802324982,300.0210266,300.0227051,18956.55078125,19066.49609375,57.1933220091599,20.8024819949663,8.512546,0,0,0,40,4449,299.92595,19011.5234375,,,,,,,,,,,,,0,,,,17.8803339,,,,,,300.02186585,,,,
,15577002.23,300.02124025,19121.5263671875,4.2005074982845,0.00441542763998794,1,0.999253354069792,40.0298881530762,1.98030685099057,11.0999997705221,22.7361219346845,4.1293257816105,250,-0.01545649490405,4.19971681367735,0.00214852126583483,300.0197754,300.0227051,19066.49609375,19176.556640625,56.4234179177175,20.8035338123384,8.884414,0,0,0,40,4449,299.92375,19121.5263671875,,,,,,,,,,,,,0,,,,17.7017174,,,,,,300.02124025,,,,
,15577003.4,300.0202179,19236.59375,4.22842189688117,0.00454836416024379,1,0.999253354069792,40.0298881530762,1.98033107564157,11.1100003123283,22.8833588690595,4.17908845333381,250,-0.0114414665770556,4.22760889153342,0.0062793928515747,300.0197754,300.0206604,19176.556640625,19296.630859375,56.8095424062176,20.7964918134228,9.256284,0,0,0,40,4449,299.9235,19236.59375,,,,,,,,,,,,,0,,,,17.8803339,,,,,,300.0202179,,,,
,15577004.57,300.02093505,19351.6728515625,4.28785519322823,0.00472848360905632,1,0.999253354069792,40.0298881530762,1.9801891990507,11.0999997705221,23.2045230479248,4.23135535503545,250,-0.0127440543711207,4.28703545343176,0.00522588384558123,300.0206604,300.0212097,19296.630859375,19406.71484375,56.9439825115252,20.8007794755954,9.256284,0,0,0,40,4449,299.92205,19351.6728515625,,,,,,,,,,,,,0,,,,17.8803339,,,,,,300.02093505,,,,
,15577005.67,300.0215912,19461.716796875,4.31617699915178,0.00518875069801061,1,0.999253354069792,40.0298881530762,1.98043390801433,11.0999997705221,23.3591265484629,4.26780002635224,250,-0.0113522792551114,4.31534557685327,0.00673582908883938,300.0212097,300.0219727,19406.71484375,19516.71875,56.3593243791406,20.7996137418138,9.256284,0,0,0,40,4449,299.92065,19461.716796875,,,,,,,,,,,,,0,,,,17.7017174,,,,,,300.0215912,,,,
,15577006.91,300.02180485,19586.7607421875,4.36224514514607,0.00631910351335099,1,0.999253354069792,40.0298881530762,1.9800694218908,11.1100003123283,23.6100759379091,4.280937045518,250,-0.0173233884994973,4.36142935686962,0.000958651722429957,300.021637,300.0219727,19516.71875,19656.802734375,56.2178496171598,20.8082161160432,9.256284,0,0,0,40,4449,299.91995,19586.7607421875,,,,,,,,,,,,,0,,,,17.8803339,,,,,,300.02180485,,,,
,15577008.125,300.021637,19712.10546875,4.39624356461144,0.00587375545647744,1,0.999253354069792,40.0298881530762,1.97975269804143,11.1100003123283,23.7852133111735,4.3414707497763,250,-0.0123093252122934,4.39539990156766,0.00611381759053188,300.021637,300.021637,19656.802734375,19767.408203125,56.4171648895637,20.8032957968973,9.256284,0,0,0,40,4449,299.9194,19712.10546875,,,,,,,,,,,,,0,,,,17.8803339,,,,,,300.021637,,,,
,15577009.125,300.02172855,19812.455078125,4.42912228469239,0.00802905654465094,1,0.999253354069792,40.0298881530762,1.98007627395043,11.1100003123283,23.9703383688446,4.35619565767673,250,-0.0158109213262735,4.42828660618821,0.00275045473735758,300.021637,300.0218201,19767.408203125,19857.501953125,56.0544892566406,20.8015318591814,9.256284,0,0,0,40,4449,299.9186,19812.455078125,,,,,,,,,,,,,0,,,,17.7905884,,,,,,300.02172855,,,,
,15577010.14,300.02198795,19912.599609375,4.45932126189066,0.00785643101720718,1,0.999253354069792,40.0298881530762,1.97968812698149,11.0999997705221,24.1357966752233,4.34926767285227,250,-0.0225374509673337,4.45850759609511,-0.00384839420406062,300.0218201,300.0221558,19857.501953125,19967.697265625,56.1686070204483,20.8033507035877,8.512546,0,0,0,40,4449,299.9175,19912.599609375,,,,,,,,,,,,,0,,,,17.9692049,,,,,,300.02198795,,,,
,15577011.275,300.02223205,20027.7216796875,4.47029789497388,0.00687898887929471,1,0.999253354069792,40.0298881530762,1.97968950349055,11.0999997705221,24.1911628412942,4.38187488149863,250,-0.0185429172979419,4.46946524038453,0.000191062338011562,300.0221558,300.0223083,19967.697265625,20087.74609375,56.8134505488137,20.7939724256025,9.256284,0,0,0,40,4449,299.9162,20027.7216796875,,,,,,,,,,,,,0,,,,18.0589504,,,,,,300.02223205,,,,
,15577012.315,300.02197265,20132.7841796875,4.50400102406295,0.00836448166208962,1,0.999253354069792,40.0298881530762,1.97968950349055,11.1100003123283,24.3817799310912,4.37052017606463,250,-0.0268918351840911,4.50319655548663,-0.00801521716882165,300.021637,300.0223083,20087.74609375,20177.822265625,56.4030955762175,20.7939724256025,9.256284,0,0,0,40,4449,299.91555,20132.7841796875,,,,,,,,,,,,,0,,,,17.8803339,,,,,,300.02197265,,,,
,15577013.345,300.0218506,20232.837890625,4.54345239575269,0.00755111598362403,1,0.999253354069792,40.0298881530762,1.97955233457229,11.0999997705221,24.5834869800683,4.46348940825631,250,-0.0169578763496248,4.54259832095853,0.00208170727772845,300.021637,300.0220642,20177.822265625,20287.853515625,56.2334821875444,20.8028858882076,8.512546,0,0,0,40,4449,299.9155,20232.837890625,,,,,,,,,,,,,0,,,,17.8803339,,,,,,300.0218506,,,,
,15577014.43,300.02215575,20337.9462890625,4.59509515624177,0.00943847434289065,1,0.999253354069792,40.0298881530762,1.97931786976033,11.0999997705221,24.8697192429667,4.46150346681779,250,-0.0268052632504312,4.59427179964241,-0.00754759490353361,300.0220642,300.0222473,20287.853515625,20388.0390625,56.2006537897367,20.7973895526854,9.256284,0,0,0,40,4449,299.915,20337.9462890625,,,,,,,,,,,,,0,,,,17.8803339,,,,,,300.02215575,,,,
,15577015.385,300.02178955,20432.9609375,4.62878749887717,0.00920622509490832,1,0.999253354069792,40.0298881530762,1.97915768009014,11.1100003123283,25.0637022859842,4.42046471324668,250,-0.0405784837538501,4.62801508200021,-0.0211772083741251,300.0213318,300.0222473,20388.0390625,20477.8828125,55.6253751995828,20.7983885914889,9.256284,0,0,0,40,4449,299.91575,20432.9609375,,,,,,,,,,,,,0,,,,17.7017174,,,,,,300.02178955,,,,
,15577016.385,300.0214081,20532.8857421875,4.66571736625081,0.00990772057205641,1,0.999253354069792,40.0298881530762,1.97900314929397,11.0999997705221,25.276592809358,4.37531512047827,250,-0.0557159522258441,4.66500094659393,-0.0361572230814322,300.0213318,300.0214844,20477.8828125,20587.888671875,56.3561978650637,20.8018988640876,8.512546,0,0,0,40,4449,299.91615,20532.8857421875,,,,,,,,,,,,,0,,,,17.7017174,,,,,,300.0214081,,,,
,15577017.385,300.0217438,20632.849609375,4.69601675040592,0.0108581245797642,1,0.999253354069792,40.0298881530762,1.97864060254017,11.1100003123283,25.4548210296896,4.30248332414901,250,-0.0746652180346329,4.69537350887307,-0.0549758759662968,300.0214844,300.0220032,20587.888671875,20677.810546875,55.8973819242751,20.8055142827871,9.256284,0,0,0,40,4449,299.9144,20632.849609375,,,,,,,,,,,,,0,,,,17.7017174,,,,,,300.0217438,,,,
,15577018.425,300.02261355,20737.8193359375,4.73604344357799,0.00816196708264383,1,0.999253354069792,40.0298881530762,1.97897893498888,11.1100003123283,25.6711316127467,4.36649803536101,250,-0.0703769968037913,4.73537395529997,-0.0505210732953816,300.0220032,300.0232239,20677.810546875,20797.828125,55.913796123179,20.8086338017839,8.512546,0,0,0,40,4449,299.9131,20737.8193359375,,,,,,,,,,,,,0,,,,17.8803339,,,,,,300.02261355,,,,
,15577019.55,300.0227356,20852.8701171875,4.78080616560692,0.00684614858978739,1,0.999253354069792,40.0298881530762,1.9790497590006,11.0999997705221,25.9019306466133,4.47661047342243,250,-0.0583349468955096,4.78007712954945,-0.0382943923083741,300.0222473,300.0232239,20797.828125,20907.912109375,55.3267931052366,20.8045760542239,8.512546,0,0,0,40,4449,299.914,20852.8701171875,,,,,,,,,,,,,0,,,,17.8803339,,,,,,300.0227356,,,,
,15577020.675,300.0213318,20968.0029296875,4.83616772684002,0.00960151079232041,1,0.999253354069792,40.0298881530762,1.97883774584452,11.0999997705221,26.2403451820248,4.30573997176238,250,-0.100126079810384,4.83560278094884,-0.0798455171603759,300.0204163,300.0222473,20907.912109375,21028.09375,55.4948432368713,20.8134220808048,8.884414,0,0,0,40,4449,299.91455,20968.0029296875,,,,,,,,,,,,,0,,,,17.7017174,,,,,,300.0213318,,,,
,15577021.825,300.01980595,21083.009765625,4.8451299667631,0.00971141842094408,1,0.999253354069792,40.0298881530762,1.97893465955248,11.1100003123283,26.2670398917974,4.43899457392682,250,-0.0771734228774458,4.84446733488749,-0.0568602546581613,300.0191956,300.0204163,21028.09375,21137.92578125,55.5198553494866,20.80851543573,8.512546,0,0,0,40,4449,299.91305,21083.009765625,,,,,,,,,,,,,0,,,,17.7017174,,,,,,300.01980595,,,,
,15577022.87,300.0191956,21187.990234375,4.87003247446658,0.00966288471409831,1,0.999253354069792,40.0298881530762,1.97894416221861,11.0999997705221,26.4040532793487,4.45166840518504,250,-0.0794497384428075,4.8693744499663,-0.0590321470080306,300.0191956,300.0191956,21137.92578125,21238.0546875,56.0974788251982,20.8108034839633,9.256284,0,0,0,40,4449,299.91315,21187.990234375,,,,,,,,,,,,,0,,,,17.8803339,,,,,,300.0191956,,,,
,15577023.89,300.01947025,21288.0263671875,4.88283000340786,0.0049387249912861,1,0.999253354069792,40.0298881530762,1.97920257458217,11.0999997705221,26.4622044739388,4.54270440100102,250,-0.065087504398507,4.88210920114877,-0.0446197187076051,300.0191956,300.0197449,21238.0546875,21337.998046875,55.9434980069098,20.8093298760792,9.628152,0,0,0,40,4449,299.9151,21288.0263671875,,,,,,,,,,,,,0,,,,17.8803339,,,,,,300.01947025,,,,
,15577025.07,300.0200348,21403,4.93463318161235,0.0127933230325035,1,0.999253354069792,40.0298881530762,1.97856001082591,11.0999997705221,26.8062838519818,4.20219549079741,250,-0.137432681378039,4.93420481855389,-0.116733490574323,300.0197449,300.0203247,21337.998046875,21468.001953125,55.4862453231597,20.8136283112916,9.256284,0,0,0,40,4449,299.91425,21403,,,,,,,,,,,,,0,,,,17.7017174,,,,,,300.0200348,,,,
,15577026.21,300.02033995,21517.9951171875,4.97889211960288,0.0100483338758649,1,0.999253354069792,40.0298881530762,1.978720253822,11.0999997705221,27.0178845482496,4.40720431501688,250,-0.107769443830255,4.97833045753671,-0.0868911809660061,300.0203247,300.0203552,21468.001953125,21567.98828125,55.4346578408905,20.8166540852576,9.256284,0,0,0,40,4449,299.913,21517.9951171875,,,,,,,,,,,,,0,,,,17.8803339,,,,,,300.02033995,,,,
,15577027.155,300.0203552,21612.9970703125,4.97962240190493,0.00940005337266326,1,0.999253354069792,40.0298881530762,1.978720253822,11.1100003123283,27.0096842974206,4.47344857896752,250,-0.095647891270352,4.97900984215568,-0.0747694258769961,300.0203552,300.0203552,21567.98828125,21658.005859375,55.9661652339675,20.8166540852576,8.512546,0,0,0,40,4449,299.91375,21612.9970703125,,,,,,,,,,,,,0,,,,17.8803339,,,,,,300.0203552,,,,
,15577028.29,300.02005005,21728.0908203125,5.03154846653945,0.00683823455987378,1,0.999253354069792,40.0298881530762,1.978082575697,11.0999997705221,27.3713360416397,4.0409469534346,250,-0.185062381223281,5.03129997371113,-0.163948711475633,300.0197449,300.0203552,21658.005859375,21798.17578125,55.5120390642943,20.8241532539177,9.256284,0,0,0,40,4449,299.9149,21728.0908203125,,,,,,,,,,,,,0,,,,17.8803339,,,,,,300.02005005,,,,
,15577029.445,300.019104,21843.22265625,5.06125170176007,0.00682019821813926,1,0.999253354069792,40.0298881530762,1.97836085621802,11.0999997705221,27.5284099256905,4.1100657463859,250,-0.177881542884028,5.06096728891893,-0.156645333753191,300.0184631,300.0197449,21798.17578125,21888.26953125,55.832506757179,20.8219670320351,8.512546,0,0,0,40,4449,299.915,21843.22265625,,,,,,,,,,,,,0,,,,18.0589504,,,,,,300.019104,,,,
,15577030.35,300.0184631,21933.2548828125,5.08186959835675,0.00702517225092416,1,0.999253354069792,40.0298881530762,1.97808991414934,11.1100003123283,27.6526759667783,4.04096008051117,250,-0.194392635682729,5.08165028783414,-0.173066987187559,300.0184631,300.0184631,21888.26953125,21978.240234375,56.2037803038136,20.8363932109519,9.256284,0,0,0,40,4449,299.9145,21933.2548828125,,,,,,,,,,,,,0,,,,18.0589504,,,,,,300.0184631,,,,
,15577032.305,300.0195923,22128.26953125,5.13783834509323,0.00760481321431662,1,0.999253354069792,40.0298881530762,1.97804403410042,11.0999997705221,27.9786959315862,3.96616800923578,250,-0.218595500686529,5.13770885299798,-0.197031193075664,300.0195923,300.0195923,22128.26953125,22128.26953125,54.914874875602,20.8287063527744,8.512546,0,0,0,40,4449,299.91455,22128.26953125,,,,,,,,,,,,,0,,,,18.0589504,,,,,,300.0195923,,,,
,15577032.935,300.01942445,22188.23828125,5.1240702153758,0.00353352097256704,1,0.999253354069792,40.0298881530762,1.97877841365226,11.0999997705221,27.9494124823873,3.76504639444615,250,-0.253518784660612,5.12408984134187,-0.232005244966796,300.0192566,300.0195923,22128.26953125,22248.20703125,55.1610878591597,20.838798029981,9.256284,0,0,0,40,4449,299.9144,22188.23828125,,,,,,,,,,,,,0,,,,17.8803339,,,,,,300.01942445,,,,
,15577034.015,300.01879885,22298.2626953125,5.15286629333397,0.00502368177103302,1,0.999253354069792,40.0298881530762,1.97911479593359,11.0999997705221,28.0924584426237,3.88760063860151,250,-0.236302627987993,5.152808090978,-0.214672359335093,300.0183411,300.0192566,22248.20703125,22348.318359375,55.5182920924482,20.835918425565,8.512546,0,0,0,40,4449,299.91415,22298.2626953125,,,,,,,,,,,,,0,,,,17.7905884,,,,,,300.01879885,,,,
,15577035.1,300.019043,22408.2060546875,5.16952845160376,0.00496160147944113,1,0.999253354069792,40.0298881530762,1.97901401159785,11.1100003123283,28.181339944854,3.90298381106637,250,-0.236510171542649,5.16946770638086,-0.21481052083775,300.0183411,300.0197449,22348.318359375,22468.09375,55.6628933685059,20.8287258088591,9.256284,0,0,0,40,4449,299.91475,22408.2060546875,,,,,,,,,,,,,0,,,,17.7905884,,,,,,300.019043,,,,
,15577036.31,300.01942445,22528.2646484375,5.20395313030825,0.00416041257450473,1,0.999253354069792,40.0298881530762,1.97902044474558,11.0999997705221,28.3696383297315,3.92604822507646,250,-0.238628286195049,5.20389420571371,-0.216784480554266,300.019104,300.0197449,22468.09375,22588.435546875,55.4276231842174,20.8313505876303,9.256284,0,0,0,40,4449,299.915,22528.2646484375,,,,,,,,,,,,,0,,,,17.7017174,,,,,,300.01942445,,,,
,15577037.375,300.01924135,22633.4013671875,5.24836818215025,0.00592229069757776,1,0.999253354069792,40.0298881530762,1.97838928708173,11.0999997705221,28.5962018615856,3.99428110583218,250,-0.234010917430158,5.24828093588813,-0.211982306953365,300.019104,300.0193787,22588.435546875,22678.3671875,55.5667530606405,20.8332781824529,9.256284,0,0,0,40,4449,299.9137,22633.4013671875,,,,,,,,,,,,,0,,,,17.7017174,,,,,,300.01924135,,,,
,15577038.44,300.01924135,22743.3720703125,5.28198142098573,0.00593798626820064,1,0.999253354069792,40.0298881530762,1.97834056738748,11.0999997705221,28.7730301897401,4.05010351188988,250,-0.229895059948834,5.28187012546118,-0.207726965037957,300.019104,300.0193787,22678.3671875,22808.376953125,56.1349969941213,20.8385878501966,8.512546,0,0,0,40,4449,299.91425,22743.3720703125,,,,,,,,,,,,,0,,,,17.8803339,,,,,,300.01924135,,,,
,15577039.55,300.0194397,22858.4267578125,5.33685360065,0.00355832217670173,1,0.999253354069792,40.0298881530762,1.97857524875056,11.1100003123283,29.0557899243814,4.19789596039685,250,-0.212809145365684,5.3366595745444,-0.19041513755855,300.019104,300.0197754,22808.376953125,22908.4765625,55.4706127527751,20.8292105194486,9.256284,0,0,0,40,4449,299.91415,22858.4267578125,,,,,,,,,,,,,0,,,,18.0589504,,,,,,300.0194397,,,,
,15577040.635,300.01956175,22963.8271484375,5.35393713984352,0.00593126241363775,1,0.999253354069792,40.0298881530762,1.97855841935756,11.0999997705221,29.148599599003,4.21106945078211,250,-0.213532481074647,5.3537426617689,-0.191067074750878,300.0193481,300.0197754,22908.4765625,23019.177734375,56.516431711506,20.8254827205285,8.512546,0,0,0,40,4449,299.913,22963.8271484375,,,,,,,,,,,,,0,,,,17.8803339,,,,,,300.01956175,,,,
,15577041.82,300.0187988,23079.26953125,5.39720775338517,0.00662201747880561,1,0.999253354069792,40.0298881530762,1.97846239646255,11.0999997705221,29.3739132195149,4.2927710303733,250,-0.206400001760278,5.39697478448279,-0.183755297323701,300.0182495,300.0193481,23019.177734375,23139.361328125,55.6120875147559,20.8240953177685,9.256284,0,0,0,40,4449,299.91325,23079.26953125,,,,,,,,,,,,,0,,,,17.7017174,,,,,,300.0187988,,,,
,15577042.86,300.01875305,23184.4130859375,5.42429474647065,0.00661260883308131,1,0.999253354069792,40.0298881530762,1.97833883839361,11.0999997705221,29.5104223057851,4.36319347214998,250,-0.198341477681971,5.4240225646436,-0.175585525547615,300.0182495,300.0192566,23139.361328125,23229.46484375,55.6402261414482,20.826195130142,8.884414,0,0,0,40,4449,299.9149,23184.4130859375,,,,,,,,,,,,,0,,,,17.7017174,,,,,,300.01875305,,,,
,15577043.805,300.0196228,23279.45703125,5.44467390837939,0.0095904824935365,1,0.999253354069792,40.0298881530762,1.97834839138842,11.0999997705221,29.6224663595393,4.37402879778818,250,-0.200118442189414,5.44440487434969,-0.177277181211747,300.0192566,300.019989,23229.46484375,23329.44921875,55.4182436419866,20.8232807730239,9.256284,0,0,0,40,4449,299.9153,23279.45703125,,,,,,,,,,,,,0,,,,17.7017174,,,,,,300.0196228,,,,
,15577044.895,300.019516,23389.5107421875,5.47070604767727,0.00866056372432451,1,0.999253354069792,40.0298881530762,1.9781537823966,11.0999997705221,29.7546149832419,4.43026028633896,250,-0.19446036786878,5.47040807165308,-0.171511632516326,300.019043,300.019989,23329.44921875,23449.572265625,55.9943038606598,20.8154617827948,9.256284,0,0,0,40,4449,299.9149,23389.5107421875,,,,,,,,,,,,,0,,,,17.7017174,,,,,,300.019516,,,,
,15577045.965,300.01887515,23499.666015625,5.49429973332544,0.0083634655400895,1,0.999253354069792,40.0298881530762,1.97806538441903,11.0999997705221,29.8774391883969,4.47181166869519,250,-0.191108713671121,5.49398307493882,-0.168062190212049,300.0187073,300.019043,23449.572265625,23549.759765625,55.9575673202559,20.8145567795724,8.512546,0,0,0,40,4449,299.9138,23499.666015625,,,,,,,,,,,,,0,,,,17.7017174,,,,,,300.01887515,,,,
,15577046.945,300.0187683,23594.68359375,5.51791829504142,0.00907645399418811,1,0.999253354069792,40.0298881530762,1.97784232765806,11.1100003123283,29.9887780395911,4.56494542606616,250,-0.178157628280295,5.51754263987076,-0.155015086352641,300.0187073,300.0188293,23549.759765625,23639.607421875,55.6535138262751,20.810873058234,9.256284,0,0,0,40,4449,299.9125,23594.68359375,,,,,,,,,,,,,0,,,,17.8803339,,,,,,300.0187683,,,,
,15577048.035,300.0195007,23699.66015625,5.53242987468145,0.00857973651122456,1,0.999253354069792,40.0298881530762,1.97789210378972,11.1100003123283,30.0736306902628,4.54876177591514,250,-0.183864073038354,5.53207505139172,-0.160660156730543,300.0188293,300.0201721,23639.607421875,23759.712890625,55.626156828102,20.8118285895371,8.512546,0,0,0,40,4449,299.9141,23699.66015625,,,,,,,,,,,,,0,,,,18.0589504,,,,,,300.0195007,,,,
,15577049.09,300.0193634,23809.6796875,5.56713534622258,0.00816544918505875,1,0.999253354069792,40.0298881530762,1.9777435335397,11.0999997705221,30.2272300126886,4.75406424673631,250,-0.152233435286874,5.5666410800673,-0.128891126697931,300.0185547,300.0201721,23759.712890625,23859.646484375,56.0552708851598,20.8075126668072,9.256284,0,0,0,40,4449,299.91485,23809.6796875,,,,,,,,,,,,,0,,,,18.0589504,,,,,,300.0193634,,,,
,15577050.15,300.01856995,23919.6416015625,5.57749747454444,0.00751465265644738,1,0.999253354069792,40.0298881530762,1.97760755536541,11.0999997705221,30.2831974980374,4.75323400338743,250,-0.154249213449278,5.57700972434377,-0.130863378031688,300.0185547,300.0185852,23859.646484375,23979.63671875,56.7743691228522,20.8079475337152,8.512546,0,0,0,40,4449,299.91305,23919.6416015625,,,,,,,,,,,,,0,,,,17.9692049,,,,,,300.01856995,,,,
,15577051.235,300.01904295,24024.6923828125,5.61439026079314,0.00746720532420924,1,0.999253354069792,40.0298881530762,1.97717265475475,11.0999997705221,30.4564852333142,4.89411517862637,250,-0.134815745718426,5.61381350057819,-0.111278822576471,300.0185852,300.0195007,23979.63671875,24069.748046875,55.7684132186021,20.8087715651212,8.512546,0,0,0,40,4449,299.90255,24024.6923828125,,,,,,,,,,,,,0,,,,17.9692049,,,,,,300.01904295,,,,
,15577052.35,300.0184784,24134.8486328125,5.63243543896742,0.00209474134336666,1,0.999253354069792,40.0298881530762,1.97737821876144,11.0999997705221,30.510619559499,5.16303969767551,250,-0.088464302265906,5.63166101332626,-0.064860946396404,300.0174561,300.0195007,24069.748046875,24199.94921875,56.3147715535444,20.8126013465566,8.512546,0,0,0,40,4449,299.89465,24134.8486328125,,,,,,,,,,,,,0,,,,17.8803339,,,,,,300.0184784,,,,
,15577054.3,300.0183411,24335.3271484375,5.69917542488407,0.00193688452564565,1,0.999253354069792,40.0298881530762,1.97735367544919,11.0999997705221,30.844028175299,5.37378974242446,250,-0.061807181717718,5.69827592897969,-0.0379308358975537,300.0183411,300.0183411,24330.2890625,24340.365234375,56.973684395256,20.8138121405677,8.512546,0,0,0,40,4449,299.8973,24335.3271484375,,,,,,,,,,,,,0,,,,17.8803339,,,,,,300.0183411,,,,
,15577054.93,300.0187836,24400.5263671875,5.72765620851782,0.00260343561551647,1,0.999253354069792,40.0298881530762,1.97748734486261,11.0999997705221,30.9971440775724,5.41753735336238,250,-0.0590542222814576,5.7267393305358,-0.0350594921459757,300.0183411,300.0192261,24340.365234375,24460.6875,56.3726120639675,20.8137939080222,9.256284,0,0,0,40,4449,299.8978,24400.5263671875,,,,,,,,,,,,,0,,,,17.8803339,,,,,,300.0187836,,,,
,15577055.945,300.01963805,24500.728515625,5.75585373679916,0.00201252420152353,1,0.999253354069792,40.0298881530762,1.9774967386302,11.0999997705221,31.1473001017721,5.45819084695454,250,-0.0567604059288985,5.75492138856982,-0.0326486108910014,300.0192261,300.02005,24460.6875,24540.76953125,56.5859966497175,20.8181837478978,8.512546,0,0,0,40,4449,299.89915,24500.728515625,,,,,,,,,,,,,0,,,,17.7017174,,,,,,300.01963805,,,,
,15577056.905,300.0200958,24595.896484375,5.78390179482188,0.00182449041159232,1,0.999253354069792,40.0298881530762,1.97757889100842,11.0999997705221,31.3006490711517,5.48338590558311,250,-0.0573372101946658,5.78296611170077,-0.0331084208834474,300.02005,300.0201416,24540.76953125,24651.0234375,56.4460851447752,20.8145795465384,9.256284,0,0,0,40,4449,299.90095,24595.896484375,,,,,,,,,,,,,0,,,,17.8803339,,,,,,300.0200958,,,,
,15577057.99,300.01930235,24706.07421875,5.81249862375898,0.00214321268846708,1,0.999253354069792,40.0298881530762,1.97763897565272,11.0999997705221,31.4552339949453,5.51662264262399,250,-0.0565164119845651,5.81155391013859,-0.0321686218976736,300.0184631,300.0201416,24651.0234375,24761.125,56.4312342029098,20.813579710926,9.256284,0,0,0,40,4449,299.9021,24706.07421875,,,,,,,,,,,,,0,,,,17.9692049,,,,,,300.01930235,,,,
,15577059.03,300.01805115,24806.2236328125,5.84136218734914,0.00231103168241823,1,0.999253354069792,40.0298881530762,1.97759250936028,11.0999997705221,31.6086979862982,5.55474547217095,250,-0.0547870510783246,5.84040467437117,-0.0303192012129398,300.0176392,300.0184631,24761.125,24851.322265625,56.9220969129868,20.8143150104007,9.256284,0,0,0,40,4449,299.9023,24806.2236328125,,,,,,,,,,,,,0,,,,17.7905884,,,,,,300.01805115,,,,
,15577060.15,300.01843265,24916.4248046875,5.87037082100726,0.00263450621472142,1,0.999253354069792,40.0298881530762,1.97771565654368,11.0999997705221,31.7667538656838,5.58722514388118,250,-0.0542151851162338,5.8694049977482,-0.0296266906504551,300.0176392,300.0192261,24851.322265625,24981.52734375,56.3702671784098,20.8157593554911,9.256284,0,0,0,40,4449,299.9047,24916.4248046875,,,,,,,,,,,,,0,,,,17.7905884,,,,,,300.01843265,,,,
,15577061.215,300.01934815,25026.6943359375,5.89916366616183,0.00212661577154335,1,0.999253354069792,40.0298881530762,1.97783795649208,11.0999997705221,31.9259241567356,5.60721938195688,250,-0.0559146763788469,5.89819896620687,-0.0312059471940967,300.0192261,300.0194702,24981.52734375,25071.861328125,56.5899047923137,20.8144567607145,8.512546,0,0,0,40,4449,299.9067,25026.6943359375,,,,,,,,,,,,,0,,,,17.7905884,,,,,,300.01934815,,,,
,15577062.125,300.01960755,25116.9365234375,5.92736351876796,0.00205868816020972,1,0.999253354069792,40.0298881530762,1.97783795649208,11.0999997705221,32.0748358065985,5.65400120603976,250,-0.0524835389343512,5.92637871545167,-0.0276579984907016,300.0194702,300.0197449,25071.861328125,25162.01171875,56.9674313671022,20.8144567607145,8.512546,0,0,0,40,4449,299.90845,25116.9365234375,,,,,,,,,,,,,0,,,,17.7017174,,,,,,300.01960755,,,,
,15577063.16,300.01849365,25217.12109375,5.95183734434585,0.00221682672205415,1,0.999253354069792,40.0298881530762,1.97763066661712,11.0999997705221,32.2040777112545,5.67624110813743,250,-0.0527967699686845,5.95084918284177,-0.0278693837098209,300.0172424,300.0197449,25162.01171875,25272.23046875,56.1342153656021,20.8167952448388,8.512546,0,0,0,40,4449,299.911,25217.12109375,,,,,,,,,,,,,0,,,,17.8803339,,,,,,300.01849365,,,,
,15577064.18,300.01808165,25317.3388671875,5.97847990375192,0.00182956938963253,1,0.999253354069792,40.0298881530762,1.97763066661712,11.0999997705221,32.3491872011696,5.6965171530887,250,-0.0539827932276296,5.97749143215337,-0.0289441624254522,300.0172424,300.0189209,25272.23046875,25362.447265625,56.6743206723906,20.8167952448388,8.512546,0,0,0,40,4449,299.91205,25317.3388671875,,,,,,,,,,,,,0,,,,18.0589504,,,,,,300.01808165,,,,
,15577065.215,300.0188904,25422.458984375,6.00666705060438,0.00222161200681093,1,0.999253354069792,40.0298881530762,1.97766884887672,11.0999997705221,32.5002721630097,5.73451366219923,250,-0.0521946757345618,6.00566524096425,-0.0270390030954221,300.0188599,300.0189209,25362.447265625,25482.470703125,56.4124751184483,20.8185287786507,8.884414,0,0,0,40,4449,299.9135,25422.458984375,,,,,,,,,,,,,0,,,,17.8803339,,,,,,300.0188904,,,,
,15577066.36,300.01905825,25542.625,6.03763087561849,0.00218595505788306,1,0.999253354069792,40.0298881530762,1.97728404929114,11.0999997705221,32.6594675286323,5.77452372106692,250,-0.050325955725671,6.03661496299574,-0.0250415814784779,300.0188599,300.0192566,25482.470703125,25602.779296875,56.0404199432944,20.8179827056892,8.884414,0,0,0,40,4449,299.9137,25542.625,,,,,,,,,,,,,0,,,,17.7017174,,,,,,300.01905825,,,,
,15577067.365,300.0192566,25642.837890625,6.06409354519551,0.00195388698091606,1,0.999253354069792,40.0298881530762,1.97735659923916,11.0999997705221,32.8037390559643,5.80029711754991,250,-0.0504985684902461,6.06307297951727,-0.0251038890080325,300.0192566,300.0192566,25602.779296875,25682.896484375,56.259275928679,20.8162318267768,9.256284,0,0,0,40,4449,299.9144,25642.837890625,,,,,,,,,,,,,0,,,,17.7017174,,,,,,300.0192566,,,,
,15577068.375,300.01867675,25738.0185546875,6.0902606689776,0.00200510025107052,1,0.999253354069792,40.0298881530762,1.97728757981792,11.0999997705221,32.9426877162559,5.8331186297216,250,-0.0492365247944266,6.08922967234805,-0.023732991872963,300.0180969,300.0192566,25682.896484375,25793.140625,56.3687039213713,20.8137512171712,9.256284,0,0,0,40,4449,299.9145,25738.0185546875,,,,,,,,,,,,,0,,,,17.7017174,,,,,,300.01867675,,,,
,15577069.57,300.01841735,25858.3095703125,6.14396051721592,0.00211914359922482,1,0.999253354069792,40.0298881530762,1.97702971654897,11.0999997705221,33.2300300627028,5.87785451905392,250,-0.0507715238120006,6.14292514880299,-0.0250434805850741,300.0180969,300.0187378,25793.140625,25923.478515625,56.2014354182559,20.818563899038,8.512546,0,0,0,40,4449,299.91505,25858.3095703125,,,,,,,,,,,,,0,,,,17.7905884,,,,,,300.01841735,,,,
,15577070.71,300.01911925,25973.5361328125,6.16946090744622,0.00199041719155326,1,0.999253354069792,40.0298881530762,1.97689352691035,11.0999997705221,33.3674102617387,5.89267242666141,250,-0.0526818396964628,6.1684282558511,-0.0268473402151389,300.0187378,300.0195007,25923.478515625,26023.59375,55.8942554101982,20.8159987877615,9.256284,0,0,0,40,4449,299.91665,25973.5361328125,,,,,,,,,,,,,0,,,,17.8794594,,,,,,300.01911925,,,,
,15577071.815,300.01922605,26083.7080078125,6.19697154241346,0.00190568379122455,1,0.999253354069792,40.0298881530762,1.97667745160449,11.0999997705221,33.5130155056196,5.91622534897499,250,-0.053303818230095,6.19593592287852,-0.0273545051302482,300.0189514,300.0195007,26023.59375,26143.822265625,55.8184374438328,20.8197200260722,9.256284,0,0,0,40,4449,299.9164,26083.7080078125,,,,,,,,,,,,,0,,,,17.7905884,,,,,,300.01922605,,,,
,15577073.025,300.01896665,26209.0419921875,6.22240747163177,0.00198482984467724,1,0.999253354069792,40.0298881530762,1.97650818648311,11.0999997705221,33.6488234278946,5.93428744081975,250,-0.0545824647065588,6.22137215099068,-0.0285270382305111,300.0189514,300.0189819,26143.822265625,26274.26171875,56.3374387806021,20.820554361373,9.256284,0,0,0,40,4449,299.9169,26209.0419921875,,,,,,,,,,,,,0,,,,17.7017174,,,,,,300.01896665,,,,
,15577074.18,300.01948545,26324.361328125,6.24437399442358,0.00195375729799183,1,0.999253354069792,40.0298881530762,1.97636262067691,11.0999997705221,33.7638623516328,5.96194280228006,250,-0.0534531360870156,6.2433294159361,-0.0273065609341745,300.0189819,300.019989,26274.26171875,26374.4609375,56.7774956369291,20.8237397981503,8.512546,0,0,0,40,4449,299.91735,26324.361328125,,,,,,,,,,,,,0,,,,17.8803339,,,,,,300.01948545,,,,
,15577075.225,300.0195923,26424.630859375,6.26819543470229,0.00206555513636789,1,0.999253354069792,40.0298881530762,1.97636262067691,11.0999997705221,33.895527243376,5.96926075091637,250,-0.0565140840510678,6.26715884264136,-0.0302676152528591,300.0191956,300.019989,26374.4609375,26474.80078125,56.3139899250252,20.8237397981503,9.256284,0,0,0,40,4449,299.91715,26424.630859375,,,,,,,,,,,,,0,,,,17.8803339,,,,,,300.0195923,,,,
,15577076.28,300.01998905,26529.919921875,6.29157050925269,0.00214191492350769,1,0.999253354069792,40.0298881530762,1.97635697492832,11.0999997705221,34.0195631962619,6.00375047592923,250,-0.05445588672822,6.29052050797602,-0.0281125101608247,300.0191956,300.0207825,26474.80078125,26585.0390625,56.1021685963136,20.8232511267481,8.512546,0,0,0,40,4449,299.91745,26529.919921875,,,,,,,,,,,,,0,,,,17.7905884,,,,,,300.01998905,,,,
,15577077.37,300.02079775,26640.1611328125,6.31445492819394,0.00222883950904706,1,0.999253354069792,40.0298881530762,1.97643393563765,11.0999997705221,34.1463604587414,6.01631798660441,250,-0.0564129510691383,6.31340832198774,-0.0299738581342357,300.0207825,300.020813,26585.0390625,26695.283203125,56.2428617297752,20.8265602642528,9.256284,0,0,0,40,4449,299.91705,26640.1611328125,,,,,,,,,,,,,0,,,,17.8794594,,,,,,300.02079775,,,,
,15577078.375,300.02079775,26745.3701171875,6.33444293934642,0.00194080099360658,1,0.999253354069792,40.0298881530762,1.97667136390892,11.0999997705221,34.2556383879797,6.05130298592594,250,-0.0537697634242911,6.33338124647295,-0.0272479608448064,300.0207825,300.020813,26695.283203125,26795.45703125,56.1858028478713,20.8233582658987,8.512546,0,0,0,40,4449,299.91635,26745.3701171875,,,,,,,,,,,,,0,,,,17.7905884,,,,,,300.02079775,,,,
,15577079.46,300.02072145,26855.595703125,6.37910689210891,0.00252708063580379,1,0.999253354069792,40.0298881530762,1.97654906482947,11.0999997705221,34.4940800487386,6.09906049893976,250,-0.0531375839244624,6.37803353718726,-0.0264294173025648,300.0206604,300.0207825,26795.45703125,26915.734375,55.8778412112944,20.8268583631701,9.256284,0,0,0,40,4449,299.91565,26855.595703125,,,,,,,,,,,,,0,,,,17.8803339,,,,,,300.02072145,,,,
,15577080.635,300.020401,26970.9091796875,6.39889016367675,0.00239903232669764,1,0.999253354069792,40.0298881530762,1.9765732233307,11.0999997705221,34.5994362080804,6.1290084005199,250,-0.0512718083779466,6.39780510905056,-0.0244818068717669,300.0201416,300.0206604,26915.734375,27026.083984375,55.8489209560828,20.8255697158408,8.512546,0,0,0,40,4449,299.9161,26970.9091796875,,,,,,,,,,,,,0,,,,18.0589504,,,,,,300.020401,,,,
,15577081.73,300.0205536,27081.1474609375,6.42068846985178,0.00214419970521605,1,0.999253354069792,40.0298881530762,1.97654130624928,11.0999997705221,34.7155268183642,6.15641439264789,250,-0.0502190392983839,6.41959459487927,-0.0233385743471462,300.0201416,300.0209656,27026.083984375,27136.2109375,56.3687039213713,20.8254798301243,9.256284,0,0,0,40,4449,299.91645,27081.1474609375,,,,,,,,,,,,,0,,,,17.9692049,,,,,,300.0205536,,,,
,15577082.84,300.02067565,27191.25,6.44611383960526,0.00191898299128218,1,0.999253354069792,40.0298881530762,1.97658592335711,11.0999997705221,34.8586412124033,6.15462969883782,250,-0.0552886039720388,6.44503602366291,-0.0283011135523678,300.0203857,300.0209656,27136.2109375,27246.2890625,55.7316766781982,20.8324654059714,8.884414,0,0,0,40,4449,299.91545,27191.25,,,,,,,,,,,,,0,,,,17.7905884,,,,,,300.02067565,,,,
,15577083.98,300.01985165,27301.4775390625,6.46753088765169,0.00177811215138877,1,0.999253354069792,40.0298881530762,1.97636996079511,11.0999997705221,34.9700641072545,6.17802084681701,250,-0.0548049663576644,6.46644692930001,-0.0277283416424733,300.0193176,300.0203857,27246.2890625,27356.666015625,55.8684616690636,20.8291884990384,9.256284,0,0,0,40,4449,299.9143,27301.4775390625,,,,,,,,,,,,,0,,,,17.7905884,,,,,,300.01985165,,,,
,15577085,300.02067565,27406.7529296875,6.48938904590811,0.00202329869145073,1,0.999253354069792,40.0298881530762,1.97649444805704,11.0999997705221,35.0891342420643,6.20614412687138,250,-0.0537185324575594,6.48829594927653,-0.0265511508314907,300.0193176,300.0220337,27356.666015625,27456.83984375,56.1021685963136,20.8309379972832,8.512546,0,0,0,40,4449,299.9143,27406.7529296875,,,,,,,,,,,,,0,,,,17.9692049,,,,,,300.02067565,,,,
,15577086.03,300.02160645,27511.990234375,6.51223740397206,0.00196938163678459,1,0.999253354069792,40.0298881530762,1.97629548929676,11.0999997705221,35.2088545444458,6.2293551107767,250,-0.0535419514400966,6.51113874797002,-0.0262794771906125,300.0211792,300.0220337,27456.83984375,27567.140625,56.5273745107752,20.8320177904904,8.512546,0,0,0,40,4449,299.9142,27511.990234375,,,,,,,,,,,,,0,,,,18.0589504,,,,,,300.02160645,,,,
,15577087.125,300.02072145,27617.2451171875,6.53833045059276,0.00182465887526536,1,0.999253354069792,40.0298881530762,1.97633282997048,11.0999997705221,35.3499680982892,6.25773692309017,250,-0.0531436453486915,6.53722506849161,-0.025772368343587,300.0202637,300.0211792,27567.140625,27667.349609375,56.1389051367175,20.8344642381782,8.884414,0,0,0,40,4449,299.9124,27617.2451171875,,,,,,,,,,,,,0,,,,17.9692049,,,,,,300.02072145,,,,
,15577088.14,300.02064515,27717.4521484375,6.5614898419247,0.0017081365172998,1,0.999253354069792,40.0298881530762,1.97645036148349,11.0999997705221,35.4790360070917,6.27057689488847,250,-0.0551263541801839,6.56038810484176,-0.0276581314101695,300.0202637,300.0210266,27667.349609375,27767.5546875,56.4773502855444,20.8340606000652,9.256284,0,0,0,40,4449,299.9114,27717.4521484375,,,,,,,,,,,,,0,,,,17.7905884,,,,,,300.02064515,,,,
,15577089.21,300.0207977,27827.6318359375,6.58333808974475,0.00190394478259758,1,0.999253354069792,40.0298881530762,1.97637034177757,11.0999997705221,35.5946606894356,6.29717537846401,250,-0.0542040413022229,6.58222806390346,-0.0266450810343978,300.0205688,300.0210266,27767.5546875,27887.708984375,55.578477488429,20.8387206641785,8.512546,0,0,0,40,4449,299.91115,27827.6318359375,,,,,,,,,,,,,0,,,,17.7017174,,,,,,300.0207977,,,,
,15577090.24,300.02143855,27932.6591796875,6.60715481122293,0.00166846311765733,1,0.999253354069792,40.0298881530762,1.97623131357789,11.0999997705221,35.7202666446668,6.32337262523355,250,-0.0536865308101905,6.6060376698863,-0.0260284923672445,300.0205688,300.0223083,27887.708984375,27977.609375,56.1381235081982,20.836758408189,8.512546,0,0,0,40,4449,299.9109,27932.6591796875,,,,,,,,,,,,,0,,,,17.7017174,,,,,,300.02143855,,,,
,15577091.265,300.0219879,28032.744140625,6.62934377698744,0.00160799807769397,1,0.999253354069792,40.0298881530762,1.9762725885055,11.0999997705221,35.8413916921241,6.34239101322147,250,-0.0543010713527538,6.62822460865681,-0.0265505323215644,300.0216675,300.0223083,27977.609375,28087.87890625,56.0810646262944,20.8336645135665,9.256284,0,0,0,40,4449,299.9108,28032.744140625,,,,,,,,,,,,,0,,,,17.8803339,,,,,,300.0219879,,,,
,15577092.445,300.02165225,28153.052734375,6.67320534886797,0.00161828674304498,1,0.999253354069792,40.0298881530762,1.97620309190937,11.0999997705221,36.0791700588395,6.37400245346615,250,-0.0565369192617281,6.67208675559871,-0.028602903046661,300.021637,300.0216675,28087.87890625,28218.2265625,55.8567372412751,20.838922578596,9.256284,0,0,0,40,4449,299.9101,28153.052734375,,,,,,,,,,,,,0,,,,18.0589504,,,,,,300.02165225,,,,
,15577093.645,300.02194215,28278.3330078125,6.6958780657451,0.00156762079408431,1,0.999253354069792,40.0298881530762,1.97618056216104,11.0999997705221,36.1989727777162,6.40840265270609,250,-0.0543545636041862,6.69474569986747,-0.026326513392089,300.021637,300.0222473,28218.2265625,28338.439453125,56.147503050429,20.8378768592077,9.256284,0,0,0,40,4449,299.9081,28278.3330078125,,,,,,,,,,,,,0,,,,17.8803339,,,,,,300.02194215,,,,
,15577094.78,300.02264405,28388.5478515625,6.71981877980096,0.00201089859918542,1,0.999253354069792,40.0298881530762,1.97622150044056,11.0999997705221,36.3296499031368,6.42865997512151,250,-0.0550644678930428,6.71868438625691,-0.026936524707331,300.0222473,300.0230408,28338.439453125,28438.65625,55.5659714321213,20.8382553157326,9.256284,0,0,0,40,4449,299.90705,28388.5478515625,,,,,,,,,,,,,0,,,,17.8803339,,,,,,300.02264405,,,,
,15577095.89,300.02290345,28498.8056640625,6.74028972201309,0.0019995422625487,1,0.999253354069792,40.0298881530762,1.97609769725232,11.0999997705221,36.4421254731158,6.42611634345765,250,-0.0592582184748547,6.73916868443354,-0.0310441189657418,300.0227661,300.0230408,28438.65625,28558.955078125,56.1912742475059,20.8413875982802,9.256284,0,0,0,40,4449,299.9053,28498.8056640625,,,,,,,,,,,,,0,,,,17.8803339,,,,,,300.02290345,,,,
,15577096.895,300.02252195,28604.0390625,6.76743138118931,0.00203313685415977,1,0.999253354069792,40.0298881530762,1.97614071315272,11.0999997705221,36.5870260232216,6.46626847314935,250,-0.0568772086764301,6.7662949985683,-0.0285504227464939,300.0222778,300.0227661,28558.955078125,28649.123046875,55.9481877780252,20.8358517647812,9.256284,0,0,0,40,4449,299.90415,28604.0390625,,,,,,,,,,,,,0,,,,17.8803339,,,,,,300.02252195,,,,
,15577097.82,300.02316285,28694.2861328125,6.79050599012325,0.00161311084245924,1,0.999253354069792,40.0298881530762,1.97628505489224,11.0999997705221,36.7165733653851,6.47700492800132,250,-0.0592515885026161,6.78937474045655,-0.0308282847547668,300.0222778,300.0240479,28649.123046875,28739.44921875,56.0982604537175,20.8363632561762,9.256284,0,0,0,40,4449,299.9047,28694.2861328125,,,,,,,,,,,,,0,,,,18.0589504,,,,,,300.02316285,,,,
,15577098.94,300.023819,28804.4560546875,6.81496990746658,0.00171070593080586,1,0.999253354069792,40.0298881530762,1.97603011525884,11.0999997705221,36.8444482557005,6.49825312357958,250,-0.0596995610708425,6.81383543720762,-0.0311742473356005,300.0235901,300.0240479,28739.44921875,28869.462890625,55.7348031922751,20.8420207845723,8.512546,0,0,0,40,4449,299.9037,28804.4560546875,,,,,,,,,,,,,0,,,,17.9692049,,,,,,300.023819,,,,
,15577100.025,300.0237427,28914.552734375,6.83777613787037,0.00165662814186856,1,0.999253354069792,40.0298881530762,1.97594574640791,11.0999997705221,36.964525802814,6.5288026046077,250,-0.0582176577392826,6.83663088867245,-0.0295976148605202,300.0235901,300.0238953,28869.462890625,28959.642578125,55.9325552076405,20.8364684380392,8.512546,0,0,0,40,4449,299.90225,28914.552734375,,,,,,,,,,,,,0,,,,17.8794594,,,,,,300.0237427,,,,
,15577101.08,300.0233307,29019.8056640625,6.86643110211762,0.00194335448139042,1,0.999253354069792,40.0298881530762,1.97605813604474,11.0999997705221,37.120643187259,6.56110912443223,250,-0.0576122318426435,6.86527764248122,-0.0288728586630567,300.0227661,300.0238953,28959.642578125,29079.96875,56.0216608588328,20.8405409147867,9.256284,0,0,0,40,4449,299.9014,29019.8056640625,,,,,,,,,,,,,0,,,,17.8794594,,,,,,300.0233307,,,,
,15577102.3,300.02293395,29140.095703125,6.88991541225786,0.00197316785941974,1,0.999253354069792,40.0298881530762,1.97573172542474,11.0999997705221,37.2434648448401,6.57243406852268,250,-0.0596717162602602,6.88876595108758,-0.0308342466522358,300.0227661,300.0231018,29079.96875,29200.22265625,56.0693401985059,20.8470019745056,9.256284,0,0,0,40,4449,299.9011,29140.095703125,,,,,,,,,,,,,0,,,,17.8794594,,,,,,300.02293395,,,,
,15577103.37,300.02334595,29245.3623046875,6.91352402498091,0.00205132506596979,1,0.999253354069792,40.0298881530762,1.97601761688119,11.0999997705221,37.3745656069084,6.60554272638498,250,-0.0580865929457257,6.91236307326925,-0.0291511286170325,300.0231018,300.0235901,29200.22265625,29290.501953125,55.4667046101789,20.8428078497295,8.512546,0,0,0,40,4449,299.9004,29245.3623046875,,,,,,,,,,,,,0,,,,17.7905884,,,,,,300.02334595,,,,
,15577104.39,300.0233002,29350.57421875,6.93277354522081,0.00149660136289389,1,0.999253354069792,40.0298881530762,1.97573299461596,11.0900001600385,37.4751678339446,6.61326866392122,250,-0.0600517696455809,6.93161695793986,-0.031035829911508,300.0230103,300.0235901,29290.501953125,29410.646484375,55.9872692039867,20.8456414511553,8.512546,0,0,0,40,4449,299.8997,29350.57421875,,,,,,,,,,,,,0,,,,17.8803339,,,,,,300.0233002,,,,
,15577105.52,300.0233765,29465.78515625,6.97498748601278,0.00223734406614676,1,0.999253354069792,40.0298881530762,1.97561745427562,11.0999997705221,37.6980137207515,6.67036826974406,250,-0.057227725802652,6.97381053552383,-0.0280362426025498,300.0230103,300.0237427,29410.646484375,29520.923828125,55.791862074179,20.8434769477322,9.256284,0,0,0,40,4449,299.8988,29465.78515625,,,,,,,,,,,,,0,,,,18.0589504,,,,,,300.0233765,,,,
,15577106.63,300.0234833,29576.3173828125,6.99713272223836,0.00175151952842219,1,0.999253354069792,40.0298881530762,1.97588339387521,11.0999997705221,37.8203079811269,6.70515941171619,250,-0.0550495554882557,6.99594217486211,-0.0257663186070419,300.0232239,300.0237427,29520.923828125,29631.7109375,55.9817978043521,20.849760390791,9.256284,0,0,0,40,4449,299.89775,29576.3173828125,,,,,,,,,,,,,0,,,,17.9692049,,,,,,300.0234833,,,,
,15577107.685,300.0228424,29681.890625,7.01573535645718,0.00186983357056799,1,0.999253354069792,40.0298881530762,1.97613515739337,11.0999997705221,37.9249229660609,6.72732180488995,250,-0.054547018668845,7.01453913644324,-0.0251865265744541,300.0224609,300.0232239,29631.7109375,29732.0703125,55.7230787644867,20.846804626835,8.512546,0,0,0,40,4449,299.89705,29681.890625,,,,,,,,,,,,,0,,,,17.9692049,,,,,,300.0228424,,,,
,15577108.77,300.02267455,29792.2177734375,7.03304692433702,0.00210959686271783,1,0.999253354069792,40.0298881530762,1.97585289233599,11.0999997705221,38.0144321897665,6.73637438891418,250,-0.0559053761441167,7.03185296282961,-0.026472719518974,300.0224609,300.0228882,29732.0703125,29852.365234375,55.5167288354097,20.8456602915667,8.512546,0,0,0,40,4449,299.8967,29792.2177734375,,,,,,,,,,,,,0,,,,18.0589504,,,,,,300.02267455,,,,
,15577109.77,300.023819,29892.5302734375,7.04681595333374,0.00173177482446671,1,0.999253354069792,40.0298881530762,1.97595397395105,11.0900001600385,38.0916114348021,6.74527913705151,250,-0.0568704276591192,7.04562296921119,-0.027380345021895,300.0228882,300.0247498,29852.365234375,29932.6953125,55.8504842131213,20.8457130401119,9.256284,0,0,0,40,4449,299.8954,29892.5302734375,,,,,,,,,,,,,0,,,,18.0589504,,,,,,300.023819,,,,
,15577110.78,300.0235901,29992.7353515625,7.06885923514662,0.00177541284437522,1,0.999253354069792,40.0298881530762,1.97584587631732,11.0999997705221,38.2059621690741,6.78093431932878,250,-0.0542841932750229,7.06765105313866,-0.0247028420417424,300.0224304,300.0247498,29932.6953125,30052.775390625,56.1732967915636,20.8443488039691,8.512546,0,0,0,40,4449,299.8945,29992.7353515625,,,,,,,,,,,,,0,,,,18.0589504,,,,,,300.0235901,,,,
,15577111.93,300.0228119,30107.9990234375,7.08989064864533,0.00132739287926226,1,0.999253354069792,40.0298881530762,1.9758873674072,11.0999997705221,38.3211178384335,6.79748497964731,250,-0.0551417741433838,7.0886821001934,-0.0254735401812256,300.0224304,300.0231934,30052.775390625,30163.22265625,55.7277685356021,20.852141215358,8.512546,0,0,0,40,4449,299.9002,30107.9990234375,,,,,,,,,,,,,0,,,,17.8803339,,,,,,300.0228119,,,,
,15577112.875,300.0237732,30203.21484375,7.10335013600885,0.00171407760201866,1,0.999253354069792,40.0298881530762,1.97593599544111,11.0999997705221,38.3946531442956,6.81127875702287,250,-0.0551108478463462,7.10213857138501,-0.025387408530896,300.0231934,300.024353,30163.22265625,30243.20703125,56.1600091067367,20.8469472161103,8.512546,0,0,0,40,4449,299.90525,30203.21484375,,,,,,,,,,,,,0,,,,17.7905884,,,,,,300.0237732,,,,
,15577114.745,300.0231018,30388.6103515625,7.12116614940569,0.00199961828179904,1,0.999253354069792,40.0298881530762,1.97590076601183,11.0999997705221,38.4904381989241,6.8274065584507,250,-0.05540378317669,7.11995240373167,-0.0256061487631885,300.0231018,300.0231018,30383.650390625,30393.5703125,55.9700733765636,20.8449929888303,9.256284,0,0,0,40,4449,299.9002,30388.6103515625,,,,,,,,,,,,,0,,,,18.0589504,,,,,,300.0231018,,,,
,15577115.425,300.0233307,30458.6572265625,7.1423448664209,0.0016109722895212,1,0.999253354069792,40.0298881530762,1.97596591203126,11.0999997705221,38.6038359570551,6.86042448716541,250,-0.0532535694654373,7.14111780755526,-0.023368232000654,300.0231018,300.0235596,30393.5703125,30523.744140625,55.8114027871598,20.8462821432129,9.256284,0,0,0,40,4449,299.90085,30458.6572265625,,,,,,,,,,,,,0,,,,18.0589504,,,,,,300.0233307,,,,
,15577116.51,300.02372745,30568.8271484375,7.1723651248848,0.00197037389015148,1,0.999253354069792,40.0298881530762,1.97583990954028,11.0999997705221,38.7637774665555,6.88831295474375,250,-0.0535728825554003,7.17113325109988,-0.0235624515919211,300.0235596,300.0238953,30523.744140625,30613.91015625,55.4893718372366,20.8441761015491,9.256284,0,0,0,40,4449,299.90045,30568.8271484375,,,,,,,,,,,,,0,,,,18.0589504,,,,,,300.02372745,,,,
,15577117.565,300.0241394,30674.0556640625,7.19544077039017,0.00169395308308026,1,0.999253354069792,40.0298881530762,1.97592829016848,11.0999997705221,38.88981738486,6.91277850671602,250,-0.0533738775880424,7.19420330506426,-0.0232673530854266,300.0238953,300.0243835,30613.91015625,30734.201171875,55.6073977436405,20.8464090437586,8.884414,0,0,0,40,4449,299.89895,30674.0556640625,,,,,,,,,,,,,0,,,,17.9692049,,,,,,300.0241394,,,,
,15577118.735,300.0240173,30789.3466796875,7.21338099444051,0.00135098624557579,1,0.999253354069792,40.0298881530762,1.97587105946666,11.0999997705221,38.9850010116015,6.93347636840356,250,-0.0528287030787736,7.21213768133808,-0.0226477213214417,300.0236511,300.0243835,30734.201171875,30844.4921875,56.1686070204483,20.8441003507413,9.256284,0,0,0,40,4449,299.8977,30789.3466796875,,,,,,,,,,,,,0,,,,17.8794594,,,,,,300.0240173,,,,
,15577119.825,300.02363585,30899.66015625,7.23151000985607,0.00179610041086885,1,0.999253354069792,40.0298881530762,1.97600409650813,11.0999997705221,39.0855827555651,6.95116992838749,250,-0.0529960325071649,7.23026385366757,-0.0227395879181385,300.0236206,300.0236511,30844.4921875,30954.828125,55.6753994248136,20.8451004622432,9.256284,0,0,0,40,4449,299.89605,30899.66015625,,,,,,,,,,,,,0,,,,17.9692049,,,,,,300.02363585,,,,
,15577120.875,300.023468,31004.93359375,7.2506089770565,0.00147990442258316,1,0.999253354069792,40.0298881530762,1.97591210728343,11.0999997705221,39.1879269235545,6.96438295288194,250,-0.0540302168239553,7.24936335994486,-0.0236941889175776,300.0233154,300.0236206,30954.828125,31055.0390625,55.7949885882559,20.8537137701742,8.512546,0,0,0,40,4449,299.89555,31004.93359375,,,,,,,,,,,,,0,,,,17.9692049,,,,,,300.023468,,,,
,15577122.05,300.02352905,31120.12109375,7.27070977951239,0.00196616843462225,1,0.999253354069792,40.0298881530762,1.97573878001896,11.0999997705221,39.2917024595387,6.99119426547787,250,-0.0526785376142409,7.26945443939004,-0.0222590080070055,300.0233154,300.0237427,31055.0390625,31185.203125,55.9403714928328,20.8502200930193,9.256284,0,0,0,40,4449,299.8928,31120.12109375,,,,,,,,,,,,,0,,,,17.9692049,,,,,,300.02352905,,,,
,15577123.165,300.02365115,31235.21875,7.2896019220665,0.00146083026830401,1,0.999253354069792,40.0298881530762,1.97595252147384,11.0999997705221,39.3972994857847,7.0136356523836,250,-0.0521598646389003,7.28834058696799,-0.0216618886801655,300.0235596,300.0237427,31185.203125,31285.234375,55.7957702167751,20.8477782102327,9.256284,0,0,0,40,4449,299.89145,31235.21875,,,,,,,,,,,,,0,,,,18.1496143,,,,,,300.02365115,,,,
,15577124.235,300.02371215,31340.314453125,7.3079805887929,0.00198400508495677,1,0.999253354069792,40.0298881530762,1.97573535821009,11.0999997705221,39.4933944392828,7.02517090726462,250,-0.053290067444758,7.30672030081545,-0.0227157429490624,300.0235596,300.0238647,31285.234375,31395.39453125,55.8200007008713,20.8503189253763,8.512546,0,0,0,40,4449,299.8929,31340.314453125,,,,,,,,,,,,,0,,,,18.0598688,,,,,,300.02371215,,,,
,15577125.4,300.02366635,31455.50390625,7.32877009352993,0.00197158533877007,1,0.999253354069792,40.0298881530762,1.97582454251378,11.0999997705221,39.606752465456,7.04943468306049,250,-0.0527058561266354,7.32750320041897,-0.022045206664439,300.023468,300.0238647,31395.39453125,31515.61328125,55.8371965282944,20.8483000275641,8.884414,0,0,0,40,4449,299.89185,31455.50390625,,,,,,,,,,,,,0,,,,17.8794594,,,,,,300.02366635,,,,
,15577126.39,300.023468,31555.71484375,7.34445244415321,0.00236705092069104,1,0.999253354069792,40.0298881530762,1.97590688250513,11.0999997705221,39.6928602889031,7.06619814449853,250,-0.0525606231549872,7.34318183145961,-0.0218346039615015,300.023468,300.023468,31515.61328125,31595.81640625,55.8012416164098,20.8530927088561,8.512546,0,0,0,40,4449,299.88885,31555.71484375,,,,,,,,,,,,,0,,,,17.9692049,,,,,,300.023468,,,,
,15577127.36,300.0235748,31650.9443359375,7.38187633772756,0.00170219262159086,1,0.999253354069792,40.0298881530762,1.97576177529054,11.0999997705221,39.8907752776168,7.10969441727236,250,-0.0513459923178044,7.38059304921445,-0.0204640144319987,300.023468,300.0236816,31595.81640625,31706.072265625,55.7379297063521,20.850543193842,9.256284,0,0,0,40,4449,299.88705,31650.9443359375,,,,,,,,,,,,,0,,,,17.8803339,,,,,,300.0235748,,,,
,15577128.54,300.02351375,31771.2119140625,7.3982009587798,0.00148129018039142,1,0.999253354069792,40.0298881530762,1.97591717684207,11.0999997705221,39.9822522508818,7.12492440579247,250,-0.051651431731404,7.39691571497943,-0.0207018279783549,300.0233459,300.0236816,31706.072265625,31836.3515625,55.7949885882559,20.8475637398601,8.512546,0,0,0,40,4449,299.8874,31771.2119140625,,,,,,,,,,,,,0,,,,17.8803339,,,,,,300.02351375,,,,
,15577129.71,300.02322385,31891.50390625,7.41846185456488,0.001506368371185,1,0.999253354069792,40.0298881530762,1.97575730941611,11.0999997705221,40.0886311811329,7.14362377158098,250,-0.0518386230084377,7.41717340331139,-0.0208047162777807,300.0231018,300.0233459,31836.3515625,31946.65625,56.0583973992367,20.8547579397299,8.512546,0,0,0,40,4449,299.88575,31891.50390625,,,,,,,,,,,,,0,,,,17.9692049,,,,,,300.02322385,,,,
,15577130.72,300.0233307,31991.75390625,7.43433018636028,0.00146126496630125,1,0.999253354069792,40.0298881530762,1.97574163543672,11.0999997705221,40.1722739044525,7.16854223694632,250,-0.0501529593558313,7.43303147538675,-0.0190534633581691,300.0231018,300.0235596,31946.65625,32036.8515625,55.8661167835059,20.8496799053816,8.884414,0,0,0,40,4449,299.8847,31991.75390625,,,,,,,,,,,,,0,,,,17.9692049,,,,,,300.0233307,,,,
,15577131.8,300.0232544,32096.91015625,7.45065355298062,0.00164258614109681,1,0.999253354069792,40.0298881530762,1.97575297562371,11.0999997705221,40.2620461961011,7.17708835317895,250,-0.0516029338743406,7.44935766276732,-0.0204354188043789,300.0229492,300.0235596,32036.8515625,32156.96875,55.9896140895444,20.853622024729,8.512546,0,0,0,40,4449,299.8843,32096.91015625,,,,,,,,,,,,,0,,,,17.9692049,,,,,,300.0232544,,,,
,15577132.925,300.0235901,32212.0498046875,7.46516525364203,0.00147073116107005,1,0.999253354069792,40.0298881530762,1.97581859003301,11.0999997705221,40.3410504986749,7.19518920310667,250,-0.0509822987137088,7.4638637815225,-0.0197547819626208,300.0229492,300.024231,32156.96875,32267.130859375,55.6027079725251,20.8535575209651,9.256284,0,0,0,40,4449,299.8836,32212.0498046875,,,,,,,,,,,,,0,,,,17.9692049,,,,,,300.0235901,,,,
,15577133.96,300.02362065,32317.2578125,7.47878513031138,0.00144123547794571,1,0.999253354069792,40.0298881530762,1.97587189002434,11.0999997705221,40.4153751035872,7.21033800388079,250,-0.0507354632031778,7.47747989555754,-0.0194515023562838,300.0230103,300.024231,32267.130859375,32367.384765625,55.7895171886213,20.8510600348687,8.512546,0,0,0,40,4449,299.88255,32317.2578125,,,,,,,,,,,,,0,,,,18.0589504,,,,,,300.02362065,,,,
,15577135.07,300.02302555,32427.5205078125,7.4906179654079,0.00219103180820147,1,0.999253354069792,40.0298881530762,1.97582400327455,11.0999997705221,40.4789198692045,7.2185770777272,250,-0.0513707306850223,7.48931320298784,-0.0200377427028051,300.0230103,300.0230408,32367.384765625,32487.65625,55.5808223739866,20.8493176829714,8.512546,0,0,0,40,4449,299.88225,32427.5205078125,,,,,,,,,,,,,0,,,,18.0589504,,,,,,300.02302555,,,,
,15577136.19,300.0230408,32537.814453125,7.50636591693828,0.00151116541757523,1,0.999253354069792,40.0298881530762,1.97585931563365,11.0999997705221,40.5631990114169,7.2421287500404,250,-0.0499494350449781,7.50505208612294,-0.0185517025142704,300.0230408,300.0230408,32487.65625,32587.97265625,56.035730172179,20.8481601538664,8.512546,0,0,0,40,4449,299.88385,32537.814453125,,,,,,,,,,,,,0,,,,18.0589504,,,,,,300.0230408,,,,
,15577137.235,300.02267455,32643.0732421875,7.51862651312495,0.00172042457072634,1,0.999253354069792,40.0298881530762,1.97582157749844,11.0999997705221,40.6285332120774,7.25470646444881,250,-0.0498668076549858,7.51730999360637,-0.0184182951881266,300.0223083,300.0230408,32587.97265625,32698.173828125,56.1514111930252,20.8525127900212,9.256284,0,0,0,40,4449,299.88285,32643.0732421875,,,,,,,,,,,,,0,,,,17.9692049,,,,,,300.02267455,,,,
,15577138.35,300.02293395,32758.2802734375,7.535320057144,0.00155207204135476,1,0.999253354069792,40.0298881530762,1.97575483581413,11.0999997705221,40.7145639250685,7.28586240343015,250,-0.0471441790357885,7.53398875080173,-0.015627030950258,300.0223083,300.0235596,32698.173828125,32818.38671875,56.0591790277559,20.8489755287292,9.256284,0,0,0,40,4449,299.88255,32758.2802734375,,,,,,,,,,,,,0,,,,17.8794594,,,,,,300.02293395,,,,
,15577139.49,300.0232544,32869.123046875,7.56221239191565,0.00137267241998176,1,0.999253354069792,40.0298881530762,1.97576059843008,11.0999997705221,40.8616172931139,7.30307468564118,250,-0.0489442528311478,7.56088313070128,-0.0173149859381417,300.0229492,300.0235596,32818.38671875,32919.859375,55.751217391179,20.8538818538138,9.256284,0,0,0,40,4449,299.88305,32869.123046875,,,,,,,,,,,,,0,,,,17.9692049,,,,,,300.0232544,,,,
,15577140.595,300.0231781,32980.1328125,7.57058680930105,0.00174754474814607,1,0.999253354069792,40.0298881530762,1.97587362838976,11.0999997705221,40.9075844150129,7.32001890417259,250,-0.0474324213111886,7.56924960885867,-0.0157691025136266,300.0229492,300.023407,32919.859375,33040.40625,56.1803314482367,20.849570470193,8.512546,0,0,0,40,4449,299.88325,32980.1328125,,,,,,,,,,,,,0,,,,17.9692049,,,,,,300.0231781,,,,
,15577141.73,300.0236206,33095.583984375,7.58227431265725,0.00152060543584247,1,0.999253354069792,40.0298881530762,1.97579844401583,11.0999997705221,40.9692202683653,7.33102704167426,250,-0.0475088309845655,7.58093499031676,-0.0157972131334426,300.023407,300.0238342,33040.40625,33150.76171875,55.7957702167751,20.8521209592002,8.512546,0,0,0,40,4449,299.88265,33095.583984375,,,,,,,,,,,,,0,,,,17.9692049,,,,,,300.0236206,,,,
,15577142.89,300.0227356,33210.953125,7.59135357070157,0.00126380640242674,1,0.999253354069792,40.0298881530762,1.97597843055649,11.0999997705221,41.0216373199188,7.34200828998589,250,-0.0472780382794412,7.59001173051281,-0.0155289602650234,300.021637,300.0238342,33150.76171875,33271.14453125,56.0677769414675,20.8464194768442,9.256284,0,0,0,40,4449,299.881,33210.953125,,,,,,,,,,,,,0,,,,18.0589504,,,,,,300.0227356,,,,
,15577144,300.02172855,33321.22265625,7.60215154008644,0.00139630997497374,1,0.999253354069792,40.0298881530762,1.97585666586009,11.0999997705221,41.0762444777775,7.35888419719477,250,-0.0460708538474232,7.60080281367351,-0.0142776312257551,300.021637,300.0218201,33271.14453125,33371.30078125,55.9286470650444,20.8489199722049,8.512546,0,0,0,40,4449,299.882,33321.22265625,,,,,,,,,,,,,0,,,,17.9692049,,,,,,300.02172855,,,,
,15577145.11,300.02212525,33431.443359375,7.61327561807412,0.00133068446569832,1,0.999253354069792,40.0298881530762,1.97589442007532,11.0999997705221,41.1366859643877,7.37211469913034,250,-0.0457067316696966,7.61192307075753,-0.0138678253112559,300.0218201,300.0224304,33371.30078125,33491.5859375,56.188147733429,20.8506872818295,9.256284,0,0,0,40,4449,299.88295,33431.443359375,,,,,,,,,,,,,0,,,,17.9692049,,,,,,300.02212525,,,,
,15577146.31,300.02249145,33551.66015625,7.63305570635668,0.00198149712485838,1,0.999253354069792,40.0298881530762,1.97577925743644,11.0900001600385,41.2410403019166,7.39180699935147,250,-0.0456471857725556,7.63169885025015,-0.0137261863392346,300.0224304,300.0225525,33491.5859375,33611.734375,56.4703156288714,20.851679975112,8.884414,0,0,0,40,4449,299.88215,33551.66015625,,,,,,,,,,,,,0,,,,18.0589504,,,,,,300.02249145,,,,
,15577147.545,300.0228424,33676.849609375,7.64577870135185,0.001202610655501,1,0.999253354069792,40.0298881530762,1.97577967270938,11.0999997705221,41.3098997410741,7.40353914960096,250,-0.0458319269158226,7.64442000281895,-0.0138584020423994,300.0225525,300.0231323,33611.734375,33741.96484375,55.9145777516982,20.8580234189803,9.256284,0,0,0,40,4449,299.882,33676.849609375,,,,,,,,,,,,,0,,,,18.1496143,,,,,,300.0228424,,,,
,15577148.7,300.02182005,33797.025390625,7.65539737251027,0.00137254029182968,1,0.999253354069792,40.0298881530762,1.97576999107939,11.0999997705221,41.3595177740913,7.42444333825602,250,-0.0437348577145828,7.65402830545644,-0.0117222097169629,300.0205078,300.0231323,33741.96484375,33852.0859375,55.7129175937367,20.8511201623146,8.512546,0,0,0,40,4449,299.88175,33797.025390625,,,,,,,,,,,,,0,,,,18.0598688,,,,,,300.02182005,,,,
,15577149.825,300.020874,33907.224609375,7.66547344827987,0.00125817001085811,1,0.999253354069792,40.0298881530762,1.9758316926222,11.0999997705221,41.4157783600987,7.43142401308694,250,-0.0443511223005034,7.66410523002032,-0.0122967513208573,300.0205078,300.0212402,33852.0859375,33962.36328125,56.1631356208136,20.8550792763913,9.256284,0,0,0,40,4449,299.88085,33907.224609375,,,,,,,,,,,,,0,,,,18.0598688,,,,,,300.020874,,,,
,15577150.85,300.0213623,34007.49609375,7.67494633095135,0.00100704833865285,1,0.999253354069792,40.0298881530762,1.97590721124705,11.0999997705221,41.4694994272302,7.43552177745676,250,-0.045399052025635,7.67358048660388,-0.013305430242563,300.0212402,300.0214844,33962.36328125,34052.62890625,56.2749084990636,20.8532925248013,8.512546,0,0,0,40,4449,299.8807,34007.49609375,,,,,,,,,,,,,0,,,,18.1496143,,,,,,300.0213623,,,,
,15577151.82,300.02171325,34107.763671875,7.68502550438703,0.00143749154820314,1,0.999253354069792,40.0298881530762,1.97567448643327,11.0999997705221,41.5170940772886,7.45572582301817,250,-0.0433650912602001,7.68364907607124,-0.0112304179096552,300.0214844,300.0219421,34052.62890625,34162.8984375,56.289759440929,20.8542893530938,9.256284,0,0,0,40,4449,299.8814,34107.763671875,,,,,,,,,,,,,0,,,,18.1496143,,,,,,300.02171325,,,,
,15577152.955,300.02244565,34223.029296875,7.69437534766814,0.00110108446203656,1,0.999253354069792,40.0298881530762,1.97573190619022,11.0999997705221,41.5683531841021,7.46732544440445,250,-0.042987725979041,7.69299530767124,-0.010814797053714,300.0219421,300.0229492,34162.8984375,34283.16015625,56.1146746526213,20.8524453214023,9.256284,0,0,0,40,4449,299.88205,34223.029296875,,,,,,,,,,,,,0,,,,18.1496143,,,,,,300.02244565,,,,
,15577154.015,300.02186585,34328.2578125,7.70429754394073,0.0011808619440241,1,0.999253354069792,40.0298881530762,1.9755337045746,11.0999997705221,41.6175130387292,7.47823025074507,250,-0.0426706123643253,7.70291439056404,-0.0104569166957033,300.0207825,300.0229492,34283.16015625,34373.35546875,55.9888324610252,20.8528849817845,8.512546,0,0,0,40,4449,299.8823,34328.2578125,,,,,,,,,,,,,0,,,,18.1496143,,,,,,300.02186585,,,,
,15577155.85,300.0219116,34508.599609375,7.71611172253598,0.00151785389030205,1,0.999253354069792,40.0298881530762,1.97570431539038,11.0999997705221,41.6850558324405,7.48918328472361,250,-0.0429474686765632,7.71472739548131,-0.0106851714205476,300.0219116,300.0219116,34503.67578125,34513.5234375,56.0326036581021,20.8555986752889,8.512546,0,0,0,40,4449,299.8806,34508.599609375,,,,,,,,,,,,,0,,,,17.8794594,,,,,,300.0219116,,,,
,15577156.455,300.02140805,34568.515625,7.73447149161543,0.00139298257132271,1,0.999253354069792,40.0298881530762,1.97577238086308,11.0999997705221,41.7856575374727,7.50719799006495,250,-0.0430597678079054,7.73308410768072,-0.0107212647273968,300.0209045,300.0219116,34513.5234375,34623.5078125,55.9989936317752,20.8470283564933,9.256284,0,0,0,40,4449,299.88225,34568.515625,,,,,,,,,,,,,0,,,,17.8794594,,,,,,300.02140805,,,,
,15577157.61,300.02033995,34683.634765625,7.74427180774379,0.0010618586958631,1,0.999253354069792,40.0298881530762,1.97577274448893,11.0999997705221,41.8391610178193,7.51375845920188,250,-0.0436610313180461,7.74288530718622,-0.0112820040656573,300.0197754,300.0209045,34623.5078125,34743.76171875,56.3890262628713,20.8490181902179,8.512546,0,0,0,40,4449,299.88135,34683.634765625,,,,,,,,,,,,,0,,,,17.8794594,,,,,,300.02033995,,,,
,15577158.695,300.0197754,34793.896484375,7.75558435810108,0.00136269087377284,1,0.999253354069792,40.0298881530762,1.97563046403857,11.0999997705221,41.8975232395884,7.52319460234466,250,-0.0439117415866281,7.75419681669831,-0.0114858369614935,300.0197754,300.0197754,34743.76171875,34844.03125,56.0732483411021,20.8520935300516,8.884414,0,0,0,40,4449,299.87985,34793.896484375,,,,,,,,,,,,,0,,,,17.8794594,,,,,,300.0197754,,,,
,15577159.805,300.02015685,34904.19921875,7.76657360621997,0.00131480906549023,1,0.999253354069792,40.0298881530762,1.97560270265453,11.0999997705221,41.9560326156883,7.53527096351575,250,-0.043691635859841,7.7651828746003,-0.0112205572456614,300.0197754,300.0205383,34844.03125,34964.3671875,55.3252298481982,20.8541852698526,9.256284,0,0,0,40,4449,299.88035,34904.19921875,,,,,,,,,,,,,0,,,,17.8794594,,,,,,300.02015685,,,,
,15577160.89,300.0205383,35014.46484375,7.77949681084599,0.00121672706213438,1,0.999253354069792,40.0298881530762,1.97562653829214,11.0999997705221,42.0252245742097,7.55391346156338,250,-0.0426487758212101,7.77809907466282,-0.0101247876801745,300.0205383,300.0205383,34964.3671875,35064.5625,56.1396867652367,20.8566504017219,9.256284,0,0,0,40,4449,299.88225,35014.46484375,,,,,,,,,,,,,0,,,,18.0598688,,,,,,300.0205383,,,,
,15577161.87,300.02093505,35114.66015625,7.78944348619611,0.00128738460576781,1,0.999253354069792,40.0298881530762,1.975679245005,11.0999997705221,42.0808620242747,7.5593983957836,250,-0.0435125594353171,7.78804727848866,-0.0109473398052261,300.0205383,300.0213318,35064.5625,35164.7578125,56.1029502248329,20.8535930715208,8.512546,0,0,0,40,4449,299.88165,35114.66015625,,,,,,,,,,,,,0,,,,18.1496143,,,,,,300.02093505,,,,
,15577162.965,300.020813,35224.9140625,7.79839196605438,0.00162200433984837,1,0.999253354069792,40.0298881530762,1.97557032002259,11.0999997705221,42.1252705629348,7.57667413994682,250,-0.0418943790626556,7.79698727883555,-0.00929276029924748,300.0202942,300.0213318,35164.7578125,35285.0703125,56.2686554709098,20.8513798296891,8.512546,0,0,0,40,4449,299.8818,35224.9140625,,,,,,,,,,,,,0,,,,17.9692049,,,,,,300.020813,,,,
,15577164.095,300.02015685,35340.08203125,7.80902636625463,0.0013476217886037,1,0.999253354069792,40.0298881530762,1.97554437417898,11.0999997705221,42.1831206664916,7.58181559926533,250,-0.0428947401043109,7.80762395592839,-0.0102491449454327,300.0200195,300.0202942,35285.0703125,35395.09375,55.5136023213328,20.8515702567691,8.512546,0,0,0,40,4449,299.8817,35340.08203125,,,,,,,,,,,,,0,,,,17.8794594,,,,,,300.02015685,,,,
,15577165.18,300.0199127,35445.158203125,7.82156841162695,0.00194263386970297,1,0.999253354069792,40.0298881530762,1.97541599710931,11.0999997705221,42.2480611554106,7.59422257353075,250,-0.0428313438807611,7.82016331184343,-0.0101338415474661,300.0198059,300.0200195,35395.09375,35495.22265625,55.9622570913713,20.8535675691927,9.256284,0,0,0,40,4449,299.8807,35445.158203125,,,,,,,,,,,,,0,,,,18.0598688,,,,,,300.0199127,,,,
,15577166.315,300.01971435,35555.423828125,7.82974206124228,0.0018043109978691,1,0.999253354069792,40.0298881530762,1.97560309550815,11.0900001600385,42.2954687783157,7.60636917525602,250,-0.0422253913169422,7.82833289096264,-0.00949450979784012,300.0196228,300.0198059,35495.22265625,35615.625,56.2170679886406,20.8534188071298,8.512546,0,0,0,40,4449,299.8807,35555.423828125,,,,,,,,,,,,,0,,,,18.1496143,,,,,,300.01971435,,,,
,15577167.26,300.0196228,35650.64453125,7.84189225228497,0.00122422237189353,1,0.999253354069792,40.0298881530762,1.97554981434474,11.0999997705221,42.3609976752915,7.61253092990131,250,-0.043298734195576,7.84048518265683,-0.0105173943416705,300.0196228,300.0196228,35615.625,35685.6640625,56.0263506299482,20.8542960349474,8.512546,0,0,0,40,4449,299.88045,35650.64453125,,,,,,,,,,,,,0,,,,17.9692049,,,,,,300.0196228,,,,
,15577168.19,300.01956175,35745.80859375,7.85090982179787,0.00155791470165516,1,0.999253354069792,40.0298881530762,1.9755342305385,11.0999997705221,42.4085806337397,7.62555678519253,250,-0.0425453902678775,7.84949785217293,-0.00972713890318046,300.0195007,300.0196228,35685.6640625,35805.953125,56.5906864208329,20.8521965724788,8.512546,0,0,0,40,4449,299.88085,35745.80859375,,,,,,,,,,,,,0,,,,17.8794594,,,,,,300.01956175,,,,
,15577169.345,300.01982115,35861.076171875,7.87829253912111,0.0015636051229276,1,0.999253354069792,40.0298881530762,1.97548763773684,11.0999997705221,42.5550602895234,7.65443372874437,250,-0.0422380062073377,7.87687371804477,-0.00930596584514146,300.0195007,300.0201416,35805.953125,35916.19921875,56.1498479359867,20.8534568256017,8.512546,0,0,0,40,4449,299.88,35861.076171875,,,,,,,,,,,,,0,,,,17.9692049,,,,,,300.01982115,,,,
,15577170.545,300.02030945,35981.40625,7.88794796463675,0.00147863584925481,1,0.999253354069792,40.0298881530762,1.97537363138276,11.0999997705221,42.6061472535404,7.65620006477667,250,-0.0436204597206988,7.88653287329676,-0.0106483331452926,300.0201416,300.0204773,35916.19921875,36046.61328125,55.5948916873328,20.8578689797297,8.512546,0,0,0,40,4449,299.8786,35981.40625,,,,,,,,,,,,,0,,,,17.9692049,,,,,,300.02030945,,,,
,15577171.64,300.0207062,36091.6875,7.89716130900442,0.00156142721978107,1,0.999253354069792,40.0298881530762,1.97555836220771,11.0999997705221,42.6589226064584,7.67059456621505,250,-0.04278953445758,7.89574087156602,-0.00978025192681791,300.0204773,300.0209351,36046.61328125,36136.76171875,56.259275928679,20.8519262858529,9.256284,0,0,0,40,4449,299.88255,36091.6875,,,,,,,,,,,,,0,,,,17.8794594,,,,,,300.0207062,,,,
,15577172.725,300.02035525,36202.1796875,7.90635369589198,0.00162893418909509,1,0.999253354069792,40.0298881530762,1.97533543635413,11.0999997705221,42.7027160718409,7.68494430771327,250,-0.041676621597706,7.9049269767448,-0.00863055296669219,300.0197754,300.0209351,36136.76171875,36267.59765625,55.2494118818328,20.8515031729327,9.256284,0,0,0,40,4449,299.8882,36202.1796875,,,,,,,,,,,,,0,,,,18.0598688,,,,,,300.02035525,,,,
,15577173.755,300.02009585,36307.78515625,7.91630278338625,0.00150597980243795,1,0.999253354069792,40.0298881530762,1.97538390852526,11.0999997705221,42.7590625285457,7.68624231682365,250,-0.0433140998207711,7.91488103691819,-0.0102268831586043,300.0197754,300.0204163,36267.59765625,36347.97265625,55.9223940368905,20.8548637775569,9.256284,0,0,0,40,4449,299.8891,36307.78515625,,,,,,,,,,,,,0,,,,18.1496143,,,,,,300.02009585,,,,
,15577174.81,300.0201569,36413.1796875,7.92417218468288,0.00132987279914147,1,0.999253354069792,40.0298881530762,1.97532148231543,11.0999997705221,42.8015954018651,7.68638355393257,250,-0.0447025444342869,7.92275467816652,-0.0115827062788377,300.0198975,300.0204163,36347.97265625,36478.38671875,55.944279635429,20.853995819098,8.512546,0,0,0,40,4449,299.88835,36413.1796875,,,,,,,,,,,,,0,,,,17.9692049,,,,,,300.0201569,,,,
,15577176.89,300.0202637,36618.640625,7.93336581476194,0.00171452080092306,1,0.999253354069792,40.0298881530762,1.97541289962667,11.0999997705221,42.8533510411193,7.69477308988573,250,-0.0449158640572379,7.9319473822992,-0.0117583937915757,300.0202637,300.0202637,36618.640625,36618.640625,56.2350454445829,20.852904349029,9.256284,0,0,0,40,4449,299.8851,36618.640625,,,,,,,,,,,,,0,,,,18.2402782,,,,,,300.0202637,,,,
,15577177.43,300.0196686,36673.681640625,7.95089947482237,0.00146627283561823,1,0.999253354069792,40.0298881530762,1.97521851876556,11.0999997705221,42.9424344283193,7.71916100978952,250,-0.0435096298213951,7.94947181245783,-0.0102794139973477,300.0190735,300.0202637,36618.640625,36728.72265625,56.0654320559098,20.8521585113067,8.512546,0,0,0,40,4449,299.8843,36673.681640625,,,,,,,,,,,,,0,,,,18.1496143,,,,,,300.0196686,,,,
,15577178.515,300.0195465,36783.9375,7.96070961429804,0.00161342750023726,1,0.999253354069792,40.0298881530762,1.97529947170993,11.0999997705221,42.9978101540711,7.7253696375208,250,-0.0442343486651117,7.95928309741032,-0.0109637351117612,300.0190735,300.0200195,36728.72265625,36839.15234375,56.0232241158713,20.8507460784845,9.256284,0,0,0,40,4449,299.8848,36783.9375,,,,,,,,,,,,,0,,,,17.9692049,,,,,,300.0195465,,,,
,15577179.63,300.02000425,36894.236328125,7.97127318405337,0.00211117465978453,1,0.999253354069792,40.0298881530762,1.97532203253185,11.0999997705221,43.0538459359224,7.7437977615021,250,-0.0427927874090066,7.9698384443219,-0.00947912777096959,300.019989,300.0200195,36839.15234375,36949.3203125,56.066213684429,20.8508612912975,9.256284,0,0,0,40,4449,299.88575,36894.236328125,,,,,,,,,,,,,0,,,,17.9692049,,,,,,300.02000425,,,,
,15577180.7,300.0198364,37004.349609375,7.98134337932777,0.00182810039798634,1,0.999253354069792,40.0298881530762,1.97527362671273,11.0999997705221,43.1086979098607,7.74535040683411,250,-0.0443373366948796,7.97991315112937,-0.010981807904546,300.0196838,300.019989,36949.3203125,37059.37890625,55.9802345473136,20.8508762056822,9.256284,0,0,0,40,4449,299.88455,37004.349609375,,,,,,,,,,,,,0,,,,17.9692049,,,,,,300.0198364,,,,
,15577181.68,300.01982115,37099.482421875,7.99075952132783,0.00168708918164905,1,0.999253354069792,40.0298881530762,1.97534932697362,11.0999997705221,43.1622491110761,7.74895802833521,250,-0.0454678518520827,7.98933215277077,-0.012073166859951,300.0196838,300.0199585,37059.37890625,37139.5859375,56.0521443710829,20.8550960456387,9.256284,0,0,0,40,4449,299.88325,37099.482421875,,,,,,,,,,,,,0,,,,18.0598688,,,,,,300.01982115,,,,
,15577182.72,300.0195923,37199.669921875,8.00137449375188,0.00205608548414735,1,0.999253354069792,40.0298881530762,1.97539848459797,11.0999997705221,43.2201484908866,7.76206905364228,250,-0.0450406343454705,7.99994329930475,-0.0116021256791764,300.0192261,300.0199585,37139.5859375,37259.75390625,56.5195582255829,20.8508158872471,9.256284,0,0,0,40,4449,299.8819,37199.669921875,,,,,,,,,,,,,0,,,,18.2402782,,,,,,300.0195923,,,,
,15577183.835,300.01846315,37314.931640625,8.00977385932101,0.00194639847629516,1,0.999253354069792,40.0298881530762,1.97526918342145,11.0999997705221,43.2625256222165,7.77097329868064,250,-0.0448554674692796,8.00834056369864,-0.011382332379261,300.0177002,300.0192261,37259.75390625,37370.109375,56.086536025929,20.8500132042136,8.884414,0,0,0,40,4449,299.87975,37314.931640625,,,,,,,,,,,,,0,,,,18.2402782,,,,,,300.01846315,,,,
,15577184.83,300.0179596,37415.17578125,8.0199797088996,0.00150962558384237,1,0.999253354069792,40.0298881530762,1.97524897355817,11.0999997705221,43.3151634769938,7.79188007518946,250,-0.0428580652529758,8.01853619967036,-0.00934321566947529,300.0177002,300.018219,37370.109375,37460.2421875,55.9520959206213,20.8495815422096,9.256284,0,0,0,40,4449,299.879,37415.17578125,,,,,,,,,,,,,0,,,,18.2402782,,,,,,300.0179596,,,,
,15577185.9,300.01867675,37520.447265625,8.03075696902744,0.00216860383211354,1,0.999253354069792,40.0298881530762,1.97508338946424,11.0999997705221,43.3701657414715,7.79986189832897,250,-0.0432579995108212,8.02931280103699,-0.00969873379046131,300.018219,300.0191345,37460.2421875,37580.65234375,56.6946430138906,20.8541568060025,9.256284,0,0,0,40,4449,299.8793,37520.447265625,,,,,,,,,,,,,0,,,,18.0598688,,,,,,300.01867675,,,,
,15577187.095,300.01934815,37640.75,8.04235403080897,0.00198304059660354,1,0.999253354069792,40.0298881530762,1.97494721536304,11.0999997705221,43.425017773624,7.83678986479385,250,-0.0384652841473793,8.04088734003121,-0.00485903331521886,300.0191345,300.0195618,37580.65234375,37700.84765625,56.0959155681598,20.8508099764094,9.256284,0,0,0,40,4449,299.8774,37640.75,,,,,,,,,,,,,0,,,,17.8794594,,,,,,300.01934815,,,,
,15577188.175,300.0195618,37750.978515625,8.05208574456454,0.00167758495493242,1,0.999253354069792,40.0298881530762,1.97493387128961,11.0999997705221,43.4770423299453,7.847491831516,250,-0.0382756482838034,8.05061628697729,-0.00462941124172947,300.0195618,300.0195618,37700.84765625,37801.109375,56.6164801619675,20.8565846095311,8.512546,0,0,0,40,4449,299.877,37750.978515625,,,,,,,,,,,,,0,,,,17.8794594,,,,,,300.0195618,,,,
,15577190.085,300.0193787,37946.068359375,8.07457671049492,0.00150846156350292,1,0.999253354069792,40.0298881530762,1.97501116724286,11.0999997705221,43.5968027606952,7.88774968195434,250,-0.0350381689345659,8.07308931674201,-0.00129955263563304,300.0193787,300.0193787,37941.046875,37951.08984375,56.4257628032752,20.8519499763704,8.512546,0,0,0,40,4449,299.8748,37946.068359375,,,,,,,,,,,,,0,,,,18.0598688,,,,,,300.0193787,,,,
,15577190.65,300.0191803,38001.23828125,8.08420714130512,0.00149432692362893,1,0.999253354069792,40.0298881530762,1.97476934284774,11.0999997705221,43.6440930635334,7.89348351258975,250,-0.0355857244333438,8.0827201852616,-0.00180719679971384,300.0189819,300.0193787,37951.08984375,38051.38671875,56.7532651528329,20.8602688089522,9.256284,0,0,0,40,4449,299.87545,38001.23828125,,,,,,,,,,,,,0,,,,18.0598688,,,,,,300.0191803,,,,
,15577191.665,300.0187225,38101.4453125,8.1045787956625,0.00180518464976955,1,0.999253354069792,40.0298881530762,1.97467286634334,11.0999997705221,43.7474089311356,7.93769953893364,250,-0.0310953023331657,8.10306915143291,0.00276682426287106,300.0184631,300.0189819,38051.38671875,38151.50390625,56.6344576179098,20.8532811758491,9.256284,0,0,0,40,4449,299.8752,38101.4453125,,,,,,,,,,,,,0,,,,17.8794594,,,,,,300.0187225,,,,
,15577192.74,300.0178833,38206.64453125,8.12050153442056,0.00153300109496326,1,0.999253354069792,40.0298881530762,1.97491215111139,11.0999997705221,43.8369312668826,7.96291759582753,250,-0.0295461798516679,8.11898251601049,0.00438142864713705,300.0173035,300.0184631,38151.50390625,38261.78515625,56.1193644237367,20.8507625873187,9.256284,0,0,0,40,4449,299.87565,38206.64453125,,,,,,,,,,,,,0,,,,17.8794594,,,,,,300.0178833,,,,
,15577193.88,300.0178223,38321.955078125,8.12996940808072,0.00129516131262098,1,0.999253354069792,40.0298881530762,1.97491960155561,11.0999997705221,43.8885279863208,7.97048219920873,250,-0.0299040582872764,8.12845005972437,0.00406240113257421,300.0173035,300.0183411,38261.78515625,38382.125,56.3757385780444,20.8566054013489,9.256284,0,0,0,40,4449,299.876,38321.955078125,,,,,,,,,,,,,0,,,,18.0598688,,,,,,300.0178223,,,,
,15577194.945,300.01869205,38432.2109375,8.14617511611555,0.00105541161458651,1,0.999253354069792,40.0298881530762,1.97471216916883,11.0999997705221,43.9753055075452,7.96505466232944,250,-0.0337627746969735,8.14466841502165,0.000271431205953497,300.0183411,300.019043,38382.125,38482.296875,56.401532319179,20.8533112898138,8.512546,0,0,0,40,4449,299.87625,38432.2109375,,,,,,,,,,,,,0,,,,18.2402782,,,,,,300.01869205,,,,
,15577196.805,300.0180359,38617.587890625,8.16304454929095,0.00187440430561029,1,0.999253354069792,40.0298881530762,1.97485572179691,11.0999997705221,44.0695858655747,7.98164197011964,250,-0.0339192797806776,8.16153539498019,0.000184258282587061,300.0180359,300.0180359,38612.546875,38622.62890625,56.2037803038136,20.8565786914039,9.256284,0,0,0,40,4449,299.8762,38617.587890625,,,,,,,,,,,,,0,,,,18.0598688,,,,,,300.0180359,,,,
,15577197.375,300.0182495,38672.673828125,8.18371155796035,0.00174303394342865,1,0.999253354069792,40.0298881530762,1.97496057999375,11.0999997705221,44.1838463652739,8.00011800849356,250,-0.0344028362684011,8.18220019190783,-0.000213009737334976,300.0180359,300.0184631,38622.62890625,38722.71875,56.4984542555637,20.8529549329177,9.256284,0,0,0,40,4449,299.8746,38672.673828125,,,,,,,,,,,,,0,,,,18.0598688,,,,,,300.0182495,,,,
,15577198.385,300.0186157,38772.798828125,8.19863135879754,0.00144678042784719,1,0.999253354069792,40.0298881530762,1.97483627539802,11.0999997705221,44.2639074725518,8.00219720457523,250,-0.0366922593343111,8.19712645888483,-0.00243999104797021,300.0184631,300.0187683,38722.71875,38822.87890625,56.6946430138906,20.847946347721,8.512546,0,0,0,40,4449,299.8724,38772.798828125,,,,,,,,,,,,,0,,,,17.8794594,,,,,,300.0186157,,,,
,15577199.43,300.01870725,38877.9453125,8.22741079207076,0.00166565230224299,1,0.999253354069792,40.0298881530762,1.97486661611084,11.0999997705221,44.4248386586179,8.00405017393683,250,-0.0417063496025586,8.22592104489253,-0.0073334887263345,300.0186462,300.0187683,38822.87890625,38933.01171875,56.4906379703714,20.8451167729139,9.256284,0,0,0,40,4449,299.8721,38877.9453125,,,,,,,,,,,,,0,,,,17.8794594,,,,,,300.01870725,,,,
,15577200.555,300.01867675,38993.15625,8.23534524966337,0.00184645678759168,1,0.999253354069792,40.0298881530762,1.97471585516938,11.0999997705221,44.4644445840138,8.01077316249816,250,-0.041819651676685,8.23385446998411,-0.0074146061761354,300.0186462,300.0187073,38933.01171875,39053.30078125,55.9630387198905,20.8461383666826,8.512546,0,0,0,40,4449,299.8739,38993.15625,,,,,,,,,,,,,0,,,,18.0598688,,,,,,300.01867675,,,,
,15577201.665,300.0179901,39103.45703125,8.23976316047216,0.00276767493894846,1,0.999253354069792,40.0298881530762,1.97472727004077,11.0999997705221,44.4798495907904,8.0620425962923,250,-0.0331419065916377,8.23823551566315,0.00127914447301196,300.0172729,300.0187073,39053.30078125,39153.61328125,56.1404683937559,20.8453071987731,8.884414,0,0,0,40,4449,299.8738,39103.45703125,,,,,,,,,,,,,0,,,,18.2402782,,,,,,300.0179901,,,,
,15577202.79,300.01792905,39213.75390625,8.25410095680334,0.00215624314920093,1,0.999253354069792,40.0298881530762,1.9747793918409,11.0999997705221,44.5599962119482,8.06764587734017,250,-0.0347993939047596,8.25257741205291,-0.0003187499531215,300.0172729,300.0185852,39153.61328125,39273.89453125,56.1990905326983,20.8481510920816,9.256284,0,0,0,40,4449,299.8732,39213.75390625,,,,,,,,,,,,,0,,,,18.0598688,,,,,,300.01792905,,,,
,15577203.86,300.01818845,39323.943359375,8.26584211988257,0.00233387018247799,1,0.999253354069792,40.0298881530762,1.97466510006187,11.0999997705221,44.6171117550327,8.09889069698664,250,-0.0310986255932102,8.26430073339496,0.00342957961852738,300.0177917,300.0185852,39273.89453125,39373.9921875,56.1803314482367,20.8460033193733,9.256284,0,0,0,40,4449,299.87335,39323.943359375,,,,,,,,,,,,,0,,,,18.0598688,,,,,,300.01818845,,,,
,15577204.945,300.0176239,39434.595703125,8.28051935119178,0.00258125563701788,1,0.999253354069792,40.0298881530762,1.97470907029222,11.0999997705221,44.6938661793986,8.13201252014527,250,-0.027711626517792,8.27896107886738,0.00687660278046791,300.0174561,300.0177917,39373.9921875,39495.19921875,56.2764717561021,20.8486634849066,9.256284,0,0,0,40,4449,299.87245,39434.595703125,,,,,,,,,,,,,0,,,,18.2402782,,,,,,300.0176239,,,,
,15577206.135,300.0177155,39550.47265625,8.30310219102464,0.00271694982579384,1,0.999253354069792,40.0298881530762,1.9728208798725,11.0999997705221,44.7773276986333,8.12836717750509,250,-0.0311667805864298,8.30155381917275,0.00351577477283453,300.0174561,300.0179749,39495.19921875,39605.74609375,55.9161410087367,20.8751053044556,9.256284,0,0,0,40,4449,299.872,39550.47265625,,,,,,,,,,,,,0,,,,18.2402782,,,,,,300.0177155,,,,
,15577207.19,300.0178833,39655.853515625,8.32090586380149,0.00286512247764316,1,0.999253354069792,40.0298881530762,1.9728208798725,11.0999997705221,44.8738223587924,8.14319513699199,250,-0.031715698504734,8.31935618575623,0.00304076172244955,300.0177917,300.0179749,39605.74609375,39705.9609375,56.3804283491598,20.8751053044556,8.512546,0,0,0,40,4449,299.8711,39655.853515625,,,,,,,,,,,,,0,,,,18.2402782,,,,,,300.0178833,,,,
,15577208.26,300.01826475,39766.09765625,8.33636786948889,0.00246547115487113,1,0.999253354069792,40.0298881530762,1.972881944509,11.0999997705221,44.9558172979643,8.17339164455429,250,-0.0290242957559933,8.33480377523452,0.00579547778304178,300.0177917,300.0187378,39705.9609375,39826.234375,56.5140868259483,20.8794830111214,9.256284,0,0,0,40,4449,299.8711,39766.09765625,,,,,,,,,,,,,0,,,,18.0598688,,,,,,300.01826475,,,,
,15577209.295,300.0180359,39871.298828125,8.34908007510502,0.00226155335880992,1,0.999253354069792,40.0298881530762,1.97307357275172,11.0999997705221,45.0291488416827,8.18387700733642,250,-0.0295787600759461,8.3475158707887,0.00529342006526825,300.017334,300.0187378,39826.234375,39916.36328125,56.5476968522752,20.8787441749797,9.256284,0,0,0,40,4449,299.8719,39871.298828125,,,,,,,,,,,,,0,,,,17.8794594,,,,,,300.0180359,,,,
,15577212.3,300.0178833,40000.33203125,8.39084828357189,0.0015212450328321,1,0.999253354069792,40.0298881530762,1.97361706460286,11.0999997705221,45.2671431261829,8.22398938622774,250,-0.0302897449934608,8.38927872893478,0.00475618200378409,300.0178223,300.0179443,40000.30859375,40000.35546875,56.0849727688906,20.8658425795842,8.884414,0,0,0,40,4417,299.87175,40000.33203125,,,,,,,,,,,,,0,,,,17.8794594,,,,,,300.0178833,,,,
,15577225.185,300.0166321,39939.158203125,8.77639752096301,0.00135903326634875,1,0.999253354069792,40.0298881530762,1.97493113832036,11.0999997705221,47.3844249132778,8.57210118128033,250,-0.0382362305705136,8.77478357887583,-0.00157817075358828,300.0166321,300.0166321,39930.80078125,39947.515625,56.4484300303329,20.8555119382023,8.512546,0,0,0,40,4449,299.87125,39939.158203125,,,,,,,,,,,,,0,,,,17.8794594,,,,,,300.0166321,,,,
,15577225.77,300.0172119,39886.765625,8.90186261251977,0.00637862897872322,1,0.999253354069792,40.0298881530762,1.97450725223969,11.0999997705221,48.0427506631032,8.74139327530881,250,-0.0297782940616316,8.90018777882461,0.00740227584080572,300.0166321,300.0177917,39842.73046875,39930.80078125,56.3093001539098,20.8556300762012,8.512546,0,0,0,40,4449,299.87185,39886.765625,,,,,,,,,,,,,0,,,,17.8794594,,,,,,300.0172119,,,,
,15577226.82,300.01730345,39791.16796875,8.93048509980451,0.00112960667517605,1,0.999253354069792,40.0298881530762,1.97481508506079,11.0999997705221,48.2023396603168,8.7827778362639,250,-0.0276604747323614,8.92879554668545,0.00963983885293675,300.0168152,300.0177917,39739.60546875,39842.73046875,56.3858997487944,20.8506953018826,9.256284,0,0,0,40,4449,299.872,39791.16796875,,,,,,,,,,,,,0,,,,18.0598688,,,,,,300.01730345,,,,
,15577227.855,300.01687625,39695.666015625,8.93499409706569,0.00112384011064094,1,0.999253354069792,40.0298881530762,1.97469682761729,11.0999997705221,48.2221665525551,8.79583326409361,250,-0.0259816567867641,8.93329670620662,0.0113377462066173,300.0168152,300.0169373,39651.7265625,39739.60546875,56.1045134818713,20.8450383955592,8.512546,0,0,0,40,4449,299.87245,39695.666015625,,,,,,,,,,,,,0,,,,18.0598688,,,,,,300.01687625,,,,
,15577228.79,300.01705935,39602.16796875,8.93410791759921,0.00129208042561412,1,0.999253354069792,40.0298881530762,1.9748910854449,11.0999997705221,48.2238707158725,8.78577214260595,250,-0.0278394152959037,8.93241834990414,0.00947723914274068,300.0169373,300.0171814,39552.609375,39651.7265625,56.3241510957752,20.8444541871974,8.512546,0,0,0,40,4449,299.87295,39602.16796875,,,,,,,,,,,,,0,,,,18.0598688,,,,,,300.01705935,,,,
,15577229.89,300.01716615,39492.361328125,8.93460269683275,0.00153831741704709,1,0.999253354069792,40.0298881530762,1.97484804996689,11.0999997705221,48.2273358976487,8.77625372246328,250,-0.0296619010832878,8.93292051880329,0.00765811225892914,300.0171509,300.0171814,39432.11328125,39552.609375,56.546915223756,20.8471426934667,9.256284,0,0,0,40,4449,299.87185,39492.361328125,,,,,,,,,,,,,0,,,,18.0598688,,,,,,300.01716615,,,,
,15577230.96,300.0174408,39382.23046875,8.93349056805957,0.00143714734437955,1,0.999253354069792,40.0298881530762,1.9752846623323,11.0999997705221,48.2287847688372,8.79295111010511,250,-0.0267126735751009,8.93179613365573,0.0106028857326098,300.0171509,300.0177307,39332.34765625,39432.11328125,56.4234179177175,20.8433023772307,8.512546,0,0,0,40,4449,299.8717,39382.23046875,,,,,,,,,,,,,0,,,,17.8794594,,,,,,300.0174408,,,,
,15577232,300.0168457,39277.65625,8.92604223914797,0.00157646410334919,1,0.999253354069792,40.0298881530762,1.97475431795473,11.0999997705221,48.1845619431188,8.73688515697988,250,-0.0352992822877707,8.92438528757001,0.00198776987287127,300.0159607,300.0177307,39222.96484375,39332.34765625,56.2397352156983,20.8513039101443,8.512546,0,0,0,40,4449,299.87075,39277.65625,,,,,,,,,,,,,0,,,,18.0598688,,,,,,300.0168457,,,,
,15577233.19,300.0161896,39163.2265625,8.92783703010327,0.00202891605799209,1,0.999253354069792,40.0298881530762,1.97492980999764,11.0999997705221,48.1963163503106,8.7507964931385,250,-0.0331948452678315,8.92617104342319,0.00410034185215971,300.0159607,300.0164185,39103.48828125,39222.96484375,56.5148684544675,20.8476086942416,9.256284,0,0,0,40,4449,299.8689,39163.2265625,,,,,,,,,,,,,0,,,,18.2402782,,,,,,300.0161896,,,,
,15577234.265,300.0164185,39053.7890625,8.92042417046222,0.0017647920677203,1,0.999253354069792,40.0298881530762,1.97506145211687,11.0999997705221,48.1613981150702,8.73348031882661,250,-0.0351360570733494,8.91876766472905,0.00212910001129368,300.0164185,300.0164185,39004.08984375,39103.48828125,56.4210730321598,20.843682529367,9.256284,0,0,0,40,4449,299.8704,39053.7890625,,,,,,,,,,,,,0,,,,18.2402782,,,,,,300.0164185,,,,
,15577235.445,300.01638795,38934.443359375,8.91460633394286,0.00119827379762196,1,0.999253354069792,40.0298881530762,1.97517868917587,11.0999997705221,48.1347738513208,8.71750567684986,250,-0.0371125698369839,8.91295920813474,0.000129352129049567,300.0163574,300.0164185,38864.796875,39004.08984375,56.0701218270252,20.8441693511094,8.512546,0,0,0,40,4449,299.8715,38934.443359375,,,,,,,,,,,,,0,,,,18.0598688,,,,,,300.01638795,,,,
,15577236.8,300.01560975,38800.115234375,8.91346496954168,0.00115746621665955,1,0.999253354069792,40.0298881530762,1.97526835335556,11.0999997705221,48.1312341231128,8.71412782665724,250,-0.0375997769907993,8.91182025289393,-0.000361310321572146,300.0148621,300.0163574,38735.43359375,38864.796875,56.3178980676213,20.8436341880561,8.512546,0,0,0,40,4449,299.86955,38800.115234375,,,,,,,,,,,,,0,,,,17.9692049,,,,,,300.01560975,,,,
,15577238.035,300.01527405,38680.751953125,8.90989004475016,0.00115915564002566,1,0.999253354069792,40.0298881530762,1.97542924335052,11.0999997705221,48.1135427383506,8.72324734624404,250,-0.0353760940713507,8.90823679369629,0.00184784436161357,300.0148621,300.015686,38626.0703125,38735.43359375,56.3124266679867,20.8417909043069,8.884414,0,0,0,40,4449,299.86935,38680.751953125,,,,,,,,,,,,,0,,,,17.9692049,,,,,,300.01527405,,,,
,15577239.08,300.01567075,38576.255859375,8.9061980799147,0.00128759105934578,1,0.999253354069792,40.0298881530762,1.97552992031761,11.0999997705221,48.0969877758927,8.71471760383209,250,-0.0363532644608674,8.90454946182774,0.00085614903822554,300.0156555,300.015686,38526.44140625,38626.0703125,56.3296224954098,20.8400540980241,9.256284,0,0,0,40,4449,299.8695,38576.255859375,,,,,,,,,,,,,0,,,,18.0598688,,,,,,300.01567075,,,,
,15577240.1,300.016037,38471.6875,8.90383220706877,0.00119293877715921,1,0.999253354069792,40.0298881530762,1.97551466235487,11.0999997705221,48.0831238419011,8.71624166192037,250,-0.0356207010667679,8.90218082024484,0.00157940264286995,300.0156555,300.0164185,38416.93359375,38526.44140625,55.9380266072751,20.8429731222343,8.512546,0,0,0,40,4449,299.8695,38471.6875,,,,,,,,,,,,,0,,,,18.2402782,,,,,,300.016037,,,,
,15577241.115,300.01594545,38372.13671875,8.9021246003705,0.00118430039954205,1,0.999253354069792,40.0298881530762,1.97552239609119,11.0999997705221,48.0751736249128,8.70873590450052,250,-0.0367017964475402,8.90047804667667,0.000492020229686153,300.0154724,300.0164185,38327.33984375,38416.93359375,56.1717335345252,20.8423087543522,8.884414,0,0,0,40,4449,299.8699,38372.13671875,,,,,,,,,,,,,0,,,,18.0598688,,,,,,300.01594545,,,,
,15577241.99,300.0154724,38282.486328125,8.89878518053335,0.00137004977530855,1,0.999253354069792,40.0298881530762,1.97552239609119,11.0999997705221,48.0562876257144,8.71006637445052,250,-0.035836546401454,8.89713580186284,0.0013435876939927,300.0154724,300.0154724,38237.6328125,38327.33984375,56.198308904179,20.8423087543522,9.256284,0,0,0,40,4449,299.8711,38282.486328125,,,,,,,,,,,,,0,,,,18.0598688,,,,,,300.0154724,,,,
,15577243.015,300.0153656,38182.85546875,8.89676547087718,0.00107074132476405,1,0.999253354069792,40.0298881530762,1.97560668841924,11.0999997705221,48.0476032729613,8.70724944679339,250,-0.0360517963998327,8.89511738339408,0.00112049823099801,300.0152588,300.0154724,38128.078125,38237.6328125,56.7282530402175,20.8430649648907,8.512546,0,0,0,40,4449,299.872,38182.85546875,,,,,,,,,,,,,0,,,,18.0598688,,,,,,300.0153656,,,,
,15577244.07,300.0152588,38078.26953125,8.89097426951494,0.00121238232687699,1,0.999253354069792,40.0298881530762,1.97536224290878,11.0999997705221,48.0110620000418,8.69766944136284,250,-0.0365597580935319,8.88932941153402,0.00058950846654491,300.0152588,300.0152588,38028.4609375,38128.078125,56.5250296252175,20.8443344043468,8.512546,0,0,0,40,4449,299.86965,38078.26953125,,,,,,,,,,,,,0,,,,18.0598688,,,,,,300.0152588,,,,
,15577245.08,300.01454165,37973.63671875,8.88736157796586,0.00151816378181606,1,0.999253354069792,40.0298881530762,1.97552334286609,11.0999997705221,47.9963690225276,8.68945282698611,250,-0.0375416734226705,8.8857217093883,-0.000406458203701973,300.0138245,300.0152588,37918.8125,38028.4609375,56.6422739031022,20.8434691935341,9.256284,0,0,0,40,4449,299.8688,37973.63671875,,,,,,,,,,,,,0,,,,18.0598688,,,,,,300.01454165,,,,
,15577246.19,300.0148621,37864.109375,8.88405176189844,0.00116685157991618,1,0.999253354069792,40.0298881530762,1.97553306616853,11.0999997705221,47.9780688758936,8.68979068184375,250,-0.0368736719520944,8.88240961353547,0.000248157470180225,300.0138245,300.0158997,37809.40625,37918.8125,56.2397352156983,20.8406630666256,9.256284,0,0,0,40,4449,299.87,37864.109375,,,,,,,,,,,,,0,,,,17.8794594,,,,,,300.0148621,,,,
,15577247.14,300.0158997,37769.54296875,8.88037523797512,0.00140621504555027,1,0.999253354069792,40.0298881530762,1.97543335612405,11.0999997705221,47.956231304838,8.68371231573745,250,-0.0372397172225392,8.87873496456433,-0.000132546910985117,300.0158997,300.0158997,37729.6796875,37809.40625,56.3968425480637,20.8438339557086,8.512546,0,0,0,40,4449,299.87015,37769.54296875,,,,,,,,,,,,,0,,,,17.8794594,,,,,,300.0158997,,,,
,15577248.195,300.01550295,37664.845703125,8.87339608407678,0.00141016518058642,1,0.999253354069792,40.0298881530762,1.97530146761582,11.0999997705221,47.9159940362249,8.67323441786732,250,-0.0377836753587019,8.87175954326398,-0.000704675412077862,300.0151062,300.0158997,37600.01171875,37729.6796875,56.4836033136983,20.8471479116646,9.256284,0,0,0,40,4449,299.86905,37664.845703125,,,,,,,,,,,,,0,,,,18.0598688,,,,,,300.01550295,,,,
,15577249.475,300.01524355,37540.2265625,8.86857588082264,0.00125032783377173,1,0.999253354069792,40.0298881530762,1.97569725755078,11.0999997705221,47.8983179498357,8.67565429763579,250,-0.0367565556833164,8.86693602959158,0.000302950462658749,300.0151062,300.0153809,37480.44140625,37600.01171875,56.282724784256,20.8401599285774,9.256284,0,0,0,40,4449,299.86905,37540.2265625,,,,,,,,,,,,,0,,,,18.0598688,,,,,,300.01524355,,,,
,15577250.61,300.01487735,37425.603515625,8.8655955635835,0.00123895991596552,1,0.999253354069792,40.0298881530762,1.97547413536977,11.0999997705221,47.8756002569653,8.67904516750294,250,-0.0353992346669489,8.86395069338873,0.00164830645161275,300.0143738,300.0153809,37370.765625,37480.44140625,55.6386628844097,20.8453370448022,8.512546,0,0,0,40,4449,299.8692,37425.603515625,,,,,,,,,,,,,0,,,,18.0598688,,,,,,300.01487735,,,,
,15577251.745,300.01397705,37310.88671875,8.86131809767395,0.00140296380348837,1,0.999253354069792,40.0298881530762,1.9756659834425,11.0999997705221,47.8574815006063,8.67327658721193,250,-0.0358282743936476,8.85967610382669,0.00120229393008,300.0135803,300.0143738,37251.0078125,37370.765625,55.7457459915444,20.8449775567702,8.512546,0,0,0,40,4449,299.869,37310.88671875,,,,,,,,,,,,,0,,,,18.2402782,,,,,,300.01397705,,,,
,15577252.97,300.0137634,37191.1484375,8.85789334954137,0.00130976123945786,1,0.999253354069792,40.0298881530762,1.97575228878994,11.0999997705221,47.8426616604829,8.66146184009325,250,-0.0374516634727891,8.8562588344924,-0.000434361502887325,300.0135803,300.0139465,37131.2890625,37251.0078125,56.557076394506,20.8437009114103,9.256284,0,0,0,40,4449,299.8697,37191.1484375,,,,,,,,,,,,,0,,,,18.1496143,,,,,,300.0137634,,,,
,15577254.12,300.0142517,37076.513671875,8.85473125981817,0.0016779951647386,1,0.999253354069792,40.0298881530762,1.97546149513576,11.0999997705221,47.8181651177444,8.66009164464312,250,-0.0368893986066822,8.85309482006585,0.000115176844460355,300.0139465,300.0145569,37021.73828125,37131.2890625,56.1240541948521,20.8442575996242,8.884414,0,0,0,40,4449,299.87095,37076.513671875,,,,,,,,,,,,,0,,,,17.9692049,,,,,,300.0142517,,,,
,15577255.16,300.0147095,36971.845703125,8.84719742590412,0.00110496476991383,1,0.999253354069792,40.0298881530762,1.9757044984569,11.0999997705221,47.7843004797373,8.64789287416337,250,-0.03794611970296,8.84556671378367,-0.000972140559173463,300.0145569,300.0148621,36921.953125,37021.73828125,56.2303556734675,20.8436848058396,8.512546,0,0,0,40,4449,299.87125,36971.845703125,,,,,,,,,,,,,0,,,,18.0598688,,,,,,300.0147095,,,,
,15577256.25,300.01409915,36862.099609375,8.84591750108395,0.00137930723417997,1,0.999253354069792,40.0298881530762,1.97546387447956,11.0999997705221,47.7700789245874,8.65442096482334,250,-0.0363094914280835,8.8442803306921,0.0006596488040535,300.0133362,300.0148621,36802.24609375,36921.953125,56.5742722219291,20.8430104450617,9.256284,0,0,0,40,4449,299.8706,36862.099609375,,,,,,,,,,,,,0,,,,18.2402782,,,,,,300.01409915,,,,
,15577257.46,300.01435855,36742.443359375,8.83947999734051,0.00149427096305135,1,0.999253354069792,40.0298881530762,1.97596334802938,11.0999997705221,47.7486691488557,8.6417269700206,250,-0.0378641048079536,8.83785045695402,-0.000920649701124804,300.0133362,300.0153809,36682.640625,36802.24609375,56.2029986752944,20.8379551758335,9.256284,0,0,0,40,4449,299.87,36742.443359375,,,,,,,,,,,,,0,,,,18.0598688,,,,,,300.01435855,,,,
,15577258.585,300.01475525,36632.6640625,8.83388781553759,0.00137067013512298,1,0.999253354069792,40.0298881530762,1.97589156527673,11.0999997705221,47.7168024467368,8.63577504062229,250,-0.037874229340256,8.83225922771091,-0.00095314867220373,300.0141296,300.0153809,36582.6875,36682.640625,55.7348031922751,20.8378505143952,8.512546,0,0,0,40,4449,299.8683,36632.6640625,,,,,,,,,,,,,0,,,,18.0598688,,,,,,300.01475525,,,,
,15577259.685,300.01493835,36522.8671875,8.82968810451762,0.00139068986039096,1,0.999253354069792,40.0298881530762,1.97583928927782,11.0999997705221,47.6941001068399,8.62489695803088,250,-0.0390706963017699,8.82806522014109,-0.00216599082686979,300.0141296,300.0157471,36463.046875,36582.6875,56.0443280858905,20.843293356262,8.512546,0,0,0,40,4449,299.867,36522.8671875,,,,,,,,,,,,,0,,,,18.0598688,,,,,,300.01493835,,,,
,15577260.82,300.01516725,36408.130859375,8.82480478357102,0.00149698446662058,1,0.999253354069792,40.0298881530762,1.97568641194609,11.0999997705221,47.6631415129632,8.62477444730773,250,-0.0380680323871684,8.82317855702851,-0.00118322499557928,300.0145874,300.0157471,36353.21484375,36463.046875,56.1138930241021,20.8418018604613,8.512546,0,0,0,40,4449,299.86745,36408.130859375,,,,,,,,,,,,,0,,,,18.0598688,,,,,,300.01516725,,,,
,15577261.835,300.0141754,36303.166015625,8.8201724089732,0.0012641519263221,1,0.999253354069792,40.0298881530762,1.97590012230688,11.0999997705221,47.6433525854388,8.62006529747102,250,-0.0382509258460599,8.81854814950549,-0.0013848242855607,300.0137634,300.0145874,36253.1171875,36353.21484375,56.1631356208136,20.8394741141405,9.256284,0,0,0,40,4449,299.8681,36303.166015625,,,,,,,,,,,,,0,,,,18.2402782,,,,,,300.0141754,,,,
,15577262.89,300.01393125,36198.0859375,8.81625443580517,0.00146854839623861,1,0.999253354069792,40.0298881530762,1.97569704926672,11.0999997705221,47.6187374172839,8.60823852547899,250,-0.0395564004485105,8.81463644952255,-0.00270582137753859,300.0137634,300.0140991,36143.0546875,36253.1171875,55.8794044683328,20.8430882541517,9.256284,0,0,0,40,4449,299.86895,36198.0859375,,,,,,,,,,,,,0,,,,18.1496143,,,,,,300.01393125,,,,
,15577264.03,300.01460265,36088.1328125,8.81284130655681,0.00117962856362298,1,0.999253354069792,40.0298881530762,1.97548872821538,11.0999997705221,47.5920326682876,8.62220639630405,250,-0.0361716687308963,8.81120958263711,0.000664667597698864,300.0140991,300.0151062,36033.2109375,36143.0546875,56.4413953736598,20.839539613219,8.512546,0,0,0,40,4449,299.8692,36088.1328125,,,,,,,,,,,,,0,,,,17.9692049,,,,,,300.01460265,,,,
,15577265.085,300.01498415,35983.23828125,8.80714256380709,0.00141625500361072,1,0.999253354069792,40.0298881530762,1.97548872821538,11.0999997705221,47.5619831028513,8.61271211511695,250,-0.036875502682702,8.80551471342436,-6.17930020635565E-5,300.0148621,300.0151062,35933.265625,36033.2109375,56.1850212193521,20.839539613219,8.512546,0,0,0,40,4449,299.86685,35983.23828125,,,,,,,,,,,,,0,,,,18.0598688,,,,,,300.01498415,,,,
,15577266.125,300.01467895,35878.3515625,8.79959454560848,0.00143417424762809,1,0.999253354069792,40.0298881530762,1.97581230779222,11.0999997705221,47.5306569202128,8.59676823608333,250,-0.0386859022429683,8.79797582151554,-0.00190265789268138,300.0144958,300.0148621,35823.4375,35933.265625,56.0021201458521,20.840674630652,8.512546,0,0,0,40,4449,299.8668,35878.3515625,,,,,,,,,,,,,0,,,,18.2402782,,,,,,300.01467895,,,,
,15577267.125,300.01408385,35778.49609375,8.79843202262684,0.00160919132645338,1,0.999253354069792,40.0298881530762,1.97574193194118,11.0999997705221,47.5237641406702,8.58974109946299,250,-0.0397174736783488,8.7968180046545,-0.0029385185668383,300.0136719,300.0144958,35733.5546875,35823.4375,55.9903957180636,20.8392099324799,9.256284,0,0,0,40,4449,299.86895,35778.49609375,,,,,,,,,,,,,0,,,,18.2402782,,,,,,300.01408385,,,,
,15577268.21,300.01312255,35668.681640625,8.79205936640333,0.00139012289913778,1,0.999253354069792,40.0298881530762,1.97594006972751,11.0999997705221,47.4925551001677,8.59209933513556,250,-0.038255469502468,8.79044077036033,-0.00150269892351174,300.0125732,300.0136719,35603.80859375,35733.5546875,55.8543923557175,20.834655923246,8.512546,0,0,0,40,4449,299.8689,35668.681640625,,,,,,,,,,,,,0,,,,18.1496143,,,,,,300.01312255,,,,
,15577269.435,300.0131073,35543.931640625,8.78555698808332,0.001157757719396,1,0.999253354069792,40.0298881530762,1.97598984338452,11.0999997705221,47.4599895317239,8.5784429901777,250,-0.039620035983081,8.78394532551172,-0.00289319183653505,300.0125732,300.0136414,35484.0546875,35603.80859375,56.2733452420252,20.8386909466477,9.256284,0,0,0,40,4449,299.86795,35543.931640625,,,,,,,,,,,,,0,,,,17.9692049,,,,,,300.0131073,,,,
,15577270.555,300.0125275,35434.251953125,8.78005795408476,0.00132423276778631,1,0.999253354069792,40.0298881530762,1.97611243915238,11.0999997705221,47.4335444157015,8.57149091511303,250,-0.0399854299878273,8.77844904105342,-0.00328065257042884,300.0114136,300.0136414,35384.44921875,35484.0546875,56.0779381122175,20.8428114848901,8.512546,0,0,0,40,4449,299.8672,35434.251953125,,,,,,,,,,,,,0,,,,18.0598688,,,,,,300.0125275,,,,
,15577271.595,300.01161195,35334.451171875,8.77444596586483,0.00109439825223075,1,0.999253354069792,40.0298881530762,1.97577725814276,11.0999997705221,47.393935967283,8.57240447639857,250,-0.0385134837336323,8.77283227642811,-0.00183185721354709,300.0114136,300.0118103,35284.453125,35384.44921875,55.9247389224482,20.841483239239,8.512546,0,0,0,40,4449,299.86765,35334.451171875,,,,,,,,,,,,,0,,,,18.2402782,,,,,,300.01161195,,,,
,15577272.635,300.01179505,35229.5625,8.77209208577997,0.00130795984347631,1,0.999253354069792,40.0298881530762,1.97600377794019,11.0999997705221,47.3889081988857,8.55818469897167,250,-0.0408897502554652,8.77048868785845,-0.00421685984800668,300.0117798,300.0118103,35174.671875,35284.453125,56.5609845371021,20.8405879839315,9.256284,0,0,0,40,4449,299.8682,35229.5625,,,,,,,,,,,,,0,,,,18.2402782,,,,,,300.01179505,,,,
,15577273.68,300.0120697,35124.75,8.76420998871859,0.00141539107355968,1,0.999253354069792,40.0298881530762,1.97585210333433,11.0999997705221,47.3406109249414,8.56155911614389,250,-0.0386851949021141,8.76259880213889,-0.00204483035223464,300.0117798,300.0123596,35074.828125,35174.671875,55.8114027871598,20.842841177239,9.256284,0,0,0,40,4449,299.86705,35124.75,,,,,,,,,,,,,0,,,,18.2402782,,,,,,300.0120697,,,,
,15577274.725,300.012207,35019.884765625,8.75891839607112,0.00117844449552541,1,0.999253354069792,40.0298881530762,1.97565425487901,11.0999997705221,47.3085535905663,8.54936348798787,250,-0.0398097068497765,8.75731286472511,-0.00319046182621357,300.0120544,300.0123596,34964.94140625,35074.828125,55.9935222321405,20.8398282407802,8.884414,0,0,0,40,4449,299.86655,35019.884765625,,,,,,,,,,,,,0,,,,18.2402782,,,,,,300.012207,,,,
,15577275.845,300.01216125,34905.03515625,8.75656230961475,0.00138797604190595,1,0.999253354069792,40.0298881530762,1.9756376726053,11.0999997705221,47.2960580645955,8.54366233300717,250,-0.0404171002812247,8.75495973604666,-0.00380679427845666,300.0120544,300.0122681,34845.12890625,34964.94140625,55.8880023820444,20.8404015704333,9.256284,0,0,0,40,4449,299.8664,34905.03515625,,,,,,,,,,,,,0,,,,18.1496143,,,,,,300.01216125,,,,
,15577276.89,300.01176455,34800.25,8.75031241627746,0.000996297196249062,1,0.999253354069792,40.0298881530762,1.97576348821255,11.0999997705221,47.263437636565,8.54780244397068,250,-0.038590281764124,8.74870352936273,-0.0020057154705932,300.011261,300.0122681,34755.37109375,34845.12890625,56.0888809114867,20.8406772129191,8.512546,0,0,0,40,4449,299.866,34800.25,,,,,,,,,,,,,0,,,,18.1496143,,,,,,300.01176455,,,,
,15577278.72,300.0128784,34625.44921875,8.74467820050977,0.00157267306262723,1,0.999253354069792,40.0298881530762,1.97506670636888,11.0999997705221,47.2239817226029,8.50037202120499,250,-0.0457929292496927,8.74310010738437,-0.00922942527097341,300.0128784,300.0128784,34625.44921875,34625.44921875,55.3713459308328,20.8555383346307,8.512546,0,0,0,40,4449,299.8669,34625.44921875,,,,,,,,,,,,,0,,,,18.0598688,,,,,,300.0128784,,,,
,15577280.205,300.0117188,34476.037109375,8.73744277098306,0.00136486406470723,1,0.999253354069792,40.0298881530762,1.97547699133595,11.0999997705221,47.1953265584167,8.4904487684665,250,-0.0466109349399699,8.73586981344878,-0.0100761833969495,300.0117188,300.0117188,34466.06640625,34486.0078125,55.6144324003136,20.8531415688045,9.256284,0,0,0,40,4449,299.86455,34476.037109375,,,,,,,,,,,,,0,,,,18.0589504,,,,,,300.0117188,,,,
,15577280.87,300.0117493,34406.130859375,8.73248242586378,0.00125908019962775,1,0.999253354069792,40.0298881530762,1.975744735107,11.0999997705221,47.1722058961915,8.50057708954035,250,-0.0440227778487291,8.73089961940432,-0.00750903089188102,300.0117188,300.0117798,34346.1953125,34466.06640625,55.8074946445636,20.8454378255095,9.256284,0,0,0,40,4449,299.866,34406.130859375,,,,,,,,,,,,,0,,,,18.1496143,,,,,,300.0117493,,,,
,15577281.97,300.0112915,34296.279296875,8.72726206601383,0.00157905707997193,1,0.999253354069792,40.0298881530762,1.97566020113498,11.0999997705221,47.1430309579126,8.48978958532996,250,-0.0449885238038619,8.72568445729116,-0.00849593598770146,300.0108032,300.0117798,34246.36328125,34346.1953125,56.2936675835252,20.8484133583698,9.256284,0,0,0,40,4449,299.8678,34296.279296875,,,,,,,,,,,,,0,,,,18.2402782,,,,,,300.0112915,,,,
,15577283.03,300.0111084,34191.431640625,8.72427468635608,0.00139895525821593,1,0.999253354069792,40.0298881530762,1.97586434074261,11.0999997705221,47.1316202619745,8.48786625610797,250,-0.0449504341361443,8.72269749916463,-0.0084694418759912,300.0108032,300.0114136,34136.5,34246.36328125,55.537832805429,20.844579560622,9.256284,0,0,0,40,4449,299.86635,34191.431640625,,,,,,,,,,,,,0,,,,18.1496143,,,,,,300.0111084,,,,
,15577284.165,300.01075745,34076.607421875,8.71829774132099,0.00157352954079859,1,0.999253354069792,40.0298881530762,1.97548584572577,11.0999997705221,47.0906028880822,8.48007000525685,250,-0.0449939015329663,8.71672198190242,-0.00853705783313243,300.0101013,300.0114136,34016.71484375,34136.5,56.2123782175252,20.8497749848418,9.256284,0,0,0,40,4449,299.86585,34076.607421875,,,,,,,,,,,,,0,,,,18.1496143,,,,,,300.01075745,,,,
,15577285.26,300.01133725,33966.7578125,8.71175039195905,0.00142681133082467,1,0.999253354069792,40.0298881530762,1.97540736867422,11.0999997705221,47.056029485455,8.459264648403,250,-0.0475750684686814,8.71018652904024,-0.0111447151697115,300.0101013,300.0125732,33916.80078125,34016.71484375,56.3968425480637,20.8455564509551,9.256284,0,0,0,40,4449,299.8684,33966.7578125,,,,,,,,,,,,,0,,,,18.0598688,,,,,,300.01133725,,,,
,15577286.345,300.0115356,33856.82421875,8.70440922365664,0.00136874969624821,1,0.999253354069792,40.0298881530762,1.97565462428921,11.0999997705221,47.0204218211684,8.46230943755378,250,-0.0458418667468338,8.70283946583749,-0.00944178135561798,300.010498,300.0125732,33796.84765625,33916.80078125,56.1498479359867,20.8443649787775,9.256284,0,0,0,40,4449,299.86805,33856.82421875,,,,,,,,,,,,,0,,,,17.8794594,,,,,,300.0115356,,,,
,15577287.515,300.01133725,33741.96484375,8.69767008047609,0.00135854571496305,1,0.999253354069792,40.0298881530762,1.97594937740708,11.0999997705221,46.9893319902664,8.46520519279975,250,-0.0442850322316194,8.69609514780939,-0.0079124172802721,300.010498,300.0121765,33687.08203125,33796.84765625,56.320242953179,20.8427012350635,9.256284,0,0,0,40,4449,299.8662,33741.96484375,,,,,,,,,,,,,0,,,,17.8794594,,,,,,300.01133725,,,,
,15577288.615,300.01194765,33632.234375,8.69238975022159,0.0013890793547793,1,0.999253354069792,40.0298881530762,1.97552968308745,11.0999997705221,46.9524068296203,8.45111997618787,250,-0.0455916347145403,8.69082110101849,-0.00924026113247014,300.0117188,300.0121765,33577.38671875,33687.08203125,56.4984542555637,20.850160180616,8.512546,0,0,0,40,4449,299.86725,33632.234375,,,,,,,,,,,,,0,,,,18.0598688,,,,,,300.01194765,,,,
,15577290.095,300.01072695,33482.455078125,8.68076371614573,0.00171092862435199,1,0.999253354069792,40.0298881530762,1.97576397021775,11.0999997705221,46.8954359793583,8.43862865721592,250,-0.0459326435360672,8.67919915500678,-0.00962892045498659,300.0097351,300.0117188,33387.5234375,33577.38671875,55.9857059469482,20.8476409682803,9.256284,0,0,0,40,4449,299.8679,33482.455078125,,,,,,,,,,,,,0,,,,18.2402782,,,,,,300.01072695,,,,
,15577291.55,300.0106964,33337.609375,8.67828279070189,0.00144473129358243,1,0.999253354069792,40.0298881530762,1.97555957068793,11.0999997705221,46.876508777786,8.43964119803342,250,-0.0451283633188002,8.67671527030285,-0.00883399275927294,300.0097351,300.0116577,33287.6953125,33387.5234375,55.8778412112944,20.8458789135991,8.884414,0,0,0,40,4449,299.86625,33337.609375,,,,,,,,,,,,,0,,,,18.0598688,,,,,,300.0106964,,,,
,15577292.55,300.01142885,33237.701171875,8.67217869285965,0.0013491117708628,1,0.999253354069792,40.0298881530762,1.97554770365643,11.0900001600385,46.8434487914467,8.43264164841682,250,-0.0452851611181401,8.67061276419182,-0.00901557095530964,300.0112,300.0116577,33187.70703125,33287.6953125,56.2975757261213,20.8424973001955,8.512546,0,0,0,40,4449,299.86585,33237.701171875,,,,,,,,,,,,,0,,,,17.8794594,,,,,,300.01142885,,,,
,15577293.64,300.01091005,33127.80078125,8.66890018176926,0.00138961180147965,1,0.999253354069792,40.0298881530762,1.97562273266387,11.0999997705221,46.8280840603672,8.42648338521161,250,-0.0458764048285125,8.66733754957239,-0.00962034851848523,300.0106201,300.0112,33067.89453125,33187.70703125,55.4885902087174,20.845190655141,8.512546,0,0,0,40,4449,299.8705,33127.80078125,,,,,,,,,,,,,0,,,,17.8794594,,,,,,300.01091005,,,,
,15577294.725,300.01013185,33017.947265625,8.66270195036796,0.00146829070890726,1,0.999253354069792,40.0298881530762,1.9760811349761,11.0999997705221,46.8052132268985,8.42226764987386,250,-0.0458618209289449,8.66114073758299,-0.00963143788822092,300.0096436,300.0106201,32968,33067.89453125,56.1670437634098,20.8437303102887,8.884414,0,0,0,40,4449,299.8738,33017.947265625,,,,,,,,,,,,,0,,,,17.9692049,,,,,,300.01013185,,,,
,15577295.805,300.0093842,32912.447265625,8.65915794616719,0.00144758487723462,1,0.999253354069792,40.0298881530762,1.97582285076082,11.0999997705221,46.780656178178,8.41475019304801,250,-0.0463993599695687,8.65759987136386,-0.0101829714105712,300.0091248,300.0096436,32856.89453125,32968,56.1334337370829,20.844849015937,9.256284,0,0,0,40,4449,299.8736,32912.447265625,,,,,,,,,,,,,0,,,,18.1496143,,,,,,300.0093842,,,,
,15577297.01,300.0092926,32791.900390625,8.65653188850838,0.00116959131652463,1,0.999253354069792,40.0298881530762,1.97572189921968,11.0999997705221,46.7645354370149,8.40963454888809,250,-0.0467834570225573,8.65497590476021,-0.0105771443281458,300.0091248,300.0094604,32726.90625,32856.89453125,55.7168257363328,20.8488084471035,9.256284,0,0,0,40,4449,299.8733,32791.900390625,,,,,,,,,,,,,0,,,,18.1496143,,,,,,300.0092926,,,,
,15577298.22,300.0097961,32666.9091796875,8.64446122424823,0.00163101750147228,1,0.999253354069792,40.0298881530762,1.97543995381912,11.0999997705221,46.6937432778619,8.39178423058718,250,-0.0476371806897112,8.642911022117,-0.0114803990692497,300.0094604,300.0101318,32606.912109375,32726.90625,55.7856090460251,20.8529051396027,9.256284,0,0,0,40,4449,299.8736,32666.9091796875,,,,,,,,,,,,,0,,,,18.0589504,,,,,,300.0097961,,,,
,15577299.415,300.0103912,32546.9560546875,8.63693165358894,0.00163144092733056,1,0.999253354069792,40.0298881530762,1.97571053759209,11.0999997705221,46.6591792763244,8.38626806585597,250,-0.0474718458270957,8.63538201175942,-0.0113456772982552,300.0101318,300.0106506,32487,32606.912109375,56.0904441685252,20.847156424854,9.256284,0,0,0,40,4449,299.8727,32546.9560546875,,,,,,,,,,,,,0,,,,17.9692049,,,,,,300.0103912,,,,
,15577300.59,300.00970455,32432.1083984375,8.63316056771655,0.00163896484897698,1,0.999253354069792,40.0298881530762,1.97567993302119,11.0999997705221,46.6384208937159,8.38076406933254,250,-0.047769998800212,8.63161306845345,-0.0116585972503769,300.0087585,300.0106506,32377.216796875,32487,56.3413469231983,20.8443981068414,8.512546,0,0,0,40,4449,299.8713,32432.1083984375,,,,,,,,,,,,,0,,,,18.0598688,,,,,,300.00970455,,,,
,15577301.68,300.0094757,32327.255859375,8.62720129716411,0.00159006076169861,1,0.999253354069792,40.0298881530762,1.97589730632947,11.0999997705221,46.6136082061501,8.36305029115863,250,-0.0501145049561238,8.6256648082506,-0.0140267506320684,300.0087585,300.0101929,32277.294921875,32377.216796875,55.8481393275636,20.8473133997001,8.512546,0,0,0,40,4449,299.87045,32327.255859375,,,,,,,,,,,,,0,,,,18.1496143,,,,,,300.0094757,,,,
,15577302.7,300.0099945,32227.349609375,8.62346762661744,0.00147108472926553,1,0.999253354069792,40.0298881530762,1.97532296233316,11.0999997705221,46.57995539661,8.35849508221662,250,-0.0498277358258361,8.62193045370065,-0.0137548232193985,300.0097961,300.0101929,32177.404296875,32277.294921875,55.7691948471213,20.848503339439,8.512546,0,0,0,40,4449,299.86915,32227.349609375,,,,,,,,,,,,,0,,,,18.0589504,,,,,,300.0099945,,,,
,15577303.805,300.0089874,32117.55859375,8.61655689785129,0.00183570322358403,1,0.999253354069792,40.0298881530762,1.97559625829961,11.0999997705221,46.5505125194818,8.34428236937228,250,-0.0513896413331416,8.61502793429629,-0.0153448601698337,300.0081787,300.0097961,32057.712890625,32177.404296875,56.4804767996214,20.8482650081264,9.256284,0,0,0,40,4449,299.87095,32117.55859375,,,,,,,,,,,,,0,,,,18.1496143,,,,,,300.0089874,,,,
,15577305,300.00816345,31997.767578125,8.61111588126562,0.00139793092868795,1,0.999253354069792,40.0298881530762,1.97578076126864,11.0999997705221,46.523276506397,8.35099460889221,250,-0.0492786326044183,8.60957939353052,-0.0132563890957739,300.0081482,300.0081787,31937.822265625,32057.712890625,55.8575188697944,20.8442373267706,8.512546,0,0,0,40,4449,299.87185,31997.767578125,,,,,,,,,,,,,0,,,,18.2402782,,,,,,300.00816345,,,,
,15577306.075,300.00798035,31887.9150390625,8.60920894498022,0.00126487704980958,1,0.999253354069792,40.0298881530762,1.97578076126864,11.0900001600385,46.5131029592234,8.34844842342973,250,-0.0493978103614244,8.60767331076785,-0.0133825417435581,300.0078125,300.0081482,31838.0078125,31937.822265625,55.9130144946598,20.8442373267706,9.256284,0,0,0,40,4449,299.86995,31887.9150390625,,,,,,,,,,,,,0,,,,18.0598688,,,,,,300.00798035,,,,
,15577307.13,300.00827025,31783.0732421875,8.6001758738236,0.00138830892662345,1,0.999253354069792,40.0298881530762,1.97579977944458,11.0999997705221,46.4671583778711,8.32669837669231,250,-0.0517683203944655,8.59865181046997,-0.0157894781461399,300.0078125,300.008728,31728.138671875,31838.0078125,55.6425710270059,20.8460063288501,9.256284,0,0,0,40,4449,299.86855,31783.0732421875,,,,,,,,,,,,,0,,,,17.9692049,,,,,,300.00827025,,,,
,15577308.215,300.00874325,31673.2353515625,8.5937152064741,0.00160831314466479,1,0.999253354069792,40.0298881530762,1.9759022441686,11.0999997705221,46.4347656010968,8.31996526885774,250,-0.0518965798673383,8.59219277777392,-0.0159440763604637,300.008728,300.0087585,31618.33203125,31728.138671875,56.0005568888136,20.8463489466445,9.256284,0,0,0,40,4449,299.8689,31673.2353515625,,,,,,,,,,,,,0,,,,18.0589504,,,,,,300.00874325,,,,
,15577309.39,300.0082855,31553.408203125,8.58572607930589,0.00160984853473192,1,0.999253354069792,40.0298881530762,1.97587796362605,11.0999997705221,46.3882160552354,8.32737200512173,250,-0.0490252236567943,8.58419333681579,-0.0131059826087571,300.0078125,300.0087585,31488.484375,31618.33203125,55.5487756046982,20.8445290203042,9.256284,0,0,0,40,4449,299.86915,31553.408203125,,,,,,,,,,,,,0,,,,18.1496143,,,,,,300.0082855,,,,
,15577310.61,300.0070038,31433.5068359375,8.58203026387625,0.00156826819451978,1,0.999253354069792,40.0298881530762,1.97616291135107,11.0999997705221,46.3794173500434,8.29990896809273,250,-0.0536454588747792,8.58051792928817,-0.0177399737610109,300.0061951,300.0078125,31378.529296875,31488.484375,55.9051982094675,20.8439740702828,9.256284,0,0,0,40,4449,299.86915,31433.5068359375,,,,,,,,,,,,,0,,,,18.2402782,,,,,,300.0070038,,,,
,15577311.63,300.00672915,31333.7353515625,8.57624977546606,0.00152583086626451,1,0.999253354069792,40.0298881530762,1.9761892849175,11.0999997705221,46.346680382327,8.30575969902119,250,-0.0515104933059658,8.57472970808908,-0.015628958716122,300.0061951,300.0072632,31288.94140625,31378.529296875,55.8919105246405,20.844233979699,8.884414,0,0,0,40,4449,299.869,31333.7353515625,,,,,,,,,,,,,0,,,,18.2402782,,,,,,300.00672915,,,,
,15577312.57,300.0072632,31239.0244140625,8.57019824102381,0.00127255871677286,1,0.999253354069792,40.0298881530762,1.97620957627745,11.0999997705221,46.3153381924462,8.29513809361771,250,-0.0523722478713517,8.56868276310744,-0.0165150690797036,300.0072632,300.0072632,31189.107421875,31288.94140625,55.8293802431021,20.8381631691497,9.256284,0,0,0,40,4449,299.86775,31239.0244140625,,,,,,,,,,,,,0,,,,18.1496143,,,,,,300.0072632,,,,
,15577313.715,300.00735475,31124.1826171875,8.56438528878828,0.0014456808900151,1,0.999253354069792,40.0298881530762,1.97612912843552,11.0900001600385,46.2818659795941,8.29036391057364,250,-0.0521188295216068,8.56286980905885,-0.0162850302042729,300.0072632,300.0074463,31059.2578125,31189.107421875,56.1029502248329,20.8435093216857,8.512546,0,0,0,40,4449,299.86595,31124.1826171875,,,,,,,,,,,,,0,,,,18.0589504,,,,,,300.00735475,,,,
,15577314.91,300.00813295,31004.3857421875,8.55838569711404,0.00164344303348027,1,0.999253354069792,40.0298881530762,1.97620210145353,11.0999997705221,46.2520908767456,8.2795564841104,250,-0.0530645804011185,8.55687506792713,-0.0172548654895881,300.0074463,300.0088196,30949.513671875,31059.2578125,55.6707096536982,20.8387596968472,9.256284,0,0,0,40,4449,299.86555,31004.3857421875,,,,,,,,,,,,,0,,,,18.0589504,,,,,,300.00813295,,,,
,15577315.94,300.0085602,30899.578125,8.55201458017215,0.00178312474490572,1,0.999253354069792,40.0298881530762,1.97620210145353,11.0999997705221,46.2168589324925,8.27770459287511,250,-0.0522269517153912,8.55050154384426,-0.0164434108622456,300.0083008,300.0088196,30849.642578125,30949.513671875,56.1662621348906,20.8387596968472,9.256284,0,0,0,40,4449,299.8657,30899.578125,,,,,,,,,,,,,0,,,,17.9692049,,,,,,300.0085602,,,,
,15577317.025,300.0074005,30794.6708984375,8.5457393301837,0.00171231357823093,1,0.999253354069792,40.0298881530762,1.97611590702471,11.0999997705221,46.1830112777632,8.26033897991736,250,-0.0542160707117831,8.54423618546136,-0.0184576620881263,300.0065002,300.0083008,30739.69921875,30849.642578125,56.1639172493329,20.8430172984011,8.512546,0,0,0,40,4449,299.86535,30794.6708984375,,,,,,,,,,,,,0,,,,18.0598688,,,,,,300.0074005,,,,
,15577318.04,300.0073242,30694.787109375,8.54016392816271,0.00169699013397223,1,0.999253354069792,40.0298881530762,1.97611590702471,11.0999997705221,46.1496091687625,8.27259356258516,250,-0.0509123282912808,8.53864809005606,-0.0151776218391745,300.0065002,300.0081482,30649.875,30739.69921875,55.8231272149482,20.8430172984011,9.256284,0,0,0,40,4449,299.8678,30694.787109375,,,,,,,,,,,,,0,,,,18.2402782,,,,,,300.0073242,,,,
,15577319.07,300.0076599,30589.921875,8.53521062204929,0.00162006031739666,1,0.999253354069792,40.0298881530762,1.97591591319075,11.0999997705221,46.1193714698688,8.2611354698099,250,-0.051965911045946,8.53370004905863,-0.0162512790570533,300.0071716,300.0081482,30529.96875,30649.875,56.231918930506,20.8379368593883,8.512546,0,0,0,40,4449,299.86945,30589.921875,,,,,,,,,,,,,0,,,,18.2402782,,,,,,300.0076599,,,,
,15577320.275,300.0073242,30470.0908203125,8.52270599306826,0.00164448544655617,1,0.999253354069792,40.0298881530762,1.97600553694985,11.0999997705221,46.054235747657,8.24727013083865,250,-0.0522850954207698,8.5211992829409,-0.0166215020218667,300.0071716,300.0074768,30410.212890625,30529.96875,56.1201460522559,20.8384678092891,9.256284,0,0,0,40,4449,299.86625,30470.0908203125,,,,,,,,,,,,,0,,,,18.1496143,,,,,,300.0073242,,,,
,15577321.465,300.0068817,30350.310546875,8.5178450426319,0.00188998193760912,1,0.999253354069792,40.0298881530762,1.97598441322565,11.0999997705221,46.0291623141239,8.23345479865722,250,-0.053928523306311,8.51634623291968,-0.0182838541290589,300.0062866,300.0074768,30290.408203125,30410.212890625,55.8637718979482,20.8429894653237,9.256284,0,0,0,40,4449,299.86395,30350.310546875,,,,,,,,,,,,,0,,,,18.1496143,,,,,,300.0068817,,,,
,15577322.57,300.0069122,30235.4912109375,8.51466000031144,0.00145876306919341,1,0.999253354069792,40.0298881530762,1.97615643842263,11.0999997705221,46.0164700872158,8.22777407419375,250,-0.054520579955206,8.5131642384741,-0.0188884055823566,300.0062866,300.0075378,30180.57421875,30290.408203125,56.1021685963136,20.8425680428296,9.256284,0,0,0,40,4449,299.86405,30235.4912109375,,,,,,,,,,,,,0,,,,18.2402782,,,,,,300.0069122,,,,
,15577323.71,300.0072937,30120.619140625,8.50670860307616,0.00150619630932147,1,0.999253354069792,40.0298881530762,1.97633980884166,11.0999997705221,45.978956166631,8.21383437372408,250,-0.0557669362162514,8.50521949294201,-0.0201671910913371,300.0070496,300.0075378,30060.6640625,30180.57421875,55.9083247235444,20.8448171575488,9.256284,0,0,0,40,4449,299.86505,30120.619140625,,,,,,,,,,,,,0,,,,18.2402782,,,,,,300.0072937,,,,
,15577324.955,300.0066071,30000.7314453125,8.49895981801221,0.00152360434511725,1,0.999253354069792,40.0298881530762,1.97645514840318,11.0999997705221,45.936871236174,8.22202152301943,250,-0.0529009526718278,8.49746044693913,-0.0173335996266756,300.0061646,300.0070496,29940.798828125,30060.6640625,55.6527321977559,20.8411867417508,9.256284,0,0,0,40,4449,299.8661,30000.7314453125,,,,,,,,,,,,,0,,,,18.2402782,,,,,,300.0066071,,,,
,15577326.07,300.0061646,29890.8017578125,8.49800163459823,0.00165028980449404,1,0.999253354069792,40.0298881530762,1.97622817466906,11.0999997705221,45.9275860046944,8.21457075412373,250,-0.053933655884622,8.49650684972598,-0.0183693638025288,300.0061646,300.0061646,29840.8046875,29940.798828125,56.0029017743713,20.8411438459224,8.512546,0,0,0,40,4449,299.86575,29890.8017578125,,,,,,,,,,,,,0,,,,18.2402782,,,,,,300.0061646,,,,
,15577327.93,300.0058899,29706.1494140625,8.48422739234887,0.00153879135505986,1,0.999253354069792,40.0298881530762,1.97620628232184,11.0999997705221,45.8559843070697,8.18316981408884,250,-0.0571814738982908,8.48274896143098,-0.021672947278201,300.0058899,300.0058899,29701.1953125,29711.103515625,56.1537560785829,20.8459361661141,8.512546,0,0,0,40,4449,299.8654,29706.1494140625,,,,,,,,,,,,,0,,,,18.0589504,,,,,,300.0058899,,,,
,15577328.585,300.0057831,29640.9150390625,8.47895466735343,0.00167641661712292,1,0.999253354069792,40.0298881530762,1.97619260666576,11.0999997705221,45.8277556826441,8.1749065907374,250,-0.0577245658404475,8.47747959165979,-0.0222377912684121,300.0056763,300.0058899,29580.634765625,29701.1953125,55.9270838080059,20.8449628575076,8.884414,0,0,0,40,4449,299.8669,29640.9150390625,,,,,,,,,,,,,0,,,,18.1496143,,,,,,300.0057831,,,,
,15577329.64,300.0052643,29535.6630859375,8.47179079072031,0.00190866066796232,1,0.999253354069792,40.0298881530762,1.97626012031346,11.0999997705221,45.7911611268235,8.16504257228818,250,-0.0582746382074127,8.4703195728543,-0.0228171033661125,300.0048523,300.0056763,29490.69140625,29580.634765625,55.923957293929,20.845907638557,8.512546,0,0,0,40,4449,299.86715,29535.6630859375,,,,,,,,,,,,,0,,,,18.33183475,,,,,,300.0052643,,,,
,15577330.7,300.00463865,29425.7236328125,8.46647942878087,0.00180095095722089,1,0.999253354069792,40.0298881530762,1.97631717075747,11.0999997705221,45.7632775978617,8.16265761877409,250,-0.0577749840970814,8.46500732289129,-0.0223390183302908,300.004425,300.0048523,29360.755859375,29490.69140625,55.9560040632175,20.841344988706,9.256284,0,0,0,40,4449,299.86665,29425.7236328125,,,,,,,,,,,,,0,,,,18.24117085,,,,,,300.00463865,,,,
,15577331.915,300.00430295,29300.8359375,8.46134582008786,0.00133983968033192,1,0.999253354069792,40.0298881530762,1.97630137632174,11.0999997705221,45.7342220397306,8.16277335879458,250,-0.0567905194704122,8.45987068399522,-0.0213756220969505,300.0041809,300.004425,29240.916015625,29360.755859375,55.5995814584482,20.8416283995486,8.884414,0,0,0,40,4449,299.86785,29300.8359375,,,,,,,,,,,,,0,,,,18.1496143,,,,,,300.00430295,,,,
,15577333.01,300.00416565,29195.97265625,8.45440439359239,0.0015302618643525,1,0.999253354069792,40.0298881530762,1.97634850877637,11.0999997705221,45.6987331116085,8.15105135902893,250,-0.057710687996,8.45293449241465,-0.0223239476854507,300.0041504,300.0041809,29151.029296875,29240.916015625,55.7434011059867,20.8391464841445,8.512546,0,0,0,40,4449,299.8675,29195.97265625,,,,,,,,,,,,,0,,,,18.2402782,,,,,,300.00416565,,,,
,15577334.04,300.00398255,29096.0908203125,8.44909282173641,0.00157604610719882,1,0.999253354069792,40.0298881530762,1.97655169640941,11.0999997705221,45.6740996955152,8.14945994336977,250,-0.0571726525712521,8.4476217431464,-0.0218075981091123,300.0038147,300.0041504,29041.15234375,29151.029296875,55.9575673202559,20.843108932056,9.256284,0,0,0,40,4449,299.8673,29096.0908203125,,,,,,,,,,,,,0,,,,18.1496143,,,,,,300.00398255,,,,
,15577335.18,300.00349425,28981.1904296875,8.44578276682618,0.00175664456892378,1,0.999253354069792,40.0298881530762,1.97644210570166,11.0999997705221,45.6553591716337,8.13707976071023,250,-0.0587710856137545,8.44431914142191,-0.0234189220902557,300.0031738,300.0038147,28921.228515625,29041.15234375,56.0310404010636,20.841650534854,9.256284,0,0,0,40,4449,299.86785,28981.1904296875,,,,,,,,,,,,,0,,,,17.9692049,,,,,,300.00349425,,,,
,15577336.265,300.0036926,28871.3603515625,8.43272594037433,0.00177255600970097,1,0.999253354069792,40.0298881530762,1.97645792993269,11.0999997705221,45.5871424356601,8.11372754378737,250,-0.060688058327921,8.43127285347299,-0.0253894268053966,300.0031738,300.0042114,28821.4921875,28921.228515625,55.8973819242751,20.8403203646573,8.512546,0,0,0,40,4449,299.8676,28871.3603515625,,,,,,,,,,,,,0,,,,17.8794594,,,,,,300.0036926,,,,
,15577337.385,300.00460815,28761.5703125,8.42716141679789,0.00155934016462113,1,0.999253354069792,40.0298881530762,1.97656378927027,11.0999997705221,45.5598735713366,8.10645429248978,250,-0.0610823853981438,8.42571077794608,-0.0258064665283869,300.0042114,300.0050049,28701.6484375,28821.4921875,55.8770595827751,20.8412228386763,8.884414,0,0,0,40,4449,299.86895,28761.5703125,,,,,,,,,,,,,0,,,,17.9692049,,,,,,300.00460815,,,,
,15577338.62,300.0041504,28636.6640625,8.41923845427299,0.0014122307444502,1,0.999253354069792,40.0298881530762,1.97630422443059,11.0999997705221,45.5097855304003,8.10547300898904,250,-0.0596034622958631,8.41778330949307,-0.0243602888452572,300.0032959,300.0050049,28571.6796875,28701.6484375,56.3593243791406,20.8424086808686,8.512546,0,0,0,40,4449,299.8694,28636.6640625,,,,,,,,,,,,,0,,,,18.1496143,,,,,,300.0041504,,,,
,15577339.845,300.00349425,28511.796875,8.41623326466531,0.00157365061206408,1,0.999253354069792,40.0298881530762,1.97648513260536,11.0999997705221,45.4996782813453,8.09211782248208,250,-0.061654781822541,8.41478745004131,-0.0264230344504423,300.0032959,300.0036926,28451.9140625,28571.6796875,55.7441827345059,20.8430910960678,8.884414,0,0,0,40,4449,299.86965,28511.796875,,,,,,,,,,,,,0,,,,18.2402782,,,,,,300.00349425,,,,
,15577340.945,300.0036926,28402.0361328125,8.40886461888294,0.00158677246346285,1,0.999253354069792,40.0298881530762,1.97648513260536,11.0999997705221,45.4592384926431,8.08828507928169,250,-0.0609988553101629,8.40741744964804,-0.0257976292793037,300.0036926,300.0036926,28352.158203125,28451.9140625,56.374175321006,20.8430910960678,8.884414,0,0,0,40,4449,299.8713,28402.0361328125,,,,,,,,,,,,,0,,,,18.2402782,,,,,,300.0036926,,,,
,15577342,300.00344845,28297.171875,8.40295384662527,0.00175006190013303,1,0.999253354069792,40.0298881530762,1.97663398333427,11.0999997705221,45.4312962706521,8.07955490213036,250,-0.0616305913901736,8.40151052948015,-0.0264532593727313,300.0032043,300.0036926,28242.185546875,28352.158203125,55.7699764756405,20.8410121108492,9.256284,0,0,0,40,4449,299.8708,28297.171875,,,,,,,,,,,,,0,,,,18.1496143,,,,,,300.00344845,,,,
,15577343.14,300.00297545,28187.28515625,8.39509890813406,0.00158890255552688,1,0.999253354069792,40.0298881530762,1.97662987995013,11.0999997705221,45.3897877895512,8.06631572097702,250,-0.062623884050993,8.39366142167853,-0.0274785213729395,300.0027466,300.0032043,28132.384765625,28242.185546875,55.9755447761982,20.8427877783482,8.884414,0,0,0,40,4449,299.8706,28187.28515625,,,,,,,,,,,,,0,,,,18.0589504,,,,,,300.00297545,,,,
,15577344.34,300.00376895,28067.6181640625,8.39101499307991,0.00194858062521378,1,0.999253354069792,40.0298881530762,1.9766652543634,11.0999997705221,45.3688865016235,8.06043532413156,250,-0.0629823689369851,8.38957953565988,-0.0278534358227261,300.0027466,300.0047913,28002.8515625,28132.384765625,56.0998237107559,20.8440242476376,9.256284,0,0,0,40,4449,299.87165,28067.6181640625,,,,,,,,,,,,,0,,,,17.9692049,,,,,,300.00376895,,,,
,15577345.545,300.0040131,27947.96484375,8.3870162736232,0.00182515403386622,1,0.999253354069792,40.0298881530762,1.97661012851245,11.0999997705221,45.3459876046528,8.05661209245824,250,-0.0629092515290244,8.3855811691165,-0.0277962250689869,300.0032349,300.0047913,27893.078125,28002.8515625,55.8684616690636,20.8396910043469,8.512546,0,0,0,40,4449,299.87085,27947.96484375,,,,,,,,,,,,,0,,,,18.0598688,,,,,,300.0040131,,,,
,15577346.71,300.00302125,27828.10546875,8.37975793415218,0.001643120524984,1,0.999253354069792,40.0298881530762,1.97661178447413,11.0999997705221,45.3075240341863,8.04564628391479,250,-0.0635965291297033,8.37832740818574,-0.0285129126426149,300.0028076,300.0032349,27763.1328125,27893.078125,56.1740784200829,20.8390109013051,9.256284,0,0,0,40,4449,299.87015,27828.10546875,,,,,,,,,,,,,0,,,,18.1496143,,,,,,300.00302125,,,,
,15577347.72,300.00294495,27723.1904296875,8.37404459408871,0.00160321148492834,1,0.999253354069792,40.0298881530762,1.97668556170833,11.0999997705221,45.2787326368248,8.03802153372142,250,-0.0640040194390308,8.37261691466277,-0.0289437920890997,300.0028076,300.0030823,27683.248046875,27763.1328125,55.913796123179,20.8438999612441,8.512546,0,0,0,40,4449,299.8716,27723.1904296875,,,,,,,,,,,,,0,,,,18.0589504,,,,,,300.00294495,,,,
,15577348.7,300.0026245,27628.3603515625,8.36801334733584,0.00165971407121789,1,0.999253354069792,40.0298881530762,1.97642359410516,11.0999997705221,45.2416702304872,8.02365482737816,250,-0.065354834459455,8.36659260226101,-0.0303191364723774,300.0021667,300.0030823,27573.47265625,27683.248046875,56.2358270731021,20.8453788725057,8.512546,0,0,0,40,4449,299.8726,27628.3603515625,,,,,,,,,,,,,0,,,,18.1496143,,,,,,300.0026245,,,,
,15577349.76,300.0014648,27523.4931640625,8.36598662561438,0.00182532210087616,1,0.999253354069792,40.0298881530762,1.97657458024565,11.0999997705221,45.2339674397685,8.02294367786531,250,-0.0652223155192113,8.36456602663943,-0.0301943729091377,300.0007629,300.0021667,27473.513671875,27573.47265625,55.7371480778328,20.8440451431337,9.256284,0,0,0,40,4449,299.87175,27523.4931640625,,,,,,,,,,,,,0,,,,18.2402782,,,,,,300.0014648,,,,
,15577350.695,300.00064085,27428.5234375,8.35980332585948,0.00197498300140187,1,0.999253354069792,40.0298881530762,1.97658561415578,11.0999997705221,45.1993804428608,8.02461804115233,250,-0.0637744415701625,8.35837811807089,-0.0287720609503873,300.0005188,300.0007629,27383.533203125,27473.513671875,55.8348516427367,20.8432245311378,9.256284,0,0,0,40,4449,299.8715,27428.5234375,,,,,,,,,,,,,0,,,,18.33183475,,,,,,300.00064085,,,,
,15577351.695,300.00064085,27328.6044921875,8.3531360186317,0.00144987374785846,1,0.999253354069792,40.0298881530762,1.97666127716495,11.0999997705221,45.1651008533099,8.01807166640327,250,-0.0638066475860843,8.3517122496986,-0.0288316562913374,300.0005188,300.0007629,27273.67578125,27383.533203125,55.8575188697944,20.8430125361071,8.512546,0,0,0,40,4449,299.8722,27328.6044921875,,,,,,,,,,,,,0,,,,18.33183475,,,,,,300.00064085,,,,
,15577352.75,300.0014038,27223.830078125,8.34812445662283,0.00197193962691523,1,0.999253354069792,40.0298881530762,1.97679833376447,11.0999997705221,45.1417066657188,8.01028830004101,250,-0.0644198687110927,8.34670397861469,-0.0294651073836315,300.0007629,300.0020447,27173.984375,27273.67578125,55.8317251286598,20.8398900602524,8.512546,0,0,0,40,4449,299.8723,27223.830078125,,,,,,,,,,,,,0,,,,18.2402782,,,,,,300.0014038,,,,
,15577353.74,300.00242615,27124.0576171875,8.34218337567076,0.00151722426573262,1,0.999253354069792,40.0298881530762,1.97666631035082,11.0999997705221,45.1062614920527,8.00610625336439,250,-0.063997022546287,8.34076193478992,-0.0290662997451104,300.0020447,300.0028076,27074.130859375,27173.984375,55.7246420215251,20.8416961946043,9.256284,0,0,0,40,4449,299.87005,27124.0576171875,,,,,,,,,,,,,0,,,,18.2402782,,,,,,300.00242615,,,,
,15577354.88,300.00190735,27009.1845703125,8.33747077811321,0.00182971985235796,1,0.999253354069792,40.0298881530762,1.97664697571871,11.0999997705221,45.0801565977469,8.0025539630748,250,-0.0637680214313757,8.33604940172963,-0.0288560541445909,300.0010071,300.0028076,26944.23828125,27074.130859375,55.7183889933713,20.8384950635557,8.512546,0,0,0,40,4449,299.8677,27009.1845703125,,,,,,,,,,,,,0,,,,18.2402782,,,,,,300.00190735,,,,
,15577355.99,300.0007477,26899.3349609375,8.3304731718097,0.0018702536037501,1,0.999253354069792,40.0298881530762,1.97664697571871,11.0999997705221,45.0429967664403,7.99220209462813,250,-0.0643884604433407,8.32905611198722,-0.0295050585920564,300.0004883,300.0010071,26854.431640625,26944.23828125,55.6660198825828,20.8384950635557,9.256284,0,0,0,40,4449,299.86815,26899.3349609375,,,,,,,,,,,,,0,,,,18.1496143,,,,,,300.0007477,,,,
,15577357.045,300.0007019,26794.478515625,8.32494142107417,0.00145217400987668,1,0.999253354069792,40.0298881530762,1.97687187971963,11.0999997705221,45.0169593597953,7.99383797068447,250,-0.0632247242456878,8.32352056760836,-0.0283640817266146,300.0004883,300.0009155,26734.525390625,26854.431640625,56.2162863601213,20.8403910508821,9.256284,0,0,0,40,4449,299.86815,26794.478515625,,,,,,,,,,,,,0,,,,18.0589504,,,,,,300.0007019,,,,
,15577358.22,300.00134275,26679.5771484375,8.32109787196553,0.00192950680096352,1,0.999253354069792,40.0298881530762,1.976735207168,11.0999997705221,44.9932655878747,7.9889280871377,250,-0.0633221457581372,8.31967794926752,-0.0284769148372318,300.0009155,300.00177,26624.62890625,26734.525390625,55.629283342179,20.841852857832,9.256284,0,0,0,40,4449,299.8684,26679.5771484375,,,,,,,,,,,,,0,,,,18.24117085,,,,,,300.00134275,,,,
,15577359.315,300.0011902,26569.73046875,8.3143592991051,0.00198932413382852,1,0.999253354069792,40.0298881530762,1.97680856903616,11.0999997705221,44.9587532998772,7.98114870183291,250,-0.0635674184048806,8.31294177327239,-0.0287498848238446,300.0006104,300.00177,26514.83203125,26624.62890625,56.3819916061983,20.8402226256577,9.256284,0,0,0,40,4449,299.86985,26569.73046875,,,,,,,,,,,,,0,,,,18.24117085,,,,,,300.0011902,,,,
,15577360.405,300.00076295,26459.84765625,8.30385974370057,0.00201163138451454,1,0.999253354069792,40.0298881530762,1.97681453708156,11.0999997705221,44.900738070955,7.97849821172015,250,-0.0621164720864957,8.30243834331444,-0.0273425399342313,300.0006104,300.0009155,26404.86328125,26514.83203125,56.3319673809675,20.83638401614,9.256284,0,0,0,40,4449,299.86995,26459.84765625,,,,,,,,,,,,,0,,,,18.0589504,,,,,,300.00076295,,,,
,15577361.56,300.00086975,26344.91015625,8.29931454981758,0.00189010363809554,1,0.999253354069792,40.0298881530762,1.97700920098258,11.0999997705221,44.8817052978752,7.96824365517185,250,-0.0633149444999486,8.2978990165128,-0.0285593752803582,300.000824,300.0009155,26284.95703125,26404.86328125,56.1451581648713,20.8427853284976,8.884414,0,0,0,40,4449,299.8719,26344.91015625,,,,,,,,,,,,,0,,,,18.0589504,,,,,,300.00086975,,,,
,15577362.64,300.0000458,26235.0029296875,8.29148248836115,0.00166604197623862,1,0.999253354069792,40.0298881530762,1.97695185457129,11.0999997705221,44.8375299715531,7.96348099956783,250,-0.0627033278113278,8.29006620130287,-0.0279803208221923,299.9992676,300.000824,26185.048828125,26284.95703125,55.5511204902559,20.8364866640332,8.512546,0,0,0,40,4449,299.87415,26235.0029296875,,,,,,,,,,,,,0,,,,18.0589504,,,,,,300.0000458,,,,
,15577363.655,299.99913025,26135.119140625,8.28580069307979,0.00188008948268529,1,0.999253354069792,40.0298881530762,1.97706434114565,11.0999997705221,44.8100941764608,7.95414426632218,250,-0.0634613400551568,8.2843889433225,-0.028761226721325,299.9989929,299.9992676,26085.189453125,26185.048828125,55.6175589143905,20.8403896530737,9.256284,0,0,0,40,4449,299.8731,26135.119140625,,,,,,,,,,,,,0,,,,18.1496143,,,,,,299.99913025,,,,
,15577364.71,299.99967955,26030.2421875,8.28353966552522,0.0020726575804681,1,0.999253354069792,40.0298881530762,1.97698803799968,11.0900001600385,44.7973104709514,7.94557004694543,250,-0.0645750327712098,8.28213280934669,-0.0298834996040687,299.9989929,300.0003662,25975.294921875,26085.189453125,55.8950370387175,20.8439319399943,9.256284,0,0,0,40,4449,299.87285,26030.2421875,,,,,,,,,,,,,0,,,,18.1496143,,,,,,299.99967955,,,,
,15577365.71,300.0003967,25930.384765625,8.27511840001582,0.00189191498837551,1,0.999253354069792,40.0298881530762,1.9768332088922,11.0999997705221,44.7487543920232,7.93469449265011,250,-0.0649156641799309,8.27371441360725,-0.0302588381098621,300.0003662,300.0004272,25885.474609375,25975.294921875,55.7535622767367,20.8430599642634,9.256284,0,0,0,40,4449,299.8737,25930.384765625,,,,,,,,,,,,,0,,,,18.0589504,,,,,,300.0003967,,,,
,15577366.74,300.0005493,25825.4921875,8.27181705011921,0.00169548494090465,1,0.999253354069792,40.0298881530762,1.97699119978262,11.0999997705221,44.7319863785183,7.94510346727012,250,-0.0624911023542673,8.27040348572355,-0.0278480330163395,300.0004272,300.0006714,25765.509765625,25885.474609375,56.3898078913906,20.8403370921514,9.256284,0,0,0,40,4449,299.8742,25825.4921875,,,,,,,,,,,,,0,,,,18.1496143,,,,,,300.0005493,,,,
,15577367.89,299.99964905,25710.591796875,8.26317938514311,0.00200664285397207,1,0.999253354069792,40.0298881530762,1.97697194967495,11.0999997705221,44.6866601162725,7.9269843524218,250,-0.0642314678350838,8.26177507813177,-0.029623622885012,299.9986267,300.0006714,25655.673828125,25765.509765625,56.2616208142367,20.8379488361531,8.512546,0,0,0,40,4449,299.8749,25710.591796875,,,,,,,,,,,,,0,,,,18.2402782,,,,,,299.99964905,,,,
,15577368.925,299.9991913,25610.7353515625,8.25760530801649,0.00190861355141691,1,0.999253354069792,40.0298881530762,1.97698108085735,11.0999997705221,44.6568946477951,7.92071863840152,250,-0.0643651876404651,8.25620279801171,-0.0297803062879694,299.9986267,299.9997559,25565.796875,25655.673828125,55.9434980069098,20.8474412301395,9.256284,0,0,0,40,4449,299.8767,25610.7353515625,,,,,,,,,,,,,0,,,,18.1496143,,,,,,299.9991913,,,,
,15577370.005,299.9998169,25501.044921875,8.25296542325215,0.00188363699090414,1,0.999253354069792,40.0298881530762,1.97702828626327,11.0999997705221,44.6324656618241,7.91847407643099,250,-0.0639551947789996,8.25156189472733,-0.0293892474499861,299.9997559,299.9998779,25436.29296875,25565.796875,56.1600091067367,20.8402181351594,8.512546,0,0,0,40,4449,299.87725,25501.044921875,,,,,,,,,,,,,0,,,,18.1496143,,,,,,299.9998169,,,,
,15577371.205,299.99871825,25381.310546875,8.24474960560422,0.00172622790656422,1,0.999253354069792,40.0298881530762,1.97704282320241,11.0999997705221,44.5880694900281,7.91218958721581,250,-0.0636070326012099,8.24334653464437,-0.0290746300427731,299.9975586,299.9998779,25326.328125,25436.29296875,56.6102271338137,20.8406159506855,9.256284,0,0,0,40,4449,299.87565,25381.310546875,,,,,,,,,,,,,0,,,,18.1496143,,,,,,299.99871825,,,,
,15577372.22,299.99813845,25281.3896484375,8.23986789460091,0.00209616033239767,1,0.999253354069792,40.0298881530762,1.97714526104749,11.0999997705221,44.5631476336056,7.91208039724352,250,-0.0627966925538716,8.23846254767576,-0.0282843589252362,299.9975586,299.9987183,25236.451171875,25326.328125,56.1772049341598,20.8396263623396,8.512546,0,0,0,40,4449,299.87605,25281.3896484375,,,,,,,,,,,,,0,,,,18.1496143,,,,,,299.99813845,,,,
,15577373.215,299.99891665,25181.5087890625,8.23334045583476,0.00175539163543622,1,0.999253354069792,40.0298881530762,1.97704816303736,11.0999997705221,44.525148981193,7.90846534078963,250,-0.062185905374425,8.23193360567296,-0.027700674074431,299.9987183,299.999115,25126.56640625,25236.451171875,55.9825794328713,20.8390414448763,8.512546,0,0,0,40,4449,299.8778,25181.5087890625,,,,,,,,,,,,,0,,,,18.1496143,,,,,,299.99891665,,,,
,15577374.34,299.99961855,25066.662109375,8.22072690765795,0.00196626956918803,1,0.999253354069792,40.0298881530762,1.97704135162237,11.0999997705221,44.4578253831704,7.89071289545549,250,-0.0631300747939489,8.21932629442778,-0.0286968166160652,299.999115,300.0001221,25006.7578125,25126.56640625,56.1561009641406,20.8374254116855,9.256284,0,0,0,40,4449,299.878,25066.662109375,,,,,,,,,,,,,0,,,,18.1496143,,,,,,299.99961855,,,,
,15577375.43,300.00003055,24956.876953125,8.21578258965522,0.00202364028212829,1,0.999253354069792,40.0298881530762,1.97715760114733,11.0999997705221,44.4332000391245,7.88875918166668,250,-0.0626594992625465,8.2143808228081,-0.0282463671353823,299.999939,300.0001221,24906.99609375,25006.7578125,56.0654320559098,20.838351763486,9.256284,0,0,0,40,4449,299.8778,24956.876953125,,,,,,,,,,,,,0,,,,18.2402782,,,,,,300.00003055,,,,
,15577376.555,299.99861145,24847.0380859375,8.20937783906285,0.002425842044239,1,0.999253354069792,40.0298881530762,1.97717024083948,11.0999997705221,44.3976528274726,7.88906307781867,250,-0.0614254870053181,8.20797257389386,-0.0270387738875654,299.9972839,299.999939,24787.080078125,24906.99609375,56.3397836661598,20.8374398191874,9.256284,0,0,0,40,4449,299.87775,24847.0380859375,,,,,,,,,,,,,0,,,,18.1496143,,,,,,299.99861145,,,,
,15577377.65,299.9977264,24737.2138671875,8.20389096666117,0.00207400204717966,1,0.999253354069792,40.0298881530762,1.9772635104651,11.0999997705221,44.3706249988283,7.88089986997691,250,-0.0619874085003198,8.2024893800214,-0.0276229624777228,299.9972839,299.9981689,24687.34765625,24787.080078125,55.9458428924675,20.8344411378928,8.512546,0,0,0,40,4449,299.8781,24737.2138671875,,,,,,,,,,,,,0,,,,18.24117085,,,,,,299.9977264,,,,
,15577378.655,299.99807735,24637.3544921875,8.19835617839341,0.00189357133070319,1,0.999253354069792,40.0298881530762,1.97733240258778,11.0999997705221,44.3429863620386,7.87159016863329,250,-0.0627348693139727,8.19695869263005,-0.0283929590015061,299.9979858,299.9981689,24587.361328125,24687.34765625,56.1389051367175,20.8358602115107,9.256284,0,0,0,40,4449,299.8788,24637.3544921875,,,,,,,,,,,,,0,,,,18.24117085,,,,,,299.99807735,,,,
,15577379.775,299.99781795,24527.4677734375,8.19203131382527,0.00215175988573087,1,0.999253354069792,40.0298881530762,1.97729229382695,11.0999997705221,44.3063823307195,7.87354710274501,250,-0.0611715977753999,8.19062858337252,-0.0268558414566663,299.9976501,299.9979858,24467.57421875,24587.361328125,55.9231756654098,20.8363025334006,8.512546,0,0,0,40,4449,299.87875,24527.4677734375,,,,,,,,,,,,,0,,,,18.1496143,,,,,,299.99781795,,,,
,15577381.8,299.9992371,24322.7548828125,8.17746240290584,0.00178610193927647,1,0.999253354069792,40.0298881530762,1.97733873867499,11.0999997705221,44.2292209633769,7.856359822994,250,-0.0616871881001637,8.17606422102367,-0.027430845812194,299.9992371,299.9992371,24317.775390625,24327.734375,56.4804767996214,20.8356628288508,8.512546,0,0,0,40,4449,299.87655,24322.7548828125,,,,,,,,,,,,,0,,,,18.24117085,,,,,,299.9992371,,,,
,15577382.425,299.99847415,24262.85546875,8.17037075113543,0.00238088405844232,1,0.999253354069792,40.0298881530762,1.97729444854283,11.0999997705221,44.1936221843676,7.82930203705946,250,-0.0653503865651726,8.16898956623742,-0.0311228952244834,299.9977112,299.9992371,24207.935546875,24317.775390625,55.9943038606598,20.8372046285564,9.256284,0,0,0,40,4449,299.87835,24262.85546875,,,,,,,,,,,,,0,,,,18.4233913,,,,,,299.99847415,,,,
,15577383.53,299.99772645,24152.9931640625,8.16727461166949,0.00159453258550008,1,0.999253354069792,40.0298881530762,1.97729639779852,11.0999997705221,44.1728777216175,7.84813560145975,250,-0.0612913059248975,8.16587722486074,-0.027076973192814,299.9977112,299.9977417,24098.05078125,24207.935546875,56.4695340003521,20.8346143998181,8.884414,0,0,0,40,4449,299.8784,24152.9931640625,,,,,,,,,,,,,0,,,,18.33183475,,,,,,299.99772645,,,,
,15577384.615,299.9974518,24043.130859375,8.1626162299249,0.00172969375503311,1,0.999253354069792,40.0298881530762,1.97723572127432,11.0999997705221,44.1462799029488,7.84386391334139,250,-0.0611756657117062,8.16121932387159,-0.0269801818653876,299.9971619,299.9977417,23988.2109375,24098.05078125,56.3491632083906,20.8375695839185,8.884414,0,0,0,40,4449,299.87805,24043.130859375,,,,,,,,,,,,,0,,,,18.2402782,,,,,,299.9974518,,,,
,15577385.705,299.99739075,23933.4189453125,8.15654136634682,0.00218754872567212,1,0.999253354069792,40.0298881530762,1.97734711724963,11.0999997705221,44.116154957607,7.8368077539838,250,-0.0614359690385139,8.1551467562122,-0.0272653937518771,299.9971619,299.9976196,23878.626953125,23988.2109375,56.5547315089483,20.8379321398079,9.256284,0,0,0,40,4449,299.8792,23933.4189453125,,,,,,,,,,,,,0,,,,18.0598688,,,,,,299.99739075,,,,
,15577386.77,299.99771115,23828.634765625,8.14515250243019,0.00185978309073736,1,0.999253354069792,40.0298881530762,1.97732523147017,11.0999997705221,44.0553079472161,7.81915684753721,250,-0.0625771763660436,8.14376482849791,-0.0284534670852684,299.9976196,299.9978027,23778.642578125,23878.626953125,56.5203398541021,20.8357803673168,8.884414,0,0,0,40,4449,299.87925,23828.634765625,,,,,,,,,,,,,0,,,,18.0598688,,,,,,299.99771115,,,,
,15577387.91,299.9975586,23713.7578125,8.14138819064034,0.0021681971209829,1,0.999253354069792,40.0298881530762,1.97738139478884,11.0999997705221,44.0370593950111,7.81094998996865,250,-0.0634395587244747,8.14000486379833,-0.0293306239763987,299.9973145,299.9978027,23648.873046875,23778.642578125,56.5250296252175,20.8351425482695,9.256284,0,0,0,40,4449,299.8781,23713.7578125,,,,,,,,,,,,,0,,,,18.33183475,,,,,,299.9975586,,,,
,15577389.07,299.99739075,23593.912109375,8.13371581841108,0.00205008786418267,1,0.999253354069792,40.0298881530762,1.97745476813137,11.0999997705221,43.995067293033,7.81511250567617,250,-0.0612994711244249,8.13232505970503,-0.0272222793518143,299.9973145,299.997467,23538.951171875,23648.873046875,56.0779381122175,20.8367375425945,8.512546,0,0,0,40,4449,299.8771,23593.912109375,,,,,,,,,,,,,0,,,,18.33183475,,,,,,299.99739075,,,,
,15577390.125,299.99763485,23489.013671875,8.12784825171379,0.00234516678368751,1,0.999253354069792,40.0298881530762,1.97746693190943,11.0999997705221,43.9664662405429,7.79402523736412,250,-0.0641247246028229,8.12647039020471,-0.0300709662400246,299.997467,299.9978027,23439.076171875,23538.951171875,56.4679707433137,20.8357700244064,9.256284,0,0,0,40,4449,299.87735,23489.013671875,,,,,,,,,,,,,0,,,,18.1496143,,,,,,299.99763485,,,,
,15577391.245,299.9970398,23379.1650390625,8.11597904607133,0.00198123755294701,1,0.999253354069792,40.0298881530762,1.97736326998271,11.0999997705221,43.8985707004369,7.7900463596431,250,-0.0625874875809894,8.11459726962544,-0.0285830895336798,299.9962769,299.9978027,23319.25390625,23439.076171875,56.4843849422175,20.8369187146196,9.256284,0,0,0,40,4449,299.8771,23379.1650390625,,,,,,,,,,,,,0,,,,18.0589504,,,,,,299.9970398,,,,
,15577392.415,299.9970551,23264.3544921875,8.10820635118755,0.00209270714106409,1,0.999253354069792,40.0298881530762,1.97751071020617,11.0999997705221,43.8614097926816,7.77403065737868,250,-0.064216708401543,8.1068329192925,-0.0302439857432997,299.9962769,299.9978333,23209.455078125,23319.25390625,56.4710972573906,20.8324509454922,9.256284,0,0,0,40,4449,299.8779,23264.3544921875,,,,,,,,,,,,,0,,,,18.24117085,,,,,,299.9970551,,,,
,15577393.515,299.9974976,23154.474609375,8.10306243428971,0.00256818934394538,1,0.999253354069792,40.0298881530762,1.97734415654631,11.0999997705221,43.8298947621485,7.76892800582883,250,-0.064089937247882,8.10168933079641,-0.03013821784021,299.9971619,299.9978333,23099.494140625,23209.455078125,56.8400259184676,20.8337348070593,8.512546,0,0,0,40,4449,299.87835,23154.474609375,,,,,,,,,,,,,0,,,,18.4233913,,,,,,299.9974976,,,,
,15577394.545,299.9973755,23049.19921875,8.09193469150799,0.00214717586359389,1,0.999253354069792,40.0298881530762,1.97738035014354,11.0999997705221,43.7728885102964,7.74543854816381,250,-0.0664018601584473,8.09057350406394,-0.0324956275393115,299.9971619,299.9975891,22998.904296875,23099.494140625,56.3991874336214,20.8321493795211,9.256284,0,0,0,40,4449,299.87795,23049.19921875,,,,,,,,,,,,,0,,,,18.24117085,,,,,,299.9973755,,,,
,15577395.655,299.99754335,22938.9013671875,8.08376864370705,0.00208526136841843,1,0.999253354069792,40.0298881530762,1.97720830547455,11.0999997705221,43.7278971518734,7.72135638665259,250,-0.0692253655385816,8.08242085377836,-0.0353523911265316,299.9974976,299.9975891,22878.8984375,22998.904296875,56.6438371601406,20.8356764230871,8.512546,0,0,0,40,4449,299.87985,22938.9013671875,,,,,,,,,,,,,0,,,,18.0589504,,,,,,299.99754335,,,,
,15577396.72,299.9976807,22833.9853515625,8.08029784405319,0.0021954579926005,1,0.999253354069792,40.0298881530762,1.97717560830693,11.0999997705221,43.7058109695473,7.73197057519538,250,-0.0665938477126848,8.07893965330878,-0.0327354822319719,299.9974976,299.9978638,22789.072265625,22878.8984375,56.1732967915636,20.8386059391657,8.512546,0,0,0,40,4449,299.88085,22833.9853515625,,,,,,,,,,,,,0,,,,18.0589504,,,,,,299.9976807,,,,
,15577397.72,299.99775695,22734.1279296875,8.06496662773542,0.00207007516371496,1,0.999253354069792,40.0298881530762,1.97722636082479,11.0999997705221,43.6300010098021,7.68500642701851,250,-0.0724834773174194,8.06363612066592,-0.0386873499907836,299.9976501,299.9978638,22679.18359375,22789.072265625,56.2405168442175,20.8323892132408,9.256284,0,0,0,40,4449,299.8792,22734.1279296875,,,,,,,,,,,,,0,,,,18.0589504,,,,,,299.99775695,,,,
,15577398.83,299.99749755,22619.2734375,8.06171386477512,0.00196972426711555,1,0.999253354069792,40.0298881530762,1.97704043221915,11.0999997705221,43.6081939591177,7.68233315362452,250,-0.0722456989057804,8.0603830215119,-0.0384623766836162,299.997345,299.9976501,22559.36328125,22679.18359375,56.5594212800637,20.8356168703839,9.256284,0,0,0,40,4449,299.87755,22619.2734375,,,,,,,,,,,,,0,,,,18.1496143,,,,,,299.99749755,,,,
,15577399.885,299.99725345,22514.3359375,8.0599564610732,0.00167214431027508,1,0.999253354069792,40.0298881530762,1.9771794542842,11.0999997705221,43.5993787915784,7.69358731582708,250,-0.0699341243638266,8.05861631562368,-0.0361580868405156,299.9971619,299.997345,22469.30859375,22559.36328125,56.1342153656021,20.8329452465372,8.512546,0,0,0,40,4449,299.8779,22514.3359375,,,,,,,,,,,,,0,,,,18.1496143,,,,,,299.99725345,,,,
,15577401.805,299.9970398,22319.5732421875,8.03672490675805,0.00190615233751303,1,0.999253354069792,40.0298881530762,1.97724807789706,11.0999997705221,43.4816012340388,7.63705302792866,250,-0.0761433089783434,8.0354154557519,-0.0424623522533065,299.9963989,299.9976807,22309.611328125,22329.53515625,56.4601544581214,20.8324306521701,8.512546,0,0,0,40,4449,299.8788,22319.5732421875,,,,,,,,,,,,,0,,,,18.0589504,,,,,,299.9970398,,,,
,15577403.245,299.9968567,22184.9140625,8.02973718675543,0.0016185950611988,1,0.999253354069792,40.0298881530762,1.97702696227926,11.0999997705221,43.4438003695647,7.60399316773443,250,-0.080815916254431,8.02844871994369,-0.0471626024994656,299.9968567,299.9968567,22179.884765625,22189.943359375,56.8548768603329,20.83350318484,9.256284,0,0,0,40,4449,299.87935,22184.9140625,,,,,,,,,,,,,0,,,,18.4233913,,,,,,299.9968567,,,,
,15577403.9,299.99728395,22120.0107421875,8.02192591683311,0.00171294025720557,1,0.999253354069792,40.0298881530762,1.97717618201453,11.0999997705221,43.4057331586894,7.59176199922315,250,-0.0817363840954582,8.02064272161144,-0.0481151357620726,299.9968567,299.9977112,22060.13671875,22179.884765625,56.4062220902944,20.8324823479395,8.512546,0,0,0,40,4449,299.87855,22120.0107421875,,,,,,,,,,,,,0,,,,18.24117085,,,,,,299.99728395,,,,
,15577404.96,299.99757385,22010.17578125,8.01330787890866,0.00161790775496006,1,0.999253354069792,40.0298881530762,1.97717618201453,11.0999997705221,43.3610230927976,7.57324074274706,250,-0.0835685139967913,8.01203395892791,-0.0499822963134744,299.9974365,299.9977112,21960.21484375,22060.13671875,56.2256659023521,20.8324823479395,8.512546,0,0,0,40,4449,299.8779,22010.17578125,,,,,,,,,,,,,0,,,,18.1496143,,,,,,299.99757385,,,,
,15577405.99,299.9971771,21905.310546875,8.00006048097935,0.0032573304486591,1,0.999253354069792,40.0298881530762,1.97635899723398,11.0999997705221,43.307393387483,7.36618162020703,250,-0.118901984880983,7.99893733891935,-0.0853635852252041,299.9969177,299.9974365,21850.40625,21960.21484375,56.2772533846213,20.8258355589875,8.512546,0,0,0,40,4449,299.8784,21905.310546875,,,,,,,,,,,,,0,,,,18.1496143,,,,,,299.9971771,,,,
,15577407.145,299.9969177,21790.486328125,7.97263134616098,0.00283525276688518,1,0.999253354069792,40.0298881530762,1.97643433729324,11.0999997705221,43.234335630433,6.94307181377145,250,-0.19223973770818,7.97182103092273,-0.158800852798042,299.9969177,299.9969177,21730.56640625,21850.40625,55.608961000679,20.8293122705986,8.512546,0,0,0,40,4449,299.8792,21790.486328125,,,,,,,,,,,,,0,,,,18.1496143,,,,,,299.9969177,,,,
,15577408.215,299.99682615,21685.60546875,7.97307582011225,0.00326299763127528,1,0.999253354069792,40.0298881530762,1.97648138563878,11.0999997705221,43.2378710693789,6.94296663846529,250,-0.192372050640832,7.97226595560745,-0.158930721889561,299.9967346,299.9969177,21640.64453125,21730.56640625,56.1404683937559,20.8310894669988,9.256284,0,0,0,40,4449,299.8794,21685.60546875,,,,,,,,,,,,,0,,,,18.2402782,,,,,,299.99682615,,,,
,15577409.215,299.9963379,21585.7294921875,7.96486179926425,0.00337205490420148,1,0.999253354069792,40.0298881530762,1.97633268503594,11.0999997705221,43.19078286476,6.93192975801331,250,-0.192799777655273,7.9640554834672,-0.159392072335605,299.9959412,299.9967346,21530.814453125,21640.64453125,55.5847305165828,20.8284570603477,8.884414,0,0,0,40,4449,299.87825,21585.7294921875,,,,,,,,,,,,,0,,,,18.1496143,,,,,,299.9963379,,,,
,15577410.24,299.99583435,21480.91015625,7.94924271977861,0.00386804781157496,1,0.999253354069792,40.0298881530762,1.97645501220295,11.0900001600385,43.1185075045588,6.86580250755589,250,-0.202230442943433,7.94847917977824,-0.168885614368145,299.9957275,299.9959412,21431.005859375,21530.814453125,55.8942554101982,20.8302267563561,9.256284,0,0,0,40,4449,299.8777,21480.91015625,,,,,,,,,,,,,0,,,,18.0589504,,,,,,299.99583435,,,,
,15577411.35,299.99635315,21371.1689453125,7.94488078877117,0.00539321013527364,1,0.999253354069792,40.0298881530762,1.97671908552194,11.0999997705221,43.0920306706692,6.90840677575061,250,-0.193697239478371,7.94408220455247,-0.160372056156729,299.9957275,299.9969788,21311.33203125,21431.005859375,56.9353845978137,20.8279375152813,8.512546,0,0,0,40,4449,299.8796,21371.1689453125,,,,,,,,,,,,,0,,,,18.24117085,,,,,,299.99635315,,,,
,15577412.46,299.99661255,21261.380859375,7.94287624220786,0.00505325488038239,1,0.999253354069792,40.0298881530762,1.97650319296104,11.1100003123283,43.0645836367377,6.97055917262187,250,-0.181677645245051,7.94202759297106,-0.148362782141752,299.9962463,299.9969788,21211.4296875,21311.33203125,56.1295255944867,20.830749110207,9.256284,0,0,0,40,4449,299.8803,21261.380859375,,,,,,,,,,,,,0,,,,18.24117085,,,,,,299.99661255,,,,
,15577413.495,299.99607845,21156.515625,7.93655677181121,0.00668281422077985,1,0.999253354069792,40.0298881530762,1.97655807920297,11.0900001600385,43.0324644328084,6.95993239377739,250,-0.182509132217311,7.93571304434803,-0.149220594303807,299.9959106,299.9962463,21101.6015625,21211.4296875,56.7743691228522,20.8284005155374,9.256284,0,0,0,40,4449,299.8848,21156.515625,,,,,,,,,,,,,0,,,,18.0589504,,,,,,299.99607845,,,,
,15577414.495,299.9962463,21056.64453125,7.92263913432091,0.00575780626746125,1,0.999253354069792,40.0298881530762,1.97645659089224,11.1100003123283,42.9662795781459,6.88574026125102,250,-0.193606352667694,7.92184467078164,-0.160373858380169,299.9959106,299.996582,21011.6875,21101.6015625,55.4667046101789,20.8233488890004,8.884414,0,0,0,40,4449,299.88885,21056.64453125,,,,,,,,,,,,,0,,,,18.0589504,,,,,,299.9962463,,,,
,15577415.61,299.99565125,20946.6943359375,7.91815267742363,0.00453930567236234,1,0.999253354069792,40.0298881530762,1.97635539724354,11.0900001600385,42.9542687201668,6.80349046303681,250,-0.207947056090724,7.91741933808873,-0.174729867345379,299.9947205,299.996582,20881.701171875,21011.6875,56.7360693254098,20.8327047489967,8.512546,0,0,0,40,4449,299.88895,20946.6943359375,,,,,,,,,,,,,0,,,,18.0589504,,,,,,299.99565125,,,,
,15577416.705,299.99510195,20836.7509765625,7.91433429121735,0.00584278878704218,1,0.999253354069792,40.0298881530762,1.97627952838327,11.0900001600385,42.9375676990449,6.76964594837073,250,-0.213461884212208,7.91362495423669,-0.180259044120167,299.9947205,299.9954834,20791.80078125,20881.701171875,56.0943523111213,20.8339891683037,8.512546,0,0,0,40,4449,299.88945,20836.7509765625,,,,,,,,,,,,,0,,,,18.24117085,,,,,,299.99510195,,,,
,15577417.61,299.9954834,20746.8984375,7.89878144665437,0.00696526674437894,1,0.999253354069792,40.0298881530762,1.97627685043984,11.0999997705221,42.8412361901563,6.82048589302524,250,-0.201159250939888,7.89802355495259,-0.168023372735235,299.9954834,299.9954834,20701.99609375,20791.80078125,56.1990905326983,20.8260000822576,8.884414,0,0,0,40,4449,299.8879,20746.8984375,,,,,,,,,,,,,0,,,,18.4233913,,,,,,299.9954834,,,,
,15577418.7,299.9948578,20637.1181640625,7.90372231228219,0.00756981408525108,1,0.999253354069792,40.0298881530762,1.97647570262763,11.0999997705221,42.8744029145369,6.81377230166936,250,-0.203443699736023,7.90297311995035,-0.170285912300017,299.9942322,299.9954834,20572.240234375,20701.99609375,56.1646988778521,20.8290335351238,9.256284,0,0,0,40,4449,299.88675,20637.1181640625,,,,,,,,,,,,,0,,,,18.24117085,,,,,,299.9948578,,,,
,15577419.82,299.99487305,20527.34375,7.88771991786652,0.00931775933651185,1,0.999253354069792,40.0298881530762,1.97642317826795,11.0999997705221,42.7868167445023,6.7980226008089,250,-0.203361771444214,7.88697357215271,-0.170270369402146,299.9942322,299.9955139,20482.447265625,20572.240234375,56.0654320559098,20.8271595569233,9.256284,0,0,0,40,4449,299.8861,20527.34375,,,,,,,,,,,,,0,,,,18.0589504,,,,,,299.99487305,,,,
,15577420.765,299.9955139,20432.5166015625,7.89129143492489,0.00641221195480419,1,0.999253354069792,40.0298881530762,1.97658217266506,11.0999997705221,42.7931523896309,6.89005867720986,250,-0.187076892298452,7.89047589491455,-0.153973150463486,299.9955139,299.9955139,20382.5859375,20482.447265625,55.8590821268328,20.8258629326692,8.512546,0,0,0,40,4449,299.8849,20432.5166015625,,,,,,,,,,,,,0,,,,18.0589504,,,,,,299.9955139,,,,
,15577421.91,299.99519345,20312.7060546875,7.86823312339884,0.00841782264806166,1,0.999253354069792,40.0298881530762,1.97665643696444,11.1100003123283,42.6783089365299,6.82361529201729,250,-0.195154587812147,7.86745615895684,-0.162145304692924,299.994873,299.9955139,20242.826171875,20382.5859375,55.5112574357751,20.8227649615915,9.256284,0,0,0,40,4449,299.88585,20312.7060546875,,,,,,,,,,,,,0,,,,18.24117085,,,,,,299.99519345,,,,
,15577423.03,299.994873,20202.8779296875,7.864131839951,0.00764003042281021,1,0.999253354069792,40.0298881530762,1.97670500206556,11.0900001600385,42.660893325654,6.79968714470661,250,-0.198856588238018,7.86337127130759,-0.165863175213181,299.994873,299.994873,20162.9296875,20242.826171875,56.3976241765829,20.8208673341831,9.256284,0,0,0,40,4449,299.88605,20202.8779296875,,,,,,,,,,,,,0,,,,18.24117085,,,,,,299.994873,,,,
,15577424.04,299.99557495,20102.994140625,7.86378716011987,0.00705727742102711,1,0.999253354069792,40.0298881530762,1.97680639531369,11.0999997705221,42.6486251359852,6.86731215170116,250,-0.186332718261435,7.86297391102285,-0.153342354955476,299.994873,299.9962769,20043.05859375,20162.9296875,55.7598153048905,20.8245608919369,8.884414,0,0,0,40,4449,299.88305,20102.994140625,,,,,,,,,,,,,0,,,,18.24117085,,,,,,299.99557495,,,,
,15577425.125,299.9958954,19993.0810546875,7.85741479020054,0.00758872186071119,1,0.999253354069792,40.0298881530762,1.9766613435774,11.0900001600385,42.6418036808977,6.69520566960292,250,-0.216936423592547,7.8567309333821,-0.183965848524184,299.9955139,299.9962769,19943.103515625,20043.05859375,56.6657227586791,20.8296408306838,8.884414,0,0,0,40,4449,299.88215,19993.0810546875,,,,,,,,,,,,,0,,,,18.4233913,,,,,,299.9958954,,,,
,15577426.08,299.9955139,19898.140625,7.8441957134264,0.00660541233681934,1,0.999253354069792,40.0298881530762,1.9767406617326,11.0900001600385,42.5424801667461,6.84195605533576,250,-0.187355968163146,7.84339065092987,-0.154446257690718,299.9955139,299.9955139,19853.177734375,19943.103515625,56.1201460522559,20.8224187422537,8.512546,0,0,0,40,4449,299.882,19898.140625,,,,,,,,,,,,,0,,,,18.4233913,,,,,,299.9955139,,,,
,15577427.15,299.995636,19792.99609375,7.83621339464249,0.00809496170166917,1,0.999253354069792,40.0298881530762,1.97697438326552,11.0999997705221,42.521184217957,6.74359077557115,250,-0.204238099684812,7.83548060317963,-0.171357600286602,299.9955139,299.9957581,19732.814453125,19853.177734375,56.7673344661791,20.8210827652514,9.256284,0,0,0,40,4449,299.88005,19792.99609375,,,,,,,,,,,,,0,,,,18.4233913,,,,,,299.995636,,,,
,15577428.4,299.99531555,19667.8447265625,7.82451930826182,0.00889486445676527,1,0.999253354069792,40.0298881530762,1.97684507583069,11.0999997705221,42.4510444604873,6.75454085624066,250,-0.199963040338419,7.82377100445453,-0.167131572167947,299.994873,299.9957581,19602.875,19732.814453125,55.7582520478521,20.8223767695885,8.512546,0,0,0,40,4449,299.8787,19667.8447265625,,,,,,,,,,,,,0,,,,18.4233913,,,,,,299.99531555,,,,
,15577429.5,299.99537655,19557.9755859375,7.81242949467637,0.00865170840258095,1,0.999253354069792,40.0298881530762,1.97673232237711,11.0900001600385,42.3971935861855,6.66768876501096,250,-0.213737562358895,7.81174130481937,-0.180953310247691,299.994873,299.9958801,19513.076171875,19602.875,56.6133536478906,20.823270352518,9.256284,0,0,0,40,4449,299.87815,19557.9755859375,,,,,,,,,,,,,0,,,,18.24117085,,,,,,299.99537655,,,,
,15577430.56,299.99549865,19453.080078125,7.8096240195144,0.00910822497735509,1,0.999253354069792,40.0298881530762,1.97670184999126,11.0999997705221,42.3905229541169,6.61562072856848,250,-0.222842575233934,7.80897448531817,-0.190067707517102,299.9951172,299.9958801,19393.083984375,19513.076171875,55.9083247235444,20.8257301231373,9.256284,0,0,0,40,4449,299.8784,19453.080078125,,,,,,,,,,,,,0,,,,18.24117085,,,,,,299.99549865,,,,
,15577431.695,299.9950867,19338.16015625,7.8006075826878,0.0102642165365324,1,0.999253354069792,40.0298881530762,1.97682238306533,11.0900001600385,42.3287370857616,6.69123371985204,250,-0.207241056976244,7.79989457211116,-0.174506603266711,299.9950562,299.9951172,19283.236328125,19393.083984375,56.7634263235829,20.8212499406841,9.256284,0,0,0,40,4449,299.87895,19338.16015625,,,,,,,,,,,,,0,,,,18.33183475,,,,,,299.9950867,,,,
,15577432.735,299.9949646,19233.3017578125,7.79086006835848,0.0104121384349325,1,0.999253354069792,40.0298881530762,1.97672591598935,11.0999997705221,42.2750825478043,6.67580627733389,250,-0.208232445509941,7.79015318236824,-0.175538049234998,299.994873,299.9950562,19183.3671875,19283.236328125,55.608961000679,20.8187089894954,9.256284,0,0,0,40,4449,299.87865,19233.3017578125,,,,,,,,,,,,,0,,,,18.33183475,,,,,,299.9949646,,,,
,15577433.765,299.9949951,19128.390625,7.78662010448217,0.00923347241452341,1,0.999253354069792,40.0298881530762,1.97675780204055,11.1100003123283,42.2561212959487,6.65404285092235,250,-0.211496965657761,7.78592770404636,-0.178818999868162,299.994873,299.9951172,19073.4140625,19183.3671875,55.8645535264675,20.8229377178123,9.256284,0,0,0,40,4449,299.8777,19128.390625,,,,,,,,,,,,,0,,,,18.24117085,,,,,,299.9949951,,,,
,15577434.875,299.9944458,19018.5361328125,7.77238322408686,0.00877127198672883,1,0.999253354069792,40.0298881530762,1.97675850084116,11.0999997705221,42.165056218058,6.71641184512849,250,-0.197307327241416,7.77163435964231,-0.164691396082497,299.9937744,299.9951172,18963.658203125,19073.4140625,55.7527806482174,20.8168860265561,8.884414,0,0,0,40,4449,299.8782,19018.5361328125,,,,,,,,,,,,,0,,,,18.0589504,,,,,,299.9944458,,,,
,15577435.96,299.99386595,18913.783203125,7.75825154632295,0.0106495707838436,1,0.999253354069792,40.0298881530762,1.9768967798119,11.0999997705221,42.1114746163586,6.59566538216304,250,-0.217133106741796,7.75758877173652,-0.184571870281497,299.9937744,299.9939575,18863.908203125,18963.658203125,56.6774471864675,20.8230026619872,9.256284,0,0,0,40,4449,299.87845,18913.783203125,,,,,,,,,,,,,0,,,,18.0589504,,,,,,299.99386595,,,,
,15577437.075,299.9941406,18804.0439453125,7.77384977366008,0.00968676625213722,1,0.999253354069792,40.0298881530762,1.97726901036559,11.1100003123283,42.1981329790231,6.64119208805736,250,-0.211820877659573,7.77316144954555,-0.179194716609715,299.9939575,299.9943237,18744.1796875,18863.908203125,56.5742722219291,20.8261367205505,9.256284,0,0,0,40,4449,299.8781,18804.0439453125,,,,,,,,,,,,,0,,,,18.0589504,,,,,,299.9941406,,,,
,15577438.225,299.9945221,18689.2578125,7.73774014698811,0.00834031016104665,1,0.999253354069792,40.0298881530762,1.97720509695634,11.0900001600385,42.0410256709108,6.39318032471689,250,-0.251008656025508,7.73722325347346,-0.218525384653656,299.9943237,299.9947205,18634.3359375,18744.1796875,56.4054404617752,20.8224431006536,9.256284,0,0,0,40,4449,299.8788,18689.2578125,,,,,,,,,,,,,0,,,,18.24117085,,,,,,299.9945221,,,,
,15577439.365,299.99424745,18574.40234375,7.75624325628473,0.0114480305405528,1,0.999253354069792,40.0298881530762,1.97730156770149,11.1100003123283,42.1139713366936,6.5683649394809,250,-0.222060999887824,7.75560131734534,-0.189505468993624,299.9937744,299.9947205,18514.46875,18634.3359375,55.6683647681405,20.8230688963012,8.884414,0,0,0,40,4449,299.879,18574.40234375,,,,,,,,,,,,,0,,,,18.4233913,,,,,,299.99424745,,,,
,15577440.505,299.99316405,18459.4931640625,7.74193313527367,0.0127064863929837,1,0.999253354069792,40.0298881530762,1.97755584373518,11.0900001600385,42.1010359913213,6.23624014813303,250,-0.281046057872489,7.74154160826718,-0.248537957076683,299.9925537,299.9937744,18404.517578125,18514.46875,56.0240057443905,20.8264177090491,9.256284,0,0,0,40,4449,299.879,18459.4931640625,,,,,,,,,,,,,0,,,,18.24117085,,,,,,299.99316405,,,,
,15577441.64,299.9929657,18344.62109375,7.73243019863542,0.0130819336097364,1,0.999253354069792,40.0298881530762,1.9771953130454,11.0999997705221,42.0090231059296,6.40467943627062,250,-0.247890911952371,7.73190164805928,-0.215428851327856,299.9925537,299.9933777,18284.724609375,18404.517578125,56.364014150256,20.8279747243855,8.884414,0,0,0,40,4449,299.87965,18344.62109375,,,,,,,,,,,,,0,,,,18.24117085,,,,,,299.9929657,,,,
,15577442.765,299.99313355,18229.80078125,7.72549965556694,0.00957086460498738,1,0.999253354069792,40.0298881530762,1.97754450677538,11.1100003123283,42.0060464257947,6.25202662298973,250,-0.275071058487124,7.7250863531197,-0.242631894151225,299.9928894,299.9933777,18174.876953125,18284.724609375,55.7144808507751,20.828079917576,8.512546,0,0,0,40,4449,299.8793,18229.80078125,,,,,,,,,,,,,0,,,,18.4233913,,,,,,299.99313355,,,,
,15577443.96,299.9934387,18110.01953125,7.72545406787151,0.0122931242054144,1,0.999253354069792,40.0298881530762,1.97746546477738,11.1100003123283,41.9819610941426,6.37146549509704,250,-0.252905856909657,7.72494772731265,-0.220470605453257,299.9928894,299.993988,18045.162109375,18174.876953125,55.5902019162174,20.8265380053906,8.884414,0,0,0,40,4449,299.87815,18110.01953125,,,,,,,,,,,,,0,,,,18.24117085,,,,,,299.9934387,,,,
,15577445.225,299.9934845,17985.271484375,7.70016017918288,0.0132361760917089,1,0.999253354069792,40.0298881530762,1.97761443449588,11.0999997705221,41.852724394786,6.32334221953306,250,-0.257211745835137,7.69967696191839,-0.22488098466092,299.992981,299.993988,17925.380859375,18045.162109375,55.351805217852,20.8267419803008,8.512546,0,0,0,40,4449,299.878,17985.271484375,,,,,,,,,,,,,0,,,,18.0589504,,,,,,299.9934845,,,,
,15577446.43,299.9932251,17865.4375,7.67875852725284,0.0126201214053452,1,0.999253354069792,40.0298881530762,1.97757390486487,11.0900001600385,41.7724773271892,6.10657618219861,250,-0.293349475663408,7.6784311756587,-0.261100511200255,299.992981,299.9934692,17805.494140625,17925.380859375,56.6985511564868,20.8173096505218,8.512546,0,0,0,40,4449,299.8782,17865.4375,,,,,,,,,,,,,0,,,,18.0589504,,,,,,299.9932251,,,,
,15577447.565,299.9932098,17750.53125,7.67100117668862,0.0135841962144918,1,0.999253354069792,40.0298881530762,1.97762369927189,11.119999922812,41.6970112686718,6.28548849837783,250,-0.258818773534572,7.67053062592472,-0.226608961992431,299.9929504,299.9934692,17695.568359375,17805.494140625,55.1110636339289,20.8216477731073,8.884414,0,0,0,40,4449,299.87995,17750.53125,,,,,,,,,,,,,0,,,,18.24117085,,,,,,299.9932098,,,,
,15577448.71,299.99356075,17635.6982421875,7.69264502194271,0.0107442865049224,1,0.999253354069792,40.0298881530762,1.97779977032018,11.0999997705221,41.874005441309,6.00330046393934,250,-0.315167872108052,7.69240618111619,-0.282855529631922,299.9929504,299.9941711,17575.828125,17695.568359375,56.9244417985445,20.8226730206278,9.256284,0,0,0,40,4449,299.8817,17635.6982421875,,,,,,,,,,,,,0,,,,18.33183475,,,,,,299.99356075,,,,
,15577449.78,299.99386595,17530.87109375,7.683630633966,0.0114612732933647,1,0.999253354069792,40.0298881530762,1.97810845963396,11.0999997705221,41.8140380173305,6.09029244245099,250,-0.297565976022716,7.68331970768712,-0.265294336180502,299.9935608,299.9941711,17485.9140625,17575.828125,55.8973819242751,20.8270857833429,9.256284,0,0,0,40,4449,299.8808,17530.87109375,,,,,,,,,,,,,0,,,,18.33183475,,,,,,299.99386595,,,,
,15577450.76,299.9931183,17436,7.67289378332867,0.0115493210362245,1,0.999253354069792,40.0298881530762,1.97773864502107,11.0999997705221,41.7643045111164,5.99271413087909,250,-0.313432861473783,7.67265173174627,-0.28120245951741,299.9926758,299.9935608,17386.0859375,17485.9140625,55.6918136237174,20.8264299058201,8.512546,0,0,0,40,4449,299.8802,17436,,,,,,,,,,,,,0,,,,18.33183475,,,,,,299.9931183,,,,
,15577452.7,299.9935913,17241.41796875,7.65561462707841,0.00796345218117641,1,0.999253354069792,40.0298881530762,1.97840723138174,11.0999997705221,41.7195159752915,5.78961107510945,250,-0.348179493301446,7.65552156982826,-0.316013630084592,299.9935913,299.9935913,17236.47265625,17246.36328125,56.1998721612175,20.8347020485207,8.512546,0,0,0,40,4449,299.88135,17241.41796875,,,,,,,,,,,,,0,,,,18.4233913,,,,,,299.9935913,,,,
,15577453.355,299.9923248,17176.474609375,7.65910646808683,0.00723149626011134,1,0.999253354069792,40.0298881530762,1.97860723578922,11.0999997705221,41.7590780394078,5.70429463341231,250,-0.364719098022837,7.65908238890488,-0.332535020347829,299.9910583,299.9935913,17116.4765625,17236.47265625,55.8168741867944,20.8361195108937,8.512546,0,0,0,40,4449,299.8821,17176.474609375,,,,,,,,,,,,,0,,,,18.4233913,,,,,,299.9923248,,,,
,15577454.43,299.9910583,17066.599609375,7.65065801566095,0.00778282133687611,1,0.999253354069792,40.0298881530762,1.9784759154872,11.0999997705221,41.7049679713605,5.72647925693573,250,-0.358979545230573,7.65061192400633,-0.326831658743194,299.9910583,299.9910583,17016.72265625,17116.4765625,55.0813617501981,20.833969107625,9.256284,0,0,0,40,4449,299.8833,17066.599609375,,,,,,,,,,,,,0,,,,18.4233913,,,,,,299.9910583,,,,
,15577455.435,299.99156185,16966.7197265625,7.62164889695716,0.00851047121951012,1,0.999253354069792,40.0298881530762,1.97870691071717,11.0999997705221,41.566474707664,5.62500916418888,250,-0.372495763668145,7.62166519285632,-0.340466364098325,299.9910583,299.9920654,16916.716796875,17016.72265625,55.8246904719867,20.8311449354681,8.512546,0,0,0,40,4449,299.88425,16966.7197265625,,,,,,,,,,,,,0,,,,18.24117085,,,,,,299.99156185,,,,
,15577456.485,299.9920044,16861.8076171875,7.61490697115232,0.00815015631717284,1,0.999253354069792,40.0298881530762,1.9784752070103,11.0999997705221,41.5369913281969,5.55451497257793,250,-0.384171844218194,7.6149734323219,-0.352167698691114,299.9919434,299.9920654,16806.8984375,16916.716796875,56.3687039213713,20.8329445111752,9.256284,0,0,0,40,4449,299.8834,16861.8076171875,,,,,,,,,,,,,0,,,,18.24117085,,,,,,299.9920044,,,,
,15577457.535,299.9913483,16756.9541015625,7.60980953112747,0.00692679631968229,1,0.999253354069792,40.0298881530762,1.97858605056537,11.0999997705221,41.5086362329638,5.56630510904741,250,-0.381101930446417,7.60986430817556,-0.34911912518975,299.9907532,299.9919434,16707.009765625,16806.8984375,56.0068099169675,20.8324692043065,8.512546,0,0,0,40,4449,299.88235,16756.9541015625,,,,,,,,,,,,,0,,,,18.4233913,,,,,,299.9913483,,,,
,15577458.68,299.9909668,16642.1337890625,7.60283065348521,0.00710899959388461,1,0.999253354069792,40.0298881530762,1.97867975556834,11.0999997705221,41.4905382334426,5.46409814453388,250,-0.398766641302856,7.60296099841602,-0.366809142812991,299.9907532,299.9911804,16577.2578125,16707.009765625,55.4964064939097,20.833970373519,9.256284,0,0,0,40,4449,299.88395,16642.1337890625,,,,,,,,,,,,,0,,,,18.4233913,,,,,,299.9909668,,,,
,15577459.725,299.9911804,16537.2939453125,7.59731191485456,0.00557538213690372,1,0.999253354069792,40.0298881530762,1.97874592546824,11.0999997705221,41.4746916788116,5.39064002212874,250,-0.411367913814288,7.59749613126744,-0.379430493638344,299.9911804,299.9911804,16497.330078125,16577.2578125,55.0031988982751,20.8401884090654,8.512546,0,0,0,40,4449,299.88415,16537.2939453125,,,,,,,,,,,,,0,,,,18.33183475,,,,,,299.9911804,,,,
,15577460.685,299.9902496,16442.0244140625,7.59235122943958,0.00743070546979988,1,0.999253354069792,40.0298881530762,1.97849752118413,11.0999997705221,41.4270233315033,5.47012393658442,250,-0.395618635471945,7.59247065734276,-0.363704742199867,299.9893188,299.9911804,16386.71875,16497.330078125,55.6949401377944,20.8340117308603,9.256284,0,0,0,40,4449,299.88415,16442.0244140625,,,,,,,,,,,,,0,,,,18.33183475,,,,,,299.9902496,,,,
,15577462.65,299.991272,16246.7880859375,7.57804638707348,0.00845218292235098,1,0.999253354069792,40.0298881530762,1.97845114328199,11.0999997705221,41.352282670293,5.43671990957876,250,-0.399125164409947,7.57818309049242,-0.367269585558715,299.991272,299.991272,16236.8037109375,16256.7724609375,55.537832805429,20.835219127694,8.512546,0,0,0,40,4449,299.88445,16246.7880859375,,,,,,,,,,,,,0,,,,18.0589504,,,,,,299.991272,,,,
,15577463.36,299.9909668,16176.8413085938,7.57053035834205,0.00658565438910837,1,0.999253354069792,40.0298881530762,1.97859670881267,11.1100003123283,41.3202250638806,5.39940781213205,250,-0.404708055715764,7.57069206228322,-0.37288245148743,299.9906616,299.991272,16116.87890625,16236.8037109375,56.0497994855252,20.8395302505786,9.256284,0,0,0,40,4449,299.88395,16176.8413085938,,,,,,,,,,,,,0,,,,18.0589504,,,,,,299.9909668,,,,
,15577464.525,299.9906311,16061.9155273438,7.55843426580683,0.0058985657413613,1,0.999253354069792,40.0298881530762,1.97874322346186,11.0999997705221,41.2626577990864,5.36165210013385,250,-0.409523184154625,7.55861869048047,-0.377746956429227,299.9906006,299.9906616,16006.9521484375,16116.87890625,55.7230787644867,20.8317826591201,8.512546,0,0,0,40,4449,299.88555,16061.9155273438,,,,,,,,,,,,,0,,,,18.0589504,,,,,,299.9906311,,,,
,15577465.665,299.99053955,15947.0419921875,7.5709141307804,0.00829488744961343,1,0.999253354069792,40.0298881530762,1.97889760575456,11.0999997705221,41.3358104548029,5.36078701691789,250,-0.412073279997967,7.57110672303563,-0.380243735975537,299.9904785,299.9906006,15887.1318359375,16006.9521484375,55.6136507717943,20.8434396267207,9.256284,0,0,0,40,4449,299.88635,15947.0419921875,,,,,,,,,,,,,0,,,,18.24117085,,,,,,299.99053955,,,,
,15577466.79,299.99028015,15832.1962890625,7.56796822072881,0.00687287102885058,1,0.999253354069792,40.0298881530762,1.97890111039801,11.1100003123283,41.323542854866,5.3385144774209,250,-0.41564970339217,7.5681764610903,-0.383831357984001,299.9900818,299.9904785,15777.2607421875,15887.1318359375,56.1514111930252,20.8408250067454,8.884414,0,0,0,40,4449,299.88745,15832.1962890625,,,,,,,,,,,,,0,,,,18.24117085,,,,,,299.99028015,,,,
,15577467.83,299.9909668,15727.36328125,7.56337866725415,0.00670481771211458,1,0.999253354069792,40.0298881530762,1.97890111039801,11.1100003123283,41.3044885708302,5.30287971938927,250,-0.421391574754879,7.56361171002959,-0.389590968587264,299.9900818,299.9918518,15677.4658203125,15777.2607421875,55.290838193352,20.8408250067454,8.512546,0,0,0,40,4449,299.88895,15727.36328125,,,,,,,,,,,,,0,,,,18.24117085,,,,,,299.9909668,,,,
,15577468.885,299.99086,15622.4936523438,7.55877690130935,0.00881693910411154,1,0.999253354069792,40.0298881530762,1.97882282194068,11.0999997705221,41.2746896214739,5.31603397872504,250,-0.418067081406483,7.55899695243854,-0.386286104045106,299.9898682,299.9918518,15567.521484375,15677.4658203125,55.7324583067174,20.8364804628728,9.256284,0,0,0,40,4449,299.89035,15622.4936523438,,,,,,,,,,,,,0,,,,18.4233913,,,,,,299.99086,,,,
,15577470.015,299.98944095,15512.7119140625,7.55444778467116,0.0108921100638867,1,0.999253354069792,40.0298881530762,1.97861177018705,11.0999997705221,41.2440866120003,5.32685965821758,250,-0.415159661030125,7.55465688883803,-0.383396766099115,299.9890137,299.9898682,15457.90234375,15567.521484375,55.3080340207751,20.8461865460186,8.512546,0,0,0,40,4449,299.88925,15512.7119140625,,,,,,,,,,,,,0,,,,18.24117085,,,,,,299.98944095,,,,
,15577471.07,299.98994445,15407.9077148438,7.54785668885895,0.00741451298186806,1,0.999253354069792,40.0298881530762,1.97880819522558,11.0999997705221,41.2124609284557,5.32073508934464,250,-0.415166571078543,7.5480669959285,-0.383430771101084,299.9890137,299.9908752,15357.9130859375,15457.90234375,55.7527806482174,20.8425379739827,9.256284,0,0,0,40,4449,299.8891,15407.9077148438,,,,,,,,,,,,,0,,,,18.0589504,,,,,,299.98994445,,,,
,15577472.11,299.99101255,15302.9858398438,7.54003530717517,0.0073349246211182,1,0.999253354069792,40.0298881530762,1.97917910788488,11.0999997705221,41.190039010809,5.24738681523055,250,-0.427464544070053,7.54029845623137,-0.395758579659999,299.9908752,299.9911499,15248.05859375,15357.9130859375,55.8411046708905,20.8460569250001,8.512546,0,0,0,40,4449,299.8896,15302.9858398438,,,,,,,,,,,,,0,,,,18.24117085,,,,,,299.99101255,,,,
,15577473.115,299.9909668,15203.1284179687,7.53053170136373,0.00641852996461507,1,0.999253354069792,40.0298881530762,1.97891652650185,11.0999997705221,41.1257250573044,5.27824185132182,250,-0.41986896230572,7.53076491617551,-0.388203846499722,299.9907837,299.9911499,15158.1982421875,15248.05859375,56.6844818431406,20.8421138766636,8.512546,0,0,0,40,4449,299.88915,15203.1284179687,,,,,,,,,,,,,0,,,,18.4233913,,,,,,299.9909668,,,,
,15577474.07,299.99014285,15108.2163085938,7.53846826705593,0.0086540555178054,1,0.999253354069792,40.0298881530762,1.97903951037882,11.1100003123283,41.1841144299497,5.216445606271,250,-0.432832926657008,7.5387544151914,-0.401130611500043,299.989502,299.9907837,15058.234375,15158.1982421875,55.6777443103713,20.8456459686076,9.256284,0,0,0,40,4449,299.8825,15108.2163085938,,,,,,,,,,,,,0,,,,18.24117085,,,,,,299.99014285,,,,
,15577475.21,299.98965455,14993.3217773438,7.53578615070963,0.00786714332216076,1,0.999253354069792,40.0298881530762,1.97902295247953,11.0999997705221,41.1949323532953,5.07537427223443,250,-0.458426573204149,7.53618025495461,-0.426728738120348,299.989502,299.9898071,14928.4091796875,15058.234375,56.4296709458714,20.8471026063887,8.884414,0,0,0,40,4449,299.87435,14993.3217773438,,,,,,,,,,,,,0,,,,18.24117085,,,,,,299.98965455,,,,
,15577476.365,299.98963925,14873.6611328125,7.5289624450274,0.00891441818542181,1,0.999253354069792,40.0298881530762,1.97885130826464,11.0999997705221,41.1513953708464,5.0851946114139,250,-0.455265523062307,7.52934466053753,-0.42359640673024,299.9894714,299.9898071,14818.9130859375,14928.4091796875,55.5386144339482,20.8520330227747,9.256284,0,0,0,40,4449,299.8747,14873.6611328125,,,,,,,,,,,,,0,,,,18.4233913,,,,,,299.98963925,,,,
,15577477.455,299.98931885,14763.9194335938,7.52130469832319,0.00671008018030501,1,0.999253354069792,40.0298881530762,1.97891737619909,11.0999997705221,41.0989548237525,5.14449615736656,250,-0.442905492952448,7.52163670836651,-0.411270764494341,299.9891663,299.9894714,14708.92578125,14818.9130859375,56.015407830679,20.8462427313684,8.884414,0,0,0,40,4449,299.87705,14763.9194335938,,,,,,,,,,,,,0,,,,18.24117085,,,,,,299.98931885,,,,
,15577478.62,299.98907475,14649.0546875,7.54531691947583,0.0100883185445244,1,0.999253354069792,40.0298881530762,1.97867654412951,11.0999997705221,41.2752430726467,4.89081401407418,250,-0.494182999247784,7.54585917461398,-0.462436723252667,299.9889832,299.9891663,14589.18359375,14708.92578125,55.9817978043521,20.8493950617063,8.512546,0,0,0,40,4449,299.878,14649.0546875,,,,,,,,,,,,,0,,,,18.24117085,,,,,,299.98907475,,,,
,15577479.76,299.989502,14534.2045898438,7.53236915627927,0.0104331584595526,1,0.999253354069792,40.0298881530762,1.97870910357109,11.0999997705221,41.1849107727108,4.99124664290192,250,-0.473214814016259,7.53282596127749,-0.441526667290119,299.9889832,299.9900208,14479.2255859375,14589.18359375,55.4151171279097,20.852345588087,8.512546,0,0,0,40,4449,299.8791,14534.2045898438,,,,,,,,,,,,,0,,,,18.24117085,,,,,,299.989502,,,,
,15577480.815,299.9903107,14429.2700195313,7.52884021350705,0.0104289707619404,1,0.999253354069792,40.0298881530762,1.97870910357109,11.1100003123283,41.1626228805459,5.00504022711715,250,-0.47000856572762,7.52928405331167,-0.438335597993085,299.9900208,299.9906006,14379.314453125,14479.2255859375,56.157664221179,20.852345588087,9.256284,0,0,0,40,4449,299.8811,14429.2700195313,,,,,,,,,,,,,0,,,,18.0589504,,,,,,299.9903107,,,,
,15577481.955,299.99002075,14319.4467773437,7.5358828806699,0.0106749629059105,1,0.999253354069792,40.0298881530762,1.97849594176723,11.0999997705221,41.2022867740224,4.97959699054476,250,-0.475925524200603,7.53635017861405,-0.444221508297169,299.9894409,299.9906006,14259.5791015625,14379.314453125,55.8715881831405,20.854013535893,8.512546,0,0,0,40,4449,299.88285,14319.4467773437,,,,,,,,,,,,,0,,,,18.0589504,,,,,,299.99002075,,,,
,15577483.14,299.9895935,14199.576171875,7.5578764145232,0.0117794436064768,1,0.999253354069792,40.0298881530762,1.97869768679467,11.0999997705221,41.3297181364782,4.97806237576669,250,-0.480379696441332,7.55835803876264,-0.448582155549099,299.9894409,299.9897461,14139.5732421875,14259.5791015625,55.4651413531405,20.8533395589907,9.256284,0,0,0,40,4449,299.88445,14199.576171875,,,,,,,,,,,,,0,,,,18.24117085,,,,,,299.9895935,,,,
,15577484.29,299.98986815,14084.6772460938,7.5656605590391,0.00948593855578955,1,0.999253354069792,40.0298881530762,1.9786714904098,11.0999997705221,41.4092430798945,4.78092921974091,250,-0.518286045966234,7.56629951269783,-0.486447955044146,299.9897461,299.9899902,14029.78125,14139.5732421875,55.7926437026982,20.8488653321797,9.256284,0,0,0,40,4449,299.88725,14084.6772460938,,,,,,,,,,,,,0,,,,18.24117085,,,,,,299.98986815,,,,
,15577485.52,299.9897461,13964.9233398438,7.55601254486112,0.0130130192462954,1,0.999253354069792,40.0298881530762,1.97870679877473,11.1100003123283,41.3232907239981,4.9575515488327,250,-0.483833839061942,7.55650897051384,-0.452042745883704,299.989502,299.9899902,13900.0654296875,14029.78125,55.7051013085443,20.8507642212594,9.256284,0,0,0,40,4449,299.8882,13964.9233398438,,,,,,,,,,,,,0,,,,18.0589504,,,,,,299.9897461,,,,
,15577486.675,299.9894867,13850.18359375,7.58287255494146,0.0163569579524743,1,0.999253354069792,40.0298881530762,1.97859521388542,11.0999997705221,41.4678740158479,4.97506992810337,250,-0.485523017557168,7.58337067174703,-0.453618405096496,299.9894714,299.989502,13800.3017578125,13900.0654296875,55.8317251286598,20.8452184797535,9.256284,0,0,0,40,4449,299.8885,13850.18359375,,,,,,,,,,,,,0,,,,18.0589504,,,,,,299.9894867,,,,
,15577487.73,299.98930355,13745.4072265625,7.55982039422787,0.0113605904039847,1,0.999253354069792,40.0298881530762,1.9786831820297,11.0999997705221,41.3428170679531,4.96440211515495,250,-0.483262594951506,7.56031374604943,-0.451454786488308,299.9891357,299.9894714,13690.5126953125,13800.3017578125,54.7749633706596,20.8474749921827,8.884414,0,0,0,40,4449,299.88975,13745.4072265625,,,,,,,,,,,,,0,,,,18.1496143,,,,,,299.98930355,,,,
,15577488.84,299.9898834,13630.5161132812,7.58096742485843,0.0157322944377378,1,0.999253354069792,40.0298881530762,1.97824545877263,11.1100003123283,41.4380305155506,5.03916568805753,250,-0.473149864384729,7.58141389353407,-0.441255023603993,299.9891357,299.9906311,13570.51953125,13690.5126953125,56.5328459104098,20.8438996826676,8.512546,0,0,0,40,4449,299.8912,13630.5161132812,,,,,,,,,,,,,0,,,,18.2402782,,,,,,299.9898834,,,,
,15577489.915,299.98994445,13520.6357421875,7.62547783186598,0.0175606366487478,1,0.999253354069792,40.0298881530762,1.97845851611077,11.1100003123283,41.6465471578124,5.28046500712052,250,-0.436850398870889,7.62576297843782,-0.404775883647014,299.9892578,299.9906311,13470.751953125,13570.51953125,55.6245935710636,20.8461920502721,8.884414,0,0,0,40,4449,299.89275,13520.6357421875,,,,,,,,,,,,,0,,,,18.1496143,,,,,,299.98994445,,,,
,15577490.945,299.98950195,13420.7919921875,7.58484227119431,0.0129495273470031,1,0.999253354069792,40.0298881530762,1.9783735083652,11.0999997705221,41.4872839899098,4.90478143220978,250,-0.498796243640189,7.58539560996804,-0.466879128583506,299.9892578,299.9897461,13370.83203125,13470.751953125,56.0544892566406,20.8433355418053,9.256284,0,0,0,40,4449,299.8927,13420.7919921875,,,,,,,,,,,,,0,,,,18.24117085,,,,,,299.98950195,,,,
,15577492.07,299.9894409,13310.9301757813,7.59775737080602,0.0137397157753783,1,0.999253354069792,40.0298881530762,1.97840239344266,11.0999997705221,41.5292226261789,5.0711933892909,250,-0.4704098379445,7.59818902093107,-0.43844391765585,299.9891357,299.9897461,13251.0283203125,13370.83203125,56.0326036581021,20.8424666265049,9.256284,0,0,0,40,4449,299.8938,13310.9301757813,,,,,,,,,,,,,0,,,,18.24117085,,,,,,299.9894409,,,,
,15577493.22,299.9895935,13195.6518554687,7.58274652902422,0.013341045193367,1,0.999253354069792,40.0298881530762,1.9785009646117,11.0999997705221,41.4197576053912,5.22013443575244,250,-0.440112173707113,7.58305407749703,-0.408214993571682,299.9891357,299.9900513,13140.275390625,13251.0283203125,56.5390989385637,20.8426875165453,9.256284,0,0,0,40,4449,299.89525,13195.6518554687,,,,,,,,,,,,,0,,,,18.24117085,,,,,,299.9895935,,,,
,15577494.345,299.99003605,13080.2846679688,7.65861474515496,0.0152140411372441,1,0.999253354069792,40.0298881530762,1.9782205631152,11.0999997705221,41.817600366027,5.32984269843477,250,-0.433743770368755,7.65888004254545,-0.401529188113108,299.9900208,299.9900513,13020.2939453125,13140.275390625,56.0701218270252,20.8370366311289,9.256284,0,0,0,40,4449,299.8962,13080.2846679688,,,,,,,,,,,,,0,,,,18.4233913,,,,,,299.99003605,,,,
,15577495.485,299.9898987,12965.2739257813,7.65701256812526,0.0163000075980673,1,0.999253354069792,40.0298881530762,1.97846614817426,11.1100003123283,41.7652084520249,5.59204491659058,250,-0.385047484492548,7.65707393932624,-0.35284912920328,299.9897766,299.9900208,12910.25390625,13020.2939453125,56.4132567469675,20.8373605586326,8.512546,0,0,0,40,4449,299.8976,12965.2739257813,,,,,,,,,,,,,0,,,,18.4233913,,,,,,299.9898987,,,,
,15577496.625,299.9906006,12850.28125,7.6281922572275,0.0152947230934305,1,0.999253354069792,40.0298881530762,1.97871610304705,11.0999997705221,41.6376427002591,5.43951089293406,250,-0.408053443235199,7.62835576463902,-0.375970798609307,299.9897766,299.9914246,12790.30859375,12910.25390625,56.2467698723713,20.8304564353482,8.512546,0,0,0,40,4449,299.89795,12850.28125,,,,,,,,,,,,,0,,,,18.24117085,,,,,,299.9906006,,,,
,15577497.7,299.99099735,12740.416015625,7.64284738860995,0.0193413670123357,1,0.999253354069792,40.0298881530762,1.9786982741679,11.1100003123283,41.7010804816826,5.53721532327803,250,-0.39268498482527,7.64294331675917,-0.360543467492178,299.9905701,299.9914246,12690.5234375,12790.30859375,56.0443280858905,20.8339916092515,8.512546,0,0,0,40,4449,299.8981,12740.416015625,,,,,,,,,,,,,0,,,,18.0589504,,,,,,299.99099735,,,,
,15577498.765,299.9910126,12635.5444335938,7.62982702330255,0.0169844953007981,1,0.999253354069792,40.0298881530762,1.97848846789752,11.0999997705221,41.5716873057651,5.81867299579147,250,-0.338083599053139,7.62969651141433,-0.306007302131151,299.9905701,299.9914551,12580.5654296875,12690.5234375,56.5007991411214,20.8347302044237,8.512546,0,0,0,40,4449,299.89825,12635.5444335938,,,,,,,,,,,,,0,,,,18.24117085,,,,,,299.9910126,,,,
,15577499.925,299.9916687,12520.6625976563,7.63148326896993,0.0167761761792368,1,0.999253354069792,40.0298881530762,1.97839358040338,11.0999997705221,41.6009497667495,5.70002348511174,250,-0.360297094467484,7.63144539425439,-0.328208744758329,299.9914551,299.9918823,12460.759765625,12580.5654296875,56.3984058051021,20.8242549580176,9.256284,0,0,0,40,4449,299.89795,12520.6625976563,,,,,,,,,,,,,0,,,,18.24117085,,,,,,299.9916687,,,,
,15577500.97,299.99139405,12415.7778320312,7.58733398699388,0.0197928883417858,1,0.999253354069792,40.0298881530762,1.97856404698218,11.0999997705221,41.3563441127097,5.70750962605311,250,-0.350814525980688,7.58726534644905,-0.318912819532488,299.9909058,299.9918823,12370.7958984375,12460.759765625,56.5390989385637,20.8437115131853,9.256284,0,0,0,40,4449,299.89795,12415.7778320312,,,,,,,,,,,,,0,,,,18.24117085,,,,,,299.99139405,,,,
,15577502.015,299.99087525,12310.9799804687,7.59223130217935,0.0147299493194545,1,0.999253354069792,40.0298881530762,1.9787329882807,11.1100003123283,41.4476973679317,5.38155759095426,250,-0.412118648861039,7.59241897794759,-0.38018352418111,299.9908447,299.9909058,12251.1640625,12370.7958984375,56.6219515616021,20.8308096200097,8.512546,0,0,0,40,4449,299.89845,12310.9799804687,,,,,,,,,,,,,0,,,,18.24117085,,,,,,299.99087525,,,,
,15577503.245,299.9909973,12191.2314453125,7.56723137786609,0.0241054049636302,1,0.999253354069792,40.0298881530762,1.97879014121271,11.0999997705221,41.1806770989949,6.07425525473179,250,-0.279352361705531,7.5668670669977,-0.2475484487161,299.9908447,299.9911499,12131.298828125,12251.1640625,56.6649411301598,20.8170036285667,8.884414,0,0,0,40,4449,299.898,12191.2314453125,,,,,,,,,,,,,0,,,,18.24117085,,,,,,299.9909973,,,,
,15577504.425,299.99064635,12076.3500976563,7.61125112981194,0.0113896820369557,1,0.999253354069792,40.0298881530762,1.97851410042957,11.0999997705221,41.5720449621284,5.25964785167935,250,-0.438097323443211,7.61154395110825,-0.406075989648957,299.9901428,299.9911499,12021.4013671875,12131.298828125,56.4546830584867,20.836603011669,8.512546,0,0,0,40,4449,299.8982,12076.3500976563,,,,,,,,,,,,,0,,,,18.24117085,,,,,,299.99064635,,,,
,15577505.6,299.9902954,11956.4526367188,7.57604597077427,0.0167975163683225,1,0.999253354069792,40.0298881530762,1.97858580295998,11.1100003123283,41.2316962318438,6.04187624924202,250,-0.286865876437271,7.57571152705573,-0.255022428538914,299.9901428,299.990448,11891.50390625,12021.4013671875,56.3726120639675,20.8327415600472,9.256284,0,0,0,40,4449,299.89855,11956.4526367188,,,,,,,,,,,,,0,,,,18.0589504,,,,,,299.9902954,,,,
,15577506.78,299.9907379,11836.515625,7.53512813928013,0.0102919760357912,1,0.999253354069792,40.0298881530762,1.97901638808964,11.0999997705221,40.8796629768194,6.7549968234296,250,-0.147593323774937,7.53421751378215,-0.115949183698492,299.990448,299.9910278,11781.52734375,11891.50390625,56.6313311038329,20.8093496658492,9.256284,0,0,0,40,4449,299.89795,11836.515625,,,,,,,,,,,,,0,,,,18.24117085,,,,,,299.9907379,,,,
,15577507.79,299.9908905,11736.5,7.54296431204237,0.0136132780342592,1,0.999253354069792,40.0298881530762,1.97923889413664,11.1100003123283,40.9312586857261,6.7379806386794,250,-0.152331466761984,7.54207189176456,-0.120652958573481,299.9907532,299.9910278,11691.47265625,11781.52734375,56.4140383754867,20.8152525095094,8.512546,0,0,0,40,4449,299.89745,11736.5,,,,,,,,,,,,,0,,,,18.24117085,,,,,,299.9908905,,,,
,15577508.83,299.9910431,11631.5004882812,7.58969784267193,0.0202978470101089,1,0.999253354069792,40.0298881530762,1.97868786158409,11.1100003123283,41.4082210871694,5.51297025223641,250,-0.387315545499656,7.58978177606928,-0.355392728415008,299.9907532,299.991333,11571.5283203125,11691.47265625,57.139389641333,20.8289671074828,8.884414,0,0,0,40,4449,299.89725,11631.5004882812,,,,,,,,,,,,,0,,,,18.0589504,,,,,,299.9910431,,,,
,15577510.01,299.9913025,11511.6875,7.58557599467439,0.0163132714616759,1,0.999253354069792,40.0298881530762,1.97933618685866,11.0999997705221,41.2722743559542,6.19493675767905,250,-0.260737733436603,7.58512957643399,-0.228857394917035,299.991272,299.991333,11451.8466796875,11571.5283203125,56.4734421429483,20.8135616321882,9.256284,0,0,0,40,4449,299.8976,11511.6875,,,,,,,,,,,,,0,,,,18.24117085,,,,,,299.9913025,,,,
,15577511.07,299.9906006,11406.8862304688,7.52969903315628,0.010820081937143,1,0.999253354069792,40.0298881530762,1.97916022962472,11.0999997705221,40.8508446940046,6.76279499093145,250,-0.145234684057072,7.52877949546449,-0.113611785549106,299.9899292,299.991272,11361.92578125,11451.8466796875,56.953362053756,20.8128748404372,8.512546,0,0,0,40,4449,299.89775,11406.8862304688,,,,,,,,,,,,,0,,,,18.24117085,,,,,,299.9906006,,,,
,15577512.125,299.9902344,11301.9516601562,7.48818791329133,0.0183780779831815,1,0.999253354069792,40.0298881530762,1.9793101808832,11.0999997705221,40.6680507123969,6.51345590474998,250,-0.183749869289599,7.48743847242434,-0.152292819723826,299.9899292,299.9905396,11241.9775390625,11361.92578125,56.1240541948521,20.8167864333216,8.512546,0,0,0,40,4449,299.89755,11301.9516601562,,,,,,,,,,,,,0,,,,18.0589504,,,,,,299.9902344,,,,
,15577513.345,299.99102785,11182.04296875,7.4895373323193,0.0195232321623784,1,0.999253354069792,40.0298881530762,1.97928690582396,11.0999997705221,40.6669614919584,6.55742734225497,250,-0.175853651840475,7.48875420791778,-0.144391741386026,299.9905396,299.9915161,11122.1083984375,11241.9775390625,56.6649411301598,20.8188497612651,9.256284,0,0,0,40,4449,299.89555,11182.04296875,,,,,,,,,,,,,0,,,,18.0589504,,,,,,299.99102785,,,,
,15577514.43,299.9913635,11077.0649414062,7.50382448057259,0.0154265822388895,1,0.999253354069792,40.0298881530762,1.97908252817527,11.1100003123283,40.7370263560964,6.58765104237122,250,-0.17279022923489,7.50302546700958,-0.141268440698868,299.9912109,299.9915161,11032.021484375,11122.1083984375,55.9505326635828,20.8220393120103,9.256284,0,0,0,40,4449,299.895,11077.0649414062,,,,,,,,,,,,,0,,,,18.0589504,,,,,,299.9913635,,,,
,15577515.46,299.99124145,10972.0390625,7.57766921776527,0.0213377516412245,1,0.999253354069792,40.0298881530762,1.97876932765453,11.1100003123283,41.2580226303102,5.9694910511512,250,-0.300665224880814,7.57739179835898,-0.268807322492729,299.9912109,299.991272,10912.056640625,11032.021484375,56.7329428113329,20.8244597591909,9.256284,0,0,0,40,4449,299.8966,10972.0390625,,,,,,,,,,,,,0,,,,18.0589504,,,,,,299.99124145,,,,
,15577516.65,299.9920044,10852.0400390625,7.49310400106937,0.0176948948981871,1,0.999253354069792,40.0298881530762,1.97927953511525,11.0999997705221,40.6822665861538,6.58162052696463,250,-0.172036951513237,7.49230376251535,-0.140559425729882,299.991272,299.9927368,10792.0234375,10912.056640625,56.0466729714482,20.8199683181219,9.256284,0,0,0,40,4449,299.89625,10852.0400390625,,,,,,,,,,,,,0,,,,18.24117085,,,,,,299.9920044,,,,
,15577517.68,299.9927368,10747.1362304688,7.48640981033168,0.0121279364191324,1,0.999253354069792,40.0298881530762,1.97923580871593,11.1100003123283,40.6481092216977,6.55907210874728,250,-0.174940737088806,7.48562287880156,-0.143490224871037,299.9927368,299.9927368,10702.2490234375,10792.0234375,56.1654805063713,20.8215037342045,9.256284,0,0,0,40,4449,299.8962,10747.1362304688,,,,,,,,,,,,,0,,,,18.4233913,,,,,,299.9927368,,,,
,15577518.66,299.9921112,10647.263671875,7.45278755898961,0.0151614632562778,1,0.999253354069792,40.0298881530762,1.9792181969146,11.0999997705221,40.4830854585769,6.43312466033511,250,-0.191993273772745,7.45207916102367,-0.160680017976355,299.9914856,299.9927368,10592.2783203125,10702.2490234375,56.0474545999675,20.8196872994759,9.256284,0,0,0,40,4449,299.89685,10647.263671875,,,,,,,,,,,,,0,,,,18.24117085,,,,,,299.9921112,,,,
,15577519.685,299.9912567,10547.33203125,7.4633119245545,0.0222110306727463,1,0.999253354069792,40.0298881530762,1.9790541174392,11.0999997705221,40.5728879445991,6.24801946248177,250,-0.228091888130594,7.46275306825721,-0.196726590953211,299.9910278,299.9914856,10502.3857421875,10592.2783203125,55.7887355601021,20.8222358105982,8.512546,0,0,0,40,4449,299.89605,10547.33203125,,,,,,,,,,,,,0,,,,18.0589504,,,,,,299.9912567,,,,
,15577520.625,299.9912109,10452.4350585938,7.47858809007314,0.0222292586924536,1,0.999253354069792,40.0298881530762,1.97895332885691,11.0999997705221,40.6689500577678,6.17941052643228,250,-0.243560276420419,7.47809102152583,-0.212127217079218,299.9910278,299.991394,10402.484375,10502.3857421875,56.0091548025252,20.8185434216647,9.256284,0,0,0,40,4449,299.89535,10452.4350585938,,,,,,,,,,,,,0,,,,18.24117085,,,,,,299.9912109,,,,
,15577521.72,299.9912567,10342.4560546875,7.46946112683044,0.0202693598099975,1,0.999253354069792,40.0298881530762,1.97924835415442,11.0999997705221,40.615265524874,6.22646967026769,250,-0.233329764656034,7.4689229441619,-0.201936725279205,299.9911194,299.991394,10282.427734375,10402.484375,56.5234663681791,20.8226042993497,9.256284,0,0,0,40,4449,299.89645,10342.4560546875,,,,,,,,,,,,,0,,,,18.24117085,,,,,,299.9912567,,,,
,15577522.765,299.99150085,10237.462890625,7.45508480432824,0.0195165631329132,1,0.999253354069792,40.0298881530762,1.97924835415442,11.0999997705221,40.5083700634699,6.36938844191896,250,-0.204228274786646,7.45442732020466,-0.172901042270808,299.9911194,299.9918823,10192.498046875,10282.427734375,56.4171648895637,20.8226042993497,8.512546,0,0,0,40,4449,299.89675,10237.462890625,,,,,,,,,,,,,0,,,,18.0589504,,,,,,299.99150085,,,,
,15577523.825,299.9912262,10132.4916992187,7.45671883195273,0.0151693415685202,1,0.999253354069792,40.0298881530762,1.97909337915912,11.1100003123283,40.5313610035634,6.27750524986986,250,-0.221439175352282,7.45613327222042,-0.19010091054473,299.9905701,299.9918823,10072.4853515625,10192.498046875,56.3874630058329,20.8180688052824,8.512546,0,0,0,40,4449,299.89505,10132.4916992187,,,,,,,,,,,,,0,,,,18.24117085,,,,,,299.9912262,,,,
,15577526.015,299.9924316,9912.58056640625,7.44572173069186,0.0170412597364457,1,0.999253354069792,40.0298881530762,1.97893964684927,11.0999997705221,40.486533569965,6.17061159353703,250,-0.239088269261578,7.44521208377535,-0.207791673436421,299.9924316,299.9924316,9902.5244140625,9922.63671875,56.4390504881021,20.8253665846779,9.256284,0,0,0,40,4449,299.8958,9912.58056640625,,,,,,,,,,,,,0,,,,18.4233913,,,,,,299.9924316,,,,
,15577526.61,299.9914093,9852.25927734375,7.44172228038331,0.0179356769882444,1,0.999253354069792,40.0298881530762,1.97906275560783,11.0999997705221,40.4735667010233,6.13356959729846,250,-0.245268592383265,7.44123964890026,-0.213987296443237,299.990387,299.9924316,9801.994140625,9902.5244140625,56.0349485436598,20.8226797901664,8.884414,0,0,0,40,4449,299.89605,9852.25927734375,,,,,,,,,,,,,0,,,,18.24117085,,,,,,299.9914093,,,,
,15577527.595,299.9908905,9756.951171875,7.43765940755453,0.0174339359924464,1,0.999253354069792,40.0298881530762,1.97893827064893,11.0999997705221,40.4182577338995,6.29557244806198,250,-0.214475243769543,7.43704848509158,-0.183216892123637,299.990387,299.991394,9711.908203125,9801.994140625,55.5440858335828,20.8177269862642,9.256284,0,0,0,40,4449,299.8965,9756.951171875,,,,,,,,,,,,,0,,,,18.24117085,,,,,,299.9908905,,,,
,15577528.68,299.9918823,9646.9404296875,7.48120640183983,0.0167509633027795,1,0.999253354069792,40.0298881530762,1.97887138823522,11.0999997705221,40.6811803494956,6.18328127119482,250,-0.243286954782542,7.48070724217823,-0.211839436107681,299.991394,299.9923706,9581.97265625,9711.908203125,56.6766655579483,20.8243162383994,9.256284,0,0,0,40,4449,299.89605,9646.9404296875,,,,,,,,,,,,,0,,,,18.24117085,,,,,,299.9918823,,,,
,15577529.8,299.9923706,9531.92822265625,7.46471736643494,0.0185056068710179,1,0.999253354069792,40.0298881530762,1.9790375750792,11.0999997705221,40.5810419178881,6.24457350988682,250,-0.228984988916951,7.46416136494458,-0.197609066834259,299.9923706,299.9923706,9481.8837890625,9581.97265625,56.976810909333,20.8231804387423,9.256284,0,0,0,40,4449,299.89605,9531.92822265625,,,,,,,,,,,,,0,,,,18.24117085,,,,,,299.9923706,,,,
,15577530.86,299.99232485,9426.91650390625,7.44950814441416,0.0242378633527911,1,0.999253354069792,40.0298881530762,1.9789247702528,11.0999997705221,40.496631943433,6.22867324012135,250,-0.229042531023912,7.44895545931887,-0.197729998480362,299.9922791,299.9923706,9371.94921875,9481.8837890625,57.6325972369676,20.8186898104782,8.884414,0,0,0,40,4449,299.8963,9426.91650390625,,,,,,,,,,,,,0,,,,18.4233913,,,,,,299.99232485,,,,
,15577532.055,299.99305725,9311.9853515625,7.45814072891274,0.0213553882948278,1,0.999253354069792,40.0298881530762,1.97904039658475,11.0999997705221,40.5247250960894,6.35027450652474,250,-0.208214168281182,7.45749863400728,-0.176869107882644,299.9922791,299.9938354,9252.021484375,9371.94921875,56.9752476522945,20.8194920480063,9.256284,0,0,0,40,4449,299.89615,9311.9853515625,,,,,,,,,,,,,0,,,,18.4233913,,,,,,299.99305725,,,,
,15577533.165,299.9933929,9202.0478515625,7.4229866839698,0.0214585673888686,1,0.999253354069792,40.0298881530762,1.97915055923733,11.0999997705221,40.3440712707398,6.27662205420485,250,-0.215384110059452,7.42238170708954,-0.184184710587925,299.9929504,299.9938354,9152.07421875,9252.021484375,57.6052402387946,20.8187907173644,8.512546,0,0,0,40,4449,299.8966,9202.0478515625,,,,,,,,,,,,,0,,,,18.24117085,,,,,,299.9933929,,,,
,15577534.085,299.9934692,9107.1787109375,7.42713843574816,0.0224487167578649,1,0.999253354069792,40.0298881530762,1.97892212443791,11.0999997705221,40.3508137641932,6.34024341916169,250,-0.204253558062994,7.42648584525854,-0.173038537852055,299.9929504,299.993988,9062.283203125,9152.07421875,55.9802345473136,20.8206538511289,8.884414,0,0,0,40,4449,299.89625,9107.1787109375,,,,,,,,,,,,,0,,,,18.24117085,,,,,,299.9934692,,,,
,15577535.13,299.9943237,9002.33154296875,7.45407792417133,0.0250117333499346,1,0.999253354069792,40.0298881530762,1.97915119595152,11.1100003123283,40.5098075695748,6.32047448158178,250,-0.213038219561991,7.45345649483629,-0.181708354550338,299.993988,299.9946594,8942.3798828125,9062.283203125,56.2921043264867,20.8185381819445,9.256284,0,0,0,40,4449,299.9001,9002.33154296875,,,,,,,,,,,,,0,,,,18.4233913,,,,,,299.9943237,,,,
,15577536.31,299.99375915,8882.35791015625,7.41126713819505,0.0226749308787886,1,0.999253354069792,40.0298881530762,1.97910607148446,11.1100003123283,40.2519076146162,6.4153310769053,250,-0.187526532978052,7.41054749977295,-0.156381696220916,299.9928589,299.9946594,8822.3359375,8942.3798828125,56.6883899857368,20.8171998858679,9.256284,0,0,0,40,4449,299.90555,8882.35791015625,,,,,,,,,,,,,0,,,,18.24117085,,,,,,299.99375915,,,,
,15577537.4,299.9936371,8772.3583984375,7.44938794094166,0.0257311315629904,1,0.999253354069792,40.0298881530762,1.97928046465278,11.0999997705221,40.4658805844369,6.43025276750828,250,-0.191937759447239,7.44867906151264,-0.160631472995343,299.9928589,299.9944153,8722.380859375,8822.3359375,57.2331850636407,20.8106971897417,9.256284,0,0,0,40,4449,299.90495,8772.3583984375,,,,,,,,,,,,,0,,,,18.0589504,,,,,,299.9936371,,,,
,15577538.465,299.9936676,8667.462890625,7.45025162306599,0.0236778035057032,1,0.999253354069792,40.0298881530762,1.97924564656833,11.0999997705221,40.4548633327399,6.51185722033096,250,-0.176983464988943,7.44947974700024,-0.145675978011581,299.9929199,299.9944153,8612.544921875,8722.380859375,56.8236117195637,20.8183107796181,9.256284,0,0,0,40,4449,299.90365,8667.462890625,,,,,,,,,,,,,0,,,,18.0589504,,,,,,299.9936676,,,,
,15577539.52,299.9935913,8562.4697265625,7.47323754983142,0.0270644377832388,1,0.999253354069792,40.0298881530762,1.9791590032222,11.1100003123283,40.5717251359716,6.56520673800141,250,-0.171326286900777,7.47243722948458,-0.139922840813529,299.9929199,299.9942627,8512.39453125,8612.544921875,56.4750053999867,20.8127037376554,8.512546,0,0,0,40,4449,299.90225,8562.4697265625,,,,,,,,,,,,,0,,,,18.0589504,,,,,,299.9935913,,,,
,15577540.535,299.99398805,8462.4052734375,7.46982908557979,0.0270063180338439,1,0.999253354069792,40.0298881530762,1.97902592972053,11.0999997705221,40.5129728209134,6.76448619324125,250,-0.133749636808716,7.46887158826919,-0.102367703585042,299.9937134,299.9942627,8412.416015625,8512.39453125,56.8994296859291,20.8126507092386,8.512546,0,0,0,40,4449,299.90225,8462.4052734375,,,,,,,,,,,,,0,,,,18.24117085,,,,,,299.99398805,,,,
,15577541.64,299.9936676,8352.43798828125,7.43637702980281,0.0281226833258859,1,0.999253354069792,40.0298881530762,1.97931290168315,11.1100003123283,40.3301348457459,6.7735101758074,250,-0.126054860636091,7.43539409013669,-0.0948144922251224,299.9936218,299.9937134,8292.4599609375,8412.416015625,56.4687523718329,20.8052607216817,9.256284,0,0,0,40,4449,299.9027,8352.43798828125,,,,,,,,,,,,,0,,,,18.33183475,,,,,,299.9936676,,,,
,15577542.835,299.9937439,8232.61303710937,7.42921157939776,0.0238045384566749,1,0.999253354069792,40.0298881530762,1.97939617907335,11.0999997705221,40.2662025793095,6.9113825474119,250,-0.0992775265221624,7.42811761088976,-0.0680719028363756,299.9936218,299.993866,8172.76611328125,8292.4599609375,57.2652318329291,20.8148377340745,8.884414,0,0,0,40,4449,299.90055,8232.61303710937,,,,,,,,,,,,,0,,,,18.33183475,,,,,,299.9937439,,,,
,15577543.91,299.993866,8127.75219726563,7.35921576460353,0.027662178583607,1,0.999253354069792,40.0298881530762,1.97946750943179,11.0999997705221,39.8892607695842,6.84093644168777,250,-0.0993729868526051,7.35813633911874,-0.0684604700824893,299.993866,299.993866,8082.73828125,8172.76611328125,56.770460980256,20.8160739026921,8.884414,0,0,0,40,4449,299.8985,8127.75219726563,,,,,,,,,,,,,0,,,,18.4233913,,,,,,299.993866,,,,
,15577545.02,299.99440005,8017.7734375,7.28536622484345,0.0203935456331536,1,0.999253354069792,40.0298881530762,1.97956186826137,11.0999997705221,39.4737673989813,6.86450044383313,250,-0.0813803817955803,7.28422609220395,-0.0507809108145945,299.993866,299.9949341,7952.80859375,8082.73828125,55.8418862994097,20.8143637750126,8.512546,0,0,0,40,4449,299.8972,8017.7734375,,,,,,,,,,,,,0,,,,18.33183475,,,,,,299.99440005,,,,
,15577546.285,299.99446105,7887.85961914062,7.2626661142761,0.0148360888020766,1,0.999253354069792,40.0298881530762,1.97956435188281,11.0999997705221,39.3627840330688,6.77860414849044,250,-0.0930593744462934,7.26157954781445,-0.0625520944521306,299.993988,299.9949341,7822.91064453125,7952.80859375,56.9041194570445,20.8197276187365,9.256284,0,0,0,40,4449,299.89565,7887.85961914062,,,,,,,,,,,,,0,,,,18.33183475,,,,,,299.99446105,,,,
,15577547.385,299.993988,7777.89208984375,7.23929498887963,0.0155013522000084,1,0.999253354069792,40.0298881530762,1.9794195090907,11.1100003123283,39.2152513394344,6.85372558399297,250,-0.0747425252616835,7.23813635509884,-0.0443364616030222,299.993988,299.993988,7732.87353515625,7822.91064453125,56.2366087016213,20.8208567394344,9.256284,0,0,0,40,4449,299.89425,7777.89208984375,,,,,,,,,,,,,0,,,,18.4233913,,,,,,299.993988,,,,
,15577548.475,299.99423215,7668.00073242188,7.21067279268435,0.0138095077377118,1,0.999253354069792,40.0298881530762,1.97946943746257,11.1100003123283,39.0671020473318,6.79478015788046,250,-0.0803688881859106,7.20954349139827,-0.0500813274919528,299.993988,299.9944763,7603.1279296875,7732.87353515625,56.9697762526599,20.809830838658,8.512546,0,0,0,40,4449,299.89375,7668.00073242188,,,,,,,,,,,,,0,,,,18.24117085,,,,,,299.99423215,,,,
,15577549.6,299.99391175,7553.12109375,7.16712704207796,0.0165563689941295,1,0.999253354069792,40.0298881530762,1.97932722687808,11.1100003123283,38.8030744995387,6.89013072966318,250,-0.0545699630138621,7.1658983328573,-0.0244699767473351,299.9933472,299.9944763,7503.1142578125,7603.1279296875,56.1420316507944,20.8125102727632,8.512546,0,0,0,40,4449,299.8936,7553.12109375,,,,,,,,,,,,,0,,,,18.1496143,,,,,,299.99391175,,,,
