
Comment,Time Stamp (sec),Temperature (K),Magnetic Field (Oe),Moment (emu),M. Std. Err. (emu),Transport Action,Averaging Time (sec),Frequency (Hz),Peak Amplitude (mm),Center Position (mm),Coil Signal' (mV),Coil Signal" (mV),Range (mV),M. Quad. Signal (emu),M. Raw' (emu),M. Raw" (emu),Min. Temperature (K),Max. Temperature (K),Min. Field (Oe),Max. Field (Oe),Mass (grams),Motor Lag (deg),Pressure (Torr),VSM Status (code),Motor Status (code),Measure Status (code),Measure Count,PPMS Status (code),System Temp. (K),System Field (Oe),Sample Position (deg),Bridge 1 Resistance (ohms),Bridge 1 Excitation (µA),Bridge 2 Resistance (ohms),Bridge 2 Excitation (µA),Bridge 3 Resistance (ohms),Bridge 3 Excitation (µA),Bridge 4 Resistance (ohms),Bridge 4 Excitation (µA),Signal 1 Vin (V),Signal 2 Vin (V),Digital Inputs (code),Drive 1 Iout (mA),Drive 1 Ipower (W),Drive 2 Iout (mA),Drive 2 Ipower (W),Pressure (),Map 20 (),Map 21 (),Map 22 (),Map 23 (),Map 24 (),Map 25 (),Map 26 (),Map 27 (),Map 28 (),Map 29 ()
,19447738.52,300.0019836,-0.382456451654434,,,2,,,,11.4999999672174,,,,,,,300.0019836,300.0019836,-0.382456451654434,-0.382456451654434,,,8.512546,,,,-99999999,4369,299.9779,-0.382456451654434,,,,,,,,,,,,,,,,,,,,,,,300.0019836,,,,
sample offset = 34.92 mm touchdown = 6.04999996721745 mm,19447774.45,300.0095215,-0.303715407848358,0.0677104258298728,8.62202702162518E-5,1,0.999253354069792,40.0298881530762,1.97948247648491,11.4900004118681,0.366335883169961,0.0666002107856344,250,-0.000237952277253246,0.0676975984614346,4.65164509565384E-5,300.0095215,300.0095215,-0.314964115619659,-0.292466700077057,55.6449159125636,20.8180871669193,8.512546,0,0,0,40,4417,299.9656,-0.303715407848358,,,,,,,,,,,,,0,,,,10.0165615,,,,,,300.0095215,,,,
,19447787.065,300.0100403,38.4244327545166,0.068128946664623,0.000148542179313088,1,0.999253354069792,40.0298881530762,1.97933925606552,11.5000000223517,0.368630375571038,0.0667041924834463,250,-0.000295458469604616,0.0681162739991988,-9.21905614591699E-6,300.0100403,300.0100403,33.9473419189453,42.9015235900879,55.8098395301213,20.8172620122958,7.396941,0,0,0,40,4449,299.9644,38.4244327545166,,,,,,,,,,,,,0,,,,10.5295868,,,,,,300.0100403,,,,
,19447787.65,300.00961305,87.8660373687744,0.0825033069027946,0.00133265816859329,1,0.999253354069792,40.0298881530762,1.97917910685816,11.5000000223517,0.446319826353263,0.0810506394220609,250,-0.00030617657890203,0.0824877447816062,4.04468321428681E-5,300.0091858,300.0100403,42.9015235900879,132.830551147461,56.1990905326983,20.8251481980298,9.256284,0,0,0,40,4449,299.9626,87.8660373687744,,,,,,,,,,,,,0,,,,10.42544175,,,,,,300.00961305,,,,
,19447788.71,300.0098419,179.235771179199,0.136008337458997,0.00364652404749016,1,0.999253354069792,40.0298881530762,1.97965047612599,11.4900004118681,0.735649156854861,0.135202293799003,250,-0.000216666867807638,0.135981471887157,0.000354688776987393,300.0091858,300.010498,132.830551147461,225.640991210938,56.289759440929,20.8304056601953,8.884414,0,0,0,40,4449,299.9617,179.235771179199,,,,,,,,,,,,,0,,,,10.3212967,,,,,,300.0098419,,,,
,19447789.67,300.010498,262.18229675293,0.240177396603288,0.00570149984903563,1,0.999253354069792,40.0298881530762,1.97933053680508,11.4900004118681,1.29892148342167,0.238490011306405,250,-0.000424473149920085,0.240130125252709,0.000584487321353213,300.010498,300.010498,225.640991210938,298.723602294922,56.1772049341598,20.8293049936654,8.512546,0,0,0,40,4449,299.96185,262.18229675293,,,,,,,,,,,,,0,,,,10.3212967,,,,,,300.010498,,,,
,19447790.64,300.01011655,352.232879638672,0.374393062041138,0.00645494766780913,1,0.999253354069792,40.0298881530762,1.97939556354223,11.5000000223517,2.02498685871024,0.371027185422855,250,-0.000799928692736846,0.374319960513074,0.000772886723532734,300.0097351,300.010498,298.723602294922,405.742156982422,55.3947947864097,20.8188203914202,9.256284,0,0,0,40,4449,299.96015,352.232879638672,,,,,,,,,,,,,0,,,,10.1689291,,,,,,300.01011655,,,,
,19447791.705,300.0100403,456.435775756836,0.51948613188605,0.00666420113932771,1,0.999253354069792,40.0298881530762,1.97937068546139,11.4900004118681,2.81015365175894,0.512471303421448,250,-0.00154240633948353,0.519386519589052,0.00064001815607121,300.0097351,300.0103455,405.742156982422,507.12939453125,55.9653836054482,20.8224020417351,7.396941,0,0,0,40,4449,299.9595,456.435775756836,,,,,,,,,,,,,0,,,,10.27307415,,,,,,300.0100403,,,,
,19447792.655,300.0103455,552.708770751953,0.665765304924125,0.00661452132446042,1,0.999253354069792,40.0298881530762,1.97962156105627,11.4900004118681,3.6017985411587,0.657372244326007,250,-0.00188129638537673,0.665637237643567,0.000915617524390709,300.0103455,300.0103455,507.12939453125,598.288146972656,56.2162863601213,20.8216745140246,8.512546,0,0,0,40,4449,299.9601,552.708770751953,,,,,,,,,,,,,0,,,,10.27307415,,,,,,300.0103455,,,,
,19447793.585,300.0105591,648.689697265625,0.811290790626837,0.0066567150455982,1,0.999253354069792,40.0298881530762,1.97942966529041,11.4900004118681,4.38879280189368,0.800369419562993,250,-0.00240678404033875,0.811135206576616,0.00100148059277248,300.0103455,300.0107727,598.288146972656,699.091247558594,56.3483815798714,20.8172416001421,8.512546,0,0,0,40,4449,299.96055,648.689697265625,,,,,,,,,,,,,0,,,,10.1689291,,,,,,300.0105591,,,,
,19447794.635,300.0105133,754.203674316406,0.95717382518833,0.00663447164471091,1,0.999253354069792,40.0298881530762,1.97941437884109,11.4900004118681,5.17820407333958,0.94279719123633,250,-0.00311405487865308,0.956991423402358,0.00090708199317186,300.0102539,300.0107727,699.091247558594,809.316101074219,56.7282530402175,20.8259893748789,7.396941,0,0,0,40,4449,299.9611,754.203674316406,,,,,,,,,,,,,0,,,,10.42544175,,,,,,300.0105133,,,,
,19447795.69,300.01031495,859.328460693359,1.10351763707879,0.00674489047971783,1,0.999253354069792,40.0298881530762,1.97943661822673,11.4900004118681,5.97021892402444,1.0856303770597,250,-0.00383511239119094,1.10330838699756,0.000800846120185294,300.0102539,300.010376,809.316101074219,909.3408203125,56.374175321006,20.8271381605144,9.256284,0,0,0,40,4449,299.96025,859.328460693359,,,,,,,,,,,,,0,,,,10.5295868,,,,,,300.01031495,,,,
,19447796.765,300.010437,969.364562988281,1.25051549562235,0.00679268543034196,1,0.999253354069792,40.0298881530762,1.97917968192064,11.4900004118681,6.76425328841215,1.23220675756839,250,-0.00395433254114306,1.25027672508177,0.00129905106856563,300.010376,300.010498,909.3408203125,1029.38830566406,55.8520474701598,20.8244348045142,8.512546,0,0,0,40,4449,299.9599,969.364562988281,,,,,,,,,,,,,0,,,,10.5295868,,,,,,300.010437,,,,
,19447797.78,300.00962825,1069.41119384766,1.3990167112201,0.00679703170820523,1,0.999253354069792,40.0298881530762,1.97937045270911,11.5000000223517,7.56854742142973,1.37697126623661,250,-0.00473683310268399,1.39875094886376,0.00114039385924366,300.0087585,300.010498,1029.38830566406,1109.43408203125,55.565189803602,20.825238096308,8.512546,0,0,0,40,4449,299.96065,1069.41119384766,,,,,,,,,,,,,0,,,,10.42544175,,,,,,300.00962825,,,,
,19447798.745,300.00918575,1164.37048339844,1.54918407609178,0.00684491487458809,1,0.999253354069792,40.0298881530762,1.97965660547495,11.4900004118681,8.38207021136668,1.52525889335869,250,-0.0051949977313708,1.54888960717131,0.00131300698718594,300.0087585,300.009613,1109.43408203125,1219.30688476562,54.8499997085058,20.8298822693467,9.256284,0,0,0,40,4449,299.9608,1164.37048339844,,,,,,,,,,,,,0,,,,10.42544175,,,,,,300.00918575,,,,
,19447799.775,300.0090332,1269.28326416016,1.69838567296134,0.00686592455388758,1,0.999253354069792,40.0298881530762,1.97940421483966,11.4900004118681,9.18835096776887,1.67115020470108,250,-0.0058429184191735,1.69806347599099,0.00129187202333239,300.0084534,300.009613,1219.30688476562,1319.25964355469,55.8575188697944,20.8338912692272,9.256284,0,0,0,40,4449,299.95935,1269.28326416016,,,,,,,,,,,,,0,,,,10.27307415,,,,,,300.0090332,,,,
,19447800.72,300.0084534,1364.23577880859,1.84948678043214,0.00691938306697962,1,0.999253354069792,40.0298881530762,1.97929335125316,11.4900004118681,10.0052991977905,1.8195664138109,250,-0.00639276626880212,1.84913608683615,0.00137676465916447,300.0084534,300.0084534,1319.25964355469,1409.2119140625,56.3296224954098,20.8250680425282,8.512546,0,0,0,40,4449,299.95805,1364.23577880859,,,,,,,,,,,,,0,,,,10.1689291,,,,,,300.0084534,,,,
,19447801.76,300.00932315,1463.8095703125,1.99740063843339,0.00763341944514212,1,0.999253354069792,40.0298881530762,1.97941757190283,11.4900004118681,10.8061035728359,1.96540632577556,250,-0.0068671633676087,1.99702168981177,0.00152361788596166,300.0084534,300.0101929,1409.2119140625,1518.4072265625,55.748090877102,20.8242135388582,8.512546,0,0,0,40,4449,299.9591,1463.8095703125,,,,,,,,,,,,,0,,,,10.3212967,,,,,,300.00932315,,,,
,19447802.905,300.01039125,1577.19573974609,2.11472330737154,0.00825964578474861,1,0.999253354069792,40.0298881530762,1.97948159257457,11.4900004118681,11.4409463867704,2.08222626102164,250,-0.00702798815335044,2.1143210048366,0.00185552825867743,300.0101929,300.0105896,1518.4072265625,1635.98425292969,56.0818462548136,20.8243393491028,8.512546,0,0,0,40,4449,299.9583,1577.19573974609,,,,,,,,,,,,,0,,,,10.3212967,,,,,,300.01039125,,,,
,19447803.895,300.01042175,1682.28112792969,2.29023142719388,0.00766339380044443,1,0.999253354069792,40.0298881530762,1.97960926599942,11.5000000223517,12.391232607038,2.25526871961232,250,-0.00759459675124911,2.28979567443877,0.00202607441067029,300.0102539,300.0105896,1635.98425292969,1728.57800292969,55.8450128134867,20.8291724263727,7.396941,0,0,0,40,4449,299.9587,1682.28112792969,,,,,,,,,,,,,0,,,,10.42544175,,,,,,300.01042175,,,,
,19447804.91,300.0101776,1783.99426269531,2.45066058196275,0.00727497688840166,1,0.999253354069792,40.0298881530762,1.97952769135104,11.4900004118681,13.2587189060202,2.41303517701512,250,-0.00814801620057672,2.45019443072978,0.00214643525767369,300.0101013,300.0102539,1728.57800292969,1839.41052246094,55.4463822686789,20.8251977328072,7.396941,0,0,0,40,4449,299.9597,1783.99426269531,,,,,,,,,,,,,0,,,,10.42544175,,,,,,300.0101776,,,,
,19447805.96,300.01008605,1884.38787841797,2.60462681755293,0.00680753250812102,1,0.999253354069792,40.0298881530762,1.97965550690428,11.5000000223517,14.0931772181254,2.5617098011801,250,-0.00923115683628183,2.60413379606868,0.00171008512008456,300.0100708,300.0101013,1839.41052246094,1929.365234375,56.1639172493329,20.8346785793315,7.396941,0,0,0,40,4449,299.9592,1884.38787841797,,,,,,,,,,,,,0,,,,10.1689291,,,,,,300.01008605,,,,
,19447806.945,300.0102844,1984.25512695313,2.75392213510973,0.00689530732200819,1,0.999253354069792,40.0298881530762,1.97964548108652,11.4900004118681,14.9000514894017,2.7131843828642,250,-0.00889972084458299,2.75339723044149,0.00266837340647409,300.0100708,300.010498,1929.365234375,2039.14501953125,56.3163348105829,20.8180688207209,8.140677,0,0,0,40,4449,299.95915,1984.25512695313,,,,,,,,,,,,,0,,,,10.0165615,,,,,,300.0102844,,,,
,19447807.915,300.0109558,2084.08264160156,2.90219648749098,0.00665177134117212,1,0.999253354069792,40.0298881530762,1.97972033479228,11.4900004118681,15.7037557769178,2.85457403801141,250,-0.0102657853489192,2.90164699004419,0.00192516267840376,300.010498,300.0114136,2039.14501953125,2129.02026367187,55.4565434394289,20.8279384175338,8.884414,0,0,0,40,4449,299.96,2084.08264160156,,,,,,,,,,,,,0,,,,10.27307415,,,,,,300.0109558,,,,
,19447808.8,300.01057435,2168.99304199219,3.047776590145,0.0065726909256092,1,0.999253354069792,40.0298881530762,1.97965383082978,11.4900004118681,16.4899874459433,3.00284807742862,250,-0.00982247388100396,3.04719555819412,0.00297968285736231,300.0097351,300.0114136,2129.02026367187,2208.9658203125,56.0396383147752,20.8241302494445,7.396941,0,0,0,40,4449,299.9601,2168.99304199219,,,,,,,,,,,,,0,,,,10.27307415,,,,,,300.01057435,,,,
,19447809.76,300.010437,2263.87548828125,3.19386752493985,0.00668432123649143,1,0.999253354069792,40.0298881530762,1.97936687623466,11.4900004118681,17.2783746985402,3.14415248088661,250,-0.0106979746936941,3.19326036088709,0.00271788501150392,300.0097351,300.0111389,2208.9658203125,2318.78515625,55.6144324003136,20.8218791290599,7.396941,0,0,0,40,4449,299.9582,2263.87548828125,,,,,,,,,,,,,0,,,,10.1689291,,,,,,300.010437,,,,
,19447810.745,300.01060485,2363.6328125,3.33623342130731,0.00651892047323329,1,0.999253354069792,40.0298881530762,1.97974573273451,11.4900004118681,18.0516278790571,3.28651102516596,250,-0.0108795729257976,3.33559795151958,0.00313403153837519,300.0100708,300.0111389,2318.78515625,2408.48046875,56.0216608588328,20.826086331195,9.256284,0,0,0,40,4449,299.9592,2363.6328125,,,,,,,,,,,,,0,,,,10.3212967,,,,,,300.01060485,,,,
,19447811.76,300.0106964,2463.41687011719,3.47810333105891,0.00640484546620918,1,0.999253354069792,40.0298881530762,1.97963735595481,11.4900004118681,18.8185073870295,3.42469567876267,250,-0.0115987149894916,3.47744192088904,0.00301067688662305,300.0100708,300.011322,2408.48046875,2518.35327148438,56.4812584281406,20.8246235285692,9.256284,0,0,0,40,4449,299.9596,2463.41687011719,,,,,,,,,,,,,0,,,,10.42544175,,,,,,300.0106964,,,,
,19447812.875,300.01123045,2573.31945800781,3.61666708124288,0.00645268290403322,1,0.999253354069792,40.0298881530762,1.97954881957036,11.5000000223517,19.5676397391977,3.55947721335651,250,-0.0123378898312032,3.61598042869293,0.00285342117724331,300.0111389,300.011322,2518.35327148438,2628.28564453125,55.9481877780252,20.8277467284775,9.256284,0,0,0,40,4449,299.95925,2573.31945800781,,,,,,,,,,,,,0,,,,10.5295868,,,,,,300.01123045,,,,
,19447813.85,300.0109253,2673.23474121094,3.75475884555571,0.00636054289614066,1,0.999253354069792,40.0298881530762,1.97977547106851,11.4900004118681,20.3160701486445,3.70103561854338,250,-0.0118403355929309,3.75404195798974,0.00393072256372926,300.0107117,300.0111389,2628.28564453125,2718.18383789062,55.934118464679,20.8204493456417,8.140677,0,0,0,40,4449,299.95795,2673.23474121094,,,,,,,,,,,,,0,,,,10.5295868,,,,,,300.0109253,,,,
,19447814.9,300.01054385,2778.13037109375,3.88887528384202,0.0063055111380796,1,0.999253354069792,40.0298881530762,1.97961958976168,11.5000000223517,21.0404842439401,3.83100335541879,250,-0.0126210470195909,3.88813436130955,0.00371325910777311,300.010376,300.0107117,2718.18383789062,2838.07690429687,55.8317251286598,20.820777073478,9.256284,0,0,0,40,4449,299.9574,2778.13037109375,,,,,,,,,,,,,0,,,,10.42544175,,,,,,300.01054385,,,,
,19447816.05,300.0109558,2893.0009765625,4.02193383753568,0.00618689179337038,1,0.999253354069792,40.0298881530762,1.97964254974081,11.4900004118681,21.7606034944424,3.96229165184458,250,-0.0130220724178187,4.02116740019839,0.00387082729148727,300.010376,300.0115356,2838.07690429687,2947.92504882812,56.5101786833521,20.8199522268887,8.512546,0,0,0,40,4449,299.9584,2893.0009765625,,,,,,,,,,,,,0,,,,10.3212967,,,,,,300.0109558,,,,
,19447817.055,300.01115415,2992.91296386719,4.15193619785389,0.00595903077687977,1,0.999253354069792,40.0298881530762,1.97965101597705,11.4900004118681,22.4647136582094,4.08692640570208,250,-0.0140820948045739,4.1511476578474,0.00335678325671571,300.0107727,300.0115356,2947.92504882812,3037.90087890625,56.238953587179,20.8301265458757,9.256284,0,0,0,40,4449,299.9583,2992.91296386719,,,,,,,,,,,,,0,,,,10.42544175,,,,,,300.01115415,,,,
,19447818.1,300.01089475,3097.88781738281,4.2808273879069,0.00592014872833839,1,0.999253354069792,40.0298881530762,1.97950948045542,11.5000000223517,23.1592624467183,4.22009908766827,250,-0.0132996297985056,4.2800093041326,0.00468019288624636,300.0107727,300.0110168,3037.90087890625,3157.87475585937,55.8668984120251,20.8212396670396,9.256284,0,0,0,40,4449,299.95775,3097.88781738281,,,,,,,,,,,,,0,,,,10.27307415,,,,,,300.01089475,,,,
,19447819.125,300.0108337,3203.07800292969,4.40459918500783,0.00580099796603683,1,0.999253354069792,40.0298881530762,1.97975862597859,11.4900004118681,23.8324991777083,4.33883963953372,250,-0.0143883077033802,4.40376042864118,0.00411136372722762,300.0106506,300.0110168,3157.87475585937,3248.28125,56.1623539922944,20.8256214165336,8.884414,0,0,0,40,4449,299.95675,3203.07800292969,,,,,,,,,,,,,0,,,,10.22074175,,,,,,300.0108337,,,,
,19447820.125,300.0106964,3303.30834960937,4.5270103834366,0.00583549532684941,1,0.999253354069792,40.0298881530762,1.97978854637584,11.5000000223517,24.4948032366561,4.46165906047517,250,-0.0143866531768889,4.52614667618369,0.00462683039316741,300.0106506,300.0107422,3248.28125,3358.33544921875,56.0232241158713,20.8218132221592,8.512546,0,0,0,40,4449,299.9571,3303.30834960937,,,,,,,,,,,,,0,,,,10.37310935,,,,,,300.0106964,,,,
,19447821.25,300.0105896,3418.36401367188,4.76487567409228,0.00537905837558411,1,0.999253354069792,40.0298881530762,1.97984204355774,11.4900004118681,25.7831362412786,4.69293099869096,250,-0.0157495178163528,4.76396917273691,0.00426290614706382,300.010437,300.0107422,3358.33544921875,3478.392578125,56.2194128741983,20.8249910624633,9.256284,0,0,0,40,4449,299.95655,3418.36401367188,,,,,,,,,,,,,0,,,,10.3212967,,,,,,300.0105896,,,,
,19447822.47,300.0108032,3538.33935546875,4.87970142143001,0.0053061772034994,1,0.999253354069792,40.0298881530762,1.97958604492295,11.5000000223517,26.3999955511776,4.81157560711358,250,-0.0149898227060977,4.87876827263067,0.00550442119166507,300.010437,300.0111694,3478.392578125,3598.2861328125,55.832506757179,20.8217184515462,9.256284,0,0,0,40,4449,299.9557,3538.33935546875,,,,,,,,,,,,,0,,,,10.42544175,,,,,,300.0108032,,,,
,19447823.6,300.01115415,3648.40649414063,4.99231503566469,0.00505446433413683,1,0.999253354069792,40.0298881530762,1.97988771295851,11.5000000223517,27.0137789824821,4.92059512856579,250,-0.0158445674725272,4.99136245784519,0.00512238311979571,300.0111389,300.0111694,3598.2861328125,3698.52685546875,55.842667927929,20.828426606416,8.512546,0,0,0,40,4449,299.95685,3648.40649414063,,,,,,,,,,,,,0,,,,10.4772544,,,,,,300.01115415,,,,
,19447824.64,300.01071165,3753.44360351562,5.10023270582598,0.00484164008904338,1,0.999253354069792,40.0298881530762,1.97957824540692,11.5000000223517,27.5926677676254,5.03080481627058,250,-0.015334462035994,5.09925606477017,0.00608528137395958,300.0102844,300.0111389,3698.52685546875,3808.3603515625,55.5706612032367,20.8261233130982,8.140677,0,0,0,40,4449,299.95695,3753.44360351562,,,,,,,,,,,,,0,,,,10.22074175,,,,,,300.01071165,,,,
,19447825.675,300.0103302,3858.32702636719,5.20719496416986,0.00472669467847855,1,0.999253354069792,40.0298881530762,1.97947518307823,11.5000000223517,28.1703913535763,5.1334653258692,250,-0.0161340204408563,5.20619993352162,0.00573490551615976,300.0102844,300.010376,3808.3603515625,3908.29370117188,55.1102820054097,20.822706218594,8.512546,0,0,0,40,4449,299.95535,3858.32702636719,,,,,,,,,,,,,0,,,,10.27307415,,,,,,300.0103302,,,,
,19447826.635,300.0110779,3952.9228515625,5.31408059380817,0.00475120972460422,1,0.999253354069792,40.0298881530762,1.97963153113696,11.5000000223517,28.7517527118557,5.23435038257671,250,-0.017369410425259,5.31306881286752,0.00494833986184798,300.010376,300.0117798,3908.29370117188,3997.55200195313,56.0505811140444,20.823762963095,7.396941,0,0,0,40,4449,299.9554,3952.9228515625,,,,,,,,,,,,,0,,,,10.27307415,,,,,,300.0110779,,,,
,19447827.705,300.0114899,4054.51647949219,5.37699949017115,0.00664777447177091,1,0.999253354069792,40.0298881530762,1.97957340035593,11.4900004118681,29.089150273534,5.3079868711404,250,-0.0153900497167924,5.37596649276115,0.00719128813258366,300.0112,300.0117798,3997.55200195313,4111.48095703125,56.7001144135252,20.8166399005486,9.256284,0,0,0,40,4449,299.9547,4054.51647949219,,,,,,,,,,,,,0,,,,10.1689291,,,,,,300.0114899,,,,
,19447828.705,300.01121525,4153.9140625,5.49558806178518,0.00546319086645135,1,0.999253354069792,40.0298881530762,1.97953154834913,11.4900004118681,29.7312478260683,5.41871160260012,250,-0.0168814119634624,5.49453720106504,0.0061979055334715,300.0112,300.0112305,4111.48095703125,4196.34716796875,56.1396867652367,20.8220359177228,8.140677,0,0,0,40,4449,299.9548,4153.9140625,,,,,,,,,,,,,0,,,,10.1689291,,,,,,300.01121525,,,,
,19447829.635,300.0118561,4252.7734375,5.60287264446242,0.00491579374434964,1,0.999253354069792,40.0298881530762,1.97947064448487,11.4900004118681,30.3104117530396,5.52615081310187,250,-0.0168737907843501,5.60179975131431,0.00665568634329017,300.0112305,300.0124817,4196.34716796875,4309.19970703125,56.1826763337944,20.8136325844784,8.512546,0,0,0,40,4449,299.9553,4252.7734375,,,,,,,,,,,,,0,,,,10.1689291,,,,,,300.0118561,,,,
,19447830.75,300.011734,4369.53125,5.70020271118258,0.00475222538519027,1,0.999253354069792,40.0298881530762,1.97977107427209,11.4900004118681,30.8415161141021,5.62296452144036,250,-0.017169519819519,5.6991112490089,0.00676835855892542,300.0109863,300.0124817,4309.19970703125,4429.86279296875,55.7699764756405,20.8153580787647,8.884414,0,0,0,40,4449,299.95535,4369.53125,,,,,,,,,,,,,0,,,,10.1689291,,,,,,300.011734,,,,
,19447831.765,300.0109863,4469.6513671875,5.79307470314424,0.00470509938409814,1,0.999253354069792,40.0298881530762,1.97976850179689,11.4900004118681,31.3445602038258,5.7113914671957,250,-0.018036895939636,5.79196811777943,0.00629076946262185,300.0109863,300.0109863,4429.86279296875,4509.43994140625,56.4507749158906,20.8198801171286,8.512546,0,0,0,40,4449,299.9559,4469.6513671875,,,,,,,,,,,,,0,,,,10.0165615,,,,,,300.0109863,,,,
,19447832.75,300.0111084,4564.37329101562,5.88159178073372,0.00404404811783301,1,0.999253354069792,40.0298881530762,1.97981832580333,11.5000000223517,31.8245954866411,5.79710257858799,250,-0.0186267551659312,5.88046959338618,0.00607255406202319,300.0109863,300.0112305,4509.43994140625,4619.306640625,55.9059798379867,20.8159454540824,8.512546,0,0,0,40,4449,299.95445,4564.37329101562,,,,,,,,,,,,,0,,,,10.27307415,,,,,,300.0111084,,,,
,19447833.945,300.01094055,4684.14916992188,5.96585950527463,0.00399883276365475,1,0.999253354069792,40.0298881530762,1.97988392468321,11.4900004118681,32.2814639215569,5.88109307109911,250,-0.0187559404019358,5.96472072336417,0.00629695499182933,300.0106506,300.0112305,4619.306640625,4748.99169921875,56.0044650314098,20.8210643426322,8.512546,0,0,0,40,4449,299.9534,4684.14916992188,,,,,,,,,,,,,0,,,,10.4772544,,,,,,300.01094055,,,,
,19447834.985,300.0106506,4788.95434570313,6.05042741887468,0.00393023007199155,1,0.999253354069792,40.0298881530762,1.97978936821785,11.5000000223517,32.7365596852448,5.96946366730762,250,-0.0180446830557637,6.0492684899057,0.00736278938502101,300.0106506,300.0106506,4748.99169921875,4828.9169921875,55.8551739842367,20.8130419597089,8.512546,0,0,0,40,4449,299.9537,4788.95434570313,,,,,,,,,,,,,0,,,,10.22074175,,,,,,300.0106506,,,,
,19447835.985,300.01097105,4888.6103515625,6.13172031620944,0.00391214974597788,1,0.999253354069792,40.0298881530762,1.97980090772674,11.4900004118681,33.1773159202101,6.04580449428073,250,-0.0190077342205857,6.13054880076782,0.00674092136242506,300.0106506,300.0112915,4828.9169921875,4948.3037109375,56.177986562679,20.8147068978007,7.396941,0,0,0,40,4449,299.9539,4888.6103515625,,,,,,,,,,,,,0,,,,10.1689291,,,,,,300.01097105,,,,
,19447837.065,300.0108795,4998.23095703125,6.21192934202847,0.00373558734585895,1,0.999253354069792,40.0298881530762,1.97964321494511,11.5000000223517,33.6070755652364,6.1331595849839,250,-0.0176386813835549,6.21073575740333,0.0084461811652874,300.0104675,300.0112915,4948.3037109375,5048.158203125,55.3963580434482,20.8176342054399,7.396941,0,0,0,40,4449,299.9532,4998.23095703125,,,,,,,,,,,,,0,,,,10.37310935,,,,,,300.0108795,,,,
,19447838.05,300.0105438,5098.12060546875,6.28985257056041,0.00361732452917489,1,0.999253354069792,40.0298881530762,1.97983777219267,11.5000000223517,34.0342489799883,6.19807409435685,250,-0.0201925559241192,6.28865391668674,0.00621965686846869,300.0104675,300.0106201,5048.158203125,5148.0830078125,55.7856090460251,20.8150763867039,9.256284,0,0,0,40,4449,299.9533,5098.12060546875,,,,,,,,,,,,,0,,,,10.37310935,,,,,,300.0105438,,,,
,19447839.08,300.01057435,5198.06860351562,6.36409997529492,0.00340073139581467,1,0.999253354069792,40.0298881530762,1.97979300005003,11.4900004118681,34.4330443337408,6.28294370874836,250,-0.0182403249201464,6.36287800308183,0.00848284419601132,300.0105286,300.0106201,5148.0830078125,5248.05419921875,56.1131113955829,20.8203468645511,8.512546,0,0,0,40,4449,299.9537,5198.06860351562,,,,,,,,,,,,,0,,,,10.37310935,,,,,,300.01057435,,,,
,19447840.065,300.0108643,5293.02001953125,6.43768404425489,0.00326412707814128,1,0.999253354069792,40.0298881530762,1.97980075432705,11.4900004118681,34.8318934529613,6.35243843556852,250,-0.0190382030972794,6.43645035690807,0.00799387612863946,300.0105286,300.0112,5248.05419921875,5337.98583984375,56.208470074929,20.82015079929,7.396941,0,0,0,40,4449,299.9525,5293.02001953125,,,,,,,,,,,,,0,,,,10.424922,,,,,,300.0108643,,,,
,19447841.075,300.01165775,5392.72778320313,6.51017958393687,0.0032997017380711,1,0.999253354069792,40.0298881530762,1.97969766651607,11.5000000223517,35.2229111209014,6.42062067909444,250,-0.0198119097203821,6.50893420510621,0.00752423429310221,300.0112,300.0121155,5337.98583984375,5447.4697265625,56.0693401985059,20.8189248554572,7.396941,0,0,0,40,4449,299.9536,5392.72778320313,,,,,,,,,,,,,0,,,,10.4772544,,,,,,300.01165775,,,,
,19447842.18,300.0117035,5507.59765625,6.57685436809857,0.00356731920936998,1,0.999253354069792,40.0298881530762,1.97976106663121,11.5000000223517,35.5838640957505,6.49142565513014,250,-0.0191184504151488,6.57559250148634,0.0084970393925386,300.0112915,300.0121155,5447.4697265625,5567.7255859375,55.5972365728905,20.8241088636843,9.256284,0,0,0,40,4449,299.95395,5507.59765625,,,,,,,,,,,,,0,,,,10.32335665,,,,,,300.0117035,,,,
,19447843.28,300.0113983,5617.7119140625,6.64766848750143,0.00327663853769291,1,0.999253354069792,40.0298881530762,1.97960113823776,11.5000000223517,35.9632993650424,6.56548838345884,250,-0.0184576003810946,6.64638948823895,0.00945486311177337,300.0112915,300.0115051,5567.7255859375,5667.6982421875,55.7910804456597,20.8141882345908,7.396941,0,0,0,40,4449,299.95215,5617.7119140625,,,,,,,,,,,,,0,,,,10.27102425,,,,,,300.0113983,,,,
,19447844.39,300.0118408,5727.74291992188,6.77609123837633,0.00323070159791534,1,0.999253354069792,40.0298881530762,1.97990822232323,11.4900004118681,36.6649719262076,6.68594500945519,250,-0.0201803228872031,6.77479320801908,0.00827109050097952,300.0115051,300.0121765,5667.6982421875,5787.78759765625,56.7470121246791,20.8254750725881,8.512546,0,0,0,40,4449,299.95355,5727.74291992188,,,,,,,,,,,,,0,,,,10.53011275,,,,,,300.0118408,,,,
,19447845.545,300.0121002,5847.69287109375,6.83890095595599,0.00304079462882468,1,0.999253354069792,40.0298881530762,1.97978610520971,11.5000000223517,37.0013512897959,6.75427284280362,250,-0.019116821516271,6.83758562828466,0.00959753198565274,300.0120239,300.0121765,5787.78759765625,5907.59814453125,56.3585427506213,20.8200259628438,7.396941,0,0,0,40,4449,299.95435,5847.69287109375,,,,,,,,,,,,,0,,,,10.53011275,,,,,,300.0121002,,,,
,19447846.6,300.0117035,5952.59106445313,6.89893510432246,0.00293613872851345,1,0.999253354069792,40.0298881530762,1.97974780318086,11.4900004118681,37.3267758805227,6.80632725713709,250,-0.0205989326547991,6.8976138713337,0.00836751323919057,300.0113831,300.0120239,5907.59814453125,5997.583984375,56.2913226979675,20.8181202898407,7.396941,0,0,0,40,4449,299.95305,5952.59106445313,,,,,,,,,,,,,0,,,,10.424922,,,,,,300.0117035,,,,
,19447847.615,300.0110779,6052.63061523437,6.95872648711285,0.00281907752309504,1,0.999253354069792,40.0298881530762,1.97993180896349,11.5000000223517,37.6538831442513,6.86490883181085,250,-0.0209675455838692,6.9573947927912,0.00824965527775563,300.0107727,300.0113831,5997.583984375,6107.67724609375,56.0029017743713,20.8211463570822,9.256284,0,0,0,40,4449,299.95265,6052.63061523437,,,,,,,,,,,,,0,,,,10.424922,,,,,,300.0110779,,,,
,19447848.685,300.0118408,6157.63647460937,7.01471686556972,0.00276349603075713,1,0.999253354069792,40.0298881530762,1.97973723801233,11.4900004118681,37.952554317836,6.92301504598616,250,-0.0204822427761191,7.01337155493299,0.0089694688717634,300.0107727,300.0129089,6107.67724609375,6207.595703125,56.6579064734868,20.8161511356306,7.396941,0,0,0,40,4449,299.953,6157.63647460937,,,,,,,,,,,,,0,,,,10.424922,,,,,,300.0118408,,,,
,19447849.665,300.0124054,6252.63623046875,7.07310371283933,0.0032167065612925,1,0.999253354069792,40.0298881530762,1.9795042029539,11.5000000223517,38.2635689661584,6.98247042686533,250,-0.0201651873074251,7.07174505723058,0.00953107180351125,300.0119019,300.0129089,6207.595703125,6297.6767578125,56.4359239740252,20.8184110049514,9.256284,0,0,0,40,4449,299.9541,6252.63623046875,,,,,,,,,,,,,0,,,,10.424922,,,,,,300.0124054,,,,
,19447850.675,300.01181035,6352.61279296875,7.12799903485604,0.00306930003613017,1,0.999253354069792,40.0298881530762,1.97989908936317,11.4900004118681,38.568580359809,7.03512718021487,250,-0.0208585131424145,7.1266322692727,0.00906806861439685,300.0117188,300.0119019,6297.6767578125,6407.548828125,56.0161894591982,20.8181127811017,7.396941,0,0,0,40,4449,299.95305,6352.61279296875,,,,,,,,,,,,,0,,,,10.424922,,,,,,300.01181035,,,,
,19447851.64,300.012146,6452.64013671875,7.17959923131322,0.00268253378978209,1,0.999253354069792,40.0298881530762,1.9798358622825,11.4900004118681,38.8463830038677,7.08684935522011,250,-0.0208215125730288,7.17822172101824,0.00932138085805861,300.0117188,300.0125732,6407.548828125,6497.7314453125,56.2905410694483,20.8208717118339,8.884414,0,0,0,40,4449,299.9522,6452.64013671875,,,,,,,,,,,,,0,,,,10.53011275,,,,,,300.012146,,,,
,19447852.575,300.01223755,6548.4599609375,7.23201797323583,0.00301411838240151,1,0.999253354069792,40.0298881530762,1.97971710159258,11.5000000223517,39.1271057637969,7.14145176624191,250,-0.0203668154426717,7.23062787413191,0.00999560803372698,300.0119019,300.0125732,6497.7314453125,6599.1884765625,56.2960124690829,20.8182588215283,8.512546,0,0,0,40,4449,299.95255,6548.4599609375,,,,,,,,,,,,,0,,,,10.53011275,,,,,,300.01223755,,,,
,19447853.685,300.0120392,6659.21118164062,7.28430069850273,0.00272940613796117,1,0.999253354069792,40.0298881530762,1.97976601142207,11.4900004118681,39.4118597883128,7.18818011172614,250,-0.0214518788002767,7.28290456974169,0.00912991999932459,300.0119019,300.0121765,6599.1884765625,6719.23388671875,55.9599122058136,20.8170599340763,9.256284,0,0,0,40,4449,299.9515,6659.21118164062,,,,,,,,,,,,,0,,,,10.53011275,,,,,,300.0120392,,,,
,19447854.735,300.0121002,6764.32373046875,7.33311639833557,0.00265978286587158,1,0.999253354069792,40.0298881530762,1.97979371637272,11.4900004118681,39.6760452690954,7.23900938839585,250,-0.0211221083170312,7.33170893951439,0.00966421610716738,300.0120239,300.0121765,6719.23388671875,6809.41357421875,56.8337728903137,20.8208575637785,9.256284,0,0,0,40,4449,299.95065,6764.32373046875,,,,,,,,,,,,,0,,,,10.376215,,,,,,300.0121002,,,,
,19447855.76,300.0119476,6864.42822265625,7.38314136406774,0.00247379066487746,1,0.999253354069792,40.0298881530762,1.97967640962239,11.4900004118681,39.944504909853,7.28739731015691,250,-0.0213721076830101,7.38172481118006,0.0096240311784859,300.0118713,300.0120239,6809.41357421875,6919.44287109375,56.7016776705637,20.8156466876227,8.140677,0,0,0,40,4449,299.94915,6864.42822265625,,,,,,,,,,,,,0,,,,10.1171265,,,,,,300.0119476,,,,
,19447856.885,300.011734,6979.47314453125,7.42900177017056,0.00261220950446916,1,0.999253354069792,40.0298881530762,1.98002998544624,11.4900004118681,40.2000382951961,7.33169919386401,250,-0.021918863587863,7.42757825413185,0.00926947390910578,300.0115967,300.0118713,6919.44287109375,7039.50341796875,55.9372449787559,20.8187761654451,7.396941,0,0,0,40,4449,299.9487,6979.47314453125,,,,,,,,,,,,,0,,,,10.2192116,,,,,,300.011734,,,,
,19447857.89,300.012146,7084.47241210937,7.47589400911452,0.00237901351730476,1,0.999253354069792,40.0298881530762,1.98014792003974,11.4900004118681,40.4571336138686,7.37300894020343,250,-0.0230544429507046,7.47446563759181,0.00833035014283352,300.0115967,300.0126953,7039.50341796875,7129.44140625,56.1287439659675,20.8227133221433,9.256284,0,0,0,40,4449,299.9501,7084.47241210937,,,,,,,,,,,,,0,,,,10.2192116,,,,,,300.012146,,,,
,19447858.945,300.0128174,7189.498046875,7.52194164056225,0.00268732820800893,1,0.999253354069792,40.0298881530762,1.97972855191773,11.4900004118681,40.6955430215964,7.42970311094045,250,-0.0208265250015913,7.52049437930335,0.0107506514541077,300.0126953,300.0129395,7129.44140625,7249.5546875,56.411693489929,20.8176548299502,7.396941,0,0,0,40,4449,299.95015,7189.498046875,,,,,,,,,,,,,0,,,,10.27102425,,,,,,300.0128174,,,,
,19447860.09,300.0121613,7299.54760742188,7.56427211761309,0.00217178733627949,1,0.999253354069792,40.0298881530762,1.9797965261208,11.5000000223517,40.9257870728763,7.47255225070118,250,-0.0207976293259599,7.56281632957594,0.0109567116577263,300.0113831,300.0129395,7249.5546875,7349.54052734375,55.8770595827751,20.8125480034638,8.512546,0,0,0,40,4449,299.9505,7299.54760742188,,,,,,,,,,,,,0,,,,10.27102425,,,,,,300.0121613,,,,
,19447861.09,300.01145935,7399.5087890625,7.6085072490126,0.00251483357994633,1,0.999253354069792,40.0298881530762,1.9797965261208,11.4900004118681,41.1666734268492,7.50786509421289,250,-0.0224696377024532,7.60704969052419,0.00947030825820833,300.0113831,300.0115356,7349.54052734375,7449.47705078125,55.3439889326597,20.8125480034638,8.512546,0,0,0,40,4449,299.95035,7399.5087890625,,,,,,,,,,,,,0,,,,10.1171265,,,,,,300.01145935,,,,
,19447862.125,300.01211545,7504.54809570312,7.65218872737203,0.00234300577817958,1,0.999253354069792,40.0298881530762,1.97990944969928,11.4900004118681,41.4052412112475,7.5518104229059,250,-0.0225205080495167,7.6507223017773,0.00960264539324278,300.0115356,300.0126953,7449.47705078125,7559.619140625,56.5899047923137,20.8200951158003,7.396941,0,0,0,40,4449,299.94795,7504.54809570312,,,,,,,,,,,,,0,,,,10.2192116,,,,,,300.01211545,,,,
,19447863.295,300.01239015,7619.64526367187,7.73255797380471,0.00234934467204992,1,0.999253354069792,40.0298881530762,1.97986699192165,11.4900004118681,41.8389000085699,7.63277728246206,250,-0.0224216677112267,7.73107469720727,0.0100384126799072,300.012085,300.0126953,7559.619140625,7679.67138671875,56.5656743082175,20.8163880637092,8.512546,0,0,0,40,4449,299.94705,7619.64526367187,,,,,,,,,,,,,0,,,,10.3212967,,,,,,300.01239015,,,,
,19447864.485,300.0120697,7739.66821289063,7.77069297686279,0.00210215509493402,1,0.999253354069792,40.0298881530762,1.97994969560338,11.4900004118681,42.0475574194294,7.66747185642648,250,-0.0231345354976362,7.76920507098673,0.00948505095151359,300.0120544,300.012085,7679.67138671875,7799.6650390625,56.1052951103906,20.8193920536955,9.256284,0,0,0,40,4449,299.9484,7739.66821289063,,,,,,,,,,,,,0,,,,10.2192116,,,,,,300.0120697,,,,
,19447865.655,300.012207,7854.73950195313,7.81155992018304,0.0022230139964025,1,0.999253354069792,40.0298881530762,1.97965474920874,11.4900004118681,42.2608096325934,7.71605400813104,250,-0.021521315665885,7.81005692057303,0.0112689112854071,300.0120544,300.0123596,7799.6650390625,7909.81396484375,55.0790168646404,20.8143569048461,8.512546,0,0,0,40,4449,299.94875,7854.73950195313,,,,,,,,,,,,,0,,,,10.1171265,,,,,,300.012207,,,,
,19447866.74,300.012146,7964.86889648438,7.84957616454859,0.00198052302566717,1,0.999253354069792,40.0298881530762,1.97997360856233,11.5000000223517,42.4730367180831,7.75543920269786,250,-0.0215116749370602,7.8480654405636,0.0114375505523984,300.0119324,300.0123596,7909.81396484375,8019.923828125,56.4671891147944,20.8145046658745,8.512546,0,0,0,40,4449,299.94925,7964.86889648438,,,,,,,,,,,,,0,,,,10.27102425,,,,,,300.012146,,,,
,19447867.635,300.0119324,8053.25512695313,7.88533386608938,0.00224528913092538,1,0.999253354069792,40.0298881530762,1.97976748100771,11.4900004118681,42.663178400125,7.7846197808102,250,-0.0225999452153037,7.88382051848202,0.0104991542375209,300.0119324,300.0119324,8019.923828125,8086.58642578125,56.3421285517175,20.8156670492479,9.256284,0,0,0,40,4449,299.94945,8053.25512695313,,,,,,,,,,,,,0,,,,10.4772544,,,,,,300.0119324,,,,
,19447868.59,300.0119324,8147.94018554687,7.92208326659338,0.00237763142860523,1,0.999253354069792,40.0298881530762,1.97967373681377,11.4900004118681,42.8590242408562,7.82596060752485,250,-0.0217021642113056,7.92055869348246,0.0115505919121863,300.0119324,300.0119324,8086.58642578125,8209.2939453125,55.9731998906405,20.8179479745639,7.396941,0,0,0,40,4449,299.9492,8147.94018554687,,,,,,,,,,,,,0,,,,10.42544175,,,,,,300.0119324,,,,
,19447869.645,300.0118561,8254.69677734375,7.95770471777612,0.00220586898342155,1,0.999253354069792,40.0298881530762,1.98022098998211,11.4900004118681,43.0651575230643,7.85350676021122,250,-0.0236042828822386,7.95618092749783,0.00979791387515924,300.0117798,300.0119324,8209.2939453125,8300.099609375,56.7993812354675,20.8212376352959,9.256284,0,0,0,40,4449,299.9489,8254.69677734375,,,,,,,,,,,,,0,,,,10.2192116,,,,,,300.0118561,,,,
,19447870.595,300.01200865,8350.17236328125,7.99646846830362,0.00219368722132772,1,0.999253354069792,40.0298881530762,1.97995212750751,11.4900004118681,43.2684240703976,7.89493703876886,250,-0.0229387309595841,7.99493396843966,0.0106256567125373,300.0117798,300.0122375,8300.099609375,8400.2451171875,56.231918930506,20.8180532723529,7.396941,0,0,0,40,4449,299.9483,8350.17236328125,,,,,,,,,,,,,0,,,,10.32335665,,,,,,300.01200865,,,,
,19447871.67,300.0128784,8460.283203125,8.03108524065913,0.00194718379942117,1,0.999253354069792,40.0298881530762,1.98014937307828,11.4900004118681,43.4608626308699,7.924988545599,250,-0.0239428265139683,8.02954767818868,0.00976661610458772,300.0122375,300.0135193,8400.2451171875,8520.3212890625,56.5680191937752,20.8205919925626,8.512546,0,0,0,40,4449,299.9477,8460.283203125,,,,,,,,,,,,,0,,,,10.4772544,,,,,,300.0128784,,,,
,19447872.725,300.0135193,8565.36767578125,8.0633234722394,0.00178910343901404,1,0.999253354069792,40.0298881530762,1.98015266334976,11.5000000223517,43.6348324745702,7.95983265657141,250,-0.0234803508800991,8.06177724029606,0.0103638973815223,300.0135193,300.0135193,8520.3212890625,8610.4140625,56.3444734372752,20.8185132169879,8.512546,0,0,0,40,4449,299.947,8565.36767578125,,,,,,,,,,,,,0,,,,10.4772544,,,,,,300.0135193,,,,
,19447873.765,300.0132294,8670.39697265625,8.09776057811137,0.0020135501195198,1,0.999253354069792,40.0298881530762,1.97977413775289,11.5000000223517,43.8115314411251,8.00036265683867,250,-0.0220960812292799,8.09620164402038,0.0118919283624248,300.0129395,300.0135193,8610.4140625,8730.3798828125,56.0177527162367,20.8122222157345,9.256284,0,0,0,40,4449,299.9469,8670.39697265625,,,,,,,,,,,,,0,,,,10.32335665,,,,,,300.0132294,,,,
,19447874.835,300.01217655,8775.361328125,8.13050973691135,0.00202499182128045,1,0.999253354069792,40.0298881530762,1.98006468350433,11.4900004118681,43.9958148960871,8.02954800278885,250,-0.022983690702515,8.12894821420244,0.0111414014744823,300.0114136,300.0129395,8730.3798828125,8820.3427734375,55.9216124083713,20.8203005062499,7.396941,0,0,0,40,4449,299.9472,8775.361328125,,,,,,,,,,,,,0,,,,10.1171265,,,,,,300.01217655,,,,
,19447875.835,300.01216125,8875.34423828125,8.1627073316834,0.00192356719868695,1,0.999253354069792,40.0298881530762,1.97998580260629,11.5000000223517,44.1693121360751,8.05571704366192,250,-0.0240570889126335,8.16114379909893,0.0102028470940367,300.0114136,300.0129089,8820.3427734375,8930.345703125,56.0138445736405,20.8163744602696,9.256284,0,0,0,40,4449,299.94735,8875.34423828125,,,,,,,,,,,,,0,,,,10.1171265,,,,,,300.01216125,,,,
,19447877.025,300.0124054,8995.30859375,8.19437952534326,0.00208478304986502,1,0.999253354069792,40.0298881530762,1.97992054223254,11.5000000223517,44.3387161153842,8.08969163428201,250,-0.0235993171818476,8.19280758978381,0.0107929059997895,300.0119019,300.0129089,8930.345703125,9060.271484375,55.168904144352,20.8164355304407,7.396941,0,0,0,40,4449,299.94705,8995.30859375,,,,,,,,,,,,,0,,,,10.1171265,,,,,,300.0124054,,,,
,19447878.19,300.0120392,9110.23583984375,8.22811804314665,0.0018875355120288,1,0.999253354069792,40.0298881530762,1.97974514406392,11.5000000223517,44.5161234895097,8.1293141059443,250,-0.0223985028241435,8.22653433642138,0.01213466867892,300.0119019,300.0121765,9060.271484375,9160.2001953125,56.2053435608521,20.8172286471822,8.512546,0,0,0,40,4449,299.94585,9110.23583984375,,,,,,,,,,,,,0,,,,10.376215,,,,,,300.0120392,,,,
,19447879.23,300.0123596,9215.24072265625,8.2578546071861,0.00189332066628093,1,0.999253354069792,40.0298881530762,1.9798443871374,11.4900004118681,44.6778879658987,8.16611246203684,250,-0.0211810016408594,8.2562596605222,0.0134763916677373,300.0121765,300.0125427,9160.2001953125,9270.28125,56.3780834636021,20.8144149373575,8.512546,0,0,0,40,4449,299.94445,9215.24072265625,,,,,,,,,,,,,0,,,,10.376215,,,,,,300.0123596,,,,
,19447880.325,300.0126648,9325.3671875,8.28848833920122,0.00188111865923494,1,0.999253354069792,40.0298881530762,1.97990312127568,11.4900004118681,44.8474467920423,8.18304141449931,250,-0.0237739239924854,8.28689800633014,0.0110117789712128,300.0125427,300.0127869,9270.28125,9380.453125,56.9627415959868,20.8159831788955,8.512546,0,0,0,40,4449,299.94615,9325.3671875,,,,,,,,,,,,,0,,,,10.27102425,,,,,,300.0126648,,,,
,19447881.34,300.0125275,9425.408203125,8.34670914420976,0.0017559887806198,1,0.999253354069792,40.0298881530762,1.97995780511793,11.4900004118681,45.1637492542152,8.24040142021972,250,-0.024003531309371,8.34510800800018,0.0110258651352123,300.0122681,300.0127869,9380.453125,9470.36328125,55.8160925582751,20.8158742529901,8.512546,0,0,0,40,4449,299.9474,9425.408203125,,,,,,,,,,,,,0,,,,10.424922,,,,,,300.0125275,,,,
,19447882.415,300.01179505,9530.478515625,8.37833825822,0.00214923339829251,1,0.999253354069792,40.0298881530762,1.98017786553536,11.4900004118681,45.3391032805751,8.2763325949558,250,-0.0233899910386976,8.37672836775809,0.0117715458613825,300.011322,300.0122681,9470.36328125,9590.59375,55.9145777516982,20.8192858109585,8.884414,0,0,0,40,4449,299.94695,9530.478515625,,,,,,,,,,,,,0,,,,10.424922,,,,,,300.01179505,,,,
,19447883.58,300.0117645,9645.6083984375,8.4061683241593,0.00195342521363135,1,0.999253354069792,40.0298881530762,1.98000116999488,11.5000000223517,45.4849538933611,8.30737203225165,250,-0.0226774916219854,8.40454982604966,0.0126001903393108,300.011322,300.012207,9590.59375,9700.623046875,55.893473781679,20.8185341065103,8.512546,0,0,0,40,4449,299.94635,9645.6083984375,,,,,,,,,,,,,0,,,,10.53011275,,,,,,300.0117645,,,,
,19447884.59,300.01177975,9750.82080078125,8.43426351266746,0.00178894527649338,1,0.999253354069792,40.0298881530762,1.98017022041087,11.4900004118681,45.6420822480494,8.32878056639617,250,-0.0240565276164077,8.43264510080728,0.011338988016026,300.0113525,300.012207,9700.623046875,9801.0185546875,56.3561978650637,20.8208681734987,8.512546,0,0,0,40,4449,299.945,9750.82080078125,,,,,,,,,,,,,0,,,,10.6353035,,,,,,300.01177975,,,,
,19447885.66,300.0115509,9861.2021484375,8.46300250783654,0.00167769774662601,1,0.999253354069792,40.0298881530762,1.97996121066168,11.4900004118681,45.79275685492,8.35701323880745,250,-0.0240061370265555,8.46137813981084,0.0115095089215554,300.0113525,300.0117493,9801.0185546875,9921.3857421875,56.435142345506,20.8182301268393,9.256284,0,0,0,40,4449,299.94425,9861.2021484375,,,,,,,,,,,,,0,,,,10.58244515,,,,,,300.0115509,,,,
,19447886.8,300.012085,9971.4755859375,8.49134704691533,0.00172553984695978,1,0.999253354069792,40.0298881530762,1.98001646736639,11.4900004118681,45.9469145032765,8.38772713589096,250,-0.0236244456313005,8.48971518301291,0.0120095195455819,300.0117493,300.0124207,9921.3857421875,10021.5654296875,56.7149653553906,20.8160001944798,9.256284,0,0,0,40,4449,299.9441,9971.4755859375,,,,,,,,,,,,,0,,,,10.58244515,,,,,,300.012085,,,,
,19447887.79,300.01220705,10071.5571289062,8.51711791493154,0.00167359892377565,1,0.999253354069792,40.0298881530762,1.97979787313482,11.5000000223517,46.080953505123,8.41467835437586,250,-0.0232517105551435,8.51547923995002,0.0124898382002356,300.0119934,300.0124207,10021.5654296875,10121.548828125,56.2194128741983,20.8121456548121,7.396941,0,0,0,40,4449,299.94385,10071.5571289062,,,,,,,,,,,,,0,,,,10.53011275,,,,,,300.01220705,,,,
,19447888.905,300.0115814,10186.5932617187,8.5454964358979,0.00197161999661781,1,0.999253354069792,40.0298881530762,1.98000600906022,11.4900004118681,46.2395813241733,8.44171298703785,250,-0.0236740147058464,8.5438540083839,0.0121860206763081,300.0111694,300.0119934,10121.548828125,10251.6376953125,55.9653836054482,20.8192226612083,7.396941,0,0,0,40,4449,299.94445,10186.5932617187,,,,,,,,,,,,,0,,,,10.27102425,,,,,,300.0115814,,,,
,19447890.11,300.01148985,10306.705078125,8.57195707567918,0.00165647530500818,1,0.999253354069792,40.0298881530762,1.9800572150668,11.4900004118681,46.3844939033419,8.46502500942657,250,-0.0243089153317857,8.57031201129766,0.0116615993646381,300.0111694,300.0118103,10251.6376953125,10361.7724609375,56.506270540756,20.8168398653748,8.140677,0,0,0,40,4449,299.94485,10306.705078125,,,,,,,,,,,,,0,,,,10.376215,,,,,,300.01148985,,,,
,19447891.125,300.0127716,10406.7915039062,8.59938076738298,0.00199947327276669,1,0.999253354069792,40.0298881530762,1.9800572150668,11.4900004118681,46.5316231174401,8.49892054224051,250,-0.0231263979130406,8.5977247766103,0.01295861276163,300.0118103,300.0137329,10361.7724609375,10451.810546875,56.7540467813522,20.8168398653748,8.884414,0,0,0,40,4449,299.9435,10406.7915039062,,,,,,,,,,,,,0,,,,10.53011275,,,,,,300.0127716,,,,
,19447892.14,300.0132904,10506.8598632813,8.62765308732848,0.00160796903211235,1,0.999253354069792,40.0298881530762,1.9798338579662,11.4900004118681,46.6798462548464,8.5238877549279,250,-0.0235785673029878,8.62599310826092,0.0126247019212239,300.0128479,300.0137329,10451.810546875,10561.9091796875,55.9200491513328,20.818797347051,8.512546,0,0,0,40,4449,299.94305,10506.8598632813,,,,,,,,,,,,,0,,,,10.53011275,,,,,,300.0132904,,,,
,19447893.245,300.01239015,10616.8461914062,8.64953877870384,0.00166310159384825,1,0.999253354069792,40.0298881530762,1.97987467820483,11.4900004118681,46.7978378244498,8.553037280851,250,-0.0222776883060979,8.64786922921587,0.0140164811061653,300.0119324,300.0128479,10561.9091796875,10671.783203125,55.6175589143905,20.8145947014366,7.396941,0,0,0,40,4449,299.94365,10616.8461914062,,,,,,,,,,,,,0,,,,10.6353035,,,,,,300.01239015,,,,
,19447894.29,300.01246645,10721.818359375,8.67823313750278,0.00171376545993038,1,0.999253354069792,40.0298881530762,1.97983589702736,11.4900004118681,46.9544471616928,8.56907568553635,250,-0.0246017496711084,8.67656752836397,0.0118126170352445,300.0119324,300.0130005,10671.783203125,10771.853515625,56.6125720193714,20.8184574959988,9.256284,0,0,0,40,4449,299.94445,10721.818359375,,,,,,,,,,,,,0,,,,10.53011275,,,,,,300.01246645,,,,
,19447895.375,300.0128937,10831.859375,8.72803945704169,0.00185236375347405,1,0.999253354069792,40.0298881530762,1.97986387143491,11.4900004118681,47.2221594872622,8.63142577120096,250,-0.0223288878584548,8.72635408004692,0.0142933738394626,300.0127869,300.0130005,10771.853515625,10891.865234375,56.2756901275829,20.8206059146174,7.396941,0,0,0,40,4449,299.9446,10831.859375,,,,,,,,,,,,,0,,,,10.4772544,,,,,,300.0128937,,,,
,19447896.57,300.0131226,10951.8588867187,8.75021824046476,0.00175068788421348,1,0.999253354069792,40.0298881530762,1.98000541437537,11.5000000223517,47.3471969747573,8.64457662970356,250,-0.0241206448358078,8.74853582906305,0.012594575323057,300.0127869,300.0134583,10891.865234375,11011.8525390625,56.1326521085636,20.8226614554906,8.512546,0,0,0,40,4449,299.94335,10951.8588867187,,,,,,,,,,,,,0,,,,10.58244515,,,,,,300.0131226,,,,
,19447897.65,300.0134583,11056.947265625,8.77672811119153,0.0018468488863183,1,0.999253354069792,40.0298881530762,1.98002162964292,11.4900004118681,47.4903723522586,8.6743291014299,250,-0.0235473623880825,8.77503782093929,0.0132785512017397,300.0134583,300.0134583,11011.8525390625,11102.0419921875,56.157664221179,20.820586046828,9.256284,0,0,0,40,4449,299.9423,11056.947265625,,,,,,,,,,,,,0,,,,10.6353035,,,,,,300.0134583,,,,
,19447898.61,300.01269535,11152.0629882813,8.79957098349978,0.00161745341572173,1,0.999253354069792,40.0298881530762,1.98007571130798,11.5000000223517,47.6154913316316,8.69580326873767,250,-0.0238547755222828,8.79787762697594,0.0130664735476495,300.0119324,300.0134583,11102.0419921875,11202.083984375,56.0169710877175,20.8205961819066,8.512546,0,0,0,40,4449,299.94265,11152.0629882813,,,,,,,,,,,,,0,,,,10.58244515,,,,,,300.01269535,,,,
,19447899.64,300.01119995,11257.1127929688,8.82457450481796,0.00167885097880674,1,0.999253354069792,40.0298881530762,1.98009791151894,11.4900004118681,47.7510592766842,8.72197823321875,250,-0.0236685685484278,8.82287581513694,0.0133569301119318,300.0104675,300.0119324,11202.083984375,11312.1416015625,56.4640626007175,20.8203445191546,8.512546,0,0,0,40,4449,299.94295,11257.1127929688,,,,,,,,,,,,,0,,,,10.58244515,,,,,,300.01119995,,,,
,19447900.65,300.01060485,11357.1318359375,8.84758877927333,0.00169334086701589,1,0.999253354069792,40.0298881530762,1.9798414868665,11.4900004118681,47.8698940630079,8.74174776040794,250,-0.0240761865227657,8.84588734528632,0.0130455136627254,300.0104675,300.0107422,11312.1416015625,11402.1220703125,56.0630871703521,20.8207950487108,9.256284,0,0,0,40,4449,299.9422,11357.1318359375,,,,,,,,,,,,,0,,,,10.6353035,,,,,,300.01060485,,,,
,19447901.635,300.0108795,11457.0522460938,8.87406094553267,0.00193809417357443,1,0.999253354069792,40.0298881530762,1.9797554930768,11.4900004118681,48.0105421642037,8.77047235928274,250,-0.0236038604733849,8.8723521006615,0.013628232847778,300.0107422,300.0110168,11402.1220703125,11511.982421875,56.8275198621599,20.8209866426174,8.512546,0,0,0,40,4449,299.94235,11457.0522460938,,,,,,,,,,,,,0,,,,10.53011275,,,,,,300.0108795,,,,
,19447902.62,300.01123045,11557.0288085938,8.89464970845899,0.00164874311612113,1,0.999253354069792,40.0298881530762,1.98015100974785,11.4900004118681,48.1318245955306,8.78975072354936,250,-0.02417260828819,8.89293899358098,0.0131454047155446,300.0110168,300.0114441,11511.982421875,11602.0751953125,56.6391473890252,20.8194355269183,8.512546,0,0,0,40,4449,299.9425,11557.0288085938,,,,,,,,,,,,,0,,,,10.53011275,,,,,,300.01123045,,,,
,19447903.675,300.01161195,11662.0810546875,8.92146680320951,0.00158451736000041,1,0.999253354069792,40.0298881530762,1.97993331271131,11.4900004118681,48.2720723990722,8.81363855297371,250,-0.0245533865588038,8.9197521385401,0.0128767589425012,300.0114441,300.0117798,11602.0751953125,11722.0869140625,56.455464687006,20.8258411005752,7.396941,0,0,0,40,4449,299.9416,11662.0810546875,,,,,,,,,,,,,0,,,,10.6353035,,,,,,300.01161195,,,,
,19447905.63,300.0106201,11857.181640625,8.94175016389373,0.00173658320403534,1,0.999253354069792,40.0298881530762,1.97993660178718,11.4900004118681,48.381510770244,8.83580002049786,250,-0.0242184215795237,8.94003037309297,0.0132958473787574,300.0101318,300.0111084,11852.234375,11862.12890625,56.5859966497175,20.823189958869,7.396941,0,0,0,40,4449,299.9404,11857.181640625,,,,,,,,,,,,,0,,,,10.27102425,,,,,,300.0106201,,,,
,19447906.155,300.0101318,11907.1640625,8.96379171235389,0.00170487674428474,1,0.999253354069792,40.0298881530762,1.9801402658319,11.4900004118681,48.5068041764126,8.85218621515011,250,-0.0254394798755561,8.96207274627993,0.0121671707566646,300.0101318,300.0101318,11862.12890625,11952.19921875,56.2655289568329,20.8243918088418,9.256284,0,0,0,40,4449,299.94075,11907.1640625,,,,,,,,,,,,,0,,,,10.1171265,,,,,,300.0101318,,,,
,19447907.15,300.0108032,12007.23828125,8.98800096943498,0.00177269058415587,1,0.999253354069792,40.0298881530762,1.98000604701253,11.4900004118681,48.6333113177017,8.88242469368534,250,-0.0242283762497903,8.98627183701451,0.0134788689958001,300.0101318,300.0114746,11952.19921875,12062.27734375,56.638365760506,20.824291297722,9.256284,0,0,0,40,4449,299.9418,12007.23828125,,,,,,,,,,,,,0,,,,10.32335665,,,,,,300.0108032,,,,
,19447908.235,300.01164245,12117.2446289062,9.01038571477428,0.00181929523547401,1,0.999253354069792,40.0298881530762,1.98009080319465,11.4900004118681,48.7554173896438,8.91058236398759,250,-0.0232407371879956,9.00864766480879,0.014559531608741,300.0114746,300.0118103,12062.27734375,12172.2119140625,56.9658681100637,20.8216571861872,7.396941,0,0,0,40,4449,299.9422,12117.2446289062,,,,,,,,,,,,,0,,,,10.4772544,,,,,,300.01164245,,,,
,19447909.25,300.01164245,12217.2919921875,9.03194670878124,0.00175668562697545,1,0.999253354069792,40.0298881530762,1.98010477590321,11.4900004118681,48.8725278096923,8.93139074227867,250,-0.0234021273795616,9.03020500001019,0.0144880179499452,300.0114746,300.0118103,12172.2119140625,12262.3720703125,56.6524350738522,20.8176156201388,8.512546,0,0,0,40,4449,299.94245,12217.2919921875,,,,,,,,,,,,,0,,,,10.4772544,,,,,,300.01164245,,,,
,19447910.235,300.01116945,12317.359375,9.05465722802706,0.00135019915504334,1,0.999253354069792,40.0298881530762,1.98014925480701,11.4900004118681,48.99978511045,8.93627893166012,250,-0.026744928435822,9.05292514738134,0.0112403647591122,300.0108643,300.0114746,12262.3720703125,12372.3466796875,56.0075915454867,20.8242412149938,8.884414,0,0,0,40,4449,299.944,12317.359375,,,,,,,,,,,,,0,,,,10.32335665,,,,,,300.01116945,,,,
,19447911.32,300.01072695,12427.3413085938,9.09938898023305,0.00162866058916452,1,0.999253354069792,40.0298881530762,1.97988980233533,11.4900004118681,49.2329790037219,8.99320562588366,250,-0.0243008989451128,9.09763776133804,0.0138707214287195,300.0105896,300.0108643,12372.3466796875,12482.3359375,55.7465276200636,20.8246849768811,8.512546,0,0,0,40,4449,299.9452,12427.3413085938,,,,,,,,,,,,,0,,,,10.1171265,,,,,,300.01072695,,,,
,19447912.47,300.01094055,12542.3852539062,9.12291992570746,0.00158993608663373,1,0.999253354069792,40.0298881530762,1.97997063122271,11.4900004118681,49.36294194814,9.01314541074683,250,-0.025043035300945,9.12116698809572,0.0132270904039309,300.0105896,300.0112915,12482.3359375,12602.4345703125,56.5172133400252,20.8218392503478,9.256284,0,0,0,40,4449,299.94315,12542.3852539062,,,,,,,,,,,,,0,,,,10.27102425,,,,,,300.01094055,,,,
,19447913.57,300.01161195,12652.44921875,9.14281582670126,0.00177144485975802,1,0.999253354069792,40.0298881530762,1.98014892204412,11.4900004118681,49.4740833633413,9.03821574551723,250,-0.0242428029535021,9.14105530436703,0.0141100807868171,300.0112915,300.0119324,12602.4345703125,12702.4638671875,56.6610329875637,20.8233038267031,8.512546,0,0,0,40,4449,299.9425,12652.44921875,,,,,,,,,,,,,0,,,,10.4772544,,,,,,300.01161195,,,,
,19447914.645,300.01257325,12757.4916992187,9.16300544116294,0.00174509397757439,1,0.999253354069792,40.0298881530762,1.97998539452087,11.4900004118681,49.5791357847568,9.05854114247651,250,-0.0240927449213517,9.16123992944281,0.014343975659875,300.0119324,300.0132141,12702.4638671875,12812.51953125,56.2874145553713,20.8187408997794,9.256284,0,0,0,40,4449,299.9439,12757.4916992187,,,,,,,,,,,,,0,,,,10.4772544,,,,,,300.01257325,,,,
,19447915.725,300.013031,12867.5302734375,9.18492149845435,0.0016425269744058,1,0.999253354069792,40.0298881530762,1.97992969527688,11.4900004118681,49.6966293334063,9.07847782377564,250,-0.0244235226294991,9.18315280799374,0.0141046217589514,300.0128479,300.0132141,12812.51953125,12922.541015625,55.8442311849674,20.8199664418178,8.512546,0,0,0,40,4449,299.94345,12867.5302734375,,,,,,,,,,,,,0,,,,10.424922,,,,,,300.013031,,,,
,19447916.69,300.0129242,12967.576171875,9.20512645152963,0.00204137494918572,1,0.999253354069792,40.0298881530762,1.98010201461142,11.5000000223517,49.8100144454059,9.1001149672666,250,-0.0243116289145905,9.20335324417512,0.0143008943110885,300.0128479,300.0130005,12922.541015625,13012.611328125,56.2538045290444,20.823742550234,8.512546,0,0,0,40,4449,299.9419,12967.576171875,,,,,,,,,,,,,0,,,,10.27102425,,,,,,300.0129242,,,,
,19447917.745,300.0131531,13073.0888671875,9.22795612569731,0.00191858996799065,1,0.999253354069792,40.0298881530762,1.97996477129708,11.4900004118681,49.9291917927716,9.12735671797037,250,-0.0233933289554685,9.22617439189215,0.0153141920865816,300.0130005,300.0133057,13012.611328125,13133.56640625,57.1964485232368,20.8234021673471,7.396941,0,0,0,40,4449,299.9416,13073.0888671875,,,,,,,,,,,,,0,,,,10.32335665,,,,,,300.0131531,,,,
,19447918.9,300.01220705,13188.6821289062,9.24956490665575,0.00180854603193817,1,0.999253354069792,40.0298881530762,1.98000221484428,11.4900004118681,50.0479505247061,9.14395884554286,250,-0.0243608351707434,9.24778322129298,0.014436770792751,300.0111084,300.0133057,13133.56640625,13243.7978515625,56.4093486043714,20.823543671875,7.396941,0,0,0,40,4449,299.94205,13188.6821289062,,,,,,,,,,,,,0,,,,10.32335665,,,,,,300.01220705,,,,
,19447919.91,300.01138305,13288.8354492187,9.27114246085396,0.00187810669613163,1,0.999253354069792,40.0298881530762,1.97993283942807,11.4900004118681,50.1631639345638,9.16404273237353,250,-0.0245899140841526,9.26935767335917,0.0142977036841947,300.0111084,300.0116577,13243.7978515625,13333.873046875,55.9177042657751,20.8226998955567,9.256284,0,0,0,40,4449,299.9417,13288.8354492187,,,,,,,,,,,,,0,,,,10.1171265,,,,,,300.01138305,,,,
,19447920.95,300.01301575,13388.91796875,9.29175402980075,0.00172718398153663,1,0.999253354069792,40.0298881530762,1.98011376582372,11.4900004118681,50.2786015841186,9.18827127703479,250,-0.0240825684219606,9.2899624048698,0.0148908941229661,300.0116577,300.0143738,13333.873046875,13443.962890625,56.320242953179,20.8251410807474,8.512546,0,0,0,40,4449,299.9411,13388.91796875,,,,,,,,,,,,,0,,,,10.27102425,,,,,,300.01301575,,,,
,19447921.98,300.013443,13493.9912109375,9.31164731398931,0.00156637654104121,1,0.999253354069792,40.0298881530762,1.97999733452905,11.4900004118681,50.3828287397197,9.21025685417624,250,-0.023608192760329,9.30984954117639,0.0154481771851847,300.0125122,300.0143738,13443.962890625,13544.01953125,56.2194128741983,20.8216099700391,8.512546,0,0,0,40,4449,299.93985,13493.9912109375,,,,,,,,,,,,,0,,,,10.27102425,,,,,,300.013443,,,,
,19447922.985,300.0131836,13599.0859375,9.3342567702217,0.00180006244460453,1,0.999253354069792,40.0298881530762,1.97999519235219,11.4900004118681,50.5067098829629,9.22398212569694,250,-0.0252603130900026,9.3324614699273,0.0138905775271009,300.0125122,300.013855,13544.01953125,13654.15234375,55.7082278226213,20.823775969038,8.512546,0,0,0,40,4449,299.93995,13599.0859375,,,,,,,,,,,,,0,,,,10.27102425,,,,,,300.0131836,,,,
,19447924.155,300.01371765,13714.1420898438,9.37417588067741,0.00164138126891242,1,0.999253354069792,40.0298881530762,1.97998363409552,11.4900004118681,50.7221872427389,9.26462428667104,250,-0.0251371289185074,9.3723717990314,0.0141806114106635,300.0135803,300.013855,13654.15234375,13774.1318359375,56.9338213407753,20.825807596027,9.256284,0,0,0,40,4449,299.939,13714.1420898438,,,,,,,,,,,,,0,,,,10.53011275,,,,,,300.01371765,,,,
,19447925.39,300.0124359,13834.1865234375,9.39292589624037,0.00175445894889516,1,0.999253354069792,40.0298881530762,1.97993514540051,11.4900004118681,50.8221791111021,9.28428322122464,250,-0.02493730942983,9.39111765769276,0.0144584234673349,300.0112915,300.0135803,13774.1318359375,13894.2412109375,56.2788166416598,20.8208955781766,9.256284,0,0,0,40,4449,299.93825,13834.1865234375,,,,,,,,,,,,,0,,,,10.376215,,,,,,300.0124359,,,,
,19447926.555,300.01193235,13949.1801757813,9.41409809531113,0.00166616972443235,1,0.999253354069792,40.0298881530762,1.97997176079179,11.4900004118681,50.9384067486288,9.30132641596261,250,-0.0257420420255798,9.41228916627536,0.0137418850546424,300.0112915,300.0125732,13894.2412109375,14004.119140625,56.536754053006,20.8224007207209,8.512546,0,0,0,40,4449,299.9387,13949.1801757813,,,,,,,,,,,,,0,,,,10.376215,,,,,,300.01193235,,,,
,19447927.665,300.01274105,14059.173828125,9.43228309092259,0.00151746825003346,1,0.999253354069792,40.0298881530762,1.97997058780681,11.4900004118681,51.0349653372081,9.32903466682124,250,-0.0239888103085008,9.43046289402949,0.0155702959260196,300.0125732,300.0129089,14004.119140625,14114.228515625,55.9020716953905,20.8210886768245,9.256284,0,0,0,40,4449,299.9391,14059.173828125,,,,,,,,,,,,,0,,,,10.53011275,,,,,,300.01274105,,,,
,19447928.71,300.01197815,14164.251953125,9.45385848158596,0.00149714205206114,1,0.999253354069792,40.0298881530762,1.97993925580229,11.4900004118681,51.152085510969,9.34391610784835,250,-0.0252107131682007,9.45203932311794,0.0144386722522199,300.0110474,300.0129089,14114.228515625,14214.275390625,56.922878541506,20.8242458390798,8.512546,0,0,0,40,4449,299.9379,14164.251953125,,,,,,,,,,,,,0,,,,10.27102425,,,,,,300.01197815,,,,
,19447929.7,300.01142885,14269.2797851562,9.47491731422349,0.00154126898379884,1,0.999253354069792,40.0298881530762,1.97983388364825,11.5000000223517,51.2625232663864,9.36880374157199,250,-0.0244233411028176,9.47309079299506,0.0153138238089533,300.0110474,300.0118103,14214.275390625,14324.2841796875,55.9692917480444,20.821934327561,9.256284,0,0,0,40,4449,299.9362,14269.2797851562,,,,,,,,,,,,,0,,,,10.27102425,,,,,,300.01142885,,,,
,19447930.735,300.0118866,14374.330078125,9.49536361963907,0.00180976829984173,1,0.999253354069792,40.0298881530762,1.97999127774117,11.4900004118681,51.3767139415894,9.39198084436224,250,-0.0240626576483478,9.49353133021759,0.0157594642260723,300.0118103,300.0119629,14324.2841796875,14424.3759765625,56.8705094307176,20.8258360283874,9.256284,0,0,0,40,4449,299.93665,14374.330078125,,,,,,,,,,,,,0,,,,10.4772544,,,,,,300.0118866,,,,
,19447931.66,300.0119629,14464.3725585938,9.51338281739029,0.00153988970360946,1,0.999253354069792,40.0298881530762,1.97981838410152,11.4900004118681,51.4704314004302,9.40574171986609,250,-0.0247105755518608,9.51154961778818,0.0151865167044384,300.0119629,300.0119629,14424.3759765625,14504.369140625,56.353852979506,20.8195415581075,9.256284,0,0,0,40,4449,299.93775,14464.3725585938,,,,,,,,,,,,,0,,,,10.32335665,,,,,,300.0119629,,,,
,19447932.64,300.0122528,14564.3647460938,9.53323934729482,0.00144204250169567,1,0.999253354069792,40.0298881530762,1.9799035251799,11.4900004118681,51.5800504141982,9.4256311574144,250,-0.024786846001468,9.53140239651506,0.0151927479884201,300.0119629,300.0125427,14504.369140625,14624.3603515625,56.6211699330829,20.8208283410838,7.396941,0,0,0,40,4449,299.9388,14564.3647460938,,,,,,,,,,,,,0,,,,10.32335665,,,,,,300.0122528,,,,
,19447933.725,300.0125427,14669.4252929687,9.55261340283131,0.0016223997169222,1,0.999253354069792,40.0298881530762,1.98001383699467,11.5000000223517,51.686955347785,9.44922500256504,250,-0.0241108373394388,9.55076962671174,0.015949268099379,300.0125427,300.0125427,14624.3603515625,14714.490234375,56.1029502248329,20.8180810398464,9.256284,0,0,0,40,4449,299.93845,14669.4252929687,,,,,,,,,,,,,0,,,,10.58244515,,,,,,300.0125427,,,,
,19447934.725,300.01219175,14769.4321289062,9.57342197985917,0.00161241900947861,1,0.999253354069792,40.0298881530762,1.97997483667549,11.4900004118681,51.798261299012,9.47119100002617,250,-0.0238736702892111,9.57157313612837,0.0162732216484868,300.0118408,300.0125427,14714.490234375,14824.3740234375,56.3155531820637,20.8302706768818,8.512546,0,0,0,40,4449,299.9372,14769.4321289062,,,,,,,,,,,,,0,,,,10.53011275,,,,,,300.01219175,,,,
,19447935.805,300.0122223,14879.4072265625,9.59262983465406,0.0017110923042576,1,0.999253354069792,40.0298881530762,1.97996355535403,11.4900004118681,51.9028872527866,9.48481508987025,250,-0.0249058495392152,9.59078144779908,0.0153212633348042,300.0118408,300.0126038,14824.3740234375,14934.4404296875,56.3616692646983,20.8223489325565,7.396941,0,0,0,40,4449,299.93625,14879.4072265625,,,,,,,,,,,,,0,,,,10.424922,,,,,,300.0122223,,,,
,19447936.825,300.0126038,14979.4243164062,9.61146004387249,0.00159175627717593,1,0.999253354069792,40.0298881530762,1.98000743498647,11.4900004118681,52.0064378582687,9.50071549531994,250,-0.02549452396894,9.60961023115226,0.0148108767893343,300.0126038,300.0126038,14934.4404296875,15024.408203125,56.4843849422175,20.8238146883052,9.256284,0,0,0,40,4449,299.9373,14979.4243164062,,,,,,,,,,,,,0,,,,10.424922,,,,,,300.0126038,,,,
,19447937.79,300.01342775,15074.4155273438,9.63182663780905,0.00151421906281708,1,0.999253354069792,40.0298881530762,1.97991836406289,11.4900004118681,52.1137393420986,9.52372788645111,250,-0.0249380081602655,9.6299701109833,0.0154520596394298,300.0126038,300.0142517,15024.408203125,15124.4228515625,56.3218062102175,20.8270907719685,8.512546,0,0,0,40,4449,299.93745,15074.4155273438,,,,,,,,,,,,,0,,,,10.27102425,,,,,,300.01342775,,,,
,19447938.92,300.0125885,15189.4692382812,9.65153515453177,0.00174465662958891,1,0.999253354069792,40.0298881530762,1.97987147108917,11.5000000223517,52.2173253982883,9.55293967229792,250,-0.0231494385555032,9.64966747928986,0.0173222144192918,300.0109253,300.0142517,15124.4228515625,15254.515625,55.9294286935636,20.8204466194852,8.512546,0,0,0,40,4449,299.93725,15189.4692382812,,,,,,,,,,,,,0,,,,10.1171265,,,,,,300.0125885,,,,
,19447939.93,300.0109253,15294.6396484375,9.66934689565003,0.00172282990914163,1,0.999253354069792,40.0298881530762,1.97987147108917,11.4900004118681,52.3165932241163,9.55494071556934,250,-0.0260815568434876,9.66748855007867,0.0144646442113504,300.0109253,300.0109253,15254.515625,15334.763671875,56.3460366943136,20.8204466194852,9.256284,0,0,0,40,4449,299.9377,15294.6396484375,,,,,,,,,,,,,0,,,,10.376215,,,,,,300.0109253,,,,
,19447940.93,300.0113678,15389.6904296875,9.69090349908497,0.00165782988559398,1,0.999253354069792,40.0298881530762,1.97987415627536,11.5000000223517,52.4318140675219,9.5842433149428,250,-0.0246619225066421,9.68903471154422,0.015973788790885,300.0109253,300.0118103,15334.763671875,15444.6171875,56.1217093092944,20.8203986155599,9.256284,0,0,0,40,4449,299.9376,15389.6904296875,,,,,,,,,,,,,0,,,,10.6353035,,,,,,300.0113678,,,,
,19447942.045,300.0121155,15499.701171875,9.71151696225076,0.00141824092693327,1,0.999253354069792,40.0298881530762,1.98003982980787,11.5000000223517,52.5475408872541,9.60588779337788,250,-0.0246261853960033,9.70964361110058,0.0160954261638888,300.0118103,300.0124207,15444.6171875,15554.78515625,56.5711457078521,20.8238825768963,8.884414,0,0,0,40,4449,299.9365,15499.701171875,,,,,,,,,,,,,0,,,,10.6353035,,,,,,300.0121155,,,,
,19447943,300.0120087,15599.7143554687,9.73085086959714,0.00158256530994345,1,0.999253354069792,40.0298881530762,1.98003982980787,11.4900004118681,52.6524838461154,9.62323336685602,250,-0.0250035558217239,9.7289752446827,0.0157987602411674,300.0115967,300.0124207,15554.78515625,15644.6435546875,56.9041194570445,20.8238825768963,9.256284,0,0,0,40,4449,299.93525,15599.7143554687,,,,,,,,,,,,,0,,,,10.6353035,,,,,,300.0120087,,,,
,19447944.01,300.0120087,15699.6469726562,9.74831391935895,0.00181778106947919,1,0.999253354069792,40.0298881530762,1.97986818315575,11.4900004118681,52.7416340112797,9.64443706684062,250,-0.0241697742199213,9.74643129244242,0.0167050816623013,300.0115967,300.0124207,15644.6435546875,15754.650390625,56.3921527769483,20.8248159071014,8.512546,0,0,0,40,4449,299.93445,15699.6469726562,,,,,,,,,,,,,0,,,,10.53011275,,,,,,300.0120087,,,,
,19447944.995,300.01173405,15794.6840820313,9.7671690758656,0.00158427268691129,1,0.999253354069792,40.0298881530762,1.97987086762097,11.5000000223517,52.8444647870272,9.65907354160633,250,-0.0249613142977865,9.765286080871,0.0159922046437129,300.0110474,300.0124207,15754.650390625,15834.7177734375,56.3093001539098,20.8225164491598,9.256284,0,0,0,40,4449,299.9341,15794.6840820313,,,,,,,,,,,,,0,,,,10.27102425,,,,,,300.01173405,,,,
,19447946.78,300.0126038,15974.712890625,9.80628288596225,0.00168563347705053,1,0.999253354069792,40.0298881530762,1.97990551059693,11.4900004118681,53.0559753970736,9.70339813551601,250,-0.0240470690103337,9.80438789604752,0.0170690609442939,300.0126038,300.0126038,15964.6591796875,15984.7666015625,56.7305979257752,20.8252299508123,8.512546,0,0,0,40,4449,299.9343,15974.712890625,,,,,,,,,,,,,0,,,,10.1171265,,,,,,300.0126038,,,,
,19447947.5,300.01290895,16049.8120117188,9.82536335951474,0.00170500866533698,1,0.999253354069792,40.0298881530762,1.97985983506433,11.5000000223517,53.1592561978016,9.71534995507228,250,-0.0253339262034111,9.82346983319367,0.0158617959748863,300.0126038,300.0132141,15984.7666015625,16114.857421875,56.2819431557367,20.8241419251672,9.256284,0,0,0,40,4449,299.9354,16049.8120117188,,,,,,,,,,,,,0,,,,10.27102425,,,,,,300.01290895,,,,
,19447948.61,300.0131836,16159.8876953125,9.84508566121134,0.00128580544507636,1,0.999253354069792,40.0298881530762,1.97989773761915,11.4900004118681,53.2661645423856,9.73930445911816,250,-0.0245939607680578,9.84318501386263,0.0166832893386481,300.0131531,300.0132141,16114.857421875,16204.91796875,56.1342153656021,20.8265501221242,7.396941,0,0,0,40,4449,299.9372,16159.8876953125,,,,,,,,,,,,,0,,,,10.53011275,,,,,,300.0131836,,,,
,19447949.64,300.01371765,16259.9165039062,9.86455994353861,0.00165990249340267,1,0.999253354069792,40.0298881530762,1.97991374089258,11.4900004118681,53.3727203432915,9.75448535855665,250,-0.0254114917546201,9.86265861524759,0.0159470391722326,300.0131531,300.0142822,16204.91796875,16314.9150390625,56.6751023009098,20.8244879211072,8.512546,0,0,0,40,4449,299.93645,16259.9165039062,,,,,,,,,,,,,0,,,,10.53011275,,,,,,300.01371765,,,,
,19447950.755,300.0134277,16370.2875976562,9.88374216843921,0.00188999624455363,1,0.999253354069792,40.0298881530762,1.98005303300972,11.5000000223517,53.4795609498519,9.77744804224214,250,-0.0248457721364724,9.88183472518896,0.0165924724055199,300.0125732,300.0142822,16314.9150390625,16425.66015625,56.3561978650637,20.8285738379815,7.396941,0,0,0,40,4449,299.93565,16370.2875976562,,,,,,,,,,,,,0,,,,10.53011275,,,,,,300.0134277,,,,
,19447951.765,300.01312255,16470.6494140625,9.90329201818021,0.00152809695905252,1,0.999253354069792,40.0298881530762,1.97989475309101,11.5000000223517,53.5813870876127,9.79482779798219,250,-0.0251156030855236,9.9013818856316,0.0164041527460467,300.0125732,300.0136719,16425.66015625,16515.638671875,56.198308904179,20.8223347681496,7.396941,0,0,0,40,4449,299.9347,16470.6494140625,,,,,,,,,,,,,0,,,,10.53011275,,,,,,300.01312255,,,,
,19447952.79,300.0144806,16575.787109375,9.923816807573,0.0017852624008315,1,0.999253354069792,40.0298881530762,1.97975870556356,11.4900004118681,53.6878250694823,9.81991403902248,250,-0.0241602379197843,9.92189805124693,0.0174447825528826,300.0136719,300.0152893,16515.638671875,16635.935546875,56.1756416771213,20.821095238043,7.396941,0,0,0,40,4449,299.93405,16575.787109375,,,,,,,,,,,,,0,,,,10.53011275,,,,,,300.0144806,,,,
,19447953.885,300.01474,16685.9130859375,9.94168471591694,0.00183874129820302,1,0.999253354069792,40.0298881530762,1.9797681550838,11.4900004118681,53.7862638411487,9.82942636497841,250,-0.025721925034663,9.93976885375097,0.0159574698268186,300.0141907,300.0152893,16635.935546875,16735.890625,56.3374387806021,20.8234642535149,8.884414,0,0,0,40,4449,299.9348,16685.9130859375,,,,,,,,,,,,,0,,,,10.53011275,,,,,,300.01474,,,,
,19447954.86,300.0141449,16780.947265625,9.96118751489564,0.00126095682581342,1,0.999253354069792,40.0298881530762,1.97994133855765,11.4900004118681,53.8956605322198,9.85341420832646,250,-0.0250571779452863,9.95926517074697,0.0167032433620862,300.0140991,300.0141907,16735.890625,16826.00390625,56.2444249868136,20.8234921400409,9.256284,0,0,0,40,4449,299.9346,16780.947265625,,,,,,,,,,,,,0,,,,10.4772544,,,,,,300.0141449,,,,
,19447955.88,300.0134277,16886.0634765625,9.98147621875819,0.00148472665754002,1,0.999253354069792,40.0298881530762,1.97979957646775,11.4900004118681,54.0017157649759,9.87251537452012,250,-0.0251591122006848,9.97955049886146,0.0166857164841062,300.0127563,300.0140991,16826.00390625,16946.123046875,56.4171648895637,20.8283099235123,9.256284,0,0,0,40,4449,299.9344,16886.0634765625,,,,,,,,,,,,,0,,,,10.32335665,,,,,,300.0134277,,,,
,19447957.045,300.01296995,17006.1328125,10.0022018109173,0.00201327307889234,1,0.999253354069792,40.0298881530762,1.9797730898454,11.4900004118681,54.1131995621281,9.89256656925815,250,-0.0252696520883403,10.0002725759898,0.0166613308757084,300.0127563,300.0131836,16946.123046875,17066.142578125,56.3014838687175,20.8293416278275,8.884414,0,0,0,40,4449,299.9341,17006.1328125,,,,,,,,,,,,,0,,,,10.16791395,,,,,,300.01296995,,,,
,19447958.1,300.0134735,17111.2294921875,10.020432599744,0.00170356285382843,1,0.999253354069792,40.0298881530762,1.97983128353334,11.5000000223517,54.2116379011061,9.92029900663594,250,-0.0235734984536327,10.0184924296539,0.0184328175742093,300.0131836,300.0137634,17066.142578125,17156.31640625,56.6196066760444,20.8251039682221,7.396941,0,0,0,40,4449,299.93435,17111.2294921875,,,,,,,,,,,,,0,,,,10.42700245,,,,,,300.0134735,,,,
,19447959.1,300.0129547,17211.2119140625,10.0401754696531,0.00174009350911822,1,0.999253354069792,40.0298881530762,1.97985607693956,11.4900004118681,54.3211313369577,9.92908568133846,250,-0.0256313434058121,10.0382401572905,0.0164575381488793,300.012146,300.0137634,17156.31640625,17266.107421875,56.0826278833329,20.8311814944645,8.512546,0,0,0,40,4449,299.934,17211.2119140625,,,,,,,,,,,,,0,,,,10.53011275,,,,,,300.0129547,,,,
,19447960.235,300.01322935,17326.083984375,10.0611878867514,0.00159099276530457,1,0.999253354069792,40.0298881530762,1.97981606135518,11.5000000223517,54.4316983229867,9.96069739074501,250,-0.023644815385301,10.0592399529159,0.0185308690300721,300.012146,300.0143127,17266.107421875,17386.060546875,56.2569310431213,20.8221212512621,8.512546,0,0,0,40,4449,299.9346,17326.083984375,,,,,,,,,,,,,0,,,,10.4772544,,,,,,300.01322935,,,,
,19447961.21,300.0136871,17421.0927734375,10.0804475198999,0.00150416316807702,1,0.999253354069792,40.0298881530762,1.97981606135518,11.4900004118681,54.5379882544613,9.96846848840428,250,-0.0257781737515081,10.0785045135809,0.0164778836972447,300.0130615,300.0143127,17386.060546875,17456.125,56.2029986752944,20.8221212512621,7.396941,0,0,0,40,4449,299.9355,17421.0927734375,,,,,,,,,,,,,0,,,,10.58244515,,,,,,300.0136871,,,,
,19447962.155,300.0133209,17516.091796875,10.1019969022432,0.00170834708934328,1,0.999253354069792,40.0298881530762,1.97972126617774,11.4900004118681,54.651111057476,9.99423927190018,250,-0.0249218529557726,10.100046081817,0.0174241054533222,300.0130615,300.0135803,17456.125,17576.05859375,55.9051982094675,20.823195999692,8.512546,0,0,0,40,4449,299.93315,17516.091796875,,,,,,,,,,,,,0,,,,10.376215,,,,,,300.0133209,,,,
,19447963.195,300.01353455,17621.130859375,10.1211087281036,0.00171235682218196,1,0.999253354069792,40.0298881530762,1.97979765559298,11.4900004118681,54.7565066584556,10.0138399922989,250,-0.0249102028228013,10.1191539261411,0.0175154835011241,300.0134888,300.0135803,17576.05859375,17666.203125,56.7618630665445,20.8257768104115,8.512546,0,0,0,40,4449,299.93115,17621.130859375,,,,,,,,,,,,,0,,,,10.376215,,,,,,300.01353455,,,,
,19447964.18,300.0134125,17716.25390625,10.139374762193,0.00164215588516049,1,0.999253354069792,40.0298881530762,1.97987805118468,11.4900004118681,54.8570092353792,10.0349654800975,250,-0.0244633074095714,10.137414491551,0.0180380527092381,300.0133362,300.0134888,17666.203125,17766.3046875,56.1725151630444,20.8235870966065,8.512546,0,0,0,40,4449,299.93205,17716.25390625,,,,,,,,,,,,,0,,,,10.53011275,,,,,,300.0134125,,,,
,19447965.25,300.0134125,17821.30859375,10.1582128972095,0.00181597253236339,1,0.999253354069792,40.0298881530762,1.97987545208176,11.4900004118681,54.9602148821021,10.0462851739196,250,-0.0258599935317903,10.1562547239115,0.0167198009442617,300.0133362,300.0134888,17766.3046875,17876.3125,56.2670922138713,20.8281924892115,8.512546,0,0,0,40,4449,299.9326,17821.30859375,,,,,,,,,,,,,0,,,,10.27102425,,,,,,300.0134125,,,,
,19447966.36,300.0144501,17931.3525390625,10.2021296946478,0.00150522931180944,1,0.999253354069792,40.0298881530762,1.97984843543192,11.4900004118681,55.1970982538918,10.0895213287071,250,-0.0259827735372812,10.200162759247,0.0167806009478089,300.0134888,300.0154114,17876.3125,17986.392578125,56.2538045290444,20.8288442690124,8.512546,0,0,0,40,4449,299.93115,17931.3525390625,,,,,,,,,,,,,0,,,,10.27102425,,,,,,300.0144501,,,,
,19447967.485,300.0148926,18046.33203125,10.2226160693729,0.00202545468549271,1,0.999253354069792,40.0298881530762,1.97969548042624,11.4900004118681,55.3028839979196,10.113789693114,250,-0.0251520381084068,10.220641390758,0.0176962493678432,300.0143738,300.0154114,17986.392578125,18106.271484375,57.0065127930637,20.8220587147127,9.256284,0,0,0,40,4449,299.9311,18046.33203125,,,,,,,,,,,,,0,,,,10.4772544,,,,,,300.0148926,,,,
,19447968.6,300.0149536,18161.310546875,10.2432327200847,0.00168465673814459,1,0.999253354069792,40.0298881530762,1.97984959897129,11.4900004118681,55.4187346421216,10.1343655254108,250,-0.0253115121244155,10.241254540756,0.0176226941660565,300.0143738,300.0155334,18106.271484375,18216.349609375,56.9088092281599,20.8237415510567,9.256284,0,0,0,40,4449,299.9295,18161.310546875,,,,,,,,,,,,,0,,,,10.4772544,,,,,,300.0149536,,,,
,19447969.665,300.0146942,18266.353515625,10.2650920464615,0.00176009725550185,1,0.999253354069792,40.0298881530762,1.9798750233723,11.5000000223517,55.5377583628562,10.1557836995538,250,-0.0254272892428013,10.2631100405752,0.0175981513578991,300.013855,300.0155334,18216.349609375,18316.357421875,56.533627538929,20.8265104254872,7.396941,0,0,0,40,4449,299.9276,18266.353515625,,,,,,,,,,,,,0,,,,10.424922,,,,,,300.0146942,,,,
,19447970.735,300.01397705,18371.3857421875,10.2846074091282,0.0020038822246928,1,0.999253354069792,40.0298881530762,1.97990549907635,11.5000000223517,55.6437695067171,10.1774615500411,250,-0.0250648408588553,10.2826202613127,0.0180415121822987,300.013855,300.0140991,18316.357421875,18426.4140625,56.4281076888329,20.8268300840973,8.512546,0,0,0,40,4449,299.92805,18371.3857421875,,,,,,,,,,,,,0,,,,10.4772544,,,,,,300.01397705,,,,
,19447971.82,300.0144043,18481.43359375,10.305117907726,0.00155658607704797,1,0.999253354069792,40.0298881530762,1.97980749043783,11.4900004118681,55.7521068936047,10.1969417359749,250,-0.0251740922454076,10.3031269471049,0.018017561888008,300.0140991,300.0147095,18426.4140625,18536.453125,56.4585912010829,20.8276894246291,9.256284,0,0,0,40,4449,299.92755,18481.43359375,,,,,,,,,,,,,0,,,,10.3741441,,,,,,300.0144043,,,,
,19447972.775,300.0147095,18576.5126953125,10.3272769159019,0.00191382855213782,1,0.999253354069792,40.0298881530762,1.97985011376598,11.5000000223517,55.8742097470101,10.2134376103602,250,-0.0262716702696269,10.325285970695,0.0170126485360481,300.0147095,300.0147095,18536.453125,18616.572265625,56.3905895199098,20.8273807421307,8.512546,0,0,0,40,4449,299.92615,18576.5126953125,,,,,,,,,,,,,0,,,,10.42700245,,,,,,300.0147095,,,,
,19447973.705,300.01469425,18666.5927734375,10.3494238355303,0.0017449580532163,1,0.999253354069792,40.0298881530762,1.97975032066557,11.4900004118681,55.989170854936,10.2462113286682,250,-0.0242239310123096,10.3474198756425,0.0191520783579989,300.014679,300.0147095,18616.572265625,18716.61328125,56.4812584281406,20.8273960346167,9.256284,0,0,0,40,4449,299.9266,18666.5927734375,,,,,,,,,,,,,0,,,,10.6353035,,,,,,300.01469425,,,,
,19447974.765,300.0140076,18771.6015625,10.3699808279015,0.00201307784997739,1,0.999253354069792,40.0298881530762,1.97968176169508,11.5000000223517,56.0991782784143,10.2624984221129,250,-0.0249585865547748,10.3679761338512,0.0185025923303326,300.0133362,300.014679,18716.61328125,18826.58984375,56.3077368968713,20.8255373909987,9.256284,0,0,0,40,4449,299.9289,18771.6015625,,,,,,,,,,,,,0,,,,10.58244515,,,,,,300.0140076,,,,
,19447975.77,300.01365665,18876.5361328125,10.3940712668752,0.00192345805458303,1,0.999253354069792,40.0298881530762,1.97976602202047,11.4900004118681,56.2324397999226,10.2835174250814,250,-0.0256167359767525,10.3920646267537,0.0179448791589567,300.0133362,300.0139771,18826.58984375,18926.482421875,56.6117903908521,20.8277657789136,7.396941,0,0,0,40,4449,299.9284,18876.5361328125,,,,,,,,,,,,,0,,,,10.3741441,,,,,,300.01365665,,,,
,19447976.785,300.0134125,18981.4814453125,10.4138375270033,0.00182680313498893,1,0.999253354069792,40.0298881530762,1.97976634619572,11.4900004118681,56.3394866112437,10.302532851536,250,-0.0257651594786661,10.4118276384483,0.0178787242185364,300.0128479,300.0139771,18926.482421875,19036.48046875,56.7345060683714,20.8274023178287,9.256284,0,0,0,40,4449,299.92755,18981.4814453125,,,,,,,,,,,,,0,,,,10.2187014,,,,,,300.0134125,,,,
,19447977.795,300.0126648,19081.4775390625,10.4376495941774,0.00195726066354358,1,0.999253354069792,40.0298881530762,1.97964828417736,11.4900004118681,56.4658343036367,10.3211447725729,250,-0.0266270904984444,10.435638818653,0.01711615813212,300.0124817,300.0128479,19036.48046875,19126.474609375,55.8637718979482,20.8199518662453,8.512546,0,0,0,40,4449,299.9269,19081.4775390625,,,,,,,,,,,,,0,,,,10.2187014,,,,,,300.0126648,,,,
,19447978.76,300.012558,19176.494140625,10.460694690924,0.00102222897461765,1,0.999253354069792,40.0298881530762,1.97970695333588,11.4900004118681,56.5908685976993,10.3510915372192,250,-0.0254167046744778,10.4586742541879,0.0184222791803728,300.0124817,300.0126343,19126.474609375,19226.513671875,56.5625477941406,20.8243778587118,7.396941,0,0,0,40,4449,299.9264,19176.494140625,,,,,,,,,,,,,0,,,,10.48039105,,,,,,300.012558,,,,
,19447979.83,300.0128174,19281.513671875,10.4814042951091,0.00154696953788225,1,0.999253354069792,40.0298881530762,1.97966934104371,11.5000000223517,56.7017317788671,10.3720502946138,250,-0.0253441040710892,10.4793793538108,0.0185804749602609,300.0126343,300.0130005,19226.513671875,19336.513671875,56.0880992829675,20.8227580018294,9.256284,0,0,0,40,4449,299.92885,19281.513671875,,,,,,,,,,,,,0,,,,10.4296036,,,,,,300.0128174,,,,
,19447980.905,300.01368715,19391.5830078125,10.5048995235213,0.00208380403242443,1,0.999253354069792,40.0298881530762,1.97973502925447,11.4900004118681,56.8308328817984,10.3947733891228,250,-0.0255597327271881,10.5028704484623,0.0184625292014711,300.0130005,300.0143738,19336.513671875,19446.65234375,55.9044165809482,20.8299877168546,9.256284,0,0,0,40,4449,299.929,19391.5830078125,,,,,,,,,,,,,0,,,,10.376215,,,,,,300.01368715,,,,
,19447981.95,300.01383975,19496.642578125,10.5289294022064,0.00159832974207297,1,0.999253354069792,40.0298881530762,1.97991252062097,11.4900004118681,56.9659396662307,10.4187843313186,250,-0.0257432245257496,10.5268961843792,0.0183794029667783,300.0133057,300.0143738,19446.65234375,19546.6328125,56.3671406643329,20.8247929301159,8.512546,0,0,0,40,4449,299.92675,19496.642578125,,,,,,,,,,,,,0,,,,10.376215,,,,,,300.01383975,,,,
,19447983.055,300.01324465,19601.6611328125,10.5520729842682,0.00157269748877968,1,0.999253354069792,40.0298881530762,1.97980087464958,11.4900004118681,57.0869716005869,10.4467537484187,250,-0.0247556377746095,10.5500312339223,0.0194629141584525,300.0131836,300.0133057,19546.6328125,19656.689453125,56.8908317722176,20.8234695248667,7.396941,0,0,0,40,4449,299.9273,19601.6611328125,,,,,,,,,,,,,0,,,,10.376215,,,,,,300.01324465,,,,
,19447984.08,300.0126648,19706.9619140625,10.5731738315459,0.00137385244562065,1,0.999253354069792,40.0298881530762,1.97980087464958,11.4900004118681,57.202704974313,10.4591471387952,250,-0.0263754638899408,10.5711348979411,0.0179308374961713,300.012146,300.0131836,19656.689453125,19757.234375,56.8071975206598,20.8234695248667,8.512546,0,0,0,40,4449,299.92865,19706.9619140625,,,,,,,,,,,,,0,,,,10.376215,,,,,,300.0126648,,,,
,19447985.06,300.01306155,19807.37890625,10.6000585289222,0.00161561757906518,1,0.999253354069792,40.0298881530762,1.97970645462376,11.4900004118681,57.3444811080237,10.4906814395129,250,-0.0254384260535478,10.5980100867136,0.0189799281469764,300.012146,300.0139771,19757.234375,19857.5234375,55.8285986145828,20.8232335335754,7.396941,0,0,0,40,4449,299.9268,19807.37890625,,,,,,,,,,,,,0,,,,10.32335665,,,,,,300.01306155,,,,
,19447986.18,300.01409915,19917.533203125,10.6503129505544,0.00166401170466995,1,0.999253354069792,40.0298881530762,1.9798061006947,11.4900004118681,57.6186167103047,10.5439484649536,250,-0.0250011145726314,10.6482521042824,0.0196271568245668,300.0139771,300.0142212,19857.5234375,19977.54296875,56.1295255944867,20.8263999161637,7.396941,0,0,0,40,4449,299.9254,19917.533203125,,,,,,,,,,,,,0,,,,10.32335665,,,,,,300.01409915,,,,
,19447987.4,300.0135193,20042.6181640625,10.6732687010726,0.00182798128539321,1,0.999253354069792,40.0298881530762,1.97980866864563,11.4900004118681,57.7434827881488,10.5634545672967,250,-0.0256518444964265,10.6712062562422,0.0190715295504908,300.0128174,300.0142212,19977.54296875,20107.693359375,56.0490178570059,20.8260615953242,9.256284,0,0,0,40,4449,299.9271,20042.6181640625,,,,,,,,,,,,,0,,,,10.27102425,,,,,,300.0135193,,,,
,19447988.49,300.0136261,20152.712890625,10.6996192761164,0.00166817276817091,1,0.999253354069792,40.0298881530762,1.97980031319702,11.4900004118681,57.8853329646604,10.5920310033795,250,-0.0252444800918747,10.697549809822,0.0195883193454159,300.0128174,300.0144348,20107.693359375,20197.732421875,56.8103240347368,20.8267164696847,8.512546,0,0,0,40,4449,299.9276,20152.712890625,,,,,,,,,,,,,0,,,,10.424922,,,,,,300.0136261,,,,
,19447989.54,300.01408385,20257.708984375,10.7248613017602,0.00153567197663538,1,0.999253354069792,40.0298881530762,1.97975276543738,11.4900004118681,58.0217365317064,10.6102819589391,250,-0.0265032025168919,10.7227918642462,0.0184348902289585,300.0137329,300.0144348,20197.732421875,20317.685546875,56.2045619323329,20.8271162706376,8.512546,0,0,0,40,4449,299.9273,20257.708984375,,,,,,,,,,,,,0,,,,10.53011275,,,,,,300.01408385,,,,
,19447990.54,300.0137329,20357.763671875,10.7502395353618,0.00185506024149238,1,0.999253354069792,40.0298881530762,1.9797606110114,11.4900004118681,58.1583781563508,10.6401820872464,250,-0.0256865170050937,10.7481617203738,0.0193570505740054,300.0137329,300.0137329,20317.685546875,20397.841796875,56.3905895199098,20.8294790264247,7.396941,0,0,0,40,4449,299.927,20357.763671875,,,,,,,,,,,,,0,,,,10.53011275,,,,,,300.0137329,,,,
,19447991.56,300.0140686,20457.791015625,10.7775602089136,0.0019503732288594,1,0.999253354069792,40.0298881530762,1.97983694391604,11.5000000223517,58.3087631970513,10.6655271784815,250,-0.0261387866296742,10.775478675424,0.0190185494994217,300.0137329,300.0144043,20397.841796875,20517.740234375,56.299920611679,20.8219633926276,9.256284,0,0,0,40,4449,299.92725,20457.791015625,,,,,,,,,,,,,0,,,,10.53011275,,,,,,300.0140686,,,,
,19447992.625,300.01431275,20562.671875,10.8058149268008,0.00196640682707127,1,0.999253354069792,40.0298881530762,1.97978864884659,11.4900004118681,58.4606977964359,10.6907418766629,250,-0.0266673455369557,10.8037298390426,0.0186077005871841,300.0142212,300.0144043,20517.740234375,20607.603515625,56.0701218270252,20.8254311805401,9.256284,0,0,0,40,4449,299.9272,20562.671875,,,,,,,,,,,,,0,,,,10.53011275,,,,,,300.01431275,,,,
,19447993.55,300.01376345,20657.6748046875,10.8309780193856,0.00164200413062313,1,0.999253354069792,40.0298881530762,1.97977339544999,11.4900004118681,58.5958683397288,10.7183923864428,250,-0.0262044818411072,10.8288861512305,0.0191753064326846,300.0133057,300.0142212,20607.603515625,20707.74609375,56.6375841319868,20.8240765059414,8.884414,0,0,0,40,4449,299.9265,20657.6748046875,,,,,,,,,,,,,0,,,,10.424922,,,,,,300.01376345,,,,
,19447994.595,300.01295475,20762.7099609375,10.8591384662552,0.00188878259389506,1,0.999253354069792,40.0298881530762,1.97980726496547,11.4900004118681,58.7495559652614,10.7445178850888,250,-0.0266271135086599,10.8570430541041,0.0188698246885058,300.0126038,300.0133057,20707.74609375,20817.673828125,55.9692917480444,20.8310194945993,8.512546,0,0,0,40,4449,299.9272,20762.7099609375,,,,,,,,,,,,,0,,,,10.53011275,,,,,,300.01295475,,,,
,19447995.68,300.0135498,20867.751953125,10.8871752293903,0.00166483332870087,1,0.999253354069792,40.0298881530762,1.97969538168262,11.4900004118681,58.8991332938154,10.7655064807824,250,-0.0278338841529439,10.8850790152641,0.0177799105521063,300.0126038,300.0144958,20817.673828125,20917.830078125,56.6946430138906,20.8222259055313,8.884414,0,0,0,40,4449,299.9275,20867.751953125,,,,,,,,,,,,,0,,,,10.58244515,,,,,,300.0135498,,,,
,19447996.745,300.0141754,20972.82421875,10.9131582604207,0.0019228429664316,1,0.999253354069792,40.0298881530762,1.97977679834315,11.5000000223517,59.0389539784771,10.8084234572598,250,-0.0247946479174107,10.91104382673,0.0209269007632299,300.013855,300.0144958,20917.830078125,21027.818359375,56.0959155681598,20.8239375439095,8.884414,0,0,0,40,4449,299.92575,20972.82421875,,,,,,,,,,,,,0,,,,10.4772544,,,,,,300.0141754,,,,
,19447997.845,300.0140381,21082.8544921875,10.9411062045229,0.00182901781458573,1,0.999253354069792,40.0298881530762,1.97958463402218,11.4900004118681,59.1859388248666,10.8275653504981,250,-0.026246839611995,10.9389922850167,0.0195914859863779,300.013855,300.0142212,21027.818359375,21137.890625,56.699332785006,20.8311214940737,8.512546,0,0,0,40,4449,299.92445,21082.8544921875,,,,,,,,,,,,,0,,,,10.53011275,,,,,,300.0140381,,,,
,19447998.82,300.013855,21182.93359375,10.9725040075079,0.0018497738381599,1,0.999253354069792,40.0298881530762,1.97976941194901,11.4900004118681,59.3628536030489,10.8506547928724,250,-0.0279804307037792,10.9703911130675,0.0179890257387784,300.0134888,300.0142212,21137.890625,21227.9765625,56.516431711506,20.8255395925375,7.396941,0,0,0,40,4449,299.9244,21182.93359375,,,,,,,,,,,,,0,,,,10.58244515,,,,,,300.013855,,,,
,19447999.835,300.01416015,21287.9580078125,10.9993999763442,0.0021236504225023,1,0.999253354069792,40.0298881530762,1.97981035609065,11.4900004118681,59.5078101464786,10.8869352077431,250,-0.026298058706288,10.9972745300849,0.019782815562578,300.0134888,300.0148315,21227.9765625,21347.939453125,56.5273745107752,20.8272961464592,9.256284,0,0,0,40,4449,299.925,21287.9580078125,,,,,,,,,,,,,0,,,,10.4772544,,,,,,300.01416015,,,,
,19448001.025,300.01463315,21407.9482421875,11.0281980769118,0.00196813415490397,1,0.999253354069792,40.0298881530762,1.97954719305083,11.5000000223517,59.6558708471382,10.914043203916,250,-0.0263623119840315,11.0260669452609,0.0198382469559785,300.0144348,300.0148315,21347.939453125,21467.95703125,56.5078337977944,20.8269727887026,8.512546,0,0,0,40,4449,299.92525,21407.9482421875,,,,,,,,,,,,,0,,,,10.27102425,,,,,,300.01463315,,,,
,19448002.025,300.01368715,21507.9306640625,11.0572119977504,0.00203437981781796,1,0.999253354069792,40.0298881530762,1.97954719305083,11.4900004118681,59.813362301389,10.9398379780686,250,-0.0269708798627967,11.0550779690514,0.0193506452225813,300.0129395,300.0144348,21467.95703125,21547.904296875,56.1928375045444,20.8269727887026,8.512546,0,0,0,40,4449,299.92485,21507.9306640625,,,,,,,,,,,,,0,,,,10.376215,,,,,,300.01368715,,,,
,19448003.005,300.0134583,21602.935546875,11.0912623919398,0.00200029717699873,1,0.999253354069792,40.0298881530762,1.97957571128905,11.4900004118681,59.9988762576474,10.9711124493342,250,-0.0275282745765677,11.0891239427522,0.018935244466975,300.0129395,300.0139771,21547.904296875,21657.966796875,56.8118872917752,20.8282886187355,8.512546,0,0,0,40,4449,299.92495,21602.935546875,,,,,,,,,,,,,0,,,,10.58244515,,,,,,300.0134583,,,,
,19448004.055,300.0145569,21702.9658203125,11.1213383512979,0.00202975950108076,1,0.999253354069792,40.0298881530762,1.97966119740206,11.4900004118681,60.162672388594,11.0090577182813,250,-0.0261721918817482,11.1191877348156,0.020416239888579,300.0139771,300.0151367,21657.966796875,21747.96484375,56.6532167023714,20.8211773459516,7.396941,0,0,0,40,4449,299.92505,21702.9658203125,,,,,,,,,,,,,0,,,,10.3741441,,,,,,300.0145569,,,,
,19448005.055,300.01434325,21803.0185546875,11.1513199012558,0.00184027747418577,1,0.999253354069792,40.0298881530762,1.97969875814689,11.4900004118681,60.3287643291481,11.0239229898145,250,-0.0290192924461845,11.1491752769771,0.0176945341985362,300.0135498,300.0151367,21747.96484375,21858.072265625,56.9729027667368,20.8305273804959,9.256284,0,0,0,40,4449,299.925,21803.0185546875,,,,,,,,,,,,,0,,,,10.2187014,,,,,,300.01434325,,,,
,19448006.16,300.01367185,21918.1787109375,11.2123361632739,0.00204000475666675,1,0.999253354069792,40.0298881530762,1.97957446026641,11.4900004118681,60.6537638735596,11.0910395158659,250,-0.0277946455425307,11.2101743659253,0.0191736702408133,300.0135498,300.0137939,21858.072265625,21978.28515625,56.1498479359867,20.8289115049542,8.512546,0,0,0,40,4449,299.92465,21918.1787109375,,,,,,,,,,,,,0,,,,10.16791395,,,,,,300.01367185,,,,
,19448007.38,300.01452635,22043.216796875,11.2462933658574,0.00202339185944999,1,0.999253354069792,40.0298881530762,1.97953394820368,11.4900004118681,60.8355828136965,11.1279580848433,250,-0.0272214184082529,11.2441219745474,0.0198883651059479,300.0137939,300.0152588,21978.28515625,22108.1484375,56.5156500829868,20.824460675321,8.884414,0,0,0,40,4449,299.92285,22043.216796875,,,,,,,,,,,,,0,,,,10.32335665,,,,,,300.01452635,,,,
,19448008.585,300.01516725,22163.06640625,11.2812345219121,0.00190773741286855,1,0.999253354069792,40.0298881530762,1.97972481976938,11.4900004118681,61.0314789725599,11.1573925006013,250,-0.0284496862487676,11.2790609820586,0.0188059114430134,300.0150757,300.0152588,22108.1484375,22217.984375,56.9392927404099,20.8261836740994,8.512546,0,0,0,40,4449,299.922,22163.06640625,,,,,,,,,,,,,0,,,,10.58244515,,,,,,300.01516725,,,,
,19448009.71,300.0141144,22273.0234375,11.3127653002887,0.00160172500113714,1,0.999253354069792,40.0298881530762,1.97974301717057,11.4900004118681,61.2022929976383,11.1903996276629,250,-0.0282095121909666,11.3105849097453,0.0191767846868258,300.0131531,300.0150757,22217.984375,22328.0625,56.0200976017944,20.8239679583546,8.512546,0,0,0,40,4449,299.9244,22273.0234375,,,,,,,,,,,,,0,,,,10.53011275,,,,,,300.0141144,,,,
,19448010.695,300.01365665,22368.091796875,11.3455079810571,0.00191090343591998,1,0.999253354069792,40.0298881530762,1.97986634824841,11.4900004118681,61.3811860387096,11.2341306034137,250,-0.0263190102033572,11.3433132958991,0.0212031442820748,300.0131531,300.0141602,22328.0625,22408.12109375,55.9919589751021,20.8239096797248,8.512546,0,0,0,40,4449,299.92515,22368.091796875,,,,,,,,,,,,,0,,,,10.424922,,,,,,300.01365665,,,,
,19448011.655,300.0137482,22463.1259765625,11.3768542732512,0.00191583290998285,1,0.999253354069792,40.0298881530762,1.97976568238203,11.4900004118681,61.5490194415971,11.2576156595839,250,-0.0276848141097063,11.374658942925,0.0199684650885083,300.0133362,300.0141602,22408.12109375,22518.130859375,56.8791073444291,20.825255827648,8.512546,0,0,0,40,4449,299.92345,22463.1259765625,,,,,,,,,,,,,0,,,,10.27102425,,,,,,300.0137482,,,,
,19448012.86,300.01365665,22588.2177734375,11.4115346631118,0.00231480275641861,1,0.999253354069792,40.0298881530762,1.97953610532272,11.4900004118681,61.7286396953436,11.2961513586272,250,-0.0267518947920033,11.4093285005294,0.0210455747106939,300.0133362,300.0139771,22518.130859375,22658.3046875,55.9419347498713,20.8297196323311,9.256284,0,0,0,40,4449,299.92275,22588.2177734375,,,,,,,,,,,,,0,,,,10.27102425,,,,,,300.01365665,,,,
,19448013.875,300.01412965,22693.2890625,11.4448777984863,0.0021398833630133,1,0.999253354069792,40.0298881530762,1.97958347895131,11.4900004118681,61.9113023687781,11.3248128722917,250,-0.0276816768842868,11.4426686274506,0.0202548768205246,300.0139771,300.0142822,22658.3046875,22728.2734375,56.5398805670829,20.8329837316095,8.512546,0,0,0,40,4449,299.92225,22693.2890625,,,,,,,,,,,,,0,,,,10.53011275,,,,,,300.01412965,,,,
,19448014.855,300.01445005,22788.34375,11.4838548862743,0.00226372868272068,1,0.999253354069792,40.0298881530762,1.97957428051603,11.4900004118681,62.121085696419,11.3675474146927,250,-0.0269951576546198,11.4816348538754,0.0211037746538529,300.0142822,300.0146179,22728.2734375,22848.4140625,57.0518472471791,20.8292180408308,9.256284,0,0,0,40,4449,299.922,22788.34375,,,,,,,,,,,,,0,,,,10.6353035,,,,,,300.01445005,,,,
,19448015.96,300.0145874,22898.376953125,11.5164891262472,0.00204158722562273,1,0.999253354069792,40.0298881530762,1.97959321310122,11.5000000223517,62.298460752635,11.3985492666078,250,-0.0273312374292742,11.5142639149409,0.0209033546707484,300.0145569,300.0146179,22848.4140625,22948.33984375,55.9669468624867,20.8285333566946,7.396941,0,0,0,40,4449,299.923,22898.376953125,,,,,,,,,,,,,0,,,,10.376215,,,,,,300.0145874,,,,
,19448016.925,300.01467895,22998.71875,11.5483541911866,0.00230743890170813,1,0.999253354069792,40.0298881530762,1.97965838495673,11.4900004118681,62.4738621012756,11.4249484789328,250,-0.0284244777632917,11.5461271160741,0.0199430355390768,300.0145569,300.014801,22948.33984375,23049.09765625,56.6969878994483,20.8331610283366,8.512546,0,0,0,40,4449,299.92265,22998.71875,,,,,,,,,,,,,0,,,,10.32335665,,,,,,300.01467895,,,,
,19448017.985,300.01356505,23104.20703125,11.5849077721384,0.00217805886388995,1,0.999253354069792,40.0298881530762,1.97976684437888,11.5000000223517,62.6726556434685,11.4741530454926,250,-0.0262157275531888,11.5826645302418,0.0223040638099502,300.0123291,300.014801,23049.09765625,23159.31640625,56.1904926189867,20.821559321298,8.512546,0,0,0,40,4449,299.92,23104.20703125,,,,,,,,,,,,,0,,,,10.58244515,,,,,,300.01356505,,,,
,19448019.04,300.01322935,23204.3251953125,11.6196112424899,0.0020682796702876,1,0.999253354069792,40.0298881530762,1.97975689599229,11.4900004118681,62.8611443455231,11.502779124214,250,-0.0273455751557963,11.6173659036372,0.0213189669121205,300.0123291,300.0141296,23159.31640625,23249.333984375,56.4664074862752,20.8259652842683,7.396941,0,0,0,40,4449,299.91995,23204.3251953125,,,,,,,,,,,,,0,,,,10.6353035,,,,,,300.01322935,,,,
,19448020,300.0133667,23299.3720703125,11.6533854000048,0.00214816392667304,1,0.999253354069792,40.0298881530762,1.97975689599229,11.4900004118681,63.043840470359,11.5363188777605,250,-0.0274045563819931,11.6511334899256,0.0214003748363371,300.0126038,300.0141296,23249.333984375,23349.41015625,56.1467214219098,20.8259652842683,8.140677,0,0,0,40,4449,299.9214,23299.3720703125,,,,,,,,,,,,,0,,,,10.53011275,,,,,,300.0133667,,,,
,19448021.09,300.01332095,23409.4287109375,11.6925375489478,0.0021177745088954,1,0.999253354069792,40.0298881530762,1.97954626028927,11.4900004118681,63.2496413238934,11.5708833082717,250,-0.0280494483985728,11.6902804806512,0.0209187954502831,300.0126038,300.0140381,23349.41015625,23469.447265625,56.577398736006,20.8272414706903,7.396941,0,0,0,40,4449,299.9207,23409.4287109375,,,,,,,,,,,,,0,,,,10.27102425,,,,,,300.01332095,,,,
,19448022.185,300.01390075,23519.48828125,11.7266335595415,0.00219592152264318,1,0.999253354069792,40.0298881530762,1.97976612837997,11.4900004118681,63.4393140304389,11.6147135562663,250,-0.0264972142037087,11.7243628896878,0.0226127172867122,300.0137634,300.0140381,23469.447265625,23569.529296875,56.2311373019867,20.8182434445331,9.256284,0,0,0,40,4449,299.92,23519.48828125,,,,,,,,,,,,,0,,,,10.27102425,,,,,,300.01390075,,,,
,19448023.07,300.0137634,23609.5068359375,11.7613755438479,0.00198272305614787,1,0.999253354069792,40.0298881530762,1.97986503143632,11.4900004118681,63.6306315618466,11.6482481268532,250,-0.0268421234575104,11.7590993723691,0.022412824944439,300.0137634,300.0137634,23569.529296875,23649.484375,55.9935222321405,20.8184229475233,7.396941,0,0,0,40,4449,299.9189,23609.5068359375,,,,,,,,,,,,,0,,,,10.53011275,,,,,,300.0137634,,,,
,19448024.04,300.01387025,23704.55078125,11.8338895679847,0.00210666994126268,1,0.999253354069792,40.0298881530762,1.97987916088843,11.4900004118681,64.022270733075,11.7261717787039,250,-0.0258927124786553,11.8315947137253,0.0236649917012605,300.0137634,300.0139771,23649.484375,23759.6171875,56.6446187886598,20.8208085844545,9.256284,0,0,0,40,4449,299.9184,23704.55078125,,,,,,,,,,,,,0,,,,10.53011275,,,,,,300.01387025,,,,
,19448025.28,300.0138855,23829.5830078125,11.8676463284976,0.00191884456073989,1,0.999253354069792,40.0298881530762,1.97986836408115,11.4900004118681,64.2049618614995,11.7573729047443,250,-0.0263694828716309,11.86534673186,0.0233283668301013,300.0137939,300.0139771,23759.6171875,23899.548828125,57.3449579418907,20.8178806396886,8.512546,0,0,0,40,4449,299.9197,23829.5830078125,,,,,,,,,,,,,0,,,,10.27102425,,,,,,300.0138855,,,,
,19448026.475,300.0140686,23949.57421875,11.9043629352453,0.00247422058032994,1,0.999253354069792,40.0298881530762,1.979892778714,11.4900004118681,64.4038114754108,11.7969377036068,250,-0.0258864253316582,11.9020538853286,0.0239639491893747,300.0137939,300.0143433,23899.548828125,23999.599609375,56.8040710065829,20.8243680170956,8.512546,0,0,0,40,4449,299.92025,23949.57421875,,,,,,,,,,,,,0,,,,10.376215,,,,,,300.0140686,,,,
,19448027.6,300.01516725,24059.65234375,11.9417525700364,0.00186665854678956,1,0.999253354069792,40.0298881530762,1.9798616623618,11.4900004118681,64.6057991885746,11.8300402296879,250,-0.0266637705436801,11.9394387652321,0.0233426124592644,300.0143433,300.0159912,23999.599609375,24119.705078125,56.3898078913906,20.8182053547139,9.256284,0,0,0,40,4449,299.9191,24059.65234375,,,,,,,,,,,,,0,,,,10.53011275,,,,,,300.01516725,,,,
,19448028.805,300.01568605,24179.869140625,11.9810799327889,0.00215768471627618,1,0.999253354069792,40.0298881530762,1.97981751062268,11.4900004118681,64.8173315736813,11.8677774714567,250,-0.0269283237570445,11.9787591622693,0.0232412654049945,300.0153809,300.0159912,24119.705078125,24240.033203125,55.8825309824098,20.8228914794313,7.396941,0,0,0,40,4449,299.9216,24179.869140625,,,,,,,,,,,,,0,,,,10.424922,,,,,,300.01568605,,,,
,19448029.87,300.01506045,24290.1220703125,12.0162813687028,0.00196206677184956,1,0.999253354069792,40.0298881530762,1.97979851706587,11.4900004118681,65.0055142896783,11.9114332373199,250,-0.0253607828392658,12.0139472737857,0.0249546983473172,300.01474,300.0153809,24240.033203125,24340.2109375,56.4906379703714,20.8206017267295,8.512546,0,0,0,40,4449,299.9228,24290.1220703125,,,,,,,,,,,,,0,,,,10.424922,,,,,,300.01506045,,,,
,19448030.9,300.0141754,24395.349609375,12.0525799983339,0.00220116054749467,1,0.999253354069792,40.0298881530762,1.97975169324884,11.4900004118681,65.2019153148173,11.938862670637,250,-0.0269672314566216,12.0502457324669,0.0234996935747983,300.0136108,300.01474,24340.2109375,24450.48828125,55.9067614665059,20.8197753504427,9.256284,0,0,0,40,4449,299.9226,24395.349609375,,,,,,,,,,,,,0,,,,10.424922,,,,,,300.0141754,,,,
,19448032.055,300.01325985,24510.568359375,12.0915443867074,0.00210418779449705,1,0.999253354069792,40.0298881530762,1.97972383188943,11.4900004118681,65.4121126720049,11.9756588361608,250,-0.0273561210084748,12.0892043365506,0.0232730596532628,300.0129089,300.0136108,24450.48828125,24570.6484375,56.648526931256,20.8268848141183,8.512546,0,0,0,40,4449,299.92245,24510.568359375,,,,,,,,,,,,,0,,,,10.53011275,,,,,,300.01325985,,,,
,19448033.11,300.0128021,24615.7109375,12.1241826624821,0.00186449253884637,1,0.999253354069792,40.0298881530762,1.97974778558775,11.4900004118681,65.5886532526927,12.0124379466964,250,-0.0266320313161363,12.1218332153354,0.0241330630839736,300.0126953,300.0129089,24570.6484375,24660.7734375,57.1276652135445,20.8167695822849,8.512546,0,0,0,40,4449,299.92085,24615.7109375,,,,,,,,,,,,,0,,,,10.53011275,,,,,,300.0128021,,,,
,19448034.18,300.0132141,24720.916015625,12.1626658299766,0.00267117378285714,1,0.999253354069792,40.0298881530762,1.9797149789851,11.4900004118681,65.7972523414358,12.0423937299581,250,-0.0281909131372673,12.1603150070587,0.0227346226156218,300.0126953,300.0137329,24660.7734375,24781.05859375,56.3343122665252,20.8221449321125,7.396941,0,0,0,40,4449,299.92125,24720.916015625,,,,,,,,,,,,,0,,,,10.424922,,,,,,300.0132141,,,,
,19448035.255,300.01393125,24831.1318359375,12.2346952209537,0.00237581271390102,1,0.999253354069792,40.0298881530762,1.97961685687791,11.4900004118681,66.1798360546873,12.134038439132,250,-0.0244893685877091,12.2323140308221,0.026736192563385,300.0137329,300.0141296,24781.05859375,24881.205078125,56.4922012274098,20.8216173980551,8.884414,0,0,0,40,4449,299.92035,24831.1318359375,,,,,,,,,,,,,0,,,,10.424922,,,,,,300.01393125,,,,
,19448036.32,300.0149231,24936.3466796875,12.269451049354,0.00201114826243125,1,0.999253354069792,40.0298881530762,1.97985987679006,11.4900004118681,66.3774318572457,12.161066570615,250,-0.026203630618036,12.2670696055415,0.0251670048564041,300.0141296,300.0157166,24881.205078125,24991.48828125,56.5758354789675,20.8216704006063,7.768809,0,0,0,40,4449,299.91965,24936.3466796875,,,,,,,,,,,,,0,,,,10.53011275,,,,,,300.0149231,,,,
,19448037.465,300.01554875,25051.666015625,12.3045032783008,0.00212608049378421,1,0.999253354069792,40.0298881530762,1.9796743794408,11.4900004118681,66.5606351624722,12.1965494532415,250,-0.0259345326237064,12.3021133926529,0.0255818914494959,300.0153809,300.0157166,24991.48828125,25111.84375,57.1573670972753,20.8242381120283,7.396941,0,0,0,40,4449,299.9191,25051.666015625,,,,,,,,,,,,,0,,,,10.53011275,,,,,,300.01554875,,,,
,19448038.5,300.01519775,25156.9384765625,12.3383749081068,0.00224314116988382,1,0.999253354069792,40.0298881530762,1.97969164983918,11.4900004118681,66.7452793147518,12.2256549785254,250,-0.0268508672249197,12.3359822158124,0.0248067475083219,300.0150146,300.0153809,25111.84375,25202.033203125,56.994006736756,20.8187289983708,8.512546,0,0,0,40,4449,299.91845,25156.9384765625,,,,,,,,,,,,,0,,,,10.424922,,,,,,300.01519775,,,,
,19448039.45,300.01481625,25252.1240234375,12.374554581612,0.00181877221238498,1,0.999253354069792,40.0298881530762,1.97977514840581,11.5000000223517,66.942169615157,12.2705372977356,250,-0.0253517326590466,12.3721485119822,0.0264562978595663,300.0146179,300.0150146,25202.033203125,25302.21484375,56.7329428113329,20.8193861986967,8.884414,0,0,0,40,4449,299.91795,25252.1240234375,,,,,,,,,,,,,0,,,,10.4772544,,,,,,300.01481625,,,,
,19448040.53,300.01519775,25362.328125,12.4101443686281,0.00229038257392698,1,0.999253354069792,40.0298881530762,1.9796835270306,11.4900004118681,67.1326034055198,12.3002248993303,250,-0.0263569780310677,12.4077352127583,0.0255991333293255,300.0146179,300.0157776,25302.21484375,25422.44140625,56.6524350738522,20.8205569255008,8.512546,0,0,0,40,4449,299.9186,25362.328125,,,,,,,,,,,,,0,,,,10.32335665,,,,,,300.01519775,,,,
,19448041.64,300.01461795,25472.525390625,12.4466626032856,0.00196205986404949,1,0.999253354069792,40.0298881530762,1.97974978706842,11.4900004118681,67.3318055908824,12.3397516896423,250,-0.0258917787238503,12.4442444588237,0.0262159850581917,300.0134583,300.0157776,25422.44140625,25522.609375,56.5922496778714,20.8201156034177,9.256284,0,0,0,40,4449,299.9193,25472.525390625,,,,,,,,,,,,,0,,,,10.27102425,,,,,,300.01461795,,,,
,19448042.61,300.01347355,25567.6640625,12.4796499214497,0.00213506445785802,1,0.999253354069792,40.0298881530762,1.97965389961581,11.4900004118681,67.5072663026294,12.3708048791682,250,-0.0261570853949433,12.4772267761586,0.0260882067869365,300.0134583,300.0134888,25522.609375,25612.71875,56.780622151006,20.8195541636785,8.512546,0,0,0,40,4449,299.91815,25567.6640625,,,,,,,,,,,,,0,,,,10.4772544,,,,,,300.01347355,,,,
,19448043.635,300.0142517,25672.7939453125,12.5100502928848,0.00211411573765593,1,0.999253354069792,40.0298881530762,1.97962657043974,11.4900004118681,67.6705939733963,12.4018887206113,250,-0.026013727476947,12.507620086057,0.0263580860014834,300.0134888,300.0150146,25612.71875,25732.869140625,56.4406137451406,20.8226769420236,7.396941,0,0,0,40,4449,299.917,25672.7939453125,,,,,,,,,,,,,0,,,,10.32335665,,,,,,300.0142517,,,,
,19448044.665,300.0148315,25777.9931640625,12.5456267753226,0.00190449801998023,1,0.999253354069792,40.0298881530762,1.97972586282073,11.4900004118681,67.8656949819926,12.4413360349109,250,-0.025426353356594,12.5431867283225,0.0270931297654789,300.0146484,300.0150146,25732.869140625,25823.1171875,56.3749569495252,20.8206243575317,8.512546,0,0,0,40,4449,299.9179,25777.9931640625,,,,,,,,,,,,,0,,,,10.376215,,,,,,300.0148315,,,,
,19448045.695,300.01423645,25878.298828125,12.5825028362735,0.00203061662025562,1,0.999253354069792,40.0298881530762,1.97976455126603,11.4900004118681,68.0675357687041,12.4724261985256,250,-0.0265577710707235,12.5800603765374,0.0261156643981709,300.0138245,300.0146484,25823.1171875,25933.48046875,56.4109118614098,20.8244322366235,9.256284,0,0,0,40,4449,299.9166,25878.298828125,,,,,,,,,,,,,0,,,,10.58244515,,,,,,300.01423645,,,,
,19448046.82,300.014328,25988.5712890625,12.6131145768441,0.00214465975060183,1,0.999253354069792,40.0298881530762,1.97976448242609,11.4900004118681,68.2327770055429,12.5046937732755,250,-0.0262660136038189,12.6106646939824,0.0265349351711379,300.0138245,300.0148315,25933.48046875,26043.662109375,56.2881961838906,20.821360162654,8.512546,0,0,0,40,4449,299.9145,25988.5712890625,,,,,,,,,,,,,0,,,,10.5295868,,,,,,300.014328,,,,
,19448047.83,300.0142822,26088.75390625,12.6468179755977,0.0020751098737684,1,0.999253354069792,40.0298881530762,1.97965165886707,11.4900004118681,68.4104876250933,12.5417862551848,250,-0.0255259223087097,12.6443582773806,0.0274148843449675,300.0137329,300.0148315,26043.662109375,26133.845703125,56.0318220295829,20.8225576667548,8.884414,0,0,0,40,4449,299.91525,26088.75390625,,,,,,,,,,,,,0,,,,10.5295868,,,,,,300.0142822,,,,
,19448048.885,300.01434325,26193.99609375,12.6784590723638,0.00213222467397626,1,0.999253354069792,40.0298881530762,1.97968072446721,11.5000000223517,68.5833958154974,12.5691950227955,250,-0.0263562883072054,12.6759964860942,0.0267162191449139,300.0137329,300.0149536,26133.845703125,26254.146484375,56.0443280858905,20.8183730732262,8.512546,0,0,0,40,4449,299.915,26193.99609375,,,,,,,,,,,,,0,,,,10.4772544,,,,,,300.01434325,,,,
,19448050.055,300.0147705,26314.2880859375,12.7114344213778,0.00246395680658942,1,0.999253354069792,40.0298881530762,1.97974167664625,11.4900004118681,68.7628968517135,12.6073427191287,250,-0.0254848267569508,12.7089613820417,0.0277246133715047,300.0145874,300.0149536,26254.146484375,26374.4296875,55.8840942394482,20.8190809357252,9.256284,0,0,0,40,4449,299.9141,26314.2880859375,,,,,,,,,,,,,0,,,,10.424922,,,,,,300.0147705,,,,
,19448051.045,300.0145569,26414.5361328125,12.7443361585842,0.00182170877429057,1,0.999253354069792,40.0298881530762,1.97974167664625,11.4900004118681,68.9399018934891,12.6452549477951,250,-0.024573418368509,12.7418528230421,0.0287725444572691,300.0145264,300.0145874,26374.4296875,26454.642578125,56.6102271338137,20.8190809357252,8.884414,0,0,0,40,4449,299.9145,26414.5361328125,,,,,,,,,,,,,0,,,,10.53011275,,,,,,300.0145569,,,,
,19448052.045,300.01513675,26509.724609375,12.7755658432741,0.00211404345257671,1,0.999253354069792,40.0298881530762,1.97975266954587,11.4900004118681,69.1105303226303,12.6691933540405,250,-0.025948829334536,12.7730817411869,0.0275272040896416,300.0145264,300.0157471,26454.642578125,26564.806640625,56.1553193356213,20.8243821611329,8.512546,0,0,0,40,4449,299.9147,26509.724609375,,,,,,,,,,,,,0,,,,10.6353035,,,,,,300.01513675,,,,
,19448053.125,300.0149231,26619.9619140625,12.805480421986,0.00190277178247086,1,0.999253354069792,40.0298881530762,1.97970393160462,11.4900004118681,69.2697503349894,12.7036405609455,250,-0.0250679710897844,12.802986755758,0.0285321119204542,300.0140991,300.0157471,26564.806640625,26675.1171875,56.0443280858905,20.8222942110531,7.396941,0,0,0,40,4449,299.9145,26619.9619140625,,,,,,,,,,,,,0,,,,10.376215,,,,,,300.0149231,,,,
,19448054.125,300.0146179,26720.2255859375,12.8368590426526,0.00186061093374767,1,0.999253354069792,40.0298881530762,1.97968530984388,11.4900004118681,69.4391870021978,12.7328541258048,250,-0.0254611425998743,12.8343608870107,0.0282694208284875,300.0140991,300.0151367,26675.1171875,26765.333984375,56.6219515616021,20.8213235272733,7.396941,0,0,0,40,4449,299.9145,26720.2255859375,,,,,,,,,,,,,0,,,,10.27102425,,,,,,300.0146179,,,,
,19448055.195,300.0149841,26825.4658203125,12.8979601384769,0.00215064538397783,1,0.999253354069792,40.0298881530762,1.97966918938405,11.4900004118681,69.7697381951797,12.7901877007443,250,-0.0261675703326592,12.8954524764972,0.0278177085757143,300.0148315,300.0151367,26765.333984375,26885.59765625,55.9661652339675,20.8212905554752,9.256284,0,0,0,40,4449,299.9153,26825.4658203125,,,,,,,,,,,,,0,,,,10.27102425,,,,,,300.0149841,,,,
,19448056.365,300.0151672,26945.736328125,12.9265535958694,0.00155983254342858,1,0.999253354069792,40.0298881530762,1.97965474577469,11.4900004118681,69.9227298631597,12.8248317597171,250,-0.025044558513782,12.924035439283,0.0290591640056363,300.0148315,300.0155029,26885.59765625,27005.875,56.7884384361983,20.8237049042873,8.512546,0,0,0,40,4449,299.9147,26945.736328125,,,,,,,,,,,,,0,,,,10.1171265,,,,,,300.0151672,,,,
,19448057.43,300.01541135,27050.9951171875,12.9545306776084,0.0014393151217788,1,0.999253354069792,40.0298881530762,1.97961875358697,11.4900004118681,70.0726365083422,12.8533571641248,250,-0.0249140946780654,12.9520062175014,0.029306308499089,300.0153198,300.0155029,27005.875,27096.115234375,56.3937160339867,20.817927384879,9.256284,0,0,0,40,4449,299.91185,27050.9951171875,,,,,,,,,,,,,0,,,,10.27102425,,,,,,300.01541135,,,,
,19448058.47,300.0146942,27156.1142578125,12.9860342642552,0.00189357544416946,1,0.999253354069792,40.0298881530762,1.97956938681924,11.4900004118681,70.2408969151076,12.8866746334565,250,-0.0245350519632303,12.9835022420469,0.0298163443933971,300.0140686,300.0153198,27096.115234375,27216.11328125,56.7063674416791,20.8237216957179,8.512546,0,0,0,40,4449,299.91085,27156.1142578125,,,,,,,,,,,,,0,,,,10.53011275,,,,,,300.0146942,,,,
,19448059.585,300.01464845,27271.2626953125,13.0118777289518,0.00191012084656159,1,0.999253354069792,40.0298881530762,1.97978528856522,11.4900004118681,70.3889221836844,12.9096425635068,250,-0.0253319990079933,13.0093439257398,0.0291266064480364,300.0140686,300.0152283,27216.11328125,27326.412109375,56.3726120639675,20.8274558486301,8.512546,0,0,0,40,4449,299.91095,27271.2626953125,,,,,,,,,,,,,0,,,,10.376215,,,,,,300.01464845,,,,
,19448060.635,300.01509095,27376.5322265625,13.0405540194824,0.0015304035623876,1,0.999253354069792,40.0298881530762,1.97969347280735,11.4900004118681,70.5417668525637,12.9326037558885,250,-0.0262936327413625,13.0380183219313,0.0282839967719986,300.0149536,300.0152283,27326.412109375,27426.65234375,56.5047072837175,20.8208479556672,8.512546,0,0,0,40,4449,299.9118,27376.5322265625,,,,,,,,,,,,,0,,,,10.27102425,,,,,,300.01509095,,,,
,19448061.645,300.0146637,27476.8017578125,13.0687125456259,0.00221481346717853,1,0.999253354069792,40.0298881530762,1.97958449739646,11.4900004118681,70.6893228567899,12.9650708169309,250,-0.0253807269301913,13.0661676252273,0.029313454374023,300.0143738,300.0149536,27426.65234375,27526.951171875,56.4671891147944,20.8241533693148,8.512546,0,0,0,40,4449,299.9125,27476.8017578125,,,,,,,,,,,,,0,,,,10.424922,,,,,,300.0146637,,,,
,19448062.645,300.0147705,27577.0908203125,13.0947170007804,0.00204801460267869,1,0.999253354069792,40.0298881530762,1.97969736578762,11.4900004118681,70.834743463572,12.9871579795809,250,-0.0262504578900943,13.0921704570562,0.0285520477314245,300.0143738,300.0151672,27526.951171875,27627.23046875,56.7587365524675,20.820105635882,9.256284,0,0,0,40,4449,299.9112,27577.0908203125,,,,,,,,,,,,,0,,,,10.4772544,,,,,,300.0147705,,,,
,19448063.66,300.01489255,27677.2802734375,13.1233114268557,0.00191197043749935,1,0.999253354069792,40.0298881530762,1.97969827995561,11.4900004118681,70.9893847542565,13.015900002819,250,-0.0262373631069734,13.1207590418966,0.0286840261821522,300.0146179,300.0151672,27627.23046875,27727.330078125,56.5281561392944,20.8238052203468,8.512546,0,0,0,40,4449,299.91035,27677.2802734375,,,,,,,,,,,,,0,,,,10.4772544,,,,,,300.01489255,,,,
,19448064.73,300.0148773,27782.54296875,13.148095342583,0.00211488105590086,1,0.999253354069792,40.0298881530762,1.9795099021418,11.4900004118681,71.1166697841929,13.0402455804433,250,-0.0261054461330768,13.1455374983595,0.028918437110662,300.0146179,300.0151367,27727.330078125,27837.755859375,56.4437402592175,20.819815641468,8.884414,0,0,0,40,4449,299.9112,27782.54296875,,,,,,,,,,,,,0,,,,10.424922,,,,,,300.0148773,,,,
,19448065.745,300.01457215,27887.6796875,13.173844057985,0.00211207758818214,1,0.999253354069792,40.0298881530762,1.97964079911978,11.5000000223517,71.2596828729656,13.0712438284942,250,-0.0253016510022794,13.1712778628377,0.0298288943975583,300.0140076,300.0151367,27837.755859375,27937.603515625,56.1490663074675,20.819954883196,9.256284,0,0,0,40,4449,299.9108,27887.6796875,,,,,,,,,,,,,0,,,,10.424922,,,,,,300.01457215,,,,
,19448066.72,300.01364135,27987.654296875,13.2019887219199,0.00166039801652089,1,0.999253354069792,40.0298881530762,1.97953299186425,11.4900004118681,71.4091621294672,13.0929187724313,250,-0.0263820837934562,13.1994218916192,0.0288654036984161,300.0132751,300.0140076,27937.603515625,28037.705078125,57.2034831799099,20.8214663042494,7.396941,0,0,0,40,4449,299.9112,27987.654296875,,,,,,,,,,,,,0,,,,10.424922,,,,,,300.01364135,,,,
,19448067.675,300.0142059,28082.783203125,13.2250357380882,0.00246347499472394,1,0.999253354069792,40.0298881530762,1.9796102012173,11.4900004118681,71.5361191599947,13.11856108252,250,-0.0260042286435822,13.2224624700035,0.0293386477365945,300.0132751,300.0151367,28037.705078125,28127.861328125,56.2819431557367,20.8249058540416,8.512546,0,0,0,40,4449,299.91145,28082.783203125,,,,,,,,,,,,,0,,,,10.3218117,,,,,,300.0142059,,,,
,19448068.675,300.01548765,28182.95703125,13.2517991866788,0.00176576886877341,1,0.999253354069792,40.0298881530762,1.97959025225084,11.4900004118681,71.6805348665201,13.1430597914019,250,-0.0264110025153701,13.2492216473425,0.0290430932330592,300.0151367,300.0158386,28127.861328125,28238.052734375,57.0432493334676,20.8214174359338,8.884414,0,0,0,40,4449,299.9109,28182.95703125,,,,,,,,,,,,,0,,,,10.16791395,,,,,,300.01548765,,,,
,19448070.69,300.01467895,28383.4580078125,13.2998838209779,0.00198094447675069,1,0.999253354069792,40.0298881530762,1.97948716442855,11.4900004118681,71.9366815770836,13.1916856139885,250,-0.0262080160357396,13.2972962588284,0.0294453013022624,300.0143433,300.0150146,28378.4375,28388.478515625,56.3444734372752,20.8233754044035,7.396941,0,0,0,40,4449,299.91085,28383.4580078125,,,,,,,,,,,,,0,,,,10.4772544,,,,,,300.01467895,,,,
,19448071.36,300.015625,28448.666015625,13.3275062947808,0.00174716347417326,1,0.999253354069792,40.0298881530762,1.9795756150427,11.4900004118681,72.0877966424749,13.2273690208523,250,-0.0248359425094942,13.3249069833965,0.03093205749979,300.0150146,300.0162354,28388.478515625,28508.853515625,56.2241026453136,20.8199248052091,8.884414,0,0,0,40,4449,299.91075,28448.666015625,,,,,,,,,,,,,0,,,,10.58244515,,,,,,300.015625,,,,
,19448072.47,300.0151978,28559.0263671875,13.3498537780554,0.00179325141726006,1,0.999253354069792,40.0298881530762,1.9794558130919,11.4900004118681,72.2059688754318,13.2403705892031,250,-0.0264296305555526,13.3472568935963,0.0294313386300906,300.0141602,300.0162354,28508.853515625,28609.19921875,56.1381235081982,20.8212028364216,7.396941,0,0,0,40,4449,299.90975,28559.0263671875,,,,,,,,,,,,,0,,,,10.53011275,,,,,,300.0151978,,,,
,19448073.51,300.01438905,28664.2763671875,13.3702561207795,0.00221881336932826,1,0.999253354069792,40.0298881530762,1.97959493433206,11.4900004118681,72.3199125307494,13.2688906988465,250,-0.0251051376646837,13.3676500355325,0.0308400843132525,300.0141602,300.0146179,28609.19921875,28719.353515625,57.3043132588907,20.8231617620407,8.512546,0,0,0,40,4449,299.9089,28664.2763671875,,,,,,,,,,,,,0,,,,10.424922,,,,,,300.01438905,,,,
,19448074.625,300.0143585,28774.36328125,13.3941460651971,0.0021320614420947,1,0.999253354069792,40.0298881530762,1.97948451207038,11.4900004118681,72.444738189995,13.2943260413663,250,-0.0246958430550971,13.3915335420031,0.0313481590166523,300.0140991,300.0146179,28719.353515625,28829.373046875,56.4413953736598,20.8191353009012,8.884414,0,0,0,40,4449,299.90895,28774.36328125,,,,,,,,,,,,,0,,,,10.27102425,,,,,,300.0143585,,,,
,19448075.665,300.0140991,28879.4951171875,13.4157351399868,0.00176436613234303,1,0.999253354069792,40.0298881530762,1.97960938650561,11.4900004118681,72.5678518439861,13.3064403478311,250,-0.0266084512481121,13.4131264907525,0.0295249879686941,300.0140991,300.0140991,28829.373046875,28929.6171875,56.1178011666983,20.8193500983906,8.512546,0,0,0,40,4449,299.91005,28879.4951171875,,,,,,,,,,,,,0,,,,10.32335665,,,,,,300.0140991,,,,
,19448076.7,300.01423645,28984.78125,13.4339861886788,0.00223680393695675,1,0.999253354069792,40.0298881530762,1.97958837247728,11.5000000223517,72.6651205582141,13.328189696481,250,-0.0259437750057937,13.431371074065,0.0302650046963091,300.0140991,300.0143738,28929.6171875,29039.9453125,56.6649411301598,20.8228759264943,7.396941,0,0,0,40,4449,299.90935,28984.78125,,,,,,,,,,,,,0,,,,10.5295868,,,,,,300.01423645,,,,
,19448077.855,300.0146332,29100.0380859375,13.4601955120028,0.00208305518770491,1,0.999253354069792,40.0298881530762,1.97951552574461,11.4900004118681,72.8031332491528,13.359867597244,250,-0.0248548966784414,13.4575704499428,0.0314620642308233,300.0143738,300.0148926,29039.9453125,29160.130859375,56.9893169656406,20.8216124157863,7.396941,0,0,0,40,4449,299.90985,29100.0380859375,,,,,,,,,,,,,0,,,,10.4772544,,,,,,300.0146332,,,,
,19448078.87,300.0148926,29200.205078125,13.4819883288163,0.00216281064508321,1,0.999253354069792,40.0298881530762,1.9795412552556,11.4900004118681,72.9239312373563,13.3708742136055,250,-0.0268902487135791,13.4793673369427,0.0295172164561423,300.0148926,300.0148926,29160.130859375,29240.279296875,56.6156985334483,20.8172704908879,9.256284,0,0,0,40,4449,299.91025,29200.205078125,,,,,,,,,,,,,0,,,,10.424922,,,,,,300.0148926,,,,
,19448079.9,300.01487735,29300.443359375,13.5051329867126,0.00179877879221127,1,0.999253354069792,40.0298881530762,1.97960351326308,11.4900004118681,73.0486943341195,13.4086254276762,250,-0.024275025898899,13.5024964424665,0.0322279624321588,300.0148621,300.0148926,29240.279296875,29360.607421875,56.6516534453329,20.8206697856856,8.512546,0,0,0,40,4449,299.90925,29300.443359375,,,,,,,,,,,,,0,,,,10.424922,,,,,,300.01487735,,,,
,19448080.875,300.01472475,29400.69140625,13.5237104258516,0.0017341725193073,1,0.999253354069792,40.0298881530762,1.97966096245698,11.4900004118681,73.1533356107844,13.4162037950162,250,-0.0263874986688468,13.5210791042329,0.0301928393690333,300.0145874,300.0148621,29360.607421875,29440.775390625,56.1154562811405,20.8270601921239,8.512546,0,0,0,40,4449,299.90835,29400.69140625,,,,,,,,,,,,,0,,,,10.424922,,,,,,300.01472475,,,,
,19448081.72,300.0145874,29485.900390625,13.5480891022544,0.0020149285050259,1,0.999253354069792,40.0298881530762,1.97951394067923,11.4900004118681,73.2782274975553,13.44842602642,250,-0.0247679882923569,13.54544618287,0.031913469853119,300.0145874,300.0145874,29440.775390625,29531.025390625,56.272563613506,20.8226468819365,7.396941,0,0,0,40,4449,299.90695,29485.900390625,,,,,,,,,,,,,0,,,,10.3218117,,,,,,300.0145874,,,,
,19448082.745,300.01412965,29586.40625,13.5635305383374,0.00197381937582903,1,0.999253354069792,40.0298881530762,1.97964884826831,11.4900004118681,73.3681657280304,13.4563395427347,250,-0.0263316710590526,13.5608913827376,0.0304133969206924,300.0136719,300.0145874,29531.025390625,29641.787109375,56.709493955756,20.8242072461829,9.256284,0,0,0,40,4449,299.9083,29586.40625,,,,,,,,,,,,,0,,,,10.16791395,,,,,,300.01412965,,,,
,19448083.76,300.01383975,29691.9423828125,13.5841769025107,0.00198862912695904,1,0.999253354069792,40.0298881530762,1.97953982946147,11.4900004118681,73.4750671119609,13.4805960304757,250,-0.0255388818351631,13.5815305026226,0.031291215951643,300.0136719,300.0140076,29641.787109375,29742.09765625,57.0338697912368,20.8209480655733,8.512546,0,0,0,40,4449,299.90885,29691.9423828125,,,,,,,,,,,,,0,,,,10.32335665,,,,,,300.01383975,,,,
,19448084.745,300.0146637,29792.2373046875,13.6024417342791,0.00233527028637623,1,0.999253354069792,40.0298881530762,1.97951914405925,11.4900004118681,73.5737041132077,13.4953658704138,250,-0.0261675623500167,13.5997939234645,0.0307382849607964,300.0140076,300.0153198,29742.09765625,29842.376953125,56.8251749766022,20.8249743562941,7.396941,0,0,0,40,4449,299.90785,29792.2373046875,,,,,,,,,,,,,0,,,,10.4772544,,,,,,300.0146637,,,,
,19448085.825,300.0149231,29897.541015625,13.6252067107105,0.00176440725066173,1,0.999253354069792,40.0298881530762,1.97943677550914,11.4900004118681,73.6945418314344,13.513647171291,250,-0.0269048072422979,13.6225573532729,0.030095213779847,300.0145264,300.0153198,29842.376953125,29952.705078125,57.004167907506,20.8219476872856,9.256284,0,0,0,40,4449,299.9085,29897.541015625,,,,,,,,,,,,,0,,,,10.53011275,,,,,,300.0149231,,,,
,19448086.91,300.0149994,30007.8125,13.6436300668115,0.00180165989650812,1,0.999253354069792,40.0298881530762,1.97952864595986,11.4900004118681,73.7950202607821,13.5460631802734,250,-0.0244376886454802,13.6409667124448,0.0326378880814553,300.0145264,300.0154724,29952.705078125,30062.919921875,56.8087607776983,20.8158736419137,8.140677,0,0,0,40,4449,299.90805,30007.8125,,,,,,,,,,,,,0,,,,10.6353035,,,,,,300.0149994,,,,
,19448088.025,300.0152588,30118.0283203125,13.663344453684,0.00215095385628726,1,0.999253354069792,40.0298881530762,1.97949788957446,11.5000000223517,73.899777146367,13.5694928504077,250,-0.0237207984570596,13.6606740646732,0.0334361419789858,300.0150452,300.0154724,30062.919921875,30173.13671875,56.2717819849867,20.8196876060877,8.884414,0,0,0,40,4449,299.90735,30118.0283203125,,,,,,,,,,,,,0,,,,10.58244515,,,,,,300.0152588,,,,
,19448089.165,300.01493835,30233.26953125,13.7016854016123,0.00186571047304274,1,0.999253354069792,40.0298881530762,1.97956180533505,11.5000000223517,74.1125210006256,13.5916201542352,250,-0.0268153229774183,13.6990204659301,0.0305013635015738,300.0148315,300.0150452,30173.13671875,30293.40234375,56.5156500829868,20.8226497238853,9.256284,0,0,0,40,4449,299.90775,30233.26953125,,,,,,,,,,,,,0,,,,10.4772544,,,,,,300.01493835,,,,
,19448090.335,300.014328,30353.49609375,13.7187594681967,0.00190122812659076,1,0.999253354069792,40.0298881530762,1.97949086778345,11.4900004118681,74.2019099502377,13.610094640663,250,-0.0264755335673356,13.7160900472425,0.0309115752311681,300.0138245,300.0148315,30293.40234375,30413.58984375,56.4187281466021,20.8181240181815,7.396941,0,0,0,40,4449,299.90645,30353.49609375,,,,,,,,,,,,,0,,,,10.424922,,,,,,300.014328,,,,
,19448091.515,300.0140076,30468.69921875,13.7379540772004,0.00175901583956533,1,0.999253354069792,40.0298881530762,1.97948652074755,11.4900004118681,74.3044492240832,13.635162287463,250,-0.0253920013330517,13.7352764799216,0.0320742961136839,300.0138245,300.0141907,30413.58984375,30523.80859375,56.6938613853714,20.8212782820758,8.512546,0,0,0,40,4449,299.90515,30468.69921875,,,,,,,,,,,,,0,,,,10.27102425,,,,,,300.0140076,,,,
,19448092.665,300.0138245,30583.962890625,13.7528162533149,0.00202948370360548,1,0.999253354069792,40.0298881530762,1.97958748801131,11.5000000223517,74.3881928034779,13.6524442382094,250,-0.02507583482566,13.7501345274922,0.0324513766404963,300.0134583,300.0141907,30523.80859375,30644.1171875,56.4507749158906,20.8233618562695,9.256284,0,0,0,40,4449,299.9052,30583.962890625,,,,,,,,,,,,,0,,,,10.376215,,,,,,300.0138245,,,,
,19448093.655,300.01483155,30684.1201171875,13.7692427300169,0.00193026770855844,1,0.999253354069792,40.0298881530762,1.97938974493004,11.5000000223517,74.46975450873,13.667576865762,250,-0.0250754146608223,13.766557267635,0.0325193989668059,300.0134583,300.0162048,30644.1171875,30724.123046875,57.078422616833,20.8218821158433,7.396941,0,0,0,40,4449,299.90555,30684.1201171875,,,,,,,,,,,,,0,,,,10.376215,,,,,,300.01483155,,,,
,19448094.645,300.01597595,30784.341796875,13.7908515548574,0.00189455981294969,1,0.999253354069792,40.0298881530762,1.97944842302858,11.5000000223517,74.5890415051968,13.6879996200555,250,-0.0253770101109814,13.7881624625057,0.0323075116026721,300.0157471,300.0162048,30724.123046875,30844.560546875,56.2264475308713,20.8225817996881,8.884414,0,0,0,40,4449,299.90425,30784.341796875,,,,,,,,,,,,,0,,,,10.27102425,,,,,,300.01597595,,,,
,19448095.765,300.01457215,30894.5615234375,13.8045311909431,0.00178878110008224,1,0.999253354069792,40.0298881530762,1.9795017866407,11.4900004118681,74.6647510878021,13.7032632789582,250,-0.0251560279761442,13.8018392211358,0.0325845583138549,300.0133972,300.0157471,30844.560546875,30944.5625,56.4288893173521,20.8208093860281,7.396941,0,0,0,40,4449,299.90415,30894.5615234375,,,,,,,,,,,,,0,,,,10.53011275,,,,,,300.01457215,,,,
,19448096.745,300.014328,30989.7587890625,13.822461841834,0.00211978926824792,1,0.999253354069792,40.0298881530762,1.9794148717127,11.5000000223517,74.7587780116191,13.7191498288948,250,-0.0254324727112081,13.8197676456705,0.0323818328797749,300.0133972,300.0152588,30944.5625,31034.955078125,56.6438371601406,20.8203872578561,9.256284,0,0,0,40,4449,299.9057,30989.7587890625,,,,,,,,,,,,,0,,,,10.42700245,,,,,,300.014328,,,,
,19448097.745,300.01506045,31090.0615234375,13.8432676494419,0.00231247740561501,1,0.999253354069792,40.0298881530762,1.97939442058342,11.4900004118681,74.8697920486553,13.7437504908621,250,-0.0247132701681199,13.8405659672377,0.0331867358451239,300.0148621,300.0152588,31034.955078125,31145.16796875,56.3491632083906,20.8237134509519,8.512546,0,0,0,40,4449,299.9063,31090.0615234375,,,,,,,,,,,,,0,,,,10.3741441,,,,,,300.01506045,,,,
,19448098.735,300.01454165,31190.1982421875,13.8567082995217,0.00190609946651123,1,0.999253354069792,40.0298881530762,1.97945089572756,11.4900004118681,74.9451335826463,13.754447893908,250,-0.0252967921360381,13.8540066799592,0.0326586944448419,300.0142212,300.0148621,31145.16796875,31235.228515625,56.7509202672752,20.8242453716835,7.396941,0,0,0,40,4449,299.9055,31190.1982421875,,,,,,,,,,,,,0,,,,10.5295868,,,,,,300.01454165,,,,
,19448099.71,300.01431275,31290.2919921875,13.874187519477,0.00181087218068838,1,0.999253354069792,40.0298881530762,1.97941924224377,11.4900004118681,75.0388166059274,13.7698866885801,250,-0.0256416438478436,13.8714840029903,0.0323861166458068,300.0142212,300.0144043,31235.228515625,31345.35546875,56.3124266679867,20.8186520664707,7.396941,0,0,0,40,4449,299.9049,31290.2919921875,,,,,,,,,,,,,0,,,,10.3741441,,,,,,300.01431275,,,,
,19448100.9,300.01475525,31410.46875,13.8903906257881,0.00186454072967144,1,0.999253354069792,40.0298881530762,1.97942829439231,11.5000000223517,75.126462485632,13.7877733032553,250,-0.0253479634961031,13.8876824737974,0.0327464276584343,300.0144043,300.0151062,31345.35546875,31475.58203125,56.3319673809675,20.820564377485,8.512546,0,0,0,40,4449,299.90415,31410.46875,,,,,,,,,,,,,0,,,,10.42700245,,,,,,300.01475525,,,,
,19448101.965,300.01501465,31515.677734375,13.9027068826692,0.00200754802944364,1,0.999253354069792,40.0298881530762,1.97942829439231,11.5000000223517,75.1922323940743,13.8045432088192,250,-0.0245287621654057,13.8999927823976,0.0336158564415966,300.0149231,300.0151062,31475.58203125,31555.7734375,56.8494054606983,20.820564377485,8.512546,0,0,0,40,4449,299.90425,31515.677734375,,,,,,,,,,,,,0,,,,10.53011275,,,,,,300.01501465,,,,
,19448102.895,300.0146179,31605.873046875,13.922413037565,0.0018807689345459,1,0.999253354069792,40.0298881530762,1.97931467031497,11.4900004118681,75.2959129079766,13.816244865671,250,-0.0258740125134419,13.9197008913043,0.0323520546603002,300.0143127,300.0149231,31555.7734375,31655.97265625,56.9854088230445,20.8230796302817,8.512546,0,0,0,40,4449,299.90555,31605.873046875,,,,,,,,,,,,,0,,,,10.3218117,,,,,,300.0146179,,,,
,19448103.985,300.01452635,31716.1240234375,13.9372921536518,0.00200365215378533,1,0.999253354069792,40.0298881530762,1.97945951866743,11.4900004118681,75.3793224176813,13.8451673851146,250,-0.0234647089400556,13.9345670817132,0.0348218656201138,300.0143127,300.01474,31655.97265625,31776.275390625,56.6196066760444,20.8255809756862,8.512546,0,0,0,40,4449,299.9059,31716.1240234375,,,,,,,,,,,,,0,,,,10.3218117,,,,,,300.01452635,,,,
,19448105.015,300.01475525,31821.4130859375,13.950272688878,0.00220935239488395,1,0.999253354069792,40.0298881530762,1.9793198859688,11.4900004118681,75.4466826916157,13.8444498303213,250,-0.0258271067348285,13.9475548332492,0.0325133371133615,300.01474,300.0147705,31776.275390625,31866.55078125,55.7684132186021,20.8256508802321,8.884414,0,0,0,40,4449,299.905,31821.4130859375,,,,,,,,,,,,,0,,,,10.53011275,,,,,,300.01475525,,,,
,19448106.055,300.01441955,31926.654296875,13.968082120414,0.00193261057481639,1,0.999253354069792,40.0298881530762,1.97945940681966,11.4900004118681,75.546170152894,13.8740044032799,250,-0.0238380776512867,13.9653526115792,0.0345753961665062,300.0140686,300.0147705,31866.55078125,31986.7578125,55.8371965282944,20.8224276621239,8.512546,0,0,0,40,4449,299.90475,31926.654296875,,,,,,,,,,,,,0,,,,10.58244515,,,,,,300.01441955,,,,
,19448107.185,300.0143738,32041.845703125,13.9978305474357,0.00263112536533213,1,0.999253354069792,40.0298881530762,1.97936159790149,11.5000000223517,75.7061807474646,13.8879716085382,250,-0.0266454426630148,13.9951069045537,0.0318916407656446,300.0140686,300.014679,31986.7578125,32096.93359375,55.6793075674097,20.8178172238414,7.396941,0,0,0,40,4449,299.9054,32041.845703125,,,,,,,,,,,,,0,,,,10.4772544,,,,,,300.0143738,,,,
,19448108.285,300.0149994,32151.986328125,14.0137894646349,0.0017940074292525,1,0.999253354069792,40.0298881530762,1.97956623482855,11.4900004118681,75.7972889297724,13.9205576382956,250,-0.0238358644785008,14.0110506115049,0.0347663995511951,300.014679,300.0153198,32096.93359375,32207.0390625,56.4992358840829,20.8202495288818,7.396941,0,0,0,40,4449,299.90465,32151.986328125,,,,,,,,,,,,,0,,,,10.53011275,,,,,,300.0149994,,,,
,19448109.375,300.01530455,32262.1591796875,14.0251580683889,0.00203515445409948,1,0.999253354069792,40.0298881530762,1.97933788392031,11.4900004118681,75.8521618346115,13.9199357470275,250,-0.0257680046192395,14.0224249349166,0.0328811231672957,300.0152893,300.0153198,32207.0390625,32317.279296875,56.9346029692945,20.8227982227793,9.256284,0,0,0,40,4449,299.90425,32262.1591796875,,,,,,,,,,,,,0,,,,10.6353035,,,,,,300.01530455,,,,
,19448111.29,300.0139465,32452.509765625,14.0407442038083,0.00211504331318616,1,0.999253354069792,40.0298881530762,1.9793628764271,11.5000000223517,75.9357947026204,13.9442145866082,250,-0.0241973023639428,14.0380022191201,0.034514885853046,300.0139465,300.0139465,32447.4921875,32457.52734375,56.4922012274098,20.8192835365915,8.512546,0,0,0,40,4449,299.90335,32452.509765625,,,,,,,,,,,,,0,,,,10.5295868,,,,,,300.0139465,,,,
,19448111.89,300.01422115,32512.7021484375,14.058084782905,0.00188701474475489,1,0.999253354069792,40.0298881530762,1.97948174986673,11.4900004118681,76.0338417647258,13.9632697192489,250,-0.0240385728934257,14.0553385477698,0.0347453839315765,300.0139465,300.0144958,32457.52734375,32567.876953125,56.5680191937752,20.8211093026322,8.512546,0,0,0,40,4449,299.90365,32512.7021484375,,,,,,,,,,,,,0,,,,10.4772544,,,,,,300.01422115,,,,
,19448112.86,300.01411435,32607.9921875,14.069043764024,0.00215661271941523,1,0.999253354069792,40.0298881530762,1.97948174986673,11.5000000223517,76.0947276883754,13.965455900029,250,-0.0256651566372133,14.066302265986,0.0331638994767255,300.0137329,300.0144958,32567.876953125,32648.107421875,56.6766655579483,20.8211093026322,8.512546,0,0,0,40,4449,299.90385,32607.9921875,,,,,,,,,,,,,0,,,,10.27102425,,,,,,300.01411435,,,,
,19448113.855,300.0132141,32708.2236328125,14.0846900275211,0.00187278709557132,1,0.999253354069792,40.0298881530762,1.97927801632038,11.4900004118681,76.1696719629315,13.9905666120971,250,-0.0236613056841714,14.0819375390871,0.0352318323217779,300.0126953,300.0137329,32648.107421875,32768.33984375,56.343691808756,20.8244154118617,8.512546,0,0,0,40,4449,299.9033,32708.2236328125,,,,,,,,,,,,,0,,,,10.27102425,,,,,,300.0132141,,,,
,19448114.97,300.0135803,32823.96484375,14.0992248808193,0.00261956258287643,1,0.999253354069792,40.0298881530762,1.97943602726649,11.4900004118681,76.2584103943265,13.983456101342,250,-0.0278720219483386,14.0964869445381,0.0310818956559364,300.0126953,300.0144653,32768.33984375,32879.58984375,56.3593243791406,20.8256956408207,8.512546,0,0,0,40,4449,299.90165,32823.96484375,,,,,,,,,,,,,0,,,,10.53011275,,,,,,300.0135803,,,,
,19448116.03,300.01457215,32929.90234375,14.1146219488577,0.00170332583855686,1,0.999253354069792,40.0298881530762,1.97950743861334,11.4900004118681,76.3409003402774,14.017946536912,250,-0.0244375303103449,14.1118661420793,0.0345787796681137,300.0144653,300.014679,32879.58984375,32980.21484375,56.3530713509867,20.8231226839195,9.256284,0,0,0,40,4449,299.90235,32929.90234375,,,,,,,,,,,,,0,,,,10.6353035,,,,,,300.01457215,,,,
,19448117.085,300.01446535,33035.38671875,14.1264934996007,0.00171407740659201,1,0.999253354069792,40.0298881530762,1.97948483538852,11.5000000223517,76.4061035147474,14.0196341439,250,-0.0262962967786133,14.1237432497896,0.0327686129746184,300.0142517,300.014679,32980.21484375,33090.55859375,56.811105663256,20.8260516525224,8.512546,0,0,0,40,4449,299.9036,33035.38671875,,,,,,,,,,,,,0,,,,10.42700245,,,,,,300.01446535,,,,
,19448118.22,300.0147705,33150.705078125,14.1530068628064,0.00205525441949395,1,0.999253354069792,40.0298881530762,1.97937559456851,11.4900004118681,76.5438941278882,14.0532359575304,250,-0.0248562853453352,14.1502451919164,0.0343178465445443,300.0142517,300.0152893,33090.55859375,33210.8515625,56.7274714116983,20.8225621236829,9.256284,0,0,0,40,4449,299.90405,33150.705078125,,,,,,,,,,,,,0,,,,10.3741441,,,,,,300.0147705,,,,
,19448119.37,300.0145111,33266.0390625,14.1668764165919,0.00184792750072871,1,0.999253354069792,40.0298881530762,1.97942762449143,11.4900004118681,76.6212099252864,14.0655399973078,250,-0.0252175547331034,14.1641137079112,0.0340133235744617,300.0137329,300.0152893,33210.8515625,33321.2265625,56.8533136032945,20.8233479054505,8.512546,0,0,0,40,4449,299.9044,33266.0390625,,,,,,,,,,,,,0,,,,10.32335665,,,,,,300.0145111,,,,
,19448120.485,300.01379395,33376.291015625,14.1805309277074,0.00217340508101806,1,0.999253354069792,40.0298881530762,1.97940956127515,11.4900004118681,76.6934681590782,14.0838886282588,250,-0.0243316919201648,14.1777622014836,0.0349552986368181,300.0137329,300.013855,33321.2265625,33431.35546875,56.8877052581406,20.8263506868566,7.396941,0,0,0,40,4449,299.90275,33376.291015625,,,,,,,,,,,,,0,,,,10.27102425,,,,,,300.01379395,,,,
,19448121.56,300.0137482,33481.5234375,14.1944759286654,0.00156757048379774,1,0.999253354069792,40.0298881530762,1.97933349777199,11.4900004118681,76.7652077311342,14.1015411511995,250,-0.0235539786854673,14.1917012073338,0.0357905741631043,300.0136414,300.013855,33431.35546875,33531.69140625,56.3108634109483,20.8195810676355,7.768809,0,0,0,40,4449,299.9004,33481.5234375,,,,,,,,,,,,,0,,,,10.27102425,,,,,,300.0137482,,,,
,19448122.505,300.01477055,33576.728515625,14.2048250218919,0.00234444693927106,1,0.999253354069792,40.0298881530762,1.97938210615703,11.4900004118681,76.8241808857869,14.1058694153868,250,-0.0247335965769809,14.2020527042817,0.0346533799762277,300.0136414,300.0158997,33531.69140625,33621.765625,56.1420316507944,20.8249990332299,8.512546,0,0,0,40,4449,299.90065,33576.728515625,,,,,,,,,,,,,0,,,,10.16791395,,,,,,300.01477055,,,,
,19448123.53,300.0152588,33681.8671875,14.2244801300671,0.00208912028918747,1,0.999253354069792,40.0298881530762,1.97931657200401,11.5000000223517,76.92702089265,14.1301952798188,250,-0.0237926048410379,14.2216997920582,0.035674786580429,300.0146179,300.0158997,33621.765625,33741.96875,56.0161894591982,20.8249618949988,8.512546,0,0,0,40,4449,299.9025,33681.8671875,,,,,,,,,,,,,0,,,,10.16791395,,,,,,300.0152588,,,,
,19448124.56,300.0149841,33782.025390625,14.2301030078722,0.00272593707355071,1,0.999253354069792,40.0298881530762,1.97925527785917,11.4900004118681,76.9574360665974,14.1227901150909,250,-0.026124992476033,14.2273315211667,0.0333653710591314,300.0146179,300.0153503,33741.96875,33822.08203125,56.5594212800637,20.822277015434,7.396941,0,0,0,40,4449,299.9022,33782.025390625,,,,,,,,,,,,,0,,,,10.27102425,,,,,,300.0149841,,,,
,19448125.515,300.01512145,33877.224609375,14.2454744853173,0.0021680985996456,1,0.999253354069792,40.0298881530762,1.97931099004229,11.4900004118681,77.0398554568547,14.1536743717249,250,-0.0233336405838818,14.2426882014237,0.0362198341938875,300.0148926,300.0153503,33822.08203125,33932.3671875,56.4968909985252,20.8195666972334,8.512546,0,0,0,40,4449,299.9003,33877.224609375,,,,,,,,,,,,,0,,,,10.4772544,,,,,,300.01512145,,,,
,19448126.595,300.014328,33987.490234375,14.2600886540349,0.00215769399151342,1,0.999253354069792,40.0298881530762,1.97948732202059,11.4900004118681,77.1278277333153,14.1573751338137,250,-0.025585339447906,14.257309341927,0.034028622660956,300.0137634,300.0148926,33932.3671875,34042.61328125,57.027616763083,20.8249112361452,9.256284,0,0,0,40,4449,299.89975,33987.490234375,,,,,,,,,,,,,0,,,,10.4772544,,,,,,300.014328,,,,
,19448127.635,300.01387025,34092.693359375,14.2728165445107,0.00228067719813537,1,0.999253354069792,40.0298881530762,1.97939659470952,11.4900004118681,77.1926130452335,14.1726471737911,250,-0.0250023334264161,14.2700325757629,0.0346634978981622,300.0137634,300.0139771,34042.61328125,34142.7734375,56.8501870892175,20.819471699038,8.512546,0,0,0,40,4449,299.9001,34092.693359375,,,,,,,,,,,,,0,,,,10.424922,,,,,,300.01387025,,,,
,19448128.68,300.01409915,34197.9375,14.2851831349904,0.00235476319770296,1,0.999253354069792,40.0298881530762,1.97930465910288,11.4900004118681,77.256912431217,14.1793411701373,250,-0.0259370294271778,14.2824005725748,0.0337793935577122,300.0139771,300.0142212,34142.7734375,34253.1015625,56.3264959813329,20.8228612646412,8.884414,0,0,0,40,4449,299.90075,34197.9375,,,,,,,,,,,,,0,,,,10.4772544,,,,,,300.01409915,,,,
,19448129.755,300.0146179,34303.236328125,14.2942241441702,0.00223962539616712,1,0.999253354069792,40.0298881530762,1.97928927196675,11.4900004118681,77.3029845858192,14.2002685294331,250,-0.0237211971123004,14.2914303429562,0.0360312404649307,300.0142212,300.0150146,34253.1015625,34353.37109375,56.4531198014483,20.8206124412731,7.396941,0,0,0,40,4449,299.90155,34303.236328125,,,,,,,,,,,,,0,,,,10.58244515,,,,,,300.0146179,,,,
,19448130.82,300.01478575,34408.458984375,14.3090134612337,0.00193221033268536,1,0.999253354069792,40.0298881530762,1.97937720378431,11.4900004118681,77.3879372591769,14.2068457646913,250,-0.0253593151291706,14.3062235482823,0.0344539777077879,300.0145569,300.0150146,34353.37109375,34463.546875,56.6563432164483,20.824451236425,7.396941,0,0,0,40,4449,299.9022,34408.458984375,,,,,,,,,,,,,0,,,,10.53011275,,,,,,300.01478575,,,,
,19448131.93,300.01379395,34523.580078125,14.3219927574385,0.0020098506245144,1,0.999253354069792,40.0298881530762,1.97915958393832,11.4900004118681,77.4496641254665,14.2191047655991,250,-0.0252153746785169,14.3192002416387,0.0346510673209988,300.013031,300.0145569,34463.546875,34583.61328125,56.333530638006,20.8240505747176,9.256284,0,0,0,40,4449,299.90145,34523.580078125,,,,,,,,,,,,,0,,,,10.53011275,,,,,,300.01379395,,,,
,19448132.99,300.013031,34628.669921875,14.3324466352243,0.00243687965959048,1,0.999253354069792,40.0298881530762,1.97943588091532,11.4900004118681,77.5169168460065,14.2305357317607,250,-0.0253968437221987,14.3296532407421,0.0345125405192629,300.013031,300.013031,34583.61328125,34673.7265625,57.1167224142753,20.825267161524,9.256284,0,0,0,40,4449,299.89995,34628.669921875,,,,,,,,,,,,,0,,,,10.6353035,,,,,,300.013031,,,,
,19448133.99,300.01400755,34723.888671875,14.3466120831307,0.00256032600031532,1,0.999253354069792,40.0298881530762,1.97937395613401,11.4900004118681,77.5909291162873,14.2454124111654,250,-0.0251906358587356,14.3438145061609,0.0347772637172329,300.013031,300.0149841,34673.7265625,34774.05078125,56.8157954343714,20.8245146814951,9.256284,0,0,0,40,4449,299.8983,34723.888671875,,,,,,,,,,,,,0,,,,10.6353035,,,,,,300.01400755,,,,
,19448135.115,300.0144348,34839.16796875,14.3700637629767,0.00182073079841949,1,0.999253354069792,40.0298881530762,1.97929172455024,11.4900004118681,77.713201727598,14.2757330267981,250,-0.0238223353572052,14.3672556264664,0.0362419293417587,300.0138855,300.0149841,34774.05078125,34904.28515625,56.9408559974483,20.8229445946437,9.256284,0,0,0,40,4449,299.8988,34839.16796875,,,,,,,,,,,,,0,,,,10.58244515,,,,,,300.0144348,,,,
,19448136.325,300.01431275,34964.38671875,14.3841700585776,0.00168782235500961,1,0.999253354069792,40.0298881530762,1.97947280635215,11.4900004118681,77.7978780175556,14.2832196323158,250,-0.0252872808623483,14.3813653997721,0.0348347156503905,300.0138855,300.01474,34904.28515625,35024.48828125,56.3210245816983,20.8238454125522,8.512546,0,0,0,40,4449,299.89945,34964.38671875,,,,,,,,,,,,,0,,,,10.4772544,,,,,,300.01431275,,,,
,19448137.405,300.01460265,35069.630859375,14.3963287052208,0.00251797242020044,1,0.999253354069792,40.0298881530762,1.97924883314058,11.4900004118681,77.8552892982193,14.2923983934238,250,-0.0255513191768331,14.3935226218867,0.0346206423212276,300.0144653,300.01474,35024.48828125,35114.7734375,56.147503050429,20.8239318595663,7.396941,0,0,0,40,4449,299.8984,35069.630859375,,,,,,,,,,,,,0,,,,10.4772544,,,,,,300.01460265,,,,
,19448138.475,300.0141754,35174.849609375,14.4082135534445,0.00202898518004417,1,0.999253354069792,40.0298881530762,1.97932060861311,11.4900004118681,77.9188759091083,14.3232824759194,250,-0.0221345755337101,14.4053911472574,0.0380849526103205,300.0138855,300.0144653,35114.7734375,35234.92578125,56.2780350131406,20.8229588746896,8.512546,0,0,0,40,4449,299.8995,35174.849609375,,,,,,,,,,,,,0,,,,10.58244515,,,,,,300.0141754,,,,
,19448139.6,300.01452635,35289.9921875,14.4151598406293,0.00245905986173066,1,0.999253354069792,40.0298881530762,1.97932817869244,11.4900004118681,77.9592888549349,14.316448206804,250,-0.0246952629994099,14.4123466587899,0.0355526087633246,300.0138855,300.0151672,35234.92578125,35345.05859375,56.526592882256,20.8287956155293,7.396941,0,0,0,40,4449,299.89925,35289.9921875,,,,,,,,,,,,,0,,,,10.42700245,,,,,,300.01452635,,,,
,19448140.635,300.01515195,35395.146484375,14.4292162083212,0.00218181025629458,1,0.999253354069792,40.0298881530762,1.97937736783004,11.4900004118681,78.0352278814117,14.3413806514231,250,-0.0227533207839092,14.4263918082282,0.0375521241598183,300.0151367,300.0151672,35345.05859375,35445.234375,56.9627415959868,20.8244734273304,8.512546,0,0,0,40,4449,299.89765,35395.146484375,,,,,,,,,,,,,0,,,,10.16791395,,,,,,300.01515195,,,,
,19448141.705,300.0162201,35500.375,14.4428520433668,0.00253902844244704,1,0.999253354069792,40.0298881530762,1.97937706672727,11.4900004118681,78.1121197153701,14.3378796688462,250,-0.0259276074250266,14.4400376777195,0.0344344479060564,300.0151367,300.0173035,35445.234375,35555.515625,56.4390504881021,20.8265275792499,8.512546,0,0,0,40,4449,299.89705,35500.375,,,,,,,,,,,,,0,,,,10.376215,,,,,,300.0162201,,,,
,19448142.68,300.01605225,35595.591796875,14.4521788365297,0.00284096908367182,1,0.999253354069792,40.0298881530762,1.97914285963233,11.4900004118681,78.1497837103676,14.3657542174208,250,-0.0221936207672472,14.4493471560076,0.0382057373611963,300.014801,300.0173035,35555.515625,35635.66796875,56.526592882256,20.8217387630666,7.396941,0,0,0,40,4449,299.8965,35595.591796875,,,,,,,,,,,,,0,,,,10.6353035,,,,,,300.01605225,,,,
,19448143.625,300.01586915,35690.791015625,14.4601607330715,0.00261851866180166,1,0.999253354069792,40.0298881530762,1.97911742396966,11.4900004118681,78.1938797228519,14.3631899937963,250,-0.0241132991164888,14.4573356830236,0.0363184808290004,300.014801,300.0169373,35635.66796875,35745.9140625,55.9263021794867,20.8236471043606,9.256284,0,0,0,40,4449,299.89765,35690.791015625,,,,,,,,,,,,,0,,,,10.376215,,,,,,300.01586915,,,,
,19448144.735,300.01605225,35806.068359375,14.474381490554,0.00273877774799242,1,0.999253354069792,40.0298881530762,1.97915995744173,11.4900004118681,78.2737486881057,14.3704501706169,250,-0.0254613647100175,14.4715592254231,0.0350287815443679,300.0151672,300.0169373,35745.9140625,35866.22265625,56.4335790884675,20.8251079862581,9.256284,0,0,0,40,4449,299.8979,35806.068359375,,,,,,,,,,,,,0,,,,10.27102425,,,,,,300.01605225,,,,
,19448145.735,300.01564025,35906.31640625,14.489593353326,0.00213378528394138,1,0.999253354069792,40.0298881530762,1.97937074928482,11.4900004118681,78.3615997261486,14.4008151378381,250,-0.0229406115738756,14.4867577966458,0.037611542332071,300.0151672,300.0161133,35866.22265625,35946.41015625,56.5375356815252,20.8226689956776,9.256284,0,0,0,40,4449,299.89765,35906.31640625,,,,,,,,,,,,,0,,,,10.424922,,,,,,300.01564025,,,,
,19448146.71,300.0158081,36001.53125,14.498182724773,0.00245253809483007,1,0.999253354069792,40.0298881530762,1.97923709368943,11.5000000223517,78.4039559969603,14.4026429678372,250,-0.0240183663549559,14.4953499649166,0.036568629048571,300.0155029,300.0161133,35946.41015625,36056.65234375,56.1545377071021,20.8272898917619,8.512546,0,0,0,40,4449,299.89855,36001.53125,,,,,,,,,,,,,0,,,,10.4772544,,,,,,300.0158081,,,,
,19448147.725,300.0150299,36101.720703125,14.508419702946,0.00255720374068187,1,0.999253354069792,40.0298881530762,1.97922829161611,11.4900004118681,78.4593221456655,14.4108959714917,250,-0.024377565996994,14.505586864263,0.0362514897103873,300.0145569,300.0155029,36056.65234375,36146.7890625,55.9599122058136,20.8217858608513,9.256284,0,0,0,40,4449,299.8972,36101.720703125,,,,,,,,,,,,,0,,,,10.4772544,,,,,,300.0150299,,,,
,19448148.68,300.01535035,36197.26171875,14.5181732117182,0.00285899374503674,1,0.999253354069792,40.0298881530762,1.97923584182621,11.4900004118681,78.512204680747,14.421471585982,250,-0.0242386799289969,14.5153377423734,0.0364301134998838,300.0145569,300.0161438,36146.7890625,36247.734375,57.1229754424291,20.8233604777125,9.256284,0,0,0,40,4449,299.8969,36197.26171875,,,,,,,,,,,,,0,,,,10.424922,,,,,,300.01535035,,,,
,19448149.75,300.01586915,36307.865234375,14.5308690369664,0.0021036712416474,1,0.999253354069792,40.0298881530762,1.97929658043901,11.4900004118681,78.5822896329421,14.4394940093187,250,-0.0233382747093771,14.5280270150559,0.0373827990688965,300.0155945,300.0161438,36247.734375,36367.99609375,56.1303072230059,20.8236830620366,9.256284,0,0,0,40,4449,299.8942,36307.865234375,,,,,,,,,,,,,0,,,,10.53011275,,,,,,300.01586915,,,,
,19448150.86,300.01530455,36418.142578125,14.5456874141551,0.00182622879056523,1,0.999253354069792,40.0298881530762,1.97941173386273,11.4900004118681,78.6678569409671,14.4498388397529,250,-0.0243234359237766,14.5428468703429,0.036459159905602,300.0150146,300.0155945,36367.99609375,36468.2890625,56.4945461129675,20.8226626673401,8.512546,0,0,0,40,4449,299.89155,36418.142578125,,,,,,,,,,,,,0,,,,10.376215,,,,,,300.01530455,,,,
,19448151.95,300.015686,36528.408203125,14.5549675645071,0.00225023780865449,1,0.999253354069792,40.0298881530762,1.97927959138319,11.5000000223517,78.7118511439715,14.463885330535,250,-0.0232703925541368,14.5521206774685,0.0375493097099913,300.0150146,300.0163574,36468.2890625,36588.52734375,56.6008475915829,20.8205842509149,8.884414,0,0,0,40,4449,299.8925,36528.408203125,,,,,,,,,,,,,0,,,,10.27102425,,,,,,300.015686,,,,
,19448153.065,300.0153656,36643.68359375,14.5638209616729,0.00244010520985298,1,0.999253354069792,40.0298881530762,1.97931154757795,11.4900004118681,78.7615406575078,14.4698400079766,250,-0.0238517532649248,14.5609749720803,0.0370041426900529,300.0143738,300.0163574,36588.52734375,36698.83984375,56.6852634716598,20.821618781821,7.396941,0,0,0,40,4449,299.89095,36643.68359375,,,,,,,,,,,,,0,,,,10.53011275,,,,,,300.0153656,,,,
,19448154.055,300.01486205,36743.9296875,14.5736337254223,0.00229993236895729,1,0.999253354069792,40.0298881530762,1.97937579470563,11.4900004118681,78.8187577430877,14.4711378317576,250,-0.0255148985392498,14.5707930657242,0.0353813336285431,300.0143738,300.0153503,36698.83984375,36789.01953125,56.5054889122367,20.8294489874582,8.140677,0,0,0,40,4449,299.89045,36743.9296875,,,,,,,,,,,,,0,,,,10.376215,,,,,,300.01486205,,,,
,19448155.1,300.0149536,36849.125,14.5843287862016,0.00263732145349054,1,0.999253354069792,40.0298881530762,1.97927477168112,11.4900004118681,78.8704450790015,14.4930559776665,250,-0.0233093176041884,14.5814768054324,0.0376300367791405,300.0145569,300.0153503,36789.01953125,36909.23046875,56.7657712091406,20.8264300832953,9.256284,0,0,0,40,4449,299.8902,36849.125,,,,,,,,,,,,,0,,,,10.1171265,,,,,,300.0149536,,,,
,19448156.24,300.0153351,36959.3203125,14.6076350241949,0.00204438835571306,1,0.999253354069792,40.0298881530762,1.97934274576176,11.4900004118681,79.0001342332784,14.5112779085264,250,-0.0243485828119497,14.6047825947118,0.0366870132030416,300.0145569,300.0161133,36909.23046875,37009.41015625,56.0599606562752,20.8255560851418,9.256284,0,0,0,40,4449,299.89065,36959.3203125,,,,,,,,,,,,,0,,,,10.376215,,,,,,300.0153351,,,,
,19448157.335,300.016037,37064.466796875,14.6202801922085,0.00173635772223828,1,0.999253354069792,40.0298881530762,1.97915343928238,11.4900004118681,79.0594898520609,14.5314034533928,250,-0.0227183204639849,14.6174181591636,0.0383682718578082,300.0159607,300.0161133,37009.41015625,37119.5234375,56.6438371601406,20.8180778184421,8.512546,0,0,0,40,4449,299.892,37064.466796875,,,,,,,,,,,,,0,,,,10.58244515,,,,,,300.016037,,,,
,19448158.435,300.01660155,37174.681640625,14.6346994009645,0.00201155474402407,1,0.999253354069792,40.0298881530762,1.97922819006312,11.4900004118681,79.1416903499929,14.5391838897168,250,-0.0240505014490142,14.6318398169979,0.037095505873616,300.0159607,300.0172424,37119.5234375,37229.83984375,56.2960124690829,20.8280876146258,7.396941,0,0,0,40,4449,299.8914,37174.681640625,,,,,,,,,,,,,0,,,,10.3741441,,,,,,300.01660155,,,,
,19448159.56,300.01675415,37289.943359375,14.6437867551458,0.00213820483298116,1,0.999253354069792,40.0298881530762,1.97944091127136,11.4900004118681,79.1977295738701,14.5573173264873,250,-0.0226622705201233,14.6409195619731,0.0385202553061802,300.0162659,300.0172424,37229.83984375,37350.046875,56.8877052581406,20.8237184723912,7.396941,0,0,0,40,4449,299.89085,37289.943359375,,,,,,,,,,,,,0,,,,10.42700245,,,,,,300.01675415,,,,
,19448160.585,300.01646425,37395.228515625,14.6533083977431,0.00160121932653672,1,0.999253354069792,40.0298881530762,1.97932217831739,11.4900004118681,79.2452211924636,14.5625279597693,250,-0.0233047301641455,14.6504422791408,0.0379160253871799,300.0162659,300.0166626,37350.046875,37440.41015625,56.6883899857368,20.8213503863827,7.396941,0,0,0,40,4449,299.8929,37395.228515625,,,,,,,,,,,,,0,,,,10.58244515,,,,,,300.01646425,,,,
,19448161.61,300.0165863,37495.498046875,14.6636692641288,0.00231061021233128,1,0.999253354069792,40.0298881530762,1.97922747885061,11.4900004118681,79.2988305322379,14.5652511472344,250,-0.0245948180607634,14.6608065167047,0.0366679775545087,300.01651,300.0166626,37440.41015625,37550.5859375,56.1920558760252,20.8258690560032,7.396941,0,0,0,40,4449,299.89445,37495.498046875,,,,,,,,,,,,,0,,,,10.32335665,,,,,,300.0165863,,,,
,19448162.68,300.01594545,37600.701171875,14.6707774493105,0.00234719793878495,1,0.999253354069792,40.0298881530762,1.97924422680024,11.5000000223517,79.3363605667859,14.5808843464118,250,-0.0230424127268777,14.6679072148035,0.0382488283680672,300.0153809,300.01651,37550.5859375,37650.81640625,56.360887636179,20.8255129540542,8.512546,0,0,0,40,4449,299.8934,37600.701171875,,,,,,,,,,,,,0,,,,10.27102425,,,,,,300.01594545,,,,
,19448163.7,300.01560975,37705.888671875,14.6822978981195,0.00196065868288188,1,0.999253354069792,40.0298881530762,1.97930839989544,11.4900004118681,79.4019077239846,14.5888343313623,250,-0.0237921855130176,14.6794287519902,0.0375462401041296,300.0153809,300.0158386,37650.81640625,37760.9609375,56.1928375045444,20.8266597454245,8.512546,0,0,0,40,4449,299.893,37705.888671875,,,,,,,,,,,,,0,,,,10.424922,,,,,,300.01560975,,,,
,19448164.805,300.0159454,37815.99609375,14.6961757979725,0.00249378423130898,1,0.999253354069792,40.0298881530762,1.97937075491093,11.4900004118681,79.4797965098497,14.6009414868377,250,-0.0242073980779782,14.6933055355743,0.0371876440459981,300.0158386,300.0160522,37760.9609375,37871.03125,56.6672860157175,20.8267945966369,8.512546,0,0,0,40,4449,299.8938,37815.99609375,,,,,,,,,,,,,0,,,,10.53011275,,,,,,300.0159454,,,,
,19448166.025,300.01544185,37936.16796875,14.714282044409,0.00226688037993898,1,0.999253354069792,40.0298881530762,1.97928123513257,11.4900004118681,79.5726503535665,14.6266987774745,250,-0.0226799236281106,14.7114021250436,0.0387892743313948,300.0148315,300.0160522,37871.03125,38001.3046875,56.8071975206598,20.8236120320354,7.396941,0,0,0,40,4449,299.893,37936.16796875,,,,,,,,,,,,,0,,,,10.58244515,,,,,,300.01544185,,,,
,19448167.28,300.01522825,38061.443359375,14.7236136887067,0.00231599440483221,1,0.999253354069792,40.0298881530762,1.97914233446452,11.5000000223517,79.6185687901939,14.6301008454977,250,-0.0235943575672281,14.7207359379138,0.0379127510036168,300.0148315,300.015625,38001.3046875,38121.58203125,56.1279623374482,20.8248441965573,8.884414,0,0,0,40,4449,299.8923,38061.443359375,,,,,,,,,,,,,0,,,,10.58244515,,,,,,300.01522825,,,,
,19448168.365,300.01556395,38171.666015625,14.7329047094319,0.00297036430178222,1,0.999253354069792,40.0298881530762,1.97908969023554,11.4900004118681,79.6658830450617,14.6435915613055,250,-0.0227496754772007,14.7300215122189,0.0387945759184419,300.0155029,300.015625,38121.58203125,38221.75,56.5625477941406,20.8273218084267,8.512546,0,0,0,40,4449,299.8933,38171.666015625,,,,,,,,,,,,,0,,,,10.53011275,,,,,,300.01556395,,,,
,19448169.45,300.01535035,38281.904296875,14.7483476225252,0.00193079356661793,1,0.999253354069792,40.0298881530762,1.97933509565459,11.4900004118681,79.7581615227703,14.6654253075339,250,-0.0219010230746935,14.7454579783812,0.039706475361865,300.0151978,300.0155029,38221.75,38342.05859375,57.4074882234292,20.8210715905519,8.884414,0,0,0,40,4449,299.8926,38281.904296875,,,,,,,,,,,,,0,,,,10.4772544,,,,,,300.01535035,,,,
,19448170.645,300.01560975,38402.212890625,14.7589390118477,0.00171965470255782,1,0.999253354069792,40.0298881530762,1.97936268044566,11.4900004118681,79.8175726337107,14.6705008020059,250,-0.0229615132785232,14.756051643677,0.0386890901622964,300.0151978,300.0160217,38342.05859375,38462.3671875,56.4429586306983,20.8226858338304,9.256284,0,0,0,40,4449,299.8925,38402.212890625,,,,,,,,,,,,,0,,,,10.58244515,,,,,,300.01560975,,,,
,19448171.75,300.01615905,38512.484375,14.7641105084048,0.00269897554273911,1,0.999253354069792,40.0298881530762,1.97906488096624,11.4900004118681,79.8332718703318,14.6764546962454,250,-0.0224192454654219,14.7612196647143,0.0392514435151518,300.0160217,300.0162964,38462.3671875,38562.6015625,55.8442311849674,20.823055167257,9.256284,0,0,0,40,4449,299.8931,38512.484375,,,,,,,,,,,,,0,,,,10.53011275,,,,,,300.01615905,,,,
,19448172.825,300.01701355,38617.62890625,14.7743409780112,0.00236294354717373,1,0.999253354069792,40.0298881530762,1.97918123821556,11.5000000223517,79.8932487379161,14.6870424789965,250,-0.0225120042152211,14.771448100514,0.0392002543673056,300.0162964,300.0177307,38562.6015625,38672.65625,56.218631245679,20.8252133425461,8.512546,0,0,0,40,4449,299.893,38617.62890625,,,,,,,,,,,,,0,,,,10.53011275,,,,,,300.01701355,,,,
,19448173.9,300.01696775,38727.76953125,14.7874566219272,0.00219465241310584,1,0.999253354069792,40.0298881530762,1.9792180216344,11.4900004118681,79.9648133454224,14.7047129278685,250,-0.0217232814696102,14.7845579344842,0.0400424332755704,300.0162048,300.0177307,38672.65625,38782.8828125,56.9705578811791,20.8202079600169,7.396941,0,0,0,40,4449,299.8926,38727.76953125,,,,,,,,,,,,,0,,,,10.53011275,,,,,,300.01696775,,,,
,19448174.915,300.0162811,38832.9375,14.7958362647702,0.00188232167978493,1,0.999253354069792,40.0298881530762,1.97925449710602,11.4900004118681,80.0150858524697,14.694336790493,250,-0.0252442955928703,14.7929510505759,0.0365562156537349,300.0162048,300.0163574,38782.8828125,38882.9921875,56.4914195988906,20.8264207359963,9.256284,0,0,0,40,4449,299.8914,38832.9375,,,,,,,,,,,,,0,,,,10.3218117,,,,,,300.0162811,,,,
,19448175.965,300.0167236,38938.080078125,14.8071886128157,0.00237622515071532,1,0.999253354069792,40.0298881530762,1.97941524200558,11.4900004118681,80.0798226653192,14.7229498444018,250,-0.022271113353267,14.8042885493721,0.0395751121498121,300.0163574,300.0170898,38882.9921875,38993.16796875,56.3093001539098,20.8209590849402,8.884414,0,0,0,40,4449,299.89095,38938.080078125,,,,,,,,,,,,,0,,,,10.2187014,,,,,,300.0167236,,,,
,19448177.01,300.01707455,39043.353515625,14.8155712431996,0.00254196827677125,1,0.999253354069792,40.0298881530762,1.97929242501472,11.4900004118681,80.1233818274487,14.7138127048883,250,-0.0253493530367025,14.8126822658962,0.0365312821604654,300.0170593,300.0170898,38993.16796875,39093.5390625,56.5797436215637,20.82524992019,8.512546,0,0,0,40,4449,299.891,39043.353515625,,,,,,,,,,,,,0,,,,10.2187014,,,,,,300.01707455,,,,
,19448178.025,300.01663205,39143.666015625,14.8257120904564,0.0023666117651826,1,0.999253354069792,40.0298881530762,1.97921035159402,11.4900004118681,80.1721608971978,14.7385099175247,250,-0.0225499511653103,14.8228097281861,0.0393712682626985,300.0162048,300.0170593,39093.5390625,39193.79296875,56.2913226979675,20.8234103700816,7.396941,0,0,0,40,4449,299.8912,39143.666015625,,,,,,,,,,,,,0,,,,10.2187014,,,,,,300.01663205,,,,
,19448179.135,300.01608275,39253.91796875,14.8427142674663,0.00259425473993696,1,0.999253354069792,40.0298881530762,1.97920344244223,11.4900004118681,80.2659677067478,14.7438404281332,250,-0.0247059851785305,14.8398178769523,0.0372855889560559,300.0159607,300.0162048,39193.79296875,39314.04296875,56.5125235689098,20.8218748263895,8.512546,0,0,0,40,4449,299.89045,39253.91796875,,,,,,,,,,,,,0,,,,10.42700245,,,,,,300.01608275,,,,
,19448180.29,300.0159912,39369.19140625,14.8547465573886,0.00292928760883329,1,0.999253354069792,40.0298881530762,1.97920399318104,11.4900004118681,80.3306652263375,14.7579162280038,250,-0.0243327834515584,14.8518463382308,0.0377077930807546,300.0159607,300.0160217,39314.04296875,39424.33984375,55.8387597853328,20.8233050004866,8.512546,0,0,0,40,4449,299.8898,39369.19140625,,,,,,,,,,,,,0,,,,10.58244515,,,,,,300.0159912,,,,
,19448181.33,300.0167236,39474.873046875,14.8660045835434,0.00224684685782022,1,0.999253354069792,40.0298881530762,1.97917214345072,11.4900004118681,80.3888400449721,14.7766484577151,250,-0.0229106218534808,14.8630958940411,0.0391751559874261,300.0160217,300.0174255,39424.33984375,39525.40625,55.9599122058136,20.823026155357,9.256284,0,0,0,40,4449,299.89105,39474.873046875,,,,,,,,,,,,,0,,,,10.5295868,,,,,,300.0167236,,,,
,19448182.345,300.0166931,39575.609375,14.8713436091334,0.00221740458725896,1,0.999253354069792,40.0298881530762,1.97920782232419,11.4900004118681,80.4188241823176,14.7838423622557,250,-0.0226168389607073,14.8684327320965,0.0394901082072159,300.0159607,300.0174255,39525.40625,39625.8125,57.0205821064099,20.8269550227336,8.884414,0,0,0,40,4449,299.89065,39575.609375,,,,,,,,,,,,,0,,,,10.3741441,,,,,,300.0166931,,,,
,19448183.43,300.01690675,39680.91015625,14.8918796734388,0.00185878091833694,1,0.999253354069792,40.0298881530762,1.97913919946945,11.4900004118681,80.5262147492149,14.8088129548203,250,-0.0217117183198458,14.8889608515066,0.0404797302365969,300.0159607,300.0178528,39625.8125,39736.0078125,56.2733452420252,20.8296917122292,8.512546,0,0,0,40,4449,299.89005,39680.91015625,,,,,,,,,,,,,0,,,,10.3741441,,,,,,300.01690675,,,,
,19448184.475,300.01713565,39786.166015625,14.8962655187823,0.00208266463542511,1,0.999253354069792,40.0298881530762,1.97939170986966,11.4900004118681,80.5611779596016,14.808421529687,250,-0.0229369188705458,14.8933509184385,0.0392718592925858,300.0164185,300.0178528,39736.0078125,39836.32421875,56.9580518248714,20.8220413815644,7.396941,0,0,0,40,4449,299.8901,39786.166015625,,,,,,,,,,,,,0,,,,10.58244515,,,,,,300.01713565,,,,
,19448185.46,300.01750185,39886.478515625,14.9050358692548,0.00289330159926023,1,0.999253354069792,40.0298881530762,1.97918522819121,11.4900004118681,80.6002132976141,14.8166757254744,250,-0.0227564131229957,14.9021186384195,0.0394879336890125,300.0164185,300.0185852,39836.32421875,39936.6328125,56.587559906756,20.8251675614618,9.256284,0,0,0,40,4449,299.8895,39886.478515625,,,,,,,,,,,,,0,,,,10.58244515,,,,,,300.01750185,,,,
,19448186.39,300.0175171,39981.728515625,14.9171094248351,0.002109524068986,1,0.999253354069792,40.0298881530762,1.97928056764364,11.5000000223517,80.6697834465575,14.8267273924456,250,-0.023263561225936,14.9141919511879,0.0390303806042279,300.016449,300.0185852,39936.6328125,40026.82421875,56.0505811140444,20.8232797165362,7.396941,0,0,0,40,4449,299.88875,39981.728515625,,,,,,,,,,,,,0,,,,10.5295868,,,,,,300.0175171,,,,
,19448187.39,300.0175171,40081.875,14.9265012195225,0.00305514220423485,1,0.999253354069792,40.0298881530762,1.97921966304013,11.4900004118681,80.7185620621008,14.8333981917117,250,-0.0236878316246669,14.9235836965886,0.0386446026316524,300.016449,300.0185852,40026.82421875,40136.92578125,55.707446194102,20.8318350317566,9.256284,0,0,0,40,4449,299.8873,40081.875,,,,,,,,,,,,,0,,,,10.5295868,,,,,,300.0175171,,,,
,19448188.51,300.0182953,40192.06640625,14.9348123401886,0.00195855017232384,1,0.999253354069792,40.0298881530762,1.97921659879285,11.4900004118681,80.7624343886735,14.8467492444252,250,-0.0227538640312761,14.9318889140455,0.0396119847562642,300.0180054,300.0185852,40136.92578125,40247.20703125,56.7102755842752,20.8240800138498,8.512546,0,0,0,40,4449,299.88655,40192.06640625,,,,,,,,,,,,,0,,,,10.32335665,,,,,,300.0182953,,,,
,19448189.51,300.0183716,40292.28515625,14.9447863452214,0.00202253520967084,1,0.999253354069792,40.0298881530762,1.9792607553226,11.4900004118681,80.8191788622994,14.851328448162,250,-0.0238145269438309,14.9418654186714,0.0385918310975466,300.0180054,300.0187378,40247.20703125,40337.36328125,56.2881961838906,20.82380059427,9.256284,0,0,0,40,4449,299.8873,40292.28515625,,,,,,,,,,,,,0,,,,10.32335665,,,,,,300.0183716,,,,
,19448190.44,300.0184326,40387.404296875,14.9509058380003,0.00258265686331992,1,0.999253354069792,40.0298881530762,1.9792134125084,11.4900004118681,80.848139170609,14.8691821376549,250,-0.02158146905873,14.9479744203917,0.0408489038747404,300.0181274,300.0187378,40337.36328125,40437.4453125,56.9361662263329,20.8217502950995,9.256284,0,0,0,40,4449,299.8872,40387.404296875,,,,,,,,,,,,,0,,,,10.58244515,,,,,,300.0184326,,,,
,19448191.525,300.0173645,40497.583984375,14.9597320970256,0.00321052875790163,1,0.999253354069792,40.0298881530762,1.97900215759705,11.4900004118681,80.8884049049804,14.871257630245,250,-0.0225465966841248,14.9568036206196,0.039919710445044,300.0166016,300.0181274,40437.4453125,40557.72265625,55.7113543366982,20.825387162109,9.256284,0,0,0,40,4449,299.8865,40497.583984375,,,,,,,,,,,,,0,,,,10.53011275,,,,,,300.0173645,,,,
,19448192.64,300.0172272,40607.828125,14.9744315369037,0.00232016201511993,1,0.999253354069792,40.0298881530762,1.97918054544282,11.4900004118681,80.9742264316925,14.8913831161759,250,-0.0217899756709339,14.9714971147668,0.0407364233795466,300.0166016,300.0178528,40557.72265625,40657.93359375,56.8071975206598,20.826315722624,8.512546,0,0,0,40,4449,299.88585,40607.828125,,,,,,,,,,,,,0,,,,10.424922,,,,,,300.0172272,,,,
,19448193.755,300.01789855,40718.083984375,14.9822617816037,0.00234501137108722,1,0.999253354069792,40.0298881530762,1.97924137905407,11.4900004118681,81.0211231020698,14.8881436010696,250,-0.0239224089448696,14.9793344154258,0.0386360059856424,300.0178528,300.0179443,40657.93359375,40778.234375,56.1131113955829,20.8236945655885,8.884414,0,0,0,40,4449,299.8851,40718.083984375,,,,,,,,,,,,,0,,,,10.27102425,,,,,,300.01789855,,,,
,19448194.91,300.0180206,40833.3984375,14.9899210910898,0.00289473111906223,1,0.999253354069792,40.0298881530762,1.97922923362399,11.4900004118681,81.0603843935674,14.9046942693836,250,-0.0222630062633932,14.9869853324649,0.0403254671007772,300.0179443,300.0180969,40778.234375,40888.5625,56.5727089648906,20.8244301046298,8.884414,0,0,0,40,4449,299.88605,40833.3984375,,,,,,,,,,,,,0,,,,10.32335665,,,,,,300.0180206,,,,
,19448195.905,300.017807,40933.66796875,14.998096594025,0.00301406710575909,1,0.999253354069792,40.0298881530762,1.97922923362399,11.4900004118681,81.1064155392245,14.903009271315,250,-0.0240894215759652,14.9951670319116,0.0385324513899057,300.0175171,300.0180969,40888.5625,40978.7734375,56.7618630665445,20.8244301046298,8.884414,0,0,0,40,4449,299.88575,40933.66796875,,,,,,,,,,,,,0,,,,10.5295868,,,,,,300.017807,,,,
,19448196.915,300.0172882,41038.84765625,15.0168514373443,0.00192659030410773,1,0.999253354069792,40.0298881530762,1.97891284500517,11.4900004118681,81.1933792361593,14.9290170575584,250,-0.0223243868657773,15.0139110973852,0.0403744534357596,300.0170593,300.0175171,40978.7734375,41098.921875,56.2670922138713,20.8258020765724,7.396941,0,0,0,40,4449,299.8847,41038.84765625,,,,,,,,,,,,,0,,,,10.58244515,,,,,,300.0172882,,,,
,19448198,300.01828,41148.970703125,15.0125271144178,0.00323787155842348,1,0.999253354069792,40.0298881530762,1.97911689277991,11.4900004118681,81.1793100554707,14.9200143486774,250,-0.02346458086444,15.0095919615176,0.0392153609885177,300.0170593,300.0195007,41098.921875,41199.01953125,55.7723213611982,20.8251501945591,8.512546,0,0,0,40,4449,299.8838,41148.970703125,,,,,,,,,,,,,0,,,,10.376215,,,,,,300.01828,,,,
,19448199.01,300.01834105,41249.08984375,15.0282372960004,0.00289278045223969,1,0.999253354069792,40.0298881530762,1.97923731882787,11.4900004118681,81.2669460902268,14.9480536618195,250,-0.0213533192148634,15.0252902485302,0.0413904448853851,300.0171814,300.0195007,41199.01953125,41299.16015625,56.8869236296214,20.8229583937509,7.396941,0,0,0,40,4449,299.88445,41249.08984375,,,,,,,,,,,,,0,,,,10.1171265,,,,,,300.01834105,,,,
,19448200.075,300.01730345,41354.3359375,15.0381899325111,0.00222172214407813,1,0.999253354069792,40.0298881530762,1.97915543816812,11.5000000223517,81.319203605811,14.9480998391331,250,-0.0230770695683854,15.0352487930366,0.0397070457738204,300.0171814,300.0174255,41299.16015625,41409.51171875,56.0685585699867,20.8219584229612,8.512546,0,0,0,40,4449,299.8857,41354.3359375,,,,,,,,,,,,,0,,,,10.376215,,,,,,300.01730345,,,,
,19448201.05,300.0174713,41449.564453125,15.0455386299179,0.00295996508161462,1,0.999253354069792,40.0298881530762,1.9792544939422,11.4900004118681,81.3618913378913,14.96164784417,250,-0.0220677251057426,15.0425917781941,0.0407460363856619,300.0174255,300.0175171,41409.51171875,41489.6171875,55.8989451813136,20.8250713046,9.256284,0,0,0,40,4449,299.8845,41449.564453125,,,,,,,,,,,,,0,,,,10.53011275,,,,,,300.0174713,,,,
,19448201.995,300.01753235,41544.759765625,15.0622932317443,0.0021700391432414,1,0.999253354069792,40.0298881530762,1.97910121521082,11.4900004118681,81.4471815542462,14.9726532870164,250,-0.022928516427854,15.0593466237463,0.0399546446551665,300.0175171,300.0175476,41489.6171875,41599.90234375,56.7884384361983,20.8249665176615,8.512546,0,0,0,40,4449,299.88285,41544.759765625,,,,,,,,,,,,,0,,,,10.4772544,,,,,,300.01753235,,,,
,19448203.05,300.01745605,41650.04296875,15.0648764416543,0.00313910577362215,1,0.999253354069792,40.0298881530762,1.9791070228203,11.4900004118681,81.4614435099,14.9749419202063,250,-0.0229910640519591,15.0619297091905,0.0399019074664447,300.0173645,300.0175476,41599.90234375,41700.18359375,56.5179949685444,20.8256318101731,8.512546,0,0,0,40,4449,299.8818,41650.04296875,,,,,,,,,,,,,0,,,,10.3741441,,,,,,300.01745605,,,,
,19448204.03,300.017395,41745.263671875,15.0706312052594,0.00314593879061876,1,0.999253354069792,40.0298881530762,1.97918961137486,11.4900004118681,81.4956164951717,14.9826906060742,250,-0.0227364140917074,15.0676823827362,0.0401794640377236,300.0173645,300.0174255,41700.18359375,41790.34375,56.6156985334483,20.8244916215965,8.512546,0,0,0,40,4449,299.88155,41745.263671875,,,,,,,,,,,,,0,,,,10.3741441,,,,,,300.017395,,,,
,19448205.015,300.0179443,41845.4140625,15.0860909339269,0.00209802244746399,1,0.999253354069792,40.0298881530762,1.97927833346575,11.4900004118681,81.5830966948018,14.9970195127832,250,-0.0230722475591648,15.08314020317,0.0399069966819933,300.0174255,300.0184631,41790.34375,41900.484375,56.5820885071214,20.8244783765841,8.512546,0,0,0,40,4449,299.88175,41845.4140625,,,,,,,,,,,,,0,,,,10.4772544,,,,,,300.0179443,,,,
,19448205.985,300.01828,41945.509765625,15.0918269054234,0.0021779746858826,1,0.999253354069792,40.0298881530762,1.97918892015086,11.4900004118681,81.6107153931544,15.0010019051819,250,-0.0232758233964564,15.088875774501,0.0397264032956457,300.0180969,300.0184631,41900.484375,41990.53515625,56.2545861575636,20.8254776692637,8.140677,0,0,0,40,4449,299.881,41945.509765625,,,,,,,,,,,,,0,,,,10.53011275,,,,,,300.01828,,,,
,19448206.96,300.01828,42045.67578125,15.1064710414901,0.00190850902851122,1,0.999253354069792,40.0298881530762,1.97908149083869,11.4900004118681,81.6852029184545,15.0168004847202,250,-0.0229203377439626,15.1035155796664,0.0401417807071088,300.0180969,300.0184631,41990.53515625,42100.81640625,56.7540467813522,20.8288817212241,7.396941,0,0,0,40,4449,299.8809,42045.67578125,,,,,,,,,,,,,0,,,,10.6353035,,,,,,300.01828,,,,
,19448208.045,300.01815795,42155.955078125,15.1090529206782,0.00325121008961178,1,0.999253354069792,40.0298881530762,1.97906737252196,11.4900004118681,81.696329994647,15.0314864512853,250,-0.0206618383983716,15.1060876886928,0.0424094388950111,300.0178528,300.0184631,42100.81640625,42211.09375,56.4531198014483,20.8251767211566,8.512546,0,0,0,40,4449,299.8803,42155.955078125,,,,,,,,,,,,,0,,,,10.42700245,,,,,,300.01815795,,,,
,19448209.115,300.01809695,42261.173828125,15.1333792456058,0.002791859591566,1,0.999253354069792,40.0298881530762,1.97904544751242,11.4900004118681,81.8271868081989,15.0544178294712,250,-0.0208991816375839,15.1304102010755,0.0422728897542613,300.0178528,300.0183411,42211.09375,42311.25390625,56.198308904179,20.8290700805716,8.884414,0,0,0,40,4449,299.87845,42261.173828125,,,,,,,,,,,,,0,,,,10.2187014,,,,,,300.01809695,,,,
,19448210.22,300.018219,42371.384765625,15.1343006262441,0.00309706249473166,1,0.999253354069792,40.0298881530762,1.97898818372182,11.4900004118681,81.8308949356063,15.0493253569482,250,-0.0219318969218124,15.1313357915328,0.0412426180319682,300.0180969,300.0183411,42311.25390625,42431.515625,55.8919105246405,20.8242652614495,7.396941,0,0,0,40,4449,299.87965,42371.384765625,,,,,,,,,,,,,0,,,,10.16791395,,,,,,300.018219,,,,
,19448211.41,300.0181427,42491.61328125,15.1517222141949,0.00190992291814837,1,0.999253354069792,40.0298881530762,1.9792533504289,11.4900004118681,81.9364669631388,15.0650357586953,250,-0.0226158925869461,15.1487571383846,0.0406274886224279,300.0180969,300.0181885,42431.515625,42551.7109375,56.3647957787752,20.8246445369052,8.512546,0,0,0,40,4449,299.88995,42491.61328125,,,,,,,,,,,,,0,,,,10.376215,,,,,,300.0181427,,,,
,19448212.565,300.01745605,42606.91796875,15.1580925962976,0.00228842656779575,1,0.999253354069792,40.0298881530762,1.97933349589914,11.4900004118681,81.9738146601523,15.0738158075451,250,-0.0222796913576033,15.1551255475749,0.0409867128678129,300.0167236,300.0181885,42551.7109375,42662.125,55.9364633502367,20.828676140758,8.512546,0,0,0,40,4449,299.8985,42606.91796875,,,,,,,,,,,,,0,,,,10.53011275,,,,,,300.01745605,,,,
,19448213.65,300.01766965,42717.509765625,15.1675045786087,0.00223986692343675,1,0.999253354069792,40.0298881530762,1.97920454713343,11.4900004118681,82.0194898896159,15.0822799878615,250,-0.0222806958913687,15.1645356263325,0.0410238150868055,300.0167236,300.0186157,42662.125,42772.89453125,56.3069552683521,20.825220674233,8.512546,0,0,0,40,4449,299.8979,42717.509765625,,,,,,,,,,,,,0,,,,10.53011275,,,,,,300.01766965,,,,
,19448214.805,300.01823425,42833.10546875,15.1742385075505,0.00282625611067383,1,0.999253354069792,40.0298881530762,1.97931807278483,11.4900004118681,82.0602817775086,15.0909639596279,250,-0.0220779826046563,15.1712671315152,0.0412535660973334,300.0178528,300.0186157,42772.89453125,42893.31640625,56.7055858131598,20.8241054494624,7.396941,0,0,0,40,4449,299.89645,42833.10546875,,,,,,,,,,,,,0,,,,10.53011275,,,,,,300.01823425,,,,
,19448215.9,300.0180359,42938.474609375,15.1891628199501,0.0026516748034917,1,0.999253354069792,40.0298881530762,1.97900122828887,11.4900004118681,82.1280750851606,15.1039365371508,250,-0.0220087915667584,15.1861883012589,0.0413845221933754,300.0178528,300.018219,42893.31640625,42983.6328125,57.0127658212176,20.8228310789856,9.256284,0,0,0,40,4449,299.8934,42938.474609375,,,,,,,,,,,,,0,,,,10.4772544,,,,,,300.0180359,,,,
,19448216.885,300.0184021,43038.716796875,15.1912018196631,0.00281604526980183,1,0.999253354069792,40.0298881530762,1.97920676873979,11.4900004118681,82.1470995859432,15.1092253853219,250,-0.0216907574388737,15.1882254312997,0.0417102208834616,300.018219,300.0185852,42983.6328125,43093.80078125,57.0745144742368,20.8249820650144,7.396941,0,0,0,40,4449,299.8917,43038.716796875,,,,,,,,,,,,,0,,,,10.63583375,,,,,,300.0184021,,,,
,19448217.97,300.01846315,43148.93359375,15.2059529918699,0.00227146009069629,1,0.999253354069792,40.0298881530762,1.97895978486249,11.5000000223517,82.2173905576974,15.1191883528524,250,-0.0222411039405424,15.2029760068614,0.0412202962048138,300.0183411,300.0185852,43093.80078125,43204.06640625,56.3241510957752,20.8235403655009,8.884414,0,0,0,40,4449,299.8914,43148.93359375,,,,,,,,,,,,,0,,,,10.4296036,,,,,,300.01846315,,,,
,19448218.91,300.0183411,43239.146484375,15.2000992485089,0.00285393695968857,1,0.999253354069792,40.0298881530762,1.97895978486249,11.4900004118681,82.1850007750978,15.1173583099338,250,-0.0214936078268307,15.1971204666458,0.0419424524300052,300.0183411,300.0183411,43204.06640625,43274.2265625,56.5633294226598,20.8235403655009,9.256284,0,0,0,40,4449,299.8901,43239.146484375,,,,,,,,,,,,,0,,,,10.16791395,,,,,,300.0183411,,,,
,19448219.79,300.0185852,43329.353515625,15.2174061472318,0.00302964651440438,1,0.999253354069792,40.0298881530762,1.97909341429116,11.4900004118681,82.2837694544302,15.1367881008982,250,-0.0212919171922353,15.2144229323465,0.0422159123215229,300.0183411,300.0188293,43274.2265625,43384.48046875,56.9236601700253,20.8266733886403,9.256284,0,0,0,40,4449,299.8874,43329.353515625,,,,,,,,,,,,,0,,,,10.16791395,,,,,,300.0185852,,,,
,19448220.845,300.0189819,43434.59375,15.2330333948841,0.002523471661195,1,0.999253354069792,40.0298881530762,1.97904315104333,11.4900004118681,82.3669469510735,15.148079823995,250,-0.0220301024582566,15.2300499716445,0.0415421575676749,300.0188293,300.0191345,43384.48046875,43484.70703125,56.2170679886406,20.8237116798479,9.256284,0,0,0,40,4449,299.88605,43434.59375,,,,,,,,,,,,,0,,,,10.32335665,,,,,,300.0189819,,,,
,19448221.87,300.0182495,43534.7265625,15.2376417180725,0.00314303687615808,1,0.999253354069792,40.0298881530762,1.97904315104333,11.4900004118681,82.3925607886784,15.1489237615454,250,-0.0227273504021595,15.234660793243,0.0408631494150683,300.0173645,300.0191345,43484.70703125,43584.74609375,56.4796951711021,20.8237116798479,9.256284,0,0,0,40,4449,299.88575,43534.7265625,,,,,,,,,,,,,0,,,,10.5295868,,,,,,300.0182495,,,,
,19448222.955,300.0172119,43644.87890625,15.2490828593159,0.00312493972627289,1,0.999253354069792,40.0298881530762,1.97890241558123,11.4900004118681,82.4484470581084,15.1606608079392,250,-0.0224821263044338,15.2460992605021,0.041155275249385,300.0170593,300.0173645,43584.74609375,43705.01171875,56.648526931256,20.8277264072488,8.512546,0,0,0,40,4449,299.8836,43644.87890625,,,,,,,,,,,,,0,,,,10.4772544,,,,,,300.0172119,,,,
,19448224.035,300.01707455,43755.076171875,15.2658508985012,0.00237232194687632,1,0.999253354069792,40.0298881530762,1.97876228687644,11.4900004118681,82.5327810448163,15.1796638289216,250,-0.0218808850073493,15.2628615348947,0.0418258331989612,300.0170593,300.0170898,43705.01171875,43805.140625,56.3585427506213,20.8323112642954,7.396941,0,0,0,40,4449,299.8804,43755.076171875,,,,,,,,,,,,,0,,,,10.4772544,,,,,,300.01707455,,,,
,19448225.15,300.0179138,43865.27734375,15.2678147901516,0.00284818759941809,1,0.999253354069792,40.0298881530762,1.97923137927189,11.4900004118681,82.5629809092682,15.1824432518681,250,-0.0223792194757001,15.2648267191328,0.0413349341063117,300.0170898,300.0187378,43805.140625,43925.4140625,55.8622086409098,20.8245837015781,8.512546,0,0,0,40,4449,299.8785,43865.27734375,,,,,,,,,,,,,0,,,,10.5295868,,,,,,300.0179138,,,,
,19448226.36,300.0179138,43985.572265625,15.2847229715425,0.00206397903657157,1,0.999253354069792,40.0298881530762,1.97918406136049,11.4900004118681,82.6525477552568,15.1985790753384,250,-0.0224622144234101,15.2817319897025,0.0413208775942134,300.0170898,300.0187378,43925.4140625,44045.73046875,56.5703640793329,20.8254573271338,9.256284,0,0,0,40,4449,299.8792,43985.572265625,,,,,,,,,,,,,0,,,,10.5295868,,,,,,300.0179138,,,,
,19448227.39,300.01719665,44090.783203125,15.2927125002439,0.00225810725339491,1,0.999253354069792,40.0298881530762,1.97916321128866,11.5000000223517,82.6939235617234,15.2116577481976,250,-0.0214942877305544,15.2897163798143,0.0423208091831965,300.0170898,300.0173035,44045.73046875,44135.8359375,55.6269384566213,20.830237722552,8.512546,0,0,0,40,4449,299.87865,44090.783203125,,,,,,,,,,,,,0,,,,10.3741441,,,,,,300.01719665,,,,
,19448228.32,300.0172882,44185.978515625,15.2972147388409,0.00307403281607073,1,0.999253354069792,40.0298881530762,1.9791484730299,11.5000000223517,82.7210973367576,15.1975306234542,250,-0.0249210463313471,15.2942320322178,0.0389127351282895,300.0172729,300.0173035,44135.8359375,44236.12109375,56.2522412720059,20.8260005999507,8.512546,0,0,0,40,4449,299.8772,44185.978515625,,,,,,,,,,,,,0,,,,10.48039105,,,,,,300.0172882,,,,
,19448229.39,300.0175018,44291.310546875,15.308523994361,0.00306090837677451,1,0.999253354069792,40.0298881530762,1.9790629585706,11.4900004118681,82.7737210484433,15.2353254517649,250,-0.0199067541609712,15.3055180549119,0.0439722365850283,300.0172729,300.0177307,44236.12109375,44346.5,56.7751507513714,20.829412629362,9.256284,0,0,0,40,4449,299.87595,44291.310546875,,,,,,,,,,,,,0,,,,10.58350135,,,,,,300.0175018,,,,
,19448230.435,300.0175476,44396.515625,15.3116774228219,0.00264801701795284,1,0.999253354069792,40.0298881530762,1.97915596163793,11.4900004118681,82.7949906911124,15.2368764899909,250,-0.0203330624362671,15.3086726598826,0.0435585434765114,300.0173645,300.0177307,44346.5,44446.53125,56.9166255133522,20.8280264527136,8.512546,0,0,0,40,4449,299.87335,44396.515625,,,,,,,,,,,,,0,,,,10.4772544,,,,,,300.0175476,,,,
,19448231.5,300.017395,44506.619140625,15.3312508680816,0.0017850158779823,1,0.999253354069792,40.0298881530762,1.97905719322359,11.5000000223517,82.8972238080205,15.2533042421009,250,-0.0207848977383301,15.3282442262354,0.043187428613201,300.0173645,300.0174255,44446.53125,44566.70703125,56.2295740449483,20.8293524306504,8.512546,0,0,0,40,4449,299.87215,44506.619140625,,,,,,,,,,,,,0,,,,10.5295868,,,,,,300.017395,,,,
,19448232.64,300.0168457,44616.78125,15.3271639249241,0.00314519645022524,1,0.999253354069792,40.0298881530762,1.97893967486918,11.4900004118681,82.87064624375,15.2466370332861,250,-0.0210955518704793,15.3241598742867,0.0428581049301026,300.0162659,300.0174255,44566.70703125,44666.85546875,56.3569794935829,20.833327922144,8.884414,0,0,0,40,4449,299.8735,44616.78125,,,,,,,,,,,,,0,,,,10.5295868,,,,,,300.0168457,,,,
,19448233.71,300.0166016,44722.0078125,15.3449683401945,0.00245010298602455,1,0.999253354069792,40.0298881530762,1.97900550872102,11.4900004118681,82.9691330635181,15.2673858048903,250,-0.0206485311517004,15.3419590858893,0.0433781120557111,300.0162659,300.0169373,44666.85546875,44777.16015625,56.2710003564675,20.8234190589987,9.256284,0,0,0,40,4449,299.8732,44722.0078125,,,,,,,,,,,,,0,,,,10.5295868,,,,,,300.0166016,,,,
,19448234.765,300.0169373,44827.244140625,15.3510398518418,0.00267641683353073,1,0.999253354069792,40.0298881530762,1.97912004735356,11.4900004118681,83.0076816412218,15.26870575077,250,-0.021688494854053,15.3480336142887,0.0423627175089432,300.0169373,300.0169373,44777.16015625,44877.328125,56.7985996069483,20.830185133059,7.396941,0,0,0,40,4449,299.87195,44827.244140625,,,,,,,,,,,,,0,,,,10.5295868,,,,,,300.0169373,,,,
,19448235.74,300.01643375,44950.837890625,15.3597004742191,0.00185394229120409,1,0.999253354069792,40.0298881530762,1.97913269136557,11.4900004118681,83.0540365834092,15.2827855183365,250,-0.0207056335092201,15.3566888407335,0.0433797649559953,300.0159302,300.0169373,44877.328125,45024.34765625,56.1420316507944,20.8253916134188,9.256284,0,0,0,40,4449,299.8729,44950.837890625,,,,,,,,,,,,,0,,,,10.4772544,,,,,,300.01643375,,,,
,19448237.69,300.01602175,45007.876953125,15.372993768462,0.00242422793450108,1,0.999253354069792,40.0298881530762,1.9787802988449,11.4900004118681,83.1135311515345,15.2822998968711,250,-0.0227687597945143,15.3699883252187,0.0413721941996795,300.0159302,300.0161133,45000.65625,45015.09765625,55.791862074179,20.8295276304727,8.512546,0,0,0,40,4417,299.8714,45007.876953125,,,,,,,,,,,,,0,,,,10.42700245,,,,,,300.01602175,,,,
,19448250.65,300.0136414,44968.828125,15.3703758336105,0.00247071565926848,1,0.999253354069792,40.0298881530762,1.97926959268229,11.4900004118681,83.1182038069213,15.289984129886,250,-0.0215440829555334,15.3673671563667,0.0425857188410862,300.0136414,300.0136414,44964.84375,44972.8125,56.5289377678137,20.8259000694671,9.256284,0,0,0,40,4449,299.87325,44968.828125,,,,,,,,,,,,,0,,,,10.424922,,,,,,300.0136414,,,,
,19448251.25,300.0138245,44917.892578125,15.3764354124325,0.00252803817262291,1,0.999253354069792,40.0298881530762,1.97890865429341,11.4900004118681,83.139342077617,15.2762386321254,250,-0.02470828153165,15.373438519436,0.039448401588763,300.0136414,300.0140076,44870.94140625,44964.84375,56.5015807696406,20.8270557664588,8.512546,0,0,0,40,4449,299.8719,44917.892578125,,,,,,,,,,,,,0,,,,10.53011275,,,,,,300.0138245,,,,
,19448252.325,300.01475525,44824.8828125,15.3682767457283,0.00202883725833856,1,0.999253354069792,40.0298881530762,1.97916901784374,11.4900004118681,83.1052715563171,15.2734245974589,250,-0.0240795519530625,15.3652782665087,0.0400438133548513,300.0140076,300.0155029,44778.82421875,44870.94140625,56.8970848003714,20.8219824491828,8.884414,0,0,0,40,4449,299.87305,44824.8828125,,,,,,,,,,,,,0,,,,10.42700245,,,,,,300.01475525,,,,
,19448253.785,300.01400755,44686.158203125,15.3542548039633,0.00212062195375719,1,0.999253354069792,40.0298881530762,1.97906617694415,11.4900004118681,83.022610643009,15.2728981781881,250,-0.0214353888961881,15.3512484168693,0.0426302737228143,300.0125122,300.0155029,44593.4921875,44778.82421875,56.1052951103906,20.8278133938255,8.512546,0,0,0,40,4449,299.8745,44686.158203125,,,,,,,,,,,,,0,,,,10.16791395,,,,,,300.01400755,,,,
,19448255.335,300.0130005,44533.947265625,15.3448802658768,0.00255589162138065,1,0.999253354069792,40.0298881530762,1.97905627701683,11.4900004118681,82.9724999203406,15.2582058940623,250,-0.0224033839327358,15.3418801993158,0.0416252325831298,300.0125122,300.0134888,44474.40234375,44593.4921875,56.3546346080252,20.8306900064058,8.512546,0,0,0,40,4449,299.87445,44533.947265625,,,,,,,,,,,,,0,,,,10.32335665,,,,,,300.0130005,,,,
,19448256.43,300.0130005,44424.666015625,15.333558801679,0.00218226553885396,1,0.999253354069792,40.0298881530762,1.97916598257357,11.4900004118681,82.9173208663165,15.2393833663863,250,-0.0239394180018209,15.3305673593902,0.0400429760515754,300.0125122,300.0134888,44374.9296875,44474.40234375,56.1592274782175,20.8217611057664,8.884414,0,0,0,40,4449,299.87695,44424.666015625,,,,,,,,,,,,,0,,,,10.5295868,,,,,,300.0130005,,,,
,19448258.355,300.0133057,44230.69921875,15.3253306155237,0.00276014036518773,1,0.999253354069792,40.0298881530762,1.97910502059797,11.4900004118681,82.8704725997701,15.2300017856815,250,-0.0240670924630594,15.3223409512908,0.0398835321225469,300.0133057,300.0133057,44225.75,44235.6484375,56.5375356815252,20.8273431350789,9.256284,0,0,0,40,4449,299.87625,44230.69921875,,,,,,,,,,,,,0,,,,10.5295868,,,,,,300.0133057,,,,
,19448258.985,300.0126343,44171.0234375,15.3178142566684,0.00297434449690421,1,0.999253354069792,40.0298881530762,1.97895542835376,11.4900004118681,82.82087272752,15.2367861659203,250,-0.0212111563308017,15.3148145324303,0.0427079310257152,300.0119629,300.0133057,44116.296875,44225.75,56.2350454445829,20.8289168757733,8.512546,0,0,0,40,4449,299.87755,44171.0234375,,,,,,,,,,,,,0,,,,10.3741441,,,,,,300.0126343,,,,
,19448260.045,300.0120697,44066.560546875,15.3110352732637,0.0022035846587517,1,0.999253354069792,40.0298881530762,1.97910200106905,11.4900004118681,82.7907562704639,15.2281540027543,250,-0.0217555289637442,15.308039436247,0.0421361140267296,300.0119629,300.0121765,44016.82421875,44116.296875,55.8340700142174,20.8264532834553,8.512546,0,0,0,40,4449,299.8797,44066.560546875,,,,,,,,,,,,,0,,,,10.2187014,,,,,,300.0120697,,,,
,19448261.125,300.01231385,43957.11328125,15.2942561485202,0.00311481822325063,1,0.999253354069792,40.0298881530762,1.9789612566999,11.4900004118681,82.6940281249041,15.2118175834417,250,-0.0214728016253579,15.291262237189,0.0423502362289842,300.0121765,300.0124512,43897.40234375,44016.82421875,56.7360693254098,20.8280015055085,7.396941,0,0,0,40,4449,299.87915,43957.11328125,,,,,,,,,,,,,0,,,,10.2187014,,,,,,300.01231385,,,,
,19448262.28,300.01132205,43842.66015625,15.2819850911739,0.00269257948328051,1,0.999253354069792,40.0298881530762,1.97901921540478,11.5000000223517,82.6305717460553,15.1971949248081,250,-0.0219847058508932,15.2789962094309,0.0417886946781123,300.0101929,300.0124512,43787.91796875,43897.40234375,56.1740784200829,20.8258215089731,7.396941,0,0,0,40,4449,299.87885,43842.66015625,,,,,,,,,,,,,0,,,,10.2187014,,,,,,300.01132205,,,,
,19448263.34,300.0105133,43738.23046875,15.2758781403147,0.00238759914072152,1,0.999253354069792,40.0298881530762,1.97923431847569,11.4900004118681,82.6066277951438,15.1910171266858,250,-0.0222948607588449,15.2728920868436,0.0414547218111573,300.0101929,300.0108337,43688.54296875,43787.91796875,56.8603482599676,20.827340760188,8.512546,0,0,0,40,4449,299.8775,43738.23046875,,,,,,,,,,,,,0,,,,10.3741441,,,,,,300.0105133,,,,
,19448264.38,300.0103607,43633.857421875,15.262210024387,0.00288208169507545,1,0.999253354069792,40.0298881530762,1.97906498839983,11.5000000223517,82.5258854910552,15.1758467228447,250,-0.0223341551476806,15.2592268235958,0.0413599984076931,300.0098877,300.0108337,43579.171875,43688.54296875,56.5086154263137,20.8295379741268,7.396941,0,0,0,40,4449,299.87615,43633.857421875,,,,,,,,,,,,,0,,,,10.5295868,,,,,,300.0103607,,,,
,19448265.475,300.0101776,43524.41015625,15.2556148140429,0.00318179301727483,1,0.999253354069792,40.0298881530762,1.97894626312177,11.5000000223517,82.4830100538152,15.1812749029734,250,-0.0199438984166812,15.2526229735241,0.0437232741460935,300.0098877,300.0104675,43469.6484375,43579.171875,56.6837002146214,20.8255983672041,8.512546,0,0,0,40,4449,299.87735,43524.41015625,,,,,,,,,,,,,0,,,,10.58244515,,,,,,300.0101776,,,,
,19448266.46,300.0107727,43424.849609375,15.250673695307,0.00306353477674443,1,0.999253354069792,40.0298881530762,1.97925809955454,11.4900004118681,82.4709282999228,15.1681084719733,250,-0.0218953033974365,15.2476906057957,0.0417522072964913,300.0104675,300.0110779,43380.05078125,43469.6484375,56.5578580230252,20.8311882827164,7.396941,0,0,0,40,4449,299.8799,43424.849609375,,,,,,,,,,,,,0,,,,10.58244515,,,,,,300.0107727,,,,
,19448267.42,300.0112152,43330.25,15.2395314284958,0.00337131608379972,1,0.999253354069792,40.0298881530762,1.97901136941611,11.4900004118681,82.400547415062,15.1557471924422,250,-0.0217759262520288,15.236549747683,0.0418260149947219,300.0110779,300.0113525,43280.44921875,43380.05078125,56.2545861575636,20.8274181819292,9.256284,0,0,0,40,4449,299.88065,43330.25,,,,,,,,,,,,,0,,,,10.4772544,,,,,,300.0112152,,,,
,19448268.5,300.0107269,43225.6484375,15.2294574251383,0.00289388591197074,1,0.999253354069792,40.0298881530762,1.97899026701191,11.4900004118681,82.3454543520219,15.1443134714381,250,-0.0219959195710461,15.2264788038235,0.0415657465826613,300.0101013,300.0113525,43170.84765625,43280.44921875,56.9056827140829,20.8267828274716,8.512546,0,0,0,40,4449,299.8788,43225.6484375,,,,,,,,,,,,,0,,,,10.3218117,,,,,,300.0107269,,,,
,19448269.59,300.0100708,43116.04296875,15.2184066508296,0.00373912263233448,1,0.999253354069792,40.0298881530762,1.97914488322668,11.4900004118681,82.2912137021766,15.1385853214129,250,-0.0212213541211902,15.2154272816736,0.0422952075794112,300.0100403,300.0101013,43061.23828125,43170.84765625,56.7845302936022,20.8232616844311,9.256284,0,0,0,40,4449,299.8794,43116.04296875,,,,,,,,,,,,,0,,,,10.3741441,,,,,,300.0100708,,,,
,19448270.72,300.00997925,43001.4375,15.2136339294008,0.0027869350976884,1,0.999253354069792,40.0298881530762,1.97906642078635,11.5000000223517,82.2624231915679,15.132180362454,250,-0.0214141835529,15.210656266272,0.0420836770371072,300.0099182,300.0100403,42941.63671875,43061.23828125,56.679010443506,20.823259756517,8.512546,0,0,0,40,4449,299.8802,43001.4375,,,,,,,,,,,,,0,,,,10.5295868,,,,,,300.00997925,,,,
,19448271.77,300.00941465,42896.853515625,15.2062461517585,0.00282297065502269,1,0.999253354069792,40.0298881530762,1.97894795054247,11.4900004118681,82.2186847820921,15.1185028978136,250,-0.0224154301679875,15.2032740800919,0.0410559301668998,300.0089111,300.0099182,42852.0703125,42941.63671875,55.9270838080059,20.8271344092669,8.512546,0,0,0,40,4449,299.86865,42896.853515625,,,,,,,,,,,,,0,,,,10.3741441,,,,,,300.00941465,,,,
,19448272.78,300.00914,42796.7578125,15.2001918009588,0.00234835675400974,1,0.999253354069792,40.0298881530762,1.97927246171298,11.5000000223517,82.1998932866923,15.1105904439989,250,-0.023207359242219,15.1972240652779,0.0402425058270152,300.0089111,300.0093689,42741.4453125,42852.0703125,56.231918930506,20.8224588809588,7.396941,0,0,0,40,4449,299.85895,42796.7578125,,,,,,,,,,,,,0,,,,10.3741441,,,,,,300.00914,,,,
,19448273.885,300.00941465,42686.62890625,15.190537266513,0.00248280954120924,1,0.999253354069792,40.0298881530762,1.97918841836692,11.4900004118681,82.1426213582076,15.1093107771325,250,-0.0215393534636285,15.1875642557483,0.0418709858440963,300.0093689,300.0094604,42631.8125,42741.4453125,56.6899532427752,20.8288948509398,8.140677,0,0,0,40,4449,299.8598,42686.62890625,,,,,,,,,,,,,0,,,,10.4772544,,,,,,300.00941465,,,,
,19448275.015,300.00910945,42571.953125,15.1747883042862,0.00230787007920298,1,0.999253354069792,40.0298881530762,1.9791829063316,11.4900004118681,82.0586339921357,15.0860672032506,250,-0.0229126856378738,15.1718242462429,0.0404335169307902,300.0087585,300.0094604,42512.09375,42631.8125,56.5015807696406,20.8206222167323,7.396941,0,0,0,40,4449,299.86,42571.953125,,,,,,,,,,,,,0,,,,10.3218117,,,,,,300.00910945,,,,
,19448276.18,300.00970455,42457.2578125,15.1654973719494,0.00254627537019072,1,0.999253354069792,40.0298881530762,1.97914138686555,11.4900004118681,82.0052747630985,15.0842755177969,250,-0.0214652129987875,15.1625287293135,0.0418427899173423,300.0087585,300.0106506,42402.421875,42512.09375,56.3311857524483,20.8265678675088,7.396941,0,0,0,40,4449,299.862,42457.2578125,,,,,,,,,,,,,0,,,,10.2187014,,,,,,300.00970455,,,,
,19448277.33,300.0106506,42342.55859375,15.1500921678335,0.002978044641496,1,0.999253354069792,40.0298881530762,1.9792417682097,11.4900004118681,81.929154579575,15.0528071182832,250,-0.0245684814056972,15.1471389835329,0.0386766156723304,300.0106506,300.0106506,42282.6953125,42402.421875,56.3632325217367,20.8224718983213,9.256284,0,0,0,40,4449,299.8644,42342.55859375,,,,,,,,,,,,,0,,,,10.2187014,,,,,,300.0106506,,,,
,19448278.33,300.01071165,42242.783203125,15.1492061342397,0.00308890813905669,1,0.999253354069792,40.0298881530762,1.97903220697653,11.4900004118681,81.9143467722781,15.058759350469,250,-0.0230159241505273,15.1462465725166,0.0402255951834273,300.0106506,300.0107727,42202.87109375,42282.6953125,56.7024592990829,20.8277130327818,8.512546,0,0,0,40,4449,299.86745,42242.783203125,,,,,,,,,,,,,0,,,,10.3741441,,,,,,300.01071165,,,,
,19448279.29,300.00997925,42148.01953125,15.1403893602942,0.00184217272513874,1,0.999253354069792,40.0298881530762,1.97929265248174,11.4900004118681,81.8766513310566,15.0547991418706,250,-0.0224720827998039,15.1374296469738,0.0407332447898136,300.0091858,300.0107727,42093.16796875,42202.87109375,56.4038772047367,20.8281401462866,7.396941,0,0,0,40,4449,299.8691,42148.01953125,,,,,,,,,,,,,0,,,,10.5295868,,,,,,300.00997925,,,,
,19448280.39,300.0101471,42038.408203125,15.1353762424412,0.00226979305167624,1,0.999253354069792,40.0298881530762,1.97924534240122,11.4900004118681,81.8486720665329,15.0438537252265,250,-0.0235031194440587,15.1324216686661,0.0396823488194181,300.0091858,300.0111084,41983.6484375,42093.16796875,56.6164801619675,20.8248213212151,9.256284,0,0,0,40,4449,299.8709,42038.408203125,,,,,,,,,,,,,0,,,,10.5295868,,,,,,300.0101471,,,,
,19448281.385,300.01000975,41938.7109375,15.1246549950834,0.00223155768822438,1,0.999253354069792,40.0298881530762,1.97922858722179,11.4900004118681,81.787883665123,15.0445887395321,250,-0.0213570502451349,15.1216936395274,0.0417838843848948,300.0089111,300.0111084,41893.7734375,41983.6484375,56.1951823901021,20.82714726704,9.256284,0,0,0,40,4449,299.87305,41938.7109375,,,,,,,,,,,,,0,,,,10.5295868,,,,,,300.01000975,,,,
,19448282.375,300.00970455,41838.9296875,15.1055929040744,0.00317573822861963,1,0.999253354069792,40.0298881530762,1.97890212828979,11.4900004118681,81.672982044039,15.0160914705971,250,-0.0226479525413321,15.1026408732472,0.0404144960019246,300.0089111,300.010498,41784.0859375,41893.7734375,56.7212183835445,20.8316938618789,8.884414,0,0,0,40,4449,299.8745,41838.9296875,,,,,,,,,,,,,0,,,,10.63583375,,,,,,300.00970455,,,,
,19448283.395,300.00941465,41739.18359375,15.106536091386,0.00217397088185094,1,0.999253354069792,40.0298881530762,1.97897459056641,11.4900004118681,81.6776577112663,15.0355902258648,250,-0.0193153854718592,15.1035700696342,0.0437508572547367,300.0083313,300.010498,41694.28125,41784.0859375,56.8884868866599,20.8265215916924,7.396941,0,0,0,40,4449,299.87715,41739.18359375,,,,,,,,,,,,,0,,,,10.58350135,,,,,,300.00941465,,,,
,19448284.395,300.009079,41639.365234375,15.0984044172124,0.00227848073656117,1,0.999253354069792,40.0298881530762,1.97932060143848,11.4900004118681,81.6520589352451,15.0060870628868,250,-0.0237400811241553,15.095458599419,0.0392940945606762,300.0083313,300.0098267,41584.44921875,41694.28125,57.7154498600061,20.8239096256808,8.512546,0,0,0,40,4449,299.87795,41639.365234375,,,,,,,,,,,,,0,,,,10.27102425,,,,,,300.009079,,,,
,19448285.505,300.00921635,41529.57421875,15.0811997311911,0.00369847907574431,1,0.999253354069792,40.0298881530762,1.97884329799049,11.4900004118681,81.537976846276,14.9954635310214,250,-0.0218633937478613,15.078249397986,0.0410993622658917,300.008606,300.0098267,41474.69921875,41584.44921875,56.4984542555637,20.8271681373794,8.884414,0,0,0,40,4449,299.88005,41529.57421875,,,,,,,,,,,,,0,,,,10.376215,,,,,,300.00921635,,,,
,19448286.505,300.00872805,41429.810546875,15.0721977950822,0.00224042231578182,1,0.999253354069792,40.0298881530762,1.97869595186778,11.4900004118681,81.4816721685934,14.9946866938539,250,-0.0201374010074854,15.069242269667,0.0427882005480493,300.008606,300.0088501,41384.921875,41474.69921875,56.6657227586791,20.8366487375335,7.396941,0,0,0,40,4449,299.8817,41429.810546875,,,,,,,,,,,,,0,,,,10.58244515,,,,,,300.00872805,,,,
,19448287.5,300.00976565,41330.11328125,15.0692805480317,0.00267967080499366,1,0.999253354069792,40.0298881530762,1.97913219418474,11.4900004118681,81.4837665247427,14.9931225172277,250,-0.0204830533530378,15.0663264005394,0.0424312458257882,300.0088501,300.0106812,41275.3046875,41384.921875,56.8376810329099,20.8232666290834,8.512546,0,0,0,40,4449,299.8832,41330.11328125,,,,,,,,,,,,,0,,,,10.63583375,,,,,,300.00976565,,,,
,19448288.68,300.0105591,41210.3984375,15.0508214091155,0.00311446946530154,1,0.999253354069792,40.0298881530762,1.97902243285779,11.4900004118681,81.3822393742669,14.9594266638101,250,-0.0231450842077974,15.047881549543,0.0396938301122663,300.010437,300.0106812,41145.4921875,41275.3046875,56.526592882256,20.8310554289295,8.512546,0,0,0,40,4449,299.8843,41210.3984375,,,,,,,,,,,,,0,,,,10.48039105,,,,,,300.0105591,,,,
,19448289.68,300.00982665,41110.611328125,15.0546172094218,0.00259058449894089,1,0.999253354069792,40.0298881530762,1.97902243285779,11.4900004118681,81.4008908198811,14.9733114928778,250,-0.0212812759130749,15.0516691184909,0.0415740653051743,300.0092163,300.010437,41075.73046875,41145.4921875,56.6602513590445,20.8310554289295,9.256284,0,0,0,40,4449,299.8852,41110.611328125,,,,,,,,,,,,,0,,,,10.3741441,,,,,,300.00982665,,,,
,19448290.65,300.0088043,41015.8671875,15.041613464001,0.00269998711388039,1,0.999253354069792,40.0298881530762,1.97923239174922,11.4900004118681,81.3412599461148,14.9497277684241,250,-0.0235200331119727,15.038677845672,0.0392821449395161,300.0083923,300.0092163,40956.00390625,41075.73046875,56.7595181809868,20.824330719648,9.256284,0,0,0,40,4449,299.887,41015.8671875,,,,,,,,,,,,,0,,,,10.5295868,,,,,,300.0088043,,,,
,19448291.78,300.00930785,40901.041015625,15.0337891886898,0.00284663517022127,1,0.999253354069792,40.0298881530762,1.97911426300047,11.4900004118681,81.2925159886333,14.9502340540019,250,-0.0218161407584768,15.0308476119153,0.0409545383785203,300.0083923,300.0102234,40846.078125,40956.00390625,56.7118388413137,20.8266099483397,9.256284,0,0,0,40,4449,299.88635,40901.041015625,,,,,,,,,,,,,0,,,,10.5295868,,,,,,300.00930785,,,,
,19448292.825,300.0101471,40796.212890625,15.0280137380648,0.0026347964965511,1,0.999253354069792,40.0298881530762,1.97929979231643,11.4900004118681,81.2695202070563,14.9415071601139,250,-0.0226130666418809,15.0250761134648,0.0401344489040725,300.0100708,300.0102234,40746.34765625,40846.078125,57.0096393071407,20.8284990320186,8.512546,0,0,0,40,4449,299.88815,40796.212890625,,,,,,,,,,,,,0,,,,10.63583375,,,,,,300.0101471,,,,
,19448293.93,300.0093994,40686.412109375,15.022729691381,0.00207217638006673,1,0.999253354069792,40.0298881530762,1.97931877799864,11.4900004118681,81.2398515016777,14.9463993557243,250,-0.0207553777203748,15.0197856973405,0.0419706852111978,300.008728,300.0100708,40626.4765625,40746.34765625,55.7301134211597,20.8259159813255,8.884414,0,0,0,40,4449,299.8894,40686.412109375,,,,,,,,,,,,,0,,,,10.7420807,,,,,,300.0093994,,,,
,19448295.105,300.0092926,40566.560546875,15.0021565943344,0.00248969089742018,1,0.999253354069792,40.0298881530762,1.97906790043749,11.4900004118681,81.1198043273346,14.9174052289833,250,-0.021964256460472,14.9992217091109,0.0406777077236587,300.008728,300.0098572,40506.64453125,40626.4765625,57.3215090863138,20.8295557489467,7.396941,0,0,0,40,4449,299.8888,40566.560546875,,,,,,,,,,,,,0,,,,10.7420807,,,,,,300.0092926,,,,
,19448296.205,300.01002505,40456.751953125,14.9955316239426,0.00197814414288907,1,0.999253354069792,40.0298881530762,1.97930137216128,11.4900004118681,81.0943029906778,14.9071725139318,250,-0.0229475053921994,14.9926016381151,0.0396684411298647,300.0098572,300.0101929,40406.859375,40506.64453125,56.7720242372945,20.828561013779,7.396941,0,0,0,40,4449,299.88815,40456.751953125,,,,,,,,,,,,,0,,,,10.48039105,,,,,,300.01002505,,,,
,19448297.25,300.01028445,40352.00390625,14.9812038138011,0.00221850873329103,1,0.999253354069792,40.0298881530762,1.97919163710902,11.4900004118681,81.0109605327526,14.9000867214893,250,-0.0214539348481417,14.978270208911,0.0411032589368377,300.0101929,300.010376,40297.1484375,40406.859375,56.6563432164483,20.823946871634,7.396941,0,0,0,40,4449,299.88755,40352.00390625,,,,,,,,,,,,,0,,,,10.48039105,,,,,,300.01028445,,,,
,19448298.32,300.010376,40247.171875,14.9760871351171,0.00208407169476663,1,0.999253354069792,40.0298881530762,1.97929649536396,11.5000000223517,80.9891585953101,14.8866933713845,250,-0.0231261844547211,14.9731613815074,0.0394111707206447,300.010376,300.010376,40197.1953125,40297.1484375,56.5695824508137,20.8293642188668,9.256284,0,0,0,40,4449,299.8877,40247.171875,,,,,,,,,,,,,0,,,,10.63583375,,,,,,300.010376,,,,
,19448299.295,300.0111084,40152.345703125,14.9625362048747,0.00300345898428802,1,0.999253354069792,40.0298881530762,1.9791575654754,11.4900004118681,80.909600465791,14.8761603462267,250,-0.0223745201136033,14.9596095474276,0.0401071090142672,300.010376,300.0118408,40107.49609375,40197.1953125,56.6156985334483,20.8239066485005,8.884414,0,0,0,40,4449,299.8881,40152.345703125,,,,,,,,,,,,,0,,,,10.5295868,,,,,,300.0111084,,,,
,19448300.285,300.01161195,40052.572265625,14.956181724359,0.00286912317190661,1,0.999253354069792,40.0298881530762,1.97908297087482,11.4900004118681,80.8701034171784,14.8809464177036,250,-0.0202105867226894,14.9532469568661,0.0422449039454594,300.0113831,300.0118408,39997.6484375,40107.49609375,56.7266897831791,20.8292272861378,8.512546,0,0,0,40,4449,299.88945,40052.572265625,,,,,,,,,,,,,0,,,,10.3741441,,,,,,300.01161195,,,,
,19448301.365,300.0106354,39942.708984375,14.9508970526303,0.00226740342016351,1,0.999253354069792,40.0298881530762,1.97923420990267,11.4900004118681,80.8506687727388,14.8600126542674,250,-0.0233093933082003,14.9479767171241,0.0391258395383549,300.0098877,300.0113831,39887.76953125,39997.6484375,56.7259081546598,20.822148984268,7.396941,0,0,0,40,4449,299.88985,39942.708984375,,,,,,,,,,,,,0,,,,10.3741441,,,,,,300.0106354,,,,
,19448302.405,300.01057435,39837.830078125,14.9383349807205,0.00232302157719992,1,0.999253354069792,40.0298881530762,1.9791498786036,11.4900004118681,80.7793562126466,14.8470294934815,250,-0.0232690444382958,14.935416914627,0.0391151042062065,300.0098877,300.011261,39787.890625,39887.76953125,57.1690915250637,20.8276023627307,9.256284,0,0,0,40,4449,299.8892,39837.830078125,,,,,,,,,,,,,0,,,,10.3741441,,,,,,300.01057435,,,,
,19448303.555,300.01119995,39723.0078125,14.9329510857049,0.00211353852148793,1,0.999253354069792,40.0298881530762,1.97932084301782,11.4900004118681,80.7547126955495,14.8555024215037,250,-0.0209364114998015,14.9300238801722,0.0414262648941367,300.0111389,300.011261,39658.125,39787.890625,56.4640626007175,20.8258304796022,9.256284,0,0,0,40,4449,299.8886,39723.0078125,,,,,,,,,,,,,0,,,,10.48039105,,,,,,300.01119995,,,,
,19448304.66,300.0111389,39613.087890625,14.9232287806582,0.00170126603221821,1,0.999253354069792,40.0298881530762,1.97923608103469,11.5000000223517,80.7017897468264,14.8288946762474,250,-0.0239422098630311,14.9203159833518,0.0383819460306627,300.0111389,300.0111389,39568.05078125,39658.125,56.343691808756,20.8275816495126,8.512546,0,0,0,40,4449,299.8878,39613.087890625,,,,,,,,,,,,,0,,,,10.63583375,,,,,,300.0111389,,,,
,19448305.66,300.0112152,39512.67578125,14.9071071560669,0.00298268437995669,1,0.999253354069792,40.0298881530762,1.97921825559021,11.5000000223517,80.6133012421955,14.8159644633688,250,-0.0233220881757334,14.9041948560707,0.0389359414723494,300.0111389,300.0112915,39457.30078125,39568.05078125,56.9275683126214,20.8260795377393,8.512546,0,0,0,40,4449,299.88715,39512.67578125,,,,,,,,,,,,,0,,,,10.5295868,,,,,,300.0112152,,,,
,19448306.815,300.0121155,39397.4140625,14.9063958607789,0.00221125730806992,1,0.999253354069792,40.0298881530762,1.97930209337858,11.4900004118681,80.6135588493486,14.8116790072953,250,-0.0240973646177445,14.9034863168453,0.0381592220453704,300.0112915,300.0129395,39337.52734375,39457.30078125,57.301968373333,20.8250733165605,8.512546,0,0,0,40,4449,299.887,39397.4140625,,,,,,,,,,,,,0,,,,10.4772544,,,,,,300.0121155,,,,
,19448307.925,300.01290895,39287.55078125,14.8970365900191,0.00204771481730381,1,0.999253354069792,40.0298881530762,1.9793026608938,11.4900004118681,80.5608165657841,14.8139635893408,250,-0.0219411766335111,14.8941194002444,0.0402768904767141,300.0128784,300.0129395,39237.57421875,39337.52734375,56.8564401173714,20.8244855784309,8.512546,0,0,0,40,4449,299.8881,39287.55078125,,,,,,,,,,,,,0,,,,10.4772544,,,,,,300.01290895,,,,
,19448309.01,300.0128479,39177.595703125,14.8752290622754,0.00265908672333922,1,0.999253354069792,40.0298881530762,1.97919130143775,11.4900004118681,80.4407153078405,14.7793541004264,250,-0.0241510792192627,14.8723253840986,0.0379779964868942,300.0128174,300.0128784,39117.6171875,39237.57421875,56.0161894591982,20.8264354278654,8.512546,0,0,0,40,4449,299.8866,39177.595703125,,,,,,,,,,,,,0,,,,10.3741441,,,,,,300.0128479,,,,
,19448310.17,300.0124359,39062.681640625,14.8674899467116,0.00237235637279974,1,0.999253354069792,40.0298881530762,1.97903197261425,11.4900004118681,80.3928536210171,14.7688762172812,250,-0.0244417979774447,14.8645890842,0.037656987364671,300.0120544,300.0128174,39007.74609375,39117.6171875,56.1131113955829,20.8226568732081,8.512546,0,0,0,40,4449,299.88395,39062.681640625,,,,,,,,,,,,,0,,,,10.2187014,,,,,,300.0124359,,,,
,19448311.25,300.01275635,38957.828125,14.8572340362889,0.0022491396382522,1,0.999253354069792,40.0298881530762,1.97926792897354,11.4900004118681,80.3459652656933,14.764573741372,250,-0.0236550318855062,14.8543316608034,0.0384020540838834,300.0120544,300.0134583,38907.91015625,39007.74609375,57.2378748347561,20.8260937633673,7.396941,0,0,0,40,4449,299.8836,38957.828125,,,,,,,,,,,,,0,,,,10.3741441,,,,,,300.01275635,,,,
,19448312.245,300.01373295,38857.953125,14.8526442970546,0.00189504264297296,1,0.999253354069792,40.0298881530762,1.97921822407365,11.4900004118681,80.3176834735365,14.7676868668041,250,-0.0221625656734251,14.8497359490907,0.0398764293825524,300.0134583,300.0140076,38807.99609375,38907.91015625,57.0588819038522,20.8286588987374,8.512546,0,0,0,40,4449,299.88265,38857.953125,,,,,,,,,,,,,0,,,,10.5295868,,,,,,300.01373295,,,,
,19448313.315,300.0142212,38748.12890625,14.8360087289607,0.00261266996844075,1,0.999253354069792,40.0298881530762,1.97918483902255,11.4900004118681,80.2272919262299,14.7461055697529,250,-0.0230264219415405,14.8331069699484,0.0389444554765326,300.0140076,300.0144348,38688.26171875,38807.99609375,56.3264959813329,20.8288068870284,9.256284,0,0,0,40,4449,299.88295,38748.12890625,,,,,,,,,,,,,0,,,,10.5295868,,,,,,300.0142212,,,,
,19448314.34,300.01420595,38648.357421875,14.8304398728888,0.00276741338970989,1,0.999253354069792,40.0298881530762,1.97907897632493,11.4900004118681,80.1930215161836,14.7396484256085,250,-0.0230470746247918,14.8275392374357,0.0389015596815449,300.0139771,300.0144348,38608.453125,38688.26171875,57.1253203279868,20.8303015008319,9.256284,0,0,0,40,4449,299.8835,38648.357421875,,,,,,,,,,,,,0,,,,10.63583375,,,,,,300.01420595,,,,
,19448315.4,300.0135651,38543.548828125,14.8192396464321,0.00286616899755078,1,0.999253354069792,40.0298881530762,1.97910684179742,11.4900004118681,80.1320904095233,14.7366448975386,250,-0.0215650987378246,14.8163352863151,0.0403380104319253,300.0131531,300.0139771,38478.64453125,38608.453125,56.2014354182559,20.8259771955906,9.256284,0,0,0,40,4449,299.88205,38543.548828125,,,,,,,,,,,,,0,,,,10.63583375,,,,,,300.0135651,,,,
,19448316.68,300.01371765,38413.689453125,14.8127926424267,0.00235528157462684,1,0.999253354069792,40.0298881530762,1.97936020828943,11.4900004118681,80.1093352225797,14.720718785436,250,-0.0236577350315011,14.8098980593292,0.0382207936072512,300.0131531,300.0142822,38348.734375,38478.64453125,56.946327397083,20.8274866724599,8.512546,0,0,0,40,4449,299.88025,38413.689453125,,,,,,,,,,,,,0,,,,10.58244515,,,,,,300.01371765,,,,
,19448317.82,300.0140686,38298.779296875,14.8017012657204,0.00322854121780062,1,0.999253354069792,40.0298881530762,1.97920297610263,11.5000000223517,80.0414711916187,14.7175972351798,250,-0.0219693118122482,14.7988015222588,0.039864200877819,300.013855,300.0142822,38248.82421875,38348.734375,56.7798405224868,20.8281197580158,9.256284,0,0,0,40,4449,299.87885,38298.779296875,,,,,,,,,,,,,0,,,,10.6886921,,,,,,300.0140686,,,,
,19448318.85,300.01361085,38193.884765625,14.7908624186454,0.00269802887020028,1,0.999253354069792,40.0298881530762,1.97907275792649,11.4900004118681,79.9785656913837,14.7013518313958,250,-0.0227917659824195,14.7879684009477,0.0389982129807652,300.0133667,300.013855,38138.9453125,38248.82421875,57.0471574760637,20.8293139267693,8.884414,0,0,0,40,4449,299.8773,38193.884765625,,,,,,,,,,,,,0,,,,10.63583375,,,,,,300.01361085,,,,
,19448320.01,300.0133362,38079.0234375,14.7767377239396,0.00205408397504121,1,0.999253354069792,40.0298881530762,1.9792449226241,11.4900004118681,79.9092413575553,14.6870919779144,250,-0.0230427868275364,14.7738476215461,0.038689685030753,300.0133057,300.0133667,38019.1015625,38138.9453125,56.6024108486214,20.8267015445017,9.256284,0,0,0,40,4449,299.87675,38079.0234375,,,,,,,,,,,,,0,,,,10.63583375,,,,,,300.0133362,,,,
,19448321.2,300.01313785,37964.126953125,14.7677155725123,0.00212742004293689,1,0.999253354069792,40.0298881530762,1.97933684148736,11.5000000223517,79.8643991428389,14.6770096701469,250,-0.023359260917141,14.7648285953765,0.0383369326995224,300.01297,300.0133057,37909.15234375,38019.1015625,56.8908317722176,20.830561009997,8.512546,0,0,0,40,4449,299.8766,37964.126953125,,,,,,,,,,,,,0,,,,10.63583375,,,,,,300.01313785,,,,
,19448322.245,300.01286315,37859.37109375,14.7628390200872,0.00199078770859533,1,0.999253354069792,40.0298881530762,1.97938154176396,11.4900004118681,79.8390646531491,14.6763736169223,250,-0.0226338400162099,14.7599500247445,0.0390431259839624,300.0127563,300.01297,37809.58984375,37909.15234375,56.8626931455252,20.8269748647587,7.396941,0,0,0,40,4449,299.8762,37859.37109375,,,,,,,,,,,,,0,,,,10.5295868,,,,,,300.01286315,,,,
,19448323.275,300.0127716,37754.73046875,14.7453188983985,0.00307184297228487,1,0.999253354069792,40.0298881530762,1.97924146041751,11.4900004118681,79.7406210992279,14.6481693829663,250,-0.0244163891472794,14.7424408121881,0.0371890933638729,300.0127563,300.0127869,37699.87109375,37809.58984375,56.9799374234099,20.8314361690954,7.396941,0,0,0,40,4449,299.87555,37754.73046875,,,,,,,,,,,,,0,,,,10.5295868,,,,,,300.0127716,,,,
,19448324.305,300.01280215,37654.86328125,14.743106689661,0.00168838497601246,1,0.999253354069792,40.0298881530762,1.97922107995923,11.4900004118681,79.7260847949494,14.6553778583877,250,-0.0226472605980985,14.7402214844758,0.0389502893971558,300.0127869,300.0128174,37609.85546875,37699.87109375,56.6563432164483,20.8230134955599,8.884414,0,0,0,40,4449,299.87335,37654.86328125,,,,,,,,,,,,,0,,,,10.63583375,,,,,,300.01280215,,,,
,19448325.275,300.0130768,37559.931640625,14.7311901713223,0.00230809788095416,1,0.999253354069792,40.0298881530762,1.97934700355087,11.5000000223517,79.6699275583138,14.626420042232,250,-0.0259631898273607,14.7283209774356,0.035586311283849,300.0128174,300.0133362,37510.0078125,37609.85546875,56.6696309012752,20.8265983279682,8.512546,0,0,0,40,4449,299.8734,37559.931640625,,,,,,,,,,,,,0,,,,10.48039105,,,,,,300.0130768,,,,
,19448326.375,300.0134735,37445.125,14.7193800720658,0.00275024148149728,1,0.999253354069792,40.0298881530762,1.97921909011795,11.4900004118681,79.598624175871,14.6267797116735,250,-0.0235376103551194,14.7165027961413,0.0379633246471948,300.0133362,300.0136108,37380.2421875,37510.0078125,56.536754053006,20.8278998365304,9.256284,0,0,0,40,4449,299.87355,37445.125,,,,,,,,,,,,,0,,,,10.48039105,,,,,,300.0134735,,,,
,19448327.445,300.01379395,37335.267578125,14.7151630261874,0.00188370499745238,1,0.999253354069792,40.0298881530762,1.97916842137482,11.4900004118681,79.5721628248501,14.631218709601,250,-0.0218687430489274,14.7122792886172,0.0396159988149946,300.0136108,300.0139771,37290.29296875,37380.2421875,56.7735874943329,20.824946480107,7.396941,0,0,0,40,4449,299.8714,37335.267578125,,,,,,,,,,,,,0,,,,10.48039105,,,,,,300.01379395,,,,
,19448328.395,300.0136414,37240.294921875,14.7003542819696,0.00308553663600951,1,0.999253354069792,40.0298881530762,1.9790424161533,11.5000000223517,79.4880088186026,14.6109441579539,250,-0.0227066568163957,14.6974770185085,0.038717469474506,300.0133057,300.0139771,37190.296875,37290.29296875,56.6297678467945,20.8281987877174,7.396941,0,0,0,40,4449,299.87135,37240.294921875,,,,,,,,,,,,,0,,,,10.2187014,,,,,,300.0136414,,,,
,19448329.425,300.0132294,37140.431640625,14.6927317823508,0.00222032218845141,1,0.999253354069792,40.0298881530762,1.97902924419509,11.4900004118681,79.4480348608951,14.5937933712142,250,-0.0244497421867364,14.6898634575068,0.0369440298120038,300.0131531,300.0133057,37090.56640625,37190.296875,56.313208296506,20.8295938111305,7.396941,0,0,0,40,4449,299.8713,37140.431640625,,,,,,,,,,,,,0,,,,10.3741441,,,,,,300.0132294,,,,
,19448330.385,300.0133667,37045.71875,14.6841266158703,0.00264270843941512,1,0.999253354069792,40.0298881530762,1.97924968414436,11.4900004118681,79.4086354001959,14.5948912604823,250,-0.022945848202661,14.681253537915,0.0384130837913112,300.0131531,300.0135803,37000.87109375,37090.56640625,56.9807190519291,20.8213269838947,9.256284,0,0,0,40,4449,299.86985,37045.71875,,,,,,,,,,,,,0,,,,10.63583375,,,,,,300.0133667,,,,
,19448331.355,300.01387025,36945.951171875,14.6782650387553,0.00168544111434003,1,0.999253354069792,40.0298881530762,1.97932369105301,11.4900004118681,79.3796933993174,14.5903364184568,250,-0.0228005540217141,14.6753922074508,0.0385344759243551,300.0135803,300.0141602,36891.03125,37000.87109375,56.6532167023714,20.8271245475793,7.396941,0,0,0,40,4449,299.87195,36945.951171875,,,,,,,,,,,,,0,,,,10.48039105,,,,,,300.01387025,,,,
,19448332.44,300.0145874,36841.044921875,14.6556320218881,0.0027123887986454,1,0.999253354069792,40.0298881530762,1.97899907678034,11.4900004118681,79.2449368332607,14.5637636599122,250,-0.0230887048218897,14.6527645274882,0.0381524059280355,300.0141602,300.0150146,36791.05859375,36891.03125,56.5734905934098,20.8278415942771,8.512546,0,0,0,40,4449,299.8744,36841.044921875,,,,,,,,,,,,,0,,,,10.2187014,,,,,,300.0145874,,,,
,19448333.53,300.01455685,36731.150390625,14.6588217599681,0.00292876074377673,1,0.999253354069792,40.0298881530762,1.97916705990611,11.4900004118681,79.2695866705881,14.5636069502614,250,-0.0239332338459645,14.6559570618594,0.0373224674634534,300.0140991,300.0150146,36671.2421875,36791.05859375,56.7485753817175,20.830055022089,9.256284,0,0,0,40,4449,299.875,36731.150390625,,,,,,,,,,,,,0,,,,10.2187014,,,,,,300.01455685,,,,
,19448334.66,300.01374815,36616.333984375,14.6491838157586,0.00263328050233609,1,0.999253354069792,40.0298881530762,1.97926330080282,11.4900004118681,79.2204222000339,14.5590635356404,250,-0.0231160711464198,14.6463179377528,0.0381007848707468,300.0133972,300.0140991,36561.42578125,36671.2421875,56.2147231030829,20.8271877489127,9.256284,0,0,0,40,4449,299.87375,36616.333984375,,,,,,,,,,,,,0,,,,10.3741441,,,,,,300.01374815,,,,
,19448335.835,300.0129852,36501.451171875,14.6260903462169,0.00287055974974114,1,0.999253354069792,40.0298881530762,1.97929512626074,11.4900004118681,79.0975728785593,14.5320548911848,250,-0.0238741337806433,14.623232543395,0.0372482074326265,300.0125732,300.0133972,36441.4765625,36561.42578125,56.5734905934098,20.8293959115341,8.884414,0,0,0,40,4449,299.8715,36501.451171875,,,,,,,,,,,,,0,,,,10.3741441,,,,,,300.0129852,,,,
,19448337.065,300.01304625,36376.533203125,14.6225768078389,0.0017049758715907,1,0.999253354069792,40.0298881530762,1.97927872752312,11.5000000223517,79.0783158534861,14.5263742382957,250,-0.0242533749707338,14.6197211057122,0.0368560600738253,300.0125732,300.0135193,36311.58984375,36441.4765625,56.7978179784291,20.8232464416533,8.512546,0,0,0,40,4449,299.87025,36376.533203125,,,,,,,,,,,,,0,,,,10.42700245,,,,,,300.01304625,,,,
,19448338.275,300.0140686,36256.416015625,14.6133857077126,0.00226193353405992,1,0.999253354069792,40.0298881530762,1.97932044256217,11.4900004118681,79.0285680763188,14.5265138049889,250,-0.0225800369569498,14.6105241782416,0.038492150274782,300.0135193,300.0146179,36201.2421875,36311.58984375,56.1936191330636,20.8211405978172,7.396941,0,0,0,40,4449,299.8696,36256.416015625,,,,,,,,,,,,,0,,,,10.42700245,,,,,,300.0140686,,,,
,19448339.46,300.0137634,36141.244140625,14.6009176852979,0.00213992131622943,1,0.999253354069792,40.0298881530762,1.9793755013383,11.4900004118681,78.9657554468362,14.5011859430908,250,-0.0250270271200462,14.5980689602187,0.0359946839236059,300.0129089,300.0146179,36081.24609375,36201.2421875,56.5578580230252,20.82719459231,7.396941,0,0,0,40,4449,299.87025,36141.244140625,,,,,,,,,,,,,0,,,,10.48039105,,,,,,300.0137634,,,,
,19448340.475,300.0129852,36036.34765625,14.5943774158943,0.00194802302558444,1,0.999253354069792,40.0298881530762,1.97924578339148,11.5000000223517,78.9234719226274,14.5038401693621,250,-0.0231530999392437,14.5915224989818,0.0378419764168818,300.0129089,300.0130615,35991.44921875,36081.24609375,56.5070521692752,20.8279123262086,8.512546,0,0,0,40,4449,299.87065,36036.34765625,,,,,,,,,,,,,0,,,,10.63583375,,,,,,300.0129852,,,,
,19448341.5,300.01275635,35931.427734375,14.5812894424088,0.00214518569679261,1,0.999253354069792,40.0298881530762,1.97925271424946,11.5000000223517,78.8533278077049,14.4889216462126,250,-0.0234963537300236,14.5784386118852,0.0374453382268909,300.0124512,300.0130615,35871.40625,35991.44921875,56.6469636742175,20.8284009022266,9.256284,0,0,0,40,4449,299.87035,35931.427734375,,,,,,,,,,,,,0,,,,10.5295868,,,,,,300.01275635,,,,
,19448342.625,300.0124512,35821.48828125,14.574673174529,0.0017634212656689,1,0.999253354069792,40.0298881530762,1.97938029639251,11.4900004118681,78.8223909938424,14.4838651674906,250,-0.0233753279981898,14.5718231532366,0.0375406550831259,300.0124512,300.0124512,35771.5703125,35871.40625,56.6368025034675,20.8262686579586,7.396941,0,0,0,40,4449,299.86725,35821.48828125,,,,,,,,,,,,,0,,,,10.5295868,,,,,,300.0124512,,,,
,19448343.635,300.012558,35721.62109375,14.5614139842487,0.00257137122650751,1,0.999253354069792,40.0298881530762,1.97921162968174,11.4900004118681,78.7455522896513,14.4618493963807,250,-0.0247680871652145,14.5585722649397,0.0360942684234424,300.0124512,300.0126648,35671.671875,35771.5703125,56.9619599674676,20.8245851694848,8.884414,0,0,0,40,4449,299.8656,35721.62109375,,,,,,,,,,,,,0,,,,10.3741441,,,,,,300.012558,,,,
,19448344.68,300.0126648,35616.701171875,14.5570113536546,0.00168482212372173,1,0.999253354069792,40.0298881530762,1.979242924591,11.4900004118681,78.7207984796171,14.4693416052645,250,-0.0226080441676787,14.5541613562655,0.0382363528391922,300.0126648,300.0126648,35561.73046875,35671.671875,56.5867782782368,20.8222007238632,9.256284,0,0,0,40,4449,299.8668,35616.701171875,,,,,,,,,,,,,0,,,,10.2187014,,,,,,300.0126648,,,,
,19448345.625,300.01245115,35521.83203125,14.544069795404,0.00219651594668598,1,0.999253354069792,40.0298881530762,1.97930490543707,11.4900004118681,78.6549087271274,14.447790762125,250,-0.0242776117306166,14.5412294000713,0.0365141708722916,300.0122375,300.0126648,35481.93359375,35561.73046875,56.9447641400445,20.8265782334626,8.512546,0,0,0,40,4449,299.86645,35521.83203125,,,,,,,,,,,,,0,,,,10.3741441,,,,,,300.01245115,,,,
,19448346.595,300.01266475,35422.056640625,14.5350202330847,0.00223198145538893,1,0.999253354069792,40.0298881530762,1.97929018925516,11.4900004118681,78.6049090226069,14.4413278538004,250,-0.0237771048861396,14.5321793306383,0.0369781333362019,300.0122375,300.013092,35362.1796875,35481.93359375,56.7087123272368,20.8260018696907,9.256284,0,0,0,40,4449,299.8653,35422.056640625,,,,,,,,,,,,,0,,,,10.5295868,,,,,,300.01266475,,,,
,19448347.765,300.01344295,35307.27734375,14.5225319354757,0.00251211671029907,1,0.999253354069792,40.0298881530762,1.97932150117892,11.4900004118681,78.5381781051398,14.4313187673726,250,-0.0233554688433086,14.519691248227,0.0373488760445233,300.013092,300.0137939,35252.375,35362.1796875,56.5015807696406,20.8252011341088,8.512546,0,0,0,40,4449,299.8648,35307.27734375,,,,,,,,,,,,,0,,,,10.63583375,,,,,,300.01344295,,,,
,19448348.85,300.0128021,35202.42578125,14.5139956664686,0.0023523652283197,1,0.999253354069792,40.0298881530762,1.97929760128869,11.4900004118681,78.4922935489526,14.4161775978665,250,-0.0245434384803678,14.5111618748979,0.036126937071172,300.0118103,300.0137939,35152.4765625,35252.375,57.4903408464676,20.8262359237785,9.256284,0,0,0,40,4449,299.8635,35202.42578125,,,,,,,,,,,,,0,,,,10.48039105,,,,,,300.0128021,,,,
,19448349.895,300.01164245,35097.51171875,14.508090256725,0.00192991590885677,1,0.999253354069792,40.0298881530762,1.97940018998799,11.4900004118681,78.4640678040716,14.4124344823885,250,-0.0242771026380033,14.5052570351459,0.0363699217133118,300.0114746,300.0118103,35042.546875,35152.4765625,56.7454488676406,20.8302473017498,8.512546,0,0,0,40,4449,299.86255,35097.51171875,,,,,,,,,,,,,0,,,,10.3741441,,,,,,300.01164245,,,,
,19448351.005,300.0114441,34987.64453125,14.4996201764663,0.00196558215040607,1,0.999253354069792,40.0298881530762,1.97936346973167,11.4900004118681,78.4166968208754,14.4045319381252,250,-0.024121429384873,14.4967879946948,0.0364915141331364,300.0114136,300.0114746,34932.7421875,35042.546875,56.6837002146214,20.8262693396443,8.512546,0,0,0,40,4449,299.86195,34987.64453125,,,,,,,,,,,,,0,,,,10.3741441,,,,,,300.0114441,,,,
,19448352.115,300.01116945,34872.8046875,14.4805043033646,0.00225190161769853,1,0.999253354069792,40.0298881530762,1.97922578594217,11.4900004118681,78.3070675767486,14.3896008704335,250,-0.023159509081141,14.4776719893353,0.0373746477959069,300.0109253,300.0114136,34812.8671875,34932.7421875,56.8071975206598,20.8298845213791,8.512546,0,0,0,40,4449,299.86175,34872.8046875,,,,,,,,,,,,,0,,,,10.48039105,,,,,,300.01116945,,,,
,19448353.21,300.0103607,34762.875,14.46885843959,0.00211093203563661,1,0.999253354069792,40.0298881530762,1.97944459200626,11.5000000223517,78.2541466257766,14.3708529353052,250,-0.0247556261944636,14.4660355046384,0.0357310140641215,300.0097961,300.0109253,34712.8828125,34812.8671875,56.5703640793329,20.8280748356809,8.512546,0,0,0,40,4449,299.8633,34762.875,,,,,,,,,,,,,0,,,,10.63583375,,,,,,300.0103607,,,,
,19448354.335,300.01014705,34653.130859375,14.456613563591,0.00275064650837411,1,0.999253354069792,40.0298881530762,1.97931430090662,11.5000000223517,78.184044609515,14.3516006302758,250,-0.0258768451402476,14.4537977915015,0.0345600414472701,300.0097961,300.010498,34593.37890625,34712.8828125,56.5602029085829,20.8298843918436,9.256284,0,0,0,40,4449,299.8633,34653.130859375,,,,,,,,,,,,,0,,,,10.5295868,,,,,,300.01014705,,,,
,19448355.345,300.01107785,34553.447265625,14.4474337220795,0.00265805932186184,1,0.999253354069792,40.0298881530762,1.9792381676834,11.4900004118681,78.1293416046647,14.3533927307143,250,-0.023744983906196,14.4446102660291,0.0366544976538042,300.010498,300.0116577,34513.515625,34593.37890625,56.333530638006,20.825575980193,8.512546,0,0,0,40,4449,299.862,34553.447265625,,,,,,,,,,,,,0,,,,10.3741441,,,,,,300.01107785,,,,
,19448356.34,300.01153565,34453.59375,14.4426336733724,0.00224110603352745,1,0.999253354069792,40.0298881530762,1.97937158335096,11.4900004118681,78.1089831702022,14.3470533072776,250,-0.0242032416975094,14.4398127449998,0.0361774784507709,300.0114136,300.0116577,34393.671875,34513.515625,56.7642079521022,20.8254988468707,7.396941,0,0,0,40,4449,299.8615,34453.59375,,,,,,,,,,,,,0,,,,10.2187014,,,,,,300.01153565,,,,
,19448357.51,300.01010135,34333.73828125,14.4329150376746,0.00242859475403551,1,0.999253354069792,40.0298881530762,1.97921699570993,11.4900004118681,78.0495468120481,14.3413402727662,250,-0.0232571044604323,14.4300927789831,0.0370838961918363,300.0087891,300.0114136,34273.8046875,34393.671875,57.3473028274484,20.8302637958203,7.396941,0,0,0,40,4449,299.8624,34333.73828125,,,,,,,,,,,,,0,,,,10.2187014,,,,,,300.01010135,,,,
,19448358.57,300.00895695,34228.8515625,14.4240528180139,0.00207667381534833,1,0.999253354069792,40.0298881530762,1.97941763271576,11.4900004118681,78.0103014282617,14.3287542725194,250,-0.024205121479715,14.4212368337377,0.0360999687373383,300.0087891,300.0091248,34183.8984375,34273.8046875,56.127180708929,20.83093388332,7.768809,0,0,0,40,4449,299.86325,34228.8515625,,,,,,,,,,,,,0,,,,10.3741441,,,,,,300.00895695,,,,
,19448359.595,300.00862125,34128.935546875,14.4138997448585,0.00168723808079303,1,0.999253354069792,40.0298881530762,1.9793836252753,11.4900004118681,77.9545065348937,14.3161494925712,250,-0.0246109381881871,14.4110875604317,0.0356531398503507,300.0081177,300.0091248,34073.97265625,34183.8984375,56.6962062709291,20.8287055848124,9.256284,0,0,0,40,4449,299.86215,34128.935546875,,,,,,,,,,,,,0,,,,10.63583375,,,,,,300.00862125,,,,
,19448360.715,300.00790405,34014.072265625,14.4039051398414,0.00187544697230973,1,0.999253354069792,40.0298881530762,1.97935015363211,11.4900004118681,77.8988201628355,14.3078707937222,250,-0.024246546379305,14.4010937285764,0.0359767849057106,300.0076904,300.0081177,33954.171875,34073.97265625,57.1214121853907,20.8282841010365,8.140677,0,0,0,40,4449,299.86275,34014.072265625,,,,,,,,,,,,,0,,,,10.63583375,,,,,,300.00790405,,,,
,19448361.715,300.00749205,33914.25390625,14.3953268976399,0.00189715023553842,1,0.999253354069792,40.0298881530762,1.97935006177686,11.4900004118681,77.851841249492,14.3024964913776,250,-0.0236508078816265,14.3925148704557,0.036537366716646,300.0072937,300.0076904,33874.3359375,33954.171875,55.9614754628521,20.8277239305137,8.512546,0,0,0,40,4449,299.86385,33914.25390625,,,,,,,,,,,,,0,,,,10.3741441,,,,,,300.00749205,,,,
,19448362.775,300.0074005,33809.455078125,14.3816626659762,0.00221887761462668,1,0.999253354069792,40.0298881530762,1.97936563963303,11.4900004118681,77.7795566738824,14.2835468275595,250,-0.0246437225704566,14.3788574887331,0.0354887121703874,300.0072937,300.0075073,33744.57421875,33874.3359375,56.6258597041983,20.8314031405493,8.512546,0,0,0,40,4449,299.86365,33809.455078125,,,,,,,,,,,,,0,,,,10.3741441,,,,,,300.0074005,,,,
,19448363.985,300.00790405,33684.654296875,14.3644702348317,0.00238075322540097,1,0.999253354069792,40.0298881530762,1.97934562793455,11.4900004118681,77.6851435502257,14.2699124634756,250,-0.0239529195137555,14.3616652685723,0.0361086610053164,300.0075073,300.0083008,33624.734375,33744.57421875,56.4171648895637,20.8270177455326,8.512546,0,0,0,40,4449,299.86445,33684.654296875,,,,,,,,,,,,,0,,,,10.5295868,,,,,,300.00790405,,,,
,19448365.14,300.00801085,33569.791015625,14.349790066071,0.00292902154669496,1,0.999253354069792,40.0298881530762,1.97930969268767,11.4900004118681,77.6040220576194,14.2569845336138,250,-0.0235767052806308,14.3469863232192,0.0364246426109515,300.0077209,300.0083008,33514.84765625,33624.734375,56.3350938950444,20.8297763831375,7.396941,0,0,0,40,4449,299.86455,33569.791015625,,,,,,,,,,,,,0,,,,10.3741441,,,,,,300.00801085,,,,
,19448366.225,300.0076599,33465.017578125,14.343729089948,0.0025086343039036,1,0.999253354069792,40.0298881530762,1.97929427146589,11.4900004118681,77.5717028798983,14.2452029791788,250,-0.0246133895820681,14.3409309705453,0.0353641140103354,300.0075989,300.0077209,33415.1875,33514.84765625,56.360887636179,20.8308932594817,9.256284,0,0,0,40,4449,299.8639,33465.017578125,,,,,,,,,,,,,0,,,,10.48039105,,,,,,300.0076599,,,,
,19448367.385,300.0076752,33350.14453125,14.33124749216,0.00228658730639763,1,0.999253354069792,40.0298881530762,1.97940306125849,11.4900004118681,77.5080555314278,14.2351918180458,250,-0.0242931952072655,14.3284504378898,0.0356332387754907,300.0075989,300.0077515,33285.1015625,33415.1875,56.7720242372945,20.8280688310599,7.396941,0,0,0,40,4449,299.86415,33350.14453125,,,,,,,,,,,,,0,,,,10.48039105,,,,,,300.0076752,,,,
,19448368.385,300.0071869,33250.162109375,14.3239069391676,0.00244353853730042,1,0.999253354069792,40.0298881530762,1.97935664436496,11.4900004118681,77.4681997623051,14.2188644186788,250,-0.0258923711602149,14.3211182717286,0.034004138091079,300.0066223,300.0077515,33215.22265625,33285.1015625,56.953362053756,20.8284286050355,9.256284,0,0,0,40,4449,299.86685,33250.162109375,,,,,,,,,,,,,0,,,,10.3741441,,,,,,300.0071869,,,,
,19448369.335,300.0071716,33155.34375,14.3123988890583,0.00205967626950193,1,0.999253354069792,40.0298881530762,1.97947070951483,11.5000000223517,77.4094549203267,14.2128585928852,250,-0.0250177068711379,14.3096088542606,0.0348309887282487,300.0066223,300.0077209,33095.46484375,33215.22265625,56.3726120639675,20.8269566024532,8.512546,0,0,0,40,4449,299.86915,33155.34375,,,,,,,,,,,,,0,,,,10.5295868,,,,,,300.0071716,,,,
,19448370.475,300.00762935,33040.470703125,14.3076435226199,0.00221069944017992,1,0.999253354069792,40.0298881530762,1.97933737700389,11.5000000223517,77.3770971099584,14.215572260147,250,-0.0234628070296939,14.3048475610791,0.036367220501709,300.0075378,300.0077209,32985.4765625,33095.46484375,56.8759808303522,20.8302135956404,9.256284,0,0,0,40,4449,299.8679,33040.470703125,,,,,,,,,,,,,0,,,,10.5295868,,,,,,300.00762935,,,,
,19448371.5,300.0068359,32934.873046875,14.292736320393,0.00294731301948956,1,0.999253354069792,40.0298881530762,1.97937791032247,11.4900004118681,77.2987382617081,14.1971872113546,250,-0.0241534653939878,14.2899465296947,0.0356159516377749,300.006134,300.0075378,32884.26953125,32985.4765625,56.9111541137176,20.8291635591222,8.512546,0,0,0,40,4449,299.866,32934.873046875,,,,,,,,,,,,,0,,,,10.63583375,,,,,,300.0068359,,,,
,19448372.595,300.0065918,32824.29296875,14.2839576112495,0.00206046480298133,1,0.999253354069792,40.0298881530762,1.97941368138839,11.4900004118681,77.2523027036577,14.1904429363204,250,-0.0238205936959872,14.2811682253645,0.0359131767243562,300.006134,300.0070496,32764.31640625,32884.26953125,56.7626446950637,20.8237524447779,9.256284,0,0,0,40,4449,299.86625,32824.29296875,,,,,,,,,,,,,0,,,,10.63583375,,,,,,300.0065918,,,,
,19448373.745,300.0070038,32714.3466796875,14.2763924806182,0.00188244322743126,1,0.999253354069792,40.0298881530762,1.97944442030343,11.4900004118681,77.2151419333863,14.1691944653812,250,-0.0263886140141377,14.2736150510341,0.033315044193105,300.006958,300.0070496,32664.376953125,32764.31640625,56.7431039820829,20.8321857702701,8.512546,0,0,0,40,4449,299.867,32714.3466796875,,,,,,,,,,,,,0,,,,10.5295868,,,,,,300.0070038,,,,
,19448374.73,300.006485,32614.44140625,14.2670634214926,0.00168789328311363,1,0.999253354069792,40.0298881530762,1.97944442030343,11.4900004118681,77.164154222327,14.1628031501535,250,-0.0258419528408903,14.2642857764752,0.0338235257342454,300.006012,300.006958,32564.505859375,32664.376953125,57.1120326431599,20.8321857702701,8.512546,0,0,0,40,4449,299.86755,32614.44140625,,,,,,,,,,,,,0,,,,10.63583375,,,,,,300.006485,,,,
,19448375.815,300.0054779,32504.5302734375,14.2588103631559,0.00175147148845132,1,0.999253354069792,40.0298881530762,1.97938965883848,11.4900004118681,77.1164010667371,14.1598239375745,250,-0.024793122687929,14.2560304380508,0.0348386097157352,300.0049438,300.006012,32444.5546875,32564.505859375,56.7610814380252,20.8285726871832,8.512546,0,0,0,40,4449,299.8684,32504.5302734375,,,,,,,,,,,,,0,,,,10.7420807,,,,,,300.0054779,,,,
,19448376.96,300.0054626,32389.66796875,14.237035887354,0.00195296613160872,1,0.999253354069792,40.0298881530762,1.97939667676937,11.4900004118681,76.9976050446412,14.1452516659746,250,-0.0234609796889679,14.2342547231868,0.0360802676920056,300.0049438,300.0059814,32334.78125,32444.5546875,57.2566339192176,20.8303487563623,8.512546,0,0,0,40,4449,299.87005,32389.66796875,,,,,,,,,,,,,0,,,,10.48039105,,,,,,300.0054626,,,,
,19448378.085,300.0058136,32274.80859375,14.2291831723843,0.00171192782958132,1,0.999253354069792,40.0298881530762,1.97932728987975,11.4900004118681,76.9537545011933,14.1302144329696,250,-0.0246979445528393,14.2264084785647,0.0348118329839718,300.0056458,300.0059814,32214.8359375,32334.78125,55.7965518452944,20.8269907723945,8.512546,0,0,0,40,4449,299.8705,32274.80859375,,,,,,,,,,,,,0,,,,10.3741441,,,,,,300.0058136,,,,
,19448379.235,300.0052643,32159.9140625,14.2106056564651,0.00237478321445693,1,0.999253354069792,40.0298881530762,1.97939539441694,11.4900004118681,76.8554666442202,14.1143852091753,250,-0.0242703610716637,14.2078330812588,0.0351630973946691,300.0048828,300.0056458,32104.9921875,32214.8359375,56.3890262628713,20.8298921548705,7.396941,0,0,0,40,4449,299.8695,32159.9140625,,,,,,,,,,,,,0,,,,10.3741441,,,,,,300.0052643,,,,
,19448380.35,300.0050659,32050.0732421875,14.2056636311709,0.00222638132985144,1,0.999253354069792,40.0298881530762,1.97939249881202,11.4900004118681,76.8284494040411,14.1104252871865,250,-0.0240837779774813,14.2028912802449,0.0353300143367992,300.0048828,300.005249,31995.154296875,32104.9921875,56.587559906756,20.8305645994289,8.884414,0,0,0,40,4449,299.87005,32050.0732421875,,,,,,,,,,,,,0,,,,10.3741441,,,,,,300.0050659,,,,
,19448381.4,300.0059204,31945.251953125,14.1974219301327,0.00247852751821176,1,0.999253354069792,40.0298881530762,1.97949669155111,11.4900004118681,76.7903078639652,14.0895186281404,250,-0.0265574476548463,14.1946610271761,0.0328236058701239,300.005249,300.0065918,31895.349609375,31995.154296875,56.6375841319868,20.8304083979107,9.256284,0,0,0,40,4449,299.86955,31945.251953125,,,,,,,,,,,,,0,,,,10.5295868,,,,,,300.0059204,,,,
,19448383.235,300.0050049,31760.54296875,14.1870369209417,0.00225066776543983,1,0.999253354069792,40.0298881530762,1.97951355292081,11.4900004118681,76.7316568101578,14.0961606278807,250,-0.0234264303070406,14.1842653867452,0.0359117821699036,300.0050049,300.0050049,31755.47265625,31765.61328125,56.330404123929,20.8287995541469,8.512546,0,0,0,40,4449,299.8727,31760.54296875,,,,,,,,,,,,,0,,,,10.7420807,,,,,,300.0050049,,,,
,19448383.865,300.00460815,31700.53515625,14.175224188522,0.00220235113429503,1,0.999253354069792,40.0298881530762,1.97951936283063,11.4900004118681,76.6686631930007,14.0808168214269,250,-0.0240823090789053,14.1724579135848,0.0352074775831751,300.0042114,300.0050049,31645.59765625,31755.47265625,56.7282530402175,20.8316188149899,8.512546,0,0,0,40,4449,299.8718,31700.53515625,,,,,,,,,,,,,0,,,,10.63583375,,,,,,300.00460815,,,,
,19448384.81,300.0042114,31605.65625,14.16778051041,0.00208474405257414,1,0.999253354069792,40.0298881530762,1.97951936283063,11.4900004118681,76.6302877146766,14.0632607244744,250,-0.0259504109235391,14.1650236381822,0.0333099164052842,300.0042114,300.0042114,31565.71484375,31645.59765625,56.892395029256,20.8316188149899,8.512546,0,0,0,40,4449,299.87055,31605.65625,,,,,,,,,,,,,0,,,,10.5295868,,,,,,300.0042114,,,,
,19448385.74,300.0049896,31510.841796875,14.1553712971064,0.00216573348465578,1,0.999253354069792,40.0298881530762,1.97942088850446,11.4900004118681,76.5588370987991,14.053572845386,250,-0.025316378694714,14.1526137540153,0.0338932109683781,300.0042114,300.0057678,31455.96875,31565.71484375,57.1284468420637,20.8295707846749,7.396941,0,0,0,40,4449,299.8693,31510.841796875,,,,,,,,,,,,,0,,,,10.5295868,,,,,,300.0049896,,,,
,19448386.78,300.00559995,31411.013671875,14.1489666620046,0.00194728650860338,1,0.999253354069792,40.0298881530762,1.97925022809305,11.4900004118681,76.5177253295193,14.0462206859268,250,-0.0252710475474786,14.1462098186537,0.0339126695937282,300.0054321,300.0057678,31366.05859375,31455.96875,56.7665528376599,20.8311328307384,9.256284,0,0,0,40,4449,299.86985,31411.013671875,,,,,,,,,,,,,0,,,,10.5295868,,,,,,300.00559995,,,,
,19448387.74,300.0059204,31316.23828125,14.1310971150778,0.00269268288909244,1,0.999253354069792,40.0298881530762,1.97944493225475,11.4900004118681,76.4279564314068,14.0323176131089,250,-0.0247791425780259,14.1283415954244,0.03433044159179,300.0054321,300.0064087,31266.41796875,31366.05859375,56.6837002146214,20.8287023901691,8.512546,0,0,0,40,4449,299.8711,31316.23828125,,,,,,,,,,,,,0,,,,10.5295868,,,,,,300.0059204,,,,
,19448388.77,300.00593565,31211.453125,14.126097037568,0.00208379293653598,1,0.999253354069792,40.0298881530762,1.97947048553344,11.4900004118681,76.4019704801898,14.0270141070368,250,-0.024866652172223,14.1233427884149,0.0342230800709965,300.0054626,300.0064087,31156.48828125,31266.41796875,56.8494054606983,20.8276771132063,7.396941,0,0,0,40,4449,299.87135,31211.453125,,,,,,,,,,,,,0,,,,10.63583375,,,,,,300.00593565,,,,
,19448389.725,300.0054626,31116.5185546875,14.1162839311512,0.00171870139623905,1,0.999253354069792,40.0298881530762,1.97947048553344,11.4900004118681,76.3484184567274,14.0198487243425,250,-0.0243731693517456,14.113529780208,0.0346761486652196,300.0054626,300.0054626,31076.548828125,31156.48828125,57.2566339192176,20.8276771132063,8.512546,0,0,0,40,4449,299.8725,31116.5185546875,,,,,,,,,,,,,0,,,,10.63583375,,,,,,300.0054626,,,,
,19448390.695,300.0052185,31021.6455078125,14.1092019753873,0.00131829534107797,1,0.999253354069792,40.0298881530762,1.9795117324527,11.4900004118681,76.3123232667142,14.0095588910738,250,-0.02501674404989,14.1064519925603,0.0340039618135104,300.0049744,300.0054626,30966.7421875,31076.548828125,56.9869720800829,20.8262446577481,8.512546,0,0,0,40,4449,299.873,31021.6455078125,,,,,,,,,,,,,0,,,,10.5295868,,,,,,300.0052185,,,,
,19448391.78,300.0048523,30911.8427734375,14.0953481759698,0.00168766693364559,1,0.999253354069792,40.0298881530762,1.9793918540867,11.4900004118681,76.2333639458997,13.9924171593462,250,-0.0254666871897182,14.0926029568689,0.0334973358554385,300.0047302,300.0049744,30856.943359375,30966.7421875,56.8032893780637,20.8293219725821,8.884414,0,0,0,40,4449,299.8729,30911.8427734375,,,,,,,,,,,,,0,,,,10.63583375,,,,,,300.0048523,,,,
,19448392.805,300.00405885,30807.0029296875,14.0849321185755,0.00207179641055791,1,0.999253354069792,40.0298881530762,1.9794028714968,11.4900004118681,76.1761235796889,13.9892795236652,250,-0.024131063264242,14.0821837145127,0.0347903569899256,300.0033875,300.0047302,30757.0625,30856.943359375,57.6365053795638,20.8273362362952,8.512546,0,0,0,40,4449,299.8723,30807.0029296875,,,,,,,,,,,,,0,,,,10.48039105,,,,,,300.00405885,,,,
,19448393.845,300.00473025,30702.0927734375,14.0765845798767,0.00198521136987868,1,0.999253354069792,40.0298881530762,1.97949082977715,11.4900004118681,76.1352275538548,13.976455006835,250,-0.0250682654504561,14.0738413410057,0.0338194293974875,300.0033875,300.006073,30647.123046875,30757.0625,57.4450063923522,20.8315343435235,8.512546,0,0,0,40,4449,299.8727,30702.0927734375,,,,,,,,,,,,,0,,,,10.3741441,,,,,,300.00473025,,,,
,19448394.885,300.006073,30597.16796875,14.0566550653911,0.00181784480004412,1,0.999253354069792,40.0298881530762,1.97952159483507,11.4900004118681,76.0279418151208,13.9603431453866,250,-0.0243927331363532,14.0539122596813,0.0344122740298778,300.006073,300.006073,30547.212890625,30647.123046875,56.4718788859098,20.8243844081175,7.396941,0,0,0,40,4449,299.8739,30597.16796875,,,,,,,,,,,,,0,,,,10.3741441,,,,,,300.006073,,,,
,19448396.035,300.0046234,30482.384765625,14.0447636612256,0.00167434838698289,1,0.999253354069792,40.0298881530762,1.97944028061038,11.4900004118681,75.9610104069828,13.9456794293423,250,-0.0247979788764707,14.0420255832026,0.0339586795074557,300.0031738,300.006073,30417.556640625,30547.212890625,56.5859966497175,20.8279894054254,9.256284,0,0,0,40,4449,299.8734,30482.384765625,,,,,,,,,,,,,0,,,,10.2187014,,,,,,300.0046234,,,,
,19448397.235,300.0036163,30362.599609375,14.0368846027635,0.00176551920354886,1,0.999253354069792,40.0298881530762,1.97947551123094,11.4900004118681,75.9199478450745,13.9368527421372,250,-0.0250154252181323,14.0341494565529,0.0337092984997019,300.0031738,300.0040588,30307.642578125,30417.556640625,56.0177527162367,20.8299420533698,7.396941,0,0,0,40,4449,299.87455,30362.599609375,,,,,,,,,,,,,0,,,,10.2187014,,,,,,300.0036163,,,,
,19448398.38,300.003067,30247.7666015625,14.0253862314111,0.00240547181298925,1,0.999253354069792,40.0298881530762,1.97951038164481,11.4900004118681,75.8587472438714,13.927373701072,250,-0.0246821514730447,14.0226521824212,0.033995654406832,300.0020752,300.0040588,30187.890625,30307.642578125,56.0044650314098,20.8305086741046,7.396941,0,0,0,40,4449,299.8743,30247.7666015625,,,,,,,,,,,,,0,,,,10.3741441,,,,,,300.003067,,,,
,19448399.42,300.00212095,30147.8916015625,14.0105514281275,0.0019466209204099,1,0.999253354069792,40.0298881530762,1.97944342019986,11.4900004118681,75.7804913587121,13.8880265001712,250,-0.029125568821174,14.0078393141861,0.0294925852312977,300.0020752,300.0021667,30107.892578125,30187.890625,56.6391473890252,20.8327985688289,9.256284,0,0,0,40,4449,299.87225,30147.8916015625,,,,,,,,,,,,,0,,,,10.5295868,,,,,,300.00212095,,,,
,19448400.475,300.00230405,30042.962890625,13.9991214090063,0.00259080713175691,1,0.999253354069792,40.0298881530762,1.97945568018165,11.4900004118681,75.7164029392531,13.8914610559604,250,-0.0263873240292608,13.9963999804317,0.0321832683067238,300.0021667,300.0024414,29978.033203125,30107.892578125,56.5766171074867,20.8311793964721,8.512546,0,0,0,40,4449,299.87345,30042.962890625,,,,,,,,,,,,,0,,,,10.58244515,,,,,,300.00230405,,,,
,19448401.615,300.0023346,29928.083984375,13.9917840574252,0.00186823295606157,1,0.999253354069792,40.0298881530762,1.97955635971545,11.4900004118681,75.6791864199375,13.8917995784304,250,-0.0250928423485214,13.9890585723021,0.0334479447274293,300.0022278,300.0024414,29878.134765625,29978.033203125,56.1349969941213,20.8315030126867,8.512546,0,0,0,40,4449,299.8736,29928.083984375,,,,,,,,,,,,,0,,,,10.58244515,,,,,,300.0023346,,,,
,19448402.655,300.00177005,29823.185546875,13.9858857333288,0.00131496620415886,1,0.999253354069792,40.0298881530762,1.9795945651977,11.4900004118681,75.6508112972351,13.8748641299561,250,-0.0271807150093897,13.983170366637,0.0313368785975519,300.0013123,300.0022278,29768.236328125,29878.134765625,56.0091548025252,20.8266081069982,8.512546,0,0,0,40,4449,299.8737,29823.185546875,,,,,,,,,,,,,0,,,,10.58244515,,,,,,300.00177005,,,,
,19448403.71,300.00135805,29718.3193359375,13.9748270666583,0.00167887304478426,1,0.999253354069792,40.0298881530762,1.97950507595592,11.4900004118681,75.584412623045,13.8808055562879,250,-0.0239189873446985,13.9721004353816,0.0345523942292235,300.0013123,300.0014038,29668.40234375,29768.236328125,56.1787681911983,20.8317060162049,7.396941,0,0,0,40,4449,299.8753,29718.3193359375,,,,,,,,,,,,,0,,,,10.42700245,,,,,,300.00135805,,,,
,19448404.765,300.00120545,29613.2275390625,13.9605410187586,0.00191431305945626,1,0.999253354069792,40.0298881530762,1.9794944353322,11.4900004118681,75.508410435108,13.8575811270106,250,-0.0255534018621644,13.9578240613324,0.0328599331170038,300.0010071,300.0014038,29558.052734375,29668.40234375,57.0901470446214,20.8308965635852,8.512546,0,0,0,40,4449,299.87395,29613.2275390625,,,,,,,,,,,,,0,,,,10.2187014,,,,,,300.00120545,,,,
,19448405.79,300.0009003,29508.0615234375,13.94955053718,0.00165601695606776,1,0.999253354069792,40.0298881530762,1.97945607102354,11.5000000223517,75.4488489106709,13.8393519038398,250,-0.0268397625135071,13.94684124123,0.0315289084282455,300.0007935,300.0010071,29458.0703125,29558.052734375,56.9377294833714,20.8316845705524,7.396941,0,0,0,40,4449,299.87405,29508.0615234375,,,,,,,,,,,,,0,,,,10.48039105,,,,,,300.0009003,,,,
,19448406.84,300.0007477,29403.138671875,13.9432976696895,0.00187766477467934,1,0.999253354069792,40.0298881530762,1.97941780829594,11.4900004118681,75.4102115955655,13.851199949747,250,-0.0234418904296367,13.9405753905105,0.0349010891069146,300.0007019,300.0007935,29348.20703125,29458.0703125,56.9166255133522,20.8298022224603,9.256284,0,0,0,40,4449,299.8737,29403.138671875,,,,,,,,,,,,,0,,,,10.63583375,,,,,,300.0007477,,,,
,19448407.72,300.0009918,29313.14453125,13.9320471213105,0.0021827452461899,1,0.999253354069792,40.0298881530762,1.97941780829594,11.4900004118681,75.3502586266737,13.8351959292396,250,-0.0243169160464407,13.929330553805,0.0339802165186585,300.0007019,300.0012817,29278.08203125,29348.20703125,56.7141837268714,20.8298022224603,7.396941,0,0,0,40,4449,299.87315,29313.14453125,,,,,,,,,,,,,0,,,,10.58244515,,,,,,300.0009918,,,,
,19448408.63,300.0018158,29223.1953125,13.9231985832684,0.00200872462404873,1,0.999253354069792,40.0298881530762,1.97953136334027,11.4900004118681,75.308704293869,13.8159037319393,250,-0.0263881277486947,13.9204919766448,0.0318731604256957,300.0012817,300.0023499,29168.30859375,29278.08203125,56.6969878994483,20.8319204314275,8.512546,0,0,0,40,4449,299.87385,29223.1953125,,,,,,,,,,,,,0,,,,10.6886921,,,,,,300.0018158,,,,
,19448409.77,300.00180055,29113.33203125,13.9131316572971,0.0020943109800213,1,0.999253354069792,40.0298881530762,1.97931355962277,11.5000000223517,75.2452390229246,13.8094893040735,250,-0.0254350448939739,13.9104229822656,0.0327852469411492,300.0012512,300.0023499,29058.35546875,29168.30859375,56.4898563418521,20.8308857344379,9.256284,0,0,0,40,4449,299.873,29113.33203125,,,,,,,,,,,,,0,,,,10.48039105,,,,,,300.00180055,,,,
,19448410.78,300.0014801,29013.4296875,13.9031109543802,0.00169196672197345,1,0.999253354069792,40.0298881530762,1.97946767530238,11.4900004118681,75.1948989990445,13.8106064699805,250,-0.023565270540354,13.9003965658011,0.0346135743329754,300.0012512,300.001709,28968.50390625,29058.35546875,56.7735874943329,20.8263181157755,8.512546,0,0,0,40,4449,299.8737,29013.4296875,,,,,,,,,,,,,0,,,,10.2187014,,,,,,300.0014801,,,,
,19448411.845,300.0014496,28908.6650390625,13.8904888791997,0.00181118332434441,1,0.999253354069792,40.0298881530762,1.97958073817602,11.4900004118681,75.1338217616879,13.7826353036983,250,-0.026541235272062,13.8877894195034,0.0315863739624503,300.0011902,300.001709,28848.826171875,28968.50390625,56.4374872310637,20.8267787994766,8.512546,0,0,0,40,4449,299.8741,28908.6650390625,,,,,,,,,,,,,0,,,,10.3741441,,,,,,300.0014496,,,,
,19448412.925,300.0005646,28798.9150390625,13.8830016594346,0.00179936800443059,1,0.999253354069792,40.0298881530762,1.97943897146559,11.4900004118681,75.0878620380007,13.7754179550475,250,-0.0263111020373632,13.8803030865546,0.0317863753562369,299.999939,300.0011902,28749.00390625,28848.826171875,56.6164801619675,20.8310920613237,7.396941,0,0,0,40,4449,299.87355,28798.9150390625,,,,,,,,,,,,,0,,,,10.5295868,,,,,,300.0005646,,,,
,19448413.9,300.0003357,28699.044921875,13.8613356231811,0.00192270230656366,1,0.999253354069792,40.0298881530762,1.97949758976956,11.4900004118681,74.9714116240205,13.7620445111477,250,-0.0248418209290708,13.8586353114158,0.033165657015534,299.999939,300.0007324,28649.0859375,28749.00390625,56.607882248256,20.8314082088579,8.512546,0,0,0,40,4449,299.8738,28699.044921875,,,,,,,,,,,,,0,,,,10.3741441,,,,,,300.0003357,,,,
,19448415.045,300.0005951,28584.15625,13.8484547317484,0.00191025865737579,1,0.999253354069792,40.0298881530762,1.97950585104609,11.4900004118681,74.9026310288631,13.7461607337949,250,-0.0254025202429518,13.8457591419885,0.0325521989647449,300.0004578,300.0007324,28519.2265625,28649.0859375,56.1279623374482,20.8305327255564,9.256284,0,0,0,40,4449,299.8744,28584.15625,,,,,,,,,,,,,0,,,,10.2187014,,,,,,300.0005951,,,,
,19448416.18,299.9995575,28469.3251953125,13.8407538525485,0.00137456321751361,1,0.999253354069792,40.0298881530762,1.9795054570004,11.4900004118681,74.8614882843353,13.7357018774288,250,-0.0259097251945321,13.8380623643541,0.0320140129222476,299.9986572,300.0004578,28419.423828125,28519.2265625,56.9572701963522,20.8292024999169,8.512546,0,0,0,40,4449,299.8745,28469.3251953125,,,,,,,,,,,,,0,,,,10.2187014,,,,,,299.9995575,,,,
,19448417.165,299.9996185,28374.4169921875,13.8273580115796,0.00193752787144731,1,0.999253354069792,40.0298881530762,1.97949094388473,11.4900004118681,74.7893349054238,13.7177944964406,250,-0.026720640934792,13.8246725055662,0.0311481523514832,299.9986572,300.0005798,28329.41015625,28419.423828125,56.9447641400445,20.8313392668746,9.256284,0,0,0,40,4449,299.87455,28374.4169921875,,,,,,,,,,,,,0,,,,10.48039105,,,,,,299.9996185,,,,
,19448418.235,300.00015255,28269.4560546875,13.8165476352008,0.0019803991917667,1,0.999253354069792,40.0298881530762,1.97952353717965,11.4900004118681,74.7290581901866,13.7234896309509,250,-0.023704760522079,13.8138513119506,0.0341193567805684,299.9997253,300.0005798,28209.501953125,28329.41015625,56.8728543162753,20.83409986705,8.512546,0,0,0,40,4449,299.87405,28269.4560546875,,,,,,,,,,,,,0,,,,10.58350135,,,,,,300.00015255,,,,
,19448419.305,299.9996643,28159.65625,13.8116788907976,0.00194876981771608,1,0.999253354069792,40.0298881530762,1.97943115092829,11.5000000223517,74.701814755347,13.7046010872032,250,-0.0261810867586844,13.8089940643494,0.0316242076411428,299.9996033,299.9997253,28109.810546875,28209.501953125,56.086536025929,20.8300798515012,7.768809,0,0,0,40,4449,299.8743,28159.65625,,,,,,,,,,,,,0,,,,10.3218117,,,,,,299.9996643,,,,
,19448420.265,299.99998475,28064.77734375,13.7973158588463,0.00177403572841705,1,0.999253354069792,40.0298881530762,1.97957317317619,11.4900004118681,74.6282936999711,13.6970152346288,250,-0.0250991342176917,13.794629159977,0.032646754386206,299.9996033,300.0003662,28019.744140625,28109.810546875,56.4281076888329,20.834140143821,8.512546,0,0,0,40,4449,299.87445,28064.77734375,,,,,,,,,,,,,0,,,,10.3741441,,,,,,299.99998475,,,,
,19448421.35,300.00009155,27960.0615234375,13.7886821984566,0.00142701958796282,1,0.999253354069792,40.0298881530762,1.97950390635871,11.4900004118681,74.577566144313,13.6959741081055,250,-0.0236051663673862,13.7859908647316,0.0341050800264005,299.9998169,300.0003662,27900.37890625,28019.744140625,56.3210245816983,20.8276192189255,9.256284,0,0,0,40,4449,299.8756,27960.0615234375,,,,,,,,,,,,,0,,,,10.3741441,,,,,,300.00009155,,,,
,19448422.43,299.99916075,27850.455078125,13.7734684809423,0.00227486928446586,1,0.999253354069792,40.0298881530762,1.97953560178081,11.4900004118681,74.4980475493962,13.6724422027838,250,-0.0251772210344435,13.770787165194,0.0324708543632963,299.9985046,299.9998169,27800.53125,27900.37890625,56.7470121246791,20.8300500458148,8.512546,0,0,0,40,4449,299.87525,27850.455078125,,,,,,,,,,,,,0,,,,10.48039105,,,,,,299.99916075,,,,
,19448423.495,299.99856565,27740.5302734375,13.7678146763997,0.00196099895205793,1,0.999253354069792,40.0298881530762,1.97947999840343,11.4900004118681,74.4669788504419,13.658091648529,250,-0.0267149276093779,13.7651411362781,0.0309109109055605,299.9985046,299.9986267,27680.529296875,27800.53125,57.2933704596215,20.8310887837548,8.512546,0,0,0,40,4449,299.8752,27740.5302734375,,,,,,,,,,,,,0,,,,10.63583375,,,,,,299.99856565,,,,
,19448424.64,299.9989319,27625.5927734375,13.7544825393722,0.0021777290998482,1,0.999253354069792,40.0298881530762,1.97941176744659,11.4900004118681,74.3901614453693,13.6562943693665,250,-0.0244913075316861,13.7518021134954,0.0330792409375061,299.9986267,299.9992371,27570.65625,27680.529296875,56.6125720193714,20.8327484721459,7.396941,0,0,0,40,4449,299.87605,27625.5927734375,,,,,,,,,,,,,0,,,,10.3741441,,,,,,299.9989319,,,,
,19448425.68,299.9989624,27525.6962890625,13.7421249252198,0.0018003263114038,1,0.999253354069792,40.0298881530762,1.97947615136937,11.5000000223517,74.3270896973095,13.6368743477866,250,-0.0258728864013498,13.7394526694465,0.0316472425010449,299.9986877,299.9992371,27480.736328125,27570.65625,56.3546346080252,20.8290009815403,8.512546,0,0,0,40,4449,299.87595,27525.6962890625,,,,,,,,,,,,,0,,,,10.2187014,,,,,,299.9989624,,,,
,19448426.695,299.9994659,27425.833984375,13.7330288800535,0.00203949058063674,1,0.999253354069792,40.0298881530762,1.9795462487743,11.4900004118681,74.2806315698366,13.627369776034,250,-0.0260321018139343,13.7303587901817,0.0314508946183751,299.9986877,300.0002441,27370.931640625,27480.736328125,56.3452550657944,20.8343720966576,9.256284,0,0,0,40,4449,299.87635,27425.833984375,,,,,,,,,,,,,0,,,,10.48039105,,,,,,299.9994659,,,,
,19448427.605,299.99971005,27331.009765625,13.7260582383936,0.00181306565522413,1,0.999253354069792,40.0298881530762,1.97952368793629,11.5000000223517,74.2405665699151,13.6285789685092,250,-0.0244891604022412,13.7233828599925,0.0329655872604177,299.999176,300.0002441,27291.087890625,27370.931640625,56.6164801619675,20.8269602557728,8.512546,0,0,0,40,4449,299.87505,27331.009765625,,,,,,,,,,,,,0,,,,10.63583375,,,,,,299.99971005,,,,
,19448428.515,299.999176,27241.166015625,13.710848070834,0.00197317549712247,1,0.999253354069792,40.0298881530762,1.97954855420451,11.4900004118681,74.1615173152185,13.6011922052478,250,-0.026765691871413,13.7081854926167,0.0306266588167326,299.999176,299.999176,27191.244140625,27291.087890625,56.4937644844483,20.8320541299893,7.396941,0,0,0,40,4449,299.87545,27241.166015625,,,,,,,,,,,,,0,,,,10.63583375,,,,,,299.999176,,,,
,19448430.46,299.9985046,27046.359375,13.6914907241162,0.00232295380819198,1,0.999253354069792,40.0298881530762,1.97951304384601,11.5000000223517,74.054408763863,13.5877419176611,250,-0.0256216466732911,13.6888274684713,0.0316909796326002,299.9985046,299.9985046,27041.3203125,27051.3984375,57.2152076076984,20.8328845467451,9.256284,0,0,0,40,4449,299.87725,27046.359375,,,,,,,,,,,,,0,,,,10.5295868,,,,,,299.9985046,,,,
,19448431.07,299.9981842,26986.4296875,13.6773734505008,0.00207319937302081,1,0.999253354069792,40.0298881530762,1.97950757389908,11.4900004118681,73.9777104498365,13.5744607778501,250,-0.025454528354981,13.6747124271664,0.0317998836152126,299.9978638,299.9985046,26931.5390625,27041.3203125,57.1886322380445,20.8306152757214,8.512546,0,0,0,40,4449,299.87585,26986.4296875,,,,,,,,,,,,,0,,,,10.63583375,,,,,,299.9981842,,,,
,19448432.125,299.99809265,26881.6005859375,13.6698743472059,0.00169524272300104,1,0.999253354069792,40.0298881530762,1.97960004927562,11.4900004118681,73.9404661976687,13.5679175969911,250,-0.0253896454308917,13.6672145108515,0.0318344689156066,299.9978638,299.9983215,26831.662109375,26931.5390625,56.8454973181022,20.83077084652,8.884414,0,0,0,40,4449,299.87555,26881.6005859375,,,,,,,,,,,,,0,,,,10.63583375,,,,,,299.99809265,,,,
,19448433.205,299.9979248,26771.732421875,13.6589096132849,0.00156199307245227,1,0.999253354069792,40.0298881530762,1.9796187433196,11.4900004118681,73.8817803554235,13.5574721827506,250,-0.0253124837368613,13.6562516593791,0.0318667480135873,299.9975281,299.9983215,26711.802734375,26831.662109375,56.7845302936022,20.8293209383664,8.512546,0,0,0,40,4449,299.8758,26771.732421875,,,,,,,,,,,,,0,,,,10.63583375,,,,,,299.9979248,,,,
,19448434.275,299.99777225,26666.9013671875,13.6479031661894,0.00170276681060708,1,0.999253354069792,40.0298881530762,1.97954009289972,11.4900004118681,73.8194451235841,13.5456983315532,250,-0.0253530066197743,13.6452475939748,0.0317811283355567,299.9975281,299.9980164,26622,26711.802734375,57.0416860764291,20.8316821592861,8.512546,0,0,0,40,4449,299.8761,26666.9013671875,,,,,,,,,,,,,0,,,,10.7420807,,,,,,299.99777225,,,,
,19448435.25,299.9977875,26572.037109375,13.6388010173072,0.00188456549864761,1,0.999253354069792,40.0298881530762,1.97952095850929,11.4900004118681,73.7686936927957,13.5409765452829,250,-0.0245159019053186,13.6361436842298,0.0325809192553909,299.9975586,299.9980164,26522.07421875,26622,56.6172617904868,20.8309348809063,8.884414,0,0,0,40,4449,299.876,26572.037109375,,,,,,,,,,,,,0,,,,10.48039105,,,,,,299.9977875,,,,
,19448436.315,299.99819945,26462.0859375,13.6255187391597,0.00189724806798944,1,0.999253354069792,40.0298881530762,1.97959356152786,11.5000000223517,73.7024271543721,13.512423575905,250,-0.0274240311150552,13.6228759886898,0.0296185339219196,299.9975586,299.9988403,26402.09765625,26522.07421875,56.5844333926791,20.8315289310969,7.396941,0,0,0,40,4449,299.87745,26462.0859375,,,,,,,,,,,,,0,,,,10.3741441,,,,,,299.99819945,,,,
,19448437.355,299.9982605,26357.10546875,13.6152930529215,0.00182792147672055,1,0.999253354069792,40.0298881530762,1.97944987481843,11.4900004118681,73.640377282444,13.509540003619,250,-0.0258853190494734,13.6126458097324,0.0311150811110741,299.9976807,299.9988403,26312.11328125,26402.09765625,56.5437887096791,20.8277877723798,7.396941,0,0,0,40,4449,299.8778,26357.10546875,,,,,,,,,,,,,0,,,,10.5295868,,,,,,299.9982605,,,,
,19448438.305,299.99787905,26262.169921875,13.6029455428381,0.00222735713085619,1,0.999253354069792,40.0298881530762,1.97947698923499,11.4900004118681,73.573131661062,13.5052659984186,250,-0.0244208649960489,13.6002947529442,0.0325286717601953,299.9976807,299.9980774,26212.2265625,26312.11328125,56.5899047923137,20.830442629465,9.256284,0,0,0,40,4449,299.87695,26262.169921875,,,,,,,,,,,,,0,,,,10.5295868,,,,,,299.99787905,,,,
,19448439.43,299.9980469,26147.37890625,13.595509665441,0.00188667751720928,1,0.999253354069792,40.0298881530762,1.97955319524951,11.5000000223517,73.5377056702567,13.4874338159448,250,-0.0264348088877205,13.5928686352875,0.0304849737014334,299.9980164,299.9980774,26082.53125,26212.2265625,56.6110087623329,20.8294963692717,8.512546,0,0,0,40,4449,299.87765,26147.37890625,,,,,,,,,,,,,0,,,,10.63583375,,,,,,299.9980469,,,,
,19448440.48,299.9980469,26042.552734375,13.5855306742884,0.00131225644192055,1,0.999253354069792,40.0298881530762,1.97951649712629,11.5000000223517,73.4809098894549,13.4853291585243,250,-0.0249294593903376,13.5828852848786,0.0319490553335082,299.9980164,299.9980774,26002.57421875,26082.53125,56.6063189912175,20.8291399955251,8.512546,0,0,0,40,4449,299.8786,26042.552734375,,,,,,,,,,,,,0,,,,10.58350135,,,,,,299.9980469,,,,
,19448441.47,299.9977875,25942.6396484375,13.5717825951228,0.0018371859376924,1,0.999253354069792,40.0298881530762,1.97949487066615,11.4900004118681,73.4056629759784,13.4721040023308,250,-0.0248007460926716,13.5691394823667,0.0320212080643634,299.9974976,299.9980774,25882.705078125,26002.57421875,56.2366087016213,20.8345097648723,8.512546,0,0,0,40,4449,299.8784,25942.6396484375,,,,,,,,,,,,,0,,,,10.58350135,,,,,,299.9977875,,,,
,19448442.57,299.99766545,25832.7626953125,13.5631958675808,0.00110134448022747,1,0.999253354069792,40.0298881530762,1.97964131861052,11.4900004118681,73.3664132194612,13.4543068556897,250,-0.0266807054880279,13.5605623319866,0.0301066513636219,299.9974976,299.9978333,25782.8203125,25882.705078125,56.8306463762368,20.831639797405,9.256284,0,0,0,40,4449,299.87885,25832.7626953125,,,,,,,,,,,,,0,,,,10.63583375,,,,,,299.99766545,,,,
,19448443.625,299.9974213,25727.86328125,13.5509083792118,0.00184934700190527,1,0.999253354069792,40.0298881530762,1.97956229961252,11.4900004118681,73.2949255036676,13.4532887448911,250,-0.0244946237492882,13.5482682216515,0.0322416797826558,299.9970093,299.9978333,25672.90625,25782.8203125,56.3991874336214,20.8316055686586,8.512546,0,0,0,40,4449,299.8797,25727.86328125,,,,,,,,,,,,,0,,,,10.3741441,,,,,,299.9974213,,,,
,19448444.685,299.997345,25622.998046875,13.5383862468498,0.00187087156286207,1,0.999253354069792,40.0298881530762,1.97962397147099,11.4900004118681,73.2311201217701,13.4320960549641,250,-0.0261687669061357,13.5357555708216,0.0305165024793326,299.9970093,299.9976807,25573.08984375,25672.90625,56.7868751791599,20.835946991865,9.256284,0,0,0,40,4449,299.87955,25622.998046875,,,,,,,,,,,,,0,,,,10.3741441,,,,,,299.997345,,,,
,19448445.59,299.99702455,25533.255859375,13.5259254087689,0.00148451858219496,1,0.999253354069792,40.0298881530762,1.97955809693617,11.4900004118681,73.1610964254665,13.420629443041,250,-0.025899127031145,13.5232962126593,0.0307346887453764,299.9963684,299.9976807,25493.421875,25573.08984375,56.4007506906598,20.837979539788,7.396941,0,0,0,40,4449,299.88,25533.255859375,,,,,,,,,,,,,0,,,,10.5295868,,,,,,299.99702455,,,,
,19448446.48,299.99716185,25443.486328125,13.5177517357101,0.00198004038737194,1,0.999253354069792,40.0298881530762,1.97962670110955,11.5000000223517,73.1192760387474,13.4134053109877,250,-0.0258042744591459,13.5151236511357,0.0307961145545293,299.9963684,299.9979553,25393.55078125,25493.421875,56.8322096332752,20.8285873017479,8.884414,0,0,0,40,4449,299.88025,25443.486328125,,,,,,,,,,,,,0,,,,10.5295868,,,,,,299.99716185,,,,
,19448447.53,299.99742125,25338.61328125,13.5084493975012,0.00156597348465809,1,0.999253354069792,40.0298881530762,1.97962334584164,11.4900004118681,73.0686911203337,13.4049361788117,250,-0.025642656832511,13.5058222862551,0.0309198441636481,299.9968872,299.9979553,25283.67578125,25393.55078125,56.323369467256,20.828758985661,8.512546,0,0,0,40,4449,299.8799,25338.61328125,,,,,,,,,,,,,0,,,,10.5295868,,,,,,299.99742125,,,,
,19448448.495,299.9971771,25243.8349609375,13.4927279142187,0.0015249749324048,1,0.999253354069792,40.0298881530762,1.97959662925063,11.4900004118681,72.9837447635263,13.3834776600381,250,-0.026664452095177,13.4901082959807,0.0298333695390655,299.9968872,299.997467,25203.994140625,25283.67578125,56.1631356208136,20.8295792122772,8.512546,0,0,0,40,4449,299.8798,25243.8349609375,,,,,,,,,,,,,0,,,,10.3741441,,,,,,299.9971771,,,,
,19448449.485,299.99731445,25148.9052734375,13.4870420365381,0.00173407221155991,1,0.999253354069792,40.0298881530762,1.97954940192926,11.5000000223517,72.9507209078746,13.3806002410602,250,-0.0260853919861955,13.4844210128496,0.0303891762935797,299.9971619,299.997467,25093.81640625,25203.994140625,56.6579064734868,20.8317402276347,8.884414,0,0,0,40,4449,299.8809,25148.9052734375,,,,,,,,,,,,,0,,,,10.42700245,,,,,,299.99731445,,,,
,19448450.515,299.99757385,25043.9580078125,13.4738567209496,0.00179098431526239,1,0.999253354069792,40.0298881530762,1.97958837382302,11.4900004118681,72.882536235884,13.358414331345,250,-0.0277921948917159,13.4712452849124,0.0286285552863259,299.9971619,299.9979858,24994.099609375,25093.81640625,56.6594697305252,20.8311246088946,7.396941,0,0,0,40,4449,299.88075,25043.9580078125,,,,,,,,,,,,,0,,,,10.58244515,,,,,,299.99757385,,,,
,19448451.525,299.99781795,24939.1376953125,13.4621535660464,0.00169918577238888,1,0.999253354069792,40.0298881530762,1.97953666755544,11.4900004118681,72.8131970372236,13.3690051392248,250,-0.0236016789110109,13.4595267187138,0.0327704163840927,299.9976501,299.9979858,24884.17578125,24994.099609375,56.5633294226598,20.8300826095856,9.256284,0,0,0,40,4449,299.8799,24939.1376953125,,,,,,,,,,,,,0,,,,10.5295868,,,,,,299.99781795,,,,
,19448452.625,299.9979248,24829.2607421875,13.4528300596909,0.0016680275908991,1,0.999253354069792,40.0298881530762,1.97964819873801,11.4900004118681,72.769223361327,13.3472356171078,250,-0.0260339773225623,13.4502153061203,0.0302987851353578,299.9976501,299.9981995,24774.345703125,24884.17578125,56.320242953179,20.8316489350994,9.256284,0,0,0,40,4449,299.8882,24829.2607421875,,,,,,,,,,,,,0,,,,10.3741441,,,,,,299.9979248,,,,
,19448453.665,299.9977875,24729.404296875,13.4410400021372,0.00166772509228071,1,0.999253354069792,40.0298881530762,1.97951352868422,11.4900004118681,72.7014706831764,13.3300935653644,250,-0.0268531191702308,13.4384312646291,0.0294290626587843,299.9973755,299.9981995,24684.462890625,24774.345703125,56.882233858506,20.828652153031,8.512546,0,0,0,40,4449,299.89875,24729.404296875,,,,,,,,,,,,,0,,,,10.2187014,,,,,,299.9977875,,,,
,19448454.695,299.99690245,24629.53515625,13.4294235596003,0.00179951795433196,1,0.999253354069792,40.0298881530762,1.97960564751407,11.4900004118681,72.6392170107196,13.3338495999728,250,-0.0241173628846505,13.4268060783532,0.0321164612224762,299.9964294,299.9973755,24574.607421875,24684.462890625,56.9267866841022,20.8275289376888,9.256284,0,0,0,40,4449,299.8993,24629.53515625,,,,,,,,,,,,,0,,,,10.3741441,,,,,,299.99690245,,,,
,19448455.765,299.99737545,24519.7841796875,13.4171919325222,0.00165402307022965,1,0.999253354069792,40.0298881530762,1.97968710416024,11.4900004118681,72.578666007326,13.3076848800046,250,-0.0267885974188268,13.4145877248451,0.0293961636794332,299.9964294,299.9983215,24464.9609375,24574.607421875,57.403580080833,20.8301259914816,8.512546,0,0,0,40,4449,299.89675,24519.7841796875,,,,,,,,,,,,,0,,,,10.3741441,,,,,,299.99737545,,,,
,19448456.785,299.997406,24419.884765625,13.4065649680307,0.0019681876785321,1,0.999253354069792,40.0298881530762,1.97953854149127,11.4900004118681,72.5148311987891,13.3017829859497,250,-0.0257306551657389,13.4039583577046,0.0304105454603271,299.9964905,299.9983215,24374.80859375,24464.9609375,57.0893654161022,20.8272655472037,8.512546,0,0,0,40,4449,299.89585,24419.884765625,,,,,,,,,,,,,0,,,,10.2187014,,,,,,299.997406,,,,
,19448457.86,299.9968872,24315.001953125,13.3851979303017,0.00173830290171901,1,0.999253354069792,40.0298881530762,1.97969637014308,11.4900004118681,72.4044930854754,13.2837562910341,250,-0.0252952981189155,13.3825939382205,0.0307578284865874,299.9964905,299.9972839,24255.1953125,24374.80859375,56.1428132793136,20.8333241002212,7.396941,0,0,0,40,4449,299.89365,24315.001953125,,,,,,,,,,,,,0,,,,10.2187014,,,,,,299.9968872,,,,
,19448459.055,299.9971008,24195.2138671875,13.3731710286869,0.00179606626705317,1,0.999253354069792,40.0298881530762,1.97961446446622,11.4900004118681,72.3374264261775,13.2663703859872,250,-0.0261833987880275,13.3705728964374,0.0298215315173282,299.9969177,299.9972839,24135.232421875,24255.1953125,56.6024108486214,20.8281609295789,9.256284,0,0,0,40,4449,299.8898,24195.2138671875,,,,,,,,,,,,,0,,,,10.2187014,,,,,,299.9971008,,,,
,19448460.205,299.9966583,24080.3076171875,13.361127620361,0.00176877429971669,1,0.999253354069792,40.0298881530762,1.97962451856086,11.4900004118681,72.2737907570696,13.2482848250359,250,-0.0273085990880918,13.3585367227499,0.0286475352030966,299.9963989,299.9969177,24025.3828125,24135.232421875,56.9213152844676,20.8308760797216,9.256284,0,0,0,40,4449,299.88835,24080.3076171875,,,,,,,,,,,,,0,,,,10.2187014,,,,,,299.9966583,,,,
,19448461.305,299.996109,23965.4931640625,13.3501269931939,0.00179973623922598,1,0.999253354069792,40.0298881530762,1.9796418027791,11.4900004118681,72.2144130435304,13.2401236243648,250,-0.0268002996028192,13.3475363470252,0.0291109054447237,299.9958191,299.9963989,23905.603515625,24025.3828125,56.4953277414867,20.8293383500504,9.256284,0,0,0,40,4449,299.88765,23965.4931640625,,,,,,,,,,,,,0,,,,10.2187014,,,,,,299.996109,,,,
,19448462.42,299.99627685,23850.7431640625,13.3418498996651,0.00189518446067487,1,0.999253354069792,40.0298881530762,1.97972318991812,11.4900004118681,72.1704639422477,13.2436030099672,250,-0.024721839832167,13.3392519928021,0.0311558600539444,299.9958191,299.9967346,23795.8828125,23905.603515625,56.5750538504483,20.8292229330767,8.512546,0,0,0,40,4449,299.8854,23850.7431640625,,,,,,,,,,,,,0,,,,10.48039105,,,,,,299.99627685,,,,
,19448463.41,299.99668885,23755.9716796875,13.3294170586019,0.00168247809800028,1,0.999253354069792,40.0298881530762,1.97955473150252,11.4900004118681,72.0990405051588,13.2203688279311,250,-0.0265115134286311,13.3268288390882,0.0293157705349332,299.9966431,299.9967346,23716.060546875,23795.8828125,56.8040710065829,20.8318642717848,9.256284,0,0,0,40,4449,299.8836,23755.9716796875,,,,,,,,,,,,,0,,,,10.7420807,,,,,,299.99668885,,,,
,19448464.38,299.9961548,23661.029296875,13.3158562669785,0.00144570797522971,1,0.999253354069792,40.0298881530762,1.97964283658595,11.4900004118681,72.0282113873244,13.2107620912523,250,-0.0258809947814287,13.3132683084343,0.0298904943072511,299.9956665,299.9966431,23605.998046875,23716.060546875,55.8645535264675,20.8308238665916,7.396941,0,0,0,40,4449,299.88255,23661.029296875,,,,,,,,,,,,,0,,,,10.7420807,,,,,,299.9961548,,,,
,19448465.475,299.9953308,23551.1767578125,13.3049655939911,0.00175101462980958,1,0.999253354069792,40.0298881530762,1.97962761323094,11.4900004118681,71.9694022877804,13.1964114247325,250,-0.0264988712611248,13.3023826876546,0.0292286588142309,299.9949951,299.9956665,23496.35546875,23605.998046875,57.0260535060445,20.8339152384048,7.396941,0,0,0,40,4449,299.8803,23551.1767578125,,,,,,,,,,,,,0,,,,10.63583375,,,,,,299.9953308,,,,
,19448466.47,299.99513245,23451.42578125,13.2948965978247,0.00197274425827428,1,0.999253354069792,40.0298881530762,1.97959227966648,11.4900004118681,71.9136817735752,13.1862108961013,250,-0.0264773670061761,13.2923155954283,0.0292094830256351,299.9949951,299.9952698,23406.49609375,23496.35546875,57.4864327038715,20.8295588140411,8.512546,0,0,0,40,4449,299.87775,23451.42578125,,,,,,,,,,,,,0,,,,10.5295868,,,,,,299.99513245,,,,
,19448467.52,299.9954834,23346.5009765625,13.2843924749614,0.00129087695640598,1,0.999253354069792,40.0298881530762,1.97963061446541,11.4900004118681,71.8569587187467,13.18284029634,250,-0.0252003754027523,13.281807952591,0.0304435546216714,299.9952698,299.995697,23286.505859375,23406.49609375,57.4262473078907,20.8335905463761,8.512546,0,0,0,40,4449,299.87615,23346.5009765625,,,,,,,,,,,,,0,,,,10.5295868,,,,,,299.9954834,,,,
,19448468.61,299.99594115,23236.5576171875,13.2699815202947,0.00196225305436283,1,0.999253354069792,40.0298881530762,1.97971165738518,11.4900004118681,71.7850441061656,13.1519600772514,250,-0.0283373973149324,13.2674127231998,0.0272479463471015,299.995697,299.9961853,23186.609375,23286.505859375,56.3014838687175,20.8325854141002,9.256284,0,0,0,40,4449,299.87565,23236.5576171875,,,,,,,,,,,,,0,,,,10.5295868,,,,,,299.99594115,,,,
,19448469.625,299.99468995,23136.6455078125,13.2622236051835,0.00199966283157194,1,0.999253354069792,40.0298881530762,1.97971165738518,11.4900004118681,71.7411252060378,13.1548130120502,250,-0.0263725334606557,13.2596486551767,0.0291810380937094,299.9931946,299.9961853,23086.681640625,23186.609375,56.1435949078329,20.8325854141002,7.396941,0,0,0,40,4449,299.8748,23136.6455078125,,,,,,,,,,,,,0,,,,10.5295868,,,,,,299.99468995,,,,
,19448470.705,299.99395755,23031.4306640625,13.2493649081665,0.00169478489225065,1,0.999253354069792,40.0298881530762,1.97972896158138,11.4900004118681,71.672657195772,13.139593249702,250,-0.0268249230689499,13.2467946902494,0.0286761898205958,299.9931946,299.9947205,22976.1796875,23086.681640625,56.9955699937945,20.8355990094417,8.512546,0,0,0,40,4449,299.8733,23031.4306640625,,,,,,,,,,,,,0,,,,10.5295868,,,,,,299.99395755,,,,
,19448471.68,299.9947205,22931.138671875,13.2370695515866,0.00196138568956334,1,0.999253354069792,40.0298881530762,1.97972896158138,11.4900004118681,71.6047337814225,13.134998534739,250,-0.0253955491094328,13.2344953845574,0.0300546073010503,299.9947205,299.9947205,22886.09765625,22976.1796875,56.1826763337944,20.8355990094417,8.512546,0,0,0,40,4449,299.87375,22931.138671875,,,,,,,,,,,,,0,,,,10.5295868,,,,,,299.9947205,,,,
,19448472.695,299.99432375,22826.2275390625,13.2227803092649,0.00176293760991044,1,0.999253354069792,40.0298881530762,1.97945834721335,11.4900004118681,71.5200031219737,13.1077345352042,250,-0.027465632483645,13.2202178118135,0.0279260205666785,299.993927,299.9947205,22766.357421875,22886.09765625,56.8384626614291,20.8373875543195,9.256284,0,0,0,40,4449,299.87395,22826.2275390625,,,,,,,,,,,,,0,,,,10.5295868,,,,,,299.99432375,,,,
,19448473.795,299.99372865,22716.4267578125,13.2110483318687,0.00143019999544717,1,0.999253354069792,40.0298881530762,1.97950593158395,11.4900004118681,71.4612200712112,13.0802482569399,250,-0.0304321720916535,13.2085007872489,0.0249124037154099,299.9935303,299.993927,22666.49609375,22766.357421875,56.343691808756,20.8363113973431,8.512546,0,0,0,40,4449,299.8719,22716.4267578125,,,,,,,,,,,,,0,,,,10.5295868,,,,,,299.99372865,,,,
,19448474.79,299.99372865,22621.4912109375,13.1990314922809,0.00116976811971796,1,0.999253354069792,40.0298881530762,1.97968164006208,11.4900004118681,71.4011092393993,13.0764405289658,250,-0.0291186137209921,13.1964807810439,0.0261763896104455,299.9935303,299.993927,22576.486328125,22666.49609375,57.4575124486599,20.8345125680321,8.884414,0,0,0,40,4449,299.8712,22621.4912109375,,,,,,,,,,,,,0,,,,10.5295868,,,,,,299.99372865,,,,
,19448475.86,299.99360655,22516.6708984375,13.1819636150373,0.00141584709678403,1,0.999253354069792,40.0298881530762,1.97964975954528,11.4900004118681,71.3056354279398,13.0702403307678,250,-0.0270632943949036,13.1794077355313,0.0281605792791928,299.9932861,299.993927,22456.85546875,22576.486328125,56.5922496778714,20.8293614808037,8.512546,0,0,0,40,4449,299.87205,22516.6708984375,,,,,,,,,,,,,0,,,,10.5295868,,,,,,299.99360655,,,,
,19448477.045,299.99311825,22396.8984375,13.1705302840663,0.00172725180155463,1,0.999253354069792,40.0298881530762,1.97982724939493,11.4900004118681,71.248930068884,13.0659232655023,250,-0.0259540676596261,13.1679722096834,0.0292227472748494,299.9929504,299.9932861,22336.94140625,22456.85546875,56.4624993436791,20.8316760981187,9.256284,0,0,0,40,4449,299.87225,22396.8984375,,,,,,,,,,,,,0,,,,10.63583375,,,,,,299.99311825,,,,
,19448478.14,299.9925537,22287.0947265625,13.1579974041986,0.00191629971685348,1,0.999253354069792,40.0298881530762,1.9796665016209,11.4900004118681,71.1764740921994,13.0471732890026,250,-0.0269072903234987,13.1554460489175,0.0282181178275166,299.992157,299.9929504,22237.248046875,22336.94140625,56.2350454445829,20.8327209433311,7.396941,0,0,0,40,4449,299.87275,22287.0947265625,,,,,,,,,,,,,0,,,,10.63583375,,,,,,299.9925537,,,,
,19448479.17,299.99263,22182.296875,13.1457362026303,0.00149520588282398,1,0.999253354069792,40.0298881530762,1.97980481229364,11.4900004118681,71.1155875481006,13.0327020486378,250,-0.0274752546520183,13.1431895757847,0.0275999202469423,299.992157,299.993103,22127.345703125,22237.248046875,56.6242964471598,20.8327149394258,7.396941,0,0,0,40,4449,299.8725,22182.296875,,,,,,,,,,,,,0,,,,10.3741441,,,,,,299.99263,,,,
,19448480.225,299.99275205,22077.443359375,13.134075825334,0.00130637520278221,1,0.999253354069792,40.0298881530762,1.97963321993874,11.4900004118681,71.0454206070265,13.0258615529312,250,-0.0263755535773874,13.1315267879751,0.0286516626060215,299.9924011,299.993103,22027.541015625,22127.345703125,57.4121779945445,20.8315185663489,7.396941,0,0,0,40,4449,299.8718,22077.443359375,,,,,,,,,,,,,0,,,,10.2187014,,,,,,299.99275205,,,,
,19448481.19,299.9924011,21982.5283203125,13.1222351186623,0.00166410684165489,1,0.999253354069792,40.0298881530762,1.97967108483676,11.4900004118681,70.9822185284817,13.0169376641117,250,-0.0258759072234048,13.1196864998959,0.0291021901767578,299.9924011,299.9924011,21937.515625,22027.541015625,57.2808644033138,20.8307896595186,9.256284,0,0,0,40,4449,299.8731,21982.5283203125,,,,,,,,,,,,,0,,,,10.2187014,,,,,,299.9924011,,,,
,19448482.2,299.9918823,21877.60546875,13.1121665926206,0.00142083757583641,1,0.999253354069792,40.0298881530762,1.9797730605949,11.5000000223517,70.9326469999225,13.0004433647706,250,-0.0271811394705467,13.1096256384004,0.0277560213551359,299.9913635,299.9924011,21817.6953125,21937.515625,56.5711457078521,20.8284855867022,8.884414,0,0,0,40,4449,299.873,21877.60546875,,,,,,,,,,,,,0,,,,10.3741441,,,,,,299.9918823,,,,
,19448483.305,299.9912872,21767.7392578125,13.1008749447058,0.00174104934298685,1,0.999253354069792,40.0298881530762,1.97983938898666,11.4900004118681,70.8741139104955,12.9884102599559,250,-0.0273921194087854,13.098337357129,0.0274987368989683,299.9912109,299.9913635,21717.783203125,21817.6953125,56.472660514429,20.8326866881932,8.884414,0,0,0,40,4449,299.8732,21767.7392578125,,,,,,,,,,,,,0,,,,10.5295868,,,,,,299.9912872,,,,
,19448484.325,299.99098205,21667.9267578125,13.0835156058745,0.00151325033098383,1,0.999253354069792,40.0298881530762,1.97964616836058,11.5000000223517,70.7753869709554,12.9595985613738,250,-0.0292736414033856,13.080989502129,0.0255455070352092,299.9907532,299.9912109,21618.0703125,21717.783203125,56.7524835243137,20.8304272558986,7.396941,0,0,0,40,4449,299.87445,21667.9267578125,,,,,,,,,,,,,0,,,,10.5295868,,,,,,299.99098205,,,,
,19448485.45,299.9910431,21553.0966796875,13.0791755039208,0.00150026803132634,1,0.999253354069792,40.0298881530762,1.97973396271946,11.4900004118681,70.7530451610241,12.9662356450227,250,-0.0273461096784528,13.0766420833336,0.0274554210565995,299.9907532,299.991333,21488.123046875,21618.0703125,57.3043132588907,20.8343497441487,8.512546,0,0,0,40,4449,299.87485,21553.0966796875,,,,,,,,,,,,,0,,,,10.5295868,,,,,,299.9910431,,,,
,19448486.545,299.99098205,21443.2421875,13.0647637216565,0.00141303286130922,1,0.999253354069792,40.0298881530762,1.97976086577647,11.4900004118681,70.6740599263519,12.9626894293135,250,-0.025362322624988,13.0622248496858,0.0293793465173283,299.9906311,299.991333,21398.361328125,21488.123046875,56.8376810329099,20.8359397513026,9.256284,0,0,0,40,4449,299.8752,21443.2421875,,,,,,,,,,,,,0,,,,10.5295868,,,,,,299.99098205,,,,
,19448487.47,299.9898224,21353.392578125,13.0547079997813,0.0015336477301121,1,0.999253354069792,40.0298881530762,1.97972453139612,11.4900004118681,70.619389475949,12.9471540619993,250,-0.026328698820263,13.0521756933829,0.028371849446712,299.9890137,299.9906311,21308.423828125,21398.361328125,56.3929344054675,20.8303340188204,7.396941,0,0,0,40,4449,299.8752,21353.392578125,,,,,,,,,,,,,0,,,,10.3741441,,,,,,299.9898224,,,,
,19448488.5,299.98928835,21248.5966796875,13.0415292068016,0.00182524291960074,1,0.999253354069792,40.0298881530762,1.97987226856354,11.4900004118681,70.5536068383362,12.9330197679892,250,-0.0266738349560324,13.0390011923494,0.0279723955630757,299.9890137,299.989563,21188.76953125,21308.423828125,57.2581971762561,20.8322286549236,8.512546,0,0,0,40,4449,299.87575,21248.5966796875,,,,,,,,,,,,,0,,,,10.3741441,,,,,,299.98928835,,,,
,19448489.53,299.98902895,21143.77734375,13.0331480962324,0.00155437620267042,1,0.999253354069792,40.0298881530762,1.97969242467388,11.5000000223517,70.5018380859645,12.9245385382318,250,-0.0264771024471715,13.0306210062808,0.0281347348835931,299.9884949,299.989563,21098.78515625,21188.76953125,57.1683098965445,20.8308702868837,8.512546,0,0,0,40,4449,299.8766,21143.77734375,,,,,,,,,,,,,0,,,,10.3741441,,,,,,299.98902895,,,,
,19448490.525,299.98817445,21048.876953125,13.0172613616122,0.0017016157292549,1,0.999253354069792,40.0298881530762,1.97979987660708,11.4900004118681,70.4199762239168,12.9075996100774,250,-0.0267910070734734,13.0147391478312,0.0277550131724833,299.987854,299.9884949,20998.96875,21098.78515625,56.4890747133329,20.8324850653458,7.396941,0,0,0,40,4449,299.8774,21048.876953125,,,,,,,,,,,,,0,,,,10.3741441,,,,,,299.98817445,,,,
,19448491.635,299.9881897,20938.9892578125,13.0063335819516,0.00166134659528323,1,0.999253354069792,40.0298881530762,1.97964417469892,11.4900004118681,70.3542084947586,12.9025337397535,250,-0.0255195844978541,13.0038081404247,0.0289814963073772,299.987854,299.9885254,20879.009765625,20998.96875,56.3890262628713,20.8307316096145,8.884414,0,0,0,40,4449,299.87685,20938.9892578125,,,,,,,,,,,,,0,,,,10.5295868,,,,,,299.9881897,,,,
,19448492.665,299.9883423,20834.0859375,12.993222785787,0.00160627344241082,1,0.999253354069792,40.0298881530762,1.97964417469892,11.4900004118681,70.2844174068257,12.8834380962907,250,-0.0266210541565726,12.9907044393834,0.0278263729536662,299.9881592,299.9885254,20789.162109375,20879.009765625,57.0823307594291,20.8307316096145,8.512546,0,0,0,40,4449,299.8763,20834.0859375,,,,,,,,,,,,,0,,,,10.3741441,,,,,,299.9883423,,,,
,19448493.68,299.9879303,20734.21875,12.9815062611469,0.00142260894525314,1,0.999253354069792,40.0298881530762,1.97980063299136,11.4900004118681,70.2271646312862,12.8689751866692,250,-0.0273074624568658,12.9789932910043,0.0270917324025358,299.9877014,299.9881592,20679.275390625,20789.162109375,57.0330881627176,20.8322515694685,8.512546,0,0,0,40,4449,299.8771,20734.21875,,,,,,,,,,,,,0,,,,10.48039105,,,,,,299.9879303,,,,
,19448494.845,299.98768615,20619.4111328125,12.9575848910339,0.00178665157301197,1,0.999253354069792,40.0298881530762,1.9797438214378,11.4900004118681,70.0965531336824,12.8408048263303,250,-0.028015385303369,12.9550797868303,0.0262843370671039,299.9876709,299.9877014,20559.546875,20679.275390625,56.6454004171791,20.8324803747923,8.512546,0,0,0,40,4449,299.879,20619.4111328125,,,,,,,,,,,,,0,,,,10.48039105,,,,,,299.98768615,,,,
,19448496.05,299.98706055,20494.619140625,12.9479161206679,0.00175032561869565,1,0.999253354069792,40.0298881530762,1.97964881312584,11.4900004118681,70.0372005418827,12.8509555408664,250,-0.0242347273718883,12.9453973827925,0.0300242178256137,299.9864502,299.9876709,20429.69140625,20559.546875,56.2373903301406,20.8302209409854,8.512546,0,0,0,40,4449,299.88185,20494.619140625,,,,,,,,,,,,,0,,,,10.3741441,,,,,,299.98706055,,,,
,19448497.18,299.9862976,20379.7958984375,12.9345762497733,0.00152746770814293,1,0.999253354069792,40.0298881530762,1.97974846760864,11.4900004118681,69.973319275926,12.8122482131703,250,-0.0290367987823157,12.9320806194311,0.0251680387241274,299.986145,299.9864502,20329.900390625,20429.69140625,56.8736359447945,20.8333575873221,7.396941,0,0,0,40,4449,299.8828,20379.7958984375,,,,,,,,,,,,,0,,,,10.5295868,,,,,,299.9862976,,,,
,19448498.305,299.98631285,20269.9970703125,12.9204885363954,0.00154832694736537,1,0.999253354069792,40.0298881530762,1.9797795466405,11.4900004118681,69.8984349679518,12.7971011288046,250,-0.0292628676701232,12.9179966086084,0.0248839143764015,299.986145,299.9864807,20210.09375,20329.900390625,57.2589788047753,20.834770550002,8.512546,0,0,0,40,4449,299.883,20269.9970703125,,,,,,,,,,,,,0,,,,10.3741441,,,,,,299.98631285,,,,
,19448499.375,299.9861145,20165.138671875,12.9100333427856,0.00167936960245576,1,0.999253354069792,40.0298881530762,1.97968505121088,11.4900004118681,69.8347867197391,12.8068342882902,250,-0.0254150861185704,12.9075274054519,0.0286881191246163,299.9857483,299.9864807,20120.18359375,20210.09375,55.8246904719867,20.8320072362521,8.884414,0,0,0,40,4449,299.8826,20165.138671875,,,,,,,,,,,,,0,,,,10.48039105,,,,,,299.9861145,,,,
,19448500.465,299.98579405,20055.279296875,12.8945631767764,0.00184739361787011,1,0.999253354069792,40.0298881530762,1.97957937466808,11.4900004118681,69.7512131597035,12.7706458246594,250,-0.0291166976789374,12.8920759708714,0.0249230911527564,299.9857483,299.9858398,19990.375,20120.18359375,56.8775440873906,20.8379389527332,9.256284,0,0,0,40,4449,299.88405,20055.279296875,,,,,,,,,,,,,0,,,,10.63583375,,,,,,299.98579405,,,,
,19448501.695,299.9849548,19930.412109375,12.8843704339591,0.00145093985847463,1,0.999253354069792,40.0298881530762,1.97973268552837,11.4900004118681,69.6983740118852,12.777531587204,250,-0.0261323953873607,12.8818731286962,0.0278646563498877,299.9840698,299.9858398,19870.44921875,19990.375,56.2241026453136,20.8321766544915,7.396941,0,0,0,40,4449,299.8865,19930.412109375,,,,,,,,,,,,,0,,,,10.3741441,,,,,,299.9849548,,,,
,19448502.775,299.9842529,19825.361328125,12.8760225047982,0.00125808429971508,1,0.999253354069792,40.0298881530762,1.97966126787993,11.4900004118681,69.652580317701,12.7590201285018,250,-0.0279255981734855,12.8735346615917,0.0260376200716296,299.9840698,299.984436,19780.2734375,19870.44921875,56.2029986752944,20.8351264101596,7.396941,0,0,0,40,4449,299.88715,19825.361328125,,,,,,,,,,,,,0,,,,10.3741441,,,,,,299.9842529,,,,
,19448503.765,299.9852905,19725.220703125,12.863644525148,0.00196325257645089,1,0.999253354069792,40.0298881530762,1.97932185194376,11.4900004118681,69.5767004045826,12.7299607424386,250,-0.03061131240587,12.8611698866366,0.0233012329913893,299.984436,299.986145,19670.16796875,19780.2734375,56.7634263235829,20.8435456396148,9.256284,0,0,0,40,4449,299.8882,19725.220703125,,,,,,,,,,,,,0,,,,10.3741441,,,,,,299.9852905,,,,
,19448504.775,299.98590085,19620.1494140625,12.8498299845894,0.0016543219912383,1,0.999253354069792,40.0298881530762,1.97965724192933,11.4900004118681,69.5098603360418,12.7378350719066,250,-0.0269834430160167,12.8473425660954,0.0268713535982106,299.9856567,299.986145,19570.130859375,19670.16796875,57.2370932062368,20.8313666183703,8.884414,0,0,0,40,4449,299.8884,19620.1494140625,,,,,,,,,,,,,0,,,,10.3218117,,,,,,299.98590085,,,,
,19448505.8,299.9850311,19520.24609375,12.8377166355873,0.00171606343008245,1,0.999253354069792,40.0298881530762,1.97980838618909,11.4900004118681,69.4485018661231,12.7322010169559,250,-0.0259551543188183,12.835227726271,0.0278491419261031,299.9844055,299.9856567,19470.361328125,19570.130859375,56.7235632691022,20.8312599963761,8.512546,0,0,0,40,4449,299.8903,19520.24609375,,,,,,,,,,,,,0,,,,10.4772544,,,,,,299.9850311,,,,
,19448506.925,299.98460385,19410.376953125,12.8145298363369,0.00158356383848469,1,0.999253354069792,40.0298881530762,1.97985184031929,11.5000000223517,69.3236729065137,12.7142203552193,250,-0.0250320493784006,12.8120418662132,0.0286757955328577,299.9844055,299.9848022,19350.392578125,19470.361328125,56.699332785006,20.8299473274196,8.512546,0,0,0,40,4449,299.89055,19410.376953125,,,,,,,,,,,,,0,,,,10.3741441,,,,,,299.98460385,,,,
,19448508.065,299.984848,19295.5166015625,12.8056615200273,0.00115844292409577,1,0.999253354069792,40.0298881530762,1.97973311402489,11.4900004118681,69.2743020134008,12.6903442893957,250,-0.0276664429626706,12.803186175461,0.0260057576246814,299.9848022,299.9848938,19240.640625,19350.392578125,57.1432977839291,20.8330726339398,7.396941,0,0,0,40,4449,299.8906,19295.5166015625,,,,,,,,,,,,,0,,,,10.2187014,,,,,,299.984848,,,,
,19448509.08,299.98483275,19190.6650390625,12.7907615636294,0.00168805136871088,1,0.999253354069792,40.0298881530762,1.97975208564718,11.5000000223517,69.1945322417068,12.6746864008664,250,-0.0278215860344264,12.7882898483182,0.0257886578269866,299.9847717,299.9848938,19140.689453125,19240.640625,56.3139899250252,20.8302373274124,8.512546,0,0,0,40,4449,299.89275,19190.6650390625,,,,,,,,,,,,,0,,,,10.2187014,,,,,,299.98483275,,,,
,19448510.11,299.98420715,19085.7470703125,12.7795022979653,0.00160132702016498,1,0.999253354069792,40.0298881530762,1.97984272050982,11.4900004118681,69.136782523255,12.6637093988181,250,-0.0278691644297376,12.7770332830084,0.0256946638954669,299.9836426,299.9847717,19030.8046875,19140.689453125,56.6579064734868,20.8311163229997,8.512546,0,0,0,40,4449,299.89345,19085.7470703125,,,,,,,,,,,,,0,,,,10.3741441,,,,,,299.98420715,,,,
,19448511.21,299.98376465,18975.9189453125,12.7687767321758,0.00123801482975946,1,0.999253354069792,40.0298881530762,1.97956690597806,11.4900004118681,69.0705959766519,12.6447578348488,250,-0.0290681138969316,12.7663150275157,0.0244519877370547,299.9836426,299.9838867,18921.033203125,19030.8046875,56.6883899857368,20.8387463836482,8.512546,0,0,0,40,4449,299.8933,18975.9189453125,,,,,,,,,,,,,0,,,,10.5295868,,,,,,299.98376465,,,,
,19448512.17,299.98335265,18881.126953125,12.757185705943,0.0011424359782927,1,0.999253354069792,40.0298881530762,1.97979168948169,11.5000000223517,69.0137577677837,12.6442908604804,250,-0.0272649585102352,12.7547189136133,0.0262069335839308,299.9828186,299.9838867,18841.220703125,18921.033203125,56.7618630665445,20.8292623399489,8.512546,0,0,0,40,4449,299.8937,18881.126953125,,,,,,,,,,,,,0,,,,10.5295868,,,,,,299.98335265,,,,
,19448513.11,299.9828186,18791.2880859375,12.7430918202153,0.00116639832798742,1,0.999253354069792,40.0298881530762,1.97971294837225,11.4900004118681,68.9328381117352,12.6406200964328,250,-0.0252422225164317,12.7406194172309,0.0281726701367285,299.9828186,299.9828186,18741.35546875,18841.220703125,56.5586396515444,20.8320433244164,8.512546,0,0,0,40,4449,299.8856,18791.2880859375,,,,,,,,,,,,,0,,,,10.3741441,,,,,,299.9828186,,,,
,19448514.145,299.98342895,18691.470703125,12.7287247459848,0.00152338257785925,1,0.999253354069792,40.0298881530762,1.97987694012782,11.4900004118681,68.8644478070465,12.6070728577806,250,-0.0289732062912011,12.7262703333898,0.02438504743997,299.9828186,299.9840393,18641.5859375,18741.35546875,56.4695340003521,20.8389173259319,7.396941,0,0,0,40,4449,299.87625,18691.470703125,,,,,,,,,,,,,0,,,,10.3741441,,,,,,299.98342895,,,,
,19448515.165,299.98339845,18586.6435546875,12.7172502261343,0.00165077432362899,1,0.999253354069792,40.0298881530762,1.97970623239243,11.4900004118681,68.7937643265989,12.6098458154419,250,-0.0261374243974263,12.7147861913214,0.0271729221110683,299.9827576,299.9840393,18531.701171875,18641.5859375,56.7821854080445,20.8336861467047,7.396941,0,0,0,40,4449,299.8769,18586.6435546875,,,,,,,,,,,,,0,,,,10.63583375,,,,,,299.98339845,,,,
,19448516.29,299.9829712,18471.71875,12.705593284273,0.00177101341035808,1,0.999253354069792,40.0298881530762,1.97980763098794,11.4900004118681,68.7342589006379,12.5982804821362,250,-0.0262314834595316,12.7031321712538,0.0270303542181386,299.9827576,299.9831848,18411.736328125,18531.701171875,56.1670437634098,20.8302809157006,7.396941,0,0,0,40,4449,299.88,18471.71875,,,,,,,,,,,,,0,,,,10.63583375,,,,,,299.9829712,,,,
,19448517.41,299.98397825,18361.8095703125,12.6933439851781,0.00152679871775273,1,0.999253354069792,40.0298881530762,1.97962230432263,11.4900004118681,68.6650028665393,12.5672842206781,250,-0.0294798998877447,12.6908984813111,0.0237314021207262,299.9831848,299.9847717,18311.8828125,18411.736328125,57.2073913225061,20.8398065921418,8.512546,0,0,0,40,4449,299.88375,18361.8095703125,,,,,,,,,,,,,0,,,,10.58244515,,,,,,299.98397825,,,,
,19448518.425,299.98435975,18261.9970703125,12.6804084798684,0.00119605282704612,1,0.999253354069792,40.0298881530762,1.97968382499194,11.4900004118681,68.5993897873723,12.5425405090405,250,-0.031728255206531,12.677974785318,0.0214298589961209,299.9839478,299.9847717,18212.111328125,18311.8828125,56.9447641400445,20.8379475007629,8.512546,0,0,0,40,4449,299.88505,18261.9970703125,,,,,,,,,,,,,0,,,,10.42700245,,,,,,299.98435975,,,,
,19448519.525,299.98402405,18152.1904296875,12.6692776561863,0.00128308613554745,1,0.999253354069792,40.0298881530762,1.97976626419593,11.4900004118681,68.5390110530953,12.547932289355,250,-0.0287621198394782,12.6668338777741,0.0243493782410178,299.9839478,299.9841003,18092.26953125,18212.111328125,57.166746639506,20.8370873854213,8.512546,0,0,0,40,4449,299.88645,18152.1904296875,,,,,,,,,,,,,0,,,,10.48039105,,,,,,299.98402405,,,,
,19448520.54,299.9841003,18047.373046875,12.6580363007119,0.00126068964257261,1,0.999253354069792,40.0298881530762,1.97976626419593,11.5000000223517,68.4777590053833,12.5391579077323,250,-0.0283007296496419,12.6555927863572,0.0247639942363181,299.9841003,299.9841003,18002.4765625,18092.26953125,56.8892685151791,20.8370873854213,8.884414,0,0,0,40,4449,299.8886,18047.373046875,,,,,,,,,,,,,0,,,,10.63583375,,,,,,299.9841003,,,,
,19448521.595,299.98426815,17942.548828125,12.6450031295465,0.00167470727294939,1,0.999253354069792,40.0298881530762,1.97979008532855,11.5000000223517,68.4079010052775,12.5272197029163,250,-0.0281192090434064,12.6425613854725,0.0248911488112943,299.9841003,299.984436,17882.62109375,18002.4765625,56.6391473890252,20.8383846169723,8.512546,0,0,0,40,4449,299.8914,17942.548828125,,,,,,,,,,,,,0,,,,10.5295868,,,,,,299.98426815,,,,
,19448522.78,299.98330685,17827.71875,12.6340419280006,0.00133866335576347,1,0.999253354069792,40.0298881530762,1.97965218778772,11.4900004118681,68.3462744617693,12.5030338080212,250,-0.0304026894712814,12.6316123807381,0.0225626224944381,299.9821777,299.984436,17772.81640625,17882.62109375,56.7235632691022,20.8414967371318,8.512546,0,0,0,40,4449,299.89395,17827.71875,,,,,,,,,,,,,0,,,,10.5295868,,,,,,299.98330685,,,,
,19448523.85,299.9826202,17717.8505859375,12.6079295506657,0.00190740294103653,1,0.999253354069792,40.0298881530762,1.97974404304398,11.4900004118681,68.2063098508812,12.487426693563,250,-0.0285522502029793,12.6054977976092,0.0243037908818569,299.9821777,299.9830627,17662.884765625,17772.81640625,56.9979148793522,20.8410421380285,9.256284,0,0,0,40,4449,299.8957,17717.8505859375,,,,,,,,,,,,,0,,,,10.5295868,,,,,,299.9826202,,,,
,19448524.97,299.9827728,17602.98046875,12.5963433549714,0.00167785847671031,1,0.999253354069792,40.0298881530762,1.97938286360459,11.4900004118681,68.1314892010065,12.4738113159034,250,-0.0285117609573296,12.5939136490537,0.0242963052325916,299.9824829,299.9830627,17543.076171875,17662.884765625,57.1941036376791,20.8440917020024,8.512546,0,0,0,40,4449,299.89745,17602.98046875,,,,,,,,,,,,,0,,,,10.5295868,,,,,,299.9827728,,,,
,19448526.105,299.98286435,17493.09765625,12.5809877697038,0.00161550750296888,1,0.999253354069792,40.0298881530762,1.97971936686622,11.4900004118681,68.0583416407073,12.4680865157271,250,-0.0271065129923431,12.578555154889,0.0256377792393487,299.9824829,299.9832458,17443.119140625,17543.076171875,56.8064158921406,20.8364116107276,8.512546,0,0,0,40,4449,299.89765,17493.09765625,,,,,,,,,,,,,0,,,,10.5295868,,,,,,299.98286435,,,,
,19448527.165,299.9832458,17388.2041015625,12.5696549067024,0.00142987625573214,1,0.999253354069792,40.0298881530762,1.97995813527717,11.4900004118681,68.0060051218099,12.4530783305377,250,-0.0280519061393633,12.5672283260581,0.0246455528792353,299.9832458,299.9832458,17333.2890625,17443.119140625,56.0169710877175,20.8400087911744,8.512546,0,0,0,40,4449,299.89955,17388.2041015625,,,,,,,,,,,,,0,,,,10.5295868,,,,,,299.9832458,,,,
,19448528.165,299.9832153,17288.4208984375,12.5575459775918,0.00174883817541914,1,0.999253354069792,40.0298881530762,1.97970814139715,11.4900004118681,67.9313302312336,12.4438329574186,250,-0.027233064749885,12.5551183986419,0.0254137924106662,299.9831848,299.9832458,17243.552734375,17333.2890625,56.9424192544868,20.840300664461,8.512546,0,0,0,40,4449,299.902,17288.4208984375,,,,,,,,,,,,,0,,,,10.5295868,,,,,,299.9832153,,,,
,19448529.2,299.98390195,17183.6103515625,12.5440697980751,0.00140764766709972,1,0.999253354069792,40.0298881530762,1.97975762029225,11.4900004118681,67.8614144204653,12.4235940580707,250,-0.0285335948371033,12.5416500229717,0.0240576462220654,299.9831848,299.9846191,17123.66796875,17243.552734375,56.3210245816983,20.842830625976,8.512546,0,0,0,40,4449,299.90325,17183.6103515625,,,,,,,,,,,,,0,,,,10.63583375,,,,,,299.98390195,,,,
,19448530.27,299.9838867,17073.740234375,12.5310428396503,0.00168982848319463,1,0.999253354069792,40.0298881530762,1.97947023304315,11.4900004118681,67.7827352844348,12.4014193828294,250,-0.0298946629093516,12.5286313495595,0.0226429288516166,299.9831543,299.9846191,17023.8125,17123.66796875,56.9775925378522,20.8440426410139,8.512546,0,0,0,40,4449,299.90435,17073.740234375,,,,,,,,,,,,,0,,,,10.48039105,,,,,,299.9838867,,,,
,19448531.205,299.9831543,16983.923828125,12.521123897302,0.00200386639028749,1,0.999253354069792,40.0298881530762,1.97975216907154,11.4900004118681,67.735898860687,12.4073137389667,250,-0.0272846362568245,12.518703758746,0.025211404917569,299.9831543,299.9831543,16944.03515625,17023.8125,56.2780350131406,20.8356663972593,7.396941,0,0,0,40,4449,299.90525,16983.923828125,,,,,,,,,,,,,0,,,,10.3741441,,,,,,299.9831543,,,,
,19448532.195,299.98423765,16889.0625,12.5069304502968,0.00162438939039631,1,0.999253354069792,40.0298881530762,1.97973458814589,11.5000000223517,67.6593501194762,12.388703137342,250,-0.0280749564676286,12.5045159524648,0.0243622276195815,299.9831543,299.985321,16834.08984375,16944.03515625,56.6727574153522,20.8388298504756,8.512546,0,0,0,40,4449,299.9067,16889.0625,,,,,,,,,,,,,0,,,,10.3741441,,,,,,299.98423765,,,,
,19448533.275,299.9847717,16779.1640625,12.4943269599608,0.00129413088786785,1,0.999253354069792,40.0298881530762,1.9797804118784,11.4900004118681,67.593937510087,12.369784810247,250,-0.0292887577627196,12.4919197919812,0.0230965153544086,299.9842224,299.985321,16724.23828125,16834.08984375,56.7946914643522,20.8386868228481,8.884414,0,0,0,40,4449,299.9078,16779.1640625,,,,,,,,,,,,,0,,,,10.3741441,,,,,,299.9847717,,,,
,19448534.29,299.9841156,16674.2021484375,12.4854310077032,0.00188479728347114,1,0.999253354069792,40.0298881530762,1.97970871702788,11.4900004118681,67.5421334467125,12.367512244363,250,-0.0279794642653923,12.4830203848384,0.0243689808475518,299.9840088,299.9842224,16624.166015625,16724.23828125,56.2498963864483,20.8335258902127,7.396941,0,0,0,40,4449,299.90845,16674.2021484375,,,,,,,,,,,,,0,,,,10.5295868,,,,,,299.9841156,,,,
,19448535.305,299.98417665,16574.19921875,12.47172851159,0.00172172970994654,1,0.999253354069792,40.0298881530762,1.97968967741,11.4900004118681,67.4664435281168,12.358840950719,250,-0.027021588443149,12.4693165451878,0.0252699983005432,299.9840088,299.9843445,16524.232421875,16624.166015625,56.5727089648906,20.8413697839472,8.884414,0,0,0,40,4449,299.90865,16574.19921875,,,,,,,,,,,,,0,,,,10.5295868,,,,,,299.98417665,,,,
,19448536.235,299.98461915,16484.0234375,12.4579237402963,0.00155281872989297,1,0.999253354069792,40.0298881530762,1.97976975194025,11.5000000223517,67.3945979195725,12.3447060618609,250,-0.0271665403229487,12.4555149082478,0.0250678886879436,299.9843445,299.9848938,16443.814453125,16524.232421875,56.729816297256,20.8401553353121,9.256284,0,0,0,40,4449,299.9089,16484.0234375,,,,,,,,,,,,,0,,,,10.5295868,,,,,,299.98461915,,,,
,19448537.195,299.9850769,16383.8149414062,12.4468565814033,0.00188282610576748,1,0.999253354069792,40.0298881530762,1.97977782944171,11.4900004118681,67.3360331805701,12.3281814432032,250,-0.0281799678808892,12.4444539611382,0.0240089849908859,299.9848938,299.98526,16323.8154296875,16443.814453125,56.5000175126021,20.8416518492907,8.512546,0,0,0,40,4449,299.9094,16383.8149414062,,,,,,,,,,,,,0,,,,10.63583375,,,,,,299.9850769,,,,
,19448538.26,299.98468015,16273.8735351562,12.4318060941254,0.00165038579204087,1,0.999253354069792,40.0298881530762,1.97972562496035,11.4900004118681,67.2527647566375,12.3135936458965,250,-0.0280290535639633,12.4294060014963,0.024097503389528,299.9841003,299.98526,16223.931640625,16323.8154296875,56.5867782782368,20.8321731974533,9.256284,0,0,0,40,4449,299.9102,16273.8735351562,,,,,,,,,,,,,0,,,,10.63583375,,,,,,299.98468015,,,,
,19448539.22,299.9850006,16179.0107421875,12.4206288031504,0.0017504132624667,1,0.999253354069792,40.0298881530762,1.97989028511117,11.4900004118681,67.1981215251033,12.3015088730275,250,-0.0283765206155383,12.4182322186449,0.0237039358770628,299.9841003,299.9859009,16134.08984375,16223.931640625,56.0193159732752,20.8415996913464,8.512546,0,0,0,40,4449,299.9106,16179.0107421875,,,,,,,,,,,,,0,,,,10.63583375,,,,,,299.9850006,,,,
,19448540.24,299.98518375,16079.0654296875,12.4093082864974,0.00154821440783297,1,0.999253354069792,40.0298881530762,1.97974814547041,11.4900004118681,67.1338102153991,12.2806074797646,250,-0.0299840594040091,12.4069205806015,0.0220500009043009,299.9844666,299.9859009,16024.041015625,16134.08984375,56.8626931455252,20.8379015960778,9.256284,0,0,0,40,4449,299.91095,16079.0654296875,,,,,,,,,,,,,0,,,,10.63583375,,,,,,299.98518375,,,,
,19448541.295,299.9849854,15974.1235351562,12.3944418185521,0.00129862565516551,1,0.999253354069792,40.0298881530762,1.97982860651025,11.5000000223517,67.0538870081668,12.2780002039691,250,-0.0278005626004573,12.392047968315,0.0241716893821736,299.9844666,299.9855042,15924.2060546875,16024.041015625,56.6297678467945,20.8385785927389,7.396941,0,0,0,40,4449,299.9104,15974.1235351562,,,,,,,,,,,,,0,,,,10.5295868,,,,,,299.9849854,,,,
,19448542.38,299.9854279,15864.2797851562,12.386291918466,0.00139204273453045,1,0.999253354069792,40.0298881530762,1.9795777324525,11.4900004118681,67.0012360724739,12.2698996453561,250,-0.0275077440387593,12.3838981990152,0.024431228372994,299.9853516,299.9855042,15804.353515625,15924.2060546875,56.790783321756,20.8399672463328,8.512546,0,0,0,40,4449,299.9101,15864.2797851562,,,,,,,,,,,,,0,,,,10.5295868,,,,,,299.9854279,,,,
,19448543.535,299.98568725,15749.46875,12.3656500521112,0.0020443605157057,1,0.999253354069792,40.0298881530762,1.97991836299354,11.4900004118681,66.9017676973252,12.2463078432022,250,-0.0284240493737747,12.363264174101,0.0234292319073212,299.9853516,299.9860229,15694.583984375,15804.353515625,57.169873153583,20.8369753519016,8.512546,0,0,0,40,4449,299.91135,15749.46875,,,,,,,,,,,,,0,,,,10.63583375,,,,,,299.98568725,,,,
,19448544.555,299.986618,15649.6396484375,12.3568112263772,0.00178509979299862,1,0.999253354069792,40.0298881530762,1.97966574357465,11.4900004118681,66.8448114312105,12.2404140471566,250,-0.027594202387166,12.3544231331463,0.0242229296234998,299.9860229,299.9872131,15604.6953125,15694.583984375,56.4875114562944,20.8343609498467,9.256284,0,0,0,40,4449,299.91,15649.6396484375,,,,,,,,,,,,,0,,,,10.63583375,,,,,,299.986618,,,,
,19448545.535,299.9868469,15554.7998046875,12.3444761964343,0.00196659539359599,1,0.999253354069792,40.0298881530762,1.97966574357465,11.4900004118681,66.7777221224908,12.2301434070402,250,-0.0272073087678369,12.3420887835539,0.0245590007722186,299.9864807,299.9872131,15504.904296875,15604.6953125,57.5591241561599,20.8343609498467,8.512546,0,0,0,40,4449,299.90895,15554.7998046875,,,,,,,,,,,,,0,,,,10.63583375,,,,,,299.9868469,,,,
,19448546.57,299.98667905,15449.9609375,12.3338008687806,0.00173828615757101,1,0.999253354069792,40.0298881530762,1.97976343439824,11.4900004118681,66.7238717262354,12.2164534158177,250,-0.0278687500304593,12.3314184288349,0.0238533543084874,299.9864807,299.9868774,15395.017578125,15504.904296875,57.1253203279868,20.8413914577452,8.512546,0,0,0,40,4449,299.911,15449.9609375,,,,,,,,,,,,,0,,,,10.48039105,,,,,,299.98667905,,,,
,19448547.625,299.9872131,15340.0766601562,12.3161885674481,0.00221202985667052,1,0.999253354069792,40.0298881530762,1.97976343439824,11.4900004118681,66.629362363636,12.1948450360671,250,-0.0285995499165568,12.3138124533216,0.0230495376758604,299.9868774,299.9875488,15285.1357421875,15395.017578125,56.2248842738329,20.8413914577452,8.512546,0,0,0,40,4449,299.91195,15340.0766601562,,,,,,,,,,,,,0,,,,10.2187014,,,,,,299.9872131,,,,
,19448548.675,299.98808285,15235.1752929687,12.3031280363569,0.00161287165729329,1,0.999253354069792,40.0298881530762,1.97985144769294,11.4900004118681,66.5627939214472,12.1759461233916,250,-0.0297714092384437,12.3007589764615,0.0218243333016161,299.9875488,299.9886169,15185.21484375,15285.1357421875,56.8337728903137,20.8432531165158,9.256284,0,0,0,40,4449,299.91025,15235.1752929687,,,,,,,,,,,,,0,,,,10.3741441,,,,,,299.98808285,,,,
,19448549.76,299.98802185,15130.2612304687,12.2945604932477,0.00166748785276384,1,0.999253354069792,40.0298881530762,1.97977620247201,11.5000000223517,66.5099281699138,12.1888425819749,250,-0.0257154273423371,12.2921760933284,0.0258445855935279,299.9874268,299.9886169,15075.3076171875,15185.21484375,56.953362053756,20.8373581321204,8.512546,0,0,0,40,4449,299.90935,15130.2612304687,,,,,,,,,,,,,0,,,,10.3741441,,,,,,299.98802185,,,,
,19448550.835,299.9874878,15025.474609375,12.2663385458839,0.00141665368955551,1,0.999253354069792,40.0298881530762,1.97957618338934,11.4900004118681,66.3547500348658,12.1379173909987,250,-0.0296793995462143,12.2639766431148,0.0217639966027508,299.9874268,299.9875488,14975.6416015625,15075.3076171875,57.2699216040445,20.8442521631773,7.396941,0,0,0,40,4449,299.9089,15025.474609375,,,,,,,,,,,,,0,,,,10.3741441,,,,,,299.9874878,,,,
,19448551.935,299.9872894,14915.5581054687,12.2543544478051,0.00116500994988349,1,0.999253354069792,40.0298881530762,1.97989865580163,11.4900004118681,66.2983401105958,12.139390461916,250,-0.0275425490153214,12.2519860005067,0.023851242822252,299.98703,299.9875488,14855.474609375,14975.6416015625,56.8751992018329,20.8364855493621,7.396941,0,0,0,40,4449,299.90785,14915.5581054687,,,,,,,,,,,,,0,,,,10.63583375,,,,,,299.9872894,,,,
,19448553.125,299.98687745,14795.7719726562,12.2416515622093,0.00186945078395049,1,0.999253354069792,40.0298881530762,1.97979784671919,11.4900004118681,66.2255433004278,12.1304282020519,250,-0.0267339520973431,12.2392823902979,0.0246074031227057,299.9867249,299.98703,14736.0693359375,14855.474609375,57.159711982833,20.8377915537557,9.256284,0,0,0,40,4449,299.9076,14795.7719726562,,,,,,,,,,,,,0,,,,10.63583375,,,,,,299.98687745,,,,
,19448554.15,299.98770145,14691.1884765625,12.2255829931002,0.0015411548408829,1,0.999253354069792,40.0298881530762,1.9797043059986,11.4900004118681,66.1396151068725,12.0921013296263,250,-0.0307394516555903,12.2232334415014,0.0205359919319165,299.9867249,299.988678,14646.3076171875,14736.0693359375,56.5547315089483,20.8430636749381,8.512546,0,0,0,40,4449,299.9084,14691.1884765625,,,,,,,,,,,,,0,,,,10.63583375,,,,,,299.98770145,,,,
,19448555.125,299.9881897,14591.34765625,12.2136392054662,0.00202469810256499,1,0.999253354069792,40.0298881530762,1.97969482602629,11.5000000223517,66.0715436861634,12.0971980150817,250,-0.0275725319284134,12.2112784973533,0.0236529959954706,299.9877014,299.988678,14536.3876953125,14646.3076171875,56.2053435608521,20.8403550718315,8.512546,0,0,0,40,4449,299.90825,14591.34765625,,,,,,,,,,,,,0,,,,10.6886921,,,,,,299.9881897,,,,
,19448556.225,299.9886322,14481.462890625,12.2018898375207,0.00161566918199642,1,0.999253354069792,40.0298881530762,1.97962438145224,11.4900004118681,66.0055783983706,12.0857481227238,250,-0.0274349408672903,12.1995306185035,0.0237425199499095,299.9877014,299.989563,14426.5380859375,14536.3876953125,56.9486722826406,20.8388976868639,8.512546,0,0,0,40,4449,299.9064,14481.462890625,,,,,,,,,,,,,0,,,,10.58244515,,,,,,299.9886322,,,,
,19448557.185,299.989563,14386.5439453125,12.1852236586457,0.00179440306115764,1,0.999253354069792,40.0298881530762,1.97987576644436,11.4900004118681,65.9243784620484,12.0664557527824,250,-0.0281899380319193,12.1828704559886,0.0229189558312111,299.989563,299.989563,14346.5498046875,14426.5380859375,56.8165770628906,20.8396426722573,9.256284,0,0,0,40,4449,299.90425,14386.5439453125,,,,,,,,,,,,,0,,,,10.63583375,,,,,,299.989563,,,,
,19448558.13,299.98924255,14291.6162109375,12.1762009034221,0.00145644717494223,1,0.999253354069792,40.0298881530762,1.97974221520346,11.4900004118681,65.86997677573,12.0634856938057,250,-0.0269199048377725,12.1738442933097,0.024151470490797,299.9889221,299.989563,14236.6826171875,14346.5498046875,57.0792042453522,20.8368299436798,8.512546,0,0,0,40,4449,299.90505,14291.6162109375,,,,,,,,,,,,,0,,,,10.48039105,,,,,,299.98924255,,,,
,19448559.225,299.98805235,14181.8115234375,12.1619738493786,0.00176587848991048,1,0.999253354069792,40.0298881530762,1.97982550793853,11.4900004118681,65.7969855884852,12.043031046797,250,-0.0281568480583218,12.1596257592595,0.0228560263669474,299.9871826,299.9889221,14126.9404296875,14236.6826171875,57.1651833824676,20.8404085827394,7.396941,0,0,0,40,4449,299.90475,14181.8115234375,,,,,,,,,,,,,0,,,,10.3741441,,,,,,299.98805235,,,,
,19448560.24,299.9878082,14081.9814453125,12.150419265787,0.00142719351292469,1,0.999253354069792,40.0298881530762,1.9798220336793,11.4900004118681,65.7342997000592,12.031906328328,250,-0.0280685755808982,12.1480731748679,0.0228966963278045,299.9871826,299.9884338,14037.0224609375,14126.9404296875,57.5974239536023,20.8397565647375,9.256284,0,0,0,40,4449,299.90425,14081.9814453125,,,,,,,,,,,,,0,,,,10.3741441,,,,,,299.9878082,,,,
,19448561.295,299.98864745,13977.1440429688,12.1385374370506,0.00156037744131428,1,0.999253354069792,40.0298881530762,1.97986876045428,11.4900004118681,65.6714482182841,12.0208460853358,250,-0.0279624918281068,12.1361928619168,0.0229536959678189,299.9884338,299.9888611,13917.265625,14037.0224609375,57.6279074658522,20.8406906663419,8.512546,0,0,0,40,4449,299.90445,13977.1440429688,,,,,,,,,,,,,0,,,,10.3741441,,,,,,299.98864745,,,,
,19448562.415,299.988739,13862.3759765625,12.1242486688372,0.00151796189681939,1,0.999253354069792,40.0298881530762,1.9798777084978,11.4900004118681,65.5950052569051,12.0036576013519,250,-0.0285022155571872,12.1219091142995,0.0223552090696334,299.9886169,299.9888611,13807.486328125,13917.265625,57.5505262424484,20.8390048350851,9.256284,0,0,0,40,4449,299.9036,13862.3759765625,,,,,,,,,,,,,0,,,,10.5295868,,,,,,299.988739,,,,
,19448563.535,299.98968505,13752.533203125,12.1106789408953,0.00183364534154861,1,0.999253354069792,40.0298881530762,1.97984390852762,11.5000000223517,65.5207296482942,11.9887631882622,250,-0.0287041256830945,12.1083424773445,0.0220973304567885,299.9886169,299.9907532,13697.580078125,13807.486328125,56.7696793517368,20.8362118691072,8.884414,0,0,0,40,4449,299.9033,13752.533203125,,,,,,,,,,,,,0,,,,10.63583375,,,,,,299.98968505,,,,
,19448564.785,299.9897919,13632.6264648438,12.0844456007575,0.00122895969569319,1,0.999253354069792,40.0298881530762,1.97989589467756,11.4900004118681,65.3800726625479,11.9652798464274,250,-0.0282397213543993,12.0821123859655,0.0224524299071368,299.9888306,299.9907532,13567.6728515625,13697.580078125,56.6938613853714,20.8372357415509,8.512546,0,0,0,40,4449,299.9038,13632.6264648438,,,,,,,,,,,,,0,,,,10.7420807,,,,,,299.9897919,,,,
,19448566.015,299.98832705,13507.796875,12.0722211830807,0.00172272976400036,1,0.999253354069792,40.0298881530762,1.97983684339891,11.4900004118681,65.3115758869582,11.9553227674835,250,-0.0277508285598617,12.0698889685718,0.0228908059440923,299.9878235,299.9888306,13447.9208984375,13567.6728515625,57.0940551872176,20.8361401881186,7.396941,0,0,0,40,4449,299.9043,13507.796875,,,,,,,,,,,,,0,,,,10.48039105,,,,,,299.98832705,,,,
,19448567.085,299.98832705,13397.9184570312,12.0578985447276,0.00152231425800844,1,0.999253354069792,40.0298881530762,1.97977773899117,11.4900004118681,65.2324704396806,11.9392751620318,250,-0.0279992710871467,12.05557017807,0.0225833858854739,299.9878235,299.9888306,13347.916015625,13447.9208984375,56.4640626007175,20.8431479205837,9.256284,0,0,0,40,4449,299.90325,13397.9184570312,,,,,,,,,,,,,0,,,,10.3741441,,,,,,299.98832705,,,,
,19448568.155,299.98921205,13293.0278320312,12.0454313225191,0.00160316710187313,1,0.999253354069792,40.0298881530762,1.97977779991292,11.4900004118681,65.1651597373287,11.9261931124024,250,-0.0281074487140811,12.0431054727119,0.0224237033929814,299.9888306,299.9895935,13238.1396484375,13347.916015625,57.1855057239676,20.8378093470681,7.396941,0,0,0,40,4449,299.9034,13293.0278320312,,,,,,,,,,,,,0,,,,10.3741441,,,,,,299.98921205,,,,
,19448569.17,299.9896698,13192.7631835938,12.0327474553089,0.00201540218975121,1,0.999253354069792,40.0298881530762,1.97985346279978,11.4900004118681,65.0992879294038,11.9123413253747,250,-0.0283999613339214,12.0304251221362,0.0220788964961533,299.9895935,299.9897461,13147.38671875,13238.1396484375,56.8392442899483,20.8399252820667,9.256284,0,0,0,40,4449,299.90295,13192.7631835938,,,,,,,,,,,,,0,,,,10.2187014,,,,,,299.9896698,,,,
,19448570.085,299.9897461,13097.3090820312,12.0187647503938,0.00139341735935407,1,0.999253354069792,40.0298881530762,1.97982473685738,11.5000000223517,65.0233644397311,11.8948444920165,250,-0.0290125260643456,12.0164476933586,0.0214088240308722,299.9897461,299.9897461,13047.2314453125,13147.38671875,56.5594212800637,20.84269653807,8.512546,0,0,0,40,4449,299.90145,13097.3090820312,,,,,,,,,,,,,0,,,,10.2187014,,,,,,299.9897461,,,,
,19448571.155,299.98986815,12987.2651367188,12.0047701681447,0.0021917295672748,1,0.999253354069792,40.0298881530762,1.97982799348126,11.4900004118681,64.9457618635364,11.8917627161901,250,-0.0269917029041437,12.0024473468367,0.0233713042907523,299.9897461,299.9899902,12927.298828125,13047.2314453125,56.6289862182752,20.8383380249524,9.256284,0,0,0,40,4449,299.90175,12987.2651367188,,,,,,,,,,,,,0,,,,10.48039105,,,,,,299.98986815,,,,
,19448572.345,299.9904327,12872.4326171875,11.9924880597594,0.00212646511919842,1,0.999253354069792,40.0298881530762,1.97984264428962,11.4900004118681,64.8825178907793,11.8649290471478,250,-0.0296927403443204,11.990178753188,0.0206199096744771,299.9899902,299.9908752,12817.56640625,12927.298828125,56.3468183228329,20.8395682757054,9.256284,0,0,0,40,4449,299.903,12872.4326171875,,,,,,,,,,,,,0,,,,10.7420807,,,,,,299.9904327,,,,
,19448573.345,299.9908752,12772.5874023437,11.9768321125573,0.0012210671311518,1,0.999253354069792,40.0298881530762,1.97987014006747,11.4900004118681,64.7968202682811,11.8596906403382,250,-0.0277888781808962,11.9745177211556,0.0224585590366361,299.9908752,299.9908752,12727.6083984375,12817.56640625,57.3160376866791,20.8327264028999,9.256284,0,0,0,40,4449,299.9025,12772.5874023437,,,,,,,,,,,,,0,,,,10.63583375,,,,,,299.9908752,,,,
,19448574.385,299.99012755,12667.6455078125,11.9649785045091,0.00181133037140331,1,0.999253354069792,40.0298881530762,1.97980780656304,11.4900004118681,64.7306644144052,11.8478032022519,250,-0.0277218134358473,11.9626665709286,0.0224758495244569,299.9893799,299.9908752,12607.6826171875,12727.6083984375,56.8947399148137,20.8431064117623,8.512546,0,0,0,40,4449,299.90665,12667.6455078125,,,,,,,,,,,,,0,,,,10.5295868,,,,,,299.99012755,,,,
,19448575.58,299.9893341,12552.7275390625,11.9515772831329,0.00185279995138653,1,0.999253354069792,40.0298881530762,1.97980645048323,11.4900004118681,64.6566477115984,11.8424789106459,250,-0.0262198160470689,11.9492621389883,0.0239211054642369,299.9892883,299.9893799,12497.7724609375,12607.6826171875,57.3301070000253,20.837844436987,8.512546,0,0,0,40,4449,299.9121,12552.7275390625,,,,,,,,,,,,,0,,,,10.5295868,,,,,,299.9893341,,,,
,19448576.68,299.9892578,12442.8188476563,11.9366423665986,0.00146042481320688,1,0.999253354069792,40.0298881530762,1.97976716093105,11.4900004118681,64.5775963219502,11.8113002115494,250,-0.0291744127705094,11.9343426238879,0.0209050583111627,299.9892273,299.9892883,12387.865234375,12497.7724609375,56.8283014906791,20.8404238280064,9.256284,0,0,0,40,4449,299.9132,12442.8188476563,,,,,,,,,,,,,0,,,,10.63583375,,,,,,299.9892578,,,,
,19448577.805,299.9899292,12328.0712890625,11.9084735318262,0.00153550882457718,1,0.999253354069792,40.0298881530762,1.98000043747845,11.4900004118681,64.4325895203263,11.7848605132672,250,-0.029092143289141,11.906178744536,0.0208704177583065,299.9892273,299.9906311,12268.27734375,12387.865234375,56.3061736398329,20.8423904955429,7.396941,0,0,0,40,4449,299.91105,12328.0712890625,,,,,,,,,,,,,0,,,,10.7420807,,,,,,299.9899292,,,,
,19448578.99,299.9899292,12208.322265625,11.8934637695309,0.00137938793549956,1,0.999253354069792,40.0298881530762,1.97994459245991,11.4900004118681,64.3482919547812,11.7767687970038,250,-0.0277465728793694,11.8911662513667,0.0221541445901666,299.9892273,299.9906311,12148.3671875,12268.27734375,56.238953587179,20.8412579490903,8.512546,0,0,0,40,4449,299.90845,12208.322265625,,,,,,,,,,,,,0,,,,10.63583375,,,,,,299.9899292,,,,
,19448580.075,299.98999025,12098.4267578125,11.883118732259,0.0016554561781663,1,0.999253354069792,40.0298881530762,1.97989915597185,11.4900004118681,64.2911694643827,11.7647092377745,250,-0.0280104228461979,11.8808243087791,0.0218478469324018,299.9892273,299.9907532,12048.486328125,12148.3671875,56.9416376259676,20.8384049985395,8.512546,0,0,0,40,4449,299.908,12098.4267578125,,,,,,,,,,,,,0,,,,10.63583375,,,,,,299.98999025,,,,
,19448581.2,299.9906311,11988.6010742187,11.8669849117662,0.00149805168351295,1,0.999253354069792,40.0298881530762,1.97982008007583,11.4900004118681,64.2032776833828,11.7380319720933,250,-0.0298677851807464,11.8647012123777,0.0199238349211459,299.990509,299.9907532,11928.7158203125,12048.486328125,57.0338697912368,20.841867432582,7.396941,0,0,0,40,4449,299.90875,11988.6010742187,,,,,,,,,,,,,0,,,,10.48039105,,,,,,299.9906311,,,,
,19448582.36,299.99067685,11873.69921875,11.8538207786411,0.0018929676339467,1,0.999253354069792,40.0298881530762,1.97979614875659,11.4900004118681,64.1279967256113,11.7426860113035,250,-0.0265414239532603,11.8515256920126,0.0231951836238447,299.990509,299.9908447,11818.6826171875,11928.7158203125,56.7618630665445,20.8358390647878,8.512546,0,0,0,40,4449,299.9085,11873.69921875,,,,,,,,,,,,,0,,,,10.3741441,,,,,,299.99067685,,,,
,19448583.325,299.990509,11773.6064453125,11.8412914475164,0.00166225903700206,1,0.999253354069792,40.0298881530762,1.9798270359691,11.4900004118681,64.0621076081097,11.7254984172636,250,-0.0274306162091883,11.8390026026771,0.0222547197165622,299.9901733,299.9908447,11728.5302734375,11818.6826171875,56.147503050429,20.8423961934168,8.884414,0,0,0,40,4449,299.90655,11773.6064453125,,,,,,,,,,,,,0,,,,10.63583375,,,,,,299.990509,,,,
,19448584.36,299.990509,11668.6323242187,11.8303597995401,0.00197116042999393,1,0.999253354069792,40.0298881530762,1.97981936775974,11.5000000223517,64.0031137096494,11.7125297712126,250,-0.0277946395179062,11.8280745971854,0.0218460041979108,299.9901733,299.9908447,11608.734375,11728.5302734375,56.8798889729483,20.8363049823528,8.884414,0,0,0,40,4449,299.90485,11668.6323242187,,,,,,,,,,,,,0,,,,10.7420807,,,,,,299.990509,,,,
,19448585.53,299.990448,11553.869140625,11.8145971361461,0.00166379036211274,1,0.999253354069792,40.0298881530762,1.98003172765637,11.4900004118681,63.9254215174512,11.6933043139545,250,-0.0286542216162237,11.8123186676578,0.0209215115720453,299.9900513,299.9908447,11499.00390625,11608.734375,57.119067299833,20.8400470897811,7.396941,0,0,0,40,4449,299.90375,11553.869140625,,,,,,,,,,,,,0,,,,10.7420807,,,,,,299.990448,,,,
,19448586.545,299.9906311,11454.0200195312,11.7991825258472,0.00176683231715063,1,0.999253354069792,40.0298881530762,1.9799300559291,11.4900004118681,63.839732641625,11.6725360788915,250,-0.0295287679013992,11.7969106906572,0.0199833764558255,299.9900513,299.9912109,11409.0361328125,11499.00390625,56.9244417985445,20.8378837749536,7.396941,0,0,0,40,4449,299.9028,11454.0200195312,,,,,,,,,,,,,0,,,,10.63583375,,,,,,299.9906311,,,,
,19448587.575,299.99064635,11349.0532226562,11.7868965286643,0.00184003218862311,1,0.999253354069792,40.0298881530762,1.97989846701108,11.4900004118681,63.7711835994387,11.6660378664266,250,-0.0284195852389732,11.7846224336479,0.0210417767690029,299.9900818,299.9912109,11289.0703125,11409.0361328125,56.7524835243137,20.8427645983775,8.884414,0,0,0,40,4449,299.9016,11349.0532226562,,,,,,,,,,,,,0,,,,10.5295868,,,,,,299.99064635,,,,
,19448588.665,299.9901581,11239.080078125,11.7734072822516,0.00149771594946859,1,0.999253354069792,40.0298881530762,1.97996018443384,11.4900004118681,63.6977673109806,11.6658352390043,250,-0.0260220476176698,11.7711260145043,0.0233829038204263,299.9900818,299.9902344,11189.08984375,11289.0703125,56.2264475308713,20.8432381508281,8.512546,0,0,0,40,4449,299.9022,11239.080078125,,,,,,,,,,,,,0,,,,10.5295868,,,,,,299.9901581,,,,
,19448589.66,299.9896698,11139.1176757813,11.7603307173023,0.00182247697271103,1,0.999253354069792,40.0298881530762,1.97996373151286,11.4900004118681,63.6297435162843,11.6388096891775,250,-0.0285990610543477,11.7580630574799,0.020752302386354,299.9891052,299.9902344,11089.1455078125,11189.08984375,56.9549253107945,20.8443415066351,8.884414,0,0,0,40,4449,299.902,11139.1176757813,,,,,,,,,,,,,0,,,,10.63583375,,,,,,299.9896698,,,,
,19448590.735,299.98916625,11034.1953125,11.7478255649439,0.00140573603551751,1,0.999253354069792,40.0298881530762,1.97993497846244,11.4900004118681,63.559034391314,11.6378631593362,250,-0.0264258006563456,11.7455514489029,0.0228736447526488,299.9891052,299.9892273,10979.2451171875,11089.1455078125,56.8751992018329,20.836386327962,7.396941,0,0,0,40,4449,299.90075,11034.1953125,,,,,,,,,,,,,0,,,,10.48039105,,,,,,299.98916625,,,,
,19448591.81,299.9891815,10929.220703125,11.7183546877005,0.00142813157841644,1,0.999253354069792,40.0298881530762,1.97990100018679,11.4900004118681,63.3988577693536,11.6066899283049,250,-0.0266901652405547,11.7160875809647,0.0224864792266878,299.9891357,299.9892273,10879.1962890625,10979.2451171875,56.9955699937945,20.8380506300158,7.396941,0,0,0,40,4449,299.90045,10929.220703125,,,,,,,,,,,,,0,,,,10.3741441,,,,,,299.9891815,,,,
,19448592.92,299.9894409,10819.26953125,11.7066802884542,0.00182309320238829,1,0.999253354069792,40.0298881530762,1.98012826633765,11.4900004118681,63.3448629425236,11.5852281381859,250,-0.0287347376729207,11.704423925944,0.0203943191232481,299.9891357,299.9897461,10759.3427734375,10879.1962890625,56.8681645451599,20.845697476272,8.512546,0,0,0,40,4449,299.8994,10819.26953125,,,,,,,,,,,,,0,,,,10.63583375,,,,,,299.9894409,,,,
,19448594.06,299.99020385,10704.3940429688,11.6913944971338,0.00150137552191124,1,0.999253354069792,40.0298881530762,1.97998548128828,11.4900004118681,63.2556859101322,11.5801480273987,250,-0.0266896055332261,11.6891322616335,0.0223755903305326,299.9897461,299.9906616,10649.4453125,10759.3427734375,57.2480360055061,20.8442882744666,7.396941,0,0,0,40,4449,299.9,10704.3940429688,,,,,,,,,,,,,0,,,,10.63583375,,,,,,299.99020385,,,,
,19448595.07,299.9903259,10599.3999023438,11.6764435783187,0.00146955918159387,1,0.999253354069792,40.0298881530762,1.97989761015947,11.4900004118681,63.1717905020248,11.5662897396682,250,-0.0263875599383424,11.6741830199103,0.0226152487889141,299.9899902,299.9906616,10549.3544921875,10649.4453125,57.5692853269099,20.8410317419117,7.396941,0,0,0,40,4449,299.9017,10599.3999023438,,,,,,,,,,,,,0,,,,10.63583375,,,,,,299.9903259,,,,
,19448596.055,299.98963925,10499.4521484375,11.6632568852171,0.00185319763988506,1,0.999253354069792,40.0298881530762,1.97999653293186,11.4900004118681,63.1062476035563,11.5391035297946,250,-0.0290745440656565,11.66101047494,0.0198745361202951,299.9892883,299.9899902,10449.5498046875,10549.3544921875,56.729816297256,20.8417155868618,8.512546,0,0,0,40,4449,299.89985,10499.4521484375,,,,,,,,,,,,,0,,,,10.63583375,,,,,,299.98963925,,,,
,19448597.185,299.9889526,10389.55859375,11.6478740014575,0.00176828780437399,1,0.999253354069792,40.0298881530762,1.97997635484916,11.5000000223517,63.0195970516465,11.5388334905835,250,-0.026251877995636,11.645619068845,0.0226330888365519,299.9886169,299.9892883,10329.5673828125,10449.5498046875,56.6156985334483,20.8422663921859,8.512546,0,0,0,40,4449,299.8986,10389.55859375,,,,,,,,,,,,,0,,,,10.3741441,,,,,,299.9889526,,,,
,19448598.31,299.9893646,10279.5405273438,11.635842694636,0.00120668959987312,1,0.999253354069792,40.0298881530762,1.97994058000403,11.4900004118681,62.9546848761224,11.5197406746331,250,-0.0275141407054723,11.633595286201,0.0213210055606467,299.9886169,299.9901123,10229.513671875,10329.5673828125,57.1550222117176,20.8374135103251,9.256284,0,0,0,40,4449,299.90045,10279.5405273438,,,,,,,,,,,,,0,,,,10.48039105,,,,,,299.9893646,,,,
,19448599.345,299.98934935,10174.5112304688,11.6215879153726,0.00150926613694721,1,0.999253354069792,40.0298881530762,1.97978569615057,11.4900004118681,62.8721364753776,11.5081269292834,250,-0.0268568643761631,11.6193405668408,0.0219192043165833,299.9885864,299.9901123,10119.5087890625,10229.513671875,56.9236601700253,20.8370228466535,8.512546,0,0,0,40,4449,299.8997,10174.5112304688,,,,,,,,,,,,,0,,,,10.7420807,,,,,,299.98934935,,,,
,19448600.43,299.9888458,10064.6430664062,11.6063422420032,0.00162294356618512,1,0.999253354069792,40.0298881530762,1.98003266210121,11.4900004118681,62.7973361643491,11.4942276554478,250,-0.0268595008797207,11.6040981491232,0.0218532943001609,299.9885864,299.9891052,10009.77734375,10119.5087890625,56.1021685963136,20.8405738395001,7.396941,0,0,0,40,4449,299.9,10064.6430664062,,,,,,,,,,,,,0,,,,10.7420807,,,,,,299.9888458,,,,
,19448601.39,299.98887635,9969.79638671875,11.5956013113622,0.00198850002335124,1,0.999253354069792,40.0298881530762,1.97992141383951,11.4900004118681,62.736877327398,11.4770574270781,250,-0.0279269080696486,11.5933638083506,0.020741636605768,299.9886475,299.9891052,9929.8154296875,10009.77734375,57.1534589546791,20.8408728660798,8.884414,0,0,0,40,4449,299.90025,9969.79638671875,,,,,,,,,,,,,0,,,,10.6886921,,,,,,299.98887635,,,,
,19448602.345,299.98876955,9874.4892578125,11.5798748035297,0.00189193162635417,1,0.999253354069792,40.0298881530762,1.97985596446983,11.4900004118681,62.6495710998813,11.4621959245823,250,-0.0276915315658107,11.5776394504677,0.0209120362641794,299.9886475,299.9888916,9819.1630859375,9929.8154296875,57.6466665503138,20.8373710255374,8.512546,0,0,0,40,4449,299.8981,9874.4892578125,,,,,,,,,,,,,0,,,,10.6886921,,,,,,299.98876955,,,,
,19448603.435,299.98858645,9764.09765625,11.5661932061664,0.0016283713394118,1,0.999253354069792,40.0298881530762,1.97998717958101,11.4900004118681,62.579589263688,11.4494303600868,250,-0.0276524296840253,11.5639605043707,0.0208941452458946,299.9882813,299.9888916,9709.0322265625,9819.1630859375,57.1307917276214,20.8433412294114,9.256284,0,0,0,40,4449,299.8998,9764.09765625,,,,,,,,,,,,,0,,,,10.63583375,,,,,,299.98858645,,,,
,19448604.48,299.9882813,9659.05126953125,11.5513618041731,0.00190802478524671,1,0.999253354069792,40.0298881530762,1.97998717958101,11.4900004118681,62.498703547871,11.4381999403995,250,-0.0269793763078777,11.5491293675355,0.0215053653130117,299.9882813,299.9882813,9609.0703125,9709.0322265625,57.2386564632753,20.8433412294114,8.512546,0,0,0,40,4449,299.9007,9659.05126953125,,,,,,,,,,,,,0,,,,10.63583375,,,,,,299.9882813,,,,
,19448605.625,299.9886017,9544.119140625,11.5195102280703,0.00151966505662569,1,0.999253354069792,40.0298881530762,1.9800539892528,11.4900004118681,62.3301676111952,11.3976138098416,250,-0.0286479662239938,11.5172910410606,0.0197043359228921,299.9882813,299.9889221,9479.16796875,9609.0703125,57.095618444256,20.8416326058014,8.884414,0,0,0,40,4449,299.9001,9544.119140625,,,,,,,,,,,,,0,,,,10.48039105,,,,,,299.9886017,,,,
,19448606.91,299.98893735,9414.17041015625,11.5080878521554,0.00184291822668429,1,0.999253354069792,40.0298881530762,1.97996851240504,11.4900004118681,62.2639127506934,11.3956868472149,250,-0.0267981502385846,11.5058630123649,0.0215065388084831,299.9889221,299.9889526,9349.1728515625,9479.16796875,57.3613721407945,20.843308811335,8.884414,0,0,0,40,4449,299.90105,9414.17041015625,,,,,,,,,,,,,0,,,,10.2187014,,,,,,299.98893735,,,,
,19448608.515,299.98908995,9254.24169921875,11.4800257717888,0.00173008136105554,1,0.999253354069792,40.0298881530762,1.98002953093453,11.4900004118681,62.1139612784053,11.3681828679692,250,-0.0267442892973499,11.4778062608823,0.0214434553619313,299.9889526,299.9892273,9159.310546875,9349.1728515625,57.2558522906984,20.8383771203341,8.512546,0,0,0,40,4449,299.9023,9254.24169921875,,,,,,,,,,,,,0,,,,10.3741441,,,,,,299.98908995,,,,
,19448610.055,299.98880005,9104.466796875,11.4669902085596,0.00166383758509752,1,0.999253354069792,40.0298881530762,1.98011224469165,11.4900004118681,62.047565214518,11.3470757384375,250,-0.028316199332721,11.4647799842736,0.0198180092386249,299.9883728,299.9892273,9049.623046875,9159.310546875,57.0831123879483,20.8404760065416,8.512546,0,0,0,40,4449,299.9031,9104.466796875,,,,,,,,,,,,,0,,,,10.5295868,,,,,,299.98880005,,,,
,19448611.09,299.98757935,8999.4912109375,11.4524092278068,0.00187035785112325,1,0.999253354069792,40.0298881530762,1.97994770800368,11.4900004118681,61.9622145387153,11.3394589662894,250,-0.0268515598671521,11.4501962691209,0.0212218286534842,299.9867859,299.9883728,8949.359375,9049.623046875,56.404658833256,20.8375675410364,8.512546,0,0,0,40,4449,299.90325,8999.4912109375,,,,,,,,,,,,,0,,,,10.5295868,,,,,,299.98757935,,,,
,19448612.07,299.9882965,8899.3642578125,11.4363140925327,0.00193823820567972,1,0.999253354069792,40.0298881530762,1.97989890660612,11.4900004118681,61.8748675937751,11.3166503127374,250,-0.0280347580041291,11.434109012656,0.0199718800063859,299.9867859,299.9898071,8849.369140625,8949.359375,57.0330881627176,20.8373483692476,8.512546,0,0,0,40,4449,299.9038,8899.3642578125,,,,,,,,,,,,,0,,,,10.5295868,,,,,,299.9882965,,,,
,19448613.2,299.98854065,8789.45751953125,11.4197457857122,0.00189659665968573,1,0.999253354069792,40.0298881530762,1.97995204518093,11.4900004118681,61.787363096229,11.2977475801018,250,-0.0285131439287095,11.4175459175789,0.0194246671993267,299.9872742,299.9898071,8729.5458984375,8849.369140625,57.3160376866791,20.8406609275272,7.396941,0,0,0,40,4449,299.9044,8789.45751953125,,,,,,,,,,,,,0,,,,10.63583375,,,,,,299.98854065,,,,
,19448614.295,299.9881134,8679.53125,11.4071324626761,0.00159728712524797,1,0.999253354069792,40.0298881530762,1.9799239016536,11.4900004118681,61.7162487853332,11.2959732552567,250,-0.0264742135331306,11.4049267010223,0.021411055344905,299.9872742,299.9889526,8629.5166015625,8729.5458984375,57.0729512171983,20.839064450738,8.512546,0,0,0,40,4449,299.90395,8679.53125,,,,,,,,,,,,,0,,,,10.63583375,,,,,,299.9881134,,,,
,19448615.345,299.98867795,8574.5263671875,11.3924315544324,0.00169856672780442,1,0.999253354069792,40.0298881530762,1.9800215273919,11.4900004118681,61.6417684118461,11.2706679896538,250,-0.028528261682451,11.3902371028951,0.0192963554112999,299.9884033,299.9889526,8519.5361328125,8629.5166015625,56.4531198014483,20.8399601327883,8.512546,0,0,0,40,4449,299.90425,8574.5263671875,,,,,,,,,,,,,0,,,,10.63583375,,,,,,299.98867795,,,,
,19448616.485,299.98779295,8459.46044921875,11.3777419748822,0.00140435445680949,1,0.999253354069792,40.0298881530762,1.97994253625061,11.4900004118681,61.5582567858974,11.2645203299175,250,-0.0268606510251203,11.3755438258344,0.0209025283213792,299.9871826,299.9884033,8399.384765625,8519.5361328125,56.7892200647175,20.8370191619687,8.884414,0,0,0,40,4449,299.9053,8459.46044921875,,,,,,,,,,,,,0,,,,10.7420807,,,,,,299.98779295,,,,
,19448617.43,299.98713685,8364.47607421875,11.3626271119416,0.00204079632788289,1,0.999253354069792,40.0298881530762,1.98015051447831,11.4900004118681,61.4839066339311,11.2446280634821,250,-0.0279497025368624,11.3604368333209,0.019750735304502,299.9870911,299.9871826,8329.5673828125,8399.384765625,56.0443280858905,20.8409513379076,8.884414,0,0,0,40,4449,299.90605,8364.47607421875,,,,,,,,,,,,,0,,,,10.63583375,,,,,,299.98713685,,,,
,19448618.39,299.98703005,8269.7236328125,11.3488076909697,0.00185629862146708,1,0.999253354069792,40.0298881530762,1.98008619015778,11.4900004118681,61.4079623909141,11.2263935343354,250,-0.0286933767007859,11.346623329261,0.0189497954079897,299.986969,299.9870911,8209.8798828125,8329.5673828125,57.454385934583,20.8354407783238,9.256284,0,0,0,40,4449,299.9062,8269.7236328125,,,,,,,,,,,,,0,,,,10.5295868,,,,,,299.98703005,,,,
,19448619.555,299.98753355,8154.86669921875,11.3340992536209,0.00172893039315057,1,0.999253354069792,40.0298881530762,1.98003987296527,11.4900004118681,61.3256865009181,11.2185355070383,250,-0.0273722840145803,11.3319120515966,0.0202096361521351,299.986969,299.9880981,8099.853515625,8209.8798828125,56.2162863601213,20.8375342498665,8.512546,0,0,0,40,4449,299.90615,8154.86669921875,,,,,,,,,,,,,0,,,,10.3741441,,,,,,299.98753355,,,,
,19448620.58,299.98764035,8054.9990234375,11.3203391216245,0.00167881873631536,1,0.999253354069792,40.0298881530762,1.98005047962724,11.4900004118681,61.2528166907352,11.1981635612592,250,-0.0285987592194254,11.3181597773552,0.0189260812818595,299.9871826,299.9880981,8010.14453125,8099.853515625,57.0627900464484,20.8358192754592,8.512546,0,0,0,40,4449,299.9073,8054.9990234375,,,,,,,,,,,,,0,,,,10.48039105,,,,,,299.98764035,,,,
,19448621.65,299.98724365,7945.06591796875,11.3057641606503,0.00178710384745007,1,0.999253354069792,40.0298881530762,1.97997182183096,11.4900004118681,61.1696943568202,11.1935020169248,250,-0.0266785636875496,11.3035798145485,0.0207854156725301,299.9871826,299.9873047,7879.9873046875,8010.14453125,56.3108634109483,20.8357351039722,9.256284,0,0,0,40,4449,299.9073,7945.06591796875,,,,,,,,,,,,,0,,,,10.7420807,,,,,,299.98724365,,,,
,19448622.84,299.98672485,7825.00244140625,11.2759042515143,0.00152401535210817,1,0.999253354069792,40.0298881530762,1.98006715692175,11.5000000223517,61.0134419440247,11.1513138300941,250,-0.0290401999909483,11.2737360212475,0.0182997421605307,299.986145,299.9873047,7770.017578125,7879.9873046875,56.9111541137176,20.838435141745,8.512546,0,0,0,40,4449,299.907,7825.00244140625,,,,,,,,,,,,,0,,,,10.63583375,,,,,,299.98672485,,,,
,19448623.955,299.98649595,7715.03833007812,11.2606314523037,0.00158846064556368,1,0.999253354069792,40.0298881530762,1.98014156514498,11.4900004118681,60.9307458982479,11.1489628867282,250,-0.0267190010086091,11.2584566181062,0.0205569577451631,299.986145,299.9868469,7660.05908203125,7770.017578125,56.5219031111406,20.8355488325488,7.396941,0,0,0,40,4449,299.90755,7715.03833007812,,,,,,,,,,,,,0,,,,10.5295868,,,,,,299.98649595,,,,
,19448625.055,299.98667905,7605.07104492188,11.2482237529313,0.0016284885225641,1,0.999253354069792,40.0298881530762,1.9801170463275,11.4900004118681,60.8638446096328,11.1313020023041,250,-0.0276592604101553,11.2460552567772,0.0195653636001762,299.9865112,299.9868469,7550.0830078125,7660.05908203125,57.0635716749676,20.8410155010588,7.396941,0,0,0,40,4449,299.9083,7605.07104492188,,,,,,,,,,,,,0,,,,10.5295868,,,,,,299.98667905,,,,
,19448626.14,299.9865875,7495.0693359375,11.2328910172551,0.00174744516363636,1,0.999253354069792,40.0298881530762,1.98004661152942,11.4900004118681,60.7793628069344,11.1125501625053,250,-0.0282123260830455,11.2307279553506,0.0189484629081411,299.9865112,299.9866638,7440.0556640625,7550.0830078125,56.8791073444291,20.8390065370359,8.884414,0,0,0,40,4449,299.9098,7495.0693359375,,,,,,,,,,,,,0,,,,10.3741441,,,,,,299.9865875,,,,
,19448627.14,299.98698425,7395.1787109375,11.2184913355,0.00181606826641527,1,0.999253354069792,40.0298881530762,1.98015003584615,11.4900004118681,60.7034609299595,11.104688538698,250,-0.0271009062631807,11.2163263166997,0.0199997545562499,299.9866638,299.9873047,7350.3017578125,7440.0556640625,56.8603482599676,20.8386849317426,8.512546,0,0,0,40,4449,299.91025,7395.1787109375,,,,,,,,,,,,,0,,,,10.48039105,,,,,,299.98698425,,,,
,19448628.54,299.9864807,7255.37524414062,11.1889616051779,0.00171801436877854,1,0.999253354069792,40.0298881530762,1.98007555256571,11.4900004118681,60.5421811930477,11.0711323710598,250,-0.0277553691048167,11.1868054408754,0.0192225037479602,299.9856567,299.9873047,7160.44873046875,7350.3017578125,57.0745144742368,20.8410222803116,9.256284,0,0,0,40,4449,299.90935,7255.37524414062,,,,,,,,,,,,,0,,,,10.48039105,,,,,,299.9864807,,,,
,19448629.985,299.9861908,7110.43603515625,11.1760084255401,0.00199916032523332,1,0.999253354069792,40.0298881530762,1.98002301282899,11.4900004118681,60.4709726422857,11.05563275871,250,-0.0281671575942842,11.1738566678726,0.0187571866739523,299.9856567,299.9867249,7060.42333984375,7160.44873046875,57.2214606358522,20.8366790941319,7.396941,0,0,0,40,4449,299.9101,7110.43603515625,,,,,,,,,,,,,0,,,,10.3741441,,,,,,299.9861908,,,,
,19448631.07,299.9863739,7005.37915039063,11.1575440908213,0.00198305133615213,1,0.999253354069792,40.0298881530762,1.97992303237792,11.5000000223517,60.3675792135689,11.0395900834887,250,-0.0276092934574918,11.1553936446872,0.0192376484883663,299.9860229,299.9867249,6950.3349609375,7060.42333984375,57.0409044479099,20.8349639419399,8.512546,0,0,0,40,4449,299.9124,7005.37915039063,,,,,,,,,,,,,0,,,,10.5295868,,,,,,299.9863739,,,,
,19448632.06,299.9865417,6905.39575195313,11.1429676857349,0.001842797731273,1,0.999253354069792,40.0298881530762,1.98002254807353,11.5000000223517,60.2925268989319,11.0210818266049,250,-0.0284291551916508,11.1408235253447,0.0183572665715817,299.9860229,299.9870605,6860.45654296875,6950.3349609375,56.7008960420445,20.8346265242967,9.256284,0,0,0,40,4449,299.913,6905.39575195313,,,,,,,,,,,,,0,,,,10.63583375,,,,,,299.9865417,,,,
,19448632.975,299.98698425,6810.48046875,11.1275082661171,0.00180027031406273,1,0.999253354069792,40.0298881530762,1.98010408600165,11.5000000223517,60.2108794460111,11.0084797765521,250,-0.027974870840839,11.1253651089583,0.0187470672149647,299.986908,299.9870605,6760.50439453125,6860.45654296875,56.963523224506,20.836607448377,8.512546,0,0,0,40,4449,299.9134,6810.48046875,,,,,,,,,,,,,0,,,,10.48039105,,,,,,299.98698425,,,,
,19448633.995,299.98672485,6710.50927734375,11.1151170411606,0.00208060375759292,1,0.999253354069792,40.0298881530762,1.98001318201155,11.4900004118681,60.1410283981773,10.996316800126,250,-0.0278361444970115,11.1129758147469,0.0188349101556041,299.9865417,299.986908,6660.51416015625,6760.50439453125,56.7978179784291,20.837289336758,9.256284,0,0,0,40,4449,299.9104,6710.50927734375,,,,,,,,,,,,,0,,,,10.3741441,,,,,,299.98672485,,,,
,19448634.995,299.98696895,6609.95141601562,11.1000726463395,0.0017769681344737,1,0.999253354069792,40.0298881530762,1.97998473885928,11.5000000223517,60.0594876859166,10.9774869551948,250,-0.0285006862991769,11.0979370699119,0.0181083605164685,299.9865417,299.9873962,6559.388671875,6660.51416015625,56.7642079521022,20.841245706002,8.512546,0,0,0,40,4449,299.9082,6609.95141601562,,,,,,,,,,,,,0,,,,10.5295868,,,,,,299.98696895,,,,
,19448636.05,299.98719785,6504.25219726563,11.0825490271256,0.0017742485276454,1,0.999253354069792,40.0298881530762,1.9798930741449,11.4900004118681,59.9625509637654,10.9564941505895,250,-0.0290419692476559,11.0804191396902,0.0174941476895186,299.9869995,299.9873962,6449.11572265625,6559.388671875,56.8861420011022,20.8322007188725,7.396941,0,0,0,40,4449,299.9088,6504.25219726563,,,,,,,,,,,,,0,,,,10.63583375,,,,,,299.98719785,,,,
,19448637.135,299.9867706,6394.08276367187,11.067546616072,0.00174815808768275,1,0.999253354069792,40.0298881530762,1.98005645435083,11.4900004118681,59.8851751313934,10.9480714282286,250,-0.0279811235474266,11.0654154367058,0.0184924297051331,299.9865417,299.9869995,6339.0498046875,6449.11572265625,57.3355783996599,20.8352164589041,9.256284,0,0,0,40,4449,299.90895,6394.08276367187,,,,,,,,,,,,,0,,,,10.63583375,,,,,,299.9867706,,,,
,19448638.135,299.9868164,6294.11450195313,11.0538360150744,0.00158332825336876,1,0.999253354069792,40.0298881530762,1.97992476357617,11.4900004118681,59.8064814817572,10.9371808282073,250,-0.0273213606153132,11.0517048181171,0.0190946470310291,299.9865417,299.9870911,6249.17919921875,6339.0498046875,56.9283499411406,20.8307500160914,7.396941,0,0,0,40,4449,299.9114,6294.11450195313,,,,,,,,,,,,,0,,,,10.3741441,,,,,,299.9868164,,,,
,19448639.23,299.9868164,6189.14697265625,11.0379268325541,0.00181648671785426,1,0.999253354069792,40.0298881530762,1.97996404092965,11.4900004118681,59.7221431768333,10.9185092879152,250,-0.0278633532572552,11.0358011039208,0.0184863876005636,299.9865417,299.9870911,6129.11474609375,6249.17919921875,56.4140383754867,20.8386832197786,8.512546,0,0,0,40,4449,299.91255,6189.14697265625,,,,,,,,,,,,,0,,,,10.3741441,,,,,,299.9868164,,,,
,19448640.305,299.986145,6079.09643554687,11.0244821748483,0.00162280673281613,1,0.999253354069792,40.0298881530762,1.98007524734862,11.4900004118681,59.6524381400708,10.9070476009811,250,-0.0276008116785723,11.0223582871034,0.0186930751338965,299.9857483,299.9865417,6029.078125,6129.11474609375,57.2753930036791,20.8358307140241,7.396941,0,0,0,40,4449,299.9126,6079.09643554687,,,,,,,,,,,,,0,,,,10.5295868,,,,,,299.986145,,,,
,19448641.335,299.98632815,5974.1025390625,11.0084759616881,0.00188925270630035,1,0.999253354069792,40.0298881530762,1.98000065642973,11.4900004118681,59.5633470418079,10.8923955307384,250,-0.027268294031162,11.0063538144334,0.018958752167122,299.9857483,299.986908,5919.126953125,6029.078125,56.6876083572175,20.8373940718704,7.396941,0,0,0,40,4449,299.91365,5974.1025390625,,,,,,,,,,,,,0,,,,10.3741441,,,,,,299.98632815,,,,
,19448642.5,299.98672485,5859.12036132813,10.9941471827921,0.00169275373565262,1,0.999253354069792,40.0298881530762,1.97997994419726,11.4900004118681,59.4841632938051,10.8837539495074,250,-0.0261891749554833,10.992023198409,0.0199780867946634,299.9865417,299.986908,5799.11376953125,5919.126953125,56.5461335952368,20.8310762637428,8.884414,0,0,0,40,4449,299.9141,5859.12036132813,,,,,,,,,,,,,0,,,,10.42700245,,,,,,299.98672485,,,,
,19448643.57,299.9867706,5754.181640625,10.9794989606142,0.00211508506644654,1,0.999253354069792,40.0298881530762,1.97989076371229,11.4900004118681,59.4055371909917,10.8513084951521,250,-0.029385010664041,10.9773912694248,0.01672227704686,299.9865417,299.9869995,5709.24951171875,5799.11376953125,56.9134989992753,20.8389791467583,9.256284,0,0,0,40,4449,299.91265,5754.181640625,,,,,,,,,,,,,0,,,,10.58244515,,,,,,299.9867706,,,,
,19448644.585,299.98631285,5649.21411132812,10.9664456951893,0.00183217624432594,1,0.999253354069792,40.0298881530762,1.9798432422491,11.4900004118681,59.3305573957299,10.8541467388079,250,-0.0263933163780386,10.9643282232923,0.0196591511725336,299.9856262,299.9869995,5589.1787109375,5709.24951171875,57.1354814987368,20.8325335206723,9.256284,0,0,0,40,4449,299.91275,5649.21411132812,,,,,,,,,,,,,0,,,,10.5295868,,,,,,299.98631285,,,,
,19448645.72,299.98641965,5534.220703125,10.9482226822944,0.00208304718064863,1,0.999253354069792,40.0298881530762,1.97983990316102,11.5000000223517,59.2344117115833,10.8223835701908,250,-0.0288847169569361,10.9461193099942,0.0170919645126389,299.9856262,299.9872131,5479.2626953125,5589.1787109375,56.5289377678137,20.8327160923885,7.396941,0,0,0,40,4449,299.9152,5534.220703125,,,,,,,,,,,,,0,,,,10.3741441,,,,,,299.98641965,,,,
,19448646.73,299.9861755,5434.28662109375,10.9342237972226,0.00167931694586603,1,0.999253354069792,40.0298881530762,1.97997424757155,11.5000000223517,59.1617109224442,10.813989897949,250,-0.0279737174676093,10.9321195110404,0.0179443326269123,299.9851379,299.9872131,5389.310546875,5479.2626953125,56.638365760506,20.8392167371026,7.396941,0,0,0,40,4449,299.91655,5434.28662109375,,,,,,,,,,,,,0,,,,10.48039105,,,,,,299.9861755,,,,
,19448647.665,299.98486325,5339.31323242188,10.918415161512,0.00161467332853189,1,0.999253354069792,40.0298881530762,1.97980635539894,11.5000000223517,59.0720138813011,10.7935680568074,250,-0.0286540527609969,10.916317413739,0.0171983762403597,299.9845886,299.9851379,5289.31591796875,5389.310546875,56.1967456471406,20.8372843960206,8.512546,0,0,0,40,4449,299.91615,5339.31323242188,,,,,,,,,,,,,0,,,,10.6886921,,,,,,299.98486325,,,,
,19448648.72,299.9854126,5234.35229492188,10.902997033902,0.00172640989327799,1,0.999253354069792,40.0298881530762,1.97991677257725,11.5000000223517,58.9883003325356,10.7978098242441,250,-0.0251196558416253,10.9008873140054,0.0206677617202882,299.9845886,299.9862366,5179.388671875,5289.31591796875,56.6602513590445,20.8373878225111,8.512546,0,0,0,40,4449,299.917,5234.35229492188,,,,,,,,,,,,,0,,,,10.42700245,,,,,,299.9854126,,,,
,19448649.72,299.9869385,5134.390625,10.89094209244,0.00227922083975269,1,0.999253354069792,40.0298881530762,1.97965603261102,11.5000000223517,58.9155551182538,10.784227820877,250,-0.0251398119586836,10.8888342602906,0.0205973425411889,299.9862366,299.9876404,5089.392578125,5179.388671875,57.1112510146407,20.8341947302413,9.256284,0,0,0,40,4449,299.9182,5134.390625,,,,,,,,,,,,,0,,,,10.3741441,,,,,,299.9869385,,,,
,19448650.72,299.98814395,5034.34985351562,10.8565373253666,0.0017694647006188,1,0.999253354069792,40.0298881530762,1.97990341495613,11.5000000223517,58.7405399289647,10.7301943338673,250,-0.0289952754984471,10.8544521226654,0.016598930785256,299.9876404,299.9886475,4979.30712890625,5089.392578125,56.2858512983329,20.8350046598041,8.512546,0,0,0,40,4449,299.91725,5034.34985351562,,,,,,,,,,,,,0,,,,10.5295868,,,,,,299.98814395,,,,
,19448651.885,299.9878235,4919.51000976562,10.8417281390138,0.00188428896724619,1,0.999253354069792,40.0298881530762,1.98008118799659,11.4900004118681,58.6645093344979,10.7221131158964,250,-0.0279177305385619,10.8396414939468,0.0176146636418527,299.9869995,299.9886475,4859.712890625,4979.30712890625,56.5648926796983,20.8305115103798,8.512546,0,0,0,40,4449,299.91755,4919.51000976562,,,,,,,,,,,,,0,,,,10.5295868,,,,,,299.9878235,,,,
,19448653,299.9865875,4809.7587890625,10.8297365810577,0.00200230391722484,1,0.999253354069792,40.0298881530762,1.97956631803713,11.4900004118681,58.5827859310163,10.7182009945932,250,-0.0259150696165704,10.827644429789,0.0195668545743483,299.9861755,299.9869995,4759.8046875,4859.712890625,56.7274714116983,20.8386531811744,8.512546,0,0,0,40,4449,299.91935,4809.7587890625,,,,,,,,,,,,,0,,,,10.5295868,,,,,,299.9865875,,,,
,19448654.095,299.98703,4699.87133789063,10.8141982727739,0.00171769164218744,1,0.999253354069792,40.0298881530762,1.97970812261941,11.4900004118681,58.5042123847826,10.6960540659007,250,-0.0272683725725167,10.8121147389751,0.0181490724247526,299.9861755,299.9878845,4639.93798828125,4759.8046875,56.8634747740445,20.8353043453684,9.256284,0,0,0,40,4449,299.92,4699.87133789063,,,,,,,,,,,,,0,,,,10.5295868,,,,,,299.98703,,,,
,19448655.23,299.98753355,4584.9013671875,10.7950095641781,0.00219507301506591,1,0.999253354069792,40.0298881530762,1.97994310355847,11.4900004118681,58.4087766302628,10.6696051180525,250,-0.0288305241906499,10.7929362181438,0.0165074203678706,299.9871826,299.9878845,4529.86474609375,4639.93798828125,57.1245386994676,20.8351323088654,8.884414,0,0,0,40,4449,299.9193,4584.9013671875,,,,,,,,,,,,,0,,,,10.3741441,,,,,,299.98753355,,,,
,19448656.23,299.98768615,4484.80883789063,10.7829138868627,0.0021318394688818,1,0.999253354069792,40.0298881530762,1.97977818101614,11.5000000223517,58.3370090959502,10.6653059917358,250,-0.0272231054156324,10.7808361104764,0.0180645458674154,299.9871826,299.9881897,4439.7529296875,4529.86474609375,56.4836033136983,20.8320281734452,7.396941,0,0,0,40,4449,299.91775,4484.80883789063,,,,,,,,,,,,,0,,,,10.48039105,,,,,,299.98768615,,,,
,19448657.285,299.9881897,4379.7939453125,10.7663585548959,0.00190932663635616,1,0.999253354069792,40.0298881530762,1.97973082084668,11.5000000223517,58.2471469185513,10.6429403664818,250,-0.0282436221838841,10.7642881899092,0.0169751354061713,299.9881897,299.9881897,4319.8349609375,4439.7529296875,56.0341669151405,20.8349159148075,9.256284,0,0,0,40,4449,299.9186,4379.7939453125,,,,,,,,,,,,,0,,,,10.6886921,,,,,,299.9881897,,,,
,19448658.395,299.9885559,4269.82739257812,10.753549331159,0.00188116447437064,1,0.999253354069792,40.0298881530762,1.97971983922617,11.4900004118681,58.1783526859524,10.6257939680822,250,-0.0290289713147543,10.7514846863018,0.0161365459974895,299.9881897,299.9889221,4219.81982421875,4319.8349609375,56.8509687177368,20.8384552061702,9.256284,0,0,0,40,4449,299.91975,4269.82739257812,,,,,,,,,,,,,0,,,,10.58244515,,,,,,299.9885559,,,,
,19448659.375,299.9889221,4169.89404296875,10.7360856792113,0.00192797908244034,1,0.999253354069792,40.0298881530762,1.97971983922617,11.4900004118681,58.082980681576,10.6133365747421,250,-0.0280949538791129,10.7340204610195,0.0169976362292709,299.9889221,299.9889221,4119.96826171875,4219.81982421875,56.6469636742175,20.8384552061702,8.884414,0,0,0,40,4449,299.9194,4169.89404296875,,,,,,,,,,,,,0,,,,10.5295868,,,,,,299.9889221,,,,
,19448660.45,299.98835755,4060.01892089844,10.7207390677295,0.0020747154893231,1,0.999253354069792,40.0298881530762,1.97983314555253,11.4900004118681,58.0033424620815,10.5979526592199,250,-0.0282040432098009,10.7186776075645,0.0168245850586229,299.987793,299.9889221,4000.06958007812,4119.96826171875,57.301968373333,20.8393406910304,8.512546,0,0,0,40,4449,299.9201,4060.01892089844,,,,,,,,,,,,,0,,,,10.63583375,,,,,,299.98835755,,,,
,19448661.505,299.987793,3955.15649414063,10.7020078761817,0.00202513984893435,1,0.999253354069792,40.0298881530762,1.97992924549574,11.5000000223517,57.9030518474551,10.5890506918912,250,-0.0264700145267864,10.6999431215392,0.0184800586177115,299.987793,299.987793,3910.24340820313,4000.06958007812,56.7274714116983,20.8357758421033,9.256284,0,0,0,40,4449,299.92065,3955.15649414063,,,,,,,,,,,,,0,,,,10.63583375,,,,,,299.987793,,,,
,19448662.545,299.9882355,3850.23400878906,10.6889181020934,0.00198978803182307,1,0.999253354069792,40.0298881530762,1.97988784319323,11.4900004118681,57.8334010325961,10.563199320406,250,-0.0287836296808017,10.6868654975491,0.0161125050811707,299.987793,299.988678,3790.224609375,3910.24340820313,57.1354814987368,20.8381752506728,8.884414,0,0,0,40,4449,299.9206,3850.23400878906,,,,,,,,,,,,,0,,,,10.5295868,,,,,,299.9882355,,,,
,19448663.685,299.98847965,3740.1826171875,10.6572318973604,0.0017184690714572,1,0.999253354069792,40.0298881530762,1.97975298681486,11.5000000223517,57.6563363626044,10.5408486605107,250,-0.026911964722414,10.6551777265413,0.0178512762284312,299.9882813,299.988678,3690.140625,3790.224609375,57.3105662870445,20.838638244338,9.256284,0,0,0,40,4449,299.9207,3740.1826171875,,,,,,,,,,,,,0,,,,10.3741441,,,,,,299.98847965,,,,
,19448664.875,299.98855595,3625.07958984375,10.6410956881163,0.00208616999032757,1,0.999253354069792,40.0298881530762,1.97972232246238,11.4900004118681,57.5681285373666,10.5249437657293,250,-0.0268320849240418,10.6390443882031,0.0178638472580328,299.9882813,299.9888306,3560.0185546875,3690.140625,56.5680191937752,20.8401278184984,7.396941,0,0,0,40,4449,299.9214,3625.07958984375,,,,,,,,,,,,,0,,,,10.3741441,,,,,,299.98855595,,,,
,19448666.05,299.98820495,3505.078125,10.6250809176073,0.00182630542402054,1,0.999253354069792,40.0298881530762,1.97976720174043,11.4900004118681,57.4822114474726,10.5122965805323,250,-0.0262448651561837,10.6230304886757,0.0183842911626435,299.9875793,299.9888306,3450.1376953125,3560.0185546875,57.4356268501215,20.8388268071851,8.884414,0,0,0,40,4449,299.9215,3505.078125,,,,,,,,,,,,,0,,,,10.5295868,,,,,,299.98820495,,,,
,19448667.15,299.9878845,3395.09167480469,10.6106189250242,0.002337949974791,1,0.999253354069792,40.0298881530762,1.97966755417036,11.5000000223517,57.4005436051747,10.5007619774661,250,-0.0256014277753025,10.6085688057035,0.0189674320125708,299.9875793,299.9881897,3340.04565429687,3450.1376953125,56.371048806929,20.8457870952298,9.256284,0,0,0,40,4449,299.92145,3395.09167480469,,,,,,,,,,,,,0,,,,10.5295868,,,,,,299.9878845,,,,
,19448668.3,299.98805235,3279.80249023438,10.5939361215967,0.00191405247177435,1,0.999253354069792,40.0298881530762,1.97968904657492,11.5000000223517,57.3124227132894,10.4761536114913,250,-0.0270798947409006,10.5918954847419,0.0174197676662996,299.987915,299.9881897,3219.55932617188,3340.04565429687,56.8611298884868,20.8406623954732,8.512546,0,0,0,40,4449,299.92155,3279.80249023438,,,,,,,,,,,,,0,,,,10.5295868,,,,,,299.98805235,,,,
,19448669.27,299.9881134,3179.56225585937,10.5780464691345,0.00194464164011792,1,0.999253354069792,40.0298881530762,1.97965187386189,11.4900004118681,57.2283454923975,10.4444307275622,250,-0.0299653500904581,10.5760210918086,0.0144688703500292,299.987915,299.9883118,3139.56518554687,3219.55932617188,56.628204589756,20.8416183322304,8.512546,0,0,0,40,4449,299.9204,3179.56225585937,,,,,,,,,,,,,0,,,,10.5295868,,,,,,299.9881134,,,,
,19448670.25,299.98858645,3079.61206054687,10.561397410946,0.00203829289221132,1,0.999253354069792,40.0298881530762,1.97973885791966,11.4900004118681,57.1397569033391,10.4336316037351,250,-0.0289585116732613,10.5593709452483,0.0154062261408058,299.9883118,299.9888611,3019.65893554687,3139.56518554687,56.6532167023714,20.8340042090492,9.256284,0,0,0,40,4449,299.91955,3079.61206054687,,,,,,,,,,,,,0,,,,10.3741441,,,,,,299.98858645,,,,
,19448671.375,299.98840335,2969.47265625,10.5478475476755,0.00224541933929911,1,0.999253354069792,40.0298881530762,1.97949283022735,11.5000000223517,57.0575207143136,10.4298273133534,250,-0.0269159655314327,10.5458152975123,0.0173917915151604,299.9879456,299.9888611,2919.28637695313,3019.65893554687,56.9893169656406,20.8393502220325,9.256284,0,0,0,40,4449,299.9207,2969.47265625,,,,,,,,,,,,,0,,,,10.3741441,,,,,,299.98840335,,,,
,19448672.425,299.9885254,2864.427734375,10.5278423629985,0.00237528449839533,1,0.999253354069792,40.0298881530762,1.97949283022735,11.4900004118681,56.9496210925467,10.4083362826866,250,-0.0271818040030373,10.5258151845622,0.0170426827013752,299.9879456,299.9891052,2809.56909179687,2919.28637695313,56.4640626007175,20.8393502220325,8.512546,0,0,0,40,4449,299.91965,2864.427734375,,,,,,,,,,,,,0,,,,10.63583375,,,,,,299.9885254,,,,
,19448673.57,299.98898315,2749.42883300781,10.5099656460737,0.00238206525282763,1,0.999253354069792,40.0298881530762,1.97962309305749,11.5000000223517,56.8561525037673,10.3935602709268,250,-0.0267236678231211,10.5079399424684,0.017426269711141,299.9888611,299.9891052,2689.28857421875,2809.56909179687,56.7821854080445,20.8394010379355,7.396941,0,0,0,40,4449,299.91925,2749.42883300781,,,,,,,,,,,,,0,,,,10.48039105,,,,,,299.98898315,,,,
,19448674.765,299.98910525,2634.40197753906,10.4789439840551,0.00226779603337527,1,0.999253354069792,40.0298881530762,1.97971174537536,11.4900004118681,56.6912800849397,10.3607954279482,250,-0.0271147640903204,10.4769261512883,0.0169053255614278,299.9888611,299.9893494,2579.51538085938,2689.28857421875,57.017455592333,20.842029252046,7.396941,0,0,0,40,4449,299.9203,2634.40197753906,,,,,,,,,,,,,0,,,,10.3741441,,,,,,299.98910525,,,,
,19448675.875,299.9896851,2524.56958007813,10.4632896380587,0.00170794310738015,1,0.999253354069792,40.0298881530762,1.97964934314132,11.5000000223517,56.6054097303662,10.3419691328719,250,-0.027635322543592,10.4612768875261,0.0163198086185401,299.9893494,299.9900208,2469.62377929687,2579.51538085938,56.8845787440637,20.8431229289844,8.512546,0,0,0,40,4449,299.91935,2524.56958007813,,,,,,,,,,,,,0,,,,10.5295868,,,,,,299.9896851,,,,
,19448676.97,299.9891968,2414.62475585938,10.4448105478294,0.00242633732176543,1,0.999253354069792,40.0298881530762,1.97985082802363,11.5000000223517,56.5114324162999,10.3226664114597,250,-0.0279684441078034,10.442803100891,0.015909594576468,299.9883728,299.9900208,2359.62573242187,2469.62377929687,56.4968909985252,20.8397346721993,7.396941,0,0,0,40,4449,299.9197,2414.62475585938,,,,,,,,,,,,,0,,,,10.58244515,,,,,,299.9891968,,,,
,19448678.04,299.98973085,2304.65356445313,10.4278266591795,0.00184494934507137,1,0.999253354069792,40.0298881530762,1.9801076492715,11.5000000223517,56.4263916837674,10.3087320760049,250,-0.0276372658677744,10.4258210356587,0.0161697410160071,299.9883728,299.9910889,2249.68139648438,2359.62573242187,56.8759808303522,20.8353170360571,9.256284,0,0,0,40,4449,299.9205,2304.65356445313,,,,,,,,,,,,,0,,,,10.6886921,,,,,,299.98973085,,,,
,19448679.045,299.99006655,2204.59375,10.4116103746786,0.00240797744449111,1,0.999253354069792,40.0298881530762,1.97976561178473,11.4900004118681,56.3288168245573,10.2927628764893,250,-0.0272627256985323,10.4096062909095,0.0164766984516825,299.9890442,299.9910889,2159.50610351562,2249.68139648438,57.2581971762561,20.8392393107751,7.396941,0,0,0,40,4449,299.91965,2204.59375,,,,,,,,,,,,,0,,,,10.7420807,,,,,,299.99006655,,,,
,19448680.1,299.988678,2099.58331298828,10.3930975297942,0.00292041252703264,1,0.999253354069792,40.0298881530762,1.97963098430797,11.5000000223517,56.2224878327798,10.2869598505063,250,-0.0247775042645863,10.3910872440276,0.0188843043322481,299.9883118,299.9890442,2039.66052246094,2159.50610351562,56.9377294833714,20.8422509078016,7.396941,0,0,0,40,4449,299.91865,2099.58331298828,,,,,,,,,,,,,0,,,,10.7420807,,,,,,299.988678,,,,
,19448681.22,299.98892215,1984.65686035156,10.3766222162337,0.00222395088963201,1,0.999253354069792,40.0298881530762,1.97969514389306,11.4900004118681,56.1383543751506,10.253625632083,250,-0.0279475700265999,10.3746284622951,0.015646127754827,299.9883118,299.9895325,1929.65319824219,2039.66052246094,55.8082762730828,20.8417174851592,8.512546,0,0,0,40,4449,299.91905,1984.65686035156,,,,,,,,,,,,,0,,,,10.6886921,,,,,,299.98892215,,,,
,19448682.245,299.9893036,1884.64471435547,10.3605621830266,0.0021702995214906,1,0.999253354069792,40.0298881530762,1.97961271031418,11.4900004118681,56.0470319753367,10.2489820134311,250,-0.0257516229016544,10.3585622900169,0.0177745518207726,299.9890747,299.9895325,1839.63623046875,1929.65319824219,56.9643048530253,20.8368462934293,8.512546,0,0,0,40,4449,299.9194,1884.64471435547,,,,,,,,,,,,,0,,,,10.6886921,,,,,,299.9893036,,,,
,19448683.29,299.989151,1779.66790771484,10.3439937008697,0.00227508183282296,1,0.999253354069792,40.0298881530762,1.9795110534738,11.5000000223517,55.9545311856962,10.2324480404331,250,-0.0256426990288997,10.3419967391306,0.0178142833701435,299.9890747,299.9892273,1719.69958496094,1839.63623046875,57.034651419756,20.8439749131585,8.512546,0,0,0,40,4449,299.9196,1779.66790771484,,,,,,,,,,,,,0,,,,10.48039105,,,,,,299.989151,,,,
,19448684.44,299.98901365,1664.95581054687,10.3247485947046,0.0025389060761543,1,0.999253354069792,40.0298881530762,1.97947904289531,11.5000000223517,55.8501215007828,10.2101474521684,250,-0.0261692129339176,10.322757763931,0.0172075493220716,299.9888,299.9892273,1610.21203613281,1719.69958496094,56.4109118614098,20.8451584232996,8.512546,0,0,0,40,4449,299.9195,1664.95581054687,,,,,,,,,,,,,0,,,,10.3741441,,,,,,299.98901365,,,,
,19448685.425,299.98875425,1565.15710449219,10.3097011851322,0.00263090988368014,1,0.999253354069792,40.0298881530762,1.97981811708191,11.4900004118681,55.7781552198171,10.1963655202699,250,-0.0262433999930798,10.3077137841755,0.0170706116643503,299.9887085,299.9888,1520.10217285156,1610.21203613281,56.3999690621406,20.8426199695884,7.396941,0,0,0,40,4449,299.9194,1565.15710449219,,,,,,,,,,,,,0,,,,10.42544175,,,,,,299.98875425,,,,
,19448686.44,299.9884491,1459.88726806641,10.293241329285,0.00276725670455298,1,0.999253354069792,40.0298881530762,1.97948018364245,11.4900004118681,55.6810691950257,10.171719377643,250,-0.027435956837822,10.2912623672078,0.0158095291537853,299.9881897,299.9887085,1399.67236328125,1520.10217285156,57.129228470583,20.8393584937178,8.512546,0,0,0,40,4449,299.9198,1459.88726806641,,,,,,,,,,,,,0,,,,10.4783001,,,,,,299.9884491,,,,
,19448687.59,299.9894409,1349.78063964844,10.2745343132952,0.00273026675035153,1,0.999253354069792,40.0298881530762,1.97939319302966,11.4900004118681,55.5754979206671,10.1635366337536,250,-0.0254002229557525,10.2725501898488,0.017766686224864,299.9881897,299.9906921,1299.88891601562,1399.67236328125,56.6610329875637,20.841657268706,8.512546,0,0,0,40,4449,299.92,1349.78063964844,,,,,,,,,,,,,0,,,,10.42700245,,,,,,299.9894409,,,,
,19448688.635,299.9899139,1244.93640136719,10.2565762809031,0.00256422680460695,1,0.999253354069792,40.0298881530762,1.97969634782932,11.4900004118681,55.4878891124417,10.1405977063047,250,-0.0265936657841136,10.2546005915229,0.0164986275142099,299.9891357,299.9906921,1189.98388671875,1299.88891601562,57.4278105649292,20.8458814109617,8.884414,0,0,0,40,4449,299.9191,1244.93640136719,,,,,,,,,,,,,0,,,,10.42700245,,,,,,299.9899139,,,,
,19448689.71,299.9886627,1134.98199462891,10.241054163342,0.00253998370772571,1,0.999253354069792,40.0298881530762,1.97960227559774,11.5000000223517,55.4019047050316,10.1217859706785,250,-0.0271080835761234,10.2390842158969,0.0159196414779321,299.9881897,299.9891357,1079.98010253906,1189.98388671875,56.8963031718522,20.8491924593017,7.396941,0,0,0,40,4449,299.91855,1134.98199462891,,,,,,,,,,,,,0,,,,10.58244515,,,,,,299.9886627,,,,
,19448690.79,299.98849485,1030.03164672852,10.2063105914065,0.00252567156538947,1,0.999253354069792,40.0298881530762,1.97969293559883,11.4900004118681,55.2158422525912,10.0909922158264,250,-0.0264440767190607,10.204344964373,0.0164377981486934,299.9881897,299.9888,980.083190917969,1079.98010253906,57.2230238928907,20.8442355698676,8.512546,0,0,0,40,4449,299.91955,1030.03164672852,,,,,,,,,,,,,0,,,,10.5295868,,,,,,299.98849485,,,,
,19448691.875,299.98997495,920.001739501953,10.1872582088759,0.00290870119677416,1,0.999253354069792,40.0298881530762,1.97966331512175,11.5000000223517,55.1131697449902,10.0654933712894,250,-0.027600005161687,10.1853007021578,0.0152026636373389,299.9888,299.9911499,859.920288085938,980.083190917969,56.384336491756,20.8499244265461,9.256284,0,0,0,40,4449,299.9185,920.001739501953,,,,,,,,,,,,,0,,,,10.5295868,,,,,,299.98997495,,,,
,19448692.95,299.99064635,810.092834472656,10.1689894858989,0.00256804403130184,1,0.999253354069792,40.0298881530762,1.97953781330555,11.5000000223517,55.0116217516875,10.0431035830997,250,-0.0282385405675653,10.1670380880369,0.0144879366293185,299.9901428,299.9911499,760.265380859375,859.920288085938,56.6063189912175,20.846329062653,7.396941,0,0,0,40,4449,299.9184,810.092834472656,,,,,,,,,,,,,0,,,,10.5295868,,,,,,299.99064635,,,,
,19448693.985,299.9901428,710.325164794922,10.1539339329402,0.00299205057769096,1,0.999253354069792,40.0298881530762,1.97976666182062,11.4900004118681,54.9338761812787,10.0428148431996,250,-0.0257095725576063,10.1519751647826,0.0169531313891238,299.9901428,299.9901428,660.384948730469,760.265380859375,56.8384626614291,20.8432755115573,9.256284,0,0,0,40,4449,299.9206,710.325164794922,,,,,,,,,,,,,0,,,,10.5295868,,,,,,299.9901428,,,,
,19448694.965,299.9904022,615.362915039063,10.1370623524387,0.00250124119918876,1,0.999253354069792,40.0298881530762,1.97946334212401,11.4900004118681,54.8375613899616,10.0075976857158,250,-0.0288164735228056,10.135120019306,0.0137755019779066,299.9901428,299.9906616,570.340881347656,660.384948730469,56.0998237107559,20.8449345556859,8.512546,0,0,0,40,4449,299.92545,615.362915039063,,,,,,,,,,,,,0,,,,10.63583375,,,,,,299.9904022,,,,
,19448696.02,299.99002075,510.345031738281,10.1134069205394,0.00299101302967784,1,0.999253354069792,40.0298881530762,1.97970289998792,11.4900004118681,54.7130186896305,10.0017903869532,250,-0.0257221679786911,10.1114565672342,0.0167695700781093,299.9893799,299.9906616,450.349182128906,570.340881347656,55.913796123179,20.8496173080705,9.256284,0,0,0,40,4449,299.92895,510.345031738281,,,,,,,,,,,,,0,,,,10.63583375,,,,,,299.99002075,,,,
,19448697.13,299.9896393,400.422256469727,10.1007812219912,0.00261788447382627,1,0.999253354069792,40.0298881530762,1.97956378884214,11.4900004118681,54.6426271806834,9.97967959182957,250,-0.0273440431519524,10.0988403363527,0.0150955938072024,299.9893799,299.9898987,350.495330810547,450.349182128906,57.1221938139099,20.8467036499398,7.396941,0,0,0,40,4449,299.92745,400.422256469727,,,,,,,,,,,,,0,,,,10.5295868,,,,,,299.9896393,,,,
,19448698.105,299.9898987,300.535202026367,10.0791341060883,0.00319900694346443,1,0.999253354069792,40.0298881530762,1.97973736537586,11.5000000223517,54.5304240969202,9.95785116152083,250,-0.0275250281053579,10.0771982349255,0.0148242884104675,299.9898987,299.9898987,250.575073242187,350.495330810547,56.7141837268714,20.8467011825528,8.512546,0,0,0,40,4449,299.9258,300.535202026367,,,,,,,,,,,,,0,,,,10.58244515,,,,,,299.9898987,,,,
,19448699.18,299.9904175,190.625396728516,10.0649197122419,0.00264491593217893,1,0.999253354069792,40.0298881530762,1.97955762362771,11.4900004118681,54.4473448449016,9.95022121424273,250,-0.0261376684050968,10.0629806669143,0.0161521391134847,299.9898987,299.9909363,130.675720214844,250.575073242187,57.2073913225061,20.8482225877818,8.512546,0,0,0,40,4449,299.92475,190.625396728516,,,,,,,,,,,,,0,,,,10.58244515,,,,,,299.9904175,,,,
,19448700.28,299.99028015,80.7510013580322,10.0444595294617,0.00246681426426379,1,0.999253354069792,40.0298881530762,1.97969178536285,11.4900004118681,54.3406884644058,9.92831450942388,250,-0.0265168180395788,10.0425262688806,0.0156873628521729,299.989624,299.9909363,30.8262825012207,130.675720214844,57.4582940771792,20.8500425552853,7.396941,0,0,0,40,4449,299.9249,80.7510013580322,,,,,,,,,,,,,0,,,,10.58244515,,,,,,299.99028015,,,,
,19448701.24,299.989624,-19.2023868560791,10.0246869116329,0.00349687370348007,1,0.999253354069792,40.0298881530762,1.97982482334162,11.4900004118681,54.2377556912212,9.90682478273048,250,-0.0269447505336717,10.0227596996069,0.0151766254405519,299.989624,299.989624,-69.2310562133789,30.8262825012207,56.5226847396598,20.8527459262433,7.396941,0,0,0,40,4449,299.9246,-19.2023868560791,,,,,,,,,,,,,0,,,,10.58244515,,,,,,299.989624,,,,
,19448702.305,299.9898834,-124.218593597412,10.0087906548328,0.00317284908451866,1,0.999253354069792,40.0298881530762,1.97957362091423,11.5000000223517,54.1441459415897,9.89475565858627,250,-0.026002369304866,10.0068626240067,0.0160520252958525,299.989624,299.9901428,-179.206130981445,-69.2310562133789,55.3510235893328,20.850553188832,9.256284,0,0,0,40,4449,299.92325,-124.218593597412,,,,,,,,,,,,,0,,,,10.5295868,,,,,,299.9898834,,,,
,19448703.4,299.9901428,-229.14427947998,9.98940668878559,0.00252583447030279,1,0.999253354069792,40.0298881530762,1.97996140558485,11.4900004118681,54.0514201757129,9.86771875878151,250,-0.0277567634555406,9.98748988536739,0.014216480313656,299.9901428,299.9901428,-279.082427978516,-179.206130981445,56.0466729714482,20.8495737298475,8.140677,0,0,0,40,4449,299.922,-229.14427947998,,,,,,,,,,,,,0,,,,10.58244515,,,,,,299.9901428,,,,
,19448704.39,299.9898071,-329.00080871582,9.96893792067399,0.00313732612948684,1,0.999253354069792,40.0298881530762,1.97996140558485,11.4900004118681,53.9411676716875,9.84479966362815,250,-0.0281988736063796,9.96702728656069,0.0136882339995371,299.9894714,299.9901428,-378.919189453125,-279.082427978516,56.2631840712752,20.8495737298475,7.396941,0,0,0,40,4449,299.92165,-329.00080871582,,,,,,,,,,,,,0,,,,10.58244515,,,,,,299.9898071,,,,
,19448705.475,299.9893951,-438.873931884766,9.9481377402708,0.00304689814398009,1,0.999253354069792,40.0298881530762,1.97995557926488,11.4900004118681,53.8268325928589,9.83303836134785,250,-0.0265111959796651,9.94622441806249,0.0152879995372613,299.9893188,299.9894714,-498.828674316406,-378.919189453125,57.0495023616214,20.8552268086739,8.512546,0,0,0,40,4449,299.9207,-438.873931884766,,,,,,,,,,,,,0,,,,10.5295868,,,,,,299.9893951,,,,
,19448706.615,299.9895782,-553.800994873047,9.91156464331871,0.00275108908069364,1,0.999253354069792,40.0298881530762,1.97983820909057,11.4900004118681,53.6271409655811,9.78932713815768,250,-0.0277068127111292,9.90966375759407,0.0139385864745858,299.9893188,299.9898376,-608.773315429688,-498.828674316406,57.1049979864868,20.8492851204162,8.512546,0,0,0,40,4449,299.9208,-553.800994873047,,,,,,,,,,,,,0,,,,10.63583375,,,,,,299.9895782,,,,
,19448707.795,299.98924255,-668.716033935547,9.89530910377553,0.00302153130117656,1,0.999253354069792,40.0298881530762,1.97988596493429,11.5000000223517,53.5381975626403,9.7856482696717,250,-0.0254149455506591,9.89340206121482,0.016161266065516,299.9886475,299.9898376,-728.658752441406,-608.773315429688,56.699332785006,20.8544641033657,9.256284,0,0,0,40,4449,299.92105,-668.716033935547,,,,,,,,,,,,,0,,,,10.63583375,,,,,,299.98924255,,,,
,19448708.945,299.98931885,-783.565246582031,9.87114647720479,0.00337817179037434,1,0.999253354069792,40.0298881530762,1.97984487115685,11.4900004118681,53.4080787112401,9.75242351476268,250,-0.0270414669849872,9.86925117131793,0.0144334193186663,299.9886475,299.9899902,-838.471740722656,-728.658752441406,57.6036769817561,20.8518364333583,7.396941,0,0,0,40,4449,299.9195,-783.565246582031,,,,,,,,,,,,,0,,,,10.5295868,,,,,,299.98931885,,,,
,19448710.025,299.9902954,-893.340667724609,9.85898831226168,0.00288322360351184,1,0.999253354069792,40.0298881530762,1.97967116003966,11.5000000223517,53.3348487787386,9.75511439521274,250,-0.0241345593858389,9.85708294408499,0.0172883370037234,299.9899902,299.9906006,-948.209594726563,-838.471740722656,56.8368994043906,20.8550178109081,7.396941,0,0,0,40,4449,299.91905,-893.340667724609,,,,,,,,,,,,,0,,,,10.3741441,,,,,,299.9902954,,,,
,19448711.5,299.9898529,-1036.24969482422,9.8160186817282,0.00335750261147418,1,0.999253354069792,40.0298881530762,1.97977652141198,11.4900004118681,53.1082542187542,9.69636594230593,250,-0.0271237112098061,9.81413483022904,0.0141187189262695,299.9891052,299.9906006,-1124.28979492188,-948.209594726563,56.4515565444098,20.8625746757317,7.396941,0,0,0,40,4449,299.91925,-1036.24969482422,,,,,,,,,,,,,0,,,,10.2187014,,,,,,299.9898529,,,,
,19448712.92,299.9895172,-1175.84143066406,9.79850511175933,0.00285389902621108,1,0.999253354069792,40.0298881530762,1.97956310017625,11.5000000223517,53.0073404505335,9.68120606127254,250,-0.0264907930964991,9.79662233531054,0.0146774241394111,299.9891052,299.9899292,-1227.39306640625,-1124.28979492188,56.7509202672752,20.8512174530121,8.512546,0,0,0,40,4449,299.91915,-1175.84143066406,,,,,,,,,,,,,0,,,,10.26999905,,,,,,299.9895172,,,,
,19448714.42,299.989975,-1327.72906494141,9.75689199507268,0.00207234161038406,1,0.999253354069792,40.0298881530762,1.97999648838648,11.5000000223517,52.7915942037784,9.65240000855709,250,-0.0244825697009694,9.75500912002916,0.0165100670118474,299.9899292,299.9900208,-1428.06506347656,-1227.39306640625,56.5625477941406,20.8487791975772,8.512546,0,0,0,40,4449,299.91775,-1327.72906494141,,,,,,,,,,,,,0,,,,10.5316887,,,,,,299.989975,,,,
,19448715.935,299.9897461,-1483.01611328125,9.73485650286181,0.00279556452560044,1,0.999253354069792,40.0298881530762,1.97992517389925,11.5000000223517,52.6712790587455,9.62615314773906,250,-0.0251865854223664,9.73298120148555,0.0157131045911477,299.9894714,299.9900208,-1537.96716308594,-1428.06506347656,55.9552224346982,20.8592444221947,7.396941,0,0,0,40,4449,299.9172,-1483.01611328125,,,,,,,,,,,,,0,,,,10.48039105,,,,,,299.9897461,,,,
,19448716.975,299.98890685,-1587.88299560547,9.71301466447634,0.00307806338262636,1,0.999253354069792,40.0298881530762,1.97982748861252,11.4900004118681,52.5518197435788,9.59737913443273,250,-0.0263712327299507,9.71114912615334,0.0144365100906267,299.9883423,299.9894714,-1637.798828125,-1537.96716308594,57.1268835850253,20.8597604793007,7.396941,0,0,0,40,4449,299.9173,-1587.88299560547,,,,,,,,,,,,,0,,,,10.2187014,,,,,,299.98890685,,,,
,19448718.085,299.9889679,-1697.73016357422,9.69027597366073,0.00341123287186779,1,0.999253354069792,40.0298881530762,1.97973501180801,11.4900004118681,52.4274149835208,9.56902656367948,250,-0.0273163528965991,9.68841907739798,0.0133953528658271,299.9883423,299.9895935,-1757.66149902344,-1637.798828125,58.2922917071985,20.8580851517621,7.396941,0,0,0,40,4449,299.91895,-1697.73016357422,,,,,,,,,,,,,0,,,,10.26999905,,,,,,299.9889679,,,,
,19448719.11,299.98947145,-1802.50158691406,9.67517098831781,0.00206625782589893,1,0.999253354069792,40.0298881530762,1.98010934414917,11.4900004118681,52.3532421047768,9.56721627794298,250,-0.0251757792800998,9.67330804955007,0.0154714506666891,299.9893494,299.9895935,-1847.34167480469,-1757.66149902344,55.4753025238905,20.8520423917872,7.396941,0,0,0,40,4449,299.91995,-1802.50158691406,,,,,,,,,,,,,0,,,,10.4783001,,,,,,299.98947145,,,,
,19448720.105,299.98925785,-1902.30145263672,9.65205904135222,0.00265547201045802,1,0.999253354069792,40.0298881530762,1.97983393781681,11.4900004118681,52.2210138186576,9.5435119347897,250,-0.0250333677727521,9.65020029096445,0.0155166653812808,299.9891663,299.9893494,-1957.26123046875,-1847.34167480469,57.1503324406022,20.8569075670039,9.256284,0,0,0,40,4449,299.9179,-1902.30145263672,,,,,,,,,,,,,0,,,,10.42700245,,,,,,299.98925785,,,,
,19448721.23,299.98905945,-2012.2236328125,9.63103927230924,0.00211231133519401,1,0.999253354069792,40.0298881530762,1.98012219727089,11.5000000223517,52.1122544743888,9.53721555387634,250,-0.0225499437380425,9.62917447680701,0.0179108708627494,299.9889526,299.9891663,-2067.18603515625,-1957.26123046875,57.4700185049676,20.8481247471945,9.256284,0,0,0,40,4449,299.91765,-2012.2236328125,,,,,,,,,,,,,0,,,,10.2187014,,,,,,299.98905945,,,,
,19448722.275,299.98956295,-2117.21166992187,9.60874797448285,0.00205805771135302,1,0.999253354069792,40.0298881530762,1.97988938154826,11.4900004118681,51.9873364796953,9.50509533171221,250,-0.0241532036260545,9.60689430931935,0.0162138919658058,299.9889526,299.9901733,-2167.2373046875,-2067.18603515625,57.1276652135445,20.8533669435247,8.512546,0,0,0,40,4449,299.91745,-2117.21166992187,,,,,,,,,,,,,0,,,,10.42700245,,,,,,299.98956295,,,,
,19448723.32,299.990036,-2222.16467285156,9.5855881854179,0.00192176636824315,1,0.999253354069792,40.0298881530762,1.9800890412923,11.4900004118681,51.8662405274333,9.48792965380266,250,-0.0232051004387613,9.58373510306298,0.0170643054708442,299.9898987,299.9901733,-2277.09204101562,-2167.2373046875,56.5985027060252,20.8551804005038,9.256284,0,0,0,40,4449,299.916,-2222.16467285156,,,,,,,,,,,,,0,,,,10.58244515,,,,,,299.990036,,,,
,19448724.49,299.98928835,-2336.99841308594,9.56074576564871,0.00234158084996841,1,0.999253354069792,40.0298881530762,1.97988992068536,11.5000000223517,51.7289918289125,9.45031911024835,250,-0.0253805458902838,9.55890720118507,0.0147843045583529,299.988678,299.9898987,-2396.90478515625,-2277.09204101562,56.8509687177368,20.8489883608076,8.512546,0,0,0,40,4449,299.917,-2336.99841308594,,,,,,,,,,,,,0,,,,10.5295868,,,,,,299.98928835,,,,
,19448725.535,299.9883728,-2441.79528808594,9.54013198495368,0.0027982036766501,1,0.999253354069792,40.0298881530762,1.98006943551913,11.4900004118681,51.6208121335374,9.43732727986783,250,-0.0241142887400663,9.53829266829937,0.0159631810964357,299.9880676,299.988678,-2486.68579101562,-2396.90478515625,56.8447156895829,20.8529159848159,8.512546,0,0,0,40,4449,299.91755,-2441.79528808594,,,,,,,,,,,,,0,,,,10.3741441,,,,,,299.9883728,,,,
,19448726.6,299.988266,-2546.62707519531,9.52064009434099,0.00244658583074191,1,0.999253354069792,40.0298881530762,1.97992389236332,11.4900004118681,51.5114926979722,9.41821980906091,250,-0.0239075665966918,9.51880394636995,0.0160876221980631,299.9880676,299.9884644,-2606.568359375,-2486.68579101562,57.4786164186792,20.8509008137438,8.512546,0,0,0,40,4449,299.917,-2546.62707519531,,,,,,,,,,,,,0,,,,10.3741441,,,,,,299.988266,,,,
,19448727.83,299.98847965,-2668.08239746094,9.48283204937106,0.00526568616466353,1,0.999253354069792,40.0298881530762,1.97958851096225,11.4900004118681,51.3077993292247,9.32887605551768,250,-0.0331315464469362,9.48104233433064,0.00670593238375044,299.9884644,299.9884949,-2729.59643554687,-2606.568359375,57.383257739333,20.8488346822448,7.396941,0,0,0,40,4449,299.9186,-2668.08239746094,,,,,,,,,,,,,0,,,,10.63583375,,,,,,299.98847965,,,,
,19448728.93,299.9890442,-2777.17053222656,9.45429321385026,0.00223060475699162,1,0.999253354069792,40.0298881530762,1.97968677811655,11.4900004118681,51.1460462245752,9.35419118724328,250,-0.0232408050939252,9.45246761844528,0.0164742049286451,299.9884949,299.9895935,-2824.74462890625,-2729.59643554687,56.5883415352752,20.8469670501853,8.512546,0,0,0,40,4449,299.9193,-2777.17053222656,,,,,,,,,,,,,0,,,,10.6886921,,,,,,299.9890442,,,,
,19448729.95,299.98875425,-2880.87890625,9.42897578796269,0.00237616942247428,1,0.999253354069792,40.0298881530762,1.98006021971998,11.4900004118681,51.0176859642734,9.33508402446726,250,-0.022396912956179,9.42715193233242,0.0172112341449831,299.987915,299.9895935,-2937.01318359375,-2824.74462890625,56.9017745714868,20.8505684239558,8.512546,0,0,0,40,4449,299.91865,-2880.87890625,,,,,,,,,,,,,0,,,,10.6353035,,,,,,299.98875425,,,,
,19448731.1,299.9884491,-2997.33801269531,9.40832682773769,0.0028717366900981,1,0.999253354069792,40.0298881530762,1.97967370737171,11.4900004118681,50.898468919065,9.30100037410118,250,-0.0245418081837252,9.40651635037266,0.0149793769484554,299.987915,299.9889832,-3057.66284179687,-2937.01318359375,56.4507749158906,20.848213127491,8.884414,0,0,0,40,4449,299.91965,-2997.33801269531,,,,,,,,,,,,,0,,,,10.6886921,,,,,,299.9884491,,,,
,19448732.07,299.98887635,-3092.595703125,9.38614459671265,0.00230659499110607,1,0.999253354069792,40.0298881530762,1.97953095845538,11.4900004118681,50.7772402392069,9.26575709887886,250,-0.0268252008490006,9.38434811419941,0.012602851269814,299.9887695,299.9889832,-3127.52856445313,-3057.66284179687,57.555997642083,20.8513631877019,7.396941,0,0,0,40,4449,299.9197,-3092.595703125,,,,,,,,,,,,,0,,,,10.48039105,,,,,,299.98887635,,,,
,19448733.045,299.9885864,-3192.412109375,9.359407216857,0.00243492496347882,1,0.999253354069792,40.0298881530762,1.97968775432677,11.4900004118681,50.6333995401478,9.25684390995013,250,-0.0236475554745866,9.35760296468175,0.0156671472042433,299.9884033,299.9887695,-3257.29565429687,-3127.52856445313,56.9947883652753,20.8424357229222,8.512546,0,0,0,40,4449,299.91945,-3192.412109375,,,,,,,,,,,,,0,,,,10.3741441,,,,,,299.9885864,,,,
,19448734.305,299.9879303,-3322.55212402344,9.33243922026468,0.00275862982820894,1,0.999253354069792,40.0298881530762,1.97972928552782,11.4900004118681,50.4886234091361,9.22991262064044,250,-0.0236612986239064,9.3306408280231,0.0155391735426466,299.9874573,299.9884033,-3387.80859375,-3257.29565429687,56.7665528376599,20.8457768490906,8.512546,0,0,0,40,4449,299.92195,-3322.55212402344,,,,,,,,,,,,,0,,,,10.3741441,,,,,,299.9879303,,,,
,19448735.335,299.9875641,-3427.79345703125,9.30699855313668,0.00277103244487441,1,0.999253354069792,40.0298881530762,1.97969577142912,11.4900004118681,50.3520085688898,9.19462321682979,250,-0.0254411872751953,9.30521298935602,0.0136522264663795,299.9874573,299.9876709,-3467.7783203125,-3387.80859375,56.5992843345444,20.8455370443674,7.768809,0,0,0,40,4449,299.9226,-3427.79345703125,,,,,,,,,,,,,0,,,,10.42700245,,,,,,299.9875641,,,,
,19448736.32,299.9877167,-3522.78491210937,9.28025065386182,0.00273815978763389,1,0.999253354069792,40.0298881530762,1.97989389574209,11.5000000223517,50.2107120564841,9.17711708947172,250,-0.0238841508390065,9.2784639550001,0.0150964206806484,299.9876709,299.9877625,-3577.79150390625,-3467.7783203125,56.2835064127752,20.848466504382,7.396941,0,0,0,40,4449,299.92105,-3522.78491210937,,,,,,,,,,,,,0,,,,10.58244515,,,,,,299.9877167,,,,
,19448737.445,299.9877167,-3632.6416015625,9.25814255963706,0.00235628222319015,1,0.999253354069792,40.0298881530762,1.97983760569369,11.4900004118681,50.091351303784,9.1461362753357,250,-0.0254660870480092,9.25636703736852,0.013421560418696,299.9876709,299.9877625,-3687.49169921875,-3577.79150390625,56.3053920113137,20.8488709290191,9.256284,0,0,0,40,4449,299.9204,-3632.6416015625,,,,,,,,,,,,,0,,,,10.63583375,,,,,,299.9877167,,,,
,19448738.43,299.98779295,-3732.53125,9.2305375988671,0.00251066726559582,1,0.999253354069792,40.0298881530762,1.97983760569369,11.4900004118681,49.940783146973,9.12539703646593,250,-0.0241816397335588,9.22876233288421,0.0145891376723267,299.9876709,299.987915,-3777.57080078125,-3687.49169921875,57.0737328457176,20.8488709290191,7.396941,0,0,0,40,4449,299.92185,-3732.53125,,,,,,,,,,,,,0,,,,10.48039105,,,,,,299.98779295,,,,
,19448739.425,299.98809815,-3832.56872558594,9.21091089792289,0.0026103431179631,1,0.999253354069792,40.0298881530762,1.97961851931666,11.4900004118681,49.8303792666559,9.09873731066583,250,-0.0252897825933895,9.20914423809054,0.013398102837683,299.987915,299.9882813,-3887.56665039063,-3777.57080078125,57.4723633905253,20.8509794119653,8.512546,0,0,0,40,4449,299.9234,-3832.56872558594,,,,,,,,,,,,,0,,,,10.3741441,,,,,,299.98809815,,,,
,19448740.675,299.98837285,-3957.52380371094,9.15748474016747,0.00249107900443176,1,0.999253354069792,40.0298881530762,1.97964707481665,11.5000000223517,49.5400032578152,9.0570961079119,250,-0.0231069137345815,9.15571973713366,0.0153555896026453,299.9882813,299.9884644,-4027.48095703125,-3887.56665039063,56.2264475308713,20.8509489092493,7.768809,0,0,0,40,4449,299.9234,-3957.52380371094,,,,,,,,,,,,,0,,,,10.58244515,,,,,,299.98837285,,,,
,19448741.915,299.9883881,-4082.306640625,9.12834132234293,0.00302339451740432,1,0.999253354069792,40.0298881530762,1.97978149209027,11.4900004118681,49.384284571471,9.03604244940456,250,-0.021706348886141,9.12657642426388,0.0166327830697633,299.9883118,299.9884644,-4137.13232421875,-4027.48095703125,57.0604451608906,20.8400684500793,8.884414,0,0,0,40,4449,299.92425,-4082.306640625,,,,,,,,,,,,,0,,,,10.6886921,,,,,,299.9883881,,,,
,19448742.92,299.988678,-4182.11059570313,9.10029896799034,0.00298022627865613,1,0.999253354069792,40.0298881530762,1.9796291949844,11.4900004118681,49.2296598267336,9.00340894104241,250,-0.0224155603749242,9.09854271094976,0.0158053378231371,299.9883118,299.9890442,-4227.0888671875,-4137.13232421875,57.3965454241599,20.8424736739033,8.512546,0,0,0,40,4449,299.9253,-4182.11059570313,,,,,,,,,,,,,0,,,,10.5316887,,,,,,299.988678,,,,
,19448743.97,299.98831175,-4284.6171875,9.08073669451356,0.00298774781282983,1,0.999253354069792,40.0298881530762,1.97952183183588,11.4900004118681,49.1219420532406,8.97977498269896,250,-0.0230706701927895,9.07898732746339,0.0150678024775777,299.9875793,299.9890442,-4342.1455078125,-4227.0888671875,56.668849272756,20.8500976815662,7.396941,0,0,0,40,4449,299.9249,-4284.6171875,,,,,,,,,,,,,0,,,,10.42544175,,,,,,299.98831175,,,,
,19448745.08,299.98764035,-4394.17456054687,9.05401921760072,0.00274403738906615,1,0.999253354069792,40.0298881530762,1.97948017016249,11.4900004118681,48.9749415613499,8.96109420397014,250,-0.0215368743266648,9.05226911392371,0.0164885802299296,299.9875793,299.9877014,-4446.20361328125,-4342.1455078125,56.7900016932368,20.8517495812474,8.884414,0,0,0,40,4449,299.92495,-4394.17456054687,,,,,,,,,,,,,0,,,,10.3741441,,,,,,299.98764035,,,,
,19448746.095,299.98771665,-4496.68286132812,9.02430046559945,0.00276322656373616,1,0.999253354069792,40.0298881530762,1.97961666841157,11.4900004118681,48.8206883758942,8.91492801091938,250,-0.0246748173088954,9.02256961805466,0.0132258109408803,299.9877014,299.9877319,-4547.162109375,-4446.20361328125,55.8966002957559,20.8507709088796,8.512546,0,0,0,40,4449,299.92625,-4496.68286132812,,,,,,,,,,,,,0,,,,10.48039105,,,,,,299.98771665,,,,
,19448747.165,299.98831175,-4607.20947265625,8.99570408707089,0.00280440783711891,1,0.999253354069792,40.0298881530762,1.97994106026331,11.5000000223517,48.6716325894213,8.89958221445286,250,-0.02247267190362,8.99396965449651,0.0153069315489072,299.9877319,299.9888916,-4667.2568359375,-4547.162109375,57.373096568583,20.8484542896061,9.256284,0,0,0,40,4449,299.92615,-4607.20947265625,,,,,,,,,,,,,0,,,,10.6886921,,,,,,299.98831175,,,,
,19448748.365,299.98905945,-4727.22729492188,8.96769262316419,0.00262795014640217,1,0.999253354069792,40.0298881530762,1.97945511894579,11.4900004118681,48.5075281610137,8.87476504226516,250,-0.0214739505932661,8.96595948669038,0.0161873749342665,299.9888916,299.9892273,-4787.19775390625,-4667.2568359375,57.5911709254484,20.8485272860344,9.256284,0,0,0,40,4449,299.92545,-4727.22729492188,,,,,,,,,,,,,0,,,,10.4783001,,,,,,299.98905945,,,,
,19448749.46,299.9885559,-4837.11669921875,8.93789250680711,0.00282024069292112,1,0.999253354069792,40.0298881530762,1.97959121977302,11.5000000223517,48.3497353651075,8.84502174702662,250,-0.0215584136431913,8.93616599996879,0.0159772649012701,299.9878845,299.9892273,-4887.03564453125,-4787.19775390625,57.129228470583,20.8430194964357,7.396941,0,0,0,40,4449,299.9256,-4837.11669921875,,,,,,,,,,,,,0,,,,10.42544175,,,,,,299.9885559,,,,
,19448750.535,299.98872375,-4946.908203125,8.91013817320215,0.00296734670456063,1,0.999253354069792,40.0298881530762,1.97970583734983,11.4900004118681,48.2019395859043,8.82010393860098,250,-0.0211116828573222,8.90841543904698,0.0163067141588774,299.9878845,299.989563,-5006.78076171875,-4887.03564453125,57.4113963660253,20.8471261768684,8.512546,0,0,0,40,4449,299.92655,-4946.908203125,,,,,,,,,,,,,0,,,,10.58244515,,,,,,299.98872375,,,,
,19448751.735,299.9890747,-5066.6591796875,8.85401321753782,0.00288736557257818,1,0.999253354069792,40.0298881530762,1.9796837356611,11.4900004118681,47.8974334517193,8.76639353391304,250,-0.0206186915672923,8.85229977491414,0.0165632353525266,299.9885864,299.989563,-5126.53759765625,-5006.78076171875,56.8666012881214,20.8490624831354,7.396941,0,0,0,40,4449,299.92755,-5066.6591796875,,,,,,,,,,,,,0,,,,10.6886921,,,,,,299.9890747,,,,
,19448752.91,299.98861695,-5181.5615234375,8.82338888384225,0.00298515875481429,1,0.999253354069792,40.0298881530762,1.97935363897425,11.5000000223517,47.7240676145718,8.7343053702165,250,-0.0206107728290568,8.82168184414397,0.0164419153759361,299.9885864,299.9886475,-5236.58544921875,-5126.53759765625,56.3178980676213,20.8485899394741,8.512546,0,0,0,40,4449,299.92835,-5181.5615234375,,,,,,,,,,,,,0,,,,10.7420807,,,,,,299.98861695,,,,
,19448753.965,299.98854065,-5286.57104492188,8.79583735213804,0.00317705062699826,1,0.999253354069792,40.0298881530762,1.97971752133388,11.5000000223517,47.5845859019597,8.70315708876535,250,-0.0215513020420676,8.79413992939892,0.015385443225994,299.9884338,299.9886475,-5336.556640625,-5236.58544921875,56.9080275996406,20.8445239431367,7.396941,0,0,0,40,4449,299.9281,-5286.57104492188,,,,,,,,,,,,,0,,,,10.63583375,,,,,,299.98854065,,,,
,19448755.02,299.9888153,-5391.544921875,8.76520945431022,0.00288945200111475,1,0.999253354069792,40.0298881530762,1.97957724837041,11.4900004118681,47.4161144211347,8.66955436043671,250,-0.021975807350733,8.7635198970268,0.0148329914022582,299.9884338,299.9891968,-5446.533203125,-5336.556640625,56.8478422036599,20.8475909193687,7.396941,0,0,0,40,4449,299.92085,-5391.544921875,,,,,,,,,,,,,0,,,,10.42544175,,,,,,299.9888153,,,,
,19448756.07,299.98866275,-5492.35009765625,8.7360373050734,0.00260526133865825,1,0.999253354069792,40.0298881530762,1.97964860050291,11.4900004118681,47.257804372499,8.65266666633262,250,-0.0197461140057463,8.73434434306064,0.0169399700693558,299.9881287,299.9891968,-5538.1669921875,-5446.533203125,56.9353845978137,20.8457523139773,8.512546,0,0,0,40,4449,299.91605,-5492.35009765625,,,,,,,,,,,,,0,,,,10.3212967,,,,,,299.98866275,,,,
,19448757.07,299.98828125,-5591.10522460937,8.71061375485748,0.00306681715177536,1,0.999253354069792,40.0298881530762,1.97963206950935,11.5000000223517,47.1217985642634,8.6171353599333,250,-0.0215891792230751,8.70893388754617,0.0149898401997326,299.9881287,299.9884338,-5644.04345703125,-5538.1669921875,57.2675767184868,20.8553140644488,9.256284,0,0,0,40,4449,299.91765,-5591.10522460937,,,,,,,,,,,,,0,,,,10.42544175,,,,,,299.98828125,,,,
,19448758.155,299.9881897,-5705.61303710937,8.68037892163741,0.00337388685792831,1,0.999253354069792,40.0298881530762,1.97970976735798,11.4900004118681,46.9602624922641,8.58632971673899,250,-0.0217397535697047,8.67870594358131,0.0147114769734936,299.9879456,299.9884338,-5767.1826171875,-5644.04345703125,56.7915649502752,20.8584447588723,7.396941,0,0,0,40,4449,299.92,-5705.61303710937,,,,,,,,,,,,,0,,,,10.5295868,,,,,,299.9881897,,,,
,19448759.19,299.98832705,-5812.41333007812,8.64729036262359,0.00271833212490862,1,0.999253354069792,40.0298881530762,1.97966845205458,11.5000000223517,46.7828069112938,8.53992482513143,250,-0.0241529671357639,8.64563426198769,0.0121591498507395,299.9879456,299.9887085,-5857.64404296875,-5767.1826171875,57.0354330482753,20.8465727913536,8.512546,0,0,0,40,4449,299.92125,-5812.41333007812,,,,,,,,,,,,,0,,,,10.42544175,,,,,,299.98832705,,,,
,19448760.23,299.98872375,-5912.416015625,8.61533480726741,0.00280177174479277,1,0.999253354069792,40.0298881530762,1.97978809892353,11.4900004118681,46.6115952685841,8.5146690941644,250,-0.0229903083091787,8.61368024629295,0.0131868458105753,299.9887085,299.988739,-5967.18798828125,-5857.64404296875,57.5583425276407,20.8564586509925,9.256284,0,0,0,40,4449,299.9219,-5912.416015625,,,,,,,,,,,,,0,,,,10.58561375,,,,,,299.98872375,,,,
,19448761.4,299.98880005,-6026.9697265625,8.58051421115472,0.00289056544383938,1,0.999253354069792,40.0298881530762,1.97953011227231,11.4900004118681,46.4132010713267,8.50130858223576,250,-0.0188035076058632,8.57884920064747,0.0172257975166363,299.988739,299.9888611,-6086.75146484375,-5967.18798828125,57.3598088837561,20.8537318664729,8.512546,0,0,0,40,4449,299.9238,-6026.9697265625,,,,,,,,,,,,,0,,,,10.74261715,,,,,,299.98880005,,,,
,19448762.475,299.9890442,-6136.6904296875,8.55482727187998,0.0031721691172354,1,0.999253354069792,40.0298881530762,1.97943834211614,11.4900004118681,46.2744982000257,8.46288834746618,250,-0.0210748018485728,8.55317698595415,0.0148466456491429,299.9888611,299.9892273,-6186.62939453125,-6086.75146484375,56.2936675835252,20.8518378142974,7.396941,0,0,0,40,4449,299.92355,-6136.6904296875,,,,,,,,,,,,,0,,,,10.58244515,,,,,,299.9890442,,,,
,19448763.5,299.9896698,-6241.53564453125,8.52036155449282,0.00268640923694512,1,0.999253354069792,40.0298881530762,1.97958216888351,11.5000000223517,46.0902809583324,8.43506287444811,250,-0.0199404477375254,8.51871334658876,0.0158357294073815,299.9892273,299.9901123,-6296.44189453125,-6186.62939453125,57.1956668947176,20.8523659422034,9.256284,0,0,0,40,4449,299.9225,-6241.53564453125,,,,,,,,,,,,,0,,,,10.5295868,,,,,,299.9896698,,,,
,19448764.665,299.99032595,-6354.04931640625,8.46077271201442,0.005701261684513,1,0.999253354069792,40.0298881530762,1.97961447898531,11.5000000223517,45.7666873233808,8.38688159172943,250,-0.0178254646627853,8.45912760640333,0.0176993250501716,299.9901123,299.9905396,-6411.65673828125,-6296.44189453125,56.3866813773137,20.8535899546309,8.884414,0,0,0,40,4449,299.92435,-6354.04931640625,,,,,,,,,,,,,0,,,,10.58244515,,,,,,299.99032595,,,,
,19448765.835,299.9900513,-6468.998046875,8.43105390173513,0.00338561597166079,1,0.999253354069792,40.0298881530762,1.97956480555245,11.4900004118681,45.6077371090936,8.34145733973121,250,-0.0206768877934206,8.42942696941391,0.014722917223567,299.989563,299.9905396,-6526.33935546875,-6411.65673828125,57.2277136640061,20.8556311505571,8.512546,0,0,0,40,4449,299.92625,-6468.998046875,,,,,,,,,,,,,0,,,,10.6886921,,,,,,299.9900513,,,,
,19448766.865,299.9893036,-6577.20483398438,8.39627963753357,0.00331566158531402,1,0.999253354069792,40.0298881530762,1.97941336589818,11.4900004118681,45.4146417078831,8.31504253924239,250,-0.0189987900661555,8.39465299931319,0.0162542690827166,299.9890442,299.989563,-6628.0703125,-6526.33935546875,56.0029017743713,20.8470601417783,7.768809,0,0,0,40,4449,299.92565,-6577.20483398438,,,,,,,,,,,,,0,,,,10.7420807,,,,,,299.9893036,,,,
,19448767.965,299.9897766,-6688.21020507812,8.35997006321807,0.0034149500072625,1,0.999253354069792,40.0298881530762,1.97959537187437,11.4900004118681,45.2231073776842,8.27548302679409,250,-0.0197192140169795,8.35835375376167,0.0153808107868723,299.9890442,299.990509,-6748.35009765625,-6628.0703125,57.2214606358522,20.8499571276781,7.396941,0,0,0,40,4449,299.92735,-6688.21020507812,,,,,,,,,,,,,0,,,,10.63583375,,,,,,299.9897766,,,,
,19448769.155,299.99015805,-6803.28588867187,8.32572489526078,0.00337314345570315,1,0.999253354069792,40.0298881530762,1.97942887726592,11.4900004118681,45.0339714097951,8.2419447589944,250,-0.0194459811145755,8.3241143443089,0.0155095634568229,299.9898071,299.990509,-6858.2216796875,-6748.35009765625,57.5395834431792,20.852747119259,9.256284,0,0,0,40,4449,299.9283,-6803.28588867187,,,,,,,,,,,,,0,,,,10.58244515,,,,,,299.99015805,,,,
,19448770.165,299.9899597,-6903.17626953125,8.29578844836932,0.00359185715336123,1,0.999253354069792,40.0298881530762,1.97953904197465,11.4900004118681,44.8734221131947,8.21846666020776,250,-0.0183194104777797,8.29417934960777,0.0165098483025057,299.9898071,299.9901123,-6948.130859375,-6858.2216796875,57.0471574760637,20.8447353172125,9.256284,0,0,0,40,4449,299.92775,-6903.17626953125,,,,,,,,,,,,,0,,,,10.6353035,,,,,,299.9899597,,,,
,19448771.18,299.9894867,-7008.05395507812,8.26099682806128,0.00324914266439116,1,0.999253354069792,40.0298881530762,1.97971092833968,11.4900004118681,44.6898259531966,8.1803121679761,250,-0.0190519909232623,8.2593980840871,0.0156306830841985,299.9888611,299.9901123,-7067.97705078125,-6948.130859375,57.6005504676792,20.8581162851397,8.512546,0,0,0,40,4449,299.9292,-7008.05395507812,,,,,,,,,,,,,0,,,,10.6353035,,,,,,299.9894867,,,,
,19448772.235,299.98973085,-7112.93090820312,8.22833488618114,0.00316397796238788,1,0.999253354069792,40.0298881530762,1.97953459462643,11.4900004118681,44.5111723966734,8.13698046627395,250,-0.0208775480975321,8.22675041890879,0.0136678571373002,299.9888611,299.9906006,-7157.884765625,-7067.97705078125,57.7529680289292,20.8543341321105,7.396941,0,0,0,40,4449,299.92955,-7112.93090820312,,,,,,,,,,,,,0,,,,10.58244515,,,,,,299.98973085,,,,
,19448773.25,299.99050905,-7212.90673828125,8.19491652079776,0.0030759123243025,1,0.999253354069792,40.0298881530762,1.97970757111247,11.4900004118681,44.3330287364289,8.11079544735017,250,-0.0196508144821909,8.19333351548792,0.0147534698991948,299.9904175,299.9906006,-7267.9287109375,-7157.884765625,56.7712426087752,20.8505053989526,8.512546,0,0,0,40,4449,299.9305,-7212.90673828125,,,,,,,,,,,,,0,,,,10.63583375,,,,,,299.99050905,,,,
,19448774.365,299.98986815,-7327.85107421875,8.15752188960743,0.00325369180971769,1,0.999253354069792,40.0298881530762,1.97960344640077,11.4900004118681,44.1256228910535,8.0887130627317,250,-0.0167231145647225,8.15593444481794,0.0175229953651101,299.9893188,299.9904175,-7387.7734375,-7267.9287109375,57.1315733561406,20.8481180976645,8.512546,0,0,0,40,4449,299.9311,-7327.85107421875,,,,,,,,,,,,,0,,,,10.5316887,,,,,,299.98986815,,,,
,19448775.465,299.99057005,-7437.72875976563,8.12392363987733,0.00338765573972531,1,0.999253354069792,40.0298881530762,1.97958670600734,11.4900004118681,43.9456234912481,8.04398770001754,250,-0.0187518620318446,8.12235136049448,0.0153532850401502,299.9893188,299.9918213,-7487.68408203125,-7387.7734375,57.5309855294676,20.851363351625,7.396941,0,0,0,40,4449,299.9299,-7437.72875976563,,,,,,,,,,,,,0,,,,10.4783001,,,,,,299.99057005,,,,
,19448776.53,299.99142455,-7542.64477539063,8.09015868574128,0.00367898693690418,1,0.999253354069792,40.0298881530762,1.97958589929033,11.5000000223517,43.763091118285,8.00982621515608,250,-0.0188074068670687,8.08859331041481,0.0151553452480573,299.9910278,299.9918213,-7597.60546875,-7487.68408203125,57.0776409883137,20.8493729751051,8.512546,0,0,0,40,4449,299.93135,-7542.64477539063,,,,,,,,,,,,,0,,,,10.6353035,,,,,,299.99142455,,,,
,19448777.675,299.9901733,-7657.65649414062,8.02099215914724,0.00300872848331481,1,0.999253354069792,40.0298881530762,1.97931514465257,11.4900004118681,43.3825353705243,7.94362310162689,250,-0.0180290614044973,8.01943799858286,0.0156426349005759,299.9893188,299.9910278,-7717.70751953125,-7597.60546875,57.2769562607176,20.8518982297901,7.396941,0,0,0,40,4449,299.9317,-7657.65649414062,,,,,,,,,,,,,0,,,,10.6353035,,,,,,299.9901733,,,,
,19448778.84,299.9899139,-7772.73022460937,7.98636460865509,0.00317335045854899,1,0.999253354069792,40.0298881530762,1.97948273074872,11.4900004118681,43.1979207758498,7.9148104823603,250,-0.0170578154234545,7.9848135352441,0.0164677943341717,299.9893188,299.990509,-7827.7529296875,-7717.70751953125,57.0995265868522,20.8530395152485,7.396941,0,0,0,40,4449,299.93185,-7772.73022460937,,,,,,,,,,,,,0,,,,10.6353035,,,,,,299.9899139,,,,
,19448779.945,299.9911499,-7882.73779296875,7.95194845456691,0.00319105672401106,1,0.999253354069792,40.0298881530762,1.97961718159704,11.4900004118681,43.0179407457794,7.86327920918697,250,-0.020302441053721,7.95041769261486,0.0130787130211002,299.990509,299.9917908,-7937.72265625,-7827.7529296875,57.1628384969099,20.8492976700466,8.512546,0,0,0,40,4449,299.93305,-7882.73779296875,,,,,,,,,,,,,0,,,,10.58244515,,,,,,299.9911499,,,,
,19448781.105,299.9919281,-8002.79052734375,7.91523471565906,0.00328327674888068,1,0.999253354069792,40.0298881530762,1.9797708846397,11.4900004118681,42.8189188810788,7.84726208839546,250,-0.0165663017895918,7.91369553973303,0.0166596346331198,299.9917908,299.9920654,-8067.8583984375,-7937.72265625,57.2980602307368,20.8470092033136,8.512546,0,0,0,40,4449,299.93165,-8002.79052734375,,,,,,,,,,,,,0,,,,10.58244515,,,,,,299.9919281,,,,
,19448782.21,299.9925232,-8112.88745117187,7.88097166192441,0.00318054465252104,1,0.999253354069792,40.0298881530762,1.97953569319112,11.4900004118681,42.6310328209256,7.79940676971951,250,-0.0188948852755716,7.87944909819159,0.0141872095796472,299.9920654,299.992981,-8157.91650390625,-8067.8583984375,56.2037803038136,20.8531866452561,9.256284,0,0,0,40,4449,299.9317,-8112.88745117187,,,,,,,,,,,,,0,,,,10.6353035,,,,,,299.9925232,,,,
,19448783.15,299.992981,-8202.83618164062,7.84559781263199,0.00341966638668753,1,0.999253354069792,40.0298881530762,1.97955218627249,11.4900004118681,42.4395471090907,7.76705137087119,250,-0.0183307397029153,7.84407998133339,0.0146023182532781,299.992981,299.992981,-8247.755859375,-8157.91650390625,57.1409528983714,20.8525303513078,8.884414,0,0,0,40,4449,299.93205,-8202.83618164062,,,,,,,,,,,,,0,,,,10.4783001,,,,,,299.992981,,,,
,19448784.17,299.99354555,-8307.77294921875,7.81229870364963,0.00292725286100883,1,0.999253354069792,40.0298881530762,1.97970452385583,11.5000000223517,42.2630963850224,7.73194695582472,250,-0.0187552891788991,7.81078930744361,0.0140375960109059,299.992981,299.9941101,-8367.7900390625,-8247.755859375,56.4585912010829,20.8516502487285,8.512546,0,0,0,40,4449,299.93225,-8307.77294921875,,,,,,,,,,,,,0,,,,10.4783001,,,,,,299.99354555,,,,
,19448785.16,299.9941101,-8407.85009765625,7.77288407383907,0.00282655762470067,1,0.999253354069792,40.0298881530762,1.97951701526084,11.4900004118681,42.0454761450438,7.69497140871232,250,-0.0181526017641486,7.77138004299642,0.0144742659936256,299.9941101,299.9941101,-8447.91015625,-8367.7900390625,56.4875114562944,20.8530953524123,8.884414,0,0,0,40,4449,299.9324,-8407.85009765625,,,,,,,,,,,,,0,,,,10.4783001,,,,,,299.9941101,,,,
,19448786.155,299.9936371,-8502.8896484375,7.73762432668211,0.00350580336487648,1,0.999253354069792,40.0298881530762,1.97967189209675,11.4900004118681,41.8581261377245,7.65965863501631,250,-0.0182532983389759,7.73612804668204,0.0142253391922619,299.9931641,299.9941101,-8557.869140625,-8447.91015625,57.2425646058714,20.853891052536,9.256284,0,0,0,40,4449,299.93115,-8502.8896484375,,,,,,,,,,,,,0,,,,10.3212967,,,,,,299.9936371,,,,
,19448787.18,299.9936066,-8607.90869140625,7.69803970680407,0.00368073715539294,1,0.999253354069792,40.0298881530762,1.97949051010565,11.5000000223517,41.6398740177816,7.62189733517315,250,-0.0177699024419193,7.6965495115967,0.0145418854033519,299.9931641,299.9940491,-8657.9482421875,-8557.869140625,56.9111541137176,20.8577206250392,8.512546,0,0,0,40,4449,299.9323,-8607.90869140625,,,,,,,,,,,,,0,,,,10.58561375,,,,,,299.9936066,,,,
,19448788.14,299.993866,-8707.970703125,7.66233314526034,0.00332859744752828,1,0.999253354069792,40.0298881530762,1.97954752764859,11.4900004118681,41.4494051798383,7.57861878721886,250,-0.019192093355174,7.66085615356463,0.0129695983682497,299.9936829,299.9940491,-8757.9931640625,-8657.9482421875,56.9994781363906,20.8549096770448,8.512546,0,0,0,40,4449,299.93295,-8707.970703125,,,,,,,,,,,,,0,,,,10.74261715,,,,,,299.993866,,,,
,19448789.275,299.9942017,-8818.07177734375,7.62501950496305,0.00362301931932319,1,0.999253354069792,40.0298881530762,1.97970299371361,11.4900004118681,41.247050801639,7.56205838417748,250,-0.0154425668642724,7.62353430126824,0.0165614069411704,299.9936829,299.9947205,-8878.150390625,-8757.9931640625,56.7149653553906,20.8545191436394,9.256284,0,0,0,40,4449,299.9319,-8818.07177734375,,,,,,,,,,,,,0,,,,10.4783001,,,,,,299.9942017,,,,
,19448790.36,299.9942627,-8923.1015625,7.59098070464552,0.00330908711107907,1,0.999253354069792,40.0298881530762,1.97970299371361,11.4900004118681,41.0668096410047,7.50732522491522,250,-0.0192523368073045,7.58951842187558,0.0126092432073564,299.9938049,299.9947205,-8968.052734375,-8878.150390625,56.6430555316214,20.8545191436394,8.512546,0,0,0,40,4449,299.9307,-8923.1015625,,,,,,,,,,,,,0,,,,10.5316887,,,,,,299.9942627,,,,
,19448791.375,299.9931793,-9028.05078125,7.55208827352978,0.00368851088167244,1,0.999253354069792,40.0298881530762,1.97962838924964,11.5000000223517,40.8522032681768,7.48315008164,250,-0.0164600736349029,7.55062251665837,0.0152373287931242,299.9925537,299.9938049,-9088.048828125,-8968.052734375,56.3288408668906,20.8522625094184,7.396941,0,0,0,40,4449,299.9301,-9028.05078125,,,,,,,,,,,,,0,,,,10.6886921,,,,,,299.9931793,,,,
,19448792.48,299.9931793,-9138.05126953125,7.51376690270451,0.00311695571171652,1,0.999253354069792,40.0298881530762,1.97938554209186,11.4900004118681,40.6429820857067,7.42844781625863,250,-0.0193056437600532,7.51232093892555,0.0122308484768466,299.9925537,299.9938049,-9188.0537109375,-9088.048828125,56.6188250475252,20.8537289727151,8.140677,0,0,0,40,4449,299.93155,-9138.05126953125,,,,,,,,,,,,,0,,,,10.4783001,,,,,,299.9931793,,,,
,19448793.47,299.9941406,-9238.0458984375,7.4761521552536,0.00307442333417031,1,0.999253354069792,40.0298881530762,1.97938554209186,11.4900004118681,40.435721649573,7.4117307602238,250,-0.0154223976237051,7.47469730355525,0.0159551409170441,299.9938049,299.9944763,-9288.0380859375,-9188.0537109375,57.6279074658522,20.8537289727151,8.512546,0,0,0,40,4449,299.9305,-9238.0458984375,,,,,,,,,,,,,0,,,,10.4783001,,,,,,299.9941406,,,,
,19448794.555,299.99467465,-9348.158203125,7.40091533895798,0.00361309991165809,1,0.999253354069792,40.0298881530762,1.97966056641656,11.4900004118681,40.0373465980614,7.32126460612651,250,-0.0183871050601046,7.39948810412136,0.0126749958557357,299.9944763,299.994873,-9408.2783203125,-9288.0380859375,57.1612752398714,20.8548429420011,8.512546,0,0,0,40,4449,299.92905,-9348.158203125,,,,,,,,,,,,,0,,,,10.74261715,,,,,,299.99467465,,,,
,19448795.82,299.9949951,-9473.2568359375,7.36156759810626,0.00360263470605807,1,0.999253354069792,40.0298881530762,1.97952623436431,11.4900004118681,39.8208461243657,7.28726045300686,250,-0.0172896003258547,7.3601437289917,0.0136065181478172,299.994873,299.9951172,-9538.2353515625,-9408.2783203125,56.333530638006,20.8547069303511,8.512546,0,0,0,40,4449,299.9298,-9473.2568359375,,,,,,,,,,,,,0,,,,10.6897588,,,,,,299.9949951,,,,
,19448796.905,299.99510195,-9583.263671875,7.32136011640564,0.00402620142243808,1,0.999253354069792,40.0298881530762,1.97950543572279,11.4900004118681,39.6006632683544,7.25969768916844,250,-0.0149173065473599,7.31993448914119,0.0158090455214523,299.9950867,299.9951172,-9628.2919921875,-9538.2353515625,56.6454004171791,20.8523996405909,8.512546,0,0,0,40,4449,299.93045,-9583.263671875,,,,,,,,,,,,,0,,,,10.58244515,,,,,,299.99510195,,,,
,19448797.945,299.9953766,-9688.35400390625,7.28152374495649,0.00365656764962354,1,0.999253354069792,40.0298881530762,1.97949356799244,11.4900004118681,39.3875783753063,7.20603866199055,250,-0.0174466120633876,7.28011678134529,0.0131128126880626,299.9950867,299.9956665,-9748.416015625,-9628.2919921875,56.9338213407753,20.8553846778272,8.512546,0,0,0,40,4449,299.92895,-9688.35400390625,,,,,,,,,,,,,0,,,,10.4783001,,,,,,299.9953766,,,,
,19448799.13,299.99549865,-9808.45703125,7.24351538977482,0.00340797753081344,1,0.999253354069792,40.0298881530762,1.97944687814359,11.4900004118681,39.1800878292054,7.17361103348594,250,-0.0163655266725254,7.24211160262516,0.0140339772376606,299.9953308,299.9956665,-9868.498046875,-9748.416015625,57.6255625802946,20.8514298494734,9.256284,0,0,0,40,4449,299.92635,-9808.45703125,,,,,,,,,,,,,0,,,,10.3212967,,,,,,299.99549865,,,,
,19448800.23,299.99546815,-9918.84912109375,7.20473308996012,0.00327023733407754,1,0.999253354069792,40.0298881530762,1.97937848793756,11.5000000223517,38.9688184701152,7.13595130494861,250,-0.0160945412407485,7.20333610404646,0.0141416733179297,299.9953308,299.9956055,-9969.2001953125,-9868.498046875,57.0932735586983,20.8565466669621,7.396941,0,0,0,40,4449,299.9265,-9918.84912109375,,,,,,,,,,,,,0,,,,10.58561375,,,,,,299.99546815,,,,
,19448801.265,299.995636,-10019.3349609375,7.16247328770218,0.00368216040194676,1,0.999253354069792,40.0298881530762,1.97963363848651,11.4900004118681,38.7445653765759,7.09795332837317,250,-0.0154510169573239,7.16108219653657,0.0146072155763124,299.9956055,299.9956665,-10069.4697265625,-9969.2001953125,56.7946914643522,20.8582338808425,8.884414,0,0,0,40,4449,299.92725,-10019.3349609375,,,,,,,,,,,,,0,,,,10.79600575,,,,,,299.995636,,,,
,19448802.33,299.99591065,-10124.4877929688,7.12384951478602,0.00386121995455519,1,0.999253354069792,40.0298881530762,1.97946970166093,11.4900004118681,38.5322286137205,7.0606876615001,250,-0.0150749921225275,7.12246466221916,0.0148206968613941,299.9956665,299.9961548,-10179.505859375,-10069.4697265625,57.5434915857753,20.8502754496436,9.256284,0,0,0,40,4449,299.9268,-10124.4877929688,,,,,,,,,,,,,0,,,,10.6886921,,,,,,299.99591065,,,,
,19448803.29,299.9966278,-10224.5478515625,7.0852312991421,0.00306632895308824,1,0.999253354069792,40.0298881530762,1.97939847961568,11.4900004118681,38.3215875913406,7.02439205813476,250,-0.0145810743894354,7.08385206776336,0.0151521420545913,299.9961548,299.9971008,-10269.58984375,-10179.505859375,56.4976726270444,20.8486919537696,7.768809,0,0,0,40,4449,299.92595,-10224.5478515625,,,,,,,,,,,,,0,,,,10.58244515,,,,,,299.9966278,,,,
,19448804.26,299.9971008,-10319.59375,7.04391638401477,0.00367094202613877,1,0.999253354069792,40.0298881530762,1.9795233329007,11.4900004118681,38.1019057016112,6.97613412881223,250,-0.0159249256625906,7.04255109446192,0.0136349237849167,299.9971008,299.9971008,-10369.59765625,-10269.58984375,57.1589303543137,20.8553684652418,8.512546,0,0,0,40,4449,299.9249,-10319.59375,,,,,,,,,,,,,0,,,,10.42544175,,,,,,299.9971008,,,,
,19448805.33,299.99687195,-10424.6313476562,7.00426099398067,0.00347040703835425,1,0.999253354069792,40.0298881530762,1.97959949818894,11.4900004118681,37.8892217649451,6.93497840245414,250,-0.0162309913467442,7.0029051570584,0.0131620303541569,299.9966431,299.9971008,-10479.6650390625,-10369.59765625,56.2155047316021,20.8541575699819,7.396941,0,0,0,40,4449,299.92535,-10424.6313476562,,,,,,,,,,,,,0,,,,10.4783001,,,,,,299.99687195,,,,
,19448806.375,299.9964142,-10529.6977539062,6.96202662318728,0.00368954970856663,1,0.999253354069792,40.0298881530762,1.97959949818894,11.5000000223517,37.6615763886922,6.88874719563099,250,-0.01694914986029,6.96068254492338,0.0122663632699911,299.9961853,299.9966431,-10579.73046875,-10479.6650390625,56.7407590965252,20.8541575699819,7.396941,0,0,0,40,4449,299.92535,-10529.6977539062,,,,,,,,,,,,,0,,,,10.4783001,,,,,,299.9964142,,,,
,19448807.49,299.9968567,-10639.673828125,6.92306753036973,0.00418860262183436,1,0.999253354069792,40.0298881530762,1.97960946432878,11.5000000223517,37.4500958448988,6.85515035883405,250,-0.0159442614945219,6.92172707914376,0.0131071876932928,299.9961853,299.9975281,-10699.6171875,-10579.73046875,57.126101956506,20.8580352526023,7.396941,0,0,0,40,4449,299.92475,-10639.673828125,,,,,,,,,,,,,0,,,,10.3212967,,,,,,299.9968567,,,,
,19448808.555,299.9972229,-10749.6850585938,6.84025047040492,0.00379471734741634,1,0.999253354069792,40.0298881530762,1.9794531349978,11.4900004118681,36.9986624214297,6.77578943215808,250,-0.0151675611205401,6.83892355134752,0.0135357356194315,299.9969177,299.9975281,-10799.7529296875,-10699.6171875,57.1823792098907,20.8541929403877,7.396941,0,0,0,40,4449,299.9252,-10749.6850585938,,,,,,,,,,,,,0,,,,10.58561375,,,,,,299.9972229,,,,
,19448809.665,299.9970398,-10859.7104492187,6.79290717522146,0.00381703599614929,1,0.999253354069792,40.0298881530762,1.97950085734143,11.4900004118681,36.7413201752846,6.74053001855168,250,-0.0129390132696244,6.79158061906774,0.0155647356946163,299.9969177,299.9971619,-10919.66796875,-10799.7529296875,57.2644502044099,20.8527399649297,8.512546,0,0,0,40,4449,299.9252,-10859.7104492187,,,,,,,,,,,,,0,,,,10.74261715,,,,,,299.9970398,,,,
,19448810.86,299.9960785,-10974.705078125,6.75385662143407,0.00361198223584225,1,0.999253354069792,40.0298881530762,1.97956783985322,11.4900004118681,36.535460128058,6.67962975168552,250,-0.0170017770960285,6.75255533351079,0.011338481741857,299.9949951,299.9971619,-11029.7421875,-10919.66796875,57.3035316303714,20.8533029711449,9.256284,0,0,0,40,4449,299.9252,-10974.705078125,,,,,,,,,,,,,0,,,,10.6353035,,,,,,299.9960785,,,,
,19448811.915,299.99620055,-11084.7475585938,6.71032989495638,0.00449413412946222,1,0.999253354069792,40.0298881530762,1.97940111806158,11.5000000223517,36.2925360948635,6.66020268273432,250,-0.0124220035192948,6.70901824538763,0.0157343082225849,299.9949951,299.997406,-11139.7529296875,-11029.7421875,57.1362631272561,20.8481459333639,8.884414,0,0,0,40,4449,299.9247,-11084.7475585938,,,,,,,,,,,,,0,,,,10.6353035,,,,,,299.99620055,,,,
,19448812.92,299.9976349,-11189.78125,6.67070091100255,0.00418091060957533,1,0.999253354069792,40.0298881530762,1.97979807649201,11.4900004118681,36.0892951809399,6.60040288231121,250,-0.0163725089051345,6.66941357154033,0.0116179775664611,299.997406,299.9978638,-11239.8095703125,-11139.7529296875,56.9486722826406,20.8558114755864,7.396941,0,0,0,40,4449,299.9241,-11189.78125,,,,,,,,,,,,,0,,,,10.6353035,,,,,,299.9976349,,,,
,19448813.99,299.99809265,-11294.8540039062,6.62692348303273,0.00359481673106817,1,0.999253354069792,40.0298881530762,1.97947466068232,11.4900004118681,35.8439024566876,6.5713496505141,250,-0.0134333984256973,6.62563264383774,0.0143723572360903,299.9978638,299.9983215,-11349.8984375,-11239.8095703125,56.0279138869867,20.8582609777821,8.884414,0,0,0,40,4449,299.92445,-11294.8540039062,,,,,,,,,,,,,0,,,,10.4783001,,,,,,299.99809265,,,,
,19448815,299.9980774,-11394.9291992187,6.58175071137482,0.00434024427464354,1,0.999253354069792,40.0298881530762,1.97952742475008,11.4900004118681,35.5999086216027,6.52989532276224,250,-0.0127551783469198,6.58046625047023,0.0148605322880788,299.9978333,299.9983215,-11439.9599609375,-11349.8984375,55.8004599878905,20.8571233648888,9.256284,0,0,0,40,4449,299.9243,-11394.9291992187,,,,,,,,,,,,,0,,,,10.58561375,,,,,,299.9980774,,,,
,19448815.98,299.99743655,-11494.8833007813,6.53433404436103,0.00437599438827149,1,0.999253354069792,40.0298881530762,1.97942494734321,11.4900004118681,35.3413817125342,6.48399283199157,250,-0.0123913662318013,6.53305789333394,0.0150248899256287,299.9970398,299.9978333,-11549.806640625,-11439.9599609375,56.841589175506,20.8520316526304,7.396941,0,0,0,40,4449,299.92475,-11494.8833007813,,,,,,,,,,,,,0,,,,10.74261715,,,,,,299.99743655,,,,
,19448817.05,299.99775695,-11599.8471679688,6.49360192190655,0.00346851317533736,1,0.999253354069792,40.0298881530762,1.97945643589803,11.4900004118681,35.1248578355225,6.42623525260566,250,-0.0155390562482824,6.49234722812453,0.0117064342325221,299.9970398,299.9984741,-11649.8876953125,-11549.806640625,56.0802829977752,20.8591635615638,8.512546,0,0,0,40,4449,299.9257,-11599.8471679688,,,,,,,,,,,,,0,,,,10.6353035,,,,,,299.99775695,,,,
,19448818.04,299.99798585,-11694.8208007813,6.4502708868919,0.00417034104784041,1,0.999253354069792,40.0298881530762,1.97942986875333,11.4900004118681,34.8881838201903,6.39315587161497,250,-0.0136066528054763,6.44901686634317,0.0134563741752529,299.9974976,299.9984741,-11739.75390625,-11649.8876953125,56.7696793517368,20.8555849355113,8.512546,0,0,0,40,4449,299.92485,-11694.8208007813,,,,,,,,,,,,,0,,,,10.74261715,,,,,,299.99798585,,,,
,19448819.065,299.9983368,-11799.8325195313,6.40314937836825,0.00388987316943181,1,0.999253354069792,40.0298881530762,1.97950452696988,11.4900004118681,34.6314024381804,6.36385999095804,250,-0.0103304156249706,6.40189114049832,0.0165339259741417,299.9974976,299.999176,-11859.9111328125,-11739.75390625,57.1112510146407,20.8602873833611,9.256284,0,0,0,40,4449,299.9241,-11799.8325195313,,,,,,,,,,,,,0,,,,10.74261715,,,,,,299.9983368,,,,
,19448820.175,299.99848935,-11914.9926757813,6.35734807674532,0.00435493337532508,1,0.999253354069792,40.0298881530762,1.97950088096574,11.4900004118681,34.3873846151935,6.29805062020032,250,-0.0140064932579593,6.35611457282307,0.0126660527433823,299.9978027,299.999176,-11970.07421875,-11859.9111328125,57.5137897020446,20.8511520184093,9.256284,0,0,0,40,4449,299.9236,-11914.9926757813,,,,,,,,,,,,,0,,,,10.74261715,,,,,,299.99848935,,,,
,19448821.195,299.99838255,-12015.1005859375,6.312439637111,0.00323766345714571,1,0.999253354069792,40.0298881530762,1.97951932341456,11.5000000223517,34.144611417793,6.25453816047931,250,-0.0137369225862662,6.31121419727747,0.0127467359021951,299.9978027,299.9989624,-12060.126953125,-11970.07421875,57.4872143323907,20.8525049848693,8.512546,0,0,0,40,4449,299.92405,-12015.1005859375,,,,,,,,,,,,,0,,,,10.8499308,,,,,,299.99838255,,,,
,19448822.235,299.99884035,-12115.1196289062,6.26767185335859,0.0035625332008584,1,0.999253354069792,40.0298881530762,1.9796620383525,11.4799998700619,33.9066165825635,6.20104596782876,250,-0.0154093009647221,6.26646245524738,0.0108865538240325,299.9987183,299.9989624,-12170.1123046875,-12060.126953125,57.1847240954484,20.8595673966663,8.884414,0,0,0,40,4449,299.9236,-12115.1196289062,,,,,,,,,,,,,0,,,,10.79600575,,,,,,299.99884035,,,,
,19448823.315,299.998642,-12225.1694335938,6.21807837386043,0.00386431016140585,1,0.999253354069792,40.0298881530762,1.97934131680856,11.4900004118681,33.6288294187595,6.17356615431691,250,-0.0111144982393788,6.21686111817256,0.0149720983867295,299.9985657,299.9987183,-12280.2265625,-12170.1123046875,56.9119357422368,20.8483805295468,8.512546,0,0,0,40,4449,299.9228,-12225.1694335938,,,,,,,,,,,,,0,,,,10.5316887,,,,,,299.998642,,,,
,19448824.33,299.9984436,-12330.12890625,6.17193327793063,0.00414390119738457,1,0.999253354069792,40.0298881530762,1.97953922569486,11.4900004118681,33.3851881287519,6.11396934572474,250,-0.0136911327008192,6.1707362903505,0.0122020462338134,299.9983215,299.9985657,-12380.03125,-12280.2265625,57.1823792098907,20.8541335317461,9.256284,0,0,0,40,4449,299.92245,-12330.12890625,,,,,,,,,,,,,0,,,,10.5316887,,,,,,299.9984436,,,,
,19448825.375,299.99913025,-12435.0678710938,6.12874388768319,0.0045471441205621,1,0.999253354069792,40.0298881530762,1.97938888439141,11.4900004118681,33.1495539305477,6.06835119501761,250,-0.014036039448506,6.12755700061078,0.0116757118336425,299.9983215,299.999939,-12490.1044921875,-12380.03125,57.3676251689484,20.8557082612249,8.512546,0,0,0,40,4449,299.9217,-12435.0678710938,,,,,,,,,,,,,0,,,,10.6886921,,,,,,299.99913025,,,,
,19448826.485,299.9989624,-12545.1318359375,6.0779267033821,0.00375080925134548,1,0.999253354069792,40.0298881530762,1.97959422817683,11.4900004118681,32.8750714337864,6.03453211466987,250,-0.0109808179903834,6.07673740843337,0.0145167121669464,299.9979858,299.999939,-12600.1591796875,-12490.1044921875,56.8658196596022,20.8575755926702,8.884414,0,0,0,40,4449,299.92185,-12545.1318359375,,,,,,,,,,,,,0,,,,10.6353035,,,,,,299.9989624,,,,
,19448827.515,299.99879455,-12645.1811523437,6.03067560523416,0.00344480861378986,1,0.999253354069792,40.0298881530762,1.97962771331726,11.4900004118681,32.62200062902,5.97710167339537,250,-0.0128582695572178,6.02950386555765,0.0124410298736435,299.9979858,299.9996033,-12690.203125,-12600.1591796875,56.6977695279675,20.8505826972204,7.768809,0,0,0,40,4449,299.92215,-12645.1811523437,,,,,,,,,,,,,0,,,,10.58244515,,,,,,299.99879455,,,,
,19448828.585,299.999115,-12750.2412109375,5.93215964321288,0.00407386808072374,1,0.999253354069792,40.0298881530762,1.97948795346834,11.4900004118681,32.0861206802403,5.88317219084562,250,-0.011886560207503,5.93100381413275,0.0129989396093245,299.9986267,299.9996033,-12810.279296875,-12690.203125,57.1401712698522,20.8510711556549,9.256284,0,0,0,40,4449,299.92185,-12750.2412109375,,,,,,,,,,,,,0,,,,10.6897588,,,,,,299.999115,,,,
,19448829.765,299.99913025,-12870.2670898438,5.88363179259581,0.00388107025396852,1,0.999253354069792,40.0298881530762,1.97962108606183,11.4900004118681,31.8265697271141,5.83089409447098,250,-0.0126273488592705,5.88248897355374,0.0120542942480572,299.9986267,299.9996338,-12930.2548828125,-12810.279296875,56.1764233056406,20.8596738247583,7.396941,0,0,0,40,4449,299.92195,-12870.2670898438,,,,,,,,,,,,,0,,,,10.74261715,,,,,,299.99913025,,,,
,19448830.825,299.99949645,-12975.263671875,5.83265583009811,0.00429636459368826,1,0.999253354069792,40.0298881530762,1.97950010287428,11.5000000223517,31.5497877872558,5.77547109596646,250,-0.0133608107780394,5.83152640560059,0.0111067768246139,299.9993591,299.9996338,-13020.2724609375,-12930.2548828125,57.1323549846599,20.8503852207308,9.256284,0,0,0,40,4449,299.92195,-12975.263671875,,,,,,,,,,,,,0,,,,10.58244515,,,,,,299.99949645,,,,
,19448831.89,299.9988861,-13080.3486328125,5.78665401847285,0.00441019938220916,1,0.999253354069792,40.0298881530762,1.97945430408816,11.4900004118681,31.2981734720544,5.74099487827315,250,-0.0111829471491267,5.78552496842682,0.0130909348605387,299.9984131,299.9993591,-13140.4248046875,-13020.2724609375,57.2808644033138,20.8518390638031,9.256284,0,0,0,40,4449,299.9212,-13080.3486328125,,,,,,,,,,,,,0,,,,10.42544175,,,,,,299.9988861,,,,
,19448832.915,299.9989624,-13185.8916015625,5.72893756448445,0.0039008603189752,1,0.999253354069792,40.0298881530762,1.97953111254388,11.4900004118681,30.9878421862297,5.68035832109458,250,-0.0117350933805897,5.72782258084165,0.0122964195236245,299.9984131,299.9995117,-13231.3583984375,-13140.4248046875,56.9002113144483,20.8576845527266,9.256284,0,0,0,40,4449,299.92135,-13185.8916015625,,,,,,,,,,,,,0,,,,10.5316887,,,,,,299.9989624,,,,
,19448833.85,299.9998779,-13281.4541015625,5.68160922561358,0.00380347687308596,1,0.999253354069792,40.0298881530762,1.97937363973833,11.5000000223517,30.7300049291749,5.6300422737327,250,-0.0121837238352694,5.68050558627984,0.0116489840922517,299.9995117,300.0002441,-13331.5498046875,-13231.3583984375,57.3301070000253,20.8496544305102,7.396941,0,0,0,40,4449,299.9218,-13281.4541015625,,,,,,,,,,,,,0,,,,10.6886921,,,,,,299.9998779,,,,
,19448834.865,300.00015255,-13381.6479492187,5.6277981514996,0.00383305953887522,1,0.999253354069792,40.0298881530762,1.97944725202346,11.4900004118681,30.4368238755301,5.59438541935433,250,-0.00883802015652017,5.62669139172602,0.014767967298223,300.000061,300.0002441,-13431.74609375,-13331.5498046875,56.6985511564868,20.8542984268198,8.884414,0,0,0,40,4449,299.92165,-13381.6479492187,,,,,,,,,,,,,0,,,,10.6353035,,,,,,300.00015255,,,,
,19448835.86,299.99971005,-13481.7739257813,5.57460817855812,0.00416233856749925,1,0.999253354069792,40.0298881530762,1.97945446856417,11.4900004118681,30.1514822136305,5.52957034980074,250,-0.0109663618055429,5.57352127671241,0.0124166569981849,299.9993591,300.000061,-13531.8017578125,-13431.74609375,57.3871658819292,20.857095287237,8.884414,0,0,0,40,4449,299.9212,-13481.7739257813,,,,,,,,,,,,,0,,,,10.74261715,,,,,,299.99971005,,,,
,19448836.915,299.99960325,-13586.83203125,5.52102792080279,0.00407273599082327,1,0.999253354069792,40.0298881530762,1.97956544300417,11.4900004118681,29.8642983123105,5.47141925317021,250,-0.0118414537028315,5.51995562901659,0.0113167110951035,299.9993591,299.9998474,-13641.8623046875,-13531.8017578125,57.3770047111791,20.8565324209378,8.512546,0,0,0,40,4449,299.92055,-13586.83203125,,,,,,,,,,,,,0,,,,10.74261715,,,,,,299.99960325,,,,
,19448838.07,299.9996643,-13701.8188476563,5.46890425943141,0.00376911173395762,1,0.999253354069792,40.0298881530762,1.97930478251299,11.4900004118681,29.5782214276186,5.42085102500711,250,-0.0113994785654275,5.46784072755421,0.0115396309320509,299.9994812,299.9998474,-13761.775390625,-13641.8623046875,57.1776894387753,20.8544939723094,7.396941,0,0,0,40,4449,299.92005,-13701.8188476563,,,,,,,,,,,,,0,,,,10.4783001,,,,,,299.9996643,,,,
,19448839.135,299.9998169,-13811.8310546875,5.41374582881171,0.00411226751969848,1,0.999253354069792,40.0298881530762,1.9794992658885,11.4900004118681,29.2799090155596,5.3817797292703,250,-0.00849365258950892,5.41268131614883,0.0142132366428113,299.9994812,300.0001526,-13861.88671875,-13761.775390625,56.4976726270444,20.8561470958693,8.512546,0,0,0,40,4449,299.9191,-13811.8310546875,,,,,,,,,,,,,0,,,,10.4783001,,,,,,299.9998169,,,,
,19448840.255,300.00068665,-13921.9169921875,5.36167140361871,0.00438271855193019,1,0.999253354069792,40.0298881530762,1.97943245590337,11.4900004118681,28.9990230363977,5.32061121492649,250,-0.0101180282476311,5.36062414446579,0.012370469178213,300.0001526,300.0012207,-13981.947265625,-13861.88671875,56.137341879679,20.8581559547303,7.396941,0,0,0,40,4449,299.9185,-13921.9169921875,,,,,,,,,,,,,0,,,,10.6886921,,,,,,300.00068665,,,,
,19448841.44,300.00027465,-14036.9682617188,5.30310081406755,0.00387382889250609,1,0.999253354069792,40.0298881530762,1.97966729009036,11.4900004118681,28.6858305038871,5.26163474489071,250,-0.0102776465241141,5.3020662568897,0.0119647358635916,299.9993286,300.0012207,-14091.9892578125,-13981.947265625,56.3687039213713,20.8633475358391,8.884414,0,0,0,40,4449,299.91985,-14036.9682617188,,,,,,,,,,,,,0,,,,10.5316887,,,,,,300.00027465,,,,
,19448842.53,300,-14146.9301757813,5.19101674379492,0.00484019289604108,1,0.999253354069792,40.0298881530762,1.97937349025015,11.4900004118681,28.074576242742,5.1545277786962,250,-0.00916356277407666,5.19000039208456,0.0126080261742951,299.9993286,300.0006714,-14201.87109375,-14091.9892578125,57.3824761108138,20.8483341784444,8.512546,0,0,0,40,4449,299.9215,-14146.9301757813,,,,,,,,,,,,,0,,,,10.5316887,,,,,,300,,,,
,19448843.7,300.0004883,-14266.9340820312,5.13717262852427,0.00432221438843208,1,0.999253354069792,40.0298881530762,1.97938090036775,11.5000000223517,27.7836303167599,5.10022819376401,250,-0.0092258444873821,5.13616741981972,0.0123195977019,300.0003052,300.0006714,-14331.9970703125,-14201.87109375,57.0260535060445,20.8549950136305,9.256284,0,0,0,40,4449,299.921,-14266.9340820312,,,,,,,,,,,,,0,,,,10.7420807,,,,,,300.0004883,,,,
,19448844.92,300.0005951,-14387.0107421875,5.07650368447744,0.00436736755737783,1,0.999253354069792,40.0298881530762,1.97950258067112,11.5000000223517,27.4551997328489,5.0508571514183,250,-0.00716363643245841,5.07550216431429,0.0141266637669175,300.0003052,300.000885,-14442.0244140625,-14331.9970703125,57.5771016121022,20.8552262168859,8.512546,0,0,0,40,4449,299.9199,-14387.0107421875,,,,,,,,,,,,,0,,,,10.63583375,,,,,,300.0005951,,,,
,19448845.93,300.000473,-14487.0043945313,5.02381267336191,0.00464552209868027,1,0.999253354069792,40.0298881530762,1.97956369302748,11.4900004118681,27.1754904212915,4.97463567687388,250,-0.0115178603706386,5.02284017321363,0.00955203740446768,300.000061,300.000885,-14531.984375,-14442.0244140625,56.6680676442368,20.8608957593575,8.884414,0,0,0,40,4449,299.9199,-14487.0043945313,,,,,,,,,,,,,0,,,,10.58244515,,,,,,300.000473,,,,
,19448846.92,300.00067135,-14587.0854492187,4.96385356462443,0.00377229883787273,1,0.999253354069792,40.0298881530762,1.97938604352704,11.5000000223517,26.8463423170986,4.92809309697876,250,-0.0089274782743747,4.96288238363846,0.0118900840318361,300.000061,300.0012817,-14642.1865234375,-14531.984375,56.0318220295829,20.8575859014675,8.512546,0,0,0,40,4449,299.9205,-14587.0854492187,,,,,,,,,,,,,0,,,,10.6353035,,,,,,300.00067135,,,,
,19448848.075,300.0010223,-14702.2465820313,4.90465218019934,0.00364542268832778,1,0.999253354069792,40.0298881530762,1.97950208291433,11.4900004118681,26.5289115205833,4.86293463294738,250,-0.010052650200517,4.90369772987699,0.0105163928398929,300.0007629,300.0012817,-14762.306640625,-14642.1865234375,57.2675767184868,20.8590552049761,8.884414,0,0,0,40,4449,299.92205,-14702.2465820313,,,,,,,,,,,,,0,,,,10.4783001,,,,,,300.0010223,,,,
,19448849.14,300.00038145,-14807.16015625,4.84345514001718,0.00390462591455355,1,0.999253354069792,40.0298881530762,1.97960988621766,11.4900004118681,26.1985976871859,4.80626588639532,250,-0.00923296283486469,4.84250982688606,0.0110790292775698,300,300.0007629,-14852.013671875,-14762.306640625,57.3387049137368,20.8591622756032,9.256284,0,0,0,40,4449,299.92125,-14807.16015625,,,,,,,,,,,,,0,,,,10.42544175,,,,,,300.00038145,,,,
,19448850.19,300.00050355,-14912.013671875,4.78321588667286,0.00478818511621353,1,0.999253354069792,40.0298881530762,1.9795679159922,11.4900004118681,25.8688793558966,4.76442931661056,250,-0.00578193012307834,4.78226833142695,0.0142766332303795,300,300.0010071,-14972.013671875,-14852.013671875,56.6915164998137,20.857204839191,9.256284,0,0,0,40,4449,299.91875,-14912.013671875,,,,,,,,,,,,,0,,,,10.5295868,,,,,,300.00050355,,,,
,19448851.3,300.00157165,-15027.0458984375,4.72489596864092,0.00386149281881371,1,0.999253354069792,40.0298881530762,1.97938245644793,11.4900004118681,25.5553909608365,4.68295047808889,250,-0.00995747412759653,4.72397760797984,0.00985714749510308,300.0010071,300.0021362,-15082.078125,-14972.013671875,57.0338697912368,20.859338864235,7.396941,0,0,0,40,4449,299.9173,-15027.0458984375,,,,,,,,,,,,,0,,,,10.42544175,,,,,,300.00157165,,,,
,19448852.32,300.00177,-15127.0551757813,4.66050850409097,0.00460247919915096,1,0.999253354069792,40.0298881530762,1.97938245644793,11.4900004118681,25.2023350687871,4.64505080677788,250,-0.00502787713722427,4.65958256328874,0.0145153224719694,300.0014038,300.0021362,-15172.0322265625,-15082.078125,57.4817429327561,20.859338864235,7.396941,0,0,0,40,4449,299.91895,-15127.0551757813,,,,,,,,,,,,,0,,,,10.3212967,,,,,,300.00177,,,,
,19448853.365,300.00190735,-15232.1376953125,4.6000388745469,0.00461659558761419,1,0.999253354069792,40.0298881530762,1.97952428857356,11.4799998700619,24.88139661602,4.56180094520948,250,-0.00927176851324873,4.59914302985504,0.0100183504397133,300.0014038,300.0024109,-15292.2431640625,-15172.0322265625,57.4833061897945,20.859055844344,8.884414,0,0,0,40,4449,299.9199,-15232.1376953125,,,,,,,,,,,,,0,,,,10.5316887,,,,,,300.00190735,,,,
,19448854.54,300.002121,-15352.2333984375,4.47244995841548,0.00480411361055612,1,0.999253354069792,40.0298881530762,1.97948118271434,11.4900004118681,24.1872631109524,4.45403835946641,250,-0.00552609934181636,4.47156432948637,0.0132279482078592,300.0018311,300.0024109,-15412.2236328125,-15292.2431640625,57.3168193151984,20.8521851897849,8.512546,0,0,0,40,4449,299.91955,-15352.2333984375,,,,,,,,,,,,,0,,,,10.6886921,,,,,,300.002121,,,,
,19448855.77,300.00187685,-15472.24609375,4.40667486601433,0.00506562895043041,1,0.999253354069792,40.0298881530762,1.97941587967474,11.4900004118681,23.8340663283496,4.37067626120882,250,-0.00872129708327983,4.40581607368241,0.00975724775506591,300.0018311,300.0019226,-15532.2685546875,-15412.2236328125,57.4168677656599,20.8603660317323,7.396941,0,0,0,40,4449,299.91975,-15472.24609375,,,,,,,,,,,,,0,,,,10.6886921,,,,,,300.00187685,,,,
,19448856.91,300.00149535,-15587.2587890625,4.34471902002833,0.00431216143191655,1,0.999253354069792,40.0298881530762,1.97938844764225,11.4900004118681,23.4963399000528,4.32164294249828,250,-0.0062910930701601,4.34386271517477,0.011926894124177,300.0010681,300.0019226,-15642.2490234375,-15532.2685546875,57.6193095521407,20.8581077447835,8.512546,0,0,0,40,4449,299.91925,-15587.2587890625,,,,,,,,,,,,,0,,,,10.79600575,,,,,,300.00149535,,,,
,19448858.08,300.001358,-15707.2299804687,4.27823008235078,0.00471818059181668,1,0.999253354069792,40.0298881530762,1.97947909784132,11.4900004118681,23.1367717124884,4.26124276439717,250,-0.00516890494842924,4.27738262764453,0.0127698098421867,300.0010681,300.0016479,-15772.2109375,-15642.2490234375,57.4356268501215,20.856650127013,8.512546,0,0,0,40,4449,299.9183,-15707.2299804687,,,,,,,,,,,,,0,,,,10.6897588,,,,,,300.001358,,,,
,19448859.205,300.00155635,-15817.2348632812,4.21488564275367,0.00416691647112296,1,0.999253354069792,40.0298881530762,1.97952542808103,11.4900004118681,22.7988755672789,4.17585534642596,250,-0.00923308903341369,4.21406809661381,0.00844053894572582,300.0014648,300.0016479,-15862.2587890625,-15772.2109375,56.8173586914099,20.8540253594529,7.768809,0,0,0,40,4449,299.9186,-15817.2348632812,,,,,,,,,,,,,0,,,,10.42544175,,,,,,300.00155635,,,,
,19448860.205,300.0014038,-15917.2333984375,4.14681287013799,0.00471721409458401,1,0.999253354069792,40.0298881530762,1.97944507352846,11.4900004118681,22.4258424227051,4.12944826886613,250,-0.00516298810898325,4.145992141869,0.0122240890505611,300.0013428,300.0014648,-15972.2080078125,-15862.2587890625,57.2871174314676,20.8568758031792,7.396941,0,0,0,40,4449,299.91925,-15917.2333984375,,,,,,,,,,,,,0,,,,10.3212967,,,,,,300.0014038,,,,
,19448861.235,300.0016327,-16022.24609375,4.08199356482755,0.00560061679130448,1,0.999253354069792,40.0298881530762,1.97944628219542,11.4900004118681,22.0754306050764,4.06427720522868,250,-0.00519774514624183,4.0811861387164,0.0119173294648598,300.0013428,300.0019226,-16072.2841796875,-15972.2080078125,58.1015743485062,20.8562310548996,8.512546,0,0,0,40,4449,299.91875,-16022.24609375,,,,,,,,,,,,,0,,,,10.58561375,,,,,,300.0016327,,,,
,19448862.19,300.0019226,-16117.3129882812,4.01489438198977,0.00542124761590198,1,0.999253354069792,40.0298881530762,1.97942343941636,11.4900004118681,21.7134155895051,3.9914810933843,250,-0.00621123954824484,4.01410482034727,0.0106224335653645,300.0019226,300.0019226,-16162.341796875,-16072.2841796875,56.9072459711214,20.8533129443724,8.512546,0,0,0,40,4449,299.91935,-16117.3129882812,,,,,,,,,,,,,0,,,,10.6897588,,,,,,300.0019226,,,,
,19448863.18,300.0018463,-16217.375,3.94154918360971,0.00466095789837277,1,0.999253354069792,40.0298881530762,1.9793933948405,11.4900004118681,21.314801844418,3.92730561353021,250,-0.00446973696563873,3.94076726939036,0.0120556880271778,300.00177,300.0019226,-16272.408203125,-16162.341796875,57.4598573342176,20.8608965435579,8.512546,0,0,0,40,4449,299.92145,-16217.375,,,,,,,,,,,,,0,,,,10.58244515,,,,,,300.0018463,,,,
,19448864.2,300.00177,-16317.4599609375,3.87071068674418,0.0049596553367784,1,0.999253354069792,40.0298881530762,1.97938500637981,11.4900004118681,20.9323136146446,3.85307747565871,250,-0.00506058484962518,3.86994566669998,0.0111678032603437,300.00177,300.00177,-16362.51171875,-16272.408203125,57.068261446083,20.8553263787165,9.256284,0,0,0,40,4449,299.9202,-16317.4599609375,,,,,,,,,,,,,0,,,,10.4783001,,,,,,300.00177,,,,
,19448865.115,300.00146485,-16407.5615234375,3.80296970623361,0.00573334744699989,1,0.999253354069792,40.0298881530762,1.97942283492711,11.4799998700619,20.5660265908633,3.78752783786226,250,-0.00463678329942412,3.80221671890649,0.0113074540797816,300.0011597,300.00177,-16452.611328125,-16362.51171875,57.352774227083,20.8559228252376,9.256284,0,0,0,40,4449,299.91775,-16407.5615234375,,,,,,,,,,,,,0,,,,10.4783001,,,,,,300.00146485,,,,
,19448866.2,300.0019226,-16517.861328125,3.73274954036217,0.0058926623599489,1,0.999253354069792,40.0298881530762,1.9794272141325,11.4900004118681,20.181272717181,3.74486022583813,250,0.000490931224242742,3.73198928332615,0.0161394547259537,300.0011597,300.0026855,-16583.111328125,-16452.611328125,56.7391958394868,20.8578352770563,8.512546,0,0,0,40,4449,299.918,-16517.861328125,,,,,,,,,,,,,0,,,,10.6353035,,,,,,300.0019226,,,,
,19448867.305,300.0023651,-16628.23046875,3.66340295656831,0.0046847997730584,1,0.999253354069792,40.0298881530762,1.97959886328257,11.4900004118681,19.8180151789987,3.62170885777161,250,-0.00948447717963637,3.66269857265915,0.00587506061608032,300.0020447,300.0026855,-16673.349609375,-16583.111328125,57.1026531009291,20.8592746132851,9.256284,0,0,0,40,4449,299.91845,-16628.23046875,,,,,,,,,,,,,0,,,,10.6353035,,,,,,300.0023651,,,,
,19448868.29,300.0020447,-16723.3525390625,3.58504772518822,0.00467791991354446,1,0.999253354069792,40.0298881530762,1.97935419199552,11.5000000223517,19.3841815218703,3.58488826559708,250,-0.00168487801152549,3.58432663034068,0.0133443100853561,300.0020447,300.0020447,-16773.35546875,-16673.349609375,55.1118452624481,20.8563678012031,7.396941,0,0,0,40,4449,299.9195,-16723.3525390625,,,,,,,,,,,,,0,,,,10.58244515,,,,,,300.0020447,,,,
,19448869.35,300.0021973,-16828.4501953125,3.51180585475295,0.00469162022773134,1,0.999253354069792,40.0298881530762,1.97944851562658,11.4900004118681,18.9916524924489,3.49777122921626,250,-0.00424733511952882,3.5111103764114,0.0104751483022014,300.0020447,300.0023499,-16883.544921875,-16773.35546875,57.1010898438907,20.8563522786735,8.512546,0,0,0,40,4449,299.91855,-16828.4501953125,,,,,,,,,,,,,0,,,,10.6897588,,,,,,300.0021973,,,,
,19448870.335,300.0023499,-16928.5908203125,3.43268164155102,0.00492845252127845,1,0.999253354069792,40.0298881530762,1.97944851562658,11.4900004118681,18.5629868590516,3.42309547932402,250,-0.00338720280488047,3.43199862414017,0.0110032579333317,300.0023499,300.0023499,-16973.63671875,-16883.544921875,56.6000659630637,20.8563522786735,8.512546,0,0,0,40,4449,299.9173,-16928.5908203125,,,,,,,,,,,,,0,,,,10.6897588,,,,,,300.0023499,,,,
,19448871.415,300.0021973,-17038.6318359375,3.36038804650424,0.00552609455450354,1,0.999253354069792,40.0298881530762,1.97947671987506,11.4900004118681,18.1725455289569,3.34970471350967,250,-0.00356449073799945,3.35972049992542,0.0105226906005398,300.0020447,300.0023499,-17103.626953125,-16973.63671875,57.4973755031407,20.8542984291959,7.396941,0,0,0,40,4449,299.9176,-17038.6318359375,,,,,,,,,,,,,0,,,,10.58244515,,,,,,300.0021973,,,,
,19448872.625,300.0029602,-17158.63671875,3.2047942641417,0.00537217483216001,1,0.999253354069792,40.0298881530762,1.97933885800023,11.4900004118681,17.3280215577154,3.20471683608486,250,-0.00148883520034828,3.20414955010766,0.0119454522433919,300.0020447,300.0038757,-17213.646484375,-17103.626953125,56.9064643426022,20.8576742707535,8.512546,0,0,0,40,4449,299.91725,-17158.63671875,,,,,,,,,,,,,0,,,,10.74261715,,,,,,300.0029602,,,,
,19448873.75,300.00308225,-17268.5322265625,3.12914914249164,0.00536776089203346,1,0.999253354069792,40.0298881530762,1.97951907927505,11.4900004118681,16.9262063799188,3.09867476132963,250,-0.00712699528493402,3.12854344161219,0.00599104973793763,300.0022888,300.0038757,-17323.41796875,-17213.646484375,57.1964485232368,20.8563052272807,8.512546,0,0,0,40,4449,299.91855,-17268.5322265625,,,,,,,,,,,,,0,,,,10.8499308,,,,,,300.00308225,,,,
,19448874.805,300.00216675,-17378.515625,3.04994423596123,0.00461053795956321,1,0.999253354069792,40.0298881530762,1.97931191698071,11.4900004118681,16.4918432509279,3.04282227431049,250,-0.00271260069891068,3.04933624501725,0.0100722982602855,300.0020447,300.0022888,-17433.61328125,-17323.41796875,57.7005989181407,20.8584865602401,7.396941,0,0,0,40,4449,299.91895,-17378.515625,,,,,,,,,,,,,0,,,,10.79600575,,,,,,300.00216675,,,,
,19448875.875,300.00195315,-17488.619140625,2.96320025427172,0.00552812144137837,1,0.999253354069792,40.0298881530762,1.9793330412522,11.4900004118681,16.0198816910974,2.97292876382162,250,0.000438228366675837,2.96259670399098,0.0128587911731492,300.0018616,300.0020447,-17543.625,-17433.61328125,57.0495023616214,20.8555652586296,8.512546,0,0,0,40,4449,299.91645,-17488.619140625,,,,,,,,,,,,,0,,,,10.6886921,,,,,,300.00195315,,,,
,19448876.87,300.00146485,-17588.6455078125,2.8860416078798,0.00568817934181906,1,0.999253354069792,40.0298881530762,1.97942260419675,11.4900004118681,15.6074349763363,2.87404383654412,250,-0.00356827872293933,2.88547058337222,0.00852955150901321,300.0010681,300.0018616,-17633.666015625,-17543.625,57.1370447557753,20.8624465311593,7.396941,0,0,0,40,4449,299.91505,-17588.6455078125,,,,,,,,,,,,,0,,,,10.74261715,,,,,,300.00146485,,,,
,19448877.805,300.0012512,-17678.751953125,2.80179232138663,0.00586219810397723,1,0.999253354069792,40.0298881530762,1.97920323910866,11.5000000223517,15.1460862629244,2.81194932162864,250,0.000625160004821663,2.80122086274255,0.0123688459904194,300.0010681,300.0014343,-17723.837890625,-17633.666015625,57.3316702570638,20.8543969968716,8.512546,0,0,0,40,4449,299.91475,-17678.751953125,,,,,,,,,,,,,0,,,,10.58561375,,,,,,300.0012512,,,,
,19448878.825,300.00141905,-17778.85546875,2.71520365213335,0.00629495391191913,1,0.999253354069792,40.0298881530762,1.9794937479386,11.4900004118681,14.6814188667018,2.71833407340392,250,-0.00070764975572002,2.71465536056603,0.0106731859127977,300.0014038,300.0014343,-17833.873046875,-17723.837890625,57.1855057239676,20.8616875830373,8.884414,0,0,0,40,4449,299.91475,-17778.85546875,,,,,,,,,,,,,0,,,,10.4783001,,,,,,300.00141905,,,,
,19448879.81,300.0014038,-17878.8115234375,2.63034094730368,0.00617003084892498,1,0.999253354069792,40.0298881530762,1.97934157739257,11.5000000223517,14.2214527222414,2.63337757404956,250,-0.000648116858503696,2.62980965131213,0.010376859964422,300.0014038,300.0014038,-17923.75,-17833.873046875,56.760299809506,20.8524819296659,8.140677,0,0,0,40,4449,299.9141,-17878.8115234375,,,,,,,,,,,,,0,,,,10.4783001,,,,,,300.0014038,,,,
,19448880.88,300.0025177,-17983.7724609375,2.54349128052756,0.00590747547241989,1,0.999253354069792,40.0298881530762,1.97950293757431,11.4900004118681,13.7538519847759,2.54190611665775,250,-0.00150020946615752,2.54298110265971,0.00916072183601235,300.0014038,300.0036316,-18043.794921875,-17923.75,56.8955215433329,20.859265480552,8.884414,0,0,0,40,4449,299.9145,-17983.7724609375,,,,,,,,,,,,,0,,,,10.42544175,,,,,,300.0025177,,,,
,19448882.055,300.0033417,-18103.73828125,2.44877509562089,0.00507908097096957,1,0.999253354069792,40.0298881530762,1.97943187687694,11.4900004118681,13.2415674586429,2.4452524448852,250,-0.0017974896259718,2.44828534723817,0.00846625102303793,300.0030518,300.0036316,-18163.681640625,-18043.794921875,57.8702123068138,20.8511429205536,8.512546,0,0,0,40,4449,299.91615,-18103.73828125,,,,,,,,,,,,,0,,,,10.5295868,,,,,,300.0033417,,,,
,19448883.13,300.00306705,-18213.70703125,2.36083950960127,0.00522416682438283,1,0.999253354069792,40.0298881530762,1.97962454440931,11.5000000223517,12.7681257912854,2.35307677752119,250,-0.00258170644064688,2.36037094700186,0.00731345163848617,300.0030518,300.0030823,-18263.732421875,-18163.681640625,57.291807202583,20.8633372107178,8.884414,0,0,0,40,4449,299.9164,-18213.70703125,,,,,,,,,,,,,0,,,,10.3741441,,,,,,300.00306705,,,,
,19448884.165,300.00299075,-18318.71484375,2.26796307558814,0.00631418026787466,1,0.999253354069792,40.0298881530762,1.97930284097645,11.4900004118681,12.2589765355546,2.28658193614347,250,0.00240954289502098,2.26749247436584,0.0119142760837298,300.0028992,300.0030823,-18373.697265625,-18263.732421875,56.9486722826406,20.8544433747101,8.512546,0,0,0,40,4449,299.9162,-18318.71484375,,,,,,,,,,,,,0,,,,10.42700245,,,,,,300.00299075,,,,
,19448885.235,300.0027008,-18423.751953125,2.16906173323707,0.00531150661649697,1,0.999253354069792,40.0298881530762,1.97936355239115,11.4900004118681,11.728715991203,2.16548074071345,250,-0.00166344887140362,2.16862832161266,0.00742745635727701,300.0025024,300.0028992,-18473.806640625,-18373.697265625,57.4614205912561,20.8635909780255,8.884414,0,0,0,40,4449,299.91615,-18423.751953125,,,,,,,,,,,,,0,,,,10.58244515,,,,,,300.0027008,,,,
,19448886.15,300.0025024,-18513.80078125,2.06990803682172,0.00578412667189455,1,0.999253354069792,40.0298881530762,1.97927937814366,11.4900004118681,11.1878231403429,2.089472832267,250,0.00267959435361653,2.06947658504448,0.0113539073170666,300.0025024,300.0025024,-18553.794921875,-18473.806640625,56.7149653553906,20.854860905945,8.884414,0,0,0,40,4449,299.91705,-18513.80078125,,,,,,,,,,,,,0,,,,10.42544175,,,,,,300.0025024,,,,
,19448887.125,300.0022125,-18613.83203125,1.97565176315787,0.00582004291125464,1,0.999253354069792,40.0298881530762,1.97942065926499,11.4900004118681,10.6825723886228,1.97580792530641,250,-0.000892934870837243,1.97525445583997,0.00738691882493591,300.0019226,300.0025024,-18673.869140625,-18553.794921875,57.1941036376791,20.8603705471825,8.512546,0,0,0,40,4449,299.91795,-18613.83203125,,,,,,,,,,,,,0,,,,10.3212967,,,,,,300.0022125,,,,
,19448888.21,300.0025482,-18718.875,1.86767870878789,0.00582098603700955,1,0.999253354069792,40.0298881530762,1.97961767168248,11.4900004118681,10.0971346414623,1.88200567997998,250,0.00174474048884561,1.86729225137002,0.0095714669786434,300.0019226,300.0031738,-18763.880859375,-18673.869140625,57.4145228801022,20.8646462759317,8.512546,0,0,0,40,4449,299.91665,-18718.875,,,,,,,,,,,,,0,,,,10.26999905,,,,,,300.0025482,,,,
,19448889.235,300.00331115,-18818.9189453125,1.76953670996843,0.00672816297404113,1,0.999253354069792,40.0298881530762,1.97944054794101,11.4900004118681,9.56430436105642,1.79058724614593,250,0.00306476360005265,1.76916460522635,0.0104798141095885,300.0031738,300.0034485,-18873.95703125,-18763.880859375,57.688092861833,20.8563866043092,7.768809,0,0,0,40,4449,299.91645,-18818.9189453125,,,,,,,,,,,,,0,,,,10.26999905,,,,,,300.00331115,,,,
,19448890.315,300.002594,-18928.9375,1.65794453470479,0.00589007603893979,1,0.999253354069792,40.0298881530762,1.97934868750203,11.5000000223517,8.96223723547264,1.66954908718641,250,0.00138404740385845,1.65760218736619,0.00833164159508533,300.0017395,300.0034485,-18983.91796875,-18873.95703125,55.8942554101982,20.8492316322853,8.884414,0,0,0,40,4449,299.9172,-18928.9375,,,,,,,,,,,,,0,,,,10.3212967,,,,,,300.002594,,,,
,19448891.305,300.0027313,-19028.9072265625,1.5517303347102,0.00658479754152878,1,0.999253354069792,40.0298881530762,1.97952685090217,11.5000000223517,8.38762564818009,1.56916380415821,250,0.00248566659059228,1.55140493549197,0.00898780844884404,300.0017395,300.0037231,-19073.896484375,-18983.91796875,57.3996719382368,20.8591051251991,8.884414,0,0,0,40,4449,299.91785,-19028.9072265625,,,,,,,,,,,,,0,,,,10.58561375,,,,,,300.0027313,,,,
,19448892.36,300.0033264,-19133.919921875,1.44007641834105,0.00693340807743384,1,0.999253354069792,40.0298881530762,1.9795009992251,11.4900004118681,7.7817340174904,1.46845378710285,250,0.00456643022782916,1.43976494320467,0.0106001468320317,300.0029297,300.0037231,-19193.943359375,-19073.896484375,57.1221938139099,20.8602616752205,8.884414,0,0,0,40,4449,299.9181,-19133.919921875,,,,,,,,,,,,,0,,,,10.5343161,,,,,,300.0033264,,,,
,19448893.39,300.0031891,-19238.943359375,1.32419373594525,0.00630540360867256,1,0.999253354069792,40.0298881530762,1.97970660112598,11.4900004118681,7.15823985163191,1.33977033978292,250,0.00222880783489613,1.32391559799371,0.00777728943170339,300.0029297,300.0034485,-19283.943359375,-19193.943359375,56.7720242372945,20.8536689849306,8.512546,0,0,0,40,4449,299.9185,-19238.943359375,,,,,,,,,,,,,0,,,,10.42700245,,,,,,300.0031891,,,,
,19448894.31,300.00354005,-19333.9853515625,1.206196330092,0.00624720387539307,1,0.999253354069792,40.0298881530762,1.97970660112598,11.5000000223517,6.51915465899366,1.22697787876896,250,0.00324951616310045,1.20593785870724,0.00830326047228596,300.0034485,300.0036316,-19384.02734375,-19283.943359375,57.0768593597945,20.8536689849306,7.768809,0,0,0,40,4449,299.91815,-19333.9853515625,,,,,,,,,,,,,0,,,,10.6353035,,,,,,300.00354005,,,,
,19448895.56,300.0036011,-19454.083984375,0.956955124432822,0.00720975629822787,1,0.999253354069792,40.0298881530762,1.97958087143149,11.5000000223517,5.17225220161329,0.970701304572337,250,0.00208230406048311,0.956752143197386,0.00609181360783205,300.0035706,300.0036316,-19524.140625,-19384.02734375,56.6008475915829,20.8635180431998,8.512546,0,0,0,40,4449,299.917,-19454.083984375,,,,,,,,,,,,,0,,,,10.74261715,,,,,,300.0036011,,,,
,19448896.95,300.00428775,-19589.1943359375,0.832363007047054,0.0068982520967221,1,0.999253354069792,40.0298881530762,1.97965033710798,11.4900004118681,4.49781743928509,0.850712383439936,250,0.00298821966181633,0.832181508951845,0.00647537829765188,300.0035706,300.0050049,-19654.248046875,-19524.140625,56.618043419006,20.8652957779613,7.396941,0,0,0,40,4449,299.91785,-19589.1943359375,,,,,,,,,,,,,0,,,,10.74261715,,,,,,300.00428775,,,,
,19448898.02,300.0053406,-19699.251953125,0.701182492658781,0.00676656792105411,1,0.999253354069792,40.0298881530762,1.97947001426645,11.4900004118681,3.78720550989315,0.724226803780817,250,0.00393230612548812,0.701023647550366,0.00686954868159182,300.0050049,300.0056763,-19744.255859375,-19654.248046875,57.0870205305445,20.8584894629514,8.884414,0,0,0,40,4449,299.9178,-19699.251953125,,,,,,,,,,,,,0,,,,10.4783001,,,,,,300.0053406,,,,
,19448899.055,300.00505065,-19804.9619140625,0.56247654927678,0.00710751567591326,1,0.999253354069792,40.0298881530762,1.97948397759886,11.4900004118681,3.03549789576263,0.594741590675696,250,0.00570221613500412,0.562338460273808,0.00805787323988926,300.004425,300.0056763,-19865.66796875,-19744.255859375,57.1847240954484,20.8561292209478,8.512546,0,0,0,40,4449,299.9168,-19804.9619140625,,,,,,,,,,,,,0,,,,10.26999905,,,,,,300.00505065,,,,
,19448900.22,300.00497435,-19920.734375,0.425744298026019,0.00711022012704335,1,0.999253354069792,40.0298881530762,1.97963349872099,11.4900004118681,2.29979440119288,0.439275822718686,250,0.00229596068411639,0.42564824677553,0.00407935134971476,300.004425,300.0055237,-19975.80078125,-19865.66796875,57.3191642007561,20.8573123749533,9.256284,0,0,0,40,4449,299.9178,-19920.734375,,,,,,,,,,,,,0,,,,10.3741441,,,,,,300.00497435,,,,
,19448901.235,300.0052643,-20020.859375,0.285909537903772,0.0076441380067165,1,0.999253354069792,40.0298881530762,1.97963349872099,11.4900004118681,1.54193022100282,0.308489377807867,250,0.00403718169183961,0.28583457751509,0.0052343021338662,300.0050049,300.0055237,-20065.91796875,-19975.80078125,56.4296709458714,20.8573123749533,8.512546,0,0,0,40,4449,299.9164,-20020.859375,,,,,,,,,,,,,0,,,,10.63583375,,,,,,300.0052643,,,,
,19448902.29,300.00506595,-20125.947265625,0.13644532007237,0.00777631186122108,1,0.999253354069792,40.0298881530762,1.97955571012454,11.4900004118681,0.732323305918939,0.166132809213473,250,0.0054253359109332,0.136394889386817,0.00599592324683078,300.0050049,300.005127,-20185.9765625,-20065.91796875,56.5234663681791,20.868678995315,9.256284,0,0,0,40,4449,299.91525,-20125.947265625,,,,,,,,,,,,,0,,,,10.5316887,,,,,,300.00506595,,,,
,19448903.435,300.00402835,-20241.05078125,-0.0139036740794769,0.00669571816645175,1,0.999253354069792,40.0298881530762,1.97972368589332,11.4900004118681,-0.0827159420929819,0.0266813985509614,250,0.00751223019675199,-0.013932326805779,0.00745245218023457,300.0029297,300.005127,-20296.125,-20185.9765625,56.5007991411214,20.8579516047297,7.396941,0,0,0,40,4449,299.91615,-20241.05078125,,,,,,,,,,,,,0,,,,10.3212967,,,,,,300.00402835,,,,
,19448904.48,300.0044403,-20346.1767578125,-0.169491379742539,0.0081666017782066,1,0.999253354069792,40.0298881530762,1.97966975085898,11.4900004118681,-0.924647130463346,-0.125973311126215,250,0.0081307231734536,-0.169491043888721,0.00741895158979188,300.0029297,300.0059509,-20396.228515625,-20296.125,57.0198004778906,20.8609185975523,8.512546,0,0,0,40,4449,299.9155,-20346.1767578125,,,,,,,,,,,,,0,,,,10.5316887,,,,,,300.0044403,,,,
,19448905.52,300.0054321,-20451.1728515625,-0.32612101698428,0.00830591610068103,1,0.999253354069792,40.0298881530762,1.97960559862196,11.4900004118681,-1.77036422363596,-0.289339894397054,250,0.00695957319759491,-0.326083973453257,0.00559182895969898,300.0049133,300.0059509,-20506.1171875,-20396.228515625,57.5137897020446,20.8543302981712,9.256284,0,0,0,40,4449,299.9156,-20451.1728515625,,,,,,,,,,,,,0,,,,10.6886921,,,,,,300.0054321,,,,
,19448906.655,300.0049133,-20566.078125,-0.654138127506549,0.00822618333898566,1,0.999253354069792,40.0298881530762,1.97955867399761,11.5000000223517,-3.54475548715286,-0.613699456087125,250,0.00779149906216008,-0.6540380005541,0.00504937144380212,300.0049133,300.0049133,-20626.0390625,-20506.1171875,55.9528775491405,20.8564058351382,7.396941,0,0,0,40,4449,299.91645,-20566.078125,,,,,,,,,,,,,0,,,,10.58244515,,,,,,300.0049133,,,,
,19448907.775,300.005661,-20676.14453125,-0.82453771575807,0.0085296093947283,1,0.999253354069792,40.0298881530762,1.97951901352748,11.5000000223517,-4.46808543177672,-0.773404536036337,250,0.00984795396133722,-0.824411601385378,0.00639157584939868,300.0049133,300.0064087,-20726.25,-20626.0390625,56.9471090256022,20.8582093792124,9.256284,0,0,0,40,4449,299.91665,-20676.14453125,,,,,,,,,,,,,0,,,,10.6897588,,,,,,300.005661,,,,
,19448908.785,300.00556945,-20776.19921875,-0.995766298431213,0.0086035179650503,1,0.999253354069792,40.0298881530762,1.97962265898957,11.4900004118681,-5.39349163618876,-0.948836931731395,250,0.00916057101310209,-0.995602554551375,0.00498702528884934,300.0047302,300.0064087,-20826.1484375,-20726.25,57.1769078102561,20.8587758768833,8.512546,0,0,0,40,4449,299.91555,-20776.19921875,,,,,,,,,,,,,0,,,,10.58561375,,,,,,300.00556945,,,,
,19448909.825,300.0053711,-20881.1953125,-1.17169956174022,0.00788613301540534,1,0.999253354069792,40.0298881530762,1.97942493580075,11.4900004118681,-6.34343197972753,-1.12915400472041,250,0.00841448932929451,-1.17149699671068,0.0035041141657851,300.0047302,300.006012,-20936.2421875,-20826.1484375,57.4911224749868,20.852786885136,8.512546,0,0,0,40,4449,299.9152,-20881.1953125,,,,,,,,,,,,,0,,,,10.42544175,,,,,,300.0053711,,,,
,19448910.87,300.00595095,-20986.255859375,-1.35586178550113,0.00880745946724011,1,0.999253354069792,40.0298881530762,1.97954587470202,11.5000000223517,-7.34264321801627,-1.29730624928509,250,0.0114755535571981,-1.3556346460135,0.00579314292395968,300.0058899,300.006012,-21036.26953125,-20936.2421875,57.1769078102561,20.8594454786709,7.396941,0,0,0,40,4449,299.9156,-20986.255859375,,,,,,,,,,,,,0,,,,10.63583375,,,,,,300.00595095,,,,
,19448911.97,300.0058899,-21096.2412109375,-1.54180337767044,0.00967273077946133,1,0.999253354069792,40.0298881530762,1.97959379353258,11.4900004118681,-8.3479346080143,-1.48533173954784,250,0.0111850890860466,-1.54153729413146,0.00472390878942438,300.0058899,300.0058899,-21156.212890625,-21036.26953125,57.4387533641984,20.8624357837133,8.884414,0,0,0,40,4449,299.9162,-21096.2412109375,,,,,,,,,,,,,0,,,,10.6886921,,,,,,300.0058899,,,,
,19448913.205,300.00646975,-21221.2607421875,-1.72660908276062,0.00920675211747843,1,0.999253354069792,40.0298881530762,1.97950130886247,11.5000000223517,-9.34506704234598,-1.67975664519966,250,0.00948061910420745,-1.72629832648154,0.00224575725433062,300.0058899,300.0070496,-21286.30859375,-21156.212890625,56.9385111118906,20.852221756231,8.512546,0,0,0,40,4449,299.91655,-21221.2607421875,,,,,,,,,,,,,0,,,,10.42700245,,,,,,300.00646975,,,,
,19448915.235,300.0063171,-21426.2109375,-2.11218181209509,0.00865602814509551,1,0.999253354069792,40.0298881530762,1.97958440003375,11.4900004118681,-11.4341133634473,-2.04572107981739,250,0.0133045146750619,-2.11180884077716,0.00445388295762724,300.0063171,300.0063171,-21436.2265625,-21416.1953125,57.332451885583,20.8583116644762,8.512546,0,0,0,40,4449,299.91395,-21426.2109375,,,,,,,,,,,,,0,,,,10.5295868,,,,,,300.0063171,,,,
,19448915.845,300.0060577,-21486.236328125,-2.31003230750948,0.0086432606622147,1,0.999253354069792,40.0298881530762,1.97977721397458,11.4900004118681,-12.5035682066383,-2.25255109605964,250,0.0117781724322128,-2.30961281939146,0.00209918689709729,300.0057983,300.0063171,-21536.24609375,-21436.2265625,56.8658196596022,20.8567558806541,9.256284,0,0,0,40,4449,299.9149,-21486.236328125,,,,,,,,,,,,,0,,,,10.5295868,,,,,,300.0060577,,,,
,19448916.91,300.00578305,-21591.1865234375,-2.50976527132553,0.00976538686424464,1,0.999253354069792,40.0298881530762,1.97968970138108,11.5000000223517,-13.5842827027279,-2.44612708569221,250,0.0129964337859977,-2.50931038645999,0.00248064927871086,300.0057678,300.0057983,-21646.126953125,-21536.24609375,57.2441278629099,20.8607576342383,8.512546,0,0,0,40,4449,299.91335,-21591.1865234375,,,,,,,,,,,,,0,,,,10.58244515,,,,,,300.00578305,,,,
,19448918.04,300.0059204,-21706.2490234375,-2.71512174164846,0.00965180934122277,1,0.999253354069792,40.0298881530762,1.9793938046259,11.5000000223517,-14.6941873742172,-2.64297485006389,250,0.0145989326691579,-2.71463190146604,0.00322282717104347,300.0057678,300.006073,-21766.37109375,-21646.126953125,57.0964000727753,20.8612280605058,7.396941,0,0,0,40,4449,299.91345,-21706.2490234375,,,,,,,,,,,,,0,,,,10.6353035,,,,,,300.0059204,,,,
,19448919.445,300.0059967,-21846.365234375,-3.12678898609277,0.0100309911785402,1,0.999253354069792,40.0298881530762,1.97960885055329,11.5000000223517,-16.9220537753065,-3.05406899681379,250,0.014954740816865,-3.12621711211396,0.00185444881888733,300.0059204,300.006073,-21926.359375,-21766.37109375,56.841589175506,20.8551104101883,8.512546,0,0,0,40,4449,299.91305,-21846.365234375,,,,,,,,,,,,,0,,,,10.6353035,,,,,,300.0059967,,,,
,19448920.83,300.00601195,-21986.3876953125,-3.33327307138027,0.0100516183740505,1,0.999253354069792,40.0298881530762,1.97992618781637,11.4900004118681,-18.0414892063083,-3.26094493233392,250,0.0150757776645537,-3.33265982182385,0.00111078177315279,300.0059204,300.0061035,-22046.416015625,-21926.359375,57.555997642083,20.8572286735637,9.256284,0,0,0,40,4449,299.91125,-21986.3876953125,,,,,,,,,,,,,0,,,,10.4783001,,,,,,300.00601195,,,,
,19448921.855,300.00611875,-22086.439453125,-3.54820260130881,0.0101105079169032,1,0.999253354069792,40.0298881530762,1.97959057776091,11.4900004118681,-19.201208248546,-3.4729097216252,250,0.0156272428471598,-3.54754805864337,0.0007621395790375,300.0061035,300.006134,-22126.462890625,-22046.416015625,56.0099364310444,20.8594398387303,7.396941,0,0,0,40,4449,299.91165,-22086.439453125,,,,,,,,,,,,,0,,,,10.26999905,,,,,,300.00611875,,,,
,19448922.86,300.0065918,-22186.4287109375,-3.76046208972833,0.00994338405217432,1,0.999253354069792,40.0298881530762,1.97969471318152,11.4900004118681,-20.3504484324351,-3.68329465694905,250,0.0161103803603661,-3.75976646450796,0.000356446417693024,300.006134,300.0070496,-22246.39453125,-22126.462890625,56.2506780149675,20.8552177750335,9.256284,0,0,0,40,4449,299.9128,-22186.4287109375,,,,,,,,,,,,,0,,,,10.3741441,,,,,,300.0065918,,,,
,19448923.95,300.0067902,-22296.4091796875,-3.9757069805055,0.010071051011906,1,0.999253354069792,40.0298881530762,1.97955352127803,11.5000000223517,-21.5122225581984,-3.90230462311067,250,0.015468940499657,-3.97496498350164,-0.00118616555537398,300.0065308,300.0070496,-22346.423828125,-22246.39453125,56.9908802226791,20.8583789748388,8.884414,0,0,0,40,4449,299.91195,-22296.4091796875,,,,,,,,,,,,,0,,,,10.58244515,,,,,,300.0067902,,,,
,19448924.965,300.0070343,-22396.4501953125,-4.19091388983599,0.0097455484136377,1,0.999253354069792,40.0298881530762,1.97954985757322,11.4900004118681,-22.6765649847514,-4.11398042470707,250,0.0162229060353067,-4.19013136142532,-0.00133351529564412,300.0065308,300.0075378,-22446.4765625,-22346.423828125,57.2464727484676,20.8524600278719,7.396941,0,0,0,40,4449,299.91085,-22396.4501953125,,,,,,,,,,,,,0,,,,10.6886921,,,,,,300.0070343,,,,
,19448925.99,300.00767515,-22501.462890625,-4.40788726854558,0.00940621924034284,1,0.999253354069792,40.0298881530762,1.97969406871644,11.5000000223517,-23.8520277200255,-4.32862781920838,250,0.0168128798478437,-4.40706310671566,-0.00165209692645356,300.0075378,300.0078125,-22556.44921875,-22446.4765625,57.708415203333,20.8575527132291,9.256284,0,0,0,40,4449,299.91095,-22501.462890625,,,,,,,,,,,,,0,,,,10.5316887,,,,,,300.00767515,,,,
,19448927.22,300.0081024,-22626.5341796875,-4.61653568969037,0.00931505240930685,1,0.999253354069792,40.0298881530762,1.9801062347647,11.4900004118681,-24.9849332727003,-4.54096444733753,250,0.0164028124001098,-4.6156674405722,-0.00293544961549692,300.0078125,300.0083923,-22696.619140625,-22556.44921875,56.5852150211983,20.852678324103,8.884414,0,0,0,40,4449,299.9124,-22626.5341796875,,,,,,,,,,,,,0,,,,10.42544175,,,,,,300.0081024,,,,
,19448928.305,300.0083923,-22736.5625,-4.83540606504798,0.0105789551879531,1,0.999253354069792,40.0298881530762,1.9801062347647,11.5000000223517,-26.1716274684017,-4.74462248858812,250,0.0193303290370114,-4.834505638756,-0.000924829611345124,300.0083923,300.0083923,-22776.505859375,-22696.619140625,55.9200491513328,20.852678324103,7.396941,0,0,0,40,4449,299.91235,-22736.5625,,,,,,,,,,,,,0,,,,10.42544175,,,,,,300.0083923,,,,
,19448929.265,300.00863645,-22831.5234375,-5.05645020433394,0.00982582891762542,1,0.999253354069792,40.0298881530762,1.97959850088785,11.4900004118681,-27.3601433800596,-4.9658845630575,250,0.0191764916177681,-5.05550424217027,-0.0020042160459252,300.0083923,300.0088806,-22886.541015625,-22776.505859375,56.9158438848329,20.8547020848845,8.512546,0,0,0,40,4449,299.91045,-22831.5234375,,,,,,,,,,,,,0,,,,10.4783001,,,,,,300.00863645,,,,
,19448930.32,300.0082855,-22936.5537109375,-5.26781189469186,0.00910755198640605,1,0.999253354069792,40.0298881530762,1.98017198390004,11.4900004118681,-28.5103114420989,-5.18329180955725,250,0.018430426650026,-5.26682000187474,-0.00363506721814832,300.0076904,300.0088806,-22986.56640625,-22886.541015625,56.6063189912175,20.846518695351,8.512546,0,0,0,40,4449,299.909,-22936.5537109375,,,,,,,,,,,,,0,,,,10.42700245,,,,,,300.0082855,,,,
,19448931.32,300.00790405,-23036.8583984375,-5.47962670009333,0.01000384678657,1,0.999253354069792,40.0298881530762,1.98003769383372,11.5000000223517,-29.6536542672042,-5.3971467235748,250,0.0180995268371695,-5.47859055364547,-0.00485253770345255,300.0076904,300.0081177,-23087.150390625,-22986.56640625,56.5547315089483,20.859583696269,8.512546,0,0,0,40,4449,299.9097,-23036.8583984375,,,,,,,,,,,,,0,,,,10.48039105,,,,,,300.00790405,,,,
,19448932.485,300.0079956,-23152.2841796875,-5.90971892465681,0.00943604716023384,1,0.999253354069792,40.0298881530762,1.97996130068717,11.5000000223517,-31.9789406082651,-5.82597027807609,250,0.0185166086476719,-5.90859728270567,-0.00623617268416637,300.0078735,300.0081177,-23217.41796875,-23087.150390625,56.4187281466021,20.8576573716099,7.396941,0,0,0,40,4449,299.91065,-23152.2841796875,,,,,,,,,,,,,0,,,,10.6886921,,,,,,300.0079956,,,,
,19448933.71,300.007843,-23272.4765625,-6.11897918401521,0.00977361214720761,1,0.999253354069792,40.0298881530762,1.97993637292398,11.5000000223517,-33.111165818796,-6.030719624469,250,0.0194440435842454,-6.11781902645096,-0.00618497161136706,300.0078125,300.0078735,-23327.53515625,-23217.41796875,56.8884868866599,20.8594845610405,8.512546,0,0,0,40,4449,299.90855,-23272.4765625,,,,,,,,,,,,,0,,,,10.6353035,,,,,,300.007843,,,,
,19448934.755,300.0078125,-23377.533203125,-6.33255505601722,0.00981732405142077,1,0.999253354069792,40.0298881530762,1.97972100776947,11.4900004118681,-34.2624048063377,-6.24504245371275,250,0.0192920235462743,-6.33135097191324,-0.00723095818166784,300.0078125,300.0078125,-23427.53125,-23327.53515625,57.0979633298137,20.8583004981884,8.512546,0,0,0,40,4449,299.90805,-23377.533203125,,,,,,,,,,,,,0,,,,10.58244515,,,,,,300.0078125,,,,
,19448935.82,300.0077667,-23487.623046875,-6.53933008287293,0.00942786314947674,1,0.999253354069792,40.0298881530762,1.97985064167836,11.4900004118681,-35.384296705788,-6.44467056977139,250,0.020790749830005,-6.53809038509433,-0.00659788340372776,300.0077209,300.0078125,-23547.71484375,-23427.53125,56.9111541137176,20.8619547031451,8.512546,0,0,0,40,4449,299.90865,-23487.623046875,,,,,,,,,,,,,0,,,,10.58244515,,,,,,300.0077667,,,,
,19448936.98,300.0077667,-23602.724609375,-6.74498479499753,0.00902262962660832,1,0.999253354069792,40.0298881530762,1.98002684841771,11.5000000223517,-36.4987421901578,-6.6561232450486,250,0.0199284636842332,-6.74369979317776,-0.00832086260703538,300.0077209,300.0078125,-23657.734375,-23547.71484375,56.188147733429,20.8550299138149,8.512546,0,0,0,40,4449,299.9068,-23602.724609375,,,,,,,,,,,,,0,,,,10.6353035,,,,,,300.0077667,,,,
,19448937.995,300.0078125,-23702.7705078125,-6.9443757966404,0.00934966042856547,1,0.999253354069792,40.0298881530762,1.9798823675109,11.4900004118681,-37.5743060010595,-6.85625332977134,250,0.0198048187674124,-6.94304982629105,-0.00927929922019401,300.0078125,300.0078125,-23747.806640625,-23657.734375,57.3824761108138,20.8601594684223,7.396941,0,0,0,40,4449,299.90385,-23702.7705078125,,,,,,,,,,,,,0,,,,10.6886921,,,,,,300.0078125,,,,
,19448939.07,300.00827025,-23812.7802734375,-7.14446340500673,0.00897676068342688,1,0.999253354069792,40.0298881530762,1.97998586953651,11.5000000223517,-38.657583196303,-7.06127086571439,250,0.0190604493615935,-7.14309364361177,-0.0108609621536998,300.0078125,300.008728,-23877.75390625,-23747.806640625,56.2983573546406,20.8533609332142,7.396941,0,0,0,40,4449,299.90285,-23812.7802734375,,,,,,,,,,,,,0,,,,10.63583375,,,,,,300.00827025,,,,
,19448940.155,300.00923155,-23922.8193359375,-7.33414861785469,0.0082834271688447,1,0.999253354069792,40.0298881530762,1.97984370557877,11.4900004118681,-39.6844150858622,-7.23068518658417,250,0.022811957580528,-7.33275588133273,-0.00790386927645198,300.008728,300.0097351,-23967.884765625,-23877.75390625,57.1214121853907,20.8464263434158,7.396941,0,0,0,40,4449,299.90355,-23922.8193359375,,,,,,,,,,,,,0,,,,10.5295868,,,,,,300.00923155,,,,
,19448941.165,300.00883485,-24022.9033203125,-7.52820929575676,0.00861961536169466,1,0.999253354069792,40.0298881530762,1.97976093642052,11.5000000223517,-40.7313992514766,-7.429258653618,250,0.0220182479238909,-7.52677402133522,-0.00950944987535928,300.0079346,300.0097351,-24077.921875,-23967.884765625,56.4109118614098,20.850683208716,7.396941,0,0,0,40,4449,299.90395,-24022.9033203125,,,,,,,,,,,,,0,,,,10.58244515,,,,,,300.00883485,,,,
,19448942.315,300.0082703,-24138.029296875,-7.71477169720148,0.00865487263600176,1,0.999253354069792,40.0298881530762,1.97982456424374,11.5000000223517,-41.7448367639265,-7.5988774583251,250,0.025286993355116,-7.71331249578527,-0.00702173072903681,300.0079346,300.008606,-24198.13671875,-24077.921875,56.628204589756,20.8480640764473,8.512546,0,0,0,40,4449,299.9056,-24138.029296875,,,,,,,,,,,,,0,,,,10.4783001,,,,,,300.0082703,,,,
,19448943.425,300.00865175,-24248.2265625,-8.08333086532406,0.00790614837610305,1,0.999253354069792,40.0298881530762,1.97966010329522,11.5000000223517,-43.7316204431896,-7.9825884104812,250,0.0225489812096898,-8.08178538472037,-0.011301708104134,300.008606,300.0086975,-24298.31640625,-24198.13671875,56.7985996069483,20.8463842218847,8.884414,0,0,0,40,4449,299.9063,-24248.2265625,,,,,,,,,,,,,0,,,,10.26999905,,,,,,300.00865175,,,,
,19448944.585,300.0084381,-24363.4619140625,-8.25786823281345,0.00817830957946505,1,0.999253354069792,40.0298881530762,1.98011609005734,11.5000000223517,-44.6877985444133,-8.14666559022074,250,0.0249060354056841,-8.25629731790497,-0.00967551620647419,300.0081787,300.0086975,-24428.607421875,-24298.31640625,56.7673344661791,20.8425909751107,9.256284,0,0,0,40,4449,299.9045,-24363.4619140625,,,,,,,,,,,,,0,,,,10.48039105,,,,,,300.0084381,,,,
,19448945.805,300.0095215,-24483.6923828125,-8.43359584805065,0.00787261264769487,1,0.999253354069792,40.0298881530762,1.98005723347901,11.5000000223517,-45.6354840389933,-8.33028643240495,250,0.0234938304253554,-8.43198308777073,-0.0118226628193562,300.0081787,300.0108643,-24538.77734375,-24428.607421875,56.9979148793522,20.8472884998792,7.396941,0,0,0,40,4449,299.90335,-24483.6923828125,,,,,,,,,,,,,0,,,,10.7420807,,,,,,300.0095215,,,,
,19448946.925,300.0110016,-24593.9189453125,-8.59881602581324,0.00751499759721652,1,0.999253354069792,40.0298881530762,1.98005095385386,11.4900004118681,-46.5296301113219,-8.49205194171479,250,0.0242128720642404,-8.59717236353343,-0.0117947118940256,300.0108643,300.0111389,-24649.060546875,-24538.77734375,57.2722664896022,20.8398408478626,9.256284,0,0,0,40,4449,299.9045,-24593.9189453125,,,,,,,,,,,,,0,,,,10.6886921,,,,,,300.0110016,,,,
,19448947.945,300.0101776,-24699.044921875,-8.76308428060795,0.00768030420091488,1,0.999253354069792,40.0298881530762,1.98024660532324,11.4900004118681,-47.4216961430903,-8.66260511390274,250,0.0232900252036712,-8.76140374244337,-0.0134045330364846,300.0092163,300.0111389,-24749.029296875,-24649.060546875,57.5724118409869,20.849309824043,8.512546,0,0,0,40,4449,299.90425,-24699.044921875,,,,,,,,,,,,,0,,,,10.4783001,,,,,,300.0101776,,,,
,19448949.04,300.0101776,-24809.119140625,-8.92971586766527,0.00746899441083388,1,0.999253354069792,40.0298881530762,1.97991436902933,11.4900004118681,-48.314250227853,-8.83273156710418,250,0.0224657625441324,-8.92799811371287,-0.0149258131360115,300.0092163,300.0111389,-24869.208984375,-24749.029296875,56.6860451001791,20.8437890738946,8.512546,0,0,0,40,4449,299.90275,-24809.119140625,,,,,,,,,,,,,0,,,,10.3212967,,,,,,300.0101776,,,,
,19448950.275,300.00997925,-24929.357421875,-9.08652299553646,0.00710878311035372,1,0.999253354069792,40.0298881530762,1.98004040472588,11.4900004118681,-49.167428890895,-8.97911780877416,250,0.0245744567967896,-9.08478241058477,-0.0134731177886435,300.0088196,300.0111389,-24989.505859375,-24869.208984375,57.024490249006,20.8477932290566,9.256284,0,0,0,40,4449,299.9039,-24929.357421875,,,,,,,,,,,,,0,,,,10.4783001,,,,,,300.00997925,,,,
,19448951.29,300.0089569,-25029.5810546875,-9.23830495200455,0.00725203996653577,1,0.999253354069792,40.0298881530762,1.98004040472588,11.5000000223517,-49.9868127979256,-9.13943238165188,250,0.0230749342762602,-9.23652770745689,-0.0156071274889291,300.0088196,300.0090942,-25069.65625,-24989.505859375,57.586481154333,20.8477932290566,7.396941,0,0,0,40,4449,299.904,-25029.5810546875,,,,,,,,,,,,,0,,,,10.6353035,,,,,,300.0089569,,,,
,19448952.26,300.00933835,-25129.8271484375,-9.3858638788654,0.00647284897155517,1,0.999253354069792,40.0298881530762,1.98020790940674,11.4900004118681,-50.7892141451606,-9.28727655930782,250,0.0232397589709644,-9.38405732499821,-0.0160594472206543,300.0090942,300.0095825,-25189.998046875,-25069.65625,57.5005020172176,20.8486474199336,9.256284,0,0,0,40,4449,299.90395,-25129.8271484375,,,,,,,,,,,,,0,,,,10.6353035,,,,,,300.00933835,,,,
,19448953.44,300.0093689,-25250.119140625,-9.67149586650646,0.0066754359560799,1,0.999253354069792,40.0298881530762,1.98014715614003,11.4900004118681,-52.3332960890475,-9.56949953464545,250,0.0239684550046155,-9.66963452663366,-0.0165255253257148,300.0091553,300.0095825,-25310.240234375,-25189.998046875,57.5419283287369,20.8481117800876,9.628152,0,0,0,40,4449,299.9062,-25250.119140625,,,,,,,,,,,,,0,,,,10.58244515,,,,,,300.0093689,,,,
,19448954.665,300.00880435,-25370.37890625,-9.80860905922726,0.00610994061887573,1,0.999253354069792,40.0298881530762,1.98020572057511,11.4900004118681,-53.0768887209113,-9.70475297939273,250,0.0244356026737625,-9.80672215938878,-0.0166315242618432,300.0084534,300.0091553,-25430.517578125,-25310.240234375,56.9299131981791,20.8521539422361,9.256284,0,0,0,40,4449,299.90695,-25370.37890625,,,,,,,,,,,,,0,,,,10.5295868,,,,,,300.00880435,,,,
,19448955.75,300.0084534,-25480.5048828125,-9.93936500468342,0.00613631594371747,1,0.999253354069792,40.0298881530762,1.98013476881575,11.4900004118681,-53.7829304198339,-9.83180417421856,250,0.0251261515385396,-9.93745467151917,-0.0164878196193226,300.0084534,300.0084534,-25530.4921875,-25430.517578125,56.5586396515444,20.8528399792622,9.256284,0,0,0,40,4449,299.90635,-25480.5048828125,,,,,,,,,,,,,0,,,,10.58244515,,,,,,300.0084534,,,,
,19448956.86,300.0091858,-25595.66796875,-10.0723043541282,0.00595454066169226,1,0.999253354069792,40.0298881530762,1.98014930883729,11.4900004118681,-54.500893748408,-9.97294616507881,250,0.0236920190535718,-10.0703608608142,-0.0184774084386941,300.0084534,300.0099182,-25660.84375,-25530.4921875,56.9564885678329,20.8531595639597,8.884414,0,0,0,40,4449,299.906,-25595.66796875,,,,,,,,,,,,,0,,,,10.4783001,,,,,,300.0091858,,,,
,19448957.955,300.00964355,-25705.9228515625,-10.1949325383361,0.00564973733799978,1,0.999253354069792,40.0298881530762,1.98006735801888,11.4900004118681,-55.163065729824,-10.0893058818738,250,0.0248395937979827,-10.1929688903291,-0.0178425388045597,300.0093689,300.0099182,-25751.001953125,-25660.84375,56.8939582862945,20.8514789972519,8.512546,0,0,0,40,4449,299.9064,-25705.9228515625,,,,,,,,,,,,,0,,,,10.58561375,,,,,,300.00964355,,,,
,19448958.895,300.0093689,-25796.0439453125,-10.3160528019363,0.00528809846484055,1,0.999253354069792,40.0298881530762,1.98020865641936,11.4900004118681,-55.8205632969561,-10.2193187739412,250,0.0233895328100994,-10.314058666121,-0.0197988826374579,300.0093689,300.0093689,-25841.0859375,-25751.001953125,57.1479875550445,20.8580641771909,7.396941,0,0,0,40,4449,299.9051,-25796.0439453125,,,,,,,,,,,,,0,,,,10.79600575,,,,,,300.0093689,,,,
,19448959.98,300.00883485,-25901.2744140625,-10.4326600244776,0.00524319739984907,1,0.999253354069792,40.0298881530762,1.97999566186746,11.4900004118681,-56.4467694211186,-10.3274872810503,250,0.0248108768623287,-10.4306484701789,-0.0188651733338695,300.0083008,300.0093689,-25961.462890625,-25841.0859375,56.6258597041983,20.8551319269603,8.512546,0,0,0,40,4449,299.90505,-25901.2744140625,,,,,,,,,,,,,0,,,,10.7420807,,,,,,300.00883485,,,,
,19448961.01,300.0083008,-26006.5693359375,-10.5478045627989,0.00540785404207331,1,0.999253354069792,40.0298881530762,1.98000391604956,11.4900004118681,-57.069641512026,-10.4434582502346,250,0.0247243302111152,-10.54576958576,-0.019432855646645,300.0083008,300.0083008,-26051.67578125,-25961.462890625,56.8572217458906,20.8537821594477,7.396941,0,0,0,40,4449,299.9053,-26006.5693359375,,,,,,,,,,,,,0,,,,10.6886921,,,,,,300.0083008,,,,
,19448962.01,300.0093384,-26106.81640625,-10.6578967198135,0.00507345336302672,1,0.999253354069792,40.0298881530762,1.98006609290431,11.4900004118681,-57.6660933731007,-10.5580367117944,250,0.024010506727581,-10.6558360930199,-0.0206066718492619,300.0083008,300.010376,-26161.95703125,-26051.67578125,56.6727574153522,20.8550070310344,7.396941,0,0,0,40,4449,299.9049,-26106.81640625,,,,,,,,,,,,,0,,,,10.74261715,,,,,,300.0093384,,,,
,19448963.125,300.0106964,-26216.9892578125,-10.7633266616175,0.00508484058117459,1,0.999253354069792,40.0298881530762,1.98001700313724,11.4900004118681,-58.2364497856037,-10.6550846913802,250,0.0255664292079195,-10.7612507279828,-0.0194913470452061,300.010376,300.0110168,-26272.021484375,-26161.95703125,57.2370932062368,20.8532742977709,8.512546,0,0,0,40,4449,299.9059,-26216.9892578125,,,,,,,,,,,,,0,,,,10.74261715,,,,,,300.0106964,,,,
,19448964.085,300.0110168,-26317.15625,-10.8688070562161,0.0050013683732081,1,0.999253354069792,40.0298881530762,1.98014590816775,11.5000000223517,-58.8104995197776,-10.7623457984653,250,0.0254173911260922,-10.8667090279581,-0.0200813360284097,300.0110168,300.0110168,-26362.291015625,-26272.021484375,57.1980117802753,20.8536861210134,7.396941,0,0,0,40,4449,299.9045,-26317.15625,,,,,,,,,,,,,0,,,,10.6353035,,,,,,300.0110168,,,,
,19448965.07,300.01068115,-26417.40625,-10.9688458134801,0.00502811039275166,1,0.999253354069792,40.0298881530762,1.98007061776454,11.4900004118681,-59.3477561579401,-10.8709648539973,250,0.0238086255061332,-10.9667209551502,-0.0221078963531417,300.0103455,300.0110168,-26472.521484375,-26362.291015625,57.2324034351214,20.8543333214073,8.512546,0,0,0,40,4449,299.9035,-26417.40625,,,,,,,,,,,,,0,,,,10.6353035,,,,,,300.01068115,,,,
,19448966.11,300.01080325,-26517.6357421875,-11.0650623720637,0.00463679610079803,1,0.999253354069792,40.0298881530762,1.98000457507794,11.5000000223517,-59.867225861778,-10.9614876336725,250,0.0248446972548617,-11.062922368448,-0.0214739087333449,300.0103455,300.011261,-26562.75,-26472.521484375,57.1683098965445,20.8523204907052,9.256284,0,0,0,40,4449,299.9038,-26517.6357421875,,,,,,,,,,,,,0,,,,10.6353035,,,,,,300.01080325,,,,
,19448967.105,300.0103607,-26617.8994140625,-11.1591587268042,0.00450619573315105,1,0.999253354069792,40.0298881530762,1.9800375275139,11.4900004118681,-60.3796915899749,-11.0420553559487,250,0.0274270334768045,-11.1570107029584,-0.0192851818791595,300.0094604,300.011261,-26673.048828125,-26562.75,56.8884868866599,20.85288564335,8.512546,0,0,0,40,4449,299.90355,-26617.8994140625,,,,,,,,,,,,,0,,,,10.6353035,,,,,,300.0103607,,,,
,19448968.415,300.01091,-26753.1962890625,-11.3382842372057,0.00430388182382723,1,0.999253354069792,40.0298881530762,1.9799709628982,11.4900004118681,-61.3436751697296,-11.2362552264079,250,0.0246631710412536,-11.3360882016059,-0.0227970681101466,300.0094604,300.0123596,-26833.34375,-26673.048828125,57.1847240954484,20.8548837145262,7.396941,0,0,0,40,4449,299.90375,-26753.1962890625,,,,,,,,,,,,,0,,,,10.58244515,,,,,,300.01091,,,,
,19448969.78,300.0113983,-26888.54296875,-11.4220906239553,0.00417297925654068,1,0.999253354069792,40.0298881530762,1.98004261440692,11.5000000223517,-61.8004261618949,-11.3134973014377,250,0.0259923872101429,-11.4198830685052,-0.0218176445940187,300.010437,300.0123596,-26943.7421875,-26833.34375,56.9846271945253,20.8501127970422,8.512546,0,0,0,40,4449,299.9044,-26888.54296875,,,,,,,,,,,,,0,,,,10.6897588,,,,,,300.0113983,,,,
,19448970.795,300.01086425,-26988.8134765625,-11.507366142269,0.00388829623881937,1,0.999253354069792,40.0298881530762,1.98015806441752,11.4900004118681,-62.2671912641539,-11.3887392431244,250,0.0280106438974242,-11.5051500529229,-0.0201557898850293,300.010437,300.0112915,-27033.884765625,-26943.7421875,57.6537012069869,20.8511695393244,8.512546,0,0,0,40,4449,299.9048,-26988.8134765625,,,,,,,,,,,,,0,,,,10.79600575,,,,,,300.01086425,,,,
,19448971.78,300.01135255,-27088.91796875,-11.5867362633214,0.00381756130581647,1,0.999253354069792,40.0298881530762,1.97998033271566,11.4900004118681,-62.6893844880906,-11.4759655219412,250,0.0264135555653827,-11.5844972526033,-0.0220840476530021,300.0112915,300.0114136,-27143.951171875,-27033.884765625,57.0862389020253,20.8520875187432,7.768809,0,0,0,40,4449,299.904,-27088.91796875,,,,,,,,,,,,,0,,,,10.63583375,,,,,,300.01135255,,,,
,19448972.93,300.01119995,-27204.083984375,-11.665949569909,0.00339591002722757,1,0.999253354069792,40.0298881530762,1.97989547670666,11.4900004118681,-63.1147047312586,-11.5572887159445,250,0.0259738927592069,-11.6636927949643,-0.0228543694803718,300.0109863,300.0114136,-27264.216796875,-27143.951171875,56.5101786833521,20.8533551263929,9.256284,0,0,0,40,4449,299.90295,-27204.083984375,,,,,,,,,,,,,0,,,,10.5295868,,,,,,300.01119995,,,,
,19448974.045,300.01119995,-27314.236328125,-11.7429318910146,0.00397735528284202,1,0.999253354069792,40.0298881530762,1.97984811616601,11.4900004118681,-63.5307321851654,-11.6277683773072,250,0.0271643255574547,-11.7406645498868,-0.0219857078033311,300.0109863,300.0114136,-27364.255859375,-27264.216796875,57.0760777312753,20.8558430657858,8.512546,0,0,0,40,4449,299.90145,-27314.236328125,,,,,,,,,,,,,0,,,,10.58244515,,,,,,300.01119995,,,,
,19448975.185,300.01119995,-27429.388671875,-11.8122195485949,0.00307770672310632,1,0.999253354069792,40.0298881530762,1.9799741987478,11.4900004118681,-63.9089527295262,-11.7003628107401,250,0.0267208365448782,-11.809936400535,-0.022718042251404,300.0109863,300.0114136,-27494.521484375,-27364.255859375,57.4395349927176,20.854645010815,7.396941,0,0,0,40,4449,299.9017,-27429.388671875,,,,,,,,,,,,,0,,,,10.6353035,,,,,,300.01119995,,,,
,19448976.395,300.01104735,-27549.6103515625,-11.8847516156637,0.00331381865556706,1,0.999253354069792,40.0298881530762,1.97992954892967,11.4900004118681,-64.2987668567838,-11.7784250030667,250,0.025686258833935,-11.8824496145634,-0.0240547294324017,300.0109863,300.0111084,-27604.69921875,-27494.521484375,56.6727574153522,20.8471433541321,8.884414,0,0,0,40,4449,299.90265,-27549.6103515625,,,,,,,,,,,,,0,,,,10.58244515,,,,,,300.01104735,,,,
,19448977.41,300.011261,-27649.8359375,-11.951014655615,0.00343991260851243,1,0.999253354069792,40.0298881530762,1.98002097754503,11.4900004118681,-64.659710969814,-11.8471284865521,250,0.0253667293759354,-11.9486978381056,-0.0246509777318156,300.0111084,300.0114136,-27694.97265625,-27604.69921875,57.2441278629099,20.8521710731099,8.884414,0,0,0,40,4449,299.90085,-27649.8359375,,,,,,,,,,,,,0,,,,10.58244515,,,,,,300.011261,,,,
,19448978.38,300.01135255,-27750.0498046875,-12.0205694785472,0.00307406714634563,1,0.999253354069792,40.0298881530762,1.97994934678104,11.4900004118681,-65.0346416246615,-11.910770549501,250,0.0264172859181721,-12.0182429962505,-0.0238908505957969,300.0112915,300.0114136,-27805.126953125,-27694.97265625,56.5179949685444,20.8449447990482,8.512546,0,0,0,40,4449,299.90075,-27750.0498046875,,,,,,,,,,,,,0,,,,10.6353035,,,,,,300.01135255,,,,
,19448979.54,300.01142885,-27865.2470703125,-12.1493931511528,0.0033566928412086,1,0.999253354069792,40.0298881530762,1.97990170942504,11.4900004118681,-65.731058397576,-12.0328121156147,250,0.0276836996525949,-12.1470459093672,-0.0231628066096778,300.0112915,300.0115662,-27925.3671875,-27805.126953125,57.0768593597945,20.8542646907324,8.884414,0,0,0,40,4449,299.90055,-27865.2470703125,,,,,,,,,,,,,0,,,,10.4783001,,,,,,300.01142885,,,,
,19448980.695,300.01132205,-27980.5078125,-12.2088639910629,0.0030112193822517,1,0.999253354069792,40.0298881530762,1.97998258689866,11.4900004118681,-66.053258273751,-12.10397169687,250,0.0256406305218642,-12.206496272067,-0.0254534718291772,300.0110779,300.0115662,-28035.6484375,-27925.3671875,57.6146197810253,20.8468892671945,7.396941,0,0,0,40,4449,299.8997,-27980.5078125,,,,,,,,,,,,,0,,,,10.42544175,,,,,,300.01132205,,,,
,19448981.765,300.011673,-28090.73046875,-12.2659180114926,0.0027808126598262,1,0.999253354069792,40.0298881530762,1.98000231387957,11.4900004118681,-66.3638672007545,-12.1537141946514,250,0.0270425686252375,-12.2635445303739,-0.0242895486490907,300.0110779,300.0122681,-28145.8125,-28035.6484375,57.1206305568714,20.8544938061461,8.512546,0,0,0,40,4449,299.89985,-28090.73046875,,,,,,,,,,,,,0,,,,10.63583375,,,,,,300.011673,,,,
,19448982.87,300.01243595,-28200.9189453125,-12.3261673975617,0.00225195567049739,1,0.999253354069792,40.0298881530762,1.97997787994785,11.4900004118681,-66.6885696945081,-12.215791222523,250,0.0267073183307703,-12.3237800475376,-0.0248758424375318,300.0122681,300.0126038,-28256.025390625,-28145.8125,57.2183341217753,20.8486059121455,9.256284,0,0,0,40,4449,299.8999,-28200.9189453125,,,,,,,,,,,,,0,,,,10.6886921,,,,,,300.01243595,,,,
,19448983.815,300.0126038,-28291.0869140625,-12.3834366573711,0.0024447091959454,1,0.999253354069792,40.0298881530762,1.97993524250597,11.4900004118681,-66.9949621970514,-12.2833219230865,250,0.0247906547972353,-12.3810296767429,-0.0270309402468794,300.0126038,300.0126038,-28326.1484375,-28256.025390625,57.2339666921599,20.8496018343509,8.512546,0,0,0,40,4449,299.8999,-28291.0869140625,,,,,,,,,,,,,0,,,,10.6353035,,,,,,300.0126038,,,,
,19448984.73,300.0126038,-28381.3408203125,-12.4361178583607,0.0029872010196573,1,0.999253354069792,40.0298881530762,1.97993788628359,11.4900004118681,-67.2804651165297,-12.3333972000427,250,0.0253014597888763,-12.4337024050951,-0.0267399269525085,300.0126038,300.0126038,-28436.533203125,-28326.1484375,57.6599542351407,20.8508979222038,9.256284,0,0,0,40,4449,299.89955,-28381.3408203125,,,,,,,,,,,,,0,,,,10.6353035,,,,,,300.0126038,,,,
,19448985.77,300.0127411,-28486.603515625,-12.4888648992848,0.00270584235731933,1,0.999253354069792,40.0298881530762,1.97999403128416,11.4900004118681,-67.5675381771267,-12.3869242988752,250,0.0252463552261048,-12.4864385503332,-0.0270147577453012,300.0126038,300.0128784,-28536.673828125,-28436.533203125,57.241001348833,20.8510930515434,7.396941,0,0,0,40,4449,299.8996,-28486.603515625,,,,,,,,,,,,,0,,,,10.6353035,,,,,,300.0127411,,,,
,19448986.735,300.01290895,-28586.7216796875,-12.5403929264257,0.00277161958354912,1,0.999253354069792,40.0298881530762,1.98000170384115,11.4900004118681,-67.8456797406009,-12.4428939987858,250,0.0244595666989397,-12.5379528168715,-0.0280164024169027,300.0128784,300.0129395,-28636.76953125,-28536.673828125,57.3269804859484,20.8502609927343,9.256284,0,0,0,40,4449,299.898,-28586.7216796875,,,,,,,,,,,,,0,,,,10.4783001,,,,,,300.01290895,,,,
,19448987.835,300.01290895,-28696.9384765625,-12.5922748459367,0.00298280134704631,1,0.999253354069792,40.0298881530762,1.97997232915877,11.4900004118681,-68.1262808189758,-12.4893571396211,250,0.0254539562792212,-12.5898284512507,-0.0272385295401441,300.0128784,300.0129395,-28757.107421875,-28636.76953125,57.1761261817368,20.8492115572451,8.512546,0,0,0,40,4449,299.8968,-28696.9384765625,,,,,,,,,,,,,0,,,,10.5316887,,,,,,300.01290895,,,,
,19448989.04,300.01316835,-28817.1875,-12.6388686202107,0.00319836049139449,1,0.999253354069792,40.0298881530762,1.97999709430148,11.4900004118681,-68.3783226251055,-12.5404274520417,250,0.0246771765475704,-12.6364095120635,-0.0282090120823542,300.0128784,300.0134583,-28877.267578125,-28757.107421875,56.9072459711214,20.8534771427092,8.512546,0,0,0,40,4449,299.8967,-28817.1875,,,,,,,,,,,,,0,,,,10.63583375,,,,,,300.01316835,,,,
,19448990.07,300.0131073,-28922.3173828125,-12.6892921469646,0.00259337971426094,1,0.999253354069792,40.0298881530762,1.97989236330691,11.4900004118681,-68.647289787307,-12.591378330546,250,0.0244843977948048,-12.6868221329386,-0.0286117257659499,300.0127563,300.0134583,-28967.3671875,-28877.267578125,56.4445218877367,20.8499396882854,8.512546,0,0,0,40,4449,299.8968,-28922.3173828125,,,,,,,,,,,,,0,,,,10.58244515,,,,,,300.0131073,,,,
,19448991.085,300.01271055,-29022.4482421875,-12.7367487005429,0.00274012299487803,1,0.999253354069792,40.0298881530762,1.97987596931727,11.4900004118681,-68.903472934472,-12.6383407741,250,0.0245797780991706,-12.7342697479387,-0.0287139010236404,300.0126648,300.0127563,-29077.529296875,-28967.3671875,57.149550812083,20.8489557004594,9.256284,0,0,0,40,4449,299.8972,-29022.4482421875,,,,,,,,,,,,,0,,,,10.6353035,,,,,,300.01271055,,,,
,19448992.165,300.0127716,-29127.5888671875,-12.7804074137814,0.00240927601335871,1,0.999253354069792,40.0298881530762,1.97997306905477,11.4900004118681,-69.1427138233011,-12.6836297301305,250,0.0244116515323219,-12.7779189499065,-0.0290639106361141,300.0126648,300.0128784,-29177.6484375,-29077.529296875,56.374175321006,20.8484632900618,8.512546,0,0,0,40,4449,299.89605,-29127.5888671875,,,,,,,,,,,,,0,,,,10.4783001,,,,,,300.0127716,,,,
,19448993.12,300.0131073,-29222.77734375,-12.8220479590696,0.00224072253032214,1,0.999253354069792,40.0298881530762,1.97999276547301,11.4900004118681,-69.3677669435702,-12.7299165233744,250,0.0235959298653158,-12.8195475452943,-0.0300530282691226,300.0128784,300.0133362,-29267.90625,-29177.6484375,56.2819431557367,20.8502118520839,8.884414,0,0,0,40,4449,299.8949,-29222.77734375,,,,,,,,,,,,,0,,,,10.4783001,,,,,,300.0131073,,,,
,19448994.175,300.01298525,-29333.064453125,-12.8658530159163,0.00232330738480601,1,0.999253354069792,40.0298881530762,1.97995347918259,11.5000000223517,-69.6024992756824,-12.7780593349626,250,0.0227694874974056,-12.8633404259727,-0.0310614872325279,300.0126343,300.0133362,-29398.22265625,-29267.90625,57.1315733561406,20.8459180619737,8.512546,0,0,0,40,4449,299.8951,-29333.064453125,,,,,,,,,,,,,0,,,,10.6353035,,,,,,300.01298525,,,,
,19448995.34,300.013031,-29453.3740234375,-12.9066254412569,0.00258173848592212,1,0.999253354069792,40.0298881530762,1.97994330183862,11.4900004118681,-69.8269875095484,-12.7954890975256,250,0.0270934285692436,-12.9041227663288,-0.0269078265671606,300.0126343,300.0134277,-29508.525390625,-29398.22265625,56.6946430138906,20.851183382221,7.396941,0,0,0,40,4449,299.89525,-29453.3740234375,,,,,,,,,,,,,0,,,,10.6353035,,,,,,300.013031,,,,
,19448996.395,300.01245115,-29558.603515625,-12.9500677665916,0.00234301585592064,1,0.999253354069792,40.0298881530762,1.97984092284885,11.4900004118681,-70.0560275869463,-12.8511691377526,250,0.0247319420831119,-12.947546764857,-0.0294497250956415,300.0114746,300.0134277,-29608.681640625,-29508.525390625,57.0065127930637,20.8500729004873,7.396941,0,0,0,40,4449,299.89455,-29558.603515625,,,,,,,,,,,,,0,,,,10.6886921,,,,,,300.01245115,,,,
,19448997.47,300.0115509,-29664.1328125,-12.9864283418464,0.00280558175561166,1,0.999253354069792,40.0298881530762,1.97998290936941,11.5000000223517,-70.257004172932,-12.8916073663408,250,0.0241620627054856,-12.9838980916927,-0.0301708301439986,300.0114746,300.0116272,-29719.583984375,-29608.681640625,56.9041194570445,20.8460219590267,7.396941,0,0,0,40,4449,299.89345,-29664.1328125,,,,,,,,,,,,,0,,,,10.63583375,,,,,,300.0115509,,,,
,19448998.47,300.01239015,-29764.7041015625,-13.0289976943274,0.0021274245306467,1,0.999253354069792,40.0298881530762,1.97994494621502,11.4900004118681,-70.4879058116895,-12.9232679359746,250,0.0261554685183252,-13.026466818101,-0.0283552481015117,300.0116272,300.0131531,-29809.82421875,-29719.583984375,57.1542405831984,20.8491663530303,9.256284,0,0,0,40,4449,299.89205,-29764.7041015625,,,,,,,,,,,,,0,,,,10.58244515,,,,,,300.01239015,,,,
,19448999.43,300.01249695,-29859.994140625,-13.0673085195308,0.00222802653786775,1,0.999253354069792,40.0298881530762,1.97989715751884,11.4900004118681,-70.6929957134001,-12.9637156889626,250,0.0257225851449669,-13.06476808716,-0.0289475772139862,300.0118408,300.0131531,-29910.1640625,-29809.82421875,56.8548768603329,20.8486465079362,8.512546,0,0,0,40,4449,299.8912,-29859.994140625,,,,,,,,,,,,,0,,,,10.6353035,,,,,,300.01249695,,,,
,19449000.53,300.0125885,-29970.298828125,-13.1385210598068,0.00215609689408993,1,0.999253354069792,40.0298881530762,1.97992756019367,11.5000000223517,-71.0789815262113,-13.0363531492295,250,0.0255299409055967,-13.1359654467642,-0.0294370296017688,300.0118408,300.0133362,-30030.43359375,-29910.1640625,57.0205821064099,20.8470213060331,9.256284,0,0,0,40,4449,299.89115,-29970.298828125,,,,,,,,,,,,,0,,,,10.42700245,,,,,,300.0125885,,,,
,19449001.655,300.01313785,-30085.5751953125,-13.1719514808553,0.00198267090329163,1,0.999253354069792,40.0298881530762,1.97998516092777,11.4900004118681,-71.2619606030119,-13.0693536967952,250,0.0256934959315124,-13.1693896409675,-0.0294119846159061,300.0129395,300.0133362,-30140.716796875,-30030.43359375,57.3465211989291,20.8455726568089,8.512546,0,0,0,40,4449,299.8923,-30085.5751953125,,,,,,,,,,,,,0,,,,10.26999905,,,,,,300.01313785,,,,
,19449002.725,300.01298525,-30190.7607421875,-13.2072557636045,0.00236809602715079,1,0.999253354069792,40.0298881530762,1.97984941611914,11.4900004118681,-71.4461873553756,-13.1142761589008,250,0.0237697918808407,-13.2046789043105,-0.0314818469193381,300.0129395,300.013031,-30240.8046875,-30140.716796875,56.7571732954291,20.8499331425822,8.512546,0,0,0,40,4449,299.8928,-30190.7607421875,,,,,,,,,,,,,0,,,,10.58561375,,,,,,300.01298525,,,,
,19449003.85,300.01275635,-30301.0263671875,-13.2391827791636,0.00227184784638028,1,0.999253354069792,40.0298881530762,1.97988281715044,11.4900004118681,-71.6204550219775,-13.1441712111398,250,0.0242006138715778,-13.2366014449846,-0.0311838143279709,300.0124817,300.013031,-30361.248046875,-30240.8046875,57.3887291389676,20.8491367890743,7.396941,0,0,0,40,4449,299.89175,-30301.0263671875,,,,,,,,,,,,,0,,,,10.79600575,,,,,,300.01275635,,,,
,19449004.89,300.01268005,-30406.2685546875,-13.2725718843865,0.00240724514754798,1,0.999253354069792,40.0298881530762,1.97984423798555,11.4900004118681,-71.7991431386366,-13.1801672095748,250,0.02368778169035,-13.2699817918346,-0.0318350010796643,300.0124817,300.0128784,-30451.2890625,-30361.248046875,57.4723633905253,20.8501987916382,9.256284,0,0,0,40,4449,299.89255,-30406.2685546875,,,,,,,,,,,,,0,,,,10.7420807,,,,,,300.01268005,,,,
,19449005.875,300.01249695,-30506.3486328125,-13.3031991876907,0.00183523628605781,1,0.999253354069792,40.0298881530762,1.97990313977534,11.4900004118681,-71.9695145126534,-13.1969372510526,250,0.0263351811421846,-13.3006141613862,-0.029315110471487,300.0121155,300.0128784,-30561.408203125,-30451.2890625,57.5380201861407,20.8511074039765,8.512546,0,0,0,40,4449,299.89325,-30506.3486328125,,,,,,,,,,,,,0,,,,10.6886921,,,,,,300.01249695,,,,
,19449007.045,300.01182555,-30621.4609375,-13.3357584679036,0.00180868177636296,1,0.999253354069792,40.0298881530762,1.97985566381843,11.4900004118681,-72.1425446683973,-13.2366317540294,250,0.0249739631055091,-13.3331615780976,-0.0308112263707196,300.0115356,300.0121155,-30681.513671875,-30561.408203125,57.5262957583522,20.8451538981785,7.396941,0,0,0,40,4449,299.8927,-30621.4609375,,,,,,,,,,,,,0,,,,10.6886921,,,,,,300.01182555,,,,
,19449008.085,300.0115356,-30726.603515625,-13.3677505843626,0.00203345795125532,1,0.999253354069792,40.0298881530762,1.97983000884357,11.4900004118681,-72.3131393114542,-13.2766354733517,250,0.0234763788462136,-13.3651411931051,-0.0324412694481937,300.0115356,300.0115356,-30771.693359375,-30681.513671875,56.9377294833714,20.8444546568951,9.256284,0,0,0,40,4449,299.89275,-30726.603515625,,,,,,,,,,,,,0,,,,10.5316887,,,,,,300.0115356,,,,
,19449009.095,300.01211545,-30826.84765625,-13.3967183103659,0.00261200412136846,1,0.999253354069792,40.0298881530762,1.97989479015014,11.4900004118681,-72.4744609910974,-13.2933808110189,250,0.025828349002096,-13.3941126944348,-0.0302099740933553,300.0115356,300.0126953,-30882.001953125,-30771.693359375,57.6404135221599,20.844492057572,8.512546,0,0,0,40,4449,299.8926,-30826.84765625,,,,,,,,,,,,,0,,,,10.4783001,,,,,,300.01211545,,,,
,19449010.32,300.0124054,-30947.1572265625,-13.4544960650391,0.00214137800827178,1,0.999253354069792,40.0298881530762,1.97982502338971,11.4900004118681,-72.7813953587511,-13.3671543184523,250,0.0228135282516406,-13.4518660874545,-0.0334648422013965,300.0121155,300.0126953,-31012.3125,-30882.001953125,57.4364084786407,20.8473428488165,9.256284,0,0,0,40,4449,299.8917,-30947.1572265625,,,,,,,,,,,,,0,,,,10.58244515,,,,,,300.0124054,,,,
,19449011.6,300.0127411,-31077.404296875,-13.4820353247912,0.0025379899911612,1,0.999253354069792,40.0298881530762,1.97984206288679,11.4900004118681,-72.9328378008116,-13.3846041092853,250,0.024712665911906,-13.4794076406501,-0.031680266896236,300.0121155,300.0133667,-31142.49609375,-31012.3125,57.3738781971022,20.8546564603106,7.396941,0,0,0,40,4449,299.89035,-31077.404296875,,,,,,,,,,,,,0,,,,10.58244515,,,,,,300.0127411,,,,
,19449012.75,300.01309205,-31192.5986328125,-13.5104081931198,0.00222584579040628,1,0.999253354069792,40.0298881530762,1.97988224559507,11.5000000223517,-73.0876406786079,-13.4137402272773,250,0.0246336055149837,-13.5077743607668,-0.0318768771845166,300.0128174,300.0133667,-31242.701171875,-31142.49609375,57.6920010044292,20.8473582523339,9.256284,0,0,0,40,4449,299.8901,-31192.5986328125,,,,,,,,,,,,,0,,,,10.58244515,,,,,,300.01309205,,,,
,19449013.835,300.0123291,-31302.7724609375,-13.5371623115879,0.00208433592636892,1,0.999253354069792,40.0298881530762,1.97988254868867,11.4900004118681,-73.2323942486661,-13.4402655615424,250,0.0246884026842221,-13.5345237981511,-0.0319326329917747,300.0118408,300.0128174,-31362.84375,-31242.701171875,57.3668435404292,20.8502601260882,8.512546,0,0,0,40,4449,299.8912,-31302.7724609375,,,,,,,,,,,,,0,,,,10.63583375,,,,,,300.0123291,,,,
,19449014.945,300.01309205,-31412.9365234375,-13.5594074730093,0.00197970167402413,1,0.999253354069792,40.0298881530762,1.97984330976238,11.4900004118681,-73.3519867744022,-13.4584688997839,250,0.0253974061253838,-13.556767166945,-0.0313154500582301,300.0118408,300.0143433,-31463.029296875,-31362.84375,57.2886806885061,20.8501573400752,7.396941,0,0,0,40,4449,299.8923,-31412.9365234375,,,,,,,,,,,,,0,,,,10.48039105,,,,,,300.01309205,,,,
,19449016.04,300.01383975,-31523.130859375,-13.58859063049,0.00210974477888984,1,0.999253354069792,40.0298881530762,1.97976532493827,11.4900004118681,-73.5066592963614,-13.4889286565309,250,0.02507888048924,-13.5859428072778,-0.0317548993058939,300.0133362,300.0143433,-31583.232421875,-31463.029296875,57.3762230826599,20.853187713862,8.512546,0,0,0,40,4449,299.89205,-31523.130859375,,,,,,,,,,,,,0,,,,10.26999905,,,,,,300.01383975,,,,
,19449017.19,300.01327515,-31638.4423828125,-13.6150245933835,0.00210311812790065,1,0.999253354069792,40.0298881530762,1.97979161243044,11.4900004118681,-73.6481361305511,-13.528676263314,250,0.0226612739367218,-13.6123616813309,-0.034281585691783,300.0132141,300.0133362,-31693.65234375,-31583.232421875,57.2027015513907,20.8513178459275,9.256284,0,0,0,40,4449,299.8912,-31638.4423828125,,,,,,,,,,,,,0,,,,10.58561375,,,,,,300.01327515,,,,
,19449018.235,300.0134735,-31743.6962890625,-13.6417096754047,0.00183316273300234,1,0.999253354069792,40.0298881530762,1.97987168406102,11.4900004118681,-73.7987771137481,-13.5374888355906,250,0.0260771318478764,-13.6390556433717,-0.030976968052077,300.0132141,300.0137329,-31793.740234375,-31693.65234375,56.2139414745636,20.8486688463117,8.512546,0,0,0,40,4449,299.8911,-31743.6962890625,,,,,,,,,,,,,0,,,,10.58561375,,,,,,300.0134735,,,,
,19449019.21,300.0131378,-31843.8896484375,-13.663506858837,0.00135818255890166,1,0.999253354069792,40.0298881530762,1.97982342363082,11.4900004118681,-73.9114739971158,-13.5774866431996,250,0.0226618122069915,-13.6608343901976,-0.0344817850251171,300.0125427,300.0137329,-31894.0390625,-31793.740234375,56.946327397083,20.8496640420868,7.396941,0,0,0,40,4449,299.89085,-31843.8896484375,,,,,,,,,,,,,0,,,,10.4783001,,,,,,300.0131378,,,,
,19449021.045,300.0123901,-32029.240234375,-13.7124383275654,0.00195006329493884,1,0.999253354069792,40.0298881530762,1.97980131666311,11.5000000223517,-74.1778379004127,-13.6125949243209,250,0.0252128272571516,-13.709767189212,-0.0321338670426448,300.0123901,300.0123901,-32034.318359375,-32024.162109375,57.210517836583,20.8504559223399,8.512546,0,0,0,40,4449,299.8915,-32029.240234375,,,,,,,,,,,,,0,,,,10.4783001,,,,,,300.0123901,,,,
,19449021.655,300.0126648,-32089.3017578125,-13.7329928252222,0.00220392114566577,1,0.999253354069792,40.0298881530762,1.97977669822451,11.4900004118681,-74.2867290922942,-13.6403703762423,250,0.0238567713916265,-13.7303117384129,-0.0335753567968477,300.0123901,300.0129395,-32144.28515625,-32034.318359375,56.8126689202945,20.8471020292828,9.256284,0,0,0,40,4449,299.88985,-32089.3017578125,,,,,,,,,,,,,0,,,,10.6353035,,,,,,300.0126648,,,,
,19449022.71,300.0130463,-32194.3359375,-13.7572955359997,0.00211799758677,1,0.999253354069792,40.0298881530762,1.97988437709702,11.4900004118681,-74.4234135065094,-13.6583575478451,250,0.0251697964581798,-13.7546148957353,-0.0323634820064963,300.0129395,300.0131531,-32244.38671875,-32144.28515625,57.2910255740638,20.8510096607365,8.884414,0,0,0,40,4449,299.88835,-32194.3359375,,,,,,,,,,,,,0,,,,10.6353035,,,,,,300.0130463,,,,
,19449023.765,300.01312255,-32299.5263671875,-13.7809509407513,0.00215322834004411,1,0.999253354069792,40.0298881530762,1.97983899252286,11.4900004118681,-74.5493215044094,-13.6836687373027,250,0.0248174434016802,-13.7782641345246,-0.032813246100551,300.013092,300.0131531,-32354.666015625,-32244.38671875,57.5067550453715,20.8525528138013,8.512546,0,0,0,40,4449,299.8899,-32299.5263671875,,,,,,,,,,,,,0,,,,10.74261715,,,,,,300.01312255,,,,
,19449024.905,300.0128326,-32414.7880859375,-13.8026883409963,0.00165512323128968,1,0.999253354069792,40.0298881530762,1.97983554363966,11.4900004118681,-74.6683164543435,-13.6969778291104,250,0.0263813824853209,-13.8000039268954,-0.0313393963425477,300.0125732,300.013092,-32474.91015625,-32354.666015625,57.4418798782753,20.8501488029833,8.884414,0,0,0,40,4449,299.8896,-32414.7880859375,,,,,,,,,,,,,0,,,,10.58561375,,,,,,300.0128326,,,,
,19449025.88,300.0125732,-32510.0263671875,-13.8265279305594,0.00195917039199598,1,0.999253354069792,40.0298881530762,1.97974760613359,11.4900004118681,-74.7904774399005,-13.7392649147127,250,0.0228711755426138,-13.8238242086349,-0.0349478970254488,300.0125732,300.0125732,-32545.142578125,-32474.91015625,57.5747567265446,20.8504554299517,7.396941,0,0,0,40,4449,299.88825,-32510.0263671875,,,,,,,,,,,,,0,,,,10.4783001,,,,,,300.0125732,,,,
,19449026.865,300.01234435,-32605.2470703125,-13.8465485058752,0.00212421482581915,1,0.999253354069792,40.0298881530762,1.97977118768993,11.4900004118681,-74.9020668976542,-13.7462528802246,250,0.0253193199684308,-13.8438512039046,-0.0325827011118015,300.0121155,300.0125732,-32665.3515625,-32545.142578125,57.0995265868522,20.8566857278644,9.256284,0,0,0,40,4449,299.88945,-32605.2470703125,,,,,,,,,,,,,0,,,,10.42700245,,,,,,300.01234435,,,,
,19449027.965,300.01246645,-32715.408203125,-13.8686253891193,0.00195625398203645,1,0.999253354069792,40.0298881530762,1.97985028099241,11.4900004118681,-75.0237050499738,-13.7725305582752,250,0.0246513782973342,-13.8659208725264,-0.033341660241742,300.0121155,300.0128174,-32765.46484375,-32665.3515625,57.2159892362176,20.8482347161885,9.256284,0,0,0,40,4449,299.8895,-32715.408203125,,,,,,,,,,,,,0,,,,10.3741441,,,,,,300.01246645,,,,
,19449028.95,300.01330565,-32815.546875,-13.8878666435311,0.00237780606108613,1,0.999253354069792,40.0298881530762,1.97984223769535,11.4900004118681,-75.125791457134,-13.8007601148072,250,0.0229877812905719,-13.8851509292832,-0.0350844986663532,300.0128174,300.0137939,-32865.62890625,-32765.46484375,57.7818882841407,20.8485928460546,8.512546,0,0,0,40,4449,299.88875,-32815.546875,,,,,,,,,,,,,0,,,,10.58244515,,,,,,300.01330565,,,,
,19449030,300.0136261,-32921.0859375,-13.9073851666311,0.00249269760080071,1,0.999253354069792,40.0298881530762,1.97984521437999,11.5000000223517,-75.2319866509557,-13.8174761443094,250,0.0235183714968959,-13.9046676542098,-0.0346345803432766,300.0134583,300.0137939,-32976.54296875,-32865.62890625,56.7610814380252,20.8557292351359,9.256284,0,0,0,40,4449,299.8885,-32921.0859375,,,,,,,,,,,,,0,,,,10.58244515,,,,,,300.0136261,,,,
,19449031.015,300.0128479,-33021.677734375,-13.9248475600341,0.00215472360248495,1,0.999253354069792,40.0298881530762,1.97975173813064,11.4900004118681,-75.324150575259,-13.8278929240098,250,0.0247111509978174,-13.9221319997127,-0.0335139910002545,300.0122375,300.0134583,-33066.8125,-32976.54296875,56.9166255133522,20.8506240076708,7.396941,0,0,0,40,4449,299.88855,-33021.677734375,,,,,,,,,,,,,0,,,,10.58244515,,,,,,300.0128479,,,,
,19449031.96,300.0129852,-33116.966796875,-13.9445907421976,0.00219176865997748,1,0.999253354069792,40.0298881530762,1.9797770388405,11.4900004118681,-75.4300533652593,-13.8575684803823,250,0.0229149097621554,-13.9418637039334,-0.0353913700013384,300.0122375,300.0137329,-33167.12109375,-33066.8125,56.9877537086022,20.8522168479357,9.256284,0,0,0,40,4449,299.88875,-33116.966796875,,,,,,,,,,,,,0,,,,10.6353035,,,,,,300.0129852,,,,
,19449033.03,300.0133972,-33227.181640625,-13.9683214442721,0.00279728806576981,1,0.999253354069792,40.0298881530762,1.97974607886671,11.4900004118681,-75.5589101700408,-13.8720718494984,250,0.0245925798190216,-13.9655965132895,-0.033812108849229,300.0130615,300.0137329,-33287.2421875,-33167.12109375,56.9830639374868,20.8541678016047,9.256284,0,0,0,40,4449,299.8887,-33227.181640625,,,,,,,,,,,,,0,,,,10.6353035,,,,,,300.0133972,,,,
,19449034.03,300.0133209,-33327.408203125,-13.985315825724,0.00212612689701599,1,0.999253354069792,40.0298881530762,1.97977258837576,11.4900004118681,-75.6515975529086,-13.8903663494408,250,0.0243931167293744,-13.9825867426731,-0.034081711225114,300.0130615,300.0135803,-33367.57421875,-33287.2421875,57.1808159528522,20.8520628599355,9.256284,0,0,0,40,4449,299.8879,-33327.408203125,,,,,,,,,,,,,0,,,,10.6353035,,,,,,300.0133209,,,,
,19449035.07,300.01345825,-33427.673828125,-14.0009432748343,0.00203716724520856,1,0.999253354069792,40.0298881530762,1.97983437042573,11.4900004118681,-75.7375135606852,-13.9112944337627,250,0.0234976493816641,-13.9982073273845,-0.035041136818796,300.0133362,300.0135803,-33487.7734375,-33367.57421875,57.6294707228907,20.8504958269745,7.768809,0,0,0,40,4449,299.8885,-33427.673828125,,,,,,,,,,,,,0,,,,10.6353035,,,,,,300.01345825,,,,
,19449037.105,300.0133972,-33638.001953125,-14.0398810535697,0.00221422680725801,1,0.999253354069792,40.0298881530762,1.97985545710476,11.4900004118681,-75.9488404089152,-13.9506434747421,250,0.0234656970785049,-14.0371373108478,-0.0352338860493359,300.0133972,300.0133972,-33648.07421875,-33627.9296875,57.1073428720445,20.850363077861,8.512546,0,0,0,40,4449,299.88745,-33638.001953125,,,,,,,,,,,,,0,,,,10.6353035,,,,,,300.0133972,,,,
,19449037.71,300.01330565,-33698.208984375,-14.0631543836998,0.0020709053505724,1,0.999253354069792,40.0298881530762,1.97972149704408,11.4900004118681,-76.0694590541655,-13.9742402408387,250,0.0232465225281043,-14.060405096881,-0.0355499389961346,300.0132141,300.0133972,-33748.34375,-33648.07421875,57.6755868055253,20.8533275482501,7.396941,0,0,0,40,4449,299.8863,-33698.208984375,,,,,,,,,,,,,0,,,,10.6886921,,,,,,300.01330565,,,,
,19449038.805,300.0138092,-33803.33203125,-14.0824778534432,0.00189694713167123,1,0.999253354069792,40.0298881530762,1.9797996317854,11.4900004118681,-76.1793281928368,-13.9809583577639,250,0.0256853722304924,-14.0797346937486,-0.0331912705036554,300.0132141,300.0144043,-33858.3203125,-33748.34375,58.4290766980639,20.8496881639228,9.256284,0,0,0,40,4449,299.8862,-33803.33203125,,,,,,,,,,,,,0,,,,10.6886921,,,,,,300.0138092,,,,
,19449039.94,300.01416015,-33918.412109375,-14.0945931316153,0.00239214001918902,1,0.999253354069792,40.0298881530762,1.97981524539839,11.4900004118681,-76.2434895764899,-14.0036779371049,250,0.0237491328472514,-14.0918393494963,-0.0351766438992107,300.013916,300.0144043,-33978.50390625,-33858.3203125,56.4171648895637,20.8511459420342,8.884414,0,0,0,40,4449,299.88575,-33918.412109375,,,,,,,,,,,,,0,,,,10.74261715,,,,,,300.01416015,,,,
,19449040.905,300.013916,-34018.6640625,-14.1121586774609,0.00294949062379732,1,0.999253354069792,40.0298881530762,1.97977622584947,11.4900004118681,-76.3389345651533,-14.01065677701,250,0.0256646318496737,-14.1094095769101,-0.0333338828024893,300.013916,300.013916,-34058.82421875,-33978.50390625,57.1448610409676,20.8537542174526,7.396941,0,0,0,40,4449,299.8858,-34018.6640625,,,,,,,,,,,,,0,,,,10.6897588,,,,,,300.013916,,,,
,19449041.915,300.0140228,-34118.92578125,-14.124340039275,0.00221386363954519,1,0.999253354069792,40.0298881530762,1.97985068852667,11.4900004118681,-76.4071896759099,-14.0256514722877,250,0.025244459863696,-14.1215867584456,-0.0338038668831136,300.013916,300.0141296,-34179.02734375,-34058.82421875,57.4778347901599,20.8537805719756,8.512546,0,0,0,40,4449,299.8856,-34118.92578125,,,,,,,,,,,,,0,,,,10.58244515,,,,,,300.0140228,,,,
,19449043.08,300.0144348,-34234.1796875,-14.1481984108456,0.0017454754444688,1,0.999253354069792,40.0298881530762,1.97981785844242,11.4900004118681,-76.5362812635848,-14.0422903428177,250,0.0265480348272778,-14.1454456525485,-0.0325990550653872,300.0141296,300.01474,-34289.33203125,-34179.02734375,57.5200427301984,20.8525365972212,7.396941,0,0,0,40,4449,299.8856,-34234.1796875,,,,,,,,,,,,,0,,,,10.6353035,,,,,,300.0144348,,,,
,19449044.015,300.01474,-34329.376953125,-14.1667928120223,0.00236044187955664,1,0.999253354069792,40.0298881530762,1.97972981456069,11.4900004118681,-76.6313043476253,-14.0722208071164,250,0.0243471740987829,-14.1640270112235,-0.0348763507027303,300.01474,300.01474,-34369.421875,-34289.33203125,56.9494539111599,20.8539982300716,8.512546,0,0,0,40,4449,299.88485,-34329.376953125,,,,,,,,,,,,,0,,,,10.6353035,,,,,,300.01474,,,,
,19449044.96,300.01434325,-34424.53125,-14.1829789644576,0.00198986138023142,1,0.999253354069792,40.0298881530762,1.97977883836127,11.4900004118681,-76.7181038390009,-14.1027141570824,250,0.0217712481571339,-14.1801994223144,-0.037518416337935,300.0139465,300.01474,-34479.640625,-34369.421875,57.3207274577945,20.8478075471778,7.396941,0,0,0,40,4449,299.88475,-34424.53125,,,,,,,,,,,,,0,,,,10.6353035,,,,,,300.01434325,,,,
,19449046.1,300.01390075,-34534.70703125,-14.1950333095177,0.00238609719087622,1,0.999253354069792,40.0298881530762,1.97971913311156,11.4900004118681,-76.7818092353434,-14.1101966592133,250,0.0225445050240938,-14.1922549231536,-0.0367943204487102,300.013855,300.0139465,-34589.7734375,-34479.640625,57.6490114358715,20.8516553358243,8.512546,0,0,0,40,4449,299.8856,-34534.70703125,,,,,,,,,,,,,0,,,,10.4783001,,,,,,300.01390075,,,,
,19449047.1,300.01416015,-34634.857421875,-14.2139562463521,0.00256176342104824,1,0.999253354069792,40.0298881530762,1.97959754626464,11.4900004118681,-76.8818956087528,-14.1155547227228,250,0.024905060403469,-14.2111838309891,-0.0345126093238884,300.013855,300.0144653,-34679.94140625,-34589.7734375,56.5711457078521,20.8553661280712,9.256284,0,0,0,40,4449,299.8841,-34634.857421875,,,,,,,,,,,,,0,,,,10.3212967,,,,,,300.01416015,,,,
,19449048.1,300.0145111,-34734.974609375,-14.2302321725213,0.00183963829008471,1,0.999253354069792,40.0298881530762,1.97972929975993,11.4900004118681,-76.973655832922,-14.1394895336914,250,0.0236651131592642,-14.2274511837339,-0.0358194189259582,300.0144653,300.0145569,-34790.0078125,-34679.94140625,57.4965938746215,20.8503341843587,8.512546,0,0,0,40,4449,299.8834,-34734.974609375,,,,,,,,,,,,,0,,,,10.4783001,,,,,,300.0145111,,,,
,19449049.195,300.0136261,-34845.111328125,-14.2461913105651,0.0021129481649567,1,0.999253354069792,40.0298881530762,1.97972402224718,11.4900004118681,-77.0613824555159,-14.1466904701636,250,0.0252845624268604,-14.2434144411425,-0.0342657899564964,300.0126953,300.0145569,-34900.21484375,-34790.0078125,57.535675300583,20.8531317270737,9.256284,0,0,0,40,4449,299.8835,-34845.111328125,,,,,,,,,,,,,0,,,,10.6886921,,,,,,300.0136261,,,,
,19449050.19,300.01327515,-34945.3671875,-14.2607747108749,0.00198487140599794,1,0.999253354069792,40.0298881530762,1.9797601364455,11.4900004118681,-77.1394193178155,-14.1734125310072,250,0.0230922372968283,-14.2579860330251,-0.0365173531259372,300.0126953,300.013855,-34990.51953125,-34900.21484375,57.4981571316599,20.8547899570835,8.512546,0,0,0,40,4449,299.8843,-34945.3671875,,,,,,,,,,,,,0,,,,10.79600575,,,,,,300.01327515,,,,
,19449051.285,300.01365665,-35055.59375,-14.2729264566421,0.00249187134714115,1,0.999253354069792,40.0298881530762,1.97965729425301,11.4900004118681,-77.2039422241438,-14.1701865957471,250,0.0258080546250556,-14.2701465676185,-0.0338518544465539,300.0134583,300.013855,-35120.66796875,-34990.51953125,57.5950790680446,20.8561934042676,8.512546,0,0,0,40,4449,299.88355,-35055.59375,,,,,,,,,,,,,0,,,,10.74261715,,,,,,300.01365665,,,,
,19449052.345,300.0137482,-35165.80859375,-14.2901572021214,0.00227665096758477,1,0.999253354069792,40.0298881530762,1.97980402806047,11.4900004118681,-77.2995323715198,-14.2055864148336,250,0.0226450795540315,-14.2873606561075,-0.0370851844769401,300.0134583,300.0140381,-35210.94921875,-35120.66796875,57.4520410490253,20.8536470704065,7.396941,0,0,0,40,4449,299.8828,-35165.80859375,,,,,,,,,,,,,0,,,,10.74261715,,,,,,300.0137482,,,,
,19449053.295,300.014328,-35261.052734375,-14.3061929741517,0.00214882038401416,1,0.999253354069792,40.0298881530762,1.97973888848215,11.4900004118681,-77.3856072519758,-14.2112685223978,250,0.0244820602419241,-14.3034006620796,-0.0353144769761257,300.0140381,300.0146179,-35311.15625,-35210.94921875,57.7310824303907,20.8492501642465,8.512546,0,0,0,40,4449,299.88315,-35261.052734375,,,,,,,,,,,,,0,,,,10.58561375,,,,,,300.014328,,,,
,19449054.42,300.0138397,-35371.166015625,-14.3361819488899,0.00220306085516474,1,0.999253354069792,40.0298881530762,1.9798396227351,11.4900004118681,-77.5501935977519,-14.2497579184997,250,0.0230543216176882,-14.3333779687481,-0.036866120662346,300.0130615,300.0146179,-35431.17578125,-35311.15625,57.8139350534292,20.8540834576183,9.256284,0,0,0,40,4449,299.8829,-35371.166015625,,,,,,,,,,,,,0,,,,10.3212967,,,,,,300.0138397,,,,
,19449055.6,300.0145874,-35486.3046875,-14.346646162217,0.00212354741384364,1,0.999253354069792,40.0298881530762,1.97971739114973,11.4900004118681,-77.6031879658449,-14.2535607598352,250,0.0241312406716871,-14.3438442912849,-0.0358318816299461,300.0130615,300.0161133,-35541.43359375,-35431.17578125,57.1722180391407,20.8555547573827,9.256284,0,0,0,40,4449,299.88295,-35486.3046875,,,,,,,,,,,,,0,,,,10.5316887,,,,,,300.0145874,,,,
,19449056.65,300.0158539,-35591.53125,-14.3655673394193,0.00213271145127845,1,0.999253354069792,40.0298881530762,1.97967997257326,11.5000000223517,-77.7061307129762,-14.2611419709541,250,0.0261876715608846,-14.3627696643756,-0.0338538834473828,300.0155945,300.0161133,-35641.62890625,-35541.43359375,57.1644017539484,20.8522660978062,8.884414,0,0,0,40,4449,299.88255,-35591.53125,,,,,,,,,,,,,0,,,,10.79600575,,,,,,300.0158539,,,,
,19449057.68,300.01475525,-35696.77734375,-14.3819791666676,0.00242499272012167,1,0.999253354069792,40.0298881530762,1.97975112418729,11.4900004118681,-77.7952738543543,-14.2906797350649,250,0.0238590634629929,-14.3791691949761,-0.0362487824820538,300.013916,300.0155945,-35751.92578125,-35641.62890625,57.2167708647368,20.8531264486503,8.884414,0,0,0,40,4449,299.8854,-35696.77734375,,,,,,,,,,,,,0,,,,10.74261715,,,,,,300.01475525,,,,
,19449058.725,300.01387025,-35802.08984375,-14.3968126711939,0.00187416337582439,1,0.999253354069792,40.0298881530762,1.97960593401264,11.4900004118681,-77.8696027372436,-14.3062383857854,250,0.0235412177306628,-14.3939990106012,-0.0366267600946999,300.0138245,300.013916,-35852.25390625,-35751.92578125,57.5380201861407,20.8524657652765,8.512546,0,0,0,40,4449,299.8881,-35802.08984375,,,,,,,,,,,,,0,,,,10.74261715,,,,,,300.01387025,,,,
,19449059.705,300.01353455,-35897.23828125,-14.4054747103726,0.0021134615583916,1,0.999253354069792,40.0298881530762,1.97974321451728,11.4900004118681,-77.9214812471734,-14.3171336660154,250,0.023310461441124,-14.4026586033702,-0.0368927043191414,300.0132446,300.0138245,-35942.22265625,-35852.25390625,57.3027500018522,20.8553457192355,8.512546,0,0,0,40,4449,299.88775,-35897.23828125,,,,,,,,,,,,,0,,,,10.74261715,,,,,,300.01353455,,,,
,19449060.785,300.01341245,-36002.40625,-14.4253976587215,0.00172714870735921,1,0.999253354069792,40.0298881530762,1.97966116581861,11.4900004118681,-78.0257025406361,-14.3384663242372,250,0.0229515809184113,-14.4225761505058,-0.037334105658049,300.0132446,300.0135803,-36062.58984375,-35942.22265625,57.1534589546791,20.8546461918625,7.396941,0,0,0,40,4449,299.88565,-36002.40625,,,,,,,,,,,,,0,,,,10.74261715,,,,,,300.01341245,,,,
,19449061.83,300.0135803,-36107.6796875,-14.4326036382247,0.00290540970945841,1,0.999253354069792,40.0298881530762,1.97963404341674,11.5000000223517,-78.0660803790572,-14.3322518134218,250,0.0254008496020174,-14.429790880371,-0.0349147922497713,300.0135803,300.0135803,-36152.76953125,-36062.58984375,57.1229754424291,20.8528665918252,8.884414,0,0,0,40,4449,299.8835,-36107.6796875,,,,,,,,,,,,,0,,,,10.74261715,,,,,,300.0135803,,,,
,19449062.865,300.01359555,-36213.271484375,-14.4538056346449,0.0015955433534433,1,0.999253354069792,40.0298881530762,1.97974909137698,11.4900004118681,-78.1828144808223,-14.366956825543,250,0.0230629258251919,-14.4509789435882,-0.0373394488255145,300.0135803,300.0136108,-36273.7734375,-36152.76953125,57.6974724040638,20.8504907435245,9.256284,0,0,0,40,4449,299.88445,-36213.271484375,,,,,,,,,,,,,0,,,,10.58244515,,,,,,300.01359555,,,,
,19449063.935,300.0136108,-36323.884765625,-14.464745922765,0.00230661915300418,1,0.999253354069792,40.0298881530762,1.97975389845062,11.4900004118681,-78.2420651860438,-14.3784749089651,250,0.0229661642058491,-14.4619167526298,-0.0374803738269112,300.0136108,300.0136108,-36373.99609375,-36273.7734375,57.068261446083,20.8556340322243,8.512546,0,0,0,40,4449,299.88575,-36323.884765625,,,,,,,,,,,,,0,,,,10.58244515,,,,,,300.0136108,,,,
,19449064.86,300.0145721,-36419.09375,-14.4691101533103,0.00253921434236718,1,0.999253354069792,40.0298881530762,1.97974286339735,11.4900004118681,-78.2659185216955,-14.3790973448149,250,0.0236447753439111,-14.4662825114488,-0.0368192106377897,300.0136108,300.0155334,-36464.19140625,-36373.99609375,57.1018714724099,20.8505796986077,8.512546,0,0,0,40,4449,299.8852,-36419.09375,,,,,,,,,,,,,0,,,,10.4783001,,,,,,300.0145721,,,,
,19449065.86,300.013916,-36519.29296875,-14.4954994211012,0.00221247185468188,1,0.999253354069792,40.0298881530762,1.97955159259224,11.4900004118681,-78.4030456197747,-14.3944203948676,250,0.0254524652846379,-14.4926744143249,-0.035121434492362,300.0122986,300.0155334,-36574.39453125,-36464.19140625,56.9775925378522,20.852175060248,9.256284,0,0,0,40,4449,299.88355,-36519.29296875,,,,,,,,,,,,,0,,,,10.5316887,,,,,,300.013916,,,,
,19449066.95,300.0128174,-36624.556640625,-14.5069699976415,0.00237698877476201,1,0.999253354069792,40.0298881530762,1.97964755705743,11.4900004118681,-78.4660412599634,-14.421378997676,250,0.0227188174214845,-14.5041319125769,-0.0379016587846174,300.0122986,300.0133362,-36674.71875,-36574.39453125,56.8759808303522,20.851189111061,7.396941,0,0,0,40,4449,299.882,-36624.556640625,,,,,,,,,,,,,0,,,,10.5316887,,,,,,300.0128174,,,,
,19449067.965,300.0135956,-36724.8515625,-14.5187263922225,0.00189838837557699,1,0.999253354069792,40.0298881530762,1.9795914347682,11.4900004118681,-78.5281231026388,-14.4290721323988,250,0.0234008426059007,-14.5158884731978,-0.0372677409110172,300.0133362,300.013855,-36774.984375,-36674.71875,57.1941036376791,20.8503365072799,8.512546,0,0,0,40,4449,299.88215,-36724.8515625,,,,,,,,,,,,,0,,,,10.42544175,,,,,,300.0135956,,,,
,19449069.03,300.013855,-36835.154296875,-14.5296504013298,0.00254752808327327,1,0.999253354069792,40.0298881530762,1.97960859301223,11.4900004118681,-78.5879310182496,-14.4397350099481,250,0.0234757740247242,-14.5268105487411,-0.0372374054196822,300.013855,300.013855,-36895.32421875,-36774.984375,57.3965454241599,20.8573488754534,7.396941,0,0,0,40,4449,299.88145,-36835.154296875,,,,,,,,,,,,,0,,,,10.58244515,,,,,,300.013855,,,,
,19449070.14,300.0137787,-36945.3046875,-14.5429619768415,0.00214302700528424,1,0.999253354069792,40.0298881530762,1.9797293795709,11.4900004118681,-78.6657193728198,-14.4478557020567,250,0.0246001241211369,-14.5401242621531,-0.0361679463039104,300.0137024,300.013855,-36995.28515625,-36895.32421875,56.3241510957752,20.854914932197,7.396941,0,0,0,40,4449,299.8803,-36945.3046875,,,,,,,,,,,,,0,,,,10.6353035,,,,,,300.0137787,,,,
,19449071.22,300.01394655,-37050.373046875,-14.5593720597847,0.00223408782626033,1,0.999253354069792,40.0298881530762,1.97957994343461,11.4900004118681,-78.7462305149976,-14.476339833749,250,0.0221767362091938,-14.5565209406008,-0.0386580541226384,300.0137024,300.0141907,-37105.4609375,-36995.28515625,56.6242964471598,20.8508785469171,8.512546,0,0,0,40,4449,299.88105,-37050.373046875,,,,,,,,,,,,,0,,,,10.6353035,,,,,,300.01394655,,,,
,19449072.355,300.014328,-37165.5703125,-14.5707110669043,0.00221026087223254,1,0.999253354069792,40.0298881530762,1.9796920661187,11.4900004118681,-78.8127771850202,-14.4837499038077,250,0.0230553438654457,-14.5678612438664,-0.0378257089101897,300.0141907,300.0144653,-37225.6796875,-37105.4609375,57.271484861083,20.8536889378604,8.512546,0,0,0,40,4449,299.88105,-37165.5703125,,,,,,,,,,,,,0,,,,10.6353035,,,,,,300.014328,,,,
,19449073.55,300.01509095,-37285.80859375,-14.5963598831535,0.0024507730600016,1,0.999253354069792,40.0298881530762,1.97968162642994,11.4900004118681,-78.9514419386691,-14.5073458643883,250,0.0234321252015646,-14.5935061592827,-0.0375548855641699,300.0144653,300.0157166,-37345.9375,-37225.6796875,57.9421221305831,20.8535935920169,7.396941,0,0,0,40,4449,299.88075,-37285.80859375,,,,,,,,,,,,,0,,,,10.6886921,,,,,,300.01509095,,,,
,19449074.665,300.01484685,-37395.9296875,-14.6108999532921,0.00219226428205958,1,0.999253354069792,40.0298881530762,1.97974782410527,11.4900004118681,-79.0321090821354,-14.5252846745265,250,0.0228970172852626,-14.6080412960079,-0.0381494665817229,300.0139771,300.0157166,-37445.921875,-37345.9375,57.3738781971022,20.8545620523019,8.512546,0,0,0,40,4449,299.88045,-37395.9296875,,,,,,,,,,,,,0,,,,10.5316887,,,,,,300.01484685,,,,
,19449075.775,300.01379395,-37511.16015625,-14.6191776985724,0.00191471883305107,1,0.999253354069792,40.0298881530762,1.9796781723434,11.4900004118681,-79.0740405084654,-14.5337379549104,250,0.0227752938003989,-14.6163175361356,-0.0383045968722324,300.0136108,300.0139771,-37576.3984375,-37445.921875,57.8154983104676,20.8473018659363,8.884414,0,0,0,40,4449,299.87985,-37511.16015625,,,,,,,,,,,,,0,,,,10.4783001,,,,,,300.01379395,,,,
,19449076.94,300.0134277,-37631.564453125,-14.6269567044335,0.00237041363921015,1,0.999253354069792,40.0298881530762,1.9796083708428,11.4900004118681,-79.1141875886369,-14.5367099954589,250,0.0235741322130075,-14.624098641312,-0.0375369785749097,300.0132446,300.0136108,-37686.73046875,-37576.3984375,57.352774227083,20.8512260483192,7.396941,0,0,0,40,4449,299.8802,-37631.564453125,,,,,,,,,,,,,0,,,,10.6353035,,,,,,300.0134277,,,,
,19449078.015,300.0139465,-37736.775390625,-14.6452497629739,0.00205369742160574,1,0.999253354069792,40.0298881530762,1.97965518229933,11.4900004118681,-79.2144104425931,-14.5581739632298,250,0.0230572178982555,-14.6423856734536,-0.0381290461122856,300.0132446,300.0146484,-37786.8203125,-37686.73046875,57.5685036983907,20.8553545867705,7.396941,0,0,0,40,4449,299.8801,-37736.775390625,,,,,,,,,,,,,0,,,,10.58244515,,,,,,300.0139465,,,,
,19449079.03,300.0145874,-37836.84375,-14.659634759453,0.00177612533092442,1,0.999253354069792,40.0298881530762,1.97971368277341,11.4900004118681,-79.2936025315908,-14.5777405977617,250,0.0221824515222747,-14.656763855395,-0.0390627420837109,300.0145264,300.0146484,-37886.8671875,-37786.8203125,57.0971817012945,20.8543717574253,8.512546,0,0,0,40,4449,299.8795,-37836.84375,,,,,,,,,,,,,0,,,,10.5295868,,,,,,300.0145874,,,,
,19449079.96,300.0149994,-37931.98828125,-14.6632341004646,0.00248199697390364,1,0.999253354069792,40.0298881530762,1.97965221879651,11.5000000223517,-79.3106181459541,-14.581151181246,250,0.0221363144548023,-14.6603621569892,-0.0391228171029285,300.0145264,300.0154724,-37977.109375,-37886.8671875,57.1847240954484,20.8518244330561,8.512546,0,0,0,40,4449,299.87955,-37931.98828125,,,,,,,,,,,,,0,,,,10.58244515,,,,,,300.0149994,,,,
,19449080.945,300.01478575,-38032.1953125,-14.6769987991121,0.00268616748376644,1,0.999253354069792,40.0298881530762,1.97959170582908,11.4900004118681,-79.3850279747894,-14.5818632660038,250,0.0244756591831042,-14.6741340276622,-0.0368407445661068,300.0140991,300.0154724,-38087.28125,-37977.109375,56.4499932873714,20.8555136024844,8.512546,0,0,0,40,4449,299.87775,-38032.1953125,,,,,,,,,,,,,0,,,,10.6353035,,,,,,300.01478575,,,,
,19449082.03,300.0142059,-38137.43359375,-14.6894983191208,0.00291167200701344,1,0.999253354069792,40.0298881530762,1.97951197522007,11.4900004118681,-79.4474838407041,-14.604670442387,250,0.0224683012743476,-14.68662303202,-0.0388990440376121,300.0140991,300.0143127,-38187.5859375,-38087.28125,57.4262473078907,20.8541663086254,8.884414,0,0,0,40,4449,299.8764,-38137.43359375,,,,,,,,,,,,,0,,,,10.6353035,,,,,,300.0142059,,,,
,19449083.07,300.0143127,-38237.642578125,-14.6994333032388,0.00232544263082021,1,0.999253354069792,40.0298881530762,1.97971724258456,11.4900004118681,-79.5080056698687,-14.622781869488,250,0.0212328623564682,-14.6965509161381,-0.0401744037725465,300.0143127,300.0143127,-38287.69921875,-38187.5859375,57.3035316303714,20.8555047077651,7.396941,0,0,0,40,4449,299.8772,-38237.642578125,,,,,,,,,,,,,0,,,,10.74261715,,,,,,300.0143127,,,,
,19449084.175,300.014328,-38347.82421875,-14.717789389223,0.00231414847199761,1,0.999253354069792,40.0298881530762,1.97957937368862,11.4900004118681,-79.601561121704,-14.6417957627336,250,0.020934960626173,-14.7149021483796,-0.0405477778714428,300.0143127,300.0143433,-38407.94921875,-38287.69921875,57.3957637956407,20.8520663110537,7.396941,0,0,0,40,4449,299.87675,-38347.82421875,,,,,,,,,,,,,0,,,,10.8499308,,,,,,300.014328,,,,
,19449086.22,300.0130615,-38553.375,-14.7395360186147,0.00254539858614719,1,0.999253354069792,40.0298881530762,1.97967682619033,11.4900004118681,-79.7257375384369,-14.6494300498328,250,0.0236831547651057,-14.7366567582206,-0.0378887930362364,300.0130615,300.0130615,-38558.39453125,-38548.35546875,57.0424677049483,20.8528508894113,9.256284,0,0,0,40,4449,299.8761,-38553.375,,,,,,,,,,,,,0,,,,10.6353035,,,,,,300.0130615,,,,
,19449086.75,300.0133667,-38608.515625,-14.7477081503781,0.00307240043323057,1,0.999253354069792,40.0298881530762,1.97947246067326,11.5000000223517,-79.7593768868772,-14.6697255565112,250,0.0211711149423766,-14.7448166469484,-0.0404337578306624,300.0130615,300.0136719,-38658.63671875,-38558.39453125,56.6829185861022,20.8531509052738,8.512546,0,0,0,40,4449,299.8764,-38608.515625,,,,,,,,,,,,,0,,,,10.4783001,,,,,,300.0133667,,,,
,19449087.765,300.01301575,-38713.62890625,-14.7597031795546,0.00283421808792793,1,0.999253354069792,40.0298881530762,1.97965051919738,11.4900004118681,-79.8327876695691,-14.6746749525133,250,0.0227171124064289,-14.7568159726736,-0.0389374220572593,300.0123596,300.0136719,-38768.62109375,-38658.63671875,56.8658196596022,20.8546417404504,8.512546,0,0,0,40,4449,299.87455,-38713.62890625,,,,,,,,,,,,,0,,,,10.3212967,,,,,,300.01301575,,,,
,19449089.22,300.01316835,-38858.80078125,-14.7796060656383,0.00299326046065869,1,0.999253354069792,40.0298881530762,1.97966921470166,11.4900004118681,-79.9420624783587,-14.6898155707258,250,0.0236309368590119,-14.7767186995522,-0.0381055667891093,300.0123596,300.0139771,-38948.98046875,-38768.62109375,56.8908317722176,20.8567597675061,9.256284,0,0,0,40,4449,299.87325,-38858.80078125,,,,,,,,,,,,,0,,,,10.58561375,,,,,,300.01316835,,,,
,19449090.68,300.01324465,-39004.1171875,-14.7935502853608,0.0029343855751832,1,0.999253354069792,40.0298881530762,1.97955321271753,11.4900004118681,-80.0111783206823,-14.7121924780403,250,0.0219206274784958,-14.7906531032114,-0.0398718149396861,300.0125122,300.0139771,-39059.25390625,-38948.98046875,57.5317671579869,20.8509313929079,7.396941,0,0,0,40,4449,299.87445,-39004.1171875,,,,,,,,,,,,,0,,,,10.5343161,,,,,,300.01324465,,,,
,19449091.81,300.0121765,-39119.361328125,-14.8074117459269,0.00230830397694149,1,0.999253354069792,40.0298881530762,1.97952973068097,11.4900004118681,-80.0852144253062,-14.725867460254,250,0.0219288489760996,-14.8045125068117,-0.039920167500827,300.0118408,300.0125122,-39179.46875,-39059.25390625,57.4676736194099,20.8557576125458,8.512546,0,0,0,40,4449,299.87445,-39119.361328125,,,,,,,,,,,,,0,,,,10.26999905,,,,,,300.0121765,,,,
,19449092.795,300.01138305,-39219.576171875,-14.8139857761462,0.00306144436434673,1,0.999253354069792,40.0298881530762,1.97962645757947,11.4900004118681,-80.1236894374696,-14.7379720597361,250,0.0210380254143666,-14.8110820178112,-0.0408372625116325,300.0109253,300.0118408,-39259.68359375,-39179.46875,57.6294707228907,20.855992532417,7.396941,0,0,0,40,4449,299.87385,-39219.576171875,,,,,,,,,,,,,0,,,,10.58561375,,,,,,300.01138305,,,,
,19449093.805,300.0116577,-39319.80078125,-14.8273406746477,0.00238026707834563,1,0.999253354069792,40.0298881530762,1.97952890264862,11.4900004118681,-80.1935445684838,-14.742577675305,250,0.0225298686801777,-14.824440438754,-0.0394000392465136,300.0109253,300.0123901,-39379.91796875,-39259.68359375,57.4317187075253,20.8542215092152,8.512546,0,0,0,40,4449,299.8751,-39319.80078125,,,,,,,,,,,,,0,,,,10.74261715,,,,,,300.0116577,,,,
,19449094.895,300.01293945,-39425.017578125,-14.8385161844384,0.00229079519813721,1,0.999253354069792,40.0298881530762,1.97960097942947,11.4900004118681,-80.2577160552753,-14.7494567159106,250,0.0234252300565837,-14.8356168431386,-0.0385503416646152,300.0123901,300.0134888,-39470.1171875,-39379.91796875,57.5145713305638,20.8564894704709,8.512546,0,0,0,40,4449,299.875,-39425.017578125,,,,,,,,,,,,,0,,,,10.74261715,,,,,,300.01293945,,,,
,19449095.9,300.0126648,-39525.689453125,-14.8499623314269,0.00302784508692567,1,0.999253354069792,40.0298881530762,1.97952841492709,11.4900004118681,-80.3153786558287,-14.7677286575929,250,0.0220697860613431,-14.8470552470943,-0.0399524816023189,300.0118408,300.0134888,-39581.26171875,-39470.1171875,56.8494054606983,20.8534090452004,8.884414,0,0,0,40,4449,299.87365,-39525.689453125,,,,,,,,,,,,,0,,,,10.6897588,,,,,,300.0126648,,,,
,19449097.04,300.0127411,-39641.486328125,-14.8557626271001,0.00299186862956562,1,0.999253354069792,40.0298881530762,1.97971244687617,11.4900004118681,-80.3529064271888,-14.7809273664099,250,0.0209504837013549,-14.8528498033611,-0.0410942243242282,300.0118408,300.0136414,-39701.7109375,-39581.26171875,57.4989387601791,20.8550628594258,9.256284,0,0,0,40,4449,299.87455,-39641.486328125,,,,,,,,,,,,,0,,,,10.58244515,,,,,,300.0127411,,,,
,19449098.26,300.0130005,-39761.861328125,-14.8682849992214,0.00334328118473807,1,0.999253354069792,40.0298881530762,1.97961158946035,11.4900004118681,-80.4163078169724,-14.7944546445362,250,0.0206329839089006,-14.8653683401194,-0.0414622579325861,300.0123596,300.0136414,-39822.01171875,-39701.7109375,56.6039741056598,20.8520231299073,8.512546,0,0,0,40,4449,299.8758,-39761.861328125,,,,,,,,,,,,,0,,,,10.6353035,,,,,,300.0130005,,,,
,19449099.37,300.0126953,-39872.1328125,-14.8860857975389,0.00114576195204024,1,0.999253354069792,40.0298881530762,1.97948335130196,11.5000000223517,-80.5112364672841,-14.7910742502718,250,0.0243844282571963,-14.8831815044545,-0.0377845698836282,300.0123596,300.013031,-39922.25390625,-39822.01171875,56.976810909333,20.8557521153811,7.396941,0,0,0,40,4449,299.87605,-39872.1328125,,,,,,,,,,,,,0,,,,10.58244515,,,,,,300.0126953,,,,
,19449100.45,300.01298525,-39982.380859375,-14.9055300620871,0.00185219537133997,1,0.999253354069792,40.0298881530762,1.9796615424568,11.4900004118681,-80.6214522303147,-14.8226248265097,250,0.0223937655789189,-14.902613481531,-0.0398548586794252,300.0129395,300.013031,-40042.5078125,-39922.25390625,57.2433462343907,20.8542580654426,7.768809,0,0,0,40,4449,299.8756,-39982.380859375,,,,,,,,,,,,,0,,,,10.58244515,,,,,,300.01298525,,,,
,19449101.62,300.0132294,-40102.638671875,-14.9128252547722,0.00254439329402175,1,0.999253354069792,40.0298881530762,1.97975384509179,11.4900004118681,-80.6652329795694,-14.827025758823,250,0.0230559833938063,-14.9099099442413,-0.0392220601689911,300.0129395,300.0135193,-40162.76953125,-40042.5078125,57.3777863396984,20.8538662051433,8.512546,0,0,0,40,4449,299.8747,-40102.638671875,,,,,,,,,,,,,0,,,,10.6353035,,,,,,300.0132294,,,,
,19449102.665,300.01319885,-40207.853515625,-14.9233641543658,0.00243606136007312,1,0.999253354069792,40.0298881530762,1.97960514389747,11.5000000223517,-80.7167099302952,-14.834345705721,250,0.0234541368271164,-14.9204485114637,-0.0388667711830878,300.0128784,300.0135193,-40252.9375,-40162.76953125,57.149550812083,20.8566798500692,7.396941,0,0,0,40,4449,299.8747,-40207.853515625,,,,,,,,,,,,,0,,,,10.6886921,,,,,,300.01319885,,,,
,19449103.68,300.01263425,-40307.974609375,-14.9311565040897,0.00274831263582894,1,0.999253354069792,40.0298881530762,1.97950607101827,11.4900004118681,-80.752833088651,-14.8526055030713,250,0.0213868169583196,-14.9282310710651,-0.0409651079650633,300.0123901,300.0128784,-40363.01171875,-40252.9375,56.933039712256,20.8543477188863,8.512546,0,0,0,40,4449,299.87445,-40307.974609375,,,,,,,,,,,,,0,,,,10.6886921,,,,,,300.01263425,,,,
,19449104.76,300.01249695,-40413.08984375,-14.9400649839943,0.00315667241567342,1,0.999253354069792,40.0298881530762,1.97964846426457,11.4900004118681,-80.8069039993229,-14.8613210512295,250,0.0216182375200736,-14.937138910987,-0.0407697072389466,300.0123901,300.0126038,-40463.16796875,-40363.01171875,57.0354330482753,20.8598057133972,8.512546,0,0,0,40,4449,299.87445,-40413.08984375,,,,,,,,,,,,,0,,,,10.58244515,,,,,,300.01249695,,,,
,19449105.745,300.01347355,-40513.248046875,-14.9521913073781,0.00270794187624874,1,0.999253354069792,40.0298881530762,1.97953930805992,11.4900004118681,-80.8687643945614,-14.869217518156,250,0.0222567624225824,-14.949265054575,-0.0401804685539995,300.0126038,300.0143433,-40563.328125,-40463.16796875,56.5000175126021,20.851396672582,8.512546,0,0,0,40,4449,299.8757,-40513.248046875,,,,,,,,,,,,,0,,,,10.58244515,,,,,,300.01347355,,,,
,19449106.805,300.0142212,-40623.447265625,-14.9663666744027,0.00207654300629661,1,0.999253354069792,40.0298881530762,1.97954586380541,11.4900004118681,-80.9445330036429,-14.8896099731449,250,0.0211213690659644,-14.9634324972488,-0.0413738627932914,300.0140991,300.0143433,-40683.56640625,-40563.328125,57.014329078256,20.8569735618129,8.512546,0,0,0,40,4449,299.87435,-40623.447265625,,,,,,,,,,,,,0,,,,10.74261715,,,,,,300.0142212,,,,
,19449107.92,300.0135498,-40733.73046875,-14.9703946079531,0.00271283877160766,1,0.999253354069792,40.0298881530762,1.97955814271467,11.4900004118681,-80.9696354072908,-14.8784697664467,250,0.0239442522837172,-14.9674718682138,-0.0385673846561723,300.0130005,300.0140991,-40783.89453125,-40683.56640625,57.1112510146407,20.8555126223776,8.884414,0,0,0,40,4449,299.8731,-40733.73046875,,,,,,,,,,,,,0,,,,10.74261715,,,,,,300.0135498,,,,
,19449109,300.01272585,-40839.05078125,-14.9855673991247,0.00223342180779317,1,0.999253354069792,40.0298881530762,1.97960259640807,11.4900004118681,-81.0517861308335,-14.9030021470952,250,0.0222795311603728,-14.9826352176572,-0.0402938882273273,300.0124512,300.0130005,-40894.20703125,-40783.89453125,57.0455942190253,20.8535012826239,8.884414,0,0,0,40,4449,299.8731,-40839.05078125,,,,,,,,,,,,,0,,,,10.6886921,,,,,,300.01272585,,,,
,19449110.05,300.01210025,-40944.224609375,-14.9943325116131,0.0025074426339354,1,0.999253354069792,40.0298881530762,1.97949089570216,11.4900004118681,-81.0950240224006,-14.9093264973245,250,0.0225822059677693,-14.9914002783327,-0.0400267363337913,300.0117493,300.0124512,-40994.2421875,-40894.20703125,57.2034831799099,20.8567323368897,8.884414,0,0,0,40,4449,299.8727,-40944.224609375,,,,,,,,,,,,,0,,,,10.6886921,,,,,,300.01210025,,,,
,19449111.08,300.0122223,-41049.408203125,-15.00589991408,0.00255491522776798,1,0.999253354069792,40.0298881530762,1.97959107240224,11.4900004118681,-81.1612421419283,-14.9234486733035,250,0.0222497612357436,-15.0029640314936,-0.0404059285267015,300.0117493,300.0126953,-41104.57421875,-40994.2421875,57.1307917276214,20.8598553071799,7.396941,0,0,0,40,4449,299.8737,-41049.408203125,,,,,,,,,,,,,0,,,,10.6353035,,,,,,300.0122223,,,,
,19449112.15,300.01211545,-41159.544921875,-15.0140593423495,0.00228239395263586,1,0.999253354069792,40.0298881530762,1.97963984161775,11.5000000223517,-81.2080741535994,-14.9278869011524,250,0.0230063624231089,-15.0111252009251,-0.0396817596681876,300.0115356,300.0126953,-41214.515625,-41104.57421875,57.0338697912368,20.8561661675143,7.396941,0,0,0,40,4449,299.8757,-41159.544921875,,,,,,,,,,,,,0,,,,10.4783001,,,,,,300.01211545,,,,
,19449113.305,300.01200865,-41274.67578125,-15.0178513629882,0.00348381220237489,1,0.999253354069792,40.0298881530762,1.97954623481312,11.4900004118681,-81.2239650599463,-14.935681788361,250,0.0221394160881286,-15.0149129991305,-0.040563278290273,300.0115356,300.0124817,-41334.8359375,-41214.515625,57.2535074051407,20.8567497768649,8.884414,0,0,0,40,4449,299.8746,-41274.67578125,,,,,,,,,,,,,0,,,,10.3212967,,,,,,300.01200865,,,,
,19449114.42,300.013031,-41384.83984375,-15.0423804794265,0.00262259953084232,1,0.999253354069792,40.0298881530762,1.97949180351839,11.4900004118681,-81.3519103217115,-14.9733518574099,250,0.0196449285384421,-15.0394262904434,-0.0431585531119577,300.0124817,300.0135803,-41434.84375,-41334.8359375,57.3316702570638,20.8571986494958,9.256284,0,0,0,40,4449,299.87385,-41384.83984375,,,,,,,,,,,,,0,,,,10.3212967,,,,,,300.013031,,,,
,19449115.525,300.01289365,-41495.025390625,-15.0560953794184,0.00238161951922066,1,0.999253354069792,40.0298881530762,1.97948682680895,11.4900004118681,-81.4278932913612,-14.9761331848368,250,0.0216648670191508,-15.0531470975214,-0.0411945349038456,300.012207,300.0135803,-41555.20703125,-41434.84375,58.0687459506985,20.8591754657958,9.256284,0,0,0,40,4449,299.87565,-41495.025390625,,,,,,,,,,,,,0,,,,10.4783001,,,,,,300.01289365,,,,
,19449116.73,300.01231385,-41615.29296875,-15.061672640398,0.00300811601610431,1,0.999253354069792,40.0298881530762,1.97943755846333,11.5000000223517,-81.4529754644905,-14.9980704221281,250,0.0185731423680914,-15.0587107645281,-0.0443076955714696,300.012207,300.0124207,-41675.37890625,-41555.20703125,56.6524350738522,20.8510415113643,9.256284,0,0,0,40,4449,299.87485,-41615.29296875,,,,,,,,,,,,,0,,,,10.58244515,,,,,,300.01231385,,,,
,19449117.765,300.0122986,-41720.46875,-15.0760424266265,0.00308987145034963,1,0.999253354069792,40.0298881530762,1.97922886235958,11.4900004118681,-81.524610347678,-14.9983909426937,250,0.0208913196660736,-15.0730874815144,-0.0420484581732335,300.0121765,300.0124207,-41765.55859375,-41675.37890625,57.4661103623715,20.8631086389601,8.512546,0,0,0,40,4449,299.87595,-41720.46875,,,,,,,,,,,,,0,,,,10.42544175,,,,,,300.0122986,,,,
,19449118.84,300.012558,-41825.697265625,-15.0817683331464,0.00257981774486023,1,0.999253354069792,40.0298881530762,1.97943120066346,11.4900004118681,-81.5640175601957,-15.0039042117144,250,0.0212078198258533,-15.0788136036877,-0.041753887658393,300.0121765,300.0129395,-41885.8359375,-41765.55859375,57.5497446139292,20.8528267363576,8.512546,0,0,0,40,4449,299.87915,-41825.697265625,,,,,,,,,,,,,0,,,,10.3212967,,,,,,300.012558,,,,
,19449120.055,300.0126801,-41945.916015625,-15.0857999226841,0.00334632262376714,1,0.999253354069792,40.0298881530762,1.9790820287142,11.5000000223517,-81.5718096849992,-15.0051905217309,250,0.0212384211936468,-15.0828445706443,-0.0417387456753163,300.0124207,300.0129395,-42005.99609375,-41885.8359375,56.9338213407753,20.8576136416846,7.396941,0,0,0,40,4449,299.87895,-41945.916015625,,,,,,,,,,,,,0,,,,10.3212967,,,,,,300.0126801,,,,
,19449121.15,300.01235965,-42061.025390625,-15.1009326214957,0.00334957248910046,1,0.999253354069792,40.0298881530762,1.97927483119931,11.4900004118681,-81.6612955929198,-15.0222097831246,250,0.0211587980442397,-15.0979741639532,-0.0418804515392238,300.0122986,300.0124207,-42116.0546875,-42005.99609375,56.7884384361983,20.8654469418224,8.512546,0,0,0,40,4449,299.87775,-42061.025390625,,,,,,,,,,,,,0,,,,10.4783001,,,,,,300.01235965,,,,
,19449122.18,300.0124359,-42166.1796875,-15.1076246260499,0.00256170864568005,1,0.999253354069792,40.0298881530762,1.9795206645841,11.4900004118681,-81.7045866599041,-15.0457639400288,250,0.0183785798598769,-15.1046532933895,-0.044686755728119,300.0122986,300.0125732,-42216.3046875,-42116.0546875,57.4184310226984,20.8553111185571,7.768809,0,0,0,40,4449,299.8779,-42166.1796875,,,,,,,,,,,,,0,,,,10.6353035,,,,,,300.0124359,,,,
,19449123.26,300.01222225,-42271.416015625,-15.1120544537157,0.0030401798975754,1,0.999253354069792,40.0298881530762,1.97959793568161,11.4900004118681,-81.7306971074912,-15.055925732245,250,0.0174254333146121,-15.1090784754889,-0.0456570729921543,300.0118713,300.0125732,-42326.52734375,-42216.3046875,57.2355299491984,20.8516253782614,8.884414,0,0,0,40,4449,299.8774,-42271.416015625,,,,,,,,,,,,,0,,,,10.6353035,,,,,,300.01222225,,,,
,19449124.36,300.0120544,-42381.65234375,-15.1385205673296,0.00191497976798123,1,0.999253354069792,40.0298881530762,1.97956502344806,11.4900004118681,-81.8781989617423,-15.0513513730363,250,0.0231322268154904,-15.1355632655721,-0.0400608363346189,300.0118713,300.0122375,-42436.77734375,-42326.52734375,57.3902923960061,20.8561032045224,8.512546,0,0,0,40,4449,299.8764,-42381.65234375,,,,,,,,,,,,,0,,,,10.6353035,,,,,,300.0120544,,,,
,19449125.31,300.0125122,-42476.88671875,-15.1424684750191,0.00205317960676792,1,0.999253354069792,40.0298881530762,1.97956502344806,11.4900004118681,-81.8995364137907,-15.0553530237582,250,0.0231232801563876,-15.1395101602471,-0.0400854574826591,300.0122375,300.0127869,-42516.99609375,-42436.77734375,57.0768593597945,20.8561032045224,8.512546,0,0,0,40,4449,299.87505,-42476.88671875,,,,,,,,,,,,,0,,,,10.6353035,,,,,,300.0125122,,,,
,19449126.285,300.0123444,-42572.09765625,-15.1516964144907,0.00250076308097592,1,0.999253354069792,40.0298881530762,1.97945504611293,11.4900004118681,-81.9446941154894,-15.0653983602989,250,0.0228243958510542,-15.1487351818436,-0.0404217732830025,300.0119019,300.0127869,-42627.19921875,-42516.99609375,56.8626931455252,20.8620424947865,7.396941,0,0,0,40,4449,299.8746,-42572.09765625,,,,,,,,,,,,,0,,,,10.4783001,,,,,,300.0123444,,,,
,19449127.405,300.012146,-42682.375,-15.1662775692846,0.00373492524629829,1,0.999253354069792,40.0298881530762,1.979495207116,11.4900004118681,-82.0229013818178,-15.0924731018806,250,0.0205739430472914,-15.1633042670638,-0.0427310159089137,300.0119019,300.0123901,-42737.55078125,-42627.19921875,57.2488176340253,20.8553056787195,9.256284,0,0,0,40,4449,299.8758,-42682.375,,,,,,,,,,,,,0,,,,10.4783001,,,,,,300.012146,,,,
,19449128.54,300.0124664,-42797.91796875,-15.171696747544,0.00408985026874143,1,0.999253354069792,40.0298881530762,1.97926085379218,11.5000000223517,-82.0416336364788,-15.1020577231158,250,0.0194819340679667,-15.1687177577796,-0.0438439278861406,300.0123901,300.0125427,-42858.28515625,-42737.55078125,57.3699700545061,20.8638137330343,8.512546,0,0,0,40,4449,299.87625,-42797.91796875,,,,,,,,,,,,,0,,,,10.6353035,,,,,,300.0124664,,,,
,19449129.655,300.01278685,-42913.455078125,-15.1891588723344,0.00293790336972561,1,0.999253354069792,40.0298881530762,1.97955928086297,11.4900004118681,-82.1481824650007,-15.1214341345285,250,0.019545720507362,-15.1861765424326,-0.0438520352884083,300.0125427,300.013031,-42968.625,-42858.28515625,56.8017261210252,20.8577505285579,9.256284,0,0,0,40,4449,299.8747,-42913.455078125,,,,,,,,,,,,,0,,,,10.74261715,,,,,,300.01278685,,,,
,19449130.765,300.0129547,-43023.796875,-15.1930934839338,0.00343623080462369,1,0.999253354069792,40.0298881530762,1.97952057560911,11.4900004118681,-82.1689164777063,-15.1195542994551,250,0.020568368890893,-15.1901146476346,-0.0428448273125402,300.0128784,300.013031,-43078.96875,-42968.625,57.0315249056791,20.8566321166743,7.396941,0,0,0,40,4449,299.87415,-43023.796875,,,,,,,,,,,,,0,,,,10.58561375,,,,,,300.0129547,,,,
,19449131.78,300.01278685,-43124.03125,-15.2042036435377,0.00300388753264875,1,0.999253354069792,40.0298881530762,1.97931229972672,11.4900004118681,-82.2205764861014,-15.1290002125256,250,0.0205929308254962,-15.2012228750983,-0.0428654601420313,300.0126953,300.0128784,-43169.09375,-43078.96875,57.0948368157368,20.8629248491483,8.512546,0,0,0,40,4449,299.87405,-43124.03125,,,,,,,,,,,,,0,,,,10.3212967,,,,,,300.01278685,,,,
,19449132.805,300.01237485,-43229.19140625,-15.2125083854182,0.00245224966448566,1,0.999253354069792,40.0298881530762,1.97959226460291,11.4900004118681,-82.2778218414579,-15.1340461907981,250,0.0215846979873816,-15.2095303933413,-0.0419076993931713,300.0120544,300.0126953,-43289.2890625,-43169.09375,57.2363115777176,20.8609535496568,8.884414,0,0,0,40,4449,299.8724,-43229.19140625,,,,,,,,,,,,,0,,,,10.42544175,,,,,,300.01237485,,,,
,19449133.885,300.01223755,-43339.4453125,-15.223531331133,0.00362204859949267,1,0.999253354069792,40.0298881530762,1.97944671298593,11.4900004118681,-82.3305464660704,-15.1492643540152,250,0.0206117566935853,-15.2205472554204,-0.0429251579925167,300.0120544,300.0124207,-43389.6015625,-43289.2890625,57.1620568683907,20.8570681964063,8.512546,0,0,0,40,4449,299.87225,-43339.4453125,,,,,,,,,,,,,0,,,,10.58244515,,,,,,300.01223755,,,,
,19449134.955,300.01309205,-43444.734375,-15.232923163631,0.00239702890300803,1,0.999253354069792,40.0298881530762,1.97954547467591,11.4900004118681,-82.3866531749876,-15.1522952718908,250,0.0219277990374637,-15.229942299878,-0.0416475925762875,300.0124207,300.0137634,-43499.8671875,-43389.6015625,57.7975208545254,20.8547440078441,7.396941,0,0,0,40,4449,299.8711,-43444.734375,,,,,,,,,,,,,0,,,,10.4783001,,,,,,300.01309205,,,,
,19449136.08,300.0122833,-43554.9921875,-15.2362831741389,0.00288718553103699,1,0.999253354069792,40.0298881530762,1.97961451281781,11.5000000223517,-82.4074914351389,-15.1569111428989,250,0.0217914329544878,-15.2333016230629,-0.0417968492080138,300.0108032,300.0137634,-43610.1171875,-43499.8671875,57.3433946848522,20.8571783665754,9.256284,0,0,0,40,4449,299.8702,-43554.9921875,,,,,,,,,,,,,0,,,,10.4783001,,,,,,300.0122833,,,,
,19449137.06,300.01141355,-43655.138671875,-15.2510628661407,0.00365135024235542,1,0.999253354069792,40.0298881530762,1.97933285096283,11.4900004118681,-82.4758264209642,-15.1703642842678,250,0.0216529120182994,-15.2480783832554,-0.0419955755023109,300.0108032,300.0120239,-43700.16015625,-43610.1171875,57.1346998702176,20.8590496093278,8.512546,0,0,0,40,4449,299.87115,-43655.138671875,,,,,,,,,,,,,0,,,,10.74261715,,,,,,300.01141355,,,,
,19449138.06,300.01203915,-43755.244140625,-15.2565167272637,0.00356545713079912,1,0.999253354069792,40.0298881530762,1.9793317853878,11.4900004118681,-82.5044658462533,-15.1801487768411,250,0.0208514657581031,-15.2535275744339,-0.0428182964429541,300.0120239,300.0120544,-43810.328125,-43700.16015625,57.8397287945638,20.8592884690679,9.256284,0,0,0,40,4449,299.8716,-43755.244140625,,,,,,,,,,,,,0,,,,10.74261715,,,,,,300.01203915,,,,
,19449139.265,300.01222225,-43875.5078125,-15.282094062907,0.00176723026692865,1,0.999253354069792,40.0298881530762,1.9795511136,11.4900004118681,-82.6516698924835,-15.2074896276263,250,0.0208391410452733,-15.2790997323675,-0.0429359461172664,300.0120544,300.0123901,-43940.6875,-43810.328125,57.0557553897753,20.8546006010701,9.256284,0,0,0,40,4449,299.8714,-43875.5078125,,,,,,,,,,,,,0,,,,10.74261715,,,,,,300.01222225,,,,
,19449140.515,300.0123138,-44000.681640625,-15.2880736805049,0.00278386668885714,1,0.999253354069792,40.0298881530762,1.97947980141758,11.5000000223517,-82.6817426968901,-15.2094658931397,250,0.02148230384156,-15.2850808865632,-0.0423167103482047,300.0122375,300.0123901,-44060.67578125,-43940.6875,56.5883415352752,20.8616069460214,7.396941,0,0,0,40,4449,299.86995,-44000.681640625,,,,,,,,,,,,,0,,,,10.58561375,,,,,,300.0123138,,,,
,19449141.635,300.0123901,-44110.85546875,-15.2919950376173,0.00388346962778159,1,0.999253354069792,40.0298881530762,1.97932981434959,11.5000000223517,-82.6957271494015,-15.2182363391102,250,0.0203780051331626,-15.2889969174318,-0.0434359378517594,300.0122375,300.0125427,-44161.03515625,-44060.67578125,57.0846756449868,20.8600303064804,7.396941,0,0,0,40,4449,299.86945,-44110.85546875,,,,,,,,,,,,,0,,,,10.4783001,,,,,,300.0123901,,,,
,19449142.775,300.0119171,-44226.173828125,-15.3048764503131,0.00228367758519023,1,0.999253354069792,40.0298881530762,1.97949956761628,11.4900004118681,-82.7717978460685,-15.2351081785371,250,0.0198796297828887,-15.3018740871924,-0.0439862131884146,300.0112915,300.0125427,-44291.3125,-44161.03515625,57.7248294022369,20.8553074426033,7.396941,0,0,0,40,4449,299.87085,-44226.173828125,,,,,,,,,,,,,0,,,,10.6353035,,,,,,300.0119171,,,,
,19449144.025,300.01130675,-44351.40625,-15.3135073381573,0.00241927846247573,1,0.999253354069792,40.0298881530762,1.97958895287306,11.4900004118681,-82.8243770893442,-15.2322282522884,250,0.0221352423213909,-15.3105131245719,-0.0417656721686011,300.0112915,300.011322,-44411.5,-44291.3125,56.9580518248714,20.8557987214858,8.884414,0,0,0,40,4449,299.87035,-44351.40625,,,,,,,,,,,,,0,,,,10.4783001,,,,,,300.01130675,,,,
,19449145.08,300.0116882,-44456.4453125,-15.3245204267725,0.00181502446515014,1,0.999253354069792,40.0298881530762,1.9795631252318,11.4900004118681,-82.8797614333313,-15.2598453821708,250,0.0190328651887153,-15.3215109072691,-0.0449125983553336,300.011322,300.0120544,-44501.390625,-44411.5,56.9314764552176,20.8568312095592,8.512546,0,0,0,40,4449,299.86835,-44456.4453125,,,,,,,,,,,,,0,,,,10.4783001,,,,,,300.0116882,,,,
,19449146.08,300.01193235,-44556.560546875,-15.3311135946516,0.00195031639371041,1,0.999253354069792,40.0298881530762,1.97952747363105,11.5000000223517,-82.9148814872482,-15.2611868948839,250,0.0199562344877916,-15.3281065892066,-0.0440155794186709,300.0118103,300.0120544,-44611.73046875,-44501.390625,57.1847240954484,20.8612454141584,9.256284,0,0,0,40,4449,299.86885,-44556.560546875,,,,,,,,,,,,,0,,,,10.74261715,,,,,,300.01193235,,,,
,19449147.255,300.01174925,-44676.857421875,-15.3279200020973,0.00296419407472237,1,0.999253354069792,40.0298881530762,1.97921950977401,11.4900004118681,-82.8864057354952,-15.2482799781719,250,0.0213217429029611,-15.3249195845196,-0.0426355176019627,300.0116882,300.0118103,-44741.984375,-44611.73046875,57.2503808910638,20.8619524867162,7.768809,0,0,0,40,4449,299.869,-44676.857421875,,,,,,,,,,,,,0,,,,10.74261715,,,,,,300.01174925,,,,
,19449148.345,300.0121002,-44787.0390625,-15.3468598134485,0.00322392440888338,1,0.999253354069792,40.0298881530762,1.97945541441292,11.4900004118681,-82.995688295977,-15.2839064788395,250,0.0185708523884692,-15.3438440020079,-0.0454638318089431,300.0116882,300.0125122,-44832.09375,-44741.984375,57.9475935302177,20.8579618284395,9.256284,0,0,0,40,4449,299.8678,-44787.0390625,,,,,,,,,,,,,0,,,,10.74261715,,,,,,300.0121002,,,,
,19449149.345,300.0118103,-44887.244140625,-15.3627565344954,0.00293396071313318,1,0.999253354069792,40.0298881530762,1.97945226317924,11.4900004118681,-83.0841799749485,-15.2854225733503,250,0.0212320549739348,-15.359748917347,-0.0428681151353528,300.0111084,300.0125122,-44942.39453125,-44832.09375,56.6610329875637,20.8578581128576,7.396941,0,0,0,40,4449,299.8684,-44887.244140625,,,,,,,,,,,,,0,,,,10.74261715,,,,,,300.0118103,,,,
,19449151.63,300.0124054,-45006.2578125,-15.3837174965164,0.00218735218954024,1,0.999253354069792,40.0298881530762,1.97918118749402,11.4900004118681,-83.1881027055978,-15.2951883435208,250,0.0229326366492266,-15.3807125548229,-0.0412538321031473,300.0116577,300.0131531,-45011.6796875,-45000.8359375,56.8486238321791,20.8628886304372,8.512546,0,0,0,40,4417,299.86855,-45006.2578125,,,,,,,,,,,,,0,,,,10.63583375,,,,,,300.0124054,,,,
,19449165.585,300.0104065,-44948.017578125,-15.3733146106961,0.00320933948781177,1,0.999253354069792,40.0298881530762,1.97922410557007,11.4900004118681,-83.1308999860136,-15.2998008304656,250,0.0202117313902057,-15.3703014523654,-0.0439317802372608,300.0104065,300.0104065,-44956.265625,-44939.76953125,57.0026046504676,20.8575625083851,9.256284,0,0,0,40,4449,299.86745,-44948.017578125,,,,,,,,,,,,,0,,,,10.6353035,,,,,,300.0104065,,,,
,19449166.155,300.01116945,-44900.65234375,-15.3732195480205,0.0034808480933563,1,0.999253354069792,40.0298881530762,1.97922410557007,11.4900004118681,-83.1312740365818,-15.2949023766479,250,0.0211003750517366,-15.370209658738,-0.0430431833988103,300.0104065,300.0119324,-44939.76953125,-44861.53515625,57.0010413934291,20.8575625083851,8.512546,0,0,0,40,4449,299.8687,-44900.65234375,,,,,,,,,,,,,0,,,,10.74261715,,,,,,300.01116945,,,,
,19449167.17,300.01113895,-44810.4609375,-15.3774910364172,0.00196116979594414,1,0.999253354069792,40.0298881530762,1.97947895884435,11.4900004118681,-83.1665108033119,-15.2919313265378,250,0.0227981802189545,-15.374487284512,-0.0413646205554151,300.0103455,300.0119324,-44861.53515625,-44759.38671875,57.2238055214099,20.8555734684499,8.512546,0,0,0,40,4449,299.8688,-44810.4609375,,,,,,,,,,,,,0,,,,10.8499308,,,,,,300.01113895,,,,
,19449168.225,300.01046755,-44710.8828125,-15.3654792139768,0.0030777856023236,1,0.999253354069792,40.0298881530762,1.97932019518271,11.4900004118681,-83.0957424936468,-15.2750402424933,250,0.0234756376409846,-15.3624809498056,-0.0406386534990817,300.0103455,300.0105896,-44759.38671875,-44662.37890625,57.3371416566984,20.8610245414954,8.884414,0,0,0,40,4449,299.8678,-44710.8828125,,,,,,,,,,,,,0,,,,10.6897588,,,,,,300.01046755,,,,
,19449169.25,300.01123045,-44608.0625,-15.3543292701724,0.00308083825558256,1,0.999253354069792,40.0298881530762,1.97957613104203,11.4900004118681,-83.0425673442378,-15.283931108602,250,0.0201215127361089,-15.3513187104366,-0.0439467982934445,300.0105896,300.0118713,-44662.37890625,-44553.74609375,57.0612267894099,20.8554158073185,9.256284,0,0,0,40,4449,299.86795,-44608.0625,,,,,,,,,,,,,0,,,,10.5295868,,,,,,300.01123045,,,,
,19449170.32,300.0119171,-44504.00390625,-15.3551506921861,0.00194870911781406,1,0.999253354069792,40.0298881530762,1.97923369614211,11.5000000223517,-83.0359561846181,-15.2661969345703,250,0.0230780679983937,-15.3521518172045,-0.0409952844150607,300.0118713,300.0119629,-44553.74609375,-44454.26171875,58.0703092077369,20.864270330982,8.512546,0,0,0,40,4449,299.86895,-44504.00390625,,,,,,,,,,,,,0,,,,10.5295868,,,,,,300.0119171,,,,
,19449171.235,300.011734,-44414.51171875,-15.3331365125501,0.0027713117043833,1,0.999253354069792,40.0298881530762,1.97921261618356,11.4900004118681,-82.9114543424776,-15.2689332409798,250,0.0184620454959663,-15.3301228238582,-0.0455195137522057,300.0115051,300.0119629,-44454.26171875,-44374.76171875,57.1026531009291,20.8579108137105,8.512546,0,0,0,40,4449,299.86935,-44414.51171875,,,,,,,,,,,,,0,,,,10.6897588,,,,,,300.011734,,,,
,19449172.125,300.0115051,-44324.984375,-15.332782336006,0.00305550919700037,1,0.999253354069792,40.0298881530762,1.97928221472735,11.5000000223517,-82.916378647855,-15.2475534718306,250,0.022449186047829,-15.3297853568709,-0.0415330407084145,300.0115051,300.0115051,-44374.76171875,-44275.20703125,57.1370447557753,20.8613955159422,8.512546,0,0,0,40,4449,299.86835,-44324.984375,,,,,,,,,,,,,0,,,,10.74261715,,,,,,300.0115051,,,,
,19449173.165,300.01249695,-44220.4921875,-15.3184258612508,0.00330692486603216,1,0.999253354069792,40.0298881530762,1.97945791150226,11.4900004118681,-82.8453087978266,-15.2378427689816,250,0.021828586625005,-15.315428523277,-0.0420946927567785,300.0115051,300.0134888,-44275.20703125,-44165.77734375,57.004167907506,20.8622213658316,8.884414,0,0,0,40,4449,299.8691,-44220.4921875,,,,,,,,,,,,,0,,,,10.4783001,,,,,,300.01249695,,,,
,19449174.18,300.012558,-44116.037109375,-15.3143696196971,0.00241052138335133,1,0.999253354069792,40.0298881530762,1.97945791150226,11.4900004118681,-82.8236699827134,-15.2321959830157,250,0.0221218018606189,-15.3113742034533,-0.0417855052060971,300.0116272,300.0134888,-44165.77734375,-44066.296875,57.3410497992945,20.8622213658316,7.396941,0,0,0,40,4449,299.8706,-44116.037109375,,,,,,,,,,,,,0,,,,10.4783001,,,,,,300.012558,,,,
,19449175.24,300.011322,-44011.5546875,-15.3016511136333,0.00299677782508326,1,0.999253354069792,40.0298881530762,1.97945683657336,11.4900004118681,-82.752286966738,-15.2333332632418,250,0.0195533181838006,-15.2986481155467,-0.0443017205572867,300.0110168,300.0116272,-44066.296875,-43956.8125,57.8084636537946,20.8581861579198,7.768809,0,0,0,40,4449,299.8704,-44011.5546875,,,,,,,,,,,,,0,,,,10.74261715,,,,,,300.011322,,,,
,19449176.39,300.0116882,-43902.107421875,-15.2873107405986,0.00289083528529855,1,0.999253354069792,40.0298881530762,1.97965012675908,11.4900004118681,-82.6841419428165,-15.2122213824756,250,0.0210686127851822,-15.284316609341,-0.0427283679265362,300.0110168,300.0123596,-43956.8125,-43847.40234375,57.3082214014868,20.85509650195,8.884414,0,0,0,40,4449,299.8698,-43902.107421875,,,,,,,,,,,,,0,,,,10.79600575,,,,,,300.0116882,,,,
,19449177.515,300.01231385,-43792.712890625,-15.2853202005583,0.00346203458110618,1,0.999253354069792,40.0298881530762,1.979312870759,11.4900004118681,-82.6581627162271,-15.215654416724,250,0.0195984218227276,-15.282319838839,-0.0441914681079299,300.0122681,300.0123596,-43847.40234375,-43738.0234375,57.4504777919868,20.8580162867634,8.512546,0,0,0,40,4449,299.86905,-43792.712890625,,,,,,,,,,,,,0,,,,10.6886921,,,,,,300.01231385,,,,
,19449178.615,300.012146,-43683.435546875,-15.2763395344281,0.00194671552230206,1,0.999253354069792,40.0298881530762,1.97940382441289,11.4900004118681,-82.6153752203988,-15.1962059005064,250,0.0216584272379792,-15.2733495045725,-0.0420961868594479,300.0120239,300.0122681,-43738.0234375,-43628.84765625,58.0218482395446,20.8610104444729,7.396941,0,0,0,40,4449,299.8672,-43683.435546875,,,,,,,,,,,,,0,,,,10.4783001,,,,,,300.012146,,,,
,19449179.685,300.0117035,-43574.09765625,-15.2672724258201,0.00217696517807684,1,0.999253354069792,40.0298881530762,1.97940427541336,11.4900004118681,-82.5656859502468,-15.1908182251461,250,0.0209760335771301,-15.2642814770647,-0.0427421646740925,300.0113831,300.0120239,-43628.84765625,-43519.34765625,56.292885955006,20.8610350111339,8.140677,0,0,0,40,4449,299.86625,-43574.09765625,,,,,,,,,,,,,0,,,,10.42544175,,,,,,300.0117035,,,,
,19449180.74,300.01139835,-43464.548828125,-15.2473229461571,0.00371489269257477,1,0.999253354069792,40.0298881530762,1.97941988322842,11.4900004118681,-82.4582203909333,-15.1722327335358,250,0.0207380439216012,-15.2443350426255,-0.0428984869830909,300.0113831,300.0114136,-43519.34765625,-43409.75,56.6962062709291,20.8579567474169,8.512546,0,0,0,40,4449,299.865,-43464.548828125,,,,,,,,,,,,,0,,,,10.42544175,,,,,,300.01139835,,,,
,19449181.89,300.0118561,-43349.998046875,-15.2548085533234,0.00226395671948611,1,0.999253354069792,40.0298881530762,1.97956551606395,11.4900004118681,-82.5057755706289,-15.1745439387903,250,0.0219013290219523,-15.2518235895195,-0.0417682331861742,300.0114136,300.0122986,-43409.75,-43290.24609375,57.2785195177561,20.8550067092436,8.884414,0,0,0,40,4449,299.8643,-43349.998046875,,,,,,,,,,,,,0,,,,10.3212967,,,,,,300.0118561,,,,
,19449182.905,300.0122986,-43250.33203125,-15.2382049568482,0.00288176385552764,1,0.999253354069792,40.0298881530762,1.97954397464283,11.4900004118681,-82.4156737874862,-15.154762109448,250,0.0224526794711774,-15.2352252938152,-0.0411487506113239,300.0122986,300.0122986,-43290.24609375,-43210.41796875,56.9549253107945,20.856481161033,8.512546,0,0,0,40,4449,299.8649,-43250.33203125,,,,,,,,,,,,,0,,,,10.4783001,,,,,,300.0122986,,,,
,19449183.835,300.012146,-43160.599609375,-15.2339162791952,0.00231454147500826,1,0.999253354069792,40.0298881530762,1.97957380733082,11.4900004118681,-82.3893988525819,-15.1738622423188,250,0.0181673290460907,-15.2309195846374,-0.0454163565035871,300.0119934,300.0122986,-43210.41796875,-43110.78125,57.3261988574291,20.8628556366376,8.512546,0,0,0,40,4449,299.86515,-43160.599609375,,,,,,,,,,,,,0,,,,10.74261715,,,,,,300.012146,,,,
,19449184.93,300.0121765,-43051.03125,-15.2253534995989,0.00193972256862289,1,0.999253354069792,40.0298881530762,1.97965664621923,11.4900004118681,-82.3505836153108,-15.1436525859612,250,0.0222823894293077,-15.2223755640082,-0.0412677068877528,300.0119934,300.0123596,-43110.78125,-42991.28125,57.7514047718907,20.8617351202361,8.512546,0,0,0,40,4449,299.86515,-43051.03125,,,,,,,,,,,,,0,,,,10.74261715,,,,,,300.0121765,,,,
,19449185.945,300.01213075,-42946.16796875,-15.2132669571955,0.00292947386481455,1,0.999253354069792,40.0298881530762,1.97926299357033,11.4900004118681,-82.2690595952742,-15.1297212942582,250,0.0220764541803508,-15.2102904902266,-0.0414245773814888,300.0119019,300.0123596,-42991.28125,-42901.0546875,57.1941036376791,20.8569212495845,8.512546,0,0,0,40,4449,299.8645,-42946.16796875,,,,,,,,,,,,,0,,,,10.58244515,,,,,,300.01213075,,,,
,19449186.955,300.01220705,-42846.181640625,-15.2104313882468,0.00240944631327133,1,0.999253354069792,40.0298881530762,1.97961687650723,11.5000000223517,-82.2677354124194,-15.1313423755326,250,0.0217398870788376,-15.2074539491331,-0.0417502555810523,300.0119019,300.0125122,-42901.0546875,-42791.30859375,57.0401228193907,20.8545862408612,8.512546,0,0,0,40,4449,299.86525,-42846.181640625,,,,,,,,,,,,,0,,,,10.42544175,,,,,,300.01220705,,,,
,19449188.065,300.0117645,-42736.455078125,-15.2009673644668,0.00252171883235328,1,0.999253354069792,40.0298881530762,1.97953995850063,11.5000000223517,-82.2138619247688,-15.1190394164,250,0.0221558563237866,-15.1979936932382,-0.0412961860293842,300.0110168,300.0125122,-42791.30859375,-42681.6015625,56.6907348712945,20.8560694464574,8.512546,0,0,0,40,4449,299.86525,-42736.455078125,,,,,,,,,,,,,0,,,,10.4783001,,,,,,300.0117645,,,,
,19449189.12,300.0106506,-42631.640625,-15.1905292474574,0.00237101506571998,1,0.999253354069792,40.0298881530762,1.97959125019603,11.4900004118681,-82.1564541336766,-15.125397947013,250,0.0191164489194658,-15.1875455171297,-0.0442924838407684,300.0102844,300.0110168,-42681.6015625,-42581.6796875,56.800944492506,20.8561961490517,9.256284,0,0,0,40,4449,299.866,-42631.640625,,,,,,,,,,,,,0,,,,10.6353035,,,,,,300.0106506,,,,
,19449190.2,300.01071165,-42526.927734375,-15.1773764918275,0.00276992496503104,1,0.999253354069792,40.0298881530762,1.97944039551033,11.4900004118681,-82.0815431764681,-15.0986298446988,250,0.021421792686464,-15.1744049043204,-0.0419337349926669,300.0102844,300.0111389,-42581.6796875,-42472.17578125,56.5836517641598,20.8573538810872,8.512546,0,0,0,40,4449,299.8669,-42526.927734375,,,,,,,,,,,,,0,,,,10.58244515,,,,,,300.01071165,,,,
,19449191.34,300.0111389,-42412.314453125,-15.1565619752502,0.00267526473979035,1,0.999253354069792,40.0298881530762,1.97942574474778,11.4900004118681,-81.9691683733253,-15.0735693913333,250,0.0221789055925747,-15.1535973733191,-0.0410912994322195,300.0111389,300.0111389,-42472.17578125,-42352.453125,57.4192126512176,20.8578496364225,8.512546,0,0,0,40,4449,299.86675,-42412.314453125,,,,,,,,,,,,,0,,,,10.63583375,,,,,,300.0111389,,,,
,19449192.495,300.01086425,-42292.611328125,-15.1542609047956,0.00308975833005589,1,0.999253354069792,40.0298881530762,1.97926870518028,11.4900004118681,-81.9499275055769,-15.0725647604956,250,0.0217236862780351,-15.1512948924716,-0.0415381643997741,300.0105896,300.0111389,-42352.453125,-42232.76953125,57.2480360055061,20.8535845818881,7.396941,0,0,0,40,4449,299.8671,-42292.611328125,,,,,,,,,,,,,0,,,,10.7420807,,,,,,300.01086425,,,,
,19449193.675,300.01127625,-42177.921875,-15.149166188243,0.00197959375926733,1,0.999253354069792,40.0298881530762,1.97956142043728,11.4900004118681,-81.934175801361,-15.0697590745565,250,0.0217017095001338,-15.146200721963,-0.0415405474006867,300.0105896,300.0119629,-42232.76953125,-42123.07421875,56.9455457685637,20.8585429386014,8.512546,0,0,0,40,4449,299.86585,-42177.921875,,,,,,,,,,,,,0,,,,10.79600575,,,,,,300.01127625,,,,
,19449194.86,300.0123291,-42063.30859375,-15.1399220839758,0.00201559933599029,1,0.999253354069792,40.0298881530762,1.97958991642712,11.4900004118681,-81.886441467489,-15.0547517444094,250,0.0228038838380963,-15.1369623411063,-0.0404016314359936,300.0119629,300.0126953,-42123.07421875,-42003.54296875,57.3512109700445,20.8580717528598,8.884414,0,0,0,40,4449,299.8648,-42063.30859375,,,,,,,,,,,,,0,,,,10.74261715,,,,,,300.0123291,,,,
,19449195.81,300.0122223,-41968.669921875,-15.1311090297761,0.00284140027129418,1,0.999253354069792,40.0298881530762,1.97939987014683,11.4900004118681,-81.8300796133135,-15.0501423822902,250,0.0217628348264226,-15.128146668164,-0.041406844336503,300.0117493,300.0126953,-42003.54296875,-41933.796875,57.4379717356792,20.8550406132213,8.512546,0,0,0,40,4449,299.86465,-41968.669921875,,,,,,,,,,,,,0,,,,10.6353035,,,,,,300.0122223,,,,
,19449196.71,300.01135255,-41878.919921875,-15.1243778072973,0.00190089742154368,1,0.999253354069792,40.0298881530762,1.97946049234104,11.4900004118681,-81.7962378201615,-15.0432733249184,250,0.0218696495131598,-15.1214176248455,-0.0412731067288875,300.0109558,300.0117493,-41933.796875,-41824.04296875,57.4215575367753,20.8503898991752,8.512546,0,0,0,40,4449,299.8643,-41878.919921875,,,,,,,,,,,,,0,,,,10.74261715,,,,,,300.01135255,,,,
,19449197.735,300.0109558,-41774.1796875,-15.1077049222331,0.0031703950509013,1,0.999253354069792,40.0298881530762,1.97947861452457,11.4900004118681,-81.7061748488695,-15.0301809453149,250,0.0212256974750321,-15.1047455414748,-0.041848322945296,300.0109558,300.0109558,-41824.04296875,-41724.31640625,57.4309370790061,20.8527655108991,7.396941,0,0,0,40,4449,299.8653,-41774.1796875,,,,,,,,,,,,,0,,,,10.58561375,,,,,,300.0109558,,,,
,19449198.735,300.01023865,-41669.380859375,-15.1049977293526,0.00267283893222377,1,0.999253354069792,40.0298881530762,1.97948144858814,11.4900004118681,-81.6932100756454,-15.0190911302843,250,0.0227799285078525,-15.1020456723818,-0.0402842618243617,300.0095215,300.0109558,-41724.31640625,-41614.4453125,56.6735390438714,20.8594452571345,9.256284,0,0,0,40,4449,299.86565,-41669.380859375,,,,,,,,,,,,,0,,,,10.4783001,,,,,,300.01023865,,,,
,19449199.845,300.0105896,-41559.583984375,-15.0940140945303,0.00273856903563243,1,0.999253354069792,40.0298881530762,1.97956930513366,11.4900004118681,-81.6373532093713,-15.0087418438146,250,0.022779406932851,-15.0910638932278,-0.0402406378435674,300.0095215,300.0116577,-41614.4453125,-41504.72265625,57.3762230826599,20.8521736220628,7.768809,0,0,0,40,4449,299.864,-41559.583984375,,,,,,,,,,,,,0,,,,10.6353035,,,,,,300.0105896,,,,
,19449201.04,300.01083375,-41444.833984375,-15.0851027997143,0.00254904858388856,1,0.999253354069792,40.0298881530762,1.97948336858734,11.4900004118681,-81.5834778123983,-15.0112280206994,250,0.0205511274461438,-15.0821448294876,-0.0424326100304445,300.0100098,300.0116577,-41504.72265625,-41384.9453125,57.3856026248907,20.8519635503386,8.512546,0,0,0,40,4449,299.86405,-41444.833984375,,,,,,,,,,,,,0,,,,10.4783001,,,,,,300.01083375,,,,
,19449202.125,300.00987245,-41335.103515625,-15.0731980522768,0.003563469877018,1,0.999253354069792,40.0298881530762,1.97948336858734,11.4900004118681,-81.5203110506697,-14.9928333924226,250,0.0217468636266135,-15.0702479361728,-0.0411881938476799,300.0097351,300.0100098,-41384.9453125,-41285.26171875,57.0338697912368,20.8519635503386,7.396941,0,0,0,40,4449,299.86615,-41335.103515625,,,,,,,,,,,,,0,,,,10.42544175,,,,,,300.00987245,,,,
,19449203.955,300.0098877,-41150.724609375,-15.0582053899212,0.00312066246191944,1,0.999253354069792,40.0298881530762,1.97952130115832,11.4900004118681,-81.4406987150871,-14.9784618967922,250,0.0216794509487084,-15.0552577625376,-0.0411955816410209,300.0098877,300.0098877,-41155.73046875,-41145.71875,57.8881897627561,20.8553207146505,7.396941,0,0,0,40,4449,299.8645,-41150.724609375,,,,,,,,,,,,,0,,,,10.8499308,,,,,,300.0098877,,,,
,19449204.595,300.0094757,-41085.837890625,-15.054957860931,0.00159040483555242,1,0.999253354069792,40.0298881530762,1.97958851003088,11.4900004118681,-81.4256365956739,-14.9767833646613,250,0.021479921360862,-15.0520102478362,-0.0413818957447614,300.0090637,300.0098877,-41145.71875,-41025.95703125,57.901477447583,20.861249734216,8.512546,0,0,0,40,4449,299.86605,-41085.837890625,,,,,,,,,,,,,0,,,,10.8499308,,,,,,300.0094757,,,,
,19449205.72,300.00953675,-40976.060546875,-15.0405678461421,0.00282641010727254,1,0.999253354069792,40.0298881530762,1.97955340006319,11.4900004118681,-81.346431470143,-14.9620354367699,250,0.02149271229413,-15.0376230407963,-0.0413102328678134,300.0090637,300.0100098,-41025.95703125,-40926.1640625,57.7803250271023,20.8538147862883,8.512546,0,0,0,40,4449,299.8664,-40976.060546875,,,,,,,,,,,,,0,,,,10.8499308,,,,,,300.00953675,,,,
,19449206.805,300.0089722,-40871.220703125,-15.0353041528947,0.00211472436424567,1,0.999253354069792,40.0298881530762,1.97957194362447,11.4900004118681,-81.319458876601,-14.9528808487519,250,0.0222364960336053,-15.0323637022532,-0.0405459426312448,300.0079346,300.0100098,-40926.1640625,-40816.27734375,57.5645955557946,20.859894588282,8.512546,0,0,0,40,4449,299.86605,-40871.220703125,,,,,,,,,,,,,0,,,,10.74261715,,,,,,300.0089722,,,,
,19449207.915,300.0089722,-40761.439453125,-15.0265467456727,0.00279024095852194,1,0.999253354069792,40.0298881530762,1.97950611422319,11.4900004118681,-81.2678914678833,-14.9521307327152,250,0.0206630446279215,-15.023601374905,-0.0420837402374617,300.0079346,300.0100098,-40816.27734375,-40706.6015625,57.1331366131791,20.8560568067056,9.256284,0,0,0,40,4449,299.8663,-40761.439453125,,,,,,,,,,,,,0,,,,10.6353035,,,,,,300.0089722,,,,
,19449208.955,300.0100098,-40656.724609375,-15.0206587880399,0.00183923783220431,1,0.999253354069792,40.0298881530762,1.979549782253,11.4900004118681,-81.2387631466115,-14.9413540624659,250,0.0216253311223204,-15.0177179057338,-0.0410985620067772,300.0100098,300.0100098,-40706.6015625,-40606.84765625,57.1776894387753,20.8537531389335,9.256284,0,0,0,40,4449,299.8652,-40656.724609375,,,,,,,,,,,,,0,,,,10.58244515,,,,,,300.0100098,,,,
,19449210.015,300.00935365,-40546.912109375,-15.0101046802723,0.00207229766176274,1,0.999253354069792,40.0298881530762,1.97958392389017,11.4900004118681,-81.1829639647437,-14.9315616490367,250,0.0215280982204717,-15.0071656906731,-0.0411537452657427,300.0086975,300.0100098,-40606.84765625,-40486.9765625,57.5911709254484,20.8556880246957,8.512546,0,0,0,40,4449,299.86215,-40546.912109375,,,,,,,,,,,,,0,,,,10.6897588,,,,,,300.00935365,,,,
,19449211.125,300.00849915,-40437.08984375,-15.0037984112504,0.00220168313961392,1,0.999253354069792,40.0298881530762,1.97947683162607,11.4900004118681,-81.1458066088124,-14.9178639048581,250,0.0227480065873539,-15.0008661288547,-0.0399091368950104,300.0083008,300.0086975,-40486.9765625,-40387.203125,58.0187217254677,20.8533667161254,8.512546,0,0,0,40,4449,299.86175,-40437.08984375,,,,,,,,,,,,,0,,,,10.74261715,,,,,,300.00849915,,,,
,19449212.135,300.0074158,-40337.306640625,-14.988302085932,0.00294902458376422,1,0.999253354069792,40.0298881530762,1.97947683162607,11.5000000223517,-81.0614972318331,-14.9051685444997,250,0.0222235645897629,-14.9853712836822,-0.0403693439889917,300.0065308,300.0083008,-40387.203125,-40287.41015625,57.1104693861214,20.8533667161254,7.396941,0,0,0,40,4449,299.86415,-40337.306640625,,,,,,,,,,,,,0,,,,10.74261715,,,,,,300.0074158,,,,
,19449213.125,300.0074463,-40237.50390625,-14.9831968337309,0.00229293683004484,1,0.999253354069792,40.0298881530762,1.97939026339438,11.4900004118681,-81.0301018336774,-14.9012214585977,250,0.0218903630194269,-14.9802655653582,-0.040682081328017,300.0065308,300.0083618,-40287.41015625,-40187.59765625,57.5411467002176,20.8535642898825,8.512546,0,0,0,40,4449,299.86515,-40237.50390625,,,,,,,,,,,,,0,,,,10.74261715,,,,,,300.0074463,,,,
,19449214.11,300.00764465,-40137.671875,-14.9726209044541,0.00232296315759779,1,0.999253354069792,40.0298881530762,1.97949674042336,11.4900004118681,-80.9781875198458,-14.8859095307549,250,0.0229073562894782,-14.9696957773649,-0.0396224914423755,300.0069275,300.0083618,-40187.59765625,-40087.74609375,57.7373354585446,20.8556838564141,7.396941,0,0,0,40,4449,299.86435,-40137.671875,,,,,,,,,,,,,0,,,,10.74261715,,,,,,300.00764465,,,,
,19449215.065,300.00790405,-40042.857421875,-14.9620933713834,0.00303479875587757,1,0.999253354069792,40.0298881530762,1.97949674042336,11.5000000223517,-80.9218604614407,-14.8721442626912,250,0.0235024168904433,-14.9591726037563,-0.0389847063194432,300.0069275,300.0088806,-40087.74609375,-39997.96875,57.6669888918138,20.8556838564141,8.512546,0,0,0,40,4449,299.8643,-40042.857421875,,,,,,,,,,,,,0,,,,10.58561375,,,,,,300.00790405,,,,
,19449216.14,300.0085449,-39938.087890625,-14.9530270988583,0.00284288516386149,1,0.999253354069792,40.0298881530762,1.97962303634833,11.4900004118681,-80.8758610783468,-14.8748183133776,250,0.0214991985905225,-14.9500993277909,-0.0409508548305092,300.0082092,300.0088806,-39997.96875,-39878.20703125,57.5075366738907,20.8526021206738,9.256284,0,0,0,40,4449,299.8644,-39938.087890625,,,,,,,,,,,,,0,,,,10.3212967,,,,,,300.0085449,,,,
,19449217.215,300.00753785,-39828.255859375,-14.9480669358047,0.0022121705552389,1,0.999253354069792,40.0298881530762,1.97946518396568,11.4900004118681,-80.8454534946005,-14.8541320588134,250,0.0241931269731521,-14.9451518270385,-0.0382382689265918,300.0068665,300.0082092,-39878.20703125,-39778.3046875,57.464547105333,20.8569789616867,7.768809,0,0,0,40,4449,299.86345,-39828.255859375,,,,,,,,,,,,,0,,,,10.58561375,,,,,,300.00753785,,,,
,19449218.255,300.00798035,-39723.3671875,-14.9360872542095,0.00287356307102156,1,0.999253354069792,40.0298881530762,1.97954222348042,11.4900004118681,-80.7794900790625,-14.8656425338067,250,0.0199486281391881,-14.933156476689,-0.0424331005897508,300.0068665,300.0090942,-39778.3046875,-39668.4296875,57.4997203886984,20.8500187300188,7.396941,0,0,0,40,4449,299.86345,-39723.3671875,,,,,,,,,,,,,0,,,,10.58561375,,,,,,300.00798035,,,,
,19449219.415,300.0090332,-39608.033203125,-14.9200049695369,0.00236160456687069,1,0.999253354069792,40.0298881530762,1.97954783685296,11.4900004118681,-80.6949786735303,-14.8375529337837,250,0.0221708545331752,-14.9170859940879,-0.040145679055076,300.0089722,300.0090942,-39668.4296875,-39547.63671875,57.7514047718907,20.8521610837924,7.396941,0,0,0,40,4449,299.8627,-39608.033203125,,,,,,,,,,,,,0,,,,10.4783001,,,,,,300.0090332,,,,
,19449220.525,300.0091095,-39497.623046875,-14.912520696796,0.00244914316677576,1,0.999253354069792,40.0298881530762,1.97952926089227,11.4900004118681,-80.654132023519,-14.827972252675,250,0.0225311808898464,-14.9096045800132,-0.0397553753133637,300.0089722,300.0092468,-39547.63671875,-39447.609375,56.8259566051214,20.8596564094593,9.256284,0,0,0,40,4449,299.863,-39497.623046875,,,,,,,,,,,,,0,,,,10.4783001,,,,,,300.0091095,,,,
,19449221.64,300.00904845,-39387.712890625,-14.9031022475244,0.00276416704948796,1,0.999253354069792,40.0298881530762,1.9796337950279,11.4900004118681,-80.6072459569468,-14.8198987500109,250,0.0224202615784537,-14.9001875053908,-0.0398279532422386,300.0088501,300.0092468,-39447.609375,-39327.81640625,56.7204367550252,20.8568309713076,7.396941,0,0,0,40,4449,299.86405,-39387.712890625,,,,,,,,,,,,,0,,,,10.4783001,,,,,,300.00904845,,,,
,19449222.79,300.00857545,-39272.873046875,-14.8867837541091,0.00302170162349889,1,0.999253354069792,40.0298881530762,1.97936649338159,11.4900004118681,-80.508405264432,-14.8015821439644,250,0.0224226058488057,-14.8838724744956,-0.0397585149872167,300.0083008,300.0088501,-39327.81640625,-39217.9296875,57.0893654161022,20.8560715070995,7.396941,0,0,0,40,4449,299.86515,-39272.873046875,,,,,,,,,,,,,0,,,,10.4783001,,,,,,300.00857545,,,,
,19449223.76,300.0080719,-39173.001953125,-14.882048737539,0.00276343838273975,1,0.999253354069792,40.0298881530762,1.97942208377774,11.5000000223517,-80.4835453053343,-14.8051459865133,250,0.0209616942751004,-14.8791324805551,-0.0412004858898549,300.007843,300.0083008,-39217.9296875,-39128.07421875,57.2793011462753,20.8514262799018,7.396941,0,0,0,40,4449,299.86525,-39173.001953125,,,,,,,,,,,,,0,,,,10.58561375,,,,,,300.0080719,,,,
,19449224.76,300.007431,-39073.14453125,-14.8724836268121,0.00259888130562728,1,0.999253354069792,40.0298881530762,1.97954239357862,11.4900004118681,-80.4371510655894,-14.7934600519563,250,0.0215130488406943,-14.8695718425024,-0.0406104701019193,300.007019,300.007843,-39128.07421875,-39018.21484375,57.1042163579676,20.856264133509,8.512546,0,0,0,40,4449,299.86515,-39073.14453125,,,,,,,,,,,,,0,,,,10.74261715,,,,,,300.007431,,,,
,19449225.94,300.0080566,-38958.28125,-14.863616625167,0.00331253446151337,1,0.999253354069792,40.0298881530762,1.97936312046623,11.5000000223517,-80.3828227769846,-14.7793843574937,250,0.0222320959041723,-14.8607091578879,-0.039855929357988,300.007019,300.0090942,-39018.21484375,-38898.34765625,57.4801796757176,20.8568232342089,8.512546,0,0,0,40,4449,299.86485,-38958.28125,,,,,,,,,,,,,0,,,,10.6353035,,,,,,300.0080566,,,,
,19449226.985,300.008728,-38853.458984375,-14.8606278633644,0.0020458156565434,1,0.999253354069792,40.0298881530762,1.97967653394018,11.4900004118681,-80.3804690122303,-14.7711432782462,250,0.0236255135451879,-14.8577263113378,-0.0384517842325076,300.0083618,300.0090942,-38898.34765625,-38808.5703125,57.0526288756983,20.8534780585858,8.512546,0,0,0,40,4449,299.86375,-38853.458984375,,,,,,,,,,,,,0,,,,10.4783001,,,,,,300.008728,,,,
,19449227.96,300.0084381,-38753.755859375,-14.8455123413701,0.00270365618627649,1,0.999253354069792,40.0298881530762,1.97961146756074,11.4900004118681,-80.2952285055907,-14.7605391543278,250,0.0226978084183022,-14.8426100004033,-0.0393174706743697,300.0083618,300.0085144,-38808.5703125,-38698.94140625,57.5184794731599,20.8569664158443,8.512546,0,0,0,40,4449,299.8631,-38753.755859375,,,,,,,,,,,,,0,,,,10.4783001,,,,,,300.0084381,,,,
,19449229.025,300.00860595,-38648.916015625,-14.836810094057,0.00310959295601571,1,0.999253354069792,40.0298881530762,1.9793869380307,11.5000000223517,-80.2380220611182,-14.7570476384888,250,0.0214290019088758,-14.8339040278072,-0.0405506205518876,300.0085144,300.0086975,-38698.94140625,-38598.890625,57.0401228193907,20.8526815161733,9.256284,0,0,0,40,4449,299.86415,-38648.916015625,,,,,,,,,,,,,0,,,,10.74261715,,,,,,300.00860595,,,,
,19449230.05,300.0084686,-38549.0234375,-14.8308017319142,0.00284976251215121,1,0.999253354069792,40.0298881530762,1.9793869380307,11.4900004118681,-80.2062307029286,-14.7472841007301,250,0.0221219600142379,-14.8278997426484,-0.0398338155037593,300.0082397,300.0086975,-38598.890625,-38499.15625,57.098744958333,20.8526815161733,8.512546,0,0,0,40,4449,299.8643,-38549.0234375,,,,,,,,,,,,,0,,,,10.58561375,,,,,,300.0084686,,,,
,19449231.09,300.00775145,-38444.259765625,-14.8264388779208,0.00204101104398788,1,0.999253354069792,40.0298881530762,1.97965340378426,11.4900004118681,-80.1941514491801,-14.7395677127471,250,0.0230996039202637,-14.8235421158411,-0.0388395056020798,300.0072632,300.0082397,-38499.15625,-38389.36328125,56.8978664288906,20.8507609977433,7.396941,0,0,0,40,4449,299.86365,-38444.259765625,,,,,,,,,,,,,0,,,,10.58561375,,,,,,300.00775145,,,,
,19449232.11,300.00798035,-38339.3828125,-14.811490812395,0.00262934732363657,1,0.999253354069792,40.0298881530762,1.97944556511956,11.4900004118681,-80.1037719512623,-14.730331306908,250,0.0217581021855862,-14.8085912525912,-0.0401192038483617,300.0072632,300.0086975,-38389.36328125,-38289.40234375,57.1511140691214,20.8586575707673,7.396941,0,0,0,40,4449,299.86485,-38339.3828125,,,,,,,,,,,,,0,,,,10.74261715,,,,,,300.00798035,,,,
,19449233.115,300.00779725,-38239.4921875,-14.8078881594332,0.00193585123066647,1,0.999253354069792,40.0298881530762,1.97944556511956,11.4900004118681,-80.0849704123159,-14.7230680041524,250,0.02243458509016,-14.8049921509017,-0.0394288790011623,300.006897,300.0086975,-38289.40234375,-38189.58203125,57.4395349927176,20.8586575707673,8.884414,0,0,0,40,4449,299.86515,-38239.4921875,,,,,,,,,,,,,0,,,,10.6353035,,,,,,300.00779725,,,,
,19449234.205,300.00735475,-38134.685546875,-14.7923212480295,0.0020579864826577,1,0.999253354069792,40.0298881530762,1.97944363968616,11.4900004118681,-80.0013724057732,-14.7039776567575,250,0.0230780001121173,-14.78943117908,-0.038721956895969,300.006897,300.0078125,-38189.58203125,-38079.7890625,57.2871174314676,20.8552743002546,9.256284,0,0,0,40,4449,299.86435,-38134.685546875,,,,,,,,,,,,,0,,,,10.6353035,,,,,,300.00735475,,,,
,19449235.235,300.00749205,-38029.759765625,-14.783401900032,0.00219088869757491,1,0.999253354069792,40.0298881530762,1.97967339861983,11.4900004118681,-79.9618577055051,-14.6985398533703,250,0.0227389388630707,-14.7805120253746,-0.0390248988883371,300.0071716,300.0078125,-38079.7890625,-37979.73046875,57.5739750980253,20.8539667433003,8.512546,0,0,0,40,4449,299.8643,-38029.759765625,,,,,,,,,,,,,0,,,,10.6353035,,,,,,300.00749205,,,,
,19449236.17,300.00663755,-37934.8984375,-14.7791660784969,0.00223980483645088,1,0.999253354069792,40.0298881530762,1.97938323500281,11.4900004118681,-79.928149439836,-14.6888330966213,250,0.0233614363027428,-14.7762800198433,-0.038385939304779,300.0061035,300.0071716,-37979.73046875,-37890.06640625,57.4184310226984,20.855909034809,8.512546,0,0,0,40,4449,299.8642,-37934.8984375,,,,,,,,,,,,,0,,,,10.4783001,,,,,,300.00663755,,,,
,19449237.18,300.00660705,-37835.171875,-14.7644120673553,0.00296555124485411,1,0.999253354069792,40.0298881530762,1.97955515156275,11.4900004118681,-79.8535003220193,-14.6841551241159,250,0.0217224418681958,-14.7615220369031,-0.0399642225324897,300.0061035,300.0071106,-37890.06640625,-37780.27734375,57.5247325013138,20.8563320629906,8.512546,0,0,0,40,4449,299.8637,-37835.171875,,,,,,,,,,,,,0,,,,10.3212967,,,,,,300.00660705,,,,
,19449238.18,300.00715635,-37735.357421875,-14.7541188182824,0.0022395520449707,1,0.999253354069792,40.0298881530762,1.97953687057593,11.4900004118681,-79.7995104377108,-14.6608288124195,250,0.0241046850418877,-14.7512404104695,-0.0375406046656599,300.0071106,300.0072021,-37780.27734375,-37690.4375,57.76234757116,20.8536056585166,9.256284,0,0,0,40,4449,299.86365,-37735.357421875,,,,,,,,,,,,,0,,,,10.4783001,,,,,,300.00715635,,,,
,19449239.195,300.0066223,-37630.53125,-14.7478791885381,0.00276395952479129,1,0.999253354069792,40.0298881530762,1.97948492644029,11.4900004118681,-79.7615543813942,-14.6659451619352,250,0.0219331439412683,-14.7449931646359,-0.0396866260112871,300.0060425,300.0072021,-37690.4375,-37570.625,57.4778347901599,20.8551254984106,9.256284,0,0,0,40,4449,299.8645,-37630.53125,,,,,,,,,,,,,0,,,,10.6353035,,,,,,300.0066223,,,,
,19449240.32,300.006485,-37515.681640625,-14.7250595170966,0.00295472819696057,1,0.999253354069792,40.0298881530762,1.97939641135161,11.4900004118681,-79.6373799663836,-14.627966113805,250,0.0246094403519207,-14.7221892555178,-0.0369165930239972,300.0060425,300.0069275,-37570.625,-37460.73828125,57.1300100991022,20.8544676365515,9.256284,0,0,0,40,4449,299.8655,-37515.681640625,,,,,,,,,,,,,0,,,,10.4783001,,,,,,300.006485,,,,
,19449241.47,300.00730895,-37405.802734375,-14.7265753720527,0.00170206552362567,1,0.999253354069792,40.0298881530762,1.97961351441784,11.4900004118681,-79.6520784607672,-14.6419163896623,250,0.0226014193007507,-14.7236958191262,-0.0389321006534657,300.0069275,300.0076904,-37460.73828125,-37350.8671875,57.373096568583,20.852528031239,7.396941,0,0,0,40,4449,299.8642,-37405.802734375,,,,,,,,,,,,,0,,,,10.4783001,,,,,,300.00730895,,,,
,19449242.62,300.0069885,-37290.9609375,-14.7125336085529,0.00247509283776566,1,0.999253354069792,40.0298881530762,1.9794553638254,11.4900004118681,-79.5686329249379,-14.6338090740505,250,0.0212879159337052,-14.7096514313909,-0.0401882010276179,300.0062866,300.0076904,-37350.8671875,-37231.0546875,57.1206305568714,20.852772630954,8.884414,0,0,0,40,4449,299.86325,-37290.9609375,,,,,,,,,,,,,0,,,,10.6353035,,,,,,300.0069885,,,,
,19449243.765,300.00660705,-37176.193359375,-14.7016230693,0.00314404521677844,1,0.999253354069792,40.0298881530762,1.97958166365012,11.4900004118681,-79.5167758646914,-14.6119980207903,250,0.0234683572097888,-14.6987523039112,-0.0379637552860617,300.0062866,300.0069275,-37231.0546875,-37121.33203125,56.8048526351022,20.8604003131322,8.884414,0,0,0,40,4449,299.8639,-37176.193359375,,,,,,,,,,,,,0,,,,10.6353035,,,,,,300.00660705,,,,
,19449244.755,300.00672915,-37076.4375,-14.6982615406727,0.00250081587077224,1,0.999253354069792,40.0298881530762,1.97951784263466,11.4900004118681,-79.496577881092,-14.605584359504,250,0.0239475532256253,-14.6953932680325,-0.0374718943640803,300.0065308,300.0069275,-37121.33203125,-37031.54296875,56.7376325824483,20.8556007002714,9.256284,0,0,0,40,4449,299.86325,-37076.4375,,,,,,,,,,,,,0,,,,10.6353035,,,,,,300.00672915,,,,
,19449245.735,300.00680545,-36976.654296875,-14.6857093341073,0.00201001627776542,1,0.999253354069792,40.0298881530762,1.97963818566457,11.4900004118681,-79.432624930221,-14.5981434571113,250,0.0231577723542315,-14.6828401318909,-0.0382103625809949,300.0065308,300.0070801,-37031.54296875,-36921.765625,57.3918556530445,20.8546060452147,7.768809,0,0,0,40,4449,299.86255,-36976.654296875,,,,,,,,,,,,,0,,,,10.4783001,,,,,,300.00680545,,,,
,19449246.82,300.0067444,-36871.80859375,-14.6759473281375,0.00188343340226156,1,0.999253354069792,40.0298881530762,1.97947233815556,11.4900004118681,-79.3742569134243,-14.5822855660648,250,0.0240610976668484,-14.6730838097803,-0.0372674308702564,300.0064087,300.0070801,-36921.765625,-36821.8515625,57.3871658819292,20.8546052131139,9.256284,0,0,0,40,4449,299.8633,-36871.80859375,,,,,,,,,,,,,0,,,,10.58561375,,,,,,300.0067444,,,,
,19449247.78,300.0059662,-36776.9375,-14.667336912258,0.00201867902774404,1,0.999253354069792,40.0298881530762,1.97957788134528,11.4900004118681,-79.3309478931991,-14.5791668851493,250,0.0231825094413176,-14.664471808289,-0.0381106433126218,300.0055237,300.0064087,-36821.8515625,-36732.0234375,57.1878506095253,20.8546765234336,8.512546,0,0,0,40,4449,299.8645,-36776.9375,,,,,,,,,,,,,0,,,,10.8499308,,,,,,300.0059662,,,,
,19449248.815,300.00558475,-36672.087890625,-14.6591647890159,0.00242225392089245,1,0.999253354069792,40.0298881530762,1.97945413775224,11.4900004118681,-79.2809131026343,-14.5755520655197,250,0.0221727402056262,-14.6562972028954,-0.0390873126985626,300.0055237,300.0056458,-36732.0234375,-36612.15234375,56.9494539111599,20.8552286924389,8.512546,0,0,0,40,4449,299.8642,-36672.087890625,,,,,,,,,,,,,0,,,,10.8499308,,,,,,300.00558475,,,,
,19449250,300.0062714,-36552.208984375,-14.6397034876553,0.00272336179718221,1,0.999253354069792,40.0298881530762,1.97955513697838,11.4900004118681,-79.1814212853279,-14.547095995472,250,0.0239624589987351,-14.6368468252814,-0.0372178338375448,300.0056458,300.006897,-36612.15234375,-36492.265625,57.2042648084291,20.8595094812061,7.396941,0,0,0,40,4449,299.8648,-36552.208984375,,,,,,,,,,,,,0,,,,10.58561375,,,,,,300.0062714,,,,
,19449251.14,300.006012,-36437.359375,-14.6416769728893,0.0019670885404222,1,0.999253354069792,40.0298881530762,1.97956969640954,11.4900004118681,-79.1908933996466,-14.5587088991328,250,0.0222009633042422,-14.6388125946835,-0.0389882330849661,300.005127,300.006897,-36492.265625,-36382.453125,57.373096568583,20.8534634195738,8.512546,0,0,0,40,4449,299.86595,-36437.359375,,,,,,,,,,,,,0,,,,10.4783001,,,,,,300.006012,,,,
,19449252.175,300.0055695,-36337.203125,-14.6333669334089,0.0021747657522026,1,0.999253354069792,40.0298881530762,1.97948432156531,11.4900004118681,-79.1446970347181,-14.5386262753145,250,0.0242624901949552,-14.6305129676548,-0.0368936516326084,300.005127,300.006012,-36382.453125,-36291.953125,57.5989872106407,20.8544786145751,7.396941,0,0,0,40,4449,299.8654,-36337.203125,,,,,,,,,,,,,0,,,,10.74261715,,,,,,300.0055695,,,,
,19449253.23,300.0062714,-36231.953125,-14.6217051965301,0.00229112205747704,1,0.999253354069792,40.0298881530762,1.97946302849959,11.4900004118681,-79.078956281899,-14.5367878776878,250,0.0224132829842735,-14.6188453564275,-0.0386950491772925,300.006012,300.0065308,-36291.953125,-36171.953125,58.0210666110254,20.8536942997673,9.256284,0,0,0,40,4449,299.8649,-36231.953125,,,,,,,,,,,,,0,,,,10.8499308,,,,,,300.0062714,,,,
,19449254.265,300.0061188,-36127.068359375,-14.6083538046491,0.00259593631913177,1,0.999253354069792,40.0298881530762,1.97947951051413,11.5000000223517,-79.0086441100328,-14.5168631078445,250,0.0236459784165425,-14.6055017755146,-0.0374080638460366,300.0057068,300.0065308,-36171.953125,-36082.18359375,57.4661103623715,20.85553784567,8.512546,0,0,0,40,4449,299.86455,-36127.068359375,,,,,,,,,,,,,0,,,,10.6897588,,,,,,300.0061188,,,,
,19449255.295,300.0051575,-36027.19140625,-14.5940303039573,0.00238733300976182,1,0.999253354069792,40.0298881530762,1.97968580260823,11.4900004118681,-78.9382438379667,-14.5092705798052,250,0.0226684296578637,-14.5911774938986,-0.0383266721810969,300.0046082,300.0057068,-36082.18359375,-35972.19921875,56.9424192544868,20.852175982665,9.256284,0,0,0,40,4449,299.86455,-36027.19140625,,,,,,,,,,,,,0,,,,10.58244515,,,,,,300.0051575,,,,
,19449256.47,300.00444035,-35907.203125,-14.5832893028799,0.00168211466742752,1,0.999253354069792,40.0298881530762,1.97952076774132,11.4900004118681,-78.8743489799159,-14.4940944978158,250,0.023267239575727,-14.580441388747,-0.0376847922402033,300.0042725,300.0046082,-35972.19921875,-35842.20703125,58.1539434592946,20.8515290738193,7.396941,0,0,0,40,4449,299.86305,-35907.203125,,,,,,,,,,,,,0,,,,10.6353035,,,,,,300.00444035,,,,
,19449257.53,300.0042725,-35797.306640625,-14.5680543772597,0.00331649807748296,1,0.999253354069792,40.0298881530762,1.97945832544231,11.4900004118681,-78.7893807351337,-14.4792894044278,250,0.0230996215610793,-14.5652088005814,-0.037790060192765,300.0042725,300.0042725,-35842.20703125,-35752.40625,57.6732419199676,20.8516211862592,8.512546,0,0,0,40,4449,299.8625,-35797.306640625,,,,,,,,,,,,,0,,,,10.6353035,,,,,,300.0042725,,,,
,19449258.555,300.00416565,-35697.490234375,-14.5652077102539,0.00228634136520637,1,0.999253354069792,40.0298881530762,1.97948342199606,11.4900004118681,-78.7765479129337,-14.4680693615396,250,0.0246809207780463,-14.562369295268,-0.0361980181103036,300.0040588,300.0042725,-35752.40625,-35642.57421875,57.5325487865061,20.8571821550318,8.512546,0,0,0,40,4449,299.86365,-35697.490234375,,,,,,,,,,,,,0,,,,10.58244515,,,,,,300.00416565,,,,
,19449259.58,300.00408935,-35597.677734375,-14.5556604296296,0.00176281215193095,1,0.999253354069792,40.0298881530762,1.97953800567759,11.4900004118681,-78.7256490285332,-14.466412720885,250,0.0232901631029132,-14.5528180691009,-0.0375496656003957,300.0040588,300.0041199,-35642.57421875,-35552.78125,57.0698247031214,20.8538663709234,8.512546,0,0,0,40,4449,299.8638,-35597.677734375,,,,,,,,,,,,,0,,,,10.58244515,,,,,,300.00408935,,,,
,19449260.525,300.0038147,-35502.876953125,-14.5472464097746,0.00226263382753505,1,0.999253354069792,40.0298881530762,1.97953323313673,11.4900004118681,-78.6788952927521,-14.4637390977363,250,0.0222191738863777,-14.5444013365462,-0.0385861451746005,300.0035095,300.0041199,-35552.78125,-35452.97265625,56.6860451001791,20.8519916343997,9.256284,0,0,0,40,4449,299.86455,-35502.876953125,,,,,,,,,,,,,0,,,,10.6353035,,,,,,300.0038147,,,,
,19449261.58,300.00364685,-35398.046875,-14.5345273195972,0.00248088831248637,1,0.999253354069792,40.0298881530762,1.97950521697139,11.4900004118681,-78.6100410910313,-14.4453782876826,250,0.0232213533375066,-14.5316889433969,-0.0375325871222575,300.0035095,300.0037842,-35452.97265625,-35343.12109375,56.7688977232175,20.8547189861295,8.512546,0,0,0,40,4449,299.8628,-35398.046875,,,,,,,,,,,,,0,,,,10.6353035,,,,,,300.00364685,,,,
,19449262.665,300.0031128,-35288.2421875,-14.5286202667198,0.00257940836321335,1,0.999253354069792,40.0298881530762,1.9796091843177,11.4900004118681,-78.5813258846638,-14.4445266046411,250,0.0224216513131481,-14.5257799192683,-0.0383085706538024,300.0024414,300.0037842,-35343.12109375,-35233.36328125,56.8322096332752,20.8503863663638,8.512546,0,0,0,40,4449,299.86315,-35288.2421875,,,,,,,,,,,,,0,,,,10.74261715,,,,,,300.0031128,,,,
,19449263.72,300.00282285,-35183.39453125,-14.5183792993,0.00256412309859613,1,0.999253354069792,40.0298881530762,1.97948384957619,11.4900004118681,-78.5208423201964,-14.4347704142214,250,0.0221628439605193,-14.5155400420843,-0.038525060828422,300.0024414,300.0032043,-35233.36328125,-35133.42578125,57.0846756449868,20.8537933441892,8.512546,0,0,0,40,4449,299.86575,-35183.39453125,,,,,,,,,,,,,0,,,,10.58561375,,,,,,300.00282285,,,,
,19449264.815,300.0026855,-35073.560546875,-14.5082128782059,0.00265768391248777,1,0.999253354069792,40.0298881530762,1.97959502114888,11.4900004118681,-78.4718802774222,-14.4161562217833,250,0.023867996090161,-14.5053827434086,-0.0367791390637598,300.0021667,300.0032043,-35133.42578125,-35013.6953125,57.6005504676792,20.8536623384004,9.256284,0,0,0,40,4449,299.86505,-35073.560546875,,,,,,,,,,,,,0,,,,10.4783001,,,,,,300.0026855,,,,
,19449265.855,300.0021667,-34968.748046875,-14.4971969140563,0.00240160326951647,1,0.999253354069792,40.0298881530762,1.97961239423828,11.4900004118681,-78.4131564489201,-14.404324507267,250,0.0240377504877316,-14.4943698717197,-0.036564625060756,300.0021667,300.0021667,-35013.6953125,-34923.80078125,57.1987934087945,20.8535575578701,7.396941,0,0,0,40,4449,299.86465,-34968.748046875,,,,,,,,,,,,,0,,,,10.6353035,,,,,,300.0021667,,,,
,19449266.86,300.0025787,-34868.826171875,-14.4925787411458,0.00187322258179347,1,0.999253354069792,40.0298881530762,1.97954333712132,11.4900004118681,-78.3852398051486,-14.4006956449105,250,0.0237626823486875,-14.4897511896288,-0.0368210889023674,300.0021667,300.0029907,-34923.80078125,-34813.8515625,57.5927341824868,20.8554248052855,8.512546,0,0,0,40,4449,299.8661,-34868.826171875,,,,,,,,,,,,,0,,,,10.6353035,,,,,,300.0025787,,,,
,19449267.915,300.00279235,-34763.943359375,-14.4788598235339,0.00249404106924252,1,0.999253354069792,40.0298881530762,1.97950853775932,11.4900004118681,-78.308663190836,-14.3923832383899,250,0.0227113684689573,-14.4760304695677,-0.0378155230846096,300.002594,300.0029907,-34813.8515625,-34714.03515625,57.1409528983714,20.8540989795688,9.256284,0,0,0,40,4449,299.8681,-34763.943359375,,,,,,,,,,,,,0,,,,10.74261715,,,,,,300.00279235,,,,
,19449268.94,300.00257875,-34664.169921875,-14.4700585282815,0.0027226103671073,1,0.999253354069792,40.0298881530762,1.97944819002863,11.4900004118681,-78.2610653126755,-14.3706348523593,250,0.0250240915171433,-14.4672406097394,-0.0354677755160768,300.0025635,300.002594,-34714.03515625,-34614.3046875,57.1581487257945,20.8506473731411,8.884414,0,0,0,40,4449,299.86725,-34664.169921875,,,,,,,,,,,,,0,,,,10.58561375,,,,,,300.00257875,,,,
,19449270.83,300.0018921,-34474.560546875,-14.4519069014733,0.00205969535092722,1,0.999253354069792,40.0298881530762,1.97951851081489,11.4900004118681,-78.1645201243314,-14.3589383827299,250,0.0239166722180753,-14.4490881224042,-0.0365018625499556,300.0018921,300.0018921,-34484.578125,-34464.54296875,57.0330881627176,20.8536936302341,8.512546,0,0,0,40,4449,299.86435,-34474.560546875,,,,,,,,,,,,,0,,,,10.3212967,,,,,,300.0018921,,,,
,19449271.545,300.0019989,-34399.66796875,-14.4390910127394,0.00243391464930768,1,0.999253354069792,40.0298881530762,1.9795308389713,11.4900004118681,-78.0948529615956,-14.3507416294262,250,0.0230730749510293,-14.4362711854485,-0.037292273550682,300.0018921,300.0021057,-34464.54296875,-34334.79296875,56.9744660237753,20.855056773268,7.396941,0,0,0,40,4449,299.86545,-34399.66796875,,,,,,,,,,,,,0,,,,10.3212967,,,,,,300.0019989,,,,
,19449272.655,300.00204465,-34289.849609375,-14.4267519000943,0.00274838285224268,1,0.999253354069792,40.0298881530762,1.97951727999429,11.4900004118681,-78.0274817221936,-14.3389878573837,250,0.0229423594518272,-14.423933895685,-0.0373724150382734,300.0019836,300.0021057,-34334.79296875,-34244.90625,57.4051433378714,20.8540265860094,9.256284,0,0,0,40,4449,299.86615,-34289.849609375,,,,,,,,,,,,,0,,,,10.58561375,,,,,,300.00204465,,,,
,19449273.625,300.00227355,-34194.931640625,-14.4178917107199,0.00296937236707219,1,0.999253354069792,40.0298881530762,1.97960860702208,11.4900004118681,-77.9837342264766,-14.3272394127882,250,0.023592556082187,-14.4150780027415,-0.036686251465511,300.0019836,300.0025635,-34244.90625,-34144.95703125,57.2691399755253,20.8558866070266,9.256284,0,0,0,40,4449,299.86655,-34194.931640625,,,,,,,,,,,,,0,,,,10.8499308,,,,,,300.00227355,,,,
,19449274.67,300.0020752,-34090.04296875,-14.4138348969798,0.00245889522160397,1,0.999253354069792,40.0298881530762,1.97942241906563,11.5000000223517,-77.9544132330673,-14.3231148509269,250,0.0233611378894847,-14.4110210510115,-0.0369016657467483,300.0015869,300.0025635,-34144.95703125,-34035.12890625,57.085457273506,20.8508797975531,8.884414,0,0,0,40,4449,299.86715,-34090.04296875,,,,,,,,,,,,,0,,,,10.8499308,,,,,,300.0020752,,,,
,19449275.695,300.0014038,-33985.193359375,-14.4045543872086,0.0022086578737171,1,0.999253354069792,40.0298881530762,1.97958241069599,11.4900004118681,-77.9109212370742,-14.3120200027854,250,0.0239022481558669,-14.4017449348079,-0.0363229154984389,300.0012207,300.0015869,-34035.12890625,-33935.2578125,57.2902439455445,20.8506298212052,9.256284,0,0,0,40,4449,299.86755,-33985.193359375,,,,,,,,,,,,,0,,,,10.74261715,,,,,,300.0014038,,,,
,19449276.745,300.00160215,-33880.439453125,-14.3937182262112,0.00222617814261073,1,0.999253354069792,40.0298881530762,1.97960228846342,11.4900004118681,-77.8519591016717,-14.3073978460188,250,0.0227747320986992,-14.3909060540757,-0.0374058401782406,300.0012207,300.0019836,-33935.2578125,-33825.62109375,57.3738781971022,20.8543114130785,9.256284,0,0,0,40,4449,299.8684,-33880.439453125,,,,,,,,,,,,,0,,,,10.6353035,,,,,,300.00160215,,,,
,19449277.815,300.00242615,-33775.72265625,-14.3808133977655,0.00216808874842231,1,0.999253354069792,40.0298881530762,1.97956112924027,11.4900004118681,-77.7808783851835,-14.2926696197498,250,0.0230532881610482,-14.3780044506005,-0.0370745373399564,300.0019836,300.0028687,-33825.62109375,-33725.82421875,56.7837486650829,20.8554390757041,9.256284,0,0,0,40,4449,299.86835,-33775.72265625,,,,,,,,,,,,,0,,,,10.6353035,,,,,,300.00242615,,,,
,19449278.845,300.00262455,-33670.982421875,-14.3747080982801,0.00307561787758053,1,0.999253354069792,40.0298881530762,1.97962184337172,11.4900004118681,-77.7515360601893,-14.2797242042912,250,0.024395607940027,-14.3719057787721,-0.0357081474804254,300.0023804,300.0028687,-33725.82421875,-33616.140625,56.8275198621599,20.8521334567598,8.512546,0,0,0,40,4449,299.86815,-33670.982421875,,,,,,,,,,,,,0,,,,10.74261715,,,,,,300.00262455,,,,
,19449279.96,300.0018921,-33561.185546875,-14.3582654436737,0.00225319313462634,1,0.999253354069792,40.0298881530762,1.97927940484166,11.4900004118681,-77.6478258819854,-14.2699962033205,250,0.0227018833099967,-14.3554596394204,-0.0373339758076271,300.0014038,300.0023804,-33616.140625,-33506.23046875,57.3473028274484,20.855318516672,8.512546,0,0,0,40,4449,299.86815,-33561.185546875,,,,,,,,,,,,,0,,,,10.74261715,,,,,,300.0018921,,,,
,19449281.06,300.00128175,-33451.2265625,-14.3504036053475,0.00254782737775985,1,0.999253354069792,40.0298881530762,1.9795914405574,11.4900004118681,-77.6177917279734,-14.2614259970163,250,0.02323624097241,-14.3476018319612,-0.0367680586330636,300.0011597,300.0014038,-33506.23046875,-33396.22265625,57.5012836457369,20.8534581334916,8.884414,0,0,0,40,4449,299.8681,-33451.2265625,,,,,,,,,,,,,0,,,,10.6353035,,,,,,300.00128175,,,,
,19449282.11,300.0016785,-33346.296875,-14.3453972064693,0.00201953778888265,1,0.999253354069792,40.0298881530762,1.97949809968647,11.4900004118681,-77.5882230972842,-14.2499691764125,250,0.024306989425062,-14.3426005744132,-0.0356780347961914,300.0011597,300.0021973,-33396.22265625,-33296.37109375,57.3965454241599,20.8568338209874,9.256284,0,0,0,40,4449,299.8668,-33346.296875,,,,,,,,,,,,,0,,,,10.6886921,,,,,,300.0016785,,,,
,19449284.105,300.0003052,-33146.486328125,-14.3239198592552,0.00202965531402026,1,0.999253354069792,40.0298881530762,1.97967706953889,11.4900004118681,-77.4772928200744,-14.2385378227247,250,0.022673162618602,-14.3211212863264,-0.0372235592589059,300.0003052,300.0003052,-33156.484375,-33136.48828125,57.3113479155637,20.8550597228731,7.396941,0,0,0,40,4449,299.8682,-33146.486328125,,,,,,,,,,,,,0,,,,10.6353035,,,,,,300.0003052,,,,
,19449284.75,300.0008545,-33081.392578125,-14.3137466850541,0.00257739290729818,1,0.999253354069792,40.0298881530762,1.97949213545389,11.5000000223517,-77.4159641040932,-14.2230624396458,250,0.02340973851163,-14.3109528936872,-0.0364452604324526,300.0003052,300.0014038,-33136.48828125,-33026.296875,57.3215090863138,20.854519841097,7.396941,0,0,0,40,4449,299.86835,-33081.392578125,,,,,,,,,,,,,0,,,,10.6353035,,,,,,300.0008545,,,,
,19449285.75,300.00131225,-32981.275390625,-14.3009973366103,0.00220433640798157,1,0.999253354069792,40.0298881530762,1.97943008609192,11.4900004118681,-77.3454751950664,-14.2054683486032,250,0.0242203708439992,-14.2982091834067,-0.0355823828064195,300.0012207,300.0014038,-33026.296875,-32936.25390625,57.9905830987754,20.8587415181136,7.396941,0,0,0,40,4449,299.8691,-32981.275390625,,,,,,,,,,,,,0,,,,10.6353035,,,,,,300.00131225,,,,
,19449286.69,300.00157165,-32886.271484375,-14.2936595573305,0.00239498389661267,1,0.999253354069792,40.0298881530762,1.9796061168856,11.4900004118681,-77.3112905145883,-14.2059020392754,250,0.0230084219267173,-14.2908675930281,-0.0367643429807764,300.0012207,300.0019226,-32936.25390625,-32836.2890625,57.4903408464676,20.8579650930168,7.396941,0,0,0,40,4449,299.86945,-32886.271484375,,,,,,,,,,,,,0,,,,10.6886921,,,,,,300.00157165,,,,
,19449287.62,300.0012665,-32796.3896484375,-14.2763961644082,0.00243482238618134,1,0.999253354069792,40.0298881530762,1.97962070052133,11.4900004118681,-77.217815872803,-14.1923843001473,250,0.0223274339292454,-14.2736049017573,-0.0373740539965623,300.0006104,300.0019226,-32836.2890625,-32756.490234375,57.3410497992945,20.8583654843071,8.512546,0,0,0,40,4449,299.8691,-32796.3896484375,,,,,,,,,,,,,0,,,,10.63583375,,,,,,300.0012665,,,,
,19449288.59,300.0015259,-32696.4990234375,-14.2793366435282,0.00210619725605669,1,0.999253354069792,40.0298881530762,1.97957789367354,11.4900004118681,-77.2356010689441,-14.1760715334809,250,0.0258352041048951,-14.2765592184598,-0.0338803354485566,300.0006104,300.0024414,-32756.490234375,-32636.5078125,57.2808644033138,20.8520604748408,7.396941,0,0,0,40,4449,299.8692,-32696.4990234375,,,,,,,,,,,,,0,,,,10.58244515,,,,,,300.0015259,,,,
,19449289.75,300.0024414,-32581.6533203125,-14.2655750856719,0.00198790279717257,1,0.999253354069792,40.0298881530762,1.97967400491848,11.4900004118681,-77.1634188965596,-14.1706199931183,250,0.0244170516707526,-14.2627939140621,-0.0352418725963587,300.0024414,300.0024414,-32636.5078125,-32526.798828125,56.6297678467945,20.8521325200639,9.256284,0,0,0,40,4449,299.86925,-32581.6533203125,,,,,,,,,,,,,0,,,,10.6886921,,,,,,300.0024414,,,,
,19449290.805,300.00183105,-32476.7978515625,-14.2535091362268,0.00255327752000437,1,0.999253354069792,40.0298881530762,1.97957622105312,11.4900004118681,-77.0938015707146,-14.1613957404934,250,0.0237608562952523,-14.2507278588509,-0.0358487532993248,300.0012207,300.0024414,-32526.798828125,-32426.796875,57.4278105649292,20.8538622368296,8.512546,0,0,0,40,4449,299.8686,-32476.7978515625,,,,,,,,,,,,,0,,,,10.6886921,,,,,,300.00183105,,,,
,19449291.815,300.00094605,-32371.8759765625,-14.2445618801233,0.0022468974023589,1,0.999253354069792,40.0298881530762,1.97961936606209,11.4900004118681,-77.0465121217091,-14.1556973852126,250,0.0232124900559452,-14.2417804881604,-0.0363605859294697,300.0006714,300.0012207,-32426.796875,-32316.955078125,57.2394380917945,20.8521293851924,8.512546,0,0,0,40,4449,299.86915,-32371.8759765625,,,,,,,,,,,,,0,,,,10.6353035,,,,,,300.00094605,,,,
,19449292.845,300.00079345,-32272.048828125,-14.2362221967531,0.00189402782156177,1,0.999253354069792,40.0298881530762,1.97961692955404,11.4900004118681,-77.0019585471806,-14.143903992845,250,0.0238450059577655,-14.2334451294722,-0.0356942235452933,300.0006714,300.0009155,-32316.955078125,-32227.142578125,56.6657227586791,20.8543382826946,9.256284,0,0,0,40,4449,299.86985,-32272.048828125,,,,,,,,,,,,,0,,,,10.4783001,,,,,,300.00079345,,,,
,19449293.87,300.0016327,-32172.2392578125,-14.2244629628971,0.00226968313509164,1,0.999253354069792,40.0298881530762,1.97959452684378,11.5000000223517,-76.9371143908226,-14.1341555196595,250,0.0234397360883844,-14.2216860280648,-0.0360513790765562,300.0009155,300.0023499,-32227.142578125,-32117.3359375,57.5114448164869,20.8505811736591,7.396941,0,0,0,40,4449,299.8695,-32172.2392578125,,,,,,,,,,,,,0,,,,10.4783001,,,,,,300.0016327,,,,
,19449294.94,300.00177005,-32062.447265625,-14.2196249592753,0.00183582313290743,1,0.999253354069792,40.0298881530762,1.97955660930936,11.4900004118681,-76.9098379919953,-14.1273087165197,250,0.0237611712087948,-14.2168501733673,-0.0357108390823153,300.0011902,300.0023499,-32117.3359375,-32007.55859375,57.383257739333,20.8545141581358,8.512546,0,0,0,40,4449,299.86995,-32062.447265625,,,,,,,,,,,,,0,,,,10.6353035,,,,,,300.00177005,,,,
,19449295.85,300.00128175,-31972.64453125,-14.2064262318843,0.00197113736636118,1,0.999253354069792,40.0298881530762,1.97963697957104,11.4900004118681,-76.8420450365453,-14.1117809784825,250,0.0242901517650145,-14.203656479864,-0.0351278389166516,300.0011902,300.0013733,-32007.55859375,-31937.73046875,57.0729512171983,20.8511026545654,7.396941,0,0,0,40,4449,299.86945,-31972.64453125,,,,,,,,,,,,,0,,,,10.74261715,,,,,,300.00128175,,,,
,19449296.89,300.0015869,-31872.791015625,-14.1986576129205,0.0020987769532614,1,0.999253354069792,40.0298881530762,1.97968602099313,11.4900004118681,-76.8019466450003,-14.1040407844745,250,0.0243453136844644,-14.1958893923757,-0.0350413511877307,300.0013733,300.0018005,-31937.73046875,-31807.8515625,57.2957153451791,20.8516013234649,9.256284,0,0,0,40,4449,299.86905,-31872.791015625,,,,,,,,,,,,,0,,,,10.58561375,,,,,,300.0015869,,,,
,19449298.15,300.00061035,-31747.931640625,-14.1889794457302,0.00182321842781321,1,0.999253354069792,40.0298881530762,1.97961355172309,11.5000000223517,-76.7469199441088,-14.0935913142642,250,0.0243915574184382,-14.1862137653334,-0.034955906602231,299.9994202,300.0018005,-31807.8515625,-31688.01171875,57.3699700545061,20.85238547428,8.884414,0,0,0,40,4449,299.8693,-31747.931640625,,,,,,,,,,,,,0,,,,10.58561375,,,,,,300.00061035,,,,
,19449299.165,300.000412,-31643.1376953125,-14.1767391516754,0.00167151039962168,1,0.999253354069792,40.0298881530762,1.97979748220939,11.4900004118681,-76.6883158872142,-14.0791862448054,250,0.0250230419841399,-14.1739785943952,-0.0342743611363231,299.9994202,300.0014038,-31688.01171875,-31598.263671875,57.241001348833,20.855611285307,9.256284,0,0,0,40,4449,299.86975,-31643.1376953125,,,,,,,,,,,,,0,,,,10.58561375,,,,,,300.000412,,,,
,19449300.205,300.00082395,-31538.2802734375,-14.168578200075,0.00216001963904629,1,0.999253354069792,40.0298881530762,1.97973641403163,11.4900004118681,-76.640423898449,-14.0784125435011,250,0.0235761215935604,-14.1658128767726,-0.0356884186189026,300.0002441,300.0014038,-31598.263671875,-31478.296875,57.0713879601599,20.853259084529,8.512546,0,0,0,40,4449,299.8678,-31538.2802734375,,,,,,,,,,,,,0,,,,10.4783001,,,,,,300.00082395,,,,
,19449301.29,300.0005035,-31433.33203125,-14.1485101219313,0.00171344435287605,1,0.999253354069792,40.0298881530762,1.97981881228089,11.5000000223517,-76.535353816057,-14.0570215419701,250,0.0239181877380973,-14.1457502944068,-0.0352641526725874,300.0002441,300.0007629,-31478.296875,-31388.3671875,56.9861904515637,20.8538883312729,8.884414,0,0,0,40,4449,299.8654,-31433.33203125,,,,,,,,,,,,,0,,,,10.6353035,,,,,,300.0005035,,,,
,19449302.35,300.0002441,-31323.53515625,-14.14173607739,0.00134498218703727,1,0.999253354069792,40.0298881530762,1.97963609675732,11.4900004118681,-76.4913581223015,-14.0515396726814,250,0.0234429174711848,-14.1389756762947,-0.0357119413984467,299.9997253,300.0007629,-31388.3671875,-31258.703125,57.0471574760637,20.8524895164772,8.884414,0,0,0,40,4449,299.8663,-31323.53515625,,,,,,,,,,,,,0,,,,10.6353035,,,,,,300.0002441,,,,
,19449303.54,299.9994659,-31203.8369140625,-14.1235059145773,0.00250481519845902,1,0.999253354069792,40.0298881530762,1.97953162076969,11.4900004118681,-76.3907962811704,-14.0220560147916,250,0.0253829975828822,-14.1207576184186,-0.0336970531100826,299.9992065,299.9997253,-31258.703125,-31148.970703125,57.1503324406022,20.8571029382751,9.256284,0,0,0,40,4449,299.8672,-31203.8369140625,,,,,,,,,,,,,0,,,,10.74261715,,,,,,299.9994659,,,,
,19449304.58,299.99960325,-31104.01953125,-14.1149755512914,0.00223056944631456,1,0.999253354069792,40.0298881530762,1.97962140178089,11.4900004118681,-76.3455953484022,-14.0273599474334,250,0.0229358794669546,-14.1122186009952,-0.0361087424676338,299.9992065,300,-31148.970703125,-31059.068359375,57.2042648084291,20.8534084035703,8.512546,0,0,0,40,4449,299.8685,-31104.01953125,,,,,,,,,,,,,0,,,,10.8499308,,,,,,299.99960325,,,,
,19449305.54,299.9999237,-31009.1240234375,-14.1077351961238,0.0023427731436721,1,0.999253354069792,40.0298881530762,1.97954386204412,11.4900004118681,-76.3035747218406,-14.0193156147944,250,0.0229831155137922,-14.1049796343451,-0.0360323418389382,299.9998474,300,-31059.068359375,-30959.1796875,57.4246840508522,20.8541174875622,9.256284,0,0,0,40,4449,299.868,-31009.1240234375,,,,,,,,,,,,,0,,,,10.8499308,,,,,,299.9999237,,,,
,19449306.62,299.99954225,-30899.2412109375,-14.0961932564998,0.00182995292518319,1,0.999253354069792,40.0298881530762,1.97963111757206,11.4900004118681,-76.2473513455574,-13.992675960198,250,0.0258826226047362,-14.0934522206587,-0.0330865486082875,299.9992371,299.9998474,-30959.1796875,-30839.302734375,57.3144744296407,20.857683852366,8.884414,0,0,0,40,4449,299.8669,-30899.2412109375,,,,,,,,,,,,,0,,,,10.58561375,,,,,,299.99954225,,,,
,19449307.61,299.9989319,-30799.4140625,-14.0821480698405,0.00233249097053717,1,0.999253354069792,40.0298881530762,1.97947912321463,11.4900004118681,-76.1633178763677,-13.9904093691568,250,0.0235045886479446,-14.0794001740792,-0.03540607161919,299.9986267,299.9992371,-30839.302734375,-30759.525390625,56.770460980256,20.8534632972913,8.512546,0,0,0,40,4449,299.8683,-30799.4140625,,,,,,,,,,,,,0,,,,10.3212967,,,,,,299.9989319,,,,
,19449308.6,299.99890135,-30699.5654296875,-14.0748343531666,0.00210184703773751,1,0.999253354069792,40.0298881530762,1.97956352066029,11.4900004118681,-76.1264185208549,-13.9864675865874,250,0.022985959172662,-14.0720857014627,-0.0358948488924513,299.9986267,299.999176,-30759.525390625,-30639.60546875,57.3660619119099,20.8583536211625,8.512546,0,0,0,40,4449,299.86915,-30699.5654296875,,,,,,,,,,,,,0,,,,10.3212967,,,,,,299.99890135,,,,
,19449309.72,299.99867245,-30584.7314453125,-14.0697284933535,0.0020021960265558,1,0.999253354069792,40.0298881530762,1.97960547161244,11.4900004118681,-76.1015171655959,-13.9755257289073,250,0.0241175518105239,-14.0669856075041,-0.0347433713336046,299.9981689,299.999176,-30639.60546875,-30529.857421875,57.616964666583,20.8501430051891,8.512546,0,0,0,40,4449,299.86895,-30584.7314453125,,,,,,,,,,,,,0,,,,10.58561375,,,,,,299.99867245,,,,
,19449310.75,299.99848935,-30484.91796875,-14.0551530808469,0.00204016884459215,1,0.999253354069792,40.0298881530762,1.97965269953533,11.4900004118681,-76.0250423548537,-13.9581758771061,250,0.0246847037396833,-14.0524155215529,-0.0341162752694647,299.9981689,299.9988098,-30529.857421875,-30439.978515625,56.6657227586791,20.8538866713859,8.512546,0,0,0,40,4449,299.8695,-30484.91796875,,,,,,,,,,,,,0,,,,10.58561375,,,,,,299.99848935,,,,
,19449311.825,299.9989166,-30380.0634765625,-14.0443153212067,0.00219130731823401,1,0.999253354069792,40.0298881530762,1.97967811710356,11.4900004118681,-75.9662062462833,-13.9538644132721,250,0.0235056316522555,-14.0415747214909,-0.0352505849274281,299.9988098,299.9990234,-30439.978515625,-30320.1484375,57.7428068581792,20.8574166340672,8.884414,0,0,0,40,4449,299.8707,-30380.0634765625,,,,,,,,,,,,,0,,,,10.58561375,,,,,,299.9989166,,,,
,19449313.025,299.99885555,-30260.3466796875,-14.036664651581,0.00217933106640173,1,0.999253354069792,40.0298881530762,1.97959934753668,11.4900004118681,-75.9226789631161,-13.9413931206725,250,0.0242946416265766,-14.0339288079219,-0.0344310192296536,299.9986877,299.9990234,-30320.1484375,-30200.544921875,57.1675282680253,20.8577222113259,8.512546,0,0,0,40,4449,299.8705,-30260.3466796875,,,,,,,,,,,,,0,,,,10.58561375,,,,,,299.99885555,,,,
,19449314.11,299.9983978,-30150.4736328125,-14.0203909952266,0.00233856349444249,1,0.999253354069792,40.0298881530762,1.97959934753668,11.4900004118681,-75.835245737786,-13.9220565086883,250,0.0248546557438873,-14.0176609001761,-0.0338043059135507,299.9981079,299.9986877,-30200.544921875,-30100.40234375,56.8767624588714,20.8577222113259,8.512546,0,0,0,40,4449,299.86995,-30150.4736328125,,,,,,,,,,,,,0,,,,10.42544175,,,,,,299.9983978,,,,
,19449315.18,299.9979248,-30040.51171875,-14.0177798556684,0.00223156460060605,1,0.999253354069792,40.0298881530762,1.97959352322636,11.4900004118681,-75.8178466905633,-13.9359209610143,250,0.0218000557905721,-14.0150376575119,-0.0368483776407151,299.9977417,299.9981079,-30100.40234375,-29980.62109375,57.332451885583,20.8490507988005,9.256284,0,0,0,40,4449,299.8705,-30040.51171875,,,,,,,,,,,,,0,,,,10.42544175,,,,,,299.9979248,,,,
,19449316.315,299.9971771,-29925.7734375,-13.9955086737986,0.00183742401754129,1,0.999253354069792,40.0298881530762,1.97974824219506,11.4900004118681,-75.7057617622479,-13.9008151721074,250,0.0243598706965172,-13.9927820031229,-0.0341966339350724,299.9966125,299.9977417,-29980.62109375,-29870.92578125,56.7446672391214,20.8488074248187,8.884414,0,0,0,40,4449,299.8725,-29925.7734375,,,,,,,,,,,,,0,,,,10.4783001,,,,,,299.9971771,,,,
,19449317.405,299.9979248,-29815.978515625,-13.9845784051834,0.00213047996511102,1,0.999253354069792,40.0298881530762,1.97959674529197,11.5000000223517,-75.6407806262347,-13.8900398215588,250,0.0241349065803077,-13.9818525354517,-0.0343766807288085,299.9966125,299.9992371,-29870.92578125,-29761.03125,57.3199458292753,20.8534734897742,7.396941,0,0,0,40,4449,299.8737,-29815.978515625,,,,,,,,,,,,,0,,,,10.6353035,,,,,,299.9979248,,,,
,19449318.49,299.9988251,-29710.7001953125,-13.9755609099733,0.00153477118808949,1,0.999253354069792,40.0298881530762,1.97968585651759,11.4900004118681,-75.5949656770377,-13.8836142607039,250,0.0237651716875235,-13.9728347305298,-0.0347098939593367,299.9984131,299.9992371,-29761.03125,-29660.369140625,56.9346029692945,20.8516179043727,7.396941,0,0,0,40,4449,299.87285,-29710.7001953125,,,,,,,,,,,,,0,,,,10.6353035,,,,,,299.9988251,,,,
,19449319.555,299.9984894,-29605.4501953125,-13.9628935257125,0.00214108441087219,1,0.999253354069792,40.0298881530762,1.97963768768929,11.4900004118681,-75.5257227464237,-13.8649403476616,250,0.0248102352639804,-13.9601743352586,-0.0336132771746329,299.9984131,299.9985657,-29660.369140625,-29550.53125,56.7884384361983,20.8529593286001,8.512546,0,0,0,40,4449,299.8722,-29605.4501953125,,,,,,,,,,,,,0,,,,10.6353035,,,,,,299.9984894,,,,
,19449320.51,299.9992676,-29510.5380859375,-13.9560696924828,0.00178846525289892,1,0.999253354069792,40.0298881530762,1.97968287576355,11.4900004118681,-75.4923864670629,-13.8482466671803,250,0.0266903267022542,-13.9533592394125,-0.0317061513423381,299.9985657,299.9999695,-29550.53125,-29470.544921875,56.9830639374868,20.8513332566775,9.256284,0,0,0,40,4449,299.8715,-29510.5380859375,,,,,,,,,,,,,0,,,,10.4783001,,,,,,299.9992676,,,,
,19449321.54,299.9994507,-29410.5927734375,-13.9428557525138,0.00205160818618884,1,0.999253354069792,40.0298881530762,1.9796334340403,11.4900004118681,-75.4162681591372,-13.849909485885,250,0.0238714214149669,-13.9401359769733,-0.0344703176576882,299.9989319,299.9999695,-29470.544921875,-29350.640625,56.851750346256,20.84813830655,8.884414,0,0,0,40,4449,299.8711,-29410.5927734375,,,,,,,,,,,,,0,,,,10.4783001,,,,,,299.9994507,,,,
,19449322.68,299.9988251,-29295.732421875,-13.9315872412804,0.00187263745428313,1,0.999253354069792,40.0298881530762,1.97972393457248,11.4900004118681,-75.3603839845008,-13.8301360931898,250,0.0255540968158379,-13.9288769997254,-0.0327419554339976,299.9987183,299.9989319,-29350.640625,-29240.82421875,56.6156985334483,20.8576313487044,8.512546,0,0,0,40,4449,299.87135,-29295.732421875,,,,,,,,,,,,,0,,,,10.4783001,,,,,,299.9988251,,,,
,19449323.665,299.9987183,-29195.8310546875,-13.9151474510708,0.00239773928491137,1,0.999253354069792,40.0298881530762,1.97954424398712,11.4900004118681,-75.264380085023,-13.8148144629313,250,0.0251136885865769,-13.9124386901657,-0.033114075997355,299.9987183,299.9987183,-29240.82421875,-29150.837890625,57.6896561188715,20.8548055776035,7.396941,0,0,0,40,4449,299.87325,-29195.8310546875,,,,,,,,,,,,,0,,,,10.4783001,,,,,,299.9987183,,,,
,19449325.535,299.9978027,-29011.1025390625,-13.9131613287262,0.00247425133681581,1,0.999253354069792,40.0298881530762,1.97956592977622,11.4900004118681,-75.2546444296679,-13.8119054930754,250,0.0253127006756231,-13.9104540890241,-0.0329087166084455,299.9978027,299.9978027,-29021.0859375,-29001.119140625,56.6821369575829,20.85412708751,8.512546,0,0,0,40,4449,299.8731,-29011.1025390625,,,,,,,,,,,,,0,,,,10.58244515,,,,,,299.9978027,,,,
,19449326.285,299.9980621,-28936.33984375,-13.8902488214036,0.00213566742148041,1,0.999253354069792,40.0298881530762,1.97971064462172,11.4900004118681,-75.1351905749591,-13.7948835146313,250,0.0243949821774054,-13.8875421778933,-0.0337310477527362,299.9978027,299.9983215,-29001.119140625,-28871.560546875,57.4074882234292,20.8522510093374,7.768809,0,0,0,40,4449,299.8735,-28936.33984375,,,,,,,,,,,,,0,,,,10.6897588,,,,,,299.9980621,,,,
,19449327.485,299.9983673,-28816.6318359375,-13.8830273859827,0.00178246800197298,1,0.999253354069792,40.0298881530762,1.979669510181,11.4900004118681,-75.0955216899955,-13.7824889766098,250,0.0252972174749578,-13.880325747176,-0.0327995621968009,299.9983215,299.9984131,-28871.560546875,-28761.703125,56.976810909333,20.8546501828595,9.256284,0,0,0,40,4449,299.8754,-28816.6318359375,,,,,,,,,,,,,0,,,,10.58561375,,,,,,299.9983673,,,,
,19449328.545,299.99839785,-28706.822265625,-13.8703488076983,0.00184161672145563,1,0.999253354069792,40.0298881530762,1.97965257852591,11.4900004118681,-75.0253660763276,-13.7749026307961,250,0.0243294689255741,-13.8676455366412,-0.0337154415274397,299.9983826,299.9984131,-28761.703125,-28651.94140625,57.1346998702176,20.8525496405276,8.512546,0,0,0,40,4449,299.87425,-28706.822265625,,,,,,,,,,,,,0,,,,10.3212967,,,,,,299.99839785,,,,
,19449329.645,299.9984894,-28597.0185546875,-13.8638257524107,0.00198782807639647,1,0.999253354069792,40.0298881530762,1.97968584531319,11.4900004118681,-74.9912678223383,-13.7688816988211,250,0.0242765500423059,-13.8611234013195,-0.033742430934372,299.9983826,299.9985962,-28651.94140625,-28542.095703125,57.6419767791984,20.8495911664176,8.512546,0,0,0,40,4449,299.8731,-28597.0185546875,,,,,,,,,,,,,0,,,,10.3212967,,,,,,299.9984894,,,,
,19449330.715,299.99821475,-28492.1220703125,-13.8525920737468,0.00173299292671385,1,0.999253354069792,40.0298881530762,1.97968736526285,11.4900004118681,-74.9310093991731,-13.7553105897224,250,0.0247061591336557,-13.8498938499405,-0.0332667702546521,299.9978333,299.9985962,-28542.095703125,-28442.1484375,57.4121779945445,20.8487178971773,8.512546,0,0,0,40,4449,299.87395,-28492.1220703125,,,,,,,,,,,,,0,,,,10.42544175,,,,,,299.99821475,,,,
,19449331.795,299.99803165,-28382.21484375,-13.8373022116771,0.00217607672189398,1,0.999253354069792,40.0298881530762,1.97965174775075,11.4900004118681,-74.8482402948668,-13.7331460234411,250,0.0259266548408355,-13.8346121741388,-0.0319836624041775,299.9978333,299.99823,-28442.1484375,-28322.28125,57.0917103016599,20.8512167536988,7.396941,0,0,0,40,4449,299.8739,-28382.21484375,,,,,,,,,,,,,0,,,,10.3741441,,,,,,299.99803165,,,,
,19449332.96,299.9979706,-28267.388671875,-13.831796740899,0.00200202465795427,1,0.999253354069792,40.0298881530762,1.97971613898589,11.4900004118681,-74.8200505497947,-13.732340028676,250,0.0251368428770372,-13.8291044108424,-0.0327516637903852,299.9977112,299.99823,-28322.28125,-28212.49609375,57.6185279236215,20.8538314968206,8.512546,0,0,0,40,4449,299.8729,-28267.388671875,,,,,,,,,,,,,0,,,,10.26999905,,,,,,299.9979706,,,,
,19449333.96,299.9986725,-28167.5595703125,-13.8175430054758,0.00190280786874133,1,0.999253354069792,40.0298881530762,1.97971613898589,11.4900004118681,-74.7422950583134,-13.7216971993239,250,0.0244630982395089,-13.814850281164,-0.0333666745417465,299.9977112,299.9996338,-28212.49609375,-28122.623046875,57.1948852661984,20.8538314968206,8.512546,0,0,0,40,4449,299.8727,-28167.5595703125,,,,,,,,,,,,,0,,,,10.4783001,,,,,,299.9986725,,,,
,19449334.93,299.99845885,-28067.744140625,-13.8092075026311,0.00179954987736602,1,0.999253354069792,40.0298881530762,1.97970118362097,11.4900004118681,-74.6972046135795,-13.7103600716375,250,0.0249964722474004,-13.8065187075567,-0.0327995537928508,299.9972839,299.9996338,-28122.623046875,-28012.865234375,57.1370447557753,20.8507567114249,9.256284,0,0,0,40,4449,299.8726,-28067.744140625,,,,,,,,,,,,,0,,,,10.6886921,,,,,,299.99845885,,,,
,19449335.945,299.99731445,-27967.94921875,-13.7979440010676,0.00196559067332434,1,0.999253354069792,40.0298881530762,1.97973343784617,11.4900004118681,-74.6387746507758,-13.692339827852,250,0.0262819378480038,-13.7952633431964,-0.0314682955543059,299.9972839,299.997345,-28012.865234375,-27923.033203125,57.4731450190445,20.8552910685658,7.396941,0,0,0,40,4449,299.87225,-27967.94921875,,,,,,,,,,,,,0,,,,10.6886921,,,,,,299.99731445,,,,
,19449336.935,299.9977112,-27873.0849609375,-13.7891808472118,0.00210081359139957,1,0.999253354069792,40.0298881530762,1.97973343784617,11.4900004118681,-74.5901251484359,-13.6903554005925,250,0.0250248041031994,-13.7864964244484,-0.0326892831390946,299.997345,299.9980774,-27923.033203125,-27823.13671875,57.5223876157561,20.8552910685658,8.512546,0,0,0,40,4449,299.873,-27873.0849609375,,,,,,,,,,,,,0,,,,10.6353035,,,,,,299.9977112,,,,
,19449337.985,299.99801635,-27768.2080078125,-13.7777052439435,0.00181082656790018,1,0.999253354069792,40.0298881530762,1.97944782509181,11.4900004118681,-74.5169973655178,-13.6800769265888,250,0.0244427195665553,-13.7750204555445,-0.0332242296498646,299.9979553,299.9980774,-27823.13671875,-27713.279296875,56.5648926796983,20.8551949144284,9.256284,0,0,0,40,4449,299.8732,-27768.2080078125,,,,,,,,,,,,,0,,,,10.74261715,,,,,,299.99801635,,,,
,19449338.95,299.9970703,-27668.3779296875,-13.7623095732682,0.00221336708025854,1,0.999253354069792,40.0298881530762,1.97944782509181,11.4900004118681,-74.4407897251328,-13.6267251147629,250,0.0314567944550396,-13.7596576407514,-0.0261481292989264,299.9961853,299.9979553,-27713.279296875,-27623.4765625,56.7470121246791,20.8551949144284,9.256284,0,0,0,40,4449,299.87325,-27668.3779296875,,,,,,,,,,,,,0,,,,10.58561375,,,,,,299.9970703,,,,
,19449339.94,299.99661255,-27568.5126953125,-13.7555095903919,0.00212472788697452,1,0.999253354069792,40.0298881530762,1.97959512886956,11.5000000223517,-74.4026807205358,-13.6572727567279,250,0.0247303230364138,-13.7528310260054,-0.0328457006081545,299.9961853,299.9970398,-27623.4765625,-27513.548828125,57.261323690333,20.8520033802645,9.256284,0,0,0,40,4449,299.8736,-27568.5126953125,,,,,,,,,,,,,0,,,,10.5316887,,,,,,299.99661255,,,,
,19449341.03,299.99702455,-27458.6923828125,-13.7431181850367,0.0021623765898463,1,0.999253354069792,40.0298881530762,1.97974500841982,11.4900004118681,-74.3415197200878,-13.6439529849394,250,0.0250834210299887,-13.7404432970502,-0.0324418515724762,299.9970093,299.9970398,-27513.548828125,-27403.8359375,56.4288893173521,20.8525164148027,8.512546,0,0,0,40,4449,299.87385,-27458.6923828125,,,,,,,,,,,,,0,,,,10.5316887,,,,,,299.99702455,,,,
,19449342.015,299.9970703,-27358.8583984375,-13.7347178173187,0.00195718855297977,1,0.999253354069792,40.0298881530762,1.97974500841982,11.4900004118681,-74.2965928956107,-13.6328385216053,250,0.025582238830807,-13.7320465930919,-0.0319090278058205,299.9970093,299.9971313,-27403.8359375,-27313.880859375,57.4231207938138,20.8525164148027,8.512546,0,0,0,40,4449,299.8736,-27358.8583984375,,,,,,,,,,,,,0,,,,10.4783001,,,,,,299.9970703,,,,
,19449343.05,299.9967346,-27259.0009765625,-13.7227979071048,0.00163085275447618,1,0.999253354069792,40.0298881530762,1.97969752505764,11.4900004118681,-74.2294908921399,-13.6254673495624,250,0.0246775514973897,-13.7201253548476,-0.0327649300793087,299.9963379,299.9971313,-27313.880859375,-27204.12109375,57.6974724040638,20.853124800552,8.512546,0,0,0,40,4449,299.8723,-27259.0009765625,,,,,,,,,,,,,0,,,,10.42700245,,,,,,299.9967346,,,,
,19449344.215,299.9960785,-27144.3095703125,-13.7025225310824,0.0021067961549107,1,0.999253354069792,40.0298881530762,1.97966643973758,11.4900004118681,-74.1200783810818,-13.5976031274999,250,0.026033702670799,-13.6998599859329,-0.0313252618708791,299.9958191,299.9963379,-27204.12109375,-27084.498046875,57.2878990599868,20.8526238859478,8.512546,0,0,0,40,4449,299.8726,-27144.3095703125,,,,,,,,,,,,,0,,,,10.5343161,,,,,,299.9960785,,,,
,19449345.41,299.9964905,-27024.6103515625,-13.6935799021225,0.00179766451559171,1,0.999253354069792,40.0298881530762,1.97967396744246,11.5000000223517,-74.0722192138708,-13.5874826813284,250,0.0262573221850926,-13.6909198120318,-0.0310651168056414,299.9958191,299.9971619,-27084.498046875,-26964.72265625,57.4059249663907,20.8523913716722,9.256284,0,0,0,40,4449,299.87405,-27024.6103515625,,,,,,,,,,,,,0,,,,10.8499308,,,,,,299.9964905,,,,
,19449346.565,299.9969025,-26909.76171875,-13.6781085630603,0.00210508344690557,1,0.999253354069792,40.0298881530762,1.97970128736398,11.4900004118681,-73.9866198336926,-13.5879804940745,250,0.0233317053078862,-13.6754390204832,-0.0339267339112099,299.9966431,299.9971619,-26964.72265625,-26854.80078125,57.0823307594291,20.8496110862464,8.884414,0,0,0,40,4449,299.8731,-26909.76171875,,,,,,,,,,,,,0,,,,10.74261715,,,,,,299.9969025,,,,
,19449347.68,299.99610905,-26799.9306640625,-13.6710242628039,0.00179468667567035,1,0.999253354069792,40.0298881530762,1.97971163544026,11.4900004118681,-73.9504896983378,-13.5712449028154,250,0.0251269937635245,-13.6683639668886,-0.0321032194424832,299.995575,299.9966431,-26854.80078125,-26745.060546875,56.7517018957945,20.8534602668153,7.396941,0,0,0,40,4449,299.8732,-26799.9306640625,,,,,,,,,,,,,0,,,,10.4783001,,,,,,299.99610905,,,,
,19449348.67,299.995575,-26700.095703125,-13.6623647748976,0.00171496025880348,1,0.999253354069792,40.0298881530762,1.97978046534105,11.4900004118681,-73.9066893074522,-13.5602292296594,250,0.0256442653781552,-13.659708598995,-0.0315504986649087,299.995575,299.995575,-26745.060546875,-26655.130859375,56.8470605751406,20.8498311232875,8.512546,0,0,0,40,4449,299.8745,-26700.095703125,,,,,,,,,,,,,0,,,,10.3212967,,,,,,299.995575,,,,
,19449349.655,299.9957886,-26600.2119140625,-13.6501122854743,0.00185827708140654,1,0.999253354069792,40.0298881530762,1.97967950222869,11.5000000223517,-73.8354357463229,-13.5544021416096,250,0.02432654401964,-13.6474528430774,-0.0328179420092622,299.995575,299.9960022,-26655.130859375,-26545.29296875,57.5606874131984,20.8476840827193,8.512546,0,0,0,40,4449,299.8732,-26600.2119140625,,,,,,,,,,,,,0,,,,10.3212967,,,,,,299.9957886,,,,
,19449350.64,299.9957428,-26500.3369140625,-13.6409851985839,0.00194108936100649,1,0.999253354069792,40.0298881530762,1.97978476720147,11.4900004118681,-73.7901884890881,-13.5444450807485,250,0.0246065444469117,-13.6383286976863,-0.0325008425955494,299.9954834,299.9960022,-26545.29296875,-26455.380859375,57.6685521488523,20.8499350673635,9.256284,0,0,0,40,4449,299.8729,-26500.3369140625,,,,,,,,,,,,,0,,,,10.3212967,,,,,,299.9957428,,,,
,19449351.56,299.9955139,-26405.4267578125,-13.6254324487288,0.00249610113642859,1,0.999253354069792,40.0298881530762,1.97965198860141,11.4900004118681,-73.7028796319199,-13.5192493856374,250,0.0262192587534423,-13.6227858884786,-0.0308241024706186,299.9954834,299.9955444,-26455.380859375,-26355.47265625,56.7915649502752,20.8544335512647,7.396941,0,0,0,40,4449,299.8737,-26405.4267578125,,,,,,,,,,,,,0,,,,10.4783001,,,,,,299.9955139,,,,
,19449352.575,299.99627685,-26305.5341796875,-13.6178003176423,0.00182142593160444,1,0.999253354069792,40.0298881530762,1.97970165673407,11.4900004118681,-73.6623833432999,-13.51746842866,250,0.0251953291857287,-13.6151505601423,-0.0318166306284366,299.9955444,299.9970093,-26355.47265625,-26255.595703125,57.3285437429868,20.8472350126641,7.768809,0,0,0,40,4449,299.8747,-26305.5341796875,,,,,,,,,,,,,0,,,,10.74261715,,,,,,299.99627685,,,,
,19449353.56,299.9963074,-26210.6142578125,-13.6059786102584,0.00167075020900737,1,0.999253354069792,40.0298881530762,1.97960452111005,11.4900004118681,-73.5937588993878,-13.5113149249835,250,0.0240227483602834,-13.6033262235778,-0.0329405056479934,299.9956055,299.9970093,-26255.595703125,-26165.6328125,57.6310339799292,20.8505263810838,9.628152,0,0,0,40,4449,299.8743,-26210.6142578125,,,,,,,,,,,,,0,,,,10.74261715,,,,,,299.9963074,,,,
,19449354.58,299.99603275,-26110.708984375,-13.5966903334831,0.00155895234157817,1,0.999253354069792,40.0298881530762,1.97967791872922,11.4900004118681,-73.5462383535918,-13.5022598134706,250,0.0240667888795424,-13.5940400242291,-0.0328588932086256,299.9956055,299.99646,-26165.6328125,-26055.78515625,56.9049010855637,20.8500551137955,9.256284,0,0,0,40,4449,299.87285,-26110.708984375,,,,,,,,,,,,,0,,,,10.4783001,,,,,,299.99603275,,,,
,19449355.7,299.9959412,-25995.85546875,-13.5856677639465,0.00144721393046458,1,0.999253354069792,40.0298881530762,1.97966796708184,11.4900004118681,-73.4871474250581,-13.4864362005625,250,0.0249380704181416,-13.5830232832939,-0.0319426422095122,299.9954224,299.99646,-26055.78515625,-25935.92578125,56.9338213407753,20.8500355932877,8.512546,0,0,0,40,4449,299.8734,-25995.85546875,,,,,,,,,,,,,0,,,,10.4783001,,,,,,299.9959412,,,,
,19449356.705,299.99603275,-25896.00390625,-13.5748104453464,0.00139026381673626,1,0.999253354069792,40.0298881530762,1.97973252457775,11.4900004118681,-73.4306452857194,-13.4766695356884,250,0.024811119867849,-13.5721675118375,-0.0320248746652833,299.9954224,299.9966431,-25935.92578125,-25856.08203125,56.7040225561214,20.8473415184585,7.396941,0,0,0,40,4449,299.87435,-25896.00390625,,,,,,,,,,,,,0,,,,10.6353035,,,,,,299.99603275,,,,
,19449357.71,299.99627685,-25796.1259765625,-13.5639145916355,0.00127128487375062,1,0.999253354069792,40.0298881530762,1.97973748457418,11.4900004118681,-73.3714031225888,-13.4684800362857,250,0.0243121247885432,-13.5612715773039,-0.0324789355057256,299.9959106,299.9966431,-25856.08203125,-25736.169921875,57.5622506702369,20.8505005458725,8.512546,0,0,0,40,4449,299.8752,-25796.1259765625,,,,,,,,,,,,,0,,,,10.4783001,,,,,,299.99627685,,,,
,19449358.845,299.9959106,-25681.2099609375,-13.5504641371989,0.001852634860445,1,0.999253354069792,40.0298881530762,1.97970919990818,11.4900004118681,-73.2978290697408,-13.4538331825931,250,0.0244932359053579,-13.5478246785519,-0.0322426784071513,299.9959106,299.9959106,-25736.169921875,-25626.25,57.2417829773522,20.8504062235619,9.256284,0,0,0,40,4449,299.87515,-25681.2099609375,,,,,,,,,,,,,0,,,,10.58561375,,,,,,299.9959106,,,,
,19449359.83,299.9960632,-25586.4443359375,-13.5405566525918,0.00222937106215063,1,0.999253354069792,40.0298881530762,1.97970919990818,11.4900004118681,-73.2457997772983,-13.4355601314257,250,0.0260374739104914,-13.5379253901397,-0.0306593534458222,299.9959106,299.9962158,-25626.25,-25546.638671875,57.3230723433522,20.8504062235619,8.512546,0,0,0,40,4449,299.86995,-25586.4443359375,,,,,,,,,,,,,0,,,,10.8499308,,,,,,299.9960632,,,,
,19449360.865,299.9961853,-25481.7177734375,-13.5303667722467,0.0016538810688235,1,0.999253354069792,40.0298881530762,1.9797474954365,11.5000000223517,-73.1901932584745,-13.4357625822568,250,0.0241595306014974,-13.5277294522029,-0.0324963163408783,299.9961548,299.9962158,-25546.638671875,-25416.796875,56.8454973181022,20.8535873262803,8.512546,0,0,0,40,4449,299.86525,-25481.7177734375,,,,,,,,,,,,,0,,,,10.58561375,,,,,,299.9961853,,,,
,19449361.95,299.9957123,-25371.7685546875,-13.5217813283621,0.00169698648858928,1,0.999253354069792,40.0298881530762,1.97983277509308,11.4900004118681,-73.1485856525584,-13.4183095026488,250,0.0259006652314247,-13.5191531558211,-0.0307208077934485,299.9952698,299.9961548,-25416.796875,-25326.740234375,57.1729996676599,20.8483002899901,8.884414,0,0,0,40,4449,299.86455,-25371.7685546875,,,,,,,,,,,,,0,,,,10.4783001,,,,,,299.9957123,,,,
,19449362.99,299.9957123,-25266.9072265625,-13.5086773528023,0.00186248315636129,1,0.999253354069792,40.0298881530762,1.97983119095607,11.4900004118681,-73.0788369241137,-13.398838995519,250,0.0270703224514595,-13.50605664728,-0.0294973886885476,299.9952698,299.9961548,-25326.740234375,-25207.07421875,57.3254172289099,20.8514076398865,8.512546,0,0,0,40,4449,299.8652,-25266.9072265625,,,,,,,,,,,,,0,,,,10.4783001,,,,,,299.9957123,,,,
,19449364.1,299.9963074,-25157.119140625,-13.4967819314719,0.00169127931829727,1,0.999253354069792,40.0298881530762,1.97978028189223,11.5000000223517,-73.0105647151252,-13.3979620068203,250,0.024965464686969,-13.4941544456806,-0.03155283757354,299.9961548,299.99646,-25207.07421875,-25107.1640625,57.0768593597945,20.8511160235518,8.512546,0,0,0,40,4449,299.86625,-25157.119140625,,,,,,,,,,,,,0,,,,10.4783001,,,,,,299.9963074,,,,
,19449365.195,299.99610905,-25047.205078125,-13.4871566519855,0.00204521115677589,1,0.999253354069792,40.0298881530762,1.97969059692148,11.4900004118681,-72.9566665727525,-13.3803015157442,250,0.0263382001840082,-13.4845368720925,-0.0301410135907505,299.9957581,299.99646,-25107.1640625,-24987.24609375,57.789704569333,20.855602826726,7.396941,0,0,0,40,4449,299.8668,-25047.205078125,,,,,,,,,,,,,0,,,,10.74261715,,,,,,299.99610905,,,,
,19449366.28,299.99565125,-24937.3466796875,-13.4746533717241,0.00227759730411363,1,0.999253354069792,40.0298881530762,1.97963285895645,11.4900004118681,-72.8853764438951,-13.3760547747511,250,0.0247353976807427,-13.4720295880196,-0.0316916720258514,299.9955444,299.9957581,-24987.24609375,-24887.447265625,57.3605905122753,20.8505665863043,8.512546,0,0,0,40,4449,299.86915,-24937.3466796875,,,,,,,,,,,,,0,,,,10.58561375,,,,,,299.99565125,,,,
,19449367.375,299.9946289,-24832.6083984375,-13.454186629665,0.00211276027055257,1,0.999253354069792,40.0298881530762,1.97970824779922,11.4900004118681,-72.7772694642497,-13.3568095349803,250,0.0245918985947163,-13.4515668529687,-0.0317498822513521,299.9937134,299.9955444,-24887.447265625,-24777.76953125,57.088583787583,20.8516424241135,9.256284,0,0,0,40,4449,299.8717,-24832.6083984375,,,,,,,,,,,,,0,,,,10.3212967,,,,,,299.9946289,,,,
,19449368.445,299.99365235,-24722.853515625,-13.4458357152787,0.00184015911606117,1,0.999253354069792,40.0298881530762,1.97976140762847,11.4900004118681,-72.7356358904957,-13.3400705588315,250,0.026204277257068,-13.4432248105862,-0.0301034264424391,299.9935913,299.9937134,-24777.76953125,-24667.9375,57.1284468420637,20.8490905592914,7.396941,0,0,0,40,4449,299.8739,-24722.853515625,,,,,,,,,,,,,0,,,,10.3212967,,,,,,299.99365235,,,,
,19449369.49,299.9935913,-24618.0654296875,-13.4328313538864,0.00128039184330696,1,0.999253354069792,40.0298881530762,1.97976188423995,11.4900004118681,-72.6644183519116,-13.331954756539,250,0.0252952137832774,-13.4302192268312,-0.0309586655388117,299.9935913,299.9935913,-24667.9375,-24568.193359375,57.1690915250637,20.851540330689,8.512546,0,0,0,40,4449,299.87475,-24618.0654296875,,,,,,,,,,,,,0,,,,10.58561375,,,,,,299.9935913,,,,
,19449370.61,299.9938507,-24508.216796875,-13.4217179332417,0.0015230200343822,1,0.999253354069792,40.0298881530762,1.97974588545527,11.4900004118681,-72.6040824596731,-13.3189040400483,250,0.0256294165125731,-13.4191092411149,-0.0305788869379694,299.9935913,299.9941101,-24568.193359375,-24448.240234375,57.6146197810253,20.8455163908603,9.256284,0,0,0,40,4449,299.87545,-24508.216796875,,,,,,,,,,,,,0,,,,10.6897588,,,,,,299.9938507,,,,
,19449371.66,299.9941101,-24403.341796875,-13.4098965809854,0.00169286978059552,1,0.999253354069792,40.0298881530762,1.97977058143098,11.5000000223517,-72.5399390679107,-13.3131487809506,250,0.024532402469972,-13.407285494538,-0.0316268554587711,299.9941101,299.9941101,-24448.240234375,-24358.443359375,57.0033862789868,20.850272323999,8.512546,0,0,0,40,4449,299.8769,-24403.341796875,,,,,,,,,,,,,0,,,,10.5295868,,,,,,299.9941101,,,,
,19449372.7,299.99435425,-24298.4521484375,-13.3979506505182,0.00147360693893037,1,0.999253354069792,40.0298881530762,1.9798413789175,11.4900004118681,-72.4792800272261,-13.2940149598701,250,0.0259422277791682,-13.3953476877812,-0.0301681009018351,299.9941101,299.9945984,-24358.443359375,-24238.4609375,57.2652318329291,20.8533737485795,8.512546,0,0,0,40,4449,299.87775,-24298.4521484375,,,,,,,,,,,,,0,,,,10.58244515,,,,,,299.99435425,,,,
,19449373.7,299.99383545,-24193.583984375,-13.386573333539,0.00150477447091876,1,0.999253354069792,40.0298881530762,1.97974333810627,11.4900004118681,-72.4144712281347,-13.2808095706813,250,0.0261570499847447,-13.3839737260621,-0.0299067629720599,299.9930725,299.9945984,-24238.4609375,-24148.70703125,56.6352392464291,20.849597986077,8.512546,0,0,0,40,4449,299.87735,-24193.583984375,,,,,,,,,,,,,0,,,,10.6886921,,,,,,299.99383545,,,,
,19449374.7,299.9934082,-24093.74609375,-13.3769267410584,0.00139215499291683,1,0.999253354069792,40.0298881530762,1.97975603366094,11.4900004118681,-72.3597605041104,-13.2873986315217,250,0.023166302946589,-13.3743166737335,-0.0328575429906005,299.9930725,299.9937439,-24148.70703125,-24038.78515625,57.0104209356599,20.8512411811785,8.512546,0,0,0,40,4449,299.87695,-24093.74609375,,,,,,,,,,,,,0,,,,10.6886921,,,,,,299.9934082,,,,
,19449375.87,299.99316405,-23978.982421875,-13.3641962070075,0.00186816669394402,1,0.999253354069792,40.0298881530762,1.97971400800041,11.4900004118681,-72.292218428044,-13.2592824779151,250,0.0259551473689435,-13.361600449704,-0.0300166401625742,299.9925842,299.9937439,-24038.78515625,-23919.1796875,57.1354814987368,20.8567901137605,9.256284,0,0,0,40,4449,299.87875,-23978.982421875,,,,,,,,,,,,,0,,,,10.4783001,,,,,,299.99316405,,,,
,19449376.96,299.99287415,-23869.2412109375,-13.3567405383527,0.00142070723904313,1,0.999253354069792,40.0298881530762,1.97968543480643,11.4900004118681,-72.2487440563529,-13.2631694290613,250,0.0238202960101821,-13.35413740507,-0.032120752610081,299.9925842,299.9931641,-23919.1796875,-23819.302734375,57.108906129083,20.8503451470833,7.396941,0,0,0,40,4449,299.8793,-23869.2412109375,,,,,,,,,,,,,0,,,,10.58561375,,,,,,299.99287415,,,,
,19449377.945,299.99372865,-23774.35546875,-13.3414214878544,0.00200815375708491,1,0.999253354069792,40.0298881530762,1.97968543480643,11.4900004118681,-72.1668910232117,-13.2424944481122,250,0.0248041774123921,-13.3388250633186,-0.0310738758033829,299.9931641,299.9942932,-23819.302734375,-23729.408203125,56.5734905934098,20.8503451470833,9.256284,0,0,0,40,4449,299.879,-23774.35546875,,,,,,,,,,,,,0,,,,10.74261715,,,,,,299.99372865,,,,
,19449379.05,299.9943237,-23664.5341796875,-13.3314889905105,0.00184238012815816,1,0.999253354069792,40.0298881530762,1.97972325444444,11.4900004118681,-72.1145208077831,-13.2327991269791,250,0.0248019890829898,-13.3288941805755,-0.0310354561706942,299.9942932,299.9943542,-23729.408203125,-23599.66015625,57.0166739638137,20.8495646215834,8.884414,0,0,0,40,4449,299.8792,-23664.5341796875,,,,,,,,,,,,,0,,,,10.6353035,,,,,,299.9943237,,,,
,19449380.07,299.99426265,-23559.6826171875,-13.3212819821912,0.00149077653320533,1,0.999253354069792,40.0298881530762,1.97972325444444,11.5000000223517,-72.0592535121183,-13.2229579198789,250,0.0247302898608971,-13.3186888754612,-0.0310653682994012,299.9941711,299.9943542,-23599.66015625,-23519.705078125,57.2081729510253,20.8495646215834,8.512546,0,0,0,40,4449,299.87925,-23559.6826171875,,,,,,,,,,,,,0,,,,10.4783001,,,,,,299.99426265,,,,
,19449381.055,299.99356075,-23464.734375,-13.3066034483699,0.00209352649847093,1,0.999253354069792,40.0298881530762,1.97974854555893,11.4900004118681,-71.9824191826392,-13.1995557790953,250,0.0263672713207599,-13.3040204681673,-0.0293677177840327,299.9929504,299.9941711,-23519.705078125,-23409.763671875,58.2375777108523,20.8546556253,9.256284,0,0,0,40,4449,299.88115,-23464.734375,,,,,,,,,,,,,0,,,,10.4783001,,,,,,299.99356075,,,,
,19449382.135,299.99386595,-23354.9208984375,-13.2988505822649,0.00210655712192309,1,0.999253354069792,40.0298881530762,1.97968093302003,11.4900004118681,-71.9366638704881,-13.1990751969751,250,0.0249378956560289,-13.2962629739931,-0.0307649786652862,299.9929504,299.9947815,-23409.763671875,-23300.078125,56.9963516223137,20.8520579896288,7.768809,0,0,0,40,4449,299.8829,-23354.9208984375,,,,,,,,,,,,,0,,,,10.6353035,,,,,,299.99386595,,,,
,19449383.11,299.99398805,-23255.083984375,-13.2843687604175,0.0016059652820192,1,0.999253354069792,40.0298881530762,1.97971177226538,11.4900004118681,-71.8604785460741,-13.1791895731699,250,0.0259681254244898,-13.2817882489178,-0.0296752492524692,299.9931946,299.9947815,-23300.078125,-23210.08984375,57.9296160742754,20.8505919966313,7.396941,0,0,0,40,4449,299.88285,-23255.083984375,,,,,,,,,,,,,0,,,,10.74261715,,,,,,299.99398805,,,,
,19449384.15,299.993866,-23154.916015625,-13.2752496563186,0.00163685938001412,1,0.999253354069792,40.0298881530762,1.97975212657067,11.5000000223517,-71.8122871940157,-13.1719694616225,250,0.0256616806250761,-13.2726696928341,-0.0299442208933538,299.9931946,299.9945374,-23210.08984375,-23099.7421875,57.4692368764484,20.8534255140406,8.512546,0,0,0,40,4449,299.88355,-23154.916015625,,,,,,,,,,,,,0,,,,10.58561375,,,,,,299.993866,,,,
,19449385.15,299.9940796,-23054.791015625,-13.2642436258327,0.00177304462703107,1,0.999253354069792,40.0298881530762,1.97968946452324,11.4900004118681,-71.7486832611591,-13.1706250026162,250,0.023794830104164,-13.2616579198731,-0.0317650922308556,299.9936218,299.9945374,-23099.7421875,-23009.83984375,57.0299616486406,20.8511941699473,8.512546,0,0,0,40,4449,299.88555,-23054.791015625,,,,,,,,,,,,,0,,,,10.3212967,,,,,,299.9940796,,,,
,19449386.195,299.9935608,-22949.822265625,-13.2401626761048,0.00175594956965863,1,0.999253354069792,40.0298881530762,1.97976100833558,11.4900004118681,-71.6230439306452,-13.1358868451024,250,0.0258407416021902,-13.2375905571871,-0.0296198975232548,299.9934998,299.9936218,-23009.83984375,-22889.8046875,57.0534105042176,20.8495545823631,8.884414,0,0,0,40,4449,299.8847,-22949.822265625,,,,,,,,,,,,,0,,,,10.4783001,,,,,,299.9935608,,,,
,19449387.43,299.993866,-22829.869140625,-13.2292933130053,0.00173474185329467,1,0.999253354069792,40.0298881530762,1.97976118736781,11.4900004118681,-71.5629790592242,-13.1319613680119,250,0.0245529113221298,-13.2267177094884,-0.0308634358882881,299.9934998,299.9942322,-22889.8046875,-22769.93359375,57.4708001334869,20.8530284308053,9.256284,0,0,0,40,4449,299.88295,-22829.869140625,,,,,,,,,,,,,0,,,,10.6353035,,,,,,299.993866,,,,
,19449388.61,299.99487305,-22710,-13.2165915940298,0.001372903877461,1,0.999253354069792,40.0298881530762,1.97966484840734,11.4900004118681,-71.4917641773503,-13.1139254971306,250,0.025418845581044,-13.2140216012952,-0.0299454969069604,299.9942322,299.9955139,-22769.93359375,-22650.06640625,57.5513078709676,20.8525417455221,8.512546,0,0,0,40,4449,299.88335,-22710,,,,,,,,,,,,,0,,,,10.4783001,,,,,,299.99487305,,,,
,19449389.585,299.9953003,-22610.1318359375,-13.2078060628249,0.0017393396831298,1,0.999253354069792,40.0298881530762,1.97972759925308,11.5000000223517,-71.4464502235221,-13.1056030325056,250,0.0254048531063925,-13.2052374834468,-0.0299237299048314,299.9950867,299.9955139,-22650.06640625,-22570.197265625,57.1815975813714,20.8517945957864,7.396941,0,0,0,40,4449,299.8828,-22610.1318359375,,,,,,,,,,,,,0,,,,10.58561375,,,,,,299.9953003,,,,
,19449390.555,299.9958496,-22515.2255859375,-13.194762132411,0.00160004232106133,1,0.999253354069792,40.0298881530762,1.97976291548444,11.4900004118681,-71.377578482436,-13.0904708289154,250,0.0258274059879619,-13.1921976278259,-0.0294473592803734,299.9950867,299.9966125,-22570.197265625,-22460.25390625,56.9525804252368,20.8505137229372,7.396941,0,0,0,40,4449,299.88345,-22515.2255859375,,,,,,,,,,,,,0,,,,10.8499308,,,,,,299.9958496,,,,
,19449391.725,299.99604795,-22400.3564453125,-13.1842301155581,0.00139679045663055,1,0.999253354069792,40.0298881530762,1.97970289642113,11.4900004118681,-71.3179781936219,-13.0824233931443,250,0.0252920222505694,-13.1816653222877,-0.029939391691463,299.9954834,299.9966125,-22460.25390625,-22340.458984375,56.861911517006,20.8510516415301,8.884414,0,0,0,40,4449,299.8843,-22400.3564453125,,,,,,,,,,,,,0,,,,10.74261715,,,,,,299.99604795,,,,
,19449392.765,299.9954834,-22295.578125,-13.1744282843098,0.00175610539896508,1,0.999253354069792,40.0298881530762,1.97981142785563,11.4900004118681,-71.2691417157767,-13.0713832695848,250,0.0256466593589675,-13.1718671260915,-0.0295449281443889,299.9954834,299.9954834,-22340.458984375,-22250.697265625,57.2660134614484,20.8503130929931,7.396941,0,0,0,40,4449,299.8834,-22295.578125,,,,,,,,,,,,,0,,,,10.6353035,,,,,,299.9954834,,,,
,19449393.815,299.9954071,-22185.7626953125,-13.1606421608318,0.00150663421108077,1,0.999253354069792,40.0298881530762,1.97971332827795,11.4900004118681,-71.1908711927143,-13.0584286484786,250,0.0253701450587172,-13.1580825914213,-0.0297645045836087,299.9953308,299.9954834,-22250.697265625,-22120.828125,56.9267866841022,20.8527069107271,7.396941,0,0,0,40,4449,299.88405,-22185.7626953125,,,,,,,,,,,,,0,,,,10.6353035,,,,,,299.9954071,,,,
,19449394.93,299.9964447,-22075.908203125,-13.1479981301265,0.00182541556274168,1,0.999253354069792,40.0298881530762,1.97977659172984,11.4900004118681,-71.1249332879833,-13.0449685202308,250,0.0255910159965027,-13.1454414413827,-0.0294917940633109,299.9953308,299.9975586,-22120.828125,-22030.98828125,57.5262957583522,20.8545476197146,8.512546,0,0,0,40,4449,299.8837,-22075.908203125,,,,,,,,,,,,,0,,,,10.4783001,,,,,,299.9964447,,,,
,19449395.795,299.9975586,-21991.0078125,-13.1381295400844,0.00154761927472999,1,0.999253354069792,40.0298881530762,1.97967887967087,11.4900004118681,-71.0663315129157,-13.0442145261258,250,0.0237853226325472,-13.1355666547172,-0.0312567518314244,299.9975586,299.9975586,-22030.98828125,-21951.02734375,57.2785195177561,20.849769473996,7.396941,0,0,0,40,4449,299.8828,-21991.0078125,,,,,,,,,,,,,0,,,,10.3212967,,,,,,299.9975586,,,,
,19449396.7,299.9965973,-21901.1416015625,-13.124865724856,0.00184685144138659,1,0.999253354069792,40.0298881530762,1.97975200459218,11.4900004118681,-70.9988260313998,-13.0224512821055,250,0.0254382337449133,-13.122312848077,-0.0295493359915229,299.995636,299.9975586,-21951.02734375,-21851.255859375,56.5906864208329,20.8555386181889,8.512546,0,0,0,40,4449,299.88325,-21901.1416015625,,,,,,,,,,,,,0,,,,10.58561375,,,,,,299.9965973,,,,
,19449397.66,299.99557495,-21806.310546875,-13.1115821018252,0.00132249585411585,1,0.999253354069792,40.0298881530762,1.97969439559909,11.4900004118681,-70.9286538555393,-12.988968112854,250,0.0290997485875974,-13.1090476778495,-0.0258336726286956,299.9955139,299.995636,-21851.255859375,-21761.365234375,56.5422254526406,20.8561627428177,8.512546,0,0,0,40,4449,299.88375,-21806.310546875,,,,,,,,,,,,,0,,,,10.8499308,,,,,,299.99557495,,,,
,19449398.645,299.99623105,-21706.435546875,-13.1015832525364,0.00156763227293142,1,0.999253354069792,40.0298881530762,1.97976044229918,11.4900004118681,-70.8734624814742,-12.9978509516036,250,0.0256822547021319,-13.0990361168823,-0.0292096783289071,299.9955139,299.9969482,-21761.365234375,-21651.505859375,57.5505262424484,20.8510430664757,9.256284,0,0,0,40,4449,299.8829,-21706.435546875,,,,,,,,,,,,,0,,,,10.58561375,,,,,,299.99623105,,,,
,19449399.765,299.996521,-21596.58203125,-13.0911297271029,0.00168323914215869,1,0.999253354069792,40.0298881530762,1.97969754686464,11.4900004118681,-70.815992822729,-12.9802026972679,250,0.0269341543947712,-13.0885897175079,-0.0279152582103565,299.9960938,299.9969482,-21651.505859375,-21541.658203125,56.4085669758521,20.8498406017693,7.396941,0,0,0,40,4449,299.8828,-21596.58203125,,,,,,,,,,,,,0,,,,10.3212967,,,,,,299.996521,,,,
,19449400.815,299.9966431,-21491.8916015625,-13.0780211039098,0.00132446345793317,1,0.999253354069792,40.0298881530762,1.97971452992212,11.4900004118681,-70.7459887652327,-12.9656117033676,250,0.0272231673219064,-13.0754847818163,-0.027572659201066,299.9960938,299.9971924,-21541.658203125,-21442.125,57.2433462343907,20.8509566283979,8.512546,0,0,0,40,4449,299.8813,-21491.8916015625,,,,,,,,,,,,,0,,,,10.58561375,,,,,,299.9966431,,,,
,19449401.885,299.9971924,-21382.2177734375,-13.0658763159105,0.00188183220337393,1,0.999253354069792,40.0298881530762,1.97974693905946,11.5000000223517,-70.6811978665976,-12.9549635276983,250,0.0269797848882037,-13.0633410592329,-0.0277662868076962,299.9971924,299.9971924,-21442.125,-21322.310546875,57.3457395704099,20.8527794039657,9.256284,0,0,0,40,4449,299.88045,-21382.2177734375,,,,,,,,,,,,,0,,,,10.74261715,,,,,,299.9971924,,,,
,19449402.985,299.99691775,-21272.373046875,-13.058206527365,0.00187868746783109,1,0.999253354069792,40.0298881530762,1.97972560711761,11.5000000223517,-70.6365868493775,-12.9600496782794,250,0.0245927403961025,-13.0556628756568,-0.0301215667736787,299.9966431,299.9971924,-21322.310546875,-21222.435546875,57.0870205305445,20.8505576338157,8.884414,0,0,0,40,4449,299.8811,-21272.373046875,,,,,,,,,,,,,0,,,,10.6353035,,,,,,299.99691775,,,,
,19449403.97,299.99684145,-21172.5107421875,-13.047651755038,0.00133802315044417,1,0.999253354069792,40.0298881530762,1.97972560711761,11.4900004118681,-70.5803008810225,-12.9452117937482,250,0.0253805207375452,-13.0451134921684,-0.0292906474397541,299.9966431,299.9970398,-21222.435546875,-21122.5859375,57.3371416566984,20.8505576338157,9.256284,0,0,0,40,4449,299.881,-21172.5107421875,,,,,,,,,,,,,0,,,,10.4783001,,,,,,299.99684145,,,,
,19449405.025,299.9963074,-21067.6025390625,-13.0342782687581,0.00180808882354288,1,0.999253354069792,40.0298881530762,1.9796433487331,11.4900004118681,-70.506954582275,-12.921424999004,250,0.0272037235509153,-13.0317505273049,-0.0274126739447216,299.995575,299.9970398,-21122.5859375,-21012.619140625,57.3277621144676,20.8496867126378,7.396941,0,0,0,40,4449,299.88125,-21067.6025390625,,,,,,,,,,,,,0,,,,10.58561375,,,,,,299.9963074,,,,
,19449406.085,299.99644475,-20962.6923828125,-13.0089926244873,0.00139699633381254,1,0.999253354069792,40.0298881530762,1.97983458320817,11.4900004118681,-70.3783498028602,-12.8892435580891,250,0.0286924698601432,-13.0064760657712,-0.0258194868385784,299.995575,299.9973145,-21012.619140625,-20912.765625,58.1093906336985,20.8547278467384,9.256284,0,0,0,40,4449,299.88005,-20962.6923828125,,,,,,,,,,,,,0,,,,10.8499308,,,,,,299.99644475,,,,
,19449407.225,299.99772645,-20847.861328125,-12.9988488588447,0.00199228580612497,1,0.999253354069792,40.0298881530762,1.9794936620757,11.5000000223517,-70.312508958023,-12.8724338693853,250,0.0295210682010473,-12.9963371142475,-0.024949604230991,299.9973145,299.9981384,-20912.765625,-20782.95703125,57.1010898438907,20.8581732676375,8.512546,0,0,0,40,4449,299.87995,-20847.861328125,,,,,,,,,,,,,0,,,,10.74261715,,,,,,299.99772645,,,,
,19449408.46,299.99739075,-20728.0908203125,-12.9874869348699,0.00124442838746418,1,0.999253354069792,40.0298881530762,1.97977965583373,11.4900004118681,-70.2583131456205,-12.8772219164292,250,0.026865434082107,-12.9849664248395,-0.0275581757771797,299.9966431,299.9981384,-20782.95703125,-20673.224609375,57.4567308201407,20.8511653797687,8.512546,0,0,0,40,4449,299.8799,-20728.0908203125,,,,,,,,,,,,,0,,,,10.4783001,,,,,,299.99739075,,,,
,19449409.505,299.9971466,-20623.3125,-12.9732114876996,0.00152531971041591,1,0.999253354069792,40.0298881530762,1.97981788155971,11.4900004118681,-70.1823133914356,-12.8638266678948,250,0.0267413824868969,-12.9706933709182,-0.0276234188269848,299.9966431,299.9976501,-20673.224609375,-20573.400390625,57.1378263842945,20.8512977766194,8.512546,0,0,0,40,4449,299.87945,-20623.3125,,,,,,,,,,,,,0,,,,10.4783001,,,,,,299.9971466,,,,
,19449410.445,299.9973297,-20528.4443359375,-12.9594871308845,0.00177050479799379,1,0.999253354069792,40.0298881530762,1.97970241629505,11.4900004118681,-70.1030885684502,-12.8548258248336,250,0.0257264921353808,-12.9569673864551,-0.0285813341624037,299.9970093,299.9976501,-20573.400390625,-20483.48828125,57.3402681707753,20.8499585992694,8.884414,0,0,0,40,4449,299.87995,-20528.4443359375,,,,,,,,,,,,,0,,,,10.6353035,,,,,,299.9973297,,,,
,19449411.5,299.99720765,-20423.572265625,-12.9473725799882,0.00170414573403292,1,0.999253354069792,40.0298881530762,1.97978521215168,11.5000000223517,-70.0410883819892,-12.8396908223041,250,0.0263768138099486,-12.9448579945948,-0.027881228789682,299.9970093,299.997406,-20483.48828125,-20363.65625,57.3176009437176,20.8484664057489,8.512546,0,0,0,40,4449,299.88035,-20423.572265625,,,,,,,,,,,,,0,,,,10.6353035,,,,,,299.99720765,,,,
,19449412.475,299.996994,-20323.7294921875,-12.9390242160744,0.00164758526396299,1,0.999253354069792,40.0298881530762,1.97978691910675,11.4900004118681,-69.996594944749,-12.8281351446937,250,0.0269687657594054,-12.9365138093787,-0.0272554293877962,299.996582,299.997406,-20363.65625,-20283.802734375,57.2370932062368,20.8506607673887,8.512546,0,0,0,40,4449,299.87975,-20323.7294921875,,,,,,,,,,,,,0,,,,10.6353035,,,,,,299.996994,,,,
,19449413.43,299.99739075,-20228.85546875,-12.9274409099144,0.00166752187990269,1,0.999253354069792,40.0298881530762,1.97985452985172,11.5000000223517,-69.9349336622076,-12.8242332736775,250,0.0256223380062635,-12.9249269357881,-0.0285539395008773,299.996582,299.9981995,-20283.802734375,-20173.908203125,56.9502355396791,20.8470066012084,8.512546,0,0,0,40,4449,299.8795,-20228.85546875,,,,,,,,,,,,,0,,,,10.74261715,,,,,,299.99739075,,,,
,19449414.58,299.9972382,-20113.9755859375,-12.9168579048798,0.00171938275480623,1,0.999253354069792,40.0298881530762,1.97979618480106,11.4900004118681,-69.8754422056321,-12.8146108956903,250,0.025372298797891,-12.9143449999564,-0.0287606500819659,299.9962769,299.9981995,-20173.908203125,-20054.04296875,56.648526931256,20.8514907940966,8.884414,0,0,0,40,4449,299.87925,-20113.9755859375,,,,,,,,,,,,,0,,,,10.74261715,,,,,,299.9972382,,,,
,19449415.565,299.9967804,-20014.130859375,-12.9015218804182,0.00186833356256164,1,0.999253354069792,40.0298881530762,1.97962931479803,11.4900004118681,-69.7892916263943,-12.7845976990259,250,0.0278856183909772,-12.8990227201132,-0.0261847861837811,299.9962769,299.9972839,-20054.04296875,-19974.21875,57.0909286731407,20.8580895675935,8.512546,0,0,0,40,4449,299.8777,-20014.130859375,,,,,,,,,,,,,0,,,,10.4783001,,,,,,299.9967804,,,,
,19449416.57,299.9971466,-19914.029296875,-12.8906326709349,0.00120476612316627,1,0.999253354069792,40.0298881530762,1.97971652983763,11.4900004118681,-69.7318174324603,-12.7827976714132,250,0.0263019314481541,-12.8881288132025,-0.0277235180653213,299.9970093,299.9972839,-19974.21875,-19853.83984375,57.657609349583,20.850943812452,8.884414,0,0,0,40,4449,299.87715,-19914.029296875,,,,,,,,,,,,,0,,,,10.42544175,,,,,,299.9971466,,,,
,19449417.63,299.99665835,-19808.453125,-12.8798754058422,0.00182353082129694,1,0.999253354069792,40.0298881530762,1.97975003091218,11.5000000223517,-69.6777731548283,-12.7561821086271,250,0.0292692337298989,-12.8773863043294,-0.02471270848896,299.9963074,299.9970093,-19853.83984375,-19763.06640625,57.6411951506792,20.8548072302439,8.512546,0,0,0,40,4449,299.87695,-19808.453125,,,,,,,,,,,,,0,,,,10.6897588,,,,,,299.99665835,,,,
,19449418.7,299.9969025,-19703.0703125,-12.8639002152656,0.00161637665873733,1,0.999253354069792,40.0298881530762,1.97969464857937,11.4900004118681,-69.5854567872879,-12.7615488973954,250,0.0252514615544081,-12.861397275813,-0.0286640244930457,299.9963074,299.9974976,-19763.06640625,-19643.07421875,57.5536527565253,20.8473713203493,8.884414,0,0,0,40,4449,299.87515,-19703.0703125,,,,,,,,,,,,,0,,,,10.8499308,,,,,,299.9969025,,,,
,19449419.89,299.9972687,-19583.15234375,-12.8547217986266,0.00148419399688565,1,0.999253354069792,40.0298881530762,1.97975201632938,11.4900004118681,-69.5390328872195,-12.745999530599,250,0.0264931109942662,-12.8522256175769,-0.0273855612458206,299.9970398,299.9974976,-19643.07421875,-19523.23046875,57.034651419756,20.8497146088519,7.396941,0,0,0,40,4449,299.8735,-19583.15234375,,,,,,,,,,,,,0,,,,10.8499308,,,,,,299.9972687,,,,
,19449420.945,299.9968109,-19478.265625,-12.8425197382926,0.00194569528722223,1,0.999253354069792,40.0298881530762,1.97985443025408,11.4900004118681,-69.4762879354829,-12.7358552358557,250,0.0262252624657671,-12.8400251379485,-0.0276020949043822,299.996582,299.9970398,-19523.23046875,-19433.30078125,57.4387533641984,20.8495290230426,8.884414,0,0,0,40,4449,299.8784,-19478.265625,,,,,,,,,,,,,0,,,,10.74261715,,,,,,299.9968109,,,,
,19449421.985,299.99656675,-19378.380859375,-12.8297621666924,0.00177490181937468,1,0.999253354069792,40.0298881530762,1.97973718728749,11.4900004118681,-69.4050741036866,-12.712701336836,250,0.0280051755617483,-12.8272777595316,-0.0257687506654909,299.9965515,299.996582,-19433.30078125,-19323.4609375,57.3668435404292,20.8505942723765,8.512546,0,0,0,40,4449,299.88405,-19378.380859375,,,,,,,,,,,,,0,,,,10.4783001,,,,,,299.99656675,,,,
,19449423.09,299.99664305,-19268.5078125,-12.8186903633211,0.00134993807900313,1,0.999253354069792,40.0298881530762,1.97989933871353,11.4900004118681,-69.3502445437107,-12.7053001377454,250,0.0275096415330859,-12.8162059858766,-0.0262188662493359,299.9965515,299.9967346,-19323.4609375,-19213.5546875,57.2621053188522,20.8531445860593,8.512546,0,0,0,40,4449,299.88345,-19268.5078125,,,,,,,,,,,,,0,,,,10.3212967,,,,,,299.99664305,,,,
,19449424.11,299.99661255,-19163.6181640625,-12.8059022429828,0.0016692601519744,1,0.999253354069792,40.0298881530762,1.97983240824192,11.4900004118681,-69.2781129466992,-12.6957763162492,250,0.0268230731881269,-12.8034175015039,-0.026852695843307,299.9964905,299.9967346,-19213.5546875,-19113.681640625,56.5219031111406,20.8545044786996,8.884414,0,0,0,40,4449,299.88305,-19163.6181640625,,,,,,,,,,,,,0,,,,10.42544175,,,,,,299.99661255,,,,
,19449425.25,299.9965515,-19048.7919921875,-12.7832427345973,0.00160752341012625,1,0.999253354069792,40.0298881530762,1.97956084023198,11.4900004118681,-69.1475117851741,-12.6649483954015,250,0.0280096607353049,-12.7807675042241,-0.0255722912418763,299.9964905,299.9966125,-19113.681640625,-18983.90234375,57.5903892969292,20.8597198148322,8.512546,0,0,0,40,4449,299.88345,-19048.7919921875,,,,,,,,,,,,,0,,,,10.42544175,,,,,,299.9965515,,,,
,19449426.495,299.9968872,-18923.9873046875,-12.771694197687,0.00140119183186803,1,0.999253354069792,40.0298881530762,1.97977248842055,11.4900004118681,-69.0920147979216,-12.6560737974341,250,0.0277549769154618,-12.7692199547498,-0.0257798845808656,299.9966125,299.9971619,-18983.90234375,-18864.072265625,57.6114932669484,20.8515415744962,7.396941,0,0,0,40,4449,299.8821,-18923.9873046875,,,,,,,,,,,,,0,,,,10.5316887,,,,,,299.9968872,,,,
,19449427.705,299.99699405,-18799.16796875,-12.7592806558442,0.00129490668167092,1,0.999253354069792,40.0298881530762,1.97986478564822,11.4900004118681,-69.0268434703247,-12.6505749636012,250,0.0265776172747717,-12.7568038327934,-0.0269061689657304,299.9968262,299.9971619,-18864.072265625,-18734.263671875,57.3691884259868,20.8515467764589,8.512546,0,0,0,40,4449,299.88155,-18799.16796875,,,,,,,,,,,,,0,,,,10.7420807,,,,,,299.99699405,,,,
,19449428.8,299.9967041,-18689.30078125,-12.7481369587627,0.00176424996985265,1,0.999253354069792,40.0298881530762,1.97989375778088,11.4900004118681,-68.9700940961046,-12.6259406812331,250,0.0291007278477934,-12.745673032063,-0.0243376611721875,299.996582,299.9968262,-18734.263671875,-18644.337890625,56.5664559367368,20.8536897070172,9.256284,0,0,0,40,4449,299.88225,-18689.30078125,,,,,,,,,,,,,0,,,,10.6886921,,,,,,299.9967041,,,,
,19449429.91,299.99687195,-18579.3955078125,-12.7384303594093,0.00156990373950652,1,0.999253354069792,40.0298881530762,1.97949915935897,11.4900004118681,-68.9029199412094,-12.620673860411,250,0.0278223184767167,-12.7359628390587,-0.0255764491904994,299.996582,299.9971619,-18644.337890625,-18514.453125,57.0315249056791,20.8532700727382,8.512546,0,0,0,40,4449,299.88045,-18579.3955078125,,,,,,,,,,,,,0,,,,10.6353035,,,,,,299.99687195,,,,
,19449431.055,299.9978943,-18464.5732421875,-12.7196278225651,0.00146570838297812,1,0.999253354069792,40.0298881530762,1.97986927588292,11.4900004118681,-68.8133226725227,-12.6067025302788,250,0.0273462347145189,-12.7171615154574,-0.0259749544541018,299.9971619,299.9986267,-18514.453125,-18414.693359375,56.8454973181022,20.8503953445709,8.512546,0,0,0,40,4449,299.8788,-18464.5732421875,,,,,,,,,,,,,0,,,,10.58244515,,,,,,299.9978943,,,,
,19449432.02,299.99752805,-18369.7177734375,-12.7075990167971,0.00208112869363997,1,0.999253354069792,40.0298881530762,1.97980796429039,11.5000000223517,-68.7447767770355,-12.6019163444971,250,0.0259316852743601,-12.7051292768543,-0.0273400171679088,299.9964294,299.9986267,-18414.693359375,-18324.7421875,57.4989387601791,20.8484408368233,8.512546,0,0,0,40,4449,299.87685,-18369.7177734375,,,,,,,,,,,,,0,,,,10.63583375,,,,,,299.99752805,,,,
,19449433.1,299.9956512,-18264.9130859375,-12.6860190808124,0.00153473711016027,1,0.999253354069792,40.0298881530762,1.97967015747536,11.4900004118681,-68.6263248132788,-12.5637805596196,250,0.028825653757741,-12.6835666441923,-0.024357063624919,299.994873,299.9964294,-18324.7421875,-18205.083984375,57.7248294022369,20.8551063981968,8.884414,0,0,0,40,4449,299.8769,-18264.9130859375,,,,,,,,,,,,,0,,,,10.6886921,,,,,,299.9956512,,,,
,19449434.315,299.9962158,-18145.2080078125,-12.6748650914725,0.00139472025181449,1,0.999253354069792,40.0298881530762,1.97978363863997,11.4900004118681,-68.5692718947933,-12.5563809973572,250,0.0282564380254449,-12.6724121908625,-0.0248802170262044,299.994873,299.9975586,-18205.083984375,-18085.33203125,57.0096393071407,20.8517490752806,8.884414,0,0,0,40,4449,299.8779,-18145.2080078125,,,,,,,,,,,,,0,,,,10.6886921,,,,,,299.9962158,,,,
,19449435.4,299.99691775,-18035.4697265625,-12.6584097875989,0.00213422568887884,1,0.999253354069792,40.0298881530762,1.97996134250674,11.5000000223517,-68.4857919064553,-12.5436156304092,250,0.027769967836079,-12.6559577503757,-0.0252987500064427,299.9962769,299.9975586,-18085.33203125,-17985.607421875,56.7204367550252,20.8478727102042,7.396941,0,0,0,40,4449,299.8769,-18035.4697265625,,,,,,,,,,,,,0,,,,10.6886921,,,,,,299.99691775,,,,
,19449437.265,299.9958801,-17850.63671875,-12.6481698863796,0.00200911720337873,1,0.999253354069792,40.0298881530762,1.97979333918767,11.4900004118681,-68.4248568029607,-12.5317430948765,250,0.0278766587451173,-12.6457206837415,-0.025150992669312,299.9958801,299.9958801,-17855.67578125,-17845.59765625,57.2730481181214,20.8533292780017,7.396941,0,0,0,40,4449,299.8756,-17850.63671875,,,,,,,,,,,,,0,,,,10.6353035,,,,,,299.9958801,,,,
,19449437.865,299.99571225,-17790.69140625,-12.6339486521575,0.00196859257538784,1,0.999253354069792,40.0298881530762,1.97992639285435,11.5000000223517,-68.3531998948381,-12.5141722073574,250,0.0286412226922338,-12.6315055630962,-0.0243275467194206,299.9955444,299.9958801,-17845.59765625,-17735.78515625,57.2675767184868,20.8557036235228,7.396941,0,0,0,40,4449,299.87525,-17790.69140625,,,,,,,,,,,,,0,,,,10.58244515,,,,,,299.99571225,,,,
,19449438.875,299.9957428,-17690.8505859375,-12.6227985231313,0.00183451199356536,1,0.999253354069792,40.0298881530762,1.97992639285435,11.4900004118681,-68.2931678244187,-12.5015434148495,250,0.0289097896541732,-12.6203587231491,-0.0240131851213801,299.9955444,299.9959412,-17735.78515625,-17645.916015625,57.0901470446214,20.8557036235228,8.512546,0,0,0,40,4449,299.875,-17690.8505859375,,,,,,,,,,,,,0,,,,10.58244515,,,,,,299.9957428,,,,
,19449439.925,299.9952698,-17586.0166015625,-12.6088790776542,0.00163705608510826,1,0.999253354069792,40.0298881530762,1.97974510263593,11.4900004118681,-68.2110131040808,-12.4907112741587,250,0.0281263889248435,-12.6064389518401,-0.0247389767673067,299.9945984,299.9959412,-17645.916015625,-17526.1171875,57.1894138665637,20.8585996707254,9.256284,0,0,0,40,4449,299.8749,-17586.0166015625,,,,,,,,,,,,,0,,,,10.6353035,,,,,,299.9952698,,,,
,19449441.035,299.9944763,-17471.1708984375,-12.5995022434279,0.00159089552879714,1,0.999253354069792,40.0298881530762,1.97975117494481,11.5000000223517,-68.1590822731993,-12.4890629900468,250,0.0267005189754606,-12.59705831045,-0.0261263055727015,299.9943542,299.9945984,-17526.1171875,-17416.224609375,57.0838940164676,20.8510270839882,8.512546,0,0,0,40,4449,299.87445,-17471.1708984375,,,,,,,,,,,,,0,,,,10.74261715,,,,,,299.9944763,,,,
,19449442.015,299.9946594,-17371.3857421875,-12.5888940121374,0.00145392956580309,1,0.999253354069792,40.0298881530762,1.97977222099928,11.5000000223517,-68.103184180668,-12.474451551193,250,0.0274600666999722,-12.5864552698584,-0.0253230764744423,299.9943542,299.9949646,-17416.224609375,-17326.546875,56.3366571520829,20.8501158113545,8.884414,0,0,0,40,4449,299.8754,-17371.3857421875,,,,,,,,,,,,,0,,,,10.74261715,,,,,,299.9946594,,,,
,19449443.015,299.9947815,-17271.591796875,-12.5759806445116,0.00151120023240548,1,0.999253354069792,40.0298881530762,1.97980346834985,11.4900004118681,-68.0374201715834,-12.4454107529447,250,0.0304720097757895,-12.5735570332983,-0.0222582325661746,299.9945984,299.9949646,-17326.546875,-17216.63671875,57.9116386183331,20.857500115144,8.884414,0,0,0,40,4449,299.8764,-17271.591796875,,,,,,,,,,,,,0,,,,10.74261715,,,,,,299.9947815,,,,
,19449444.05,299.9945221,-17166.6826171875,-12.5636838270921,0.0013117211704763,1,0.999253354069792,40.0298881530762,1.97979527504806,11.4900004118681,-67.9659886875055,-12.4581614782886,250,0.0258258350788618,-12.5612432421537,-0.0268530663805892,299.9944458,299.9945984,-17216.63671875,-17116.728515625,56.4007506906598,20.8502585593494,7.396941,0,0,0,40,4449,299.87505,-17166.6826171875,,,,,,,,,,,,,0,,,,10.58561375,,,,,,299.9945221,,,,
,19449445.07,299.9940033,-17066.8125,-12.5512714768,0.00157947657294305,1,0.999253354069792,40.0298881530762,1.97982106888952,11.4900004118681,-67.9027855887051,-12.4293984142727,250,0.0288733934889709,-12.5488463384379,-0.0237550222805029,299.9935608,299.9944458,-17116.728515625,-17016.896484375,57.6318156084484,20.8517628664138,8.512546,0,0,0,40,4449,299.87455,-17066.8125,,,,,,,,,,,,,0,,,,10.4783001,,,,,,299.9940033,,,,
,19449446.18,299.9931488,-16957.01171875,-12.5229573577691,0.00165311627153277,1,0.999253354069792,40.0298881530762,1.97979995799684,11.5000000223517,-67.7467063741837,-12.4130741698317,250,0.026618732712428,-12.520528845901,-0.0258911372295506,299.9927368,299.9935608,-17016.896484375,-16897.126953125,56.6837002146214,20.8488502510585,7.396941,0,0,0,40,4449,299.87595,-16957.01171875,,,,,,,,,,,,,0,,,,10.6353035,,,,,,299.9931488,,,,
,19449447.33,299.99331665,-16842.1142578125,-12.5143455702996,0.00133397638685821,1,0.999253354069792,40.0298881530762,1.97984556402222,11.4900004118681,-67.7028020373399,-12.3985422426511,250,0.0277614923525209,-12.5119234395713,-0.0247133400861279,299.9927368,299.9938965,-16897.126953125,-16787.1015625,57.3496477130061,20.8542246941395,8.884414,0,0,0,40,4449,299.8765,-16842.1142578125,,,,,,,,,,,,,0,,,,10.6353035,,,,,,299.99331665,,,,
,19449448.46,299.9929657,-16732.2216796875,-12.4982973291,0.00144967204078054,1,0.999253354069792,40.0298881530762,1.97988648136526,11.4900004118681,-67.617414669459,-12.3825119689923,250,0.0277972916916534,-12.4958786618362,-0.0246113555414571,299.9920349,299.9938965,-16787.1015625,-16677.341796875,57.0971817012945,20.8495799925818,8.512546,0,0,0,40,4449,299.8756,-16732.2216796875,,,,,,,,,,,,,0,,,,10.6353035,,,,,,299.9929657,,,,
,19449449.65,299.9921112,-16612.20703125,-12.4863384368905,0.00173890348754603,1,0.999253354069792,40.0298881530762,1.97991108821683,11.4900004118681,-67.5549246812982,-12.3633253887176,250,0.0291564136729983,-12.4839281965432,-0.0232033260672439,299.9920349,299.9921875,-16677.341796875,-16547.072265625,56.8939582862945,20.8502575001453,8.512546,0,0,0,40,4449,299.87575,-16612.20703125,,,,,,,,,,,,,0,,,,10.6353035,,,,,,299.9921112,,,,
,19449450.785,299.99230955,-16496.9921875,-12.4731765901806,0.00148312251087968,1,0.999253354069792,40.0298881530762,1.97977140816102,11.4900004118681,-67.4778504218985,-12.3560224394462,250,0.027909915660349,-12.4707636158297,-0.0243952902726351,299.9921875,299.9924316,-16547.072265625,-16446.912109375,57.1440794124484,20.8506065442004,7.396941,0,0,0,40,4449,299.87595,-16496.9921875,,,,,,,,,,,,,0,,,,10.6353035,,,,,,299.99230955,,,,
,19449451.76,299.9925537,-16401.9306640625,-12.462700767125,0.00133470570024606,1,0.999253354069792,40.0298881530762,1.97982758547701,11.4900004118681,-67.4226503917885,-12.3481037785162,250,0.0274957218323086,-12.4602879958039,-0.0247662442241028,299.9924316,299.9926758,-16446.912109375,-16356.94921875,57.4027984523138,20.8583435834547,8.512546,0,0,0,40,4449,299.876,-16401.9306640625,,,,,,,,,,,,,0,,,,10.6353035,,,,,,299.9925537,,,,
,19449452.86,299.99224855,-16292.115234375,-12.449109397021,0.00195733763816308,1,0.999253354069792,40.0298881530762,1.97981144392212,11.4900004118681,-67.3487741479523,-12.3335274011732,250,0.0276536041227086,-12.4467001151468,-0.0245521389288574,299.9918213,299.9926758,-16356.94921875,-16227.28125,57.3895107674868,20.8541523057296,7.396941,0,0,0,40,4449,299.8768,-16292.115234375,,,,,,,,,,,,,0,,,,10.6353035,,,,,,299.99224855,,,,
,19449453.945,299.9918213,-16182.29296875,-12.4382310928087,0.00151689581018741,1,0.999253354069792,40.0298881530762,1.97977981902994,11.4900004118681,-67.2885951802103,-12.3240695037758,250,0.0273510641954384,-12.4358228402802,-0.02481010625158,299.9918213,299.9918213,-16227.28125,-16137.3046875,56.4421770021791,20.8495299886984,9.256284,0,0,0,40,4449,299.8758,-16182.29296875,,,,,,,,,,,,,0,,,,10.6353035,,,,,,299.9918213,,,,
,19449454.93,299.99154665,-16082.3095703125,-12.4224975177669,0.00209408884304748,1,0.999253354069792,40.0298881530762,1.97977981902994,11.4900004118681,-67.2032127333007,-12.3099198788255,250,0.0270510739498436,-12.4200912481632,-0.0250448660633218,299.991272,299.9918213,-16137.3046875,-16027.314453125,56.9502355396791,20.8495299886984,9.256284,0,0,0,40,4449,299.87585,-16082.3095703125,,,,,,,,,,,,,0,,,,10.58244515,,,,,,299.99154665,,,,
,19449456.095,299.9913025,-15967.4174804687,-12.3981961453545,0.00146874871461463,1,0.999253354069792,40.0298881530762,1.97971435630023,11.4900004118681,-67.0699996086196,-12.2832032040139,250,0.0274127416768147,-12.3957963892978,-0.0245818313895003,299.991272,299.991333,-16027.314453125,-15907.5205078125,57.383257739333,20.8503327714884,8.512546,0,0,0,40,4449,299.87815,-15967.4174804687,,,,,,,,,,,,,0,,,,10.6897588,,,,,,299.9913025,,,,
,19449457.32,299.99150085,-15847.5981445313,-12.3855681558892,0.00198260609747908,1,0.999253354069792,40.0298881530762,1.97989403532172,11.4900004118681,-67.0094898211058,-12.2616787913169,250,0.0292531365899221,-12.3831785173196,-0.0226896016461755,299.991333,299.9916687,-15907.5205078125,-15787.67578125,56.8157954343714,20.8519663704366,9.256284,0,0,0,40,4449,299.87925,-15847.5981445313,,,,,,,,,,,,,0,,,,10.6897588,,,,,,299.99150085,,,,
,19449458.375,299.99198915,-15742.8403320313,-12.3768809030952,0.000911842462471,1,0.999253354069792,40.0298881530762,1.97983249346322,11.4900004118681,-66.9591319885187,-12.2598544787842,250,0.0279118411025151,-12.3744870845651,-0.0239951958022321,299.9916687,299.9923096,-15787.67578125,-15698.0048828125,57.5802281261792,20.8533867927219,8.512546,0,0,0,40,4449,299.8785,-15742.8403320313,,,,,,,,,,,,,0,,,,10.58244515,,,,,,299.99198915,,,,
,19449459.355,299.9918518,-15643.109375,-12.3627431240222,0.00182649310419906,1,0.999253354069792,40.0298881530762,1.97986199279891,11.4900004118681,-66.8822176820461,-12.2535821290181,250,0.0264838980197792,-12.3603461757856,-0.0253643265677898,299.991394,299.9923096,-15698.0048828125,-15588.2138671875,56.6876083572175,20.8545327248507,7.396941,0,0,0,40,4449,299.8787,-15643.109375,,,,,,,,,,,,,0,,,,10.4783001,,,,,,299.9918518,,,,
,19449460.41,299.9908905,-15538.2270507813,-12.3489933251688,0.00139748337296941,1,0.999253354069792,40.0298881530762,1.97978151486097,11.4900004118681,-66.8069790076589,-12.2297930029321,250,0.0282442255275984,-12.3466069397424,-0.0235471833882146,299.990387,299.991394,-15588.2138671875,-15488.240234375,57.058100275333,20.8534097933931,7.396941,0,0,0,40,4449,299.88045,-15538.2270507813,,,,,,,,,,,,,0,,,,10.5316887,,,,,,299.9908905,,,,
,19449461.46,299.9910431,-15433.3193359375,-12.3361536685724,0.00166451793647029,1,0.999253354069792,40.0298881530762,1.97981532167278,11.4900004118681,-66.7378696633232,-12.2213724385995,250,0.0274589774022331,-12.3337664511337,-0.0242792089925315,299.990387,299.9916992,-15488.240234375,-15378.3984375,56.983845566006,20.8546503989869,7.396941,0,0,0,40,4449,299.88075,-15433.3193359375,,,,,,,,,,,,,0,,,,10.5316887,,,,,,299.9910431,,,,
,19449462.585,299.9915924,-15318.4677734375,-12.3224985676993,0.00152954966479675,1,0.999253354069792,40.0298881530762,1.97978067635504,11.4900004118681,-66.6624895220814,-12.2096156252992,250,0.0270634537219743,-12.3201121160981,-0.024618398744002,299.9914856,299.9916992,-15378.3984375,-15258.537109375,56.5820885071214,20.850273650277,8.884414,0,0,0,40,4449,299.8803,-15318.4677734375,,,,,,,,,,,,,0,,,,10.58561375,,,,,,299.9915924,,,,
,19449463.635,299.99160765,-15213.6108398438,-12.3108169823158,0.00170035434501362,1,0.999253354069792,40.0298881530762,1.97973110099082,11.4900004118681,-66.5987670993659,-12.1918117852944,250,0.0281352142012082,-12.3084373359819,-0.0234984189715013,299.9914856,299.9917297,-15258.537109375,-15168.6845703125,56.8806706014676,20.8514403401474,8.512546,0,0,0,40,4449,299.8817,-15213.6108398438,,,,,,,,,,,,,0,,,,10.79600575,,,,,,299.99160765,,,,
,19449464.655,299.9911804,-15113.7270507813,-12.2958390418769,0.00157383951924463,1,0.999253354069792,40.0298881530762,1.97977264800213,11.4900004118681,-66.5174511754152,-12.1861319184647,250,0.0264549435685498,-12.2934555329046,-0.0251160465428722,299.9906311,299.9917297,-15168.6845703125,-15058.76953125,57.738898715583,20.8513016959963,7.768809,0,0,0,40,4449,299.8831,-15113.7270507813,,,,,,,,,,,,,0,,,,10.7420807,,,,,,299.9911804,,,,
,19449465.805,299.9906311,-14998.857421875,-12.2841380669928,0.00199708711348358,1,0.999253354069792,40.0298881530762,1.97983073403201,11.4900004118681,-66.4580212875568,-12.1642766473764,250,0.0283922547942337,-12.2817652109212,-0.0231310515083563,299.9906311,299.9906311,-15058.76953125,-14938.9453125,56.4156016325252,20.8570905642881,9.256284,0,0,0,40,4449,299.8827,-14998.857421875,,,,,,,,,,,,,0,,,,10.79600575,,,,,,299.9906311,,,,
,19449466.86,299.9913025,-14889.1508789062,-12.2732859708539,0.00130311569848369,1,0.999253354069792,40.0298881530762,1.97987041065945,11.4900004118681,-66.4018245598828,-12.1471990127199,250,0.0295826853391376,-12.2709199225937,-0.021896219408157,299.9906311,299.9919739,-14938.9453125,-14839.3564453125,56.9447641400445,20.8505784900676,8.512546,0,0,0,40,4449,299.8827,-14889.1508789062,,,,,,,,,,,,,0,,,,10.79600575,,,,,,299.9913025,,,,
,19449467.865,299.9915161,-14789.4487304687,-12.2598820858948,0.0015633866029618,1,0.999253354069792,40.0298881530762,1.97988245974583,11.5000000223517,-66.3279390658587,-12.1434945512884,250,0.0277962877345015,-12.2575110996598,-0.0236267671120152,299.9910583,299.9919739,-14839.3564453125,-14739.541015625,57.4536043060638,20.8524243645159,8.884414,0,0,0,40,4449,299.883,-14789.4487304687,,,,,,,,,,,,,0,,,,10.5316887,,,,,,299.9915161,,,,
,19449469.03,299.99064635,-14674.5576171875,-12.2459935008079,0.00191529495351958,1,0.999253354069792,40.0298881530762,1.97978578084943,11.4900004118681,-66.2485189848588,-12.1352370479973,250,0.0266418872353412,-12.2436208073253,-0.0247234905828216,299.9902344,299.9910583,-14739.541015625,-14609.57421875,57.5036285312945,20.8523770573835,9.256284,0,0,0,40,4449,299.8835,-14674.5576171875,,,,,,,,,,,,,0,,,,10.4783001,,,,,,299.99064635,,,,
,19449470.125,299.99069215,-14564.6430664062,-12.2302997509451,0.00156154545110714,1,0.999253354069792,40.0298881530762,1.97991568646953,11.5000000223517,-66.1696411977342,-12.1108163963854,250,0.0283917888428989,-12.2279374961398,-0.0229087960010566,299.9902344,299.9911499,-14609.57421875,-14519.7119140625,57.1221938139099,20.850655334433,9.256284,0,0,0,40,4449,299.88445,-14564.6430664062,,,,,,,,,,,,,0,,,,10.74261715,,,,,,299.99069215,,,,
,19449471.14,299.9914551,-14464.7993164062,-12.2191194138064,0.00187750420549374,1,0.999253354069792,40.0298881530762,1.97983457476911,11.4900004118681,-66.1058698080126,-12.1027048624401,250,0.0277297516523073,-12.2167562423342,-0.02352448911958,299.9911499,299.9917603,-14519.7119140625,-14409.88671875,57.2800827747945,20.8517616566588,8.512546,0,0,0,40,4449,299.88495,-14464.7993164062,,,,,,,,,,,,,0,,,,10.79600575,,,,,,299.9914551,,,,
,19449472.225,299.9916687,-14354.9594726563,-12.1960498240836,0.00199776063461579,1,0.999253354069792,40.0298881530762,1.97989462240894,11.4900004118681,-65.9830531387515,-12.0799989968562,250,0.0277175022699813,-12.1936911231631,-0.0234406459680246,299.9915771,299.9917603,-14409.88671875,-14300.0322265625,56.9471090256022,20.8551217527406,9.256284,0,0,0,40,4449,299.8859,-14354.9594726563,,,,,,,,,,,,,0,,,,10.5316887,,,,,,299.9916687,,,,
,19449473.32,299.99046325,-14245.1000976563,-12.1787984370095,0.00186026351144936,1,0.999253354069792,40.0298881530762,1.9798242853156,11.4900004118681,-65.8885666970925,-12.0564127891942,250,0.0288037540185301,-12.1764482509762,-0.0222831366172093,299.9893494,299.9915771,-14300.0322265625,-14190.16796875,56.9627415959868,20.8580735510899,9.256284,0,0,0,40,4449,299.8858,-14245.1000976563,,,,,,,,,,,,,0,,,,10.3212967,,,,,,299.99046325,,,,
,19449474.39,299.98950195,-14140.2504882812,-12.1683469996964,0.00190943373863644,1,0.999253354069792,40.0298881530762,1.97990798567102,11.4900004118681,-65.8328300440514,-12.0568633041422,250,0.0268753096981124,-12.1659911967177,-0.0241682000912719,299.9893494,299.9896545,-14190.16796875,-14090.3330078125,57.4520410490253,20.8560302316619,9.256284,0,0,0,40,4449,299.88565,-14140.2504882812,,,,,,,,,,,,,0,,,,10.42544175,,,,,,299.98950195,,,,
,19449475.46,299.98994445,-14035.4897460938,-12.1553953628793,0.00150583911974208,1,0.999253354069792,40.0298881530762,1.97977438599739,11.4900004118681,-65.7585950872472,-12.0423461521364,250,0.0270120458090712,-12.1530425121679,-0.0239776990413699,299.9896545,299.9902344,-14090.3330078125,-13980.646484375,57.2089545795445,20.856318191986,7.396941,0,0,0,40,4449,299.88705,-14035.4897460938,,,,,,,,,,,,,0,,,,10.58244515,,,,,,299.98994445,,,,
,19449476.445,299.9901886,-13935.7138671875,-12.1413114718126,0.0018312750126981,1,0.999253354069792,40.0298881530762,1.97980776024577,11.4900004118681,-65.6833420554602,-12.0293500691123,250,0.0268408473135489,-12.1389606045906,-0.0240902802794945,299.9901428,299.9902344,-13980.646484375,-13890.78125,57.0737328457176,20.8512266040973,8.512546,0,0,0,40,4449,299.88845,-13935.7138671875,,,,,,,,,,,,,0,,,,10.58244515,,,,,,299.9901886,,,,
,19449477.47,299.98989865,-13830.8764648438,-12.129390826738,0.00155973848703915,1,0.999253354069792,40.0298881530762,1.97989498498251,11.4900004118681,-65.6229100487329,-12.0113834366163,250,0.0280487976357536,-12.1270475291453,-0.0228330532636402,299.9896545,299.9901428,-13890.78125,-13770.9716796875,56.8908317722176,20.8518931459764,8.512546,0,0,0,40,4449,299.8901,-13830.8764648438,,,,,,,,,,,,,0,,,,10.63583375,,,,,,299.98989865,,,,
,19449478.655,299.9899139,-13715.9946289062,-12.1155476962462,0.0017030046118418,1,0.999253354069792,40.0298881530762,1.97990837913073,11.4900004118681,-65.5486871082381,-11.9964615496695,250,0.0282566933736205,-12.1132079867708,-0.0225680397083873,299.9896545,299.9901733,-13770.9716796875,-13661.017578125,57.495030617583,20.8496542695202,8.512546,0,0,0,40,4449,299.89,-13715.9946289062,,,,,,,,,,,,,0,,,,10.5316887,,,,,,299.9899139,,,,
,19449479.73,299.9897308,-13611.0893554687,-12.1041302173802,0.00145630337613685,1,0.999253354069792,40.0298881530762,1.97980429700991,11.4900004118681,-65.4837202664159,-11.9836623623064,250,0.0283937862092542,-12.1017933764121,-0.0223841898272738,299.9892883,299.9901733,-13661.017578125,-13561.1611328125,56.4202914036406,20.8508568456782,9.256284,0,0,0,40,4449,299.8885,-13611.0893554687,,,,,,,,,,,,,0,,,,10.4783001,,,,,,299.9897308,,,,
,19449480.74,299.98913575,-13506.2436523437,-12.0887229155442,0.00108963016024134,1,0.999253354069792,40.0298881530762,1.97988261445688,11.4900004118681,-65.4024059691378,-11.9714855305394,250,0.0278746517640958,-12.0863872330608,-0.0228391744744231,299.9889832,299.9892883,-13561.1611328125,-13451.326171875,56.3343122665252,20.851806164347,8.512546,0,0,0,40,4449,299.8896,-13506.2436523437,,,,,,,,,,,,,0,,,,10.58244515,,,,,,299.98913575,,,,
,19449481.86,299.9889069,-13391.4443359375,-12.0772273804427,0.00151162463535943,1,0.999253354069792,40.0298881530762,1.97990719879532,11.5000000223517,-65.339741315724,-11.9670592473862,250,0.026588651043334,-12.0748887104831,-0.0240769818141934,299.9888306,299.9889832,-13451.326171875,-13331.5625,57.0995265868522,20.84743210431,8.512546,0,0,0,40,4449,299.89255,-13391.4443359375,,,,,,,,,,,,,0,,,,10.58244515,,,,,,299.9889069,,,,
,19449482.915,299.98921205,-13286.1630859375,-12.0639299503848,0.00180763565497305,1,0.999253354069792,40.0298881530762,1.97990719879532,11.4900004118681,-65.2687987778147,-11.9484920675944,250,0.0275566018165937,-12.0615978664353,-0.0230538312425237,299.9888306,299.9895935,-13331.5625,-13240.763671875,56.9447641400445,20.84743210431,8.512546,0,0,0,40,4449,299.89465,-13286.1630859375,,,,,,,,,,,,,0,,,,10.6353035,,,,,,299.98921205,,,,
,19449483.89,299.98950195,-13190.7041015625,-12.0495955698001,0.00148475557875437,1,0.999253354069792,40.0298881530762,1.97987775949297,11.4900004118681,-65.1906399658418,-11.9322873618709,250,0.0278635821471019,-12.0472675013734,-0.0226873298886507,299.9894104,299.9895935,-13240.763671875,-13140.64453125,57.4348452216022,20.8498865390304,8.512546,0,0,0,40,4449,299.89555,-13190.7041015625,,,,,,,,,,,,,0,,,,10.4783001,,,,,,299.98950195,,,,
,19449484.975,299.98880005,-13085.6923828125,-12.0337613633243,0.00185097689326678,1,0.999253354069792,40.0298881530762,1.97975022907376,11.5000000223517,-65.1015083958012,-11.9124953236,250,0.0284497890413449,-12.0314392008521,-0.0220356370667778,299.9881897,299.9894104,-13140.64453125,-13030.740234375,57.169873153583,20.8569832812095,9.256284,0,0,0,40,4449,299.89545,-13085.6923828125,,,,,,,,,,,,,0,,,,10.42544175,,,,,,299.98880005,,,,
,19449486.03,299.989151,-12975.7797851562,-12.0206827402015,0.00205410264239089,1,0.999253354069792,40.0298881530762,1.97986929329325,11.5000000223517,-65.0302675816045,-11.923436144798,250,0.0241318725540879,-12.0183448497135,-0.0262990028558393,299.9881897,299.9901123,-13030.740234375,-12920.8193359375,56.8290831191983,20.8498248064936,8.884414,0,0,0,40,4449,299.89365,-12975.7797851562,,,,,,,,,,,,,0,,,,10.42544175,,,,,,299.989151,,,,
,19449487.095,299.9901581,-12865.8413085938,-12.0081076539816,0.00165093393229171,1,0.999253354069792,40.0298881530762,1.97984769147123,11.4900004118681,-64.9669727770801,-11.8815574664475,250,0.0295216886795173,-12.0057943829551,-0.0208585450507823,299.9901123,299.9902039,-12920.8193359375,-12810.86328125,57.4723633905253,20.8535238144849,8.512546,0,0,0,40,4449,299.8927,-12865.8413085938,,,,,,,,,,,,,0,,,,10.4783001,,,,,,299.9901581,,,,
,19449488.19,299.9898224,-12760.9467773437,-11.9842294354773,0.00195646432619363,1,0.999253354069792,40.0298881530762,1.97981253340074,11.4900004118681,-64.8334935995633,-11.8748168970884,250,0.0263031909730759,-11.9819075853718,-0.0239769779449564,299.9894409,299.9902039,-12810.86328125,-12711.0302734375,57.5380201861407,20.8518606465867,7.396941,0,0,0,40,4449,299.89285,-12760.9467773437,,,,,,,,,,,,,0,,,,10.74261715,,,,,,299.9898224,,,,
,19449489.275,299.98945615,-12656.1025390625,-11.969086536043,0.00168307416596266,1,0.999253354069792,40.0298881530762,1.97988892681071,11.4900004118681,-64.7546783086139,-11.8566525435704,250,0.0269373858327059,-11.9667705246574,-0.0232799830138319,299.9894409,299.9894714,-12711.0302734375,-12601.1748046875,56.7079306987175,20.8519949942518,8.512546,0,0,0,40,4449,299.8938,-12656.1025390625,,,,,,,,,,,,,0,,,,10.8499308,,,,,,299.98945615,,,,
,19449490.4,299.9894714,-12541.2548828125,-11.9549168783541,0.00196554776936654,1,0.999253354069792,40.0298881530762,1.97990665404523,11.5000000223517,-64.6792366726666,-11.8391918721293,250,0.0275586264669856,-11.9526062607423,-0.0226002820544612,299.9894714,299.9894714,-12601.1748046875,-12481.3349609375,56.9877537086022,20.855880635276,8.884414,0,0,0,40,4449,299.8938,-12541.2548828125,,,,,,,,,,,,,0,,,,10.6897588,,,,,,299.9894714,,,,
,19449491.51,299.9900665,-12426.4541015625,-11.9432040283708,0.00147419650927268,1,0.999253354069792,40.0298881530762,1.97991205711033,11.4900004118681,-64.6168221528013,-11.8233895131907,250,0.0283157860100734,-11.9408985847952,-0.0217953778622403,299.9894714,299.9906616,-12481.3349609375,-12371.5732421875,56.5258112537367,20.8490710879478,8.512546,0,0,0,40,4449,299.89185,-12426.4541015625,,,,,,,,,,,,,0,,,,10.42544175,,,,,,299.9900665,,,,
,19449492.535,299.98963925,-12326.6557617188,-11.9297377065979,0.00173872386138496,1,0.999253354069792,40.0298881530762,1.97995357049033,11.4900004118681,-64.5432955059183,-11.821031782099,250,0.0263000041888349,-11.9274266749638,-0.023754808661797,299.9886169,299.9906616,-12371.5732421875,-12281.73828125,56.4890747133329,20.8495696425476,8.512546,0,0,0,40,4449,299.8928,-12326.6557617188,,,,,,,,,,,,,0,,,,10.42544175,,,,,,299.98963925,,,,
,19449493.62,299.98908995,-12221.8481445313,-11.9164284944652,0.00183029497072129,1,0.999253354069792,40.0298881530762,1.97998248495765,11.5000000223517,-64.4732448874173,-11.8024217518436,250,0.0273048861902385,-11.9141245729843,-0.022694803704138,299.9886169,299.989563,-12281.73828125,-12161.9580078125,57.1018714724099,20.8552938036486,7.396941,0,0,0,40,4449,299.89415,-12221.8481445313,,,,,,,,,,,,,0,,,,10.42544175,,,,,,299.98908995,,,,
,19449494.695,299.98983765,-12111.9775390625,-11.9020296693868,0.00153608394250001,1,0.999253354069792,40.0298881530762,1.97992337932405,11.5000000223517,-64.3940908221236,-11.7844345510245,250,0.0278981381814361,-11.8997307570105,-0.0220420440237781,299.989563,299.9901123,-12161.9580078125,-12061.9970703125,57.1175040427945,20.8502512322828,8.512546,0,0,0,40,4449,299.8943,-12111.9775390625,,,,,,,,,,,,,0,,,,10.3212967,,,,,,299.98983765,,,,
,19449495.665,299.98997495,-12012.0385742187,-11.8900380207599,0.00159825180478324,1,0.999253354069792,40.0298881530762,1.98003214959125,11.4900004118681,-64.3319340967777,-11.7770972751773,250,0.0271486607518036,-11.8877382709715,-0.0227417647273205,299.9898376,299.9901123,-12061.9970703125,-11962.080078125,56.7634263235829,20.8519925628741,8.884414,0,0,0,40,4449,299.89445,-12012.0385742187,,,,,,,,,,,,,0,,,,10.58561375,,,,,,299.98997495,,,,
,19449496.785,299.99000545,-11902.0971679688,-11.8750451356358,0.00191948436453666,1,0.999253354069792,40.0298881530762,1.97991766746422,11.5000000223517,-64.2477409690804,-11.7586113582404,250,0.0276651842008565,-11.8727504693231,-0.0221636430735143,299.9898376,299.9901733,-11962.080078125,-11842.1142578125,56.8361177758714,20.8497493922109,8.512546,0,0,0,40,4449,299.89245,-11902.0971679688,,,,,,,,,,,,,0,,,,10.58561375,,,,,,299.99000545,,,,
,19449498,299.98950195,-11782.1333007813,-11.8596443360507,0.00181286915085643,1,0.999253354069792,40.0298881530762,1.97997752220483,11.4900004118681,-64.1653832779647,-11.7487080310675,250,0.0267058720726424,-11.8573488857972,-0.0230592580608169,299.9888306,299.9901733,-11842.1142578125,-11722.15234375,57.7646924567176,20.8514669653322,8.884414,0,0,0,40,4449,299.89125,-11782.1333007813,,,,,,,,,,,,,0,,,,10.58561375,,,,,,299.98950195,,,,
,19449499.015,299.9888306,-11677.2509765625,-11.8471416200253,0.00178682616805751,1,0.999253354069792,40.0298881530762,1.9799676633381,11.4900004118681,-64.0984480773504,-11.7307682242759,250,0.0276945822399004,-11.8448531140072,-0.0220186639822692,299.9888306,299.9888306,-11722.15234375,-11632.349609375,56.4992358840829,20.854071047753,9.256284,0,0,0,40,4449,299.89325,-11677.2509765625,,,,,,,,,,,,,0,,,,10.8499308,,,,,,299.9888306,,,,
,19449500.065,299.9884949,-11572.4125976563,-11.8198045463245,0.0016946624639567,1,0.999253354069792,40.0298881530762,1.97984774726344,11.4900004118681,-63.9455921639647,-11.7093313799073,250,0.0264621702184555,-11.8175164949985,-0.0231368588225154,299.9881592,299.9888306,-11632.349609375,-11512.4755859375,56.7696793517368,20.8445619010855,9.256284,0,0,0,40,4449,299.8934,-11572.4125976563,,,,,,,,,,,,,0,,,,10.74261715,,,,,,299.9884949,,,,
,19449501.265,299.9887085,-11452.5209960938,-11.8078457081213,0.00203946091090006,1,0.999253354069792,40.0298881530762,1.97984294307154,11.4900004118681,-63.880754114213,-11.6973926898502,250,0.0264480189319313,-11.8055598530399,-0.0231016592585966,299.9881592,299.9892578,-11512.4755859375,-11392.56640625,57.1909771236022,20.8486367539891,8.512546,0,0,0,40,4449,299.8936,-11452.5209960938,,,,,,,,,,,,,0,,,,10.6353035,,,,,,299.9887085,,,,
,19449502.325,299.9899597,-11342.61328125,-11.7920158796975,0.00163461168436766,1,0.999253354069792,40.0298881530762,1.97994599430806,11.4900004118681,-63.7998577952271,-11.6741721041399,250,0.0279165241531263,-11.7897388174674,-0.0215674339571158,299.9892578,299.9906616,-11392.56640625,-11292.66015625,56.6985511564868,20.8499244597795,8.512546,0,0,0,40,4449,299.8956,-11342.61328125,,,,,,,,,,,,,0,,,,10.6353035,,,,,,299.9899597,,,,
,19449503.35,299.990036,-11242.6596679688,-11.7802758904686,0.00162163709476692,1,0.999253354069792,40.0298881530762,1.9798521470635,11.4900004118681,-63.7318862115833,-11.6701315062438,250,0.0263877915945936,-11.7779946839794,-0.0230474423390418,299.9894104,299.9906616,-11292.66015625,-11192.6591796875,56.9643048530253,20.8472229733623,9.256284,0,0,0,40,4449,299.89495,-11242.6596679688,,,,,,,,,,,,,0,,,,10.58244515,,,,,,299.990036,,,,
,19449504.365,299.98928835,-11142.6596679688,-11.7642572081492,0.00188733339768284,1,0.999253354069792,40.0298881530762,1.97992048733776,11.4900004118681,-63.6485224551816,-11.6484317497806,250,0.0275036621800959,-11.7619841694379,-0.021865545844846,299.9891663,299.9894104,-11192.6591796875,-11092.66015625,56.9713395096983,20.8506227225818,8.512546,0,0,0,40,4449,299.8937,-11142.6596679688,,,,,,,,,,,,,0,,,,10.58244515,,,,,,299.98928835,,,,
,19449505.38,299.9890442,-11042.6450195312,-11.7509998577303,0.00154010516266806,1,0.999253354069792,40.0298881530762,1.97997860857183,11.5000000223517,-63.5791948696262,-11.6325173906622,250,0.0280508376334128,-11.7487318048649,-0.0212639869257383,299.9889221,299.9891663,-11092.66015625,-10992.6298828125,57.017455592333,20.8521600484627,8.512546,0,0,0,40,4449,299.89155,-11042.6450195312,,,,,,,,,,,,,0,,,,10.6353035,,,,,,299.9890442,,,,
,19449506.475,299.98950195,-10932.703125,-11.7348902300698,0.00171572779959446,1,0.999253354069792,40.0298881530762,1.97996802322052,11.4900004118681,-63.4908846688301,-11.6209095556284,250,0.0271995935826474,-11.732621598006,-0.0220483015567163,299.9889221,299.9900818,-10992.6298828125,-10872.7763671875,57.190195495083,20.8462284395963,7.396941,0,0,0,40,4449,299.89125,-10932.703125,,,,,,,,,,,,,0,,,,10.6353035,,,,,,299.98950195,,,,
,19449507.455,299.9900818,-10832.7998046875,-11.7232760544939,0.00135956372460233,1,0.999253354069792,40.0298881530762,1.97998206875659,11.5000000223517,-63.4286472351412,-11.6086094717956,250,0.0273354378087178,-11.7210100741915,-0.0218640222892522,299.9900818,299.9900818,-10872.7763671875,-10792.8232421875,57.3519925985638,20.8512599691539,8.884414,0,0,0,40,4449,299.8935,-10832.7998046875,,,,,,,,,,,,,0,,,,10.6353035,,,,,,299.9900818,,,,
,19449508.395,299.9895935,-10742.8969726562,-11.709744549336,0.00158188052410722,1,0.999253354069792,40.0298881530762,1.9799410614322,11.4900004118681,-63.3545124601839,-11.5930552112696,250,0.0276595681752044,-11.7074828439348,-0.021483639411305,299.9891052,299.9900818,-10792.8232421875,-10692.970703125,56.8884868866599,20.846874371558,8.512546,0,0,0,40,4449,299.8944,-10742.8969726562,,,,,,,,,,,,,0,,,,10.6353035,,,,,,299.9895935,,,,
,19449510.455,299.9889526,-10538.1533203125,-11.6971971679717,0.0014443587687532,1,0.999253354069792,40.0298881530762,1.97998589262997,11.4900004118681,-63.2875514247373,-11.5834400908179,250,0.0271595663646481,-11.6949360569431,-0.0219322759003069,299.9889526,299.9889526,-10543.1416015625,-10533.1650390625,57.2824276603522,20.8494570490494,7.396941,0,0,0,40,4449,299.8947,-10538.1533203125,,,,,,,,,,,,,0,,,,10.58244515,,,,,,299.9889526,,,,
,19449511.04,299.9887085,-10478.1166992187,-11.6826175085342,0.00212722589669421,1,0.999253354069792,40.0298881530762,1.98003569673232,11.4900004118681,-63.2101429178741,-11.5696984673089,250,0.0270501421371066,-11.6803589398535,-0.0219811698409111,299.9884644,299.9889526,-10533.1650390625,-10423.068359375,56.8908317722176,20.8538803348215,8.512546,0,0,0,40,4449,299.8934,-10478.1166992187,,,,,,,,,,,,,0,,,,10.6353035,,,,,,299.9887085,,,,
,19449512.055,299.98931885,-10373.1235351562,-11.6698211223505,0.00163908127904973,1,0.999253354069792,40.0298881530762,1.98001360848525,11.4900004118681,-63.1408036944774,-11.5537408471808,250,0.0276050167218481,-11.6675671782222,-0.0213731258132744,299.9884644,299.9901733,-10423.068359375,-10323.1787109375,57.4879959609099,20.8528226110834,7.768809,0,0,0,40,4449,299.89505,-10373.1235351562,,,,,,,,,,,,,0,,,,10.4783001,,,,,,299.98931885,,,,
,19449513.205,299.99009705,-10258.1982421875,-11.6418721058516,0.00203756212307183,1,0.999253354069792,40.0298881530762,1.9800123169459,11.5000000223517,-62.9891694872957,-11.5280619454181,250,0.0271699008721294,-11.6396216039769,-0.0216916384984798,299.9900208,299.9901733,-10323.1787109375,-10193.2177734375,57.0878021590637,20.8475878231684,8.512546,0,0,0,40,4449,299.8952,-10258.1982421875,,,,,,,,,,,,,0,,,,10.3212967,,,,,,299.99009705,,,,
,19449514.385,299.989563,-10143.2465820312,-11.6267822532227,0.00188362795721731,1,0.999253354069792,40.0298881530762,1.97995290066408,11.4900004118681,-62.9058483292773,-11.5118976970104,250,0.0272994290992073,-11.6245354853296,-0.0214999006149076,299.9891052,299.9900208,-10193.2177734375,-10093.275390625,57.5098815594484,20.8500809006672,8.884414,0,0,0,40,4449,299.8937,-10143.2465820312,,,,,,,,,,,,,0,,,,10.4783001,,,,,,299.989563,,,,
,19449515.445,299.9892578,-10038.2485351562,-11.6129040998558,0.00148881898784503,1,0.999253354069792,40.0298881530762,1.97995675742345,11.5000000223517,-62.8311175705457,-11.49690464138,250,0.0275031068867841,-11.6106610695971,-0.0212387222731422,299.9891052,299.9894104,-10093.275390625,-9983.2216796875,57.2628869473714,20.8483385153309,8.884414,0,0,0,40,4449,299.89385,-10038.2485351562,,,,,,,,,,,,,0,,,,10.4783001,,,,,,299.9892578,,,,
,19449516.57,299.98916625,-9922.84765625,-11.5972661208801,0.00203316764180452,1,0.999253354069792,40.0298881530762,1.97986797091454,11.4900004118681,-62.7428925567434,-11.4856219753418,250,0.0265974881585087,-11.5950224320229,-0.0220792980670393,299.9889221,299.9894104,-9983.2216796875,-9862.4736328125,57.2292769210445,20.8442375482164,8.512546,0,0,0,40,4449,299.894,-9922.84765625,,,,,,,,,,,,,0,,,,10.4783001,,,,,,299.98916625,,,,
,19449517.68,299.9893341,-9812.47900390625,-11.585725008791,0.00163624590881185,1,0.999253354069792,40.0298881530762,1.97994289155564,11.4900004118681,-62.6836139424818,-11.4700436150125,250,0.0274171838836034,-11.5834869555652,-0.0212121418117705,299.9889221,299.9897461,-9862.4736328125,-9762.484375,57.3816944822945,20.8497371714629,7.396941,0,0,0,40,4449,299.89375,-9812.47900390625,,,,,,,,,,,,,0,,,,10.6353035,,,,,,299.9893341,,,,
,19449518.725,299.9891205,-9707.44970703125,-11.5700469952514,0.00169922291487069,1,0.999253354069792,40.0298881530762,1.97995594254537,11.4900004118681,-62.5995047079933,-11.4529096045662,250,0.027692429090826,-11.5678133205351,-0.0208717031343976,299.9884949,299.9897461,-9762.484375,-9652.4150390625,56.7712426087752,20.8492943314861,9.256284,0,0,0,40,4449,299.89465,-9707.44970703125,,,,,,,,,,,,,0,,,,10.42700245,,,,,,299.9891205,,,,
,19449519.79,299.9884186,-9597.45751953125,-11.5557133578303,0.00117174604797113,1,0.999253354069792,40.0298881530762,1.98000469602884,11.5000000223517,-62.52213562487,-11.4461152157122,250,0.0263424826803183,-11.5534771589342,-0.0221619431751067,299.9883423,299.9884949,-9652.4150390625,-9542.5,57.1128142716791,20.8501394235933,7.396941,0,0,0,40,4449,299.8948,-9597.45751953125,,,,,,,,,,,,,0,,,,10.26999905,,,,,,299.9884186,,,,
,19449520.815,299.98724365,-9497.51220703125,-11.5412176804095,0.00151839391688073,1,0.999253354069792,40.0298881530762,1.97997244643692,11.4900004118681,-62.4437871246804,-11.4258057971382,250,0.0273770136973914,-11.5389892051519,-0.0210674383483696,299.986145,299.9883423,-9542.5,-9452.5244140625,57.2034831799099,20.8453916151157,8.884414,0,0,0,40,4449,299.89495,-9497.51220703125,,,,,,,,,,,,,0,,,,10.4783001,,,,,,299.98724365,,,,
,19449521.82,299.98709105,-9397.56640625,-11.5283596526787,0.00180249689291563,1,0.999253354069792,40.0298881530762,1.97991555184556,11.4900004118681,-62.3733974406756,-11.4077576009546,250,0.0282716199125438,-11.5261375360786,-0.020119804438503,299.986145,299.9880371,-9452.5244140625,-9342.6083984375,56.577398736006,20.8438111091416,8.512546,0,0,0,40,4449,299.89455,-9397.56640625,,,,,,,,,,,,,0,,,,10.6353035,,,,,,299.98709105,,,,
,19449522.86,299.9880371,-9292.61376953125,-11.5133497638232,0.00169440468833702,1,0.999253354069792,40.0298881530762,1.97989118552852,11.4900004118681,-62.2910973424392,-11.3945998308902,250,0.0278968786918394,-11.5111286359905,-0.0204323633930256,299.9880371,299.9880371,-9342.6083984375,-9242.619140625,57.4684552479292,20.8499858930705,8.512546,0,0,0,40,4449,299.8936,-9292.61376953125,,,,,,,,,,,,,0,,,,10.4783001,,,,,,299.9880371,,,,
,19449523.855,299.9884491,-9197.6025390625,-11.4998698932916,0.00216269949379922,1,0.999253354069792,40.0298881530762,1.97989118552852,11.4900004118681,-62.2172176577717,-11.3863705510419,250,0.0269194374911867,-11.4976471821981,-0.0213534891729906,299.9880371,299.9888611,-9242.619140625,-9152.5859375,57.0369963053137,20.8499858930705,8.884414,0,0,0,40,4449,299.89455,-9197.6025390625,,,,,,,,,,,,,0,,,,10.58561375,,,,,,299.9884491,,,,
,19449524.94,299.9887848,-9087.77001953125,-11.4858896327054,0.00109180380130174,1,0.999253354069792,40.0298881530762,1.9799535516117,11.4900004118681,-62.1446000927813,-11.3668863023594,250,0.0279950477184296,-11.4836740851075,-0.0202199300126634,299.9887085,299.9888611,-9152.5859375,-9022.9541015625,56.9580518248714,20.8488315742877,8.512546,0,0,0,40,4449,299.89575,-9087.77001953125,,,,,,,,,,,,,0,,,,10.74261715,,,,,,299.9887848,,,,
,19449526.125,299.98832705,-8967.9736328125,-11.4547514087872,0.00153480579096822,1,0.999253354069792,40.0298881530762,1.98001108582578,11.4900004118681,-61.9775741933688,-11.338060127218,250,0.0276114598182094,-11.4525407004975,-0.0204734714342685,299.9879456,299.9887085,-9022.9541015625,-8912.9931640625,56.6258597041983,20.8454586429949,7.396941,0,0,0,40,4449,299.89615,-8967.9736328125,,,,,,,,,,,,,0,,,,10.6886921,,,,,,299.98832705,,,,
,19449527.265,299.9874573,-8857.98291015625,-11.4401065874451,0.0020178001319436,1,0.999253354069792,40.0298881530762,1.97988572511719,11.4900004118681,-61.8939845127659,-11.3257289978261,250,0.0270471948196943,-11.4378968013581,-0.02097668819754,299.986969,299.9879456,-8912.9931640625,-8802.97265625,57.5294222724292,20.8452766968321,8.512546,0,0,0,40,4449,299.8972,-8857.98291015625,,,,,,,,,,,,,0,,,,10.5316887,,,,,,299.9874573,,,,
,19449528.385,299.98731995,-8743.0087890625,-11.4283034219065,0.00216475308066974,1,0.999253354069792,40.0298881530762,1.98001816927201,11.4900004118681,-61.8339644544252,-11.3158400473842,250,0.0268242223533375,-11.4260951020869,-0.0211506292517235,299.986969,299.9876709,-8802.97265625,-8683.044921875,57.3004051162945,20.8473055508055,7.768809,0,0,0,40,4449,299.8983,-8743.0087890625,,,,,,,,,,,,,0,,,,10.4783001,,,,,,299.98731995,,,,
,19449529.55,299.9874878,-8623.05322265625,-11.4126377621758,0.00173758504412866,1,0.999253354069792,40.0298881530762,1.9801094142825,11.4900004118681,-61.7534729462644,-11.2927774061075,250,0.028278383909145,-11.4104385736338,-0.019631886892513,299.9873047,299.9876709,-8683.044921875,-8563.0615234375,57.0330881627176,20.8513402998876,8.512546,0,0,0,40,4449,299.89785,-8623.05322265625,,,,,,,,,,,,,0,,,,10.4783001,,,,,,299.9874878,,,,
,19449530.665,299.9870453,-8513.11279296875,-11.3983365606411,0.00181256198529147,1,0.999253354069792,40.0298881530762,1.97992670409135,11.4900004118681,-61.6696136921731,-11.2826027378253,250,0.0273207335316439,-11.3961363731959,-0.0205300484118259,299.9867859,299.9873047,-8563.0615234375,-8463.1640625,57.0846756449868,20.843553501826,9.256284,0,0,0,40,4449,299.8978,-8513.11279296875,,,,,,,,,,,,,0,,,,10.4783001,,,,,,299.9870453,,,,
,19449531.68,299.9872589,-8413.16796875,-11.382516695767,0.00182441659612452,1,0.999253354069792,40.0298881530762,1.98003853245246,11.4900004118681,-61.5879480061086,-11.264682770749,250,0.0278162247738698,-11.3803216491588,-0.0199689094526174,299.9867859,299.9877319,-8463.1640625,-8363.171875,57.5825730117369,20.8445490394608,8.512546,0,0,0,40,4449,299.8978,-8413.16796875,,,,,,,,,,,,,0,,,,10.6353035,,,,,,299.9872589,,,,
,19449532.72,299.9884796,-8308.26220703125,-11.368949405817,0.00145326284671541,1,0.999253354069792,40.0298881530762,1.97979407196462,11.4900004118681,-61.5064343182643,-11.2536403945617,250,0.0270922356211157,-11.3667534909866,-0.0206365718884368,299.9877319,299.9892273,-8363.171875,-8253.3525390625,57.5544343850446,20.843196833483,8.512546,0,0,0,40,4449,299.89735,-8308.26220703125,,,,,,,,,,,,,0,,,,10.58244515,,,,,,299.9884796,,,,
,19449533.67,299.98799135,-8213.37280273437,-11.3545569922284,0.00183257563003504,1,0.999253354069792,40.0298881530762,1.97992374383601,11.4900004118681,-61.4343937125241,-11.2298783396552,250,0.0289508862036713,-11.3523719508499,-0.0187184845326358,299.9867554,299.9892273,-8253.3525390625,-8173.39306640625,57.1487691835637,20.8358327426538,7.396941,0,0,0,40,4449,299.89745,-8213.37280273437,,,,,,,,,,,,,0,,,,10.42544175,,,,,,299.98799135,,,,
,19449534.655,299.98706055,-8118.38818359375,-11.3378275827041,0.00159828366411922,1,0.999253354069792,40.0298881530762,1.97975031477341,11.4900004118681,-61.3374438526001,-11.2188208233672,250,0.0277167767970439,-11.3356410942443,-0.0198826884872465,299.9867554,299.9873657,-8173.39306640625,-8063.38330078125,57.1198489283522,20.8396182442542,8.512546,0,0,0,40,4449,299.8977,-8118.38818359375,,,,,,,,,,,,,0,,,,10.3212967,,,,,,299.98706055,,,,
,19449535.705,299.98797605,-8013.44580078125,-11.327411164548,0.00187943960498294,1,0.999253354069792,40.0298881530762,1.97998976853715,11.5000000223517,-61.2887582362482,-11.2074635664066,250,0.0281306908592259,-11.3252280737642,-0.0194259054578773,299.9873657,299.9885864,-8063.38330078125,-7963.50830078125,56.472660514429,20.8433053236467,7.396941,0,0,0,40,4449,299.8972,-8013.44580078125,,,,,,,,,,,,,0,,,,10.4783001,,,,,,299.98797605,,,,
,19449536.635,299.98739625,-7918.51440429688,-11.3130745275212,0.00166585765919019,1,0.999253354069792,40.0298881530762,1.9797651788052,11.4900004118681,-61.2029225887225,-11.2000966793003,250,0.026605593517139,-11.3108881610203,-0.0208908040299112,299.9862061,299.9885864,-7963.50830078125,-7873.5205078125,56.8322096332752,20.8477679691273,7.396941,0,0,0,40,4449,299.8989,-7918.51440429688,,,,,,,,,,,,,0,,,,10.74261715,,,,,,299.98739625,,,,
,19449537.72,299.98703005,-7808.52392578125,-11.2964702833244,0.00180610261057399,1,0.999253354069792,40.0298881530762,1.98001417152113,11.4900004118681,-61.1226641536459,-11.1738574025514,250,0.0286329314084477,-11.2942959070575,-0.0187946576847917,299.9862061,299.987854,-7873.5205078125,-7743.52734375,57.74202522966,20.8391682302534,9.256284,0,0,0,40,4449,299.9001,-7808.52392578125,,,,,,,,,,,,,0,,,,10.79600575,,,,,,299.98703005,,,,
,19449538.85,299.9877472,-7693.52294921875,-11.2848340913611,0.00159995507622737,1,0.999253354069792,40.0298881530762,1.97989897548515,11.5000000223517,-61.055362364006,-11.1664265468563,250,0.027732908810837,-11.2826579128743,-0.0196465910087975,299.9876404,299.987854,-7743.52734375,-7643.5185546875,57.1323549846599,20.8395549599646,9.256284,0,0,0,40,4449,299.899,-7693.52294921875,,,,,,,,,,,,,0,,,,10.6886921,,,,,,299.9877472,,,,
,19449539.905,299.98794555,-7588.55590820312,-11.2666226534393,0.00217563596977952,1,0.999253354069792,40.0298881530762,1.97989210075642,11.4900004118681,-60.9564794063553,-11.1491489273503,250,0.0275444451760182,-11.264449240456,-0.0197592053644349,299.9876404,299.9882507,-7643.5185546875,-7533.59326171875,56.9220969129868,20.843628379164,7.768809,0,0,0,40,4449,299.89915,-7588.55590820312,,,,,,,,,,,,,0,,,,10.6353035,,,,,,299.98794555,,,,
,19449541.03,299.9883728,-7478.74755859375,-11.2410155266535,0.00178806514581462,1,0.999253354069792,40.0298881530762,1.97987537599612,11.4900004118681,-60.8170334782373,-11.1258718657764,250,0.0270843725170674,-11.2388451109067,-0.0201127061559787,299.9882507,299.9884949,-7533.59326171875,-7423.90185546875,57.0541921327368,20.8487167536076,8.512546,0,0,0,40,4449,299.8974,-7478.74755859375,,,,,,,,,,,,,0,,,,10.6353035,,,,,,299.9883728,,,,
,19449542.235,299.9885254,-7358.919921875,-11.2236040044319,0.00170980491845402,1,0.999253354069792,40.0298881530762,1.979912547711,11.4900004118681,-60.7251958099833,-11.1020875072532,250,0.0282926513627372,-11.2214420177237,-0.0188328258146666,299.9884949,299.9885559,-7423.90185546875,-7293.93798828125,57.0573186468137,20.8424968806474,7.396941,0,0,0,40,4449,299.89475,-7358.919921875,,,,,,,,,,,,,0,,,,10.6353035,,,,,,299.9885254,,,,
,19449543.325,299.98802185,-7248.974609375,-11.2100337880973,0.00201496170270425,1,0.999253354069792,40.0298881530762,1.9799214670128,11.4900004118681,-60.6513932738392,-11.0922093887043,250,0.02761259901474,-11.207871849213,-0.019456432042201,299.9874878,299.9885559,-7293.93798828125,-7204.01123046875,56.739977468006,20.8408575153591,8.884414,0,0,0,40,4449,299.8949,-7248.974609375,,,,,,,,,,,,,0,,,,10.6353035,,,,,,299.98802185,,,,
,19449544.355,299.98757935,-7144.00610351562,-11.1963501998159,0.00142569826685072,1,0.999253354069792,40.0298881530762,1.97982192212897,11.5000000223517,-60.5747021764151,-11.0764368293091,250,0.0278918322064598,-11.1941923499497,-0.0191202976389069,299.9874878,299.9876709,-7204.01123046875,-7084.0009765625,56.7579549239483,20.8439660431811,8.512546,0,0,0,40,4449,299.8958,-7144.00610351562,,,,,,,,,,,,,0,,,,10.58244515,,,,,,299.98757935,,,,
,19449545.525,299.98780825,-7029.00048828125,-11.1796230448683,0.00196775172200984,1,0.999253354069792,40.0298881530762,1.97998007815008,11.5000000223517,-60.4895542945949,-11.0573106915472,250,0.0284870815986153,-11.1774709139811,-0.0184558348459953,299.9876709,299.9879456,-7084.0009765625,-6974,57.1941036376791,20.8431020267094,7.396941,0,0,0,40,4449,299.89485,-7029.00048828125,,,,,,,,,,,,,0,,,,10.63583375,,,,,,299.98780825,,,,
,19449546.62,299.9879456,-6919.03735351562,-11.1656988401684,0.00207972620918699,1,0.999253354069792,40.0298881530762,1.97974771166361,11.4900004118681,-60.4069184068945,-11.0443233219399,250,0.0280735558175019,-11.1635476673926,-0.0188116466154322,299.9879456,299.9879456,-6974,-6864.07470703125,56.6844818431406,20.8406713248744,7.396941,0,0,0,40,4449,299.89405,-6919.03735351562,,,,,,,,,,,,,0,,,,10.6886921,,,,,,299.9879456,,,,
,19449547.79,299.98739625,-6799.09423828125,-11.1526582575755,0.00192166342235945,1,0.999253354069792,40.0298881530762,1.97994935415044,11.4900004118681,-60.3425109273794,-11.0317253802597,250,0.0281882488553791,-11.1505104009774,-0.01864266163835,299.9868469,299.9879456,-6864.07470703125,-6734.11376953125,56.8220484625252,20.8384684976099,8.512546,0,0,0,40,4449,299.8957,-6799.09423828125,,,,,,,,,,,,,0,,,,10.4783001,,,,,,299.98739625,,,,
,19449548.915,299.98687745,-6688.85864257812,-11.1366089972427,0.00186529750056894,1,0.999253354069792,40.0298881530762,1.97989393437751,11.4900004118681,-60.2558158043137,-11.0059236684597,250,0.0299278794613871,-11.1344718974845,-0.0168362260733194,299.9868469,299.986908,-6734.11376953125,-6643.603515625,57.1550222117176,20.8397341484357,8.512546,0,0,0,40,4449,299.89815,-6688.85864257812,,,,,,,,,,,,,0,,,,10.3212967,,,,,,299.98687745,,,,
,19449549.785,299.986908,-6603.56079101562,-11.1200592894392,0.00193488697516664,1,0.999253354069792,40.0298881530762,1.97989393437751,11.5000000223517,-60.1640707478412,-11.001436978624,250,0.027689013212826,-11.117916108575,-0.0190054803579773,299.986908,299.986908,-6643.603515625,-6563.51806640625,57.3215090863138,20.8397341484357,8.512546,0,0,0,40,4449,299.8992,-6603.56079101562,,,,,,,,,,,,,0,,,,10.3212967,,,,,,299.986908,,,,
,19449551.64,299.9875488,-6418.60498046875,-11.0923728498207,0.00149452923604098,1,0.999253354069792,40.0298881530762,1.97990569671783,11.4900004118681,-60.0137024058323,-10.9790670861195,250,0.0267040239688352,-11.0902308268555,-0.0198747623316508,299.9875488,299.9875488,-6423.6591796875,-6413.55078125,57.1753445532176,20.8428584369555,8.512546,0,0,0,40,4449,299.9013,-6418.60498046875,,,,,,,,,,,,,0,,,,10.4783001,,,,,,299.9875488,,,,
,19449552.245,299.9880066,-6358.56665039063,-11.0790134227796,0.00176337620668754,1,0.999253354069792,40.0298881530762,1.97998400721931,11.5000000223517,-59.9457194753713,-10.9555613034246,250,0.0286520006160718,-11.0768820496646,-0.0178716912267756,299.9875488,299.9884644,-6413.55078125,-6303.58251953125,57.4778347901599,20.8450778250279,8.512546,0,0,0,40,4449,299.9,-6358.56665039063,,,,,,,,,,,,,0,,,,10.6353035,,,,,,299.9880066,,,,
,19449553.285,299.9886322,-6253.57348632813,-11.0649907918253,0.00190933736874966,1,0.999253354069792,40.0298881530762,1.97987336473374,11.4900004118681,-59.8666603162333,-10.9406744854219,250,0.0286946190231773,-11.0628621429664,-0.0177707262870506,299.9884644,299.9888,-6303.58251953125,-6203.564453125,57.2761746321984,20.8489419536659,8.884414,0,0,0,40,4449,299.9006,-6253.57348632813,,,,,,,,,,,,,0,,,,10.6353035,,,,,,299.9886322,,,,
,19449554.37,299.9881744,-6143.5693359375,-11.0454896778703,0.00185843349429702,1,0.999253354069792,40.0298881530762,1.97979492744015,11.4900004118681,-59.7576609078573,-10.9273393436594,250,0.0274667010747274,-11.0433599871052,-0.0189168986533123,299.9875488,299.9888,-6203.564453125,-6083.57421875,56.8892685151791,20.8437854365799,8.512546,0,0,0,40,4449,299.9021,-6143.5693359375,,,,,,,,,,,,,0,,,,10.74261715,,,,,,299.9881744,,,,
,19449555.525,299.9880676,-6028.5751953125,-11.0333306043868,0.00204530297195048,1,0.999253354069792,40.0298881530762,1.97965360005506,11.5000000223517,-59.6875459385991,-10.9155008475161,250,0.0272614504929741,-11.0312024929262,-0.0190718313834053,299.9875488,299.9885864,-6083.57421875,-5973.576171875,57.6537012069869,20.844377383501,8.512546,0,0,0,40,4449,299.9016,-6028.5751953125,,,,,,,,,,,,,0,,,,10.58561375,,,,,,299.9880676,,,,
,19449556.545,299.98843385,-5928.58740234375,-11.0176937702994,0.00158287460723406,1,0.999253354069792,40.0298881530762,1.97976538270059,11.4900004118681,-59.607242199939,-10.8952061976859,250,0.0282265672014167,-11.0155726897718,-0.0180417920284632,299.9882813,299.9885864,-5973.576171875,-5883.5986328125,57.2378748347561,20.8418886547016,7.396941,0,0,0,40,4449,299.9019,-5928.58740234375,,,,,,,,,,,,,0,,,,10.3212967,,,,,,299.98843385,,,,
,19449557.53,299.9878235,-5828.69360351562,-11.0024315378143,0.00156601274276357,1,0.999253354069792,40.0298881530762,1.98010022828131,11.4900004118681,-59.5354075774946,-10.8769731122219,250,0.0291005323510351,-11.0003174306199,-0.0171044096178441,299.9873657,299.9882813,-5883.5986328125,-5773.78857421875,56.7352876968906,20.839397758784,9.256284,0,0,0,40,4449,299.90245,-5828.69360351562,,,,,,,,,,,,,0,,,,10.42544175,,,,,,299.9878235,,,,
,19449558.585,299.98783875,-5723.85717773438,-10.9867812594995,0.00167332502670467,1,0.999253354069792,40.0298881530762,1.97991732749152,11.4900004118681,-59.4432699478071,-10.8718240591961,250,0.026969889392036,-10.9846613316708,-0.019169420421163,299.9873657,299.9883118,-5773.78857421875,-5673.92578125,57.1018714724099,20.8398252777737,8.884414,0,0,0,40,4449,299.903,-5723.85717773438,,,,,,,,,,,,,0,,,,10.42544175,,,,,,299.98783875,,,,
,19449559.57,299.9886475,-5623.978515625,-10.9757481992516,0.00182908912525346,1,0.999253354069792,40.0298881530762,1.97983156331085,11.4900004118681,-59.3838438744244,-10.8454628491973,250,0.0297141313510758,-10.9736416701806,-0.0163798283686367,299.9883118,299.9889832,-5673.92578125,-5574.03125,56.4476484018137,20.842071300522,9.256284,0,0,0,40,4449,299.9039,-5623.978515625,,,,,,,,,,,,,0,,,,10.4783001,,,,,,299.9886475,,,,
,19449560.61,299.9886475,-5519.0185546875,-10.9556571818785,0.00217364881720842,1,0.999253354069792,40.0298881530762,1.97980917176741,11.4900004118681,-59.2723270461778,-10.8371453120216,250,0.0275049504968357,-10.9535454251852,-0.0185045713097822,299.9883118,299.9889832,-5574.03125,-5464.005859375,57.6443216647561,20.8436174094482,9.256284,0,0,0,40,4449,299.9052,-5519.0185546875,,,,,,,,,,,,,0,,,,10.6353035,,,,,,299.9886475,,,,
,19449561.655,299.98796085,-5413.98168945313,-10.9441318859544,0.0015180961620069,1,0.999253354069792,40.0298881530762,1.97968116389062,11.5000000223517,-59.2040603180881,-10.8368166347037,250,0.0253027575119825,-10.9420134512277,-0.0206584570660776,299.9876099,299.9883118,-5464.005859375,-5363.95751953125,57.0268351345637,20.8452217825058,8.512546,0,0,0,40,4449,299.9056,-5413.98168945313,,,,,,,,,,,,,0,,,,10.74261715,,,,,,299.98796085,,,,
,19449562.71,299.9883881,-5309.02758789063,-10.9297770609254,0.00155170321559479,1,0.999253354069792,40.0298881530762,1.97968123784901,11.5000000223517,-59.13034102455,-10.8013843672867,250,0.0291942279301891,-10.9276776497396,-0.016708167651594,299.9876099,299.9891663,-5363.95751953125,-5254.09765625,57.5903892969292,20.8443644742284,8.884414,0,0,0,40,4449,299.90525,-5309.02758789063,,,,,,,,,,,,,0,,,,10.58561375,,,,,,299.9883881,,,,
,19449563.85,299.98840335,-5194.06420898438,-10.9133239051978,0.00188650173271074,1,0.999253354069792,40.0298881530762,1.97975167190137,11.4900004118681,-59.0414214664306,-10.7960480701778,250,0.0272000287698398,-10.9112194005748,-0.0186334846485429,299.9876404,299.9891663,-5254.09765625,-5134.03076171875,57.217552493256,20.8430862852952,7.396941,0,0,0,40,4449,299.9055,-5194.06420898438,,,,,,,,,,,,,0,,,,10.4783001,,,,,,299.98840335,,,,
,19449564.865,299.9875946,-5094.07934570313,-10.8974440188471,0.00214642519396114,1,0.999253354069792,40.0298881530762,1.9797929686207,11.4900004118681,-58.9557831402498,-10.7855662890013,250,0.0262350137284598,-10.8953389551532,-0.0195322532279321,299.9875488,299.9876404,-5134.03076171875,-5054.1279296875,57.1331366131791,20.8431905328536,8.512546,0,0,0,40,4449,299.90515,-5094.07934570313,,,,,,,,,,,,,0,,,,10.6886921,,,,,,299.9875946,,,,
,19449565.85,299.9885864,-4999.18798828125,-10.8833126856434,0.00185064202038757,1,0.999253354069792,40.0298881530762,1.9797929686207,11.4900004118681,-58.8811832652838,-10.7615824649562,250,0.0280501285864159,-10.8812176782636,-0.0176585943229156,299.9875488,299.989624,-5054.1279296875,-4944.248046875,56.9900985941599,20.8431905328536,8.884414,0,0,0,40,4449,299.90575,-4999.18798828125,,,,,,,,,,,,,0,,,,10.6886921,,,,,,299.9885864,,,,
,19449566.945,299.98965455,-4889.31103515625,-10.8667753927771,0.00184962546605806,1,0.999253354069792,40.0298881530762,1.97994566594388,11.4900004118681,-58.7936263365827,-10.7595560420293,250,0.025508550190393,-10.8646725846727,-0.0201308645737291,299.989624,299.9896851,-4944.248046875,-4834.3740234375,57.0760777312753,20.8439573348685,8.512546,0,0,0,40,4449,299.90555,-4889.31103515625,,,,,,,,,,,,,0,,,,10.6353035,,,,,,299.98965455,,,,
,19449567.905,299.9891968,-4794.40161132812,-10.8515849852497,0.00182311392136276,1,0.999253354069792,40.0298881530762,1.97994566594388,11.4900004118681,-58.7159998331443,-10.7199297181024,250,0.0300196963173035,-10.8495043340546,-0.0155574763002485,299.9887085,299.9896851,-4834.3740234375,-4754.42919921875,57.6865296047946,20.8439573348685,8.884414,0,0,0,40,4449,299.905,-4794.40161132812,,,,,,,,,,,,,0,,,,10.4783001,,,,,,299.9891968,,,,
,19449568.88,299.9889374,-4694.43579101562,-10.8377584733281,0.00205406662673443,1,0.999253354069792,40.0298881530762,1.97967592707109,11.5000000223517,-58.633478400841,-10.7043989161873,250,0.0300647792945229,-10.8356809063709,-0.0154545543640603,299.9887085,299.9891663,-4754.42919921875,-4634.4423828125,57.3457395704099,20.8476256523621,7.396941,0,0,0,40,4449,299.9069,-4694.43579101562,,,,,,,,,,,,,0,,,,10.4783001,,,,,,299.9889374,,,,
,19449569.96,299.98951725,-4584.45434570313,-10.8232941870049,0.0018590505489704,1,0.999253354069792,40.0298881530762,1.97977518701729,11.4900004118681,-58.5542223104748,-10.7114773425295,250,0.0261710259831664,-10.8212029194577,-0.0192873914643017,299.9891663,299.9898682,-4634.4423828125,-4534.46630859375,57.1878506095253,20.8469580966103,8.512546,0,0,0,40,4449,299.90685,-4584.45434570313,,,,,,,,,,,,,0,,,,10.4783001,,,,,,299.98951725,,,,
,19449571.08,299.98973085,-4474.42895507812,-10.7921446891618,0.00206364908590215,1,0.999253354069792,40.0298881530762,1.9798335063791,11.4900004118681,-58.3891926749372,-10.6711796052287,250,0.0279042959261013,-10.7900668873641,-0.0174243277518463,299.9895935,299.9898682,-4534.46630859375,-4414.3916015625,57.4825245612753,20.845069512848,8.884414,0,0,0,40,4449,299.9065,-4474.42895507812,,,,,,,,,,,,,0,,,,10.4783001,,,,,,299.98973085,,,,
,19449572.245,299.9898529,-4359.35693359375,-10.7779443690062,0.00242132061792318,1,0.999253354069792,40.0298881530762,1.97954832549888,11.5000000223517,-58.3035405309749,-10.6590395372406,250,0.0272395987809607,-10.7758665625859,-0.0180298113254247,299.9895935,299.9901123,-4414.3916015625,-4304.322265625,57.1862873524868,20.843036214724,9.256284,0,0,0,40,4449,299.9069,-4359.35693359375,,,,,,,,,,,,,0,,,,10.58244515,,,,,,299.9898529,,,,
,19449574.255,299.9885864,-4154.69409179687,-10.75762865627,0.00185674571506035,1,0.999253354069792,40.0298881530762,1.97976645372471,11.4900004118681,-58.1990012430748,-10.6449329179759,250,0.0262942679388921,-10.7555513946448,-0.0188908919009848,299.9885864,299.9885864,-4164.68603515625,-4144.7021484375,56.8095424062176,20.8442874564003,9.256284,0,0,0,40,4449,299.90605,-4154.69409179687,,,,,,,,,,,,,0,,,,10.4783001,,,,,,299.9885864,,,,
,19449574.77,299.9885864,-4104.74169921875,-10.7446784379941,0.00218365052676781,1,0.999253354069792,40.0298881530762,1.97976645372471,11.5000000223517,-58.1299114851685,-10.6268805462132,250,0.02723134694712,-10.7426077335471,-0.0178997412951615,299.9885864,299.9885864,-4144.7021484375,-4064.78125,57.1417345268907,20.8442874564003,7.396941,0,0,0,40,4449,299.90685,-4104.74169921875,,,,,,,,,,,,,0,,,,10.4783001,,,,,,299.9885864,,,,
,19449575.705,299.98931885,-4009.7509765625,-10.7303522876607,0.00185890678821789,1,0.999253354069792,40.0298881530762,1.97976124760061,11.4900004118681,-58.0524221053359,-10.6117810311759,250,0.02736253017227,-10.7282847080175,-0.0177089435013023,299.9885864,299.9900513,-4064.78125,-3954.720703125,57.8076820252753,20.8408858143948,8.512546,0,0,0,40,4449,299.90675,-4009.7509765625,,,,,,,,,,,,,0,,,,10.42544175,,,,,,299.98931885,,,,
,19449576.845,299.98942565,-3894.72473144531,-10.7128767577177,0.00201940169524146,1,0.999253354069792,40.0298881530762,1.97976921710354,11.4900004118681,-57.9579767393363,-10.5952290114145,250,0.0271913057956753,-10.7108119015124,-0.0178074742423773,299.9888,299.9900513,-3954.720703125,-3834.72875976562,57.3449579418907,20.8372634250637,9.256284,0,0,0,40,4449,299.90605,-3894.72473144531,,,,,,,,,,,,,0,,,,10.42544175,,,,,,299.98942565,,,,
,19449577.915,299.98942565,-3789.76147460937,-10.69959160762,0.00231993393332724,1,0.999253354069792,40.0298881530762,1.97979843627523,11.4900004118681,-57.8887322111214,-10.5725524670904,250,0.0289500533168092,-10.6975367794989,-0.0159939308352593,299.9888,299.9900513,-3834.72875976562,-3744.79418945313,56.8032893780637,20.8461462920915,7.396941,0,0,0,40,4449,299.90555,-3789.76147460937,,,,,,,,,,,,,0,,,,10.4783001,,,,,,299.98942565,,,,
,19449578.97,299.98994445,-3684.8251953125,-10.6845541293317,0.00189571080271266,1,0.999253354069792,40.0298881530762,1.97966449043678,11.5000000223517,-57.8004140989142,-10.5739500928658,250,0.0257744020729909,-10.6824887859874,-0.0191061160858199,299.9898376,299.9900513,-3744.79418945313,-3624.85620117188,56.5586396515444,20.8444198134512,8.512546,0,0,0,40,4449,299.90675,-3684.8251953125,,,,,,,,,,,,,0,,,,10.74261715,,,,,,299.98994445,,,,
,19449580.135,299.9902496,-3564.81311035156,-10.6500519383409,0.00239918208778021,1,0.999253354069792,40.0298881530762,1.97988094266628,11.4900004118681,-57.6227089858982,-10.5258365931722,250,0.0284826722529534,-10.6480048032232,-0.016254181132881,299.9898376,299.9906616,-3624.85620117188,-3504.77001953125,57.1659650109868,20.8439728035368,8.512546,0,0,0,40,4449,299.90635,-3564.81311035156,,,,,,,,,,,,,0,,,,10.58561375,,,,,,299.9902496,,,,
,19449581.26,299.98983765,-3454.81799316406,-10.6346644033003,0.00211524870206634,1,0.999253354069792,40.0298881530762,1.97951927324256,11.4900004118681,-57.5246182228548,-10.5334759564104,250,0.0238702144584402,-10.6326011270235,-0.0208017094689018,299.9890137,299.9906616,-3504.77001953125,-3404.86596679687,57.0596635323714,20.8453076248509,9.628152,0,0,0,40,4449,299.90595,-3454.81799316406,,,,,,,,,,,,,0,,,,10.42544175,,,,,,299.98983765,,,,
,19449582.345,299.98899845,-3349.52331542969,-10.6209109855768,0.00209018370439534,1,0.999253354069792,40.0298881530762,1.97928861196303,11.4900004118681,-57.4442302996603,-10.5157750228415,250,0.0243729486149144,-10.618852915519,-0.0202416479016302,299.9889832,299.9890137,-3404.86596679687,-3294.1806640625,56.9807190519291,20.8490187931432,9.256284,0,0,0,40,4449,299.9071,-3349.52331542969,,,,,,,,,,,,,0,,,,10.6897588,,,,,,299.98899845,,,,
,19449583.445,299.9894257,-3239.12145996094,-10.6021520236655,0.00196811901590689,1,0.999253354069792,40.0298881530762,1.97953243675708,11.5000000223517,-57.3516649962844,-10.4876487892581,250,0.0263303730193158,-10.6001057825652,-0.0182062675362894,299.9889832,299.9898682,-3294.1806640625,-3184.06225585937,56.9650864815445,20.8482085362112,8.512546,0,0,0,40,4449,299.9078,-3239.12145996094,,,,,,,,,,,,,0,,,,10.74261715,,,,,,299.9894257,,,,
,19449584.415,299.9900513,-3139.01440429687,-10.5889392465989,0.00192008468423426,1,0.999253354069792,40.0298881530762,1.97952613582408,11.4900004118681,-57.2817307548267,-10.4652756002475,250,0.0280129403926994,-10.5869024346007,-0.016469409883465,299.9898682,299.9902344,-3184.06225585937,-3093.96655273438,56.4195097751214,20.8466922171408,9.256284,0,0,0,40,4449,299.90575,-3139.01440429687,,,,,,,,,,,,,0,,,,10.6353035,,,,,,299.9900513,,,,
,19449585.405,299.98999025,-3039.03405761719,-10.5696394417586,0.00221939410159825,1,0.999253354069792,40.0298881530762,1.97966905042588,11.4900004118681,-57.1804431137062,-10.451844018305,250,0.0270551154137959,-10.5676024858561,-0.0173467288214204,299.9897461,299.9902344,-3093.96655273438,-2984.1015625,57.0979633298137,20.8391420745835,9.256284,0,0,0,40,4449,299.9043,-3039.03405761719,,,,,,,,,,,,,0,,,,10.58244515,,,,,,299.98999025,,,,
,19449586.56,299.98986815,-2924.01794433594,-10.5546713945033,0.00178722483700163,1,0.999253354069792,40.0298881530762,1.97947361554749,11.4900004118681,-57.092472094424,-10.4441138602394,250,0.0255234535520714,-10.552631065686,-0.0188155496749881,299.9897461,299.9899902,-2984.1015625,-2863.93432617187,56.8572217458906,20.8462778986551,8.884414,0,0,0,40,4449,299.9056,-2924.01794433594,,,,,,,,,,,,,0,,,,10.58244515,,,,,,299.98986815,,,,
,19449587.625,299.9901733,-2818.99645996094,-10.5379563036696,0.00269004209839843,1,0.999253354069792,40.0298881530762,1.97950443154846,11.5000000223517,-57.0040166990721,-10.4218248331695,250,0.0265760153496929,-10.5359236362842,-0.0176934372025339,299.9899902,299.9903564,-2863.93432617187,-2774.05859375,57.1729996676599,20.8461283981577,9.256284,0,0,0,40,4449,299.906,-2818.99645996094,,,,,,,,,,,,,0,,,,10.58244515,,,,,,299.9901733,,,,
,19449588.695,299.9899597,-2714.08154296875,-10.5223245049122,0.00208019653463184,1,0.999253354069792,40.0298881530762,1.97976603457373,11.4900004118681,-56.9285930193842,-10.3980119048161,250,0.0283302096345762,-10.5203023948904,-0.0158747292594452,299.989563,299.9903564,-2774.05859375,-2654.1044921875,56.8150138058522,20.8473579891037,7.396941,0,0,0,40,4449,299.9044,-2714.08154296875,,,,,,,,,,,,,0,,,,10.3741441,,,,,,299.9899597,,,,
,19449589.85,299.9902191,-2594.115234375,-10.5059198832985,0.00215418524989389,1,0.999253354069792,40.0298881530762,1.98002083960717,11.4900004118681,-56.846285473373,-10.3868191383518,250,0.0275996300842502,-10.5038978964663,-0.0165367339861043,299.989563,299.9908752,-2654.1044921875,-2534.1259765625,57.2253687784484,20.8380557676483,8.512546,0,0,0,40,4449,299.90495,-2594.115234375,,,,,,,,,,,,,0,,,,10.42700245,,,,,,299.9902191,,,,
,19449590.85,299.9908752,-2494.17102050781,-10.4861460673941,0.00203447312955555,1,0.999253354069792,40.0298881530762,1.98002083960717,11.4900004118681,-56.7407406740236,-10.3594470298937,250,0.0289943375107449,-10.4841336800217,-0.0150595599472952,299.9908752,299.9908752,-2534.1259765625,-2454.21606445313,57.2152076076984,20.8380557676483,8.512546,0,0,0,40,4449,299.9059,-2494.17102050781,,,,,,,,,,,,,0,,,,10.6886921,,,,,,299.9908752,,,,
,19449592.755,299.9893799,-2304.26818847656,-10.4585921821369,0.00152176891913872,1,0.999253354069792,40.0298881530762,1.97962557144505,11.4900004118681,-56.5798493567003,-10.3344219586616,250,0.0281407961842381,-10.456582324941,-0.0157979131990095,299.9893799,299.9893799,-2314.26098632813,-2294.275390625,57.4379717356792,20.8441084798592,7.396941,0,0,0,40,4449,299.90685,-2304.26818847656,,,,,,,,,,,,,0,,,,10.42544175,,,,,,299.9893799,,,,
,19449593.39,299.98931885,-2239.28601074219,-10.4391737454644,0.00201903570582552,1,0.999253354069792,40.0298881530762,1.97988115345997,11.4900004118681,-56.4820170631468,-10.3159530762704,250,0.0281961126821044,-10.4371680651553,-0.0156613565418987,299.9892578,299.9893799,-2294.275390625,-2184.29663085938,57.3746598256215,20.8418848610162,8.512546,0,0,0,40,4449,299.90675,-2239.28601074219,,,,,,,,,,,,,0,,,,10.6897588,,,,,,299.98931885,,,,
,19449594.385,299.98913575,-2139.30334472656,-10.4213009604435,0.00237200053684049,1,0.999253354069792,40.0298881530762,1.97988507789002,11.4900004118681,-56.386135008103,-10.2944764317089,250,0.0288576594217436,-10.4193016981535,-0.0149255856051673,299.9890137,299.9892578,-2184.29663085938,-2094.31005859375,55.7863906745444,20.8413396053607,7.396941,0,0,0,40,4449,299.90525,-2139.30334472656,,,,,,,,,,,,,0,,,,10.58561375,,,,,,299.98913575,,,,
,19449595.33,299.9898987,-2044.28411865234,-10.4035749228989,0.00273862593380642,1,0.999253354069792,40.0298881530762,1.97997872791568,11.5000000223517,-56.2917683807233,-10.2831148952888,250,0.0277595574364344,-10.4015743317262,-0.0159493207649736,299.9890137,299.9907837,-2094.31005859375,-1994.25817871094,56.9564885678329,20.8435229335529,7.396941,0,0,0,40,4449,299.9059,-2044.28411865234,,,,,,,,,,,,,0,,,,10.4783001,,,,,,299.9898987,,,,
,19449596.33,299.990448,-1944.20758056641,-10.3905574859959,0.00262973549673123,1,0.999253354069792,40.0298881530762,1.97947953403001,11.5000000223517,-56.2056548526759,-10.2777072852464,250,0.0258783336962503,-10.3885514070785,-0.0177757296658463,299.9901123,299.9907837,-1994.25817871094,-1894.15698242187,56.5727089648906,20.8466114231239,8.512546,0,0,0,40,4449,299.90705,-1944.20758056641,,,,,,,,,,,,,0,,,,10.58244515,,,,,,299.990448,,,,
,19449597.275,299.9901123,-1849.21520996094,-10.3759290942541,0.00207823402608033,1,0.999253354069792,40.0298881530762,1.97998379041658,11.4900004118681,-56.1429428330913,-10.2524631704811,250,0.0283060307379753,-10.373936292433,-0.0152873604895722,299.9901123,299.9901123,-1894.15698242187,-1804.2734375,56.9369478548522,20.8529316524806,8.884414,0,0,0,40,4449,299.90785,-1849.21520996094,,,,,,,,,,,,,0,,,,10.58244515,,,,,,299.9901123,,,,
,19449598.26,299.9893646,-1754.30426025391,-10.358902782223,0.00202985136378531,1,0.999253354069792,40.0298881530762,1.98017926524094,11.4900004118681,-56.0563667318422,-10.2358020695728,250,0.0284124673026246,-10.3569141144113,-0.0151100962822394,299.9886169,299.9901123,-1804.2734375,-1704.33508300781,56.8259566051214,20.8526153049946,8.512546,0,0,0,40,4449,299.90635,-1754.30426025391,,,,,,,,,,,,,0,,,,10.6886921,,,,,,299.9893646,,,,
,19449599.36,299.9892883,-1644.38159179687,-10.3393981020911,0.00209568385570266,1,0.999253354069792,40.0298881530762,1.9799173093149,11.5000000223517,-55.9412992092478,-10.2276135768618,250,0.0260661819808556,-10.3374035170292,-0.0173745893679865,299.9886169,299.9899597,-1704.33508300781,-1584.42810058594,56.8861420011022,20.850836787757,8.512546,0,0,0,40,4449,299.9055,-1644.38159179687,,,,,,,,,,,,,0,,,,10.63583375,,,,,,299.9892883,,,,
,19449600.36,299.99038695,-1539.41040039062,-10.3203957926688,0.00254434273308181,1,0.999253354069792,40.0298881530762,1.9796570748245,11.4900004118681,-55.8339331206397,-10.1934487246975,250,0.0286185974520844,-10.3184153457977,-0.0147432188546269,299.9899597,299.9908142,-1584.42810058594,-1494.39270019531,56.3601060076598,20.850690994302,7.396941,0,0,0,40,4449,299.90605,-1539.41040039062,,,,,,,,,,,,,0,,,,10.5295868,,,,,,299.99038695,,,,
,19449601.36,299.9905243,-1439.43310546875,-10.3070532753749,0.00205027124021207,1,0.999253354069792,40.0298881530762,1.97966596652944,11.4900004118681,-55.7600700861168,-10.1906856564185,250,0.026663998180877,-10.3050672499157,-0.0166416950622745,299.9902344,299.9908142,-1494.39270019531,-1384.47351074219,57.1472059265253,20.846083325694,9.256284,0,0,0,40,4449,299.9066,-1439.43310546875,,,,,,,,,,,,,0,,,,10.6897588,,,,,,299.9905243,,,,
,19449602.47,299.9907532,-1334.43493652344,-10.2850249443914,0.00292754186278853,1,0.999253354069792,40.0298881530762,1.9796155680584,11.5000000223517,-55.6398151143134,-10.167044348253,250,0.026905131852166,-10.2830442774435,-0.0163086144608371,299.9902344,299.991272,-1384.47351074219,-1284.39636230469,57.4582940771792,20.8519958824144,8.884414,0,0,0,40,4449,299.90595,-1334.43493652344,,,,,,,,,,,,,0,,,,10.74261715,,,,,,299.9907532,,,,
,19449603.47,299.99121095,-1234.37121582031,-10.272466301724,0.00242143223577905,1,0.999253354069792,40.0298881530762,1.9796015268762,11.4900004118681,-55.5711020589305,-10.1566502626784,250,0.0264861927639419,-10.2704861991858,-0.0166753288661629,299.9911499,299.991272,-1284.39636230469,-1184.34606933594,57.0166739638137,20.8479140426222,8.512546,0,0,0,40,4449,299.9047,-1234.37121582031,,,,,,,,,,,,,0,,,,10.6353035,,,,,,299.99121095,,,,
,19449604.545,299.99186705,-1124.40594482422,-10.2534748114981,0.00275879280924605,1,0.999253354069792,40.0298881530762,1.97968211530002,11.5000000223517,-55.4703698050816,-10.1393261432025,250,0.026242934510236,-10.2514972993402,-0.0168388162070102,299.9911499,299.9925842,-1184.34606933594,-1064.4658203125,57.108906129083,20.8525839828241,8.512546,0,0,0,40,4449,299.9069,-1124.40594482422,,,,,,,,,,,,,0,,,,10.4783001,,,,,,299.99186705,,,,
,19449605.615,299.9925842,-1019.53829956055,-10.2376250927447,0.00211320000832689,1,0.999253354069792,40.0298881530762,1.97991479105079,11.4900004118681,-55.3929205362158,-10.114305152556,250,0.0281455784213277,-10.2356585165798,-0.0148701193911187,299.9925842,299.9925842,-1064.4658203125,-974.610778808594,57.2378748347561,20.8502093054313,7.396941,0,0,0,40,4449,299.90845,-1019.53829956055,,,,,,,,,,,,,0,,,,10.3212967,,,,,,299.9925842,,,,
,19449606.61,299.9927063,-919.686004638672,-10.2159068398594,0.00273422288392682,1,0.999253354069792,40.0298881530762,1.97963507532529,11.4900004118681,-55.2663113091934,-10.0994414015066,250,0.0266096920600586,-10.2139381573859,-0.0163147739504535,299.9925842,299.9928284,-974.610778808594,-864.76123046875,56.9916618511983,20.8510258080416,8.512546,0,0,0,40,4449,299.9088,-919.686004638672,,,,,,,,,,,,,0,,,,10.4783001,,,,,,299.9927063,,,,
,19449608.56,299.9928894,-724.861694335938,-10.1848384378301,0.00240036541586528,1,0.999253354069792,40.0298881530762,1.9794498698598,11.5000000223517,-55.0952874114568,-10.0565936641435,250,0.0286037954775647,-10.1828843121751,-0.014191389951134,299.9928894,299.9928894,-724.861694335938,-724.861694335938,56.638365760506,20.8478374584999,8.512546,0,0,0,40,4449,299.9081,-724.861694335938,,,,,,,,,,,,,0,,,,10.7420807,,,,,,299.9928894,,,,
,19449609.16,299.99243165,-664.938293457031,-10.1645885490822,0.00260416492751884,1,0.999253354069792,40.0298881530762,1.97949910395167,11.4900004118681,-54.9842186023172,-10.0522711890721,250,0.0256936276957323,-10.1626264676669,-0.0170161541291414,299.9919739,299.9928894,-724.861694335938,-605.014892578125,57.0792042453522,20.8464603370172,7.396941,0,0,0,40,4449,299.9078,-664.938293457031,,,,,,,,,,,,,0,,,,10.48039105,,,,,,299.99243165,,,,
,19449610.24,299.9930115,-555.016708374023,-10.1482499391361,0.00299391912818588,1,0.999253354069792,40.0298881530762,1.97969545155904,11.5000000223517,-54.9035909384732,-10.0239013342255,250,0.0280907367250636,-10.1463009888149,-0.0145514222545643,299.9919739,299.9940491,-605.014892578125,-505.018524169922,56.2381719586598,20.8564464623486,8.512546,0,0,0,40,4449,299.9069,-555.016708374023,,,,,,,,,,,,,0,,,,10.5343161,,,,,,299.9930115,,,,
,19449611.29,299.9929352,-450.054382324219,-10.1300724602961,0.00295385538016479,1,0.999253354069792,40.0298881530762,1.97938169078848,11.4900004118681,-54.7962701370331,-10.0071250687635,250,0.0275368342456866,-10.1281248670967,-0.0150293342930525,299.9918213,299.9940491,-505.018524169922,-395.090240478516,57.8287859952946,20.8460486484387,9.256284,0,0,0,40,4449,299.90605,-450.054382324219,,,,,,,,,,,,,0,,,,10.74261715,,,,,,299.9929352,,,,
,19449612.46,299.99282835,-335.187591552734,-10.1122591839157,0.00237175367214157,1,0.999253354069792,40.0298881530762,1.97966595641283,11.4900004118681,-54.7083308186243,-9.98685600370018,250,0.0282415670170037,-10.1103181987711,-0.0142501248376634,299.9918213,299.9938354,-395.090240478516,-275.284942626953,57.6357237510446,20.855640072161,7.396941,0,0,0,40,4449,299.9069,-335.187591552734,,,,,,,,,,,,,0,,,,10.6353035,,,,,,299.99282835,,,,
,19449613.535,299.99311825,-230.282051086426,-10.0943105605155,0.00268594940936159,1,0.999253354069792,40.0298881530762,1.97997867102155,11.4900004118681,-54.6178392501308,-9.98037979598552,250,0.0263954736263721,-10.0923653471726,-0.0160206416358593,299.9924011,299.9938354,-275.284942626953,-185.279159545898,57.3097846585253,20.8533276950865,8.512546,0,0,0,40,4449,299.9075,-230.282051086426,,,,,,,,,,,,,0,,,,10.6353035,,,,,,299.99311825,,,,
,19449614.57,299.9927826,-125.249462127686,-10.0752909515635,0.0024199577466965,1,0.999253354069792,40.0298881530762,1.97976304810212,11.4900004118681,-54.5095421464679,-9.95833997754585,250,0.0267489551932133,-10.0733511590232,-0.01558798910208,299.9924011,299.9931641,-185.279159545898,-65.2197647094727,55.8598637553521,20.8505141070092,7.396941,0,0,0,40,4449,299.9052,-125.249462127686,,,,,,,,,,,,,0,,,,10.6353035,,,,,,299.9927826,,,,
,19449615.715,299.9922333,-32.6886233836412,-10.0547300535206,0.00241024611548706,1,0.999253354069792,40.0298881530762,1.97977430475939,11.4900004118681,-54.4004911206238,-9.92790567216609,250,0.0285750033095613,-10.0528022836242,-0.0136763608793456,299.9913025,299.9931641,-65.2197647094727,-0.15748205780983,57.1503324406022,20.847336986213,8.512546,0,0,0,40,4417,299.90385,-32.6886233836412,,,,,,,,,,,,,0,,,,10.6353035,,,,,,299.9922333,,,,
