Comment,Time Stamp (sec),Temperature (K),Magnetic Field (Oe),Moment (emu),M. Std. Err. (emu),Transport Action,Averaging Time (sec),Frequency (Hz),Peak Amplitude (mm),Center Position (mm),Coil Signal' (mV),Coil Signal" (mV),Range (mV),M. Quad. Signal (emu),M. Raw' (emu),M. Raw" (emu),Min. Temperature (K),Max. Temperature (K),Min. Field (Oe),Max. Field (Oe),Mass (grams),Motor Lag (deg),Pressure (Torr),VSM Status (code),Motor Status (code),Measure Status (code),Measure Count,PPMS Status (code),System Temp. (K),System Field (Oe),Sample Position (deg),Bridge 1 Resistance (ohms),Bridge 1 Excitation (µA),Bridge 2 Resistance (ohms),Bridge 2 Excitation (µA),Bridge 3 Resistance (ohms),Bridge 3 Excitation (µA),Bridge 4 Resistance (ohms),Bridge 4 Excitation (µA),Signal 1 Vin (V),Signal 2 Vin (V),Digital Inputs (code),Drive 1 Iout (mA),Drive 1 Ipower (W),Drive 2 Iout (mA),Drive 2 Ipower (W),Pressure (),Map 20 (),Map 21 (),Map 22 (),Map 23 (),Map 24 (),Map 25 (),Map 26 (),Map 27 (),Map 28 (),Map 29 ()
sample offset = 34.85 mm touchdown = 6.09999988228083 mm,15569197.005,299.9632568,0.404953867197037,0.117747419800021,4.25649379911194E-5,1,0.999253354069792,40.0298881530762,1.99472252917329,11.6100003942847,0.639747231276501,0.122128916500074,2.5,0.000621964257932695,0.117720975291517,0.00111632418298694,299.9632568,299.9632568,0.359959006309509,0.449948728084564,55.3095972778135,20.8184091588565,9.256284,0,0,0,40,4417,300.0257,0.404953867197037,,,,,,,,,,,,,0,,,,17.09370325,,,,,,299.9632568,,,,
,15569209.42,299.9741211,30.4321393966675,0.116062648898394,7.61853063003219E-5,1,0.999253354069792,40.0298881530762,1.99479444022235,11.6100003942847,0.630564016086716,0.12066282216413,2.5,0.000664028207944951,0.116036322064098,0.00115130583644232,299.9727173,299.9755249,25.8728351593018,34.9914436340332,55.5065676646597,20.8217119317704,8.884414,0,0,0,40,4449,300.0244,30.4321393966675,,,,,,,,,,,,,0,,,,17.0083141,,,,,,299.9741211,,,,
,15569210.135,299.9747467,89.5476016998291,0.119073773304572,0.000436686189395258,1,0.999253354069792,40.0298881530762,1.99484962658933,11.6100003942847,0.646910164468292,0.123961711483398,2.5,0.000711609453546136,0.119046633384724,0.00121152130855351,299.9739685,299.9755249,34.9914436340332,144.103759765625,55.4760841524097,20.8213912012789,8.512546,0,0,0,40,4449,300.0244,89.5476016998291,,,,,,,,,,,,,0,,,,17.0083141,,,,,,299.9747467,,,,
,15569211.27,299.9755707,187.041168212891,0.211069058477548,0.00393019638556612,1,0.999253354069792,40.0298881530762,1.99467004482546,11.6100003942847,1.14632296119114,0.221241771299138,2.5,0.00154230712394416,0.211019765109557,0.00242838221052489,299.9739685,299.9771729,144.103759765625,229.978576660156,55.4541985538713,20.8169492118136,8.512546,0,0,0,40,4449,300.0249,187.041168212891,,,,,,,,,,,,,0,,,,17.17993355,,,,,,299.9755707,,,,
,15569212.425,299.97700505,292.827529907227,0.306246675628173,0.00465767805370149,1,0.999253354069792,40.0298881530762,1.99480428119341,11.6100003942847,1.66353581722764,0.319997247667452,2.5,0.00204833500614456,0.306175934213522,0.00333400263173387,299.9768372,299.9771729,229.978576660156,355.676483154297,55.3338277619097,20.8174265831974,9.256284,0,0,0,40,4449,300.024,292.827529907227,,,,,,,,,,,,,0,,,,17.2653227,,,,,,299.97700505,,,,
,15569213.585,299.97755435,406.073181152344,,,1,0.999253354069792,40.0298881530762,1.99469605884203,11.6100003942847,2.22676310318616,0.426667321461955,2.5,,,,299.9768372,299.9782715,355.676483154297,456.469879150391,55.6777443103713,20.8219586860263,8.512546,1,0,,40,4449,300.02425,406.073181152344,,,,,,,,,,,,,0,,,,17.2653227,,,,,,299.97755435,,,,
,15569217.44,299.9788818,794.301635742188,0.723108902781933,0.00477671072731582,1,0.999253354069792,40.0298881530762,1.99486433190289,11.6100003942847,3.93027961855189,0.750816471943181,25,0.00391187506183171,0.722945714816942,0.00694764651493148,299.9788818,299.9788818,789.328247070312,799.275024414062,55.2791137655635,20.8164521305572,8.884414,0,0,0,40,4449,300.0249,794.301635742188,,,,,,,,,,,,,0,,,,17.1790924,,,,,,299.9788818,,,,
,15569218.08,299.98001095,859.345397949219,0.830943834269879,0.00508097225348759,1,0.999253354069792,40.0298881530762,1.99468260781289,11.6100003942847,4.5161418286892,0.861879444625103,25,0.00434318300504514,0.830756914799443,0.00783169756225138,299.9788818,299.9811401,799.275024414062,919.415771484375,55.5034411505828,20.8218674990789,9.256284,0,0,0,40,4449,300.02365,859.345397949219,,,,,,,,,,,,,0,,,,17.3524351,,,,,,299.98001095,,,,
,15569219.22,299.9811401,974.412170410156,0.944139288244704,0.00530990180632333,1,0.999253354069792,40.0298881530762,1.99486632786841,11.6100003942847,5.13169513562981,0.980020803400175,25,0.00505318155283436,0.943926371161855,0.00901687764262865,299.9811401,299.9811401,919.415771484375,1029.40856933594,55.300999364102,20.8200036233539,9.256284,0,0,0,40,4449,300.0222,974.412170410156,,,,,,,,,,,,,0,,,,17.3524351,,,,,,299.9811401,,,,
,15569220.205,299.98101805,1074.33190917969,1.05980608242202,0.00528558035393115,1,0.999253354069792,40.0298881530762,1.99468815102512,11.6100003942847,5.76003242106842,1.0991610366911,25,0.005520344866239,1.05956772801584,0.0099696210107698,299.980896,299.9811401,1029.40856933594,1119.25524902344,55.4549801823905,20.8229700948589,9.256284,0,0,0,40,4449,300.02245,1074.33190917969,,,,,,,,,,,,,0,,,,17.1790924,,,,,,299.98101805,,,,
,15569221.26,299.98132325,1179.19519042969,1.28789063016376,0.00513612109650249,1,0.999253354069792,40.0298881530762,1.99499636353913,11.6100003942847,7.00052461183135,1.33698840646792,25,0.00690545129802761,1.2876001419476,0.0123121804556412,299.980896,299.9817505,1119.25524902344,1239.13513183594,55.8145293012367,20.8228891859672,9.256284,0,0,0,40,4449,300.0224,1179.19519042969,,,,,,,,,,,,,0,,,,17.1790924,,,,,,299.98132325,,,,
,15569222.5,299.98225405,1304.04351806641,1.39950201112731,0.00510565660133669,1,0.999253354069792,40.0298881530762,1.99483645444016,11.5999998524785,7.60670134445288,1.4522512011343,25,0.00741390306977991,1.39918668466029,0.0132891482790738,299.9817505,299.9827576,1239.13513183594,1368.95190429688,55.9536591776598,20.8219471844538,8.512546,0,0,0,40,4449,300.02205,1304.04351806641,,,,,,,,,,,,,0,,,,17.3524351,,,,,,299.98225405,,,,
,15569223.595,299.9838715,1413.88073730469,1.50962498490294,0.00503845235088758,1,0.999253354069792,40.0298881530762,1.99480933121744,11.6100003942847,8.20491436815359,1.56773471762079,25,0.00822354980655952,1.50928381204425,0.014560997503319,299.9827576,299.9849854,1368.95190429688,1458.8095703125,55.3205400770828,20.8219503991712,8.884414,0,0,0,40,4449,300.0217,1413.88073730469,,,,,,,,,,,,,0,,,,17.5257778,,,,,,299.9838715,,,,
,15569224.695,299.98425295,1523.56024169922,1.61847738464478,0.00490799900175648,1,0.999253354069792,40.0298881530762,1.99470206764729,11.6100003942847,8.79606909979329,1.68071176107226,25,0.0088207265431942,1.6181115742893,0.0156151052857294,299.9835205,299.9849854,1458.8095703125,1588.31091308594,55.9325552076405,20.8225762770101,9.256284,0,0,0,40,4449,300.02025,1523.56024169922,,,,,,,,,,,,,0,,,,17.3524351,,,,,,299.98425295,,,,
,15569225.795,299.98413085,1633.20764160156,1.72431765194465,0.00478059697974993,1,0.999253354069792,40.0298881530762,1.99480292083917,11.6100003942847,9.37196031197298,1.78957447132767,25,0.00918890849707712,1.72392881251488,0.0164275584175747,299.9835205,299.9847412,1588.31091308594,1678.10437011719,55.4424741260828,20.8207437871642,9.256284,0,0,0,40,4449,300.02065,1633.20764160156,,,,,,,,,,,,,0,,,,17.3524351,,,,,,299.98413085,,,,
,15569226.69,299.9847412,1723.00860595703,1.8302361806423,0.00479430869550093,1,0.999253354069792,40.0298881530762,1.9947403195232,11.6100003942847,9.94794334725253,1.89619527906114,25,0.00915642624303901,1.82982593231534,0.0168397357992157,299.9847412,299.9847412,1678.10437011719,1767.91284179687,55.8973819242751,20.8234424287123,9.256284,0,0,0,40,4449,300.02185,1723.00860595703,,,,,,,,,,,,,0,,,,17.3524351,,,,,,299.9847412,,,,
,15569227.68,299.9855194,1822.82788085938,1.93449100600763,0.00476064374967588,1,0.999253354069792,40.0298881530762,1.99487289215527,11.6100003942847,10.5145465844878,2.00831428816831,25,0.010409093874327,1.93405427323881,0.0185298205432466,299.9847412,299.9862976,1767.91284179687,1877.74291992187,55.791862074179,20.8193916291179,8.884414,0,0,0,40,4449,300.02225,1822.82788085938,,,,,,,,,,,,,0,,,,17.1790924,,,,,,299.9855194,,,,
,15569228.765,299.9866638,1927.63385009766,2.03743712730526,0.00468758771693423,1,0.999253354069792,40.0298881530762,1.99481255104944,11.6100003942847,11.0737022376708,2.11545433019756,25,0.0110232957087896,2.0369768163732,0.0195761426779434,299.9862976,299.98703,1877.74291992187,1977.52478027344,55.2158018555058,20.8247652413493,8.884414,0,0,0,40,4449,300.02015,1927.63385009766,,,,,,,,,,,,,0,,,,17.1790924,,,,,,299.9866638,,,,
,15569229.775,299.98703,2027.46807861328,2.13876644597918,0.00459824774769843,1,0.999253354069792,40.0298881530762,1.99491216388497,11.6100003942847,11.6250491135116,2.22053033944655,25,0.0115271191311973,2.13828339711286,0.0205053645365496,299.98703,299.98703,1977.52478027344,2077.41137695313,55.7519990196982,20.8208839738361,9.256284,0,0,0,40,4449,300.01685,2027.46807861328,,,,,,,,,,,,,0,,,,17.3524351,,,,,,299.98703,,,,
,15569233.89,299.9905396,2441.59753417969,2.53271207988111,0.0042061313450584,1,0.999253354069792,40.0298881530762,1.99476176827655,11.6100003942847,13.7843102139068,2.62667498370169,250,0.0125335812580266,2.53214446085625,0.023165364421362,299.9905396,299.9905396,2436.61450195313,2446.58056640625,55.8067130160444,20.8186564769053,8.884414,0,0,0,40,4449,300.0157,2441.59753417969,,,,,,,,,,,,,0,,,,17.5257778,,,,,,299.9905396,,,,
,15569234.495,299.9904633,2501.46435546875,2.6287227454707,0.00439769922997956,1,0.999253354069792,40.0298881530762,1.99449962808713,11.6100003942847,14.3044375073059,2.72901961985076,250,0.0135817871965702,2.6281312136368,0.0246164521494147,299.990387,299.9905396,2446.58056640625,2556.34814453125,55.6996299089097,20.8266675765913,8.512546,0,0,0,40,4449,300.01485,2501.46435546875,,,,,,,,,,,,,0,,,,17.4386654,,,,,,299.9904633,,,,
,15569235.62,299.99069215,2611.23059082031,2.72220882885978,0.00426166595294141,1,0.999253354069792,40.0298881530762,1.99489341221323,11.6100003942847,14.8166894580894,2.82290838903769,250,0.0133842349635271,2.72159910473039,0.0248113699256306,299.990387,299.9909973,2556.34814453125,2666.11303710938,55.9169226372559,20.8235613633678,8.884414,0,0,0,40,4449,300.014,2611.23059082031,,,,,,,,,,,,,0,,,,17.4386654,,,,,,299.99069215,,,,
,15569236.745,299.99108885,2726.02355957031,2.81605705788604,0.00420517349597831,1,0.999253354069792,40.0298881530762,1.9947064597897,11.6100003942847,15.3261363159562,2.91973704671344,250,0.0138045885287082,2.81542645679232,0.0256255645138131,299.9909973,299.9911804,2666.11303710938,2785.93408203125,55.9356817217174,20.823418512968,9.256284,0,0,0,40,4449,300.01335,2726.02355957031,,,,,,,,,,,,,0,,,,17.4386654,,,,,,299.99108885,,,,
,15569237.855,299.99201965,2840.8876953125,2.9097641491347,0.00429583354905189,1,0.999253354069792,40.0298881530762,1.9947605891952,11.6100003942847,15.8362434077667,3.01861220785321,250,0.0145648503886429,2.90911121722951,0.0267789597334304,299.9911804,299.9928589,2785.93408203125,2895.84130859375,55.4338762123713,20.821784970249,9.256284,0,0,0,40,4449,300.01345,2840.8876953125,,,,,,,,,,,,,0,,,,17.351553,,,,,,299.99201965,,,,
,15569239.02,299.9931183,2955.72802734375,3.0020100536591,0.00422958219888905,1,0.999253354069792,40.0298881530762,1.99464207136911,11.6100003942847,16.3373029567194,3.11432867234267,250,0.0150635471844911,3.0013361640942,0.0276646814844793,299.9928589,299.9933777,2895.84130859375,3015.61474609375,55.7293317926405,20.8263384439104,9.256284,0,0,0,40,4449,300.01385,2955.72802734375,,,,,,,,,,,,,0,,,,17.5266352,,,,,,299.9931183,,,,
,15569240.04,299.9933777,3055.56762695313,3.09338388645471,0.00406530959046607,1,0.999253354069792,40.0298881530762,1.99457675056256,11.6100003942847,16.8322927353541,3.21840278181285,250,0.0172448856405588,3.09268222768139,0.0302291642458235,299.9933777,299.9933777,3015.61474609375,3095.5205078125,55.9411531213521,20.8190928569377,9.256284,0,0,0,40,4449,300.01205,3055.56762695313,,,,,,,,,,,,,0,,,,17.5266352,,,,,,299.9933777,,,,
,15569241.03,299.9935608,3155.53991699219,3.18285308919948,0.00400308829403667,1,0.999253354069792,40.0298881530762,1.9946699491157,11.6100003942847,17.3205722719349,3.30811036243298,250,0.0170960236532201,3.18213384417357,0.0304558774694095,299.9933777,299.9937439,3095.5205078125,3215.55932617188,56.0669953129482,20.8275285872956,9.256284,0,0,0,40,4449,300.01105,3155.53991699219,,,,,,,,,,,,,0,,,,17.351553,,,,,,299.9935608,,,,
,15569242.265,299.99414065,3280.68151855469,3.35879592746015,0.00411219717770846,1,0.999253354069792,40.0298881530762,1.99501382317775,11.6100003942847,18.2837016837306,3.47751441751027,250,0.0154624870274213,3.35804769547507,0.029561206019814,299.9937439,299.9945374,3215.55932617188,3345.8037109375,55.9247389224482,20.8172244199275,8.512546,0,0,0,40,4449,300.0105,3280.68151855469,,,,,,,,,,,,,0,,,,17.351553,,,,,,299.99414065,,,,
,15569243.515,299.99488835,3405.7021484375,3.4464597220113,0.00394985378309742,1,0.999253354069792,40.0298881530762,1.9949129606354,11.6100003942847,18.7597356966043,3.56940151700875,250,0.0161049181577827,3.44569087406438,0.0305714573155597,299.9945374,299.9952393,3345.8037109375,3465.6005859375,55.8575188697944,20.8218880977902,9.256284,0,0,0,40,4449,300.0087,3405.7021484375,,,,,,,,,,,,,0,,,,17.4386654,,,,,,299.99488835,,,,
,15569244.585,299.9955292,3510.51696777344,3.53421204006212,0.00392818923956334,1,0.999253354069792,40.0298881530762,1.99487937914834,11.6100003942847,19.2369021870461,3.66114060984174,250,0.0166833592927803,3.53342283874321,0.0315180754791539,299.9952393,299.9958191,3465.6005859375,3555.43334960937,54.9125299900443,20.8254198596928,9.256284,0,0,0,40,4449,300.00785,3510.51696777344,,,,,,,,,,,,,0,,,,17.6137476,,,,,,299.9955292,,,,
,15569245.665,299.9964905,3615.43359375,3.61921933325808,0.00400433362930995,1,0.999253354069792,40.0298881530762,1.99492124419494,11.6100003942847,19.7007610390708,3.74519379515494,250,0.0163352263269815,3.61841418486855,0.0315267393618208,299.9958191,299.9971619,3555.43334960937,3675.43383789063,55.8239088434674,20.8209532965664,8.512546,0,0,0,40,4449,300.0076,3615.43359375,,,,,,,,,,,,,0,,,,17.7017174,,,,,,299.9964905,,,,
,15569246.69,299.99681095,3720.34155273438,3.70531566779345,0.00386787157159317,1,0.999253354069792,40.0298881530762,1.99485384337123,11.6100003942847,20.1664881535481,3.84636367406585,250,0.018963983048104,3.70448193128736,0.0345162877569331,299.99646,299.9971619,3675.43383789063,3765.24926757812,55.6128691432751,20.8158139157458,9.256284,0,0,0,40,4449,300.00675,3720.34155273438,,,,,,,,,,,,,0,,,,17.5266352,,,,,,299.99681095,,,,
,15569247.665,299.99661255,3820.20788574219,3.78839422077782,0.00389299438146438,1,0.999253354069792,40.0298881530762,1.99482516817927,11.6100003942847,20.6204950141071,3.9210431656385,250,0.017277132042801,3.78755069897612,0.0331784397297942,299.99646,299.9967651,3765.24926757812,3875.16650390625,55.9075430950251,20.8202663497531,9.256284,0,0,0,40,4449,300.0059,3820.20788574219,,,,,,,,,,,,,0,,,,17.351553,,,,,,299.99661255,,,,
,15569248.78,299.9962921,3930.134765625,3.87172103697759,0.0038334309439078,1,0.999253354069792,40.0298881530762,1.9947465388297,11.6100003942847,21.073303921701,4.00678464554184,250,0.0175931942427601,3.87085928847114,0.0338441457058275,299.9958191,299.9967651,3875.16650390625,3985.10302734375,55.5902019162174,20.8219567658107,9.256284,0,0,0,40,4449,300.00455,3930.134765625,,,,,,,,,,,,,0,,,,17.351553,,,,,,299.9962921,,,,
,15569249.81,299.99658205,4029.94006347656,3.95514681582096,0.00369660243401841,1,0.999253354069792,40.0298881530762,1.99443873011845,11.6100003942847,21.5227751321923,4.09987508547503,250,0.0193260936833086,3.95426084042344,0.0359262750387562,299.9958191,299.997345,3985.10302734375,4074.77709960937,55.7684132186021,20.8117763597138,8.884414,0,0,0,40,4449,300.01165,4029.94006347656,,,,,,,,,,,,,0,,,,17.351553,,,,,,299.99658205,,,,
,15569250.82,299.9978638,4129.68713378906,4.03701620254922,0.00400443129817497,1,0.999253354069792,40.0298881530762,1.99395733796437,11.6100003942847,21.9649206794194,4.17401620599546,250,0.0179383730695826,4.0361192806555,0.0348817620843047,299.997345,299.9983826,4074.77709960937,4184.59716796875,55.8239088434674,20.8185459260378,9.256284,0,0,0,40,4449,300.02015,4129.68713378906,,,,,,,,,,,,,0,,,,17.351553,,,,,,299.9978638,,,,
,15569251.96,299.99824525,4244.45629882812,4.11402333972663,0.00366201752433593,1,0.999253354069792,40.0298881530762,1.99484446884622,11.6100003942847,22.3956769801013,4.24436729402067,250,0.0162404797049977,4.11311782551445,0.0335073792704905,299.9981079,299.9983826,4184.59716796875,4304.3154296875,55.974763147679,20.8212039384586,8.512546,0,0,0,40,4449,300.0182,4244.45629882812,,,,,,,,,,,,,0,,,,17.5266352,,,,,,299.99824525,,,,
,15569253.04,299.9985199,4354.2998046875,4.19255979363911,0.00360708798827714,1,0.999253354069792,40.0298881530762,1.99484446884622,11.6100003942847,22.8233162099738,4.32481328587603,250,0.0164443809652538,4.19163740606166,0.0340408292462845,299.9981079,299.9989319,4304.3154296875,4404.2841796875,55.6003630869674,20.8212039384586,9.256284,0,0,0,40,4449,300.01625,4354.2998046875,,,,,,,,,,,,,0,,,,17.5266352,,,,,,299.9985199,,,,
,15569254.135,299.9995575,4464.24609375,4.27071978313043,0.00382753015027508,1,0.999253354069792,40.0298881530762,1.99459752339977,11.6100003942847,23.2457884457259,4.40601674480048,250,0.016954684404055,4.26977918137276,0.0348791317075971,299.9989319,300.0001831,4404.2841796875,4524.2080078125,55.5620632895251,20.8233208936585,8.884414,0,0,0,40,4449,300.0129,4464.24609375,,,,,,,,,,,,,0,,,,17.5266352,,,,,,299.9995575,,,,
,15569255.33,300.00045775,4584.12036132812,4.42660508612396,0.00359323888758988,1,0.999253354069792,40.0298881530762,1.9945504376651,11.6100003942847,24.0942261763613,4.56403966287996,250,0.0170786341441594,4.42563207910787,0.0356574708150011,300.0001831,300.0007324,4524.2080078125,4644.03271484375,55.771539732679,20.8256983543335,8.884414,0,0,0,40,4449,300.0088,4584.12036132812,,,,,,,,,,,,,0,,,,17.7017174,,,,,,300.00045775,,,,
,15569256.485,300.0009155,4698.99096679687,4.50260986566148,0.0035662688334322,1,0.999253354069792,40.0298881530762,1.99485555289593,11.6100003942847,24.5113153676803,4.64451614541367,250,0.017632703538924,4.50161900497668,0.0365302502109427,300.0007324,300.0010986,4644.03271484375,4753.94921875,56.0161894591982,20.8137751213211,8.512546,0,0,0,40,4449,300.0084,4698.99096679687,,,,,,,,,,,,,0,,,,17.5266352,,,,,,300.0009155,,,,
,15569257.695,300.00172425,4818.75170898438,4.57988856844202,0.00359002773545534,1,0.999253354069792,40.0298881530762,1.99450973289536,11.6100003942847,24.9266482641886,4.72959439023211,250,0.0190669697455862,4.57887583858545,0.03828838867815,300.0010986,300.0023499,4753.94921875,4883.55419921875,55.8794044683328,20.8143568950056,8.512546,0,0,0,40,4449,300.0078,4818.75170898438,,,,,,,,,,,,,0,,,,17.351553,,,,,,300.00172425,,,,
,15569258.905,300.00231935,4938.423828125,4.65606963947943,0.00320799694145311,1,0.999253354069792,40.0298881530762,1.99473088666609,11.6100003942847,25.344971774694,4.80361295918311,250,0.0184346746545407,4.65504395282547,0.0379759591734464,300.0022888,300.0023499,4883.55419921875,4993.29345703125,56.2256659023521,20.8237799365489,9.256284,0,0,0,40,4449,300.00475,4938.423828125,,,,,,,,,,,,,0,,,,17.351553,,,,,,300.00231935,,,,
,15569259.95,300.00242615,5043.2060546875,4.72922598749857,0.00334899682723504,1,0.999253354069792,40.0298881530762,1.994884969253,11.6100003942847,25.7447787713109,4.88135709665055,250,0.0190734811972934,4.72818270077843,0.0389217291672515,300.0022888,300.0025635,4993.29345703125,5093.11865234375,55.9012900668713,20.8231645649101,9.256284,0,0,0,40,4449,300.00145,5043.2060546875,,,,,,,,,,,,,0,,,,17.5266352,,,,,,300.00242615,,,,
,15569261.805,300.0026855,5228.01220703125,4.8038594049753,0.00346653759226248,1,0.999253354069792,40.0298881530762,1.99511156752791,11.6100003942847,26.1529274847844,4.96451422436448,250,0.0203976017632274,4.80279532339591,0.0405587710679324,300.0026855,300.0026855,5223.0380859375,5232.986328125,55.7746662467559,20.8067740516708,8.512546,0,0,0,40,4449,299.9969,5228.01220703125,,,,,,,,,,,,,0,,,,17.7017174,,,,,,300.0026855,,,,
,15569262.43,300.00196835,5287.99169921875,4.94896773607869,0.00325336956026666,1,0.999253354069792,40.0298881530762,1.99482867411744,11.6100003942847,26.9392621505707,5.11340734135548,250,0.020947495563649,4.94787192651633,0.0417176269204776,300.0012512,300.0026855,5232.986328125,5342.9970703125,56.0466729714482,20.8202903309468,9.256284,0,0,0,40,4449,299.99565,5287.99169921875,,,,,,,,,,,,,0,,,,17.7017174,,,,,,300.00196835,,,,
,15569263.515,300.0018158,5397.90844726562,5.02187989534175,0.0034209418353008,1,0.999253354069792,40.0298881530762,1.99486575014741,11.6100003942847,27.3374948332247,5.18427209326561,250,0.0204184570108413,5.020771500171,0.0414946206978121,300.0012512,300.0023804,5342.9970703125,5452.81982421875,56.0240057443905,20.8212700369298,8.512546,0,0,0,40,4449,299.99385,5397.90844726562,,,,,,,,,,,,,0,,,,17.5266352,,,,,,300.0018158,,,,
,15569264.545,300.0024872,5502.6953125,5.09356511030683,0.00333404987890093,1,0.999253354069792,40.0298881530762,1.99486979746086,11.6100003942847,27.7277213668084,5.25860339711332,250,0.0207684236379283,5.09244053994832,0.0421452469903934,300.0023804,300.002594,5452.81982421875,5552.57080078125,55.7942069597367,20.8173081963538,8.512546,0,0,0,40,4449,299.99265,5502.6953125,,,,,,,,,,,,,0,,,,17.6155062,,,,,,300.0024872,,,,
,15569265.595,300.0034027,5607.57495117188,5.16452125339249,0.00347036357149762,1,0.999253354069792,40.0298881530762,1.9947899064434,11.6100003942847,28.1106251471508,5.34383804705137,250,0.0232951788479629,5.16337146703742,0.0449691769039319,300.002594,300.0042114,5552.57080078125,5662.5791015625,55.8864391250059,20.8218896692386,8.512546,0,0,0,40,4449,299.99115,5607.57495117188,,,,,,,,,,,,,0,,,,17.6155062,,,,,,300.0034027,,,,
,15569266.66,300.0041504,5712.46997070313,5.23425461746066,0.00297274115632211,1,0.999253354069792,40.0298881530762,1.99479976632493,11.5999998524785,28.4925803396897,5.40384120069654,250,0.0213745319522758,5.2330985622291,0.0433414596284453,300.0040894,300.0042114,5662.5791015625,5762.36083984375,56.3413469231983,20.8193880581565,9.256284,0,0,0,40,4449,299.9898,5712.46997070313,,,,,,,,,,,,,0,,,,17.5266352,,,,,,300.0041504,,,,
,15569267.71,300.00325015,5817.27758789063,5.30236154970041,0.00301429218844476,1,0.999253354069792,40.0298881530762,1.9947812984886,11.6100003942847,28.8610290736031,5.48505718264761,250,0.0236631667860632,5.30118220288553,0.0459153762830214,300.0024109,300.0040894,5762.36083984375,5872.1943359375,55.9880508325059,20.814803838639,9.256284,0,0,0,40,4449,299.988,5817.27758789063,,,,,,,,,,,,,0,,,,17.6137476,,,,,,300.00325015,,,,
,15569268.82,300.0028076,5932.1943359375,5.37202686023366,0.00312214805694452,1,0.999253354069792,40.0298881530762,1.994722927402,11.6100003942847,29.239967791129,5.55383457828058,250,0.0233997502250068,5.37083454147838,0.0459441970405492,300.0024109,300.0032043,5872.1943359375,5992.1943359375,56.0537076281213,20.8193737556206,9.256284,0,0,0,40,4449,299.987,5932.1943359375,,,,,,,,,,,,,0,,,,17.6137476,,,,,,300.0028076,,,,
,15569269.84,300.0029449,6032.10083007812,5.43925572556913,0.00337226744558754,1,0.999253354069792,40.0298881530762,1.99474898825624,11.6100003942847,29.6046907900626,5.63193746333621,250,0.025258321874321,5.43804192602808,0.0480841886979031,300.0026855,300.0032043,5992.1943359375,6072.00732421875,55.9927406036213,20.8209665544718,9.256284,0,0,0,40,4449,299.98815,6032.10083007812,,,,,,,,,,,,,0,,,,17.7905884,,,,,,300.0029449,,,,
,15569270.86,300.0030212,6132.05224609375,5.50757731386554,0.00344526396558474,1,0.999253354069792,40.0298881530762,1.99462178735259,11.6100003942847,29.9741335289857,5.70530860664229,250,0.0261235558658353,5.50634597158194,0.0492358351204247,300.0026855,300.0033569,6072.00732421875,6192.09716796875,56.0005568888136,20.8198648481395,9.628152,0,0,0,40,4449,299.98695,6132.05224609375,,,,,,,,,,,,,0,,,,17.7905884,,,,,,300.0030212,,,,
,15569272.06,300.0037689,6252.00341796875,5.57471689989739,0.00302922488671275,1,0.999253354069792,40.0298881530762,1.9948773261619,11.6100003942847,30.3468961595993,5.75628835141836,250,0.0229010690015449,5.57348527470981,0.0462956338311805,300.0033569,300.0041809,6192.09716796875,6311.90966796875,56.1717335345252,20.8154201391609,8.512546,0,0,0,40,4449,299.985,6252.00341796875,,,,,,,,,,,,,0,,,,17.7017174,,,,,,300.0037689,,,,
,15569273.2,300.0037689,6366.904296875,5.64055478704959,0.00299622125592629,1,0.999253354069792,40.0298881530762,1.99466609289805,11.6100003942847,30.7003182932939,5.83341867064856,250,0.0249617314219419,5.63930114697416,0.0486317822296386,300.0033569,300.0041809,6311.90966796875,6421.89892578125,55.7183889933713,20.8221999424996,8.512546,0,0,0,40,4449,299.98595,6366.904296875,,,,,,,,,,,,,0,,,,17.6137476,,,,,,300.0037689,,,,
,15569274.27,300.00404355,6477.423828125,5.70627028190744,0.00311263085240417,1,0.999253354069792,40.0298881530762,1.99457746607035,11.6100003942847,31.0551157259711,5.90938862080172,250,0.0267697996375323,5.70499563509275,0.0507150647430304,300.0033569,300.0047302,6421.89892578125,6532.94873046875,55.9067614665059,20.8203801241132,8.512546,0,0,0,40,4449,299.9849,6477.423828125,,,,,,,,,,,,,0,,,,17.6137476,,,,,,300.00404355,,,,
,15569275.375,300.0044098,6588.13745117187,5.8392165108503,0.00281199714874726,1,0.999253354069792,40.0298881530762,1.99454514795687,11.6100003942847,31.7809412486281,6.03188625297844,250,0.0246243193374534,5.83792374552849,0.0491276915560523,300.0040894,300.0047302,6532.94873046875,6643.326171875,55.6816524529674,20.8158861846873,8.512546,0,0,0,40,4449,299.98475,6588.13745117187,,,,,,,,,,,,,0,,,,17.7017174,,,,,,300.0044098,,,,
,15569276.525,300.0045166,6698.29907226563,5.8991406658869,0.00280847214589397,1,0.999253354069792,40.0298881530762,1.99475607665682,11.6100003942847,32.1056184219868,6.12019752301186,250,0.029610171908545,5.89781478603399,0.0543636364059434,300.0040894,300.0049438,6643.326171875,6753.27197265625,56.1029502248329,20.8239003909183,9.256284,0,0,0,40,4449,299.98525,6698.29907226563,,,,,,,,,,,,,0,,,,17.7017174,,,,,,300.0045166,,,,
,15569277.565,300.0046997,6803.3046875,5.96492722047302,0.00307066958435424,1,0.999253354069792,40.0298881530762,1.9946145917708,11.6100003942847,32.4644187918033,6.17180477236521,250,0.0269635365760807,5.96359903360598,0.0519934084607744,300.0044556,300.0049438,6753.27197265625,6853.33740234375,55.9106696091021,20.8217972072022,8.512546,0,0,0,40,4449,299.98425,6803.3046875,,,,,,,,,,,,,0,,,,17.7017174,,,,,,300.0046997,,,,
,15569278.635,300.0041199,6913.30419921875,6.0272703693794,0.00334096409872763,1,0.999253354069792,40.0298881530762,1.99450384913013,11.6100003942847,32.8014827044001,6.23849214498621,250,0.0277083558899663,6.02592653333114,0.0529992759055878,300.0037842,300.0044556,6853.33740234375,6973.27099609375,56.0654320559098,20.8133147439544,9.256284,0,0,0,40,4449,299.9852,6913.30419921875,,,,,,,,,,,,,0,,,,17.7017174,,,,,,300.0041199,,,,
,15569279.83,300.0041199,7028.32495117187,6.08874753774136,0.00329176497949617,1,0.999253354069792,40.0298881530762,1.99375795463501,11.6100003942847,33.1245492446227,6.29670864339254,250,0.0274188432629779,6.08739243710824,0.0529674394357652,300.0037842,300.0044556,6973.27099609375,7083.37890625,56.3147715535444,20.8240360903303,8.512546,0,0,0,40,4449,299.98535,7028.32495117187,,,,,,,,,,,,,0,,,,17.7905884,,,,,,300.0041199,,,,
,15569280.93,300.0048218,7138.30029296875,6.14999605268356,0.00309139171191169,1,0.999253354069792,40.0298881530762,1.99370871827029,11.6100003942847,33.4559812684377,6.36513456880999,250,0.0286572026073089,6.14862316017789,0.0544622258768859,300.0044556,300.005188,7083.37890625,7193.2216796875,55.9325552076405,20.8222431452057,9.256284,0,0,0,40,4449,299.98535,7138.30029296875,,,,,,,,,,,,,0,,,,17.7026186,,,,,,300.0048218,,,,
,15569282.07,300.0050659,7253.22412109375,6.21175908528111,0.00269796421036339,1,0.999253354069792,40.0298881530762,1.99392908206404,11.6100003942847,33.7957582996842,6.42897052350509,250,0.0288021913299772,6.21037300123664,0.0548658805157852,300.0049438,300.005188,7193.2216796875,7313.2265625,56.0638687988713,20.8154079762381,9.256284,0,0,0,40,4449,299.9865,7253.22412109375,,,,,,,,,,,,,0,,,,17.7026186,,,,,,300.0050659,,,,
,15569283.29,300.0052795,7373.1083984375,6.33443388870183,0.00313018915097557,1,0.999253354069792,40.0298881530762,1.99454935138637,11.6100003942847,34.4744087164372,6.55375586785571,250,0.0286063430100888,6.33302363421171,0.0551844836561103,300.0049438,300.0056152,7313.2265625,7432.990234375,55.923957293929,20.8136018616967,9.256284,0,0,0,40,4449,299.98655,7373.1083984375,,,,,,,,,,,,,0,,,,17.7905884,,,,,,300.0052795,,,,
,15569284.475,300.0058746,7492.91235351562,6.39378508768472,0.00277766836470153,1,0.999253354069792,40.0298881530762,1.99468357182572,11.6100003942847,34.8003870264817,6.61190708750025,250,0.0281976657511825,6.39236436795686,0.0550244919647283,300.0056152,300.006134,7432.990234375,7552.83447265625,56.0365118006982,20.8125557389439,9.256284,0,0,0,40,4449,299.987,7492.91235351562,,,,,,,,,,,,,0,,,,17.7905884,,,,,,300.0058746,,,,
,15569285.555,300.0061035,7602.97290039063,6.44993430946724,0.00271917508162385,1,0.999253354069792,40.0298881530762,1.99446854302097,11.6100003942847,35.1006724808467,6.67809655940684,250,0.0300662009182045,6.44849431073947,0.0571277520040365,300.006073,300.006134,7552.83447265625,7653.111328125,55.8981635527944,20.8080437172804,8.512546,0,0,0,40,4449,299.98825,7602.97290039063,,,,,,,,,,,,,0,,,,17.7026186,,,,,,300.0061035,,,,
,15569286.62,300.0055542,7707.96240234375,6.50857584554622,0.00276770674627032,1,0.999253354069792,40.0298881530762,1.9940411857192,11.6100003942847,35.4099806219807,6.75046646523321,250,0.0327384462218406,6.50711285381232,0.0600452105482496,300.0050354,300.006073,7653.111328125,7762.8134765625,56.0232241158713,20.8185020137968,8.884414,0,0,0,40,4449,299.9878,7707.96240234375,,,,,,,,,,,,,0,,,,17.5257778,,,,,,300.0055542,,,,
,15569287.625,300.0048828,7807.853515625,6.56532779967533,0.00264323676946025,1,0.999253354069792,40.0298881530762,1.99393650336571,11.6100003942847,35.7179264831029,6.80351499504126,250,0.0320208659873805,6.56385646823357,0.059565497016761,300.0047302,300.0050354,7762.8134765625,7852.8935546875,56.0677769414675,20.8233802325893,9.256284,0,0,0,40,4449,299.98845,7807.853515625,,,,,,,,,,,,,0,,,,17.7026186,,,,,,300.0048828,,,,
,15569288.615,300.0056305,7907.890625,6.62544805526591,0.00300218106074967,1,0.999253354069792,40.0298881530762,1.99383690443284,11.6100003942847,36.0439652424268,6.8616128497269,250,0.0316039119278237,6.62396608708738,0.0594005366830603,300.0047302,300.0065308,7852.8935546875,7962.8876953125,55.9153593802175,20.8240747950592,8.512546,0,0,0,40,4449,299.9885,7907.890625,,,,,,,,,,,,,0,,,,17.7026186,,,,,,300.0056305,,,,
,15569289.805,300.0059967,8027.890625,6.68231158594664,0.00284810448787614,1,0.999253354069792,40.0298881530762,1.99389015851543,11.6100003942847,36.3540349474815,6.9219096878078,250,0.0321007603826129,6.68081590323463,0.0601354985799367,300.0054626,300.0065308,7962.8876953125,8092.8935546875,56.2420801012559,20.8226828041682,9.256284,0,0,0,40,4449,299.98805,8027.890625,,,,,,,,,,,,,0,,,,17.7026186,,,,,,300.0059967,,,,
,15569290.87,300.0054626,8137.80908203125,6.73918526843391,0.00279248984878743,1,0.999253354069792,40.0298881530762,1.99386497692066,11.6100003942847,36.6620698938958,6.98573439139763,250,0.0332923044994026,6.73767318894457,0.0615649336993942,300.0054626,300.0054626,8092.8935546875,8182.724609375,55.903634952429,20.8235169210822,8.512546,0,0,0,40,4449,299.989,8137.80908203125,,,,,,,,,,,,,0,,,,17.7026186,,,,,,300.0054626,,,,
,15569291.89,300.0057983,8237.61865234375,6.79381662121587,0.00278594176958512,1,0.999253354069792,40.0298881530762,1.9938852599944,11.6100003942847,36.9602403652086,7.03918645191358,250,0.0329662549905494,6.7922947529193,0.0614676855121835,300.0054626,300.006134,8182.724609375,8292.5126953125,56.0552708851598,20.8189010227249,8.884414,0,0,0,40,4449,299.9901,8237.61865234375,,,,,,,,,,,,,0,,,,17.7026186,,,,,,300.0057983,,,,
,15569293.06,300.0058136,8352.54931640625,6.85052349341371,0.00290957975026634,1,0.999253354069792,40.0298881530762,1.99382994607863,11.6100003942847,37.2685514370479,7.0933392215717,250,0.0324319159100355,6.84899236138813,0.0611709560028462,300.0054932,300.006134,8292.5126953125,8412.5859375,55.7926437026982,20.8215156784206,9.256284,0,0,0,40,4449,299.9901,8352.54931640625,,,,,,,,,,,,,0,,,,17.8794594,,,,,,300.0058136,,,,
,15569294.045,300.0054932,8452.556640625,6.90393855712656,0.002854802437349,1,0.999253354069792,40.0298881530762,1.99382994607863,11.6100003942847,37.5571818446423,7.15922523729303,250,0.034627629015042,6.9023874387958,0.0635901329246895,300.0054932,300.0054932,8412.5859375,8492.52734375,56.0959155681598,20.8215156784206,9.256284,0,0,0,40,4449,299.9886,8452.556640625,,,,,,,,,,,,,0,,,,17.7026186,,,,,,300.0054932,,,,
,15569294.965,300.0056305,8542.5419921875,6.96115922451642,0.00212785204177683,1,0.999253354069792,40.0298881530762,1.99431471305692,11.6100003942847,37.8781787885321,7.21626990027686,250,0.0341799988479236,6.95959833340018,0.0633823469017188,300.0054932,300.0057678,8492.52734375,8592.556640625,55.9184858942944,20.8150780307678,8.512546,0,0,0,40,4449,299.9885,8542.5419921875,,,,,,,,,,,,,0,,,,17.7026186,,,,,,300.0056305,,,,
,15569295.975,300.00686645,8642.4736328125,7.01309395372508,0.00258837943070359,1,0.999253354069792,40.0298881530762,1.99377857793947,11.6100003942847,38.1503410907314,7.27052140249838,250,0.0348613547342918,7.01151935028048,0.0642810762045671,300.0057678,300.0079651,8592.556640625,8692.390625,56.2311373019867,20.8190698573855,8.884414,0,0,0,40,4449,299.9885,8642.4736328125,,,,,,,,,,,,,0,,,,17.8794594,,,,,,300.00686645,,,,
,15569297.015,300.0073242,8747.43798828125,7.06649263582514,0.00294414825667555,1,0.999253354069792,40.0298881530762,1.9938018546344,11.6100003942847,38.4403315267988,7.3309723257603,250,0.0360472168715481,7.0649021147767,0.0656902381737853,300.0066833,300.0079651,8692.390625,8802.4853515625,55.5878570306597,20.8200964350065,8.512546,0,0,0,40,4449,299.98925,8747.43798828125,,,,,,,,,,,,,0,,,,17.7026186,,,,,,300.0073242,,,,
,15569298.18,300.00711055,8867.5107421875,7.17430040635235,0.00326721612014819,1,0.999253354069792,40.0298881530762,1.99400664871041,11.6100003942847,39.0316324760564,7.43849651559333,250,0.0356678866885753,7.17268964378536,0.065762670791137,300.0066833,300.0075378,8802.4853515625,8932.5361328125,56.3272776098521,20.8269160965482,8.512546,0,0,0,40,4449,299.99065,8867.5107421875,,,,,,,,,,,,,0,,,,17.6137476,,,,,,300.00711055,,,,
,15569299.415,300.00736995,8992.44482421875,7.22588098429273,0.00296405746791865,1,0.999253354069792,40.0298881530762,1.99387834655247,11.6100003942847,39.3083596678659,7.49921629549112,250,0.0373406336350231,7.22425267210691,0.0676510807985653,300.0072021,300.0075378,8932.5361328125,9052.353515625,55.8067130160444,20.820990420337,9.256284,0,0,0,40,4449,299.98975,8992.44482421875,,,,,,,,,,,,,0,,,,17.6137476,,,,,,300.00736995,,,,
,15569300.525,300.0072021,9102.37255859375,7.28188152667614,0.00299498010689986,1,0.999253354069792,40.0298881530762,1.99394881463797,11.6100003942847,39.6153696741881,7.55217531787872,250,0.0366349020715856,7.28024484474677,0.0671801713529315,300.0072021,300.0072021,9052.353515625,9152.3916015625,55.8067130160444,20.8163596079853,8.512546,0,0,0,40,4449,299.98825,9102.37255859375,,,,,,,,,,,,,0,,,,17.5257778,,,,,,300.0072021,,,,
,15569302.635,300.0085144,9312.3115234375,7.33056946785306,0.00273727890402054,1,0.999253354069792,40.0298881530762,1.99373047521221,11.6100003942847,39.8747893207385,7.60831207022554,250,0.0380658936055381,7.328916591213,0.0688143744974345,300.0085144,300.0085144,9302.3291015625,9322.2939453125,55.5917651732559,20.8224030331965,9.256284,0,0,0,40,4449,299.9872,9312.3115234375,,,,,,,,,,,,,0,,,,17.8794594,,,,,,300.0085144,,,,
,15569303.32,300.00845335,9377.333984375,7.43275596587152,0.00268720850288198,1,0.999253354069792,40.0298881530762,1.99385038965083,11.6100003942847,40.4333550365798,7.71294080716099,250,0.038251362019428,7.43108155883614,0.0694280964033596,300.0083923,300.0085144,9322.2939453125,9432.3740234375,55.6582035973905,20.8220967304935,8.512546,0,0,0,40,4449,299.9885,9377.333984375,,,,,,,,,,,,,0,,,,17.7905884,,,,,,300.00845335,,,,
,15569304.455,300.0085449,9492.330078125,7.48581831576696,0.00268361919158988,1,0.999253354069792,40.0298881530762,1.99364482151001,11.6100003942847,40.7167397525829,7.77356122975412,250,0.0396892258125441,7.48412710129166,0.0710877241851842,300.0083923,300.0086975,9432.3740234375,9552.2861328125,56.0200976017944,20.8217612722413,9.256284,0,0,0,40,4449,299.989,9492.330078125,,,,,,,,,,,,,0,,,,17.7017174,,,,,,300.0085449,,,,
,15569305.535,300.00839235,9602.29638671875,7.53643999421172,0.00292469801829425,1,0.999253354069792,40.0298881530762,1.99402384581874,11.6100003942847,41.0003368895606,7.82403022674866,250,0.039306294355063,7.53474016251687,0.0709168201640839,300.0080872,300.0086975,9552.2861328125,9652.306640625,55.4549801823905,20.8191770209832,9.256284,0,0,0,40,4449,299.98855,9602.29638671875,,,,,,,,,,,,,0,,,,17.7905884,,,,,,300.00839235,,,,
,15569306.625,300.0076752,9712.32421875,7.58712731901077,0.00272716836825217,1,0.999253354069792,40.0298881530762,1.99390058841002,11.6100003942847,41.2731967645629,7.87837294237796,250,0.0399742265849015,7.5854145987429,0.0717969170739198,300.0072632,300.0080872,9652.306640625,9772.341796875,55.7051013085443,20.8180353911866,9.256284,0,0,0,40,4449,299.98745,9712.32421875,,,,,,,,,,,,,0,,,,17.7905884,,,,,,300.0076752,,,,
,15569307.67,300.0073395,9817.64013671875,7.63882084774206,0.00285012681547483,1,0.999253354069792,40.0298881530762,1.99418366025042,11.6100003942847,41.5600376858825,7.93379061233701,250,0.0403650653755231,7.63709612133912,0.0724039095966233,300.0072632,300.0074158,9772.341796875,9862.9384765625,55.9591305772944,20.817086608439,8.884414,0,0,0,40,4449,299.98875,9817.64013671875,,,,,,,,,,,,,0,,,,17.7017174,,,,,,300.0073395,,,,
,15569308.615,300.0077515,9912.99267578125,7.68814103979094,0.00256486831155863,1,0.999253354069792,40.0298881530762,1.99407249062462,11.6100003942847,41.8263695460047,7.98311163008646,250,0.0403561424062025,7.68640622460432,0.072601578754895,300.0074158,300.0080872,9862.9384765625,9963.046875,55.2564465385058,20.819913467728,9.256284,0,0,0,40,4449,299.98785,9912.99267578125,,,,,,,,,,,,,0,,,,17.7905884,,,,,,300.0077515,,,,
,15569309.64,300.00862125,10013.0708007813,7.73926022349325,0.00233724991786,1,0.999253354069792,40.0298881530762,1.99413930267842,11.6100003942847,42.1064602828681,8.03316765246568,250,0.0400205177092648,7.73751611379011,0.0724809191302431,300.0080872,300.0091553,9963.046875,10063.0947265625,55.842667927929,20.821261223782,8.512546,0,0,0,40,4449,299.9808,10013.0708007813,,,,,,,,,,,,,0,,,,17.8794594,,,,,,300.00862125,,,,
,15569310.69,300.0087738,10113.109375,7.78781286409915,0.00248302044669238,1,0.999253354069792,40.0298881530762,1.99402345759276,11.6100003942847,42.3668346627386,8.09056236986653,250,0.0416406432359994,7.78605200882569,0.074304567444611,300.0083923,300.0091553,10063.0947265625,10163.1240234375,55.8575188697944,20.815012832914,8.512546,0,0,0,40,4449,299.97595,10113.109375,,,,,,,,,,,,,0,,,,17.7905884,,,,,,300.0087738,,,,
,15569311.68,300.00863645,10213.1821289062,7.8370879409374,0.00270206579730361,1,0.999253354069792,40.0298881530762,1.99396064887533,11.6100003942847,42.6340317833407,8.1391175317501,250,0.0414664966195878,7.83531786803857,0.0743367129214909,300.0083923,300.0088806,10163.1240234375,10263.240234375,56.1740784200829,20.8229111244393,9.256284,0,0,0,40,4449,299.97595,10213.1821289062,,,,,,,,,,,,,0,,,,17.7905884,,,,,,300.00863645,,,,
,15569312.765,300.0085449,10323.2373046875,7.88513227230736,0.0023073708865769,1,0.999253354069792,40.0298881530762,1.99391916582137,11.6100003942847,42.8933463749549,8.19520339912551,250,0.042888396967796,7.88334652132314,0.0759594412267909,300.0082092,300.0088806,10263.240234375,10383.234375,55.6605484829482,20.8175502307763,8.512546,0,0,0,40,4449,299.97535,10323.2373046875,,,,,,,,,,,,,0,,,,17.7905884,,,,,,300.0085449,,,,
,15569313.78,300.0084686,10428.22265625,7.93568814652656,0.00266101188382626,1,0.999253354069792,40.0298881530762,1.99366662599658,11.6100003942847,43.1625540423583,8.24928969349681,250,0.0436342534247462,7.9338890490887,0.0769166925995911,300.0082092,300.008728,10383.234375,10473.2109375,55.7519990196982,20.8157941811109,9.256284,0,0,0,40,4449,299.9757,10428.22265625,,,,,,,,,,,,,0,,,,17.7017174,,,,,,300.0084686,,,,
,15569315.58,300.0093689,10608.2944335938,7.98357262533172,0.00252955051888004,1,0.999253354069792,40.0298881530762,1.99388837093707,11.6100003942847,43.4270101887244,8.30372693316411,250,0.0445890820991884,7.9817595969481,0.0780713215670069,300.0093689,300.0093689,10603.3525390625,10613.236328125,56.2131598460444,20.8202926624056,8.884414,0,0,0,40,4449,299.97585,10608.2944335938,,,,,,,,,,,,,0,,,,17.7017174,,,,,,300.0093689,,,,
,15569317.025,300.0094757,10748.146484375,8.08468599979725,0.00281655167768189,1,0.999253354069792,40.0298881530762,1.9940531060399,11.6100003942847,43.9825191771614,8.39902753415,250,0.0432186239384239,8.08285822162078,0.077124085301588,300.0090637,300.0098877,10743.109375,10753.18359375,56.3694855498906,20.8197111714863,8.512546,0,0,0,40,4449,299.97995,10748.146484375,,,,,,,,,,,,,0,,,,17.8794594,,,,,,300.0094757,,,,
,15569317.72,300.00979615,10818.1430664062,8.13218126509872,0.00258934976623655,1,0.999253354069792,40.0298881530762,1.9941292848772,11.6100003942847,44.2416525517659,8.45353278113679,250,0.0443633125499576,8.13033896142019,0.078467338366968,300.0097046,300.0098877,10753.18359375,10883.1025390625,55.331482876352,20.8227302058026,8.884414,0,0,0,40,4449,299.98065,10818.1430664062,,,,,,,,,,,,,0,,,,17.7905884,,,,,,300.00979615,,,,
,15569318.945,300.0099182,10943.1127929688,8.18044772888911,0.003027480232413,1,0.999253354069792,40.0298881530762,1.99392646877886,11.6100003942847,44.4988434553206,8.50815506957295,250,0.0455990617745045,8.1785904410917,0.0799046585915546,300.0097046,300.0101318,10883.1025390625,11003.123046875,55.9474061495059,20.8200779278759,9.256284,0,0,0,40,4449,299.98085,10943.1127929688,,,,,,,,,,,,,0,,,,17.7905884,,,,,,300.0099182,,,,
,15569320.13,300.0098877,11063.15234375,8.23050955838272,0.00312396251929188,1,0.999253354069792,40.0298881530762,1.994028495777,11.6100003942847,44.7720949925879,8.56766926984052,250,0.0471679606890788,8.22863558177653,0.0816824716255683,300.0096436,300.0101318,11003.123046875,11123.181640625,55.578477488429,20.8213304852448,8.884414,0,0,0,40,4449,299.98205,11063.15234375,,,,,,,,,,,,,0,,,,17.8794594,,,,,,300.0098877,,,,
,15569321.285,300.0094452,11178.2709960938,8.33234424728843,0.00297306558649105,1,0.999253354069792,40.0298881530762,1.99404554157234,11.6100003942847,45.3297553277175,8.65582185284657,250,0.0444603313350003,8.33046109123993,0.0794019173844823,300.0092468,300.0096436,11123.181640625,11233.3603515625,56.1818947052752,20.8199587279289,9.256284,0,0,0,40,4449,299.98245,11178.2709960938,,,,,,,,,,,,,0,,,,17.7905884,,,,,,300.0094452,,,,
,15569322.41,300.0099945,11288.2939453125,8.37742752716208,0.00267706165108583,1,0.999253354069792,40.0298881530762,1.99415868899215,11.6100003942847,45.5735477028437,8.72466001340187,250,0.0486536595883163,8.37551749010518,0.0837829335092212,300.0092468,300.0107422,11233.3603515625,11343.2275390625,56.3952792910252,20.8241421879121,9.256284,0,0,0,40,4449,299.98245,11288.2939453125,,,,,,,,,,,,,0,,,,17.7017174,,,,,,300.0099945,,,,
,15569323.535,300.0101013,11398.1479492187,8.42705091402434,0.00232131000065045,1,0.999253354069792,40.0298881530762,1.99398338638057,11.6100003942847,45.8412308321155,8.76664266981921,250,0.0472997527366577,8.42513648214889,0.0826368197056111,300.0094604,300.0107422,11343.2275390625,11453.068359375,55.5018778935443,20.8134588720272,8.512546,0,0,0,40,4449,299.9829,11398.1479492187,,,,,,,,,,,,,0,,,,17.8803339,,,,,,300.0101013,,,,
,15569324.715,300.00978085,11518.0727539062,8.476754382785,0.00305026237076246,1,0.999253354069792,40.0298881530762,1.99415071291182,11.6100003942847,46.1143333641157,8.82471338975411,250,0.0486154236040232,8.47482446802778,0.0841601495916257,300.0094604,300.0101013,11453.068359375,11583.0771484375,56.0349485436598,20.8218053084429,9.256284,0,0,0,40,4449,299.9824,11518.0727539062,,,,,,,,,,,,,0,,,,17.8803339,,,,,,300.00978085,,,,
,15569325.715,300.0101013,11623.068359375,8.52786994731737,0.00324914035344583,1,0.999253354069792,40.0298881530762,1.99403614082197,11.6100003942847,46.3911061066401,8.87042925776199,250,0.0476237272837837,8.52593375577594,0.0833823477065805,300.0101013,300.0101013,11583.0771484375,11663.0595703125,55.8153109297559,20.8173111844795,8.884414,0,0,0,40,4449,299.9835,11623.068359375,,,,,,,,,,,,,0,,,,17.7017174,,,,,,300.0101013,,,,
,15569326.67,300.01086425,11718.0776367188,8.57692543094013,0.00364011217676625,1,0.999253354069792,40.0298881530762,1.99438528743334,11.6100003942847,46.6663928200601,8.92047566935252,250,0.0474388705719313,8.57497985010704,0.0834026438800636,300.0101013,300.0116272,11663.0595703125,11773.095703125,55.934118464679,20.8171247522489,8.884414,0,0,0,40,4449,299.98445,11718.0776367188,,,,,,,,,,,,,0,,,,17.7017174,,,,,,300.01086425,,,,
,15569327.805,300.011261,11828.1303710938,8.62457393560606,0.00289826615210215,1,0.999253354069792,40.0298881530762,1.99439668548772,11.6100003942847,46.9251442281908,8.97419016149633,250,0.0484573450264095,8.62261433431721,0.0846199741392986,300.0108948,300.0116272,11773.095703125,11883.1650390625,56.3108634109483,20.8138420356191,9.256284,0,0,0,40,4449,299.98585,11828.1303710938,,,,,,,,,,,,,0,,,,17.8803339,,,,,,300.011261,,,,
,15569328.815,300.0114899,11928.1791992187,8.67307269650528,0.00249476195181664,1,0.999253354069792,40.0298881530762,1.99398094292154,11.6100003942847,47.1764688602099,9.03878563056708,250,0.0516622349492239,8.67108976776458,0.0880269995965382,300.0108948,300.012085,11883.1650390625,11973.193359375,55.9388082357944,20.8198381825465,8.884414,0,0,0,40,4449,299.98645,11928.1791992187,,,,,,,,,,,,,0,,,,17.8803339,,,,,,300.0114899,,,,
,15569329.825,300.01210025,12028.1840820312,8.72686537396255,0.00245014048247235,1,0.999253354069792,40.0298881530762,1.99406255727404,11.6100003942847,47.4741709053662,9.07790949127146,250,0.0488061591214234,8.72488330501724,0.0853967974978402,300.012085,300.0121155,11973.193359375,12083.1748046875,55.7152624792944,20.8226898191522,8.512546,0,0,0,40,4449,299.9849,12028.1840820312,,,,,,,,,,,,,0,,,,17.7017174,,,,,,300.01210025,,,,
,15569330.985,300.0118561,12143.201171875,8.77759033838962,0.00282855068533305,1,0.999253354069792,40.0298881530762,1.99408660964416,11.6100003942847,47.7481684445431,9.14431102487907,250,0.0515745154351956,8.77558644807059,0.0883769325687799,300.0115967,300.0121155,12083.1748046875,12203.2275390625,55.7551255337751,20.819515514016,8.512546,0,0,0,40,4449,299.98335,12143.201171875,,,,,,,,,,,,,0,,,,17.8803339,,,,,,300.0118561,,,,
,15569332.09,300.0119934,12258.189453125,8.82961147612614,0.00294464562902892,1,0.999253354069792,40.0298881530762,1.99446581974497,11.6100003942847,48.0443942178632,9.17682142057119,250,0.0475867638010602,8.82761375679698,0.0846073342871138,300.0115967,300.0123901,12203.2275390625,12313.1513671875,55.9208307798521,20.8145946570614,9.256284,0,0,0,40,4449,299.98475,12258.189453125,,,,,,,,,,,,,0,,,,17.8803339,,,,,,300.0119934,,,,
,15569333.195,300.012619,12368.19140625,8.87839014518191,0.00361166780741222,1,0.999253354069792,40.0298881530762,1.99442842925411,11.6100003942847,48.3050615461515,9.24820599996166,250,0.0516795481599043,8.87636518745027,0.0889032265416066,300.0123901,300.0128479,12313.1513671875,12423.2314453125,56.0912257970444,20.813407443978,9.256284,0,0,0,40,4449,299.9849,12368.19140625,,,,,,,,,,,,,0,,,,17.8803339,,,,,,300.012619,,,,
,15569334.43,300.01283265,12488.21484375,8.98125676359232,0.00329946724963745,1,0.999253354069792,40.0298881530762,1.99440670461952,11.6100003942847,48.8643837558894,9.35434031655126,250,0.0521103064949359,8.97920902735814,0.0897648213962626,300.0128174,300.0128479,12423.2314453125,12553.1982421875,55.9309919506021,20.8158905936022,8.884414,0,0,0,40,4449,299.9836,12488.21484375,,,,,,,,,,,,,0,,,,18.0589504,,,,,,300.01283265,,,,
,15569335.555,300.01339725,12603.244140625,9.0340515734499,0.00300863571011129,1,0.999253354069792,40.0298881530762,1.99448771278363,11.6100003942847,49.1529897779186,9.41283301934213,250,0.0529924913470613,9.03198927822572,0.0908674437513635,300.0128174,300.0139771,12553.1982421875,12653.2900390625,56.7290346687368,20.8073526947901,9.256284,0,0,0,40,4449,299.98455,12603.244140625,,,,,,,,,,,,,0,,,,17.8803339,,,,,,300.01339725,,,,
,15569337.01,300.01324465,12748.2861328125,9.13792451711093,0.0033682719856019,1,0.999253354069792,40.0298881530762,1.99474182034411,11.6100003942847,49.7264816463266,9.51060690888808,250,0.0514663689325483,9.13584759834593,0.0897764435758928,300.0125122,300.0139771,12653.2900390625,12843.2822265625,56.1521928215444,20.8090644054673,8.512546,0,0,0,40,4449,299.98435,12748.2861328125,,,,,,,,,,,,,0,,,,17.8803339,,,,,,300.01324465,,,,
,15569338.5,300.0132904,12898.2944335938,9.19071407547909,0.00314167866428056,1,0.999253354069792,40.0298881530762,1.99469111231979,11.6100003942847,50.0089629205306,9.58444736325521,250,0.0552770685072834,9.18861047713294,0.0938070864123136,300.0125122,300.0140686,12843.2822265625,12953.306640625,56.1951823901021,20.8084897148855,8.884414,0,0,0,40,4449,299.983,12898.2944335938,,,,,,,,,,,,,0,,,,18.0589504,,,,,,300.0132904,,,,
,15569339.515,300.0140686,12998.3491210938,9.24402852676537,0.00344389168203587,1,0.999253354069792,40.0298881530762,1.99449545771266,11.6100003942847,50.2943915537994,9.63835462435728,250,0.0554569558089282,9.24191309564328,0.0942100740833195,300.0140686,300.0140686,12953.306640625,13043.3916015625,56.1506295645059,20.8134997998885,8.884414,0,0,0,40,4449,299.98205,12998.3491210938,,,,,,,,,,,,,0,,,,17.8803339,,,,,,300.0140686,,,,
,15569340.565,300.0135956,13103.8432617188,9.29817649823891,0.00342713425214957,1,0.999253354069792,40.0298881530762,1.99466664138323,11.6100003942847,50.5940999004365,9.69093805351623,250,0.0549221598708343,9.29605250143312,0.0939018861656614,300.0131226,300.0140686,13043.3916015625,13164.294921875,56.1772049341598,20.8094546820985,8.884414,0,0,0,40,4449,299.98175,13103.8432617188,,,,,,,,,,,,,0,,,,17.7017174,,,,,,300.0135956,,,,
,15569341.55,300.0131226,13204.3540039062,9.35232573523688,0.00336524528551819,1,0.999253354069792,40.0298881530762,1.99469860046057,11.6100003942847,50.8894589158382,9.74795274027094,250,0.0553207240045502,9.35018926133178,0.0945268643394966,300.0131226,300.0131226,13164.294921875,13244.4130859375,56.3616692646983,20.8081881876038,8.512546,0,0,0,40,4449,299.98165,13204.3540039062,,,,,,,,,,,,,0,,,,17.7017174,,,,,,300.0131226,,,,
,15569343.38,300.01507565,13389.6918945313,9.41064969613123,0.00310268513931449,1,0.999253354069792,40.0298881530762,1.99474791727244,11.6100003942847,51.2110756859537,9.79267459474644,250,0.0526736028212063,9.40851187533795,0.0921238028968101,300.0150146,300.0151367,13384.68359375,13394.7001953125,55.730895049679,20.8163094274832,8.884414,0,0,0,40,4449,299.9813,13389.6918945313,,,,,,,,,,,,,0,,,,17.7017174,,,,,,300.01507565,,,,
,15569344.89,300.0144043,13534.76953125,9.51808291085089,0.00319848522087403,1,0.999253354069792,40.0298881530762,1.99448903531388,11.6100003942847,51.7851503544556,9.9248195548534,250,0.0572418819916415,9.51590435697642,0.0971409538800581,300.0144043,300.0144043,13524.734375,13544.8046875,56.4765686570252,20.8121759352049,9.256284,0,0,0,40,4449,299.98015,13534.76953125,,,,,,,,,,,,,0,,,,17.7017174,,,,,,300.0144043,,,,
,15569345.57,300.0142517,13604.853515625,9.57445979127693,0.00365123329303517,1,0.999253354069792,40.0298881530762,1.99457132351348,11.6100003942847,52.0909217124521,10.0004817539299,250,0.0606057928751457,9.57225574027005,0.100740223580977,300.0140991,300.0144043,13544.8046875,13664.90234375,55.9896140895444,20.8115228882304,9.256284,0,0,0,40,4449,299.9797,13604.853515625,,,,,,,,,,,,,0,,,,17.8803339,,,,,,300.0142517,,,,
,15569346.605,300.0137787,13709.880859375,9.62981014147691,0.0031280824311308,1,0.999253354069792,40.0298881530762,1.99437824107293,11.6100003942847,52.3868725415323,10.0586703272176,250,0.0611998465120949,9.6275925487988,0.101565726984023,300.0134583,300.0140991,13664.90234375,13754.859375,55.8457944420059,20.8105298962615,8.884414,0,0,0,40,4449,299.97895,13709.880859375,,,,,,,,,,,,,0,,,,17.8803339,,,,,,300.0137787,,,,
,15569347.62,300.0143433,13814.9018554687,9.69279808880778,0.00332680152685387,1,0.999253354069792,40.0298881530762,1.99418060624884,11.6100003942847,52.7240192979694,10.1257354412055,250,0.0620140027358522,9.69056412085184,0.102643181717901,300.0134583,300.0152283,13754.859375,13874.9443359375,55.7668499615636,20.819679481126,8.512546,0,0,0,40,4449,299.97895,13814.9018554687,,,,,,,,,,,,,0,,,,17.7017174,,,,,,300.0143433,,,,
,15569348.785,300.01474,13929.8544921875,9.7468628125025,0.00364790447749105,1,0.999253354069792,40.0298881530762,1.99400345627712,11.6100003942847,53.0112969226636,10.1932816976924,250,0.064554861764687,9.74460711430038,0.105409478763998,300.0142517,300.0152283,13874.9443359375,13984.7646484375,55.5112574357751,20.825017805921,9.256284,0,0,0,40,4449,299.9791,13929.8544921875,,,,,,,,,,,,,0,,,,17.8803339,,,,,,300.01474,,,,
,15569349.88,300.0148773,14034.8422851562,9.80461837019637,0.00334178330715356,1,0.999253354069792,40.0298881530762,1.99406499117763,11.6100003942847,53.3292212526724,10.2421337579178,250,0.062760560945142,9.80235844111875,0.103857149248933,300.0142517,300.0155029,13984.7646484375,14084.919921875,56.1740784200829,20.8206092207003,9.256284,0,0,0,40,4449,299.9785,14034.8422851562,,,,,,,,,,,,,0,,,,18.0589504,,,,,,300.0148773,,,,
,15569350.955,300.0162048,14144.9013671875,9.86628128911677,0.00339879819532596,1,0.999253354069792,40.0298881530762,1.99420855058986,11.6100003942847,53.6658077808314,10.3211542551693,250,0.0657048534063287,9.86399601385139,0.107058998447555,300.0155029,300.0169067,14084.919921875,14204.8828125,56.2452066153329,20.8210102885978,9.256284,0,0,0,40,4449,299.9766,14144.9013671875,,,,,,,,,,,,,0,,,,17.8803339,,,,,,300.0162048,,,,
,15569352.15,300.0158844,14264.923828125,9.92893073130808,0.00372514797706005,1,0.999253354069792,40.0298881530762,1.99414895537567,11.6100003942847,54.0048340155983,10.3873130108517,250,0.0662921236964672,9.92663040086469,0.107908330015566,300.0148621,300.0169067,14204.8828125,14324.96484375,55.9880508325059,20.8389713941183,8.512546,0,0,0,40,4449,299.975,14264.923828125,,,,,,,,,,,,,0,,,,17.7017174,,,,,,300.0158844,,,,
,15569353.25,300.0151825,14374.9663085938,9.98993533730983,0.00327701086752518,1,0.999253354069792,40.0298881530762,1.99415745904325,11.6100003942847,54.3321786834494,10.476500707899,250,0.0713499913719149,9.98760170121682,0.113220295458598,300.0148621,300.0155029,14324.96484375,14424.9677734375,55.7965518452944,20.8354151617397,9.256284,0,0,0,40,4449,299.9747,14374.9663085938,,,,,,,,,,,,,0,,,,17.7905884,,,,,,300.0151825,,,,
,15569354.285,300.0150604,14480.0322265625,10.1108543421895,0.00367257462086114,1,0.999253354069792,40.0298881530762,1.99434354688131,11.6200000047684,55.0013220404784,10.5692258982417,250,0.0657791365454915,10.1085195447934,0.108156956625507,300.0146179,300.0155029,14424.9677734375,14535.0966796875,55.6816524529674,20.8289431071357,8.512546,0,0,0,40,4449,299.9742,14480.0322265625,,,,,,,,,,,,,0,,,,17.8794594,,,,,,300.0150604,,,,
,15569355.41,300.0149536,14590.1098632812,10.1716998878085,0.0036286692952434,1,0.999253354069792,40.0298881530762,1.99435141088171,11.6100003942847,55.3358918121341,10.6147116509269,250,0.0628413621882365,10.1693651109207,0.105474360045036,300.0146179,300.0152893,14535.0966796875,14645.123046875,56.1443765363521,20.8210983334343,9.256284,0,0,0,40,4449,299.97305,14590.1098632812,,,,,,,,,,,,,0,,,,17.9692049,,,,,,300.0149536,,,,
,15569356.46,300.0158539,14695.130859375,10.2331114992048,0.00360949989698941,1,0.999253354069792,40.0298881530762,1.99425807404768,11.6100003942847,55.6694632816976,10.6674019508078,250,0.0612184970426824,10.2307707523935,0.10410860579989,300.0152893,300.0164185,14645.123046875,14745.138671875,55.893473781679,20.8241059779164,8.884414,0,0,0,40,4449,299.97305,14695.130859375,,,,,,,,,,,,,0,,,,17.9692049,,,,,,300.0158539,,,,
,15569357.515,300.01676945,14805.0693359375,10.2940885017357,0.00420454829609603,1,0.999253354069792,40.0298881530762,1.99437218839214,11.6100003942847,56.0045018946314,10.7305235085116,250,0.0613927368747079,10.2917343307902,0.104537752089531,300.0164185,300.0171204,14745.138671875,14865,56.188147733429,20.8208951526805,9.256284,0,0,0,40,4449,299.9729,14805.0693359375,,,,,,,,,,,,,0,,,,17.8794594,,,,,,300.01676945,,,,
,15569358.685,300.016922,14920.0112304687,10.3564148588685,0.00328948270674969,1,0.999253354069792,40.0298881530762,1.99476107421657,11.6100003942847,56.3525491675239,10.8069675688777,250,0.0634948377645491,10.3540391839685,0.106900120742466,300.0167236,300.0171204,14865,14975.0224609375,55.8692432975828,20.8219371946881,9.256284,0,0,0,40,4449,299.97195,14920.0112304687,,,,,,,,,,,,,0,,,,17.9692049,,,,,,300.016922,,,,
,15569359.74,300.0167236,15025.0322265625,10.4202179607338,0.00322781015903811,1,0.999253354069792,40.0298881530762,1.99488891619453,11.6100003942847,56.6974562027397,10.9055554565652,250,0.0696373340715452,10.4178036679321,0.113308338381378,300.0167236,300.0167236,14975.0224609375,15075.0419921875,56.1951823901021,20.8209968615677,9.256284,0,0,0,40,4449,299.97085,15025.0322265625,,,,,,,,,,,,,0,,,,17.9692049,,,,,,300.0167236,,,,
,15569360.79,300.01623535,15130.1162109375,10.4805948651863,0.00332632161416327,1,0.999253354069792,40.0298881530762,1.99493589231522,11.6100003942847,57.0240502771366,10.986433214029,250,0.0732418696184463,10.4781534010339,0.117164794091279,300.0157471,300.0167236,15075.0419921875,15185.1904296875,56.3866813773137,20.8195936934412,9.256284,0,0,0,40,4449,299.96945,15130.1162109375,,,,,,,,,,,,,0,,,,17.9692049,,,,,,300.01623535,,,,
,15569361.9,300.0168152,15240.2153320313,10.5398034048528,0.00285156393906205,1,0.999253354069792,40.0298881530762,1.99483616349084,11.6100003942847,57.3470648478286,11.028213616844,250,0.0700312858006015,10.5373631688317,0.11420258390242,300.0157471,300.0178833,15185.1904296875,15295.240234375,56.5805252500829,20.8188330296883,9.256284,0,0,0,40,4449,299.968,15240.2153320313,,,,,,,,,,,,,0,,,,17.9692049,,,,,,300.0168152,,,,
,15569362.93,300.0175934,15345.2504882812,10.6006140220702,0.0036355184105651,1,0.999253354069792,40.0298881530762,1.99483616349084,11.6100003942847,57.6806403105396,11.0772472225243,250,0.0677569480182272,10.5981706995714,0.112182980135096,300.0173035,300.0178833,15295.240234375,15395.2607421875,56.1553193356213,20.8188330296883,8.884414,0,0,0,40,4449,299.96765,15345.2504882812,,,,,,,,,,,,,0,,,,17.8794594,,,,,,300.0175934,,,,
,15569364.04,300.01794435,15455.2670898438,10.6516008663062,0.0032072271044589,1,0.999253354069792,40.0298881530762,1.99515168090852,11.6100003942847,57.9722525575985,11.1039671417299,250,0.0628943501664329,10.6491675171462,0.10753403289519,300.0173035,300.0185852,15395.2607421875,15515.2734375,56.5508233663521,20.7993379693238,8.512546,0,0,0,40,4449,299.9695,15455.2670898438,,,,,,,,,,,,,0,,,,17.9692049,,,,,,300.01794435,,,,
,15569365.29,300.0179596,15580.244140625,10.7532560060838,0.00323702220891476,1,0.999253354069792,40.0298881530762,1.9948365790005,11.6100003942847,58.5112369406998,11.2366439003084,250,0.0687142529966182,10.7507776396667,0.11377799860052,300.017334,300.0185852,15515.2734375,15645.21484375,56.272563613506,20.8090648095787,9.256284,0,0,0,40,4449,299.96965,15580.244140625,,,,,,,,,,,,,0,,,,18.1496143,,,,,,300.0179596,,,,
,15569366.44,300.0172272,15695.2626953125,10.8078053577117,0.00311710832703479,1,0.999253354069792,40.0298881530762,1.9947161034004,11.6100003942847,58.8053816773652,11.2887282926155,250,0.0682823513946486,10.8053179997001,0.113574693329392,300.0171204,300.017334,15645.21484375,15745.310546875,56.0740299696213,20.8108122164155,8.512546,0,0,0,40,4449,299.96605,15695.2626953125,,,,,,,,,,,,,0,,,,18.0598688,,,,,,300.0172272,,,,
,15569367.54,300.01779175,15805.2841796875,10.8582853049431,0.00339416733469212,1,0.999253354069792,40.0298881530762,1.99452464170512,11.6100003942847,59.0699023003814,11.3652644851112,250,0.0731679301243146,10.8557670081531,0.118670421901424,300.0171204,300.0184631,15745.310546875,15865.2578125,55.9919589751021,20.8198580582755,8.884414,0,0,0,40,4449,299.9643,15805.2841796875,,,,,,,,,,,,,0,,,,17.9692049,,,,,,300.01779175,,,,
,15569368.665,300.0177612,15920.3061523438,10.9246780756064,0.00400959557069297,1,0.999253354069792,40.0298881530762,1.99403739968946,11.6100003942847,59.4234581276575,11.3968288346007,250,0.0671514466171934,10.9221715944025,0.112932461229445,300.0170593,300.0184631,15865.2578125,15975.3544921875,57.0119841926983,20.8217334140156,8.512546,0,0,0,40,4449,299.9654,15920.3061523438,,,,,,,,,,,,,0,,,,18.0589504,,,,,,300.0177612,,,,
,15569369.605,300.0170593,16015.3891601562,10.9807773708923,0.00380815980385605,1,0.999253354069792,40.0298881530762,1.99408231899864,11.6100003942847,59.7194663053122,11.5119657091725,250,0.077846483209643,10.9782149749505,0.123859919115423,300.0170593,300.0170593,15975.3544921875,16055.423828125,55.7824825319482,20.818246841075,8.884414,0,0,0,40,4449,299.96475,16015.3891601562,,,,,,,,,,,,,0,,,,18.0589504,,,,,,300.0170593,,,,
,15569370.59,300.01753235,16110.4321289062,11.0434502383692,0.00357006067711206,1,0.999253354069792,40.0298881530762,1.99421503212453,11.6100003942847,60.0754212977988,11.5179722494631,250,0.0671929073639989,11.040919726086,0.11346947055178,300.0170593,300.0180054,16055.423828125,16165.4404296875,56.015407830679,20.8277332280206,8.884414,0,0,0,40,4449,299.9706,16110.4321289062,,,,,,,,,,,,,0,,,,18.0589504,,,,,,300.01753235,,,,
,15569371.65,300.01823425,16215.4853515625,11.1004662309081,0.00374941603385429,1,0.999253354069792,40.0298881530762,1.99429727984374,11.6100003942847,60.3885837347641,11.5748145267405,250,0.0669746079794914,11.0979249393836,0.113488230996216,300.0180054,300.0184631,16165.4404296875,16265.5302734375,56.2600575571983,20.8203908054163,9.256284,0,0,0,40,4449,299.9772,16215.4853515625,,,,,,,,,,,,,0,,,,17.9692049,,,,,,300.01823425,,,,
,15569372.67,300.0189209,16320.5473632812,11.1555645649391,0.00475063911713666,1,0.999253354069792,40.0298881530762,1.99399906297432,11.6200000047684,60.6656458789368,11.7051798196099,250,0.0810086866110662,11.1529530147804,0.127749743061975,300.0184631,300.0193787,16265.5302734375,16375.564453125,56.4601544581214,20.8282120792648,9.256284,0,0,0,40,4449,299.97655,16320.5473632812,,,,,,,,,,,,,0,,,,17.9692049,,,,,,300.0189209,,,,
,15569373.79,300.01887515,16430.919921875,11.2206900844549,0.00378077199069228,1,0.999253354069792,40.0298881530762,1.99427324337299,11.6100003942847,61.0323486048367,11.7515795457352,250,0.0771649174706335,11.2180814606276,0.124179143678239,300.0183716,300.0193787,16375.564453125,16486.275390625,56.3343122665252,20.8251072884623,8.884414,0,0,0,40,4449,299.9753,16430.919921875,,,,,,,,,,,,,0,,,,18.0589504,,,,,,300.01887515,,,,
,15569374.9,300.0187683,16541.34375,11.2821131895432,0.00464872677065413,1,0.999253354069792,40.0298881530762,1.99432550152071,11.6100003942847,61.3621354417413,11.847912637973,250,0.0834087755203625,11.2794660034242,0.130678479475535,300.0183716,300.019165,16486.275390625,16596.412109375,56.2522412720059,20.833339677715,8.884414,0,0,0,40,4449,299.97465,16541.34375,,,,,,,,,,,,,0,,,,17.9692049,,,,,,300.0187683,,,,
,15569376.025,300.01945495,16656.40625,11.3432008805652,0.00478310900041583,1,0.999253354069792,40.0298881530762,1.99441825340185,11.6100003942847,61.6997288757962,11.898859791059,250,0.0813373341408122,11.3405496838044,0.128863158862182,300.019165,300.0197449,16596.412109375,16716.400390625,56.1490663074675,20.8276209690834,8.884414,0,0,0,40,4449,299.97185,16656.40625,,,,,,,,,,,,,0,,,,17.8794594,,,,,,300.01945495,,,,
,15569377.22,300.01898195,16776.509765625,11.4058301420486,0.00380593618399559,1,0.999253354069792,40.0298881530762,1.99449931982961,11.6100003942847,62.0456925523362,11.949710340564,250,0.0789740278063517,11.4031763404852,0.126762381341313,300.018219,300.0197449,16716.400390625,16836.619140625,55.9528775491405,20.8267020883715,8.512546,0,0,0,40,4449,299.96945,16776.509765625,,,,,,,,,,,,,0,,,,17.8794594,,,,,,300.01898195,,,,
,15569378.295,300.01831055,16886.6064453125,11.5216693358499,0.00345567828075042,1,0.999253354069792,40.0298881530762,1.99419905466062,11.6100003942847,62.6721748392252,12.0394530913882,250,0.0742960389506315,11.5190119179719,0.122570057864987,300.018219,300.0184021,16836.619140625,16936.59375,55.5323614057943,20.8218249228419,9.256284,0,0,0,40,4449,299.96925,16886.6064453125,,,,,,,,,,,,,0,,,,17.9692049,,,,,,300.01831055,,,,
,15569379.36,300.0180359,16991.626953125,11.5799186868598,0.00345809069541774,1,0.999253354069792,40.0298881530762,1.99450978866131,11.6100003942847,63.0033593613881,12.0764487712818,250,0.0699520980062865,11.5772677899169,0.118470570460744,300.0176697,300.0184021,16936.59375,17046.66015625,56.272563613506,20.8253254841794,9.256284,0,0,0,40,4449,299.968,16991.626953125,,,,,,,,,,,,,0,,,,18.1496143,,,,,,300.0180359,,,,
,15569380.555,300.0180054,17106.7177734375,11.6386578800705,0.00348279794513321,1,0.999253354069792,40.0298881530762,1.99443567174287,11.6100003942847,63.3132054311245,12.1774190447982,250,0.0776795707992751,11.6359627279862,0.126441901019012,300.0176697,300.0183411,17046.66015625,17166.775390625,56.2506780149675,20.8183202336319,9.256284,0,0,0,40,4449,299.9673,17106.7177734375,,,,,,,,,,,,,0,,,,18.0598688,,,,,,300.0180054,,,,
,15569381.665,300.0185242,17216.7216796875,11.7003820918019,0.00345292870357881,1,0.999253354069792,40.0298881530762,1.99458950105652,11.6100003942847,63.6483966225502,12.2718704299621,250,0.0834069193826082,11.6976502152872,0.132426101096153,300.0183411,300.0187073,17166.775390625,17266.66796875,56.4398321166213,20.8196899632039,9.256284,0,0,0,40,4449,299.96635,17216.7216796875,,,,,,,,,,,,,0,,,,17.8794594,,,,,,300.0185242,,,,
,15569382.72,300.01820375,17321.662109375,11.7560273082873,0.00338946046408446,1,0.999253354069792,40.0298881530762,1.99472858950568,11.6100003942847,63.9488791580977,12.3664934238254,250,0.0903062915041489,11.7532553553226,0.139556994038883,300.0177002,300.0187073,17266.66796875,17376.65625,56.1568825926598,20.818789892012,8.884414,0,0,0,40,4449,299.9636,17321.662109375,,,,,,,,,,,,,0,,,,17.8794594,,,,,,300.01820375,,,,
,15569384.1,300.017807,17461.693359375,11.8665656122501,0.00310306761221523,1,0.999253354069792,40.0298881530762,1.99491287053379,11.6100003942847,64.5549676834688,12.4893874139595,250,0.0921640391653463,11.8637636144925,0.141876935572618,300.0177002,300.0179138,17376.65625,17546.73046875,56.2248842738329,20.8123050520985,8.884414,0,0,0,40,4449,299.9615,17461.693359375,,,,,,,,,,,,,0,,,,17.8794594,,,,,,300.017807,,,,
,15569385.56,300.01893615,17611.763671875,11.9200281203827,0.00346005485980408,1,0.999253354069792,40.0298881530762,1.99486843868932,11.6100003942847,64.83994232115,12.569409170574,250,0.096990428331409,11.9171946131775,0.146925468410879,300.0179138,300.0199585,17546.73046875,17676.796875,56.6594697305252,20.819026342314,9.256284,0,0,0,40,4449,299.96015,17611.763671875,,,,,,,,,,,,,0,,,,17.8794594,,,,,,300.01893615,,,,
,15569386.665,300.01963805,17721.859375,11.9738618925799,0.00341355482171616,1,0.999253354069792,40.0298881530762,1.99487969542786,11.6100003942847,65.134025523246,12.6214284107416,250,0.0965450573016645,11.9710190556628,0.146705082394904,300.0193176,300.0199585,17676.796875,17766.921875,56.4570279440444,20.8207917067855,8.884414,0,0,0,40,4449,299.9593,17721.859375,,,,,,,,,,,,,0,,,,17.8794594,,,,,,300.01963805,,,,
,15569387.66,300.01945495,17816.8798828125,12.0316029248016,0.00334830964729029,1,0.999253354069792,40.0298881530762,1.99471461451511,11.6100003942847,65.4420609223158,12.6854665429585,250,0.0977818443204535,12.0287433011052,0.148182905176302,300.0193176,300.0195923,17766.921875,17866.837890625,56.3382204091213,20.8158360551335,9.256284,0,0,0,40,4449,299.95895,17816.8798828125,,,,,,,,,,,,,0,,,,17.8794594,,,,,,300.01945495,,,,
,15569388.82,300.01908875,17931.888671875,12.0833189878443,0.00327810060952921,1,0.999253354069792,40.0298881530762,1.99485497039335,11.6100003942847,65.7288636442856,12.7354752628225,250,0.0972132535905802,12.0804514731083,0.147830271632178,300.0185852,300.0195923,17866.837890625,17996.939453125,56.147503050429,20.8152631500248,9.256284,0,0,0,40,4449,299.95875,17931.888671875,,,,,,,,,,,,,0,,,,17.8794594,,,,,,300.01908875,,,,
,15569389.935,300.01828005,18046.876953125,12.1359739435209,0.00299878325902211,1,0.999253354069792,40.0298881530762,1.99481918086994,11.6100003942847,66.0115012899762,12.8049543548906,250,0.100245498991083,12.1330834677197,0.151081569419193,300.0179749,300.0185852,17996.939453125,18096.814453125,56.394497662506,20.817723589524,8.512546,0,0,0,40,4449,299.95905,18046.876953125,,,,,,,,,,,,,0,,,,17.8794594,,,,,,300.01828005,,,,
,15569391.005,300.01809695,18156.8466796875,12.1868494870623,0.00346133163475109,1,0.999253354069792,40.0298881530762,1.99477566342894,11.6100003942847,66.284294408828,12.8719857462762,250,0.103167241391207,12.183936538399,0.154215490631688,300.0179749,300.018219,18096.814453125,18216.87890625,55.9692917480444,20.8208235481,9.256284,0,0,0,40,4449,299.9567,18156.8466796875,,,,,,,,,,,,,0,,,,17.8794594,,,,,,300.01809695,,,,
,15569392.215,300.0181885,18276.8466796875,12.2921033324349,0.00415721787535205,1,0.999253354069792,40.0298881530762,1.99478801230913,11.6100003942847,66.8592378401746,12.9721041171828,250,0.102015568706853,12.2891738097689,0.153504497101402,300.018158,300.018219,18216.87890625,18336.814453125,56.4023139476983,20.8137982749151,9.256284,0,0,0,40,4449,299.9549,18276.8466796875,,,,,,,,,,,,,0,,,,17.8794594,,,,,,300.0181885,,,,
,15569393.42,300.01757815,18396.908203125,12.3413070204833,0.00298518179813957,1,0.999253354069792,40.0298881530762,1.99484574962519,11.6100003942847,67.1268818251221,13.0345422712367,250,0.10428704630116,12.3383583422493,0.155980749288967,300.0169983,300.018158,18336.814453125,18457.001953125,56.5945945634291,20.8200580422146,8.512546,0,0,0,40,4449,299.9547,18396.908203125,,,,,,,,,,,,,0,,,,18.0598688,,,,,,300.01757815,,,,
,15569394.455,300.0171509,18502.0029296875,12.3898587331368,0.00375722558958345,1,0.999253354069792,40.0298881530762,1.99471267411006,11.6100003942847,67.3843899346647,13.096798507757,250,0.106869427954209,12.3868896304523,0.158765276175488,300.0169983,300.0173035,18457.001953125,18547.00390625,56.4812584281406,20.8185992179024,9.256284,0,0,0,40,4449,299.95425,18502.0029296875,,,,,,,,,,,,,0,,,,18.2402782,,,,,,300.0171509,,,,
,15569395.555,300.0175476,18612.033203125,12.4403820610414,0.0030612735004651,1,0.999253354069792,40.0298881530762,1.99488709986448,11.6100003942847,67.6691015946861,13.1288679280073,250,0.103184151863103,12.437418067159,0.155291229136713,300.0173035,300.0177917,18547.00390625,18677.0625,56.2241026453136,20.8200698013065,8.884414,0,0,0,40,4449,299.95575,18612.033203125,,,,,,,,,,,,,0,,,,18.1496143,,,,,,300.0175476,,,,
,15569396.78,300.01795955,18732.072265625,12.4860731436007,0.00328229256457911,1,0.999253354069792,40.0298881530762,1.99487045319571,11.6100003942847,67.9133735132553,13.1969902814055,250,0.107236953400218,12.4830827646698,0.159533856744187,300.0177917,300.0181274,18677.0625,18787.08203125,56.2264475308713,20.8135904595193,9.628152,0,0,0,40,4449,299.95475,18732.072265625,,,,,,,,,,,,,0,,,,18.1496143,,,,,,300.01795955,,,,
,15569397.86,300.0181427,18837.0302734375,12.5343580387409,0.00328709379166191,1,0.999253354069792,40.0298881530762,1.99476205470175,11.6100003942847,68.1722447048898,13.2481032961881,250,0.107795442411647,12.5313554575205,0.160294089933314,300.0181274,300.018158,18787.08203125,18886.978515625,56.320242953179,20.8176954158739,9.256284,0,0,0,40,4449,299.9527,18837.0302734375,,,,,,,,,,,,,0,,,,18.0598688,,,,,,300.0181427,,,,
,15569398.915,300.0182648,18942.029296875,12.579046084893,0.00373855073444203,1,0.999253354069792,40.0298881530762,1.99486235005355,11.6100003942847,68.417561858327,13.3018515556347,250,0.109256994464914,12.5760283204665,0.161941722227219,300.018158,300.0183716,18886.978515625,18997.080078125,56.4617177151598,20.8163602190336,9.256284,0,0,0,40,4449,299.9526,18942.029296875,,,,,,,,,,,,,0,,,,17.9692049,,,,,,300.0182648,,,,
,15569399.955,300.01879885,19047.1064453125,12.625969553465,0.0031732482263193,1,0.999253354069792,40.0298881530762,1.99494777614127,11.6100003942847,68.6763827256553,13.3480510531312,250,0.108935362317299,12.6229434323879,0.161815878932619,300.0183716,300.0192261,18997.080078125,19097.1328125,56.4288893173521,20.8197880770736,8.512546,0,0,0,40,4449,299.95255,19047.1064453125,,,,,,,,,,,,,0,,,,18.1496143,,,,,,300.01879885,,,,
,15569400.945,300.01809695,19147.1396484375,12.6710332786953,0.00278369396114553,1,0.999253354069792,40.0298881530762,1.99488244481621,11.5999998524785,68.9181804282492,13.4013000774849,250,0.110432927350417,12.6679921364603,0.163501040378734,300.0169678,300.0192261,19097.1328125,19197.146484375,56.9111541137176,20.8177433423594,9.256284,0,0,0,40,4449,299.95285,19147.1396484375,,,,,,,,,,,,,0,,,,18.0598688,,,,,,300.01809695,,,,
,15569402.055,300.01727295,19257.185546875,12.7118249444857,0.00290093128038457,1,0.999253354069792,40.0298881530762,1.99485081163958,11.6100003942847,69.1392500937426,13.4427861232457,250,0.110523234208704,12.7087755950047,0.163761437057465,300.0169678,300.0175781,19197.146484375,19317.224609375,56.8439340610637,20.8218178345497,8.512546,0,0,0,40,4449,299.9522,19257.185546875,,,,,,,,,,,,,0,,,,18.0598688,,,,,,300.01727295,,,,
,15569403.125,300.0175018,19362.2724609375,12.7989541070436,0.00294238509424284,1,0.999253354069792,40.0298881530762,1.99492793415589,11.6100003942847,69.6140033847934,13.5449458852872,250,0.113027414102023,12.7958765328106,0.166629200526907,300.0174255,300.0175781,19317.224609375,19407.3203125,56.516431711506,20.8153895155905,9.256284,0,0,0,40,4449,299.95245,19362.2724609375,,,,,,,,,,,,,0,,,,18.2402782,,,,,,300.0175018,,,,
,15569404.255,300.0174408,19477.3203125,12.8397211367353,0.00263248129891702,1,0.999253354069792,40.0298881530762,1.9948496404976,11.6100003942847,69.8352777690467,13.5756384363462,250,0.111198403374183,12.8366430684839,0.164970344038411,300.0174255,300.0174561,19407.3203125,19547.3203125,56.4156016325252,20.8194367766579,9.256284,0,0,0,40,4449,299.95255,19477.3203125,,,,,,,,,,,,,0,,,,18.0598688,,,,,,300.0174408,,,,
,15569405.56,300.01786805,19612.2978515625,12.8759758208596,0.00285061766632845,1,0.999253354069792,40.0298881530762,1.99484322340178,11.6100003942847,70.0274717247479,13.6396818349234,250,0.116240943622045,12.872869171428,0.170162582330907,300.0174561,300.01828,19547.3203125,19677.275390625,56.2295740449483,20.8149152277648,8.512546,0,0,0,40,4449,299.9525,19612.2978515625,,,,,,,,,,,,,0,,,,17.9692049,,,,,,300.01786805,,,,
,15569406.735,300.01786805,19727.7138671875,12.9187529144577,0.00282291070297002,1,0.999253354069792,40.0298881530762,1.99479668675897,11.6100003942847,70.2623958453983,13.6637947036449,250,0.112793091223008,12.9156520839651,0.166893924342893,300.0174561,300.01828,19677.275390625,19778.15234375,56.4906379703714,20.8168721341565,8.512546,0,0,0,40,4449,299.95115,19727.7138671875,,,,,,,,,,,,,0,,,,17.9692049,,,,,,300.01786805,,,,
,15569407.785,300.0181427,19833.138671875,12.9572521399733,0.0032966456127606,1,0.999253354069792,40.0298881530762,1.99479493392938,11.6100003942847,70.4694717748999,13.7166516558661,250,0.115360338616557,12.9541326876051,0.169621023082242,300.0174561,300.0188293,19778.15234375,19888.125,56.3155531820637,20.8165084789887,9.256284,0,0,0,40,4449,299.9511,19833.138671875,,,,,,,,,,,,,0,,,,17.8794594,,,,,,300.0181427,,,,
,15569408.91,300.0181427,19948.130859375,12.9929764184363,0.00317249898715074,1,0.999253354069792,40.0298881530762,1.99484665756407,11.6100003942847,70.6648362808425,13.758662007875,250,0.116385149766285,12.9898455148086,0.170794252412177,300.0174561,300.0188293,19888.125,20008.13671875,56.1951823901021,20.8143942166399,9.256284,0,0,0,40,4449,299.9512,19948.130859375,,,,,,,,,,,,,0,,,,17.8794594,,,,,,300.0181427,,,,
,15569410.05,300.01687625,20063.267578125,13.0266212502075,0.00320795652885775,1,0.999253354069792,40.0298881530762,1.99484594731149,11.6100003942847,70.8457741570359,13.8052085665673,250,0.118692587860657,13.0234745495186,0.173241179190952,300.0162964,300.0174561,20008.13671875,20118.3984375,56.6156985334483,20.811632786308,8.884414,0,0,0,40,4449,299.9511,20063.267578125,,,,,,,,,,,,,0,,,,17.8794594,,,,,,300.01687625,,,,
,15569411.135,300.01683045,20173.4091796875,13.062536159412,0.00346875653638323,1,0.999253354069792,40.0298881530762,1.99475456998686,11.6100003942847,71.041007904733,13.8260368414381,250,0.115971077003444,13.059393715776,0.170669375861013,300.0162964,300.0173645,20118.3984375,20228.419921875,56.4101302328906,20.8198853590056,9.256284,0,0,0,40,4449,299.9526,20173.4091796875,,,,,,,,,,,,,0,,,,18.0598688,,,,,,300.01683045,,,,
,15569412.29,300.01701355,20283.3837890625,13.1273768370322,0.0036451361807389,1,0.999253354069792,40.0298881530762,1.99482433859654,11.6100003942847,71.3917688732766,13.9183939369549,250,0.120816116017432,13.124200927999,0.175784051888049,300.0166626,300.0173645,20228.419921875,20338.34765625,56.432015831429,20.8125536678085,9.256284,0,0,0,40,4449,299.9527,20283.3837890625,,,,,,,,,,,,,0,,,,18.2402782,,,,,,300.01701355,,,,
,15569413.485,300.016922,20398.357421875,13.1621372601267,0.00350329411402782,1,0.999253354069792,40.0298881530762,1.99474126173082,11.6100003942847,71.5777829782312,13.9553351552161,250,0.121256740947317,13.1589525753567,0.176369309709415,300.0166626,300.0171814,20338.34765625,20458.3671875,56.3960609195444,20.8159993026475,9.256284,0,0,0,40,4449,299.95205,20398.357421875,,,,,,,,,,,,,0,,,,18.0598688,,,,,,300.016922,,,,
,15569414.625,300.01679995,20513.318359375,13.1912485305857,0.00302675638131933,1,0.999253354069792,40.0298881530762,1.99477164913728,11.6100003942847,71.7379441932389,13.9821845826548,250,0.120750548655448,13.1880602146472,0.175984142508839,300.0164185,300.0171814,20458.3671875,20568.26953125,56.1146746526213,20.8202409773283,9.256284,0,0,0,40,4449,299.952,20513.318359375,,,,,,,,,,,,,0,,,,18.0598688,,,,,,300.01679995,,,,
,15569415.765,300.0166779,20628.3193359375,13.2260324018165,0.0031879966757449,1,0.999253354069792,40.0298881530762,1.99470848231149,11.6100003942847,71.9259462734435,14.0129240153562,250,0.120024437706979,13.2228402614216,0.175402497794429,300.0164185,300.0169373,20568.26953125,20688.369140625,56.3655774072944,20.817685209971,9.256284,0,0,0,40,4449,299.9536,20628.3193359375,,,,,,,,,,,,,0,,,,18.2402782,,,,,,300.0166779,,,,
,15569416.96,300.0162964,20748.3759765625,13.2525971247763,0.00345253920733858,1,0.999253354069792,40.0298881530762,1.9947697939028,11.6100003942847,72.0684871153284,14.0635207818262,250,0.124310612589834,13.2493819194526,0.17979809733348,300.0156555,300.0169373,20688.369140625,20808.3828125,56.5047072837175,20.8170083017155,9.256284,0,0,0,40,4449,299.9531,20748.3759765625,,,,,,,,,,,,,0,,,,18.2402782,,,,,,300.0162964,,,,
,15569417.975,300.0160217,20853.373046875,13.2846220659864,0.00325536193377412,1,0.999253354069792,40.0298881530762,1.99496260196041,11.6100003942847,72.2513173360511,14.0887606584431,250,0.122762818431018,13.2814070506939,0.178383982878782,300.0156555,300.0163879,20808.3828125,20898.36328125,56.5031440266791,20.8164669527401,9.256284,0,0,0,40,4449,299.9523,20853.373046875,,,,,,,,,,,,,0,,,,18.0598688,,,,,,300.0160217,,,,
,15569419.03,300.0156555,20958.4736328125,13.3133143450976,0.00239335623953032,1,0.999253354069792,40.0298881530762,1.99485716502329,11.6100003942847,72.4062023780516,14.1046296194261,250,0.120490097333937,13.3101033368111,0.176230586755874,300.0149231,300.0163879,20898.36328125,21018.583984375,55.9630387198905,20.8203326421752,8.884414,0,0,0,40,4449,299.95395,20958.4736328125,,,,,,,,,,,,,0,,,,18.0598688,,,,,,300.0156555,,,,
,15569420.24,300.01519775,21078.5439453125,13.3636499481454,0.00320871550815063,1,0.999253354069792,40.0298881530762,1.99481743359046,11.6100003942847,72.6744352047876,14.1798726449059,250,0.125020064012874,13.3604100739666,0.180969391512038,300.0149231,300.0154724,21018.583984375,21138.50390625,56.4710972573906,20.8202793967148,8.884414,0,0,0,40,4449,299.95385,21078.5439453125,,,,,,,,,,,,,0,,,,18.0598688,,,,,,300.01519775,,,,
,15569421.35,300.0154724,21193.55859375,13.3893252304246,0.00331446890465756,1,0.999253354069792,40.0298881530762,1.99485731836135,11.6100003942847,72.8133149182074,14.2190800821711,250,0.12740625950825,13.3860700817069,0.18346194548475,300.0154724,300.0154724,21138.50390625,21248.61328125,56.4640626007175,20.8164810979862,8.884414,0,0,0,40,4449,299.9522,21193.55859375,,,,,,,,,,,,,0,,,,17.8794594,,,,,,300.0154724,,,,
,15569422.485,300.0153351,21303.5732421875,13.4148853794958,0.00319213482759155,1,0.999253354069792,40.0298881530762,1.99483037600628,11.6100003942847,72.9549967670342,14.2263994562137,250,0.124045908806416,13.411639299507,0.180208198089531,300.0151978,300.0154724,21248.61328125,21358.533203125,56.3929344054675,20.8155536812281,8.512546,0,0,0,40,4449,299.95275,21303.5732421875,,,,,,,,,,,,,0,,,,18.0598688,,,,,,300.0153351,,,,
,15569423.71,300.0156708,21423.5546875,13.4343697437802,0.00292813662730605,1,0.999253354069792,40.0298881530762,1.99486553827204,11.6100003942847,73.0593075013223,14.2629888360451,250,0.127106024497264,13.4311068731778,0.183347864304741,300.0151978,300.0161438,21358.533203125,21488.576171875,56.3827732347175,20.8172851105414,8.512546,0,0,0,40,4449,299.9542,21423.5546875,,,,,,,,,,,,,0,,,,18.2402782,,,,,,300.0156708,,,,
,15569424.85,300.01542665,21538.4873046875,13.4578230217429,0.0033544030709785,1,0.999253354069792,40.0298881530762,1.99479061677018,11.6100003942847,73.184803639752,14.2839684202602,250,0.12670559877119,13.4545573236296,0.183044427261445,300.0147095,300.0161438,21488.576171875,21588.3984375,56.4054404617752,20.8188414344483,9.256284,0,0,0,40,4449,299.95535,21538.4873046875,,,,,,,,,,,,,0,,,,18.2402782,,,,,,300.01542665,,,,
,15569425.985,300.0151062,21653.513671875,13.482196873261,0.00311521753049088,1,0.999253354069792,40.0298881530762,1.99485363130768,11.6100003942847,73.3187094089755,14.3151365040801,250,0.12782742763473,13.4789217660753,0.184267328972561,300.0147095,300.0155029,21588.3984375,21718.62890625,56.6328943608714,20.8167228259748,9.256284,0,0,0,40,4449,299.95405,21653.513671875,,,,,,,,,,,,,0,,,,18.2402782,,,,,,300.0151062,,,,
,15569427.225,300.0156555,21778.6552734375,13.524868208928,0.00298790885990897,1,0.999253354069792,40.0298881530762,1.99481351360236,11.6100003942847,73.5512329877366,14.3498506345504,250,0.126339839840272,13.5215904619213,0.182958049921606,300.0155029,300.0158081,21718.62890625,21838.681640625,56.0920074255636,20.8131040870651,9.256284,0,0,0,40,4449,299.95195,21778.6552734375,,,,,,,,,,,,,0,,,,18.2402782,,,,,,300.0156555,,,,
,15569428.365,300.0157776,21893.7978515625,13.5422914760697,0.00274357507801927,1,0.999253354069792,40.0298881530762,1.99483630084086,11.6100003942847,73.6456425170728,14.374766336108,250,0.127654566880038,13.5390047385999,0.1843443757483,300.0157471,300.0158081,21838.681640625,21948.9140625,56.0240057443905,20.8121373582836,8.512546,0,0,0,40,4449,299.95205,21893.7978515625,,,,,,,,,,,,,0,,,,18.2402782,,,,,,300.0157776,,,,
,15569429.385,300.01542665,21998.861328125,13.5623761314065,0.00327545252803583,1,0.999253354069792,40.0298881530762,1.9947592393278,11.6100003942847,73.7500772146927,14.4064031811033,250,0.129838610508986,13.5590764749631,0.18661083589077,300.0151062,300.0157471,21948.9140625,22048.80859375,56.4968909985252,20.8155557221318,9.256284,0,0,0,40,4449,299.95325,21998.861328125,,,,,,,,,,,,,0,,,,18.2402782,,,,,,300.01542665,,,,
,15569430.485,300.01522825,22108.7802734375,13.5812205480792,0.00279830897617962,1,0.999253354069792,40.0298881530762,1.99473118916818,11.6100003942847,73.8511982888237,14.428057189098,250,0.130356055086086,13.5779150242694,0.187206819116014,300.0151062,300.0153503,22048.80859375,22168.751953125,56.282724784256,20.818774320454,9.256284,0,0,0,40,4449,299.94985,22108.7802734375,,,,,,,,,,,,,0,,,,18.0598688,,,,,,300.01522825,,,,
,15569431.56,300.0153503,22213.736328125,13.5985249868541,0.00289055278356884,1,0.999253354069792,40.0298881530762,1.99479274422537,11.6100003942847,73.947734141882,14.4457183804579,250,0.130309751509827,13.5952160744897,0.187233042358892,300.0153503,300.0153503,22168.751953125,22258.720703125,56.2858512983329,20.8104938475492,9.256284,0,0,0,40,4449,299.9452,22213.736328125,,,,,,,,,,,,,0,,,,18.0598688,,,,,,300.0153503,,,,
,15569432.545,300.0153656,22308.7236328125,13.615284260326,0.0029575290277071,1,0.999253354069792,40.0298881530762,1.99468826704794,11.6100003942847,74.0327600026841,14.475347189523,250,0.132777436939329,13.6119616702048,0.189769759105179,300.0153503,300.0153809,22258.720703125,22358.7265625,56.353852979506,20.8178730197181,9.256284,0,0,0,40,4449,299.9441,22308.7236328125,,,,,,,,,,,,,0,,,,18.2402782,,,,,,300.0153656,,,,
,15569433.72,300.0156403,22423.7783203125,13.6311095519047,0.00305016117586928,1,0.999253354069792,40.0298881530762,1.99482387255641,11.6100003942847,74.1251878560809,14.4852265983876,250,0.131481619586062,13.6277891539891,0.188539362137769,300.0153809,300.0158997,22358.7265625,22488.830078125,56.3773018350829,20.8148792671663,9.256284,0,0,0,40,4449,299.9442,22423.7783203125,,,,,,,,,,,,,0,,,,18.2402782,,,,,,300.0156403,,,,
,15569434.855,300.016037,22538.8388671875,13.6473264270051,0.00307253674287623,1,0.999253354069792,40.0298881530762,1.99470074287277,11.6100003942847,74.206410347249,14.5150571902843,250,0.134112109986071,13.6439916511119,0.191235986763867,300.0158997,300.0161743,22488.830078125,22588.84765625,56.5758354789675,20.8147108893075,9.256284,0,0,0,40,4449,299.94485,22538.8388671875,,,,,,,,,,,,,0,,,,18.2402782,,,,,,300.016037,,,,
,15569435.86,300.0157318,22643.90625,13.6627831775651,0.00316847899061593,1,0.999253354069792,40.0298881530762,1.9947530621983,11.6100003942847,74.2913298156784,14.5374066184856,250,0.135281992603834,13.659440662379,0.192468988642359,300.0152893,300.0161743,22588.84765625,22698.96484375,56.1897109904675,20.8187021076787,8.512546,0,0,0,40,4449,299.9465,22643.90625,,,,,,,,,,,,,0,,,,18.1496143,,,,,,300.0157318,,,,
,15569437.055,300.0161133,22764.0068359375,13.6744164014836,0.00286693087050249,1,0.999253354069792,40.0298881530762,1.99478791188713,11.6100003942847,74.3551468702804,14.5538327089244,250,0.136096118045635,13.6710680608764,0.19333035587136,300.0152893,300.0169373,22698.96484375,22829.048828125,56.496109370006,20.8077865632759,8.512546,0,0,0,40,4449,299.9472,22764.0068359375,,,,,,,,,,,,,0,,,,18.1496143,,,,,,300.0161133,,,,
,15569438.18,300.01664735,22874.0263671875,13.7064409117781,0.00323022926287326,1,0.999253354069792,40.0298881530762,1.99480306731737,11.6100003942847,74.5350490453916,14.5598915070627,250,0.131251804612893,13.7031062131223,0.188619879357644,300.0163574,300.0169373,22829.048828125,22919.00390625,56.7579549239483,20.8112932330314,8.512546,0,0,0,40,4449,299.94805,22874.0263671875,,,,,,,,,,,,,0,,,,18.2402782,,,,,,300.01664735,,,,
,15569439.265,300.0157318,22984.39453125,13.7165092875963,0.00308810716113968,1,0.999253354069792,40.0298881530762,1.99483225905193,11.6100003942847,74.5883302068542,14.5844816820939,250,0.133861990036793,13.713162231506,0.191270246082421,300.0151062,300.0163574,22919.00390625,23049.78515625,56.5492601093137,20.8093262431371,9.256284,0,0,0,40,4449,299.9498,22984.39453125,,,,,,,,,,,,,0,,,,18.2402782,,,,,,300.0157318,,,,
,15569440.46,300.0153656,23104.916015625,13.728735939714,0.00281312737111171,1,0.999253354069792,40.0298881530762,1.99476615486283,11.6100003942847,74.6502537410197,14.6086216516168,250,0.136113677615419,13.7253772588589,0.193571719364297,300.0151062,300.015625,23049.78515625,23160.046875,56.3077368968713,20.809390342161,9.256284,0,0,0,40,4449,299.9489,23104.916015625,,,,,,,,,,,,,0,,,,18.1496143,,,,,,300.0153656,,,,
,15569441.53,300.0155182,23210.04296875,13.7452931169484,0.00247613483442871,1,0.999253354069792,40.0298881530762,1.99474842906284,11.6100003942847,74.7413508138731,14.6168663642972,250,0.134581201352389,13.7419375013694,0.192108049560031,300.0154114,300.015625,23160.046875,23260.0390625,56.3319673809675,20.811472151862,8.884414,0,0,0,40,4449,299.9481,23210.04296875,,,,,,,,,,,,,0,,,,18.0589504,,,,,,300.0155182,,,,
,15569442.58,300.0154724,23315.1025390625,13.7549356938641,0.00226045943526632,1,0.999253354069792,40.0298881530762,1.99486457535824,11.6100003942847,74.7976606000346,14.6299420712177,250,0.135042479038892,13.7515763561278,0.192608254724442,300.0154114,300.0155334,23260.0390625,23370.166015625,56.4437402592175,20.8151216430408,8.512546,0,0,0,40,4449,299.9496,23315.1025390625,,,,,,,,,,,,,0,,,,18.24117085,,,,,,300.0154724,,,,
,15569443.69,300.01538085,23425.162109375,13.7708079491999,0.00285436702151385,1,0.999253354069792,40.0298881530762,1.99473650947104,11.6100003942847,74.8756185948616,14.665687996013,250,0.13883091253621,13.7674297280971,0.196460916066918,300.0152283,300.0155334,23370.166015625,23480.158203125,56.3069552683521,20.8166519673125,8.512546,0,0,0,40,4449,299.95135,23425.162109375,,,,,,,,,,,,,0,,,,18.33183475,,,,,,300.01538085,,,,
,15569444.79,300.0153656,23535.19140625,13.7783098794517,0.00327869467600513,1,0.999253354069792,40.0298881530762,1.99471830873581,11.6100003942847,74.9171636825279,14.6658846035774,250,0.137501115570544,13.7749358377758,0.195161608562325,300.0152283,300.0155029,23480.158203125,23590.224609375,56.4914195988906,20.8173580957712,9.256284,0,0,0,40,4449,299.9519,23535.19140625,,,,,,,,,,,,,0,,,,18.0598688,,,,,,300.0153656,,,,
,15569445.845,300.0162201,23640.2412109375,13.7913085397435,0.00317892644105474,1,0.999253354069792,40.0298881530762,1.99474273368594,11.6100003942847,74.9878835326685,14.6844881618782,250,0.138475072149235,13.7879274696949,0.196188628987905,300.0155029,300.0169373,23590.224609375,23690.2578125,56.6938613853714,20.8122175007339,8.884414,0,0,0,40,4449,299.9525,23640.2412109375,,,,,,,,,,,,,0,,,,17.9692049,,,,,,300.0162201,,,,
,15569446.945,300.0164795,23750.162109375,13.804872548279,0.00267573971885999,1,0.999253354069792,40.0298881530762,1.99466737328133,11.6100003942847,75.0636507585539,14.6726098947589,250,0.133879870493185,13.8015079506152,0.191650022711769,300.0160217,300.0169373,23690.2578125,23810.06640625,56.3890262628713,20.8143865776661,9.256284,0,0,0,40,4449,299.95275,23750.162109375,,,,,,,,,,,,,0,,,,18.1496143,,,,,,300.0164795,,,,
,15569448.14,300.01582335,23870.0947265625,13.8246146249092,0.00258375676612896,1,0.999253354069792,40.0298881530762,1.99481190737034,11.6100003942847,75.1712407563098,14.7219725408931,250,0.139091052120569,13.8212246224305,0.1969419772319,300.015625,300.0160217,23810.06640625,23930.123046875,56.7649895806214,20.8080869028348,9.256284,0,0,0,40,4449,299.95125,23870.0947265625,,,,,,,,,,,,,0,,,,18.1496143,,,,,,300.01582335,,,,
,15569449.35,300.01608275,23990.234375,13.8321884382199,0.00311116690933939,1,0.999253354069792,40.0298881530762,1.99472945851666,11.6100003942847,75.2121608286476,14.7145151298231,250,0.136427932060419,13.828808052559,0.194309818122256,300.015625,300.0165405,23930.123046875,24050.345703125,56.3999690621406,20.8142306538891,9.256284,0,0,0,40,4449,299.95175,23990.234375,,,,,,,,,,,,,0,,,,18.0589504,,,,,,300.01608275,,,,
,15569450.435,300.01605225,24100.4228515625,13.8426394406817,0.00330230541151927,1,0.999253354069792,40.0298881530762,1.99481943721301,11.6100003942847,75.2693172586604,14.7423604179691,250,0.139484051171145,13.8392442969264,0.197407730871638,300.015564,300.0165405,24050.345703125,24150.5,56.4124751184483,20.811720740913,8.512546,0,0,0,40,4449,299.9529,24100.4228515625,,,,,,,,,,,,,0,,,,18.1496143,,,,,,300.01605225,,,,
,15569451.525,300.0165558,24210.69140625,13.8510835447681,0.00307179749460199,1,0.999253354069792,40.0298881530762,1.99474924384959,11.6100003942847,75.3132768279863,14.7474527377453,250,0.138946879400146,13.8476887692298,0.196905163280562,300.015564,300.0175476,24150.5,24270.8828125,56.5422254526406,20.8153883013651,8.512546,0,0,0,40,4449,299.9519,24210.69140625,,,,,,,,,,,,,0,,,,18.1496143,,,,,,300.0165558,,,,
,15569452.575,300.0166626,24315.9248046875,13.8582942073448,0.00294914079695412,1,0.999253354069792,40.0298881530762,1.9948242252085,11.6100003942847,75.3510086044657,14.7785211477356,250,0.143214837828018,13.854880165996,0.201201317421432,300.0157776,300.0175476,24270.8828125,24360.966796875,56.6250780756791,20.8126318281874,9.256284,0,0,0,40,4449,299.9523,24315.9248046875,,,,,,,,,,,,,0,,,,18.0589504,,,,,,300.0166626,,,,
,15569453.58,300.0158844,24415.9755859375,13.8657824765731,0.00258967882639931,1,0.999253354069792,40.0298881530762,1.99482434882826,11.5999998524785,75.3920876057552,14.7845875266232,250,0.142940718631034,13.8623685713619,0.200957568232869,300.0157776,300.0159912,24360.966796875,24470.984375,56.445303516256,20.8169675019713,9.256284,0,0,0,40,4449,299.95255,24415.9755859375,,,,,,,,,,,,,0,,,,18.0589504,,,,,,300.0158844,,,,
,15569454.655,300.01548765,24526.2177734375,13.8740031469475,0.00255018159533501,1,0.999253354069792,40.0298881530762,1.99481387831305,11.6100003942847,75.4397018951626,14.7754773765334,250,0.139759148089711,13.8706012202575,0.197809884707001,300.0149841,300.0159912,24470.984375,24581.451171875,56.3030471257559,20.8106935303704,9.256284,0,0,0,40,4449,299.95295,24526.2177734375,,,,,,,,,,,,,0,,,,18.0589504,,,,,,300.01548765,,,,
,15569455.625,300.015686,24621.4814453125,13.8803308232228,0.00317468765640081,1,0.999253354069792,40.0298881530762,1.99484481100294,11.6100003942847,75.4713780074007,14.8033192812812,250,0.143656505130352,13.8769112923903,0.201732033723094,300.0149841,300.0163879,24581.451171875,24661.51171875,56.5656743082175,20.8104675697963,9.256284,0,0,0,40,4449,299.9528,24621.4814453125,,,,,,,,,,,,,0,,,,18.0589504,,,,,,300.015686,,,,
,15569456.675,300.0164642,24721.6181640625,13.8919729094814,0.00229949867460223,1,0.999253354069792,40.0298881530762,1.99476023627414,11.6100003942847,75.530549118971,14.8205508985082,250,0.144774191949612,13.8885460192924,0.202897463589353,300.0163879,300.0165405,24661.51171875,24781.724609375,56.6289862182752,20.8164789449654,8.512546,0,0,0,40,4449,299.9518,24721.6181640625,,,,,,,,,,,,,0,,,,18.1496143,,,,,,300.0164642,,,,
,15569457.845,300.0159454,24841.87890625,13.8961323029463,0.00292312448333959,1,0.999253354069792,40.0298881530762,1.99475067768815,11.6100003942847,75.5541524172666,14.817695644854,250,0.143492847237849,13.8927103473319,0.201632400832566,300.0153503,300.0165405,24781.724609375,24902.033203125,56.3663590358137,20.818098071591,8.884414,0,0,0,40,4449,299.9527,24841.87890625,,,,,,,,,,,,,0,,,,18.2402782,,,,,,300.0159454,,,,
,15569458.865,300.0162811,24947.1025390625,13.9076071315579,0.00238974562106195,1,0.999253354069792,40.0298881530762,1.99474821500083,11.6100003942847,75.6182593719135,14.8201580152296,250,0.141821706718551,13.9041897983126,0.200008429106673,300.0153503,300.0172119,24902.033203125,24992.171875,56.221757759756,20.8188850931681,8.512546,0,0,0,40,4449,299.9534,24947.1025390625,,,,,,,,,,,,,0,,,,18.1496143,,,,,,300.0162811,,,,
,15569459.865,300.01715085,25047.28125,13.9107850706845,0.00319065697784318,1,0.999253354069792,40.0298881530762,1.99474980574306,11.6100003942847,75.6345657056147,14.8291083881847,250,0.142874318256405,13.9073623343616,0.201073245212098,300.0170898,300.0172119,24992.171875,25102.390625,56.3851181202752,20.8143033636645,9.256284,0,0,0,40,4449,299.9529,25047.28125,,,,,,,,,,,,,0,,,,18.0589504,,,,,,300.01715085,,,,
,15569461,300.0168762,25162.5625,13.9195080658594,0.00294193032874322,1,0.999253354069792,40.0298881530762,1.99472718551337,11.6100003942847,75.6775535312569,14.8576854785522,250,0.146534203152675,13.9160685161384,0.204767632555367,300.0166626,300.0170898,25102.390625,25222.734375,56.3069552683521,20.8189535900374,8.884414,0,0,0,40,4449,299.95345,25162.5625,,,,,,,,,,,,,0,,,,18.0589504,,,,,,300.0168762,,,,
,15569462.015,300.0167694,25262.8369140625,13.926550643576,0.0024842489999063,1,0.999253354069792,40.0298881530762,1.99465851409349,11.6100003942847,75.7139802904665,14.8610466473584,250,0.1459378186472,13.9231123098292,0.204199966910635,300.0166626,300.0168762,25222.734375,25302.939453125,56.3874630058329,20.8150566286494,9.256284,0,0,0,40,4449,299.95295,25262.8369140625,,,,,,,,,,,,,0,,,,18.0589504,,,,,,300.0167694,,,,
,15569463.04,300.01696775,25363.013671875,13.9268831081267,0.00315993224437533,1,0.999253354069792,40.0298881530762,1.99473260126592,11.6100003942847,75.7160101027845,14.8755262339726,250,0.148436064153541,13.9234342147901,0.206698477598569,300.0168762,300.0170593,25302.939453125,25423.087890625,56.292885955006,20.8116156490551,9.256284,0,0,0,40,4449,299.9513,25363.013671875,,,,,,,,,,,,,0,,,,18.1496143,,,,,,300.01696775,,,,
,15569464.09,300.01708985,25468.0908203125,13.9380398614336,0.00272285990230729,1,0.999253354069792,40.0298881530762,1.99476970578469,11.6100003942847,75.7816379582928,14.8683096722001,250,0.144994192321058,13.9346031601696,0.203302944032568,300.0170593,300.0171204,25423.087890625,25513.09375,55.842667927929,20.8056007197488,9.256284,0,0,0,40,4449,299.95135,25468.0908203125,,,,,,,,,,,,,0,,,,18.1496143,,,,,,300.01708985,,,,
,15569465.095,300.01727295,25568.2216796875,13.9438085503345,0.00278610503493163,1,0.999253354069792,40.0298881530762,1.99482244893248,11.6100003942847,75.8149428672534,14.8749211211189,250,0.1450685157965,13.9403703441731,0.203400730679733,300.0171204,300.0174255,25513.09375,25623.349609375,56.5148684544675,20.8156292516295,8.512546,0,0,0,40,4449,299.9499,25568.2216796875,,,,,,,,,,,,,0,,,,18.1496143,,,,,,300.01727295,,,,
,15569467.035,300.0168915,25768.6103515625,13.9553150471061,0.00268739292303791,1,0.999253354069792,40.0298881530762,1.99474804731375,11.6100003942847,75.8715226519053,14.9040532096582,250,0.148383514005851,13.951860985963,0.206761734392126,300.0168457,300.0169373,25763.669921875,25773.55078125,56.4406137451406,20.8173501923459,8.512546,0,0,0,40,4449,299.94765,25768.6103515625,,,,,,,,,,,,,0,,,,18.0589504,,,,,,300.0168915,,,,
,15569467.695,300.01657105,25833.7099609375,13.9620919995309,0.00281765824712799,1,0.999253354069792,40.0298881530762,1.99477182357488,11.6100003942847,75.9110429504631,14.9017984364652,250,0.146682067467857,13.9586439422247,0.205088130633289,300.0162964,300.0168457,25773.55078125,25893.869140625,56.6922981283329,20.8159476296309,8.884414,0,0,0,40,4449,299.9486,25833.7099609375,,,,,,,,,,,,,0,,,,18.0589504,,,,,,300.01657105,,,,
,15569468.845,300.01646425,25949.0029296875,13.9676852408001,0.00286744017380395,1,0.999253354069792,40.0298881530762,1.99463647919766,11.6100003942847,75.9357199442708,14.9106154971384,250,0.147445761187313,13.9642330371879,0.205873867972281,300.0162964,300.0166321,25893.869140625,26004.13671875,56.272563613506,20.8177663954289,8.884414,0,0,0,40,4449,299.94885,25949.0029296875,,,,,,,,,,,,,0,,,,18.0589504,,,,,,300.01646425,,,,
,15569470.015,300.017746,26064.275390625,13.9720276764774,0.00261966555377108,1,0.999253354069792,40.0298881530762,1.9946814402648,11.6100003942847,75.9598270202615,14.9218718092554,250,0.148647981336603,13.9685690105898,0.207092979408954,300.0166321,300.0188599,26004.13671875,26124.4140625,56.1623539922944,20.8171453041022,9.256284,0,0,0,40,4449,299.9483,26064.275390625,,,,,,,,,,,,,0,,,,18.0589504,,,,,,300.017746,,,,
,15569471.155,300.01797485,26174.513671875,13.9815569813502,0.00289505417190093,1,0.999253354069792,40.0298881530762,1.99469795358727,11.6100003942847,76.012108267193,14.9329173522882,250,0.148887385307963,13.9780953380569,0.207371498937856,300.0170898,300.0188599,26124.4140625,26224.61328125,56.4953277414867,20.8157817160643,9.256284,0,0,0,40,4449,299.9466,26174.513671875,,,,,,,,,,,,,0,,,,18.0589504,,,,,,300.01797485,,,,
,15569472.275,300.0168762,26284.8076171875,13.9882599618234,0.00297378993895761,1,0.999253354069792,40.0298881530762,1.99473934055265,11.6100003942847,76.0515567687578,14.9324778994745,250,0.147509401069822,13.9848034116709,0.20602073540417,300.0166626,300.0170898,26224.61328125,26345.001953125,56.4359239740252,20.8155843606435,8.884414,0,0,0,40,4449,299.94665,26284.8076171875,,,,,,,,,,,,,0,,,,18.0589504,,,,,,300.0168762,,,,
,15569473.44,300.01679995,26405.1162109375,13.9916472750722,0.00241607997691575,1,0.999253354069792,40.0298881530762,1.99470312651259,11.6100003942847,76.0626239460727,14.9682076537606,250,0.153489993178507,13.9881651648479,0.212013206227885,300.0166626,300.0169373,26345.001953125,26465.23046875,56.5508233663521,20.8162014524323,8.884414,0,0,0,40,4449,299.9461,26405.1162109375,,,,,,,,,,,,,0,,,,18.1496143,,,,,,300.01679995,,,,
,15569474.57,300.01661685,26520.4130859375,13.9967883012725,0.00312200523387698,1,0.999253354069792,40.0298881530762,1.9946899308794,11.6100003942847,76.0940208146035,14.9523694780123,250,0.149647683168824,13.993321402471,0.208192445092253,300.0162964,300.0169373,26465.23046875,26575.595703125,56.4593728296021,20.8160909565389,8.512546,0,0,0,40,4449,299.9443,26520.4130859375,,,,,,,,,,,,,0,,,,18.1496143,,,,,,300.01661685,,,,
,15569475.635,300.0169678,26625.7177734375,13.9976679963592,0.00252540677791623,1,0.999253354069792,40.0298881530762,1.9946856184769,11.6100003942847,76.0985172308149,14.9539540022372,250,0.149782508684421,13.9942003091928,0.208329664566534,300.0162964,300.0176392,26575.595703125,26675.83984375,56.4343607169867,20.811361164723,8.884414,0,0,0,40,4449,299.94515,26625.7177734375,,,,,,,,,,,,,0,,,,18.0589504,,,,,,300.0169678,,,,
,15569476.69,300.01773075,26730.9619140625,14.0059381126362,0.00272336523254018,1,0.999253354069792,40.0298881530762,1.99479904613458,11.6100003942847,76.1464279717462,14.9704651858738,250,0.151128831022348,14.0024628236942,0.209709346111783,300.0176392,300.0178223,26675.83984375,26786.083984375,55.9903957180636,20.8048977360164,9.256284,0,0,0,40,4449,299.94475,26730.9619140625,,,,,,,,,,,,,0,,,,18.0589504,,,,,,300.01773075,,,,
,15569477.79,300.01776125,26841.1953125,14.0082365353126,0.0028399496269243,1,0.999253354069792,40.0298881530762,1.99476930102213,11.6100003942847,76.1564901645534,14.9798614549495,250,0.152468494023559,14.0047552694852,0.211057321842532,300.0177002,300.0178223,26786.083984375,26896.306640625,56.455464687006,20.8125867944835,9.256284,0,0,0,40,4449,299.9444,26841.1953125,,,,,,,,,,,,,0,,,,18.24117085,,,,,,300.01776125,,,,
,15569478.765,300.01794435,26941.3662109375,14.0131176974496,0.00323119308653545,1,0.999253354069792,40.0298881530762,1.9947034945605,11.6100003942847,76.1811443161187,14.9815381157571,250,0.151960713673275,14.0096375830265,0.210569032687276,300.0177002,300.0181885,26896.306640625,26986.42578125,56.3952792910252,20.8145526283068,8.512546,0,0,0,40,4449,299.9445,26941.3662109375,,,,,,,,,,,,,0,,,,18.24117085,,,,,,300.01794435,,,,
,15569479.77,300.01768495,27041.5537109375,14.018898550987,0.00201154897990918,1,0.999253354069792,40.0298881530762,1.99471331512141,11.6100003942847,76.2142313776085,14.9808171896764,250,0.150743975902949,14.015422565904,0.209376019211883,300.0171814,300.0181885,26986.42578125,27096.681640625,56.3147715535444,20.8158246020353,9.256284,0,0,0,40,4449,299.9432,27041.5537109375,,,,,,,,,,,,,0,,,,18.0589504,,,,,,300.01768495,,,,
,15569480.93,300.0175934,27156.779296875,14.0229047144954,0.0022413638776287,1,0.999253354069792,40.0298881530762,1.99481084938919,11.6100003942847,76.2363194276575,15.003753719276,250,0.154081402833699,14.0194141068365,0.212728526542625,300.0171814,300.0180054,27096.681640625,27216.876953125,56.2756901275829,20.8110910605973,8.884414,0,0,0,40,4449,299.9425,27156.779296875,,,,,,,,,,,,,0,,,,18.1496143,,,,,,300.0175934,,,,
,15569481.98,300.0187836,27261.9501953125,14.0273645623645,0.00246269575055887,1,0.999253354069792,40.0298881530762,1.9947584783039,11.6100003942847,76.2620566502585,14.9895576861457,250,0.150720181019484,14.0238866154466,0.209385560715752,300.0180054,300.0195618,27216.876953125,27307.0234375,56.6172617904868,20.8122122726669,8.884414,0,0,0,40,4449,299.94255,27261.9501953125,,,,,,,,,,,,,0,,,,18.2402782,,,,,,300.0187836,,,,
,15569483.83,300.0178223,27447.359375,14.0340034249339,0.00289955904099741,1,0.999253354069792,40.0298881530762,1.99479642133004,11.6100003942847,76.2964697881706,15.0136421765979,250,0.153860726909181,14.0305116538654,0.212551705983094,300.0178223,300.0178223,27437.310546875,27457.408203125,56.1904926189867,20.812699124338,9.256284,0,0,0,40,4449,299.9411,27447.359375,,,,,,,,,,,,,0,,,,18.4233913,,,,,,300.0178223,,,,
,15569485.52,300.0178528,27617.7294921875,14.0402016135336,0.00232510415063744,1,0.999253354069792,40.0298881530762,1.99472320497383,11.6100003942847,76.3281505619299,15.0158812136744,250,0.153222458233836,14.0367113857066,0.211938147493372,300.0178528,300.0178528,27587.681640625,27647.77734375,56.4710972573906,20.8122933492634,8.512546,0,0,0,40,4449,299.93945,27617.7294921875,,,,,,,,,,,,,0,,,,18.24117085,,,,,,300.0178528,,,,
,15569487.26,300.0185547,27793.208984375,14.0408583390481,0.00341348986509977,1,0.999253354069792,40.0298881530762,1.99479194761906,11.6100003942847,76.3310364927173,15.0346049923653,250,0.156447087204285,14.0373543282488,0.215162960003766,300.0185547,300.0185547,27788.177734375,27798.240234375,56.2334821875444,20.8085831537365,8.884414,0,0,0,40,4449,299.93995,27793.208984375,,,,,,,,,,,,,0,,,,18.0589504,,,,,,300.0185547,,,,
,15569487.98,300.017746,27863.2724609375,14.0491152702053,0.00316031988289478,1,0.999253354069792,40.0298881530762,1.99462151954276,11.6100003942847,76.3686382056534,15.0471928478854,250,0.157457469087928,14.045605844969,0.216207044627839,300.0169373,300.0185547,27798.240234375,27928.3046875,56.455464687006,20.8166072739026,9.256284,0,0,0,40,4449,299.93965,27863.2724609375,,,,,,,,,,,,,0,,,,18.24117085,,,,,,300.017746,,,,
,15569489.19,300.0162964,27983.3837890625,14.0540656767644,0.00195430534609523,1,0.999253354069792,40.0298881530762,1.9947333093463,11.6100003942847,76.4013390500536,15.0446222354959,250,0.155917579841381,14.0505625473876,0.214687206778623,300.0156555,300.0169373,27928.3046875,28038.462890625,56.2670922138713,20.8093368035168,9.256284,0,0,0,40,4449,299.9386,27983.3837890625,,,,,,,,,,,,,0,,,,18.24117085,,,,,,300.0162964,,,,
,15569490.29,300.01678465,28093.546875,14.055589366161,0.00291060501443361,1,0.999253354069792,40.0298881530762,1.99471457031034,11.6100003942847,76.4072167018977,15.0553112600604,250,0.157623929979074,14.0520786787207,0.2163982587424,300.0156555,300.0179138,28038.462890625,28148.630859375,56.5125235689098,20.8092409944857,9.256284,0,0,0,40,4449,299.93945,28093.546875,,,,,,,,,,,,,0,,,,18.0589504,,,,,,300.01678465,,,,
,15569491.36,300.01792905,28203.6884765625,14.062589391189,0.00321977412948007,1,0.999253354069792,40.0298881530762,1.99469549715153,11.6100003942847,76.4462630433066,15.0534505625466,250,0.156011068120589,14.0590835217785,0.214814232066066,300.0179138,300.0179443,28148.630859375,28258.74609375,56.4984542555637,20.8099199211336,8.512546,0,0,0,40,4449,299.9379,28203.6884765625,,,,,,,,,,,,,0,,,,18.24117085,,,,,,300.01792905,,,,
,15569492.415,300.0179443,28308.8818359375,14.0653510068169,0.00332619918435008,1,0.999253354069792,40.0298881530762,1.99483085411437,11.6100003942847,76.4679350173306,15.0487691621953,250,0.154457361094938,14.0618511223862,0.213271905085201,300.0179443,300.0179443,28258.74609375,28359.017578125,56.3413469231983,20.8114752231001,8.512546,0,0,0,40,4449,299.93535,28308.8818359375,,,,,,,,,,,,,0,,,,18.24117085,,,,,,300.0179443,,,,
,15569493.445,300.01777645,28409.1181640625,14.0684217302614,0.00306596894289191,1,0.999253354069792,40.0298881530762,1.99471190334096,11.6100003942847,76.4772620662437,15.0669396268804,250,0.157385384464592,14.0649091897922,0.21621098100463,300.0176086,300.0179443,28359.017578125,28459.21875,56.6985511564868,20.8119789941766,8.884414,0,0,0,40,4449,299.9361,28409.1181640625,,,,,,,,,,,,,0,,,,18.24117085,,,,,,300.01777645,,,,
,15569494.49,300.017395,28514.3994140625,14.0711543445847,0.0032711704661755,1,0.999253354069792,40.0298881530762,1.99464248685819,11.6100003942847,76.4880875631917,15.0770992118957,250,0.158838824961132,14.0676355002488,0.217674330564989,300.0171814,300.0176086,28459.21875,28569.580078125,56.0075915454867,20.8125445903435,9.256284,0,0,0,40,4449,299.93675,28514.3994140625,,,,,,,,,,,,,0,,,,18.4233913,,,,,,300.017395,,,,
,15569495.555,300.01820375,28624.630859375,14.0732031246572,0.00270076078493744,1,0.999253354069792,40.0298881530762,1.99481489681195,11.6100003942847,76.5081646176251,15.0671060306496,250,0.15639253547041,14.0696938031989,0.215235957516622,300.0171814,300.0192261,28569.580078125,28679.681640625,56.350726465429,20.8119076713938,8.512546,0,0,0,40,4449,299.9368,28624.630859375,,,,,,,,,,,,,0,,,,18.24117085,,,,,,300.01820375,,,,
,15569496.595,300.01835635,28729.7626953125,14.0808266238827,0.00303728509624624,1,0.999253354069792,40.0298881530762,1.99464754365816,11.6100003942847,76.5398988695602,15.0926396521192,250,0.159893634559416,14.0773011307611,0.218767306363897,300.0174866,300.0192261,28679.681640625,28779.84375,56.5117419403906,20.8141891551282,8.512546,0,0,0,40,4449,299.93615,28729.7626953125,,,,,,,,,,,,,0,,,,18.24117085,,,,,,300.01835635,,,,
,15569497.705,300.01727295,28839.9931640625,14.0811588659163,0.00268240237885452,1,0.999253354069792,40.0298881530762,1.99471759346161,11.6100003942847,76.546447565654,15.0820875541125,250,0.157800885204457,14.0776427228854,0.21667545303724,300.0170593,300.0174866,28779.84375,28900.142578125,56.3030471257559,20.814818114172,8.512546,0,0,0,40,4449,299.93525,28839.9931640625,,,,,,,,,,,,,0,,,,18.4233913,,,,,,300.01727295,,,,
,15569498.815,300.01690675,28950.2890625,14.0856585010183,0.00261331645027704,1,0.999253354069792,40.0298881530762,1.9947899526433,11.6100003942847,76.5722391720043,15.0948750480713,250,0.159217042329736,14.0821358268249,0.218109081749437,300.0167542,300.0170593,28900.142578125,29000.435546875,56.5445703381983,20.8052900066823,8.512546,0,0,0,40,4449,299.93495,28950.2890625,,,,,,,,,,,,,0,,,,18.24117085,,,,,,300.01690675,,,,
,15569499.89,300.01760865,29055.541015625,14.0851108802851,0.00254378022586165,1,0.999253354069792,40.0298881530762,1.99468681068756,11.6100003942847,76.5654362569691,15.0933371390006,250,0.159176999220266,14.0815882290976,0.218065745375701,300.0167542,300.0184631,29000.435546875,29110.646484375,56.5156500829868,20.8053497854823,9.256284,0,0,0,40,4449,299.9346,29055.541015625,,,,,,,,,,,,,0,,,,18.0589504,,,,,,300.01760865,,,,
,15569501.09,300.0184326,29175.82421875,14.0926206267925,0.0022952214308578,1,0.999253354069792,40.0298881530762,1.99478134117743,11.6100003942847,76.610441023653,15.0986051578778,250,0.158624996714668,14.0890984781472,0.217543927981356,300.0184021,300.0184631,29110.646484375,29241.001953125,56.7274714116983,20.816136748857,9.256284,0,0,0,40,4449,299.935,29175.82421875,,,,,,,,,,,,,0,,,,18.24117085,,,,,,300.0184326,,,,
,15569502.295,300.0193329,29296.1484375,14.0950965460741,0.00266344793479158,1,0.999253354069792,40.0298881530762,1.99463574311592,11.6100003942847,76.6175330721732,15.1051088276321,250,0.159558525053796,14.0915696684597,0.218486268468708,300.0184021,300.0202637,29241.001953125,29351.294921875,56.5899047923137,20.8145213304811,9.256284,0,0,0,40,4449,299.93545,29296.1484375,,,,,,,,,,,,,0,,,,18.24117085,,,,,,300.0193329,,,,
,15569503.37,300.0200348,29401.39453125,14.1005866130166,0.00261843534571047,1,0.999253354069792,40.0298881530762,1.99467518879181,11.6100003942847,76.6461960650067,15.1256075103082,250,0.162251114543737,14.0970470855065,0.221200424810121,300.0198059,300.0202637,29351.294921875,29451.494140625,56.6610329875637,20.8126161320783,9.256284,0,0,0,40,4449,299.9344,29401.39453125,,,,,,,,,,,,,0,,,,18.24117085,,,,,,300.0200348,,,,
,15569504.455,300.0192108,29511.724609375,14.1012126207734,0.00243668089251555,1,0.999253354069792,40.0298881530762,1.99466566839969,11.6100003942847,76.6554380847488,15.0928086227608,250,0.156127750521638,14.0976991218415,0.215079877933628,300.0186157,300.0198059,29451.494140625,29571.955078125,56.4023139476983,20.8121376235787,8.884414,0,0,0,40,4449,299.934,29511.724609375,,,,,,,,,,,,,0,,,,18.24117085,,,,,,300.0192108,,,,
,15569505.57,300.01885985,29627.2158203125,14.1013826375307,0.00349163880371651,1,0.999253354069792,40.0298881530762,1.99475404788734,11.5999998524785,76.6553823546356,15.1167958455444,250,0.160381049064425,14.0978516277059,0.219331807269683,300.0186157,300.019104,29571.955078125,29682.4765625,57.2042648084291,20.8102294717721,9.256284,0,0,0,40,4449,299.9341,29627.2158203125,,,,,,,,,,,,,0,,,,18.24117085,,,,,,300.01885985,,,,
,15569506.545,300.01974485,29727.6318359375,14.1067300507349,0.00281707694666381,1,0.999253354069792,40.0298881530762,1.99470035597921,11.6100003942847,76.6826312603959,15.1210815643268,250,0.160250037639606,14.1031981344558,0.219222348824713,300.019104,300.0203857,29682.4765625,29772.787109375,56.5461335952368,20.8134000122493,8.512546,0,0,0,40,4449,299.9332,29727.6318359375,,,,,,,,,,,,,0,,,,18.4233913,,,,,,300.01974485,,,,
,15569508.375,300.0196228,29908.099609375,14.107094050227,0.00259888882363615,1,0.999253354069792,40.0298881530762,1.99463061682116,11.6100003942847,76.6823375845648,15.1191225132481,250,0.159919347285996,14.1035637098366,0.21889137444731,300.0196228,300.0196228,29903.0546875,29913.14453125,56.2545861575636,20.8064521582434,8.512546,0,0,0,40,4449,299.9332,29908.099609375,,,,,,,,,,,,,0,,,,18.24117085,,,,,,300.0196228,,,,
,15569509.025,300.01931765,29973.3076171875,14.1078363983842,0.00297899585382923,1,0.999253354069792,40.0298881530762,1.99473755594822,11.6100003942847,76.6890530594426,15.1278777916613,250,0.161244503064718,14.1043005982408,0.220218679375785,300.0190125,300.0196228,29913.14453125,30033.470703125,56.3069552683521,20.8082794470301,8.512546,0,0,0,40,4449,299.93325,29973.3076171875,,,,,,,,,,,,,0,,,,18.1496143,,,,,,300.01931765,,,,
,15569510.11,300.01887515,30083.5947265625,14.1157920945839,0.00232040726833822,1,0.999253354069792,40.0298881530762,1.99470521314765,11.6100003942847,76.7287011516205,15.1490463775421,250,0.163700572835733,14.1122447831893,0.222706196588151,300.0187378,300.0190125,30033.470703125,30133.71875,56.465625857756,20.8141235799166,9.256284,0,0,0,40,4449,299.93405,30083.5947265625,,,,,,,,,,,,,0,,,,18.33183475,,,,,,300.01887515,,,,
,15569511.225,300.01937865,30193.8447265625,14.115455386267,0.00244775032859324,1,0.999253354069792,40.0298881530762,1.99475147952768,11.6100003942847,76.7303081167297,15.139841459761,250,0.162011137759927,14.1119150264919,0.221014960710049,300.0187378,300.0200195,30133.71875,30253.970703125,55.8457944420059,20.8045121256323,9.256284,0,0,0,40,4449,299.93225,30193.8447265625,,,,,,,,,,,,,0,,,,18.24117085,,,,,,300.01937865,,,,
,15569512.445,300.0189972,30314.1337890625,14.1219623627672,0.00226113495588804,1,0.999253354069792,40.0298881530762,1.9946271134017,11.6100003942847,76.7621771075351,15.139633326815,250,0.16093640946993,14.1184254951704,0.219966576382872,300.0179749,300.0200195,30253.970703125,30374.296875,56.6102271338137,20.8111225701614,8.884414,0,0,0,40,4449,299.93155,30314.1337890625,,,,,,,,,,,,,0,,,,18.0589504,,,,,,300.0189972,,,,
,15569513.65,300.0187531,30434.33203125,14.1253683252516,0.00255499360905912,1,0.999253354069792,40.0298881530762,1.99468671294941,11.6100003942847,76.7829726860599,15.1434895611931,250,0.1609330508595,14.1218310440669,0.219976210743688,300.0179749,300.0195313,30374.296875,30494.3671875,56.5117419403906,20.8148842405463,9.256284,0,0,0,40,4449,299.93155,30434.33203125,,,,,,,,,,,,,0,,,,18.0589504,,,,,,300.0187531,,,,
,15569514.72,300.0195313,30544.4638671875,14.1273984600394,0.00241068707342731,1,0.999253354069792,40.0298881530762,1.99472607853984,11.6100003942847,76.7945647109314,15.1509167996346,250,0.161868124673204,14.1238566124911,0.220918092366883,300.0195313,300.0195313,30494.3671875,30594.560546875,56.2139414745636,20.8049248736854,8.512546,0,0,0,40,4449,299.933,30544.4638671875,,,,,,,,,,,,,0,,,,18.24117085,,,,,,300.0195313,,,,
,15569515.8,300.0192719,30654.7294921875,14.127493289414,0.00273680979344133,1,0.999253354069792,40.0298881530762,1.99465836641115,11.6100003942847,76.790403099237,15.1620430335409,250,0.163986245456023,14.1239428258527,0.223035018097974,300.0190125,300.0195313,30594.560546875,30714.8984375,56.3397836661598,20.8122411610155,9.256284,0,0,0,40,4449,299.93305,30654.7294921875,,,,,,,,,,,,,0,,,,18.24117085,,,,,,300.0192719,,,,
,15569516.955,300.01983645,30769.9375,14.1333517740617,0.00302653987369543,1,0.999253354069792,40.0298881530762,1.99467240353645,11.6100003942847,76.8221483428529,15.171802741539,250,0.164673246799386,14.1297970246106,0.223745738762519,300.0190125,300.0206604,30714.8984375,30824.9765625,56.4124751184483,20.8109889302252,8.512546,0,0,0,40,4449,299.9306,30769.9375,,,,,,,,,,,,,0,,,,18.24117085,,,,,,300.01983645,,,,
,15569518.165,300.02059935,30890.166015625,14.1350577725268,0.00263980201453582,1,0.999253354069792,40.0298881530762,1.99467788344305,11.6100003942847,76.832908043634,15.1667579737115,250,0.163424612455371,14.1315076305797,0.222503296203285,300.0205383,300.0206604,30824.9765625,30955.35546875,56.5390989385637,20.8145447257335,9.256284,0,0,0,40,4449,299.9303,30890.166015625,,,,,,,,,,,,,0,,,,18.24117085,,,,,,300.02059935,,,,
,15569519.405,300.02038575,31015.4970703125,14.1372246579653,0.00303385924835904,1,0.999253354069792,40.0298881530762,1.99470144059082,11.6100003942847,76.8442039494376,15.1766387797411,250,0.164805782481475,14.133668539513,0.223892074962337,300.0202332,300.0205383,30955.35546875,31075.638671875,56.2608391857175,20.8096462387674,8.512546,0,0,0,40,4449,299.9297,31015.4970703125,,,,,,,,,,,,,0,,,,18.0589504,,,,,,300.02038575,,,,
,15569520.535,300.01991275,31130.7841796875,14.1374313543803,0.00307807474581057,1,0.999253354069792,40.0298881530762,1.99471002332758,11.6100003942847,76.8463161500751,15.1733416372458,250,0.164151548211187,14.1338782976546,0.223237724919978,300.0195923,300.0202332,31075.638671875,31185.9296875,56.6469636742175,20.809658773777,9.256284,0,0,0,40,4449,299.9293,31130.7841796875,,,,,,,,,,,,,0,,,,18.24117085,,,,,,300.01991275,,,,
,15569521.56,300.01989745,31230.9169921875,14.1409469211095,0.00296850210005013,1,0.999253354069792,40.0298881530762,1.99467544404192,11.6100003942847,76.8623493399921,15.1864476514559,250,0.16595405757697,14.1373857664205,0.225053240234519,300.0195923,300.0202026,31185.9296875,31275.904296875,56.3804283491598,20.8078548625122,9.256284,0,0,0,40,4449,299.9305,31230.9169921875,,,,,,,,,,,,,0,,,,18.24117085,,,,,,300.01989745,,,,
,15569522.625,300.0194702,31336.015625,14.1461470635675,0.00224265473875358,1,0.999253354069792,40.0298881530762,1.99472404486643,11.6100003942847,76.8945886130708,15.180819648465,250,0.163891421767889,14.1425938086152,0.223011794426105,300.0187378,300.0202026,31275.904296875,31396.126953125,56.3038287542752,20.8106028028901,8.884414,0,0,0,40,4449,299.92995,31336.015625,,,,,,,,,,,,,0,,,,18.24117085,,,,,,300.0194702,,,,
,15569523.75,300.01852415,31451.224609375,14.148864235781,0.002452264626902,1,0.999253354069792,40.0298881530762,1.99460340421846,11.6100003942847,76.9042032044066,15.186204699711,250,0.164541463419584,14.145308316573,0.223672047962399,300.0183105,300.0187378,31396.126953125,31506.322265625,56.4406137451406,20.8139183211984,8.884414,0,0,0,40,4449,299.92915,31451.224609375,,,,,,,,,,,,,0,,,,18.33183475,,,,,,300.01852415,,,,
,15569524.805,300.01878355,31556.3994140625,14.1484619320033,0.00258968935013064,1,0.999253354069792,40.0298881530762,1.99471989661241,11.6100003942847,76.9077984630246,15.1790690355672,250,0.163148565490086,14.1449119086763,0.222276594372403,300.0183105,300.0192566,31506.322265625,31606.4765625,56.5203398541021,20.8150017682261,8.884414,0,0,0,40,4449,299.92935,31556.3994140625,,,,,,,,,,,,,0,,,,18.1496143,,,,,,300.01878355,,,,
,15569525.93,300.01927185,31666.6416015625,14.1497455904698,0.00308493000749913,1,0.999253354069792,40.0298881530762,1.99464983906514,11.6100003942847,76.9076122552287,15.2043550907081,250,0.167648968181837,14.1461763389663,0.226780484339558,300.0192566,300.0192871,31606.4765625,31726.806640625,56.7462304961599,20.8105172876207,9.256284,0,0,0,40,4449,299.9285,31666.6416015625,,,,,,,,,,,,,0,,,,18.24117085,,,,,,300.01927185,,,,
,15569526.99,300.0193329,31771.88671875,14.1557028520711,0.00239492548565147,1,0.999253354069792,40.0298881530762,1.99462681229574,11.6100003942847,76.9425624425656,15.192051325165,250,0.164318049315998,14.1521463956189,0.223474167598123,300.0192871,300.0193787,31726.806640625,31816.966796875,56.6571248449675,20.8125069280828,8.512546,0,0,0,40,4449,299.92795,31771.88671875,,,,,,,,,,,,,0,,,,18.24117085,,,,,,300.0193329,,,,
,15569528.07,300.0195618,31882.125,14.1597091653912,0.00319998564397485,1,0.999253354069792,40.0298881530762,1.99472190182669,11.6100003942847,76.9682037144886,15.1955036874228,250,0.164080612210556,14.1561529053255,0.223252283415306,300.0193787,300.0197449,31816.966796875,31947.283203125,56.3569794935829,20.8109998368813,9.256284,0,0,0,40,4449,299.9283,31882.125,,,,,,,,,,,,,0,,,,18.24117085,,,,,,300.0195618,,,,
,15569529.3,300.01986695,32007.3017578125,14.1562816854204,0.00309075221687754,1,0.999253354069792,40.0298881530762,1.99474338406045,11.6100003942847,76.9472884053409,15.2086630130506,250,0.167103895276276,14.1527134712209,0.226259228454301,300.0197449,300.019989,31947.283203125,32067.3203125,56.516431711506,20.812093180397,8.512546,0,0,0,40,4449,299.9286,32007.3017578125,,,,,,,,,,,,,0,,,,18.4233913,,,,,,300.01986695,,,,
,15569530.455,300.019989,32122.4462890625,14.160168390938,0.00271431652290873,1,0.999253354069792,40.0298881530762,1.99470466374351,11.6100003942847,76.9691249042173,15.2008665186915,250,0.165005845823168,14.1566082068876,0.224176845993712,300.019989,300.019989,32067.3203125,32177.572265625,56.5461335952368,20.8008472919333,9.256284,0,0,0,40,4449,299.9277,32122.4462890625,,,,,,,,,,,,,0,,,,18.4233913,,,,,,300.019989,,,,
,15569531.445,300.01940915,32222.7099609375,14.1633349137942,0.00298774885216296,1,0.999253354069792,40.0298881530762,1.99468028638228,11.6100003942847,76.9806546492312,15.2297965890833,250,0.169763903867269,14.1597546187839,0.228946065029907,300.0188293,300.019989,32177.572265625,32267.84765625,56.4187281466021,20.8084522096947,8.884414,0,0,0,40,4449,299.92795,32222.7099609375,,,,,,,,,,,,,0,,,,18.4233913,,,,,,300.01940915,,,,
,15569532.515,300.02018735,32327.9775390625,14.1683397646266,0.00238204235991561,1,0.999253354069792,40.0298881530762,1.99476426926384,11.6100003942847,77.0136001086384,15.2218687809895,250,0.167267098966536,14.1647686142562,0.22646952356532,300.0188293,300.0215454,32267.84765625,32388.107421875,56.3749569495252,20.8146253049979,9.256284,0,0,0,40,4449,299.92815,32327.9775390625,,,,,,,,,,,,,0,,,,18.4233913,,,,,,300.02018735,,,,
,15569533.56,300.0215454,32433.1923828125,14.1663266172676,0.00272146634592431,1,0.999253354069792,40.0298881530762,1.99457576742108,11.6100003942847,76.9933750651902,15.2300867065115,250,0.169407394455899,14.1627462996659,0.22860020250687,300.0215454,300.0215454,32388.107421875,32478.27734375,56.1381235081982,20.8067596423626,8.884414,0,0,0,40,4449,299.9266,32433.1923828125,,,,,,,,,,,,,0,,,,18.33183475,,,,,,300.0215454,,,,
,15569534.555,300.02108765,32533.4384765625,14.1682220213297,0.00320938886945717,1,0.999253354069792,40.0298881530762,1.99473135259404,11.6100003942847,77.0143328931672,15.207402277977,250,0.164679941565528,14.164661419712,0.223880747619335,300.0206299,300.0215454,32478.27734375,32588.599609375,56.5883415352752,20.8150964649383,9.256284,0,0,0,40,4449,299.92585,32533.4384765625,,,,,,,,,,,,,0,,,,18.33183475,,,,,,300.02108765,,,,
,15569535.72,300.02059935,32648.6904296875,14.1729076151276,0.00300618907914117,1,0.999253354069792,40.0298881530762,1.99460965144501,11.6100003942847,77.0323465515978,15.2270365220378,250,0.167583055163311,14.1693343322367,0.226801480321218,300.0205688,300.0206299,32588.599609375,32708.78125,56.3046103827944,20.807036337474,8.512546,0,0,0,40,4449,299.92655,32648.6904296875,,,,,,,,,,,,,0,,,,18.24117085,,,,,,300.02059935,,,,
,15569536.765,300.0200958,32753.8828125,14.173674539067,0.00277845234588248,1,0.999253354069792,40.0298881530762,1.99473910211233,11.6100003942847,77.0382653574566,15.2456834568365,250,0.170688073908786,14.1700885032042,0.229907974731332,300.0196228,300.0205688,32708.78125,32798.984375,56.4601544581214,20.8061600082079,9.256284,0,0,0,40,4449,299.9265,32753.8828125,,,,,,,,,,,,,0,,,,18.1496143,,,,,,300.0200958,,,,
,15569537.79,300.02020265,32854.708984375,14.1746060987131,0.00221574196400878,1,0.999253354069792,40.0298881530762,1.99465061712757,11.6100003942847,77.0403636790077,15.2440489420652,250,0.170337296212242,14.1710213913195,0.229560183212821,300.0196228,300.0207825,32798.984375,32910.43359375,56.3499448369098,20.8069518277288,9.256284,0,0,0,40,4449,299.9261,32854.708984375,,,,,,,,,,,,,0,,,,18.2402782,,,,,,300.02020265,,,,
,15569538.985,300.0209198,32975.72265625,14.1781631368288,0.00294985794071754,1,0.999253354069792,40.0298881530762,1.99463889046899,11.6100003942847,77.0578485582645,15.25536444322,250,0.171772491020477,14.1745714781024,0.231008629347277,300.0207825,300.0210571,32910.43359375,33041.01171875,56.496109370006,20.8083692754252,9.256284,0,0,0,40,4449,299.92625,32975.72265625,,,,,,,,,,,,,0,,,,18.33183475,,,,,,300.0209198,,,,
,15569540.04,300.02104185,33081.154296875,14.1775766310514,0.0025433535489489,1,0.999253354069792,40.0298881530762,1.99464409878068,11.6100003942847,77.0548440552868,15.2548436523384,250,0.17177948876525,14.1739851065947,0.231012178576882,300.0210266,300.0210571,33041.01171875,33121.296875,56.3397836661598,20.8091677793737,8.512546,0,0,0,40,4449,299.9257,33081.154296875,,,,,,,,,,,,,0,,,,18.33183475,,,,,,300.02104185,,,,
,15569541.07,300.0205536,33186.470703125,14.1793007183831,0.00261466004779564,1,0.999253354069792,40.0298881530762,1.99468507966683,11.6100003942847,77.0686731358724,15.2412922682868,250,0.168916700371607,14.1757211487906,0.228156432187133,300.0200806,300.0210266,33121.296875,33251.64453125,56.2780350131406,20.8075903366039,9.256284,0,0,0,40,4449,299.9241,33186.470703125,,,,,,,,,,,,,0,,,,18.33183475,,,,,,300.0205536,,,,
,15569542.115,300.0202179,33296.8046875,14.1824641102024,0.0028796956544501,1,0.999253354069792,40.0298881530762,1.99460522057698,11.6100003942847,77.0786896696017,15.2665878671035,250,0.173083793447498,14.1788667214429,0.232335301363811,300.0200806,300.0203552,33251.64453125,33341.96484375,56.6227331901214,20.8121473886375,8.512546,0,0,0,40,4449,299.92165,33296.8046875,,,,,,,,,,,,,0,,,,18.4233913,,,,,,300.0202179,,,,
,15569543.125,300.0210266,33397.033203125,14.1876788609623,0.0019624807759557,1,0.999253354069792,40.0298881530762,1.9946354100479,11.6100003942847,77.1103048682314,15.2608942432425,250,0.171031210164132,14.1840886629138,0.230304101065636,300.0203552,300.021698,33341.96484375,33452.1015625,56.3616692646983,20.8103231443262,8.884414,0,0,0,40,4449,299.9206,33397.033203125,,,,,,,,,,,,,0,,,,18.4233913,,,,,,300.0210266,,,,
,15569544.33,300.0211029,33517.248046875,14.1860665710474,0.00248290349619893,1,0.999253354069792,40.0298881530762,1.99468644767287,11.6100003942847,77.0987724018022,15.2848554736417,250,0.175660526373219,14.1824574804012,0.234924164632103,300.0205078,300.021698,33452.1015625,33582.39453125,56.188147733429,20.813370546233,9.256284,0,0,0,40,4449,299.92185,33517.248046875,,,,,,,,,,,,,0,,,,18.51588535,,,,,,300.0211029,,,,
,15569545.415,300.021286,33622.501953125,14.1916582013185,0.00285237280273919,1,0.999253354069792,40.0298881530762,1.99459828654003,11.6100003942847,77.1320602848685,15.2566660987997,250,0.169570875464573,14.1880734811374,0.228857797244218,300.0205078,300.0220642,33582.39453125,33662.609375,56.1279623374482,20.8089920339539,9.256284,0,0,0,40,4449,299.9227,33622.501953125,,,,,,,,,,,,,0,,,,18.3336649,,,,,,300.021286,,,,
,15569546.455,300.02153015,33722.66796875,14.1934509001691,0.00232826565033273,1,0.999253354069792,40.0298881530762,1.99463349143332,11.6100003942847,77.1406364732119,15.2723092835811,250,0.17206303257878,14.1898553745908,0.231355997586793,300.0209961,300.0220642,33662.609375,33782.7265625,56.5922496778714,20.8104576522037,8.512546,0,0,0,40,4449,299.92215,33722.66796875,,,,,,,,,,,,,0,,,,18.24117085,,,,,,300.02153015,,,,
,15569547.625,300.0208893,33842.857421875,14.1953869211969,0.0027562846278093,1,0.999253354069792,40.0298881530762,1.9947596934216,11.6100003942847,77.1542838809792,15.2841597046148,250,0.173707562908882,14.1917845884551,0.23300715765984,300.0207825,300.0209961,33782.7265625,33902.98828125,55.9638203484098,20.808063443171,9.256284,0,0,0,40,4449,299.9215,33842.857421875,,,,,,,,,,,,,0,,,,18.4233913,,,,,,300.0208893,,,,
,15569548.77,300.0206299,33958.091796875,14.1931924503216,0.00227369564573833,1,0.999253354069792,40.0298881530762,1.99468206419215,11.6100003942847,77.1414513366098,15.2703212785586,250,0.171681431846822,14.1895992747659,0.230971277232928,300.0204773,300.0207825,33902.98828125,34013.1953125,56.4781319140637,20.8074877174265,8.884414,0,0,0,40,4449,299.92045,33958.091796875,,,,,,,,,,,,,0,,,,18.33183475,,,,,,300.0206299,,,,
,15569549.825,300.02053835,34063.28125,14.19824950989,0.00233516059524628,1,0.999253354069792,40.0298881530762,1.99468206419215,11.6100003942847,77.1663761422024,15.2895788739817,250,0.17428017626656,14.1946446236561,0.2335894594711,300.0204773,300.0205994,34013.1953125,34113.3671875,56.7462304961599,20.8074877174265,8.512546,0,0,0,40,4449,299.92065,34063.28125,,,,,,,,,,,,,0,,,,18.2402782,,,,,,300.02053835,,,,
,15569550.92,300.0210724,34173.515625,14.199814422738,0.00335520589722341,1,0.999253354069792,40.0298881530762,1.99461963298936,11.6100003942847,77.1738188523212,15.2838221355821,250,0.173020029291956,14.1962143334676,0.232334945097586,300.0205994,300.0215454,34113.3671875,34233.6640625,56.333530638006,20.8078486823676,8.512546,0,0,0,40,4449,299.92055,34173.515625,,,,,,,,,,,,,0,,,,18.33183475,,,,,,300.0210724,,,,
,15569551.96,300.02038575,34278.77734375,14.198102521869,0.00264058831722082,1,0.999253354069792,40.0298881530762,1.99463051118887,11.6100003942847,77.1645368971007,15.2841662977571,250,0.173385697667138,14.1945016181093,0.232693319700265,300.0192261,300.0215454,34233.6640625,34323.890625,56.3624508932175,20.8077262715782,9.256284,0,0,0,40,4449,299.916,34278.77734375,,,,,,,,,,,,,0,,,,18.33183475,,,,,,300.02038575,,,,
,15569552.955,300.0193787,34379.04296875,14.2039924599029,0.00241449121403027,1,0.999253354069792,40.0298881530762,1.99474769399503,11.6100003942847,77.2005016707017,15.293921156786,250,0.173923723520314,14.2003886624401,0.233255670803541,300.0192261,300.0195313,34323.890625,34434.1953125,55.8809677253713,20.8056816223346,8.512546,0,0,0,40,4449,299.9122,34379.04296875,,,,,,,,,,,,,0,,,,18.33183475,,,,,,300.0193787,,,,
,15569554.075,300.0191803,34489.203125,14.2061092512732,0.00277144605806346,1,0.999253354069792,40.0298881530762,1.99457780563467,11.6100003942847,77.2050301406787,15.2979878700379,250,0.174512257329944,14.2025028149766,0.233851598992418,300.0188293,300.0195313,34434.1953125,34544.2109375,56.3460366943136,20.807270402365,9.256284,0,0,0,40,4449,299.91285,34489.203125,,,,,,,,,,,,,0,,,,18.33183475,,,,,,300.0191803,,,,
,15569555.055,300.01896665,34589.232421875,14.205364882871,0.00307026805030448,1,0.999253354069792,40.0298881530762,1.9946117776664,11.6100003942847,77.2033459715302,15.2916266189083,250,0.173437003424474,14.2017633371607,0.232772226438489,300.0188293,300.019104,34544.2109375,34634.25390625,56.5531682519098,20.8063390957869,8.512546,0,0,0,40,4449,299.9135,34589.232421875,,,,,,,,,,,,,0,,,,18.2402782,,,,,,300.01896665,,,,
,15569556.075,300.01931765,34689.447265625,14.209752392091,0.00295934568076692,1,0.999253354069792,40.0298881530762,1.9946801859434,11.6100003942847,77.230163058711,15.294757130405,250,0.173105360682816,14.2061512701921,0.232457976313228,300.019104,300.0195313,34634.25390625,34744.640625,55.9716366336021,20.8130322969983,9.256284,0,0,0,40,4449,299.9132,34689.447265625,,,,,,,,,,,,,0,,,,18.33183475,,,,,,300.01931765,,,,
,15569557.225,300.01988225,34804.701171875,14.2074073535327,0.00270388137179607,1,0.999253354069792,40.0298881530762,1.99468039701163,11.6100003942847,77.2150360109525,15.3051188083729,250,0.175443489931988,14.2037967949601,0.234784399044779,300.0195313,300.0202332,34744.640625,34864.76171875,56.6391473890252,20.8020882679519,8.512546,0,0,0,40,4449,299.914,34804.701171875,,,,,,,,,,,,,0,,,,18.33183475,,,,,,300.01988225,,,,
,15569558.795,300.019928,34965.015625,14.212087781147,0.00309023435344686,1,0.999253354069792,40.0298881530762,1.99468929244807,11.6100003942847,77.2401624134476,15.3137213874633,250,0.176144600324537,14.2084735324194,0.235502990008078,300.0196228,300.0202332,34864.76171875,35065.26953125,56.536754053006,20.804322690891,9.256284,0,0,0,40,4449,299.9149,34965.015625,,,,,,,,,,,,,0,,,,18.2402782,,,,,,300.019928,,,,
,15569560.35,300.0189972,35120.404296875,14.2146940279265,0.00257349260951603,1,0.999253354069792,40.0298881530762,1.99467547505698,11.6100003942847,77.2536849627072,15.3170949123232,250,0.176301253621953,14.2110792728098,0.235668788158546,300.0183716,300.0196228,35065.26953125,35175.5390625,56.7048041846406,20.8075101900177,9.256284,0,0,0,40,4449,299.9151,35120.404296875,,,,,,,,,,,,,0,,,,18.2402782,,,,,,300.0189972,,,,
,15569561.36,300.01867675,35220.58984375,14.2203120806746,0.00302520585835571,1,0.999253354069792,40.0298881530762,1.99450014871288,11.6100003942847,77.2773085501334,15.3233911514007,250,0.176657952342928,14.2166950283309,0.23604740527487,300.0183716,300.0189819,35175.5390625,35265.640625,56.7524835243137,20.8086108820315,8.884414,0,0,0,40,4449,299.91685,35220.58984375,,,,,,,,,,,,,0,,,,18.4243288,,,,,,300.01867675,,,,
,15569562.48,300.0185089,35330.74609375,14.2227790996874,0.00225710847340949,1,0.999253354069792,40.0298881530762,1.99468001498836,11.6100003942847,77.2974559358551,15.3276979331455,250,0.176745259922324,14.2191614305622,0.236143547257855,300.0180359,300.0189819,35265.640625,35395.8515625,56.1318704800444,20.8096365387348,9.628152,0,0,0,40,4449,299.918,35330.74609375,,,,,,,,,,,,,0,,,,18.6083794,,,,,,300.0185089,,,,
,15569563.68,300.01861575,35451,14.221913726894,0.00320337714023597,1,0.999253354069792,40.0298881530762,1.99470207152559,11.6100003942847,77.294518813214,15.32190144226,250,0.175812288864188,14.218300185925,0.235206138551499,300.0180359,300.0191956,35395.8515625,35506.1484375,56.6547799594098,20.8055586841944,9.256284,0,0,0,40,4449,299.91675,35451,,,,,,,,,,,,,0,,,,18.4243288,,,,,,300.01861575,,,,
,15569564.74,300.01905825,35556.216796875,14.2276428082145,0.0024994273680413,1,0.999253354069792,40.0298881530762,1.99461078844322,11.6100003942847,77.32346425717,15.3205981494018,250,0.174637094712327,14.2240328712215,0.234054340875822,300.0189209,300.0191956,35506.1484375,35606.28515625,56.6172617904868,20.8116140231005,8.884414,0,0,0,40,4449,299.9152,35556.216796875,,,,,,,,,,,,,0,,,,18.2402782,,,,,,300.01905825,,,,
,15569565.865,300.0190277,35671.44140625,14.2284057181532,0.00308279775923975,1,0.999253354069792,40.0298881530762,1.99454794664314,11.6100003942847,77.3247771498371,15.3234255072751,250,0.175102613972553,14.2247938656521,0.234521414380721,300.0189209,300.0191345,35606.28515625,35736.59765625,56.4945461129675,20.8072208565038,9.256284,0,0,0,40,4449,299.91645,35671.44140625,,,,,,,,,,,,,0,,,,18.4243288,,,,,,300.0190277,,,,
,15569566.93,300.0190735,35781.6640625,14.2281398775217,0.00262621672228154,1,0.999253354069792,40.0298881530762,1.99470307632026,11.6100003942847,77.3256726839969,15.3433044653868,250,0.178589066093381,14.2245136185226,0.238004843090006,300.0190125,300.0191345,35736.59765625,35826.73046875,56.6219515616021,20.7995990830747,8.512546,0,0,0,40,4449,299.9165,35781.6640625,,,,,,,,,,,,,0,,,,18.51588535,,,,,,300.0190735,,,,
,15569567.87,300.0194397,35871.83203125,14.2317394824488,0.00239378689214651,1,0.999253354069792,40.0298881530762,1.99465830449298,11.6100003942847,77.3478475242588,15.323631802508,250,0.174372962904309,14.228130042928,0.233803501285588,300.0190125,300.0198669,35826.73046875,35916.93359375,56.5406621956021,20.8044191283795,9.256284,0,0,0,40,4449,299.91715,35871.83203125,,,,,,,,,,,,,0,,,,18.33183475,,,,,,300.0194397,,,,
,15569569.01,300.0194397,35982.033203125,14.2346507003516,0.00294119371594496,1,0.999253354069792,40.0298881530762,1.99457125096536,11.6100003942847,77.3608007515138,15.3238382350756,250,0.173992145090687,14.2310424136499,0.233433541848774,300.0190125,300.0198669,35916.93359375,36047.1328125,56.4312342029098,20.8068327545757,8.884414,0,0,0,40,4449,299.91795,35982.033203125,,,,,,,,,,,,,0,,,,18.4243288,,,,,,300.0194397,,,,
,15569570.235,300.0197754,36107.513671875,14.243271892326,0.00260324404802888,1,0.999253354069792,40.0298881530762,1.99449666739877,11.6100003942847,77.4018771034857,15.3484971394316,250,0.177024697641659,14.239649148507,0.236500264000674,300.0190125,300.0205383,36047.1328125,36167.89453125,56.4476484018137,20.8114130086799,8.884414,0,0,0,40,4449,299.9174,36107.513671875,,,,,,,,,,,,,0,,,,18.51588535,,,,,,300.0197754,,,,
,15569571.295,300.02033995,36218.126953125,14.2425688601781,0.00272876456317939,1,0.999253354069792,40.0298881530762,1.99456223926776,11.6100003942847,77.4034376811724,15.3325844310482,250,0.174144818777375,14.2389581504988,0.233616601178128,300.0201416,300.0205383,36167.89453125,36268.359375,56.3694855498906,20.8071637461976,9.256284,0,0,0,40,4449,299.91835,36218.126953125,,,,,,,,,,,,,0,,,,18.33183475,,,,,,300.02033995,,,,
,15569572.375,300.0200653,36328.552734375,14.2478166548459,0.00210246273607206,1,0.999253354069792,40.0298881530762,1.99461736160665,11.6100003942847,77.4317357517989,15.3511030459151,250,0.176496491418902,14.2441952959284,0.235988862374468,300.019989,300.0201416,36268.359375,36388.74609375,56.4531198014483,20.8067708464791,9.256284,0,0,0,40,4449,299.9169,36328.552734375,,,,,,,,,,,,,0,,,,18.4243288,,,,,,300.0200653,,,,
,15569573.515,300.0195465,36443.849609375,14.2446867392305,0.00273132910036601,1,0.999253354069792,40.0298881530762,1.99467081588633,11.6100003942847,77.4200868014761,15.3301386395403,250,0.173155778613576,14.2410803820977,0.232634486047136,300.019104,300.019989,36388.74609375,36498.953125,56.404658833256,20.8062807887019,9.256284,0,0,0,40,4449,299.91695,36443.849609375,,,,,,,,,,,,,0,,,,18.4243288,,,,,,300.0195465,,,,
,15569574.61,300.02008055,36549.09375,14.2467320598771,0.00252492328776246,1,0.999253354069792,40.0298881530762,1.99456887785509,11.6100003942847,77.4234573002728,15.3525419005865,250,0.177031297942468,14.243108986605,0.236516206436107,300.019104,300.0210571,36498.953125,36599.234375,56.7978179784291,20.8080126039141,9.256284,0,0,0,40,4449,299.9187,36549.09375,,,,,,,,,,,,,0,,,,18.4243288,,,,,,300.02008055,,,,
,15569575.775,300.02104185,36664.353515625,14.2480080960994,0.00220508315247095,1,0.999253354069792,40.0298881530762,1.99452683973067,11.6100003942847,77.4296133583233,15.349207889562,250,0.176241817977466,14.244387690275,0.235730998836665,300.0210266,300.0210571,36599.234375,36729.47265625,56.4890747133329,20.804853942199,9.256284,0,0,0,40,4449,299.9185,36664.353515625,,,,,,,,,,,,,0,,,,18.6083794,,,,,,300.02104185,,,,
,15569576.935,300.02044675,36784.642578125,14.2498976094968,0.00308228002846149,1,0.999253354069792,40.0298881530762,1.99458376081009,11.6100003942847,77.4421790030468,15.3509150493352,250,0.176127762666152,14.2462777587581,0.235623506426584,300.0198669,300.0210266,36729.47265625,36839.8125,56.249114757929,20.8075277648031,8.512546,0,0,0,40,4449,299.9187,36784.642578125,,,,,,,,,,,,,0,,,,18.4243288,,,,,,300.02044675,,,,
,15569577.95,300.02088925,36884.921875,14.2453139789021,0.00285379486980774,1,0.999253354069792,40.0298881530762,1.99470160097867,11.6100003942847,77.4166913054967,15.3740237616838,250,0.181058914789432,14.2416743785223,0.240533086630942,300.0198669,300.0219116,36839.8125,36930.03125,56.4093486043714,20.8060436773087,8.884414,0,0,0,40,4449,299.9201,36884.921875,,,,,,,,,,,,,0,,,,18.2402782,,,,,,300.02088925,,,,
,15569579.045,300.0206604,36995.083984375,14.2536495642811,0.00300572894309116,1,0.999253354069792,40.0298881530762,1.9944753370164,11.6100003942847,77.455808487524,15.3684702990147,250,0.178806886902102,14.250017909945,0.238315380416563,300.0194092,300.0219116,36930.03125,37060.13671875,56.6946430138906,20.8046431240402,9.256284,0,0,0,40,4449,299.91905,36995.083984375,,,,,,,,,,,,,0,,,,18.2402782,,,,,,300.0206604,,,,
,15569580.25,300.01989745,37115.25390625,14.2559509484465,0.00222057077035994,1,0.999253354069792,40.0298881530762,1.99462001520484,11.6100003942847,77.4740256076471,15.3707995798838,250,0.17860917469538,14.2523201644878,0.238126330034402,300.0194092,300.0203857,37060.13671875,37170.37109375,56.4171648895637,20.8078390151903,9.256284,0,0,0,40,4449,299.9177,37115.25390625,,,,,,,,,,,,,0,,,,18.2402782,,,,,,300.01989745,,,,
,15569581.355,300.02049255,37225.544921875,14.257414863334,0.00228188327455659,1,0.999253354069792,40.0298881530762,1.99457968546902,11.6100003942847,77.4811569441392,15.3682789916087,250,0.17793230131961,14.2537864772318,0.237454065086018,300.0203857,300.0205994,37170.37109375,37280.71875,56.0036834028905,20.8087042160917,9.256284,0,0,0,40,4449,299.91955,37225.544921875,,,,,,,,,,,,,0,,,,18.4243288,,,,,,300.02049255,,,,
,15569582.43,300.02023315,37335.80078125,14.2568553804262,0.00271585932354263,1,0.999253354069792,40.0298881530762,1.99460420673038,11.6100003942847,77.4785843685375,15.3703526660284,250,0.178383977113926,14.2532254788894,0.237902200902569,300.0198669,300.0205994,37280.71875,37390.8828125,56.6071006197368,20.8013702297341,8.512546,0,0,0,40,4449,299.91915,37335.80078125,,,,,,,,,,,,,0,,,,18.4243288,,,,,,300.02023315,,,,
,15569583.585,300.02018735,37451.037109375,14.2603275528258,0.00242055607071256,1,0.999253354069792,40.0298881530762,1.9945641369495,11.6100003942847,77.4947967745311,15.3799426431225,250,0.179556839477159,14.2566921605747,0.239088534761525,300.0198669,300.0205078,37390.8828125,37511.19140625,56.4843849422175,20.8034797570742,8.884414,0,0,0,40,4449,299.91715,37451.037109375,,,,,,,,,,,,,0,,,,18.2402782,,,,,,300.02018735,,,,
,15569584.605,300.020401,37551.28515625,14.2624786317817,0.00235803675233772,1,0.999253354069792,40.0298881530762,1.99466797437135,11.6100003942847,77.5109887420298,15.3799773767174,250,0.179022368770201,14.2588450652833,0.238561869803726,300.0202942,300.0205078,37511.19140625,37591.37890625,56.2921043264867,20.8075023184883,8.884414,0,0,0,40,4449,299.91795,37551.28515625,,,,,,,,,,,,,0,,,,18.2402782,,,,,,300.020401,,,,
,15569585.61,300.02053835,37651.4765625,14.2643328914141,0.00310841139978213,1,0.999253354069792,40.0298881530762,1.99470201557913,11.6100003942847,77.5240532048051,15.373078897925,250,0.177366337960861,14.2607059189054,0.236912784008657,300.0202942,300.0207825,37591.37890625,37711.57421875,56.6774471864675,20.8076655498717,8.512546,0,0,0,40,4449,299.9181,37651.4765625,,,,,,,,,,,,,0,,,,18.33183475,,,,,,300.02053835,,,,
,15569586.82,300.02093505,37771.58984375,14.2675654501847,0.002481274387076,1,0.999253354069792,40.0298881530762,1.99453603501527,11.6100003942847,77.5311094515236,15.398080786502,250,0.181586795865356,14.2639200666443,0.241145151989677,300.0207825,300.0210876,37711.57421875,37831.60546875,56.5195582255829,20.808431586582,9.256284,0,0,0,40,4449,299.9156,37771.58984375,,,,,,,,,,,,,0,,,,18.33183475,,,,,,300.02093505,,,,
,15569587.845,300.0210876,37871.6953125,14.2677169884804,0.0024214702676648,1,0.999253354069792,40.0298881530762,1.99453603501527,11.6100003942847,77.5335781813493,15.3893713829603,250,0.179960724534251,14.2640783937164,0.239519058313776,300.0210876,300.0210876,37831.60546875,37911.78515625,56.5351907959675,20.808431586582,8.884414,0,0,0,40,4449,299.9151,37871.6953125,,,,,,,,,,,,,0,,,,18.2402782,,,,,,300.0210876,,,,
,15569589.67,300.020752,38057.072265625,14.2696398112965,0.00258131658234637,1,0.999253354069792,40.0298881530762,1.99463333503444,11.6100003942847,77.5493376559607,15.383437802879,250,0.178382375075783,14.2660078029045,0.237947176116919,300.020752,300.020752,38052.04296875,38062.1015625,56.5125235689098,20.8045945755119,8.884414,0,0,0,40,4449,299.91445,38057.072265625,,,,,,,,,,,,,0,,,,18.2402782,,,,,,300.020752,,,,
,15569590.355,300.02168275,38127.203125,14.2692085068336,0.00309826040496726,1,0.999253354069792,40.0298881530762,1.9945297920136,11.6100003942847,77.5385862088528,15.4063602652586,250,0.182814384290895,14.2655576603891,0.24237578908743,300.020752,300.0226135,38062.1015625,38192.3046875,55.995085489179,20.8056459685935,9.256284,0,0,0,40,4449,299.9141,38127.203125,,,,,,,,,,,,,0,,,,18.2402782,,,,,,300.02168275,,,,
,15569591.475,300.0222168,38242.458984375,14.2764417430815,0.0025927099979954,1,0.999253354069792,40.0298881530762,1.99458020595601,11.6100003942847,77.5824608990316,15.4002104456203,250,0.180275759450368,14.272799882585,0.239866720253194,300.0218201,300.0226135,38192.3046875,38292.61328125,56.536754053006,20.8062661047197,9.256284,0,0,0,40,4449,299.91365,38242.458984375,,,,,,,,,,,,,0,,,,18.4243288,,,,,,300.0222168,,,,
,15569592.51,300.0215607,38342.69921875,14.2756311677196,0.00254055635846217,1,0.999253354069792,40.0298881530762,1.994633559775,11.6100003942847,77.5818117049759,15.3904064750754,250,0.178553376454138,14.271997115695,0.238140341838626,300.0213013,300.0218201,38292.61328125,38392.78515625,56.6852634716598,20.8048815101038,8.884414,0,0,0,40,4449,299.91305,38342.69921875,,,,,,,,,,,,,0,,,,18.6083794,,,,,,300.0215607,,,,
,15569593.665,300.0210419,38457.95703125,14.274971516534,0.0028936728621278,1,0.999253354069792,40.0298881530762,1.99460374908025,11.6100003942847,77.5762425264329,15.3940881726364,250,0.179393700010508,14.2713344734642,0.23897671968707,300.0207825,300.0213013,38392.78515625,38523.12890625,56.5172133400252,20.8057032451281,9.256284,0,0,0,40,4449,299.912,38457.95703125,,,,,,,,,,,,,0,,,,18.4243288,,,,,,300.0210419,,,,
,15569594.74,300.0221558,38568.259765625,14.2803651568185,0.00269734059292455,1,0.999253354069792,40.0298881530762,1.99466900966977,11.6100003942847,77.6048428828017,15.417566412355,250,0.182614468747398,14.2767130682719,0.242218592150614,300.0207825,300.0235291,38523.12890625,38613.390625,56.2858512983329,20.802866381439,9.256284,0,0,0,40,4449,299.91005,38568.259765625,,,,,,,,,,,,,0,,,,18.2402782,,,,,,300.0221558,,,,
,15569595.735,300.0227814,38668.404296875,14.2820432418443,0.00278265412676945,1,0.999253354069792,40.0298881530762,1.99462439127268,11.6100003942847,77.6133838462893,15.4130257585652,250,0.18153257362985,14.2783951176468,0.241142871609872,300.0220337,300.0235291,38613.390625,38723.41796875,56.5211214826214,20.8089891242678,8.884414,0,0,0,40,4449,299.9098,38668.404296875,,,,,,,,,,,,,0,,,,18.2402782,,,,,,300.0227814,,,,
,15569596.805,300.0219879,38773.498046875,14.281625606083,0.00226944379776123,1,0.999253354069792,40.0298881530762,1.99454362510464,11.6100003942847,77.6114279549353,15.3937673273325,250,0.178187353174975,14.2779921061488,0.237795207976762,300.0219421,300.0220337,38723.41796875,38823.578125,56.6133536478906,20.8106053884672,9.256284,0,0,0,40,4449,299.91075,38773.498046875,,,,,,,,,,,,,0,,,,18.4243288,,,,,,300.0219879,,,,
,15569597.785,300.0229187,38868.708984375,14.2852880781563,0.00325669717749667,1,0.999253354069792,40.0298881530762,1.99454362510464,11.6100003942847,77.6272507198251,15.4197115193507,250,0.182272606596242,14.2816364142161,0.24189375279715,300.0219421,300.0238953,38823.578125,38913.83984375,56.7563916669098,20.8106053884672,8.512546,0,0,0,40,4449,299.91125,38868.708984375,,,,,,,,,,,,,0,,,,18.6083794,,,,,,300.0229187,,,,
,15569598.865,300.02279665,38978.986328125,14.2878182734895,0.00286721339792577,1,0.999253354069792,40.0298881530762,1.99451548632237,11.6100003942847,77.6406672365915,15.418272023138,250,0.181579512026129,14.2841692104924,0.241209959349719,300.021698,300.0238953,38913.83984375,39044.1328125,56.689171614256,20.8127388825351,8.512546,0,0,0,40,4449,299.91205,38978.986328125,,,,,,,,,,,,,0,,,,18.4243288,,,,,,300.02279665,,,,
,15569600.055,300.0228424,39099.224609375,14.2897644638477,0.00253313801737145,1,0.999253354069792,40.0298881530762,1.99461581351859,11.6100003942847,77.65572501303,15.4174947745145,250,0.180938026259872,14.2861177564293,0.24057586720224,300.021698,300.0239868,39044.1328125,39154.31640625,56.5914680493521,20.8042436635057,8.512546,0,0,0,40,4449,299.91005,39099.224609375,,,,,,,,,,,,,0,,,,18.2402782,,,,,,300.0228424,,,,
,15569601.19,300.02378845,39214.478515625,14.29015256044,0.00276409340897544,1,0.999253354069792,40.0298881530762,1.99462963096165,11.6100003942847,77.6569332971948,15.4256917824193,250,0.182352559314977,14.2864994461975,0.241991022720303,300.0235901,300.0239868,39154.31640625,39274.640625,56.1764233056406,20.8079007248308,8.884414,0,0,0,40,4449,299.9076,39214.478515625,,,,,,,,,,,,,0,,,,18.2402782,,,,,,300.02378845,,,,
,15569602.33,300.02301025,39329.751953125,14.2933599111093,0.00262800647338275,1,0.999253354069792,40.0298881530762,1.99451879316368,11.6100003942847,77.6720026219535,15.4183693371074,250,0.180568035233455,14.2897141370558,0.240219099718249,300.0224304,300.0235901,39274.640625,39384.86328125,56.4437402592175,20.8075427701713,8.884414,0,0,0,40,4449,299.9071,39329.751953125,,,,,,,,,,,,,0,,,,18.2402782,,,,,,300.02301025,,,,
,15569603.555,300.02244565,39450.46875,14.2947863618097,0.00247641220861202,1,0.999253354069792,40.0298881530762,1.99454394796144,11.6100003942847,77.6765543061935,15.4425194801826,250,0.184703302602954,14.2911234302405,0.244358562669055,300.0224304,300.0224609,39384.86328125,39516.07421875,56.1693886489675,20.8031103158033,9.256284,0,0,0,40,4449,299.90535,39450.46875,,,,,,,,,,,,,0,,,,18.2402782,,,,,,300.02244565,,,,
,15569604.64,300.0224609,39561.20703125,14.2944669657473,0.00240622613472471,1,0.999253354069792,40.0298881530762,1.99461194535008,11.6100003942847,77.6800629008318,15.4283311052831,250,0.182064775591848,14.2908152447412,0.241717994972526,300.0224609,300.0224609,39516.07421875,39606.33984375,56.3929344054675,20.8103906629146,9.256284,0,0,0,40,4449,299.9054,39561.20703125,,,,,,,,,,,,,0,,,,18.4243288,,,,,,300.0224609,,,,
,15569605.72,300.0223999,39671.52734375,14.2982751060856,0.00194224083188169,1,0.999253354069792,40.0298881530762,1.99458785282501,11.6100003942847,77.7006246619777,15.4280455623445,250,0.181340924388231,14.2946258126968,0.241008885509943,300.0223389,300.0224609,39606.33984375,39736.71484375,56.4851665707367,20.8058126478894,9.256284,0,0,0,40,4449,299.90575,39671.52734375,,,,,,,,,,,,,0,,,,18.6083794,,,,,,300.0223999,,,,
,15569606.95,300.0223236,39791.890625,14.3010187154701,0.00256287954715176,1,0.999253354069792,40.0298881530762,1.99445865178002,11.6100003942847,77.7082152124052,15.443039844119,250,0.183764845312327,14.2973588800339,0.243442915087202,300.0223083,300.0223389,39736.71484375,39847.06640625,56.3249327242944,20.8075948450666,9.256284,0,0,0,40,4449,299.9037,39791.890625,,,,,,,,,,,,,0,,,,18.4243288,,,,,,300.0223236,,,,
,15569608.15,300.02241515,39935.10546875,14.3036529238749,0.00270424642863944,1,0.999253354069792,40.0298881530762,1.99462668139068,11.6100003942847,77.73056683373,15.4382341465805,250,0.182162794895295,14.2999993573402,0.241850723002815,300.0223083,300.022522,39847.06640625,40023.14453125,56.7595181809868,20.8055280363026,9.256284,0,0,0,40,4449,299.90315,39935.10546875,,,,,,,,,,,,,0,,,,18.4243288,,,,,,300.02241515,,,,
,15569610.43,300.02223205,40004.59375,14.3045927608866,0.00312689537049533,1,0.999253354069792,40.0298881530762,1.99459662940638,11.6100003942847,77.7327894756676,15.4484286409562,250,0.183902790704732,14.300931957517,0.243593180239842,300.0219116,300.0225525,40000.375,40008.8125,56.5289377678137,20.8046636771779,9.256284,0,0,0,40,4417,299.9046,40004.59375,,,,,,,,,,,,,0,,,,18.4243288,,,,,,300.02223205,,,,
,15569623.6,300.0207825,39955.79296875,14.3016126367371,0.00250260515031778,1,0.999253354069792,40.0298881530762,1.9945414702211,11.6100003942847,77.7158855056266,15.437337596624,250,0.182493653885102,14.2979588833788,0.242173727713277,300.0207825,300.0207825,39947.6875,39963.8984375,56.5766171074867,20.8059214629126,8.512546,0,0,0,40,4449,299.8991,39955.79296875,,,,,,,,,,,,,0,,,,18.2402782,,,,,,300.0207825,,,,
,15569624.255,300.02119445,39899.8359375,14.3032659964291,0.00270066052636319,1,0.999253354069792,40.0298881530762,1.99458968939784,11.6100003942847,77.7248120945961,15.4496710743268,250,0.184384267537262,14.2996037610244,0.244071189180718,300.0207825,300.0216064,39851.984375,39947.6875,56.4585912010829,20.803840107841,8.884414,0,0,0,40,4449,299.90035,39899.8359375,,,,,,,,,,,,,0,,,,18.2402782,,,,,,300.02119445,,,,
,15569625.475,300.02185055,39791,14.3010248591115,0.00354884426220205,1,0.999253354069792,40.0298881530762,1.99454801720061,11.6100003942847,77.7135345189579,15.4335240621122,250,0.18189179029712,14.297372977761,0.241571319700091,300.0216064,300.0220947,39730.015625,39851.984375,56.4976726270444,20.8126529320096,8.884414,0,0,0,40,4449,299.89925,39791,,,,,,,,,,,,,0,,,,18.4243288,,,,,,300.02185055,,,,
,15569626.565,300.0225067,39686.072265625,14.2990963669827,0.00247089395730568,1,0.999253354069792,40.0298881530762,1.99452840876115,11.6100003942847,77.6980915069668,15.4540339135893,250,0.186040870324977,14.2954270804228,0.245712632858615,300.0220947,300.0229187,39642.12890625,39730.015625,56.1349969941213,20.8110939103097,9.256284,0,0,0,40,4449,299.8994,39686.072265625,,,,,,,,,,,,,0,,,,18.4243288,,,,,,300.0225067,,,,
,15569627.595,300.0220337,39582.189453125,14.2988039530949,0.003511122010738,1,0.999253354069792,40.0298881530762,1.99466110442955,11.6100003942847,77.7054053244349,15.4338880574583,250,0.18221168961952,14.2951508535866,0.24188402341765,300.0211487,300.0229187,39522.25,39642.12890625,56.5219031111406,20.810192821422,8.884414,0,0,0,40,4449,299.9,39582.189453125,,,,,,,,,,,,,0,,,,18.2402782,,,,,,300.0220337,,,,
,15569628.685,300.0217438,39472.296875,14.2937692383155,0.0022986268938614,1,0.999253354069792,40.0298881530762,1.99459741144399,11.6100003942847,77.6736848396757,15.4384452526352,250,0.184068406880671,14.2901093817234,0.243720937405842,300.0211487,300.0223389,39422.34375,39522.25,56.5273745107752,20.8040671997128,8.512546,0,0,0,40,4449,299.8984,39472.296875,,,,,,,,,,,,,0,,,,18.2402782,,,,,,300.0217438,,,,
,15569629.755,300.0228119,39367.5078125,14.292905989992,0.00296442630063365,1,0.999253354069792,40.0298881530762,1.99444625245849,11.6100003942847,77.6649186144066,15.4273821764627,250,0.182406076770383,14.2892526019763,0.242056105594978,300.0223389,300.0232849,39312.671875,39422.34375,56.5922496778714,20.807669759638,9.256284,0,0,0,40,4449,299.90005,39367.5078125,,,,,,,,,,,,,0,,,,18.2402782,,,,,,300.0228119,,,,
,15569631.795,300.0212402,39163.33203125,14.2923434770625,0.00251020047231307,1,0.999253354069792,40.0298881530762,1.99447445993283,11.6100003942847,77.6623152474532,15.4303349330538,250,0.183010505304818,14.2886881983218,0.242660889334062,300.0212402,300.0212402,39153.38671875,39173.27734375,56.4343607169867,20.8075944545492,9.256284,0,0,0,40,4449,299.8977,39163.33203125,,,,,,,,,,,,,0,,,,18.33183475,,,,,,300.0212402,,,,
,15569632.415,300.02238465,39098.681640625,14.2895903747174,0.00262844376631031,1,0.999253354069792,40.0298881530762,1.99455810020188,11.6100003942847,77.6533989251702,15.4124978769534,250,0.180129686653737,14.2859469794964,0.239770072241658,300.0212402,300.0235291,39043.9765625,39153.38671875,56.4984542555637,20.8092897151217,8.884414,0,0,0,40,4449,299.8968,39098.681640625,,,,,,,,,,,,,0,,,,18.51588535,,,,,,300.02238465,,,,
,15569633.37,300.02290345,39004.197265625,14.2870895360157,0.00213156093040735,1,0.999253354069792,40.0298881530762,1.99461912178424,11.6100003942847,77.6359375587557,15.4436181939519,250,0.186221369994195,14.2834208452642,0.245850874539492,300.0222778,300.0235291,38964.41796875,39043.9765625,56.3444734372752,20.8053614521834,8.884414,0,0,0,40,4449,299.89785,39004.197265625,,,,,,,,,,,,,0,,,,18.51588535,,,,,,300.02290345,,,,
,15569634.375,300.02226255,38904.638671875,14.2851233874929,0.0021704018665485,1,0.999253354069792,40.0298881530762,1.99452604185818,11.6100003942847,77.6258097521524,15.4187506170316,250,0.182148617489206,14.2814723549645,0.241771526315916,300.0222473,300.0222778,38844.859375,38964.41796875,56.7571732954291,20.8070881421349,9.256284,0,0,0,40,4449,299.8992,38904.638671875,,,,,,,,,,,,,0,,,,18.33183475,,,,,,300.02226255,,,,
,15569635.49,300.02171325,38795.14453125,14.2844181307103,0.00369787483273601,1,0.999253354069792,40.0298881530762,1.99460026232998,11.6100003942847,77.6271241435528,15.4059817863639,250,0.179830994073354,14.2807770435569,0.239452945678437,300.0211792,300.0222473,38745.4296875,38844.859375,56.6930797568522,20.8019590780431,9.256284,0,0,0,40,4449,299.8979,38795.14453125,,,,,,,,,,,,,0,,,,18.2402782,,,,,,300.02171325,,,,
,15569636.54,300.0217743,38690.73046875,14.2831268918859,0.00353186825107257,1,0.999253354069792,40.0298881530762,1.99453257024214,11.6100003942847,77.6156206376041,15.4144199548934,250,0.181711766035917,14.279478024261,0.241329354549401,300.0211792,300.0223694,38636.03125,38745.4296875,56.5031440266791,20.803763836551,8.884414,0,0,0,40,4449,299.8968,38690.73046875,,,,,,,,,,,,,0,,,,18.2402782,,,,,,300.0217743,,,,
,15569637.635,300.0223694,38581.369140625,14.2808316131604,0.0036908308742459,1,0.999253354069792,40.0298881530762,1.99453138628365,11.6100003942847,77.6030392633435,15.4122645828359,250,0.181742210447493,14.2771826448975,0.241351338521153,300.0223694,300.0223694,38526.70703125,38636.03125,56.5617661656214,20.8064509889792,9.256284,0,0,0,40,4449,299.8971,38581.369140625,,,,,,,,,,,,,0,,,,18.4243288,,,,,,300.0223694,,,,
,15569638.72,300.02201845,38476.875,14.2815852720106,0.00279568688872004,1,0.999253354069792,40.0298881530762,1.99462629472607,11.6100003942847,77.6104785599277,15.4151779372731,250,0.182004944023309,14.2779351186304,0.241618264608496,300.0216675,300.0223694,38427.04296875,38526.70703125,56.8283014906791,20.8080726830581,8.884414,0,0,0,40,4449,299.89735,38476.875,,,,,,,,,,,,,0,,,,18.51588535,,,,,,300.02201845,,,,
,15569639.835,300.0215149,38367.341796875,14.2791388645473,0.00237909368982247,1,0.999253354069792,40.0298881530762,1.99454000561058,11.6100003942847,77.5958821792373,15.4012604405429,250,0.180021161106064,14.2754975811907,0.239626274974921,300.0213623,300.0216675,38307.640625,38427.04296875,56.4515565444098,20.8125004545136,9.256284,0,0,0,40,4449,299.89565,38367.341796875,,,,,,,,,,,,,0,,,,18.33183475,,,,,,300.0215149,,,,
,15569640.985,300.02085875,38252.8359375,14.2768265488855,0.00206378515887593,1,0.999253354069792,40.0298881530762,1.99455202649211,11.6100003942847,77.5786758708201,15.4263511286086,250,0.185038213097421,14.2731649731727,0.244634026652837,300.0203552,300.0213623,38198.03125,38307.640625,57.058100275333,20.8012912769822,8.512546,0,0,0,40,4449,299.8952,38252.8359375,,,,,,,,,,,,,0,,,,18.4243288,,,,,,300.02085875,,,,
,15569642.015,300.0206909,38148.201171875,14.2727047466257,0.00292546867209384,1,0.999253354069792,40.0298881530762,1.99451157905749,11.6100003942847,77.5564587534153,15.4123490886984,250,0.183286573976575,14.2690512781146,0.242866725948504,300.0203552,300.0210266,38098.37109375,38198.03125,56.4578095725637,20.8112098925968,9.256284,0,0,0,40,4449,299.895,38148.201171875,,,,,,,,,,,,,0,,,,18.6083794,,,,,,300.0206909,,,,
,15569643.105,300.02093505,38038.625,14.2699772554976,0.003083667231664,1,0.999253354069792,40.0298881530762,1.99461794789245,11.6100003942847,77.5483036365575,15.3959894280066,250,0.180640517122388,14.2663351143354,0.240211167223577,300.0208435,300.0210266,37978.87890625,38098.37109375,56.3671406643329,20.8106804695621,8.884414,0,0,0,40,4449,299.89435,38038.625,,,,,,,,,,,,,0,,,,18.4243288,,,,,,300.02093505,,,,
,15569644.265,300.0208435,37924.1328125,14.2705811614019,0.00297993558427297,1,0.999253354069792,40.0298881530762,1.99459634355422,11.6100003942847,77.54933699006,15.4041869965511,250,0.182062332510916,14.2669328959514,0.241636232255046,300.0208435,300.0208435,37869.38671875,37978.87890625,56.9525804252368,20.8051723194214,9.256284,0,0,0,40,4449,299.8954,37924.1328125,,,,,,,,,,,,,0,,,,18.4243288,,,,,,300.0208435,,,,
,15569645.265,300.0201874,37824.498046875,14.2715951098977,0.00270228946212862,1,0.999253354069792,40.0298881530762,1.99462374125446,11.6100003942847,77.5587748673696,15.3899115118193,250,0.179214629888807,14.26795876244,0.238794419108692,300.0195313,300.0208435,37779.609375,37869.38671875,56.5508233663521,20.806838579259,8.512546,0,0,0,40,4449,299.8955,37824.498046875,,,,,,,,,,,,,0,,,,18.4243288,,,,,,300.0201874,,,,
,15569646.305,300.01983645,37719.7890625,14.2687029061674,0.00234500622022893,1,0.999253354069792,40.0298881530762,1.99466529164114,11.6100003942847,77.5424758142031,15.3987365205452,250,0.181312406743261,14.2650584394881,0.2408808434752,300.0195313,300.0201416,37659.96875,37779.609375,56.7126204698329,20.8083887801006,8.884414,0,0,0,40,4449,299.8955,37719.7890625,,,,,,,,,,,,,0,,,,18.33183475,,,,,,300.01983645,,,,
,15569647.455,300.0194092,37605.18359375,14.2648026340958,0.00252091223874572,1,0.999253354069792,40.0298881530762,1.99458534432683,11.6100003942847,77.5166289508305,15.4026756524988,250,0.182867734950331,14.2611525268701,0.242421001247355,300.0186768,300.0201416,37550.3984375,37659.96875,56.4609360866406,20.8107030684653,9.256284,0,0,0,40,4449,299.89475,37605.18359375,,,,,,,,,,,,,0,,,,18.51588535,,,,,,300.0194092,,,,
,15569648.485,300.01908875,37505.498046875,14.2645712857009,0.00332582139921839,1,0.999253354069792,40.0298881530762,1.99453124800335,11.6100003942847,77.5180927668841,15.3762892021491,250,0.17813970817738,14.2609409919578,0.237694364787411,300.0186768,300.0195007,37460.59765625,37550.3984375,56.0943523111213,20.8110482561072,9.256284,0,0,0,40,4449,299.89345,37505.498046875,,,,,,,,,,,,,0,,,,18.6083794,,,,,,300.01908875,,,,
,15569649.485,300.0199432,37405.767578125,14.2630543877729,0.00265376144355851,1,0.999253354069792,40.0298881530762,1.9946065270114,11.6100003942847,77.5094508869881,15.3927351434023,250,0.18133539339392,14.2594104920513,0.240884059031769,300.0195007,300.0203857,37350.9375,37460.59765625,56.3155531820637,20.8059421697769,8.884414,0,0,0,40,4449,299.89385,37405.767578125,,,,,,,,,,,,,0,,,,18.6083794,,,,,,300.0199432,,,,
,15569650.595,300.0191803,37296.060546875,14.2614045238937,0.00266226896450698,1,0.999253354069792,40.0298881530762,1.99459382852903,11.6100003942847,77.5008154453997,15.3864918050445,250,0.180511602133956,14.2577646958803,0.240054540696738,300.0179749,300.0203857,37241.18359375,37350.9375,56.2295740449483,20.8124622722469,8.512546,0,0,0,40,4449,299.89475,37296.060546875,,,,,,,,,,,,,0,,,,18.6083794,,,,,,300.0191803,,,,
,15569651.8,300.0181885,37176.423828125,14.2622798725478,0.00309910649271452,1,0.999253354069792,40.0298881530762,1.99460832853224,11.6100003942847,77.5058246598178,15.3891579995046,250,0.18081712289409,14.2586389419926,0.24036522083842,300.0179749,300.0184021,37111.6640625,37241.18359375,56.4367056025444,20.8105510397288,8.884414,0,0,0,40,4449,299.8937,37176.423828125,,,,,,,,,,,,,0,,,,18.6083794,,,,,,300.0181885,,,,
,15569652.93,300.0194702,37061.83984375,14.2568706360559,0.00278471337766506,1,0.999253354069792,40.0298881530762,1.99456333646223,11.6100003942847,77.4751615161044,15.3806054799334,250,0.180310768532814,14.2532320840067,0.239837799491256,300.0184021,300.0205383,37012.015625,37111.6640625,56.3038287542752,20.8104469615341,9.256284,0,0,0,40,4449,299.8929,37061.83984375,,,,,,,,,,,,,0,,,,18.6083794,,,,,,300.0194702,,,,
,15569654.78,300.0203857,36877.28125,14.2496253593188,0.00338176598552715,1,0.999253354069792,40.0298881530762,1.99458828081024,11.6100003942847,77.4379652928825,15.3663084107343,250,0.178992634427414,14.2459930291262,0.238492126125844,300.0203857,300.0203857,36872.3515625,36882.2109375,56.3491632083906,20.8078887119414,9.256284,0,0,0,40,4449,299.89095,36877.28125,,,,,,,,,,,,,0,,,,18.6083794,,,,,,300.0203857,,,,
,15569655.435,300.0196228,36812.427734375,14.251515441593,0.00276632033612858,1,0.999253354069792,40.0298881530762,1.9945232708197,11.6100003942847,77.4457957463629,15.3677614189959,250,0.178998141377953,14.2478830647725,0.238505917102446,300.0188599,300.0203857,36752.50390625,36872.3515625,56.4507749158906,20.8079005279162,8.884414,0,0,0,40,4449,299.89235,36812.427734375,,,,,,,,,,,,,0,,,,18.51588535,,,,,,300.0196228,,,,
,15569656.545,300.01831055,36697.625,14.251641269119,0.00271812053321775,1,0.999253354069792,40.0298881530762,1.99459151543402,11.6100003942847,77.4490816357144,15.3683259397748,250,0.178982959489066,14.2480094811164,0.238492540582079,300.0177612,300.0188599,36642.74609375,36752.50390625,56.8454973181022,20.8048458743916,8.512546,0,0,0,40,4449,299.8923,36697.625,,,,,,,,,,,,,0,,,,18.33183475,,,,,,300.01831055,,,,
,15569657.63,300.01864625,36587.837890625,14.2499907939965,0.00273931027715636,1,0.999253354069792,40.0298881530762,1.99456751705319,11.6100003942847,77.4385555909948,15.3698533621626,250,0.179601309951512,14.2463564450893,0.239105099783001,300.0177612,300.0195313,36532.9296875,36642.74609375,56.1631356208136,20.8077362244309,8.884414,0,0,0,40,4449,299.89215,36587.837890625,,,,,,,,,,,,,0,,,,18.4243288,,,,,,300.01864625,,,,
,15569658.755,300.0193024,36478.103515625,14.2473719329316,0.00208485412119712,1,0.999253354069792,40.0298881530762,1.99457584513615,11.6100003942847,77.4241146189431,15.3699063275465,250,0.180084178490169,14.243735640037,0.239577943795414,300.0190735,300.0195313,36423.27734375,36532.9296875,56.6227331901214,20.8143896151023,8.884414,0,0,0,40,4449,299.8929,36478.103515625,,,,,,,,,,,,,0,,,,18.4243288,,,,,,300.0193024,,,,
,15569659.795,300.01919555,36373.376953125,14.2451343100845,0.00228224470879089,1,0.999253354069792,40.0298881530762,1.99460723400362,11.6100003942847,77.4143313040509,15.3613140705845,250,0.178877196756012,14.2415034393857,0.238363045370544,300.0190735,300.0193176,36323.4765625,36423.27734375,56.5961578204675,20.8092441992925,8.884414,0,0,0,40,4449,299.8927,36373.376953125,,,,,,,,,,,,,0,,,,18.33183475,,,,,,300.01919555,,,,
,15569660.845,300.01901245,36268.3125,14.2413993417564,0.00265489006194148,1,0.999253354069792,40.0298881530762,1.9946903305752,11.6100003942847,77.3970077151871,15.3588229337808,250,0.178996449179795,14.2377686703232,0.238468081018591,300.0187073,300.0193176,36213.1484375,36323.4765625,56.8361177758714,20.808941486644,9.256284,0,0,0,40,4449,299.89155,36268.3125,,,,,,,,,,,,,0,,,,18.51588535,,,,,,300.01901245,,,,
,15569661.98,300.01856995,36158.173828125,14.2373131466183,0.0026404333602277,1,0.999253354069792,40.0298881530762,1.99470951831627,11.6100003942847,77.3749675283398,15.3575754276225,250,0.17949689845991,14.2336812559912,0.238953069769975,300.0184326,300.0187073,36103.19921875,36213.1484375,56.5023623981598,20.8072301681431,9.256284,0,0,0,40,4449,299.88935,36158.173828125,,,,,,,,,,,,,0,,,,18.6083794,,,,,,300.01856995,,,,
,15569663.175,300.01823425,36038.298828125,14.2337725263805,0.00249201498263858,1,0.999253354069792,40.0298881530762,1.99463988192502,11.6100003942847,77.3543072267145,15.3466851580711,250,0.178249058988748,14.2301466321474,0.237691702096893,300.0180359,300.0184326,35973.3984375,36103.19921875,56.6235148186406,20.8023417519342,8.512546,0,0,0,40,4449,299.8906,36038.298828125,,,,,,,,,,,,,0,,,,18.6083794,,,,,,300.01823425,,,,
,15569664.3,300.0180359,35923.451171875,14.2370725115727,0.00272695668363363,1,0.999253354069792,40.0298881530762,1.99456282872822,11.6100003942847,77.3705920444421,15.3428436536795,250,0.177037092853946,14.2334510121112,0.236494740368797,300.0180359,300.0180359,35873.50390625,35973.3984375,56.9682129956214,20.8065913295438,8.884414,0,0,0,40,4449,299.8918,35923.451171875,,,,,,,,,,,,,0,,,,18.51588535,,,,,,300.0180359,,,,
,15569665.44,300.01753235,35808.61328125,14.2371250344605,0.00254007885669219,1,0.999253354069792,40.0298881530762,1.99456713098592,11.6100003942847,77.3695696750879,15.3508667145189,250,0.178492808923961,14.2334975384033,0.237951912407283,300.0170288,300.0180359,35743.72265625,35873.50390625,56.5328459104098,20.8099915703825,8.884414,0,0,0,40,4449,299.8906,35808.61328125,,,,,,,,,,,,,0,,,,18.51588535,,,,,,300.01753235,,,,
,15569666.61,300.01678465,35693.77734375,14.2389979765938,0.00258182604754207,1,0.999253354069792,40.0298881530762,1.99460583453949,11.6100003942847,77.3861685761037,15.3264506434043,250,0.173608627623947,14.2353907772166,0.233077717440787,300.0165405,300.0170288,35643.83203125,35743.72265625,56.5922496778714,20.8109794032853,9.256284,0,0,0,40,4449,299.89095,35693.77734375,,,,,,,,,,,,,0,,,,18.6083794,,,,,,300.01678465,,,,
,15569667.685,300.01708985,35589.009765625,14.2340492295428,0.00234910178806441,1,0.999253354069792,40.0298881530762,1.99474513594906,11.6100003942847,77.3633346069029,15.3286618973087,250,0.174739652716,14.2304380426802,0.234188767994234,300.0165405,300.0176392,35534.1875,35643.83203125,56.5891231637945,20.8084860840013,9.256284,0,0,0,40,4449,299.8918,35589.009765625,,,,,,,,,,,,,0,,,,18.4243288,,,,,,300.01708985,,,,
,15569668.805,300.0170441,35474.328125,14.2329194996966,0.00312831161089821,1,0.999253354069792,40.0298881530762,1.99465843776234,11.6100003942847,77.3532494923399,15.3303892851629,250,0.175383899943416,14.2293056992022,0.234829756492085,300.016449,300.0176392,35414.46875,35534.1875,56.6133536478906,20.8144823192999,8.884414,0,0,0,40,4449,299.8903,35474.328125,,,,,,,,,,,,,0,,,,18.33183475,,,,,,300.0170441,,,,
,15569669.855,300.0166626,35369.560546875,14.2343504295194,0.00273028710373987,1,0.999253354069792,40.0298881530762,1.99469430603415,11.6100003942847,77.3614983020708,15.336970563013,250,0.176276156464096,14.2307326751944,0.235729055367184,300.016449,300.0168762,35324.65234375,35414.46875,56.5992843345444,20.8084804936723,8.884414,0,0,0,40,4449,299.88985,35369.560546875,,,,,,,,,,,,,0,,,,18.4233913,,,,,,300.0166626,,,,
,15569670.855,300.0174713,35269.6875,14.2305227641604,0.00317557480261567,1,0.999253354069792,40.0298881530762,1.99450892331094,11.6100003942847,77.3384638034511,15.3056838756566,250,0.171496402230831,14.226925261494,0.230934949238373,300.0168762,300.0180664,35214.72265625,35324.65234375,56.9861904515637,20.814710114434,8.512546,0,0,0,40,4449,299.89155,35269.6875,,,,,,,,,,,,,0,,,,18.33183475,,,,,,300.0174713,,,,
,15569671.93,300.01734925,35159.830078125,14.2260493164945,0.00245733388491217,1,0.999253354069792,40.0298881530762,1.99469601293418,11.6100003942847,77.3167663594598,15.3263025576099,250,0.175852726562659,14.2224344409651,0.23527294299191,300.0166321,300.0180664,35104.9375,35214.72265625,56.6110087623329,20.8108648791048,9.256284,0,0,0,40,4449,299.8913,35159.830078125,,,,,,,,,,,,,0,,,,18.2402782,,,,,,300.01734925,,,,
,15569673.105,300.01672365,35045.05859375,14.2238162577307,0.0023636947165077,1,0.999253354069792,40.0298881530762,1.9945213179723,11.6100003942847,77.3003941203422,15.3098429921671,250,0.173484553986072,14.2202119969054,0.232896497890687,300.0166321,300.0168152,34985.1796875,35104.9375,56.2420801012559,20.8114351034682,8.884414,0,0,0,40,4449,299.89415,35045.05859375,,,,,,,,,,,,,0,,,,18.4243288,,,,,,300.01672365,,,,
,15569674.31,300.0163269,34925.240234375,14.2239088969699,0.00257180020643853,1,0.999253354069792,40.0298881530762,1.99470456184634,11.6100003942847,77.3068440966526,15.3165890847001,250,0.174453430548943,14.2203007111987,0.233866163073844,300.0158386,300.0168152,34865.30078125,34985.1796875,56.5922496778714,20.811154346456,8.884414,0,0,0,40,4449,299.89715,34925.240234375,,,,,,,,,,,,,0,,,,18.6083794,,,,,,300.0163269,,,,
,15569675.455,300.01560975,34810.443359375,14.2205615612974,0.00278450203736348,1,0.999253354069792,40.0298881530762,1.9946468258578,11.6100003942847,77.2869771142921,15.3098263051016,250,0.173910419140925,14.2169565416477,0.233310714178957,300.0153809,300.0158386,34755.5859375,34865.30078125,56.3546346080252,20.8093449802704,8.884414,0,0,0,40,4449,299.8963,34810.443359375,,,,,,,,,,,,,0,,,,18.4243288,,,,,,300.01560975,,,,
,15569676.44,300.01580815,34715.609375,14.2248994576739,0.00294333160253377,1,0.999253354069792,40.0298881530762,1.9946494786641,11.6100003942847,77.31401408072,15.2963827138221,250,0.170633195696076,14.2213070051147,0.230053643638922,300.0153809,300.0162354,34675.6328125,34755.5859375,56.7141837268714,20.8123308755746,8.884414,0,0,0,40,4449,299.89485,34715.609375,,,,,,,,,,,,,0,,,,18.4243288,,,,,,300.01580815,,,,
,15569677.47,300.01583865,34610.814453125,14.2163218135151,0.00272917149629812,1,0.999253354069792,40.0298881530762,1.99464669721863,11.6100003942847,77.2650281510369,15.2993241034938,250,0.17276595521168,14.2127220070021,0.232151586518028,300.0154419,300.0162354,34545.99609375,34675.6328125,56.7368509539291,20.8090075371133,9.256284,0,0,0,40,4449,299.8934,34610.814453125,,,,,,,,,,,,,0,,,,18.4243288,,,,,,300.01583865,,,,
,15569678.675,300.01597595,34486.091796875,14.2180069001311,0.00242380201998014,1,0.999253354069792,40.0298881530762,1.99459063743354,11.6100003942847,77.268960362581,15.3174789559065,250,0.175862129038261,14.2143935925706,0.235255518482921,300.0154419,300.01651,34426.1875,34545.99609375,56.4671891147944,20.8147171523793,9.256284,0,0,0,40,4449,299.8934,34486.091796875,,,,,,,,,,,,,0,,,,18.4243288,,,,,,300.01597595,,,,
,15569679.775,300.01641845,34376.279296875,14.2152975348868,0.00293758300257839,1,0.999253354069792,40.0298881530762,1.99475877863814,11.6100003942847,77.264106134682,15.296818333639,250,0.17233978757887,14.2116991569956,0.231723568122191,300.0163269,300.01651,34326.37109375,34426.1875,56.8939582862945,20.810866479331,8.884414,0,0,0,40,4449,299.89415,34376.279296875,,,,,,,,,,,,,0,,,,18.6083794,,,,,,300.01641845,,,,
,15569680.865,300.0159149,34266.41015625,14.2127707246165,0.00266030448514393,1,0.999253354069792,40.0298881530762,1.9945533725611,11.6100003942847,77.2414333260006,15.2989522015694,250,0.173480677532793,14.209168215472,0.232854932159662,300.0155029,300.0163269,34206.44921875,34326.37109375,56.4054404617752,20.8076213759558,8.884414,0,0,0,40,4449,299.8938,34266.41015625,,,,,,,,,,,,,0,,,,18.51588535,,,,,,300.0159149,,,,
,15569682.045,300.0151367,34151.48046875,14.2054174273444,0.00221822110922017,1,0.999253354069792,40.0298881530762,1.99465486900724,11.6100003942847,77.2025666851437,15.3065502460978,250,0.176098457410275,14.201805756187,0.235442511354703,300.0147705,300.0155029,34096.51171875,34206.44921875,56.7352876968906,20.8127189412421,9.256284,0,0,0,40,4449,299.89455,34151.48046875,,,,,,,,,,,,,0,,,,18.4233913,,,,,,300.0151367,,,,
,15569683.18,300.0146942,34041.732421875,14.2076016338392,0.0032041197210446,1,0.999253354069792,40.0298881530762,1.9946502172562,11.6100003942847,77.2187851173798,15.2844759400029,250,0.171646346796674,14.2040082416277,0.231001543840177,300.0146179,300.0147705,33986.953125,34096.51171875,56.9252234270637,20.8075770986973,9.256284,0,0,0,40,4449,299.89485,34041.732421875,,,,,,,,,,,,,0,,,,18.51588535,,,,,,300.0146942,,,,
,15569684.275,300.0145111,33932.029296875,14.2087237177666,0.00274710635005905,1,0.999253354069792,40.0298881530762,1.99460679392909,11.6100003942847,77.2239083397418,15.2817779700825,250,0.171001238924872,14.2051327474926,0.23036257513947,300.0144043,300.0146179,33877.10546875,33986.953125,56.4742237714675,20.8170556793067,9.256284,0,0,0,40,4449,299.89425,33932.029296875,,,,,,,,,,,,,0,,,,18.51588535,,,,,,300.0145111,,,,
,15569685.495,300.0146942,33807.216796875,14.2006058702703,0.002332280811854,1,0.999253354069792,40.0298881530762,1.99468789740733,11.6100003942847,77.1799435576938,15.2893070892659,250,0.173775734761608,14.1970046677117,0.2331042363962,300.0144043,300.0149841,33737.328125,33877.10546875,56.6954246424098,20.8026071476419,9.256284,0,0,0,40,4449,299.89285,33807.216796875,,,,,,,,,,,,,0,,,,18.33183475,,,,,,300.0146942,,,,
,15569686.635,300.0150299,33692.416015625,14.198532318882,0.00280429113036259,1,0.999253354069792,40.0298881530762,1.9946045817062,11.6100003942847,77.1676161276366,15.2751980458643,250,0.171682703690471,14.194939927786,0.231004629366833,300.0149841,300.0150757,33647.50390625,33737.328125,56.6016292201021,20.8098244816005,9.256284,0,0,0,40,4449,299.89095,33692.416015625,,,,,,,,,,,,,0,,,,18.4243288,,,,,,300.0150299,,,,
,15569687.595,300.01397705,33597.53125,14.2018855456428,0.0027930677088554,1,0.999253354069792,40.0298881530762,1.99465627976931,11.6100003942847,77.188496173487,15.2754018983925,250,0.171026476819986,14.1982956645248,0.23036353122319,300.0128784,300.0150757,33547.55859375,33647.50390625,56.628204589756,20.8108883910395,8.512546,0,0,0,40,4449,299.89115,33597.53125,,,,,,,,,,,,,0,,,,18.6083794,,,,,,300.01397705,,,,
,15569688.675,300.01309205,33487.65625,14.1976829702968,0.00287246347010632,1,0.999253354069792,40.0298881530762,1.9947180697649,11.6100003942847,77.1667132064236,15.2782141574346,250,0.172236115873213,14.1940892293652,0.231556433897511,300.0128784,300.0133057,33427.75390625,33547.55859375,56.0732483411021,20.8094958400828,8.512546,0,0,0,40,4449,299.8916,33487.65625,,,,,,,,,,,,,0,,,,18.6083794,,,,,,300.01309205,,,,
,15569689.72,300.01371765,33382.8515625,14.1956648814899,0.00298494669560783,1,0.999253354069792,40.0298881530762,1.9947180697649,11.6100003942847,77.1555249572816,15.2772137217418,250,0.172425711463355,14.1920703183312,0.231738563859935,300.0133057,300.0141296,33337.94921875,33427.75390625,56.8150138058522,20.8094958400828,8.884414,0,0,0,40,4449,299.89205,33382.8515625,,,,,,,,,,,,,0,,,,18.51588535,,,,,,300.01371765,,,,
,15569690.75,300.01377865,33282.935546875,14.1920656082114,0.00241459499265375,1,0.999253354069792,40.0298881530762,1.99471664897457,11.6100003942847,77.1407358986722,15.247290791464,250,0.167600836118979,14.1884917882263,0.226900765401825,300.0134277,300.0141296,33227.921875,33337.94921875,56.7345060683714,20.8139565825898,8.884414,0,0,0,40,4449,299.8917,33282.935546875,,,,,,,,,,,,,0,,,,18.4233913,,,,,,300.01377865,,,,
,15569691.925,300.0131836,33168.02734375,14.1916747020658,0.00243757752376658,1,0.999253354069792,40.0298881530762,1.99457899250163,11.6100003942847,77.1273655766788,15.2785102602419,250,0.173591544115522,14.1880760610396,0.232890148305578,300.0129395,300.0134277,33108.1328125,33227.921875,56.6610329875637,20.810184446671,8.884414,0,0,0,40,4449,299.89045,33168.02734375,,,,,,,,,,,,,0,,,,18.33183475,,,,,,300.0131836,,,,
,15569693.08,300.0127411,33053.189453125,14.1918434364962,0.00250687377523309,1,0.999253354069792,40.0298881530762,1.99467892401071,11.6100003942847,77.134201811156,15.267834846938,250,0.171462094158939,14.1882537444871,0.230763225997623,300.0125427,300.0129395,32998.24609375,33108.1328125,56.7204367550252,20.8147293490506,8.884414,0,0,0,40,4449,299.88975,33053.189453125,,,,,,,,,,,,,0,,,,18.4243288,,,,,,300.0127411,,,,
,15569694.165,300.0124054,32942.73828125,14.1878219660901,0.00352282106285723,1,0.999253354069792,40.0298881530762,1.99465932254295,11.6100003942847,77.1144478439179,15.2480377916414,250,0.168599521991726,14.1842451533954,0.227885145078884,300.0122681,300.0125427,32887.23046875,32998.24609375,56.719655126506,20.8088147635673,9.256284,0,0,0,40,4449,299.8917,32942.73828125,,,,,,,,,,,,,0,,,,18.51588535,,,,,,300.0124054,,,,
,15569695.315,300.01242065,32827.091796875,14.1852567814968,0.0027811245975844,1,0.999253354069792,40.0298881530762,1.99471529509643,11.6100003942847,77.1029785756726,15.243732067236,250,0.168207227225637,14.1816820179862,0.227483144416273,300.0122681,300.0125732,32766.953125,32887.23046875,56.4742237714675,20.8142204640513,8.512546,0,0,0,40,4449,299.89295,32827.091796875,,,,,,,,,,,,,0,,,,18.51588535,,,,,,300.01242065,,,,
,15569696.445,300.0119476,32711.9951171875,14.1833278726003,0.00293080901477051,1,0.999253354069792,40.0298881530762,1.99457311603121,11.6100003942847,77.0826702387816,15.264693485553,250,0.172606060976597,14.1797351921089,0.23187451839747,300.011322,300.0125732,32657.037109375,32766.953125,56.7274714116983,20.8109354894229,9.256284,0,0,0,40,4449,299.8918,32711.9951171875,,,,,,,,,,,,,0,,,,18.4243288,,,,,,300.0119476,,,,
,15569697.545,300.01211545,32602.0869140625,14.181211028173,0.00355049500704601,1,0.999253354069792,40.0298881530762,1.99458034820641,11.6100003942847,77.0755047040602,15.2405297362067,250,0.168551102716357,14.1776354829908,0.227812998977333,300.011322,300.0129089,32547.13671875,32657.037109375,56.6954246424098,20.8148551584642,9.256284,0,0,0,40,4449,299.8905,32602.0869140625,,,,,,,,,,,,,0,,,,18.4243288,,,,,,300.01211545,,,,
,15569698.735,300.01248165,32487.1982421875,14.1781679449887,0.0025376764419388,1,0.999253354069792,40.0298881530762,1.99462938180364,11.6100003942847,77.0628545451989,15.2266006159845,250,0.166490139600598,14.1746013258181,0.225740794549558,300.0120544,300.0129089,32427.259765625,32547.13671875,56.4476484018137,20.8177504936515,8.512546,0,0,0,40,4449,299.89115,32487.1982421875,,,,,,,,,,,,,0,,,,18.51588535,,,,,,300.01248165,,,,
,15569699.86,300.0119171,32372.322265625,14.1753167363711,0.00289888437090587,1,0.999253354069792,40.0298881530762,1.99466432181513,11.6100003942847,77.0419771979289,15.2599173798807,250,0.173086169689833,14.1717232910743,0.232324651068697,300.0117798,300.0120544,32317.384765625,32427.259765625,56.5375356815252,20.8055970718386,8.512546,0,0,0,40,4449,299.89175,32372.322265625,,,,,,,,,,,,,0,,,,18.4233913,,,,,,300.0119171,,,,
,15569700.905,300.0119324,32267.49609375,14.1744613166927,0.00341295016822609,1,0.999253354069792,40.0298881530762,1.99457525395592,11.6100003942847,77.0401593466341,15.224970244419,250,0.166949653171079,14.1708935550955,0.226187097119925,300.0117798,300.012085,32217.607421875,32317.384765625,56.5297193963329,20.8169660199653,8.884414,0,0,0,40,4449,299.89095,32267.49609375,,,,,,,,,,,,,0,,,,18.51588535,,,,,,300.0119324,,,,
,15569701.975,300.01220705,32162.6904296875,14.1738301913528,0.00296892343483749,1,0.999253354069792,40.0298881530762,1.99465605084844,11.6100003942847,77.0388104861715,15.2300680500013,250,0.167890955508352,14.1702583431983,0.227126805712786,300.012085,300.0123291,32107.7734375,32217.607421875,56.7055858131598,20.8169518438226,9.256284,0,0,0,40,4449,299.8904,32162.6904296875,,,,,,,,,,,,,0,,,,18.6083794,,,,,,300.01220705,,,,
,15569703.14,300.01193235,32047.869140625,14.1697236901835,0.00266619111100106,1,0.999253354069792,40.0298881530762,1.99475277095945,11.6100003942847,77.0200032865877,15.2270661010069,250,0.167967881111694,14.1661523604876,0.227187784636145,300.0115356,300.0123291,31987.96484375,32107.7734375,56.6719757868329,20.8156355137906,9.256284,0,0,0,40,4449,299.8903,32047.869140625,,,,,,,,,,,,,0,,,,18.6083794,,,,,,300.01193235,,,,
,15569704.22,300.0115356,31938.0703125,14.1713785890366,0.00263674904534942,1,0.999253354069792,40.0298881530762,1.99474481396247,11.6100003942847,77.029593348289,15.2239642497739,250,0.167101307999988,14.1678106276919,0.226329483718325,300.0115356,300.0115356,31888.17578125,31987.96484375,56.6782288149868,20.809387041154,8.884414,0,0,0,40,4449,299.89025,31938.0703125,,,,,,,,,,,,,0,,,,18.6083794,,,,,,300.0115356,,,,
,15569705.3,300.0111389,31828.2421875,14.1693723828138,0.0025020188741552,1,0.999253354069792,40.0298881530762,1.99464565061748,11.6100003942847,77.015486125969,15.2182138930489,250,0.16655208018393,14.1658072243449,0.225772967266623,300.0107422,300.0115356,31768.30859375,31888.17578125,56.3718304354483,20.8122536154221,8.884414,0,0,0,40,4449,299.891,31828.2421875,,,,,,,,,,,,,0,,,,18.51588535,,,,,,300.0111389,,,,
,15569706.29,300.0107422,31728.3271484375,14.1656781028341,0.00269473672157657,1,0.999253354069792,40.0298881530762,1.99460761605728,11.6100003942847,76.9890379514454,15.240594338984,250,0.171396759938057,14.1620935434817,0.230602101260651,300.0107422,300.0107422,31688.345703125,31768.30859375,56.3796467206406,20.8154604222681,8.884414,0,0,0,40,4449,299.89175,31728.3271484375,,,,,,,,,,,,,0,,,,18.4233913,,,,,,300.0107422,,,,
,15569707.195,300.0108185,31638.3974609375,14.1638116987336,0.00373726605741691,1,0.999253354069792,40.0298881530762,1.99478552397266,11.6100003942847,76.9893271545862,15.2197412733668,250,0.167670734133522,14.1602429624699,0.2268699148423,300.0107422,300.0108948,31588.44921875,31688.345703125,56.638365760506,20.8129646242805,8.884414,0,0,0,40,4449,299.892,31638.3974609375,,,,,,,,,,,,,0,,,,18.4233913,,,,,,300.0108185,,,,
,15569708.345,300.01034545,31523.552734375,14.162326080143,0.00280539198224015,1,0.999253354069792,40.0298881530762,1.99469382124173,11.6100003942847,76.9787806276544,15.2121866389308,250,0.166683212283703,14.1587618770597,0.225877711319097,300.0097961,300.0108948,31458.65625,31588.44921875,56.6930797568522,20.8166932134553,9.256284,0,0,0,40,4449,299.8915,31523.552734375,,,,,,,,,,,,,0,,,,18.60928915,,,,,,300.01034545,,,,
,15569709.55,300.00985715,31403.669921875,14.1580018979874,0.00312156769992648,1,0.999253354069792,40.0298881530762,1.99472860828475,11.6100003942847,76.9568987038183,15.2061127740322,250,0.166321170128197,14.1544401968602,0.225498971791727,300.0097961,300.0099182,31348.68359375,31458.65625,56.8931766577752,20.8095694444391,8.512546,0,0,0,40,4449,299.8913,31403.669921875,,,,,,,,,,,,,0,,,,18.7017832,,,,,,300.00985715,,,,
,15569710.63,300.0102539,31298.8935546875,14.1594905613735,0.00316761670929549,1,0.999253354069792,40.0298881530762,1.99472672361886,11.6100003942847,76.9673610941273,15.1945210555573,250,0.163919134243324,14.1559383194663,0.223104364425902,300.0099182,300.0105896,31249.103515625,31348.68359375,56.699332785006,20.81001493632,9.256284,0,0,0,40,4449,299.89295,31298.8935546875,,,,,,,,,,,,,0,,,,18.51588535,,,,,,300.0102539,,,,
,15569711.705,300.01068115,31189.224609375,14.1571693040542,0.00250168398107811,1,0.999253354069792,40.0298881530762,1.99464516199578,11.6100003942847,76.9482032910911,15.2101427960889,250,0.167327769553665,14.1536029607578,0.226503449590506,300.0105896,300.0107727,31129.345703125,31249.103515625,56.9197520274291,20.8148379314221,9.256284,0,0,0,40,4449,299.89425,31189.224609375,,,,,,,,,,,,,0,,,,18.51588535,,,,,,300.01068115,,,,
,15569712.755,300.0097351,31084.359375,14.1504389118438,0.00324917171546791,1,0.999253354069792,40.0298881530762,1.99461308636307,11.6100003942847,76.9077973736493,15.2168078440384,250,0.169841926993954,14.146863796004,0.228990001261851,300.0086975,300.0107727,31039.373046875,31129.345703125,56.2061251893713,20.8181959057718,9.256284,0,0,0,40,4449,299.8945,31084.359375,,,,,,,,,,,,,0,,,,18.6083794,,,,,,300.0097351,,,,
,15569713.89,300.0086212,30974.4873046875,14.1515846472263,0.00300128107486552,1,0.999253354069792,40.0298881530762,1.99463373475077,11.6100003942847,76.9191679618888,15.1946528375099,250,0.165532597105383,14.1480277542919,0.224687719558924,300.0085449,300.0086975,30909.6015625,31039.373046875,56.4421770021791,20.8114880417335,9.256284,0,0,0,40,4449,299.89355,30974.4873046875,,,,,,,,,,,,,0,,,,18.6083794,,,,,,300.0086212,,,,
,15569715.165,300.0086212,30844.68359375,14.1464454820652,0.00260588718416334,1,0.999253354069792,40.0298881530762,1.99467486531343,11.6100003942847,76.8911594875845,15.1981782880546,250,0.167075278340578,14.1428830315391,0.22620993261001,300.0085449,300.0086975,30779.765625,30909.6015625,56.6328943608714,20.812196559449,9.256284,0,0,0,40,4449,299.89365,30844.68359375,,,,,,,,,,,,,0,,,,18.51588535,,,,,,300.0086212,,,,
,15569716.265,300.00831605,30734.8037109375,14.14508919219,0.00320936688210711,1,0.999253354069792,40.0298881530762,1.99474519240423,11.6100003942847,76.8871341243913,15.1934482277935,250,0.166361279362895,14.1415300237711,0.225491675826065,300.0079346,300.0086975,30689.841796875,30779.765625,56.3569794935829,20.817866750005,8.884414,0,0,0,40,4449,299.89315,30734.8037109375,,,,,,,,,,,,,0,,,,18.4233913,,,,,,300.00831605,,,,
,15569717.295,300.00779725,30634.8798828125,14.1412441568272,0.00272798213034683,1,0.999253354069792,40.0298881530762,1.99464332337222,11.6100003942847,76.8578852372714,15.2129544221159,250,0.170792978286439,14.1376673905357,0.229907411175932,300.0076599,300.0079346,30579.91796875,30689.841796875,55.9943038606598,20.8138798952251,9.256284,0,0,0,40,4449,299.8933,30634.8798828125,,,,,,,,,,,,,0,,,,18.4233913,,,,,,300.00779725,,,,
,15569718.39,300.00779725,30525.1171875,14.1432507745941,0.00330456564454878,1,0.999253354069792,40.0298881530762,1.99470130235318,11.6100003942847,76.8776940297932,15.1792728025448,250,0.164157325859413,14.1397012072744,0.223282876216456,300.0076599,300.0079346,30470.31640625,30579.91796875,56.3038287542752,20.8137413482425,8.884414,0,0,0,40,4449,299.8923,30525.1171875,,,,,,,,,,,,,0,,,,18.4233913,,,,,,300.00779725,,,,
,15569719.355,300.00761415,30425.36328125,14.1384194430383,0.00256594939543197,1,0.999253354069792,40.0298881530762,1.99468924435355,11.6100003942847,76.8498830270626,15.1799118072192,250,0.165185609539308,14.1348665118965,0.22429199672641,300.0072937,300.0079346,30380.41015625,30470.31640625,56.4226362891983,20.8108545220973,9.256284,0,0,0,40,4449,299.8914,30425.36328125,,,,,,,,,,,,,0,,,,18.51588535,,,,,,300.00761415,,,,
,15569720.4,300.00769045,30320.4931640625,14.1398430349682,0.00307746476744952,1,0.999253354069792,40.0298881530762,1.99469152120057,11.6100003942847,76.8612669618946,15.1622514041939,250,0.161675873054958,14.1363043832974,0.220789602918235,300.0072937,300.0080872,30260.576171875,30380.41015625,56.8298647477175,20.8124433014072,9.256284,0,0,0,40,4449,299.8932,30320.4931640625,,,,,,,,,,,,,0,,,,18.51588535,,,,,,300.00769045,,,,
,15569721.505,300.00769045,30210.67578125,14.1391118889768,0.00284010039009007,1,0.999253354069792,40.0298881530762,1.9947014844404,11.6100003942847,76.8546037176116,15.1780578847987,250,0.164698386467583,14.1355606125882,0.223809639470696,300.0072937,300.0080872,30160.775390625,30260.576171875,56.7477937531983,20.8141020198657,9.256284,0,0,0,40,4449,299.893,30210.67578125,,,,,,,,,,,,,0,,,,18.51588535,,,,,,300.00769045,,,,
,15569722.445,300.00717165,30115.77734375,14.1355562279445,0.00278413350318486,1,0.999253354069792,40.0298881530762,1.99482870174941,11.6100003942847,76.8395720238365,15.1777882176718,250,0.16513370682828,14.132003991636,0.224231190043776,300.0070496,300.0072937,30070.779296875,30160.775390625,56.4836033136983,20.8152441217012,9.256284,0,0,0,40,4449,299.89215,30115.77734375,,,,,,,,,,,,,0,,,,18.6083794,,,,,,300.00717165,,,,
,15569723.47,300.00750735,30015.8837890625,14.1322095371696,0.00312457400827733,1,0.999253354069792,40.0298881530762,1.99468851174738,11.6100003942847,76.8176060285144,15.1651130861124,250,0.163617455324433,14.1286640507029,0.222702122049365,300.0070496,300.0079651,29960.98828125,30070.779296875,56.4867298277752,20.8218799378682,9.256284,0,0,0,40,4449,299.89285,30015.8837890625,,,,,,,,,,,,,0,,,,18.51588535,,,,,,300.00750735,,,,
,15569724.435,300.0079651,29916.037109375,14.1311511635162,0.00207809269817495,1,0.999253354069792,40.0298881530762,1.99476827433119,11.6100003942847,76.811039720024,15.1850945754498,250,0.167372151676149,14.1275898305039,0.226452690486864,300.0079651,300.0079651,29871.0859375,29960.98828125,56.6774471864675,20.8157372928237,8.884414,0,0,0,40,4449,299.89275,29916.037109375,,,,,,,,,,,,,0,,,,18.4233913,,,,,,300.0079651,,,,
,15569725.365,300.00654605,29821.1171875,14.1322696729792,0.00281736464157478,1,0.999253354069792,40.0298881530762,1.99471182610788,11.6100003942847,76.8194533385518,15.1618806306213,250,0.162979280633043,14.1287271446529,0.222066178984162,300.005127,300.0079651,29771.1484375,29871.0859375,56.5344091674483,20.8159818979422,8.884414,0,0,0,40,4449,299.89365,29821.1171875,,,,,,,,,,,,,0,,,,18.51588535,,,,,,300.00654605,,,,
,15569726.515,300.00602725,29710.98046875,14.1258300205281,0.00281867949848224,1,0.999253354069792,40.0298881530762,1.99471810134608,11.6100003942847,76.7855890836704,15.1501448864958,250,0.162009403797826,14.1222930203123,0.221070511866797,300.005127,300.0069275,29650.8125,29771.1484375,56.4445218877367,20.8102885569966,9.256284,0,0,0,40,4449,299.8945,29710.98046875,,,,,,,,,,,,,0,,,,18.6083794,,,,,,300.00602725,,,,
,15569727.555,300.0069275,29605.837890625,14.1203900465805,0.00306938906961731,1,0.999253354069792,40.0298881530762,1.99479468622974,11.6100003942847,76.7569181141746,15.1555023447806,250,0.163896617425574,14.1168456854767,0.222935485405101,300.0069275,300.0069275,29560.86328125,29650.8125,56.7415407250445,20.8091081948722,8.512546,0,0,0,40,4449,299.8953,29605.837890625,,,,,,,,,,,,,0,,,,18.51588535,,,,,,300.0069275,,,,
,15569728.555,300.0062561,29505.869140625,14.1234526194712,0.00294439159684642,1,0.999253354069792,40.0298881530762,1.99461269616284,11.6100003942847,76.7679582205027,15.1508651215551,250,0.162724117373177,14.1199128117588,0.221776788550672,300.0055847,300.0069275,29450.875,29560.86328125,56.5492601093137,20.8183302218278,9.256284,0,0,0,40,4449,299.89655,29505.869140625,,,,,,,,,,,,,0,,,,18.4233913,,,,,,300.0062561,,,,
,15569729.725,300.0062561,29390.884765625,14.1180252713272,0.00265683405222474,1,0.999253354069792,40.0298881530762,1.99480330534479,11.6100003942847,76.7460651845832,15.1439793916187,250,0.162205945119095,14.1144885754705,0.221237440625997,300.0055847,300.0069275,29330.89453125,29450.875,56.4226362891983,20.8169482131378,9.256284,0,0,0,40,4449,299.89555,29390.884765625,,,,,,,,,,,,,0,,,,18.51588535,,,,,,300.0062561,,,,
,15569730.89,300.0068207,29271.001953125,14.1160125024435,0.00265893423105395,1,0.999253354069792,40.0298881530762,1.99467953957633,11.6100003942847,76.7307263058714,15.1395749252894,250,0.161937574665918,14.1124769069872,0.220961953428626,300.0067139,300.0069275,29211.109375,29330.89453125,56.4820400566598,20.8191406204536,9.256284,0,0,0,40,4449,299.8955,29271.001953125,,,,,,,,,,,,,0,,,,18.51588535,,,,,,300.0068207,,,,
,15569732.11,300.0066376,29151.1748046875,14.1164453027894,0.00286987952491496,1,0.999253354069792,40.0298881530762,1.99464200555228,11.6100003942847,76.7308968786089,15.1439356537491,250,0.162707347176252,14.1129063295536,0.221734901672414,300.0065613,300.0067139,29091.240234375,29211.109375,56.7485753817175,20.8182995152094,9.256284,0,0,0,40,4449,299.8943,29151.1748046875,,,,,,,,,,,,,0,,,,18.51588535,,,,,,300.0066376,,,,
,15569733.315,300.0078583,29031.26171875,14.1105319266311,0.00286539954302067,1,0.999253354069792,40.0298881530762,1.99488650841308,11.6100003942847,76.7081557051764,15.1381053958859,250,0.162399733166752,14.1069946052791,0.221404419665622,300.0065613,300.0091553,28971.283203125,29091.240234375,56.0904441685252,20.8152081585315,8.884414,0,0,0,40,4449,299.8918,29031.26171875,,,,,,,,,,,,,0,,,,18.51588535,,,,,,300.0078583,,,,
,15569734.44,300.0084839,28916.373046875,14.1078473617791,0.00322720917247607,1,0.999253354069792,40.0298881530762,1.99470009743738,11.6100003942847,76.6833538586417,15.1512050645661,250,0.165554263947561,14.1042969237638,0.224548331229297,300.0078125,300.0091553,28861.462890625,28971.283203125,56.5508233663521,20.812503517224,9.256284,0,0,0,40,4449,299.8915,28916.373046875,,,,,,,,,,,,,0,,,,18.4233913,,,,,,300.0084839,,,,
,15569735.545,300.00737,28806.6484375,14.1091498391231,0.00305342777478278,1,0.999253354069792,40.0298881530762,1.9946531793563,11.6100003942847,76.691846211611,15.1351665640135,250,0.162430982996332,14.1056126614405,0.221432274928487,300.0069275,300.0078125,28751.833984375,28861.462890625,56.5805252500829,20.8196831495477,8.884414,0,0,0,40,4449,299.8915,28806.6484375,,,,,,,,,,,,,0,,,,18.51588535,,,,,,300.00737,,,,
,15569736.625,300.00672915,28696.8056640625,14.1096155424567,0.00280190526629161,1,0.999253354069792,40.0298881530762,1.99476179383477,11.6100003942847,76.7024473673485,15.1149111511948,250,0.15847735557909,14.106094987004,0.217482871919583,300.0065308,300.0069275,28641.77734375,28751.833984375,56.8525319747752,20.8152091328862,9.256284,0,0,0,40,4449,299.89005,28696.8056640625,,,,,,,,,,,,,0,,,,18.6083794,,,,,,300.00672915,,,,
,15569737.59,300.00657655,28601.853515625,14.1037737313797,0.00265567089574173,1,0.999253354069792,40.0298881530762,1.99467829022728,11.6100003942847,76.6647189727358,15.1233654460608,250,0.161225065975845,14.1002428640578,0.220206296153735,300.0065308,300.0066223,28561.9296875,28641.77734375,56.5070521692752,20.8166375310261,8.884414,0,0,0,40,4449,299.8912,28601.853515625,,,,,,,,,,,,,0,,,,18.6083794,,,,,,300.00657655,,,,
,15569739.46,300.0074463,28417.05859375,14.100685389572,0.00290815432396726,1,0.999253354069792,40.0298881530762,1.99472958387183,11.6100003942847,76.6504399170333,15.1172505088216,250,0.160604534220881,14.0971571686988,0.21957409891493,300.0074463,300.0074463,28412.0390625,28422.078125,56.7274714116983,20.8091998136401,9.256284,0,0,0,40,4449,299.8945,28417.05859375,,,,,,,,,,,,,0,,,,18.6083794,,,,,,300.0074463,,,,
,15569740.18,300.00724795,28347.14453125,14.1007769111683,0.00314385409278887,1,0.999253354069792,40.0298881530762,1.99477159509285,11.6100003942847,76.6510980824476,15.1252815848297,250,0.162004112721263,14.0972428404644,0.220974497862527,300.0070496,300.0074463,28282.25,28412.0390625,57.0291800201214,20.8157376620195,9.256284,0,0,0,40,4449,299.8945,28347.14453125,,,,,,,,,,,,,0,,,,18.4243288,,,,,,300.00724795,,,,
,15569741.275,300.00576785,28237.26953125,14.0997147074304,0.00326567283072972,1,0.999253354069792,40.0298881530762,1.99456323897426,11.6100003942847,76.6402538166214,15.107872062367,250,0.159286105167163,14.096192839282,0.218254039154176,300.0044861,300.0070496,28192.2890625,28282.25,57.0401228193907,20.8169543653195,8.884414,0,0,0,40,4449,299.8932,28237.26953125,,,,,,,,,,,,,0,,,,18.33183475,,,,,,300.00576785,,,,
,15569742.36,300.005188,28127.3828125,14.0899034198051,0.00328655806232491,1,0.999253354069792,40.0298881530762,1.99469524575477,11.6100003942847,76.5879789414956,15.1192994172179,250,0.163023041585031,14.0863680900115,0.221950203899453,300.0044861,300.0058899,28062.4765625,28192.2890625,56.526592882256,20.8165695890047,9.256284,0,0,0,40,4449,299.8936,28127.3828125,,,,,,,,,,,,,0,,,,18.51588535,,,,,,300.005188,,,,
,15569743.65,300.0050049,27997.7373046875,14.0898502926686,0.00298437007040135,1,0.999253354069792,40.0298881530762,1.99466514422963,11.6100003942847,76.5882609119904,15.1098647132716,250,0.161340783650936,14.0863220066648,0.220269002139788,300.0041199,300.0058899,27932.998046875,28062.4765625,56.5117419403906,20.8188142805108,8.884414,0,0,0,40,4449,299.8953,27997.7373046875,,,,,,,,,,,,,0,,,,18.6083794,,,,,,300.0050049,,,,
,15569744.775,300.004776,27883.015625,14.0866221959711,0.00237465858069717,1,0.999253354069792,40.0298881530762,1.99466269269015,11.6100003942847,76.5672523029867,15.1245589172322,250,0.16463890009495,14.0830807406562,0.223554235664944,300.0041199,300.0054321,27833.033203125,27932.998046875,56.4742237714675,20.8138112627564,9.256284,0,0,0,40,4449,299.8948,27883.015625,,,,,,,,,,,,,0,,,,18.51588535,,,,,,300.004776,,,,
,15569745.795,300.0057373,27783.1748046875,14.0859289127493,0.00241501199578776,1,0.999253354069792,40.0298881530762,1.99473238516739,11.6100003942847,76.571444774508,15.0954430812778,250,0.159327337751285,14.0824092404668,0.218241630816943,300.0054321,300.0060425,27733.31640625,27833.033203125,56.9205336559483,20.8186623491201,8.512546,0,0,0,40,4449,299.8958,27783.1748046875,,,,,,,,,,,,,0,,,,18.51588535,,,,,,300.0057373,,,,
,15569746.91,300.0057831,27673.3623046875,14.0839500863918,0.00285454142939295,1,0.999253354069792,40.0298881530762,1.99461432838096,11.6100003942847,76.5541682861302,15.1037842387394,250,0.161384433296953,14.0804220707609,0.220291059325106,300.0055237,300.0060425,27613.408203125,27733.31640625,56.7735874943329,20.8167480890155,8.884414,0,0,0,40,4449,299.8962,27673.3623046875,,,,,,,,,,,,,0,,,,18.6083794,,,,,,300.0057831,,,,
,15569748.115,300.0051117,27553.5244140625,14.0831463918925,0.00294655797069761,1,0.999253354069792,40.0298881530762,1.99475595844053,11.6100003942847,76.5593136954036,15.0812423938677,250,0.157201979018639,14.0796362291643,0.21610758556979,300.0046997,300.0055237,27493.640625,27613.408203125,56.5750538504483,20.8187089400257,9.256284,0,0,0,40,4449,299.89505,27553.5244140625,,,,,,,,,,,,,0,,,,18.6083794,,,,,,300.0051117,,,,
,15569749.315,300.00482175,27433.6845703125,14.0792486045228,0.00251564006187445,1,0.999253354069792,40.0298881530762,1.99474865614896,11.6100003942847,76.5342948612933,15.0961962012778,250,0.160678598770905,14.0757247182645,0.219568241602125,300.0046997,300.0049438,27373.728515625,27493.640625,56.5383173100444,20.8121253662157,8.884414,0,0,0,40,4449,299.8958,27433.6845703125,,,,,,,,,,,,,0,,,,18.6083794,,,,,,300.00482175,,,,
,15569750.43,300.0047607,27318.830078125,14.078970609407,0.00237443527656578,1,0.999253354069792,40.0298881530762,1.99470809278541,11.6100003942847,76.5319263926966,15.092038032746,250,0.160020981109368,14.075449478902,0.218910372550063,300.0045776,300.0049438,27263.931640625,27373.728515625,56.6852634716598,20.8229061082868,8.884414,0,0,0,40,4449,299.8975,27318.830078125,,,,,,,,,,,,,0,,,,18.51588535,,,,,,300.0047607,,,,
,15569751.46,300.0046997,27219.0166015625,14.0738684106956,0.00306018021694642,1,0.999253354069792,40.0298881530762,1.99471095035894,11.6100003942847,76.5081375210431,15.06588111827,250,0.156160424174574,14.0703643932167,0.215030250523241,300.0045776,300.0048218,27174.1015625,27263.931640625,56.679010443506,20.8190759610841,9.256284,0,0,0,40,4449,299.89755,27219.0166015625,,,,,,,,,,,,,0,,,,18.4233913,,,,,,300.0046997,,,,
,15569752.5,300.0045929,27114.193359375,14.0723491613143,0.00289225211617454,1,0.999253354069792,40.0298881530762,1.99472908626752,11.6100003942847,76.4973490283743,15.0816859281319,250,0.159317772925489,14.0688321659445,0.218181773918635,300.004364,300.0048218,27054.28515625,27174.1015625,56.7415407250445,20.814925231041,9.256284,0,0,0,40,4449,299.8971,27114.193359375,,,,,,,,,,,,,0,,,,18.4233913,,,,,,300.0045929,,,,
,15569753.585,300.00427245,27004.3251953125,14.0715061271502,0.0029047520619727,1,0.999253354069792,40.0298881530762,1.9946779128471,11.6100003942847,76.4907094873679,15.0811824383701,250,0.159450046149809,14.0679888240693,0.21831133486914,300.0041809,300.004364,26954.365234375,27054.28515625,56.4679707433137,20.8153082024005,8.512546,0,0,0,40,4449,299.8983,27004.3251953125,,,,,,,,,,,,,0,,,,18.4233913,,,,,,300.00427245,,,,
,15569754.585,300.0042114,26904.458984375,14.0663279209745,0.00318208743008993,1,0.999253354069792,40.0298881530762,1.99474931589731,11.6100003942847,76.4660320655996,15.0718309147554,250,0.158596019567694,14.0628151764996,0.217436697147304,300.0041809,300.0042419,26854.552734375,26954.365234375,56.6735390438714,20.8141603547703,8.884414,0,0,0,40,4449,299.89885,26904.458984375,,,,,,,,,,,,,0,,,,18.60928915,,,,,,300.0042114,,,,
,15569755.64,300.0045471,26799.5732421875,14.0666263436815,0.00222864701916348,1,0.999253354069792,40.0298881530762,1.99471284211888,11.6100003942847,76.4664918851635,15.0707910079737,250,0.158398108435759,14.0631140789076,0.217241126125529,300.0042419,300.0048523,26744.59375,26854.552734375,56.5781803645252,20.8191706941812,9.256284,0,0,0,40,4449,299.8989,26799.5732421875,,,,,,,,,,,,,0,,,,18.60928915,,,,,,300.0045471,,,,
,15569756.845,300.0041504,26679.6748046875,14.0596927409261,0.00300456173127935,1,0.999253354069792,40.0298881530762,1.99471289794186,11.6100003942847,76.431066871157,15.0511551396856,250,0.156078018547384,14.0561916915169,0.214893462519848,300.0034485,300.0048523,26614.755859375,26744.59375,56.7259081546598,20.812497462994,8.884414,0,0,0,40,4449,299.89995,26679.6748046875,,,,,,,,,,,,,0,,,,18.4233913,,,,,,300.0041504,,,,
,15569758.095,300.00398255,26554.830078125,14.062834311009,0.00285610792906865,1,0.999253354069792,40.0298881530762,1.99470191150903,11.6100003942847,76.4476503527996,15.0548899809866,250,0.156194703657107,14.0593320857587,0.215024551506263,300.0034485,300.0045166,26494.904296875,26614.755859375,56.3311857524483,20.8146450111009,8.512546,0,0,0,40,4449,299.8999,26554.830078125,,,,,,,,,,,,,0,,,,18.60928915,,,,,,300.00398255,,,,
,15569759.19,300.0031128,26444.9716796875,14.0559342760285,0.00297085850690037,1,0.999253354069792,40.0298881530762,1.9947434987875,11.6100003942847,76.4111501669184,15.0507504141228,250,0.156656542367713,14.0524318130735,0.215458835411728,300.001709,300.0045166,26395.0390625,26494.904296875,56.6321127323521,20.8162935726642,9.256284,0,0,0,40,4449,299.8986,26444.9716796875,,,,,,,,,,,,,0,,,,18.60928915,,,,,,300.0031128,,,,
,15569760.275,300.0020752,26335.0478515625,14.0519955931318,0.0031316859251811,1,0.999253354069792,40.0298881530762,1.9948239104732,11.6100003942847,76.3918033743363,15.0521930795784,250,0.157542017857247,14.0484906523652,0.216328638149501,300.001709,300.0024414,26275.056640625,26395.0390625,56.8087607776983,20.8124924084549,9.256284,0,0,0,40,4449,299.89915,26335.0478515625,,,,,,,,,,,,,0,,,,18.60928915,,,,,,300.0020752,,,,
,15569761.43,300.00282285,26220.0947265625,14.051944589303,0.00244964706293125,1,0.999253354069792,40.0298881530762,1.9947998233355,11.6100003942847,76.3893682940083,15.0587342188212,250,0.158783941776316,14.0484339773971,0.217570975226087,300.0024414,300.0032043,26165.1328125,26275.056640625,56.3921527769483,20.8132645492981,8.512546,0,0,0,40,4449,299.90035,26220.0947265625,,,,,,,,,,,,,0,,,,18.7017832,,,,,,300.00282285,,,,
,15569762.495,300.00326535,26115.2197265625,14.0467979859359,0.00374714190014769,1,0.999253354069792,40.0298881530762,1.99477569167636,11.6100003942847,76.3613172138659,15.048567880555,250,0.157903596088702,14.0432917563752,0.216670331415749,300.0032043,300.0033264,26065.306640625,26165.1328125,56.7391958394868,20.813705688919,9.256284,0,0,0,40,4449,299.9003,26115.2197265625,,,,,,,,,,,,,0,,,,18.51588535,,,,,,300.00326535,,,,
,15569763.58,300.00256345,26010.3662109375,14.0492232988642,0.00270850752971163,1,0.999253354069792,40.0298881530762,1.99475612374839,11.6100003942847,76.3741441736898,15.0490182409558,250,0.157561642123456,14.0457182321156,0.216339904709094,300.0018005,300.0033264,25955.42578125,26065.306640625,56.8462789466214,20.8189141081789,9.256284,0,0,0,40,4449,299.89925,26010.3662109375,,,,,,,,,,,,,0,,,,18.60928915,,,,,,300.00256345,,,,
,15569764.64,300.002182,25905.5107421875,14.0464029660966,0.00286689438399177,1,0.999253354069792,40.0298881530762,1.99475671223924,11.6100003942847,76.3607374645804,15.0357395996613,250,0.155645028755969,14.0429065630138,0.214413060291199,300.0018005,300.0025635,25855.595703125,25955.42578125,56.6469636742175,20.8189296603235,8.884414,0,0,0,40,4449,299.8987,25905.5107421875,,,,,,,,,,,,,0,,,,18.60928915,,,,,,300.002182,,,,
,15569765.71,300.0024567,25795.685546875,14.0427625482744,0.00290862450374306,1,0.999253354069792,40.0298881530762,1.99483692412204,11.6100003942847,76.3407913666468,15.0494046724279,250,0.158719366938289,14.0392537723161,0.217472443612533,300.0023499,300.0025635,25735.775390625,25855.595703125,56.9275683126214,20.8173008801782,8.512546,0,0,0,40,4449,299.89955,25795.685546875,,,,,,,,,,,,,0,,,,18.4233913,,,,,,300.0024567,,,,
,15569766.85,300.0023804,25675.7939453125,14.0446149826204,0.00278046931171892,1,0.999253354069792,40.0298881530762,1.99476577568264,11.6100003942847,76.3509346229483,15.0361532940685,250,0.156038304812494,14.0411169738365,0.214800793260221,300.0023499,300.0024109,25615.8125,25735.775390625,56.4288893173521,20.8192867449827,8.884414,0,0,0,40,4449,299.89995,25675.7939453125,,,,,,,,,,,,,0,,,,18.4233913,,,,,,300.0023804,,,,
,15569767.915,300.0025482,25571.04296875,14.0371745526904,0.00302182210500032,1,0.999253354069792,40.0298881530762,1.994744711168,11.6100003942847,76.3095570071929,15.0288003619835,250,0.156095391040364,14.0336775976127,0.214827898434662,300.0024109,300.0026855,25526.2734375,25615.8125,56.5930313063906,20.8133113315813,8.884414,0,0,0,40,4449,299.8994,25571.04296875,,,,,,,,,,,,,0,,,,18.4233913,,,,,,300.0025482,,,,
,15569769.025,300.0032806,25466.30859375,14.0347924862143,0.00216180428260101,1,0.999253354069792,40.0298881530762,1.99485894502123,11.6100003942847,76.2993489529405,15.0352614859922,250,0.157567877738268,14.0312893316428,0.21629139088298,300.0026855,300.0038757,25406.34375,25526.2734375,56.5156500829868,20.815428540236,8.884414,0,0,0,40,4449,299.8984,25466.30859375,,,,,,,,,,,,,0,,,,18.4233913,,,,,,300.0032806,,,,
,15569770.17,300.00338745,25351.423828125,14.0250343572162,0.0034295657318522,1,0.999253354069792,40.0298881530762,1.99484706472788,11.6100003942847,76.2479446423618,15.0134551458367,250,0.155389413552527,14.0215421311215,0.214073563002439,300.0028992,300.0038757,25296.50390625,25406.34375,56.421854660679,20.8119099573444,8.512546,0,0,0,40,4449,299.89885,25351.423828125,,,,,,,,,,,,,0,,,,18.60928915,,,,,,300.00338745,,,,
,15569771.215,300.0028992,25246.6171875,14.0242962291635,0.00356095306114564,1,0.999253354069792,40.0298881530762,1.9949047957097,11.6100003942847,76.2438977182061,15.0248786013422,250,0.157544478789282,14.0207952892066,0.216225969962116,300.0028992,300.0028992,25196.73046875,25296.50390625,56.7923465787945,20.8181311236525,9.256284,0,0,0,40,4449,299.89965,25246.6171875,,,,,,,,,,,,,0,,,,18.795187,,,,,,300.0028992,,,,
,15569772.305,300.0029297,25136.7626953125,14.0266720514776,0.00238433157475611,1,0.999253354069792,40.0298881530762,1.99477707528158,11.6100003942847,76.2531734635168,15.0204465983722,250,0.156461604117659,14.0231750451881,0.215154209995649,300.0028992,300.0029602,25076.794921875,25196.73046875,56.0505811140444,20.8154964942183,8.884414,0,0,0,40,4449,299.9003,25136.7626953125,,,,,,,,,,,,,0,,,,18.795187,,,,,,300.0029297,,,,
,15569773.48,300.00265505,25016.818359375,14.0216007862759,0.00276849123564723,1,0.999253354069792,40.0298881530762,1.99475497424732,11.6100003942847,76.2239236141037,15.0194803154974,250,0.157253361680713,14.0181015323299,0.215925522604048,300.0023499,300.0029602,24956.841796875,25076.794921875,56.7055858131598,20.8164668076014,9.256284,0,0,0,40,4449,299.9014,25016.818359375,,,,,,,,,,,,,0,,,,18.795187,,,,,,300.00265505,,,,
,15569774.76,300.0023041,24887.0126953125,14.0265412181235,0.00244230942865864,1,0.999253354069792,40.0298881530762,1.99483414432341,11.6100003942847,76.2601291573293,14.9908483457772,250,0.150973300784648,14.0230672701019,0.209668971096271,300.0022583,300.0023499,24817.18359375,24956.841796875,56.7188734979868,20.8189887850898,8.884414,0,0,0,40,4449,299.9003,24887.0126953125,,,,,,,,,,,,,0,,,,18.795187,,,,,,300.0023041,,,,
,15569776.065,300.00198365,24757.3154296875,14.0173617778027,0.00351562739418859,1,0.999253354069792,40.0298881530762,1.9949787509892,11.6100003942847,76.2092698757713,15.0162785432545,250,0.157147056103367,14.0138638393822,0.215804592517251,300.001709,300.0022583,24697.447265625,24817.18359375,57.0323065341983,20.8207885793057,8.884414,0,0,0,40,4449,299.8992,24757.3154296875,,,,,,,,,,,,,0,,,,18.7017832,,,,,,300.00198365,,,,
,15569777.29,300.002182,24637.419921875,14.0228396912463,0.00257512094943046,1,0.999253354069792,40.0298881530762,1.99480080770344,11.6100003942847,76.2364754828773,14.9989757712099,250,0.153193843897646,14.0193569805907,0.211876148352424,300.001709,300.002655,24577.392578125,24697.447265625,56.5906864208329,20.8210947261396,8.884414,0,0,0,40,4449,299.8999,24637.419921875,,,,,,,,,,,,,0,,,,18.51588535,,,,,,300.002182,,,,
,15569778.5,300.0025177,24517.5703125,14.0149092959535,0.00299950130115823,1,0.999253354069792,40.0298881530762,1.99476966354366,11.6100003942847,76.190479002452,14.9995464060329,250,0.154810135210525,14.0114211573263,0.213459774622381,300.0023804,300.002655,24457.748046875,24577.392578125,56.4648442292367,20.8235394864089,8.884414,0,0,0,40,4449,299.9013,24517.5703125,,,,,,,,,,,,,0,,,,18.4233913,,,,,,300.0025177,,,,
,15569779.525,300.0023346,24417.79296875,14.0139200515777,0.00237476978778081,1,0.999253354069792,40.0298881530762,1.99469028921481,11.6100003942847,76.1835236365364,14.990474411961,250,0.15343417903061,14.0104378832025,0.212080752424898,300.0022888,300.0023804,24377.837890625,24457.748046875,56.6102271338137,20.822129784515,8.512546,0,0,0,40,4449,299.90215,24417.79296875,,,,,,,,,,,,,0,,,,18.51588535,,,,,,300.0023346,,,,
,15569780.535,300.0021515,24317.892578125,14.0110537705296,0.00287169825490714,1,0.999253354069792,40.0298881530762,1.99492424041819,11.6100003942847,76.1755146927624,14.9952500709262,250,0.154526429429071,14.0075675757102,0.213161969594134,300.0020142,300.0022888,24257.947265625,24377.837890625,56.5719273363714,20.8168254024237,9.256284,0,0,0,40,4449,299.9013,24317.892578125,,,,,,,,,,,,,0,,,,18.51588535,,,,,,300.0021515,,,,
,15569781.65,300.001709,24202.9453125,14.0055548170258,0.00315208909773703,1,0.999253354069792,40.0298881530762,1.99479921641611,11.6100003942847,76.1467203894136,14.9574145098378,250,0.148767468820514,14.0020939273993,0.207382559449871,300.0014038,300.0020142,24147.943359375,24257.947265625,56.7243448976214,20.8153096689033,9.256284,0,0,0,40,4449,299.90015,24202.9453125,,,,,,,,,,,,,0,,,,18.60928915,,,,,,300.001709,,,,
,15569782.54,300.0014038,24113.076171875,14.0051167755528,0.00363788412063725,1,0.999253354069792,40.0298881530762,1.99479921641611,11.6100003942847,76.1395033559389,14.9830265238159,250,0.153549129317044,14.001635996391,0.212162471185592,300.0014038,300.0014038,24078.208984375,24147.943359375,56.6657227586791,20.8153096689033,8.884414,0,0,0,40,4449,299.89945,24113.076171875,,,,,,,,,,,,,0,,,,18.795187,,,,,,300.0014038,,,,
,15569783.485,300.00076295,24018.2490234375,14.0053081453903,0.00328889312052262,1,0.999253354069792,40.0298881530762,1.99488989788089,11.6100003942847,76.1466086462646,14.9693919105721,250,0.150887937391921,14.0018386903982,0.209503656061792,300.0001221,300.0014038,23958.2890625,24078.208984375,56.6758839294291,20.8204641547,9.256284,0,0,0,40,4449,299.89905,24018.2490234375,,,,,,,,,,,,,0,,,,18.795187,,,,,,300.00076295,,,,
,15569784.485,300.0001221,23918.3955078125,14.0030305071233,0.00209250849112817,1,0.999253354069792,40.0298881530762,1.9948158377125,11.6100003942847,76.1299324825547,14.9747121340855,250,0.152385113208218,13.9995554497066,0.210992156864513,300.0001221,300.0001221,23878.501953125,23958.2890625,56.6164801619675,20.815245392468,8.884414,0,0,0,40,4449,299.8983,23918.3955078125,,,,,,,,,,,,,0,,,,18.60928915,,,,,,300.0001221,,,,
,15569785.4,300.0002289,23828.57421875,13.9984825707659,0.00288745876735605,1,0.999253354069792,40.0298881530762,1.99480544131811,11.6100003942847,76.1054734319065,14.9662455470533,250,0.151687561177953,13.9950112309476,0.210276346468461,300.0001221,300.0003357,23778.646484375,23878.501953125,56.4664074862752,20.8191905399006,8.512546,0,0,0,40,4449,299.89935,23828.57421875,,,,,,,,,,,,,0,,,,18.60928915,,,,,,300.0002289,,,,
,15569786.475,300.00039675,23718.783203125,13.9978766079341,0.00299751845873124,1,0.999253354069792,40.0298881530762,1.99475786456793,11.6100003942847,76.0997044563403,14.9690468697452,250,0.152377286175794,13.9944023312993,0.210964177423047,300.0003357,300.0004578,23658.919921875,23778.646484375,56.8775440873906,20.8176679122105,9.256284,0,0,0,40,4449,299.90065,23718.783203125,,,,,,,,,,,,,0,,,,18.795187,,,,,,300.00039675,,,,
,15569787.53,300.0004578,23613.953125,13.9929712597048,0.0028612277969876,1,0.999253354069792,40.0298881530762,1.99489053094024,11.6100003942847,76.0788236265082,14.9601565428396,250,0.151475430168252,13.989501571982,0.210043352921924,300.0004578,300.0004578,23568.986328125,23658.919921875,57.0096393071407,20.8236038268965,9.256284,0,0,0,40,4449,299.8991,23613.953125,,,,,,,,,,,,,0,,,,18.795187,,,,,,300.0004578,,,,
,15569788.61,299.999939,23509.0546875,13.9895201518032,0.00316943871087628,1,0.999253354069792,40.0298881530762,1.99481716961386,11.6100003942847,76.0573931958093,14.9556131345592,250,0.151378918412978,13.9860517458911,0.20993323857238,299.9994202,300.0004578,23449.123046875,23568.986328125,56.4679707433137,20.8182364116804,8.884414,0,0,0,40,4449,299.9,23509.0546875,,,,,,,,,,,,,0,,,,18.7017832,,,,,,299.999939,,,,
,15569789.8,299.9994507,23389.1494140625,13.9862816844267,0.00268400093803256,1,0.999253354069792,40.0298881530762,1.99477901872848,11.6100003942847,76.036085943836,14.9641876246398,250,0.153603425313902,13.9828047481097,0.212144870407513,299.9994202,299.9994812,23329.17578125,23449.123046875,56.6094455052945,20.8206916544242,9.256284,0,0,0,40,4449,299.9002,23389.1494140625,,,,,,,,,,,,,0,,,,18.7017832,,,,,,299.9994507,,,,
,15569790.83,299.99954225,23284.2841796875,13.9828519924175,0.00267160198476796,1,0.999253354069792,40.0298881530762,1.99483785653525,11.6100003942847,76.0191607542511,14.9634543042144,250,0.15402447719346,13.9793737979147,0.212552791681136,299.9994812,299.9996033,23239.392578125,23329.17578125,57.1472059265253,20.8157430619747,9.256284,0,0,0,40,4449,299.89895,23284.2841796875,,,,,,,,,,,,,0,,,,18.60928915,,,,,,299.99954225,,,,
,15569791.86,299.99995425,23179.486328125,13.9801058357485,0.00289979627485779,1,0.999253354069792,40.0298881530762,1.99471310104788,11.6100003942847,76.0026323772354,14.9432241688429,250,0.150986646929602,13.97664061773,0.209504906227036,299.9996033,300.0003052,23119.580078125,23239.392578125,56.7993812354675,20.8226004520314,8.512546,0,0,0,40,4449,299.8998,23179.486328125,,,,,,,,,,,,,0,,,,18.51588535,,,,,,299.99995425,,,,
,15569792.93,299.9998169,23074.294921875,13.9806521239616,0.00308680617923315,1,0.999253354069792,40.0298881530762,1.99474567332366,11.6100003942847,76.0111138182246,14.9208459928166,250,0.146732693154491,13.9772045730685,0.205255112307069,299.9993286,300.0003052,23029.009765625,23119.580078125,56.4038772047367,20.8228161187299,8.512546,0,0,0,40,4449,299.8999,23074.294921875,,,,,,,,,,,,,0,,,,18.6083794,,,,,,299.9998169,,,,
,15569794.06,299.99993895,22964.0439453125,13.9817276986384,0.0026315722556709,1,0.999253354069792,40.0298881530762,1.99480547770678,11.6100003942847,76.0191361226946,14.9226826569366,250,0.146790105519952,13.9782795981157,0.205317279973685,299.9993286,300.0005493,22899.078125,23029.009765625,56.7876568076791,20.8156863630722,9.256284,0,0,0,40,4449,299.90345,22964.0439453125,,,,,,,,,,,,,0,,,,18.6083794,,,,,,299.99993895,,,,
,15569795.295,300.00001525,22839.103515625,13.9791148735177,0.00296872379777311,1,0.999253354069792,40.0298881530762,1.99486418436513,11.6100003942847,76.0085642227905,14.9124804649216,250,0.145322706453734,13.9756733465738,0.203839813509538,299.9994812,300.0005493,22779.12890625,22899.078125,56.1295255944867,20.8229337166849,9.256284,0,0,0,40,4449,299.90625,22839.103515625,,,,,,,,,,,,,0,,,,18.51588535,,,,,,300.00001525,,,,
,15569796.46,300.00019835,22724.1552734375,13.9707189495662,0.00323486764850836,1,0.999253354069792,40.0298881530762,1.99480250664217,11.6100003942847,75.9617626432773,14.8969235136459,250,0.144104960917607,13.9672839844591,0.202588503734391,299.9994812,300.0009155,22669.181640625,22779.12890625,56.9322580837368,20.8237466795294,8.884414,0,0,0,40,4449,299.90525,22724.1552734375,,,,,,,,,,,,,0,,,,18.4233913,,,,,,300.00019835,,,,
,15569797.47,300.00035095,22624.2548828125,13.9689007892602,0.00205232775090418,1,0.999253354069792,40.0298881530762,1.99488109586662,11.6100003942847,75.9553413635608,14.8925996452539,250,0.143542296949275,13.9654683510563,0.202019451318734,299.9997864,300.0009155,22579.328125,22669.181640625,56.6203883045637,20.8187782208094,9.256284,0,0,0,40,4449,299.90465,22624.2548828125,,,,,,,,,,,,,0,,,,18.4233913,,,,,,300.00035095,,,,
,15569798.48,300.000412,22519.306640625,13.9646843685984,0.00351122251805879,1,0.999253354069792,40.0298881530762,1.99499655853292,11.6100003942847,75.9339854937025,14.9035761475917,250,0.146183420072023,13.9612415630081,0.204643575039509,299.9997864,300.0010376,22459.28515625,22579.328125,56.7118388413137,20.8205538024346,8.512546,0,0,0,40,4449,299.9039,22519.306640625,,,,,,,,,,,,,0,,,,18.60928915,,,,,,300.000412,,,,
,15569799.605,300.00024415,22404.486328125,13.9671795803873,0.00293893157066474,1,0.999253354069792,40.0298881530762,1.99496251849647,11.6100003942847,75.9498034275247,14.8870418695266,250,0.14273017123165,13.9637506903094,0.201202677921318,299.9994507,300.0010376,22349.6875,22459.28515625,56.6360208749483,20.8152756230525,8.512546,0,0,0,40,4449,299.90355,22404.486328125,,,,,,,,,,,,,0,,,,18.60928915,,,,,,300.00024415,,,,
,15569800.665,299.99925235,22299.7841796875,13.9664832919008,0.00304799091760101,1,0.999253354069792,40.0298881530762,1.99498344134623,11.6100003942847,75.9469268957071,14.8857455037016,250,0.142592132655216,13.9630555050116,0.201062938751327,299.999054,299.9994507,22249.880859375,22349.6875,56.6516534453329,20.8120291104199,8.512546,0,0,0,40,4449,299.90285,22299.7841796875,,,,,,,,,,,,,0,,,,18.4233913,,,,,,299.99925235,,,,
,15569801.74,299.99920655,22194.982421875,13.9549040197085,0.00343579458480386,1,0.999253354069792,40.0298881530762,1.99508597736961,11.6100003942847,75.8923823000464,14.849236582066,250,0.137900301450804,13.9514981351386,0.196324680184595,299.999054,299.9993591,22140.083984375,22249.880859375,56.6837002146214,20.8138984198904,9.256284,0,0,0,40,4449,299.9024,22194.982421875,,,,,,,,,,,,,0,,,,18.4233913,,,,,,299.99920655,,,,
,15569802.79,299.99945065,22090.15234375,13.9445878368138,0.0031147784873592,1,0.999253354069792,40.0298881530762,1.99496882299012,11.6100003942847,75.836620249604,14.8121469022242,250,0.133160305076394,13.9412036583974,0.191543495026802,299.9993591,299.9995422,22040.220703125,22140.083984375,56.5727089648906,20.8153954201639,9.256284,0,0,0,40,4449,299.9022,22090.15234375,,,,,,,,,,,,,0,,,,18.4233913,,,,,,299.99945065,,,,
,15569803.745,299.9995422,21995.2197265625,13.9389228321247,0.00360810252091205,1,0.999253354069792,40.0298881530762,1.99496388576095,11.6100003942847,75.8044421223795,14.8124886223394,250,0.134279163938648,13.9355349762123,0.192639259904993,299.9995422,299.9995422,21950.21875,22040.220703125,56.7118388413137,20.8117078382699,9.256284,0,0,0,40,4449,299.90245,21995.2197265625,,,,,,,,,,,,,0,,,,18.51588535,,,,,,299.9995422,,,,
,15569804.87,300,21885.34375,13.9199382602331,0.00371882203613593,1,0.999253354069792,40.0298881530762,1.99510274195547,11.6100003942847,75.7003095974493,14.8258010162456,250,0.14005715858386,13.9165296983816,0.198337642879804,299.9995422,300.0004578,21820.46875,21950.21875,56.6422739031022,20.8072732204252,9.256284,0,0,0,40,4449,299.90235,21885.34375,,,,,,,,,,,,,0,,,,18.51588535,,,,,,300,,,,
,15569806.08,300.0002289,21760.4873046875,13.8909239366112,0.00422621944811226,1,0.999253354069792,40.0298881530762,1.99486098055575,11.6100003942847,75.54568987421,14.7279280204677,250,0.127791467530892,13.887572361683,0.185954377737532,300,300.0004578,21700.505859375,21820.46875,56.7134020983521,20.8068223785747,9.256284,0,0,0,40,4449,299.90115,21760.4873046875,,,,,,,,,,,,,0,,,,18.60928915,,,,,,300.0002289,,,,
,15569807.115,300,21655.630859375,13.8227075438473,0.00468900434076224,1,0.999253354069792,40.0298881530762,1.99500302893081,11.6100003942847,75.2037184670341,14.528239729973,250,0.10359917275047,13.8194711493666,0.161482259707347,300,300,21610.755859375,21700.505859375,56.1467214219098,20.8010182485391,9.256284,0,0,0,40,4449,299.90105,21655.630859375,,,,,,,,,,,,,0,,,,18.60928915,,,,,,300,,,,
,15569808.215,299.99942015,21545.841796875,13.8175892376501,0.00441252130644763,1,0.999253354069792,40.0298881530762,1.9946311055119,11.6100003942847,75.1422270483965,14.6279893453822,250,0.123344146536957,13.8142713616202,0.181202753078946,299.9988403,300,21480.927734375,21610.755859375,56.5086154263137,20.810412266875,9.256284,0,0,0,40,4449,299.90145,21545.841796875,,,,,,,,,,,,,0,,,,18.60928915,,,,,,299.99942015,,,,
,15569809.365,299.99867245,21431.0771484375,13.80542356628,0.00513231150626556,1,0.999253354069792,40.0298881530762,1.99419182399223,11.6100003942847,75.0493779763683,14.6689890702271,250,0.133703905456147,13.8020650228137,0.191510538422794,299.9985046,299.9988403,21381.2265625,21480.927734375,56.8384626614291,20.8114480371513,9.256284,0,0,0,40,4449,299.9015,21431.0771484375,,,,,,,,,,,,,0,,,,18.7017832,,,,,,299.99867245,,,,
,15569810.415,299.99833675,21326.2314453125,13.8015000667635,0.00511043871889586,1,0.999253354069792,40.0298881530762,1.99422280213346,11.6100003942847,75.0316830474137,14.6515729522892,250,0.131191563971876,13.7981528941045,0.188983397528226,299.9981689,299.9985046,21271.236328125,21381.2265625,56.6024108486214,20.81909023792,9.256284,0,0,0,40,4449,299.90095,21326.2314453125,,,,,,,,,,,,,0,,,,18.7017832,,,,,,299.99833675,,,,
,15569811.525,299.99882505,21216.39453125,13.7933130191193,0.0047596959761441,1,0.999253354069792,40.0298881530762,1.99448003475666,11.6100003942847,74.996052257432,14.6476900856972,250,0.131657819660788,13.7899652280045,0.189415973984544,299.9981689,299.9994812,21161.552734375,21271.236328125,56.3390020376406,20.824128252123,8.884414,0,0,0,40,4449,299.9024,21216.39453125,,,,,,,,,,,,,0,,,,18.795187,,,,,,299.99882505,,,,
,15569812.585,299.99902345,21111.5693359375,13.7799780692348,0.0047637346193389,1,0.999253354069792,40.0298881530762,1.99402849950609,11.6100003942847,74.9062062351297,14.6346361557392,250,0.132326060628822,13.7766299832968,0.190029130503815,299.9985657,299.9994812,21061.5859375,21161.552734375,57.2566339192176,20.8235952135892,9.256284,0,0,0,40,4449,299.90275,21111.5693359375,,,,,,,,,,,,,0,,,,18.60928915,,,,,,299.99902345,,,,
,15569813.5,299.9985657,21016.6591796875,13.7794550777251,0.00415733158996092,1,0.999253354069792,40.0298881530762,1.99402849950609,11.6100003942847,74.9006601948589,14.6486625598703,250,0.134997650382617,13.776096019701,0.192699096632083,299.9985657,299.9985657,20971.732421875,21061.5859375,56.147503050429,20.8235952135892,9.256284,0,0,0,40,4449,299.90185,21016.6591796875,,,,,,,,,,,,,0,,,,18.60928915,,,,,,299.9985657,,,,
,15569814.485,299.99928285,20921.76953125,13.7663907805398,0.00466882959560331,1,0.999253354069792,40.0298881530762,1.99350162959658,11.6100003942847,74.8068215771515,14.6501295161005,250,0.138381753561807,13.7630197233251,0.196028766188823,299.9985657,300,20871.806640625,20971.732421875,56.2303556734675,20.8323350478278,9.256284,0,0,0,40,4449,299.90145,20921.76953125,,,,,,,,,,,,,0,,,,18.60928915,,,,,,299.99928285,,,,
,15569815.485,299.99980165,20826.890625,13.7608294100664,0.00468946885707012,1,0.999253354069792,40.0298881530762,1.99400588927674,11.6100003942847,74.7960633142341,14.6423022036838,250,0.137311002939677,13.7574635779338,0.194936099737497,299.9996033,300,20781.974609375,20871.806640625,56.4898563418521,20.826030182872,8.884414,0,0,0,40,4449,299.90025,20826.890625,,,,,,,,,,,,,0,,,,18.4233913,,,,,,299.99980165,,,,
,15569816.535,299.9993439,20722.0576171875,13.7518459403293,0.00351414147451526,1,0.999253354069792,40.0298881530762,1.99371710133112,11.6100003942847,74.7264110735305,14.686063553758,250,0.147393128244343,13.7484398500513,0.204979208669823,299.9990845,299.9996033,20662.140625,20781.974609375,56.2381719586598,20.8407849223555,8.512546,0,0,0,40,4449,299.9017,20722.0576171875,,,,,,,,,,,,,0,,,,18.4233913,,,,,,299.9993439,,,,
,15569817.79,299.99868775,20592.31640625,13.7383160128262,0.00393868433808156,1,0.999253354069792,40.0298881530762,1.99388270092534,11.6100003942847,74.655463895769,14.6915337890761,250,0.150686863814447,13.7348990724506,0.20821676231437,299.998291,299.9990845,20522.4921875,20662.140625,56.5390989385637,20.8331602961331,8.884414,0,0,0,40,4449,299.90195,20592.31640625,,,,,,,,,,,,,0,,,,18.60928915,,,,,,299.99868775,,,,
,15569819.055,299.9977417,20462.5830078125,13.738620363517,0.00462230930862363,1,0.999253354069792,40.0298881530762,1.99384970027898,11.6100003942847,74.6559711934182,14.6913184422213,250,0.150632792090033,13.7352038981854,0.208165545872884,299.9971924,299.998291,20402.673828125,20522.4921875,56.7360693254098,20.8311882278878,8.512546,0,0,0,40,4449,299.90045,20462.5830078125,,,,,,,,,,,,,0,,,,18.60928915,,,,,,299.9977417,,,,
,15569820.18,299.9974823,20352.7099609375,13.7323875547029,0.00449371722932085,1,0.999253354069792,40.0298881530762,1.99370662101734,11.6100003942847,74.6131820631958,14.7035762174601,250,0.154227395755567,13.7289572941115,0.211734499931083,299.9971924,299.9977722,20302.74609375,20402.673828125,56.3327490094867,20.8387899734579,9.256284,0,0,0,40,4449,299.89975,20352.7099609375,,,,,,,,,,,,,0,,,,18.60928915,,,,,,299.9974823,,,,
,15569821.28,299.9977722,20242.818359375,13.73141068401,0.00459668715060208,1,0.999253354069792,40.0298881530762,1.99383372206389,11.6100003942847,74.6119563755637,14.7064307738179,250,0.154764111780039,13.7279781311371,0.21226788583442,299.9977722,299.9977722,20182.890625,20302.74609375,56.3694855498906,20.8255206373814,8.884414,0,0,0,40,4449,299.90045,20242.818359375,,,,,,,,,,,,,0,,,,18.60928915,,,,,,299.9977722,,,,
,15569822.43,299.99700925,20127.9375,13.7256305378863,0.00475551246242539,1,0.999253354069792,40.0298881530762,1.99377797749672,11.6100003942847,74.5773804108224,14.7059731242497,250,0.155824531547957,13.7221950061193,0.213304740326696,299.9962463,299.9977722,20072.984375,20182.890625,56.0990420822367,20.8369739355746,9.628152,0,0,0,40,4449,299.9014,20127.9375,,,,,,,,,,,,,0,,,,18.60928915,,,,,,299.99700925,,,,
,15569823.51,299.99679565,20023.056640625,13.7292116771945,0.00495750836424876,1,0.999253354069792,40.0298881530762,1.99386679673393,11.6100003942847,74.609118595572,14.6616924610932,250,0.14690974065664,13.7258127387326,0.204408086397882,299.9962463,299.997345,19973.12890625,20072.984375,57.1346998702176,20.8327972495214,8.884414,0,0,0,40,4449,299.8999,20023.056640625,,,,,,,,,,,,,0,,,,18.60928915,,,,,,299.99679565,,,,
,15569824.62,299.9971619,19913.1953125,13.7202179563784,0.00388324916549437,1,0.999253354069792,40.0298881530762,1.99391172519653,11.6100003942847,74.5549639235785,14.6897091705309,250,0.153662472446044,13.7167922554428,0.211122732400249,299.9969788,299.997345,19853.26171875,19973.12890625,56.4492116588521,20.8365557631252,8.884414,0,0,0,40,4449,299.90015,19913.1953125,,,,,,,,,,,,,0,,,,18.4233913,,,,,,299.9971619,,,,
,15569825.8,299.99647525,19793.1083984375,13.7240575130354,0.00410242047719813,1,0.999253354069792,40.0298881530762,1.99416308253199,11.6200000047684,74.5928474516371,14.6532767029616,250,0.145928310870688,13.7206637035182,0.203407027666026,299.9959717,299.9969788,19732.955078125,19853.26171875,55.6613301114674,20.8373033267315,9.256284,0,0,0,40,4449,299.9016,19793.1083984375,,,,,,,,,,,,,0,,,,18.60928915,,,,,,299.99647525,,,,
,15569826.825,299.99650575,19687.982421875,13.7212343036064,0.00438369641456045,1,0.999253354069792,40.0298881530762,1.99391307712314,11.6100003942847,74.5657425493604,14.6627320652803,250,0.148516157450528,13.7178300974183,0.205983534826966,299.9959717,299.9970398,19643.009765625,19732.955078125,56.6805737005445,20.8343271953187,8.884414,0,0,0,40,4449,299.90145,19687.982421875,,,,,,,,,,,,,0,,,,18.60928915,,,,,,299.99650575,,,,
,15569827.825,299.99716185,19588.0205078125,13.7155447849054,0.00494631566525906,1,0.999253354069792,40.0298881530762,1.99406907450278,11.6100003942847,74.5438850128876,14.6395501790048,250,0.145107976610283,13.7121555829586,0.202553119552937,299.9970398,299.9972839,19533.03125,19643.009765625,56.5844333926791,20.8338363717858,8.512546,0,0,0,40,4449,299.9015,19588.0205078125,,,,,,,,,,,,,0,,,,18.60928915,,,,,,299.99716185,,,,
,15569829.02,299.9975586,19468.080078125,13.712121788994,0.00507033106778464,1,0.999253354069792,40.0298881530762,1.99386461506165,11.6100003942847,74.5108513179865,14.6720668187352,250,0.151982061968611,13.7087041528298,0.20941259223982,299.9972839,299.9978333,19403.12890625,19533.03125,56.1193644237367,20.8364368963152,8.512546,0,0,0,40,4449,299.90145,19468.080078125,,,,,,,,,,,,,0,,,,18.60928915,,,,,,299.9975586,,,,
,15569830.16,299.99743655,19353.201171875,13.7112348164486,0.00473929006810887,1,0.999253354069792,40.0298881530762,1.99399402346114,11.5999998524785,74.515330284114,14.6473227063144,250,0.147431355253096,13.7078364155382,0.204859799137623,299.9970398,299.9978333,19303.2734375,19403.12890625,57.1761261817368,20.8333797612898,8.512546,0,0,0,40,4449,299.90305,19353.201171875,,,,,,,,,,,,,0,,,,18.60928915,,,,,,299.99743655,,,,
,15569831.165,299.9965668,19253.3544921875,13.7124953445261,0.00457935708238589,1,0.999253354069792,40.0298881530762,1.99411134239762,11.6100003942847,74.5336409981004,14.6107690177996,250,0.140330379987804,13.7091268205297,0.19776615253395,299.9960938,299.9970398,19203.435546875,19303.2734375,55.9771080332367,20.8307099434441,9.256284,0,0,0,40,4449,299.9045,19253.3544921875,,,,,,,,,,,,,0,,,,18.795187,,,,,,299.9965668,,,,
,15569832.255,299.9960785,19148.513671875,13.7063156888708,0.00453542392718013,1,0.999253354069792,40.0298881530762,1.99398415397144,11.6200000047684,74.4843813327133,14.6628078651399,250,0.151198366944381,13.7029030044464,0.208607117213548,299.9960632,299.9960938,19093.591796875,19203.435546875,56.3468183228329,20.834011776775,9.256284,0,0,0,40,4449,299.90405,19148.513671875,,,,,,,,,,,,,0,,,,18.60928915,,,,,,299.9960785,,,,
,15569833.265,299.99591065,19048.5732421875,13.7043882267844,0.00492904362569916,1,0.999253354069792,40.0298881530762,1.99387790563555,11.6100003942847,74.4771338047378,14.621715177979,250,0.144147792266296,13.7010054323775,0.201551127176331,299.9957581,299.9960632,19003.5546875,19093.591796875,56.6985511564868,20.8331449250597,9.256284,0,0,0,40,4449,299.9027,19048.5732421875,,,,,,,,,,,,,0,,,,18.4233913,,,,,,299.99591065,,,,
,15569834.305,299.99646,18943.71484375,13.6966156152162,0.0046213804319682,1,0.999253354069792,40.0298881530762,1.99397999141308,11.6100003942847,74.4291342213541,14.665235668216,250,0.153445867601298,13.6931950122754,0.210816037059668,299.9957581,299.9971619,18883.875,19003.5546875,56.5281561392944,20.8398316840929,9.256284,0,0,0,40,4449,299.90125,18943.71484375,,,,,,,,,,,,,0,,,,18.4233913,,,,,,299.99646,,,,
,15569835.545,299.9966736,18818.9658203125,13.700490655803,0.00392342707355823,1,0.999253354069792,40.0298881530762,1.99396540894559,11.6100003942847,74.4540337996605,14.6456909563668,250,0.149156607043753,13.6970870531979,0.206544642382739,299.9961853,299.9971619,18754.056640625,18883.875,56.3647957787752,20.837584992796,9.256284,0,0,0,40,4449,299.903,18818.9658203125,,,,,,,,,,,,,0,,,,18.60928915,,,,,,299.9966736,,,,
,15569836.65,299.9954529,18709.1650390625,13.6965374600907,0.00512773032143114,1,0.999253354069792,40.0298881530762,1.99397244884585,11.6100003942847,74.4341547983872,14.6342605924504,250,0.14778011545523,13.6931409287762,0.205152941432929,299.9947205,299.9961853,18664.2734375,18754.056640625,57.0205821064099,20.8403503450149,8.512546,0,0,0,40,4449,299.90275,18709.1650390625,,,,,,,,,,,,,0,,,,18.60928915,,,,,,299.9954529,,,,
,15569837.79,299.9952393,18594.3720703125,13.683966480891,0.00399530916191911,1,0.999253354069792,40.0298881530762,1.99400267876537,11.6100003942847,74.365548843781,14.6285294494587,250,0.149017750654448,13.6805672952552,0.206338789411461,299.9947205,299.9957581,18524.470703125,18664.2734375,56.9752476522945,20.8367009278896,9.256284,0,0,0,40,4449,299.90235,18594.3720703125,,,,,,,,,,,,,0,,,,18.60928915,,,,,,299.9952393,,,,
,15569839.045,299.99543765,18464.5029296875,13.685100564424,0.00499216788621988,1,0.999253354069792,40.0298881530762,1.99381898194946,11.6100003942847,74.3618581435348,14.6455409386873,250,0.1521724109307,13.68168776014,0.209498180730737,299.9951172,299.9957581,18404.53515625,18524.470703125,57.2159892362176,20.8365932692657,8.512546,0,0,0,40,4449,299.9049,18464.5029296875,,,,,,,,,,,,,0,,,,18.60928915,,,,,,299.99543765,,,,
,15569840.15,299.9955597,18354.6240234375,13.6769983429619,0.00400437181100923,1,0.999253354069792,40.0298881530762,1.99386493515043,11.6100003942847,74.316781793313,14.651866619174,250,0.154775198837121,13.6735761177914,0.212067344387396,299.9951172,299.9960022,18304.712890625,18404.53515625,56.4093486043714,20.8367596090322,9.256284,0,0,0,40,4449,299.90555,18354.6240234375,,,,,,,,,,,,,0,,,,18.4233913,,,,,,299.9955597,,,,
,15569841.175,299.99583435,18254.794921875,13.6729756069537,0.00352826748693193,1,0.999253354069792,40.0298881530762,1.99393835415809,11.6200000047684,74.3031486289397,14.6181008076511,250,0.149222654178517,13.669577220004,0.206500091572284,299.9956665,299.9960022,18204.876953125,18304.712890625,55.5831672595443,20.8371313557183,8.512546,0,0,0,40,4449,299.90505,18254.794921875,,,,,,,,,,,,,0,,,,18.60928915,,,,,,299.99583435,,,,
,15569842.25,299.99557495,18149.958984375,13.6766759380613,0.00421184892500315,1,0.999253354069792,40.0298881530762,1.99398980505549,11.6100003942847,74.3238536146047,14.6292935052565,250,0.150523372923386,13.6732713684657,0.207817085968522,299.9954834,299.9956665,18095.041015625,18204.876953125,56.7532651528329,20.8347562920185,9.256284,0,0,0,40,4449,299.90475,18149.958984375,,,,,,,,,,,,,0,,,,18.60928915,,,,,,299.99557495,,,,
,15569843.29,299.9950104,18045.150390625,13.6661398699923,0.00476294295916174,1,0.999253354069792,40.0298881530762,1.99403743123972,11.6100003942847,74.2753005899632,14.5807560214252,250,0.143499968464545,13.662767020899,0.200752234756725,299.9945374,299.9954834,17995.259765625,18095.041015625,56.3499448369098,20.831851482174,9.256284,0,0,0,40,4449,299.9033,18045.150390625,,,,,,,,,,,,,0,,,,18.60928915,,,,,,299.9950104,,,,
,15569844.36,299.9948273,17935.388671875,13.6703563989175,0.0041070511388207,1,0.999253354069792,40.0298881530762,1.9936901139413,11.6100003942847,74.2776904597369,14.6254375063481,250,0.151378536108992,13.6669496763133,0.208647690823889,299.9945374,299.9951172,17875.517578125,17995.259765625,56.719655126506,20.836580528271,9.256284,0,0,0,40,4449,299.90415,17935.388671875,,,,,,,,,,,,,0,,,,18.795187,,,,,,299.9948273,,,,
,15569845.505,299.99520875,17820.5654296875,13.6581673376323,0.00391149511802396,1,0.999253354069792,40.0298881530762,1.99364512607198,11.6100003942847,74.2073373484406,14.6255035769718,250,0.15370931480204,13.6547530544853,0.210927555543964,299.9951172,299.9953003,17765.61328125,17875.517578125,56.7829670365637,20.8390392862665,9.256284,0,0,0,40,4449,299.9059,17820.5654296875,,,,,,,,,,,,,0,,,,18.60928915,,,,,,299.99520875,,,,
,15569846.485,299.9953003,17725.693359375,13.6579598754515,0.00527867382036398,1,0.999253354069792,40.0298881530762,1.99364512607198,11.6100003942847,74.2091260243323,14.609552195933,250,0.150817219786731,13.6545576245575,0.208035973195262,299.9953003,299.9953003,17685.7734375,17765.61328125,56.7634263235829,20.8390392862665,8.884414,0,0,0,40,4449,299.9062,17725.693359375,,,,,,,,,,,,,0,,,,18.4233913,,,,,,299.9953003,,,,
,15569847.51,299.99476625,17625.8408203125,13.6617172729932,0.00458489959527976,1,0.999253354069792,40.0298881530762,1.99388939470619,11.6200000047684,74.2459395655064,14.5747070392854,250,0.143399918008155,13.6583455327345,0.200636736679887,299.9942322,299.9953003,17565.908203125,17685.7734375,56.9979148793522,20.8332227137365,9.256284,0,0,0,40,4449,299.90665,17625.8408203125,,,,,,,,,,,,,0,,,,18.4233913,,,,,,299.99476625,,,,
,15569848.655,299.99502565,17510.9072265625,13.6578795196992,0.00387810506467007,1,0.999253354069792,40.0298881530762,1.99378282401065,11.6100003942847,74.2187471075025,14.583156172615,250,0.145801742567446,13.6544982443291,0.203023052400719,299.9942322,299.9958191,17455.90625,17565.908203125,56.5633294226598,20.842549374221,8.512546,0,0,0,40,4449,299.90655,17510.9072265625,,,,,,,,,,,,,0,,,,18.60928915,,,,,,299.99502565,,,,
,15569849.71,299.99572755,17405.9599609375,13.6522615214474,0.00475487501578623,1,0.999253354069792,40.0298881530762,1.99377467921163,11.6100003942847,74.1852006886452,14.5917663352918,250,0.148434831974731,13.6488699188627,0.205632757285038,299.995636,299.9958191,17356.013671875,17455.90625,56.4038772047367,20.8354246921708,8.884414,0,0,0,40,4449,299.90765,17405.9599609375,,,,,,,,,,,,,0,,,,18.60928915,,,,,,299.99572755,,,,
,15569850.85,299.9949646,17291.1552734375,13.6482461063036,0.00423775441756107,1,0.999253354069792,40.0298881530762,1.9939387942249,11.6200000047684,74.1751069286473,14.5575139502902,250,0.142672856415765,13.6448797263999,0.19985632182966,299.9942932,299.995636,17226.296875,17356.013671875,55.9481877780252,20.8405058920745,9.256284,0,0,0,40,4449,299.90695,17291.1552734375,,,,,,,,,,,,,0,,,,18.60928915,,,,,,299.9949646,,,,
,15569852.02,299.9949646,17171.431640625,13.6484120979001,0.00453093565364564,1,0.999253354069792,40.0298881530762,1.99386440968686,11.6100003942847,74.1694674665581,14.5778868233444,250,0.14647947128502,13.6450295812148,0.203664213772649,299.9942932,299.995636,17116.56640625,17226.296875,55.8184374438328,20.8383377884356,8.512546,0,0,0,40,4449,299.90575,17171.431640625,,,,,,,,,,,,,0,,,,18.60928915,,,,,,299.9949646,,,,
,15569853.095,299.9950714,17066.5986328125,13.6419476393328,0.00444599245837167,1,0.999253354069792,40.0298881530762,1.99363975835301,11.6100003942847,74.129677510613,14.5505922706811,250,0.142958483036409,13.6385810759019,0.200117437562017,299.9945068,299.995636,17016.630859375,17116.56640625,56.5383173100444,20.8407622860002,8.884414,0,0,0,40,4449,299.9073,17066.5986328125,,,,,,,,,,,,,0,,,,18.4233913,,,,,,299.9950714,,,,
,15569854.135,299.9944458,16961.693359375,13.6441183107767,0.00396946754144505,1,0.999253354069792,40.0298881530762,1.99369186784012,11.6100003942847,74.1475366774898,14.5307721561932,250,0.138846714583896,13.6407687677142,0.196016452400371,299.9943848,299.9945068,16906.755859375,17016.630859375,56.4929828559291,20.8383116963356,9.256284,0,0,0,40,4449,299.90775,16961.693359375,,,,,,,,,,,,,0,,,,18.4233913,,,,,,299.9944458,,,,
,15569855.265,299.994339,16846.90234375,13.6378296342943,0.00409024167844235,1,0.999253354069792,40.0298881530762,1.99369666198329,11.6100003942847,74.1091258378579,14.5478867336562,250,0.143148657109626,13.634463251802,0.20029240783096,299.9942932,299.9943848,16787.048828125,16906.755859375,56.4273260603137,20.8379128492315,8.512546,0,0,0,40,4449,299.9068,16846.90234375,,,,,,,,,,,,,0,,,,18.4233913,,,,,,299.994339,,,,
,15569856.265,299.99412535,16747.064453125,13.6401509725612,0.00486357293620626,1,0.999253354069792,40.0298881530762,1.99372828082894,11.6100003942847,74.1223875253091,14.5532790768185,250,0.143666688299836,13.6367819921177,0.200820650080145,299.9939575,299.9942932,16707.080078125,16787.048828125,56.5945945634291,20.8418118110021,9.628152,0,0,0,40,4449,299.9082,16747.064453125,,,,,,,,,,,,,0,,,,18.60928915,,,,,,299.99412535,,,,
,15569858.155,299.993927,16562.203125,13.6324569249657,0.00468245477215408,1,0.999253354069792,40.0298881530762,1.99373370826963,11.6100003942847,74.084548690301,14.5247460706811,250,0.139843697301335,13.6291054002641,0.196968334952575,299.993927,299.993927,16557.216796875,16567.189453125,55.9380266072751,20.8448499688086,9.256284,0,0,0,40,4449,299.906,16562.203125,,,,,,,,,,,,,0,,,,18.795187,,,,,,299.993927,,,,
,15569858.775,299.9942932,16497.0126953125,13.6315484197852,0.00401344465065658,1,0.999253354069792,40.0298881530762,1.99373780428809,11.6100003942847,74.0743993901662,14.5527098141671,250,0.145142445248015,13.6281746505283,0.202262477034296,299.993927,299.9946594,16436.80859375,16557.216796875,56.2037803038136,20.8385826618617,8.884414,0,0,0,40,4449,299.90735,16497.0126953125,,,,,,,,,,,,,0,,,,18.60928915,,,,,,299.9942932,,,,
,15569859.775,299.9950714,16396.8408203125,13.6299768846629,0.00386811433373858,1,0.999253354069792,40.0298881530762,1.99392520058332,11.6100003942847,74.0795197494853,14.5152859263202,250,0.138315775516024,13.6266316048142,0.195431146073815,299.9946594,299.9954834,16356.873046875,16436.80859375,56.4335790884675,20.8429362604163,8.512546,0,0,0,40,4449,299.9089,16396.8408203125,,,,,,,,,,,,,0,,,,18.4233913,,,,,,299.9950714,,,,
,15569860.765,299.99513245,16301.9228515625,13.6282753318437,0.00373756745271118,1,0.999253354069792,40.0298881530762,1.99407242825591,11.6100003942847,74.0791866833778,14.49519227561,250,0.134748559877862,13.6249452106703,0.191858559996968,299.9947815,299.9954834,16246.97265625,16356.873046875,56.3475999513521,20.8415327759554,9.256284,0,0,0,40,4449,299.90805,16301.9228515625,,,,,,,,,,,,,0,,,,18.4233913,,,,,,299.99513245,,,,
,15569861.875,299.99443055,16186.9702148438,13.6227892587511,0.00463829622864043,1,0.999253354069792,40.0298881530762,1.99378953563356,11.6100003942847,74.0298842107248,14.5371912368054,250,0.143846201288067,13.6194223331995,0.200932543549101,299.9940796,299.9947815,16126.9677734375,16246.97265625,56.3264959813329,20.8330116597988,8.512546,0,0,0,40,4449,299.90735,16186.9702148438,,,,,,,,,,,,,0,,,,18.4233913,,,,,,299.99443055,,,,
,15569863,299.99349975,16072.033203125,13.6156059899038,0.00352710768449939,1,0.999253354069792,40.0298881530762,1.99388125660287,11.6200000047684,73.9897376740462,14.5540757472481,250,0.148158247741545,13.6122228102058,0.205214528148877,299.9929199,299.9940796,16017.0986328125,16126.9677734375,56.5258112537367,20.8421322872705,8.884414,0,0,0,40,4449,299.9078,16072.033203125,,,,,,,,,,,,,0,,,,18.4233913,,,,,,299.99349975,,,,
,15569864.125,299.9940643,15962.1665039062,13.6176310114768,0.00410077078834009,1,0.999253354069792,40.0298881530762,1.99384232339328,11.6100003942847,74.0045077944191,14.5280457737535,250,0.14305241337699,13.614268455348,0.20011904722753,299.9929199,299.9952087,15907.234375,16017.0986328125,56.1826763337944,20.8495521698577,8.884414,0,0,0,40,4449,299.90845,15962.1665039062,,,,,,,,,,,,,0,,,,18.4233913,,,,,,299.9940643,,,,
,15569865.265,299.99464415,15847.3076171875,13.6182698938509,0.00521000659039177,1,0.999253354069792,40.0298881530762,1.99385719446427,11.6100003942847,74.0126373005092,14.5066063626498,250,0.138976584440418,13.6149239350662,0.196047380705131,299.9940796,299.9952087,15787.380859375,15907.234375,56.6735390438714,20.8368589298459,9.256284,0,0,0,40,4449,299.91005,15847.3076171875,,,,,,,,,,,,,0,,,,18.4233913,,,,,,299.99464415,,,,
,15569866.36,299.99362185,15737.4296875,13.6080466190426,0.00409920503709338,1,0.999253354069792,40.0298881530762,1.99398202552122,11.6100003942847,73.9636777296427,14.48535513017,250,0.136806148905605,13.6047122588091,0.193835356855551,299.9931641,299.9940796,15687.478515625,15787.380859375,56.1443765363521,20.8384349978142,9.256284,0,0,0,40,4449,299.9107,15737.4296875,,,,,,,,,,,,,0,,,,18.4233913,,,,,,299.99362185,,,,
,15569867.48,299.9924164,15627.6166992187,13.6076051571761,0.00445930810803831,1,0.999253354069792,40.0298881530762,1.99399114711435,11.6100003942847,73.9601078647898,14.4930563336855,250,0.13828942272935,13.6042651795688,0.195317347558913,299.9916687,299.9931641,15567.7548828125,15687.478515625,56.1303072230059,20.8417713318921,8.512546,0,0,0,40,4449,299.9112,15627.6166992187,,,,,,,,,,,,,0,,,,18.60928915,,,,,,299.9924164,,,,
,15569868.665,299.9922333,15507.9047851562,13.6050721890475,0.00527212412686641,1,0.999253354069792,40.0298881530762,1.99375820461036,11.6100003942847,73.9338914714582,14.5104251751068,250,0.14225101466731,13.601716075398,0.199268732300293,299.9916687,299.9927979,15448.0546875,15567.7548828125,56.5648926796983,20.8366751976888,9.256284,0,0,0,40,4449,299.9105,15507.9047851562,,,,,,,,,,,,,0,,,,18.795187,,,,,,299.9922333,,,,
,15569869.68,299.99232485,15408.0302734375,13.6004501910774,0.00469969744460326,1,0.999253354069792,40.0298881530762,1.99388289889187,11.6200000047684,73.9247401315884,14.4445753294989,250,0.130851301125062,13.5971426563012,0.187853000223861,299.9918518,299.9927979,15368.005859375,15448.0546875,56.5133051974291,20.840417240532,9.256284,0,0,0,40,4449,299.90975,15408.0302734375,,,,,,,,,,,,,0,,,,18.795187,,,,,,299.99232485,,,,
,15569870.68,299.99232485,15308.0766601562,13.6013236402244,0.00413620349004383,1,0.999253354069792,40.0298881530762,1.9938502106239,11.6100003942847,73.9207550929953,14.4859917326242,250,0.138337069239736,13.5979844449568,0.195341793461617,299.9918518,299.9927979,15248.1474609375,15368.005859375,55.6558587118328,20.8381613785658,9.256284,0,0,0,40,4449,299.90975,15308.0766601562,,,,,,,,,,,,,0,,,,18.795187,,,,,,299.99232485,,,,
,15569871.795,299.99273685,15193.2705078125,13.5979253465615,0.00378444976156476,1,0.999253354069792,40.0298881530762,1.9939205370262,11.6100003942847,73.907035634502,14.4709517603794,250,0.13611282450389,13.5945958608909,0.193104679199682,299.9926758,299.9927979,15138.3935546875,15248.1474609375,56.5281561392944,20.8385595750347,9.256284,0,0,0,40,4449,299.9101,15193.2705078125,,,,,,,,,,,,,0,,,,18.60928915,,,,,,299.99273685,,,,
,15569872.805,299.99261475,15093.3862304687,13.5935704408388,0.00371506909444941,1,0.999253354069792,40.0298881530762,1.9939903061771,11.6100003942847,73.8842372582493,14.4757048453394,250,0.137701969755711,13.590235175709,0.194675805050147,299.9925537,299.9926758,15048.37890625,15138.3935546875,56.7157469839098,20.8395704223911,9.256284,0,0,0,40,4449,299.9115,15093.3862304687,,,,,,,,,,,,,0,,,,18.4233913,,,,,,299.99261475,,,,
,15569873.775,299.99243165,14998.455078125,13.5961441765308,0.00394579802768474,1,0.999253354069792,40.0298881530762,1.99405857598485,11.6100003942847,73.9063533625946,14.4484021232737,250,0.132121584195946,13.5928318028777,0.189108077502262,299.9923096,299.9925537,14948.53125,15048.37890625,56.2483331294098,20.8448674622881,8.512546,0,0,0,40,4449,299.91195,14998.455078125,,,,,,,,,,,,,0,,,,18.60928915,,,,,,299.99243165,,,,
,15569874.75,299.99235535,14898.5883789062,13.5866986410798,0.00404388164637018,1,0.999253354069792,40.0298881530762,1.99393353872945,11.6200000047684,73.8362517805396,14.5142880191351,250,0.146133842743344,13.5833293583419,0.203078861191954,299.9923096,299.9924011,14848.6455078125,14948.53125,55.4221517845828,20.8479454553296,9.256284,0,0,0,40,4449,299.9115,14898.5883789062,,,,,,,,,,,,,0,,,,18.795187,,,,,,299.99235535,,,,
,15569875.775,299.99298095,14793.8544921875,13.5857318069711,0.00519438921962472,1,0.999253354069792,40.0298881530762,1.99388465616683,11.6100003942847,73.8411460444759,14.4486483387705,250,0.134321254937681,13.5824118332398,0.191265628314684,299.9924011,299.9935608,14739.0634765625,14848.6455078125,56.2960124690829,20.8415416194955,9.256284,0,0,0,40,4449,299.91105,14793.8544921875,,,,,,,,,,,,,0,,,,18.795187,,,,,,299.99298095,,,,
,15569876.885,299.99305725,14684.1547851562,13.583553492869,0.00452525466188591,1,0.999253354069792,40.0298881530762,1.99397307474689,11.6200000047684,73.8285584243093,14.4682002698884,250,0.138200099057403,13.5802175589645,0.195135463268562,299.9925537,299.9935608,14629.24609375,14739.0634765625,57.166746639506,20.84677058509,9.256284,0,0,0,40,4449,299.91125,14684.1547851562,,,,,,,,,,,,,0,,,,18.795187,,,,,,299.99305725,,,,
,15569878.085,299.99316405,14564.3466796875,13.577731864245,0.00367632199529681,1,0.999253354069792,40.0298881530762,1.99381827127608,11.6100003942847,73.7949400718193,14.4414387258341,250,0.134564984362357,13.5744122096137,0.191477537021603,299.9925537,299.9937744,14499.447265625,14629.24609375,56.7837486650829,20.8381093638227,9.256284,0,0,0,40,4449,299.91205,14564.3466796875,,,,,,,,,,,,,0,,,,18.60928915,,,,,,299.99316405,,,,
,15569879.215,299.99342345,14454.453125,13.5767032720629,0.00376783963385213,1,0.999253354069792,40.0298881530762,1.99394090580812,11.6100003942847,73.7954084516592,14.4323927539915,250,0.132934772317329,13.5733904568941,0.189844050111691,299.9930725,299.9937744,14409.458984375,14499.447265625,56.7110572127945,20.8458928366214,8.512546,0,0,0,40,4449,299.91315,14454.453125,,,,,,,,,,,,,0,,,,18.4233913,,,,,,299.99342345,,,,
,15569880.31,299.99345395,14349.5366210938,13.568407381665,0.00455745225064687,1,0.999253354069792,40.0298881530762,1.99400978327734,11.6200000047684,73.7537441253243,14.4189665355198,250,0.13191731389315,13.5651004006961,0.188792952483056,299.9930725,299.9938354,14289.6142578125,14409.458984375,56.2280107879098,20.8351572180408,8.512546,0,0,0,40,4449,299.913,14349.5366210938,,,,,,,,,,,,,0,,,,18.60928915,,,,,,299.99345395,,,,
,15569881.36,299.99334715,14244.6987304687,13.5631693124353,0.00385649210781226,1,0.999253354069792,40.0298881530762,1.99393417487057,11.6100003942847,73.7141359897203,14.4582214812593,250,0.14019445451018,13.5598286307508,0.19704742286506,299.9928589,299.9938354,14199.783203125,14289.6142578125,56.9306948266983,20.8397720519484,8.884414,0,0,0,40,4449,299.9127,14244.6987304687,,,,,,,,,,,,,0,,,,18.60928915,,,,,,299.99334715,,,,
,15569882.33,299.9932556,14144.7836914062,13.564827213362,0.00340617522372959,1,0.999253354069792,40.0298881530762,1.99389638529444,11.6200000047684,73.7282006238285,14.4251171124905,250,0.133855701006581,13.5615127318816,0.190717774447062,299.9928589,299.9936523,14089.7841796875,14199.783203125,56.3874630058329,20.8445545716602,8.884414,0,0,0,40,4449,299.9127,14144.7836914062,,,,,,,,,,,,,0,,,,18.60928915,,,,,,299.9932556,,,,
,15569883.475,299.99319455,14029.9477539062,13.5577494266974,0.00388761507813807,1,0.999253354069792,40.0298881530762,1.99373230122,11.6100003942847,73.6832491944585,14.4195042619928,250,0.13434895567211,13.5544342516646,0.191182103865628,299.9927368,299.9936523,13970.111328125,14089.7841796875,57.2871174314676,20.844185367308,8.884414,0,0,0,40,4449,299.9133,14029.9477539062,,,,,,,,,,,,,0,,,,18.795187,,,,,,299.99319455,,,,
,15569884.535,299.9927368,13925.2094726563,13.555729173976,0.00383265851782469,1,0.999253354069792,40.0298881530762,1.99373230122,11.6100003942847,73.6718539241176,14.4196016828596,250,0.134740624802391,13.5524129090335,0.191566026561347,299.9927368,299.9927368,13880.3076171875,13970.111328125,56.7759323798906,20.844185367308,8.884414,0,0,0,40,4449,299.91375,13925.2094726563,,,,,,,,,,,,,0,,,,18.60928915,,,,,,299.9927368,,,,
,15569885.615,299.9929657,13815.4008789062,13.5497548085148,0.00405979118684095,1,0.999253354069792,40.0298881530762,1.99379325526395,11.6100003942847,73.6439264388992,14.4010145706758,250,0.132355050516602,13.5464495576816,0.189156711736913,299.9927368,299.9931946,13750.494140625,13880.3076171875,57.7373354585446,20.8390904330459,9.256284,0,0,0,40,4449,299.91425,13815.4008789062,,,,,,,,,,,,,0,,,,18.60928915,,,,,,299.9929657,,,,
,15569886.74,299.9933777,13700.4848632812,13.5438224632268,0.00347575346684252,1,0.999253354069792,40.0298881530762,1.99392590097874,11.6200000047684,73.6110155279961,14.4249864042788,250,0.137684861889112,13.5404957463672,0.194461589758499,299.9931946,299.9935608,13650.4755859375,13750.494140625,55.6425710270059,20.8429121038864,8.884414,0,0,0,40,4449,299.91405,13700.4848632812,,,,,,,,,,,,,0,,,,18.60928915,,,,,,299.9933777,,,,
,15569887.715,299.99316405,13605.576171875,13.5441124524104,0.0041333987695877,1,0.999253354069792,40.0298881530762,1.9939956573596,11.6100003942847,73.6157918234675,14.4220694945259,250,0.1370041631093,13.5407885400694,0.193783161805365,299.9927673,299.9935608,13560.6767578125,13650.4755859375,56.4234179177175,20.8423139256729,8.512546,0,0,0,40,4449,299.9136,13605.576171875,,,,,,,,,,,,,0,,,,18.4233913,,,,,,299.99316405,,,,
,15569888.74,299.9929199,13505.7104492187,13.5446896655636,0.00316481610196609,1,0.999253354069792,40.0298881530762,1.99390436339791,11.6200000047684,73.6169197650636,14.415157084611,250,0.135745445508555,13.5413709887093,0.192527575091398,299.9927673,299.9930725,13450.744140625,13560.6767578125,56.1936191330636,20.8374444652927,8.512546,0,0,0,40,4449,299.9154,13505.7104492187,,,,,,,,,,,,,0,,,,18.4233913,,,,,,299.9929199,,,,
,15569889.68,299.9930725,13410.8125,13.5437823322219,0.00376344380523594,1,0.999253354069792,40.0298881530762,1.99406315084498,11.6100003942847,73.6245991015898,14.3781189732189,250,0.128906144944926,13.5404923802801,0.185686500118693,299.9930725,299.9930725,13370.880859375,13450.744140625,56.5289377678137,20.8414583338004,8.512546,0,0,0,40,4449,299.91615,13410.8125,,,,,,,,,,,,,0,,,,18.4233913,,,,,,299.9930725,,,,
,15569890.595,299.99287415,13320.9819335938,13.5446235781174,0.00413875705771521,1,0.999253354069792,40.0298881530762,1.99397712683063,11.6100003942847,73.6199057423937,14.411679757992,250,0.135023307797158,13.5413077886149,0.191806964687683,299.9926758,299.9930725,13271.0830078125,13370.880859375,56.6625962446021,20.8330477452776,9.256284,0,0,0,40,4449,299.91505,13320.9819335938,,,,,,,,,,,,,0,,,,18.51588535,,,,,,299.99287415,,,,
,15569891.725,299.99343875,13205.62890625,13.5352985481707,0.00398849532035168,1,0.999253354069792,40.0298881530762,1.99389355688722,11.6100003942847,73.5694591456154,14.3836602883784,250,0.131713777333689,13.5319981281215,0.1884601406435,299.9926758,299.9942017,13140.1748046875,13271.0830078125,56.333530638006,20.8438597582659,8.512546,0,0,0,40,4449,299.9143,13205.62890625,,,,,,,,,,,,,0,,,,18.7017832,,,,,,299.99343875,,,,
,15569892.835,299.9937592,13090.1860351562,13.5360662842356,0.00393429560255529,1,0.999253354069792,40.0298881530762,1.99399745035902,11.6100003942847,73.5729771824698,14.4088873785041,250,0.136069056490203,13.5327471846229,0.192818646511279,299.9933167,299.9942017,13040.197265625,13140.1748046875,56.9908802226791,20.8423144700881,9.256284,0,0,0,40,4449,299.9147,13090.1860351562,,,,,,,,,,,,,0,,,,18.60928915,,,,,,299.9937592,,,,
,15569893.915,299.9929657,12985.26953125,13.5302007277803,0.00360222369931543,1,0.999253354069792,40.0298881530762,1.99384106363555,11.6100003942847,73.5327185607083,14.416405340968,250,0.138738948112512,13.5268719393825,0.195464110714894,299.9926147,299.9933167,12930.341796875,13040.197265625,56.5375356815252,20.8434792197812,8.884414,0,0,0,40,4449,299.9155,12985.26953125,,,,,,,,,,,,,0,,,,18.4233913,,,,,,299.9929657,,,,
,15569895.11,299.9926147,12865.3696289062,13.5295313580293,0.00446488412658835,1,0.999253354069792,40.0298881530762,1.99405582990372,11.6100003942847,73.5410027235644,14.3945552410472,250,0.134571378135017,13.5262202263797,0.191295844014037,299.9926147,299.9926147,12800.3974609375,12930.341796875,56.2835064127752,20.8374299056626,9.256284,0,0,0,40,4449,299.9144,12865.3696289062,,,,,,,,,,,,,0,,,,18.60928915,,,,,,299.9926147,,,,
,15569896.19,299.9920654,12755.4555664062,13.5271643483669,0.00452289996662878,1,0.999253354069792,40.0298881530762,1.99381422800876,11.6200000047684,73.5177830512155,14.3993380142466,250,0.136199946373541,13.5238470364255,0.192915120300783,299.9915161,299.9926147,12710.513671875,12800.3974609375,56.7032409276022,20.8418484084861,8.512546,0,0,0,40,4449,299.91425,12755.4555664062,,,,,,,,,,,,,0,,,,18.60928915,,,,,,299.9920654,,,,
,15569898.5,299.9914856,12525.6391601562,13.5211333906491,0.00401181120026767,1,0.999253354069792,40.0298881530762,1.99415135516775,11.6100003942847,73.4978610514197,14.39129646067,250,0.135404046255006,13.5178207501365,0.192095769225231,299.9914856,299.9914856,12520.7099609375,12530.568359375,56.1279623374482,20.8418385756334,8.512546,0,0,0,40,4449,299.9154,12525.6391601562,,,,,,,,,,,,,0,,,,18.795187,,,,,,299.9914856,,,,
,15569899.18,299.99180605,12460.7827148438,13.5190500312971,0.00463504789640302,1,0.999253354069792,40.0298881530762,1.99420811826058,11.6100003942847,73.4892631370229,14.3857644071733,250,0.134700683790198,13.5157405411936,0.191384398327599,299.9914856,299.9921265,12400.85546875,12520.7099609375,56.2459882438521,20.8402502016092,9.256284,0,0,0,40,4449,299.9152,12460.7827148438,,,,,,,,,,,,,0,,,,18.60928915,,,,,,299.99180605,,,,
,15569900.335,299.9918671,12345.9677734375,13.5149649157584,0.00434224463425633,1,0.999253354069792,40.0298881530762,1.99410109192468,11.6100003942847,73.4597083370868,14.3995590494349,250,0.13812866636519,13.5116417528364,0.194795400687522,299.9916077,299.9921265,12291.080078125,12400.85546875,56.3694855498906,20.8485952324218,8.884414,0,0,0,40,4449,299.9157,12345.9677734375,,,,,,,,,,,,,0,,,,18.60928915,,,,,,299.9918671,,,,
,15569901.42,299.9923401,12236.1762695313,13.5117040443184,0.00422942224013544,1,0.999253354069792,40.0298881530762,1.99391279861964,11.6100003942847,73.4317997138952,14.4132117982464,250,0.141483248538673,13.508367143534,0.19813647251848,299.9916077,299.9930725,12181.2724609375,12291.080078125,56.9275683126214,20.8395642036326,9.256284,0,0,0,40,4449,299.916,12236.1762695313,,,,,,,,,,,,,0,,,,18.795187,,,,,,299.9923401,,,,
,15569902.465,299.99298095,12131.3168945313,13.505744298334,0.00481052992582012,1,0.999253354069792,40.0298881530762,1.99396116186036,11.6100003942847,73.4101000432604,14.358894647774,250,0.132550027639645,13.502445666152,0.189180970304316,299.9928894,299.9930725,12081.361328125,12181.2724609375,56.7696793517368,20.837389541634,8.884414,0,0,0,40,4449,299.91585,12131.3168945313,,,,,,,,,,,,,0,,,,18.7017832,,,,,,299.99298095,,,,
,15569903.57,299.99232485,12021.3891601562,13.5057236077845,0.0042212686945428,1,0.999253354069792,40.0298881530762,1.99408753025404,11.6100003942847,73.4097763668232,14.3853673166741,250,0.137251238608023,13.5024054929799,0.193881995475534,299.9917603,299.9928894,11961.4169921875,12081.361328125,56.2014354182559,20.8385711948096,9.256284,0,0,0,40,4449,299.91615,12021.3891601562,,,,,,,,,,,,,0,,,,18.7017832,,,,,,299.99232485,,,,
,15569904.595,299.99185185,11916.4555664062,13.5001927954216,0.00442946998116641,1,0.999253354069792,40.0298881530762,1.99408753025404,11.6200000047684,73.3858950065572,14.3461467013316,250,0.131073922079089,13.4969018734181,0.187683485530754,299.9917603,299.9919434,11871.494140625,11961.4169921875,55.9911773465829,20.8385711948096,8.884414,0,0,0,40,4449,299.9167,11916.4555664062,,,,,,,,,,,,,0,,,,18.795187,,,,,,299.99185185,,,,
,15569905.64,299.99159245,11811.5209960938,13.4995208685327,0.00332758648021955,1,0.999253354069792,40.0298881530762,1.99405271611866,11.6100003942847,73.3704381749307,14.4021133331611,250,0.141519830344766,13.4961862951757,0.198125328680599,299.9912415,299.9919434,11751.5478515625,11871.494140625,56.4906379703714,20.8333042464282,8.512546,0,0,0,40,4449,299.9167,11811.5209960938,,,,,,,,,,,,,0,,,,18.795187,,,,,,299.99159245,,,,
,15569906.775,299.9919281,11701.5805664062,13.4932163852149,0.00333457980336915,1,0.999253354069792,40.0298881530762,1.99428960832049,11.6100003942847,73.3564192978416,14.3336668787336,250,0.129814049524502,13.4899319304485,0.186396441362601,299.9912415,299.9926147,11651.61328125,11751.5478515625,56.1420316507944,20.8424244565409,9.256284,0,0,0,40,4449,299.91645,11701.5805664062,,,,,,,,,,,,,0,,,,18.7017832,,,,,,299.9919281,,,,
,15569907.775,299.9927368,11601.5883789062,13.4968712261115,0.00373836728214219,1,0.999253354069792,40.0298881530762,1.9939417680324,11.5999998524785,73.3621421076969,14.3440995452801,250,0.131498942265853,13.4935784516,0.188097315685269,299.9926147,299.9928589,11551.5634765625,11651.61328125,57.545836471333,20.8436090361379,8.512546,0,0,0,40,4449,299.9157,11601.5883789062,,,,,,,,,,,,,0,,,,18.51588535,,,,,,299.9927368,,,,
,15569909.61,299.9928589,11416.814453125,13.4853257946798,0.00372843974371455,1,0.999253354069792,40.0298881530762,1.99420759852935,11.6100003942847,73.3116516157552,14.3189249314602,250,0.12867396766112,13.4820470539152,0.185225433632486,299.9928589,299.9928589,11411.8115234375,11421.8173828125,56.391371148429,20.8390556756534,9.256284,0,0,0,40,4449,299.91825,11416.814453125,,,,,,,,,,,,,0,,,,18.4233913,,,,,,299.9928589,,,,
,15569911.135,299.9922791,11267.0366210938,13.4789291406409,0.00392377148390141,1,0.999253354069792,40.0298881530762,1.99410725200389,11.6100003942847,73.27100606552,14.3237072101766,250,0.130865156717274,13.4756425726631,0.187391413302124,299.9922791,299.9922791,11262.05859375,11272.0146484375,56.2475515008906,20.8440453969698,9.256284,0,0,0,40,4449,299.9145,11267.0366210938,,,,,,,,,,,,,0,,,,18.795187,,,,,,299.9922791,,,,
,15569911.73,299.99206545,11207.0952148438,13.4811532474682,0.00397871510915685,1,0.999253354069792,40.0298881530762,1.99405032860294,11.6100003942847,73.2843230631929,14.3080586783316,250,0.127651819708645,13.4778797610136,0.184188576861767,299.9918518,299.9922791,11152.1318359375,11262.05859375,55.7144808507751,20.8390751904242,8.884414,0,0,0,40,4449,299.9144,11207.0952148438,,,,,,,,,,,,,0,,,,18.795187,,,,,,299.99206545,,,,
,15569912.775,299.9920807,11102.0913085938,13.4816716270441,0.00404620160851975,1,0.999253354069792,40.0298881530762,1.99411121581966,11.6100003942847,73.2910032456812,14.299968929108,250,0.125991163803956,13.4784049070044,0.182531261429013,299.9918518,299.9923096,11052.05078125,11152.1318359375,56.1490663074675,20.8375187051359,8.884414,0,0,0,40,4449,299.91455,11102.0913085938,,,,,,,,,,,,,0,,,,18.795187,,,,,,299.9920807,,,,
,15569913.845,299.99247745,10997.0971679688,13.4698363212219,0.00478661826502356,1,0.999253354069792,40.0298881530762,1.99413564994956,11.6100003942847,73.2215475593913,14.3198801189222,250,0.13181018393484,13.4665473413196,0.188299919672825,299.9923096,299.9926453,10942.1435546875,11052.05078125,56.2538045290444,20.8369656403136,8.884414,0,0,0,40,4449,299.91625,10997.0971679688,,,,,,,,,,,,,0,,,,18.795187,,,,,,299.99247745,,,,
,15569914.805,299.99250795,10902.1430664062,13.4717444981978,0.00450529194281877,1,0.999253354069792,40.0298881530762,1.99426863658287,11.6200000047684,73.2425420933533,14.2912359811003,250,0.126026362714117,13.4684794299658,0.182524841011965,299.9923706,299.9926453,10862.142578125,10942.1435546875,56.3569794935829,20.8400427503402,9.256284,0,0,0,40,4449,299.9217,10902.1430664062,,,,,,,,,,,,,0,,,,18.60928915,,,,,,299.99250795,,,,
,15569915.835,299.99249265,10797.2006835938,13.4508400060745,0.00413212711945678,1,0.999253354069792,40.0298881530762,1.99396591828603,11.6100003942847,73.1142149287546,14.2877234805038,250,0.129645964586793,13.4475639999046,0.186056040441817,299.9923706,299.9926147,10732.2587890625,10862.142578125,57.3770047111791,20.8347151286506,9.256284,0,0,0,40,4449,299.92535,10797.2006835938,,,,,,,,,,,,,0,,,,18.60928915,,,,,,299.99249265,,,,
,15569917.04,299.9915466,10677.3251953125,13.4460765294063,0.00370506532578215,1,0.999253354069792,40.0298881530762,1.99380494446103,11.6100003942847,73.082500063861,14.2819257658152,250,0.129669828433554,13.442801742317,0.18606101565153,299.9904785,299.9926147,10622.3916015625,10732.2587890625,56.6500901882945,20.8387884594917,8.884414,0,0,0,40,4449,299.9248,10677.3251953125,,,,,,,,,,,,,0,,,,18.60928915,,,,,,299.9915466,,,,
,15569918.08,299.99069215,10572.3920898438,13.438152519011,0.00387158048063705,1,0.999253354069792,40.0298881530762,1.99411344732771,11.6100003942847,73.055147169502,14.2503383667352,250,0.12494235927181,13.4348995165921,0.18130204794727,299.9904785,299.9909058,10522.392578125,10622.3916015625,56.279598270179,20.8433289107676,9.256284,0,0,0,40,4449,299.9251,10572.3920898438,,,,,,,,,,,,,0,,,,18.60928915,,,,,,299.99069215,,,,
,15569919.905,299.9910889,10387.5009765625,13.4354182698457,0.00445499725865914,1,0.999253354069792,40.0298881530762,1.99439976170434,11.6100003942847,73.0535916412585,14.2327860560659,250,0.121858853053563,13.4321783841092,0.178209386322471,299.9910889,299.9910889,10382.51953125,10392.482421875,57.0932735586983,20.8410053196789,8.884414,0,0,0,40,4449,299.9242,10387.5009765625,,,,,,,,,,,,,0,,,,18.795187,,,,,,299.9910889,,,,
,15569920.54,299.9910431,10322.5205078125,13.4275533879062,0.00513770121487296,1,0.999253354069792,40.0298881530762,1.99430180283512,11.6100003942847,73.0080196692679,14.2200578822898,250,0.12110453105597,13.4243182009161,0.177423028766028,299.9909973,299.9910889,10262.521484375,10382.51953125,56.770460980256,20.8460107470161,9.256284,0,0,0,40,4449,299.9229,10322.5205078125,,,,,,,,,,,,,0,,,,18.795187,,,,,,299.9910431,,,,
,15569921.63,299.9906616,10212.50390625,13.4164186375643,0.00310271405282574,1,0.999253354069792,40.0298881530762,1.99445646619376,11.6100003942847,72.9608111469232,14.1671824704748,250,0.113262953511718,13.4132186899275,0.169537407633597,299.9903259,299.9909973,10162.486328125,10262.521484375,56.8564401173714,20.8428201588533,9.256284,0,0,0,40,4449,299.922,10212.50390625,,,,,,,,,,,,,0,,,,18.795187,,,,,,299.9906616,,,,
,15569922.62,299.99098205,10117.5708007813,13.4022165784625,0.00453424169215531,1,0.999253354069792,40.0298881530762,1.99433133063962,11.6100003942847,72.8807127747265,14.1427218662287,250,0.111563712398893,13.399026413754,0.167779609518751,299.9903259,299.9916382,10072.6552734375,10162.486328125,56.5305010248521,20.8346849128824,9.256284,0,0,0,40,4449,299.9223,10117.5708007813,,,,,,,,,,,,,0,,,,18.795187,,,,,,299.99098205,,,,
,15569923.78,299.9924164,10002.6142578125,13.3873142433674,0.00299314695493328,1,0.999253354069792,40.0298881530762,1.99489267381809,11.6100003942847,72.8277708724756,14.0870593493918,250,0.103396255389777,13.3841605375172,0.159552530924842,299.9916382,299.9931946,9932.5732421875,10072.6552734375,56.6602513590445,20.8253643660695,9.256284,0,0,0,40,4449,299.92075,10002.6142578125,,,,,,,,,,,,,0,,,,18.60928915,,,,,,299.9924164,,,,
,15569925.04,299.9919739,9872.31640625,13.3782970906702,0.00303915220288288,1,0.999253354069792,40.0298881530762,1.99519806052159,11.6100003942847,72.7958711263435,14.0457398871717,250,0.0970976953293761,13.3751717260076,0.153218750562191,299.9907532,299.9931946,9812.0595703125,9932.5732421875,56.6368025034675,20.8132901376782,9.256284,0,0,0,40,4449,299.9194,9872.31640625,,,,,,,,,,,,,0,,,,18.4233913,,,,,,299.9919739,,,,
,15569926.165,299.99180605,9762.0185546875,13.3679032423855,0.00385921951194527,1,0.999253354069792,40.0298881530762,1.99513353680194,11.6100003942847,72.7384799824897,14.0265183771203,250,0.0955774920162215,13.3647863519155,0.151656193079295,299.9907532,299.9928589,9711.9775390625,9812.0595703125,56.7610814380252,20.8153331387032,9.256284,0,0,0,40,4449,299.91905,9762.0185546875,,,,,,,,,,,,,0,,,,18.4233913,,,,,,299.99180605,,,,
,15569927.32,299.9918213,9647.02978515625,13.3654109036068,0.0031561760007716,1,0.999253354069792,40.0298881530762,1.99501797162897,11.6100003942847,72.7179914109998,14.0383171403525,250,0.0983495248598485,13.3622827584754,0.154418357328807,299.9907837,299.9928589,9582.08203125,9711.9775390625,56.353852979506,20.8225176433908,8.512546,0,0,0,40,4449,299.91795,9647.02978515625,,,,,,,,,,,,,0,,,,18.4233913,,,,,,299.9918213,,,,
,15569928.47,299.9912262,9532.09619140625,13.3609743753106,0.00310273252201589,1,0.999253354069792,40.0298881530762,1.99520792099427,11.6100003942847,72.7009606682953,14.0330248454542,250,0.0979604576981617,13.3578489265776,0.154012004675494,299.9907837,299.9916687,9482.1103515625,9582.08203125,56.7141837268714,20.8229446317813,9.256284,0,0,0,40,4449,299.9164,9532.09619140625,,,,,,,,,,,,,0,,,,18.60928915,,,,,,299.9912262,,,,
,15569929.49,299.9914398,9432.02587890625,13.3571295703597,0.00232705403653578,1,0.999253354069792,40.0298881530762,1.9951559233781,11.6100003942847,72.6808049835061,14.0145405256546,250,0.0953455678982007,13.3540156890503,0.151382297811206,299.9912109,299.9916687,9381.94140625,9482.1103515625,56.5883415352752,20.8246809287497,8.884414,0,0,0,40,4449,299.9164,9432.02587890625,,,,,,,,,,,,,0,,,,18.60928915,,,,,,299.9914398,,,,
,15569930.56,299.9918823,9322.02734375,13.3450739004363,0.00313917641899533,1,0.999253354069792,40.0298881530762,1.99511672425384,11.6100003942847,72.6084926822592,14.0303179622203,250,0.100525683933622,13.3419404647562,0.156511208730234,299.9912109,299.9925537,9262.11328125,9381.94140625,56.7618630665445,20.8236568359985,9.256284,0,0,0,40,4449,299.9183,9322.02734375,,,,,,,,,,,,,0,,,,18.60928915,,,,,,299.9918823,,,,
,15569931.68,299.99186705,9207.10009765625,13.3140773848797,0.00440908154167213,1,0.999253354069792,40.0298881530762,1.99532452762263,11.6100003942847,72.4454598966573,14.0085378040221,250,0.102013733772464,13.3109438935964,0.157869979129754,299.9911804,299.9925537,9152.0869140625,9262.11328125,56.668849272756,20.8156084045299,8.512546,0,0,0,40,4449,299.91735,9207.10009765625,,,,,,,,,,,,,0,,,,18.60928915,,,,,,299.99186705,,,,
,15569932.68,299.9910278,9107.1494140625,13.2348874280585,0.00438212727689636,1,0.999253354069792,40.0298881530762,1.99514746605758,11.6100003942847,71.9973031811535,13.9835207092279,250,0.112327599540336,13.2317270291445,0.167850565162108,299.9908752,299.9911804,9062.2119140625,9152.0869140625,56.3898078913906,20.823897930599,9.256284,0,0,0,40,4449,299.9156,9107.1494140625,,,,,,,,,,,,,0,,,,18.4233913,,,,,,299.9910278,,,,
,15569933.735,299.9911346,9002.3115234375,13.1946445781087,0.0031989104977654,1,0.999253354069792,40.0298881530762,1.9951037202969,11.6100003942847,71.7712517956076,13.97088526597,250,0.117524665983164,13.1914703909111,0.172878629073611,299.9908752,299.991394,8942.4111328125,9062.2119140625,56.411693489929,20.8182828989554,8.884414,0,0,0,40,4449,299.91495,9002.3115234375,,,,,,,,,,,,,0,,,,18.51588535,,,,,,299.9911346,,,,
,15569934.845,299.9919128,8892.4140625,13.1751611980051,0.00374599870645341,1,0.999253354069792,40.0298881530762,1.99514194507804,11.6100003942847,71.6690075460044,13.9375842222355,250,0.114977105429526,13.1720012184762,0.170250424688413,299.991394,299.9924316,8842.4169921875,8942.4111328125,56.6399290175445,20.8183379773346,8.884414,0,0,0,40,4449,299.916,8892.4140625,,,,,,,,,,,,,0,,,,18.51588535,,,,,,299.9919128,,,,
,15569935.94,299.99153135,8782.42431640625,13.1684486223237,0.00370485316173403,1,0.999253354069792,40.0298881530762,1.99512411827988,11.6100003942847,71.6390941648129,13.8914021176312,250,0.107767376431241,13.1653203937754,0.163014538197769,299.9906311,299.9924316,8722.431640625,8842.4169921875,56.5734905934098,20.8231365528305,8.884414,0,0,0,40,4449,299.91735,8782.42431640625,,,,,,,,,,,,,0,,,,18.4233913,,,,,,299.99153135,,,,
,15569937.09,299.99031065,8667.412109375,13.1614612300009,0.00441158128580398,1,0.999253354069792,40.0298881530762,1.99506247499508,11.6100003942847,71.5891435805016,13.9363753541679,250,0.11739327112851,13.1582945057261,0.172610166598085,299.9899902,299.9906311,8612.392578125,8722.431640625,56.7548284098714,20.8218813979026,9.256284,0,0,0,40,4449,299.91675,8667.412109375,,,,,,,,,,,,,0,,,,18.60928915,,,,,,299.99031065,,,,
,15569938.195,299.9904022,8557.40087890625,13.1606797700441,0.00350626632582838,1,0.999253354069792,40.0298881530762,1.9951122700828,11.6100003942847,71.5953780888569,13.888732210556,250,0.108730873529265,13.157549440665,0.163946977184006,299.9899902,299.9908142,8502.4091796875,8612.392578125,56.5742722219291,20.8253042702101,8.884414,0,0,0,40,4449,299.91725,8557.40087890625,,,,,,,,,,,,,0,,,,18.795187,,,,,,299.9904022,,,,
,15569939.24,299.9908142,8452.4599609375,13.1555742593798,0.00365883083566521,1,0.999253354069792,40.0298881530762,1.99512985076867,11.6100003942847,71.5628605944075,13.9123489324892,250,0.113989448558274,13.152422607138,0.169183892542559,299.9908142,299.9908142,8402.5107421875,8502.4091796875,56.5414438241214,20.8197940593418,9.256284,0,0,0,40,4449,299.91705,8452.4599609375,,,,,,,,,,,,,0,,,,18.795187,,,,,,299.9908142,,,,
,15569940.335,299.9908142,8342.49560546875,13.1505953773583,0.00348816979810877,1,0.999253354069792,40.0298881530762,1.9950968300082,11.6100003942847,71.5338717368252,13.9109049958935,250,0.114687844761619,13.1474416952762,0.169862288288562,299.9908142,299.9908142,8282.48046875,8402.5107421875,56.7790588939676,20.8280094315668,9.256284,0,0,0,40,4449,299.9161,8342.49560546875,,,,,,,,,,,,,0,,,,18.7017832,,,,,,299.9908142,,,,
,15569942.355,299.9886169,8142.82666015625,13.1308345433523,0.00533433672315194,1,0.999253354069792,40.0298881530762,1.99453765006281,11.6100003942847,71.3956492816392,13.9467140088078,250,0.125622832382755,13.127639923365,0.180713237547355,299.9886169,299.9886169,8132.8037109375,8152.849609375,56.5836517641598,20.8277762568035,8.884414,0,0,0,40,4449,299.9179,8142.82666015625,,,,,,,,,,,,,0,,,,18.4233913,,,,,,299.9886169,,,,
,15569943.01,299.9894104,8077.82666015625,13.1165426656608,0.00643348718626002,1,0.999253354069792,40.0298881530762,1.99504548956556,11.6100003942847,71.3406545033937,13.9079563671296,250,0.1205232839157,13.1133719056466,0.175555337296175,299.9886169,299.9902039,8022.849609375,8132.8037109375,56.3225878387367,20.8205505206064,8.884414,0,0,0,40,4449,299.91735,8077.82666015625,,,,,,,,,,,,,0,,,,18.4233913,,,,,,299.9894104,,,,
,15569944.07,299.98973085,7972.91357421875,13.1288397669546,0.00539119473265587,1,0.999253354069792,40.0298881530762,1.99477998008074,11.6100003942847,71.4157681513421,13.8248351066444,250,0.103314888258687,13.1257384811664,0.158403045254922,299.9892578,299.9902039,7922.9775390625,8022.849609375,56.6328943608714,20.8241741042352,8.884414,0,0,0,40,4449,299.9164,7972.91357421875,,,,,,,,,,,,,0,,,,18.4233913,,,,,,299.98973085,,,,
,15569945.155,299.9895935,7862.966796875,13.1394931600094,0.00385768823255276,1,0.999253354069792,40.0298881530762,1.99500474189792,11.6100003942847,71.4741558047469,13.8775538342467,250,0.11073609177885,13.1363585163627,0.165868488671827,299.9892578,299.9899292,7802.9560546875,7922.9775390625,56.4288893173521,20.8259679362176,8.884414,0,0,0,40,4449,299.91545,7862.966796875,,,,,,,,,,,,,0,,,,18.60928915,,,,,,299.9895935,,,,
,15569946.225,299.98983765,7757.97119140625,13.1169149051493,0.00562320428318118,1,0.999253354069792,40.0298881530762,1.99493336655349,11.6100003942847,71.3403941691757,13.8988168085882,250,0.118913975000889,13.1137503374914,0.173950551838541,299.9897461,299.9899292,7712.986328125,7802.9560546875,56.689171614256,20.8230534950077,8.884414,0,0,0,40,4449,299.9162,7757.97119140625,,,,,,,,,,,,,0,,,,18.60928915,,,,,,299.98983765,,,,
,15569947.17,299.9897461,7663.017578125,13.100218419894,0.0046363757015645,1,0.999253354069792,40.0298881530762,1.9949941997411,11.6100003942847,71.2541437165457,13.8683766133216,250,0.116346328589633,13.0970680064625,0.1713139150155,299.9897461,299.9897461,7613.048828125,7712.986328125,56.5086154263137,20.8266838356127,9.256284,0,0,0,40,4449,299.9168,7663.017578125,,,,,,,,,,,,,0,,,,18.60928915,,,,,,299.9897461,,,,
,15569948.225,299.98947145,7558.07983398438,13.0963652920364,0.00500525514190164,1,0.999253354069792,40.0298881530762,1.99481384423716,11.6100003942847,71.2228472585103,13.8849751095113,250,0.120331364527437,13.0931989891817,0.175282690157187,299.9891968,299.9897461,7503.11083984375,7613.048828125,56.7665528376599,20.8266542035467,8.884414,0,0,0,40,4449,299.91705,7558.07983398438,,,,,,,,,,,,,0,,,,18.7017832,,,,,,299.98947145,,,,
,15569949.345,299.9894867,7448.11059570312,13.1053833098521,0.00514181025073312,1,0.999253354069792,40.0298881530762,1.99498682699339,11.6100003942847,71.2833781495676,13.8662524663814,250,0.115006832809605,13.1022374841515,0.169997419145204,299.9891968,299.9897766,7393.1103515625,7503.11083984375,56.6430555316214,20.8279182380977,8.884414,0,0,0,40,4449,299.9193,7448.11059570312,,,,,,,,,,,,,0,,,,18.51588535,,,,,,299.9894867,,,,
,15569950.47,299.989624,7333.15502929688,13.1162020751395,0.00331120749747673,1,0.999253354069792,40.0298881530762,1.99510631740517,11.6100003942847,71.3520245273098,13.8481181499879,250,0.109522884211158,13.1130769123879,0.164560878088233,299.9894714,299.9897766,7273.19970703125,7393.1103515625,56.445303516256,20.81986608932,9.256284,0,0,0,40,4449,299.91915,7333.15502929688,,,,,,,,,,,,,0,,,,18.60928915,,,,,,299.989624,,,,
,15569951.63,299.98950195,7218.2294921875,13.1101181902923,0.00314036345565965,1,0.999253354069792,40.0298881530762,1.99509196995102,11.6100003942847,71.3174843154474,13.8466861289929,250,0.110404776758529,13.1069904891675,0.165418297379939,299.9894714,299.9895325,7163.25927734375,7273.19970703125,56.6352392464291,20.8280661912947,8.512546,0,0,0,40,4449,299.9173,7218.2294921875,,,,,,,,,,,,,0,,,,18.795187,,,,,,299.98950195,,,,
,15569952.645,299.989151,7118.28393554687,13.1006858806896,0.00445419994014475,1,0.999253354069792,40.0298881530762,1.99502208481891,11.6100003942847,71.2561437010682,13.8772198163735,250,0.11784424129379,13.0975289598135,0.17281736446175,299.9887695,299.9895325,7073.30859375,7163.25927734375,56.2405168442175,20.822414111972,9.628152,0,0,0,40,4449,299.9174,7118.28393554687,,,,,,,,,,,,,0,,,,18.795187,,,,,,299.989151,,,,
,15569953.685,299.9894409,7013.34887695313,13.0918328438859,0.00468848188462979,1,0.999253354069792,40.0298881530762,1.99477584156434,11.6100003942847,71.2028723760697,13.8475625202786,250,0.114347814566804,13.0886922102409,0.169284952706706,299.9887695,299.9901123,6953.38916015625,7073.30859375,56.5133051974291,20.8206732403307,9.256284,0,0,0,40,4449,299.91875,7013.34887695313,,,,,,,,,,,,,0,,,,18.795187,,,,,,299.9894409,,,,
,15569954.88,299.98890685,6893.37939453125,13.0714127517731,0.00476088608672702,1,0.999253354069792,40.0298881530762,1.99489794088457,11.6100003942847,71.0973326903775,13.8199067076205,250,0.112905595295253,13.0682825186742,0.167757882330092,299.9877014,299.9901123,6833.36962890625,6953.38916015625,56.1482846789482,20.8214569068053,8.884414,0,0,0,40,4449,299.9201,6893.37939453125,,,,,,,,,,,,,0,,,,18.60928915,,,,,,299.98890685,,,,
,15569956.02,299.9890442,6778.40747070312,13.0626654091918,0.00487001632153783,1,0.999253354069792,40.0298881530762,1.99495499642839,11.6100003942847,71.0493812812216,13.8237365333738,250,0.115159259180395,13.0595273589474,0.169975000384033,299.9877014,299.990387,6723.4453125,6833.36962890625,56.4953277414867,20.8277202114457,8.884414,0,0,0,40,4449,299.921,6778.40747070312,,,,,,,,,,,,,0,,,,18.60928915,,,,,,299.9890442,,,,
,15569957.06,299.98991395,6673.44946289063,13.0628906376234,0.0050399067700267,1,0.999253354069792,40.0298881530762,1.99469721339086,11.6100003942847,71.0390532957342,13.8362530929965,250,0.117734421614779,13.0597412488229,0.17255117252339,299.9894409,299.990387,6623.45361328125,6723.4453125,56.4171648895637,20.833929642477,9.256284,0,0,0,40,4449,299.92175,6673.44946289063,,,,,,,,,,,,,0,,,,18.60928915,,,,,,299.98991395,,,,
,15569958.145,299.9904022,6562.7763671875,13.0655883056618,0.00694692569848268,1,0.999253354069792,40.0298881530762,1.9945597233797,11.6100003942847,71.0516308311934,13.8237098644576,250,0.115101681749871,13.0624491363563,0.169930759538054,299.9894409,299.9913635,6502.09912109375,6623.45361328125,56.3765202065637,20.8297993004318,9.256284,0,0,0,40,4449,299.92325,6562.7763671875,,,,,,,,,,,,,0,,,,18.60928915,,,,,,299.9904022,,,,
,15569959.16,299.9905853,6461.9736328125,13.0648524801637,0.00607399658107041,1,0.999253354069792,40.0298881530762,1.99465559867545,11.6100003942847,71.045481791143,13.8531111689664,250,0.120516044948408,13.0616905704203,0.175341598476935,299.9898071,299.9913635,6421.84814453125,6502.09912109375,56.4609360866406,20.8272732384122,9.256284,0,0,0,40,4449,299.9235,6461.9736328125,,,,,,,,,,,,,0,,,,18.60928915,,,,,,299.9905853,,,,
,15569961.045,299.9874268,6276.923828125,13.0402827246811,0.00674515777290755,1,0.999253354069792,40.0298881530762,1.99469160448343,11.6100003942847,70.9128046804285,13.8290537724127,250,0.12060938943361,13.0371268016046,0.175333054354308,299.9874268,299.9874268,6271.94580078125,6281.90185546875,56.7126204698329,20.8298088542263,8.884414,0,0,0,40,4449,299.92375,6276.923828125,,,,,,,,,,,,,0,,,,18.795187,,,,,,299.9874268,,,,
,15569961.695,299.98822025,6211.89453125,13.0294646509364,0.00748488206778472,1,0.999253354069792,40.0298881530762,1.99462739908379,11.6100003942847,70.848881423374,13.8326196016675,250,0.123349399187489,13.0262990013134,0.178027457275297,299.9874268,299.9890137,6151.84326171875,6271.94580078125,56.3311857524483,20.8211847006514,8.512546,0,0,0,40,4449,299.92415,6211.89453125,,,,,,,,,,,,,0,,,,18.795187,,,,,,299.98822025,,,,
,15569962.925,299.9892273,6086.87109375,13.0281957032318,0.00679280667548071,1,0.999253354069792,40.0298881530762,1.99476628308789,11.6100003942847,70.8560745204687,13.7821243430864,250,0.114141694398635,13.0250683417791,0.168817645922346,299.9890137,299.9894409,6021.89892578125,6151.84326171875,56.587559906756,20.8288700445738,8.884414,0,0,0,40,4449,299.92195,6086.87109375,,,,,,,,,,,,,0,,,,18.7017832,,,,,,299.9892273,,,,
,15569964.025,299.98942565,5976.92456054687,13.0265208843985,0.00534337062408347,1,0.999253354069792,40.0298881530762,1.99438922289835,11.6100003942847,70.8284465666735,13.8072692338125,250,0.119534319967399,13.0233710218652,0.174203130149818,299.9894104,299.9894409,5931.9501953125,6021.89892578125,56.2498963864483,20.8324690211267,8.512546,0,0,0,40,4449,299.92095,5976.92456054687,,,,,,,,,,,,,0,,,,18.7017832,,,,,,299.98942565,,,,
,15569965.125,299.9890747,5866.97265625,13.0298384660469,0.00670133537440909,1,0.999253354069792,40.0298881530762,1.99438631968582,11.6100003942847,70.8461864932864,13.811838638614,250,0.119761476998826,13.0266871240384,0.17444435926393,299.988739,299.9894104,5801.9951171875,5931.9501953125,56.2538045290444,20.8292450965691,8.884414,0,0,0,40,4449,299.92365,5866.97265625,,,,,,,,,,,,,0,,,,18.795187,,,,,,299.9890747,,,,
,15569966.15,299.988739,5762.04541015625,13.0333657313151,0.00552572926965407,1,0.999253354069792,40.0298881530762,1.99458940092011,11.6100003942847,70.8838170175958,13.7553824163877,250,0.108490548983477,13.0302610956326,0.16319110385785,299.988739,299.988739,5722.095703125,5801.9951171875,56.7876568076791,20.8289198900381,9.256284,0,0,0,40,4449,299.9244,5762.04541015625,,,,,,,,,,,,,0,,,,18.795187,,,,,,299.988739,,,,
,15569967.035,299.98835755,5672.14575195313,13.0437699635314,0.00692694663007464,1,0.999253354069792,40.0298881530762,1.99462825834212,11.6100003942847,70.942457834777,13.7628065330737,250,0.107875460383726,13.0406658981776,0.162620592268857,299.9879761,299.988739,5622.19580078125,5722.095703125,56.7446672391214,20.8306788411942,8.884414,0,0,0,40,4449,299.92375,5672.14575195313,,,,,,,,,,,,,0,,,,18.795187,,,,,,299.98835755,,,,
,15569968.105,299.98887635,5567.21484375,13.0221082025624,0.00710357371760633,1,0.999253354069792,40.0298881530762,1.99460864026064,11.6100003942847,70.8162113981,13.7816217947325,250,0.115370107843519,13.0189767596377,0.170023358571086,299.9879761,299.9897766,5512.23388671875,5622.19580078125,56.7743691228522,20.8307576927903,9.256284,0,0,0,40,4449,299.92435,5567.21484375,,,,,,,,,,,,,0,,,,18.795187,,,,,,299.98887635,,,,
,15569969.14,299.98986815,5467.2568359375,12.9918714814241,0.00671569576989071,1,0.999253354069792,40.0298881530762,1.994329154126,11.6100003942847,70.6378570129703,13.7707595119397,250,0.119327754001073,12.9887290319675,0.173853806564264,299.9897766,299.9899597,5422.27978515625,5512.23388671875,56.8736359447945,20.8307841659754,9.256284,0,0,0,40,4449,299.9249,5467.2568359375,,,,,,,,,,,,,0,,,,18.60928915,,,,,,299.98986815,,,,
,15569970.21,299.98913575,5357.27514648438,13.0011670572077,0.00430487069902401,1,0.999253354069792,40.0298881530762,1.99467332720899,11.6100003942847,70.7226157080723,13.6625456859125,250,0.097312146772529,12.9981154199187,0.151882550446928,299.9883118,299.9899597,5292.2705078125,5422.27978515625,56.5039256551983,20.8279184857682,9.256284,0,0,0,40,4449,299.9245,5357.27514648438,,,,,,,,,,,,,0,,,,18.4233913,,,,,,299.98913575,,,,
,15569971.415,299.98899845,5237.29736328125,12.9757739468055,0.00796606889755148,1,0.999253354069792,40.0298881530762,1.99454629978174,11.6100003942847,70.5622490434133,13.731293172555,250,0.114797355766473,12.9726540632853,0.169258111050044,299.9883118,299.9896851,5182.32421875,5292.2705078125,56.5140868259483,20.8239409877746,8.512546,0,0,0,40,4449,299.92585,5237.29736328125,,,,,,,,,,,,,0,,,,18.4233913,,,,,,299.98899845,,,,
,15569972.455,299.9896851,5137.3134765625,12.9848160557593,0.00574046292611824,1,0.999253354069792,40.0298881530762,1.99454629978174,11.6100003942847,70.6111378017178,13.7423718128025,250,0.115154031178979,12.9816924413387,0.169653302073959,299.9896851,299.9896851,5092.302734375,5182.32421875,56.2022170467752,20.8239409877746,8.512546,0,0,0,40,4449,299.9261,5137.3134765625,,,,,,,,,,,,,0,,,,18.4233913,,,,,,299.9896851,,,,
,15569973.4,299.9889069,5042.25708007812,12.9938840467361,0.00579275750558778,1,0.999253354069792,40.0298881530762,1.99459809697999,11.6100003942847,70.6713374822616,13.7032563482225,250,0.106226970872414,12.9907963800096,0.160766759804068,299.9881287,299.9896851,4992.21142578125,5092.302734375,56.2545861575636,20.8317046173007,9.256284,0,0,0,40,4449,299.9262,5042.25708007812,,,,,,,,,,,,,0,,,,18.51588535,,,,,,299.9889069,,,,
,15569974.43,299.9883423,4937.408203125,13.0002300251582,0.0064312638602249,1,0.999253354069792,40.0298881530762,1.99462501327848,11.6100003942847,70.6998703998988,13.7474093090996,250,0.113121949212564,12.9971122969264,0.167687834317599,299.9881287,299.9885559,4882.60498046875,4992.21142578125,56.9424192544868,20.827814453605,8.884414,0,0,0,40,4449,299.92555,4937.408203125,,,,,,,,,,,,,0,,,,18.6083794,,,,,,299.9883423,,,,
,15569975.44,299.98857115,4837.65942382812,12.9889481558727,0.00562115150901985,1,0.999253354069792,40.0298881530762,1.99467826584506,11.6100003942847,70.6517304041069,13.6744800426261,250,0.101759029692231,12.9858802083239,0.156280961103538,299.9885559,299.9885864,4792.7138671875,4882.60498046875,55.9520959206213,20.8285899165227,8.512546,0,0,0,40,4449,299.9235,4837.65942382812,,,,,,,,,,,,,0,,,,18.51588535,,,,,,299.98857115,,,,
,15569976.455,299.9885864,4737.67944335937,12.9746922881463,0.00485589317245274,1,0.999253354069792,40.0298881530762,1.99490133720315,11.6100003942847,70.5721984880446,13.7131798712811,250,0.111231910409181,12.9715873883536,0.165692667489256,299.9885864,299.9885864,4682.64501953125,4792.7138671875,56.3171164391021,20.8238612507643,9.256284,0,0,0,40,4449,299.92375,4737.67944335937,,,,,,,,,,,,,0,,,,18.60928915,,,,,,299.9885864,,,,
,15569977.57,299.9884491,4622.697265625,12.9991847838196,0.00430641858832678,1,0.999253354069792,40.0298881530762,1.99474868252297,11.6100003942847,70.7089671552503,13.6904597625818,250,0.10270699280578,12.9961107420077,0.157272582065623,299.9883118,299.9885864,4562.74951171875,4682.64501953125,56.3397836661598,20.8284945319798,8.884414,0,0,0,40,4449,299.92615,4622.697265625,,,,,,,,,,,,,0,,,,18.60928915,,,,,,299.9884491,,,,
,15569978.625,299.98851015,4517.75146484375,13.0070663102,0.00494522299925148,1,0.999253354069792,40.0298881530762,1.99478902642538,11.6100003942847,70.7464363342186,13.7356847964644,250,0.109497244717358,13.003962061896,0.164095127288521,299.9883118,299.9887085,4472.75341796875,4562.74951171875,56.6055373626983,20.82841087447,9.256284,0,0,0,40,4449,299.9267,4517.75146484375,,,,,,,,,,,,,0,,,,18.4233913,,,,,,299.98851015,,,,
,15569979.705,299.9882965,4412.78466796875,12.9996570317764,0.00638879034679005,1,0.999253354069792,40.0298881530762,1.99480799890272,11.6100003942847,70.714095835675,13.6886022610505,250,0.10220432099503,12.99658494311,0.156773277709347,299.9878845,299.9887085,4352.81591796875,4472.75341796875,56.3155531820637,20.8322021986258,9.256284,0,0,0,40,4449,299.92665,4412.78466796875,,,,,,,,,,,,,0,,,,18.60928915,,,,,,299.9882965,,,,
,15569980.915,299.98854065,4287.81860351562,12.9913611155969,0.00433287887508725,1,0.999253354069792,40.0298881530762,1.99493945889203,11.6100003942847,70.6732317158534,13.6822352550611,250,0.102412004741108,12.9882896653665,0.156946642467592,299.9878845,299.9891968,4222.8212890625,4352.81591796875,56.3773018350829,20.8264412095611,8.512546,0,0,0,40,4449,299.92785,4287.81860351562,,,,,,,,,,,,,0,,,,18.60928915,,,,,,299.98854065,,,,
,15569982.025,299.9888611,4177.81396484375,12.9886891641,0.00406034058405148,1,0.999253354069792,40.0298881530762,1.99480045267906,11.5999998524785,70.6550599137577,13.6722095567574,250,0.101236847924562,12.9856229439011,0.155761403133037,299.9885254,299.9891968,4132.806640625,4222.8212890625,57.2449094914291,20.8258645332435,9.256284,0,0,0,40,4449,299.927,4177.81396484375,,,,,,,,,,,,,0,,,,18.60928915,,,,,,299.9888611,,,,
,15569983.12,299.98905945,4067.94128417969,12.9848240310199,0.00391280399289425,1,0.999253354069792,40.0298881530762,1.99501137596807,11.6100003942847,70.6383071837538,13.6857700289869,250,0.104183310848895,12.9817460656657,0.158691629154105,299.9885254,299.9895935,4003.07592773438,4132.806640625,56.7345060683714,20.8260932624437,8.884414,0,0,0,40,4449,299.92755,4067.94128417969,,,,,,,,,,,,,0,,,,18.88954735,,,,,,299.98905945,,,,
,15569984.195,299.9891205,3958.03076171875,12.9878246998943,0.00474437852687657,1,0.999253354069792,40.0298881530762,1.99492640696333,11.6100003942847,70.6525184223454,13.6839335957798,250,0.103393576290453,12.9847493538684,0.157915204339375,299.9886475,299.9895935,3912.98559570313,4003.07592773438,56.5547315089483,20.8325328375873,9.256284,0,0,0,40,4449,299.9283,3958.03076171875,,,,,,,,,,,,,0,,,,18.88954735,,,,,,299.9891205,,,,
,15569985.115,299.9886475,3868.00219726562,12.9774864862665,0.0035282883677118,1,0.999253354069792,40.0298881530762,1.99503573618031,11.6100003942847,70.6000188948146,13.6739513899813,250,0.103343414185101,12.9744135959743,0.157822432638813,299.9886475,299.9886475,3823.01879882812,3912.98559570313,56.638365760506,20.833054230914,9.256284,0,0,0,40,4449,299.9273,3868.00219726562,,,,,,,,,,,,,0,,,,18.7017832,,,,,,299.9886475,,,,
,15569986.14,299.98840335,3763.03405761719,12.9747647256087,0.00413905908815551,1,0.999253354069792,40.0298881530762,1.99484495546744,11.6100003942847,70.5780599110166,13.6728936578412,250,0.103887556318126,12.9716901791923,0.158355426073883,299.9881592,299.9886475,3703.04931640625,3823.01879882812,56.9854088230445,20.8348279681797,9.256284,0,0,0,40,4449,299.9286,3763.03405761719,,,,,,,,,,,,,0,,,,18.6083794,,,,,,299.98840335,,,,
,15569987.165,299.98887635,3658.06384277344,12.9581352402083,0.00486849305792594,1,0.999253354069792,40.0298881530762,1.99462156945954,11.6100003942847,70.4755055850643,13.6776016299179,250,0.108109082000254,12.9550460660173,0.162506768533123,299.9881592,299.9895935,3613.07836914063,3703.04931640625,56.2803798986983,20.8282092991086,8.884414,0,0,0,40,4449,299.9293,3658.06384277344,,,,,,,,,,,,,0,,,,18.7017832,,,,,,299.98887635,,,,
,15569988.235,299.9886627,3553.05102539063,12.964411506598,0.0039104681139317,1,0.999253354069792,40.0298881530762,1.99462782183002,11.6100003942847,70.5127822256113,13.6684871954269,250,0.1052634538572,12.9613330162755,0.159688955884274,299.9877319,299.9895935,3493.02368164063,3613.07836914063,56.6375841319868,20.8276701881749,8.512546,0,0,0,40,4449,299.9283,3553.05102539063,,,,,,,,,,,,,0,,,,18.60928915,,,,,,299.9886627,,,,
,15569989.515,299.98768615,3428.05187988281,12.9643871411997,0.00537047512680713,1,0.999253354069792,40.0298881530762,1.99471344688155,11.6100003942847,70.5209968811234,13.6399453610101,250,0.0999226629613978,12.961331482418,0.154349819724908,299.9876404,299.9877319,3363.080078125,3493.02368164063,56.4226362891983,20.8351645599847,8.884414,0,0,0,40,4449,299.92885,3428.05187988281,,,,,,,,,,,,,0,,,,18.60928915,,,,,,299.98768615,,,,
,15569990.545,299.9878235,3322.88305664063,12.9587778563281,0.00329888060006181,1,0.999253354069792,40.0298881530762,1.9947219740334,11.6100003942847,70.4846851482401,13.6669569233335,250,0.105910536577509,12.9556980749394,0.160313389333656,299.9876404,299.9880066,3282.68603515625,3363.080078125,56.7782772654483,20.835875533253,9.256284,0,0,0,40,4449,299.9297,3322.88305664063,,,,,,,,,,,,,0,,,,18.60928915,,,,,,299.9878235,,,,
,15569991.515,299.98713685,3227.56115722656,12.9361040424051,0.00570504552103584,1,0.999253354069792,40.0298881530762,1.99479298290174,11.6100003942847,70.3676895861325,13.6225552091842,250,0.101876770350599,12.9330460970905,0.156185628055754,299.9862671,299.9880066,3172.43627929687,3282.68603515625,56.7673344661791,20.8354491878729,8.884414,0,0,0,40,4449,299.93055,3227.56115722656,,,,,,,,,,,,,0,,,,18.60928915,,,,,,299.98713685,,,,
,15569992.69,299.9870148,3112.40771484375,12.958626733439,0.00469212038179372,1,0.999253354069792,40.0298881530762,1.99476390520157,11.6100003942847,70.4895729426206,13.6440842602844,250,0.101687292868585,12.955564994225,0.15609143562295,299.9862671,299.9877625,3052.37915039063,3172.43627929687,56.6368025034675,20.8351991785941,9.256284,0,0,0,40,4449,299.9308,3112.40771484375,,,,,,,,,,,,,0,,,,18.795187,,,,,,299.9870148,,,,
,15569993.65,299.9877625,3012.396484375,12.9398738743484,0.00423530715276866,1,0.999253354069792,40.0298881530762,1.99499271807656,11.6100003942847,70.3936416106769,13.635529854012,250,0.103314030996795,12.9368087039122,0.157639602547643,299.9877625,299.9877625,2972.41381835937,3052.37915039063,56.3632325217367,20.8305004401342,8.512546,0,0,0,40,4449,299.9312,3012.396484375,,,,,,,,,,,,,0,,,,18.60928915,,,,,,299.9877625,,,,
,15569994.57,299.9875031,2917.40661621094,12.9495612555189,0.00446698108348789,1,0.999253354069792,40.0298881530762,1.99492182128913,11.6100003942847,70.4476389049385,13.6251087128192,250,0.0996909124807277,12.9465093931283,0.154058505797501,299.9872437,299.9877625,2862.3994140625,2972.41381835937,56.3546346080252,20.8343816341848,8.512546,0,0,0,40,4449,299.9311,2917.40661621094,,,,,,,,,,,,,0,,,,18.60928915,,,,,,299.9875031,,,,
,15569995.64,299.98762515,2812.38171386719,12.940303643787,0.00491506419605879,1,0.999253354069792,40.0298881530762,1.99481566789756,11.6100003942847,70.3910797634842,13.6283797866336,250,0.102137417730679,12.9372432898252,0.15646601619832,299.9872437,299.9880066,2762.36401367187,2862.3994140625,56.3515080939483,20.8362178552897,8.884414,0,0,0,40,4449,299.93225,2812.38171386719,,,,,,,,,,,,,0,,,,18.795187,,,,,,299.98762515,,,,
,15569996.655,299.988266,2712.38232421875,12.9354002715435,0.00386158383824402,1,0.999253354069792,40.0298881530762,1.99484629641194,11.6100003942847,70.3635145072703,13.6339010003709,250,0.10402200099628,12.9323326117182,0.158330397505433,299.9880066,299.9885254,2662.40063476562,2762.36401367187,56.8298647477175,20.8363153425174,8.884414,0,0,0,40,4449,299.9314,2712.38232421875,,,,,,,,,,,,,0,,,,18.795187,,,,,,299.988266,,,,
,15569997.655,299.98869325,2612.37561035156,12.9282032777496,0.00470038871815421,1,0.999253354069792,40.0298881530762,1.99490936911823,11.6100003942847,70.3296313755289,13.6100199457987,250,0.100895124300406,12.9251499251643,0.155174743777331,299.9885254,299.9888611,2562.3505859375,2662.40063476562,56.5828701356406,20.8320651412699,8.512546,0,0,0,40,4449,299.93035,2612.37561035156,,,,,,,,,,,,,0,,,,18.795187,,,,,,299.98869325,,,,
,15569998.6,299.98869325,2517.39685058594,12.9290556602597,0.00407957371205601,1,0.999253354069792,40.0298881530762,1.99490936911823,11.6100003942847,70.3342386300701,13.6110768932204,250,0.10093086274171,12.9260019615359,0.155214270522531,299.9885254,299.9888611,2472.44311523438,2562.3505859375,56.3851181202752,20.8320651412699,8.512546,0,0,0,40,4449,299.93195,2517.39685058594,,,,,,,,,,,,,0,,,,18.795187,,,,,,299.98869325,,,,
,15569999.61,299.9892731,2417.49963378906,12.9268330788399,0.00317698308606622,1,0.999253354069792,40.0298881530762,1.99485459522967,11.6100003942847,70.3221701203203,13.5980916664208,250,0.0990260547907463,12.9237875255635,0.153300804941405,299.9885254,299.9900208,2362.55615234375,2472.44311523438,56.5007991411214,20.8330429171156,9.256284,0,0,0,40,4449,299.9333,2417.49963378906,,,,,,,,,,,,,0,,,,18.795187,,,,,,299.9892731,,,,
,15570000.8,299.98918155,2302.4873046875,12.9389427653658,0.00467894871379242,1,0.999253354069792,40.0298881530762,1.99496414866719,11.6100003942847,70.3962080942261,13.5878713842661,250,0.0947706140349899,12.9359126333074,0.149097404691642,299.9883423,299.9900208,2242.41845703125,2362.55615234375,56.3952792910252,20.8296532409882,8.884414,0,0,0,40,4449,299.93495,2302.4873046875,,,,,,,,,,,,,0,,,,18.7017832,,,,,,299.98918155,,,,
,15570001.94,299.98858645,2187.42846679687,12.917498093757,0.00353227659055272,1,0.999253354069792,40.0298881530762,1.99508026823779,11.6100003942847,70.2829469353594,13.569235765853,250,0.0951845799736547,12.9144708042133,0.149421833200784,299.9883423,299.9888306,2132.4384765625,2242.41845703125,55.9880508325059,20.8335657481976,9.256284,0,0,0,40,4449,299.93515,2187.42846679687,,,,,,,,,,,,,0,,,,18.7017832,,,,,,299.98858645,,,,
,15570003.065,299.9888916,2072.52819824219,12.9104547216045,0.00333363076683533,1,0.999253354069792,40.0298881530762,1.99501464352048,11.6100003942847,70.2413812598514,13.5667382683269,250,0.0961114203251605,12.9074247494581,0.150319635079735,299.9888306,299.9889526,2012.61791992187,2132.4384765625,56.3616692646983,20.8418860086442,8.884414,0,0,0,40,4449,299.93475,2072.52819824219,,,,,,,,,,,,,0,,,,18.795187,,,,,,299.9888916,,,,
,15570004.235,299.98898315,1952.58898925781,12.907472377948,0.00378967098388678,1,0.999253354069792,40.0298881530762,1.99480127266639,11.6100003942847,70.2184247237945,13.5589961579855,250,0.0955022940448275,12.9044454594113,0.149698754774292,299.9889526,299.9890137,1892.56005859375,2012.61791992187,56.313208296506,20.8355838820315,9.256284,0,0,0,40,4449,299.93485,1952.58898925781,,,,,,,,,,,,,0,,,,18.795187,,,,,,299.98898315,,,,
,15570005.255,299.9890137,1852.53472900391,12.8983082233152,0.0035576432266824,1,0.999253354069792,40.0298881530762,1.99486094915525,11.6100003942847,70.1724657217613,13.5397920150105,250,0.0936032096589986,12.8952910567192,0.147762277189047,299.9890137,299.9890137,1812.50939941406,1892.56005859375,56.1904926189867,20.8280151411217,9.256284,0,0,0,40,4449,299.9341,1852.53472900391,,,,,,,,,,,,,0,,,,18.7017832,,,,,,299.9890137,,,,
,15570006.305,299.98962405,1752.53088378906,12.8931103761989,0.0071820179342157,1,0.999253354069792,40.0298881530762,1.99463678560798,11.6100003942847,70.1298107446056,13.5689299837729,250,0.100187798517645,12.8900662312453,0.154324524996176,299.9890137,299.9902344,1692.55236816406,1812.50939941406,56.2835064127752,20.832401046724,9.256284,0,0,0,40,4449,299.93275,1752.53088378906,,,,,,,,,,,,,0,,,,18.51588535,,,,,,299.98962405,,,,
,15570007.445,299.9894104,1637.74029541016,12.8804892381079,0.00320699391312675,1,0.999253354069792,40.0298881530762,1.99488471316758,11.6100003942847,70.0762874417074,13.5214988115099,250,0.0935195791869642,12.8774757364979,0.147604990236254,299.9885864,299.9902344,1582.92822265625,1692.55236816406,56.3546346080252,20.8312630731209,9.256284,0,0,0,40,4449,299.93405,1637.74029541016,,,,,,,,,,,,,0,,,,18.51588535,,,,,,299.9894104,,,,
,15570008.46,299.9890747,1532.87457275391,12.8843586222196,0.0036632824255135,1,0.999253354069792,40.0298881530762,1.9948359418728,11.6100003942847,70.0929356118431,13.5399783618375,250,0.0962532480013022,12.8813329974118,0.150354478205005,299.9885864,299.989563,1482.82092285156,1582.92822265625,56.4945461129675,20.8406544740031,8.884414,0,0,0,40,4449,299.9361,1532.87457275391,,,,,,,,,,,,,0,,,,18.51588535,,,,,,299.9890747,,,,
,15570009.57,299.98890685,1422.88903808594,12.8837218393601,0.00479662996367547,1,0.999253354069792,40.0298881530762,1.99475141493291,11.6100003942847,70.090287592773,13.5187348269957,250,0.0925736820081472,12.8807118150388,0.146673606847112,299.9882507,299.989563,1362.95715332031,1482.82092285156,56.533627538929,20.8414468203808,9.256284,0,0,0,40,4449,299.9359,1422.88903808594,,,,,,,,,,,,,0,,,,18.51588535,,,,,,299.98890685,,,,
,15570010.685,299.9882507,1312.958984375,12.8794612734492,0.00306356234708094,1,0.999253354069792,40.0298881530762,1.99481464519331,11.6100003942847,70.0682676819642,13.5201177763032,250,0.0935399129384133,12.8764482690865,0.14762270035457,299.9882507,299.9882507,1262.96081542969,1362.95715332031,56.5320642818906,20.8431954659488,9.256284,0,0,0,40,4449,299.9341,1312.958984375,,,,,,,,,,,,,0,,,,18.7017832,,,,,,299.9882507,,,,
,15570011.615,299.9882965,1217.92132568359,12.8825149047816,0.00327011689451712,1,0.999253354069792,40.0298881530762,1.99479965474685,11.6100003942847,70.079196525841,13.5511053685287,250,0.0986798404265207,12.8794796337186,0.152774721707456,299.9882507,299.9883423,1172.8818359375,1262.96081542969,57.0510656186599,20.8365302875107,8.884414,0,0,0,40,4449,299.9349,1217.92132568359,,,,,,,,,,,,,0,,,,18.7017832,,,,,,299.9882965,,,,
,15570012.64,299.98828125,1112.92413330078,12.895311157142,0.00377692708718861,1,0.999253354069792,40.0298881530762,1.99493126622966,11.6100003942847,70.1594307682042,13.5324757286847,250,0.0927270870221889,12.8922982595805,0.146877276167905,299.9882202,299.9883423,1052.96643066406,1172.8818359375,56.4922012274098,20.8402533712205,9.256284,0,0,0,40,4449,299.93575,1112.92413330078,,,,,,,,,,,,,0,,,,18.7017832,,,,,,299.98828125,,,,
,15570013.665,299.9882202,1012.9616394043,12.8987034670821,0.00650725889331444,1,0.999253354069792,40.0298881530762,1.99498943688101,11.6100003942847,70.1826723120369,13.5213729065608,250,0.0899887344566275,12.8957013299215,0.144154511546312,299.9882202,299.9882202,972.956848144531,1052.96643066406,56.465625857756,20.8397822578151,9.256284,0,0,0,40,4449,299.9344,1012.9616394043,,,,,,,,,,,,,0,,,,18.60928915,,,,,,299.9882202,,,,
,15570014.625,299.9887695,918.000885009766,12.8646450003167,0.00285881264828663,1,0.999253354069792,40.0298881530762,1.99500466126915,11.6100003942847,69.9972712594993,13.4890369415012,250,0.0903500606360874,12.8616479459583,0.144373339633602,299.9882202,299.9893188,863.044921875,972.956848144531,56.4343607169867,20.8310842373574,9.256284,0,0,0,40,4449,299.9335,918.000885009766,,,,,,,,,,,,,0,,,,18.60928915,,,,,,299.9887695,,,,
,15570015.685,299.98841855,808.144653320312,12.8474012095692,0.00354121256551419,1,0.999253354069792,40.0298881530762,1.99483900896518,11.6100003942847,69.8947098967921,13.4864695477433,250,0.0932763393503164,12.8443954910263,0.147227029046939,299.9875183,299.9893188,753.244384765625,863.044921875,56.1521928215444,20.8433302161156,9.256284,0,0,0,40,4449,299.93385,808.144653320312,,,,,,,,,,,,,0,,,,18.795187,,,,,,299.98841855,,,,
,15570016.905,299.98735045,688.327301025391,12.8423242467004,0.00225707404369129,1,0.999253354069792,40.0298881530762,1.99494626366487,11.6100003942847,69.8708619555044,13.4812652592991,250,0.0931322580928888,12.8393206292168,0.147062064042525,299.9871826,299.9875183,623.410217285156,753.244384765625,56.2944492120444,20.8436173173917,8.512546,0,0,0,40,4449,299.9345,688.327301025391,,,,,,,,,,,,,0,,,,18.7017832,,,,,,299.98735045,,,,
,15570018.04,299.98721315,578.386871337891,12.8628560480225,0.00280144788560891,1,0.999253354069792,40.0298881530762,1.99482976579834,11.6100003942847,69.9760025780946,13.5159738578232,250,0.0958364989489951,12.8598368956692,0.149852610253356,299.9871826,299.9872437,533.363525390625,623.410217285156,56.2733452420252,20.8395917713598,9.256284,0,0,0,40,4449,299.93395,578.386871337891,,,,,,,,,,,,,0,,,,18.7017832,,,,,,299.98721315,,,,
,15570019.065,299.9872284,473.415283203125,12.883861662782,0.00247560484220505,1,0.999253354069792,40.0298881530762,1.99479064349203,11.6100003942847,70.0896594135031,13.5338859988755,250,0.0952762742850869,12.8808405199595,0.1493813502911,299.9872131,299.9872437,413.467041015625,533.363525390625,56.5383173100444,20.8454070837508,9.256284,0,0,0,40,4449,299.9332,473.415283203125,,,,,,,,,,,,,0,,,,18.795187,,,,,,299.9872284,,,,
,15570020.11,299.9880676,368.444946289063,12.8926716566397,0.00212880051188204,1,0.999253354069792,40.0298881530762,1.99493019718787,11.6100003942847,70.1441455915524,13.5344781215982,250,0.093581668999985,12.8896554137112,0.147724363869901,299.9872131,299.9889221,323.4228515625,413.467041015625,56.8869236296214,20.8377281402924,8.512546,0,0,0,40,4449,299.93395,368.444946289063,,,,,,,,,,,,,0,,,,18.795187,,,,,,299.9880676,,,,
,15570021.045,299.98864745,278.41056060791,12.8993319434734,0.0022442195817024,1,0.999253354069792,40.0298881530762,1.994868580591,11.6100003942847,70.1797224084068,13.5332125425935,250,0.092189033077424,12.8963199049457,0.146360133589437,299.9883728,299.9889221,233.39826965332,323.4228515625,56.272563613506,20.8445217650203,8.884414,0,0,0,40,4449,299.9349,278.41056060791,,,,,,,,,,,,,0,,,,18.795187,,,,,,299.98864745,,,,
,15570022.15,299.98880005,168.498245239258,12.8949681054988,0.00306597043470801,1,0.999253354069792,40.0298881530762,1.99491166752311,11.6100003942847,70.1519878720517,13.5584140988819,250,0.0975714205917541,12.8919342240039,0.151723541213234,299.9883728,299.9892273,103.598220825195,233.39826965332,56.3069552683521,20.8406031964821,9.256284,0,0,0,40,4449,299.93465,168.498245239258,,,,,,,,,,,,,0,,,,18.795187,,,,,,299.98880005,,,,
,15570023.305,299.98960875,48.5880038738251,12.8716355594651,0.00318554575784899,1,0.999253354069792,40.0298881530762,1.99492259490623,11.6100003942847,70.0290283391538,13.5145179884794,250,0.0938271791917681,12.8686217409384,0.147882331908742,299.9892273,299.9899902,-6.42221307754517,103.598220825195,56.2514596434867,20.847316252337,8.512546,0,0,0,40,4449,299.935,48.5880038738251,,,,,,,,,,,,,0,,,,18.795187,,,,,,299.98960875,,,,
,15570024.27,299.9897766,-51.3807957172394,12.8831615490822,0.00399381441559669,1,0.999253354069792,40.0298881530762,1.99478031720481,11.6100003942847,70.0839594137303,13.5413334164427,250,0.0967847174059923,12.8801328665456,0.150887819851918,299.989563,299.9899902,-96.3393783569336,-6.42221307754517,56.0646504273905,20.8450418884923,9.256284,0,0,0,40,4449,299.93435,-51.3807957172394,,,,,,,,,,,,,0,,,,18.7017832,,,,,,299.9897766,,,,
,15570025.295,299.98936465,-151.258129119873,12.8790298726678,0.00277833637820087,1,0.999253354069792,40.0298881530762,1.99442186561708,11.6100003942847,70.042796270091,13.5692099226826,250,0.10310482199096,12.8759757064975,0.157188989310996,299.9891663,299.989563,-206.176879882813,-96.3393783569336,57.0323065341983,20.8392850081485,8.884414,0,0,0,40,4449,299.9343,-151.258129119873,,,,,,,,,,,,,0,,,,18.6083794,,,,,,299.98936465,,,,
,15570026.295,299.9881134,-251.196014404297,12.9391711107663,0.00339467785678317,1,0.999253354069792,40.0298881530762,1.99422895745915,11.6100003942847,70.352645939633,13.6884366241205,250,0.114080064922651,12.9360592458507,0.168414179686495,299.9870605,299.9891663,-296.215148925781,-206.176879882813,56.9385111118906,20.8461351856259,8.884414,0,0,0,40,4449,299.9349,-251.196014404297,,,,,,,,,,,,,0,,,,18.7017832,,,,,,299.9881134,,,,
,15570027.285,299.9883728,-351.151916503906,13.014897973971,0.00384323311804857,1,0.999253354069792,40.0298881530762,1.99412735756006,11.6200000047684,70.7511370194948,13.8203601609676,250,0.124387748948891,13.0117273193473,0.179037474962211,299.9870605,299.9896851,-406.088684082031,-296.215148925781,55.507349293179,20.8521067747089,8.512546,0,0,0,40,4449,299.93505,-351.151916503906,,,,,,,,,,,,,0,,,,18.7017832,,,,,,299.9883728,,,,
,15570028.335,299.98947145,-456.065353393555,13.061304324178,0.00332969984924722,1,0.999253354069792,40.0298881530762,1.99413536547773,11.6100003942847,71.0052140208908,13.8614467366262,250,0.123317696748038,13.0581282500828,0.178162056542411,299.9892578,299.9896851,-506.042022705078,-406.088684082031,56.9213152844676,20.8487076642574,8.884414,0,0,0,40,4449,299.9355,-456.065353393555,,,,,,,,,,,,,0,,,,18.7017832,,,,,,299.98947145,,,,
,15570029.25,299.9891052,-546.02229309082,13.0931497527077,0.00508139113795058,1,0.999253354069792,40.0298881530762,1.99437833978767,11.6100003942847,71.1874943213412,13.8931050621341,250,0.122922948245438,13.0899690568738,0.177900947254404,299.9889526,299.9892578,-586.002563476563,-506.042022705078,56.8150138058522,20.8500621169693,8.512546,0,0,0,40,4449,299.93475,-546.02229309082,,,,,,,,,,,,,0,,,,18.795187,,,,,,299.9891052,,,,
,15570030.255,299.98878475,-645.943206787109,13.1026220447137,0.00679724415730569,1,0.999253354069792,40.0298881530762,1.99435977816416,11.6100003942847,71.2384320500345,13.9025877254369,250,0.122931283400508,13.0994396094803,0.177948434799544,299.9886169,299.9889526,-705.883850097656,-586.002563476563,57.2964969736984,20.8535690171071,8.512546,0,0,0,40,4449,299.93565,-645.943206787109,,,,,,,,,,,,,0,,,,18.7017832,,,,,,299.98878475,,,,
,15570031.365,299.98898315,-755.884033203125,13.1236684867959,0.00716808665725525,1,0.999253354069792,40.0298881530762,1.9943796923036,11.5999998524785,71.3516875526263,13.9351266622833,250,0.124978797917536,13.1204731562829,0.180083155324557,299.9886169,299.9893494,-805.884216308594,-705.883850097656,56.7735874943329,20.8501352709793,9.256284,0,0,0,40,4449,299.93695,-755.884033203125,,,,,,,,,,,,,0,,,,18.6083794,,,,,,299.98898315,,,,
,15570032.385,299.98970035,-855.739440917969,13.1426633194803,0.0115492855951375,1,0.999253354069792,40.0298881530762,1.99429121138733,11.6100003942847,71.4591537898458,13.9153994900013,250,0.117945322432652,13.1394933476015,0.173130665976733,299.9893494,299.9900513,-905.594665527344,-805.884216308594,56.3702671784098,20.8456062199752,8.512546,0,0,0,40,4449,299.93585,-855.739440917969,,,,,,,,,,,,,0,,,,18.6083794,,,,,,299.98970035,,,,
,15570033.45,299.9891663,-965.508209228516,13.1737432968568,0.0120100322624901,1,0.999253354069792,40.0298881530762,1.99490104393959,11.6100003942847,71.6621456028357,13.8842532765968,250,0.105703737996732,13.1706187216296,0.161021775903517,299.9882813,299.9900513,-1025.42175292969,-905.594665527344,55.9208307798521,20.8496256200072,8.884414,0,0,0,40,4449,299.93505,-965.508209228516,,,,,,,,,,,,,0,,,,18.7017832,,,,,,299.9891663,,,,
,15570034.5,299.98907475,-1070.41967773438,13.2045029547624,0.00963039871701856,1,0.999253354069792,40.0298881530762,1.99490904804151,11.6100003942847,71.8254037146865,13.9401783413239,250,0.110255647578171,13.2013530795219,0.165701635741646,299.9882813,299.9898682,-1115.41760253906,-1025.42175292969,56.6852634716598,20.8459000405204,8.884414,0,0,0,40,4449,299.9342,-1070.41967773438,,,,,,,,,,,,,0,,,,18.795187,,,,,,299.98907475,,,,
,15570035.475,299.9896851,-1165.3212890625,13.1913790285264,0.0118751743873611,1,0.999253354069792,40.0298881530762,1.99499342622759,11.6100003942847,71.7564705416903,13.9296080338184,250,0.110642676547176,13.1882297970326,0.166034435619349,299.989502,299.9898682,-1215.22497558594,-1115.41760253906,56.7391958394868,20.8431144341775,8.884414,0,0,0,40,4449,299.9275,-1165.3212890625,,,,,,,,,,,,,0,,,,18.795187,,,,,,299.9896851,,,,
,15570036.625,299.9900055,-1280.13751220703,13.2091352116391,0.0106322126523591,1,0.999253354069792,40.0298881530762,1.99498234488529,11.6100003942847,71.8518475903703,13.952704479265,250,0.111602685318571,13.205978109937,0.167069479921939,299.989502,299.990509,-1345.05004882812,-1215.22497558594,55.6199037999482,20.8409697890458,8.884414,0,0,0,40,4449,299.92185,-1280.13751220703,,,,,,,,,,,,,0,,,,18.7017832,,,,,,299.9900055,,,,
,15570037.9,299.9905853,-1409.97998046875,13.1973439450088,0.0108797786081704,1,0.999253354069792,40.0298881530762,1.99493468276916,11.6100003942847,71.7845640674784,13.947858571606,250,0.112960387856718,13.1941833636687,0.168376366995942,299.990509,299.9906616,-1474.90991210938,-1345.05004882812,56.5344091674483,20.8454859718433,9.256284,0,0,0,40,4449,299.9233,-1409.97998046875,,,,,,,,,,,,,0,,,,18.6083794,,,,,,299.9905853,,,,
,15570039.04,299.9905548,-1524.90344238281,13.206884929872,0.00805009434581806,1,0.999253354069792,40.0298881530762,1.99493576946559,11.6100003942847,71.8390987667499,13.9439307660296,250,0.110469603566312,13.2037329673561,0.165925387687207,299.990448,299.9906616,-1574.89697265625,-1474.90991210938,56.4632809721983,20.8416035777295,8.884414,0,0,0,40,4449,299.92405,-1524.90344238281,,,,,,,,,,,,,0,,,,18.7017832,,,,,,299.9905548,,,,
,15570040.17,299.9894867,-1628.09954833984,13.2021303019454,0.00959603512673407,1,0.999253354069792,40.0298881530762,1.99489437633067,11.6100003942847,71.8108903614808,13.9434610375933,250,0.111317201113729,13.1989763177444,0.166752360951438,299.9885254,299.990448,-1681.30212402344,-1574.89697265625,56.5297193963329,20.8467272850977,9.256284,0,0,0,40,4449,299.9237,-1628.09954833984,,,,,,,,,,,,,0,,,,18.795187,,,,,,299.9894867,,,,
,15570041.275,299.9891815,-1735.98352050781,13.2121750958777,0.0106660764621194,1,0.999253354069792,40.0298881530762,1.99495662181742,11.6100003942847,71.8640192653883,13.974424304882,250,0.115061071058597,13.2090035981485,0.170536642928665,299.9885254,299.9898376,-1790.66491699219,-1681.30212402344,56.516431711506,20.8439271853469,9.256284,0,0,0,40,4449,299.92565,-1735.98352050781,,,,,,,,,,,,,0,,,,18.795187,,,,,,299.9891815,,,,
,15570042.36,299.99053955,-1852.58959960938,13.194275838355,0.00788983280257617,1,0.999253354069792,40.0298881530762,1.99479693615453,11.6100003942847,71.7599760412373,13.9602364357512,250,0.115977236916,13.1911035984292,0.171376249862846,299.9898376,299.9912415,-1914.51428222656,-1790.66491699219,56.3976241765829,20.841974913479,9.256284,0,0,0,40,4449,299.92805,-1852.58959960938,,,,,,,,,,,,,0,,,,18.7017832,,,,,,299.99053955,,,,
,15570043.505,299.9907837,-1969.98614501953,13.1945749632853,0.00992493792798649,1,0.999253354069792,40.0298881530762,1.99497119110403,11.6100003942847,71.7652748256676,13.9748965426591,250,0.118395320089536,13.1913924804748,0.17379421296869,299.9903259,299.9912415,-2025.4580078125,-1914.51428222656,57.1776894387753,20.8443815021075,9.256284,0,0,0,40,4449,299.92905,-1969.98614501953,,,,,,,,,,,,,0,,,,18.51588535,,,,,,299.9907837,,,,
,15570044.575,299.99035645,-2075.48889160156,13.2060902629642,0.010191074223796,1,0.999253354069792,40.0298881530762,1.99493750125887,11.6100003942847,71.8272145499635,13.9842260139406,250,0.118015494611768,13.2029073311341,0.173461980869131,299.9903259,299.990387,-2125.51977539062,-2025.4580078125,56.5226847396598,20.8419748027415,8.884414,0,0,0,40,4449,299.9302,-2075.48889160156,,,,,,,,,,,,,0,,,,18.51588535,,,,,,299.99035645,,,,
,15570045.585,299.99006655,-2175.40051269531,13.1914129556615,0.00974306795831826,1,0.999253354069792,40.0298881530762,1.99479163401168,11.6100003942847,71.7444620766083,13.9558784029355,250,0.11571700821481,13.1882428694725,0.171101714771829,299.9897461,299.990387,-2225.28125,-2125.51977539062,56.4820400566598,20.8380522806932,9.628152,0,0,0,40,4449,299.9303,-2175.40051269531,,,,,,,,,,,,,0,,,,18.6083794,,,,,,299.99006655,,,,
,15570046.68,299.98986815,-2285.14819335938,13.175480039988,0.00883286244718871,1,0.999253354069792,40.0298881530762,1.99477237987763,11.6100003942847,71.661045769697,13.9177954653564,250,0.111705384422096,13.1723302121227,0.167023323744857,299.9897461,299.9899902,-2345.01513671875,-2225.28125,56.5797436215637,20.8420565814125,9.256284,0,0,0,40,4449,299.9304,-2285.14819335938,,,,,,,,,,,,,0,,,,18.79614355,,,,,,299.98986815,,,,
,15570047.805,299.9897003,-2399.98278808594,13.1785501506046,0.00766743552568016,1,0.999253354069792,40.0298881530762,1.99478086249073,11.6100003942847,71.670889339667,13.9596701285688,250,0.118813362524329,13.1753700344063,0.174141715888165,299.9894104,299.9899902,-2454.95043945313,-2345.01513671875,56.6328943608714,20.8462376698663,8.512546,0,0,0,40,4449,299.93205,-2399.98278808594,,,,,,,,,,,,,0,,,,18.79614355,,,,,,299.9897003,,,,
,15570048.885,299.98986815,-2509.73718261719,13.1718088016784,0.0100563832593324,1,0.999253354069792,40.0298881530762,1.99468539390934,11.6100003942847,71.6278453228538,13.9682680265702,250,0.121762250746124,13.1686176822965,0.177060818201862,299.9894104,299.9903259,-2564.52392578125,-2454.95043945313,56.7681160946983,20.8405749592537,9.256284,0,0,0,40,4449,299.93305,-2509.73718261719,,,,,,,,,,,,,0,,,,18.7017832,,,,,,299.98986815,,,,
,15570050.035,299.99020385,-2624.42687988281,13.1644592219054,0.00974170368138904,1,0.999253354069792,40.0298881530762,1.99485726280753,11.6100003942847,71.5871796900102,13.997842767949,250,0.128339389336353,13.1612419022392,0.183604886169722,299.9900818,299.9903259,-2684.32983398438,-2564.52392578125,56.506270540756,20.8418300142962,9.256284,0,0,0,40,4449,299.93385,-2624.42687988281,,,,,,,,,,,,,0,,,,18.795187,,,,,,299.99020385,,,,
,15570051.205,299.99043275,-2739.27258300781,13.1512069693582,0.00933352134188354,1,0.999253354069792,40.0298881530762,1.99474316086684,11.6100003942847,71.5076348256759,14.0018049124259,250,0.131668350670044,13.1479783519971,0.186876586695518,299.9900818,299.9907837,-2794.21533203125,-2684.32983398438,56.7110572127945,20.8475696872311,8.884414,0,0,0,40,4449,299.9349,-2739.27258300781,,,,,,,,,,,,,0,,,,18.795187,,,,,,299.99043275,,,,
,15570052.265,299.99105835,-2844.14538574219,13.16835394609,0.0062705008357524,1,0.999253354069792,40.0298881530762,1.99466069485409,11.6100003942847,71.588815567283,14.0689268201218,250,0.140915297344474,13.1650827778294,0.196192939038528,299.9907837,299.991333,-2894.07543945313,-2794.21533203125,56.587559906756,20.8541164876384,8.512546,0,0,0,40,4449,299.9353,-2844.14538574219,,,,,,,,,,,,,0,,,,18.795187,,,,,,299.99105835,,,,
,15570053.33,299.99053955,-2949.05712890625,13.1655101137622,0.00636337738972581,1,0.999253354069792,40.0298881530762,1.99439454254119,11.6100003942847,71.5691447683064,14.0365645628914,250,0.135837539134654,13.1622611832109,0.191103521320709,299.9897461,299.991333,-3004.03881835937,-2894.07543945313,55.7301134211597,20.8438071004665,8.884414,0,0,0,40,4449,299.9358,-2949.05712890625,,,,,,,,,,,,,0,,,,18.7017832,,,,,,299.99053955,,,,
,15570054.485,299.991272,-3063.95324707031,13.1446854445678,0.00940402441895582,1,0.999253354069792,40.0298881530762,1.99478359704575,11.6100003942847,71.478775751263,13.9671543394051,250,0.126468521349734,13.1414798401956,0.181648049630343,299.9897461,299.9927979,-3123.86767578125,-3004.03881835937,56.1607907352559,20.8495803871887,8.884414,0,0,0,40,4449,299.93665,-3063.95324707031,,,,,,,,,,,,,0,,,,18.6083794,,,,,,299.991272,,,,
,15570055.475,299.99183655,-3163.853515625,13.1288883832932,0.00873979499927019,1,0.999253354069792,40.0298881530762,1.99478359704575,11.6100003942847,71.3897969799616,13.9669552964491,250,0.129362057955491,13.1256736468074,0.184473909491401,299.9908752,299.9927979,-3203.83935546875,-3123.86767578125,56.282724784256,20.8495803871887,8.884414,0,0,0,40,4449,299.9372,-3163.853515625,,,,,,,,,,,,,0,,,,18.7017832,,,,,,299.99183655,,,,
,15570056.455,299.9908905,-3264.12023925781,13.1358386363149,0.00641967149037484,1,0.999253354069792,40.0298881530762,1.99465671477266,11.6100003942847,71.415500276398,14.0148085788988,250,0.137017804753302,13.1325908741392,0.192156526856512,299.9908752,299.9909058,-3324.40112304687,-3203.83935546875,56.9166255133522,20.844464634955,9.256284,0,0,0,40,4449,299.93785,-3264.12023925781,,,,,,,,,,,,,0,,,,18.88954735,,,,,,299.9908905,,,,
,15570057.52,299.9914246,-3374.41906738281,13.1229382338989,0.00940071741089459,1,0.999253354069792,40.0298881530762,1.99464371587098,11.6100003942847,71.3440873811678,14.0053948307608,250,0.13769894143842,13.1196900613405,0.192782563688663,299.9909058,299.9919434,-3424.43701171875,-3324.40112304687,56.2483331294098,20.83866194672,9.256284,0,0,0,40,4449,299.93825,-3374.41906738281,,,,,,,,,,,,,0,,,,18.79614355,,,,,,299.9914246,,,,
,15570058.52,299.9920044,-3474.40441894531,13.1099302497724,0.00950201798771702,1,0.999253354069792,40.0298881530762,1.99466148578067,11.6100003942847,71.2793294987418,13.9628176374681,250,0.13227309343088,13.1067072968205,0.187302566346183,299.9919434,299.9920654,-3524.37182617188,-3424.43701171875,56.2506780149675,20.8450170234841,9.628152,0,0,0,40,4449,299.9382,-3474.40441894531,,,,,,,,,,,,,0,,,,18.6083794,,,,,,299.9920044,,,,
,15570059.625,299.99256895,-3584.38159179687,13.0825380630184,0.00860949532125137,1,0.999253354069792,40.0298881530762,1.99470806874917,11.6100003942847,71.1204479968973,13.9963403807323,250,0.143448859678694,13.079273557812,0.198360278161763,299.9920654,299.9930725,-3644.39135742188,-3524.37182617188,56.3773018350829,20.8446724241126,8.884414,0,0,0,40,4449,299.9384,-3584.38159179687,,,,,,,,,,,,,0,,,,18.6083794,,,,,,299.99256895,,,,
,15570060.875,299.9923401,-3709.37829589844,13.078162572992,0.00912493984132125,1,0.999253354069792,40.0298881530762,1.99464919086064,11.6100003942847,71.104071215203,13.9402712706084,250,0.134041947449034,13.0749386822345,0.188935892843595,299.9916077,299.9930725,-3774.365234375,-3644.39135742188,56.4163832610444,20.8447631045622,9.256284,0,0,0,40,4449,299.9394,-3709.37829589844,,,,,,,,,,,,,0,,,,18.7017832,,,,,,299.9923401,,,,
,15570061.97,299.9916077,-3819.33911132812,13.0696200873553,0.00656408254894132,1,0.999253354069792,40.0298881530762,1.99471333307292,11.6100003942847,71.0432417198994,14.0212050373257,250,0.150403627418403,13.0663296376087,0.205257821879481,299.9916077,299.9916077,-3864.31298828125,-3774.365234375,56.5656743082175,20.8462434864718,9.256284,0,0,0,40,4449,299.9387,-3819.33911132812,,,,,,,,,,,,,0,,,,18.60928915,,,,,,299.9916077,,,,
,15570063.89,299.9926147,-4009.27575683594,13.0666791404241,0.00819011754894275,1,0.999253354069792,40.0298881530762,1.9949595844572,11.6100003942847,71.0419313486188,13.9866845141585,250,0.144304944083565,13.063414630092,0.199146036737057,299.9926147,299.9926147,-4014.33129882812,-4004.22021484375,55.8145293012367,20.8413505193624,8.512546,0,0,0,40,4449,299.9422,-4009.27575683594,,,,,,,,,,,,,0,,,,18.795187,,,,,,299.9926147,,,,
,15570064.58,299.99264525,-4079.18908691406,13.0475179375946,0.00975863099786347,1,0.999253354069792,40.0298881530762,1.99487796436466,11.6100003942847,70.9317582261744,13.982693009697,250,0.147227694175331,13.0442450283097,0.20198781528298,299.9926147,299.9926758,-4144.046875,-4014.33129882812,56.3882446343521,20.8422081502896,9.256284,0,0,0,40,4449,299.9397,-4079.18908691406,,,,,,,,,,,,,0,,,,18.795187,,,,,,299.99264525,,,,
,15570065.735,299.99299625,-4185.49853515625,13.0161667780115,0.00998952127208532,1,0.999253354069792,40.0298881530762,1.99495692175262,11.6100003942847,70.7692939761058,13.9213536664798,250,0.141683772846919,13.0129234215411,0.196312794238293,299.9926758,299.9933167,-4226.9501953125,-4144.046875,56.5680191937752,20.8434879506844,9.256284,0,0,0,40,4449,299.93915,-4185.49853515625,,,,,,,,,,,,,0,,,,18.88954735,,,,,,299.99299625,,,,
,15570066.83,299.99284365,-4293.62573242188,13.0007751981154,0.00857743693327183,1,0.999253354069792,40.0298881530762,1.99481824538284,11.6100003942847,70.6773547515677,13.9226374568145,250,0.144947590538331,12.9975214398251,0.199510405375873,299.9923706,299.9933167,-4360.30126953125,-4226.9501953125,55.9552224346982,20.84427536949,8.512546,0,0,0,40,4449,299.9401,-4293.62573242188,,,,,,,,,,,,,0,,,,18.79614355,,,,,,299.99284365,,,,
,15570067.985,299.9928894,-4417.33544921875,12.9682892351171,0.00766926172663177,1,0.999253354069792,40.0298881530762,1.99476451351034,11.6100003942847,70.4957533140525,13.9044363174975,250,0.147697825175164,12.9650305548663,0.202123307173334,299.9923706,299.9934082,-4474.36962890625,-4360.30126953125,55.8395414138521,20.8473233047925,8.512546,0,0,0,40,4449,299.938,-4417.33544921875,,,,,,,,,,,,,0,,,,18.6083794,,,,,,299.9928894,,,,
,15570069.13,299.9933777,-4535.00244140625,12.9508873436464,0.00774002622892915,1,0.999253354069792,40.0298881530762,1.99482121900499,11.6100003942847,70.4060888537687,13.8700802375915,250,0.144548018131455,12.9476452614812,0.198900472978406,299.9933472,299.9934082,-4595.63525390625,-4474.36962890625,56.6602513590445,20.843806864608,8.512546,0,0,0,40,4449,299.93715,-4535.00244140625,,,,,,,,,,,,,0,,,,18.6083794,,,,,,299.9933777,,,,
,15570070.18,299.99357605,-4640.6318359375,12.9219385097809,0.00861047620851242,1,0.999253354069792,40.0298881530762,1.99476978195757,11.6100003942847,70.2430280034663,13.8598564117531,250,0.148104188174405,12.9186873886415,0.202333459455616,299.9933472,299.9938049,-4685.62841796875,-4595.63525390625,55.7895171886213,20.844160541231,9.256284,0,0,0,40,4449,299.9381,-4640.6318359375,,,,,,,,,,,,,0,,,,18.6083794,,,,,,299.99357605,,,,
,15570071.215,299.99394225,-4740.4443359375,12.9048185678742,0.00859362675811936,1,0.999253354069792,40.0298881530762,1.99473176792364,11.5999998524785,70.1466124762313,13.8522842555548,250,0.149936862806345,12.901563152284,0.204093029630255,299.9938049,299.9940796,-4795.26025390625,-4685.62841796875,57.2542890336599,20.8441988948726,9.256284,0,0,0,40,4449,299.93895,-4740.4443359375,,,,,,,,,,,,,0,,,,18.6083794,,,,,,299.99394225,,,,
,15570072.27,299.99394225,-4845.1806640625,12.8774214241363,0.00835533931104908,1,0.999253354069792,40.0298881530762,1.99483989447742,11.6100003942847,70.002703555616,13.816519875964,250,0.148318412041843,12.8741784499999,0.202359217292687,299.9938049,299.9940796,-4895.10107421875,-4795.26025390625,57.1120326431599,20.8442053169189,9.256284,0,0,0,40,4449,299.93875,-4845.1806640625,,,,,,,,,,,,,0,,,,18.7017832,,,,,,299.99394225,,,,
,15570073.315,299.99391175,-4949.83081054687,12.8435654661561,0.00897799907604148,1,0.999253354069792,40.0298881530762,1.9950157572804,11.6100003942847,69.8232311679578,13.7890900900443,250,0.149344443506727,12.8403251627581,0.203242187578813,299.9938049,299.9940186,-5004.560546875,-4895.10107421875,56.3718304354483,20.8451067579509,9.256284,0,0,0,40,4449,299.93875,-4949.83081054687,,,,,,,,,,,,,0,,,,18.795187,,,,,,299.99391175,,,,
,15570074.47,299.99455265,-5064.37841796875,12.803139445496,0.00681455152942281,1,0.999253354069792,40.0298881530762,1.99474716094454,11.6100003942847,69.5892107818011,13.7714396662318,250,0.153933593762604,12.7998878721992,0.207659958679259,299.9940186,299.9950867,-5124.1962890625,-5004.560546875,56.5883415352752,20.8444170915579,9.256284,0,0,0,40,4449,299.93845,-5064.37841796875,,,,,,,,,,,,,0,,,,18.7017832,,,,,,299.99455265,,,,
,15570075.565,299.9950867,-5174.1767578125,12.7373136132668,0.00709346203309077,1,0.999253354069792,40.0298881530762,1.9948586280366,11.6100003942847,69.2393581542826,13.6789396009499,250,0.149023348698361,12.734095874664,0.202473643246204,299.9950867,299.9950867,-5224.1572265625,-5124.1962890625,56.7251265261406,20.8493513429391,8.884414,0,0,0,40,4449,299.9382,-5174.1767578125,,,,,,,,,,,,,0,,,,18.6083794,,,,,,299.9950867,,,,
,15570076.555,299.99440005,-5274.08911132812,12.6958160718606,0.00828939236100874,1,0.999253354069792,40.0298881530762,1.99507065380275,11.6100003942847,69.0194525654841,13.6437707062268,250,0.150003650156803,12.6926030431644,0.203278964474324,299.9937134,299.9950867,-5324.02099609375,-5224.1572265625,56.3452550657944,20.8408670198656,9.256284,0,0,0,40,4449,299.93765,-5274.08911132812,,,,,,,,,,,,,0,,,,18.79614355,,,,,,299.99440005,,,,
,15570078.485,299.994873,-5468.82421875,12.6002378287467,0.00722901951889847,1,0.999253354069792,40.0298881530762,1.99493329217381,11.6100003942847,68.4981960958546,13.5242750886864,250,0.145961780056817,12.5970610798871,0.198835859940852,299.994873,299.994873,-5473.8427734375,-5463.8056640625,56.6493085597752,20.8397036863159,9.256284,0,0,0,40,4449,299.93505,-5468.82421875,,,,,,,,,,,,,0,,,,18.795187,,,,,,299.994873,,,,
,15570079.05,299.9952545,-5523.7998046875,12.5381816814423,0.00884695296026944,1,0.999253354069792,40.0298881530762,1.99508625151322,11.5999998524785,68.1671831032306,13.4519535036348,250,0.144009953690743,12.5350256329057,0.196623377345885,299.994873,299.995636,-5573.7568359375,-5473.8427734375,56.5070521692752,20.8413027538138,8.884414,0,0,0,40,4449,299.9357,-5523.7998046875,,,,,,,,,,,,,0,,,,18.795187,,,,,,299.9952545,,,,
,15570080.51,299.99549865,-5668.58154296875,12.3884968528936,0.00996418687280323,1,0.999253354069792,40.0298881530762,1.9948967100195,11.6100003942847,67.3468252228827,13.2918430695994,250,0.142606384564269,12.3853771524581,0.194590643291577,299.9953613,299.995636,-5763.40625,-5573.7568359375,56.2975757261213,20.8431315578028,9.256284,0,0,0,40,4449,299.93585,-5668.58154296875,,,,,,,,,,,,,0,,,,18.88954735,,,,,,299.99549865,,,,
,15570082,299.9950409,-5818.228515625,12.276730934121,0.0077602957061681,1,0.999253354069792,40.0298881530762,1.99500071848193,11.6100003942847,66.7306043355388,13.237464436029,250,0.153226731422153,12.2735896610568,0.204738977337824,299.9947205,299.9953613,-5873.05078125,-5763.40625,56.1803314482367,20.8471762171623,9.256284,0,0,0,40,4449,299.934,-5818.228515625,,,,,,,,,,,,,0,,,,18.79614355,,,,,,299.9950409,,,,
,15570083.055,299.9947815,-5923.26733398438,12.2118289974755,0.00801703471277991,1,0.999253354069792,40.0298881530762,1.99503954193181,11.6100003942847,66.38056487526,13.1597670754465,250,0.150954725175852,12.2087106112811,0.20219471422724,299.9947205,299.9948425,-5973.48388671875,-5873.05078125,56.5070521692752,20.8490650878935,8.884414,0,0,0,40,4449,299.93175,-5923.26733398438,,,,,,,,,,,,,0,,,,18.7017832,,,,,,299.9947815,,,,
,15570084.25,299.9950256,-6043.53491210937,12.1328151692525,0.006301006293623,1,0.999253354069792,40.0298881530762,1.99481284298061,11.6100003942847,65.9453957787827,13.0643420007869,250,0.148358060128349,12.1297237423981,0.19926601521478,299.9948425,299.9952087,-6113.5859375,-5973.48388671875,55.8801860968521,20.8437812225837,9.256284,0,0,0,40,4449,299.93195,-6043.53491210937,,,,,,,,,,,,,0,,,,18.7017832,,,,,,299.9950256,,,,
,15570085.28,299.9952087,-6148.45629882813,12.0491937284851,0.00718313608226038,1,0.999253354069792,40.0298881530762,1.99492034552729,11.6100003942847,65.4924057293245,12.985357858084,250,0.149241076126489,12.0461156335126,0.199796803926878,299.9952087,299.9952087,-6183.32666015625,-6113.5859375,56.5351907959675,20.8434904157932,9.256284,0,0,0,40,4449,299.9334,-6148.45629882813,,,,,,,,,,,,,0,,,,18.7017832,,,,,,299.9952087,,,,
,15570086.225,299.99482725,-6243.49609375,11.9630699155342,0.00673029971097794,1,0.999253354069792,40.0298881530762,1.9949766181051,11.6100003942847,65.0296145880901,12.873815862176,250,0.144672573881151,11.9600287643366,0.194866995147021,299.9944458,299.9952087,-6303.66552734375,-6183.32666015625,56.7071490701983,20.8473885084086,9.628152,0,0,0,40,4449,299.93365,-6243.49609375,,,,,,,,,,,,,0,,,,18.795187,,,,,,299.99482725,,,,
,15570087.39,299.9953003,-6358.66650390625,11.8809712898079,0.0093411105527231,1,0.999253354069792,40.0298881530762,1.99490269254796,11.6100003942847,64.5764351514387,12.8096429093445,250,0.148202854271279,11.8779318846939,0.19805122881391,299.9944458,299.9961548,-6413.66748046875,-6303.66552734375,56.5156500829868,20.8425532407054,9.256284,0,0,0,40,4449,299.9332,-6358.66650390625,,,,,,,,,,,,,0,,,,18.795187,,,,,,299.9953003,,,,
,15570088.35,299.9961548,-6453.61572265625,11.7757784056267,0.00866034224482925,1,0.999253354069792,40.0298881530762,1.99490269254796,11.6100003942847,64.007819717362,12.6792972800224,250,0.143783510673763,11.7727786354703,0.193190695432813,299.9961548,299.9961548,-6493.56396484375,-6413.66748046875,56.4093486043714,20.8425532407054,9.256284,0,0,0,40,4449,299.93245,-6453.61572265625,,,,,,,,,,,,,0,,,,18.88954735,,,,,,299.9961548,,,,
,15570089.285,299.9958496,-6548.82177734375,11.6731714194758,0.00837616674263038,1,0.999253354069792,40.0298881530762,1.99500177950553,11.6100003942847,63.4511264691604,12.5804354498806,250,0.144551837669373,11.6701894855122,0.193527636547633,299.9955444,299.9961548,-6604.07958984375,-6493.56396484375,56.6797920720252,20.8418874510828,9.256284,0,0,0,40,4449,299.93175,-6548.82177734375,,,,,,,,,,,,,0,,,,18.79614355,,,,,,299.9958496,,,,
,15570090.295,299.9955444,-6649.17504882813,11.5371365937586,0.00728573541605219,1,0.999253354069792,40.0298881530762,1.99513223577682,11.6100003942847,62.7185378673828,12.4192595494794,250,0.14004861405565,11.5342014436043,0.188453598033897,299.9955444,299.9955444,-6694.2705078125,-6604.07958984375,56.6188250475252,20.8380454078034,8.884414,0,0,0,40,4449,299.9318,-6649.17504882813,,,,,,,,,,,,,0,,,,18.79614355,,,,,,299.9955444,,,,
,15570091.305,299.99635315,-6749.30810546875,11.4210679689867,0.0079090722283043,1,0.999253354069792,40.0298881530762,1.99508145427271,11.6100003942847,62.0867364684636,12.2901467104003,250,0.137931033557672,11.4181650509878,0.185848551692564,299.9955444,299.9971619,-6804.345703125,-6694.2705078125,56.4421770021791,20.8364465928361,8.884414,0,0,0,40,4449,299.9318,-6749.30810546875,,,,,,,,,,,,,0,,,,18.79614355,,,,,,299.99635315,,,,
,15570092.485,299.9961548,-6864.47412109375,11.286555811955,0.0100793918791699,1,0.999253354069792,40.0298881530762,1.99510782386049,11.6100003942847,61.3524506008573,12.1663066992976,250,0.140115872404599,11.283671249864,0.187467576636176,299.9951477,299.9971619,-6924.6025390625,-6804.345703125,56.8877052581406,20.8390906564473,9.256284,0,0,0,40,4449,299.93165,-6864.47412109375,,,,,,,,,,,,,0,,,,18.6083794,,,,,,299.9961548,,,,
,15570093.595,299.99606325,-6974.56323242188,11.0252340162782,0.00975115614971114,1,0.999253354069792,40.0298881530762,1.99504807606056,11.6100003942847,59.9333882952135,11.8669964893513,250,0.133702101225916,11.0224296531542,0.179957472970428,299.9951477,299.9969788,-7024.52392578125,-6924.6025390625,56.2420801012559,20.8397218265746,9.256284,0,0,0,40,4449,299.9314,-6974.56323242188,,,,,,,,,,,,,0,,,,18.6083794,,,,,,299.99606325,,,,
,15570094.735,299.99688725,-7089.59375,10.8840006644316,0.00897115486377081,1,0.999253354069792,40.0298881530762,1.99521385300792,11.6100003942847,59.1643418502584,11.7487754238719,250,0.138018499337478,10.8812066745564,0.183679294574335,299.9967957,299.9969788,-7154.66357421875,-7024.52392578125,56.3499448369098,20.8393144142965,8.884414,0,0,0,40,4449,299.93205,-7089.59375,,,,,,,,,,,,,0,,,,18.7017832,,,,,,299.99688725,,,,
,15570095.935,299.99758915,-7214.63354492188,10.7625596336827,0.00843076081574769,1,0.999253354069792,40.0298881530762,1.99513956158663,11.6100003942847,58.5057866269957,11.5972560999466,250,0.132808691996443,10.7598121955507,0.177958475480289,299.9967957,299.9983826,-7274.603515625,-7154.66357421875,56.719655126506,20.8380495812462,9.256284,0,0,0,40,4449,299.94065,-7214.63354492188,,,,,,,,,,,,,0,,,,18.88954735,,,,,,299.99758915,,,,
,15570096.98,299.9976044,-7319.66015625,10.6312297854543,0.00946331427844287,1,0.999253354069792,40.0298881530762,1.99513936000337,11.6100003942847,57.7878692412184,11.4772966450856,250,0.135146138773829,10.6284994288258,0.179742577177909,299.9968262,299.9983826,-7364.716796875,-7274.603515625,56.6625962446021,20.8409694033257,8.884414,0,0,0,40,4449,299.9462,-7319.66015625,,,,,,,,,,,,,0,,,,18.79614355,,,,,,299.9976044,,,,
,15570098.03,299.99687195,-7419.66748046875,10.5002752631244,0.00728443864921265,1,0.999253354069792,40.0298881530762,1.99515274842273,11.6100003942847,57.0787263621205,11.3235491361649,250,0.131197362532108,10.4975884273647,0.175244772498344,299.9968262,299.9969177,-7474.6181640625,-7364.716796875,56.2889778124098,20.8386691759679,8.884414,0,0,0,40,4449,299.94375,-7419.66748046875,,,,,,,,,,,,,0,,,,18.6083794,,,,,,299.99687195,,,,
,15570099.18,299.9974365,-7534.6201171875,10.3631613467603,0.00781984500961051,1,0.999253354069792,40.0298881530762,1.9953691205829,11.6100003942847,56.3415553289829,11.1649203513838,250,0.127292438004892,10.3605186365347,0.170764598218442,299.9969177,299.9979553,-7594.6220703125,-7474.6181640625,56.5156500829868,20.8436369033419,8.512546,0,0,0,40,4449,299.94285,-7534.6201171875,,,,,,,,,,,,,0,,,,18.6083794,,,,,,299.9974365,,,,
,15570100.365,299.9984436,-7654.62744140625,10.2376658940896,0.00816945773045754,1,0.999253354069792,40.0298881530762,1.99526579083355,11.6100003942847,55.6518937871804,11.0537864574841,250,0.130271198015356,10.2350358787964,0.173215581092673,299.9979553,299.9989319,-7714.6328125,-7594.6220703125,56.6094455052945,20.8382961757645,8.884414,0,0,0,40,4449,299.9412,-7654.62744140625,,,,,,,,,,,,,0,,,,18.6083794,,,,,,299.9984436,,,,
,15570101.335,299.99845885,-7754.716796875,10.0797722295653,0.00824225149911453,1,0.999253354069792,40.0298881530762,1.99526579083355,11.6100003942847,54.7936753848048,10.8828184824652,250,0.128173105010261,10.0771832014795,0.170454662093241,299.9979858,299.9989319,-7794.80078125,-7714.6328125,56.7157469839098,20.8382961757645,8.512546,0,0,0,40,4449,299.9409,-7754.716796875,,,,,,,,,,,,,0,,,,18.6083794,,,,,,299.99845885,,,,
,15570102.33,299.997406,-7853.78466796875,9.93029134432925,0.00781781954495139,1,0.999253354069792,40.0298881530762,1.99521984772747,11.6100003942847,53.9829339387773,10.7047584281944,250,0.123257314319814,9.92775379078262,0.164912104104054,299.9968262,299.9979858,-7912.7685546875,-7794.80078125,56.3890262628713,20.836148277715,9.256284,0,0,0,40,4449,299.9397,-7853.78466796875,,,,,,,,,,,,,0,,,,18.6083794,,,,,,299.997406,,,,
,15570103.48,299.99757385,-7968.61181640625,9.77850001714922,0.00840770398080347,1,0.999253354069792,40.0298881530762,1.99519678905531,11.6100003942847,53.1532008403762,10.5624075755568,250,0.125300605934325,9.77598473479819,0.166317623506845,299.9968262,299.9983215,-8024.455078125,-7912.7685546875,56.7868751791599,20.8360541512272,8.884414,0,0,0,40,4449,299.9373,-7968.61181640625,,,,,,,,,,,,,0,,,,18.79614355,,,,,,299.99757385,,,,
,15570104.54,299.99885555,-8074.80102539063,9.62888910892456,0.00922731878203265,1,0.999253354069792,40.0298881530762,1.99517351212274,11.6100003942847,52.3418901090255,10.3870394967964,250,0.120879458605907,9.6264223866844,0.161269225561526,299.9983215,299.9993896,-8125.14697265625,-8024.455078125,56.3429101802367,20.8409476976378,8.884414,0,0,0,40,4449,299.93485,-8074.80102539063,,,,,,,,,,,,,0,,,,18.79614355,,,,,,299.99885555,,,,
,15570105.7,299.99900815,-8190.13696289063,9.29792780903043,0.00892742722448932,1,0.999253354069792,40.0298881530762,1.99512752153626,11.6100003942847,50.5411193161735,10.0327871941595,250,0.117274313200201,9.29554354552364,0.156275404688562,299.9986267,299.9993896,-8255.126953125,-8125.14697265625,56.3968425480637,20.8414138539099,9.256284,0,0,0,40,4449,299.9328,-8190.13696289063,,,,,,,,,,,,,0,,,,18.6083794,,,,,,299.99900815,,,,
,15570107.735,299.9989319,-8390.0390625,9.1396413448328,0.00855606034287667,1,0.999253354069792,40.0298881530762,1.9951694043449,11.6100003942847,49.6804242755421,9.86924845454282,250,0.116573775696385,9.13729235926109,0.154909727933943,299.9989319,299.9989319,-8395.0654296875,-8385.0126953125,56.7626446950637,20.838770993164,9.256284,0,0,0,40,4449,299.932,-8390.0390625,,,,,,,,,,,,,0,,,,18.79614355,,,,,,299.9989319,,,,
,15570108.35,299.99839785,-8454.95068359375,8.96346495033838,0.00870824137556402,1,0.999253354069792,40.0298881530762,1.99513549046498,11.6100003942847,48.7215441236618,9.68116898000484,250,0.114752987039491,8.961159664045,0.152349591043639,299.9978638,299.9989319,-8514.8359375,-8395.0654296875,56.5226847396598,20.8388395081342,8.884414,0,0,0,40,4449,299.93175,-8454.95068359375,,,,,,,,,,,,,0,,,,18.6083794,,,,,,299.99839785,,,,
,15570109.39,299.99835205,-8559.947265625,8.80389439210184,0.00883499770427338,1,0.999253354069792,40.0298881530762,1.99513549046498,11.6100003942847,47.8556911730876,9.50071198547873,250,0.111222008020942,8.80163644039126,0.148149293154478,299.9978638,299.9988403,-8605.05859375,-8514.8359375,56.7188734979868,20.8388395081342,8.884414,0,0,0,40,4449,299.93025,-8559.947265625,,,,,,,,,,,,,0,,,,18.79614355,,,,,,299.99835205,,,,
,15570110.44,299.99885555,-8665.228515625,8.64810776373621,0.00941621124102171,1,0.999253354069792,40.0298881530762,1.9951812593341,11.6100003942847,47.015069200091,9.30506694739323,250,0.104163603791174,8.64591099985462,0.14043821744925,299.9988403,299.9988708,-8725.3984375,-8605.05859375,56.7321611828137,20.8383373836293,9.256284,0,0,0,40,4449,299.92845,-8665.228515625,,,,,,,,,,,,,0,,,,18.9839077,,,,,,299.99885555,,,,
,15570111.52,299.9986267,-8775.29833984375,8.4689576035458,0.00890778016027482,1,0.999253354069792,40.0298881530762,1.99514509861043,11.6100003942847,46.0354957383906,9.13813198977443,250,0.106775597776819,8.46678646127906,0.142297232830378,299.9983826,299.9988708,-8825.1982421875,-8725.3984375,56.4851665707367,20.8404689306447,9.256284,0,0,0,40,4449,299.9286,-8775.29833984375,,,,,,,,,,,,,0,,,,18.88954735,,,,,,299.9986267,,,,
,15570112.54,299.99809265,-8875.26953125,8.27619841130594,0.00983000646466341,1,0.999253354069792,40.0298881530762,1.99511285768541,11.6100003942847,44.9853705192174,8.93873023067144,250,0.105947676034615,8.27407015625502,0.140660195544103,299.9978027,299.9983826,-8925.3408203125,-8825.1982421875,56.7024592990829,20.8346583053092,9.256284,0,0,0,40,4449,299.92725,-8875.26953125,,,,,,,,,,,,,0,,,,18.88954735,,,,,,299.99809265,,,,
,15570113.685,299.9980621,-8990.2431640625,7.92101060280548,0.0101677147653891,1,0.999253354069792,40.0298881530762,1.99531657677451,11.6100003942847,43.0614258187393,8.54303604549744,250,0.0990291382962184,7.91898367731183,0.132252122363533,299.9978027,299.9983215,-9055.1455078125,-8925.3408203125,56.4968909985252,20.8436857436537,9.256284,0,0,0,40,4449,299.92525,-8990.2431640625,,,,,,,,,,,,,0,,,,18.79614355,,,,,,299.9980621,,,,
,15570114.845,299.99859615,-9105.13916015625,7.73297805687027,0.00869267769730242,1,0.999253354069792,40.0298881530762,1.9952097383832,11.6100003942847,42.0387735900815,8.33034060044289,250,0.0949423833825601,7.73100643691294,0.12737654337035,299.9983215,299.9988708,-9155.1328125,-9055.1455078125,56.8845787440637,20.8374931469754,8.884414,0,0,0,40,4449,299.9252,-9105.13916015625,,,,,,,,,,,,,0,,,,18.7017832,,,,,,299.99859615,,,,
,15570115.885,299.9984741,-9205.24609375,7.55373849663293,0.00934345354663409,1,0.999253354069792,40.0298881530762,1.99515800532645,11.6100003942847,41.0645206857904,8.13066225387613,250,0.0915698949458007,7.55181757238541,0.123252110537781,299.9980774,299.9988708,-9255.359375,-9155.1328125,56.668849272756,20.8361208985993,9.256284,0,0,0,40,4449,299.9249,-9205.24609375,,,,,,,,,,,,,0,,,,18.88954735,,,,,,299.9984741,,,,
,15570117.01,299.9986725,-9320.36279296875,7.35974509548668,0.00994030159298174,1,0.999253354069792,40.0298881530762,1.99513552619141,11.6100003942847,40.0050654256454,7.94552636978785,250,0.0935795950407302,7.35785518735813,0.124446897820675,299.9980774,299.9992676,-9385.3662109375,-9255.359375,56.577398736006,20.837379403305,9.256284,0,0,0,40,4449,299.92385,-9320.36279296875,,,,,,,,,,,,,0,,,,18.79614355,,,,,,299.9986725,,,,
,15570118.02,299.99899295,-9425.4208984375,7.17078827164493,0.00950395540556386,1,0.999253354069792,40.0298881530762,1.99514038965615,11.6100003942847,38.9787968906655,7.73753659713371,250,0.0904411831540557,7.16894994225119,0.12051565113476,299.9987183,299.9992676,-9465.4755859375,-9385.3662109375,56.7329428113329,20.8379965737792,9.256284,0,0,0,40,4449,299.9242,-9425.4208984375,,,,,,,,,,,,,0,,,,18.6083794,,,,,,299.99899295,,,,
,15570118.94,299.9985352,-9515.4267578125,6.98023372687902,0.00926894627213671,1,0.999253354069792,40.0298881530762,1.99516673463179,11.6100003942847,37.9474252554889,7.51071206663586,250,0.0841277043092088,6.97846081302432,0.113403437723484,299.9983521,299.9987183,-9565.3779296875,-9465.4755859375,56.8470605751406,20.8443716737068,9.256284,0,0,0,40,4449,299.92395,-9515.4267578125,,,,,,,,,,,,,0,,,,18.79614355,,,,,,299.9985352,,,,
,15570120.05,299.9983826,-9625.44287109375,6.79792203031048,0.00865223911493327,1,0.999253354069792,40.0298881530762,1.9952372966756,11.6200000047684,36.9571904958024,7.31688914020892,250,0.0823145827323309,6.79619387730794,0.110825339509357,299.9983521,299.9984131,-9685.5078125,-9565.3779296875,56.4484300303329,20.840909741758,9.256284,0,0,0,40,4449,299.9224,-9625.44287109375,,,,,,,,,,,,,0,,,,18.88954735,,,,,,299.9983826,,,,
,15570121.08,299.99920655,-9730.587890625,6.61205165278279,0.00869943786418579,1,0.999253354069792,40.0298881530762,1.99489601644307,11.6100003942847,35.9376696824885,7.13200146704854,250,0.083067222492942,6.61035799237005,0.110797405828852,299.9984131,300,-9775.66796875,-9685.5078125,56.7157469839098,20.8415106875841,9.256284,0,0,0,40,4449,299.9224,-9730.587890625,,,,,,,,,,,,,0,,,,18.7017832,,,,,,299.99920655,,,,
,15570122.185,300.0000458,-9840.93310546875,6.42465166922666,0.00927820524334521,1,0.999253354069792,40.0298881530762,1.99502932936973,11.6100003942847,34.9259459557289,6.90575622592001,250,0.0762054658074169,6.42302477674041,0.103150176605977,300,300.0000916,-9906.1982421875,-9775.66796875,56.3186796961406,20.8409250115913,8.884414,0,0,0,40,4449,299.9227,-9840.93310546875,,,,,,,,,,,,,0,,,,18.79614355,,,,,,300.0000458,,,,
,15570123.435,299.9997864,-9966.36572265625,6.23791022091989,0.00950844937827595,1,0.999253354069792,40.0298881530762,1.99515233069511,11.6100003942847,33.9109923447214,6.715255475717,250,0.0757935208941587,6.23632316165879,0.101954204834692,299.9994812,300.0000916,-10026.533203125,-9906.1982421875,57.024490249006,20.8346243445989,9.256284,0,0,0,40,4449,299.9228,-9966.36572265625,,,,,,,,,,,,,0,,,,18.88954735,,,,,,299.9997864,,,,
,15570124.58,299.9989319,-10081.4580078125,5.84667492198641,0.00996030867452335,1,0.999253354069792,40.0298881530762,1.99520822354908,11.6200000047684,31.7846884831561,6.29592916376818,250,0.071347740255869,5.84518633901422,0.0958671779715492,299.9983826,299.9994812,-10136.3828125,-10026.533203125,56.6133536478906,20.8412953319556,8.512546,0,0,0,40,4449,299.92295,-10081.4580078125,,,,,,,,,,,,,0,,,,18.795187,,,,,,299.9989319,,,,
,15570125.76,299.9994202,-10196.5180664062,5.65401255116591,0.00907642846969121,1,0.999253354069792,40.0298881530762,1.99505780643352,11.6100003942847,30.7382212599617,6.07088653350223,250,0.0658531789705786,5.65258615096066,0.0895648992532088,299.9983826,300.0004578,-10256.6533203125,-10136.3828125,56.7720242372945,20.8389835526762,8.512546,0,0,0,40,4449,299.92285,-10196.5180664062,,,,,,,,,,,,,0,,,,18.7017832,,,,,,299.9994202,,,,
,15570127.375,299.9994965,-10356.712890625,5.25856431322302,0.00968714499595406,1,0.999253354069792,40.0298881530762,1.99541862326275,11.6100003942847,28.5938483830775,5.64483177583282,250,0.0607990552980884,5.25723959638633,0.0828519540582936,299.9985352,300.0004578,-10456.7724609375,-10256.6533203125,56.0341669151405,20.8385578023349,8.512546,0,0,0,40,4449,299.92265,-10356.712890625,,,,,,,,,,,,,0,,,,18.7017832,,,,,,299.9994965,,,,
,15570128.94,299.9985352,-10516.7778320312,5.06727405482054,0.00915171525782527,1,0.999253354069792,40.0298881530762,1.99509668938693,11.6100003942847,27.5488575673579,5.44134665251406,250,0.059085704098957,5.0659956846655,0.0803356544624924,299.9985352,299.9985352,-10576.783203125,-10456.7724609375,56.8189219484483,20.8437547104452,8.512546,0,0,0,40,4449,299.9244,-10516.7778320312,,,,,,,,,,,,,0,,,,18.88954735,,,,,,299.9985352,,,,
,15570130.145,299.99842835,-10636.7329101562,4.86942370539647,0.00968054095788526,1,0.999253354069792,40.0298881530762,1.99507544987473,11.6100003942847,26.474584278977,5.21999855038745,250,0.0551570379350448,4.86820212253057,0.0755771593036595,299.9983215,299.9985352,-10696.6826171875,-10576.783203125,56.1396867652367,20.8444906505527,9.256284,0,0,0,40,4449,299.92575,-10636.7329101562,,,,,,,,,,,,,0,,,,18.79614355,,,,,,299.99842835,,,,
,15570131.19,299.99815365,-10741.7514648438,4.66920475949132,0.00862878110447624,1,0.999253354069792,40.0298881530762,1.99508651229188,11.6100003942847,25.3872148137926,4.9996545548185,250,0.0518363398118014,4.66803789928328,0.0714167771090333,299.9979858,299.9983215,-10786.8203125,-10696.6826171875,56.9471090256022,20.8411973334932,9.256284,0,0,0,40,4449,299.92545,-10741.7514648438,,,,,,,,,,,,,0,,,,18.6083794,,,,,,299.99815365,,,,
,15570132.19,299.99861145,-10841.8505859375,4.47504194161486,0.00954449111122904,1,0.999253354069792,40.0298881530762,1.99514245035044,11.6100003942847,24.331150352379,4.79746260448502,250,0.0507054413911248,4.47391926008637,0.0694711564668067,299.9979858,299.9992371,-10896.880859375,-10786.8203125,57.054973761256,20.8419338107986,9.256284,0,0,0,40,4449,299.92565,-10841.8505859375,,,,,,,,,,,,,0,,,,18.6083794,,,,,,299.99861145,,,,
,15570133.19,299.99902345,-10941.8793945312,4.27380492903305,0.00886383811953328,1,0.999253354069792,40.0298881530762,1.99498459113456,11.6100003942847,23.2347878294662,4.58368516868643,250,0.0488499534764399,4.27273092182886,0.066771384479236,299.9988098,299.9992371,-10986.8779296875,-10896.880859375,56.800944492506,20.8406869631682,8.884414,0,0,0,40,4449,299.9266,-10941.8793945312,,,,,,,,,,,,,0,,,,18.7017832,,,,,,299.99902345,,,,
,15570134.1,299.9988098,-11036.8735351562,4.07721583592233,0.00992422444706029,1,0.999253354069792,40.0298881530762,1.99502753016434,11.6100003942847,22.1661500798551,4.37474170215586,250,0.0469350493704508,4.07618990272395,0.0640317533433289,299.9988098,299.9988098,-11086.869140625,-10986.8779296875,56.3186796961406,20.8480919294474,9.256284,0,0,0,40,4449,299.92755,-11036.8735351562,,,,,,,,,,,,,0,,,,18.7017832,,,,,,299.9988098,,,,
,15570135.225,299.99902345,-11146.8837890625,3.87297860217987,0.00972419273135615,1,0.999253354069792,40.0298881530762,1.9950373600998,11.6100003942847,21.0575756135721,4.14656873496597,250,0.0429227650466111,3.87201102552837,0.0591631528079135,299.9988098,299.9992371,-11206.8984375,-11086.869140625,56.4093486043714,20.8457259242499,9.256284,0,0,0,40,4449,299.92725,-11146.8837890625,,,,,,,,,,,,,0,,,,18.6083794,,,,,,299.99902345,,,,
,15570136.22,299.9992371,-11241.92578125,3.67162284211639,0.00935770779517017,1,0.999253354069792,40.0298881530762,1.99499092393127,11.6100003942847,19.9619941645796,3.93277249790031,250,0.0410351792889149,3.67070412367039,0.0564309207365928,299.9992371,299.9992371,-11276.953125,-11206.8984375,56.8228300910445,20.8454369391355,8.512546,0,0,0,40,4449,299.9277,-11241.92578125,,,,,,,,,,,,,0,,,,18.7017832,,,,,,299.9992371,,,,
,15570137.195,299.99906925,-11342.0043945312,3.4764092393088,0.00946534633102553,1,0.999253354069792,40.0298881530762,1.99491392019483,11.6100003942847,18.9001050776393,3.72264259775117,250,0.0386901054234484,3.47554010773184,0.053267006493216,299.9989014,299.9992371,-11407.0556640625,-11276.953125,56.0998237107559,20.8510968119853,8.884414,0,0,0,40,4449,299.9294,-11342.0043945312,,,,,,,,,,,,,0,,,,18.88954735,,,,,,299.99906925,,,,
,15570138.405,299.99855045,-11466.9770507813,3.28382767018826,0.00879291382508197,1,0.999253354069792,40.0298881530762,1.99502513899233,11.6100003942847,17.8530947013327,3.52188565117102,250,0.037515069185284,3.28300271434997,0.0512840033003439,299.9981995,299.9989014,-11526.8984375,-11407.0556640625,56.7126204698329,20.8455353587432,8.884414,0,0,0,40,4449,299.92955,-11466.9770507813,,,,,,,,,,,,,0,,,,18.88954735,,,,,,299.99855045,,,,
,15570139.515,299.9980774,-11576.8969726563,3.09104730583631,0.00887878383063208,1,0.999253354069792,40.0298881530762,1.99476279054257,11.6100003942847,16.8047268573805,3.30462102682093,250,0.0334618014388815,3.09027861965656,0.0464226009071283,299.9979553,299.9981995,-11626.8955078125,-11526.8984375,56.231918930506,20.8530231834563,8.884414,0,0,0,40,4449,299.92925,-11576.8969726563,,,,,,,,,,,,,0,,,,18.795187,,,,,,299.9980774,,,,
,15570140.63,299.9984436,-11686.9287109375,2.69760612942138,0.0089102454784028,1,0.999253354069792,40.0298881530762,1.99465317825631,11.6100003942847,14.6637130630517,2.89060079806932,250,0.0304438419434621,2.69693006250479,0.0417544893389713,299.9979553,299.9989319,-11746.9619140625,-11626.8955078125,55.9395898643136,20.8471616154126,9.256284,0,0,0,40,4449,299.92955,-11686.9287109375,,,,,,,,,,,,,0,,,,18.795187,,,,,,299.9984436,,,,
,15570141.82,299.99832155,-11806.9697265625,2.49642663543402,0.0096682446790831,1,0.999253354069792,40.0298881530762,1.994815994466,11.6100003942847,13.5725639666909,2.66797591520166,250,0.0268400273299793,2.49580662056047,0.0373071727537943,299.9977112,299.9989319,-11866.9775390625,-11746.9619140625,56.6633778731214,20.8465110806323,9.256284,0,0,0,40,4449,299.93135,-11806.9697265625,,,,,,,,,,,,,0,,,,18.7017832,,,,,,299.99832155,,,,
,15570142.9,299.99861145,-11917.0288085938,2.29503101458236,0.00945702230797798,1,0.999253354069792,40.0298881530762,1.9948475419601,11.6100003942847,12.4771302287271,2.45644069521515,250,0.0253471531801112,2.29445819336316,0.0349695537499876,299.9977112,299.9995117,-11967.080078125,-11866.9775390625,56.340565294679,20.8454461180977,9.256284,0,0,0,40,4449,299.93215,-11917.0288085938,,,,,,,,,,,,,0,,,,18.6083794,,,,,,299.99861145,,,,
,15570143.96,299.999115,-12022.1552734375,2.10113709035824,0.00917208708189203,1,0.999253354069792,40.0298881530762,1.99468426688232,11.6100003942847,11.4225568699274,2.24625532810653,250,0.0227514096186997,2.10061454278731,0.0315608453897877,299.9987183,299.9995117,-12077.23046875,-11967.080078125,56.2639656997944,20.8455134919205,8.884414,0,0,0,40,4449,299.93155,-12022.1552734375,,,,,,,,,,,,,0,,,,18.6083794,,,,,,299.999115,,,,
,15570145.195,299.99865725,-12142.2485351562,1.90528342517026,0.00898175659298463,1,0.999253354069792,40.0298881530762,1.99476931498995,11.6100003942847,10.3582913999362,2.03676241351585,250,0.0205946720737248,1.90480978677993,0.0285827966436618,299.9985962,299.9987183,-12207.2666015625,-12077.23046875,56.5578580230252,20.8535728564652,9.256284,0,0,0,40,4449,299.93225,-12142.2485351562,,,,,,,,,,,,,0,,,,18.79614355,,,,,,299.99865725,,,,
,15570146.35,299.99798585,-12257.2788085938,1.71410504097305,0.00886952018028641,1,0.999253354069792,40.0298881530762,1.99478704458603,11.5999998524785,9.31943275490727,1.83012342279695,250,0.0181090628944191,1.71368074080189,0.0252956218080525,299.9973755,299.9985962,-12307.291015625,-12207.2666015625,57.3473028274484,20.848176030307,8.512546,0,0,0,40,4449,299.93195,-12257.2788085938,,,,,,,,,,,,,0,,,,18.9839077,,,,,,299.99798585,,,,
,15570147.335,299.9983063,-12357.26171875,1.51964685562515,0.00906269236316783,1,0.999253354069792,40.0298881530762,1.99483049157354,11.6100003942847,8.26245287813939,1.62201930401187,250,0.0159595510150394,1.5192710798587,0.0223307666686488,299.9973755,299.9992371,-12407.232421875,-12307.291015625,56.4335790884675,20.8493843337984,8.884414,0,0,0,40,4449,299.93125,-12357.26171875,,,,,,,,,,,,,0,,,,18.9839077,,,,,,299.9983063,,,,
,15570148.405,299.99832155,-12462.2241210938,1.32430832602741,0.0090226316609311,1,0.999253354069792,40.0298881530762,1.99466876789004,11.6100003942847,7.20034274265467,1.4105430484282,250,0.0133818717013588,1.3239830689382,0.0189341398301249,299.997406,299.9992371,-12517.2158203125,-12407.232421875,56.0537076281213,20.8487608574154,9.256284,0,0,0,40,4449,299.9312,-12462.2241210938,,,,,,,,,,,,,0,,,,18.9839077,,,,,,299.99832155,,,,
,15570149.5,299.9978485,-12572.232421875,1.12799938830611,0.00911477017754833,1,0.999253354069792,40.0298881530762,1.99472084329148,11.6100003942847,6.1320662726776,1.2073568809843,250,0.0124768313653005,1.12771785135494,0.0172057438532646,299.997406,299.998291,-12627.2490234375,-12517.2158203125,56.4179465180829,20.8511682538096,9.256284,0,0,0,40,4449,299.9322,-12572.232421875,,,,,,,,,,,,,0,,,,18.9839077,,,,,,299.9978485,,,,
,15570150.54,299.99902345,-12677.21875,0.934580123770599,0.00907460127071383,1,0.999253354069792,40.0298881530762,1.99484531686105,11.6100003942847,5.08094784396758,1.00015018650844,250,0.0102933105762779,0.934347016005297,0.0142112745966155,299.998291,299.9997559,-12727.1884765625,-12627.2490234375,55.9560040632175,20.8440562581727,8.512546,0,0,0,40,4449,299.93375,-12677.21875,,,,,,,,,,,,,0,,,,18.79614355,,,,,,299.99902345,,,,
,15570151.595,299.99969485,-12782.3232421875,0.740226343083033,0.00906948239532814,1,0.999253354069792,40.0298881530762,1.99444903068405,11.6100003942847,4.02438469513982,0.787465910760652,250,0.0073190312480169,0.740045197015779,0.0104223313331702,299.9996338,299.9997559,-12837.4580078125,-12727.1884765625,56.9596150819099,20.8471192653646,8.884414,0,0,0,40,4449,299.93465,-12782.3232421875,,,,,,,,,,,,,0,,,,18.6083794,,,,,,299.99969485,,,,
,15570152.66,299.9991913,-12887.4985351562,0.349616784016041,0.0089499322227294,1,0.999253354069792,40.0298881530762,1.99462902136107,11.6100003942847,1.89976023078275,0.378253735657641,250,0.00461206268287781,0.349526390459841,0.00607752668272361,299.9987488,299.9996338,-12937.5390625,-12837.4580078125,56.211596589006,20.8498424057025,9.256284,0,0,0,40,4449,299.93465,-12887.4985351562,,,,,,,,,,,,,0,,,,18.7017832,,,,,,299.9991913,,,,
,15570156.775,299.9990845,-13303.6572265625,-0.227751635209889,0.008856495775046,1,0.999253354069792,40.0298881530762,1.99475882838795,11.6100003942847,-1.2384811616282,-0.232919982168573,25,-0.000581481716148448,-0.227702921352742,-0.00153654579366412,299.9990845,299.9990845,-13318.71484375,-13288.599609375,56.5609845371021,20.8469714644102,9.256284,0,0,0,40,4449,299.93975,-13303.6572265625,,,,,,,,,,,,,0,,,,18.6083794,,,,,,299.9990845,,,,
,15570157.405,299.99931335,-13368.7944335938,-0.418952682559402,0.00881536535213954,1,0.999253354069792,40.0298881530762,1.99475882838795,11.6100003942847,-2.27635182537998,-0.438456120516031,25,-0.00290704523142207,-0.418855364492972,-0.00466351406764253,299.9990845,299.9995422,-13418.8740234375,-13318.71484375,56.5273745107752,20.8469714644102,8.884414,0,0,0,40,4449,299.93915,-13368.7944335938,,,,,,,,,,,,,0,,,,18.7017832,,,,,,299.99931335,,,,
,15570158.49,299.99942015,-13473.9125976563,-0.611103615525633,0.00893397293148484,1,0.999253354069792,40.0298881530762,1.99479535948132,11.6100003942847,-3.32070629573682,-0.63818448802105,25,-0.00398689185449272,-0.610962727555137,-0.00654897036568317,299.9992981,299.9995422,-13528.951171875,-13418.8740234375,56.3343122665252,20.8509484360613,9.256284,0,0,0,40,4449,299.939,-13473.9125976563,,,,,,,,,,,,,0,,,,18.795187,,,,,,299.99942015,,,,
,15570159.61,299.9994507,-13583.9956054687,-0.994634543913238,0.00890352150455793,1,0.999253354069792,40.0298881530762,1.99468657535046,11.6100003942847,-5.40338328859874,-1.04471499128638,25,-0.00760283482736558,-0.9944005689753,-0.011772591199789,299.9992981,299.9996033,-13639.0400390625,-13528.951171875,56.4624993436791,20.8475254555821,9.256284,0,0,0,40,4449,299.9388,-13583.9956054687,,,,,,,,,,,,,0,,,,18.88954735,,,,,,299.9994507,,,,
,15570160.735,299.9996643,-13699.1015625,-1.18317112746797,0.00903133772707181,1,0.999253354069792,40.0298881530762,1.99476889941236,11.6100003942847,-6.42809537412818,-1.24159410209501,25,-0.00882340084718273,-1.18289372425769,-0.0137835296211422,299.9996033,299.9997253,-13759.1630859375,-13639.0400390625,56.2483331294098,20.8475867651707,8.512546,0,0,0,40,4449,299.9377,-13699.1015625,,,,,,,,,,,,,0,,,,18.79614355,,,,,,299.9996643,,,,
,15570161.96,299.99885555,-13824.197265625,-1.37052844676746,0.0084856138903433,1,0.999253354069792,40.0298881530762,1.99492836688008,11.6100003942847,-7.44637027255493,-1.4394279948724,25,-0.0104252619968696,-1.37020630807966,-0.01617070678077,299.9979858,299.9997253,-13889.2314453125,-13759.1630859375,56.8681645451599,20.8485500523943,8.512546,0,0,0,40,4449,299.9368,-13824.197265625,,,,,,,,,,,,,0,,,,18.79614355,,,,,,299.99885555,,,,
,15570163.085,299.99867245,-13939.2045898438,-1.56152616963496,0.00857617475917574,1,0.999253354069792,40.0298881530762,1.99485748148697,11.6100003942847,-8.48459637123811,-1.63571599725307,25,-0.0110961920592078,-1.56116243699701,-0.0176423911927055,299.9979858,299.9993591,-13989.177734375,-13889.2314453125,56.5445703381983,20.8480430881898,9.256284,0,0,0,40,4449,299.936,-13939.2045898438,,,,,,,,,,,,,0,,,,18.79614355,,,,,,299.99867245,,,,
,15570164.085,299.99952695,-14034.1396484375,-1.7470035534981,0.00860635274878074,1,0.999253354069792,40.0298881530762,1.99492586681829,11.6100003942847,-9.49223524501188,-1.83262680526298,25,-0.0128848190622721,-1.74659459863944,-0.0202083768012779,299.9993591,299.9996948,-14079.1015625,-13989.177734375,56.3343122665252,20.8464085254906,9.256284,0,0,0,40,4449,299.9358,-14034.1396484375,,,,,,,,,,,,,0,,,,18.6083794,,,,,,299.99952695,,,,
,15570165.195,299.99983215,-14144.115234375,-1.93046818359408,0.00905089298492584,1,0.999253354069792,40.0298881530762,1.99470497171102,11.6100003942847,-10.4886601438622,-2.02101627858536,25,-0.0135306489952501,-1.9300192362631,-0.0216233477599963,299.9996948,299.9999695,-14209.12890625,-14079.1015625,56.5602029085829,20.8476429991983,9.256284,0,0,0,40,4449,299.93465,-14144.115234375,,,,,,,,,,,,,0,,,,18.79614355,,,,,,299.99983215,,,,
,15570166.43,299.9998627,-14269.1401367188,-2.12114691413088,0.00903387919037622,1,0.999253354069792,40.0298881530762,1.99505393202983,11.6100003942847,-11.5271804225244,-2.2180244057755,25,-0.0143171446283106,-2.12065593757026,-0.0232091932669017,299.9997559,299.9999695,-14329.1513671875,-14209.12890625,56.221757759756,20.84960191959,8.884414,0,0,0,40,4449,299.9328,-14269.1401367188,,,,,,,,,,,,,0,,,,18.79614355,,,,,,299.9998627,,,,
,15570167.51,299.99925235,-14374.1547851562,-2.31053860728247,0.00874995256626776,1,0.999253354069792,40.0298881530762,1.99508452564222,11.6100003942847,-12.5555207490171,-2.42192496327182,25,-0.0166656728497461,-2.30999936591226,-0.0263513661267291,299.9987488,299.9997559,-14419.158203125,-14329.1513671875,56.3178980676213,20.8492251708336,9.256284,0,0,0,40,4449,299.931,-14374.1547851562,,,,,,,,,,,,,0,,,,18.6083794,,,,,,299.99925235,,,,
,15570169.375,299.9993896,-14559.3002929687,-2.6677715876955,0.00954489678566378,1,0.999253354069792,40.0298881530762,1.99497946684678,11.6100003942847,-14.496171176314,-2.7952533943626,25,-0.0190621300402841,-2.66714975212505,-0.0302450244640581,299.9993896,299.9993896,-14569.3154296875,-14549.28515625,56.6258597041983,20.8505373329401,9.256284,0,0,0,40,4449,299.9316,-14559.3002929687,,,,,,,,,,,,,0,,,,18.9839077,,,,,,299.9993896,,,,
,15570170.025,299.99887085,-14624.3764648438,-2.85594040745829,0.00910005526228402,1,0.999253354069792,40.0298881530762,1.99494117553674,11.6100003942847,-15.5199129319863,-2.98395745425363,25,-0.0188627273613384,-2.85528124436807,-0.0308346697537887,299.9983521,299.9993896,-14679.4375,-14569.3154296875,57.4840878183138,20.8477651569333,9.256284,0,0,0,40,4449,299.92995,-14624.3764648438,,,,,,,,,,,,,0,,,,18.79614355,,,,,,299.99887085,,,,
,15570174.205,299.99931335,-15044.2265625,-3.56150056125592,0.00799489822626035,1,0.999253354069792,40.0298881530762,1.99498086295752,11.6100003942847,-19.3814520923897,-3.71629841173814,250,-0.0217328453726807,-3.56068607034187,-0.0366621330995452,299.9987793,299.9998474,-15049.205078125,-15039.248046875,56.7728058658137,20.8501520373425,9.256284,0,0,0,40,4449,299.92525,-15044.2265625,,,,,,,,,,,,,0,,,,18.795187,,,,,,299.99931335,,,,
,15570174.9,299.99790955,-15114.25390625,-3.7192522808168,0.00780928369662822,1,0.999253354069792,40.0298881530762,1.99505817581498,11.6100003942847,-20.2412016563992,-3.87830729948616,250,-0.0221916269520665,-3.7184040397495,-0.0377820828420881,299.9970398,299.9987793,-15179.302734375,-15049.205078125,56.5226847396598,20.8519898796276,9.256284,0,0,0,40,4449,299.9259,-15114.25390625,,,,,,,,,,,,,0,,,,18.88954735,,,,,,299.99790955,,,,
,15570175.985,299.99819945,-15224.357421875,-3.8770477885326,0.00695120938314762,1,0.999253354069792,40.0298881530762,1.9951593648183,11.6100003942847,-21.1014257658103,-4.04081829746755,250,-0.022723666083322,-3.87616526338961,-0.038975379821464,299.9970398,299.9993591,-15269.412109375,-15179.302734375,56.3288408668906,20.8477985654541,8.512546,0,0,0,40,4449,299.9259,-15224.357421875,,,,,,,,,,,,,0,,,,18.79614355,,,,,,299.99819945,,,,
,15570176.93,299.99946595,-15319.4052734375,-4.02277365595674,0.00680843540775444,1,0.999253354069792,40.0298881530762,1.99515973916547,11.6100003942847,-21.8952793190347,-4.18884363892484,250,-0.0228701292946229,-4.02186075885022,-0.0397326405206198,299.9993591,299.9995728,-15369.3984375,-15269.412109375,56.4898563418521,20.8500583544394,8.884414,0,0,0,40,4449,299.9251,-15319.4052734375,,,,,,,,,,,,,0,,,,18.6083794,,,,,,299.99946595,,,,
,15570178.015,299.99896245,-15429.439453125,-4.15845478088946,0.00629617425681192,1,0.999253354069792,40.0298881530762,1.99533226455972,11.5999998524785,-22.6370212248725,-4.3232441154223,250,-0.0223117937540219,-4.15751677278167,-0.0397430564229027,299.9983521,299.9995728,-15489.48046875,-15369.3984375,56.7438856106022,20.8434354818423,8.884414,0,0,0,40,4449,299.9246,-15429.439453125,,,,,,,,,,,,,0,,,,18.79614355,,,,,,299.99896245,,,,
,15570179.11,299.99850465,-15539.494140625,-4.31162545434784,0.00809647310089115,1,0.999253354069792,40.0298881530762,1.99497446772784,11.6100003942847,-23.4658595830664,-4.48634481332479,250,-0.0239862543567539,-4.31064942183452,-0.0420591274322384,299.9983521,299.9986572,-15589.5078125,-15489.48046875,56.2600575571983,20.8456004151765,9.256284,0,0,0,40,4449,299.9241,-15539.494140625,,,,,,,,,,,,,0,,,,18.79614355,,,,,,299.99850465,,,,
,15570180.205,299.9990387,-15649.4809570313,-4.48709829556481,0.00834979220207465,1,0.999253354069792,40.0298881530762,1.99443729226385,11.6100003942847,-24.4133124056042,-4.67385349539402,250,-0.0260921311129604,-4.48607775702758,-0.0448998978829854,299.9986572,299.9994202,-15709.4541015625,-15589.5078125,56.2201945027175,20.8424417299124,9.256284,0,0,0,40,4449,299.92515,-15649.4809570313,,,,,,,,,,,,,0,,,,18.6083794,,,,,,299.9990387,,,,
,15570181.375,299.9990845,-15764.431640625,-4.65669325888411,0.00775155692070141,1,0.999253354069792,40.0298881530762,1.99515828843957,11.6100003942847,-25.3455475172172,-4.84910516888125,250,-0.0265076101290429,-4.65563656871387,-0.046026004987406,299.9987488,299.9994202,-15819.4091796875,-15709.4541015625,56.8204852054868,20.8445427833196,9.256284,0,0,0,40,4449,299.92515,-15764.431640625,,,,,,,,,,,,,0,,,,18.79614355,,,,,,299.9990845,,,,
,15570182.375,299.9988556,-15864.4575195313,-4.82927684661649,0.0075013684928518,1,0.999253354069792,40.0298881530762,1.99509138138462,11.6100003942847,-26.2831949291995,-5.03315968630362,250,-0.02831701084332,-4.82817759707926,-0.0485583302417378,299.9987488,299.9989624,-15909.505859375,-15819.4091796875,56.2209761312367,20.8486263260707,9.256284,0,0,0,40,4449,299.9248,-15864.4575195313,,,,,,,,,,,,,0,,,,18.79614355,,,,,,299.9988556,,,,
,15570183.29,299.9989624,-15954.5268554687,-5.00060403646413,0.00777170532263866,1,0.999253354069792,40.0298881530762,1.99509138138462,11.6100003942847,-27.2137327868229,-5.22199523501604,250,-0.0312077985728337,-4.99945788926435,-0.0521665623835908,299.9989624,299.9989624,-15999.5478515625,-15909.505859375,56.4367056025444,20.8486263260707,8.512546,0,0,0,40,4449,299.9245,-15954.5268554687,,,,,,,,,,,,,0,,,,18.6083794,,,,,,299.9989624,,,,
,15570184.42,299.9992523,-16064.5502929687,-5.33607599688856,0.00805397221158998,1,0.999253354069792,40.0298881530762,1.99495167499802,11.6100003942847,-29.0350749971232,-5.58457806996141,250,-0.0356218116847262,-5.33484322306173,-0.057985673189687,299.9989624,299.9995422,-16129.552734375,-15999.5478515625,56.6117903908521,20.8506636561971,9.256284,0,0,0,40,4449,299.92555,-16064.5502929687,,,,,,,,,,,,,0,,,,18.6083794,,,,,,299.9992523,,,,
,15570185.755,299.9983978,-16199.5825195313,-5.49835200995458,0.00758875029991434,1,0.999253354069792,40.0298881530762,1.99514586722928,11.6100003942847,-29.9202172142083,-5.75866320545942,250,-0.0373856533336361,-5.49707911149176,-0.0604290524864127,299.9972534,299.9995422,-16269.6123046875,-16129.552734375,56.5398805670829,20.8470981397637,9.256284,0,0,0,40,4449,299.925,-16199.5825195313,,,,,,,,,,,,,0,,,,18.6083794,,,,,,299.9983978,,,,
,15570186.89,299.9972534,-16314.5629882812,-5.66151970125097,0.00750746484588674,1,0.999253354069792,40.0298881530762,1.99516763994493,11.6100003942847,-30.8095075408065,-5.92392253212874,250,-0.0374499839922011,-5.6602136917143,-0.0611770152261898,299.9972534,299.9972534,-16359.513671875,-16269.6123046875,56.6407106460637,20.8422848028592,9.256284,0,0,0,40,4449,299.92485,-16314.5629882812,,,,,,,,,,,,,0,,,,18.6083794,,,,,,299.9972534,,,,
,15570187.94,299.99798585,-16419.8427734375,-5.82948301940514,0.00750240076949737,1,0.999253354069792,40.0298881530762,1.99486240153878,11.6100003942847,-31.7177366180931,-6.10458998401307,250,-0.0396316003121192,-5.82813367668138,-0.06406177337071,299.9972534,299.9987183,-16480.171875,-16359.513671875,56.7571732954291,20.8400812460769,8.512546,0,0,0,40,4449,299.9265,-16419.8427734375,,,,,,,,,,,,,0,,,,18.79614355,,,,,,299.99798585,,,,
,15570189.015,299.9989014,-16525.25,-5.99015525425663,0.00770437073651398,1,0.999253354069792,40.0298881530762,1.99499044087747,11.6100003942847,-32.5917911994022,-6.28503882025773,250,-0.0428905562411567,-5.98875948022033,-0.0679932069587597,299.9987183,299.9990845,-16570.328125,-16480.171875,56.5867782782368,20.849171677262,9.256284,0,0,0,40,4449,299.9266,-16525.25,,,,,,,,,,,,,0,,,,18.88954735,,,,,,299.9989014,,,,
,15570190.39,299.99902345,-16665.44921875,-6.30883094562714,0.00802722888931511,1,0.999253354069792,40.0298881530762,1.99492381709563,11.6100003942847,-34.3243217308181,-6.62043938693506,250,-0.0454028043173163,-6.30735998001947,-0.0718403105155315,299.9989624,299.9990845,-16760.5703125,-16570.328125,56.7345060683714,20.8392101338132,9.256284,0,0,0,40,4449,299.92635,-16665.44921875,,,,,,,,,,,,,0,,,,18.7017832,,,,,,299.99902345,,,,
,15570191.815,299.99916075,-16810.5771484375,-6.47111002269856,0.00718857209401899,1,0.999253354069792,40.0298881530762,1.9951764804693,11.6100003942847,-35.2111083065508,-6.79410233609416,250,-0.0470357213911136,-6.46959931149977,-0.0741524677600915,299.9989624,299.9993591,-16860.583984375,-16760.5703125,56.6743206723906,20.8357633046663,9.256284,0,0,0,40,4449,299.92715,-16810.5771484375,,,,,,,,,,,,,0,,,,18.7017832,,,,,,299.99916075,,,,
,15570192.89,299.999176,-16915.6357421875,-6.62842700964241,0.00739139464824454,1,0.999253354069792,40.0298881530762,1.99521612828741,11.6100003942847,-36.0680062292095,-6.95836335379608,250,-0.0479884304869831,-6.62688043710108,-0.0757637795428292,299.9989929,299.9993591,-16970.6875,-16860.583984375,56.5938129349098,20.8372053660356,8.884414,0,0,0,40,4449,299.929,-16915.6357421875,,,,,,,,,,,,,0,,,,18.7017832,,,,,,299.999176,,,,
,15570194.055,299.9992218,-17030.7080078125,-6.78663468011112,0.00748871879944993,1,0.999253354069792,40.0298881530762,1.99520348707971,11.6100003942847,-36.9269439978985,-7.13361086462684,250,-0.0508244209658222,-6.7850441474365,-0.0792618765619224,299.9989929,299.9994507,-17090.728515625,-16970.6875,56.8259566051214,20.8331331120261,9.256284,0,0,0,40,4449,299.9288,-17030.7080078125,,,,,,,,,,,,,0,,,,18.6083794,,,,,,299.9992218,,,,
,15570195.12,299.9990082,-17140.697265625,-6.9396796568044,0.00742404637921043,1,0.999253354069792,40.0298881530762,1.99523654662993,11.6100003942847,-37.759757212981,-7.2974812458428,250,-0.0525001699973553,-6.93805114667819,-0.0815782762486742,299.9985657,299.9994507,-17190.666015625,-17090.728515625,56.8830154870253,20.8343669780973,9.256284,0,0,0,40,4449,299.92905,-17140.697265625,,,,,,,,,,,,,0,,,,18.79614355,,,,,,299.9990082,,,,
,15570196.135,299.99858095,-17245.701171875,-7.09061059334862,0.00787085243634005,1,0.999253354069792,40.0298881530762,1.99498289329197,11.6100003942847,-38.5742237228176,-7.46599602731213,250,-0.0556113439293314,-7.08893858448271,-0.0853208722635219,299.9985657,299.9985962,-17300.736328125,-17190.666015625,56.4820400566598,20.833234277159,8.512546,0,0,0,40,4449,299.92995,-17245.701171875,,,,,,,,,,,,,0,,,,18.9839077,,,,,,299.99858095,,,,
,15570197.23,299.99839785,-17350.6591796875,-7.24489828361389,0.00816280481628872,1,0.999253354069792,40.0298881530762,1.99505154712826,11.6100003942847,-39.4148390378293,-7.62903666402235,250,-0.0568823458431252,-7.24318974866749,-0.0872377308857546,299.9981995,299.9985962,-17400.58203125,-17300.736328125,56.7376325824483,20.8373467677767,9.256284,0,0,0,40,4449,299.9307,-17350.6591796875,,,,,,,,,,,,,0,,,,18.79614355,,,,,,299.99839785,,,,
,15570198.235,299.99842835,-17450.607421875,-7.39849064015432,0.0078616138215975,1,0.999253354069792,40.0298881530762,1.99498818503151,11.6100003942847,-40.2518021984152,-7.77644654107227,250,-0.0555036210023761,-7.39675677986761,-0.0865023924626948,299.9981995,299.9986572,-17500.6328125,-17400.58203125,56.8658196596022,20.8410158386836,8.884414,0,0,0,40,4449,299.9322,-17450.607421875,,,,,,,,,,,,,0,,,,18.79614355,,,,,,299.99842835,,,,
,15570199.31,299.99864195,-17560.7265625,-7.54382120500169,0.00734920312811782,1,0.999253354069792,40.0298881530762,1.99494617485383,11.6100003942847,-41.0398665023185,-7.93858575337358,250,-0.058346978523672,-7.54204594974425,-0.0899536340235136,299.9986267,299.9986572,-17620.8203125,-17500.6328125,56.6375841319868,20.8357767628192,8.512546,0,0,0,40,4449,299.9332,-17560.7265625,,,,,,,,,,,,,0,,,,18.9839077,,,,,,299.99864195,,,,
,15570200.49,299.99894715,-17675.8125,-7.69551520547404,0.00692923739998342,1,0.999253354069792,40.0298881530762,1.99485621872559,11.6100003942847,-41.8599796148201,-8.11561261500473,250,-0.0627791898131168,-7.69369056830308,-0.0950201582883748,299.9986267,299.9992676,-17730.8046875,-17620.8203125,56.8681645451599,20.8310762512257,9.256284,0,0,0,40,4449,299.93315,-17675.8125,,,,,,,,,,,,,0,,,,18.9839077,,,,,,299.99894715,,,,
,15570201.575,299.9983826,-17785.814453125,-7.990554520575,0.00626175721328233,1,0.999253354069792,40.0298881530762,1.99517915846613,11.6100003942847,-43.4722736289583,-8.42507811668138,250,-0.0646340529145981,-7.9886624527171,-0.0981108048831997,299.9974976,299.9992676,-17840.82421875,-17730.8046875,56.7001144135252,20.8400746168436,8.512546,0,0,0,40,4449,299.9319,-17785.814453125,,,,,,,,,,,,,0,,,,18.9839077,,,,,,299.9983826,,,,
,15570202.7,299.9967041,-17900.8876953125,-8.13866029723532,0.00724077361333312,1,0.999253354069792,40.0298881530762,1.99479742826378,11.6100003942847,-44.2680271131623,-8.58909573101479,250,-0.067568644358489,-8.13672643023607,-0.101665115145273,299.9959106,299.9974976,-17960.951171875,-17840.82421875,56.5406621956021,20.8384413951019,8.884414,0,0,0,40,4449,299.93045,-17900.8876953125,,,,,,,,,,,,,0,,,,18.9839077,,,,,,299.9967041,,,,
,15570203.915,299.99679565,-18021,-8.26553137994595,0.00857924190415657,1,0.999253354069792,40.0298881530762,1.99476579494804,11.6100003942847,-44.9549688324158,-8.73603540459358,250,-0.0710424545685236,-8.26355727275876,-0.10566920832223,299.9959106,299.9976807,-18081.048828125,-17960.951171875,56.7048041846406,20.8438212722263,8.884414,0,0,0,40,4449,299.93105,-18021,,,,,,,,,,,,,0,,,,18.9839077,,,,,,299.99679565,,,,
,15570205.04,299.99783325,-18130.9775390625,-8.4122801247151,0.00787446229592108,1,0.999253354069792,40.0298881530762,1.99490540557375,11.6100003942847,-45.7562221613021,-8.89180472744627,250,-0.0723155901445287,-8.41027066939229,-0.107556429849109,299.9976807,299.9979858,-18180.90625,-18081.048828125,56.7165286124291,20.8359824449913,8.512546,0,0,0,40,4449,299.9315,-18130.9775390625,,,,,,,,,,,,,0,,,,18.79614355,,,,,,299.99783325,,,,
,15570206.13,299.99807735,-18240.875,-8.56149813648942,0.00723852240949265,1,0.999253354069792,40.0298881530762,1.99491227521353,11.6100003942847,-46.5681541923624,-9.04876875585672,250,-0.0734539218682244,-8.55945363278025,-0.109319258760698,299.9979858,299.9981689,-18300.84375,-18180.90625,56.9174071418714,20.8369532531372,9.256284,0,0,0,40,4449,299.93155,-18240.875,,,,,,,,,,,,,0,,,,18.79614355,,,,,,299.99807735,,,,
,15570207.31,299.9984283,-18360.826171875,-8.70133126872355,0.00715241703363285,1,0.999253354069792,40.0298881530762,1.99514424652559,11.6100003942847,-47.3334450988223,-9.20117312911398,250,-0.0753096537321923,-8.69925059082165,-0.111759879682982,299.9981689,299.9986877,-18420.80859375,-18300.84375,56.851750346256,20.831732935049,9.256284,0,0,0,40,4449,299.93195,-18360.826171875,,,,,,,,,,,,,0,,,,18.79614355,,,,,,299.9984283,,,,
,15570208.405,299.9992218,-18470.8916015625,-8.83497839345649,0.00662786250603047,1,0.999253354069792,40.0298881530762,1.99500969666396,11.6100003942847,-48.0590195215147,-9.33259361731225,250,-0.0747619805339356,-8.83287271319495,-0.111771727330807,299.9986877,299.9997559,-18520.974609375,-18420.80859375,57.0721695886791,20.8359982649323,8.512546,0,0,0,40,4449,299.9321,-18470.8916015625,,,,,,,,,,,,,0,,,,18.79614355,,,,,,299.9992218,,,,
,15570209.43,299.9982758,-18570.9619140625,-8.9395900260816,0.00730087055550913,1,0.999253354069792,40.0298881530762,1.9949833583767,11.6100003942847,-48.622983301102,-9.46703508580462,250,-0.0800639446617132,-8.93744129277691,-0.117510291286568,299.9967957,299.9997559,-18620.94921875,-18520.974609375,56.7524835243137,20.8313921194323,9.256284,0,0,0,40,4449,299.93295,-18570.9619140625,,,,,,,,,,,,,0,,,,18.79614355,,,,,,299.9982758,,,,
,15570210.53,299.99691775,-18680.9365234375,-9.09865068714499,0.00619754415304471,1,0.999253354069792,40.0298881530762,1.99521590501202,11.6100003942847,-49.4921233415815,-9.64535200104627,250,-0.0830995953718332,-9.09645747179878,-0.121211464811468,299.9967957,299.9970398,-18740.923828125,-18620.94921875,56.7438856106022,20.8362646247954,9.628152,0,0,0,40,4449,299.93135,-18680.9365234375,,,,,,,,,,,,,0,,,,18.79614355,,,,,,299.99691775,,,,
,15570211.535,299.99787905,-18780.98828125,-9.22640902982329,0.00644046933664895,1,0.999253354069792,40.0298881530762,1.9952096948406,11.6100003942847,-50.1890707892752,-9.76911052597182,250,-0.0821295715163082,-9.22419370824104,-0.120776432480475,299.9970398,299.9987183,-18821.052734375,-18740.923828125,56.5742722219291,20.8338710871251,8.884414,0,0,0,40,4449,299.9311,-18780.98828125,,,,,,,,,,,,,0,,,,18.9839077,,,,,,299.99787905,,,,
,15570212.555,299.99824525,-18880.966796875,-9.36115036877098,0.00673016614759169,1,0.999253354069792,40.0298881530762,1.99488734755812,11.6100003942847,-50.9136430602169,-9.91216819727111,250,-0.0836880824248493,-9.3589011478774,-0.122898469673868,299.9977722,299.9987183,-18940.880859375,-18821.052734375,56.6735390438714,20.8342345653305,8.884414,0,0,0,40,4449,299.93215,-18880.966796875,,,,,,,,,,,,,0,,,,18.9839077,,,,,,299.99824525,,,,
,15570213.735,299.99830625,-19000.90234375,-9.60793358812129,0.00694939852426261,1,0.999253354069792,40.0298881530762,1.99532362621807,11.6100003942847,-52.2680282616951,-10.1700745844286,250,-0.0848724013961597,-9.60562940601537,-0.125115988219712,299.9977722,299.9988403,-19060.923828125,-18940.880859375,56.8040710065829,20.8275297932125,9.256284,0,0,0,40,4449,299.9316,-19000.90234375,,,,,,,,,,,,,0,,,,18.79614355,,,,,,299.99830625,,,,
,15570214.825,299.99908445,-19110.919921875,-9.72870419267216,0.00574534942681838,1,0.999253354069792,40.0298881530762,1.99504478984342,11.6100003942847,-52.9091587680336,-10.3432177495767,250,-0.094513303182736,-9.72633492128601,-0.135260240992347,299.9988403,299.9993286,-19160.916015625,-19060.923828125,56.7345060683714,20.8308398855773,8.884414,0,0,0,40,4449,299.93185,-19110.919921875,,,,,,,,,,,,,0,,,,18.6083794,,,,,,299.99908445,,,,
,15570215.875,299.99902345,-19215.9482421875,-9.84577845822679,0.00648425314734893,1,0.999253354069792,40.0298881530762,1.99513713373633,11.6100003942847,-53.5530878923526,-10.4422258277647,250,-0.0908917447557978,-9.84340072777967,-0.132129155062663,299.9987183,299.9993286,-19270.98046875,-19160.916015625,56.7259081546598,20.8298290593995,8.884414,0,0,0,40,4449,299.9327,-19215.9482421875,,,,,,,,,,,,,0,,,,18.79614355,,,,,,299.99902345,,,,
,15570217.01,299.9983368,-19326.0234375,-9.96031642812445,0.00656806277201071,1,0.999253354069792,40.0298881530762,1.99506227861484,11.6100003942847,-54.1716995340923,-10.5762698643759,250,-0.0943260692495322,-9.95790126651782,-0.136043311931815,299.9979553,299.9987183,-19381.06640625,-19270.98046875,56.7837486650829,20.8332476902039,9.256284,0,0,0,40,4449,299.9246,-19326.0234375,,,,,,,,,,,,,0,,,,18.9839077,,,,,,299.9983368,,,,
,15570218.025,299.99822995,-19426.0341796875,-10.0760727494049,0.00519656026416935,1,0.999253354069792,40.0298881530762,1.99501913420196,11.6100003942847,-54.8017050286066,-10.6903787180996,250,-0.0938467493993417,-10.0736360905313,-0.136049802079281,299.9979553,299.9985046,-19471.001953125,-19381.06640625,56.5719273363714,20.8364409265015,9.256284,0,0,0,40,4449,299.9165,-19426.0341796875,,,,,,,,,,,,,0,,,,18.79614355,,,,,,299.99822995,,,,
,15570219.055,299.99833675,-19531.1025390625,-10.1828998682741,0.0065976303311532,1,0.999253354069792,40.0298881530762,1.99517023171591,11.6100003942847,-55.3873476191366,-10.8015921755076,250,-0.0943057289955322,-10.1804396580735,-0.13695561121229,299.9981689,299.9985046,-19591.203125,-19471.001953125,57.0338697912368,20.8327218259,9.256284,0,0,0,40,4449,299.91645,-19531.1025390625,,,,,,,,,,,,,0,,,,18.79614355,,,,,,299.99833675,,,,
,15570220.31,299.9983673,-19656.2333984375,-10.2929218131879,0.00686877138173211,1,0.999253354069792,40.0298881530762,1.99518686375433,11.6100003942847,-55.9843804565789,-10.9284172807062,250,-0.0971666030784667,-10.2904274184105,-0.140275736355673,299.9981689,299.9985657,-19721.263671875,-19591.203125,56.8001628639868,20.8342561101301,8.512546,0,0,0,40,4449,299.9183,-19656.2333984375,,,,,,,,,,,,,0,,,,18.79614355,,,,,,299.9983673,,,,
,15570221.41,299.9985657,-19766.8837890625,-10.4112147120666,0.00561161481615709,1,0.999253354069792,40.0298881530762,1.99518686375433,11.6100003942847,-56.6289013299355,-11.0480165256234,250,-0.0971837790597743,-10.4086963038828,-0.140787419386281,299.9985657,299.9985657,-19812.50390625,-19721.263671875,56.3546346080252,20.8342561101301,9.256284,0,0,0,40,4449,299.92045,-19766.8837890625,,,,,,,,,,,,,0,,,,18.6083794,,,,,,299.9985657,,,,
,15570222.42,299.9977417,-19872.6513671875,-10.5143556058425,0.00570813583062625,1,0.999253354069792,40.0298881530762,1.99516521726496,11.6100003942847,-57.1863789909207,-11.1731276028673,250,-0.101043425992561,-10.5118005227392,-0.145077581875758,299.9969177,299.9985657,-19932.798828125,-19812.50390625,56.6758839294291,20.8312748650731,9.256284,0,0,0,40,4449,299.9211,-19872.6513671875,,,,,,,,,,,,,0,,,,18.79614355,,,,,,299.9977417,,,,
,15570223.54,299.9966583,-19982.8896484375,-10.7222200094254,0.0064813427502955,1,0.999253354069792,40.0298881530762,1.99501435646335,11.6100003942847,-58.3102413803373,-11.406078744262,250,-0.105410254424439,-10.7196050253552,-0.150313437134782,299.9963989,299.9969177,-20032.98046875,-19932.798828125,56.5781803645252,20.8348868422503,9.256284,0,0,0,40,4449,299.9224,-19982.8896484375,,,,,,,,,,,,,0,,,,18.79614355,,,,,,299.9966583,,,,
,15570224.69,299.99731445,-20098.0498046875,-10.825026263937,0.00494829742035144,1,0.999253354069792,40.0298881530762,1.99475559637038,11.6100003942847,-58.8571496199904,-11.5395182824328,250,-0.111109067598477,-10.8223664198968,-0.156440743052065,299.9963989,299.99823,-20163.119140625,-20032.98046875,56.8837971155445,20.8335900789177,9.256284,0,0,0,40,4449,299.92375,-20098.0498046875,,,,,,,,,,,,,0,,,,18.7017832,,,,,,299.99731445,,,,
,15570225.875,299.99819945,-20218.1357421875,-10.9224963330625,0.00556845233070155,1,0.999253354069792,40.0298881530762,1.9949646966001,11.6100003942847,-59.398879082173,-11.6138514670403,250,-0.106464674395372,-10.9198359611245,-0.152204468682004,299.9981689,299.99823,-20273.15234375,-20163.119140625,56.8353361473522,20.83462369799,8.884414,0,0,0,40,4449,299.9254,-20218.1357421875,,,,,,,,,,,,,0,,,,18.88954735,,,,,,299.99819945,,,,
,15570227.075,299.9986267,-20338.212890625,-11.0222113010383,0.00504691422931405,1,0.999253354069792,40.0298881530762,1.99520418077211,11.6100003942847,-59.9491297200463,-11.7160479402509,250,-0.106483228697298,-11.0195305970443,-0.152639527464844,299.9981689,299.9990845,-20403.2734375,-20273.15234375,56.6438371601406,20.839498894743,9.256284,0,0,0,40,4449,299.92735,-20338.212890625,,,,,,,,,,,,,0,,,,18.79614355,,,,,,299.9986267,,,,
,15570228.255,299.99858095,-20458.2666015625,-11.1171201120544,0.00597029112883166,1,0.999253354069792,40.0298881530762,1.99515449168693,11.6100003942847,-60.4638689767084,-11.8166270385439,250,-0.107398341492425,-11.1144165020079,-0.153950669590327,299.9980774,299.9990845,-20513.259765625,-20403.2734375,56.9088092281599,20.8353552876565,9.256284,0,0,0,40,4449,299.93005,-20458.2666015625,,,,,,,,,,,,,0,,,,18.79614355,,,,,,299.99858095,,,,
,15570229.35,299.9990692,-20568.228515625,-11.2105727816443,0.00518712014289498,1,0.999253354069792,40.0298881530762,1.99503792259497,11.6100003942847,-60.9684628633967,-11.9163802949566,250,-0.108504223092835,-11.2078455326155,-0.1554465188861,299.9980774,300.000061,-20623.197265625,-20513.259765625,56.289759440929,20.8329882116406,8.884414,0,0,0,40,4449,299.9326,-20568.228515625,,,,,,,,,,,,,0,,,,18.9839077,,,,,,299.9990692,,,,
,15570230.46,299.99868775,-20678.2431640625,-11.298572271081,0.00535217515820314,1,0.999253354069792,40.0298881530762,1.99489344123258,11.6100003942847,-61.4407467149427,-12.0196570075445,250,-0.111299849477342,-11.2958157394744,-0.158609205873439,299.9973145,300.000061,-20733.2890625,-20623.197265625,56.6922981283329,20.8352431657712,8.512546,0,0,0,40,4449,299.93355,-20678.2431640625,,,,,,,,,,,,,0,,,,18.79614355,,,,,,299.99868775,,,,
,15570231.56,299.9984894,-20788.2255859375,-11.4614017561578,0.0044095626690355,1,0.999253354069792,40.0298881530762,1.99504800721975,11.6100003942847,-62.3301525100867,-12.1978823089576,250,-0.113654174187021,-11.4586025431133,-0.161644209134539,299.9973145,299.9996643,-20843.162109375,-20733.2890625,56.770460980256,20.8272315102208,9.256284,0,0,0,40,4449,299.9341,-20788.2255859375,,,,,,,,,,,,,0,,,,18.79614355,,,,,,299.9984894,,,,
,15570232.7,299.99960325,-20903.2392578125,-11.5367833273302,0.00596966371732724,1,0.999253354069792,40.0298881530762,1.99498078431357,11.6100003942847,-62.7341725996191,-12.2985321551645,250,-0.118225735079604,-11.5339493230834,-0.166529572800483,299.9995422,299.9996643,-20963.31640625,-20843.162109375,56.5234663681791,20.8260465124579,9.256284,0,0,0,40,4449,299.9348,-20903.2392578125,,,,,,,,,,,,,0,,,,18.79614355,,,,,,299.99960325,,,,
,15570233.935,300.0001373,-21023.3681640625,-11.6213043411294,0.00566418650613109,1,0.999253354069792,40.0298881530762,1.99496562697028,11.6100003942847,-63.1968402941972,-12.3694944767632,250,-0.115597151597759,-11.6184641433294,-0.164254101049259,299.9995422,300.0007324,-21083.419921875,-20963.31640625,56.0583973992367,20.8319888343677,9.256284,0,0,0,40,4449,299.9375,-21023.3681640625,,,,,,,,,,,,,0,,,,18.79614355,,,,,,300.0001373,,,,
,15570235.185,300.0005951,-21148.4423828125,-11.6941818490056,0.00490523581004212,1,0.999253354069792,40.0298881530762,1.99522870054619,11.6100003942847,-63.598282158759,-12.4650714247989,250,-0.119334551414233,-11.6913111600346,-0.168294748276261,300.0004578,300.0007324,-21213.46484375,-21083.419921875,56.8236117195637,20.8273636114358,8.512546,0,0,0,40,4449,299.93885,-21148.4423828125,,,,,,,,,,,,,0,,,,18.79614355,,,,,,300.0005951,,,,
,15570236.255,300.0004578,-21258.46875,-11.7773915803664,0.00469251778487101,1,0.999253354069792,40.0298881530762,1.99505027206194,11.6100003942847,-64.0503379297511,-12.5251304169329,250,-0.11512927449284,-11.7745217712656,-0.164438172323231,300.0004578,300.0004578,-21303.47265625,-21213.46484375,56.6360208749483,20.8310418861145,8.512546,0,0,0,40,4449,299.93785,-21258.46875,,,,,,,,,,,,,0,,,,18.79614355,,,,,,300.0004578,,,,
,15570237.235,300.000412,-21353.4560546875,-11.8300937412078,0.00532756809422941,1,0.999253354069792,40.0298881530762,1.99516178485554,11.6100003942847,-64.3363997946265,-12.6037645187232,250,-0.119664778697446,-11.8271943647938,-0.169192629007945,300.0003662,300.0004578,-21403.439453125,-21303.47265625,56.7931282073137,20.8301878917751,9.628152,0,0,0,40,4449,299.9384,-21353.4560546875,,,,,,,,,,,,,0,,,,18.9839077,,,,,,300.000412,,,,
,15570238.395,300.00064085,-21468.3623046875,-11.902306750377,0.00504148945374357,1,0.999253354069792,40.0298881530762,1.99502255493456,11.6100003942847,-64.7276849651092,-12.6638312005079,250,-0.117458398294496,-11.8994019892915,-0.167288116256433,300.0003662,300.0009155,-21533.28515625,-21403.439453125,57.0924919301791,20.8244913204749,9.256284,0,0,0,40,4449,299.93895,-21468.3623046875,,,,,,,,,,,,,0,,,,18.79614355,,,,,,300.00064085,,,,
,15570239.485,300.0015564,-21578.267578125,-11.9685641798788,0.00501116097370424,1,0.999253354069792,40.0298881530762,1.99491640421845,11.6100003942847,-65.0795232048867,-12.7612158338013,250,-0.123170063923755,-11.9656217724158,-0.173275093354194,300.0009155,300.0021973,-21623.25,-21533.28515625,56.6446187886598,20.8290723195597,8.512546,0,0,0,40,4449,299.93965,-21578.267578125,,,,,,,,,,,,,0,,,,18.79614355,,,,,,300.0015564,,,,
,15570240.505,300.00187685,-21683.32421875,-12.0364493518124,0.00441598282297878,1,0.999253354069792,40.0298881530762,1.99520054888526,11.6100003942847,-65.4583533008812,-12.8320670229973,250,-0.123261599814434,-12.0334927358824,-0.173650196992322,300.0015564,300.0021973,-21743.3984375,-21623.25,56.5390989385637,20.829330334782,9.256284,0,0,0,40,4449,299.939,-21683.32421875,,,,,,,,,,,,,0,,,,18.9839077,,,,,,300.00187685,,,,
,15570241.645,300.00131225,-21798.400390625,-12.1584859479477,0.00541575050699242,1,0.999253354069792,40.0298881530762,1.99486287428679,11.6100003942847,-66.1135416395914,-12.9469838629566,250,-0.122117031308303,-12.1555097232598,-0.173016193794345,300.0010681,300.0015564,-21853.40234375,-21743.3984375,56.445303516256,20.8344379477997,9.256284,0,0,0,40,4449,299.9382,-21798.400390625,,,,,,,,,,,,,0,,,,18.79614355,,,,,,300.00131225,,,,
,15570242.78,300.0015564,-21908.4150390625,-12.2144768520924,0.00482369434971511,1,0.999253354069792,40.0298881530762,1.9952090168296,11.6100003942847,-66.4309845105221,-12.9993755110083,250,-0.120949912725215,-12.2114941960425,-0.172082504683263,300.0010681,300.0020447,-21963.427734375,-21853.40234375,56.6328943608714,20.8351000398377,8.512546,0,0,0,40,4449,299.9401,-21908.4150390625,,,,,,,,,,,,,0,,,,18.6083794,,,,,,300.0015564,,,,
,15570243.905,300.0023804,-22018.4912109375,-12.2755878016436,0.00400197396885623,1,0.999253354069792,40.0298881530762,1.99506929214541,11.6100003942847,-66.7571450971816,-13.0723902967983,250,-0.123183886663311,-12.2725831340533,-0.174570978448788,300.0020447,300.0027161,-22073.5546875,-21963.427734375,55.9325552076405,20.8323908223965,8.884414,0,0,0,40,4449,299.94035,-22018.4912109375,,,,,,,,,,,,,0,,,,18.79614355,,,,,,300.0023804,,,,
,15570245.045,300.00268555,-22133.5546875,-12.3067311561354,0.00461257068610443,1,0.999253354069792,40.0298881530762,1.99504590621245,11.6100003942847,-66.9241970717227,-13.1137464285978,250,-0.125027842258412,-12.3037123635042,-0.176544523777796,300.002655,300.0027161,-22193.5546875,-22073.5546875,56.6211699330829,20.8360548922232,9.256284,0,0,0,40,4449,299.9378,-22133.5546875,,,,,,,,,,,,,0,,,,18.79614355,,,,,,300.00268555,,,,
,15570246.12,300.0032501,-22243.494140625,-12.3563192513234,0.00411428965292157,1,0.999253354069792,40.0298881530762,1.99507665685662,11.6100003942847,-67.2019740830848,-13.1284518242825,250,-0.118496646901497,-12.3533175596359,-0.17022178121809,300.002655,300.0038452,-22293.43359375,-22193.5546875,56.953362053756,20.8303762968888,9.256284,0,0,0,40,4449,299.93585,-22243.494140625,,,,,,,,,,,,,0,,,,18.79614355,,,,,,300.0032501,,,,
,15570247.23,300.0032959,-22353.453125,-12.3857952123814,0.00396325871588152,1,0.999253354069792,40.0298881530762,1.99461581461555,11.6200000047684,-67.3467386953125,-13.1588346818577,250,-0.119152360451388,-12.3827848466254,-0.17100015599339,300.0027466,300.0038452,-22413.47265625,-22293.43359375,55.8278169860636,20.8421968641765,8.884414,0,0,0,40,4449,299.9344,-22353.453125,,,,,,,,,,,,,0,,,,18.9839077,,,,,,300.0032959,,,,
,15570248.485,300.00302125,-22478.5322265625,-12.4120104460923,0.00413493575570182,1,0.999253354069792,40.0298881530762,1.99436915353786,11.6100003942847,-67.458620732604,-13.3065815074766,250,-0.141710976306081,-12.4089005432131,-0.19366280508013,300.0027466,300.0032959,-22543.591796875,-22413.47265625,56.9986965078714,20.8385990411746,9.256284,0,0,0,40,4449,299.9349,-22478.5322265625,,,,,,,,,,,,,0,,,,18.9839077,,,,,,300.00302125,,,,
,15570249.72,300.0031128,-22603.5634765625,-12.4289116879877,0.00553173528678543,1,0.999253354069792,40.0298881530762,1.99400290179015,11.6100003942847,-67.532726297315,-13.3528292804485,250,-0.147508447705637,-12.4257741442749,-0.199528899239177,300.0029297,300.0032959,-22663.53515625,-22543.591796875,57.1651833824676,20.8471058103465,9.256284,0,0,0,40,4449,299.9344,-22603.5634765625,,,,,,,,,,,,,0,,,,18.79614355,,,,,,300.0031128,,,,
,15570250.815,300.0031433,-22713.548828125,-12.4612273071613,0.0048093979839663,1,0.999253354069792,40.0298881530762,1.99404899428809,11.6100003942847,-67.7113110214863,-13.3799152090384,250,-0.146435656365596,-12.4580877523578,-0.198591090245149,300.0029297,300.0033569,-22763.5625,-22663.53515625,56.5273745107752,20.8502465851699,9.256284,0,0,0,40,4449,299.9325,-22713.548828125,,,,,,,,,,,,,0,,,,18.79614355,,,,,,300.0031433,,,,
,15570251.87,300.00378415,-22818.5859375,-12.4965420925407,0.00405063218856778,1,0.999253354069792,40.0298881530762,1.99404122827672,11.6100003942847,-67.8913636654436,-13.4802372401162,250,-0.15832028868227,-12.4933453975608,-0.210620425583222,300.0033569,300.0042114,-22873.609375,-22763.5625,56.5383173100444,20.853615745417,9.256284,0,0,0,40,4449,299.9318,-22818.5859375,,,,,,,,,,,,,0,,,,18.9839077,,,,,,300.00378415,,,,
,15570252.985,300.0044403,-22928.6748046875,-12.5328227704571,0.00589984640446926,1,0.999253354069792,40.0298881530762,1.99403848045817,11.6100003942847,-68.1021391073635,-13.4451355712879,250,-0.14515161254093,-12.529673673947,-0.197605331242073,300.0042114,300.0046692,-22983.740234375,-22873.609375,57.0541921327368,20.8535431904066,9.256284,0,0,0,40,4449,299.93205,-22928.6748046875,,,,,,,,,,,,,0,,,,18.79614355,,,,,,300.0044403,,,,
,15570254.015,300.0048523,-23028.96484375,-12.5551990933794,0.00472213767610957,1,0.999253354069792,40.0298881530762,1.99399864587703,11.6100003942847,-68.2085092451055,-13.5437966848726,250,-0.159169574508611,-12.5519866691319,-0.21171321823176,300.0046692,300.0050354,-23074.189453125,-22983.740234375,56.4312342029098,20.8488347752487,8.512546,0,0,0,40,4449,299.9323,-23028.96484375,,,,,,,,,,,,,0,,,,18.79614355,,,,,,300.0048523,,,,
,15570255.1,300.00457765,-23139.373046875,-12.5939797679922,0.00590999216515081,1,0.999253354069792,40.0298881530762,1.99410453491038,11.6100003942847,-68.4320332304275,-13.5361929832797,250,-0.150454469721702,-12.5907961762171,-0.203161605605865,300.0041199,300.0050354,-23204.556640625,-23074.189453125,56.7173102409483,20.8485373995318,9.256284,0,0,0,40,4449,299.93085,-23139.373046875,,,,,,,,,,,,,0,,,,18.9839077,,,,,,300.00457765,,,,
,15570256.28,300.00332645,-23259.603515625,-12.6283038074043,0.00519564825416816,1,0.999253354069792,40.0298881530762,1.99422846320624,11.6100003942847,-68.6195363910036,-13.5909771397575,250,-0.153999614225039,-12.6250990925166,-0.20684886401971,300.002533,300.0041199,-23314.650390625,-23204.556640625,57.2464727484676,20.8488599612155,8.512546,0,0,0,40,4449,299.9301,-23259.603515625,,,,,,,,,,,,,0,,,,18.9839077,,,,,,300.00332645,,,,
,15570257.3,300.0039673,-23359.7099609375,-12.6554815911797,0.00526959869625267,1,0.999253354069792,40.0298881530762,1.99422846320624,11.6100003942847,-68.763288861311,-13.6413930477483,250,-0.158218400222872,-12.6522534906613,-0.211179789010013,300.002533,300.0054016,-23404.76953125,-23314.650390625,56.7165286124291,20.8488599612155,8.884414,0,0,0,40,4449,299.9297,-23359.7099609375,,,,,,,,,,,,,0,,,,18.9839077,,,,,,300.0039673,,,,
,15570258.34,300.0053711,-23464.8125,-12.6801580688394,0.00578147567397266,1,0.999253354069792,40.0298881530762,1.99395006075695,11.6100003942847,-68.8834138686215,-13.6907973761617,250,-0.163057345532934,-12.6769041180328,-0.216120427495259,300.0053406,300.0054016,-23524.85546875,-23404.76953125,56.3264959813329,20.8502700029868,9.256284,0,0,0,40,4449,299.9283,-23464.8125,,,,,,,,,,,,,0,,,,18.79614355,,,,,,300.0053711,,,,
,15570259.52,300.0050049,-23584.8447265625,-12.7472984495595,0.00614520747128019,1,0.999253354069792,40.0298881530762,1.99416905962892,11.6100003942847,-69.2632724192401,-13.7231804380646,250,-0.156285979478357,-12.7440594951725,-0.209630804445727,300.0046692,300.0053406,-23644.833984375,-23524.85546875,56.8580033744099,20.846533955684,8.512546,0,0,0,40,4449,299.92685,-23584.8447265625,,,,,,,,,,,,,0,,,,18.6083794,,,,,,300.0050049,,,,
,15570260.73,300.00498965,-23704.8701171875,-12.7757215178748,0.00553374986321965,1,0.999253354069792,40.0298881530762,1.99421572853208,11.6100003942847,-69.4251853300612,-13.7223281631513,250,-0.15080273422866,-12.7724998727668,-0.204266721845526,300.0046692,300.0053101,-23764.90625,-23644.833984375,56.6977695279675,20.8562029874654,9.256284,0,0,0,40,4449,299.9263,-23704.8701171875,,,,,,,,,,,,,0,,,,18.79614355,,,,,,300.00498965,,,,
,15570261.845,300.00546265,-23814.9462890625,-12.7905089636923,0.00526390099773729,1,0.999253354069792,40.0298881530762,1.99426330221766,11.6100003942847,-69.4923268750219,-13.8185205503789,250,-0.165665840360735,-12.7872220020302,-0.219187462532779,300.0053101,300.0056152,-23864.986328125,-23764.90625,56.5664559367368,20.8468497361727,8.512546,0,0,0,40,4449,299.9276,-23814.9462890625,,,,,,,,,,,,,0,,,,18.79614355,,,,,,300.00546265,,,,
,15570262.97,300.004837,-23929.9189453125,-12.8240668167972,0.00609181723586525,1,0.999253354069792,40.0298881530762,1.99425391664785,11.6200000047684,-69.6835763352566,-13.8048611887302,250,-0.15694777731657,-12.8208099295572,-0.210610958282004,300.0040588,300.0056152,-23994.8515625,-23864.986328125,57.6161830380638,20.8536665869749,8.884414,0,0,0,40,4449,299.9261,-23929.9189453125,,,,,,,,,,,,,0,,,,18.7017832,,,,,,300.004837,,,,
,15570264.04,300.0046539,-24039.9345703125,-12.8411510011077,0.00508772126142457,1,0.999253354069792,40.0298881530762,1.99423230166805,11.6100003942847,-69.7711055708363,-13.8477343678117,250,-0.161679730478158,-12.8378710000976,-0.215412794488522,300.0040588,300.005249,-24085.017578125,-23994.8515625,56.7032409276022,20.8480043465141,9.256284,0,0,0,40,4449,299.92465,-24039.9345703125,,,,,,,,,,,,,0,,,,18.7017832,,,,,,300.0046539,,,,
,15570265.115,300.00512695,-24145.11328125,-12.8594313148221,0.00494887510448884,1,0.999253354069792,40.0298881530762,1.99405314701762,11.6100003942847,-69.855532485244,-13.9135697310258,250,-0.170603577712648,-12.8561101382419,-0.224410295933527,300.0050049,300.005249,-24205.208984375,-24085.017578125,56.7063674416791,20.8506079887151,9.256284,0,0,0,40,4449,299.9252,-24145.11328125,,,,,,,,,,,,,0,,,,18.6083794,,,,,,300.00512695,,,,
,15570266.32,300.00550845,-24265.349609375,-12.8917224087371,0.00527809659476538,1,0.999253354069792,40.0298881530762,1.99421053631064,11.6100003942847,-70.0444230120554,-13.9059549244024,250,-0.163022127727792,-12.8884263296199,-0.216964833007034,300.0050049,300.006012,-24325.490234375,-24205.208984375,57.1886322380445,20.8495380632081,8.512546,0,0,0,40,4449,299.92355,-24265.349609375,,,,,,,,,,,,,0,,,,18.79614355,,,,,,300.00550845,,,,
,15570267.41,300.0057068,-24375.5458984375,-12.9053442923765,0.0063216508781555,1,0.999253354069792,40.0298881530762,1.99407977847153,11.6100003942847,-70.1127319197577,-13.9263399302211,250,-0.164403715728555,-12.9020396601561,-0.218402377318851,300.0054016,300.006012,-24425.6015625,-24325.490234375,57.0729512171983,20.8499610134233,8.884414,0,0,0,40,4449,299.92255,-24375.5458984375,,,,,,,,,,,,,0,,,,18.79614355,,,,,,300.0057068,,,,
,15570268.51,300.0052643,-24485.73828125,-12.9398436299434,0.00452398529022994,1,0.999253354069792,40.0298881530762,1.99427333438559,11.6100003942847,-70.3008128355798,-13.9972653073651,250,-0.170788608711908,-12.9365055845764,-0.224929495585265,300.005127,300.0054016,-24545.875,-24425.6015625,57.1503324406022,20.8493676757034,9.256284,0,0,0,40,4449,299.92215,-24485.73828125,,,,,,,,,,,,,0,,,,18.79614355,,,,,,300.0052643,,,,
,15570269.71,300.00535585,-24606.0048828125,-12.9697293098327,0.00704822555099433,1,0.999253354069792,40.0298881530762,1.99400290562369,11.6100003942847,-70.4586098163567,-14.0021404676521,250,-0.166483286573914,-12.9664032965975,-0.220749179102138,300.005127,300.0055847,-24666.134765625,-24545.875,56.2037803038136,20.8474429783859,8.512546,0,0,0,40,4449,299.9216,-24606.0048828125,,,,,,,,,,,,,0,,,,18.9839077,,,,,,300.00535585,,,,
,15570270.79,300.0058441,-24711.1513671875,-12.9908029049896,0.00490806987989693,1,0.999253354069792,40.0298881530762,1.99425844788739,11.6100003942847,-70.5852057552881,-14.0088686266209,250,-0.163491016186727,-12.9874850225862,-0.217844747614756,300.0055847,300.0061035,-24756.16796875,-24666.134765625,56.7939098358329,20.8524881759815,9.256284,0,0,0,40,4449,299.9217,-24711.1513671875,,,,,,,,,,,,,0,,,,18.9839077,,,,,,300.0058441,,,,
,15570271.76,300.0058899,-24806.2333984375,-13.0000092991777,0.00407886156717501,1,0.999253354069792,40.0298881530762,1.9942642784844,11.6100003942847,-70.6299552203301,-14.0483640521083,250,-0.169029421477501,-12.9966664371962,-0.223419705290496,300.0056763,300.0061035,-24856.298828125,-24756.16796875,56.2194128741983,20.8468079042314,9.256284,0,0,0,40,4449,299.92165,-24806.2333984375,,,,,,,,,,,,,0,,,,18.79614355,,,,,,300.0058899,,,,
,15570272.85,300.0053406,-24916.4169921875,-13.0190127188294,0.00591081850783236,1,0.999253354069792,40.0298881530762,1.9939743617153,11.6100003942847,-70.7224060224454,-14.0710753905086,250,-0.170043155043902,-13.0156621390254,-0.224511754106511,300.0050049,300.0056763,-24976.53515625,-24856.298828125,56.9510171681983,20.8485617065039,8.884414,0,0,0,40,4449,299.92175,-24916.4169921875,,,,,,,,,,,,,0,,,,18.79614355,,,,,,300.0053406,,,,
,15570274.04,300.0058136,-25036.7197265625,-13.0341840745541,0.00564577818001934,1,0.999253354069792,40.0298881530762,1.99407178434651,11.6100003942847,-70.8073910432723,-14.0924658261476,250,-0.171035893504118,-13.0308261347551,-0.225566910041425,300.0050049,300.0066223,-25096.904296875,-24976.53515625,56.6242964471598,20.8459122990555,9.256284,0,0,0,40,4449,299.9207,-25036.7197265625,,,,,,,,,,,,,0,,,,18.88954735,,,,,,300.0058136,,,,
,15570275.175,300.00613405,-25151.9912109375,-13.037625784031,0.00518381444274583,1,0.999253354069792,40.0298881530762,1.99425238621526,11.6100003942847,-70.8273901806718,-14.1241354649227,250,-0.175985408097512,-13.0342463953886,-0.230528713275474,300.0056458,300.0066223,-25207.078125,-25096.904296875,56.9525804252368,20.8478065863086,8.884414,0,0,0,40,4449,299.9209,-25151.9912109375,,,,,,,,,,,,,0,,,,18.88954735,,,,,,300.00613405,,,,
,15570276.32,300.00621035,-25267.1611328125,-13.0625439733241,0.0066313478648637,1,0.999253354069792,40.0298881530762,1.99440711781836,11.6100003942847,-70.9730262882556,-14.1257812699793,250,-0.171472451519958,-13.059178538617,-0.226119632878688,300.0056458,300.0067749,-25327.244140625,-25207.078125,56.9267866841022,20.8533679518447,9.256284,0,0,0,40,4449,299.9222,-25267.1611328125,,,,,,,,,,,,,0,,,,18.9839077,,,,,,300.00621035,,,,
,15570277.5,300.0065155,-25382.3984375,-13.0846269096855,0.00574589713441099,1,0.999253354069792,40.0298881530762,1.99404139796157,11.6100003942847,-71.0692004310287,-14.2069950226614,250,-0.182756344746176,-13.081209738752,-0.237492570724423,300.0062561,300.0067749,-25437.552734375,-25327.244140625,56.9009929429675,20.8433785798756,9.256284,0,0,0,40,4449,299.92235,-25382.3984375,,,,,,,,,,,,,0,,,,18.9839077,,,,,,300.0065155,,,,
,15570278.69,300.0066223,-25502.6240234375,-13.0995797949733,0.00549760478606965,1,0.999253354069792,40.0298881530762,1.99412826948106,11.6200000047684,-71.1616655630567,-14.1794698121877,250,-0.1748197842649,-13.0961928925316,-0.22961905462341,300.0062561,300.0069885,-25567.6953125,-25437.552734375,56.3413469231983,20.8524834748714,8.512546,0,0,0,40,4449,299.9225,-25502.6240234375,,,,,,,,,,,,,0,,,,18.9839077,,,,,,300.0066223,,,,
,15570279.875,300.00704955,-25622.80859375,-13.1081601902535,0.00535028321421666,1,0.999253354069792,40.0298881530762,1.99445176258126,11.6100003942847,-71.2155094904557,-14.2127320567652,250,-0.178924909932617,-13.104754261494,-0.233758329663167,300.0069885,300.0071106,-25677.921875,-25567.6953125,56.7571732954291,20.8533099909112,8.512546,0,0,0,40,4449,299.9216,-25622.80859375,,,,,,,,,,,,,0,,,,18.79614355,,,,,,300.00704955,,,,
,15570281.005,300.00724795,-25733.02734375,-13.1314870179917,0.00566658484063545,1,0.999253354069792,40.0298881530762,1.99435165833673,11.6100003942847,-71.3485605750598,-14.184423998388,250,-0.169530827501057,-13.1281156970031,-0.224462801351773,300.0071106,300.0073853,-25788.1328125,-25677.921875,56.2538045290444,20.8519079283961,8.512546,0,0,0,40,4449,299.9214,-25733.02734375,,,,,,,,,,,,,0,,,,18.6083794,,,,,,300.00724795,,,,
,15570281.935,300.00765995,-25828.1962890625,-13.1374781702016,0.00545643332801282,1,0.999253354069792,40.0298881530762,1.99417277048863,11.6200000047684,-71.3670100137201,-14.2320454979165,250,-0.177392944480096,-13.134072616407,-0.232347579445416,300.0073853,300.0079346,-25868.259765625,-25788.1328125,56.3616692646983,20.8529438847863,9.256284,0,0,0,40,4449,299.92105,-25828.1962890625,,,,,,,,,,,,,0,,,,18.6083794,,,,,,300.00765995,,,,
,15570282.89,300.0071564,-25923.41015625,-13.1479194181148,0.0064131679075057,1,0.999253354069792,40.0298881530762,1.99429975823052,11.6100003942847,-71.4311258723648,-14.2282796666116,250,-0.174604138147843,-13.1445237689811,-0.229602107041749,300.0063782,300.0079346,-25978.560546875,-25868.259765625,56.2522412720059,20.851072230435,8.884414,0,0,0,40,4449,299.92125,-25923.41015625,,,,,,,,,,,,,0,,,,18.6083794,,,,,,300.0071564,,,,
,15570283.955,300.00680545,-26028.646484375,-13.1584372512496,0.0061560352610305,1,0.999253354069792,40.0298881530762,1.99418620075238,11.6100003942847,-71.4827762960973,-14.2470955080547,250,-0.176255210755443,-13.1550328740582,-0.231295565740564,300.0063782,300.0072327,-26078.732421875,-25978.560546875,57.2347483206791,20.8452286084657,8.512546,0,0,0,40,4449,299.9227,-26028.646484375,,,,,,,,,,,,,0,,,,18.79614355,,,,,,300.00680545,,,,
,15570284.955,300.0072327,-26128.8388671875,-13.1716894541023,0.00466075552243551,1,0.999253354069792,40.0298881530762,1.99429121933347,11.6100003942847,-71.565580642394,-14.2236741022396,250,-0.169364248073695,-13.1683111332294,-0.224460495683898,300.0072327,300.0072327,-26178.9453125,-26078.732421875,56.3515080939483,20.8485709493852,9.256284,0,0,0,40,4449,299.9228,-26128.8388671875,,,,,,,,,,,,,0,,,,18.9839077,,,,,,300.0072327,,,,
,15570286.065,300.00787355,-26244.125,-13.181434497602,0.00658052383926574,1,0.999253354069792,40.0298881530762,1.99430364380839,11.6100003942847,-71.6099184492553,-14.2830573615067,250,-0.178445629424434,-13.1780159575387,-0.233580117858009,300.0072327,300.0085144,-26309.3046875,-26178.9453125,56.861911517006,20.8500182124343,8.884414,0,0,0,40,4449,299.921,-26244.125,,,,,,,,,,,,,0,,,,18.9839077,,,,,,300.00787355,,,,
,15570287.18,300.00868225,-26359.4287109375,-13.1938055213461,0.00604474344240241,1,0.999253354069792,40.0298881530762,1.99422800200093,11.6100003942847,-71.6727046693505,-14.3054735102677,250,-0.180365732138342,-13.1903761411467,-0.235550726371829,300.0085144,300.0088501,-26409.552734375,-26309.3046875,56.4445218877367,20.8462555851985,9.628152,0,0,0,40,4449,299.92,-26359.4287109375,,,,,,,,,,,,,0,,,,18.88954735,,,,,,300.00868225,,,,
,15570288.165,300.0091095,-26454.693359375,-13.2051845495932,0.00594076203978161,1,0.999253354069792,40.0298881530762,1.99422800200093,11.6100003942847,-71.7334868451826,-14.3233746154025,250,-0.181543825493468,-13.2017478339526,-0.236775211284754,300.0088501,300.0093689,-26499.833984375,-26409.552734375,57.1300100991022,20.8462555851985,8.512546,0,0,0,40,4449,299.9204,-26454.693359375,,,,,,,,,,,,,0,,,,18.88954735,,,,,,300.0091095,,,,
,15570290.225,300.0083008,-26660.1123046875,-13.2209498444435,0.00623624816508639,1,0.999253354069792,40.0298881530762,1.99428649904383,11.6100003942847,-71.8240288909988,-14.325544874772,250,-0.178945580792733,-13.2175213962831,-0.234241723015288,300.0083008,300.0083008,-26670.111328125,-26650.11328125,56.6938613853714,20.8499566026057,8.884414,0,0,0,40,4449,299.9195,-26660.1123046875,,,,,,,,,,,,,0,,,,18.9839077,,,,,,300.0083008,,,,
,15570290.88,300.008194,-26725.2275390625,-13.220953463441,0.00650893045216167,1,0.999253354069792,40.0298881530762,1.99412620478107,11.6100003942847,-71.8162367853682,-14.3362055041357,250,-0.181109079538279,-13.2175160650034,-0.236404320004859,300.0080872,300.0083008,-26780.34375,-26670.111328125,57.2112994651022,20.8541462698918,9.256284,0,0,0,40,4449,299.91885,-26725.2275390625,,,,,,,,,,,,,0,,,,18.79614355,,,,,,300.008194,,,,
,15570291.9,300.0084076,-26830.4736328125,-13.2404199806084,0.00675051145221903,1,0.999253354069792,40.0298881530762,1.99427755374086,11.6100003942847,-71.9378405518538,-14.301532506247,250,-0.170939275395995,-13.2370211853205,-0.226317225573357,300.0080872,300.008728,-26880.603515625,-26780.34375,56.7720242372945,20.8487332974054,8.512546,0,0,0,40,4449,299.918,-26830.4736328125,,,,,,,,,,,,,0,,,,18.6083794,,,,,,300.0084076,,,,
,15570293.01,300.00775145,-26940.701171875,-13.2485341511925,0.00609462052334337,1,0.999253354069792,40.0298881530762,1.99434980746824,11.6100003942847,-71.9804901977628,-14.3322741671194,250,-0.174987343772008,-13.2451172053052,-0.230397394393971,300.0067749,300.008728,-27000.798828125,-26880.603515625,56.3694855498906,20.8494013227499,9.256284,0,0,0,40,4449,299.91795,-26940.701171875,,,,,,,,,,,,,0,,,,18.79614355,,,,,,300.00775145,,,,
,15570294.195,300.0075531,-27055.9208984375,-13.2548978074856,0.00607342678910023,1,0.999253354069792,40.0298881530762,1.99451534782851,11.6100003942847,-72.0207136036303,-14.341288270931,250,-0.175250402239104,-13.2514786837887,-0.230685984353921,300.0067749,300.0083313,-27111.04296875,-27000.798828125,56.5797436215637,20.8465696948719,9.256284,0,0,0,40,4449,299.9177,-27055.9208984375,,,,,,,,,,,,,0,,,,18.79614355,,,,,,300.0075531,,,,
,15570295.305,300.00842285,-27166.0859375,-13.2519214773755,0.0053944983815211,1,0.999253354069792,40.0298881530762,1.99426621547332,11.6100003942847,-71.9898571631308,-14.3682185875673,250,-0.181068722460503,-13.2484782861576,-0.236489726486142,300.0083313,300.0085144,-27221.12890625,-27111.04296875,57.068261446083,20.8493502831744,8.884414,0,0,0,40,4449,299.91715,-27166.0859375,,,,,,,,,,,,,0,,,,18.79614355,,,,,,300.00842285,,,,
,15570296.5,300.0088501,-27286.2333984375,-13.2687788624982,0.00629032703003275,1,0.999253354069792,40.0298881530762,1.99423420972433,11.6100003942847,-72.0757557667142,-14.4108063310309,250,-0.185805350951386,-13.2653123521741,-0.241294783833923,300.0085144,300.0091858,-27351.337890625,-27221.12890625,56.739977468006,20.8533251827835,9.256284,0,0,0,40,4449,299.91715,-27286.2333984375,,,,,,,,,,,,,0,,,,18.9839077,,,,,,300.0088501,,,,
,15570297.74,300.00894165,-27411.44921875,-13.2827680281436,0.00689537562612638,1,0.999253354069792,40.0298881530762,1.99416638063841,11.6100003942847,-72.1531014562565,-14.405302699338,250,-0.18228990265412,-13.279313487777,-0.23783734063408,300.0086975,300.0091858,-27471.560546875,-27351.337890625,57.5294222724292,20.8492094252906,9.256284,0,0,0,40,4449,299.91735,-27411.44921875,,,,,,,,,,,,,0,,,,18.9839077,,,,,,300.00894165,,,,
,15570298.825,300.00886535,-27521.669921875,-13.2805341105644,0.00592675763616972,1,0.999253354069792,40.0298881530762,1.99397349342375,11.6100003942847,-72.1350837961713,-14.3965637678342,250,-0.181349797755825,-13.277084112988,-0.236887006678661,300.0086975,300.0090332,-27571.779296875,-27471.560546875,56.9713395096983,20.8448288695891,9.256284,0,0,0,40,4449,299.9174,-27521.669921875,,,,,,,,,,,,,0,,,,18.79614355,,,,,,300.00886535,,,,
,15570300.29,300.008667,-27667.064453125,-13.304903154654,0.00418858541299609,1,0.999253354069792,40.0298881530762,1.9942079713665,11.6100003942847,-72.2720531413146,-14.444487032176,250,-0.18532927433012,-13.3014318182706,-0.240966261268435,300.0083008,300.0090332,-27762.349609375,-27571.779296875,57.1706547821022,20.8505666793914,8.512546,0,0,0,40,4449,299.91735,-27667.064453125,,,,,,,,,,,,,0,,,,18.79614355,,,,,,300.008667,,,,
,15570301.805,300.00779725,-27817.376953125,-13.3057263185713,0.00639663487676065,1,0.999253354069792,40.0298881530762,1.99412611529167,11.6100003942847,-72.2742530845947,-14.4414714710574,250,-0.184730316220078,-13.3022579009596,-0.240369500821694,300.0072937,300.0083008,-27872.404296875,-27762.349609375,56.4882930848137,20.8529175573668,9.256284,0,0,0,40,4449,299.917,-27817.376953125,,,,,,,,,,,,,0,,,,18.9839077,,,,,,300.00779725,,,,
,15570302.935,300.00782775,-27932.552734375,-13.3066877528681,0.00623619280404785,1,0.999253354069792,40.0298881530762,1.99428832059591,11.6100003942847,-72.2798876691447,-14.4723535992116,250,-0.190013142021326,-13.3031971379799,-0.245654219867837,300.0072937,300.0083618,-27992.701171875,-27872.404296875,56.8025077495445,20.8455517223708,9.256284,0,0,0,40,4449,299.91675,-27932.552734375,,,,,,,,,,,,,0,,,,18.9839077,,,,,,300.00782775,,,,
,15570303.97,300.00816345,-28037.7880859375,-13.3199509243525,0.0054962393533897,1,0.999253354069792,40.0298881530762,1.99445552566934,11.6100003942847,-72.3645633794425,-14.4517284791021,250,-0.18355114577301,-13.316484619774,-0.239247919923814,300.0079651,300.0083618,-28082.875,-27992.701171875,56.4617177151598,20.8479075378292,9.256284,0,0,0,40,4449,299.91715,-28037.7880859375,,,,,,,,,,,,,0,,,,18.9839077,,,,,,300.00816345,,,,
,15570304.985,300.00798035,-28137.9580078125,-13.3144495531005,0.0056541160692097,1,0.999253354069792,40.0298881530762,1.99410847559167,11.6100003942847,-72.3127341461488,-14.4954687138024,250,-0.193054249150988,-13.3109447965777,-0.248725120934849,300.0079651,300.0079956,-28193.041015625,-28082.875,57.3207274577945,20.8505669424886,9.256284,0,0,0,40,4449,299.9171,-28137.9580078125,,,,,,,,,,,,,0,,,,18.79614355,,,,,,300.00798035,,,,
,15570306.145,300.0080261,-28253.126953125,-13.3305832118633,0.00514940654499387,1,0.999253354069792,40.0298881530762,1.99433528415164,11.6100003942847,-72.4274687637321,-14.4117311940224,250,-0.174393859753509,-13.327153360285,-0.230134953317778,300.0079956,300.0080566,-28313.212890625,-28193.041015625,56.8501870892175,20.8421557437199,9.256284,0,0,0,40,4449,299.91685,-28253.126953125,,,,,,,,,,,,,0,,,,18.79614355,,,,,,300.0080261,,,,
,15570307.325,300.0086212,-28373.3330078125,-13.3447860127228,0.00582238441438653,1,0.999253354069792,40.0298881530762,1.99450999072924,11.6100003942847,-72.5086519588052,-14.4400454545664,250,-0.176733934090713,-13.3413433294868,-0.232532804856863,300.0080566,300.0091858,-28433.453125,-28313.212890625,56.6039741056598,20.8475993595459,8.512546,0,0,0,40,4449,299.91685,-28373.3330078125,,,,,,,,,,,,,0,,,,18.9839077,,,,,,300.0086212,,,,
,15570308.43,300.00914,-28483.5869140625,-13.3363846119099,0.00610491215126745,1,0.999253354069792,40.0298881530762,1.99424708931753,11.6100003942847,-72.4447218445811,-14.4774684090925,250,-0.185504750643978,-13.3329067730847,-0.241265834865184,300.0090942,300.0091858,-28533.720703125,-28433.453125,57.2519441481022,20.8472048614208,9.256284,0,0,0,40,4449,299.91585,-28483.5869140625,,,,,,,,,,,,,0,,,,18.88954735,,,,,,300.00914,,,,
,15570310.34,300.0101318,-28673.9287109375,-13.3536039599966,0.00663308051251066,1,0.999253354069792,40.0298881530762,1.9942268531219,11.6100003942847,-72.5430633835518,-14.4662298702906,250,-0.180276999679982,-13.3501442649633,-0.236108938743107,300.0101318,300.0101318,-28683.900390625,-28663.95703125,56.6657227586791,20.8522603685416,9.256284,0,0,0,40,4449,299.9176,-28673.9287109375,,,,,,,,,,,,,0,,,,18.9839077,,,,,,300.0101318,,,,
,15570310.985,300.0105133,-28739.0439453125,-13.3569606662795,0.00606791813614576,1,0.999253354069792,40.0298881530762,1.99428740533922,11.6100003942847,-72.5596758206407,-14.490627273967,250,-0.18405617231645,-13.3534843480164,-0.239900881930684,300.0101318,300.0108948,-28794.1875,-28683.900390625,56.9095908566791,20.8502655296451,9.256284,0,0,0,40,4449,299.917,-28739.0439453125,,,,,,,,,,,,,0,,,,18.9839077,,,,,,300.0105133,,,,
,15570312.02,300.0108948,-28844.19921875,-13.3684068523854,0.00485954174806855,1,0.999253354069792,40.0298881530762,1.99431395512325,11.6100003942847,-72.6248910453097,-14.4919428879038,250,-0.182141957374906,-13.3649361517954,-0.238033889185265,300.0108948,300.0108948,-28894.2109375,-28794.1875,57.83347576641,20.8504496120813,9.256284,0,0,0,40,4449,299.9171,-28844.19921875,,,,,,,,,,,,,0,,,,18.9839077,,,,,,300.0108948,,,,
,15570313.02,300.0097504,-28944.345703125,-13.3736146790065,0.00400735569120791,1,0.999253354069792,40.0298881530762,1.99446649836119,11.6100003942847,-72.6565733625404,-14.5096239374955,250,-0.184224866840745,-13.3701348720413,-0.240137282157441,300.008606,300.0108948,-28994.48046875,-28894.2109375,56.8337728903137,20.8473111141452,8.884414,0,0,0,40,4449,299.9167,-28944.345703125,,,,,,,,,,,,,0,,,,18.79614355,,,,,,300.0097504,,,,
,15570314.13,300.00927735,-29054.513671875,-13.3817984454803,0.00569552774555341,1,0.999253354069792,40.0298881530762,1.9944210251303,11.6100003942847,-72.7055821440064,-14.4849473631962,250,-0.178236919698722,-13.3783423673608,-0.234183863701346,300.008606,300.0099487,-29114.546875,-28994.48046875,57.5466180998522,20.8475374098949,9.256284,0,0,0,40,4449,299.916,-29054.513671875,,,,,,,,,,,,,0,,,,18.6083794,,,,,,300.00927735,,,,
,15570315.155,300.0101318,-29159.5888671875,-13.3805397845932,0.00568069282548571,1,0.999253354069792,40.0298881530762,1.99431914108519,11.6100003942847,-72.6917783882552,-14.5008916656511,250,-0.181531151797978,-13.3770698481767,-0.237471344759974,300.0099487,300.0103149,-29204.630859375,-29114.546875,56.6969878994483,20.8492915913199,9.256284,0,0,0,40,4449,299.915,-29159.5888671875,,,,,,,,,,,,,0,,,,18.6083794,,,,,,300.0101318,,,,
,15570316.245,300.0099487,-29269.8779296875,-13.3787360913264,0.00587109092298979,1,0.999253354069792,40.0298881530762,1.99434617394157,11.6100003942847,-72.6732788177571,-14.5512402118367,250,-0.191075682499516,-13.3752267908687,-0.247005414738476,300.0095825,300.0103149,-29335.125,-29204.630859375,56.8775440873906,20.8493293042827,8.512546,0,0,0,40,4449,299.91455,-29269.8779296875,,,,,,,,,,,,,0,,,,18.79614355,,,,,,300.0099487,,,,
,15570317.355,300.0095825,-29380.23828125,-13.3840230785349,0.00597067614050724,1,0.999253354069792,40.0298881530762,1.99442137003272,11.6100003942847,-72.7117361038182,-14.5194260159771,250,-0.184157070560874,-13.3805419450738,-0.240109295823065,300.0095825,300.0095825,-29425.3515625,-29335.125,56.4187281466021,20.8453404115581,8.884414,0,0,0,40,4449,299.9143,-29380.23828125,,,,,,,,,,,,,0,,,,18.88954735,,,,,,300.0095825,,,,
,15570318.305,300.0094757,-29475.4423828125,-13.392595277835,0.00521425564459166,1,0.999253354069792,40.0298881530762,1.99442137003272,11.6100003942847,-72.7610711136563,-14.5138191269916,250,-0.181538927009171,-13.389123493876,-0.237526816133026,300.0093689,300.0095825,-29525.533203125,-29425.3515625,57.3097846585253,20.8453404115581,8.884414,0,0,0,40,4449,299.91335,-29475.4423828125,,,,,,,,,,,,,0,,,,18.88954735,,,,,,300.0094757,,,,
,15570319.36,300.00993345,-29580.7314453125,-13.3876495058461,0.00583988516486777,1,0.999253354069792,40.0298881530762,1.99407259155933,11.6100003942847,-72.7165700802203,-14.5341911886741,250,-0.186652476415092,-13.3841572347555,-0.242617479561417,300.0093689,300.010498,-29635.9296875,-29525.533203125,56.432015831429,20.8457422001787,9.256284,0,0,0,40,4449,299.9139,-29580.7314453125,,,,,,,,,,,,,0,,,,18.9839077,,,,,,300.00993345,,,,
,15570320.565,300.0101013,-29701.3388671875,-13.4051826718391,0.00630561940203573,1,0.999253354069792,40.0298881530762,1.99435406430569,11.6100003942847,-72.825704086267,-14.5343020335913,250,-0.183056120186226,-13.4017019729633,-0.239093730229808,300.0097046,300.010498,-29766.748046875,-29635.9296875,57.2034831799099,20.8461811229037,8.884414,0,0,0,40,4449,299.91515,-29701.3388671875,,,,,,,,,,,,,0,,,,18.9839077,,,,,,300.0101013,,,,
,15570321.705,300.0100708,-29816.8623046875,-13.4026614779479,0.00638158971969914,1,0.999253354069792,40.0298881530762,1.99439759558006,11.6200000047684,-72.8080099099106,-14.5617961451619,250,-0.188515464078373,-13.3991585456977,-0.244540723005443,300.0097046,300.010437,-29866.9765625,-29766.748046875,56.7407590965252,20.8502252237829,9.256284,0,0,0,40,4449,299.91315,-29816.8623046875,,,,,,,,,,,,,0,,,,18.88954735,,,,,,300.0100708,,,,
,15570322.815,300.0097046,-29927.123046875,-13.4054839848254,0.0067429397601072,1,0.999253354069792,40.0298881530762,1.99433037514408,11.6200000047684,-72.8225772417695,-14.5556159863285,250,-0.186946254245764,-13.401987343058,-0.242982585183967,300.0089722,300.010437,-29987.26953125,-29866.9765625,56.2241026453136,20.8481663621341,9.256284,0,0,0,40,4449,299.913,-29927.123046875,,,,,,,,,,,,,0,,,,18.7017832,,,,,,300.0097046,,,,
,15570323.965,300.0099945,-30042.37109375,-13.407806815864,0.00657976740633254,1,0.999253354069792,40.0298881530762,1.99408970458268,11.6100003942847,-72.818165631073,-14.6020560989532,250,-0.195359072909453,-13.4042745096095,-0.251402164870262,300.0089722,300.0110168,-30097.47265625,-29987.26953125,57.5903892969292,20.8480729313346,9.256284,0,0,0,40,4449,299.9135,-30042.37109375,,,,,,,,,,,,,0,,,,18.79614355,,,,,,300.0099945,,,,
,15570325.025,300.00993345,-30147.587890625,-13.3983607423044,0.0054392441938201,1,0.999253354069792,40.0298881530762,1.99413565389507,11.6100003942847,-72.7668780170747,-14.6008393868532,250,-0.196827597672473,-13.394824320694,-0.252830127694796,300.0088501,300.0110168,-30197.703125,-30097.47265625,56.7946914643522,20.8481712347696,9.256284,0,0,0,40,4449,299.9122,-30147.587890625,,,,,,,,,,,,,0,,,,18.9839077,,,,,,300.00993345,,,,
,15570326.17,300.0098114,-30262.943359375,-13.4258440368006,0.00702921545082437,1,0.999253354069792,40.0298881530762,1.99428225408337,11.6100003942847,-72.9359138789264,-14.5533869314077,250,-0.182828186499678,-13.4223608285713,-0.238947046259694,300.0088501,300.0107727,-30328.18359375,-30197.703125,56.7696793517368,20.8461623076091,9.256284,0,0,0,40,4449,299.91365,-30262.943359375,,,,,,,,,,,,,0,,,,18.9839077,,,,,,300.0098114,,,,
,15570327.395,300.0105133,-30388.27734375,-13.4207213999758,0.00582633004979268,1,0.999253354069792,40.0298881530762,1.99422980509481,11.6100003942847,-72.8951135464364,-14.6073326315674,250,-0.193753305285882,-13.4171933400527,-0.249847134570506,300.0102539,300.0107727,-30448.37109375,-30328.18359375,56.943200883006,20.8508280279649,8.884414,0,0,0,40,4449,299.9143,-30388.27734375,,,,,,,,,,,,,0,,,,18.79614355,,,,,,300.0105133,,,,
,15570328.435,300.0099945,-30493.400390625,-13.4265255732417,0.0050311044008044,1,0.999253354069792,40.0298881530762,1.99432102057754,11.6100003942847,-72.9345904855652,-14.588966462035,250,-0.189185912905936,-13.4230157699916,-0.24530430157679,300.0097351,300.0102539,-30538.4296875,-30448.37109375,57.6599542351407,20.8462769231136,8.884414,0,0,0,40,4449,299.9125,-30493.400390625,,,,,,,,,,,,,0,,,,18.79614355,,,,,,300.0099945,,,,
,15570329.46,300.0099945,-30593.51171875,-13.4232493904589,0.00567263854666738,1,0.999253354069792,40.0298881530762,1.99429346725104,11.6100003942847,-72.9160328338347,-14.5840197264237,250,-0.188921842038604,-13.4197414311834,-0.245025896031094,300.0097351,300.0102539,-30648.59375,-30538.4296875,56.943200883006,20.8428311714168,8.884414,0,0,0,40,4449,299.9111,-30593.51171875,,,,,,,,,,,,,0,,,,18.9839077,,,,,,300.0099945,,,,
,15570331.51,300.010498,-30798.8291015625,-13.4391376046267,0.00578620561594209,1,0.999253354069792,40.0298881530762,1.99439849920986,11.6100003942847,-73.0110281246427,-14.5753812827453,250,-0.184254233537792,-13.4356459017313,-0.240423868810391,300.010498,300.010498,-30808.869140625,-30788.7890625,57.0096393071407,20.8457225175262,9.256284,0,0,0,40,4449,299.91005,-30798.8291015625,,,,,,,,,,,,,0,,,,18.88954735,,,,,,300.010498,,,,
,15570332.04,300.010498,-30848.951171875,-13.4462227083309,0.00580318151865625,1,0.999253354069792,40.0298881530762,1.99448305614759,11.6100003942847,-73.0524098582502,-14.5843664401319,250,-0.1844802410941,-13.4427287017082,-0.240678775902731,300.010498,300.010498,-30889.033203125,-30808.869140625,56.7587365524675,20.8469339318359,9.256284,0,0,0,40,4449,299.9109,-30848.951171875,,,,,,,,,,,,,0,,,,18.88954735,,,,,,300.010498,,,,
,15570332.945,300.0100708,-30939.1611328125,-13.4502962043954,0.00589701014559969,1,0.999253354069792,40.0298881530762,1.99444078168569,11.6100003942847,-73.077249789748,-14.5657386794816,250,-0.180361123923833,-13.4468189138581,-0.23657661144942,300.0096436,300.010498,-30989.2890625,-30889.033203125,56.7610814380252,20.8534246605549,8.884414,0,0,0,40,4449,299.911,-30939.1611328125,,,,,,,,,,,,,0,,,,18.79614355,,,,,,300.0100708,,,,
,15570333.99,300.0099335,-31044.3818359375,-13.4428204454936,0.00619527771157331,1,0.999253354069792,40.0298881530762,1.99431706127624,11.6100003942847,-73.0261252049379,-14.5896172447199,250,-0.186294301676505,-13.4393200364908,-0.242476297021344,300.0096436,300.0102234,-31099.474609375,-30989.2890625,57.1229754424291,20.8494041353723,9.256284,0,0,0,40,4449,299.9109,-31044.3818359375,,,,,,,,,,,,,0,,,,18.6083794,,,,,,300.0099335,,,,
,15570335.005,300.00950625,-31144.611328125,-13.4378220744683,0.00596332928885535,1,0.999253354069792,40.0298881530762,1.99432084666905,11.6100003942847,-72.990209258994,-14.6322191121084,250,-0.195039010286962,-13.4342864140861,-0.251197468272617,300.0087891,300.0102234,-31189.748046875,-31099.474609375,56.5125235689098,20.8412106069017,9.256284,0,0,0,40,4449,299.9103,-31144.611328125,,,,,,,,,,,,,0,,,,18.79614355,,,,,,300.00950625,,,,
,15570336.075,300.00961305,-31254.8154296875,-13.4433700499108,0.00654277723973039,1,0.999253354069792,40.0298881530762,1.99427940810164,11.6100003942847,-73.0215784545433,-14.6233308979914,250,-0.1924337948881,-13.4398442239339,-0.248614947262574,300.0087891,300.010437,-31319.8828125,-31189.748046875,57.1167224142753,20.8456492221788,9.256284,0,0,0,40,4449,299.91,-31254.8154296875,,,,,,,,,,,,,0,,,,18.9839077,,,,,,300.00961305,,,,
,15570337.185,300.0102234,-31369.9912109375,-13.4576519500831,0.00578291147955205,1,0.999253354069792,40.0298881530762,1.99418508111673,11.6100003942847,-73.0986589844162,-14.6226798611124,250,-0.189791211670687,-13.4541341122621,-0.246031446298656,300.0100098,300.010437,-31420.099609375,-31319.8828125,56.1107665100252,20.8452885015342,8.884414,0,0,0,40,4449,299.9101,-31369.9912109375,,,,,,,,,,,,,0,,,,18.9839077,,,,,,300.0102234,,,,
,15570338.17,300.01036075,-31470.1796875,-13.4486867835366,0.00661459729056359,1,0.999253354069792,40.0298881530762,1.99444390784556,11.6100003942847,-73.0624945383261,-14.5970519765469,250,-0.186409551982846,-13.4451849464858,-0.242611965417968,300.0100098,300.0107117,-31520.259765625,-31420.099609375,57.2253687784484,20.8447695739478,9.256284,0,0,0,40,4449,299.91015,-31470.1796875,,,,,,,,,,,,,0,,,,18.79614355,,,,,,300.01036075,,,,
,15570339.295,300.01087955,-31580.3515625,-13.4591345334546,0.00529205395137224,1,0.999253354069792,40.0298881530762,1.99450739593532,11.6100003942847,-73.1167089254752,-14.634804223403,250,-0.191321060190771,-13.4556098721794,-0.24756538233554,300.0107117,300.0110474,-31640.443359375,-31520.259765625,56.9627415959868,20.8455463765235,8.512546,0,0,0,40,4449,299.9087,-31580.3515625,,,,,,,,,,,,,0,,,,18.6083794,,,,,,300.01087955,,,,
,15570340.555,300.01091005,-31705.583984375,-13.4686222429389,0.00585706334670437,1,0.999253354069792,40.0298881530762,1.99445559137249,11.6100003942847,-73.1704684677535,-14.6227997540158,250,-0.187426933407061,-13.4651120401261,-0.243710728273728,300.0107727,300.0110474,-31770.724609375,-31640.443359375,56.9306948266983,20.8474121110751,9.256284,0,0,0,40,4449,299.9075,-31705.583984375,,,,,,,,,,,,,0,,,,18.6083794,,,,,,300.01091005,,,,
,15570341.745,300.01115415,-31825.8671875,-13.4709835730376,0.00452290074114496,1,0.999253354069792,40.0298881530762,1.99444582031218,11.6100003942847,-73.1828435365258,-14.6258534454174,250,-0.187563899974647,-13.4674723444579,-0.243856221350234,300.0107727,300.0115356,-31881.009765625,-31770.724609375,56.8900501436983,20.8452122084897,8.512546,0,0,0,40,4449,299.908,-31825.8671875,,,,,,,,,,,,,0,,,,18.6083794,,,,,,300.01115415,,,,
,15570342.855,300.01092525,-31936.1083984375,-13.4680777421292,0.00625226479955857,1,0.999253354069792,40.0298881530762,1.99447953403599,11.6100003942847,-73.1670932435647,-14.6292556027274,250,-0.188684132814358,-13.464562656387,-0.244962949235125,300.0103149,300.0115356,-31991.20703125,-31881.009765625,56.8916134007368,20.8522200349372,9.256284,0,0,0,40,4449,299.9081,-31936.1083984375,,,,,,,,,,,,,0,,,,18.79614355,,,,,,300.01092525,,,,
,15570344,300.0100708,-32051.3291015625,-13.4755276196721,0.00613446982664862,1,0.999253354069792,40.0298881530762,1.99461261546792,11.6100003942847,-73.2102238328943,-14.649664485204,250,-0.190875820464833,-13.4720024072147,-0.247184260636765,300.0098267,300.0103149,-32111.451171875,-31991.20703125,57.241001348833,20.8437744365435,8.884414,0,0,0,40,4449,299.9078,-32051.3291015625,,,,,,,,,,,,,0,,,,18.79614355,,,,,,300.0100708,,,,
,15570345.07,300.0097809,-32156.484375,-13.4603141409156,0.00685429171702142,1,0.999253354069792,40.0298881530762,1.99438761970882,11.6100003942847,-73.1166620760922,-14.6469887778993,250,-0.193501963320989,-13.4567812668225,-0.249745391396902,300.0097351,300.0098267,-32201.517578125,-32111.451171875,56.4851665707367,20.8456234877801,8.884414,0,0,0,40,4449,299.90695,-32156.484375,,,,,,,,,,,,,0,,,,18.6083794,,,,,,300.0097809,,,,
,15570346.14,300.01046755,-32261.5673828125,-13.4662474527441,0.00710693181564331,1,0.999253354069792,40.0298881530762,1.99408616801966,11.6100003942847,-73.1433193436795,-14.6231973898509,250,-0.188430460602482,-13.4627343579196,-0.244698682972933,300.0097351,300.0112,-32321.6171875,-32201.517578125,57.0307432771599,20.8436768105298,8.512546,0,0,0,40,4449,299.90685,-32261.5673828125,,,,,,,,,,,,,0,,,,18.79614355,,,,,,300.01046755,,,,
,15570347.305,300.0110779,-32381.7529296875,-13.4826998102345,0.00586544788089459,1,0.999253354069792,40.0298881530762,1.99441262486302,11.6100003942847,-73.2511822315105,-14.6066571417494,250,-0.181915970879584,-13.4792104639724,-0.23825300948412,300.0109558,300.0112,-32441.888671875,-32321.6171875,56.5664559367368,20.8525710789954,9.256284,0,0,0,40,4449,299.9072,-32381.7529296875,,,,,,,,,,,,,0,,,,18.79614355,,,,,,300.0110779,,,,
,15570348.2,300.0109558,-32471.97265625,-13.4773815628385,0.0059979842593936,1,0.999253354069792,40.0298881530762,1.99441262486302,11.6100003942847,-73.2074829592187,-14.6807508715023,250,-0.196506610658644,-13.4738324511493,-0.252817529143375,300.0109558,300.0109558,-32502.056640625,-32441.888671875,57.4879959609099,20.8525710789954,9.256284,0,0,0,40,4449,299.9073,-32471.97265625,,,,,,,,,,,,,0,,,,18.6083794,,,,,,300.0109558,,,,
,15570349.12,300.0105438,-32562.2294921875,-13.4855066832071,0.0056650371525109,1,0.999253354069792,40.0298881530762,1.99437906593736,11.6100003942847,-73.256528072388,-14.6564052070066,250,-0.190575304840923,-13.4819810426029,-0.24692040014871,300.0101318,300.0109558,-32622.40234375,-32502.056640625,56.9588334533906,20.8442274077704,9.256284,0,0,0,40,4449,299.9077,-32562.2294921875,,,,,,,,,,,,,0,,,,18.79614355,,,,,,300.0105438,,,,
,15570350.205,300.01026915,-32672.53515625,-13.4858077514112,0.0063495626355421,1,0.999253354069792,40.0298881530762,1.9942176593531,11.6100003942847,-73.2551642677599,-14.6405853635236,250,-0.187828086365113,-13.4822937974656,-0.244173873744226,300.0101318,300.0104065,-32722.66796875,-32622.40234375,56.5938129349098,20.848323979858,9.256284,0,0,0,40,4449,299.90775,-32672.53515625,,,,,,,,,,,,,0,,,,18.79614355,,,,,,300.01026915,,,,
,15570351.29,300.01020815,-32782.728515625,-13.4736508585091,0.00525700650370716,1,0.999253354069792,40.0298881530762,1.99426207529794,11.6200000047684,-73.1732452652547,-14.7219411535602,250,-0.20496297382376,-13.4700678839157,-0.261253310514308,300.0100098,300.0104065,-32842.7890625,-32722.66796875,56.2967940976021,20.8388062251689,9.256284,0,0,0,40,4449,299.90795,-32782.728515625,,,,,,,,,,,,,0,,,,18.79614355,,,,,,300.01020815,,,,
,15570352.525,300.0101929,-32903.169921875,-13.4941889014572,0.00478162138499521,1,0.999253354069792,40.0298881530762,1.99411103605849,11.6100003942847,-73.2902705089305,-14.6845226642398,250,-0.194484677615111,-13.4906457234285,-0.250861783013642,300.0100098,300.010376,-32963.55078125,-32842.7890625,56.9353845978137,20.8446197296761,9.256284,0,0,0,40,4449,299.90795,-32903.169921875,,,,,,,,,,,,,0,,,,18.9839077,,,,,,300.0101929,,,,
,15570353.73,300.01109315,-33023.783203125,-13.4962317287995,0.00529892277421189,1,0.999253354069792,40.0298881530762,1.99455163343477,11.6100003942847,-73.3158633416959,-14.6968674110352,250,-0.195792664204874,-13.492682338891,-0.252176981816649,300.010376,300.0118103,-33084.015625,-32963.55078125,56.8384626614291,20.8474882618099,8.512546,0,0,0,40,4449,299.9072,-33023.783203125,,,,,,,,,,,,,0,,,,18.9839077,,,,,,300.01109315,,,,
,15570354.765,300.0118103,-33129.083984375,-13.4989900205286,0.00569533002620435,1,0.999253354069792,40.0298881530762,1.99430880964612,11.6100003942847,-73.3271265665335,-14.6712443901467,250,-0.190898142355122,-13.4954603128863,-0.247293764226437,300.0118103,300.0118103,-33174.15234375,-33084.015625,57.1284468420637,20.8426798480894,9.256284,0,0,0,40,4449,299.90785,-33129.083984375,,,,,,,,,,,,,0,,,,18.9839077,,,,,,300.0118103,,,,
,15570356.725,300.0120239,-33324.60546875,-13.4912223812059,0.00567246694546259,1,0.999253354069792,40.0298881530762,1.99434509546279,11.6200000047684,-73.2807071430682,-14.6928657214585,250,-0.196262575506263,-13.4876719570084,-0.252622443852808,300.0120239,300.0120239,-33334.58203125,-33314.62890625,56.7939098358329,20.8440511345888,9.256284,0,0,0,40,4449,299.9088,-33324.60546875,,,,,,,,,,,,,0,,,,18.79614355,,,,,,300.0120239,,,,
,15570357.405,300.0121002,-33394.64453125,-13.5026168624903,0.00471666859686437,1,0.999253354069792,40.0298881530762,1.99456769096535,11.6100003942847,-73.3568960432384,-14.6728099324138,250,-0.190175199935853,-13.4990896327519,-0.24658312274097,300.0120239,300.0121765,-33454.70703125,-33334.58203125,57.7404619726215,20.8427909406378,8.512546,0,0,0,40,4449,299.90925,-33394.64453125,,,,,,,,,,,,,0,,,,18.6083794,,,,,,300.0121002,,,,
,15570358.425,300.0109558,-33499.853515625,-13.496168655548,0.00583979497451131,1,0.999253354069792,40.0298881530762,1.99443853259651,11.6200000047684,-73.3146387149076,-14.678902482679,250,-0.192660311522338,-13.492633023798,-0.249039772821212,300.0097351,300.0121765,-33545,-33454.70703125,56.1287439659675,20.8411877676035,8.884414,0,0,0,40,4449,299.909,-33499.853515625,,,,,,,,,,,,,0,,,,18.8914328,,,,,,300.0109558,,,,
,15570359.415,300.0104065,-33595.115234375,-13.5057726313265,0.00512809412151545,1,0.999253354069792,40.0298881530762,1.99452563316093,11.6100003942847,-73.3692729138383,-14.693547578643,250,-0.193454142795204,-13.5022320825117,-0.249872959918065,300.0097351,300.0110779,-33645.23046875,-33545,57.5739750980253,20.8494143404335,9.256284,0,0,0,40,4449,299.9075,-33595.115234375,,,,,,,,,,,,,0,,,,19.07919695,,,,,,300.0104065,,,,
,15570360.515,300.0112305,-33705.255859375,-13.5122496335561,0.00433884993590782,1,0.999253354069792,40.0298881530762,1.9946736778698,11.6100003942847,-73.4129781877548,-14.684349596345,250,-0.190370649896692,-13.508720376144,-0.246816059997033,300.0110779,300.0113831,-33765.28125,-33645.23046875,56.5789619930445,20.847928520184,9.256284,0,0,0,40,4449,299.9074,-33705.255859375,,,,,,,,,,,,,0,,,,18.79614355,,,,,,300.0112305,,,,
,15570361.65,300.01119995,-33820.392578125,-13.5156792454656,0.00507626325704767,1,0.999253354069792,40.0298881530762,1.99442629630721,11.6100003942847,-73.4240156355238,-14.6793859399507,250,-0.189150406978426,-13.5121545232808,-0.245609382797524,300.0110168,300.0113831,-33875.50390625,-33765.28125,57.8358206519677,20.8438738664034,8.512546,0,0,0,40,4449,299.9067,-33820.392578125,,,,,,,,,,,,,0,,,,18.79614355,,,,,,300.01119995,,,,
,15570362.75,300.0105133,-33930.57421875,-13.5207579703507,0.00446629302041589,1,0.999253354069792,40.0298881530762,1.99451507608947,11.6100003942847,-73.4472464342858,-14.726256803387,250,-0.196697773926317,-13.5172011232908,-0.253175479623341,300.0100098,300.0110168,-33985.64453125,-33875.50390625,57.4739266475638,20.8423916820338,9.256284,0,0,0,40,4449,299.90605,-33930.57421875,,,,,,,,,,,,,0,,,,18.9839077,,,,,,300.0105133,,,,
,15570363.835,300.0099945,-34040.7734375,-13.5155809263866,0.00489776486904326,1,0.999253354069792,40.0298881530762,1.99444539589632,11.6100003942847,-73.4177684709018,-14.7139515866224,250,-0.195491732335165,-13.5120305674748,-0.25194677842327,300.0099792,300.0100098,-34095.90234375,-33985.64453125,56.6962062709291,20.8452186832229,8.884414,0,0,0,40,4449,299.9067,-34040.7734375,,,,,,,,,,,,,0,,,,18.79614355,,,,,,300.0099945,,,,
,15570364.955,300.0109863,-34151.03515625,-13.5131169457872,0.00641780815643364,1,0.999253354069792,40.0298881530762,1.99453937797174,11.6100003942847,-73.4035152719314,-14.7348054566623,250,-0.19965401785514,-13.509549293954,-0.256097009912932,300.0099792,300.0119934,-34206.16796875,-34095.90234375,57.1143775287176,20.8478531829178,8.884414,0,0,0,40,4449,299.9057,-34151.03515625,,,,,,,,,,,,,0,,,,18.7017832,,,,,,300.0109863,,,,
,15570366.01,300.0120239,-34256.2890625,-13.5194454997405,0.00530523783722247,1,0.999253354069792,40.0298881530762,1.99451566192365,11.6100003942847,-73.4395655861073,-14.7279054624476,250,-0.197246243915849,-13.5158862214487,-0.253715212640188,300.0119934,300.0120544,-34306.41015625,-34206.16796875,56.8454973181022,20.8407418613259,8.884414,0,0,0,40,4449,299.90515,-34256.2890625,,,,,,,,,,,,,0,,,,18.7017832,,,,,,300.0120239,,,,
,15570367.15,300.0118103,-34371.525390625,-13.5205071927568,0.00496751169548806,1,0.999253354069792,40.0298881530762,1.99461907016257,11.6100003942847,-73.4478571327344,-14.7362219429749,250,-0.198440782334789,-13.5169429632479,-0.254912604970332,300.0115662,300.0120544,-34436.640625,-34306.41015625,56.9791557948906,20.8481008352283,8.512546,0,0,0,40,4449,299.9059,-34371.525390625,,,,,,,,,,,,,0,,,,18.79614355,,,,,,300.0118103,,,,
,15570368.32,300.01199345,-34486.755859375,-13.5226935074407,0.00505449447721777,1,0.999253354069792,40.0298881530762,1.99458724716258,11.6100003942847,-73.4654879063831,-14.7011812411923,250,-0.191645916178001,-13.5191572982398,-0.248126871391376,300.0115662,300.0124207,-34536.87109375,-34436.640625,57.1432977839291,20.845748411028,8.884414,0,0,0,40,4449,299.9068,-34486.755859375,,,,,,,,,,,,,0,,,,18.9839077,,,,,,300.01199345,,,,
,15570369.36,300.0114441,-34591.921875,-13.5287095472451,0.00530158618167174,1,0.999253354069792,40.0298881530762,1.99451123249835,11.6100003942847,-73.4890289816891,-14.7417679210401,250,-0.198083014347332,-13.5251455970851,-0.254586862442122,300.0104675,300.0124207,-34646.97265625,-34536.87109375,57.4153045086215,20.8413894033715,8.884414,0,0,0,40,4449,299.90625,-34591.921875,,,,,,,,,,,,,0,,,,18.79614355,,,,,,300.0114441,,,,
,15570370.48,300.01091,-34707.078125,-13.5305812333433,0.00483642227101936,1,0.999253354069792,40.0298881530762,1.99454357167451,11.6100003942847,-73.5003220652116,-14.7442442785756,250,-0.198148402792428,-13.5270169688011,-0.254659428605974,300.0104675,300.0113525,-34767.18359375,-34646.97265625,56.6852634716598,20.8460429337815,8.512546,0,0,0,40,4449,299.9038,-34707.078125,,,,,,,,,,,,,0,,,,18.7017832,,,,,,300.01091,,,,
,15570372.595,300.0107727,-34912.390625,-13.5302538367407,0.00558180678655252,1,0.999253354069792,40.0298881530762,1.99457422858211,11.6100003942847,-73.4977764884786,-14.7541961984344,250,-0.199998043546069,-13.5266822586744,-0.256504801150776,300.0107727,300.0107727,-34917.48046875,-34907.30078125,57.1933220091599,20.8411090502357,8.884414,0,0,0,40,4449,299.9057,-34912.390625,,,,,,,,,,,,,0,,,,18.88954735,,,,,,300.0107727,,,,
,15570373.235,300.01098635,-34977.642578125,-13.5340047607737,0.00526378435664664,1,0.999253354069792,40.0298881530762,1.99451003370622,11.6100003942847,-73.5226997038988,-14.7208511487395,250,-0.193265935035823,-13.530460478505,-0.249789501740872,300.0107727,300.0112,-35037.8046875,-34917.48046875,56.8337728903137,20.8443980683916,9.256284,0,0,0,40,4449,299.9037,-34977.642578125,,,,,,,,,,,,,0,,,,18.795187,,,,,,300.01098635,,,,
,15570374.35,300.01135255,-35092.91015625,-13.5353335496117,0.00463865603913342,1,0.999253354069792,40.0298881530762,1.99472854732846,11.6100003942847,-73.53908255442,-14.7167988042631,250,-0.19198828127922,-13.5317942934293,-0.248516416694188,300.0112,300.0115051,-35148.015625,-35037.8046875,57.2198973788137,20.8486803475364,9.256284,0,0,0,40,4449,299.90395,-35092.91015625,,,,,,,,,,,,,0,,,,18.7017832,,,,,,300.01135255,,,,
,15570375.46,300.01126095,-35203.12890625,-13.5429856360354,0.00495940314998639,1,0.999253354069792,40.0298881530762,1.99464550352953,11.6100003942847,-73.5745341643679,-14.7414435860996,250,-0.195204568197769,-13.5394315667187,-0.251762866826351,300.0110168,300.0115051,-35258.2421875,-35148.015625,56.8400259184676,20.8439845129369,8.884414,0,0,0,40,4449,299.9041,-35203.12890625,,,,,,,,,,,,,0,,,,18.79614355,,,,,,300.01126095,,,,
,15570376.63,300.0110321,-35318.359375,-13.5412922991118,0.0051293740470435,1,0.999253354069792,40.0298881530762,1.99456347689072,11.6100003942847,-73.5624860408808,-14.7384737022043,250,-0.195082768442421,-13.5377393076844,-0.25163300889335,300.0110168,300.0110474,-35378.4765625,-35258.2421875,57.3332335141022,20.8479871320064,9.256284,0,0,0,40,4449,299.9033,-35318.359375,,,,,,,,,,,,,0,,,,18.88954735,,,,,,300.0110321,,,,
,15570377.71,300.0117035,-35428.5078125,-13.5461533114489,0.00548086288390817,1,0.999253354069792,40.0298881530762,1.99452965243758,11.6100003942847,-73.590345942261,-14.7291173728011,250,-0.192509612498509,-13.5426098752928,-0.249079602312836,300.0110474,300.0123596,-35478.5390625,-35378.4765625,57.1659650109868,20.8470618075176,8.884414,0,0,0,40,4449,299.90305,-35428.5078125,,,,,,,,,,,,,0,,,,18.7017832,,,,,,300.0117035,,,,
,15570378.765,300.01123045,-35533.59375,-13.5485809715509,0.004738985200393,1,0.999253354069792,40.0298881530762,1.99461409398652,11.6100003942847,-73.6025263879898,-14.7541964654447,250,-0.196552770536644,-13.5450204805361,-0.253131231127431,300.0101013,300.0123596,-35588.6484375,-35478.5390625,57.0729512171983,20.8404404447133,9.256284,0,0,0,40,4449,299.90205,-35533.59375,,,,,,,,,,,,,0,,,,18.6083794,,,,,,300.01123045,,,,
,15570379.82,300.0103607,-35638.779296875,-13.5431739457045,0.00530645645091558,1,0.999253354069792,40.0298881530762,1.9943952852059,11.6100003942847,-73.5628406054913,-14.7599267366795,250,-0.19889794397403,-13.5396052879321,-0.255452391919398,300.0101013,300.0106201,-35688.91015625,-35588.6484375,56.6000659630637,20.8396856094865,9.256284,0,0,0,40,4449,299.90145,-35638.779296875,,,,,,,,,,,,,0,,,,18.6083794,,,,,,300.0103607,,,,
,15570380.83,300.0108795,-35743.98046875,-13.5538289101052,0.00522799753042502,1,0.999253354069792,40.0298881530762,1.99454168716154,11.6100003942847,-73.6258190759414,-14.7734836938578,250,-0.199218907329735,-13.5502566665399,-0.255816302929314,300.0106201,300.0111389,-35799.05078125,-35688.91015625,56.6344576179098,20.8474596547535,9.256284,0,0,0,40,4449,299.90335,-35743.98046875,,,,,,,,,,,,,0,,,,18.7017832,,,,,,300.0108795,,,,
,15570381.93,300.0114746,-35854.146484375,-13.5479819560228,0.00571880495584053,1,0.999253354069792,40.0298881530762,1.9945247691176,11.6100003942847,-73.5902378413902,-14.7843042158374,250,-0.202313353586562,-13.5443978171909,-0.258884337004872,300.0111389,300.0118103,-35909.2421875,-35799.05078125,57.2933704596215,20.8455194054745,9.256284,0,0,0,40,4449,299.9043,-35854.146484375,,,,,,,,,,,,,0,,,,18.795187,,,,,,300.0114746,,,,
,15570382.975,300.01168825,-35954.392578125,-13.5514795530362,0.00413768182968978,1,0.999253354069792,40.0298881530762,1.99444997582083,11.6100003942847,-73.61339618609,-14.7506284379574,250,-0.195581981611779,-13.5479228016265,-0.252168280460962,300.0115662,300.0118103,-35999.54296875,-35909.2421875,57.3863842534099,20.8448809262243,8.512546,0,0,0,40,4449,299.9026,-35954.392578125,,,,,,,,,,,,,0,,,,18.795187,,,,,,300.01168825,,,,
,15570384.02,300.0112305,-36059.748046875,-13.5529696699267,0.00617929325969056,1,0.999253354069792,40.0298881530762,1.99443463746373,11.6100003942847,-73.6153231000211,-14.7824361399234,250,-0.201166418179485,-13.5493895806307,-0.257757195888124,300.0108948,300.0115662,-36119.953125,-35999.54296875,56.9517987967176,20.8452923919731,8.884414,0,0,0,40,4449,299.9005,-36059.748046875,,,,,,,,,,,,,0,,,,18.7017832,,,,,,300.0112305,,,,
,15570385.235,300.01145935,-36185.30078125,-13.5610286046197,0.00426067096245913,1,0.999253354069792,40.0298881530762,1.99453012077676,11.6100003942847,-73.6620729662763,-14.7944064781995,250,-0.201744303468905,-13.5574444839424,-0.258367503537591,300.0108948,300.0120239,-36250.6484375,-36119.953125,56.7712426087752,20.84472983889,9.256284,0,0,0,40,4449,299.89975,-36185.30078125,,,,,,,,,,,,,0,,,,18.7017832,,,,,,300.01145935,,,,
,15570386.565,300.0121002,-36315.912109375,-13.5654864786657,0.00448009128714991,1,0.999253354069792,40.0298881530762,1.9943187112519,11.6200000047684,-73.6805733982171,-14.7874878644662,250,-0.199929975271625,-13.5619089182976,-0.256570365197643,300.0120239,300.0121765,-36381.17578125,-36250.6484375,56.7978179784291,20.8430131349378,8.884414,0,0,0,40,4449,299.90175,-36315.912109375,,,,,,,,,,,,,0,,,,18.88954735,,,,,,300.0121002,,,,
,15570387.76,300.01211545,-36436.255859375,-13.5623586570672,0.0065394718369131,1,0.999253354069792,40.0298881530762,1.9943580170605,11.6100003942847,-73.6723025315127,-14.7449819952505,250,-0.192654880910472,-13.5588122835072,-0.249282191480635,300.0120544,300.0121765,-36491.3359375,-36381.17578125,56.9494539111599,20.8393566074188,9.256284,0,0,0,40,4449,299.9028,-36436.255859375,,,,,,,,,,,,,0,,,,18.9839077,,,,,,300.01211545,,,,
,15570388.86,300.0125732,-36546.51171875,-13.5549091304254,0.00510091864588935,1,0.999253354069792,40.0298881530762,1.99444107450046,11.6100003942847,-73.6272956892183,-14.7780881535456,250,-0.200005273857218,-13.551333415504,-0.25659913648709,300.0120544,300.013092,-36601.6875,-36491.3359375,57.6302523514099,20.8424480008249,8.512546,0,0,0,40,4449,299.9014,-36546.51171875,,,,,,,,,,,,,0,,,,18.79614355,,,,,,300.0125732,,,,
,15570390.085,300.01289365,-36666.826171875,-13.5581063238543,0.00461848604288509,1,0.999253354069792,40.0298881530762,1.99440559999046,11.6100003942847,-73.6448334366294,-14.7735047770662,250,-0.19861914278793,-13.5545357183602,-0.255225525808033,300.0126953,300.013092,-36731.96484375,-36601.6875,56.7540467813522,20.8434479621476,8.884414,0,0,0,40,4449,299.9008,-36666.826171875,,,,,,,,,,,,,0,,,,18.79614355,,,,,,300.01289365,,,,
,15570391.165,300.01226805,-36777.046875,-13.5637834555802,0.00408006359684658,1,0.999253354069792,40.0298881530762,1.99440559999046,11.6200000047684,-73.6748638851073,-14.7840548866122,250,-0.199504823274989,-13.5602084661425,-0.256133396789536,300.0118408,300.0126953,-36822.12890625,-36731.96484375,56.9783741663714,20.8434479621476,8.884414,0,0,0,40,4449,299.90175,-36777.046875,,,,,,,,,,,,,0,,,,18.88954735,,,,,,300.01226805,,,,
,15570392.225,300.01226805,-36882.2578125,-13.567385120628,0.0051326885532219,1,0.999253354069792,40.0298881530762,1.99459337907087,11.6200000047684,-73.7033650388748,-14.7776197580177,250,-0.197407598893913,-13.5638182884879,-0.254050539171048,300.0118408,300.0126953,-36942.38671875,-36822.12890625,55.8371965282944,20.8424385559435,9.256284,0,0,0,40,4449,299.9018,-36882.2578125,,,,,,,,,,,,,0,,,,18.795187,,,,,,300.01226805,,,,
,15570393.405,300.01263425,-37002.359375,-13.575678127906,0.00517850674438939,1,0.999253354069792,40.0298881530762,1.99446848252163,11.6100003942847,-73.7420639431178,-14.795724606058,250,-0.199360620767127,-13.5721013903958,-0.256036793555807,300.0125732,300.0126953,-37062.33203125,-36942.38671875,56.4617177151598,20.8451512046771,8.512546,0,0,0,40,4449,299.90075,-37002.359375,,,,,,,,,,,,,0,,,,18.795187,,,,,,300.01263425,,,,
,15570394.595,300.01237485,-37122.5234375,-13.5792100680467,0.00581947566679319,1,0.999253354069792,40.0298881530762,1.9945692491246,11.6100003942847,-73.7636664740711,-14.8068683676177,250,-0.200618906406166,-13.5756276170209,-0.257308442655195,300.0121765,300.0125732,-37182.71484375,-37062.33203125,56.5234663681791,20.8492981059287,8.884414,0,0,0,40,4449,299.90025,-37122.5234375,,,,,,,,,,,,,0,,,,18.9848366,,,,,,300.01237485,,,,
,15570395.79,300.0124817,-37237.830078125,-13.5679140608822,0.00542460021251411,1,0.999253354069792,40.0298881530762,1.99456805174329,11.6100003942847,-73.7095804920981,-14.7550737067078,250,-0.19320710972115,-13.5643649186409,-0.249849917221586,300.0121765,300.0127869,-37292.9453125,-37182.71484375,56.7665528376599,20.8420578253078,9.256284,0,0,0,40,4449,299.8995,-37237.830078125,,,,,,,,,,,,,0,,,,19.1744862,,,,,,300.0124817,,,,
,15570396.93,300.01261905,-37353.08203125,-13.5775000434734,0.00494503546784233,1,0.999253354069792,40.0298881530762,1.99435956760334,11.6100003942847,-73.7449772289862,-14.8134201999968,250,-0.20241980595575,-13.5739105472504,-0.259099550966943,300.0124512,300.0127869,-37413.21875,-37292.9453125,56.5711457078521,20.8457397967458,9.256284,0,0,0,40,4449,299.8997,-37353.08203125,,,,,,,,,,,,,0,,,,18.8914328,,,,,,300.01261905,,,,
,15570397.94,300.01205445,-37458.28515625,-13.5767072093085,0.00474584842124938,1,0.999253354069792,40.0298881530762,1.99445804078533,11.6100003942847,-73.745704364361,-14.8052824806676,250,-0.200944058615467,-13.5731245812452,-0.257618464171621,300.0116577,300.0124512,-37503.3515625,-37413.21875,56.8259566051214,20.8465479809442,9.628152,0,0,0,40,4449,299.90525,-37458.28515625,,,,,,,,,,,,,0,,,,18.79614355,,,,,,300.01205445,,,,
,15570399.02,300.0118866,-37568.47265625,-13.5758500024109,0.00545992192963546,1,0.999253354069792,40.0298881530762,1.99449141788752,11.6100003942847,-73.7384500576876,-14.8251013742871,250,-0.204699552719402,-13.5722522065852,-0.261367270361114,300.0116577,300.0121155,-37633.59375,-37503.3515625,56.8751992018329,20.8422620078791,9.256284,0,0,0,40,4449,299.91065,-37568.47265625,,,,,,,,,,,,,0,,,,18.88954735,,,,,,300.0118866,,,,
,15570400.345,300.01309205,-37698.732421875,-13.5853902915578,0.00460488429080708,1,0.999253354069792,40.0298881530762,1.9945797897723,11.6100003942847,-73.7971580855758,-14.8161811681813,250,-0.201176687353598,-13.5818048014191,-0.257883873817827,300.0121155,300.0140686,-37763.87109375,-37633.59375,57.3910740245253,20.8422409098946,8.884414,0,0,0,40,4449,299.9094,-37698.732421875,,,,,,,,,,,,,0,,,,18.7017832,,,,,,300.01309205,,,,
,15570401.61,300.01356505,-37823.98046875,-13.5854862368076,0.00544995473652987,1,0.999253354069792,40.0298881530762,1.99453027347806,11.6200000047684,-73.7907709784428,-14.8435489225166,250,-0.206249996764418,-13.5818793868141,-0.262955767242587,300.0130615,300.0140686,-37884.08984375,-37763.87109375,57.0080760501022,20.8440484435209,9.256284,0,0,0,40,4449,299.90705,-37823.98046875,,,,,,,,,,,,,0,,,,18.79614355,,,,,,300.01356505,,,,
,15570402.71,300.01293945,-37934.099609375,-13.5899544093769,0.00551924969470401,1,0.999253354069792,40.0298881530762,1.99441540370566,11.6100003942847,-73.8133424807564,-14.8344133073128,250,-0.203898220701969,-13.5863569086278,-0.26062210615746,300.0128174,300.0130615,-37984.109375,-37884.08984375,57.1550222117176,20.8412135209032,8.884414,0,0,0,40,4449,299.9065,-37934.099609375,,,,,,,,,,,,,0,,,,18.88954735,,,,,,300.01293945,,,,
,15570403.85,300.01272585,-38049.2421875,-13.5915103008179,0.0054733667353763,1,0.999253354069792,40.0298881530762,1.99448225234031,11.6100003942847,-73.829291101788,-14.8091745782942,250,-0.198888134680247,-13.58793364435,-0.255618416467558,300.0126343,300.0128174,-38114.375,-37984.109375,56.9119357422368,20.8444674181699,8.884414,0,0,0,40,4449,299.9061,-38049.2421875,,,,,,,,,,,,,0,,,,18.7017832,,,,,,300.01272585,,,,
,15570404.975,300.01254275,-38164.48828125,-13.5992636082067,0.00462663321027153,1,0.999253354069792,40.0298881530762,1.99445707204411,11.6100003942847,-73.8707696914689,-14.8159808243539,250,-0.198734715106318,-13.5956862390112,-0.2554963285244,300.0124512,300.0126343,-38214.6015625,-38114.375,56.6391473890252,20.8442518096557,9.628152,0,0,0,40,4449,299.90555,-38164.48828125,,,,,,,,,,,,,0,,,,18.79614355,,,,,,300.01254275,,,,
,15570405.99,300.01306155,-38264.76953125,-13.5979720874391,0.0059213327011399,1,0.999253354069792,40.0298881530762,1.99455763318838,11.6100003942847,-73.8633854069324,-14.8368694331966,250,-0.202676473661535,-13.5943783764199,-0.25943080612006,300.0124512,300.0136719,-38314.9375,-38214.6015625,56.953362053756,20.8435623277453,9.256284,0,0,0,40,4449,299.9057,-38264.76953125,,,,,,,,,,,,,0,,,,18.9839077,,,,,,300.01306155,,,,
,15570407.085,300.01280215,-38375,-13.6015368801471,0.00631534445322018,1,0.999253354069792,40.0298881530762,1.99454139905347,11.6100003942847,-73.882788152295,-14.8372758979118,250,-0.20211265590889,-13.5979450383455,-0.258881059442035,300.0119324,300.0136719,-38435.0625,-38314.9375,57.2277136640061,20.8422796854604,9.256284,0,0,0,40,4449,299.9047,-38375,,,,,,,,,,,,,0,,,,18.9839077,,,,,,300.01280215,,,,
,15570408.265,300.01194765,-38490.23046875,-13.5962596067931,0.00661830889923894,1,0.999253354069792,40.0298881530762,1.99449864900036,11.6100003942847,-73.8592161207211,-14.79542838871,250,-0.195465969240229,-13.5926971252657,-0.252212739090473,300.0119324,300.0119629,-38545.3984375,-38435.0625,57.2433462343907,20.8401895631801,9.256284,0,0,0,40,4449,299.9035,-38490.23046875,,,,,,,,,,,,,0,,,,18.9839077,,,,,,300.01194765,,,,
,15570409.32,300.01286315,-38595.4453125,-13.5979937703283,0.00537629767928355,1,0.999253354069792,40.0298881530762,1.99446622881276,11.6100003942847,-73.861147213752,-14.8311508834795,250,-0.201747071264333,-13.5944043595491,-0.258498790297461,300.0119629,300.0137634,-38645.4921875,-38545.3984375,56.6516534453329,20.8425558167971,9.256284,0,0,0,40,4449,299.9031,-38595.4453125,,,,,,,,,,,,,0,,,,18.88954735,,,,,,300.01286315,,,,
,15570410.4,300.013916,-38705.58203125,-13.6022209733834,0.0052067279497072,1,0.999253354069792,40.0298881530762,1.99447197595974,11.6100003942847,-73.884000762276,-14.8374903323902,250,-0.202120630944833,-13.598628731424,-0.258888928379632,300.0137634,300.0140686,-38765.671875,-38645.4921875,56.2264475308713,20.8422676036532,8.884414,0,0,0,40,4449,299.90235,-38705.58203125,,,,,,,,,,,,,0,,,,18.88954735,,,,,,300.013916,,,,
,15570411.65,300.0139923,-38830.76171875,-13.6016166907898,0.00457730603738204,1,0.999253354069792,40.0298881530762,1.99454083331684,11.6100003942847,-73.8794000529001,-14.8578557688212,250,-0.205880968853065,-13.5980089541001,-0.262644854335161,300.013916,300.0140686,-38895.8515625,-38765.671875,56.6782288149868,20.8443543366654,8.884414,0,0,0,40,4449,299.9015,-38830.76171875,,,,,,,,,,,,,0,,,,18.9839077,,,,,,300.0139923,,,,
,15570412.83,300.0142517,-38950.99609375,-13.6061981085567,0.00478411098156827,1,0.999253354069792,40.0298881530762,1.9944591297942,11.6100003942847,-73.9062832295302,-14.8355677147495,250,-0.201049169515047,-13.6026095723664,-0.25783247510008,300.013916,300.0145874,-39006.140625,-38895.8515625,56.2983573546406,20.8420105161795,8.884414,0,0,0,40,4449,299.8989,-38950.99609375,,,,,,,,,,,,,0,,,,18.9839077,,,,,,300.0142517,,,,
,15570413.98,300.01394655,-39066.2109375,-13.6002004660565,0.00473261496341017,1,0.999253354069792,40.0298881530762,1.99481770741677,11.6100003942847,-73.8873327477594,-14.8279709422559,250,-0.20029005219374,-13.5966165469082,-0.257047730892605,300.0133057,300.0145874,-39126.28125,-39006.140625,56.8392442899483,20.8466114194892,9.256284,0,0,0,40,4449,299.89675,-39066.2109375,,,,,,,,,,,,,0,,,,18.88954735,,,,,,300.01394655,,,,
,15570415.19,300.0132904,-39186.443359375,-13.6061769617106,0.00522205991975282,1,0.999253354069792,40.0298881530762,1.99477867674437,11.6100003942847,-73.916184286678,-14.8461252724985,250,-0.202567724816332,-13.6025828074536,-0.259348519191194,300.0132751,300.0133057,-39246.60546875,-39126.28125,56.5476968522752,20.8427626153609,8.512546,0,0,0,40,4449,299.8973,-39186.443359375,,,,,,,,,,,,,0,,,,18.88954735,,,,,,300.0132904,,,,
,15570416.315,300.01338195,-39296.712890625,-13.6092393815111,0.00564382161897683,1,0.999253354069792,40.0298881530762,1.99447236801088,11.6100003942847,-73.9242116339445,-14.8339853123275,250,-0.20018021747332,-13.6056546557842,-0.256973185786114,300.0132751,300.0134888,-39346.8203125,-39246.60546875,57.1440794124484,20.8494859056508,8.884414,0,0,0,40,4449,299.897,-39296.712890625,,,,,,,,,,,,,0,,,,18.9839077,,,,,,300.01338195,,,,
,15570417.405,300.0138245,-39406.986328125,-13.606873700756,0.00445175658438938,1,0.999253354069792,40.0298881530762,1.99460947834421,11.6100003942847,-73.9112272175982,-14.8598375571413,250,-0.205183063227995,-13.603268415283,-0.261964452241977,300.0134888,300.0141602,-39467.15234375,-39346.8203125,57.1894138665637,20.8411412860348,9.256284,0,0,0,40,4449,299.89485,-39406.986328125,,,,,,,,,,,,,0,,,,18.9839077,,,,,,300.0138245,,,,
,15570418.545,300.01342775,-39522.650390625,-13.6071259811958,0.00610948583238919,1,0.999253354069792,40.0298881530762,1.99466390827965,11.6100003942847,-73.9146279907362,-14.8601722564907,250,-0.205126075471133,-13.6035211910653,-0.26190755679532,300.0126953,300.0141602,-39578.1484375,-39467.15234375,57.3082214014868,20.8407439473663,9.256284,0,0,0,40,4449,299.89375,-39522.650390625,,,,,,,,,,,,,0,,,,18.9839077,,,,,,300.01342775,,,,
,15570419.635,300.0132446,-39628.41796875,-13.6146201340345,0.00412671402335456,1,0.999253354069792,40.0298881530762,1.99472645972273,11.6200000047684,-73.9630193352617,-14.8395753457435,250,-0.199873177189088,-13.6110359742089,-0.256685976299568,300.0126953,300.0137939,-39678.6875,-39578.1484375,56.374175321006,20.8423645434385,9.256284,0,0,0,40,4449,299.8934,-39628.41796875,,,,,,,,,,,,,0,,,,18.9839077,,,,,,300.0132446,,,,
,15570420.65,300.01286315,-39728.78515625,-13.6167030215543,0.0043602953637195,1,0.999253354069792,40.0298881530762,1.99458213617643,11.6100003942847,-73.9642133833827,-14.8672550375031,250,-0.204761724711299,-13.613098334816,-0.26158119873887,300.0119324,300.0137939,-39778.8828125,-39678.6875,57.3074397729676,20.8427355578994,8.884414,0,0,0,40,4449,299.8933,-39728.78515625,,,,,,,,,,,,,0,,,,18.79614355,,,,,,300.01286315,,,,
,15570421.74,300.01208495,-39839.01953125,-13.6128861276494,0.00519225311207542,1,0.999253354069792,40.0298881530762,1.99454693226603,11.6100003942847,-73.9378757094648,-14.8862146515672,250,-0.208998226162196,-13.6092650446728,-0.265799725156432,300.0119324,300.0122375,-39899.15625,-39778.8828125,56.5531682519098,20.8446027554368,9.256284,0,0,0,40,4449,299.8934,-39839.01953125,,,,,,,,,,,,,0,,,,18.79614355,,,,,,300.01208495,,,,
,15570424.875,300.0139618,-40000.54296875,-13.6204304059176,0.00561369514417173,1,0.999253354069792,40.0298881530762,1.99460632475228,11.6100003942847,-73.9924015883349,-14.8333785844007,250,-0.197822245052962,-13.6168537234419,-0.254655707737983,300.0135498,300.0143738,-40000.62109375,-40000.46484375,57.8264411097369,20.8436655268652,9.256284,0,0,0,40,4417,299.8937,-40000.54296875,,,,,,,,,,,,,0,,,,18.7017832,,,,,,300.0139618,,,,
,15570438.245,300.0126038,-39968.0859375,-13.6244634135265,0.00549960582443695,1,0.999253354069792,40.0298881530762,1.99467640742783,11.6100003942847,-74.0147352026162,-14.8496817771705,250,-0.199973083444635,-13.6208775169972,-0.256823865929829,300.0126038,300.0126038,-39972.08984375,-39964.08203125,57.0463758475445,20.8472299645215,9.256284,0,0,0,40,4449,299.8912,-39968.0859375,,,,,,,,,,,,,0,,,,18.88954735,,,,,,300.0126038,,,,
,15570438.89,300.0126343,-39912.6015625,-13.6209493573034,0.00567318231505845,1,0.999253354069792,40.0298881530762,1.99459368791805,11.6100003942847,-73.9951661572993,-14.831697553416,250,-0.197432796137997,-13.6173747142589,-0.254269849636781,300.0126038,300.0126648,-39964.08203125,-39861.12109375,57.2292769210445,20.8455991813481,8.884414,0,0,0,40,4449,299.8919,-39912.6015625,,,,,,,,,,,,,0,,,,18.795187,,,,,,300.0126343,,,,
,15570440,300.01252745,-39814.92578125,-13.6128876193084,0.0051740629555645,1,0.999253354069792,40.0298881530762,1.99456705217216,11.6100003942847,-73.9487753720665,-14.8315313658504,250,-0.198931203263785,-13.6093082606623,-0.255735548403279,300.0123901,300.0126648,-39861.12109375,-39768.73046875,57.8381655375254,20.8457164746575,8.884414,0,0,0,40,4449,299.8909,-39814.92578125,,,,,,,,,,,,,0,,,,18.795187,,,,,,300.01252745,,,,
,15570441.025,300.0116577,-39720.390625,-13.6139644172011,0.00608318779248937,1,0.999253354069792,40.0298881530762,1.9944502707479,11.6100003942847,-73.9493668100827,-14.8374589808592,250,-0.199974302089462,-13.6103808201551,-0.256783852515659,300.0109253,300.0123901,-39768.73046875,-39672.05078125,57.0166739638137,20.8389066048575,8.884414,0,0,0,40,4449,299.8913,-39720.390625,,,,,,,,,,,,,0,,,,18.88954735,,,,,,300.0116577,,,,
,15570442.115,300.01176455,-39612.263671875,-13.6192173585135,0.0056777205845633,1,0.999253354069792,40.0298881530762,1.99446871131613,11.6100003942847,-73.9763112220421,-14.8554788305036,250,-0.20228304873037,-13.6156228772654,-0.259115222631237,300.0109253,300.0126038,-39672.05078125,-39552.4765625,57.268358347006,20.8411838538369,9.256284,0,0,0,40,4449,299.89125,-39612.263671875,,,,,,,,,,,,,0,,,,18.9839077,,,,,,300.01176455,,,,
,15570443.32,300.0116272,-39492.580078125,-13.6079670062802,0.00495992856324796,1,0.999253354069792,40.0298881530762,1.99458590817781,11.6100003942847,-73.9217576712954,-14.831535239952,250,-0.199815621120703,-13.6043850095339,-0.256602745199229,300.0106506,300.0126038,-39552.4765625,-39432.68359375,56.8329912617945,20.8442808881904,9.256284,0,0,0,40,4449,299.8905,-39492.580078125,,,,,,,,,,,,,0,,,,18.9839077,,,,,,300.0116272,,,,
,15570444.395,300.0106659,-39382.873046875,-13.6064314307848,0.00605718648119929,1,0.999253354069792,40.0298881530762,1.99474906698869,11.6100003942847,-73.9176036926381,-14.8402612175384,250,-0.201483833595269,-13.6028431340169,-0.258265342338858,300.0106506,300.0106812,-39432.68359375,-39333.0625,57.4762715331215,20.8471203692121,8.884414,0,0,0,40,4449,299.89065,-39382.873046875,,,,,,,,,,,,,0,,,,18.88954735,,,,,,300.0106659,,,,
,15570445.495,300.0111084,-39273.369140625,-13.6020947697929,0.00568719535858177,1,0.999253354069792,40.0298881530762,1.99460750907917,11.6100003942847,-73.890876185038,-14.8240098502069,250,-0.199491911605124,-13.5985153274878,-0.256256762975241,300.0106812,300.0115356,-39333.0625,-39213.67578125,56.5359724244868,20.8412910629914,9.256284,0,0,0,40,4449,299.8911,-39273.369140625,,,,,,,,,,,,,0,,,,18.88954735,,,,,,300.0111084,,,,
,15570446.705,300.011322,-39153.927734375,-13.6163169168681,0.00551058765223908,1,0.999253354069792,40.0298881530762,1.99464751260976,11.6100003942847,-73.9643967971924,-14.8677567081621,250,-0.204831535286268,-13.6127120478993,-0.261656028611951,300.0111084,300.0115356,-39213.67578125,-39094.1796875,56.7657712091406,20.8377355976548,8.884414,0,0,0,40,4449,299.8908,-39153.927734375,,,,,,,,,,,,,0,,,,18.9839077,,,,,,300.011322,,,,
,15570447.72,300.0111084,-39054.375,-13.6034988265651,0.00588158679010286,1,0.999253354069792,40.0298881530762,1.9945971402938,11.6100003942847,-73.8941018252086,-14.8471770603606,250,-0.203496079082658,-13.5999021016612,-0.260268461293901,300.0111084,300.0111084,-39094.1796875,-39014.5703125,56.6782288149868,20.8431650567671,8.884414,0,0,0,40,4449,299.89035,-39054.375,,,,,,,,,,,,,0,,,,18.9839077,,,,,,300.0111084,,,,
,15570448.76,300.0107422,-38949.9296875,-13.6040187266353,0.00477073126907664,1,0.999253354069792,40.0298881530762,1.99462782388944,11.6100003942847,-73.893253525428,-14.873754282671,250,-0.208236976024934,-13.600402180827,-0.265011464663371,300.010376,300.0111084,-39014.5703125,-38885.2890625,56.9697762526599,20.8409278493159,9.256284,0,0,0,40,4449,299.8913,-38949.9296875,,,,,,,,,,,,,0,,,,18.9839077,,,,,,300.0107422,,,,
,15570450.86,300.0119019,-38741.130859375,-13.6088654795021,0.0063547896114063,1,0.999253354069792,40.0298881530762,1.99459381467681,11.6100003942847,-73.9260046274032,-14.8375019545214,250,-0.200726492912447,-13.6052785124527,-0.257524772212958,300.0119019,300.0119019,-38746.1484375,-38736.11328125,56.8337728903137,20.8416533360825,8.512546,0,0,0,40,4449,299.892,-38741.130859375,,,,,,,,,,,,,0,,,,18.795187,,,,,,300.0119019,,,,
,15570451.425,300.01072695,-38686.3984375,-13.5960685966619,0.00526906989932304,1,0.999253354069792,40.0298881530762,1.99474527467768,11.6100003942847,-73.8583244744189,-14.8442556426119,250,-0.204136617846474,-13.5924704971424,-0.260881336540915,300.009552,300.0119019,-38736.11328125,-38636.68359375,56.8900501436983,20.8398670838336,9.256284,0,0,0,40,4449,299.89205,-38686.3984375,,,,,,,,,,,,,0,,,,18.7017832,,,,,,300.01072695,,,,
,15570452.52,300.01031495,-38576.970703125,-13.5992922364307,0.00516431068897953,1,0.999253354069792,40.0298881530762,1.99467280829664,11.6100003942847,-73.8718542145983,-14.8546173015145,250,-0.205536380278086,-13.5956877110769,-0.262295490263429,300.009552,300.0110779,-38636.68359375,-38517.2578125,56.5195582255829,20.8422624312647,9.256284,0,0,0,40,4449,299.8918,-38576.970703125,,,,,,,,,,,,,0,,,,18.79614355,,,,,,300.01031495,,,,
,15570454.55,300.0114136,-38372.87890625,-13.6018166272014,0.00512231351997425,1,0.999253354069792,40.0298881530762,1.99456885016068,11.6100003942847,-73.8863602781691,-14.8320695522385,250,-0.201065796241697,-13.5982295140423,-0.257838130380716,300.0114136,300.0114136,-38377.87890625,-38367.87890625,57.4262473078907,20.8439563004348,8.884414,0,0,0,40,4449,299.8934,-38372.87890625,,,,,,,,,,,,,0,,,,18.79614355,,,,,,300.0114136,,,,
,15570455.245,300.0113678,-38303.11328125,-13.5972990081913,0.0048141462304451,1,0.999253354069792,40.0298881530762,1.99454319750391,11.6100003942847,-73.8564893282487,-14.8507111426978,250,-0.205358873184665,-13.5936947782055,-0.262112548325143,300.011322,300.0114136,-38367.87890625,-38238.34765625,57.0846756449868,20.8409042650355,8.884414,0,0,0,40,4449,299.89185,-38303.11328125,,,,,,,,,,,,,0,,,,18.88954735,,,,,,300.0113678,,,,
,15570456.345,300.0101776,-38193.595703125,-13.6003236292676,0.00514144896389044,1,0.999253354069792,40.0298881530762,1.9945902700493,11.6100003942847,-73.8780793276188,-14.8357011986144,250,-0.201978400532516,-13.5967333641617,-0.258746664068379,300.0090332,300.011322,-38238.34765625,-38148.84375,56.6477453027368,20.8432530184105,8.512546,0,0,0,40,4449,299.89135,-38193.595703125,,,,,,,,,,,,,0,,,,18.88954735,,,,,,300.0101776,,,,
,15570457.36,300.00997925,-38093.986328125,-13.5918519774349,0.00574328427092531,1,0.999253354069792,40.0298881530762,1.99469936707341,11.6100003942847,-73.8373533708577,-14.8199390571331,250,-0.200509550864242,-13.5882695674933,-0.257243537050646,300.0090332,300.0109253,-38148.84375,-38039.12890625,56.7985996069483,20.8459693851199,8.512546,0,0,0,40,4449,299.8924,-38093.986328125,,,,,,,,,,,,,0,,,,18.9839077,,,,,,300.00997925,,,,
,15570458.475,300.01124575,-37984.404296875,-13.5825269720359,0.00328554127172765,1,0.999253354069792,40.0298881530762,1.9946643212743,11.6100003942847,-73.7848258850294,-14.8127607337858,250,-0.200965912184618,-13.5789437308615,-0.257662401291112,300.0109253,300.0115662,-38039.12890625,-37929.6796875,56.7900016932368,20.8454714990159,9.256284,0,0,0,40,4449,299.89055,-37984.404296875,,,,,,,,,,,,,0,,,,18.88954735,,,,,,300.01124575,,,,
,15570459.645,300.0114441,-37869.908203125,-13.597786285758,0.0045546757426281,1,0.999253354069792,40.0298881530762,1.99449912656558,11.6100003942847,-73.8634009220029,-14.8193208648635,250,-0.199558891358046,-13.594205536731,-0.256321226878669,300.011322,300.0115662,-37929.6796875,-37810.13671875,56.577398736006,20.845413304107,9.256284,0,0,0,40,4449,299.88775,-37869.908203125,,,,,,,,,,,,,0,,,,18.7017832,,,,,,300.0114441,,,,
,15570460.71,300.011322,-37760.322265625,-13.5850907052526,0.00534553236215693,1,0.999253354069792,40.0298881530762,1.99472803694803,11.6100003942847,-73.7979472484244,-14.8327482029932,250,-0.204072187068762,-13.581493606536,-0.260781668818639,300.011322,300.011322,-37810.13671875,-37710.5078125,56.6625962446021,20.8453993334806,9.256284,0,0,0,40,4449,299.888,-37760.322265625,,,,,,,,,,,,,0,,,,18.6083794,,,,,,300.011322,,,,
,15570461.745,300.01130675,-37655.669921875,-13.5838735825015,0.00501996966193281,1,0.999253354069792,40.0298881530762,1.99459884846152,11.6100003942847,-73.7909736736248,-14.8073026084415,250,-0.199797575822531,-13.5802945018597,-0.256503664058446,300.0112915,300.011322,-37710.5078125,-37600.83203125,56.8032893780637,20.8431591997609,9.256284,0,0,0,40,4449,299.8892,-37655.669921875,,,,,,,,,,,,,0,,,,18.6083794,,,,,,300.01130675,,,,
,15570462.815,300.011322,-37550.955078125,-13.5839540383267,0.00524948217947244,1,0.999253354069792,40.0298881530762,1.99438436790344,11.6100003942847,-73.7856520499713,-14.7951708550436,250,-0.197839299275806,-13.5803830073764,-0.254547079811646,300.0112915,300.0113525,-37600.83203125,-37501.078125,56.5109603118714,20.8438286103927,9.256284,0,0,0,40,4449,299.8898,-37550.955078125,,,,,,,,,,,,,0,,,,18.79614355,,,,,,300.011322,,,,
,15570463.83,300.01115415,-37451.29296875,-13.5854941095654,0.00491383470639815,1,0.999253354069792,40.0298881530762,1.99455333278612,11.6100003942847,-73.7973762297414,-14.8128266157494,250,-0.200569481526393,-13.5819112987149,-0.25728446470682,300.0109558,300.0113525,-37501.078125,-37401.5078125,56.7024592990829,20.8425449077246,9.256284,0,0,0,40,4449,299.88855,-37451.29296875,,,,,,,,,,,,,0,,,,18.88954735,,,,,,300.01115415,,,,
,15570464.915,300.0108032,-37341.603515625,-13.5721394235939,0.00594297327711164,1,0.999253354069792,40.0298881530762,1.99462172229785,11.6100003942847,-73.7221072785555,-14.8267512699088,250,-0.205509379840785,-13.5685386701472,-0.262169176460676,300.0106506,300.0109558,-37401.5078125,-37281.69921875,56.2952308405636,20.843191176646,8.884414,0,0,0,40,4449,299.8865,-37341.603515625,,,,,,,,,,,,,0,,,,18.795187,,,,,,300.0108032,,,,
,15570466.025,300.0105438,-37226.89453125,-13.5862664468403,0.00529756491118209,1,0.999253354069792,40.0298881530762,1.99451316732437,11.6100003942847,-73.8015719907147,-14.8055628506579,250,-0.199143727734007,-13.5826894781096,-0.25586459552744,300.010437,300.0106506,-37281.69921875,-37172.08984375,56.9744660237753,20.8446441142676,8.884414,0,0,0,40,4449,299.88845,-37226.89453125,,,,,,,,,,,,,0,,,,18.88954735,,,,,,300.0105438,,,,
,15570467.12,300.0111847,-37117.30078125,-13.5727415945741,0.00572759974229882,1,0.999253354069792,40.0298881530762,1.99438718470124,11.6100003942847,-73.7236493829842,-14.7894396955522,250,-0.198857860986627,-13.5691681505848,-0.255523006528528,300.010437,300.0119324,-37172.08984375,-37062.51171875,56.8634747740445,20.8422990126342,8.884414,0,0,0,40,4449,299.8903,-37117.30078125,,,,,,,,,,,,,0,,,,18.79614355,,,,,,300.0111847,,,,
,15570468.3,300.0119324,-37002.689453125,-13.5792075339509,0.005397285343087,1,0.999253354069792,40.0298881530762,1.99455214418306,11.6100003942847,-73.7673363108378,-14.7835435108482,250,-0.196356435195063,-13.5756427194217,-0.253050353750891,300.0119324,300.0119324,-37062.51171875,-36942.8671875,57.3965454241599,20.8441683321189,8.884414,0,0,0,40,4449,299.89,-37002.689453125,,,,,,,,,,,,,0,,,,18.7017832,,,,,,300.0119324,,,,
,15570469.4,300.01112365,-36892.96484375,-13.5782020751727,0.005968343135582,1,0.999253354069792,40.0298881530762,1.9944495414395,11.6100003942847,-73.7586661361454,-14.7790675979646,250,-0.195856100146474,-13.5746398417205,-0.25254697987913,300.0103149,300.0119324,-36942.8671875,-36843.0625,56.8626931455252,20.843115760172,8.884414,0,0,0,40,4449,299.8904,-36892.96484375,,,,,,,,,,,,,0,,,,18.7017832,,,,,,300.01112365,,,,
,15570470.5,300.0109863,-36783.23046875,-13.5805621152219,0.00489889347561634,1,0.999253354069792,40.0298881530762,1.99460140019223,11.6200000047684,-73.7745234727375,-14.7958861936701,250,-0.198303726148873,-13.576989133574,-0.255004992495049,300.0103149,300.0116577,-36843.0625,-36723.3984375,56.1834579623136,20.8480669503202,8.884414,0,0,0,40,4449,299.89095,-36783.23046875,,,,,,,,,,,,,0,,,,18.7017832,,,,,,300.0109863,,,,
,15570471.69,300.011734,-36663.525390625,-13.5709437236389,0.00623763529804326,1,0.999253354069792,40.0298881530762,1.99466225896135,11.6100003942847,-73.72293588735,-14.7940827133916,250,-0.199673891469862,-13.5673664295097,-0.256336097691214,300.0116577,300.0118103,-36723.3984375,-36603.65234375,56.8165770628906,20.8452485630672,9.256284,0,0,0,40,4449,299.8902,-36663.525390625,,,,,,,,,,,,,0,,,,18.795187,,,,,,300.011734,,,,
,15570472.805,300.0107727,-36553.740234375,-13.557091820367,0.00613975709362007,1,0.999253354069792,40.0298881530762,1.9946034598964,11.6100003942847,-73.6473201364699,-14.7691297182899,250,-0.197738009531101,-13.5535257617431,-0.254343934208784,300.0097351,300.0118103,-36603.65234375,-36503.828125,57.3097846585253,20.8445561014269,8.512546,0,0,0,40,4449,299.88995,-36553.740234375,,,,,,,,,,,,,0,,,,18.795187,,,,,,300.0107727,,,,
,15570473.865,300.01037595,-36448.982421875,-13.5653549229162,0.00578566942402206,1,0.999253354069792,40.0298881530762,1.9944253441849,11.6100003942847,-73.6920548781593,-14.7430744102572,250,-0.191657330023925,-13.5618126975383,-0.248299933550879,300.0097351,300.0110168,-36503.828125,-36394.13671875,56.2170679886406,20.8473050994834,8.884414,0,0,0,40,4449,299.8907,-36448.982421875,,,,,,,,,,,,,0,,,,18.795187,,,,,,300.01037595,,,,
,15570475.805,300.0097961,-36253.76953125,-13.5635723033731,0.00586871925831527,1,0.999253354069792,40.0298881530762,1.99450145048397,11.6100003942847,-73.6754734303156,-14.7936750815234,250,-0.201175452130053,-13.5599907811815,-0.25781026861718,300.0097961,300.0097961,-36253.76953125,-36253.76953125,57.6458849217946,20.8435868601804,8.884414,0,0,0,40,4449,299.8927,-36253.76953125,,,,,,,,,,,,,0,,,,18.9839077,,,,,,300.0097961,,,,
,15570476.485,300.00962825,-36188.8515625,-13.5606463668171,0.00492561506715431,1,0.999253354069792,40.0298881530762,1.99455616556959,11.6100003942847,-73.6606144159059,-14.7959257098039,250,-0.202057565166772,-13.5570617288678,-0.25868091788847,300.0094604,300.0097961,-36253.76953125,-36123.93359375,57.1558038402368,20.8441060276064,8.884414,0,0,0,40,4449,299.8915,-36188.8515625,,,,,,,,,,,,,0,,,,18.79614355,,,,,,300.00962825,,,,
,15570477.665,300.00938415,-36069.02734375,-13.5617675312113,0.00606656689160872,1,0.999253354069792,40.0298881530762,1.99457093966477,11.6100003942847,-73.6712196935736,-14.775772059849,250,-0.198128787645261,-13.5581990546312,-0.254758973174011,300.0093079,300.0094604,-36123.93359375,-36014.12109375,57.3684067974676,20.8458846467389,9.256284,0,0,0,40,4449,299.891,-36069.02734375,,,,,,,,,,,,,0,,,,18.79614355,,,,,,300.00938415,,,,
,15570478.7,300.0093079,-35964.236328125,-13.5543201487703,0.00443437841326092,1,0.999253354069792,40.0298881530762,1.99461083167813,11.6100003942847,-73.6310757502951,-14.7740030008121,250,-0.199130970960351,-13.550748916386,-0.255730829436313,300.0093079,300.0093079,-36014.12109375,-35914.3515625,57.1307917276214,20.8448620415119,8.884414,0,0,0,40,4449,299.8914,-35964.236328125,,,,,,,,,,,,,0,,,,19.07919695,,,,,,300.0093079,,,,
,15570479.765,300.00901795,-35859.4296875,-13.5604555136599,0.0057541532755605,1,0.999253354069792,40.0298881530762,1.99444736913675,11.6100003942847,-73.6607425542351,-14.7675190915784,250,-0.197018460609895,-13.5568918770796,-0.253645615087539,300.008728,300.0093079,-35914.3515625,-35804.5078125,56.4241995462367,20.8443377857425,9.256284,0,0,0,40,4449,299.89075,-35859.4296875,,,,,,,,,,,,,0,,,,19.07919695,,,,,,300.00901795,,,,
,15570480.75,300.008728,-35759.5234375,-13.5472825549793,0.00563163663508586,1,0.999253354069792,40.0298881530762,1.99439838805749,11.6100003942847,-73.5803951388465,-14.7907352536212,250,-0.203787336865637,-13.5436933298442,-0.260359054649228,300.008728,300.008728,-35804.5078125,-35714.5390625,56.7055858131598,20.8447324728549,8.884414,0,0,0,40,4449,299.891,-35759.5234375,,,,,,,,,,,,,0,,,,18.9839077,,,,,,300.008728,,,,
,15570481.725,300.00926205,-35659.69921875,-13.5587834805777,0.00739862853185602,1,0.999253354069792,40.0298881530762,1.99414916561822,11.6100003942847,-73.6339945657657,-14.8009094110699,250,-0.20385330640519,-13.5551912994338,-0.260473864888019,300.008728,300.0097961,-35714.5390625,-35604.859375,56.8947399148137,20.8495755584457,8.884414,0,0,0,40,4449,299.89205,-35659.69921875,,,,,,,,,,,,,0,,,,18.9839077,,,,,,300.00926205,,,,
,15570482.83,300.0097656,-35550.00390625,-13.5558156603412,0.00588769674098501,1,0.999253354069792,40.0298881530762,1.99463703280386,11.6100003942847,-73.6424918952837,-14.7631324817859,250,-0.196819296018648,-13.5522530924199,-0.253430034458005,300.0097351,300.0097961,-35604.859375,-35495.1484375,57.352774227083,20.8446927228748,8.512546,0,0,0,40,4449,299.8919,-35550.00390625,,,,,,,,,,,,,0,,,,18.79614355,,,,,,300.0097656,,,,
,15570483.825,300.0100708,-35450.216796875,-13.5427136533671,0.00600584245321444,1,0.999253354069792,40.0298881530762,1.99451583347606,11.6100003942847,-73.5632977759113,-14.7677146107092,250,-0.200249335110477,-13.539139127233,-0.256805696019191,300.0097351,300.0104065,-35495.1484375,-35405.28515625,56.8392442899483,20.8450088670495,8.884414,0,0,0,40,4449,299.8917,-35450.216796875,,,,,,,,,,,,,0,,,,18.7017832,,,,,,300.0100708,,,,
,15570484.825,300.0101776,-35350.4296875,-13.5432513465701,0.00484739173716509,1,0.999253354069792,40.0298881530762,1.9946171781315,11.6200000047684,-73.5754900040977,-14.7386773074659,250,-0.194683544475311,-13.539699796789,-0.251244371056198,300.0099487,300.0104065,-35405.28515625,-35295.57421875,57.0768593597945,20.8476598419637,9.256284,0,0,0,40,4449,299.8914,-35350.4296875,,,,,,,,,,,,,0,,,,18.7017832,,,,,,300.0101776,,,,
,15570485.915,300.00901795,-35245.646484375,-13.541701836917,0.00558835921093684,1,0.999253354069792,40.0298881530762,1.99451405457255,11.6100003942847,-73.5569491433873,-14.7708595195147,250,-0.201014230697103,-13.5381245777418,-0.257568602111055,300.0080872,300.0099487,-35295.57421875,-35195.71875,57.1714364106214,20.8475017691917,9.256284,0,0,0,40,4449,299.89045,-35245.646484375,,,,,,,,,,,,,0,,,,18.7017832,,,,,,300.00901795,,,,
,15570486.975,300.00820925,-35140.822265625,-13.5481767375054,0.0049580023875917,1,0.999253354069792,40.0298881530762,1.99436317843342,11.6100003942847,-73.5906590307202,-14.7554489888159,250,-0.197183059233537,-13.5446144573353,-0.253766418792679,300.0080872,300.0083313,-35195.71875,-35085.92578125,56.7540467813522,20.8426147137032,9.256284,0,0,0,40,4449,299.89015,-35140.822265625,,,,,,,,,,,,,0,,,,18.795187,,,,,,300.00820925,,,,
,15570488.965,300.0090637,-34941.173828125,-13.5480500867687,0.00558077927191446,1,0.999253354069792,40.0298881530762,1.9944823008247,11.6100003942847,-73.5926856394825,-14.7646218925908,250,-0.198730891036078,-13.5444806998776,-0.255315520284895,300.0090637,300.0090637,-34946.18359375,-34936.1640625,56.4812584281406,20.8443459634725,9.256284,0,0,0,40,4449,299.88985,-34941.173828125,,,,,,,,,,,,,0,,,,18.9839077,,,,,,300.0090637,,,,
,15570489.595,300.00886535,-34876.310546875,-13.5483778126213,0.00628054139824574,1,0.999253354069792,40.0298881530762,1.99449985106945,11.6100003942847,-73.5923688213767,-14.779820554521,250,-0.201436226382189,-13.5447970384006,-0.258022691154097,300.008667,300.0090637,-34936.1640625,-34816.45703125,56.6954246424098,20.8469114416517,9.256284,0,0,0,40,4449,299.8883,-34876.310546875,,,,,,,,,,,,,0,,,,18.88954735,,,,,,300.00886535,,,,
,15570490.655,300.0085907,-34771.525390625,-13.544275975911,0.00606284199035748,1,0.999253354069792,40.0298881530762,1.99439692453354,11.6100003942847,-73.5742693883691,-14.7320924087663,250,-0.193569844356006,-13.540728998455,-0.250141190094542,300.0085144,300.008667,-34816.45703125,-34726.59375,56.8251749766022,20.8514254222525,8.512546,0,0,0,40,4449,299.8912,-34771.525390625,,,,,,,,,,,,,0,,,,18.88954735,,,,,,300.0085907,,,,
,15570491.76,300.00842285,-34661.767578125,-13.5391248580271,0.00636617421341699,1,0.999253354069792,40.0298881530762,1.99479703179642,11.6100003942847,-73.5583842049271,-14.7417095865063,250,-0.195760435971486,-13.5355697427582,-0.25231077019661,300.0083313,300.0085144,-34726.59375,-34596.94140625,56.6946430138906,20.8461487546996,8.512546,0,0,0,40,4449,299.89195,-34661.767578125,,,,,,,,,,,,,0,,,,18.88954735,,,,,,300.00842285,,,,
,15570492.955,300.0083313,-34542.0078125,-13.5276021438944,0.00556204432238308,1,0.999253354069792,40.0298881530762,1.99447318716895,11.6100003942847,-73.4709510590326,-14.798007795301,250,-0.208659676144845,-13.5239952992149,-0.265160923184422,300.0083313,300.0083313,-34596.94140625,-34487.07421875,56.3350938950444,20.8474211642954,9.256284,0,0,0,40,4449,299.8899,-34542.0078125,,,,,,,,,,,,,0,,,,18.88954735,,,,,,300.0083313,,,,
,15570494.03,300.0083313,-34437.13671875,-13.5389696396388,0.00556460283923631,1,0.999253354069792,40.0298881530762,1.99426075995683,11.6100003942847,-73.540375568758,-14.7262691385341,250,-0.193660672787815,-13.5354230513043,-0.250213718660924,300.0083313,300.0083313,-34487.07421875,-34387.19921875,56.9056827140829,20.8501319650397,9.256284,0,0,0,40,4449,299.8891,-34437.13671875,,,,,,,,,,,,,0,,,,18.88954735,,,,,,300.0083313,,,,
,15570495.86,300.0085754,-34252.533203125,-13.5156025797715,0.00754081011507117,1,0.999253354069792,40.0298881530762,1.99456770909214,11.6100003942847,-73.4126955659919,-14.7665409598609,250,-0.204979424326059,-13.5120131101831,-0.261434038819365,300.0085754,300.0085754,-34257.45703125,-34247.609375,56.4804767996214,20.8458815089887,9.256284,0,0,0,40,4449,299.8907,-34252.533203125,,,,,,,,,,,,,0,,,,18.9839077,,,,,,300.0085754,,,,
,15570496.49,300.0080261,-34187.658203125,-13.5281298420557,0.00499869803628262,1,0.999253354069792,40.0298881530762,1.99452637604761,11.6100003942847,-73.4876585420479,-14.7346134247027,250,-0.196849112138193,-13.5245720161334,-0.253358481212283,300.0074768,300.0085754,-34247.609375,-34127.70703125,56.7774956369291,20.8446590369703,9.256284,0,0,0,40,4449,299.89035,-34187.658203125,,,,,,,,,,,,,0,,,,18.88954735,,,,,,300.0080261,,,,
,15570497.59,300.00785825,-34077.755859375,-13.5161479311906,0.00518034822576486,1,0.999253354069792,40.0298881530762,1.99454140178958,11.6100003942847,-73.4168744400423,-14.7552986401249,250,-0.202847466721864,-13.5125674303986,-0.259306494789367,300.0074768,300.0082397,-34127.70703125,-34027.8046875,57.4684552479292,20.8442143733505,8.884414,0,0,0,40,4449,299.8911,-34077.755859375,,,,,,,,,,,,,0,,,,18.88954735,,,,,,300.00785825,,,,
,15570498.7,300.0078735,-33967.916015625,-13.5323610080308,0.00493046365441607,1,0.999253354069792,40.0298881530762,1.99461128743082,11.6100003942847,-73.5180309452294,-14.7164396515107,250,-0.192614014119414,-13.5288198896057,-0.249143873680662,300.0075073,300.0082397,-34027.8046875,-33908.02734375,57.1628384969099,20.8459068391157,9.256284,0,0,0,40,4449,299.8917,-33967.916015625,,,,,,,,,,,,,0,,,,18.88954735,,,,,,300.0078735,,,,
,15570499.845,300.0076599,-33853.12109375,-13.5257858084419,0.00473290898828747,1,0.999253354069792,40.0298881530762,1.9944445065395,11.6100003942847,-73.4703716850478,-14.7401664509307,250,-0.198408195779117,-13.5222217491302,-0.254910793024782,300.0075073,300.0078125,-33908.02734375,-33798.21484375,57.2566339192176,20.8469415584505,8.884414,0,0,0,40,4449,299.8907,-33853.12109375,,,,,,,,,,,,,0,,,,18.88954735,,,,,,300.0076599,,,,
,15570500.805,300.00723265,-33758.32421875,-13.5226376095067,0.00487413982089387,1,0.999253354069792,40.0298881530762,1.99450610713287,11.6100003942847,-73.4554812381459,-14.7371907390482,250,-0.198362931977663,-13.5190744599128,-0.254853536805321,300.0066528,300.0078125,-33798.21484375,-33718.43359375,56.9603967104291,20.8437264732626,9.256284,0,0,0,40,4449,299.88985,-33758.32421875,,,,,,,,,,,,,0,,,,18.79614355,,,,,,300.00723265,,,,
,15570501.835,300.00668335,-33658.53515625,-13.5240237941043,0.00558085062484907,1,0.999253354069792,40.0298881530762,1.99455942121325,11.6100003942847,-73.4726544375039,-14.6974053535114,250,-0.190730213751267,-13.5204924283713,-0.247229223028648,300.0066528,300.0067139,-33718.43359375,-33598.63671875,57.1761261817368,20.8487588688551,9.256284,0,0,0,40,4449,299.88965,-33658.53515625,,,,,,,,,,,,,0,,,,18.79614355,,,,,,300.00668335,,,,
,15570502.97,300.00724795,-33543.732421875,-13.5207004689884,0.00483781266546591,1,0.999253354069792,40.0298881530762,1.99433328353876,11.6200000047684,-73.4357147394187,-14.7502210864117,250,-0.201341212703253,-13.5171250306381,-0.257825103408496,300.0067139,300.007782,-33598.63671875,-33488.828125,56.912717370756,20.8396655666313,8.884414,0,0,0,40,4449,299.89075,-33543.732421875,,,,,,,,,,,,,0,,,,18.79614355,,,,,,300.00724795,,,,
,15570504.01,300.0077057,-33438.83984375,-13.5203130803726,0.00540220812320318,1,0.999253354069792,40.0298881530762,1.99447077519717,11.6100003942847,-73.4503093923114,-14.6873371756809,250,-0.189684876801622,-13.516786110326,-0.246170512683135,300.0076294,300.007782,-33488.828125,-33388.8515625,57.5184794731599,20.8470371304208,9.256284,0,0,0,40,4449,299.891,-33438.83984375,,,,,,,,,,,,,0,,,,18.7017832,,,,,,300.0077057,,,,
,15570505.145,300.0078583,-33323.9296875,-13.5207292662919,0.00481664061270503,1,0.999253354069792,40.0298881530762,1.99448618031372,11.6100003942847,-73.4441601275923,-14.7362352650505,250,-0.198563358360449,-13.5171648516059,-0.255050427622927,300.0076294,300.0080872,-33388.8515625,-33259.0078125,56.6407106460637,20.8470060240163,9.256284,0,0,0,40,4449,299.88955,-33323.9296875,,,,,,,,,,,,,0,,,,18.88954735,,,,,,300.0078583,,,,
,15570506.285,300.0071106,-33209.109375,-13.5162855910803,0.00664239681184862,1,0.999253354069792,40.0298881530762,1.99426327309464,11.6100003942847,-73.4117365606762,-14.7313368304912,250,-0.198781617407772,-13.5127214232917,-0.255251071944078,300.006134,300.0080872,-33259.0078125,-33159.2109375,57.6099300099099,20.8474345974405,9.256284,0,0,0,40,4449,299.8903,-33209.109375,,,,,,,,,,,,,0,,,,18.9839077,,,,,,300.0071106,,,,
,15570507.285,300.0061493,-33109.267578125,-13.4963236879359,0.00544668335199659,1,0.999253354069792,40.0298881530762,1.99402027032243,11.6100003942847,-73.287753711923,-14.7448140694967,250,-0.205278330410352,-13.4927367966347,-0.26166370298661,300.006134,300.0061646,-33159.2109375,-33059.32421875,57.0948368157368,20.8481949542056,9.256284,0,0,0,40,4449,299.8918,-33109.267578125,,,,,,,,,,,,,0,,,,18.79614355,,,,,,300.0061493,,,,
,15570508.375,300.0064087,-32999.138671875,-13.5085815634662,0.00588100040490153,1,0.999253354069792,40.0298881530762,1.99449826074267,11.6200000047684,-73.3816617187715,-14.7066228281448,250,-0.195360224873017,-13.5050334094055,-0.251799944148019,300.0061646,300.0066528,-33059.32421875,-32938.953125,56.6954246424098,20.8466759947563,8.884414,0,0,0,40,4449,299.8919,-32999.138671875,,,,,,,,,,,,,0,,,,18.7017832,,,,,,300.0064087,,,,
,15570509.555,300.0064697,-32883.953125,-13.5013455887832,0.00585360619224566,1,0.999253354069792,40.0298881530762,1.9943788668102,11.6100003942847,-73.3379611776723,-14.6984902434407,250,-0.195364938857209,-13.4977986942127,-0.251775780391672,300.0062866,300.0066528,-32938.953125,-32828.953125,56.9721211382176,20.8456367838358,8.884414,0,0,0,40,4449,299.89095,-32883.953125,,,,,,,,,,,,,0,,,,18.88954735,,,,,,300.0064697,,,,
,15570510.62,300.00648495,-32779.056640625,-13.5070349528141,0.00511210490535054,1,0.999253354069792,40.0298881530762,1.99447451766772,11.6100003942847,-73.370427631086,-14.7154428457789,250,-0.197295054512875,-13.503478689413,-0.253730555226616,300.0062866,300.0066833,-32828.953125,-32729.16015625,56.1037318533521,20.8414776256219,9.256284,0,0,0,40,4449,299.89005,-32779.056640625,,,,,,,,,,,,,0,,,,19.07919695,,,,,,300.00648495,,,,
,15570511.69,300.00616455,-32669.2353515625,-13.4926117963899,0.00560642856812762,1,0.999253354069792,40.0298881530762,1.99439105792737,11.6100003942847,-73.2834771012146,-14.7294082070003,250,-0.202642733040011,-13.4890361534127,-0.259017705481151,300.0056458,300.0066833,-32729.16015625,-32609.310546875,56.6024108486214,20.841503599525,9.256284,0,0,0,40,4449,299.8912,-32669.2353515625,,,,,,,,,,,,,0,,,,19.07919695,,,,,,300.00616455,,,,
,15570512.775,300.00558475,-32559.3515625,-13.4877427098786,0.00598821764375218,1,0.999253354069792,40.0298881530762,1.99439303660895,11.6100003942847,-73.2615947207196,-14.6998820051552,250,-0.198120694243772,-13.484187124749,-0.254477326596424,300.0055237,300.0056458,-32609.310546875,-32509.392578125,56.6625962446021,20.8454836113675,8.512546,0,0,0,40,4449,299.89125,-32559.3515625,,,,,,,,,,,,,0,,,,18.9839077,,,,,,300.00558475,,,,
,15570513.79,300.00605775,-32459.462890625,-13.5019219443453,0.00564900935424074,1,0.999253354069792,40.0298881530762,1.99444916617146,11.6100003942847,-73.3489986004007,-14.6705636368281,250,-0.1900335499467,-13.4983969203462,-0.246452465183402,300.0055237,300.0065918,-32509.392578125,-32409.533203125,57.2581971762561,20.8476876143214,9.256284,0,0,0,40,4449,299.88965,-32459.462890625,,,,,,,,,,,,,0,,,,18.9839077,,,,,,300.00605775,,,,
,15570514.91,300.00645445,-32349.6572265625,-13.5010101146743,0.00460597773099861,1,0.999253354069792,40.0298881530762,1.99440664021896,11.6100003942847,-73.3362669445486,-14.7029864245659,250,-0.196210651508347,-13.4974591507899,-0.25262537754573,300.0063171,300.0065918,-32409.533203125,-32289.78125,57.5106631879676,20.8426120762686,9.256284,0,0,0,40,4449,299.8907,-32349.6572265625,,,,,,,,,,,,,0,,,,18.9839077,,,,,,300.00645445,,,,
,15570516.09,300.00563045,-32229.919921875,-13.4808879921958,0.00632385719126791,1,0.999253354069792,40.0298881530762,1.99453371548172,11.6200000047684,-73.2264129149573,-14.7095064878772,250,-0.200969888973235,-13.4773214988029,-0.257300483070954,300.0049438,300.0063171,-32289.78125,-32170.05859375,57.0026046504676,20.8450587820566,9.256284,0,0,0,40,4449,299.8918,-32229.919921875,,,,,,,,,,,,,0,,,,18.9839077,,,,,,300.00563045,,,,
,15570517.135,300.004837,-32125.142578125,-13.4894327736979,0.00573125689887356,1,0.999253354069792,40.0298881530762,1.99434955976611,11.6200000047684,-73.273505452569,-14.6782797141888,250,-0.193893355415401,-13.4858943327612,-0.250262960020902,300.0047302,300.0049438,-32170.05859375,-32080.2265625,56.364014150256,20.8428094765901,8.512546,0,0,0,40,4449,299.88825,-32125.142578125,,,,,,,,,,,,,0,,,,18.88954735,,,,,,300.004837,,,,
,15570518.245,300.00596615,-32015.298828125,-13.4858115416993,0.00450035667880545,1,0.999253354069792,40.0298881530762,1.99405398815653,11.6100003942847,-73.2351529123043,-14.715872238387,250,-0.201856244465164,-13.4822398209497,-0.258210445631076,300.0047302,300.0072021,-32080.2265625,-31950.37109375,56.5297193963329,20.8479671117079,9.256284,0,0,0,40,4449,299.8871,-32015.298828125,,,,,,,,,,,,,0,,,,18.795187,,,,,,300.00596615,,,,
,15570519.33,300.0065155,-31905.484375,-13.4829807345691,0.00593176649934202,1,0.999253354069792,40.0298881530762,1.9943542140684,11.6100003942847,-73.2326106223344,-14.7036995341401,250,-0.199749186734694,-13.4794180790596,-0.256092378814484,300.0058289,300.0072021,-31950.37109375,-31860.59765625,57.2902439455445,20.8449701537216,9.256284,0,0,0,40,4449,299.89025,-31905.484375,,,,,,,,,,,,,0,,,,18.88954735,,,,,,300.0065155,,,,
,15570520.42,300.00553895,-31795.6533203125,-13.4791600734038,0.00594298491275354,1,0.999253354069792,40.0298881530762,1.99440001207471,11.6100003942847,-73.2133744628048,-14.7005395601381,250,-0.19981611061204,-13.4755983084666,-0.256144104102441,300.005249,300.0058289,-31860.59765625,-31730.708984375,56.5422254526406,20.8477709606978,8.884414,0,0,0,40,4449,299.8917,-31795.6533203125,,,,,,,,,,,,,0,,,,18.9839077,,,,,,300.00553895,,,,
,15570521.71,300.0056305,-31665.724609375,-13.4774844107904,0.006170180785776,1,0.999253354069792,40.0298881530762,1.99427370729154,11.6100003942847,-73.2033415678173,-14.6784447312486,250,-0.196235045727371,-13.4739377421922,-0.25255830318214,300.005249,300.006012,-31730.708984375,-31600.740234375,57.7881413122946,20.8444105928069,8.884414,0,0,0,40,4449,299.8906,-31665.724609375,,,,,,,,,,,,,0,,,,18.9839077,,,,,,300.0056305,,,,
,15570522.89,300.00616455,-31550.8515625,-13.4730636752149,0.00627699827513948,1,0.999253354069792,40.0298881530762,1.99446780446511,11.6100003942847,-73.1844785665583,-14.6846946097396,250,-0.197945660513862,-13.4695103851443,-0.254250944289099,300.006012,300.0063171,-31600.740234375,-31500.962890625,56.9369478548522,20.844984561686,9.256284,0,0,0,40,4449,299.8919,-31550.8515625,,,,,,,,,,,,,0,,,,18.88954735,,,,,,300.00616455,,,,
,15570523.95,300.00608825,-31446.025390625,-13.4755127232787,0.00491096399961964,1,0.999253354069792,40.0298881530762,1.99444933084348,11.6100003942847,-73.2029342047756,-14.6558743952917,250,-0.192223582868981,-13.4719827913315,-0.248541295895997,300.0058594,300.0063171,-31500.962890625,-31391.087890625,56.6031924771406,20.8436677251812,8.884414,0,0,0,40,4449,299.892,-31446.025390625,,,,,,,,,,,,,0,,,,18.795187,,,,,,300.00608825,,,,
,15570525.06,300.0062561,-31331.23046875,-13.4728658055247,0.004859764121189,1,0.999253354069792,40.0298881530762,1.9946462817914,11.6200000047684,-73.1928290075292,-14.6693518415649,250,-0.194928194982302,-13.4693248617307,-0.251235660637188,300.0058594,300.0066528,-31391.087890625,-31271.373046875,56.9134989992753,20.8434080725228,9.256284,0,0,0,40,4449,299.891,-31331.23046875,,,,,,,,,,,,,0,,,,18.795187,,,,,,300.0062561,,,,
,15570526.24,300.0058441,-31211.4736328125,-13.4611013561822,0.00491894199956251,1,0.999253354069792,40.0298881530762,1.99434686422275,11.6100003942847,-73.1109944918675,-14.6933442035883,250,-0.201907801401774,-13.4575336945106,-0.258165655980065,300.0050354,300.0066528,-31271.373046875,-31151.57421875,57.1526773261599,20.8464944284218,8.884414,0,0,0,40,4449,299.8919,-31211.4736328125,,,,,,,,,,,,,0,,,,18.795187,,,,,,300.0058441,,,,
,15570527.485,300.005661,-31091.6787109375,-13.466573751399,0.00610168744646863,1,0.999253354069792,40.0298881530762,1.99418878567309,11.6200000047684,-73.1369333964875,-14.6881005152598,250,-0.200137347620729,-13.4630123169235,-0.25641989032756,300.0050354,300.0062866,-31151.57421875,-31031.783203125,56.638365760506,20.8527759382991,9.256284,0,0,0,40,4449,299.8908,-31091.6787109375,,,,,,,,,,,,,0,,,,18.795187,,,,,,300.005661,,,,
,15570528.63,300.0062866,-30981.8603515625,-13.4643936830537,0.00631462369356475,1,0.999253354069792,40.0298881530762,1.99434106291061,11.6100003942847,-73.1254915112592,-14.7140162592653,250,-0.205098023363866,-13.4608114996125,-0.261371612867542,300.0062866,300.0062866,-31031.783203125,-30931.9375,56.9893169656406,20.8460759885043,9.256284,0,0,0,40,4449,299.89045,-30981.8603515625,,,,,,,,,,,,,0,,,,18.795187,,,,,,300.0062866,,,,
,15570529.755,300.0057068,-30867,-13.4603551546265,0.00751279986786874,1,0.999253354069792,40.0298881530762,1.99429601417187,11.6100003942847,-73.1153382691399,-14.6370681877758,250,-0.191776773953101,-13.4568296832545,-0.248037153601717,300.005127,300.0062866,-30931.9375,-30802.0625,56.9306948266983,20.8505781291079,9.256284,0,0,0,40,4449,299.8912,-30867,,,,,,,,,,,,,0,,,,18.795187,,,,,,300.0057068,,,,
,15570530.825,300.00424195,-30757.1259765625,-13.467712481107,0.00511590172952595,1,0.999253354069792,40.0298881530762,1.99456240148315,11.6100003942847,-73.1636231110339,-14.6534994400723,250,-0.193078145452237,-13.4641806966624,-0.249370022824541,300.0033569,300.005127,-30802.0625,-30712.189453125,56.8994296859291,20.8476269688932,8.512546,0,0,0,40,4449,299.89175,-30757.1259765625,,,,,,,,,,,,,0,,,,18.795187,,,,,,300.00424195,,,,
,15570531.84,300.0037384,-30657.23046875,-13.4598639283459,0.00657614439732062,1,0.999253354069792,40.0298881530762,1.99453976780459,11.6100003942847,-73.1182047600188,-14.6554367115087,250,-0.194917491918469,-13.4563261436392,-0.25117746796217,300.0033569,300.0041199,-30712.189453125,-30602.271484375,56.9830639374868,20.8399909177378,9.256284,0,0,0,40,4449,299.8904,-30657.23046875,,,,,,,,,,,,,0,,,,18.88954735,,,,,,300.0037384,,,,
,15570532.855,300.00427245,-30557.4287109375,-13.4593648725018,0.00511106081343193,1,0.999253354069792,40.0298881530762,1.99441906417757,11.6100003942847,-73.1147969685986,-14.634509937679,250,-0.191325727530854,-13.4558418403922,-0.247585298706098,300.0041199,300.004425,-30602.271484375,-30512.5859375,56.9369478548522,20.8393431255181,8.512546,0,0,0,40,4449,299.89055,-30557.4287109375,,,,,,,,,,,,,0,,,,18.9839077,,,,,,300.00427245,,,,
,15570533.8,300.004425,-30462.6611328125,-13.4602732753107,0.00520828795297755,1,0.999253354069792,40.0298881530762,1.99445838847932,11.6100003942847,-73.1150636211276,-14.6685312417045,250,-0.197351227350926,-13.45672470804,-0.253614022944742,300.004425,300.004425,-30512.5859375,-30412.736328125,58.0109054402754,20.8449959463584,8.884414,0,0,0,40,4449,299.8919,-30462.6611328125,,,,,,,,,,,,,0,,,,18.9839077,,,,,,300.004425,,,,
,15570534.93,300.00430295,-30347.84375,-13.4548761037909,0.00509225398108406,1,0.999253354069792,40.0298881530762,1.99440608355008,11.6100003942847,-73.0859486212983,-14.6511051250143,250,-0.195220104652461,-13.4513374634703,-0.251462009030842,300.0041809,300.004425,-30412.736328125,-30282.951171875,56.6837002146214,20.8441389281098,8.512546,0,0,0,40,4449,299.8914,-30347.84375,,,,,,,,,,,,,0,,,,18.79614355,,,,,,300.00430295,,,,
,15570536.22,300.00349425,-30218.0361328125,-13.4332653379936,0.00631380988634857,1,0.999253354069792,40.0298881530762,1.99428344308368,11.6100003942847,-72.9540455223396,-14.681394244779,250,-0.204948430961882,-13.4296906284663,-0.261099298521655,300.0028076,300.0041809,-30282.951171875,-30153.12109375,57.8631776501407,20.8441538388697,8.884414,0,0,0,40,4449,299.89125,-30218.0361328125,,,,,,,,,,,,,0,,,,18.6083794,,,,,,300.00349425,,,,
,15570537.485,300.00300595,-30093.2529296875,-13.4518614721974,0.00496256793338238,1,0.999253354069792,40.0298881530762,1.99422357974249,11.6100003942847,-73.0593368717433,-14.6665774013546,250,-0.198857399360499,-13.4483085824731,-0.25508854234059,300.0028076,300.0032043,-30153.12109375,-30033.384765625,57.4325003360445,20.8432364791321,9.256284,0,0,0,40,4449,299.8912,-30093.2529296875,,,,,,,,,,,,,0,,,,18.7017832,,,,,,300.00300595,,,,
,15570538.685,300.00341795,-29973.4384765625,-13.4392273712022,0.00663571844459498,1,0.999253354069792,40.0298881530762,1.99439789961009,11.6100003942847,-72.9962881820948,-14.6575524725344,250,-0.199312379332319,-13.4356747993931,-0.255491741088673,300.0032043,300.0036316,-30033.384765625,-29913.4921875,57.0526288756983,20.8496227245277,8.512546,0,0,0,40,4449,299.8913,-29973.4384765625,,,,,,,,,,,,,0,,,,18.795187,,,,,,300.00341795,,,,
,15570539.835,300.00343325,-29858.5576171875,-13.448812055146,0.00671080168311751,1,0.999253354069792,40.0298881530762,1.99427283464725,11.6200000047684,-73.0483594004922,-14.6429592309506,250,-0.195019135101703,-13.445275369482,-0.251240598818652,300.0032349,300.0036316,-29913.4921875,-29803.623046875,56.5562947659868,20.8497341349977,8.512546,0,0,0,40,4449,299.8913,-29858.5576171875,,,,,,,,,,,,,0,,,,18.7017832,,,,,,300.00343325,,,,
,15570540.85,300.0031586,-29758.423828125,-13.4406280944201,0.00703788264657513,1,0.999253354069792,40.0298881530762,1.99428277630249,11.6100003942847,-73.0001033784079,-14.6565503068409,250,-0.199017779379056,-13.4370763373182,-0.255205412121395,300.0030823,300.0032349,-29803.623046875,-29713.224609375,57.149550812083,20.8495410609267,9.256284,0,0,0,40,4449,299.8903,-29758.423828125,,,,,,,,,,,,,0,,,,18.6083794,,,,,,300.0031586,,,,
,15570541.905,300.0026245,-29653.2060546875,-13.4485091122955,0.00442838064459929,1,0.999253354069792,40.0298881530762,1.99441965094917,11.6100003942847,-73.0531626172722,-14.6371816943388,250,-0.193819387258429,-13.4449776664194,-0.250041999193628,300.0021667,300.0030823,-29713.224609375,-29593.1875,56.8298647477175,20.8454031904082,8.884414,0,0,0,40,4449,299.8907,-29653.2060546875,,,,,,,,,,,,,0,,,,18.7017832,,,,,,300.0026245,,,,
,15570543.11,300.00259395,-29533.208984375,-13.4386215275899,0.00454992326813895,1,0.999253354069792,40.0298881530762,1.99433800496745,11.6100003942847,-72.9973728377445,-14.6213374429257,250,-0.192849869690958,-13.4350960430905,-0.249032300489496,300.0021667,300.0030212,-29593.1875,-29473.23046875,56.3421285517175,20.8477603895069,8.512546,0,0,0,40,4449,299.8916,-29533.208984375,,,,,,,,,,,,,0,,,,18.795187,,,,,,300.00259395,,,,
,15570544.265,300.00334165,-29418.3173828125,-13.4363897864565,0.00545371906242323,1,0.999253354069792,40.0298881530762,1.99458182310802,11.6100003942847,-72.9929861225218,-14.6258315109087,250,-0.193767829685666,-13.4328604261961,-0.249941777243183,300.0030212,300.0036621,-29473.23046875,-29363.404296875,57.3637170263522,20.8452526107685,8.884414,0,0,0,40,4449,299.892,-29418.3173828125,,,,,,,,,,,,,0,,,,18.795187,,,,,,300.00334165,,,,
,15570545.39,300.00279235,-29303.4599609375,-13.420640297911,0.00634720273557577,1,0.999253354069792,40.0298881530762,1.99437754111687,11.6100003942847,-72.8993652298152,-14.6114523120428,250,-0.194314888167885,-13.4171119762591,-0.250424015606343,300.0019226,300.0036621,-29363.404296875,-29243.515625,56.6508718168137,20.8465857612036,9.256284,0,0,0,40,4449,299.8918,-29303.4599609375,,,,,,,,,,,,,0,,,,18.88954735,,,,,,300.00279235,,,,
,15570546.515,300.00279235,-29188.583984375,-13.4221155519972,0.00604652777365367,1,0.999253354069792,40.0298881530762,1.99429207542548,11.6200000047684,-72.8930326019804,-14.6733878088922,250,-0.20552421058965,-13.4185398855815,-0.261638571700881,300.0019226,300.0036621,-29243.515625,-29133.65234375,56.9580518248714,20.8423699867561,9.628152,0,0,0,40,4449,299.8909,-29188.583984375,,,,,,,,,,,,,0,,,,18.88954735,,,,,,300.00279235,,,,
,15570547.615,300.00309755,-29078.71484375,-13.4394340518279,0.00708989797480416,1,0.999253354069792,40.0298881530762,1.99419077533532,11.6100003942847,-72.9955938851305,-14.6262082296166,250,-0.193782638805747,-13.4359037698907,-0.249972593079259,300.002533,300.0036621,-29133.65234375,-29023.77734375,57.2339666921599,20.8524352982332,9.256284,0,0,0,40,4449,299.89235,-29078.71484375,,,,,,,,,,,,,0,,,,18.88954735,,,,,,300.00309755,,,,
,15570548.655,300.00286865,-28973.9033203125,-13.4260453411066,0.00599991131217027,1,0.999253354069792,40.0298881530762,1.99447548798131,11.6100003942847,-72.9357420690736,-14.599012336869,250,-0.190897450756181,-13.422529856704,-0.24703283955023,300.002533,300.0032043,-29023.77734375,-28924.029296875,56.6305494753137,20.8446018690425,9.256284,0,0,0,40,4449,299.8931,-28973.9033203125,,,,,,,,,,,,,0,,,,18.9839077,,,,,,300.00286865,,,,
,15570549.74,300.0023956,-28869.1220703125,-13.4143530921821,0.00596665757004716,1,0.999253354069792,40.0298881530762,1.99445559504862,11.6100003942847,-72.8649605736314,-14.6215175100423,250,-0.197222167367259,-13.4108136179398,-0.253308500072458,300.0015869,300.0032043,-28924.029296875,-28814.21484375,56.7892200647175,20.8492791438481,9.256284,0,0,0,40,4449,299.8926,-28869.1220703125,,,,,,,,,,,,,0,,,,18.88954735,,,,,,300.0023956,,,,
,15570550.85,300.00097655,-28759.3701171875,-13.4247404031787,0.00552331184831537,1,0.999253354069792,40.0298881530762,1.9944251897721,11.6100003942847,-72.920566131887,-14.6312007590314,250,-0.197112794743195,-13.4211998738807,-0.253243635536598,300.0003662,300.0015869,-28814.21484375,-28704.525390625,57.5677220698715,20.8452821381234,9.256284,0,0,0,40,4449,299.8929,-28759.3701171875,,,,,,,,,,,,,0,,,,18.88954735,,,,,,300.00097655,,,,
,15570551.905,300.00094605,-28649.619140625,-13.4217047354401,0.0050212694139009,1,0.999253354069792,40.0298881530762,1.9943631775397,11.6100003942847,-72.9071786179286,-14.5987991214091,250,-0.191806942125161,-13.4181869181964,-0.247927209820643,300.0003662,300.0015259,-28704.525390625,-28594.712890625,56.5617661656214,20.8452422290077,9.256284,0,0,0,40,4449,299.893,-28649.619140625,,,,,,,,,,,,,0,,,,18.88954735,,,,,,300.00094605,,,,
,15570553.015,300.0015259,-28539.736328125,-13.4173608121524,0.00645071159334081,1,0.999253354069792,40.0298881530762,1.99403838436365,11.6100003942847,-72.873190211949,-14.5853814473375,250,-0.190573088995448,-13.4138486310052,-0.246676491252402,300.0015259,300.0015259,-28594.712890625,-28484.759765625,56.7407590965252,20.8486473295044,8.884414,0,0,0,40,4449,299.89305,-28539.736328125,,,,,,,,,,,,,0,,,,18.88954735,,,,,,300.0015259,,,,
,15570554.175,300.00175475,-28424.7666015625,-13.4154300188798,0.00682088277279,1,0.999253354069792,40.0298881530762,1.99452476416876,11.6200000047684,-72.8718251743225,-14.630996191793,250,-0.198667740109505,-13.411884125169,-0.25476249419642,300.0015259,300.0019836,-28484.759765625,-28364.7734375,57.047939104583,20.8476649367119,8.884414,0,0,0,40,4449,299.8933,-28424.7666015625,,,,,,,,,,,,,0,,,,18.9839077,,,,,,300.00175475,,,,
,15570555.27,300.00167845,-28314.9443359375,-13.4174294336593,0.00618812401730607,1,0.999253354069792,40.0298881530762,1.99444987020938,11.6100003942847,-72.8874979836141,-14.5922964205731,250,-0.191289196129401,-13.4139139377275,-0.247394796901291,300.0013733,300.0019836,-28364.7734375,-28265.115234375,57.5005020172176,20.8468169215053,8.884414,0,0,0,40,4449,299.8937,-28314.9443359375,,,,,,,,,,,,,0,,,,18.88954735,,,,,,300.00167845,,,,
,15570556.395,300.0019684,-28205.1708984375,-13.4165693523189,0.00521202896549609,1,0.999253354069792,40.0298881530762,1.9944436966457,11.6100003942847,-72.8804013091024,-14.603198586858,250,-0.193457336068024,-13.4130446936944,-0.249559981024225,300.0013733,300.0025635,-28265.115234375,-28145.2265625,56.8916134007368,20.8513259044895,9.256284,0,0,0,40,4449,299.89365,-28205.1708984375,,,,,,,,,,,,,0,,,,18.795187,,,,,,300.0019684,,,,
,15570557.58,300.00299075,-28090.390625,-13.4140952359316,0.00635227562193028,1,0.999253354069792,40.0298881530762,1.99436944693707,11.6100003942847,-72.8707658656513,-14.5651763369295,250,-0.187031427615805,-13.4105973483271,-0.243126033133637,300.0025635,300.003418,-28145.2265625,-28035.5546875,56.6368025034675,20.845388027393,9.256284,0,0,0,40,4449,299.8941,-28090.390625,,,,,,,,,,,,,0,,,,18.88954735,,,,,,300.00299075,,,,
,15570558.615,300.0023041,-27985.5908203125,-13.4089153465307,0.00570277307384063,1,0.999253354069792,40.0298881530762,1.9943260557639,11.6100003942847,-72.8351855257511,-14.5910492229783,250,-0.192798158354587,-13.4053946186009,-0.248870795692369,300.0011902,300.003418,-28035.5546875,-27935.626953125,56.8103240347368,20.8393799877239,9.256284,0,0,0,40,4449,299.8948,-27985.5908203125,,,,,,,,,,,,,0,,,,18.9839077,,,,,,300.0023041,,,,
,15570559.67,300.00187685,-27875.7109375,-13.4119964003483,0.00448953732221673,1,0.999253354069792,40.0298881530762,1.99454702239336,11.6100003942847,-72.8633402845233,-14.5768372960605,250,-0.189327159198102,-13.4084896523065,-0.245414589107051,300.0011902,300.0025635,-27935.626953125,-27815.794921875,56.6743206723906,20.8465823157291,8.512546,0,0,0,40,4449,299.89425,-27875.7109375,,,,,,,,,,,,,0,,,,18.88954735,,,,,,300.00187685,,,,
,15570560.69,300.0025635,-27775.8515625,-13.4117028334216,0.00567979015532611,1,0.999253354069792,40.0298881530762,1.99452069190872,11.6100003942847,-72.8609509099012,-14.5755440828706,250,-0.189177541195093,-13.4081963024207,-0.245264927387818,300.0025635,300.0025635,-27815.794921875,-27735.908203125,56.7352876968906,20.848579779419,9.256284,0,0,0,40,4449,299.8934,-27775.8515625,,,,,,,,,,,,,0,,,,18.795187,,,,,,300.0025635,,,,
,15570561.595,300.0018158,-27685.978515625,-13.4013100355853,0.00699377201998401,1,0.999253354069792,40.0298881530762,1.99433288895267,11.6100003942847,-72.7939527314402,-14.5837084282767,250,-0.192848096961207,-13.3977904937364,-0.248892360941996,300.0010681,300.0025635,-27735.908203125,-27636.048828125,56.9721211382176,20.8449780533506,8.884414,0,0,0,40,4449,299.89235,-27685.978515625,,,,,,,,,,,,,0,,,,18.795187,,,,,,300.0018158,,,,
,15570562.67,300.00154115,-27576.07421875,-13.4008258094442,0.00481915592691372,1,0.999253354069792,40.0298881530762,1.99436646527277,11.6100003942847,-72.7970696059462,-14.55887045442,250,-0.188332727804038,-13.3973253070376,-0.244376697438304,300.0010681,300.0020142,-27636.048828125,-27516.099609375,56.0372934292175,20.8445374750752,8.884414,0,0,0,40,4449,299.8935,-27576.07421875,,,,,,,,,,,,,0,,,,18.795187,,,,,,300.00154115,,,,
,15570563.765,300.0023041,-27466.15625,-13.3927461855503,0.00653082113746041,1,0.999253354069792,40.0298881530762,1.99408199482606,11.6100003942847,-72.7271407668696,-14.6339198014,250,-0.203983104588186,-13.3891813391324,-0.259991032733753,300.0020142,300.002594,-27516.099609375,-27416.212890625,56.8970848003714,20.8434292567005,9.256284,0,0,0,40,4449,299.89405,-27466.15625,,,,,,,,,,,,,0,,,,18.88954735,,,,,,300.0023041,,,,
,15570564.795,300.0028076,-27366.400390625,-13.399555302559,0.00616860294795239,1,0.999253354069792,40.0298881530762,1.99442981124178,11.6100003942847,-72.7972144448507,-14.5320681158533,250,-0.183562841448211,-13.3960741765462,-0.239604408202698,300.002594,300.0030212,-27416.212890625,-27316.587890625,56.4898563418521,20.8471994301629,9.256284,0,0,0,40,4449,299.89385,-27366.400390625,,,,,,,,,,,,,0,,,,18.9839077,,,,,,300.0028076,,,,
,15570566.83,300.0020447,-27161.875,-13.3904168773305,0.007591997316094,1,0.999253354069792,40.0298881530762,1.9941404799603,11.6100003942847,-72.730230189384,-14.5581215504483,250,-0.190417123356755,-13.3869091166901,-0.246420639369463,300.0020447,300.0020447,-27166.880859375,-27156.869140625,56.9815006804483,20.8460714873957,9.256284,0,0,0,40,4449,299.8957,-27161.875,,,,,,,,,,,,,0,,,,18.9839077,,,,,,300.0020447,,,,
,15570567.48,300.00135805,-27096.9951171875,-13.3852236439415,0.00787962105144732,1,0.999253354069792,40.0298881530762,1.99427979646061,11.6100003942847,-72.7058029832827,-14.5597950054724,250,-0.191504462847736,-13.3817126416432,-0.247486757197122,300.0006714,300.0020447,-27156.869140625,-27037.12109375,56.5695824508137,20.8476514526142,9.256284,0,0,0,40,4449,299.89525,-27096.9951171875,,,,,,,,,,,,,0,,,,18.88954735,,,,,,300.00135805,,,,
,15570568.595,300.00091555,-26987.2041015625,-13.3945505936665,0.00674289421233476,1,0.999253354069792,40.0298881530762,1.99449392254672,11.6100003942847,-72.7691714201954,-14.5440139359478,250,-0.186596500314977,-13.39105830229,-0.242620276481122,300.0006714,300.0011597,-27037.12109375,-26937.287109375,56.8165770628906,20.8436636995256,8.884414,0,0,0,40,4449,299.8935,-26987.2041015625,,,,,,,,,,,,,0,,,,18.88954735,,,,,,300.00091555,,,,
,15570569.695,300.00109865,-26877.3623046875,-13.3913268398456,0.00537192517347319,1,0.999253354069792,40.0298881530762,1.99433987471248,11.6100003942847,-72.7357730572675,-14.5955359636919,250,-0.196854069743545,-13.3877920536941,-0.252863392565008,300.0010376,300.0011597,-26937.287109375,-26817.4375,57.2370932062368,20.8460633342257,9.256284,0,0,0,40,4449,299.89325,-26877.3623046875,,,,,,,,,,,,,0,,,,18.9839077,,,,,,300.00109865,,,,
,15570570.86,300.0011444,-26757.478515625,-13.3769593446535,0.00604308106269165,1,0.999253354069792,40.0298881530762,1.99430184975442,11.6100003942847,-72.6573545207899,-14.574370791834,250,-0.195680863007922,-13.3734322562617,-0.251631170382892,300.0010376,300.0012512,-26817.4375,-26697.51953125,56.6618146160829,20.8473038945277,8.512546,0,0,0,40,4449,299.8945,-26757.478515625,,,,,,,,,,,,,0,,,,18.88954735,,,,,,300.0011444,,,,
,15570571.955,300.0014038,-26647.623046875,-13.3907383544021,0.00419722159671856,1,0.999253354069792,40.0298881530762,1.99433778302595,11.6100003942847,-72.7419750597335,-14.5437803517008,250,-0.187461412044517,-13.3872426433888,-0.243472026469524,300.0012512,300.0015564,-26697.51953125,-26597.7265625,56.8189219484483,20.8463867207258,8.512546,0,0,0,40,4449,299.8949,-26647.623046875,,,,,,,,,,,,,0,,,,18.7017832,,,,,,300.0014038,,,,
,15570573.01,300.0013428,-26542.7841796875,-13.3735755934568,0.00699673674623792,1,0.999253354069792,40.0298881530762,1.99418602608453,11.6100003942847,-72.6311999768143,-14.5896031973975,250,-0.19925482585385,-13.3700339064211,-0.255192270480483,300.0011292,300.0015564,-26597.7265625,-26487.841796875,56.9564885678329,20.8426742456882,8.512546,0,0,0,40,4449,299.8947,-26542.7841796875,,,,,,,,,,,,,0,,,,18.79614355,,,,,,300.0013428,,,,
,15570574.125,300.00094605,-26432.9091796875,-13.3801896045439,0.00547238310251468,1,0.999253354069792,40.0298881530762,1.99414021053704,11.6100003942847,-72.6632709181176,-14.6084754056183,250,-0.201552455937972,-13.3766369974483,-0.257518544778768,300.0007629,300.0011292,-26487.841796875,-26377.9765625,57.2527257766214,20.8440201917561,9.256284,0,0,0,40,4449,299.89305,-26432.9091796875,,,,,,,,,,,,,0,,,,18.88954735,,,,,,300.00094605,,,,
,15570575.185,300.0010986,-26327.9921875,-13.3715003390555,0.00675980079334204,1,0.999253354069792,40.0298881530762,1.99446888817764,11.6100003942847,-72.6402253678465,-14.5340520861863,250,-0.189067799915455,-13.3680015571997,-0.245001096681593,300.0007629,300.0014343,-26377.9765625,-26278.0078125,57.2214606358522,20.8447198633836,8.884414,0,0,0,40,4449,299.89285,-26327.9921875,,,,,,,,,,,,,0,,,,18.795187,,,,,,300.0010986,,,,
,15570576.155,300.00115965,-26233.0947265625,-13.3830586682972,0.00656675349549485,1,0.999253354069792,40.0298881530762,1.99432332078476,11.6100003942847,-72.7036473779694,-14.5142700776449,250,-0.183481869109009,-13.379580837215,-0.239465228102524,300.000885,300.0014343,-26278.0078125,-26188.181640625,56.6852634716598,20.8467006871039,9.256284,0,0,0,40,4449,299.8945,-26233.0947265625,,,,,,,,,,,,,0,,,,18.795187,,,,,,300.00115965,,,,
,15570577.345,300.00056455,-26113.2392578125,-13.375038676671,0.00552131415122849,1,0.999253354069792,40.0298881530762,1.99432632625165,11.6200000047684,-72.6572797543091,-14.52126959124,250,-0.186249013803987,-13.3715510543709,-0.242199376288169,300.0002441,300.000885,-26188.181640625,-26038.296875,56.5437887096791,20.8433952505955,8.512546,0,0,0,40,4449,299.8946,-26113.2392578125,,,,,,,,,,,,,0,,,,18.795187,,,,,,300.00056455,,,,
,15570578.555,299.99990845,-25988.3427734375,-13.3726473765189,0.00436931493538827,1,0.999253354069792,40.0298881530762,1.99439570853149,11.6100003942847,-72.643462143364,-14.5369227028008,250,-0.189474869015803,-13.3691469457181,-0.245415586045297,299.9995728,300.0002441,-26038.296875,-25938.388671875,56.6711941583137,20.8496980032115,8.884414,0,0,0,40,4449,299.89545,-25988.3427734375,,,,,,,,,,,,,0,,,,18.88954735,,,,,,299.99990845,,,,
,15570579.575,299.9995728,-25888.5087890625,-13.3618427722228,0.00619977676502522,1,0.999253354069792,40.0298881530762,1.9943540086198,11.6100003942847,-72.5796422415481,-14.5445512143652,250,-0.192931880687724,-13.3583300657985,-0.248828078942986,299.9995728,299.9995728,-25938.388671875,-25838.62890625,56.780622151006,20.8456668490734,9.256284,0,0,0,40,4449,299.8934,-25888.5087890625,,,,,,,,,,,,,0,,,,18.9839077,,,,,,299.9995728,,,,
,15570580.75,300.0005951,-25773.716796875,-13.3616860766022,0.00699367937129827,1,0.999253354069792,40.0298881530762,1.99430973324037,11.6100003942847,-72.5814294710654,-14.5213431936745,250,-0.188755786188458,-13.3581901737673,-0.244654021935686,299.9995728,300.0016174,-25838.62890625,-25708.8046875,57.5012836457369,20.8412093900545,9.256284,0,0,0,40,4449,299.88995,-25773.716796875,,,,,,,,,,,,,0,,,,18.88954735,,,,,,300.0005951,,,,
,15570581.86,300.0004425,-25663.8671875,-13.3571793975371,0.00635307843069837,1,0.999253354069792,40.0298881530762,1.99424044239714,11.6100003942847,-72.5527523296997,-14.5253315012208,250,-0.190413270532363,-13.3536774572349,-0.246293081448166,299.9992676,300.0016174,-25708.8046875,-25618.9296875,56.7563916669098,20.8451153150769,9.256284,0,0,0,40,4449,299.8912,-25663.8671875,,,,,,,,,,,,,0,,,,18.795187,,,,,,300.0004425,,,,
,15570582.875,299.99949645,-25559.0458984375,-13.3540996092678,0.0041891360769983,1,0.999253354069792,40.0298881530762,1.99430722452587,11.6100003942847,-72.5344801248941,-14.543565603925,250,-0.19424459767072,-13.3505826585386,-0.250111288357694,299.9992676,299.9997253,-25618.9296875,-25499.162109375,56.5250296252175,20.8441099171276,9.256284,0,0,0,40,4449,299.8933,-25559.0458984375,,,,,,,,,,,,,0,,,,18.9848366,,,,,,299.99949645,,,,
,15570583.98,299.9998779,-25449.2421875,-13.364007455425,0.00708718869372239,1,0.999253354069792,40.0298881530762,1.9943011836661,11.6100003942847,-72.5904060890126,-14.5417665549392,250,-0.192083988131527,-13.3604972305175,-0.247993717113602,299.9997253,300.0000305,-25499.162109375,-25399.322265625,56.8775440873906,20.8439139704686,8.884414,0,0,0,40,4449,299.89295,-25449.2421875,,,,,,,,,,,,,0,,,,18.9848366,,,,,,299.9998779,,,,
,15570585.035,300.0000305,-25344.384765625,-13.3609949769263,0.00713286916198416,1,0.999253354069792,40.0298881530762,1.99421720750582,11.6100003942847,-72.5786947136132,-14.4967291439589,250,-0.184481152485491,-13.3575169650303,-0.240381171137049,300.0000305,300.0000305,-25399.322265625,-25289.447265625,56.6438371601406,20.8461244678599,8.884414,0,0,0,40,4449,299.8913,-25344.384765625,,,,,,,,,,,,,0,,,,18.795187,,,,,,300.0000305,,,,
,15570586.105,299.9995575,-25234.5322265625,-13.3529955047346,0.00654595069784862,1,0.999253354069792,40.0298881530762,1.9944665034053,11.6100003942847,-72.529700967929,-14.5673712179162,250,-0.198608418967146,-13.3494600656443,-0.254473291001832,299.9990845,300.0000305,-25289.447265625,-25179.6171875,56.5289377678137,20.8427305351141,8.884414,0,0,0,40,4449,299.8906,-25234.5322265625,,,,,,,,,,,,,0,,,,18.795187,,,,,,299.9995575,,,,
,15570588.14,299.9983521,-25034.7119140625,-13.3505484946453,0.00562939702778442,1,0.999253354069792,40.0298881530762,1.99453436561634,11.6100003942847,-72.5323064660298,-14.4924367514885,250,-0.185214816542117,-13.347070075304,-0.241073464116941,299.9983521,299.9983521,-25039.728515625,-25029.6953125,56.8861420011022,20.8421917157,9.256284,0,0,0,40,4449,299.89335,-25034.7119140625,,,,,,,,,,,,,0,,,,18.88954735,,,,,,299.9983521,,,,
,15570588.8,299.99818425,-24969.7412109375,-13.3451688626798,0.00712433810134677,1,0.999253354069792,40.0298881530762,1.9943642087783,11.6100003942847,-72.4978934360924,-14.4808396032026,250,-0.184303761917765,-13.3416953682909,-0.240140623514456,299.9980164,299.9983521,-25029.6953125,-24909.787109375,57.5403650716984,20.8458301135374,9.256284,0,0,0,40,4449,299.89365,-24969.7412109375,,,,,,,,,,,,,0,,,,18.9848366,,,,,,299.99818425,,,,
,15570589.87,299.99813845,-24859.953125,-13.344653655188,0.00608069189347251,1,0.999253354069792,40.0298881530762,1.99407047119586,11.6200000047684,-72.477579241964,-14.5165211342385,250,-0.191332535657585,-13.3411507638338,-0.247166673453757,299.9980164,299.9982605,-24909.787109375,-24810.119140625,56.8329912617945,20.8408266701492,8.884414,0,0,0,40,4449,299.8945,-24859.953125,,,,,,,,,,,,,0,,,,18.9848366,,,,,,299.99813845,,,,
,15570591.205,299.9982147,-24725.373046875,-13.3323724331096,0.00641477323788779,1,0.999253354069792,40.0298881530762,1.99429272775967,11.6100003942847,-72.4127481514522,-14.5370798617728,250,-0.197093982399161,-13.3288477621873,-0.252876479106189,299.9981689,299.9982605,-24810.119140625,-24640.626953125,57.5896076684099,20.8423903367276,9.256284,0,0,0,40,4449,299.896,-24725.373046875,,,,,,,,,,,,,0,,,,18.795187,,,,,,299.9982147,,,,
,15570592.66,299.9984741,-24580.6953125,-13.3290192353536,0.00670984522553487,1,0.999253354069792,40.0298881530762,1.9938588316056,11.6200000047684,-72.3805078235465,-14.5231700568224,250,-0.195726196481944,-13.3255006933722,-0.251496264430856,299.9981689,299.9987793,-24640.626953125,-24520.763671875,56.262402442756,20.8447913496757,8.884414,0,0,0,40,4449,299.89615,-24580.6953125,,,,,,,,,,,,,0,,,,18.9848366,,,,,,299.9984741,,,,
,15570593.76,299.99858095,-24470.7841796875,-13.3336636306433,0.00544539180546782,1,0.999253354069792,40.0298881530762,1.99433390362084,11.6100003942847,-72.4277653887182,-14.503460013645,250,-0.190625523164506,-13.3301653196716,-0.246417262719537,299.9983826,299.9987793,-24520.763671875,-24420.8046875,56.2538045290444,20.8456705704858,8.512546,0,0,0,40,4449,299.89545,-24470.7841796875,,,,,,,,,,,,,0,,,,18.9848366,,,,,,299.99858095,,,,
,15570594.705,299.9983826,-24375.8759765625,-13.3455762763884,0.00467273008315399,1,0.999253354069792,40.0298881530762,1.99447103505299,11.6100003942847,-72.5073091265536,-14.4635931870509,250,-0.180918020338682,-13.3421162115904,-0.236762384860206,299.9983826,299.9983826,-24420.8046875,-24330.947265625,56.5093970548329,20.8483461700583,9.256284,0,0,0,40,4449,299.896,-24375.8759765625,,,,,,,,,,,,,0,,,,18.9848366,,,,,,299.9983826,,,,
,15570595.77,299.99835205,-24271.025390625,-13.3213154869147,0.00601721618319464,1,0.999253354069792,40.0298881530762,1.99429456034688,11.6100003942847,-72.354574593274,-14.5152289674583,250,-0.195125740973422,-13.3178007765927,-0.250866380360768,299.9983215,299.9983826,-24330.947265625,-24211.103515625,56.2811615272175,20.850718643212,8.512546,0,0,0,40,4449,299.89715,-24271.025390625,,,,,,,,,,,,,0,,,,18.9848366,,,,,,299.99835205,,,,
,15570596.95,299.998703,-24156.1923828125,-13.326456778509,0.00687093960000463,1,0.999253354069792,40.0298881530762,1.99435988245737,11.6200000047684,-72.386254321097,-14.5135001996233,250,-0.193768608858697,-13.3229463833439,-0.249532426919199,299.9983215,299.9990845,-24211.103515625,-24101.28125,56.2811615272175,20.8436365327306,8.884414,0,0,0,40,4449,299.8958,-24156.1923828125,,,,,,,,,,,,,0,,,,18.795187,,,,,,299.998703,,,,
,15570598.075,299.99884035,-24046.328125,-13.3277498442717,0.00468052175035912,1,0.999253354069792,40.0298881530762,1.99452400220852,11.6100003942847,-72.4083434437816,-14.4661405003713,250,-0.184619315823122,-13.3242773225771,-0.240391380761163,299.9985962,299.9990845,-24101.28125,-23991.375,56.8564401173714,20.8541593611568,8.884414,0,0,0,40,4449,299.89605,-24046.328125,,,,,,,,,,,,,0,,,,18.9848366,,,,,,299.99884035,,,,
,15570599.22,299.99835205,-23931.5029296875,-13.3331450512256,0.00639315202454725,1,0.999253354069792,40.0298881530762,1.99444548834903,11.6100003942847,-72.4330637607652,-14.4812147883134,250,-0.186487688070061,-13.3296637693982,-0.242282723565557,299.9981079,299.9985962,-23991.375,-23871.630859375,56.5953761919483,20.8439552698917,8.512546,0,0,0,40,4449,299.89755,-23931.5029296875,,,,,,,,,,,,,0,,,,19.07919695,,,,,,299.99835205,,,,
,15570600.335,299.9976349,-23816.7705078125,-13.3264862765109,0.00599139604304885,1,0.999253354069792,40.0298881530762,1.9942252026644,11.6200000047684,-72.391932372715,-14.4571231164762,250,-0.183583980212038,-13.3230187449237,-0.239352717794136,299.9971619,299.9981079,-23871.630859375,-23761.91015625,56.0388566862559,20.8499804687861,9.256284,0,0,0,40,4449,299.89795,-23816.7705078125,,,,,,,,,,,,,0,,,,18.88954735,,,,,,299.9976349,,,,
,15570601.445,299.99761965,-23706.98828125,-13.322758942154,0.00616176173413358,1,0.999253354069792,40.0298881530762,1.99417642661411,11.6200000047684,-72.362279331561,-14.4941499468148,250,-0.191136392358596,-13.3192604375743,-0.246888968565083,299.9971619,299.9980774,-23761.91015625,-23652.06640625,56.9854088230445,20.8457423491779,8.512546,0,0,0,40,4449,299.8982,-23706.98828125,,,,,,,,,,,,,0,,,,18.795187,,,,,,299.99761965,,,,
,15570602.665,299.9980774,-23587.1337890625,-13.3171597649359,0.0050085633033821,1,0.999253354069792,40.0298881530762,1.9941051297215,11.6100003942847,-72.3385223283752,-14.4380552112972,250,-0.181965689758195,-13.3137004464254,-0.237697818094623,299.9980774,299.9980774,-23652.06640625,-23522.201171875,57.0354330482753,20.8483512977473,8.512546,0,0,0,40,4449,299.8981,-23587.1337890625,,,,,,,,,,,,,0,,,,18.795187,,,,,,299.9980774,,,,
,15570603.855,299.9980011,-23467.2451171875,-13.3228162718677,0.00739048071718121,1,0.999253354069792,40.0298881530762,1.99423369719376,11.6100003942847,-72.3757463343675,-14.4345824984496,250,-0.180111673820366,-13.3193635091728,-0.235868771280633,299.9979248,299.9980774,-23522.201171875,-23412.2890625,56.6063189912175,20.8456362178998,8.512546,0,0,0,40,4449,299.8991,-23467.2451171875,,,,,,,,,,,,,0,,,,18.9848366,,,,,,299.9980011,,,,
,15570604.94,299.99798585,-23357.3271484375,-13.3096335437028,0.0070182331532803,1,0.999253354069792,40.0298881530762,1.99435470950738,11.6100003942847,-72.3028561749466,-14.4510973540426,250,-0.185430440992634,-13.3061610690758,-0.241132294002591,299.9979248,299.9980469,-23412.2890625,-23302.365234375,56.658688102006,20.8446129307425,8.884414,0,0,0,40,4449,299.89905,-23357.3271484375,,,,,,,,,,,,,0,,,,18.9848366,,,,,,299.99798585,,,,
,15570606.12,299.9978943,-23237.5390625,-13.3157603189035,0.00713809755100463,1,0.999253354069792,40.0298881530762,1.9942051027798,11.6100003942847,-72.332720934554,-14.4465928143799,250,-0.183660060390451,-13.3122939174098,-0.239389237970641,299.9977417,299.9980469,-23302.365234375,-23172.712890625,55.8246904719867,20.8530829846636,9.256284,0,0,0,40,4449,299.8982,-23237.5390625,,,,,,,,,,,,,0,,,,18.9848366,,,,,,299.9978943,,,,
,15570607.395,299.997406,-23112.396484375,-13.3142776584734,0.00524855390400265,1,0.999253354069792,40.0298881530762,1.99439703592373,11.6100003942847,-72.3335204184499,-14.4351953331268,250,-0.181592379945954,-13.3108203365557,-0.237316852875103,299.9970703,299.9977417,-23172.712890625,-23052.080078125,57.5536527565253,20.843783492301,9.256284,0,0,0,40,4449,299.8986,-23112.396484375,,,,,,,,,,,,,0,,,,18.9848366,,,,,,299.997406,,,,
,15570608.525,299.99739075,-22997.1552734375,-13.3116226311569,0.00450845637564283,1,0.999253354069792,40.0298881530762,1.99433393553929,11.6100003942847,-72.3190548775921,-14.4200615912661,250,-0.179386912372014,-13.3081749964403,-0.23510156902711,299.9970703,299.9977112,-23052.080078125,-22942.23046875,56.6922981283329,20.8456537302635,9.256284,0,0,0,40,4449,299.8996,-22997.1552734375,,,,,,,,,,,,,0,,,,18.9848366,,,,,,299.99739075,,,,
,15570609.525,299.99717715,-22897.2275390625,-13.3115094327395,0.00573330065597007,1,0.999253354069792,40.0298881530762,1.99432752384286,11.6100003942847,-72.3187908691436,-14.4167791968378,250,-0.178812761612784,-13.3080642467385,-0.234527818726902,299.9966431,299.9977112,-22942.23046875,-22852.224609375,57.0252718775253,20.8507995542604,9.256284,0,0,0,40,4449,299.9004,-22897.2275390625,,,,,,,,,,,,,0,,,,18.9848366,,,,,,299.99717715,,,,
,15570610.61,299.99746705,-22792.3095703125,-13.2997959610513,0.00584398038489521,1,0.999253354069792,40.0298881530762,1.99414963904695,11.6100003942847,-72.2344869103696,-14.4804056834652,250,-0.19289710080205,-13.2962938803341,-0.248561472350237,299.9966431,299.998291,-22852.224609375,-22732.39453125,56.330404123929,20.844558420449,9.256284,0,0,0,40,4449,299.89925,-22792.3095703125,,,,,,,,,,,,,0,,,,18.9848366,,,,,,299.99746705,,,,
,15570611.63,299.9979248,-22687.4599609375,-13.3022484263326,0.00614828959427648,1,0.999253354069792,40.0298881530762,1.99421856789654,11.6200000047684,-72.2610447098844,-14.4252899154861,250,-0.182231257079195,-13.2987901515294,-0.237909360654175,299.9975586,299.998291,-22732.39453125,-22642.525390625,56.6938613853714,20.8494703366491,9.256284,0,0,0,40,4449,299.89775,-22687.4599609375,,,,,,,,,,,,,0,,,,18.9848366,,,,,,299.9979248,,,,
,15570612.615,299.99772645,-22587.580078125,-13.2968317704437,0.00793283304567139,1,0.999253354069792,40.0298881530762,1.99417713136345,11.6100003942847,-72.2273517438957,-14.434253041759,250,-0.184934391120634,-13.2933632897474,-0.240589970593064,299.9975586,299.9978943,-22642.525390625,-22532.634765625,56.780622151006,20.8498761100461,9.256284,0,0,0,40,4449,299.89875,-22587.580078125,,,,,,,,,,,,,0,,,,18.795187,,,,,,299.99772645,,,,
,15570613.755,299.9980774,-22472.7197265625,-13.2986888797498,0.00515761559027046,1,0.999253354069792,40.0298881530762,1.99434216705592,11.6100003942847,-72.2459470440786,-14.4229764763893,250,-0.182304999051993,-13.2952307747806,-0.237969689917747,299.9978943,299.9982605,-22532.634765625,-22412.8046875,56.3397836661598,20.8459283167258,8.884414,0,0,0,40,4449,299.89995,-22472.7197265625,,,,,,,,,,,,,0,,,,18.795187,,,,,,299.9980774,,,,
,15570614.88,299.9984894,-22362.91015625,-13.2952172114998,0.00600189784477356,1,0.999253354069792,40.0298881530762,1.99418529388127,11.6100003942847,-72.2159086273524,-14.4485101514673,250,-0.187839268767248,-13.2917363010329,-0.243489431901768,299.9982605,299.9987183,-22412.8046875,-22313.015625,57.81315342491,20.8486634560951,9.256284,0,0,0,40,4449,299.8994,-22362.91015625,,,,,,,,,,,,,0,,,,18.795187,,,,,,299.9984894,,,,
,15570615.96,299.997757,-22258.16015625,-13.2927893537248,0.00620646795247621,1,0.999253354069792,40.0298881530762,1.99421973481286,11.6100003942847,-72.2053871168731,-14.4383023088752,250,-0.186369640944418,-13.289315368675,-0.242010668332877,299.9967957,299.9987183,-22313.015625,-22203.3046875,57.2089545795445,20.8447463091693,9.256284,0,0,0,40,4449,299.9005,-22258.16015625,,,,,,,,,,,,,0,,,,18.795187,,,,,,299.997757,,,,
,15570617.08,299.99725345,-22143.361328125,-13.293911018882,0.00529908130096535,1,0.999253354069792,40.0298881530762,1.99418062417682,11.6100003942847,-72.2181384560131,-14.3958923156551,250,-0.178423967265479,-13.2904702295662,-0.234072259919315,299.9967957,299.9977112,-22203.3046875,-22083.41796875,56.8533136032945,20.8445383033125,8.884414,0,0,0,40,4449,299.901,-22143.361328125,,,,,,,,,,,,,0,,,,18.795187,,,,,,299.99725345,,,,
,15570618.26,299.99757385,-22023.505859375,-13.2849728613278,0.00567165669045088,1,0.999253354069792,40.0298881530762,1.99433958175255,11.6200000047684,-72.1724812181227,-14.4019367770328,250,-0.180984456855391,-13.2815228576207,-0.236596081598656,299.9974365,299.9977112,-22083.41796875,-21963.59375,56.4640626007175,20.8506987630909,8.512546,0,0,0,40,4449,299.90015,-22023.505859375,,,,,,,,,,,,,0,,,,18.795187,,,,,,299.99757385,,,,
,15570619.445,299.9975586,-21908.6630859375,-13.2886492052759,0.00603250393885766,1,0.999253354069792,40.0298881530762,1.99427467297395,11.5999998524785,-72.1853943993927,-14.4311777206878,250,-0.18575450745733,-13.2851783459784,-0.241381800380158,299.9974365,299.9976807,-21963.59375,-21853.732421875,57.4692368764484,20.8474381429267,8.884414,0,0,0,40,4449,299.89935,-21908.6630859375,,,,,,,,,,,,,0,,,,18.88954735,,,,,,299.9975586,,,,
,15570620.625,299.9977417,-21793.7666015625,-13.2863277049698,0.00555696783445567,1,0.999253354069792,40.0298881530762,1.99436861357555,11.6100003942847,-72.1816996678469,-14.3991028133496,250,-0.180172836936144,-13.2828804551039,-0.235792911346521,299.9976807,299.9978027,-21853.732421875,-21733.80078125,56.5273745107752,20.8511855034557,9.256284,0,0,0,40,4449,299.8979,-21793.7666015625,,,,,,,,,,,,,0,,,,18.88954735,,,,,,299.9977417,,,,
,15570621.765,299.9981079,-21678.931640625,-13.2840027795167,0.00654791700847086,1,0.999253354069792,40.0298881530762,1.99405758155137,11.6100003942847,-72.1523810768367,-14.4252055536124,250,-0.185798183844284,-13.2805321283665,-0.241408531727476,299.9978027,299.9984131,-21733.80078125,-21624.0625,56.6985511564868,20.8474586416283,9.256284,0,0,0,40,4449,299.89745,-21678.931640625,,,,,,,,,,,,,0,,,,18.9848366,,,,,,299.9981079,,,,
,15570622.795,299.99824525,-21574.0927734375,-13.2799225055335,0.00501451033823268,1,0.999253354069792,40.0298881530762,1.99436276273737,11.6100003942847,-72.1480966941623,-14.384547689267,250,-0.178693641238075,-13.2764822703016,-0.234289288397964,299.9980774,299.9984131,-21624.0625,-21524.123046875,56.2045619323329,20.8445083483967,8.884414,0,0,0,40,4449,299.8975,-21574.0927734375,,,,,,,,,,,,,0,,,,18.9848366,,,,,,299.99824525,,,,
,15570623.82,299.99783325,-21469.3310546875,-13.2768021666574,0.00626291286509389,1,0.999253354069792,40.0298881530762,1.99433371559422,11.6100003942847,-72.1308915310639,-14.376807566198,250,-0.177888039815912,-13.2733660846809,-0.233471285187644,299.9975891,299.9980774,-21524.123046875,-21414.5390625,56.8986480574099,20.844241577071,9.256284,0,0,0,40,4449,299.8996,-21469.3310546875,,,,,,,,,,,,,0,,,,18.7017832,,,,,,299.99783325,,,,
,15570624.79,299.9975891,-21369.65234375,-13.2694957395515,0.00592299196852376,1,0.999253354069792,40.0298881530762,1.99427181733495,11.6100003942847,-72.0834865538236,-14.3982805589382,250,-0.183264878494179,-13.2660386741052,-0.238816959812572,299.9975891,299.9975891,-21414.5390625,-21324.765625,57.8428553086407,20.8466356379178,9.256284,0,0,0,40,4449,299.90135,-21369.65234375,,,,,,,,,,,,,0,,,,18.8914328,,,,,,299.9975891,,,,
,15570625.79,299.99728395,-21269.8017578125,-13.2797521188986,0.00548079939656835,1,0.999253354069792,40.0298881530762,1.99420160175322,11.6100003942847,-72.1447523009518,-14.3656275281131,250,-0.175456969038657,-13.2763257070002,-0.231054747380154,299.9969788,299.9975891,-21324.765625,-21214.837890625,57.373096568583,20.8459671900923,8.884414,0,0,0,40,4449,299.9003,-21269.8017578125,,,,,,,,,,,,,0,,,,19.1744862,,,,,,299.99728395,,,,
,15570627.01,299.99769595,-21149.912109375,-13.2632819971354,0.0067299932930807,1,0.999253354069792,40.0298881530762,1.99414618057762,11.6100003942847,-72.0429490913072,-14.4033591852068,250,-0.185509686065905,-13.2598164722526,-0.241037641701596,299.9969788,299.9984131,-21214.837890625,-21084.986328125,57.0901470446214,20.8454428723059,8.512546,0,0,0,40,4449,299.89975,-21149.912109375,,,,,,,,,,,,,0,,,,18.9848366,,,,,,299.99769595,,,,
,15570628.175,299.99798585,-21035.0615234375,-13.2668270587819,0.00635187066324759,1,0.999253354069792,40.0298881530762,1.99414872213084,11.6100003942847,-72.062578636814,-14.4056869163964,250,-0.185275451194319,-13.2633615333266,-0.240819397274951,299.9975586,299.9984131,-21084.986328125,-20985.13671875,56.292885955006,20.8475114687129,9.256284,0,0,0,40,4449,299.89955,-21035.0615234375,,,,,,,,,,,,,0,,,,18.88954735,,,,,,299.99798585,,,,
,15570629.345,299.99728395,-20920.244140625,-13.2601377397842,0.00618222008996207,1,0.999253354069792,40.0298881530762,1.99405352723609,11.6200000047684,-72.0233653680977,-14.3952043235578,250,-0.184712695578284,-13.2566761351642,-0.2402299598819,299.9970093,299.9975586,-20985.13671875,-20855.3515625,56.0146262021598,20.8492989815476,8.884414,0,0,0,40,4449,299.89875,-20920.244140625,,,,,,,,,,,,,0,,,,18.9839077,,,,,,299.99728395,,,,
,15570630.635,299.99661255,-20790.4111328125,-13.2648836621942,0.00627539991854352,1,0.999253354069792,40.0298881530762,1.99428007740309,11.6200000047684,-72.0610017323316,-14.3810427148834,250,-0.180938382346193,-13.2614370982346,-0.236477550941559,299.9962158,299.9970093,-20855.3515625,-20725.470703125,56.8587850029291,20.8511849771573,8.884414,0,0,0,40,4449,299.89845,-20790.4111328125,,,,,,,,,,,,,0,,,,19.07919695,,,,,,299.99661255,,,,
,15570631.895,299.99630735,-20665.6240234375,-13.2517142268936,0.00567662993604998,1,0.999253354069792,40.0298881530762,1.99408764945158,11.6100003942847,-71.977090571178,-14.3955974520784,250,-0.186300334850884,-13.2482478983439,-0.241784302822596,299.9962158,299.9963989,-20725.470703125,-20605.77734375,57.5114448164869,20.8442891670869,9.256284,0,0,0,40,4449,299.8988,-20665.6240234375,,,,,,,,,,,,,0,,,,19.07919695,,,,,,299.99630735,,,,
,15570632.97,299.99739075,-20560.8466796875,-13.2626837896582,0.00530253058258507,1,0.999253354069792,40.0298881530762,1.99416886581443,11.6100003942847,-72.0510911888508,-14.3457298101699,250,-0.175003717281456,-13.2592619357243,-0.230536857222455,299.9963989,299.9983826,-20605.77734375,-20515.916015625,57.3856026248907,20.8501571426337,9.256284,0,0,0,40,4449,299.8989,-20560.8466796875,,,,,,,,,,,,,0,,,,18.88954735,,,,,,299.99739075,,,,
,15570634.015,299.9971161,-20456.0185546875,-13.2584271716676,0.00417242889702839,1,0.999253354069792,40.0298881530762,1.99420564230851,11.6100003942847,-72.0276823098833,-14.3499022044346,250,-0.176510876620698,-13.2549999032695,-0.232026755018943,299.9958496,299.9983826,-20515.916015625,-20396.12109375,56.4718788859098,20.8435481354699,8.884414,0,0,0,40,4449,299.89925,-20456.0185546875,,,,,,,,,,,,,0,,,,18.795187,,,,,,299.9971161,,,,
,15570635.125,299.99586485,-20341.17578125,-13.245174656379,0.00593990862314062,1,0.999253354069792,40.0298881530762,1.99421463015561,11.6100003942847,-71.9465721271539,-14.3864975121146,250,-0.185674942893197,-13.2417121595275,-0.241134609378342,299.9958496,299.9958801,-20396.12109375,-20286.23046875,56.3937160339867,20.8441204864167,8.512546,0,0,0,40,4449,299.8987,-20341.17578125,,,,,,,,,,,,,0,,,,18.795187,,,,,,299.99586485,,,,
,15570636.18,299.99612425,-20236.31640625,-13.247779986927,0.00632685303619448,1,0.999253354069792,40.0298881530762,1.99422662293524,11.6100003942847,-71.9627284776805,-14.3808698944406,250,-0.184142076602889,-13.2443231464524,-0.239613972576512,299.9958801,299.9963684,-20286.23046875,-20186.40234375,56.6211699330829,20.841319487337,8.512546,0,0,0,40,4449,299.89845,-20236.31640625,,,,,,,,,,,,,0,,,,18.88954735,,,,,,299.99612425,,,,
,15570637.3,299.99682615,-20126.439453125,-13.2480327549629,0.00621065801930736,1,0.999253354069792,40.0298881530762,1.99422262539253,11.6100003942847,-71.9704810015491,-14.345939843934,250,-0.177685905634957,-13.2446024889124,-0.23316091783494,299.9963684,299.9972839,-20186.40234375,-20066.4765625,56.5586396515444,20.8468604782972,9.628152,0,0,0,40,4449,299.89955,-20126.439453125,,,,,,,,,,,,,0,,,,18.88954735,,,,,,299.99682615,,,,
,15570638.345,299.9964752,-20021.5712890625,-13.2533947589711,0.00655336130648337,1,0.999253354069792,40.0298881530762,1.99424440093728,11.6100003942847,-72.0059754025848,-14.3217076166404,250,-0.172213306415569,-13.2499864121494,-0.227712770846109,299.9956665,299.9972839,-20066.4765625,-19976.666015625,56.8064158921406,20.8469539113502,9.256284,0,0,0,40,4449,299.8999,-20021.5712890625,,,,,,,,,,,,,0,,,,18.88954735,,,,,,299.9964752,,,,
,15570639.395,299.99560545,-19916.6748046875,-13.2516056533707,0.0043147815217576,1,0.999253354069792,40.0298881530762,1.99425788884503,11.6100003942847,-71.99207380853,-14.3449887519961,250,-0.176801340922093,-13.2481787512215,-0.232293454052607,299.9955444,299.9956665,-19976.666015625,-19856.68359375,56.9760292808137,20.8452671182636,8.884414,0,0,0,40,4449,299.89935,-19916.6748046875,,,,,,,,,,,,,0,,,,19.07919695,,,,,,299.99560545,,,,
,15570640.575,299.9967804,-19796.1396484375,-13.2420427588589,0.00728139252145127,1,0.999253354069792,40.0298881530762,1.99400080168031,11.6100003942847,-71.9354598432124,-14.3091933306632,250,-0.172331508010547,-13.2386358604909,-0.227785271432245,299.9955444,299.9980164,-19856.68359375,-19735.595703125,56.7055858131598,20.8440499473902,8.884414,0,0,0,40,4449,299.90055,-19796.1396484375,,,,,,,,,,,,,0,,,,18.9848366,,,,,,299.9967804,,,,
,15570641.86,299.997818,-19665.5673828125,-13.2258077914478,0.00568947809821848,1,0.999253354069792,40.0298881530762,1.99414792370423,11.6100003942847,-71.8371938203714,-14.3748512569268,250,-0.187208634149019,-13.2223412550832,-0.242592091631699,299.9976196,299.9980164,-19735.595703125,-19595.5390625,56.8666012881214,20.8448813807822,8.512546,0,0,0,40,4449,299.9025,-19665.5673828125,,,,,,,,,,,,,0,,,,18.9848366,,,,,,299.997818,,,,
,15570642.98,299.9976196,-19555.59765625,-13.2461822060669,0.00575372207769576,1,0.999253354069792,40.0298881530762,1.99421858283177,11.6100003942847,-71.963261677496,-14.327830544443,250,-0.174704539617117,-13.242763904658,-0.230177065070098,299.9976196,299.9976196,-19595.5390625,-19515.65625,56.5086154263137,20.8458528784707,9.256284,0,0,0,40,4449,299.90175,-19555.59765625,,,,,,,,,,,,,0,,,,18.9848366,,,,,,299.9976196,,,,
,15570643.93,299.99739075,-19460.6904296875,-13.2469410736503,0.00544819258306779,1,0.999253354069792,40.0298881530762,1.99421858283177,11.6100003942847,-71.9681654276557,-14.3244405549885,250,-0.173940674998816,-13.2435258561686,-0.229417216085796,299.9971619,299.9976196,-19515.65625,-19405.724609375,55.9606938343328,20.8458528784707,8.512546,0,0,0,40,4449,299.90255,-19460.6904296875,,,,,,,,,,,,,0,,,,18.795187,,,,,,299.99739075,,,,
,15570646.01,299.9975586,-19250.9033203125,-13.2373992883016,0.00476920042443841,1,0.999253354069792,40.0298881530762,1.99408540223944,11.6100003942847,-71.9054440657048,-14.3466191365793,250,-0.179951731506463,-13.2339604907003,-0.235389265648631,299.9975586,299.9975586,-19265.869140625,-19235.9375,57.0698247031214,20.8481236735743,8.512546,0,0,0,40,4449,299.9011,-19250.9033203125,,,,,,,,,,,,,0,,,,19.07919695,,,,,,299.9975586,,,,
,15570646.72,299.99716185,-19181.0771484375,-13.2312426713797,0.00552106476860543,1,0.999253354069792,40.0298881530762,1.99438673633634,11.6100003942847,-71.8948791365476,-14.275785983097,250,-0.167699179836298,-13.2278565712334,-0.223114234258651,299.9967651,299.9975586,-19235.9375,-19126.216796875,57.4153045086215,20.8503971812448,8.512546,0,0,0,40,4449,299.90015,-19181.0771484375,,,,,,,,,,,,,0,,,,19.1744862,,,,,,299.99716185,,,,
,15570647.705,299.9972076,-19081.2041015625,-13.2231761035188,0.0054526866493787,1,0.999253354069792,40.0298881530762,1.99409246019075,11.6200000047684,-71.8282183365314,-14.3324049075076,250,-0.179968380468083,-13.2197401356734,-0.235347718158845,299.9967651,299.9976501,-19126.216796875,-19036.19140625,57.2660134614484,20.8488582838406,8.884414,0,0,0,40,4449,299.9016,-19081.2041015625,,,,,,,,,,,,,0,,,,19.07919695,,,,,,299.9972076,,,,
,15570648.76,299.99742125,-18976.388671875,-13.2193906954566,0.00495410924425131,1,0.999253354069792,40.0298881530762,1.99435604642152,11.6100003942847,-71.8167026669096,-14.3312599376965,250,-0.180120180376108,-13.2159546670066,-0.235484415873535,299.9971924,299.9976501,-19036.19140625,-18916.5859375,56.9517987967176,20.8492176206296,9.256284,0,0,0,40,4449,299.90225,-18976.388671875,,,,,,,,,,,,,0,,,,19.07919695,,,,,,299.99742125,,,,
,15570649.905,299.99620055,-18861.673828125,-13.2194092291585,0.00513934957741774,1,0.999253354069792,40.0298881530762,1.99389241753762,11.6100003942847,-71.8031104238201,-14.3141111106049,250,-0.177562620948134,-13.2159843788345,-0.232928650135507,299.9952087,299.9971924,-18916.5859375,-18806.76171875,57.1972301517561,20.8476531789161,8.884414,0,0,0,40,4449,299.9015,-18861.673828125,,,,,,,,,,,,,0,,,,18.9848366,,,,,,299.99620055,,,,
,15570650.9,299.9959259,-18761.8017578125,-13.2164998998263,0.00561271002037073,1,0.999253354069792,40.0298881530762,1.99411261750258,11.6100003942847,-71.7961642062114,-14.306425790154,250,-0.176407105701139,-13.2130805368908,-0.231761894074774,299.9952087,299.9966431,-18806.76171875,-18716.841796875,56.4624993436791,20.8428908556832,8.884414,0,0,0,40,4449,299.9023,-18761.8017578125,,,,,,,,,,,,,0,,,,18.9848366,,,,,,299.9959259,,,,
,15570651.98,299.99583435,-18656.8515625,-13.2147976271824,0.00699404464770889,1,0.999253354069792,40.0298881530762,1.99428570287218,11.6100003942847,-71.7881128794325,-14.3321026700591,250,-0.18121385289048,-13.2113583738566,-0.23656175022886,299.9950256,299.9966431,-18716.841796875,-18596.861328125,56.5226847396598,20.8418698305903,9.256284,0,0,0,40,4449,299.901,-18656.8515625,,,,,,,,,,,,,0,,,,18.9848366,,,,,,299.99583435,,,,
,15570653.05,299.9959259,-18551.9404296875,-13.2083321772943,0.00585223454558085,1,0.999253354069792,40.0298881530762,1.99418959521899,11.6100003942847,-71.7579288563903,-14.279596635695,250,-0.172894297970561,-13.2049289642481,-0.228217640075901,299.9950256,299.9968262,-18596.861328125,-18507.01953125,56.6813553290637,20.8453307405546,8.884414,0,0,0,40,4449,299.90135,-18551.9404296875,,,,,,,,,,,,,0,,,,18.795187,,,,,,299.9959259,,,,
,15570653.97,299.9964447,-18462.078125,-13.2127665013489,0.00671342977259139,1,0.999253354069792,40.0298881530762,1.99418959521899,11.6100003942847,-71.7847198677982,-14.2698179612828,250,-0.170275924209655,-13.2093730405909,-0.225619012437898,299.9960632,299.9968262,-18507.01953125,-18417.13671875,56.8681645451599,20.8453307405546,8.512546,0,0,0,40,4449,299.9021,-18462.078125,,,,,,,,,,,,,0,,,,18.88954735,,,,,,299.9964447,,,,
,15570655.06,299.9955597,-18352.2744140625,-13.2121319939595,0.00517689625123004,1,0.999253354069792,40.0298881530762,1.99424109764238,11.6100003942847,-71.78029062209,-14.2845445479196,250,-0.173030480070959,-13.2087274260799,-0.228371462270014,299.9950562,299.9960632,-18417.13671875,-18287.412109375,57.1182856713137,20.842999048948,9.256284,0,0,0,40,4449,299.9015,-18352.2744140625,,,,,,,,,,,,,0,,,,19.07919695,,,,,,299.9955597,,,,
,15570656.27,299.99447635,-18227.576171875,-13.207349417296,0.00625331185170323,1,0.999253354069792,40.0298881530762,1.99425617816307,11.6100003942847,-71.7574287598711,-14.2655101949165,250,-0.170401689589129,-13.2039572347644,-0.22572434907942,299.9938965,299.9950562,-18287.412109375,-18167.740234375,57.1096877576022,20.8468030723243,9.256284,0,0,0,40,4449,299.90115,-18227.576171875,,,,,,,,,,,,,0,,,,19.1744862,,,,,,299.99447635,,,,
,15570657.395,299.9948273,-18112.8125,-13.2039212345386,0.0046195056796271,1,0.999253354069792,40.0298881530762,1.99409187614659,11.6100003942847,-71.7252805601289,-14.3025039537243,250,-0.178039893097812,-13.2004974408304,-0.23334772276456,299.9938965,299.9957581,-18167.740234375,-18057.884765625,57.1073428720445,20.8444829906389,8.884414,0,0,0,40,4449,299.9008,-18112.8125,,,,,,,,,,,,,0,,,,18.9848366,,,,,,299.9948273,,,,
,15570658.56,299.995636,-17997.98046875,-13.2075942062351,0.00581817995205692,1,0.999253354069792,40.0298881530762,1.99413622975902,11.6100003942847,-71.7559898422014,-14.2571528366114,250,-0.168973068091371,-13.2042071370605,-0.224299400582793,299.9955139,299.9957581,-18057.884765625,-17938.076171875,56.567237565256,20.8488209884792,9.256284,0,0,0,40,4449,299.8996,-17997.98046875,,,,,,,,,,,,,0,,,,18.9848366,,,,,,299.995636,,,,
,15570660.605,299.99526975,-17793.318359375,-13.1983207253241,0.00707485319290079,1,0.999253354069792,40.0298881530762,1.99421031136431,11.6200000047684,-71.7038957229602,-14.2708971157913,250,-0.173119895636499,-13.1949181573096,-0.228408116151704,299.9945068,299.9960327,-17808.25390625,-17778.3828125,56.0693401985059,20.8442373632068,8.884414,0,0,0,40,4449,299.90055,-17793.318359375,,,,,,,,,,,,,0,,,,18.9848366,,,,,,299.99526975,,,,
,15570661.375,299.99501035,-17718.4130859375,-13.1899482917771,0.00462571859003878,1,0.999253354069792,40.0298881530762,1.99422374255296,11.6100003942847,-71.6571567760657,-14.2712357003852,250,-0.174716707274369,-13.1865407890941,-0.229970104730873,299.993988,299.9960327,-17778.3828125,-17658.443359375,56.6797920720252,20.8473393544437,9.256284,0,0,0,40,4449,299.90085,-17718.4130859375,,,,,,,,,,,,,0,,,,19.1744862,,,,,,299.99501035,,,,
,15570662.54,299.99461365,-17603.5771484375,-13.197650873535,0.00599305727571106,1,0.999253354069792,40.0298881530762,1.99423612744752,11.6100003942847,-71.7057891461927,-14.2454002046218,250,-0.168527696880582,-13.1942678297433,-0.223815681946472,299.993988,299.9952393,-17658.443359375,-17548.7109375,56.9502355396791,20.8491975685498,8.884414,0,0,0,40,4449,299.9007,-17603.5771484375,,,,,,,,,,,,,0,,,,18.9848366,,,,,,299.99461365,,,,
,15570663.68,299.9949036,-17488.703125,-13.1829296468848,0.00512246766451128,1,0.999253354069792,40.0298881530762,1.99441068977241,11.6200000047684,-71.6286831823098,-14.2481616071714,250,-0.171540147786313,-13.1795367019369,-0.226766883137038,299.9945679,299.9952393,-17548.7109375,-17428.6953125,56.4156016325252,20.8438705070752,9.256284,0,0,0,40,4449,299.9004,-17488.703125,,,,,,,,,,,,,0,,,,18.9848366,,,,,,299.9949036,,,,
,15570664.86,299.99484255,-17368.837890625,-13.1827133926705,0.00521804362466036,1,0.999253354069792,40.0298881530762,1.99425303945745,11.6100003942847,-71.6223184497629,-14.2450465755166,250,-0.171208814319483,-13.1793217896993,-0.226435803876401,299.9945679,299.9951172,-17428.6953125,-17308.98046875,56.9947883652753,20.8454209514437,9.256284,0,0,0,40,4449,299.9002,-17368.837890625,,,,,,,,,,,,,0,,,,19.1744862,,,,,,299.99484255,,,,
,15570665.845,299.99516295,-17269.0458984375,-13.1817625084603,0.00588615208917929,1,0.999253354069792,40.0298881530762,1.99387054858622,11.6100003942847,-71.5988343064882,-14.2679159586649,250,-0.17607355515642,-13.1783504652996,-0.231296333004074,299.9951172,299.9952087,-17308.98046875,-17229.111328125,56.5156500829868,20.8470714050966,8.884414,0,0,0,40,4449,299.9007,-17269.0458984375,,,,,,,,,,,,,0,,,,19.1744862,,,,,,299.99516295,,,,
,15570666.86,299.9955444,-17169.185546875,-13.1836202658253,0.00707680374970614,1,0.999253354069792,40.0298881530762,1.99419333769972,11.6100003942847,-71.629700538171,-14.2210812322517,250,-0.166715021507573,-13.1802468067199,-0.221948256912293,299.9952087,299.9958801,-17229.111328125,-17109.259765625,56.2631840712752,20.8439960838748,8.512546,0,0,0,40,4449,299.90115,-17169.185546875,,,,,,,,,,,,,0,,,,18.9848366,,,,,,299.9955444,,,,
,15570667.975,299.99594115,-17059.345703125,-13.1913209132816,0.00585035681139187,1,0.999253354069792,40.0298881530762,1.99427953906103,11.6100003942847,-71.6802554390309,-14.199264525501,250,-0.161170202117931,-13.1879688218351,-0.216437952518863,299.9958801,299.9960022,-17109.259765625,-17009.431640625,56.892395029256,20.8470642328401,9.256284,0,0,0,40,4449,299.90045,-17059.345703125,,,,,,,,,,,,,0,,,,18.9848366,,,,,,299.99594115,,,,
,15570669.015,299.99502565,-16959.4814453125,-13.1980450771052,0.00589761349117483,1,0.999253354069792,40.0298881530762,1.99427953906103,11.6100003942847,-71.7161089561552,-14.2102065393499,250,-0.161931442768086,-13.194688770525,-0.217228193428741,299.9940491,299.9960022,-17009.431640625,-16909.53125,56.5906864208329,20.8470642328401,8.884414,0,0,0,40,4449,299.90005,-16959.4814453125,,,,,,,,,,,,,0,,,,18.9848366,,,,,,299.99502565,,,,
,15570670.115,299.9943848,-16849.5732421875,-13.1782310316721,0.0042226620225049,1,0.999253354069792,40.0298881530762,1.99431273774661,11.6100003942847,-71.6039567993306,-14.2195688781448,250,-0.167281139717689,-13.174856523562,-0.222494701112415,299.9940491,299.9947205,-16909.53125,-16789.615234375,56.9181887703906,20.8447184150913,9.256284,0,0,0,40,4449,299.90005,-16849.5732421875,,,,,,,,,,,,,0,,,,18.795187,,,,,,299.9943848,,,,
,15570671.225,299.9944611,-16734.7607421875,-13.1796904938171,0.00405213302903363,1,0.999253354069792,40.0298881530762,1.99418977295529,11.6100003942847,-71.6056803799364,-14.230541358676,250,-0.169181610763895,-13.1763076124627,-0.224401565248774,299.9942017,299.9947205,-16789.615234375,-16679.90625,56.0177527162367,20.8481544875968,8.884414,0,0,0,40,4449,299.9016,-16734.7607421875,,,,,,,,,,,,,0,,,,18.9848366,,,,,,299.9944611,,,,
,15570672.29,299.99443055,-16629.9990234375,-13.1794553772402,0.00551126254331694,1,0.999253354069792,40.0298881530762,1.99431036979139,11.6100003942847,-71.621224406619,-14.1631732380804,250,-0.156700756359632,-13.1761247813111,-0.211923188329422,299.9942017,299.9946594,-16679.90625,-16580.091796875,57.0151107067753,20.8460507891629,9.256284,0,0,0,40,4449,299.9015,-16629.9990234375,,,,,,,,,,,,,0,,,,18.9848366,,,,,,299.99443055,,,,
,15570673.4,299.99449155,-16519.7880859375,-13.1807585588953,0.00465421129882086,1,0.999253354069792,40.0298881530762,1.99421398408693,11.5999998524785,-71.6113339994247,-14.2372325084632,250,-0.170179421117583,-13.1773710562744,-0.225405526340915,299.9943237,299.9946594,-16580.091796875,-16459.484375,57.3887291389676,20.8468340783346,9.256284,0,0,0,40,4449,299.90155,-16519.7880859375,,,,,,,,,,,,,0,,,,18.795187,,,,,,299.99449155,,,,
,15570674.495,299.99415585,-16409.5024414062,-13.1754976884298,0.00494997215577311,1,0.999253354069792,40.0298881530762,1.99432892631152,11.6100003942847,-71.5925188569742,-14.2013709002353,250,-0.164422961141898,-13.1721354908225,-0.219628721938849,299.993988,299.9943237,-16459.484375,-16359.5205078125,57.6529195784676,20.8528585059035,8.512546,0,0,0,40,4449,299.90345,-16409.5024414062,,,,,,,,,,,,,0,,,,18.795187,,,,,,299.99415585,,,,
,15570675.55,299.9944305,-16304.5419921875,-13.1784462133252,0.00656400870768427,1,0.999253354069792,40.0298881530762,1.99411623444368,11.6100003942847,-71.6016704708875,-14.1999610245345,250,-0.16388749778536,-13.1750854164757,-0.21910675395389,299.993988,299.994873,-16359.5205078125,-16249.5634765625,57.1792526958137,20.8466482879821,8.512546,0,0,0,40,4449,299.9029,-16304.5419921875,,,,,,,,,,,,,0,,,,18.795187,,,,,,299.9944305,,,,
,15570676.68,299.9945526,-16189.68359375,-13.179672781644,0.00598079794156146,1,0.999253354069792,40.0298881530762,1.99426818458431,11.6100003942847,-71.6201491392898,-14.1673058022629,250,-0.157469187495674,-13.1763384495096,-0.212696140361476,299.9942322,299.994873,-16249.5634765625,-16129.8037109375,56.5625477941406,20.8428676777786,8.884414,0,0,0,40,4449,299.9017,-16189.68359375,,,,,,,,,,,,,0,,,,18.795187,,,,,,299.9945526,,,,
,15570677.775,299.99391175,-16079.8217773438,-13.1711949590033,0.00516312321938363,1,0.999253354069792,40.0298881530762,1.99396234966075,11.6100003942847,-71.5594209010815,-14.1774250328433,250,-0.161287770046712,-13.1678465738883,-0.216479083010632,299.9935913,299.9942322,-16129.8037109375,-16029.83984375,57.1823792098907,20.8445750962458,9.256284,0,0,0,40,4449,299.90295,-16079.8217773438,,,,,,,,,,,,,0,,,,18.9848366,,,,,,299.99391175,,,,
,15570678.805,299.99412535,-15974.9448242187,-13.1597433081272,0.00646224308507138,1,0.999253354069792,40.0298881530762,1.99412245933921,11.6100003942847,-71.4993932885774,-14.1845795419871,250,-0.164520530081398,-13.1563835156566,-0.219663834017842,299.9935913,299.9946594,-16029.83984375,-15920.0498046875,56.7798405224868,20.8412750571783,9.256284,0,0,0,40,4449,299.90405,-15974.9448242187,,,,,,,,,,,,,0,,,,18.9848366,,,,,,299.99412535,,,,
,15570679.965,299.9947815,-15860.14453125,-13.1601484491477,0.00513471719601625,1,0.999253354069792,40.0298881530762,1.99425245834943,11.6200000047684,-71.5039783602131,-14.1975567802755,250,-0.166661802120596,-13.1567791710243,-0.221807339947429,299.9946594,299.9949036,-15920.0498046875,-15800.2392578125,56.7939098358329,20.8432980619346,8.884414,0,0,0,40,4449,299.9041,-15860.14453125,,,,,,,,,,,,,0,,,,18.9848366,,,,,,299.9947815,,,,
,15570681.045,299.99468995,-15755.3354492187,-13.1637907815047,0.00565401790052195,1,0.999253354069792,40.0298881530762,1.99425245834943,11.6100003942847,-71.5258278433809,-14.1903780813472,250,-0.164667215970104,-13.1604290516709,-0.219829525960581,299.9944763,299.9949036,-15800.2392578125,-15710.431640625,56.679010443506,20.8432980619346,9.628152,0,0,0,40,4449,299.9032,-15755.3354492187,,,,,,,,,,,,,0,,,,18.9848366,,,,,,299.99468995,,,,
,15570682.055,299.99409485,-15655.5678710938,-13.1658991798212,0.00497803140789562,1,0.999253354069792,40.0298881530762,1.99408293050238,11.6100003942847,-71.5327493805829,-14.1839605457835,250,-0.163312669306539,-13.1625428741537,-0.21848516089349,299.9937134,299.9944763,-15710.431640625,-15600.7041015625,57.3754414541407,20.8457427026306,9.256284,0,0,0,40,4449,299.90225,-15655.5678710938,,,,,,,,,,,,,0,,,,18.9848366,,,,,,299.99409485,,,,
,15570683.17,299.9932709,-15540.7333984375,-13.1578212210077,0.00672928371523221,1,0.999253354069792,40.0298881530762,1.99426913383026,11.6100003942847,-71.4983141114138,-14.1606725903623,250,-0.160296697283276,-13.1544795260709,-0.215436613919775,299.9928284,299.9937134,-15600.7041015625,-15480.7626953125,56.9220969129868,20.8454611072661,9.256284,0,0,0,40,4449,299.90365,-15540.7333984375,,,,,,,,,,,,,0,,,,19.1744862,,,,,,299.9932709,,,,
,15570684.225,299.99263,-15435.8623046875,-13.1541370626165,0.00638897307515806,1,0.999253354069792,40.0298881530762,1.99422361506739,11.6100003942847,-71.4761792005393,-14.1592311023937,250,-0.160772285887307,-13.1507943574358,-0.215897341248108,299.9924316,299.9928284,-15480.7626953125,-15390.9619140625,56.4984542555637,20.8487444208986,8.512546,0,0,0,40,4449,299.90465,-15435.8623046875,,,,,,,,,,,,,0,,,,19.1744862,,,,,,299.99263,,,,
,15570685.315,299.9923248,-15330.9565429687,-13.1513492911074,0.00562251054268208,1,0.999253354069792,40.0298881530762,1.99429467724454,11.6100003942847,-71.4598257430696,-14.1766133464852,250,-0.164389613792578,-13.1479920379254,-0.219503099055738,299.992218,299.9924316,-15390.9619140625,-15270.951171875,56.371048806929,20.8462719381032,8.884414,0,0,0,40,4449,299.90485,-15330.9565429687,,,,,,,,,,,,,0,,,,18.9848366,,,,,,299.9923248,,,,
,15570686.44,299.99293515,-15216.015625,-13.1534737035521,0.00517661405960526,1,0.999253354069792,40.0298881530762,1.99424930782139,11.6200000047684,-71.4796250917154,-14.1255036286669,250,-0.154668075067441,-13.1501563934368,-0.209793306076151,299.992218,299.9936523,-15270.951171875,-15161.080078125,56.2334821875444,20.8524819182277,8.884414,0,0,0,40,4449,299.90535,-15216.015625,,,,,,,,,,,,,0,,,,18.9848366,,,,,,299.99293515,,,,
,15570687.495,299.9933929,-15111.1967773438,-13.1536923675524,0.00467681441756732,1,0.999253354069792,40.0298881530762,1.99411393058025,11.6100003942847,-71.4703328869556,-14.1558025328924,250,-0.160362188047625,-13.1503508271028,-0.215487970577911,299.9931335,299.9936523,-15161.080078125,-15061.3134765625,56.8103240347368,20.8469941922641,8.884414,0,0,0,40,4449,299.9058,-15111.1967773438,,,,,,,,,,,,,0,,,,19.1744862,,,,,,299.9933929,,,,
,15570688.65,299.9936218,-14996.4184570313,-13.1538020451612,0.00676529138701664,1,0.999253354069792,40.0298881530762,1.99420002330228,11.6100003942847,-71.4881099110337,-14.080077069592,250,-0.146327010710122,-13.1505191464662,-0.201456835126601,299.9931335,299.9941101,-15061.3134765625,-14931.5234375,57.1675282680253,20.8455208456837,8.884414,0,0,0,40,4449,299.9069,-14996.4184570313,,,,,,,,,,,,,0,,,,18.9848366,,,,,,299.9936218,,,,
,15570689.81,299.99398805,-14876.6518554687,-13.1462518566298,0.0046609146306868,1,0.999253354069792,40.0298881530762,1.99418342094762,11.6100003942847,-71.4411839459574,-14.1005219140361,250,-0.151501136234141,-13.1429485025467,-0.206599283260667,299.993866,299.9941101,-14931.5234375,-14821.7802734375,56.7860935506406,20.8452498572107,8.512546,0,0,0,40,4449,299.9068,-14876.6518554687,,,,,,,,,,,,,0,,,,18.9848366,,,,,,299.99398805,,,,
,15570690.795,299.993866,-14776.8876953125,-13.1429141700942,0.00537556989803943,1,0.999253354069792,40.0298881530762,1.99434808872287,11.6100003942847,-71.4264276736251,-14.1108470339938,250,-0.15380675968505,-13.1396018167579,-0.208891059118816,299.993866,299.993866,-14821.7802734375,-14731.9951171875,57.0283983916022,20.8446908508602,8.512546,0,0,0,40,4449,299.90785,-14776.8876953125,,,,,,,,,,,,,0,,,,18.9848366,,,,,,299.993866,,,,
,15570691.875,299.99333195,-14672.0244140625,-13.1389434777706,0.0060295166174899,1,0.999253354069792,40.0298881530762,1.99425566558027,11.6200000047684,-71.4056957015965,-14.0839850343391,250,-0.149727004238413,-13.1356492131712,-0.204796261471404,299.9927979,299.993866,-14731.9951171875,-14612.0537109375,57.3801312252561,20.8463890555036,8.884414,0,0,0,40,4449,299.90835,-14672.0244140625,,,,,,,,,,,,,0,,,,18.88954735,,,,,,299.99333195,,,,
,15570692.96,299.99354555,-14562.1748046875,-13.1414262746117,0.00454319456553019,1,0.999253354069792,40.0298881530762,1.99407771004371,11.6100003942847,-71.403307193152,-14.1375555273613,250,-0.159327743032926,-13.138091015837,-0.214406605633985,299.9927979,299.9942932,-14612.0537109375,-14512.2958984375,56.3218062102175,20.8440203980757,9.256284,0,0,0,40,4449,299.90735,-14562.1748046875,,,,,,,,,,,,,0,,,,19.07919695,,,,,,299.99354555,,,,
,15570694.04,299.9941101,-14452.3422851562,-13.1363557741014,0.00499446614256778,1,0.999253354069792,40.0298881530762,1.99419689301027,11.6100003942847,-71.3841754860816,-14.109941243718,250,-0.155045245745874,-13.1330391261615,-0.210104666151614,299.993927,299.9942932,-14512.2958984375,-14392.388671875,56.6969878994483,20.8391141191577,8.884414,0,0,0,40,4449,299.9072,-14452.3422851562,,,,,,,,,,,,,0,,,,18.9848366,,,,,,299.9941101,,,,
,15570695.275,299.99362185,-14332.515625,-13.1258505665504,0.00543930442113008,1,0.999253354069792,40.0298881530762,1.99397944534456,11.6100003942847,-71.3177937672193,-14.1063994323188,250,-0.156616994438656,-13.1225295632463,-0.211633255521824,299.9933167,299.993927,-14392.388671875,-14272.642578125,56.994006736756,20.8468566555775,8.884414,0,0,0,40,4449,299.90625,-14332.515625,,,,,,,,,,,,,0,,,,18.88954735,,,,,,299.99362185,,,,
,15570696.42,299.99247745,-14217.7041015625,-13.1240435313868,0.00530385998486011,1,0.999253354069792,40.0298881530762,1.99437128514668,11.6100003942847,-71.3262003528409,-14.0825635856461,250,-0.152078566998906,-13.120742392568,-0.20708900126724,299.9916382,299.9933167,-14272.642578125,-14162.765625,56.5789619930445,20.8498186446257,8.512546,0,0,0,40,4449,299.9069,-14217.7041015625,,,,,,,,,,,,,0,,,,19.07919695,,,,,,299.99247745,,,,
,15570697.445,299.99198915,-14112.9267578125,-13.1247540112629,0.00486950294003307,1,0.999253354069792,40.0298881530762,1.99408865158871,11.6100003942847,-71.3181498770532,-14.0924765008376,250,-0.154123750797971,-13.1214443175085,-0.20913739223549,299.9916382,299.9923401,-14162.765625,-14063.087890625,56.4539014299675,20.8452696152697,8.884414,0,0,0,40,4449,299.908,-14112.9267578125,,,,,,,,,,,,,0,,,,18.9848366,,,,,,299.99198915,,,,
,15570698.525,299.9925537,-14008.1030273437,-13.1127471487886,0.00481491720418265,1,0.999253354069792,40.0298881530762,1.99429919271947,11.6100003942847,-71.2580137395033,-14.0930319447497,250,-0.156184891854798,-13.109430869208,-0.21114871628665,299.9923401,299.9927673,-14063.087890625,-13953.1181640625,56.5711457078521,20.8441776190876,8.884414,0,0,0,40,4449,299.9076,-14008.1030273437,,,,,,,,,,,,,0,,,,18.9848366,,,,,,299.9925537,,,,
,15570699.545,299.9928436,-13908.1923828125,-13.1136642441355,0.0064967546052203,1,0.999253354069792,40.0298881530762,1.99399370907895,11.6200000047684,-71.253769936337,-14.0842761043133,250,-0.154792670569247,-13.1103533911831,-0.209761411677522,299.9927673,299.9929199,-13953.1181640625,-13863.2666015625,56.2702187279483,20.8482986738893,9.256284,0,0,0,40,4449,299.9078,-13908.1923828125,,,,,,,,,,,,,0,,,,18.9848366,,,,,,299.9928436,,,,
,15570700.535,299.99287415,-13808.3344726563,-13.1054219342107,0.00576379097358616,1,0.999253354069792,40.0298881530762,1.99406584971512,11.6100003942847,-71.2124454809685,-14.0707985703795,250,-0.153753653581169,-13.1021169605497,-0.208689289570932,299.9928284,299.9929199,-13863.2666015625,-13753.40234375,57.0917103016599,20.8430579437099,9.256284,0,0,0,40,4449,299.90585,-13808.3344726563,,,,,,,,,,,,,0,,,,18.795187,,,,,,299.99287415,,,,
,15570702.015,299.99298095,-13658.5131835938,-13.1034894103906,0.00488319744177519,1,0.999253354069792,40.0298881530762,1.99426735933273,11.6100003942847,-71.207117212038,-14.0800381028825,250,-0.155552458475052,-13.1001770639177,-0.21048117091143,299.9928284,299.9931335,-13753.40234375,-13563.6240234375,57.2824276603522,20.8483684068336,9.256284,0,0,0,40,4449,299.90445,-13658.5131835938,,,,,,,,,,,,,0,,,,18.795187,,,,,,299.99298095,,,,
,15570703.535,299.99246215,-13503.712890625,-13.1013877861313,0.0042820241729528,1,0.999253354069792,40.0298881530762,1.99429220890731,11.6100003942847,-71.1985177741186,-14.0674046134374,250,-0.153589982959619,-13.0980842306265,-0.208511360338281,299.9917908,299.9931335,-13563.6240234375,-13443.8017578125,57.2558522906984,20.8514168807605,9.256284,0,0,0,40,4449,299.9054,-13503.712890625,,,,,,,,,,,,,0,,,,18.795187,,,,,,299.99246215,,,,
,15570704.72,299.9920502,-13388.822265625,-13.0940526252024,0.00482863945685682,1,0.999253354069792,40.0298881530762,1.9941304385595,11.6100003942847,-71.1418216143652,-14.1188539834339,250,-0.164600642372883,-13.090704440186,-0.219490241716699,299.9917908,299.9923096,-13443.8017578125,-13333.8427734375,56.3898078913906,20.8459779373195,9.256284,0,0,0,40,4449,299.90415,-13388.822265625,,,,,,,,,,,,,0,,,,18.9848366,,,,,,299.9920502,,,,
,15570705.85,299.99266055,-13278.4829101562,-13.0954738308324,0.00686256522298148,1,0.999253354069792,40.0298881530762,1.99427152481783,11.6100003942847,-71.1677357174908,-14.0497036922741,250,-0.151460321084864,-13.0921800606593,-0.206359639016115,299.9923096,299.9930115,-13333.8427734375,-13223.123046875,56.353852979506,20.8467964253573,9.256284,0,0,0,40,4449,299.9033,-13278.4829101562,,,,,,,,,,,,,0,,,,19.1744862,,,,,,299.99266055,,,,
,15570707.015,299.99339295,-13158.1376953125,-13.0994309231439,0.00557459525043951,1,0.999253354069792,40.0298881530762,1.99435314093284,11.6100003942847,-71.1906760948193,-14.0620736034623,250,-0.152894202132119,-13.0961299028829,-0.207810543266624,299.9930115,299.9937744,-13223.123046875,-13093.15234375,56.7571732954291,20.8420209036629,8.884414,0,0,0,40,4449,299.90455,-13158.1376953125,,,,,,,,,,,,,0,,,,18.9848366,,,,,,299.99339295,,,,
,15570708.28,299.99282835,-13028.1723632812,-13.102677760221,0.00555826072771667,1,0.999253354069792,40.0298881530762,1.99417047436014,11.6100003942847,-71.209772070073,-14.0221940317478,250,-0.145198969310745,-13.0994085338186,-0.200131403687372,299.9918823,299.9937744,-13093.15234375,-12963.1923828125,56.3069552683521,20.8468813127351,9.256284,0,0,0,40,4449,299.9053,-13028.1723632812,,,,,,,,,,,,,0,,,,18.88954735,,,,,,299.99282835,,,,
,15570709.46,299.9921875,-12913.296875,-13.0902987291078,0.00401652454173196,1,0.999253354069792,40.0298881530762,1.99395067602938,11.6100003942847,-71.1339731326702,-14.012178597701,250,-0.145931060134906,-13.0870291754767,-0.200812150758785,299.9918823,299.9924927,-12963.1923828125,-12863.4013671875,56.6399290175445,20.8426447313461,8.512546,0,0,0,40,4449,299.9063,-12913.296875,,,,,,,,,,,,,0,,,,18.88954735,,,,,,299.9921875,,,,
,15570710.53,299.99194335,-12808.4326171875,-13.0785924029007,0.00480394259170297,1,0.999253354069792,40.0298881530762,1.99402515466383,11.6100003942847,-71.0615869060657,-14.0614278167327,250,-0.15705114358085,-13.0752786081964,-0.211881688602278,299.991394,299.9924927,-12863.4013671875,-12753.4638671875,56.5406621956021,20.8434041732477,9.628152,0,0,0,40,4449,299.9065,-12808.4326171875,,,,,,,,,,,,,0,,,,18.9848366,,,,,,299.99194335,,,,
,15570711.575,299.99085995,-12703.4892578125,-13.077228881376,0.00494975390107387,1,0.999253354069792,40.0298881530762,1.99410040368203,11.6100003942847,-71.0628249358279,-14.0279593397058,250,-0.151062146376106,-13.073940904572,-0.20588915057047,299.9903259,299.991394,-12753.4638671875,-12653.5146484375,56.3327490094867,20.8410929989044,8.512546,0,0,0,40,4449,299.90605,-12703.4892578125,,,,,,,,,,,,,0,,,,19.1744862,,,,,,299.99085995,,,,
,15570712.59,299.99082945,-12603.6166992187,-13.0821677300447,0.00564418766522431,1,0.999253354069792,40.0298881530762,1.99409175664838,11.6200000047684,-71.0912602682393,-14.0229623816442,250,-0.149239128130828,-13.0788863560055,-0.204087743909553,299.9903259,299.991333,-12653.5146484375,-12553.71875,56.7071490701983,20.844955263361,9.256284,0,0,0,40,4449,299.9074,-12603.6166992187,,,,,,,,,,,,,0,,,,18.9848366,,,,,,299.99082945,,,,
,15570713.625,299.9912262,-12498.7622070312,-13.0650226160319,0.00645247653459876,1,0.999253354069792,40.0298881530762,1.99429923439803,11.6100003942847,-71.0019688309146,-14.0239187411499,250,-0.152332194786063,-13.0617314921266,-0.207108840492689,299.9911194,299.991333,-12553.71875,-12443.8056640625,56.1811130767559,20.8486848189269,9.256284,0,0,0,40,4449,299.90865,-12498.7622070312,,,,,,,,,,,,,0,,,,18.9848366,,,,,,299.9912262,,,,
,15570714.75,299.99154665,-12383.9487304687,-13.0678851338672,0.00480717868567225,1,0.999253354069792,40.0298881530762,1.99401447601936,11.6100003942847,-71.0037730442078,-14.0458808045275,250,-0.156192237982948,-13.0645769986722,-0.210980866085271,299.9911194,299.9919739,-12443.8056640625,-12324.091796875,56.8322096332752,20.8503659379499,9.256284,0,0,0,40,4449,299.90945,-12383.9487304687,,,,,,,,,,,,,0,,,,19.1744862,,,,,,299.99154665,,,,
,15570715.77,299.9923859,-12284.1708984375,-13.0662448561851,0.00629713832864717,1,0.999253354069792,40.0298881530762,1.99417915934596,11.6100003942847,-71.006184588116,-14.0149927372839,250,-0.150616261456525,-13.0629599520023,-0.205399954310606,299.9919739,299.9927979,-12324.091796875,-12244.25,56.6110087623329,20.8446587787424,9.256284,0,0,0,40,4449,299.9094,-12284.1708984375,,,,,,,,,,,,,0,,,,19.1744862,,,,,,299.9923859,,,,
,15570716.79,299.99203495,-12184.3784179688,-13.0671062475589,0.00441445979391013,1,0.999253354069792,40.0298881530762,1.99418204194488,11.6100003942847,-71.0080179483357,-14.0318368663465,250,-0.153545236325739,-13.0638089843921,-0.208332553843366,299.991272,299.9927979,-12244.25,-12124.5068359375,56.6563432164483,20.8443083952289,9.256284,0,0,0,40,4449,299.91035,-12184.3784179688,,,,,,,,,,,,,0,,,,18.9848366,,,,,,299.99203495,,,,
,15570717.84,299.9911499,-12079.5317382812,-13.0671832099591,0.00467661074027278,1,0.999253354069792,40.0298881530762,1.99407306800866,11.6100003942847,-71.0101254119665,-14.0016707304024,250,-0.148127927700364,-13.0639089988313,-0.202917457631017,299.9910278,299.991272,-12124.5068359375,-12034.556640625,56.5969394489868,20.8449599755746,9.256284,0,0,0,40,4449,299.91065,-12079.5317382812,,,,,,,,,,,,,0,,,,18.9848366,,,,,,299.9911499,,,,
,15570718.84,299.991806,-11979.595703125,-13.0524799503551,0.00433952959810461,1,0.999253354069792,40.0298881530762,1.99432745257051,11.6100003942847,-70.9340322446409,-14.0146828136302,250,-0.152922898148784,-13.0491881941588,-0.207650669231109,299.9910278,299.9925842,-12034.556640625,-11924.634765625,56.7993812354675,20.845761297434,8.884414,0,0,0,40,4449,299.9102,-11979.595703125,,,,,,,,,,,,,0,,,,18.9848366,,,,,,299.991806,,,,
,15570719.925,299.9922485,-11869.6801757813,-13.0517609479149,0.00440090396565574,1,0.999253354069792,40.0298881530762,1.99392853326139,11.6100003942847,-70.9145809202083,-14.0203998683347,250,-0.154607477352774,-13.048461990422,-0.209332501583648,299.9919128,299.9925842,-11924.634765625,-11814.7255859375,56.4624993436791,20.8373047385233,9.256284,0,0,0,40,4449,299.91145,-11869.6801757813,,,,,,,,,,,,,0,,,,18.795187,,,,,,299.9922485,,,,
,15570720.885,299.9914703,-11774.7250976563,-13.0464874642862,0.00463344939965042,1,0.999253354069792,40.0298881530762,1.9940524187274,11.6100003942847,-70.8973302167301,-13.9772598338263,250,-0.147506612309103,-13.0432196618426,-0.20221170141282,299.9910278,299.9919128,-11814.7255859375,-11734.724609375,57.1972301517561,20.8446049602842,8.512546,0,0,0,40,4449,299.91155,-11774.7250976563,,,,,,,,,,,,,0,,,,18.9848366,,,,,,299.9914703,,,,
,15570722.73,299.991333,-11589.8935546875,-13.051664138118,0.0047957072677658,1,0.999253354069792,40.0298881530762,1.99419939913356,11.6100003942847,-70.9255806595743,-14.0106522507203,250,-0.152492668706154,-13.0483743072021,-0.207219611893439,299.991333,299.991333,-11594.9189453125,-11584.8681640625,56.7290346687368,20.8434716668185,9.256284,0,0,0,40,4449,299.9131,-11589.8935546875,,,,,,,,,,,,,0,,,,18.795187,,,,,,299.991333,,,,
,15570723.305,299.9911804,-11529.9345703125,-13.046407924783,0.00442834456282711,1,0.999253354069792,40.0298881530762,1.99410312529076,11.6100003942847,-70.8912081573947,-14.017683789507,250,-0.154879132540027,-13.0431091709789,-0.209584008720408,299.9910278,299.991333,-11584.8681640625,-11475.0009765625,56.618043419006,20.8458131323143,9.256284,0,0,0,40,4449,299.91315,-11529.9345703125,,,,,,,,,,,,,0,,,,18.795187,,,,,,299.9911804,,,,
,15570724.405,299.9915924,-11420.0595703125,-13.0394554668583,0.00537622257042593,1,0.999253354069792,40.0298881530762,1.99418592898379,11.6100003942847,-70.8603588695061,-13.9888746002998,250,-0.150773269650442,-13.0361750538783,-0.205450716490551,299.9910278,299.992157,-11475.0009765625,-11365.1181640625,56.4515565444098,20.8490963102486,9.256284,0,0,0,40,4449,299.913,-11420.0595703125,,,,,,,,,,,,,0,,,,18.795187,,,,,,299.9915924,,,,
,15570725.475,299.9916687,-11315.1474609375,-13.043729139962,0.00421006153758563,1,0.999253354069792,40.0298881530762,1.99410740092867,11.6100003942847,-70.8828638811215,-13.9821215955113,250,-0.148838314094626,-13.040455821719,-0.20353517861369,299.9911804,299.992157,-11365.1181640625,-11265.1767578125,56.6899532427752,20.8431806497505,9.256284,0,0,0,40,4449,299.9118,-11315.1474609375,,,,,,,,,,,,,0,,,,18.9848366,,,,,,299.9916687,,,,
,15570726.555,299.99137875,-11210.1752929688,-13.0396382842222,0.00538834236078241,1,0.999253354069792,40.0298881530762,1.99435680952766,11.6100003942847,-70.8779398098492,-13.9327064703543,250,-0.140209966640471,-13.036402037049,-0.194892353381227,299.9911804,299.9915771,-11265.1767578125,-11155.173828125,56.0169710877175,20.8494676343842,8.884414,0,0,0,40,4449,299.91135,-11210.1752929688,,,,,,,,,,,,,0,,,,19.1744862,,,,,,299.99137875,,,,
,15570727.735,299.9915466,-11090.2065429688,-13.035942240112,0.00465654250498892,1,0.999253354069792,40.0298881530762,1.99416170109593,11.6100003942847,-70.8430548076056,-13.9707646589563,250,-0.148126973576159,-13.0326733604949,-0.202793023127465,299.9915161,299.9915771,-11155.173828125,-11025.2392578125,56.2983573546406,20.84232095723,9.256284,0,0,0,40,4449,299.91215,-11090.2065429688,,,,,,,,,,,,,0,,,,18.9848366,,,,,,299.9915466,,,,
,15570728.81,299.99098205,-10980.2470703125,-13.0402204239244,0.00492927136396119,1,0.999253354069792,40.0298881530762,1.99407078438402,11.6100003942847,-70.8705003603408,-13.9351182307774,250,-0.140901026393075,-13.0369811771037,-0.195587314911902,299.990448,299.9915161,-11025.2392578125,-10935.2548828125,56.5648926796983,20.8401763655799,9.256284,0,0,0,40,4449,299.9124,-10980.2470703125,,,,,,,,,,,,,0,,,,18.795187,,,,,,299.99098205,,,,
,15570729.88,299.99105835,-10875.29296875,-13.0255335157212,0.00513420806962028,1,0.999253354069792,40.0298881530762,1.99404637301688,11.6100003942847,-70.7834295450615,-13.9538014441023,250,-0.147085205666672,-13.0222711978252,-0.201709248541176,299.990448,299.9916687,-10935.2548828125,-10815.3310546875,56.8626931455252,20.8487303473528,8.884414,0,0,0,40,4449,299.9133,-10875.29296875,,,,,,,,,,,,,0,,,,18.9848366,,,,,,299.99105835,,,,
,15570731.06,299.9918518,-10755.423828125,-13.0315492673593,0.00457734470615269,1,0.999253354069792,40.0298881530762,1.99394285292465,11.6100003942847,-70.8114836092505,-13.9652015732757,250,-0.148192328710029,-13.0282806220257,-0.202842111872523,299.9916687,299.9920349,-10815.3310546875,-10695.5166015625,57.0401228193907,20.8481862510924,9.256284,0,0,0,40,4449,299.9143,-10755.423828125,,,,,,,,,,,,,0,,,,19.1744862,,,,,,299.9918518,,,,
,15570732.125,299.9910736,-10650.5131835938,-13.0238481796476,0.00385864414969232,1,0.999253354069792,40.0298881530762,1.99412643586071,11.6100003942847,-70.7781454539065,-13.9465837088506,250,-0.145970584571792,-13.020590711912,-0.200589271568502,299.9901123,299.9920349,-10695.5166015625,-10605.509765625,57.4051433378714,20.8445978575573,9.256284,0,0,0,40,4449,299.9146,-10650.5131835938,,,,,,,,,,,,,0,,,,18.9848366,,,,,,299.9910736,,,,
,15570733.205,299.99061585,-10545.5249023438,-13.0241049893624,0.00459528912704758,1,0.999253354069792,40.0298881530762,1.99428620145075,11.6200000047684,-70.7856104456943,-13.9450349799773,250,-0.145437525564957,-13.0208498143809,-0.200058430315267,299.9901123,299.9911194,-10605.509765625,-10485.5400390625,57.007294421583,20.8460366660059,8.884414,0,0,0,40,4449,299.91365,-10545.5249023438,,,,,,,,,,,,,0,,,,18.795187,,,,,,299.99061585,,,,
,15570734.39,299.99194335,-10425.6118164062,-13.0172430222049,0.00478794763623019,1,0.999253354069792,40.0298881530762,1.99400722437002,11.6200000047684,-70.7459700317718,-13.896381398746,250,-0.138123987210128,-13.0140192163872,-0.192718276074909,299.9911194,299.9927673,-10485.5400390625,-10365.68359375,56.6493085597752,20.842676694849,8.884414,0,0,0,40,4449,299.91475,-10425.6118164062,,,,,,,,,,,,,0,,,,18.795187,,,,,,299.99194335,,,,
,15570735.5,299.99182125,-10315.7084960938,-13.0194435770512,0.00596820753827878,1,0.999253354069792,40.0298881530762,1.99406368864319,11.6100003942847,-70.7585435867872,-13.9063377847976,250,-0.139473282637114,-13.01621366429,-0.194077056951996,299.9908752,299.9927673,-10365.68359375,-10265.7333984375,56.2201945027175,20.8450607581375,9.256284,0,0,0,40,4449,299.9163,-10315.7084960938,,,,,,,,,,,,,0,,,,18.795187,,,,,,299.99182125,,,,
,15570736.555,299.99156185,-10210.716796875,-13.0109083841571,0.00464449014187287,1,0.999253354069792,40.0298881530762,1.99407906803615,11.6100003942847,-70.7104246617778,-13.9095315962229,250,-0.141622179361227,-13.007671198274,-0.196190758372172,299.9908752,299.9922485,-10265.7333984375,-10155.7001953125,56.3718304354483,20.8469431531753,9.256284,0,0,0,40,4449,299.9152,-10210.716796875,,,,,,,,,,,,,0,,,,18.9848366,,,,,,299.99156185,,,,
,15570737.655,299.9921112,-10095.7451171875,-13.0102952421649,0.00377618890436933,1,0.999253354069792,40.0298881530762,1.99401107354191,11.6100003942847,-70.7021915435586,-13.9221561520443,250,-0.144138198005135,-13.007047250949,-0.198704690333763,299.9919739,299.9922485,-10155.7001953125,-10035.7900390625,57.1753445532176,20.8455374516017,9.256284,0,0,0,40,4449,299.9147,-10095.7451171875,,,,,,,,,,,,,0,,,,18.9848366,,,,,,299.9921112,,,,
,15570738.635,299.9919739,-9995.5498046875,-13.0053144380299,0.00474412817279885,1,0.999253354069792,40.0298881530762,1.99428304322556,11.6100003942847,-70.6852008418061,-13.9150161459615,250,-0.143410018447747,-13.002070487887,-0.197956610747057,299.9919739,299.9919739,-10035.7900390625,-9955.3095703125,56.3022654972367,20.847588444078,9.256284,0,0,0,40,4449,299.91435,-9995.5498046875,,,,,,,,,,,,,0,,,,18.795187,,,,,,299.9919739,,,,
,15570739.665,299.99157715,-9895.2548828125,-12.9974119394491,0.00499668535982735,1,0.999253354069792,40.0298881530762,1.99411096327728,11.6100003942847,-70.6339163049039,-13.9182884281959,250,-0.145690348182322,-12.9941601244456,-0.200204158158276,299.9911804,299.9919739,-9955.3095703125,-9835.2001953125,56.1709519060059,20.8413604879667,8.884414,0,0,0,40,4449,299.91405,-9895.2548828125,,,,,,,,,,,,,0,,,,18.795187,,,,,,299.99157715,,,,
,15570740.79,299.9911041,-9785.15966796875,-12.9997269321293,0.00576512731830703,1,0.999253354069792,40.0298881530762,1.99407748554339,11.6200000047684,-70.6514731291087,-13.887472601384,250,-0.13964331078542,-12.996500161439,-0.194168885085065,299.9910278,299.9911804,-9835.2001953125,-9735.119140625,56.4734421429483,20.8442922398877,8.884414,0,0,0,40,4449,299.9142,-9785.15966796875,,,,,,,,,,,,,0,,,,18.795187,,,,,,299.9911041,,,,
,15570741.8,299.99139405,-9685.18017578125,-12.9875405297084,0.00466579974876423,1,0.999253354069792,40.0298881530762,1.99404153473317,11.6100003942847,-70.5795565826542,-13.898173058358,250,-0.143912059974951,-12.9842980936881,-0.198386436622437,299.9910278,299.9917603,-9735.119140625,-9635.2412109375,56.3757385780444,20.8394993943039,8.884414,0,0,0,40,4449,299.914,-9685.18017578125,,,,,,,,,,,,,0,,,,18.88954735,,,,,,299.99139405,,,,
,15570742.93,299.99081425,-9570.205078125,-12.9880149694231,0.00462320672703624,1,0.999253354069792,40.0298881530762,1.99408258639729,11.6100003942847,-70.5809972579812,-13.9127400123522,250,-0.146446789065924,-12.984761970943,-0.200923625708597,299.9898682,299.9917603,-9635.2412109375,-9505.1689453125,57.047939104583,20.8456108572347,8.512546,0,0,0,40,4449,299.91355,-9570.205078125,,,,,,,,,,,,,0,,,,19.07919695,,,,,,299.99081425,,,,
,15570743.99,299.99009705,-9460.1875,-12.9905786566212,0.00383504756790839,1,0.999253354069792,40.0298881530762,1.99425276770984,11.6100003942847,-70.6126898570491,-13.8525471087646,250,-0.134705658411762,-12.9873746707263,-0.189196422821315,299.9898682,299.9903259,-9505.1689453125,-9415.2060546875,56.7853119221214,20.842310690519,8.884414,0,0,0,40,4449,299.91385,-9460.1875,,,,,,,,,,,,,0,,,,19.1744862,,,,,,299.99009705,,,,
,15570744.99,299.99116515,-9360.22119140625,-12.9819847408235,0.00516714361866839,1,0.999253354069792,40.0298881530762,1.99439172136136,11.6100003942847,-70.5631355734225,-13.885475163531,250,-0.142171661844934,-12.9787505912705,-0.196625438358019,299.9903259,299.9920044,-9415.2060546875,-9305.236328125,56.760299809506,20.8421504531585,8.884414,0,0,0,40,4449,299.9146,-9360.22119140625,,,,,,,,,,,,,0,,,,19.1744862,,,,,,299.99116515,,,,
,15570746.165,299.99162295,-9245.25732421875,-12.9763167542474,0.00494274895672626,1,0.999253354069792,40.0298881530762,1.99403718856445,11.6100003942847,-70.5209402988596,-13.8724860210177,250,-0.141278677628034,-12.9730872087146,-0.195709549283066,299.9912415,299.9920044,-9305.236328125,-9185.2783203125,57.362935397833,20.8430031357916,9.256284,0,0,0,40,4449,299.9154,-9245.25732421875,,,,,,,,,,,,,0,,,,18.9848366,,,,,,299.99162295,,,,
,15570747.355,299.9910431,-9125.3818359375,-12.9736614452757,0.00406456716482568,1,0.999253354069792,40.0298881530762,1.99407607032489,11.6100003942847,-70.5051501013477,-13.8844787351091,250,-0.143924306401107,-12.9704215575411,-0.198344014784532,299.9908447,299.9912415,-9185.2783203125,-9065.4853515625,56.4687523718329,20.8425393128526,8.884414,0,0,0,40,4449,299.91725,-9125.3818359375,,,,,,,,,,,,,0,,,,18.9848366,,,,,,299.9910431,,,,
,15570748.46,299.9912262,-9015.48388671875,-12.9783930693915,0.00494148267902498,1,0.999253354069792,40.0298881530762,1.99413886926685,11.6100003942847,-70.5464867000795,-13.8173914021824,250,-0.130648959949158,-12.9752077687046,-0.185091959191284,299.9908447,299.9916077,-9065.4853515625,-8965.482421875,56.8071975206598,20.8438900973525,8.884414,0,0,0,40,4449,299.9177,-9015.48388671875,,,,,,,,,,,,,0,,,,19.1744862,,,,,,299.9912262,,,,
,15570749.63,299.99154665,-8900.52783203125,-12.9689254298606,0.00426521851828989,1,0.999253354069792,40.0298881530762,1.994112804853,11.6100003942847,-70.48586616634,-13.8516685289409,250,-0.138730272323264,-12.9657078855059,-0.193132793420049,299.9914856,299.9916077,-8965.482421875,-8835.5732421875,56.4648442292367,20.8382837826884,9.256284,0,0,0,40,4449,299.91755,-8900.52783203125,,,,,,,,,,,,,0,,,,18.9848366,,,,,,299.99154665,,,,
,15570750.72,299.9912567,-8790.63671875,-12.9705808812329,0.00442748026718025,1,0.999253354069792,40.0298881530762,1.99418607346839,11.6100003942847,-70.497779029744,-13.851829026897,250,-0.138360611170937,-12.9673645779071,-0.192771200804193,299.9910278,299.9914856,-8835.5732421875,-8745.7001953125,56.2647473283136,20.8372864542766,8.884414,0,0,0,40,4449,299.91655,-8790.63671875,,,,,,,,,,,,,0,,,,18.9848366,,,,,,299.9912567,,,,
,15570751.75,299.99012755,-8685.66552734375,-12.9677156689095,0.00455826810699766,1,0.999253354069792,40.0298881530762,1.99410526349744,11.6200000047684,-70.4783616505825,-13.8539500223624,250,-0.139380561385687,-12.964496073807,-0.193780155772551,299.9892273,299.9910278,-8745.7001953125,-8625.630859375,56.3929344054675,20.8431252333735,8.884414,0,0,0,40,4449,299.9145,-8685.66552734375,,,,,,,,,,,,,0,,,,18.9848366,,,,,,299.99012755,,,,
,15570752.905,299.9906006,-8570.671875,-12.9659546745775,0.00466884168305612,1,0.999253354069792,40.0298881530762,1.99393661930508,11.6200000047684,-70.4655727565672,-13.836937892956,250,-0.136792033085817,-12.9627459976784,-0.191185482100594,299.9892273,299.9919739,-8625.630859375,-8515.712890625,56.7790588939676,20.8425272755456,9.256284,0,0,0,40,4449,299.91515,-8570.671875,,,,,,,,,,,,,0,,,,18.9848366,,,,,,299.9906006,,,,
,15570753.915,299.99154665,-8470.69580078125,-12.9603328524557,0.0046513446897408,1,0.999253354069792,40.0298881530762,1.99415072978562,11.6100003942847,-70.4434905774187,-13.8264570766728,250,-0.135643730794678,-12.9571296512259,-0.190014129307106,299.9911194,299.9919739,-8515.712890625,-8425.6787109375,56.5617661656214,20.8469507391728,9.256284,0,0,0,40,4449,299.91715,-8470.69580078125,,,,,,,,,,,,,0,,,,18.9848366,,,,,,299.99154665,,,,
,15570754.96,299.9908142,-8365.81103515625,-12.9578946227604,0.0049184366510293,1,0.999253354069792,40.0298881530762,1.99408375096751,11.6100003942847,-70.4261170212447,-13.8331979096741,250,-0.137415970956452,-12.954684742691,-0.191776573883001,299.990509,299.9911194,-8425.6787109375,-8305.943359375,56.096697196679,20.8460837472984,9.256284,0,0,0,40,4449,299.9171,-8365.81103515625,,,,,,,,,,,,,0,,,,18.9848366,,,,,,299.9908142,,,,
,15570756.13,299.99111935,-8250.986328125,-12.9520562225468,0.00376753976644572,1,0.999253354069792,40.0298881530762,1.99410946212876,11.6100003942847,-70.3905913231997,-13.8523640489956,250,-0.141985161873552,-12.9488280972121,-0.196321321860999,299.990509,299.9917297,-8305.943359375,-8196.029296875,56.5383173100444,20.8383588217529,8.884414,0,0,0,40,4449,299.91645,-8250.986328125,,,,,,,,,,,,,0,,,,18.9848366,,,,,,299.99111935,,,,
,15570757.075,299.9919586,-8156.00073242188,-12.9504205099094,0.00386832281832481,1,0.999253354069792,40.0298881530762,1.99415307791397,11.6100003942847,-70.3901563996841,-13.8133946670953,250,-0.135077972142947,-12.9472212430968,-0.18940927248658,299.9917297,299.9921875,-8196.029296875,-8115.97216796875,56.6039741056598,20.8452318083016,9.256284,0,0,0,40,4449,299.9169,-8156.00073242188,,,,,,,,,,,,,0,,,,18.9848366,,,,,,299.9919586,,,,
,15570758.84,299.9919739,-7981.16381835938,-12.9356552875428,0.00413137802268336,1,0.999253354069792,40.0298881530762,1.99429397650697,11.6100003942847,-70.3140307078946,-13.8024465095914,250,-0.135629881341996,-12.932456578369,-0.189900202524745,299.9919739,299.9919739,-7986.1728515625,-7976.15478515625,56.4413953736598,20.8428310981835,8.512546,0,0,0,40,4449,299.91775,-7981.16381835938,,,,,,,,,,,,,0,,,,18.795187,,,,,,299.9919739,,,,
,15570759.41,299.9913788,-7921.1953125,-12.9359406554181,0.00405455564409225,1,0.999253354069792,40.0298881530762,1.99420991810205,11.6100003942847,-70.3119857173449,-13.8060023018416,250,-0.136333576966058,-12.9327391751778,-0.190605355985134,299.9907837,299.9919739,-7976.15478515625,-7866.23583984375,56.3046103827944,20.8406941113385,8.884414,0,0,0,40,4449,299.91795,-7921.1953125,,,,,,,,,,,,,0,,,,18.795187,,,,,,299.9913788,,,,
,15570760.415,299.9904938,-7821.20825195313,-12.9323844045953,0.00383927514431202,1,0.999253354069792,40.0298881530762,1.99415271423297,11.6100003942847,-70.2900988216936,-13.8050207026166,250,-0.136882756928085,-12.9291816729617,-0.191140344715697,299.9902039,299.9907837,-7866.23583984375,-7776.1806640625,56.6039741056598,20.8431540809104,8.884414,0,0,0,40,4449,299.91745,-7821.20825195313,,,,,,,,,,,,,0,,,,18.795187,,,,,,299.9904938,,,,
,15570761.415,299.99061585,-7721.20483398438,-12.9382673203092,0.00309269246860576,1,0.999253354069792,40.0298881530762,1.99404254480951,11.6100003942847,-70.3209109581594,-13.7963948133733,250,-0.134343149469256,-12.9350738551466,-0.188627247704823,299.9902039,299.9910278,-7776.1806640625,-7666.22900390625,56.1451581648713,20.8482297767811,8.884414,0,0,0,40,4449,299.9148,-7721.20483398438,,,,,,,,,,,,,0,,,,18.9848366,,,,,,299.99061585,,,,
,15570762.565,299.99064635,-7606.1943359375,-12.9348389831607,0.00496652191680594,1,0.999253354069792,40.0298881530762,1.99419721398909,11.6100003942847,-70.3134171836964,-13.7623745677815,250,-0.128539514537075,-12.9316704572031,-0.182811380916771,299.9902649,299.9910278,-7666.22900390625,-7546.15966796875,57.0065127930637,20.8472337906943,9.256284,0,0,0,40,4449,299.91415,-7606.1943359375,,,,,,,,,,,,,0,,,,19.1744862,,,,,,299.99064635,,,,
,15570763.735,299.99064635,-7491.33178710937,-12.9337315662778,0.00421641087790514,1,0.999253354069792,40.0298881530762,1.99413103881091,11.6100003942847,-70.3030845379054,-13.7717402350238,250,-0.130545649780132,-12.9305547609824,-0.184813232700895,299.9902649,299.9910278,-7546.15966796875,-7436.50390625,56.2428617297752,20.8458211027989,8.884414,0,0,0,40,4449,299.91445,-7491.33178710937,,,,,,,,,,,,,0,,,,18.9848366,,,,,,299.99064635,,,,
,15570764.805,299.9912567,-7381.50244140625,-12.9302507598049,0.00437408567987056,1,0.999253354069792,40.0298881530762,1.99406005335054,11.6100003942847,-70.2813753880052,-13.7694287828948,250,-0.130853375770019,-12.9270729602001,-0.185107388350436,299.9910278,299.9914856,-7436.50390625,-7326.5009765625,56.6360208749483,20.8453351013381,9.256284,0,0,0,40,4449,299.913,-7381.50244140625,,,,,,,,,,,,,0,,,,18.9848366,,,,,,299.9912567,,,,
,15570765.97,299.9909363,-7266.54956054687,-12.9209830797583,0.00446459590841429,1,0.999253354069792,40.0298881530762,1.99416866519282,11.6100003942847,-70.232275139826,-13.7735367943468,250,-0.133191139596867,-12.9177974167548,-0.187406573839666,299.990387,299.9914856,-7326.5009765625,-7206.59814453125,56.6407106460637,20.8410848450002,8.884414,0,0,0,40,4449,299.91315,-7266.54956054687,,,,,,,,,,,,,0,,,,19.1744862,,,,,,299.9909363,,,,
,15570767.225,299.99099735,-7141.62670898438,-12.9089771347769,0.00343533230646643,1,0.999253354069792,40.0298881530762,1.99411492085514,11.6100003942847,-70.1613948162982,-13.7807492963826,250,-0.136807777832633,-12.9057786437119,-0.190972601726593,299.990387,299.9916077,-7206.59814453125,-7076.6552734375,56.2905410694483,20.8443353364563,8.512546,0,0,0,40,4449,299.9149,-7141.62670898438,,,,,,,,,,,,,0,,,,18.9848366,,,,,,299.99099735,,,,
,15570768.39,299.99102785,-7021.6767578125,-12.9109275575169,0.00308950556802489,1,0.999253354069792,40.0298881530762,1.99400346757424,11.6100003942847,-70.1714991861946,-13.7641343498698,250,-0.133532307310896,-12.9077423443407,-0.187706558036939,299.990448,299.9916077,-7076.6552734375,-6966.6982421875,57.2191157502945,20.842094707383,9.256284,0,0,0,40,4449,299.91625,-7021.6767578125,,,,,,,,,,,,,0,,,,18.795187,,,,,,299.99102785,,,,
,15570769.51,299.99136355,-6911.71997070312,-12.9091048201031,0.00370881196859525,1,0.999253354069792,40.0298881530762,1.9940656473117,11.6100003942847,-70.169045457091,-13.7339134863783,250,-0.128243369414584,-12.9059419574108,-0.182411635992692,299.990448,299.9922791,-6966.6982421875,-6856.74169921875,57.1823792098907,20.8431774413853,9.256284,0,0,0,40,4449,299.91715,-6911.71997070312,,,,,,,,,,,,,0,,,,18.88954735,,,,,,299.99136355,,,,
,15570770.69,299.99203495,-6796.67944335938,-12.9085672595681,0.00342338797575221,1,0.999253354069792,40.0298881530762,1.9940384012949,11.6100003942847,-70.1636928217715,-13.7412134415718,250,-0.129716293924796,-12.9053979000627,-0.183882959700125,299.9917908,299.9922791,-6856.74169921875,-6736.6171875,56.381209977679,20.8418335167081,8.512546,0,0,0,40,4449,299.9165,-6796.67944335938,,,,,,,,,,,,,0,,,,19.07919695,,,,,,299.99203495,,,,
,15570771.675,299.9917908,-6696.45971679688,-12.8956680323027,0.00337746936766389,1,0.999253354069792,40.0298881530762,1.99418544971491,11.6100003942847,-70.0956527581901,-13.7444684414274,250,-0.132523765528276,-12.8924895475331,-0.186636431262958,299.9917908,299.9917908,-6736.6171875,-6656.30224609375,56.2631840712752,20.8496952913467,9.256284,0,0,0,40,4449,299.91645,-6696.45971679688,,,,,,,,,,,,,0,,,,18.9848366,,,,,,299.9917908,,,,
,15570772.605,299.99195865,-6601.193359375,-12.9049292750277,0.00369697289931258,1,0.999253354069792,40.0298881530762,1.99387729340799,11.6100003942847,-70.1381934642355,-13.7373351862383,250,-0.129876271478405,-12.9017598937511,-0.184028806942745,299.9917908,299.9921265,-6656.30224609375,-6546.08447265625,56.6938613853714,20.8384919295629,9.256284,0,0,0,40,4449,299.9175,-6601.193359375,,,,,,,,,,,,,0,,,,18.9848366,,,,,,299.99195865,,,,
,15570773.76,299.9929352,-6486.09741210937,-12.8980585294976,0.00361973019033388,1,0.999253354069792,40.0298881530762,1.99422334097109,11.6100003942847,-70.1122419474052,-13.7348646870937,250,-0.130269138491288,-12.894888339718,-0.184393597842495,299.9921265,299.9937439,-6546.08447265625,-6426.1103515625,56.7728058658137,20.8458942782972,9.256284,0,0,0,40,4449,299.9173,-6486.09741210937,,,,,,,,,,,,,0,,,,19.1744862,,,,,,299.9929352,,,,
,15570774.805,299.9929657,-6381.13134765625,-12.8900523077847,0.00412322151826332,1,0.999253354069792,40.0298881530762,1.99408163481854,11.6100003942847,-70.0657261148236,-13.7153590659143,250,-0.128345834843771,-12.8868917193351,-0.182437885437505,299.9921875,299.9937439,-6426.1103515625,-6336.15234375,56.5133051974291,20.8425645717474,9.256284,0,0,0,40,4449,299.91695,-6381.13134765625,,,,,,,,,,,,,0,,,,19.1744862,,,,,,299.9929657,,,,
,15570775.815,299.99258425,-6281.15112304687,-12.8904597069951,0.00362696110886691,1,0.999253354069792,40.0298881530762,1.99410359740397,11.6100003942847,-70.0667681173552,-13.7263240175333,250,-0.130256165388302,-12.8872911383438,-0.184350081793567,299.9921875,299.992981,-6336.15234375,-6226.14990234375,56.4515565444098,20.8417287602945,8.884414,0,0,0,40,4449,299.9177,-6281.15112304687,,,,,,,,,,,,,0,,,,19.07919695,,,,,,299.99258425,,,,
,15570776.925,299.99240115,-6171.11181640625,-12.8863100270196,0.00400660714182705,1,0.999253354069792,40.0298881530762,1.99422184803088,11.6100003942847,-70.055498669869,-13.6836722236723,250,-0.123047655511081,-12.8831725890194,-0.177126225986676,299.9918213,299.992981,-6226.14990234375,-6116.07373046875,56.6055373626983,20.8444245056592,8.512546,0,0,0,40,4449,299.91845,-6171.11181640625,,,,,,,,,,,,,0,,,,18.88954735,,,,,,299.99240115,,,,
,15570777.945,299.9914856,-6066.16772460937,-12.8789236241788,0.00339124831891599,1,0.999253354069792,40.0298881530762,1.99418394582316,11.6100003942847,-70.0026317870845,-13.7371397043,250,-0.134281005009287,-12.8757408933618,-0.18832689843313,299.9911499,299.9918213,-6116.07373046875,-6016.26171875,56.5766171074867,20.8427867903509,8.884414,0,0,0,40,4449,299.919,-6066.16772460937,,,,,,,,,,,,,0,,,,18.795187,,,,,,299.9914856,,,,
,15570779.045,299.99176025,-5956.22509765625,-12.8773424158571,0.00378789697436827,1,0.999253354069792,40.0298881530762,1.99418058653185,11.6100003942847,-69.9992287112567,-13.7068077577803,250,-0.129008081943489,-12.8741819411408,-0.183049094926341,299.9911499,299.9923706,-6016.26171875,-5896.1884765625,56.8955215433329,20.8455557374031,8.884414,0,0,0,40,4449,299.91935,-5956.22509765625,,,,,,,,,,,,,0,,,,18.9848366,,,,,,299.99176025,,,,
,15570780.225,299.99171445,-5841.30834960937,-12.8767431961344,0.00392894230471295,1,0.999253354069792,40.0298881530762,1.99409340183002,11.6100003942847,-69.9982067532881,-13.6774394896214,250,-0.123832660212326,-12.873604494947,-0.177873142866707,299.9910583,299.9923706,-5896.1884765625,-5786.42822265625,56.557076394506,20.8417101761982,8.512546,0,0,0,40,4449,299.9187,-5841.30834960937,,,,,,,,,,,,,0,,,,19.1744862,,,,,,299.99171445,,,,
,15570781.345,299.9915466,-5731.48193359375,-12.8690805753662,0.00367803021337934,1,0.999253354069792,40.0298881530762,1.99387827950935,11.6200000047684,-69.9434527979207,-13.6988284217602,250,-0.129444986546349,-12.8659198596179,-0.183452975390781,299.9910583,299.9920349,-5786.42822265625,-5676.53564453125,56.6102271338137,20.8430244023355,9.256284,0,0,0,40,4449,299.9184,-5731.48193359375,,,,,,,,,,,,,0,,,,19.1744862,,,,,,299.9915466,,,,
,15570782.495,299.99201965,-5616.52099609375,-12.8636401055166,0.00384516819895017,1,0.999253354069792,40.0298881530762,1.99418386920954,11.6100003942847,-69.927901333669,-13.6758177382909,250,-0.125852124835188,-12.8604952902567,-0.179838625687209,299.9920044,299.9920349,-5676.53564453125,-5556.50634765625,56.3077368968713,20.8403743216009,8.884414,0,0,0,40,4449,299.91915,-5616.52099609375,,,,,,,,,,,,,0,,,,19.1744862,,,,,,299.99201965,,,,
,15570784.61,299.992157,-5401.54711914063,-12.8583221142323,0.00296720925134653,1,0.999253354069792,40.0298881530762,1.99409504059782,11.6100003942847,-69.8884145447572,-13.7102367533716,250,-0.133266050308349,-12.8551470063535,-0.187230378670286,299.992157,299.992157,-5406.51953125,-5396.57470703125,56.5226847396598,20.8424692369506,9.256284,0,0,0,40,4449,299.9182,-5401.54711914063,,,,,,,,,,,,,0,,,,19.1744862,,,,,,299.992157,,,,
,15570785.15,299.99212645,-5346.5673828125,-12.8591676959869,0.00261744165088337,1,0.999253354069792,40.0298881530762,1.99413429474091,11.6100003942847,-69.9023636619121,-13.6681951861213,250,-0.125340768614799,-12.8560256845163,-0.179310483193341,299.9920959,299.992157,-5396.57470703125,-5296.56005859375,56.4062220902944,20.8441801983605,8.512546,0,0,0,40,4449,299.9189,-5346.5673828125,,,,,,,,,,,,,0,,,,19.1744862,,,,,,299.99212645,,,,
,15570786.255,299.99171445,-5236.5625,-12.8555440250983,0.00319287321964391,1,0.999253354069792,40.0298881530762,1.99418947012385,11.6200000047684,-69.8886115765721,-13.6428150328685,250,-0.121283860023582,-12.8524198969092,-0.175239972176082,299.991333,299.9920959,-5296.56005859375,-5176.56494140625,56.6618146160829,20.8469959991185,8.884414,0,0,0,40,4449,299.9187,-5236.5625,,,,,,,,,,,,,0,,,,19.1744862,,,,,,299.99171445,,,,
,15570787.48,299.99134825,-5116.62817382812,-12.8480381491447,0.00338835114390903,1,0.999253354069792,40.0298881530762,1.99391550609717,11.6100003942847,-69.8371644303706,-13.6399637952518,250,-0.122486779815304,-12.8449105793204,-0.176411980669608,299.991333,299.9913635,-5176.56494140625,-5056.69140625,56.4804767996214,20.8411839817947,9.256284,0,0,0,40,4449,299.9185,-5116.62817382812,,,,,,,,,,,,,0,,,,18.9848366,,,,,,299.99134825,,,,
,15570788.565,299.9911499,-5006.73510742188,-12.8485490144414,0.0041710726398481,1,0.999253354069792,40.0298881530762,1.99415282293515,11.6100003942847,-69.8485569620852,-13.6393312762084,250,-0.121984814208277,-12.8454234946064,-0.175912711357423,299.9909363,299.9913635,-5056.69140625,-4956.77880859375,57.4551675631022,20.842055243296,9.256284,0,0,0,40,4449,299.91985,-5006.73510742188,,,,,,,,,,,,,0,,,,18.9848366,,,,,,299.9911499,,,,
,15570789.555,299.9915161,-4906.86791992188,-12.8427987281119,0.00255459141171583,1,0.999253354069792,40.0298881530762,1.99396782247305,11.6100003942847,-69.809992198057,-13.6373244156641,250,-0.122908506596525,-12.8396702569565,-0.17681271096169,299.9909363,299.9920959,-4956.77880859375,-4856.95703125,56.4953277414867,20.8404247740735,8.884414,0,0,0,40,4449,299.91995,-4906.86791992188,,,,,,,,,,,,,0,,,,18.9848366,,,,,,299.9915161,,,,
,15570790.655,299.99182125,-4796.9521484375,-12.8337779549222,0.00403114580479805,1,0.999253354069792,40.0298881530762,1.99400980204333,11.6100003942847,-69.7618597950355,-13.6308757890018,250,-0.123344969699817,-12.8306492659221,-0.177211910417927,299.9915466,299.9920959,-4856.95703125,-4736.947265625,57.0643533034868,20.8420144180246,9.256284,0,0,0,40,4449,299.92005,-4796.9521484375,,,,,,,,,,,,,0,,,,18.795187,,,,,,299.99182125,,,,
,15570791.665,299.9914093,-4696.98193359375,-12.8407687038009,0.00336720624462229,1,0.999253354069792,40.0298881530762,1.99421551060202,11.6100003942847,-69.8103897188294,-13.6207506022932,250,-0.119936893801503,-12.8376530104184,-0.173834716274503,299.991272,299.9915466,-4736.947265625,-4657.0166015625,56.3702671784098,20.8425697900856,8.884414,0,0,0,40,4449,299.91925,-4696.98193359375,,,,,,,,,,,,,0,,,,18.9848366,,,,,,299.9914093,,,,
,15570792.665,299.99172975,-4596.9912109375,-12.8343553639716,0.00328902750227357,1,0.999253354069792,40.0298881530762,1.99424589008289,11.6100003942847,-69.7778894148502,-13.6069694871696,250,-0.118558018690604,-12.8312465529373,-0.172429759895882,299.991272,299.9921875,-4657.0166015625,-4536.9658203125,56.689171614256,20.847287614713,9.256284,0,0,0,40,4449,299.91965,-4596.9912109375,,,,,,,,,,,,,0,,,,19.1744862,,,,,,299.99172975,,,,
,15570793.795,299.9918823,-4481.98217773438,-12.8286419519454,0.00318037936293832,1,0.999253354069792,40.0298881530762,1.99404575377674,11.6100003942847,-69.7396154837213,-13.6016648351672,250,-0.118887221401487,-12.8255327809601,-0.172735536859731,299.9915771,299.9921875,-4536.9658203125,-4426.99853515625,56.465625857756,20.8411465143228,8.512546,0,0,0,40,4449,299.9202,-4481.98217773438,,,,,,,,,,,,,0,,,,18.9848366,,,,,,299.9918823,,,,
,15570794.86,299.99182125,-4376.99609375,-12.8282504802482,0.00331952049137034,1,0.999253354069792,40.0298881530762,1.99403374404981,11.6100003942847,-69.7349472332881,-13.6126585740842,250,-0.120992602877153,-12.8251324989913,-0.174839571763156,299.9915771,299.9920654,-4426.99853515625,-4326.99365234375,56.0841911403713,20.8404807204941,9.256284,0,0,0,40,4449,299.92,-4376.99609375,,,,,,,,,,,,,0,,,,18.9848366,,,,,,299.99182125,,,,
,15570795.98,299.9914093,-4267.00415039063,-12.8210650887521,0.00237674099229152,1,0.999253354069792,40.0298881530762,1.9941938424697,11.6100003942847,-69.7067980673991,-13.5766825188869,250,-0.115522671217078,-12.8179716613054,-0.169341271085547,299.9907532,299.9920654,-4326.99365234375,-4207.0146484375,56.3585427506213,20.8423303737862,9.256284,0,0,0,40,4449,299.9201,-4267.00415039063,,,,,,,,,,,,,0,,,,18.9848366,,,,,,299.9914093,,,,
,15570797.165,299.9916382,-4147.12231445313,-12.8226746694095,0.00250951880868703,1,0.999253354069792,40.0298881530762,1.99409805541719,11.6100003942847,-69.7153634661272,-13.5611405045392,250,-0.112486039862166,-12.8195934553715,-0.166312988829072,299.9907532,299.9925232,-4207.0146484375,-4087.22998046875,56.9885353371214,20.8422346814601,9.256284,0,0,0,40,4449,299.91915,-4147.12231445313,,,,,,,,,,,,,0,,,,18.795187,,,,,,299.9916382,,,,
,15570798.345,299.99157715,-4027.2939453125,-12.81751475978,0.00250912325439935,1,0.999253354069792,40.0298881530762,1.99412685256026,11.6100003942847,-69.684312563057,-13.5773262967046,250,-0.116379116431006,-12.8144181856206,-0.170184444956204,299.9906311,299.9925232,-4087.22998046875,-3967.35791015625,56.4476484018137,20.8425500569589,9.256284,0,0,0,40,4449,299.9188,-4027.2939453125,,,,,,,,,,,,,0,,,,18.795187,,,,,,299.99157715,,,,
,15570799.415,299.9919739,-3922.35620117188,-12.8234917265136,0.00224393687726611,1,0.999253354069792,40.0298881530762,1.9940596721826,11.6100003942847,-69.7197733647911,-13.5548592157431,250,-0.111226317648686,-12.8204153133751,-0.165058503514363,299.9906311,299.9933167,-3967.35791015625,-3877.3544921875,56.2584943001598,20.8473276418836,9.628152,0,0,0,40,4449,299.9186,-3922.35620117188,,,,,,,,,,,,,0,,,,18.9848366,,,,,,299.9919739,,,,
,15570800.49,299.99281315,-3817.39404296875,-12.8123895726529,0.00230059422313976,1,0.999253354069792,40.0298881530762,1.99403518096173,11.6100003942847,-69.6603140623966,-13.5335868114936,250,-0.109408031210467,-12.8093226039139,-0.163194471433416,299.9923096,299.9933167,-3877.3544921875,-3757.43359375,56.9056827140829,20.8405602960564,8.512546,0,0,0,40,4449,299.9193,-3817.39404296875,,,,,,,,,,,,,0,,,,18.9848366,,,,,,299.99281315,,,,
,15570801.67,299.99206545,-3697.48474121094,-12.8188164461602,0.00253378250400407,1,0.999253354069792,40.0298881530762,1.9940933947234,11.6100003942847,-69.6960422458618,-13.5472307926387,250,-0.110650359488693,-12.8157432445006,-0.164464116263263,299.9918213,299.9923096,-3757.43359375,-3637.53588867188,55.8317251286598,20.838840567428,9.256284,0,0,0,40,4449,299.92015,-3697.48474121094,,,,,,,,,,,,,0,,,,18.9848366,,,,,,299.99206545,,,,
,15570802.695,299.991745,-3592.51013183594,-12.8188966078593,0.00300355390711155,1,0.999253354069792,40.0298881530762,1.99408429622449,11.6200000047684,-69.6969476606929,-13.5430531904664,250,-0.109878635217817,-12.8158267004731,-0.163693660791852,299.9916687,299.9918213,-3637.53588867188,-3547.484375,56.5172133400252,20.8427846829025,8.512546,0,0,0,40,4449,299.9196,-3592.51013183594,,,,,,,,,,,,,0,,,,19.1744862,,,,,,299.991745,,,,
,15570803.795,299.9920349,-3482.49365234375,-12.805231746953,0.00255988749560305,1,0.999253354069792,40.0298881530762,1.99409201006805,11.6100003942847,-69.6211759333162,-13.5380330117012,250,-0.111480754070175,-12.8021576912137,-0.165238659687889,299.9916687,299.9924011,-3547.484375,-3417.5029296875,56.3733936924867,20.8451668996891,8.884414,0,0,0,40,4449,299.92,-3482.49365234375,,,,,,,,,,,,,0,,,,19.1744862,,,,,,299.9920349,,,,
,15570804.965,299.99243165,-3367.16748046875,-12.7878697892724,0.00240553302049562,1,0.999253354069792,40.0298881530762,1.99407020251384,11.6100003942847,-69.5211605933544,-13.5458325346534,250,-0.116158219295278,-12.7847793479049,-0.16984306857469,299.9924011,299.9924622,-3417.5029296875,-3316.83203125,56.3530713509867,20.8412492572909,8.884414,0,0,0,40,4449,299.9195,-3367.16748046875,,,,,,,,,,,,,0,,,,18.9848366,,,,,,299.99243165,,,,
,15570805.88,299.9924622,-3276.76977539063,-12.7950816832055,0.00416059048895412,1,0.999253354069792,40.0298881530762,1.99407020251384,11.6100003942847,-69.5637945012015,-13.5349915096849,250,-0.112829634081576,-12.7920036852788,-0.166545961612187,299.9924622,299.9924622,-3316.83203125,-3236.70751953125,56.4437402592175,20.8412492572909,8.512546,0,0,0,40,4449,299.9197,-3276.76977539063,,,,,,,,,,,,,0,,,,18.9848366,,,,,,299.9924622,,,,
,15570806.83,299.9919739,-3181.68920898438,-12.7871228590375,0.00356020167216472,1,0.999253354069792,40.0298881530762,1.99414802571603,11.6100003942847,-69.5274920776267,-13.5037819871656,250,-0.108479603687578,-12.7840649389878,-0.162163791137428,299.9914856,299.9924622,-3236.70751953125,-3126.6708984375,56.6751023009098,20.8402972509499,8.884414,0,0,0,40,4449,299.92055,-3181.68920898438,,,,,,,,,,,,,0,,,,18.9848366,,,,,,299.9919739,,,,
,15570807.9,299.99186705,-3071.75561523438,-12.7964148352076,0.00260283107343427,1,0.999253354069792,40.0298881530762,1.99417112894334,11.6100003942847,-69.5808311887633,-13.5027996688324,250,-0.106547412142871,-12.7933631082621,-0.1602717915321,299.9914856,299.9922485,-3126.6708984375,-3016.84033203125,56.4281076888329,20.844495580183,9.256284,0,0,0,40,4449,299.92005,-3071.75561523438,,,,,,,,,,,,,0,,,,18.795187,,,,,,299.99186705,,,,
,15570808.945,299.9928894,-2966.77954101562,-12.7946494253242,0.00309867367364767,1,0.999253354069792,40.0298881530762,1.99424230061011,11.6100003942847,-69.5727703460427,-13.5061472671416,250,-0.107402731228477,-12.7915939242139,-0.161120072332888,299.9922485,299.9935303,-3016.84033203125,-2916.71875,56.5883415352752,20.848133164035,8.512546,0,0,0,40,4449,299.9204,-2966.77954101562,,,,,,,,,,,,,0,,,,18.9848366,,,,,,299.9928894,,,,
,15570810.915,299.9913025,-2766.59020996094,-12.7645100929184,0.00270596371320491,1,0.999253354069792,40.0298881530762,1.99410536501733,11.6100003942847,-69.3979845732621,-13.5071669569249,250,-0.11334388211423,-12.7614364317893,-0.166934262773441,299.9913025,299.9913025,-2776.56787109375,-2756.61254882813,56.1834579623136,20.8415829828568,9.256284,0,0,0,40,4449,299.9221,-2766.59020996094,,,,,,,,,,,,,0,,,,19.1744862,,,,,,299.9913025,,,,
,15570811.525,299.9917145,-2706.62756347656,-12.7687476067859,0.00292566319769159,1,0.999253354069792,40.0298881530762,1.99419871879716,11.6100003942847,-69.431505971796,-13.4728141206131,250,-0.106136257048557,-12.7657030774767,-0.159746708235446,299.9913025,299.9921265,-2756.61254882813,-2656.642578125,56.4374872310637,20.8510619235021,9.256284,0,0,0,40,4449,299.91995,-2706.62756347656,,,,,,,,,,,,,0,,,,19.1744862,,,,,,299.9917145,,,,
,15570812.56,299.9920807,-2606.69250488281,-12.7795911292412,0.00237468578327567,1,0.999253354069792,40.0298881530762,1.99411553481313,11.6100003942847,-69.4900396452236,-13.4707744577389,250,-0.10385092141498,-12.7765537455387,-0.157508082589881,299.9920349,299.9921265,-2656.642578125,-2556.74243164062,56.7087123272368,20.840848697784,8.512546,0,0,0,40,4449,299.9194,-2606.69250488281,,,,,,,,,,,,,0,,,,19.1744862,,,,,,299.9920807,,,,
,15570813.67,299.99191285,-2496.78857421875,-12.7946674788106,0.00339182903449077,1,0.999253354069792,40.0298881530762,1.99414667724485,11.6100003942847,-69.5725171858219,-13.489895658495,250,-0.104528273495438,-12.7916242121234,-0.158249081689979,299.9917908,299.9920349,-2556.74243164062,-2436.83471679687,56.7595181809868,20.8448547020336,9.256284,0,0,0,40,4449,299.92025,-2496.78857421875,,,,,,,,,,,,,0,,,,19.1744862,,,,,,299.99191285,,,,
,15570814.695,299.99246215,-2391.85961914062,-12.8304945366702,0.00423357896651917,1,0.999253354069792,40.0298881530762,1.99407985056558,11.6100003942847,-69.7726530420481,-13.4862249513134,250,-0.0972909836131868,-12.8274740445856,-0.151164439502462,299.9917908,299.9931335,-2436.83471679687,-2346.88452148438,56.5852150211983,20.8414094393505,9.256284,0,0,0,40,4449,299.91985,-2391.85961914062,,,,,,,,,,,,,0,,,,18.9848366,,,,,,299.99246215,,,,
,15570815.71,299.993103,-2291.93774414062,-12.8440828915685,0.00357508904713051,1,0.999253354069792,40.0298881530762,1.99429636882483,11.6100003942847,-69.8554697656938,-13.493680752762,250,-0.0958776396988954,-12.8410652120916,-0.149808976266462,299.9930725,299.9931335,-2346.88452148438,-2236.99096679687,56.4679707433137,20.8345394772978,8.512546,0,0,0,40,4449,299.9201,-2291.93774414062,,,,,,,,,,,,,0,,,,18.795187,,,,,,299.993103,,,,
,15570816.835,299.99238585,-2181.96008300781,-12.8880291047669,0.00589256205989687,1,0.999253354069792,40.0298881530762,1.99444757366401,11.6100003942847,-70.1015191183704,-13.5308466396466,250,-0.0943684445118809,-12.8850091048139,-0.148485195609091,299.9916992,299.9930725,-2236.99096679687,-2126.92919921875,56.699332785006,20.8355741343561,9.256284,0,0,0,40,4449,299.92065,-2181.96008300781,,,,,,,,,,,,,0,,,,18.9848366,,,,,,299.99238585,,,,
,15570817.845,299.99165345,-2081.94445800781,-12.9162463189877,0.00625965326281402,1,0.999253354069792,40.0298881530762,1.99479952123592,11.6100003942847,-70.2638039073546,-13.5805171062756,250,-0.0978261446445557,-12.9132063614859,-0.152061084676864,299.9916077,299.9916992,-2126.92919921875,-2036.95971679687,56.9291315696599,20.8392538269278,8.512546,0,0,0,40,4449,299.9216,-2081.94445800781,,,,,,,,,,,,,0,,,,18.9848366,,,,,,299.99165345,,,,
,15570818.86,299.9913483,-1976.90301513672,-12.9095608889742,0.00423805436341031,1,0.999253354069792,40.0298881530762,1.99483376251432,11.6100003942847,-70.2288134801919,-13.5726236687554,250,-0.0975744599990254,-12.9065234205618,-0.151782077003734,299.9910889,299.9916077,-2036.95971679687,-1916.84631347656,56.4304525743906,20.8371887272891,8.512546,0,0,0,40,4449,299.92105,-1976.90301513672,,,,,,,,,,,,,0,,,,18.795187,,,,,,299.9913483,,,,
,15570819.95,299.99169925,-1866.90411376953,-12.9103951015577,0.0040062857452944,1,0.999253354069792,40.0298881530762,1.99456909524327,11.6100003942847,-70.2232038235354,-13.5774715993577,250,-0.0986313907158181,-12.9073527779975,-0.152843043618323,299.9910889,299.9923096,-1916.84631347656,-1816.9619140625,56.668849272756,20.8379975731857,9.256284,0,0,0,40,4449,299.9204,-1866.90411376953,,,,,,,,,,,,,0,,,,18.795187,,,,,,299.99169925,,,,
,15570820.93,299.9923096,-1771.98107910156,-12.9014451282525,0.00392622441084736,1,0.999253354069792,40.0298881530762,1.99489522786504,11.6100003942847,-70.1850235039077,-13.5739072246046,250,-0.0992389548118933,-12.8984017238715,-0.153413458631477,299.9923096,299.9923096,-1816.9619140625,-1727.00024414062,56.4664074862752,20.8340110589696,9.256284,0,0,0,40,4449,299.92015,-1771.98107910156,,,,,,,,,,,,,0,,,,18.88954735,,,,,,299.9923096,,,,
,15570822.025,299.99188235,-1662.06665039062,-12.9107341421898,0.00519095142152381,1,0.999253354069792,40.0298881530762,1.99467850676762,11.6100003942847,-70.2333176491248,-13.554205928343,250,-0.0941635381099043,-12.9077103616158,-0.148378179468781,299.9914551,299.9923096,-1727.00024414062,-1597.13305664062,56.679010443506,20.8316702596911,8.884414,0,0,0,40,4449,299.92255,-1662.06665039062,,,,,,,,,,,,,0,,,,18.88954735,,,,,,299.99188235,,,,
,15570823.055,299.9914551,-1557.14025878906,-12.9066773518486,0.00665764109396231,1,0.999253354069792,40.0298881530762,1.99455994828136,11.6100003942847,-70.2028601462235,-13.5724665083989,250,-0.0984122792371987,-12.9036367410601,-0.152609128529186,299.9914551,299.9914551,-1597.13305664062,-1517.1474609375,56.5695824508137,20.8330613921187,8.884414,0,0,0,40,4449,299.92465,-1557.14025878906,,,,,,,,,,,,,0,,,,18.795187,,,,,,299.9914551,,,,
,15570823.96,299.99183655,-1467.14562988281,-12.9058488301099,0.00600792630496315,1,0.999253354069792,40.0298881530762,1.99478403681058,11.6100003942847,-70.2086429125531,-13.5590510273816,250,-0.0958297853019233,-12.9028189892424,-0.150024302935346,299.9914551,299.992218,-1517.1474609375,-1417.14379882812,56.8040710065829,20.8381335060545,9.256284,0,0,0,40,4449,299.92395,-1467.14562988281,,,,,,,,,,,,,0,,,,18.9848366,,,,,,299.99183655,,,,
,15570825.09,299.99194335,-1357.17974853516,-12.882335486305,0.00336871013469761,1,0.999253354069792,40.0298881530762,1.99484709235806,11.6100003942847,-70.0860316803974,-13.5178121897662,250,-0.0925431714810792,-12.8793241680141,-0.146639771644768,299.9916687,299.992218,-1417.14379882812,-1297.21569824219,56.5492601093137,20.8413129085418,9.256284,0,0,0,40,4449,299.92575,-1357.17974853516,,,,,,,,,,,,,0,,,,19.1744862,,,,,,299.99194335,,,,
,15570826.295,299.99220275,-1237.18347167969,-12.8768011503409,0.0030353217842801,1,0.999253354069792,40.0298881530762,1.99502217720135,11.6100003942847,-70.0589471693962,-13.5291697273834,250,-0.0954413633453521,-12.87377861579,-0.149514555451762,299.9916687,299.9927368,-1297.21569824219,-1177.15124511719,56.719655126506,20.8392594848771,9.256284,0,0,0,40,4449,299.9266,-1237.18347167969,,,,,,,,,,,,,0,,,,18.9848366,,,,,,299.99220275,,,,
,15570827.405,299.9927368,-1122.22821044922,-12.8856832465796,0.00735048830622694,1,0.999253354069792,40.0298881530762,1.99487527193019,11.6100003942847,-70.1028698479302,-13.5341192853743,250,-0.0948805303636161,-12.8826609355028,-0.148991818466876,299.9927368,299.9927368,-1177.15124511719,-1067.30517578125,57.0948368157368,20.8300785918771,9.256284,0,0,0,40,4449,299.92615,-1122.22821044922,,,,,,,,,,,,,0,,,,18.795187,,,,,,299.9927368,,,,
,15570828.53,299.99316405,-1007.34454345703,-12.9093168194465,0.00337322770806491,1,0.999253354069792,40.0298881530762,1.99469479559275,11.6100003942847,-70.2178101069167,-13.5978634040925,250,-0.10241840303063,-12.906257747666,-0.156628193009155,299.9927368,299.9935913,-1067.30517578125,-947.383911132813,55.9888324610252,20.83755939269,9.256284,0,0,0,40,4449,299.92525,-1007.34454345703,,,,,,,,,,,,,0,,,,18.9848366,,,,,,299.99316405,,,,
,15570829.595,299.9931488,-902.450317382813,-12.914218905182,0.00303936957655139,1,0.999253354069792,40.0298881530762,1.99474636406726,11.6100003942847,-70.2532717856514,-13.5654717381402,250,-0.0954996063512461,-12.9111878354734,-0.149732086230213,299.9927063,299.9935913,-947.383911132813,-857.516723632813,56.482821685179,20.8408828661886,8.884414,0,0,0,40,4449,299.9244,-902.450317382813,,,,,,,,,,,,,0,,,,19.1744862,,,,,,299.9931488,,,,
,15570830.62,299.99269105,-802.503753662109,-12.8932182596628,0.00354042972698898,1,0.999253354069792,40.0298881530762,1.99516293568486,11.6100003942847,-70.1589165559129,-13.5159307157578,250,-0.0897941062323046,-12.8902156180461,-0.143939859148674,299.9926758,299.9927063,-857.516723632813,-747.490783691406,56.5820885071214,20.8350011061179,9.256284,0,0,0,40,4449,299.92505,-802.503753662109,,,,,,,,,,,,,0,,,,18.9848366,,,,,,299.99269105,,,,
,15570831.745,299.9932556,-687.580474853516,-12.8734381000029,0.00420433598121106,1,0.999253354069792,40.0298881530762,1.99493270445622,11.6100003942847,-70.0417299549061,-13.5026804735036,250,-0.0913083221118089,-12.8704327821356,-0.145371385508584,299.9926758,299.9938354,-747.490783691406,-627.670166015625,56.5594212800637,20.8390049023883,8.512546,0,0,0,40,4449,299.92415,-687.580474853516,,,,,,,,,,,,,0,,,,18.88954735,,,,,,299.9932556,,,,
,15570832.855,299.99304195,-577.675994873047,-12.8893919370941,0.0100473061171719,1,0.999253354069792,40.0298881530762,1.99479690482814,11.6100003942847,-70.1254333296553,-13.5101275162559,250,-0.0898807535443249,-12.8863893957931,-0.144011832125565,299.9922485,299.9938354,-627.670166015625,-527.681823730469,56.8783257159099,20.8412315190521,9.256284,0,0,0,40,4449,299.92315,-577.675994873047,,,,,,,,,,,,,0,,,,18.88954735,,,,,,299.99304195,,,,
,15570833.87,299.99230955,-477.704498291016,-12.8580058140289,0.00321592114128823,1,0.999253354069792,40.0298881530762,1.99479690482814,11.6100003942847,-69.9502679839812,-13.5010071819231,250,-0.0940260736853354,-12.8549925455393,-0.148024946557626,299.9922485,299.9923706,-527.681823730469,-427.727172851562,56.455464687006,20.8412315190521,8.512546,0,0,0,40,4449,299.92285,-477.704498291016,,,,,,,,,,,,,0,,,,18.9848366,,,,,,299.99230955,,,,
,15570834.87,299.99331665,-377.807510375977,-12.8657980153824,0.00281497206464593,1,0.999253354069792,40.0298881530762,1.99494970669536,11.6100003942847,-70.0019190334947,-13.4884336753685,250,-0.0900878489426099,-12.8627991848871,-0.144120662919392,299.9923706,299.9942627,-427.727172851562,-327.887847900391,56.4812584281406,20.8373426948181,9.256284,0,0,0,40,4449,299.92285,-377.807510375977,,,,,,,,,,,,,0,,,,18.9848366,,,,,,299.99331665,,,,
,15570835.855,299.9938965,-282.9111328125,-12.8538114310346,0.00182428919626203,1,0.999253354069792,40.0298881530762,1.99489688547891,11.6100003942847,-69.933658396821,-13.4821813022353,250,-0.0912264487519692,-12.8508099396395,-0.145209091724397,299.9935303,299.9942627,-327.887847900391,-237.934417724609,56.282724784256,20.8375244623682,8.884414,0,0,0,40,4449,299.9226,-282.9111328125,,,,,,,,,,,,,0,,,,18.9848366,,,,,,299.9938965,,,,
,15570836.89,299.99375915,-177.971668243408,-12.8701761681696,0.00319442546442315,1,0.999253354069792,40.0298881530762,1.99496284798231,11.6100003942847,-70.0225011731147,-13.5129931650984,250,-0.093766947198306,-12.8671606589131,-0.147818555936391,299.9935303,299.993988,-237.934417724609,-118.008918762207,56.8783257159099,20.8393640805718,9.256284,0,0,0,40,4449,299.92095,-177.971668243408,,,,,,,,,,,,,0,,,,18.9848366,,,,,,299.99375915,,,,
,15570838.015,299.9932861,-63.0712738037109,-12.8767953127297,0.00229509928368936,1,0.999253354069792,40.0298881530762,1.99468167500198,11.6100003942847,-70.0461771807081,-13.53270590834,250,-0.0964986480886913,-12.8737671483356,-0.150578034684623,299.9925842,299.993988,-118.008918762207,-8.13362884521484,56.4953277414867,20.8388313072847,9.256284,0,0,0,40,4449,299.9202,-63.0712738037109,,,,,,,,,,,,,0,,,,18.795187,,,,,,299.9932861,,,,
,15570838.945,299.9935608,31.8764343261719,-12.8707735639095,0.00161513231751409,1,0.999253354069792,40.0298881530762,1.99431682690823,11.6100003942847,-69.9975778057818,-13.542068270181,250,-0.099777314447889,-12.8677327091135,-0.153830846660098,299.9925842,299.9945374,-8.13362884521484,71.8864974975586,56.401532319179,20.8375955099285,9.256284,0,0,0,40,4449,299.92005,31.8764343261719,,,,,,,,,,,,,0,,,,18.9848366,,,,,,299.9935608,,,,
,15570839.945,299.9936829,131.803874969482,-12.9042827661449,0.00349847829134226,1,0.999253354069792,40.0298881530762,1.99410923071364,11.6100003942847,-70.1652471259754,-13.616111650156,250,-0.107412736315756,-12.9012029821814,-0.161605181720581,299.9928284,299.9945374,71.8864974975586,191.721252441406,55.8856574964867,20.8432321013926,8.884414,0,0,0,40,4449,299.92015,131.803874969482,,,,,,,,,,,,,0,,,,18.9848366,,,,,,299.9936829,,,,
,15570841.04,299.9930878,241.730499267578,-12.9400518159625,0.00345540057813009,1,0.999253354069792,40.0298881530762,1.99418876142652,11.6100003942847,-70.352924768749,-13.705881980947,250,-0.117167062849737,-12.9369241175227,-0.171507160600883,299.9928284,299.9933472,191.721252441406,291.73974609375,56.0216608588328,20.8465383015228,9.256284,0,0,0,40,4449,299.92135,241.730499267578,,,,,,,,,,,,,0,,,,18.9848366,,,,,,299.9930878,,,,
,15570842.015,299.99279785,336.689804077148,-12.9958047804905,0.00421170340250408,1,0.999253354069792,40.0298881530762,1.99414875338342,11.6100003942847,-70.6461069843561,-13.8108072303643,250,-0.126144768008398,-12.9926281586271,-0.180717176382603,299.9922485,299.9933472,291.73974609375,381.639862060547,56.5641110511791,20.844520464561,8.884414,0,0,0,40,4449,299.9201,336.689804077148,,,,,,,,,,,,,0,,,,19.1744862,,,,,,299.99279785,,,,
,15570843.095,299.9925842,441.647811889648,-13.04016619327,0.00631519164383388,1,0.999253354069792,40.0298881530762,1.99411791362398,11.6100003942847,-70.8825954869233,-13.8771295997308,250,-0.130135752387001,-13.0369638999627,-0.184893467264185,299.9922485,299.9929199,381.639862060547,501.65576171875,57.8522348508715,20.8399595836922,8.884414,0,0,0,40,4449,299.9193,441.647811889648,,,,,,,,,,,,,0,,,,18.9848366,,,,,,299.9925842,,,,
,15570844.275,299.99293515,561.612152099609,-13.0441834639662,0.0114116318836849,1,0.999253354069792,40.0298881530762,1.99441056428106,11.6100003942847,-70.9228480899412,-13.8387844817178,250,-0.121986872166139,-13.0410145059561,-0.176762305290129,299.9929199,299.9929504,501.65576171875,621.568542480469,56.6454004171791,20.8508089265221,9.256284,0,0,0,40,4449,299.9207,561.612152099609,,,,,,,,,,,,,0,,,,18.9848366,,,,,,299.99293515,,,,
,15570845.44,299.992691,681.442169189453,-13.0207892550714,0.0129734193612642,1,0.999253354069792,40.0298881530762,1.99435122548613,11.6100003942847,-70.7937574519546,-13.8127062068293,250,-0.121610997224834,-13.0176268135073,-0.176287702835396,299.9924316,299.9929504,621.568542480469,741.315795898438,57.0792042453522,20.8420784989765,9.256284,0,0,0,40,4449,299.92065,681.442169189453,,,,,,,,,,,,,0,,,,19.1744862,,,,,,299.992691,,,,
,15570846.54,299.99223325,791.254089355469,-13.0905995339871,0.0132941401755153,1,0.999253354069792,40.0298881530762,1.9944226196993,11.6100003942847,-71.1724095032649,-13.9055320483585,250,-0.125620939681227,-13.0874063404076,-0.180589275859704,299.9920349,299.9924316,741.315795898438,841.1923828125,56.3687039213713,20.8480714826438,9.256284,0,0,0,40,4449,299.92215,791.254089355469,,,,,,,,,,,,,0,,,,18.9848366,,,,,,299.99223325,,,,
,15570847.96,299.9924164,931.085266113281,-13.0966825973922,0.0101510516896539,1,0.999253354069792,40.0298881530762,1.99441757995608,11.6100003942847,-71.1994435380142,-13.9435799084331,250,-0.131485516539741,-13.0934635103294,-0.186477553820895,299.9920349,299.9927979,841.1923828125,1020.97814941406,56.7571732954291,20.843976534433,9.256284,0,0,0,40,4449,299.9221,931.085266113281,,,,,,,,,,,,,0,,,,18.9848366,,,,,,299.9924164,,,,
,15570849.415,299.9923401,1075.94647216797,-13.0799781942694,0.00990884267487443,1,0.999253354069792,40.0298881530762,1.99431587115036,11.6100003942847,-71.1055344055206,-13.9227379173661,250,-0.130883749160694,-13.0767650941216,-0.185805541067144,299.9918823,299.9927979,1020.97814941406,1130.91479492188,56.9236601700253,20.8441271073145,9.256284,0,0,0,40,4449,299.9197,1075.94647216797,,,,,,,,,,,,,0,,,,19.07919695,,,,,,299.9923401,,,,
,15570850.425,299.9918823,1175.85144042969,-13.0533638593779,0.0146243391247717,1,0.999253354069792,40.0298881530762,1.99431708421001,11.6100003942847,-70.959289236028,-13.9030862674681,250,-0.132209572182345,-13.0501508747607,-0.187018864304188,299.9918823,299.9918823,1130.91479492188,1220.7880859375,56.5523866233906,20.8453158551472,8.884414,0,0,0,40,4449,299.91935,1175.85144042969,,,,,,,,,,,,,0,,,,19.07919695,,,,,,299.9918823,,,,
,15570851.48,299.9915466,1280.80413818359,-13.0824847235869,0.0130580531087005,1,0.999253354069792,40.0298881530762,1.99435178345407,11.6100003942847,-71.1151703683848,-13.9539161517235,250,-0.136099653038804,-13.0792497057254,-0.191029788524219,299.9912109,299.9918823,1220.7880859375,1340.82019042969,56.4710972573906,20.8461437754107,9.256284,0,0,0,40,4449,299.9201,1280.80413818359,,,,,,,,,,,,,0,,,,19.1744862,,,,,,299.9915466,,,,
,15570852.68,299.991806,1400.70568847656,-13.0864536530277,0.0102873663357503,1,0.999253354069792,40.0298881530762,1.99434745852943,11.6100003942847,-71.1439394038707,-13.9185099695534,250,-0.128868906727541,-13.0832481458821,-0.183816547829078,299.9912109,299.9924011,1340.82019042969,1460.59118652344,56.5711457078521,20.8454325045219,9.256284,0,0,0,40,4449,299.92015,1400.70568847656,,,,,,,,,,,,,0,,,,19.1744862,,,,,,299.991806,,,,
,15570853.75,299.9920807,1510.54125976562,-13.0513331906485,0.0113634191213384,1,0.999253354069792,40.0298881530762,1.99438327020152,11.6100003942847,-70.9509876652726,-13.8989937808425,250,-0.131754028114938,-13.0481226427308,-0.18655297387883,299.9917603,299.9924011,1460.59118652344,1560.49133300781,56.5852150211983,20.8492697359782,8.512546,0,0,0,40,4449,299.9201,1510.54125976562,,,,,,,,,,,,,0,,,,19.1744862,,,,,,299.9920807,,,,
,15570854.745,299.99195865,1610.3505859375,-13.0608730899206,0.00984227929586315,1,0.999253354069792,40.0298881530762,1.99436178355877,11.6100003942847,-70.998149362631,-13.9303354541178,250,-0.13576691443782,-13.0576438661734,-0.190604517430662,299.9917603,299.992157,1560.49133300781,1660.20983886719,56.7055858131598,20.8425768341819,8.884414,0,0,0,40,4449,299.9204,1610.3505859375,,,,,,,,,,,,,0,,,,18.9848366,,,,,,299.99195865,,,,
,15570855.83,299.9924927,1715.09490966797,-13.0697551261766,0.00841281281735088,1,0.999253354069792,40.0298881530762,1.994222083279,11.6100003942847,-71.0386547702664,-13.9546233398614,250,-0.138754544688058,-13.0665113109424,-0.193628622583647,299.992157,299.9928284,1660.20983886719,1769.97998046875,56.9502355396791,20.8450101423556,9.256284,0,0,0,40,4449,299.9188,1715.09490966797,,,,,,,,,,,,,0,,,,18.9848366,,,,,,299.9924927,,,,
,15570856.905,299.99295045,1824.92163085938,-13.0715780762739,0.00862507168248519,1,0.999253354069792,40.0298881530762,1.99435773362513,11.6100003942847,-71.0467954628905,-13.9924322551727,250,-0.145189282129999,-13.0683067140191,-0.200069011498256,299.9928284,299.9930725,1769.97998046875,1879.86328125,56.7290346687368,20.8429161278919,9.256284,0,0,0,40,4449,299.9192,1824.92163085938,,,,,,,,,,,,,0,,,,18.9848366,,,,,,299.99295045,,,,
,15570858,299.99298095,1934.88452148438,-13.0785715134318,0.00881497318752201,1,0.999253354069792,40.0298881530762,1.99434509436204,11.6100003942847,-71.0956714708115,-13.9388729297624,250,-0.134075507877711,-13.0753455152818,-0.188985785405327,299.9928894,299.9930725,1879.86328125,1989.90576171875,58.0312277817754,20.8434061751479,8.884414,0,0,0,40,4449,299.9214,1934.88452148438,,,,,,,,,,,,,0,,,,18.9848366,,,,,,299.99298095,,,,
,15570859.165,299.9920807,2049.83093261719,-13.0538059546763,0.00717420346553095,1,0.999253354069792,40.0298881530762,1.99441153311975,11.6100003942847,-70.9530717251184,-13.9683710757085,250,-0.144001209700153,-13.0505438074323,-0.198804805465141,299.991272,299.9928894,1989.90576171875,2109.75610351562,56.7657712091406,20.8479857246485,8.884414,0,0,0,40,4449,299.92135,2049.83093261719,,,,,,,,,,,,,0,,,,19.1744862,,,,,,299.9920807,,,,
,15570860.33,299.9915924,2164.70373535156,-13.0386778702115,0.00934090264817815,1,0.999253354069792,40.0298881530762,1.99437224769273,11.6100003942847,-70.8701302089097,-13.948434639553,250,-0.143195933271588,-13.0354224965655,-0.197935441778127,299.991272,299.9919128,2109.75610351562,2219.6513671875,57.2769562607176,20.8436551924474,8.884414,0,0,0,40,4449,299.9216,2164.70373535156,,,,,,,,,,,,,0,,,,19.07919695,,,,,,299.9915924,,,,
,15570861.36,299.99142455,2264.13940429687,-13.0649067140486,0.0125861145367919,1,0.999253354069792,40.0298881530762,1.99423901287245,11.6100003942847,-70.9957529588627,-14.0420044786376,250,-0.155680789456205,-13.0615937231175,-0.210527174197763,299.9909363,299.9919128,2219.6513671875,2308.62744140625,56.6625962446021,20.8446416982546,9.256284,0,0,0,40,4449,299.92245,2264.13940429687,,,,,,,,,,,,,0,,,,18.9839077,,,,,,299.99142455,,,,
,15570862.38,299.99154665,2367.80541992187,-13.0489364944528,0.00693542553739493,1,0.999253354069792,40.0298881530762,1.99416285588733,11.6100003942847,-70.9193679735004,-13.9540035387096,250,-0.142579488068922,-13.0456817656183,-0.197361092132186,299.9909363,299.992157,2308.62744140625,2426.9833984375,56.7157469839098,20.8393177879333,8.884414,0,0,0,40,4449,299.92135,2367.80541992187,,,,,,,,,,,,,0,,,,19.07919695,,,,,,299.99154665,,,,
,15570863.54,299.99183655,2488.46472167969,-13.0541630358935,0.00581885295821716,1,0.999253354069792,40.0298881530762,1.9942846639314,11.6100003942847,-70.9425538898012,-14.011354483867,250,-0.151988690805708,-13.0508676422129,-0.206789774329321,299.9915161,299.992157,2426.9833984375,2549.94604492187,56.5039256551983,20.8424748728412,8.512546,0,0,0,40,4449,299.92065,2488.46472167969,,,,,,,,,,,,,0,,,,18.9848366,,,,,,299.99183655,,,,
,15570864.565,299.9919586,2590.19030761719,-13.0542945536218,0.00666350166679233,1,0.999253354069792,40.0298881530762,1.99427490782563,11.6100003942847,-70.9420769921825,-14.0160310090215,250,-0.152836020807523,-13.0509955999908,-0.207636707808911,299.9915161,299.9924011,2549.94604492187,2630.4345703125,56.5179949685444,20.8460026317808,9.628152,0,0,0,40,4449,299.92145,2590.19030761719,,,,,,,,,,,,,0,,,,18.9848366,,,,,,299.9919586,,,,
,15570866.39,299.992157,2775.48815917969,-13.0298764424109,0.00683898933166668,1,0.999253354069792,40.0298881530762,1.99434482485556,11.6100003942847,-70.8148325035147,-13.9739381803054,250,-0.149548566347284,-13.0265962957828,-0.20424621803603,299.992157,299.992157,2770.48974609375,2780.48657226562,57.2480360055061,20.846994980187,9.256284,0,0,0,40,4449,299.9216,2775.48815917969,,,,,,,,,,,,,0,,,,19.1744862,,,,,,299.992157,,,,
,15570866.985,299.99206545,2835.38305664062,-13.0225337391239,0.0046347488830381,1,0.999253354069792,40.0298881530762,1.99424730718456,11.6100003942847,-70.7670495638953,-13.9896830637892,250,-0.153923818772104,-13.0192367922366,-0.208589389658576,299.9919739,299.992157,2780.48657226562,2890.27954101562,56.5602029085829,20.8450365522522,8.512546,0,0,0,40,4449,299.92155,2835.38305664062,,,,,,,,,,,,,0,,,,18.9848366,,,,,,299.99206545,,,,
,15570868.205,299.99195865,2955.1494140625,-13.0012366011193,0.00676931146415493,1,0.999253354069792,40.0298881530762,1.99426135268926,11.6100003942847,-70.6523642915965,-13.9638709157878,250,-0.153116695966604,-12.9979475221271,-0.207692136632721,299.9919434,299.9919739,2890.27954101562,3020.01928710937,56.4281076888329,20.8413702390712,8.512546,0,0,0,40,4449,299.9221,2955.1494140625,,,,,,,,,,,,,0,,,,18.88954735,,,,,,299.99195865,,,,
,15570869.355,299.9922333,3069.98327636719,-12.999788712666,0.00703752642441872,1,0.999253354069792,40.0298881530762,1.99421107610777,11.6100003942847,-70.6320559023862,-14.0196947819059,250,-0.163699454999993,-12.9964554452263,-0.218265774639292,299.9919434,299.9925232,3020.01928710937,3119.947265625,57.3113479155637,20.8418211976846,8.512546,0,0,0,40,4449,299.92295,3069.98327636719,,,,,,,,,,,,,0,,,,18.88954735,,,,,,299.9922333,,,,
,15570870.445,299.9924469,3180.08935546875,-12.9961846424436,0.00554310742773046,1,0.999253354069792,40.0298881530762,1.99427591899343,11.6100003942847,-70.6162650185481,-14.0078789633004,250,-0.16211770352409,-12.9928587689072,-0.216668120442395,299.9923706,299.9925232,3119.947265625,3240.2314453125,57.1737812961791,20.8428545396184,8.884414,0,0,0,40,4449,299.92485,3180.08935546875,,,,,,,,,,,,,0,,,,18.795187,,,,,,299.9924469,,,,
,15570871.615,299.9921417,3295.24572753906,-12.9800458905022,0.00653093810243718,1,0.999253354069792,40.0298881530762,1.99433060294841,11.6100003942847,-70.5351267877249,-13.9656914544819,250,-0.157296546584067,-12.976743804769,-0.211779173714412,299.9919128,299.9923706,3240.2314453125,3350.26000976562,56.5734905934098,20.8432367003185,9.256284,0,0,0,40,4449,299.92615,3295.24572753906,,,,,,,,,,,,,0,,,,18.9848366,,,,,,299.9921417,,,,
,15570872.685,299.9921417,3400.2763671875,-12.972146343583,0.00657068622141031,1,0.999253354069792,40.0298881530762,1.99413528118169,11.6100003942847,-70.4845128621373,-13.9610161789993,250,-0.158148109483626,-12.9688423299118,-0.212597012485203,299.9919128,299.9923706,3350.26000976562,3450.29272460937,57.0213637349291,20.8367259618777,8.884414,0,0,0,40,4449,299.92485,3400.2763671875,,,,,,,,,,,,,0,,,,18.9848366,,,,,,299.9921417,,,,
,15570873.805,299.99263,3510.19641113281,-12.9847623991297,0.00813494885424881,1,0.999253354069792,40.0298881530762,1.99438362900454,11.6100003942847,-70.5603794831326,-13.9830225777549,250,-0.159538395058032,-12.9814497937923,-0.214039555764625,299.9923706,299.9928894,3450.29272460937,3570.10009765625,56.6094455052945,20.8343384980605,8.512546,0,0,0,40,4449,299.9237,3510.19641113281,,,,,,,,,,,,,0,,,,18.88954735,,,,,,299.99263,,,,
,15570874.915,299.9925537,3625.08630371094,-13.0103163774875,0.00874086580308478,1,0.999253354069792,40.0298881530762,1.99437399157992,11.6100003942847,-70.7003154964546,-14.0028939478924,250,-0.158461139432706,-13.0070032131385,-0.21306910559104,299.992218,299.9928894,3570.10009765625,3680.07250976562,56.5492601093137,20.8391471043553,8.884414,0,0,0,40,4449,299.92375,3625.08630371094,,,,,,,,,,,,,0,,,,18.88954735,,,,,,299.9925537,,,,
,15570875.92,299.99264525,3730.12268066406,-13.0645593683473,0.00648939584479039,1,0.999253354069792,40.0298881530762,1.99466594354421,11.6100003942847,-71.0163444197473,-14.0032561181988,250,-0.148103072887267,-13.0612787048786,-0.202940196999846,299.992218,299.9930725,3680.07250976562,3780.1728515625,56.485948199256,20.841619362111,9.256284,0,0,0,40,4449,299.92415,3730.12268066406,,,,,,,,,,,,,0,,,,18.795187,,,,,,299.99264525,,,,
,15570877.015,299.9931183,3840.08117675781,-13.0830015207458,0.00719578380341653,1,0.999253354069792,40.0298881530762,1.99454534740553,11.5999998524785,-71.1198993180682,-13.981753104943,250,-0.140888046697927,-13.0797472769712,-0.195803163709913,299.9930725,299.9931641,3780.1728515625,3899.98950195313,56.6860451001791,20.8401039519262,8.884414,0,0,0,40,4449,299.92515,3840.08117675781,,,,,,,,,,,,,0,,,,18.795187,,,,,,299.9931183,,,,
,15570878.125,299.99273685,3950.00915527344,-13.0820327098239,0.00781864754506249,1,0.999253354069792,40.0298881530762,1.99469118043169,11.6100003942847,-71.1240619397193,-13.958210296522,250,-0.136563627389745,-13.0787970999195,-0.191474707075941,299.9923096,299.9931641,3899.98950195313,4000.02880859375,56.516431711506,20.8400683553709,9.256284,0,0,0,40,4449,299.9258,3950.00915527344,,,,,,,,,,,,,0,,,,18.88954735,,,,,,299.99273685,,,,
,15570879.22,299.99305725,4054.91479492188,-13.0599204280476,0.00925278175726294,1,0.999253354069792,40.0298881530762,1.99482634356832,11.6100003942847,-71.0020074790657,-13.9707250485396,250,-0.14279232414146,-13.0566630419956,-0.197608937595427,299.9923096,299.9938049,4000.02880859375,4109.80078125,56.0779381122175,20.8429906026095,8.884414,0,0,0,40,4449,299.9242,4054.91479492188,,,,,,,,,,,,,0,,,,18.88954735,,,,,,299.99305725,,,,
,15570880.36,299.99397275,4169.765625,-13.0395659098712,0.00868277234814188,1,0.999253354069792,40.0298881530762,1.9947507993414,11.6100003942847,-70.8867893988836,-13.9588906677713,250,-0.144489718256458,-13.036305172986,-0.199219805965173,299.9938049,299.9941406,4109.80078125,4229.73046875,56.6782288149868,20.8414773664758,8.884414,0,0,0,40,4449,299.92395,4169.765625,,,,,,,,,,,,,0,,,,18.9848366,,,,,,299.99397275,,,,
,15570881.38,299.99372865,4274.732421875,-13.0205555889004,0.00849347171460756,1,0.999253354069792,40.0298881530762,1.99484461091042,11.6100003942847,-70.7892146905186,-13.9255668030244,250,-0.141781338180308,-13.0173103238238,-0.196431113949811,299.9933167,299.9941406,4229.73046875,4319.734375,56.4437402592175,20.8304118147941,8.884414,0,0,0,40,4449,299.92555,4274.732421875,,,,,,,,,,,,,0,,,,19.1744862,,,,,,299.99372865,,,,
,15570882.405,299.99313355,4374.72778320313,-13.0017436262901,0.00767719282998865,1,0.999253354069792,40.0298881530762,1.99484696163823,11.6100003942847,-70.6773862907276,-13.9574291307507,250,-0.15111619570741,-12.9984633596073,-0.205684292046825,299.9929504,299.9933167,4319.734375,4429.72119140625,56.1842395908329,20.8398305750266,9.256284,0,0,0,40,4449,299.92615,4374.72778320313,,,,,,,,,,,,,0,,,,19.1744862,,,,,,299.99313355,,,,
,15570883.53,299.99301145,4484.70849609375,-12.9902226656645,0.00912314803822358,1,0.999253354069792,40.0298881530762,1.99482951902118,11.6100003942847,-70.6230001789983,-13.8972546301117,250,-0.142229342502237,-12.9869822132257,-0.196750014272292,299.9929504,299.9930725,4429.72119140625,4539.69580078125,57.1526773261599,20.839900382025,8.512546,0,0,0,40,4449,299.92675,4484.70849609375,,,,,,,,,,,,,0,,,,18.9848366,,,,,,299.99301145,,,,
,15570884.49,299.9930725,4579.65869140625,-12.9637868555106,0.00822925938705143,1,0.999253354069792,40.0298881530762,1.99483022844554,11.6100003942847,-70.4776316680504,-13.8779919117599,250,-0.143595212489959,-12.9605460875685,-0.198003946224182,299.9930725,299.9930725,4539.69580078125,4619.62158203125,56.9322580837368,20.8363059783859,8.884414,0,0,0,40,4449,299.92685,4579.65869140625,,,,,,,,,,,,,0,,,,18.9848366,,,,,,299.9930725,,,,
,15570885.455,299.9940033,4679.5927734375,-12.950383195218,0.00830966803992729,1,0.999253354069792,40.0298881530762,1.99478258997474,11.6100003942847,-70.3961510541283,-13.9009099963379,250,-0.150347778073517,-12.9471164279476,-0.204698173270955,299.9930725,299.9949341,4619.62158203125,4739.56396484375,56.4312342029098,20.8430001025832,9.256284,0,0,0,40,4449,299.9269,4679.5927734375,,,,,,,,,,,,,0,,,,19.07919695,,,,,,299.9940033,,,,
,15570886.62,299.9941254,4799.45849609375,-12.9223791525864,0.00914555998951572,1,0.999253354069792,40.0298881530762,1.99476363151056,11.6100003942847,-70.2495428469504,-13.8369208480024,250,-0.143818651200919,-12.9191455374898,-0.198051909517967,299.9933167,299.9949341,4739.56396484375,4859.35302734375,57.1612752398714,20.8395967637557,9.256284,0,0,0,40,4449,299.92725,4799.45849609375,,,,,,,,,,,,,0,,,,18.9839077,,,,,,299.9941254,,,,
,15570887.76,299.99357605,4914.2978515625,-12.8862294294344,0.00838090482530498,1,0.999253354069792,40.0298881530762,1.99488211930865,11.6100003942847,-70.052306764487,-13.82476293056,250,-0.148143962700045,-12.8829853605714,-0.202223709530617,299.9933167,299.9938354,4859.35302734375,4969.24267578125,56.9557069393137,20.8420308292326,8.884414,0,0,0,40,4449,299.9276,4914.2978515625,,,,,,,,,,,,,0,,,,19.07919695,,,,,,299.99357605,,,,
,15570888.805,299.9935455,5019.1748046875,-12.8605601992243,0.00797621568893058,1,0.999253354069792,40.0298881530762,1.99488211930865,11.6100003942847,-69.9117403031871,-13.8027441131147,250,-0.148862890137295,-12.857318436839,-0.202833898740459,299.9932556,299.9938354,4969.24267578125,5069.10693359375,56.7251265261406,20.8420308292326,8.512546,0,0,0,40,4449,299.9281,5019.1748046875,,,,,,,,,,,,,0,,,,18.9848366,,,,,,299.9935455,,,,
,15570889.975,299.99308775,5134.07763671875,-12.746278210772,0.00939301518736106,1,0.999253354069792,40.0298881530762,1.99486166593276,11.6100003942847,-69.2900901867758,-13.678372003216,250,-0.14725054032826,-12.7430667658341,-0.200741280991959,299.9929199,299.9932556,5069.10693359375,5199.04833984375,56.9142806277945,20.8366474010929,9.628152,0,0,0,40,4449,299.92795,5134.07763671875,,,,,,,,,,,,,0,,,,18.88954735,,,,,,299.99308775,,,,
,15570891.25,299.9928589,5253.81811523438,-12.6942600754317,0.0115064989911048,1,0.999253354069792,40.0298881530762,1.99483260790513,11.6100003942847,-69.0043257620503,-13.6331938611493,250,-0.148639783359944,-12.6910535817753,-0.201910953965281,299.9927979,299.9929199,5199.04833984375,5308.587890625,56.2811615272175,20.8397292243092,9.256284,0,0,0,40,4449,299.9283,5253.81811523438,,,,,,,,,,,,,0,,,,18.88954735,,,,,,299.9928589,,,,
,15570892.42,299.9930115,5367.97607421875,-12.6356153130605,0.0100336450233826,1,0.999253354069792,40.0298881530762,1.9949048484426,11.6100003942847,-68.6857037424249,-13.5828871140978,250,-0.150192332976501,-12.6324142090833,-0.203216490987665,299.9927979,299.9932251,5308.587890625,5427.3642578125,56.5633294226598,20.8429949390094,8.884414,0,0,0,40,4449,299.92685,5367.97607421875,,,,,,,,,,,,,0,,,,18.795187,,,,,,299.9930115,,,,
,15570893.59,299.99256895,5488.96484375,-12.5840361963443,0.00769492707392831,1,0.999253354069792,40.0298881530762,1.99475329831945,11.6200000047684,-68.401169580943,-13.5215403457408,250,-0.148680690958168,-12.5808522264088,-0.201487774267003,299.9919128,299.9932251,5427.3642578125,5550.5654296875,55.791862074179,20.8378833686185,8.512546,0,0,0,40,4449,299.9269,5488.96484375,,,,,,,,,,,,,0,,,,18.9848366,,,,,,299.99256895,,,,
,15570894.77,299.99249265,5610.87451171875,-12.5101377017259,0.00718168546042706,1,0.999253354069792,40.0298881530762,1.9949576758238,11.6100003942847,-68.0082467463903,-13.4328928739565,250,-0.145865644662943,-12.5069807526747,-0.198361786128149,299.9919128,299.9930725,5550.5654296875,5671.18359375,56.7837486650829,20.8382520108425,8.884414,0,0,0,40,4449,299.92895,5610.87451171875,,,,,,,,,,,,,0,,,,19.1744862,,,,,,299.99249265,,,,
,15570895.835,299.99327085,5721.04174804687,-12.4138136767286,0.00879219061852718,1,0.999253354069792,40.0298881530762,1.9949576758238,11.6100003942847,-67.4826008345499,-13.3402631128454,250,-0.14672509469606,-12.4106723861836,-0.19881633789407,299.9930725,299.9934692,5671.18359375,5770.89990234375,56.7954730928714,20.8382520108425,9.256284,0,0,0,40,4449,299.9268,5721.04174804687,,,,,,,,,,,,,0,,,,18.9848366,,,,,,299.99327085,,,,
,15570896.86,299.9935913,5820.72680664062,-12.3558283257668,0.00900530962336478,1,0.999253354069792,40.0298881530762,1.99491202829577,11.6100003942847,-67.1740968606763,-13.2333873332579,250,-0.13791474121862,-12.3527357243537,-0.189763871812803,299.9934692,299.9937134,5770.89990234375,5870.5537109375,56.6164801619675,20.8419199470682,9.628152,0,0,0,40,4449,299.92575,5820.72680664062,,,,,,,,,,,,,0,,,,18.795187,,,,,,299.9935913,,,,
,15570897.92,299.99391175,5925.349609375,-12.2644535056322,0.00845248142467954,1,0.999253354069792,40.0298881530762,1.99493183914002,11.6100003942847,-66.6668414126383,-13.1956689778312,250,-0.147912613630076,-12.2613374782041,-0.199375079363652,299.9937134,299.9941101,5870.5537109375,5980.1455078125,56.6149169049291,20.839651798419,9.256284,0,0,0,40,4449,299.9272,5925.349609375,,,,,,,,,,,,,0,,,,18.9848366,,,,,,299.99391175,,,,
,15570898.905,299.9937439,6025.04956054687,-12.1870947350333,0.00839458446011498,1,0.999253354069792,40.0298881530762,1.99493183914002,11.6100003942847,-66.2434257486027,-13.1281367616144,250,-0.149861991890657,-12.1839863921303,-0.200998757631684,299.9933777,299.9941101,5980.1455078125,6069.95361328125,56.5383173100444,20.839651798419,8.512546,0,0,0,40,4449,299.9265,6025.04956054687,,,,,,,,,,,,,0,,,,19.1744862,,,,,,299.9937439,,,,
,15570899.945,299.99343875,6129.853515625,-12.1111458418241,0.00833528871141886,1,0.999253354069792,40.0298881530762,1.99495394140517,11.6100003942847,-65.8336455209074,-13.0338948712248,250,-0.146621448035112,-12.1080667532645,-0.19743943067705,299.9933777,299.9934998,6069.95361328125,6189.75341796875,56.3350938950444,20.8382397159997,9.256284,0,0,0,40,4449,299.92595,6129.853515625,,,,,,,,,,,,,0,,,,19.1744862,,,,,,299.99343875,,,,
,15570900.97,299.9936066,6234.68896484375,-12.0288941905137,0.0087325454096201,1,0.999253354069792,40.0298881530762,1.99487007134748,11.6100003942847,-65.3886082764814,-12.9192545883641,250,-0.140928799518466,-12.0258557307211,-0.191401948033681,299.9934998,299.9937134,6189.75341796875,6279.62451171875,56.5594212800637,20.8390045695653,8.884414,0,0,0,40,4449,299.92585,6234.68896484375,,,,,,,,,,,,,0,,,,19.07919695,,,,,,299.9936066,,,,
,15570902,299.99380495,6334.5849609375,-11.940714812382,0.00715951050609721,1,0.999253354069792,40.0298881530762,1.99501931729372,11.6100003942847,-64.9115765453503,-12.8385674588757,250,-0.142297725356051,-11.9376885123845,-0.192399854401536,299.9937134,299.9938965,6279.62451171875,6389.54541015625,56.5953761919483,20.835261212715,8.884414,0,0,0,40,4449,299.92525,6334.5849609375,,,,,,,,,,,,,0,,,,19.07919695,,,,,,299.99380495,,,,
,15570903.16,299.99316405,6450.04565429688,-11.7501090623065,0.00687084988844114,1,0.999253354069792,40.0298881530762,1.99496266795084,11.6100003942847,-63.8661133424566,-12.6739133977224,250,-0.147485614575868,-11.7471001453755,-0.196785425913156,299.9924316,299.9938965,6389.54541015625,6510.5458984375,56.6782288149868,20.8433152134758,8.884414,0,0,0,40,4449,299.9268,6450.04565429688,,,,,,,,,,,,,0,,,,18.9848366,,,,,,299.99316405,,,,
,15570904.265,299.99316405,6565.7451171875,-11.641618125568,0.00931579057590522,1,0.999253354069792,40.0298881530762,1.99491910340729,11.6100003942847,-63.278170539968,-12.5399541109589,250,-0.143064691511677,-11.6386499418969,-0.191908943340808,299.9924316,299.9938965,6510.5458984375,6620.9443359375,56.9033378285253,20.8378823846706,8.512546,0,0,0,40,4449,299.9281,6565.7451171875,,,,,,,,,,,,,0,,,,18.795187,,,,,,299.99316405,,,,
,15570905.315,299.99339295,6670.95458984375,-11.5155320526013,0.00772782335107167,1,0.999253354069792,40.0298881530762,1.99492663156776,11.6100003942847,-62.5929916359395,-12.4045416406996,250,-0.141581169220955,-11.5125956774691,-0.189896070064784,299.9928894,299.9938965,6620.9443359375,6720.96484375,56.5711457078521,20.8413279826649,9.256284,0,0,0,40,4449,299.9263,6670.95458984375,,,,,,,,,,,,,0,,,,18.795187,,,,,,299.99339295,,,,
,15570906.46,299.99308775,6786.0078125,-11.3808088400828,0.00757266825788865,1,0.999253354069792,40.0298881530762,1.99509233286975,11.6100003942847,-61.8642038530743,-12.268534018684,250,-0.141416293505403,-11.3779007443248,-0.189165102405611,299.9928894,299.9932861,6720.96484375,6851.05078125,56.6289862182752,20.8404047287188,9.256284,0,0,0,40,4449,299.92535,6786.0078125,,,,,,,,,,,,,0,,,,18.9848366,,,,,,299.99308775,,,,
,15570907.6,299.9936218,6901.130859375,-11.2603661446153,0.00932163560589567,1,0.999253354069792,40.0298881530762,1.99511417477041,11.6100003942847,-61.209659400228,-12.1414700438289,250,-0.14040572654384,-11.2574866447952,-0.187648364727872,299.9932861,299.9939575,6851.05078125,6951.2109375,56.2905410694483,20.831292324474,9.256284,0,0,0,40,4449,299.9255,6901.130859375,,,,,,,,,,,,,0,,,,19.1744862,,,,,,299.9936218,,,,
,15570908.71,299.99389645,7011.22778320312,-11.1258061897427,0.0110805078612931,1,0.999253354069792,40.0298881530762,1.99516519067629,11.6100003942847,-60.4817682747147,-11.9856295873517,250,-0.136700573634621,-11.1229695862694,-0.183378270774663,299.9938354,299.9939575,6951.2109375,7071.24462890625,56.7102755842752,20.8298191990983,9.256284,0,0,0,40,4449,299.9262,7011.22778320312,,,,,,,,,,,,,0,,,,19.07919695,,,,,,299.99389645,,,,
,15570909.935,299.9943542,7131.31640625,-10.9790924027383,0.00776044742064779,1,0.999253354069792,40.0298881530762,1.9951557333493,11.6100003942847,-59.6812282774784,-11.8420980963843,250,-0.137573987867155,-10.9762818923472,-0.18363463871654,299.9938354,299.994873,7071.24462890625,7191.38818359375,56.6657227586791,20.829750377547,8.512546,0,0,0,40,4449,299.9275,7131.31640625,,,,,,,,,,,,,0,,,,19.07919695,,,,,,299.9943542,,,,
,15570910.935,299.99479675,7231.47607421875,-10.8479345441134,0.00888394339603754,1,0.999253354069792,40.0298881530762,1.9951557333493,11.6100003942847,-58.9682940878175,-11.700483211827,250,-0.135903867992855,-10.845157586305,-0.18141388330897,299.9947205,299.994873,7191.38818359375,7271.56396484375,56.6977695279675,20.829750377547,9.256284,0,0,0,40,4449,299.9263,7231.47607421875,,,,,,,,,,,,,0,,,,19.1744862,,,,,,299.99479675,,,,
,15570911.85,299.99424745,7321.40673828125,-10.7144700736462,0.00804920265739567,1,0.999253354069792,40.0298881530762,1.99517638106759,11.6100003942847,-58.2419862843253,-11.5641817099915,250,-0.135615200437923,-10.7117217386577,-0.180564586018868,299.9937744,299.9947205,7271.56396484375,7371.24951171875,56.7642079521022,20.8254262388675,8.884414,0,0,0,40,4449,299.9257,7321.40673828125,,,,,,,,,,,,,0,,,,19.07919695,,,,,,299.99424745,,,,
,15570912.89,299.9941559,7421.27001953125,-10.5748918991674,0.0102698932246296,1,0.999253354069792,40.0298881530762,1.99509415625399,11.6100003942847,-57.4704448834199,-11.4697541416762,250,-0.14425196705039,-10.5721358067519,-0.188612998999274,299.9937744,299.9945374,7371.24951171875,7471.29052734375,56.8290831191983,20.8226268745542,9.256284,0,0,0,40,4449,299.9262,7421.27001953125,,,,,,,,,,,,,0,,,,18.9839077,,,,,,299.9941559,,,,
,15570913.905,299.99458315,7526.16552734375,-10.4091520596763,0.0105354551653621,1,0.999253354069792,40.0298881530762,1.99491289137821,11.6100003942847,-56.5504157392283,-11.3660315827806,250,-0.156133399651957,-10.4063797041337,-0.199795661421844,299.9945374,299.9946289,7471.29052734375,7581.04052734375,56.3374387806021,20.8203320718693,9.256284,0,0,0,40,4449,299.92625,7526.16552734375,,,,,,,,,,,,,0,,,,18.9839077,,,,,,299.99458315,,,,
,15570915.005,299.99450685,7641.21166992188,-10.1167497219362,0.00846543338974449,1,0.999253354069792,40.0298881530762,1.99506738936315,11.6100003942847,-54.9349342375556,-11.2151952485126,250,-0.1825119383553,-10.1139262041531,-0.224940826516114,299.9943848,299.9946289,7581.04052734375,7701.3828125,56.8837971155445,20.818467187599,9.256284,0,0,0,40,4449,299.92595,7641.21166992188,,,,,,,,,,,,,0,,,,18.9839077,,,,,,299.99450685,,,,
,15570916.21,299.99391175,7761.478515625,-9.95484865664421,0.00959317724232846,1,0.999253354069792,40.0298881530762,1.99502746466566,11.6100003942847,-54.0515246099862,-11.0528555857933,250,-0.182777389606176,-9.95205725799437,-0.224525858248719,299.9934387,299.9943848,7701.3828125,7821.57421875,56.8611298884868,20.8207785085122,9.256284,0,0,0,40,4449,299.92655,7761.478515625,,,,,,,,,,,,,0,,,,19.17546175,,,,,,299.99391175,,,,
,15570917.315,299.9934387,7866.57104492188,-9.76674532698826,0.0106947582215329,1,0.999253354069792,40.0298881530762,1.99509688054026,11.6100003942847,-53.0324511164049,-10.8418651843954,250,-0.178864106021851,-9.76400884973448,-0.219823144873806,299.9934387,299.9934387,7821.57421875,7911.56787109375,56.7814037795252,20.8186139691035,9.256284,0,0,0,40,4449,299.92705,7866.57104492188,,,,,,,,,,,,,0,,,,19.270751,,,,,,299.9934387,,,,
,15570918.385,299.993515,7971.62939453125,-9.55785427741385,0.010124753175715,1,0.999253354069792,40.0298881530762,1.99511256318508,11.6100003942847,-51.9132439499587,-10.5310418636569,250,-0.16053598503973,-9.55523722649153,-0.200621488093599,299.9934387,299.9935913,7911.56787109375,8031.69091796875,56.7860935506406,20.8213105523221,9.256284,0,0,0,40,4449,299.9263,7971.62939453125,,,,,,,,,,,,,0,,,,18.9848366,,,,,,299.993515,,,,
,15570919.625,299.99391175,8096.60131835938,-9.34315302061598,0.0105086117431511,1,0.999253354069792,40.0298881530762,1.99494115519395,11.6100003942847,-50.7514074045608,-10.2474607269129,250,-0.148458096341482,-9.3406302360898,-0.187644369303956,299.9935913,299.9942322,8031.69091796875,8161.51171875,56.6024108486214,20.8229867337249,9.256284,0,0,0,40,4449,299.9252,8096.60131835938,,,,,,,,,,,,,0,,,,18.9848366,,,,,,299.99391175,,,,
,15570920.655,299.9942322,8201.50732421875,-9.12742803189565,0.0107775407641607,1,0.999253354069792,40.0298881530762,1.99496449991353,11.6100003942847,-49.5824017440398,-9.99892706763117,250,-0.142820496545827,-9.12497274449285,-0.181101727342262,299.9942322,299.9942322,8161.51171875,8241.5029296875,56.9009929429675,20.8333766841783,8.884414,0,0,0,40,4449,299.9263,8201.50732421875,,,,,,,,,,,,,0,,,,19.1744862,,,,,,299.9942322,,,,
,15570922.485,299.993927,8386.52734375,-8.92841989113251,0.0104627729150784,1,0.999253354069792,40.0298881530762,1.99408392133879,11.6100003942847,-48.4833184982078,-9.7613514601324,250,-0.136887683793051,-8.92603020251621,-0.174333647985289,299.993927,299.993927,8381.4609375,8391.59375,56.516431711506,20.8352462633576,8.884414,0,0,0,40,4449,299.9279,8386.52734375,,,,,,,,,,,,,0,,,,19.1744862,,,,,,299.993927,,,,
,15570923.12,299.9934845,8451.54443359375,-8.57899138713897,0.00997199774540504,1,0.999253354069792,40.0298881530762,1.99406533027664,11.6100003942847,-46.5898535201888,-9.35533561221804,250,-0.127141033130636,-8.57671381351762,-0.163122132419454,299.993042,299.993927,8391.59375,8511.4951171875,56.3366571520829,20.837993033688,8.884414,0,0,0,40,4449,299.9274,8451.54443359375,,,,,,,,,,,,,0,,,,19.1744862,,,,,,299.9934845,,,,
,15570924.265,299.99375915,8566.6611328125,-8.40175722234926,0.00959534086697373,1,0.999253354069792,40.0298881530762,1.99454888363562,11.6100003942847,-45.6369382715108,-9.1706893456052,250,-0.125700836516154,-8.39952167598342,-0.16093800681939,299.993042,299.9944763,8511.4951171875,8621.8271484375,56.6579064734868,20.83557676977,9.256284,0,0,0,40,4449,299.9259,8566.6611328125,,,,,,,,,,,,,0,,,,18.9848366,,,,,,299.99375915,,,,
,15570925.32,299.99523925,8671.85302734375,-8.2276139294439,0.00843716282331952,1,0.999253354069792,40.0298881530762,1.99413811574388,11.6200000047684,-44.6822194898207,-8.97786831871126,250,-0.122924057030186,-8.22542505583016,-0.157430303572543,299.9944763,299.9960022,8621.8271484375,8721.87890625,56.3139899250252,20.8380857703966,9.256284,0,0,0,40,4449,299.92655,8671.85302734375,,,,,,,,,,,,,0,,,,18.88954735,,,,,,299.99523925,,,,
,15570926.44,299.9951172,8781.93701171875,-8.0571478339152,0.00907449742300066,1,0.999253354069792,40.0298881530762,1.99392374964446,11.6100003942847,-43.7506161796864,-8.79771578466746,250,-0.121622769718769,-8.05499918433464,-0.155413262414479,299.9942322,299.9960022,8721.87890625,8841.9951171875,56.1592274782175,20.8352678898681,8.512546,0,0,0,40,4449,299.927,8781.93701171875,,,,,,,,,,,,,0,,,,18.9839077,,,,,,299.9951172,,,,
,15570927.65,299.99487305,8901.97412109375,-7.87555444810725,0.00909450767727965,1,0.999253354069792,40.0298881530762,1.99432084232806,11.6200000047684,-42.7778141503935,-8.57438922344669,250,-0.113977419556887,-7.87347491960841,-0.147006967718463,299.9942322,299.9955139,8841.9951171875,8961.953125,56.5688008222944,20.8381489172836,8.884414,0,0,0,40,4449,299.9256,8901.97412109375,,,,,,,,,,,,,0,,,,19.07919695,,,,,,299.99487305,,,,
,15570929.025,299.99528505,9041.943359375,-7.51748614090565,0.00811222655450383,1,0.999253354069792,40.0298881530762,1.99413620234373,11.6100003942847,-40.8300011024492,-8.17949476877014,250,-0.108003748103558,-7.51550443641221,-0.13953112729172,299.9950562,299.9955139,8961.953125,9121.93359375,56.8892685151791,20.8414747375541,8.884414,0,0,0,40,4449,299.9256,9041.943359375,,,,,,,,,,,,,0,,,,19.1744862,,,,,,299.99528505,,,,
,15570930.305,299.99481205,9171.916015625,-7.34001024962126,0.00929875835014553,1,0.999253354069792,40.0298881530762,1.99409787923458,11.6100003942847,-39.8628441144281,-7.99961322004777,250,-0.107910172320471,-7.33806521562866,-0.13869215524945,299.9945679,299.9950562,9121.93359375,9221.8984375,56.1115481385444,20.8410179915821,9.256284,0,0,0,40,4449,299.92585,9171.916015625,,,,,,,,,,,,,0,,,,19.270751,,,,,,299.99481205,,,,
,15570931.345,299.99435425,9271.978515625,-7.16641997133346,0.00855455787461575,1,0.999253354069792,40.0298881530762,1.99399692983334,11.6100003942847,-38.9138515176306,-7.83334378505949,250,-0.109638355574533,-7.16450314244627,-0.139691060678178,299.9941406,299.9945679,9221.8984375,9322.05859375,56.1873661049098,20.8403977706627,8.884414,0,0,0,40,4449,299.92585,9271.978515625,,,,,,,,,,,,,0,,,,19.17546175,,,,,,299.99435425,,,,
,15570932.465,299.9945831,9382.06396484375,-6.98054068256275,0.00858351957945032,1,0.999253354069792,40.0298881530762,1.99383253979786,11.6100003942847,-37.9055528394566,-7.60756346585024,250,-0.102756668242495,-6.97869051291417,-0.13203021389639,299.9941406,299.9950256,9322.05859375,9442.0693359375,56.7923465787945,20.8405539292796,9.256284,0,0,0,40,4449,299.92615,9382.06396484375,,,,,,,,,,,,,0,,,,19.07919695,,,,,,299.9945831,,,,
,15570933.55,299.99516295,9492.1064453125,-6.80010674511469,0.00814960415745775,1,0.999253354069792,40.0298881530762,1.99429274584926,11.6100003942847,-36.9388760178806,-7.38669299849845,250,-0.0953462095217274,-6.79832426860253,-0.12386348825766,299.9950256,299.9953003,9442.0693359375,9542.1435546875,57.2331850636407,20.8414098416882,9.256284,0,0,0,40,4449,299.92725,9492.1064453125,,,,,,,,,,,,,0,,,,19.1744862,,,,,,299.99516295,,,,
,15570934.58,299.995224,9597.16259765625,-6.62600103254296,0.00919894540473295,1,0.999253354069792,40.0298881530762,1.99393263752444,11.6100003942847,-35.9863452844247,-7.19864446324888,250,-0.0933355907425397,-6.62426240706007,-0.121122325389606,299.9951477,299.9953003,9542.1435546875,9652.181640625,55.9364633502367,20.8408884536892,8.884414,0,0,0,40,4449,299.9264,9597.16259765625,,,,,,,,,,,,,0,,,,19.1744862,,,,,,299.995224,,,,
,15570935.705,299.9950714,9707.2255859375,-6.42957579962197,0.00940611046886715,1,0.999253354069792,40.0298881530762,1.99404677315126,11.6100003942847,-34.921240988606,-6.98699334759081,250,-0.0908187923121746,-6.42788774118922,-0.117781395130838,299.9949951,299.9951477,9652.181640625,9762.26953125,56.5187765970637,20.8334333622396,9.256284,0,0,0,40,4449,299.9258,9707.2255859375,,,,,,,,,,,,,0,,,,19.1744862,,,,,,299.9950714,,,,
,15570936.82,299.99552915,9817.61376953125,-6.25189637005688,0.00919910506846308,1,0.999253354069792,40.0298881530762,1.9941931574668,11.6100003942847,-33.9599742357253,-6.78716155215672,250,-0.0869810956377148,-6.25026047841055,-0.11319840736743,299.9949951,299.9960632,9762.26953125,9872.9580078125,56.4867298277752,20.8375901204537,9.256284,0,0,0,40,4449,299.92625,9817.61376953125,,,,,,,,,,,,,0,,,,19.1744862,,,,,,299.99552915,,,,
,15570937.88,299.99615475,9928.009765625,-6.07650976428768,0.0088265139082206,1,0.999253354069792,40.0298881530762,1.99414007857394,11.6200000047684,-33.008428314483,-6.58579133456804,250,-0.0825589701257477,-6.07492799449404,-0.108040725153381,299.9960632,299.9962463,9872.9580078125,9983.0615234375,56.3241510957752,20.8403713450421,9.256284,0,0,0,40,4449,299.927,9928.009765625,,,,,,,,,,,,,0,,,,19.07919695,,,,,,299.99615475,,,,
,15570939.78,299.9947205,10118.1806640625,-5.71186890165396,0.00905871441317636,1,0.999253354069792,40.0298881530762,1.99433844740957,11.6100003942847,-31.0292333569493,-6.19888749962144,250,-0.0790187498968867,-5.71037649783737,-0.102970402982987,299.9947205,299.9947205,10113.2197265625,10123.1416015625,56.2921043264867,20.8399975346005,9.256284,0,0,0,40,4449,299.9276,10118.1806640625,,,,,,,,,,,,,0,,,,18.9839077,,,,,,299.9947205,,,,
,15570940.355,299.99473575,10173.220703125,-5.52283763131149,0.00871820150591179,1,0.999253354069792,40.0298881530762,1.99410605755249,11.6100003942847,-30.0028244615621,-5.97205027497078,250,-0.0725462932091154,-5.52141082279125,-0.0957058631265725,299.9947205,299.994751,10123.1416015625,10223.2998046875,56.1396867652367,20.8348374605132,9.256284,0,0,0,40,4449,299.9278,10173.220703125,,,,,,,,,,,,,0,,,,18.9839077,,,,,,299.99473575,,,,
,15570941.415,299.9953766,10278.3579101562,-5.34482104739809,0.0082212925605567,1,0.999253354069792,40.0298881530762,1.99410409703273,11.6100003942847,-29.0314369224595,-5.80265094639683,250,-0.0744505091252524,-5.34342233780483,-0.0968623803927952,299.994751,299.9960022,10223.2998046875,10333.416015625,56.2241026453136,20.8375012688927,8.884414,0,0,0,40,4449,299.9278,10278.3579101562,,,,,,,,,,,,,0,,,,19.07919695,,,,,,299.9953766,,,,
,15570942.52,299.9959564,10388.4384765625,-5.14841324687205,0.00943907099091727,1,0.999253354069792,40.0298881530762,1.99416071490383,11.6100003942847,-27.967403697361,-5.57867621731719,250,-0.0697132988845941,-5.14707418879591,-0.0913023146939041,299.9959106,299.9960022,10333.416015625,10443.4609375,55.9403714928328,20.8408987695244,8.884414,0,0,0,40,4449,299.9201,10388.4384765625,,,,,,,,,,,,,0,,,,19.1744862,,,,,,299.9959564,,,,
,15570943.715,299.9957733,10508.5014648438,-4.9599306331489,0.00842520609472175,1,0.999253354069792,40.0298881530762,1.99430528143159,11.6200000047684,-26.946317333538,-5.37001340070627,250,-0.0662781020036001,-4.95864431837333,-0.087077090357232,299.995636,299.9959106,10443.4609375,10573.5419921875,56.3280592383713,20.8435301635033,9.628152,0,0,0,40,4449,299.91375,10508.5014648438,,,,,,,,,,,,,0,,,,19.07919695,,,,,,299.9957733,,,,
,15570944.795,299.99594115,10618.5,-4.75764687396475,0.00857494005531929,1,0.999253354069792,40.0298881530762,1.99400047900858,11.6100003942847,-25.841165714808,-5.16281852361429,250,-0.0658858886137458,-4.75640334753342,-0.0858356652072919,299.995636,299.9962463,10573.5419921875,10663.4580078125,56.272563613506,20.8375459633986,8.884414,0,0,0,40,4449,299.9159,10618.5,,,,,,,,,,,,,0,,,,19.07919695,,,,,,299.99594115,,,,
,15570945.85,299.99591065,10723.4184570312,-4.57413440151487,0.00768941020705449,1,0.999253354069792,40.0298881530762,1.99410035671234,11.6100003942847,-24.8457590775735,-4.96322890793209,250,-0.063217886930731,-4.57293940924089,-0.0823978949193239,299.995575,299.9962463,10663.4580078125,10783.37890625,56.5899047923137,20.8360633893231,8.512546,0,0,0,40,4449,299.9159,10723.4184570312,,,,,,,,,,,,,0,,,,19.1744862,,,,,,299.99591065,,,,
,15570947.115,299.99618535,10853.4506835938,-4.19669991886503,0.0089734389331221,1,0.999253354069792,40.0298881530762,1.99388074067843,11.6100003942847,-22.7932046415787,-4.55298442561583,250,-0.0579623307350296,-4.19560369047493,-0.0755593716406293,299.995575,299.9967957,10783.37890625,10923.5224609375,56.6297678467945,20.8403217241066,8.884414,0,0,0,40,4449,299.916,10853.4506835938,,,,,,,,,,,,,0,,,,19.1744862,,,,,,299.99618535,,,,
,15570948.375,299.9970856,10978.5678710938,-4.01254606007278,0.00844474294477198,1,0.999253354069792,40.0298881530762,1.9944421299759,11.6100003942847,-21.7992860331498,-4.35288151292312,250,-0.0551422347307738,-4.01149902329365,-0.0719666138558554,299.9967957,299.9973755,10923.5224609375,11033.61328125,56.7220000120637,20.8410934601425,9.256284,0,0,0,40,4449,299.91965,10978.5678710938,,,,,,,,,,,,,0,,,,19.270751,,,,,,299.9970856,,,,
,15570949.54,299.996994,11093.6586914062,-3.82631813109903,0.00844167048604888,1,0.999253354069792,40.0298881530762,1.99393802918541,11.6100003942847,-20.7850758264052,-4.13555731579392,250,-0.0499613158430964,-3.82533074404707,-0.0660050005078419,299.9966125,299.9973755,11033.61328125,11153.7041015625,56.4359239740252,20.8426914529614,8.884414,0,0,0,40,4449,299.9215,11093.6586914062,,,,,,,,,,,,,0,,,,19.17546175,,,,,,299.996994,,,,
,15570950.735,299.9966278,11213.72265625,-3.63370979601133,0.00880725234257662,1,0.999253354069792,40.0298881530762,1.99418522863167,11.6100003942847,-19.7387935454828,-3.94076802639689,250,-0.0498172576332318,-3.63276223564725,-0.0650526584946632,299.9966125,299.9966431,11153.7041015625,11273.7412109375,56.9557069393137,20.8354798213444,9.256284,0,0,0,40,4449,299.9204,11213.72265625,,,,,,,,,,,,,0,,,,19.07919695,,,,,,299.9966278,,,,
,15570951.82,299.99658205,11323.7197265625,-3.43960458699174,0.0092163436839939,1,0.999253354069792,40.0298881530762,1.99392664752732,11.6100003942847,-18.6835107428209,-3.72178433425345,250,-0.0456864233753221,-3.43871384780626,-0.0601079864457972,299.996521,299.9966431,11273.7412109375,11373.6982421875,56.5101786833521,20.8416687154394,9.256284,0,0,0,40,4449,299.9215,11323.7197265625,,,,,,,,,,,,,0,,,,19.1744862,,,,,,299.99658205,,,,
,15570952.85,299.99690245,11428.634765625,-3.25437549756424,0.00842707186183141,1,0.999253354069792,40.0298881530762,1.99403843966567,11.6200000047684,-17.6801075445278,-3.51199408757085,250,-0.041471326689441,-3.25354008701793,-0.0551162828329306,299.996521,299.9972839,11373.6982421875,11483.5712890625,55.555028632852,20.8423755369105,9.256284,0,0,0,40,4449,299.92385,11428.634765625,,,,,,,,,,,,,0,,,,19.07919695,,,,,,299.99690245,,,,
,15570954.005,299.99656675,11543.6611328125,-2.88645613230336,0.00856328116959805,1,0.999253354069792,40.0298881530762,1.99394844758634,11.6100003942847,-15.6829890691423,-3.10201209443964,250,-0.0344323416489399,-2.88572509764505,-0.0465348639312494,299.9958496,299.9972839,11483.5712890625,11603.7509765625,56.1553193356213,20.8406568662529,8.512546,0,0,0,40,4449,299.92585,11543.6611328125,,,,,,,,,,,,,0,,,,19.17546175,,,,,,299.99656675,,,,
,15570955.195,299.9958496,11663.6791992187,-2.69705824295982,0.00829242845549663,1,0.999253354069792,40.0298881530762,1.9940432095969,11.6100003942847,-14.6530671223328,-2.90693904387026,250,-0.0337037377257782,-2.69636885090265,-0.0450115983131768,299.9958496,299.9958496,11603.7509765625,11723.607421875,56.6602513590445,20.8422445576464,8.884414,0,0,0,40,4449,299.9266,11663.6791992187,,,,,,,,,,,,,0,,,,19.270751,,,,,,299.9958496,,,,
,15570956.275,299.99635315,11768.6704101562,-2.513871466447,0.00892970436321411,1,0.999253354069792,40.0298881530762,1.99401341948575,11.6200000047684,-13.6573829681854,-2.71072338980727,250,-0.0316471989974752,-2.51322789575419,-0.0421867899568171,299.9958496,299.9968567,11723.607421875,11813.7333984375,56.249114757929,20.8453101949731,8.512546,0,0,0,40,4449,299.92705,11768.6704101562,,,,,,,,,,,,,0,,,,19.07919695,,,,,,299.99635315,,,,
,15570957.385,299.9967804,11878.7734375,-2.32073869538831,0.00888984738657632,1,0.999253354069792,40.0298881530762,1.99409783883486,11.6100003942847,-12.6097105939022,-2.49685012121541,250,-0.0281656751185943,-2.32014896347956,-0.0378955157800175,299.9967041,299.9968567,11813.7333984375,11943.8134765625,56.7321611828137,20.8421124396773,8.884414,0,0,0,40,4449,299.9292,11878.7734375,,,,,,,,,,,,,0,,,,19.07919695,,,,,,299.9967804,,,,
,15570958.43,299.99757385,11983.841796875,-2.12784056162856,0.00853971981708922,1,0.999253354069792,40.0298881530762,1.99398620762961,11.6100003942847,-11.5611188420809,-2.28838216670064,250,-0.0256766535897621,-2.12730042883875,-0.0345975777353345,299.9967041,299.9984436,11943.8134765625,12023.8701171875,57.5747567265446,20.8371907611975,8.512546,0,0,0,40,4449,299.9312,11983.841796875,,,,,,,,,,,,,0,,,,19.270751,,,,,,299.99757385,,,,
,15570959.39,299.99832155,12078.890625,-1.9389545043583,0.00845084725207489,1,0.999253354069792,40.0298881530762,1.9939275654663,11.6200000047684,-10.5338867572718,-2.08875547618937,250,-0.0240531281771883,-1.93845952462138,-0.0321819229839446,299.9981995,299.9984436,12023.8701171875,12133.9111328125,56.4640626007175,20.836047161742,9.256284,0,0,0,40,4449,299.9306,12078.890625,,,,,,,,,,,,,0,,,,19.270751,,,,,,299.99832155,,,,
,15570960.535,299.9985199,12193.9956054687,-1.75112864475559,0.00857180234344351,1,0.999253354069792,40.0298881530762,1.99383331783626,11.6200000047684,-9.51319780775087,-1.88544992236048,250,-0.0215613129141031,-1.75068229153506,-0.0289025965845531,299.9981995,299.9988403,12133.9111328125,12254.080078125,56.7391958394868,20.8421050853016,8.884414,0,0,0,40,4449,299.9301,12193.9956054687,,,,,,,,,,,,,0,,,,18.9848366,,,,,,299.9985199,,,,
,15570961.555,299.9984436,12293.96484375,-1.56416910099486,0.00867397561176118,1,0.999253354069792,40.0298881530762,1.99400620651268,11.6200000047684,-8.49887078124996,-1.6808798258938,250,-0.0186328000720497,-1.56377304359373,-0.0251903415280971,299.9980469,299.9988403,12254.080078125,12333.849609375,56.5070521692752,20.8460268713925,8.884414,0,0,0,40,4449,299.9293,12293.96484375,,,,,,,,,,,,,0,,,,18.9848366,,,,,,299.9984436,,,,
,15570962.46,299.99873355,12383.8774414062,-1.37487292010842,0.00826658732370236,1,0.999253354069792,40.0298881530762,1.99429052399885,11.6100003942847,-7.47121652518055,-1.47851126579372,250,-0.0165334036907192,-1.37452413773651,-0.0222972149396108,299.9980469,299.9994202,12333.849609375,12433.9052734375,56.4406137451406,20.8434753693181,8.884414,0,0,0,40,4449,299.93045,12383.8774414062,,,,,,,,,,,,,0,,,,19.07919695,,,,,,299.99873355,,,,
,15570963.525,299.99902345,12493.9736328125,-1.19033998822444,0.00888244336893993,1,0.999253354069792,40.0298881530762,1.99393339961268,11.6200000047684,-6.46829790673519,-1.27453960983072,250,-0.0133401880635136,-1.19004210503985,-0.0183304710114811,299.9986267,299.9994202,12433.9052734375,12554.0419921875,56.679010443506,20.8371232337638,9.256284,0,0,0,40,4449,299.9323,12493.9736328125,,,,,,,,,,,,,0,,,,19.07919695,,,,,,299.99902345,,,,
,15570964.6,299.99861145,12599.044921875,-1.00035618370507,0.00853167476465398,1,0.999253354069792,40.0298881530762,1.99437131965021,11.6100003942847,-5.43528540042123,-1.08108665230082,250,-0.0129994079695788,-1.0000983620437,-0.0171928163056311,299.9985962,299.9986267,12554.0419921875,12644.0478515625,56.4390504881021,20.8407648714026,9.256284,0,0,0,40,4449,299.9307,12599.044921875,,,,,,,,,,,,,0,,,,18.9848366,,,,,,299.99861145,,,,
,15570965.61,299.9985962,12699.0732421875,-0.814848991185853,0.00866940033690359,1,0.999253354069792,40.0298881530762,1.99396753602636,11.6200000047684,-4.42794925994266,-0.872543633479447,250,-0.00913967441783576,-0.814645064827503,-0.0125556939599947,299.9985962,299.9985962,12644.0478515625,12754.0986328125,56.5086154263137,20.84243463098,8.884414,0,0,0,40,4449,299.93085,12699.0732421875,,,,,,,,,,,,,0,,,,18.9848366,,,,,,299.9985962,,,,
,15570966.705,299.9985962,12809.1372070312,-0.629751365494756,0.0083845475654878,1,0.999253354069792,40.0298881530762,1.99390619036114,11.6100003942847,-3.42136709125227,-0.677801046698569,250,-0.00770285443981509,-0.629591085855978,-0.0103427276317095,299.9985962,299.9985962,12754.0986328125,12864.17578125,56.3452550657944,20.8426567387322,8.884414,0,0,0,40,4449,299.9313,12809.1372070312,,,,,,,,,,,,,0,,,,18.9848366,,,,,,299.9985962,,,,
,15570971.1,299.999115,13250.4448242187,0.116298746576702,0.00856949847017588,1,0.999253354069792,40.0298881530762,1.99391288690817,11.6100003942847,0.631563876072884,0.122074686353649,25,0.000882752555176778,0.116271411790917,0.00137035035039174,299.999115,299.999115,13245.3779296875,13255.51171875,56.343691808756,20.8439323432152,9.256284,0,0,0,40,4449,299.9291,13250.4448242187,,,,,,,,,,,,,0,,,,18.88954735,,,,,,299.999115,,,,
,15570971.79,299.99964905,13320.5336914062,0.30100630104921,0.00850384583767332,1,0.999253354069792,40.0298881530762,1.99381215704178,11.6100003942847,1.63397913632,0.318982761692101,25,0.00284428935208162,0.300933201127729,0.00410617353413092,299.999115,300.0001831,13255.51171875,13385.5556640625,56.2764717561021,20.8389863088429,9.256284,0,0,0,40,4449,299.92855,13320.5336914062,,,,,,,,,,,,,0,,,,18.9839077,,,,,,299.99964905,,,,
,15570972.855,300.0001831,13425.6103515625,0.484809200918367,0.00844960320915661,1,0.999253354069792,40.0298881530762,1.99368214664462,11.6100003942847,2.63133811411605,0.514955335506249,25,0.00480648399637201,0.484690512664863,0.00683883242506359,300.0001831,300.0001831,13385.5556640625,13465.6650390625,56.6563432164483,20.8403608680106,8.884414,0,0,0,40,4449,299.9285,13425.6103515625,,,,,,,,,,,,,0,,,,18.88954735,,,,,,300.0001831,,,,
,15570973.845,299.99960325,13525.7065429688,0.668519536852181,0.00847284815445706,1,0.999253354069792,40.0298881530762,1.99378997112525,11.6200000047684,3.62915745121144,0.707287941928503,25,0.00610588425997588,0.668358083844753,0.00890839902621252,299.9990234,300.0001831,13465.6650390625,13585.748046875,56.8056342636214,20.8380432001444,9.256284,0,0,0,40,4449,299.9305,13525.7065429688,,,,,,,,,,,,,0,,,,18.88954735,,,,,,299.99960325,,,,
,15570974.99,299.9997406,13640.7685546875,1.0368337502998,0.00839163089209013,1,0.999253354069792,40.0298881530762,1.99381035690465,11.6100003942847,5.6283388871378,1.09871416281051,25,0.00979027501065351,1.03658200480227,0.0141366719916315,299.9990234,300.0004578,13585.748046875,13695.7890625,55.6183405429097,20.8423746120521,8.884414,0,0,0,40,4449,299.9302,13640.7685546875,,,,,,,,,,,,,0,,,,19.07919695,,,,,,299.9997406,,,,
,15570976.18,300.0004883,13755.861328125,1.2202562295414,0.00863806122343065,1,0.999253354069792,40.0298881530762,1.99392814634405,11.6200000047684,6.62502716318039,1.28982520451326,25,0.0109093783744535,1.21996248641023,0.0160247943123522,300.0004578,300.0005188,13695.7890625,13815.93359375,55.7387113348713,20.8406553538433,9.256284,0,0,0,40,4449,299.9263,13755.861328125,,,,,,,,,,,,,0,,,,19.07919695,,,,,,300.0004883,,,,
,15570977.305,300.0007019,13870.8505859375,1.40576540073368,0.00840648883521929,1,0.999253354069792,40.0298881530762,1.9938951325525,11.6100003942847,7.63188672222064,1.48688676460651,25,0.0127518908594969,1.40542622909283,0.0186448400453873,300.0005188,300.000885,13815.93359375,13925.767578125,56.2092517034482,20.8355533538904,8.884414,0,0,0,40,4449,299.92615,13870.8505859375,,,,,,,,,,,,,0,,,,19.07919695,,,,,,300.0007019,,,,
,15570978.45,300.00094605,13990.7841796875,1.58821742212572,0.00841425797102221,1,0.999253354069792,40.0298881530762,1.99398944323579,11.6100003942847,8.62241783759779,1.68208460211285,25,0.0148005456600327,1.58783258160861,0.0214580944809046,300.000885,300.0010071,13925.767578125,14055.80078125,56.1396867652367,20.8393801098304,8.884414,0,0,0,40,4449,299.9275,13990.7841796875,,,,,,,,,,,,,0,,,,19.1744862,,,,,,300.00094605,,,,
,15570979.59,300.00109865,14100.849609375,1.77244485807026,0.00816196160469826,1,0.999253354069792,40.0298881530762,1.9939888275742,11.6200000047684,9.62307474824538,1.87455312110615,25,0.0160307908256439,1.77201741731894,0.0234606021644404,300.0010071,300.0011902,14055.80078125,14145.8984375,56.262402442756,20.8406238402524,9.256284,0,0,0,40,4449,299.92625,14100.849609375,,,,,,,,,,,,,0,,,,19.1744862,,,,,,300.00109865,,,,
,15570980.66,300.00157165,14205.8354492187,1.95418386690544,0.00888966782715478,1,0.999253354069792,40.0298881530762,1.99401150103114,11.6100003942847,10.6097625775613,2.06753482013944,25,0.0178125090872691,1.95371199299891,0.0260040422600441,300.0011902,300.0019531,14145.8984375,14265.7724609375,56.3788650921214,20.8381950873114,8.884414,0,0,0,40,4449,299.9244,14205.8354492187,,,,,,,,,,,,,0,,,,19.07919695,,,,,,300.00157165,,,,
,15570981.795,300.00167845,14320.896484375,2.13621614976586,0.00932998671406539,1,0.999253354069792,40.0298881530762,1.99416341219455,11.6100003942847,11.5989186384102,2.26032095822261,25,0.0194768723715595,2.13570030157235,0.0284313453800152,300.0014038,300.0019531,14265.7724609375,14376.0205078125,55.6378812558905,20.8339867897645,9.256284,0,0,0,40,4449,299.9228,14320.896484375,,,,,,,,,,,,,0,,,,19.07919695,,,,,,300.00167845,,,,
,15570982.845,300.0019226,14426.041015625,2.31107351561016,0.00950813825421074,1,0.999253354069792,40.0298881530762,1.99416991990482,11.6100003942847,12.5499552420383,2.4368161773164,25,0.0195032294496578,2.31052201264522,0.0291908362035571,300.0014038,300.0024414,14376.0205078125,14476.0615234375,56.5594212800637,20.8420844607071,9.256284,0,0,0,40,4449,299.92245,14426.041015625,,,,,,,,,,,,,0,,,,19.1744862,,,,,,300.0019226,,,,
,15570983.925,300.00282285,14536.0244140625,2.49346188285503,0.00818978775013857,1,0.999253354069792,40.0298881530762,1.99407265099733,11.6100003942847,13.5403449187309,2.62576771590461,25,0.0204477180361595,2.49286928529748,0.0308998083132503,300.0024414,300.0032043,14476.0615234375,14595.9873046875,56.8642564025637,20.8364561524551,8.884414,0,0,0,40,4449,299.92245,14536.0244140625,,,,,,,,,,,,,0,,,,19.1744862,,,,,,300.00282285,,,,
,15570985.12,300.00285335,14656.099609375,2.84958533098447,0.00869974992545276,1,0.999253354069792,40.0298881530762,1.99394321228414,11.6100003942847,15.4738355578526,2.9973697560849,25,0.0227748283994954,2.84891060774564,0.0347195892028694,300.0025024,300.0032043,14595.9873046875,14716.2119140625,56.506270540756,20.8372284966995,8.884414,0,0,0,40,4449,299.92305,14656.099609375,,,,,,,,,,,,,0,,,,19.270751,,,,,,300.00285335,,,,
,15570986.25,300.00279235,14766.1186523438,3.02999192585169,0.0107592122642844,1,0.999253354069792,40.0298881530762,1.99402576013449,11.6100003942847,16.4544200564952,3.18577650437322,25,0.0239438471188174,3.02927565269974,0.0366447343288618,300.0025024,300.0030823,14716.2119140625,14816.025390625,57.3363600281791,20.8339269977995,8.512546,0,0,0,40,4449,299.92175,14766.1186523438,,,,,,,,,,,,,0,,,,19.17546175,,,,,,300.00279235,,,,
,15570987.305,300.00294495,14871.0859375,3.21599942647791,0.0103902772001418,1,0.999253354069792,40.0298881530762,1.9940992339773,11.6100003942847,17.4668321199498,3.37247342593854,25,0.0237598388504082,3.21524610853087,0.0372406668063734,300.0028076,300.0030823,14816.025390625,14926.146484375,56.8783257159099,20.8320590159702,9.256284,0,0,0,40,4449,299.9193,14871.0859375,,,,,,,,,,,,,0,,,,19.07919695,,,,,,300.00294495,,,,
,15570988.455,300.00335695,14986.158203125,3.37863585619998,0.0124649190313824,1,0.999253354069792,40.0298881530762,1.99434221392191,11.6100003942847,18.3539206617929,3.53485283180591,25,0.0233821849825078,3.37785103356877,0.0375448751932574,300.0028076,300.0039063,14926.146484375,15046.169921875,56.4210730321598,20.8319532355406,8.884414,0,0,0,40,4449,299.91835,14986.158203125,,,,,,,,,,,,,0,,,,19.1744862,,,,,,300.00335695,,,,
,15570992.52,300.0041809,15396.21484375,4.07456969859524,0.00729212592374721,1,0.999253354069792,40.0298881530762,1.99492027757454,11.6100003942847,22.1729814456536,4.25099585991825,250,0.0247639275000662,4.07363759379751,0.0418436059882723,300.0041809,300.0041809,15386.181640625,15406.248046875,56.5617661656214,20.8319257811663,8.884414,0,0,0,40,4449,299.9164,15396.21484375,,,,,,,,,,,,,0,,,,18.9839077,,,,,,300.0041809,,,,
,15570994.375,300.0038605,15581.2080078125,4.39237925528938,0.00785463507379106,1,0.999253354069792,40.0298881530762,1.99411731858796,11.6100003942847,23.8954624945654,4.56779894733094,250,0.0243145798673536,4.39138454750268,0.0427262996195526,300.0033875,300.0043335,15536.310546875,15626.10546875,56.3210245816983,20.8344742829222,8.884414,0,0,0,40,4449,299.9178,15581.2080078125,,,,,,,,,,,,,0,,,,19.07919695,,,,,,300.0038605,,,,
,15570995.305,300.00431825,15671.1586914062,4.57548324779281,0.00833679956126688,1,0.999253354069792,40.0298881530762,1.99429781367538,11.6100003942847,24.8943771975806,4.75542969587191,250,0.0247397634049196,4.5744494842971,0.0439189269320412,300.004303,300.0043335,15626.10546875,15716.2119140625,56.6446187886598,20.8283308475759,8.512546,0,0,0,40,4449,299.9169,15671.1586914062,,,,,,,,,,,,,0,,,,19.270751,,,,,,300.00431825,,,,
,15570996.375,300.00405885,15776.2133789062,4.75013328514797,0.00747866826546706,1,0.999253354069792,40.0298881530762,1.99483702413883,11.6100003942847,25.8482384013682,4.95545859330761,250,0.0288432530142523,4.7490468887614,0.0487535973698656,300.0038147,300.004303,15716.2119140625,15836.21484375,56.5602029085829,20.8331800075917,8.884414,0,0,0,40,4449,299.9161,15776.2133789062,,,,,,,,,,,,,0,,,,19.270751,,,,,,300.00405885,,,,
,15570997.6,300.00390625,15901.291015625,4.91829896263181,0.00787082352316619,1,0.999253354069792,40.0298881530762,1.99503115146925,11.5999998524785,26.7640417278877,5.14121416552508,250,0.0316698749471885,4.91716661542541,0.0522842179167041,300.0038147,300.0039978,15836.21484375,15966.3671875,56.8830154870253,20.8319669486317,8.884414,0,0,0,40,4449,299.9174,15901.291015625,,,,,,,,,,,,,0,,,,19.07919695,,,,,,300.00390625,,,,
,15570998.675,300.0041046,16011.3828125,5.09000056001786,0.00778171339768632,1,0.999253354069792,40.0298881530762,1.99486021185391,11.6100003942847,27.6952582899322,5.32469128237125,250,0.0335903050117173,5.08882524835955,0.054923950844342,300.0039978,300.0042114,15966.3671875,16056.3984375,56.4929828559291,20.8393578189775,8.884414,0,0,0,40,4449,299.91535,16011.3828125,,,,,,,,,,,,,0,,,,19.07919695,,,,,,300.0041046,,,,
,15570999.7,300.0046539,16111.4580078125,5.25759852310897,0.0077065056592247,1,0.999253354069792,40.0298881530762,1.99500937907835,11.6100003942847,28.6081709538696,5.50630420827618,250,0.0357770893311477,5.25637990702313,0.057812651542156,300.0042114,300.0050964,16056.3984375,16166.517578125,56.4367056025444,20.8374084125015,8.884414,0,0,0,40,4449,299.915,16111.4580078125,,,,,,,,,,,,,0,,,,19.1744862,,,,,,300.0046539,,,,
,15571000.86,300.0048523,16226.4702148438,5.42264441244633,0.00798334218977095,1,0.999253354069792,40.0298881530762,1.99492085030236,11.6100003942847,29.5043958581583,5.68194759569639,250,0.0374580399789255,5.42138522535253,0.0601846295861437,300.0046082,300.0050964,16166.517578125,16286.4228515625,56.7352876968906,20.833133899665,9.256284,0,0,0,40,4449,299.9171,16226.4702148438,,,,,,,,,,,,,0,,,,19.07919695,,,,,,300.0048523,,,,
,15571001.92,300.0045929,16336.5161132812,5.58542057491634,0.00757395419016501,1,0.999253354069792,40.0298881530762,1.99493205323469,11.6100003942847,30.3894490404399,5.85670539638851,250,0.0393475141868045,5.58412047907658,0.0627557355303246,300.0045776,300.0046082,16286.4228515625,16386.609375,56.6360208749483,20.8277309497362,8.884414,0,0,0,40,4449,299.91725,16336.5161132812,,,,,,,,,,,,,0,,,,19.07919695,,,,,,300.0045929,,,,
,15571002.915,300.00482175,16436.9296875,5.75315024963486,0.00757649256598155,1,0.999253354069792,40.0298881530762,1.99498439595368,11.6100003942847,31.3047907147834,6.0222272752464,250,0.038600703773168,5.75181919692144,0.0627117937347466,300.0045776,300.0050659,16386.609375,16487.25,56.5125235689098,20.8307965120853,8.884414,0,0,0,40,4449,299.9182,16436.9296875,,,,,,,,,,,,,0,,,,19.07919695,,,,,,300.00482175,,,,
,15571004,300.00515745,16542.3330078125,6.07433565432137,0.00745821232684157,1,0.999253354069792,40.0298881530762,1.99481052261517,11.6100003942847,33.0475850752593,6.36907374314394,250,0.0428083124461148,6.07292166014426,0.0682645861894947,300.0050659,300.005249,16487.25,16597.416015625,56.5719273363714,20.8276649471854,8.884414,0,0,0,40,4449,299.91865,16542.3330078125,,,,,,,,,,,,,0,,,,18.9839077,,,,,,300.00515745,,,,
,15571005.13,300.0050354,16657.4375,6.23312715875902,0.00704442165386303,1,0.999253354069792,40.0298881530762,1.99476048618578,11.6100003942847,33.9093621900239,6.5424399943091,250,0.0452183383044451,6.23167087210446,0.0713392832584343,300.0048218,300.005249,16597.416015625,16717.458984375,56.7939098358329,20.8316773671493,9.256284,0,0,0,40,4449,299.9192,16657.4375,,,,,,,,,,,,,0,,,,18.9839077,,,,,,300.0050354,,,,
,15571006.265,300.0054016,16772.494140625,6.40066921311961,0.00747701584073609,1,0.999253354069792,40.0298881530762,1.99483615596844,11.6100003942847,34.8230482889528,6.71348146989114,250,0.0455048917539507,6.39917764403736,0.0723276199844538,300.0048218,300.0059814,16717.458984375,16827.529296875,56.6071006197368,20.8257290609186,9.256284,0,0,0,40,4449,299.9195,16772.494140625,,,,,,,,,,,,,0,,,,19.07919695,,,,,,300.0054016,,,,
,15571007.385,300.0055542,16882.5703125,6.56360222888843,0.0076014920270371,1,0.999253354069792,40.0298881530762,1.99499072232388,11.6100003942847,35.7083330165182,6.90568805534339,250,0.0504797946405524,6.56205669976181,0.0779841080105157,300.005127,300.0059814,16827.529296875,16937.611328125,56.8071975206598,20.8305808576605,8.512546,0,0,0,40,4449,299.91905,16882.5703125,,,,,,,,,,,,,0,,,,19.1744862,,,,,,300.0055542,,,,
,15571008.415,300.0056458,16982.6123046875,6.71375031559267,0.00675446384074911,1,0.999253354069792,40.0298881530762,1.99487797239176,11.6100003942847,36.5217127941929,7.07118346458727,250,0.0530871064106622,6.7121633619848,0.0812199043365345,300.005127,300.0061646,16937.611328125,17027.61328125,56.5047072837175,20.8248802565227,9.628152,0,0,0,40,4449,299.9187,16982.6123046875,,,,,,,,,,,,,0,,,,18.9848366,,,,,,300.0056458,,,,
,15571010.32,300.00572205,17177.740234375,6.87264825700044,0.00769710077917134,1,0.999253354069792,40.0298881530762,1.99499057899638,11.6100003942847,37.3896329454669,7.2309387590042,250,0.0528756137352342,6.87102993802982,0.0816739739298493,300.0053406,300.0061035,17167.751953125,17187.728515625,56.2639656997944,20.8247252326876,9.256284,0,0,0,40,4449,299.9159,17177.740234375,,,,,,,,,,,,,0,,,,18.9839077,,,,,,300.00572205,,,,
,15571011.84,300.0063477,17327.6806640625,7.1810526384118,0.00739426879409387,1,0.999253354069792,40.0298881530762,1.99493950231082,11.6100003942847,39.0638096752726,7.56966554403609,250,0.0578981496375546,7.17935048141257,0.0879877415254211,300.0063477,300.0063477,17317.7265625,17337.634765625,56.7665528376599,20.8245762297944,8.512546,0,0,0,40,4449,299.91435,17327.6806640625,,,,,,,,,,,,,0,,,,18.9848366,,,,,,300.0063477,,,,
,15571012.44,300.0064087,17387.638671875,7.33176813811864,0.00714096649054401,1,0.999253354069792,40.0298881530762,1.99496777976787,11.6100003942847,39.8852621078923,7.72307682999413,250,0.0580917946169869,7.33003455886807,0.0888127601014437,300.0063477,300.0064697,17337.634765625,17437.642578125,56.6250780756791,20.8265090997023,8.512546,0,0,0,40,4449,299.91485,17387.638671875,,,,,,,,,,,,,0,,,,18.9848366,,,,,,300.0064087,,,,
,15571013.51,300.00653075,17492.703125,7.48261154828046,0.00659985236324279,1,0.999253354069792,40.0298881530762,1.99490372780316,11.6100003942847,40.7042019535138,7.88379215883401,250,0.059667124330578,7.48084073672299,0.0910194795110411,300.0064697,300.0065918,17437.642578125,17547.763671875,56.8611298884868,20.8248315029465,8.884414,0,0,0,40,4449,299.91535,17492.703125,,,,,,,,,,,,,0,,,,19.07919695,,,,,,300.00653075,,,,
,15571014.675,300.0060425,17612.7890625,7.63230078687272,0.00642483221238595,1,0.999253354069792,40.0298881530762,1.99489755344666,11.6100003942847,41.5186537346012,8.03991552689009,250,0.0605736372894566,7.63049595265109,0.0925526700414023,300.0054932,300.0065918,17547.763671875,17677.814453125,56.6907348712945,20.8199153376874,8.512546,0,0,0,40,4449,299.91515,17612.7890625,,,,,,,,,,,,,0,,,,18.9839077,,,,,,300.0060425,,,,
,15571015.875,300.0056763,17732.8037109375,7.91848704119387,0.00737361539412994,1,0.999253354069792,40.0298881530762,1.9947988827729,11.6100003942847,43.070545303562,8.35633000340081,250,0.0656624520196147,7.91660287895737,0.0988395461366027,300.0054932,300.0058594,17677.814453125,17787.79296875,56.6969878994483,20.822394223353,9.256284,0,0,0,40,4449,299.91395,17732.8037109375,,,,,,,,,,,,,0,,,,19.07919695,,,,,,300.0056763,,,,
,15571017.1,300.0058899,17852.837890625,8.06348570236696,0.00771642030277378,1,0.999253354069792,40.0298881530762,1.99476738861217,11.6100003942847,43.8577467505417,8.51356148749336,250,0.0676633463861213,8.06156369962654,0.101447117895116,300.0058594,300.0059204,17787.79296875,17917.8828125,56.5195582255829,20.829772003329,8.512546,0,0,0,40,4449,299.9142,17852.837890625,,,,,,,,,,,,,0,,,,19.07919695,,,,,,300.0058899,,,,
,15571018.22,300.0059204,17967.884765625,8.21229807100695,0.0075186814969211,1,0.999253354069792,40.0298881530762,1.99488420445258,11.6100003942847,44.6670402390543,8.68549786491218,250,0.0715419569341468,8.2103296515371,0.105947862600031,300.0059204,300.0059204,17917.8828125,18017.88671875,56.6000659630637,20.8249367219225,9.256284,0,0,0,40,4449,299.91555,17967.884765625,,,,,,,,,,,,,0,,,,18.9839077,,,,,,300.0059204,,,,
,15571019.26,300.0056305,18072.8662109375,8.3411259943867,0.00740787613565551,1,0.999253354069792,40.0298881530762,1.99476391257907,11.6100003942847,45.3628190088842,8.83339450400714,250,0.0748976401868235,8.33911747173689,0.109842377490972,300.0053406,300.0059204,18017.88671875,18127.845703125,56.4851665707367,20.8256190006922,8.884414,0,0,0,40,4449,299.91455,18072.8662109375,,,,,,,,,,,,,0,,,,18.9839077,,,,,,300.0056305,,,,
,15571020.335,300.0057068,18177.837890625,8.49128385534467,0.00961518754827955,1,0.999253354069792,40.0298881530762,1.99464659643254,11.6100003942847,46.1784518728148,8.98297807222085,250,0.074608775620388,8.48924606216298,0.110182460583072,300.0053406,300.006073,18127.845703125,18227.830078125,56.8118872917752,20.8269594464297,8.884414,0,0,0,40,4449,299.9136,18177.837890625,,,,,,,,,,,,,0,,,,18.9839077,,,,,,300.0057068,,,,
,15571021.31,300.006073,18277.828125,8.64194280385615,0.0061619979390124,1,0.999253354069792,40.0298881530762,1.99506840749472,11.6100003942847,47.0078528741459,9.14220676945808,250,0.0755588713664647,8.63987036538711,0.111763227541573,300.006073,300.006073,18227.830078125,18327.826171875,56.6899532427752,20.8177638272647,9.256284,0,0,0,40,4449,299.9136,18277.828125,,,,,,,,,,,,,0,,,,19.07919695,,,,,,300.006073,,,,
,15571022.38,300.00553895,18387.921875,8.76100304846185,0.00797146105808275,1,0.999253354069792,40.0298881530762,1.99477923617276,11.6100003942847,47.6502612700474,9.25869074631319,250,0.0751027016774243,8.75890856749987,0.111805563130939,300.0050049,300.006073,18327.826171875,18448.017578125,56.6352392464291,20.8245320803186,9.256284,0,0,0,40,4449,299.9132,18387.921875,,,,,,,,,,,,,0,,,,19.1744862,,,,,,300.00553895,,,,
,15571023.375,300.0050049,18483.03515625,8.88652775327236,0.00572976673020871,1,0.999253354069792,40.0298881530762,1.99479403248526,11.6100003942847,48.3353158965223,9.38069840844561,250,0.0742121371544332,8.88441173030266,0.111440794113203,300.0050049,300.0050049,18448.017578125,18518.052734375,56.6516534453329,20.8196100313061,9.256284,0,0,0,40,4449,299.91255,18483.03515625,,,,,,,,,,,,,0,,,,19.1744862,,,,,,300.0050049,,,,
,15571024.315,300.0056,18573.107421875,9.01709057560546,0.00412855616630629,1,0.999253354069792,40.0298881530762,1.99480128651955,11.6100003942847,49.0499506686273,9.49531933853378,250,0.0710378040765669,9.01496120901266,0.108813631379497,300.0050049,300.0061951,18518.052734375,18628.162109375,56.6594697305252,20.8267364584052,9.256284,0,0,0,40,4449,299.91335,18573.107421875,,,,,,,,,,,,,0,,,,18.9848366,,,,,,300.0056,,,,
,15571025.335,300.00613405,18678.185546875,9.13025737341312,0.00715251422438726,1,0.999253354069792,40.0298881530762,1.99459664002775,11.6100003942847,49.6621059502174,9.60525444885118,250,0.0704114522463413,9.12810753687715,0.108660991122317,300.006073,300.0061951,18628.162109375,18728.208984375,56.8744175733137,20.8197475354427,9.256284,0,0,0,40,4449,299.91365,18678.185546875,,,,,,,,,,,,,0,,,,18.9848366,,,,,,300.00613405,,,,
,15571026.375,300.0059967,18783.2080078125,9.26420127603,0.00639584664274911,1,0.999253354069792,40.0298881530762,1.99462772730813,11.6100003942847,50.3786639656235,9.8151722385207,250,0.0840859178368872,9.26196702677696,0.122893474185481,300.0059204,300.006073,18728.208984375,18838.20703125,57.0127658212176,20.817962727229,9.256284,0,0,0,40,4449,299.91295,18783.2080078125,,,,,,,,,,,,,0,,,,19.1744862,,,,,,300.0059967,,,,
,15571027.82,300.00616455,18928.142578125,9.56044363473903,0.0086370688457233,1,0.999253354069792,40.0298881530762,1.9945918379775,11.6100003942847,51.9827716160458,10.1609141210342,250,0.0926610633259384,9.55811330021272,0.132707560117211,300.0059204,300.0064087,18838.20703125,19018.078125,56.6735390438714,20.8243941822251,8.884414,0,0,0,40,4449,299.9122,18928.142578125,,,,,,,,,,,,,0,,,,19.270751,,,,,,300.00616455,,,,
,15571029.28,300.00698855,19073.07421875,9.69482354582626,0.00565930426089284,1,0.999253354069792,40.0298881530762,1.99494431959721,11.6100003942847,52.7289208225648,10.2709506485781,250,0.0876210070155642,9.69248683068557,0.128230837411806,300.0064087,300.0075684,19018.078125,19128.0703125,56.8423708040252,20.823399055912,8.884414,0,0,0,40,4449,299.9115,19073.07421875,,,,,,,,,,,,,0,,,,19.0811014,,,,,,300.00698855,,,,
,15571031.345,300.0062866,19278.1806640625,9.80707403244559,0.00654102912665439,1,0.999253354069792,40.0298881530762,1.99496075988029,11.6100003942847,53.3363175782182,10.4091025316836,250,0.092151567063285,9.80469595200408,0.133229279273967,300.0062866,300.0062866,19268.15625,19288.205078125,56.9119357422368,20.824496029322,8.884414,0,0,0,40,4449,299.913,19278.1806640625,,,,,,,,,,,,,0,,,,19.1744862,,,,,,300.0062866,,,,
,15571031.945,300.0064697,19338.2138671875,9.93257443436773,0.00586602618734912,1,0.999253354069792,40.0298881530762,1.99505202828058,11.6100003942847,54.0198035212956,10.5506726869102,250,0.0947801511729507,9.93015979828206,0.136383078149988,300.0062866,300.0066528,19288.205078125,19388.22265625,56.5985027060252,20.820649428536,9.256284,0,0,0,40,4449,299.9115,19338.2138671875,,,,,,,,,,,,,0,,,,19.07919695,,,,,,300.0064697,,,,
,15571032.975,300.00700375,19443.236328125,10.1532177960396,0.00669834337784256,1,0.999253354069792,40.0298881530762,1.9949674368286,11.6100003942847,55.222665638794,10.7568620107316,250,0.0917945877681801,10.1507707005503,0.134322288183696,300.0066528,300.0073547,19388.22265625,19498.25,56.8079791491791,20.8248846300023,8.884414,0,0,0,40,4449,299.90975,19443.236328125,,,,,,,,,,,,,0,,,,18.88954735,,,,,,300.00700375,,,,
,15571034.105,300.0065765,19558.3203125,10.2668628933381,0.00561561607378205,1,0.999253354069792,40.0298881530762,1.99481343270685,11.6100003942847,55.8335252657524,10.8928789732557,250,0.0958395076084628,10.2643760119344,0.138841791151087,300.0057983,300.0073547,19498.25,19618.390625,56.8189219484483,20.8219037661785,9.628152,0,0,0,40,4449,299.90985,19558.3203125,,,,,,,,,,,,,0,,,,18.9848366,,,,,,300.0065765,,,,
,15571035.215,300.00668335,19668.625,10.3659259439922,0.00543403477788222,1,0.999253354069792,40.0298881530762,1.99494523755318,11.6100003942847,56.3753797138336,11.0014109843527,250,0.0972644110522227,10.3634130232536,0.140680642227547,300.0057983,300.0075684,19618.390625,19718.859375,56.6008475915829,20.8217443447572,9.256284,0,0,0,40,4449,299.9104,19668.625,,,,,,,,,,,,,0,,,,19.1744862,,,,,,300.00668335,,,,
,15571036.225,300.007309,19768.943359375,10.468545032091,0.00680386338337408,1,0.999253354069792,40.0298881530762,1.99473199202785,11.6100003942847,56.9261668014995,11.1165827166707,250,0.099590139438962,10.4660013694759,0.143435078029901,300.0070496,300.0075684,19718.859375,19819.02734375,56.3765202065637,20.8231121110932,9.256284,0,0,0,40,4449,299.911,19768.943359375,,,,,,,,,,,,,0,,,,19.07919695,,,,,,300.007309,,,,
,15571037.315,300.00717165,19874.0439453125,10.5772160358432,0.00508711707968517,1,0.999253354069792,40.0298881530762,1.99455640050162,11.6100003942847,57.5146327933764,11.2177125888786,250,0.0981821670064661,10.574656332951,0.142481995693749,300.0070496,300.0072937,19819.02734375,19929.060546875,56.6696309012752,20.8244919360771,9.256284,0,0,0,40,4449,299.91095,19874.0439453125,,,,,,,,,,,,,0,,,,19.07919695,,,,,,300.00717165,,,,
,15571038.47,300.00697325,19989.0791015625,10.6744117251421,0.00586948597872709,1,0.999253354069792,40.0298881530762,1.99494007964213,11.6100003942847,58.059287781532,11.2945608462882,250,0.0938803714696948,10.6718504794252,0.138587437231831,300.0066528,300.0072937,19929.060546875,20049.09765625,56.5531682519098,20.8210369511957,9.256284,0,0,0,40,4449,299.9113,19989.0791015625,,,,,,,,,,,,,0,,,,18.9848366,,,,,,300.00697325,,,,
,15571039.52,300.0069122,20094.1162109375,10.7536498166098,0.00521168315161397,1,0.999253354069792,40.0298881530762,1.9947549940996,11.6100003942847,58.4774773450557,11.4178492650868,250,0.102008180254712,10.7510385251447,0.14704487028024,300.0066528,300.0071716,20049.09765625,20139.134765625,56.0623055418329,20.8247914301439,9.256284,0,0,0,40,4449,299.9111,20094.1162109375,,,,,,,,,,,,,0,,,,18.795187,,,,,,300.0069122,,,,
,15571040.605,300.00700375,20204.1943359375,10.8311585534661,0.00351713931274111,1,0.999253354069792,40.0298881530762,1.99450152121957,11.6100003942847,58.8880751474242,11.5180928245525,250,0.106300631487025,10.828513565674,0.151660589854039,300.0068359,300.0071716,20139.134765625,20269.25390625,56.2733452420252,20.8228804392989,8.884414,0,0,0,40,4449,299.91,20204.1943359375,,,,,,,,,,,,,0,,,,18.9848366,,,,,,300.00700375,,,,
,15571041.805,300.00660705,20324.244140625,10.8877724339693,0.00506727023418524,1,0.999253354069792,40.0298881530762,1.99407352913575,11.6100003942847,59.178220124512,11.6043350318785,250,0.112083350270975,10.8850919848474,0.157678359682668,300.0063782,300.0068359,20269.25390625,20379.234375,56.208470074929,20.830782502958,8.512546,0,0,0,40,4449,299.9105,20324.244140625,,,,,,,,,,,,,0,,,,18.9848366,,,,,,300.00660705,,,,
,15571042.845,300.00679015,20429.2744140625,10.9483571747439,0.00453908280422474,1,0.999253354069792,40.0298881530762,1.99370675555252,11.6100003942847,59.4877779966615,11.7157136541279,250,0.121689079746963,10.9456242139647,0.167534954545974,300.0063782,300.0072021,20379.234375,20479.314453125,56.4101302328906,20.8355737490569,9.256284,0,0,0,40,4449,299.9118,20429.2744140625,,,,,,,,,,,,,0,,,,18.795187,,,,,,300.00679015,,,,
,15571043.89,300.007019,20534.2216796875,11.1185219330075,0.00629699384777994,1,0.999253354069792,40.0298881530762,1.99382172368985,11.6100003942847,60.4151635503859,11.9017051883429,250,0.124174665638669,11.1157439983687,0.170732177782987,300.0068359,300.0072021,20479.314453125,20589.12890625,56.4367056025444,20.8361839145142,9.256284,0,0,0,40,4449,299.9118,20534.2216796875,,,,,,,,,,,,,0,,,,18.795187,,,,,,300.007019,,,,
,15571045.15,300.0072937,20659.1953125,11.20902672855,0.00646883654246138,1,0.999253354069792,40.0298881530762,1.99413532595746,11.6100003942847,60.9121627211328,12.0226442547948,250,0.129266207854615,11.206209049419,0.176201146924072,300.0068359,300.0077515,20589.12890625,20729.26171875,56.2381719586598,20.8403207091396,8.512546,0,0,0,40,4449,299.9105,20659.1953125,,,,,,,,,,,,,0,,,,18.9848366,,,,,,300.0072937,,,,
,15571046.29,300.0077515,20774.30078125,11.291972401842,0.00653389202225699,1,0.999253354069792,40.0298881530762,1.99398232312324,11.6100003942847,61.3618351873018,12.0917243803888,250,0.12673799517458,11.2891483609819,0.174020218170635,300.0077515,300.0077515,20729.26171875,20819.33984375,56.3421285517175,20.8413748858238,9.256284,0,0,0,40,4449,299.90965,20774.30078125,,,,,,,,,,,,,0,,,,19.07919695,,,,,,300.0077515,,,,
,15571047.35,300.0073395,20879.369140625,11.367815566728,0.00492308306037023,1,0.999253354069792,40.0298881530762,1.99376830629823,11.6100003942847,61.7625957354506,12.1981835158299,250,0.132460469571791,11.3649524292211,0.180058299355794,300.0069275,300.0077515,20819.33984375,20939.3984375,57.2066096939868,20.8342499685596,9.256284,0,0,0,40,4449,299.9105,20879.369140625,,,,,,,,,,,,,0,,,,18.9839077,,,,,,300.0073395,,,,
,15571048.485,300.0071564,20994.4140625,11.4446930191929,0.0066768297258835,1,0.999253354069792,40.0298881530762,1.99391851379498,11.6100003942847,62.1836947077798,12.287795770933,250,0.134498838588353,11.4418059010602,0.182417488646044,300.0069275,300.0073853,20939.3984375,21049.4296875,56.3171164391021,20.838233504222,8.884414,0,0,0,40,4449,299.91015,20994.4140625,,,,,,,,,,,,,0,,,,19.07919695,,,,,,300.0071564,,,,
,15571049.455,300.0073853,21094.392578125,11.5274274960225,0.00564263113262667,1,0.999253354069792,40.0298881530762,1.99358246965047,11.6100003942847,62.6204935751161,12.3877489577427,250,0.137888332286904,11.5245093343648,0.186152426168247,300.0073853,300.0073853,21049.4296875,21139.35546875,56.9893169656406,20.8366197358947,8.884414,0,0,0,40,4449,299.90845,21094.392578125,,,,,,,,,,,,,0,,,,19.1744862,,,,,,300.0073853,,,,
,15571050.56,300.00769045,21204.4169921875,11.5937887865232,0.00562994403629716,1,0.999253354069792,40.0298881530762,1.9940500492652,11.6200000047684,62.9989614704297,12.44264962786,250,0.135146172095846,11.5908686436085,0.183687586782904,300.0073853,300.0079956,21139.35546875,21269.478515625,56.157664221179,20.8372823868758,9.256284,0,0,0,40,4449,299.91035,21204.4169921875,,,,,,,,,,,,,0,,,,19.07919695,,,,,,300.00769045,,,,
,15571051.81,300.00733945,21329.4501953125,11.6660482184,0.00489770887196382,1,0.999253354069792,40.0298881530762,1.9938655424735,11.6100003942847,63.3827505428221,12.5360103673976,250,0.139100512682269,11.663097100262,0.18794282056411,300.0066833,300.0079956,21269.478515625,21389.421875,56.3655774072944,20.8333864060021,8.884414,0,0,0,40,4449,299.9104,21329.4501953125,,,,,,,,,,,,,0,,,,19.07919695,,,,,,300.00733945,,,,
,15571052.78,300.0066833,21424.404296875,11.738039437271,0.00590880242343992,1,0.999253354069792,40.0298881530762,1.9938655424735,11.6100003942847,63.7728665910426,12.6188763514883,250,0.140970527500211,11.7350662051854,0.19011357021727,300.0066833,300.0066833,21389.421875,21459.38671875,56.3515080939483,20.8333864060021,8.512546,0,0,0,40,4449,299.90885,21424.404296875,,,,,,,,,,,,,0,,,,19.07919695,,,,,,300.0066833,,,,
,15571053.82,300.00704955,21524.482421875,11.8706174042995,0.00568225604325004,1,0.999253354069792,40.0298881530762,1.99407689167637,11.6100003942847,64.5024025711465,12.7488388471793,250,0.140014307270271,11.8676212048659,0.189712012403398,300.0066833,300.0074158,21459.38671875,21589.578125,56.6305494753137,20.8377584768292,9.256284,0,0,0,40,4449,299.9093,21524.482421875,,,,,,,,,,,,,0,,,,19.07919695,,,,,,300.00704955,,,,
,15571055.11,300.0078888,21654.5087890625,11.9343083561863,0.00583589863510764,1,0.999253354069792,40.0298881530762,1.9938829094477,11.6100003942847,64.8430415012919,12.8122097850581,250,0.14006576663779,11.9312987578913,0.190029202745742,300.0074158,300.0083618,21589.578125,21719.439453125,56.5109603118714,20.837596641964,9.256284,0,0,0,40,4449,299.9092,21654.5087890625,,,,,,,,,,,,,0,,,,19.07919695,,,,,,300.0078888,,,,
,15571056.25,300.008728,21769.568359375,11.9863509691902,0.00594801922803673,1,0.999253354069792,40.0298881530762,1.99379380882116,11.6100003942847,65.1150554030967,12.9101900211842,250,0.148514168595324,11.9832951474202,0.198692949690209,300.0083618,300.0090942,21719.439453125,21819.697265625,56.330404123929,20.8331995152556,8.884414,0,0,0,40,4449,299.9091,21769.568359375,,,,,,,,,,,,,0,,,,18.9839077,,,,,,300.008728,,,,
,15571057.345,300.00886535,21879.7197265625,12.0474625508749,0.00518582212780954,1,0.999253354069792,40.0298881530762,1.99393280136577,11.6100003942847,65.4515944876728,12.9763207590201,250,0.149166898672429,12.0443916081414,0.199600781061032,300.0086365,300.0090942,21819.697265625,21939.7421875,56.249114757929,20.8370106574278,8.512546,0,0,0,40,4449,299.90825,21879.7197265625,,,,,,,,,,,,,0,,,,18.9839077,,,,,,300.00886535,,,,
,15571058.495,300.0084839,21994.7216796875,12.0920064451688,0.00562755058730971,1,0.999253354069792,40.0298881530762,1.99392569420428,11.6100003942847,65.6934530628096,13.0237861387776,250,0.149633546045605,12.0889247880655,0.200252875715684,300.0083313,300.0086365,21939.7421875,22049.701171875,56.1052951103906,20.8350102211301,9.256284,0,0,0,40,4449,299.90865,21994.7216796875,,,,,,,,,,,,,0,,,,18.9839077,,,,,,300.0084839,,,,
,15571059.495,300.0079956,22094.7060546875,12.1472909947422,0.00579003617505546,1,0.999253354069792,40.0298881530762,1.99388090095458,11.6100003942847,65.9883402480727,13.1047204835289,250,0.154299567526673,12.1441789137085,0.20514837934914,300.0076599,300.0083313,22049.701171875,22139.7109375,56.3632325217367,20.8345654329694,8.884414,0,0,0,40,4449,299.91015,22094.7060546875,,,,,,,,,,,,,0,,,,19.07919695,,,,,,300.0079956,,,,
,15571060.555,300.0075073,22199.69921875,12.2056192234643,0.00337706127328814,1,0.999253354069792,40.0298881530762,1.99396152132121,11.6100003942847,66.3131405306322,13.1394452733182,250,0.149767285990096,12.2025146189006,0.200860302734489,300.0073547,300.0076599,22139.7109375,22259.6875,56.4968909985252,20.832967323345,9.628152,0,0,0,40,4449,299.91085,22199.69921875,,,,,,,,,,,,,0,,,,18.9848366,,,,,,300.0075073,,,,
,15571061.75,300.0075836,22319.6884765625,12.2533822201781,0.00584051304766232,1,0.999253354069792,40.0298881530762,1.99383574013132,11.6100003942847,66.5630270567534,13.2197996227259,250,0.155817597032455,12.2502426421259,0.207108558631075,300.0073547,300.0078125,22259.6875,22379.689453125,56.238953587179,20.8318100183866,8.884414,0,0,0,40,4449,299.91015,22319.6884765625,,,,,,,,,,,,,0,,,,18.88954735,,,,,,300.0075836,,,,
,15571062.815,300.00782775,22429.7158203125,12.2985975876785,0.0060918365007796,1,0.999253354069792,40.0298881530762,1.99404458548432,11.6100003942847,66.8248624218754,13.219275724699,250,0.147090107689478,12.2954853309263,0.198571723097389,300.0078125,300.007843,22379.689453125,22479.7421875,56.6782288149868,20.8348957673733,8.512546,0,0,0,40,4449,299.90795,22429.7158203125,,,,,,,,,,,,,0,,,,19.07919695,,,,,,300.00782775,,,,
,15571063.815,300.00764465,22529.736328125,12.3457330225179,0.00646850158088725,1,0.999253354069792,40.0298881530762,1.9939461850383,11.6200000047684,67.07085972616,13.3064556011891,250,0.154479050809487,12.342580569292,0.206154447702442,300.0074463,300.007843,22479.7421875,22579.73046875,57.2120810936214,20.8370292187023,8.884414,0,0,0,40,4449,299.91425,22529.736328125,,,,,,,,,,,,,0,,,,19.07919695,,,,,,300.00764465,,,,
,15571064.89,300.0079346,22634.7373046875,12.4362265270482,0.00457249250831689,1,0.999253354069792,40.0298881530762,1.99384225142838,11.6100003942847,67.5551076726101,13.424583847703,250,0.159520423577519,12.4330346891086,0.2115717338099,300.0074463,300.0084229,22579.73046875,22689.744140625,56.5859966497175,20.8368189351329,8.884414,0,0,0,40,4449,299.9199,22634.7373046875,,,,,,,,,,,,,0,,,,18.88954735,,,,,,300.0079346,,,,
,15571066.075,300.00854495,22754.818359375,12.4660143980113,0.00466830094890158,1,0.999253354069792,40.0298881530762,1.99401543269343,11.6100003942847,67.7224278040413,13.459088354428,250,0.160125226042769,12.4628137580178,0.212300649651622,300.0084229,300.008667,22689.744140625,22819.892578125,56.5305010248521,20.8342836441089,8.512546,0,0,0,40,4449,299.9173,22754.818359375,,,,,,,,,,,,,0,,,,18.9848366,,,,,,300.00854495,,,,
,15571067.185,300.0084381,22864.923828125,12.5057074820958,0.00543434402881035,1,0.999253354069792,40.0298881530762,1.99382232026111,11.6100003942847,67.9331292876761,13.4926857946727,250,0.159169690871658,12.5025029159551,0.211510828459466,300.0082092,300.008667,22819.892578125,22909.955078125,56.3569794935829,20.8379624442989,9.256284,0,0,0,40,4449,299.9161,22864.923828125,,,,,,,,,,,,,0,,,,19.07919695,,,,,,300.0084381,,,,
,15571068.275,300.0083618,22970.2685546875,12.5354273658609,0.00375643233906376,1,0.999253354069792,40.0298881530762,1.99379323367936,11.6100003942847,68.0873995499831,13.558025844076,250,0.165695310001949,12.5321895787415,0.218158644351234,300.0082092,300.0085144,22909.955078125,23030.58203125,57.3988903097176,20.8380295071521,8.512546,0,0,0,40,4449,299.9162,22970.2685546875,,,,,,,,,,,,,0,,,,18.9839077,,,,,,300.0083618,,,,
,15571069.535,300.0078125,23095.7314453125,12.5760816234823,0.00617041106535304,1,0.999253354069792,40.0298881530762,1.99391057787281,11.6100003942847,68.3182179901958,13.5699901574295,250,0.160212366102276,12.5728589049486,0.212846142962705,300.0071106,300.0085144,23030.58203125,23160.880859375,55.8676800405444,20.8362091182741,9.256284,0,0,0,40,4449,299.91535,23095.7314453125,,,,,,,,,,,,,0,,,,19.07919695,,,,,,300.0078125,,,,
,15571070.71,300.0081024,23215.900390625,12.608722086037,0.00567411912438227,1,0.999253354069792,40.0298881530762,1.99392676533537,11.6100003942847,68.4923635260321,13.6253372202721,250,0.164305172814804,12.6054755286762,0.217074275289226,300.0071106,300.0090942,23160.880859375,23270.919921875,56.4359239740252,20.8341665171194,9.256284,0,0,0,40,4449,299.9128,23215.900390625,,,,,,,,,,,,,0,,,,19.07919695,,,,,,300.0081024,,,,
,15571071.88,300.0085754,23335.9541015625,12.6640056649924,0.00528395241813156,1,0.999253354069792,40.0298881530762,1.9938512305476,11.6100003942847,68.7870986191675,13.7009231550034,250,0.168029266886096,12.6607321717048,0.221028234238512,300.0080566,300.0090942,23270.919921875,23400.98828125,56.9478906541214,20.8346461579463,8.512546,0,0,0,40,4449,299.91195,23335.9541015625,,,,,,,,,,,,,0,,,,18.9839077,,,,,,300.0085754,,,,
,15571073.165,300.00959775,23466.078125,12.6911891509168,0.00480446260875348,1,0.999253354069792,40.0298881530762,1.99377286621237,11.6200000047684,68.930963298172,13.7359784990836,250,0.169524769045248,12.6879035299152,0.222636089376138,300.0080566,300.0111389,23400.98828125,23531.16796875,56.1928375045444,20.8335733142188,9.628152,0,0,0,40,4449,299.912,23466.078125,,,,,,,,,,,,,0,,,,18.88954735,,,,,,300.00959775,,,,
,15571074.265,300.0101013,23576.0966796875,12.7198962175192,0.00548080473253544,1,0.999253354069792,40.0298881530762,1.99403705989077,11.6200000047684,69.0941426672138,13.7778047466202,250,0.171557498649893,12.7165960973231,0.224787934979865,300.0090637,300.0111389,23531.16796875,23621.025390625,56.9220969129868,20.834741668919,8.884414,0,0,0,40,4449,299.91055,23576.0966796875,,,,,,,,,,,,,0,,,,18.9848366,,,,,,300.0101013,,,,
,15571075.27,300.00860595,23676.1103515625,12.7411689711853,0.00541251738770005,1,0.999253354069792,40.0298881530762,1.99389449840936,11.6100003942847,69.1991589528063,13.8307180970955,250,0.17750749855822,12.7378404065071,0.23082503862814,300.0081482,300.0090637,23621.025390625,23731.1953125,57.268358347006,20.8323752290938,9.256284,0,0,0,40,4449,299.91,23676.1103515625,,,,,,,,,,,,,0,,,,19.1744862,,,,,,300.00860595,,,,
,15571076.39,300.00798035,23786.1474609375,12.7752910832408,0.00628163717945086,1,0.999253354069792,40.0298881530762,1.99390333840248,11.6100003942847,69.3952592183722,13.8113199469818,250,0.167608118522802,12.7719974547394,0.221069546414339,300.0078125,300.0081482,23731.1953125,23841.099609375,57.1198489283522,20.8356047258654,9.256284,0,0,0,40,4449,299.9101,23786.1474609375,,,,,,,,,,,,,0,,,,19.07919695,,,,,,300.00798035,,,,
,15571077.425,300.0085907,23886.126953125,12.7963897696068,0.00418442651673606,1,0.999253354069792,40.0298881530762,1.9941198996009,11.6100003942847,69.5171087201822,13.8362284953322,250,0.168002146150191,12.793090007308,0.22155107227648,300.0078125,300.0093689,23841.099609375,23931.154296875,56.8877052581406,20.837018772186,9.256284,0,0,0,40,4449,299.90945,23886.126953125,,,,,,,,,,,,,0,,,,19.17546175,,,,,,300.0085907,,,,
,15571078.485,300.00875855,23996.1806640625,12.8170282564225,0.0045714454934871,1,0.999253354069792,40.0298881530762,1.99408759107221,11.6100003942847,69.623296662575,13.8843853064441,250,0.173059476029218,12.8137031549823,0.226692852007536,300.0081482,300.0093689,23931.154296875,24061.20703125,56.6876083572175,20.8335972633864,9.256284,0,0,0,40,4449,299.9092,23996.1806640625,,,,,,,,,,,,,0,,,,19.270751,,,,,,300.00875855,,,,
,15571079.585,300.0083771,24106.3369140625,12.833885863643,0.00388567318526146,1,0.999253354069792,40.0298881530762,1.99419510391955,11.6100003942847,69.7147242328888,13.9239279132359,250,0.177061176429533,12.8305408395012,0.230763670056316,300.0081482,300.008606,24061.20703125,24151.466796875,56.9775925378522,20.8356668487543,8.512546,0,0,0,40,4449,299.9076,24106.3369140625,,,,,,,,,,,,,0,,,,19.07919695,,,,,,300.0083771,,,,
,15571080.58,300.00805665,24206.6025390625,12.8619022647698,0.00557625742008664,1,0.999253354069792,40.0298881530762,1.99397099895232,11.6100003942847,69.8559709082152,13.9705230354726,250,0.180703745991072,12.8585365120752,0.234522315046396,300.0075073,300.008606,24151.466796875,24261.73828125,56.567237565256,20.8371884954852,9.628152,0,0,0,40,4449,299.90565,24206.6025390625,,,,,,,,,,,,,0,,,,18.9839077,,,,,,300.00805665,,,,
,15571081.665,300.0078888,24316.779296875,12.8867135656761,0.00512088905414253,1,0.999253354069792,40.0298881530762,1.99396792781077,11.6100003942847,69.9917748746814,13.9912381978492,250,0.179912118320296,12.8833462753445,0.233833829335809,300.0075073,300.0082703,24261.73828125,24371.8203125,56.238953587179,20.8319003861843,8.884414,0,0,0,40,4449,299.9052,24316.779296875,,,,,,,,,,,,,0,,,,19.07919695,,,,,,300.0078888,,,,
,15571082.65,300.0082703,24411.953125,12.8965303042933,0.00519269793298804,1,0.999253354069792,40.0298881530762,1.99396792781077,11.6100003942847,70.044047210828,14.0075320751338,250,0.181085064484158,12.8931560326673,0.23504671545766,300.0082703,300.0082703,24371.8203125,24452.0859375,56.3835548632367,20.8319003861843,9.256284,0,0,0,40,4449,299.90545,24411.953125,,,,,,,,,,,,,0,,,,19.07919695,,,,,,300.0082703,,,,
,15571083.58,300.0085602,24507.1328125,12.9244316803125,0.00542434475948914,1,0.999253354069792,40.0298881530762,1.99394865602559,11.6100003942847,70.1984029643418,14.0189446609854,250,0.178032725627433,12.9210645066744,0.232110775320351,300.0082703,300.0088501,24452.0859375,24562.1796875,56.2225393882752,20.8303775355714,8.512546,0,0,0,40,4449,299.90625,24507.1328125,,,,,,,,,,,,,0,,,,19.07919695,,,,,,300.0085602,,,,
,15571084.67,300.0086212,24617.318359375,12.9370717689136,0.00532850340079149,1,0.999253354069792,40.0298881530762,1.9939974598256,11.6100003942847,70.2664110482724,14.045518145892,250,0.180508218713383,12.9336917201046,0.234637943906372,300.0083923,300.0088501,24562.1796875,24672.45703125,55.9208307798521,20.8366150649016,8.884414,0,0,0,40,4449,299.905,24617.318359375,,,,,,,,,,,,,0,,,,19.1744862,,,,,,300.0086212,,,,
,15571085.68,300.0083923,24717.564453125,12.9595758210304,0.00769130850176682,1,0.999253354069792,40.0298881530762,1.9939974598256,11.6100003942847,70.3925787487402,14.0487111071877,250,0.176922519445737,12.9562064046648,0.231146518914238,300.0083923,300.0083923,24672.45703125,24762.671875,56.8978664288906,20.8366150649016,8.512546,0,0,0,40,4449,299.90385,24717.564453125,,,,,,,,,,,,,0,,,,19.1744862,,,,,,300.0083923,,,,
,15571086.745,300.0080261,24822.78125,12.9982103969529,0.00708368867410657,1,0.999253354069792,40.0298881530762,1.99411280429663,11.6100003942847,70.6059402029451,14.0939404922099,250,0.177919797599575,12.9948292600986,0.232304308424714,300.0076599,300.0083923,24762.671875,24882.890625,55.8074946445636,20.8344705034324,9.256284,0,0,0,40,4449,299.9042,24822.78125,,,,,,,,,,,,,0,,,,19.07919695,,,,,,300.0080261,,,,
,15571088.015,300.00767515,24947.998046875,13.0093016880319,0.00537020877225251,1,0.999253354069792,40.0298881530762,1.99420239405444,11.6100003942847,70.6695101363215,14.1053681159818,250,0.177849156142348,13.0059188727915,0.23227915480817,300.0076599,300.0076904,24882.890625,25013.10546875,56.3890262628713,20.8355431592833,9.256284,0,0,0,40,4449,299.9033,24947.998046875,,,,,,,,,,,,,0,,,,19.07919695,,,,,,300.00767515,,,,
,15571089.185,300.0079193,25068.3056640625,13.030219269574,0.00660714271761623,1,0.999253354069792,40.0298881530762,1.99406929338852,11.6100003942847,70.7780401215127,14.1297884503619,250,0.178624561447829,13.02682896292,0.233140945905636,300.0076904,300.0081482,25013.10546875,25123.505859375,56.5273745107752,20.8374256004031,9.256284,0,0,0,40,4449,299.9029,25068.3056640625,,,,,,,,,,,,,0,,,,19.07919695,,,,,,300.0079193,,,,
,15571090.225,300.00798035,25173.58984375,13.0280103556794,0.00603396812685602,1,0.999253354069792,40.0298881530762,1.99401898212725,11.6100003942847,70.7529384491809,14.188328157041,250,0.189848995396375,13.024573590364,0.244352824090633,300.0078125,300.0081482,25123.505859375,25223.673828125,57.6857479762753,20.8310361773486,8.512546,0,0,0,40,4449,299.90315,25173.58984375,,,,,,,,,,,,,0,,,,18.9839077,,,,,,300.00798035,,,,
,15571091.375,300.0088501,25288.76953125,13.0518338586313,0.00711387060255256,1,0.999253354069792,40.0298881530762,1.99384717087929,11.6100003942847,70.8892698880251,14.1434742633112,250,0.17741414806246,13.0484440167029,0.232019199739922,300.0078125,300.0098877,25223.673828125,25353.865234375,56.5453519667175,20.8339061802135,8.884414,0,0,0,40,4449,299.90295,25288.76953125,,,,,,,,,,,,,0,,,,19.07919695,,,,,,300.0088501,,,,
,15571092.54,300.0088501,25403.923828125,13.0676458260635,0.005157463745645,1,0.999253354069792,40.0298881530762,1.99399021513099,11.6100003942847,70.9765075267307,14.1810577948548,250,0.181203628888632,13.0642370474347,0.235872894241952,300.0078125,300.0098877,25353.865234375,25453.982421875,56.5297193963329,20.8333426048743,8.512546,0,0,0,40,4449,299.9036,25403.923828125,,,,,,,,,,,,,0,,,,19.270751,,,,,,300.0088501,,,,
,15571093.55,300.0079651,25504.0478515625,13.074090522289,0.0059887396396026,1,0.999253354069792,40.0298881530762,1.99397325206748,11.6200000047684,71.0082307868149,14.2024679178198,250,0.183962802022367,13.0706694101996,0.238657613979895,300.0078125,300.0081177,25453.982421875,25554.11328125,57.0385595623522,20.8378400729597,9.256284,0,0,0,40,4449,299.90335,25504.0478515625,,,,,,,,,,,,,0,,,,19.270751,,,,,,300.0079651,,,,
,15571094.605,300.0084839,25614.177734375,13.0978869350114,0.00602250077115475,1,0.999253354069792,40.0298881530762,1.99386554351492,11.6100003942847,71.1343825578989,14.2240331766941,250,0.183649105493493,13.0944621440711,0.238442844147064,300.0081177,300.0088501,25554.11328125,25674.2421875,56.188147733429,20.8374218782012,8.512546,0,0,0,40,4449,299.90205,25614.177734375,,,,,,,,,,,,,0,,,,19.07919695,,,,,,300.0084839,,,,
,15571095.64,300.00805665,25719.3740234375,13.1002487805281,0.0070167103373272,1,0.999253354069792,40.0298881530762,1.99414091751042,11.6100003942847,71.1602268108801,14.2099848249189,250,0.180280567765222,13.0968379039323,0.235084109709366,300.0072632,300.0088501,25674.2421875,25764.505859375,56.6063189912175,20.8302656974878,9.256284,0,0,0,40,4449,299.90105,25719.3740234375,,,,,,,,,,,,,0,,,,19.07919695,,,,,,300.00805665,,,,
,15571096.64,300.0068512,25819.662109375,13.1212832869117,0.00657502743727289,1,0.999253354069792,40.0298881530762,1.99394557757306,11.6200000047684,71.2674942248483,14.2324592280826,250,0.180757844376261,13.1178668552516,0.235648228538126,300.0064392,300.0072632,25764.505859375,25874.818359375,55.3142870489289,20.8336126212766,8.884414,0,0,0,40,4449,299.9019,25819.662109375,,,,,,,,,,,,,0,,,,19.1744862,,,,,,300.0068512,,,,
,15571097.75,300.00689695,25929.9345703125,13.1345113667246,0.00605837384420188,1,0.999253354069792,40.0298881530762,1.99395284365687,11.6100003942847,71.3349858874153,14.2717200071144,250,0.185506805092264,13.1310724697402,0.240450540618679,300.0064392,300.0073547,25874.818359375,25985.05078125,56.4601544581214,20.8345850520991,8.512546,0,0,0,40,4449,299.902,25929.9345703125,,,,,,,,,,,,,0,,,,19.270751,,,,,,300.00689695,,,,
,15571098.755,300.00692745,26030.103515625,13.1371414332473,0.00580627757298992,1,0.999253354069792,40.0298881530762,1.99392276611206,11.6100003942847,71.3458792096244,14.2869991337404,250,0.187864569764623,13.1336922262867,0.242817871144061,300.0065002,300.0073547,25985.05078125,26075.15625,57.1034347294484,20.8302042877602,9.628152,0,0,0,40,4449,299.9021,26030.103515625,,,,,,,,,,,,,0,,,,19.17546175,,,,,,300.00692745,,,,
,15571099.805,300.0068817,26135.314453125,13.1481958294565,0.00628116516989241,1,0.999253354069792,40.0298881530762,1.9940409063441,11.6100003942847,71.4153243901097,14.2713451887355,250,0.182789876159337,13.1447657770333,0.237789302890898,300.0065002,300.0072632,26075.15625,26195.47265625,56.2835064127752,20.8318153208998,9.256284,0,0,0,40,4449,299.90295,26135.314453125,,,,,,,,,,,,,0,,,,19.07919695,,,,,,300.0068817,,,,
,15571100.93,300.0072174,26245.5673828125,13.1725841330088,0.00541649481716693,1,0.999253354069792,40.0298881530762,1.99387111816958,11.6100003942847,71.5404985575086,14.3039252164884,250,0.18446955767263,13.1691420354335,0.239569900248907,300.0071716,300.0072632,26195.47265625,26295.662109375,56.6696309012752,20.8369760480314,9.256284,0,0,0,40,4449,299.90195,26245.5673828125,,,,,,,,,,,,,0,,,,19.07919695,,,,,,300.0072174,,,,
,15571102.055,300.0069885,26355.8544921875,13.1821903089269,0.00554629385467518,1,0.999253354069792,40.0298881530762,1.99415521466709,11.6100003942847,71.6021741064006,14.3187295304259,250,0.185042943130809,13.1787440891767,0.240182357426111,300.0068054,300.0071716,26295.662109375,26416.046875,57.1214121853907,20.8291492775794,8.884414,0,0,0,40,4449,299.90185,26355.8544921875,,,,,,,,,,,,,0,,,,19.07919695,,,,,,300.0069885,,,,
,15571103.23,300.0069275,26476.201171875,13.1877654170104,0.00601482755381367,1,0.999253354069792,40.0298881530762,1.99392331423939,11.6200000047684,71.6254677961628,14.3170582265113,250,0.1840016482328,13.1843225956105,0.239163348644035,300.0068054,300.0070496,26416.046875,26536.35546875,56.7235632691022,20.8335591894542,8.884414,0,0,0,40,4449,299.9024,26476.201171875,,,,,,,,,,,,,0,,,,19.07919695,,,,,,300.0069275,,,,
,15571104.375,300.00720215,26591.474609375,13.2135877229426,0.00510631905079206,1,0.999253354069792,40.0298881530762,1.99400348703821,11.6200000047684,71.7722375520661,14.3256431241363,250,0.180688141893551,13.2101535107237,0.235957627197843,300.0070496,300.0073547,26536.35546875,26646.59375,57.2417829773522,20.8314071544563,8.884414,0,0,0,40,4449,299.9018,26591.474609375,,,,,,,,,,,,,0,,,,19.07919695,,,,,,300.00720215,,,,
,15571105.42,300.0068512,26696.7109375,13.2096294526453,0.00531047716749668,1,0.999253354069792,40.0298881530762,1.99400287360083,11.6100003942847,71.7494469044135,14.328200313001,250,0.181893560312827,13.2061912960951,0.237145082875888,300.0063477,300.0073547,26646.59375,26746.828125,56.3999690621406,20.8271222778561,9.256284,0,0,0,40,4449,299.9025,26696.7109375,,,,,,,,,,,,,0,,,,19.1744862,,,,,,300.0068512,,,,
,15571106.4,300.0067139,26796.9228515625,13.2241266898973,0.0055044057353351,1,0.999253354069792,40.0298881530762,1.99398677312317,11.6100003942847,71.8206830755265,14.3812554991856,250,0.188970305726761,13.2206561664681,0.244279965089068,300.0063477,300.0070801,26746.828125,26847.017578125,56.9142806277945,20.833699097556,9.256284,0,0,0,40,4449,299.9032,26796.9228515625,,,,,,,,,,,,,0,,,,19.1744862,,,,,,300.0067139,,,,
,15571108.375,300.0070496,26997.4111328125,13.2251707313904,0.00518706842593862,1,0.999253354069792,40.0298881530762,1.99423544660901,11.6200000047684,71.845977367801,14.3254031852762,250,0.178202188025112,13.2217451178627,0.233516438090901,300.0070496,300.0070496,26987.345703125,27007.4765625,56.2241026453136,20.8307293293822,9.256284,0,0,0,40,4449,299.9034,26997.4111328125,,,,,,,,,,,,,0,,,,19.07919695,,,,,,300.0070496,,,,
,15571108.995,300.00712585,27057.4296875,13.2451028799924,0.00573767329721445,1,0.999253354069792,40.0298881530762,1.99413589500782,11.6200000047684,71.9445814353108,14.3796032898682,250,0.184587475838504,13.2416465230612,0.23998334278103,300.0070496,300.0072021,27007.4765625,27107.3828125,55.923957293929,20.8320631619704,8.884414,0,0,0,40,4449,299.9031,27057.4296875,,,,,,,,,,,,,0,,,,19.07919695,,,,,,300.00712585,,,,
,15571110.065,300.00718685,27162.5830078125,13.2448091445322,0.00597041851976979,1,0.999253354069792,40.0298881530762,1.99413361916382,11.6100003942847,71.9392210724816,14.3991431216824,250,0.188233699175047,13.2413376474833,0.243626786241998,300.0071716,300.0072021,27107.3828125,27217.783203125,56.3882446343521,20.8349923585303,8.884414,0,0,0,40,4449,299.9022,27162.5830078125,,,,,,,,,,,,,0,,,,18.9848366,,,,,,300.00718685,,,,
,15571111.165,300.00692745,27272.859375,13.2525572745403,0.00589629852168966,1,0.999253354069792,40.0298881530762,1.99402972754486,11.6200000047684,71.9722598098425,14.4359064298588,250,0.193683298454684,13.249061631721,0.249106772853512,300.0066833,300.0071716,27217.783203125,27327.935546875,56.6391473890252,20.8367111525826,9.256284,0,0,0,40,4449,299.90165,27272.859375,,,,,,,,,,,,,0,,,,18.9848366,,,,,,300.00692745,,,,
,15571112.32,300.0072784,27388.134765625,13.2643594198589,0.00721671785677959,1,0.999253354069792,40.0298881530762,1.99401882240702,11.6100003942847,72.042923579464,14.4111887056348,250,0.186971606089066,13.2608894770899,0.242444264604361,300.0066833,300.0078735,27327.935546875,27448.333984375,56.2756901275829,20.8307062503273,8.512546,0,0,0,40,4449,299.90375,27388.134765625,,,,,,,,,,,,,0,,,,19.07919695,,,,,,300.0072784,,,,
,15571113.375,300.00822445,27493.373046875,13.2696615268073,0.00572242733864439,1,0.999253354069792,40.0298881530762,1.99401984125895,11.6200000047684,72.068763992317,14.4330869466722,250,0.190009535127896,13.2661774414097,0.245502790054304,300.0078735,300.0085754,27448.333984375,27538.412109375,56.6649411301598,20.8355988158191,8.512546,0,0,0,40,4449,299.90355,27493.373046875,,,,,,,,,,,,,0,,,,18.9839077,,,,,,300.00822445,,,,
,15571114.425,300.00785825,27598.587890625,13.2818799540981,0.00507518719136533,1,0.999253354069792,40.0298881530762,1.99407032445583,11.6200000047684,72.1343891710818,14.4603041801678,250,0.19267742416579,13.2783825106712,0.248220348068383,300.0071411,300.0085754,27538.412109375,27658.763671875,56.3491632083906,20.8300974058784,9.256284,0,0,0,40,4449,299.90315,27598.587890625,,,,,,,,,,,,,0,,,,19.07919695,,,,,,300.00785825,,,,
,15571115.635,300.007843,27718.8740234375,13.2839447662269,0.00642884478389717,1,0.999253354069792,40.0298881530762,1.99421339422921,11.6100003942847,72.1541978016652,14.4444333603591,250,0.189196100230379,13.2804616436678,0.244746904978676,300.0071411,300.0085449,27658.763671875,27778.984375,56.3960609195444,20.8339277102649,8.884414,0,0,0,40,4449,299.90455,27718.8740234375,,,,,,,,,,,,,0,,,,19.1744862,,,,,,300.007843,,,,
,15571116.79,300.0083313,27834.1201171875,13.2893657818155,0.00617280710879979,1,0.999253354069792,40.0298881530762,1.99419377046753,11.6100003942847,72.1860915837168,14.4332448601091,250,0.186162967663527,13.2858941234872,0.241736086245512,300.0081177,300.0085449,27778.984375,27889.255859375,56.6196066760444,20.8301441802908,9.628152,0,0,0,40,4449,299.90395,27834.1201171875,,,,,,,,,,,,,0,,,,19.07919695,,,,,,300.0083313,,,,
,15571117.875,300.0080414,27944.2412109375,13.3001034860078,0.00506341333997138,1,0.999253354069792,40.0298881530762,1.99402404328392,11.6100003942847,72.2372905381039,14.449822047473,250,0.187437067415864,13.296624574846,0.243053853384759,300.0079651,300.0081177,27889.255859375,27999.2265625,57.3418314278138,20.8292125458354,8.512546,0,0,0,40,4449,299.9037,27944.2412109375,,,,,,,,,,,,,0,,,,19.07919695,,,,,,300.0080414,,,,
,15571119.045,300.0079956,28059.3076171875,13.3100992469758,0.0052838606659229,1,0.999253354069792,40.0298881530762,1.99419490723579,11.6100003942847,72.2999077640618,14.4495569333556,250,0.185314660482685,13.3066273636181,0.240972360475102,300.0079651,300.0080261,27999.2265625,28119.388671875,56.4671891147944,20.8411496437121,9.256284,0,0,0,40,4449,299.90475,28059.3076171875,,,,,,,,,,,,,0,,,,19.07919695,,,,,,300.0079956,,,,
,15571120.195,300.00811765,28174.5712890625,13.3215988012048,0.00543328124709436,1,0.999253354069792,40.0298881530762,1.99421522625208,11.6100003942847,72.3628618588934,14.4634269708505,250,0.185704308029863,13.3181230571514,0.241408611657392,300.0080261,300.0082092,28119.388671875,28229.75390625,56.6274229612368,20.8299151401986,9.256284,0,0,0,40,4449,299.9062,28174.5712890625,,,,,,,,,,,,,0,,,,19.17546175,,,,,,300.00811765,,,,
,15571121.3,300.0072174,28289.826171875,13.3139151025929,0.00650077583412155,1,0.999253354069792,40.0298881530762,1.99403721369476,11.6100003942847,72.3038859143476,14.5128672110142,250,0.196439589417159,13.31039650574,0.252108960516909,300.0062256,300.0082092,28229.75390625,28349.8984375,56.5531682519098,20.8279434765464,9.256284,0,0,0,40,4449,299.9039,28289.826171875,,,,,,,,,,,,,0,,,,19.17546175,,,,,,300.0072174,,,,
,15571122.4,300.00646975,28400.0087890625,13.31863533983,0.00640714485577328,1,0.999253354069792,40.0298881530762,1.9939581928411,11.6200000047684,72.3356571434584,14.4692953815548,250,0.187666431567896,13.3151529494296,0.243356562327715,300.0062256,300.0067139,28349.8984375,28450.119140625,56.056052513679,20.8283619899163,8.884414,0,0,0,40,4449,299.90255,28400.0087890625,,,,,,,,,,,,,0,,,,19.17546175,,,,,,300.00646975,,,,
,15571123.39,300.0062256,28495.2333984375,13.3352103713749,0.00539614071531939,1,0.999253354069792,40.0298881530762,1.99433396289642,11.6100003942847,72.4356872916715,14.5077634233892,250,0.191170221202378,13.3317103309582,0.246926779012117,300.0057373,300.0067139,28450.119140625,28540.34765625,56.6172617904868,20.8325051406011,8.884414,0,0,0,40,4449,299.90845,28495.2333984375,,,,,,,,,,,,,0,,,,19.0811014,,,,,,300.0062256,,,,
,15571124.44,300.00657655,28600.5166015625,13.3356568914447,0.00670599118079532,1,0.999253354069792,40.0298881530762,1.99400566600705,11.6100003942847,72.4261399331154,14.5077957335128,250,0.191523033721749,13.3321553469763,0.247279275544891,300.0057373,300.0074158,28540.34765625,28660.685546875,56.7470121246791,20.8356841930562,9.256284,0,0,0,40,4449,299.9134,28600.5166015625,,,,,,,,,,,,,0,,,,18.795187,,,,,,300.00657655,,,,
,15571125.535,300.00782775,28710.7392578125,13.3278267552615,0.00645039647723163,1,0.999253354069792,40.0298881530762,1.99399195539965,11.6100003942847,72.3858374046898,14.4845574437539,250,0.188726136072841,13.3243379664,0.244449427396425,300.0074158,300.0082397,28660.685546875,28760.79296875,56.3991874336214,20.830237672636,9.256284,0,0,0,40,4449,299.9119,28710.7392578125,,,,,,,,,,,,,0,,,,18.88954735,,,,,,300.00782775,,,,
,15571126.495,300.00749205,28805.869140625,13.3395410577911,0.00691636041886673,1,0.999253354069792,40.0298881530762,1.99400650234763,11.6200000047684,72.4432491453831,14.5336737107876,250,0.195555262060354,13.3360215491933,0.251325650739318,300.0067444,300.0082397,28760.79296875,28850.9453125,56.0326036581021,20.8274252753021,8.512546,0,0,0,40,4449,299.9101,28805.869140625,,,,,,,,,,,,,0,,,,19.17546175,,,,,,300.00749205,,,,
,15571127.55,300.0071411,28916.1162109375,13.34653567839,0.00617933365202688,1,0.999253354069792,40.0298881530762,1.99405371447411,11.6100003942847,72.4942359810799,14.4805447784182,250,0.184441650168356,13.3430615558659,0.240242359339575,300.0067444,300.0075378,28850.9453125,28981.287109375,56.4796951711021,20.8287562624623,8.512546,0,0,0,40,4449,299.91065,28916.1162109375,,,,,,,,,,,,,0,,,,19.270751,,,,,,300.0071411,,,,
,15571128.61,300.0075378,29021.3310546875,13.3516418118986,0.00545386886565646,1,0.999253354069792,40.0298881530762,1.99429293130206,11.6100003942847,72.5227212143123,14.529475319693,250,0.192169131475594,13.3481342392066,0.247988661101271,300.0075378,300.0075378,28981.287109375,29061.375,56.8423708040252,20.8332688456808,9.256284,0,0,0,40,4449,299.9104,29021.3310546875,,,,,,,,,,,,,0,,,,19.07919695,,,,,,300.0075378,,,,
,15571129.625,300.0072479,29121.5283203125,13.3628312780469,0.00517860098805363,1,0.999253354069792,40.0298881530762,1.99406923558729,11.6100003942847,72.581501673008,14.5080351303867,250,0.18644993274897,13.3593456073569,0.242316553402416,300.006958,300.0075378,29061.375,29181.681640625,56.3093001539098,20.8284546675129,9.256284,0,0,0,40,4449,299.90995,29121.5283203125,,,,,,,,,,,,,0,,,,19.07919695,,,,,,300.0072479,,,,
,15571130.785,300.0071869,29241.810546875,13.3548506475455,0.00607725196758566,1,0.999253354069792,40.0298881530762,1.99407740395804,11.6100003942847,72.5335157145154,14.5260116751066,250,0.191221207741126,13.3513467905215,0.247052319397671,300.006958,300.0074158,29181.681640625,29301.939453125,57.017455592333,20.8333384982274,9.256284,0,0,0,40,4449,299.90985,29241.810546875,,,,,,,,,,,,,0,,,,19.07919695,,,,,,300.0071869,,,,
,15571131.95,300.00704955,29357.0625,13.3663583637577,0.00572605836384072,1,0.999253354069792,40.0298881530762,1.99389403103589,11.6200000047684,72.5834148331344,14.5700942762039,250,0.197423053221842,13.3628263850673,0.25330028464653,300.0066833,300.0074158,29301.939453125,29412.185546875,56.5148684544675,20.8249603989832,8.884414,0,0,0,40,4449,299.9082,29357.0625,,,,,,,,,,,,,0,,,,19.07919695,,,,,,300.00704955,,,,
,15571133.145,300.007431,29472.3505859375,13.3743504049932,0.00628414242722496,1,0.999253354069792,40.0298881530762,1.99413216903183,11.6100003942847,72.640906499175,14.550104999692,250,0.191959881865761,13.3708395571261,0.247870912979702,300.0066833,300.0081787,29412.185546875,29532.515625,56.5305010248521,20.8356147387911,8.512546,0,0,0,40,4449,299.9064,29472.3505859375,,,,,,,,,,,,,0,,,,19.07919695,,,,,,300.007431,,,,
,15571134.36,300.00793455,29592.876953125,13.3762699211844,0.00502370783900689,1,0.999253354069792,40.0298881530762,1.99419140870525,11.6100003942847,72.6525744020816,14.5572586163913,250,0.19284120729122,13.3727548644353,0.248759054295632,300.0076904,300.0081787,29532.515625,29653.23828125,56.7712426087752,20.8317091217914,9.256284,0,0,0,40,4449,299.9057,29592.876953125,,,,,,,,,,,,,0,,,,18.9839077,,,,,,300.00793455,,,,
,15571135.445,300.0074005,29703.4169921875,13.3818576859204,0.00512872849122148,1,0.999253354069792,40.0298881530762,1.99419685479668,11.6100003942847,72.674461645956,14.6100742204423,250,0.201497097970243,13.3783056779458,0.257435440886966,300.0071106,300.0076904,29653.23828125,29753.595703125,56.2874145553713,20.8272851218599,8.884414,0,0,0,40,4449,299.9059,29703.4169921875,,,,,,,,,,,,,0,,,,18.88954735,,,,,,300.0074005,,,,
,15571136.47,300.0076294,29808.7822265625,13.372913429233,0.00581825803795589,1,0.999253354069792,40.0298881530762,1.99368841712894,11.6100003942847,72.6087191976415,14.5919079047608,250,0.20048702778376,13.369367461911,0.256387109339779,300.0071106,300.0081482,29753.595703125,29863.96875,56.6539983308906,20.8342274345583,8.512546,0,0,0,40,4449,299.90595,29808.7822265625,,,,,,,,,,,,,0,,,,18.88954735,,,,,,300.0076294,,,,
,15571138.35,300.0064087,29999.259765625,13.3890277084379,0.00506369257646691,1,0.999253354069792,40.0298881530762,1.99409641749972,11.6100003942847,72.7101505844942,14.6154811160499,250,0.201294785167024,13.3854758845212,0.257260497063947,300.0064087,300.0064087,29994.2109375,30004.30859375,56.2608391857175,20.8305267859244,8.884414,0,0,0,40,4449,299.9048,29999.259765625,,,,,,,,,,,,,0,,,,19.1744862,,,,,,300.0064087,,,,
,15571138.935,300.00660705,30059.4951171875,13.3998450097489,0.00585657459283907,1,0.999253354069792,40.0298881530762,1.99401947235282,11.6100003942847,72.7665675390188,14.6245247852965,250,0.20105126380042,13.3962919678579,0.257061819935141,300.0064087,300.0068054,30004.30859375,30114.681640625,57.6099300099099,20.8312562093442,9.256284,0,0,0,40,4449,299.90415,30059.4951171875,,,,,,,,,,,,,0,,,,19.07919695,,,,,,300.00660705,,,,
,15571140.075,300.00660705,30169.7109375,13.3940797216712,0.00621507293835491,1,0.999253354069792,40.0298881530762,1.99395480293122,11.6200000047684,72.7427323482825,14.5650673030871,250,0.191287070078265,13.3905687806649,0.247274672237502,300.0064087,300.0068054,30114.681640625,30224.740234375,55.954440806179,20.8304660956904,9.256284,0,0,0,40,4449,299.9029,30169.7109375,,,,,,,,,,,,,0,,,,19.17546175,,,,,,300.00660705,,,,
,15571141.235,300.00712585,30284.875,13.4010267426698,0.00741215423998708,1,0.999253354069792,40.0298881530762,1.99406012770044,11.6100003942847,72.7785016971301,14.6041510302548,250,0.197039336792831,13.3974901919392,0.25305381047357,300.0064087,300.007843,30224.740234375,30345.009765625,56.6641595016406,20.8332378688827,8.884414,0,0,0,40,4449,299.90235,30284.875,,,,,,,,,,,,,0,,,,19.17546175,,,,,,300.00712585,,,,
,15571142.355,300.00733945,30400.0703125,13.4173324187938,0.00489539854202892,1,0.999253354069792,40.0298881530762,1.9940926626665,11.6100003942847,72.8687187745505,14.6194312092214,250,0.196780506688266,13.4137936858759,0.252861971874251,300.0068359,300.007843,30345.009765625,30455.130859375,56.1772049341598,20.8270643697853,8.512546,0,0,0,40,4449,299.9029,30400.0703125,,,,,,,,,,,,,0,,,,19.07919695,,,,,,300.00733945,,,,
,15571143.32,300.0070953,30495.1875,13.4194561939815,0.00562194052186363,1,0.999253354069792,40.0298881530762,1.99421483940315,11.6100003942847,72.889258506703,14.5975345434503,250,0.19220668914019,13.4159363930677,0.248296977878725,300.0068359,300.0073547,30455.130859375,30535.244140625,56.4429586306983,20.8281714058858,9.256284,0,0,0,40,4449,299.9031,30495.1875,,,,,,,,,,,,,0,,,,19.07919695,,,,,,300.0070953,,,,
,15571144.265,300.00752255,30590.3701171875,13.4157459741258,0.00533992771597074,1,0.999253354069792,40.0298881530762,1.99414108224181,11.6200000047684,72.865867864453,14.5962616507632,250,0.192758291290705,13.4122244863365,0.24883222155787,300.0073547,300.0076904,30535.244140625,30645.49609375,56.7384142109675,20.8337453618617,8.512546,0,0,0,40,4449,299.9021,30590.3701171875,,,,,,,,,,,,,0,,,,18.9839077,,,,,,300.00752255,,,,
,15571145.34,300.0075073,30700.6484375,13.4232507760559,0.00545286182302402,1,0.999253354069792,40.0298881530762,1.99419590658506,11.6100003942847,72.9083297020349,14.6061901311835,250,0.193119081587306,13.4197263886831,0.249223244089502,300.0073242,300.0076904,30645.49609375,30755.80078125,57.2073913225061,20.829900956727,9.256284,0,0,0,40,4449,299.90205,30700.6484375,,,,,,,,,,,,,0,,,,18.88954735,,,,,,300.0075073,,,,
,15571146.33,300.00712585,30800.9013671875,13.4244608478273,0.00546093132802587,1,0.999253354069792,40.0298881530762,1.99409529547085,11.6100003942847,72.9019323592452,14.6574046981786,250,0.202432085381568,13.4208975652894,0.258538420175836,300.0069275,300.0073242,30755.80078125,30846.001953125,56.8267382336406,20.833447058139,9.256284,0,0,0,40,4449,299.9021,30800.9013671875,,,,,,,,,,,,,0,,,,18.9848366,,,,,,300.00712585,,,,
,15571147.38,300.00724795,30906.1142578125,13.4226610719831,0.00595256592478303,1,0.999253354069792,40.0298881530762,1.99385070962644,11.6100003942847,72.8823647235917,14.6594980054111,250,0.203472773196839,13.4190938135297,0.259570718758375,300.0069275,300.0075684,30846.001953125,30966.2265625,56.8580033744099,20.8307153756848,9.256284,0,0,0,40,4449,299.9003,30906.1142578125,,,,,,,,,,,,,0,,,,18.9848366,,,,,,300.00724795,,,,
,15571148.545,300.00712585,31021.328125,13.4341231098117,0.00584467938757297,1,0.999253354069792,40.0298881530762,1.99395481870479,11.6200000047684,72.9528036307038,14.6485571763508,250,0.199202090008312,13.4305715454806,0.255348022869,300.0066833,300.0075684,30966.2265625,31076.4296875,57.0495023616214,20.8319795779357,9.256284,0,0,0,40,4449,299.8988,31021.328125,,,,,,,,,,,,,0,,,,18.9848366,,,,,,300.00712585,,,,
,15571149.565,300.00679015,31121.568359375,13.4357565107281,0.00526194546504202,1,0.999253354069792,40.0298881530762,1.99396235952929,11.6200000047684,72.9636048671724,14.6414359263694,250,0.197582517669664,13.4322116686408,0.253734602405723,300.0066833,300.006897,31076.4296875,31166.70703125,56.0693401985059,20.8285418355015,9.256284,0,0,0,40,4449,299.89885,31121.568359375,,,,,,,,,,,,,0,,,,19.07919695,,,,,,300.00679015,,,,
,15571150.625,300.0074768,31226.712890625,13.4288869311167,0.00508324911046416,1,0.999253354069792,40.0298881530762,1.99407213177282,11.6100003942847,72.9292835847494,14.6397436560954,250,0.198402449531231,13.4253398468395,0.254524406697809,300.006897,300.0080566,31166.70703125,31286.71875,56.333530638006,20.8309370417627,8.512546,0,0,0,40,4449,299.89965,31226.712890625,,,,,,,,,,,,,0,,,,18.88954735,,,,,,300.0074768,,,,
,15571151.77,300.0072937,31341.8046875,13.4503083029873,0.00545001583105896,1,0.999253354069792,40.0298881530762,1.9941655807601,11.6100003942847,73.0575413724742,14.617467459578,250,0.190218525711721,13.4467913343393,0.24643053429255,300.0065308,300.0080566,31286.71875,31396.890625,56.5375356815252,20.8287666204893,8.512546,0,0,0,40,4449,299.89985,31341.8046875,,,,,,,,,,,,,0,,,,18.795187,,,,,,300.0072937,,,,
,15571153,300.0063477,31467.1044921875,13.4461089513188,0.00604001687673237,1,0.999253354069792,40.0298881530762,1.99421502149682,11.6100003942847,73.0308266574463,14.6438581991306,250,0.1957791355596,13.4425701748763,0.251971312260014,300.0061646,300.0065308,31396.890625,31537.318359375,56.374175321006,20.8331934890942,8.884414,0,0,0,40,4449,299.8994,31467.1044921875,,,,,,,,,,,,,0,,,,18.88954735,,,,,,300.0063477,,,,
,15571154.235,300.0064087,31592.423828125,13.4506027499786,0.00488095568323879,1,0.999253354069792,40.0298881530762,1.99424856564153,11.6100003942847,73.0605124587895,14.6269884881767,250,0.191805230134559,13.4470797595746,0.248016046891829,300.0061646,300.0066528,31537.318359375,31647.529296875,56.9181887703906,20.8263260369822,8.512546,0,0,0,40,4449,299.89805,31592.423828125,,,,,,,,,,,,,0,,,,19.07919695,,,,,,300.0064087,,,,
,15571155.38,300.00675965,31707.62109375,13.4418655590898,0.00551889137151753,1,0.999253354069792,40.0298881530762,1.99393671330777,11.6100003942847,72.9949795310716,14.6527048427359,250,0.198558709356147,13.4383160657328,0.254730310798566,300.0066528,300.0068665,31647.529296875,31767.712890625,57.3723149400638,20.8290805773974,8.512546,0,0,0,40,4449,299.89875,31707.62109375,,,,,,,,,,,,,0,,,,19.07919695,,,,,,300.00675965,,,,
,15571156.42,300.0072327,31807.8115234375,13.4476052831905,0.00564906022824763,1,0.999253354069792,40.0298881530762,1.99406669172566,11.6100003942847,73.0289704929392,14.6697009561671,250,0.200445581492319,13.4440466209686,0.256639751337448,300.0068665,300.0075989,31767.712890625,31847.91015625,56.4257628032752,20.8286382265343,8.884414,0,0,0,40,4449,299.89895,31807.8115234375,,,,,,,,,,,,,0,,,,18.88954735,,,,,,300.0072327,,,,
,15571157.47,300.00680545,31913.0625,13.4549720722974,0.00700368701079478,1,0.999253354069792,40.0298881530762,1.99385529577959,11.6200000047684,73.0645308533583,14.6594772873002,250,0.197481435616749,13.4514246338564,0.253706058750709,300.006012,300.0075989,31847.91015625,31978.21484375,56.3851181202752,20.8320250257576,9.628152,0,0,0,40,4449,299.8985,31913.0625,,,,,,,,,,,,,0,,,,18.88954735,,,,,,300.00680545,,,,
,15571158.64,300.0061493,32033.2841796875,13.4644369166599,0.00547340718719876,1,0.999253354069792,40.0298881530762,1.99398813060878,11.6100003942847,73.1225491669473,14.660658632439,250,0.195769886802916,13.4608951997047,0.252033067910155,300.006012,300.0062866,31978.21484375,32088.353515625,56.709493955756,20.8317308100383,8.512546,0,0,0,40,4449,299.89925,32033.2841796875,,,,,,,,,,,,,0,,,,19.07919695,,,,,,300.0061493,,,,
,15571159.665,300.00715635,32133.421875,13.4573640472652,0.00611992078793083,1,0.999253354069792,40.0298881530762,1.99407289805737,11.6100003942847,73.0864482404857,14.6574284249014,250,0.196377485594912,13.4538208155284,0.252610107053188,300.0062866,300.0080261,32088.353515625,32178.490234375,56.8345545188329,20.8293381499289,8.884414,0,0,0,40,4449,299.89855,32133.421875,,,,,,,,,,,,,0,,,,19.07919695,,,,,,300.00715635,,,,
,15571160.73,300.00834655,32238.6259765625,13.4637372071842,0.00496147172696661,1,0.999253354069792,40.0298881530762,1.99416789016614,11.6100003942847,73.1222403648588,14.6769893576841,250,0.198663790000913,13.4601826524546,0.254921540291358,300.0080261,300.008667,32178.490234375,32298.76171875,56.3007022401983,20.8225923517369,8.512546,0,0,0,40,4449,299.8985,32238.6259765625,,,,,,,,,,,,,0,,,,19.07919695,,,,,,300.00834655,,,,
,15571161.915,300.00846865,32358.8720703125,13.4716924207846,0.00727658223223583,1,0.999253354069792,40.0298881530762,1.99413558897721,11.6100003942847,73.1594743645925,14.7114046942161,250,0.203552089287628,13.4681158928249,0.259840891862241,300.0082703,300.008667,32298.76171875,32418.982421875,56.4515565444098,20.8304412168182,8.884414,0,0,0,40,4449,299.89855,32358.8720703125,,,,,,,,,,,,,0,,,,19.1744862,,,,,,300.00846865,,,,
,15571163.065,300.00706485,32474.1162109375,13.4704568538159,0.00552368290875337,1,0.999253354069792,40.0298881530762,1.99413512905356,11.6100003942847,73.1601617820259,14.6700916912625,250,0.196196498943609,13.4669121402399,0.252480640788572,300.0058594,300.0082703,32418.982421875,32529.25,56.4937644844483,20.8326120820337,9.256284,0,0,0,40,4449,299.8978,32474.1162109375,,,,,,,,,,,,,0,,,,19.1744862,,,,,,300.00706485,,,,
,15571164.18,300.0067139,32584.3818359375,13.4851357879839,0.00517079994360216,1,0.999253354069792,40.0298881530762,1.99418502029591,11.6100003942847,73.2393787998781,14.6988121477438,250,0.198683867662851,13.4815780052725,0.255027762481648,300.0058594,300.0075684,32529.25,32639.513671875,56.4429586306983,20.8299649884866,8.512546,0,0,0,40,4449,299.89785,32584.3818359375,,,,,,,,,,,,,0,,,,19.1744862,,,,,,300.0067139,,,,
,15571165.335,300.0076294,32699.6357421875,13.4841002138821,0.00579444518169812,1,0.999253354069792,40.0298881530762,1.99430842935162,11.6200000047684,73.2438849273378,14.667752836771,250,0.193011424784567,13.480566026623,0.249351019571234,300.0075684,300.0076904,32639.513671875,32759.7578125,56.1561009641406,20.8282752831941,9.256284,0,0,0,40,4449,299.8976,32699.6357421875,,,,,,,,,,,,,0,,,,18.9848366,,,,,,300.0076294,,,,
,15571166.44,300.0070648,32809.92578125,13.4735592343462,0.00555936238597646,1,0.999253354069792,40.0298881530762,1.99392208610305,11.6200000047684,73.1597481137302,14.7239510519749,250,0.205795955938044,13.4699741084716,0.262087982573067,300.0064392,300.0076904,32759.7578125,32860.09375,56.9072459711214,20.824468684173,8.884414,0,0,0,40,4449,299.8967,32809.92578125,,,,,,,,,,,,,0,,,,18.9848366,,,,,,300.0070648,,,,
,15571167.535,300.00660705,32920.857421875,13.4765007614595,0.00677749413051367,1,0.999253354069792,40.0298881530762,1.99404296437281,11.6100003942847,73.1848655952618,14.7020486630894,250,0.201069816917535,13.4729351575309,0.257373947981669,300.0064392,300.0067749,32860.09375,32981.62109375,56.5899047923137,20.8299768855212,8.884414,0,0,0,40,4449,299.89685,32920.857421875,,,,,,,,,,,,,0,,,,19.07919695,,,,,,300.00660705,,,,
,15571168.69,300.00627135,33036.814453125,13.4851337973037,0.00510522421271571,1,0.999253354069792,40.0298881530762,1.99409656519346,11.6200000047684,73.2392259262823,14.6818799930483,250,0.195696079300409,13.4815892276974,0.252036088254284,300.0057678,300.0067749,32981.62109375,33092.0078125,56.1725151630444,20.8313277528364,8.884414,0,0,0,40,4449,299.89745,33036.814453125,,,,,,,,,,,,,0,,,,18.9839077,,,,,,300.00627135,,,,
,15571169.725,300.00637815,33142.146484375,13.4839829875583,0.00602858936591904,1,0.999253354069792,40.0298881530762,1.99406029263968,11.6100003942847,73.2226231567108,14.7291993258901,250,0.204647659695974,13.4804012893087,0.260980002037986,300.0057678,300.0069885,33092.0078125,33192.28515625,56.3460366943136,20.8294264723379,8.884414,0,0,0,40,4449,299.89735,33142.146484375,,,,,,,,,,,,,0,,,,18.9839077,,,,,,300.00637815,,,,
,15571170.755,300.0065918,33247.41796875,13.4967048115396,0.00747848362294451,1,0.999253354069792,40.0298881530762,1.99414033135053,11.6200000047684,73.301974012301,14.7037681336688,250,0.197514309993575,13.4931503796656,0.25390019007756,300.0061951,300.0069885,33192.28515625,33302.55078125,56.1138930241021,20.8311846081404,8.884414,0,0,0,40,4449,299.89745,33247.41796875,,,,,,,,,,,,,0,,,,18.9839077,,,,,,300.0065918,,,,
,15571171.89,300.00538635,33357.71875,13.4850625237586,0.00586157327857978,1,0.999253354069792,40.0298881530762,1.99413000139234,11.6200000047684,73.2334861882533,14.7173937295573,250,0.202189981905407,13.4814916694541,0.258524716751617,300.0045776,300.0061951,33302.55078125,33412.88671875,56.1990905326983,20.8328605418911,9.256284,0,0,0,40,4449,299.89935,33357.71875,,,,,,,,,,,,,0,,,,18.9839077,,,,,,300.00538635,,,,
,15571173.065,300.00518795,33473.029296875,13.5040289876745,0.00500626614705679,1,0.999253354069792,40.0298881530762,1.9940583474452,11.6100003942847,73.3340235863827,14.737017681404,250,0.202372925732855,13.5004537848374,0.25878556805594,300.0045776,300.0057983,33412.88671875,33533.171875,56.7610814380252,20.8282969968203,9.256284,0,0,0,40,4449,299.90015,33473.029296875,,,,,,,,,,,,,0,,,,19.07919695,,,,,,300.00518795,,,,
,15571174.275,300.0060577,33598.302734375,13.5025622325132,0.00581279222898712,1,0.999253354069792,40.0298881530762,1.99425636972363,11.6100003942847,73.3379770249462,14.7108405187673,250,0.197577520086148,13.499007059073,0.253983928576874,300.0057983,300.0063171,33533.171875,33663.43359375,56.926005055583,20.8269058286861,8.884414,0,0,0,40,4449,299.8992,33598.302734375,,,,,,,,,,,,,0,,,,19.1744862,,,,,,300.0060577,,,,
,15571175.475,300.00653075,33718.52734375,13.5017468640473,0.00566691674998698,1,0.999253354069792,40.0298881530762,1.99437546409305,11.6100003942847,73.3351948526956,14.724953326038,250,0.200163946938568,13.4981809542722,0.256565108212186,300.0063171,300.0067444,33663.43359375,33773.62109375,56.0935706826021,20.8283579249424,8.512546,0,0,0,40,4449,299.8996,33718.52734375,,,,,,,,,,,,,0,,,,18.9848366,,,,,,300.00653075,,,,
,15571176.545,300.00650025,33823.658203125,13.5018340998346,0.0063672415881112,1,0.999253354069792,40.0298881530762,1.99425441018055,11.6100003942847,73.329410452274,14.7345285531241,250,0.202067010575388,13.4982603569239,0.258467037897856,300.0062561,300.0067444,33773.62109375,33873.6953125,56.5328459104098,20.8293585727797,8.884414,0,0,0,40,4449,299.8998,33823.658203125,,,,,,,,,,,,,0,,,,18.9848366,,,,,,300.00650025,,,,
,15571177.595,300.00741575,33928.8515625,13.4934765383505,0.0044590954641672,1,0.999253354069792,40.0298881530762,1.99424606976429,11.6100003942847,73.2809754556844,14.7401456387533,250,0.204660024351168,13.489893293906,0.261023655394246,300.0062561,300.0085754,33873.6953125,33984.0078125,56.6547799594098,20.823517118505,9.256284,0,0,0,40,4449,299.89915,33928.8515625,,,,,,,,,,,,,0,,,,19.07919695,,,,,,300.00741575,,,,
,15571178.715,300.00801085,34044.115234375,13.5083042860938,0.00543097942701461,1,0.999253354069792,40.0298881530762,1.99391699757533,11.6100003942847,73.352091177691,14.7410726836171,250,0.202518191222952,13.5047268872318,0.258942569818863,300.0074463,300.0085754,33984.0078125,34104.22265625,56.7368509539291,20.8299998044642,8.512546,0,0,0,40,4449,299.90135,34044.115234375,,,,,,,,,,,,,0,,,,19.07919695,,,,,,300.00801085,,,,
,15571179.75,300.0066376,34149.298828125,13.5065111937595,0.00791091659709831,1,0.999253354069792,40.0298881530762,1.99439174293019,11.6100003942847,73.354017137117,14.7714821105491,250,0.207806833949435,13.5029128859073,0.264221312071882,300.0058289,300.0074463,34104.22265625,34194.375,56.5906864208329,20.8301843120706,8.884414,0,0,0,40,4449,299.9026,34149.298828125,,,,,,,,,,,,,0,,,,19.07919695,,,,,,300.0066376,,,,
,15571180.805,300.0059357,34254.5390625,13.5059982573189,0.00702705017301272,1,0.999253354069792,40.0298881530762,1.99424765664678,11.6100003942847,73.3519138906163,14.7383486639847,250,0.202009983761755,13.5024247346834,0.258422588169196,300.0058289,300.0060425,34194.375,34314.703125,56.4171648895637,20.8293975804529,8.512546,0,0,0,40,4449,299.90185,34254.5390625,,,,,,,,,,,,,0,,,,19.07919695,,,,,,300.0059357,,,,
,15571181.93,300.00642395,34369.81640625,13.5131313984225,0.00443358198011561,1,0.999253354069792,40.0298881530762,1.99421645320814,11.6100003942847,73.3892070711561,14.7476715817234,250,0.202441559524187,13.5095544968078,0.258882909354933,300.0060425,300.0068054,34314.703125,34424.9296875,56.0075915454867,20.8291120283515,9.256284,0,0,0,40,4449,299.90095,34369.81640625,,,,,,,,,,,,,0,,,,19.1744862,,,,,,300.00642395,,,,
,15571183.06,300.00712585,34479.9453125,13.5196475192949,0.00465276827482123,1,0.999253354069792,40.0298881530762,1.99409245522684,11.6100003942847,73.4205002101854,14.75196412556,250,0.202186740280912,13.5160701162518,0.258654477339575,300.0068054,300.0074463,34424.9296875,34534.9609375,56.8705094307176,20.8255458070074,8.512546,0,0,0,40,4449,299.8999,34479.9453125,,,,,,,,,,,,,0,,,,19.1744862,,,,,,300.00712585,,,,
,15571184.22,300.0066376,34595.12890625,13.5174645677693,0.00628836535197483,1,0.999253354069792,40.0298881530762,1.99409404676176,11.6100003942847,73.4075327399806,14.7559133615861,250,0.203315549982549,13.5138832481554,0.259772893757783,300.0058289,300.0074463,34534.9609375,34655.296875,56.0826278833329,20.8243557360755,8.884414,0,0,0,40,4449,299.8993,34595.12890625,,,,,,,,,,,,,0,,,,18.9848366,,,,,,300.0066376,,,,
,15571185.415,300.00587465,34715.380859375,13.5197373145431,0.00588355311139112,1,0.999253354069792,40.0298881530762,1.99430921062051,11.6100003942847,73.4278146466919,14.7587952443001,250,0.203139028730763,13.516156746904,0.259605082167969,300.0058289,300.0059204,34655.296875,34775.46484375,56.9869720800829,20.8278526788831,8.884414,0,0,0,40,4449,299.8975,34715.380859375,,,,,,,,,,,,,0,,,,18.9848366,,,,,,300.00587465,,,,
,15571186.46,300.00587465,34820.580078125,13.5274531498514,0.00561123962665789,1,0.999253354069792,40.0298881530762,1.99413810876074,11.6100003942847,73.4642085953752,14.76256981503,250,0.202629017417651,13.523873247149,0.259126599356062,300.0058289,300.0059204,34775.46484375,34865.6953125,56.7376325824483,20.8283486454698,9.256284,0,0,0,40,4449,299.89635,34820.580078125,,,,,,,,,,,,,0,,,,18.9848366,,,,,,300.00587465,,,,
,15571187.435,300.00654605,34920.80078125,13.5233187683767,0.00611600965259463,1,0.999253354069792,40.0298881530762,1.99415276270693,11.6100003942847,73.4401941182666,14.7694184722517,250,0.204635117084662,13.5197311317153,0.261113669406368,300.0058289,300.0072632,34865.6953125,34975.90625,56.6203883045637,20.829927326736,9.256284,0,0,0,40,4449,299.89775,34920.80078125,,,,,,,,,,,,,0,,,,18.88954735,,,,,,300.00654605,,,,
,15571188.515,300.006897,35026.03515625,13.5325271339269,0.00596210800585981,1,0.999253354069792,40.0298881530762,1.99418633158933,11.6100003942847,73.4917770822604,14.7777241736135,250,0.204409910040531,13.5289385749428,0.260925455189906,300.0065308,300.0072632,34975.90625,35076.1640625,56.7595181809868,20.8224824519802,8.512546,0,0,0,40,4449,299.8998,35026.03515625,,,,,,,,,,,,,0,,,,19.07919695,,,,,,300.006897,,,,
,15571189.445,300.00688175,35116.294921875,13.5265031592684,0.00531013681977961,1,0.999253354069792,40.0298881530762,1.99431441606492,11.6100003942847,73.462999343439,14.7756488043816,250,0.20497653179011,13.5229135335168,0.261466103421734,300.0065308,300.0072327,35076.1640625,35156.42578125,57.3942005386022,20.8221382460171,9.256284,0,0,0,40,4449,299.8987,35116.294921875,,,,,,,,,,,,,0,,,,19.1744862,,,,,,300.00688175,,,,
,15571190.41,300.00675965,35216.5234375,13.526510871658,0.0063725535833786,1,0.999253354069792,40.0298881530762,1.99411821931927,11.6200000047684,73.4536501900773,14.7868924492265,250,0.207300736760238,13.5229116812205,0.263789075221208,300.0062866,300.0072327,35156.42578125,35276.62109375,57.1558038402368,20.826528514421,9.256284,0,0,0,40,4449,299.89765,35216.5234375,,,,,,,,,,,,,0,,,,19.1744862,,,,,,300.00675965,,,,
,15571191.52,300.00737,35326.658203125,13.5316927624728,0.00506806675983458,1,0.999253354069792,40.0298881530762,1.99427590868033,11.6100003942847,73.4942468465736,14.7570603054023,250,0.200654536875862,13.5281201566601,0.257164436643942,300.0062866,300.0084534,35276.62109375,35376.6953125,56.465625857756,20.8246824199634,9.256284,0,0,0,40,4449,299.899,35326.658203125,,,,,,,,,,,,,0,,,,19.1744862,,,,,,300.00737,,,,
,15571192.595,300.00794985,35431.82421875,13.5320155300206,0.00516767850596424,1,0.999253354069792,40.0298881530762,1.99427590868033,11.6100003942847,73.4944392312122,14.7658233459375,250,0.202204535551626,13.5284361809976,0.258714671587053,300.0074463,300.0084534,35376.6953125,35486.953125,56.516431711506,20.8246824199634,8.512546,0,0,0,40,4449,299.8977,35431.82421875,,,,,,,,,,,,,0,,,,19.07919695,,,,,,300.00794985,,,,
,15571194.48,300.0075989,35622.24609375,13.5372930418197,0.00542337860552333,1,0.999253354069792,40.0298881530762,1.9942672090362,11.6100003942847,73.5151678291741,14.8126393284415,250,0.209835931443982,13.5336811799868,0.266364178773972,300.0075989,300.0075989,35617.234375,35627.2578125,56.902556200006,20.8235243047762,9.256284,0,0,0,40,4449,299.8997,35622.24609375,,,,,,,,,,,,,0,,,,18.9839077,,,,,,300.0075989,,,,
,15571196.015,300.0067444,35777.5078125,13.5334930374854,0.00633510412978223,1,0.999253354069792,40.0298881530762,1.99420029731887,11.6100003942847,73.4920719553431,14.8083151068545,250,0.209836914897361,13.5298825429966,0.266347712475114,300.0067444,300.0067444,35767.4453125,35787.5703125,56.3851181202752,20.8254354241219,9.256284,0,0,0,40,4449,299.8996,35777.5078125,,,,,,,,,,,,,0,,,,19.07919695,,,,,,300.0067444,,,,
,15571196.68,300.00671385,35842.697265625,13.5369497237308,0.00595897497928919,1,0.999253354069792,40.0298881530762,1.99417245362669,11.6200000047684,73.5154587885039,14.7816069003514,250,0.204329393957584,13.533361628757,0.260855142939743,300.0066833,300.0067444,35787.5703125,35897.82421875,56.5664559367368,20.8289003759622,9.256284,0,0,0,40,4449,299.8993,35842.697265625,,,,,,,,,,,,,0,,,,19.1744862,,,,,,300.00671385,,,,
,15571197.725,300.00733945,35947.939453125,13.5480553486873,0.00478889776045187,1,0.999253354069792,40.0298881530762,1.99409629395344,11.6100003942847,73.5754830007164,14.7799517374167,250,0.202068589026153,13.5444742719624,0.258640064384938,300.0066833,300.0079956,35897.82421875,35998.0546875,57.3136928011214,20.82388959448,8.512546,0,0,0,40,4449,299.8995,35947.939453125,,,,,,,,,,,,,0,,,,19.07919695,,,,,,300.00733945,,,,
,15571198.82,300.0081024,36058.1015625,13.5367860026739,0.00541524153245055,1,0.999253354069792,40.0298881530762,1.9941405846011,11.6100003942847,73.5079493229568,14.8107126159526,250,0.209748841325207,13.5331748454545,0.26627062956011,300.0079956,300.0082092,35998.0546875,36118.1484375,56.9877537086022,20.8243931709029,8.884414,0,0,0,40,4449,299.89905,36058.1015625,,,,,,,,,,,,,0,,,,19.07919695,,,,,,300.0081024,,,,
,15571200.025,300.00749205,36178.67578125,13.5546060374211,0.00485879788443938,1,0.999253354069792,40.0298881530762,1.99403076712044,11.6100003942847,73.6059935437616,14.8012250838835,250,0.204849962943427,13.5510122187586,0.261445750233614,300.0067749,300.0082092,36118.1484375,36239.203125,56.3921527769483,20.8280249380195,9.256284,0,0,0,40,4449,299.9,36178.67578125,,,,,,,,,,,,,0,,,,19.1744862,,,,,,300.00749205,,,,
,15571201.1,300.00749205,36289.31640625,13.5543681214636,0.0056133927104447,1,0.999253354069792,40.0298881530762,1.99422391931025,11.6100003942847,73.6125593215177,14.7974769344859,250,0.203950489586844,13.5507782574112,0.26054414142924,300.0067749,300.0082092,36239.203125,36339.4296875,56.5133051974291,20.8254374444097,9.256284,0,0,0,40,4449,299.9008,36289.31640625,,,,,,,,,,,,,0,,,,19.1744862,,,,,,300.00749205,,,,
,15571202.145,300.0075073,36394.6171875,13.5509616445233,0.00643770564502838,1,0.999253354069792,40.0298881530762,1.99438824025911,11.6100003942847,73.6001073445799,14.7942135934177,250,0.203765443265346,13.5473733213874,0.260344119128375,300.0068054,300.0082092,36339.4296875,36449.8046875,57.1855057239676,20.8265969122824,8.512546,0,0,0,40,4449,299.8994,36394.6171875,,,,,,,,,,,,,0,,,,19.1744862,,,,,,300.0075073,,,,
,15571203.14,300.00671385,36494.9453125,13.5492755745626,0.00496140981501648,1,0.999253354069792,40.0298881530762,1.99430303317672,11.6100003942847,73.5932079813526,14.7630590734204,250,0.198471521514985,13.5457101865966,0.255043522593786,300.0066223,300.0068054,36449.8046875,36540.0859375,56.4765686570252,20.825199474008,9.256284,0,0,0,40,4449,299.8979,36494.9453125,,,,,,,,,,,,,0,,,,19.07919695,,,,,,300.00671385,,,,
,15571204.085,300.0073242,36590.158203125,13.5552254070336,0.00730762373945183,1,0.999253354069792,40.0298881530762,1.99434834390043,11.6100003942847,73.6189805961079,14.8139539713788,250,0.206654059873781,13.5516244447528,0.263248186347198,300.0066223,300.0080261,36540.0859375,36640.23046875,56.7282530402175,20.823872578931,8.884414,0,0,0,40,4449,299.8983,36590.158203125,,,,,,,,,,,,,0,,,,19.07919695,,,,,,300.0073242,,,,
,15571205.17,300.0076599,36695.39453125,13.553047509019,0.00592341693941748,1,0.999253354069792,40.0298881530762,1.99417263003152,11.6100003942847,73.596854455815,14.8317395773645,250,0.210558225122674,13.5494306032265,0.267141601638417,300.0072937,300.0080261,36640.23046875,36750.55859375,56.350726465429,20.8302140328914,9.256284,0,0,0,40,4449,299.89725,36695.39453125,,,,,,,,,,,,,0,,,,19.1744862,,,,,,300.0076599,,,,
,15571206.275,300.00769045,36805.599609375,13.5579017912522,0.00551008830583041,1,0.999253354069792,40.0298881530762,1.9942030032797,11.6100003942847,73.6279860893552,14.8174365428286,250,0.206992452573528,13.5542989038798,0.263595797353129,300.0072937,300.0080872,36750.55859375,36860.640625,56.5047072837175,20.8303309207323,8.512546,0,0,0,40,4449,299.89675,36805.599609375,,,,,,,,,,,,,0,,,,19.07919695,,,,,,300.00769045,,,,
,15571207.39,300.00750735,36920.86328125,13.5589309768035,0.00602138341615046,1,0.999253354069792,40.0298881530762,1.99429324118585,11.6100003942847,73.6464729386735,14.7671793368284,250,0.197455182413521,13.5553679769973,0.254063346413949,300.0069275,300.0080872,36860.640625,36981.0859375,56.401532319179,20.8257700093805,8.884414,0,0,0,40,4449,299.8977,36920.86328125,,,,,,,,,,,,,0,,,,19.07919695,,,,,,300.00750735,,,,
,15571208.575,300.00720215,37041.037109375,13.5669251456522,0.00541048789799784,1,0.999253354069792,40.0298881530762,1.99422468832937,11.6100003942847,73.6764088659405,14.8348106672321,250,0.208483215852104,13.5633147366284,0.2651214269795,300.0069275,300.0074768,36981.0859375,37100.98828125,56.2874145553713,20.8236939632097,9.256284,0,0,0,40,4449,299.89715,37041.037109375,,,,,,,,,,,,,0,,,,19.07919695,,,,,,300.00720215,,,,
,15571209.685,300.0079193,37151.115234375,13.5553166468495,0.00623530250129759,1,0.999253354069792,40.0298881530762,1.99433355388591,11.6100003942847,73.6176054884578,14.8211732111397,250,0.207987534306496,13.5517103879801,0.264576506208753,300.0074768,300.0083618,37100.98828125,37201.2421875,56.3522897224675,20.8244702232841,8.512546,0,0,0,40,4449,299.89575,37151.115234375,,,,,,,,,,,,,0,,,,18.9839077,,,,,,300.0079193,,,,
,15571210.725,300.0081482,37251.34375,13.5613225099707,0.00612615498224139,1,0.999253354069792,40.0298881530762,1.99425532497907,11.6100003942847,73.6528275168838,14.7979341763093,250,0.202712349070647,13.5577371101342,0.259326154293249,300.0079346,300.0083618,37201.2421875,37301.4453125,56.526592882256,20.8288593735431,9.256284,0,0,0,40,4449,299.897,37251.34375,,,,,,,,,,,,,0,,,,19.07919695,,,,,,300.0081482,,,,
,15571211.795,300.00779725,37356.619140625,13.5625602402451,0.00516851393286348,1,0.999253354069792,40.0298881530762,1.99415108875061,11.6100003942847,73.6478540011493,14.8413764468007,250,0.210599693515149,13.5589419709303,0.267215695199042,300.0076599,300.0079346,37301.4453125,37411.79296875,56.414820004006,20.8200221297732,9.256284,0,0,0,40,4449,299.8983,37356.619140625,,,,,,,,,,,,,0,,,,18.9848366,,,,,,300.00779725,,,,
,15571212.81,300.0077667,37461.875,13.5674258504962,0.00602799951973116,1,0.999253354069792,40.0298881530762,1.99421306998104,11.6100003942847,73.6817096216358,14.8190986381156,250,0.205525178192221,13.5638279062531,0.262161700489134,300.0076599,300.0078735,37411.79296875,37511.95703125,56.5312826533714,20.8243192776173,9.256284,0,0,0,40,4449,299.8971,37461.875,,,,,,,,,,,,,0,,,,18.9848366,,,,,,300.0077667,,,,
,15571213.93,300.00834655,37577.12109375,13.5683403422789,0.00520361381100785,1,0.999253354069792,40.0298881530762,1.99418756262266,11.6100003942847,73.6842963157659,14.8277863357502,250,0.206985902122984,13.5647359411157,0.263624875288118,300.0078735,300.0088196,37511.95703125,37642.28515625,56.7618630665445,20.8259282175937,8.512546,0,0,0,40,4449,299.8965,37577.12109375,,,,,,,,,,,,,0,,,,18.9848366,,,,,,300.00834655,,,,
,15571215.985,300.00933835,37777.60546875,13.5810363060771,0.00634102971416113,1,0.999253354069792,40.0298881530762,1.99421339786221,11.6100003942847,73.7544251365016,14.8404895820109,250,0.206932479606938,13.5774293278965,0.263622173254268,300.0092163,300.0094604,37772.55859375,37782.65234375,56.208470074929,20.8324160248243,9.256284,0,0,0,40,4449,299.8975,37777.60546875,,,,,,,,,,,,,0,,,,18.9839077,,,,,,300.00933835,,,,
,15571216.71,300.00769045,37847.634765625,13.5759583317878,0.00609990073163776,1,0.999253354069792,40.0298881530762,1.99430447016788,11.6100003942847,73.7270007326669,14.8525090845078,250,0.209959706358176,13.5723405929564,0.26662728313879,300.0061646,300.0092163,37782.65234375,37912.6171875,56.7118388413137,20.8197681303114,9.256284,0,0,0,40,4449,299.8956,37847.634765625,,,,,,,,,,,,,0,,,,18.9839077,,,,,,300.00769045,,,,
,15571217.725,300.00669865,37952.740234375,13.5624124524166,0.00613050990968662,1,0.999253354069792,40.0298881530762,1.99431207110113,11.6100003942847,73.6543103252282,14.834529705401,250,0.209160944203174,13.5588014089329,0.26577096531682,300.0061646,300.0072327,37912.6171875,37992.86328125,56.4804767996214,20.8264986149596,8.884414,0,0,0,40,4449,299.8958,37952.740234375,,,,,,,,,,,,,0,,,,18.9839077,,,,,,300.00669865,,,,
,15571218.725,300.0080414,38052.966796875,13.5751520316845,0.00640531208854512,1,0.999253354069792,40.0298881530762,1.99415195414981,11.6100003942847,73.7170071392524,14.8511601991306,250,0.210067443821677,13.5715341225076,0.26672902442809,300.0072327,300.0088501,37992.86328125,38113.0703125,56.5555131374675,20.8215425646082,9.256284,0,0,0,40,4449,299.89765,38052.966796875,,,,,,,,,,,,,0,,,,19.07919695,,,,,,300.0080414,,,,
,15571219.955,300.0091095,38173.208984375,13.5785842166523,0.00553045688911866,1,0.999253354069792,40.0298881530762,1.9941139685172,11.6100003942847,73.7352145639595,14.8495631765596,250,0.209190021038462,13.5749689101667,0.265864634749432,300.0088501,300.0093689,38113.0703125,38233.34765625,57.159711982833,20.822536619485,8.884414,0,0,0,40,4449,299.8986,38173.208984375,,,,,,,,,,,,,0,,,,18.9848366,,,,,,300.0091095,,,,
,15571221.08,300.0091553,38288.4765625,13.575353801289,0.00576698694776652,1,0.999253354069792,40.0298881530762,1.99436360261473,11.6200000047684,73.7269011919877,14.8465948106767,250,0.208911939779486,13.5717403688073,0.265572375324583,300.0089417,300.0093689,38233.34765625,38343.60546875,56.6149169049291,20.8267397471667,8.884414,0,0,0,40,4449,299.8965,38288.4765625,,,,,,,,,,,,,0,,,,18.9848366,,,,,,300.0091553,,,,
,15571222.15,300.0088959,38398.71484375,13.589047689224,0.00580961617345311,1,0.999253354069792,40.0298881530762,1.99435345460981,11.6100003942847,73.7996641705013,14.8682002073277,250,0.210354113715414,13.5854256868326,0.267070668978365,300.0088501,300.0089417,38343.60546875,38453.82421875,56.7040225561214,20.8220909488605,9.256284,0,0,0,40,4449,299.89485,38398.71484375,,,,,,,,,,,,,0,,,,19.07919695,,,,,,300.0088959,,,,
,15571223.285,300.0080719,38514.04296875,13.5880833748908,0.00575901130528699,1,0.999253354069792,40.0298881530762,1.99427288533886,11.5999998524785,73.7960298623428,14.842255922727,250,0.205877792077734,13.5844808085421,0.26259005428716,300.0072937,300.0088501,38453.82421875,38574.26171875,56.8126689202945,20.8221321625387,8.884414,0,0,0,40,4449,299.8947,38514.04296875,,,,,,,,,,,,,0,,,,19.07919695,,,,,,300.0080719,,,,
,15571224.415,300.0084839,38624.224609375,13.589294152488,0.00495008644643248,1,0.999253354069792,40.0298881530762,1.99426086199026,11.6100003942847,73.7937441513288,14.8889425492204,250,0.21424277650596,13.5856563224137,0.270957290784754,300.0072937,300.0096741,38574.26171875,38674.1875,57.1503324406022,20.8236614488995,9.256284,0,0,0,40,4449,299.8945,38624.224609375,,,,,,,,,,,,,0,,,,19.1744862,,,,,,300.0084839,,,,
,15571225.5,300.00914005,38729.328125,13.5687991984991,0.0056073347588124,1,0.999253354069792,40.0298881530762,1.99417996417455,11.6100003942847,73.6871973348058,14.824574320783,250,0.206332220672146,13.5651982956415,0.262962022064822,300.008606,300.0096741,38674.1875,38784.46875,56.4695340003521,20.8279552814147,8.512546,0,0,0,40,4449,299.8927,38729.328125,,,,,,,,,,,,,0,,,,19.1744862,,,,,,300.00914005,,,,
,15571226.695,300.00868225,38849.60546875,13.5918338443549,0.00638391379377149,1,0.999253354069792,40.0298881530762,1.99403503293122,11.6100003942847,73.8103360855106,14.831030056304,250,0.20344077466908,13.5882407163283,0.260166306150357,300.008606,300.0087585,38784.46875,38914.7421875,56.4695340003521,20.8254569493662,9.256284,0,0,0,40,4449,299.8918,38849.60546875,,,,,,,,,,,,,0,,,,19.1744862,,,,,,300.00868225,,,,
,15571227.975,300.00926205,38979.8359375,13.5784321302346,0.00620051495329265,1,0.999253354069792,40.0298881530762,1.99407956658159,11.6100003942847,73.7370612960904,14.8280648054712,250,0.205323347478845,13.5748337289716,0.261990963207521,300.0087585,300.0097656,38914.7421875,39044.9296875,57.6482298073523,20.8207083130924,8.884414,0,0,0,40,4449,299.89265,38979.8359375,,,,,,,,,,,,,0,,,,19.1744862,,,,,,300.00926205,,,,
,15571229.085,300.00914,39095.052734375,13.5967775151437,0.00710450659752506,1,0.999253354069792,40.0298881530762,1.99435114253206,11.6100003942847,73.848217809154,14.8407517278742,250,0.203891333455723,13.593181621945,0.26063434358736,300.0085144,300.0097656,39044.9296875,39145.17578125,56.546915223756,20.8266945397395,9.256284,0,0,0,40,4449,299.894,39095.052734375,,,,,,,,,,,,,0,,,,19.1744862,,,,,,300.00914,,,,
,15571230.935,300.0084534,39280.51953125,13.5811593427593,0.00548996467799705,1,0.999253354069792,40.0298881530762,1.99426005191558,11.6100003942847,73.7492930029149,14.8813814207145,250,0.214370231266744,13.5775233775937,0.271044177149678,300.0084534,300.0084534,39275.55859375,39285.48046875,57.5114448164869,20.8253247317097,8.512546,0,0,0,40,4449,299.893,39280.51953125,,,,,,,,,,,,,0,,,,19.1744862,,,,,,300.0084534,,,,
,15571231.555,300.00868225,39340.62890625,13.5908312429178,0.00749705905396646,1,0.999253354069792,40.0298881530762,1.99429886990892,11.6100003942847,73.8159791505692,14.8234138192402,250,0.20188212756742,13.5872454146316,0.258598527203019,300.0084534,300.0089111,39285.48046875,39395.77734375,57.3652802833907,20.822852236246,9.256284,0,0,0,40,4449,299.8922,39340.62890625,,,,,,,,,,,,,0,,,,18.9848366,,,,,,300.00868225,,,,
,15571232.605,300.0086517,39446.3203125,13.5929079213876,0.00537377353234377,1,0.999253354069792,40.0298881530762,1.99429886990892,11.6100003942847,73.8166315892585,14.8829977332205,250,0.21243842537383,13.5892777301981,0.269160252943392,300.0083923,300.0089111,39395.77734375,39496.86328125,57.4207759082561,20.822852236246,9.256284,0,0,0,40,4449,299.8922,39446.3203125,,,,,,,,,,,,,0,,,,18.9848366,,,,,,300.0086517,,,,
,15571233.635,300.00823975,39552.0859375,13.5941617933767,0.00602030092698982,1,0.999253354069792,40.0298881530762,1.99427279962763,11.6100003942847,73.8227577784295,14.8828000245654,250,0.212205503563259,13.5905326513031,0.268931524738723,300.0080872,300.0083923,39496.86328125,39607.30859375,57.7052886892561,20.8238406342893,9.256284,0,0,0,40,4449,299.8921,39552.0859375,,,,,,,,,,,,,0,,,,19.07919695,,,,,,300.00823975,,,,
,15571234.76,300.00857545,39662.505859375,13.5884546901856,0.0071202993051575,1,0.999253354069792,40.0298881530762,1.99425384541394,11.6200000047684,73.7962584407449,14.8484922013631,250,0.206990714108305,13.5848484377374,0.263692797444798,300.0080872,300.0090637,39607.30859375,39717.703125,56.5430070811598,20.8208671754929,9.256284,0,0,0,40,4449,299.89205,39662.505859375,,,,,,,,,,,,,0,,,,18.9839077,,,,,,300.00857545,,,,
,15571235.86,300.00845335,39772.79296875,13.5987018739982,0.00667514729733651,1,0.999253354069792,40.0298881530762,1.9939115879189,11.6100003942847,73.8414217628758,14.8471247242878,250,0.20529719145182,13.5951008324546,0.262041110021566,300.007843,300.0090637,39717.703125,39827.8828125,56.8423708040252,20.8209002039742,9.256284,0,0,0,40,4449,299.89265,39772.79296875,,,,,,,,,,,,,0,,,,18.9839077,,,,,,300.00845335,,,,
,15571236.975,300.008667,39888,13.5979228772017,0.00497399502241426,1,0.999253354069792,40.0298881530762,1.99429176862727,11.6100003942847,73.8496596854751,14.8558177833489,250,0.206532030043815,13.5943168433698,0.263271426779631,300.007843,300.009491,39827.8828125,39948.1171875,56.9205336559483,20.8281825547984,9.256284,0,0,0,40,4449,299.89175,39888,,,,,,,,,,,,,0,,,,19.07919695,,,,,,300.008667,,,,
,15571239.32,300.00898745,40009.578125,13.6035087688048,0.00684248209742413,1,0.999253354069792,40.0298881530762,1.99423113580887,11.6100003942847,73.8810464045571,14.8440049343819,250,0.203409493969128,13.599914632416,0.260171534051569,300.0080872,300.0098877,40000.53515625,40018.62109375,57.1315733561406,20.8230152314214,9.256284,0,0,0,40,4417,299.89185,40009.578125,,,,,,,,,,,,,0,,,,18.9848366,,,,,,300.00898745,,,,
