
Comment,Time Stamp (sec),Temperature (K),Magnetic Field (Oe),Moment (emu),M. Std. Err. (emu),Transport Action,Averaging Time (sec),Frequency (Hz),Peak Amplitude (mm),Center Position (mm),Coil Signal' (mV),Coil Signal" (mV),Range (mV),M. Quad. Signal (emu),M. Raw' (emu),M. Raw" (emu),Min. Temperature (K),Max. Temperature (K),Min. Field (Oe),Max. Field (Oe),Mass (grams),Motor Lag (deg),Pressure (Torr),VSM Status (code),Motor Status (code),Measure Status (code),Measure Count,PPMS Status (code),System Temp. (K),System Field (Oe),Sample Position (deg),Bridge 1 Resistance (ohms),Bridge 1 Excitation (µA),Bridge 2 Resistance (ohms),Bridge 2 Excitation (µA),Bridge 3 Resistance (ohms),Bridge 3 Excitation (µA),Bridge 4 Resistance (ohms),Bridge 4 Excitation (µA),Signal 1 Vin (V),Signal 2 Vin (V),Digital Inputs (code),Drive 1 Iout (mA),Drive 1 Ipower (W),Drive 2 Iout (mA),Drive 2 Ipower (W),Pressure (),Map 20 (),Map 21 (),Map 22 (),Map 23 (),Map 24 (),Map 25 (),Map 26 (),Map 27 (),Map 28 (),Map 29 ()
,26458437.94,300.010437,-0.112487182021141,,,2,,,,14.9299999317527,,,,,,,300.010437,300.010437,-0.112487182021141,-0.112487182021141,,,8.884414,,,,-99999999,4369,299.989,-0.112487182021141,,,,,,,,,,,,,,,,,,,,,,,300.010437,,,,
sample offset = 34.91 mm touchdown = 9.46999993175268 mm,26458476.14,300.0135498,-0.0787410326302052,0.0648565889194466,8.62381924713119E-5,1,0.999253354069792,40.0298881530762,2.00010956461667,14.919999986887,0.355530104569039,0.0586731801290767,250,-0.00128399815075705,0.0648487296629076,-0.00101131646400191,300.0128174,300.0142822,-0.0899897515773773,-0.067492313683033,55.3533684748905,20.5257131468633,9.256284,0,0,0,40,4417,299.9778,-0.0787410326302052,,,,,,,,,,,,,0,,,,31.9146214,,,,,,300.0135498,,,,
,26458489.53,300.0140686,29.7443971633911,0.0648567174033296,0.000135386335913191,1,0.999253354069792,40.0298881530762,2.00006763509353,14.9299995973706,0.355234194365897,0.0602324448059243,250,-0.000998312048038265,0.0648476565399662,-0.000725683741488535,300.0140686,300.0140686,25.2413539886475,34.2474403381348,55.6691463966597,20.5278128983445,8.512546,0,0,0,40,4449,299.9734,29.7443971633911,,,,,,,,,,,,,0,,,,31.9146214,,,,,,300.0140686,,,,
,26458490.22,300.01341245,87.6555118560791,0.0712752347715425,0.000732942925092714,1,0.999253354069792,40.0298881530762,1.99968634091707,14.919999986887,0.390663584821908,0.0643133757697203,250,-0.00143912985673753,0.0712667156727088,-0.00113945272727165,300.0127563,300.0140686,34.2474403381348,141.063583374023,55.138420632102,20.5292502826011,9.256284,0,0,0,40,4449,299.974,87.6555118560791,,,,,,,,,,,,,0,,,,31.9146214,,,,,,300.01341245,,,,
,26458491.265,300.0125732,174.693321228027,0.114729812992538,0.00346192888929662,1,0.999253354069792,40.0298881530762,1.99948297407818,14.9299995973706,0.627920277159524,0.108140165628667,250,-0.00146911070492362,0.114712544604301,-0.000986907675667174,300.0123901,300.0127563,141.063583374023,208.323059082031,54.4615303344481,20.5206120610321,9.256284,0,0,0,40,4449,299.9758,174.693321228027,,,,,,,,,,,,,0,,,,31.9146214,,,,,,300.0125732,,,,
,26458492.335,300.01197815,268.006210327148,0.224105476068815,0.00630849122804322,1,0.999253354069792,40.0298881530762,1.9996604229384,14.919999986887,1.22532970581952,0.218335571266574,250,-0.00157241972640221,0.224066302165998,-0.000630792193490313,300.0115662,300.0123901,208.323059082031,327.689361572266,55.4073008427174,20.5242471569946,8.512546,0,0,0,40,4449,299.977,268.006210327148,,,,,,,,,,,,,0,,,,31.75598815,,,,,,300.01197815,,,,
,26458493.58,300.01139835,387.042831420898,0.545445998821885,0.00777117057887927,1,0.999253354069792,40.0298881530762,1.99959790714749,14.919999986887,2.98025675808815,0.541949812073923,250,-0.00189254640097468,0.545342540922163,0.000398860646805671,300.0112305,300.0115662,327.689361572266,446.396301269531,55.0821433787174,20.5202802754835,8.512546,0,0,0,40,4449,299.9756,387.042831420898,,,,,,,,,,,,,0,,,,31.75598815,,,,,,300.01139835,,,,
,26458494.715,300.01098635,502.257385253906,0.712695331380814,0.00752744849868242,1,0.999253354069792,40.0298881530762,2.00010109056117,14.9299995973706,3.89487712226992,0.709200137381049,250,-0.0023081957187135,0.712559469624591,0.000685787713956334,300.0107422,300.0112305,446.396301269531,558.118469238281,54.197339894948,20.5213828153512,8.512546,0,0,0,40,4449,299.97345,502.257385253906,,,,,,,,,,,,,0,,,,31.75598815,,,,,,300.01098635,,,,
,26458495.77,300.0111389,608.570892333984,0.87607985261911,0.00734073236520012,1,0.999253354069792,40.0298881530762,2.00020161038161,14.9299995973706,4.78759513369697,0.87404932714672,250,-0.00243029573586902,0.875911131305703,0.00124995850758211,300.0107422,300.0115356,558.118469238281,659.023315429688,53.2296837881402,20.5234352454417,8.512546,0,0,0,40,4449,299.9722,608.570892333984,,,,,,,,,,,,,0,,,,31.75598815,,,,,,300.0111389,,,,
,26458496.875,300.0119934,719.263488769531,1.0364082491975,0.00717316279532871,1,0.999253354069792,40.0298881530762,1.99967384034368,14.9299995973706,5.6627254930764,1.03144452573527,250,-0.00329540181613906,1.03621038880875,0.00105839459914422,300.0115356,300.0124512,659.023315429688,779.503662109375,56.0810646262944,20.5267547393309,8.512546,0,0,0,40,4449,299.97305,719.263488769531,,,,,,,,,,,,,0,,,,31.75598815,,,,,,300.0119934,,,,
,26458497.96,300.0122986,829.606567382813,1.19268966696433,0.00706820499976235,1,0.999253354069792,40.0298881530762,1.99994034561449,14.9299995973706,6.51717258713912,1.18869311217224,250,-0.00350635166359383,1.19246076140075,0.00150384816055939,300.012146,300.0124512,779.503662109375,879.70947265625,55.6511689407174,20.5158499225897,9.256284,0,0,0,40,4449,299.97335,829.606567382813,,,,,,,,,,,,,0,,,,31.5973549,,,,,,300.0122986,,,,
,26458498.97,300.01286315,929.669403076172,1.34622118993105,0.00721308023072568,1,0.999253354069792,40.0298881530762,2.00016472894297,14.919999986887,7.35584900625008,1.34759943108561,250,-0.00290630211186278,1.3459583762696,0.00274860662614069,300.012146,300.0135803,879.70947265625,979.629333496094,54.8656322788904,20.5313258020563,8.512546,0,0,0,40,4449,299.97225,929.669403076172,,,,,,,,,,,,,0,,,,31.75598815,,,,,,300.01286315,,,,
,26458500.135,300.01275635,1044.67324829102,1.50082608009436,0.00705125291918242,1,0.999253354069792,40.0298881530762,1.9998266305039,14.9299995973706,8.19956553692709,1.50052174038253,250,-0.0035317758306826,1.50053432110992,0.00277255894510296,300.0119324,300.0135803,979.629333496094,1109.71716308594,55.6222486855059,20.5242641904501,9.256284,0,0,0,40,4449,299.9722,1044.67324829102,,,,,,,,,,,,,0,,,,31.9146214,,,,,,300.01275635,,,,
,26458501.26,300.0123749,1157.25189208984,1.65121097184469,0.00659823478230913,1,0.999253354069792,40.0298881530762,1.99991394643133,14.9299995973706,9.02151829455791,1.65115880515363,250,-0.0038466980056494,1.6508898451829,0.00308925381053657,300.0119324,300.0128174,1109.71716308594,1204.78662109375,55.3252298481982,20.5275852845138,8.512546,0,0,0,40,4449,299.97245,1157.25189208984,,,,,,,,,,,,,0,,,,31.75598815,,,,,,300.0123749,,,,
,26458502.24,300.0120697,1251.59674072266,1.790756447206,0.00676628257234755,1,0.999253354069792,40.0298881530762,1.99993375120056,14.919999986887,9.78449944676401,1.78818731436899,250,-0.00463496556332654,1.79041015288805,0.00288718638112764,300.011322,300.0128174,1204.78662109375,1298.40686035156,53.4790232857749,20.5315156121191,8.512546,0,0,0,40,4449,299.9722,1251.59674072266,,,,,,,,,,,,,0,,,,31.5973549,,,,,,300.0120697,,,,
,26458503.215,300.01127625,1349.05963134766,1.95118316624339,0.00724415453438243,1,0.999253354069792,40.0298881530762,1.99956661041566,14.919999986887,10.6601632279042,1.94255135956049,250,-0.0060544440940133,1.95081013115406,0.00214171378847167,300.0112305,300.011322,1298.40686035156,1399.71240234375,55.8801860968521,20.5203496795265,9.256284,0,0,0,40,4449,299.9723,1349.05963134766,,,,,,,,,,,,,0,,,,31.9161835,,,,,,300.01127625,,,,
,26458504.185,300.01223755,1449.8251953125,2.10279332538467,0.00692236736987472,1,0.999253354069792,40.0298881530762,1.9996829350469,14.919999986887,11.4881524702157,2.09886308349377,250,-0.00556266199668046,2.10238720107299,0.0032700269912208,300.0112305,300.0132446,1399.71240234375,1499.93798828125,54.6756965487173,20.526106445577,8.884414,0,0,0,40,4449,299.9735,1449.8251953125,,,,,,,,,,,,,0,,,,32.07481675,,,,,,300.01223755,,,,
,26458505.22,300.01296995,1554.77703857422,2.25008110954408,0.00683560854538031,1,0.999253354069792,40.0298881530762,1.99983077153498,14.9299995973706,12.2928317391298,2.25078816254676,250,-0.0050822866474223,2.24964282929001,0.0043688447560289,300.0126953,300.0132446,1499.93798828125,1609.61608886719,55.6949401377944,20.5270552442063,9.256284,0,0,0,40,4449,299.9724,1554.77703857422,,,,,,,,,,,,,0,,,,31.75598815,,,,,,300.01296995,,,,
,26458506.33,300.01231385,1664.45300292969,2.39593233019338,0.00680404123052618,1,0.999253354069792,40.0298881530762,1.99944066012307,14.919999986887,13.0873412085024,2.39530479632295,250,-0.00558104000755329,2.39546641454331,0.00448269918286056,300.0119324,300.0126953,1609.61608886719,1719.28991699219,55.2267446547751,20.5227711305771,9.256284,0,0,0,40,4449,299.971,1664.45300292969,,,,,,,,,,,,,0,,,,31.75598815,,,,,,300.01231385,,,,
,26458507.345,300.0119324,1764.18994140625,2.53802034018884,0.00667635717282871,1,0.999253354069792,40.0298881530762,1.99964576861601,14.919999986887,13.8641604967879,2.54136783479879,250,-0.00522356672370896,2.53752395235856,0.00543670201821637,300.0119324,300.0119324,1719.28991699219,1809.08996582031,54.6608456068519,20.5176006235218,8.512546,0,0,0,40,4449,299.972,1764.18994140625,,,,,,,,,,,,,0,,,,32.07481675,,,,,,300.0119324,,,,
,26458508.39,300.0119934,1869.01727294922,2.68018713025002,0.00652747279251616,1,0.999253354069792,40.0298881530762,1.99952050561297,14.919999986887,14.6404254548547,2.68053688418719,250,-0.00606941167127119,2.67966526449151,0.00518800169312861,300.0119324,300.0120544,1809.08996582031,1928.94458007813,55.3244482196789,20.5222866992416,9.256284,0,0,0,40,4449,299.9716,1869.01727294922,,,,,,,,,,,,,0,,,,31.9161835,,,,,,300.0119934,,,,
,26458509.6,300.01229855,1988.8681640625,2.9560405656223,0.00646635271808516,1,0.999253354069792,40.0298881530762,1.99991617569805,14.919999986887,16.1494035328904,2.96225881340055,250,-0.00573042720683171,2.95546091670891,0.0066853399444467,300.0120544,300.0125427,1928.94458007813,2048.79174804687,54.7585491717558,20.5277655914865,8.512546,0,0,0,40,4449,299.9705,1988.8681640625,,,,,,,,,,,,,0,,,,31.75598815,,,,,,300.01229855,,,,
,26458510.725,300.0126495,2103.7197265625,3.09512715929731,0.00621124230917741,1,0.999253354069792,40.0298881530762,1.99979031512449,14.919999986887,16.9074595318107,3.10556084908099,250,-0.00524668353666116,3.0945170489503,0.00775294456903178,300.0125427,300.0127563,2048.79174804687,2158.64770507813,55.5534653758136,20.524124900569,9.256284,0,0,0,40,4449,299.97075,2103.7197265625,,,,,,,,,,,,,0,,,,31.75598815,,,,,,300.0126495,,,,
,26458511.82,300.01274105,2213.64111328125,3.22827540778834,0.00605120653087474,1,0.999253354069792,40.0298881530762,1.99974158848179,14.919999986887,17.6345956558412,3.23790242353769,250,-0.00568805891234497,3.22763996131047,0.00787068123113638,300.0127258,300.0127563,2158.64770507813,2268.63452148438,55.2626995666597,20.5278186889386,8.884414,0,0,0,40,4449,299.9708,2213.64111328125,,,,,,,,,,,,,0,,,,31.5973549,,,,,,300.01274105,,,,
,26458513.035,300.01289365,2333.5302734375,3.35997073611278,0.00617023482541084,1,0.999253354069792,40.0298881530762,1.99940438141003,14.9299995973706,18.3523623996944,3.36192932308246,250,-0.00729490347400267,3.35931513907486,0.00681705540299108,300.0127258,300.0130615,2268.63452148438,2398.42602539062,54.9070585904097,20.5277399606715,9.256284,0,0,0,40,4449,299.97085,2333.5302734375,,,,,,,,,,,,,0,,,,31.75598815,,,,,,300.01289365,,,,
,26458514.16,300.0121765,2448.32482910156,3.48890465703353,0.00550026037370376,1,0.999253354069792,40.0298881530762,2.00004074772215,14.919999986887,19.0608190409461,3.50119425181257,250,-0.00589514409572203,3.48821695838344,0.00875781208707161,300.0112915,300.0130615,2398.42602539062,2498.2236328125,53.5227944828518,20.5226679993799,9.256284,0,0,0,40,4449,299.97095,2448.32482910156,,,,,,,,,,,,,0,,,,31.75598815,,,,,,300.0121765,,,,
,26458515.175,300.0123291,2543.22546386719,3.61938013425601,0.00576374355820818,1,0.999253354069792,40.0298881530762,2.00002546669613,14.919999986887,19.7646520882114,3.67978569689308,250,0.0026153245832867,3.61863004370048,0.0178143527989324,300.0112915,300.0133667,2498.2236328125,2588.22729492187,54.9469216448904,20.5272551191383,9.256284,0,0,0,40,4449,299.97045,2543.22546386719,,,,,,,,,,,,,0,,,,31.5973549,,,,,,300.0123291,,,,
,26458516.29,300.01316835,2652.22607421875,3.71141525673567,0.0068227525108388,1,0.999253354069792,40.0298881530762,1.9996149730126,14.9299995973706,20.2730235529238,3.71952171843005,250,-0.00703883407649834,3.71068682042557,0.00854844781161921,300.01297,300.0133667,2588.22729492187,2716.22485351562,55.7762295037944,20.5264872213744,9.256284,0,0,0,40,4449,299.971,2652.22607421875,,,,,,,,,,,,,0,,,,31.75598815,,,,,,300.01316835,,,,
,26458517.29,300.01287845,2757.22631835938,3.85392164926265,0.00639446565245207,1,0.999253354069792,40.0298881530762,1.99978425324475,14.9299995973706,21.051914173021,3.86948371925014,250,-0.00605894877801591,3.85316005850747,0.010126329321484,300.0127869,300.01297,2716.22485351562,2798.22778320313,55.8958186672367,20.525570298977,8.512546,0,0,0,40,4449,299.972,2757.22631835938,,,,,,,,,,,,,0,,,,31.75598815,,,,,,300.01287845,,,,
,26458518.29,300.0126343,2858.73156738281,3.98209200898862,0.00599526524043005,1,0.999253354069792,40.0298881530762,1.99966402612426,14.919999986887,21.7507897438779,3.99780874507166,250,-0.00628387713719991,3.98130523666508,0.0104395505684171,300.0124817,300.0127869,2798.22778320313,2919.2353515625,55.463578096102,20.5270752141599,8.512546,0,0,0,40,4449,299.97115,2858.73156738281,,,,,,,,,,,,,0,,,,31.5973549,,,,,,300.0126343,,,,
,26458519.405,300.0127106,2969.2021484375,4.10348132508329,0.00539320700768267,1,0.999253354069792,40.0298881530762,2.00034894661027,14.919999986887,22.4193169296103,4.13185355885391,250,-0.00449794018633242,4.10266226802382,0.0127347236742933,300.0124817,300.0129395,2919.2353515625,3019.1689453125,54.7053984324481,20.5272186122341,9.256284,0,0,0,40,4449,299.9703,2969.2021484375,,,,,,,,,,,,,0,,,,31.5973549,,,,,,300.0127106,,,,
,26458520.4,300.01269535,3069.04846191406,4.22277934239403,0.00573387302708358,1,0.999253354069792,40.0298881530762,1.99940883872705,14.919999986887,23.0633616310592,4.23476483179077,250,-0.00742407723112998,4.22194823863344,0.0103098980102498,300.0124512,300.0129395,3019.1689453125,3118.92797851562,56.4578095725637,20.5261911024203,9.256284,0,0,0,40,4449,299.9711,3069.04846191406,,,,,,,,,,,,,0,,,,31.75598815,,,,,,300.01269535,,,,
,26458521.52,300.0127716,3184.08544921875,4.44733344982571,0.00509045607814248,1,0.999253354069792,40.0298881530762,1.99966568028102,14.9299995973706,24.2928063198725,4.46069683516217,250,-0.00778529782538264,4.44645801848503,0.0108914837795829,300.0124512,300.013092,3118.92797851562,3249.24291992188,55.1712490299097,20.5299388154205,8.884414,0,0,0,40,4449,299.97085,3184.08544921875,,,,,,,,,,,,,0,,,,31.75598815,,,,,,300.0127716,,,,
,26458522.76,300.01293945,3309.23474121094,4.5549529973171,0.00496026354056818,1,0.999253354069792,40.0298881530762,1.99961654711941,14.9299995973706,24.8796025067168,4.57101868309412,250,-0.00751778825066047,4.5540544578619,0.0116106571359543,300.0127869,300.013092,3249.24291992188,3369.2265625,54.8468731944289,20.5266271687941,9.256284,0,0,0,40,4449,299.96985,3309.23474121094,,,,,,,,,,,,,0,,,,31.5973549,,,,,,300.01293945,,,,
,26458523.86,300.0125275,3419.17358398438,4.66171099836273,0.00488539009384479,1,0.999253354069792,40.0298881530762,1.99953123235036,14.9299995973706,25.462178315955,4.67520038798322,250,-0.00819885624530568,4.66079361971209,0.0113777089058609,300.0122681,300.0127869,3369.2265625,3469.12060546875,56.5820885071214,20.522416015861,9.256284,0,0,0,40,4449,299.9707,3419.17358398438,,,,,,,,,,,,,0,,,,31.5973549,,,,,,300.0125275,,,,
,26458524.995,300.01213075,3529.06530761719,4.76187400568472,0.00507507346688866,1,0.999253354069792,40.0298881530762,1.99942868375199,14.919999986887,26.0097337661697,4.76588695201463,250,-0.0101197922623513,4.76094433457884,0.00987752043632809,300.0119934,300.0122681,3469.12060546875,3589.01000976562,55.4643597246213,20.5270961933225,9.256284,0,0,0,40,4449,299.9705,3529.06530761719,,,,,,,,,,,,,0,,,,31.75598815,,,,,,300.01213075,,,,
,26458526.205,300.0125427,3649.02038574219,4.86184405570578,0.00427752706445086,1,0.999253354069792,40.0298881530762,1.99963396045663,14.919999986887,26.5569688686241,4.87433689528801,250,-0.00888368533730776,4.8608887298481,0.0115329528868494,300.0119934,300.013092,3589.01000976562,3709.03076171875,55.537832805429,20.5281837677573,9.256284,0,0,0,40,4449,299.96945,3649.02038574219,,,,,,,,,,,,,0,,,,31.75598815,,,,,,300.0125427,,,,
,26458527.335,300.01197815,3761.27746582031,4.95956855725833,0.00447661308557084,1,0.999253354069792,40.0298881530762,1.99955205601016,14.919999986887,27.0890632757032,4.97549836178194,250,-0.00844226540303638,4.95859154676025,0.012384440732184,300.0108643,300.013092,3709.03076171875,3813.52416992188,55.0610394086981,20.5227725844946,9.256284,0,0,0,40,4449,299.9684,3761.27746582031,,,,,,,,,,,,,0,,,,31.75598815,,,,,,300.01197815,,,,
,26458528.56,300.01184085,3885.97143554687,5.13645470801318,0.00479838572627029,1,0.999253354069792,40.0298881530762,1.99941851820779,14.919999986887,28.0539660279787,5.14948830670503,250,-0.00931611998757208,5.13544531371071,0.0122531767103307,300.0108643,300.0128174,3813.52416992188,3958.41870117188,55.8074946445636,20.5252464654621,9.256284,0,0,0,40,4449,299.9685,3885.97143554687,,,,,,,,,,,,,0,,,,31.9146214,,,,,,300.01184085,,,,
,26458529.795,300.01205445,4013.73999023438,5.23184293724758,0.00410031146439938,1,0.999253354069792,40.0298881530762,1.9996103637568,14.919999986887,28.5771923020757,5.24793713995384,250,-0.00906245031025485,5.23081299696109,0.012906983123745,300.0112915,300.0128174,3958.41870117188,4069.06127929687,55.2165834840251,20.5237866087308,8.512546,0,0,0,40,4449,299.96855,4013.73999023438,,,,,,,,,,,,,0,,,,31.75598815,,,,,,300.01205445,,,,
,26458530.82,300.0114746,4114.09460449219,5.3180300839813,0.00401142468114504,1,0.999253354069792,40.0298881530762,1.99930262445835,14.919999986887,29.0440416328991,5.33122841885554,250,-0.00964396628252018,5.316985124908,0.0126872662971551,300.0112915,300.0116577,4069.06127929687,4159.1279296875,54.9109667330058,20.5184592921556,8.884414,0,0,0,40,4449,299.96785,4114.09460449219,,,,,,,,,,,,,0,,,,31.5973549,,,,,,300.0114746,,,,
,26458531.89,300.0120239,4219.05908203125,5.39765526364407,0.00371835236993722,1,0.999253354069792,40.0298881530762,1.99960156358878,14.9299995973706,29.4803432658193,5.4272723206523,250,-0.0069616826963478,5.39658272008414,0.0157029218554736,300.0116577,300.0123901,4159.1279296875,4278.990234375,55.6660198825828,20.5311885097851,8.512546,0,0,0,40,4449,299.96925,4219.05908203125,,,,,,,,,,,,,0,,,,31.5973549,,,,,,300.0120239,,,,
,26458533.14,300.011734,4343.89233398438,5.47832163319769,0.00354207903731273,1,0.999253354069792,40.0298881530762,1.99989566054488,14.919999986887,29.9254623275208,5.50780155193257,250,-0.00731619339488684,5.47723420054529,0.0156868700392715,300.0110779,300.0123901,4278.990234375,4408.79443359375,55.5519021187751,20.5221435338212,8.512546,0,0,0,40,4449,299.96885,4343.89233398438,,,,,,,,,,,,,0,,,,31.75598815,,,,,,300.011734,,,,
,26458534.205,300.01127625,4448.80224609375,5.55339344306285,0.0037445857669275,1,0.999253354069792,40.0298881530762,1.99974280735518,14.9299995973706,30.3339286918844,5.57938704549586,250,-0.00805260803224447,5.55229388286505,0.0152657092693614,300.0110779,300.0114746,4408.79443359375,4488.81005859375,54.3513207132365,20.5318758504635,8.512546,0,0,0,40,4449,299.9667,4448.80224609375,,,,,,,,,,,,,0,,,,31.9146214,,,,,,300.01127625,,,,
,26458535.235,300.0111847,4553.78686523438,5.6275709042995,0.00343829349062688,1,0.999253354069792,40.0298881530762,1.99959307707506,14.919999986887,30.7373559744627,5.65082484862833,250,-0.00864955153477358,5.62645876677218,0.0149799564242075,300.0108948,300.0114746,4488.81005859375,4618.763671875,55.3408624185828,20.5230675110382,8.512546,0,0,0,40,4449,299.9675,4553.78686523438,,,,,,,,,,,,,0,,,,31.75598815,,,,,,300.0111847,,,,
,26458536.34,300.01098635,4668.73657226562,5.70015076130173,0.00319147090719401,1,0.999253354069792,40.0298881530762,1.99960443061322,14.9299995973706,31.1331679813198,5.72797685882218,250,-0.00798405067469226,5.69902110426678,0.0159495857259083,300.0108948,300.0110779,4618.763671875,4718.70947265625,55.7605969334098,20.5261772316097,8.512546,0,0,0,40,4449,299.9689,4668.73657226562,,,,,,,,,,,,,0,,,,31.5973549,,,,,,300.01098635,,,,
,26458537.31,300.0111084,4763.6572265625,5.76790388554877,0.00373363506217488,1,0.999253354069792,40.0298881530762,1.99973361773159,14.919999986887,31.5059297796071,5.79252748678268,250,-0.0087925330535004,5.76676379857542,0.0154254428336695,300.0110779,300.0111389,4718.70947265625,4808.60498046875,55.3588398745251,20.5310754201368,9.256284,0,0,0,40,4449,299.96895,4763.6572265625,,,,,,,,,,,,,0,,,,31.5973549,,,,,,300.0111084,,,,
,26458538.4,300.01063535,4868.451171875,5.83771194281284,0.00350128775818811,1,0.999253354069792,40.0298881530762,1.99945379044694,14.919999986887,31.8831411828308,5.86049300292808,250,-0.00914425079739461,5.83655921848442,0.0153665759877802,300.0101318,300.0111389,4808.60498046875,4928.29736328125,54.9398869882174,20.5323585328614,8.512546,0,0,0,40,4449,299.96885,4868.451171875,,,,,,,,,,,,,0,,,,31.5973549,,,,,,300.01063535,,,,
,26458539.605,300.0107269,4988.27954101562,5.95282187894687,0.00361090324743008,1,0.999253354069792,40.0298881530762,1.99973059731438,14.919999986887,32.5138440531136,5.98962260967775,250,-0.00698682704997311,5.95163662031756,0.0180065199361479,300.0101318,300.011322,4928.29736328125,5048.26171875,55.1462369172943,20.5350414060304,8.512546,0,0,0,40,4449,299.9683,4988.27954101562,,,,,,,,,,,,,0,,,,31.44032955,,,,,,300.0107269,,,,
,26458540.73,300.01130675,5103.14599609375,6.01822094339358,0.0029306894138366,1,0.999253354069792,40.0298881530762,2.00002011943008,14.9299995973706,32.8758736700327,6.05527364668473,250,-0.00724753603070788,6.01702334480273,0.018020035930643,300.0112915,300.011322,5048.26171875,5158.0302734375,54.4505875351788,20.5282678885934,9.256284,0,0,0,40,4449,299.96865,5103.14599609375,,,,,,,,,,,,,0,,,,31.44032955,,,,,,300.01130675,,,,
,26458541.8,300.0115509,5208.06323242188,6.06940839721825,0.0035960874113063,1,0.999253354069792,40.0298881530762,1.9999793361044,14.9299995973706,33.1547743782979,6.1069942739056,250,-0.0072468587376399,6.06820031232715,0.0182354445409981,300.0112915,300.0118103,5158.0302734375,5258.09619140625,55.1087187483712,20.5348465611812,9.256284,0,0,0,40,4449,299.967,5208.06323242188,,,,,,,,,,,,,0,,,,31.9161835,,,,,,300.0115509,,,,
,26458542.94,300.01130675,5323.05004882812,6.13080073929742,0.0025446047605903,1,0.999253354069792,40.0298881530762,1.99975444210054,14.919999986887,33.4875270836978,6.16236852648818,250,-0.00836786210304648,6.12958490424461,0.0173722428896815,300.0108032,300.0118103,5258.09619140625,5388.00390625,54.7069616894866,20.5249254384425,8.884414,0,0,0,40,4449,299.965,5323.05004882812,,,,,,,,,,,,,0,,,,32.07481675,,,,,,300.01130675,,,,
,26458544.01,300.01135255,5432.94116210937,6.18232953520969,0.00258532265064515,1,0.999253354069792,40.0298881530762,2.00003933201292,14.919999986887,33.7729223002386,6.21909013991014,250,-0.00769360933774408,6.1811003806779,0.0182623132403569,300.0108032,300.0119019,5388.00390625,5477.87841796875,55.6910319951982,20.5255110332456,9.256284,0,0,0,40,4449,299.96515,5432.94116210937,,,,,,,,,,,,,0,,,,32.07481675,,,,,,300.01135255,,,,
,26458545.065,300.01142885,5537.81616210937,6.22898462567452,0.00335993929692013,1,0.999253354069792,40.0298881530762,1.99983474381127,14.9299995973706,34.0228270269701,6.27386765753988,250,-0.00620046594463595,6.22773968943183,0.0199507693203683,300.0109558,300.0119019,5477.87841796875,5597.75390625,55.4620148390636,20.5280994217996,8.512546,0,0,0,40,4449,299.9642,5537.81616210937,,,,,,,,,,,,,0,,,,32.07481675,,,,,,300.01142885,,,,
,26458546.26,300.01104735,5657.79907226562,6.27799378904408,0.00322631956490409,1,0.999253354069792,40.0298881530762,2.00003083107079,14.9299995973706,34.2949056963567,6.31783865763336,250,-0.00734681678035302,6.27674377768964,0.0190101491183483,300.0109558,300.0111389,5597.75390625,5717.84423828125,53.6548897026018,20.533021275301,9.256284,0,0,0,40,4449,299.96275,5657.79907226562,,,,,,,,,,,,,0,,,,31.75598815,,,,,,300.01104735,,,,
,26458547.315,300.01063535,5757.20947265625,6.3299780901888,0.0071910320371053,1,0.999253354069792,40.0298881530762,1.99978297350973,14.919999986887,34.5769282295981,6.35739357352122,250,-0.00960288955544027,6.32872707578442,0.0169723982398307,300.0101318,300.0111389,5717.84423828125,5796.57470703125,55.1986060280828,20.5306734881509,9.256284,0,0,0,40,4449,299.9631,5757.20947265625,,,,,,,,,,,,,0,,,,31.75598815,,,,,,300.01063535,,,,
,26458548.36,300.0100708,5861.34228515625,6.35322782311421,0.00303949932079954,1,0.999253354069792,40.0298881530762,2.00028956373146,14.919999986887,34.709738234896,6.39720261032111,250,-0.00691289823047078,6.35196096011431,0.0197588738237372,300.0100098,300.0101318,5796.57470703125,5926.10986328125,55.2431588536789,20.5335617809721,8.512546,0,0,0,40,4449,299.96515,5861.34228515625,,,,,,,,,,,,,0,,,,31.9146214,,,,,,300.0100708,,,,
,26458549.38,300.0100098,5967.34423828125,6.40775409539954,0.00368395689612566,1,0.999253354069792,40.0298881530762,2.00028956373146,14.9299995973706,35.0075460325638,6.45257596383106,250,-0.00688596477868242,6.40647603932178,0.0200144136193899,300.0100098,300.0100098,5926.10986328125,6008.57861328125,55.3119421633712,20.5335617809721,8.512546,0,0,0,40,4449,299.9644,5967.34423828125,,,,,,,,,,,,,0,,,,31.9146214,,,,,,300.0100098,,,,
,26458550.345,300.0098114,6064.12841796875,6.4542551831251,0.00266104247421883,1,0.999253354069792,40.0298881530762,2.0002474581334,14.919999986887,35.2601927558962,6.50293637567876,250,-0.00626423443128,6.45296510745063,0.0208309345936565,300.009613,300.0100098,6008.57861328125,6119.67822265625,54.911748361525,20.5360463759514,9.256284,0,0,0,40,4449,299.96395,6064.12841796875,,,,,,,,,,,,,0,,,,32.07481675,,,,,,300.0098114,,,,
,26458551.47,300.0093536,6179.716796875,6.53990099608372,0.00226022827624737,1,0.999253354069792,40.0298881530762,1.99978929264418,14.919999986887,35.7233793203231,6.57011362974552,250,-0.00957765530153613,6.53860752894513,0.0178771234869264,300.0090942,300.009613,6119.67822265625,6239.75537109375,54.9813132997366,20.5341561793204,8.512546,0,0,0,40,4449,299.96565,6179.716796875,,,,,,,,,,,,,0,,,,32.2350121,,,,,,300.0093536,,,,
,26458552.655,300.0100555,6299.60791015625,6.5764766428544,0.00244930791761346,1,0.999253354069792,40.0298881530762,1.99948753540702,14.919999986887,35.9172570984374,6.60927092779007,250,-0.00901084480442817,6.57517321525136,0.0185968540760395,300.0090942,300.0110168,6239.75537109375,6359.46044921875,54.996164241602,20.5286970813292,8.512546,0,0,0,40,4449,299.9663,6299.60791015625,,,,,,,,,,,,,0,,,,32.2350121,,,,,,300.0100555,,,,
,26458553.835,300.01112365,6414.30346679688,6.60985627958573,0.00234222379907983,1,0.999253354069792,40.0298881530762,1.99973821679258,14.9299995973706,36.1030659117039,6.64850221369042,250,-0.00816351884501761,6.60854228321805,0.0195835400788006,300.0110168,300.0112305,6359.46044921875,6469.146484375,55.2525383959097,20.532858802232,8.512546,0,0,0,40,4449,299.96785,6414.30346679688,,,,,,,,,,,,,0,,,,31.9161835,,,,,,300.01112365,,,,
,26458555.03,300.01087955,6534.6474609375,6.6466569425394,0.00205192188569099,1,0.999253354069792,40.0298881530762,1.9995503109076,14.919999986887,36.3027306641815,6.67420645507926,250,-0.0101679722451956,6.64534396044758,0.0177334767493879,300.0105286,300.0112305,6469.146484375,6600.1484375,55.5894202876982,20.5221420762986,8.512546,0,0,0,40,4449,299.96835,6534.6474609375,,,,,,,,,,,,,0,,,,31.9161835,,,,,,300.01087955,,,,
,26458556.29,300.009964,6665.20922851562,6.67331739142356,0.00189995348016379,1,0.999253354069792,40.0298881530762,2.00004221079458,14.919999986887,36.4534037219795,6.72244352431238,250,-0.00657233555546353,6.67198413102014,0.0214400087635855,300.0093994,300.0105286,6600.1484375,6730.27001953125,56.0177527162367,20.5324214593251,9.256284,0,0,0,40,4449,299.96655,6665.20922851562,,,,,,,,,,,,,0,,,,31.9161835,,,,,,300.009964,,,,
,26458557.515,300.00959775,6785.25634765625,6.73299640457352,0.00315747645377999,1,0.999253354069792,40.0298881530762,2.00019335729873,14.9299995973706,36.783449183204,6.77586126835402,250,-0.00794882199468734,6.73165689688183,0.0203137411246048,300.0093994,300.0097961,6730.27001953125,6840.24267578125,55.4698311242559,20.53496593216,8.512546,0,0,0,40,4449,299.9676,6785.25634765625,,,,,,,,,,,,,0,,,,31.5973549,,,,,,300.00959775,,,,
,26458558.66,300.0100555,6900.25366210937,6.76255909447833,0.00221319412364872,1,0.999253354069792,40.0298881530762,1.99997665979497,14.9299995973706,36.9390992641295,6.81543077746753,250,-0.00605362540867497,6.7612055545506,0.0223319657594817,300.0097961,300.0103149,6840.24267578125,6960.2646484375,55.3385175330251,20.5369102421393,8.512546,0,0,0,40,4449,299.96975,6900.25366210937,,,,,,,,,,,,,0,,,,31.5973549,,,,,,300.0100555,,,,
,26458559.825,300.00988765,7015.27270507812,6.79340219593706,0.0020685102903616,1,0.999253354069792,40.0298881530762,2.00005960344116,14.919999986887,37.11197432033,6.83114991253022,250,-0.0089449668437947,6.79205456838303,0.0195704232981104,300.0094604,300.0103149,6960.2646484375,7070.28076171875,55.3635296456405,20.5314052411065,8.884414,0,0,0,40,4449,299.9681,7015.27270507812,,,,,,,,,,,,,0,,,,31.9161835,,,,,,300.00988765,,,,
,26458561,300.0099487,7130.26928710937,6.81786919331941,0.00223715477456799,1,0.999253354069792,40.0298881530762,1.99991083212555,14.919999986887,37.2416877127914,6.86198644383854,250,-0.00774435380369721,6.81651155939334,0.0208730998081084,300.0094604,300.010437,7070.28076171875,7190.2578125,54.8265508529289,20.5307458614479,8.512546,0,0,0,40,4449,299.96765,7130.26928710937,,,,,,,,,,,,,0,,,,32.2350121,,,,,,300.0099487,,,,
,26458562.03,300.00997925,7235.28784179688,6.85026110945094,0.00197923550648176,1,0.999253354069792,40.0298881530762,1.99952897750651,14.919999986887,37.4138961204115,6.88124702245115,250,-0.00998887731389948,6.84890633920634,0.0187644112364017,300.0095215,300.010437,7190.2578125,7280.31787109375,55.1392022606212,20.5289071437592,8.884414,0,0,0,40,4449,299.9692,7235.28784179688,,,,,,,,,,,,,0,,,,31.9161835,,,,,,300.00997925,,,,
,26458563.09,300.00927735,7340.24169921875,6.873636065558,0.00207248649406649,1,0.999253354069792,40.0298881530762,1.99944668428911,14.919999986887,37.5395681895708,6.90709010323631,250,-0.00953928557855206,6.87227484970225,0.0193117116935108,300.0090332,300.0095215,7280.31787109375,7400.16552734375,55.6097426291982,20.5273827230955,8.512546,0,0,0,40,4449,299.96835,7340.24169921875,,,,,,,,,,,,,0,,,,31.75598815,,,,,,300.00927735,,,,
,26458564.255,300.0088043,7455.16821289063,6.89681411007645,0.00208662526812745,1,0.999253354069792,40.0298881530762,1.99967717329008,14.9299995973706,37.6704513925408,6.93080518720074,250,-0.00963605888976755,6.89544872839019,0.019311895679659,300.0085754,300.0090332,7400.16552734375,7510.1708984375,54.5209341019096,20.5224700406791,9.256284,0,0,0,40,4449,299.96745,7455.16821289063,,,,,,,,,,,,,0,,,,31.9146214,,,,,,300.0088043,,,,
,26458565.29,300.0090332,7560.19604492188,6.91857727297117,0.00191613650821107,1,0.999253354069792,40.0298881530762,1.99970290437433,14.9299995973706,37.7874519956068,6.96540289279865,250,-0.00735124975517534,6.91719785172053,0.0216871181953045,300.0085754,300.009491,7510.1708984375,7610.22119140625,55.595673315852,20.5274787415461,9.256284,0,0,0,40,4449,299.9679,7560.19604492188,,,,,,,,,,,,,0,,,,31.75598815,,,,,,300.0090332,,,,
,26458566.36,300.00946045,7670.28442382813,6.93607446899349,0.00241565994354811,1,0.999253354069792,40.0298881530762,2.00006621587876,14.919999986887,37.8896040907288,6.98491041294043,250,-0.00724933288165954,6.93469099447323,0.0218619254169611,300.0094299,300.009491,7610.22119140625,7730.34765625,55.1173166620828,20.5292429813005,9.256284,0,0,0,40,4449,299.9687,7670.28442382813,,,,,,,,,,,,,0,,,,31.75598815,,,,,,300.00946045,,,,
,26458567.46,300.0101471,7780.34448242188,6.97364467107418,0.00220563628582429,1,0.999253354069792,40.0298881530762,2.00032784107146,14.9299995973706,38.0989491417452,7.0276616151926,250,-0.0065520423407431,6.97225047243661,0.0227163617845098,300.0094299,300.0108643,7730.34765625,7830.34130859375,55.1556164595251,20.5269673334539,9.256284,0,0,0,40,4449,299.9683,7780.34448242188,,,,,,,,,,,,,0,,,,31.75598815,,,,,,300.0101471,,,,
,26458568.585,300.0103302,7890.3974609375,6.99845578072527,0.00265777847157366,1,0.999253354069792,40.0298881530762,2.00017483610707,14.919999986887,38.2337228422312,7.04095187010962,250,-0.00862311753711595,6.99706521225219,0.0207493812717837,300.0097961,300.0108643,7830.34130859375,7950.45361328125,55.4049559571597,20.5338610444523,8.512546,0,0,0,40,4449,299.96845,7890.3974609375,,,,,,,,,,,,,0,,,,31.5973549,,,,,,300.0103302,,,,
,26458569.84,300.01008605,8015.46435546875,7.02195892500922,0.00184555867771174,1,0.999253354069792,40.0298881530762,1.99960118374908,14.919999986887,38.3487046842029,7.07716158584373,250,-0.00598887796451415,7.02055263293977,0.0234810982677188,300.0097961,300.010376,7950.45361328125,8080.47509765625,55.7426194774674,20.530935440306,9.256284,0,0,0,40,4449,299.9695,8015.46435546875,,,,,,,,,,,,,0,,,,31.9161835,,,,,,300.01008605,,,,
,26458571.105,300.010849,8145.42602539063,7.04217303515015,0.00239682946285241,1,0.999253354069792,40.0298881530762,1.99951526868041,14.919999986887,38.4625208200693,7.07009293066056,250,-0.0109770629627449,7.04078339473162,0.0185783781253502,300.010376,300.011322,8080.47509765625,8210.376953125,54.6694435205635,20.5250036757546,8.512546,0,0,0,40,4449,299.9683,8145.42602539063,,,,,,,,,,,,,0,,,,31.9161835,,,,,,300.010849,,,,
,26458572.13,300.0113678,8250.35107421875,7.05974816271049,0.00204136756611327,1,0.999253354069792,40.0298881530762,1.99941405478147,14.9299995973706,38.5570503024055,7.08500540767538,250,-0.0114404516882218,7.05835678440334,0.0181884673567093,300.011322,300.0114136,8210.376953125,8290.3251953125,54.4505875351788,20.5332920504197,8.512546,0,0,0,40,4449,299.96785,8250.35107421875,,,,,,,,,,,,,0,,,,31.75598815,,,,,,300.0113678,,,,
,26458573.055,300.01171875,8340.36279296875,7.07545385433223,0.00187769412137712,1,0.999253354069792,40.0298881530762,1.99994492129033,14.919999986887,38.6502095171911,7.11672706214426,250,-0.00887966587154334,7.07404847319728,0.0208142511642475,300.0114136,300.0120239,8290.3251953125,8390.400390625,54.9180013896789,20.5279586618597,8.512546,0,0,0,40,4449,299.96805,8340.36279296875,,,,,,,,,,,,,0,,,,31.9146214,,,,,,300.01171875,,,,
,26458575.04,300.0091553,8540.47998046875,7.10756965393629,0.00202116743596589,1,0.999253354069792,40.0298881530762,1.99952742525562,14.9100003764033,38.8179392853342,7.14654617417412,250,-0.00910773803889889,7.10615943813079,0.020720116501269,300.0091553,300.0091553,8530.3857421875,8550.57421875,55.5175104639289,20.5313403121674,8.512546,0,0,0,40,4449,299.9686,8540.47998046875,,,,,,,,,,,,,0,,,,31.75598815,,,,,,300.0091553,,,,
,26458575.77,300.0098572,8610.556640625,7.12307597780773,0.00218841847947083,1,0.999253354069792,40.0298881530762,2.00003232415047,14.919999986887,38.9111974129494,7.16931388423547,250,-0.0081361113346029,7.12165836529672,0.0217563557350809,300.0091553,300.0105591,8550.57421875,8670.5390625,54.2770660039096,20.533008901784,8.512546,0,0,0,40,4449,299.96835,8610.556640625,,,,,,,,,,,,,0,,,,31.9146214,,,,,,300.0098572,,,,
,26458576.925,300.01086425,8725.5966796875,7.13589292414238,0.00216426575844162,1,0.999253354069792,40.0298881530762,1.99978759741819,14.919999986887,38.9780521736171,7.1733203854822,250,-0.00962202756432754,7.13447871041716,0.0203241031905776,300.0105591,300.0111694,8670.5390625,8780.654296875,55.280677022602,20.5375608235664,8.512546,0,0,0,40,4449,299.9679,8725.5966796875,,,,,,,,,,,,,0,,,,31.75598815,,,,,,300.01086425,,,,
,26458577.98,300.0106506,8835.73876953125,7.15059629152062,0.00219941939793432,1,0.999253354069792,40.0298881530762,1.99976140152118,14.919999986887,39.05764951864,7.18918480336782,250,-0.0094260964203768,7.14917836034297,0.0205812185501153,300.0101318,300.0111694,8780.654296875,8890.8232421875,55.4815555520443,20.5294515652585,9.256284,0,0,0,40,4449,299.96805,8835.73876953125,,,,,,,,,,,,,0,,,,31.75598815,,,,,,300.0106506,,,,
,26458578.97,300.0106506,8930.8408203125,7.16337345967554,0.00199471318519391,1,0.999253354069792,40.0298881530762,1.999857452146,14.919999986887,39.129221110326,7.20264470427166,250,-0.00939198263650237,7.16195281109139,0.0206686273261848,300.0101318,300.0111694,8890.8232421875,8970.8583984375,55.4713943812943,20.5334885682448,8.884414,0,0,0,40,4449,299.96735,8930.8408203125,,,,,,,,,,,,,0,,,,31.75598815,,,,,,300.0106506,,,,
,26458579.9,300.0115051,9020.78955078125,7.18463952440743,0.00182239947363429,1,0.999253354069792,40.0298881530762,1.99988182914919,14.9299995973706,39.2443102088305,7.23241758207335,250,-0.00789885288995852,7.18320808240063,0.0222503465106202,300.0111694,300.0118408,8970.8583984375,9070.720703125,54.4904505896596,20.5304844706975,9.256284,0,0,0,40,4449,299.96705,9020.78955078125,,,,,,,,,,,,,0,,,,31.5973549,,,,,,300.0115051,,,,
,26458581.04,300.01239015,9135.74560546875,7.19872205579946,0.00186703227254251,1,0.999253354069792,40.0298881530762,1.9995768241419,14.919999986887,39.3179375227487,7.23175560681238,250,-0.0104341177809292,7.19729817856149,0.019774354709779,300.0118408,300.0129395,9070.720703125,9200.7705078125,55.6019263440059,20.526655769144,8.512546,0,0,0,40,4449,299.9658,9135.74560546875,,,,,,,,,,,,,0,,,,31.9161835,,,,,,300.01239015,,,,
,26458582.235,300.01277165,9255.818359375,7.2148253969478,0.00184653082273462,1,0.999253354069792,40.0298881530762,1.99913925259108,14.9299995973706,39.40042774933,7.23051471245929,250,-0.0133645010724484,7.21341046599006,0.0169117747192766,300.0126038,300.0129395,9200.7705078125,9310.8662109375,55.9458428924675,20.5268548740524,9.256284,0,0,0,40,4449,299.9646,9255.818359375,,,,,,,,,,,,,0,,,,32.2350121,,,,,,300.01277165,,,,
,26458583.275,300.0117035,9360.86865234375,7.22401394552404,0.00188199133195005,1,0.999253354069792,40.0298881530762,1.99951185916002,14.919999986887,39.4555149531126,7.2532326056303,250,-0.0111476016985767,7.2225881906675,0.0191660749496139,300.0108032,300.0126038,9310.8662109375,9410.87109375,55.0313375249674,20.5271977483991,9.256284,0,0,0,40,4449,299.96675,9360.86865234375,,,,,,,,,,,,,0,,,,32.2350121,,,,,,300.0117035,,,,
,26458584.43,300.01060485,9475.98876953125,7.23459458755453,0.00180890807008125,1,0.999253354069792,40.0298881530762,1.99971864907057,14.919999986887,39.5163477897565,7.26966235998568,250,-0.0102342355188185,7.23316319039437,0.0201230887790636,300.0104065,300.0108032,9410.87109375,9541.1064453125,55.6003630869674,20.5304755889327,8.884414,0,0,0,40,4449,299.96735,9475.98876953125,,,,,,,,,,,,,0,,,,32.07481675,,,,,,300.01060485,,,,
,26458585.485,300.0113373,9581.115234375,7.24704095610001,0.00165688251660661,1,0.999253354069792,40.0298881530762,1.99971864907057,14.9299995973706,39.5831573969153,7.28849564156786,250,-0.00909310552289991,7.24560205205706,0.0213160707462013,300.0104065,300.0122681,9541.1064453125,9621.1240234375,55.4198068990251,20.5304755889327,8.884414,0,0,0,40,4449,299.96475,9581.115234375,,,,,,,,,,,,,0,,,,31.75598815,,,,,,300.0113373,,,,
,26458586.5,300.0127106,9681.06298828125,7.26947358201782,0.00176168876773519,1,0.999253354069792,40.0298881530762,1.99967514031804,14.919999986887,39.7076645166171,7.29566832202532,250,-0.0119105449236056,7.26804158893641,0.0185930184164162,300.0122681,300.0131531,9621.1240234375,9741.001953125,54.7265024024673,20.5266204351231,8.512546,0,0,0,40,4449,299.96375,9681.06298828125,,,,,,,,,,,,,0,,,,31.5973549,,,,,,300.0127106,,,,
,26458587.745,300.0124817,9806.37939453125,7.28044460401331,0.00173783160771666,1,0.999253354069792,40.0298881530762,1.99986965748265,14.919999986887,39.7689771094236,7.32023472040492,250,-0.00957256708670366,7.27900068205431,0.0209759685078572,300.0118103,300.0131531,9741.001953125,9871.7568359375,55.7301134211597,20.5308192911133,9.256284,0,0,0,40,4449,299.9641,9806.37939453125,,,,,,,,,,,,,0,,,,31.5973549,,,,,,300.0124817,,,,
,26458588.885,300.011734,9921.8427734375,7.28606924238669,0.00224577127311249,1,0.999253354069792,40.0298881530762,2.00017339322995,14.919999986887,39.8035850042517,7.33781283604494,250,-0.00759522026027374,7.28461612292304,0.022976048211905,300.0116577,300.0118103,9871.7568359375,9971.9287109375,55.7574704193328,20.5318035171444,8.512546,0,0,0,40,4449,299.9638,9921.8427734375,,,,,,,,,,,,,0,,,,31.5973549,,,,,,300.011734,,,,
,26458589.99,300.01167295,10032.0131835938,7.30215666552365,0.00143820390015638,1,0.999253354069792,40.0298881530762,1.99995665472425,14.9299995973706,39.8900650817957,7.33809379579535,250,-0.0103845860257082,7.30071202060679,0.0202543955506421,300.0116577,300.0116882,9971.9287109375,10092.09765625,54.8765750781596,20.5279896047172,8.512546,0,0,0,40,4449,299.96275,10032.0131835938,,,,,,,,,,,,,0,,,,31.5973549,,,,,,300.01167295,,,,
,26458591.955,300.0123596,10227.173828125,7.31759277981405,0.00222856912530587,1,0.999253354069792,40.0298881530762,2.00047954280155,14.9299995973706,39.9812376042379,7.3734813754053,250,-0.00711064146264052,7.31613111999195,0.0235918912172413,300.0123596,300.0123596,10222.1962890625,10232.1513671875,54.914874875602,20.5371767973842,9.256284,0,0,0,40,4449,299.9602,10227.173828125,,,,,,,,,,,,,0,,,,31.9146214,,,,,,300.0123596,,,,
,26458592.615,300.0123291,10297.1577148438,7.33012160415107,0.00208712974921648,1,0.999253354069792,40.0298881530762,1.99991485637015,14.919999986887,40.0405156976539,7.37413237568906,250,-0.00894277290903292,7.32866512270629,0.021812311853051,300.0122986,300.0123596,10232.1513671875,10362.1640625,56.8204852054868,20.532212498397,9.256284,0,0,0,40,4449,299.96085,10297.1577148438,,,,,,,,,,,,,0,,,,31.9146214,,,,,,300.0123291,,,,
,26458593.7,300.01194765,10407.2158203125,7.33681237334694,0.00204551100045912,1,0.999253354069792,40.0298881530762,2.00012990095985,14.9400001391768,40.0816680434296,7.37946428035148,250,-0.00934814493812667,7.33535639021579,0.0214344874931186,300.0115967,300.0122986,10362.1640625,10452.267578125,54.9953826130827,20.5329556690464,9.256284,0,0,0,40,4449,299.96185,10407.2158203125,,,,,,,,,,,,,0,,,,31.75598815,,,,,,300.01194765,,,,
,26458594.795,300.01182555,10512.3837890625,7.35000836328477,0.00218056608180301,1,0.999253354069792,40.0298881530762,1.99997495851144,14.9299995973706,40.1498989818379,7.39664602259898,250,-0.00854658949623102,7.34854640050945,0.0222908317030651,300.0115967,300.0120544,10452.267578125,10572.5,55.4909350942751,20.5276856809235,8.512546,0,0,0,40,4449,299.9614,10512.3837890625,,,,,,,,,,,,,0,,,,31.9161835,,,,,,300.01182555,,,,
,26458596.025,300.01200865,10637.4565429688,7.35074888038868,0.00280945123177487,1,0.999253354069792,40.0298881530762,2.00015445701564,14.919999986887,40.1567585047875,7.40180454489094,250,-0.00785744886427321,7.34928387040897,0.0229824755184739,300.0119629,300.0120544,10572.5,10702.4130859375,56.1772049341598,20.5315235146086,9.256284,0,0,0,40,4449,299.96065,10637.4565429688,,,,,,,,,,,,,0,,,,31.9161835,,,,,,300.01200865,,,,
,26458597.035,300.01176455,10742.3671875,7.36961378579676,0.00197596984336862,1,0.999253354069792,40.0298881530762,1.999985254903,14.919999986887,40.256594827347,7.41966313927872,250,-0.00797335814813876,7.36814553063562,0.0229452479699679,300.0115662,300.0119629,10702.4130859375,10782.3212890625,54.9226911607943,20.5374799104915,9.256284,0,0,0,40,4449,299.9608,10742.3671875,,,,,,,,,,,,,0,,,,31.5973549,,,,,,300.01176455,,,,
,26458597.985,300.01168825,10837.3256835938,7.37207578569222,0.00244744592192369,1,0.999253354069792,40.0298881530762,1.999975699053,14.9299995973706,40.2721883633305,7.40953075401025,250,-0.0102784121404995,7.37061676089198,0.0206505625528999,300.0115662,300.0118103,10782.3212890625,10892.330078125,53.8760905735442,20.5319881858662,9.256284,0,0,0,40,4449,299.96085,10837.3256835938,,,,,,,,,,,,,0,,,,31.9161835,,,,,,300.01168825,,,,
,26458599.055,300.01194765,10942.36328125,7.38632379542228,0.00180835900899375,1,0.999253354069792,40.0298881530762,1.99993662612415,14.919999986887,40.3479994054912,7.43047492950586,250,-0.00905907268126273,7.38485672486636,0.0219289736833875,300.0118103,300.012085,10892.330078125,10992.396484375,54.6545925786981,20.5310052058456,9.256284,0,0,0,40,4449,299.9607,10942.36328125,,,,,,,,,,,,,0,,,,31.9161835,,,,,,300.01194765,,,,
,26458600.11,300.01228335,11047.4233398438,7.39566433285283,0.00197645379873207,1,0.999253354069792,40.0298881530762,1.99987742496338,14.919999986887,40.3990471639404,7.43323474641394,250,-0.0102460518053011,7.39420028455575,0.0207810280253183,300.012085,300.0124817,10992.396484375,11102.4501953125,55.4698311242559,20.528053649404,8.512546,0,0,0,40,4449,299.96005,11047.4233398438,,,,,,,,,,,,,0,,,,31.75598815,,,,,,300.01228335,,,,
,26458601.205,300.0123291,11157.5258789062,7.40507027212063,0.00206585988368422,1,0.999253354069792,40.0298881530762,1.99985317394623,14.919999986887,40.4510446577528,7.43669406133398,250,-0.0113401885487164,7.40360892794184,0.019726119023885,300.0121765,300.0124817,11102.4501953125,11212.6015625,55.9372449787559,20.5273473762215,9.256284,0,0,0,40,4449,299.9597,11157.5258789062,,,,,,,,,,,,,0,,,,32.07481675,,,,,,300.0123291,,,,
,26458602.355,300.0128174,11272.6147460938,7.41342957172356,0.00189645557524448,1,0.999253354069792,40.0298881530762,1.99988312102262,14.9299995973706,40.4960541403702,7.45191053606775,250,-0.0101233201536182,7.41196132999312,0.020977347076615,300.0121765,300.0134583,11212.6015625,11332.6279296875,55.6042712295636,20.5286745098112,9.256284,0,0,0,40,4449,299.9592,11272.6147460938,,,,,,,,,,,,,0,,,,32.07481675,,,,,,300.0128174,,,,
,26458603.41,300.01280215,11377.6796875,7.41575923126937,0.00215929893711528,1,0.999253354069792,40.0298881530762,2.00019688483677,14.9299995973706,40.5132025847686,7.46495143957619,250,-0.00837595519660771,7.41428322935252,0.0227337078432827,300.012146,300.0134583,11332.6279296875,11422.7314453125,54.5162443307942,20.5320911626284,8.884414,0,0,0,40,4449,299.95875,11377.6796875,,,,,,,,,,,,,0,,,,31.75598815,,,,,,300.01280215,,,,
,26458604.48,300.01190185,11482.6469726562,7.43402477544224,0.00213581825696382,1,0.999253354069792,40.0298881530762,1.99990217835302,14.9299995973706,40.6085898737419,7.47454362472295,250,-0.00980973255879724,7.43255135843371,0.0213763668329754,300.0116577,300.012146,11422.7314453125,11542.5625,55.3072523922559,20.5296261189459,8.884414,0,0,0,40,4449,299.95875,11482.6469726562,,,,,,,,,,,,,0,,,,31.9161835,,,,,,300.01190185,,,,
,26458605.705,300.01190185,11607.5834960938,7.44926185607798,0.0016016292821666,1,0.999253354069792,40.0298881530762,1.9997503070655,14.919999986887,40.6911898176002,7.47648111549027,250,-0.0121784354942467,7.44779532486715,0.0190714980404034,300.0116577,300.012146,11542.5625,11672.6044921875,55.6527321977559,20.5318555535234,8.512546,0,0,0,40,4449,299.9587,11607.5834960938,,,,,,,,,,,,,0,,,,31.9161835,,,,,,300.01190185,,,,
,26458606.765,300.01246645,11712.5932617188,7.45530528912362,0.00148616240568297,1,0.999253354069792,40.0298881530762,2.00009939578798,14.9299995973706,40.7290452702089,7.49506595515441,250,-0.0101287521688088,7.45382881803518,0.021145651184572,300.012146,300.0127869,11672.6044921875,11752.58203125,55.8035865019674,20.5328326130541,9.256284,0,0,0,40,4449,299.95855,11712.5932617188,,,,,,,,,,,,,0,,,,31.9161835,,,,,,300.01246645,,,,
,26458607.82,300.0121155,11817.642578125,7.45571319594973,0.00195205845850205,1,0.999253354069792,40.0298881530762,2.00017598756862,14.919999986887,40.7303831817557,7.5087615830129,250,-0.00774777149634375,7.45422678828426,0.0235274684648666,300.0114441,300.0127869,11752.58203125,11882.703125,56.414820004006,20.5295969624646,9.256284,0,0,0,40,4449,299.9578,11817.642578125,,,,,,,,,,,,,0,,,,32.2350121,,,,,,300.0121155,,,,
,26458608.955,300.01179505,11932.7172851562,7.46781816672541,0.00194999008996238,1,0.999253354069792,40.0298881530762,1.99990303709101,14.9299995973706,40.7924623363219,7.5125324943195,250,-0.00911849960987715,7.46633517989951,0.022207283810773,300.0114441,300.012146,11882.703125,11982.7314453125,55.2838035366789,20.5313765304748,8.512546,0,0,0,40,4449,299.95765,11932.7172851562,,,,,,,,,,,,,0,,,,31.9161835,,,,,,300.01179505,,,,
,26458609.93,300.0125122,12027.7666015625,7.47591947284609,0.00196017773217459,1,0.999253354069792,40.0298881530762,1.99982753971851,14.919999986887,40.8363566920694,7.51423040958367,250,-0.0102586437473706,7.4744394678443,0.0211008578274274,300.012146,300.0128784,11982.7314453125,12072.8017578125,55.6019263440059,20.5319112522498,8.512546,0,0,0,40,4449,299.9581,12027.7666015625,,,,,,,,,,,,,0,,,,31.75598815,,,,,,300.0125122,,,,
,26458611.055,300.0119171,12137.7885742187,7.47987165578873,0.00215280261618893,1,0.999253354069792,40.0298881530762,2.0002491205866,14.919999986887,40.8658334448907,7.52248917146218,250,-0.00976180741596203,7.47838896328516,0.0216137789643107,300.0109558,300.0128784,12072.8017578125,12202.775390625,55.4479455257174,20.5312864796414,8.512546,0,0,0,40,4449,299.95715,12137.7885742187,,,,,,,,,,,,,0,,,,31.9146214,,,,,,300.0119171,,,,
,26458612.19,300.01138305,12252.7944335938,7.48835826054333,0.002124587328229,1,0.999253354069792,40.0298881530762,2.0000789984366,14.919999986887,40.9071179892722,7.53951860215197,250,-0.00810288058495449,7.48686707030159,0.0233075297794483,300.0109558,300.0118103,12202.775390625,12302.8134765625,55.1618694876789,20.5348164416088,9.256284,0,0,0,40,4449,299.95635,12252.7944335938,,,,,,,,,,,,,0,,,,31.9146214,,,,,,300.01138305,,,,
,26458613.11,300.0119934,12347.7924804687,7.49140504927855,0.00219434051221219,1,0.999253354069792,40.0298881530762,2.00023029433276,14.919999986887,40.9284904589387,7.53391013781313,250,-0.00979606235811393,7.48992020339675,0.0216271412419255,300.0118103,300.0121765,12302.8134765625,12392.771484375,55.8200007008713,20.5289214547863,8.512546,0,0,0,40,4449,299.95545,12347.7924804687,,,,,,,,,,,,,0,,,,32.07481675,,,,,,300.0119934,,,,
,26458614.145,300.01167295,12452.8110351562,7.50058971492781,0.00228636974786756,1,0.999253354069792,40.0298881530762,2.0000473072783,14.919999986887,40.9755866561155,7.53939938681512,250,-0.0103706414164867,7.49910554070778,0.0210907437906683,300.0111694,300.0121765,12392.771484375,12512.8505859375,55.2845851651982,20.526189441132,8.512546,0,0,0,40,4449,299.9552,12452.8110351562,,,,,,,,,,,,,0,,,,32.07481675,,,,,,300.01167295,,,,
,26458615.195,300.0118408,12557.857421875,7.51373331672474,0.00171058829929212,1,0.999253354069792,40.0298881530762,1.99976421773078,14.9299995973706,41.0428129366551,7.54571165789653,250,-0.0114607282684876,7.51225105771821,0.020055309423226,300.0111694,300.0125122,12512.8505859375,12602.8642578125,55.3244482196789,20.527105447878,9.256284,0,0,0,40,4449,299.95685,12557.857421875,,,,,,,,,,,,,0,,,,31.9146214,,,,,,300.0118408,,,,
,26458616.285,300.0125427,12662.9633789062,7.51919698772002,0.00191474561568119,1,0.999253354069792,40.0298881530762,1.99950097765581,14.9299995973706,41.0683114972443,7.5452414968207,250,-0.0123821289859672,7.51771733058696,0.0191565429826343,300.0125122,300.0125732,12602.8642578125,12723.0625,55.3275747337559,20.5259557927388,8.884414,0,0,0,40,4449,299.95665,12662.9633789062,,,,,,,,,,,,,0,,,,31.75598815,,,,,,300.0125427,,,,
,26458617.57,300.0121307,12793.0170898438,7.52267351572205,0.00273531865843906,1,0.999253354069792,40.0298881530762,2.00025068455873,14.9299995973706,41.099699719488,7.56560345368927,250,-0.0098032833597109,7.52118249966163,0.0217489137339802,300.0116882,300.0125732,12723.0625,12862.9716796875,55.7285501641213,20.5357674479596,8.512546,0,0,0,40,4449,299.956,12793.0170898438,,,,,,,,,,,,,0,,,,31.5973549,,,,,,300.0121307,,,,
,26458618.715,300.0115814,12908.025390625,7.53056647218821,0.00238425254025621,1,0.999253354069792,40.0298881530762,2.00015322676915,14.9299995973706,41.1418086077217,7.5681180764129,250,-0.0107401087699367,7.52907798739627,0.0208447841896154,300.0114746,300.0116882,12862.9716796875,12953.0791015625,55.0516598664674,20.5352360898789,9.256284,0,0,0,40,4449,299.95645,12908.025390625,,,,,,,,,,,,,0,,,,31.5973549,,,,,,300.0115814,,,,
,26458619.795,300.0112152,13013.103515625,7.54244201556705,0.00193418522800342,1,0.999253354069792,40.0298881530762,2.0000987066981,14.9299995973706,41.2047371180198,7.58447427408867,250,-0.00991026109525634,7.54094777259626,0.021723864729546,300.0109558,300.0114746,12953.0791015625,13073.1279296875,54.6819495768712,20.5247557320266,8.512546,0,0,0,40,4449,299.9557,13013.103515625,,,,,,,,,,,,,0,,,,31.5973549,,,,,,300.0112152,,,,
,26458621.03,300.01164245,13138.6484375,7.55181601630261,0.00185533978544102,1,0.999253354069792,40.0298881530762,1.99981884839708,14.919999986887,41.2512673278624,7.58775890738955,250,-0.0108569347664745,7.55032377409665,0.0208160885676195,300.0109558,300.0123291,13073.1279296875,13204.1689453125,55.8403230423713,20.52915252206,8.512546,0,0,0,40,4449,299.9558,13138.6484375,,,,,,,,,,,,,0,,,,31.5973549,,,,,,300.01164245,,,,
,26458622.045,300.0123291,13244.2314453125,7.56053300720511,0.00177725965667294,1,0.999253354069792,40.0298881530762,1.99966837487668,14.9299995973706,41.2967696424967,7.5910194027081,250,-0.0117736879358293,7.5590426978781,0.0199355075393422,300.0123291,300.0123291,13204.1689453125,13284.2939453125,55.219709998102,20.5285476408408,9.256284,0,0,0,40,4449,299.95635,13244.2314453125,,,,,,,,,,,,,0,,,,31.9161835,,,,,,300.0123291,,,,
,26458622.99,300.01252745,13339.3974609375,7.56254216695238,0.00259566283056411,1,0.999253354069792,40.0298881530762,1.99982134814507,14.919999986887,41.310828363343,7.59358032763105,250,-0.0117803568354046,7.56105147705145,0.0199366806072969,300.0123291,300.0127258,13284.2939453125,13394.5009765625,55.016486583102,20.5336480579461,8.512546,0,0,0,40,4449,299.9574,13339.3974609375,,,,,,,,,,,,,0,,,,31.9161835,,,,,,300.01252745,,,,
,26458624.18,300.01231385,13454.5288085938,7.5702196339051,0.00184284246181091,1,0.999253354069792,40.0298881530762,2.00011750459635,14.919999986887,41.3573151447972,7.61005419780381,250,-0.0103878554014863,7.56872165854088,0.0213604885016905,300.0119019,300.0127258,13394.5009765625,13514.556640625,54.7139963461596,20.5268075997656,8.884414,0,0,0,40,4449,299.95785,13454.5288085938,,,,,,,,,,,,,0,,,,31.5973549,,,,,,300.01231385,,,,
,26458625.175,300.0125275,13554.5874023437,7.57617419627562,0.00245242759290581,1,0.999253354069792,40.0298881530762,1.99994289342066,14.919999986887,41.3859767994746,7.61726247682679,250,-0.0100531588361507,7.57467358026161,0.0217197208915595,300.0119019,300.0131531,13514.556640625,13594.6181640625,54.8179529392173,20.5342402023695,8.884414,0,0,0,40,4449,299.95695,13554.5874023437,,,,,,,,,,,,,0,,,,31.9161835,,,,,,300.0125275,,,,
,26458626.16,300.01228335,13654.662109375,7.58516956479901,0.00191065508665623,1,0.999253354069792,40.0298881530762,1.9998515513881,14.9299995973706,41.4352670650566,7.61520375492711,250,-0.0120356987788033,7.583675531847,0.0197749642439095,300.0114136,300.0131531,13594.6181640625,13714.7060546875,55.1438920317366,20.5292393048697,9.256284,0,0,0,40,4449,299.95585,13654.662109375,,,,,,,,,,,,,0,,,,31.9161835,,,,,,300.01228335,,,,
,26458627.36,300.01184085,13774.7495117188,7.597366933282,0.00175011954005913,1,0.999253354069792,40.0298881530762,1.99991048841437,14.9299995973706,41.5020236807273,7.63342086946241,250,-0.0110014463871976,7.59586623482862,0.0208598281635673,300.0114136,300.0122681,13714.7060546875,13834.79296875,55.3846336156597,20.5342834190291,9.256284,0,0,0,40,4449,299.95385,13774.7495117188,,,,,,,,,,,,,0,,,,31.9161835,,,,,,300.01184085,,,,
,26458628.56,300.0125275,13894.7294921875,7.59593569735419,0.00214513144186444,1,0.999253354069792,40.0298881530762,2.00010786469864,14.919999986887,41.4968637670351,7.63990254706869,250,-0.00968330945019907,7.59442961158974,0.0221712659186854,300.0122681,300.0127869,13834.79296875,13954.666015625,54.9813132997366,20.5291863844453,9.256284,0,0,0,40,4449,299.95265,13894.7294921875,,,,,,,,,,,,,0,,,,32.07481675,,,,,,300.0125275,,,,
,26458629.72,300.0127869,14009.7026367188,7.60780504887004,0.00184308124484038,1,0.999253354069792,40.0298881530762,2.00011543069613,14.919999986887,41.5614739493186,7.65394911085978,250,-0.00931677946091093,7.60629501101004,0.0225867167901503,300.0127869,300.0127869,13954.666015625,14064.7392578125,55.2165834840251,20.5261424959833,8.512546,0,0,0,40,4449,299.9544,14009.7026367188,,,,,,,,,,,,,0,,,,31.75598815,,,,,,300.0127869,,,,
,26458630.845,300.0126648,14124.728515625,7.61300494602817,0.00199761787206962,1,0.999253354069792,40.0298881530762,1.99990577369471,14.9299995973706,41.5859389657184,7.65674353221128,250,-0.00962528851727916,7.61149525613174,0.0222992526158946,300.0125427,300.0127869,14064.7392578125,14184.7177734375,55.5237634920828,20.5321896058085,9.256284,0,0,0,40,4449,299.9565,14124.728515625,,,,,,,,,,,,,0,,,,31.9161835,,,,,,300.0126648,,,,
,26458631.9,300.01245115,14229.751953125,7.62040038903687,0.00195682067278994,1,0.999253354069792,40.0298881530762,2.00006753971366,14.919999986887,41.6304948631227,7.66006229439692,250,-0.0104990614094837,7.61889295895788,0.0214562326588689,300.0123596,300.0125427,14184.7177734375,14274.7861328125,55.547993976179,20.5345729068765,8.512546,0,0,0,40,4449,299.9559,14229.751953125,,,,,,,,,,,,,0,,,,31.9161835,,,,,,300.01245115,,,,
,26458632.925,300.01260375,14329.8344726563,7.62067754631619,0.00235245059240203,1,0.999253354069792,40.0298881530762,1.99994279914106,14.919999986887,41.6277798161125,7.66903311812524,250,-0.00882232995027396,7.61916300884713,0.0231335490354041,300.0123596,300.0128479,14274.7861328125,14384.8828125,56.2577126716406,20.5334735421215,8.512546,0,0,0,40,4449,299.9539,14329.8344726563,,,,,,,,,,,,,0,,,,31.9161835,,,,,,300.01260375,,,,
,26458634.065,300.01260375,14444.8857421875,7.63096919427863,0.00216861644886571,1,0.999253354069792,40.0298881530762,2.0003437326765,14.9299995973706,41.6943264007378,7.66911752599859,250,-0.0109890349800389,7.62946169801467,0.0210099017929033,300.0123596,300.0128479,14384.8828125,14504.888671875,54.7053984324481,20.5352412687729,9.256284,0,0,0,40,4449,299.9537,14444.8857421875,,,,,,,,,,,,,0,,,,31.9161835,,,,,,300.01260375,,,,
,26458635.135,300.01252745,14549.9462890625,7.63475682087519,0.00189531248596452,1,0.999253354069792,40.0298881530762,2.00034885337222,14.919999986887,41.7134565394436,7.68194627470387,250,-0.00934559410458732,7.6332417532987,0.0226681670276133,300.0123596,300.0126953,14504.888671875,14595.00390625,55.741056220429,20.531680557145,9.256284,0,0,0,40,4449,299.95535,14549.9462890625,,,,,,,,,,,,,0,,,,31.75598815,,,,,,300.01252745,,,,
,26458636.28,300.0124359,14665.0434570313,7.63888989103068,0.001972708963098,1,0.999253354069792,40.0298881530762,2.00031165300641,14.9299995973706,41.7343794611464,7.69083267459441,250,-0.00845911975695972,7.63737033968361,0.0235712827104035,300.0121765,300.0126953,14595.00390625,14735.0830078125,55.3025626211405,20.5283678516216,8.512546,0,0,0,40,4449,299.9549,14665.0434570313,,,,,,,,,,,,,0,,,,32.07481675,,,,,,300.0124359,,,,
,26458637.575,300.0119934,14794.966796875,7.65300154979041,0.00201121237759515,1,0.999253354069792,40.0298881530762,2.00025748925653,14.9299995973706,41.8114326892646,7.69913095342356,250,-0.00951888626288741,7.65148374506149,0.0225703681535614,300.0118103,300.0121765,14735.0830078125,14854.8505859375,55.6183405429097,20.5339223090602,9.256284,0,0,0,40,4449,299.95405,14794.966796875,,,,,,,,,,,,,0,,,,32.07481675,,,,,,300.0119934,,,,
,26458638.75,300.0124817,14909.876953125,7.66260835516362,0.00183367199928632,1,0.999253354069792,40.0298881530762,2.00006604999954,14.919999986887,41.8613573080937,7.70082486189703,250,-0.0108578529213109,7.66109413932372,0.0212712397863393,300.0118103,300.0131531,14854.8505859375,14964.9033203125,53.2648570715056,20.5304572477177,9.256284,0,0,0,40,4449,299.9552,14909.876953125,,,,,,,,,,,,,0,,,,32.07481675,,,,,,300.0124817,,,,
,26458639.785,300.01264955,15014.9340820313,7.66907473077826,0.0018651420869057,1,0.999253354069792,40.0298881530762,2.00008233920653,14.919999986887,41.8951802169549,7.71728594571655,250,-0.00905363262695679,7.66755163658969,0.023101684232326,300.012146,300.0131531,14964.9033203125,15064.96484375,55.5519021187751,20.5365711168618,9.256284,0,0,0,40,4449,299.9552,15014.9340820313,,,,,,,,,,,,,0,,,,32.2350121,,,,,,300.01264955,,,,
,26458640.84,300.0117035,15119.9975585938,7.67424698034445,0.00187492231782102,1,0.999253354069792,40.0298881530762,1.99993169503637,14.9299995973706,41.9210043802294,7.71844517262726,250,-0.00969642230790193,7.67272582701397,0.0224803870048302,300.011261,300.012146,15064.96484375,15175.0302734375,55.5933284302943,20.5323418087079,9.256284,0,0,0,40,4449,299.95365,15119.9975585938,,,,,,,,,,,,,0,,,,31.9161835,,,,,,300.0117035,,,,
,26458641.985,300.011673,15235.0610351562,7.68212130575132,0.00195880146593302,1,0.999253354069792,40.0298881530762,1.99995735154171,14.919999986887,41.9675799998098,7.71008492036554,250,-0.012704520027145,7.68061121691556,0.019505425671683,300.011261,300.012085,15175.0302734375,15295.091796875,55.2228365121789,20.5310618251696,9.256284,0,0,0,40,4449,299.953,15235.0610351562,,,,,,,,,,,,,0,,,,31.5973549,,,,,,300.011673,,,,
,26458643.02,300.01228335,15340.1225585938,7.68616959402636,0.00190526891739019,1,0.999253354069792,40.0298881530762,2.00021536748806,14.919999986887,41.9929778079593,7.72589114742825,250,-0.0107383378999245,7.68465031161183,0.0214876944709997,300.012085,300.0124817,15295.091796875,15385.1533203125,55.3932315293713,20.5292110084783,9.256284,0,0,0,40,4449,299.9527,15340.1225585938,,,,,,,,,,,,,0,,,,31.5973549,,,,,,300.01228335,,,,
,26458644.035,300.01264955,15440.169921875,7.69084232999378,0.00253571437914457,1,0.999253354069792,40.0298881530762,1.99997107324295,14.9299995973706,42.0155104833539,7.71884920192637,250,-0.0127252859793017,7.68933036876158,0.0195202604714746,300.0124817,300.0128174,15385.1533203125,15495.1865234375,55.6816524529674,20.5315564408262,9.256284,0,0,0,40,4449,299.95255,15440.169921875,,,,,,,,,,,,,0,,,,31.75598815,,,,,,300.01264955,,,,
,26458645.085,300.01246645,15545.107421875,7.69378236216501,0.00228500284069293,1,0.999253354069792,40.0298881530762,2.00013784925696,14.919999986887,42.0337094647815,7.7293284065829,250,-0.0114661805545298,7.69226462597271,0.0207909109368666,300.0121155,300.0128174,15495.1865234375,15595.0283203125,56.4476484018137,20.5322978890461,8.884414,0,0,0,40,4449,299.95255,15545.107421875,,,,,,,,,,,,,0,,,,32.07481675,,,,,,300.01246645,,,,
,26458646.14,300.01260375,15650.076171875,7.70511767303842,0.00158118463491217,1,0.999253354069792,40.0298881530762,2.00000750386656,14.9299995973706,42.0930955102204,7.73951574311815,250,-0.0116123073944542,7.70359825322936,0.0206918150903862,300.0121155,300.013092,15595.0283203125,15705.1240234375,55.2158018555058,20.5310324737705,8.512546,0,0,0,40,4449,299.9525,15650.076171875,,,,,,,,,,,,,0,,,,32.2350121,,,,,,300.01260375,,,,
,26458647.255,300.0129547,15765.1674804687,7.7075601000131,0.00236025161181929,1,0.999253354069792,40.0298881530762,1.99960718651858,14.919999986887,42.0972735296708,7.7455796784495,250,-0.010677530759946,7.70603622113598,0.0216360498157006,300.0128174,300.013092,15705.1240234375,15825.2109375,55.5433042050636,20.5273330516742,9.256284,0,0,0,40,4449,299.9526,15765.1674804687,,,,,,,,,,,,,0,,,,31.9161835,,,,,,300.0129547,,,,
,26458648.35,300.01283265,15875.1870117188,7.71071281275853,0.00234617350054859,1,0.999253354069792,40.0298881530762,2.00062118414638,14.919999986887,42.1352085222689,7.7531259074377,250,-0.0105810550540689,7.70918797728737,0.021745150144609,300.0128174,300.0128479,15825.2109375,15925.1630859375,55.3916682723328,20.539421389399,9.256284,0,0,0,40,4449,299.95275,15875.1870117188,,,,,,,,,,,,,0,,,,31.5973549,,,,,,300.01283265,,,,
,26458649.375,300.012558,15975.1948242187,7.70662028255967,0.00270062512680995,1,0.999253354069792,40.0298881530762,2.00062118414638,14.919999986887,42.1103166528911,7.76264904146167,250,-0.00807868472958091,7.70508590269166,0.0242294918004394,300.0122681,300.0128479,15925.1630859375,16025.2265625,55.8012416164098,20.539421389399,8.512546,0,0,0,40,4449,299.95165,15975.1948242187,,,,,,,,,,,,,0,,,,31.5973549,,,,,,300.012558,,,,
,26458650.485,300.01216125,16085.3359375,7.72994514407527,0.00197019965625565,1,0.999253354069792,40.0298881530762,2.00040379980017,14.9299995973706,42.2363770944024,7.76869811930333,250,-0.0111452707410707,7.72841904055872,0.0212607394566962,300.0120544,300.0122681,16025.2265625,16145.4453125,56.7032409276022,20.5340134433501,8.512546,0,0,0,40,4449,299.95175,16085.3359375,,,,,,,,,,,,,0,,,,31.5973549,,,,,,300.01216125,,,,
,26458651.665,300.01219175,16205.4111328125,7.73430519421667,0.00213191367508554,1,0.999253354069792,40.0298881530762,2.00005878782007,14.919999986887,42.2523719752401,7.77567852430821,250,-0.0104359513992243,7.73277527658051,0.0219876153338041,300.0120544,300.0123291,16145.4453125,16265.376953125,55.2924014503905,20.5338061981598,8.512546,0,0,0,40,4449,299.9515,16205.4111328125,,,,,,,,,,,,,0,,,,31.9161835,,,,,,300.01219175,,,,
,26458652.735,300.0123291,16315.4204101562,7.74096693503118,0.00249476710543637,1,0.999253354069792,40.0298881530762,2.00021139845564,14.9299995973706,42.293312846119,7.77539007296073,250,-0.0118294939902043,7.73944150245552,0.020621882842918,300.0123291,300.0123291,16265.376953125,16365.4638671875,55.1860999717751,20.5338534566748,9.256284,0,0,0,40,4449,299.95025,16315.4204101562,,,,,,,,,,,,,0,,,,32.2350121,,,,,,300.0123291,,,,
,26458653.915,300.0128479,16430.8051757813,7.74956928385748,0.00177572372343961,1,0.999253354069792,40.0298881530762,2.000016324987,14.919999986887,42.3358068646144,7.78587914844333,250,-0.0113681478364427,7.74804006954805,0.0211186647984639,300.0123291,300.0133667,16365.4638671875,16496.146484375,56.1584458496982,20.5270231595858,9.256284,0,0,0,40,4449,299.9498,16430.8051757813,,,,,,,,,,,,,0,,,,32.2350121,,,,,,300.0128479,,,,
,26458655.11,300.0128174,16551.2158203125,7.75416826843086,0.00194369968974045,1,0.999253354069792,40.0298881530762,2.0000859841027,14.919999986887,42.3612807059129,7.7966365361937,250,-0.0102990479326175,7.75263370931517,0.0222061597999347,300.0122681,300.0133667,16496.146484375,16606.28515625,55.547993976179,20.530706509267,8.512546,0,0,0,40,4449,299.9502,16551.2158203125,,,,,,,,,,,,,0,,,,32.07481675,,,,,,300.0128174,,,,
,26458656.08,300.01210025,16646.353515625,7.75336124999649,0.00252006521410585,1,0.999253354069792,40.0298881530762,2.0000071717875,14.919999986887,42.3522718138041,7.81156825829867,250,-0.00736003987652889,7.75181479592574,0.0251406123550153,300.0119324,300.0122681,16606.28515625,16686.421875,55.558155146929,20.5364788524697,8.512546,0,0,0,40,4449,299.9509,16646.353515625,,,,,,,,,,,,,0,,,,31.75598815,,,,,,300.01210025,,,,
,26458657.91,300.0123596,16826.533203125,7.76191075595413,0.00251648991743454,1,0.999253354069792,40.0298881530762,2.00011455934621,14.9299995973706,42.4047114393222,7.80161164978578,250,-0.0108420746724128,7.76037718675637,0.0216940456861539,300.0123596,300.0123596,16816.498046875,16836.568359375,53.2890875556018,20.5340410329387,8.884414,0,0,0,40,4449,299.9521,16826.533203125,,,,,,,,,,,,,0,,,,31.5973549,,,,,,300.0123596,,,,
,26458658.5,300.0119476,16886.5439453125,7.77675087254438,0.00188904163872273,1,0.999253354069792,40.0298881530762,2.00004707185006,14.919999986887,42.4831025233854,7.82320943877323,250,-0.00959203342381412,7.77520919313961,0.0230057204089763,300.0115356,300.0123596,16836.568359375,16936.51953125,56.0372934292175,20.5330074728575,8.512546,0,0,0,40,4449,299.95215,16886.5439453125,,,,,,,,,,,,,0,,,,31.9161835,,,,,,300.0119476,,,,
,26458659.555,300.01152035,16996.59375,7.78082987121984,0.00201611034076736,1,0.999253354069792,40.0298881530762,2.00013435423341,14.919999986887,42.506170393604,7.83316855198509,250,-0.0085854300880044,7.77928331367824,0.0240287143928117,300.0115051,300.0115356,16936.51953125,17056.66796875,55.0297742679289,20.5313490077657,8.512546,0,0,0,40,4449,299.95165,16996.59375,,,,,,,,,,,,,0,,,,32.07481675,,,,,,300.01152035,,,,
,26458660.715,300.0119934,17111.6826171875,7.78883175929459,0.00188784064426635,1,0.999253354069792,40.0298881530762,2.00012599621049,14.919999986887,42.5520871146798,7.82837431032484,250,-0.0109406402386191,7.78729335324093,0.0217070698997139,300.0115051,300.0124817,17056.66796875,17166.697265625,55.300999364102,20.52482770192,8.512546,0,0,0,40,4449,299.95055,17111.6826171875,,,,,,,,,,,,,0,,,,31.75598815,,,,,,300.0119934,,,,
,26458661.76,300.0125885,17216.642578125,7.79737412096669,0.00193250842456132,1,0.999253354069792,40.0298881530762,1.99973176907527,14.9299995973706,42.5909761609996,7.83326904229241,250,-0.0113523396585734,7.79583557637958,0.021330792304269,300.0124817,300.0126953,17166.697265625,17266.587890625,55.1087187483712,20.5367667834765,8.512546,0,0,0,40,4449,299.94995,17216.642578125,,,,,,,,,,,,,0,,,,31.9161835,,,,,,300.0125885,,,,
,26458662.675,300.0120697,17311.6318359375,7.79995004860582,0.00184329726194239,1,0.999253354069792,40.0298881530762,2.00021022257665,14.9299995973706,42.6143775227763,7.84095367762689,250,-0.0107569292063314,7.79840869365654,0.0219362515140265,300.0114441,300.0126953,17266.587890625,17356.67578125,55.507349293179,20.5236072416452,9.256284,0,0,0,40,4449,299.951,17311.6318359375,,,,,,,,,,,,,0,,,,31.9161835,,,,,,300.0120697,,,,
,26458663.76,300.0117798,17416.6728515625,7.80481628323562,0.00214343272138512,1,0.999253354069792,40.0298881530762,2.00004366064415,14.919999986887,42.6373700854166,7.84592878792546,250,-0.0106309235611275,7.80327357925126,0.0220817343820448,300.0114441,300.0121155,17356.67578125,17476.669921875,55.4252782986597,20.5306336277475,8.884414,0,0,0,40,4449,299.9537,17416.6728515625,,,,,,,,,,,,,0,,,,31.5973549,,,,,,300.0117798,,,,
,26458664.845,300.01208495,17521.671875,7.81239729050983,0.00178930146251498,1,0.999253354069792,40.0298881530762,2.00000759063647,14.9299995973706,42.6780323090298,7.85342234755905,250,-0.0106388180078178,7.81085303479492,0.0221051456164689,300.0120544,300.0121155,17476.669921875,17566.673828125,55.2861484222366,20.5342425065492,8.512546,0,0,0,40,4449,299.9531,17521.671875,,,,,,,,,,,,,0,,,,31.5973549,,,,,,300.01208495,,,,
,26458665.845,300.0121002,17621.755859375,7.81593536060684,0.00208433156531372,1,0.999253354069792,40.0298881530762,1.99991111326665,14.919999986887,42.6950886045239,7.85803428007408,250,-0.0103824659824047,7.81438933481195,0.0223759785595903,300.0120544,300.012146,17566.673828125,17676.837890625,55.4276231842174,20.5297253686274,8.884414,0,0,0,40,4449,299.95135,17621.755859375,,,,,,,,,,,,,0,,,,31.9161835,,,,,,300.0121002,,,,
,26458666.945,300.0115814,17731.8115234375,7.82152226723262,0.0023537700248989,1,0.999253354069792,40.0298881530762,1.99991848675627,14.9299995973706,42.7266358310653,7.85896824202107,250,-0.0112518639075157,7.81997896933624,0.0215294306468419,300.0110168,300.012146,17676.837890625,17786.78515625,55.2744239944482,20.524591824072,8.512546,0,0,0,40,4449,299.95265,17731.8115234375,,,,,,,,,,,,,0,,,,31.9161835,,,,,,300.0115814,,,,
,26458667.96,300.01159665,17836.791015625,7.82935499287897,0.00216330457209577,1,0.999253354069792,40.0298881530762,1.99981387849451,14.919999986887,42.7684171745405,7.86010645226901,250,-0.0124219721814118,7.82781504658982,0.0203919152390592,300.0110168,300.0121765,17786.78515625,17886.796875,54.4584038203711,20.525713858729,8.512546,0,0,0,40,4449,299.95205,17836.791015625,,,,,,,,,,,,,0,,,,31.5973549,,,,,,300.01159665,,,,
,26458669.93,300.0115967,18036.890625,7.84141883016342,0.0014208942760043,1,0.999253354069792,40.0298881530762,2.0001446040325,14.919999986887,42.8419459316909,7.86958228003287,250,-0.0131554208859263,7.83987955707497,0.0197086224232334,300.0115967,300.0115967,18026.96875,18046.8125,55.595673315852,20.5277804118419,9.256284,0,0,0,40,4449,299.9482,18036.890625,,,,,,,,,,,,,0,,,,31.75598815,,,,,,300.0115967,,,,
,26458670.65,300.012146,18106.826171875,7.84215836651102,0.00280807692902461,1,0.999253354069792,40.0298881530762,2.00042423144323,14.919999986887,42.8486119944467,7.88872189087948,250,-0.00998457934992674,7.84060554427457,0.0228814148185708,300.0115967,300.0126953,18046.8125,18166.83984375,56.2577126716406,20.5336192416072,8.512546,0,0,0,40,4449,299.94925,18106.826171875,,,,,,,,,,,,,0,,,,31.75598815,,,,,,300.012146,,,,
,26458671.71,300.0122528,18211.8125,7.84732449039149,0.00222156695752674,1,0.999253354069792,40.0298881530762,2.00028403875214,14.919999986887,42.8728848535954,7.898909775186,250,-0.00897802464953668,7.84576643274087,0.023908745605117,300.0118103,300.0126953,18166.83984375,18256.78515625,55.5136023213328,20.5285145406854,9.256284,0,0,0,40,4449,299.95015,18211.8125,,,,,,,,,,,,,0,,,,31.5973549,,,,,,300.0122528,,,,
,26458672.72,300.01141355,18311.8671875,7.86086326971469,0.00209902569041352,1,0.999253354069792,40.0298881530762,1.9996487688608,14.919999986887,42.9381563213933,7.885293473206,250,-0.0135338906138529,7.85932182949399,0.0194101702125908,300.0110168,300.0118103,18256.78515625,18366.94921875,55.3901050152943,20.5309044554669,9.256284,0,0,0,40,4449,299.94895,18311.8671875,,,,,,,,,,,,,0,,,,31.9161835,,,,,,300.01141355,,,,
,26458673.79,300.01133725,18421.98828125,7.86087215041067,0.0022115960170894,1,0.999253354069792,40.0298881530762,2.00019386228792,14.9299995973706,42.9455841224993,7.90913279175719,250,-0.00955394540616833,7.85931411055153,0.0233887362088333,300.0110168,300.0116577,18366.94921875,18477.02734375,56.5656743082175,20.5308181842184,9.256284,0,0,0,40,4449,299.94915,18421.98828125,,,,,,,,,,,,,0,,,,32.2350121,,,,,,300.01133725,,,,
,26458674.765,300.0117035,18517.0078125,7.86806692512828,0.00212583328214085,1,0.999253354069792,40.0298881530762,2.00009316023506,14.9299995973706,42.9854717155309,7.90147119855598,250,-0.0122193049080985,7.86651852604972,0.0207536430129598,300.0116577,300.0117493,18477.02734375,18556.98828125,55.3627480171212,20.5291034515631,8.512546,0,0,0,40,4449,299.94855,18517.0078125,,,,,,,,,,,,,0,,,,31.9161835,,,,,,300.0117035,,,,
,26458675.775,300.01231385,18617.0302734375,7.86907935177455,0.00240264763599444,1,0.999253354069792,40.0298881530762,2.00022598048194,14.919999986887,42.9904239401227,7.92112481757894,250,-0.00890216787748743,7.86751669553715,0.0240740776660875,300.0117493,300.0128784,18556.98828125,18677.072265625,55.6746177962944,20.533722529498,8.512546,0,0,0,40,4449,299.94655,18617.0302734375,,,,,,,,,,,,,0,,,,31.5973549,,,,,,300.01231385,,,,
,26458676.955,300.01234435,18737.12890625,7.87562293312023,0.0022600714079998,1,0.999253354069792,40.0298881530762,2.00045626716813,14.919999986887,43.0323295449151,7.92144006446351,250,-0.0102197463448043,7.87406453343997,0.022783406808209,300.0118103,300.0128784,18677.072265625,18797.185546875,55.4463822686789,20.5368377039502,8.512546,0,0,0,40,4449,299.94765,18737.12890625,,,,,,,,,,,,,0,,,,31.9161835,,,,,,300.01234435,,,,
,26458678.065,300.01135255,18847.037109375,7.87646770777222,0.002533255217116,1,0.999253354069792,40.0298881530762,2.00049502055701,14.9299995973706,43.0356192757972,7.93398458228725,250,-0.00810677013709625,7.87490063763197,0.0248987931590031,300.0108948,300.0118103,18797.185546875,18896.888671875,55.8559556127559,20.5361995029249,9.256284,0,0,0,40,4449,299.94855,18847.037109375,,,,,,,,,,,,,0,,,,32.2350121,,,,,,300.01135255,,,,
,26458679.065,300.01083375,18946.94921875,7.88829811829292,0.0021820906704162,1,0.999253354069792,40.0298881530762,2.00049011417978,14.919999986887,43.1041855755676,7.92415364395631,250,-0.0120961737574668,7.88674555026416,0.0209593574594973,300.0107727,300.0108948,18896.888671875,18997.009765625,55.9067614665059,20.5331476426943,8.512546,0,0,0,40,4449,299.94765,18946.94921875,,,,,,,,,,,,,0,,,,31.9161835,,,,,,300.01083375,,,,
,26458680.205,300.01145935,19062.0341796875,7.89799260417421,0.00174715785712893,1,0.999253354069792,40.0298881530762,2.00025184018834,14.919999986887,43.1509232499039,7.93957727450708,250,-0.0109009236626389,7.89643293667693,0.022194344752813,300.0107727,300.012146,18997.009765625,19127.05859375,55.7230787644867,20.5244443972455,8.512546,0,0,0,40,4449,299.94785,19062.0341796875,,,,,,,,,,,,,0,,,,31.5973549,,,,,,300.01145935,,,,
,26458681.26,300.0120392,19167.091796875,7.90252198673766,0.00202875734642843,1,0.999253354069792,40.0298881530762,2.00014995646821,14.919999986887,43.1740016179732,7.94116781413919,250,-0.0113767984753297,7.9009632786,0.0217369695877134,300.0119324,300.012146,19127.05859375,19207.125,55.9661652339675,20.5285015041888,9.256284,0,0,0,40,4449,299.94795,19167.091796875,,,,,,,,,,,,,0,,,,31.9161835,,,,,,300.0120392,,,,
,26458682.315,300.0120087,19272.1494140625,7.90638879843501,0.00181768269874917,1,0.999253354069792,40.0298881530762,2.0006128908534,14.9299995973706,43.2034405022806,7.95456751879519,250,-0.0099687075199484,7.90482343781613,0.0231607200625826,300.0119324,300.012085,19207.125,19337.173828125,54.8726669355635,20.5292878660261,9.256284,0,0,0,40,4449,299.9456,19272.1494140625,,,,,,,,,,,,,0,,,,32.2350121,,,,,,300.0120087,,,,
,26458683.515,300.01293945,19392.1337890625,7.91672686285525,0.00188721301675846,1,0.999253354069792,40.0298881530762,2.00036223494093,14.919999986887,43.2548881273905,7.96269676298929,250,-0.0102189555482292,7.9151602325495,0.0229532656227193,300.012085,300.0137939,19337.173828125,19447.09375,55.4370027264482,20.5320711627894,8.512546,0,0,0,40,4449,299.94505,19392.1337890625,,,,,,,,,,,,,0,,,,32.2350121,,,,,,300.01293945,,,,
,26458684.615,300.0125427,19502.2548828125,7.9265002523052,0.00210864578641493,1,0.999253354069792,40.0298881530762,2.00022241032365,14.919999986887,43.3061579829135,7.96755976949219,250,-0.0110406794266236,7.92493527691095,0.0221717909454778,300.0112915,300.0137939,19447.09375,19557.416015625,55.5948916873328,20.5311810378683,8.512546,0,0,0,40,4449,299.94715,19502.2548828125,,,,,,,,,,,,,0,,,,31.9161835,,,,,,300.0125427,,,,
,26458685.685,300.01045225,19612.376953125,7.93415458168704,0.00163910474717531,1,0.999253354069792,40.0298881530762,2.00019241439289,14.919999986887,43.3469418975237,7.97732353371443,250,-0.0106505297838461,7.93258708897194,0.0225932865183001,300.009613,300.0112915,19557.416015625,19667.337890625,55.5612816610059,20.5320023827567,8.512546,0,0,0,40,4449,299.94755,19612.376953125,,,,,,,,,,,,,0,,,,31.9161835,,,,,,300.01045225,,,,
,26458686.795,300.01089475,19722.6484375,7.9392615228705,0.00226214845917096,1,0.999253354069792,40.0298881530762,1.99998513355871,14.919999986887,43.3721261641753,7.97267121010679,250,-0.0123012703557853,7.93769982596986,0.0209637864548762,300.009613,300.0121765,19667.337890625,19777.958984375,56.3249327242944,20.5286978899277,9.256284,0,0,0,40,4449,299.94675,19722.6484375,,,,,,,,,,,,,0,,,,31.9161835,,,,,,300.01089475,,,,
,26458687.79,300.0119171,19818.0185546875,7.94117160528208,0.00219134144652665,1,0.999253354069792,40.0298881530762,2.00009610729631,14.9299995973706,43.3836913557126,7.98157066057214,250,-0.0111044139931242,7.93960425532628,0.0221678918820919,300.0116577,300.0121765,19777.958984375,19858.078125,53.841698918698,20.5325324096402,8.884414,0,0,0,40,4449,299.9467,19818.0185546875,,,,,,,,,,,,,0,,,,31.5973549,,,,,,300.0119171,,,,
,26458688.805,300.01208495,19918.1220703125,7.95108683413117,0.00161294533899114,1,0.999253354069792,40.0298881530762,2.00008991396249,14.919999986887,43.4389502313766,7.98492274346335,250,-0.0123243830518843,7.94952256722626,0.0209893323130939,300.0116577,300.0125122,19858.078125,19978.166015625,55.3572766174866,20.5339280496011,9.256284,0,0,0,40,4449,299.94545,19918.1220703125,,,,,,,,,,,,,0,,,,31.9161835,,,,,,300.01208495,,,,
,26458689.89,300.01260375,20028.208984375,7.95354458000359,0.00220394057590611,1,0.999253354069792,40.0298881530762,2.00005295413827,14.919999986887,43.4508405659203,7.99131173032456,250,-0.0115835340407724,7.95197659727462,0.021739913111357,300.0125122,300.0126953,19978.166015625,20078.251953125,55.9286470650444,20.5314711090363,8.884414,0,0,0,40,4449,299.94405,20028.208984375,,,,,,,,,,,,,0,,,,31.9161835,,,,,,300.01260375,,,,
,26458690.865,300.0122986,20128.2890625,7.95933762219598,0.00214886615276676,1,0.999253354069792,40.0298881530762,2.00048361578505,14.9299995973706,43.4879054394211,8.01881941412653,250,-0.00792867422298865,7.95775329510917,0.0254177229721126,300.0119019,300.0126953,20078.251953125,20178.326171875,55.3439889326597,20.5329038062187,9.256284,0,0,0,40,4449,299.9443,20128.2890625,,,,,,,,,,,,,0,,,,31.9161835,,,,,,300.0122986,,,,
,26458691.935,300.01235965,20238.3779296875,7.96192504195082,0.00244191565762666,1,0.999253354069792,40.0298881530762,2.00039383979017,14.919999986887,43.5031291152847,8.00495336467481,250,-0.0108820797015084,7.96035259704211,0.0224752037588787,300.0119019,300.0128174,20178.326171875,20298.4296875,56.2014354182559,20.5338650716939,8.512546,0,0,0,40,4449,299.94395,20238.3779296875,,,,,,,,,,,,,0,,,,32.2350121,,,,,,300.01235965,,,,
,26458693.055,300.01261905,20348.482421875,7.97245436838238,0.00251420070515309,1,0.999253354069792,40.0298881530762,2.00030000394157,14.919999986887,43.5582206553961,8.01758808231465,250,-0.0104536531257097,7.97087797898037,0.0229469606279835,300.0124207,300.0128174,20298.4296875,20398.53515625,55.6097426291982,20.5359565811541,8.884414,0,0,0,40,4449,299.94465,20348.482421875,,,,,,,,,,,,,0,,,,31.9161835,,,,,,300.01261905,,,,
,26458694.065,300.01197815,20448.544921875,7.97871095683988,0.00218616931211946,1,0.999253354069792,40.0298881530762,2.00039882451351,14.919999986887,43.5939761547114,8.02711671910595,250,-0.00993948147339823,7.97713139169544,0.0234865992868967,300.0115356,300.0124207,20398.53515625,20498.5546875,54.657719092775,20.534635607678,9.256284,0,0,0,40,4449,299.94535,20448.544921875,,,,,,,,,,,,,0,,,,31.9161835,,,,,,300.01197815,,,,
,26458695.195,300.0116882,20563.427734375,7.97823030540165,0.00245726091504925,1,0.999253354069792,40.0298881530762,2.00050106037734,14.919999986887,43.5920667455362,8.03488258328918,250,-0.00850156530025867,7.97664494030344,0.0249217851528402,300.0115356,300.0118408,20498.5546875,20628.30078125,55.7340215637559,20.5331086065459,8.884414,0,0,0,40,4449,299.9438,20563.427734375,,,,,,,,,,,,,0,,,,32.2350121,,,,,,300.0116882,,,,
,26458696.39,300.01203915,20683.357421875,7.98956749240988,0.00234797090896163,1,0.999253354069792,40.0298881530762,2.00047287441978,14.919999986887,43.6544321531131,8.04068749177353,250,-0.00952035067815184,7.98798403875379,0.0239501727099119,300.0118408,300.0122375,20628.30078125,20738.4140625,55.8919105246405,20.5313328066418,8.512546,0,0,0,40,4449,299.9428,20683.357421875,,,,,,,,,,,,,0,,,,31.9161835,,,,,,300.01203915,,,,
,26458697.555,300.0122833,20798.419921875,7.99399390625792,0.00242759801311745,1,0.999253354069792,40.0298881530762,2.00086945073179,14.9299995973706,43.6865898683113,8.04922031759506,250,-0.0090629031643892,7.99240764716346,0.0244252127841496,300.0122375,300.0123291,20738.4140625,20858.42578125,55.3432073041405,20.5290883342306,9.256284,0,0,0,40,4449,299.9445,20798.419921875,,,,,,,,,,,,,0,,,,31.5973549,,,,,,300.0122833,,,,
,26458698.755,300.01150515,20918.455078125,8.00359347464059,0.00246911137753426,1,0.999253354069792,40.0298881530762,2.00054626273489,14.9299995973706,43.7335022808275,8.0504116824226,250,-0.0103921319602266,8.00201113296497,0.0231357326627632,300.0106812,300.0123291,20858.42578125,20978.484375,54.925036046352,20.5333528792599,8.512546,0,0,0,40,4449,299.94505,20918.455078125,,,,,,,,,,,,,0,,,,31.5973549,,,,,,300.01150515,,,,
,26458699.93,300.0113678,21038.58984375,8.0109654858826,0.00215252694972801,1,0.999253354069792,40.0298881530762,2.00037587660802,14.9299995973706,43.7696518211145,8.05985127721377,250,-0.00990803060342751,8.00937971846161,0.0236499989501402,300.0106812,300.0120544,20978.484375,21098.6953125,56.1349969941213,20.5283243811251,8.512546,0,0,0,40,4449,299.9447,21038.58984375,,,,,,,,,,,,,0,,,,31.9161835,,,,,,300.0113678,,,,
,26458700.985,300.01174925,21143.63671875,8.01546493647512,0.00244510457617916,1,0.999253354069792,40.0298881530762,2.00035342227589,14.9299995973706,43.7925990390382,8.07052983914464,250,-0.00877065668149606,8.0138734351691,0.0248053945170433,300.0114441,300.0120544,21098.6953125,21188.578125,55.372127559352,20.5358264366406,8.512546,0,0,0,40,4449,299.9448,21143.63671875,,,,,,,,,,,,,0,,,,31.9161835,,,,,,300.01174925,,,,
,26458702.03,300.011261,21243.619140625,8.02413271860448,0.0023180153871394,1,0.999253354069792,40.0298881530762,2.00043802798714,14.9299995973706,43.8436642025879,8.06934163947057,250,-0.0106560592597218,8.02254752157161,0.0229564389766149,300.0110779,300.0114441,21188.578125,21298.66015625,54.7687103425058,20.5313547548361,8.512546,0,0,0,40,4449,299.94245,21243.619140625,,,,,,,,,,,,,0,,,,31.9161835,,,,,,300.011261,,,,
,26458703.155,300.01101685,21353.63671875,8.0301553084617,0.00229068127208587,1,0.999253354069792,40.0298881530762,2.0003981269363,14.919999986887,43.8741312637421,8.08380494275249,250,-0.00909571007165003,8.02856248572576,0.0245410608841641,300.0109558,300.0110779,21298.66015625,21408.61328125,55.6183405429097,20.538125143704,8.512546,0,0,0,40,4449,299.94265,21353.63671875,,,,,,,,,,,,,0,,,,32.2350121,,,,,,300.01101685,,,,
,26458704.17,300.0115814,21458.6357421875,8.03590371435163,0.00231760174908394,1,0.999253354069792,40.0298881530762,2.00024037964513,14.9299995973706,43.9041964170206,8.0780056241985,250,-0.0111085948220921,8.03431807931125,0.0225517072645764,300.0109558,300.012207,21408.61328125,21508.658203125,55.016486583102,20.5317375859949,8.512546,0,0,0,40,4449,299.94545,21458.6357421875,,,,,,,,,,,,,0,,,,32.2350121,,,,,,300.0115814,,,,
,26458705.22,300.01156615,21563.6826171875,8.04201244266548,0.00240727409499358,1,0.999253354069792,40.0298881530762,2.00021163160246,14.9299995973706,43.937509195842,8.0810513295502,250,-0.0116623160302258,8.04042795224567,0.0220230399724279,300.0109253,300.012207,21508.658203125,21618.70703125,55.7684132186021,20.5336376405246,8.884414,0,0,0,40,4449,299.9459,21563.6826171875,,,,,,,,,,,,,0,,,,31.9161835,,,,,,300.01156615,,,,
,26458706.3,300.01148985,21668.6533203125,8.04942049374052,0.00190830872805343,1,0.999253354069792,40.0298881530762,2.0005512588541,14.919999986887,43.9843469636448,8.09476907411038,250,-0.0107691428988816,8.04783083391937,0.0229465003386405,300.0109253,300.0120544,21618.70703125,21718.599609375,55.8145293012367,20.529987134749,9.256284,0,0,0,40,4449,299.9457,21668.6533203125,,,,,,,,,,,,,0,,,,31.5973549,,,,,,300.01148985,,,,
,26458707.385,300.011322,21778.6875,8.06273546307219,0.00185691726007902,1,0.999253354069792,40.0298881530762,2.00032643769132,14.9299995973706,44.0519152066399,8.109229597675,250,-0.0104277633791809,8.06114177936308,0.0233429490304949,300.0105896,300.0120544,21718.599609375,21838.775390625,55.6511689407174,20.533724050194,8.512546,0,0,0,40,4449,299.9458,21778.6875,,,,,,,,,,,,,0,,,,31.5973549,,,,,,300.011322,,,,
,26458708.62,300.01135255,21903.8125,8.06358203237651,0.00292102276332082,1,0.999253354069792,40.0298881530762,2.00032960483846,14.919999986887,44.0561944703595,8.11232781382327,250,-0.0100193620587512,8.06198650264413,0.0237543382800922,300.0105896,300.0121155,21838.775390625,21968.849609375,55.118098290602,20.5396407668281,8.884414,0,0,0,40,4449,299.9441,21903.8125,,,,,,,,,,,,,0,,,,31.75598815,,,,,,300.01135255,,,,
,26458709.715,300.0121155,22013.89453125,8.0738695097852,0.00190193560819209,1,0.999253354069792,40.0298881530762,1.99999982374409,14.919999986887,44.1065301270841,8.1147990270335,250,-0.0112351376356813,8.07227680592823,0.0225813699088493,300.0121155,300.0121155,21968.849609375,22058.939453125,55.9192675228136,20.5287992165836,8.884414,0,0,0,40,4449,299.9434,22013.89453125,,,,,,,,,,,,,0,,,,31.75598815,,,,,,300.0121155,,,,
,26458710.75,300.01158145,22118.8701171875,8.0819208761366,0.00200240626489617,1,0.999253354069792,40.0298881530762,2.00014658164505,14.9299995973706,44.1557929875401,8.11203806572339,250,-0.013339137623037,8.08033557441947,0.0205108205557742,300.0110474,300.0121155,22058.939453125,22178.80078125,55.6331914847751,20.5319434789321,9.256284,0,0,0,40,4449,299.9442,22118.8701171875,,,,,,,,,,,,,0,,,,31.5973549,,,,,,300.01158145,,,,
,26458712.83,300.0114136,22323.7451171875,8.08696993161833,0.0019778576628325,1,0.999253354069792,40.0298881530762,1.99998946219701,14.9299995973706,44.1796175603171,8.11852758833817,250,-0.0129722348309101,8.08538222817139,0.0208976398992797,300.0114136,300.0114136,22318.716796875,22328.7734375,55.4307496982943,20.5311129892973,8.512546,0,0,0,40,4449,299.9442,22323.7451171875,,,,,,,,,,,,,0,,,,31.9161835,,,,,,300.0114136,,,,
,26458713.38,300.01231385,22378.771484375,8.0905489956415,0.00245850361622659,1,0.999253354069792,40.0298881530762,2.00051667308449,14.9299995973706,44.2072668880448,8.14178177255397,250,-0.00976080437626955,8.08894685531382,0.0241233289954803,300.0114136,300.0132141,22328.7734375,22428.76953125,55.5136023213328,20.5369206022201,8.512546,0,0,0,40,4449,299.94245,22378.771484375,,,,,,,,,,,,,0,,,,31.9161835,,,,,,300.01231385,,,,
,26458714.485,300.0123596,22488.8310546875,8.09861520694947,0.00262947257290571,1,0.999253354069792,40.0298881530762,2.00040257344634,14.9299995973706,44.2510222216476,8.1378993932831,250,-0.0118838429449401,8.09702035130489,0.0220340263264921,300.0115051,300.0132141,22428.76953125,22548.892578125,55.2361241970058,20.5333940092661,9.256284,0,0,0,40,4449,299.94135,22488.8310546875,,,,,,,,,,,,,0,,,,31.9161835,,,,,,300.0123596,,,,
,26458715.695,300.01197815,22608.9541015625,8.10863285476278,0.00208080109649205,1,0.999253354069792,40.0298881530762,2.00036611202785,14.919999986887,44.3030130056497,8.15839016575977,250,-0.00996290566890461,8.10702810778023,0.0239957582575737,300.0115051,300.0124512,22548.892578125,22669.015625,55.6011447154867,20.5336721409181,8.512546,0,0,0,40,4449,299.942,22608.9541015625,,,,,,,,,,,,,0,,,,31.9161835,,,,,,300.01197815,,,,
,26458716.875,300.0114136,22728.955078125,8.11382312305469,0.00207021759618819,1,0.999253354069792,40.0298881530762,2.00027197979204,14.9299995973706,44.3311754219065,8.15333313956776,250,-0.0117819627687278,8.11222517378817,0.022198125192305,300.010376,300.0124512,22669.015625,22788.89453125,54.637396751275,20.5279328806354,9.256284,0,0,0,40,4449,299.942,22728.955078125,,,,,,,,,,,,,0,,,,31.9161835,,,,,,300.0114136,,,,
,26458717.92,300.01094055,22833.96484375,8.12432293015159,0.00174304722646927,1,0.999253354069792,40.0298881530762,1.99993452414296,14.919999986887,44.3808181063213,8.16484109931807,250,-0.0113756358103604,8.12272134192321,0.0226477888440891,300.010376,300.0115051,22788.89453125,22879.03515625,55.9177042657751,20.5311462805862,8.512546,0,0,0,40,4449,299.94165,22833.96484375,,,,,,,,,,,,,0,,,,31.5973549,,,,,,300.01094055,,,,
,26458719,300.01127625,22944.3798828125,8.12380721939349,0.00235414502634405,1,0.999253354069792,40.0298881530762,2.00022236056039,14.919999986887,44.3842693150051,8.16523633119898,250,-0.0114167475818259,8.12220586500768,0.0226039236693822,300.0110474,300.0115051,22879.03515625,23009.724609375,55.3885417582558,20.533163361703,9.256284,0,0,0,40,4449,299.94145,22944.3798828125,,,,,,,,,,,,,0,,,,31.9161835,,,,,,300.01127625,,,,
,26458720.21,300.0110016,23064.8310546875,8.13024055496078,0.00238438037355642,1,0.999253354069792,40.0298881530762,2.00005022159204,14.919999986887,44.417103688364,8.16340577068433,250,-0.0128186488966464,8.12864391927208,0.0212284926359661,300.0109558,300.0110474,23009.724609375,23119.9375,55.649605683679,20.5332581188958,8.512546,0,0,0,40,4449,299.94195,23064.8310546875,,,,,,,,,,,,,0,,,,31.9161835,,,,,,300.0110016,,,,
,26458721.29,300.01130675,23169.9208984375,8.1406327850299,0.00157711762652881,1,0.999253354069792,40.0298881530762,2.00035977507304,14.9299995973706,44.4805417588824,8.17532134757906,250,-0.0127890428273684,8.13903388293023,0.0213009946739426,300.0109558,300.0116577,23119.9375,23219.904296875,56.0013385173328,20.5314157323434,9.256284,0,0,0,40,4449,299.94205,23169.9208984375,,,,,,,,,,,,,0,,,,31.9161835,,,,,,300.01130675,,,,
,26458722.27,300.01190185,23269.982421875,8.14306444189754,0.00216347456667633,1,0.999253354069792,40.0298881530762,2.00009553320508,14.919999986887,44.4872805909217,8.18112206934037,250,-0.0119845891201356,8.14146154734549,0.0221149611743993,300.0116577,300.012146,23219.904296875,23320.060546875,55.4713943812943,20.5358278265386,8.512546,0,0,0,40,4449,299.94155,23269.982421875,,,,,,,,,,,,,0,,,,32.2350121,,,,,,300.01190185,,,,
,26458723.37,300.0119171,23380.1240234375,8.15311458620166,0.00217746595817075,1,0.999253354069792,40.0298881530762,2.00021756743639,14.919999986887,44.5441217980263,8.19555779123548,250,-0.0112937470947029,8.1515068029269,0.0228472347575071,300.0116882,300.012146,23320.060546875,23440.1875,55.5644081750828,20.5352987070291,8.512546,0,0,0,40,4449,299.94065,23380.1240234375,,,,,,,,,,,,,0,,,,31.9161835,,,,,,300.0119171,,,,
,26458724.525,300.0116882,23495.2138671875,8.15336950829564,0.00264546104363227,1,0.999253354069792,40.0298881530762,2.00054532931285,14.919999986887,44.5516605367205,8.20235191443682,250,-0.010336519381648,8.1517577772611,0.0238048833528792,300.0116882,300.0116882,23440.1875,23550.240234375,55.639444512929,20.532755869762,9.256284,0,0,0,40,4449,299.9391,23495.2138671875,,,,,,,,,,,,,0,,,,31.5973549,,,,,,300.0116882,,,,
,26458725.62,300.01153565,23605.2666015625,8.1615455502668,0.00195214930988964,1,0.999253354069792,40.0298881530762,2.00047268728356,14.9299995973706,44.5945573779366,8.21136952880523,250,-0.0101481203908731,8.15993146630665,0.0240269598100291,300.0113831,300.0116882,23550.240234375,23660.29296875,55.9317735791213,20.5303449630188,8.512546,0,0,0,40,4449,299.93825,23605.2666015625,,,,,,,,,,,,,0,,,,31.9161835,,,,,,300.01153565,,,,
,26458726.75,300.0110016,23720.3134765625,8.17053296121614,0.00203178247267396,1,0.999253354069792,40.0298881530762,2.00022341790228,14.9299995973706,44.6388297916173,8.21625158666604,250,-0.0107373455424275,8.16891976311944,0.0234746274177704,300.0106201,300.0113831,23660.29296875,23780.333984375,55.8926921531598,20.5279669687106,9.256284,0,0,0,40,4449,299.9397,23720.3134765625,,,,,,,,,,,,,0,,,,31.9161835,,,,,,300.0110016,,,,
,26458727.965,300.0112152,23840.265625,8.17032897288604,0.0029159273803145,1,0.999253354069792,40.0298881530762,2.00022420816982,14.9299995973706,44.6372335214145,8.21874070335615,250,-0.0102437122451646,8.16871374996569,0.0239666277620394,300.0106201,300.0118103,23780.333984375,23900.197265625,54.1809256960442,20.5342684477566,9.256284,0,0,0,40,4449,299.9396,23840.265625,,,,,,,,,,,,,0,,,,31.5973549,,,,,,300.0112152,,,,
,26458729.045,300.0122986,23945.2001953125,8.18131334694239,0.002219229400812,1,0.999253354069792,40.0298881530762,2.00013577394187,14.919999986887,44.6971462165779,8.21957040597566,250,-0.012063049069537,8.17970324016808,0.022193076630261,300.0118103,300.0127869,23900.197265625,23990.203125,55.5386144339482,20.5297730890483,8.884414,0,0,0,40,4449,299.93935,23945.2001953125,,,,,,,,,,,,,0,,,,31.9161835,,,,,,300.0122986,,,,
,26458730.11,300.0123444,24055.330078125,8.18714389968996,0.00171255309550048,1,0.999253354069792,40.0298881530762,2.00029140645304,14.919999986887,44.730322444064,8.23722010632147,250,-0.010026257542785,8.185524145792,0.0242530530746426,300.0119019,300.0127869,23990.203125,24120.45703125,55.4862453231597,20.528464686039,8.512546,0,0,0,40,4449,299.94065,24055.330078125,,,,,,,,,,,,,0,,,,31.9161835,,,,,,300.0123444,,,,
,26458731.225,300.01199345,24170.5751953125,8.19248892995956,0.00195561520139159,1,0.999253354069792,40.0298881530762,2.00016736364166,14.9299995973706,44.7599497621754,8.22522187231186,250,-0.0131223347092276,8.19088121430084,0.0211794088162496,300.0119019,300.012085,24120.45703125,24220.693359375,54.9891295849289,20.5339321033987,9.256284,0,0,0,40,4449,299.93995,24170.5751953125,,,,,,,,,,,,,0,,,,31.9161835,,,,,,300.01199345,,,,
,26458732.145,300.012085,24260.7685546875,8.19304962205042,0.00231580569908505,1,0.999253354069792,40.0298881530762,2.00044637913842,14.9299995973706,44.7661595567439,8.24276008056563,250,-0.0102199339353948,8.19142966501568,0.0240830308405941,300.012085,300.012085,24220.693359375,24300.84375,55.2619179381405,20.5364807506527,8.512546,0,0,0,40,4449,299.94005,24260.7685546875,,,,,,,,,,,,,0,,,,31.9161835,,,,,,300.012085,,,,
,26458733.11,300.0115967,24355.958984375,8.1981130788727,0.00266185216802819,1,0.999253354069792,40.0298881530762,2.00030464057805,14.919999986887,44.7918531759484,8.24124563907562,250,-0.0113312555521752,8.19649695312079,0.0229925196718308,300.0111084,300.012085,24300.84375,24411.07421875,56.0107180595636,20.532475713298,9.256284,0,0,0,40,4449,299.9405,24355.958984375,,,,,,,,,,,,,0,,,,31.5973549,,,,,,300.0115967,,,,
,26458734.105,300.01179505,24456.205078125,8.20367146687998,0.00226008931639724,1,0.999253354069792,40.0298881530762,2.00043431987467,14.919999986887,44.8236315247248,8.25502989217913,250,-0.00993336704782721,8.20204834648083,0.0244129191642106,300.0111084,300.0124817,24411.07421875,24501.3359375,55.6613301114674,20.5356949801243,8.512546,0,0,0,40,4449,299.9397,24456.205078125,,,,,,,,,,,,,0,,,,31.9161835,,,,,,300.01179505,,,,
,26458735.095,300.0127106,24556.4765625,8.21359453607587,0.00220129165827667,1,0.999253354069792,40.0298881530762,2.00030504512352,14.919999986887,44.8765808737719,8.25608485248329,250,-0.0114843025727556,8.21197567690426,0.0229032213431543,300.0124817,300.0129395,24501.3359375,24611.6171875,56.117019538179,20.5310657681448,9.256284,0,0,0,40,4449,299.93995,24556.4765625,,,,,,,,,,,,,0,,,,31.9161835,,,,,,300.0127106,,,,
,26458736.275,300.0131226,24676.6103515625,8.22458667768174,0.00179877076226396,1,0.999253354069792,40.0298881530762,2.00017018980916,14.919999986887,44.9343145665534,8.26319655111883,250,-0.0121204186012609,8.22296818701205,0.0223126100193732,300.0129395,300.0133057,24611.6171875,24741.603515625,55.6128691432751,20.5309645655007,8.512546,0,0,0,40,4449,299.9395,24676.6103515625,,,,,,,,,,,,,0,,,,31.9161835,,,,,,300.0131226,,,,
,26458737.51,300.01287845,24801.7529296875,8.22721947129378,0.00262781307066856,1,0.999253354069792,40.0298881530762,2.00013541542749,14.919999986887,44.9453208258417,8.27981439162241,250,-0.00953985473051513,8.22558977254668,0.0249030954260352,300.0124512,300.0133057,24741.603515625,24861.90234375,55.5229818635636,20.532238307895,8.512546,0,0,0,40,4449,299.93835,24801.7529296875,,,,,,,,,,,,,0,,,,32.2350121,,,,,,300.01287845,,,,
,26458738.71,300.01264955,24922.044921875,8.23196407832273,0.00224505513253471,1,0.999253354069792,40.0298881530762,2.00010100086395,14.919999986887,44.97219264288,8.27525253678247,250,-0.0112286541577123,8.23034063038495,0.0232337211958443,300.0124512,300.0128479,24861.90234375,24982.1875,55.5128206928136,20.5309009471211,9.256284,0,0,0,40,4449,299.9389,24922.044921875,,,,,,,,,,,,,0,,,,31.9161835,,,,,,300.01264955,,,,
,26458739.92,300.0128021,25042.4580078125,8.23583259883745,0.00203172696113715,1,0.999253354069792,40.0298881530762,2.0003547101252,14.919999986887,44.9987992904917,8.28065459056943,250,-0.0111435822135943,8.23420803361377,0.0233342359120061,300.0127563,300.0128479,24982.1875,25102.728515625,55.2830219081597,20.5328683459154,8.512546,0,0,0,40,4449,299.9391,25042.4580078125,,,,,,,,,,,,,0,,,,31.9161835,,,,,,300.0128021,,,,
,26458741.11,300.01278685,25157.7041015625,8.23961406432027,0.00223785355478193,1,0.999253354069792,40.0298881530762,2.00026390842269,14.919999986887,45.0186732027752,8.27759427158024,250,-0.0123374431523346,8.23799378176639,0.0221559456011457,300.0127563,300.0128174,25102.728515625,25212.6796875,55.7684132186021,20.5348999334478,9.256284,0,0,0,40,4449,299.9378,25157.7041015625,,,,,,,,,,,,,0,,,,32.2350121,,,,,,300.01278685,,,,
,26458742.205,300.01275635,25267.794921875,8.24498372746731,0.00211333328950837,1,0.999253354069792,40.0298881530762,2.00057670569232,14.9299995973706,45.0539714827124,8.28914147808683,250,-0.0114496826767829,8.24335871103178,0.0230653483768979,300.0126953,300.0128174,25212.6796875,25322.91015625,54.8343671381212,20.5344736788416,8.512546,0,0,0,40,4449,299.93785,25267.794921875,,,,,,,,,,,,,0,,,,32.2350121,,,,,,300.01275635,,,,
,26458743.29,300.01260375,25378.0908203125,8.24299806763412,0.00246011732536786,1,0.999253354069792,40.0298881530762,2.00059326658962,14.919999986887,45.0415711421097,8.29753413878781,250,-0.00955689040702542,8.24136563639424,0.0249488291920347,300.0125122,300.0126953,25322.91015625,25433.271484375,55.9552224346982,20.527640900984,8.512546,0,0,0,40,4449,299.9376,25378.0908203125,,,,,,,,,,,,,0,,,,32.07481675,,,,,,300.01260375,,,,
,26458744.43,300.0125885,25488.2705078125,8.25897312293066,0.00207902368695136,1,0.999253354069792,40.0298881530762,2.00053648335861,14.919999986887,45.1301572875656,8.29966912615239,250,-0.0120856646303972,8.25734808475072,0.0224869696834956,300.0125122,300.0126648,25433.271484375,25543.26953125,56.0544892566406,20.5304245036762,9.256284,0,0,0,40,4449,299.93625,25488.2705078125,,,,,,,,,,,,,0,,,,31.75598815,,,,,,300.0125885,,,,
,26458745.53,300.01306155,25598.3935546875,8.26125958005296,0.00231748473776703,1,0.999253354069792,40.0298881530762,2.00032608866678,14.9299995973706,45.1366325334138,8.30861685001286,250,-0.0107148788832472,8.25962828118076,0.0238661582090002,300.0126648,300.0134583,25543.26953125,25653.517578125,55.1431104032174,20.5358972965382,8.512546,0,0,0,40,4449,299.938,25598.3935546875,,,,,,,,,,,,,0,,,,31.5973549,,,,,,300.01306155,,,,
,26458746.655,300.01277165,25713.57421875,8.26568472154806,0.00227184325259685,1,0.999253354069792,40.0298881530762,2.00040675793785,14.9299995973706,45.1637600771439,8.3070624194001,250,-0.0118790235754362,8.26405755622401,0.022720035614869,300.012085,300.0134583,25653.517578125,25773.630859375,55.7285501641213,20.5339962920403,8.512546,0,0,0,40,4449,299.9384,25713.57421875,,,,,,,,,,,,,0,,,,31.9161835,,,,,,300.01277165,,,,
,26458747.82,300.01217655,25828.7646484375,8.26813635808513,0.0023065137957706,1,0.999253354069792,40.0298881530762,2.00070647340506,14.9299995973706,45.1824424854432,8.31781702107441,250,-0.0105868195094792,8.26650350416,0.0240218629951361,300.012085,300.0122681,25773.630859375,25883.8984375,55.2337793114482,20.5352853967737,8.512546,0,0,0,40,4449,299.93615,25828.7646484375,,,,,,,,,,,,,0,,,,32.07481675,,,,,,300.01217655,,,,
,26458748.905,300.0122681,25939.046875,8.27824843706345,0.00167981218800748,1,0.999253354069792,40.0298881530762,2.00060562704075,14.919999986887,45.2353263535207,8.32840426257243,250,-0.010448299578698,8.2766129934141,0.0242019558581217,300.0122681,300.0122681,25883.8984375,25994.1953125,55.4573250679482,20.5335801176596,9.256284,0,0,0,40,4449,299.93665,25939.046875,,,,,,,,,,,,,0,,,,32.07481675,,,,,,300.0122681,,,,
,26458750.03,300.0118103,26054.337890625,8.28540961268965,0.00155415328811191,1,0.999253354069792,40.0298881530762,2.00019842978916,14.9299995973706,45.267002089718,8.32572826987778,250,-0.0119626471939211,8.2837792827865,0.0227169636862582,300.0113525,300.0122681,25994.1953125,26114.48046875,55.3963580434482,20.5296096488903,9.256284,0,0,0,40,4449,299.9384,26054.337890625,,,,,,,,,,,,,0,,,,32.2350121,,,,,,300.0118103,,,,
,26458751.11,300.0122528,26159.5595703125,8.28731199873738,0.00198176668918312,1,0.999253354069792,40.0298881530762,2.00026091295509,14.919999986887,45.2787352469787,8.32810207085295,250,-0.0119265580559673,8.28568105728287,0.0227603736317937,300.0113525,300.0131531,26114.48046875,26204.638671875,55.7262052785636,20.5351089210736,9.256284,0,0,0,40,4449,299.93845,26159.5595703125,,,,,,,,,,,,,0,,,,31.9161835,,,,,,300.0122528,,,,
,26458752.05,300.0131531,26254.75390625,8.29255037612286,0.00217837481293609,1,0.999253354069792,40.0298881530762,2.00040164993185,14.919999986887,45.3095677278415,8.33875893935644,250,-0.0110510295217403,8.29091447392618,0.0236572164382099,300.0131531,300.0131531,26204.638671875,26304.869140625,55.3713459308328,20.5277252987112,9.256284,0,0,0,40,4449,299.93745,26254.75390625,,,,,,,,,,,,,0,,,,31.5973549,,,,,,300.0131531,,,,
,26458753.125,300.01260375,26365.0048828125,8.29054496490711,0.00253059703456871,1,0.999253354069792,40.0298881530762,2.00046092233471,14.9299995973706,45.2992092262959,8.34081581149695,250,-0.0103462987359692,8.28890673457745,0.024352924336907,300.0120544,300.0131531,26304.869140625,26425.140625,55.9825794328713,20.5300974504766,8.512546,0,0,0,40,4449,299.9362,26365.0048828125,,,,,,,,,,,,,0,,,,31.9161835,,,,,,300.01260375,,,,
,26458754.16,300.01216125,26465.2490234375,8.29827740999586,0.0022898879219022,1,0.999253354069792,40.0298881530762,2.00043981563284,14.919999986887,45.3421258299073,8.34240381283245,250,-0.0114730684377023,8.29664251897866,0.0232581524936806,300.0120544,300.0122681,26425.140625,26505.357421875,55.5096941787366,20.530332951763,8.512546,0,0,0,40,4449,299.93615,26465.2490234375,,,,,,,,,,,,,0,,,,32.2350121,,,,,,300.01216125,,,,
,26458755.215,300.012085,26570.5166015625,8.2977894647968,0.00258303092867036,1,0.999253354069792,40.0298881530762,2.0003480571148,14.9299995973706,45.3373812681371,8.34181987318309,250,-0.0114204102076535,8.29615455411478,0.0233079370472935,300.0119019,300.0122681,26505.357421875,26635.67578125,54.3904021391981,20.5308213277305,8.512546,0,0,0,40,4449,299.93755,26570.5166015625,,,,,,,,,,,,,0,,,,31.9161835,,,,,,300.012085,,,,
,26458756.395,300.0114899,26690.845703125,8.310362231381,0.00212758176946394,1,0.999253354069792,40.0298881530762,2.00033643188419,14.9299995973706,45.4069814358756,8.34815043576448,250,-0.0125833332166868,8.3087298909617,0.0221971250084474,300.0110779,300.0119019,26635.67578125,26746.015625,53.7236730122941,20.5329112951894,8.884414,0,0,0,40,4449,299.9377,26690.845703125,,,,,,,,,,,,,0,,,,31.9161835,,,,,,300.0114899,,,,
,26458757.515,300.0119934,26801.09765625,8.31503212141598,0.00229159002108077,1,0.999253354069792,40.0298881530762,2.00042429417203,14.9299995973706,45.4334000083647,8.35881781913986,250,-0.0115612464664715,8.31339445723389,0.0232379739955959,300.0110779,300.0129089,26746.015625,26856.1796875,56.6008475915829,20.534139949567,9.256284,0,0,0,40,4449,299.93705,26801.09765625,,,,,,,,,,,,,0,,,,31.9161835,,,,,,300.0119934,,,,
,26458758.61,300.0125885,26911.3017578125,8.31970976238802,0.00196391902856311,1,0.999253354069792,40.0298881530762,2.00026785430298,14.919999986887,45.4559694877108,8.36031168933213,250,-0.0120376789693828,8.31807302948126,0.0227804952699877,300.0122681,300.0129089,26856.1796875,26966.423828125,55.3502419608135,20.5311128624229,8.512546,0,0,0,40,4449,299.93745,26911.3017578125,,,,,,,,,,,,,0,,,,31.9161835,,,,,,300.0125885,,,,
,26458759.775,300.01275635,27031.6171875,8.32226269684021,0.00183356165883302,1,0.999253354069792,40.0298881530762,2.00006589936632,14.919999986887,45.4645882995788,8.36666348399219,250,-0.0111968710706563,8.32062192773126,0.023631276552614,300.0122681,300.0132446,26966.423828125,27096.810546875,55.5206369780059,20.5341164393497,8.884414,0,0,0,40,4449,299.9361,27031.6171875,,,,,,,,,,,,,0,,,,31.9161835,,,,,,300.01275635,,,,
,26458760.955,300.0130615,27146.826171875,8.32630556016104,0.00200896851887606,1,0.999253354069792,40.0298881530762,2.00032356565011,14.919999986887,45.492827976703,8.36939614940322,250,-0.0116380769697733,8.3246657685923,0.0232066095895568,300.0128784,300.0132446,27096.810546875,27196.841796875,55.0657291798135,20.5325698521514,9.256284,0,0,0,40,4449,299.93445,27146.826171875,,,,,,,,,,,,,0,,,,31.5973549,,,,,,300.0130615,,,,
,26458761.975,300.0130615,27246.99609375,8.32800665545291,0.0018162831078177,1,0.999253354069792,40.0298881530762,2.00060851747021,14.919999986887,45.5055714075077,8.38774313490106,250,-0.00880731586897151,8.3263547259632,0.0260433655492641,300.0128784,300.0132446,27196.841796875,27297.150390625,55.0375905531212,20.5292454515181,8.512546,0,0,0,40,4449,299.93405,27246.99609375,,,,,,,,,,,,,0,,,,31.9161835,,,,,,300.0130615,,,,
,26458762.965,300.0132904,27347.1875,8.33459473024822,0.00221064493289926,1,0.999253354069792,40.0298881530762,2.00016122765026,14.9299995973706,45.5354528475959,8.37201158873114,250,-0.0125738627442884,8.33295720892612,0.0223045929743607,300.0132446,300.0133362,27297.150390625,27397.224609375,55.6402261414482,20.5327034364551,8.884414,0,0,0,40,4449,299.9337,27347.1875,,,,,,,,,,,,,0,,,,31.9161835,,,,,,300.0132904,,,,
,26458763.93,300.01361085,27442.34375,8.33531236120506,0.00227818166954067,1,0.999253354069792,40.0298881530762,2.00018318241135,14.919999986887,45.5389609684775,8.37767410983696,250,-0.0116858640302948,8.33367095010614,0.0231946811026926,300.0133362,300.0138855,27397.224609375,27487.462890625,56.1670437634098,20.5262034593764,9.256284,0,0,0,40,4449,299.93485,27442.34375,,,,,,,,,,,,,0,,,,31.5973549,,,,,,300.01361085,,,,
,26458764.895,300.01324465,27542.6171875,8.33144144957421,0.00258959350078072,1,0.999253354069792,40.0298881530762,2.00071585838768,14.919999986887,45.5273427531777,8.38828909513027,250,-0.00942263621668269,8.32979152705668,0.0254406121808737,300.0126038,300.0138855,27487.462890625,27597.771484375,55.6691463966597,20.5368397965459,8.512546,0,0,0,40,4449,299.9351,27542.6171875,,,,,,,,,,,,,0,,,,31.9161835,,,,,,300.01324465,,,,
,26458765.98,300.013443,27652.8740234375,8.34381887046413,0.0020021648599414,1,0.999253354069792,40.0298881530762,2.00028515367171,14.919999986887,45.5883443535571,8.38317336780009,250,-0.0123312867650574,8.342178610355,0.0225836876190145,300.0126038,300.0142822,27597.771484375,27707.9765625,55.5268900061597,20.5307613863611,8.512546,0,0,0,40,4449,299.935,27652.8740234375,,,,,,,,,,,,,0,,,,31.9161835,,,,,,300.013443,,,,
,26458767.025,300.01412965,27753.111328125,8.34279485638416,0.00251330083848388,1,0.999253354069792,40.0298881530762,2.00050327523619,14.919999986887,45.5865326521911,8.38875679781369,250,-0.011281844638719,8.34115025644865,0.023628058004175,300.0139771,300.0142822,27707.9765625,27798.24609375,55.5941100588136,20.5333655786392,9.256284,0,0,0,40,4449,299.93475,27753.111328125,,,,,,,,,,,,,0,,,,31.9161835,,,,,,300.01412965,,,,
,26458768.055,300.01379395,27858.345703125,8.34884090511637,0.0021689188578947,1,0.999253354069792,40.0298881530762,2.00039319113675,14.919999986887,45.6152917198466,8.40426388159763,250,-0.00948123499930821,8.34718769512808,0.0254531124118447,300.0136108,300.0139771,27798.24609375,27918.4453125,56.0568341421982,20.5360250541121,9.256284,0,0,0,40,4449,299.93365,27858.345703125,,,,,,,,,,,,,0,,,,32.2350121,,,,,,300.01379395,,,,
,26458769.165,300.0134277,27973.4150390625,8.35652610798758,0.00157463537166936,1,0.999253354069792,40.0298881530762,2.00032414182051,14.9299995973706,45.6593289453187,8.39239278064433,250,-0.0130271185877727,8.354886347071,0.0219394930718415,300.0132446,300.0136108,27918.4453125,28028.384765625,55.3627480171212,20.531338562364,9.256284,0,0,0,40,4449,299.933,27973.4150390625,,,,,,,,,,,,,0,,,,32.2350121,,,,,,300.0134277,,,,
,26458770.33,300.01341245,28088.501953125,8.35649704204534,0.00261603049170868,1,0.999253354069792,40.0298881530762,2.0001463214039,14.919999986887,45.6530699770364,8.40320070317995,250,-0.0109090399393403,8.35484850250619,0.0240562580729028,300.0132446,300.0135803,28028.384765625,28148.619140625,55.7809192749097,20.5273080174277,8.512546,0,0,0,40,4449,299.93345,28088.501953125,,,,,,,,,,,,,0,,,,32.2350121,,,,,,300.01341245,,,,
,26458771.525,300.013031,28208.771484375,8.36154360571586,0.00239540895132846,1,0.999253354069792,40.0298881530762,2.00040178021316,14.919999986887,45.6871938651811,8.40465361726487,250,-0.0117695898232732,8.35989783112241,0.0232162641722704,300.0124817,300.0135803,28148.619140625,28268.923828125,55.8942554101982,20.5332457389125,9.256284,0,0,0,40,4449,299.93345,28208.771484375,,,,,,,,,,,,,0,,,,32.07481675,,,,,,300.013031,,,,
,26458773.485,300.0116272,28404.1748046875,8.36608280956979,0.0023498177434705,1,0.999253354069792,40.0298881530762,2.00020197120385,14.9299995973706,45.7059584837178,8.41697232453605,250,-0.0102050560218241,8.36443010886025,0.024798355809565,300.0116272,300.0116272,28399.20703125,28409.142578125,55.4244966701405,20.5330156516036,8.512546,0,0,0,40,4449,299.9329,28404.1748046875,,,,,,,,,,,,,0,,,,32.2350121,,,,,,300.0116272,,,,
,26458774.055,300.01179505,28459.294921875,8.3583772404121,0.00246410628955126,1,0.999253354069792,40.0298881530762,2.00059937235621,14.919999986887,45.6720745806969,8.41424403563695,250,-0.0095737346165039,8.35672344245901,0.0253969539605897,300.0116272,300.0119629,28409.142578125,28509.447265625,54.9977274986404,20.5333646701026,8.884414,0,0,0,40,4449,299.93305,28459.294921875,,,,,,,,,,,,,0,,,,31.9161835,,,,,,300.01179505,,,,
,26458775.08,300.0131073,28559.5791015625,8.37460976270136,0.00197671076707494,1,0.999253354069792,40.0298881530762,2.00031301407967,14.9299995973706,45.7573418496544,8.41346891941309,250,-0.0125097669084215,8.37296461665831,0.0225287650643565,300.0119629,300.0142517,28509.447265625,28609.7109375,55.5808223739866,20.5309255925876,8.512546,0,0,0,40,4449,299.9334,28559.5791015625,,,,,,,,,,,,,0,,,,31.9161835,,,,,,300.0131073,,,,
,26458776.19,300.01335145,28669.8076171875,8.37868240189301,0.00155771160302837,1,0.999253354069792,40.0298881530762,2.00023509045736,14.9299995973706,45.7781625959191,8.41558521010431,250,-0.0128182758206729,8.37703771069829,0.022236674277397,300.0124512,300.0142517,28609.7109375,28729.904296875,55.1532715739674,20.5343121291338,8.512546,0,0,0,40,4449,299.93345,28669.8076171875,,,,,,,,,,,,,0,,,,32.2350121,,,,,,300.01335145,,,,
,26458777.345,300.0126343,28784.9365234375,8.37847304185547,0.00239961683695048,1,0.999253354069792,40.0298881530762,2.00037901377438,14.9299995973706,45.7780905579592,8.42750832324278,250,-0.0107042477369424,8.37681982616104,0.0243488165421836,300.0124512,300.0128174,28729.904296875,28839.96875,55.8317251286598,20.5324781881253,9.256284,0,0,0,40,4449,299.93255,28784.9365234375,,,,,,,,,,,,,0,,,,32.2350121,,,,,,300.0126343,,,,
,26458778.485,300.01272585,28900.134765625,8.38054365541901,0.00271743381225441,1,0.999253354069792,40.0298881530762,2.00030520999702,14.919999986887,45.7886649464254,8.42439317258411,250,-0.0116023630324196,8.37889380932697,0.0234589140174578,300.0126343,300.0128174,28839.96875,28960.30078125,55.8200007008713,20.5294524007527,8.512546,0,0,0,40,4449,299.932,28900.134765625,,,,,,,,,,,,,0,,,,31.9161835,,,,,,300.01272585,,,,
,26458779.69,300.013031,29025.412109375,8.37931560826408,0.00222602660437856,1,0.999253354069792,40.0298881530762,2.00060145114631,14.9299995973706,45.7857753071606,8.43941493335125,250,-0.00884674822578219,8.37765446806404,0.0262080079496452,300.0126343,300.0134277,28960.30078125,29090.5234375,56.5727089648906,20.5338837564717,8.512546,0,0,0,40,4449,299.9324,29025.412109375,,,,,,,,,,,,,0,,,,31.9161835,,,,,,300.013031,,,,
,26458780.93,300.0137634,29150.69140625,8.38431913115993,0.00232123826063347,1,0.999253354069792,40.0298881530762,2.00046029260031,14.919999986887,45.8125807944863,8.42975775805104,250,-0.0114354729714811,8.38266763379826,0.0236401743725124,300.0134277,300.0140991,29090.5234375,29210.859375,55.6042712295636,20.5320547548942,9.256284,0,0,0,40,4449,299.9309,29150.69140625,,,,,,,,,,,,,0,,,,32.2350121,,,,,,300.0137634,,,,
,26458782.04,300.0144043,29260.9697265625,8.39077480038029,0.00216535090488205,1,0.999253354069792,40.0298881530762,2.00034052788185,14.9299995973706,45.844534205537,8.43923205912669,250,-0.010807474005723,8.38911921051852,0.024294619739409,300.0140991,300.0147095,29210.859375,29311.080078125,55.2048590562366,20.5333413536673,9.256284,0,0,0,40,4449,299.9291,29260.9697265625,,,,,,,,,,,,,0,,,,32.2350121,,,,,,300.0144043,,,,
,26458783.105,300.01394655,29366.1962890625,8.39132064693684,0.0024372875773608,1,0.999253354069792,40.0298881530762,2.00043512278381,14.9299995973706,45.8490353291787,8.44338269580505,250,-0.0102194306063906,8.38966269285308,0.0248841512393018,300.0131836,300.0147095,29311.080078125,29421.3125,55.6300649706982,20.5340237788175,8.512546,0,0,0,40,4449,299.9293,29366.1962890625,,,,,,,,,,,,,0,,,,32.2350121,,,,,,300.01394655,,,,
,26458784.245,300.01332095,29476.4462890625,8.39514329385017,0.00180708553482265,1,0.999253354069792,40.0298881530762,2.00031084732786,14.919999986887,45.8661804511525,8.45192277781362,250,-0.00927050036549731,8.39348085566911,0.0258481857235088,300.0131836,300.0134583,29421.3125,29531.580078125,55.5948916873328,20.5232519908506,8.512546,0,0,0,40,4449,299.9294,29476.4462890625,,,,,,,,,,,,,0,,,,31.9161835,,,,,,300.01332095,,,,
,26458785.22,300.0134583,29577.0029296875,8.40152003589693,0.00197430172427725,1,0.999253354069792,40.0298881530762,2.00034537970189,14.9299995973706,45.9056707787215,8.43756407737938,250,-0.0131069320959884,8.39987236801461,0.0220386041690693,300.0134583,300.0134583,29531.580078125,29622.42578125,55.1431104032174,20.531648543826,8.512546,0,0,0,40,4449,299.92925,29577.0029296875,,,,,,,,,,,,,0,,,,31.5973549,,,,,,300.0134583,,,,
,26458786.24,300.01353455,29682.572265625,8.40668530653546,0.00174163646674959,1,0.999253354069792,40.0298881530762,2.00021532699547,14.919999986887,45.9297292686336,8.44897807697347,250,-0.0118763426710913,8.40503149051028,0.0232898205129349,300.0134583,300.0136108,29622.42578125,29742.71875,55.9474061495059,20.5337839587962,9.256284,0,0,0,40,4449,299.9298,29682.572265625,,,,,,,,,,,,,0,,,,31.9161835,,,,,,300.01353455,,,,
,26458787.46,300.013031,29802.857421875,8.40703060803629,0.00207584800655451,1,0.999253354069792,40.0298881530762,2.00031334124375,14.919999986887,45.9338261035405,8.44964660330893,250,-0.0118912689692208,8.40537700043416,0.0232757143103944,300.0124512,300.0136108,29742.71875,29862.99609375,55.6113058862366,20.5338809641471,8.512546,0,0,0,40,4449,299.92895,29802.857421875,,,,,,,,,,,,,0,,,,31.9161835,,,,,,300.013031,,,,
,26458788.61,300.01275635,29918.1669921875,8.40738000403561,0.00197169066236053,1,0.999253354069792,40.0298881530762,2.00017963726738,14.919999986887,45.9316470774068,8.45535790445286,250,-0.0108091455889905,8.40572193102964,0.0243585932738299,300.0124512,300.0130615,29862.99609375,29973.337890625,55.3877601297366,20.5342671631535,9.256284,0,0,0,40,4449,299.9273,29918.1669921875,,,,,,,,,,,,,0,,,,31.5973549,,,,,,300.01275635,,,,
,26458789.685,300.0140228,30028.494140625,8.41302968282307,0.00144647977120762,1,0.999253354069792,40.0298881530762,2.00032980230632,14.919999986887,45.9662804720357,8.45946854387231,250,-0.0112166511125085,8.41137184437479,0.0239740943520567,300.0130615,300.0149841,29973.337890625,30083.650390625,55.6238119425444,20.5346140876133,9.256284,0,0,0,40,4449,299.92745,30028.494140625,,,,,,,,,,,,,0,,,,31.5973549,,,,,,300.0140228,,,,
,26458790.805,300.01452635,30138.6953125,8.41597514764465,0.00233996879159093,1,0.999253354069792,40.0298881530762,2.00003436784531,14.9299995973706,45.9761080619303,8.45929927949199,250,-0.0115700225239167,8.41431810615959,0.0236323597380123,300.0140686,300.0149841,30083.650390625,30193.740234375,55.3666561597174,20.5362416968817,8.512546,0,0,0,40,4449,299.92795,30138.6953125,,,,,,,,,,,,,0,,,,31.5973549,,,,,,300.01452635,,,,
,26458791.855,300.0138855,30243.8759765625,8.41941284526207,0.00174953796795279,1,0.999253354069792,40.0298881530762,1.99997852729662,14.919999986887,45.9952464228215,8.45384852164137,250,-0.0131626978077948,8.41776203112928,0.0220537176866906,300.0137024,300.0140686,30193.740234375,30294.01171875,56.0091548025252,20.5291079030033,9.256284,0,0,0,40,4449,299.92805,30243.8759765625,,,,,,,,,,,,,0,,,,31.9161835,,,,,,300.0138855,,,,
,26458792.89,300.01400755,30349.12109375,8.41616372226524,0.00244141357548766,1,0.999253354069792,40.0298881530762,2.00064018178085,14.919999986887,45.9891059062348,8.47066097817989,250,-0.00998143236169574,8.41450026260478,0.0252203362799523,300.0137024,300.0143127,30294.01171875,30404.23046875,55.6003630869674,20.5319881844763,8.512546,0,0,0,40,4449,299.9263,30349.12109375,,,,,,,,,,,,,0,,,,32.2350121,,,,,,300.01400755,,,,
,26458794.04,300.0131683,30464.3359375,8.42296750599078,0.00200236978265513,1,0.999253354069792,40.0298881530762,2.00041671005234,14.9299995973706,46.0234532580595,8.46483760983846,250,-0.012139572673226,8.42131201715722,0.0230904342275355,300.0120239,300.0143127,30404.23046875,30524.44140625,55.7605969334098,20.533696284595,8.512546,0,0,0,40,4449,299.92585,30464.3359375,,,,,,,,,,,,,0,,,,31.9161835,,,,,,300.0131683,,,,
,26458795.12,300.0128784,30574.5068359375,8.42164858248951,0.00203255236586832,1,0.999253354069792,40.0298881530762,2.00049044205113,14.919999986887,46.0146670351802,8.48125675301699,250,-0.00894422631307341,8.41998016925593,0.0262787573183586,300.0120239,300.0137329,30524.44140625,30624.572265625,55.6613301114674,20.5347009251739,8.512546,0,0,0,40,4449,299.9271,30574.5068359375,,,,,,,,,,,,,0,,,,31.9161835,,,,,,300.0128784,,,,
,26458796.19,300.0130005,30679.734375,8.42865941759676,0.00222940130779439,1,0.999253354069792,40.0298881530762,2.00014260447853,14.919999986887,46.0486857571173,8.46790707474465,250,-0.0124244685723881,8.42700416484764,0.0228278765587221,300.0122681,300.0137329,30624.572265625,30734.896484375,55.7230787644867,20.5301592678433,8.512546,0,0,0,40,4449,299.92715,30679.734375,,,,,,,,,,,,,0,,,,31.9161835,,,,,,300.0130005,,,,
,26458797.325,300.0126343,30789.974609375,8.42924340305659,0.00205285489765594,1,0.999253354069792,40.0298881530762,2.0004143472929,14.919999986887,46.0564495953993,8.47784710888984,250,-0.0109176288040362,8.42758191843486,0.0243360746597466,300.0122681,300.0130005,30734.896484375,30845.052734375,55.5222002350443,20.5325421445812,8.512546,0,0,0,40,4449,299.9278,30789.974609375,,,,,,,,,,,,,0,,,,31.5973549,,,,,,300.0126343,,,,
,26458798.495,300.01345825,30905.2373046875,8.43206292983078,0.00190159158293083,1,0.999253354069792,40.0298881530762,2.00010526984662,14.919999986887,46.066263629349,8.47213477277153,250,-0.0122518386808833,8.4304062593369,0.0230132807279329,300.0130005,300.013916,30845.052734375,30965.421875,56.0083731740059,20.5323374707879,9.256284,0,0,0,40,4449,299.92725,30905.2373046875,,,,,,,,,,,,,0,,,,31.9161835,,,,,,300.01345825,,,,
,26458799.68,300.0127411,31025.537109375,8.43134577868345,0.00265549672114089,1,0.999253354069792,40.0298881530762,2.00062356556603,14.919999986887,46.0723584677942,8.48230919839311,250,-0.0106478008614733,8.4296828104805,0.0246135538000271,300.0115662,300.013916,30965.421875,31085.65234375,55.3971396719674,20.5349516846333,8.512546,0,0,0,40,4449,299.925,31025.537109375,,,,,,,,,,,,,0,,,,32.2350121,,,,,,300.0127411,,,,
,26458801.845,300.0143127,31245.802734375,8.4320358247041,0.00244637228483369,1,0.999253354069792,40.0298881530762,2.00041252336644,14.9299995973706,46.072981235794,8.47354712277734,250,-0.012218354911284,8.43037895698594,0.0230445167246121,300.0143127,300.0143127,31245.802734375,31245.802734375,54.8906443915058,20.5299785339197,9.256284,0,0,0,40,4449,299.9272,31245.802734375,,,,,,,,,,,,,0,,,,32.2350121,,,,,,300.0143127,,,,
,26458802.535,300.013504,31310.962890625,8.43887981793304,0.00208922157077364,1,0.999253354069792,40.0298881530762,2.00074835950625,14.919999986887,46.1152178570793,8.4964082094112,250,-0.00955659694369795,8.4372107059947,0.0257341340718967,300.0126953,300.0143127,31245.802734375,31376.123046875,55.893473781679,20.5346629218524,9.256284,0,0,0,40,4449,299.92585,31310.962890625,,,,,,,,,,,,,0,,,,32.2350121,,,,,,300.013504,,,,
,26458803.765,300.0122986,31436.1982421875,8.43832113769995,0.00213114434959958,1,0.999253354069792,40.0298881530762,2.00068057914527,14.919999986887,46.1124218497999,8.48598044146309,250,-0.011309718245703,8.4366599133595,0.0239783153089748,300.0119019,300.0126953,31376.123046875,31496.2734375,55.6488240551597,20.5307164372646,9.256284,0,0,0,40,4449,299.92535,31436.1982421875,,,,,,,,,,,,,0,,,,31.9161835,,,,,,300.0122986,,,,
,26458804.85,300.012558,31546.3642578125,8.44624310389917,0.0018506527367184,1,0.999253354069792,40.0298881530762,2.00039839047201,14.919999986887,46.1502044690925,8.48826275285424,250,-0.0121462870803667,8.4445837776898,0.0231741547201091,300.0119019,300.0132141,31496.2734375,31596.455078125,55.0086702979097,20.527816767157,8.512546,0,0,0,40,4449,299.92675,31546.3642578125,,,,,,,,,,,,,0,,,,31.5973549,,,,,,300.012558,,,,
,26458806,300.0129852,31661.5908203125,8.44793088635011,0.00183364888733684,1,0.999253354069792,40.0298881530762,2.00039770451277,14.919999986887,46.1570265284994,8.50281466029841,250,-0.00979403321910209,8.44626131752493,0.0255322776497743,300.0127563,300.0132141,31596.455078125,31726.7265625,55.9044165809482,20.5343942208927,9.256284,0,0,0,40,4449,299.92665,31661.5908203125,,,,,,,,,,,,,0,,,,31.5973549,,,,,,300.0129852,,,,
,26458807.17,300.0132446,31781.8427734375,8.44270915264136,0.00236923652557678,1,0.999253354069792,40.0298881530762,2.00071966237297,14.9299995973706,46.1361823501406,8.49646841702583,250,-0.0102309009602244,8.44104245354958,0.0250729689676137,300.0127563,300.0137329,31726.7265625,31836.958984375,55.6019263440059,20.5366732153589,9.256284,0,0,0,40,4449,299.9262,31781.8427734375,,,,,,,,,,,,,0,,,,31.9161835,,,,,,300.0132446,,,,
,26458808.185,300.0131836,31882.0908203125,8.44971401383158,0.00199600372564475,1,0.999253354069792,40.0298881530762,2.00054946144517,14.919999986887,46.1710091730391,8.50078339345034,250,-0.010610286891179,8.44804755884944,0.0247223520006872,300.0126343,300.0137329,31836.958984375,31927.22265625,55.361966388602,20.5341133483235,9.256284,0,0,0,40,4449,299.92595,31882.0908203125,,,,,,,,,,,,,0,,,,32.2350121,,,,,,300.0131836,,,,
,26458809.29,300.0126648,31992.2705078125,8.45616471770527,0.00182765526121671,1,0.999253354069792,40.0298881530762,2.0002789541921,14.919999986887,46.2000884392338,8.50658386198019,250,-0.0105385216258335,8.45449689608763,0.0248202613346407,300.0126343,300.0126953,31927.22265625,32057.318359375,55.5096941787366,20.5324778085378,8.512546,0,0,0,40,4449,299.9268,31992.2705078125,,,,,,,,,,,,,0,,,,32.2350121,,,,,,300.0126648,,,,
,26458810.465,300.01231385,32112.4072265625,8.45563203569172,0.00195369364628796,1,0.999253354069792,40.0298881530762,2.0002436303155,14.9299995973706,46.1974784482949,8.49999857896338,250,-0.0116178408068419,8.45396901724608,0.0237381675281472,300.0119324,300.0126953,32057.318359375,32167.49609375,55.4807739235251,20.5322296044209,9.256284,0,0,0,40,4449,299.92685,32112.4072265625,,,,,,,,,,,,,0,,,,32.2350121,,,,,,300.01231385,,,,
,26458811.52,300.01301575,32217.6572265625,8.45792902720994,0.00229219570782029,1,0.999253354069792,40.0298881530762,2.00030622899371,14.919999986887,46.2115788750531,8.5018007874983,250,-0.0117606058919544,8.45626598211048,0.0236044035728517,300.0119324,300.0140991,32167.49609375,32267.818359375,55.6832157100059,20.5326263983414,9.256284,0,0,0,40,4449,299.9266,32217.6572265625,,,,,,,,,,,,,0,,,,31.9161835,,,,,,300.01301575,,,,
,26458812.65,300.01397705,32327.96875,8.46153057389759,0.00159619094141058,1,0.999253354069792,40.0298881530762,2.00052163250056,14.919999986887,46.2351425063714,8.51152043270163,250,-0.0108118123111409,8.45986259572174,0.0245674054426268,300.013855,300.0140991,32267.818359375,32388.119140625,55.2025141706789,20.5317030411713,9.256284,0,0,0,40,4449,299.9263,32327.96875,,,,,,,,,,,,,0,,,,31.9161835,,,,,,300.01397705,,,,
,26458813.835,300.0131531,32443.2109375,8.45739284270639,0.0024565067137437,1,0.999253354069792,40.0298881530762,2.00038380184394,14.919999986887,46.2096793087503,8.50545056439191,250,-0.0110507520004877,8.45572700330688,0.0243107424277946,300.0124512,300.013855,32388.119140625,32498.302734375,55.605834486602,20.530011328939,9.256284,0,0,0,40,4449,299.92445,32443.2109375,,,,,,,,,,,,,0,,,,32.2350121,,,,,,300.0131531,,,,
,26458814.835,300.0125122,32543.40234375,8.46414894839291,0.00251057905651388,1,0.999253354069792,40.0298881530762,2.00015834201278,14.919999986887,46.2432717609082,8.50183091734172,250,-0.0127944794754569,8.46248929084345,0.0225949932771302,300.0124512,300.0125732,32498.302734375,32588.501953125,55.7136992222559,20.5311098986312,8.512546,0,0,0,40,4449,299.92435,32543.40234375,,,,,,,,,,,,,0,,,,32.2350121,,,,,,300.0125122,,,,
,26458815.86,300.0127716,32648.697265625,8.4632315687476,0.00239611639898557,1,0.999253354069792,40.0298881530762,2.00057080076859,14.9299995973706,46.2463580580781,8.50906614964391,250,-0.0116120471960091,8.46156714285129,0.023772612943125,300.0125732,300.01297,32588.501953125,32708.892578125,55.6378812558905,20.5341779166667,8.884414,0,0,0,40,4449,299.92485,32648.697265625,,,,,,,,,,,,,0,,,,31.9161835,,,,,,300.0127716,,,,
,26458816.945,300.0132904,32758.9833984375,8.46252727488625,0.00213471764512158,1,0.999253354069792,40.0298881530762,2.00086968586599,14.9299995973706,46.2481266401672,8.51561806444184,250,-0.0105081998037391,8.46085829903176,0.0248724110928067,300.01297,300.0136108,32708.892578125,32809.07421875,55.0758903505635,20.5275585259215,8.512546,0,0,0,40,4449,299.92615,32758.9833984375,,,,,,,,,,,,,0,,,,31.9161835,,,,,,300.0132904,,,,
,26458818.005,300.01338195,32864.765625,8.46802136372925,0.00181804946834155,1,0.999253354069792,40.0298881530762,2.00059038682133,14.919999986887,46.2713015563377,8.52297577593731,250,-0.00996734292017702,8.46634904711361,0.0254354893311641,300.0131531,300.0136108,32809.07421875,32920.45703125,55.720733878929,20.5314413479842,8.512546,0,0,0,40,4449,299.9259,32864.765625,,,,,,,,,,,,,0,,,,32.07481675,,,,,,300.01338195,,,,
,26458819.18,300.01293945,32985.7265625,8.46806770006653,0.00239189672926931,1,0.999253354069792,40.0298881530762,2.00067457753774,14.919999986887,46.2744283585461,8.51811616371125,250,-0.0109288714744828,8.46639958878931,0.0244737538629596,300.0127258,300.0131531,32920.45703125,33050.99609375,55.9434980069098,20.5332360613836,8.512546,0,0,0,40,4449,299.92465,32985.7265625,,,,,,,,,,,,,0,,,,31.75598815,,,,,,300.01293945,,,,
,26458820.41,300.01275635,33111.1796875,8.47565312253903,0.00198596362628501,1,0.999253354069792,40.0298881530762,2.00022053957262,14.919999986887,46.3087640726067,8.50698325842528,250,-0.0140277661986937,8.47399656548754,0.0214063837198942,300.0127258,300.0127869,33050.99609375,33171.36328125,55.3783805875059,20.5342020638332,9.256284,0,0,0,40,4449,299.92475,33111.1796875,,,,,,,,,,,,,0,,,,31.9161835,,,,,,300.01275635,,,,
,26458821.58,300.0131836,33226.51953125,8.47823935398767,0.00150065340618643,1,0.999253354069792,40.0298881530762,2.00037471762954,14.9299995973706,46.3253278663943,8.51586315995356,250,-0.0129980849626332,8.47657789043342,0.0224460920801946,300.0127869,300.0135803,33171.36328125,33281.67578125,54.7780898847366,20.5275638658219,8.884414,0,0,0,40,4449,299.9236,33226.51953125,,,,,,,,,,,,,0,,,,31.9161835,,,,,,300.0131836,,,,
,26458822.72,300.0137787,33341.802734375,8.47498592573625,0.00179532365479709,1,0.999253354069792,40.0298881530762,2.00086636705863,14.9299995973706,46.3152550476003,8.53291251187914,250,-0.00964713191085962,8.4733109897562,0.0257821072000763,300.0135803,300.0139771,33281.67578125,33401.9296875,55.9560040632175,20.5317823474578,9.256284,0,0,0,40,4449,299.92305,33341.802734375,,,,,,,,,,,,,0,,,,31.9161835,,,,,,300.0137787,,,,
,26458823.84,300.0135651,33452.083984375,8.47926626020067,0.00175835821009847,1,0.999253354069792,40.0298881530762,2.00049986490891,14.9299995973706,46.3309634355535,8.5325197503115,250,-0.0102330950068104,8.47759304146748,0.0252134512702374,300.0131531,300.0139771,33401.9296875,33502.23828125,55.2642628236982,20.5327933031169,8.512546,0,0,0,40,4449,299.92305,33452.083984375,,,,,,,,,,,,,0,,,,32.2350121,,,,,,300.0135651,,,,
,26458824.825,300.01332095,33547.3515625,8.48250165593022,0.00202779439514853,1,0.999253354069792,40.0298881530762,2.00028290759232,14.9299995973706,46.3458861421512,8.52331371376025,250,-0.0123527366921687,8.48083676992676,0.0231072306828041,300.0131531,300.0134888,33502.23828125,33592.46484375,56.760299809506,20.537540222719,8.512546,0,0,0,40,4449,299.9225,33547.3515625,,,,,,,,,,,,,0,,,,32.2350121,,,,,,300.01332095,,,,
,26458825.825,300.01371765,33647.525390625,8.48188819745243,0.00174098989965319,1,0.999253354069792,40.0298881530762,2.00032019967049,14.919999986887,46.3418508459673,8.53107902787776,250,-0.0108450088986596,8.48021707766776,0.0246113713939046,300.0134888,300.0139465,33592.46484375,33702.5859375,54.7757449991789,20.5267138489291,9.256284,0,0,0,40,4449,299.92305,33647.525390625,,,,,,,,,,,,,0,,,,32.2350121,,,,,,300.01371765,,,,
,26458826.91,300.01359555,33757.66796875,8.48530740400352,0.00210432136306318,1,0.999253354069792,40.0298881530762,2.00015966727319,14.919999986887,46.357185025577,8.53234616895409,250,-0.011124079241523,8.48363686698172,0.0243459168289254,300.0132446,300.0139465,33702.5859375,33812.75,55.4909350942751,20.5345798910142,8.512546,0,0,0,40,4449,299.92325,33757.66796875,,,,,,,,,,,,,0,,,,31.9161835,,,,,,300.01359555,,,,
,26458827.89,300.01348875,33857.87890625,8.48656283429195,0.00193205084818035,1,0.999253354069792,40.0298881530762,2.00057024411175,14.919999986887,46.372573528176,8.53934702863783,250,-0.0103872823153638,8.48488905227184,0.0250872329661942,300.0132446,300.0137329,33812.75,33903.0078125,55.8160925582751,20.5368507860255,8.512546,0,0,0,40,4449,299.9228,33857.87890625,,,,,,,,,,,,,0,,,,31.5973549,,,,,,300.01348875,,,,
,26458828.905,300.0141449,33958.0859375,8.48426171686114,0.00233506275364577,1,0.999253354069792,40.0298881530762,2.00075228265247,14.9299995973706,46.3639057772973,8.53889425288288,250,-0.0101812851702017,8.4825874122547,0.0252827532156312,300.0137329,300.0145569,33903.0078125,34013.1640625,55.9982120032559,20.5379309349385,8.512546,0,0,0,40,4449,299.92405,33958.0859375,,,,,,,,,,,,,0,,,,31.9161835,,,,,,300.0141449,,,,
,26458829.985,300.01356505,34068.3046875,8.48108392470616,0.00284004121427305,1,0.999253354069792,40.0298881530762,2.00077905558996,14.9299995973706,46.347873419776,8.5318839927115,250,-0.0108949373157172,8.47941349145808,0.0245552919491933,300.0125732,300.0145569,34013.1640625,34123.4453125,55.6683647681405,20.5325620112842,8.512546,0,0,0,40,4449,299.9238,34068.3046875,,,,,,,,,,,,,0,,,,31.9161835,,,,,,300.01356505,,,,
,26458831.065,300.01330565,34178.515625,8.49351518891596,0.00214371560891891,1,0.999253354069792,40.0298881530762,2.00037448567547,14.919999986887,46.4076176878109,8.5375445282129,250,-0.0118553879698286,8.4918463716436,0.023646620924954,300.0125732,300.0140381,34123.4453125,34233.5859375,55.4479455257174,20.5330080465357,8.512546,0,0,0,40,4449,299.9214,34178.515625,,,,,,,,,,,,,0,,,,31.9161835,,,,,,300.01330565,,,,
,26458832.285,300.01394655,34298.7734375,8.49689407379448,0.0020977741044688,1,0.999253354069792,40.0298881530762,2.00024373771405,14.919999986887,46.4220674588752,8.54607916809217,250,-0.0108188792177555,8.49522012383558,0.0246961639291836,300.013855,300.0140381,34233.5859375,34363.9609375,55.7598153048905,20.5302029403887,8.512546,0,0,0,40,4449,299.92215,34298.7734375,,,,,,,,,,,,,0,,,,32.2350121,,,,,,300.01394655,,,,
,26458833.485,300.014328,34419.044921875,8.49102411574662,0.00252916869257522,1,0.999253354069792,40.0298881530762,2.00058352560128,14.9299995973706,46.3973972418917,8.54310616670842,250,-0.0105328204668452,8.48935012634706,0.0249567112219229,300.013855,300.014801,34363.9609375,34474.12890625,54.8961157911404,20.5336422055217,9.256284,0,0,0,40,4449,299.9232,34419.044921875,,,,,,,,,,,,,0,,,,32.2350121,,,,,,300.014328,,,,
,26458834.555,300.014328,34524.140625,8.49301388997757,0.0026833315423988,1,0.999253354069792,40.0298881530762,2.00059880094047,14.9299995973706,46.409025906256,8.54295882047786,250,-0.0109398365264224,8.49134124967646,0.0245575636009099,300.013855,300.014801,34474.12890625,34574.15234375,56.2772533846213,20.5309263838342,9.256284,0,0,0,40,4449,299.92215,34524.140625,,,,,,,,,,,,,0,,,,31.9161835,,,,,,300.014328,,,,
,26458835.69,300.01391605,34639.27734375,8.49979597796867,0.00220835232413962,1,0.999253354069792,40.0298881530762,2.00048515408002,14.919999986887,46.4451091270403,8.54070987700897,250,-0.0125219023093287,8.49812875797137,0.0230036231682133,300.013855,300.0139771,34574.15234375,34704.40234375,55.8356332712559,20.5307727055497,8.512546,0,0,0,40,4449,299.9207,34639.27734375,,,,,,,,,,,,,0,,,,31.9161835,,,,,,300.01391605,,,,
,26458836.93,300.0144501,34764.544921875,8.50048353220482,0.0018877026136416,1,0.999253354069792,40.0298881530762,2.00035687167548,14.919999986887,46.4447400492314,8.54745876430272,250,-0.0113153521320262,8.49881103705191,0.0242120292392709,300.0139771,300.0149231,34704.40234375,34824.6875,55.751217391179,20.5288472403957,8.512546,0,0,0,40,4449,299.92045,34764.544921875,,,,,,,,,,,,,0,,,,32.2350121,,,,,,300.0144501,,,,
,26458838.055,300.01483155,34874.810546875,8.50291883137512,0.00187557727679683,1,0.999253354069792,40.0298881530762,2.00041840343917,14.9299995973706,46.4607443710675,8.54312196632903,250,-0.0126068010208482,8.50125120695113,0.022930118690967,300.01474,300.0149231,34824.6875,34924.93359375,53.6759936726211,20.5328231272198,9.256284,0,0,0,40,4449,299.9218,34874.810546875,,,,,,,,,,,,,0,,,,31.9161835,,,,,,300.01483155,,,,
,26458839.09,300.01480105,34980.046875,8.50317635188039,0.00200042186540131,1,0.999253354069792,40.0298881530762,1.99996737053584,14.919999986887,46.4524914270544,8.53853268046004,250,-0.0131505329987688,8.50151100998565,0.0223870187757574,300.01474,300.0148621,34924.93359375,35035.16015625,55.321321705602,20.5275628613863,9.256284,0,0,0,40,4449,299.9209,34980.046875,,,,,,,,,,,,,0,,,,31.9161835,,,,,,300.01480105,,,,
,26458840.2,300.01435855,35090.3515625,8.50315747569083,0.00214215434926815,1,0.999253354069792,40.0298881530762,2.00044587331888,14.919999986887,46.4597469806437,8.55924962927429,250,-0.0097187210080536,8.50147797353983,0.0258176520866836,300.013855,300.0148621,35035.16015625,35145.54296875,55.4385659834866,20.5288880125952,9.256284,0,0,0,40,4449,299.9187,35090.3515625,,,,,,,,,,,,,0,,,,31.9161835,,,,,,300.01435855,,,,
,26458841.15,300.0140686,35185.599609375,8.50087489561663,0.00261132602852842,1,0.999253354069792,40.0298881530762,2.00071785144762,14.919999986887,46.4542305242146,8.55377640147386,250,-0.0105043258154209,8.49919928857915,0.0250220449101963,300.013855,300.0142822,35145.54296875,35225.65625,56.5007991411214,20.5266257813147,8.512546,0,0,0,40,4449,299.91875,35185.599609375,,,,,,,,,,,,,0,,,,31.9161835,,,,,,300.0140686,,,,
,26458843.015,300.013855,35370.798828125,8.50963753121494,0.0021666891867211,1,0.999253354069792,40.0298881530762,2.00049782009011,14.9299995973706,46.4983876969341,8.5548999139866,250,-0.0117542030967301,8.50796556889432,0.0238077066912966,300.013855,300.013855,35365.76953125,35375.828125,55.534706291352,20.5378247329514,9.256284,0,0,0,40,4449,299.9197,35370.798828125,,,,,,,,,,,,,0,,,,31.5973549,,,,,,300.013855,,,,
,26458843.675,300.0142975,35435.919921875,8.50940383340684,0.0022530251725979,1,0.999253354069792,40.0298881530762,2.00033469798955,14.919999986887,46.4915254303367,8.56417419872638,250,-0.00988800816461897,8.50772403090813,0.0256720274732168,300.013855,300.01474,35375.828125,35496.01171875,55.321321705602,20.530802376206,8.512546,0,0,0,40,4449,299.9204,35435.919921875,,,,,,,,,,,,,0,,,,31.5973549,,,,,,300.0142975,,,,
,26458844.665,300.01490785,35536.12890625,8.51297935228695,0.00196926884366289,1,0.999253354069792,40.0298881530762,2.00068135717948,14.919999986887,46.5217385183716,8.55400037183847,250,-0.0126767433975932,8.51131040277806,0.022897595078748,300.01474,300.0150757,35496.01171875,35576.24609375,55.9708550050828,20.5291697096921,9.256284,0,0,0,40,4449,299.92435,35536.12890625,,,,,,,,,,,,,0,,,,31.9161835,,,,,,300.01490785,,,,
,26458845.655,300.015152,35636.361328125,8.51383408490071,0.00226372062866355,1,0.999253354069792,40.0298881530762,2.00032217187917,14.9299995973706,46.5158318843683,8.56649898995092,250,-0.0102722228339987,8.51215491601874,0.0253043894883886,300.0150757,300.0152283,35576.24609375,35696.4765625,55.4135538708712,20.5339721804245,8.512546,0,0,0,40,4449,299.9255,35636.361328125,,,,,,,,,,,,,0,,,,31.9161835,,,,,,300.015152,,,,
,26458846.86,300.01475525,35756.615234375,8.51894918267265,0.00165747496265543,1,0.999253354069792,40.0298881530762,2.00010678544716,14.919999986887,46.5403320986507,8.56299244320814,250,-0.0116974846019965,8.51727511298505,0.023900224750132,300.0142822,300.0152283,35696.4765625,35816.75390625,55.5902019162174,20.5233089975872,9.256284,0,0,0,40,4449,299.92395,35756.615234375,,,,,,,,,,,,,0,,,,31.75598815,,,,,,300.01475525,,,,
,26458847.985,300.0139465,35866.904296875,8.51816683411985,0.0018291425163508,1,0.999253354069792,40.0298881530762,2.00012904631267,14.919999986887,46.5374182858728,8.55769490384638,250,-0.0125387345104419,8.51649675664429,0.0230551946860384,300.0136108,300.0142822,35816.75390625,35917.0546875,55.3033442496597,20.5278269546473,9.256284,0,0,0,40,4449,299.9237,35866.904296875,,,,,,,,,,,,,0,,,,32.07481675,,,,,,300.0139465,,,,
,26458849.135,300.0139465,35982.197265625,8.51986236169775,0.00201806601053152,1,0.999253354069792,40.0298881530762,2.00040396012108,14.919999986887,46.5522647405339,8.56406709629654,250,-0.0118960939079126,8.51818929244038,0.0237044100011415,300.0136108,300.0142822,35917.0546875,36047.33984375,56.0443280858905,20.538026088738,8.512546,0,0,0,40,4449,299.92105,35982.197265625,,,,,,,,,,,,,0,,,,32.07481675,,,,,,300.0139465,,,,
,26458850.415,300.0145874,36112.7265625,8.52235628338272,0.00146774194090644,1,0.999253354069792,40.0298881530762,2.00051157041514,14.9299995973706,46.569447764506,8.56100711369567,250,-0.0130001385851017,8.52068718578378,0.0226103329575304,300.0142822,300.0148926,36047.33984375,36178.11328125,55.5307981487559,20.5248385139696,8.884414,0,0,0,40,4449,299.9198,36112.7265625,,,,,,,,,,,,,0,,,,31.75598815,,,,,,300.0145874,,,,
,26458851.575,300.0150299,36233.263671875,8.51922114839473,0.00244824173432246,1,0.999253354069792,40.0298881530762,2.00039250006961,14.919999986887,46.5483563622577,8.56415044634377,250,-0.0117514671803289,8.51754742554932,0.0238446366053234,300.0148926,300.0151672,36178.11328125,36288.4140625,55.9591305772944,20.536059814848,9.256284,0,0,0,40,4449,299.92145,36233.263671875,,,,,,,,,,,,,0,,,,31.9161835,,,,,,300.0150299,,,,
,26458852.655,300.0151672,36343.658203125,8.52299521685955,0.00220197417049108,1,0.999253354069792,40.0298881530762,2.00057143078322,14.919999986887,46.5723688304161,8.57229967792137,250,-0.0110956135946634,8.52131800216989,0.0245155526058008,300.0151672,300.0151672,36288.4140625,36398.90234375,55.7465276200636,20.5245976942761,9.256284,0,0,0,40,4449,299.9204,36343.658203125,,,,,,,,,,,,,0,,,,31.9161835,,,,,,300.0151672,,,,
,26458853.775,300.0150909,36454.037109375,8.52856476716725,0.00170375683655796,1,0.999253354069792,40.0298881530762,2.00002700063038,14.919999986887,46.5929854748984,8.56190322625594,250,-0.0136149292866976,8.52689703040834,0.022019442145748,300.0150146,300.0151672,36398.90234375,36509.171875,55.666801511102,20.5277036060122,8.512546,0,0,0,40,4449,299.91935,36454.037109375,,,,,,,,,,,,,0,,,,31.5973549,,,,,,300.0150909,,,,
,26458855.175,300.014801,36594.326171875,8.52718797913741,0.00196237282654744,1,0.999253354069792,40.0298881530762,2.00049068260567,14.919999986887,46.5933057795319,8.57694435502908,250,-0.0109596498733791,8.52550959851402,0.0246675933387861,300.0145874,300.0150146,36509.171875,36679.48046875,55.9716366336021,20.5271842902347,8.512546,0,0,0,40,4449,299.9188,36594.326171875,,,,,,,,,,,,,0,,,,31.5973549,,,,,,300.014801,,,,
,26458856.535,300.01493835,36729.58203125,8.52521179127783,0.00214040082800827,1,0.999253354069792,40.0298881530762,2.00075308512978,14.919999986887,46.5887996204272,8.57424012050521,250,-0.0112883196504267,8.52353519785616,0.0243301294485136,300.0145874,300.0152893,36679.48046875,36779.68359375,55.0891780353904,20.5334183548936,8.512546,0,0,0,40,4449,299.9168,36729.58203125,,,,,,,,,,,,,0,,,,31.9161835,,,,,,300.01493835,,,,
,26458857.515,300.0152893,36824.8203125,8.5326981294784,0.0021672800536006,1,0.999253354069792,40.0298881530762,2.00030027790872,14.919999986887,46.6198479885866,8.57759216036211,250,-0.0117156498561161,8.53102176937557,0.0239334051229548,300.0152893,300.0152893,36779.68359375,36869.95703125,56.2436433582944,20.535802320314,9.256284,0,0,0,40,4449,299.91775,36824.8203125,,,,,,,,,,,,,0,,,,32.07481675,,,,,,300.0152893,,,,
,26458858.645,300.01501465,36940.001953125,8.53007777710878,0.00195417849528592,1,0.999253354069792,40.0298881530762,2.00060732033231,14.919999986887,46.6124593390693,8.57648819412351,250,-0.0116660770427253,8.52840189801013,0.0239712672273895,300.01474,300.0152893,36869.95703125,37010.046875,55.6113058862366,20.5295043667514,9.256284,0,0,0,40,4449,299.91775,36940.001953125,,,,,,,,,,,,,0,,,,31.75598815,,,,,,300.01501465,,,,
,26458859.74,300.01474,37050.158203125,8.52990375060427,0.00226071532206576,1,0.999253354069792,40.0298881530762,2.00086554307154,14.9299995973706,46.6169322014562,8.57977119816067,250,-0.0112298767195044,8.52822622562364,0.0244060779624941,300.01474,300.01474,37010.046875,37090.26953125,55.5573735184097,20.5267062614892,9.256284,0,0,0,40,4449,299.9167,37050.158203125,,,,,,,,,,,,,0,,,,31.5973549,,,,,,300.01474,,,,
,26458860.695,300.0148163,37145.36328125,8.53176877704248,0.00245616839433707,1,0.999253354069792,40.0298881530762,2.00070258804037,14.919999986887,46.6234783436487,8.58067025152364,250,-0.0112859024781375,8.53009113727457,0.024357307520906,300.01474,300.0148926,37090.26953125,37200.45703125,55.3572766174866,20.5336647157435,9.256284,0,0,0,40,4449,299.91615,37145.36328125,,,,,,,,,,,,,0,,,,31.9161835,,,,,,300.0148163,,,,
,26458862.665,300.0145569,37340.775390625,8.52745871289374,0.00249601609363111,1,0.999253354069792,40.0298881530762,2.00088779771454,14.919999986887,46.601777286721,8.58980413563352,250,-0.008955647486033,8.52577240337913,0.0266679174004191,300.0145569,300.0145569,37330.7109375,37350.83984375,55.5644081750828,20.5308708815224,9.256284,0,0,0,40,4449,299.91535,37340.775390625,,,,,,,,,,,,,0,,,,32.2350121,,,,,,300.0145569,,,,
,26458863.315,300.0144348,37405.931640625,8.53913462435668,0.00188115628213861,1,0.999253354069792,40.0298881530762,2.00072988147286,14.9299995973706,46.6640617802826,8.5897595099846,250,-0.0110074654636158,8.53745458700904,0.0246650490284049,300.0143127,300.0145569,37350.83984375,37461.0234375,55.7699764756405,20.5268449175401,9.256284,0,0,0,40,4449,299.914,37405.931640625,,,,,,,,,,,,,0,,,,31.9161835,,,,,,300.0144348,,,,
,26458864.42,300.01466365,37521.162109375,8.54176890556728,0.00179628739481249,1,0.999253354069792,40.0298881530762,2.00037265647938,14.9299995973706,46.6713721308431,8.58531320643643,250,-0.0120355131174415,8.54009262233708,0.0236475395248351,300.0143127,300.0150146,37461.0234375,37581.30078125,55.626156828102,20.5311936954627,8.884414,0,0,0,40,4449,299.9134,37521.162109375,,,,,,,,,,,,,0,,,,31.9161835,,,,,,300.01466365,,,,
,26458865.49,300.0145874,37631.365234375,8.54366251528844,0.00194256841055855,1,0.999253354069792,40.0298881530762,2.0002621564311,14.9299995973706,46.6788612190605,8.58861195683749,250,-0.0116971966689702,8.5419845432712,0.023992825475514,300.0141602,300.0150146,37581.30078125,37681.4296875,55.6839973385251,20.5292360150773,8.512546,0,0,0,40,4449,299.91445,37631.365234375,,,,,,,,,,,,,0,,,,32.2350121,,,,,,300.0145874,,,,
,26458866.58,300.01469425,37736.654296875,8.5380392346873,0.00231488614119235,1,0.999253354069792,40.0298881530762,2.00037534362834,14.919999986887,46.6490694918156,8.59228626248103,250,-0.0100681633715608,8.53635560912122,0.025597536743888,300.0141602,300.0152283,37681.4296875,37791.87890625,55.7637234474867,20.5356532180903,8.884414,0,0,0,40,4449,299.9131,37736.654296875,,,,,,,,,,,,,0,,,,32.2350121,,,,,,300.01469425,,,,
,26458867.695,300.0146027,37846.849609375,8.54369268526471,0.00229900542075526,1,0.999253354069792,40.0298881530762,2.00053355042847,14.919999986887,46.6843111152708,8.59457156775489,250,-0.0108187821533479,8.54201113046645,0.0248701686606654,300.0139771,300.0152283,37791.87890625,37901.8203125,55.7699764756405,20.5268412526414,8.512546,0,0,0,40,4449,299.9116,37846.849609375,,,,,,,,,,,,,0,,,,32.2350121,,,,,,300.0146027,,,,
,26458868.765,300.0140381,37956.90625,8.54755811163191,0.00178586811300107,1,0.999253354069792,40.0298881530762,2.00045116971898,14.9299995973706,46.7030110369838,8.60107179117112,250,-0.0102815726757179,8.54587379161181,0.0254225571485434,300.0139771,300.0140991,37901.8203125,38011.9921875,55.1571797165635,20.5323987152729,9.256284,0,0,0,40,4449,299.91255,37956.90625,,,,,,,,,,,,,0,,,,32.2350121,,,,,,300.0140381,,,,
,26458869.885,300.01431275,38067.1015625,8.54947948580588,0.00229884734239046,1,0.999253354069792,40.0298881530762,2.00021025412825,14.919999986887,46.7102140194874,8.59019172113352,250,-0.0124441876157878,8.54780379186555,0.0232676912273338,300.0140991,300.0145264,38011.9921875,38122.2109375,55.5292348917174,20.530066222155,8.884414,0,0,0,40,4449,299.91245,38067.1015625,,,,,,,,,,,,,0,,,,32.2350121,,,,,,300.01431275,,,,
,26458870.945,300.01441955,38172.349609375,8.55180361278474,0.00154242458661597,1,0.999253354069792,40.0298881530762,2.0003271956629,14.919999986887,46.7259436535127,8.59102660678861,250,-0.0128112084044555,8.55012901266837,0.0229097779055367,300.0143127,300.0145264,38122.2109375,38222.48828125,55.5917651732559,20.5271711411138,9.256284,0,0,0,40,4449,299.9123,38172.349609375,,,,,,,,,,,,,0,,,,31.9161835,,,,,,300.01441955,,,,
,26458871.975,300.0139923,38277.5859375,8.54883540860336,0.00196001474717925,1,0.999253354069792,40.0298881530762,2.00047301147224,14.919999986887,46.7128749349683,8.58957623205596,250,-0.0126375604409269,8.54716087450273,0.023070396835253,300.0136719,300.0143127,38222.48828125,38332.68359375,55.6738361677751,20.5296979951636,8.512546,0,0,0,40,4449,299.9116,38277.5859375,,,,,,,,,,,,,0,,,,31.5973549,,,,,,300.0139923,,,,
,26458873.085,300.0132599,38387.810546875,8.54968805774392,0.00227078018394964,1,0.999253354069792,40.0298881530762,2.00040518838889,14.9299995973706,46.7141343571578,8.60016749907972,250,-0.0108040658608514,8.54800599988651,0.0249062913349514,300.0128479,300.0136719,38332.68359375,38442.9375,55.3807254730635,20.5297290719229,8.512546,0,0,0,40,4449,299.91205,38387.810546875,,,,,,,,,,,,,0,,,,31.9161835,,,,,,300.0132599,,,,
,26458874.11,300.01361085,38488.033203125,8.5536068990476,0.00148279355866879,1,0.999253354069792,40.0298881530762,2.00056758266074,14.9299995973706,46.7405574039292,8.59770716921693,250,-0.0121049134490862,8.55192943510008,0.0236214104646219,300.0128479,300.0143738,38442.9375,38533.12890625,55.1775020580635,20.5237385083014,9.256284,0,0,0,40,4449,299.91205,38488.033203125,,,,,,,,,,,,,0,,,,32.2350121,,,,,,300.01361085,,,,
,26458875.165,300.014328,38593.181640625,8.55390981803675,0.00174538748431759,1,0.999253354069792,40.0298881530762,2.00034552737074,14.919999986887,46.7354556989769,8.60624449634602,250,-0.0104272524119037,8.55222511515252,0.0252994202490858,300.0142822,300.0143738,38533.12890625,38653.234375,55.0758903505635,20.5257203216036,8.512546,0,0,0,40,4449,299.9112,38593.181640625,,,,,,,,,,,,,0,,,,31.9161835,,,,,,300.014328,,,,
,26458876.335,300.0144348,38713.439453125,8.55618759571085,0.0020841940991833,1,0.999253354069792,40.0298881530762,2.00047906580427,14.919999986887,46.7525937768401,8.60019153867718,250,-0.0120594067562658,8.55450928470595,0.0236763819897907,300.0142822,300.0145874,38653.234375,38773.64453125,55.4588883249866,20.5301999862042,8.512546,0,0,0,40,4449,299.9107,38713.439453125,,,,,,,,,,,,,0,,,,31.5973549,,,,,,300.0144348,,,,
,26458877.47,300.0145569,38828.689453125,8.55610995340035,0.00202567181907744,1,0.999253354069792,40.0298881530762,2.0006201397658,14.9299995973706,46.7549341066928,8.60312700189817,250,-0.0116153248407916,8.55442981973552,0.0241194752279824,300.0145264,300.0145874,38773.64453125,38883.734375,55.2572281670251,20.5292484042863,9.256284,0,0,0,40,4449,299.90935,38828.689453125,,,,,,,,,,,,,0,,,,31.9161835,,,,,,300.0145569,,,,
,26458878.565,300.01483155,38938.9140625,8.55673420739709,0.00195754963816317,1,0.999253354069792,40.0298881530762,2.00067781431738,14.919999986887,46.7578355803163,8.6138320362886,250,-0.00981502090584659,8.55504642303857,0.0259211790674155,300.0145264,300.0151367,38883.734375,38994.09375,55.6081793721597,20.5299696036688,8.512546,0,0,0,40,4449,299.91015,38938.9140625,,,,,,,,,,,,,0,,,,32.2350121,,,,,,300.01483155,,,,
,26458879.665,300.01463315,39049.19921875,8.5595781406638,0.00222142642613558,1,0.999253354069792,40.0298881530762,2.00037392952456,14.9299995973706,46.7665843190175,8.61470507262731,250,-0.00994838173214508,8.55789046450167,0.0257990601752482,300.0141296,300.0151367,38994.09375,39104.3046875,55.5526837472943,20.527153032986,8.512546,0,0,0,40,4449,299.90965,39049.19921875,,,,,,,,,,,,,0,,,,31.9161835,,,,,,300.01463315,,,,
,26458880.705,300.01411435,39149.41796875,8.56084526510547,0.00207123177671527,1,0.999253354069792,40.0298881530762,2.00067959755821,14.9299995973706,46.7835833038358,8.60050027646441,250,-0.0130177184181839,8.55917036579157,0.0227350961808692,300.0140991,300.0141296,39104.3046875,39194.53125,55.2759872514866,20.5292687796276,8.512546,0,0,0,40,4449,299.90875,39149.41796875,,,,,,,,,,,,,0,,,,31.5973549,,,,,,300.01411435,,,,
,26458881.75,300.0137024,39254.6328125,8.55917580827471,0.00219722220545422,1,0.999253354069792,40.0298881530762,2.00067257479111,14.919999986887,46.7711001528235,8.61605845571131,250,-0.00985411993773342,8.55748825517558,0.0258901399375131,300.0133057,300.0140991,39194.53125,39314.734375,56.391371148429,20.5295591746699,8.884414,0,0,0,40,4449,299.9105,39254.6328125,,,,,,,,,,,,,0,,,,31.9161835,,,,,,300.0137024,,,,
,26458882.935,300.01342775,39374.8984375,8.56488447981001,0.00211139196401067,1,0.999253354069792,40.0298881530762,2.00033478106219,14.9299995973706,46.7965695559562,8.60972753941236,250,-0.011811178456644,8.56320411118077,0.0239564947473188,300.0133057,300.0135498,39314.734375,39435.0625,55.9810161758329,20.5286667025143,8.512546,0,0,0,40,4449,299.91065,39374.8984375,,,,,,,,,,,,,0,,,,31.9161835,,,,,,300.01342775,,,,
,26458884.115,300.01335145,39490.638671875,8.56224848707353,0.00232674563775885,1,0.999253354069792,40.0298881530762,2.0005689111249,14.919999986887,46.7867339169458,8.61221760137467,250,-0.0110457779186402,8.56056554347755,0.0247100544941199,300.0131531,300.0135498,39435.0625,39546.21484375,55.3643112741597,20.5387828051099,8.512546,0,0,0,40,4449,299.91,39490.638671875,,,,,,,,,,,,,0,,,,31.9161835,,,,,,300.01335145,,,,
,26458885.185,300.01280215,39601.44921875,8.56945494131571,0.00156784780159772,1,0.999253354069792,40.0298881530762,2.00059958472856,14.919999986887,46.8264824271485,8.62137976414854,250,-0.0107276718075898,8.56776945809689,0.0250574507720522,300.0124512,300.0131531,39546.21484375,39656.68359375,55.8817493538905,20.5269752790042,8.512546,0,0,0,40,4449,299.91,39601.44921875,,,,,,,,,,,,,0,,,,32.2350121,,,,,,300.01280215,,,,
,26458886.31,300.01269535,39716.796875,8.57234157198472,0.00193710641458481,1,0.999253354069792,40.0298881530762,2.00064551793107,14.9299995973706,46.8432012251512,8.62503588194141,250,-0.0106282158265843,8.57065519779703,0.0251681711282538,300.0124512,300.0129395,39656.68359375,39776.91015625,54.6717884061212,20.5264772734906,8.512546,0,0,0,40,4449,299.91,39716.796875,,,,,,,,,,,,,0,,,,31.9161835,,,,,,300.01269535,,,,
,26458887.485,300.01327515,39832.0390625,8.56999839718512,0.00197317525172719,1,0.999253354069792,40.0298881530762,2.0005127952217,14.919999986887,46.8282087442017,8.61758734329422,250,-0.011454358558495,8.56831583783165,0.0243316208961856,300.0129395,300.0136108,39776.91015625,39887.16796875,55.7856090460251,20.5246303392927,9.256284,0,0,0,40,4449,299.91015,39832.0390625,,,,,,,,,,,,,0,,,,31.5973549,,,,,,300.01327515,,,,
,26458888.59,300.0136871,39942.279296875,8.57009005507061,0.00227626349431689,1,0.999253354069792,40.0298881530762,2.00059496014261,14.919999986887,46.8300221923536,8.62105432286692,250,-0.0108991546125805,8.56840509703521,0.0248863804260817,300.0136108,300.0137634,39887.16796875,39997.390625,54.8882995059481,20.5336015756172,9.256284,0,0,0,40,4449,299.91,39942.279296875,,,,,,,,,,,,,0,,,,31.9161835,,,,,,300.0136871,,,,
,26458889.66,300.0140686,40052.5625,8.57447216027806,0.0020841686825087,1,0.999253354069792,40.0298881530762,2.00047017153196,14.9299995973706,46.851591715701,8.62238632804567,250,-0.0113710703578608,8.57278824019442,0.0244320917224334,300.0137634,300.0143738,39997.390625,40107.734375,55.0860515213135,20.5293055381008,9.256284,0,0,0,40,4449,299.9102,40052.5625,,,,,,,,,,,,,0,,,,32.2350121,,,,,,300.0140686,,,,
,26458890.71,300.01365665,40157.81640625,8.57064402021086,0.00211173276848477,1,0.999253354069792,40.0298881530762,2.00065784122095,14.919999986887,46.8329821381048,8.62998058375767,250,-0.00941495102576726,8.56895289709069,0.026371192881113,300.0129395,300.0143738,40107.734375,40207.8984375,55.7566887908136,20.5304280556788,9.256284,0,0,0,40,4449,299.90975,40157.81640625,,,,,,,,,,,,,0,,,,31.9161835,,,,,,300.01365665,,,,
,26458891.74,300.0130768,40257.951171875,8.57538054292153,0.00217603017789832,1,0.999253354069792,40.0298881530762,2.00044110718408,14.919999986887,46.8563860484663,8.62052384102867,250,-0.0118569805980514,8.57369889454035,0.0239488895634052,300.0129395,300.0132141,40207.8984375,40308.00390625,55.6714912822174,20.5285526679738,8.884414,0,0,0,40,4449,299.90885,40257.951171875,,,,,,,,,,,,,0,,,,31.5973549,,,,,,300.0130768,,,,
,26458893.595,300.0126953,40443.275390625,8.57911835388063,0.00205957083868698,1,0.999253354069792,40.0298881530762,2.00058164926092,14.9299995973706,46.8796772151171,8.62672635095967,250,-0.0115216166926063,8.57743477828984,0.0242986706692946,300.0126953,300.0126953,40438.22265625,40448.328125,55.1821918291789,20.5312014862778,8.884414,0,0,0,40,4449,299.908,40443.275390625,,,,,,,,,,,,,0,,,,31.5973549,,,,,,300.0126953,,,,
,26458894.165,300.0132599,40503.44140625,8.57859781285083,0.00201555797368734,1,0.999253354069792,40.0298881530762,2.00042422362712,14.9299995973706,46.8737092604892,8.62299140993646,250,-0.011987219055756,8.57691615144712,0.0238305293110084,300.0126953,300.0138245,40448.328125,40558.5546875,55.7332399352367,20.53079551347,8.512546,0,0,0,40,4449,299.9084,40503.44140625,,,,,,,,,,,,,0,,,,31.5973549,,,,,,300.0132599,,,,
,26458895.23,300.0133667,40608.630859375,8.58058295333553,0.00185565674906916,1,0.999253354069792,40.0298881530762,2.00048446346798,14.9299995973706,46.8871431781177,8.61871030927309,250,-0.013184494009529,8.57890593310756,0.0226409734172206,300.0129089,300.0138245,40558.5546875,40658.70703125,55.6128691432751,20.5316933978672,8.512546,0,0,0,40,4449,299.90915,40608.630859375,,,,,,,,,,,,,0,,,,31.9161835,,,,,,300.0133667,,,,
,26458896.345,300.01341245,40718.849609375,8.58006059575814,0.00184354101182226,1,0.999253354069792,40.0298881530762,2.00093472664962,14.9299995973706,46.8921986008265,8.63289314324006,250,-0.0108372274239162,8.57837394151142,0.0249848041734418,300.0129089,300.013916,40658.70703125,40778.9921875,55.5222002350443,20.5274607704678,9.256284,0,0,0,40,4449,299.90945,40718.849609375,,,,,,,,,,,,,0,,,,31.9161835,,,,,,300.01341245,,,,
,26458897.45,300.0133667,40834.169921875,8.58038353744929,0.00220969880613727,1,0.999253354069792,40.0298881530762,2.0007983493688,14.9299995973706,46.8909236475143,8.63224013452749,250,-0.010910984689863,8.57869720550763,0.0249117276746655,300.0128174,300.013916,40778.9921875,40889.34765625,55.7371480778328,20.529949199462,9.256284,0,0,0,40,4449,299.9088,40834.169921875,,,,,,,,,,,,,0,,,,31.9161835,,,,,,300.0133667,,,,
,26458898.545,300.01338195,40944.427734375,8.58456353636905,0.00172727080748829,1,0.999253354069792,40.0298881530762,2.0005885741647,14.919999986887,46.9088325821293,8.63631969444492,250,-0.010777000676974,8.58287586922479,0.0250623733206999,300.0128174,300.0139465,40889.34765625,40999.5078125,55.5558102613713,20.5287229214851,8.512546,0,0,0,40,4449,299.90895,40944.427734375,,,,,,,,,,,,,0,,,,31.9161835,,,,,,300.01338195,,,,
,26458899.625,300.01359555,41049.625,8.5864081942976,0.00200672239997117,1,0.999253354069792,40.0298881530762,2.00030891180473,14.919999986887,46.9142468156858,8.62768182462685,250,-0.0124839958967776,8.58472730334073,0.0233624772243249,300.0132446,300.0139465,40999.5078125,41099.7421875,55.5136023213328,20.5300471215809,8.884414,0,0,0,40,4449,299.91065,41049.625,,,,,,,,,,,,,0,,,,31.9161835,,,,,,300.01359555,,,,
,26458900.71,300.01263425,41154.76171875,8.58816827218724,0.00151851112880416,1,0.999253354069792,40.0298881530762,2.00081965589645,14.9299995973706,46.9349274649797,8.63492269797325,250,-0.0118774264994855,8.58648486421751,0.0239755795082658,300.0120239,300.0132446,41099.7421875,41209.78125,55.2720791088905,20.5250658645642,9.256284,0,0,0,40,4449,299.91055,41154.76171875,,,,,,,,,,,,,0,,,,31.9161835,,,,,,300.01263425,,,,
,26458901.775,300.012619,41259.9140625,8.58488709703991,0.00198242905997789,1,0.999253354069792,40.0298881530762,2.0007044131878,14.9299995973706,46.9125700507106,8.64080378426083,250,-0.0101033124975691,8.58319700555738,0.0257350578090804,300.0120239,300.0132141,41209.78125,41310.046875,55.6753994248136,20.5275353952868,8.512546,0,0,0,40,4449,299.90965,41259.9140625,,,,,,,,,,,,,0,,,,31.9161835,,,,,,300.012619,,,,
,26458903.72,300.013916,41460.310546875,8.59120204302598,0.00232843329372668,1,0.999253354069792,40.0298881530762,2.00061460081154,14.9299995973706,46.9452187383107,8.64572424714017,250,-0.0103026176081359,8.58951125155432,0.0255605497004926,300.013916,300.013916,41450.29296875,41470.328125,55.3658745311982,20.5264004960379,8.512546,0,0,0,40,4449,299.91145,41460.310546875,,,,,,,,,,,,,0,,,,31.5973549,,,,,,300.013916,,,,
,26458904.385,300.0132904,41525.4609375,8.58052116548353,0.00307042253367871,1,0.999253354069792,40.0298881530762,2.00068560859053,14.9299995973706,46.8881577466606,8.6370002222526,250,-0.00997449395384243,8.57883130373262,0.0258445896570069,300.0126648,300.013916,41470.328125,41580.59375,56.0177527162367,20.5311983819381,9.256284,0,0,0,40,4449,299.9043,41525.4609375,,,,,,,,,,,,,0,,,,31.9161835,,,,,,300.0132904,,,,
,26458905.47,300.0120392,41630.6640625,8.59585666859321,0.00171384952719764,1,0.999253354069792,40.0298881530762,2.00050302898317,14.919999986887,46.9688483704942,8.64591697585944,250,-0.0110452550072423,8.59416855068758,0.0248383490287722,300.0114136,300.0126648,41580.59375,41680.734375,55.4526352968328,20.5297643255136,8.512546,0,0,0,40,4449,299.8972,41630.6640625,,,,,,,,,,,,,0,,,,31.9161835,,,,,,300.0120392,,,,
,26458906.53,300.01228335,41735.87109375,8.5908217986096,0.00227757437468608,1,0.999253354069792,40.0298881530762,2.0005433069279,14.9299995973706,46.9417459553626,8.64378561639556,250,-0.010532399259155,8.58913253202106,0.025329522205835,300.0114136,300.0131531,41680.734375,41791.0078125,55.0313375249674,20.5342267667022,9.256284,0,0,0,40,4449,299.89615,41735.87109375,,,,,,,,,,,,,0,,,,31.5973549,,,,,,300.01228335,,,,
,26458907.755,300.01376345,41861.1015625,8.59791239425196,0.00203714745044554,1,0.999253354069792,40.0298881530762,2.00038865170849,14.919999986887,46.9787183330339,8.64071879179054,250,-0.0122883854933303,8.59622863170897,0.0236027110248434,300.0131531,300.0143738,41791.0078125,41931.1953125,55.8270353575444,20.528639465792,9.256284,0,0,0,40,4449,299.89565,41861.1015625,,,,,,,,,,,,,0,,,,31.5973549,,,,,,300.01376345,,,,
,26458908.9,300.013443,41976.28515625,8.59266383384348,0.00239820184162038,1,0.999253354069792,40.0298881530762,2.00064746453214,14.9299995973706,46.9534022371498,8.65034201844074,250,-0.00975206533952966,8.59097076372153,0.02611536962437,300.0125122,300.0143738,41931.1953125,42021.375,55.433094583852,20.5276484632765,9.256284,0,0,0,40,4449,299.89895,41976.28515625,,,,,,,,,,,,,0,,,,31.5973549,,,,,,300.013443,,,,
,26458909.955,300.01312255,42081.5078125,8.60111048269924,0.00159062596009472,1,0.999253354069792,40.0298881530762,2.00038925180434,14.919999986887,46.9967240780997,8.64115527002788,250,-0.0127997063208114,8.59942862713372,0.0231025855390345,300.0125122,300.0137329,42021.375,42141.640625,56.8306463762368,20.5254720156604,9.256284,0,0,0,40,4449,299.9011,42081.5078125,,,,,,,,,,,,,0,,,,31.5973549,,,,,,300.01312255,,,,
,26458911.085,300.0132446,42196.736328125,8.59693659014899,0.00211575242025438,1,0.999253354069792,40.0298881530762,2.00049899431127,14.919999986887,46.9758623067535,8.64048488642856,250,-0.0122324127144217,8.59525324039311,0.0236516062698392,300.0127563,300.0137329,42141.640625,42251.83203125,55.4463822686789,20.5262329460233,8.512546,0,0,0,40,4449,299.9008,42196.736328125,,,,,,,,,,,,,0,,,,31.9161835,,,,,,300.0132446,,,,
,26458912.095,300.0129547,42296.947265625,8.60130692361531,0.00186264899779414,1,0.999253354069792,40.0298881530762,2.00062630649406,14.9299995973706,47.001352753776,8.65246042130429,250,-0.0109480808228552,8.5996174903001,0.0249532205066078,300.0127563,300.0131531,42251.83203125,42342.0625,55.7043196800251,20.5292624722374,8.884414,0,0,0,40,4449,299.90095,42296.947265625,,,,,,,,,,,,,0,,,,31.9161835,,,,,,300.0129547,,,,
,26458913.135,300.01290895,42402.24609375,8.59985280892909,0.00247073660063587,1,0.999253354069792,40.0298881530762,2.00061392277703,14.919999986887,46.9933969478124,8.64947270059056,250,-0.0112148370599923,8.59816489162842,0.0246794546167878,300.0126648,300.0131531,42342.0625,42462.4296875,56.0396383147752,20.5315571171999,8.884414,0,0,0,40,4449,299.90295,42402.24609375,,,,,,,,,,,,,0,,,,31.5973549,,,,,,300.01290895,,,,
,26458914.275,300.01309205,42517.46875,8.60207481793574,0.0021645353026341,1,0.999253354069792,40.0298881530762,2.00065188282279,14.9299995973706,47.0050501091046,8.65919470478778,250,-0.00987539510626994,8.6003809156483,0.0260267320472962,300.0126648,300.0135193,42462.4296875,42572.5078125,55.4338762123713,20.5300308004533,8.512546,0,0,0,40,4449,299.9057,42517.46875,,,,,,,,,,,,,0,,,,31.5973549,,,,,,300.01309205,,,,
,26458915.39,300.01342775,42627.65234375,8.60664412456588,0.00217387861993666,1,0.999253354069792,40.0298881530762,2.00051779263663,14.919999986887,47.0281919061112,8.6565075674433,250,-0.0111103060791988,8.6049544044184,0.0248105469947092,300.0133362,300.0135193,42572.5078125,42682.796875,55.9395898643136,20.52523661581,8.512546,0,0,0,40,4449,299.9046,42627.65234375,,,,,,,,,,,,,0,,,,31.9161835,,,,,,300.01342775,,,,
,26458916.5,300.01338195,42738.2109375,8.61031054910497,0.0015928965543333,1,0.999253354069792,40.0298881530762,2.00040641415714,14.9299995973706,47.0462491469134,8.65661908977423,250,-0.0116827520867489,8.60862258191926,0.0242525840213146,300.0133362,300.0134277,42682.796875,42793.625,54.772618485102,20.5285765683218,8.512546,0,0,0,40,4449,299.9059,42738.2109375,,,,,,,,,,,,,0,,,,31.9161835,,,,,,300.01338195,,,,
,26458917.65,300.01393125,42853.810546875,8.60405827850771,0.00267693546386091,1,0.999253354069792,40.0298881530762,2.00040497023865,14.919999986887,47.011207200158,8.65489208652458,250,-0.0108375244516831,8.60236797054093,0.0250705033027363,300.0134277,300.0144348,42793.625,42913.99609375,55.9395898643136,20.5265576393614,8.884414,0,0,0,40,4449,299.90775,42853.810546875,,,,,,,,,,,,,0,,,,31.5973549,,,,,,300.01393125,,,,
,26458918.67,300.0144348,42959.1484375,8.61073146884516,0.00191589525839617,1,0.999253354069792,40.0298881530762,2.00011580108409,14.9299995973706,47.0418824748194,8.65583401158792,250,-0.0116781479278976,8.60904324599919,0.0242570261663959,300.0144348,300.0144348,42913.99609375,43004.30078125,55.2869300507558,20.5306601240393,9.256284,0,0,0,40,4449,299.90885,42959.1484375,,,,,,,,,,,,,0,,,,31.5973549,,,,,,300.0144348,,,,
,26458919.7,300.0137024,43064.41796875,8.61306290077547,0.00158291641499536,1,0.999253354069792,40.0298881530762,2.00042824204862,14.919999986887,47.0634537684525,8.650500610559,250,-0.0133271940678177,8.61138140582929,0.0226171573742099,300.01297,300.0144348,43004.30078125,43124.53515625,55.598799829929,20.5341887465655,8.512546,0,0,0,40,4449,299.91005,43064.41796875,,,,,,,,,,,,,0,,,,31.9161835,,,,,,300.0137024,,,,
,26458920.81,300.01297,43174.693359375,8.6144375173109,0.00158654483063953,1,0.999253354069792,40.0298881530762,2.00058197409248,14.919999986887,47.0732283708669,8.65934728319998,250,-0.0120808524792302,8.61275082411674,0.0238684875717005,300.01297,300.01297,43124.53515625,43224.8515625,55.4276231842174,20.5244791816677,9.256284,0,0,0,40,4449,299.90825,43174.693359375,,,,,,,,,,,,,0,,,,32.2350121,,,,,,300.01297,,,,
,26458921.82,300.01216125,43274.95703125,8.61400583807202,0.00163247213752658,1,0.999253354069792,40.0298881530762,2.00060474547836,14.9299995973706,47.0712232221703,8.65992803421565,250,-0.0119114325495199,8.61231885079807,0.0240353478348254,300.0113525,300.01297,43224.8515625,43325.0625,54.4998301318904,20.5317995534473,8.512546,0,0,0,40,4449,299.90855,43274.95703125,,,,,,,,,,,,,0,,,,32.2350121,,,,,,300.01216125,,,,
,26458922.985,300.01242065,43390.232421875,8.6141267912495,0.00222299562779415,1,0.999253354069792,40.0298881530762,2.00049980622096,14.919999986887,47.0707685514055,8.6526435996515,250,-0.0131852690123763,8.61244510743198,0.0227612761636681,300.0113525,300.0134888,43325.0625,43455.40234375,55.4112089853136,20.5315525234458,8.512546,0,0,0,40,4449,299.91005,43390.232421875,,,,,,,,,,,,,0,,,,31.9161835,,,,,,300.01242065,,,,
,26458925.07,300.0124512,43595.5078125,8.61391431383733,0.00171101401094633,1,0.999253354069792,40.0298881530762,2.00080022757841,14.919999986887,47.0741584435178,8.66631631112777,250,-0.0108735532926742,8.61222317540877,0.0250699795053703,300.0124512,300.0124512,43585.48046875,43605.53515625,54.8726669355635,20.5265590696079,9.256284,0,0,0,40,4449,299.9119,43595.5078125,,,,,,,,,,,,,0,,,,32.2350121,,,,,,300.0124512,,,,
,26458925.595,300.01301575,43650.611328125,8.61213573981068,0.00227109872543927,1,0.999253354069792,40.0298881530762,2.00089535180441,14.919999986887,47.0652454591939,8.67233624076916,250,-0.00951514064777173,8.61043914731002,0.0264203350979688,300.0124512,300.0135803,43605.53515625,43695.6875,55.7441827345059,20.5328402489166,8.884414,0,0,0,40,4449,299.9118,43650.611328125,,,,,,,,,,,,,0,,,,31.9161835,,,,,,300.01301575,,,,
,26458926.635,300.0132446,43755.78125,8.61993157920382,0.00185527231732632,1,0.999253354069792,40.0298881530762,2.00045098819073,14.919999986887,47.099394892198,8.66890821732321,250,-0.0112437454036411,8.61824061713982,0.0247239517534539,300.0129089,300.0135803,43695.6875,43815.875,55.9122328661405,20.5275753417512,9.256284,0,0,0,40,4449,299.91135,43755.78125,,,,,,,,,,,,,0,,,,31.75598815,,,,,,300.0132446,,,,
,26458927.875,300.01274105,43881.041015625,8.62093399769691,0.00172146751574145,1,0.999253354069792,40.0298881530762,2.00056690337714,14.919999986887,47.1074171574136,8.67103552793246,250,-0.0111291390323509,8.6192425841675,0.0248419962582163,300.0125732,300.0129089,43815.875,43946.20703125,56.0474545999675,20.5306286858719,8.512546,0,0,0,40,4449,299.9104,43881.041015625,,,,,,,,,,,,,0,,,,31.75598815,,,,,,300.01274105,,,,
,26458929.025,300.0135345,43996.3125,8.62159819203582,0.00167942324832255,1,0.999253354069792,40.0298881530762,2.000428595547,14.919999986887,47.1089651249116,8.66521693215423,250,-0.0122096809218292,8.61991097375949,0.0237636760073534,300.0125732,300.0144958,43946.20703125,44046.41796875,55.8895656390828,20.5267290254026,8.512546,0,0,0,40,4449,299.91025,43996.3125,,,,,,,,,,,,,0,,,,31.5973549,,,,,,300.0135345,,,,
,26458930.09,300.01403805,44101.490234375,8.62334139227346,0.00170647362265427,1,0.999253354069792,40.0298881530762,2.0007767784679,14.919999986887,47.1260122194105,8.67098115778467,250,-0.0117460004891715,8.62165181391236,0.0242336328552045,300.0135803,300.0144958,44046.41796875,44156.5625,56.0834095118521,20.5244247196641,8.512546,0,0,0,40,4449,299.91155,44101.490234375,,,,,,,,,,,,,0,,,,31.75598815,,,,,,300.01403805,,,,
,26458931.215,300.01408385,44216.775390625,8.62421699138633,0.00196330865772567,1,0.999253354069792,40.0298881530762,2.0007547117326,14.9299995973706,47.1301067447566,8.67276263593209,250,-0.0115642090856654,8.62252656013385,0.0244180261654589,300.0135803,300.0145874,44156.5625,44276.98828125,55.8887840105636,20.531401415372,8.512546,0,0,0,40,4449,299.91315,44216.775390625,,,,,,,,,,,,,0,,,,31.75598815,,,,,,300.01408385,,,,
,26458932.385,300.0144348,44332.083984375,8.62155617766519,0.00257780710193078,1,0.999253354069792,40.0298881530762,2.0005334775111,14.9299995973706,47.107947113718,8.6828536950685,250,-0.00905185179208935,8.61985575853009,0.0269180571311513,300.0142822,300.0145874,44276.98828125,44387.1796875,55.3377359045058,20.5254822117948,9.256284,0,0,0,40,4449,299.91265,44332.083984375,,,,,,,,,,,,,0,,,,31.5973549,,,,,,300.0144348,,,,
,26458933.475,300.0142822,44437.2421875,8.62582001110362,0.0020878699605441,1,0.999253354069792,40.0298881530762,2.0004345531354,14.919999986887,47.1304291092151,8.67887820716859,250,-0.0104928717805572,8.62412485730437,0.0254944379370918,300.0142822,300.0142822,44387.1796875,44487.3046875,55.9161410087367,20.5275255549937,8.512546,0,0,0,40,4449,299.91235,44437.2421875,,,,,,,,,,,,,0,,,,31.5973549,,,,,,300.0142822,,,,
,26458934.515,300.01419065,44542.396484375,8.62809759217818,0.00252205688617672,1,0.999253354069792,40.0298881530762,2.0004870030036,14.9299995973706,47.1460559333247,8.67072781690712,250,-0.0124471520947627,8.62641021773044,0.0235494593656976,300.0140991,300.0142822,44487.3046875,44597.48828125,55.3908866438135,20.5285872655097,8.512546,0,0,0,40,4449,299.91145,44542.396484375,,,,,,,,,,,,,0,,,,31.5973549,,,,,,300.01419065,,,,
,26458935.705,300.01455685,44662.607421875,8.63348120282347,0.00179048421494983,1,0.999253354069792,40.0298881530762,2.00039317865876,14.919999986887,47.1752374051362,8.6653798607276,250,-0.0143510947695364,8.63180063089066,0.0216677105917669,300.0140991,300.0150146,44597.48828125,44727.7265625,55.6370996273713,20.525889287394,9.256284,0,0,0,40,4449,299.9102,44662.607421875,,,,,,,,,,,,,0,,,,31.5973549,,,,,,300.01455685,,,,
,26458936.765,300.0150146,44767.830078125,8.63220687264119,0.0021337645804286,1,0.999253354069792,40.0298881530762,2.00019091206627,14.9299995973706,47.1608639297317,8.67813806067114,250,-0.0116220844881148,8.63051508013821,0.0243903012171087,300.0150146,300.0150146,44727.7265625,44807.93359375,56.2209761312367,20.5321698257881,8.512546,0,0,0,40,4449,299.909,44767.830078125,,,,,,,,,,,,,0,,,,31.5973549,,,,,,300.0150146,,,,
,26458937.775,300.0152435,44868.087890625,8.6345259034256,0.00161415544111966,1,0.999253354069792,40.0298881530762,2.00051704100316,14.919999986887,47.1816364353442,8.67858213436064,250,-0.0122226059228397,8.63283613384645,0.0237989635693971,300.0150146,300.0154724,44807.93359375,44928.2421875,55.9153593802175,20.5308554266611,8.512546,0,0,0,40,4449,299.90845,44868.087890625,,,,,,,,,,,,,0,,,,31.5973549,,,,,,300.0152435,,,,
,26458940.025,300.01553345,45012.953125,8.63332518145491,0.0020677739663569,1,0.999253354069792,40.0298881530762,2.00033755479687,14.919999986887,47.1696190851912,8.68379344149173,250,-0.0109060339670754,8.63163016246052,0.0251092866152296,300.0147705,300.0162964,45000.7265625,45025.1796875,55.6316282277367,20.5292586061077,8.512546,0,0,0,40,4417,299.9083,45012.953125,,,,,,,,,,,,,0,,,,31.9161835,,,,,,300.01553345,,,,
,26458953.83,300.0192261,44964.638671875,8.63638708877815,0.00173850056699568,1,0.999253354069792,40.0298881530762,2.0005687277787,14.9299995973706,47.1939722309559,8.67536139885795,250,-0.0131971429257173,8.63469972803411,0.0228325245747301,300.0192261,300.0192261,44956.6328125,44972.64453125,55.0477517238712,20.5327345641306,8.512546,0,0,0,40,4449,299.90275,44964.638671875,,,,,,,,,,,,,0,,,,31.5973549,,,,,,300.0192261,,,,
,26458954.525,300.0188446,44904.728515625,8.63630685603651,0.00157164949411602,1,0.999253354069792,40.0298881530762,2.00026017990317,14.919999986887,47.1846390242599,8.68368826447124,250,-0.0114193587023192,8.63461218835296,0.0246099147168555,300.0184631,300.0192261,44852.82421875,44956.6328125,55.6832157100059,20.528529798834,9.256284,0,0,0,40,4449,299.90355,44904.728515625,,,,,,,,,,,,,0,,,,31.75598815,,,,,,300.0188446,,,,
,26458956.625,300.0187683,44711.5390625,8.63334519345026,0.00166245882971745,1,0.999253354069792,40.0298881530762,2.00053317947719,14.919999986887,47.1757832341482,8.67619619397514,250,-0.012454737879568,8.63165531490327,0.0235639848466007,300.0187683,300.0187683,44701.89453125,44721.18359375,55.341644047102,20.5289451417896,8.512546,0,0,0,40,4449,299.90165,44711.5390625,,,,,,,,,,,,,0,,,,31.5973549,,,,,,300.0187683,,,,
,26458957.345,300.0189209,44642.861328125,8.63257408926258,0.00181397136407833,1,0.999253354069792,40.0298881530762,2.00051196019839,14.9299995973706,47.1714590910365,8.67329466232566,250,-0.0128269177886381,8.63088582821695,0.0231891062710004,300.0187683,300.0190735,44583.828125,44701.89453125,55.2775505085251,20.5300969136536,9.256284,0,0,0,40,4449,299.90185,44642.861328125,,,,,,,,,,,,,0,,,,31.9161835,,,,,,300.0189209,,,,
,26458958.46,300.01913455,44534.0859375,8.62901379320503,0.00190654885413138,1,0.999253354069792,40.0298881530762,2.00086210781464,14.9299995973706,47.1588752906829,8.67752099164019,250,-0.0116649592986652,8.62732125326455,0.0243368362373876,300.0190735,300.0191956,44484.34375,44583.828125,56.0834095118521,20.525343399204,9.256284,0,0,0,40,4449,299.90105,44534.0859375,,,,,,,,,,,,,0,,,,32.2350121,,,,,,300.01913455,,,,
,26458959.52,300.0184784,44424.703125,8.62625588069633,0.00213155720957408,1,0.999253354069792,40.0298881530762,2.00051726146498,14.919999986887,47.1358808522667,8.67330690120498,250,-0.0116588754538751,8.62456401783242,0.0243320717429446,300.0177612,300.0191956,44365.0625,44484.34375,55.2329976829289,20.5256633839491,8.512546,0,0,0,40,4449,299.9017,44424.703125,,,,,,,,,,,,,0,,,,31.9161835,,,,,,300.0184784,,,,
,26458960.63,300.01826475,44315.3125,8.63107318770179,0.0015697428067668,1,0.999253354069792,40.0298881530762,2.00028199402825,14.919999986887,47.1580708086905,8.67028744322306,250,-0.0129236673218463,8.62938561412023,0.0230885098451303,300.0177612,300.0187683,44265.5625,44365.0625,56.2170679886406,20.530724178947,8.512546,0,0,0,40,4449,299.9008,44315.3125,,,,,,,,,,,,,0,,,,31.5973549,,,,,,300.01826475,,,,
,26458961.585,300.0186157,44220.732421875,8.62674077329611,0.0018569072832958,1,0.999253354069792,40.0298881530762,2.00054484519926,14.9299995973706,47.139464391892,8.67228408445766,250,-0.011959153119417,8.62504984565568,0.0240357260851525,300.0184631,300.0187683,44175.90234375,44265.5625,55.585512145102,20.5284354130578,9.256284,0,0,0,40,4449,299.8985,44220.732421875,,,,,,,,,,,,,0,,,,31.9161835,,,,,,300.0186157,,,,
,26458962.625,300.0184326,44116.26953125,8.6273832877582,0.0015892404986116,1,0.999253354069792,40.0298881530762,2.00079778868445,14.919999986887,47.1497994049831,8.66852853322682,250,-0.0129620268295205,8.62569640082751,0.023036493125193,300.0184021,300.0184631,44056.63671875,44175.90234375,55.2040774277174,20.5241721382852,8.512546,0,0,0,40,4449,299.8982,44116.26953125,,,,,,,,,,,,,0,,,,32.2350121,,,,,,300.0184326,,,,
,26458963.725,300.01828005,44006.837890625,8.6248389188472,0.00168426374916128,1,0.999253354069792,40.0298881530762,2.00048704804814,14.9299995973706,47.1277829165438,8.6699215996337,250,-0.0119958334303063,8.62314848864401,0.0239926527205473,300.018158,300.0184021,43957.0390625,44056.63671875,55.5714428317559,20.5288146438306,8.512546,0,0,0,40,4449,299.898,44006.837890625,,,,,,,,,,,,,0,,,,31.9161835,,,,,,300.01828005,,,,
,26458964.755,300.01805115,43902.384765625,8.62522157797099,0.00140401008213091,1,0.999253354069792,40.0298881530762,2.00047556532277,14.919999986887,47.1303256643561,8.66639856342525,250,-0.0127036193383213,8.62353402045361,0.0232874053878605,300.0179443,300.018158,43847.73046875,43957.0390625,55.7785743893521,20.53054560502,8.512546,0,0,0,40,4449,299.8974,43902.384765625,,,,,,,,,,,,,0,,,,31.9161835,,,,,,300.01805115,,,,
,26458965.945,300.0177612,43787.990234375,8.61949138639769,0.0018967167040027,1,0.999253354069792,40.0298881530762,2.00068388306637,14.919999986887,47.1001211953739,8.68133827718841,250,-0.00906781291140908,8.6177898950276,0.0268986953209382,300.0175781,300.0179443,43728.25,43847.73046875,55.3181951915251,20.5291389767326,9.256284,0,0,0,40,4449,299.90205,43787.990234375,,,,,,,,,,,,,0,,,,31.9161835,,,,,,300.0177612,,,,
,26458967.175,300.0180206,43668.572265625,8.62234273604641,0.00146537606569295,1,0.999253354069792,40.0298881530762,2.00046772356418,14.919999986887,47.1135720192856,8.66801901628592,250,-0.011867376005408,8.62065226014374,0.0241116764687015,300.0175781,300.0184631,43608.89453125,43728.25,56.0427648288521,20.5305786729559,9.256284,0,0,0,40,4449,299.90725,43668.572265625,,,,,,,,,,,,,0,,,,31.9161835,,,,,,300.0180206,,,,
,26458968.345,300.01823425,43549.16796875,8.61916210526524,0.00192982714908083,1,0.999253354069792,40.0298881530762,2.00050122370492,14.919999986887,47.0965763126133,8.66703520120872,250,-0.0114846065780337,8.6174705138207,0.0244820670951388,300.0180054,300.0184631,43489.44140625,43608.89453125,56.1381235081982,20.5292368212374,8.512546,0,0,0,40,4449,299.90615,43549.16796875,,,,,,,,,,,,,0,,,,31.9161835,,,,,,300.01823425,,,,
,26458969.555,300.0178528,43424.744140625,8.61985823338089,0.00182219020112617,1,0.999253354069792,40.0298881530762,2.00029434155606,14.919999986887,47.0960123256693,8.66481255466836,250,-0.0118616335259248,8.61816810156878,0.0241090108555809,300.0177002,300.0180054,43360.046875,43489.44140625,55.6277200851405,20.5336253786758,9.256284,0,0,0,40,4449,299.90515,43424.744140625,,,,,,,,,,,,,0,,,,31.5973549,,,,,,300.0178528,,,,
,26458970.785,300.01853945,43305.275390625,8.61707397688744,0.00233588022988495,1,0.999253354069792,40.0298881530762,2.00075559771542,14.9299995973706,47.0917590554535,8.66191809621321,250,-0.0122328140802968,8.61538562262261,0.0237274954950427,300.0177002,300.0193787,43250.50390625,43360.046875,55.5190737209674,20.5314010267292,8.512546,0,0,0,40,4449,299.90235,43305.275390625,,,,,,,,,,,,,0,,,,31.9161835,,,,,,300.01853945,,,,
,26458971.86,300.0193329,43200.681640625,8.61720587423943,0.00192757094826906,1,0.999253354069792,40.0298881530762,2.00043214656523,14.919999986887,47.0851836735733,8.66000311038546,250,-0.0123590192709124,8.61551766121553,0.0236029867319158,300.0192871,300.0193787,43150.859375,43250.50390625,55.6730545392559,20.5343510350552,9.256284,0,0,0,40,4449,299.89945,43200.681640625,,,,,,,,,,,,,0,,,,31.9161835,,,,,,300.0193329,,,,
,26458972.875,300.01924135,43096.05078125,8.61497944269097,0.00163560198461383,1,0.999253354069792,40.0298881530762,2.00047810509523,14.919999986887,47.0736244338132,8.66037436252953,250,-0.011914521507349,8.61328978082318,0.0240388655302822,300.0191956,300.0192871,43041.2421875,43150.859375,55.7449643630251,20.5279553582197,8.512546,0,0,0,40,4449,299.8991,43096.05078125,,,,,,,,,,,,,0,,,,31.5973549,,,,,,300.01924135,,,,
,26458974.025,300.01908875,42981.443359375,8.61300493585479,0.00165512287435388,1,0.999253354069792,40.0298881530762,2.00058656974808,14.9299995973706,47.0641466278526,8.66518869893097,250,-0.0107519252263746,8.61131077697521,0.0251939572762764,300.0189819,300.0191956,42921.64453125,43041.2421875,55.5737877173136,20.5310521009339,9.256284,0,0,0,40,4449,299.89775,42981.443359375,,,,,,,,,,,,,0,,,,31.9161835,,,,,,300.01908875,,,,
,26458975.205,300.01829525,42866.525390625,8.61216267767496,0.00177135454587639,1,0.999253354069792,40.0298881530762,2.00044621406371,14.919999986887,47.0577954026026,8.6558291196331,250,-0.0122017046373513,8.61047489442474,0.0237419701413742,300.0176086,300.0189819,42811.40625,42921.64453125,55.5167288354097,20.5316206014883,9.256284,0,0,0,40,4449,299.8961,42866.525390625,,,,,,,,,,,,,0,,,,31.9161835,,,,,,300.01829525,,,,
,26458976.345,300.0185089,42751.5078125,8.60393103071545,0.00268652784040944,1,0.999253354069792,40.0298881530762,2.0006236418522,14.919999986887,47.0160140105849,8.65297562336878,250,-0.0113357193714081,8.60224113769995,0.0245743698958567,300.0176086,300.0194092,42691.609375,42811.40625,55.8880023820444,20.5271894049568,8.512546,0,0,0,40,4449,299.89495,42751.5078125,,,,,,,,,,,,,0,,,,31.5973549,,,,,,300.0185089,,,,
,26458977.93,300.01898195,42591.82421875,8.60737135983839,0.00165821364571574,1,0.999253354069792,40.0298881530762,2.00071989801712,14.919999986887,47.0353934431545,8.66560354567094,250,-0.00973756511064815,8.60567384477938,0.0261876850468164,300.0185547,300.0194092,42492.0390625,42691.609375,55.9177042657751,20.5272691075442,8.512546,0,0,0,40,4449,299.89465,42591.82421875,,,,,,,,,,,,,0,,,,31.9161835,,,,,,300.01898195,,,,
,26458979.43,300.01831055,42442.130859375,8.6072115754351,0.00197810213086786,1,0.999253354069792,40.0298881530762,2.00046649079188,14.919999986887,47.0309036489677,8.65256404950833,250,-0.0119001863517009,8.6055232293663,0.0240259059522912,300.0180664,300.0185547,42392.22265625,42492.0390625,55.5847305165828,20.5291408481708,8.512546,0,0,0,40,4449,299.89425,42442.130859375,,,,,,,,,,,,,0,,,,32.2350121,,,,,,300.01831055,,,,
,26458980.505,300.01808165,42332.36328125,8.60114149021764,0.00234880128282815,1,0.999253354069792,40.0298881530762,2.00057239540527,14.919999986887,46.9993671877251,8.65118978126006,250,-0.0111089767769667,8.59945105114404,0.0247925550350385,300.0180664,300.0180969,42272.50390625,42392.22265625,55.5769142313905,20.5314283397658,9.256284,0,0,0,40,4449,299.8929,42332.36328125,,,,,,,,,,,,,0,,,,32.2350121,,,,,,300.01808165,,,,
,26458981.59,300.01815795,42222.685546875,8.60301184756067,0.00213864870054586,1,0.999253354069792,40.0298881530762,2.00060277165269,14.919999986887,47.0122545165572,8.64256304469793,250,-0.0130592108344571,8.60132905637636,0.022851468157998,300.0180969,300.018219,42172.8671875,42272.50390625,55.4237150416212,20.5295166935789,8.884414,0,0,0,40,4449,299.89145,42222.685546875,,,,,,,,,,,,,0,,,,31.9161835,,,,,,300.01815795,,,,
,26458982.695,300.0181885,42113.009765625,8.60018791716279,0.00193529801736824,1,0.999253354069792,40.0298881530762,2.00088316471394,14.9299995973706,47.002347053543,8.64573630610231,250,-0.0121718086654379,8.59850189921543,0.0237277802488621,300.018158,300.018219,42053.15234375,42172.8671875,55.6019263440059,20.5295919270516,9.256284,0,0,0,40,4449,299.8905,42113.009765625,,,,,,,,,,,,,0,,,,31.9161835,,,,,,300.0181885,,,,
,26458983.93,300.01875305,41993.330078125,8.59842542037292,0.00193063434570673,1,0.999253354069792,40.0298881530762,2.00069050375589,14.919999986887,46.987107279684,8.64959999209681,250,-0.0109902943818756,8.59673454845516,0.0249027402999257,300.018158,300.0193481,41933.5078125,42053.15234375,55.3666561597174,20.5313390909049,8.512546,0,0,0,40,4449,299.88885,41993.330078125,,,,,,,,,,,,,0,,,,32.2350121,,,,,,300.01875305,,,,
,26458984.99,300.0193481,41888.6328125,8.60012105716662,0.00159083313645088,1,0.999253354069792,40.0298881530762,2.00060300995111,14.919999986887,46.9948434248756,8.64837539978965,250,-0.0114621512066811,8.59843154213874,0.0244389116601455,300.0193481,300.0193481,41843.7578125,41933.5078125,55.8786228398136,20.5303234611804,8.512546,0,0,0,40,4449,299.8878,41888.6328125,,,,,,,,,,,,,0,,,,31.9161835,,,,,,300.0193481,,,,
,26458986.03,300.01847835,41783.888671875,8.59858371833759,0.00209887865577025,1,0.999253354069792,40.0298881530762,2.00062680917206,14.919999986887,46.9868272315488,8.64780061511876,250,-0.0113015086968636,8.59689404412962,0.0245938904319178,300.0176086,300.0193481,41724.01953125,41843.7578125,53.7869849223518,20.5324159753448,8.512546,0,0,0,40,4449,299.88725,41783.888671875,,,,,,,,,,,,,0,,,,31.5973549,,,,,,300.01847835,,,,
,26458987.225,300.01751705,41664.16015625,8.59560381038396,0.00199137910934877,1,0.999253354069792,40.0298881530762,2.00044847308634,14.919999986887,46.9681041988328,8.63520452313693,250,-0.0129182040004169,8.59392171032268,0.0229659339437583,300.0174255,300.0176086,41604.30078125,41724.01953125,55.0758903505635,20.5317057474943,8.512546,0,0,0,40,4449,299.88695,41664.16015625,,,,,,,,,,,,,0,,,,31.9161835,,,,,,300.01751705,,,,
,26458988.38,300.0170288,41549.38671875,8.59332445127408,0.00248441876636578,1,0.999253354069792,40.0298881530762,2.00059391374473,14.919999986887,46.9577197115794,8.64030990178434,250,-0.011673805214257,8.59163770451519,0.0242012707407179,300.0166321,300.0174255,41494.47265625,41604.30078125,55.2798953940828,20.528975534007,8.512546,0,0,0,40,4449,299.88745,41549.38671875,,,,,,,,,,,,,0,,,,32.2350121,,,,,,300.0170288,,,,
,26458989.45,300.0158844,41444.607421875,8.59808374869108,0.00132875676000155,1,0.999253354069792,40.0298881530762,2.00051987273306,14.9299995973706,46.9818868069043,8.64557338551985,250,-0.0115366503145294,8.59639574071567,0.0243592127198863,300.0151367,300.0166321,41394.7421875,41494.47265625,56.0669953129482,20.5278884118236,8.512546,0,0,0,40,4449,299.88575,41444.607421875,,,,,,,,,,,,,0,,,,31.9161835,,,,,,300.0158844,,,,
,26458990.515,300.01608275,41334.896484375,8.59190666574127,0.00215514955197413,1,0.999253354069792,40.0298881530762,2.00046101979954,14.9299995973706,46.947840313691,8.6334320836446,250,-0.0125694186985378,8.59022407054131,0.0233017387496576,300.0151367,300.0170288,41275.05078125,41394.7421875,55.5503388617366,20.5349819398559,8.512546,0,0,0,40,4449,299.8848,41334.896484375,,,,,,,,,,,,,0,,,,31.5973549,,,,,,300.01608275,,,,
,26458991.5,300.0164337,41235.1484375,8.58700130456856,0.00203597587378919,1,0.999253354069792,40.0298881530762,2.00097697176596,14.919999986887,46.9308289301134,8.64147128729612,250,-0.0105866059280221,8.58531123709337,0.0252644492207539,300.0158386,300.0170288,41195.24609375,41275.05078125,55.2158018555058,20.5301460910786,9.256284,0,0,0,40,4449,299.88405,41235.1484375,,,,,,,,,,,,,0,,,,31.5973549,,,,,,300.0164337,,,,
,26458992.5,300.01655575,41135.40625,8.59068692208871,0.00155992167010833,1,0.999253354069792,40.0298881530762,2.00082159787909,14.919999986887,46.9488138667312,8.63699700741587,250,-0.0119698902200589,8.58900177451144,0.0238975866304214,300.0158386,300.0172729,41075.56640625,41195.24609375,55.6331914847751,20.5284368347782,8.884414,0,0,0,40,4449,299.88345,41135.40625,,,,,,,,,,,,,0,,,,31.75598815,,,,,,300.01655575,,,,
,26458993.635,300.01618955,41020.740234375,8.59117669817945,0.00203858605716645,1,0.999253354069792,40.0298881530762,2.00020050630095,14.9299995973706,46.9371010735426,8.63586561684971,250,-0.0117900579895838,8.58949075339664,0.0240800936037866,300.0151062,300.0172729,40965.9140625,41075.56640625,55.0758903505635,20.5297587519623,9.256284,0,0,0,40,4449,299.8842,41020.740234375,,,,,,,,,,,,,0,,,,31.9146214,,,,,,300.01618955,,,,
,26458994.68,300.01560975,40920.919921875,8.58798144017788,0.00188084360134202,1,0.999253354069792,40.0298881530762,2.00040616228979,14.919999986887,46.9242113383882,8.63425098165029,250,-0.0116522725610037,8.58629569244676,0.0242051053476453,300.0151062,300.0161133,40875.92578125,40965.9140625,55.1821918291789,20.5336781836075,8.512546,0,0,0,40,4449,299.88475,40920.919921875,,,,,,,,,,,,,0,,,,32.07481675,,,,,,300.01560975,,,,
,26458995.75,300.0164032,40816.03515625,8.58700812508226,0.001713528470589,1,0.999253354069792,40.0298881530762,2.00052220977613,14.919999986887,46.9215618592837,8.63366677139489,250,-0.0116688156032783,8.58532232064547,0.0241852481753406,300.0161133,300.0166931,40756.14453125,40875.92578125,55.8067130160444,20.5304427025796,9.256284,0,0,0,40,4449,299.88445,40816.03515625,,,,,,,,,,,,,0,,,,32.2350121,,,,,,300.0164032,,,,
,26458996.835,300.0162201,40706.265625,8.58677952271678,0.00192901844376359,1,0.999253354069792,40.0298881530762,2.00037827268096,14.9299995973706,46.9167317394824,8.63439722514389,250,-0.0113826620073593,8.58509255136361,0.0244711900786905,300.0157471,300.0166931,40656.38671875,40756.14453125,55.5159472068905,20.528546609193,9.256284,0,0,0,40,4449,299.884,40706.265625,,,,,,,,,,,,,0,,,,32.07481675,,,,,,300.0162201,,,,
,26458997.89,300.01599125,40601.4296875,8.58059760672115,0.00222887067157579,1,0.999253354069792,40.0298881530762,2.00052343280187,14.919999986887,46.8865575818408,8.62724551014459,250,-0.0116581174633711,8.57891304153792,0.0241706617614388,300.0157471,300.0162354,40546.47265625,40656.38671875,55.8051497590059,20.5312079561467,8.512546,0,0,0,40,4449,299.88415,40601.4296875,,,,,,,,,,,,,0,,,,31.75598815,,,,,,300.01599125,,,,
,26458999.08,300.01568605,40481.576171875,8.58016478271136,0.00189809423891945,1,0.999253354069792,40.0298881530762,2.00057194799687,14.919999986887,46.8857748905057,8.62445834292736,250,-0.0121260230101477,8.578482295313,0.0237016715807184,300.0151367,300.0162354,40416.6796875,40546.47265625,55.5237634920828,20.5268086469954,8.512546,0,0,0,40,4449,299.8854,40481.576171875,,,,,,,,,,,,,0,,,,31.9161835,,,,,,300.01568605,,,,
,26459000.33,300.0153198,40356.853515625,8.578649975741,0.00212541905180758,1,0.999253354069792,40.0298881530762,2.00056257177901,14.919999986887,46.8768513670592,8.62522667657475,250,-0.0116980845678481,8.57696605039919,0.0241239642130794,300.0151367,300.0155029,40297.02734375,40416.6796875,55.1149717765251,20.5315045413832,9.256284,0,0,0,40,4449,299.8859,40356.853515625,,,,,,,,,,,,,0,,,,32.2350121,,,,,,300.0153198,,,,
,26459001.415,300.0151825,40247.123046875,8.57947618242282,0.00206359189032577,1,0.999253354069792,40.0298881530762,2.00049906267113,14.919999986887,46.8798151119365,8.62632978979159,250,-0.0116015099046155,8.57779163152778,0.0242250060745482,300.0148621,300.0155029,40197.21875,40297.02734375,56.5172133400252,20.5190995635267,8.512546,0,0,0,40,4449,299.88375,40247.123046875,,,,,,,,,,,,,0,,,,32.2350121,,,,,,300.0151825,,,,
,26459002.49,300.0148926,40137.291015625,8.5783174737067,0.00191400665052948,1,0.999253354069792,40.0298881530762,2.00073754109306,14.919999986887,46.8784382497532,8.62882137978261,250,-0.011114756282285,8.57663115332315,0.0247074809790133,300.0148621,300.0149231,40077.36328125,40197.21875,55.6214670569867,20.5301857445418,8.512546,0,0,0,40,4449,299.8843,40137.291015625,,,,,,,,,,,,,0,,,,32.2350121,,,,,,300.0148926,,,,
,26459003.685,300.0151062,40022.48828125,8.58049573258883,0.00173220322651857,1,0.999253354069792,40.0298881530762,2.00044299013601,14.919999986887,46.8849459290633,8.62258199179001,250,-0.0124346460983885,8.57881436566359,0.0233974822173474,300.0149231,300.0152893,39967.61328125,40077.36328125,55.3103789063328,20.5341581371064,9.256284,0,0,0,40,4449,299.886,40022.48828125,,,,,,,,,,,,,0,,,,32.07481675,,,,,,300.0151062,,,,
,26459004.695,300.01426695,39922.609375,8.57343942887123,0.00208841934457432,1,0.999253354069792,40.0298881530762,2.00042407518344,14.919999986887,46.8436507134703,8.62785970717353,250,-0.0101465218104481,8.57175011820976,0.0256565157956713,300.0132446,300.0152893,39877.60546875,39967.61328125,55.8332883856982,20.5377829002068,8.512546,0,0,0,40,4449,299.8848,39922.609375,,,,,,,,,,,,,0,,,,32.07481675,,,,,,300.01426695,,,,
,26459005.75,300.01341245,39812.74609375,8.5701792005944,0.00232153320234748,1,0.999253354069792,40.0298881530762,2.0005741751009,14.919999986887,46.8322645389843,8.60902231236101,250,-0.0131065465795025,8.56850310439501,0.0226842579927614,300.0132446,300.0135803,39747.88671875,39877.60546875,56.0021201458521,20.5275047686688,9.256284,0,0,0,40,4449,299.88445,39812.74609375,,,,,,,,,,,,,0,,,,31.9161835,,,,,,300.01341245,,,,
,26459006.99,300.0132599,39687.982421875,8.56398358982089,0.00237474992447716,1,0.999253354069792,40.0298881530762,2.00074995284475,14.9299995973706,46.7984441483946,8.62495788750129,250,-0.00917678603508222,8.56229231062052,0.0265881073299564,300.0129395,300.0135803,39628.078125,39747.88671875,55.3189768200443,20.5329160765781,8.512546,0,0,0,40,4449,299.885,39687.982421875,,,,,,,,,,,,,0,,,,31.5973549,,,,,,300.0132599,,,,
,26459008.07,300.01309205,39582.736328125,8.56420483450032,0.00252335953010841,1,0.999253354069792,40.0298881530762,2.00093174081812,14.9299995973706,46.8051302403044,8.61875805493952,250,-0.0104929387065111,8.5625189969006,0.0252738036660167,300.0129395,300.0132446,39537.39453125,39628.078125,55.9044165809482,20.529111147041,9.256284,0,0,0,40,4449,299.8853,39582.736328125,,,,,,,,,,,,,0,,,,31.5973549,,,,,,300.01309205,,,,
,26459009.105,300.0132904,39482.35546875,8.56848599154211,0.00175694172306844,1,0.999253354069792,40.0298881530762,2.00066226436319,14.9299995973706,46.823350409234,8.61669992030555,250,-0.0114567246903599,8.56680321246857,0.0243284996176967,300.0132446,300.0133362,39427.31640625,39537.39453125,55.6777443103713,20.530863648318,9.256284,0,0,0,40,4449,299.88715,39482.35546875,,,,,,,,,,,,,0,,,,31.9161835,,,,,,300.0132904,,,,
,26459010.18,300.01260375,39372.3359375,8.56227739948076,0.00209529326597843,1,0.999253354069792,40.0298881530762,2.00089636900145,14.9299995973706,46.7946006104906,8.6123002697873,250,-0.0112913505802427,8.56059534068616,0.0244685401203453,300.0118713,300.0133362,39317.35546875,39427.31640625,55.2744239944482,20.5288397912079,8.512546,0,0,0,40,4449,299.8879,39372.3359375,,,,,,,,,,,,,0,,,,32.2350121,,,,,,300.01260375,,,,
,26459011.305,300.0120697,39257.390625,8.55858609189381,0.00244029086529353,1,0.999253354069792,40.0298881530762,2.00082765458368,14.9299995973706,46.7727092090283,8.60912131129201,250,-0.011136969624201,8.55690421337895,0.0246084072782985,300.0118713,300.0122681,39197.42578125,39317.35546875,55.7176073648521,20.5305061426921,8.512546,0,0,0,40,4449,299.8867,39257.390625,,,,,,,,,,,,,0,,,,32.2350121,,,,,,300.0120697,,,,
,26459012.395,300.01249695,39152.4921875,8.56720769795738,0.00146738677090184,1,0.999253354069792,40.0298881530762,2.00076298099832,14.919999986887,46.8188950817243,8.61458263737895,250,-0.0116869953862894,8.56552616524008,0.0240952875151267,300.0122681,300.0127258,39107.55859375,39197.42578125,55.8504842131213,20.5347102255077,8.512546,0,0,0,40,4449,299.88605,39152.4921875,,,,,,,,,,,,,0,,,,31.9161835,,,,,,300.01249695,,,,
,26459013.48,300.012619,39047.634765625,8.56414922755855,0.00165697061499455,1,0.999253354069792,40.0298881530762,2.00056420440008,14.919999986887,46.7981722058888,8.60784594804403,250,-0.0122011016165243,8.5624703500579,0.0235692576699753,300.0125122,300.0127258,38987.7109375,39107.55859375,55.0665108083327,20.5350070018858,9.256284,0,0,0,40,4449,299.8857,39047.634765625,,,,,,,,,,,,,0,,,,31.5973549,,,,,,300.012619,,,,
,26459014.58,300.01182555,38932.783203125,8.56372084581118,0.00224104741028648,1,0.999253354069792,40.0298881530762,2.00037334325158,14.9299995973706,46.7909438286164,8.60951040581767,250,-0.0116712880044126,8.56204001379207,0.0240980018581324,300.0111389,300.0125122,38877.85546875,38987.7109375,55.7379297063521,20.531450667387,8.512546,0,0,0,40,4449,299.88525,38932.783203125,,,,,,,,,,,,,0,,,,31.5973549,,,,,,300.01182555,,,,
,26459015.655,300.01142885,38822.890625,8.56193622508719,0.00204060705463073,1,0.999253354069792,40.0298881530762,2.00040572048616,14.919999986887,46.7835869254506,8.59892289509563,250,-0.013304038565211,8.56026264460157,0.0224586888029807,300.0111389,300.0117188,38767.92578125,38877.85546875,56.3882446343521,20.5318726704197,9.256284,0,0,0,40,4449,299.88645,38822.890625,,,,,,,,,,,,,0,,,,31.9161835,,,,,,300.01142885,,,,
,26459016.855,300.01121525,38703.130859375,8.55806642652868,0.00224500887261582,1,0.999253354069792,40.0298881530762,2.00046017843694,14.919999986887,46.762775206243,8.60015935099525,250,-0.0124025478745747,8.55638987482837,0.023344411557664,300.0107117,300.0117188,38638.3359375,38767.92578125,55.7691948471213,20.5312866941157,8.512546,0,0,0,40,4449,299.888,38703.130859375,,,,,,,,,,,,,0,,,,31.9161835,,,,,,300.01121525,,,,
,26459017.965,300.0107727,38593.34765625,8.54849714614681,0.00255440477360991,1,0.999253354069792,40.0298881530762,2.00083250285799,14.9299995973706,46.7162729200759,8.60660112475509,250,-0.00973566847973598,8.54681145156761,0.0259715815219757,300.0107117,300.0108337,38548.359375,38638.3359375,55.4166803849482,20.5344001244646,8.884414,0,0,0,40,4449,299.8875,38593.34765625,,,,,,,,,,,,,0,,,,31.5973549,,,,,,300.0107727,,,,
,26459019.075,300.010849,38483.466796875,8.54873116273319,0.00253142304585913,1,0.999253354069792,40.0298881530762,2.0008473499471,14.9299995973706,46.718864433061,8.60163935888148,250,-0.01069914314017,8.54704936572407,0.0250098586428344,300.0108337,300.0108643,38418.57421875,38548.359375,55.8411046708905,20.5304061102105,8.512546,0,0,0,40,4449,299.88855,38483.466796875,,,,,,,,,,,,,0,,,,31.5973549,,,,,,300.010849,,,,
,26459020.295,300.0112305,38358.658203125,8.55048622250347,0.0022447309130096,1,0.999253354069792,40.0298881530762,2.000729747539,14.9299995973706,46.7258502023658,8.60252124412275,250,-0.0107736746812622,8.54880418799486,0.0249434488079866,300.0108643,300.0115967,38298.7421875,38418.57421875,55.4033927001213,20.529385323446,9.256284,0,0,0,40,4449,299.8889,38358.658203125,,,,,,,,,,,,,0,,,,31.5973549,,,,,,300.0112305,,,,
,26459021.405,300.0107422,38248.84765625,8.54783479993416,0.0021608612577606,1,0.999253354069792,40.0298881530762,2.0008068914972,14.919999986887,46.7121856263876,8.60520018133339,250,-0.00985172638262732,8.54614952917998,0.0258549181304691,300.0098877,300.0115967,38198.953125,38298.7421875,55.9575673202559,20.5325004084495,8.512546,0,0,0,40,4449,299.8885,38248.84765625,,,,,,,,,,,,,0,,,,31.5973549,,,,,,300.0107422,,,,
,26459022.415,300.0098572,38148.955078125,8.55535945402706,0.0015799279812752,1,0.999253354069792,40.0298881530762,2.00026442701758,14.919999986887,46.7434891520647,8.59681582106115,250,-0.012366056708282,8.55368339750996,0.023373026209292,300.0098267,300.0098877,38098.95703125,38198.953125,55.4964064939097,20.5247159610324,8.512546,0,0,0,40,4449,299.88965,38148.955078125,,,,,,,,,,,,,0,,,,31.5973549,,,,,,300.0098572,,,,
,26459023.555,300.00973515,38034.017578125,8.55102995143119,0.0019258045537934,1,0.999253354069792,40.0298881530762,2.00037403116145,14.9299995973706,46.7229803923042,8.58941341127147,250,-0.0130031983198803,8.54935740418754,0.0227186104878374,300.0096436,300.0098267,37969.078125,38098.95703125,55.4909350942751,20.5351732468271,8.884414,0,0,0,40,4449,299.8902,38034.017578125,,,,,,,,,,,,,0,,,,31.9161835,,,,,,300.00973515,,,,
,26459024.695,300.0096436,37919.244140625,8.54669641377754,0.00219658730227989,1,0.999253354069792,40.0298881530762,2.00081641430074,14.919999986887,46.706305705952,8.60342792847909,250,-0.00997432664556866,8.54501204402693,0.0257295466906934,300.0096436,300.0096436,37869.41015625,37969.078125,56.3702671784098,20.5350484095481,9.256284,0,0,0,40,4449,299.89005,37919.244140625,,,,,,,,,,,,,0,,,,32.2350121,,,,,,300.0096436,,,,
,26459025.665,300.0098877,37824.513671875,8.54715592203612,0.00228901683369348,1,0.999253354069792,40.0298881530762,2.0004617160316,14.9299995973706,46.7027049676046,8.59183270066545,250,-0.0119106234257698,8.5454794087945,0.023796212837165,300.0096436,300.0101318,37779.6171875,37869.41015625,54.9695888719481,20.5297589873957,9.256284,0,0,0,40,4449,299.88985,37824.513671875,,,,,,,,,,,,,0,,,,31.9161835,,,,,,300.0098877,,,,
,26459027.725,300.0102539,37619.783203125,8.54498485360914,0.0019377478175644,1,0.999253354069792,40.0298881530762,2.00040178407236,14.9299995973706,46.6897643629681,8.58785084374913,250,-0.0121922810872653,8.54330972291837,0.0235067718590614,300.0102539,300.0102539,37609.74609375,37629.8203125,56.4640626007175,20.5292934344171,9.256284,0,0,0,40,4449,299.8907,37619.783203125,,,,,,,,,,,,,0,,,,32.2350121,,,,,,300.0102539,,,,
,26459028.435,300.00968935,37549.88671875,8.54305937106358,0.00212357900812408,1,0.999253354069792,40.0298881530762,2.00056153342593,14.919999986887,46.6819298716588,8.59169637445235,250,-0.0112543402513926,8.54138083159904,0.0244370801030191,300.0091248,300.0102539,37490.02734375,37609.74609375,55.5878570306597,20.5338781195507,9.256284,0,0,0,40,4449,299.8897,37549.88671875,,,,,,,,,,,,,0,,,,32.07481675,,,,,,300.00968935,,,,
,26459029.505,300.00898745,37445.068359375,8.54755504281116,0.00160712416947354,1,0.999253354069792,40.0298881530762,2.00031450359576,14.919999986887,46.7040173262763,8.57823438772303,250,-0.0143638957655706,8.54588873256364,0.0213477151378842,300.0088501,300.0091248,37400.109375,37490.02734375,55.6019263440059,20.5289461756264,9.256284,0,0,0,40,4449,299.88905,37445.068359375,,,,,,,,,,,,,0,,,,32.07481675,,,,,,300.00898745,,,,
,26459030.53,300.0092926,37340.189453125,8.54496652299791,0.00139802038345147,1,0.999253354069792,40.0298881530762,2.00055945789351,14.9299995973706,46.6934961161314,8.58717564041601,250,-0.0124352575445734,8.54329252520924,0.0232657482516267,300.0088501,300.0097351,37280.26953125,37400.109375,55.781700903429,20.5307504677081,8.512546,0,0,0,40,4449,299.8897,37340.189453125,,,,,,,,,,,,,0,,,,32.2350121,,,,,,300.0092926,,,,
,26459031.79,300.00979615,37215.314453125,8.54145350506149,0.00181555694610263,1,0.999253354069792,40.0298881530762,2.00049782720332,14.9299995973706,46.672532727101,8.58535029517371,250,-0.0120714732630246,8.53977847499716,0.0236154484940523,300.0097351,300.0098572,37150.359375,37280.26953125,55.9974303747367,20.5333383435886,9.256284,0,0,0,40,4449,299.8908,37215.314453125,,,,,,,,,,,,,0,,,,32.07481675,,,,,,300.00979615,,,,
,26459032.975,300.00932315,37095.501953125,8.5359605287698,0.00234170770716343,1,0.999253354069792,40.0298881530762,2.00076504586617,14.9299995973706,46.64653792268,8.59202004741316,250,-0.0100374835085836,8.53427819915558,0.0256267113678168,300.0087891,300.0098572,37040.64453125,37150.359375,56.0200976017944,20.5326685277106,8.512546,0,0,0,40,4449,299.8919,37095.501953125,,,,,,,,,,,,,0,,,,31.75598815,,,,,,300.00932315,,,,
,26459034.03,300.008606,36985.740234375,8.53709747864575,0.00196313680212782,1,0.999253354069792,40.0298881530762,2.0005532743834,14.9299995973706,46.6499855018896,8.58123885477354,250,-0.0120603439510213,8.53542352166785,0.0236097930507303,300.0084229,300.0087891,36930.8359375,37040.64453125,55.9216124083713,20.5338208857978,8.884414,0,0,0,40,4449,299.89145,36985.740234375,,,,,,,,,,,,,0,,,,31.5973549,,,,,,300.008606,,,,
,26459036.045,300.0088501,36790.953125,8.5288293437874,0.00215527275374397,1,0.999253354069792,40.0298881530762,2.00080734863207,14.919999986887,46.609077318872,8.58205818740827,250,-0.0105730737350091,8.52715064251777,0.0250635148651538,300.0088501,300.0088501,36780.91015625,36800.99609375,55.4729576383328,20.5364670998672,9.256284,0,0,0,40,4449,299.8913,36790.953125,,,,,,,,,,,,,0,,,,31.5973549,,,,,,300.0088501,,,,
,26459036.57,300.0091095,36736.001953125,8.53244063217,0.0024168006197292,1,0.999253354069792,40.0298881530762,2.00070402488968,14.919999986887,46.6272267396665,8.58115061621062,250,-0.0113300822825208,8.5307642436854,0.0243221560572002,300.0088501,300.0093689,36691.09375,36780.91015625,56.0224424873521,20.5303483342569,8.512546,0,0,0,40,4449,299.89095,36736.001953125,,,,,,,,,,,,,0,,,,31.5973549,,,,,,300.0091095,,,,
,26459037.545,300.0093689,36636.140625,8.53531296231463,0.0017933082652591,1,0.999253354069792,40.0298881530762,2.00028967934596,14.919999986887,46.6350699113543,8.57387543687535,250,-0.0128781244711102,8.53364230966898,0.0227871650770057,300.0093689,300.0093689,36581.1875,36691.09375,55.7660683330444,20.5343007327786,9.256284,0,0,0,40,4449,299.89035,36636.140625,,,,,,,,,,,,,0,,,,31.9161835,,,,,,300.0093689,,,,
,26459038.695,300.00878905,36521.27734375,8.53071371126818,0.00231182525253564,1,0.999253354069792,40.0298881530762,2.00038990426284,14.9299995973706,46.6106148977075,8.57831846259085,250,-0.0112893552839082,8.52903746824766,0.0243570639851434,300.0082092,300.0093689,36461.3671875,36581.1875,55.4166803849482,20.5344596755757,9.256284,0,0,0,40,4449,299.89095,36521.27734375,,,,,,,,,,,,,0,,,,32.2350121,,,,,,300.00878905,,,,
,26459039.695,300.0082092,36421.392578125,8.52841133303969,0.00212208560144276,1,0.999253354069792,40.0298881530762,2.00049248047384,14.9299995973706,46.6013715875404,8.57100218529249,250,-0.0122807881504661,8.52673983111368,0.0233567244346421,300.0082092,300.0082092,36381.41796875,36461.3671875,55.565189803602,20.5340683671155,8.884414,0,0,0,40,4449,299.89195,36421.392578125,,,,,,,,,,,,,0,,,,31.9161835,,,,,,300.0082092,,,,
,26459040.67,300.0081482,36326.474609375,8.5208593718783,0.00237705379784363,1,0.999253354069792,40.0298881530762,2.0007303614372,14.9299995973706,46.5627298752777,8.57935723519447,250,-0.00953366522783826,8.51917788492305,0.0260722727554177,300.0080872,300.0082092,36271.53125,36381.41796875,55.4471638971982,20.5357199671217,9.256284,0,0,0,40,4449,299.89255,36326.474609375,,,,,,,,,,,,,0,,,,31.5973549,,,,,,300.0081482,,,,
,26459041.835,300.00842285,36211.345703125,8.52214351753815,0.00237551087508175,1,0.999253354069792,40.0298881530762,2.00065309170443,14.919999986887,46.5709394151852,8.56443715144336,250,-0.0124443103034046,8.5204737813323,0.0231682690263179,300.0080872,300.0087585,36151.16015625,36271.53125,55.964601976929,20.5382405074965,9.256284,0,0,0,40,4449,299.893,36211.345703125,,,,,,,,,,,,,0,,,,31.9161835,,,,,,300.00842285,,,,
,26459042.875,300.0087585,36106.13671875,8.52963018938177,0.00172775364180082,1,0.999253354069792,40.0298881530762,2.00036171574226,14.919999986887,46.6048933313412,8.57258023945646,250,-0.0121199393939279,8.52795739693296,0.0235247256277389,300.0087585,300.0087585,36061.11328125,36151.16015625,55.5831672595443,20.531797806674,9.256284,0,0,0,40,4449,299.8917,36106.13671875,,,,,,,,,,,,,0,,,,32.2350121,,,,,,300.0087585,,,,
,26459043.915,300.0085449,36001.17578125,8.52695045030389,0.0016102237134634,1,0.999253354069792,40.0298881530762,2.00022621671801,14.919999986887,46.5884873406467,8.56224503358724,250,-0.0134124706865696,8.52528358768873,0.0222220960077935,300.0083313,300.0087585,35941.23828125,36061.11328125,56.4163832610444,20.5327865251014,8.512546,0,0,0,40,4449,299.8906,36001.17578125,,,,,,,,,,,,,0,,,,31.9161835,,,,,,300.0085449,,,,
,26459045.14,300.00794985,35876.3125,8.51932615708822,0.00228729459006016,1,0.999253354069792,40.0298881530762,2.00080436525135,14.919999986887,46.5550952178813,8.58315716693688,250,-0.00861368409910911,8.51764088985856,0.0269888802196357,300.0075684,300.0083313,35811.38671875,35941.23828125,55.8981635527944,20.5452482907289,9.256284,0,0,0,40,4449,299.8905,35876.3125,,,,,,,,,,,,,0,,,,31.9161835,,,,,,300.00794985,,,,
,26459046.335,300.0078583,35756.4453125,8.51923386811941,0.00215959580007658,1,0.999253354069792,40.0298881530762,2.00045059601791,14.919999986887,46.5500082356457,8.56302661349477,250,-0.0120115131896355,8.51756278689452,0.0235919848509275,300.0075684,300.0081482,35701.50390625,35811.38671875,55.4495087827559,20.5362094522369,8.512546,0,0,0,40,4449,299.89155,35756.4453125,,,,,,,,,,,,,0,,,,32.2350121,,,,,,300.0078583,,,,
,26459048.28,300.0064392,35566.6875,8.515206325991,0.00212181862588949,1,0.999253354069792,40.0298881530762,2.00100329932031,14.9299995973706,46.5386505524212,8.57143827606145,250,-0.0101485513345962,8.51352861167911,0.0254388616345579,300.0064392,300.0064392,35561.7109375,35571.6640625,55.7449643630251,20.5340080588727,9.256284,0,0,0,40,4449,299.89235,35566.6875,,,,,,,,,,,,,0,,,,31.5973549,,,,,,300.0064392,,,,
,26459048.93,300.00694275,35501.732421875,8.51471402527723,0.0021162933931338,1,0.999253354069792,40.0298881530762,2.00087969687633,14.919999986887,46.5330507700425,8.57099933645433,250,-0.0100436382552602,8.51303576427932,0.0255422150929756,300.0064392,300.0074463,35441.75390625,35561.7109375,55.5964549443713,20.5366260220049,8.512546,0,0,0,40,4449,299.89165,35501.732421875,,,,,,,,,,,,,0,,,,31.5973549,,,,,,300.00694275,,,,
,26459050.18,300.0070038,35376.947265625,8.51733728208997,0.00180183353756742,1,0.999253354069792,40.0298881530762,2.00056549116101,14.9299995973706,46.5430832563148,8.55710990156844,250,-0.0128330203784915,8.51567006255364,0.022765057258934,300.0065613,300.0074463,35312.140625,35441.75390625,55.6175589143905,20.5337135308265,9.256284,0,0,0,40,4449,299.89245,35376.947265625,,,,,,,,,,,,,0,,,,31.9161835,,,,,,300.0070038,,,,
,26459051.345,300.00608825,35257.23046875,8.51268183588221,0.00201849939019367,1,0.999253354069792,40.0298881530762,2.00045310536898,14.9299995973706,46.5131995387792,8.56220117426536,250,-0.0109529060760216,8.51100791012381,0.0246261404632501,300.0056152,300.0065613,35202.3203125,35312.140625,55.6050528580828,20.5316998096138,8.512546,0,0,0,40,4449,299.89225,35257.23046875,,,,,,,,,,,,,0,,,,32.07481675,,,,,,300.00608825,,,,
,26459052.415,300.00608825,35152.3984375,8.51164962834631,0.0025382883470456,1,0.999253354069792,40.0298881530762,2.00042810867564,14.9299995973706,46.5078422525435,8.55647686917229,250,-0.0117910803511878,8.50997934196887,0.0237845774502644,300.0056152,300.0065613,35102.4765625,35202.3203125,55.9567856917367,20.5327281300665,8.884414,0,0,0,40,4449,299.8917,35152.3984375,,,,,,,,,,,,,0,,,,31.9146214,,,,,,300.00608825,,,,
,26459053.545,300.006485,35042.494140625,8.50618691290662,0.00265578624914777,1,0.999253354069792,40.0298881530762,2.00103911845125,14.919999986887,46.4916813121317,8.55433354497094,250,-0.0116372417719572,8.50451690493918,0.0239161601919431,300.0064087,300.0065613,34982.51171875,35102.4765625,55.741056220429,20.5327564233026,8.512546,0,0,0,40,4449,299.89245,35042.494140625,,,,,,,,,,,,,0,,,,32.07481675,,,,,,300.006485,,,,
,26459054.545,300.0064087,34942.560546875,8.5053649706117,0.0022735355052841,1,0.999253354069792,40.0298881530762,2.00072674141895,14.919999986887,46.4797639283979,8.55409941101119,250,-0.0112902657512835,8.50369362414428,0.0242604514690382,300.0064087,300.0064087,34902.609375,34982.51171875,55.4237150416212,20.5289217921151,8.512546,0,0,0,40,4449,299.8912,34942.560546875,,,,,,,,,,,,,0,,,,31.9161835,,,,,,300.0064087,,,,
,26459055.585,300.0062561,34837.666015625,8.51239289912139,0.00166230811065099,1,0.999253354069792,40.0298881530762,2.00036030863174,14.9299995973706,46.5112974890122,8.55191478076907,250,-0.0127144480659738,8.51072606163971,0.0228666786708733,300.0061035,300.0064087,34772.72265625,34902.609375,55.2970912215058,20.5326150424293,9.256284,0,0,0,40,4449,299.8907,34837.666015625,,,,,,,,,,,,,0,,,,31.5973549,,,,,,300.0062561,,,,
,26459056.745,300.00613405,34717.869140625,8.50463600394687,0.00232825153004605,1,0.999253354069792,40.0298881530762,2.00060294314555,14.919999986887,46.4736179357126,8.54939355954535,250,-0.0119234556481272,8.50296740354234,0.0236257453487927,300.0061035,300.0061646,34663.015625,34772.72265625,55.9997752602944,20.5305811933973,9.256284,0,0,0,40,4449,299.89155,34717.869140625,,,,,,,,,,,,,0,,,,31.9161835,,,,,,300.00613405,,,,
,26459057.7,300.0061646,34623.091796875,8.50009247762441,0.00204605082844056,1,0.999253354069792,40.0298881530762,2.00089273122424,14.919999986887,46.4530608159216,8.55836555026571,250,-0.0096603911794902,8.49841527765799,0.0258698755459787,300.0061646,300.0061646,34583.16796875,34663.015625,55.2384690825635,20.5352577641582,8.512546,0,0,0,40,4449,299.89225,34623.091796875,,,,,,,,,,,,,0,,,,31.9161835,,,,,,300.0061646,,,,
,26459058.79,300.005188,34518.265625,8.50602563304048,0.00199041468778579,1,0.999253354069792,40.0298881530762,2.00045248642693,14.9299995973706,46.4766976630952,8.55613789520467,250,-0.0108329482094991,8.50435238080684,0.0247229897739023,300.0042114,300.0061646,34453.36328125,34583.16796875,55.5112574357751,20.5330153386503,8.512546,0,0,0,40,4449,299.89255,34518.265625,,,,,,,,,,,,,0,,,,31.5973549,,,,,,300.005188,,,,
,26459060.005,300.00408935,34393.501953125,8.50190405949818,0.00217091177241226,1,0.999253354069792,40.0298881530762,2.00056080008819,14.9299995973706,46.4567677070177,8.5517042965941,250,-0.0109638841327625,8.50023245079561,0.0245756995892424,300.0039673,300.0042114,34333.640625,34453.36328125,55.629283342179,20.5361190377661,8.512546,0,0,0,40,4449,299.89225,34393.501953125,,,,,,,,,,,,,0,,,,31.9161835,,,,,,300.00408935,,,,
,26459061.185,300.0039215,34273.677734375,8.49674573030277,0.00199680349121661,1,0.999253354069792,40.0298881530762,2.00059312196689,14.919999986887,46.4293728090331,8.5463237333477,250,-0.0110177235941489,8.49507537358552,0.0245010180123264,300.0038757,300.0039673,34213.71484375,34333.640625,55.7543439052559,20.5333442202485,9.256284,0,0,0,40,4449,299.8927,34273.677734375,,,,,,,,,,,,,0,,,,31.9161835,,,,,,300.0039215,,,,
,26459062.39,300.00442505,34153.826171875,8.50216091369871,0.00155048911782537,1,0.999253354069792,40.0298881530762,2.00032055476481,14.9299995973706,46.4545194433437,8.54132007242056,250,-0.012730685932278,8.50049639794926,0.0228117452695618,300.0038757,300.0049744,34093.9375,34213.71484375,55.3510235893328,20.5314244412118,8.512546,0,0,0,40,4449,299.89315,34153.826171875,,,,,,,,,,,,,0,,,,31.9161835,,,,,,300.00442505,,,,
,26459063.54,300.00457765,34038.98828125,8.49232095944299,0.00241164077300962,1,0.999253354069792,40.0298881530762,2.00081605016551,14.9299995973706,46.4085676848182,8.55178009679032,250,-0.00936995623206232,8.49064426249813,0.0261314293981586,300.0041809,300.0049744,33984.0390625,34093.9375,54.2762843753904,20.5408685571192,9.256284,0,0,0,40,4449,299.89295,34038.98828125,,,,,,,,,,,,,0,,,,31.9161835,,,,,,300.00457765,,,,
,26459064.64,300.0034485,33929.138671875,8.49364588839051,0.00193718387423212,1,0.999253354069792,40.0298881530762,2.00056390741922,14.919999986887,46.4121546469128,8.54102682466179,250,-0.0113925257896393,8.49197765999834,0.0241155620543591,300.0027161,300.0041809,33874.23828125,33984.0390625,55.8067130160444,20.5358797119427,9.256284,0,0,0,40,4449,299.8926,33929.138671875,,,,,,,,,,,,,0,,,,31.9161835,,,,,,300.0034485,,,,
,26459065.795,300.00299075,33814.3046875,8.48756591420905,0.00260303520095915,1,0.999253354069792,40.0298881530762,2.00061885736156,14.919999986887,46.3791156322755,8.54084775592972,250,-0.0103407639117433,8.48589457492402,0.0251425924883041,300.0027161,300.0032654,33754.37109375,33874.23828125,55.9388082357944,20.5412674433429,9.256284,0,0,0,40,4449,299.89145,33814.3046875,,,,,,,,,,,,,0,,,,31.9161835,,,,,,300.00299075,,,,
,26459067.015,300.0037384,33694.50390625,8.49759646971502,0.00180384882546578,1,0.999253354069792,40.0298881530762,2.00050828344811,14.9299995973706,46.4330714098926,8.54158994524007,250,-0.0119811540053096,8.49592965677567,0.0235452053350488,300.0032654,300.0042114,33634.63671875,33754.37109375,54.9297258174673,20.5366879518746,8.512546,0,0,0,40,4449,299.89165,33694.50390625,,,,,,,,,,,,,0,,,,31.5973549,,,,,,300.0037384,,,,
,26459068.095,300.0042114,33584.658203125,8.49519013489092,0.00195050846126818,1,0.999253354069792,40.0298881530762,2.00018831206934,14.919999986887,46.4137052008601,8.53233395566918,250,-0.0129864831152352,8.49352779435837,0.0225307373598027,300.0042114,300.0042114,33534.6796875,33634.63671875,55.7465276200636,20.5334994934814,9.256284,0,0,0,40,4449,299.89155,33584.658203125,,,,,,,,,,,,,0,,,,31.5973549,,,,,,300.0042114,,,,
,26459069.21,300.00411985,33474.787109375,8.4915349411793,0.00161536246125363,1,0.999253354069792,40.0298881530762,2.00035244982731,14.919999986887,46.3961933443097,8.53609915169134,250,-0.0117451372975406,8.48986810860494,0.0237572830571306,300.0040283,300.0042114,33414.89453125,33534.6796875,55.3189768200443,20.5372315476392,8.512546,0,0,0,40,4449,299.89135,33474.787109375,,,,,,,,,,,,,0,,,,31.9161835,,,,,,300.00411985,,,,
,26459070.46,300.0042877,33349.908203125,8.4925992542315,0.00154231910129189,1,0.999253354069792,40.0298881530762,2.00053921509456,14.919999986887,46.4073454156385,8.53193473437207,250,-0.0128475276050071,8.49093670917527,0.0226601269156425,300.0040283,300.0045471,33284.921875,33414.89453125,55.5761326028713,20.5361719694215,9.256284,0,0,0,40,4449,299.89305,33349.908203125,,,,,,,,,,,,,0,,,,32.2350121,,,,,,300.0042877,,,,
,26459071.55,300.0045471,33240.005859375,8.48764901145094,0.00185758032239307,1,0.999253354069792,40.0298881530762,2.00020027066688,14.919999986887,46.3730167837305,8.52349361015724,250,-0.0132176235489927,8.48598888523124,0.0222699103312728,300.0045471,300.0045471,33195.08984375,33284.921875,55.9083247235444,20.5324085384583,8.512546,0,0,0,40,4449,299.8945,33240.005859375,,,,,,,,,,,,,0,,,,32.2350121,,,,,,300.0045471,,,,
,26459072.5,300.0036163,33145.203125,8.48999304863387,0.00188046873870806,1,0.999253354069792,40.0298881530762,2.00039796310683,14.919999986887,46.3912725520061,8.52138965748292,250,-0.0141884057208736,8.48833673763448,0.0213097655605442,300.0026855,300.0045471,33095.31640625,33195.08984375,56.0435464573713,20.5323405400199,9.256284,0,0,0,40,4449,299.89425,33145.203125,,,,,,,,,,,,,0,,,,31.9161835,,,,,,300.0036163,,,,
,26459073.605,300.0029907,33035.26171875,8.48731672052923,0.00197532925684839,1,0.999253354069792,40.0298881530762,2.00006666509822,14.9299995973706,46.3681138325217,8.52298429146886,250,-0.0131490942379699,8.48565673136147,0.0223384079528295,300.0026855,300.0032959,32975.20703125,33095.31640625,55.8598637553521,20.5364530547272,8.512546,0,0,0,40,4449,299.89405,33035.26171875,,,,,,,,,,,,,0,,,,31.9161835,,,,,,300.0029907,,,,
,26459074.695,300.0032959,32929.63671875,8.48466700944162,0.00192409046008173,1,0.999253354069792,40.0298881530762,2.00059481693015,14.9299995973706,46.3651266141414,8.52489780520707,250,-0.0127096842156339,8.4830055648511,0.0227672616161039,300.0032959,300.0032959,32884.06640625,32975.20703125,55.2072039417943,20.5338728941116,8.512546,0,0,0,40,4449,299.8945,32929.63671875,,,,,,,,,,,,,0,,,,31.9161835,,,,,,300.0032959,,,,
,26459075.715,300.0029907,32829.09375,8.47196236301486,0.00274543743906907,1,0.999253354069792,40.0298881530762,2.00080981121254,14.919999986887,46.2997216927033,8.51749561849023,250,-0.0118729469359277,8.47030002362889,0.0235513309866508,300.0026855,300.0032959,32774.12109375,32884.06640625,56.6008475915829,20.5337358354594,9.256284,0,0,0,40,4449,299.89465,32829.09375,,,,,,,,,,,,,0,,,,31.5973549,,,,,,300.0029907,,,,
,26459076.87,300.0028839,32709.228515625,8.48004272272446,0.00192336302376178,1,0.999253354069792,40.0298881530762,2.00074300524059,14.9299995973706,46.3417148858889,8.52889044795544,250,-0.0112354875564867,8.47837604972703,0.024223167519555,300.0026855,300.0030823,32644.3359375,32774.12109375,55.666801511102,20.5343995557902,9.256284,0,0,0,40,4449,299.89495,32709.228515625,,,,,,,,,,,,,0,,,,31.9161835,,,,,,300.0028839,,,,
,26459077.905,300.0030823,32604.2890625,8.47768933079222,0.00220478273438358,1,0.999253354069792,40.0298881530762,2.00045500684782,14.919999986887,46.3212573634956,8.53123697027256,250,-0.0101511313459514,8.47601847700754,0.025298097155448,300.0030823,300.0030823,32564.2421875,32644.3359375,55.5847305165828,20.5349407161268,8.512546,0,0,0,40,4449,299.8952,32604.2890625,,,,,,,,,,,,,0,,,,31.9161835,,,,,,300.0030823,,,,
,26459078.975,300.00294495,32499.326171875,8.4781694064415,0.0017624352788005,1,0.999253354069792,40.0298881530762,2.00057067096004,14.9299995973706,46.3272737617223,8.52797916883346,250,-0.0109252538837969,8.47650166228159,0.0245269032404059,300.0028076,300.0030823,32434.41015625,32564.2421875,55.2267446547751,20.5339733238369,8.884414,0,0,0,40,4449,299.8945,32499.326171875,,,,,,,,,,,,,0,,,,31.75598815,,,,,,300.00294495,,,,
,26459080.245,300.00279235,32369.4453125,8.47478877504885,0.00207940418263386,1,0.999253354069792,40.0298881530762,2.00031526775147,14.919999986887,46.3048366201774,8.51381814460615,250,-0.0126975628013496,8.47312908511902,0.0227417324107438,300.0027771,300.0028076,32304.48046875,32434.41015625,56.2772533846213,20.5348557162809,8.512546,0,0,0,40,4449,299.89385,32369.4453125,,,,,,,,,,,,,0,,,,32.07481675,,,,,,300.00279235,,,,
,26459081.38,300.0026245,32254.5859375,8.47368674067869,0.00196049598917005,1,0.999253354069792,40.0298881530762,2.00032962731118,14.919999986887,46.2981597037862,8.51805326486318,250,-0.0117295137206214,8.47202321050739,0.023705685795864,300.0024719,300.0027771,32204.69140625,32304.48046875,55.8012416164098,20.5302879745575,8.512546,0,0,0,40,4449,299.894,32254.5859375,,,,,,,,,,,,,0,,,,32.2350121,,,,,,300.0026245,,,,
,26459082.47,300.0022888,32144.7861328125,8.46965654688848,0.00209554679481546,1,0.999253354069792,40.0298881530762,2.00058228694966,14.9299995973706,46.2816189843879,8.51622789888678,250,-0.011508963857451,8.46799295667758,0.0239099375286117,300.0021057,300.0024719,32084.880859375,32204.69140625,55.5964549443713,20.5339270995206,8.512546,0,0,0,40,4449,299.8947,32144.7861328125,,,,,,,,,,,,,0,,,,31.9161835,,,,,,300.0022888,,,,
,26459083.615,300.00268555,32035,8.46868345114902,0.00264572741162629,1,0.999253354069792,40.0298881530762,2.00033323763312,14.919999986887,46.2713510281777,8.51062565331244,250,-0.0121655711600211,8.46702261839002,0.023250033101323,300.0021057,300.0032654,31985.119140625,32084.880859375,55.9700733765636,20.530057828382,9.256284,0,0,0,40,4449,299.8951,32035,,,,,,,,,,,,,0,,,,31.9161835,,,,,,300.00268555,,,,
,26459084.64,300.0032654,31935.1845703125,8.46182713897203,0.00220905471320792,1,0.999253354069792,40.0298881530762,2.00074326661892,14.9299995973706,46.2422371195499,8.51022595462039,250,-0.0112792323794594,8.46016375048577,0.0241080900938231,300.0032654,300.0032654,31885.25,31985.119140625,55.5542470043328,20.5363561947558,9.256284,0,0,0,40,4449,299.89555,31935.1845703125,,,,,,,,,,,,,0,,,,32.2350121,,,,,,300.0032654,,,,
,26459085.62,300.00297545,31835.283203125,8.46848236914374,0.00203086542062711,1,0.999253354069792,40.0298881530762,2.00055584417533,14.919999986887,46.2768253454642,8.50295976583091,250,-0.0137016261817754,8.46682780139839,0.0217145858222169,300.0026855,300.0032654,31785.31640625,31885.25,55.3830703586212,20.5346792456098,8.512546,0,0,0,40,4449,299.896,31835.283203125,,,,,,,,,,,,,0,,,,32.2350121,,,,,,300.00297545,,,,
,26459086.705,300.00207515,31725.3583984375,8.46371562839772,0.00193433650032127,1,0.999253354069792,40.0298881530762,2.00031780255167,14.9299995973706,46.2434880664862,8.50757569979095,250,-0.0117928925069704,8.46205426220393,0.0236036397255486,300.0014648,300.0026855,31665.400390625,31785.31640625,55.6582035973905,20.5394975978084,9.256284,0,0,0,40,4449,299.8964,31725.3583984375,,,,,,,,,,,,,0,,,,32.07481675,,,,,,300.00207515,,,,
,26459087.83,300.00227355,31610.5185546875,8.46670877658347,0.00136190216967526,1,0.999253354069792,40.0298881530762,2.00064521692352,14.9299995973706,46.2679541522564,8.50799187112332,250,-0.0125206006646759,8.46504974073442,0.0228890772002155,300.0014648,300.0030823,31555.63671875,31665.400390625,55.4041743286405,20.5302608705442,9.256284,0,0,0,40,4449,299.89815,31610.5185546875,,,,,,,,,,,,,0,,,,31.75598815,,,,,,300.00227355,,,,
,26459089.04,300.003006,31490.6796875,8.45652567824794,0.00236858557604833,1,0.999253354069792,40.0298881530762,2.00085218622154,14.9299995973706,46.2135275578345,8.51715415811595,250,-0.00911334324601159,8.4548541471839,0.0262538572924998,300.0029297,300.0030823,31425.72265625,31555.63671875,54.8062285114289,20.5381623718784,9.256284,0,0,0,40,4449,299.89785,31490.6796875,,,,,,,,,,,,,0,,,,31.9161835,,,,,,300.003006,,,,
,26459090.27,300.00268555,31370.7880859375,8.45782765643363,0.00252152150489268,1,0.999253354069792,40.0298881530762,2.0005969695769,14.919999986887,46.2161855285413,8.51045238684715,250,-0.0103885883178397,8.45616120632102,0.0249852442799345,300.0024414,300.0029297,31315.853515625,31425.72265625,56.2803798986983,20.5340958877086,8.512546,0,0,0,40,4449,299.8966,31370.7880859375,,,,,,,,,,,,,0,,,,32.2350121,,,,,,300.00268555,,,,
,26459091.34,300.0015259,31266.02734375,8.46241090633921,0.00168339060877302,1,0.999253354069792,40.0298881530762,2.00015505964928,14.919999986887,46.2341968538286,8.49747495092011,250,-0.0132795256756663,8.46075592805776,0.0221146226010022,300.0006104,300.0024414,31216.201171875,31315.853515625,55.7113543366982,20.5327769047913,9.256284,0,0,0,40,4449,299.8973,31266.02734375,,,,,,,,,,,,,0,,,,31.9161835,,,,,,300.0015259,,,,
,26459092.42,300.00050355,31156.3095703125,8.45927792369288,0.00181289860235181,1,0.999253354069792,40.0298881530762,2.00033493948554,14.919999986887,46.2203083319089,8.49951991397609,250,-0.0124613371216012,8.45762041178907,0.0229202134466547,300.0003967,300.0006104,31096.41796875,31216.201171875,55.6535138262751,20.5309766221622,8.512546,0,0,0,40,4449,299.89745,31156.3095703125,,,,,,,,,,,,,0,,,,31.5973549,,,,,,300.00050355,,,,
,26459093.665,300.00090025,31031.4873046875,8.45465256281766,0.00240234538734697,1,0.999253354069792,40.0298881530762,2.00037595568169,14.9299995973706,46.1957703039982,8.49605556418821,250,-0.0122698034976451,8.45299498419841,0.0230931688092475,300.0003967,300.0014038,30966.556640625,31096.41796875,55.6019263440059,20.5341717903838,8.512546,0,0,0,40,4449,299.8973,31031.4873046875,,,,,,,,,,,,,0,,,,31.9161835,,,,,,300.00090025,,,,
,26459094.76,300.0014038,30921.61328125,8.44966274046074,0.00228302507039884,1,0.999253354069792,40.0298881530762,2.00083563153225,14.9299995973706,46.1768513724755,8.50370087537715,250,-0.0102942572611765,8.44799768647903,0.0250481217075548,300.0014038,300.0014038,30876.669921875,30966.556640625,55.6441342840443,20.5375489305178,8.512546,0,0,0,40,4449,299.8974,30921.61328125,,,,,,,,,,,,,0,,,,32.2350121,,,,,,300.0014038,,,,
,26459095.79,300.00183105,30816.767578125,8.44001997193705,0.00275942911236391,1,0.999253354069792,40.0298881530762,2.00088377883874,14.919999986887,46.1253140959336,8.49376886559465,250,-0.0103613813561263,8.43835693898856,0.0249414760057804,300.0014038,300.0022583,30756.865234375,30876.669921875,56.2764717561021,20.5354102916359,9.256284,0,0,0,40,4449,299.8964,30816.767578125,,,,,,,,,,,,,0,,,,32.2350121,,,,,,300.00183105,,,,
,26459096.985,300.0020294,30696.93359375,8.44919323411971,0.0017166732745468,1,0.999253354069792,40.0298881530762,2.00085479047116,14.919999986887,46.1740173719103,8.5070681271835,250,-0.00960693374632739,8.44752505671063,0.0257348964934537,300.0018005,300.0022583,30637.001953125,30756.865234375,55.7582520478521,20.53152011155,9.256284,0,0,0,40,4449,299.89635,30696.93359375,,,,,,,,,,,,,0,,,,32.2350121,,,,,,300.0020294,,,,
,26459098.03,300.0007629,30592.0498046875,8.447238931779,0.0023521205966856,1,0.999253354069792,40.0298881530762,2.00064244580243,14.9299995973706,46.1599095666017,8.49696300443318,250,-0.0109338579291748,8.44557703446403,0.0244006896627092,299.9997253,300.0018005,30547.09765625,30637.001953125,55.422933413102,20.5358501356239,9.256284,0,0,0,40,4449,299.8966,30592.0498046875,,,,,,,,,,,,,0,,,,31.9161835,,,,,,300.0007629,,,,
,26459099.07,300.00086975,30492.236328125,8.44743565125146,0.00120210152404653,1,0.999253354069792,40.0298881530762,2.00094732498064,14.919999986887,46.1684243024962,8.49527504338514,250,-0.0115109211320413,8.44577602829953,0.0238252599321522,299.9997253,300.0020142,30437.375,30547.09765625,55.8497025846021,20.5328040960498,8.512546,0,0,0,40,4449,299.8961,30492.236328125,,,,,,,,,,,,,0,,,,31.75598815,,,,,,300.00086975,,,,
,26459100.27,300.0011139,30372.4267578125,8.4379981502473,0.00236355737073893,1,0.999253354069792,40.0298881530762,2.00074039835906,14.9299995973706,46.1091218610204,8.50150554985051,250,-0.00846458982039649,8.43632755135612,0.0268321860315942,300.0002136,300.0020142,30307.478515625,30437.375,55.6707096536982,20.5396205610401,9.256284,0,0,0,40,4449,299.89655,30372.4267578125,,,,,,,,,,,,,0,,,,32.07481675,,,,,,300.0011139,,,,
,26459101.34,300.00045775,30262.578125,8.4434111803566,0.00176438172088902,1,0.999253354069792,40.0298881530762,2.00073865999351,14.919999986887,46.1408477951001,8.49516869303517,250,-0.0106273520592302,8.44174868748964,0.0246930301609615,300.0002136,300.0007019,30217.677734375,30307.478515625,55.893473781679,20.5328020716996,9.256284,0,0,0,40,4449,299.8977,30262.578125,,,,,,,,,,,,,0,,,,32.2350121,,,,,,300.00045775,,,,
,26459102.36,300.0003357,30162.7451171875,8.44417816087332,0.00206133427881856,1,0.999253354069792,40.0298881530762,2.00032107025324,14.9299995973706,46.1370634654948,8.48659459573478,250,-0.0120235554714561,8.44252132240673,0.0233010377863347,299.9999695,300.0007019,30107.8125,30217.677734375,55.2392507110828,20.5399128533434,9.256284,0,0,0,40,4449,299.897,30162.7451171875,,,,,,,,,,,,,0,,,,31.9161835,,,,,,300.0003357,,,,
,26459103.545,299.9999237,30042.90625,8.44038698992796,0.00250716516616791,1,0.999253354069792,40.0298881530762,2.00050365715179,14.9299995973706,46.1211082708566,8.48000357621014,250,-0.0126661978668319,8.43873365506929,0.0226434976905945,299.9998779,299.9999695,29978,30107.8125,55.6120875147559,20.5345336312647,8.512546,0,0,0,40,4449,299.8964,30042.90625,,,,,,,,,,,,,0,,,,31.9161835,,,,,,299.9999237,,,,
,26459104.585,300.0002136,29937.9814453125,8.43996743270299,0.00187944028370592,1,0.999253354069792,40.0298881530762,2.00047104021074,14.919999986887,46.1184629457853,8.47739270249535,250,-0.013042106879208,8.43831562180556,0.0222663619185325,299.9998779,300.0005493,29897.962890625,29978,55.6722729107367,20.5342491560389,8.512546,0,0,0,40,4449,299.89785,29937.9814453125,,,,,,,,,,,,,0,,,,32.2350121,,,,,,300.0002136,,,,
,26459105.6,300.00024415,29838.060546875,8.439732365959,0.00221342215639463,1,0.999253354069792,40.0298881530762,2.00023352708914,14.919999986887,46.1116796435299,8.47704582954193,250,-0.0128830564278204,8.43807986511564,0.0224250537584596,299.999939,300.0005493,29778.158203125,29897.962890625,56.2530229005252,20.535448345384,9.256284,0,0,0,40,4449,299.8976,29838.060546875,,,,,,,,,,,,,0,,,,31.9161835,,,,,,300.00024415,,,,
,26459106.82,299.99987795,29718.0234375,8.43378412011604,0.00241525141928852,1,0.999253354069792,40.0298881530762,2.00048673490041,14.9299995973706,46.0850400253215,8.47118065299196,250,-0.0130460987727344,8.43213354203423,0.0222379566414738,299.9998169,299.999939,29657.888671875,29778.158203125,55.8778412112944,20.5328502946449,9.256284,0,0,0,40,4449,299.89725,29718.0234375,,,,,,,,,,,,,0,,,,31.9161835,,,,,,299.99987795,,,,
,26459107.89,299.9997101,29612.859375,8.43088692720075,0.00239410245841245,1,0.999253354069792,40.0298881530762,2.00052268399544,14.919999986887,46.0687511275366,8.47523947703962,250,-0.0117936063071011,8.42923169830566,0.0234785906262437,299.9996033,299.9998169,29567.830078125,29657.888671875,55.8520474701598,20.5295735738713,9.256284,0,0,0,40,4449,299.89825,29612.859375,,,,,,,,,,,,,0,,,,31.9161835,,,,,,299.9997101,,,,
,26459108.975,299.999115,29502.85546875,8.43502533313208,0.00220087006492823,1,0.999253354069792,40.0298881530762,2.00060889251679,14.919999986887,46.0944659846933,8.4734743156233,250,-0.0129498263614246,8.43337423230196,0.022340517365672,299.9986267,299.9996033,29437.880859375,29567.830078125,55.6652382540636,20.5415858389405,9.256284,0,0,0,40,4449,299.89885,29502.85546875,,,,,,,,,,,,,0,,,,31.5973549,,,,,,299.999115,,,,
,26459111.015,299.9972839,29293.04296875,8.42786075812598,0.00248070184335454,1,0.999253354069792,40.0298881530762,2.00051272900565,14.9299995973706,46.0514665905184,8.47500696675441,250,-0.0112696259503052,8.42620451396432,0.0239917836561418,299.9972839,299.9972839,29288.05078125,29298.03515625,55.5495572332174,20.5390520531237,8.512546,0,0,0,40,4449,299.8983,29293.04296875,,,,,,,,,,,,,0,,,,31.9161835,,,,,,299.9972839,,,,
,26459111.72,299.99786375,29223.126953125,8.42856916890591,0.00219676552738385,1,0.999253354069792,40.0298881530762,2.00047215179737,14.9299995973706,46.0548185676675,8.47343297194412,250,-0.0116588027693154,8.42691419088141,0.0236060540179203,299.9972839,299.9984436,29158.203125,29288.05078125,55.4854636946405,20.5340713406862,9.256284,0,0,0,40,4449,299.8985,29223.126953125,,,,,,,,,,,,,0,,,,31.5973549,,,,,,299.99786375,,,,
,26459112.77,299.9984436,29123.1611328125,8.42412882570732,0.00284261022002628,1,0.999253354069792,40.0298881530762,2.00075294219046,14.919999986887,46.0359465361591,8.47501174133356,250,-0.0107594630331458,8.42247072628702,0.0244874330423964,299.9984436,299.9984436,29088.119140625,29158.203125,55.8239088434674,20.5375921172632,8.512546,0,0,0,40,4449,299.8972,29123.1611328125,,,,,,,,,,,,,0,,,,31.75598815,,,,,,299.9984436,,,,
,26459113.72,299.9992523,29028.248046875,8.42373575943095,0.00202908975781024,1,0.999253354069792,40.0298881530762,2.00053423689319,14.919999986887,46.0290239432628,8.4730013230257,250,-0.0108899251707143,8.42207796882355,0.024356035863196,299.9984436,300.000061,28968.376953125,29088.119140625,55.619122171429,20.5371149756624,8.884414,0,0,0,40,4449,299.8965,29028.248046875,,,,,,,,,,,,,0,,,,32.07481675,,,,,,299.9992523,,,,
,26459114.805,299.99957275,28918.42578125,8.42756559076435,0.00184585657056084,1,0.999253354069792,40.0298881530762,2.00043600391483,14.9299995973706,46.0475005977182,8.4777715619317,250,-0.0106530441195411,8.4259058854382,0.0246094116085541,299.9990845,300.000061,28868.474609375,28968.376953125,56.2764717561021,20.5372155494288,9.256284,0,0,0,40,4449,299.89765,28918.42578125,,,,,,,,,,,,,0,,,,32.07481675,,,,,,299.99957275,,,,
,26459115.885,299.9988251,28813.638671875,8.42099404796256,0.00229086262772215,1,0.999253354069792,40.0298881530762,2.00050752294013,14.919999986887,46.0139402355896,8.46745625624224,250,-0.0113776796434054,8.4193388664036,0.0238581513961928,299.9985657,299.9990845,28758.802734375,28868.474609375,56.0779381122175,20.5344593462644,9.256284,0,0,0,40,4449,299.8971,28813.638671875,,,,,,,,,,,,,0,,,,32.07481675,,,,,,299.9988251,,,,
,26459117,299.9983826,28698.8662109375,8.41965694532634,0.00222025447193005,1,0.999253354069792,40.0298881530762,2.00075593124586,14.9299995973706,46.0103444150691,8.47715914259979,250,-0.00954213675008062,8.41799442111396,0.0256884645502667,299.9981995,299.9985657,28638.9296875,28758.802734375,55.9989936317752,20.5422281882923,8.512546,0,0,0,40,4449,299.8969,28698.8662109375,,,,,,,,,,,,,0,,,,32.07481675,,,,,,299.9983826,,,,
,26459118.07,299.9984131,28588.966796875,8.41469998020592,0.00222167667426177,1,0.999253354069792,40.0298881530762,2.00087421485681,14.9299995973706,45.9879983349483,8.46137082457833,250,-0.0116027238798327,8.41304700588122,0.0236082304272992,299.9981995,299.9986267,28539.00390625,28638.9296875,55.3002177355828,20.5353798285728,8.512546,0,0,0,40,4449,299.8969,28588.966796875,,,,,,,,,,,,,0,,,,31.9146214,,,,,,299.9984131,,,,
,26459119.18,299.9988861,28479.1416015625,8.41772939415472,0.00230290147694583,1,0.999253354069792,40.0298881530762,2.0006101892043,14.919999986887,45.9978387717564,8.46763056298228,250,-0.0108199606216832,8.4160723279101,0.0244041105065012,299.9986267,299.9991455,28419.279296875,28539.00390625,56.0224424873521,20.5375104840229,9.256284,0,0,0,40,4449,299.89745,28479.1416015625,,,,,,,,,,,,,0,,,,31.75598815,,,,,,299.9988861,,,,
,26459120.405,299.9986725,28359.2587890625,8.41530855233342,0.00179514617060839,1,0.999253354069792,40.0298881530762,2.00071759702707,14.9299995973706,45.985616475921,8.47319064403783,250,-0.00943506295141292,8.41364619379405,0.0257791561080021,299.9981995,299.9991455,28299.23828125,28419.279296875,55.7535622767367,20.5392399896487,8.512546,0,0,0,40,4449,299.89875,28359.2587890625,,,,,,,,,,,,,0,,,,31.9161835,,,,,,299.9986725,,,,
,26459121.505,299.99832155,28249.2783203125,8.41622665691137,0.00183658353648048,1,0.999253354069792,40.0298881530762,2.00037861683332,14.9299995973706,45.9849108249937,8.46261800243616,250,-0.011285236821808,8.41457190598336,0.0239337980643145,299.9981995,299.9984436,28199.318359375,28299.23828125,56.0880992829675,20.5355433529436,8.512546,0,0,0,40,4449,299.8993,28249.2783203125,,,,,,,,,,,,,0,,,,31.9161835,,,,,,299.99832155,,,,
,26459122.475,299.9984436,28149.4619140625,8.40833939248671,0.00200540933726441,1,0.999253354069792,40.0298881530762,2.000576534615,14.9299995973706,45.9461549691902,8.45599460447574,250,-0.0111851253747936,8.40668572857265,0.0240014220972988,299.9984436,299.9984436,28099.60546875,28199.318359375,55.2040774277174,20.5352976345176,8.512546,0,0,0,40,4449,299.89985,28149.4619140625,,,,,,,,,,,,,0,,,,31.75598815,,,,,,299.9984436,,,,
,26459123.61,299.99798585,28039.7685546875,8.408103918234,0.00280328769004099,1,0.999253354069792,40.0298881530762,2.00071938767425,14.9299995973706,45.9479231968317,8.45711951757168,250,-0.0110438747576457,8.40644979839231,0.0241422279589063,299.9975281,299.9984436,27979.931640625,28099.60546875,55.1868816002943,20.5387833043115,9.256284,0,0,0,40,4449,299.9006,28039.7685546875,,,,,,,,,,,,,0,,,,31.75598815,,,,,,299.99798585,,,,
,26459124.83,299.99699405,27920.0205078125,8.40663727219295,0.00208983333777539,1,0.999253354069792,40.0298881530762,2.0005254214344,14.919999986887,45.9365372215171,8.44962101460919,250,-0.0119990151008868,8.40498768636087,0.0231818432806659,299.99646,299.9975281,27860.109375,27979.931640625,55.6910319951982,20.5363144901778,9.256284,0,0,0,40,4449,299.90085,27920.0205078125,,,,,,,,,,,,,0,,,,31.9161835,,,,,,299.99699405,,,,
,26459125.9,299.9965668,27810.1728515625,8.40392019336902,0.00217167653247555,1,0.999253354069792,40.0298881530762,2.00069083898859,14.9299995973706,45.9249631409535,8.44988226741772,250,-0.0115728554758072,8.40226943053347,0.0235973368562739,299.99646,299.9966736,27760.236328125,27860.109375,56.2225393882752,20.5353455694037,8.512546,0,0,0,40,4449,299.9,27810.1728515625,,,,,,,,,,,,,0,,,,31.9161835,,,,,,299.9965668,,,,
,26459127.015,299.99723815,27700.330078125,8.39784212651065,0.00282040844442245,1,0.999253354069792,40.0298881530762,2.00061412299128,14.919999986887,45.8894795636871,8.44643221601334,250,-0.0110202414556569,8.39619000480551,0.0241251092907009,299.9966736,299.9978027,27640.423828125,27760.236328125,55.7441827345059,20.5402536640039,9.256284,0,0,0,40,4449,299.89975,27700.330078125,,,,,,,,,,,,,0,,,,31.5973549,,,,,,299.99723815,,,,
,26459128.24,299.99786375,27580.5029296875,8.40973554825069,0.00159135478790037,1,0.999253354069792,40.0298881530762,2.00010844688751,14.919999986887,45.9461502197033,8.44011336478131,250,-0.0140020490286047,8.40809323988175,0.0211943665788684,299.9978027,299.9979248,27520.58203125,27640.423828125,55.4190252705059,20.5316652383587,8.512546,0,0,0,40,4449,299.90005,27580.5029296875,,,,,,,,,,,,,0,,,,31.5973549,,,,,,299.99786375,,,,
,26459129.375,299.99710085,27465.642578125,8.40467578846529,0.00155543175700949,1,0.999253354069792,40.0298881530762,2.00036773077302,14.9299995973706,45.9228840951396,8.44378979164054,250,-0.012586804379587,8.40302875162262,0.0225888385584233,299.9962769,299.9979248,27410.703125,27520.58203125,56.0169710877175,20.531693175701,9.256284,0,0,0,40,4449,299.90015,27465.642578125,,,,,,,,,,,,,0,,,,31.5973549,,,,,,299.99710085,,,,
,26459130.51,299.99639895,27350.794921875,8.39319022605756,0.00280601795527363,1,0.999253354069792,40.0298881530762,2.00078941069641,14.919999986887,45.8664182355998,8.45088001514509,250,-0.00947776648727496,8.39153264767826,0.0256499160136096,299.9962769,299.996521,27290.88671875,27410.703125,55.9857059469482,20.539863889118,8.512546,0,0,0,40,4449,299.8999,27350.794921875,,,,,,,,,,,,,0,,,,31.5973549,,,,,,299.99639895,,,,
,26459131.595,299.9964752,27240.98828125,8.39661154113798,0.00203363160109052,1,0.999253354069792,40.0298881530762,2.00068846413321,14.9299995973706,45.882879732614,8.45379103996824,250,-0.00950370583085086,8.39495330970007,0.0256387821478792,299.9964294,299.996521,27191.08984375,27290.88671875,55.5675346891597,20.5431235561751,9.256284,0,0,0,40,4449,299.90125,27240.98828125,,,,,,,,,,,,,0,,,,31.9161835,,,,,,299.9964752,,,,
,26459132.62,299.9961395,27136.111328125,8.39978901034793,0.00193419514233931,1,0.999253354069792,40.0298881530762,2.00036565222253,14.9299995973706,45.8950392640578,8.44479305506662,250,-0.0114972632221974,8.39813853175892,0.0236594677368859,299.9958496,299.9964294,27081.1328125,27191.08984375,55.771539732679,20.5381728088078,9.256284,0,0,0,40,4449,299.90195,27136.111328125,,,,,,,,,,,,,0,,,,31.9161835,,,,,,299.9961395,,,,
,26459133.785,299.9955597,27021.234375,8.39975263229281,0.00171472716102784,1,0.999253354069792,40.0298881530762,2.00026193237287,14.9299995973706,45.8938321186266,8.4372613668886,250,-0.0127921526125283,8.39810767675208,0.0223655599672401,299.9952698,299.9958496,26961.3359375,27081.1328125,55.3385175330251,20.5324708138611,8.884414,0,0,0,40,4449,299.9007,27021.234375,,,,,,,,,,,,,0,,,,31.5973549,,,,,,299.9955597,,,,
,26459135,299.9959717,26901.37890625,8.38481676843984,0.00242363223692225,1,0.999253354069792,40.0298881530762,2.00089413120024,14.919999986887,45.8236541645605,8.43933323726396,250,-0.0101200776238721,8.38316344420534,0.0249754006029637,299.9952698,299.9966736,26841.421875,26961.3359375,55.5182920924482,20.537174714031,9.256284,0,0,0,40,4449,299.90005,26901.37890625,,,,,,,,,,,,,0,,,,31.5973549,,,,,,299.9959717,,,,
,26459136.21,299.9970398,26781.5732421875,8.38914405184103,0.00210554441061815,1,0.999253354069792,40.0298881530762,2.00072274549241,14.919999986887,45.844611554587,8.43684417182125,250,-0.0112495889900695,8.38749419204134,0.0238648301338902,299.9966736,299.997406,26721.724609375,26841.421875,55.8411046708905,20.5361206506601,8.884414,0,0,0,40,4449,299.90095,26781.5732421875,,,,,,,,,,,,,0,,,,31.5973549,,,,,,299.9970398,,,,
,26459137.37,299.9965973,26666.7294921875,8.38642833901988,0.00217758982878167,1,0.999253354069792,40.0298881530762,2.00054330501559,14.9299995973706,45.8253426704942,8.43565269242097,250,-0.0108297123828549,8.38477735466224,0.0242738133096126,299.9957886,299.997406,26611.734375,26721.724609375,55.5792591169482,20.5420800672759,9.256284,0,0,0,40,4449,299.90195,26666.7294921875,,,,,,,,,,,,,0,,,,31.5973549,,,,,,299.9965973,,,,
,26459138.565,299.9963074,26546.8251953125,8.38562881813646,0.00241763478336322,1,0.999253354069792,40.0298881530762,2.00053782017674,14.919999986887,45.8215818862365,8.43088730236031,250,-0.0115503816899814,8.38398103279373,0.0235506623089721,299.9957886,299.9968262,26481.916015625,26611.734375,56.5414438241214,20.5379533685917,9.256284,0,0,0,40,4449,299.902,26546.8251953125,,,,,,,,,,,,,0,,,,31.9161835,,,,,,299.9963074,,,,
,26459139.72,299.99646,26431.951171875,8.3864089419099,0.00162338090367894,1,0.999253354069792,40.0298881530762,2.00046737914368,14.9299995973706,45.8248517845023,8.42825165466192,250,-0.0121251812959926,8.38476329444151,0.0229799042022394,299.9960938,299.9968262,26381.986328125,26481.916015625,55.9122328661405,20.52942298707,8.512546,0,0,0,40,4449,299.90225,26431.951171875,,,,,,,,,,,,,0,,,,32.2350121,,,,,,299.99646,,,,
,26459140.69,299.9959717,26332.0087890625,8.37870245202121,0.00294638704404609,1,0.999253354069792,40.0298881530762,2.00054983234698,14.9299995973706,45.7845411720274,8.42106509275176,250,-0.0120744212829013,8.37705823954555,0.0229990492367268,299.9958496,299.9960938,26282.03125,26381.986328125,56.0091548025252,20.5362148317451,9.256284,0,0,0,40,4449,299.9019,26332.0087890625,,,,,,,,,,,,,0,,,,31.9161835,,,,,,299.9959717,,,,
,26459141.745,299.9953766,26227.095703125,8.38105606799328,0.00221480275040856,1,0.999253354069792,40.0298881530762,2.0006203921582,14.919999986887,45.7973079705703,8.43272371526854,250,-0.0104304837236299,8.3794046150395,0.0246532084526496,299.9949036,299.9958496,26172.16015625,26282.03125,55.6863422240828,20.5384364115688,9.256284,0,0,0,40,4449,299.9014,26227.095703125,,,,,,,,,,,,,0,,,,31.9161835,,,,,,299.9953766,,,,
,26459142.79,299.9949036,26127.21484375,8.38414152899156,0.00137072150704001,1,0.999253354069792,40.0298881530762,2.0005457091599,14.9299995973706,45.8152330616984,8.42079002137577,250,-0.0131315258180418,8.38250084678849,0.0219662306642274,299.9949036,299.9949036,26082.26953125,26172.16015625,55.5214186065251,20.5374275695247,8.512546,0,0,0,40,4449,299.9014,26127.21484375,,,,,,,,,,,,,0,,,,31.9161835,,,,,,299.9949036,,,,
,26459143.815,299.99520875,26022.3330078125,8.37733696036362,0.00227816218791879,1,0.999253354069792,40.0298881530762,2.00070236324111,14.919999986887,45.7786948736965,8.42995677663569,250,-0.0103100850686166,8.37568570197215,0.024759117860813,299.9949036,299.9955139,25962.396484375,26082.26953125,56.1897109904675,20.5342996240753,9.256284,0,0,0,40,4449,299.90235,26022.3330078125,,,,,,,,,,,,,0,,,,31.9161835,,,,,,299.99520875,,,,
,26459144.925,299.99583435,25907.4541015625,8.37132138683585,0.00244398844740975,1,0.999253354069792,40.0298881530762,2.00087382451988,14.919999986887,45.7496008421678,8.42482983704456,250,-0.0102624911290478,8.36967089337808,0.0247821425130092,299.9955139,299.9961548,25852.51171875,25962.396484375,55.8559556127559,20.5359143984281,9.256284,0,0,0,40,4449,299.90285,25907.4541015625,,,,,,,,,,,,,0,,,,31.9161835,,,,,,299.99583435,,,,
,26459145.85,299.9961548,25817.55078125,8.3769051245412,0.00249758885599251,1,0.999253354069792,40.0298881530762,2.00035118021808,14.919999986887,45.7718377429573,8.41008323073805,250,-0.0136052472171671,8.37526734918645,0.0214639213968126,299.9961548,299.9961548,25782.58984375,25852.51171875,55.6636749970251,20.5378449776285,8.512546,0,0,0,40,4449,299.90325,25817.55078125,,,,,,,,,,,,,0,,,,31.9161835,,,,,,299.9961548,,,,
,26459146.82,299.996109,25722.6728515625,8.37253105292503,0.00267971352373357,1,0.999253354069792,40.0298881530762,2.0004347798651,14.919999986887,45.7473782484351,8.4190992365515,250,-0.0112074576708943,8.3708840406401,0.0238439473941523,299.9960632,299.9961548,25662.755859375,25782.58984375,56.1482846789482,20.5387764525903,8.512546,0,0,0,40,4449,299.8999,25722.6728515625,,,,,,,,,,,,,0,,,,31.9161835,,,,,,299.996109,,,,
,26459147.925,299.9955902,25612.8212890625,8.3711437450071,0.00213918575380294,1,0.999253354069792,40.0298881530762,2.00089322858814,14.919999986887,45.7498489890928,8.42048365764537,250,-0.011042213107925,8.36949637124754,0.0240045069105462,299.9951172,299.9960632,25562.88671875,25662.755859375,56.1639172493329,20.539353332642,9.256284,0,0,0,40,4449,299.8963,25612.8212890625,,,,,,,,,,,,,0,,,,31.5973549,,,,,,299.9955902,,,,
,26459148.955,299.99490355,25508.0537109375,8.36598089435778,0.00268842141261334,1,0.999253354069792,40.0298881530762,2.00087666155426,14.919999986887,45.7201110596808,8.42144577313958,250,-0.0098969642350862,8.36432993092836,0.0251284493579867,299.9946899,299.9951172,25453.220703125,25562.88671875,56.0537076281213,20.5344477468806,8.512546,0,0,0,40,4449,299.89695,25508.0537109375,,,,,,,,,,,,,0,,,,31.9161835,,,,,,299.99490355,,,,
,26459150.91,299.995636,25313.431640625,8.37017749850836,0.00228195010832029,1,0.999253354069792,40.0298881530762,2.00067268855941,14.919999986887,45.7406278707007,8.41334930095131,250,-0.0120046848589211,8.36853420488242,0.0230395506695055,299.995636,299.995636,25303.447265625,25323.416015625,55.3666561597174,20.5395049283752,9.256284,0,0,0,40,4449,299.8994,25313.431640625,,,,,,,,,,,,,0,,,,32.2350121,,,,,,299.995636,,,,
,26459151.59,299.99601745,25243.564453125,8.37046273694976,0.00214250686571262,1,0.999253354069792,40.0298881530762,2.00027300846356,14.919999986887,45.734068270204,8.40773894788898,250,-0.0127851555624008,8.36882249548229,0.0222608496481899,299.995636,299.9963989,25183.681640625,25303.447265625,55.598799829929,20.5357612798353,8.884414,0,0,0,40,4449,299.8994,25243.564453125,,,,,,,,,,,,,0,,,,31.9161835,,,,,,299.99601745,,,,
,26459152.64,299.9960785,25138.7099609375,8.36681222670883,0.00204463440435751,1,0.999253354069792,40.0298881530762,2.00050104669017,14.919999986887,45.717472560859,8.41433471816113,250,-0.0110724769520208,8.36516547956986,0.0239584768418189,299.9957581,299.9963989,25093.73828125,25183.681640625,55.608961000679,20.5357356195578,9.256284,0,0,0,40,4449,299.89975,25138.7099609375,,,,,,,,,,,,,0,,,,31.5973549,,,,,,299.9960785,,,,
,26459154.53,299.9958801,24948.955078125,8.35891011547939,0.00229407876175805,1,0.999253354069792,40.0298881530762,2.00072455333715,14.919999986887,45.6778703531754,8.41484118441633,250,-0.00968336281325471,8.35725910972569,0.0253153032276205,299.9958801,299.9958801,24944.005859375,24953.904296875,54.4982668748519,20.5413089793445,9.256284,0,0,0,40,4449,299.90015,24948.955078125,,,,,,,,,,,,,0,,,,32.2350121,,,,,,299.9958801,,,,
,26459155.175,299.9956207,24884.0615234375,8.36441994851729,0.00226963991370596,1,0.999253354069792,40.0298881530762,2.00010858896037,14.9299995973706,45.6991663072247,8.39141699028657,250,-0.0145315143860222,8.36278819715099,0.0204912917794954,299.9953613,299.9958801,24824.1171875,24944.005859375,55.9606938343328,20.537935896722,8.512546,0,0,0,40,4449,299.9023,24884.0615234375,,,,,,,,,,,,,0,,,,32.2350121,,,,,,299.9956207,,,,
,26459156.285,299.99511715,24774.1591796875,8.36057143019132,0.00186869730818699,1,0.999253354069792,40.0298881530762,2.00028331446639,14.919999986887,45.6793373892553,8.40279183263383,250,-0.0118668665608888,8.35892940256514,0.0231398527967544,299.994873,299.9953613,24724.201171875,24824.1171875,56.066213684429,20.53997529389,9.256284,0,0,0,40,4449,299.90295,24774.1591796875,,,,,,,,,,,,,0,,,,32.2350121,,,,,,299.99511715,,,,
,26459157.39,299.994873,24664.3828125,8.35696433534313,0.00235281621483108,1,0.999253354069792,40.0298881530762,2.00032995933433,14.9299995973706,45.66136745456,8.39558161136957,250,-0.0125536953564643,8.35532592152813,0.0224387618438757,299.994873,299.994873,24604.564453125,24724.201171875,55.168904144352,20.5359888532404,9.256284,0,0,0,40,4449,299.9026,24664.3828125,,,,,,,,,,,,,0,,,,31.9161835,,,,,,299.994873,,,,
,26459158.63,299.99485775,24539.61328125,8.35186035530525,0.00206235917292036,1,0.999253354069792,40.0298881530762,2.00093345266661,14.919999986887,45.6441716653024,8.40763093496122,250,-0.00985449488727595,8.35021162247722,0.025116621850666,299.9948425,299.994873,24474.662109375,24604.564453125,56.6086638767752,20.5368622605936,8.884414,0,0,0,40,4449,299.9038,24539.61328125,,,,,,,,,,,,,0,,,,31.9161835,,,,,,299.99485775,,,,
,26459159.735,299.9948425,24429.7353515625,8.34709045515798,0.00275267437498704,1,0.999253354069792,40.0298881530762,2.00060210177233,14.9299995973706,45.6103613908146,8.40351423405038,250,-0.00947573408974265,8.34544105446563,0.0254758758608758,299.9948425,299.9948425,24384.80859375,24474.662109375,55.7035380515059,20.5376902229371,9.256284,0,0,0,40,4449,299.9046,24429.7353515625,,,,,,,,,,,,,0,,,,32.2350121,,,,,,299.9948425,,,,
,26459160.745,299.99453735,24329.810546875,8.35470889994383,0.0018347028855991,1,0.999253354069792,40.0298881530762,2.00038616909215,14.919999986887,45.6496559253707,8.39698765124013,250,-0.0119217848646823,8.35306824725879,0.0230627014316426,299.9942322,299.9948425,24274.8125,24384.80859375,55.791862074179,20.5381841817399,8.512546,0,0,0,40,4449,299.9054,24329.810546875,,,,,,,,,,,,,0,,,,31.9161835,,,,,,299.99453735,,,,
,26459161.855,299.9946442,24219.8974609375,8.34568698759763,0.00253538770511186,1,0.999253354069792,40.0298881530762,2.0006026818143,14.9299995973706,45.6045347831333,8.39223621083532,250,-0.0112814997961703,8.34404538185914,0.0236657590399605,299.9942322,299.9950562,24164.982421875,24274.8125,55.6488240551597,20.5382308683823,8.512546,0,0,0,40,4449,299.9052,24219.8974609375,,,,,,,,,,,,,0,,,,31.75598815,,,,,,299.9946442,,,,
,26459162.93,299.9953461,24115.0673828125,8.34365183398572,0.00208821157747823,1,0.999253354069792,40.0298881530762,2.0009407426272,14.9299995973706,45.599983319263,8.39663328524259,250,-0.010352854279302,8.34200648568973,0.0245862178195748,299.9950562,299.995636,24065.15234375,24164.982421875,55.2048590562366,20.5424687761521,9.256284,0,0,0,40,4449,299.9059,24115.0673828125,,,,,,,,,,,,,0,,,,32.07481675,,,,,,299.9953461,,,,
,26459164.015,299.99557495,24005.2080078125,8.34166867035983,0.00244172699417839,1,0.999253354069792,40.0298881530762,2.00062930208016,14.919999986887,45.5821865710702,8.39358607776692,250,-0.0103102938456837,8.34002341934498,0.0246210453509972,299.9955139,299.995636,23945.263671875,24065.15234375,56.1498479359867,20.5358963543289,8.512546,0,0,0,40,4449,299.9064,24005.2080078125,,,,,,,,,,,,,0,,,,31.9161835,,,,,,299.99557495,,,,
,26459165.18,299.99493405,23885.4521484375,8.34354324988406,0.00252767875373417,1,0.999253354069792,40.0298881530762,2.00056964409347,14.9299995973706,45.5934480290064,8.38259491136701,250,-0.0126259599114178,8.34190743831877,0.0223144802536247,299.9943542,299.9955139,23825.640625,23945.263671875,55.4651413531405,20.5394129692685,8.512546,0,0,0,40,4449,299.90585,23885.4521484375,,,,,,,,,,,,,0,,,,31.9161835,,,,,,299.99493405,,,,
,26459166.32,299.99397275,23770.7158203125,8.33939653026137,0.00226838650872691,1,0.999253354069792,40.0298881530762,2.00061469732598,14.919999986887,45.5702356560615,8.38699443180992,250,-0.0110862486265678,8.33775533285823,0.0238372820886836,299.9935913,299.9943542,23715.791015625,23825.640625,55.4510720397943,20.5373782635515,8.512546,0,0,0,40,4449,299.9052,23770.7158203125,,,,,,,,,,,,,0,,,,32.2350121,,,,,,299.99397275,,,,
,26459167.85,299.9941406,23620.9375,8.33900379042531,0.0023168722110313,1,0.999253354069792,40.0298881530762,2.00053612920255,14.9299995973706,45.567570282303,8.37966798389996,250,-0.0122964751997587,8.33736762096228,0.0226263653863249,299.9935913,299.9946899,23526.083984375,23715.791015625,55.5714428317559,20.540986713,9.256284,0,0,0,40,4449,299.90645,23620.9375,,,,,,,,,,,,,0,,,,31.9161835,,,,,,299.9941406,,,,
,26459169.41,299.99433895,23466.1591796875,8.33944724229722,0.00198063981706904,1,0.999253354069792,40.0298881530762,2.0003433727061,14.919999986887,45.5649628892151,8.38337176005745,250,-0.011557254055678,8.33780775929488,0.0233679973996779,299.993988,299.9946899,23406.234375,23526.083984375,55.8192190723521,20.5379488124703,8.512546,0,0,0,40,4449,299.90795,23466.1591796875,,,,,,,,,,,,,0,,,,31.75598815,,,,,,299.99433895,,,,
,26459170.395,299.9938049,23366.240234375,8.33114105637663,0.00226886839020531,1,0.999253354069792,40.0298881530762,2.00063392374395,14.919999986887,45.5247526039297,8.38306924369746,250,-0.0102903695191432,8.32949805578955,0.0246004422724753,299.9936218,299.993988,23326.24609375,23406.234375,56.4288893173521,20.5400156706454,9.256284,0,0,0,40,4449,299.90785,23366.240234375,,,,,,,,,,,,,0,,,,32.07481675,,,,,,299.9938049,,,,
,26459172.32,299.994873,23171.53125,8.32689423050073,0.00255787854596161,1,0.999253354069792,40.0298881530762,2.00093003730996,14.9299995973706,45.5075729848858,8.3828910944158,250,-0.00975789550550332,8.32524942573403,0.0251161288250392,299.994873,299.994873,23166.515625,23176.546875,55.4909350942751,20.544821881103,9.256284,0,0,0,40,4449,299.9081,23171.53125,,,,,,,,,,,,,0,,,,32.2350121,,,,,,299.994873,,,,
,26459172.9,299.99459835,23116.310546875,8.32932238698539,0.00278633441988565,1,0.999253354069792,40.0298881530762,2.00041791785466,14.9299995973706,45.5105231603322,8.37765745847382,250,-0.0107836880973011,8.32768144194429,0.0241010155157003,299.9943237,299.994873,23066.10546875,23166.515625,55.7996783593713,20.5357743382652,9.256284,0,0,0,40,4449,299.90825,23116.310546875,,,,,,,,,,,,,0,,,,32.2350121,,,,,,299.99459835,,,,
,26459173.955,299.995285,23011.0615234375,8.32785054035252,0.00206146307444083,1,0.999253354069792,40.0298881530762,2.00087604619976,14.919999986887,45.5115676008137,8.38381440849879,250,-0.00972668068179396,8.32620520408337,0.0251521842145311,299.9943237,299.9962463,22956.017578125,23066.10546875,56.1787681911983,20.5362204619923,8.512546,0,0,0,40,4449,299.9088,23011.0615234375,,,,,,,,,,,,,0,,,,31.9161835,,,,,,299.995285,,,,
,26459175.04,299.9950256,22901.0986328125,8.32874643415762,0.00153995698620805,1,0.999253354069792,40.0298881530762,2.00041660707507,14.9299995973706,45.5086152977916,8.3702261663756,250,-0.012037474434089,8.32711061036047,0.0228462735596327,299.9938049,299.9962463,22846.1796875,22956.017578125,56.1944007615829,20.5381073262009,8.512546,0,0,0,40,4449,299.90865,22901.0986328125,,,,,,,,,,,,,0,,,,31.75598815,,,,,,299.9950256,,,,
,26459176.195,299.99433895,22786.2236328125,8.32461274366468,0.00218689902160937,1,0.999253354069792,40.0298881530762,2.00055059887608,14.919999986887,45.4872086512299,8.37627451471524,250,-0.010264709015877,8.32297046570994,0.0246021759555017,299.9938049,299.994873,22726.267578125,22846.1796875,56.3194613246598,20.5401368799606,8.884414,0,0,0,40,4449,299.90765,22786.2236328125,,,,,,,,,,,,,0,,,,32.07481675,,,,,,299.99433895,,,,
,26459177.265,299.9945068,22681.3017578125,8.32323223432754,0.00192746196199298,1,0.999253354069792,40.0298881530762,2.00058792260987,14.919999986887,45.482131628406,8.36619370458658,250,-0.0118824516327644,8.32159690456372,0.0229795560411925,299.9941406,299.994873,22636.3359375,22726.267578125,55.8887840105636,20.5373848067392,9.256284,0,0,0,40,4449,299.9079,22681.3017578125,,,,,,,,,,,,,0,,,,32.2350121,,,,,,299.9945068,,,,
,26459178.335,299.9943695,22576.3583984375,8.32170011568512,0.00176622026609045,1,0.999253354069792,40.0298881530762,2.00083318982973,14.919999986887,45.4781606824191,8.37122274062173,250,-0.0108614177359673,8.32006081198169,0.0239944881928854,299.9941406,299.9945984,22516.380859375,22636.3359375,55.6941585092751,20.5395126478339,9.256284,0,0,0,40,4449,299.90855,22576.3583984375,,,,,,,,,,,,,0,,,,31.9161835,,,,,,299.9943695,,,,
,26459179.47,299.9944916,22461.45703125,8.31639101932247,0.00234021390864676,1,0.999253354069792,40.0298881530762,2.00080341481398,14.919999986887,45.4476750346704,8.37013774969619,250,-0.0100540037515101,8.31474930806274,0.02478016351008,299.9943848,299.9945984,22406.533203125,22516.380859375,55.555028632852,20.5418097918894,9.256284,0,0,0,40,4449,299.9086,22461.45703125,,,,,,,,,,,,,0,,,,31.9161835,,,,,,299.9944916,,,,
,26459180.55,299.9942627,22351.578125,8.31146363995044,0.00245741284318647,1,0.999253354069792,40.0298881530762,2.00093561197382,14.919999986887,45.4243239980141,8.36220625031893,250,-0.0106912080661125,8.30982560953507,0.0241230335284618,299.9941406,299.9943848,22296.623046875,22406.533203125,56.4843849422175,20.5412206417894,9.256284,0,0,0,40,4449,299.909,22351.578125,,,,,,,,,,,,,0,,,,31.9161835,,,,,,299.9942627,,,,
,26459181.64,299.99378965,22241.7900390625,8.31459911457557,0.00239881647252229,1,0.999253354069792,40.0298881530762,2.00051193095108,14.9299995973706,45.433330780564,8.35689994659569,250,-0.0119286491051562,8.31296571772055,0.02289959922137,299.9934387,299.9941406,22186.95703125,22296.623046875,55.7629418189674,20.538650444002,8.512546,0,0,0,40,4449,299.9091,22241.7900390625,,,,,,,,,,,,,0,,,,31.5973549,,,,,,299.99378965,,,,
,26459182.78,299.99357605,22127.0615234375,8.31763568100828,0.00225315624786725,1,0.999253354069792,40.0298881530762,2.00041409490544,14.919999986887,45.4487945242154,8.35395784970914,250,-0.0129578554756823,8.31600599861056,0.0218838136359894,299.9934387,299.9937134,22067.166015625,22186.95703125,55.2572281670251,20.5346741350027,9.256284,0,0,0,40,4449,299.91035,22127.0615234375,,,,,,,,,,,,,0,,,,31.9161835,,,,,,299.99357605,,,,
,26459183.795,299.9940033,22027.22265625,8.31150081306885,0.00224816423222543,1,0.999253354069792,40.0298881530762,2.00070576398562,14.9299995973706,45.4199039945169,8.3588087916973,250,-0.0111503240937216,8.30986461032512,0.0236659148901736,299.9937134,299.9942932,21987.279296875,22067.166015625,55.4979697509482,20.5387052714741,9.256284,0,0,0,40,4449,299.90995,22027.22265625,,,,,,,,,,,,,0,,,,31.9161835,,,,,,299.9940033,,,,
,26459184.855,299.9940338,21922.412109375,8.30772892892774,0.00237644006086096,1,0.999253354069792,40.0298881530762,2.00055381421559,14.919999986887,45.3943766548363,8.36277684059666,250,-0.00961207771600168,8.30608696227153,0.0251888344549543,299.9937744,299.9942932,21857.544921875,21987.279296875,55.9888324610252,20.5375411302045,8.512546,0,0,0,40,4449,299.90865,21922.412109375,,,,,,,,,,,,,0,,,,31.9161835,,,,,,299.9940338,,,,
,26459186.075,299.9946594,21797.5673828125,8.30947977501832,0.00232106880748403,1,0.999253354069792,40.0298881530762,2.0001615332067,14.919999986887,45.4001337950118,8.33667700614159,250,-0.014423146099705,8.3078573589372,0.0203866574789593,299.9937744,299.9955444,21737.58984375,21857.544921875,55.4901534657559,20.5365527035478,9.256284,0,0,0,40,4449,299.90965,21797.5673828125,,,,,,,,,,,,,0,,,,32.2350121,,,,,,299.9946594,,,,
,26459187.21,299.99565125,21682.6328125,8.30886547052569,0.00174905608232595,1,0.999253354069792,40.0298881530762,2.00054175854899,14.919999986887,45.4023473973498,8.35291983620184,250,-0.0116194186010928,8.30723105691408,0.0231880156523436,299.9955444,299.9957581,21627.67578125,21737.58984375,55.6558587118328,20.5376121472042,8.512546,0,0,0,40,4449,299.90885,21682.6328125,,,,,,,,,,,,,0,,,,32.2350121,,,,,,299.99565125,,,,
,26459188.375,299.995636,21567.791015625,8.29427664896222,0.00283224121977092,1,0.999253354069792,40.0298881530762,2.00097226915134,14.919999986887,45.3285099777736,8.35955624214983,250,-0.0080211703762116,8.29263005048734,0.0267251731983473,299.9955139,299.9957581,21507.90625,21627.67578125,55.9192675228136,20.5462296000866,8.512546,0,0,0,40,4449,299.9082,21567.791015625,,,,,,,,,,,,,0,,,,31.9161835,,,,,,299.995636,,,,
,26459189.57,299.9953766,21453.0068359375,8.29404198338648,0.00276250341732708,1,0.999253354069792,40.0298881530762,2.00088372996556,14.919999986887,45.3279935255281,8.34428570689328,250,-0.010707113735397,8.29240670659166,0.0240393822417413,299.9952393,299.9955139,21398.107421875,21507.90625,55.9841426899098,20.5390651922238,9.256284,0,0,0,40,4449,299.9087,21453.0068359375,,,,,,,,,,,,,0,,,,31.5973549,,,,,,299.9953766,,,,
,26459190.56,299.99462895,21353.220703125,8.29758923426068,0.00288056699228513,1,0.999253354069792,40.0298881530762,2.0008329949858,14.919999986887,45.3452555556875,8.35306503062879,250,-0.00972079374380596,8.29594928745154,0.0250408673749525,299.9940186,299.9952393,21308.333984375,21398.107421875,55.7988967308521,20.5425040036589,9.256284,0,0,0,40,4449,299.9092,21353.220703125,,,,,,,,,,,,,0,,,,31.5973549,,,,,,299.99462895,,,,
,26459192.385,299.9954834,21168.5361328125,8.29389988657147,0.00223690534360077,1,0.999253354069792,40.0298881530762,2.00097277682688,14.919999986887,45.3273300573164,8.35449331343828,250,-0.00888041748013635,8.29225680247574,0.0258666898028741,299.9954834,299.9954834,21158.572265625,21178.5,55.1478001743328,20.5381554593601,9.256284,0,0,0,40,4449,299.9091,21168.5361328125,,,,,,,,,,,,,0,,,,32.2350121,,,,,,299.9954834,,,,
,26459193.05,299.99479675,21103.5478515625,8.29681081737405,0.0020791469380678,1,0.999253354069792,40.0298881530762,2.00052358887539,14.919999986887,45.3349876224755,8.34659353304402,250,-0.0105319157229782,8.29517424759877,0.0242279773028116,299.9941101,299.9954834,21048.5234375,21158.572265625,55.9864875754674,20.5431029107253,9.256284,0,0,0,40,4449,299.90995,21103.5478515625,,,,,,,,,,,,,0,,,,32.2350121,,,,,,299.99479675,,,,
,26459194.7,299.99409485,20938.681640625,8.29720550446094,0.0018518528218859,1,0.999253354069792,40.0298881530762,2.0004597155084,14.9299995973706,45.3380189371158,8.334408292483,250,-0.012789058075481,8.29557844365987,0.0219738006400106,299.9940796,299.9941101,20828.83984375,21048.5234375,55.7519990196982,20.5413637737299,9.256284,0,0,0,40,4449,299.9106,20938.681640625,,,,,,,,,,,,,0,,,,32.07481675,,,,,,299.99409485,,,,
,26459196.385,299.99443055,20768.91796875,8.29692205780504,0.00180629506300944,1,0.999253354069792,40.0298881530762,2.00022810363927,14.919999986887,45.3314104260643,8.33287082560597,250,-0.0128469183262264,8.2952950819463,0.0219159396306382,299.9940796,299.9947815,20708.99609375,20828.83984375,56.7946914643522,20.5387227123388,8.512546,0,0,0,40,4449,299.9091,20768.91796875,,,,,,,,,,,,,0,,,,32.07481675,,,,,,299.99443055,,,,
,26459197.615,299.9948883,20649.1640625,8.29158923121071,0.00205644247304739,1,0.999253354069792,40.0298881530762,2.00050213196062,14.919999986887,45.3071503170786,8.33494655613753,250,-0.0116824714646011,8.28995825068731,0.0230585046468671,299.9947815,299.9949951,20589.33203125,20708.99609375,55.5034411505828,20.5397600654311,8.512546,0,0,0,40,4449,299.909,20649.1640625,,,,,,,,,,,,,0,,,,32.07481675,,,,,,299.9948883,,,,
,26459198.63,299.9951172,20549.4091796875,8.28791782938764,0.00201598451105051,1,0.999253354069792,40.0298881530762,2.00033021593287,14.919999986887,45.2829758103251,8.33227838014177,250,-0.0113628949261559,8.28628613085971,0.0233631887412611,299.9949951,299.9952393,20509.486328125,20589.33203125,55.8926921531598,20.5339351026093,9.256284,0,0,0,40,4449,299.9091,20549.4091796875,,,,,,,,,,,,,0,,,,32.07481675,,,,,,299.9951172,,,,
,26459199.63,299.9953766,20444.5263671875,8.2845792185523,0.00231788974900946,1,0.999253354069792,40.0298881530762,2.00051263888664,14.919999986887,45.2671598667328,8.33827784673567,250,-0.00978183680956572,8.28294142877976,0.0249306100486549,299.9952393,299.9955139,20379.56640625,20509.486328125,55.9153593802175,20.5468483297625,9.256284,0,0,0,40,4449,299.90855,20444.5263671875,,,,,,,,,,,,,0,,,,32.2350121,,,,,,299.9953766,,,,
,26459200.81,299.99456785,20324.673828125,8.28439604009507,0.00223912740364752,1,0.999253354069792,40.0298881530762,2.00072174573644,14.9299995973706,45.2712926448148,8.3361347329553,250,-0.0102963447889248,8.28276062553517,0.0244161134527433,299.9936218,299.9955139,20269.78125,20379.56640625,55.1227880617174,20.5424856699596,8.512546,0,0,0,40,4449,299.9086,20324.673828125,,,,,,,,,,,,,0,,,,32.2350121,,,,,,299.99456785,,,,
,26459201.75,299.9936218,20234.7978515625,8.28353988450925,0.00172207060043896,1,0.999253354069792,40.0298881530762,2.00054706632078,14.9299995973706,45.2623891476178,8.33658103214002,250,-0.00992661302139938,8.28190333234091,0.0247827144045337,299.9936218,299.9936218,20199.814453125,20269.78125,55.0157049545827,20.5396917004767,8.512546,0,0,0,40,4449,299.90845,20234.7978515625,,,,,,,,,,,,,0,,,,32.07481675,,,,,,299.9936218,,,,
,26459202.725,299.99472045,20139.9150390625,8.27800050969868,0.00235939818040015,1,0.999253354069792,40.0298881530762,2.0004703584017,14.919999986887,45.2325736438264,8.31912677555516,250,-0.0120378691648625,8.27637355934994,0.022649001265408,299.9936218,299.9958191,20080.015625,20199.814453125,56.0232241158713,20.5424983520651,8.884414,0,0,0,40,4449,299.91,20139.9150390625,,,,,,,,,,,,,0,,,,31.75598815,,,,,,299.99472045,,,,
,26459203.765,299.9955597,20035.0498046875,8.28067429924927,0.00157953367075305,1,0.999253354069792,40.0298881530762,2.00069188978396,14.9299995973706,45.2515830812145,8.32531650937889,250,-0.0115655526795406,8.27904451844666,0.0231329838449613,299.9953003,299.9958191,19990.083984375,20080.015625,55.5972365728905,20.539931426574,8.512546,0,0,0,40,4449,299.91025,20035.0498046875,,,,,,,,,,,,,0,,,,31.9161835,,,,,,299.9955597,,,,
,26459204.73,299.9953003,19935.19140625,8.2758812248915,0.00224206004421645,1,0.999253354069792,40.0298881530762,2.00044015716365,14.919999986887,45.2180603443941,8.32909481476162,250,-0.00979914343118803,8.27424500585757,0.0248798649632685,299.9953003,299.9953003,19880.298828125,19990.083984375,55.7011931659482,20.5444906461335,8.512546,0,0,0,40,4449,299.9077,19935.19140625,,,,,,,,,,,,,0,,,,32.2350121,,,,,,299.9953003,,,,
,26459205.895,299.9944458,19820.0830078125,8.26474746875469,0.00268383393315412,1,0.999253354069792,40.0298881530762,2.00059826334765,14.919999986887,45.1613220031362,8.3152152571118,250,-0.0103933634927537,8.26311620271808,0.0242396745812749,299.9935913,299.9953003,19759.8671875,19880.298828125,56.2076884464098,20.5412988586002,9.256284,0,0,0,40,4449,299.90835,19820.0830078125,,,,,,,,,,,,,0,,,,32.2350121,,,,,,299.9944458,,,,
,26459207.15,299.99380495,19694.9267578125,8.27298321876041,0.00234688442993902,1,0.999253354069792,40.0298881530762,2.00017721475175,14.9299995973706,45.1968578054468,8.32284504414491,250,-0.0102102817549992,8.27134980995729,0.0244562073985299,299.9935913,299.9940186,19629.986328125,19759.8671875,55.8614270123905,20.5366323909389,9.256284,0,0,0,40,4449,299.921,19694.9267578125,,,,,,,,,,,,,0,,,,31.9161835,,,,,,299.99380495,,,,
,26459208.28,299.99395755,19579.9873046875,8.26829564064693,0.00241758344357373,1,0.999253354069792,40.0298881530762,2.00044595281403,14.919999986887,45.1771183335116,8.31946795669887,250,-0.0101580014965002,8.26666299722684,0.0244879880686363,299.9938965,299.9940186,19529.98828125,19629.986328125,55.8840942394482,20.5437465918402,8.512546,0,0,0,40,4449,299.93195,19579.9873046875,,,,,,,,,,,,,0,,,,31.9161835,,,,,,299.99395755,,,,
,26459209.33,299.99336245,19475.0712890625,8.26958266256147,0.00191557897079716,1,0.999253354069792,40.0298881530762,2.00040313505875,14.9299995973706,45.1842015946913,8.31523331345352,250,-0.0111408127642135,8.26795399020565,0.0235114748158486,299.9928284,299.9938965,19420.154296875,19529.98828125,54.4732547622365,20.5425854149284,9.256284,0,0,0,40,4449,299.9311,19475.0712890625,,,,,,,,,,,,,0,,,,32.2350121,,,,,,299.99336245,,,,
,26459210.455,299.9936676,19360.2060546875,8.26146116322677,0.00289444353534335,1,0.999253354069792,40.0298881530762,2.00054130384046,14.919999986887,45.1426430837419,8.30881988017688,250,-0.0109124942247175,8.25983297600861,0.023706873011316,299.9928284,299.9945068,19300.2578125,19420.154296875,56.1459397933906,20.5446610596674,8.512546,0,0,0,40,4449,299.92735,19360.2060546875,,,,,,,,,,,,,0,,,,32.2350121,,,,,,299.9936676,,,,
,26459211.505,299.99391175,19255.3125,8.26656634363162,0.00188952087375254,1,0.999253354069792,40.0298881530762,2.00062862872251,14.9299995973706,45.1731024023478,8.3108438406474,250,-0.0115541723591107,8.26493965467759,0.0230875706587032,299.9933167,299.9945068,19210.3671875,19300.2578125,55.534706291352,20.5361952341491,8.512546,0,0,0,40,4449,299.9254,19255.3125,,,,,,,,,,,,,0,,,,31.9161835,,,,,,299.99391175,,,,
,26459213.5,299.9938354,19060.5078125,8.26409877349096,0.00219095411708425,1,0.999253354069792,40.0298881530762,2.00017966352405,14.919999986887,45.1484339144193,8.31358494790749,250,-0.0102636984121206,8.26246702922723,0.0243692294506297,299.9938354,299.9938354,19060.5078125,19060.5078125,56.1193644237367,20.540557181014,8.512546,0,0,0,40,4449,299.9203,19060.5078125,,,,,,,,,,,,,0,,,,31.9161835,,,,,,299.9938354,,,,
,26459214.18,299.99356075,18995.6640625,8.25799229760118,0.00256500203325801,1,0.999253354069792,40.0298881530762,2.00069341933074,14.919999986887,45.1251035907445,8.31634285404984,250,-0.00900804236789299,8.25635656999128,0.0255994860018739,299.9932861,299.9938354,18930.8203125,19060.5078125,56.0646504273905,20.5384038901567,8.512546,0,0,0,40,4449,299.9197,18995.6640625,,,,,,,,,,,,,0,,,,31.9161835,,,,,,299.99356075,,,,
,26459215.32,299.99311825,18880.88671875,8.25932435396188,0.00241000790906563,1,0.999253354069792,40.0298881530762,2.00024295954713,14.919999986887,45.1259469569654,8.29715023798385,250,-0.01243561685608,8.25770276475393,0.0221791292228402,299.9929504,299.9932861,18830.953125,18930.8203125,56.4460851447752,20.5404521613942,8.512546,0,0,0,40,4449,299.9175,18880.88671875,,,,,,,,,,,,,0,,,,31.9161835,,,,,,299.99311825,,,,
,26459216.405,299.9936218,18771.0244140625,8.25152180261283,0.00252207735855122,1,0.999253354069792,40.0298881530762,2.00062152879871,14.919999986887,45.0886498741942,8.30692525747989,250,-0.00948051819801327,8.24988917921237,0.025101746846414,299.9929504,299.9942932,18711.095703125,18830.953125,55.5565918898905,20.5398369579883,8.884414,0,0,0,40,4449,299.916,18771.0244140625,,,,,,,,,,,,,0,,,,31.9161835,,,,,,299.9936218,,,,
,26459217.615,299.99446105,18651.3095703125,8.24929804620482,0.00247705100115187,1,0.999253354069792,40.0298881530762,2.00064990014,14.919999986887,45.0782436728154,8.29874050602012,250,-0.0105881367647326,8.24767018001315,0.0239858688695169,299.9942932,299.9946289,18591.5234375,18711.095703125,56.1279623374482,20.5414119198499,8.512546,0,0,0,40,4449,299.91475,18651.3095703125,,,,,,,,,,,,,0,,,,32.2350121,,,,,,299.99446105,,,,
,26459218.73,299.9953003,18541.4443359375,8.2512227916525,0.00208841623812957,1,0.999253354069792,40.0298881530762,2.00041240669472,14.919999986887,45.0845138983487,8.29447655030333,250,-0.0115508202069894,8.24959821311943,0.0230325063943418,299.9946289,299.9959717,18491.365234375,18591.5234375,56.0193159732752,20.5357714850492,9.256284,0,0,0,40,4449,299.91145,18541.4443359375,,,,,,,,,,,,,0,,,,32.2350121,,,,,,299.9953003,,,,
,26459219.73,299.99479675,18441.4169921875,8.24279264127458,0.00268487580389391,1,0.999253354069792,40.0298881530762,2.00096387436946,14.9299995973706,45.0485015842863,8.29929897973842,250,-0.00951387434767322,8.24116130492039,0.0250345765807739,299.9936218,299.9959717,18391.46875,18491.365234375,55.5300165202367,20.5395668629598,9.256284,0,0,0,40,4449,299.90915,18441.4169921875,,,,,,,,,,,,,0,,,,31.9161835,,,,,,299.99479675,,,,
,26459220.875,299.99391175,18326.5966796875,8.24439657789609,0.00227462350976257,1,0.999253354069792,40.0298881530762,2.00057694296485,14.919999986887,45.0495262790653,8.29530299520413,250,-0.0102571735015177,8.24276823047155,0.024298882634605,299.9936218,299.9942017,18261.724609375,18391.46875,56.279598270179,20.5406617528647,8.512546,0,0,0,40,4449,299.90845,18326.5966796875,,,,,,,,,,,,,0,,,,31.5973549,,,,,,299.99391175,,,,
,26459222,299.9937592,18211.818359375,8.24615822916685,0.00227903868163749,1,0.999253354069792,40.0298881530762,2.00051571283428,14.919999986887,45.0578804127053,8.29643780305047,250,-0.0103314999049033,8.24452981446133,0.0242326650359714,299.9933167,299.9942017,18161.912109375,18261.724609375,56.3460366943136,20.5361269803485,9.256284,0,0,0,40,4449,299.9079,18211.818359375,,,,,,,,,,,,,0,,,,31.5973549,,,,,,299.9937592,,,,
,26459223.09,299.99340825,18101.990234375,8.23652602045426,0.00248838289840824,1,0.999253354069792,40.0298881530762,2.00057920047235,14.919999986887,45.0062847203917,8.28892691540256,250,-0.00996798678567042,8.23489807611783,0.0245564146007253,299.9933167,299.9934998,18042.068359375,18161.912109375,56.391371148429,20.5443855576122,8.512546,0,0,0,40,4449,299.90735,18101.990234375,,,,,,,,,,,,,0,,,,31.5973549,,,,,,299.99340825,,,,
,26459224.29,299.9933777,17982.1748046875,8.23539598695015,0.00247553840331109,1,0.999253354069792,40.0298881530762,2.0006324128963,14.9299995973706,44.9998284694872,8.29581188500202,250,-0.00853857664130819,8.2337621877971,0.0259818605203943,299.9932556,299.9934998,17922.28125,18042.068359375,55.5878570306597,20.5332727416307,8.884414,0,0,0,40,4449,299.9044,17982.1748046875,,,,,,,,,,,,,0,,,,31.9161835,,,,,,299.9933777,,,,
,26459225.33,299.99316405,17877.3427734375,8.23881579521427,0.00176289687518921,1,0.999253354069792,40.0298881530762,2.00056122386255,14.919999986887,45.0185449570148,8.29038622432282,250,-0.0101139966836184,8.23718789413956,0.024421896347933,299.9930725,299.9932556,17832.404296875,17922.28125,56.4922012274098,20.5401121895926,9.256284,0,0,0,40,4449,299.90275,17877.3427734375,,,,,,,,,,,,,0,,,,32.2350121,,,,,,299.99316405,,,,
,26459226.335,299.99334715,17777.5107421875,8.23312301690485,0.00250903132517633,1,0.999253354069792,40.0298881530762,2.00070327560453,14.9299995973706,44.9890616646075,8.29326613429034,250,-0.00863675670204493,8.23148997749664,0.0258754422582147,299.9930725,299.9936218,17722.6171875,17832.404296875,55.9130144946598,20.5439052031177,8.884414,0,0,0,40,4449,299.90335,17777.5107421875,,,,,,,,,,,,,0,,,,31.9161835,,,,,,299.99334715,,,,
,26459227.51,299.99263,17662.6494140625,8.23348676711271,0.00202075158167151,1,0.999253354069792,40.0298881530762,2.00062177802467,14.919999986887,44.9923681970661,8.2765610031947,250,-0.0117026074761215,8.23186664143903,0.0228125870393438,299.9916382,299.9936218,17602.681640625,17722.6171875,55.8332883856982,20.5356325541763,9.256284,0,0,0,40,4449,299.90175,17662.6494140625,,,,,,,,,,,,,0,,,,31.5973549,,,,,,299.99263,,,,
,26459228.555,299.9917755,17557.7421875,8.22905965813683,0.00252473985149119,1,0.999253354069792,40.0298881530762,2.000721790426,14.919999986887,44.9678372074662,8.28616404778724,250,-0.00919848692939363,8.22743013207023,0.0252982730275434,299.9916382,299.9919128,17512.802734375,17602.681640625,56.1389051367175,20.5391713001379,8.884414,0,0,0,40,4449,299.90135,17557.7421875,,,,,,,,,,,,,0,,,,31.5973549,,,,,,299.9917755,,,,
,26459229.52,299.991394,17457.8623046875,8.23191530205276,0.00202997982275994,1,0.999253354069792,40.0298881530762,2.0006958380222,14.919999986887,44.98484147225,8.27832149233542,250,-0.0111449109325454,8.23029341569052,0.0233648024382526,299.9908752,299.9919128,17402.921875,17512.802734375,55.9536591776598,20.5450295411546,8.512546,0,0,0,40,4449,299.90105,17457.8623046875,,,,,,,,,,,,,0,,,,31.5973549,,,,,,299.991394,,,,
,26459230.7,299.9911804,17343.0751953125,8.23381699815735,0.00206601028323031,1,0.999253354069792,40.0298881530762,2.00021351047622,14.9299995973706,44.9854598599512,8.27397588826448,250,-0.0119378084420334,8.23219803595087,0.0225808632453702,299.9908752,299.9914856,17283.228515625,17402.921875,56.8947399148137,20.5422979795336,9.256284,0,0,0,40,4449,299.8996,17343.0751953125,,,,,,,,,,,,,0,,,,31.75598815,,,,,,299.9911804,,,,
,26459231.85,299.9910126,17228.3203125,8.23012129494348,0.00215895781750144,1,0.999253354069792,40.0298881530762,2.00017340656594,14.919999986887,44.9645758050814,8.26909637162962,250,-0.0121168703329013,8.22850382863603,0.0223869181332187,299.9905396,299.9914856,17173.412109375,17283.228515625,56.5484784807944,20.5384144912302,8.884414,0,0,0,40,4449,299.9,17228.3203125,,,,,,,,,,,,,0,,,,32.07481675,,,,,,299.9910126,,,,
,26459232.97,299.9911194,17113.5087890625,8.22654643965552,0.00234755274850174,1,0.999253354069792,40.0298881530762,2.0003402389373,14.919999986887,44.9485822142111,8.26680426194986,250,-0.0119970605667608,8.22492912748901,0.0224920923637226,299.9905396,299.9916992,17053.60546875,17173.412109375,56.1052951103906,20.5408429669962,8.512546,0,0,0,40,4449,299.90185,17113.5087890625,,,,,,,,,,,,,0,,,,32.07481675,,,,,,299.9911194,,,,
,26459235,299.9902649,16913.7734375,8.22462152257444,0.00219359337351581,1,0.999253354069792,40.0298881530762,2.00018324685747,14.919999986887,44.9353310079491,8.26044493335285,250,-0.012690096270657,8.22300762860259,0.0217925556060824,299.9902649,299.9902649,16903.802734375,16923.744140625,56.0271322584675,20.5393809799961,9.256284,0,0,0,40,4449,299.89935,16913.7734375,,,,,,,,,,,,,0,,,,32.2350121,,,,,,299.9902649,,,,
,26459235.665,299.98962405,16843.8876953125,8.22353240894435,0.00209415474954124,1,0.999253354069792,40.0298881530762,2.00025499350531,14.919999986887,44.9271302396435,8.28025313010856,250,-0.00891490681819111,8.22190307397369,0.0255627196791665,299.9889832,299.9902649,16783.97265625,16903.802734375,55.6027079725251,20.5419949260013,8.512546,0,0,0,40,4449,299.8999,16843.8876953125,,,,,,,,,,,,,0,,,,32.2350121,,,,,,299.98962405,,,,
,26459236.72,299.98973085,16738.9931640625,8.2226378938481,0.00200640451014345,1,0.999253354069792,40.0298881530762,2.00035716013571,14.919999986887,44.9286804610304,8.2571079435928,250,-0.0130621960625514,8.22102604414155,0.0214130495664411,299.9889832,299.9904785,16694.013671875,16783.97265625,55.5182920924482,20.5390223574539,9.256284,0,0,0,40,4449,299.9002,16738.9931640625,,,,,,,,,,,,,0,,,,32.2350121,,,,,,299.98973085,,,,
,26459237.74,299.9902649,16639.078125,8.21928480891435,0.00201778434245115,1,0.999253354069792,40.0298881530762,2.00052223685441,14.9299995973706,44.9122009972579,8.26394792839055,250,-0.0113102170706836,8.21766610228872,0.0231509262330406,299.9900513,299.9904785,16584.142578125,16694.013671875,55.5300165202367,20.5429314726111,9.256284,0,0,0,40,4449,299.9019,16639.078125,,,,,,,,,,,,,0,,,,32.2350121,,,,,,299.9902649,,,,
,26459238.795,299.9906311,16533.9931640625,8.21306347137367,0.00236107895548384,1,0.999253354069792,40.0298881530762,2.00042896952623,14.9299995973706,44.8749805032579,8.26371023501509,250,-0.0101316808278282,8.2114409436364,0.024303458087602,299.9900513,299.9912109,16483.84375,16584.142578125,55.2947463359481,20.542390174141,9.256284,0,0,0,40,4449,299.90375,16533.9931640625,,,,,,,,,,,,,0,,,,31.9161835,,,,,,299.9906311,,,,
,26459239.695,299.9912109,16443.7265625,8.21597989646314,0.00206533765139013,1,0.999253354069792,40.0298881530762,2.00032488510978,14.9299995973706,44.8901101434642,8.25828320834895,250,-0.0115897587647207,8.21436266426938,0.0228584309931997,299.9912109,299.9912109,16403.609375,16483.84375,55.4604515820251,20.5451282080399,8.884414,0,0,0,40,4449,299.90345,16443.7265625,,,,,,,,,,,,,0,,,,31.9161835,,,,,,299.9912109,,,,
,26459240.67,299.99053955,16348.6884765625,8.21116701238528,0.00211566027476009,1,0.999253354069792,40.0298881530762,2.00042977844584,14.9299995973706,44.8652286635904,8.25860800772768,250,-0.0107157428328091,8.20954723989876,0.0237126660351086,299.9898682,299.9912109,16293.767578125,16403.609375,56.1076399959482,20.5368466408905,8.512546,0,0,0,40,4449,299.903,16348.6884765625,,,,,,,,,,,,,0,,,,32.07481675,,,,,,299.99053955,,,,
,26459241.715,299.98892215,16243.7978515625,8.20624482223439,0.00248897904069035,1,0.999253354069792,40.0298881530762,2.00068123295023,14.9299995973706,44.8447259707637,8.24983862302206,250,-0.0115940465087965,8.20463016587948,0.0228144632181255,299.9879761,299.9898682,16193.828125,16293.767578125,54.1824889530827,20.5456256199177,8.512546,0,0,0,40,4449,299.90305,16243.7978515625,,,,,,,,,,,,,0,,,,31.75598815,,,,,,299.98892215,,,,
,26459242.75,299.98822025,16138.9321289062,8.20370195799203,0.00256786674299281,1,0.999253354069792,40.0298881530762,2.0003920021555,14.919999986887,44.8228395705934,8.25514889739564,250,-0.00993801499369533,8.2020810482478,0.0244598928309582,299.9879761,299.9884644,16084.0361328125,16193.828125,56.1013869677944,20.5362748098905,8.884414,0,0,0,40,4449,299.9043,16138.9321289062,,,,,,,,,,,,,0,,,,31.75598815,,,,,,299.98822025,,,,
,26459243.875,299.9883118,16024.05078125,8.20607789186938,0.00245479821850644,1,0.999253354069792,40.0298881530762,2.00040072956731,14.919999986887,44.8366621888101,8.2540642956011,250,-0.0105841356526346,8.20445912474247,0.0238244615799231,299.9881592,299.9884644,15964.0654296875,16084.0361328125,55.7176073648521,20.5432967339616,8.512546,0,0,0,40,4449,299.90445,16024.05078125,,,,,,,,,,,,,0,,,,31.9146214,,,,,,299.9883118,,,,
,26459244.915,299.987854,15919.0815429687,8.19982590868339,0.00224861818032405,1,0.999253354069792,40.0298881530762,2.00042073732647,14.919999986887,44.804943759066,8.23704763928294,250,-0.012555437820801,8.19821674492539,0.0218280511211569,299.9875488,299.9881592,15874.09765625,15964.0654296875,56.6758839294291,20.5387247800597,8.512546,0,0,0,40,4449,299.9034,15919.0815429687,,,,,,,,,,,,,0,,,,31.75598815,,,,,,299.987854,,,,
,26459246.075,299.987442,15804.2451171875,8.19769587344874,0.00231825764316368,1,0.999253354069792,40.0298881530762,2.00058907502031,14.919999986887,44.7954527930567,8.24381741431627,250,-0.0110453653712076,8.19608089620497,0.0233292848071391,299.9873352,299.9875488,15734.392578125,15874.09765625,56.2756901275829,20.5391953548544,9.256284,0,0,0,40,4449,299.905,15804.2451171875,,,,,,,,,,,,,0,,,,31.5973549,,,,,,299.987442,,,,
,26459247.355,299.98693845,15679.5400390625,8.19408349564094,0.00262266509923987,1,0.999253354069792,40.0298881530762,2.00063303357098,14.919999986887,44.7768735640596,8.23927972297769,250,-0.0112387462647626,8.19247018785704,0.0231210637503968,299.9865417,299.9873352,15624.6875,15734.392578125,55.4284048127366,20.5397335599413,9.256284,0,0,0,40,4449,299.90795,15679.5400390625,,,,,,,,,,,,,0,,,,31.9161835,,,,,,299.98693845,,,,
,26459248.39,299.98672485,15579.68359375,8.19793441281346,0.00235384147312188,1,0.999253354069792,40.0298881530762,2.00011179764141,14.9299995973706,44.7867467506743,8.23994746134672,250,-0.0114477212021829,8.19632124038937,0.0229285400803303,299.9865417,299.986908,15534.6796875,15624.6875,55.568316317679,20.5450618964324,9.256284,0,0,0,40,4449,299.90995,15579.68359375,,,,,,,,,,,,,0,,,,32.2350121,,,,,,299.98672485,,,,
,26459249.375,299.986908,15479.8247070313,8.20013341876124,0.00160277844778462,1,0.999253354069792,40.0298881530762,2.00017048807363,14.919999986887,44.8011625773842,8.23634498857123,250,-0.0125587593310345,8.19852434724867,0.0218275408604703,299.986908,299.986908,15424.9697265625,15534.6796875,55.5964549443713,20.5373737182149,8.512546,0,0,0,40,4449,299.9095,15479.8247070313,,,,,,,,,,,,,0,,,,32.2350121,,,,,,299.986908,,,,
,26459250.43,299.9863892,15370.0166015625,8.19791223690729,0.00184705814424491,1,0.999253354069792,40.0298881530762,2.0003921064413,14.919999986887,44.7943008466855,8.23265288593351,250,-0.0129862326661192,8.1963055095182,0.021391418822763,299.9858704,299.986908,15315.0634765625,15424.9697265625,55.9106696091021,20.5433674132067,9.256284,0,0,0,40,4449,299.90955,15370.0166015625,,,,,,,,,,,,,0,,,,32.07481675,,,,,,299.9863892,,,,
,26459251.435,299.9858704,15270.1665039062,8.19496039489887,0.00185852356519725,1,0.999253354069792,40.0298881530762,2.00024122575371,14.919999986887,44.7729363299645,8.23956721747672,250,-0.0110625643015326,8.19334632350264,0.0233026613507886,299.9858704,299.9858704,15225.26953125,15315.0634765625,55.9309919506021,20.5387332170975,8.512546,0,0,0,40,4449,299.91095,15270.1665039062,,,,,,,,,,,,,0,,,,31.75598815,,,,,,299.9858704,,,,
,26459252.46,299.9861298,15170.3076171875,8.18669455809316,0.00205378623011487,1,0.999253354069792,40.0298881530762,2.00037578514155,14.9299995973706,44.7315026093764,8.22751288031389,250,-0.0118359160806015,8.18508528704188,0.0224952135787701,299.9858704,299.9863892,15115.345703125,15225.26953125,54.8226427103327,20.5391615877177,9.256284,0,0,0,40,4449,299.91185,15170.3076171875,,,,,,,,,,,,,0,,,,31.75598815,,,,,,299.9861298,,,,
,26459254.505,299.9865112,14960.4296875,8.18980778518657,0.00189474701961453,1,0.999253354069792,40.0298881530762,2.00018029286802,14.919999986887,44.7445939598739,8.22799846445024,250,-0.0121817204988864,8.18819912618609,0.0221634955779515,299.9865112,299.9865112,14955.4326171875,14965.4267578125,55.883312610929,20.5411502970178,8.884414,0,0,0,40,4449,299.91295,14960.4296875,,,,,,,,,,,,,0,,,,31.9161835,,,,,,299.9865112,,,,
,26459255.145,299.9860077,14900.462890625,8.18087444564268,0.00238851635947773,1,0.999253354069792,40.0298881530762,2.00058248801937,14.9299995973706,44.7038544454865,8.22437493291738,250,-0.0114841259429337,8.1792647875206,0.0228238659759482,299.9855042,299.9865112,14845.4931640625,14955.4326171875,55.0993392061404,20.5441406279687,9.256284,0,0,0,40,4449,299.9125,14900.462890625,,,,,,,,,,,,,0,,,,32.07481675,,,,,,299.9860077,,,,
,26459256.21,299.98544315,14795.7275390625,8.18011329890966,0.00192544067652724,1,0.999253354069792,40.0298881530762,2.0005256463815,14.919999986887,44.6971777609987,8.23028651895381,250,-0.0102195625421924,8.17849862571005,0.0240853650016693,299.9853821,299.9855042,14745.9619140625,14845.4931640625,56.1693886489675,20.5431628642723,9.256284,0,0,0,40,4449,299.91375,14795.7275390625,,,,,,,,,,,,,0,,,,32.07481675,,,,,,299.98544315,,,,
,26459257.3,299.9850159,14686.048828125,8.18172103729908,0.0018848773139578,1,0.999253354069792,40.0298881530762,2.00034202198201,14.919999986887,44.7035906360775,8.22239191130177,250,-0.0118285782974583,8.18011287477296,0.0224838328573331,299.9846497,299.9853821,14626.1357421875,14745.9619140625,55.761378561929,20.5446379454291,9.256284,0,0,0,40,4449,299.91495,14686.048828125,,,,,,,,,,,,,0,,,,32.2350121,,,,,,299.9850159,,,,
,26459258.495,299.98532105,14566.2250976562,8.17613704637491,0.00253885357084352,1,0.999253354069792,40.0298881530762,2.00042185146419,14.919999986887,44.6745109897008,8.2187534045299,250,-0.0115182317424569,8.17452857713052,0.0227711672223437,299.9846497,299.9859924,14506.314453125,14626.1357421875,56.1897109904675,20.5455531361069,8.512546,0,0,0,40,4449,299.91615,14566.2250976562,,,,,,,,,,,,,0,,,,32.2350121,,,,,,299.98532105,,,,
,26459259.55,299.9848785,14461.3354492187,8.17339588134328,0.00237014712794696,1,0.999253354069792,40.0298881530762,2.00027883479615,14.919999986887,44.6549656259147,8.2232775014338,250,-0.0100772372632673,8.17178202145214,0.024200756063539,299.9837646,299.9859924,14416.3564453125,14506.314453125,55.8285986145828,20.5368200141344,9.256284,0,0,0,40,4449,299.9174,14461.3354492187,,,,,,,,,,,,,0,,,,32.2350121,,,,,,299.9848785,,,,
,26459261.41,299.9838867,14276.56640625,8.1759825660168,0.00251055239027176,1,0.999253354069792,40.0298881530762,2.00030776846304,14.919999986887,44.6732035997314,8.20725775875919,250,-0.0135115374457588,8.1743828261274,0.02077859572236,299.9838867,299.9838867,14266.52734375,14286.60546875,55.7605969334098,20.5390419193801,9.256284,0,0,0,40,4449,299.92015,14276.56640625,,,,,,,,,,,,,0,,,,31.5973549,,,,,,299.9838867,,,,
,26459262.09,299.98382565,14206.5844726563,8.16621530893458,0.00255401096510539,1,0.999253354069792,40.0298881530762,2.00036617612227,14.9299995973706,44.6172465547999,8.21849811263037,250,-0.00968582636320436,8.16460148478683,0.0245629634711947,299.9837646,299.9838867,14146.6416015625,14266.52734375,54.0316346488711,20.543341272694,8.512546,0,0,0,40,4449,299.91995,14206.5844726563,,,,,,,,,,,,,0,,,,31.9161835,,,,,,299.98382565,,,,
,26459263.255,299.98368835,14091.720703125,8.17035866413677,0.00178858667351792,1,0.999253354069792,40.0298881530762,2.00015347605529,14.919999986887,44.6375688203289,8.20935155922289,250,-0.0119733573613146,8.16875357980056,0.0222938510548061,299.9836121,299.9837646,14036.7998046875,14146.6416015625,55.8262537290251,20.5404334783701,8.884414,0,0,0,40,4449,299.9201,14091.720703125,,,,,,,,,,,,,0,,,,32.2350121,,,,,,299.98368835,,,,
,26459264.35,299.98425295,13982.0302734375,8.16700524431103,0.0021399995009827,1,0.999253354069792,40.0298881530762,2.00024274823526,14.919999986887,44.6209196396481,8.20778540384249,250,-0.0117041650539726,8.16539948839987,0.0225494688969749,299.9836121,299.9848938,13927.2607421875,14036.7998046875,55.3299196193135,20.5449998691618,8.512546,0,0,0,40,4449,299.9203,13982.0302734375,,,,,,,,,,,,,0,,,,32.2350121,,,,,,299.98425295,,,,
,26459265.46,299.9840393,13872.265625,8.16825205286001,0.00202005424990401,1,0.999253354069792,40.0298881530762,2.00019966157954,14.919999986887,44.6273296924706,8.2059811608857,250,-0.0122345988560277,8.16664828896946,0.0220248343102395,299.9831848,299.9848938,13817.2705078125,13927.2607421875,55.9372449787559,20.5416188506259,8.884414,0,0,0,40,4449,299.9211,13872.265625,,,,,,,,,,,,,0,,,,32.07481675,,,,,,299.9840393,,,,
,26459266.525,299.98350525,13767.423828125,8.16480704386422,0.001857743432648,1,0.999253354069792,40.0298881530762,2.00035153428711,14.919999986887,44.6095244313542,8.21545389156743,250,-0.00997309313565874,8.16319462984963,0.0242716879052209,299.9831848,299.9838257,13717.5771484375,13817.2705078125,56.1209276807752,20.5451119683886,9.256284,0,0,0,40,4449,299.92325,13767.423828125,,,,,,,,,,,,,0,,,,31.75598815,,,,,,299.98350525,,,,
,26459267.54,299.98373415,13662.5356445313,8.15230490217516,0.00294669778759689,1,0.999253354069792,40.0298881530762,2.00082958860928,14.919999986887,44.5491074853166,8.21818344687489,250,-0.00750661450155406,8.1506845020715,0.0266863354309498,299.9836426,299.9838257,13607.494140625,13717.5771484375,55.9528775491405,20.5497624395358,9.256284,0,0,0,40,4449,299.9191,13662.5356445313,,,,,,,,,,,,,0,,,,31.5973549,,,,,,299.98373415,,,,
,26459268.615,299.9837494,13552.5424804687,8.14946960604077,0.00239633541860129,1,0.999253354069792,40.0298881530762,2.00063001651188,14.919999986887,44.5321622505366,8.19900133063466,250,-0.01034683331611,8.14786158830234,0.0238358404154759,299.9836426,299.9838562,13497.5908203125,13607.494140625,55.8348516427367,20.5451946051542,9.256284,0,0,0,40,4449,299.9156,13552.5424804687,,,,,,,,,,,,,0,,,,31.9161835,,,,,,299.9837494,,,,
,26459269.665,299.9834137,13447.6831054687,8.1538981977344,0.0022510018122543,1,0.999253354069792,40.0298881530762,2.00066791411784,14.9299995973706,44.5580508949714,8.19893885580552,250,-0.0112074849183528,8.15229296339308,0.0229942495897916,299.9829712,299.9838562,13397.775390625,13497.5908203125,55.2533200244289,20.5412514231972,9.256284,0,0,0,40,4449,299.9173,13447.6831054687,,,,,,,,,,,,,0,,,,32.2350121,,,,,,299.9834137,,,,
,26459270.695,299.9828949,13347.7856445313,8.15336303970021,0.00223913860027476,1,0.999253354069792,40.0298881530762,2.00032437117436,14.919999986887,44.5487319966686,8.19129984266341,250,-0.0122559299006339,8.1517624295636,0.0219441660470437,299.9828186,299.9829712,13297.7958984375,13397.775390625,55.6879054811213,20.5447873107973,8.512546,0,0,0,40,4449,299.9182,13347.7856445313,,,,,,,,,,,,,0,,,,32.07481675,,,,,,299.9828949,,,,
,26459271.795,299.98257445,13237.5,8.14847865573716,0.00284434119612006,1,0.999253354069792,40.0298881530762,2.00063029452621,14.919999986887,44.5269464481854,8.19697130670668,250,-0.0105361088995164,8.14687187150535,0.0236436382530623,299.9823303,299.9828186,13177.2041015625,13297.7958984375,55.7973334738136,20.5453520414454,8.512546,0,0,0,40,4449,299.9188,13237.5,,,,,,,,,,,,,0,,,,32.07481675,,,,,,299.98257445,,,,
,26459272.845,299.98265075,13132.1596679688,8.14689073104272,0.00267640591689311,1,0.999253354069792,40.0298881530762,2.00058148707572,14.9299995973706,44.5178190915372,8.19189600161304,250,-0.011135476702051,8.14528671428848,0.0230382045507734,299.9823303,299.9829712,13087.115234375,13177.2041015625,55.7066645655828,20.5419236943623,9.256284,0,0,0,40,4449,299.9193,13132.1596679688,,,,,,,,,,,,,0,,,,31.9161835,,,,,,299.98265075,,,,
,26459273.945,299.98231505,13022.197265625,8.14296243594908,0.00241393866043954,1,0.999253354069792,40.0298881530762,2.00059828436788,14.9299995973706,44.4941986809868,8.20159893836106,250,-0.00864360099047673,8.14134882992916,0.0255134529334838,299.9816589,299.9829712,12957.279296875,13087.115234375,55.4190252705059,20.5470792852142,8.884414,0,0,0,40,4449,299.92085,13022.197265625,,,,,,,,,,,,,0,,,,31.5973549,,,,,,299.98231505,,,,
,26459275.18,299.98202515,12897.3081054687,8.14279379204878,0.00198093654425012,1,0.999253354069792,40.0298881530762,2.00071446091967,14.919999986887,44.4958482276265,8.20161134893833,250,-0.00869538925206978,8.14118049094764,0.0254613166583195,299.9816589,299.9823914,12837.3369140625,12957.279296875,55.7598153048905,20.5410727627646,9.256284,0,0,0,40,4449,299.923,12897.3081054687,,,,,,,,,,,,,0,,,,31.5973549,,,,,,299.98202515,,,,
,26459276.32,299.98262025,12782.3334960938,8.14252712693498,0.00176730926074079,1,0.999253354069792,40.0298881530762,2.00071518557435,14.919999986887,44.4969777850599,8.18747330080515,250,-0.0112347610295059,8.14092430099399,0.0229218796579894,299.9823914,299.9828491,12727.330078125,12837.3369140625,56.2639656997944,20.5404178832486,8.512546,0,0,0,40,4449,299.92335,12782.3334960938,,,,,,,,,,,,,0,,,,31.9161835,,,,,,299.98262025,,,,
,26459277.43,299.98257445,12672.3486328125,8.14173218347415,0.00252670357437587,1,0.999253354069792,40.0298881530762,2.00008817786321,14.919999986887,44.480563913217,8.17596641488437,250,-0.0127366986012198,8.14013579040266,0.0214173507881338,299.9822998,299.9828491,12617.3671875,12727.330078125,54.190305238275,20.545893519479,8.512546,0,0,0,40,4449,299.92425,12672.3486328125,,,,,,,,,,,,,0,,,,32.2350121,,,,,,299.98257445,,,,
,26459278.61,299.9821472,12557.4907226563,8.14321247512309,0.00190791704268478,1,0.999253354069792,40.0298881530762,1.99981840705929,14.919999986887,44.4836445697555,8.17183775884228,250,-0.0135706112740213,8.1416193879127,0.0205900300641209,299.9819946,299.9822998,12497.6142578125,12617.3671875,56.3038287542752,20.5385832509439,9.256284,0,0,0,40,4449,299.927,12557.4907226563,,,,,,,,,,,,,0,,,,31.9161835,,,,,,299.9821472,,,,
,26459279.725,299.981781,12447.669921875,8.14108512923521,0.00193349474082725,1,0.999253354069792,40.0298881530762,1.9998870043773,14.9299995973706,44.4737757435359,8.16854816812899,250,-0.0138289179529657,8.13949363129954,0.0203232211114653,299.9815674,299.9819946,12397.7255859375,12497.6142578125,55.6925952522367,20.5366835373188,9.256284,0,0,0,40,4449,299.9284,12447.669921875,,,,,,,,,,,,,0,,,,31.9161835,,,,,,299.981781,,,,
,26459280.805,299.9823456,12337.8569335938,8.13209102457123,0.00229484587740078,1,0.999253354069792,40.0298881530762,2.00044730258016,14.9299995973706,44.433325247911,8.18034302977441,250,-0.0104108131276793,8.1304867924534,0.0237034205384064,299.9815674,299.9831238,12277.98828125,12397.7255859375,56.2483331294098,20.5442389285559,8.512546,0,0,0,40,4449,299.9287,12337.8569335938,,,,,,,,,,,,,0,,,,32.2350121,,,,,,299.9823456,,,,
,26459281.915,299.9827576,12223.0834960938,8.12843904371958,0.00220673105195005,1,0.999253354069792,40.0298881530762,2.00036162945071,14.9299995973706,44.411243086044,8.17779972110126,250,-0.010137300174723,8.12683422210191,0.0239621714669317,299.9823914,299.9831238,12168.1787109375,12277.98828125,54.078532360025,20.5414465774149,9.256284,0,0,0,40,4449,299.92845,12223.0834960938,,,,,,,,,,,,,0,,,,31.9161835,,,,,,299.9827576,,,,
,26459283.095,299.98240665,12108.2797851562,8.1244288708729,0.00261352164885418,1,0.999253354069792,40.0298881530762,2.00047226338914,14.9299995973706,44.393156992433,8.16648942403368,250,-0.0115452413306462,8.12283083775804,0.0225380636887058,299.9823914,299.9824219,12048.380859375,12168.1787109375,55.8801860968521,20.5424396219663,8.884414,0,0,0,40,4449,299.93,12108.2797851562,,,,,,,,,,,,,0,,,,31.75598815,,,,,,299.98240665,,,,
,26459284.25,299.98298645,11993.412109375,8.12540531327215,0.00233067974629573,1,0.999253354069792,40.0298881530762,2.0003905976116,14.919999986887,44.396691711062,8.16732344801623,250,-0.011514349028914,8.12380675464189,0.0225733000307042,299.9824219,299.983551,11938.443359375,12048.380859375,55.6996299089097,20.537062863537,8.884414,0,0,0,40,4449,299.9324,11993.412109375,,,,,,,,,,,,,0,,,,32.07481675,,,,,,299.98298645,,,,
,26459285.32,299.9831543,11883.416015625,8.11911570990782,0.00231479283685721,1,0.999253354069792,40.0298881530762,2.00078363393928,14.919999986887,44.369653776479,8.16886007147202,250,-0.010353506804836,8.11751346749547,0.0237079262119276,299.9827576,299.983551,11828.388671875,11938.443359375,54.3067678876404,20.5504435280484,9.256284,0,0,0,40,4449,299.9335,11883.416015625,,,,,,,,,,,,,0,,,,32.2350121,,,,,,299.9831543,,,,
,26459286.39,299.98266605,11778.3666992187,8.1191471357985,0.00284639148298895,1,0.999253354069792,40.0298881530762,2.00053824479238,14.919999986887,44.3656492680977,8.16183503274673,250,-0.0114670258145211,8.11754965847629,0.0225952438510151,299.9825745,299.9827576,11728.3447265625,11828.388671875,56.5148684544675,20.5393579631465,9.256284,0,0,0,40,4449,299.93385,11778.3666992187,,,,,,,,,,,,,0,,,,32.07481675,,,,,,299.98266605,,,,
,26459287.45,299.9827118,11673.416015625,8.12120087305549,0.00213621474472095,1,0.999253354069792,40.0298881530762,2.00010198575818,14.9299995973706,44.3673624416388,8.16257411769207,250,-0.0113953351133951,8.11960262062048,0.0226759994182969,299.9825745,299.9828491,11618.4873046875,11728.3447265625,56.1490663074675,20.5418595565846,8.512546,0,0,0,40,4449,299.9343,11673.416015625,,,,,,,,,,,,,0,,,,32.07481675,,,,,,299.9827118,,,,
,26459288.57,299.98332215,11558.59765625,8.11395941305798,0.00219265363979778,1,0.999253354069792,40.0298881530762,2.0006633625559,14.9299995973706,44.3362344386562,8.17744173609633,250,-0.00774027838708804,8.11234707433911,0.0263003338829615,299.9828491,299.9837952,11498.7080078125,11618.4873046875,55.7840457889867,20.5475966256963,8.884414,0,0,0,40,4449,299.9356,11558.59765625,,,,,,,,,,,,,0,,,,32.2350121,,,,,,299.98332215,,,,
,26459289.58,299.9836731,11458.7880859375,8.11403250033519,0.00253962530332954,1,0.999253354069792,40.0298881530762,2.00036672388129,14.919999986887,44.3335694957598,8.15829891850776,250,-0.0110422526219541,8.11243385996234,0.0229996908024338,299.983551,299.9837952,11418.8681640625,11498.7080078125,55.8489209560828,20.5384201914137,8.512546,0,0,0,40,4449,299.93665,11458.7880859375,,,,,,,,,,,,,0,,,,31.9161835,,,,,,299.9836731,,,,
,26459290.57,299.98280335,11363.908203125,8.10198707192978,0.00300518132392184,1,0.999253354069792,40.0298881530762,2.00075637144815,14.919999986887,44.2742693536972,8.15793934368334,250,-0.00915844393697502,8.10038319359433,0.024832969124353,299.9820557,299.983551,11308.9482421875,11418.8681640625,55.9145777516982,20.5421450837896,9.256284,0,0,0,40,4449,299.9373,11363.908203125,,,,,,,,,,,,,0,,,,31.9161835,,,,,,299.98280335,,,,
,26459291.72,299.98324585,11248.9360351562,8.10806141870646,0.00265505133039663,1,0.999253354069792,40.0298881530762,2.00042939630583,14.9299995973706,44.3018949912639,8.15471625472815,250,-0.0106374425760014,8.10646232953227,0.0233802957250136,299.9820557,299.984436,11188.923828125,11308.9482421875,56.2514596434867,20.54732629315,8.512546,0,0,0,40,4449,299.9375,11248.9360351562,,,,,,,,,,,,,0,,,,32.07481675,,,,,,299.98324585,,,,
,26459292.84,299.9846344,11133.9580078125,8.10640312043272,0.00226865364227118,1,0.999253354069792,40.0298881530762,2.00050224816671,14.919999986887,44.292872838899,8.16159426413912,250,-0.00912435589958644,8.10479755012854,0.0248866856048044,299.984436,299.9848328,11078.9921875,11188.923828125,55.9333368361598,20.5450912133409,8.884414,0,0,0,40,4449,299.9375,11133.9580078125,,,,,,,,,,,,,0,,,,31.75598815,,,,,,299.9846344,,,,
,26459293.97,299.9840088,11018.93359375,8.09721859444998,0.00225028545602756,1,0.999253354069792,40.0298881530762,2.00061387631138,14.919999986887,44.2431728835812,8.16316374474948,250,-0.00721568585847319,8.09560702674084,0.026756842766135,299.9831848,299.9848328,10958.875,11078.9921875,55.9841426899098,20.5405169878834,9.256284,0,0,0,40,4449,299.9387,11018.93359375,,,,,,,,,,,,,0,,,,31.9161835,,,,,,299.9840088,,,,
,26459295.195,299.98435975,10898.962890625,8.10228537829682,0.00253557687636854,1,0.999253354069792,40.0298881530762,2.00037572425672,14.9299995973706,44.2698170657552,8.14522923471935,250,-0.0112656371196978,8.10068960983168,0.0227295932957452,299.9831848,299.9855347,10839.05078125,10958.875,54.9797500426981,20.5456472072056,8.512546,0,0,0,40,4449,299.93845,10898.962890625,,,,,,,,,,,,,0,,,,32.2350121,,,,,,299.98435975,,,,
,26459296.37,299.98495485,10784.0454101562,8.09917267009823,0.00204913904777201,1,0.999253354069792,40.0298881530762,2.00002286053926,14.919999986887,44.2452074030993,8.14065650073326,250,-0.0112699643310083,8.09757730392411,0.022712931959672,299.984375,299.9855347,10729.0400390625,10839.05078125,56.3655774072944,20.5447056732216,8.512546,0,0,0,40,4449,299.93725,10784.0454101562,,,,,,,,,,,,,0,,,,31.9161835,,,,,,299.98495485,,,,
,26459297.41,299.9843292,10679.115234375,8.09746527422857,0.00222085032291973,1,0.999253354069792,40.0298881530762,2.00023622360681,14.919999986887,44.2402589991697,8.14098197055699,250,-0.0110493814620179,8.09586945805666,0.0229269080215573,299.9842834,299.984375,10629.1904296875,10729.0400390625,56.2178496171598,20.5442676571275,8.884414,0,0,0,40,4449,299.9366,10679.115234375,,,,,,,,,,,,,0,,,,31.5973549,,,,,,299.9843292,,,,
,26459298.52,299.98553465,10569.2377929688,8.08686669067862,0.00274556464361608,1,0.999253354069792,40.0298881530762,2.00080965330603,14.9299995973706,44.1928630191767,8.14249295911843,250,-0.00922423562401862,8.08526496892625,0.0247076104311983,299.9842834,299.9867859,10509.28515625,10629.1904296875,55.6644566255444,20.5424227380804,8.512546,0,0,0,40,4449,299.93765,10569.2377929688,,,,,,,,,,,,,0,,,,31.9161835,,,,,,299.98553465,,,,
,26459299.54,299.98587035,10464.28125,8.08286620978305,0.00271555749385108,1,0.999253354069792,40.0298881530762,2.00067512787328,14.9299995973706,44.1689618762297,8.13331469484008,250,-0.0100651214049,8.08126869014694,0.0238505006530925,299.9849548,299.9867859,10419.27734375,10509.28515625,55.4237150416212,20.5428437698386,9.256284,0,0,0,40,4449,299.93855,10464.28125,,,,,,,,,,,,,0,,,,32.2350121,,,,,,299.98587035,,,,
,26459300.5,299.98524475,10364.291015625,8.09169293099153,0.00210726917427372,1,0.999253354069792,40.0298881530762,2.00027796737531,14.919999986887,44.2111728420935,8.12696428500065,250,-0.0125770170852964,8.09010428404395,0.0213768034487858,299.9849548,299.9855347,10309.3046875,10419.27734375,55.7910804456597,20.5445196830756,8.884414,0,0,0,40,4449,299.9373,10364.291015625,,,,,,,,,,,,,0,,,,32.07481675,,,,,,299.98524475,,,,
,26459301.61,299.9855957,10254.3115234375,8.09089563563997,0.00227766324930352,1,0.999253354069792,40.0298881530762,2.00023918641196,14.9299995973706,44.2055358263354,8.12840726671407,250,-0.0121373034426941,8.08930515741855,0.0218135357556624,299.9855347,299.9856567,10199.318359375,10309.3046875,56.3804283491598,20.5403486203495,9.256284,0,0,0,40,4449,299.9379,10254.3115234375,,,,,,,,,,,,,0,,,,31.9146214,,,,,,299.9855957,,,,
,26459302.655,299.9857788,10154.3833007813,8.08902958448494,0.00185828808366553,1,0.999253354069792,40.0298881530762,2.00022058967618,14.9299995973706,44.1943186947527,8.12980654906524,250,-0.0115219422817011,8.08743681538601,0.0224212855306015,299.9856567,299.9859009,10109.4482421875,10199.318359375,55.5495572332174,20.5381287487517,9.256284,0,0,0,40,4449,299.93895,10154.3833007813,,,,,,,,,,,,,0,,,,31.9146214,,,,,,299.9857788,,,,
,26459303.6,299.9857941,10059.4780273438,8.08837294220774,0.00173231204156923,1,0.999253354069792,40.0298881530762,2.00038830793003,14.9400001391768,44.1940488348793,8.13139482077499,250,-0.0112317167873597,8.0867790201889,0.0227093631875223,299.9856873,299.9859009,10009.5078125,10109.4482421875,56.4202914036406,20.5447992598657,9.256284,0,0,0,40,4449,299.9374,10059.4780273438,,,,,,,,,,,,,0,,,,32.07481675,,,,,,299.9857941,,,,
,26459304.67,299.98576355,9949.27294921875,8.08495525670681,0.00222789720948132,1,0.999253354069792,40.0298881530762,2.00022606143016,14.9299995973706,44.1729035152068,8.121808912423,250,-0.0122358669355059,8.08336619402744,0.0216916678018172,299.9856873,299.9858398,9889.0380859375,10009.5078125,54.2121908368134,20.5392186744895,8.512546,0,0,0,40,4449,299.93695,9949.27294921875,,,,,,,,,,,,,0,,,,31.9161835,,,,,,299.98576355,,,,
,26459305.75,299.9855957,9843.9716796875,8.0802398307936,0.00233423652247415,1,0.999253354069792,40.0298881530762,2.00034637083057,14.9299995973706,44.146227576995,8.13642846824811,250,-0.00877284039193015,8.07863718737466,0.0251347922016318,299.9853516,299.9858398,9798.9052734375,9889.0380859375,56.8783257159099,20.5476652234027,8.512546,0,0,0,40,4449,299.93635,9843.9716796875,,,,,,,,,,,,,0,,,,31.9161835,,,,,,299.9855957,,,,
,26459306.805,299.9851685,9738.90234375,8.07608127033054,0.00200307596268736,1,0.999253354069792,40.0298881530762,2.0001959316901,14.919999986887,44.1218447241011,8.12317026541474,250,-0.0103204026554996,8.07448604331793,0.0235705982859738,299.9849854,299.9853516,9678.8994140625,9798.9052734375,55.9208307798521,20.5448952974323,9.256284,0,0,0,40,4449,299.93635,9738.90234375,,,,,,,,,,,,,0,,,,32.07481675,,,,,,299.9851685,,,,
,26459307.935,299.9855652,9623.890625,8.0757169473488,0.00199246670709179,1,0.999253354069792,40.0298881530762,2.00012362383868,14.919999986887,44.119419819897,8.11647134008919,250,-0.0114275654807901,8.07412625973962,0.0224627816203034,299.9849854,299.986145,9568.8818359375,9678.8994140625,56.3264959813329,20.5429492428941,9.256284,0,0,0,40,4449,299.9356,9623.890625,,,,,,,,,,,,,0,,,,31.75598815,,,,,,299.9855652,,,,
,26459309.09,299.98564145,9508.8720703125,8.06876473613174,0.00243829006024732,1,0.999253354069792,40.0298881530762,2.00029719857797,14.9299995973706,44.0835724288555,8.11876788366427,250,-0.00984429008763157,8.06716873229947,0.024017190972637,299.9851379,299.986145,9448.8623046875,9568.8818359375,55.7621601904482,20.5372118449103,8.512546,0,0,0,40,4449,299.935,9508.8720703125,,,,,,,,,,,,,0,,,,31.5973549,,,,,,299.98564145,,,,
,26459310.29,299.98579405,9388.8759765625,8.07015647865135,0.00187988504978567,1,0.999253354069792,40.0298881530762,2.000458692407,14.9299995973706,44.0955578417725,8.11588734345653,250,-0.0107468684628265,8.06856391056844,0.0231208861817518,299.9851379,299.9864502,9328.8896484375,9448.8623046875,55.7840457889867,20.5497009328173,9.256284,0,0,0,40,4449,299.9374,9388.8759765625,,,,,,,,,,,,,0,,,,31.5973549,,,,,,299.98579405,,,,
,26459311.48,299.98658755,9268.869140625,8.06959595000206,0.00228620404257229,1,0.999253354069792,40.0298881530762,2.00026765954683,14.919999986887,44.0899527552053,8.10613641419533,250,-0.012290377163725,8.0680096765662,0.0215759676305515,299.9864502,299.9867249,9208.8486328125,9328.8896484375,56.7212183835445,20.5441015865279,8.512546,0,0,0,40,4449,299.93695,9268.869140625,,,,,,,,,,,,,0,,,,31.5973549,,,,,,299.98658755,,,,
,26459312.495,299.98632815,9168.88037109375,8.06415696578318,0.00194632369176642,1,0.999253354069792,40.0298881530762,2.00051767265014,14.919999986887,44.06226618521,8.11965836276995,250,-0.00898808426355175,8.06255794491902,0.0248554995428272,299.9859314,299.9867249,9128.912109375,9208.8486328125,56.2029986752944,20.5461726239575,8.512546,0,0,0,40,4449,299.935,9168.88037109375,,,,,,,,,,,,,0,,,,31.9161835,,,,,,299.98632815,,,,
,26459313.54,299.98579405,9064.03076171875,8.05315170840095,0.00303072034428831,1,0.999253354069792,40.0298881530762,2.00069772122043,14.9299995973706,44.0039086496443,8.12053821854084,250,-0.00691717201130143,8.05154634720336,0.0268802420930836,299.9856567,299.9859314,8999.1494140625,9128.912109375,56.6391473890252,20.5461850998698,9.256284,0,0,0,40,4449,299.93545,9064.03076171875,,,,,,,,,,,,,0,,,,32.2350121,,,,,,299.98579405,,,,
,26459314.755,299.9858856,8939.150390625,8.05765327498089,0.00230792520445421,1,0.999253354069792,40.0298881530762,2.00042193102123,14.919999986887,44.0254778749626,8.10841064873335,250,-0.00977283246950902,8.05605890199114,0.0240446268348647,299.9856567,299.9861145,8879.1513671875,8999.1494140625,55.5503388617366,20.543194965392,8.512546,0,0,0,40,4449,299.93555,8939.150390625,,,,,,,,,,,,,0,,,,32.2350121,,,,,,299.9858856,,,,
,26459315.835,299.98609925,8834.1953125,8.05336376710852,0.00232048368287157,1,0.999253354069792,40.0298881530762,2.00051005120986,14.919999986887,44.0021953214748,8.11379385306874,250,-0.00805645049735996,8.05176292706953,0.0257433976865908,299.986084,299.9861145,8789.2392578125,8879.1513671875,56.5226847396598,20.5403459503793,9.256284,0,0,0,40,4449,299.9337,8834.1953125,,,,,,,,,,,,,0,,,,32.2350121,,,,,,299.98609925,,,,
,26459316.905,299.9862366,8729.2685546875,8.05845409127338,0.00183580825564517,1,0.999253354069792,40.0298881530762,2.00034766324407,14.919999986887,44.0295704685509,8.1018491553245,250,-0.0110701147357272,8.05686476822329,0.0227522995926789,299.986084,299.9863892,8669.2978515625,8789.2392578125,55.6535138262751,20.5440085491245,9.256284,0,0,0,40,4449,299.93295,8729.2685546875,,,,,,,,,,,,,0,,,,32.07481675,,,,,,299.9862366,,,,
,26459318.1,299.98632815,8609.34375,8.05116221709849,0.00233864843303829,1,0.999253354069792,40.0298881530762,2.00047878800632,14.919999986887,43.990699673671,8.10495763633062,250,-0.00924421797774047,8.04956663410764,0.0245477424453182,299.9862671,299.9863892,8549.3896484375,8669.2978515625,56.2061251893713,20.5460613402189,9.256284,0,0,0,40,4449,299.93325,8609.34375,,,,,,,,,,,,,0,,,,31.75598815,,,,,,299.98632815,,,,
,26459319.175,299.98617555,8504.39501953125,8.04217931138072,0.00213442913198747,1,0.999253354069792,40.0298881530762,2.00044003333485,14.9299995973706,43.9392463003321,8.10407767112714,250,-0.00771201894468976,8.04057912543465,0.0260423581520562,299.986084,299.9862671,8459.400390625,8549.3896484375,55.2845851651982,20.5452595117448,9.256284,0,0,0,40,4449,299.9337,8504.39501953125,,,,,,,,,,,,,0,,,,31.5973549,,,,,,299.98617555,,,,
,26459320.235,299.9861908,8394.43896484375,8.04347072581554,0.00260891039181998,1,0.999253354069792,40.0298881530762,2.00067804394373,14.9299995973706,43.9544929824478,8.08963031104382,250,-0.0107682964365603,8.04188306864825,0.0229924513743736,299.986084,299.9862976,8329.4775390625,8459.400390625,56.3382204091213,20.5412083444182,8.884414,0,0,0,40,4449,299.93505,8394.43896484375,,,,,,,,,,,,,0,,,,31.5973549,,,,,,299.9861908,,,,
,26459321.5,299.98641965,8264.6337890625,8.04195474561101,0.00238125546962475,1,0.999253354069792,40.0298881530762,2.00043134453056,14.919999986887,43.9418958152108,8.08190389975264,250,-0.0117241860097607,8.0403712833885,0.0220309868467971,299.9862976,299.9865417,8199.7900390625,8329.4775390625,55.9395898643136,20.5412288934318,8.512546,0,0,0,40,4449,299.9351,8264.6337890625,,,,,,,,,,,,,0,,,,31.9161835,,,,,,299.98641965,,,,
,26459322.66,299.98605345,8149.75537109375,8.03838930284484,0.00254726741812629,1,0.999253354069792,40.0298881530762,2.00045582934921,14.919999986887,43.9220414798575,8.08325315289802,250,-0.0108343796171325,8.03680287422238,0.0229063178476006,299.9855652,299.9865417,8099.720703125,8199.7900390625,56.2788166416598,20.5422149262714,8.884414,0,0,0,40,4449,299.93405,8149.75537109375,,,,,,,,,,,,,0,,,,32.07481675,,,,,,299.98605345,,,,
,26459323.645,299.9855652,8054.74267578125,8.04058762048517,0.00216698166529893,1,0.999253354069792,40.0298881530762,2.00027221580035,14.9299995973706,43.9300981926556,8.08487488427583,250,-0.0108131579686259,8.0390007606012,0.0229371860190049,299.9855652,299.9855652,8009.7646484375,8099.720703125,55.9622570913713,20.5439925086825,8.512546,0,0,0,40,4449,299.93415,8054.74267578125,,,,,,,,,,,,,0,,,,31.9146214,,,,,,299.9855652,,,,
,26459325.61,299.9861145,7859.76928710937,8.03835310984213,0.00199261811502587,1,0.999253354069792,40.0298881530762,2.0001201394158,14.919999986887,43.9162388250698,8.07337244725177,250,-0.0123963637618908,8.03677306028297,0.0213462353514962,299.9861145,299.9861145,7849.708984375,7869.82958984375,55.9067614665059,20.5401622333653,9.256284,0,0,0,40,4449,299.931,7859.76928710937,,,,,,,,,,,,,0,,,,32.2350121,,,,,,299.9861145,,,,
,26459326.285,299.98664855,7789.78881835938,8.03421798542758,0.00203112284499736,1,0.999253354069792,40.0298881530762,2.0002314332887,14.919999986887,43.894441158999,8.07820931826533,250,-0.0108242194152825,8.03263201520635,0.0229007365493377,299.9861145,299.9871826,7729.86865234375,7849.708984375,54.5850276404865,20.5430354760625,8.884414,0,0,0,40,4449,299.93315,7789.78881835938,,,,,,,,,,,,,0,,,,32.07481675,,,,,,299.98664855,,,,
,26459327.285,299.98735045,7689.86791992188,8.03015728690755,0.00190500962955233,1,0.999253354069792,40.0298881530762,2.00018524509571,14.9299995973706,43.8712131172626,8.07423526677066,250,-0.0107657544190376,8.02857166360036,0.0229424000290467,299.9871826,299.9875183,7649.8671875,7729.86865234375,55.568316317679,20.5412466542654,8.884414,0,0,0,40,4449,299.93465,7689.86791992188,,,,,,,,,,,,,0,,,,31.75598815,,,,,,299.98735045,,,,
,26459328.3,299.9869995,7589.90600585938,8.02964113175584,0.00202064684074094,1,0.999253354069792,40.0298881530762,2.0002141465125,14.919999986887,43.8673832790699,8.08260943329366,250,-0.00915846233761288,8.0280488983056,0.0245479526840897,299.9864807,299.9875183,7529.94482421875,7649.8671875,56.2029986752944,20.5413539779928,9.256284,0,0,0,40,4449,299.9324,7589.90600585938,,,,,,,,,,,,,0,,,,31.75598815,,,,,,299.9869995,,,,
,26459329.355,299.9869995,7484.9833984375,8.02524755052691,0.0022394761043687,1,0.999253354069792,40.0298881530762,2.00061397549618,14.919999986887,43.8529721021827,8.07409996064458,250,-0.010190467685574,8.02366046182832,0.0234985420359296,299.9864807,299.9875183,7440.02197265625,7529.94482421875,56.3241510957752,20.5445719663933,9.256284,0,0,0,40,4449,299.92975,7484.9833984375,,,,,,,,,,,,,0,,,,32.07481675,,,,,,299.9869995,,,,
,26459330.25,299.9875183,7395.06225585938,8.02764929542717,0.00182846628378029,1,0.999253354069792,40.0298881530762,2.00009657212863,14.919999986887,43.8574708073158,8.06135493572569,250,-0.012597060637829,8.02607162792622,0.0211029317567907,299.9875183,299.9875183,7350.1025390625,7440.02197265625,55.8692432975828,20.5396256658522,9.256284,0,0,0,40,4449,299.9297,7395.06225585938,,,,,,,,,,,,,0,,,,32.2350121,,,,,,299.9875183,,,,
,26459331.34,299.98731995,7285.1357421875,8.02405950971085,0.00178197254216241,1,0.999253354069792,40.0298881530762,2.000217709373,14.9299995973706,43.8401736624588,8.05969984893804,250,-0.0123216491008627,8.02248146539333,0.0213633080410137,299.9871216,299.9875183,7220.1689453125,7350.1025390625,54.4670017340827,20.5441856171794,9.256284,0,0,0,40,4449,299.93275,7285.1357421875,,,,,,,,,,,,,0,,,,31.9161835,,,,,,299.98731995,,,,
,26459332.41,299.9871216,7175.23583984375,8.01671605884679,0.00236026451686665,1,0.999253354069792,40.0298881530762,2.00032318930691,14.9299995973706,43.7976838897841,8.07765113378433,250,-0.00774974938357072,8.01512034056544,0.0259037938529518,299.9871216,299.9871216,7130.302734375,7220.1689453125,54.9172197611597,20.5463315208905,8.512546,0,0,0,40,4449,299.9339,7175.23583984375,,,,,,,,,,,,,0,,,,31.9161835,,,,,,299.9871216,,,,
,26459333.42,299.98657225,7075.22534179688,8.01804225685266,0.00213082089847514,1,0.999253354069792,40.0298881530762,2.00030751484435,14.9299995973706,43.8073384448312,8.06413233776298,250,-0.010459983749373,8.01645774575081,0.0232003305953911,299.9860229,299.9871216,7020.14794921875,7130.302734375,56.5390989385637,20.5414749569267,8.512546,0,0,0,40,4449,299.93235,7075.22534179688,,,,,,,,,,,,,0,,,,32.2350121,,,,,,299.98657225,,,,
,26459334.64,299.9867706,6955.19873046875,8.01531318785306,0.00203389602292829,1,0.999253354069792,40.0298881530762,2.00054710415829,14.919999986887,43.7953204827786,8.07429841686656,250,-0.00826585879668335,8.01371991044789,0.0253830885035638,299.9860229,299.9875183,6890.24951171875,7020.14794921875,55.9802345473136,20.5476141165983,9.256284,0,0,0,40,4449,299.93235,6955.19873046875,,,,,,,,,,,,,0,,,,32.2350121,,,,,,299.9867706,,,,
,26459335.905,299.98672485,6830.29321289063,8.0004820611811,0.00239847303899531,1,0.999253354069792,40.0298881530762,2.00045423144199,14.9299995973706,43.7111480229527,8.06523636487211,250,-0.00710810320991897,7.9988869133924,0.0264787244276848,299.9859314,299.9875183,6770.3369140625,6890.24951171875,55.2494118818328,20.5431144504797,8.512546,0,0,0,40,4449,299.9337,6830.29321289063,,,,,,,,,,,,,0,,,,32.2350121,,,,,,299.98672485,,,,
,26459337.095,299.986557,6710.30004882813,8.00730545814415,0.00205995537034354,1,0.999253354069792,40.0298881530762,2.00042280995035,14.9299995973706,43.7506052459861,8.05663870599796,250,-0.00992506063424986,8.00572076372702,0.0236913545596318,299.9859314,299.9871826,6650.26318359375,6770.3369140625,56.1138930241021,20.5415301452973,8.512546,0,0,0,40,4449,299.9349,6710.30004882813,,,,,,,,,,,,,0,,,,32.07481675,,,,,,299.986557,,,,
,26459338.27,299.98731995,6589.6396484375,8.0089668371107,0.00166629720598167,1,0.999253354069792,40.0298881530762,2.00018798624102,14.919999986887,43.7558829648693,8.0508694954453,250,-0.0111210775158908,8.00738655117896,0.022503072706934,299.9871826,299.9874573,6529.01611328125,6650.26318359375,54.8726669355635,20.5459032184314,8.512546,0,0,0,40,4449,299.935,6589.6396484375,,,,,,,,,,,,,0,,,,32.07481675,,,,,,299.98731995,,,,
,26459339.36,299.98690795,6478.91552734375,8.00791360500113,0.00187206318802113,1,0.999253354069792,40.0298881530762,2.00008758091005,14.919999986887,43.7478499416697,8.05016433321188,250,-0.010983228431645,8.00633303254023,0.0226369255126285,299.9863586,299.9874573,6428.81494140625,6529.01611328125,55.8332883856982,20.546558199408,8.884414,0,0,0,40,4449,299.93525,6478.91552734375,,,,,,,,,,,,,0,,,,32.2350121,,,,,,299.98690795,,,,
,26459340.435,299.98605345,6373.82885742188,7.99930484824774,0.00236208921682361,1,0.999253354069792,40.0298881530762,2.00016041100569,14.919999986887,43.7012225763325,8.04799414310556,250,-0.00983692462001813,7.99772143156539,0.0237471968681488,299.9857483,299.9863586,6318.8427734375,6428.81494140625,56.3616692646983,20.5436301295014,9.256284,0,0,0,40,4449,299.93615,6373.82885742188,,,,,,,,,,,,,0,,,,31.9161835,,,,,,299.98605345,,,,
,26459341.58,299.9867859,6263.86572265625,7.99147635584189,0.0026745431095865,1,0.999253354069792,40.0298881530762,2.00052611567021,14.919999986887,43.6652623109764,8.046789727402,250,-0.0088686964543916,7.98989020649436,0.0246828014679355,299.9857483,299.9878235,6208.888671875,6318.8427734375,55.6152140288328,20.5458741633214,8.512546,0,0,0,40,4449,299.93645,6263.86572265625,,,,,,,,,,,,,0,,,,31.9161835,,,,,,299.9867859,,,,
,26459342.72,299.98713685,6148.82104492188,7.9854303993817,0.00259600842482483,1,0.999253354069792,40.0298881530762,2.00069584280053,14.9299995973706,43.6360897397097,8.0399917451393,250,-0.00911409985545917,7.98384636297691,0.0244125044721165,299.9864502,299.9878235,6088.75341796875,6208.888671875,55.6691463966597,20.541702741512,8.512546,0,0,0,40,4449,299.9369,6148.82104492188,,,,,,,,,,,,,0,,,,32.2350121,,,,,,299.98713685,,,,
,26459343.825,299.9868164,6033.8193359375,7.98373885273741,0.0027604316977035,1,0.999253354069792,40.0298881530762,2.0008541982691,14.919999986887,43.6296394358055,8.04199871052702,250,-0.00854710164990708,7.98215282998601,0.0249727428974977,299.9864502,299.9871826,5978.88525390625,6088.75341796875,56.323369467256,20.5449413164873,8.512546,0,0,0,40,4449,299.9372,6033.8193359375,,,,,,,,,,,,,0,,,,32.2350121,,,,,,299.9868164,,,,
,26459344.935,299.98724365,5923.88110351562,7.98531820421852,0.00252007332821226,1,0.999253354069792,40.0298881530762,2.00035212900865,14.9299995973706,43.6294829702313,8.03144660309419,250,-0.010412043129135,7.98373952352563,0.0231152370089149,299.9871826,299.9873047,5868.876953125,5978.88525390625,53.6970976426403,20.5438730993125,9.256284,0,0,0,40,4449,299.93755,5923.88110351562,,,,,,,,,,,,,0,,,,32.07481675,,,,,,299.98724365,,,,
,26459346.61,299.98716735,5759.02880859375,7.98166375736543,0.00212054078526177,1,0.999253354069792,40.0298881530762,2.00030562621835,14.919999986887,43.606563621467,8.03818128773327,250,-0.0084687492006668,7.98007762277031,0.0250434195520182,299.98703,299.9873047,5649.1806640625,5868.876953125,55.8411046708905,20.5447752159331,9.256284,0,0,0,40,4449,299.93815,5759.02880859375,,,,,,,,,,,,,0,,,,31.9146214,,,,,,299.98716735,,,,
,26459348.305,299.9867096,5589.18310546875,7.98302361950874,0.00218841238759248,1,0.999253354069792,40.0298881530762,2.0001267414748,14.919999986887,43.6121887413612,8.02807985692642,250,-0.0104427844435227,7.98144556628614,0.0230761714665449,299.9863892,299.98703,5529.185546875,5649.1806640625,55.8465760705251,20.5398980964691,9.256284,0,0,0,40,4449,299.9385,5589.18310546875,,,,,,,,,,,,,0,,,,31.75598815,,,,,,299.9867096,,,,
,26459349.38,299.98692325,5479.17797851562,7.97965484607656,0.00208190616871955,1,0.999253354069792,40.0298881530762,2.00013562473603,14.919999986887,43.5928379631889,8.03084745936973,250,-0.00931808798202236,7.97807265846175,0.0241868485199435,299.9863892,299.9874573,5429.17041015625,5529.185546875,56.5492601093137,20.5445672240622,8.512546,0,0,0,40,4449,299.93935,5479.17797851562,,,,,,,,,,,,,0,,,,31.5973549,,,,,,299.98692325,,,,
,26459350.38,299.98687745,5379.17431640625,7.96812006092473,0.0025020701306957,1,0.999253354069792,40.0298881530762,2.00045816569817,14.919999986887,43.5341093680058,8.03428383757845,250,-0.00678169152209454,7.96652953234193,0.0266748070930496,299.9862976,299.9874573,5329.17822265625,5429.17041015625,55.6808708244482,20.5536191566563,8.512546,0,0,0,40,4449,299.9387,5379.17431640625,,,,,,,,,,,,,0,,,,31.5973549,,,,,,299.98687745,,,,
,26459351.575,299.98669435,5259.1796875,7.96927945522674,0.00217268387841298,1,0.999253354069792,40.0298881530762,2.00025331709909,14.919999986887,43.5381317975359,8.02368189568981,250,-0.00879150263914038,7.96769712094857,0.0246709209171681,299.9862976,299.9870911,5189.18115234375,5329.17822265625,56.1803314482367,20.5414385931007,9.256284,0,0,0,40,4449,299.9376,5259.1796875,,,,,,,,,,,,,0,,,,31.75598815,,,,,,299.98669435,,,,
,26459352.63,299.98757935,5154.09936523438,7.96345942863291,0.00284791320564849,1,0.999253354069792,40.0298881530762,2.00043830606003,14.919999986887,43.5100079486189,8.0198819169785,250,-0.00854052165717085,7.9618769395656,0.0248976605591846,299.9870911,299.9880676,5119.017578125,5189.18115234375,55.5761326028713,20.5471121361911,9.256284,0,0,0,40,4449,299.93905,5154.09936523438,,,,,,,,,,,,,0,,,,32.07481675,,,,,,299.98757935,,,,
,26459353.655,299.9880676,5054.09228515625,7.96547710420262,0.00216867536462,1,0.999253354069792,40.0298881530762,2.00050103573008,14.919999986887,43.5226710225843,8.02048796903425,250,-0.00884898286496791,7.96389531628492,0.024598155648308,299.9880676,299.9880676,4989.1669921875,5119.017578125,56.7563916669098,20.5405812478539,8.512546,0,0,0,40,4449,299.939,5054.09228515625,,,,,,,,,,,,,0,,,,32.2350121,,,,,,299.9880676,,,,
,26459354.86,299.98782345,4929.28955078125,7.96188421949021,0.00261736057665272,1,0.999253354069792,40.0298881530762,2.00046285133031,14.9299995973706,43.5018741665599,8.01864328330757,250,-0.00849360159059785,7.96030169544485,0.0249388558813064,299.9875793,299.9880676,4869.412109375,4989.1669921875,56.0583973992367,20.5444056594073,9.256284,0,0,0,40,4449,299.9393,4929.28955078125,,,,,,,,,,,,,0,,,,31.9161835,,,,,,299.98782345,,,,
,26459355.97,299.9877014,4819.42407226562,7.96019032662425,0.00233663576966757,1,0.999253354069792,40.0298881530762,2.00026204485676,14.9299995973706,43.4913771038183,7.99990230375752,250,-0.0114672000989337,7.95862064208649,0.0219590235437138,299.9875793,299.9878235,4769.43603515625,4869.412109375,56.1709519060059,20.543944888543,8.512546,0,0,0,40,4449,299.94065,4819.42407226562,,,,,,,,,,,,,0,,,,31.75598815,,,,,,299.9877014,,,,
,26459357.135,299.9887085,4704.53588867188,7.95708695150014,0.00248561137156831,1,0.999253354069792,40.0298881530762,2.00007228562096,14.9299995973706,43.4681577732541,8.00813264696703,250,-0.00924986726042059,7.95550823662875,0.0241634502758007,299.9878235,299.9895935,4639.6357421875,4769.43603515625,55.8262537290251,20.5485805691181,9.256284,0,0,0,40,4449,299.93985,4704.53588867188,,,,,,,,,,,,,0,,,,32.07481675,,,,,,299.9887085,,,,
,26459358.345,299.9886627,4584.6162109375,7.95154958699469,0.00226221501547458,1,0.999253354069792,40.0298881530762,2.00019348584032,14.919999986887,43.4407696669454,8.00143633542573,250,-0.00953614234337153,7.94997316572107,0.0238544773183805,299.9877319,299.9895935,4529.5966796875,4639.6357421875,55.412772242352,20.5426551450383,8.512546,0,0,0,40,4449,299.9398,4584.6162109375,,,,,,,,,,,,,0,,,,32.2350121,,,,,,299.9886627,,,,
,26459359.405,299.9871826,4479.60424804687,7.9515831527975,0.00183548051289748,1,0.999253354069792,40.0298881530762,2.00021884047119,14.919999986887,43.4422796369765,7.99732178077273,250,-0.0103141751271752,7.95001039351822,0.0230770782384685,299.9866333,299.9877319,4429.61181640625,4529.5966796875,56.4101302328906,20.5450504943252,9.256284,0,0,0,40,4449,299.9405,4479.60424804687,,,,,,,,,,,,,0,,,,32.2350121,,,,,,299.9871826,,,,
,26459360.4,299.9872589,4379.5966796875,7.94696168101457,0.00230047079236182,1,0.999253354069792,40.0298881530762,2.00045703441258,14.9299995973706,43.4197016639963,8.00637461096982,250,-0.00797028124551004,7.94537996085891,0.0254014601720474,299.9866333,299.9878845,4329.58154296875,4429.61181640625,55.7574704193328,20.5463641400295,8.884414,0,0,0,40,4449,299.94075,4379.5966796875,,,,,,,,,,,,,0,,,,32.2350121,,,,,,299.9872589,,,,
,26459361.47,299.9885254,4274.65942382812,7.94232862995744,0.00239618748471744,1,0.999253354069792,40.0298881530762,2.00036828244432,14.919999986887,43.3953413428254,7.9860879985089,250,-0.0107619348611339,7.94075916590005,0.0225913062468216,299.9878845,299.9891663,4219.7373046875,4329.58154296875,56.2741268705444,20.5425292317954,8.512546,0,0,0,40,4449,299.941,4274.65942382812,,,,,,,,,,,,,0,,,,32.07481675,,,,,,299.9885254,,,,
,26459362.46,299.98910525,4174.70434570313,7.94212499637967,0.00182538979695258,1,0.999253354069792,40.0298881530762,2.00054700196698,14.919999986887,43.397404484003,7.9898256321303,250,-0.0101676338179091,7.94055287263682,0.0231850035832176,299.9890442,299.9891663,4129.67138671875,4219.7373046875,56.5742722219291,20.5413312477237,9.256284,0,0,0,40,4449,299.9412,4174.70434570313,,,,,,,,,,,,,0,,,,31.75598815,,,,,,299.98910525,,,,
,26459363.5,299.9888153,4069.80700683594,7.94152415985871,0.00197888162473838,1,0.999253354069792,40.0298881530762,2.00015844893848,14.9299995973706,43.3833896383275,8.00128126956843,250,-0.00768237664421552,7.93994176187489,0.0256677020550832,299.9885864,299.9890442,4009.94262695313,4129.67138671875,55.8114027871598,20.5485105478949,8.512546,0,0,0,40,4449,299.9408,4069.80700683594,,,,,,,,,,,,,0,,,,31.75598815,,,,,,299.9888153,,,,
,26459364.69,299.9887695,3949.91955566406,7.93848327568578,0.00183052672979774,1,0.999253354069792,40.0298881530762,2.000384575555,14.919999986887,43.3720640211989,7.99636201796727,250,-0.00818085645692428,7.93690356466392,0.0251569486191199,299.9885864,299.9889526,3889.896484375,4009.94262695313,54.708524946525,20.5458858321758,8.512546,0,0,0,40,4449,299.9414,3949.91955566406,,,,,,,,,,,,,0,,,,32.07481675,,,,,,299.9887695,,,,
,26459365.75,299.9888763,3839.89538574219,7.94014158240745,0.00184604803455436,1,0.999253354069792,40.0298881530762,2.00006547615167,14.919999986887,43.3759030641885,7.98856743141242,250,-0.00968823113661964,7.93856779645468,0.0236572234700568,299.9888,299.9889526,3789.89428710937,3889.896484375,56.3882446343521,20.5422314122988,9.256284,0,0,0,40,4449,299.9418,3839.89538574219,,,,,,,,,,,,,0,,,,31.9161835,,,,,,299.9888763,,,,
,26459366.805,299.98898315,3734.88525390625,7.93320455074483,0.00205994980735705,1,0.999253354069792,40.0298881530762,2.00017049351615,14.919999986887,43.3403660893155,7.98123326643925,250,-0.00982018405610231,7.93163263293115,0.0234968456987462,299.9888,299.9891663,3679.87622070313,3789.89428710937,55.2025141706789,20.5416857852342,9.256284,0,0,0,40,4449,299.93975,3734.88525390625,,,,,,,,,,,,,0,,,,31.5973549,,,,,,299.98898315,,,,
,26459367.94,299.9890137,3624.86840820313,7.92826520345459,0.00160104813067281,1,0.999253354069792,40.0298881530762,2.00018879517761,14.919999986887,43.3133599102475,7.97853404284657,250,-0.00941195044511662,7.92669252133842,0.0238847263514109,299.9888611,299.9891663,3569.86059570313,3679.87622070313,56.0552708851598,20.5448752742068,9.256284,0,0,0,40,4449,299.9394,3624.86840820313,,,,,,,,,,,,,0,,,,31.5973549,,,,,,299.9890137,,,,
,26459369.545,299.98928835,3464.83862304687,7.91734363507753,0.00201585050748654,1,0.999253354069792,40.0298881530762,2.00043653944982,14.919999986887,43.2542223163838,7.99381233300792,250,-0.00476646847592477,7.91575355601176,0.0284836980400664,299.9888611,299.9897156,3359.81665039063,3569.86059570313,56.6454004171791,20.5450800638096,9.256284,0,0,0,40,4449,299.9418,3464.83862304687,,,,,,,,,,,,,0,,,,31.9161835,,,,,,299.98928835,,,,
,26459371.155,299.9893799,3304.57482910156,7.92114285216012,0.00217821241925023,1,0.999253354069792,40.0298881530762,2.00042692409451,14.9299995973706,43.2807881272177,7.96518365175457,250,-0.0107055573705965,7.91957685788613,0.0225623692378884,299.9890442,299.9897156,3249.3330078125,3359.81665039063,55.7738846182367,20.5478377976239,9.256284,0,0,0,40,4449,299.9419,3304.57482910156,,,,,,,,,,,,,0,,,,32.2350121,,,,,,299.9893799,,,,
,26459372.18,299.9889984,3199.37219238281,7.91814999513002,0.00202141131992516,1,0.999253354069792,40.0298881530762,2.00000127000572,14.9100003764033,43.2545743667262,7.96531139818595,250,-0.00982522582599904,7.91658097493908,0.0234304623310224,299.9889526,299.9890442,3149.41137695313,3249.3330078125,56.0443280858905,20.5419068069867,9.256284,0,0,0,40,4449,299.94105,3199.37219238281,,,,,,,,,,,,,0,,,,31.9161835,,,,,,299.9889984,,,,
,26459373.26,299.9890747,3089.32592773438,7.90779501376869,0.00336494827848364,1,0.999253354069792,40.0298881530762,2.00032444701042,14.9299995973706,43.2040502331681,7.96025443663119,250,-0.0090607897656562,7.90622484229149,0.0241515102808993,299.9889526,299.9891968,3029.24047851562,3149.41137695313,55.5370511769097,20.5449195926481,8.512546,0,0,0,40,4449,299.94225,3089.32592773438,,,,,,,,,,,,,0,,,,31.5973549,,,,,,299.9890747,,,,
,26459374.415,299.98947145,2974.21057128906,7.91218820229843,0.00182534355378557,1,0.999253354069792,40.0298881530762,2.00059774517179,14.9299995973706,43.2351752614545,7.95836573332696,250,-0.01041555199593,7.91062267518697,0.0228158494068361,299.9891968,299.9897461,2919.1806640625,3029.24047851562,56.7587365524675,20.548915385827,9.256284,0,0,0,40,4449,299.94265,2974.21057128906,,,,,,,,,,,,,0,,,,31.9161835,,,,,,299.98947145,,,,
,26459375.38,299.9894562,2879.16320800781,7.90799524542904,0.00216945156212786,1,0.999253354069792,40.0298881530762,2.0003524544835,14.919999986887,43.2045921712448,7.9667156346986,250,-0.00793577952643117,7.90642011469599,0.0252779904693987,299.9891663,299.9897461,2839.14575195313,2919.1806640625,55.6339731132944,20.5475853216556,8.512546,0,0,0,40,4449,299.94165,2879.16320800781,,,,,,,,,,,,,0,,,,32.2350121,,,,,,299.9894562,,,,
,26459376.405,299.9887085,2779.16174316406,7.90316603825378,0.00161560574690147,1,0.999253354069792,40.0298881530762,2.00053974047885,14.9299995973706,43.1822670175625,7.9619447537463,250,-0.00804708694343559,7.90159254102063,0.0251467782314106,299.9882507,299.9891663,2719.177734375,2839.14575195313,56.1654805063713,20.5500668227008,8.512546,0,0,0,40,4449,299.94175,2779.16174316406,,,,,,,,,,,,,0,,,,31.9161835,,,,,,299.9887085,,,,
,26459377.58,299.98854065,2659.11889648438,7.89109777904255,0.00248594152181949,1,0.999253354069792,40.0298881530762,2.00058081939391,14.9299995973706,43.1146264900833,7.9637703823331,250,-0.00550469330475105,7.88951606201055,0.0276384387658318,299.9882507,299.9888306,2599.06005859375,2719.177734375,55.8504842131213,20.549275756178,8.512546,0,0,0,40,4449,299.9415,2659.11889648438,,,,,,,,,,,,,0,,,,31.5973549,,,,,,299.98854065,,,,
,26459378.645,299.98902895,2549.07958984375,7.89525981446416,0.00234713815137888,1,0.999253354069792,40.0298881530762,2.00036765425637,14.9299995973706,43.136999765459,7.94495522571562,250,-0.00956995555886873,7.89369413765771,0.0235919516950572,299.9888306,299.9892273,2499.09912109375,2599.06005859375,55.7887355601021,20.546557929162,9.256284,0,0,0,40,4449,299.94095,2549.07958984375,,,,,,,,,,,,,0,,,,31.9161835,,,,,,299.98902895,,,,
,26459379.73,299.98901365,2444.17956542969,7.89078980503765,0.00250204536729302,1,0.999253354069792,40.0298881530762,2.00032217915799,14.9299995973706,43.1092264967509,7.95319794599961,250,-0.00720011854504905,7.88921505942777,0.0259428353951718,299.9888,299.9892273,2389.26000976562,2499.09912109375,54.119177043025,20.5487545467301,8.512546,0,0,0,40,4449,299.9415,2444.17956542969,,,,,,,,,,,,,0,,,,31.9161835,,,,,,299.98901365,,,,
,26459380.83,299.9893341,2339.23754882813,7.89172882274205,0.0017027792142073,1,0.999253354069792,40.0298881530762,2.00036232771879,14.9299995973706,43.1166707184631,7.94636472320662,250,-0.00865417715243248,7.89015984976981,0.0244935383873692,299.9888,299.9898682,2289.21508789062,2389.26000976562,56.0826278833329,20.5449249985778,9.256284,0,0,0,40,4449,299.94035,2339.23754882813,,,,,,,,,,,,,0,,,,31.9161835,,,,,,299.9893341,,,,
,26459381.86,299.9894562,2234.18347167969,7.8847534598977,0.00251784669704318,1,0.999253354069792,40.0298881530762,2.00027847993276,14.919999986887,43.075054628094,7.94842974128904,250,-0.00692368299169196,7.88317855589433,0.026194862888004,299.9890442,299.9898682,2179.15185546875,2289.21508789062,56.343691808756,20.5488299214823,9.256284,0,0,0,40,4449,299.9395,2234.18347167969,,,,,,,,,,,,,0,,,,32.2350121,,,,,,299.9894562,,,,
,26459382.945,299.98957825,2124.16918945313,7.88770999007549,0.00194985720329612,1,0.999253354069792,40.0298881530762,2.00012416510125,14.919999986887,43.0906762375864,7.93619482995359,250,-0.00960286291143309,7.88614567417868,0.0235289364067585,299.9890442,299.9901123,2069.1865234375,2179.15185546875,56.8650380310829,20.5424456473882,9.256284,0,0,0,40,4449,299.9402,2124.16918945313,,,,,,,,,,,,,0,,,,32.2350121,,,,,,299.98957825,,,,
,26459384.045,299.98921205,2014.20361328125,7.8750170052631,0.0021717203035009,1,0.999253354069792,40.0298881530762,2.00055914460478,14.9299995973706,43.027382910384,7.94166678516537,250,-0.00655592251816719,7.87344253682944,0.0265223938220471,299.9883118,299.9901123,1959.220703125,2069.1865234375,54.4013449384673,20.5492149444141,9.256284,0,0,0,40,4449,299.93965,2014.20361328125,,,,,,,,,,,,,0,,,,32.07481675,,,,,,299.98921205,,,,
,26459385.125,299.9891205,1904.21881103516,7.875555188056,0.00213730209156759,1,0.999253354069792,40.0298881530762,2.00054956716025,14.919999986887,43.0303325061162,7.94104025336881,250,-0.00676404776421125,7.87398146983791,0.0263169973219087,299.9883118,299.9899292,1849.21691894531,1959.220703125,55.9372449787559,20.5508856258837,8.512546,0,0,0,40,4449,299.93925,1904.21881103516,,,,,,,,,,,,,0,,,,31.75598815,,,,,,299.9891205,,,,
,26459386.645,299.98986815,1754.26116943359,7.86376289763651,0.0021217355999353,1,0.999253354069792,40.0298881530762,2.00083799540162,14.919999986887,42.9724040931604,7.92775340487375,250,-0.00721382391130778,7.8621932112698,0.0258181911185995,299.9898071,299.9899292,1659.30541992187,1849.21691894531,55.7371480778328,20.5455709003295,9.256284,0,0,0,40,4449,299.93995,1754.26116943359,,,,,,,,,,,,,0,,,,31.75598815,,,,,,299.98986815,,,,
,26459388.145,299.9898071,1604.46630859375,7.8573687747252,0.00265418466176244,1,0.999253354069792,40.0298881530762,2.00069922213418,14.919999986887,42.9323620650043,7.93262297611733,250,-0.00503942303196459,7.85579120478324,0.0279660059327814,299.9898071,299.9898071,1549.62719726562,1659.30541992187,56.137341879679,20.5530396773979,8.512546,0,0,0,40,4449,299.93825,1604.46630859375,,,,,,,,,,,,,0,,,,31.75598815,,,,,,299.9898071,,,,
,26459389.205,299.98956295,1494.59844970703,7.86517250784487,0.00191774891395576,1,0.999253354069792,40.0298881530762,2.00020659922862,14.919999986887,42.9681705987411,7.91981095336735,250,-0.00848427567336797,7.86360782578451,0.0245553089482592,299.9893188,299.9898071,1439.56970214844,1549.62719726562,56.7173102409483,20.5420421462319,9.256284,0,0,0,40,4449,299.9358,1494.59844970703,,,,,,,,,,,,,0,,,,31.9161835,,,,,,299.98956295,,,,
,26459390.22,299.98986815,1394.65106201172,7.86506738437764,0.00191860977671384,1,0.999253354069792,40.0298881530762,2.00017843569132,14.919999986887,42.9662298734636,7.92378113573222,250,-0.00771840483279309,7.86349937675888,0.0253210120539713,299.9893188,299.9904175,1349.732421875,1439.56970214844,56.313208296506,20.5429643895942,8.512546,0,0,0,40,4449,299.93495,1394.65106201172,,,,,,,,,,,,,0,,,,32.07481675,,,,,,299.98986815,,,,
,26459391.265,299.99012755,1289.65704345703,7.85530924541989,0.0021703377087202,1,0.999253354069792,40.0298881530762,2.00043427018069,14.919999986887,42.9185226625157,7.91358221090572,250,-0.00795709059634172,7.85374412170978,0.0250416885181553,299.9898376,299.9904175,1229.58166503906,1349.732421875,55.9716366336021,20.5434180325186,8.512546,0,0,0,40,4449,299.93515,1289.65704345703,,,,,,,,,,,,,0,,,,31.75598815,,,,,,299.99012755,,,,
,26459392.38,299.98979185,1179.62835693359,7.84495428726025,0.0024905400822338,1,0.999253354069792,40.0298881530762,2.00084665062862,14.919999986887,42.8705394730857,7.90484881056856,250,-0.00792641431227029,7.84339123952746,0.0250288560750964,299.9897461,299.9898376,1129.67504882812,1229.58166503906,55.9106696091021,20.5502391412964,9.256284,0,0,0,40,4449,299.9378,1179.62835693359,,,,,,,,,,,,,0,,,,31.9161835,,,,,,299.98979185,,,,
,26459393.42,299.990036,1079.66162109375,7.84805163824714,0.00211620010102283,1,0.999253354069792,40.0298881530762,2.00035777012768,14.919999986887,42.876363463115,7.9108728815102,250,-0.00705345477516443,7.84648420535665,0.0259148278966908,299.9897461,299.9903259,1029.64819335938,1129.67504882812,55.6105242577174,20.5491199429315,9.256284,0,0,0,40,4449,299.93875,1079.66162109375,,,,,,,,,,,,,0,,,,32.2350121,,,,,,299.990036,,,,
,26459394.47,299.99020385,974.614196777344,7.85038714557961,0.00209179749852947,1,0.999253354069792,40.0298881530762,2.0001065300772,14.919999986887,42.8859758392974,7.90091198849043,250,-0.00913348520464102,7.84882787559609,0.023845558816318,299.9900818,299.9903259,919.580200195313,1029.64819335938,56.2975757261213,20.540036624104,9.256284,0,0,0,40,4449,299.9371,974.614196777344,,,,,,,,,,,,,0,,,,31.9161835,,,,,,299.99020385,,,,
,26459395.54,299.98991395,864.745086669922,7.84592902144467,0.00243138096129224,1,0.999253354069792,40.0298881530762,2.00019097521596,14.919999986887,42.8649950641562,7.88807173349686,250,-0.0107173689094611,7.8443773790947,0.0222434467908097,299.9897461,299.9900818,809.909973144531,919.580200195313,56.4101302328906,20.5465403050653,8.884414,0,0,0,40,4449,299.9382,864.745086669922,,,,,,,,,,,,,0,,,,31.5973549,,,,,,299.98991395,,,,
,26459396.6,299.99024965,754.953186035156,7.83172707592311,0.00211467131575355,1,0.999253354069792,40.0298881530762,2.00065607028658,14.919999986887,42.7953841839404,7.88484195854706,250,-0.00900244863537789,7.83017100486001,0.0238985465505386,299.9897461,299.9907532,699.996398925781,809.909973144531,55.9294286935636,20.5496072589012,9.256284,0,0,0,40,4449,299.93915,754.953186035156,,,,,,,,,,,,,0,,,,31.9161835,,,,,,299.99024965,,,,
,26459398.605,299.9924011,555.042877197266,7.82734184040701,0.002069570494677,1,0.999253354069792,40.0298881530762,2.00071791653705,14.919999986887,42.7728740953704,7.87976163522895,250,-0.00916300162202454,7.82578667029422,0.0237200734454437,299.9924011,299.9924011,540.036560058594,570.049194335937,55.8356332712559,20.5423973405466,9.256284,0,0,0,40,4449,299.9397,555.042877197266,,,,,,,,,,,,,0,,,,31.9161835,,,,,,299.9924011,,,,
,26459399.27,299.99165345,490.114013671875,7.82145215613345,0.00215084716807124,1,0.999253354069792,40.0298881530762,2.00063007351947,14.919999986887,42.7362471070505,7.88759496311535,250,-0.00657553572941059,7.8198875094085,0.0262824983691382,299.9909058,299.9924011,440.191467285156,540.036560058594,56.2952308405636,20.5440218360697,9.256284,0,0,0,40,4449,299.93925,490.114013671875,,,,,,,,,,,,,0,,,,31.5973549,,,,,,299.99165345,,,,
,26459400.29,299.9915314,390.192718505859,7.8225266349133,0.00244447887958378,1,0.999253354069792,40.0298881530762,2.00052672198779,14.919999986887,42.7416777670915,7.87904948551081,250,-0.00826663083997115,7.82096888335519,0.024596524392182,299.9909058,299.992157,340.193969726562,440.191467285156,55.9943038606598,20.543001831851,9.256284,0,0,0,40,4449,299.93915,390.192718505859,,,,,,,,,,,,,0,,,,31.75598815,,,,,,299.9915314,,,,
,26459401.385,299.9908905,280.247192382813,7.82116255225156,0.00252084856238055,1,0.999253354069792,40.0298881530762,2.00048784927521,14.9299995973706,42.7308336034588,7.89145314623507,250,-0.00571594484612103,7.81959453480394,0.0271410985043712,299.989624,299.992157,220.300415039062,340.193969726562,53.1913839906979,20.5507224261839,8.512546,0,0,0,40,4449,299.9401,280.247192382813,,,,,,,,,,,,,0,,,,32.07481675,,,,,,299.9908905,,,,
,26459402.47,299.99017335,170.273193359375,7.81577243744931,0.00234136950417133,1,0.999253354069792,40.0298881530762,2.00051631600738,14.9299995973706,42.7039309161119,7.87559355024835,250,-0.00763969512903951,7.81421380524684,0.0251950973593787,299.989624,299.9907227,120.245971679688,220.300415039062,55.6308465992174,20.5445318455618,9.256284,0,0,0,40,4449,299.94195,170.273193359375,,,,,,,,,,,,,0,,,,32.07481675,,,,,,299.99017335,,,,
,26459403.47,299.99050905,70.3281488418579,7.80981575132531,0.00249823412196544,1,0.999253354069792,40.0298881530762,2.00069039605579,14.919999986887,42.6763143982922,7.86318813716926,250,-0.00892838277988248,7.80826361694571,0.0238819761935147,299.9902954,299.9907227,20.4103260040283,120.245971679688,56.0474545999675,20.5474540938421,9.256284,0,0,0,40,4449,299.9409,70.3281488418579,,,,,,,,,,,,,0,,,,32.07481675,,,,,,299.99050905,,,,
,26459404.525,299.9908447,-34.5806608200073,7.81435881908817,0.00212884057856414,1,0.999253354069792,40.0298881530762,2.00032039698937,14.919999986887,42.6948069794985,7.85898109717517,250,-0.0102818187320378,7.81281131852177,0.022548218254417,299.9902954,299.991394,-89.571647644043,20.4103260040283,56.1670437634098,20.5479568536659,9.256284,0,0,0,40,4449,299.9389,-34.5806608200073,,,,,,,,,,,,,0,,,,32.2350121,,,,,,299.9908447,,,,
,26459405.455,299.9911041,-129.519824981689,7.78785470525841,0.00380504358852704,1,0.999253354069792,40.0298881530762,2.00026264506327,14.9299995973706,42.5468869167487,7.84242469245408,250,-0.0083573070513321,7.78630447535312,0.0243606334130738,299.9908142,299.991394,-169.468002319336,-89.571647644043,55.9786712902751,20.5471820904743,8.512546,0,0,0,40,4449,299.9404,-129.519824981689,,,,,,,,,,,,,0,,,,32.07481675,,,,,,299.9911041,,,,
,26459406.43,299.9914856,-224.47061920166,7.78451719119361,0.00200900553270864,1,0.999253354069792,40.0298881530762,2.00034272961101,14.919999986887,42.5226303150762,7.88079816048629,250,-0.000768993791036908,7.7829356893183,0.0319330096748321,299.9908142,299.992157,-279.473236083984,-169.468002319336,55.8747146972174,20.550986200817,8.884414,0,0,0,40,4449,299.94175,-224.47061920166,,,,,,,,,,,,,0,,,,31.9146214,,,,,,299.9914856,,,,
,26459407.565,299.99086,-339.379348754883,7.77936294816975,0.00291898379799102,1,0.999253354069792,40.0298881530762,2.00029813015322,14.919999986887,42.4977409608261,7.85282456422569,250,-0.00490302199875019,7.7778000555669,0.0277780261451457,299.989563,299.992157,-399.285461425781,-279.473236083984,56.0646504273905,20.5511971016436,8.884414,0,0,0,40,4449,299.94085,-339.379348754883,,,,,,,,,,,,,0,,,,32.07481675,,,,,,299.99086,,,,
,26459408.555,299.9897919,-439.282836914063,7.77054696587223,0.00329585143285577,1,0.999253354069792,40.0298881530762,2.00017489729299,14.9299995973706,42.4483576138067,7.83631135386466,250,-0.00620496145480126,7.7689916756867,0.0264389789658645,299.989563,299.9900208,-479.280212402344,-399.285461425781,55.2415955966405,20.5450682379987,8.884414,0,0,0,40,4449,299.9416,-439.282836914063,,,,,,,,,,,,,0,,,,32.2350121,,,,,,299.9897919,,,,
,26459409.585,299.99061585,-539.277038574219,7.76492394824478,0.00216050341637966,1,0.999253354069792,40.0298881530762,2.00062976709448,14.919999986887,42.4224599415344,7.85708698139645,250,-0.0016769012449364,7.76335058398857,0.0309420935609787,299.9900208,299.9912109,-599.273864746094,-479.280212402344,56.2170679886406,20.5486481804116,8.512546,0,0,0,40,4449,299.94275,-539.277038574219,,,,,,,,,,,,,0,,,,32.07481675,,,,,,299.99061585,,,,
,26459410.635,299.99156185,-644.159881591797,7.76267620801801,0.00200805937157636,1,0.999253354069792,40.0298881530762,2.00034811323894,14.919999986887,42.4025267525813,7.86361378274153,250,0.000132508410611273,7.76109545967059,0.0327413830232733,299.9912109,299.9919128,-689.0458984375,-599.273864746094,55.6652382540636,20.5479929330689,8.512546,0,0,0,40,4449,299.943,-644.159881591797,,,,,,,,,,,,,0,,,,31.9146214,,,,,,299.99156185,,,,
,26459411.57,299.99230955,-739.041229248047,7.76104740155694,0.00206107814643244,1,0.999253354069792,40.0298881530762,2.00059495112137,14.919999986887,42.4016677375777,7.84705417272874,250,-0.0027694295852288,7.7594789936145,0.0298328575986481,299.9919128,299.9927063,-789.036560058594,-689.0458984375,55.4776474094482,20.5497912721586,9.256284,0,0,0,40,4449,299.9436,-739.041229248047,,,,,,,,,,,,,0,,,,31.75598815,,,,,,299.99230955,,,,
,26459412.595,299.99179075,-843.862243652344,7.7496036309018,0.00258372021596304,1,0.999253354069792,40.0298881530762,2.00061009070688,14.919999986887,42.3381275175311,7.84272260355393,250,-0.00145064702663981,7.74803218329493,0.0311030726418488,299.9908752,299.9927063,-898.687927246094,-789.036560058594,56.0685585699867,20.5515411008792,8.884414,0,0,0,40,4449,299.9431,-843.862243652344,,,,,,,,,,,,,0,,,,31.5973549,,,,,,299.99179075,,,,
,26459413.61,299.9915466,-943.693115234375,7.7563030213971,0.00194012452639172,1,0.999253354069792,40.0298881530762,2.00027588414276,14.9299995973706,42.3726420043563,7.82226711217094,250,-0.00620386875732536,7.75475026782349,0.026378739486836,299.9908752,299.992218,-988.698303222656,-898.687927246094,54.9086218474481,20.5432220027545,8.512546,0,0,0,40,4449,299.9426,-943.693115234375,,,,,,,,,,,,,0,,,,31.9161835,,,,,,299.9915466,,,,
,26459414.615,299.99142455,-1043.63107299805,7.74648665190471,0.00292788561979316,1,0.999253354069792,40.0298881530762,2.00049617283684,14.919999986887,42.3183899302888,7.84107810288127,250,-0.00109347376787492,7.74491449777081,0.0314465165596309,299.9906311,299.992218,-1098.56384277344,-988.698303222656,55.8371965282944,20.5504343313574,8.512546,0,0,0,40,4449,299.943,-1043.63107299805,,,,,,,,,,,,,0,,,,31.9161835,,,,,,299.99142455,,,,
,26459415.735,299.9916687,-1158.46923828125,7.74430219549253,0.00330123985156522,1,0.999253354069792,40.0298881530762,2.0004931243121,14.9299995973706,42.3128662217842,7.80394895671227,250,-0.00748264087938706,7.74275729240059,0.0250490804829043,299.9906311,299.9927063,-1218.37463378906,-1098.56384277344,56.2670922138713,20.5486548681053,9.256284,0,0,0,40,4449,299.9434,-1158.46923828125,,,,,,,,,,,,,0,,,,31.9161835,,,,,,299.9916687,,,,
,26459416.87,299.99157715,-1268.34375,7.73627290990467,0.00243206149326084,1,0.999253354069792,40.0298881530762,2.0005496532868,14.9400001391768,42.2646481138647,7.82580154261023,250,-0.00203251823318475,7.73470681363168,0.0304639564814988,299.990448,299.9927063,-1318.31286621094,-1218.37463378906,56.7470121246791,20.552633062778,8.884414,0,0,0,40,4449,299.944,-1268.34375,,,,,,,,,,,,,0,,,,31.9161835,,,,,,299.99157715,,,,
,26459418.05,299.9906616,-1383.25177001953,7.73063272264815,0.00253104499389113,1,0.999253354069792,40.0298881530762,2.00031971355759,14.919999986887,42.2325372951813,7.80070934984037,250,-0.0054195375572508,7.72908229597899,0.0270535880608694,299.990448,299.9908752,-1448.19067382813,-1318.31286621094,56.3460366943136,20.5454626807633,9.256284,0,0,0,40,4449,299.94395,-1383.25177001953,,,,,,,,,,,,,0,,,,31.9161835,,,,,,299.9906616,,,,
,26459419.265,299.9909515,-1504.11846923828,7.71277970419837,0.00329121270722999,1,0.999253354069792,40.0298881530762,2.00061302466518,14.9299995973706,42.1369418399918,7.80584188115027,250,-0.00137335448454315,7.71121585305548,0.0310237451266707,299.9908752,299.9910278,-1560.04626464844,-1448.19067382813,55.7691948471213,20.5502772229379,9.256284,0,0,0,40,4449,299.94265,-1504.11846923828,,,,,,,,,,,,,0,,,,32.07481675,,,,,,299.9909515,,,,
,26459420.32,299.99156185,-1605.96868896484,7.71629365401749,0.00421635346892357,1,0.999253354069792,40.0298881530762,2.00073871270993,14.919999986887,42.1545621162662,7.83229998108887,250,0.00273074480213673,7.71471171373367,0.035141374411555,299.9910278,299.9920959,-1651.89111328125,-1560.04626464844,55.9911773465829,20.5462919841425,9.256284,0,0,0,40,4449,299.9432,-1605.96868896484,,,,,,,,,,,,,0,,,,31.9146214,,,,,,299.99156185,,,,
,26459421.34,299.99194335,-1709.40100097656,7.71627544976163,0.00292981589492864,1,0.999253354069792,40.0298881530762,2.00054004308756,14.9299995973706,42.1571335395339,7.79511531101534,250,-0.00393339818494114,7.7147214429102,0.0284780307783566,299.9917908,299.9920959,-1766.91088867187,-1651.89111328125,55.4667046101789,20.5478430568905,9.256284,0,0,0,40,4449,299.94435,-1709.40100097656,,,,,,,,,,,,,0,,,,32.07481675,,,,,,299.99194335,,,,
,26459422.41,299.9915619,-1822.64776611328,7.70246316631436,0.00203331120923216,1,0.999253354069792,40.0298881530762,2.0008466357523,14.9299995973706,42.0830370348382,7.80886405027945,250,0.000931414009984605,7.70089167692631,0.0332835139500894,299.991333,299.9917908,-1878.38464355469,-1766.91088867187,56.2342638160636,20.547300942773,8.512546,0,0,0,40,4449,299.944,-1822.64776611328,,,,,,,,,,,,,0,,,,31.9161835,,,,,,299.9915619,,,,
,26459423.315,299.991333,-1913.46813964844,7.69664871612156,0.00301367861712118,1,0.999253354069792,40.0298881530762,2.0006505760195,14.919999986887,42.049738046008,7.78882482197695,250,-0.00152179870420969,7.69508879261204,0.0308062396611783,299.991333,299.991333,-1948.55163574219,-1878.38464355469,55.8668984120251,20.5474367410538,8.512546,0,0,0,40,4449,299.94275,-1913.46813964844,,,,,,,,,,,,,0,,,,31.75598815,,,,,,299.991333,,,,
,26459424.21,299.99108885,-2003.52301025391,7.69294599818736,0.00275704788451535,1,0.999253354069792,40.0298881530762,2.00058826772244,14.9299995973706,42.0287715129216,7.7819390559201,250,-0.00205212525905592,7.69138914772256,0.0302602341169588,299.9908447,299.991333,-2058.49438476562,-1948.55163574219,55.7066645655828,20.5498447961996,9.256284,0,0,0,40,4449,299.94225,-2003.52301025391,,,,,,,,,,,,,0,,,,32.07481675,,,,,,299.99108885,,,,
,26459425.28,299.99072265,-2113.44006347656,7.69448042510178,0.00185556392819849,1,0.999253354069792,40.0298881530762,2.00058626351099,14.9299995973706,42.0331262751566,7.8049900230345,250,0.00188456772159769,7.69290687037428,0.0342021711547046,299.9906006,299.9908447,-2168.3857421875,-2058.49438476562,56.0060282884482,20.5504114078391,8.512546,0,0,0,40,4449,299.9425,-2113.44006347656,,,,,,,,,,,,,0,,,,32.2350121,,,,,,299.99072265,,,,
,26459426.36,299.99157715,-2218.22729492187,7.69528856002188,0.00225997491698913,1,0.999253354069792,40.0298881530762,2.00038064907151,14.919999986887,42.0389826903659,7.77453584227984,250,-0.0036968627619799,7.69373808184661,0.0286248511504228,299.9906006,299.9925537,-2268.06884765625,-2168.3857421875,56.1138930241021,20.5498661323395,9.256284,0,0,0,40,4449,299.943,-2218.22729492187,,,,,,,,,,,,,0,,,,31.9161835,,,,,,299.99157715,,,,
,26459427.51,299.9924164,-2328.01623535156,7.68152372794486,0.00248456361351672,1,0.999253354069792,40.0298881530762,2.00056241662729,14.919999986887,41.9590483807887,7.80690334050907,250,0.00465488026268805,7.67994077246249,0.0369166988494616,299.9922791,299.9925537,-2387.96362304687,-2268.06884765625,55.8059313875251,20.5511086325983,8.884414,0,0,0,40,4449,299.94305,-2328.01623535156,,,,,,,,,,,,,0,,,,31.9161835,,,,,,299.9924164,,,,
,26459428.65,299.99247745,-2442.82446289062,7.67837495143111,0.0024898034407468,1,0.999253354069792,40.0298881530762,2.00067305791669,14.919999986887,41.9487219889434,7.77925105317524,250,0.000100549047113906,7.67681178021005,0.0323497378191297,299.9922791,299.9926758,-2497.68530273438,-2387.96362304687,56.1381235081982,20.5515176678822,9.256284,0,0,0,40,4449,299.94255,-2442.82446289062,,,,,,,,,,,,,0,,,,32.07481675,,,,,,299.99247745,,,,
,26459429.685,299.9915161,-2547.55615234375,7.67925464740388,0.00215383229116684,1,0.999253354069792,40.0298881530762,2.00065198028077,14.9299995973706,41.9541602878692,7.77433878414767,250,-0.000946697677388169,7.67769601358849,0.0313059278358513,299.9903564,299.9926758,-2597.42700195313,-2497.68530273438,56.8400259184676,20.5458612176054,8.884414,0,0,0,40,4449,299.9434,-2547.55615234375,,,,,,,,,,,,,0,,,,31.75598815,,,,,,299.9915161,,,,
,26459431.61,299.9907532,-2742.29663085938,7.65495306670425,0.0031609013322415,1,0.999253354069792,40.0298881530762,2.00087741818048,14.919999986887,41.8261587326988,7.74966722055256,250,-0.00111158057103668,7.65340034392397,0.0310384141776239,299.9907532,299.9907532,-2747.29931640625,-2737.2939453125,56.282724784256,20.5479894697535,9.256284,0,0,0,40,4449,299.94275,-2742.29663085938,,,,,,,,,,,,,0,,,,32.2350121,,,,,,299.9907532,,,,
,26459432.325,299.99113465,-2812.19982910156,7.65419406734574,0.00262616079229477,1,0.999253354069792,40.0298881530762,2.00055429961964,14.919999986887,41.8168827811061,7.73983401131494,250,-0.00254736791720211,7.65264743560442,0.0295995850442032,299.9907532,299.9915161,-2877.10034179687,-2747.29931640625,56.0263506299482,20.5484265252736,9.256284,0,0,0,40,4449,299.94195,-2812.19982910156,,,,,,,,,,,,,0,,,,32.2350121,,,,,,299.99113465,,,,
,26459433.48,299.9921875,-2927.04345703125,7.65094676359259,0.00174332538134277,1,0.999253354069792,40.0298881530762,2.00074505503476,14.919999986887,41.7968537334421,7.77055134439907,250,0.00354596064878686,7.64937494764512,0.0356775937243014,299.9915161,299.9928589,-2976.98657226562,-2877.10034179687,56.1146746526213,20.5487996394751,9.256284,0,0,0,40,4449,299.9422,-2927.04345703125,,,,,,,,,,,,,0,,,,32.2350121,,,,,,299.9921875,,,,
,26459434.53,299.9921875,-3031.96081542969,7.64222182314619,0.00310916982985608,1,0.999253354069792,40.0298881530762,2.00049153156418,14.9299995973706,41.7538092873923,7.70801248375204,250,-0.00610812516004801,7.64069238178457,0.0259882698155167,299.9915161,299.9928589,-3086.93505859375,-2976.98657226562,55.9450612639482,20.544252776267,9.256284,0,0,0,40,4449,299.94365,-3031.96081542969,,,,,,,,,,,,,0,,,,31.9161835,,,,,,299.9921875,,,,
,26459435.665,299.9924164,-3146.92993164063,7.64798821888879,0.00237376570069177,1,0.999253354069792,40.0298881530762,2.00038786018645,14.919999986887,41.7826307435392,7.71652755347321,250,-0.00554695922980126,7.64645521499884,0.026573205768725,299.9915161,299.9933167,-3206.9248046875,-3086.93505859375,55.7496541341405,20.5532474163379,9.256284,0,0,0,40,4449,299.943,-3146.92993164063,,,,,,,,,,,,,0,,,,31.5973549,,,,,,299.9924164,,,,
,26459436.67,299.99258425,-3247.17517089844,7.63610411422452,0.00288988256343611,1,0.999253354069792,40.0298881530762,2.00039778130001,14.9299995973706,41.7125209251284,7.73361910936527,250,-0.000220979133528537,7.63455113526328,0.0318479742439967,299.9918518,299.9933167,-3287.42553710937,-3206.9248046875,54.3724246832557,20.5485098508526,9.256284,0,0,0,40,4449,299.94185,-3247.17517089844,,,,,,,,,,,,,0,,,,31.9161835,,,,,,299.99258425,,,,
,26459437.67,299.99250795,-3347.46533203125,7.63428572482694,0.00261542539594163,1,0.999253354069792,40.0298881530762,2.00034017842699,14.919999986887,41.7111156459854,7.67926168356977,250,-0.00979490953186113,7.63277338569075,0.0222679259253401,299.9918518,299.9931641,-3407.50512695313,-3287.42553710937,55.659766854429,20.5449056927924,8.884414,0,0,0,40,4449,299.94235,-3347.46533203125,,,,,,,,,,,,,0,,,,31.9161835,,,,,,299.99250795,,,,
,26459438.875,299.99317935,-3467.54382324219,7.60988782354226,0.00297854579022773,1,0.999253354069792,40.0298881530762,2.00076998269382,14.919999986887,41.5675009599368,7.75889368244288,250,0.0090106495672086,7.60830133095081,0.0409667310347743,299.9931641,299.9931946,-3527.58251953125,-3407.50512695313,55.5659714321213,20.5501106623743,8.512546,0,0,0,40,4449,299.94255,-3467.54382324219,,,,,,,,,,,,,0,,,,31.75598815,,,,,,299.99317935,,,,
,26459440.045,299.992569,-3582.552734375,7.61498652133852,0.00299923604171906,1,0.999253354069792,40.0298881530762,2.00036782845594,14.919999986887,41.5995729982715,7.69586435906576,250,-0.00319490718232128,7.61345045439401,0.0287847158033712,299.9919434,299.9931946,-3637.52294921875,-3527.58251953125,55.7949885882559,20.5478943030564,8.512546,0,0,0,40,4449,299.942,-3582.552734375,,,,,,,,,,,,,0,,,,31.75598815,,,,,,299.992569,,,,
,26459441.125,299.99201965,-3692.59753417969,7.60792866532988,0.0040962460642507,1,0.999253354069792,40.0298881530762,2.00083838751422,14.919999986887,41.5633860256594,7.72911530045836,250,0.00387716695835241,7.60636453934254,0.0358252030009657,299.9919434,299.9920959,-3747.67211914063,-3637.52294921875,55.3650929026789,20.55126113835,9.256284,0,0,0,40,4449,299.9428,-3692.59753417969,,,,,,,,,,,,,0,,,,31.5973549,,,,,,299.99201965,,,,
,26459442.285,299.9924774,-3807.5576171875,7.6115263430401,0.0021550644800569,1,0.999253354069792,40.0298881530762,2.00044107413217,14.9299995973706,41.5861528026955,7.67108407372504,250,-0.00713889186742949,7.61000766690702,0.0248259815581239,299.9920959,299.9928589,-3867.44311523438,-3747.67211914063,55.913796123179,20.5450569107949,8.512546,0,0,0,40,4449,299.94345,-3807.5576171875,,,,,,,,,,,,,0,,,,31.9161835,,,,,,299.9924774,,,,
,26459443.455,299.993042,-3922.45629882812,7.59448383407653,0.00305643637268124,1,0.999253354069792,40.0298881530762,2.00053746927267,14.919999986887,41.4965215686934,7.6459973223671,250,-0.00863639064710504,7.59297479610549,0.0232568013040714,299.9928589,299.9932251,-3977.46948242188,-3867.44311523438,56.2819431557367,20.5477631264967,9.256284,0,0,0,40,4449,299.94335,-3922.45629882812,,,,,,,,,,,,,0,,,,32.07481675,,,,,,299.993042,,,,
,26459444.5,299.993515,-4027.42504882812,7.57738207898381,0.00280191226880338,1,0.999253354069792,40.0298881530762,2.00090718687161,14.919999986887,41.397286171136,7.70160007683778,250,0.00445956809105735,7.57582142933826,0.0362779285280589,299.9932251,299.9938049,-4077.38061523438,-3977.46948242188,56.1029502248329,20.5492520897707,8.512546,0,0,0,40,4449,299.943,-4027.42504882812,,,,,,,,,,,,,0,,,,32.07481675,,,,,,299.993515,,,,
,26459445.61,299.9935608,-4137.32165527344,7.58457437820495,0.00236321793560679,1,0.999253354069792,40.0298881530762,2.00056106895829,14.919999986887,41.4386873326544,7.65856801518446,250,-0.00451309124378479,7.58304997017998,0.0273368874007377,299.9933167,299.9938049,-4197.2626953125,-4077.38061523438,56.1865844763906,20.5494786833481,9.256284,0,0,0,40,4449,299.94295,-4137.32165527344,,,,,,,,,,,,,0,,,,32.2350121,,,,,,299.9935608,,,,
,26459446.675,299.9935608,-4238.53491210937,7.57678532296626,0.00221973212810542,1,0.999253354069792,40.0298881530762,2.000623229355,14.9299995973706,41.395638250253,7.6603568466743,250,-0.00278330906088653,7.57525528141918,0.0290331434497009,299.9933167,299.9938049,-4279.80712890625,-4197.2626953125,56.9932251082368,20.5507163930586,8.512546,0,0,0,40,4449,299.9436,-4238.53491210937,,,,,,,,,,,,,0,,,,32.2350121,,,,,,299.9935608,,,,
,26459447.705,300.00234985,-4341.29321289063,7.55988433645381,0.00742641357398343,1,0.999253354069792,40.0298881530762,2.0008683697702,14.919999986887,41.299544290048,7.69096525892778,250,0.00578611393377796,7.55831933594774,0.0375294809203922,299.9938049,300.0108948,-4402.779296875,-4279.80712890625,55.8473576990444,20.5517814021573,9.256284,0,0,0,40,4449,299.94335,-4341.29321289063,,,,,,,,,,,,,0,,,,32.2350121,,,,,,300.00234985,,,,
,26459448.875,300.0029602,-4465.19848632812,7.54736177370466,0.00364077421393683,1,0.999253354069792,40.0298881530762,2.00057097543067,14.9299995973706,41.2308695679695,7.64632026739491,250,0.000140266679735211,7.54582289920812,0.0318318265802626,299.9950256,300.0108948,-4527.61767578125,-4402.779296875,55.7152624792944,20.5465684835906,8.512546,0,0,0,40,4449,299.94255,-4465.19848632812,,,,,,,,,,,,,0,,,,31.9161835,,,,,,300.0029602,,,,
,26459450.05,299.99508665,-4588.28051757812,7.55552114914233,0.00204683544214421,1,0.999253354069792,40.0298881530762,2.00038515041957,14.9299995973706,41.2718311175437,7.65329118104039,250,3.00974877091312E-5,7.55398330338537,0.0317555768816678,299.9950256,299.9951477,-4648.943359375,-4527.61767578125,55.6839973385251,20.5465815902901,9.256284,0,0,0,40,4449,299.94175,-4588.28051757812,,,,,,,,,,,,,0,,,,31.9161835,,,,,,299.99508665,,,,
,26459451.13,299.99450685,-4698.90161132812,7.54068749039139,0.00290187944423906,1,0.999253354069792,40.0298881530762,2.00088251487634,14.9299995973706,41.1958051554125,7.66697910253241,250,0.00494684888495801,7.53913222003969,0.0366086274734297,299.993866,299.9951477,-4748.85986328125,-4648.943359375,55.6738361677751,20.5529492593469,8.512546,0,0,0,40,4449,299.94165,-4698.90161132812,,,,,,,,,,,,,0,,,,32.07481675,,,,,,299.99450685,,,,
,26459452.22,299.99484255,-4803.732421875,7.52576244356962,0.00272262778339748,1,0.999253354069792,40.0298881530762,2.0008278077248,14.919999986887,41.1164890140935,7.63371011795359,250,0.00166319841597401,7.52422395437427,0.0332624699457743,299.993866,299.9958191,-4858.60498046875,-4748.85986328125,55.9216124083713,20.5471658155555,9.256284,0,0,0,40,4449,299.94245,-4803.732421875,,,,,,,,,,,,,0,,,,32.07481675,,,,,,299.99484255,,,,
,26459453.36,299.99502565,-4913.41235351562,7.51877469342708,0.00285961758668368,1,0.999253354069792,40.0298881530762,2.00083278960147,14.9299995973706,41.0800409398792,7.61785383117512,250,5.39176513499727E-5,7.51724438015498,0.031623687406855,299.9942322,299.9958191,-4968.2197265625,-4858.60498046875,55.9599122058136,20.5437821314701,9.256284,0,0,0,40,4449,299.94295,-4913.41235351562,,,,,,,,,,,,,0,,,,32.2350121,,,,,,299.99502565,,,,
,26459454.33,299.9946289,-5013.0634765625,7.51969484961918,0.0031462401013944,1,0.999253354069792,40.0298881530762,2.00051880778322,14.9400001391768,41.0819651462572,7.60046958854126,250,-0.00308550122054923,7.51817766099102,0.028488563254233,299.9942322,299.9950256,-5057.9072265625,-4968.2197265625,55.5417409480251,20.55132710779,9.256284,0,0,0,40,4449,299.9415,-5013.0634765625,,,,,,,,,,,,,0,,,,32.2350121,,,,,,299.9946289,,,,
,26459455.405,299.99545285,-5122.72290039063,7.51381684239261,0.00321288071960536,1,0.999253354069792,40.0298881530762,2.00067722531741,14.9299995973706,41.0489894464614,7.61684830136106,250,0.000895534619500263,7.51228394861972,0.0324436720483506,299.9950256,299.9958801,-5187.53857421875,-5057.9072265625,55.7871723030636,20.5440644739933,8.512546,0,0,0,40,4449,299.94155,-5122.72290039063,,,,,,,,,,,,,0,,,,31.9161835,,,,,,299.99545285,,,,
,26459456.6,299.9947357,-5242.4482421875,7.50597835442888,0.00200207361559803,1,0.999253354069792,40.0298881530762,2.00081555268677,14.9299995973706,41.0124650650241,7.59035970535886,250,-0.00259267867858285,7.50446194404508,0.0289228061367888,299.9935913,299.9958801,-5297.35791015625,-5187.53857421875,57.088583787583,20.5456167303634,8.884414,0,0,0,40,4449,299.9414,-5242.4482421875,,,,,,,,,,,,,0,,,,31.9161835,,,,,,299.9947357,,,,
,26459457.525,299.9935913,-5332.31689453125,7.50011329557157,0.00304565975376154,1,0.999253354069792,40.0298881530762,2.00043127240121,14.919999986887,40.9674454993113,7.61160763598605,250,0.00264489334378779,7.49857642669625,0.0341344586765884,299.9935913,299.9935913,-5367.27587890625,-5297.35791015625,56.2209761312367,20.5506990976587,9.256284,0,0,0,40,4449,299.9404,-5332.31689453125,,,,,,,,,,,,,0,,,,32.07481675,,,,,,299.9935913,,,,
,26459459.39,299.9949646,-5517.13427734375,7.4858456136806,0.00215436361494724,1,0.999253354069792,40.0298881530762,2.00036205097967,14.9299995973706,40.8938963794595,7.5657806736573,250,-0.00305095231206989,7.48433527243215,0.0283789426043243,299.9949646,299.9949646,-5527.17138671875,-5507.09716796875,56.1592274782175,20.5497485824219,8.512546,0,0,0,40,4449,299.94195,-5517.13427734375,,,,,,,,,,,,,0,,,,32.07481675,,,,,,299.9949646,,,,
,26459460.115,299.9951477,-5592.17016601562,7.48574548099453,0.00225102998060333,1,0.999253354069792,40.0298881530762,2.00037229301008,14.919999986887,40.8973917319589,7.5450168827364,250,-0.00684036222511656,7.48425103079291,0.0245897649693944,299.9949646,299.9953308,-5657.1689453125,-5527.17138671875,56.2475515008906,20.5466302845913,9.256284,0,0,0,40,4449,299.9405,-5592.17016601562,,,,,,,,,,,,,0,,,,31.9146214,,,,,,299.9951477,,,,
,26459461.295,299.99568175,-5711.98266601562,7.47041800225177,0.00365680755759499,1,0.999253354069792,40.0298881530762,2.0003960218929,14.919999986887,40.8155371770467,7.52203063039972,250,-0.00822167945938225,7.46893236544649,0.0231439367167171,299.9953308,299.9960327,-5766.79638671875,-5657.1689453125,56.320242953179,20.5461476462968,8.512546,0,0,0,40,4449,299.9402,-5711.98266601562,,,,,,,,,,,,,0,,,,32.07481675,,,,,,299.99568175,,,,
,26459462.31,299.99580385,-5811.69091796875,7.46224101480237,0.00287887715574919,1,0.999253354069792,40.0298881530762,2.0002657306767,14.919999986887,40.7664748760468,7.52301678124929,250,-0.00643679661294283,7.4607495768359,0.0248934806478278,299.995575,299.9960327,-5856.58544921875,-5766.79638671875,55.7762295037944,20.5467952395655,9.256284,0,0,0,40,4449,299.9422,-5811.69091796875,,,,,,,,,,,,,0,,,,32.2350121,,,,,,299.99580385,,,,
,26459463.4,299.9953156,-5921.60717773437,7.45411813077889,0.00241040869998532,1,0.999253354069792,40.0298881530762,2.00036758293787,14.919999986887,40.7256047215364,7.50720143615174,250,-0.00789383126461853,7.4526346362833,0.0234022316218435,299.9950562,299.995575,-5986.62890625,-5856.58544921875,56.2366087016213,20.5520193153394,9.256284,0,0,0,40,4449,299.94195,-5921.60717773437,,,,,,,,,,,,,0,,,,32.2350121,,,,,,299.9953156,,,,
,26459464.47,299.99569705,-6031.66357421875,7.44915952634466,0.00303412141025361,1,0.999253354069792,40.0298881530762,2.0004121881723,14.919999986887,40.6938866940662,7.5320898139619,250,-0.00244761494053218,7.44765411106137,0.0288261112399385,299.9950562,299.9963379,-6076.6982421875,-5986.62890625,56.0521443710829,20.5499413591162,9.256284,0,0,0,40,4449,299.9417,-6031.66357421875,,,,,,,,,,,,,0,,,,31.9161835,,,,,,299.99569705,,,,
,26459465.47,299.9963684,-6131.77026367187,7.43222748368956,0.00236402682176973,1,0.999253354069792,40.0298881530762,2.00043926276614,14.919999986887,40.5982054450553,7.53512031388493,250,0.00122905822179711,7.43070992673644,0.0324306167545507,299.9963379,299.9963989,-6186.84228515625,-6076.6982421875,55.6613301114674,20.548294212943,8.884414,0,0,0,40,4449,299.94115,-6131.77026367187,,,,,,,,,,,,,0,,,,31.9161835,,,,,,299.9963684,,,,
,26459466.665,299.99617005,-6246.88623046875,7.41905367299616,0.00351638211954469,1,0.999253354069792,40.0298881530762,2.00066401603843,14.9299995973706,40.531514602992,7.51810181794043,250,0.000406180339925276,7.41754234949341,0.031552149770113,299.9959412,299.9963989,-6306.93017578125,-6186.84228515625,56.7610814380252,20.5517897572648,9.256284,0,0,0,40,4449,299.94105,-6246.88623046875,,,,,,,,,,,,,0,,,,32.2350121,,,,,,299.99617005,,,,
,26459467.78,299.9959717,-6356.9091796875,7.40354971585066,0.00318789241956177,1,0.999253354069792,40.0298881530762,2.00080707456793,14.919999986887,40.4434843709524,7.5360752219973,250,0.0064753214214021,7.40201616993927,0.0375544826083439,299.9959412,299.9960022,-6406.88818359375,-6306.93017578125,56.0857543974098,20.5471477440024,8.512546,0,0,0,40,4449,299.9414,-6356.9091796875,,,,,,,,,,,,,0,,,,32.2350121,,,,,,299.9959717,,,,
,26459468.795,299.99572755,-6461.931640625,7.38908064997277,0.00301324980666482,1,0.999253354069792,40.0298881530762,2.00102577887386,14.9299995973706,40.3725243444423,7.50176755311869,250,0.00273300849695237,7.38756585193946,0.0337519127908725,299.9954529,299.9960022,-6516.97509765625,-6406.88818359375,55.6199037999482,20.552533999247,8.512546,0,0,0,40,4449,299.9402,-6461.931640625,,,,,,,,,,,,,0,,,,32.2350121,,,,,,299.99572755,,,,
,26459469.93,299.99539185,-6572.28833007812,7.38602340709252,0.00250444536179918,1,0.999253354069792,40.0298881530762,2.0005280950038,14.919999986887,40.3516210511413,7.46673502786948,250,-0.00277960915134805,7.38453250774949,0.0282271361667178,299.9953308,299.9954529,-6627.6015625,-6516.97509765625,55.9685101195252,20.5488755770888,8.512546,0,0,0,40,4449,299.9402,-6572.28833007812,,,,,,,,,,,,,0,,,,32.07481675,,,,,,299.99539185,,,,
,26459471.05,299.99560545,-6682.62915039063,7.37745248350881,0.00213713931012171,1,0.999253354069792,40.0298881530762,2.00055294928175,14.919999986887,40.3014792368483,7.47867998087715,250,0.000980358054901076,7.3759475493263,0.0319497026420851,299.9953308,299.9958801,-6737.65673828125,-6627.6015625,56.4601544581214,20.5513287866939,8.512546,0,0,0,40,4449,299.9419,-6682.62915039063,,,,,,,,,,,,,0,,,,31.9146214,,,,,,299.99560545,,,,
,26459472.105,299.9962463,-6792.72534179688,7.36982209798627,0.00271606081943913,1,0.999253354069792,40.0298881530762,2.00038334113286,14.9299995973706,40.2620937785135,7.43999003828285,250,-0.00457402942965783,7.36834189705317,0.0263640145611813,299.9958801,299.9966125,-6847.7939453125,-6737.65673828125,55.862990269429,20.5524645348644,9.256284,0,0,0,40,4449,299.9415,-6792.72534179688,,,,,,,,,,,,,0,,,,31.75598815,,,,,,299.9962463,,,,
,26459473.285,299.99678035,-6912.76391601562,7.35095309757672,0.00298601011121197,1,0.999253354069792,40.0298881530762,2.00059750817354,14.919999986887,40.1595825293954,7.44122823959695,250,-0.000990224046648511,7.34946158171238,0.029867521419421,299.9966125,299.9969482,-6977.73388671875,-6847.7939453125,55.6027079725251,20.5461834071994,8.884414,0,0,0,40,4449,299.94045,-6912.76391601562,,,,,,,,,,,,,0,,,,31.75598815,,,,,,299.99678035,,,,
,26459474.425,299.996582,-7022.7822265625,7.3418220697529,0.00257392739428572,1,0.999253354069792,40.0298881530762,2.00051813552248,14.9299995973706,40.108076792153,7.43207897751459,250,-0.000918780456136067,7.34033220728913,0.0299001906757769,299.9962158,299.9969482,-7067.83056640625,-6977.73388671875,54.3521023417558,20.5483188943226,8.512546,0,0,0,40,4449,299.9403,-7022.7822265625,,,,,,,,,,,,,0,,,,31.9146214,,,,,,299.996582,,,,
,26459475.5,299.99624635,-7127.8662109375,7.32649842716748,0.00355315344390365,1,0.999253354069792,40.0298881530762,2.0005410035514,14.919999986887,40.0318908529616,7.3784694223572,250,-0.00790539881974275,7.32504114779497,0.0228501805262554,299.9962158,299.9962769,-7187.90185546875,-7067.83056640625,56.404658833256,20.5447062125895,9.256284,0,0,0,40,4449,299.9408,-7127.8662109375,,,,,,,,,,,,,0,,,,31.9146214,,,,,,299.99624635,,,,
,26459476.67,299.99598695,-7247.91748046875,7.32092471117329,0.00351952736448414,1,0.999253354069792,40.0298881530762,2.0008522009757,14.919999986887,40.0005893885278,7.41125229685923,250,-0.00107613521730638,7.31944000833989,0.0296542526773899,299.995697,299.9962769,-7307.93310546875,-7187.90185546875,55.1540532024866,20.5510618027412,8.512546,0,0,0,40,4449,299.9401,-7247.91748046875,,,,,,,,,,,,,0,,,,31.75598815,,,,,,299.99598695,,,,
,26459477.815,299.99571225,-7362.90161132813,7.29699557428012,0.0025720139027557,1,0.999253354069792,40.0298881530762,2.00048351424935,14.919999986887,39.8619963139137,7.38940637443943,250,-0.000393998838354706,7.29551298536729,0.0302354387371273,299.995697,299.9957275,-7417.8701171875,-7307.93310546875,55.954440806179,20.5479886827612,9.256284,0,0,0,40,4449,299.93925,-7362.90161132813,,,,,,,,,,,,,0,,,,31.9161835,,,,,,299.99571225,,,,
,26459478.97,299.996109,-7477.89575195313,7.29663696476466,0.00241236009366757,1,0.999253354069792,40.0298881530762,2.000463335224,14.919999986887,39.8625740730275,7.37317490119363,250,-0.0032849875767562,7.29516652916847,0.0273429942251612,299.9957275,299.9964905,-7537.92138671875,-7417.8701171875,56.0482362284867,20.5461451820408,8.512546,0,0,0,40,4449,299.9398,-7477.89575195313,,,,,,,,,,,,,0,,,,32.2350121,,,,,,299.996109,,,,
,26459480.165,299.99702455,-7597.95629882813,7.27471211988395,0.00342630223989019,1,0.999253354069792,40.0298881530762,2.00042931297505,14.919999986887,39.7434166612147,7.34398945011806,250,-0.00453927988678216,7.27325121561865,0.0259963869050462,299.9964905,299.9975586,-7657.9912109375,-7537.92138671875,56.0232241158713,20.5439634836415,9.256284,0,0,0,40,4449,299.9402,-7597.95629882813,,,,,,,,,,,,,0,,,,32.2350121,,,,,,299.99702455,,,,
,26459481.36,299.9970703,-7718.01440429688,7.25762845250284,0.00359517898898366,1,0.999253354069792,40.0298881530762,2.00091761868012,14.9299995973706,39.6503994557895,7.37766544405244,250,0.00447259417190911,7.25613323223917,0.0349342400934775,299.996582,299.9975586,-7778.03759765625,-7657.9912109375,57.4989387601791,20.5504670754974,9.256284,0,0,0,40,4449,299.9401,-7718.01440429688,,,,,,,,,,,,,0,,,,32.2350121,,,,,,299.9970703,,,,
,26459482.375,299.9968109,-7818.0908203125,7.24638466962394,0.0031122706305735,1,0.999253354069792,40.0298881530762,2.00056868981808,14.919999986887,39.5848839230941,7.35074165679214,250,0.00185902727842673,7.24490281314695,0.0322736301840966,299.996582,299.9970398,-7858.14404296875,-7778.03759765625,56.4241995462367,20.550605560532,8.512546,0,0,0,40,4449,299.93985,-7818.0908203125,,,,,,,,,,,,,0,,,,32.07481675,,,,,,299.9968109,,,,
,26459483.37,299.997406,-7918.18041992188,7.23890260012374,0.0032193468691379,1,0.999253354069792,40.0298881530762,2.00084277929868,14.9299995973706,39.5516897158675,7.33120034437431,250,-0.000509278705684586,7.23743209659472,0.0298738931563101,299.9970398,299.9977722,-7978.216796875,-7858.14404296875,55.1571797165635,20.5470452214509,8.884414,0,0,0,40,4449,299.94065,-7918.18041992188,,,,,,,,,,,,,0,,,,31.9146214,,,,,,299.997406,,,,
,26459484.48,299.9972992,-8033.2099609375,7.22036982529409,0.00318724921100955,1,0.999253354069792,40.0298881530762,2.0006465913982,14.919999986887,39.4433998777837,7.32931832566847,250,0.0027113562040893,7.21888963672482,0.033015739423505,299.9968262,299.9977722,-8088.203125,-7978.216796875,55.8067130160444,20.5548444894773,9.256284,0,0,0,40,4449,299.9396,-8033.2099609375,,,,,,,,,,,,,0,,,,31.9146214,,,,,,299.9972992,,,,
,26459485.525,299.9967499,-8138.2294921875,7.2256607857686,0.00170117135534952,1,0.999253354069792,40.0298881530762,2.0007642190663,14.919999986887,39.4804609439715,7.30332098054388,250,-0.00310471186099371,7.22420410962632,0.0272227358363827,299.9966736,299.9968262,-8188.255859375,-8088.203125,55.7121359652174,20.5460619654214,9.256284,0,0,0,40,4449,299.9387,-8138.2294921875,,,,,,,,,,,,,0,,,,31.9146214,,,,,,299.9967499,,,,
,26459486.6,299.99645995,-8243.22900390625,7.20254930320846,0.0033695134648746,1,0.999253354069792,40.0298881530762,2.00046492174249,14.919999986887,39.3453893929837,7.29537254411623,250,-7.88462776416738E-5,7.2010847460613,0.0301505635408309,299.9962463,299.9966736,-8298.2021484375,-8188.255859375,55.791862074179,20.5498072498162,9.256284,0,0,0,40,4449,299.9386,-8243.22900390625,,,,,,,,,,,,,0,,,,31.9146214,,,,,,299.99645995,,,,
,26459487.72,299.9972229,-8353.2392578125,7.19605589855999,0.00299356361136998,1,0.999253354069792,40.0298881530762,2.00050596416684,14.919999986887,39.3153289298855,7.26399472384322,250,-0.00464482574785394,7.19461167470722,0.0255577264846143,299.9962463,299.9981995,-8408.2763671875,-8298.2021484375,55.9708550050828,20.5454432861356,8.512546,0,0,0,40,4449,299.93925,-8353.2392578125,,,,,,,,,,,,,0,,,,32.07481675,,,,,,299.9972229,,,,
,26459488.705,299.99758915,-8453.24169921875,7.1838370475355,0.00224351390737766,1,0.999253354069792,40.0298881530762,2.00066893740702,14.919999986887,39.2479755375991,7.27225770647731,250,-0.000971681238699315,7.18237984485182,0.0291783382425032,299.9969788,299.9981995,-8498.20703125,-8408.2763671875,56.2108149604867,20.5474292281731,9.256284,0,0,0,40,4449,299.94,-8453.24169921875,,,,,,,,,,,,,0,,,,32.07481675,,,,,,299.99758915,,,,
,26459489.76,299.9969788,-8558.32568359375,7.15141978263511,0.00328971123869575,1,0.999253354069792,40.0298881530762,2.00079042045977,14.9299995973706,39.0747459378386,7.23143331116336,250,-0.00251105854738184,7.14997583755475,0.0275027887860455,299.9969788,299.9969788,-8618.4443359375,-8498.20703125,55.6355363703328,20.5489780024733,9.256284,0,0,0,40,4449,299.94,-8558.32568359375,,,,,,,,,,,,,0,,,,31.75598815,,,,,,299.9969788,,,,
,26459490.965,299.99676515,-8678.48681640625,7.13636236511824,0.00315462091099031,1,0.999253354069792,40.0298881530762,2.00082716022673,14.9299995973706,38.9892843134576,7.23730170474046,250,0.00133171084464881,7.13490544056236,0.0312812818914843,299.9965515,299.9969788,-8738.529296875,-8618.4443359375,56.2874145553713,20.5522511749623,9.256284,0,0,0,40,4449,299.93835,-8678.48681640625,,,,,,,,,,,,,0,,,,31.75598815,,,,,,299.99676515,,,,
,26459492.035,299.9973755,-8788.591796875,7.12733700508101,0.00250851130000074,1,0.999253354069792,40.0298881530762,2.00062899107454,14.9299995973706,38.9341079965341,7.23881172975845,250,0.00341005942986547,7.12587307835245,0.0333208680409629,299.9965515,299.9981995,-8838.654296875,-8738.529296875,55.8207823293905,20.5490265806781,9.256284,0,0,0,40,4449,299.9384,-8788.591796875,,,,,,,,,,,,,0,,,,32.07481675,,,,,,299.9973755,,,,
,26459493.075,299.99754335,-8893.59375,7.11658221460254,0.00218308475749456,1,0.999253354069792,40.0298881530762,2.00064376600528,14.9299995973706,38.8766668615874,7.22239373739775,250,0.00239010500376242,7.11512476446924,0.0322554450373,299.9968872,299.9981995,-8948.533203125,-8838.654296875,56.0451097144098,20.5548912384041,9.256284,0,0,0,40,4449,299.9393,-8893.59375,,,,,,,,,,,,,0,,,,31.9161835,,,,,,299.99754335,,,,
,26459494.22,299.99690245,-9003.43310546875,7.09041438556751,0.00273114564245275,1,0.999253354069792,40.0298881530762,2.00067518102165,14.919999986887,38.7314998956189,7.21110443906674,250,0.00515618942934256,7.08895086304718,0.0349106785529048,299.9968872,299.9969177,-9058.3330078125,-8948.533203125,56.1990905326983,20.5507365100175,8.512546,0,0,0,40,4449,299.93945,-9003.43310546875,,,,,,,,,,,,,0,,,,31.5973549,,,,,,299.99690245,,,,
,26459495.29,299.9967804,-9108.41748046875,7.07746865486411,0.0027129246164397,1,0.999253354069792,40.0298881530762,2.00079264584751,14.919999986887,38.6718973904336,7.15034910176868,250,-0.00363845046543373,7.07604475022212,0.0260630238811464,299.9966431,299.9969177,-9158.501953125,-9058.3330078125,55.7785743893521,20.5508498938391,9.256284,0,0,0,40,4449,299.9398,-9108.41748046875,,,,,,,,,,,,,0,,,,31.5973549,,,,,,299.9967804,,,,
,26459496.33,299.9976044,-9213.52685546875,7.06125951564948,0.00256350666657145,1,0.999253354069792,40.0298881530762,2.00054595246827,14.919999986887,38.5672925047635,7.19458764071693,250,0.00762281860760353,7.05979146341302,0.0372536853327235,299.9966431,299.9985657,-9268.5517578125,-9158.501953125,56.8306463762368,20.5464560781539,8.512546,0,0,0,40,4449,299.9386,-9213.52685546875,,,,,,,,,,,,,0,,,,31.9161835,,,,,,299.9976044,,,,
,26459497.405,299.9975891,-9323.5341796875,7.05443771991763,0.00285338747288304,1,0.999253354069792,40.0298881530762,2.00052775311749,14.919999986887,38.5399857864855,7.1320591492576,250,-0.00254601315987897,7.05301379509795,0.0270576455564919,299.9966125,299.9985657,-9378.5166015625,-9268.5517578125,56.4304525743906,20.5450945498039,9.256284,0,0,0,40,4449,299.94025,-9323.5341796875,,,,,,,,,,,,,0,,,,31.9161835,,,,,,299.9975891,,,,
,26459498.4,299.9968719,-9423.55419921875,7.03576477840171,0.00289987260601805,1,0.999253354069792,40.0298881530762,2.00059077407468,14.919999986887,38.4352149602537,7.13463591809615,250,0.0013485447782269,7.03432854274615,0.0308725518313056,299.9966125,299.9971313,-9468.591796875,-9378.5166015625,56.2241026453136,20.5513784248476,8.512546,0,0,0,40,4449,299.941,-9423.55419921875,,,,,,,,,,,,,0,,,,31.5973549,,,,,,299.9968719,,,,
,26459499.415,299.9976654,-9523.6533203125,7.0269349572006,0.00242851554641973,1,0.999253354069792,40.0298881530762,2.00038844990128,14.919999986887,38.38815724387,7.09821377596271,250,-0.00355271710079641,7.02552091028873,0.0259349053778152,299.9971313,299.9981995,-9578.71484375,-9468.591796875,55.7011931659482,20.5515709736297,9.256284,0,0,0,40,4449,299.94025,-9523.6533203125,,,,,,,,,,,,,0,,,,31.9161835,,,,,,299.9976654,,,,
,26459501.38,299.9981995,-9718.8740234375,6.98733528355167,0.00238481754894925,1,0.999253354069792,40.0298881530762,2.00074174138583,14.9299995973706,38.1755670401963,7.0746779588699,250,-0.000740573744679023,6.98591742237801,0.0285795735529013,299.9981995,299.9981995,-9728.912109375,-9708.8359375,56.6211699330829,20.5487896385147,9.256284,0,0,0,40,4449,299.9396,-9718.8740234375,,,,,,,,,,,,,0,,,,32.2350121,,,,,,299.9981995,,,,
,26459502.005,299.9980164,-9783.94482421875,6.9706425075295,0.00306503432386127,1,0.999253354069792,40.0298881530762,2.00076791698065,14.919999986887,38.0803982723654,7.0818820923,250,0.00365701045355273,6.96920965352472,0.0329060297530922,299.9978333,299.9981995,-9838.9775390625,-9728.912109375,56.3421285517175,20.5529091267021,8.512546,0,0,0,40,4449,299.9389,-9783.94482421875,,,,,,,,,,,,,0,,,,32.2350121,,,,,,299.9980164,,,,
,26459503.085,299.99743655,-9894.29736328125,6.95285353828666,0.00309159079869096,1,0.999253354069792,40.0298881530762,2.00058887310476,14.9299995973706,37.9853941672063,7.03359393652274,250,-0.00177010071732071,6.95144725684911,0.027405031202376,299.9970398,299.9978333,-9949.6171875,-9838.9775390625,55.5057860361405,20.5413303569115,8.512546,0,0,0,40,4449,299.93795,-9894.29736328125,,,,,,,,,,,,,0,,,,31.9161835,,,,,,299.99743655,,,,
,26459504.195,299.99731445,-10004.708984375,6.93700346198386,0.00310855374100404,1,0.999253354069792,40.0298881530762,2.00081567635981,14.919999986887,37.8966431553071,7.05255829524265,250,0.00449826275708004,6.93557418555876,0.0336050639609964,299.9970398,299.9975891,-10059.80078125,-9949.6171875,56.7220000120637,20.5527354000773,9.256284,0,0,0,40,4449,299.93875,-10004.708984375,,,,,,,,,,,,,0,,,,31.5973549,,,,,,299.99731445,,,,
,26459505.235,299.99790955,-10109.8579101562,6.92191828219859,0.00337504553335872,1,0.999253354069792,40.0298881530762,2.00081506730725,14.919999986887,37.8105898567569,7.05680461849411,250,0.0080736028922063,6.92047696888838,0.0371158699734024,299.9975891,299.99823,-10159.9150390625,-10059.80078125,56.0771564836982,20.5508607397404,9.256284,0,0,0,40,4449,299.9394,-10109.8579101562,,,,,,,,,,,,,0,,,,31.5973549,,,,,,299.99790955,,,,
,26459506.26,299.9981232,-10209.9301757813,6.90978717202541,0.00258465616386081,1,0.999253354069792,40.0298881530762,2.00041504854083,14.919999986887,37.7491746012345,6.97723999226197,250,-0.00399018960412447,6.90839893250814,0.0250031866996945,299.9980164,299.99823,-10259.9453125,-10159.9150390625,56.7220000120637,20.5499070002093,9.256284,0,0,0,40,4449,299.93965,-10209.9301757813,,,,,,,,,,,,,0,,,,31.5973549,,,,,,299.9981232,,,,
,26459507.4,299.9978943,-10319.9829101562,6.88422087713306,0.00248173038154514,1,0.999253354069792,40.0298881530762,2.00074648456242,14.919999986887,37.6137685853712,6.96229674850295,250,-0.00219041693887558,6.88283038486449,0.0266948838345148,299.9977722,299.9980164,-10380.0205078125,-10259.9453125,56.4359239740252,20.5507858447791,9.256284,0,0,0,40,4449,299.9395,-10319.9829101562,,,,,,,,,,,,,0,,,,31.9161835,,,,,,299.9978943,,,,
,26459508.485,299.9981079,-10430.0068359375,6.8602721108093,0.00357171986168497,1,0.999253354069792,40.0298881530762,2.00082495159141,14.919999986887,37.482070864573,6.95063800810355,250,6.82994395685121E-5,6.85887700616858,0.028852146293233,299.9977722,299.9984436,-10479.9931640625,-10380.0205078125,56.2811615272175,20.5492234431013,9.256284,0,0,0,40,4449,299.94,-10430.0068359375,,,,,,,,,,,,,0,,,,32.2350121,,,,,,299.9981079,,,,
,26459509.5,299.9988098,-10535.0864257813,6.83265763340564,0.00333761367569421,1,0.999253354069792,40.0298881530762,2.00097451087635,14.9299995973706,37.329931660055,6.94464399927068,250,0.00400010339114084,6.83125156170749,0.0326663461404484,299.9984436,299.999176,-10590.1796875,-10479.9931640625,56.0333852866213,20.5470330295725,9.256284,0,0,0,40,4449,299.9445,-10535.0864257813,,,,,,,,,,,,,0,,,,32.07481675,,,,,,299.9988098,,,,
,26459510.625,299.9985809,-10645.0966796875,6.81809388318099,0.00307239830611172,1,0.999253354069792,40.0298881530762,2.00059667193098,14.919999986887,37.2480102262702,6.90428564202467,250,-0.000452101457819523,6.8167095910853,0.0281531072882528,299.9979858,299.999176,-10700.013671875,-10590.1796875,56.066213684429,20.548668037414,8.512546,0,0,0,40,4449,299.9479,-10645.0966796875,,,,,,,,,,,,,0,,,,32.07481675,,,,,,299.9985809,,,,
,26459511.695,299.99835205,-10750.03515625,6.77968548217317,0.00286697122577147,1,0.999253354069792,40.0298881530762,2.00107863456715,14.919999986887,37.0412729187869,6.89723467942817,250,0.00508326190814171,6.77828587472402,0.0335257744056319,299.9979858,299.9987183,-10800.056640625,-10700.013671875,55.8278169860636,20.5509896592567,9.256284,0,0,0,40,4449,299.9479,-10750.03515625,,,,,,,,,,,,,0,,,,32.07481675,,,,,,299.99835205,,,,
,26459512.655,299.9987488,-10850.1118164062,6.77584509599063,0.00238266022195913,1,0.999253354069792,40.0298881530762,2.00074083543842,14.919999986887,37.0198699343355,6.86161045051962,250,-0.000517099908572874,6.77446969277028,0.0279101628342382,299.9987183,299.9987793,-10900.1669921875,-10800.056640625,56.2788166416598,20.5528827133861,9.256284,0,0,0,40,4449,299.9467,-10850.1118164062,,,,,,,,,,,,,0,,,,32.07481675,,,,,,299.9987488,,,,
,26459513.72,299.99935915,-10955.197265625,6.75359155338099,0.00309604413254386,1,0.999253354069792,40.0298881530762,2.00066701442482,14.919999986887,36.900934410896,6.81739458341789,250,-0.00443860928874825,6.75223699517889,0.0238958759484805,299.9987793,299.999939,-11010.2275390625,-10900.1669921875,55.6707096536982,20.5523591556354,9.256284,0,0,0,40,4449,299.94475,-10955.197265625,,,,,,,,,,,,,0,,,,31.9161835,,,,,,299.99935915,,,,
,26459514.76,299.9996796,-11060.1889648438,6.73204134693742,0.00224811158133649,1,0.999253354069792,40.0298881530762,2.00066239570157,14.919999986887,36.7778073136284,6.82418614523415,250,0.000803752762544665,6.73066913490547,0.0290463765266127,299.9994202,299.999939,-11110.150390625,-11010.2275390625,56.6657227586791,20.5525801116864,8.512546,0,0,0,40,4449,299.94435,-11060.1889648438,,,,,,,,,,,,,0,,,,31.9161835,,,,,,299.9996796,,,,
,26459515.835,299.99931335,-11170.2446289062,6.66520614056421,0.00305382461061409,1,0.999253354069792,40.0298881530762,2.00071402991144,14.919999986887,36.4120870273183,6.76474763914975,250,0.00228636607795213,6.66384142805982,0.0302478885713129,299.9992065,299.9994202,-11230.3388671875,-11110.150390625,56.2241026453136,20.5555805267239,8.512546,0,0,0,40,4449,299.944,-11170.2446289062,,,,,,,,,,,,,0,,,,32.07481675,,,,,,299.99931335,,,,
,26459517.055,299.99923705,-11290.3735351562,6.63102105213254,0.00368613873590876,1,0.999253354069792,40.0298881530762,2.00089325217726,14.919999986887,36.231330061026,6.71536014894874,250,-0.000521515164530743,6.62967512047053,0.0272968321295785,299.9992065,299.9992676,-11350.408203125,-11230.3388671875,56.8087607776983,20.5428963485787,9.256284,0,0,0,40,4449,299.9426,-11290.3735351562,,,,,,,,,,,,,0,,,,32.07481675,,,,,,299.99923705,,,,
,26459518.095,299.9988861,-11395.4384765625,6.58895189575116,0.00359695018534246,1,0.999253354069792,40.0298881530762,2.00084626556064,14.9299995973706,35.997772037578,6.68809379813595,250,0.00231731131673957,6.58760272772378,0.0299582370344136,299.9985046,299.9992676,-11440.46875,-11350.408203125,55.9177042657751,20.5535353248155,9.256284,0,0,0,40,4449,299.942,-11395.4384765625,,,,,,,,,,,,,0,,,,32.2350121,,,,,,299.9988861,,,,
,26459519.205,299.99996945,-11505.3950195312,6.56129310597144,0.00307685466351221,1,0.999253354069792,40.0298881530762,2.00073966476212,14.919999986887,35.8463360208644,6.65138641648685,250,0.000791253715835396,6.55995573563375,0.0283160964479734,299.9985046,300.0014343,-11570.3212890625,-11440.46875,56.3288408668906,20.5482905820157,8.512546,0,0,0,40,4449,299.94125,-11505.3950195312,,,,,,,,,,,,,0,,,,32.07481675,,,,,,299.99996945,,,,
,26459520.425,300.0011749,-11625.3354492187,6.51311466307258,0.00212118208541104,1,0.999253354069792,40.0298881530762,2.00085189213319,14.919999986887,35.5810358570135,6.62464503916526,250,0.00476440211655982,6.5117701683464,0.0320859473666497,300.0009155,300.0014343,-11680.349609375,-11570.3212890625,56.3765202065637,20.5517286282376,9.256284,0,0,0,40,4449,299.9403,-11625.3354492187,,,,,,,,,,,,,0,,,,31.9146214,,,,,,300.0011749,,,,
,26459521.445,300.0009155,-11730.3500976563,6.46934145459996,0.00321110134367126,1,0.999253354069792,40.0298881530762,2.00051154042965,14.919999986887,35.338296914543,6.56688318232315,250,0.00250901780533924,6.4680154265772,0.0296469650935328,300.0009155,300.0009155,-11780.3505859375,-11680.349609375,55.748090877102,20.553718722876,8.512546,0,0,0,40,4449,299.9404,-11730.3500976563,,,,,,,,,,,,,0,,,,31.75598815,,,,,,300.0009155,,,,
,26459523.405,300.0010681,-11920.453125,6.34415046287887,0.00513096483939211,1,0.999253354069792,40.0298881530762,2.00075311029219,14.9299995973706,34.6517339007282,6.47720997169783,250,0.0091686502008535,6.34282196516862,0.0357796102194315,300.0010681,300.0010681,-11930.4140625,-11910.4921875,55.3400807900636,20.5513308567638,8.884414,0,0,0,40,4449,299.93775,-11920.453125,,,,,,,,,,,,,0,,,,32.2350121,,,,,,300.0010681,,,,
,26459524.055,300.00068665,-11985.4545898438,6.27644811455291,0.0037298084476032,1,0.999253354069792,40.0298881530762,2.00069873718324,14.919999986887,34.2842980741077,6.39032776587058,250,0.00585134838650188,6.27514741169081,0.0321787347906336,300.0003052,300.0010681,-12040.4951171875,-11930.4140625,55.9083247235444,20.5479260182818,9.256284,0,0,0,40,4449,299.9377,-11985.4545898438,,,,,,,,,,,,,0,,,,31.9161835,,,,,,300.00068665,,,,
,26459525.17,300.00079345,-12100.5009765625,6.21685612266198,0.00473325446964401,1,0.999253354069792,40.0298881530762,2.00061671946839,14.919999986887,33.9632513187772,6.29799421274635,250,4.71116141754151E-5,6.21559189157507,0.0261253711272271,300.0003052,300.0012817,-12160.5068359375,-12040.4951171875,55.9122328661405,20.5510652120046,9.256284,0,0,0,40,4449,299.9366,-12100.5009765625,,,,,,,,,,,,,0,,,,31.5973549,,,,,,300.00079345,,,,
,26459526.225,300.0010681,-12210.6245117188,6.13189624914341,0.00443485834508189,1,0.999253354069792,40.0298881530762,2.00097291099282,14.919999986887,33.4983629624678,6.24837041012527,250,0.00651937759328961,6.13062210482516,0.0322396879481342,300.0008545,300.0012817,-12260.7421875,-12160.5068359375,56.5422254526406,20.5538343188297,9.256284,0,0,0,40,4449,299.9349,-12210.6245117188,,,,,,,,,,,,,0,,,,31.5973549,,,,,,300.0010681,,,,
,26459527.245,300.0002899,-12310.650390625,6.06041526402808,0.0042957734821733,1,0.999253354069792,40.0298881530762,2.00071835133605,14.9299995973706,33.1088414445948,6.14736323328088,250,0.00142793802283713,6.05917721429132,0.0268491400767617,299.9997253,300.0008545,-12360.55859375,-12260.7421875,55.9653836054482,20.5448626477414,9.256284,0,0,0,40,4449,299.93415,-12310.650390625,,,,,,,,,,,,,0,,,,31.9161835,,,,,,300.0002899,,,,
,26459528.235,300.00027465,-12405.5327148438,5.96208665911903,0.00589764448314648,1,0.999253354069792,40.0298881530762,2.00079845633643,14.9299995973706,32.5706711814287,6.06004579071583,250,0.00363553714940133,5.96085938112387,0.0286434375535571,299.9997253,300.000824,-12450.5068359375,-12360.55859375,56.0451097144098,20.5510700593674,9.256284,0,0,0,40,4449,299.9346,-12405.5327148438,,,,,,,,,,,,,0,,,,32.07481675,,,,,,300.00027465,,,,
,26459529.265,300.0010071,-12510.52734375,5.87258005422827,0.00464444458226245,1,0.999253354069792,40.0298881530762,2.00074354871686,14.919999986887,32.0814544929326,5.96559966405484,250,0.0029756457873405,5.87137361746854,0.027607864831049,300.000824,300.0011902,-12570.5478515625,-12450.5068359375,56.2530229005252,20.5413986202572,8.512546,0,0,0,40,4449,299.93445,-12510.52734375,,,,,,,,,,,,,0,,,,32.07481675,,,,,,300.0010071,,,,
,26459530.4,300.00016785,-12625.5454101562,5.77866996022075,0.00469451319094401,1,0.999253354069792,40.0298881530762,2.00084246931394,14.9299995973706,31.5713580002375,5.86291025580175,250,0.00154210861145951,5.77748885271892,0.0257802519001089,299.9991455,300.0011902,-12680.54296875,-12570.5478515625,56.4703156288714,20.5510186283677,8.512546,0,0,0,40,4449,299.9349,-12625.5454101562,,,,,,,,,,,,,0,,,,31.9161835,,,,,,300.00016785,,,,
,26459531.46,300,-12730.5864257813,5.67845985304474,0.00531211920481309,1,0.999253354069792,40.0298881530762,2.00044482077066,14.9299995973706,31.0199146123286,5.74902982542058,250,-0.000515179662084415,5.67730780363365,0.0233028078488196,299.9991455,300.0008545,-12780.6298828125,-12680.54296875,55.8887840105636,20.5473083775803,9.256284,0,0,0,40,4449,299.93355,-12730.5864257813,,,,,,,,,,,,,0,,,,31.9161835,,,,,,300,,,,
,26459532.54,300.0000458,-12840.6606445313,5.55175739365121,0.00530622118574304,1,0.999253354069792,40.0298881530762,2.00109530384759,14.9299995973706,30.3300403712599,5.66214479681788,250,0.00674560596119568,5.55060067495173,0.0300302543256218,299.9992371,300.0008545,-12900.69140625,-12780.6298828125,55.2759872514866,20.5596505970508,8.512546,0,0,0,40,4449,299.93395,-12840.6606445313,,,,,,,,,,,,,0,,,,32.2350121,,,,,,300.0000458,,,,
,26459533.735,299.9998932,-12960.7407226563,5.33896672436046,0.00660541788252559,1,0.999253354069792,40.0298881530762,2.00056084564474,14.9299995973706,29.1692202904618,5.39366763772553,250,-0.00267201929202728,5.33789283092907,0.019721574116398,299.9992371,300.0005493,-13020.7900390625,-12900.69140625,57.1042163579676,20.5454831368383,8.884414,0,0,0,40,4449,299.9345,-12960.7407226563,,,,,,,,,,,,,0,,,,32.2350121,,,,,,299.9998932,,,,
,26459534.945,300.0003357,-13080.8051757813,5.20973882721156,0.00573380939236149,1,0.999253354069792,40.0298881530762,2.00087126096679,14.919999986887,28.4641047568827,5.28218724947291,250,0.000737728108304623,5.20867683210355,0.0225884043073365,300.0001221,300.0005493,-13140.8203125,-13020.7900390625,55.944279635429,20.5537427135579,8.512546,0,0,0,40,4449,299.93235,-13080.8051757813,,,,,,,,,,,,,0,,,,32.2350121,,,,,,300.0003357,,,,
,26459536.065,299.99943545,-13191.3530273437,5.07239558108857,0.00734059618211985,1,0.999253354069792,40.0298881530762,2.00082890791164,14.9299995973706,27.7071489901365,5.17514211577355,250,0.00663297056312882,5.071336978631,0.0279060480069808,299.9987488,300.0001221,-13241.8857421875,-13140.8203125,55.1978243995635,20.5490296792055,8.512546,0,0,0,40,4449,299.93235,-13191.3530273437,,,,,,,,,,,,,0,,,,31.9161835,,,,,,299.99943545,,,,
,26459537.15,299.99943545,-13301.9780273437,4.93140695601089,0.00563556407936589,1,0.999253354069792,40.0298881530762,2.00070592317639,14.9299995973706,26.941139833489,5.00008226094724,250,0.000790615771261649,4.93040155196243,0.0214731021974541,299.9987488,300.0001221,-13362.0703125,-13241.8857421875,56.5258112537367,20.5478233590946,9.256284,0,0,0,40,4449,299.93365,-13301.9780273437,,,,,,,,,,,,,0,,,,31.9161835,,,,,,299.99943545,,,,
,26459538.28,300.0001221,-13417.1240234375,4.80403426011563,0.00750191972377127,1,0.999253354069792,40.0298881530762,2.00084252574774,14.919999986887,26.2446689814743,4.8839748594286,250,0.00309780433398871,4.80304498269241,0.0232451832523286,300.0001221,300.0001221,-13472.177734375,-13362.0703125,55.4612332105443,20.5462477418981,8.512546,0,0,0,40,4449,299.93465,-13417.1240234375,,,,,,,,,,,,,0,,,,32.2350121,,,,,,300.0001221,,,,
,26459539.265,300.00042725,-13517.1860351562,4.65272543712333,0.00614158774256363,1,0.999253354069792,40.0298881530762,2.0008252125151,14.9299995973706,25.4157736419463,4.74129009023501,250,0.00504696076662646,4.65175869609769,0.0245592133269821,300.0001221,300.0007324,-13562.1943359375,-13472.177734375,55.7011931659482,20.5528900385038,8.512546,0,0,0,40,4449,299.9327,-13517.1860351562,,,,,,,,,,,,,0,,,,32.07481675,,,,,,300.00042725,,,,
,26459540.285,300.00076295,-13617.23046875,4.51348144219245,0.0067022578293653,1,0.999253354069792,40.0298881530762,2.00060583407079,14.919999986887,24.6567365891501,4.57611215508828,250,0.000724152886016123,4.5125610948028,0.0196530832585996,300.0007324,300.0007935,-13672.2666015625,-13562.1943359375,56.1217093092944,20.5519842316685,8.512546,0,0,0,40,4449,299.9318,-13617.23046875,,,,,,,,,,,,,0,,,,31.75598815,,,,,,300.00076295,,,,
,26459541.4,300.00032045,-13727.3173828125,4.3558501163148,0.00704632869815278,1,0.999253354069792,40.0298881530762,2.00084712173309,14.9299995973706,23.7934422745559,4.44359821699567,250,0.00560168367966743,4.3549414595513,0.0238681395187639,299.9998474,300.0007935,-13782.3681640625,-13672.2666015625,55.4995330079866,20.5557883170612,8.512546,0,0,0,40,4449,299.93305,-13727.3173828125,,,,,,,,,,,,,0,,,,31.9161835,,,,,,300.00032045,,,,
,26459542.45,299.99964905,-13832.3647460938,4.20125503327799,0.00685287148663802,1,0.999253354069792,40.0298881530762,2.00070293770324,14.9299995973706,22.9518738750705,4.26129446348343,250,0.000956502005751452,4.20039740345164,0.0185752905069074,299.9994507,299.9998474,-13882.361328125,-13782.3681640625,56.218631245679,20.5558710087408,8.512546,0,0,0,40,4449,299.9329,-13832.3647460938,,,,,,,,,,,,,0,,,,32.07481675,,,,,,299.99964905,,,,
,26459543.6,299.99975585,-13947.3256835938,3.87769923136361,0.00769509821974729,1,0.999253354069792,40.0298881530762,2.00077214944817,14.919999986887,21.184376190247,3.93645393197318,250,0.00147006262246187,3.87690520519981,0.0177315085090057,299.9994507,300.000061,-14012.2900390625,-13882.361328125,56.310081782429,20.550956920642,9.256284,0,0,0,40,4449,299.9336,-13947.3256835938,,,,,,,,,,,,,0,,,,31.75598815,,,,,,299.99975585,,,,
,26459544.875,299.99989315,-14077.27734375,3.72353842807348,0.00621847079936373,1,0.999253354069792,40.0298881530762,2.00063983532478,14.9299995973706,20.3428531805992,3.76898871593121,250,-0.000551102535556607,3.72278422149255,0.0150638402078888,299.9997253,300.000061,-14142.2646484375,-14012.2900390625,55.7605969334098,20.5499620325951,8.512546,0,0,0,40,4449,299.93535,-14077.27734375,,,,,,,,,,,,,0,,,,31.75598815,,,,,,299.99989315,,,,
,26459546.015,299.9998474,-14187.3120117188,3.56685892654478,0.00790566028929691,1,0.999253354069792,40.0298881530762,2.00053666411083,14.9299995973706,19.4858282388968,3.61052034462425,250,-0.000471780089390095,3.566136254762,0.0144858091196714,299.9997253,299.9999695,-14232.359375,-14142.2646484375,56.3890262628713,20.5458046866612,8.512546,0,0,0,40,4449,299.9361,-14187.3120117188,,,,,,,,,,,,,0,,,,31.75598815,,,,,,299.9998474,,,,
,26459547.01,299.99998475,-14287.3881835938,3.38816646411423,0.00903220624191455,1,0.999253354069792,40.0298881530762,2.00090786161413,14.9299995973706,18.5129679821014,3.43029893535967,250,-0.000440917637030008,3.38747997355267,0.0137670745693666,299.9999695,300,-14342.4169921875,-14232.359375,56.1944007615829,20.5519388992537,8.884414,0,0,0,40,4449,299.9367,-14287.3881835938,,,,,,,,,,,,,0,,,,31.75598815,,,,,,299.99998475,,,,
,26459548.15,300.00013735,-14402.4819335938,3.21263114005021,0.00814658490359411,1,0.999253354069792,40.0298881530762,2.00085187527249,14.9299995973706,17.5503621843662,3.26867486644081,250,0.00254404707513435,3.21196780206493,0.0160150788881004,300,300.0002747,-14462.546875,-14342.4169921875,56.2670922138713,20.5530303178291,9.256284,0,0,0,40,4449,299.93725,-14402.4819335938,,,,,,,,,,,,,0,,,,32.07481675,,,,,,300.00013735,,,,
,26459549.265,300.00006105,-14512.5366210938,3.03202146060014,0.00772762873384201,1,0.999253354069792,40.0298881530762,2.00095358529071,14.9299995973706,16.566443436038,3.07472624821348,250,0.000508599597835478,3.03140337478148,0.0132225268516636,299.9998474,300.0002747,-14562.5263671875,-14462.546875,55.4041743286405,20.5477880207655,8.884414,0,0,0,40,4449,299.9363,-14512.5366210938,,,,,,,,,,,,,0,,,,32.07481675,,,,,,300.00006105,,,,
,26459550.335,299.9999695,-14622.5698242187,2.85453187839392,0.00826278241474135,1,0.999253354069792,40.0298881530762,2.00090149943078,14.919999986887,15.5976952877044,2.88700555440946,250,-0.000922533676277805,2.85395587766333,0.0110472453633242,299.9998474,300.0000916,-14682.61328125,-14562.5263671875,56.2561494146021,20.5497123249944,8.512546,0,0,0,40,4449,299.93585,-14622.5698242187,,,,,,,,,,,,,0,,,,32.07481675,,,,,,299.9999695,,,,
,26459551.545,300.00024415,-14742.6630859375,2.66621161549563,0.00942528189896354,1,0.999253354069792,40.0298881530762,2.00067295117569,14.9299995973706,14.5645924511142,2.70952950918065,250,0.00157059369920598,2.66566341166111,0.0127499714035499,300.0000916,300.0003967,-14802.712890625,-14682.61328125,56.4773502855444,20.5523555704241,8.512546,0,0,0,40,4449,299.93645,-14742.6630859375,,,,,,,,,,,,,0,,,,32.07481675,,,,,,300.00024415,,,,
,26459552.57,299.9995575,-14842.6196289062,2.48434319852221,0.00770482707435167,1,0.999253354069792,40.0298881530762,2.00082162938209,14.919999986887,13.5731433711829,2.51921715129338,250,0.000425498273465082,2.4838368224415,0.0108423274432235,299.9987183,300.0003967,-14882.5263671875,-14802.712890625,56.4312342029098,20.5467035175162,9.256284,0,0,0,40,4449,299.93715,-14842.6196289062,,,,,,,,,,,,,0,,,,32.07481675,,,,,,299.9995575,,,,
,26459554.375,300.0003662,-15022.5219726562,2.10891432797145,0.00829071567366868,1,0.999253354069792,40.0298881530762,2.00077424686567,14.919999986887,11.5205098980958,2.1450567666094,250,0.00156723762318085,2.10847937700276,0.0104094225362021,300.0003662,300.0003662,-15032.52734375,-15012.5166015625,56.2788166416598,20.5518075719998,9.256284,0,0,0,40,4449,299.9367,-15022.5219726562,,,,,,,,,,,,,0,,,,31.75598815,,,,,,300.0003662,,,,
,26459555.085,299.99990845,-15092.54296875,1.92527973368522,0.00921312717622165,1,0.999253354069792,40.0298881530762,2.0008368933602,14.919999986887,10.5154526551876,1.97033575896166,250,0.00362739312522029,1.92487349245676,0.0116990539300551,299.9994507,300.0003662,-15152.55859375,-15032.52734375,55.6589852259097,20.5466928012181,8.884414,0,0,0,40,4449,299.9384,-15092.54296875,,,,,,,,,,,,,0,,,,31.9146214,,,,,,299.99990845,,,,
,26459556.305,299.999527,-15217.611328125,1.73559148780387,0.0082954559936812,1,0.999253354069792,40.0298881530762,2.00072422214414,14.919999986887,9.47978438057453,1.77132670705303,250,0.00239448814389766,1.73522898346607,0.00967089718379895,299.9994507,299.9996033,-15282.6640625,-15152.55859375,56.6141352764098,20.551234494275,8.512546,0,0,0,40,4449,299.9394,-15217.611328125,,,,,,,,,,,,,0,,,,32.07481675,,,,,,299.999527,,,,
,26459557.32,300.0001831,-15322.6967773438,1.54620277742611,0.00820920119659234,1,0.999253354069792,40.0298881530762,2.00076191488153,14.9299995973706,8.44710297298911,1.56942240509316,250,0.000550950899891681,1.54588643510596,0.00703358534811368,299.9996033,300.0007629,-15362.7294921875,-15282.6640625,56.1209276807752,20.5548621390796,8.884414,0,0,0,40,4449,299.9388,-15322.6967773438,,,,,,,,,,,,,0,,,,32.2350121,,,,,,300.0001831,,,,
,26459558.29,300.0005798,-15417.728515625,1.3607551372991,0.00878339755076849,1,0.999253354069792,40.0298881530762,2.00054759846668,14.9299995973706,7.43348803387125,1.37950642240348,250,0.000203207748129769,1.36047790644662,0.00590829457273057,300.0003967,300.0007629,-15472.7275390625,-15362.7294921875,56.2428617297752,20.5493443744801,9.256284,0,0,0,40,4449,299.93925,-15417.728515625,,,,,,,,,,,,,0,,,,32.07481675,,,,,,300.0005798,,,,
,26459559.385,300.00001525,-15527.755859375,1.17137918264344,0.00872016978756897,1,0.999253354069792,40.0298881530762,2.000432523458,14.919999986887,6.39737712979238,1.19411797292698,250,0.00139486972358446,1.17113545084008,0.00630565935329033,299.9996338,300.0003967,-15582.7841796875,-15472.7275390625,56.2764717561021,20.5523994848115,9.256284,0,0,0,40,4449,299.93875,-15527.755859375,,,,,,,,,,,,,0,,,,32.07481675,,,,,,300.00001525,,,,
,26459560.4,300,-15627.71875,0.978693372519194,0.00862911092435405,1,0.999253354069792,40.0298881530762,2.0004862624935,14.919999986887,5.34465129446594,1.00057840205952,250,0.00168911740816763,0.9784875437481,0.00579194568607107,299.9996338,300.0003662,-15672.6533203125,-15582.7841796875,56.3421285517175,20.5518169521958,9.256284,0,0,0,40,4449,299.93825,-15627.71875,,,,,,,,,,,,,0,,,,32.2350121,,,,,,300,,,,
,26459561.47,300.00045775,-15732.6806640625,0.789284204754762,0.0087190925866565,1,0.999253354069792,40.0298881530762,2.00077777264068,14.919999986887,4.31007204352391,0.811506451505368,250,0.00217824067073469,0.789114781281064,0.0054868197391745,300.0003662,300.0005493,-15792.7080078125,-15672.6533203125,54.9203462752366,20.5475060111342,9.256284,0,0,0,40,4449,299.9381,-15732.6806640625,,,,,,,,,,,,,0,,,,32.2350121,,,,,,300.00045775,,,,
,26459562.665,299.9998932,-15852.771484375,0.411537978035085,0.0084057026781185,1,0.999253354069792,40.0298881530762,2.00042387443932,14.9299995973706,2.24599721570143,0.427988185690832,250,0.00203944343878308,0.411445862973272,0.00376433995415848,299.9992371,300.0005493,-15912.8349609375,-15792.7080078125,54.187178724198,20.5467292339668,8.512546,0,0,0,40,4449,299.9385,-15852.771484375,,,,,,,,,,,,,0,,,,32.2350121,,,,,,299.9998932,,,,
,26459563.9,299.99943545,-15977.8413085938,0.224896177152012,0.00829332011261306,1,0.999253354069792,40.0298881530762,2.00054116672774,14.9299995973706,1.22880909601776,0.226605986260573,250,-0.000220520232258805,0.224851440686691,0.000722350827657809,299.9992371,299.9996338,-16042.84765625,-15912.8349609375,56.4132567469675,20.551245642435,9.256284,0,0,0,40,4449,299.9381,-15977.8413085938,,,,,,,,,,,,,0,,,,31.9161835,,,,,,299.99943545,,,,
,26459565.035,299.9996338,-16092.9038085938,0.0367322978758778,0.0078641891916722,1,0.999253354069792,40.0298881530762,2.00054551177665,14.919999986887,0.198106257889839,0.0510096669453024,250,0.00252635890504929,0.0367142490145808,0.00267983541086987,299.9996338,299.9996338,-16142.9599609375,-16042.84765625,55.697285023352,20.5516456500536,9.256284,0,0,0,40,4449,299.9375,-16092.9038085938,,,,,,,,,,,,,0,,,,31.9161835,,,,,,299.9996338,,,,
,26459566.945,300.0013123,-16282.9033203125,-0.15215683118028,0.00837517208382708,1,0.999253354069792,40.0298881530762,2.00063894633581,14.919999986887,-0.83423743405628,-0.138064499082668,250,0.00294176623439328,-0.152138263068393,0.00230331557502098,300.0013123,300.0013123,-16282.9033203125,-16282.9033203125,56.0669953129482,20.550837507339,9.256284,0,0,0,40,4449,299.93785,-16282.9033203125,,,,,,,,,,,,,0,,,,31.9146214,,,,,,300.0013123,,,,
,26459567.6,300.00109865,-16347.9575195313,-0.337905424752937,0.00875222097689272,1,0.999253354069792,40.0298881530762,2.0006509364729,14.919999986887,-1.84879344583842,-0.327468374665296,250,0.00271524402962657,-0.337848188976306,0.00129818214397849,300.000885,300.0013123,-16413.01171875,-16282.9033203125,57.1941036376791,20.5465888411794,9.256284,0,0,0,40,4449,299.938,-16347.9575195313,,,,,,,,,,,,,0,,,,31.9146214,,,,,,300.00109865,,,,
,26459568.735,300.0008545,-16463.3837890625,-0.523125394126235,0.00840684843778799,1,0.999253354069792,40.0298881530762,2.00056622350817,14.9299995973706,-2.86030896183276,-0.516474393477309,250,0.00245944721203704,-0.523029481792812,0.000266027114016872,300.000824,300.000885,-16513.755859375,-16413.01171875,56.0185343447559,20.5445613031054,9.256284,0,0,0,40,4449,299.9378,-16463.3837890625,,,,,,,,,,,,,0,,,,31.9146214,,,,,,300.0008545,,,,
,26459569.805,300.0010834,-16568.775390625,-0.89047183919157,0.00837290900524781,1,0.999253354069792,40.0298881530762,2.00072817276905,14.919999986887,-4.86889164797509,-0.881123787932446,250,0.0038379315983801,-0.890307113810122,0.000104402813256821,300.000824,300.0013428,-16623.794921875,-16513.755859375,55.8692432975828,20.5533741535404,9.256284,0,0,0,40,4449,299.93855,-16568.775390625,,,,,,,,,,,,,0,,,,31.9146214,,,,,,300.0010834,,,,
,26459570.945,300.000885,-16683.8701171875,-1.07260918661581,0.00834689515523227,1,0.999253354069792,40.0298881530762,2.00058002509711,14.9299995973706,-5.86363443564336,-1.06514686888531,250,0.00391365106585623,-1.07240781126558,-0.000583300460189618,300.0004272,300.0013428,-16743.9453125,-16623.794921875,53.780731894198,20.5490399949746,9.256284,0,0,0,40,4449,299.93905,-16683.8701171875,,,,,,,,,,,,,0,,,,31.75598815,,,,,,300.000885,,,,
,26459571.985,300.0002899,-16788.9501953125,-1.25313467681202,0.00817429783684624,1,0.999253354069792,40.0298881530762,2.00060452187322,14.919999986887,-6.85010693360534,-1.24706548539163,250,0.00409009961792759,-1.25289742045783,-0.00116355555917294,300.0001526,300.0004272,-16833.955078125,-16743.9453125,56.5093970548329,20.5457562845366,8.512546,0,0,0,40,4449,299.93765,-16788.9501953125,,,,,,,,,,,,,0,,,,31.5973549,,,,,,300.0002899,,,,
,26459573.025,300.0006714,-16894.0458984375,-1.43183341187015,0.00816514325370842,1,0.999253354069792,40.0298881530762,2.00094700447206,14.9299995973706,-7.82813402129328,-1.42574887679001,250,0.00456121036138955,-1.43156183844342,-0.00144153422522053,300.0001526,300.0011902,-16954.13671875,-16833.955078125,55.4659229816597,20.552176692445,8.512546,0,0,0,40,4449,299.93625,-16894.0458984375,,,,,,,,,,,,,0,,,,31.9161835,,,,,,300.0006714,,,,
,26459574.095,300.00094605,-16999.1572265625,-1.60960867670733,0.00809874918394047,1,0.999253354069792,40.0298881530762,2.00095316174337,14.9299995973706,-8.79957686381477,-1.60556834387256,250,0.00461590891749616,-1.60930123489215,-0.00213191307737798,300.0007019,300.0011902,-17044.177734375,-16954.13671875,56.1873661049098,20.5506633370307,9.256284,0,0,0,40,4449,299.93635,-16999.1572265625,,,,,,,,,,,,,0,,,,32.07481675,,,,,,300.00094605,,,,
,26459575.095,300.0010681,-17099.18359375,-1.78628503953519,0.00808406655254444,1,0.999253354069792,40.0298881530762,2.00051530734193,14.919999986887,-9.76284074077507,-1.78425820651479,250,0.00460311339646267,-1.78594167801505,-0.00288514528739073,300.0007019,300.0014343,-17154.189453125,-17044.177734375,55.8958186672367,20.5538897576099,9.256284,0,0,0,40,4449,299.9365,-17099.18359375,,,,,,,,,,,,,0,,,,31.75598815,,,,,,300.0010681,,,,
,26459576.18,300.00178525,-17209.232421875,-1.96096881048685,0.00799605172055094,1,0.999253354069792,40.0298881530762,2.00039988837891,14.919999986887,-10.7166920725422,-1.96009024041142,250,0.00478643907292577,-1.96059071560432,-0.00343389854451286,300.0014343,300.0021362,-17264.275390625,-17154.189453125,56.2233210167944,20.5526004375569,8.512546,0,0,0,40,4449,299.9369,-17209.232421875,,,,,,,,,,,,,0,,,,31.75598815,,,,,,300.00178525,,,,
,26459577.26,300.00131225,-17314.1650390625,-2.13277345536871,0.00789272922050019,1,0.999253354069792,40.0298881530762,2.00055664456317,14.919999986887,-11.65639697477,-2.13250836905357,250,0.0051090534292104,-2.13236188190455,-0.00383130323041596,300.0004883,300.0021362,-17364.0546875,-17264.275390625,56.0044650314098,20.5482263369208,9.256284,0,0,0,40,4449,299.9373,-17314.1650390625,,,,,,,,,,,,,0,,,,32.07481675,,,,,,300.00131225,,,,
,26459578.33,300.00045775,-17419.138671875,-2.30315398299539,0.00779959204335932,1,0.999253354069792,40.0298881530762,2.00056538496972,14.919999986887,-12.5867877622001,-2.30749398609069,250,0.00467201614123542,-2.3027060748102,-0.00498223287095227,300.0004272,300.0004883,-17474.22265625,-17364.0546875,56.3898078913906,20.5470168011626,8.512546,0,0,0,40,4449,299.9371,-17419.138671875,,,,,,,,,,,,,0,,,,32.2350121,,,,,,300.00045775,,,,
,26459579.555,300.0005493,-17544.212890625,-2.47025899430803,0.00737514495851049,1,0.999253354069792,40.0298881530762,2.00062706509172,14.9299995973706,-13.5006892478398,-2.4735691542479,250,0.00527058278285149,-2.46977968431241,-0.00508400864738212,300.0004272,300.0006714,-17614.203125,-17474.22265625,55.5823856310251,20.5463893372718,9.256284,0,0,0,40,4449,299.9363,-17544.212890625,,,,,,,,,,,,,0,,,,32.2350121,,,,,,300.0005493,,,,
,26459580.65,300.0006714,-17654.2763671875,-2.63818683166336,0.007840459148533,1,0.999253354069792,40.0298881530762,2.00077706277665,14.919999986887,-14.4195167169841,-2.64192099997652,250,0.00562759876992976,-2.6376749393799,-0.00543070250789507,300.0006714,300.0006714,-17694.349609375,-17614.203125,55.6449159125636,20.5529075428321,8.512546,0,0,0,40,4449,299.9363,-17654.2763671875,,,,,,,,,,,,,0,,,,32.2350121,,,,,,300.0006714,,,,
,26459581.58,300.00097655,-17744.373046875,-2.80214998691909,0.00745870784492586,1,0.999253354069792,40.0298881530762,2.00018988337053,14.9299995973706,-15.3110343241084,-2.80678689952542,250,0.00570745669101106,-2.80160513121021,-0.00603792189504792,300.0006714,300.0012817,-17794.396484375,-17694.349609375,55.9333368361598,20.5485778106403,8.512546,0,0,0,40,4449,299.9357,-17744.373046875,,,,,,,,,,,,,0,,,,32.2350121,,,,,,300.00097655,,,,
,26459583.54,300.0009155,-17944.33984375,-3.12625852247275,0.00749851688380283,1,0.999253354069792,40.0298881530762,2.00056280486926,14.9299995973706,-17.084233538955,-3.13655524929478,250,0.0055334026016305,-3.12564720708828,-0.00756980348316712,300.0009155,300.0009155,-17954.384765625,-17934.294921875,56.953362053756,20.5519941341761,8.512546,0,0,0,40,4449,299.93775,-17944.33984375,,,,,,,,,,,,,0,,,,31.9146214,,,,,,300.0009155,,,,
,26459584.055,300.0009918,-17994.412109375,-3.28766236023357,0.00742775651361819,1,0.999253354069792,40.0298881530762,2.0006908555966,14.9299995973706,-17.9678350552988,-3.29627832931913,250,0.00626164690831971,-3.28702133417187,-0.00751809390712372,300.0009155,300.0010681,-18034.439453125,-17954.384765625,55.3807254730635,20.5463608762051,8.884414,0,0,0,40,4449,299.9367,-17994.412109375,,,,,,,,,,,,,0,,,,31.9146214,,,,,,300.0009918,,,,
,26459585.115,300.0007019,-18099.2099609375,-3.4436061565063,0.0068543581889487,1,0.999253354069792,40.0298881530762,2.00063307625063,14.919999986887,-18.8185242841837,-3.45819771075312,250,0.00552159533402161,-3.44293044282384,-0.0089112600684659,300.0003357,300.0010681,-18163.98046875,-18034.439453125,56.3429101802367,20.5445820654354,9.256284,0,0,0,40,4449,299.93755,-18099.2099609375,,,,,,,,,,,,,0,,,,31.9146214,,,,,,300.0007019,,,,
,26459586.31,300.00057985,-18219.134765625,-3.59586839627033,0.00695668708845156,1,0.999253354069792,40.0298881530762,2.00068174413377,14.9299995973706,-19.6513867014698,-3.60947725206536,250,0.0060790787447742,-3.59516416389212,-0.00899169553020591,300.0003357,300.000824,-18274.2890625,-18163.98046875,55.9731998906405,20.5512184093194,8.512546,0,0,0,40,4449,299.93785,-18219.134765625,,,,,,,,,,,,,0,,,,32.07481675,,,,,,300.00057985,,,,
,26459587.35,300.0015564,-18324.2734375,-3.74396272161379,0.007148982142017,1,0.999253354069792,40.0298881530762,2.00099914194016,14.9299995973706,-20.4635542558275,-3.76049158863267,250,0.00600378326669202,-3.74322800224349,-0.00968743973752297,300.000824,300.0022888,-18374.2578125,-18274.2890625,55.9403714928328,20.5450535832624,9.256284,0,0,0,40,4449,299.9363,-18324.2734375,,,,,,,,,,,,,0,,,,32.2350121,,,,,,300.0015564,,,,
,26459588.38,300.0029144,-18429.3125,-3.89006231599973,0.00640044421067071,1,0.999253354069792,40.0298881530762,2.00049207508674,14.919999986887,-21.2570563483651,-3.90513129895958,250,0.00644642170700258,-3.88929962927695,-0.00985689557435884,300.0022888,300.00354,-18484.3671875,-18374.2578125,56.3382204091213,20.5493042276718,9.256284,0,0,0,40,4449,299.9361,-18429.3125,,,,,,,,,,,,,0,,,,32.2350121,,,,,,300.0029144,,,,
,26459589.57,300.00305175,-18544.3955078125,-4.03120839295384,0.0065939751164396,1,0.999253354069792,40.0298881530762,2.00070865246937,14.919999986887,-22.0302909063556,-4.04927843200232,250,0.00630896008533193,-4.03041648494289,-0.0105855286492307,300.0025635,300.00354,-18604.423828125,-18484.3671875,56.0818462548136,20.5540030428085,8.884414,0,0,0,40,4449,299.9359,-18544.3955078125,,,,,,,,,,,,,0,,,,32.2350121,,,,,,300.00305175,,,,
,26459590.635,300.00320435,-18649.4248046875,-4.17178366270294,0.00616095057921139,1,0.999253354069792,40.0298881530762,2.00069551647076,14.9299995973706,-22.798235615261,-4.19123387515434,250,0.00638654927144415,-4.17096354014857,-0.0110968315154085,300.0025635,300.0038452,-18694.42578125,-18604.423828125,56.5140868259483,20.547475692482,9.256284,0,0,0,40,4449,299.9348,-18649.4248046875,,,,,,,,,,,,,0,,,,32.07481675,,,,,,300.00320435,,,,
,26459591.65,300.00349425,-18754.4697265625,-4.30609121897847,0.00608727115730464,1,0.999253354069792,40.0298881530762,2.00081518740734,14.919999986887,-23.5334017504909,-4.32738221729742,250,0.0064157023109548,-4.30524393751739,-0.0116301953015279,300.0031433,300.0038452,-18814.513671875,-18694.42578125,56.9830639374868,20.5530578310643,8.512546,0,0,0,40,4449,299.9349,-18754.4697265625,,,,,,,,,,,,,0,,,,31.75598815,,,,,,300.00349425,,,,
,26459592.805,300.0019531,-18869.5224609375,-4.56928527602422,0.00644273985217382,1,0.999253354069792,40.0298881530762,2.0005057936595,14.919999986887,-24.9684325784089,-4.5890281614488,250,0.00720239879646586,-4.56838815946864,-0.0119461614179726,300.0007629,300.0031433,-18924.53125,-18814.513671875,56.340565294679,20.5448562646992,8.512546,0,0,0,40,4449,299.9356,-18869.5224609375,,,,,,,,,,,,,0,,,,31.75598815,,,,,,300.0019531,,,,
,26459593.915,300.00131225,-18979.453125,-4.7011607414462,0.00595931080086527,1,0.999253354069792,40.0298881530762,2.00042971689867,14.9299995973706,-25.6888345897169,-4.71734894283388,250,0.00813304350461702,-4.70024089674432,-0.011568063638,300.0007629,300.0018616,-19034.375,-18924.53125,55.9388082357944,20.5450548503062,9.256284,0,0,0,40,4449,299.93435,-18979.453125,,,,,,,,,,,,,0,,,,32.07481675,,,,,,300.00131225,,,,
,26459594.98,300.00234985,-19089.3984375,-4.82373370866782,0.00533945379054613,1,0.999253354069792,40.0298881530762,2.00045730594265,14.919999986887,-26.3594615740903,-4.83776269584154,250,0.00882916736641796,-4.8227917574993,-0.0113853600560884,300.0018616,300.0028381,-19144.421875,-19034.375,56.3577611221021,20.5566458412513,8.512546,0,0,0,40,4449,299.93415,-19089.3984375,,,,,,,,,,,,,0,,,,32.2350121,,,,,,300.00234985,,,,
,26459596.095,300.0023346,-19199.4697265625,-4.94318634768668,0.00568222278612325,1,0.999253354069792,40.0298881530762,2.00071082576413,14.919999986887,-27.0147210205691,-4.96265486854998,250,0.00822745479479951,-4.94221767401719,-0.0124870879688615,300.0018311,300.0028381,-19254.517578125,-19144.421875,56.3788650921214,20.546826465609,8.512546,0,0,0,40,4449,299.93455,-19199.4697265625,,,,,,,,,,,,,0,,,,31.9161835,,,,,,300.0023346,,,,
,26459597.155,300.0017395,-19304.525390625,-5.06340989771937,0.00528506451627058,1,0.999253354069792,40.0298881530762,2.00065824840583,14.919999986887,-27.6700676827476,-5.08846420625422,250,0.00746764145077129,-5.06241378619146,-0.0137501668256862,300.0016479,300.0018311,-19354.533203125,-19254.517578125,55.8465760705251,20.556901508976,8.512546,0,0,0,40,4449,299.9343,-19304.525390625,,,,,,,,,,,,,0,,,,31.9161835,,,,,,300.0017395,,,,
,26459598.225,300.00152585,-19414.5751953125,-5.17700024505993,0.0057019673416469,1,0.999253354069792,40.0298881530762,2.00063439778816,14.919999986887,-28.2913385204024,-5.19791412305741,250,0.00848434182692809,-5.17598543766484,-0.0132090895452696,300.0014038,300.0016479,-19474.6171875,-19354.533203125,55.2251813977366,20.5462686995485,8.512546,0,0,0,40,4449,299.9361,-19414.5751953125,,,,,,,,,,,,,0,,,,32.3968449,,,,,,300.00152585,,,,
,26459599.415,300.00160215,-19534.646484375,-5.28855211658067,0.00477355380199852,1,0.999253354069792,40.0298881530762,2.00049056006436,14.919999986887,-28.8988336598296,-5.31002873191945,250,0.00857808572201545,-5.28751509643434,-0.0135823285240103,300.0014038,300.0018005,-19594.67578125,-19474.6171875,57.3637170263522,20.5517270493502,9.256284,0,0,0,40,4449,299.9362,-19534.646484375,,,,,,,,,,,,,0,,,,32.0780163,,,,,,300.00160215,,,,
,26459600.52,300.00204465,-19644.7041015625,-5.39554419796612,0.00458793045671785,1,0.999253354069792,40.0298881530762,2.00060637904582,14.9299995973706,-29.4861618316228,-5.41228280933504,250,0.00975411164986061,-5.39449033648165,-0.0128545557437199,300.0018005,300.0022888,-19694.732421875,-19594.67578125,56.0114996880828,20.5495555524727,9.256284,0,0,0,40,4449,299.93475,-19644.7041015625,,,,,,,,,,,,,0,,,,31.75598815,,,,,,300.00204465,,,,
,26459601.66,300.0027008,-19755.3779296875,-5.5985494713937,0.00512138117105661,1,0.999253354069792,40.0298881530762,2.00061806533601,14.919999986887,-30.5938978127782,-5.62589054246577,250,0.00830092982487257,-5.59744825015445,-0.0151574544288185,300.0022888,300.0031128,-19816.0234375,-19694.732421875,56.0716850840636,20.5512458269184,8.884414,0,0,0,40,4449,299.9362,-19755.3779296875,,,,,,,,,,,,,0,,,,31.9146214,,,,,,300.0027008,,,,
,26459602.91,300.0036316,-19881.1533203125,-5.69464789361147,0.00444999051748161,1,0.999253354069792,40.0298881530762,2.00056891176074,14.9299995973706,-31.1186846709238,-5.72020485735444,250,0.00883032359836184,-5.69352924009602,-0.0150303341936379,300.0031128,300.0041504,-19946.283203125,-19816.0234375,55.3486787037751,20.5510115475454,8.512546,0,0,0,40,4449,299.93595,-19881.1533203125,,,,,,,,,,,,,0,,,,32.07481675,,,,,,300.0036316,,,,
,26459603.995,300.0040436,-19991.3662109375,-5.78762653738263,0.00472871038866487,1,0.999253354069792,40.0298881530762,2.0006643549365,14.9299995973706,-31.6273640942913,-5.81860237554345,250,0.00810827308438395,-5.78648592086474,-0.0161415939811842,300.0039368,300.0041504,-20036.44921875,-19946.283203125,56.8869236296214,20.5504443927988,8.512546,0,0,0,40,4449,299.93345,-19991.3662109375,,,,,,,,,,,,,0,,,,32.07481675,,,,,,300.0040436,,,,
,26459605.04,300.00320435,-20096.5126953125,-5.88010188905665,0.00444281611829417,1,0.999253354069792,40.0298881530762,2.00094209752541,14.919999986887,-32.1371630497288,-5.91181132191813,250,0.0083401573013902,-5.87894369958175,-0.0162967660467536,300.0024719,300.0039368,-20156.576171875,-20036.44921875,56.3210245816983,20.5506545178668,8.512546,0,0,0,40,4449,299.93355,-20096.5126953125,,,,,,,,,,,,,0,,,,32.07481675,,,,,,300.00320435,,,,
,26459606.03,300.00300595,-20196.57421875,-5.96663156875451,0.00394402187927341,1,0.999253354069792,40.0298881530762,2.00070029315003,14.9299995973706,-32.6049338026398,-6.00515913761621,250,0.0071704868061891,-5.96545101376498,-0.0178282117740789,300.0024719,300.00354,-20236.572265625,-20156.576171875,56.4241995462367,20.5514585936461,8.884414,0,0,0,40,4449,299.9346,-20196.57421875,,,,,,,,,,,,,0,,,,32.2350121,,,,,,300.00300595,,,,
,26459606.99,300.003479,-20291.6474609375,-6.05190061697816,0.00411269029084309,1,0.999253354069792,40.0298881530762,2.00044508576219,14.9299995973706,-33.0679065668178,-6.08413601122309,250,0.00838657880612207,-6.05070778691118,-0.0169692226059782,300.003418,300.00354,-20346.72265625,-20236.572265625,55.1954795140058,20.5487585912253,8.512546,0,0,0,40,4449,299.93445,-20291.6474609375,,,,,,,,,,,,,0,,,,32.2350121,,,,,,300.003479,,,,
,26459608.14,300.0041199,-20406.716796875,-6.13316429095566,0.00387860918329225,1,0.999253354069792,40.0298881530762,2.00059960921897,14.919999986887,-33.5154200971586,-6.16110939480123,250,0.00944817209038376,-6.13195932610262,-0.0162477547319944,300.003418,300.0048218,-20466.7109375,-20346.72265625,56.2405168442175,20.5459840237451,8.884414,0,0,0,40,4449,299.935,-20406.716796875,,,,,,,,,,,,,0,,,,31.9161835,,,,,,300.0041199,,,,
,26459609.26,300.00502015,-20516.765625,-6.20623432624923,0.00445178313697184,1,0.999253354069792,40.0298881530762,2.00052132972456,14.919999986887,-33.9125997298448,-6.23872962623753,250,0.00874468279444465,-6.20501142955448,-0.0172567076676843,300.0048218,300.0052185,-20566.8203125,-20466.7109375,55.9685101195252,20.5502262090504,8.512546,0,0,0,40,4449,299.9354,-20516.765625,,,,,,,,,,,,,0,,,,31.9161835,,,,,,300.00502015,,,,
,26459610.355,300.003952,-20626.744140625,-6.27876046270908,0.00414306812834725,1,0.999253354069792,40.0298881530762,2.00067526971812,14.919999986887,-34.3127787819804,-6.3050922375609,250,0.0101308909268916,-6.27752893689596,-0.0161742427900131,300.0026855,300.0052185,-20686.66796875,-20566.8203125,56.1389051367175,20.5493719729627,9.256284,0,0,0,40,4449,299.9344,-20626.744140625,,,,,,,,,,,,,0,,,,32.07481675,,,,,,300.003952,,,,
,26459611.61,300.0028076,-20751.697265625,-6.4126370959662,0.00339894803063775,1,0.999253354069792,40.0298881530762,2.0009496982272,14.919999986887,-35.0474097251535,-6.44944244025659,250,0.00868991180530475,-6.41137269207539,-0.0181752281018112,300.0026855,300.0029297,-20816.7265625,-20686.66796875,56.4593728296021,20.5455750807093,8.512546,0,0,0,40,4449,299.9343,-20751.697265625,,,,,,,,,,,,,0,,,,31.9146214,,,,,,300.0028076,,,,
,26459612.875,300.0033264,-20876.7099609375,-6.48442100922663,0.00399402593208062,1,0.999253354069792,40.0298881530762,2.00079387238191,14.919999986887,-35.4380147529697,-6.51591092422032,250,0.00974432931645694,-6.48314638774289,-0.0174212052273412,300.0029297,300.0037231,-20936.693359375,-20816.7265625,56.922878541506,20.5477633887567,8.512546,0,0,0,40,4449,299.93405,-20876.7099609375,,,,,,,,,,,,,0,,,,32.07481675,,,,,,300.0033264,,,,
,26459613.93,300.00430295,-20981.771484375,-6.54509507277155,0.00388169971550618,1,0.999253354069792,40.0298881530762,2.0009226047979,14.919999986887,-35.7702199066279,-6.5860656398645,250,0.00822941168059358,-6.54380159309555,-0.0191896481109706,300.0037231,300.0048828,-21026.849609375,-20936.693359375,56.0388566862559,20.5545913579794,8.512546,0,0,0,40,4449,299.93275,-20981.771484375,,,,,,,,,,,,,0,,,,32.07481675,,,,,,300.00430295,,,,
,26459614.945,300.0046997,-21086.86328125,-6.60318477861906,0.00364886962915726,1,0.999253354069792,40.0298881530762,2.00102897915299,14.919999986887,-36.0887401152972,-6.64929097831193,250,0.00749176409849107,-6.60187636130078,-0.0201701192291811,300.0045166,300.0048828,-21146.876953125,-21026.849609375,55.5128206928136,20.5535075889201,9.256284,0,0,0,40,4449,299.9317,-21086.86328125,,,,,,,,,,,,,0,,,,31.75598815,,,,,,300.0046997,,,,
,26459616.095,300.00431825,-21201.9560546875,-6.66193749596552,0.00346382341628368,1,0.999253354069792,40.0298881530762,2.00101948399979,14.9299995973706,-36.409054201721,-6.71178166950475,250,0.00694305884298601,-6.66061502043988,-0.0209641201348101,300.0041199,300.0045166,-21257.03515625,-21146.876953125,55.9051982094675,20.5507989469079,8.512546,0,0,0,40,4449,299.9333,-21201.9560546875,,,,,,,,,,,,,0,,,,31.5973549,,,,,,300.00431825,,,,
,26459617.125,300.0041809,-21302.0302734375,-6.72419169324223,0.00288892004331122,1,0.999253354069792,40.0298881530762,2.00063359734055,14.919999986887,-36.745427281093,-6.75679812614521,250,0.0100148075326105,-6.72286954541715,-0.0181531748924464,300.0041199,300.0042419,-21347.025390625,-21257.03515625,55.7152624792944,20.5528893367292,8.512546,0,0,0,40,4449,299.93445,-21302.0302734375,,,,,,,,,,,,,0,,,,31.5973549,,,,,,300.0041809,,,,
,26459618.1,300.00453185,-21401.904296875,-6.78207203860377,0.00273044041328938,1,0.999253354069792,40.0298881530762,2.00033683462271,14.9299995973706,-37.0563459917634,-6.81407553996408,250,0.0100819809021401,-6.78073838036823,-0.0183280654002742,300.0042419,300.0048218,-21456.783203125,-21347.025390625,55.7136992222559,20.5491058830766,9.256284,0,0,0,40,4449,299.9338,-21401.904296875,,,,,,,,,,,,,0,,,,31.9161835,,,,,,300.00453185,,,,
,26459619.185,300.0043793,-21511.7705078125,-6.83227602723587,0.0025269386579949,1,0.999253354069792,40.0298881530762,2.00077674332482,14.919999986887,-37.3381403242659,-6.86877211568382,250,0.00964648010535404,-6.83093045065036,-0.0189732191244535,300.0039368,300.0048218,-21566.7578125,-21456.783203125,56.3491632083906,20.5482735450144,8.884414,0,0,0,40,4449,299.93405,-21511.7705078125,,,,,,,,,,,,,0,,,,32.2350121,,,,,,300.0043793,,,,
,26459620.18,300.0035553,-21611.8076171875,-6.87511390906339,0.00314307324454673,1,0.999253354069792,40.0298881530762,2.00091405202698,14.9299995973706,-37.5736673929362,-6.9182074239039,250,0.00862552914186622,-6.87375562489619,-0.0201728728879994,300.0031738,300.0039368,-21656.857421875,-21566.7578125,56.1725151630444,20.5545410117415,9.256284,0,0,0,40,4449,299.93445,-21611.8076171875,,,,,,,,,,,,,0,,,,32.2350121,,,,,,300.0035553,,,,
,26459621.23,300.00331115,-21716.8564453125,-6.92929850960736,0.0025644110789075,1,0.999253354069792,40.0298881530762,2.00071708667733,14.919999986887,-37.8664923872546,-6.97028332358802,250,0.00901878195288191,-6.92793098587409,-0.0200062292546875,300.0031738,300.0034485,-21776.85546875,-21656.857421875,56.2280107879098,20.5451551210339,8.884414,0,0,0,40,4449,299.93375,-21716.8564453125,,,,,,,,,,,,,0,,,,32.07481675,,,,,,300.00331115,,,,
,26459622.375,300.0048523,-21831.8662109375,-6.97424775738621,0.00271948890496645,1,0.999253354069792,40.0298881530762,2.00072251549536,14.9299995973706,-38.112444119813,-7.01433503417941,250,0.00929326565905464,-6.97287189913839,-0.0199197765060314,300.0034485,300.0062561,-21886.876953125,-21776.85546875,55.9223940368905,20.5531268169589,9.256284,0,0,0,40,4449,299.93145,-21831.8662109375,,,,,,,,,,,,,0,,,,32.07481675,,,,,,300.0048523,,,,
,26459623.42,300.0061035,-21936.91796875,-7.02197288202871,0.00265536926798611,1,0.999253354069792,40.0298881530762,2.00074719567897,14.919999986887,-38.3741469590408,-7.06005915795249,250,0.0097882548292522,-7.02058914515694,-0.0196242213156141,300.0059509,300.0062561,-21986.958984375,-21886.876953125,55.7785743893521,20.549040979847,8.512546,0,0,0,40,4449,299.93185,-21936.91796875,,,,,,,,,,,,,0,,,,32.2350121,,,,,,300.0061035,,,,
,26459624.525,300.0056305,-22046.994140625,-7.06868591195407,0.00253801999113421,1,0.999253354069792,40.0298881530762,2.00048845099339,14.919999986887,-38.6282404594067,-7.08627503235875,250,0.0134873952051655,-7.06730836573309,-0.0161209352835251,300.0053101,300.0059509,-22107.029296875,-21986.958984375,56.1256174518906,20.5526940985637,9.256284,0,0,0,40,4449,299.9319,-22046.994140625,,,,,,,,,,,,,0,,,,32.2350121,,,,,,300.0056305,,,,
,26459625.645,300.0055237,-22157.0146484375,-7.10664407467649,0.00299439297587487,1,0.999253354069792,40.0298881530762,2.00061502984042,14.919999986887,-38.8364398070609,-7.13353697066461,250,0.0119541150499542,-7.1052524736017,-0.0178124681664513,300.0053101,300.0057373,-22207,-22107.029296875,56.0701218270252,20.5494772621268,9.256284,0,0,0,40,4449,299.9308,-22157.0146484375,,,,,,,,,,,,,0,,,,32.2350121,,,,,,300.0055237,,,,
,26459626.565,300.0050354,-22246.9765625,-7.1450615208872,0.00257060261510941,1,0.999253354069792,40.0298881530762,2.0007313349428,14.9299995973706,-39.0483719385619,-7.17372131347824,250,0.0117959462158872,-7.14366163187065,-0.0181310932077765,300.0043335,300.0057373,-22286.953125,-22207,56.1811130767559,20.5500078606932,8.512546,0,0,0,40,4449,299.9305,-22246.9765625,,,,,,,,,,,,,0,,,,32.2350121,,,,,,300.0050354,,,,
,26459627.61,300.00473025,-22351.9638671875,-7.21373993350643,0.00270332746198326,1,0.999253354069792,40.0298881530762,2.001029556253,14.919999986887,-39.4255271236959,-7.26479681455844,250,0.00805291144917923,-7.21231057208603,-0.022160447118008,300.0043335,300.005127,-22416.974609375,-22286.953125,56.3421285517175,20.5556904627544,9.256284,0,0,0,40,4449,299.93075,-22351.9638671875,,,,,,,,,,,,,0,,,,31.9161835,,,,,,300.00473025,,,,
,26459628.845,300.00532535,-22477.0234375,-7.25571111331842,0.00264464616122947,1,0.999253354069792,40.0298881530762,2.00085253552857,14.919999986887,-39.6530051454769,-7.29828465630617,250,0.00959078478421406,-7.25427958550231,-0.0207979885909222,300.005127,300.0055237,-22537.072265625,-22416.974609375,55.8309435001405,20.5550739468902,9.256284,0,0,0,40,4449,299.9311,-22477.0234375,,,,,,,,,,,,,0,,,,31.9161835,,,,,,300.00532535,,,,
,26459629.915,300.0050049,-22582.0732421875,-7.2915233382635,0.00186759198819616,1,0.999253354069792,40.0298881530762,2.00092792241487,14.919999986887,-39.8481159052484,-7.34573943400349,250,0.00759468428967686,-7.2900763128705,-0.0229432505970972,300.0044861,300.0055237,-22627.07421875,-22537.072265625,55.8497025846021,20.5472961042287,9.256284,0,0,0,40,4449,299.9301,-22582.0732421875,,,,,,,,,,,,,0,,,,32.2350121,,,,,,300.0050049,,,,
,26459631.85,300.0037231,-22782.1630859375,-7.327260481953,0.00192164348571107,1,0.999253354069792,40.0298881530762,2.00088990953358,14.9299995973706,-40.0461937333146,-7.36265594705543,250,0.0110992076534576,-7.32582132475437,-0.0195881260502579,300.0037231,300.0037231,-22797.146484375,-22767.1796875,55.4041743286405,20.5530084010534,9.256284,0,0,0,40,4449,299.9297,-22782.1630859375,,,,,,,,,,,,,0,,,,31.9146214,,,,,,300.0037231,,,,
,26459632.625,300.0046234,-22857.1787109375,-7.35590735392313,0.00252783022563276,1,0.999253354069792,40.0298881530762,2.00079932875017,14.9299995973706,-40.1997936184144,-7.39753681401702,250,0.00996682087595338,-7.35445743733339,-0.0208398814670893,300.0037231,300.0055237,-22917.2109375,-22797.146484375,55.6128691432751,20.5578164110063,9.256284,0,0,0,40,4449,299.92955,-22857.1787109375,,,,,,,,,,,,,0,,,,31.75598815,,,,,,300.0046234,,,,
,26459633.79,300.00517275,-22972.2724609375,-7.41468459286878,0.00251200204175269,1,0.999253354069792,40.0298881530762,2.00102286036212,14.919999986887,-40.5256672777069,-7.45613245310828,250,0.0102885045413976,-7.41322401667143,-0.0207637535288701,300.0048218,300.0055237,-23027.333984375,-22917.2109375,56.1951823901021,20.553983388365,9.256284,0,0,0,40,4449,299.93,-22972.2724609375,,,,,,,,,,,,,0,,,,31.75598815,,,,,,300.00517275,,,,
,26459634.85,300.0042572,-23077.6474609375,-7.45286997232575,0.00216684412004166,1,0.999253354069792,40.0298881530762,2.00071319929878,14.919999986887,-40.7273998459327,-7.49788097700021,250,0.00952087423027404,-7.45139875024211,-0.0216904991525931,300.0036926,300.0048218,-23127.9609375,-23027.333984375,56.381209977679,20.5493713003461,9.256284,0,0,0,40,4449,299.9307,-23077.6474609375,,,,,,,,,,,,,0,,,,32.07481675,,,,,,300.0042572,,,,
,26459635.93,300.0038452,-23183.005859375,-7.47346691233311,0.00236903570095517,1,0.999253354069792,40.0298881530762,2.00120228256226,14.919999986887,-40.8490131026606,-7.5240285932226,250,0.00888146666569412,-7.47198900778266,-0.0224154263300487,300.0036926,300.0039978,-23238.05078125,-23127.9609375,56.2874145553713,20.5472385821428,9.256284,0,0,0,40,4449,299.9311,-23183.005859375,,,,,,,,,,,,,0,,,,32.07481675,,,,,,300.0038452,,,,
,26459637.025,300.0040436,-23293.0849609375,-7.50507878975783,0.00292806733775854,1,0.999253354069792,40.0298881530762,2.00093724786465,14.919999986887,-41.0176630993277,-7.5486283729143,250,0.0100624692072722,-7.50359941789406,-0.0213665062952138,300.0039978,300.0040894,-23348.119140625,-23238.05078125,56.7477937531983,20.5491171542811,8.512546,0,0,0,40,4449,299.9307,-23293.0849609375,,,,,,,,,,,,,0,,,,32.07481675,,,,,,300.0040436,,,,
,26459638.055,300.0040436,-23398.17578125,-7.53511223237921,0.00245627125009803,1,0.999253354069792,40.0298881530762,2.0007697730495,14.9299995973706,-41.1777877422305,-7.58176802967334,250,0.00945251534657353,-7.53362425794268,-0.0221016786634734,300.0039978,300.0040894,-23448.232421875,-23348.119140625,55.7402745919097,20.5484996648294,8.512546,0,0,0,40,4449,299.9296,-23398.17578125,,,,,,,,,,,,,0,,,,31.9161835,,,,,,300.0040436,,,,
,26459639.125,300.00361635,-23508.265625,-7.5668574841082,0.00246308714333359,1,0.999253354069792,40.0298881530762,2.00067929734834,14.919999986887,-41.3534055456785,-7.59202610589273,250,0.013399269504028,-7.56537978395173,-0.0182879799330053,300.0032349,300.0039978,-23568.298828125,-23448.232421875,55.8950370387175,20.5506230428112,8.512546,0,0,0,40,4449,299.9303,-23508.265625,,,,,,,,,,,,,0,,,,32.0780163,,,,,,300.00361635,,,,
,26459640.305,300.0039673,-23623.3115234375,-7.59364342734709,0.00186685207905254,1,0.999253354069792,40.0298881530762,2.00050055309347,14.9299995973706,-41.4922477981466,-7.63943602986448,250,0.00956561408499061,-7.59214420279072,-0.0222324336609227,300.0032349,300.0046997,-23678.32421875,-23568.298828125,55.3869785012174,20.55067170995,8.512546,0,0,0,40,4449,299.93005,-23623.3115234375,,,,,,,,,,,,,0,,,,32.3968449,,,,,,300.0039673,,,,
,26459641.365,300.0044861,-23728.3251953125,-7.61355536280353,0.00283484204582909,1,0.999253354069792,40.0298881530762,2.00085387984325,14.919999986887,-41.6103378368967,-7.6493072267851,250,0.0116912387748878,-7.61206090044705,-0.0201901572986107,300.0042725,300.0046997,-23778.326171875,-23678.32421875,56.6125720193714,20.5497313520025,9.256284,0,0,0,40,4449,299.9292,-23728.3251953125,,,,,,,,,,,,,0,,,,32.2350121,,,,,,300.0044861,,,,
,26459642.475,300.00434875,-23843.30859375,-7.64076714705887,0.00249561950737143,1,0.999253354069792,40.0298881530762,2.00068301120717,14.9299995973706,-41.7542658615212,-7.68311080242996,250,0.0104322379341953,-7.63926199954063,-0.0215621718321122,300.0042725,300.004425,-23908.291015625,-23778.326171875,56.506270540756,20.5522001561948,9.256284,0,0,0,40,4449,299.9296,-23843.30859375,,,,,,,,,,,,,0,,,,32.2350121,,,,,,300.00434875,,,,
,26459643.635,300.00456235,-23958.2919921875,-7.68937784933114,0.00223026028824413,1,0.999253354069792,40.0298881530762,2.00069769262419,14.9299995973706,-42.0206976120473,-7.72940486600153,250,0.010981361357003,-7.68786515498106,-0.0212159815126026,300.004425,300.0046997,-24008.29296875,-23908.291015625,56.9658681100637,20.550919571529,9.256284,0,0,0,40,4449,299.9303,-23958.2919921875,,,,,,,,,,,,,0,,,,31.9161835,,,,,,300.00456235,,,,
,26459644.775,300.00491335,-24068.421875,-7.70863045246687,0.00214818967915378,1,0.999253354069792,40.0298881530762,2.00073471156682,14.919999986887,-42.1256549819934,-7.75436197366439,250,0.0100080127717722,-7.70710974090528,-0.0222691100617678,300.0046997,300.005127,-24128.55078125,-24008.29296875,55.9020716953905,20.548310940368,9.256284,0,0,0,40,4449,299.93055,-24068.421875,,,,,,,,,,,,,0,,,,31.75598815,,,,,,300.00491335,,,,
,26459645.96,300.00524905,-24188.689453125,-7.7334617926835,0.00175301039170535,1,0.999253354069792,40.0298881530762,2.00086835620607,14.919999986887,-42.2638250792121,-7.78134657146031,250,0.00976526524692685,-7.73193498756636,-0.0226152300034293,300.005127,300.0053711,-24248.828125,-24128.55078125,55.7066645655828,20.5479682580133,9.256284,0,0,0,40,4449,299.92965,-24188.689453125,,,,,,,,,,,,,0,,,,32.07481675,,,,,,300.00524905,,,,
,26459647.025,300.00569155,-24298.927734375,-7.75556624987102,0.00204776032427101,1,0.999253354069792,40.0298881530762,2.00052406507744,14.9299995973706,-42.3795424488122,-7.79136128182415,250,0.0117910420314779,-7.75404338280507,-0.020681740805583,300.0053711,300.006012,-24349.02734375,-24248.828125,55.7848274175059,20.5500364061132,8.512546,0,0,0,40,4449,299.93015,-24298.927734375,,,,,,,,,,,,,0,,,,32.07481675,,,,,,300.00569155,,,,
,26459647.97,300.006012,-24394.17578125,-7.77434067023551,0.00246147900619232,1,0.999253354069792,40.0298881530762,2.00066208998262,14.919999986887,-42.4853343613005,-7.8088908378863,250,0.0121590292390615,-7.77281548509312,-0.0203920212577096,300.006012,300.006012,-24439.32421875,-24349.02734375,56.5383173100444,20.5456706721176,9.256284,0,0,0,40,4449,299.92925,-24394.17578125,,,,,,,,,,,,,0,,,,32.07481675,,,,,,300.006012,,,,
,26459649.005,300.0057526,-24499.462890625,-7.788149844464,0.00276273472164833,1,0.999253354069792,40.0298881530762,2.00093648274893,14.9299995973706,-42.562028057169,-7.84786687331988,250,0.00777695985649859,-7.78660362044803,-0.0248306786540984,300.0054932,300.006012,-24559.6015625,-24439.32421875,54.820297824775,20.5529385558221,8.512546,0,0,0,40,4449,299.92735,-24499.462890625,,,,,,,,,,,,,0,,,,32.2350121,,,,,,300.0057526,,,,
,26459650.17,300.0053406,-24614.55859375,-7.81848250376911,0.00193379581119549,1,0.999253354069792,40.0298881530762,2.00068756586411,14.919999986887,-42.7274837843784,-7.85122017597688,250,0.0126125831128289,-7.8169505616091,-0.0201223236554326,300.005188,300.0054932,-24669.515625,-24559.6015625,56.3858997487944,20.5525577794035,8.512546,0,0,0,40,4449,299.92785,-24614.55859375,,,,,,,,,,,,,0,,,,31.9161835,,,,,,300.0053406,,,,
,26459651.18,300.005188,-24714.5908203125,-7.82587699404125,0.00198426792852952,1,0.999253354069792,40.0298881530762,2.00095536848077,14.9299995973706,-42.7693577639105,-7.88187423018344,250,0.00856039783229949,-7.82432668831255,-0.024204062583824,300.005188,300.005188,-24759.666015625,-24669.515625,56.0224424873521,20.5447341297195,8.512546,0,0,0,40,4449,299.92805,-24714.5908203125,,,,,,,,,,,,,0,,,,31.9161835,,,,,,300.005188,,,,
,26459652.205,300.00524905,-24819.7099609375,-7.85374437058495,0.00220258336752957,1,0.999253354069792,40.0298881530762,2.0009664676199,14.919999986887,-42.9263896664886,-7.88570881638422,250,0.0130329042761412,-7.85220718577757,-0.0198484695545898,300.005188,300.0053101,-24879.75390625,-24759.666015625,56.6610329875637,20.5483441967643,8.512546,0,0,0,40,4449,299.9286,-24819.7099609375,,,,,,,,,,,,,0,,,,32.2350121,,,,,,300.00524905,,,,
,26459653.355,300.00520325,-24934.8828125,-7.87048051242488,0.00210575375804216,1,0.999253354069792,40.0298881530762,2.00059901488289,14.919999986887,-43.0072444869593,-7.91685088690263,250,0.010176506687444,-7.86892806389426,-0.022773589752719,300.0050964,300.0053101,-24990.01171875,-24879.75390625,56.1709519060059,20.5489054006793,8.884414,0,0,0,40,4449,299.9295,-24934.8828125,,,,,,,,,,,,,0,,,,31.9161835,,,,,,300.00520325,,,,
,26459654.37,300.0050964,-25035.078125,-7.88457180700754,0.00230721882936445,1,0.999253354069792,40.0298881530762,2.00059064422241,14.9299995973706,-43.084662682896,-7.92779279742813,250,0.0107799565965129,-7.88301911254774,-0.0222287021811438,300.0050964,300.0050964,-25080.14453125,-24990.01171875,55.2924014503905,20.5532648822381,8.512546,0,0,0,40,4449,299.9294,-25035.078125,,,,,,,,,,,,,0,,,,31.9161835,,,,,,300.0050964,,,,
,26459655.445,300.0056152,-25140.306640625,-7.90709972778943,0.00195716793756933,1,0.999253354069792,40.0298881530762,2.00084855597482,14.919999986887,-43.2138199854722,-7.94806516089868,250,0.0114285938477903,-7.90554507202294,-0.0216740848125994,300.0050964,300.006134,-25200.46875,-25080.14453125,55.9606938343328,20.5523586910063,9.256284,0,0,0,40,4449,299.92805,-25140.306640625,,,,,,,,,,,,,0,,,,31.9161835,,,,,,300.0056152,,,,
,26459656.665,300.0063324,-25260.623046875,-7.94390275183575,0.00162655624669221,1,0.999253354069792,40.0298881530762,2.00042105241003,14.919999986887,-43.406842371088,-7.97838388840356,250,0.0123987380072422,-7.94234453926352,-0.020857667976177,300.006134,300.0065308,-25320.77734375,-25200.46875,56.1858028478713,20.5506575096101,9.256284,0,0,0,40,4449,299.9269,-25260.623046875,,,,,,,,,,,,,0,,,,31.5973549,,,,,,300.0063324,,,,
,26459657.845,300.0063324,-25380.8466796875,-7.94845599717022,0.00237531030379345,1,0.999253354069792,40.0298881530762,2.00077900564171,14.9299995973706,-43.4369282933401,-7.99712714750405,250,0.0100664865298888,-7.94688715715566,-0.0232078961060189,300.006134,300.0065308,-25440.916015625,-25320.77734375,56.1795498197175,20.5493994884212,9.256284,0,0,0,40,4449,299.92635,-25380.8466796875,,,,,,,,,,,,,0,,,,31.9161835,,,,,,300.0063324,,,,
,26459658.93,300.00656125,-25490.98046875,-7.9659910627526,0.00237592583098692,1,0.999253354069792,40.0298881530762,2.00083660722263,14.9299995973706,-43.5358803572707,-8.00472370694813,250,0.0119678045471304,-7.96442662853557,-0.0213796524459683,300.006134,300.0069885,-25541.044921875,-25440.916015625,55.4143354993905,20.5496178282896,8.512546,0,0,0,40,4449,299.927,-25490.98046875,,,,,,,,,,,,,0,,,,31.9161835,,,,,,300.00656125,,,,
,26459660.11,300.00653075,-25606.2041015625,-7.97900648975921,0.00249328226647251,1,0.999253354069792,40.0298881530762,2.00070523864835,14.919999986887,-43.6025858221238,-8.0261150148217,250,0.010371110795562,-7.97743282158808,-0.0230296817688207,300.006073,300.0069885,-25671.36328125,-25541.044921875,55.6933768807559,20.5444929761768,8.884414,0,0,0,40,4449,299.92825,-25606.2041015625,,,,,,,,,,,,,0,,,,31.9161835,,,,,,300.00653075,,,,
,26459661.265,300.0062561,-25721.525390625,-7.99736682940744,0.00258421255397685,1,0.999253354069792,40.0298881530762,2.00074579260846,14.9299995973706,-43.7036886991676,-8.04525181740639,250,0.0103012571762548,-7.99578928190112,-0.023175819108378,300.006073,300.0064392,-25771.6875,-25671.36328125,55.6300649706982,20.5553615765393,9.256284,0,0,0,40,4449,299.92745,-25721.525390625,,,,,,,,,,,,,0,,,,32.2350121,,,,,,300.0062561,,,,
,26459662.33,300.00653075,-25831.830078125,-8.01394854067079,0.00211413791867694,1,0.999253354069792,40.0298881530762,2.00052304055052,14.9299995973706,-43.7913392959441,-8.05141346663824,250,0.0120875020849468,-8.01237508271923,-0.0214587749488991,300.0064392,300.0066223,-25891.97265625,-25771.6875,56.0372934292175,20.5481586728294,8.512546,0,0,0,40,4449,299.92695,-25831.830078125,,,,,,,,,,,,,0,,,,31.9161835,,,,,,300.00653075,,,,
,26459663.455,300.0064087,-25947.0205078125,-8.02274995294962,0.0027303739596865,1,0.999253354069792,40.0298881530762,2.00086578706302,14.9299995973706,-43.8465508707098,-8.06270418497586,250,0.0118984298287106,-8.0211740181075,-0.0216839988160758,300.0061951,300.0066223,-26002.068359375,-25891.97265625,57.3918556530445,20.5524106621263,9.256284,0,0,0,40,4449,299.92685,-25947.0205078125,,,,,,,,,,,,,0,,,,31.9161835,,,,,,300.0064087,,,,
,26459664.47,300.00520325,-26047.154296875,-8.03558744708535,0.0023474553067213,1,0.999253354069792,40.0298881530762,2.00095179007389,14.919999986887,-43.9150643658783,-8.09476176916911,250,0.00847309492260418,-8.03399497734945,-0.0251618880131449,300.0042114,300.0061951,-26092.240234375,-26002.068359375,55.9958671176982,20.5457348982417,9.256284,0,0,0,40,4449,299.92615,-26047.154296875,,,,,,,,,,,,,0,,,,32.07481675,,,,,,300.00520325,,,,
,26459665.585,300.0055084,-26157.478515625,-8.06458541539615,0.00203855980241004,1,0.999253354069792,40.0298881530762,2.00081041093601,14.919999986887,-44.0740650438586,-8.10421303266614,250,0.0120172736030269,-8.06300187937211,-0.0217391198244234,300.0042114,300.0068054,-26222.716796875,-26092.240234375,56.188147733429,20.5481709928019,9.256284,0,0,0,40,4449,299.92645,-26157.478515625,,,,,,,,,,,,,0,,,,31.9146214,,,,,,300.0055084,,,,
,26459666.785,300.0069275,-26277.8359375,-8.07218923188897,0.00275559962978834,1,0.999253354069792,40.0298881530762,2.00094997222494,14.919999986887,-44.1157745395259,-8.12774318888089,250,0.00922062641485064,-8.07059211520261,-0.0245661129686165,300.0068054,300.0070496,-26332.955078125,-26222.716796875,56.0099364310444,20.5548242961721,9.256284,0,0,0,40,4449,299.92805,-26277.8359375,,,,,,,,,,,,,0,,,,32.07481675,,,,,,300.0069275,,,,
,26459667.875,300.00643925,-26388.0947265625,-8.0889651166701,0.00203065311540701,1,0.999253354069792,40.0298881530762,2.00072126017193,14.9299995973706,-44.2045486202551,-8.13285767986647,250,0.0112288132739315,-8.08737320039595,-0.0226280305818774,300.0058289,300.0070496,-26443.234375,-26332.955078125,55.8200007008713,20.5529142478808,8.512546,0,0,0,40,4449,299.9271,-26388.0947265625,,,,,,,,,,,,,0,,,,32.07481675,,,,,,300.00643925,,,,
,26459670.86,300.0050049,-26683.7236328125,-8.11419873955124,0.00179584142226883,1,0.999253354069792,40.0298881530762,2.00092209530096,14.919999986887,-44.3480409639874,-8.15226429620483,250,0.0124998457749845,-8.11260762174494,-0.0214611633792981,300.0050049,300.0050049,-26693.7265625,-26673.720703125,56.6344576179098,20.5476776226353,9.256284,0,0,0,40,4449,299.9269,-26683.7236328125,,,,,,,,,,,,,0,,,,31.9146214,,,,,,300.0050049,,,,
,26459671.48,300.00608825,-26748.8837890625,-8.12170865177035,0.00192622739216021,1,0.999253354069792,40.0298881530762,2.0010436114058,14.9299995973706,-44.3902840316791,-8.16799444895834,250,0.0111016511100886,-8.12010985440306,-0.0228903218746809,300.0050049,300.0071716,-26804.041015625,-26693.7265625,54.9023688192943,20.5519415748131,8.512546,0,0,0,40,4449,299.9254,-26748.8837890625,,,,,,,,,,,,,0,,,,32.07481675,,,,,,300.00608825,,,,
,26459672.485,300.0069885,-26849.1240234375,-8.13579135017587,0.00145566675896902,1,0.999253354069792,40.0298881530762,2.00092944485142,14.9299995973706,-44.4649639935633,-8.18071472302569,250,0.0113009665778628,-8.13419032684487,-0.0227493266029453,300.0068054,300.0071716,-26894.20703125,-26804.041015625,56.0099364310444,20.5524107777565,8.512546,0,0,0,40,4449,299.9259,-26849.1240234375,,,,,,,,,,,,,0,,,,32.07481675,,,,,,300.0069885,,,,
,26459674.375,300.0066528,-27039.5107421875,-8.15866141768907,0.00125528572280499,1,0.999253354069792,40.0298881530762,2.00075886674413,14.9299995973706,-44.5861165936638,-8.20376519187026,250,0.0111968533315591,-8.15705554498639,-0.0229478852417993,300.0066528,300.0066528,-27044.57421875,-27034.447265625,55.6847789670444,20.5490669917791,8.512546,0,0,0,40,4449,299.9268,-27039.5107421875,,,,,,,,,,,,,0,,,,31.9146214,,,,,,300.0066528,,,,
,26459675.03,300.00619505,-27104.611328125,-8.1705480187509,0.0016936630873219,1,0.999253354069792,40.0298881530762,2.0004786691556,14.919999986887,-44.6460492308709,-8.20883587395989,250,0.0122674584677528,-8.16894437312937,-0.0219270639704565,300.0057373,300.0066528,-27164.6484375,-27044.57421875,56.0482362284867,20.5440189280363,9.256284,0,0,0,40,4449,299.92525,-27104.611328125,,,,,,,,,,,,,0,,,,31.9146214,,,,,,300.00619505,,,,
,26459676.18,300.0061493,-27219.6904296875,-8.1720548214618,0.00218747035032347,1,0.999253354069792,40.0298881530762,2.0008644693389,14.919999986887,-44.6615639179065,-8.21789743501725,250,0.0111701776267435,-8.17044635181956,-0.0230298075871875,300.0057373,300.0065613,-27274.732421875,-27164.6484375,55.8794044683328,20.5427786964612,9.256284,0,0,0,40,4449,299.9248,-27219.6904296875,,,,,,,,,,,,,0,,,,31.9146214,,,,,,300.0061493,,,,
,26459677.245,300.00584415,-27324.859375,-8.18040572870707,0.00235240958408408,1,0.999253354069792,40.0298881530762,2.00079021230476,14.9299995973706,-44.7044113101473,-8.23233620029442,250,0.0100207353695391,-8.17879091952888,-0.0242132321299218,300.005127,300.0065613,-27374.986328125,-27274.732421875,56.0998237107559,20.5504986841903,9.256284,0,0,0,40,4449,299.9256,-27324.859375,,,,,,,,,,,,,0,,,,32.07481675,,,,,,300.00584415,,,,
,26459678.29,300.0059662,-27430.1005859375,-8.19306454681309,0.0024316205924139,1,0.999253354069792,40.0298881530762,2.00085351659403,14.919999986887,-44.7764724390646,-8.23722834985524,250,0.0115183917747773,-8.19145346068598,-0.0227682595698744,300.005127,300.0068054,-27485.21484375,-27374.986328125,56.3288408668906,20.5498592024034,8.512546,0,0,0,40,4449,299.92535,-27430.1005859375,,,,,,,,,,,,,0,,,,32.2350121,,,,,,300.0059662,,,,
,26459679.365,300.0066986,-27540.3095703125,-8.19914820581236,0.00215419612274524,1,0.999253354069792,40.0298881530762,2.00080225061204,14.919999986887,-44.8063281640103,-8.25539480129189,250,0.00928316194089274,-8.19752636723638,-0.0250279251631276,300.0065918,300.0068054,-27595.404296875,-27485.21484375,56.0427648288521,20.5453785314202,9.256284,0,0,0,40,4449,299.9247,-27540.3095703125,,,,,,,,,,,,,0,,,,32.07481675,,,,,,300.0066986,,,,
,26459680.38,300.00631715,-27640.521484375,-8.2093994223884,0.00179769437528328,1,0.999253354069792,40.0298881530762,2.00083597820953,14.9299995973706,-44.8646454694134,-8.25744530651991,250,0.0108327428335031,-8.2077821771622,-0.0235208217461804,300.0060425,300.0065918,-27685.638671875,-27595.404296875,56.0208792303136,20.5499198781969,9.256284,0,0,0,40,4449,299.9257,-27640.521484375,,,,,,,,,,,,,0,,,,32.07481675,,,,,,300.00631715,,,,
,26459681.465,300.00621035,-27745.7509765625,-8.22051044233924,0.00171957713137115,1,0.999253354069792,40.0298881530762,2.0006327602078,14.9299995973706,-44.9222297501808,-8.26074216820852,250,0.0121390489058568,-8.2188965195733,-0.0222604955163187,300.0060425,300.0063782,-27805.86328125,-27685.638671875,56.0599606562752,20.5528837412863,8.512546,0,0,0,40,4449,299.9268,-27745.7509765625,,,,,,,,,,,,,0,,,,31.9161835,,,,,,300.00621035,,,,
,26459682.61,300.006958,-27860.9931640625,-8.22708523329225,0.00232881989349324,1,0.999253354069792,40.0298881530762,2.00043578239018,14.919999986887,-44.953660790211,-8.26753877135038,250,0.0119682789205549,-8.22546908425037,-0.0224582544659246,300.0063782,300.0075378,-27916.123046875,-27805.86328125,55.8067130160444,20.5497500133598,8.512546,0,0,0,40,4449,299.9253,-27860.9931640625,,,,,,,,,,,,,0,,,,31.9161835,,,,,,300.006958,,,,
,26459683.59,300.0070343,-27961.1220703125,-8.23257512318532,0.00217344825857761,1,0.999253354069792,40.0298881530762,2.00104548190548,14.919999986887,-44.9964044378524,-8.27884315506407,250,0.0113664109357266,-8.23095536709271,-0.0230824864741698,300.0065308,300.0075378,-28006.12109375,-27916.123046875,56.2452066153329,20.5479517945547,8.884414,0,0,0,40,4449,299.92445,-27961.1220703125,,,,,,,,,,,,,0,,,,32.2350121,,,,,,300.0070343,,,,
,26459684.65,300.0063324,-28066.3046875,-8.24503261586684,0.00258538607538195,1,0.999253354069792,40.0298881530762,2.00107453626173,14.919999986887,-45.0657276749244,-8.28827547766338,250,0.0119710497244832,-8.24341312934484,-0.0225295785797392,300.006134,300.0065308,-28126.48828125,-28006.12109375,56.6227331901214,20.54467647749,9.256284,0,0,0,40,4449,299.9236,-28066.3046875,,,,,,,,,,,,,0,,,,32.2350121,,,,,,300.0063324,,,,
,26459685.835,300.00723265,-28186.56640625,-8.25290869549998,0.00218718460988479,1,0.999253354069792,40.0298881530762,2.00103048902724,14.9299995973706,-45.1057463264201,-8.30713266247784,250,0.00994714793247678,-8.25127893345395,-0.0245853819614458,300.006134,300.0083313,-28246.64453125,-28126.48828125,56.3124266679867,20.5497822463533,9.256284,0,0,0,40,4449,299.923,-28186.56640625,,,,,,,,,,,,,0,,,,32.07481675,,,,,,300.00723265,,,,
,26459686.97,300.0074463,-28301.775390625,-8.26625561148451,0.00160187090626181,1,0.999253354069792,40.0298881530762,2.00060054026829,14.9299995973706,-45.1710748870545,-8.30888138310511,250,0.0117825660117509,-8.26463083362179,-0.0228054164849119,300.0065613,300.0083313,-28356.90625,-28246.64453125,55.7199522504097,20.5515506694561,9.256284,0,0,0,40,4449,299.9235,-28301.775390625,,,,,,,,,,,,,0,,,,32.07481675,,,,,,300.0074463,,,,
,26459688.05,300.00686645,-28406.986328125,-8.26642804289677,0.00241777297617057,1,0.999253354069792,40.0298881530762,2.00084883119412,14.919999986887,-45.176431710899,-8.31572957666021,250,0.0107444575759431,-8.2647991299697,-0.0238433402968383,300.0065613,300.0071716,-28457.06640625,-28356.90625,56.394497662506,20.5511544869369,9.256284,0,0,0,40,4449,299.92395,-28406.986328125,,,,,,,,,,,,,0,,,,32.07481675,,,,,,300.00686645,,,,
,26459689.095,300.00796505,-28512.2109375,-8.27595770208084,0.00213905745687001,1,0.999253354069792,40.0298881530762,2.00087854212366,14.9299995973706,-45.2301619571955,-8.32005849182697,250,0.011740552143115,-8.27433074418939,-0.0228867693986277,300.0071716,300.0087585,-28567.35546875,-28457.06640625,55.9622570913713,20.5513914814936,9.256284,0,0,0,40,4449,299.9233,-28512.2109375,,,,,,,,,,,,,0,,,,31.9146214,,,,,,300.00796505,,,,
,26459690.155,300.0086975,-28622.443359375,-8.28974073217187,0.00166964656273029,1,0.999253354069792,40.0298881530762,2.00045751656173,14.919999986887,-45.2980861996958,-8.32201395213998,250,0.0136251159892916,-8.28811870606159,-0.0210595974110137,300.0086365,300.0087585,-28677.53125,-28567.35546875,55.9286470650444,20.5451265341528,8.512546,0,0,0,40,4449,299.9232,-28622.443359375,,,,,,,,,,,,,0,,,,32.07481675,,,,,,300.0086975,,,,
,26459691.305,300.00828555,-28737.6884765625,-8.29273323614361,0.00224193042104187,1,0.999253354069792,40.0298881530762,2.0007654513892,14.919999986887,-45.3188389684403,-8.33920939948143,250,0.0112600026162323,-8.29110095251021,-0.0234355204474948,300.0079346,300.0086365,-28797.845703125,-28677.53125,56.228792416429,20.5559489271493,9.256284,0,0,0,40,4449,299.9271,-28737.6884765625,,,,,,,,,,,,,0,,,,32.2350121,,,,,,300.00828555,,,,
,26459692.485,300.0080109,-28852.865234375,-8.29831403286072,0.00211934772242373,1,0.999253354069792,40.0298881530762,2.00062270668186,14.919999986887,-45.3461041805547,-8.34467596071213,250,0.0111868697254195,-8.29668050765104,-0.02353082916267,300.0079346,300.0080872,-28907.884765625,-28797.845703125,56.3952792910252,20.5487604368992,9.256284,0,0,0,40,4449,299.93045,-28852.865234375,,,,,,,,,,,,,0,,,,32.07481675,,,,,,300.0080109,,,,
,26459693.555,300.0079651,-28957.9716796875,-8.30641047920142,0.00194430695582067,1,0.999253354069792,40.0298881530762,2.00044635257442,14.919999986887,-45.3891816585527,-8.33735418427957,250,0.0138965658528766,-8.30478672206429,-0.0208549469439047,300.007843,300.0080872,-29008.05859375,-28907.884765625,56.3178980676213,20.5514815888377,9.256284,0,0,0,40,4449,299.9302,-28957.9716796875,,,,,,,,,,,,,0,,,,31.9146214,,,,,,300.0079651,,,,
,26459694.68,300.00827025,-29073.2109375,-8.31457068962063,0.00211640129054164,1,0.999253354069792,40.0298881530762,2.00069997179237,14.919999986887,-45.4389809661613,-8.34876245038783,250,0.0135092841918838,-8.31294363737924,-0.0212755432282849,300.007843,300.0086975,-29138.36328125,-29008.05859375,55.4041743286405,20.5479619842995,9.256284,0,0,0,40,4449,299.9305,-29073.2109375,,,,,,,,,,,,,0,,,,31.9146214,,,,,,300.00827025,,,,
,26459695.915,300.00915525,-29198.4375,-8.32057666303462,0.00218822543853464,1,0.999253354069792,40.0298881530762,2.00084744662344,14.919999986887,-45.4718209534169,-8.37291329489831,250,0.0103116507057109,-8.31893482048062,-0.0244968813958636,300.0086975,300.009613,-29258.51171875,-29138.36328125,56.4163832610444,20.5524198181685,9.256284,0,0,0,40,4449,299.93055,-29198.4375,,,,,,,,,,,,,0,,,,31.9146214,,,,,,300.00915525,,,,
,26459696.965,300.00941465,-29303.6748046875,-8.32443180660771,0.00196823928577649,1,0.999253354069792,40.0298881530762,2.00087524368763,14.919999986887,-45.4945328324145,-8.37136320352416,250,0.0113304152542529,-8.32279341186113,-0.0234939635892041,300.0092163,300.009613,-29348.837890625,-29258.51171875,56.0591790277559,20.5542996653928,8.512546,0,0,0,40,4449,299.9294,-29303.6748046875,,,,,,,,,,,,,0,,,,32.07481675,,,,,,300.00941465,,,,
,26459698.01,300.0092163,-29408.8955078125,-8.32970013986854,0.0019447362853383,1,0.999253354069792,40.0298881530762,2.00091463411566,14.9299995973706,-45.524701169119,-8.37411576311226,250,0.0118323467526977,-8.32806289110904,-0.0230136235797542,300.0092163,300.0092163,-29468.953125,-29348.837890625,56.330404123929,20.5458529658544,8.512546,0,0,0,40,4449,299.9287,-29408.8955078125,,,,,,,,,,,,,0,,,,32.2350121,,,,,,300.0092163,,,,
,26459699.12,300.00935365,-29519.0908203125,-8.33411550777102,0.0023456678563041,1,0.999253354069792,40.0298881530762,2.00091569191637,14.919999986887,-45.5467189737809,-8.39008560146447,250,0.00972851188661687,-8.33246857183275,-0.0251349840659727,300.0092163,300.009491,-29569.228515625,-29468.953125,56.3999690621406,20.5508741847452,8.512546,0,0,0,40,4449,299.92755,-29519.0908203125,,,,,,,,,,,,,0,,,,32.2350121,,,,,,300.00935365,,,,
,26459700.12,300.0087891,-29619.6181640625,-8.3354012406182,0.00245357504438623,1,0.999253354069792,40.0298881530762,2.00083739059391,14.919999986887,-45.5531546864428,-8.38488258800484,250,0.0108601203548763,-8.33375900303105,-0.024008442031384,300.0080872,300.009491,-29670.0078125,-29569.228515625,55.781700903429,20.5463611859164,9.256284,0,0,0,40,4449,299.927,-29619.6181640625,,,,,,,,,,,,,0,,,,32.2350121,,,,,,300.0087891,,,,
,26459701.25,300.0089722,-29735.2724609375,-8.34383774420879,0.00199385088867126,1,0.999253354069792,40.0298881530762,2.00098152934679,14.919999986887,-45.6028990779308,-8.3916025734492,250,0.0113016352300887,-8.34219565099186,-0.0236016565589225,300.0080872,300.0098572,-29800.537109375,-29670.0078125,56.0732483411021,20.552314590323,9.256284,0,0,0,40,4449,299.92655,-29735.2724609375,,,,,,,,,,,,,0,,,,32.2350121,,,,,,300.0089722,,,,
,26459702.305,300.0098572,-29840.578125,-8.3529110401219,0.00212021343350305,1,0.999253354069792,40.0298881530762,2.00068389975725,14.919999986887,-45.6478039215768,-8.38907323476154,250,0.0132236292901879,-8.35127493134719,-0.0217174302799173,300.0098572,300.0098572,-29880.619140625,-29800.537109375,56.3108634109483,20.5566241964484,9.256284,0,0,0,40,4449,299.926,-29840.578125,,,,,,,,,,,,,0,,,,32.2350121,,,,,,300.0098572,,,,
,26459703.28,300.00920105,-29935.8173828125,-8.35728737994669,0.00207326544587778,1,0.999253354069792,40.0298881530762,2.00075679607605,14.919999986887,-45.6712739968956,-8.40492823760691,250,0.0111872441189153,-8.35564210838828,-0.023771300466288,300.0085449,300.0098572,-29991.015625,-29880.619140625,56.137341879679,20.5473429030026,9.256284,0,0,0,40,4449,299.9247,-29935.8173828125,,,,,,,,,,,,,0,,,,32.2350121,,,,,,300.00920105,,,,
,26459704.365,300.00863645,-30041.099609375,-8.36087195585503,0.00194816277540865,1,0.999253354069792,40.0298881530762,2.00073142564417,14.9299995973706,-45.691338965882,-8.40282375901533,250,0.0122176886815254,-8.35923048165166,-0.0227556491740584,300.0085449,300.008728,-30091.18359375,-29991.015625,56.4867298277752,20.552358475183,9.256284,0,0,0,40,4449,299.92295,-30041.099609375,,,,,,,,,,,,,0,,,,32.07481675,,,,,,300.00863645,,,,
,26459705.35,300.00849915,-30141.2607421875,-8.3514469910381,0.00258708311671406,1,0.999253354069792,40.0298881530762,2.00117549844692,14.9299995973706,-45.6483999575639,-8.40221533730878,250,0.0109136479269649,-8.34980206321286,-0.0240194758701626,300.0082703,300.008728,-30191.337890625,-30091.18359375,55.9012900668713,20.5492282333213,9.256284,0,0,0,40,4449,299.9223,-30141.2607421875,,,,,,,,,,,,,0,,,,32.07481675,,,,,,300.00849915,,,,
,26459707.165,300.0081787,-30326.7392578125,-8.37270771655659,0.00181478973667587,1,0.999253354069792,40.0298881530762,2.00097299169294,14.919999986887,-45.7605904258109,-8.42011179649068,250,0.0114275957847125,-8.37106084574644,-0.0235933822813487,300.0081787,300.0081787,-30331.7734375,-30321.705078125,56.5430070811598,20.5496594161343,8.884414,0,0,0,40,4449,299.9225,-30326.7392578125,,,,,,,,,,,,,0,,,,32.2350121,,,,,,300.0081787,,,,
,26459707.825,300.00871275,-30391.89453125,-8.37370089801677,0.00240893348459424,1,0.999253354069792,40.0298881530762,2.00098833935454,14.9299995973706,-45.7658366656727,-8.42399596349152,250,0.0109120898333904,-8.3720515339523,-0.0241126369809074,300.0081787,300.0092468,-30452.015625,-30331.7734375,56.3413469231983,20.5518040303084,8.512546,0,0,0,40,4449,299.92175,-30391.89453125,,,,,,,,,,,,,0,,,,31.9161835,,,,,,300.00871275,,,,
,26459708.895,300.0092468,-30497.0048828125,-8.3785197030556,0.00225460120248673,1,0.999253354069792,40.0298881530762,2.00090649608466,14.9299995973706,-45.7903298214553,-8.42860161841533,250,0.0109005997653721,-8.37686920365339,-0.0241437231461477,300.0092468,300.0092468,-30541.994140625,-30452.015625,55.9177042657751,20.5492868461445,9.256284,0,0,0,40,4449,299.92105,-30497.0048828125,,,,,,,,,,,,,0,,,,31.9161835,,,,,,300.0092468,,,,
,26459709.88,300.0088806,-30597.111328125,-8.3838050679337,0.00208147846109208,1,0.999253354069792,40.0298881530762,2.00104422767401,14.9299995973706,-45.8233970643006,-8.42851663458371,250,0.0119990796786725,-8.38215826139685,-0.0230669909877219,300.0085144,300.0092468,-30652.228515625,-30541.994140625,55.8973819242751,20.5547400596024,9.256284,0,0,0,40,4449,299.92075,-30597.111328125,,,,,,,,,,,,,0,,,,31.9161835,,,,,,300.0088806,,,,
,26459711.03,300.0086212,-30712.357421875,-8.38942097679601,0.00234634550519463,1,0.999253354069792,40.0298881530762,2.00081527080145,14.9299995973706,-45.8485837334904,-8.43535278429795,250,0.0116165120028352,-8.38777157226877,-0.023472355707539,300.0085144,300.008728,-30772.486328125,-30652.228515625,56.7251265261406,20.5532392240378,8.512546,0,0,0,40,4449,299.92,-30712.357421875,,,,,,,,,,,,,0,,,,32.0780163,,,,,,300.0086212,,,,
,26459712.06,300.008728,-30812.55859375,-8.39578186298726,0.00199760849887439,1,0.999253354069792,40.0298881530762,2.00044303897539,14.9299995973706,-45.8751767190981,-8.4394045196261,250,0.0117737362106265,-8.39413183796814,-0.023341321381301,300.008728,300.008728,-30852.630859375,-30772.486328125,53.4844946854095,20.5494095616022,9.256284,0,0,0,40,4449,299.9187,-30812.55859375,,,,,,,,,,,,,0,,,,32.3968449,,,,,,300.008728,,,,
,26459713.06,300.0079193,-30912.796875,-8.39934829454321,0.00168084891704096,1,0.999253354069792,40.0298881530762,2.00088942737117,14.919999986887,-45.9045973410885,-8.4450984951346,250,0.011728345109927,-8.3976976606387,-0.0234010705359559,300.0071106,300.008728,-30972.962890625,-30852.630859375,55.7973334738136,20.5473702482833,9.256284,0,0,0,40,4449,299.91815,-30912.796875,,,,,,,,,,,,,0,,,,32.07481675,,,,,,300.0079193,,,,
,26459714.235,300.0076599,-31033.0576171875,-8.4001142129094,0.00240416959132535,1,0.999253354069792,40.0298881530762,2.00072775469669,14.919999986887,-45.9043404908663,-8.44966878026289,250,0.0109114231775587,-8.39846015427944,-0.0242203355411513,300.0071106,300.0082092,-31093.15234375,-30972.962890625,56.4281076888329,20.5472444846294,8.884414,0,0,0,40,4449,299.91775,-31033.0576171875,,,,,,,,,,,,,0,,,,32.07481675,,,,,,300.0076599,,,,
,26459715.28,300.0079498,-31138.216796875,-8.401942756438,0.00237755339231595,1,0.999253354069792,40.0298881530762,2.00093728542447,14.919999986887,-45.9181893584487,-8.45684958845152,250,0.0100932976183551,-8.40028489393558,-0.0250451338175678,300.0076904,300.0082092,-31183.28125,-31093.15234375,56.0701218270252,20.5527276108479,8.512546,0,0,0,40,4449,299.91885,-31138.216796875,,,,,,,,,,,,,0,,,,31.9161835,,,,,,300.0079498,,,,
,26459716.325,300.00790405,-31243.3466796875,-8.40811031202807,0.00196014881349264,1,0.999253354069792,40.0298881530762,2.00105844868359,14.9299995973706,-45.9556614616541,-8.45787971916098,250,0.0111389645062052,-8.40645565804342,-0.0240247444568857,300.0076904,300.0081177,-31303.412109375,-31183.28125,55.6285017136597,20.552403821148,9.256284,0,0,0,40,4449,299.91935,-31243.3466796875,,,,,,,,,,,,,0,,,,31.75598815,,,,,,300.00790405,,,,
,26459717.435,300.0082245,-31353.5546875,-8.40299851774802,0.00243861980496931,1,0.999253354069792,40.0298881530762,2.00123940939579,14.919999986887,-45.9306238792934,-8.45966496162925,250,0.0100005758493415,-8.4013400684691,-0.025141209469188,300.0081177,300.0083313,-31403.697265625,-31303.412109375,55.9067614665059,20.5533408818724,8.884414,0,0,0,40,4449,299.91665,-31353.5546875,,,,,,,,,,,,,0,,,,31.75598815,,,,,,300.0082245,,,,
,26459718.5,300.00769045,-31458.7392578125,-8.41133381241533,0.00218963041135749,1,0.999253354069792,40.0298881530762,2.00097020846024,14.919999986887,-45.9714185697333,-8.46014501229623,250,0.0112546221329529,-8.4096791459508,-0.0239216498005335,300.0070496,300.0083313,-31513.78125,-31403.697265625,56.5398805670829,20.5517125034513,8.512546,0,0,0,40,4449,299.9164,-31458.7392578125,,,,,,,,,,,,,0,,,,31.5973549,,,,,,300.00769045,,,,
,26459719.65,300.00784305,-31573.9287109375,-8.41672258373621,0.0023561962155327,1,0.999253354069792,40.0298881530762,2.00108035422918,14.919999986887,-46.00149163007,-8.47598100286389,250,0.00943805161855623,-8.41505925441274,-0.0257596439542075,300.0070496,300.0086365,-31634.076171875,-31513.78125,56.4492116588521,20.5499541834629,9.256284,0,0,0,40,4449,299.91655,-31573.9287109375,,,,,,,,,,,,,0,,,,31.9161835,,,,,,300.00784305,,,,
,26459720.905,300.0087891,-31699.1875,-8.4231007762199,0.00195168464246947,1,0.999253354069792,40.0298881530762,2.00066490497953,14.9299995973706,-46.0281452328467,-8.47469566289205,250,0.0105411438141293,-8.42144055072485,-0.0246826587329932,300.0086365,300.0089417,-31764.298828125,-31634.076171875,55.7926437026982,20.553821991245,8.512546,0,0,0,40,4449,299.91655,-31699.1875,,,,,,,,,,,,,0,,,,32.2350121,,,,,,300.0087891,,,,
,26459722,300.00872805,-31809.4072265625,-8.42824206091635,0.00167720594800272,1,0.999253354069792,40.0298881530762,2.00091357439792,14.9299995973706,-46.0637454474666,-8.47051163912338,250,0.0124473424021083,-8.42658885637265,-0.0227975958989693,300.0085144,300.0089417,-31854.515625,-31764.298828125,56.0912257970444,20.5482812679086,8.884414,0,0,0,40,4449,299.91695,-31809.4072265625,,,,,,,,,,,,,0,,,,32.2350121,,,,,,300.00872805,,,,
,26459723.065,300.00816345,-31919.6943359375,-8.42819488259136,0.00252706265890789,1,0.999253354069792,40.0298881530762,2.00057655814265,14.9299995973706,-46.0561621546705,-8.4678029267972,250,0.0126792319707454,-8.42654289747789,-0.0225648762486521,300.0078125,300.0085144,-31984.873046875,-31854.515625,56.0146262021598,20.5475203367486,9.256284,0,0,0,40,4449,299.91685,-31919.6943359375,,,,,,,,,,,,,0,,,,32.2350121,,,,,,300.00816345,,,,
,26459724.195,300.008255,-32034.9521484375,-8.43594982797637,0.0016429952318518,1,0.999253354069792,40.0298881530762,2.00076627114156,14.919999986887,-46.1017717846055,-8.48192580583793,250,0.0116747558668957,-8.43429210953253,-0.0236009044695898,300.0078125,300.0086975,-32085.03125,-31984.873046875,56.2983573546406,20.5470844330936,9.256284,0,0,0,40,4449,299.91645,-32034.9521484375,,,,,,,,,,,,,0,,,,32.2350121,,,,,,300.008255,,,,
,26459725.515,300.00857545,-32165.115234375,-8.43961618248935,0.00180553638708419,1,0.999253354069792,40.0298881530762,2.00078448514335,14.919999986887,-46.1226779510076,-8.48320241037382,250,0.0121339012145757,-8.43795961490306,-0.0231564229083837,300.0084534,300.0086975,-32245.19921875,-32085.03125,56.147503050429,20.5472407386676,9.256284,0,0,0,40,4449,299.916,-32165.115234375,,,,,,,,,,,,,0,,,,32.2350121,,,,,,300.00857545,,,,
,26459726.855,300.008667,-32295.287109375,-8.44329627804437,0.00206107909315559,1,0.999253354069792,40.0298881530762,2.00074125830824,14.919999986887,-46.1416223751185,-8.48778006791721,250,0.0119446614908781,-8.44163824389857,-0.0233599880153705,300.0084534,300.0088806,-32345.375,-32245.19921875,56.6008475915829,20.5511354447297,9.256284,0,0,0,40,4449,299.91745,-32295.287109375,,,,,,,,,,,,,0,,,,32.2350121,,,,,,300.008667,,,,
,26459727.885,300.0086212,-32400.4873046875,-8.44380860307835,0.00237451571285809,1,0.999253354069792,40.0298881530762,2.00080100292025,14.919999986887,-46.1437912199133,-8.49919069196492,250,0.00999589804110038,-8.44214237994002,-0.0253099937690606,300.0083618,300.0088806,-32455.599609375,-32345.375,55.8457944420059,20.5543859026821,8.512546,0,0,0,40,4449,299.9163,-32400.4873046875,,,,,,,,,,,,,0,,,,32.07481675,,,,,,300.0086212,,,,
,26459728.99,300.00839235,-32515.7568359375,-8.44555524896276,0.00180437472212802,1,0.999253354069792,40.0298881530762,2.00065316470019,14.919999986887,-46.1521640015401,-8.48873515056449,250,0.0121210059140349,-8.44389767929807,-0.0231920904863935,300.0083618,300.0084229,-32575.9140625,-32455.599609375,55.720733878929,20.5487725350859,9.256284,0,0,0,40,4449,299.91485,-32515.7568359375,,,,,,,,,,,,,0,,,,32.07481675,,,,,,300.00839235,,,,
,26459730,300.0084229,-32615.9306640625,-8.44348617348576,0.00240625128903481,1,0.999253354069792,40.0298881530762,2.00102075326941,14.919999986887,-46.1476327736731,-8.49620082875744,250,0.0106485422938465,-8.44182292967246,-0.0246548396081672,300.0084229,300.0084229,-32655.947265625,-32575.9140625,56.147503050429,20.5542210902953,9.256284,0,0,0,40,4449,299.9158,-32615.9306640625,,,,,,,,,,,,,0,,,,31.9161835,,,,,,300.0084229,,,,
,26459730.955,300.00761415,-32711.099609375,-8.44916470557532,0.00197158132467339,1,0.999253354069792,40.0298881530762,2.0012124653476,14.9299995973706,-46.1819355009588,-8.50835652529551,250,0.00962169767322408,-8.44749632572722,-0.0257046570325881,300.0068054,300.0084229,-32766.251953125,-32655.947265625,57.0768593597945,20.5569508054228,9.256284,0,0,0,40,4449,299.9155,-32711.099609375,,,,,,,,,,,,,0,,,,31.9161835,,,,,,300.00761415,,,,
,26459732.065,300.00686645,-32821.3798828125,-8.45662686552182,0.00137732315244417,1,0.999253354069792,40.0298881530762,2.00088307509849,14.9299995973706,-46.2160441518656,-8.51053776916078,250,0.0103556535485727,-8.45496033921072,-0.025001410692402,300.0068054,300.0069275,-32876.5078125,-32766.251953125,56.6063189912175,20.5481493046025,9.256284,0,0,0,40,4449,299.91505,-32821.3798828125,,,,,,,,,,,,,0,,,,32.2350121,,,,,,300.00686645,,,,
,26459733.12,300.00665285,-32926.904296875,-8.45432958455413,0.00220116700660125,1,0.999253354069792,40.0298881530762,2.00083298511431,14.9299995973706,-46.2031712725446,-8.50365729672694,250,0.0111503053790743,-8.45266698081436,-0.0241965897871756,300.0063782,300.0069275,-32977.30078125,-32876.5078125,55.8848758679674,20.5437581602569,9.256284,0,0,0,40,4449,299.91545,-32926.904296875,,,,,,,,,,,,,0,,,,32.07481675,,,,,,300.00665285,,,,
,26459734.21,300.0074158,-33037.47265625,-8.45980003252624,0.00177968571019241,1,0.999253354069792,40.0298881530762,2.00105436404223,14.9299995973706,-46.2387198097329,-8.50647848660756,250,0.0118152680051716,-8.45813894455182,-0.0235537960306688,300.0063782,300.0084534,-33097.64453125,-32977.30078125,55.9966487462175,20.5491650997836,9.256284,0,0,0,40,4449,299.9164,-33037.47265625,,,,,,,,,,,,,0,,,,32.07481675,,,,,,300.0074158,,,,
,26459735.39,300.00787355,-33152.7890625,-8.4593567433391,0.00199716578033545,1,0.999253354069792,40.0298881530762,2.00100732356905,14.919999986887,-46.2334227343386,-8.5156234832821,250,0.0100229357921449,-8.45768818809383,-0.0253430883590692,300.0072937,300.0084534,-33207.93359375,-33097.64453125,56.3898078913906,20.551095348013,9.256284,0,0,0,40,4449,299.91705,-33152.7890625,,,,,,,,,,,,,0,,,,32.2350121,,,,,,300.00787355,,,,
,26459736.495,300.00741575,-33263.02734375,-8.46500369610938,0.00182909214184243,1,0.999253354069792,40.0298881530762,2.00087498207199,14.9299995973706,-46.2633394899801,-8.5097809939188,250,0.0120381590519922,-8.46334263013878,-0.0233512123752662,300.0072937,300.0075378,-33318.12109375,-33207.93359375,56.482821685179,20.54993318215,8.884414,0,0,0,40,4449,299.9168,-33263.02734375,,,,,,,,,,,,,0,,,,32.2350121,,,,,,300.00741575,,,,
,26459737.595,300.00775145,-33373.228515625,-8.4667655198998,0.001811151938206,1,0.999253354069792,40.0298881530762,2.00066760155595,14.9299995973706,-46.2665319016715,-8.5201921631339,250,0.0103011846557303,-8.4650967889409,-0.02509460212465,300.0075378,300.0079651,-33428.3359375,-33318.12109375,55.9395898643136,20.5467727236279,9.256284,0,0,0,40,4449,299.91605,-33373.228515625,,,,,,,,,,,,,0,,,,32.07481675,,,,,,300.00775145,,,,
,26459738.795,300.00737,-33493.46875,-8.47335795446229,0.00160206442323398,1,0.999253354069792,40.0298881530762,2.00091577313976,14.919999986887,-46.3089507800236,-8.52356849985053,250,0.0110933366906221,-8.47169139853303,-0.0243293596279721,300.0067749,300.0079651,-33558.6015625,-33428.3359375,56.1873661049098,20.5455509317709,8.512546,0,0,0,40,4449,299.91635,-33493.46875,,,,,,,,,,,,,0,,,,31.9146214,,,,,,300.00737,,,,
,26459739.92,300.0072937,-33608.75,-8.46764623381249,0.00222101547281387,1,0.999253354069792,40.0298881530762,2.00131033062159,14.9299995973706,-46.2860652787432,-8.52250571880479,250,0.0105277648556013,-8.465978569109,-0.0248701355032038,300.0067749,300.0078125,-33658.8984375,-33558.6015625,56.4499932873714,20.5484901189957,9.256284,0,0,0,40,4449,299.91685,-33608.75,,,,,,,,,,,,,0,,,,31.9146214,,,,,,300.0072937,,,,
,26459740.945,300.00782775,-33708.98828125,-8.46957800435852,0.0023233755570271,1,0.999253354069792,40.0298881530762,2.00103125017161,14.919999986887,-46.2896072762254,-8.52719678397524,250,0.0098148938006283,-8.46790685249615,-0.02559041472938,300.0078125,300.007843,-33759.078125,-33658.8984375,56.2444249868136,20.5455419493688,8.512546,0,0,0,40,4449,299.916,-33708.98828125,,,,,,,,,,,,,0,,,,32.07481675,,,,,,300.00782775,,,,
,26459742.01,300.0077667,-33814.0859375,-8.47081043550654,0.00241676649347429,1,0.999253354069792,40.0298881530762,2.00079853025636,14.919999986887,-46.292132135123,-8.52187955543583,250,0.0108388392634733,-8.46914341650017,-0.0245709612565997,300.0076904,300.007843,-33869.09375,-33759.078125,56.2960124690829,20.5482164944105,8.512546,0,0,0,40,4449,299.9174,-33814.0859375,,,,,,,,,,,,,0,,,,31.9161835,,,,,,300.0077667,,,,
,26459742.985,300.0076904,-33914.20703125,-8.47039370583226,0.00260715367770885,1,0.999253354069792,40.0298881530762,2.00120019247025,14.919999986887,-46.2979051057786,-8.5285631223206,250,0.00984305319946257,-8.46872269247133,-0.025564177600973,300.0076904,300.0076904,-33959.3203125,-33869.09375,56.401532319179,20.548061075238,9.256284,0,0,0,40,4449,299.9173,-33914.20703125,,,,,,,,,,,,,0,,,,31.75598815,,,,,,300.0076904,,,,
,26459743.97,300.0076904,-34014.404296875,-8.48262814887719,0.00152287771413793,1,0.999253354069792,40.0298881530762,2.00111299565662,14.919999986887,-46.3648246987553,-8.52964115072552,250,0.0118474984163434,-8.4809630802123,-0.023610863567373,300.0076904,300.0076904,-34069.48828125,-33959.3203125,56.1592274782175,20.5500066152581,8.512546,0,0,0,40,4449,299.91565,-34014.404296875,,,,,,,,,,,,,0,,,,31.9146214,,,,,,300.0076904,,,,
,26459744.995,300.00727845,-34114.615234375,-8.47098628391009,0.00266559765301232,1,0.999253354069792,40.0298881530762,2.00107559999887,14.9299995973706,-46.2967412004292,-8.53724149053132,250,0.00826894778999603,-8.46930880745939,-0.0271393188773697,300.0068665,300.0076904,-34159.7421875,-34069.48828125,57.1776894387753,20.554335794422,9.256284,0,0,0,40,4449,299.91615,-34114.615234375,,,,,,,,,,,,,0,,,,31.9146214,,,,,,300.00727845,,,,
,26459746.015,300.00714115,-34214.931640625,-8.48288480035948,0.00214703809561948,1,0.999253354069792,40.0298881530762,2.00074120244889,14.9299995973706,-46.3568178839763,-8.53382711157217,250,0.0108447206211675,-8.48121580494476,-0.0246129956556648,300.0068665,300.0074158,-34270.12109375,-34159.7421875,56.2139414745636,20.5550207515609,8.512546,0,0,0,40,4449,299.9173,-34214.931640625,,,,,,,,,,,,,0,,,,32.07481675,,,,,,300.00714115,,,,
,26459748.055,300.006897,-34420.345703125,-8.48906572678548,0.00191591876566464,1,0.999253354069792,40.0298881530762,2.00103751442775,14.919999986887,-46.3991495776383,-8.5312644742197,250,0.0126838589884519,-8.48740337408748,-0.022798715130584,300.006897,300.006897,-34430.3203125,-34410.37109375,56.5351907959675,20.5467596562706,9.256284,0,0,0,40,4449,299.9175,-34420.345703125,,,,,,,,,,,,,0,,,,32.07481675,,,,,,300.006897,,,,
,26459748.73,300.0072632,-34490.42578125,-8.48174097092305,0.00288084416101057,1,0.999253354069792,40.0298881530762,2.00073405389751,14.919999986887,-46.349811701183,-8.53585492339488,250,0.0102540599038082,-8.48006989149945,-0.0251967499133354,300.006897,300.0076294,-34550.53125,-34430.3203125,55.5980182014097,20.5505073188238,8.512546,0,0,0,40,4449,299.919,-34490.42578125,,,,,,,,,,,,,0,,,,32.07481675,,,,,,300.0072632,,,,
,26459749.855,300.0073395,-34600.544921875,-8.49399382769873,0.00186259450773014,1,0.999253354069792,40.0298881530762,2.00105307280651,14.919999986887,-46.4251508363097,-8.54321939727012,250,0.0114201689058884,-8.49232519439307,-0.0240813284327472,300.0070496,300.0076294,-34650.55859375,-34550.53125,55.9817978043521,20.5493193008933,8.512546,0,0,0,40,4449,299.91935,-34600.544921875,,,,,,,,,,,,,0,,,,32.07481675,,,,,,300.0073395,,,,
,26459750.9,300.0078125,-34705.689453125,-8.49345215094099,0.00216244894534046,1,0.999253354069792,40.0298881530762,2.00080075597149,14.919999986887,-46.4168635994104,-8.53957865161106,250,0.0117933009964677,-8.49178509575005,-0.0237054067630743,300.0070496,300.0085754,-34760.8203125,-34650.55859375,56.0935706826021,20.5497675431035,9.256284,0,0,0,40,4449,299.9188,-34705.689453125,,,,,,,,,,,,,0,,,,32.2350121,,,,,,300.0078125,,,,
,26459752.045,300.00868225,-34820.953125,-8.49584420559738,0.00172065322004463,1,0.999253354069792,40.0298881530762,2.0009308416385,14.919999986887,-46.4317783660906,-8.54845113974962,250,0.0107118617466155,-8.49417188742726,-0.0247964939502765,300.0085754,300.0087891,-34881.0859375,-34760.8203125,56.2686554709098,20.5517687506191,9.256284,0,0,0,40,4449,299.9144,-34820.953125,,,,,,,,,,,,,0,,,,32.2350121,,,,,,300.00868225,,,,
,26459753.185,300.007782,-34936.2421875,-8.49614805694417,0.00203570711642864,1,0.999253354069792,40.0298881530762,2.00098882447135,14.919999986887,-46.4336275246567,-8.55506452067547,250,0.00960178220643257,-8.49447135182209,-0.0259072872807551,300.0067749,300.0087891,-34991.3984375,-34881.0859375,56.2428617297752,20.5533189697171,9.256284,0,0,0,40,4449,299.91145,-34936.2421875,,,,,,,,,,,,,0,,,,32.07481675,,,,,,300.007782,,,,
,26459754.235,300.0073395,-35041.494140625,-8.49971849663132,0.0017758593964763,1,0.999253354069792,40.0298881530762,2.00094740385204,14.919999986887,-46.4553248785562,-8.54165946294431,250,0.0126847185476702,-8.49805417427435,-0.0228390416650862,300.0067749,300.0079041,-35091.58984375,-34991.3984375,56.4335790884675,20.5494455926975,8.512546,0,0,0,40,4449,299.9127,-35041.494140625,,,,,,,,,,,,,0,,,,31.75598815,,,,,,300.0073395,,,,
,26459755.34,300.0081177,-35151.6796875,-8.50002468759947,0.00243331077401448,1,0.999253354069792,40.0298881530762,2.00073076689136,14.9299995973706,-46.4519448858639,-8.54187379959959,250,0.012536628330253,-8.49835949856549,-0.0229877733672892,300.0079041,300.0083313,-35211.76953125,-35091.58984375,55.547993976179,20.5475329806323,9.256284,0,0,0,40,4449,299.91195,-35151.6796875,,,,,,,,,,,,,0,,,,31.9161835,,,,,,300.0081177,,,,
,26459756.33,300.00787355,-35251.896484375,-8.49873256537106,0.0022896767969872,1,0.999253354069792,40.0298881530762,2.0009428298205,14.9299995973706,-46.4478065046538,-8.55157642695386,250,0.0106822127369702,-8.49706002481991,-0.0248357806165517,300.0074158,300.0083313,-35292.0234375,-35211.76953125,55.8762779542559,20.5474332041723,8.512546,0,0,0,40,4449,299.91185,-35251.896484375,,,,,,,,,,,,,0,,,,31.9161835,,,,,,300.00787355,,,,
,26459757.35,300.00776675,-35352.001953125,-8.5063237665195,0.00193296961933964,1,0.999253354069792,40.0298881530762,2.00081635838959,14.919999986887,-46.4883190876148,-8.54850380200775,250,0.0125548875878539,-8.50465762654085,-0.0229944197628504,300.0074158,300.0081177,-35411.98046875,-35292.0234375,56.3554162365444,20.5488782082139,9.256284,0,0,0,40,4449,299.91285,-35352.001953125,,,,,,,,,,,,,0,,,,31.75598815,,,,,,300.00776675,,,,
,26459758.56,300.00842285,-35477.119140625,-8.50070256485328,0.00280364211658153,1,0.999253354069792,40.0298881530762,2.00104758704824,14.9299995973706,-46.4595720954751,-8.56139319364799,250,0.00932904266378021,-8.49902396680097,-0.0261951585942239,300.0081177,300.008728,-35542.2578125,-35411.98046875,56.4640626007175,20.5482973682663,8.512546,0,0,0,40,4449,299.91395,-35477.119140625,,,,,,,,,,,,,0,,,,32.07481675,,,,,,300.00842285,,,,
,26459759.735,300.0084686,-35597.35546875,-8.50389188359955,0.00240418148547727,1,0.999253354069792,40.0298881530762,2.00118092676133,14.919999986887,-46.4806578606898,-8.56173208198881,250,0.00995917805225424,-8.50221535114434,-0.0255775242030613,300.0082092,300.008728,-35652.453125,-35542.2578125,56.3014838687175,20.5541928738768,8.884414,0,0,0,40,4449,299.9152,-35597.35546875,,,,,,,,,,,,,0,,,,32.07481675,,,,,,300.0084686,,,,
,26459760.84,300.00767515,-35707.5703125,-8.50964724373713,0.00158249368211659,1,0.999253354069792,40.0298881530762,2.00107329873912,14.9299995973706,-46.5105836154484,-8.56219880449064,250,0.0108581403200641,-8.50797361607578,-0.0247021414601599,300.0071411,300.0082092,-35762.6875,-35652.453125,56.4335790884675,20.5461769631911,9.256284,0,0,0,40,4449,299.91475,-35707.5703125,,,,,,,,,,,,,0,,,,32.07481675,,,,,,300.00767515,,,,
,26459762.04,300.00656125,-35827.857421875,-8.51624311029711,0.00108752131739014,1,0.999253354069792,40.0298881530762,2.00114452719495,14.919999986887,-46.5493329511324,-8.563299892183,250,0.0119332463602423,-8.51457306684484,-0.0236540331367607,300.0059814,300.0071411,-35893.02734375,-35762.6875,56.2022170467752,20.5471348631745,9.256284,0,0,0,40,4449,299.91475,-35827.857421875,,,,,,,,,,,,,0,,,,32.2350121,,,,,,300.00656125,,,,
,26459763.235,300.00666805,-35943.140625,-8.51126562393994,0.00221086236509401,1,0.999253354069792,40.0298881530762,2.00094349718792,14.9299995973706,-46.5169175344852,-8.5609826452557,250,0.0112801225063,-8.50959390797756,-0.0242853379248237,300.0059814,300.0073547,-35993.25390625,-35893.02734375,56.5953761919483,20.5478926528828,8.512546,0,0,0,40,4449,299.91575,-35943.140625,,,,,,,,,,,,,0,,,,32.2350121,,,,,,300.00666805,,,,
,26459764.27,300.0064697,-36043.3671875,-8.51749521093561,0.00168974758986091,1,0.999253354069792,40.0298881530762,2.00115366899454,14.919999986887,-46.5555591660009,-8.56905198123817,250,0.0111181854694231,-8.51582169080464,-0.0244725569011991,300.0055847,300.0073547,-36093.48046875,-35993.25390625,56.1521928215444,20.5494570587979,9.256284,0,0,0,40,4449,299.9162,-36043.3671875,,,,,,,,,,,,,0,,,,32.2350121,,,,,,300.0064697,,,,
,26459765.375,300.00561525,-36158.6015625,-8.51835525883598,0.00178260960232384,1,0.999253354069792,40.0298881530762,2.00088241588837,14.919999986887,-46.5522850777367,-8.57863042004134,250,0.00931649601285372,-8.51667439584893,-0.0262765309906203,300.0055847,300.0056458,-36223.72265625,-36093.48046875,56.3991874336214,20.5474473272356,8.884414,0,0,0,40,4449,299.9176,-36158.6015625,,,,,,,,,,,,,0,,,,31.9161835,,,,,,300.00561525,,,,
,26459766.5,300.0069275,-36274.177734375,-8.51899589775274,0.00266423125377711,1,0.999253354069792,40.0298881530762,2.00082263950697,14.919999986887,-46.5573487582362,-8.56327545800773,250,0.0121991481963764,-8.51732660601676,-0.0233964182556147,300.0056458,300.0082092,-36324.6328125,-36223.72265625,56.4562463155252,20.5523142940653,8.512546,0,0,0,40,4449,299.91735,-36274.177734375,,,,,,,,,,,,,0,,,,31.75598815,,,,,,300.0069275,,,,
,26459768.43,300.0084839,-36464.966796875,-8.52479519453038,0.00207114605748385,1,0.999253354069792,40.0298881530762,2.00073521319628,14.919999986887,-46.5849347992499,-8.58018176651219,250,0.0101119179978428,-8.52311563765576,-0.0255062455441712,300.0084839,300.0084839,-36475.01171875,-36454.921875,55.8450128134867,20.5501485174138,8.884414,0,0,0,40,4449,299.9171,-36464.966796875,,,,,,,,,,,,,0,,,,32.2350121,,,,,,300.0084839,,,,
,26459769.07,300.0080719,-36530.091796875,-8.52894570395274,0.00184998031215422,1,0.999253354069792,40.0298881530762,2.00068150543375,14.919999986887,-46.6091985500957,-8.56902648880183,250,0.0128817193458799,-8.52727706221944,-0.0227538002427969,300.0076599,300.0084839,-36585.171875,-36475.01171875,56.2905410694483,20.546716448636,8.512546,0,0,0,40,4449,299.91795,-36530.091796875,,,,,,,,,,,,,0,,,,32.2350121,,,,,,300.0080719,,,,
,26459770.195,300.0078888,-36640.33203125,-8.52265071046749,0.00211101057932078,1,0.999253354069792,40.0298881530762,2.00088467008972,14.9299995973706,-46.5757482733108,-8.58328862738795,250,0.00925894211394324,-8.52096831886406,-0.0263489521577201,300.0076599,300.0081177,-36695.4921875,-36585.171875,56.0623055418329,20.5472791348482,8.884414,0,0,0,40,4449,299.91705,-36640.33203125,,,,,,,,,,,,,0,,,,31.9161835,,,,,,300.0078888,,,,
,26459771.18,300.0085602,-36740.611328125,-8.52509755976716,0.00239285290449803,1,0.999253354069792,40.0298881530762,2.00123129778314,14.9299995973706,-46.5981023439196,-8.58118169660196,250,0.0103628986230106,-8.52341911776194,-0.0252549947148993,300.0081177,300.0090027,-36785.73046875,-36695.4921875,55.8637718979482,20.5483851619349,8.512546,0,0,0,40,4449,299.91555,-36740.611328125,,,,,,,,,,,,,0,,,,31.9161835,,,,,,300.0085602,,,,
,26459772.2,300.0081177,-36840.83203125,-8.53215149930791,0.0018980524677895,1,0.999253354069792,40.0298881530762,2.00062085672351,14.9299995973706,-46.6245759365478,-8.57611965614479,250,0.0121294850898294,-8.53047923742083,-0.0235173412915438,300.0072327,300.0090027,-36895.93359375,-36785.73046875,56.3858997487944,20.5463137862051,9.256284,0,0,0,40,4449,299.91725,-36840.83203125,,,,,,,,,,,,,0,,,,32.2350121,,,,,,300.0081177,,,,
,26459773.285,300.00750735,-36951.10546875,-8.53624079132875,0.00153358184607856,1,0.999253354069792,40.0298881530762,2.00071855804151,14.919999986887,-46.650065663647,-8.5756682596423,250,0.0130442107873368,-8.53457179924434,-0.0226190220422025,300.0072327,300.007782,-37006.27734375,-36895.93359375,56.0083731740059,20.5476312211959,9.256284,0,0,0,40,4449,299.91825,-36951.10546875,,,,,,,,,,,,,0,,,,32.07481675,,,,,,300.00750735,,,,
,26459774.285,300.00802615,-37051.19921875,-8.53580850195181,0.00187607732479863,1,0.999253354069792,40.0298881530762,2.00046251451584,14.9299995973706,-46.6403688899437,-8.58233414587009,250,0.0115474932298424,-8.53413322585195,-0.0241131639214663,300.007782,300.0082703,-37096.12109375,-37006.27734375,56.0873176544482,20.5437183210527,9.256284,0,0,0,40,4449,299.9169,-37051.19921875,,,,,,,,,,,,,0,,,,32.07481675,,,,,,300.00802615,,,,
,26459775.325,300.00798035,-37151.271484375,-8.53547976813877,0.00183631250243456,1,0.999253354069792,40.0298881530762,2.00075350734296,14.919999986887,-46.6465798792341,-8.57570090590527,250,0.012922851407254,-8.5338103688774,-0.0227361799197554,300.0076904,300.0082703,-37206.421875,-37096.12109375,56.4742237714675,20.5494745202643,9.256284,0,0,0,40,4449,299.916,-37151.271484375,,,,,,,,,,,,,0,,,,32.2350121,,,,,,300.00798035,,,,
,26459776.48,300.008255,-37271.595703125,-8.53683969293801,0.0017715431131107,1,0.999253354069792,40.0298881530762,2.00063603772592,14.919999986887,-46.6491326661687,-8.58849199220042,250,0.0107429375767511,-8.53516091163176,-0.0249204397901371,300.0076904,300.0088196,-37336.76953125,-37206.421875,56.5187765970637,20.5450807576472,9.256284,0,0,0,40,4449,299.91675,-37271.595703125,,,,,,,,,,,,,0,,,,32.2350121,,,,,,300.008255,,,,
,26459777.5,300.00813295,-37376.794921875,-8.5416767426487,0.00169417532321884,1,0.999253354069792,40.0298881530762,2.00071637411083,14.919999986887,-46.6799026734772,-8.58015326832637,250,0.0132268794440438,-8.54000746916301,-0.0224564723650371,300.0074463,300.0088196,-37416.8203125,-37336.76953125,56.1435949078329,20.5492150816188,8.512546,0,0,0,40,4449,299.91705,-37376.794921875,,,,,,,,,,,,,0,,,,32.3968449,,,,,,300.00813295,,,,
,26459778.555,300.00802615,-37481.984375,-8.53281332525624,0.00253518993285549,1,0.999253354069792,40.0298881530762,2.00105410846569,14.9299995973706,-46.6361606256537,-8.58871660462802,250,0.0102740932641021,-8.53113360297369,-0.0253709820993434,300.0074463,300.008606,-37547.1484375,-37416.8203125,55.4260599271789,20.5528987888343,9.256284,0,0,0,40,4449,299.9168,-37481.984375,,,,,,,,,,,,,0,,,,32.3968449,,,,,,300.00802615,,,,
,26459779.75,300.00932315,-37602.24609375,-8.53978287539806,0.0020830737737373,1,0.999253354069792,40.0298881530762,2.00103574201907,14.919999986887,-46.6732720585372,-8.59868267614986,250,0.00972727283279172,-8.53809915398168,-0.0259457541623138,300.008606,300.0100403,-37657.34375,-37547.1484375,56.117019538179,20.549804235278,9.256284,0,0,0,40,4449,299.91865,-37602.24609375,,,,,,,,,,,,,0,,,,32.07481675,,,,,,300.00932315,,,,
,26459780.81,300.01028445,-37707.43359375,-8.53724893677219,0.00261797189271349,1,0.999253354069792,40.0298881530762,2.00092215516274,14.919999986887,-46.6572945215204,-8.59320495312665,250,0.0101721724455429,-8.5355673489536,-0.0254896673030035,300.0100403,300.0105286,-37757.5234375,-37657.34375,56.0740299696213,20.5499189434398,9.256284,0,0,0,40,4449,299.91865,-37707.43359375,,,,,,,,,,,,,0,,,,31.75598815,,,,,,300.01028445,,,,
,26459781.89,300.01043705,-37812.6875,-8.54016098371508,0.00194259391212216,1,0.999253354069792,40.0298881530762,2.00113444280819,14.919999986887,-46.6777734175013,-8.59843977465449,250,0.00991639788711466,-8.53847772418339,-0.0257572107070944,300.0103455,300.0105286,-37867.8515625,-37757.5234375,55.9192675228136,20.551440413683,9.256284,0,0,0,40,4449,299.91615,-37812.6875,,,,,,,,,,,,,0,,,,31.75598815,,,,,,300.01043705,,,,
,26459783.01,300.0095673,-37922.841796875,-8.54272299260742,0.00214854505106972,1,0.999253354069792,40.0298881530762,2.00113712060705,14.919999986887,-46.6931169949989,-8.59413965291871,250,0.011179697573482,-8.54104483818422,-0.0245041145265724,300.0087891,300.0103455,-37977.83203125,-37867.8515625,55.5714428317559,20.5480764032927,9.256284,0,0,0,40,4449,299.91635,-37922.841796875,,,,,,,,,,,,,0,,,,31.75598815,,,,,,300.0095673,,,,
,26459784.05,300.00857545,-38027.98828125,-8.54668739785815,0.00191418213993718,1,0.999253354069792,40.0298881530762,2.00072723105274,14.919999986887,-46.7056166994721,-8.5955733043636,250,0.0113376876778173,-8.54500947749942,-0.0243620644980619,300.0083618,300.0087891,-38078.14453125,-37977.83203125,56.7642079521022,20.5533313992239,9.256284,0,0,0,40,4449,299.91605,-38027.98828125,,,,,,,,,,,,,0,,,,31.9161835,,,,,,300.00857545,,,,
,26459785.14,300.0095062,-38138.1484375,-8.53964727792383,0.00249248818902779,1,0.999253354069792,40.0298881530762,2.00112899808921,14.919999986887,-46.6770200394417,-8.58616650601808,250,0.0120610459623882,-8.53797356624314,-0.0236088252365252,300.0083618,300.0106506,-38198.15234375,-38078.14453125,55.7801376463905,20.542982188111,8.512546,0,0,0,40,4449,299.9153,-38138.1484375,,,,,,,,,,,,,0,,,,32.2350121,,,,,,300.0095062,,,,
,26459786.28,300.00997925,-38253.34765625,-8.54456303577123,0.00230430212250713,1,0.999253354069792,40.0298881530762,2.00114672021331,14.9299995973706,-46.7025409724857,-8.60062712220671,250,0.0103388277303021,-8.54288107814749,-0.0253502985363149,300.0093079,300.0106506,-38308.54296875,-38198.15234375,56.310081782429,20.5480025381733,8.512546,0,0,0,40,4449,299.9165,-38253.34765625,,,,,,,,,,,,,0,,,,32.2350121,,,,,,300.00997925,,,,
,26459787.235,300.0093079,-38348.671875,-8.54325860414795,0.00248415852066322,1,0.999253354069792,40.0298881530762,2.00116884295098,14.919999986887,-46.6954574538558,-8.60187977722052,250,0.00988407426248862,-8.54157528681832,-0.0257988343954402,300.0093079,300.0093079,-38388.80078125,-38308.54296875,55.9419347498713,20.5561962204256,9.256284,0,0,0,40,4449,299.91685,-38348.671875,,,,,,,,,,,,,0,,,,32.2350121,,,,,,300.0093079,,,,
,26459788.26,300.00976565,-38448.859375,-8.55070768535597,0.00204567423217596,1,0.999253354069792,40.0298881530762,2.00091857456741,14.919999986887,-46.7328001031127,-8.59578902679723,250,0.012187453901082,-8.54903239186037,-0.0235264871376022,300.0093079,300.0102234,-38508.91796875,-38388.80078125,56.3014838687175,20.5486632313896,8.512546,0,0,0,40,4449,299.916,-38448.859375,,,,,,,,,,,,,0,,,,32.3968449,,,,,,300.00976565,,,,
,26459789.34,300.0103302,-38559.021484375,-8.55202201255706,0.00208873394352508,1,0.999253354069792,40.0298881530762,2.0007927806,14.9299995973706,-46.7366175897295,-8.59928534317542,250,0.0116941777611797,-8.55034427308951,-0.0240245497093684,300.0102234,300.010437,-38609.125,-38508.91796875,56.0880992829675,20.5526786263558,8.512546,0,0,0,40,4449,299.9151,-38559.021484375,,,,,,,,,,,,,0,,,,32.3968449,,,,,,300.0103302,,,,
,26459790.355,300.0102844,-38664.13671875,-8.55765642215109,0.00165783890356687,1,0.999253354069792,40.0298881530762,2.00101331565753,14.919999986887,-46.7724539679861,-8.60577002402507,250,0.0117205633997729,-8.5559777281494,-0.0240210886753457,300.0101318,300.010437,-38719.1484375,-38609.125,56.411693489929,20.5512515689689,8.512546,0,0,0,40,4449,299.9145,-38664.13671875,,,,,,,,,,,,,0,,,,31.9161835,,,,,,300.0102844,,,,
,26459791.535,300.0098724,-38779.318359375,-8.55355281255879,0.00217672594855269,1,0.999253354069792,40.0298881530762,2.0009511015944,14.919999986887,-46.7461737253469,-8.61452149850624,250,0.00930961287429049,-8.55186508035486,-0.0264136590532588,300.009613,300.0101318,-38839.48828125,-38719.1484375,56.4265444317944,20.5478219694273,8.512546,0,0,0,40,4449,299.91445,-38779.318359375,,,,,,,,,,,,,0,,,,31.9161835,,,,,,300.0098724,,,,
,26459792.75,300.01004025,-38899.58203125,-8.55984984296917,0.00201100515537269,1,0.999253354069792,40.0298881530762,2.00097861415189,14.919999986887,-46.7836896537661,-8.60763060338672,250,0.0117586847158251,-8.55817108187364,-0.0239906726153079,300.009613,300.0104675,-38959.67578125,-38839.48828125,56.0912257970444,20.5519558239153,8.512546,0,0,0,40,4449,299.9138,-38899.58203125,,,,,,,,,,,,,0,,,,32.2350121,,,,,,300.01004025,,,,
,26459793.875,300.01091,-39014.7734375,-8.55921893422594,0.00230548487131763,1,0.999253354069792,40.0298881530762,2.00079874184313,14.9299995973706,-46.7753334558411,-8.61059929888369,250,0.0109597092689041,-8.55753674299592,-0.0247862901772523,300.0104675,300.0113525,-39069.87109375,-38959.67578125,56.0920074255636,20.5556424761867,8.884414,0,0,0,40,4449,299.91235,-39014.7734375,,,,,,,,,,,,,0,,,,32.07481675,,,,,,300.01091,,,,
,26459795.01,300.011734,-39130.01171875,-8.56046750302673,0.00228410780884484,1,0.999253354069792,40.0298881530762,2.00096045870728,14.919999986887,-46.7858792254348,-8.61232967116966,250,0.0109977185535986,-8.5587850461902,-0.0247525823875996,300.0113525,300.0121155,-39190.15234375,-39069.87109375,56.8712910592368,20.5507053057037,8.512546,0,0,0,40,4449,299.91345,-39130.01171875,,,,,,,,,,,,,0,,,,32.07481675,,,,,,300.011734,,,,
,26459796.14,300.01228335,-39240.236328125,-8.5635512280894,0.00172688602396562,1,0.999253354069792,40.0298881530762,2.00089401506195,14.9299995973706,-46.8032492363005,-8.60419442299811,250,0.0130066643593011,-8.56187642954577,-0.0227562356963405,300.0121155,300.0124512,-39290.3203125,-39190.15234375,56.2436433582944,20.5478860588218,8.512546,0,0,0,40,4449,299.9131,-39240.236328125,,,,,,,,,,,,,0,,,,32.07481675,,,,,,300.01228335,,,,
,26459797.185,300.01124575,-39345.525390625,-8.56484874089024,0.00181273505066503,1,0.999253354069792,40.0298881530762,2.00105334044007,14.919999986887,-46.8107559263401,-8.62353241794279,250,0.00983017668874309,-8.56316077740668,-0.0259371447170028,300.0100403,300.0124512,-39400.73046875,-39290.3203125,56.6508718168137,20.5505066044623,9.256284,0,0,0,40,4449,299.91065,-39345.525390625,,,,,,,,,,,,,0,,,,31.75598815,,,,,,300.01124575,,,,
,26459798.27,300.01091005,-39455.8125,-8.56339674745251,0.00214671513717037,1,0.999253354069792,40.0298881530762,2.00084938137972,14.9299995973706,-46.799693537476,-8.61300393501418,250,0.0113303902730612,-8.56171552168601,-0.0244303951569198,300.0100403,300.0117798,-39510.89453125,-39400.73046875,56.1318704800444,20.5514785127155,9.256284,0,0,0,40,4449,299.91095,-39455.8125,,,,,,,,,,,,,0,,,,31.9161835,,,,,,300.01091005,,,,
,26459799.36,300.0110321,-39566.521484375,-8.56212145648554,0.00226167078270454,1,0.999253354069792,40.0298881530762,2.00103644453115,14.919999986887,-46.7956344316886,-8.61980780538707,250,0.00999165856122244,-8.56043493249787,-0.0257627663582806,300.0102844,300.0117798,-39622.1484375,-39510.89453125,56.2069068178906,20.5530082239387,8.512546,0,0,0,40,4449,299.91115,-39566.521484375,,,,,,,,,,,,,0,,,,32.2350121,,,,,,300.0110321,,,,
,26459800.44,300.0116882,-39677.283203125,-8.5682474802089,0.00206540276979943,1,0.999253354069792,40.0298881530762,2.00112280080683,14.919999986887,-46.8319114035629,-8.62187903127101,250,0.010814233060795,-8.56656299760873,-0.0249654098243501,300.0102844,300.013092,-39732.41796875,-39622.1484375,56.8494054606983,20.5452320321227,8.512546,0,0,0,40,4449,299.90965,-39677.283203125,,,,,,,,,,,,,0,,,,32.07481675,,,,,,300.0116882,,,,
,26459801.64,300.01219175,-39797.603515625,-8.57530630359447,0.0013737316013194,1,0.999253354069792,40.0298881530762,2.00098325074906,14.919999986887,-46.8661041369262,-8.63488198540851,250,0.00963526364784363,-8.57361538603513,-0.0261728617494192,300.0112915,300.013092,-39862.7890625,-39732.41796875,56.8845787440637,20.548692634235,9.256284,0,0,0,40,4449,299.9093,-39797.603515625,,,,,,,,,,,,,0,,,,31.9146214,,,,,,300.01219175,,,,
,26459803.28,300.01193235,-39963.072265625,-8.5697348613562,0.00203930996793696,1,0.999253354069792,40.0298881530762,2.00113269342765,14.9299995973706,-46.8399914070565,-8.62490521816536,250,0.0105419692572069,-8.56804904250752,-0.0252419646546328,300.0112915,300.0125732,-40063.35546875,-39862.7890625,56.0130629451213,20.5441690683626,8.512546,0,0,0,40,4449,299.90935,-39963.072265625,,,,,,,,,,,,,0,,,,32.07481675,,,,,,300.01193235,,,,
,26459804.88,300.01167295,-40123.357421875,-8.57657580754427,0.00153938443485393,1,0.999253354069792,40.0298881530762,2.00099032396611,14.919999986887,-46.8759944947219,-8.62114879458801,250,0.0123875069040095,-8.57489647826691,-0.0234244956108889,300.0107727,300.0125732,-40183.359375,-40063.35546875,56.1295255944867,20.5461597746171,9.256284,0,0,0,40,4449,299.9079,-40123.357421875,,,,,,,,,,,,,0,,,,32.07481675,,,,,,300.01167295,,,,
,26459806.07,300.0117645,-40238.5546875,-8.57481109410559,0.002048195101942,1,0.999253354069792,40.0298881530762,2.00097545706566,14.919999986887,-46.8657005934246,-8.62098171649286,250,0.0120788146218631,-8.57313086588535,-0.0237250994186435,300.0107727,300.0127563,-40293.75,-40183.359375,56.2155047316021,20.5489822516071,9.256284,0,0,0,40,4449,299.9071,-40238.5546875,,,,,,,,,,,,,0,,,,32.07481675,,,,,,300.0117645,,,,
,26459806.995,300.0127563,-40328.744140625,-8.57670642146026,0.00192312810162389,1,0.999253354069792,40.0298881530762,2.00096705040141,14.919999986887,-46.8751223753544,-8.62686353097027,250,0.0113465512802388,-8.57502250740501,-0.0244644186092789,300.0127563,300.0127563,-40363.73828125,-40293.75,56.5750538504483,20.5475815278938,9.256284,0,0,0,40,4449,299.90785,-40328.744140625,,,,,,,,,,,,,0,,,,32.07481675,,,,,,300.0127563,,,,
,26459807.985,300.01286315,-40428.833984375,-8.56889346245511,0.00254646470944733,1,0.999253354069792,40.0298881530762,2.00130946769045,14.9299995973706,-46.8391929735236,-8.62605183655756,250,0.0103093345805513,-8.56720680576404,-0.0254683399494612,300.0127563,300.01297,-40493.9296875,-40363.73828125,55.1306043469097,20.546722571338,8.512546,0,0,0,40,4449,299.9064,-40428.833984375,,,,,,,,,,,,,0,,,,31.9146214,,,,,,300.01286315,,,,
,26459809.275,300.0127411,-40559.037109375,-8.57746319135921,0.00211414845387516,1,0.999253354069792,40.0298881530762,2.00126309214034,14.9299995973706,-46.8854910107939,-8.63171858710343,250,0.0108249285707383,-8.57577706450011,-0.0249879115900025,300.0125122,300.01297,-40624.14453125,-40493.9296875,56.404658833256,20.5509981143169,8.512546,0,0,0,40,4449,299.9053,-40559.037109375,,,,,,,,,,,,,0,,,,31.75598815,,,,,,300.0127411,,,,
,26459810.355,300.01278685,-40669.2890625,-8.57713371405202,0.00212862019472373,1,0.999253354069792,40.0298881530762,2.00091607677112,14.9299995973706,-46.8751194225894,-8.63341835515058,250,0.010184814809234,-8.57544505744995,-0.0256255710129008,300.0125122,300.0130615,-40714.43359375,-40624.14453125,56.1568825926598,20.5532761215741,9.256284,0,0,0,40,4449,299.9068,-40669.2890625,,,,,,,,,,,,,0,,,,31.9161835,,,,,,300.01278685,,,,
,26459811.345,300.01281735,-40769.546875,-8.58646770070974,0.00196105825270903,1,0.999253354069792,40.0298881530762,2.00084560113936,14.919999986887,-46.9273524185367,-8.62724060692742,250,0.0129912076372691,-8.58478892750975,-0.0228580748595853,300.0125732,300.0130615,-40824.66015625,-40714.43359375,56.4304525743906,20.5511800494521,8.512546,0,0,0,40,4449,299.90655,-40769.546875,,,,,,,,,,,,,0,,,,32.2350121,,,,,,300.01281735,,,,
,26459812.385,300.01289365,-40869.8125,-8.5823906369526,0.00249096286262932,1,0.999253354069792,40.0298881530762,2.0008609827285,14.919999986887,-46.9044450360017,-8.62847623126206,250,0.0120206743940334,-8.58070863936344,-0.0238110906587891,300.0125732,300.0132141,-40914.96484375,-40824.66015625,56.2921043264867,20.5494473053195,9.256284,0,0,0,40,4449,299.9039,-40869.8125,,,,,,,,,,,,,0,,,,32.2350121,,,,,,300.01289365,,,,
,26459813.48,300.012619,-40980.087890625,-8.58953561913128,0.00157249633536869,1,0.999253354069792,40.0298881530762,2.00063587628843,14.919999986887,-46.9389833030342,-8.63127868419398,250,0.0126588207464489,-8.58785497230975,-0.0232024630375777,300.0120239,300.0132141,-41045.2109375,-40914.96484375,56.188147733429,20.5476072982709,9.256284,0,0,0,40,4449,299.90175,-40980.087890625,,,,,,,,,,,,,0,,,,32.2350121,,,,,,300.012619,,,,
,26459814.72,300.01216125,-41105.29296875,-8.58842787704027,0.00164071653608586,1,0.999253354069792,40.0298881530762,2.00066861964636,14.919999986887,-46.9321413287307,-8.6386004980558,250,0.0111378776599108,-8.5867413073777,-0.0247178652434162,300.0120239,300.0122986,-41165.375,-41045.2109375,56.3171164391021,20.5481928108286,9.256284,0,0,0,40,4449,299.9001,-41105.29296875,,,,,,,,,,,,,0,,,,32.3968449,,,,,,300.01216125,,,,
,26459815.86,300.0121765,-41215.388671875,-8.59213394787831,0.00158286457923776,1,0.999253354069792,40.0298881530762,2.00092781730874,14.9299995973706,-46.9594523549157,-8.63732769557267,250,0.0122569640635678,-8.59045135917201,-0.0236138265517091,300.0120544,300.0122986,-41265.40234375,-41165.375,56.6930797568522,20.5488246720737,9.256284,0,0,0,40,4449,299.89945,-41215.388671875,,,,,,,,,,,,,0,,,,32.3968449,,,,,,300.0121765,,,,
,26459816.835,300.0125427,-41315.5546875,-8.59341523943145,0.00167473793228817,1,0.999253354069792,40.0298881530762,2.00085531125727,14.9299995973706,-46.9645696947465,-8.6395315692365,250,0.0120344485497539,-8.59173143030919,-0.0238407741308167,300.0120544,300.013031,-41365.70703125,-41265.40234375,55.9700733765636,20.5454251604347,8.512546,0,0,0,40,4449,299.90085,-41315.5546875,,,,,,,,,,,,,0,,,,32.2350121,,,,,,300.0125427,,,,
,26459817.93,300.0127716,-41425.7109375,-8.5911232992987,0.00230174562225024,1,0.999253354069792,40.0298881530762,2.00081471208949,14.919999986887,-46.949260222814,-8.64706155667745,250,0.0101992247903295,-8.58943229668222,-0.0256652474492197,300.0125122,300.013031,-41485.71484375,-41365.70703125,56.1490663074675,20.5488594237566,8.512546,0,0,0,40,4449,299.90135,-41425.7109375,,,,,,,,,,,,,0,,,,32.07481675,,,,,,300.0127716,,,,
,26459818.94,300.0126648,-41525.82421875,-8.59134730070993,0.00183359041813044,1,0.999253354069792,40.0298881530762,2.0011305967949,14.919999986887,-46.9576823306104,-8.64876636430728,250,0.0101715870502505,-8.58965623979318,-0.0256930979132226,300.0125122,300.0128174,-41565.93359375,-41485.71484375,55.7738846182367,20.5522745206665,9.256284,0,0,0,40,4449,299.90165,-41525.82421875,,,,,,,,,,,,,0,,,,31.75598815,,,,,,300.0126648,,,,
,26459819.83,300.01316835,-41616.01953125,-8.5961944802798,0.00193700929351497,1,0.999253354069792,40.0298881530762,2.00079610797304,14.919999986887,-46.9808156521745,-8.62906811852009,250,0.0144170625700601,-8.59452006601225,-0.0214680543680594,300.0128174,300.0135193,-41666.10546875,-41565.93359375,55.7035380515059,20.5485469107565,9.256284,0,0,0,40,4449,299.902,-41616.01953125,,,,,,,,,,,,,0,,,,31.5973549,,,,,,300.01316835,,,,
,26459820.805,300.0135193,-41716.275390625,-8.59467407926929,0.00174294780057925,1,0.999253354069792,40.0298881530762,2.00105250618135,14.919999986887,-46.9742824862685,-8.65068239161041,250,0.0103762659813236,-8.59298305004912,-0.0255010967330166,300.0135193,300.0135193,-41766.4453125,-41666.10546875,56.4499932873714,20.5518916560099,9.256284,0,0,0,40,4449,299.9014,-41716.275390625,,,,,,,,,,,,,0,,,,31.75598815,,,,,,300.0135193,,,,
,26459821.765,300.0132904,-41811.548828125,-8.59447253933395,0.00209496497451336,1,0.999253354069792,40.0298881530762,2.00109528164713,14.9299995973706,-46.9753100934224,-8.64445895496166,250,0.0115101912545893,-8.59278641573973,-0.0243659372077262,300.0130615,300.0135193,-41856.65234375,-41766.4453125,55.7738846182367,20.5504136398861,8.512546,0,0,0,40,4449,299.90125,-41811.548828125,,,,,,,,,,,,,0,,,,31.75598815,,,,,,300.0132904,,,,
,26459822.85,300.01333615,-41916.763671875,-8.5963841683864,0.00270166315488099,1,0.999253354069792,40.0298881530762,2.00093928300971,14.919999986887,-46.9825490690449,-8.64378109878031,250,0.0118676720933105,-8.59469921314399,-0.0240157055540081,300.0130615,300.0136108,-41976.875,-41856.65234375,55.8754963257367,20.5495837994729,8.512546,0,0,0,40,4449,299.9019,-41916.763671875,,,,,,,,,,,,,0,,,,31.9161835,,,,,,300.01333615,,,,
,26459823.915,300.01296995,-42026.8984375,-8.59843639956734,0.00208357181781747,1,0.999253354069792,40.0298881530762,2.00099553026888,14.9299995973706,-46.9955001228932,-8.64367537529559,250,0.0123100389424187,-8.59675307434582,-0.0235811371758518,300.0123291,300.0136108,-42076.921875,-41976.875,55.9817978043521,20.5524504490536,9.256284,0,0,0,40,4449,299.9027,-42026.8984375,,,,,,,,,,,,,0,,,,32.07481675,,,,,,300.01296995,,,,
,26459824.91,300.0121155,-42127.0078125,-8.60278847174043,0.001411558424794,1,0.999253354069792,40.0298881530762,2.00086026892301,14.919999986887,-47.0150750889406,-8.65349717879727,250,0.0112145296790649,-8.60110002549541,-0.0246939771634892,300.0119019,300.0123291,-42177.09375,-42076.921875,56.5039256551983,20.5469905638611,8.512546,0,0,0,40,4449,299.90225,-42127.0078125,,,,,,,,,,,,,0,,,,31.9146214,,,,,,300.0121155,,,,
,26459826.05,300.0120392,-42237.20703125,-8.60222616481245,0.0019969120285161,1,0.999253354069792,40.0298881530762,2.00123708764146,14.919999986887,-47.0205387198931,-8.65502411853231,250,0.0111209719323312,-8.60053752071411,-0.0247845921693845,300.0119019,300.0121765,-42297.3203125,-42177.09375,56.485948199256,20.5501691702575,8.512546,0,0,0,40,4449,299.90105,-42237.20703125,,,,,,,,,,,,,0,,,,31.75598815,,,,,,300.0120392,,,,
,26459827.165,300.0121765,-42352.439453125,-8.5994420115954,0.00241832758032002,1,0.999253354069792,40.0298881530762,2.0011775638027,14.9299995973706,-47.0030742766789,-8.65673707793531,250,0.0102445553186333,-8.597750308128,-0.0256483681688502,300.0121765,300.0121765,-42407.55859375,-42297.3203125,56.4601544581214,20.5546262972185,8.512546,0,0,0,40,4449,299.9015,-42352.439453125,,,,,,,,,,,,,0,,,,31.9161835,,,,,,300.0121765,,,,
,26459828.295,300.0126953,-42467.6953125,-8.60045149483109,0.00239271230134931,1,0.999253354069792,40.0298881530762,2.00122017079061,14.9299995973706,-47.0107663394382,-8.65146403679335,250,0.0114286890902473,-8.59876444252061,-0.0244678770713433,300.0121765,300.0132141,-42527.83203125,-42407.55859375,56.1521928215444,20.54204045028,9.256284,0,0,0,40,4449,299.9017,-42467.6953125,,,,,,,,,,,,,0,,,,32.07481675,,,,,,300.0126953,,,,
,26459830.375,300.0118103,-42673.138671875,-8.60835434084296,0.00174958033781731,1,0.999253354069792,40.0298881530762,2.00099426364105,14.919999986887,-47.0493882029378,-8.6552286059281,250,0.0120294585747804,-8.6066686127321,-0.0238988465518092,300.0118103,300.0118103,-42678.18359375,-42668.09375,56.472660514429,20.5561259201954,9.256284,0,0,0,40,4449,299.9015,-42673.138671875,,,,,,,,,,,,,0,,,,32.2350121,,,,,,300.0118103,,,,
,26459831.035,300.01245115,-42738.3203125,-8.61132344776868,0.00144328895451463,1,0.999253354069792,40.0298881530762,2.0007563824653,14.919999986887,-47.0614069476752,-8.65049218846134,250,0.0132628533379459,-8.60964210433353,-0.0226776766669038,300.0118103,300.013092,-42798.45703125,-42678.18359375,55.9817978043521,20.5553827565982,8.884414,0,0,0,40,4449,299.9013,-42738.3203125,,,,,,,,,,,,,0,,,,32.07481675,,,,,,300.01245115,,,,
,26459832.11,300.0127716,-42848.84765625,-8.60982611052339,0.00231509631362834,1,0.999253354069792,40.0298881530762,2.00069012513819,14.919999986887,-47.0515402103375,-8.64959712871733,250,0.0130971886000633,-8.60814434874523,-0.0228362939684809,300.0124512,300.013092,-42899.23828125,-42798.45703125,56.4171648895637,20.5486492027074,8.512546,0,0,0,40,4449,299.9014,-42848.84765625,,,,,,,,,,,,,0,,,,32.07481675,,,,,,300.0127716,,,,
,26459833.185,300.01197815,-42959.43359375,-8.60791521291337,0.00250900140492662,1,0.999253354069792,40.0298881530762,2.00114589685412,14.919999986887,-47.0502375754875,-8.65664651694091,250,0.0118036684074064,-8.60622875968571,-0.0241208491150851,300.0115051,300.0124512,-43019.62890625,-42899.23828125,56.292885955006,20.5480368899474,9.256284,0,0,0,40,4449,299.90125,-42959.43359375,,,,,,,,,,,,,0,,,,32.2350121,,,,,,300.01197815,,,,
,26459834.33,300.01229855,-43074.732421875,-8.6106425495357,0.00204865080303128,1,0.999253354069792,40.0298881530762,2.0012435429266,14.9299995973706,-47.0660681682529,-8.66689419939322,250,0.0105086983676406,-8.60895011201165,-0.0254261905292472,300.0115051,300.013092,-43129.8359375,-43019.62890625,56.2483331294098,20.5516635624047,9.256284,0,0,0,40,4449,299.901,-43074.732421875,,,,,,,,,,,,,0,,,,32.2350121,,,,,,300.01229855,,,,
,26459835.33,300.0129547,-43174.95703125,-8.60821590678746,0.00244636701612657,1,0.999253354069792,40.0298881530762,2.00125564518389,14.9299995973706,-47.0543489708171,-8.65766145764091,250,0.0117569506780535,-8.60652902033384,-0.0241674234035645,300.0128174,300.013092,-43220.078125,-43129.8359375,56.0193159732752,20.5499335458221,8.512546,0,0,0,40,4449,299.9007,-43174.95703125,,,,,,,,,,,,,0,,,,31.9161835,,,,,,300.0129547,,,,
,26459836.31,300.01293945,-43270.19140625,-8.60831097596795,0.00228447521965436,1,0.999253354069792,40.0298881530762,2.00104041067228,14.9299995973706,-47.048200215834,-8.66621292875084,250,0.010042912381744,-8.60661697967152,-0.0258809140963137,300.0128174,300.0130615,-43320.3046875,-43220.078125,55.4776474094482,20.5494023540772,8.512546,0,0,0,40,4449,299.90035,-43270.19140625,,,,,,,,,,,,,0,,,,31.75598815,,,,,,300.01293945,,,,
,26459837.395,300.01231385,-43375.43359375,-8.61719949824717,0.00160055602180127,1,0.999253354069792,40.0298881530762,2.00110198309776,14.919999986887,-47.0995240564068,-8.66824722544815,250,0.0113654780462347,-8.61550949825482,-0.0245949614971553,300.0115662,300.0130615,-43430.5625,-43320.3046875,56.5312826533714,20.5477554757255,8.512546,0,0,0,40,4449,299.90055,-43375.43359375,,,,,,,,,,,,,0,,,,32.07481675,,,,,,300.01231385,,,,
,26459838.435,300.01251225,-43480.658203125,-8.61798584350058,0.00156827584452938,1,0.999253354069792,40.0298881530762,2.00088295185584,14.919999986887,-47.0995344728894,-8.66413446353013,250,0.0120938262045022,-8.61629874831819,-0.0238691265878353,300.0115662,300.0134583,-43530.75390625,-43430.5625,56.2452066153329,20.5511254046325,9.256284,0,0,0,40,4449,299.90195,-43480.658203125,,,,,,,,,,,,,0,,,,32.07481675,,,,,,300.01251225,,,,
,26459839.515,300.0137482,-43590.7421875,-8.61681998529079,0.00234516498825841,1,0.999253354069792,40.0298881530762,2.00086389619771,14.919999986887,-47.0926708266352,-8.66316753449906,250,0.0120390891956867,-8.61513257770278,-0.0239182147776534,300.0134583,300.0140381,-43650.73046875,-43530.75390625,55.8754963257367,20.5470537066502,9.256284,0,0,0,40,4449,299.9021,-43590.7421875,,,,,,,,,,,,,0,,,,32.07481675,,,,,,300.0137482,,,,
,26459840.72,300.01397705,-43710.912109375,-8.62296563457558,0.00175712855303319,1,0.999253354069792,40.0298881530762,2.00086876211237,14.919999986887,-47.1273401453416,-8.66413219161616,250,0.0130051763062449,-8.62128099795428,-0.0229774203380425,300.013916,300.0140381,-43771.09375,-43650.73046875,55.7426194774674,20.5511793067026,9.256284,0,0,0,40,4449,299.90015,-43710.912109375,,,,,,,,,,,,,0,,,,32.07481675,,,,,,300.01397705,,,,
,26459841.805,300.01342775,-43821.1953125,-8.61857975183416,0.00213379079183107,1,0.999253354069792,40.0298881530762,2.00107191787705,14.919999986887,-47.1044460765245,-8.67992780209671,250,0.00945764191130139,-8.61688143499898,-0.0265052780846184,300.0129395,300.013916,-43871.296875,-43771.09375,56.1740784200829,20.5487652681655,9.256284,0,0,0,40,4449,299.8995,-43821.1953125,,,,,,,,,,,,,0,,,,31.9146214,,,,,,300.01342775,,,,
,26459842.86,300.0132599,-43926.361328125,-8.620332819905,0.00196828056353947,1,0.999253354069792,40.0298881530762,2.00099921459086,14.919999986887,-47.1142515998486,-8.67118124826451,250,0.0113264131453167,-8.61864207087317,-0.0246434588103015,300.0129395,300.0135803,-43981.42578125,-43871.296875,56.2835064127752,20.5456816086629,8.884414,0,0,0,40,4449,299.89965,-43926.361328125,,,,,,,,,,,,,0,,,,31.9146214,,,,,,300.0132599,,,,
,26459844.015,300.0133972,-44041.6015625,-8.62458816216887,0.00143545158396545,1,0.999253354069792,40.0298881530762,2.00112771551555,14.919999986887,-47.1405939485732,-8.6752810847224,250,0.0114636258982471,-8.6228971611608,-0.0245232193815262,300.0132141,300.0135803,-44101.77734375,-43981.42578125,56.7251265261406,20.549983489759,8.512546,0,0,0,40,4449,299.8998,-44041.6015625,,,,,,,,,,,,,0,,,,32.07481675,,,,,,300.0133972,,,,
,26459845.07,300.0130768,-44146.84375,-8.62016097183013,0.00212966255555669,1,0.999253354069792,40.0298881530762,2.00131023454611,14.9299995973706,-47.1194275866562,-8.67784268738538,250,0.0103145502769331,-8.61846623553768,-0.0256529145871773,300.0129395,300.0132141,-44191.91015625,-44101.77734375,55.8848758679674,20.5481521882405,9.256284,0,0,0,40,4449,299.8995,-44146.84375,,,,,,,,,,,,,0,,,,32.2350121,,,,,,300.0130768,,,,
,26459846.14,300.01309205,-44252.017578125,-8.62780641924761,0.00161628969689157,1,0.999253354069792,40.0298881530762,2.00098230653875,14.919999986887,-47.1543626450942,-8.68050840063157,250,0.010990000326975,-8.6261130074943,-0.0250089484415037,300.0129395,300.0132446,-44312.125,-44191.91015625,55.9317735791213,20.5443119995275,8.512546,0,0,0,40,4449,299.8983,-44252.017578125,,,,,,,,,,,,,0,,,,32.07481675,,,,,,300.01309205,,,,
,26459847.155,300.0126495,-44357.287109375,-8.6231655463006,0.00231588933582874,1,0.999253354069792,40.0298881530762,2.00104822951798,14.919999986887,-47.1306061604335,-8.67561559596166,250,0.0110752461223795,-8.62147364118068,-0.024903573486336,300.0120544,300.0132446,-44402.44921875,-44312.125,56.4070037188137,20.549775909923,9.256284,0,0,0,40,4449,299.89875,-44357.287109375,,,,,,,,,,,,,0,,,,32.07481675,,,,,,300.0126495,,,,
,26459848.085,300.01260375,-44452.392578125,-8.62823817056466,0.00231719567760057,1,0.999253354069792,40.0298881530762,2.00101532023956,14.9299995973706,-47.1576516190838,-8.68016966012538,250,0.0111560310871122,-8.62654567352235,-0.0248431401192069,300.0120544,300.0131531,-44502.3359375,-44402.44921875,54.7139963461596,20.5487111292459,9.256284,0,0,0,40,4449,299.9,-44452.392578125,,,,,,,,,,,,,0,,,,32.07481675,,,,,,300.01260375,,,,
,26459849.17,300.01350405,-44557.451171875,-8.62998454761189,0.00199294535663442,1,0.999253354069792,40.0298881530762,2.00109401423172,14.9299995973706,-47.1696444606816,-8.67880047389151,250,0.0117906146457181,-8.62829411820741,-0.0242153548606972,300.0131531,300.013855,-44612.56640625,-44502.3359375,55.9591305772944,20.552018379883,9.256284,0,0,0,40,4449,299.89925,-44557.451171875,,,,,,,,,,,,,0,,,,31.9146214,,,,,,300.01350405,,,,
,26459851.22,300.0137787,-44762.880859375,-8.62697706204016,0.00222893165654491,1,0.999253354069792,40.0298881530762,2.00105511033899,14.919999986887,-47.1517327516344,-8.67874038031465,250,0.0112125959010255,-8.62528486633979,-0.0247793852486367,300.0132141,300.0143433,-44772.9296875,-44752.83203125,56.4062220902944,20.5442816652341,9.256284,0,0,0,40,4449,299.89865,-44762.880859375,,,,,,,,,,,,,0,,,,31.9161835,,,,,,300.0137787,,,,
,26459851.82,300.0143433,-44823.07421875,-8.63408710630019,0.0016196753454117,1,0.999253354069792,40.0298881530762,2.00124149077085,14.919999986887,-47.1937739837152,-8.69263041589984,250,0.0101328184621005,-8.63238883393987,-0.0258881783340014,300.0143433,300.0143433,-44873.21875,-44772.9296875,56.2655289568329,20.5521193402049,8.512546,0,0,0,40,4449,299.89875,-44823.07421875,,,,,,,,,,,,,0,,,,32.2350121,,,,,,300.0143433,,,,
,26459852.82,300.01391605,-44946.982421875,-8.63567955691536,0.00143311915558826,1,0.999253354069792,40.0298881530762,2.00120670404507,14.919999986887,-47.2032270876927,-8.68574028944074,250,0.011661261777726,-8.63398754545897,-0.024365955114058,300.0134888,300.0143433,-45020.74609375,-44873.21875,56.127180708929,20.5475082408628,9.256284,0,0,0,40,4449,299.8979,-44946.982421875,,,,,,,,,,,,,0,,,,32.2350121,,,,,,300.01391605,,,,
,26459855.13,300.01338195,-45000.12890625,-8.63274415435126,0.00232640572223839,1,0.999253354069792,40.0298881530762,2.00102765305359,14.9299995973706,-47.1830773007582,-8.68198085149098,250,0.0116659599966457,-8.63105297101909,-0.0243485206165629,300.0127258,300.0140381,-45000.3203125,-44999.9375,56.1592274782175,20.5462494473253,9.256284,0,0,0,40,4417,299.8988,-45000.12890625,,,,,,,,,,,,,0,,,,32.2350121,,,,,,300.01338195,,,,
,26459868.86,300.0144043,-44943.244140625,-8.63308251118248,0.00236803612716596,1,0.999253354069792,40.0298881530762,2.00104111281159,14.9299995973706,-47.1859911251562,-8.67829245627628,250,0.012415014025622,-8.63139396611385,-0.0236020047826405,300.0144043,300.0144043,-44947.328125,-44939.16015625,57.0401228193907,20.5483668559602,9.256284,0,0,0,40,4449,299.89465,-44943.244140625,,,,,,,,,,,,,0,,,,31.9146214,,,,,,300.0144043,,,,
,26459869.48,300.01464845,-44890.94140625,-8.6330165968062,0.0019087956699613,1,0.999253354069792,40.0298881530762,2.00112718814415,14.919999986887,-47.186675915184,-8.68362040154869,250,0.0114947682689228,-8.63132410805961,-0.0245222127702517,300.0144043,300.0148926,-44939.16015625,-44842.72265625,56.4781319140637,20.5477455931022,9.256284,0,0,0,40,4449,299.8942,-44890.94140625,,,,,,,,,,,,,0,,,,31.9146214,,,,,,300.01464845,,,,
,26459871.415,300.0149536,-44715.48828125,-8.63602945676658,0.00199365010691645,1,0.999253354069792,40.0298881530762,2.00107126099744,14.919999986887,-47.2026069548274,-8.68236833460148,250,0.0122401405991925,-8.63433928106046,-0.0237905249081853,300.0149536,300.0149536,-44720.359375,-44710.6171875,56.3773018350829,20.5509029507317,9.628152,0,0,0,40,4449,299.8959,-44715.48828125,,,,,,,,,,,,,0,,,,32.2350121,,,,,,300.0149536,,,,
,26459872.03,300.01446535,-44651.599609375,-8.62824020790693,0.00247029279882781,1,0.999253354069792,40.0298881530762,2.00119100144098,14.9299995973706,-47.1614225629211,-8.68238682363867,250,0.0108853518020798,-8.62654610053572,-0.0251126029824629,300.0139771,300.0149536,-44710.6171875,-44592.58203125,56.2702187279483,20.5487884710852,8.512546,0,0,0,40,4449,299.8986,-44651.599609375,,,,,,,,,,,,,0,,,,31.9161835,,,,,,300.01446535,,,,
,26459873.085,300.0139618,-44543.025390625,-8.6318332974493,0.00167504177933815,1,0.999253354069792,40.0298881530762,2.00099769391478,14.919999986887,-47.1786769174217,-8.67409380234405,250,0.0129200497649783,-8.63014707705861,-0.0230936977593436,300.0139465,300.0139771,-44592.58203125,-44493.46875,56.7657712091406,20.54978613878,9.256284,0,0,0,40,4449,299.9011,-44543.025390625,,,,,,,,,,,,,0,,,,31.9161835,,,,,,300.0139618,,,,
,26459874.15,300.0144348,-44438.779296875,-8.62822919595291,0.00215235801496515,1,0.999253354069792,40.0298881530762,2.00105481337403,14.919999986887,-47.1580622906114,-8.68272276461935,250,0.0107177809290736,-8.62653427099676,-0.0252814619102224,300.0139465,300.0149231,-44493.46875,-44384.08984375,56.424981174756,20.5502301573811,9.256284,0,0,0,40,4449,299.89925,-44438.779296875,,,,,,,,,,,,,0,,,,32.2350121,,,,,,300.0144348,,,,
,26459875.3,300.01483155,-44324.33984375,-8.6304866309871,0.00171516363634635,1,0.999253354069792,40.0298881530762,2.00102791579488,14.919999986887,-47.1697290193354,-8.68516226763329,250,0.0106699233347011,-8.62879083807079,-0.0253396389825519,300.01474,300.0149231,-44384.08984375,-44264.58984375,55.7598153048905,20.5479617110378,9.256284,0,0,0,40,4449,299.89835,-44324.33984375,,,,,,,,,,,,,0,,,,32.07481675,,,,,,300.01483155,,,,
,26459876.345,300.0147705,-44219.876953125,-8.62911556685258,0.00179060475728248,1,0.999253354069792,40.0298881530762,2.00112456123206,14.919999986887,-47.165901500565,-8.67639252115279,250,0.0120959070438604,-8.62742597121035,-0.023908726638821,300.01474,300.014801,-44264.58984375,-44175.1640625,56.1443765363521,20.5528150083962,9.256284,0,0,0,40,4449,299.89985,-44219.876953125,,,,,,,,,,,,,0,,,,32.07481675,,,,,,300.0147705,,,,
,26459877.435,300.01441955,-44115.44140625,-8.62608380428125,0.00204738352724273,1,0.999253354069792,40.0298881530762,2.00128711045458,14.9299995973706,-47.1546069043426,-8.6657061581363,250,0.0136156303683303,-8.62440120888951,-0.0223773265412371,300.0140381,300.014801,-44175.1640625,-44055.71875,55.7449643630251,20.5556026295151,9.256284,0,0,0,40,4449,299.9002,-44115.44140625,,,,,,,,,,,,,0,,,,32.2350121,,,,,,300.01441955,,,,
,26459878.57,300.01483155,-44000.958984375,-8.62190224790422,0.00207637456854113,1,0.999253354069792,40.0298881530762,2.00133781181998,14.9299995973706,-47.1306395326788,-8.67397023323677,250,0.0113683755444148,-8.62021088581641,-0.0246077603187995,300.0140381,300.015625,-44055.71875,-43946.19921875,56.0310404010636,20.545591091532,9.256284,0,0,0,40,4449,299.8981,-44000.958984375,,,,,,,,,,,,,0,,,,31.9161835,,,,,,300.01483155,,,,
,26459879.65,300.01564025,-43891.572265625,-8.62413413057474,0.00181331765541016,1,0.999253354069792,40.0298881530762,2.00111407162621,14.919999986887,-47.1378786187952,-8.674311756181,250,0.0115475432806478,-8.62244272347893,-0.0244388362595789,300.015625,300.0156555,-43946.19921875,-43836.9453125,56.2358270731021,20.5466853079906,8.512546,0,0,0,40,4449,299.89705,-43891.572265625,,,,,,,,,,,,,0,,,,31.9161835,,,,,,300.01564025,,,,
,26459880.79,300.0153198,-43782.20703125,-8.61396684499657,0.00240441649493866,1,0.999253354069792,40.0298881530762,2.00125886112151,14.919999986887,-47.0832092416164,-8.67773547379689,250,0.00914873984057693,-8.61226750414401,-0.0267955432640599,300.0149841,300.0156555,-43836.9453125,-43727.46875,55.7637234474867,20.5483025802183,8.512546,0,0,0,40,4449,299.8966,-43782.20703125,,,,,,,,,,,,,0,,,,32.07481675,,,,,,300.0153198,,,,
,26459881.93,300.0144348,-43667.80078125,-8.62517820368231,0.00177952356153221,1,0.999253354069792,40.0298881530762,2.00087163754939,14.919999986887,-47.1401089400745,-8.66306885253767,250,0.0136129889124814,-8.62349543589884,-0.0223797573058746,300.0138855,300.0149841,-43727.46875,-43608.1328125,55.9106696091021,20.5462251110963,8.884414,0,0,0,40,4449,299.8966,-43667.80078125,,,,,,,,,,,,,0,,,,32.23664955,,,,,,300.0144348,,,,
,26459882.96,300.0143738,-43563.392578125,-8.61632411297519,0.00215044031689697,1,0.999253354069792,40.0298881530762,2.00102751230119,14.9299995973706,-47.0913031267301,-8.67635410987506,250,0.00966127470939021,-8.61462658299448,-0.026294547330156,300.0138855,300.0148621,-43608.1328125,-43518.65234375,55.659766854429,20.5477363906488,8.512546,0,0,0,40,4449,299.89585,-43563.392578125,,,,,,,,,,,,,0,,,,32.3968449,,,,,,300.0143738,,,,
,26459884.04,300.01524355,-43458.8984375,-8.61537658986775,0.00188096205223422,1,0.999253354069792,40.0298881530762,2.00107991668066,14.919999986887,-47.0884999530265,-8.66928230028018,250,0.0108208245731645,-8.613683757458,-0.0251318623793302,300.0148621,300.015625,-43518.65234375,-43399.14453125,57.3449579418907,20.5425975574716,9.256284,0,0,0,40,4449,299.89675,-43458.8984375,,,,,,,,,,,,,0,,,,32.2350121,,,,,,300.01524355,,,,
,26459885.245,300.0148926,-43339.34765625,-8.61466054755011,0.00187894100987487,1,0.999253354069792,40.0298881530762,2.00116711118497,14.9299995973706,-47.0867292065896,-8.66815871993493,250,0.0109620168976108,-8.61296846907938,-0.0249886665051726,300.0141602,300.015625,-43399.14453125,-43279.55078125,56.8611298884868,20.5445615555773,9.256284,0,0,0,40,4449,299.89575,-43339.34765625,,,,,,,,,,,,,0,,,,32.07481675,,,,,,300.0148926,,,,
,26459886.37,300.01394655,-43224.8046875,-8.61291141400931,0.00208182282913029,1,0.999253354069792,40.0298881530762,2.00108174130159,14.9299995973706,-47.0751329222937,-8.66646677697618,250,0.0108823585345557,-8.61121956783417,-0.0250619385681516,300.0137329,300.0141602,-43279.55078125,-43170.05859375,57.474708276083,20.5502837673618,8.512546,0,0,0,40,4449,299.8947,-43224.8046875,,,,,,,,,,,,,0,,,,31.9146214,,,,,,300.01394655,,,,
,26459887.5,300.014328,-43110.279296875,-8.61540952401485,0.00184437465192286,1,0.999253354069792,40.0298881530762,2.00107916331014,14.9299995973706,-47.0896482415697,-8.66399788358464,250,0.0117961334451799,-8.6137207877386,-0.0241595943827914,300.0137329,300.0149231,-43170.05859375,-43050.5,56.2975757261213,20.5465860709326,8.512546,0,0,0,40,4449,299.8944,-43110.279296875,,,,,,,,,,,,,0,,,,32.07481675,,,,,,300.014328,,,,
,26459888.66,300.01394655,-42995.6953125,-8.6151702641798,0.00205270294418371,1,0.999253354069792,40.0298881530762,2.00092870955988,14.919999986887,-47.0866696336089,-8.65352286434255,250,0.0135536494467949,-8.61348894012762,-0.0224023977470413,300.01297,300.0149231,-43050.5,-42940.890625,56.9830639374868,20.5462669413846,8.884414,0,0,0,40,4449,299.8931,-42995.6953125,,,,,,,,,,,,,0,,,,32.2350121,,,,,,300.01394655,,,,
,26459889.715,300.01297,-42890.71875,-8.61111852629193,0.00185236135785253,1,0.999253354069792,40.0298881530762,2.00109309202029,14.919999986887,-47.0652005349401,-8.66683462830566,250,0.0104938710669512,-8.6094254962358,-0.025445322291115,300.01297,300.01297,-42940.890625,-42840.546875,56.4273260603137,20.5470763088617,8.512546,0,0,0,40,4449,299.8934,-42890.71875,,,,,,,,,,,,,0,,,,32.07481675,,,,,,300.01297,,,,
,26459890.865,300.01397705,-42775.68359375,-8.60705167531433,0.00207018636688782,1,0.999253354069792,40.0298881530762,2.00106803535501,14.919999986887,-47.0415542249219,-8.66717683371981,250,0.00965876804932163,-8.60535556806399,-0.0262642549943541,300.01297,300.0149841,-42840.546875,-42710.8203125,56.4124751184483,20.546747413606,9.256284,0,0,0,40,4449,299.89205,-42775.68359375,,,,,,,,,,,,,0,,,,31.75598815,,,,,,300.01397705,,,,
,26459892.1,300.0153198,-42651.005859375,-8.60352074901877,0.00216546355049261,1,0.999253354069792,40.0298881530762,2.00138527071263,14.9299995973706,-47.0310271131706,-8.6568259571426,250,0.0111442259942326,-8.60183101486938,-0.0247655432806198,300.0149841,300.0156555,-42710.8203125,-42591.19140625,56.5805252500829,20.5518991369197,9.256284,0,0,0,40,4449,299.88965,-42651.005859375,,,,,,,,,,,,,0,,,,31.9161835,,,,,,300.0153198,,,,
,26459893.155,300.01589965,-42546.30859375,-8.60443420961545,0.00216922923408659,1,0.999253354069792,40.0298881530762,2.00112826353362,14.919999986887,-47.0311984349699,-8.65090820014943,250,0.0121990296071823,-8.6027484304941,-0.0237155943243695,300.0156555,300.0161438,-42591.19140625,-42501.42578125,56.8533136032945,20.5508907132921,8.884414,0,0,0,40,4449,299.8888,-42546.30859375,,,,,,,,,,,,,0,,,,32.07481675,,,,,,300.01589965,,,,
,26459894.195,300.0144806,-42446.61328125,-8.60219638445028,0.00249777496215643,1,0.999253354069792,40.0298881530762,2.00096641968933,14.9299995973706,-47.0139973861045,-8.65479938777435,250,0.0109477547852771,-8.60050623619809,-0.0249577848164391,300.0128174,300.0161438,-42501.42578125,-42391.80078125,56.3905895199098,20.5497700604117,9.256284,0,0,0,40,4449,299.89,-42446.61328125,,,,,,,,,,,,,0,,,,32.07481675,,,,,,300.0144806,,,,
,26459895.385,300.0137787,-42326.953125,-8.60233804439643,0.00231946233323229,1,0.999253354069792,40.0298881530762,2.00094293072387,14.919999986887,-47.0120958974452,-8.6663777559761,250,0.00883765643803015,-8.60063921030502,-0.0270688107886048,300.0128174,300.01474,-42391.80078125,-42262.10546875,56.0537076281213,20.5436573577602,8.884414,0,0,0,40,4449,299.89035,-42326.953125,,,,,,,,,,,,,0,,,,32.2350121,,,,,,300.0137787,,,,
,26459896.495,300.01480105,-42212.21875,-8.60767738890551,0.00151001871914816,1,0.999253354069792,40.0298881530762,2.00094293072387,14.9299995973706,-47.0446173003926,-8.65372081129324,250,0.0121448662312444,-8.60599087002842,-0.0237854642188162,300.01474,300.0148621,-42262.10546875,-42162.33203125,56.5828701356406,20.5436573577602,9.256284,0,0,0,40,4449,299.8894,-42212.21875,,,,,,,,,,,,,0,,,,32.07481675,,,,,,300.01480105,,,,
,26459897.515,300.01435855,-42107.55859375,-8.59995221563492,0.00213774848054312,1,0.999253354069792,40.0298881530762,2.00116035487112,14.919999986887,-47.0054207729767,-8.65740714087944,250,0.0102065966836352,-8.59825922218399,-0.0256919757616047,300.013855,300.0148621,-42162.33203125,-42052.78515625,56.401532319179,20.5488203179384,9.256284,0,0,0,40,4449,299.8882,-42107.55859375,,,,,,,,,,,,,0,,,,32.07481675,,,,,,300.01435855,,,,
,26459899.48,300.0155029,-41918.109375,-8.59998582667332,0.00213994624022984,1,0.999253354069792,40.0298881530762,2.00093554124751,14.919999986887,-47.0035778611583,-8.63964720850579,250,0.0132910718320839,-8.59830519911848,-0.0226097266671973,300.0155029,300.0155029,-41923.0859375,-41913.1328125,55.8309435001405,20.5448630625052,9.256284,0,0,0,40,4449,299.8869,-41918.109375,,,,,,,,,,,,,0,,,,32.2350121,,,,,,300.0155029,,,,
,26459900.12,300.0152893,-41853.25390625,-8.60421348320928,0.00130637120720975,1,0.999253354069792,40.0298881530762,2.00100687662673,14.919999986887,-47.0269696687737,-8.6514702755734,250,0.0119665412442526,-8.60252649997154,-0.0239520687054411,300.0150757,300.0155029,-41913.1328125,-41793.375,56.364014150256,20.5557571761456,8.512546,0,0,0,40,4449,299.88695,-41853.25390625,,,,,,,,,,,,,0,,,,32.2350121,,,,,,300.0152893,,,,
,26459901.205,300.0149994,-41743.533203125,-8.60039495028714,0.00194443025213122,1,0.999253354069792,40.0298881530762,2.00072019681128,14.919999986887,-46.9998014738212,-8.64498678269723,250,0.0122248735198682,-8.59870983887796,-0.0236785765839192,300.0149231,300.0150757,-41793.375,-41693.69140625,55.883312610929,20.5512576592332,9.256284,0,0,0,40,4449,299.88705,-41743.533203125,,,,,,,,,,,,,0,,,,32.2350121,,,,,,300.0149994,,,,
,26459902.305,300.01464845,-41633.845703125,-8.59707677756989,0.00228798845019889,1,0.999253354069792,40.0298881530762,2.00072996240783,14.9299995973706,-46.9811082199468,-8.64591975744793,250,0.0114471238317449,-8.59538913471638,-0.0244430096340566,300.0143738,300.0149231,-41693.69140625,-41574,55.666801511102,20.5495431673896,9.256284,0,0,0,40,4449,299.8874,-41633.845703125,,,,,,,,,,,,,0,,,,32.3968449,,,,,,300.01464845,,,,
,26459903.5,300.0139618,-41514.064453125,-8.59420484198223,0.0025701400277447,1,0.999253354069792,40.0298881530762,2.0009712132576,14.919999986887,-46.9703158366978,-8.64738399426242,250,0.0108335155808734,-8.5925153544896,-0.0250453490998281,300.0135498,300.0143738,-41574,-41454.12890625,55.9771080332367,20.5466546763002,9.256284,0,0,0,40,4449,299.88715,-41514.064453125,,,,,,,,,,,,,0,,,,32.3968449,,,,,,300.0139618,,,,
,26459904.68,300.01367185,-41399.26953125,-8.59664526819305,0.00175644251809938,1,0.999253354069792,40.0298881530762,2.0006930437687,14.919999986887,-46.9798719948188,-8.63472681931646,250,0.013389105039619,-8.59496596869251,-0.0225013008096979,300.0135498,300.0137939,-41454.12890625,-41344.41015625,56.1217093092944,20.549698878979,9.256284,0,0,0,40,4449,299.8867,-41399.26953125,,,,,,,,,,,,,0,,,,32.2350121,,,,,,300.01367185,,,,
,26459905.845,300.01377865,-41284.634765625,-8.58959983766073,0.00187293713566863,1,0.999253354069792,40.0298881530762,2.00129603867194,14.919999986887,-46.9518613819507,-8.64796895083848,250,0.0101246685827723,-8.5879082222501,-0.0257364664192781,300.0137634,300.0137939,-41344.41015625,-41224.859375,56.0521443710829,20.5480111271996,8.884414,0,0,0,40,4449,299.8865,-41284.634765625,,,,,,,,,,,,,0,,,,32.07481675,,,,,,300.01377865,,,,
,26459907.04,300.0137634,-41164.9765625,-8.59332593100151,0.00157610920627881,1,0.999253354069792,40.0298881530762,2.00109118620492,14.919999986887,-46.969383772263,-8.64092236618869,250,0.0119480794431374,-8.59164109164457,-0.023929911425352,300.0137634,300.0137634,-41224.859375,-41105.09375,56.5187765970637,20.5460943572545,9.256284,0,0,0,40,4449,299.8856,-41164.9765625,,,,,,,,,,,,,0,,,,32.07481675,,,,,,300.0137634,,,,
,26459908.06,300.01374815,-41060.216796875,-8.58296852084022,0.00254032266083673,1,0.999253354069792,40.0298881530762,2.00118632123109,14.9299995973706,-46.9122310672556,-8.64554932324586,250,0.00925509778044671,-8.58127445769868,-0.0265799117810133,300.0137329,300.0137634,-41105.09375,-41015.33984375,55.8481393275636,20.5529521261722,9.256284,0,0,0,40,4449,299.8849,-41060.216796875,,,,,,,,,,,,,0,,,,32.07481675,,,,,,300.01374815,,,,
,26459909,300.01420595,-40965.40234375,-8.59139289529057,0.000945204016770631,1,0.999253354069792,40.0298881530762,2.00108683918439,14.919999986887,-46.9594863009743,-8.63481229711369,250,0.0127058883671052,-8.58971133251722,-0.0231656262172897,300.0137329,300.014679,-41015.33984375,-40915.46484375,55.9982120032559,20.5489422962981,9.256284,0,0,0,40,4449,299.8849,-40965.40234375,,,,,,,,,,,,,0,,,,32.07481675,,,,,,300.01420595,,,,
,26459910.15,300.01371765,-40850.5546875,-8.58879866103359,0.00164824449084273,1,0.999253354069792,40.0298881530762,2.00092775239229,14.9299995973706,-46.9415645061682,-8.63210115799741,250,0.0125993379162096,-8.58711726565311,-0.0232620192315152,300.0127563,300.014679,-40915.46484375,-40785.64453125,56.4421770021791,20.543411957731,8.512546,0,0,0,40,4449,299.88545,-40850.5546875,,,,,,,,,,,,,0,,,,32.2350121,,,,,,300.01371765,,,,
,26459911.225,300.0127563,-40740.73828125,-8.58354244181118,0.00199051982229086,1,0.999253354069792,40.0298881530762,2.00104421432954,14.919999986887,-46.9127930860616,-8.64190628104208,250,0.00992080419918599,-8.58185115695243,-0.0259188193206951,300.0127563,300.0127563,-40785.64453125,-40695.83203125,56.3577611221021,20.5508888987971,8.512546,0,0,0,40,4449,299.88535,-40740.73828125,,,,,,,,,,,,,0,,,,32.2350121,,,,,,300.0127563,,,,
,26459912.28,300.0131073,-40635.9609375,-8.58291892883369,0.00218996935349288,1,0.999253354069792,40.0298881530762,2.00099818540483,14.919999986887,-46.9102943082058,-8.6305038890236,250,0.0118572826084612,-8.58123566684038,-0.0239809366950375,300.0127563,300.0134583,-40695.83203125,-40576.08984375,55.9434980069098,20.5508835865927,8.512546,0,0,0,40,4449,299.8846,-40635.9609375,,,,,,,,,,,,,0,,,,32.07481675,,,,,,300.0131073,,,,
,26459913.53,300.0128174,-40511.26953125,-8.58597075523239,0.00170886296741456,1,0.999253354069792,40.0298881530762,2.00103613167704,14.919999986887,-46.9279645451611,-8.63306978651667,250,0.0119834788968015,-8.58428742476629,-0.0238682533901489,300.0121765,300.0134583,-40576.08984375,-40446.44921875,55.588638659179,20.5483948018204,9.256284,0,0,0,40,4449,299.88525,-40511.26953125,,,,,,,,,,,,,0,,,,32.07481675,,,,,,300.0128174,,,,
,26459914.685,300.01271055,-40396.587890625,-8.57841983199886,0.00237630363523079,1,0.999253354069792,40.0298881530762,2.00089523745615,14.9299995973706,-46.8822207901899,-8.63165440995502,250,0.0107347579994913,-8.57673278129117,-0.0250858715776558,300.0121765,300.0132446,-40446.44921875,-40346.7265625,56.4898563418521,20.5509552360175,9.256284,0,0,0,40,4449,299.8859,-40396.587890625,,,,,,,,,,,,,0,,,,32.2350121,,,,,,300.01271055,,,,
,26459915.78,300.0132446,-40291.88671875,-8.57855978454739,0.00193641351288113,1,0.999253354069792,40.0298881530762,2.00125130554818,14.9299995973706,-46.891737630488,-8.62994094180169,250,0.0113490443727741,-8.5768750186714,-0.0244731627641559,300.0132446,300.0132446,-40346.7265625,-40237.046875,56.8744175733137,20.5458195283147,8.512546,0,0,0,40,4449,299.8847,-40291.88671875,,,,,,,,,,,,,0,,,,32.07481675,,,,,,300.0132446,,,,
,26459917.025,300.0126953,-40167.087890625,-8.57658616059057,0.00230062323734059,1,0.999253354069792,40.0298881530762,2.00098921089154,14.9299995973706,-46.8743152348329,-8.63036148415082,250,0.0107054573868666,-8.57489919383941,-0.0251092776205645,300.012146,300.0132446,-40237.046875,-40097.12890625,55.7785743893521,20.5519969949977,8.884414,0,0,0,40,4449,299.88425,-40167.087890625,,,,,,,,,,,,,0,,,,32.07481675,,,,,,300.0126953,,,,
,26459918.195,300.0120392,-40047.18359375,-8.57862950906931,0.0018814768997096,1,0.999253354069792,40.0298881530762,2.00081511821154,14.919999986887,-46.8823412657858,-8.62718924982908,250,0.0115318308408272,-8.57694570735342,-0.0242924480068054,300.0119324,300.012146,-40097.12890625,-39997.23828125,56.1217093092944,20.5502422461439,9.256284,0,0,0,40,4449,299.88395,-40047.18359375,,,,,,,,,,,,,0,,,,32.2350121,,,,,,300.0120392,,,,
,26459919.21,300.01217655,-39947.32421875,-8.57925721445966,0.0018273657146208,1,0.999253354069792,40.0298881530762,2.00080952788253,14.9299995973706,-46.8864834972223,-8.62326598339957,250,0.0123626293638718,-8.57757664816352,-0.0234651058585328,300.0119324,300.0124207,-39997.23828125,-39897.41015625,55.6113058862366,20.5490663693803,9.256284,0,0,0,40,4449,299.88395,-39947.32421875,,,,,,,,,,,,,0,,,,32.07481675,,,,,,300.01217655,,,,
,26459920.33,300.01246645,-39837.501953125,-8.57520905918701,0.00201817803475481,1,0.999253354069792,40.0298881530762,2.00087593072189,14.919999986887,-46.8646881470219,-8.62587763270985,250,0.0111857548559039,-8.57352424227074,-0.0246254874604403,300.0124207,300.0125122,-39897.41015625,-39777.59375,56.0888809114867,20.5522908210697,9.256284,0,0,0,40,4449,299.88455,-39837.501953125,,,,,,,,,,,,,0,,,,31.9146214,,,,,,300.01246645,,,,
,26459921.315,300.01193235,-39737.697265625,-8.57680745193162,0.00173434614032981,1,0.999253354069792,40.0298881530762,2.00084799259192,14.9299995973706,-46.8742864334171,-8.61927636271629,250,0.0126696649754785,-8.57512859889196,-0.0231493801437952,300.0113525,300.0125122,-39777.59375,-39697.80078125,55.4627964675828,20.5479881526696,8.512546,0,0,0,40,4449,299.8834,-39737.697265625,,,,,,,,,,,,,0,,,,31.9146214,,,,,,300.01193235,,,,
,26459922.29,300.01170345,-39637.39453125,-8.56726197678054,0.00245418860854967,1,0.999253354069792,40.0298881530762,2.00110286229948,14.9299995973706,-46.8261434029638,-8.62039701796667,250,0.0108913755107733,-8.56557762476783,-0.02488820907867,300.0113525,300.0120544,-39697.80078125,-39576.98828125,57.044812590506,20.5511870666977,9.256284,0,0,0,40,4449,299.88275,-39637.39453125,,,,,,,,,,,,,0,,,,32.07481675,,,,,,300.01170345,,,,
,26459923.43,300.011734,-39522.017578125,-8.56594796334124,0.00225965278128516,1,0.999253354069792,40.0298881530762,2.00135426705922,14.919999986887,-46.8242952136769,-8.62228281957401,250,0.0104962607329775,-8.5642621757408,-0.0252781885086402,300.0114136,300.0120544,-39576.98828125,-39467.046875,56.5375356815252,20.5458464171689,8.512546,0,0,0,40,4449,299.88515,-39522.017578125,,,,,,,,,,,,,0,,,,32.07481675,,,,,,300.011734,,,,
,26459924.57,300.0112305,-39407.14453125,-8.56171180318516,0.00275035774655997,1,0.999253354069792,40.0298881530762,2.00147704877045,14.919999986887,-46.802750995431,-8.62493694419398,250,0.00932014334052651,-8.56002206392553,-0.0264369463685962,300.0110474,300.0114136,-39467.046875,-39347.2421875,56.485948199256,20.55221885633,9.256284,0,0,0,40,4449,299.88655,-39407.14453125,,,,,,,,,,,,,0,,,,32.07481675,,,,,,300.0112305,,,,
,26459925.755,300.0102234,-39292.25,-8.55768506500348,0.00234185994522422,1,0.999253354069792,40.0298881530762,2.00134875693593,14.919999986887,-46.7786576554326,-8.61580963521731,250,0.0101460988874202,-8.55599981138527,-0.0255953304104007,300.0093994,300.0110474,-39347.2421875,-39237.2578125,55.9638203484098,20.5520468530465,9.256284,0,0,0,40,4449,299.88495,-39292.25,,,,,,,,,,,,,0,,,,32.2350121,,,,,,300.0102234,,,,
,26459926.92,300.0096283,-39177.265625,-8.5616723546054,0.00203213731410522,1,0.999253354069792,40.0298881530762,2.00137416686234,14.919999986887,-46.8017880121323,-8.61585923162877,250,0.0108965492635215,-8.55998954966933,-0.0248623994955781,300.0093994,300.0098572,-39237.2578125,-39117.2734375,56.5719273363714,20.5491554145011,8.512546,0,0,0,40,4449,299.8853,-39177.265625,,,,,,,,,,,,,0,,,,32.2350121,,,,,,300.0096283,,,,
,26459927.92,300.0102234,-39077.318359375,-8.56035571916684,0.00213382012120407,1,0.999253354069792,40.0298881530762,2.00123809216473,14.919999986887,-46.7919437957808,-8.61150630999011,250,0.0113450689978683,-8.55867480609394,-0.0244090929495081,300.0098572,300.0105896,-39117.2734375,-39037.36328125,55.9294286935636,20.5526570057625,8.512546,0,0,0,40,4449,299.8856,-39077.318359375,,,,,,,,,,,,,0,,,,32.2350121,,,,,,300.0102234,,,,
,26459928.96,300.0106201,-38972.451171875,-8.56659941827137,0.00156479755262101,1,0.999253354069792,40.0298881530762,2.00106636236056,14.919999986887,-46.8218696059332,-8.6186054808481,250,0.0110723949118467,-8.56491591137006,-0.0247085130597416,300.0105896,300.0106506,-39037.36328125,-38907.5390625,56.0013385173328,20.5443632280738,8.884414,0,0,0,40,4449,299.8854,-38972.451171875,,,,,,,,,,,,,0,,,,32.2350121,,,,,,300.0106201,,,,
,26459930.195,300.0093536,-38847.689453125,-8.56697896893487,0.00131168940877886,1,0.999253354069792,40.0298881530762,2.00077937584567,14.919999986887,-46.8193647948265,-8.60718767271273,250,0.0130128974058831,-8.56530381636919,-0.0227707611862721,300.0080566,300.0106506,-38907.5390625,-38787.83984375,56.2412984727367,20.5464807703855,9.256284,0,0,0,40,4449,299.8858,-38847.689453125,,,,,,,,,,,,,0,,,,32.07481675,,,,,,300.0093536,,,,
,26459931.25,300.00860595,-38742.95703125,-8.55813211093822,0.00236802514934463,1,0.999253354069792,40.0298881530762,2.00093879455513,14.9299995973706,-46.7740797872757,-8.60203836842222,250,0.0124380932100204,-8.55645651265861,-0.0233092015627596,300.0080566,300.0091553,-38787.83984375,-38698.07421875,56.1115481385444,20.549614560863,8.512546,0,0,0,40,4449,299.88575,-38742.95703125,,,,,,,,,,,,,0,,,,31.9146214,,,,,,300.00860595,,,,
,26459932.3,300.0091553,-38638.169921875,-8.5584057828252,0.00184649484186315,1,0.999253354069792,40.0298881530762,2.00112954687865,14.9299995973706,-46.7779032409494,-8.61399383979256,250,0.0104477100771931,-8.55672159584772,-0.0253008166249402,300.0091553,300.0091553,-38698.07421875,-38578.265625,56.0810646262944,20.5509790018929,9.256284,0,0,0,40,4449,299.8872,-38638.169921875,,,,,,,,,,,,,0,,,,31.9146214,,,,,,300.0091553,,,,
,26459933.54,300.0094757,-38513.37890625,-8.55779881987961,0.00169082635323847,1,0.999253354069792,40.0298881530762,2.00096780759528,14.919999986887,-46.7715750220841,-8.60906329243427,250,0.0111139881176218,-8.5561173724255,-0.0246328170274756,300.0091553,300.0097961,-38578.265625,-38448.4921875,56.516431711506,20.5468807848267,8.512546,0,0,0,40,4449,299.88825,-38513.37890625,,,,,,,,,,,,,0,,,,31.75598815,,,,,,300.0094757,,,,
,26459934.67,300.00975035,-38398.560546875,-8.55052088474484,0.0023109793335804,1,0.999253354069792,40.0298881530762,2.00109903495051,14.9299995973706,-46.7327369982884,-8.61333606077464,250,0.00908411287935775,-8.54883226839224,-0.0266326498563275,300.0097046,300.0097961,-38448.4921875,-38348.62890625,56.6008475915829,20.5530143112359,9.256284,0,0,0,40,4449,299.8882,-38398.560546875,,,,,,,,,,,,,0,,,,32.0780163,,,,,,300.00975035,,,,
,26459935.805,300.00923155,-38288.74609375,-8.55531997817777,0.00162128260104334,1,0.999253354069792,40.0298881530762,2.00094468879007,14.919999986887,-46.7586252444313,-8.60040557338625,250,0.012222575172711,-8.553643601637,-0.0235155375381658,300.0087585,300.0097046,-38348.62890625,-38228.86328125,56.6031924771406,20.5497827768336,9.256284,0,0,0,40,4449,299.8886,-38288.74609375,,,,,,,,,,,,,0,,,,32.3968449,,,,,,300.00923155,,,,
,26459936.945,300.0084686,-38178.861328125,-8.55549016021143,0.00148069607870093,1,0.999253354069792,40.0298881530762,2.00078453920136,14.919999986887,-46.756373489157,-8.59739737567849,250,0.0126828000697464,-8.55381583106144,-0.0230569697971321,300.0081787,300.0087585,-38228.86328125,-38128.859375,56.5586396515444,20.5490538961727,8.512546,0,0,0,40,4449,299.8877,-38178.861328125,,,,,,,,,,,,,0,,,,32.07481675,,,,,,300.0084686,,,,
,26459937.89,300.0081787,-38083.9375,-8.55284935617618,0.00181910637107801,1,0.999253354069792,40.0298881530762,2.00087590356438,14.9299995973706,-46.7439981122672,-8.59525413905645,250,0.0126563418615544,-8.55117545796481,-0.0230732644491978,300.0081787,300.0081787,-38128.859375,-38039.015625,56.2874145553713,20.5468136421067,8.512546,0,0,0,40,4449,299.88595,-38083.9375,,,,,,,,,,,,,0,,,,32.07481675,,,,,,300.0081787,,,,
,26459938.955,300.008255,-37974.158203125,-8.55471964863058,0.00151561301201184,1,0.999253354069792,40.0298881530762,2.00095556168528,14.919999986887,-46.7562016594026,-8.59656128718277,250,0.012825545441313,-8.55304599519208,-0.0229125414425568,300.0081787,300.0083313,-38039.015625,-37909.30078125,56.445303516256,20.5473749296757,9.256284,0,0,0,40,4449,299.8866,-37974.158203125,,,,,,,,,,,,,0,,,,32.07481675,,,,,,300.008255,,,,
,26459940.11,300.00801085,-37859.443359375,-8.54535190110944,0.00233032589103714,1,0.999253354069792,40.0298881530762,2.00125559654632,14.919999986887,-46.7096069487498,-8.60038187583272,250,0.0106200871077075,-8.54367094361402,-0.0250790462333803,300.0076904,300.0083313,-37909.30078125,-37809.5859375,56.7743691228522,20.5498812169621,9.256284,0,0,0,40,4449,299.88755,-37859.443359375,,,,,,,,,,,,,0,,,,31.9146214,,,,,,300.00801085,,,,
,26459941.04,300.0081787,-37769.642578125,-8.54390521312097,0.00220209714418821,1,0.999253354069792,40.0298881530762,2.00138297840813,14.9299995973706,-46.7045025276172,-8.59996351134441,250,0.0105266464066594,-8.54222404466188,-0.0251670512919123,300.0076904,300.008667,-37809.5859375,-37729.69921875,55.9677284910059,20.549011649895,8.884414,0,0,0,40,4449,299.8873,-37769.642578125,,,,,,,,,,,,,0,,,,31.75598815,,,,,,300.0081787,,,,
,26459941.98,300.00801085,-37674.716796875,-8.54971857315128,0.00183697051532535,1,0.999253354069792,40.0298881530762,2.00090809803876,14.9299995973706,-46.7273630863102,-8.59362421060955,250,0.0124013028170352,-8.54804405742366,-0.0233176630432634,300.0073547,300.008667,-37729.69921875,-37619.734375,56.0208792303136,20.5482908352636,8.884414,0,0,0,40,4449,299.88745,-37674.716796875,,,,,,,,,,,,,0,,,,31.75598815,,,,,,300.00801085,,,,
,26459942.885,300.0073547,-37584.796875,-8.54940118120904,0.00161279971308902,1,0.999253354069792,40.0298881530762,2.00066868874038,14.919999986887,-46.7206356603806,-8.58984441530762,250,0.0128516417593894,-8.54772874587457,-0.0228668432271846,300.0073547,300.0073547,-37619.734375,-37549.859375,56.1006053392752,20.5457857833596,9.256284,0,0,0,40,4449,299.8863,-37584.796875,,,,,,,,,,,,,0,,,,32.07481675,,,,,,300.0073547,,,,
,26459943.885,300.00796505,-37485.0078125,-8.54977021772805,0.00175357331570764,1,0.999253354069792,40.0298881530762,2.00063431346591,14.9299995973706,-46.7231476948689,-8.58317169229382,250,0.0141157790595881,-8.54810273076306,-0.0216051944838377,300.0073547,300.0085754,-37549.859375,-37420.15625,55.974763147679,20.5491316888537,9.256284,0,0,0,40,4449,299.88605,-37485.0078125,,,,,,,,,,,,,0,,,,32.07481675,,,,,,300.00796505,,,,
,26459944.985,300.00798035,-37370.275390625,-8.54658889061351,0.0015280276379189,1,0.999253354069792,40.0298881530762,2.00095207031824,14.9299995973706,-46.7129640691554,-8.58145938184092,250,0.0140831750650064,-8.54492183924717,-0.0216251930716611,300.0073853,300.0085754,-37420.15625,-37320.39453125,55.8332883856982,20.546699731816,9.256284,0,0,0,40,4449,299.8865,-37370.275390625,,,,,,,,,,,,,0,,,,32.07481675,,,,,,300.00798035,,,,
,26459945.95,300.00747685,-37275.40625,-8.5421056975613,0.00203366594358296,1,0.999253354069792,40.0298881530762,2.00113211501437,14.919999986887,-46.6894494487163,-8.59446352213988,250,0.0110105116080006,-8.5404268190755,-0.0246790742409306,300.0073853,300.0075684,-37320.39453125,-37230.41796875,55.9731998906405,20.5536543290351,9.256284,0,0,0,40,4449,299.8869,-37275.40625,,,,,,,,,,,,,0,,,,32.3968449,,,,,,300.00747685,,,,
,26459947.03,300.00794985,-37170.57421875,-8.54113524722918,0.00213975115451375,1,0.999253354069792,40.0298881530762,2.00097717946031,14.919999986887,-46.6810753960722,-8.59038753572204,250,0.0114584277711833,-8.53945822742451,-0.0242278191985151,300.0075684,300.0083313,-37230.41796875,-37110.73046875,56.0122813166021,20.5476550808342,8.884414,0,0,0,40,4449,299.88735,-37170.57421875,,,,,,,,,,,,,0,,,,32.23664955,,,,,,300.00794985,,,,
,26459948.1,300.0082245,-37060.705078125,-8.53503051896489,0.00261338433821784,1,0.999253354069792,40.0298881530762,2.00093535277622,14.9299995973706,-46.646019760377,-8.58806016508873,250,0.0107211575941235,-8.53335149655505,-0.0249401560041239,300.0081177,300.0083313,-37110.73046875,-37010.6796875,55.7121359652174,20.5471634961621,9.256284,0,0,0,40,4449,299.88735,-37060.705078125,,,,,,,,,,,,,0,,,,32.07481675,,,,,,300.0082245,,,,
,26459949.21,300.0072327,-36950.810546875,-8.53861129942639,0.00173084294712896,1,0.999253354069792,40.0298881530762,2.00064808178676,14.9299995973706,-46.6603582845098,-8.58346265208425,250,0.0120072740334229,-8.53693718263199,-0.0236698553051304,300.0063477,300.0081177,-37010.6796875,-36890.94140625,56.5383173100444,20.5481799437513,8.884414,0,0,0,40,4449,299.88825,-36950.810546875,,,,,,,,,,,,,0,,,,32.07481675,,,,,,300.0072327,,,,
,26459950.47,300.00631715,-36826.080078125,-8.53706381565507,0.00151653834999894,1,0.999253354069792,40.0298881530762,2.00097799462397,14.919999986887,-46.6570957126418,-8.59572309886177,250,0.00972981863850972,-8.53538071202807,-0.0259411405872041,300.0062866,300.0063477,-36890.94140625,-36761.21875,56.0427648288521,20.5478632296043,9.256284,0,0,0,40,4449,299.8887,-36826.080078125,,,,,,,,,,,,,0,,,,32.23664955,,,,,,300.00631715,,,,
,26459951.68,300.00660705,-36706.2734375,-8.53815472122971,0.00178213612517379,1,0.999253354069792,40.0298881530762,2.00089867979796,14.9299995973706,-46.662155617466,-8.59162580747847,250,0.0106221934399403,-8.53647493552528,-0.0250545404745932,300.0062866,300.0069275,-36761.21875,-36651.328125,55.7129175937367,20.5524239062679,8.884414,0,0,0,40,4449,299.8869,-36706.2734375,,,,,,,,,,,,,0,,,,32.23664955,,,,,,300.00660705,,,,
,26459952.78,300.00709535,-36596.365234375,-8.53175855059523,0.00226641653010323,1,0.999253354069792,40.0298881530762,2.00087739023844,14.9299995973706,-46.6276284884978,-8.58017296162052,250,0.0115168134615111,-8.53008356829708,-0.0241341367906889,300.0069275,300.0072632,-36651.328125,-36541.40234375,55.8254721005059,20.5479970607361,8.512546,0,0,0,40,4449,299.8866,-36596.365234375,,,,,,,,,,,,,0,,,,31.75598815,,,,,,300.00709535,,,,
,26459953.905,300.00727845,-36481.49609375,-8.53492546666184,0.00166615781581431,1,0.999253354069792,40.0298881530762,2.00085223109258,14.9299995973706,-46.6445417026331,-8.58229396316264,250,0.0116971216332336,-8.53325048424309,-0.0239676875939719,300.0072632,300.0072937,-36541.40234375,-36421.58984375,56.8392442899483,20.5460068690055,9.256284,0,0,0,40,4449,299.88775,-36481.49609375,,,,,,,,,,,,,0,,,,31.9161835,,,,,,300.00727845,,,,
,26459955.115,300.0074005,-36361.427734375,-8.53404443427026,0.00180141556519973,1,0.999253354069792,40.0298881530762,2.00070292526149,14.919999986887,-46.6365561360698,-8.57958459671396,250,0.0119162408339394,-8.5323704274691,-0.0237457649381976,300.0072937,300.0075073,-36421.58984375,-36301.265625,55.2752056229674,20.5507649528318,9.256284,0,0,0,40,4449,299.8874,-36361.427734375,,,,,,,,,,,,,0,,,,32.2350121,,,,,,300.0074005,,,,
,26459956.155,300.00746155,-36256.23828125,-8.52802620399546,0.00226204546269257,1,0.999253354069792,40.0298881530762,2.00073104422055,14.919999986887,-46.604665449732,-8.57171295186188,250,0.0122631832922093,-8.52635479588855,-0.0233742429808565,300.0074158,300.0075073,-36301.265625,-36211.2109375,56.5609845371021,20.5454336907068,9.256284,0,0,0,40,4449,299.88875,-36256.23828125,,,,,,,,,,,,,0,,,,32.07481675,,,,,,300.00746155,,,,
,26459957.19,300.00717165,-36151.263671875,-8.52716905915495,0.00179201255316004,1,0.999253354069792,40.0298881530762,2.0013070434752,14.9299995973706,-46.6108649546912,-8.58508414644679,250,0.0100983712985633,-8.52548880404691,-0.0255357210451047,300.0069275,300.0074158,-36211.2109375,-36091.31640625,56.2131598460444,20.5505919890404,9.256284,0,0,0,40,4449,299.88875,-36151.263671875,,,,,,,,,,,,,0,,,,32.07481675,,,,,,300.00717165,,,,
,26459958.235,300.00698855,-36046.345703125,-8.52768573676597,0.00215403719852051,1,0.999253354069792,40.0298881530762,2.00083987039547,14.919999986887,-46.6046188868607,-8.57536756436496,250,0.0116158505465552,-8.52601169791916,-0.0240215244556094,300.0069275,300.0070496,-36091.31640625,-36001.375,56.7642079521022,20.5437881679503,8.512546,0,0,0,40,4449,299.8878,-36046.345703125,,,,,,,,,,,,,0,,,,32.07481675,,,,,,300.00698855,,,,
,26459959.275,300.0063782,-35941.470703125,-8.52143709786422,0.00213146278596014,1,0.999253354069792,40.0298881530762,2.00116974321504,14.919999986887,-46.5756026532707,-8.58314304510689,250,0.00928710360260776,-8.51975473376075,-0.0263241912336425,300.0057068,300.0070496,-36001.375,-35881.56640625,56.6516534453329,20.549197054826,9.256284,0,0,0,40,4449,299.8891,-35941.470703125,,,,,,,,,,,,,0,,,,32.07481675,,,,,,300.0063782,,,,
,26459960.495,300.0057831,-35821.59375,-8.5249687951439,0.00181672746436281,1,0.999253354069792,40.0298881530762,2.00067066827415,14.9299995973706,-46.586118117083,-8.57092371808727,250,0.0117974117025079,-8.52329632435347,-0.0238298874375093,300.0057068,300.0058594,-35881.56640625,-35761.62109375,55.9786712902751,20.5532022605498,9.256284,0,0,0,40,4449,299.8894,-35821.59375,,,,,,,,,,,,,0,,,,32.2350121,,,,,,300.0057831,,,,
,26459961.655,300.006012,-35706.69140625,-8.52522153445882,0.00190055386902693,1,0.999253354069792,40.0298881530762,2.00064539760266,14.919999986887,-46.5892493974742,-8.55853514690382,250,0.0140933545428087,-8.5235584607469,-0.0215362468987993,300.0058594,300.0061646,-35761.62109375,-35651.76171875,55.6456975410828,20.5409607637409,8.512546,0,0,0,40,4449,299.88915,-35706.69140625,,,,,,,,,,,,,0,,,,32.2350121,,,,,,300.006012,,,,
,26459962.765,300.0069733,-35596.869140625,-8.52387705683083,0.00169421663358829,1,0.999253354069792,40.0298881530762,2.00071408095787,14.919999986887,-46.5819986084228,-8.56534675809392,250,0.0126502817433061,-8.52220786202296,-0.0229740389643171,300.0061646,300.007782,-35651.76171875,-35541.9765625,56.4163832610444,20.5473183438088,9.256284,0,0,0,40,4449,299.88975,-35596.869140625,,,,,,,,,,,,,0,,,,32.2350121,,,,,,300.0069733,,,,
,26459963.875,300.00709535,-35487.115234375,-8.51460506749981,0.00231441093693796,1,0.999253354069792,40.0298881530762,2.00101908536432,14.919999986887,-46.5347867634976,-8.57593602214931,250,0.00922679536683686,-8.51292333581449,-0.0263587628543984,300.0064087,300.007782,-35541.9765625,-35432.25390625,55.8989451813136,20.5548714796984,8.884414,0,0,0,40,4449,299.89,-35487.115234375,,,,,,,,,,,,,0,,,,31.9161835,,,,,,300.00709535,,,,
,26459965.025,300.0058899,-35372.373046875,-8.51070134985556,0.00247108721389341,1,0.999253354069792,40.0298881530762,2.00111125319484,14.919999986887,-46.5173535579943,-8.56261752356804,250,0.0110115663466028,-8.50902817280694,-0.0245587833743816,300.0053711,300.0064087,-35432.25390625,-35312.4921875,56.4836033136983,20.5517112108965,8.512546,0,0,0,40,4449,299.89,-35372.373046875,,,,,,,,,,,,,0,,,,31.9161835,,,,,,300.0058899,,,,
,26459966.105,300.00564575,-35262.560546875,-8.51401893014296,0.00233705671241968,1,0.999253354069792,40.0298881530762,2.00097985898646,14.919999986887,-46.532393641072,-8.56602579107544,250,0.0109034720308726,-8.51234462780805,-0.0246815586155956,300.0053711,300.0059204,-35312.4921875,-35212.62890625,56.1944007615829,20.5451657398913,8.512546,0,0,0,40,4449,299.8891,-35262.560546875,,,,,,,,,,,,,0,,,,32.2350121,,,,,,300.00564575,,,,
,26459967.205,300.00639345,-35152.697265625,-8.51373634611096,0.00244865247394007,1,0.999253354069792,40.0298881530762,2.0011352191033,14.919999986887,-46.5371016993184,-8.55165019118814,250,0.0136012215077509,-8.51207306058868,-0.0219840170202127,300.0059204,300.0068665,-35212.62890625,-35092.765625,56.3687039213713,20.54894246802,9.256284,0,0,0,40,4449,299.88815,-35152.697265625,,,,,,,,,,,,,0,,,,32.07481675,,,,,,300.00639345,,,,
,26459968.405,300.0061188,-35032.8828125,-8.51361120978072,0.00226838523488523,1,0.999253354069792,40.0298881530762,2.00088939132945,14.919999986887,-46.5278033099084,-8.56690901702472,250,0.0105986906620403,-8.51193541410953,-0.0249861802651736,300.0053711,300.0068665,-35092.765625,-34973,56.3093001539098,20.5452179858078,9.256284,0,0,0,40,4449,299.88825,-35032.8828125,,,,,,,,,,,,,0,,,,32.07481675,,,,,,300.0061188,,,,
,26459969.43,300.0052185,-34928.017578125,-8.51025821723535,0.00198464071911045,1,0.999253354069792,40.0298881530762,2.00103755416553,14.919999986887,-46.5138319810218,-8.55878589711404,250,0.0115776923311069,-8.50858738778492,-0.0239942581394413,300.0050659,300.0053711,-34973,-34883.03515625,56.4093486043714,20.5471419773252,8.512546,0,0,0,40,4449,299.8867,-34928.017578125,,,,,,,,,,,,,0,,,,32.2350121,,,,,,300.0052185,,,,
,26459970.47,300.0056305,-34823.140625,-8.51414942339636,0.00168348777596108,1,0.999253354069792,40.0298881530762,2.0008115154596,14.9299995973706,-46.5318315323195,-8.55174432398581,250,0.0134159203728598,-8.51248531834609,-0.022173119563424,300.0050659,300.0061951,-34883.03515625,-34763.24609375,55.5057860361405,20.5492182032126,9.256284,0,0,0,40,4449,299.8883,-34823.140625,,,,,,,,,,,,,0,,,,32.2350121,,,,,,300.0056305,,,,
,26459971.665,300.006012,-34703.388671875,-8.51121527053397,0.00161624956242097,1,0.999253354069792,40.0298881530762,2.00086220989626,14.919999986887,-46.5147552865453,-8.56081008546742,250,0.0112518720885083,-8.50954253573278,-0.024325072603979,300.0058289,300.0061951,-34763.24609375,-34643.53125,56.7853119221214,20.5496091207777,8.884414,0,0,0,40,4449,299.8895,-34703.388671875,,,,,,,,,,,,,0,,,,32.2350121,,,,,,300.006012,,,,
,26459972.76,300.00569155,-34598.556640625,-8.50321876829645,0.00227276920921634,1,0.999253354069792,40.0298881530762,2.00094814482309,14.9299995973706,-46.4719071308447,-8.55901405217841,250,0.0101643845270835,-8.50154312161416,-0.0253797821735024,300.0055542,300.0058289,-34643.53125,-34553.58203125,56.2459882438521,20.5490840320837,9.256284,0,0,0,40,4449,299.88815,-34598.556640625,,,,,,,,,,,,,0,,,,32.07481675,,,,,,300.00569155,,,,
,26459974.69,300.0038147,-34403.888671875,-8.50225460107737,0.00194716418634672,1,0.999253354069792,40.0298881530762,2.0010808936964,14.9299995973706,-46.47214687308,-8.54510503272884,250,0.0126334484584697,-8.50058995808938,-0.0229082340147109,300.0038147,300.0038147,-34413.91015625,-34393.8671875,56.1209276807752,20.5493633383789,9.256284,0,0,0,40,4449,299.88965,-34403.888671875,,,,,,,,,,,,,0,,,,31.9146214,,,,,,300.0038147,,,,
,26459975.365,300.00361635,-34333.95703125,-8.49720081859355,0.00273574015339943,1,0.999253354069792,40.0298881530762,2.00114132884078,14.919999986887,-46.4441564574662,-8.54963160955345,250,0.0109146048579349,-8.4955300248953,-0.0246061188745693,300.003418,300.0038147,-34393.8671875,-34274.046875,56.2663105853521,20.5477560381942,9.256284,0,0,0,40,4449,299.8892,-34333.95703125,,,,,,,,,,,,,0,,,,32.07481675,,,,,,300.00361635,,,,
,26459976.59,300.00314335,-34214.109375,-8.49864064478993,0.0028136979853469,1,0.999253354069792,40.0298881530762,2.00101479329171,14.919999986887,-46.4499753298896,-8.54617610801689,250,0.0117183715277851,-8.49697298861338,-0.0238093674702145,300.0028687,300.003418,-34274.046875,-34154.171875,56.8908317722176,20.5445083464276,9.256284,0,0,0,40,4449,299.88875,-34214.109375,,,,,,,,,,,,,0,,,,32.07481675,,,,,,300.00314335,,,,
,26459977.725,300.003418,-34104.26171875,-8.4995423370045,0.00226624737390732,1,0.999253354069792,40.0298881530762,2.00059423263418,14.9299995973706,-46.4465245286754,-8.53919149746189,250,0.0128442226065272,-8.49787905684262,-0.0226881634152334,300.0028687,300.0039673,-34154.171875,-34054.3515625,56.1826763337944,20.5497752863979,9.256284,0,0,0,40,4449,299.88915,-34104.26171875,,,,,,,,,,,,,0,,,,32.07481675,,,,,,300.003418,,,,
,26459978.83,300.00364685,-33994.44140625,-8.49905026302337,0.0017292775262305,1,0.999253354069792,40.0298881530762,2.00090039048085,14.919999986887,-46.4499153369195,-8.54453971496794,250,0.0120080579902719,-8.49738343791909,-0.023522912452008,300.0033264,300.0039673,-34054.3515625,-33934.53125,56.3577611221021,20.5435779880944,9.256284,0,0,0,40,4449,299.8884,-33994.44140625,,,,,,,,,,,,,0,,,,32.07481675,,,,,,300.00364685,,,,
,26459979.84,300.0031738,-33889.671875,-8.49028144063003,0.00279335709362903,1,0.999253354069792,40.0298881530762,2.00127100041647,14.919999986887,-46.4092581197259,-8.54325495881192,250,0.0109003061978047,-8.48861183615325,-0.0245944987038472,300.0030212,300.0033264,-33934.53125,-33844.8125,56.475787028506,20.5519811874469,9.256284,0,0,0,40,4449,299.8881,-33889.671875,,,,,,,,,,,,,0,,,,31.9146214,,,,,,300.0031738,,,,
,26459980.79,300.0037689,-33794.8671875,-8.49650277061209,0.00200439486674643,1,0.999253354069792,40.0298881530762,2.00111514780468,14.919999986887,-46.4396279755827,-8.54946094939002,250,0.0107998763334272,-8.49483125764702,-0.024721391150515,300.0030212,300.0045166,-33844.8125,-33744.921875,56.4617177151598,20.5545946937376,9.256284,0,0,0,40,4449,299.88905,-33794.8671875,,,,,,,,,,,,,0,,,,31.9146214,,,,,,300.0037689,,,,
,26459981.93,300.00387575,-33680.056640625,-8.49531045828931,0.00180736620928661,1,0.999253354069792,40.0298881530762,2.00065486254401,14.919999986887,-46.4241120637231,-8.53873072887723,250,0.012192701474735,-8.49364491047778,-0.0233245434437926,300.0032349,300.0045166,-33744.921875,-33615.19140625,56.096697196679,20.5482019470756,8.512546,0,0,0,40,4449,299.88945,-33680.056640625,,,,,,,,,,,,,0,,,,31.9146214,,,,,,300.00387575,,,,
,26459983.05,300.00398255,-33570.263671875,-8.48955743463724,0.00232920766804782,1,0.999253354069792,40.0298881530762,2.00072062077719,14.919999986887,-46.3921938225914,-8.54382325480365,250,0.0102444912222659,-8.48788482007339,-0.0252488452297297,300.0032349,300.0047302,-33615.19140625,-33525.3359375,56.2975757261213,20.5518346286748,8.512546,0,0,0,40,4449,299.89065,-33570.263671875,,,,,,,,,,,,,0,,,,31.9146214,,,,,,300.00398255,,,,
,26459984.07,300.0041504,-33470.4140625,-8.4896249023943,0.00230142197379441,1,0.999253354069792,40.0298881530762,2.00104848356586,14.9299995973706,-46.4012926603365,-8.5381336477506,250,0.0115485441534566,-8.48795761834903,-0.0239459141054732,300.0035706,300.0047302,-33525.3359375,-33415.4921875,56.0013385173328,20.5542970200333,9.256284,0,0,0,40,4449,299.8911,-33470.4140625,,,,,,,,,,,,,0,,,,31.9146214,,,,,,300.0041504,,,,
,26459985.14,300.00332645,-33360.537109375,-8.49188808132043,0.00166964537163919,1,0.999253354069792,40.0298881530762,2.00095824275091,14.919999986887,-46.4104138241218,-8.54655712848522,250,0.0103587668161324,-8.49021553993404,-0.0251457907576985,300.0030823,300.0035706,-33415.4921875,-33305.58203125,56.4171648895637,20.5469670362977,9.256284,0,0,0,40,4449,299.88985,-33360.537109375,,,,,,,,,,,,,0,,,,31.75598815,,,,,,300.00332645,,,,
,26459986.165,300.0028229,-33260.630859375,-8.49461848289724,0.00161852408797729,1,0.999253354069792,40.0298881530762,2.00057539279206,14.919999986887,-46.4182975548367,-8.5389785129707,250,0.0119613876171905,-8.49295216603166,-0.0235557647403331,300.0025635,300.0030823,-33305.58203125,-33215.6796875,56.2975757261213,20.5543365657864,8.884414,0,0,0,40,4449,299.8883,-33260.630859375,,,,,,,,,,,,,0,,,,31.75598815,,,,,,300.0028229,,,,
,26459987.22,300.00320435,-33155.787109375,-8.49110495847179,0.00198293059342942,1,0.999253354069792,40.0298881530762,2.00094224644369,14.9299995973706,-46.4072844409161,-8.53754384141031,250,0.0118523419797701,-8.48943872425318,-0.0236506430248762,300.0025635,300.0038452,-33215.6796875,-33095.89453125,56.249114757929,20.5522897469438,9.256284,0,0,0,40,4449,299.8892,-33155.787109375,,,,,,,,,,,,,0,,,,32.07481675,,,,,,300.00320435,,,,
,26459988.305,300.00300595,-33045.685546875,-8.48713670286621,0.00196527054580706,1,0.999253354069792,40.0298881530762,2.00075598218236,14.919999986887,-46.3819160113848,-8.52993003645372,250,0.0123688500739312,-8.48547344629523,-0.0231181283722833,300.0021667,300.0038452,-33095.89453125,-32995.4765625,56.7563916669098,20.5499164368435,8.884414,0,0,0,40,4449,299.8908,-33045.685546875,,,,,,,,,,,,,0,,,,32.2350121,,,,,,300.00300595,,,,
,26459989.29,300.0016632,-32945.455078125,-8.47683752158529,0.00268552694529317,1,0.999253354069792,40.0298881530762,2.00112925526488,14.9299995973706,-46.3300919789469,-8.54251654208408,250,0.00844030127048629,-8.47516029669381,-0.0270032817709116,300.0011597,300.0021667,-32995.4765625,-32895.43359375,56.6274229612368,20.5505483606024,8.512546,0,0,0,40,4449,299.8921,-32945.455078125,,,,,,,,,,,,,0,,,,32.2350121,,,,,,300.0016632,,,,
,26459990.34,300.0016632,-32840.49609375,-8.48178357651796,0.00194273928650263,1,0.999253354069792,40.0298881530762,2.00105980560268,14.919999986887,-46.3566356017173,-8.54138935454906,250,0.00951156018204565,-8.48010975402896,-0.0259537270146411,300.0011597,300.0021667,-32895.43359375,-32785.55859375,55.5636265465636,20.5510587243034,8.512546,0,0,0,40,4449,299.8911,-32840.49609375,,,,,,,,,,,,,0,,,,32.2350121,,,,,,300.0016632,,,,
,26459991.465,300.00178525,-32730.5693359375,-8.48232911485591,0.00205580594114295,1,0.999253354069792,40.0298881530762,2.00070181623412,14.919999986887,-46.3551762591782,-8.52079736134746,250,0.0131100200742576,-8.48067011026645,-0.0223591074985739,300.0014038,300.0021667,-32785.55859375,-32675.580078125,56.2366087016213,20.5450875111958,8.884414,0,0,0,40,4449,299.89015,-32730.5693359375,,,,,,,,,,,,,0,,,,31.9161835,,,,,,300.00178525,,,,
,26459992.58,300.00134275,-32620.6396484375,-8.47668220306661,0.00257029790194109,1,0.999253354069792,40.0298881530762,2.0010305778008,14.9299995973706,-46.3284262005669,-8.53434313328448,250,0.00983410975202771,-8.47501075012243,-0.0256110616258667,300.0012817,300.0014038,-32675.580078125,-32565.69921875,56.3053920113137,20.5471731073424,8.512546,0,0,0,40,4449,299.8929,-32620.6396484375,,,,,,,,,,,,,0,,,,31.75598815,,,,,,300.00134275,,,,
,26459993.75,300.001358,-32500.765625,-8.47466484219019,0.00222981446617074,1,0.999253354069792,40.0298881530762,2.00094931921634,14.9299995973706,-46.3177342032158,-8.52028434280121,250,0.0119721224704078,-8.47300264433682,-0.0234659606804499,300.0012817,300.0014343,-32565.69921875,-32435.83203125,56.0630871703521,20.5528007424027,8.512546,0,0,0,40,4449,299.8918,-32500.765625,,,,,,,,,,,,,0,,,,32.07481675,,,,,,300.001358,,,,
,26459995,300.0016327,-32375.921875,-8.47898380054449,0.0013531993462001,1,0.999253354069792,40.0298881530762,2.00092677624408,14.9299995973706,-46.3395673420408,-8.53133839088139,250,0.0107339342544634,-8.47731534582693,-0.0247232244870327,300.0014343,300.0018311,-32435.83203125,-32316.01171875,55.9661652339675,20.5464207476989,8.884414,0,0,0,40,4449,299.8884,-32375.921875,,,,,,,,,,,,,0,,,,32.2350121,,,,,,300.0016327,,,,
,26459996.08,300.0017395,-32271.091796875,-8.47665325649463,0.00188194999152625,1,0.999253354069792,40.0298881530762,2.00074189162944,14.919999986887,-46.3232834209586,-8.52484955225624,250,0.0113495256864326,-8.47498774856441,-0.0240986915164026,300.0016479,300.0018311,-32316.01171875,-32226.171875,56.066213684429,20.5516700553893,8.512546,0,0,0,40,4449,299.8883,-32271.091796875,,,,,,,,,,,,,0,,,,32.2350121,,,,,,300.0017395,,,,
,26459997.145,300.0019073,-32161.306640625,-8.46576516594156,0.00254209166144531,1,0.999253354069792,40.0298881530762,2.00122344337862,14.9299995973706,-46.2723830395729,-8.52804204872573,250,0.00911306075476103,-8.46409239731507,-0.0262897659761842,300.0016479,300.0021667,-32226.171875,-32096.44140625,55.443255754602,20.546871170009,9.256284,0,0,0,40,4449,299.88905,-32161.306640625,,,,,,,,,,,,,0,,,,32.2350121,,,,,,300.0019073,,,,
,26459998.34,300.0018463,-32041.6435546875,-8.4739358348245,0.00167162453019367,1,0.999253354069792,40.0298881530762,2.00098205980293,14.919999986887,-46.315661297034,-8.51334788914303,250,0.0131346152367246,-8.47227816726037,-0.0223040680102862,300.0015259,300.0021667,-32096.44140625,-31986.845703125,56.3374387806021,20.5457326571479,8.884414,0,0,0,40,4449,299.8882,-32041.6435546875,,,,,,,,,,,,,0,,,,32.2350121,,,,,,300.0018463,,,,
,26459999.26,300.0015259,-31951.8154296875,-8.47066231687829,0.00242444473137145,1,0.999253354069792,40.0298881530762,2.00061113924871,14.9299995973706,-46.2879905581241,-8.51614704029798,250,0.0117342707024589,-8.46899950339364,-0.0236909816007528,300.0015259,300.0015259,-31986.845703125,-31916.78515625,55.9888324610252,20.5462522029252,8.512546,0,0,0,40,4449,299.8884,-31951.8154296875,,,,,,,,,,,,,0,,,,31.9161835,,,,,,300.0015259,,,,
,26460000.205,300.00180055,-31856.8642578125,-8.47219959717811,0.0014265233737568,1,0.999253354069792,40.0298881530762,2.00092555095781,14.919999986887,-46.3039094854905,-8.51669285256692,250,0.0121585691012148,-8.47053812085982,-0.0232736242556956,300.0015259,300.0020752,-31916.78515625,-31796.943359375,55.9364633502367,20.5472121943016,9.256284,0,0,0,40,4449,299.88965,-31856.8642578125,,,,,,,,,,,,,0,,,,31.5973549,,,,,,300.00180055,,,,
,26460001.345,300.0015106,-31742.095703125,-8.46108632657439,0.00273921911820688,1,0.999253354069792,40.0298881530762,2.00103967053154,14.919999986887,-46.2437650987989,-8.51665627108849,250,0.0101918735306702,-8.45941891292658,-0.0251939645746571,300.000946,300.0020752,-31796.943359375,-31687.248046875,56.3397836661598,20.5516794954428,8.512546,0,0,0,40,4449,299.89115,-31742.095703125,,,,,,,,,,,,,0,,,,31.9161835,,,,,,300.0015106,,,,
,26460002.525,300.00123595,-31622.2548828125,-8.4634494353143,0.00204008739455925,1,0.999253354069792,40.0298881530762,2.00120964625373,14.919999986887,-46.260613752728,-8.51918346294984,250,0.0102973239494156,-8.46178200237274,-0.0250991330243099,300.000946,300.0015259,-31687.248046875,-31557.26171875,56.8986480574099,20.5465563283493,9.256284,0,0,0,40,4449,299.89145,-31622.2548828125,,,,,,,,,,,,,0,,,,32.07481675,,,,,,300.00123595,,,,
,26460003.72,300.0011444,-31502.33203125,-8.4611099013616,0.00204270159210715,1,0.999253354069792,40.0298881530762,2.0012765047292,14.919999986887,-46.25094332164,-8.50841469353125,250,0.0118855005667927,-8.45944954869721,-0.0235021525456024,300.0007629,300.0015259,-31557.26171875,-31447.40234375,56.6203883045637,20.5481332809831,9.256284,0,0,0,40,4449,299.89215,-31502.33203125,,,,,,,,,,,,,0,,,,32.07481675,,,,,,300.0011444,,,,
,26460004.83,300.0005188,-31392.5478515625,-8.4528697978012,0.00244178173870554,1,0.999253354069792,40.0298881530762,2.00119928217992,14.919999986887,-46.202083845001,-8.51102508078805,250,0.00982191197641127,-8.45120263109758,-0.0255313257392556,300.0002747,300.0007629,-31447.40234375,-31337.693359375,56.6047557341791,20.5431192646326,9.256284,0,0,0,40,4449,299.8938,-31392.5478515625,,,,,,,,,,,,,0,,,,31.9161835,,,,,,300.0005188,,,,
,26460005.895,300.0005951,-31287.7109375,-8.45654117309089,0.0022274004063952,1,0.999253354069792,40.0298881530762,2.00118942620016,14.9299995973706,-46.222579934012,-8.51116802955335,250,0.0104697370710126,-8.45487587821803,-0.0248997361302269,300.0002747,300.0009155,-31337.693359375,-31237.728515625,55.720733878929,20.5448269310637,9.256284,0,0,0,40,4449,299.89315,-31287.7109375,,,,,,,,,,,,,0,,,,31.5973549,,,,,,300.0005951,,,,
,26460007.01,299.99972535,-31177.861328125,-8.46100866089663,0.00208892070496553,1,0.999253354069792,40.0298881530762,2.00085323615965,14.9299995973706,-46.2416972951494,-8.50202620898862,250,0.0127169611532174,-8.45935206161026,-0.0226723982250683,299.9985352,300.0009155,-31237.728515625,-31117.994140625,54.8445283088712,20.5527550394797,9.256284,0,0,0,40,4449,299.89275,-31177.861328125,,,,,,,,,,,,,0,,,,32.0780163,,,,,,299.99972535,,,,
,26460008.22,299.9997864,-31058.083984375,-8.45782311600426,0.00207451116230017,1,0.999253354069792,40.0298881530762,2.0008622823296,14.9299995973706,-46.224046449432,-8.50125892455102,250,0.0122741278685171,-8.45616523804039,-0.0231023566297932,299.9985352,300.0010376,-31117.994140625,-30998.173828125,55.473739266852,20.5508205091125,8.884414,0,0,0,40,4449,299.8943,-31058.083984375,,,,,,,,,,,,,0,,,,32.23664955,,,,,,299.9997864,,,,
,26460009.29,300.0004425,-30953.1552734375,-8.45871940161531,0.00166855361846844,1,0.999253354069792,40.0298881530762,2.00089578557486,14.919999986887,-46.2295548929293,-8.50306964936466,250,0.012134937782365,-8.45706049089084,-0.0232459469358757,299.9998474,300.0010376,-30998.173828125,-30908.13671875,56.117019538179,20.5520375577987,9.256284,0,0,0,40,4449,299.89415,-30953.1552734375,,,,,,,,,,,,,0,,,,32.07481675,,,,,,300.0004425,,,,
,26460010.33,299.99913025,-30848.2783203125,-8.45230985882612,0.00262710212457216,1,0.999253354069792,40.0298881530762,2.0008339489469,14.919999986887,-46.1903095611579,-8.51160973238473,250,0.00933739107026513,-8.45064087941742,-0.0260168771076464,299.9984131,299.9998474,-30908.13671875,-30788.419921875,56.177986562679,20.5497065176286,9.256284,0,0,0,40,4449,299.89345,-30848.2783203125,,,,,,,,,,,,,0,,,,32.2350121,,,,,,299.99913025,,,,
,26460011.5,299.99977115,-30728.52734375,-8.44649636624343,0.00236083039993774,1,0.999253354069792,40.0298881530762,2.00092334862951,14.919999986887,-46.1621782621235,-8.49733693308091,250,0.01094019683136,-8.44483499553052,-0.0243908159218722,299.9984131,300.0011292,-30788.419921875,-30668.634765625,56.5602029085829,20.5497767172116,8.884414,0,0,0,40,4449,299.89355,-30728.52734375,,,,,,,,,,,,,0,,,,31.9161835,,,,,,299.99977115,,,,
,26460012.63,299.99925235,-30613.681640625,-8.45122655265242,0.00175028537321817,1,0.999253354069792,40.0298881530762,2.00090914170601,14.919999986887,-46.1885506225445,-8.49750731266562,250,0.0117760166768019,-8.44956781677169,-0.023575648997889,299.9973755,300.0011292,-30668.634765625,-30558.728515625,55.8981635527944,20.5451026299601,8.512546,0,0,0,40,4449,299.8937,-30613.681640625,,,,,,,,,,,,,0,,,,31.9161835,,,,,,299.99925235,,,,
,26460013.68,299.9978485,-30508.85546875,-8.44532714498564,0.00289933667560554,1,0.999253354069792,40.0298881530762,2.00076380825296,14.9299995973706,-46.1515495411266,-8.4990294511772,250,0.0102939499393983,-8.44366379980635,-0.0250331547506247,299.9973755,299.9983215,-30558.728515625,-30458.982421875,55.4682678672174,20.5527800643207,8.512546,0,0,0,40,4449,299.89545,-30508.85546875,,,,,,,,,,,,,0,,,,31.9161835,,,,,,299.9978485,,,,
,26460014.75,299.99853515,-30404.076171875,-8.44313138375912,0.00244083530989511,1,0.999253354069792,40.0298881530762,2.00122317091817,14.9299995973706,-46.1489142234887,-8.50389851729724,250,0.00934437044032515,-8.4414642438909,-0.025973908231278,299.9983215,299.9987488,-30458.982421875,-30349.169921875,55.7144808507751,20.5482992464362,8.512546,0,0,0,40,4449,299.8962,-30404.076171875,,,,,,,,,,,,,0,,,,31.9161835,,,,,,299.99853515,,,,
,26460015.79,299.99801635,-30299.2265625,-8.44366220640074,0.0019654708965649,1,0.999253354069792,40.0298881530762,2.00090216359142,14.919999986887,-46.1455505924559,-8.49797926584924,250,0.0102833550064445,-8.44199899700089,-0.0250378713241879,299.9972839,299.9987488,-30349.169921875,-30249.283203125,56.4578095725637,20.5513675648507,9.256284,0,0,0,40,4449,299.89705,-30299.2265625,,,,,,,,,,,,,0,,,,32.07481675,,,,,,299.99801635,,,,
,26460016.76,299.99819945,-30199.3984375,-8.43882484304816,0.00229923510928081,1,0.999253354069792,40.0298881530762,2.00119769024384,14.919999986887,-46.1255692257226,-8.49532225872463,250,0.0100971216696124,-8.43716171558778,-0.025204455513375,299.9972839,299.999115,-30249.283203125,-30149.513671875,56.8376810329099,20.5491048734988,8.884414,0,0,0,40,4449,299.89705,-30199.3984375,,,,,,,,,,,,,0,,,,32.07481675,,,,,,299.99819945,,,,
,26460017.82,299.9993439,-30094.5380859375,-8.43995481745477,0.00218871559261582,1,0.999253354069792,40.0298881530762,2.00085127082317,14.9299995973706,-46.1242358838477,-8.49353510754984,250,0.0103720275407425,-8.43829218633593,-0.0249350542353444,299.999115,299.9995728,-30149.513671875,-30039.5625,55.5761326028713,20.5427234729064,9.256284,0,0,0,40,4449,299.89655,-30094.5380859375,,,,,,,,,,,,,0,,,,32.2350121,,,,,,299.9993439,,,,
,26460018.835,299.99870305,-29994.66796875,-8.44146075466007,0.00215740984017301,1,0.999253354069792,40.0298881530762,2.00080946885878,14.9299995973706,-46.1336157804869,-8.48361358607052,250,0.0124360288564805,-8.43980660627113,-0.0228782539237902,299.9978333,299.9995728,-30039.5625,-29949.7734375,55.8653351549867,20.5468832559368,9.256284,0,0,0,40,4449,299.89755,-29994.66796875,,,,,,,,,,,,,0,,,,32.07481675,,,,,,299.99870305,,,,
,26460019.83,299.99823,-29894.849609375,-8.43901724696223,0.00231299492765323,1,0.999253354069792,40.0298881530762,2.00098134604675,14.919999986887,-46.1226702012457,-8.48970810656935,250,0.0109983438512238,-8.43735765488193,-0.0243061669306911,299.9978333,299.9986267,-29949.7734375,-29839.92578125,55.5018778935443,20.5440051697795,8.884414,0,0,0,40,4449,299.8967,-29894.849609375,,,,,,,,,,,,,0,,,,31.75598815,,,,,,299.99823,,,,
,26460021.005,299.9984436,-29779.734375,-8.43764253456488,0.00245571854783438,1,0.999253354069792,40.0298881530762,2.00070517028592,14.919999986887,-46.1096256642666,-8.48355088499552,250,0.0116621431897066,-8.43598585766398,-0.0236375158036872,299.9982605,299.9986267,-29839.92578125,-29719.54296875,56.5172133400252,20.5511892975395,9.256284,0,0,0,40,4449,299.89635,-29779.734375,,,,,,,,,,,,,0,,,,31.5973549,,,,,,299.9984436,,,,
,26460022.065,299.998291,-29674.5029296875,-8.43745314622032,0.0017017711597161,1,0.999253354069792,40.0298881530762,2.00088363650497,14.919999986887,-46.1118952068061,-8.48789702533764,250,0.0109672471666369,-8.43579358488329,-0.024332140584776,299.9982605,299.9983215,-29719.54296875,-29629.462890625,56.2850696698137,20.5508081794404,9.628152,0,0,0,40,4449,299.8963,-29674.5029296875,,,,,,,,,,,,,0,,,,31.9161835,,,,,,299.998291,,,,
,26460023.14,299.9985809,-29564.5166015625,-8.43465004023159,0.00199069353665007,1,0.999253354069792,40.0298881530762,2.00080914966626,14.919999986887,-46.0940220835736,-8.48951592817342,250,0.0100957383680413,-8.432987219548,-0.0251926863969003,299.9983215,299.9988403,-29629.462890625,-29499.5703125,55.7777927608328,20.5478801191174,8.512546,0,0,0,40,4449,299.89445,-29564.5166015625,,,,,,,,,,,,,0,,,,32.07481675,,,,,,299.9985809,,,,
,26460024.335,299.99842835,-29444.642578125,-8.43170319695423,0.00223967704479145,1,0.999253354069792,40.0298881530762,2.00082987909749,14.9299995973706,-46.0790623688624,-8.48297315578595,250,0.0107632186509042,-8.43004374663636,-0.0245136945536915,299.9980164,299.9988403,-29499.5703125,-29389.71484375,55.2845851651982,20.5460499072708,8.884414,0,0,0,40,4449,299.8949,-29444.642578125,,,,,,,,,,,,,0,,,,31.75598815,,,,,,299.99842835,,,,
,26460025.54,299.9984436,-29324.7470703125,-8.43085458709937,0.00235810146365484,1,0.999253354069792,40.0298881530762,2.00084773136057,14.919999986887,-46.0765857663648,-8.47269769488081,250,0.0125005275572208,-8.42920252466204,-0.02277368037577,299.9980164,299.9988708,-29389.71484375,-29259.779296875,56.3671406643329,20.5486489862151,9.256284,0,0,0,40,4449,299.8967,-29324.7470703125,,,,,,,,,,,,,0,,,,31.75598815,,,,,,299.9984436,,,,
,26460026.785,299.998703,-29199.8447265625,-8.42323378551878,0.00266316946388707,1,0.999253354069792,40.0298881530762,2.00117242316934,14.9299995973706,-46.0398686392166,-8.47904359140226,250,0.0101719818690973,-8.42157339057047,-0.0250704030064354,299.9985352,299.9988708,-29259.779296875,-29139.91015625,56.1084216244675,20.5538740870202,9.256284,0,0,0,40,4449,299.89845,-29199.8447265625,,,,,,,,,,,,,0,,,,31.9146214,,,,,,299.998703,,,,
,26460027.94,299.99894715,-29085.0341796875,-8.42030467380564,0.00247510601455564,1,0.999253354069792,40.0298881530762,2.00113293339887,14.919999986887,-46.0223738949421,-8.47916116752292,250,0.00957818622409207,-8.41864224435935,-0.02565251980391,299.9985352,299.9993591,-29139.91015625,-29030.158203125,55.7097910796597,20.552462680289,8.884414,0,0,0,40,4449,299.89855,-29085.0341796875,,,,,,,,,,,,,0,,,,31.9146214,,,,,,299.99894715,,,,
,26460028.875,299.9993591,-28995.2451171875,-8.42633338345292,0.00227117822881309,1,0.999253354069792,40.0298881530762,2.00094528974791,14.9299995973706,-46.0527000895607,-8.47590357543623,250,0.0111510608755852,-8.4246761180675,-0.0241059140931561,299.9993591,299.9993591,-29030.158203125,-28960.33203125,56.0372934292175,20.5466485618734,9.256284,0,0,0,40,4449,299.8973,-28995.2451171875,,,,,,,,,,,,,0,,,,31.9146214,,,,,,299.9993591,,,,
,26460029.79,299.99842835,-28905.5,-8.42347331351332,0.00224260814129201,1,0.999253354069792,40.0298881530762,2.00095851273953,14.919999986887,-46.0361946888796,-8.47940259713918,250,0.00999092517459952,-8.42181201319513,-0.0252543557656522,299.9974976,299.9993591,-28960.33203125,-28850.66796875,56.2092517034482,20.5461220630368,9.256284,0,0,0,40,4449,299.89765,-28905.5,,,,,,,,,,,,,0,,,,32.23664955,,,,,,299.99842835,,,,
,26460030.72,299.9974976,-28810.720703125,-8.42519646416276,0.00203388227742515,1,0.999253354069792,40.0298881530762,2.00084590690584,14.9299995973706,-46.0461744003644,-8.46402464360381,250,0.0130404530998809,-8.42354781037636,-0.0222132122555227,299.9974976,299.9974976,-28850.66796875,-28770.7734375,55.8379781568136,20.5435101267519,8.884414,0,0,0,40,4449,299.89785,-28810.720703125,,,,,,,,,,,,,0,,,,32.3968449,,,,,,299.9974976,,,,
,26460031.69,299.9985962,-28710.83984375,-8.42450224019927,0.00192440496387778,1,0.999253354069792,40.0298881530762,2.00078372131333,14.919999986887,-46.041380996944,-8.46092496590918,250,0.0134328730071663,-8.4228549502569,-0.0218187765354243,299.9974976,299.9996948,-28770.7734375,-28650.90625,55.7371480778328,20.5494582379379,8.512546,0,0,0,40,4449,299.89645,-28710.83984375,,,,,,,,,,,,,0,,,,32.2350121,,,,,,299.9985962,,,,
,26460032.855,299.9989929,-28595.9658203125,-8.42340717016852,0.00230803235056088,1,0.999253354069792,40.0298881530762,2.00062318681324,14.919999986887,-46.0303702670302,-8.46684671228698,250,0.0120254743679562,-8.42175401820828,-0.0232220581817028,299.998291,299.9996948,-28650.90625,-28541.025390625,56.2631840712752,20.5463070046437,9.256284,0,0,0,40,4449,299.89615,-28595.9658203125,,,,,,,,,,,,,0,,,,32.2350121,,,,,,299.9989929,,,,
,26460033.93,299.99838255,-28491.0556640625,-8.41999614817327,0.00203737266239052,1,0.999253354069792,40.0298881530762,2.00088156348013,14.919999986887,-46.015365318877,-8.47612262871891,250,0.00989081791766024,-8.41833490502807,-0.0253424147586098,299.998291,299.9984741,-28541.025390625,-28441.0859375,56.6414922745829,20.555073960981,9.256284,0,0,0,40,4449,299.8979,-28491.0556640625,,,,,,,,,,,,,0,,,,32.2350121,,,,,,299.99838255,,,,
,26460035.055,299.9987793,-28376.224609375,-8.41664827365882,0.00236814863410681,1,0.999253354069792,40.0298881530762,2.00108942499525,14.919999986887,-46.004073105673,-8.46094997906067,250,0.0122044199860092,-8.41499720094155,-0.0230159436353561,299.9984741,299.9990845,-28441.0859375,-28311.36328125,56.1858028478713,20.543508855759,8.884414,0,0,0,40,4449,299.89815,-28376.224609375,,,,,,,,,,,,,0,,,,32.07481675,,,,,,299.9987793,,,,
,26460036.305,299.9985199,-28251.3955078125,-8.41595513612675,0.00237438874118161,1,0.999253354069792,40.0298881530762,2.00052221073603,14.919999986887,-45.9882099462342,-8.45449285900026,250,0.0128308179640638,-8.41430682599061,-0.0223876017513655,299.9979553,299.9990845,-28311.36328125,-28191.427734375,56.2420801012559,20.5445542572135,9.256284,0,0,0,40,4449,299.8977,-28251.3955078125,,,,,,,,,,,,,0,,,,32.07481675,,,,,,299.9985199,,,,
,26460037.545,299.9974823,-28126.59765625,-8.41715098815665,0.00161526509286729,1,0.999253354069792,40.0298881530762,2.00077193885411,14.919999986887,-45.9995800145941,-8.46083474644798,250,0.0120809486660296,-8.41549954056708,-0.0231431599346585,299.9970093,299.9979553,-28191.427734375,-28061.767578125,55.5104758072559,20.5493750922533,9.256284,0,0,0,40,4449,299.8972,-28126.59765625,,,,,,,,,,,,,0,,,,32.2350121,,,,,,299.9974823,,,,
,26460038.67,299.9976654,-28011.8720703125,-8.4146406780333,0.0019263006742204,1,0.999253354069792,40.0298881530762,2.00067610954569,14.9299995973706,-45.9830715505086,-8.46137958492374,250,0.0114441619055935,-8.41298694804125,-0.0237700310087162,299.9970093,299.9983215,-28061.767578125,-27961.9765625,56.7384142109675,20.5532969667301,9.256284,0,0,0,40,4449,299.8971,-28011.8720703125,,,,,,,,,,,,,0,,,,32.07481675,,,,,,299.9976654,,,,
,26460039.775,299.99804685,-27902.0849609375,-8.40597550907263,0.00257959967070916,1,0.999253354069792,40.0298881530762,2.00107911213502,14.919999986887,-45.9446794975071,-8.45463813339708,250,0.0113758580409241,-8.40432306442422,-0.0238027189599485,299.9977722,299.9983215,-27961.9765625,-27842.193359375,56.1732967915636,20.5500440651666,8.512546,0,0,0,40,4449,299.8972,-27902.0849609375,,,,,,,,,,,,,0,,,,32.07481675,,,,,,299.99804685,,,,
,26460040.985,299.9981079,-27782.2890625,-8.40511070762359,0.00242824235282362,1,0.999253354069792,40.0298881530762,2.00103164536441,14.919999986887,-45.9388954807745,-8.45354349636913,250,0.0113808895069759,-8.40345835940375,-0.0237949131657682,299.9977722,299.9984436,-27842.193359375,-27722.384765625,56.0857543974098,20.5485286173424,8.884414,0,0,0,40,4449,299.8964,-27782.2890625,,,,,,,,,,,,,0,,,,32.2350121,,,,,,299.9981079,,,,
,26460042.045,299.99816895,-27677.4052734375,-8.40213625455931,0.00227085460099625,1,0.999253354069792,40.0298881530762,2.00102694080671,14.919999986887,-45.9210735354729,-8.45840157170085,250,0.0099375195372482,-8.40047837424972,-0.025226323012725,299.9978943,299.9984436,-27722.384765625,-27632.42578125,55.8207823293905,20.5510378683296,8.512546,0,0,0,40,4449,299.8954,-27677.4052734375,,,,,,,,,,,,,0,,,,32.2350121,,,,,,299.99816895,,,,
,26460043.1,299.9980469,-27572.5029296875,-8.40313052378915,0.00237851033047744,1,0.999253354069792,40.0298881530762,2.00091732461806,14.919999986887,-45.9243748120604,-8.45722750463204,250,0.0102547171336203,-8.40147374761876,-0.0249139774595813,299.9978943,299.9981995,-27632.42578125,-27512.580078125,56.0451097144098,20.5489372997928,9.256284,0,0,0,40,4449,299.8955,-27572.5029296875,,,,,,,,,,,,,0,,,,32.07481675,,,,,,299.9980469,,,,
,26460044.27,299.9982605,-27457.646484375,-8.40254175457026,0.00233784255416273,1,0.999253354069792,40.0298881530762,2.00094584310225,14.9299995973706,-45.9228707849043,-8.45094708779077,250,0.0113170327269369,-8.40088942130975,-0.023849995960063,299.9981995,299.9983215,-27512.580078125,-27402.712890625,55.9739815191598,20.5508530882294,9.256284,0,0,0,40,4449,299.89635,-27457.646484375,,,,,,,,,,,,,0,,,,32.07481675,,,,,,299.9982605,,,,
,26460045.265,299.99822995,-27357.75,-8.40116343328875,0.00238132704872668,1,0.999253354069792,40.0298881530762,2.00091829039981,14.919999986887,-45.9135651403989,-8.45568262697226,250,0.0101746027993079,-8.3995065502483,-0.0249870217795267,299.9981384,299.9983215,-27402.712890625,-27312.787109375,56.5992843345444,20.5437103417898,8.884414,0,0,0,40,4449,299.89645,-27357.75,,,,,,,,,,,,,0,,,,32.2350121,,,,,,299.99822995,,,,
,26460046.265,299.997406,-27253.00390625,-8.39451500076854,0.00238453759700613,1,0.999253354069792,40.0298881530762,2.00133309601132,14.9299995973706,-45.886197715678,-8.45233784489587,250,0.00986720075692159,-8.39285837135727,-0.0252671620292998,299.9966736,299.9981384,-27312.787109375,-27193.220703125,56.045891342929,20.549645386413,9.256284,0,0,0,40,4449,299.89655,-27253.00390625,,,,,,,,,,,,,0,,,,32.2350121,,,,,,299.997406,,,,
,26460047.28,299.99775695,-27153.296875,-8.39294963457252,0.00247455377484819,1,0.999253354069792,40.0298881530762,2.00103417251913,14.919999986887,-45.8702211416316,-8.45352238463312,250,0.00913549857601135,-8.39129009809546,-0.0259927157585265,299.9966736,299.9988403,-27193.220703125,-27113.373046875,56.2944492120444,20.5519791084575,9.256284,0,0,0,40,4449,299.89695,-27153.296875,,,,,,,,,,,,,0,,,,32.2350121,,,,,,299.99775695,,,,
,26460048.195,299.9988403,-27063.470703125,-8.39865879595471,0.00174992501534353,1,0.999253354069792,40.0298881530762,2.00103417251913,14.919999986887,-45.9042501743673,-8.44401668040899,250,0.0119341323505143,-8.39700943455735,-0.0232190392774617,299.9988403,299.9988403,-27113.373046875,-27013.568359375,56.1506295645059,20.5519791084575,9.256284,0,0,0,40,4449,299.8973,-27063.470703125,,,,,,,,,,,,,0,,,,32.07481675,,,,,,299.9988403,,,,
,26460049.24,299.9979248,-26958.6494140625,-8.39935344053378,0.00195023594529827,1,0.999253354069792,40.0298881530762,2.00070566348093,14.9299995973706,-45.901565409856,-8.43870716267477,250,0.0127881464811805,-8.39770773422012,-0.0223687570179103,299.9970093,299.9988403,-27013.568359375,-26903.73046875,55.8207823293905,20.551966054282,9.256284,0,0,0,40,4449,299.8972,-26958.6494140625,,,,,,,,,,,,,0,,,,31.9146214,,,,,,299.9979248,,,,
,26460050.32,299.9969025,-26853.7548828125,-8.38930873303047,0.00242777414013424,1,0.999253354069792,40.0298881530762,2.00096559315829,14.9299995973706,-45.8500207569766,-8.44294240820384,250,0.0103468504087445,-8.38765509370196,-0.0247681834514146,299.9967957,299.9970093,-26903.73046875,-26803.779296875,56.076374855179,20.5474313045756,8.512546,0,0,0,40,4449,299.897,-26853.7548828125,,,,,,,,,,,,,0,,,,31.9146214,,,,,,299.9969025,,,,
,26460051.515,299.9970856,-26733.9013671875,-8.39035968704608,0.00214462339366183,1,0.999253354069792,40.0298881530762,2.00100244130157,14.919999986887,-45.8567780538812,-8.44312107315986,250,0.0105373624237639,-8.38870651561366,-0.0245827384781523,299.9967957,299.9973755,-26803.779296875,-26664.0234375,56.506270540756,20.5474550340742,8.512546,0,0,0,40,4449,299.8977,-26733.9013671875,,,,,,,,,,,,,0,,,,31.9146214,,,,,,299.9970856,,,,
,26460052.75,299.99739075,-26609.0927734375,-8.3900385988941,0.00186835864086045,1,0.999253354069792,40.0298881530762,2.00109712010934,14.9299995973706,-45.8565382673296,-8.44641659604932,250,0.00994672850271311,-8.38838285288891,-0.0251726716434578,299.9973755,299.997406,-26664.0234375,-26554.162109375,54.5092096741211,20.5514583047333,9.256284,0,0,0,40,4449,299.89765,-26609.0927734375,,,,,,,,,,,,,0,,,,32.07481675,,,,,,299.99739075,,,,
,26460053.735,299.9976654,-26509.2216796875,-8.38386766237461,0.00225140352975653,1,0.999253354069792,40.0298881530762,2.00097742976785,14.919999986887,-45.8212107048119,-8.43392783613115,250,0.010998603070337,-8.38221742424087,-0.024095791471914,299.997406,299.9979248,-26554.162109375,-26464.28125,56.4398321166213,20.5478200800693,8.512546,0,0,0,40,4449,299.8976,-26509.2216796875,,,,,,,,,,,,,0,,,,32.07481675,,,,,,299.9976654,,,,
,26460055.595,299.9967651,-26324.2509765625,-8.38047527701034,0.00244732758265878,1,0.999253354069792,40.0298881530762,2.00115162969273,14.919999986887,-45.8045736634556,-8.44193081524023,250,0.00903691989553194,-8.37881771044047,-0.026043734075262,299.9967651,299.9967651,-26334.240234375,-26314.26171875,56.5219031111406,20.5524223666269,8.512546,0,0,0,40,4449,299.8995,-26324.2509765625,,,,,,,,,,,,,0,,,,31.5973549,,,,,,299.9967651,,,,
,26460056.31,299.99685665,-26249.380859375,-8.38061008005933,0.00223001806961997,1,0.999253354069792,40.0298881530762,2.00119116680237,14.9299995973706,-45.8069758671731,-8.43800251027041,250,0.00981092118565738,-8.37895565843942,-0.0252708638820799,299.9967651,299.9969482,-26314.26171875,-26184.5,55.8919105246405,20.5563647945203,9.256284,0,0,0,40,4449,299.8998,-26249.380859375,,,,,,,,,,,,,0,,,,31.9161835,,,,,,299.99685665,,,,
,26460057.46,299.9967346,-26134.6123046875,-8.37438171021502,0.00258737086098049,1,0.999253354069792,40.0298881530762,2.00124336545519,14.919999986887,-45.7745476833803,-8.42951092583653,250,0.0102499725975748,-8.37273034936696,-0.024806611656136,299.996521,299.9969482,-26184.5,-26084.724609375,56.1631356208136,20.5503860945222,8.884414,0,0,0,40,4449,299.89915,-26134.6123046875,,,,,,,,,,,,,0,,,,32.07481675,,,,,,299.9967346,,,,
,26460058.525,299.9967804,-26029.7080078125,-8.37823936447848,0.00221688367637369,1,0.999253354069792,40.0298881530762,2.00108925526921,14.9299995973706,-45.7913377594664,-8.43738887555419,250,0.00940848449918264,-8.37658361682342,-0.0256648057375902,299.996521,299.9970398,-26084.724609375,-25974.69140625,56.1013869677944,20.5525397034724,9.256284,0,0,0,40,4449,299.89845,-26029.7080078125,,,,,,,,,,,,,0,,,,32.07481675,,,,,,299.9967804,,,,
,26460059.675,299.9971466,-25914.82421875,-8.37901904986177,0.00215965178706429,1,0.999253354069792,40.0298881530762,2.00063176618763,14.919999986887,-45.7892915090831,-8.41526848134091,250,0.013258618262025,-8.37737907750305,-0.0218194542245035,299.9970398,299.9972534,-25974.69140625,-25854.95703125,56.4664074862752,20.5478282488815,9.256284,0,0,0,40,4449,299.8981,-25914.82421875,,,,,,,,,,,,,0,,,,32.07481675,,,,,,299.9971466,,,,
,26460060.75,299.9967041,-25809.9609375,-8.3733846890331,0.00247840350505056,1,0.999253354069792,40.0298881530762,2.0010173916598,14.919999986887,-45.7642854904119,-8.42636078486534,250,0.0104739984938748,-8.3717342657986,-0.0245806655078439,299.9961548,299.9972534,-25854.95703125,-25764.96484375,56.5797436215637,20.5506391400766,8.512546,0,0,0,40,4449,299.8973,-25809.9609375,,,,,,,,,,,,,0,,,,31.9146214,,,,,,299.9967041,,,,
,26460061.78,299.9968262,-25710.0322265625,-8.36970325884679,0.00241862495777903,1,0.999253354069792,40.0298881530762,2.0008970567736,14.919999986887,-45.7414216778341,-8.42249368445249,250,0.010409059407295,-8.36805324063595,-0.0246304974235934,299.9961548,299.9974976,-25764.96484375,-25655.099609375,56.0779381122175,20.5444029913985,9.256284,0,0,0,40,4449,299.89935,-25710.0322265625,,,,,,,,,,,,,0,,,,32.07481675,,,,,,299.9968262,,,,
,26460062.855,299.99694825,-25600.240234375,-8.37031159264072,0.00272614625481047,1,0.999253354069792,40.0298881530762,2.00099466075333,14.919999986887,-45.7463791882877,-8.4264272950774,250,0.00987579917825236,-8.36865912684401,-0.0251667652129179,299.9963989,299.9974976,-25655.099609375,-25545.380859375,56.607882248256,20.5494085943239,8.512546,0,0,0,40,4449,299.9,-25600.240234375,,,,,,,,,,,,,0,,,,32.2350121,,,,,,299.99694825,,,,
,26460063.86,299.99612425,-25495.435546875,-8.36989468816949,0.00245361750317954,1,0.999253354069792,40.0298881530762,2.00105866214144,14.919999986887,-45.7470562016236,-8.41802680419276,250,0.0113849478414799,-8.36824878307431,-0.0236571777802334,299.9958496,299.9963989,-25545.380859375,-25445.490234375,56.198308904179,20.544154247167,9.256284,0,0,0,40,4449,299.8973,-25495.435546875,,,,,,,,,,,,,0,,,,32.07481675,,,,,,299.99612425,,,,
,26460064.905,299.9962158,-25390.5751953125,-8.368046952852,0.00184262514240925,1,0.999253354069792,40.0298881530762,2.0011721125667,14.9299995973706,-45.7373490855268,-8.42814795914921,250,0.0092759553546622,-8.36639250344517,-0.0257586427913572,299.9958496,299.996582,-25445.490234375,-25335.66015625,56.1615723637752,20.5456924908739,8.512546,0,0,0,40,4449,299.89725,-25390.5751953125,,,,,,,,,,,,,0,,,,31.75598815,,,,,,299.9962158,,,,
,26460066.085,299.99597165,-25275.7646484375,-8.35899894258451,0.00242289039749798,1,0.999253354069792,40.0298881530762,2.00128076944286,14.919999986887,-45.6896850698115,-8.42286920125971,250,0.00864627442321883,-8.3573437224168,-0.0263507416134307,299.9953613,299.996582,-25335.66015625,-25215.869140625,55.8848758679674,20.5548852145013,8.512546,0,0,0,40,4449,299.89915,-25275.7646484375,,,,,,,,,,,,,0,,,,31.9161835,,,,,,299.99597165,,,,
,26460067.165,299.9953613,-25170.9462890625,-8.36283189085844,0.00273650412599306,1,0.999253354069792,40.0298881530762,2.00086045080468,14.9299995973706,-45.703340266661,-8.41388875785036,250,0.0106857086064751,-8.36118455888082,-0.0243284211408583,299.9953613,299.9953613,-25215.869140625,-25126.0234375,55.6722729107367,20.5521781232382,9.256284,0,0,0,40,4449,299.89895,-25170.9462890625,,,,,,,,,,,,,0,,,,32.2350121,,,,,,299.9953613,,,,
,26460068.27,299.99520875,-25061.1044921875,-8.36215745404787,0.00239807906733472,1,0.999253354069792,40.0298881530762,2.00093216937396,14.919999986887,-45.7026251516959,-8.40609271832093,250,0.012042030147078,-8.36051591080644,-0.0229703163510669,299.9950562,299.9953613,-25126.0234375,-24996.185546875,56.2248842738329,20.5442066316677,8.512546,0,0,0,40,4449,299.89815,-25061.1044921875,,,,,,,,,,,,,0,,,,32.07481675,,,,,,299.99520875,,,,
,26460069.55,299.99592595,-24931.2041015625,-8.36258227052275,0.00272228338136665,1,0.999253354069792,40.0298881530762,2.00082817007327,14.9299995973706,-45.7023662058245,-8.40751575136574,250,0.0117830957631627,-8.36093926478133,-0.0232317233868712,299.9950562,299.9967957,-24996.185546875,-24866.22265625,55.9536591776598,20.5460263258054,9.628152,0,0,0,40,4449,299.89835,-24931.2041015625,,,,,,,,,,,,,0,,,,31.9146214,,,,,,299.99592595,,,,
,26460070.69,299.99551395,-24816.4443359375,-8.36315567881431,0.00177330784124748,1,0.999253354069792,40.0298881530762,2.00077957090287,14.919999986887,-45.7042913171665,-8.40857828193797,250,0.0116589394544585,-8.36151212456353,-0.0233586707010916,299.9942322,299.9967957,-24866.22265625,-24766.666015625,55.8473576990444,20.5478184675763,9.256284,0,0,0,40,4449,299.9003,-24816.4443359375,,,,,,,,,,,,,0,,,,32.07481675,,,,,,299.99551395,,,,
,26460071.75,299.99461365,-24711.7529296875,-8.36057692790229,0.00194624999048753,1,0.999253354069792,40.0298881530762,2.00085484194657,14.919999986887,-45.6918554255771,-8.40640067125577,250,0.0116364290991532,-8.35893402047312,-0.0233709896939866,299.9942322,299.9949951,-24766.666015625,-24656.83984375,56.6719757868329,20.5498923679741,8.512546,0,0,0,40,4449,299.9004,-24711.7529296875,,,,,,,,,,,,,0,,,,32.2350121,,,,,,299.99461365,,,,
,26460072.77,299.9948425,-24611.9501953125,-8.35767812096935,0.00202896181808653,1,0.999253354069792,40.0298881530762,2.0010195381968,14.9299995973706,-45.6791350252511,-8.40708216210211,250,0.0110984401369928,-8.35603339858077,-0.023897553024653,299.9946899,299.9949951,-24656.83984375,-24567.060546875,56.3093001539098,20.5477982804933,8.884414,0,0,0,40,4449,299.89875,-24611.9501953125,,,,,,,,,,,,,0,,,,32.07481675,,,,,,299.9948425,,,,
,26460073.77,299.9954681,-24512.0927734375,-8.3543188438995,0.00256045122938078,1,0.999253354069792,40.0298881530762,2.00084777697497,14.919999986887,-45.6575698848347,-8.39967389333651,250,0.0117032064363112,-8.35267709069971,-0.0232793672671718,299.9946899,299.9962463,-24567.060546875,-24457.125,55.6957217663136,20.5494013149912,8.512546,0,0,0,40,4449,299.89925,-24512.0927734375,,,,,,,,,,,,,0,,,,32.07481675,,,,,,299.9954681,,,,
,26460075.655,299.994812,-24322.3408203125,-8.35870126760598,0.00182692280667289,1,0.999253354069792,40.0298881530762,2.0007801880356,14.919999986887,-45.6813133580279,-8.39681169726278,250,0.0129901154397609,-8.35706411783425,-0.0220121189940308,299.994812,299.994812,-24327.322265625,-24317.359375,56.6539983308906,20.5503456284725,9.256284,0,0,0,40,4449,299.8998,-24322.3408203125,,,,,,,,,,,,,0,,,,31.5973549,,,,,,299.994812,,,,
,26460077.125,299.9960022,-24172.4716796875,-8.3476044946526,0.00231303272155771,1,0.999253354069792,40.0298881530762,2.00129686092474,14.9299995973706,-45.6292848758179,-8.40321889298743,250,0.0101477304112607,-8.34595723244903,-0.0248084051751569,299.9960022,299.9960022,-24177.435546875,-24167.5078125,55.7934253312174,20.549833809795,8.512546,0,0,0,40,4449,299.8994,-24172.4716796875,,,,,,,,,,,,,0,,,,31.9161835,,,,,,299.9960022,,,,
,26460077.67,299.99490355,-24122.541015625,-8.35089840027711,0.00168011940089201,1,0.999253354069792,40.0298881530762,2.00073555739146,14.919999986887,-45.6353346805504,-8.40142140744414,250,0.0106673715414888,-8.34925295648172,-0.0243029650975986,299.9938049,299.9960022,-24167.5078125,-24077.57421875,55.3697826737943,20.5479573333543,8.512546,0,0,0,40,4449,299.89935,-24122.541015625,,,,,,,,,,,,,0,,,,32.07481675,,,,,,299.99490355,,,,
,26460078.67,299.99407955,-24022.7294921875,-8.34664409927587,0.00234588793818221,1,0.999253354069792,40.0298881530762,2.00099795133876,14.9299995973706,-45.6193214355875,-8.39064595189917,250,0.012047582659678,-8.34500550953503,-0.0229056375729191,299.9938049,299.9943542,-24077.57421875,-23967.884765625,56.7876568076791,20.5499711114401,8.512546,0,0,0,40,4449,299.9006,-24022.7294921875,,,,,,,,,,,,,0,,,,31.9146214,,,,,,299.99407955,,,,
,26460079.765,299.99508665,-23912.9033203125,-8.34592908696006,0.00213060337605563,1,0.999253354069792,40.0298881530762,2.00085520191913,14.919999986887,-45.6110770670759,-8.39561278485147,250,0.0108998362915807,-8.3442854554234,-0.0240508945151852,299.9943542,299.9958191,-23967.884765625,-23857.921875,55.9966487462175,20.5536344208905,9.256284,0,0,0,40,4449,299.89995,-23912.9033203125,,,,,,,,,,,,,0,,,,32.07481675,,,,,,299.99508665,,,,
,26460080.72,299.9958191,-23817.931640625,-8.3386102243415,0.00233489681232676,1,0.999253354069792,40.0298881530762,2.00100832081,14.9299995973706,-45.5733295618541,-8.39506159002593,250,0.00975902765643331,-8.33696299262877,-0.0251616516016504,299.9958191,299.9958191,-23857.921875,-23777.94140625,55.9372449787559,20.5567131922333,8.512546,0,0,0,40,4449,299.898,-23817.931640625,,,,,,,,,,,,,0,,,,32.2350121,,,,,,299.9958191,,,,
,26460081.72,299.99572755,-23718.078125,-8.33796759355975,0.00253572403959913,1,0.999253354069792,40.0298881530762,2.00095106795379,14.919999986887,-45.5694637841561,-8.38923272878103,250,0.010664354121149,-8.33632425758133,-0.0242543779191759,299.995636,299.9958191,-23777.94140625,-23658.21484375,56.2241026453136,20.5424017274179,8.512546,0,0,0,40,4449,299.8982,-23718.078125,,,,,,,,,,,,,0,,,,31.9161835,,,,,,299.99572755,,,,
,26460082.83,299.99517825,-23608.296875,-8.34408073922564,0.00193058235097199,1,0.999253354069792,40.0298881530762,2.00062584286909,14.919999986887,-45.5978222046262,-8.38233810723668,250,0.0128171337452774,-8.34244530115738,-0.0221281431763002,299.9947205,299.995636,-23658.21484375,-23558.37890625,55.3682194167559,20.5494960779585,9.256284,0,0,0,40,4449,299.8992,-23608.296875,,,,,,,,,,,,,0,,,,31.9161835,,,,,,299.99517825,,,,
,26460083.86,299.99440005,-23503.427734375,-8.34089357271047,0.00209847295280791,1,0.999253354069792,40.0298881530762,2.00073545370276,14.919999986887,-45.5818596657326,-8.38487329507396,250,0.0118448189261851,-8.33925487918152,-0.0230876277961639,299.9940796,299.9947205,-23558.37890625,-23448.4765625,56.3624508932175,20.5443309294135,9.256284,0,0,0,40,4449,299.8985,-23503.427734375,,,,,,,,,,,,,0,,,,31.9161835,,,,,,299.99440005,,,,
,26460085.01,299.9945984,-23388.5146484375,-8.3400530937864,0.00228586267955167,1,0.999253354069792,40.0298881530762,2.00062122740887,14.919999986887,-45.5724423617071,-8.3958970865808,250,0.00958630952457,-8.3384049917797,-0.0253427801554118,299.9940796,299.9951172,-23448.4765625,-23328.552734375,56.6493085597752,20.5535490278787,9.256284,0,0,0,40,4449,299.8989,-23388.5146484375,,,,,,,,,,,,,0,,,,31.9161835,,,,,,299.9945984,,,,
,26460086.135,299.9949341,-23278.6640625,-8.33939163107205,0.00188507239410997,1,0.999253354069792,40.0298881530762,2.00087541476345,14.919999986887,-45.5774805497309,-8.38003719214105,250,0.0125570217444461,-8.33775596611555,-0.0223702617140217,299.994751,299.9951172,-23328.552734375,-23228.775390625,56.3022654972367,20.54988843592,8.512546,0,0,0,40,4449,299.90095,-23278.6640625,,,,,,,,,,,,,0,,,,32.07481675,,,,,,299.9949341,,,,
,26460087.08,299.994751,-23183.58203125,-8.3344730279796,0.0020521370211004,1,0.999253354069792,40.0298881530762,2.00071567865151,14.919999986887,-45.5467675624041,-8.37598942517218,250,0.0122670978159769,-8.33283714827068,-0.0226400786949587,299.994751,299.994751,-23228.775390625,-23138.388671875,56.2960124690829,20.5460689153575,8.884414,0,0,0,40,4449,299.901,-23183.58203125,,,,,,,,,,,,,0,,,,32.07481675,,,,,,299.994751,,,,
,26460088.125,299.99458315,-23078.4130859375,-8.331733020583,0.0023727627230314,1,0.999253354069792,40.0298881530762,2.00091904856273,14.9299995973706,-45.5356024678832,-8.37785440952596,250,0.0115701066383055,-8.33009477978379,-0.0233259594879673,299.9944153,299.994751,-23138.388671875,-23018.4375,55.6449159125636,20.5505373955315,9.256284,0,0,0,40,4449,299.9018,-23078.4130859375,,,,,,,,,,,,,0,,,,32.07481675,,,,,,299.99458315,,,,
,26460089.21,299.9945679,-22968.4462890625,-8.33058983772425,0.00177129801493497,1,0.999253354069792,40.0298881530762,2.00097504749102,14.919999986887,-45.5281081854901,-8.39035263637146,250,0.00911304985002684,-8.32894150019634,-0.0257781749978065,299.9944153,299.9947205,-23018.4375,-22918.455078125,55.7566887908136,20.544856491579,8.884414,0,0,0,40,4449,299.90325,-22968.4462890625,,,,,,,,,,,,,0,,,,32.07481675,,,,,,299.9945679,,,,
,26460090.245,299.99403385,-22863.4638671875,-8.33085780572321,0.00206161707327264,1,0.999253354069792,40.0298881530762,2.00077750506527,14.9299995973706,-45.528561264945,-8.37164491490335,250,0.0124396850004024,-8.32922345298412,-0.0224539356272006,299.9933472,299.9947205,-22918.455078125,-22808.47265625,54.7030535468904,20.5516869144194,9.256284,0,0,0,40,4449,299.90335,-22863.4638671875,,,,,,,,,,,,,0,,,,32.07481675,,,,,,299.99403385,,,,
,26460091.415,299.99320985,-22748.578125,-8.32775807823242,0.00201878224819785,1,0.999253354069792,40.0298881530762,2.00085985136145,14.9299995973706,-45.5129340752958,-8.37163700311746,250,0.0119285854831894,-8.32612239802261,-0.0229526548133283,299.9930725,299.9933472,-22808.47265625,-22688.68359375,54.8249875958904,20.5481452176074,9.256284,0,0,0,40,4449,299.9031,-22748.578125,,,,,,,,,,,,,0,,,,31.9146214,,,,,,299.99320985,,,,
,26460092.58,299.99375915,-22633.7548828125,-8.32776994679075,0.00202586796315887,1,0.999253354069792,40.0298881530762,2.00056267476356,14.919999986887,-45.508859880465,-8.35721729859434,250,0.014349215756011,-8.3261441589059,-0.0205333498473317,299.9930725,299.9944458,-22688.68359375,-22578.826171875,55.7340215637559,20.5476657298667,8.512546,0,0,0,40,4449,299.90225,-22633.7548828125,,,,,,,,,,,,,0,,,,31.9146214,,,,,,299.99375915,,,,
,26460093.65,299.99424745,-22523.9150390625,-8.30897817719721,0.00275131162234694,1,0.999253354069792,40.0298881530762,2.00098943670537,14.9299995973706,-45.4098074467549,-8.37137738299052,250,0.00859198337358879,-8.30733186810056,-0.0262113615212539,299.9940491,299.9944458,-22578.826171875,-22469.00390625,55.7144808507751,20.5510613455057,8.512546,0,0,0,40,4449,299.90215,-22523.9150390625,,,,,,,,,,,,,0,,,,32.07481675,,,,,,299.99424745,,,,
,26460094.68,299.9933472,-22419.0732421875,-8.3194134958344,0.00277577315929346,1,0.999253354069792,40.0298881530762,2.00071691667086,14.9299995973706,-45.4645634345476,-8.36050166258989,250,0.0123145980221861,-8.31778090469233,-0.0225335988185377,299.9926453,299.9940491,-22469.00390625,-22369.142578125,56.5101786833521,20.5496066555676,8.512546,0,0,0,40,4449,299.90375,-22419.0732421875,,,,,,,,,,,,,0,,,,32.07481675,,,,,,299.9933472,,,,
,26460095.695,299.99307255,-22319.251953125,-8.3160768848663,0.00213560418504352,1,0.999253354069792,40.0298881530762,2.00099398444462,14.919999986887,-45.4514757928603,-8.36360597074116,250,0.011334776496096,-8.31444090711411,-0.0234996891826294,299.9926453,299.9934998,-22369.142578125,-22269.361328125,55.5839488880636,20.5453695657937,8.512546,0,0,0,40,4449,299.90475,-22319.251953125,,,,,,,,,,,,,0,,,,32.07481675,,,,,,299.99307255,,,,
,26460096.77,299.9932709,-22214.45703125,-8.32084944500165,0.00197850298520019,1,0.999253354069792,40.0298881530762,2.00087475521837,14.9299995973706,-45.4768366075507,-8.3575743115737,250,0.0132352260921869,-8.3192203521842,-0.0216201193717929,299.993042,299.9934998,-22269.361328125,-22159.552734375,55.964601976929,20.5424167888017,9.256284,0,0,0,40,4449,299.9055,-22214.45703125,,,,,,,,,,,,,0,,,,32.2350121,,,,,,299.9932709,,,,
,26460097.945,299.992218,-22094.658203125,-8.31101727349866,0.00264652062745084,1,0.999253354069792,40.0298881530762,2.0008377338822,14.919999986887,-45.4187908605713,-8.36637611665867,250,0.00977450080942835,-8.30937591461417,-0.0250398338865072,299.991394,299.993042,-22159.552734375,-22029.763671875,56.1670437634098,20.5505791233116,9.256284,0,0,0,40,4449,299.9042,-22094.658203125,,,,,,,,,,,,,0,,,,32.2350121,,,,,,299.992218,,,,
,26460099,299.99171445,-21984.705078125,-8.31307776395304,0.0025047229454828,1,0.999253354069792,40.0298881530762,2.00075301052305,14.919999986887,-45.4272611561376,-8.3730423031896,250,0.00887398161358341,-8.31143229873092,-0.0259495479203671,299.991394,299.9920349,-22029.763671875,-21939.646484375,56.5719273363714,20.5521303683931,8.512546,0,0,0,40,4449,299.9034,-21984.705078125,,,,,,,,,,,,,0,,,,32.2350121,,,,,,299.99171445,,,,
,26460100.015,299.99301145,-21884.7451171875,-8.31684632942394,0.00198497375165388,1,0.999253354069792,40.0298881530762,2.0008797522534,14.9299995973706,-45.4534188780734,-8.36246772640289,250,0.0116031087959199,-8.31521109468465,-0.0232371849578846,299.9920349,299.993988,-21939.646484375,-21829.84375,55.5096941787366,20.548615144458,9.256284,0,0,0,40,4449,299.9045,-21884.7451171875,,,,,,,,,,,,,0,,,,32.07481675,,,,,,299.99301145,,,,
,26460101.19,299.99327085,-21769.9248046875,-8.30371804865151,0.00305276408491124,1,0.999253354069792,40.0298881530762,2.00069885681674,14.919999986887,-45.3761383726913,-8.35679130822218,250,0.0100737667115331,-8.302078906459,-0.0247120584646245,299.9925537,299.993988,-21829.84375,-21710.005859375,56.1803314482367,20.5511932778857,9.256284,0,0,0,40,4449,299.90325,-21769.9248046875,,,,,,,,,,,,,0,,,,32.07481675,,,,,,299.99327085,,,,
,26460102.25,299.9924469,-21665.0654296875,-8.30720156596522,0.00277737357907283,1,0.999253354069792,40.0298881530762,2.00105680636305,14.9299995973706,-45.401399848504,-8.37087950961208,250,0.00840878497936983,-8.30555493884547,-0.0263918938247482,299.9923401,299.9925537,-21710.005859375,-21620.125,55.598799829929,20.5490113024149,8.512546,0,0,0,40,4449,299.9033,-21665.0654296875,,,,,,,,,,,,,0,,,,32.07481675,,,,,,299.9924469,,,,
,26460103.255,299.99250795,-21565.20703125,-8.31135415413663,0.00203231989415918,1,0.999253354069792,40.0298881530762,2.00067501543702,14.9299995973706,-45.4207899708406,-8.34577082593937,250,0.0134900645472572,-8.30972792047673,-0.0213293806273487,299.9923401,299.9926758,-21620.125,-21510.2890625,55.9434980069098,20.5484869207269,9.256284,0,0,0,40,4449,299.905,-21565.20703125,,,,,,,,,,,,,0,,,,32.07481675,,,,,,299.99250795,,,,
,26460105.25,299.9928284,-21360.8642578125,-8.3036628532007,0.00200396249310918,1,0.999253354069792,40.0298881530762,2.00096903084624,14.9299995973706,-45.3831103789743,-8.35081695052038,250,0.0113604820981257,-8.302029031591,-0.0234276311626399,299.9926758,299.992981,-21370.841796875,-21350.88671875,56.4562463155252,20.551223896479,9.256284,0,0,0,40,4449,299.90395,-21360.8642578125,,,,,,,,,,,,,0,,,,31.9146214,,,,,,299.9928284,,,,
,26460105.82,299.9927521,-21305.947265625,-8.30713909131484,0.00162116608921753,1,0.999253354069792,40.0298881530762,2.00048115413214,14.919999986887,-45.3925322475364,-8.34578677016266,250,0.012562732395982,-8.30550960990982,-0.0222403518570971,299.9926758,299.9928284,-21350.88671875,-21261.0078125,56.2092517034482,20.5398010545367,8.884414,0,0,0,40,4449,299.90505,-21305.947265625,,,,,,,,,,,,,0,,,,31.75598815,,,,,,299.9927521,,,,
,26460106.775,299.9928284,-21211.0224609375,-8.3082938812662,0.00171375212907311,1,0.999253354069792,40.0298881530762,2.00047905092752,14.919999986887,-45.400140786703,-8.33968277422978,250,0.0138931482213202,-8.30666966999161,-0.0209155264935683,299.9928284,299.9928284,-21261.0078125,-21161.037109375,55.107937119852,20.5433475840524,9.256284,0,0,0,40,4449,299.9055,-21211.0224609375,,,,,,,,,,,,,0,,,,31.9161835,,,,,,299.9928284,,,,
,26460107.85,299.9933014,-21101.1435546875,-8.30800473521509,0.00143323201863889,1,0.999253354069792,40.0298881530762,2.0003149637907,14.9299995973706,-45.3939165601955,-8.34419159708276,250,0.0128924556455978,-8.30637620097031,-0.0219152706245287,299.9928284,299.9937744,-21161.037109375,-21041.25,56.0982604537175,20.5492149099217,8.884414,0,0,0,40,4449,299.9067,-21101.1435546875,,,,,,,,,,,,,0,,,,32.2350121,,,,,,299.9933014,,,,
,26460108.99,299.99334715,-20991.28515625,-8.30263018662281,0.00203459255016912,1,0.999253354069792,40.0298881530762,2.00048222618892,14.919999986887,-45.3680133932693,-8.34073708909691,250,0.0126533496113167,-8.30100166832239,-0.0221324073173669,299.9929199,299.9937744,-21041.25,-20941.3203125,55.8567372412751,20.548950539422,9.256284,0,0,0,40,4449,299.90695,-20991.28515625,,,,,,,,,,,,,0,,,,32.2350121,,,,,,299.99334715,,,,
,26460110.04,299.99305725,-20886.42578125,-8.29419901173537,0.00209562293319562,1,0.999253354069792,40.0298881530762,2.00083805776632,14.919999986887,-45.3276253268512,-8.34544489112019,250,0.0104936484678976,-8.29256318434599,-0.0242569489613656,299.9929199,299.9931946,-20941.3203125,-20831.53125,56.0654320559098,20.5497480827193,9.256284,0,0,0,40,4449,299.90695,-20886.42578125,,,,,,,,,,,,,0,,,,32.2350121,,,,,,299.99305725,,,,
,26460111.125,299.9927521,-20776.603515625,-8.29450163920073,0.00220289027109836,1,0.999253354069792,40.0298881530762,2.00099374841774,14.919999986887,-45.3326635971525,-8.34667248464938,250,0.010441544039199,-8.29286556809453,-0.0243109107269742,299.9923096,299.9931946,-20831.53125,-20721.67578125,56.5023623981598,20.5509239254639,8.884414,0,0,0,40,4449,299.90715,-20776.603515625,,,,,,,,,,,,,0,,,,32.07481675,,,,,,299.9927521,,,,
,26460112.27,299.99198915,-20661.83984375,-8.29245963025417,0.00214619631267938,1,0.999253354069792,40.0298881530762,2.00051386582433,14.919999986887,-45.3131191692731,-8.33075196342521,250,0.0126208159212747,-8.29083326902963,-0.0221242281067574,299.9916687,299.9923096,-20721.67578125,-20602.00390625,56.6719757868329,20.5447532120347,9.256284,0,0,0,40,4449,299.9068,-20661.83984375,,,,,,,,,,,,,0,,,,31.75598815,,,,,,299.99198915,,,,
,26460113.445,299.99180605,-20542.076171875,-8.29256654617747,0.00180822816295777,1,0.999253354069792,40.0298881530762,2.00080256067755,14.919999986887,-45.3184333409001,-8.34089735936475,250,0.0109987993984711,-8.29093336746646,-0.0237469507645614,299.9916687,299.9919434,-20602.00390625,-20482.1484375,57.0495023616214,20.5472016626748,8.512546,0,0,0,40,4449,299.9075,-20542.076171875,,,,,,,,,,,,,0,,,,31.9161835,,,,,,299.99180605,,,,
,26460114.62,299.99229435,-20427.2060546875,-8.28532261915739,0.00320890498726773,1,0.999253354069792,40.0298881530762,2.00081623894733,14.9299995973706,-45.2792212813527,-8.33326027598538,250,0.0110647530275504,-8.28369091840895,-0.023651873763101,299.9919434,299.9926453,-20482.1484375,-20372.263671875,55.4526352968328,20.5432762079138,9.256284,0,0,0,40,4449,299.9034,-20427.2060546875,,,,,,,,,,,,,0,,,,32.07481675,,,,,,299.99229435,,,,
,26460115.775,299.99235535,-20312.3076171875,-8.28646168742444,0.00195214508480316,1,0.999253354069792,40.0298881530762,2.00089653199488,14.919999986887,-45.2868148351809,-8.33690086538189,250,0.0106703166425858,-8.28482798686584,-0.0240520246753053,299.9920654,299.9926453,-20372.263671875,-20252.3515625,56.4296709458714,20.5446255251634,8.512546,0,0,0,40,4449,299.9007,-20312.3076171875,,,,,,,,,,,,,0,,,,31.9146214,,,,,,299.99235535,,,,
,26460116.86,299.99201965,-20202.42578125,-8.28341079074111,0.00224691979890527,1,0.999253354069792,40.0298881530762,2.00080034648823,14.919999986887,-45.268504203336,-8.33083161169423,250,0.011144444365068,-8.28177975263148,-0.023565676129472,299.9919739,299.9920654,-20252.3515625,-20152.5,56.0779381122175,20.5453205869964,8.512546,0,0,0,40,4449,299.90185,-20202.42578125,,,,,,,,,,,,,0,,,,31.75598815,,,,,,299.99201965,,,,
,26460117.97,299.99157715,-20092.587890625,-8.28378305524997,0.00205643914186299,1,0.999253354069792,40.0298881530762,2.00080046396956,14.919999986887,-45.2693545455616,-8.33760863067207,250,0.00997379318201355,-8.28214711278803,-0.0247382659863071,299.9911804,299.9919739,-20152.5,-20032.67578125,56.3390020376406,20.5495118323127,9.256284,0,0,0,40,4449,299.9019,-20092.587890625,,,,,,,,,,,,,0,,,,31.9161835,,,,,,299.99157715,,,,
,26460119.175,299.99189755,-19972.7880859375,-8.27990984256919,0.0027000698153642,1,0.999253354069792,40.0298881530762,2.00094644652582,14.919999986887,-45.2522615085585,-8.3296847652857,250,0.0108149101358064,-8.27827805280567,-0.0238816993423753,299.9911804,299.9926147,-20032.67578125,-19912.900390625,56.2936675835252,20.5468730961589,8.512546,0,0,0,40,4449,299.9024,-19972.7880859375,,,,,,,,,,,,,0,,,,32.2350121,,,,,,299.99189755,,,,
,26460120.25,299.99256895,-19862.3876953125,-8.27483651521527,0.00241059316685408,1,0.999253354069792,40.0298881530762,2.00072763363295,14.919999986887,-45.2189807068572,-8.3276394714221,250,0.0100864385819512,-8.273202454409,-0.0245891968216727,299.9925232,299.9926147,-19912.900390625,-19811.875,56.3632325217367,20.5492291046997,8.512546,0,0,0,40,4449,299.9038,-19862.3876953125,,,,,,,,,,,,,0,,,,31.9161835,,,,,,299.99256895,,,,
,26460121.335,299.99212645,-19756.833984375,-8.27429321072456,0.00219772452991796,1,0.999253354069792,40.0298881530762,2.00092528082713,14.919999986887,-45.2201909946156,-8.32883883197225,250,0.00991344484970537,-8.27265862411386,-0.0247603587206571,299.9917297,299.9925232,-19811.875,-19701.79296875,56.6446187886598,20.5482030070673,8.512546,0,0,0,40,4449,299.90465,-19756.833984375,,,,,,,,,,,,,0,,,,31.9161835,,,,,,299.99212645,,,,
,26460122.525,299.9914093,-19641.767578125,-8.27129540738453,0.00234013550592192,1,0.999253354069792,40.0298881530762,2.00053020038098,14.9299995973706,-45.1981562599604,-8.30778304703154,250,0.0129191618466978,-8.26967418097194,-0.0217433240394867,299.9910889,299.9917297,-19701.79296875,-19581.7421875,55.0719822079674,20.5511664951953,9.256284,0,0,0,40,4449,299.90475,-19641.767578125,,,,,,,,,,,,,0,,,,32.2350121,,,,,,299.9914093,,,,
,26460123.595,299.99128725,-19531.7841796875,-8.27558806244546,0.00176367861553833,1,0.999253354069792,40.0298881530762,2.00044433826673,14.919999986887,-45.2206302190111,-8.30684565121494,250,0.013823584826085,-8.2739697469793,-0.0208575616469658,299.9910889,299.9914856,-19581.7421875,-19481.826171875,56.2788166416598,20.550870568616,8.512546,0,0,0,40,4449,299.9057,-19531.7841796875,,,,,,,,,,,,,0,,,,32.2350121,,,,,,299.99128725,,,,
,26460124.665,299.9919586,-19421.8515625,-8.26782442998525,0.00255707055822909,1,0.999253354069792,40.0298881530762,2.00092133918172,14.9299995973706,-45.1877519314347,-8.30612679739661,250,0.0128693009027617,-8.26620344481361,-0.0217795248268294,299.9914856,299.9924316,-19481.826171875,-19361.876953125,56.262402442756,20.5498566154249,9.256284,0,0,0,40,4449,299.90725,-19421.8515625,,,,,,,,,,,,,0,,,,32.2350121,,,,,,299.9919586,,,,
,26460125.705,299.9924316,-19316.9462890625,-8.26387911293453,0.00256798103545961,1,0.999253354069792,40.0298881530762,2.00086430451573,14.9299995973706,-45.162322050703,-8.31601255839525,250,0.0102867652806319,-8.26224790119906,-0.0243456266502986,299.9924316,299.9924316,-19361.876953125,-19272.015625,56.1646988778521,20.5548546084764,9.256284,0,0,0,40,4449,299.907,-19316.9462890625,,,,,,,,,,,,,0,,,,32.2350121,,,,,,299.9924316,,,,
,26460126.645,299.9919586,-19227.08203125,-8.27174482805699,0.00166114997348184,1,0.999253354069792,40.0298881530762,2.00061556186838,14.919999986887,-45.2024790493063,-8.30863952936456,250,0.0129108382784668,-8.2701231235797,-0.0217554628188419,299.9914856,299.9924316,-19272.015625,-19182.1484375,56.3991874336214,20.5451893321705,8.512546,0,0,0,40,4449,299.90765,-19227.08203125,,,,,,,,,,,,,0,,,,32.07481675,,,,,,299.9919586,,,,
,26460127.675,299.99157715,-19127.1796875,-8.26338934903393,0.00229190647677364,1,0.999253354069792,40.0298881530762,2.00098122438473,14.919999986887,-45.1615316235562,-8.31969841815526,250,0.00960901368767361,-8.26175556975972,-0.0250220953433501,299.9914856,299.9916687,-19182.1484375,-19072.2109375,56.1498479359867,20.551523159287,8.884414,0,0,0,40,4449,299.90815,-19127.1796875,,,,,,,,,,,,,0,,,,32.07481675,,,,,,299.99157715,,,,
,26460128.735,299.9922638,-19017.365234375,-8.2580080525694,0.00271695409873913,1,0.999253354069792,40.0298881530762,2.00089284862175,14.919999986887,-45.1322156768319,-8.30292770337494,250,0.0116157637937559,-8.25638349038844,-0.0229939705053518,299.9916687,299.9928589,-19072.2109375,-18962.51953125,56.4077853473329,20.5520271641821,9.256284,0,0,0,40,4449,299.907,-19017.365234375,,,,,,,,,,,,,0,,,,32.2350121,,,,,,299.9922638,,,,
,26460129.79,299.9922943,-18912.603515625,-8.25686259284176,0.00282304347562353,1,0.999253354069792,40.0298881530762,2.00080382556814,14.919999986887,-45.1227513514509,-8.30814028746718,250,0.0103838352425521,-8.25523304909276,-0.0242212838939495,299.9917297,299.9928589,-18962.51953125,-18862.6875,56.3874630058329,20.5497491736182,8.512546,0,0,0,40,4449,299.9081,-18912.603515625,,,,,,,,,,,,,0,,,,32.07481675,,,,,,299.9922943,,,,
,26460130.94,299.9919128,-18797.734375,-8.26152444388295,0.00215253691347674,1,0.999253354069792,40.0298881530762,2.00048568917432,14.919999986887,-45.1438786400159,-8.297263566498,250,0.0130040319925796,-8.25990501342169,-0.0216215643054577,299.9917297,299.9920959,-18862.6875,-18732.78125,56.1936191330636,20.5469680887309,8.884414,0,0,0,40,4449,299.9098,-18797.734375,,,,,,,,,,,,,0,,,,31.9146214,,,,,,299.9919128,,,,
,26460132.01,299.9923248,-18687.8583984375,-8.25008615501613,0.00293292153762542,1,0.999253354069792,40.0298881530762,2.00088168648857,14.919999986887,-45.0873767363898,-8.30191621654717,250,0.0103249986988075,-8.24845764516183,-0.0242525796271791,299.9920959,299.9925537,-18732.78125,-18642.935546875,56.506270540756,20.5521178351811,9.256284,0,0,0,40,4449,299.9109,-18687.8583984375,,,,,,,,,,,,,0,,,,31.75598815,,,,,,299.9923248,,,,
,26460133.08,299.9920807,-18582.97265625,-8.25033839210055,0.00241599489889394,1,0.999253354069792,40.0298881530762,2.00114573317279,14.9299995973706,-45.0945201605868,-8.30342581652316,250,0.0102915107544465,-8.24870970981817,-0.0242876943213143,299.9916077,299.9925537,-18642.935546875,-18523.009765625,55.046970095352,20.5460794483394,8.512546,0,0,0,40,4449,299.91095,-18582.97265625,,,,,,,,,,,,,0,,,,31.9161835,,,,,,299.9920807,,,,
,26460134.335,299.9914551,-18458.1435546875,-8.25163595168478,0.00227171265962527,1,0.999253354069792,40.0298881530762,2.00083538974465,14.919999986887,-45.0963614457612,-8.29503083996865,250,0.0118396097735652,-8.25001361789891,-0.022746047574907,299.9913025,299.9916077,-18523.009765625,-18393.27734375,56.2366087016213,20.5461402307737,9.256284,0,0,0,40,4449,299.9109,-18458.1435546875,,,,,,,,,,,,,0,,,,32.2350121,,,,,,299.9914551,,,,
,26460135.52,299.991333,-18338.2919921875,-8.24905502892053,0.0021620153221965,1,0.999253354069792,40.0298881530762,2.00067952021058,14.919999986887,-45.0774187530303,-8.29943377845597,250,0.0104404722252355,-8.2474273302747,-0.0241347220961193,299.9913025,299.9913635,-18393.27734375,-18283.306640625,56.2741268705444,20.5431794383271,9.256284,0,0,0,40,4449,299.9111,-18338.2919921875,,,,,,,,,,,,,0,,,,31.9161835,,,,,,299.991333,,,,
,26460136.63,299.99061585,-18228.548828125,-8.24095361409666,0.00241248640541134,1,0.999253354069792,40.0298881530762,2.00087146377453,14.919999986887,-45.0372142186922,-8.29284592553673,250,0.0102866226923042,-8.23932707839018,-0.0242551258287933,299.9898682,299.9913635,-18283.306640625,-18173.791015625,56.2131598460444,20.5473497942427,8.512546,0,0,0,40,4449,299.9116,-18228.548828125,,,,,,,,,,,,,0,,,,31.9161835,,,,,,299.99061585,,,,
,26460137.78,299.9901581,-18113.830078125,-8.25045529120055,0.00193892645960124,1,0.999253354069792,40.0298881530762,2.00076915534805,14.919999986887,-45.0891380173196,-8.28989462588328,250,0.0125137204575288,-8.2488362361001,-0.0220690128241136,299.9898682,299.990448,-18173.791015625,-18053.869140625,55.8145293012367,20.5513992181214,8.512546,0,0,0,40,4449,299.91105,-18113.830078125,,,,,,,,,,,,,0,,,,32.2350121,,,,,,299.9901581,,,,
,26460138.72,299.990448,-18018.9814453125,-8.24896841893595,0.002174901662106,1,0.999253354069792,40.0298881530762,2.00048260215781,14.919999986887,-45.0744433667664,-8.2887245479443,250,0.0122410078575691,-8.24734836949044,-0.0223361118554693,299.990448,299.990448,-18053.869140625,-17984.09375,56.4156016325252,20.5491251703974,8.512546,0,0,0,40,4449,299.90995,-18018.9814453125,,,,,,,,,,,,,0,,,,32.07481675,,,,,,299.990448,,,,
,26460139.62,299.99061585,-17929.1474609375,-8.23994699706638,0.00285066372839598,1,0.999253354069792,40.0298881530762,2.00076162595577,14.919999986887,-45.0301405046108,-8.28687051035224,250,0.0111141330694198,-8.23832397021402,-0.0234252710102908,299.990448,299.9907837,-17984.09375,-17874.201171875,56.2858512983329,20.5446770967954,8.884414,0,0,0,40,4449,299.9112,-17929.1474609375,,,,,,,,,,,,,0,,,,32.07481675,,,,,,299.99061585,,,,
,26460140.705,299.99012755,-17819.2978515625,-8.23897542660873,0.00200357616246134,1,0.999253354069792,40.0298881530762,2.00078555020881,14.9299995973706,-45.0245010879705,-8.29060254978317,250,0.010269088030091,-8.23734915609727,-0.0242665621732588,299.9894714,299.9907837,-17874.201171875,-17764.39453125,56.8087607776983,20.5511247655779,8.512546,0,0,0,40,4449,299.91205,-17819.2978515625,,,,,,,,,,,,,0,,,,31.9161835,,,,,,299.99012755,,,,
,26460141.705,299.99093625,-17719.478515625,-8.233865891834,0.00276138124652109,1,0.999253354069792,40.0298881530762,2.00084555923939,14.919999986887,-44.9981892497272,-8.28410090824779,250,0.0105565579374539,-8.23224155568051,-0.0239583634997814,299.9894714,299.9924011,-17764.39453125,-17674.5625,56.3249327242944,20.5492319036531,9.256284,0,0,0,40,4449,299.91145,-17719.478515625,,,,,,,,,,,,,0,,,,31.9161835,,,,,,299.99093625,,,,
,26460142.805,299.99163815,-17609.59765625,-8.2377890484359,0.00224301472237072,1,0.999253354069792,40.0298881530762,2.00083601475495,14.9299995973706,-45.0190885798661,-8.28978945082609,250,0.0102361298440801,-8.23616232535744,-0.0242955424191933,299.9908752,299.9924011,-17674.5625,-17544.6328125,56.3718304354483,20.5479289725786,8.884414,0,0,0,40,4449,299.91315,-17609.59765625,,,,,,,,,,,,,0,,,,32.2350121,,,,,,299.99163815,,,,
,26460143.915,299.9908752,-17499.748046875,-8.23161431233537,0.00195825807619174,1,0.999253354069792,40.0298881530762,2.00128985349779,14.919999986887,-44.994598483893,-8.28914050726824,250,0.00954572155270432,-8.22998614143713,-0.0249603140193825,299.9908752,299.9908752,-17544.6328125,-17454.86328125,56.0685585699867,20.5538582364575,9.256284,0,0,0,40,4449,299.91475,-17499.748046875,,,,,,,,,,,,,0,,,,32.07481675,,,,,,299.9908752,,,,
,26460144.925,299.9917755,-17399.95703125,-8.23090985627651,0.0027231863304316,1,0.999253354069792,40.0298881530762,2.00089892720183,14.9299995973706,-44.9820610632766,-8.28749394986208,250,0.00942819167356176,-8.22928100014872,-0.0250755147377453,299.9908752,299.9926758,-17454.86328125,-17345.05078125,55.852829098679,20.5551263074486,9.256284,0,0,0,40,4449,299.914,-17399.95703125,,,,,,,,,,,,,0,,,,32.07481675,,,,,,299.9917755,,,,
,26460146.1,299.99217225,-17280.1630859375,-8.22855772276852,0.00274763903357492,1,0.999253354069792,40.0298881530762,2.0007780888862,14.919999986887,-44.9689526110664,-8.27172647506606,250,0.0117892803518552,-8.22693906204394,-0.0227056521095454,299.9916687,299.9926758,-17345.05078125,-17215.275390625,56.2264475308713,20.5448066449088,8.512546,0,0,0,40,4449,299.91435,-17280.1630859375,,,,,,,,,,,,,0,,,,32.2350121,,,,,,299.99217225,,,,
,26460147.17,299.99235535,-17175.2900390625,-8.22805689953033,0.00218449700797062,1,0.999253354069792,40.0298881530762,2.00088994740022,14.919999986887,-44.9664828308309,-8.28344438437415,250,0.00963482143960916,-8.22642920011044,-0.024858133708546,299.9916687,299.993042,-17215.275390625,-17135.3046875,56.3991874336214,20.5444920449584,8.512546,0,0,0,40,4449,299.91445,-17175.2900390625,,,,,,,,,,,,,0,,,,32.2350121,,,,,,299.99235535,,,,
,26460148.225,299.99227905,-17070.37109375,-8.22481368044482,0.00283044010082185,1,0.999253354069792,40.0298881530762,2.00067678505972,14.9299995973706,-44.9439988371678,-8.27981637090031,250,0.00954055913441854,-8.22318622014134,-0.0249392653700319,299.9915161,299.993042,-17135.3046875,-17005.4375,56.0185343447559,20.5490111650619,8.884414,0,0,0,40,4449,299.9151,-17070.37109375,,,,,,,,,,,,,0,,,,32.2350121,,,,,,299.99227905,,,,
,26460149.465,299.9915924,-16945.5498046875,-8.2252256758655,0.00218580716239551,1,0.999253354069792,40.0298881530762,2.00094225001837,14.919999986887,-44.9531512648611,-8.27543804837391,250,0.0106150515340258,-8.22360276957392,-0.023867499919678,299.9915161,299.9916687,-17005.4375,-16885.662109375,55.8395414138521,20.5452102814623,8.884414,0,0,0,40,4449,299.91435,-16945.5498046875,,,,,,,,,,,,,0,,,,31.9161835,,,,,,299.9915924,,,,
,26460150.71,299.9918518,-16825.7431640625,-8.21768216096468,0.00289821313247734,1,0.999253354069792,40.0298881530762,2.00082907825603,14.919999986887,-44.9088888245847,-8.27040295902367,250,0.0100552001279948,-8.21605827454029,-0.0243964897020614,299.9916687,299.9920349,-16885.662109375,-16765.82421875,55.6410077699674,20.5500541028376,9.256284,0,0,0,40,4449,299.9127,-16825.7431640625,,,,,,,,,,,,,0,,,,31.75598815,,,,,,299.9918518,,,,
,26460151.805,299.99171445,-16715.861328125,-8.22023497453092,0.00206959957379471,1,0.999253354069792,40.0298881530762,2.00091405085435,14.9299995973706,-44.9251719377737,-8.27076587898873,250,0.010525151407742,-8.2186125479252,-0.0239376940827007,299.991394,299.9920349,-16765.82421875,-16665.8984375,56.4077853473329,20.5493971402853,9.256284,0,0,0,40,4449,299.91445,-16715.861328125,,,,,,,,,,,,,0,,,,31.9146214,,,,,,299.99171445,,,,
,26460152.88,299.99186705,-16605.7587890625,-8.21460818234542,0.00238297344638483,1,0.999253354069792,40.0298881530762,2.0008702590238,14.919999986887,-44.8933851614353,-8.26534324514243,250,0.0104426121045533,-8.21298644194552,-0.0239972785097984,299.991394,299.9923401,-16665.8984375,-16545.619140625,56.350726465429,20.5483178568449,8.512546,0,0,0,40,4449,299.91405,-16605.7587890625,,,,,,,,,,,,,0,,,,31.9146214,,,,,,299.99186705,,,,
,26460154.045,299.9927368,-16490.5712890625,-8.22444133674426,0.00165516198057799,1,0.999253354069792,40.0298881530762,2.00045833794863,14.919999986887,-44.9413714380286,-8.25594837866469,250,0.0136828173525686,-8.22283085158329,-0.0207996987214488,299.9923401,299.9931335,-16545.619140625,-16435.5234375,55.2290895403328,20.5513857085775,9.256284,0,0,0,40,4449,299.91315,-16490.5712890625,,,,,,,,,,,,,0,,,,32.07481675,,,,,,299.9927368,,,,
,26460155.08,299.9926147,-16385.59765625,-8.22047111787432,0.00208023154443244,1,0.999253354069792,40.0298881530762,2.00027755878619,14.919999986887,-44.9131370106002,-8.26516567973248,250,0.0111264884375204,-8.2188507138989,-0.02333932349356,299.9920959,299.9931335,-16435.5234375,-16335.671875,56.1615723637752,20.5440992477293,9.256284,0,0,0,40,4449,299.91395,-16385.59765625,,,,,,,,,,,,,0,,,,32.07481675,,,,,,299.9926147,,,,
,26460156.11,299.99208065,-16280.7270507813,-8.21491714000055,0.00175234084500041,1,0.999253354069792,40.0298881530762,2.00057737010921,14.919999986887,-44.8897654340383,-8.25854904726221,250,0.0115295472540255,-8.213299648661,-0.0229137434635161,299.9920654,299.9920959,-16335.671875,-16225.7822265625,55.913796123179,20.5458216778586,9.256284,0,0,0,40,4449,299.9131,-16280.7270507813,,,,,,,,,,,,,0,,,,32.07481675,,,,,,299.99208065,,,,
,26460157.185,299.9919891,-16175.7709960938,-8.21622067559108,0.00155542943668915,1,0.999253354069792,40.0298881530762,2.00077587981774,14.919999986887,-44.9017028708571,-8.25811212298084,250,0.0119978977010163,-8.21460486555496,-0.0224514304427287,299.9919128,299.9920654,-16225.7822265625,-16125.759765625,56.5781803645252,20.5479546994915,8.884414,0,0,0,40,4449,299.91375,-16175.7709960938,,,,,,,,,,,,,0,,,,31.9161835,,,,,,299.9919891,,,,
,26460158.25,299.99230955,-16070.8666992187,-8.20435151146209,0.00190095559704787,1,0.999253354069792,40.0298881530762,2.00086079619846,14.9299995973706,-44.8362118849984,-8.25989771954979,250,0.00953332792587119,-8.20272762252288,-0.0248663222080056,299.9919128,299.9927063,-16125.759765625,-16015.9736328125,55.8395414138521,20.545173083192,8.512546,0,0,0,40,4449,299.9136,-16070.8666992187,,,,,,,,,,,,,0,,,,31.9161835,,,,,,299.99230955,,,,
,26460159.485,299.9929199,-15946.0239257813,-8.2027064200077,0.00239406804236541,1,0.999253354069792,40.0298881530762,2.00091866083775,14.919999986887,-44.8296989680951,-8.2519203749599,250,0.010731704740757,-8.2010876234419,-0.0236621367411544,299.9927063,299.9931335,-16015.9736328125,-15876.07421875,56.350726465429,20.5481154855673,8.512546,0,0,0,40,4449,299.9123,-15946.0239257813,,,,,,,,,,,,,0,,,,31.9161835,,,,,,299.9929199,,,,
,26460160.75,299.99201965,-15816.189453125,-8.1983834206057,0.0023852090595082,1,0.999253354069792,40.0298881530762,2.00086886873463,14.919999986887,-44.8058166896578,-8.24289812587322,250,0.0115453628223233,-8.19676913084043,-0.0228310790013219,299.9909058,299.9931335,-15876.07421875,-15756.3046875,56.8150138058522,20.545011715714,8.512546,0,0,0,40,4449,299.9133,-15816.189453125,,,,,,,,,,,,,0,,,,31.9161835,,,,,,299.99201965,,,,
,26460161.735,299.9909058,-15716.4208984375,-8.20009816548922,0.00254754967631427,1,0.999253354069792,40.0298881530762,2.00073944534535,14.919999986887,-44.8109513618081,-8.2517217301709,250,0.0101538339449803,-8.19847797131072,-0.0242301310961357,299.9909058,299.9909058,-15756.3046875,-15676.537109375,55.2072039417943,20.545161236116,8.512546,0,0,0,40,4449,299.9127,-15716.4208984375,,,,,,,,,,,,,0,,,,32.07481675,,,,,,299.9909058,,,,
,26460162.775,299.99143985,-15616.6240234375,-8.20267551354481,0.00185843763624265,1,0.999253354069792,40.0298881530762,2.00056311811577,14.9299995973706,-44.8220936298787,-8.24870012770898,250,0.0110556669639671,-8.20105835768834,-0.0233399015254568,299.9909058,299.9919739,-15676.537109375,-15556.7109375,56.0365118006982,20.5522806437655,8.884414,0,0,0,40,4449,299.9121,-15616.6240234375,,,,,,,,,,,,,0,,,,31.9146214,,,,,,299.99143985,,,,
,26460164.04,299.9918976,-15491.810546875,-8.19458248079715,0.00242505952396254,1,0.999253354069792,40.0298881530762,2.00092161086995,14.919999986887,-44.7855734768414,-8.24263357367991,250,0.0109294127041589,-8.19296625496511,-0.023432651505575,299.9918213,299.9919739,-15556.7109375,-15426.91015625,56.2467698723713,20.5457635083542,9.256284,0,0,0,40,4449,299.91365,-15491.810546875,,,,,,,,,,,,,0,,,,32.07481675,,,,,,299.9918976,,,,
,26460165.21,299.99198915,-15371.9946289062,-8.18926789512469,0.00225233024474494,1,0.999253354069792,40.0298881530762,2.00095739386177,14.919999986887,-44.7587270642606,-8.22977582616199,250,0.0123240318588767,-8.18765850693868,-0.0220166615875203,299.9918213,299.992157,-15426.91015625,-15317.0791015625,55.9872692039867,20.5425835500364,9.256284,0,0,0,40,4449,299.9137,-15371.9946289062,,,,,,,,,,,,,0,,,,32.2350121,,,,,,299.99198915,,,,
,26460166.29,299.99168395,-15262.16015625,-8.18505817259558,0.00278006621995206,1,0.999253354069792,40.0298881530762,2.00086970778222,14.9299995973706,-44.7317971100279,-8.23603865189342,250,0.0103335611779222,-8.18344131728059,-0.0239897751471558,299.9912109,299.992157,-15317.0791015625,-15207.2412109375,56.3991874336214,20.5483438243514,9.256284,0,0,0,40,4449,299.91285,-15262.16015625,,,,,,,,,,,,,0,,,,32.2350121,,,,,,299.99168395,,,,
,26460167.455,299.99176025,-15147.2504882812,-8.19232050843028,0.00199153189339096,1,0.999253354069792,40.0298881530762,2.0010713609463,14.919999986887,-44.7758658729246,-8.24425284339549,250,0.010325555005618,-8.19070206958892,-0.0240287939520293,299.9912109,299.9923096,-15207.2412109375,-15087.259765625,56.2397352156983,20.5502202181531,9.256284,0,0,0,40,4449,299.9132,-15147.2504882812,,,,,,,,,,,,,0,,,,32.2350121,,,,,,299.99176025,,,,
,26460168.54,299.9922638,-15042.361328125,-8.18633656526226,0.00228141424802725,1,0.999253354069792,40.0298881530762,2.00075152951372,14.9299995973706,-44.7355860783893,-8.24019654452267,250,0.00972374663829175,-8.18471662186376,-0.024605834737125,299.992218,299.9923096,-15087.259765625,-14997.462890625,56.2162863601213,20.5531160712562,9.256284,0,0,0,40,4449,299.914,-15042.361328125,,,,,,,,,,,,,0,,,,32.2350121,,,,,,299.9922638,,,,
,26460169.515,299.99238585,-14947.599609375,-8.18386942292794,0.00197764463506726,1,0.999253354069792,40.0298881530762,2.00086008864979,14.9299995973706,-44.7232700717092,-8.24461353115309,250,0.00853798555181607,-8.18224493456221,-0.0257813887904908,299.992218,299.9925537,-14997.462890625,-14897.736328125,56.0302587725444,20.5467919942619,8.512546,0,0,0,40,4449,299.9149,-14947.599609375,,,,,,,,,,,,,0,,,,32.2350121,,,,,,299.99238585,,,,
,26460170.58,299.99250795,-14842.8051757813,-8.18077516128269,0.00279961272506767,1,0.999253354069792,40.0298881530762,2.00071005235116,14.919999986887,-44.7050436495332,-8.23037095081134,250,0.0104614580301362,-8.17915927076927,-0.0238459449686373,299.9924622,299.9925537,-14897.736328125,-14787.8740234375,55.8645535264675,20.551640018408,8.884414,0,0,0,40,4449,299.91445,-14842.8051757813,,,,,,,,,,,,,0,,,,32.2350121,,,,,,299.99250795,,,,
,26460171.595,299.9922638,-14737.9379882812,-8.18260532950877,0.00276216418294038,1,0.999253354069792,40.0298881530762,2.00063329425358,14.9299995973706,-44.7132320141874,-8.23266347966324,250,0.0103255636024183,-8.18098850292601,-0.0239902016994963,299.9920654,299.9924622,-14787.8740234375,-14688.001953125,56.0474545999675,20.5416994960428,9.256284,0,0,0,40,4449,299.91325,-14737.9379882812,,,,,,,,,,,,,0,,,,32.2350121,,,,,,299.9922638,,,,
,26460172.68,299.9928894,-14628.103515625,-8.17703007016984,0.00212343817052175,1,0.999253354069792,40.0298881530762,2.0008562379448,14.9299995973706,-44.6858642603183,-8.23740762363334,250,0.00858782534765922,-8.17540682789155,-0.0257049468840332,299.9920654,299.9937134,-14688.001953125,-14568.205078125,56.2616208142367,20.5480928641843,9.256284,0,0,0,40,4449,299.91205,-14628.103515625,,,,,,,,,,,,,0,,,,32.2350121,,,,,,299.9928894,,,,
,26460173.76,299.99349975,-14523.2861328125,-8.18245438864915,0.00156674603800588,1,0.999253354069792,40.0298881530762,2.00077615768995,14.919999986887,-44.7161764148082,-8.22952594693072,250,0.0109780069036385,-8.18083982447981,-0.0233386291460805,299.9932861,299.9937134,-14568.205078125,-14478.3671875,56.4335790884675,20.5498238026896,9.256284,0,0,0,40,4449,299.91145,-14523.2861328125,,,,,,,,,,,,,0,,,,32.07481675,,,,,,299.99349975,,,,
,26460174.725,299.99298095,-14423.400390625,-8.1749263149097,0.00266566456621001,1,0.999253354069792,40.0298881530762,2.00074215900709,14.919999986887,-44.6717367516838,-8.23562758669302,250,0.00844024526549926,-8.17330280439704,-0.0258441809283273,299.9926758,299.9932861,-14478.3671875,-14368.43359375,56.2749084990636,20.5541117568721,9.256284,0,0,0,40,4449,299.91625,-14423.400390625,,,,,,,,,,,,,0,,,,31.9146214,,,,,,299.99298095,,,,
,26460175.825,299.99305725,-14313.53515625,-8.17640307677526,0.00184754539179243,1,0.999253354069792,40.0298881530762,2.0006962757248,14.919999986887,-44.6816486862591,-8.22160960765125,250,0.0112461345402175,-8.17479101819033,-0.0230449735327323,299.9926758,299.9934387,-14368.43359375,-14258.63671875,56.1342153656021,20.5476990539598,9.256284,0,0,0,40,4449,299.9211,-14313.53515625,,,,,,,,,,,,,0,,,,31.9146214,,,,,,299.99305725,,,,
,26460176.89,299.9937439,-14208.6860351562,-8.17236381562909,0.00224478397749413,1,0.999253354069792,40.0298881530762,2.00067581131432,14.919999986887,-44.6595740069601,-8.21506418334145,250,0.0116806593963564,-8.17075414614502,-0.0225940774784218,299.9934387,299.9940491,-14258.63671875,-14158.7353515625,55.7418378489482,20.543771579558,9.256284,0,0,0,40,4449,299.9216,-14208.6860351562,,,,,,,,,,,,,0,,,,32.07481675,,,,,,299.9937439,,,,
,26460177.945,299.993927,-14103.8779296875,-8.16913168161059,0.00256657727038981,1,0.999253354069792,40.0298881530762,2.00063750286795,14.919999986887,-44.6395223959231,-8.22004875475309,250,0.0101414406358528,-8.16751610167011,-0.0241200163457394,299.9938049,299.9940491,-14158.7353515625,-14049.0205078125,56.4335790884675,20.54739113277,9.256284,0,0,0,40,4449,299.9213,-14103.8779296875,,,,,,,,,,,,,0,,,,32.07481675,,,,,,299.993927,,,,
,26460179.165,299.99316405,-13979.1728515625,-8.16335220266677,0.00228001327801034,1,0.999253354069792,40.0298881530762,2.0008866872433,14.919999986887,-44.6112500905837,-8.22659480887713,250,0.00805520338788535,-8.16172919628695,-0.0261824243588394,299.9925232,299.9938049,-14049.0205078125,-13909.3251953125,56.2069068178906,20.5501757322885,9.256284,0,0,0,40,4449,299.91995,-13979.1728515625,,,,,,,,,,,,,0,,,,31.75598815,,,,,,299.99316405,,,,
,26460180.445,299.99238585,-13849.365234375,-8.16401189567578,0.00218748578059917,1,0.999253354069792,40.0298881530762,2.00056803316781,14.919999986887,-44.6107469989522,-8.21079313752507,250,0.010837172946563,-8.16240057343842,-0.0234046569575427,299.9922485,299.9925232,-13909.3251953125,-13789.4052734375,55.527671634679,20.5441645175399,9.256284,0,0,0,40,4449,299.9185,-13849.365234375,,,,,,,,,,,,,0,,,,31.75598815,,,,,,299.99238585,,,,
,26460181.63,299.99308775,-13734.5180664062,-8.16075649989395,0.00217098763177853,1,0.999253354069792,40.0298881530762,2.00083977819645,14.919999986887,-44.6004958886941,-8.19978837154387,250,0.0124475312472325,-8.15915229305292,-0.0217818912555762,299.9922485,299.993927,-13789.4052734375,-13679.630859375,56.6727574153522,20.5472925224879,8.512546,0,0,0,40,4449,299.9161,-13734.5180664062,,,,,,,,,,,,,0,,,,32.07481675,,,,,,299.99308775,,,,
,26460182.765,299.99349975,-13619.6518554687,-8.15542843719753,0.00210534312459896,1,0.999253354069792,40.0298881530762,2.00092631500081,14.919999986887,-44.5713816178053,-8.2048817562198,250,0.0105912201885396,-8.15381734419614,-0.023616086506586,299.9930725,299.993927,-13679.630859375,-13559.6728515625,56.384336491756,20.5465605780236,8.512546,0,0,0,40,4449,299.916,-13619.6518554687,,,,,,,,,,,,,0,,,,32.2350121,,,,,,299.99349975,,,,
,26460183.775,299.9930725,-13519.7426757813,-8.1613462720693,0.00197894442980171,1,0.999253354069792,40.0298881530762,2.00083901577465,14.9299995973706,-44.6028605120149,-8.20491628709157,250,0.0116188302086532,-8.15973837330538,-0.0226139546760712,299.9930725,299.9930725,-13559.6728515625,-13479.8125,56.8236117195637,20.5464075403044,8.512546,0,0,0,40,4449,299.9165,-13519.7426757813,,,,,,,,,,,,,0,,,,31.9161835,,,,,,299.9930725,,,,
,26460184.75,299.99345395,-13424.8950195313,-8.15002513631928,0.00254424212418318,1,0.999253354069792,40.0298881530762,2.0008779401236,14.919999986887,-44.5388873856721,-8.20957388193536,250,0.0086960527134486,-8.14840711720886,-0.0254891239005105,299.9930725,299.9938354,-13479.8125,-13369.9775390625,56.1013869677944,20.5469011488381,8.512546,0,0,0,40,4449,299.91665,-13424.8950195313,,,,,,,,,,,,,0,,,,31.75598815,,,,,,299.99345395,,,,
,26460185.875,299.9937286,-13309.6748046875,-8.15576881906316,0.00189472154649595,1,0.999253354069792,40.0298881530762,2.0007008900893,14.919999986887,-44.5690310630073,-8.2006288001916,250,0.0112693885132776,-8.15416028396548,-0.0229410346737397,299.9936218,299.9938354,-13369.9775390625,-13249.3720703125,56.6680676442368,20.5502107486367,8.512546,0,0,0,40,4449,299.91635,-13309.6748046875,,,,,,,,,,,,,0,,,,32.07481675,,,,,,299.9937286,,,,
,26460186.915,299.99365235,-13204.3046875,-8.15782651828794,0.00181313019169147,1,0.999253354069792,40.0298881530762,2.0007298891826,14.919999986887,-44.580430720453,-8.20537350358196,250,0.0108044723836363,-8.15621556314684,-0.0234152720046795,299.9936218,299.9936829,-13249.3720703125,-13159.2373046875,56.6094455052945,20.553213532402,8.512546,0,0,0,40,4449,299.91455,-13204.3046875,,,,,,,,,,,,,0,,,,32.2350121,,,,,,299.99365235,,,,
,26460187.96,299.994339,-13099.2465820312,-8.14874929757815,0.00234322920992182,1,0.999253354069792,40.0298881530762,2.00082718408781,14.919999986887,-44.5305024283671,-8.20975219631717,250,0.00839168332456866,-8.147129795364,-0.025790156816135,299.9936829,299.9949951,-13159.2373046875,-13039.255859375,56.2905410694483,20.5511444454901,9.256284,0,0,0,40,4449,299.91365,-13099.2465820312,,,,,,,,,,,,,0,,,,32.2350121,,,,,,299.994339,,,,
,26460189.015,299.99401855,-12994.2690429688,-8.14082240481885,0.00258870476764966,1,0.999253354069792,40.0298881530762,2.00085219674214,14.919999986887,-44.4884197999156,-8.19812725184104,250,0.00906851860585245,-8.13920737774002,-0.025080935343042,299.993042,299.9949951,-13039.255859375,-12949.2822265625,56.066213684429,20.5485135598991,8.884414,0,0,0,40,4449,299.91225,-12994.2690429688,,,,,,,,,,,,,0,,,,32.2350121,,,,,,299.99401855,,,,
,26460190.065,299.99360655,-12889.3447265625,-8.13477257451125,0.00266082310154294,1,0.999253354069792,40.0298881530762,2.00099361110606,14.9299995973706,-44.4561868634232,-8.20464866531173,250,0.00685733960217165,-8.13314955144264,-0.027267046662562,299.993042,299.9941711,-12949.2822265625,-12829.4072265625,55.7394929633905,20.5527900275001,8.512546,0,0,0,40,4449,299.9106,-12889.3447265625,,,,,,,,,,,,,0,,,,32.2350121,,,,,,299.99360655,,,,
,26460191.2,299.9937286,-12774.4790039062,-8.14100214779446,0.00257048154205234,1,0.999253354069792,40.0298881530762,2.00090285069458,14.9299995973706,-44.4897460417731,-8.20257458745063,250,0.00832636835942824,-8.13938391800321,-0.0258251475827187,299.9932861,299.9941711,-12829.4072265625,-12719.55078125,56.821266834006,20.5471605552063,9.256284,0,0,0,40,4449,299.90975,-12774.4790039062,,,,,,,,,,,,,0,,,,32.2350121,,,,,,299.9937286,,,,
,26460192.9,299.99275205,-12604.68359375,-8.13128243123323,0.00246297489772452,1,0.999253354069792,40.0298881530762,2.0010026009143,14.9299995973706,-44.4406932334579,-8.18291186981013,250,0.0101962487224625,-8.12967424566469,-0.0239155636661914,299.992218,299.9932861,-12719.55078125,-12489.81640625,56.7688977232175,20.5545071202693,9.256284,0,0,0,40,4449,299.91105,-12604.68359375,,,,,,,,,,,,,0,,,,32.07481675,,,,,,299.99275205,,,,
,26460194.655,299.9920044,-12429.9643554687,-8.13659294525378,0.00244691414383362,1,0.999253354069792,40.0298881530762,2.00042974603669,14.9299995973706,-44.4595509665265,-8.17388014435401,250,0.0124172767346482,-8.13499313467376,-0.0217181840595035,299.9917908,299.992218,-12489.81640625,-12370.1123046875,56.445303516256,20.5448722237937,9.256284,0,0,0,40,4449,299.9108,-12429.9643554687,,,,,,,,,,,,,0,,,,32.07481675,,,,,,299.9920044,,,,
,26460195.865,299.9922333,-12310.2133789062,-8.13435204135065,0.00251604998551849,1,0.999253354069792,40.0298881530762,2.0008473445722,14.919999986887,-44.4536190652514,-8.18801676354079,250,0.00971960831161523,-8.13274121965444,-0.0244067454069823,299.9917908,299.9926758,-12370.1123046875,-12250.314453125,56.4781319140637,20.5443787299012,8.512546,0,0,0,40,4449,299.90905,-12310.2133789062,,,,,,,,,,,,,0,,,,31.9161835,,,,,,299.9922333,,,,
,26460196.985,299.99209595,-12200.36328125,-8.13041887248459,0.00232767740878665,1,0.999253354069792,40.0298881530762,2.00076412481894,14.9299995973706,-44.4308466243788,-8.18090372270455,250,0.0102318406355474,-8.12881100236369,-0.0238785034622131,299.9915161,299.9926758,-12250.314453125,-12150.412109375,56.117019538179,20.5444789322387,8.512546,0,0,0,40,4449,299.9103,-12200.36328125,,,,,,,,,,,,,0,,,,31.9161835,,,,,,299.99209595,,,,
,26460198.12,299.99197385,-12090.4916992187,-8.13156142730282,0.00203937125523411,1,0.999253354069792,40.0298881530762,2.00054661514264,14.919999986887,-44.4329593713042,-8.17807041288736,250,0.0108041520549041,-8.12995571547343,-0.0233115946355391,299.9915161,299.9924316,-12150.412109375,-12030.5712890625,56.2100333319675,20.5512436575195,8.512546,0,0,0,40,4449,299.91075,-12090.4916992187,,,,,,,,,,,,,0,,,,32.2350121,,,,,,299.99197385,,,,
,26460199.335,299.99220275,-11965.6142578125,-8.12861382389507,0.00206269537023891,1,0.999253354069792,40.0298881530762,2.00057513594322,14.919999986887,-44.4174282110158,-8.17544131653581,250,0.0107603989346013,-8.1270083834162,-0.0233437554416171,299.9919739,299.9924316,-12030.5712890625,-11900.6572265625,56.1842395908329,20.5487734502033,8.884414,0,0,0,40,4449,299.9096,-11965.6142578125,,,,,,,,,,,,,0,,,,32.07481675,,,,,,299.99220275,,,,
,26460200.475,299.99105835,-11850.6606445313,-8.12200146840102,0.00217817021843235,1,0.999253354069792,40.0298881530762,2.00089040796876,14.919999986887,-44.3873417254648,-8.17421618421981,250,0.00998885020385668,-8.12039443332159,-0.0240878563552438,299.9901428,299.9919739,-11900.6572265625,-11800.6640625,55.9005084383521,20.5495360977245,8.884414,0,0,0,40,4449,299.91055,-11850.6606445313,,,,,,,,,,,,,0,,,,32.07481675,,,,,,299.99105835,,,,
,26460201.525,299.99028015,-11745.7021484375,-8.11578866863118,0.00282500869855932,1,0.999253354069792,40.0298881530762,2.00078739257295,14.9299995973706,-44.349927990354,-8.17421705308479,250,0.00876210116956629,-8.11417793448536,-0.0252887767274422,299.9901428,299.9904175,-11800.6640625,-11690.740234375,56.4984542555637,20.5490287345379,8.512546,0,0,0,40,4449,299.91085,-11745.7021484375,,,,,,,,,,,,,0,,,,32.07481675,,,,,,299.99028015,,,,
,26460202.675,299.99017335,-11630.8461914062,-8.11983475889673,0.00238824412879681,1,0.999253354069792,40.0298881530762,2.00062184817289,14.919999986887,-44.3709796616853,-8.16404324259393,250,0.0112545940440058,-8.11823363167904,-0.0228143990285861,299.9899292,299.9904175,-11690.740234375,-11570.9521484375,55.8926921531598,20.545076284475,8.512546,0,0,0,40,4449,299.9104,-11630.8461914062,,,,,,,,,,,,,0,,,,32.07481675,,,,,,299.99017335,,,,
,26460203.75,299.9899292,-11525.95703125,-8.11502326040472,0.00217661476919017,1,0.999253354069792,40.0298881530762,2.00074553954882,14.9299995973706,-44.3477828619916,-8.15741472087471,250,0.0116662939709518,-8.11342485444357,-0.0223831792723959,299.9899292,299.9899292,-11570.9521484375,-11480.9619140625,56.3077368968713,20.5445763168648,9.256284,0,0,0,40,4449,299.90995,-11525.95703125,,,,,,,,,,,,,0,,,,32.07481675,,,,,,299.9899292,,,,
,26460204.765,299.98976135,-11421.0473632813,-8.11462970264331,0.00211997223467748,1,0.999253354069792,40.0298881530762,2.000854575061,14.919999986887,-44.3465685181141,-8.16510618921065,250,0.0102653962264748,-8.11302550112739,-0.0237826431251922,299.9895935,299.9899292,-11480.9619140625,-11361.1328125,56.7126204698329,20.5472266637969,9.256284,0,0,0,40,4449,299.9101,-11421.0473632813,,,,,,,,,,,,,0,,,,31.9146214,,,,,,299.98976135,,,,
,26460205.94,299.98991395,-11301.1513671875,-8.11105396237692,0.00260153406041944,1,0.999253354069792,40.0298881530762,2.0008440905416,14.919999986887,-44.3276822495147,-8.15670939037834,250,0.0111320091201343,-8.1094540316945,-0.0229016775147037,299.9895935,299.9902344,-11361.1328125,-11241.169921875,55.6738361677751,20.5470967677471,8.512546,0,0,0,40,4449,299.911,-11301.1513671875,,,,,,,,,,,,,0,,,,32.07481675,,,,,,299.98991395,,,,
,26460206.985,299.9902344,-11201.18359375,-8.10995474140125,0.00272224766334949,1,0.999253354069792,40.0298881530762,2.00082721976633,14.9299995973706,-44.319544128181,-8.16505939473463,250,0.00938806153316871,-8.10834757737267,-0.0246411134185986,299.9902344,299.9902344,-11241.169921875,-11161.197265625,56.4343607169867,20.5490076985128,9.256284,0,0,0,40,4449,299.9113,-11201.18359375,,,,,,,,,,,,,0,,,,32.2350121,,,,,,299.9902344,,,,
,26460208.045,299.99024965,-11096.1762695312,-8.10059597678585,0.00268957608258661,1,0.999253354069792,40.0298881530762,2.00108440263768,14.919999986887,-44.2705305177162,-8.17507836266377,250,0.0060068729548828,-8.09897647237682,-0.0279828601491119,299.9902344,299.9902649,-11161.197265625,-11031.1552734375,55.4698311242559,20.5514107362738,9.256284,0,0,0,40,4449,299.91135,-11096.1762695312,,,,,,,,,,,,,0,,,,32.2350121,,,,,,299.99024965,,,,
,26460209.28,299.9903412,-10971.185546875,-8.10041855346982,0.00236509536839569,1,0.999253354069792,40.0298881530762,2.00062736599741,14.919999986887,-44.2646854351466,-8.14622090575587,250,0.0109237256413923,-8.09881962311915,-0.0230669372975952,299.9902649,299.9904175,-11031.1552734375,-10911.2158203125,56.2498963864483,20.5451282602908,8.884414,0,0,0,40,4449,299.9109,-10971.185546875,,,,,,,,,,,,,0,,,,32.2350121,,,,,,299.9903412,,,,
,26460210.435,299.98983765,-10856.2319335938,-8.09919402325805,0.00260784536638358,1,0.999253354069792,40.0298881530762,2.00069059637066,14.9299995973706,-44.2571841233615,-8.156963850917,250,0.00877676206180684,-8.09758643239684,-0.0252088588434907,299.9892578,299.9904175,-10911.2158203125,-10801.248046875,56.7212183835445,20.5443858072387,9.256284,0,0,0,40,4449,299.91115,-10856.2319335938,,,,,,,,,,,,,0,,,,32.2350121,,,,,,299.98983765,,,,
,26460211.505,299.9899292,-10746.3471679688,-8.09383276484262,0.00228414133695258,1,0.999253354069792,40.0298881530762,2.00097051003759,14.919999986887,-44.2331799157472,-8.15666289214545,250,0.00804151776136816,-8.09222312733684,-0.0259216952571131,299.9892578,299.9906006,-10801.248046875,-10691.4462890625,56.5828701356406,20.5476902099891,9.256284,0,0,0,40,4449,299.9134,-10746.3471679688,,,,,,,,,,,,,0,,,,31.9161835,,,,,,299.9899292,,,,
,26460212.585,299.99002075,-10636.5380859375,-8.08967342989938,0.00216644559792063,1,0.999253354069792,40.0298881530762,2.00100242245515,14.919999986887,-44.211818062496,-8.14891840608754,250,0.0087113507755465,-8.08806736540985,-0.0252351159858686,299.9894409,299.9906006,-10691.4462890625,-10581.6298828125,56.3366571520829,20.5525878916203,8.512546,0,0,0,40,4449,299.91315,-10636.5380859375,,,,,,,,,,,,,0,,,,31.9161835,,,,,,299.99002075,,,,
,26460213.595,299.98924255,-10536.6274414062,-8.0879706699885,0.00212319941135307,1,0.999253354069792,40.0298881530762,2.00096391089794,14.919999986887,-44.2017744884575,-8.14656199882383,250,0.00879945263997683,-8.0863655022413,-0.0251404154321302,299.9890442,299.9894409,-10581.6298828125,-10491.625,56.1787681911983,20.5424297809706,9.256284,0,0,0,40,4449,299.91285,-10536.6274414062,,,,,,,,,,,,,0,,,,32.07481675,,,,,,299.98924255,,,,
,26460214.665,299.98916625,-10431.630859375,-8.09098073919716,0.00208779902550974,1,0.999253354069792,40.0298881530762,2.00098189469568,14.919999986887,-44.2200646912252,-8.14183187589657,250,0.0102367934081436,-8.0893809710577,-0.023716448300334,299.9890442,299.9892883,-10491.625,-10371.63671875,56.1826763337944,20.5513118197734,8.512546,0,0,0,40,4449,299.9133,-10431.630859375,,,,,,,,,,,,,0,,,,32.07481675,,,,,,299.98916625,,,,
,26460215.835,299.98957825,-10316.654296875,-8.0915260027906,0.00286019633643404,1,0.999253354069792,40.0298881530762,2.00052688910415,14.919999986887,-44.2126607332184,-8.1437108041512,250,0.00966416652382942,-8.08992354264267,-0.0242918255812706,299.9892883,299.9898682,-10371.63671875,-10261.671875,56.729816297256,20.5530725853982,9.256284,0,0,0,40,4449,299.91315,-10316.654296875,,,,,,,,,,,,,0,,,,32.2350121,,,,,,299.98957825,,,,
,26460216.85,299.9894104,-10216.6782226562,-8.09208677562662,0.00191368834494889,1,0.999253354069792,40.0298881530762,2.00052922439728,14.9299995973706,-44.2179898045881,-8.13234171718276,250,0.0118513127709335,-8.09049340037158,-0.0221077808619745,299.9889526,299.9898682,-10261.671875,-10171.6845703125,56.5179949685444,20.549049407507,9.256284,0,0,0,40,4449,299.9145,-10216.6782226562,,,,,,,,,,,,,0,,,,31.9161835,,,,,,299.9894104,,,,
,26460217.825,299.9889526,-10116.7407226562,-8.08941557881334,0.00184827553411653,1,0.999253354069792,40.0298881530762,2.00062421966874,14.919999986887,-44.2048013261393,-8.13347763687585,250,0.0112173706595564,-8.08782018554207,-0.0227307688195658,299.9889526,299.9889526,-10171.6845703125,-10061.796875,56.7524835243137,20.5508114961829,9.256284,0,0,0,40,4449,299.91525,-10116.7407226562,,,,,,,,,,,,,0,,,,31.9161835,,,,,,299.9889526,,,,
,26460218.95,299.98886105,-10001.5708007813,-8.08781514184162,0.00208123939983042,1,0.999253354069792,40.0298881530762,2.00047068323617,14.919999986887,-44.1928851241698,-8.13052884454553,250,0.0113495618611212,-8.0862206041857,-0.022592424684735,299.9887695,299.9889526,-10061.796875,-9941.3447265625,56.2475515008906,20.5500334484823,8.512546,0,0,0,40,4449,299.9154,-10001.5708007813,,,,,,,,,,,,,0,,,,31.9161835,,,,,,299.98886105,,,,
,26460220.115,299.98893735,-9886.24853515625,-8.08264469468294,0.00226712613558307,1,0.999253354069792,40.0298881530762,2.00077802625687,14.919999986887,-44.1698430503658,-8.13411631547131,250,0.00995749560835126,-8.08104529751449,-0.0239629792808395,299.9887695,299.9891052,-9941.3447265625,-9831.15234375,56.0974788251982,20.5484201852738,9.256284,0,0,0,40,4449,299.91605,-9886.24853515625,,,,,,,,,,,,,0,,,,31.9161835,,,,,,299.98893735,,,,
,26460221.25,299.98898315,-9771.166015625,-8.08407174236161,0.00180460416399655,1,0.999253354069792,40.0298881530762,2.00044361283053,14.9299995973706,-44.1726832287789,-8.12215112563044,250,0.0121702339084685,-8.08248129374467,-0.0217570309519327,299.9888611,299.9891052,-9831.15234375,-9711.1796875,56.3546346080252,20.5489767772626,9.256284,0,0,0,40,4449,299.91755,-9771.166015625,,,,,,,,,,,,,0,,,,31.9161835,,,,,,299.98898315,,,,
,26460223.215,299.9883118,-9576.20703125,-8.07827308202847,0.00178817755441338,1,0.999253354069792,40.0298881530762,2.00071457008539,14.919999986887,-44.1441654627642,-8.13174902624774,250,0.00953533303930535,-8.07667287474936,-0.02436788277014,299.9883118,299.9883118,-9581.1630859375,-9571.2509765625,54.5420380719289,20.5503026882115,9.256284,0,0,0,40,4449,299.9184,-9576.20703125,,,,,,,,,,,,,0,,,,32.2350121,,,,,,299.9883118,,,,
,26460223.84,299.9880524,-9516.2236328125,-8.07519121843174,0.00180228887482093,1,0.999253354069792,40.0298881530762,2.00057164336389,14.9299995973706,-44.1252666113457,-8.1226095505851,250,0.0105334494588647,-8.07359587984924,-0.0233572753269854,299.987793,299.9883118,-9571.2509765625,-9461.1962890625,56.2147231030829,20.5468821667738,8.512546,0,0,0,40,4449,299.91875,-9516.2236328125,,,,,,,,,,,,,0,,,,32.2350121,,,,,,299.9880524,,,,
,26460224.925,299.9882355,-9406.2177734375,-8.0727093205215,0.00230515506199842,1,0.999253354069792,40.0298881530762,2.00055685710043,14.919999986887,-44.1124723834577,-8.11419810111266,250,0.0116027356228652,-8.07111887052122,-0.0222782943390959,299.987793,299.988678,-9461.1962890625,-9351.2392578125,56.7243448976214,20.5475714010002,9.256284,0,0,0,40,4449,299.9189,-9406.2177734375,,,,,,,,,,,,,0,,,,32.2350121,,,,,,299.9882355,,,,
,26460226,299.9884186,-9296.2744140625,-8.06841825133079,0.00240695782452925,1,0.999253354069792,40.0298881530762,2.00072618444788,14.9299995973706,-44.0908193785874,-8.12048600194056,250,0.00977918058964168,-8.06682091323263,-0.0240840127836473,299.9881592,299.988678,-9351.2392578125,-9241.3095703125,55.8739330686982,20.5473579531925,8.512546,0,0,0,40,4449,299.91875,-9296.2744140625,,,,,,,,,,,,,0,,,,32.07481675,,,,,,299.9884186,,,,
,26460227.14,299.98838805,-9186.373046875,-8.06923735239554,0.00210345626042398,1,0.999253354069792,40.0298881530762,2.00080939173954,14.9299995973706,-44.0976381592257,-8.11864438634952,250,0.0103288398998259,-8.06764211966928,-0.023538363272103,299.9881592,299.9886169,-9241.3095703125,-9131.4365234375,55.8825309824098,20.5499701394612,8.512546,0,0,0,40,4449,299.9192,-9186.373046875,,,,,,,,,,,,,0,,,,31.9146214,,,,,,299.98838805,,,,
,26460228.155,299.98828125,-9086.48046875,-8.0665982995122,0.00197306916865119,1,0.999253354069792,40.0298881530762,2.00073533937062,14.919999986887,-44.0811206041823,-8.11841988942898,250,0.00982737458872259,-8.06500149034706,-0.0240290631862397,299.9879456,299.9886169,-9131.4365234375,-9041.5244140625,56.1357786226406,20.5499831000764,9.256284,0,0,0,40,4449,299.91965,-9086.48046875,,,,,,,,,,,,,0,,,,32.07481675,,,,,,299.98828125,,,,
,26460229.115,299.98762515,-8986.5556640625,-8.063596136312,0.00223110490449614,1,0.999253354069792,40.0298881530762,2.00074792713909,14.9299995973706,-44.0633219620366,-8.12442177847589,250,0.00818172905094239,-8.06199318122622,-0.0256622331591311,299.9873047,299.9879456,-9041.5244140625,-8931.5869140625,55.7637234474867,20.5512753061041,9.256284,0,0,0,40,4449,299.91975,-8986.5556640625,,,,,,,,,,,,,0,,,,32.07481675,,,,,,299.98762515,,,,
,26460230.08,299.98806765,-8891.49072265625,-8.0579581117918,0.00206844021239019,1,0.999253354069792,40.0298881530762,2.00093581487289,14.919999986887,-44.0366718042486,-8.11878811950698,250,0.008303691758717,-8.0563566543575,-0.0255169191139737,299.9873047,299.9888306,-8931.5869140625,-8851.39453125,54.4419896214673,20.5498342870956,8.884414,0,0,0,40,4449,299.92095,-8891.49072265625,,,,,,,,,,,,,0,,,,32.07481675,,,,,,299.98806765,,,,
,26460231.04,299.98861695,-8796.498046875,-8.06166848000135,0.0019382274819316,1,0.999253354069792,40.0298881530762,2.00052404961781,14.9299995973706,-44.0497045240543,-8.11230256907221,250,0.00988092348940425,-8.06007271151263,-0.0239557247531249,299.9884033,299.9888306,-8851.39453125,-8741.6015625,56.2780350131406,20.5504631808793,9.256284,0,0,0,40,4449,299.9232,-8796.498046875,,,,,,,,,,,,,0,,,,31.9161835,,,,,,299.98861695,,,,
,26460232.17,299.98919675,-8681.57177734375,-8.05380234467819,0.00230447531558053,1,0.999253354069792,40.0298881530762,2.00082088198898,14.9299995973706,-44.0134299167836,-8.10370719779906,250,0.010210702580247,-8.05220933730122,-0.0235935022982053,299.9884033,299.9899902,-8741.6015625,-8621.5419921875,55.626156828102,20.5468701232928,8.512546,0,0,0,40,4449,299.92345,-8681.57177734375,,,,,,,,,,,,,0,,,,31.75598815,,,,,,299.98919675,,,,
,26460233.25,299.9893341,-8576.54443359375,-8.05067769815193,0.00190780450535102,1,0.999253354069792,40.0298881530762,2.00098290236443,14.9299995973706,-43.998510357438,-8.108297776479,250,0.00890877233701156,-8.04907976567522,-0.0248826235132124,299.988678,299.9899902,-8621.5419921875,-8531.546875,56.1662621348906,20.5503386151883,9.256284,0,0,0,40,4449,299.92285,-8576.54443359375,,,,,,,,,,,,,0,,,,31.75598815,,,,,,299.9893341,,,,
,26460234.335,299.98928835,-8466.63623046875,-8.04773488537934,0.00282023521146376,1,0.999253354069792,40.0298881530762,2.00050291891029,14.919999986887,-43.973500033722,-8.09612413096887,250,0.010244879968881,-8.04614313643608,-0.0235348071283444,299.988678,299.9898987,-8531.546875,-8401.7255859375,56.0146262021598,20.5449381678732,8.512546,0,0,0,40,4449,299.9239,-8466.63623046875,,,,,,,,,,,,,0,,,,31.5973549,,,,,,299.98928835,,,,
,26460235.49,299.9895935,-8346.830078125,-8.05186017157539,0.00189989344060114,1,0.999253354069792,40.0298881530762,2.00070078800912,14.919999986887,-43.9992958133198,-8.1063751041908,250,0.00927592180991932,-8.05026346991221,-0.0245204381466989,299.9892883,299.9898987,-8401.7255859375,-8291.9345703125,56.2014354182559,20.5516228166464,9.256284,0,0,0,40,4449,299.9314,-8346.830078125,,,,,,,,,,,,,0,,,,31.75598815,,,,,,299.9895935,,,,
,26460236.525,299.98857115,-8246.92822265625,-8.04179386090033,0.00211564134414826,1,0.999253354069792,40.0298881530762,2.00102073622702,14.919999986887,-43.9527908237609,-8.08860134175724,250,0.0108930377736933,-8.04020633052435,-0.02286102466292,299.987854,299.9892883,-8291.9345703125,-8201.921875,55.7457459915444,20.5436590379444,9.256284,0,0,0,40,4449,299.9377,-8246.92822265625,,,,,,,,,,,,,0,,,,31.75598815,,,,,,299.98857115,,,,
,26460237.665,299.9888916,-8136.95922851562,-8.04800093475143,0.00163560395209639,1,0.999253354069792,40.0298881530762,2.00054613834361,14.919999986887,-43.9774329979571,-8.08819039308943,250,0.0117774520798074,-8.04641570949377,-0.0220033751886557,299.987854,299.9899292,-8201.921875,-8071.99658203125,56.5484784807944,20.5482406813676,9.256284,0,0,0,40,4449,299.9375,-8136.95922851562,,,,,,,,,,,,,0,,,,31.75598815,,,,,,299.9888916,,,,
,26460238.85,299.98934935,-8017.07568359375,-8.03750449520306,0.00251069515567299,1,0.999253354069792,40.0298881530762,2.00063065022904,14.919999986887,-43.9183492598583,-8.09703495542129,250,0.00827371901085613,-8.03590649812133,-0.0254629920445507,299.9887695,299.9899292,-8071.99658203125,-7962.15478515625,56.279598270179,20.5477818929491,8.512546,0,0,0,40,4449,299.93675,-8017.07568359375,,,,,,,,,,,,,0,,,,32.07481675,,,,,,299.98934935,,,,
,26460239.905,299.9887695,-7912.10888671875,-8.03909890467521,0.00212043712438778,1,0.999253354069792,40.0298881530762,2.00085139742386,14.919999986887,-43.9308796031666,-8.10440222132981,250,0.00738098018327769,-8.03749695067088,-0.0263628430648836,299.9887695,299.9887695,-7962.15478515625,-7862.06298828125,55.8207823293905,20.5515060853359,9.256284,0,0,0,40,4449,299.93585,-7912.10888671875,,,,,,,,,,,,,0,,,,32.2350121,,,,,,299.9887695,,,,
,26460241.925,299.9878235,-7707.13696289063,-8.03417351099199,0.0018830874510732,1,0.999253354069792,40.0298881530762,2.00068967435073,14.9299995973706,-43.9021984223762,-8.08967205214334,250,0.00904827996130336,-8.03257971582511,-0.0246764575691609,299.9878235,299.9878235,-7712.15380859375,-7702.1201171875,56.6876083572175,20.5480798154932,8.512546,0,0,0,40,4449,299.9335,-7707.13696289063,,,,,,,,,,,,,0,,,,31.5973549,,,,,,299.9878235,,,,
,26460242.595,299.9877167,-7642.171875,-8.02915375480287,0.00253796944007948,1,0.999253354069792,40.0298881530762,2.00061186501408,14.919999986887,-43.8735413619209,-8.08195834969163,250,0.00947366684878273,-8.02756276093769,-0.0242304554613336,299.9876099,299.9878235,-7702.1201171875,-7582.2236328125,55.9278654365251,20.5507527249639,8.884414,0,0,0,40,4449,299.93295,-7642.171875,,,,,,,,,,,,,0,,,,31.75598815,,,,,,299.9877167,,,,
,26460243.805,299.98713685,-7522.33178710937,-8.02957907349588,0.00204444983704977,1,0.999253354069792,40.0298881530762,2.0009526922894,14.919999986887,-43.8814586847486,-8.0928593519438,250,0.00780375116856365,-8.02798109354981,-0.0259024608506307,299.9866638,299.9876099,-7582.2236328125,-7462.43994140625,56.3022654972367,20.5477976054712,8.512546,0,0,0,40,4449,299.9322,-7522.33178710937,,,,,,,,,,,,,0,,,,31.9146214,,,,,,299.98713685,,,,
,26460244.9,299.98760985,-7412.47485351562,-8.02690367343678,0.0028792759305553,1,0.999253354069792,40.0298881530762,2.00075693720854,14.9299995973706,-43.8667055547706,-8.06753922143135,250,0.0118015458732824,-8.02532280678351,-0.021894989984058,299.9866638,299.9885559,-7462.43994140625,-7362.509765625,55.5495572332174,20.542908238496,8.512546,0,0,0,40,4449,299.93035,-7412.47485351562,,,,,,,,,,,,,0,,,,32.07481675,,,,,,299.98760985,,,,
,26460245.995,299.9883728,-7302.53369140625,-8.02969264558045,0.00203950502543809,1,0.999253354069792,40.0298881530762,2.00062232965653,14.919999986887,-43.877587532052,-8.07779630174937,250,0.0103449992387536,-8.02810480522896,-0.0233636489622535,299.9881897,299.9885559,-7362.509765625,-7242.5576171875,56.5007991411214,20.5461539604666,8.884414,0,0,0,40,4449,299.9288,-7302.53369140625,,,,,,,,,,,,,0,,,,32.07481675,,,,,,299.9883728,,,,
,26460247.175,299.98851015,-7182.5673828125,-8.01232956316923,0.0026778945557846,1,0.999253354069792,40.0298881530762,2.00090385181824,14.9299995973706,-43.7855240731157,-8.07863219843532,250,0.00717584388388936,-8.01073183664514,-0.0264599983604768,299.9881897,299.9888306,-7242.5576171875,-7122.5771484375,55.7058829370636,20.5493571537952,9.256284,0,0,0,40,4449,299.9274,-7182.5673828125,,,,,,,,,,,,,0,,,,31.75598815,,,,,,299.98851015,,,,
,26460248.395,299.98828125,-7062.55493164062,-8.0162003629015,0.00257900626450403,1,0.999253354069792,40.0298881530762,2.00063282677057,14.919999986887,-43.8040246976079,-8.06458158618296,250,0.0102709845641442,-8.01461484178581,-0.0233824515187782,299.9877319,299.9888306,-7122.5771484375,-7002.53271484375,55.944279635429,20.5513133913766,8.884414,0,0,0,40,4449,299.92605,-7062.55493164062,,,,,,,,,,,,,0,,,,31.75598815,,,,,,299.98828125,,,,
,26460249.625,299.9879608,-6937.54296875,-8.01894995375975,0.00215645344301894,1,0.999253354069792,40.0298881530762,2.00056610098745,14.919999986887,-43.8197361769538,-8.05570229310398,250,0.0123588002739842,-8.0173726780028,-0.0213071798776222,299.9877319,299.9881897,-7002.53271484375,-6872.55322265625,56.0099364310444,20.5539185830671,8.512546,0,0,0,40,4449,299.9259,-6937.54296875,,,,,,,,,,,,,0,,,,32.23664955,,,,,,299.9879608,,,,
,26460250.825,299.98812865,-6817.59716796875,-8.01197976414002,0.00258905266546062,1,0.999253354069792,40.0298881530762,2.00044520586195,14.919999986887,-43.7765385670298,-8.06186667409885,250,0.00985154503175529,-8.01039327391776,-0.0237852435062129,299.9880676,299.9881897,-6872.55322265625,-6762.64111328125,56.3694855498906,20.548427308643,9.256284,0,0,0,40,4449,299.92555,-6817.59716796875,,,,,,,,,,,,,0,,,,32.3968449,,,,,,299.98812865,,,,
,26460251.935,299.9885864,-6707.3955078125,-8.01353109030933,0.00190647670570202,1,0.999253354069792,40.0298881530762,2.00061814796,14.919999986887,-43.7892217949611,-8.06131088763394,250,0.010366030947828,-8.01194623536723,-0.0232781473182245,299.9880676,299.9891052,-6762.64111328125,-6652.14990234375,56.2397352156983,20.5444724941311,8.512546,0,0,0,40,4449,299.9234,-6707.3955078125,,,,,,,,,,,,,0,,,,32.07481675,,,,,,299.9885864,,,,
,26460253,299.9885101,-6597.07299804687,-8.00857300151779,0.00212504487514779,1,0.999253354069792,40.0298881530762,2.00045748866547,14.9299995973706,-43.7568010838365,-8.0659493692234,250,0.0084827750336328,-8.00698119619902,-0.0251409772792558,299.987915,299.9891052,-6652.14990234375,-6541.99609375,55.4854636946405,20.5507858842144,9.256284,0,0,0,40,4449,299.92125,-6597.07299804687,,,,,,,,,,,,,0,,,,32.23664955,,,,,,299.9885101,,,,
,26460254.16,299.98779295,-6482.08422851562,-7.99753464814238,0.00280191906283912,1,0.999253354069792,40.0298881530762,2.00088744999361,14.9299995973706,-43.7060659483229,-8.05425196882506,250,0.00888674511767031,-7.99594693146082,-0.0246913915787788,299.9876709,299.987915,-6541.99609375,-6422.17236328125,55.7942069597367,20.5495532678622,8.512546,0,0,0,40,4449,299.9202,-6482.08422851562,,,,,,,,,,,,,0,,,,32.3968449,,,,,,299.98779295,,,,
,26460255.355,299.9872284,-6362.15600585938,-8.00505520749984,0.00191403304768308,1,0.999253354069792,40.0298881530762,2.00045531655709,14.919999986887,-43.7377612090375,-8.06118368379849,250,0.0087023952849222,-8.00346531829955,-0.0249076634966929,299.9867859,299.9876709,-6422.17236328125,-6302.1396484375,55.7957702167751,20.5495402766339,8.512546,0,0,0,40,4449,299.92125,-6362.15600585938,,,,,,,,,,,,,0,,,,32.2350121,,,,,,299.9872284,,,,
,26460256.47,299.98731995,-6252.17651367187,-7.99970935641754,0.00218620854227535,1,0.999253354069792,40.0298881530762,2.00058821513751,14.9299995973706,-43.7137856386852,-8.04336366347227,250,0.0110688904566928,-7.99813043243251,-0.022519511713142,299.9867859,299.987854,-6302.1396484375,-6202.21337890625,55.4362210979289,20.5490432203653,9.256284,0,0,0,40,4449,299.92255,-6252.17651367187,,,,,,,,,,,,,0,,,,32.2350121,,,,,,299.98731995,,,,
,26460257.6,299.98742675,-6142.23193359375,-7.99100243104923,0.00248639577748206,1,0.999253354069792,40.0298881530762,2.00068539652016,14.9299995973706,-43.6658548838052,-8.04803769357003,250,0.00866903428908061,-7.98941511880212,-0.0248828478246005,299.9869995,299.987854,-6202.21337890625,-6082.25048828125,56.9392927404099,20.5524407017126,8.512546,0,0,0,40,4449,299.9222,-6142.23193359375,,,,,,,,,,,,,0,,,,32.2350121,,,,,,299.98742675,,,,
,26460258.82,299.98675535,-6017.2705078125,-7.99501290096331,0.00165994310269884,1,0.999253354069792,40.0298881530762,2.00082366565272,14.919999986887,-43.690322551084,-8.05472676360521,250,0.00828829500787585,-7.99342331292936,-0.0252809743729801,299.9865112,299.9869995,-6082.25048828125,-5952.29052734375,55.8497025846021,20.5498059710201,8.512546,0,0,0,40,4449,299.92155,-6017.2705078125,,,,,,,,,,,,,0,,,,32.2350121,,,,,,299.98675535,,,,
,26460259.855,299.9865112,-5912.23779296875,-7.98991099571807,0.0027159247096579,1,0.999253354069792,40.0298881530762,2.00052474549101,14.9299995973706,-43.6571826124437,-8.04249026040626,250,0.00936809605488894,-7.98832699047579,-0.0241805896698199,299.9865112,299.9865112,-5952.29052734375,-5872.18505859375,55.4862453231597,20.5510026451769,9.256284,0,0,0,40,4449,299.9203,-5912.23779296875,,,,,,,,,,,,,0,,,,31.9161835,,,,,,299.9865112,,,,
,26460260.845,299.9868927,-5817.33764648438,-7.99149692622403,0.00232075767816163,1,0.999253354069792,40.0298881530762,2.00033926919047,14.919999986887,-43.6623033317678,-8.04119121524095,250,0.00976732437745147,-7.98991412288732,-0.0237885144756591,299.9865112,299.9872742,-5872.18505859375,-5762.490234375,56.411693489929,20.5452545724038,9.256284,0,0,0,40,4449,299.92025,-5817.33764648438,,,,,,,,,,,,,0,,,,31.9161835,,,,,,299.9868927,,,,
,26460262,299.98635865,-5702.50024414063,-7.98085170878409,0.00267051939267631,1,0.999253354069792,40.0298881530762,2.00077354814026,14.9299995973706,-43.612269748026,-8.03811317155413,250,0.00866865734283634,-7.97926657059044,-0.0248426998609627,299.9854431,299.9872742,-5762.490234375,-5642.51025390625,55.7051013085443,20.5522598634435,9.256284,0,0,0,40,4449,299.92065,-5702.50024414063,,,,,,,,,,,,,0,,,,31.9161835,,,,,,299.98635865,,,,
,26460263.05,299.98521425,-5597.49560546875,-7.98457528960983,0.00206470777619419,1,0.999253354069792,40.0298881530762,2.00067766652743,14.919999986887,-43.6317827302741,-8.03500834883458,250,0.00985923267035512,-7.98299468583654,-0.0236684682625508,299.9849854,299.9854431,-5642.51025390625,-5552.48095703125,55.8504842131213,20.5470748461068,8.512546,0,0,0,40,4449,299.9205,-5597.49560546875,,,,,,,,,,,,,0,,,,31.75598815,,,,,,299.98521425,,,,
,26460264.105,299.98570255,-5492.56225585937,-7.97669986204369,0.0022372302340827,1,0.999253354069792,40.0298881530762,2.00079955164045,14.919999986887,-43.5875637700423,-8.04789594909508,250,0.00612775930758576,-7.97510500775881,-0.0273665201996624,299.9849854,299.9864197,-5552.48095703125,-5432.6435546875,56.3851181202752,20.5510564774977,8.512546,0,0,0,40,4449,299.9208,-5492.56225585937,,,,,,,,,,,,,0,,,,31.75598815,,,,,,299.98570255,,,,
,26460265.245,299.98561095,-5377.68920898438,-7.9694353561671,0.00288386502102267,1,0.999253354069792,40.0298881530762,2.00114847368055,14.9299995973706,-43.5562168424834,-8.03682800289326,250,0.00705680176007431,-7.96784587170766,-0.026407515687487,299.9848022,299.9864197,-5432.6435546875,-5322.73486328125,56.2850696698137,20.5451606644269,9.256284,0,0,0,40,4449,299.9218,-5377.68920898438,,,,,,,,,,,,,0,,,,31.75598815,,,,,,299.98561095,,,,
,26460266.4,299.9851532,-5262.673828125,-7.9726773381809,0.00222150850998683,1,0.999253354069792,40.0298881530762,2.0008185455433,14.9299995973706,-43.5663076012395,-8.04218237644872,250,0.00644200978382911,-7.97108470860627,-0.0270362058857112,299.9848022,299.9855042,-5322.73486328125,-5202.61279296875,56.2983573546406,20.5496968797962,8.884414,0,0,0,40,4449,299.92235,-5262.673828125,,,,,,,,,,,,,0,,,,31.75598815,,,,,,299.9851532,,,,
,26460267.485,299.9855042,-5152.6474609375,-7.9687061288988,0.00249834175198712,1,0.999253354069792,40.0298881530762,2.00071409324797,14.9299995973706,-43.5439362066645,-8.02943172136917,250,0.00796510433666915,-7.96712054399333,-0.025497310708773,299.9855042,299.9855042,-5202.61279296875,-5102.68212890625,56.0802829977752,20.5546227720101,9.256284,0,0,0,40,4449,299.92155,-5152.6474609375,,,,,,,,,,,,,0,,,,31.9161835,,,,,,299.9855042,,,,
,26460268.58,299.9845276,-5042.78344726562,-7.96013205430369,0.00231134707590579,1,0.999253354069792,40.0298881530762,2.00068878698193,14.9299995973706,-43.4970126565831,-8.01819535724739,250,0.00841426839938029,-7.95855034140126,-0.025012679243831,299.983551,299.9855042,-5102.68212890625,-4982.884765625,56.0013385173328,20.5483718968867,9.256284,0,0,0,40,4449,299.92165,-5042.78344726562,,,,,,,,,,,,,0,,,,32.07481675,,,,,,299.9845276,,,,
,26460269.64,299.983551,-4937.87573242188,-7.96071830714881,0.00205135363343009,1,0.999253354069792,40.0298881530762,2.00085923847306,14.919999986887,-43.5034430034554,-8.02153889769783,250,0.00803314710195249,-7.95913514183848,-0.0253963887266393,299.983551,299.983551,-4982.884765625,-4892.86669921875,56.2858512983329,20.5494988395754,8.884414,0,0,0,40,4449,299.9234,-4937.87573242188,,,,,,,,,,,,,0,,,,32.07481675,,,,,,299.983551,,,,
,26460270.645,299.98410035,-4837.90869140625,-7.96260078485097,0.00226217108626985,1,0.999253354069792,40.0298881530762,2.00062776064169,14.919999986887,-43.5119694898039,-8.00556009187561,250,0.0111415573655755,-7.96103011938642,-0.0222966091207397,299.983551,299.9846497,-4892.86669921875,-4782.95068359375,54.0464855907365,20.5518308370077,8.512546,0,0,0,40,4449,299.9258,-4837.90869140625,,,,,,,,,,,,,0,,,,32.2350121,,,,,,299.98410035,,,,
,26460271.795,299.98481755,-4722.9404296875,-7.95850574958479,0.0027559248692157,1,0.999253354069792,40.0298881530762,2.00068045422358,14.919999986887,-43.4899387248416,-8.00579177334658,250,0.0103778689741866,-7.95693245096763,-0.0230434440652547,299.9846497,299.9849854,-4782.95068359375,-4662.93017578125,56.3882446343521,20.5475990952959,9.256284,0,0,0,40,4449,299.9256,-4722.9404296875,,,,,,,,,,,,,0,,,,31.9161835,,,,,,299.98481755,,,,
,26460272.92,299.9843445,-4607.94799804687,-7.94266116788031,0.00247664776972893,1,0.999253354069792,40.0298881530762,2.00126231888564,14.9299995973706,-43.4110084269306,-8.01719777531583,250,0.00576839855052381,-7.94107182305581,-0.0275859388686767,299.9837036,299.9849854,-4662.93017578125,-4552.9658203125,55.8043681304867,20.5535542215168,8.884414,0,0,0,40,4449,299.9254,-4607.94799804687,,,,,,,,,,,,,0,,,,31.5973549,,,,,,299.9843445,,,,
,26460273.985,299.98428345,-4502.93139648438,-7.95085419476388,0.00215327832278874,1,0.999253354069792,40.0298881530762,2.0007999258608,14.9299995973706,-43.4492496719139,-8.00614163267032,250,0.00898118034130712,-7.94927665686547,-0.0244086074628382,299.9837036,299.9848633,-4552.9658203125,-4452.89697265625,56.0294771440252,20.5497527572679,9.256284,0,0,0,40,4449,299.92565,-4502.93139648438,,,,,,,,,,,,,0,,,,31.9161835,,,,,,299.98428345,,,,
,26460275.065,299.98510745,-4397.90771484375,-7.94285205216366,0.00218766352789379,1,0.999253354069792,40.0298881530762,2.00141888817526,14.919999986887,-43.415914509321,-8.01501407832396,250,0.00631589684916407,-7.94126467376463,-0.0270400834217289,299.9848633,299.9853516,-4452.89697265625,-4342.91845703125,55.9911773465829,20.5522399145678,9.256284,0,0,0,40,4449,299.9263,-4397.90771484375,,,,,,,,,,,,,0,,,,32.2350121,,,,,,299.98510745,,,,
,26460276.085,299.98440555,-4292.99487304687,-7.94126664928057,0.00225126045775212,1,0.999253354069792,40.0298881530762,2.00105853716389,14.919999986887,-43.4017974711483,-8.00032989106373,250,0.00845212977964099,-7.93968874139682,-0.0248979170348544,299.9834595,299.9853516,-4342.91845703125,-4243.0712890625,56.3632325217367,20.5461677020056,9.256284,0,0,0,40,4449,299.9273,-4292.99487304687,,,,,,,,,,,,,0,,,,32.07481675,,,,,,299.98440555,,,,
,26460277.1,299.983078,-4188.14331054687,-7.94777299271099,0.00228274079176136,1,0.999253354069792,40.0298881530762,2.00067680991774,14.9299995973706,-43.4289117201587,-8.00739380709505,250,0.00809376868668759,-7.94619261235473,-0.0252838890309632,299.9826965,299.9834595,-4243.0712890625,-4133.21533203125,56.3194613246598,20.5497619597607,8.512546,0,0,0,40,4449,299.92775,-4188.14331054687,,,,,,,,,,,,,0,,,,31.9146214,,,,,,299.983078,,,,
,26460278.14,299.9832611,-4083.20495605469,-7.93841318475452,0.00254758864304321,1,0.999253354069792,40.0298881530762,2.00073078459945,14.919999986887,-43.3793446422029,-7.99581534088541,250,0.00851626581360093,-7.93683639690178,-0.0248224769071176,299.9826965,299.9838257,-4133.21533203125,-4033.19458007812,56.3702671784098,20.5498004870842,8.884414,0,0,0,40,4449,299.9286,-4083.20495605469,,,,,,,,,,,,,0,,,,32.07481675,,,,,,299.9832611,,,,
,26460279.155,299.98376465,-3983.23901367188,-7.93926106203691,0.00213987985856891,1,0.999253354069792,40.0298881530762,2.00069872271032,14.9299995973706,-43.3823925920076,-8.00143340269649,250,0.00762265945806815,-7.93768016449422,-0.025719850607781,299.9837036,299.9838257,-4033.19458007812,-3933.28344726562,55.1368573750635,20.5480319034777,9.256284,0,0,0,40,4449,299.92865,-3983.23901367188,,,,,,,,,,,,,0,,,,32.07481675,,,,,,299.98376465,,,,
,26460280.275,299.9840698,-3873.28527832031,-7.93596674496018,0.0022392598244282,1,0.999253354069792,40.0298881530762,2.00061885342969,14.9299995973706,-43.365475310656,-7.98285391822678,250,0.0103560368252068,-7.93439787170392,-0.0229735537434288,299.9837036,299.984436,-3933.28344726562,-3813.287109375,56.0349485436598,20.545372758607,9.256284,0,0,0,40,4449,299.9292,-3873.28527832031,,,,,,,,,,,,,0,,,,31.9146214,,,,,,299.9840698,,,,
,26460281.415,299.98397825,-3758.365234375,-7.93468602575837,0.00207895510667491,1,0.999253354069792,40.0298881530762,2.00049985423096,14.919999986887,-43.3547982098238,-7.987384632629,250,0.00920481660767795,-7.9331125693005,-0.024119531933144,299.9835205,299.984436,-3813.287109375,-3703.443359375,56.5727089648906,20.5510657202959,9.256284,0,0,0,40,4449,299.9298,-3758.365234375,,,,,,,,,,,,,0,,,,31.9146214,,,,,,299.98397825,,,,
,26460282.555,299.98335265,-3643.41333007812,-7.92718770777808,0.00194683765935247,1,0.999253354069792,40.0298881530762,2.00067649407918,14.919999986887,-43.3147877000809,-7.995454437097,250,0.00646344397264431,-7.92560441520788,-0.0268291663971433,299.9831848,299.9835205,-3703.443359375,-3583.38330078125,56.3319673809675,20.5448744009279,9.256284,0,0,0,40,4449,299.93085,-3643.41333007812,,,,,,,,,,,,,0,,,,31.75598815,,,,,,299.98335265,,,,
,26460284.065,299.9827881,-3493.41748046875,-7.92463535126261,0.0018343033737394,1,0.999253354069792,40.0298881530762,2.00094157820939,14.919999986887,-43.3070498638693,-7.99059240176254,250,0.00706953879949081,-7.92305523499063,-0.0262130211867344,299.9823914,299.9831848,-3583.38330078125,-3403.45166015625,56.2921043264867,20.547998916986,9.256284,0,0,0,40,4449,299.9311,-3493.41748046875,,,,,,,,,,,,,0,,,,31.75598815,,,,,,299.9827881,,,,
,26460285.555,299.98204045,-3343.07458496094,-7.92087380633261,0.00221864308630806,1,0.999253354069792,40.0298881530762,2.00097726033446,14.919999986887,-43.2888895089735,-7.97808012889832,250,0.00868790198159549,-7.91930142088164,-0.0245796916962275,299.9816895,299.9823914,-3403.45166015625,-3282.69750976562,55.9208307798521,20.5521344027335,9.256284,0,0,0,40,4449,299.93165,-3343.07458496094,,,,,,,,,,,,,0,,,,32.07481675,,,,,,299.98204045,,,,
,26460286.695,299.9821625,-3227.66149902344,-7.92253352917469,0.00183181251327639,1,0.999253354069792,40.0298881530762,2.00067946473484,14.919999986887,-43.2928299101174,-7.97238740457963,250,0.00982605030069266,-7.92096552913118,-0.0234489718095537,299.9816895,299.9826355,-3282.69750976562,-3172.62548828125,56.1748600486021,20.5506358295318,8.512546,0,0,0,40,4449,299.93325,-3227.66149902344,,,,,,,,,,,,,0,,,,32.2350121,,,,,,299.9821625,,,,
,26460287.72,299.9823303,-3127.61340332031,-7.91041578735215,0.00258537084401061,1,0.999253354069792,40.0298881530762,2.00069180017182,14.919999986887,-43.2249891306845,-7.97039318625204,250,0.00795310281881117,-7.90884230456694,-0.0252709503657839,299.9820251,299.9826355,-3172.62548828125,-3082.60131835937,55.5487756046982,20.5484853858635,8.512546,0,0,0,40,4449,299.9338,-3127.61340332031,,,,,,,,,,,,,0,,,,32.2350121,,,,,,299.9823303,,,,
,26460288.79,299.9822998,-3022.57788085937,-7.91411637090585,0.00208727430779375,1,0.999253354069792,40.0298881530762,2.00071794056953,14.919999986887,-43.2454228243453,-7.97604724095913,250,0.00762307278687746,-7.9125407511666,-0.0256165389309925,299.9820251,299.9825745,-3082.60131835937,-2962.55444335937,56.1842395908329,20.5469907188515,8.512546,0,0,0,40,4449,299.93615,-3022.57788085937,,,,,,,,,,,,,0,,,,31.9161835,,,,,,299.9822998,,,,
,26460289.835,299.9822693,-2917.54833984375,-7.9005594288888,0.00271889236614664,1,0.999253354069792,40.0298881530762,2.00093971582662,14.919999986887,-43.1741836517563,-7.97307989442394,250,0.00581018773276466,-7.89897893636789,-0.0273723436946876,299.9819641,299.9825745,-2962.55444335937,-2872.54223632813,56.3327490094867,20.549509889879,8.884414,0,0,0,40,4449,299.9374,-2917.54833984375,,,,,,,,,,,,,0,,,,31.75598815,,,,,,299.9822693,,,,
,26460290.81,299.98239135,-2817.49523925781,-7.91133372078866,0.00212990172053601,1,0.999253354069792,40.0298881530762,2.00046747051711,14.9299995973706,-43.2258093913197,-7.96759093089087,250,0.00847760737941402,-7.90976216068197,-0.0247511963457394,299.9819641,299.9828186,-2872.54223632813,-2762.4482421875,55.8215639579098,20.54641254373,9.256284,0,0,0,40,4449,299.93655,-2817.49523925781,,,,,,,,,,,,,0,,,,32.07481675,,,,,,299.98239135,,,,
,26460291.89,299.9837494,-2707.50512695313,-7.90398633728956,0.00248838256148455,1,0.999253354069792,40.0298881530762,2.00039462653383,14.919999986887,-43.1809645864342,-7.97697784993359,250,0.00534505734187366,-7.90240270098827,-0.0278524221423309,299.9828186,299.9846802,-2762.4482421875,-2652.56201171875,56.106858367429,20.5506714254075,9.256284,0,0,0,40,4449,299.9383,-2707.50512695313,,,,,,,,,,,,,0,,,,32.2350121,,,,,,299.9837494,,,,
,26460292.89,299.9840851,-2607.54418945313,-7.89617626066376,0.00264118526335081,1,0.999253354069792,40.0298881530762,2.00088182188441,14.9299995973706,-43.1511309434671,-7.95699719531714,250,0.00790052031118637,-7.89460482427277,-0.0252649069001689,299.98349,299.9846802,-2652.56201171875,-2562.5263671875,55.9114512376213,20.5510682690023,8.512546,0,0,0,40,4449,299.9393,-2607.54418945313,,,,,,,,,,,,,0,,,,31.9161835,,,,,,299.9840851,,,,
,26460293.875,299.9833832,-2512.62170410156,-7.89559147540733,0.00206154058796946,1,0.999253354069792,40.0298881530762,2.00095753718391,14.919999986887,-43.1477134675162,-7.96648419466434,250,0.00611011963628567,-7.89401278746055,-0.0270530585235853,299.9832764,299.98349,-2562.5263671875,-2462.71704101562,56.0388566862559,20.5527963610594,8.512546,0,0,0,40,4449,299.93755,-2512.62170410156,,,,,,,,,,,,,0,,,,31.75598815,,,,,,299.9833832,,,,
,26460294.985,299.98316955,-2402.76708984375,-7.8934806254019,0.00236585496247023,1,0.999253354069792,40.0298881530762,2.00071514150151,14.9299995973706,-43.1344665047498,-7.94517768851064,250,0.00944680532492695,-7.89191640584494,-0.0237085700637122,299.9830627,299.9832764,-2462.71704101562,-2342.81713867187,55.6175589143905,20.5532151097839,9.256284,0,0,0,40,4449,299.9376,-2402.76708984375,,,,,,,,,,,,,0,,,,31.75598815,,,,,,299.98316955,,,,
,26460295.985,299.9828491,-2302.80236816406,-7.88458196686575,0.00210073184684756,1,0.999253354069792,40.0298881530762,2.0009735742113,14.919999986887,-43.0882622246332,-7.95340495840318,250,0.00647578991808549,-7.88300700224226,-0.0266433460972438,299.9826355,299.9830627,-2342.81713867187,-2262.78759765625,56.0177527162367,20.5461445104076,8.512546,0,0,0,40,4449,299.927,-2302.80236816406,,,,,,,,,,,,,0,,,,31.9161835,,,,,,299.9828491,,,,
,26460297.02,299.9820709,-2197.76489257813,-7.88345300267736,0.0019166668676077,1,0.999253354069792,40.0298881530762,2.00096162903366,14.9299995973706,-43.0812945247497,-7.95517376818068,250,0.00593598053384003,-7.88187606072115,-0.0271800191511049,299.9815063,299.9826355,-2262.78759765625,-2132.7421875,55.5511204902559,20.5556852570229,8.884414,0,0,0,40,4449,299.9167,-2197.76489257813,,,,,,,,,,,,,0,,,,32.07481675,,,,,,299.9820709,,,,
,26460298.18,299.9825592,-2077.76049804687,-7.88329338394631,0.00222140099692362,1,0.999253354069792,40.0298881530762,2.00064285869701,14.9299995973706,-43.0754060221298,-7.94474887656327,250,0.00758856508885738,-7.88172326390139,-0.0255272072307015,299.9815063,299.9836121,-2132.7421875,-2022.77880859375,54.9469216448904,20.5561443149651,9.256284,0,0,0,40,4449,299.91905,-2077.76049804687,,,,,,,,,,,,,0,,,,31.9146214,,,,,,299.9825592,,,,
,26460299.31,299.98329165,-1967.77716064453,-7.88647383562106,0.00144808187096401,1,0.999253354069792,40.0298881530762,2.00048872847345,14.9299995973706,-43.0920976052405,-7.93360344780207,250,0.0101095195518675,-7.88491342782193,-0.0230203108612117,299.9829712,299.9836121,-2022.77880859375,-1912.77551269531,56.1795498197175,20.5440677408012,9.256284,0,0,0,40,4449,299.9205,-1967.77716064453,,,,,,,,,,,,,0,,,,31.9146214,,,,,,299.98329165,,,,
,26460300.49,299.98272705,-1852.75823974609,-7.87373965049278,0.00239775614711578,1,0.999253354069792,40.0298881530762,2.00056416626693,14.919999986887,-43.0226668950344,-7.92881041154829,250,0.00867909115133713,-7.87217597256862,-0.0243970984426901,299.9824829,299.9829712,-1912.77551269531,-1792.74096679687,56.2967940976021,20.5479450522315,9.256284,0,0,0,40,4449,299.9224,-1852.75823974609,,,,,,,,,,,,,0,,,,32.07481675,,,,,,299.98272705,,,,
,26460301.715,299.9825592,-1727.83898925781,-7.87387977760129,0.00250025791829335,1,0.999253354069792,40.0298881530762,2.00092974133073,14.919999986887,-43.029095542659,-7.9411514963064,250,0.00670495366128223,-7.87230782245938,-0.0263714743045943,299.9824829,299.9826355,-1792.74096679687,-1662.93701171875,56.4054404617752,20.5452661466501,9.256284,0,0,0,40,4449,299.9252,-1727.83898925781,,,,,,,,,,,,,0,,,,32.07481675,,,,,,299.9825592,,,,
,26460302.89,299.9821472,-1607.9599609375,-7.87415534248691,0.00240030485062721,1,0.999253354069792,40.0298881530762,2.0006155143227,14.919999986887,-43.024611247817,-7.93700051735711,250,0.00729344142110264,-7.87258591831446,-0.0257843120169573,299.9816589,299.9826355,-1662.93701171875,-1552.98291015625,55.6019263440059,20.5532876930671,9.256284,0,0,0,40,4449,299.92785,-1607.9599609375,,,,,,,,,,,,,0,,,,31.75598815,,,,,,299.9821472,,,,
,26460304.065,299.98168945,-1492.98553466797,-7.87121782044829,0.00192205843739042,1,0.999253354069792,40.0298881530762,2.00048397635405,14.919999986887,-43.0061045550732,-7.93191534658235,250,0.00758664114334031,-7.86965034565236,-0.0254789572142873,299.9816589,299.98172,-1552.98291015625,-1432.98815917969,56.546915223756,20.5491523486235,8.512546,0,0,0,40,4449,299.92975,-1492.98553466797,,,,,,,,,,,,,0,,,,31.75598815,,,,,,299.98168945,,,,
,26460305.235,299.98217775,-1377.99298095703,-7.85677383934386,0.00242752352657107,1,0.999253354069792,40.0298881530762,2.00065685519474,14.9299995973706,-42.9307294680285,-7.91841708200746,250,0.00750135018590817,-7.85520879206855,-0.0255036359166382,299.98172,299.9826355,-1432.98815917969,-1322.99780273438,55.7910804456597,20.5487529693088,8.512546,0,0,0,40,4449,299.93195,-1377.99298095703,,,,,,,,,,,,,0,,,,31.9146214,,,,,,299.98217775,,,,
,26460306.345,299.9825897,-1268.01403808594,-7.86091291739888,0.00204414540820279,1,0.999253354069792,40.0298881530762,2.00068003529627,14.919999986887,-42.9534210924104,-7.92488596483862,250,0.00710113810748287,-7.85934522986855,-0.0259211390063052,299.9825439,299.9826355,-1322.99780273438,-1213.0302734375,56.1310888515252,20.5511073245342,8.884414,0,0,0,40,4449,299.9347,-1268.01403808594,,,,,,,,,,,,,0,,,,31.9146214,,,,,,299.9825897,,,,
,26460307.465,299.983078,-1153.03802490234,-7.85828764586445,0.00225205282865882,1,0.999253354069792,40.0298881530762,2.00049053287351,14.919999986887,-42.9376630844561,-7.90774487055992,250,0.00961826261285772,-7.85673091498556,-0.0233935908973735,299.9825439,299.9836121,-1213.0302734375,-1093.04577636719,56.1295255944867,20.5478732241471,8.884414,0,0,0,40,4449,299.9367,-1153.03802490234,,,,,,,,,,,,,0,,,,31.9146214,,,,,,299.983078,,,,
,26460308.625,299.98300175,-1033.03256225586,-7.85582693326598,0.00232049269847761,1,0.999253354069792,40.0298881530762,2.00019866080792,14.919999986887,-42.9181030647151,-7.90420002197373,250,0.00960526677760937,-7.854270651521,-0.0233964399051348,299.9823914,299.9836121,-1093.04577636719,-973.019348144531,55.6933768807559,20.5499295168373,8.512546,0,0,0,40,4449,299.938,-1033.03256225586,,,,,,,,,,,,,0,,,,32.07481675,,,,,,299.98300175,,,,
,26460309.655,299.98313905,-933.148590087891,-7.8557728190186,0.00216274809724491,1,0.999253354069792,40.0298881530762,2.00034738409176,14.919999986887,-42.9204582617547,-7.9071954251966,250,0.00915193535917903,-7.85421458402195,-0.0238496618503134,299.9823914,299.9838867,-973.019348144531,-893.27783203125,56.411693489929,20.5461082411968,9.256284,0,0,0,40,4449,299.93865,-933.148590087891,,,,,,,,,,,,,0,,,,32.2350121,,,,,,299.98313905,,,,
,26460310.62,299.9832611,-838.323486328125,-7.84230962753004,0.00227124981233879,1,0.999253354069792,40.0298881530762,2.00062394056492,14.9299995973706,-42.8514976692747,-7.90105752225948,250,0.00797411095457612,-7.84074913150674,-0.024970841948801,299.9826355,299.9838867,-893.27783203125,-783.369140625,57.0706063316407,20.5508290770578,8.884414,0,0,0,40,4449,299.9396,-838.323486328125,,,,,,,,,,,,,0,,,,32.2350121,,,,,,299.9832611,,,,
,26460311.79,299.9827118,-718.464935302734,-7.84326233977966,0.0016940135965935,1,0.999253354069792,40.0298881530762,2.00059717208051,14.919999986887,-42.8551075912494,-7.90751048782854,250,0.00695089170346738,-7.84169749573934,-0.0259980106821828,299.9826355,299.9827881,-783.369140625,-653.560729980469,56.1092032529867,20.5463911909296,8.512546,0,0,0,40,4449,299.941,-718.464935302734,,,,,,,,,,,,,0,,,,32.2350121,,,,,,299.9827118,,,,
,26460312.86,299.9833832,-613.555389404297,-7.82649693562026,0.00260210260567912,1,0.999253354069792,40.0298881530762,2.00109550481386,14.919999986887,-42.7721344291299,-7.9019583071319,250,0.00520950646602793,-7.824927979504,-0.0276687242717903,299.9827881,299.9839783,-653.560729980469,-573.550048828125,56.4578095725637,20.5531141778311,8.512546,0,0,0,40,4449,299.94235,-613.555389404297,,,,,,,,,,,,,0,,,,32.2350121,,,,,,299.9833832,,,,
,26460313.89,299.9839325,-513.556838989258,-7.83324925927008,0.0021450097450305,1,0.999253354069792,40.0298881530762,2.00088978646301,14.919999986887,-42.809009319654,-7.88499003417568,250,0.00942237706899604,-7.83169645583777,-0.0234852141506664,299.9838867,299.9839783,-573.550048828125,-453.563629150391,56.4703156288714,20.5436042909265,8.512546,0,0,0,40,4449,299.9433,-513.556838989258,,,,,,,,,,,,,0,,,,32.2350121,,,,,,299.9839325,,,,
,26460315.09,299.9840698,-393.65022277832,-7.82393313920761,0.00207599900247791,1,0.999253354069792,40.0298881530762,2.00094719698203,14.9299995973706,-42.7582435438889,-7.8814862330276,250,0.00837653241624771,-7.82237778947534,-0.0244917858281598,299.9838867,299.9842529,-453.563629150391,-333.73681640625,56.9174071418714,20.5356067091679,9.256284,0,0,0,40,4449,299.94505,-393.65022277832,,,,,,,,,,,,,0,,,,32.07481675,,,,,,299.9840698,,,,
,26460316.32,299.98400875,-268.746253967285,-7.81476767795958,0.00212347893802652,1,0.999253354069792,40.0298881530762,2.00106211429938,14.919999986887,-42.7064191500645,-7.89494129472133,250,0.00429547229876275,-7.81319705072391,-0.0285336664044335,299.9837646,299.9842529,-333.73681640625,-203.75569152832,56.9603967104291,20.5443012816356,9.256284,0,0,0,40,4449,299.94615,-268.746253967285,,,,,,,,,,,,,0,,,,32.07481675,,,,,,299.98400875,,,,
,26460317.425,299.98408505,-153.809944152832,-7.81086456573292,0.00227551778661267,1,0.999253354069792,40.0298881530762,2.00092562865409,14.919999986887,-42.6838014770072,-7.88211334829934,250,0.00582371500178832,-7.80930109842567,-0.0269896634627106,299.9837646,299.9844055,-203.75569152832,-103.864196777344,56.401532319179,20.5500967412249,8.512546,0,0,0,40,4449,299.94555,-153.809944152832,,,,,,,,,,,,,0,,,,32.2350121,,,,,,299.98408505,,,,
,26460319.67,299.9848175,0.562435954809189,-7.8103309007394,0.00235014822280517,1,0.999253354069792,40.0298881530762,2.00075249473069,14.919999986887,-42.6763750081152,-7.88581410222493,250,0.00492555424997947,-7.80876356992422,-0.027885275898101,299.9847717,299.9848633,0.292466700077057,0.832405209541321,56.5000175126021,20.5468002868915,8.512546,0,0,0,40,4417,299.9485,0.562435954809189,,,,,,,,,,,,,0,,,,31.9161835,,,,,,299.9848175,,,,
