Comment,Time Stamp (sec),Temperature (K),Magnetic Field (Oe),Moment (emu),M. Std. Err. (emu),Transport Action,Averaging Time (sec),Frequency (Hz),Peak Amplitude (mm),Center Position (mm),Coil Signal' (mV),Coil Signal" (mV),Range (mV),M. Quad. Signal (emu),M. Raw' (emu),M. Raw" (emu),Min. Temperature (K),Max. Temperature (K),Min. Field (Oe),Max. Field (Oe),Mass (grams),Motor Lag (deg),Pressure (Torr),VSM Status (code),Motor Status (code),Measure Status (code),Measure Count,PPMS Status (code),System Temp. (K),System Field (Oe),Sample Position (deg),Bridge 1 Resistance (ohms),Bridge 1 Excitation (µA),Bridge 2 Resistance (ohms),Bridge 2 Excitation (µA),Bridge 3 Resistance (ohms),Bridge 3 Excitation (µA),Bridge 4 Resistance (ohms),Bridge 4 Excitation (µA),Signal 1 Vin (V),Signal 2 Vin (V),Digital Inputs (code),Drive 1 Iout (mA),Drive 1 Ipower (W),Drive 2 Iout (mA),Drive 2 Ipower (W),Pressure (),Map 20 (),Map 21 (),Map 22 (),Map 23 (),Map 24 (),Map 25 (),Map 26 (),Map 27 (),Map 28 (),Map 29 ()
sample offset = 35.71 mm touchdown = 6.08999980613589 mm,15579714.845,299.9391785,-0.359959006309509,-0.063632363432286,8.80417070817395E-5,1,0.999253354069792,40.0298881530762,1.98064090765243,10.7399998232722,-0.343749378210038,-0.0633842052106106,2.5,6.40993442567729E-5,-0.06361981038015,-0.000203133411587649,299.9391785,299.9391785,-0.382456451654434,-0.337461560964584,56.1858028478713,20.8143142614583,16.321785,0,0,0,40,5185,300.0328,-0.359959006309509,,,,,,,,,,,,,0,,,,41.8477211,,,,,,299.9391785,,,,
,15579728.055,299.9614258,40.3320941925049,-0.0637840413968964,9.05269679549103E-5,1,0.999253354069792,40.0298881530762,1.98009771028617,10.7399998232722,-0.344586656102168,-0.062923035579518,2.5,0.00017452213233887,-0.0637718654144901,-9.34096569958687E-5,299.9614258,299.9614258,31.8573226928711,48.8068656921387,55.6816524529674,20.8164275736881,9.256284,0,0,0,40,4449,299.9947,40.3320941925049,,,,,,,,,,,,,0,,,,17.7017174,,,,,,299.9614258,,,,
,15579729.53,299.9643555,160.897346496582,-0.0485048195254443,0.00110077210537794,1,0.999253354069792,40.0298881530762,1.98026748732127,10.7399998232722,-0.261960861482962,-0.048410978561815,2.5,2.95880586790382E-5,-0.0484951215884363,-0.000174143738003749,299.9643555,299.9643555,156.58283996582,165.211853027344,56.1318704800444,20.811692934593,8.512546,0,0,0,40,4449,299.98935,160.897346496582,,,,,,,,,,,,,0,,,,17.8803339,,,,,,299.9643555,,,,
,15579730.045,299.96455385,204.889785766602,-0.0138673737412141,0.00212770385531628,1,0.999253354069792,40.0298881530762,1.98016373528892,10.7399998232722,-0.0750944811645962,-0.0127368460300939,2.5,0.000212723179054229,-0.0138654589640278,0.000154435555477251,299.9643555,299.9647522,165.211853027344,244.567718505859,56.1115481385444,20.8134447249742,8.884414,0,0,0,40,4449,299.9887,204.889785766602,,,,,,,,,,,,,0,,,,17.7923641,,,,,,299.96455385,,,,
,15579730.91,299.9650116,286.425170898438,0.0415267971133675,0.00285183024812632,1,0.999253354069792,40.0298881530762,1.98014919977884,10.7399998232722,0.224332991323896,0.0410582652688601,2.5,-9.67757840760908E-5,0.0415187932492369,7.76628727351312E-5,299.9647522,299.965271,244.567718505859,328.282623291016,56.1490663074675,20.8226457288963,8.512546,0,0,0,40,4449,299.9847,286.425170898438,,,,,,,,,,,,,0,,,,17.7026186,,,,,,299.9650116,,,,
,15579731.975,299.9663391,387.674835205078,0.106223057278334,0.00304904697520265,1,0.999253354069792,40.0298881530762,1.98019906213616,10.7399998232722,0.573481885253127,0.106982142972788,2.5,0.000114488024552976,0.106201057562006,0.000560623499994218,299.965271,299.9674072,328.282623291016,447.067047119141,55.6519505692367,20.8169196884731,8.512546,0,0,0,40,4449,299.9799,387.674835205078,,,,,,,,,,,,,0,,,,17.7905884,,,,,,299.9663391,,,,
,15579732.995,299.9674072,487.495346069336,0.173148711084442,0.00302980048693549,1,0.999253354069792,40.0298881530762,1.97995511322751,10.7399998232722,0.935095553861048,0.172182310632799,2.5,-0.00021765224639004,0.173114541745653,0.000509651500211521,299.9674072,299.9674072,447.067047119141,527.923645019531,55.5776958599097,20.8203381443587,8.512546,0,0,0,40,4449,299.97815,487.495346069336,,,,,,,,,,,,,0,,,,17.7017174,,,,,,299.9674072,,,,
,15579733.845,299.96795655,578.355010986328,0.238853219050381,0.0029459329612913,1,0.999253354069792,40.0298881530762,1.9800396298277,10.7500003650784,1.29015495001194,0.236633341321398,2.5,-0.000466307471846215,0.238806775923159,0.000537021580358117,299.9674072,299.9685059,527.923645019531,628.786376953125,56.0685585699867,20.822120681148,8.884414,0,0,0,40,4449,299.97565,578.355010986328,,,,,,,,,,,,,0,,,,17.7017174,,,,,,299.96795655,,,,
,15579734.895,299.96867375,684.014007568359,0.302689159671235,0.0028550195533021,1,0.999253354069792,40.0298881530762,1.98004235232975,10.7399998232722,1.63494024459285,0.300004853731495,2.5,-0.000567148837836349,0.302630195523802,0.000704332811558333,299.9685059,299.9688416,628.786376953125,739.241638183594,56.3007022401983,20.8215223767501,8.512546,0,0,0,40,4449,299.97195,684.014007568359,,,,,,,,,,,,,0,,,,17.7017174,,,,,,299.96867375,,,,
,15579739.3,299.9703674,1124.35833740234,0.544746505789813,0.0027170085184153,1,0.999253354069792,40.0298881530762,1.98005057046745,10.7399998232722,2.94377200060394,0.537908696366981,25,-0.00142561691060728,0.544642053555732,0.000862756827891876,299.9703674,299.9703674,1119.283203125,1129.43347167969,56.0122813166021,20.823389774727,8.512546,0,0,0,40,4449,299.96,1124.35833740234,,,,,,,,,,,,,0,,,,17.7017174,,,,,,299.9703674,,,,
,15579739.965,299.97143555,1189.33514404297,0.602618043737147,0.00272294665107451,1,0.999253354069792,40.0298881530762,1.97992545263455,10.7399998232722,3.25619832479393,0.595591924979377,25,-0.00147062057614871,0.6025020261174,0.00106081737432998,299.9703674,299.9725037,1129.43347167969,1249.23681640625,56.289759440929,20.8220116659605,9.256284,0,0,0,40,4449,299.9606,1189.33514404297,,,,,,,,,,,,,0,,,,17.7017174,,,,,,299.97143555,,,,
,15579740.995,299.97361755,1294.18988037109,0.660623818589197,0.00259930651551211,1,0.999253354069792,40.0298881530762,1.98038096780585,10.7399998232722,3.57063047006309,0.65197940047974,25,-0.00181364794862166,0.660497427916501,0.000961484025414508,299.9725037,299.9747314,1249.23681640625,1339.14294433594,56.221757759756,20.8102254756744,9.256284,0,0,0,40,4449,299.95935,1294.18988037109,,,,,,,,,,,,,0,,,,17.8803339,,,,,,299.97361755,,,,
,15579742.04,299.97460935,1399.11358642578,0.716878922309195,0.00259292370631924,1,0.999253354069792,40.0298881530762,1.98021058025603,10.7399998232722,3.87408932586647,0.708901301557964,25,-0.00169738246732251,0.716740605192972,0.00131401457303248,299.9744873,299.9747314,1339.14294433594,1459.08422851562,56.2530229005252,20.8128556854992,9.256284,0,0,0,40,4449,299.9564,1399.11358642578,,,,,,,,,,,,,0,,,,17.8803339,,,,,,299.97460935,,,,
,15579743.225,299.9744873,1513.94482421875,0.772800612541328,0.0025794030831506,1,0.999253354069792,40.0298881530762,1.98038331945599,10.7399998232722,4.17638669297958,0.76569326300278,25,-0.00156551052103774,0.772650401538053,0.00168071827622491,299.9744873,299.9744873,1459.08422851562,1568.80541992187,56.6602513590445,20.8124041838888,8.512546,0,0,0,40,4449,299.95555,1513.94482421875,,,,,,,,,,,,,0,,,,17.7017174,,,,,,299.9744873,,,,
,15579744.27,299.9755707,1613.61053466797,0.82650108041484,0.00742674024228401,1,0.999253354069792,40.0298881530762,1.97990632992161,10.7399998232722,4.4641021405451,0.82649648890645,25,-0.000232103172450261,0.826334343203308,0.0032393849664491,299.9744873,299.9766541,1568.80541992187,1658.41564941406,56.4687523718329,20.822788660838,9.256284,0,0,0,40,4449,299.9547,1613.61053466797,,,,,,,,,,,,,0,,,,17.7017174,,,,,,299.9755707,,,,
,15579745.31,299.97633365,1717.23706054687,0.870644996933366,0.00305861470304177,1,0.999253354069792,40.0298881530762,1.98010158490789,10.7399998232722,4.70610540309547,0.853894677035593,25,-0.00336019228156783,0.870482415593966,0.000297348012381297,299.9760132,299.9766541,1658.41564941406,1776.05847167969,56.2944492120444,20.8154217827784,8.512546,0,0,0,40,4449,299.9517,1717.23706054687,,,,,,,,,,,,,0,,,,17.7017174,,,,,,299.97633365,,,,
,15579746.515,299.9764557,1842.49108886719,0.989845024378019,0.00259854655272926,1,0.999253354069792,40.0298881530762,1.98005652005342,10.7500003650784,5.34861988505581,0.979838324590189,25,-0.002143126304567,0.989653138143803,0.00201479890910842,299.9760132,299.9768982,1776.05847167969,1908.92370605469,56.340565294679,20.8130593671544,8.884414,0,0,0,40,4449,299.95025,1842.49108886719,,,,,,,,,,,,,0,,,,17.7017174,,,,,,299.9764557,,,,
,15579747.75,299.97721865,1969.15484619141,1.0448541265738,0.00237645991424196,1,0.999253354069792,40.0298881530762,1.98002735038751,10.7399998232722,5.64638743787758,1.03100004185568,25,-0.00286876552270345,1.04465410049626,0.00152029189017056,299.9768982,299.9775391,1908.92370605469,2029.38598632813,57.4856510753522,20.8156442796499,8.512546,0,0,0,40,4449,299.9505,1969.15484619141,,,,,,,,,,,,,0,,,,17.7017174,,,,,,299.97721865,,,,
,15579748.86,299.9783478,2079.30932617187,1.09717084006601,0.00241064983436457,1,0.999253354069792,40.0298881530762,1.98001156378778,10.7399998232722,5.92820146006631,1.08724667272709,25,-0.00215478768624624,1.09695715273993,0.00245383869797875,299.9775391,299.9791565,2029.38598632813,2129.23266601562,55.9169226372559,20.8163161637672,8.512546,0,0,0,40,4449,299.94875,2079.30932617187,,,,,,,,,,,,,0,,,,17.7905884,,,,,,299.9783478,,,,
,15579749.97,299.97927855,2189.11499023438,1.14963404159341,0.00245052732813524,1,0.999253354069792,40.0298881530762,1.97997536923086,10.7399998232722,6.21153376074668,1.13934648511908,25,-0.00223344778270152,1.14940999724545,0.00259551562284351,299.9791565,299.9794006,2129.23266601562,2248.99731445313,55.6183405429097,20.8151920276891,9.256284,0,0,0,40,4449,299.9473,2189.11499023438,,,,,,,,,,,,,0,,,,17.7905884,,,,,,299.97927855,,,,
,15579751.08,299.98001095,2298.94934082031,1.20091249552709,0.00242210081541857,1,0.999253354069792,40.0298881530762,1.98040465523891,10.7399998232722,6.49005380587807,1.1899442544613,25,-0.00242064171293727,1.20067880015374,0.00262365883455723,299.9794006,299.9806213,2248.99731445313,2348.9013671875,56.1897109904675,20.8165805723527,8.884414,0,0,0,40,4449,299.948,2298.94934082031,,,,,,,,,,,,,0,,,,17.8803339,,,,,,299.98001095,,,,
,15579752.08,299.98049925,2398.68676757813,1.25274886809526,0.00235614951128524,1,0.999253354069792,40.0298881530762,1.98040465523891,10.7500003650784,6.77007817090093,1.24191777596675,25,-0.00241204460005627,1.25250459319461,0.00284991106945933,299.9803772,299.9806213,2348.9013671875,2448.47216796875,55.9692917480444,20.8165805723527,9.256284,0,0,0,40,4449,299.94795,2398.68676757813,,,,,,,,,,,,,0,,,,17.8803339,,,,,,299.98049925,,,,
,15579753.19,299.9807434,2508.41943359375,1.30282481363723,0.00236330051169656,1,0.999253354069792,40.0298881530762,1.98010927857415,10.7399998232722,7.04023644072391,1.28833545963858,25,-0.00307074283752375,1.30257312887924,0.00240161301676434,299.9803772,299.9811096,2448.47216796875,2568.36669921875,55.1743755439866,20.8276133026091,9.256284,0,0,0,40,4449,299.94725,2508.41943359375,,,,,,,,,,,,,0,,,,17.8803339,,,,,,299.9807434,,,,
,15579754.39,299.98124695,2628.30334472656,1.35326151928485,0.00231272694919123,1,0.999253354069792,40.0298881530762,1.98027351824134,10.7500003650784,7.31353462681762,1.33748051788858,25,-0.00334486859263371,1.3530007237005,0.00233931043774773,299.9811096,299.9813843,2568.36669921875,2688.23999023438,56.2960124690829,20.819906892895,8.512546,0,0,0,40,4449,299.9467,2628.30334472656,,,,,,,,,,,,,0,,,,18.0589504,,,,,,299.98124695,,,,
,15579755.475,299.9815216,2738.13720703125,1.40311587532694,0.00234141566396639,1,0.999253354069792,40.0298881530762,1.97988335877307,10.7500003650784,7.58100281903784,1.38921697160223,25,-0.00296255155685058,1.40284334142878,0.00293085883951108,299.9813843,299.9816589,2688.23999023438,2788.03442382813,55.6300649706982,20.8194392356524,9.256284,0,0,0,40,4449,299.94675,2738.13720703125,,,,,,,,,,,,,0,,,,18.0589504,,,,,,299.9815216,,,,
,15579756.555,299.9823761,2848.03063964844,1.45229009904677,0.00230596970700821,1,0.999253354069792,40.0298881530762,1.98008973494378,10.7500003650784,7.8473307973686,1.43889585151905,25,-0.00290972390385754,1.4520073198174,0.00319009607525118,299.9816589,299.9830933,2788.03442382813,2908.02685546875,55.7856090460251,20.8169950555178,8.512546,0,0,0,40,4449,299.9479,2848.03063964844,,,,,,,,,,,,,0,,,,17.9692049,,,,,,299.9823761,,,,
,15579757.61,299.98355105,2953.03601074219,1.54886516926598,0.00225603956420758,1,0.999253354069792,40.0298881530762,1.98011313971214,10.7500003650784,8.36922125895092,1.53482008380366,25,-0.00306197691661473,1.54856335468232,0.00344336554145977,299.9830933,299.9840088,2908.02685546875,2998.04516601562,56.3866813773137,20.8206880753513,9.256284,0,0,0,40,4449,299.94875,2953.03601074219,,,,,,,,,,,,,0,,,,17.9692049,,,,,,299.98355105,,,,
,15579758.675,299.98405455,3057.94836425781,1.59871850888671,0.00212380493250616,1,0.999253354069792,40.0298881530762,1.9801295174255,10.7500003650784,8.63930463723972,1.58081711594882,25,-0.00379310818373837,1.59840960891903,0.00292172717754413,299.9840088,299.9841003,2998.04516601562,3117.8515625,55.5354879198713,20.8166644130058,8.884414,0,0,0,40,4449,299.94665,3057.94836425781,,,,,,,,,,,,,0,,,,17.9692049,,,,,,299.98405455,,,,
,15579759.86,299.98468015,3178.05712890625,1.64683432882074,0.00212256023685587,1,0.999253354069792,40.0298881530762,1.98007424069989,10.7500003650784,8.89905855832845,1.62843798527313,25,-0.00389088744516796,1.6465160302722,0.00302598489809431,299.9841003,299.98526,3117.8515625,3238.2626953125,55.5667530606405,20.8193779116711,8.512546,0,0,0,40,4449,299.94515,3178.05712890625,,,,,,,,,,,,,0,,,,17.9692049,,,,,,299.98468015,,,,
,15579760.93,299.9842987,3283.32678222656,1.69442454685125,0.00216469396781996,1,0.999253354069792,40.0298881530762,1.98023376993839,10.7399998232722,9.1569468601102,1.67560887313532,25,-0.00400681527227795,1.69409709852095,0.00310983692016268,299.9833374,299.98526,3238.2626953125,3328.39086914063,56.4413953736598,20.8131744273193,8.512546,0,0,0,40,4449,299.94585,3283.32678222656,,,,,,,,,,,,,0,,,,17.8803339,,,,,,299.9842987,,,,
,15579761.945,299.9838867,3383.37268066406,1.7418803773862,0.00230904286200787,1,0.999253354069792,40.0298881530762,1.98021195366416,10.7399998232722,9.41316380316593,1.72328048787135,25,-0.00397799732967178,1.74154320317187,0.00333782877565116,299.9833374,299.984436,3328.39086914063,3438.3544921875,56.6141352764098,20.8185509769447,8.512546,0,0,0,40,4449,299.9469,3383.37268066406,,,,,,,,,,,,,0,,,,17.9709978,,,,,,299.9838867,,,,
,15579763.075,299.98449705,3498.33227539063,1.7878505003751,0.00209747616840946,1,0.999253354069792,40.0298881530762,1.98018090381941,10.7399998232722,9.66158486970848,1.76794892365689,25,-0.00422795276952188,1.78750500772941,0.00328085540358115,299.984436,299.9845581,3438.3544921875,3558.31005859375,56.5250296252175,20.8208853154512,8.512546,0,0,0,40,4449,299.9476,3498.33227539063,,,,,,,,,,,,,0,,,,18.0598688,,,,,,299.98449705,,,,
,15579764.14,299.984848,3603.32580566406,1.83456669706879,0.00231615326063846,1,0.999253354069792,40.0298881530762,1.98009808596988,10.7399998232722,9.91369422341572,1.81375569850274,25,-0.00439673434490081,1.83421240560068,0.00330820801321558,299.9845581,299.9851379,3558.31005859375,3648.34155273438,55.0915229209481,20.8219590055415,9.256284,0,0,0,40,4449,299.9472,3603.32580566406,,,,,,,,,,,,,0,,,,17.9692049,,,,,,299.984848,,,,
,15579765.26,299.98608395,3713.28820800781,1.88040017239095,0.00231549380011142,1,0.999253354069792,40.0298881530762,1.98031334378548,10.7399998232722,10.1623740785676,1.85966365396469,25,-0.0044329190632134,1.88003664429859,0.00346440026127581,299.9851379,299.98703,3648.34155273438,3778.23486328125,56.3827732347175,20.8154743801048,8.512546,0,0,0,40,4449,299.94725,3713.28820800781,,,,,,,,,,,,,0,,,,17.9692049,,,,,,299.98608395,,,,
,15579766.33,299.98703,3823.20983886719,1.92718930429184,0.00212609133726705,1,0.999253354069792,40.0298881530762,1.98030051357527,10.7500003650784,10.4157249112891,1.90295177802827,25,-0.00509344137845362,1.92681898555504,0.00300037334380318,299.98703,299.98703,3778.23486328125,3868.18481445313,56.3882446343521,20.8121488739617,9.256284,0,0,0,40,4449,299.9478,3823.20983886719,,,,,,,,,,,,,0,,,,17.9692049,,,,,,299.98703,,,,
,15579767.225,299.98724365,3913.15417480469,1.97315480827425,0.00185319369930197,1,0.999253354069792,40.0298881530762,1.97989601065394,10.7399998232722,10.6610218810851,1.95336744418089,25,-0.00421193892628856,1.97277144005805,0.00407460901643944,299.98703,299.9874573,3868.18481445313,3958.12353515625,56.2584943001598,20.8242936892402,9.256284,0,0,0,40,4449,299.94845,3913.15417480469,,,,,,,,,,,,,0,,,,17.9692049,,,,,,299.98724365,,,,
,15579768.305,299.98796085,4018.11242675781,2.01687880877223,0.0021865213255177,1,0.999253354069792,40.0298881530762,1.9802775371345,10.7399998232722,10.8995504382771,1.99574275096946,25,-0.00454318066537071,2.01648789625006,0.00392698586869383,299.9874573,299.9884644,3958.12353515625,4078.10131835937,56.6954246424098,20.8166025447613,9.256284,0,0,0,40,4449,299.94695,4018.11242675781,,,,,,,,,,,,,0,,,,17.9692049,,,,,,299.98796085,,,,
,15579769.455,299.9880524,4133.09143066406,2.06306004002783,0.00207214795708458,1,0.999253354069792,40.0298881530762,1.98027079165277,10.7399998232722,11.1498419439006,2.03734859673992,25,-0.00540323165066786,2.06266335636739,0.0032609061899508,299.9876404,299.9884644,4078.10131835937,4188.08154296875,56.238953587179,20.8196509110872,9.256284,0,0,0,40,4449,299.9472,4133.09143066406,,,,,,,,,,,,,0,,,,18.0589504,,,,,,299.9880524,,,,
,15579770.525,299.98812865,4237.45361328125,2.10815677969169,0.00234199022735531,1,0.999253354069792,40.0298881530762,1.97993974392061,10.7399998232722,11.3914312422475,2.08304856740194,25,-0.00524255337443191,2.10775026618497,0.00361072941551586,299.9876404,299.9886169,4188.08154296875,4286.82568359375,56.5351907959675,20.8198964630466,8.512546,0,0,0,40,4449,299.94945,4237.45361328125,,,,,,,,,,,,,0,,,,17.9692049,,,,,,299.98812865,,,,
,15579771.69,299.9886932,4356.72436523438,2.18680358432639,0.0024560040806028,1,0.999253354069792,40.0298881530762,1.98004947532545,10.7399998232722,11.8169207231759,2.16150826851538,25,-0.00532082890382824,2.18638138105234,0.00386256589481366,299.9886169,299.9887695,4286.82568359375,4426.623046875,56.2905410694483,20.8187646970928,9.256284,0,0,0,40,4449,299.9498,4356.72436523438,,,,,,,,,,,,,0,,,,17.9692049,,,,,,299.9886932,,,,
,15579772.82,299.9887695,4472.80224609375,2.23656789752776,0.00221745534962543,1,0.999253354069792,40.0298881530762,1.9802254766188,10.7399998232722,12.0867995689625,2.21133386369035,25,-0.00535920373926377,2.23613575982149,0.0040328719169733,299.9887695,299.9887695,4426.623046875,4518.9814453125,56.8673829166406,20.8109704834028,8.512546,0,0,0,40,4449,299.95395,4472.80224609375,,,,,,,,,,,,,0,,,,18.1496143,,,,,,299.9887695,,,,
,15579773.895,299.98950195,4579.33251953125,2.28148845000475,0.00223363818166816,1,0.999253354069792,40.0298881530762,1.97990179298986,10.7399998232722,12.3259977870696,2.263985547197,25,-0.00387465174402006,2.28104091522481,0.00570543067526538,299.9887695,299.9902344,4518.9814453125,4639.68359375,56.2631840712752,20.8228607390956,9.256284,0,0,0,40,4449,299.95875,4579.33251953125,,,,,,,,,,,,,0,,,,18.1496143,,,,,,299.98950195,,,,
,15579775.09,299.9900818,4704.69873046875,2.32560639474241,0.00234422718629779,1,0.999253354069792,40.0298881530762,1.98035552429181,10.7399998232722,12.5686752958735,2.30009929680365,25,-0.00546399343102115,2.32515652319801,0.00430156063994835,299.9899292,299.9902344,4639.68359375,4769.7138671875,56.8329912617945,20.8117154784115,8.512546,0,0,0,40,4449,299.9572,4704.69873046875,,,,,,,,,,,,,0,,,,18.0589504,,,,,,299.9900818,,,,
,15579776.18,299.9899292,4814.46142578125,2.36962524205849,0.00199699442402109,1,0.999253354069792,40.0298881530762,1.98009882937712,10.7399998232722,12.8056444267281,2.33962068336889,25,-0.00625574054449358,2.36916976641189,0.00369471409641259,299.9899292,299.9899292,4769.7138671875,4859.208984375,56.2053435608521,20.8116493060033,9.256284,0,0,0,40,4449,299.95585,4814.46142578125,,,,,,,,,,,,,0,,,,18.0589504,,,,,,299.9899292,,,,
,15579777.205,299.99076845,4913.95336914063,2.41046844053316,0.00195070844096436,1,0.999253354069792,40.0298881530762,1.9800544250254,10.7399998232722,13.0249386564918,2.38604464539104,25,-0.00522481780196953,2.41000027065598,0.00489678466798289,299.9899292,299.9916077,4859.208984375,4968.69775390625,55.1782836865828,20.8182581576773,8.512546,0,0,0,40,4449,299.95595,4913.95336914063,,,,,,,,,,,,,0,,,,18.1496143,,,,,,299.99076845,,,,
,15579778.275,299.9916077,5018.54614257812,2.45201099237942,0.00209780890750584,1,0.999253354069792,40.0298881530762,1.98014563715502,10.7500003650784,13.2508861460657,2.42254126113614,25,-0.00619118046341506,2.45153836652912,0.00410494147917033,299.9916077,299.9916077,4968.69775390625,5068.39453125,55.9997752602944,20.8158043895697,9.256284,0,0,0,40,4449,299.95505,5018.54614257812,,,,,,,,,,,,,0,,,,18.0598688,,,,,,299.9916077,,,,
,15579779.175,299.99188235,5108.33227539063,2.49339665899817,0.00198696565394276,1,0.999253354069792,40.0298881530762,1.98014563715502,10.7399998232722,13.4743707301928,2.46433094314797,25,-0.0061287118460042,2.49291533752113,0.00434107515301934,299.9916077,299.992157,5068.39453125,5148.27001953125,55.751217391179,20.8158043895697,8.512546,0,0,0,40,4449,299.9542,5108.33227539063,,,,,,,,,,,,,0,,,,17.8794594,,,,,,299.99188235,,,,
,15579780.14,299.99180605,5208.177734375,2.53354798571506,0.00198196779966557,1,0.999253354069792,40.0298881530762,1.98019521984493,10.7399998232722,13.6914423837482,2.50537776489024,25,-0.00598616295517538,2.53305792071427,0.00465203414772139,299.9914551,299.992157,5148.27001953125,5268.08544921875,55.2900565648328,20.8270197720488,9.256284,0,0,0,40,4449,299.9543,5208.177734375,,,,,,,,,,,,,0,,,,17.8794594,,,,,,299.99180605,,,,
,15579781.305,299.99224855,5323.04296875,2.57636616094809,0.00191656748707126,1,0.999253354069792,40.0298881530762,1.9802781115657,10.7399998232722,13.9235900312357,2.54681332913159,25,-0.00627421546716209,2.57586857357375,0.00454362701552387,299.9914551,299.993042,5268.08544921875,5378.00048828125,55.8293802431021,20.8172382833087,9.256284,0,0,0,40,4449,299.95495,5323.04296875,,,,,,,,,,,,,0,,,,18.0598688,,,,,,299.99224855,,,,
,15579785.74,299.9934082,5767.6474609375,2.7353334641325,0.00212974575989992,1,0.999253354069792,40.0298881530762,1.98031872869455,10.7399998232722,14.8023895073112,2.70660041188129,250,-0.00683213479874272,2.73480581064535,0.00465284626081301,299.9934082,299.9934082,5757.67626953125,5777.61865234375,56.5437887096791,20.8223762553282,8.512546,0,0,0,40,4449,299.9491,5767.6474609375,,,,,,,,,,,,,0,,,,17.8794594,,,,,,299.9934082,,,,
,15579786.47,299.99354555,5842.48657226563,2.81511276987384,0.0017119045175313,1,0.999253354069792,40.0298881530762,1.98036905973688,10.7500003650784,15.2347234670067,2.78438775270843,250,-0.00725742878508746,2.8145706676559,0.00456250542932068,299.9934082,299.9936829,5777.61865234375,5907.3544921875,56.3655774072944,20.8192579742489,8.512546,0,0,0,40,4449,299.9481,5842.48657226563,,,,,,,,,,,,,0,,,,17.9692049,,,,,,299.99354555,,,,
,15579787.715,299.9939728,5962.47119140625,2.85291855275271,0.00166819447652944,1,0.999253354069792,40.0298881530762,1.98006502731155,10.7399998232722,15.4347945330019,2.83329148898977,250,-0.00514829950599319,2.85235987782926,0.0068297528523423,299.9936829,299.9942627,5907.3544921875,6017.587890625,55.3267931052366,20.8094545263033,8.512546,0,0,0,40,4449,299.9478,5962.47119140625,,,,,,,,,,,,,0,,,,18.1496143,,,,,,299.9939728,,,,
,15579788.805,299.9942627,6072.61987304687,2.89173508525309,0.00185312449304568,1,0.999253354069792,40.0298881530762,1.97995091353741,10.7399998232722,15.6452807703386,2.86433730843802,250,-0.00657588168547712,2.89117448746312,0.00556531189086867,299.9942627,299.9942627,6017.587890625,6127.65185546875,56.6328943608714,20.8210376106513,9.256284,0,0,0,40,4449,299.94645,6072.61987304687,,,,,,,,,,,,,0,,,,18.2402782,,,,,,299.9942627,,,,
,15579790.77,299.9953918,6267.650390625,2.92905517987079,0.00210752506848898,1,0.999253354069792,40.0298881530762,1.98037282650597,10.7500003650784,15.849522198194,2.90711811649327,250,-0.00569706157650059,2.92848320395377,0.00660037107129414,299.9953918,299.9953918,6267.650390625,6267.650390625,55.3150686774482,20.8132556755949,8.512546,0,0,0,40,4449,299.94535,6267.650390625,,,,,,,,,,,,,0,,,,17.8794594,,,,,,299.9953918,,,,
,15579791.36,299.9958801,6322.62768554687,2.96854028552452,0.00202683709230618,1,0.999253354069792,40.0298881530762,1.98016066966367,10.7399998232722,16.0623001919757,2.9416994600077,250,-0.00656887110731127,2.96796388690096,0.00589445901733272,299.9953918,299.9963684,6267.650390625,6377.60498046875,56.0036834028905,20.8174822775431,8.884414,0,0,0,40,4449,299.94435,6322.62768554687,,,,,,,,,,,,,0,,,,17.8794594,,,,,,299.9958801,,,,
,15579792.415,299.99594115,6432.66772460937,3.00670801610405,0.00197727000661139,1,0.999253354069792,40.0298881530762,1.98020316177389,10.7399998232722,16.2696735961811,2.97681616185344,250,-0.00716501315365821,3.00612636064341,0.00545853152068948,299.9955139,299.9963684,6377.60498046875,6487.73046875,56.381209977679,20.8167269839473,8.512546,0,0,0,40,4449,299.94345,6432.66772460937,,,,,,,,,,,,,0,,,,18.0598688,,,,,,299.99594115,,,,
,15579793.43,299.9961853,6538.34545898438,3.04235542543382,0.0017904280739608,1,0.999253354069792,40.0298881530762,1.98024154564409,10.7500003650784,16.4625727496364,3.0138090478401,250,-0.00694599521474341,3.04176559100234,0.00582693547047986,299.9955139,299.9968567,6487.73046875,6588.96044921875,56.7774956369291,20.8217827021749,9.256284,0,0,0,40,4449,299.94425,6538.34545898438,,,,,,,,,,,,,0,,,,18.2402782,,,,,,299.9961853,,,,
,15579794.5,299.9972687,6644.14428710937,3.08117679086389,0.00135958451701787,1,0.999253354069792,40.0298881530762,1.97992164333366,10.7500003650784,16.6702058336397,3.05074177087414,250,-0.00722744823423761,3.08058012607422,0.00570840546170469,299.9968567,299.9976807,6588.96044921875,6699.328125,56.3171164391021,20.8177132993111,8.884414,0,0,0,40,4449,299.94275,6644.14428710937,,,,,,,,,,,,,0,,,,18.0598688,,,,,,299.9972687,,,,
,15579795.475,299.9977112,6739.34594726563,3.11623474353928,0.00178997972736899,1,0.999253354069792,40.0298881530762,1.98023198732293,10.7500003650784,16.8602933745484,3.0976018087327,250,-0.00515078390993485,3.11562218295657,0.00793174539806436,299.9976807,299.9977417,6699.328125,6779.36376953125,55.8794044683328,20.8129707898905,8.512546,0,0,0,40,4449,299.94095,6739.34594726563,,,,,,,,,,,,,0,,,,18.0598688,,,,,,299.9977112,,,,
,15579796.525,299.99687195,6844.41748046875,3.19213189831907,0.00189324998937505,1,0.999253354069792,40.0298881530762,1.98017917497672,10.7399998232722,17.2730327635118,3.15921749795155,250,-0.00781738729483732,3.19151520151241,0.00558411226207636,299.9960022,299.9977417,6779.36376953125,6909.47119140625,56.7376325824483,20.8173764841313,9.256284,0,0,0,40,4449,299.9408,6844.41748046875,,,,,,,,,,,,,0,,,,18.1496143,,,,,,299.99687195,,,,
,15579797.705,299.9975891,6964.58325195313,3.2264970853272,0.00191115451101974,1,0.999253354069792,40.0298881530762,1.98019638558837,10.7399998232722,17.4591362295574,3.19324770946124,250,-0.00790276429473609,3.22587368757009,0.00564281692789522,299.9960022,299.999176,6909.47119140625,7019.6953125,55.3463338182174,20.8205009330832,9.256284,0,0,0,40,4449,299.9404,6964.58325195313,,,,,,,,,,,,,0,,,,18.1496143,,,,,,299.9975891,,,,
,15579798.75,299.998291,7069.66552734375,3.26301663330207,0.00188355528831892,1,0.999253354069792,40.0298881530762,1.98002048162987,10.7500003650784,17.6554371854553,3.22793763384646,250,-0.00820902597645323,3.26238701969958,0.00548976393641514,299.997406,299.999176,7019.6953125,7119.6357421875,55.9450612639482,20.8209548186288,9.256284,0,0,0,40,4449,299.9397,7069.66552734375,,,,,,,,,,,,,0,,,,18.0598688,,,,,,299.998291,,,,
,15579799.83,299.99749755,7179.681640625,3.29803707391923,0.00219373323214696,1,0.999253354069792,40.0298881530762,1.97995843879159,10.7399998232722,17.8437148736242,3.26606905721571,250,-0.00763361279350108,3.29739803676326,0.00621182712868361,299.997406,299.9975891,7119.6357421875,7239.7275390625,56.3397836661598,20.82167817309,8.512546,0,0,0,40,4449,299.94035,7179.681640625,,,,,,,,,,,,,0,,,,18.0598688,,,,,,299.99749755,,,,
,15579801.02,299.99819945,7299.67260742188,3.33466322911063,0.00162912308341696,1,0.999253354069792,40.0298881530762,1.98034348350761,10.7399998232722,18.0465633831538,3.29614824736864,250,-0.00897868940509776,3.33402231952159,0.00502055096546722,299.9975891,299.9988098,7239.7275390625,7359.61767578125,55.6714912822174,20.8164675167517,9.256284,0,0,0,40,4449,299.9402,7299.67260742188,,,,,,,,,,,,,0,,,,18.0598688,,,,,,299.99819945,,,,
,15579802.105,299.99812315,7404.65405273437,3.36839254244586,0.00157703491800744,1,0.999253354069792,40.0298881530762,1.98007075139611,10.7399998232722,18.2254799220799,3.33535861871196,250,-0.00790119097970577,3.36774027047418,0.00623925401381023,299.9974365,299.9988098,7359.61767578125,7449.6904296875,56.8751992018329,20.8213833182622,9.256284,0,0,0,40,4449,299.93945,7404.65405273437,,,,,,,,,,,,,0,,,,18.0598688,,,,,,299.99812315,,,,
,15579803.175,299.9971161,7509.68896484375,3.40456027744677,0.00188243024905952,1,0.999253354069792,40.0298881530762,1.9803635574573,10.7399998232722,18.4234448823945,3.37374422672174,250,-0.0076001515872402,3.40389952754924,0.00669184532460027,299.9967957,299.9974365,7449.6904296875,7569.6875,56.0044650314098,20.8126860844815,9.256284,0,0,0,40,4449,299.93945,7509.68896484375,,,,,,,,,,,,,0,,,,18.2402782,,,,,,299.9971161,,,,
,15579804.305,299.99806215,7624.7392578125,3.43868518034671,0.0020154647532539,1,0.999253354069792,40.0298881530762,1.9800666249135,10.7399998232722,18.604011259336,3.41447839124062,250,-0.0063048249153195,3.43801194886029,0.00812995645523782,299.9967957,299.9993286,7569.6875,7679.791015625,56.0435464573713,20.8157214923358,9.256284,0,0,0,40,4449,299.93885,7624.7392578125,,,,,,,,,,,,,0,,,,18.0598688,,,,,,299.99806215,,,,
,15579805.405,299.998703,7734.82446289063,3.47183812393662,0.00171430484800181,1,0.999253354069792,40.0298881530762,1.9801704261418,10.7399998232722,18.7851535979103,3.44316368360797,250,-0.00718086688699851,3.47116176003572,0.00739305502805808,299.9980774,299.9993286,7679.791015625,7789.85791015625,55.8778412112944,20.8191370222236,9.256284,0,0,0,40,4449,299.93845,7734.82446289063,,,,,,,,,,,,,0,,,,17.8794594,,,,,,299.998703,,,,
,15579806.495,299.99824525,7844.91259765625,3.53881037165346,0.00194449812015472,1,0.999253354069792,40.0298881530762,1.98027377121715,10.7399998232722,19.1500832470685,3.50120724587858,250,-0.00890063287245734,3.53812768270413,0.00595447587254056,299.9980774,299.9984131,7789.85791015625,7899.96728515625,57.0502839901407,20.819479752538,8.512546,0,0,0,40,4449,299.93925,7844.91259765625,,,,,,,,,,,,,0,,,,17.8794594,,,,,,299.99824525,,,,
,15579807.65,299.99835205,7959.99853515625,3.57554903718665,0.00190203090741567,1,0.999253354069792,40.0298881530762,1.98019839733337,10.7399998232722,19.3478270786246,3.53929651457026,250,-0.00864667167323815,3.57485781177951,0.00636238830068115,299.998291,299.9984131,7899.96728515625,8020.02978515625,56.3093001539098,20.8169952694075,9.256284,0,0,0,40,4449,299.93865,7959.99853515625,,,,,,,,,,,,,0,,,,17.8794594,,,,,,299.99835205,,,,
,15579808.795,299.99926755,8074.87231445313,3.60711290640899,0.00191229912052906,1,0.999253354069792,40.0298881530762,1.98024785906107,10.7399998232722,19.5186533350662,3.57302960999942,250,-0.00827871161476537,3.60641360537533,0.0068626182271483,299.998291,300.0002441,8020.02978515625,8129.71484375,55.3064707637366,20.8162851064344,8.512546,0,0,0,40,4449,299.93695,8074.87231445313,,,,,,,,,,,,,0,,,,18.0598688,,,,,,299.99926755,,,,
,15579809.82,299.9999237,8179.87060546875,3.63946899632138,0.0017007352268982,1,0.999253354069792,40.0298881530762,1.98009027743979,10.7399998232722,19.69132446128,3.60956634694522,250,-0.00747146813728241,3.63875965747665,0.00780526121376405,299.9996033,300.0002441,8129.71484375,8230.0263671875,56.8032893780637,20.8241983333357,9.256284,0,0,0,40,4449,299.9373,8179.87060546875,,,,,,,,,,,,,0,,,,18.0598688,,,,,,299.9999237,,,,
,15579810.905,299.9994812,8285.06005859375,3.67534017342979,0.0017169618556457,1,0.999253354069792,40.0298881530762,1.98015361552898,10.7399998232722,19.8867618892743,3.64128872920885,250,-0.00827846146445849,3.67462700682352,0.00714871651104184,299.9993591,299.9996033,8230.0263671875,8340.09375,56.6164801619675,20.8121113528396,8.512546,0,0,0,40,4449,299.9381,8285.06005859375,,,,,,,,,,,,,0,,,,17.8794594,,,,,,299.9994812,,,,
,15579811.945,299.99919125,8385.1015625,3.70594162538462,0.00147081065422276,1,0.999253354069792,40.0298881530762,1.98019875250714,10.7399998232722,20.0527909242879,3.67167409467565,250,-0.00834985760342688,3.70522258668867,0.00720560278278643,299.9990234,299.9993591,8340.09375,8430.109375,56.0232241158713,20.8189342307948,8.512546,0,0,0,40,4449,299.93735,8385.1015625,,,,,,,,,,,,,0,,,,18.0598688,,,,,,299.99919125,,,,
,15579813.035,299.99957275,8495.11181640625,3.73936429025479,0.0017374850569297,1,0.999253354069792,40.0298881530762,1.98008097335815,10.7399998232722,20.2308174656095,3.71346519150387,250,-0.00678080143796248,3.7386318292756,0.00891444159954614,299.9990234,300.0001221,8430.109375,8560.1142578125,56.506270540756,20.8211324421933,8.512546,0,0,0,40,4449,299.9363,8495.11181640625,,,,,,,,,,,,,0,,,,18.0598688,,,,,,299.99957275,,,,
,15579814.18,300.0004425,8615.138671875,3.77289307217111,0.00212685765864681,1,0.999253354069792,40.0298881530762,1.98016255392888,10.7399998232722,20.4154733489369,3.73376590057216,250,-0.00927195051386348,3.77216414837462,0.00656424605048473,300.0001221,300.0007629,8560.1142578125,8670.1630859375,56.5992843345444,20.8153544504357,9.256284,0,0,0,40,4449,299.93645,8615.138671875,,,,,,,,,,,,,0,,,,18.0598688,,,,,,300.0004425,,,,
,15579815.24,300.00064085,8720.234375,3.80417981715293,0.00146871188515794,1,0.999253354069792,40.0298881530762,1.97977745583146,10.7399998232722,20.5798876663971,3.76927948735037,250,-0.00837486613658536,3.80344075801973,0.00759219378734712,300.0005188,300.0007629,8670.1630859375,8770.3056640625,56.5015807696406,20.8219980333464,8.512546,0,0,0,40,4449,299.9369,8720.234375,,,,,,,,,,,,,0,,,,18.0598688,,,,,,300.00064085,,,,
,15579816.39,300.00090025,8830.31298828125,3.83712944587094,0.00152880738692633,1,0.999253354069792,40.0298881530762,1.98022060112612,10.7399998232722,20.7631753751088,3.80003602549493,250,-0.0089501733115712,3.83638608475406,0.00715501231315751,300.0005188,300.0012817,8770.3056640625,8890.3203125,56.6125720193714,20.8268160618669,9.256284,0,0,0,40,4449,299.93735,8830.31298828125,,,,,,,,,,,,,0,,,,18.0598688,,,,,,300.00090025,,,,
,15579817.565,300.00041195,8950.283203125,3.90067474465147,0.00165906809055679,1,0.999253354069792,40.0298881530762,1.98010434149425,10.7399998232722,21.1046035645816,3.86929818588546,250,-0.00788664797626572,3.89991408287723,0.00848474030907297,299.9995422,300.0012817,8890.3203125,9010.24609375,56.4179465180829,20.8139522596197,9.256284,0,0,0,40,4449,299.9372,8950.283203125,,,,,,,,,,,,,0,,,,18.2402782,,,,,,300.00041195,,,,
,15579818.7,299.99957275,9065.3388671875,3.9347976218226,0.00185810660397191,1,0.999253354069792,40.0298881530762,1.98015335454898,10.7399998232722,21.2918653759093,3.89177997456065,250,-0.0100744619580788,3.93403933898074,0.00644036782366715,299.9995422,299.9996033,9010.24609375,9120.431640625,56.2483331294098,20.8212345819364,8.512546,0,0,0,40,4449,299.9363,9065.3388671875,,,,,,,,,,,,,0,,,,18.2402782,,,,,,299.99957275,,,,
,15579819.775,300.0004425,9175.39892578125,3.96498401686229,0.00169279462565872,1,0.999253354069792,40.0298881530762,1.98040953441772,10.7500003650784,21.4573938572584,3.92494687783556,250,-0.0096309190715526,3.96421763122659,0.00701021213096101,299.9996033,300.0012817,9120.431640625,9230.3662109375,57.1128142716791,20.8132928891533,9.256284,0,0,0,40,4449,299.9368,9175.39892578125,,,,,,,,,,,,,0,,,,18.2402782,,,,,,300.0004425,,,,
,15579820.88,300.0011444,9285.3857421875,3.99709791660088,0.00166638365283586,1,0.999253354069792,40.0298881530762,1.98021824895952,10.7399998232722,21.6296913149403,3.95342871309419,250,-0.0102512295461925,3.99632752647125,0.00652447366016435,300.0010071,300.0012817,9230.3662109375,9340.4052734375,56.455464687006,20.8148857238518,9.256284,0,0,0,40,4449,299.93775,9285.3857421875,,,,,,,,,,,,,0,,,,18.0598688,,,,,,300.0011444,,,,
,15579822.02,300.0011597,9395.435546875,4.02566703359247,0.00164326800526084,1,0.999253354069792,40.0298881530762,1.98038567257561,10.7500003650784,21.7842757311698,3.99177298160316,250,-0.00852018542868889,4.02488358126686,0.00837486368277565,300.0010071,300.0013123,9340.4052734375,9450.4658203125,55.3502419608135,20.8178631059736,9.256284,0,0,0,40,4449,299.9367,9395.435546875,,,,,,,,,,,,,0,,,,17.8794594,,,,,,300.0011597,,,,
,15579823.1,300.00135805,9505.5400390625,4.06072635963239,0.00143487333354844,1,0.999253354069792,40.0298881530762,1.98038567257561,10.7399998232722,21.9737080237559,4.02807821719771,250,-0.00830930449235993,4.05993487533578,0.00873264503606391,300.0013123,300.0014038,9450.4658203125,9560.6142578125,56.1584458496982,20.8178631059736,9.256284,0,0,0,40,4449,299.93545,9505.5400390625,,,,,,,,,,,,,0,,,,18.0598688,,,,,,300.00135805,,,,
,15579824.225,300.00167845,9615.6171875,4.08974029674173,0.00197265371366986,1,0.999253354069792,40.0298881530762,1.98030888598793,10.7399998232722,22.1306471342678,4.05253256878448,250,-0.00913982276814142,4.08894637507849,0.00802373161483165,300.0014038,300.0019531,9560.6142578125,9670.6201171875,56.0826278833329,20.8216856622994,9.256284,0,0,0,40,4449,299.9362,9615.6171875,,,,,,,,,,,,,0,,,,18.2402782,,,,,,300.00167845,,,,
,15579825.25,300.00216675,9715.64453125,4.12197848564557,0.0017853003528658,1,0.999253354069792,40.0298881530762,1.98011600479246,10.7399998232722,22.3028484375093,4.08478297048607,250,-0.00908338027954238,4.12117771588771,0.00821519527127741,300.0019531,300.0023804,9670.6201171875,9760.6689453125,56.5688008222944,20.8242344142669,8.512546,0,0,0,40,4449,299.93625,9715.64453125,,,,,,,,,,,,,0,,,,18.2402782,,,,,,300.00216675,,,,
,15579826.315,300.0023346,9826.07763671875,4.1527919110889,0.00162442452799252,1,0.999253354069792,40.0298881530762,1.97997092470775,10.7399998232722,22.4682689431599,4.11338661799093,250,-0.00945383869079044,4.15198642303547,0.00797386048382825,300.0022888,300.0023804,9760.6689453125,9891.486328125,56.0873176544482,20.8199205706572,8.512546,0,0,0,40,4449,299.93595,9826.07763671875,,,,,,,,,,,,,0,,,,18.0598688,,,,,,300.0023346,,,,
,15579827.555,300.00196835,9951.4970703125,4.2142191774164,0.00175800193003288,1,0.999253354069792,40.0298881530762,1.97995286818465,10.7399998232722,22.8008001772479,4.17210459194304,250,-0.00997966542873659,4.21340348508838,0.00770554305286307,300.0016479,300.0022888,9891.486328125,10011.5078125,55.9911773465829,20.8206525677164,9.256284,0,0,0,40,4449,299.93655,9951.4970703125,,,,,,,,,,,,,0,,,,18.0598688,,,,,,300.00196835,,,,
,15579828.755,300.00137325,10071.603515625,4.24628334223674,0.00149842876920838,1,0.999253354069792,40.0298881530762,1.98017498276704,10.7500003650784,22.9769460254926,4.20349977239742,250,-0.0102047932596156,4.24546219267629,0.00761469005468889,300.0010986,300.0016479,10011.5078125,10131.69921875,56.1865844763906,20.8191440873524,8.512546,0,0,0,40,4449,299.9367,10071.603515625,,,,,,,,,,,,,0,,,,18.2402782,,,,,,300.00137325,,,,
,15579829.89,300.00170895,10186.7456054688,4.27735951526741,0.001724029007197,1,0.999253354069792,40.0298881530762,1.98029499811278,10.7399998232722,23.1457741061429,4.23826357314539,250,-0.00958581093251908,4.27652942023641,0.00836365105899657,300.0010986,300.0023193,10131.69921875,10241.7919921875,56.2498963864483,20.8183679974475,9.256284,0,0,0,40,4449,299.93665,10186.7456054688,,,,,,,,,,,,,0,,,,18.0598688,,,,,,300.00170895,,,,
,15579831.05,300.0022125,10301.8305664062,4.30627369333563,0.00147203093921841,1,0.999253354069792,40.0298881530762,1.98018824405662,10.7399998232722,23.3021375376181,4.26060736758775,250,-0.0107747508901225,4.30544265100089,0.00729598854462432,300.0021057,300.0023193,10241.7919921875,10361.869140625,55.4409108690443,20.8234135768811,8.512546,0,0,0,40,4449,299.9365,10301.8305664062,,,,,,,,,,,,,0,,,,18.0598688,,,,,,300.0022125,,,,
,15579832.43,300.00238035,10441.9223632813,4.36821220106168,0.00198252180109499,1,0.999253354069792,40.0298881530762,1.98002225274769,10.7500003650784,23.634635052078,4.32548307445192,250,-0.0101994552841932,4.36736615134183,0.00813066342752698,300.0021057,300.002655,10361.869140625,10521.9755859375,56.6930797568522,20.8226034714816,8.884414,0,0,0,40,4449,299.9368,10441.9223632813,,,,,,,,,,,,,0,,,,18.2402782,,,,,,300.00238035,,,,
,15579833.74,300.00260925,10572.0102539062,4.40134789028115,0.0017523313642806,1,0.999253354069792,40.0298881530762,1.98014395966317,10.7399998232722,23.8145667770122,4.3627610051015,250,-0.00949919423276914,4.40049213655082,0.00896966745611271,300.0025635,300.002655,10521.9755859375,10622.044921875,56.4570279440444,20.8215095616336,9.256284,0,0,0,40,4449,299.93405,10572.0102539062,,,,,,,,,,,,,0,,,,18.2402782,,,,,,300.00260925,,,,
,15579834.81,300.0023804,10676.978515625,4.42910004659439,0.00188035704196086,1,0.999253354069792,40.0298881530762,1.98026857789539,10.7500003650784,23.9669266437683,4.38660903070751,250,-0.010285754645594,4.42824198137413,0.00829972815232326,300.0021973,300.0025635,10622.044921875,10731.912109375,56.404658833256,20.8175221262158,9.256284,0,0,0,40,4449,299.92995,10676.978515625,,,,,,,,,,,,,0,,,,18.2402782,,,,,,300.0023804,,,,
,15579835.945,300.00280765,10791.9233398438,4.46296675455829,0.00127460048637698,1,0.999253354069792,40.0298881530762,1.98014920218965,10.7399998232722,24.1490401928265,4.41841936811614,250,-0.0106361727100983,4.46210322691145,0.00809117458301023,300.0021973,300.003418,10731.912109375,10851.9345703125,56.3601060076598,20.8217046620032,8.512546,0,0,0,40,4449,299.92985,10791.9233398438,,,,,,,,,,,,,0,,,,18.2402782,,,,,,300.00280765,,,,
,15579837.09,300.0038147,10906.9453125,4.49202246267974,0.00173423804465975,1,0.999253354069792,40.0298881530762,1.98020237450362,10.7500003650784,24.3039465285049,4.46320811664515,250,-0.00776404922747211,4.49114084727126,0.0110841821508023,300.003418,300.0042114,10851.9345703125,10961.9560546875,56.0537076281213,20.8168223624267,9.256284,0,0,0,40,4449,299.93155,10906.9453125,,,,,,,,,,,,,0,,,,18.2402782,,,,,,300.0038147,,,,
,15579838.13,300.00382995,11012.0361328125,4.52585192907818,0.00172014950859251,1,0.999253354069792,40.0298881530762,1.98020237450362,10.7399998232722,24.4898278017973,4.4814624555764,250,-0.0106616625989318,4.52497561836416,0.00832872530421939,300.0034485,300.0042114,10961.9560546875,11062.1162109375,55.7777927608328,20.8168223624267,8.512546,0,0,0,40,4449,299.9326,11012.0361328125,,,,,,,,,,,,,0,,,,18.2402782,,,,,,300.00382995,,,,
,15579839.13,300.00364685,11112.1293945312,4.55446758331608,0.00175300118469274,1,0.999253354069792,40.0298881530762,1.98002404722873,10.7500003650784,24.6422153779708,4.5109659004777,250,-0.0104394734971811,4.55358457754978,0.00867061123245259,300.0034485,300.0038452,11062.1162109375,11162.142578125,56.1107665100252,20.8206535527207,8.884414,0,0,0,40,4449,299.9331,11112.1293945312,,,,,,,,,,,,,0,,,,18.2402782,,,,,,300.00364685,,,,
,15579840.08,300.0046234,11207.10546875,4.58569535284284,0.00150342546278566,1,0.999253354069792,40.0298881530762,1.98002404722873,10.7399998232722,24.8129409315449,4.53236807943578,250,-0.0122723471522237,4.58481354571961,0.00696882091263007,300.0038452,300.0054016,11162.142578125,11252.068359375,55.6011447154867,20.8206535527207,9.256284,0,0,0,40,4449,299.9336,11207.10546875,,,,,,,,,,,,,0,,,,18.2402782,,,,,,300.0046234,,,,
,15579841.1,300.0050659,11307.1489257813,4.61647869619943,0.00196093678401302,1,0.999253354069792,40.0298881530762,1.97982740733865,10.7399998232722,24.975230614756,4.57236754713137,250,-0.0105022832109312,4.61558314716765,0.00886741283811996,300.0047302,300.0054016,11252.068359375,11362.2294921875,55.5972365728905,20.8262354931332,9.256284,0,0,0,40,4449,299.9333,11307.1489257813,,,,,,,,,,,,,0,,,,18.2402782,,,,,,300.0050659,,,,
,15579842.255,300.0044098,11422.1923828125,4.64679084765928,0.00159477099700642,1,0.999253354069792,40.0298881530762,1.97997126815877,10.7500003650784,25.1395484883189,4.61055725933125,250,-0.0091210605960034,4.64588348012177,0.0103751734314806,300.0040894,300.0047302,11362.2294921875,11482.1552734375,56.0529259996021,20.8204999121305,9.256284,0,0,0,40,4449,299.9336,11422.1923828125,,,,,,,,,,,,,0,,,,18.2402782,,,,,,300.0044098,,,,
,15579843.31,300.0045929,11527.1318359375,4.6786110933013,0.00204415425143527,1,0.999253354069792,40.0298881530762,1.98030467623064,10.7399998232722,25.3173253894859,4.63496822584772,250,-0.0106480624679478,4.67770365777376,0.00898162833548337,300.0040894,300.0050964,11482.1552734375,11572.1083984375,55.9982120032559,20.8200068923206,8.884414,0,0,0,40,4449,299.9342,11527.1318359375,,,,,,,,,,,,,0,,,,18.2402782,,,,,,300.0045929,,,,
,15579844.35,300.0047302,11632.1557617188,4.71153348292133,0.00144302975109788,1,0.999253354069792,40.0298881530762,1.97978078798194,10.7399998232722,25.4890494370336,4.66556911684634,250,-0.010872449353743,4.71062029614606,0.00889507462853421,300.004364,300.0050964,11572.1083984375,11692.203125,56.7634263235829,20.8244934310199,9.256284,0,0,0,40,4449,299.9345,11632.1557617188,,,,,,,,,,,,,0,,,,18.1496143,,,,,,300.0047302,,,,
,15579845.485,300.0044708,11747.2358398438,4.74117104032409,0.00176996005004418,1,0.999253354069792,40.0298881530762,1.98005209238364,10.7500003650784,25.6523279916084,4.69817284002133,250,-0.0104547061437928,4.74025014143455,0.00943678846716392,300.004364,300.0045776,11692.203125,11802.2685546875,55.1470185458135,20.8231368293768,9.256284,0,0,0,40,4449,299.93375,11747.2358398438,,,,,,,,,,,,,0,,,,17.9692049,,,,,,300.0044708,,,,
,15579846.595,300.00500485,11857.248046875,4.80413373459597,0.00192466444531183,1,0.999253354069792,40.0298881530762,1.97998516981082,10.7399998232722,25.9917321551136,4.76257080261422,250,-0.0101933315467555,4.80319885231157,0.00996203385217552,300.0045776,300.0054321,11802.2685546875,11912.2275390625,56.5703640793329,20.8171416708116,8.512546,0,0,0,40,4449,299.93225,11857.248046875,,,,,,,,,,,,,0,,,,18.0598688,,,,,,300.00500485,,,,
,15579847.735,300.00564575,11972.298828125,4.83731992978819,0.00158030068385422,1,0.999253354069792,40.0298881530762,1.98023604901228,10.7399998232722,26.1755688823375,4.7903677852141,250,-0.0113162638359291,4.8363829219407,0.0089782140575829,300.0054321,300.0058594,11912.2275390625,12032.3701171875,56.1287439659675,20.8152212940781,9.256284,0,0,0,40,4449,299.9321,11972.298828125,,,,,,,,,,,,,0,,,,18.2402782,,,,,,300.00564575,,,,
,15579848.93,300.0055542,12092.4077148438,4.86752459032221,0.00170269907580253,1,0.999253354069792,40.0298881530762,1.98005580085847,10.7399998232722,26.3362059402904,4.82237211253192,250,-0.0109203737706185,4.86657983525027,0.00950026343604975,300.005249,300.0058594,12032.3701171875,12152.4453125,56.8025077495445,20.8212064662481,8.512546,0,0,0,40,4449,299.9334,12092.4077148438,,,,,,,,,,,,,0,,,,18.2402782,,,,,,300.0055542,,,,
,15579850.08,300.00489805,12207.4482421875,4.8993075836358,0.00164474509522339,1,0.999253354069792,40.0298881530762,1.98004075178126,10.7399998232722,26.50744176087,4.85670094127474,250,-0.0104594913648748,4.89835457623646,0.010094055508592,300.0045471,300.005249,12152.4453125,12262.451171875,55.8864391250059,20.8183919913743,8.884414,0,0,0,40,4449,299.93305,12207.4482421875,,,,,,,,,,,,,0,,,,18.2402782,,,,,,300.00489805,,,,
,15579851.16,300.0050354,12312.3994140625,4.93167614914836,0.00191981087563962,1,0.999253354069792,40.0298881530762,1.98014698791805,10.7399998232722,26.6837336635165,4.89029985485418,250,-0.0102960273594893,4.93071587778777,0.010392918774925,300.0045471,300.0055237,12262.451171875,12362.34765625,55.3432073041405,20.8246315140879,9.256284,0,0,0,40,4449,299.93335,12312.3994140625,,,,,,,,,,,,,0,,,,18.2402782,,,,,,300.0050354,,,,
,15579852.275,300.00587465,12422.349609375,4.96347564531512,0.00176841174156166,1,0.999253354069792,40.0298881530762,1.97991452006699,10.7399998232722,26.8532186116719,4.91855183493497,250,-0.0108643384863871,4.96251118022941,0.00995762480726931,300.0055237,300.0062256,12362.34765625,12482.3515625,55.7097910796597,20.8169575838948,8.512546,0,0,0,40,4449,299.93515,12422.349609375,,,,,,,,,,,,,0,,,,18.0598688,,,,,,300.00587465,,,,
,15579853.275,300.0063782,12522.3911132812,4.99768252015475,0.00184441533925241,1,0.999253354069792,40.0298881530762,1.98017823202468,10.7399998232722,27.0421074149285,4.95141156649858,250,-0.0112496949595846,4.9967126454162,0.00971553968821348,300.0062256,300.0065308,12482.3515625,12562.4306640625,56.4929828559291,20.8205364619186,9.256284,0,0,0,40,4449,299.9349,12522.3911132812,,,,,,,,,,,,,0,,,,18.0598688,,,,,,300.0063782,,,,
,15579854.25,300.0064087,12622.4692382812,5.02863707186633,0.00172036182033722,1,0.999253354069792,40.0298881530762,1.9801406017366,10.7500003650784,27.2080420521911,4.98767127644097,250,-0.0102682192011962,5.02765679554223,0.0108264414791163,300.0062866,300.0065308,12562.4306640625,12682.5078125,56.0974788251982,20.8223214884221,8.512546,0,0,0,40,4449,299.9337,12622.4692382812,,,,,,,,,,,,,0,,,,18.0598688,,,,,,300.0064087,,,,
,15579855.325,300.00694275,12732.5854492187,5.06218000362841,0.0018491361909386,1,0.999253354069792,40.0298881530762,1.97981618219655,10.7399998232722,27.3858570165401,5.01634046172293,250,-0.0110387209820245,5.06119606488488,0.0101964602397,300.0062866,300.0075989,12682.5078125,12782.6630859375,56.5234663681791,20.8178402979851,8.512546,0,0,0,40,4449,299.9335,12732.5854492187,,,,,,,,,,,,,0,,,,17.8794594,,,,,,300.00694275,,,,
,15579856.34,300.0077362,12832.6889648438,5.09221326865154,0.00221766933366693,1,0.999253354069792,40.0298881530762,1.98022097041325,10.7500003650784,27.5525326379048,5.05408820020372,250,-0.00981333137501014,5.0912179616664,0.0115472280915566,300.0075989,300.0078735,12782.6630859375,12882.71484375,55.873151440179,20.8214205155125,9.256284,0,0,0,40,4449,299.9338,12832.6889648438,,,,,,,,,,,,,0,,,,17.8794594,,,,,,300.0077362,,,,
,15579857.395,300.00770565,12937.6801757813,5.12400847438934,0.0019094453372753,1,0.999253354069792,40.0298881530762,1.98007788753037,10.7500003650784,27.7221847628339,5.08760063440942,250,-0.00944650624984953,5.12300519229763,0.0120470314613234,300.0075378,300.0078735,12882.71484375,12992.6455078125,56.3687039213713,20.8255747207311,8.512546,0,0,0,40,4449,299.93345,12937.6801757813,,,,,,,,,,,,,0,,,,17.9692049,,,,,,300.00770565,,,,
,15579858.43,300.007431,13037.7221679688,5.15938892566197,0.00183141198469521,1,0.999253354069792,40.0298881530762,1.98007351879753,10.7399998232722,27.9139227983795,5.12066665408783,250,-0.00989095465651777,5.15838037834857,0.0117508651975332,300.0073242,300.0075378,12992.6455078125,13082.798828125,55.822345586429,20.8231076964799,8.884414,0,0,0,40,4449,299.93205,13037.7221679688,,,,,,,,,,,,,0,,,,18.0589504,,,,,,300.007431,,,,
,15579859.5,300.00704955,13143.2680664062,5.22642519199436,0.00164128352544072,1,0.999253354069792,40.0298881530762,1.98030076688441,10.7399998232722,28.2810140526315,5.18110384443459,250,-0.0112536010273266,5.2254088129986,0.0106694248761651,300.0067749,300.0073242,13082.798828125,13203.7373046875,56.8884868866599,20.8184964130965,8.512546,0,0,0,40,4449,299.9308,13143.2680664062,,,,,,,,,,,,,0,,,,17.9692049,,,,,,300.00704955,,,,
,15579860.68,300.00653075,13263.837890625,5.25637994900601,0.0020723881000418,1,0.999253354069792,40.0298881530762,1.98027804635987,10.7399998232722,28.4429951854952,5.20961513030496,250,-0.011525682396309,5.25535876411005,0.010522527794206,300.0062866,300.0067749,13203.7373046875,13323.9384765625,55.2666077092559,20.8192519054434,9.256284,0,0,0,40,4449,299.93205,13263.837890625,,,,,,,,,,,,,0,,,,17.8794594,,,,,,300.00653075,,,,
,15579861.735,300.0071716,13368.97265625,5.29106324610006,0.00172068714833702,1,0.999253354069792,40.0298881530762,1.98026867921608,10.7399998232722,28.6323015355834,5.23445905225616,250,-0.0133587703359445,5.29004261749799,0.00883474797881294,300.0062866,300.0080566,13323.9384765625,13414.0068359375,55.5636265465636,20.8261171531162,9.256284,0,0,0,40,4449,299.9341,13368.97265625,,,,,,,,,,,,,0,,,,17.8794594,,,,,,300.0071716,,,,
,15579863.52,300.0082092,13549.1909179688,5.32320751158187,0.00180476682867937,1,0.999253354069792,40.0298881530762,1.97979578402715,10.7399998232722,28.7976274418931,5.27533507606836,250,-0.0115344829841737,5.32217251405427,0.0107931964787693,300.0082092,300.0082092,13544.1630859375,13554.21875,56.0122813166021,20.8211799154165,9.256284,0,0,0,40,4449,299.9304,13549.1909179688,,,,,,,,,,,,,0,,,,18.1496143,,,,,,300.0082092,,,,
,15579864.17,300.0090332,13614.2529296875,5.35651946363932,0.00212063981270316,1,0.999253354069792,40.0298881530762,1.98004958780747,10.7399998232722,28.9816094084355,5.30821609005648,250,-0.011753391892866,5.35547846706017,0.0107137758319944,300.0082092,300.0098572,13554.21875,13674.287109375,56.2514596434867,20.8192100053681,9.256284,0,0,0,40,4449,299.9309,13614.2529296875,,,,,,,,,,,,,0,,,,18.0598688,,,,,,300.0090332,,,,
,15579865.265,300.0095978,13724.2763671875,5.39103774379599,0.00232623392561641,1,0.999253354069792,40.0298881530762,1.97987017367844,10.7399998232722,29.1650497836104,5.34596046653231,250,-0.0110872734352736,5.38998685494681,0.0115241088430387,300.0093384,300.0098572,13674.287109375,13774.265625,56.9916618511983,20.8221919075673,8.884414,0,0,0,40,4449,299.93135,13724.2763671875,,,,,,,,,,,,,0,,,,17.8794594,,,,,,300.0095978,,,,
,15579866.36,300.00971985,13839.353515625,5.42220862863328,0.00212995055725972,1,0.999253354069792,40.0298881530762,1.97994548953512,10.7399998232722,29.333273647141,5.38514025881532,250,-0.00965879019927622,5.42114541428615,0.0130826618583581,300.0093384,300.0101013,13774.265625,13904.44140625,56.1959640186213,20.819615488332,9.256284,0,0,0,40,4449,299.931,13839.353515625,,,,,,,,,,,,,0,,,,17.9692049,,,,,,300.00971985,,,,
,15579867.6,300.00941465,13964.3354492187,5.49118281807423,0.001807261746219,1,0.999253354069792,40.0298881530762,1.98010080171023,10.7399998232722,29.708798677492,5.4534542837609,250,-0.00989328378345945,5.49010664871911,0.0131370594142372,300.008728,300.0101013,13904.44140625,14024.2294921875,55.8676800405444,20.8227963760945,8.512546,0,0,0,40,4449,299.9308,13964.3354492187,,,,,,,,,,,,,0,,,,18.1496143,,,,,,300.00941465,,,,
,15579868.75,300.00897215,14074.2680664062,5.52324080256134,0.00198957713525003,1,0.999253354069792,40.0298881530762,1.97986373578974,10.7399998232722,29.8796328811561,5.47990188158638,250,-0.010829091712044,5.52216214615091,0.0123356380780867,300.008728,300.0092163,14024.2294921875,14124.306640625,55.7902988171405,20.8226336965861,8.512546,0,0,0,40,4449,299.92925,14074.2680664062,,,,,,,,,,,,,0,,,,18.2402782,,,,,,300.00897215,,,,
,15579869.79,300.0099945,14179.3115234375,5.55850093236288,0.00230693913921994,1,0.999253354069792,40.0298881530762,1.97988819322054,10.7399998232722,30.074385640597,5.49531502511657,250,-0.0145290121775459,5.55743043533203,0.00878403507602046,300.0092163,300.0107727,14124.306640625,14234.31640625,56.6469636742175,20.8236212579737,8.512546,0,0,0,40,4449,299.9285,14179.3115234375,,,,,,,,,,,,,0,,,,18.2402782,,,,,,300.0099945,,,,
,15579870.905,300.01115415,14294.412109375,5.5923373813618,0.00170756471425858,1,0.999253354069792,40.0298881530762,1.98019462808834,10.7399998232722,30.2598730453897,5.54120765204679,250,-0.0124711159399038,5.59125117311729,0.0109829320325668,300.0107727,300.0115356,14234.31640625,14354.5078125,55.524545120602,20.8227251989284,8.884414,0,0,0,40,4449,299.9292,14294.412109375,,,,,,,,,,,,,0,,,,18.2402782,,,,,,300.01115415,,,,
,15579871.92,300.0110626,14394.5126953125,5.62441707252808,0.0022062799898639,1,0.999253354069792,40.0298881530762,1.97994601246846,10.7399998232722,30.4285676006871,5.57857005296693,250,-0.0113851249440111,5.62331982546297,0.0122029423750324,300.0105896,300.0115356,14354.5078125,14434.517578125,56.3671406643329,20.8212760808689,9.256284,0,0,0,40,4449,299.9284,14394.5126953125,,,,,,,,,,,,,0,,,,18.1496143,,,,,,300.0110626,,,,
,15579872.935,300.00990295,14494.4892578125,5.65784189724923,0.00162637485843706,1,0.999253354069792,40.0298881530762,1.98029648411681,10.7399998232722,30.6154681996589,5.60846758374415,250,-0.0122333828868934,5.65674167514453,0.0114947026353476,300.0092163,300.0105896,14434.517578125,14554.4609375,56.7016776705637,20.8216542235107,9.256284,0,0,0,40,4449,299.92795,14494.4892578125,,,,,,,,,,,,,0,,,,17.9692049,,,,,,300.00990295,,,,
,15579874.055,300.00941465,14604.515625,5.69264805179276,0.00158519047708623,1,0.999253354069792,40.0298881530762,1.98006903392819,10.7399998232722,30.7976670626131,5.65685861418558,250,-0.00962341392150114,5.69152994009715,0.0142497135340094,300.0092163,300.009613,14554.4609375,14654.5703125,56.5852150211983,20.8145749753495,9.256284,0,0,0,40,4449,299.92775,14604.515625,,,,,,,,,,,,,0,,,,17.9692049,,,,,,300.00941465,,,,
,15579875.03,300.01019285,14699.6064453125,5.72644551812372,0.00226201878697483,1,0.999253354069792,40.0298881530762,1.98006903392819,10.7399998232722,30.9851614922859,5.66537518328947,250,-0.0143154364265093,5.72534005740933,0.00970018050849032,300.009613,300.0107727,14654.5703125,14744.642578125,57.4825245612753,20.8145749753495,8.512546,0,0,0,40,4449,299.92605,14699.6064453125,,,,,,,,,,,,,0,,,,18.1496143,,,,,,300.01019285,,,,
,15579876.105,300.01052855,14809.5981445313,5.76085780089358,0.00162196692262657,1,0.999253354069792,40.0298881530762,1.98005802797209,10.7399998232722,31.170353323613,5.70391980904744,250,-0.0135634116945511,5.75974215022706,0.0105959451483217,300.0102844,300.0107727,14744.642578125,14874.5537109375,55.5706612032367,20.8179694127434,9.256284,0,0,0,40,4449,299.92605,14809.5981445313,,,,,,,,,,,,,0,,,,18.2402782,,,,,,300.01052855,,,,
,15579877.17,300.01026915,14919.470703125,5.79267273906816,0.00214085226415843,1,0.999253354069792,40.0298881530762,1.98000530226608,10.7399998232722,31.338815265392,5.75072780115942,250,-0.0107799945352492,5.79153903277752,0.01351182645294,300.0102539,300.0102844,14874.5537109375,14964.3876953125,56.6188250475252,20.8190329939688,9.256284,0,0,0,40,4449,299.9257,14919.470703125,,,,,,,,,,,,,0,,,,18.1496143,,,,,,300.01026915,,,,
,15579878.22,300.01039125,15024.4780273438,5.82581887523759,0.00198169124604295,1,0.999253354069792,40.0298881530762,1.98012314956477,10.7399998232722,31.5210728834931,5.77801210769021,250,-0.0119429336786737,5.82468329803455,0.0124878510134979,300.0102539,300.0105286,14964.3876953125,15084.568359375,55.4541985538713,20.8149373164067,8.512546,0,0,0,40,4449,299.9243,15024.4780273438,,,,,,,,,,,,,0,,,,18.1496143,,,,,,300.01039125,,,,
,15579879.44,300.01065065,15144.6484375,5.89170832580137,0.00174926462657644,1,0.999253354069792,40.0298881530762,1.97991618134967,10.7399998232722,31.8730623050876,5.84956470433234,250,-0.0108203295443183,5.89055460880264,0.0138861582639186,300.0105286,300.0107727,15084.568359375,15204.728515625,55.8989451813136,20.8214032255554,8.512546,0,0,0,40,4449,299.9232,15144.6484375,,,,,,,,,,,,,0,,,,18.0598688,,,,,,300.01065065,,,,
,15579880.66,300.01094055,15264.6909179687,5.92632868767511,0.001977856763774,1,0.999253354069792,40.0298881530762,1.97979899965092,10.7500003650784,32.0591697656626,5.87999223488497,250,-0.011550164645299,5.92517096777642,0.0133011516369078,300.0107727,300.0111084,15204.728515625,15324.6533203125,56.2280107879098,20.8155324921089,9.256284,0,0,0,40,4449,299.92345,15264.6909179687,,,,,,,,,,,,,0,,,,18.15142535,,,,,,300.01094055,,,,
,15579881.715,300.0111084,15369.69140625,5.96022626950568,0.00204470200046166,1,0.999253354069792,40.0298881530762,1.98006076949361,10.7399998232722,32.2463910690785,5.91605834707096,250,-0.0113068740388292,5.95906063228543,0.0136861186186179,300.0111084,300.0111084,15324.6533203125,15414.7294921875,56.0669953129482,20.8165959445198,8.512546,0,0,0,40,4449,299.92345,15369.69140625,,,,,,,,,,,,,0,,,,18.24117085,,,,,,300.0111084,,,,
,15579882.8,300.01127625,15479.7866210938,5.99012723590476,0.00213911857892288,1,0.999253354069792,40.0298881530762,1.97986644014297,10.7500003650784,32.4041809481235,5.9499135334359,250,-0.0104857944970046,5.98895206947226,0.0146320242826285,300.0111084,300.0114441,15414.7294921875,15544.84375,56.3499448369098,20.8182874960449,8.512546,0,0,0,40,4449,299.92295,15479.7866210938,,,,,,,,,,,,,0,,,,18.1496143,,,,,,300.01127625,,,,
,15579883.945,300.0114441,15594.822265625,6.02361105933682,0.001913730189393,1,0.999253354069792,40.0298881530762,1.98003901997556,10.7399998232722,32.5894399033433,5.97637665972818,250,-0.0118946263149273,6.02243498697825,0.0133634608631512,300.0114441,300.0114441,15544.84375,15644.80078125,56.506270540756,20.8189978313037,8.512546,0,0,0,40,4449,299.92255,15594.822265625,,,,,,,,,,,,,0,,,,18.1496143,,,,,,300.0114441,,,,
,15579884.985,300.01071165,15699.791015625,6.05702778541437,0.0019814109356197,1,0.999253354069792,40.0298881530762,1.98003901997556,10.7399998232722,32.7690703767213,6.01581165694254,250,-0.0107991241873654,6.05584050984926,0.0145985604740405,300.0099792,300.0114441,15644.80078125,15754.78125,56.3241510957752,20.8189978313037,8.512546,0,0,0,40,4449,299.9213,15699.791015625,,,,,,,,,,,,,0,,,,18.1496143,,,,,,300.01071165,,,,
,15579886.875,300.0106506,15889.8706054687,6.08806435286647,0.00183960780182776,1,0.999253354069792,40.0298881530762,1.98015227738825,10.7399998232722,32.9408833734129,6.0358412450871,250,-0.0129122896179388,6.08687969166709,0.0126153590823027,300.0106506,300.0106506,15884.8876953125,15894.853515625,57.075296102756,20.8217833780229,9.256284,0,0,0,40,4449,299.9197,15889.8706054687,,,,,,,,,,,,,0,,,,18.0589504,,,,,,300.0106506,,,,
,15579887.535,300.01089475,15954.9028320313,6.15183903753984,0.00191222585747203,1,0.999253354069792,40.0298881530762,1.98026229680874,10.7500003650784,33.2874757918364,6.1009040618184,250,-0.0127690707054132,6.15064077139172,0.0130256406784733,300.0106506,300.0111389,15894.853515625,16014.9521484375,55.7582520478521,20.8161318235407,8.512546,0,0,0,40,4449,299.92,15954.9028320313,,,,,,,,,,,,,0,,,,18.24117085,,,,,,300.01089475,,,,
,15579888.675,300.0113678,16064.9130859375,6.18387837746695,0.0014885154825768,1,0.999253354069792,40.0298881530762,1.98014108938413,10.7399998232722,33.4567731120696,6.14346946321807,250,-0.0107721999578189,6.18266515388103,0.0151559926348042,300.0111389,300.0115967,16014.9521484375,16114.8740234375,56.0372934292175,20.8273941609275,9.256284,0,0,0,40,4449,299.91995,16064.9130859375,,,,,,,,,,,,,0,,,,18.33183475,,,,,,300.0113678,,,,
,15579889.79,300.01127625,16174.9565429687,6.21792409746572,0.00187753550780227,1,0.999253354069792,40.0298881530762,1.97996986838536,10.7399998232722,33.6392173867214,6.17093119467681,250,-0.011911134848802,6.21670877363724,0.0141596915974269,300.0109558,300.0115967,16114.8740234375,16235.0390625,56.8814522299868,20.8202089921207,8.512546,0,0,0,40,4449,299.91885,16174.9565429687,,,,,,,,,,,,,0,,,,18.2402782,,,,,,300.01127625,,,,
,15579890.955,300.01179505,16295.0322265625,6.24579174141273,0.00204197704870316,1,0.999253354069792,40.0298881530762,1.97999578625361,10.7500003650784,33.7891618335058,6.20541732355515,250,-0.0107159385885784,6.24456566110417,0.0154710122579539,300.0109558,300.0126343,16235.0390625,16355.025390625,56.1717335345252,20.821307769536,8.512546,0,0,0,40,4449,299.9186,16295.0322265625,,,,,,,,,,,,,0,,,,18.1496143,,,,,,300.01179505,,,,
,15579891.985,300.012146,16400.3349609375,6.27857842861109,0.00184035543970435,1,0.999253354069792,40.0298881530762,1.97988393488625,10.7399998232722,33.9660621997521,6.23010259249327,250,-0.012167042606994,6.27735172292283,0.0141571924297828,300.0116577,300.0126343,16355.025390625,16445.64453125,56.3444734372752,20.8210845298673,8.512546,0,0,0,40,4449,299.9189,16400.3349609375,,,,,,,,,,,,,0,,,,18.1496143,,,,,,300.012146,,,,
,15579893.055,300.0119934,16505.7744140625,6.31056547043519,0.00211071167786945,1,0.999253354069792,40.0298881530762,1.97988624922437,10.7500003650784,34.139950170237,6.25751343905011,250,-0.0130304792728676,6.30933595064904,0.013427609273299,300.0116577,300.0123291,16445.64453125,16565.904296875,56.1357786226406,20.8168054537306,9.256284,0,0,0,40,4449,299.91875,16505.7744140625,,,,,,,,,,,,,0,,,,18.1496143,,,,,,300.0119934,,,,
,15579894.095,300.01246645,16610.92578125,6.33946239392029,0.00196034731816315,1,0.999253354069792,40.0298881530762,1.97988624922437,10.7500003650784,34.2941035453026,6.29791298340192,250,-0.0109172074635003,6.33821812025073,0.0156605839567914,300.0123291,300.0126038,16565.904296875,16655.947265625,56.3702671784098,20.8168054537306,9.256284,0,0,0,40,4449,299.9242,16610.92578125,,,,,,,,,,,,,0,,,,18.24117085,,,,,,300.01246645,,,,
,15579895.025,300.01261905,16705.9580078125,6.37017130000972,0.00190468326852168,1,0.999253354069792,40.0298881530762,1.97999129950628,10.7399998232722,34.4632762811373,6.32192347509556,250,-0.0122311361524576,6.36892633308643,0.0144747789774967,300.0126038,300.0126343,16655.947265625,16755.96875,55.6785259388905,20.8226064273713,9.256284,0,0,0,40,4449,299.92875,16705.9580078125,,,,,,,,,,,,,0,,,,18.33183475,,,,,,300.01261905,,,,
,15579896.105,300.01254275,16811.0908203125,6.40307230919667,0.00207942577280882,1,0.999253354069792,40.0298881530762,1.98009782042082,10.7399998232722,34.6440696669424,6.34963763482178,250,-0.0132683382573553,6.40182506906233,0.0135751202127475,300.0124512,300.0126343,16755.96875,16866.212890625,56.4038772047367,20.817658930433,9.256284,0,0,0,40,4449,299.9301,16811.0908203125,,,,,,,,,,,,,0,,,,18.1496143,,,,,,300.01254275,,,,
,15579897.165,300.01275635,16916.1728515625,6.42856665835428,0.00215237575087004,1,0.999253354069792,40.0298881530762,1.98009782042082,10.7399998232722,34.7808544112273,6.38113944002247,250,-0.0121705881365837,6.42730962507879,0.0147790266825576,300.0124512,300.0130615,16866.212890625,16966.1328125,56.2874145553713,20.817658930433,9.256284,0,0,0,40,4449,299.9305,16916.1728515625,,,,,,,,,,,,,0,,,,18.0589504,,,,,,300.01275635,,,,
,15579898.18,300.0129089,17021.1591796875,6.45897355244799,0.00208779377895903,1,0.999253354069792,40.0298881530762,1.98004048751655,10.7399998232722,34.9446057169005,6.40992139423182,250,-0.0124534897596174,6.4577114964447,0.014623486419527,300.0127563,300.0130615,16966.1328125,17076.185546875,55.8684616690636,20.8188377553618,8.512546,0,0,0,40,4449,299.92775,17021.1591796875,,,,,,,,,,,,,0,,,,18.1496143,,,,,,300.0129089,,,,
,15579899.265,300.013092,17131.22265625,6.49060577044839,0.00167434983503671,1,0.999253354069792,40.0298881530762,1.9800541458237,10.7399998232722,35.1158731173399,6.44193207770549,250,-0.0124078340999877,6.48933706742356,0.014801468519081,300.0127563,300.0134277,17076.185546875,17186.259765625,57.2339666921599,20.8181689687271,9.256284,0,0,0,40,4449,299.92575,17131.22265625,,,,,,,,,,,,,0,,,,18.33183475,,,,,,300.013092,,,,
,15579900.29,300.01226805,17231.1796875,6.51560982250412,0.00189774801650923,1,0.999253354069792,40.0298881530762,1.98001072496508,10.7500003650784,35.2503531946931,6.46685641117635,250,-0.0124098761190438,6.51433626587101,0.0149039452911921,300.0111084,300.0134277,17186.259765625,17276.099609375,56.5125235689098,20.8136701229772,8.884414,0,0,0,40,4449,299.92445,17231.1796875,,,,,,,,,,,,,0,,,,18.33183475,,,,,,300.01226805,,,,
,15579901.33,300.01202395,17336.1455078125,6.54792876197397,0.00195481025986422,1,0.999253354069792,40.0298881530762,1.98011788649908,10.7399998232722,35.4282103984283,6.49314657163796,250,-0.0136044658807718,6.54665373309333,0.0138446830500027,300.0111084,300.0129395,17276.099609375,17396.19140625,56.3773018350829,20.8134397844409,8.512546,0,0,0,40,4449,299.9238,17336.1455078125,,,,,,,,,,,,,0,,,,18.2402782,,,,,,300.01202395,,,,
,15579902.36,300.01287845,17441.244140625,6.57450022594553,0.00192829618925503,1,0.999253354069792,40.0298881530762,1.98005423958573,10.7399998232722,35.5684587239408,6.53225086653798,250,-0.0112629774309856,6.57320981317916,0.0162966180815728,300.0128174,300.0129395,17396.19140625,17486.296875,56.1826763337944,20.8126139374907,9.256284,0,0,0,40,4449,299.92375,17441.244140625,,,,,,,,,,,,,0,,,,18.2402782,,,,,,300.01287845,,,,
,15579903.355,300.0129242,17536.2802734375,6.59981558489994,0.00184633310771703,1,0.999253354069792,40.0298881530762,1.97981038474979,10.7399998232722,35.7029006121323,6.54705282953712,250,-0.0130744478227956,6.59852763261716,0.0145913182779573,300.0128174,300.013031,17486.296875,17586.263671875,57.2089545795445,20.8200392807412,9.256284,0,0,0,40,4449,299.92275,17536.2802734375,,,,,,,,,,,,,0,,,,18.2402782,,,,,,300.0129242,,,,
,15579904.44,300.01330565,17646.3359375,6.6257420201391,0.00208130615943398,1,0.999253354069792,40.0298881530762,1.9800984952683,10.7399998232722,35.8483068722526,6.5733532088079,250,-0.0131905480467687,6.62444921344741,0.0145836287031026,300.013031,300.0135803,17586.263671875,17706.408203125,57.2808644033138,20.8148468749948,8.512546,0,0,0,40,4449,299.9209,17646.3359375,,,,,,,,,,,,,0,,,,18.2402782,,,,,,300.01330565,,,,
,15579905.445,300.01271055,17746.42578125,6.65530398582639,0.00179938302803619,1,0.999253354069792,40.0298881530762,1.97996419237259,10.7399998232722,36.0073273165924,6.59438245944719,250,-0.0147028606828649,6.65401168190343,0.0131951862945039,300.0118408,300.0135803,17706.408203125,17786.443359375,55.9458428924675,20.8156323727701,9.256284,0,0,0,40,4449,299.92,17746.42578125,,,,,,,,,,,,,0,,,,18.2402782,,,,,,300.01271055,,,,
,15579906.49,300.01268005,17851.4169921875,6.70725548375907,0.00164432222366813,1,0.999253354069792,40.0298881530762,1.98002610485793,10.7500003650784,36.2891053546986,6.64823526856322,250,-0.0144154346706938,6.70595143218875,0.0137001101959614,300.0118408,300.0135193,17786.443359375,17916.390625,55.6011447154867,20.8217417689448,8.884414,0,0,0,40,4449,299.9175,17851.4169921875,,,,,,,,,,,,,0,,,,18.1496143,,,,,,300.01268005,,,,
,15579907.715,300.01275635,17976.498046875,6.73349985524976,0.00199990319113201,1,0.999253354069792,40.0298881530762,1.98019008888948,10.7399998232722,36.4330200138261,6.68029708322283,250,-0.0134528935337862,6.73218644592132,0.0147720925029965,300.0119934,300.0135193,17916.390625,18036.60546875,56.3687039213713,20.8156641231639,8.512546,0,0,0,40,4449,299.9157,17976.498046875,,,,,,,,,,,,,0,,,,18.24117085,,,,,,300.01275635,,,,
,15579908.895,300.0125427,18091.4609375,6.75768819746107,0.00164820407079539,1,0.999253354069792,40.0298881530762,1.98015200874738,10.7399998232722,36.562150519827,6.70988749559743,250,-0.0124431805247327,6.75636575362354,0.0158822993593647,300.0119934,300.013092,18036.60546875,18146.31640625,57.1659650109868,20.8181237165958,9.256284,0,0,0,40,4449,299.91715,18091.4609375,,,,,,,,,,,,,0,,,,18.24117085,,,,,,300.0125427,,,,
,15579910.06,300.013092,18206.3642578125,6.78216221292969,0.00158293344939504,1,0.999253354069792,40.0298881530762,1.98007273817992,10.7500003650784,36.6937252078052,6.73073001534807,250,-0.0130785337849793,6.78083736605045,0.0153491286136389,300.013092,300.013092,18146.31640625,18266.412109375,56.9783741663714,20.8163129674355,8.512546,0,0,0,40,4449,299.91715,18206.3642578125,,,,,,,,,,,,,0,,,,18.0589504,,,,,,300.013092,,,,
,15579911.29,300.01268005,18331.416015625,6.80704889434905,0.00163996084752542,1,0.999253354069792,40.0298881530762,1.98003141796976,10.7500003650784,36.8257578191458,6.76534128077333,250,-0.0112677645173253,6.80571153480713,0.0172634588164821,300.0122681,300.013092,18266.412109375,18396.419921875,56.1834579623136,20.8145754456835,9.256284,0,0,0,40,4449,299.9154,18331.416015625,,,,,,,,,,,,,0,,,,18.0589504,,,,,,300.01268005,,,,
,15579912.425,300.0124817,18446.5009765625,6.8539892510526,0.00151212398707937,1,0.999253354069792,40.0298881530762,1.98012826084165,10.7399998232722,37.0848023583455,6.79435798697687,250,-0.0146659241986878,6.8526566752979,0.0140623046304139,300.0122681,300.0126953,18396.419921875,18496.58203125,55.568316317679,20.8253026184303,9.256284,0,0,0,40,4449,299.9144,18446.5009765625,,,,,,,,,,,,,0,,,,18.0589504,,,,,,300.0124817,,,,
,15579913.54,300.01156615,18556.580078125,6.87590869651911,0.00179152621588439,1,0.999253354069792,40.0298881530762,1.98002378065298,10.7399998232722,37.1997654890417,6.82502826977107,250,-0.0129942174838572,6.87456493472624,0.015825050281958,300.010437,300.0126953,18496.58203125,18616.578125,56.4515565444098,20.8179642532838,8.512546,0,0,0,40,4449,299.9142,18556.580078125,,,,,,,,,,,,,0,,,,18.0589504,,,,,,300.01156615,,,,
,15579914.655,300.0115051,18666.5791015625,6.89876552907643,0.00197676912472196,1,0.999253354069792,40.0298881530762,1.9800598936312,10.7500003650784,37.3251368900244,6.84218576873289,250,-0.0140820707640169,6.89742173228537,0.0148328072622895,300.010437,300.0125732,18616.578125,18716.580078125,55.9966487462175,20.8173252069924,9.256284,0,0,0,40,4449,299.91325,18666.5791015625,,,,,,,,,,,,,0,,,,18.24117085,,,,,,300.0115051,,,,
,15579915.685,300.0120239,18771.6064453125,6.92135502199784,0.00164751819991784,1,0.999253354069792,40.0298881530762,1.98021221164845,10.7399998232722,37.4505552972843,6.86299725061826,250,-0.0145175065850268,6.92000835837093,0.0144917711526446,300.0114746,300.0125732,18716.580078125,18826.6328125,57.047939104583,20.8181532933285,9.256284,0,0,0,40,4449,299.9121,18771.6064453125,,,,,,,,,,,,,0,,,,18.4233913,,,,,,300.0120239,,,,
,15579916.735,300.0124054,18876.572265625,6.94256522196301,0.00187532608861995,1,0.999253354069792,40.0298881530762,1.97993511950706,10.7399998232722,37.5596374322268,6.88608786867322,250,-0.0140070072244096,6.94121205207244,0.015090591832684,300.0114746,300.0133362,18826.6328125,18926.51171875,56.2241026453136,20.818098321782,8.512546,0,0,0,40,4449,299.91185,18876.572265625,,,,,,,,,,,,,0,,,,18.4233913,,,,,,300.0124054,,,,
,15579917.87,300.01280215,18986.52734375,6.96273437077114,0.00176726104296429,1,0.999253354069792,40.0298881530762,1.98003742909662,10.7399998232722,37.6701200263681,6.9093092584703,250,-0.013516741169657,6.96137500072601,0.0156646729883024,300.0122681,300.0133362,18926.51171875,19046.54296875,56.4593728296021,20.8163434480967,9.256284,0,0,0,40,4449,299.91265,18986.52734375,,,,,,,,,,,,,0,,,,18.4233913,,,,,,300.01280215,,,,
,15579918.885,300.01264955,19091.5302734375,6.98486216451301,0.00197913273230991,1,0.999253354069792,40.0298881530762,1.97995673068686,10.7399998232722,37.7905503893001,6.91904443122209,250,-0.0157684050886125,6.98350781340047,0.0135057361569354,300.0122681,300.013031,19046.54296875,19136.517578125,57.0737328457176,20.8198497860707,8.512546,0,0,0,40,4449,299.91235,19091.5302734375,,,,,,,,,,,,,0,,,,18.4233913,,,,,,300.01264955,,,,
,15579919.89,300.0132904,19191.521484375,7.0064263177047,0.00149652040015307,1,0.999253354069792,40.0298881530762,1.98025635056293,10.7399998232722,37.9101779702988,6.95564804447037,250,-0.0131880932345491,7.00505662970238,0.0161756065421539,300.013031,300.0135498,19136.517578125,19246.525390625,55.7058829370636,20.8177562696265,8.512546,0,0,0,40,4449,299.9107,19191.521484375,,,,,,,,,,,,,0,,,,18.33183475,,,,,,300.0132904,,,,
,15579921.045,300.01338195,19306.61328125,7.02521541414841,0.00174807174874868,1,0.999253354069792,40.0298881530762,1.97989715442265,10.7500003650784,38.0046717745703,6.97546494391306,250,-0.0127795864925369,7.02384021428904,0.0166622946032849,300.0132141,300.0135498,19246.525390625,19366.701171875,56.6227331901214,20.8116163920712,9.256284,0,0,0,40,4449,299.91005,19306.61328125,,,,,,,,,,,,,0,,,,18.33183475,,,,,,300.01338195,,,,
,15579922.15,300.0133362,19416.77734375,7.04302940344285,0.00161445635043402,1,0.999253354069792,40.0298881530762,1.98000298978657,10.7500003650784,38.1042503965685,6.98692458653938,250,-0.0140305022343394,7.04165588568846,0.0154857447994563,300.0132141,300.0134583,19366.701171875,19466.853515625,56.9150622563137,20.8200216754585,9.256284,0,0,0,40,4449,299.91015,19416.77734375,,,,,,,,,,,,,0,,,,18.33183475,,,,,,300.0133362,,,,
,15579923.245,300.01379395,19526.859375,7.0673470709538,0.00195521431718361,1,0.999253354069792,40.0298881530762,1.98016875019714,10.7500003650784,38.2386240214512,7.01330250286309,250,-0.0137675477035738,7.06596743417022,0.0158500478002054,300.0134583,300.0141296,19466.853515625,19586.865234375,56.137341879679,20.8137973225766,9.256284,0,0,0,40,4449,299.9099,19526.859375,,,,,,,,,,,,,0,,,,18.1496143,,,,,,300.01379395,,,,
,15579924.385,300.01374815,19642.0908203125,7.10161852562573,0.00145017641735742,1,0.999253354069792,40.0298881530762,1.98026112065817,10.7500003650784,38.4263243594914,7.04481443995707,250,-0.0143550108929807,7.10023442259366,0.0154059977748159,300.0133667,300.0141296,19586.865234375,19697.31640625,56.2545861575636,20.8158384917922,9.256284,0,0,0,40,4449,299.90785,19642.0908203125,,,,,,,,,,,,,0,,,,18.1496143,,,,,,300.01374815,,,,
,15579925.595,300.013031,19762.49609375,7.11690055066131,0.0014438832168632,1,0.999253354069792,40.0298881530762,1.98017062192831,10.7399998232722,38.5056311994274,7.06865404817573,250,-0.0127224914875734,7.11550673147532,0.0171017561079527,300.0126953,300.0133667,19697.31640625,19827.67578125,56.2170679886406,20.8153764055623,8.884414,0,0,0,40,4449,299.90685,19762.49609375,,,,,,,,,,,,,0,,,,18.1496143,,,,,,300.013031,,,,
,15579926.75,300.01319885,19882.6494140625,7.13833637157309,0.00160464682571407,1,0.999253354069792,40.0298881530762,1.98008477179927,10.7399998232722,38.6208543469195,7.08490537736528,250,-0.0136363277030602,7.13694205286362,0.0162771479557449,300.0126953,300.0137024,19827.67578125,19937.623046875,57.3496477130061,20.8135401770405,9.256284,0,0,0,40,4449,299.9085,19882.6494140625,,,,,,,,,,,,,0,,,,18.24117085,,,,,,300.01319885,,,,
,15579927.935,300.01348875,20002.673828125,7.15506243413251,0.00126461053269931,1,0.999253354069792,40.0298881530762,1.98028857864207,10.7399998232722,38.7148614884358,7.10423076849846,250,-0.0132955543608544,7.1536632889575,0.0166871081419824,300.0132751,300.0137024,19937.623046875,20067.724609375,56.0005568888136,20.8117063593341,9.256284,0,0,0,40,4449,299.91055,20002.673828125,,,,,,,,,,,,,0,,,,18.24117085,,,,,,300.01348875,,,,
,15579929.195,300.01371765,20127.857421875,7.17004686827821,0.00178264068824697,1,0.999253354069792,40.0298881530762,1.98004178369215,10.7500003650784,38.7900650996611,7.12449219565872,250,-0.0121674536157735,7.16863993959585,0.0178772340028371,300.0132751,300.0141602,20067.724609375,20187.990234375,56.0912257970444,20.8143451718805,9.256284,0,0,0,40,4449,299.90985,20127.857421875,,,,,,,,,,,,,0,,,,18.1496143,,,,,,300.01371765,,,,
,15579930.32,300.01298525,20237.994140625,7.18150887939454,0.00171665444061012,1,0.999253354069792,40.0298881530762,1.97996330171386,10.7399998232722,38.8503379220342,7.13687907709615,250,-0.0119508967154688,7.18009895992587,0.0181412137307169,300.0118103,300.0141602,20187.990234375,20287.998046875,56.1826763337944,20.8196704505015,8.884414,0,0,0,40,4449,299.91,20237.994140625,,,,,,,,,,,,,0,,,,18.2402782,,,,,,300.01298525,,,,
,15579931.395,300.01246645,20343.015625,7.20119022088447,0.00114179193604382,1,0.999253354069792,40.0298881530762,1.97994433395886,10.7399998232722,38.9600813067917,7.13676894965377,250,-0.0156077061901471,7.19979181882361,0.0145669854508841,300.0118103,300.0131226,20287.998046875,20398.033203125,56.7345060683714,20.82246820443,9.256284,0,0,0,40,4449,299.9109,20343.015625,,,,,,,,,,,,,0,,,,18.33183475,,,,,,300.01246645,,,,
,15579932.555,300.0128479,20457.955078125,7.22823869496549,0.00181494668232012,1,0.999253354069792,40.0298881530762,1.97998609079006,10.7399998232722,39.1031189533767,7.18586021682237,250,-0.0115727385373899,7.22681781102788,0.018714212637186,300.0125732,300.0131226,20398.033203125,20517.876953125,55.8754963257367,20.8162993246871,8.512546,0,0,0,40,4449,299.9082,20457.955078125,,,,,,,,,,,,,0,,,,18.33183475,,,,,,300.0128479,,,,
,15579933.645,300.01248165,20567.861328125,7.24615193591811,0.00140572020410355,1,0.999253354069792,40.0298881530762,1.98021166123297,10.7500003650784,39.2055583208,7.19812634964397,250,-0.0127735018626805,7.24473259534169,0.0175881573251036,300.0123901,300.0125732,20517.876953125,20617.845703125,56.3819916061983,20.8162091225871,8.512546,0,0,0,40,4449,299.90855,20567.861328125,,,,,,,,,,,,,0,,,,18.1496143,,,,,,300.01248165,,,,
,15579934.705,300.01271055,20672.921875,7.25764753460212,0.00163594458025507,1,0.999253354069792,40.0298881530762,1.98011511655958,10.7399998232722,39.2657136647369,7.21014469420526,250,-0.0126189863725879,7.25622521071831,0.0177901544634938,300.0123901,300.013031,20617.845703125,20727.998046875,56.3077368968713,20.8150053849936,8.512546,0,0,0,40,4449,299.9096,20672.921875,,,,,,,,,,,,,0,,,,18.24117085,,,,,,300.01271055,,,,
,15579936.21,300.01205445,20822.98828125,7.28312807399084,0.00148709180882896,1,0.999253354069792,40.0298881530762,1.98003148144944,10.7399998232722,39.4030515854014,7.2292076561854,250,-0.0137633547585016,7.2817056027345,0.0167521283914034,300.0110779,300.013031,20727.998046875,20917.978515625,57.0768593597945,20.8152500898255,8.512546,0,0,0,40,4449,299.9087,20822.98828125,,,,,,,,,,,,,0,,,,18.24117085,,,,,,300.01205445,,,,
,15579937.72,300.01112365,20978.03515625,7.29400350170709,0.00148520543769538,1,0.999253354069792,40.0298881530762,1.98014096011816,10.7399998232722,39.4639606452727,7.24071085732918,250,-0.0137244982931865,7.29257897441181,0.0168358392812856,300.0110779,300.0111694,20917.978515625,21038.091796875,56.9846271945253,20.8139535459193,9.256284,0,0,0,40,4449,299.90805,20978.03515625,,,,,,,,,,,,,0,,,,18.1496143,,,,,,300.01112365,,,,
,15579938.815,300.0116119,21088.1025390625,7.31173292819878,0.00132103381515807,1,0.999253354069792,40.0298881530762,1.98013699256564,10.7399998232722,39.5597583252859,7.25856095469677,250,-0.013708391884541,7.31030465345922,0.0169256507104118,300.0111694,300.0120544,21038.091796875,21138.11328125,56.1365602511598,20.8154861808859,9.256284,0,0,0,40,4449,299.90815,21088.1025390625,,,,,,,,,,,,,0,,,,18.2402782,,,,,,300.0116119,,,,
,15579939.905,300.0116119,21198.19140625,7.32376707231467,0.00131289761362429,1,0.999253354069792,40.0298881530762,1.98044274661,10.7399998232722,39.630024029531,7.27598503189762,250,-0.0129201068358598,7.32233311675237,0.0177634888808687,300.0111694,300.0120544,21138.11328125,21258.26953125,55.9614754628521,20.8150731464769,8.512546,0,0,0,40,4449,299.90935,21198.19140625,,,,,,,,,,,,,0,,,,18.1496143,,,,,,300.0116119,,,,
,15579941.075,300.0114288,21313.1484375,7.33402034823832,0.00151190774216877,1,0.999253354069792,40.0298881530762,1.98028453002357,10.7399998232722,39.6824488301957,7.28541733025332,250,-0.0129720491339459,7.33258463483941,0.017753897655453,300.0111694,300.0116882,21258.26953125,21368.02734375,57.4739266475638,20.8140773501421,9.256284,0,0,0,40,4449,299.9096,21313.1484375,,,,,,,,,,,,,0,,,,18.0589504,,,,,,300.0114288,,,,
,15579942.165,300.0116882,21418.1005859375,7.34731976974997,0.00134609143632077,1,0.999253354069792,40.0298881530762,1.98034591685409,10.7399998232722,39.755238944804,7.30085204524809,250,-0.012624917829087,7.34587986741886,0.0181562774266657,300.0116882,300.0116882,21368.02734375,21468.173828125,56.4515565444098,20.81516775839,9.256284,0,0,0,40,4449,299.90845,21418.1005859375,,,,,,,,,,,,,0,,,,18.0589504,,,,,,300.0116882,,,,
,15579943.195,300.0116882,21523.173828125,7.35574156940494,0.00163269618175048,1,0.999253354069792,40.0298881530762,1.98034107131351,10.7399998232722,39.7998297155759,7.31396848678427,250,-0.0117578831890172,7.35429637437266,0.0190578864749948,300.0116882,300.0116882,21468.173828125,21578.173828125,56.3976241765829,20.8159442627529,8.512546,0,0,0,40,4449,299.9084,21523.173828125,,,,,,,,,,,,,0,,,,18.0589504,,,,,,300.0116882,,,,
,15579944.305,300.0116882,21638.2158203125,7.36248581332656,0.00161899114648645,1,0.999253354069792,40.0298881530762,1.98032274655183,10.7399998232722,39.8386209204718,7.30626696712682,250,-0.0144193471196964,7.36105046263559,0.0164245246887745,300.0116882,300.0116882,21578.173828125,21698.2578125,55.5542470043328,20.8102882530543,9.256284,0,0,0,40,4449,299.90925,21638.2158203125,,,,,,,,,,,,,0,,,,18.1496143,,,,,,300.0116882,,,,
,15579945.305,300.0116882,21738.26171875,7.38004943355844,0.00122930259386673,1,0.999253354069792,40.0298881530762,1.98008125790407,10.7399998232722,39.9308717274721,7.31223807630948,250,-0.0164108662303176,7.37861889921203,0.0145065375896088,300.0116882,300.0116882,21698.2578125,21778.265625,55.9700733765636,20.8147191264099,8.512546,0,0,0,40,4449,299.9087,21738.26171875,,,,,,,,,,,,,0,,,,18.2402782,,,,,,300.0116882,,,,
,15579946.32,300.01179505,21838.31640625,7.38500355275694,0.00155169801442247,1,0.999253354069792,40.0298881530762,1.9800445024786,10.7399998232722,39.9559417552715,7.32247011145612,250,-0.0154125241230571,7.38356785428513,0.0155248670878868,300.0116882,300.0119019,21778.265625,21898.3671875,55.7832641604674,20.8123095687859,9.256284,0,0,0,40,4449,299.9091,21838.31640625,,,,,,,,,,,,,0,,,,18.2402782,,,,,,300.01179505,,,,
,15579947.41,300.01119995,21948.3583984375,7.40815219561919,0.00146451406695523,1,0.999253354069792,40.0298881530762,1.98025646533411,10.7399998232722,40.0833772216079,7.35694655196217,250,-0.0134715783300789,7.40670388015394,0.0175618233065592,300.010498,300.0119019,21898.3671875,21998.349609375,55.974763147679,20.8150668323247,8.512546,0,0,0,40,4449,299.90905,21948.3583984375,,,,,,,,,,,,,0,,,,18.1496143,,,,,,300.01119995,,,,
,15579948.55,300.0112762,22063.34375,7.41511337803182,0.00121273391822691,1,0.999253354069792,40.0298881530762,1.98034241510205,10.7500003650784,40.1239664328482,7.35756218760491,250,-0.0147053458569062,7.41366886773009,0.0163567063863005,300.010498,300.0120544,21998.349609375,22128.337890625,56.7798405224868,20.8138724091622,9.256284,0,0,0,40,4449,299.9104,22063.34375,,,,,,,,,,,,,0,,,,18.24117085,,,,,,300.0112762,,,,
,15579949.69,300.01159665,22173.3291015625,7.42481592971716,0.00176429028696928,1,0.999253354069792,40.0298881530762,1.98008294774276,10.7399998232722,40.1695119616521,7.37607124884265,250,-0.0129076664010577,7.42336189005292,0.0181940430209585,300.0111389,300.0120544,22128.337890625,22218.3203125,56.7517018957945,20.8132945419533,8.512546,0,0,0,40,4449,299.9108,22173.3291015625,,,,,,,,,,,,,0,,,,18.33183475,,,,,,300.01159665,,,,
,15579950.82,300.01138305,22283.271484375,7.43461483895912,0.00143439509352533,1,0.999253354069792,40.0298881530762,1.98026156456687,10.7399998232722,40.2270752811143,7.38100801514056,250,-0.0139316604590242,7.43316317750615,0.0172110797549067,300.0111389,300.0116272,22218.3203125,22348.22265625,56.1154562811405,20.8159110986279,9.256284,0,0,0,40,4449,299.90795,22283.271484375,,,,,,,,,,,,,0,,,,18.33183475,,,,,,300.01138305,,,,
,15579951.92,300.0114746,22393.3125,7.44321580619763,0.00101663572711343,1,0.999253354069792,40.0298881530762,1.9803131670175,10.7399998232722,40.2744781740708,7.39059121268091,250,-0.0137889443933059,7.44176182290728,0.0173892879059042,300.011322,300.0116272,22348.22265625,22438.40234375,57.3004051162945,20.8186053792238,8.512546,0,0,0,40,4449,299.9074,22393.3125,,,,,,,,,,,,,0,,,,18.24117085,,,,,,300.0114746,,,,
,15579952.985,300.01130675,22503.3974609375,7.45285486151315,0.00109899376899283,1,0.999253354069792,40.0298881530762,1.9803131670175,10.7399998232722,40.3268549621745,7.39897473314191,250,-0.014025510765171,7.45140003651066,0.0171923110717761,300.0112915,300.011322,22438.40234375,22568.392578125,56.821266834006,20.8186053792238,9.256284,0,0,0,40,4449,299.9095,22503.3974609375,,,,,,,,,,,,,0,,,,18.24117085,,,,,,300.01130675,,,,
,15579954.15,300.01123045,22623.4619140625,7.45709336915262,0.00167849500427536,1,0.999253354069792,40.0298881530762,1.98036190181999,10.7500003650784,40.3475574313207,7.42061883847852,250,-0.010843556097091,7.4556243119695,0.0203920554842586,300.0111694,300.0112915,22568.392578125,22678.53125,55.6199037999482,20.8092691965845,9.256284,0,0,0,40,4449,299.89885,22623.4619140625,,,,,,,,,,,,,0,,,,18.4233913,,,,,,300.01123045,,,,
,15579955.125,300.0109863,22718.529296875,7.46833050087833,0.00147733776521485,1,0.999253354069792,40.0298881530762,1.98023741116185,10.7399998232722,40.408134348786,7.4191854713282,250,-0.0131089530127863,7.46686863018013,0.0181750979271619,300.0108032,300.0111694,22678.53125,22758.52734375,55.9989936317752,20.8092285980622,8.884414,0,0,0,40,4449,299.8874,22718.529296875,,,,,,,,,,,,,0,,,,18.4233913,,,,,,300.0109863,,,,
,15579956.165,300.01042175,22823.55859375,7.46889559311639,0.00139220802651619,1,0.999253354069792,40.0298881530762,1.98034482746927,10.7399998232722,40.4155904900126,7.40795467364137,250,-0.0153618598674899,7.46744327093045,0.0159242630755731,300.0100403,300.0108032,22758.52734375,22888.58984375,56.2616208142367,20.8132794960701,9.256284,0,0,0,40,4449,299.88905,22823.55859375,,,,,,,,,,,,,0,,,,18.24117085,,,,,,300.01042175,,,,
,15579957.39,300.0098877,22943.87109375,7.48776949092087,0.00147812088522218,1,0.999253354069792,40.0298881530762,1.98027231658635,10.7500003650784,40.5146807073845,7.43500634435781,250,-0.0138107061422489,7.48630704378061,0.0175535534921897,300.0097351,300.0100403,22888.58984375,22999.15234375,56.0247873729098,20.8166322975407,9.256284,0,0,0,40,4449,299.8888,22943.87109375,,,,,,,,,,,,,0,,,,18.0589504,,,,,,300.0098877,,,,
,15579958.575,300.01037595,23059.3017578125,7.4933730841447,0.00143470261214501,1,0.999253354069792,40.0298881530762,1.98021350498618,10.7500003650784,40.5436472870325,7.44131706995007,250,-0.0136423376530289,7.4919087358124,0.017744552516476,300.0097351,300.0110168,22999.15234375,23119.451171875,55.6910319951982,20.8172423643187,9.256284,0,0,0,40,4449,299.8904,23059.3017578125,,,,,,,,,,,,,0,,,,18.0589504,,,,,,300.01037595,,,,
,15579959.685,300.01086425,23174.4521484375,7.49930738517198,0.00154172176219346,1,0.999253354069792,40.0298881530762,1.98025048285139,10.7399998232722,40.5777213060165,7.44072817639414,250,-0.0148755128108931,7.49784696581634,0.0165353866415338,300.0107117,300.0110168,23119.451171875,23229.453125,55.7559071622943,20.8173097486558,8.512546,0,0,0,40,4449,299.89435,23174.4521484375,,,,,,,,,,,,,0,,,,18.0589504,,,,,,300.01086425,,,,
,15579960.81,300.0101166,23289.5654296875,7.50323126389337,0.00143914796212614,1,0.999253354069792,40.0298881530762,1.9800182941074,10.7399998232722,40.5911351148693,7.46089981631611,250,-0.011715139789526,7.50175710076938,0.0197106911544948,300.0095215,300.0107117,23229.453125,23349.677734375,57.82331459566,20.8126347450735,9.256284,0,0,0,40,4449,299.8964,23289.5654296875,,,,,,,,,,,,,0,,,,18.0589504,,,,,,300.0101166,,,,
,15579961.92,300.01028445,23399.6611328125,7.51178635295237,0.00152997142426609,1,0.999253354069792,40.0298881530762,1.98004404945074,10.7399998232722,40.6395230339119,7.46092275892662,250,-0.0133138356283391,7.51031718385833,0.0181472876392011,300.0095215,300.0110474,23349.677734375,23449.64453125,56.0732483411021,20.8084010299335,9.256284,0,0,0,40,4449,299.89865,23399.6611328125,,,,,,,,,,,,,0,,,,18.0589504,,,,,,300.01028445,,,,
,15579962.93,300.010849,23499.7177734375,7.52025809389297,0.00168156436972265,1,0.999253354069792,40.0298881530762,1.98030156004116,10.7399998232722,40.6923377777529,7.46046183944741,250,-0.0151441959467756,7.51879477475289,0.016352135495666,300.0106506,300.0110474,23449.64453125,23549.791015625,56.3616692646983,20.8125100381192,9.256284,0,0,0,40,4449,299.89955,23499.7177734375,,,,,,,,,,,,,0,,,,18.1496143,,,,,,300.010849,,,,
,15579963.995,300.0107727,23604.7890625,7.52241225410015,0.0015055312598533,1,0.999253354069792,40.0298881530762,1.98025714446213,10.7399998232722,40.7005929685798,7.47597808119717,250,-0.0126441080672026,7.52093811563588,0.0188600371963859,300.0106506,300.0108948,23549.791015625,23659.787109375,55.8512658416405,20.8106240728053,8.512546,0,0,0,40,4449,299.9007,23604.7890625,,,,,,,,,,,,,0,,,,18.1496143,,,,,,300.0107727,,,,
,15579965.01,300.0111084,23704.771484375,7.52998240154015,0.00142642588108471,1,0.999253354069792,40.0298881530762,1.98033018348806,10.7500003650784,40.7449823279205,7.47317357443672,250,-0.0146151927868747,7.52851496090851,0.0169202806052802,300.0108948,300.011322,23659.787109375,23749.755859375,56.9220969129868,20.8142615352288,8.512546,0,0,0,40,4449,299.90265,23704.771484375,,,,,,,,,,,,,0,,,,18.24117085,,,,,,300.0111084,,,,
,15579966.01,300.0106659,23804.732421875,7.53841314790641,0.00134630843492222,1,0.999253354069792,40.0298881530762,1.98016839341782,10.7399998232722,40.7858719142304,7.48892709128178,250,-0.013154803103324,7.53693808938019,0.0184147737609854,300.0100098,300.011322,23749.755859375,23859.708984375,56.8830154870253,20.8156241739991,8.512546,0,0,0,40,4449,299.90565,23804.732421875,,,,,,,,,,,,,0,,,,18.24117085,,,,,,300.0106659,,,,
,15579967.165,300.01046755,23919.71484375,7.53863386770629,0.00122587950586879,1,0.999253354069792,40.0298881530762,1.97998288254487,10.7500003650784,40.7830908338973,7.48980465882921,250,-0.0129061013390267,7.53715785890821,0.0186635007398909,300.0100098,300.0109253,23859.708984375,23979.720703125,55.6245935710636,20.8090939921257,9.256284,0,0,0,40,4449,299.90755,23919.71484375,,,,,,,,,,,,,0,,,,18.24117085,,,,,,300.01046755,,,,
,15579968.25,300.01078795,24029.8525390625,7.54519236767685,0.00138446066178016,1,0.999253354069792,40.0298881530762,1.97995237609029,10.7399998232722,40.8203026313113,7.48356265960655,250,-0.0152548964010922,7.54372483679423,0.0163419825391857,300.0106506,300.0109253,23979.720703125,24079.984375,56.0232241158713,20.8126844709906,8.512546,0,0,0,40,4449,299.90815,24029.8525390625,,,,,,,,,,,,,0,,,,18.4233913,,,,,,300.01078795,,,,
,15579969.35,300.01144405,24145.1142578125,7.55570711668746,0.00137938346426474,1,0.999253354069792,40.0298881530762,1.98014557701495,10.7399998232722,40.8789390846867,7.5062434879634,250,-0.0131417261174309,7.55422851659451,0.0184977427647532,300.0106506,300.0122375,24079.984375,24210.244140625,56.269437099429,20.8065281609699,9.256284,0,0,0,40,4449,299.9113,24145.1142578125,,,,,,,,,,,,,0,,,,18.4233913,,,,,,300.01144405,,,,
,15579971.415,300.0112915,24350.546875,7.55720676665544,0.00144697710085762,1,0.999253354069792,40.0298881530762,1.98027403441499,10.7500003650784,40.8904848606,7.50365574346697,250,-0.0139848118205241,7.555731552484,0.0176598699776387,300.0112915,300.0112915,24340.5703125,24360.5234375,57.0096393071407,20.8124825186808,9.256284,0,0,0,40,4449,299.9124,24350.546875,,,,,,,,,,,,,0,,,,18.1496143,,,,,,300.0112915,,,,
,15579972.125,300.0122833,24420.71484375,7.5634061618813,0.00130312609937614,1,0.999253354069792,40.0298881530762,1.9802686682493,10.7399998232722,40.9248372031715,7.50483963284347,250,-0.0149112016216038,7.56193334057284,0.0167591105689663,300.0112915,300.0132751,24360.5234375,24480.90625,56.3499448369098,20.814539627392,8.512546,0,0,0,40,4449,299.9135,24420.71484375,,,,,,,,,,,,,0,,,,18.24117085,,,,,,300.0122833,,,,
,15579973.185,300.01242065,24525.9345703125,7.56787029978767,0.00127623297702072,1,0.999253354069792,40.0298881530762,1.98023480563807,10.7399998232722,40.9468343474919,7.51709922207193,250,-0.0134484269651176,7.56639048469528,0.0182394892084876,300.0115662,300.0132751,24480.90625,24570.962890625,56.6414922745829,20.8126999450857,8.512546,0,0,0,40,4449,299.9153,24525.9345703125,,,,,,,,,,,,,0,,,,18.4233913,,,,,,300.01242065,,,,
,15579974.18,300.0123291,24626.03515625,7.57020135233268,0.00150861966871194,1,0.999253354069792,40.0298881530762,1.98032142949609,10.7399998232722,40.9612604720315,7.51938132365534,250,-0.0135175288458524,7.568721429013,0.0181796349931628,300.0115662,300.013092,24570.962890625,24681.107421875,55.6113058862366,20.8080132679431,9.256284,0,0,0,40,4449,299.9152,24626.03515625,,,,,,,,,,,,,0,,,,18.4233913,,,,,,300.0123291,,,,
,15579975.235,300.01304625,24731.228515625,7.57639252145273,0.00145231205202866,1,0.999253354069792,40.0298881530762,1.98042552317465,10.7399998232722,40.9976502270419,7.5216599041698,250,-0.014314965720109,7.5749145308116,0.0174077446246068,300.0130005,300.013092,24681.107421875,24781.349609375,56.5914680493521,20.8103941387821,8.512546,0,0,0,40,4449,299.91495,24731.228515625,,,,,,,,,,,,,0,,,,18.24117085,,,,,,300.01304625,,,,
,15579976.265,300.01260375,24836.4189453125,7.5764395716876,0.00143366930183744,1,0.999253354069792,40.0298881530762,1.98027713612216,10.7500003650784,40.9961492829394,7.51447167611568,250,-0.0155502761259677,7.57496694028634,0.0161721089144582,300.012207,300.0130005,24781.349609375,24891.48828125,56.2428617297752,20.8160479251427,9.256284,0,0,0,40,4449,299.9166,24836.4189453125,,,,,,,,,,,,,0,,,,18.24117085,,,,,,300.01260375,,,,
,15579977.365,300.0132141,24946.6396484375,7.58621227239571,0.00106372198030568,1,0.999253354069792,40.0298881530762,1.98036505919254,10.7500003650784,41.0495559545506,7.53123482683767,250,-0.0143226694674923,7.58473242122865,0.0174396030986812,300.012207,300.0142212,24891.48828125,25001.791015625,55.8090579016021,20.8137322120149,8.512546,0,0,0,40,4449,299.91805,24946.6396484375,,,,,,,,,,,,,0,,,,18.4233913,,,,,,300.0132141,,,,
,15579978.335,300.01441955,25041.927734375,7.58479912400789,0.00142231773656431,1,0.999253354069792,40.0298881530762,1.98042249031041,10.7399998232722,41.0426784874945,7.53214877683347,250,-0.0139305181618252,7.58331762815128,0.0178252613652619,300.0142212,300.0146179,25001.791015625,25082.064453125,56.0482362284867,20.8085808756293,9.256284,0,0,0,40,4449,299.9179,25041.927734375,,,,,,,,,,,,,0,,,,18.4233913,,,,,,300.01441955,,,,
,15579979.33,300.01385495,25142.1728515625,7.59134233649651,0.00127965109530717,1,0.999253354069792,40.0298881530762,1.98035264037554,10.7399998232722,41.0794877982602,7.52320642914265,250,-0.0167484861327616,7.58987152357218,0.0150346652221426,300.013092,300.0146179,25082.064453125,25202.28125,56.8400259184676,20.8104281238744,8.512546,0,0,0,40,4449,299.9183,25142.1728515625,,,,,,,,,,,,,0,,,,18.4233913,,,,,,300.01385495,,,,
,15579980.48,300.013504,25257.3232421875,7.59648634629643,0.00129630340218874,1,0.999253354069792,40.0298881530762,1.9801980251749,10.7399998232722,41.1021874672892,7.53855445010856,250,-0.0147581219136514,7.59500631513055,0.0170455291765407,300.013092,300.013916,25202.28125,25312.365234375,55.7363664493136,20.8145306823294,9.256284,0,0,0,40,4449,299.91835,25257.3232421875,,,,,,,,,,,,,0,,,,18.24117085,,,,,,300.013504,,,,
,15579981.565,300.01452635,25367.5419921875,7.59723648858674,0.00157646587681909,1,0.999253354069792,40.0298881530762,1.98025961248942,10.7500003650784,41.1066894564242,7.54385558609741,250,-0.0139587622357542,7.59575273066757,0.0178472552245077,300.013916,300.0151367,25312.365234375,25422.71875,55.8364148997751,20.8099770360121,9.256284,0,0,0,40,4449,299.91845,25367.5419921875,,,,,,,,,,,,,0,,,,18.24117085,,,,,,300.01452635,,,,
,15579982.635,300.0148773,25472.7294921875,7.60139316009728,0.00149332514568354,1,0.999253354069792,40.0298881530762,1.98033350037092,10.7399998232722,41.1302437136987,7.55059293680391,250,-0.013534116062484,7.59990673566298,0.0182886560123264,300.0146179,300.0151367,25422.71875,25522.740234375,55.8215639579098,20.8150866286389,8.512546,0,0,0,40,4449,299.91835,25472.7294921875,,,,,,,,,,,,,0,,,,18.33183475,,,,,,300.0148773,,,,
,15579983.8,300.0149994,25587.92578125,7.60380448728108,0.00124796714019503,1,0.999253354069792,40.0298881530762,1.98033014743121,10.7399998232722,41.1437194336225,7.55029955328995,250,-0.0140326735622285,7.60231967205834,0.0177998106024368,300.0146179,300.0153809,25522.740234375,25653.111328125,57.1612752398714,20.8181215365035,9.256284,0,0,0,40,4449,299.9172,25587.92578125,,,,,,,,,,,,,0,,,,18.33183475,,,,,,300.0149994,,,,
,15579984.875,300.01542665,25698.166015625,7.60929531202639,0.00130281966684618,1,0.999253354069792,40.0298881530762,1.98004881364972,10.7500003650784,41.1682566642699,7.5518336451464,250,-0.0145730937035603,7.6078115786784,0.0172819148575827,300.0153809,300.0154724,25653.111328125,25743.220703125,55.7605969334098,20.8101328625706,9.256284,0,0,0,40,4449,299.91695,25698.166015625,,,,,,,,,,,,,0,,,,18.24117085,,,,,,300.01542665,,,,
,15579985.945,300.01605225,25803.37890625,7.61471178801442,0.0011899648053148,1,0.999253354069792,40.0298881530762,1.98039770297329,10.7399998232722,41.2050602054711,7.55624634252835,250,-0.0150010321915201,7.6132286206056,0.0168762115581865,300.0154724,300.0166321,25743.220703125,25863.537109375,56.6539983308906,20.8106742236918,8.884414,0,0,0,40,4449,299.91655,25803.37890625,,,,,,,,,,,,,0,,,,18.0589504,,,,,,300.01605225,,,,
,15579987.245,300.0159912,25933.603515625,7.61382663372556,0.00133401683476223,1,0.999253354069792,40.0298881530762,1.98043783094087,10.7399998232722,41.2013292202084,7.55420100482716,250,-0.015241903756545,7.61234474134631,0.0166309470947649,300.0153503,300.0166321,25863.537109375,26003.669921875,56.1631356208136,20.8119910468137,9.256284,0,0,0,40,4449,299.91675,25933.603515625,,,,,,,,,,,,,0,,,,18.24117085,,,,,,300.0159912,,,,
,15579988.355,300.01626585,26048.8134765625,7.61786178444665,0.00127511544468169,1,0.999253354069792,40.0298881530762,1.98046901209533,10.7500003650784,41.2237611983136,7.55851825418195,250,-0.0152129428463317,7.61637892188618,0.0166762934395691,300.0153503,300.0171814,26003.669921875,26093.95703125,55.9974303747367,20.8093846700647,9.256284,0,0,0,40,4449,299.9157,26048.8134765625,,,,,,,,,,,,,0,,,,18.4233913,,,,,,300.01626585,,,,
,15579989.345,300.01712035,26149.0859375,7.62487494524112,0.00131731100520646,1,0.999253354069792,40.0298881530762,1.98033664718946,10.7399998232722,41.256575049567,7.5781786715478,250,-0.012787141460041,7.62338029826012,0.0191306080386556,300.0170593,300.0171814,26093.95703125,26204.21484375,56.7243448976214,20.8104047464821,9.256284,0,0,0,40,4449,299.9141,26149.0859375,,,,,,,,,,,,,0,,,,18.33183475,,,,,,300.01712035,,,,
,15579990.545,300.0169983,26269.3828125,7.62644005570967,0.00135494564942318,1,0.999253354069792,40.0298881530762,1.98034493023284,10.7500003650784,41.2673781225269,7.56808474854478,250,-0.0149485728924312,7.62495422840645,0.0169755755242948,300.0169373,300.0170593,26204.21484375,26334.55078125,56.2967940976021,20.8117342042971,9.256284,0,0,0,40,4449,299.91355,26269.3828125,,,,,,,,,,,,,0,,,,18.1496143,,,,,,300.0169983,,,,
,15579991.695,300.0176392,26379.7216796875,7.63114691071524,0.00128241278377564,1,0.999253354069792,40.0298881530762,1.98051124755365,10.7399998232722,41.2976051971714,7.56595487559458,250,-0.0163289611167387,7.62966578687195,0.0156145177830907,300.0169373,300.0183411,26334.55078125,26424.892578125,57.65057469291,20.8112114065495,8.512546,0,0,0,40,4449,299.9139,26379.7216796875,,,,,,,,,,,,,0,,,,18.0589504,,,,,,300.0176392,,,,
,15579992.785,300.01776125,26484.95703125,7.63097103811662,0.00138146678345209,1,0.999253354069792,40.0298881530762,1.98038118043184,10.7399998232722,41.2920412282739,7.57590416481614,250,-0.0143669096486372,7.62948175371279,0.017574906188273,300.0171814,300.0183411,26424.892578125,26545.021484375,56.8071975206598,20.8067659944722,8.512546,0,0,0,40,4449,299.9135,26484.95703125,,,,,,,,,,,,,0,,,,18.1496143,,,,,,300.01776125,,,,
,15579993.955,300.0169525,26605.2099609375,7.63438584608778,0.00119914726649216,1,0.999253354069792,40.0298881530762,1.9805192940629,10.7399998232722,41.3118474451003,7.58780951546594,250,-0.0128941494920336,7.63288997509409,0.0190612055682472,300.0167236,300.0171814,26545.021484375,26665.3984375,55.9935222321405,20.8129012270037,8.512546,0,0,0,40,4449,299.91185,26605.2099609375,,,,,,,,,,,,,0,,,,18.1496143,,,,,,300.0169525,,,,
,15579995,300.0175476,26710.4755859375,7.63382969995218,0.0012543041309826,1,0.999253354069792,40.0298881530762,1.9805192940629,10.7399998232722,41.3114199756921,7.57332783135151,250,-0.0154675346604027,7.63234459346096,0.0164855038212422,300.0167236,300.0183716,26665.3984375,26755.552734375,55.9560040632175,20.8129012270037,8.512546,0,0,0,40,4449,299.9113,26710.4755859375,,,,,,,,,,,,,0,,,,18.24117085,,,,,,300.0175476,,,,
,15579996.015,300.01864625,26810.7099609375,7.63664519293928,0.0015583532200678,1,0.999253354069792,40.0298881530762,1.98024083332765,10.7399998232722,41.3200631468951,7.58006635427705,250,-0.014551418271148,7.63515539581319,0.0174129597121167,300.0183716,300.0189209,26755.552734375,26865.8671875,56.4398321166213,20.8124307040285,8.512546,0,0,0,40,4449,299.90895,26810.7099609375,,,,,,,,,,,,,0,,,,18.24117085,,,,,,300.01864625,,,,
,15579997.155,300.018692,26926.01953125,7.64230283894294,0.00134047066535909,1,0.999253354069792,40.0298881530762,1.98051430749709,10.7399998232722,41.3549622048889,7.5936243113007,250,-0.0132825493443162,7.64080660381892,0.0187048894387533,300.0184631,300.0189209,26865.8671875,26986.171875,56.892395029256,20.8077263611596,8.884414,0,0,0,40,4449,299.90675,26926.01953125,,,,,,,,,,,,,0,,,,18.0589504,,,,,,300.018692,,,,
,15579998.225,300.01860045,27036.21875,7.64250787099111,0.00139522496599839,1,0.999253354069792,40.0298881530762,1.98043702658282,10.7399998232722,41.3553135366662,7.58914131350444,250,-0.0140953579246243,7.64101507316457,0.0178925638930464,300.0184631,300.0187378,26986.171875,27086.265625,56.5445703381983,20.811298875668,8.512546,0,0,0,40,4449,299.9062,27036.21875,,,,,,,,,,,,,0,,,,18.0589504,,,,,,300.01860045,,,,
,15579999.395,300.0188446,27156.3974609375,7.64549390056035,0.00142667947519821,1,0.999253354069792,40.0298881530762,1.98042659840808,10.7500003650784,41.3729134297684,7.58314478915974,250,-0.0157498519220227,7.64400740012075,0.0162503946328076,300.0187378,300.0189514,27086.265625,27226.529296875,56.6782288149868,20.8135627402128,9.256284,0,0,0,40,4449,299.90495,27156.3974609375,,,,,,,,,,,,,0,,,,18.24117085,,,,,,300.0188446,,,,
,15580000.715,300.01890565,27286.619140625,7.6519092426088,0.00108404351818727,1,0.999253354069792,40.0298881530762,1.9804553361683,10.7399998232722,41.4079298195546,7.59115698484649,250,-0.0154775955544505,7.65042032692742,0.0165489804458091,300.0188599,300.0189514,27226.529296875,27346.708984375,56.6524350738522,20.8115956243087,8.884414,0,0,0,40,4449,299.9029,27286.619140625,,,,,,,,,,,,,0,,,,18.4233913,,,,,,300.01890565,,,,
,15580001.975,300.0186768,27411.841796875,7.65084045830153,0.00133149540542858,1,0.999253354069792,40.0298881530762,1.98057897151334,10.7399998232722,41.4045855867033,7.59100231062696,250,-0.0153928365728362,7.64935153062994,0.0166286048091453,300.0184937,300.0188599,27346.708984375,27476.974609375,55.8848758679674,20.8148902456042,9.256284,0,0,0,40,4449,299.9025,27411.841796875,,,,,,,,,,,,,0,,,,18.33183475,,,,,,300.0186768,,,,
,15580003.08,300.0184937,27522.048828125,7.65654562256318,0.00127029921592016,1,0.999253354069792,40.0298881530762,1.98033296879924,10.7500003650784,41.4292529535341,7.60215212191282,250,-0.0142187003457885,7.6550507381837,0.0178257091886184,300.0184937,300.0184937,27476.974609375,27567.123046875,56.1850212193521,20.8098917378435,9.256284,0,0,0,40,4449,299.90295,27522.048828125,,,,,,,,,,,,,0,,,,18.1496143,,,,,,300.0184937,,,,
,15580004.19,300.01927185,27632.345703125,7.65407391602393,0.0013839681778487,1,0.999253354069792,40.0298881530762,1.98020581708191,10.7500003650784,41.413034599025,7.60056665289142,250,-0.0139650520199434,7.65257829276553,0.018068537342136,300.0184937,300.02005,27567.123046875,27697.568359375,56.7563916669098,20.8141239405117,9.256284,0,0,0,40,4449,299.90145,27632.345703125,,,,,,,,,,,,,0,,,,18.0589504,,,,,,300.01927185,,,,
,15580005.46,300.02044675,27762.7177734375,7.65933308277301,0.00140587154901138,1,0.999253354069792,40.0298881530762,1.98025002542359,10.7399998232722,41.4411347462061,7.61272800005944,250,-0.0127217285227111,7.65783091469451,0.0193330097197834,300.02005,300.0208435,27697.568359375,27827.8671875,55.8379781568136,20.8080917893697,9.256284,0,0,0,40,4449,299.9005,27762.7177734375,,,,,,,,,,,,,0,,,,18.0589504,,,,,,300.02044675,,,,
,15580006.6,300.02142335,27877.86328125,7.66098225814014,0.00141620368041987,1,0.999253354069792,40.0298881530762,1.98022827507023,10.7399998232722,41.4516954633457,7.60305095263413,250,-0.0148009276346766,7.65948823642352,0.0172605419422215,300.0208435,300.0220032,27827.8671875,27927.859375,56.2983573546406,20.8118824885219,8.512546,0,0,0,40,4449,299.9001,27877.86328125,,,,,,,,,,,,,0,,,,18.24117085,,,,,,300.02142335,,,,
,15580007.655,300.02101135,27982.947265625,7.66071570490765,0.00132973768872559,1,0.999253354069792,40.0298881530762,1.98047083746198,10.7399998232722,41.4551145948807,7.60418954584545,250,-0.0147086078597151,7.65922150208078,0.0173513620823534,300.0200195,300.0220032,27927.859375,28038.03515625,55.8520474701598,20.8085916640844,8.512546,0,0,0,40,4449,299.89835,27982.947265625,,,,,,,,,,,,,0,,,,18.24117085,,,,,,300.02101135,,,,
,15580008.795,300.02049255,28093.111328125,7.6640294728155,0.00104524772546486,1,0.999253354069792,40.0298881530762,1.98028728186843,10.7500003650784,41.4700055914794,7.60297756876755,250,-0.0154197166386465,7.66253775075488,0.0166539331713738,300.0200195,300.0209656,28038.03515625,28148.1875,56.3413469231983,20.8093941936436,8.884414,0,0,0,40,4449,299.8961,28093.111328125,,,,,,,,,,,,,0,,,,18.0589504,,,,,,300.02049255,,,,
,15580009.76,300.02101135,28188.32421875,7.66568355077169,0.00128353849440015,1,0.999253354069792,40.0298881530762,1.98043853210114,10.7399998232722,41.4808668857094,7.61154044179013,250,-0.0142476113632991,7.66418649090886,0.0178322018848426,300.0209656,300.0210571,28148.1875,28228.4609375,57.1096877576022,20.80819051053,8.512546,0,0,0,40,4449,299.896,28188.32421875,,,,,,,,,,,,,0,,,,18.0589504,,,,,,300.02101135,,,,
,15580010.7,300.0204773,28283.533203125,7.66687427262582,0.00145575603673095,1,0.999253354069792,40.0298881530762,1.9802428982779,10.7399998232722,41.4830205627276,7.61357115776511,250,-0.0139570255611243,7.6653759410004,0.0181273428094859,300.0198975,300.0210571,28228.4609375,28338.60546875,56.4140383754867,20.811753030531,9.256284,0,0,0,40,4449,299.8947,28283.533203125,,,,,,,,,,,,,0,,,,18.0589504,,,,,,300.0204773,,,,
,15580011.805,300.0201416,28393.7509765625,7.66977083399543,0.0011496498234751,1,0.999253354069792,40.0298881530762,1.98045302142922,10.7399998232722,41.5045193181814,7.60898065341995,250,-0.0154879689863799,7.66827845649241,0.0166083964580858,300.0198975,300.0203857,28338.60546875,28448.896484375,57.0190188493714,20.8106525796871,8.512546,0,0,0,40,4449,299.89325,28393.7509765625,,,,,,,,,,,,,0,,,,18.24117085,,,,,,300.0201416,,,,
,15580012.875,300.02056885,28504.03515625,7.66965860246939,0.0013537804458665,1,0.999253354069792,40.0298881530762,1.98038349682072,10.7500003650784,41.4999935871846,7.62207497379334,250,-0.0129977145214182,7.66815575724888,0.0190971454738723,300.0203857,300.020752,28448.896484375,28559.173828125,55.9294286935636,20.8092918664939,8.512546,0,0,0,40,4449,299.89255,28504.03515625,,,,,,,,,,,,,0,,,,18.4233913,,,,,,300.02056885,,,,
,15580013.945,300.02035525,28614.265625,7.67003282740748,0.00141631153254908,1,0.999253354069792,40.0298881530762,1.98045425068444,10.7399998232722,41.5044501713267,7.61740093381812,250,-0.0139797922470593,7.66853412211197,0.0181163472087669,300.0199585,300.020752,28559.173828125,28669.357421875,56.7642079521022,20.8107073187885,8.512546,0,0,0,40,4449,299.8915,28614.265625,,,,,,,,,,,,,0,,,,18.24117085,,,,,,300.02035525,,,,
,15580014.975,300.01994325,28714.39453125,7.6704728320185,0.00150685220432404,1,0.999253354069792,40.0298881530762,1.98057456923453,10.7399998232722,41.5108718256181,7.60977013441686,250,-0.0155537076451477,7.66898090301309,0.0165428692891852,300.019928,300.0199585,28669.357421875,28759.431640625,55.5722244602751,20.8096537095371,9.256284,0,0,0,40,4449,299.9007,28714.39453125,,,,,,,,,,,,,0,,,,18.24117085,,,,,,300.01994325,,,,
,15580015.995,300.0197754,28814.53125,7.67596565960639,0.00127772057370136,1,0.999253354069792,40.0298881530762,1.98049962905854,10.7399998232722,41.5396566385484,7.61175175810759,250,-0.0161523562517313,7.6744753205894,0.0159657131724671,300.0196228,300.019928,28759.431640625,28869.630859375,56.780622151006,20.8106473951966,8.512546,0,0,0,40,4449,299.909,28814.53125,,,,,,,,,,,,,0,,,,18.4233913,,,,,,300.0197754,,,,
,15580017.075,300.0202179,28924.73046875,7.67634926575553,0.00108258329552337,1,0.999253354069792,40.0298881530762,1.98034913355686,10.7399998232722,41.535513499476,7.62850116238448,250,-0.0130221391805793,7.67484567803586,0.0190963679678679,300.0196228,300.020813,28869.630859375,28979.830078125,56.2139414745636,20.8082971608682,9.256284,0,0,0,40,4449,299.9083,28924.73046875,,,,,,,,,,,,,0,,,,18.4233913,,,,,,300.0202179,,,,
,15580018.15,300.0211792,29034.9599609375,7.67815300050096,0.00137933650226427,1,0.999253354069792,40.0298881530762,1.98038433058126,10.7399998232722,41.5479038068166,7.62011589221991,250,-0.0149306692673499,7.67665680634443,0.0171952765464733,300.020813,300.0215454,28979.830078125,29090.08984375,57.4833061897945,20.8110444934711,8.512546,0,0,0,40,4449,299.9073,29034.9599609375,,,,,,,,,,,,,0,,,,18.4233913,,,,,,300.0211792,,,,
,15580019.25,300.02137755,29145.22265625,7.67883857751256,0.00134466631081326,1,0.999253354069792,40.0298881530762,1.98043774894273,10.7399998232722,41.5530489785316,7.61915039454061,250,-0.0152730292591473,7.6773436487707,0.016855554807966,300.0212097,300.0215454,29090.08984375,29200.35546875,56.882233858506,20.8146539948819,9.256284,0,0,0,40,4449,299.90475,29145.22265625,,,,,,,,,,,,,0,,,,18.24117085,,,,,,300.02137755,,,,
,15580020.385,300.02156065,29255.4833984375,7.68405146654493,0.00123956158251246,1,0.999253354069792,40.0298881530762,1.98058437713712,10.7399998232722,41.5833049898785,7.63002680004669,250,-0.0143304175616554,7.68255151807348,0.017819426982669,300.0212097,300.0219116,29200.35546875,29310.611328125,56.902556200006,20.8133605924907,8.884414,0,0,0,40,4449,299.90265,29255.4833984375,,,,,,,,,,,,,0,,,,18.0589504,,,,,,300.02156065,,,,
,15580021.525,300.0214691,29370.7841796875,7.68629772987941,0.00123265448145469,1,0.999253354069792,40.0298881530762,1.98037586177144,10.7399998232722,41.5906716335265,7.63426922356628,250,-0.0138173753288673,7.68479524348295,0.0183413576663873,300.0210266,300.0219116,29310.611328125,29430.95703125,55.741056220429,20.8111376210274,9.256284,0,0,0,40,4449,299.9007,29370.7841796875,,,,,,,,,,,,,0,,,,18.24117085,,,,,,300.0214691,,,,
,15580022.595,300.02134705,29481.0556640625,7.68638919698801,0.0013033069894541,1,0.999253354069792,40.0298881530762,1.98034735204294,10.7399998232722,41.5902461018064,7.63606954522625,250,-0.0134813226836454,7.684885356573,0.0186773478661541,300.0210266,300.0216675,29430.95703125,29531.154296875,57.200356665833,20.8049573636971,8.512546,0,0,0,40,4449,299.89875,29481.0556640625,,,,,,,,,,,,,0,,,,18.4233913,,,,,,300.02134705,,,,
,15580023.65,300.0218048,29586.5478515625,7.6868905411555,0.00130447224102974,1,0.999253354069792,40.0298881530762,1.98042871901681,10.7399998232722,41.596318377316,7.62774142699938,250,-0.0151700796863698,7.68539356562411,0.0169906993019698,300.0216675,300.0219421,29531.154296875,29641.94140625,56.0537076281213,20.8138308988365,8.512546,0,0,0,40,4449,299.89665,29586.5478515625,,,,,,,,,,,,,0,,,,18.4233913,,,,,,300.0218048,,,,
,15580024.745,300.02156065,29692.1083984375,7.68704501602199,0.00159528939010856,1,0.999253354069792,40.0298881530762,1.9801465722802,10.7399998232722,41.5896149178594,7.63632459927141,250,-0.0134155466017788,7.68554076390889,0.0187452535939972,300.0211792,300.0219421,29641.94140625,29742.275390625,57.0088576786214,20.8088566807067,9.256284,0,0,0,40,4449,299.89405,29692.1083984375,,,,,,,,,,,,,0,,,,18.4233913,,,,,,300.02156065,,,,
,15580026.18,300.021286,29837.580078125,7.68941038688968,0.00141685572357128,1,0.999253354069792,40.0298881530762,1.9802882609509,10.7399998232722,41.6062017820002,7.63443354206237,250,-0.0143018473741709,7.68790948255208,0.0178685829380917,300.0211792,300.0213928,29742.275390625,29932.884765625,56.1826763337944,20.8044779421873,9.256284,0,0,0,40,4449,299.89105,29837.580078125,,,,,,,,,,,,,0,,,,18.4233913,,,,,,300.021286,,,,
,15580027.61,300.0211792,29982.98828125,7.69514397314394,0.00115988096692246,1,0.999253354069792,40.0298881530762,1.98043972000785,10.7500003650784,41.6396843671145,7.64418794486629,250,-0.0136666279302439,7.6936393137943,0.0185272826971611,300.0209656,300.0213928,29932.884765625,30033.091796875,56.4124751184483,20.8082032763527,8.512546,0,0,0,40,4449,299.8875,29982.98828125,,,,,,,,,,,,,0,,,,18.4233913,,,,,,300.0211792,,,,
,15580028.61,300.0209656,30083.171875,7.69239057424889,0.00128187903259322,1,0.999253354069792,40.0298881530762,1.98040881310214,10.7500003650784,41.6259419430795,7.6316838112371,250,-0.015445861558038,7.69089401037272,0.0167365442273294,300.0209656,300.0209656,30033.091796875,30133.251953125,56.4687523718329,20.8101997002244,8.512546,0,0,0,40,4449,299.88575,30083.171875,,,,,,,,,,,,,0,,,,18.24117085,,,,,,300.0209656,,,,
,15580029.715,300.02119445,30193.421875,7.69349061863584,0.00131022673495829,1,0.999253354069792,40.0298881530762,1.98046208271263,10.7399998232722,41.6314739909172,7.64113477734465,250,-0.0139390260630483,7.69198752872361,0.0182469853805771,300.0209656,300.0214233,30133.251953125,30253.591796875,55.4784290379674,20.8098279610148,9.256284,0,0,0,40,4449,299.88625,30193.421875,,,,,,,,,,,,,0,,,,18.24117085,,,,,,300.02119445,,,,
,15580030.91,300.02174375,30313.794921875,7.69469098543597,0.00158443283479284,1,0.999253354069792,40.0298881530762,1.98035157883855,10.7500003650784,41.6356854653897,7.64200502188859,250,-0.0139231581426885,7.69318749184131,0.018267217643916,300.0214233,300.0220642,30253.591796875,30373.998046875,56.4202914036406,20.8086872043443,8.512546,0,0,0,40,4449,299.886,30313.794921875,,,,,,,,,,,,,0,,,,18.24117085,,,,,,300.02174375,,,,
,15580032.105,300.02078245,30433.9951171875,7.69605688979247,0.00162009112054188,1,0.999253354069792,40.0298881530762,1.98040913925834,10.7399998232722,41.643862928119,7.64571251189908,250,-0.0135306972781241,7.69455179162639,0.018664875307146,300.0195007,300.0220642,30373.998046875,30493.9921875,56.2076884464098,20.8085450373232,8.512546,0,0,0,40,4449,299.88405,30433.9951171875,,,,,,,,,,,,,0,,,,18.24117085,,,,,,300.02078245,,,,
,15580033.32,300.01997375,30554.0771484375,7.69593642464203,0.00133384806774354,1,0.999253354069792,40.0298881530762,1.98022737276533,10.7399998232722,41.6411472257093,7.63594103184466,250,-0.0151881164008524,7.69443854469631,0.0170069589193536,300.0195007,300.0204468,30493.9921875,30614.162109375,56.0896625400059,20.80573584456,8.884414,0,0,0,40,4449,299.88125,30554.0771484375,,,,,,,,,,,,,0,,,,18.4233913,,,,,,300.01997375,,,,
,15580034.385,300.02079775,30659.3134765625,7.70141051999391,0.00126327376336509,1,0.999253354069792,40.0298881530762,1.98038439789808,10.7399998232722,41.6740367467466,7.64170260777093,250,-0.0152465787783623,7.69991159044327,0.0169708748297766,300.0204468,300.0211487,30614.162109375,30704.46484375,56.0873176544482,20.8097099529817,9.256284,0,0,0,40,4449,299.8807,30659.3134765625,,,,,,,,,,,,,0,,,,18.24117085,,,,,,300.02079775,,,,
,15580035.35,300.02101135,30754.533203125,7.7012453811304,0.00155562245581975,1,0.999253354069792,40.0298881530762,1.98026547286921,10.7399998232722,41.6683971143429,7.65352297023667,250,-0.012947327752446,7.69973685744076,0.0192684371572297,300.020874,300.0211487,30704.46484375,30804.6015625,56.4406137451406,20.8084717175674,9.256284,0,0,0,40,4449,299.8806,30754.533203125,,,,,,,,,,,,,0,,,,18.0589504,,,,,,300.02101135,,,,
,15580036.43,300.0200348,30864.7265625,7.7010549048224,0.00148789555702869,1,0.999253354069792,40.0298881530762,1.98039263250426,10.7500003650784,41.6725287492476,7.6400561930379,250,-0.0154898072055498,7.69955737532384,0.0167252185844965,300.0191956,300.020874,30804.6015625,30924.8515625,56.8830154870253,20.8094533764174,9.256284,0,0,0,40,4449,299.87925,30864.7265625,,,,,,,,,,,,,0,,,,18.0589504,,,,,,300.0200348,,,,
,15580037.575,300.01916505,30979.962890625,7.70775757628531,0.00134015328647293,1,0.999253354069792,40.0298881530762,1.98030191147548,10.7399998232722,41.7060540727197,7.6511250194506,250,-0.0146225730307827,7.70625536268782,0.0176197232566945,300.0191345,300.0191956,30924.8515625,31035.07421875,57.1878506095253,20.8077020870651,9.256284,0,0,0,40,4449,299.8787,30979.962890625,,,,,,,,,,,,,0,,,,18.24117085,,,,,,300.01916505,,,,
,15580038.595,300.0186157,31080.208984375,7.70127436904752,0.00139808568060314,1,0.999253354069792,40.0298881530762,1.98037197671236,10.7399998232722,41.6711031743088,7.6520182943857,250,-0.0133037120982017,7.69976815613101,0.0189107145462866,300.0180969,300.0191345,31035.07421875,31125.34375,56.966649738583,20.8130842252574,8.512546,0,0,0,40,4449,299.878,31080.208984375,,,,,,,,,,,,,0,,,,18.24117085,,,,,,300.0186157,,,,
,15580039.655,300.01838685,31185.3759765625,7.70684079182016,0.00140963938402812,1,0.999253354069792,40.0298881530762,1.98022314002135,10.7500003650784,41.6981539859823,7.65705512233085,250,-0.0133003081386116,7.70533355691296,0.0189368102958327,300.0180969,300.0186768,31125.34375,31245.408203125,56.6305494753137,20.8100644720633,9.256284,0,0,0,40,4449,299.8779,31185.3759765625,,,,,,,,,,,,,0,,,,18.0589504,,,,,,300.01838685,,,,
,15580040.795,300.01902775,31300.4267578125,7.70782595930429,0.00120004741564645,1,0.999253354069792,40.0298881530762,1.98060943714145,10.7399998232722,41.7155535162279,7.63718995307901,250,-0.0174237787876423,7.70633563907712,0.0148177691362185,300.0186768,300.0193787,31245.408203125,31355.4453125,56.3288408668906,20.8075512087436,8.512546,0,0,0,40,4449,299.87685,31300.4267578125,,,,,,,,,,,,,0,,,,18.0589504,,,,,,300.01902775,,,,
,15580041.765,300.01921085,31400.5546875,7.70896639413048,0.00131493071331583,1,0.999253354069792,40.0298881530762,1.98045612489371,10.7500003650784,41.7139458984503,7.66271309434827,250,-0.0128097818543321,7.70745654844513,0.0194350126118313,300.019043,300.0193787,31355.4453125,31445.6640625,56.3444734372752,20.8071706565701,8.884414,0,0,0,40,4449,299.87695,31400.5546875,,,,,,,,,,,,,0,,,,18.24117085,,,,,,300.01921085,,,,
,15580042.765,300.01843265,31500.8388671875,7.71278998334764,0.00116324122285609,1,0.999253354069792,40.0298881530762,1.98037817085867,10.7399998232722,41.7341041327949,7.66045336099857,250,-0.0138814256985768,7.7112841347738,0.0183788500539629,300.0178223,300.019043,31445.6640625,31556.013671875,55.7183889933713,20.8123132170666,9.256284,0,0,0,40,4449,299.87815,31500.8388671875,,,,,,,,,,,,,0,,,,18.33183475,,,,,,300.01843265,,,,
,15580043.795,300.01828005,31601.0537109375,7.71036876103778,0.00124775095892656,1,0.999253354069792,40.0298881530762,1.98044384963683,10.7500003650784,41.7218157623049,7.66119300813748,250,-0.0133412175724237,7.70886122235338,0.0189084554430611,300.0178223,300.0187378,31556.013671875,31646.09375,56.3890262628713,20.8090710177563,8.512546,0,0,0,40,4449,299.8765,31601.0537109375,,,,,,,,,,,,,0,,,,18.4243288,,,,,,300.01828005,,,,
,15580044.875,300.01872255,31711.2998046875,7.71539369764502,0.00127900350829779,1,0.999253354069792,40.0298881530762,1.98036589505011,10.7399998232722,41.7487024806019,7.65888360086735,250,-0.0146448512399445,7.71389052488418,0.0176254859875939,300.0187073,300.0187378,31646.09375,31776.505859375,56.4109118614098,20.8119224350138,8.512546,0,0,0,40,4449,299.87635,31711.2998046875,,,,,,,,,,,,,0,,,,18.51588535,,,,,,300.01872255,,,,
,15580046.055,300.0184021,31831.61328125,7.7164403081181,0.00123675268175471,1,0.999253354069792,40.0298881530762,1.98007385744724,10.7399998232722,41.7484450505175,7.65836678325973,250,-0.0147301080922977,7.71493743724931,0.0175439243430486,300.0180969,300.0187073,31776.505859375,31886.720703125,56.0857543974098,20.8029698509081,9.256284,0,0,0,40,4449,299.8764,31831.61328125,,,,,,,,,,,,,0,,,,18.33183475,,,,,,300.0184021,,,,
,15580047.135,300.01800535,31936.7978515625,7.71198625411746,0.00152839148107824,1,0.999253354069792,40.0298881530762,1.98042352574477,10.7399998232722,41.7312193896105,7.65696652146694,250,-0.0144063547909558,7.71048310746759,0.0178483282089778,300.0179138,300.0180969,31886.720703125,31986.875,56.3788650921214,20.807222826022,9.256284,0,0,0,40,4449,299.8768,31936.7978515625,,,,,,,,,,,,,0,,,,18.33183475,,,,,,300.01800535,,,,
,15580048.26,300.01800535,32046.9638671875,7.71762437164622,0.00131870155720739,1,0.999253354069792,40.0298881530762,1.98036183578484,10.7399998232722,41.7595460392823,7.66726107837174,250,-0.0135047705560306,7.71611638888945,0.0187724953327252,300.0179138,300.0180969,31986.875,32107.052734375,56.760299809506,20.8080117599504,8.884414,0,0,0,40,4449,299.8782,32046.9638671875,,,,,,,,,,,,,0,,,,18.4233913,,,,,,300.01800535,,,,
,15580049.47,300.01670835,32167.1923828125,7.71880020529578,0.00115614741259178,1,0.999253354069792,40.0298881530762,1.98040476567467,10.7399998232722,41.7662719882833,7.67140615380504,250,-0.0129858976783079,7.71729024515062,0.0192955314414899,300.0153198,300.0180969,32107.052734375,32227.33203125,57.8631776501407,20.8063867924203,9.256284,0,0,0,40,4449,299.87785,32167.1923828125,,,,,,,,,,,,,0,,,,18.51588535,,,,,,300.01670835,,,,
,15580050.585,300.01638795,32282.4169921875,7.71929044335165,0.00129970579255998,1,0.999253354069792,40.0298881530762,1.98042837880425,10.7500003650784,41.7714980099329,7.66072828830493,250,-0.0150665498485414,7.71778924517084,0.0172166220146658,300.0153198,300.0174561,32227.33203125,32337.501953125,56.7587365524675,20.8115433976766,9.256284,0,0,0,40,4449,299.87835,32282.4169921875,,,,,,,,,,,,,0,,,,18.4243288,,,,,,300.01638795,,,,
,15580051.71,300.0172577,32397.6494140625,7.72180661077501,0.00100016351492611,1,0.999253354069792,40.0298881530762,1.98043812585371,10.7399998232722,41.7850744988271,7.66455006249667,250,-0.0148327218143182,7.72030373579944,0.0174603083476372,300.0170593,300.0174561,32337.501953125,32457.796875,56.1521928215444,20.8086838330936,8.512546,0,0,0,40,4449,299.87795,32397.6494140625,,,,,,,,,,,,,0,,,,18.2402782,,,,,,300.0172577,,,,
,15580052.93,300.0172424,32517.9755859375,7.71888032478419,0.00157642110197628,1,0.999253354069792,40.0298881530762,1.98016282517035,10.7399998232722,41.7628116279016,7.66473136800263,250,-0.0140639142778068,7.71737488760203,0.0182161413264721,300.0170593,300.0174255,32457.796875,32578.154296875,55.6316282277367,20.8102591293763,9.256284,0,0,0,40,4449,299.87705,32517.9755859375,,,,,,,,,,,,,0,,,,18.4243288,,,,,,300.0172424,,,,
,15580053.975,300.0174408,32623.1611328125,7.72326078939841,0.00133956924435126,1,0.999253354069792,40.0298881530762,1.98016282517035,10.7500003650784,41.7865210185435,7.66903299102299,250,-0.0140800251160609,7.72175454835296,0.0182175829905435,300.0174255,300.0174561,32578.154296875,32668.16796875,55.9395898643136,20.8102591293763,9.256284,0,0,0,40,4449,299.8783,32623.1611328125,,,,,,,,,,,,,0,,,,18.6083794,,,,,,300.0174408,,,,
,15580055.005,300.0171814,32728.330078125,7.72387201626189,0.00106887500534818,1,0.999253354069792,40.0298881530762,1.98050459017914,10.7399998232722,41.7982417787094,7.66349992099351,250,-0.0154540467722553,7.72237154893349,0.0168455703948724,300.0169067,300.0174561,32668.16796875,32788.4921875,56.3413469231983,20.8006944864384,8.512546,0,0,0,40,4449,299.88,32728.330078125,,,,,,,,,,,,,0,,,,18.6083794,,,,,,300.0171814,,,,
,15580056.16,300.0158844,32844.26953125,7.72649249964401,0.00115014327114244,1,0.999253354069792,40.0298881530762,1.98020956928603,10.7500003650784,41.8064713133807,7.66433184622728,250,-0.0155796225557824,7.72499246259062,0.0167302736518141,300.0148621,300.0169067,32788.4921875,32900.046875,56.4836033136983,20.8026126047003,9.256284,0,0,0,40,4449,299.88025,32844.26953125,,,,,,,,,,,,,0,,,,18.6083794,,,,,,300.0158844,,,,
,15580057.16,300.0156708,32945.1796875,7.72491010168966,0.00135647185812426,1,0.999253354069792,40.0298881530762,1.98036297964181,10.7399998232722,41.8000128927729,7.66903373415274,250,-0.0145234348393079,7.72340609021045,0.0177789945664578,300.0148621,300.0164795,32900.046875,32990.3125,56.6375841319868,20.8094289136579,8.512546,0,0,0,40,4449,299.88065,32945.1796875,,,,,,,,,,,,,0,,,,18.4243288,,,,,,300.0156708,,,,
,15580058.215,300.0159302,33050.55859375,7.72619174263315,0.00149709325397582,1,0.999253354069792,40.0298881530762,1.98039175166246,10.7399998232722,41.8075922631229,7.67013475120151,250,-0.0145768820697517,7.72468769070726,0.0177301840735706,300.0153809,300.0164795,32990.3125,33110.8046875,56.9017745714868,20.8108521992052,8.512546,0,0,0,40,4449,299.8816,33050.55859375,,,,,,,,,,,,,0,,,,18.33183475,,,,,,300.0159302,,,,
,15580059.375,300.015152,33165.87890625,7.73080507496074,0.00116675243145272,1,0.999253354069792,40.0298881530762,1.98036227672369,10.7500003650784,41.831355461261,7.67780937097299,250,-0.0139923889393075,7.72929791573967,0.0183333299077544,300.0149231,300.0153809,33110.8046875,33220.953125,56.0904441685252,20.8024523056932,9.256284,0,0,0,40,4449,299.8804,33165.87890625,,,,,,,,,,,,,0,,,,18.51588535,,,,,,300.015152,,,,
,15580060.48,300.015213,33276.10546875,7.72808345640253,0.00128045973009846,1,0.999253354069792,40.0298881530762,1.98048537941008,10.7500003650784,41.8212339704879,7.66440970689994,250,-0.0160502792018483,7.72658549228312,0.0162638739474311,300.0149231,300.0155029,33220.953125,33331.2578125,56.1826763337944,20.8098927887556,8.512546,0,0,0,40,4449,299.8801,33276.10546875,,,,,,,,,,,,,0,,,,18.6083794,,,,,,300.015213,,,,
,15580062.48,300.015686,33476.701171875,7.73103594826547,0.00115506084039995,1,0.999253354069792,40.0298881530762,1.98051767482583,10.7399998232722,41.8369432148964,7.67249608285927,250,-0.0151240816675108,7.72953350611986,0.017200887949068,300.015686,300.015686,33461.6640625,33491.73828125,57.1941036376791,20.8029338916572,8.512546,0,0,0,40,4449,299.88145,33476.701171875,,,,,,,,,,,,,0,,,,18.60928915,,,,,,300.015686,,,,
,15580063.175,300.0159454,33546.869140625,7.73211511507258,0.0012288661073816,1,0.999253354069792,40.0298881530762,1.98051077524753,10.7500003650784,41.8440025717057,7.66619675797539,250,-0.0164833209267735,7.73061811090163,0.015845931220832,300.015686,300.0162048,33491.73828125,33602,55.8082762730828,20.8080787874324,8.512546,0,0,0,40,4449,299.8822,33546.869140625,,,,,,,,,,,,,0,,,,18.60928915,,,,,,300.0159454,,,,
,15580064.175,300.01615905,33647.03125,7.73226692279542,0.00120851166519742,1,0.999253354069792,40.0298881530762,1.98057993471612,10.7500003650784,41.8454242654536,7.67105810736516,250,-0.0156605104487129,7.73076644361723,0.0166686126233165,300.0161133,300.0162048,33602,33692.0625,55.9278654365251,20.8074605058149,9.256284,0,0,0,40,4449,299.8823,33647.03125,,,,,,,,,,,,,0,,,,18.795187,,,,,,300.01615905,,,,
,15580065.19,300.01612855,33752.1875,7.73559330181782,0.00139847858302642,1,0.999253354069792,40.0298881530762,1.98035185195318,10.7399998232722,41.8583182391183,7.67568508018279,250,-0.015261891278197,7.73409055724468,0.0170803609310916,300.0161133,300.0161438,33692.0625,33812.3125,56.7962547213906,20.8101545326403,8.512546,0,0,0,40,4449,299.88295,33752.1875,,,,,,,,,,,,,0,,,,18.795187,,,,,,300.01612855,,,,
,15580066.36,300.0161133,33867.439453125,7.73474255733375,0.0013835360945477,1,0.999253354069792,40.0298881530762,1.98030898114721,10.7500003650784,41.8524002955442,7.67700436833926,250,-0.0148294293868433,7.73323826402901,0.0175083084683077,300.0160828,300.0161438,33812.3125,33922.56640625,55.649605683679,20.8044826091183,9.256284,0,0,0,40,4449,299.8845,33867.439453125,,,,,,,,,,,,,0,,,,18.60928915,,,,,,300.0161133,,,,
,15580067.5,300.01631165,33982.646484375,7.73402632582103,0.00154256473929475,1,0.999253354069792,40.0298881530762,1.98030306903465,10.7500003650784,41.8469986038472,7.68384502479778,250,-0.013427262669688,7.73251631246422,0.0189066378547089,300.0160828,300.0165405,33922.56640625,34042.7265625,56.1865844763906,20.8067318822212,8.512546,0,0,0,40,4449,299.8836,33982.646484375,,,,,,,,,,,,,0,,,,18.4233913,,,,,,300.01631165,,,,
,15580068.565,300.01548765,34087.875,7.73439013834307,0.00149946570782901,1,0.999253354069792,40.0298881530762,1.98030425019411,10.7500003650784,41.8478505992229,7.69037252013321,250,-0.0122882979593917,7.73287557445922,0.0200463732014052,300.0144348,300.0165405,34042.7265625,34133.0234375,56.3546346080252,20.8041029306284,9.256284,0,0,0,40,4449,299.88285,34087.875,,,,,,,,,,,,,0,,,,18.60928915,,,,,,300.01548765,,,,
,15580069.62,300.014801,34193.130859375,7.73901910284513,0.00132375453473121,1,0.999253354069792,40.0298881530762,1.98008554278947,10.7399998232722,41.8689108734784,7.69132054227975,250,-0.0128174949463628,7.73750607272899,0.0195359735480794,300.0144348,300.0151672,34133.0234375,34253.23828125,56.4499932873714,20.8076569149037,9.256284,0,0,0,40,4449,299.8832,34193.130859375,,,,,,,,,,,,,0,,,,18.795187,,,,,,300.014801,,,,
,15580070.75,300.0151367,34308.41015625,7.74042613087553,0.00148831068956776,1,0.999253354069792,40.0298881530762,1.98050139861871,10.7399998232722,41.8859917938564,7.68949073080264,250,-0.0137073265348851,7.73891649197428,0.0186516550670997,300.0151062,300.0151672,34253.23828125,34363.58203125,56.6907348712945,20.8066950722988,9.256284,0,0,0,40,4449,299.8822,34308.41015625,,,,,,,,,,,,,0,,,,18.795187,,,,,,300.0151367,,,,
,15580071.74,300.0155182,34408.662109375,7.74503419828995,0.00132061995735205,1,0.999253354069792,40.0298881530762,1.98042107302411,10.7399998232722,41.9112053683597,7.68332159767159,250,-0.015645515829886,7.74353165905416,0.0167327037925066,300.0151062,300.0159302,34363.58203125,34453.7421875,55.8403230423713,20.8065506361223,9.256284,0,0,0,40,4449,299.88085,34408.662109375,,,,,,,,,,,,,0,,,,18.60928915,,,,,,300.0155182,,,,
,15580073.6,300.0147552,34593.763671875,7.74318275898183,0.00116024882582931,1,0.999253354069792,40.0298881530762,1.9805358325844,10.7399998232722,41.9039814552141,7.67962837182628,250,-0.0160638804173171,7.74168269417791,0.0163052806220672,300.0144958,300.0150146,34583.73046875,34603.796875,56.9049010855637,20.8053942271209,9.256284,0,0,0,40,4449,299.88335,34593.763671875,,,,,,,,,,,,,0,,,,18.4233913,,,,,,300.0147552,,,,
,15580074.275,300.01533505,34658.90234375,7.74140435853617,0.001279143755183,1,0.999253354069792,40.0298881530762,1.98038102834743,10.7399998232722,41.8918696052878,7.67346593196307,250,-0.0167647442798866,7.73990745397222,0.0155967421179837,300.0150146,300.0156555,34603.796875,34714.0078125,56.404658833256,20.8091622003259,9.256284,0,0,0,40,4449,299.88335,34658.90234375,,,,,,,,,,,,,0,,,,18.4233913,,,,,,300.01533505,,,,
,15580075.46,300.0153961,34779.103515625,7.74593439339579,0.0011075936141445,1,0.999253354069792,40.0298881530762,1.98042266507776,10.7399998232722,41.9149231497435,7.69062718904474,250,-0.0144604950260773,7.74442699429074,0.0179187086480765,300.0151367,300.0156555,34714.0078125,34844.19921875,56.3491632083906,20.8084000128666,8.512546,0,0,0,40,4449,299.8837,34779.103515625,,,,,,,,,,,,,0,,,,18.51588535,,,,,,300.0153961,,,,
,15580076.575,300.01474,34889.314453125,7.74468978074962,0.00135053281835966,1,0.999253354069792,40.0298881530762,1.98023002534548,10.7399998232722,41.9054676293571,7.68189801954755,250,-0.0157081407458574,7.74318809296229,0.0166655098583249,300.0143433,300.0151367,34844.19921875,34934.4296875,57.2941520881407,20.8092876753402,9.256284,0,0,0,40,4449,299.88335,34889.314453125,,,,,,,,,,,,,0,,,,18.7017832,,,,,,300.01474,,,,
,15580077.67,300.01438905,34999.5703125,7.74591334398297,0.00153244650656972,1,0.999253354069792,40.0298881530762,1.98023405797032,10.7399998232722,41.9107152683116,7.69098544700202,250,-0.0142570427071703,7.74440551068262,0.0181207223277323,300.0143433,300.0144348,34934.4296875,35064.7109375,56.9775925378522,20.8037492007667,8.512546,0,0,0,40,4449,299.8838,34999.5703125,,,,,,,,,,,,,0,,,,18.795187,,,,,,300.01438905,,,,
,15580078.93,300.0142212,35129.853515625,7.74747038527352,0.00121715503679217,1,0.999253354069792,40.0298881530762,1.9803168252171,10.7399998232722,41.921071712658,7.69164657028606,250,-0.0144807878518942,7.74596328742323,0.0179028200328168,300.0140076,300.0144348,35064.7109375,35194.99609375,56.5125235689098,20.8031474520416,8.512546,0,0,0,40,4449,299.88335,35129.853515625,,,,,,,,,,,,,0,,,,18.795187,,,,,,300.0142212,,,,
,15580080.04,300.01431275,35240.11328125,7.74890110550431,0.00114883607344286,1,0.999253354069792,40.0298881530762,1.9803168252171,10.7399998232722,41.9291018933494,7.6915107821465,250,-0.014770670023518,7.74739495078293,0.0176184786467874,300.0140076,300.0146179,35194.99609375,35285.23046875,56.8587850029291,20.8031474520416,8.512546,0,0,0,40,4449,299.88215,35240.11328125,,,,,,,,,,,,,0,,,,18.795187,,,,,,300.01431275,,,,
,15580081.03,300.01397705,35335.28125,7.74778455346927,0.000847625718032473,1,0.999253354069792,40.0298881530762,1.98047926421872,10.7399998232722,41.9267927602293,7.68898191606735,250,-0.0151441949315518,7.7462803505805,0.0172396362375647,300.0133362,300.0146179,35285.23046875,35385.33203125,56.6633778731214,20.8094564193216,9.256284,0,0,0,40,4449,299.88345,35335.28125,,,,,,,,,,,,,0,,,,18.795187,,,,,,300.01397705,,,,
,15580082.125,300.0137024,35445.498046875,7.75043779680406,0.00139890337637412,1,0.999253354069792,40.0298881530762,1.98024194461303,10.7399998232722,41.9351054706123,7.69688564280594,250,-0.0140081579012132,7.74892844465074,0.01838593261883,300.0133362,300.0140686,35385.33203125,35505.6640625,56.5117419403906,20.8017567698264,9.256284,0,0,0,40,4449,299.88305,35445.498046875,,,,,,,,,,,,,0,,,,18.795187,,,,,,300.0137024,,,,
,15580083.165,300.013443,35550.736328125,7.7503239249545,0.00133530318312922,1,0.999253354069792,40.0298881530762,1.98040328501502,10.7399998232722,41.9393156677426,7.68933063435939,250,-0.0154964201054372,7.74882092703199,0.0168971030068666,300.0128174,300.0140686,35505.6640625,35595.80859375,55.995085489179,20.8112253171361,8.512546,0,0,0,40,4449,299.88125,35550.736328125,,,,,,,,,,,,,0,,,,18.795187,,,,,,300.013443,,,,
,15580084.195,300.01313785,35650.92578125,7.7528405689707,0.0011446580656535,1,0.999253354069792,40.0298881530762,1.98040293417537,10.7399998232722,41.9513159856136,7.70051792027776,250,-0.0138940182240848,7.75133051286793,0.0185090616796615,300.0128174,300.0134583,35595.80859375,35706.04296875,57.1175040427945,20.8037615822596,9.256284,0,0,0,40,4449,299.8816,35650.92578125,,,,,,,,,,,,,0,,,,18.7017832,,,,,,300.01313785,,,,
,15580085.295,300.0137177,35761.154296875,7.750245803905,0.00147168706931576,1,0.999253354069792,40.0298881530762,1.98031281342357,10.7399998232722,41.935457062995,7.69736366162544,250,-0.0139322776099107,7.74873632153312,0.0184593901634632,300.0134583,300.0139771,35706.04296875,35816.265625,57.4567308201407,20.8054735763993,9.256284,0,0,0,40,4449,299.881,35761.154296875,,,,,,,,,,,,,0,,,,18.7017832,,,,,,300.0137177,,,,
,15580086.46,300.01368715,35881.451171875,7.75447112364462,0.00133741270106127,1,0.999253354069792,40.0298881530762,1.9804734159812,10.7399998232722,41.9629583660472,7.69505393183021,250,-0.0152544996123461,7.75296639212061,0.0171543431320612,300.0133972,300.0139771,35816.265625,35946.63671875,56.7610814380252,20.8050694769549,9.256284,0,0,0,40,4449,299.8813,35881.451171875,,,,,,,,,,,,,0,,,,18.7017832,,,,,,300.01368715,,,,
,15580087.62,300.01364135,35996.693359375,7.75671805367042,0.00128073416020009,1,0.999253354069792,40.0298881530762,1.98053731144909,10.7399998232722,41.9773277833956,7.69273184456789,250,-0.0161442537618286,7.75521668236728,0.0162732786125702,300.0133972,300.0138855,35946.63671875,36046.75,56.7931282073137,20.8052543820744,8.884414,0,0,0,40,4449,299.88285,35996.693359375,,,,,,,,,,,,,0,,,,18.6083794,,,,,,300.01364135,,,,
,15580088.735,300.0135803,36107.158203125,7.75757400227429,0.00135176913850933,1,0.999253354069792,40.0298881530762,1.98051352063758,10.7399998232722,41.9809865634868,7.69608975973176,250,-0.0156649696185555,7.75607052968717,0.0167554385847111,300.0132751,300.0138855,36046.75,36167.56640625,55.954440806179,20.8061227866707,8.512546,0,0,0,40,4449,299.88245,36107.158203125,,,,,,,,,,,,,0,,,,18.7017832,,,,,,300.0135803,,,,
,15580089.725,300.0132751,36207.724609375,7.75533847509765,0.0011616203033579,1,0.999253354069792,40.0298881530762,1.98031849466487,10.7399998232722,41.9626640110118,7.70496871910246,250,-0.0134718607866877,7.75382642375934,0.0189382739332661,300.0132751,300.0132751,36167.56640625,36247.8828125,56.0943523111213,20.7961356781684,9.256284,0,0,0,40,4449,299.8816,36207.724609375,,,,,,,,,,,,,0,,,,18.60928915,,,,,,300.0132751,,,,
,15580090.74,300.0135803,36308.060546875,7.75840285276688,0.00120991806278385,1,0.999253354069792,40.0298881530762,1.98035541913189,10.7399998232722,41.9815496893137,7.6998382774933,250,-0.0150139433578501,7.75689658159072,0.017408852514487,300.0132751,300.0138855,36247.8828125,36368.23828125,56.0630871703521,20.8088921852462,8.512546,0,0,0,40,4449,299.8805,36308.060546875,,,,,,,,,,,,,0,,,,18.60928915,,,,,,300.0135803,,,,
,15580091.84,300.0136719,36418.3828125,7.75760500389681,0.00146762449913348,1,0.999253354069792,40.0298881530762,1.98022920558671,10.7399998232722,41.9755519709489,7.69355837534501,250,-0.0159379537784742,7.75610278745264,0.0164810778412345,300.0134583,300.0138855,36368.23828125,36468.52734375,55.5870754021405,20.806370635347,9.256284,0,0,0,40,4449,299.8802,36418.3828125,,,,,,,,,,,,,0,,,,18.7017832,,,,,,300.0136719,,,,
,15580092.975,300.01383975,36533.666015625,7.75741560591659,0.00124195277439081,1,0.999253354069792,40.0298881530762,1.98044196062339,10.7500003650784,41.9760242073296,7.70982713492474,250,-0.0130435984864728,7.75590136029118,0.019373269337044,300.0134583,300.0142212,36468.52734375,36598.8046875,56.1686070204483,20.8046552428194,9.256284,0,0,0,40,4449,299.881,36533.666015625,,,,,,,,,,,,,0,,,,18.7017832,,,,,,300.01383975,,,,
,15580094.19,300.01446535,36653.89453125,7.76443302552151,0.000815498528332228,1,0.999253354069792,40.0298881530762,1.98034266564037,10.7399998232722,42.0142269641236,7.70409353080855,250,-0.0153343690625338,7.76292681004686,0.0171116891854408,300.0142212,300.0147095,36598.8046875,36708.984375,56.4898563418521,20.80557154328,9.256284,0,0,0,40,4449,299.88005,36653.89453125,,,,,,,,,,,,,0,,,,18.60928915,,,,,,300.01446535,,,,
,15580095.215,300.01402285,36754.115234375,7.759578536178,0.00134276485067294,1,0.999253354069792,40.0298881530762,1.98047158051691,10.7399998232722,41.9898219273937,7.70410087324254,250,-0.014522875878525,7.75807008764978,0.0179022144067835,300.0133362,300.0147095,36708.984375,36799.24609375,55.6644566255444,20.8014630802701,8.512546,0,0,0,40,4449,299.87945,36754.115234375,,,,,,,,,,,,,0,,,,18.60928915,,,,,,300.01402285,,,,
,15580096.345,300.01358035,36869.421875,7.76406412441857,0.00137629284499218,1,0.999253354069792,40.0298881530762,1.9805575538854,10.7500003650784,42.0149531907417,7.71385295256462,250,-0.0136113727600668,7.76255116426057,0.0188314614274067,300.0133362,300.0138245,36799.24609375,36939.59765625,56.5133051974291,20.8121927303196,9.256284,0,0,0,40,4449,299.88045,36869.421875,,,,,,,,,,,,,0,,,,18.7017832,,,,,,300.01358035,,,,
,15580097.61,300.01347355,36999.64453125,7.76356533708812,0.0014258732910059,1,0.999253354069792,40.0298881530762,1.98028187229438,10.7500003650784,42.0065085564831,7.71253783013026,250,-0.0135676148338635,7.76205240289815,0.0188723119914448,300.0131226,300.0138245,36939.59765625,37059.69140625,56.3616692646983,20.8038360686412,8.512546,0,0,0,40,4449,299.88075,36999.64453125,,,,,,,,,,,,,0,,,,18.6083794,,,,,,300.01347355,,,,
,15580098.665,300.0131073,37104.771484375,7.76383294321836,0.00151574039856948,1,0.999253354069792,40.0298881530762,1.98032660462637,10.7399998232722,42.0065996498263,7.72528819444158,250,-0.0112909329410419,7.76231059812693,0.021149120370787,300.013092,300.0131226,37059.69140625,37149.8515625,57.149550812083,20.8044456816046,9.256284,0,0,0,40,4449,299.88,37104.771484375,,,,,,,,,,,,,0,,,,18.7017832,,,,,,300.0131073,,,,
,15580099.655,300.0133209,37204.98828125,7.76608124029599,0.00133608798602291,1,0.999253354069792,40.0298881530762,1.98034774862041,10.7399998232722,42.022896776715,7.70767639198322,250,-0.0149781191799453,7.76457382949209,0.0174716019629902,300.013092,300.0135498,37149.8515625,37260.125,57.2722664896022,20.8085024052188,9.256284,0,0,0,40,4449,299.879,37204.98828125,,,,,,,,,,,,,0,,,,18.7017832,,,,,,300.0133209,,,,
,15580100.735,300.01338195,37315.2109375,7.76749968899254,0.00121014350629848,1,0.999253354069792,40.0298881530762,1.9804412104648,10.7500003650784,42.0334192025029,7.7045197449458,250,-0.0158896146760477,7.76599584334077,0.0165655711758187,300.0132141,300.0135498,37260.125,37370.296875,56.5852150211983,20.8063458563015,9.256284,0,0,0,40,4449,299.8789,37315.2109375,,,,,,,,,,,,,0,,,,18.6083794,,,,,,300.01338195,,,,
,15580101.785,300.01309205,37415.462890625,7.76688252060328,0.00146188904481504,1,0.999253354069792,40.0298881530762,1.98045589360493,10.7500003650784,42.0308023659815,7.70170727439319,250,-0.0163049428313125,7.76538066378244,0.016147264076714,300.01297,300.0132141,37370.296875,37460.62890625,56.2749084990636,20.805453941444,8.512546,0,0,0,40,4449,299.878,37415.462890625,,,,,,,,,,,,,0,,,,18.6083794,,,,,,300.01309205,,,,
,15580102.9,300.0133057,37525.7265625,7.76842497660643,0.00135843750358201,1,0.999253354069792,40.0298881530762,1.98046232477638,10.7500003650784,42.0370785154863,7.71514827609892,250,-0.0141101922511827,7.76691362677389,0.0183474956193689,300.01297,300.0136414,37460.62890625,37590.82421875,56.249114757929,20.8093124641841,8.512546,0,0,0,40,4449,299.8769,37525.7265625,,,,,,,,,,,,,0,,,,18.7017832,,,,,,300.0133057,,,,
,15580104.17,300.01397705,37656.009765625,7.76997533545778,0.00136118678415683,1,0.999253354069792,40.0298881530762,1.98043105716326,10.7399998232722,42.0444469639929,7.71857996826868,250,-0.0137404808947718,7.76846200945166,0.0187228289314025,300.0136414,300.0143127,37590.82421875,37721.1953125,57.2253687784484,20.8052621015141,9.256284,0,0,0,40,4449,299.8769,37656.009765625,,,,,,,,,,,,,0,,,,18.7017832,,,,,,300.01397705,,,,
,15580105.345,300.0142059,37771.24609375,7.7741393441413,0.00122858670376017,1,0.999253354069792,40.0298881530762,1.98034070411093,10.7399998232722,42.0673205044766,7.71043502096675,250,-0.015953948571975,7.7726344396512,0.0165263417536616,300.0140991,300.0143127,37721.1953125,37821.296875,55.4807739235251,20.8075486036872,8.512546,0,0,0,40,4449,299.87825,37771.24609375,,,,,,,,,,,,,0,,,,18.6083794,,,,,,300.0142059,,,,
,15580106.44,300.0145874,37881.3515625,7.77419845409882,0.00109760798915229,1,0.999253354069792,40.0298881530762,1.98055809111572,10.7399998232722,42.0728799750198,7.70735101207261,250,-0.0166868935414399,7.7726965563386,0.0157930931513809,300.0140991,300.0150757,37821.296875,37941.40625,56.3116450394675,20.8068558093204,9.256284,0,0,0,40,4449,299.87855,37881.3515625,,,,,,,,,,,,,0,,,,18.6083794,,,,,,300.0145874,,,,
,15580107.54,300.0146637,37996.48046875,7.77365449159941,0.00118184515144331,1,0.999253354069792,40.0298881530762,1.98049822611848,10.7399998232722,42.0676347210562,7.71230847849418,250,-0.0156270269592487,7.77214830952643,0.0168498906552515,300.0142517,300.0150757,37941.40625,38051.5546875,56.4281076888329,20.8024725266614,9.256284,0,0,0,40,4449,299.8777,37996.48046875,,,,,,,,,,,,,0,,,,18.6083794,,,,,,300.0146637,,,,
,15580108.555,300.01420595,38096.669921875,7.77371868338404,0.00138921873260799,1,0.999253354069792,40.0298881530762,1.98045480494432,10.7500003650784,42.0659271462819,7.71844453598585,250,-0.0144734285521695,7.77220786898837,0.0180028018324137,300.0141602,300.0142517,38051.5546875,38141.78515625,56.1334337370829,20.8037300675801,8.512546,0,0,0,40,4449,299.87865,38096.669921875,,,,,,,,,,,,,0,,,,18.79614355,,,,,,300.01420595,,,,
,15580109.57,300.0144043,38196.87890625,7.77326493323913,0.00136581679011806,1,0.999253354069792,40.0298881530762,1.98039053270641,10.7399998232722,42.0625432020527,7.71557675381897,250,-0.01487361573955,7.77175588974284,0.0176001217011443,300.0141602,300.0146484,38141.78515625,38251.97265625,56.218631245679,20.8053128157467,9.256284,0,0,0,40,4449,299.87925,38196.87890625,,,,,,,,,,,,,0,,,,18.9839077,,,,,,300.0144043,,,,
,15580110.725,300.01507565,38312.1484375,7.77442655112925,0.00130974590064857,1,0.999253354069792,40.0298881530762,1.9805679083813,10.7399998232722,42.0712628462018,7.72409376959302,250,-0.0136387088835993,7.77291196595427,0.0188391675741969,300.0146484,300.0155029,38251.97265625,38372.32421875,56.3984058051021,20.8030107779231,8.884414,0,0,0,40,4449,299.87745,38312.1484375,,,,,,,,,,,,,0,,,,18.9839077,,,,,,300.01507565,,,,
,15580111.805,300.0155029,38422.421875,7.77787953706359,0.00140053689311176,1,0.999253354069792,40.0298881530762,1.98035247962202,10.7399998232722,42.0860997284729,7.72337719681267,250,-0.0142593909690745,7.77636677130558,0.0182325368209247,300.0155029,300.0155029,38372.32421875,38472.51953125,56.5820885071214,20.8015896583164,9.256284,0,0,0,40,4449,299.87615,38422.421875,,,,,,,,,,,,,0,,,,18.79614355,,,,,,300.0155029,,,,
,15580113.65,300.01412965,38607.869140625,7.77536893547384,0.00111306980483366,1,0.999253354069792,40.0298881530762,1.98035876982974,10.7399998232722,42.0733241131461,7.71726223223791,250,-0.0149274783175279,7.77385999630093,0.0175526764938555,300.0138855,300.0143738,38602.859375,38612.87890625,55.5018778935443,20.8024668706545,9.256284,0,0,0,40,4449,299.87855,38607.869140625,,,,,,,,,,,,,0,,,,18.6083794,,,,,,300.01412965,,,,
,15580114.35,300.0138855,38677.92578125,7.77645251298233,0.00145116097447476,1,0.999253354069792,40.0298881530762,1.98052213472822,10.7399998232722,42.0823923748423,7.71993701056764,250,-0.0147483915947921,7.77494270954066,0.0177359077985168,300.0138855,300.0138855,38612.87890625,38742.97265625,56.371048806929,20.808962931324,8.512546,0,0,0,40,4449,299.87795,38677.92578125,,,,,,,,,,,,,0,,,,18.6083794,,,,,,300.0138855,,,,
,15580115.5,300.0136719,38793.103515625,7.78177273598785,0.00113872720027871,1,0.999253354069792,40.0298881530762,1.98035226673698,10.7399998232722,42.1092362239529,7.71607405175121,250,-0.0163290322015788,7.78026857332411,0.0161772545549818,300.0134583,300.0138855,38742.97265625,38843.234375,55.6034896010443,20.805768538461,9.256284,0,0,0,40,4449,299.87685,38793.103515625,,,,,,,,,,,,,0,,,,18.7017832,,,,,,300.0136719,,,,
,15580116.52,300.01368715,38893.3359375,7.78294306409399,0.00133329051582897,1,0.999253354069792,40.0298881530762,1.9804919940981,10.7500003650784,42.1185503207193,7.71732045139769,250,-0.0164132369553098,7.78143906406852,0.0160974077312632,300.0134583,300.013916,38843.234375,38943.4375,56.3429101802367,20.8053965173529,8.512546,0,0,0,40,4449,299.8764,38893.3359375,,,,,,,,,,,,,0,,,,18.7017832,,,,,,300.01368715,,,,
,15580117.625,300.01374815,39003.583984375,7.78017567484164,0.00136872690950771,1,0.999253354069792,40.0298881530762,1.98067716716681,10.7500003650784,42.1052456550438,7.72697549005705,250,-0.0142448183907312,7.77866323175148,0.0182530685947944,300.0135803,300.013916,38943.4375,39063.73046875,56.106858367429,20.80629020694,9.256284,0,0,0,40,4449,299.87715,39003.583984375,,,,,,,,,,,,,0,,,,18.79614355,,,,,,300.01374815,,,,
,15580118.73,300.01405335,39113.8125,7.7849842415804,0.00119158841024425,1,0.999253354069792,40.0298881530762,1.98054210265562,10.7500003650784,42.1301733688431,7.72203113615991,250,-0.0159548128919161,7.78347793175351,0.0165629711535224,300.0135803,300.0145264,39063.73046875,39163.89453125,55.7926437026982,20.8059395590504,9.256284,0,0,0,40,4449,299.8761,39113.8125,,,,,,,,,,,,,0,,,,18.79614355,,,,,,300.01405335,,,,
,15580119.755,300.01409915,39218.98828125,7.78293071876599,0.00131420587823094,1,0.999253354069792,40.0298881530762,1.98048728896175,10.7399998232722,42.1168763834833,7.72543313401848,250,-0.0149062070766144,7.78142047323928,0.0176023441951299,300.0136719,300.0145264,39163.89453125,39274.08203125,56.607882248256,20.8046790190695,9.256284,0,0,0,40,4449,299.8746,39218.98828125,,,,,,,,,,,,,0,,,,18.79614355,,,,,,300.01409915,,,,
,15580120.905,300.0131836,39334.283203125,7.78328959196857,0.0013587941646302,1,0.999253354069792,40.0298881530762,1.98033743135924,10.7399998232722,42.1143900201219,7.73234800456552,250,-0.0135882084662376,7.78177410966553,0.0189207577703086,300.0126953,300.0136719,39274.08203125,39394.484375,55.6308465992174,20.8077266381456,9.256284,0,0,0,40,4449,299.87555,39334.283203125,,,,,,,,,,,,,0,,,,18.79614355,,,,,,300.0131836,,,,
,15580122.04,300.01309205,39444.970703125,7.78508288036047,0.00144424534463769,1,0.999253354069792,40.0298881530762,1.98058585739787,10.7399998232722,42.1308123013514,7.72663823552866,250,-0.0151504419573064,7.78357364463627,0.0173657171192425,300.0126953,300.0134888,39394.484375,39495.45703125,56.8423708040252,20.804824060233,9.256284,0,0,0,40,4449,299.8751,39444.970703125,,,,,,,,,,,,,0,,,,18.6083794,,,,,,300.01309205,,,,
,15580123.09,300.0137787,39550.703125,7.7847666358009,0.00124524278156678,1,0.999253354069792,40.0298881530762,1.98020669745307,10.7399998232722,42.1203919768187,7.72942085820939,250,-0.0143099157244592,7.78325381913301,0.0182040932112317,300.0134888,300.0140686,39495.45703125,39605.94921875,57.0799858738714,20.8008398873133,8.512546,0,0,0,40,4449,299.87525,39550.703125,,,,,,,,,,,,,0,,,,18.6083794,,,,,,300.0137787,,,,
,15580124.215,300.01338195,39666.125,7.78636985950683,0.00133807417517478,1,0.999253354069792,40.0298881530762,1.98042720973349,10.7399998232722,42.1331490312719,7.73451805037584,250,-0.0138194478690887,7.78485484727394,0.0187004968184203,300.0126953,300.0140686,39605.94921875,39726.30078125,57.0948368157368,20.8069498877326,8.512546,0,0,0,40,4449,299.87495,39666.125,,,,,,,,,,,,,0,,,,18.6083794,,,,,,300.01338195,,,,
,15580125.415,300.01345825,39786.4765625,7.78780984221019,0.00142598694486226,1,0.999253354069792,40.0298881530762,1.98048678043078,10.7500003650784,42.1433023063836,7.73010867814775,250,-0.0149429927742279,7.78629925731489,0.0175826861204001,300.0126953,300.0142212,39726.30078125,39846.65234375,56.4976726270444,20.8050092674653,9.256284,0,0,0,40,4449,299.8732,39786.4765625,,,,,,,,,,,,,0,,,,18.6083794,,,,,,300.01345825,,,,
,15580126.54,300.013443,39896.689453125,7.78781857433299,0.00141161492085188,1,0.999253354069792,40.0298881530762,1.98031848933198,10.7500003650784,42.1400453905703,7.72846082359752,250,-0.0151300604991184,7.78630884567839,0.0173949284594778,300.0126648,300.0142212,39846.65234375,39946.7265625,55.8911288961213,20.8025166917979,9.256284,0,0,0,40,4449,299.87395,39896.689453125,,,,,,,,,,,,,0,,,,18.6083794,,,,,,300.013443,,,,
,15580128.69,300.0137482,40009.658203125,7.79071226383557,0.00118818257983692,1,0.999253354069792,40.0298881530762,1.98033533310128,10.7399998232722,42.1562325966843,7.73042682816937,250,-0.0153142695648712,7.78920269792549,0.0172221482507898,300.0131226,300.0143738,40000.2421875,40019.07421875,56.4843849422175,20.8078290357437,9.256284,0,0,0,40,4417,299.874,40009.658203125,,,,,,,,,,,,,0,,,,18.79614355,,,,,,300.0137482,,,,
,15580142.11,300.0126343,39960.0546875,7.79083598354049,0.000892965602770928,1,0.999253354069792,40.0298881530762,1.98039005401106,10.7399998232722,42.1577460539083,7.73233908899819,250,-0.0150238826751836,7.78932534433511,0.0175146353452398,300.0126343,300.0126343,39955.98046875,39964.12890625,56.2233210167944,20.8004111324017,8.884414,0,0,0,40,4449,299.8635,39960.0546875,,,,,,,,,,,,,0,,,,18.4233913,,,,,,300.0126343,,,,
,15580142.775,300.01301575,39899.52734375,7.7891153539977,0.0012064156398801,1,0.999253354069792,40.0298881530762,1.9803744780772,10.7399998232722,42.1475475793285,7.73361316949234,250,-0.0144583673797812,7.78760258833115,0.0180728797781011,300.0126343,300.0133972,39843.07421875,39955.98046875,56.2936675835252,20.8038087382476,8.512546,0,0,0,40,4449,299.86615,39899.52734375,,,,,,,,,,,,,0,,,,18.60928915,,,,,,300.01301575,,,,
,15580143.875,300.0136261,39796.306640625,7.79176934782793,0.00152034167401391,1,0.999253354069792,40.0298881530762,1.98013834129164,10.7399998232722,42.1585658660315,7.72692413456436,250,-0.0160210853166331,7.79026237451106,0.0165217975589487,300.0133972,300.013855,39749.5390625,39843.07421875,56.6672860157175,20.8050837599069,8.512546,0,0,0,40,4449,299.8692,39796.306640625,,,,,,,,,,,,,0,,,,18.7017832,,,,,,300.0136261,,,,
,15580144.86,300.01313785,39705.8046875,7.78786628656496,0.00125009469297065,1,0.999253354069792,40.0298881530762,1.98043530289463,10.7399998232722,42.1433359951084,7.72567207340171,250,-0.0157383350565433,7.78635901507625,0.0167886761433429,300.0124207,300.013855,39662.0703125,39749.5390625,57.1503324406022,20.8030995692505,9.256284,0,0,0,40,4449,299.8697,39705.8046875,,,,,,,,,,,,,0,,,,18.6083794,,,,,,300.01313785,,,,
,15580145.96,300.0130768,39597.275390625,7.78671530938901,0.00149365585797841,1,0.999253354069792,40.0298881530762,1.98038964207334,10.7399998232722,42.1353570602354,7.7286862246201,250,-0.0149361513768492,7.78520488454024,0.017586453034446,300.0124207,300.0137329,39532.48046875,39662.0703125,56.8845787440637,20.8056528166567,8.512546,0,0,0,40,4449,299.87045,39597.275390625,,,,,,,,,,,,,0,,,,18.6083794,,,,,,300.0130768,,,,
,15580147,300.01327515,39492.533203125,7.7884115549692,0.00118933571447689,1,0.999253354069792,40.0298881530762,1.98029147171404,10.7500003650784,42.1432436189571,7.72597165170277,250,-0.0156839394613168,7.78690380312568,0.0168464322822801,300.0128174,300.0137329,39452.5859375,39532.48046875,56.2162863601213,20.8042563181462,8.512546,0,0,0,40,4449,299.87125,39492.533203125,,,,,,,,,,,,,0,,,,18.79614355,,,,,,300.01327515,,,,
,15580147.96,300.0132904,39397.712890625,7.78574688065449,0.00128551878579712,1,0.999253354069792,40.0298881530762,1.98057562934133,10.7500003650784,42.1338963500456,7.72885712053819,250,-0.0148568995796868,7.78423615911107,0.0176626993435782,300.0128174,300.0137634,39342.83984375,39452.5859375,56.0208792303136,20.8053754933502,9.256284,0,0,0,40,4449,299.87165,39397.712890625,,,,,,,,,,,,,0,,,,18.9839077,,,,,,300.0132904,,,,
,15580149.035,300.0128784,39288.060546875,7.78409395434835,0.00126712597680665,1,0.999253354069792,40.0298881530762,1.98035371522084,10.7399998232722,42.1214004423348,7.72069567439578,250,-0.0159035464599523,7.78258801511683,0.0166097944385963,300.0119934,300.0137634,39233.28125,39342.83984375,56.8040710065829,20.8039853201432,9.256284,0,0,0,40,4449,299.87345,39288.060546875,,,,,,,,,,,,,0,,,,18.88954735,,,,,,300.0128784,,,,
,15580150.055,300.0128479,39188.533203125,7.7845290232792,0.00123438720285584,1,0.999253354069792,40.0298881530762,1.98063963625877,10.7399998232722,42.1287265810444,7.72739206660853,250,-0.0149477112423547,7.78301898185133,0.0175675810858497,300.0119934,300.0137024,39143.78515625,39233.28125,56.2428617297752,20.80276289264,9.256284,0,0,0,40,4449,299.8756,39188.533203125,,,,,,,,,,,,,0,,,,18.7017832,,,,,,300.0128479,,,,
,15580151.05,300.01350405,39089.04296875,7.78737930417054,0.0011844606569896,1,0.999253354069792,40.0298881530762,1.9805225690785,10.7399998232722,42.1430014503078,7.72286972964313,250,-0.0162301972274006,7.78587381436428,0.0162976871666366,300.0133057,300.0137024,39034.30078125,39143.78515625,56.2358270731021,20.8040348185502,8.512546,0,0,0,40,4449,299.87695,39089.04296875,,,,,,,,,,,,,0,,,,18.6083794,,,,,,300.01350405,,,,
,15580152.135,300.0135193,38979.59375,7.78273922024927,0.000999005622254578,1,0.999253354069792,40.0298881530762,1.98050923275524,10.7500003650784,42.1181177559836,7.71549875337681,250,-0.016723742080353,7.78123666172768,0.0157855296281533,300.0133057,300.0137329,38924.88671875,39034.30078125,56.6532167023714,20.8019900135588,9.256284,0,0,0,40,4449,299.8769,38979.59375,,,,,,,,,,,,,0,,,,18.79614355,,,,,,300.0135193,,,,
,15580153.165,300.01364135,38880.087890625,7.78043781581063,0.00151013510762989,1,0.999253354069792,40.0298881530762,1.98039427045662,10.7399998232722,42.1019053800143,7.72018789749742,250,-0.0153499729145622,7.77892989501776,0.0171499838459576,300.0135498,300.0137329,38835.2890625,38924.88671875,55.8864391250059,20.8010915989059,9.256284,0,0,0,40,4449,299.8771,38880.087890625,,,,,,,,,,,,,0,,,,18.9839077,,,,,,300.01364135,,,,
,15580154.26,300.01371765,38770.701171875,7.78179577158639,0.00124757946169404,1,0.999253354069792,40.0298881530762,1.9803069727773,10.7399998232722,42.1079447524431,7.71849551288228,250,-0.0158538344172878,7.78028960380839,0.016652479184264,300.0135498,300.0138855,38706.11328125,38835.2890625,56.516431711506,20.8060192871822,9.256284,0,0,0,40,4449,299.8777,38770.701171875,,,,,,,,,,,,,0,,,,18.79614355,,,,,,300.01371765,,,,
,15580155.48,300.01480105,38646.427734375,7.77935080933958,0.0012178683536318,1,0.999253354069792,40.0298881530762,1.98039625229742,10.7500003650784,42.0953510221001,7.72295089362949,250,-0.0146402422247518,7.77783968917737,0.0178563175746386,300.0138855,300.0157166,38586.7421875,38706.11328125,56.6837002146214,20.8003393221985,9.256284,0,0,0,40,4449,299.87805,38646.427734375,,,,,,,,,,,,,0,,,,18.7017832,,,,,,300.01480105,,,,
,15580156.55,300.0151978,38541.9375,7.77993581292374,0.0013616604145062,1,0.999253354069792,40.0298881530762,1.98055134778679,10.7399998232722,42.1026791564911,7.71901030475407,250,-0.0155865992089651,7.77842837209538,0.0169130332108032,300.014679,300.0157166,38497.1328125,38586.7421875,57.1964485232368,20.8052550377092,8.512546,0,0,0,40,4449,299.87955,38541.9375,,,,,,,,,,,,,0,,,,18.88954735,,,,,,300.0151978,,,,
,15580157.61,300.01451115,38437.408203125,7.77733424522236,0.00114059781113662,1,0.999253354069792,40.0298881530762,1.98030418846005,10.7399998232722,42.0817921432022,7.7245828327918,250,-0.0139008710070001,7.77582043583462,0.0185880815960922,300.0143433,300.014679,38377.68359375,38497.1328125,57.0182372208522,20.8082249746467,8.512546,0,0,0,40,4449,299.88035,38437.408203125,,,,,,,,,,,,,0,,,,18.88954735,,,,,,300.01451115,,,,
,15580158.765,300.01469425,38322.89453125,7.77850043197562,0.00123491242139548,1,0.999253354069792,40.0298881530762,1.9803428709152,10.7399998232722,42.0902486891987,7.71863226320848,250,-0.0152451973348378,7.77699187170616,0.0172497208636806,300.0143433,300.0150452,38268.10546875,38377.68359375,56.9392927404099,20.80368391944,8.512546,0,0,0,40,4449,299.8793,38322.89453125,,,,,,,,,,,,,0,,,,18.7017832,,,,,,300.01469425,,,,
,15580159.69,300.0150452,38233.220703125,7.77539167087588,0.00135400730823142,1,0.999253354069792,40.0298881530762,1.9803428709152,10.7399998232722,42.0733636322171,7.71588378112366,250,-0.015177509250649,7.77388329730895,0.0173050248201653,300.0150452,300.0150452,38198.3359375,38268.10546875,57.0815491309099,20.80368391944,8.512546,0,0,0,40,4449,299.8787,38233.220703125,,,,,,,,,,,,,0,,,,18.6083794,,,,,,300.0150452,,,,
,15580160.64,300.01495365,38138.548828125,7.77650869711212,0.00107742143579288,1,0.999253354069792,40.0298881530762,1.98055033378541,10.7500003650784,42.0847838249635,7.71197625563336,250,-0.0162530919189985,7.7750045775643,0.0162347415722298,300.0148621,300.0150452,38078.76171875,38198.3359375,56.4460851447752,20.8005071999012,9.256284,0,0,0,40,4449,299.8799,38138.548828125,,,,,,,,,,,,,0,,,,18.6083794,,,,,,300.01495365,,,,
,15580161.71,300.0150452,38028.98046875,7.77515851635143,0.00131856466270627,1,0.999253354069792,40.0298881530762,1.98071611203133,10.7399998232722,42.0776364788818,7.72893149855223,250,-0.0129858311251682,7.77364092910559,0.0194963979257357,300.0148621,300.0152283,37979.19921875,38078.76171875,56.5813068786021,20.8052940403419,8.512546,0,0,0,40,4449,299.8796,38028.98046875,,,,,,,,,,,,,0,,,,18.51588535,,,,,,300.0150452,,,,
,15580162.73,300.0153656,37924.47265625,7.77511077779985,0.00131273923345771,1,0.999253354069792,40.0298881530762,1.98030428571524,10.7399998232722,42.0700904608998,7.72059414760299,250,-0.0142293244587666,7.77359822945472,0.0182537301614353,300.0152283,300.0155029,37869.74609375,37979.19921875,55.9778896617559,20.8050378624644,8.884414,0,0,0,40,4449,299.87845,37924.47265625,,,,,,,,,,,,,0,,,,18.4233913,,,,,,300.0153656,,,,
,15580163.86,300.0152435,37814.9296875,7.77001756891229,0.00155388614781621,1,0.999253354069792,40.0298881530762,1.98027973011594,10.7399998232722,42.0410203263601,7.72085211050333,250,-0.0132206783451052,7.768501810527,0.019241539692365,300.0149841,300.0155029,37760.11328125,37869.74609375,56.0654320559098,20.8029445838077,9.256284,0,0,0,40,4449,299.87855,37814.9296875,,,,,,,,,,,,,0,,,,18.4233913,,,,,,300.0152435,,,,
,15580164.915,300.0147247,37710.25,7.77414109508407,0.00128566127253343,1,0.999253354069792,40.0298881530762,1.98040350386557,10.7399998232722,42.0685118443534,7.7113139705936,250,-0.0158359359362816,7.77263553989617,0.0166444290573058,300.0144653,300.0149841,37660.38671875,37760.11328125,56.7071490701983,20.8084169864826,9.256284,0,0,0,40,4449,299.8804,37710.25,,,,,,,,,,,,,0,,,,18.24117085,,,,,,300.0147247,,,,
,15580166.01,300.01475525,37600.611328125,7.77030359974683,0.00165608529049437,1,0.999253354069792,40.0298881530762,1.98043500367547,10.7399998232722,42.047388567527,7.713069952409,250,-0.0148227063538369,7.76879450323154,0.0176422190223284,300.0144653,300.0150452,37540.8359375,37660.38671875,56.5969394489868,20.8059898060364,9.256284,0,0,0,40,4449,299.8793,37600.611328125,,,,,,,,,,,,,0,,,,18.0589504,,,,,,300.01475525,,,,
,15580167.26,300.0157013,37475.96875,7.76861488191193,0.00114488536306001,1,0.999253354069792,40.0298881530762,1.98025580300344,10.7500003650784,42.0334490138454,7.71658754972174,250,-0.0137343713809184,7.76710121173574,0.0187243044535328,300.0150452,300.0163574,37411.1015625,37540.8359375,56.8251749766022,20.802015837608,8.512546,0,0,0,40,4449,299.8771,37475.96875,,,,,,,,,,,,,0,,,,18.1496143,,,,,,300.0157013,,,,
,15580168.455,300.01638795,37356.259765625,7.77086847519566,0.001266720805619,1,0.999253354069792,40.0298881530762,1.98043126116634,10.7399998232722,42.0496029240139,7.71772264896165,250,-0.0140663407945961,7.76935546970264,0.0184025520199606,300.0163574,300.0164185,37301.41796875,37411.1015625,56.9166255133522,20.8051805365373,8.512546,0,0,0,40,4449,299.87695,37356.259765625,,,,,,,,,,,,,0,,,,18.4243288,,,,,,300.01638795,,,,
,15580169.525,300.01602175,37251.529296875,7.76531714874584,0.0014592282059115,1,0.999253354069792,40.0298881530762,1.98001304446185,10.7500003650784,42.0100167016209,7.71543296630852,250,-0.0131671380084292,7.76380155464463,0.0192790058828916,300.015625,300.0164185,37201.640625,37301.41796875,56.6493085597752,20.8016014715655,8.512546,0,0,0,40,4449,299.87695,37251.529296875,,,,,,,,,,,,,0,,,,18.6083794,,,,,,300.01602175,,,,
,15580170.605,300.01605225,37141.8515625,7.76689177928511,0.00132005475326497,1,0.999253354069792,40.0298881530762,1.98030237497659,10.7500003650784,42.0264891754591,7.70749706843004,250,-0.0151302688946959,7.76538399058329,0.0173235823094848,300.015625,300.0164795,37082.0625,37201.640625,55.585512145102,20.8047175758794,8.512546,0,0,0,40,4449,299.87635,37141.8515625,,,,,,,,,,,,,0,,,,18.7017832,,,,,,300.01605225,,,,
,15580171.69,300.01651,37032.21484375,7.76708075153774,0.00131845942242477,1,0.999253354069792,40.0298881530762,1.98031599771181,10.7399998232722,42.0272280401434,7.71078146860122,250,-0.0145682522830087,7.76557038633237,0.0178868970741379,300.0164795,300.0165405,36982.3671875,37082.0625,55.8887840105636,20.8066967398518,8.884414,0,0,0,40,4449,299.8766,37032.21484375,,,,,,,,,,,,,0,,,,18.88954735,,,,,,300.01651,,,,
,15580172.665,300.0166168,36937.494140625,7.76666823213166,0.00149137477967224,1,0.999253354069792,40.0298881530762,1.98047386543351,10.7399998232722,42.0294645336827,7.70449197390189,250,-0.015765742764588,7.7651628780444,0.0166884011043347,300.0165405,300.0166931,36892.62109375,36982.3671875,56.1787681911983,20.8095987917595,9.256284,0,0,0,40,4449,299.8773,36937.494140625,,,,,,,,,,,,,0,,,,18.79614355,,,,,,300.0166168,,,,
,15580173.76,300.01712035,36827.7734375,7.76525182753137,0.0010515051929539,1,0.999253354069792,40.0298881530762,1.9805958784384,10.7399998232722,42.0235901037621,7.70750506102566,250,-0.015032649383068,7.76374346241409,0.0174163812498339,300.0166931,300.0175476,36762.92578125,36892.62109375,56.8681645451599,20.8035868976347,8.512546,0,0,0,40,4449,299.87495,36827.7734375,,,,,,,,,,,,,0,,,,18.79614355,,,,,,300.01712035,,,,
,15580174.925,300.01734925,36713.033203125,7.76345965042844,0.00147497964916326,1,0.999253354069792,40.0298881530762,1.98045193778707,10.7399998232722,42.0104415853372,7.7077189983905,250,-0.0145605912967125,7.76194953366817,0.0178816598103415,300.0171509,300.0175476,36663.140625,36762.92578125,56.6328943608714,20.8109098477992,9.256284,0,0,0,40,4449,299.874,36713.033203125,,,,,,,,,,,,,0,,,,18.9839077,,,,,,300.01734925,,,,
,15580176.07,300.01698305,36598.259765625,7.76283408004672,0.00149706260054532,1,0.999253354069792,40.0298881530762,1.98037450217368,10.7399998232722,42.005775519139,7.70507339975552,250,-0.0148800436802253,7.76132546467779,0.0175603416374852,300.0168152,300.0171509,36533.37890625,36663.140625,56.0083731740059,20.8013439175767,8.512546,0,0,0,40,4449,299.874,36598.259765625,,,,,,,,,,,,,0,,,,18.79614355,,,,,,300.01698305,,,,
,15580177.24,300.0169983,36478.52734375,7.76210873984394,0.00129318591347253,1,0.999253354069792,40.0298881530762,1.9801830391337,10.7399998232722,41.9980030332396,7.70301402103793,250,-0.0149927927078604,7.76060065899232,0.0174454178128631,300.0168152,300.0171814,36423.67578125,36533.37890625,56.8071975206598,20.8049041391953,8.884414,0,0,0,40,4449,299.87305,36478.52734375,,,,,,,,,,,,,0,,,,18.79614355,,,,,,300.0169983,,,,
,15580178.24,300.01693725,36378.712890625,7.76109521505588,0.001402966512086,1,0.999253354069792,40.0298881530762,1.98028526620116,10.7399998232722,41.9931208062095,7.71055422885156,250,-0.0134832916923973,7.75958097938349,0.0189511116874008,300.0166931,300.0171814,36333.75,36423.67578125,57.1143775287176,20.806920236885,8.512546,0,0,0,40,4449,299.87195,36378.712890625,,,,,,,,,,,,,0,,,,18.79614355,,,,,,300.01693725,,,,
,15580179.25,300.0173187,36278.603515625,7.75972015405226,0.0011301344657796,1,0.999253354069792,40.0298881530762,1.98054275220176,10.7500003650784,41.9930480915606,7.6991436521011,250,-0.0155191261855484,7.75821452273534,0.0169107031659287,300.0166931,300.0179443,36223.45703125,36333.75,56.567237565256,20.8047850746822,8.512546,0,0,0,40,4449,299.87065,36278.603515625,,,,,,,,,,,,,0,,,,18.6083794,,,,,,300.0173187,,,,
,15580180.405,300.01782225,36163.537109375,7.76125049710814,0.00129087295844951,1,0.999253354069792,40.0298881530762,1.98057774092759,10.7399998232722,42.0034535678034,7.69323752983953,250,-0.0169197979136565,7.75975019996153,0.0155173994397807,300.0177002,300.0179443,36103.6171875,36223.45703125,56.1498479359867,20.8044779578962,8.512546,0,0,0,40,4449,299.8706,36163.537109375,,,,,,,,,,,,,0,,,,18.6083794,,,,,,300.01782225,,,,
,15580181.48,300.017395,36053.66796875,7.75715608750054,0.00129489836992989,1,0.999253354069792,40.0298881530762,1.98043710979711,10.7500003650784,41.9761035556196,7.70096618691913,250,-0.0146340022766433,7.75564713329933,0.0177862105125566,300.0170898,300.0177002,36003.71875,36103.6171875,55.5089125502174,20.8059850999815,9.256284,0,0,0,40,4449,299.8711,36053.66796875,,,,,,,,,,,,,0,,,,18.6083794,,,,,,300.017395,,,,
,15580182.575,300.0175476,35943.77734375,7.75683774142656,0.00157778875241383,1,0.999253354069792,40.0298881530762,1.98022884538413,10.7399998232722,41.968255834738,7.70967103977008,250,-0.0128203678726351,7.75532114990805,0.0195989770266772,300.0170898,300.0180054,35883.8359375,36003.71875,56.9103724851983,20.8042068425066,9.256284,0,0,0,40,4449,299.8697,35943.77734375,,,,,,,,,,,,,0,,,,18.79614355,,,,,,300.0175476,,,,
,15580183.71,300.01701355,35833.951171875,7.75551097072543,0.00126410018075845,1,0.999253354069792,40.0298881530762,1.9803918110294,10.7399998232722,41.964452212462,7.70893740919683,250,-0.0128253064862162,7.75399473619652,0.019589387514135,300.0160217,300.0180054,35784.06640625,35883.8359375,56.218631245679,20.8051382702843,8.884414,0,0,0,40,4449,299.8678,35833.951171875,,,,,,,,,,,,,0,,,,18.79614355,,,,,,300.01701355,,,,
,15580184.78,300.0162506,35729.146484375,7.75408221648762,0.00149960148276281,1,0.999253354069792,40.0298881530762,1.98038594899652,10.7500003650784,41.9580515796639,7.69967144042317,250,-0.0142701220175763,7.75257244921969,0.0181397179014583,300.0160217,300.0164795,35674.2265625,35784.06640625,56.0521443710829,20.8039150827819,9.256284,0,0,0,40,4449,299.8662,35729.146484375,,,,,,,,,,,,,0,,,,18.6083794,,,,,,300.0162506,,,,
,15580185.92,300.01635745,35614.3046875,7.75227666982199,0.00114460092527394,1,0.999253354069792,40.0298881530762,1.9805881630586,10.7399998232722,41.9538559821734,7.69110967796144,250,-0.0156605089288288,7.75077297434285,0.0167428474570698,300.0162354,300.0164795,35554.3828125,35674.2265625,55.615995657352,20.8074364545079,8.512546,0,0,0,40,4449,299.8654,35614.3046875,,,,,,,,,,,,,0,,,,18.79614355,,,,,,300.01635745,,,,
,15580187.055,300.01672365,35499.5390625,7.75347542825259,0.00117489104638181,1,0.999253354069792,40.0298881530762,1.98037785299325,10.7399998232722,41.9555437177016,7.69394509819943,250,-0.0152119959503721,7.75196944478606,0.0171969772173256,300.0162354,300.0172119,35444.6953125,35554.3828125,56.5680191937752,20.8004142526208,8.512546,0,0,0,40,4449,299.86525,35499.5390625,,,,,,,,,,,,,0,,,,18.9839077,,,,,,300.01672365,,,,
,15580188.105,300.0175934,35394.810546875,7.75524239624015,0.00127887268723611,1,0.999253354069792,40.0298881530762,1.98034185172274,10.7500003650784,41.9637676066869,7.69875304844859,250,-0.0146262155647248,7.75373328794182,0.0177907634884196,300.0172119,300.0179749,35344.92578125,35444.6953125,56.4968909985252,20.8069271971707,9.256284,0,0,0,40,4449,299.8643,35394.810546875,,,,,,,,,,,,,0,,,,18.9839077,,,,,,300.0175934,,,,
,15580189.205,300.01739505,35285.06640625,7.75097763651264,0.00113352580641674,1,0.999253354069792,40.0298881530762,1.98028567080054,10.7500003650784,41.9403566276948,7.68984960772815,250,-0.0154429647837048,7.74947278379218,0.0169571807334948,300.0168152,300.0179749,35225.20703125,35344.92578125,56.0044650314098,20.8111258251332,8.512546,0,0,0,40,4449,299.8629,35285.06640625,,,,,,,,,,,,,0,,,,18.9839077,,,,,,300.01739505,,,,
,15580190.39,300.01628115,35165.20703125,7.75215716853686,0.00117965459401675,1,0.999253354069792,40.0298881530762,1.98054640971574,10.7399998232722,41.9502033901519,7.70238463297004,250,-0.0135278799920639,7.75064431807398,0.0188775732593375,300.0157471,300.0168152,35105.20703125,35225.20703125,57.0518472471791,20.803306095116,8.884414,0,0,0,40,4449,299.86245,35165.20703125,,,,,,,,,,,,,0,,,,18.79614355,,,,,,300.01628115,,,,
,15580191.475,300.01591495,35060.365234375,7.74883571132544,0.00126501490709094,1,0.999253354069792,40.0298881530762,1.98046310169193,10.7399998232722,41.9316656909584,7.69253262651691,250,-0.0146755715108416,7.7473283703452,0.0177169128777403,300.0157471,300.0160828,35015.5234375,35105.20703125,56.6219515616021,20.8049541180449,9.256284,0,0,0,40,4449,299.86195,35060.365234375,,,,,,,,,,,,,0,,,,18.6083794,,,,,,300.01591495,,,,
,15580192.555,300.0165253,34950.509765625,7.74839304862133,0.00133999321623716,1,0.999253354069792,40.0298881530762,1.98042964363435,10.7399998232722,41.9287121845037,7.69124284213961,250,-0.0148092038467608,7.74688611043579,0.0175822059073461,300.0160828,300.0169678,34885.49609375,35015.5234375,56.421854660679,20.8075429600419,9.256284,0,0,0,40,4449,299.86115,34950.509765625,,,,,,,,,,,,,0,,,,18.7017832,,,,,,300.0165253,,,,
,15580193.665,300.0172272,34835.630859375,7.74583815986738,0.00143168230183022,1,0.999253354069792,40.0298881530762,1.98039139614436,10.7399998232722,41.9126599376241,7.69630695943714,250,-0.0133731335197315,7.74432547269807,0.0190079689687231,300.0169678,300.0174866,34785.765625,34885.49609375,56.5586396515444,20.8055339171625,9.256284,0,0,0,40,4449,299.86125,34835.630859375,,,,,,,,,,,,,0,,,,18.88954735,,,,,,300.0172272,,,,
,15580194.61,300.0171509,34745.8203125,7.74525705900753,0.00133119374396353,1,0.999253354069792,40.0298881530762,1.98046279872544,10.7500003650784,41.9128588447137,7.6859168375263,250,-0.0152367268353791,7.74375224698896,0.0171428968577533,300.0168152,300.0174866,34705.875,34785.765625,56.3647957787752,20.8071544714783,9.256284,0,0,0,40,4449,299.8609,34745.8203125,,,,,,,,,,,,,0,,,,18.79614355,,,,,,300.0171509,,,,
,15580195.62,300.01657105,34646.08984375,7.74425400546791,0.00155691674087006,1,0.999253354069792,40.0298881530762,1.98018065942909,10.7399998232722,41.9006261962079,7.68915020825295,250,-0.0142562702222999,7.74274539044095,0.0181197330417804,300.0163269,300.0168152,34586.3046875,34705.875,55.9692917480444,20.8037809105976,8.512546,0,0,0,40,4449,299.85945,34646.08984375,,,,,,,,,,,,,0,,,,18.6083794,,,,,,300.01657105,,,,
,15580196.815,300.01644895,34526.412109375,7.7476876706372,0.00101565421242546,1,0.999253354069792,40.0298881530762,1.98042192441268,10.7399998232722,41.9243976769939,7.69233155732697,250,-0.0144739609413371,7.74617928247524,0.017916679227904,300.0163269,300.016571,34466.51953125,34586.3046875,56.8939582862945,20.8034403140905,8.884414,0,0,0,40,4449,299.8631,34526.412109375,,,,,,,,,,,,,0,,,,18.6083794,,,,,,300.01644895,,,,
,15580197.93,300.01681515,34416.572265625,7.74182948856011,0.0014632090230691,1,0.999253354069792,40.0298881530762,1.98032530595559,10.7399998232722,41.8910608923746,7.68422339408594,250,-0.0148189999760437,7.74032363212039,0.0175471408948929,300.016571,300.0170593,34366.625,34466.51953125,56.2647473283136,20.8016761860248,8.512546,0,0,0,40,4449,299.8688,34416.572265625,,,,,,,,,,,,,0,,,,18.6083794,,,,,,300.01681515,,,,
,15580198.975,300.01651,34311.712890625,7.74281550655542,0.00141014532727843,1,0.999253354069792,40.0298881530762,1.98036564336169,10.7399998232722,41.8979909517444,7.68124396268162,250,-0.0155815365743013,7.74131266081971,0.0167895595138165,300.0159607,300.0170593,34256.80078125,34366.625,55.9395898643136,20.8116023544454,8.512546,0,0,0,40,4449,299.8683,34311.712890625,,,,,,,,,,,,,0,,,,18.6083794,,,,,,300.01651,,,,
,15580200.205,300.0162964,34186.9140625,7.74099694653605,0.00137065279635521,1,0.999253354069792,40.0298881530762,1.9802356884892,10.7500003650784,41.8842928267156,7.6852922457482,250,-0.014406036843564,7.73948951695781,0.0179582620481531,300.0159607,300.0166321,34117.02734375,34256.80078125,56.7759323798906,20.8109614984715,8.512546,0,0,0,40,4449,299.86585,34186.9140625,,,,,,,,,,,,,0,,,,18.79614355,,,,,,300.0162964,,,,
,15580201.43,300.0155945,34062.005859375,7.73874463921049,0.00147371725499765,1,0.999253354069792,40.0298881530762,1.98038560969672,10.7399998232722,41.8740364753236,7.68989312600678,250,-0.0132436745207346,7.73723292444995,0.0191118385671854,300.0145569,300.0166321,34006.984375,34117.02734375,56.0810646262944,20.808462459471,8.512546,0,0,0,40,4449,299.8648,34062.005859375,,,,,,,,,,,,,0,,,,18.9839077,,,,,,300.0155945,,,,
,15580202.535,300.01564025,33952.1484375,7.73962592197186,0.00139434060745142,1,0.999253354069792,40.0298881530762,1.98018757087026,10.7399998232722,41.8738982762202,7.69444994869612,250,-0.0124265405762981,7.73811053774596,0.0199331406581843,300.0145569,300.0167236,33897.3125,34006.984375,56.6563432164483,20.805210388962,9.256284,0,0,0,40,4449,299.86475,33952.1484375,,,,,,,,,,,,,0,,,,18.9839077,,,,,,300.01564025,,,,
,15580203.625,300.01637265,33847.33984375,7.73863948909468,0.00129651393242018,1,0.999253354069792,40.0298881530762,1.98045353850456,10.7399998232722,41.8752862326,7.68778215478248,250,-0.0136632665097905,7.73712919938683,0.0186932426417722,300.0160217,300.0167236,33797.3671875,33897.3125,57.2824276603522,20.8063523713144,9.256284,0,0,0,40,4449,299.86405,33847.33984375,,,,,,,,,,,,,0,,,,18.9839077,,,,,,300.01637265,,,,
,15580204.57,300.01551815,33752.517578125,7.73779053100556,0.00134995829455318,1,0.999253354069792,40.0298881530762,1.98046858250757,10.7399998232722,41.8728852602302,7.67684710542115,250,-0.0155386256658209,7.73628842746729,0.0168154530646388,300.0150146,300.0160217,33707.66796875,33797.3671875,56.5602029085829,20.8038663935737,9.256284,0,0,0,40,4449,299.8626,33752.517578125,,,,,,,,,,,,,0,,,,18.79614355,,,,,,300.01551815,,,,
,15580205.545,300.0158844,33652.779296875,7.73831438221885,0.00110312024852458,1,0.999253354069792,40.0298881530762,1.98044077694073,10.7399998232722,41.8748062260229,7.67909219976589,250,-0.0152020568160576,7.73681058458919,0.0171549488448063,300.0150146,300.0167542,33597.890625,33707.66796875,56.6844818431406,20.8070313224306,9.256284,0,0,0,40,4449,299.86085,33652.779296875,,,,,,,,,,,,,0,,,,18.79614355,,,,,,300.0158844,,,,
,15580206.69,300.0149994,33537.90234375,7.73361004650931,0.00141405957264914,1,0.999253354069792,40.0298881530762,1.98019382627476,10.7399998232722,41.8431623496477,7.67941300777866,250,-0.0140986625735903,7.73210276375574,0.0182392614308674,300.0132446,300.0167542,33477.9140625,33597.890625,56.4585912010829,20.8088813295886,8.512546,0,0,0,40,4449,299.85975,33537.90234375,,,,,,,,,,,,,0,,,,18.9839077,,,,,,300.0149994,,,,
,15580207.675,300.01481625,33438.03125,7.73253524778846,0.00147180804428627,1,0.999253354069792,40.0298881530762,1.98014074507115,10.7399998232722,41.8364841319208,7.67689949697671,250,-0.0143275584931024,7.73102913724736,0.0180064941325579,300.0132446,300.0163879,33398.1484375,33477.9140625,55.7895171886213,20.8021201593977,9.256284,0,0,0,40,4449,299.8598,33438.03125,,,,,,,,,,,,,0,,,,18.79614355,,,,,,300.01481625,,,,
,15580208.71,300.01626585,33338.162109375,7.73023127359819,0.00152003092214372,1,0.999253354069792,40.0298881530762,1.9803560760493,10.7399998232722,41.8279450500073,7.67816109404741,250,-0.0138181937299384,7.72872302915293,0.0185067286394357,300.0161438,300.0163879,33278.17578125,33398.1484375,56.4367056025444,20.803631001409,9.256284,0,0,0,40,4449,299.8596,33338.162109375,,,,,,,,,,,,,0,,,,18.79614355,,,,,,300.01626585,,,,
,15580209.905,300.0153961,33218.25390625,7.73487422630544,0.00114134221875441,1,0.999253354069792,40.0298881530762,1.98032433589258,10.7399998232722,41.8537728828102,7.67532670826034,250,-0.0151817394728272,7.73337091166822,0.0171637050984218,300.0146484,300.0161438,33158.33203125,33278.17578125,56.526592882256,20.8043894507457,9.256284,0,0,0,40,4449,299.85855,33218.25390625,,,,,,,,,,,,,0,,,,18.9839077,,,,,,300.0153961,,,,
,15580211.04,300.01437375,33103.44921875,7.73194913469864,0.00125814451341413,1,0.999253354069792,40.0298881530762,1.98027828531966,10.7500003650784,41.8351803339419,7.68204950020326,250,-0.0133652876750672,7.73043901857735,0.0189685064084574,300.0140991,300.0146484,33048.56640625,33158.33203125,56.8181403199291,20.8103694516263,8.512546,0,0,0,40,4449,299.85635,33103.44921875,,,,,,,,,,,,,0,,,,18.79614355,,,,,,300.01437375,,,,
,15580212.15,300.01419065,32992.9921875,7.72854782077866,0.00144059515507506,1,0.999253354069792,40.0298881530762,1.98045860148333,10.7500003650784,41.8208460002663,7.67743557306536,250,-0.0137145189535855,7.72703982807717,0.0186059433681737,300.0140991,300.0142822,32937.41796875,33048.56640625,56.2280107879098,20.811688850819,9.256284,0,0,0,40,4449,299.85495,32992.9921875,,,,,,,,,,,,,0,,,,18.6083794,,,,,,300.01419065,,,,
,15580213.315,300.01419065,32877.369140625,7.73384798451376,0.00120284442944115,1,0.999253354069792,40.0298881530762,1.98059386333166,10.7399998232722,41.8540095972564,7.67406702535558,250,-0.0154149951679225,7.73234597732487,0.0169285198734743,300.0140991,300.0142822,32817.3203125,32937.41796875,56.6446187886598,20.8080839557278,8.512546,0,0,0,40,4449,299.85595,32877.369140625,,,,,,,,,,,,,0,,,,18.79614355,,,,,,300.01419065,,,,
,15580214.445,300.013916,32767.365234375,7.72678760196782,0.00157895107019748,1,0.999253354069792,40.0298881530762,1.9804450238276,10.7500003650784,41.8135224626081,7.66225382626969,250,-0.0161864673567096,7.7252902607893,0.0161284010354139,300.0137329,300.0140991,32717.41015625,32817.3203125,56.3632325217367,20.8101797142225,8.884414,0,0,0,40,4449,299.8553,32767.365234375,,,,,,,,,,,,,0,,,,18.79614355,,,,,,300.013916,,,,
,15580215.52,300.01452635,32657.4375,7.72663394705004,0.00119898053584512,1,0.999253354069792,40.0298881530762,1.98034582551286,10.7399998232722,41.8095426364359,7.66768260193298,250,-0.0150857740872137,7.72513179619853,0.017228904233043,300.0137329,300.0153198,32597.46484375,32717.41015625,56.1584458496982,20.8070938161858,9.256284,0,0,0,40,4449,299.855,32657.4375,,,,,,,,,,,,,0,,,,18.6083794,,,,,,300.01452635,,,,
,15580216.66,300.01522825,32542.46484375,7.72959128564673,0.000999639072419644,1,0.999253354069792,40.0298881530762,1.980510551832,10.7399998232722,41.82827138114,7.67482986427398,250,-0.0144284130506003,7.72808553185452,0.0178990766560429,300.0151367,300.0153198,32487.46484375,32597.46484375,57.4246840508522,20.8086733832729,8.512546,0,0,0,40,4449,299.8557,32542.46484375,,,,,,,,,,,,,0,,,,18.6083794,,,,,,300.01522825,,,,
,15580217.625,300.01419065,32447.583984375,7.72565697033562,0.00149646483990637,1,0.999253354069792,40.0298881530762,1.98047155480406,10.7399998232722,41.8077916453228,7.66208112712222,250,-0.0160290749377919,7.72415894610548,0.0162828871491236,300.0132446,300.0151367,32407.703125,32487.46484375,55.5354879198713,20.813616231406,9.256284,0,0,0,40,4449,299.8553,32447.583984375,,,,,,,,,,,,,0,,,,18.6083794,,,,,,300.01419065,,,,
,15580218.62,300.01371765,32347.76171875,7.72512775142039,0.00122685363426365,1,0.999253354069792,40.0298881530762,1.98036085777882,10.7399998232722,41.8008899356412,7.67062623438894,250,-0.0142746010987429,7.72362257456515,0.0180353959969866,300.0132446,300.0141907,32287.8203125,32407.703125,56.6008475915829,20.8084615776327,8.512546,0,0,0,40,4449,299.8551,32347.76171875,,,,,,,,,,,,,0,,,,18.79614355,,,,,,300.01371765,,,,
,15580219.735,300.0137024,32232.8349609375,7.72248515303094,0.00134012315924763,1,0.999253354069792,40.0298881530762,1.98016123104467,10.7500003650784,41.7838041255074,7.66011702934893,250,-0.0155889961965425,7.72098593826572,0.01671100092615,300.0132141,300.0141907,32177.849609375,32287.8203125,56.0552708851598,20.8109630095192,8.884414,0,0,0,40,4449,299.85415,32232.8349609375,,,,,,,,,,,,,0,,,,18.9839077,,,,,,300.0137024,,,,
,15580220.75,300.01301575,32133.0322265625,7.72292337671059,0.00132312684325815,1,0.999253354069792,40.0298881530762,1.98016123104467,10.7399998232722,41.7833291348049,7.67590599446188,250,-0.0127515743740076,7.72141235375571,0.0195501882613669,300.0128174,300.0132141,32088.21484375,32177.849609375,57.0659165605253,20.8109630095192,8.512546,0,0,0,40,4449,299.8547,32133.0322265625,,,,,,,,,,,,,0,,,,18.79614355,,,,,,300.01301575,,,,
,15580221.82,300.01223755,32028.265625,7.72334002881456,0.00112123902841453,1,0.999253354069792,40.0298881530762,1.98024908251552,10.7500003650784,41.7901327716469,7.66187305821068,250,-0.0154853074437142,7.721840518151,0.0168193635973598,300.0116577,300.0128174,31968.31640625,32088.21484375,56.6368025034675,20.8078549391591,9.256284,0,0,0,40,4449,299.85465,32028.265625,,,,,,,,,,,,,0,,,,18.79614355,,,,,,300.01223755,,,,
,15580222.935,300.0125122,31913.376953125,7.72215239263154,0.00133204097971622,1,0.999253354069792,40.0298881530762,1.98034773530422,10.7500003650784,41.7834239784259,7.67353730031385,250,-0.0131782363527717,7.72064332626567,0.0191217268314179,300.0116577,300.0133667,31858.4375,31968.31640625,56.0888809114867,20.8128213484199,8.884414,0,0,0,40,4449,299.85415,31913.376953125,,,,,,,,,,,,,0,,,,18.79614355,,,,,,300.0125122,,,,
,15580224.005,300.0129547,31808.50390625,7.72168024872068,0.00143800724332698,1,0.999253354069792,40.0298881530762,1.98022434654474,10.7399998232722,41.7783051396736,7.67273182954298,250,-0.0131537595045232,7.72017101203684,0.0191446192251631,300.0125427,300.0133667,31758.5703125,31858.4375,57.3035316303714,20.8052820612675,8.512546,0,0,0,40,4449,299.8558,31808.50390625,,,,,,,,,,,,,0,,,,18.79614355,,,,,,300.0129547,,,,
,15580225.08,300.01216125,31703.6513671875,7.71562826807339,0.00128772963376833,1,0.999253354069792,40.0298881530762,1.98036260870749,10.7399998232722,41.7487047915269,7.6656215754479,250,-0.0134434341631344,7.71412162872186,0.01883038435014,300.0117798,300.0125427,31648.732421875,31758.5703125,56.8267382336406,20.8065753895772,8.512546,0,0,0,40,4449,299.8551,31703.6513671875,,,,,,,,,,,,,0,,,,18.79614355,,,,,,300.01216125,,,,
,15580226.2,300.0119171,31588.8359375,7.71618412545731,0.00144053303489383,1,0.999253354069792,40.0298881530762,1.98034576976797,10.7399998232722,41.7516337515767,7.66466712305242,250,-0.0137120598068236,7.71467848435145,0.0185650021876152,300.0117798,300.0120544,31528.939453125,31648.732421875,57.1417345268907,20.8068177079076,9.256284,0,0,0,40,4449,299.8535,31588.8359375,,,,,,,,,,,,,0,,,,18.6083794,,,,,,300.0119171,,,,
,15580227.375,300.01118465,31469.0087890625,7.71702583764814,0.00139449189943496,1,0.999253354069792,40.0298881530762,1.98031204560794,10.7500003650784,41.7558175386607,7.663638878198,250,-0.0140353220714808,7.71552152880938,0.0182459334979805,300.0103149,300.0120544,31409.078125,31528.939453125,55.615995657352,20.8123762716531,8.512546,0,0,0,40,4449,299.85415,31469.0087890625,,,,,,,,,,,,,0,,,,18.6083794,,,,,,300.01118465,,,,
,15580228.57,300.01052855,31354.19921875,7.71817669824628,0.00098835693267386,1,0.999253354069792,40.0298881530762,1.98062504799221,10.7500003650784,41.769149532804,7.6623726152046,250,-0.0147015782653619,7.71667509297435,0.017585013819881,300.0103149,300.0107422,31299.3203125,31409.078125,56.1975272756598,20.8073998868308,8.512546,0,0,0,40,4449,299.8563,31354.19921875,,,,,,,,,,,,,0,,,,18.79614355,,,,,,300.01052855,,,,
,15580229.73,300.010849,31239.42578125,7.71293348497969,0.00151264147562301,1,0.999253354069792,40.0298881530762,1.98050579564999,10.7399998232722,41.7371828126713,7.66286258127337,250,-0.0135563867649919,7.71142798742052,0.0187088087455827,300.0107422,300.0109558,31179.53125,31299.3203125,55.6879054811213,20.8105537641235,9.256284,0,0,0,40,4449,299.85545,31239.42578125,,,,,,,,,,,,,0,,,,18.9839077,,,,,,300.010849,,,,
,15580230.695,300.01011655,31139.7890625,7.71203377050791,0.00129053867857541,1,0.999253354069792,40.0298881530762,1.98019266786299,10.7500003650784,41.7271991347076,7.65366931205709,250,-0.0148714831815359,7.71053410161148,0.0173908762697503,300.0092773,300.0109558,31100.046875,31179.53125,57.0518472471791,20.8117445797436,8.512546,0,0,0,40,4449,299.85475,31139.7890625,,,,,,,,,,,,,0,,,,18.9839077,,,,,,300.01011655,,,,
,15580232.47,300.0093689,30964.900390625,7.71455159417721,0.0012381456858552,1,0.999253354069792,40.0298881530762,1.98043736745842,10.7500003650784,41.7453171605186,7.65998629429544,250,-0.0143419754882222,7.71304933040178,0.0179316791011339,300.0093689,300.0093689,30959.8203125,30969.98046875,55.8809677253713,20.8090629654479,9.256284,0,0,0,40,4449,299.8558,30964.900390625,,,,,,,,,,,,,0,,,,18.9839077,,,,,,300.0093689,,,,
,15580233.125,300.00904845,30899.9833984375,7.71301612793963,0.00138805431448297,1,0.999253354069792,40.0298881530762,1.98047797243774,10.7399998232722,41.737520587262,7.66035590364547,250,-0.01401755678844,7.71151288282569,0.0182498861527452,300.008728,300.0093689,30840.146484375,30959.8203125,56.3429101802367,20.8083970019983,8.884414,0,0,0,40,4449,299.85655,30899.9833984375,,,,,,,,,,,,,0,,,,18.9839077,,,,,,300.00904845,,,,
,15580234.26,300.0089264,30785.2109375,7.71018571363681,0.00123900566653554,1,0.999253354069792,40.0298881530762,1.98033458483189,10.7399998232722,41.7190456565718,7.65814894748125,250,-0.0138012933974889,7.70868212008866,0.0184548087431263,300.008728,300.0091248,30730.275390625,30840.146484375,56.6211699330829,20.8093740132305,9.256284,0,0,0,40,4449,299.85745,30785.2109375,,,,,,,,,,,,,0,,,,18.9839077,,,,,,300.0089264,,,,
,15580235.355,300.0084076,30675.2685546875,7.7084733605209,0.00144921706088058,1,0.999253354069792,40.0298881530762,1.98029750173864,10.7399998232722,41.7086239027571,7.65843920576467,250,-0.0134048706616715,7.70696854782739,0.0188445665332317,300.0076904,300.0091248,30620.26171875,30730.275390625,56.6008475915829,20.808706214045,9.256284,0,0,0,40,4449,299.85785,30675.2685546875,,,,,,,,,,,,,0,,,,18.79614355,,,,,,300.0084076,,,,
,15580237.345,300.00820925,30475.56640625,7.70587647196991,0.00119099499070683,1,0.999253354069792,40.0298881530762,1.9804390689186,10.7500003650784,41.6973260372427,7.65722192152308,250,-0.0132483234658972,7.70437147080138,0.0189914354019819,300.0079956,300.0084229,30460.65234375,30490.48046875,56.1045134818713,20.8077750776695,8.512546,0,0,0,40,4449,299.85725,30475.56640625,,,,,,,,,,,,,0,,,,18.9839077,,,,,,300.00820925,,,,
,15580238.085,300.0078888,30400.7041015625,7.70853235708965,0.0013390943721455,1,0.999253354069792,40.0298881530762,1.98035238307501,10.7399998232722,41.711851346467,7.64910078998051,250,-0.0151820365288699,7.70703496780167,0.0170695508266902,300.007782,300.0079956,30340.755859375,30460.65234375,56.1209276807752,20.8083795005511,8.884414,0,0,0,40,4449,299.85805,30400.7041015625,,,,,,,,,,,,,0,,,,18.9839077,,,,,,300.0078888,,,,
,15580239.075,300.007782,30305.8330078125,7.70499092389041,0.00120170946357488,1,0.999253354069792,40.0298881530762,1.98038452875966,10.7399998232722,41.6928153751634,7.64858155562383,250,-0.0146442461623245,7.70349198743354,0.0175928882387332,300.007782,300.007782,30270.91015625,30340.755859375,56.5625477941406,20.8099723214558,8.884414,0,0,0,40,4449,299.8586,30305.8330078125,,,,,,,,,,,,,0,,,,18.9839077,,,,,,300.007782,,,,
,15580240.04,300.00782775,30210.9560546875,7.70392955061469,0.00140206782728749,1,0.999253354069792,40.0298881530762,1.98034624234884,10.7399998232722,41.6879588932315,7.63835978733781,250,-0.0163110332138059,7.70243773852287,0.0159225327866114,300.007782,300.0078735,30151.001953125,30270.91015625,56.1092032529867,20.8073585756631,9.256284,0,0,0,40,4449,299.85865,30210.9560546875,,,,,,,,,,,,,0,,,,18.9839077,,,,,,300.00782775,,,,
,15580241.26,300.00830075,30086.087890625,7.70475305572608,0.000990128137590061,1,0.999253354069792,40.0298881530762,1.98032087662059,10.7399998232722,41.6915897504321,7.64071705019003,250,-0.0160109089510144,7.70325962431314,0.0162267017899771,300.0078735,300.008728,30021.173828125,30151.001953125,56.5109603118714,20.8126407517521,8.512546,0,0,0,40,4449,299.85905,30086.087890625,,,,,,,,,,,,,0,,,,18.9839077,,,,,,300.00830075,,,,
,15580242.46,300.00804135,29966.2392578125,7.70226844121434,0.00116226764898798,1,0.999253354069792,40.0298881530762,1.98040466505072,10.7500003650784,41.6783536395795,7.64672059233905,250,-0.0144993030707795,7.70076920137528,0.0177282507252773,300.0073547,300.008728,29911.3046875,30021.173828125,56.0576157707175,20.8113983118287,9.256284,0,0,0,40,4449,299.85935,29966.2392578125,,,,,,,,,,,,,0,,,,18.9839077,,,,,,300.00804135,,,,
,15580243.555,300.00733945,29856.3056640625,7.69783955402095,0.00119342899698217,1,0.999253354069792,40.0298881530762,1.98023188372257,10.7399998232722,41.6503785985614,7.64418502572452,250,-0.0140271495177888,7.69633938456596,0.018182309327256,300.0073242,300.0073547,29801.306640625,29911.3046875,57.6122748954676,20.8108077745804,8.512546,0,0,0,40,4449,299.8601,29856.3056640625,,,,,,,,,,,,,0,,,,18.9839077,,,,,,300.00733945,,,,
,15580244.68,300.0076294,29741.380859375,7.70012209771743,0.00125487137586603,1,0.999253354069792,40.0298881530762,1.98032622187307,10.7399998232722,41.6641462733692,7.64959857505789,250,-0.0135156897542411,7.69861919622826,0.0187037158866851,300.0073242,300.0079346,29681.455078125,29801.306640625,56.5101786833521,20.806999417847,8.512546,0,0,0,40,4449,299.8613,29741.380859375,,,,,,,,,,,,,0,,,,18.88954735,,,,,,300.0076294,,,,
,15580245.71,300.00750735,29641.2802734375,7.69765156972631,0.00137118729302612,1,0.999253354069792,40.0298881530762,1.98020234840862,10.7399998232722,41.6476709885603,7.64973240807098,250,-0.0129470768116354,7.69614677673374,0.0192623756041061,300.0070801,300.0079346,29601.10546875,29681.455078125,57.4684552479292,20.8041992630869,9.256284,0,0,0,40,4449,299.86185,29641.2802734375,,,,,,,,,,,,,0,,,,18.795187,,,,,,300.00750735,,,,
,15580246.775,300.00704955,29536.07421875,7.69868211158689,0.0014911764684247,1,0.999253354069792,40.0298881530762,1.9803685616347,10.7399998232722,41.6574842521319,7.64692291711054,250,-0.0137738911175035,7.69718064725413,0.0184405868040042,300.007019,300.0070801,29471.04296875,29601.10546875,56.0990420822367,20.8101644987233,8.512546,0,0,0,40,4449,299.86225,29536.07421875,,,,,,,,,,,,,0,,,,18.88954735,,,,,,300.00704955,,,,
,15580248.02,300.00679015,29411.125,7.69715838867851,0.00125691031583966,1,0.999253354069792,40.0298881530762,1.98032699442034,10.7399998232722,41.6486978509835,7.64357528783554,250,-0.0140820063488571,7.69565853019922,0.0181268477581494,300.0065613,300.007019,29351.20703125,29471.04296875,56.0372934292175,20.8078155634264,9.256284,0,0,0,40,4449,299.8624,29411.125,,,,,,,,,,,,,0,,,,18.9839077,,,,,,300.00679015,,,,
,15580249.035,300.00679015,29311.224609375,7.69405449248086,0.00131392008789412,1,0.999253354069792,40.0298881530762,1.9804732462189,10.7399998232722,41.6357181022239,7.63663919072423,250,-0.0148911067868348,7.69255858827617,0.0173055527263062,300.0065613,300.007019,29271.2421875,29351.20703125,56.5758354789675,20.8130073047837,8.884414,0,0,0,40,4449,299.8619,29311.224609375,,,,,,,,,,,,,0,,,,18.9839077,,,,,,300.00679015,,,,
,15580250.055,300.0070648,29206.32421875,7.69381250127886,0.00118052766520316,1,0.999253354069792,40.0298881530762,1.98044738374151,10.7399998232722,41.635396101413,7.62811155613918,250,-0.0164053588475348,7.69232283954235,0.0157912765469172,300.007019,300.0071106,29141.40625,29271.2421875,55.8708065546213,20.8118251202425,8.512546,0,0,0,40,4449,299.8612,29206.32421875,,,,,,,,,,,,,0,,,,18.79614355,,,,,,300.0070648,,,,
,15580251.265,300.00724795,29081.4208984375,7.69277154213203,0.00116117720629597,1,0.999253354069792,40.0298881530762,1.98040752412675,10.7500003650784,41.6285825698782,7.62888457154448,250,-0.0160424503540315,7.69128045325864,0.0161504678604677,300.0071106,300.0073853,29021.435546875,29141.40625,56.3561978650637,20.8080628637455,8.512546,0,0,0,40,4449,299.86115,29081.4208984375,,,,,,,,,,,,,0,,,,18.6083794,,,,,,300.00724795,,,,
,15580252.4,300.00735475,28971.48828125,7.68991540698882,0.00122796933330664,1,0.999253354069792,40.0298881530762,1.98027074453665,10.7399998232722,41.6077742599634,7.63928540413207,250,-0.0134954603048871,7.68841415993252,0.0186855036118192,300.0073242,300.0073853,28921.541015625,29021.435546875,56.7798405224868,20.8135813930601,8.512546,0,0,0,40,4449,299.862,28971.48828125,,,,,,,,,,,,,0,,,,18.6083794,,,,,,300.00735475,,,,
,15580253.495,300.0068054,28866.671875,7.69291352093176,0.00119259672768445,1,0.999253354069792,40.0298881530762,1.98047998069205,10.7500003650784,41.6284741333273,7.64203897327101,250,-0.0136884542978203,7.69141257667103,0.0185056543711163,300.0062866,300.0073242,28811.802734375,28921.541015625,56.2233210167944,20.8110350033867,9.256284,0,0,0,40,4449,299.86225,28866.671875,,,,,,,,,,,,,0,,,,18.79614355,,,,,,300.0068054,,,,
,15580254.61,300.0071411,28751.92578125,7.68850004135744,0.00131498703933113,1,0.999253354069792,40.0298881530762,1.98031405939983,10.7399998232722,41.6027174989442,7.62879782839576,250,-0.0152032197014464,7.68700617614871,0.0169733421552072,300.0062866,300.0079956,28692.048828125,28811.802734375,55.5120390642943,20.8082677191865,8.512546,0,0,0,40,4449,299.8625,28751.92578125,,,,,,,,,,,,,0,,,,18.9839077,,,,,,300.0071411,,,,
,15580255.61,300.00756835,28652.025390625,7.68787816144415,0.00151448651867384,1,0.999253354069792,40.0298881530762,1.98024034194157,10.7399998232722,41.5965980299796,7.63460801401345,250,-0.0139630460367606,7.68637905678558,0.0182112371270718,300.0071411,300.0079956,28612.001953125,28692.048828125,57.1956668947176,20.8099177411997,9.256284,0,0,0,40,4449,299.8624,28652.025390625,,,,,,,,,,,,,0,,,,18.79614355,,,,,,300.00756835,,,,
,15580256.59,300.00665285,28557.072265625,7.68605488444611,0.00154011651685886,1,0.999253354069792,40.0298881530762,1.98036282704523,10.7500003650784,41.5891776033493,7.63361024523535,250,-0.0138952803117663,7.68455606274778,0.0182720142310111,300.0061646,300.0071411,28502.142578125,28612.001953125,56.1006053392752,20.8049219136983,8.512546,0,0,0,40,4449,299.86145,28557.072265625,,,,,,,,,,,,,0,,,,18.6083794,,,,,,300.00665285,,,,
,15580258.615,300.0053711,28352.3564453125,7.68816609005823,0.00135609559611016,1,0.999253354069792,40.0298881530762,1.9804000214506,10.7399998232722,41.6018404614089,7.6332818465879,250,-0.0143744956072763,7.68666909997365,0.0178028826322735,300.0053711,300.0053711,28342.357421875,28362.35546875,55.781700903429,20.8104624043683,9.256284,0,0,0,40,4449,299.86145,28352.3564453125,,,,,,,,,,,,,0,,,,18.6083794,,,,,,300.0053711,,,,
,15580259.165,300.0053711,28297.3701171875,7.682701174139,0.00155165714653877,1,0.999253354069792,40.0298881530762,1.98037816224666,10.7399998232722,41.5712094495873,7.63107313547584,250,-0.0137547260286225,7.68120265943644,0.018400053522954,300.0053711,300.0053711,28252.3828125,28342.357421875,56.6563432164483,20.8104002216001,8.884414,0,0,0,40,4449,299.86075,28297.3701171875,,,,,,,,,,,,,0,,,,18.6083794,,,,,,300.0053711,,,,
,15580260.285,300.00479125,28187.478515625,7.68613078311666,0.00138234485500198,1,0.999253354069792,40.0298881530762,1.98021243836815,10.7399998232722,41.5863649437577,7.63390068330115,250,-0.0137532195257616,7.68463168512062,0.0184164031783632,300.0042114,300.0053711,28122.57421875,28252.3828125,57.1456426694868,20.8140843218999,9.256284,0,0,0,40,4449,299.86175,28187.478515625,,,,,,,,,,,,,0,,,,18.6083794,,,,,,300.00479125,,,,
,15580261.495,300.00474545,28067.85546875,7.68431284134371,0.00125193873914288,1,0.999253354069792,40.0298881530762,1.98035385691696,10.7399998232722,41.5790890656168,7.63443707141096,250,-0.0134158349339548,7.68281265954389,0.0187466680991434,300.0042114,300.0052795,28013.13671875,28122.57421875,56.3546346080252,20.8132484511788,8.512546,0,0,0,40,4449,299.86265,28067.85546875,,,,,,,,,,,,,0,,,,18.79614355,,,,,,300.00474545,,,,
,15580262.58,300.0054321,27958.146484375,7.68176048332728,0.00132549971095943,1,0.999253354069792,40.0298881530762,1.98034353048535,10.7399998232722,41.566324414904,7.62507362643865,250,-0.0146671179207348,7.68026579282232,0.0174856717389826,300.0052795,300.0055847,27903.15625,28013.13671875,57.3965454241599,20.8081521468579,8.512546,0,0,0,40,4449,299.86185,27958.146484375,,,,,,,,,,,,,0,,,,18.79614355,,,,,,300.0054321,,,,
,15580263.58,300.00523375,27858.212890625,7.67889768788769,0.00161323630176701,1,0.999253354069792,40.0298881530762,1.98046289755828,10.7399998232722,41.5523432255436,7.62771392431393,250,-0.0137316149700979,7.67739966798092,0.0184095313435854,300.0048828,300.0055847,27813.26953125,27903.15625,56.7649895806214,20.8105015545066,9.256284,0,0,0,40,4449,299.8621,27858.212890625,,,,,,,,,,,,,0,,,,18.79614355,,,,,,300.00523375,,,,
,15580264.605,300.00494385,27753.42578125,7.68118126201931,0.00116509400939562,1,0.999253354069792,40.0298881530762,1.98022515299579,10.7399998232722,41.5594145396181,7.63134943601675,250,-0.0133181533686026,7.67968109465011,0.0188328504055937,300.0048828,300.0050049,27693.58203125,27813.26953125,56.8408075469868,20.8132562866614,9.256284,0,0,0,40,4449,299.8637,27753.42578125,,,,,,,,,,,,,0,,,,18.88954735,,,,,,300.00494385,,,,
,15580265.595,300.00427245,27653.5498046875,7.67895327627077,0.00158321292905222,1,0.999253354069792,40.0298881530762,1.98047611406623,10.7399998232722,41.552978178593,7.62748067696927,250,-0.0137953003294648,7.67745568397275,0.0183471410896628,300.00354,300.0050049,27613.517578125,27693.58203125,56.4875114562944,20.812876149753,8.512546,0,0,0,40,4449,299.86285,27653.5498046875,,,,,,,,,,,,,0,,,,18.9848366,,,,,,300.00427245,,,,
,15580266.58,300.0045013,27558.6201171875,7.67698772646474,0.00139171452006672,1,0.999253354069792,40.0298881530762,1.9805239089639,10.7399998232722,41.5440669318635,7.6216747244504,250,-0.0145380598980047,7.67549350250712,0.0175970814813439,300.00354,300.0054626,27503.72265625,27613.517578125,56.8587850029291,20.8108452872473,9.256284,0,0,0,40,4449,299.8609,27558.6201171875,,,,,,,,,,,,,0,,,,19.07919695,,,,,,300.0045013,,,,
,15580267.66,300.0049133,27448.826171875,7.67808559777789,0.00132764872517238,1,0.999253354069792,40.0298881530762,1.98044803416023,10.7500003650784,41.5470849617973,7.62986661668722,250,-0.0131749974563836,7.67658528884442,0.018964891801371,300.004364,300.0054626,27393.9296875,27503.72265625,56.2811615272175,20.810884516134,9.256284,0,0,0,40,4449,299.86235,27448.826171875,,,,,,,,,,,,,0,,,,18.9839077,,,,,,300.0049133,,,,
,15580268.64,300.00486755,27348.875,7.67567025134497,0.00135133150010057,1,0.999253354069792,40.0298881530762,1.98044917844817,10.7399998232722,41.5360869148465,7.61642308929256,250,-0.0152135816467962,7.67417893643904,0.0169170415629052,300.004364,300.0053711,27303.8203125,27393.9296875,55.8895656390828,20.8080107389457,8.512546,0,0,0,40,4449,299.86335,27348.875,,,,,,,,,,,,,0,,,,18.79614355,,,,,,300.00486755,,,,
,15580269.63,300.0053711,27248.9697265625,7.67188916308644,0.00153310928983206,1,0.999253354069792,40.0298881530762,1.98032065479228,10.7399998232722,41.5105852883932,7.62519607870181,250,-0.0128020477220701,7.67038831899937,0.019312879520403,300.0053711,300.0053711,27194.119140625,27303.8203125,56.4976726270444,20.8076435932967,8.512546,0,0,0,40,4449,299.86285,27248.9697265625,,,,,,,,,,,,,0,,,,18.6083794,,,,,,300.0053711,,,,
,15580270.71,300.0036011,27139.1728515625,7.67604442401914,0.00108144260304172,1,0.999253354069792,40.0298881530762,1.98040474946555,10.7399998232722,41.5369917068289,7.61777388360764,250,-0.015003622327507,7.67455240437977,0.017129667317518,300.0018311,300.0053711,27084.2265625,27194.119140625,56.5695824508137,20.8145981579304,8.884414,0,0,0,40,4449,299.86355,27139.1728515625,,,,,,,,,,,,,0,,,,18.79614355,,,,,,300.0036011,,,,
,15580271.695,300.0018311,27039.30078125,7.67071127642694,0.00151188302187757,1,0.999253354069792,40.0298881530762,1.98021317084587,10.7500003650784,41.5043439227876,7.61108812300884,250,-0.0151184632984498,7.66922127871495,0.0169929433065715,300.0018311,300.0018311,26994.375,27084.2265625,56.5562947659868,20.8127810678778,8.512546,0,0,0,40,4449,299.86465,27039.30078125,,,,,,,,,,,,,0,,,,18.79614355,,,,,,300.0018311,,,,
,15580272.72,300.0020447,26939.48046875,7.67291552479111,0.00125017379053714,1,0.999253354069792,40.0298881530762,1.9803851191505,10.7399998232722,41.5178659670627,7.62427649436506,250,-0.0132086129211235,7.67141698704511,0.0189120425112876,300.0018311,300.0022583,26884.5859375,26994.375,56.6094455052945,20.811318079864,9.256284,0,0,0,40,4449,299.8658,26939.48046875,,,,,,,,,,,,,0,,,,18.79614355,,,,,,300.0020447,,,,
,15580273.765,300.0022583,26839.6357421875,7.6701537835393,0.00123313018055176,1,0.999253354069792,40.0298881530762,1.9803271139826,10.7500003650784,41.5047800167265,7.60489716094975,250,-0.0162396457083219,7.66866836954213,0.0158707244138456,300.0022583,300.0022583,26794.685546875,26884.5859375,56.269437099429,20.8104265587127,9.256284,0,0,0,40,4449,299.86495,26839.6357421875,,,,,,,,,,,,,0,,,,18.88954735,,,,,,300.0022583,,,,
,15580274.715,300.00245665,26744.7080078125,7.66703848312306,0.00141723358137882,1,0.999253354069792,40.0298881530762,1.98042800736976,10.7399998232722,41.4868242766872,7.61922483958961,250,-0.0130836874484735,7.66554038372872,0.019013522582562,300.0022583,300.002655,26694.73046875,26794.685546875,55.9044165809482,20.8105346973338,8.512546,0,0,0,40,4449,299.865,26744.7080078125,,,,,,,,,,,,,0,,,,18.88954735,,,,,,300.00245665,,,,
,15580276.695,300.0023193,26545.01953125,7.66824409191559,0.0012077839380951,1,0.999253354069792,40.0298881530762,1.98046492590471,10.7399998232722,41.4976361647789,7.60150120925428,250,-0.0166103181815073,7.66676044859726,0.0154937207834842,300.0023193,300.0023193,26535.08203125,26554.95703125,56.4288893173521,20.813965850017,9.256284,0,0,0,40,4449,299.8653,26545.01953125,,,,,,,,,,,,,0,,,,18.79614355,,,,,,300.0023193,,,,
,15580277.4,300.0027313,26475.1376953125,7.66547453038205,0.00138998375113144,1,0.999253354069792,40.0298881530762,1.98048753054491,10.7500003650784,41.480297497293,7.61400488535443,250,-0.0138014101269599,7.66397953204181,0.0182908963572289,300.0023193,300.0031433,26415.193359375,26535.08203125,56.5039256551983,20.8067460725663,9.256284,0,0,0,40,4449,299.86495,26475.1376953125,,,,,,,,,,,,,0,,,,18.9839077,,,,,,300.0027313,,,,
,15580278.555,300.00216675,26360.1748046875,7.66392677182977,0.00125646887152386,1,0.999253354069792,40.0298881530762,1.98020152910893,10.7399998232722,41.4674405195372,7.60406446014594,250,-0.0151545161730949,7.66243786259882,0.0169320943999905,300.0011902,300.0031433,26305.15625,26415.193359375,55.6542954547943,20.8150788628289,9.256284,0,0,0,40,4449,299.86595,26360.1748046875,,,,,,,,,,,,,0,,,,18.9839077,,,,,,300.00216675,,,,
,15580279.615,300.00141905,26255.24609375,7.66528726290367,0.00126862511346442,1,0.999253354069792,40.0298881530762,1.98037482106638,10.7500003650784,41.4771140659487,7.61269090595517,250,-0.0139324584805472,7.66379313276127,0.0181600283312619,300.0011902,300.0016479,26205.3359375,26305.15625,56.482821685179,20.8126212483466,9.256284,0,0,0,40,4449,299.86715,26255.24609375,,,,,,,,,,,,,0,,,,18.79614355,,,,,,300.00141905,,,,
,15580280.71,300.00207515,26145.416015625,7.66077857624984,0.00146983336489819,1,0.999253354069792,40.0298881530762,1.98028813462691,10.7399998232722,41.4502629340055,7.61157374474443,250,-0.0132434230948959,7.65928223657518,0.0188306038242664,300.0016479,300.0025024,26085.49609375,26205.3359375,57.2644502044099,20.8128956853966,9.256284,0,0,0,40,4449,299.86755,26145.416015625,,,,,,,,,,,,,0,,,,18.8914328,,,,,,300.00207515,,,,
,15580281.72,300.0025482,26040.560546875,7.66247091216217,0.00122107034116954,1,0.999253354069792,40.0298881530762,1.98028813462691,10.7500003650784,41.4602706256298,7.60866032768265,250,-0.0140963597247587,7.66097761428085,0.0179854770958646,300.0025024,300.002594,25995.625,26085.49609375,56.6125720193714,20.8128956853966,9.256284,0,0,0,40,4449,299.86775,26040.560546875,,,,,,,,,,,,,0,,,,18.8914328,,,,,,300.0025482,,,,
,15580282.73,300.00263975,25940.669921875,7.66041786467991,0.00148521263000441,1,0.999253354069792,40.0298881530762,1.98033907842399,10.7399998232722,41.4500647655337,7.60755059741945,250,-0.0139565893500314,7.65892432781067,0.0181170855675313,300.002594,300.0026855,25885.71484375,25995.625,56.9424192544868,20.8078229080506,8.512546,0,0,0,40,4449,299.86845,25940.669921875,,,,,,,,,,,,,0,,,,18.7017832,,,,,,300.00263975,,,,
,15580283.945,300.00274655,25820.78125,7.65792381144739,0.00109423138794056,1,0.999253354069792,40.0298881530762,1.98038896077333,10.7399998232722,41.4376734741647,7.60479481684254,250,-0.0140388222305166,7.65643102888302,0.0180251122459066,300.0026855,300.0028076,25755.84765625,25885.71484375,56.025569001429,20.8114842998635,8.512546,0,0,0,40,4449,299.86825,25820.78125,,,,,,,,,,,,,0,,,,18.795187,,,,,,300.00274655,,,,
,15580285.035,300.0026245,25710.9091796875,7.6593117637129,0.00135661356089975,1,0.999253354069792,40.0298881530762,1.98019908567284,10.7500003650784,41.4397093750759,7.6140820789163,250,-0.0124484468774962,7.65781199502934,0.019621826188153,300.0024414,300.0028076,25665.970703125,25755.84765625,56.7345060683714,20.8086020999725,8.512546,0,0,0,40,4449,299.8663,25710.9091796875,,,,,,,,,,,,,0,,,,18.795187,,,,,,300.0026245,,,,
,15580286.035,300.00204465,25611.05859375,7.65609016333901,0.00127651755918007,1,0.999253354069792,40.0298881530762,1.98041758686517,10.7399998232722,41.4274557494671,7.60782831798828,250,-0.0131591700212871,7.65459414409012,0.0188982064869218,300.0016479,300.0024414,25556.146484375,25665.970703125,55.7723213611982,20.8082658365841,8.512546,0,0,0,40,4449,299.8671,25611.05859375,,,,,,,,,,,,,0,,,,18.7017832,,,,,,300.00204465,,,,
,15580287.195,300.00234985,25496.3369140625,7.65381224929026,0.00144302021393184,1,0.999253354069792,40.0298881530762,1.98033759171357,10.7399998232722,41.4158996930116,7.59230954771662,250,-0.0155507736343295,7.65232658050858,0.0164979519683042,300.0016479,300.0030518,25436.52734375,25556.146484375,56.0271322584675,20.8101951156719,9.256284,0,0,0,40,4449,299.8689,25496.3369140625,,,,,,,,,,,,,0,,,,18.7017832,,,,,,300.00234985,,,,
,15580288.37,300.0028992,25381.5654296875,7.65301539876057,0.00156773595955525,1,0.999253354069792,40.0298881530762,1.98056244135182,10.7500003650784,41.4158350834374,7.59418046963887,250,-0.0152133286912608,7.65152825074588,0.0168327592533745,300.0027466,300.0030518,25326.603515625,25436.52734375,56.6172617904868,20.8050316435684,9.256284,0,0,0,40,4449,299.8678,25381.5654296875,,,,,,,,,,,,,0,,,,18.7017832,,,,,,300.0028992,,,,
,15580289.51,300.00271605,25266.697265625,7.65581140897704,0.00139722311453045,1,0.999253354069792,40.0298881530762,1.98023452966944,10.7399998232722,41.4229503962008,7.60287476044288,250,-0.0138984507172946,7.65431815984805,0.0181599273719329,300.0026855,300.0027466,25206.791015625,25326.603515625,56.7626446950637,20.8157656810046,8.512546,0,0,0,40,4449,299.86605,25266.697265625,,,,,,,,,,,,,0,,,,18.6083794,,,,,,300.00271605,,,,
,15580290.635,300.0021057,25151.822265625,7.6516980571024,0.00147418894298591,1,0.999253354069792,40.0298881530762,1.98028922619473,10.7399998232722,41.4005313312932,7.60589348555173,250,-0.0126161147338887,7.65020039058837,0.0194253459163736,300.0015259,300.0026855,25096.853515625,25206.791015625,57.1878506095253,20.8121051205492,8.884414,0,0,0,40,4449,299.86655,25151.822265625,,,,,,,,,,,,,0,,,,18.79614355,,,,,,300.0021057,,,,
,15580291.595,300.0015259,25056.9072265625,7.65359437030104,0.00103562671866903,1,0.999253354069792,40.0298881530762,1.9805988847404,10.7399998232722,41.420897334653,7.5885034915208,250,-0.0163971172569348,7.652112276965,0.015653448849932,300.0015259,300.0015259,25016.9609375,25096.853515625,56.4132567469675,20.8136105703164,9.256284,0,0,0,40,4449,299.8675,25056.9072265625,,,,,,,,,,,,,0,,,,18.88954735,,,,,,300.0015259,,,,
,15580292.57,300.0010834,24962.0771484375,7.6487643768881,0.00131234994726718,1,0.999253354069792,40.0298881530762,1.9803013731687,10.7399998232722,41.3866763740015,7.59348009241729,250,-0.0143765710058219,7.64727486710336,0.0176539863669975,300.0006409,300.0015259,24907.193359375,25016.9609375,56.1787681911983,20.8107096200844,8.512546,0,0,0,40,4449,299.86665,24962.0771484375,,,,,,,,,,,,,0,,,,18.88954735,,,,,,300.0010834,,,,
,15580293.74,300.00032045,24842.25390625,7.65072377469548,0.00143041435214714,1,0.999253354069792,40.0298881530762,1.98034846134172,10.7399998232722,41.395857467608,7.6084483958597,250,-0.0120057427133421,7.64922410842272,0.020033035261857,300,300.0006409,24777.314453125,24907.193359375,56.3194613246598,20.8132745836032,8.512546,0,0,0,40,4449,299.8679,24842.25390625,,,,,,,,,,,,,0,,,,18.9839077,,,,,,300.00032045,,,,
,15580294.785,300.00091555,24737.470703125,7.64786611326889,0.0010768180619096,1,0.999253354069792,40.0298881530762,1.98034846134172,10.7399998232722,41.3826351783282,7.59352186565449,250,-0.014235555083319,7.64637617507649,0.0177919196270116,300,300.0018311,24697.626953125,24777.314453125,56.2131598460444,20.8132745836032,9.256284,0,0,0,40,4449,299.87075,24737.470703125,,,,,,,,,,,,,0,,,,18.88954735,,,,,,300.00091555,,,,
,15580295.785,300.0010529,24642.6279296875,7.64752056900288,0.00137511233895029,1,0.999253354069792,40.0298881530762,1.98040780419383,10.7399998232722,41.3811737384334,7.59771863793355,250,-0.0134372879740615,7.64602725890509,0.0185892138598183,300.0002747,300.0018311,24587.62890625,24697.626953125,55.9270838080059,20.8124817473643,8.512546,0,0,0,40,4449,299.8698,24642.6279296875,,,,,,,,,,,,,0,,,,18.88954735,,,,,,300.0010529,,,,
,15580296.875,300.00057985,24532.6982421875,7.64647935844021,0.00166857834476238,1,0.999253354069792,40.0298881530762,1.98017282788715,10.7399998232722,41.3711944431403,7.59341714311736,250,-0.0138777657136831,7.64498816107715,0.0181452650045227,300.0002747,300.000885,24477.767578125,24587.62890625,56.9174071418714,20.8138650192706,9.256284,0,0,0,40,4449,299.8682,24532.6982421875,,,,,,,,,,,,,0,,,,18.9839077,,,,,,300.00057985,,,,
,15580297.955,300.00057985,24422.826171875,7.64192245231204,0.00147909123986219,1,0.999253354069792,40.0298881530762,1.98020963449317,10.7399998232722,41.347124325167,7.58991569865523,250,-0.0137062333308996,7.64043140257887,0.0182982830493068,300.0002747,300.000885,24367.884765625,24477.767578125,57.1323549846599,20.8077352106251,8.512546,0,0,0,40,4449,299.86815,24422.826171875,,,,,,,,,,,,,0,,,,18.9839077,,,,,,300.00057985,,,,
,15580299.115,299.9998932,24307.982421875,7.64125151652842,0.00130918603415105,1,0.999253354069792,40.0298881530762,1.9803896133119,10.7500003650784,41.349709603882,7.57617194060974,250,-0.0162477233341439,7.63977137338364,0.0157551909725424,299.9995117,300.0002747,24248.080078125,24367.884765625,56.6633778731214,20.8127279187406,9.256284,0,0,0,40,4449,299.8676,24307.982421875,,,,,,,,,,,,,0,,,,18.9839077,,,,,,299.9998932,,,,
,15580300.35,300.0000763,24183.162109375,7.64014632280586,0.00117439599890318,1,0.999253354069792,40.0298881530762,1.98024603279913,10.7399998232722,41.3397197503135,7.58039198414029,250,-0.015164100443298,7.63866175881254,0.0168345477492871,299.9995117,300.0006409,24118.244140625,24248.080078125,57.3176009437176,20.8130303296429,8.884414,0,0,0,40,4449,299.86835,24183.162109375,,,,,,,,,,,,,0,,,,18.88954735,,,,,,300.0000763,,,,
,15580301.415,300.00083925,24073.3046875,7.63974601014448,0.0012348735310808,1,0.999253354069792,40.0298881530762,1.98041244353052,10.7399998232722,41.341046937415,7.58004222212241,250,-0.0152698562262459,7.63826170719198,0.0167276429487632,300.0006409,300.0010376,24028.365234375,24118.244140625,56.607882248256,20.8095343998621,8.512546,0,0,0,40,4449,299.86905,24073.3046875,,,,,,,,,,,,,0,,,,18.88954735,,,,,,300.00083925,,,,
,15580302.515,300.00102235,23963.552734375,7.6408062962145,0.00140915601819711,1,0.999253354069792,40.0298881530762,1.98033975454442,10.7500003650784,41.344880195931,7.58310645053731,250,-0.0148504419559396,7.63931990675924,0.0171520816695317,300.0010071,300.0010376,23898.740234375,24028.365234375,56.5945945634291,20.8139902260968,8.512546,0,0,0,40,4449,299.86845,23963.552734375,,,,,,,,,,,,,0,,,,18.9839077,,,,,,300.00102235,,,,
,15580303.615,300.0005951,23853.77734375,7.63693446211604,0.00172332476401429,1,0.999253354069792,40.0298881530762,1.98030324332702,10.7399998232722,41.3224421048303,7.58314302078655,250,-0.0141012626492928,7.63544577351569,0.0178855942211698,300.0001831,300.0010071,23808.814453125,23898.740234375,56.394497662506,20.8152589237586,8.884414,0,0,0,40,4449,299.8676,23853.77734375,,,,,,,,,,,,,0,,,,18.88954735,,,,,,300.0005951,,,,
,15580304.665,299.99983215,23748.9228515625,7.63571406565879,0.00148747143449238,1,0.999253354069792,40.0298881530762,1.98042885184868,10.7399998232722,41.3163348393143,7.59351493209676,250,-0.012044840447132,7.63421717812595,0.0199369982096231,299.9994812,300.0001831,23689.03125,23808.814453125,55.8747146972174,20.8099000343973,9.256284,0,0,0,40,4449,299.86805,23748.9228515625,,,,,,,,,,,,,0,,,,18.795187,,,,,,299.99983215,,,,
,15580305.875,299.9997711,23629.107421875,7.63368443031535,0.00146979918056678,1,0.999253354069792,40.0298881530762,1.98022394395677,10.7399998232722,41.3032378449229,7.57965372282655,250,-0.0140899869957114,7.63219649313358,0.0178842226688101,299.9994812,300.000061,23569.18359375,23689.03125,56.4703156288714,20.8143193922645,8.884414,0,0,0,40,4449,299.86955,23629.107421875,,,,,,,,,,,,,0,,,,18.795187,,,,,,299.9997711,,,,
,15580307.055,299.99983215,23514.197265625,7.63192223037619,0.00136247274344933,1,0.999253354069792,40.0298881530762,1.98034027269285,10.7399998232722,41.2956811969736,7.58042866713957,250,-0.0137009426738146,7.63043293766385,0.0182665017329945,299.9996033,300.000061,23459.2109375,23569.18359375,56.6555615879291,20.815388501858,9.256284,0,0,0,40,4449,299.86895,23514.197265625,,,,,,,,,,,,,0,,,,18.795187,,,,,,299.99983215,,,,
,15580308.285,299.9990387,23394.3173828125,7.63374939478668,0.00131089318220682,1,0.999253354069792,40.0298881530762,1.98040518224794,10.7399998232722,41.3077450292961,7.57787076829068,250,-0.0145580735652557,7.63226348484643,0.0174178299989923,299.9984741,299.9996033,23329.423828125,23459.2109375,56.7876568076791,20.8153590109824,9.256284,0,0,0,40,4449,299.86905,23394.3173828125,,,,,,,,,,,,,0,,,,18.9848366,,,,,,299.9990387,,,,
,15580309.415,299.9990997,23279.521484375,7.62846628346045,0.00151047152969245,1,0.999253354069792,40.0298881530762,1.98030425963382,10.7399998232722,41.2768714917571,7.57350879563871,250,-0.0143157240637627,7.62698036700099,0.017638474534949,299.9984741,299.9997253,23229.619140625,23329.423828125,57.1182856713137,20.8198878603986,9.256284,0,0,0,40,4449,299.8702,23279.521484375,,,,,,,,,,,,,0,,,,19.07919695,,,,,,299.9990997,,,,
,15580310.485,300,23169.6650390625,7.62828290107051,0.00168056555773738,1,0.999253354069792,40.0298881530762,1.97990910430172,10.7500003650784,41.2660725028405,7.58140633548212,250,-0.0125493453813453,7.62678931286989,0.0194043284885652,299.9997253,300.0002747,23109.7109375,23229.619140625,56.3116450394675,20.8114775689067,9.256284,0,0,0,40,4449,299.8701,23169.6650390625,,,,,,,,,,,,,0,,,,18.88954735,,,,,,300,,,,
,15580311.655,300.00039675,23054.4658203125,7.63046233419262,0.00146769874795557,1,0.999253354069792,40.0298881530762,1.98033449306265,10.7399998232722,41.2865570729375,7.58491668523422,250,-0.0125989961092146,7.62896832253332,0.0193646351012849,300.0002747,300.0005188,22999.220703125,23109.7109375,57.3723149400638,20.8080854791802,9.256284,0,0,0,40,4449,299.8685,23054.4658203125,,,,,,,,,,,,,0,,,,18.88954735,,,,,,300.00039675,,,,
,15580312.74,300.00045775,22944.162109375,7.62606755765052,0.00148401507074607,1,0.999253354069792,40.0298881530762,1.98033449306265,10.7500003650784,41.2641553993456,7.57311721191773,250,-0.0139662430253704,7.62458007662768,0.0179799924269326,300.0003967,300.0005188,22889.103515625,22999.220703125,55.9536591776598,20.8080854791802,9.256284,0,0,0,40,4449,299.86735,22944.162109375,,,,,,,,,,,,,0,,,,18.88954735,,,,,,300.00045775,,,,
,15580313.795,300.00090025,22839.13671875,7.62411331217041,0.00141765822851857,1,0.999253354069792,40.0298881530762,1.98038334688319,10.7500003650784,41.2531355475193,7.57910987886578,250,-0.0125302104068521,7.62262003727911,0.0194080779957594,300.0003967,300.0014038,22789.169921875,22889.103515625,56.2069068178906,20.8156286960298,9.256284,0,0,0,40,4449,299.8676,22839.13671875,,,,,,,,,,,,,0,,,,18.88954735,,,,,,300.00090025,,,,
,15580314.91,300.0007782,22729.271484375,7.6259868553084,0.00119109907721392,1,0.999253354069792,40.0298881530762,1.98031041616007,10.7399998232722,41.2628755863656,7.57484973990517,250,-0.0136154064688985,7.62449772941229,0.0183314866774296,300.0001526,300.0014038,22669.373046875,22789.169921875,56.5922496778714,20.8111747130338,8.512546,0,0,0,40,4449,299.868,22729.271484375,,,,,,,,,,,,,0,,,,18.9839077,,,,,,300.0007782,,,,
,15580315.875,299.99917605,22629.45703125,7.62498874843932,0.0014061338049275,1,0.999253354069792,40.0298881530762,1.98038236617568,10.7399998232722,41.2603265029628,7.56664617859232,250,-0.0149969390850401,7.62350603253693,0.0169463669799348,299.9981995,300.0001526,22589.541015625,22669.373046875,56.4062220902944,20.813185812658,9.256284,0,0,0,40,4449,299.86975,22629.45703125,,,,,,,,,,,,,0,,,,18.9839077,,,,,,299.99917605,,,,
,15580316.855,299.9985199,22534.55859375,7.62439913125581,0.00127911213544644,1,0.999253354069792,40.0298881530762,1.98036290710679,10.7500003650784,41.2546803847971,7.57710345012006,250,-0.0129415076254082,7.62290805925483,0.0189994374250066,299.9981995,299.9988403,22479.576171875,22589.541015625,56.4124751184483,20.8136654821442,8.512546,0,0,0,40,4449,299.8696,22534.55859375,,,,,,,,,,,,,0,,,,18.9839077,,,,,,299.9985199,,,,
,15580318.035,299.99890135,22419.65625,7.61844279402193,0.0015028845771253,1,0.999253354069792,40.0298881530762,1.98036990634063,10.7500003650784,41.2253568210667,7.55630091933098,250,-0.0156887467379836,7.61696422496645,0.016228912269468,299.9988403,299.9989624,22359.736328125,22479.576171875,56.4468667732944,20.8155569893634,8.512546,0,0,0,40,4449,299.86565,22419.65625,,,,,,,,,,,,,0,,,,18.9839077,,,,,,299.99890135,,,,
,15580319.16,299.9992218,22304.8876953125,7.62054463677437,0.00172237372702198,1,0.999253354069792,40.0298881530762,1.9800743593087,10.7399998232722,41.2293223785333,7.56486064791752,250,-0.0142930814986313,7.61905964038594,0.0176337790603391,299.9989624,299.9994812,22250.0390625,22359.736328125,56.6813553290637,20.8116213773875,9.256284,0,0,0,40,4449,299.8651,22304.8876953125,,,,,,,,,,,,,0,,,,18.9839077,,,,,,299.9992218,,,,
,15580320.305,299.9991455,22190.123046875,7.61520280196609,0.00157737295779843,1,0.999253354069792,40.0298881530762,1.98040211802067,10.7399998232722,41.2062164615622,7.56539976492996,250,-0.013429076354227,7.61371525570105,0.0184755957242624,299.9988098,299.9994812,22130.20703125,22250.0390625,57.1010898438907,20.8164166139921,8.884414,0,0,0,40,4449,299.86705,22190.123046875,,,,,,,,,,,,,0,,,,18.9839077,,,,,,299.9991455,,,,
,15580321.435,299.99856565,22075.32421875,7.62113395985373,0.00104183704797648,1,0.999253354069792,40.0298881530762,1.98021147023316,10.7399998232722,41.235741475103,7.56355480389656,250,-0.0147393661662611,7.61965079328567,0.017191154391319,299.9983215,299.9988098,22020.44140625,22130.20703125,56.343691808756,20.8211246616205,8.884414,0,0,0,40,4449,299.86605,22075.32421875,,,,,,,,,,,,,0,,,,18.9839077,,,,,,299.99856565,,,,
,15580322.49,299.9983215,21970.462890625,7.61383403485878,0.00163054845220017,1,0.999253354069792,40.0298881530762,1.9802027748013,10.7399998232722,41.1927367771599,7.57423981318076,250,-0.0114048631135665,7.61233839415279,0.0204949556019229,299.9983215,299.9983215,21920.484375,22020.44140625,56.238953587179,20.811281030479,8.512546,0,0,0,40,4449,299.86605,21970.462890625,,,,,,,,,,,,,0,,,,18.9839077,,,,,,299.9983215,,,,
,15580323.63,299.99887085,21855.5849609375,7.61633526252909,0.00152367589423426,1,0.999253354069792,40.0298881530762,1.9804037090329,10.7399998232722,41.2121950456921,7.56750744470027,250,-0.0132521432839187,7.61484666615379,0.0186588790979041,299.9983215,299.9994202,21790.685546875,21920.484375,57.0205821064099,20.8159747943356,9.256284,0,0,0,40,4449,299.8681,21855.5849609375,,,,,,,,,,,,,0,,,,19.07919695,,,,,,299.99887085,,,,
,15580324.865,299.99920655,21730.7333984375,7.61183016113663,0.00172380236312825,1,0.999253354069792,40.0298881530762,1.98045854976372,10.7399998232722,41.1886291514855,7.56485531267444,250,-0.0129453522030639,7.61034104946792,0.0189472496127506,299.9989929,299.9994202,21670.78125,21790.685546875,56.424981174756,20.813742652084,8.512546,0,0,0,40,4449,299.86925,21730.7333984375,,,,,,,,,,,,,0,,,,18.9848366,,,,,,299.99920655,,,,
,15580325.94,299.99842835,21625.896484375,7.61408189961755,0.0012226718542538,1,0.999253354069792,40.0298881530762,1.98021350615955,10.7399998232722,41.1981929004307,7.55350261334191,250,-0.0152936583670361,7.61260233069334,0.0166094580578041,299.9978638,299.9989929,21581.01171875,21670.78125,55.9841426899098,20.8174268572093,8.512546,0,0,0,40,4449,299.86885,21625.896484375,,,,,,,,,,,,,0,,,,18.7017832,,,,,,299.99842835,,,,
,15580327.01,299.99935915,21516.0595703125,7.61134083488398,0.00144582242778418,1,0.999253354069792,40.0298881530762,1.98020886556147,10.7399998232722,41.1799410011614,7.56869634550157,250,-0.0119736625228929,7.60984759331617,0.0199179009269869,299.9978638,300.0008545,21451.107421875,21581.01171875,56.5594212800637,20.8164428317323,8.884414,0,0,0,40,4449,299.86865,21516.0595703125,,,,,,,,,,,,,0,,,,18.79614355,,,,,,299.99935915,,,,
,15580328.095,299.99975585,21406.2705078125,7.60744326907046,0.0015796621037059,1,0.999253354069792,40.0298881530762,1.98018668516461,10.7399998232722,41.1607447573289,7.55211044383668,250,-0.0143026056778522,7.60596042283265,0.0175735343688819,299.9986572,300.0008545,21361.43359375,21451.107421875,55.903634952429,20.8153565386139,9.256284,0,0,0,40,4449,299.8698,21406.2705078125,,,,,,,,,,,,,0,,,,18.9839077,,,,,,299.99975585,,,,
,15580329.19,299.9985809,21301.4658203125,7.60854627285219,0.00138328440964173,1,0.999253354069792,40.0298881530762,1.98039803887406,10.7399998232722,41.1712764263154,7.55250085025258,250,-0.0145807865015237,7.60706465682624,0.0173004645543055,299.9985046,299.9986572,21241.498046875,21361.43359375,57.241001348833,20.8146018597136,9.256284,0,0,0,40,4449,299.87075,21301.4658203125,,,,,,,,,,,,,0,,,,18.88954735,,,,,,299.9985809,,,,
,15580330.4,299.99867245,21181.619140625,7.60389713801229,0.00136363893418289,1,0.999253354069792,40.0298881530762,1.98019346311567,10.7500003650784,41.1428064434898,7.54262998224975,250,-0.015403621076148,7.60241982903229,0.0164589227184618,299.9985046,299.9988403,21121.740234375,21241.498046875,56.4984542555637,20.8078244671125,8.884414,0,0,0,40,4449,299.87095,21181.619140625,,,,,,,,,,,,,0,,,,18.88954735,,,,,,299.99867245,,,,
,15580331.565,299.9983978,21061.7578125,7.59983998589511,0.00150328773618762,1,0.999253354069792,40.0298881530762,1.98014217344,10.7399998232722,41.1168916993044,7.55418283884599,250,-0.0124807921485833,7.59835126244654,0.0193648707594018,299.9979553,299.9988403,21001.775390625,21121.740234375,56.9744660237753,20.8133663802851,9.256284,0,0,0,40,4449,299.8703,21061.7578125,,,,,,,,,,,,,0,,,,19.07919695,,,,,,299.9983978,,,,
,15580332.625,299.9982147,20956.8564453125,7.60376492879286,0.00163340389637895,1,0.999253354069792,40.0298881530762,1.98012790295012,10.7399998232722,41.1400806830131,7.54593277364234,250,-0.0147246681180817,7.60228481085934,0.0171384392898096,299.9979553,299.9984741,20911.9375,21001.775390625,56.2983573546406,20.8165124222598,9.256284,0,0,0,40,4449,299.87035,20956.8564453125,,,,,,,,,,,,,0,,,,19.07919695,,,,,,299.9982147,,,,
,15580333.965,299.9974365,20827.029296875,7.60268600806239,0.00114533525938617,1,0.999253354069792,40.0298881530762,1.98044752219082,10.7500003650784,41.1396066585972,7.55205531015699,250,-0.0136130843219862,7.60120160701401,0.0182459325543885,299.9963989,299.9984741,20742.12109375,20911.9375,56.7931282073137,20.8166108584745,9.256284,0,0,0,40,4449,299.87055,20827.029296875,,,,,,,,,,,,,0,,,,18.88954735,,,,,,299.9974365,,,,
,15580335.41,299.99671935,20682.1689453125,7.60211658439219,0.00134495856682511,1,0.999253354069792,40.0298881530762,1.98041994278606,10.7500003650784,41.1364549016107,7.54875772836114,250,-0.0140989855055281,7.60063445823806,0.0177585587712057,299.9963989,299.9970398,20622.216796875,20742.12109375,57.251162519583,20.813920039647,9.256284,0,0,0,40,4449,299.8701,20682.1689453125,,,,,,,,,,,,,0,,,,18.795187,,,,,,299.99671935,,,,
,15580336.56,299.99713135,20567.423828125,7.59684210229503,0.00151384650931053,1,0.999253354069792,40.0298881530762,1.98044300816328,10.7399998232722,41.1082666998031,7.5442158143628,250,-0.0139769454242117,7.59536037002199,0.0178589839159142,299.9970398,299.9972229,20512.630859375,20622.216796875,57.0768593597945,20.8168302349638,8.884414,0,0,0,40,4449,299.8708,20567.423828125,,,,,,,,,,,,,0,,,,18.88954735,,,,,,299.99713135,,,,
,15580337.53,299.99705505,20472.673828125,7.59761142007987,0.00138801021847547,1,0.999253354069792,40.0298881530762,1.98016952220992,10.7399998232722,41.1072628941991,7.54196351793462,250,-0.0143484795992117,7.59613107791555,0.0174910863689725,299.9968872,299.9972229,20432.716796875,20512.630859375,56.6594697305252,20.8184956412393,8.884414,0,0,0,40,4449,299.87205,20472.673828125,,,,,,,,,,,,,0,,,,18.88954735,,,,,,299.99705505,,,,
,15580338.555,299.99690245,20367.7880859375,7.59713756829245,0.00157963431914468,1,0.999253354069792,40.0298881530762,1.98006155719066,10.7399998232722,41.0993673264738,7.55805740959343,250,-0.0112112198682905,7.59564417067481,0.0206262272692567,299.9968872,299.9969177,20302.859375,20432.716796875,56.7376325824483,20.8144524084789,9.256284,0,0,0,40,4449,299.8724,20367.7880859375,,,,,,,,,,,,,0,,,,18.795187,,,,,,299.99690245,,,,
,15580339.855,299.99742125,20238.0185546875,7.59938246878744,0.00121653986865079,1,0.999253354069792,40.0298881530762,1.98019764214658,10.7399998232722,41.117330804225,7.54427267882349,250,-0.0142703402502792,7.59790123072246,0.0175777532391234,299.9969177,299.9979248,20173.177734375,20302.859375,55.6316282277367,20.8143559268352,9.256284,0,0,0,40,4449,299.87285,20238.0185546875,,,,,,,,,,,,,0,,,,18.88954735,,,,,,299.99742125,,,,
,15580340.985,299.9980774,20123.19140625,7.59208689612027,0.00169527731609253,1,0.999253354069792,40.0298881530762,1.98016660310164,10.7399998232722,41.0767653042191,7.5394097723759,250,-0.013795847667597,7.59060491345055,0.0180221236647184,299.9979248,299.99823,20073.205078125,20173.177734375,56.4632809721983,20.8133135488097,8.512546,0,0,0,40,4449,299.87325,20123.19140625,,,,,,,,,,,,,0,,,,18.9839077,,,,,,299.9980774,,,,
,15580342.015,299.9973755,20018.2939453125,7.59448937619666,0.00136997280596905,1,0.999253354069792,40.0298881530762,1.98016961269999,10.7399998232722,41.0899802700409,7.5409719188975,250,-0.013955366801688,7.5930076972908,0.0178734817951033,299.996521,299.99823,19963.3828125,20073.205078125,56.0896625400059,20.8156587335319,8.512546,0,0,0,40,4449,299.8714,20018.2939453125,,,,,,,,,,,,,0,,,,18.88954735,,,,,,299.9973755,,,,
,15580343.085,299.99713135,19913.4736328125,7.58883578137798,0.00130865532726417,1,0.999253354069792,40.0298881530762,1.98023435156501,10.7399998232722,41.0625955747789,7.5253809842697,250,-0.0158344007088649,7.58736315560472,0.0159715172201694,299.996521,299.9977417,19863.564453125,19963.3828125,56.5390989385637,20.8165868309938,9.256284,0,0,0,40,4449,299.8727,19913.4736328125,,,,,,,,,,,,,0,,,,18.795187,,,,,,299.99713135,,,,
,15580344.115,299.9977722,19808.3046875,7.58987861708339,0.00157415287273858,1,0.999253354069792,40.0298881530762,1.98009107695231,10.7399998232722,41.063680497782,7.53482758321276,250,-0.0141832596893443,7.58839864651398,0.0176270561865872,299.9977417,299.9978027,19753.044921875,19863.564453125,56.7243448976214,20.816301271147,9.256284,0,0,0,40,4449,299.87415,19808.3046875,,,,,,,,,,,,,0,,,,18.9848366,,,,,,299.9977722,,,,
,15580345.205,299.9973602,19698.1015625,7.58509930214552,0.00159809287941727,1,0.999253354069792,40.0298881530762,1.98025761830607,10.7500003650784,41.0407262753629,7.5332002698389,250,-0.0137129565260508,7.58361837423118,0.0180779803633522,299.9969177,299.9978027,19643.158203125,19753.044921875,57.0964000727753,20.8152128193312,9.256284,0,0,0,40,4449,299.87275,19698.1015625,,,,,,,,,,,,,0,,,,19.1744862,,,,,,299.9973602,,,,
,15580346.305,299.9972839,19588.2197265625,7.58213705530219,0.00133936201605788,1,0.999253354069792,40.0298881530762,1.98026530296035,10.7399998232722,41.0259657357818,7.52428877026332,250,-0.0148170536847805,7.5806613250709,0.0169622350653563,299.9969177,299.9976501,19533.28125,19643.158203125,57.4309370790061,20.8173699622612,9.256284,0,0,0,40,4449,299.87295,19588.2197265625,,,,,,,,,,,,,0,,,,18.9848366,,,,,,299.9972839,,,,
,15580347.34,299.99708555,19483.296875,7.58178150472756,0.0013664985151545,1,0.999253354069792,40.0298881530762,1.98027723203415,10.7399998232722,41.0246465491246,7.52201912794876,250,-0.0151795375979721,7.58030736143145,0.0165989634555215,299.996521,299.9976501,19433.3125,19533.28125,57.301968373333,20.8162590432907,9.256284,0,0,0,40,4449,299.87225,19483.296875,,,,,,,,,,,,,0,,,,18.795187,,,,,,299.99708555,,,,
,15580348.45,299.99671935,19373.3583984375,7.58011888136994,0.00125570670458704,1,0.999253354069792,40.0298881530762,1.98016434327117,10.7500003650784,41.0106835227333,7.5344389546751,250,-0.0124982318325406,7.57863388319218,0.0192733550824618,299.996521,299.9969177,19313.404296875,19433.3125,56.4038772047367,20.8146170331764,8.512546,0,0,0,40,4449,299.872,19373.3583984375,,,,,,,,,,,,,0,,,,18.88954735,,,,,,299.99671935,,,,
,15580349.545,299.9969177,19268.48828125,7.58189540364551,0.0013180904988239,1,0.999253354069792,40.0298881530762,1.9800243815831,10.7399998232722,41.020415443816,7.51978149396691,250,-0.015442151333236,7.58042229217822,0.0163378550381821,299.9969177,299.9969177,19223.572265625,19313.404296875,56.8439340610637,20.8160201500719,9.256284,0,0,0,40,4449,299.8733,19268.48828125,,,,,,,,,,,,,0,,,,18.88954735,,,,,,299.9969177,,,,
,15580350.555,299.99653625,19168.611328125,7.57962793974438,0.00140468689106836,1,0.999253354069792,40.0298881530762,1.98013088589006,10.7399998232722,41.0094979394795,7.52225070564506,250,-0.0146385233879611,7.57815198911999,0.0171322113213327,299.9961548,299.9969177,19113.650390625,19223.572265625,57.0463758475445,20.812691613782,8.512546,0,0,0,40,4449,299.87425,19168.611328125,,,,,,,,,,,,,0,,,,18.88954735,,,,,,299.99653625,,,,
,15580351.665,299.9965973,19053.70703125,7.5777458594029,0.00156498548187698,1,0.999253354069792,40.0298881530762,1.9802101793597,10.7500003650784,40.9996745665929,7.52737117730855,250,-0.0133978255028063,7.57626500888903,0.018365446685661,299.9961548,299.9970398,18993.763671875,19113.650390625,56.7939098358329,20.8176977789444,9.256284,0,0,0,40,4449,299.87355,19053.70703125,,,,,,,,,,,,,0,,,,18.88954735,,,,,,299.9965973,,,,
,15580352.82,299.99612425,18938.9453125,7.57931708733325,0.00121554227739277,1,0.999253354069792,40.0298881530762,1.98052294065859,10.7399998232722,41.0146196385091,7.52941197424694,250,-0.0135270221794489,7.57783652200966,0.0182435944143292,299.9952087,299.9970398,18884.126953125,18993.763671875,56.2420801012559,20.8161097042327,8.512546,0,0,0,40,4449,299.8724,18938.9453125,,,,,,,,,,,,,0,,,,18.88954735,,,,,,299.99612425,,,,
,15580353.86,299.99545285,18839.1982421875,7.5735752362184,0.00163279339482767,1,0.999253354069792,40.0298881530762,1.98020017055054,10.7399998232722,40.9782036663963,7.51620568621486,250,-0.0146832730090292,7.57210081886533,0.0170640414676666,299.9952087,299.995697,18794.26953125,18884.126953125,57.0659165605253,20.8196050043604,8.512546,0,0,0,40,4449,299.87225,18839.1982421875,,,,,,,,,,,,,0,,,,18.88954735,,,,,,299.99545285,,,,
,15580354.94,299.9953613,18729.31640625,7.57633646680818,0.00148724409252669,1,0.999253354069792,40.0298881530762,1.98026532254157,10.7500003650784,40.9943572535698,7.5197373119962,250,-0.0145874167668735,7.57486106752657,0.017171932555442,299.9950256,299.995697,18664.36328125,18794.26953125,56.4460851447752,20.8151391460999,8.512546,0,0,0,40,4449,299.8729,18729.31640625,,,,,,,,,,,,,0,,,,18.795187,,,,,,299.9953613,,,,
,15580356.055,299.99565125,18614.4482421875,7.57107999081568,0.00127462466529056,1,0.999253354069792,40.0298881530762,1.98021117663718,10.7399998232722,40.9660831320218,7.50751866822045,250,-0.0158351617375603,7.56961076102791,0.0159028879233484,299.9950256,299.9962769,18564.533203125,18664.36328125,56.3569794935829,20.8142697869423,9.256284,0,0,0,40,4449,299.87375,18614.4482421875,,,,,,,,,,,,,0,,,,18.88954735,,,,,,299.99565125,,,,
,15580357.2,299.99557495,18499.572265625,7.56802664257773,0.00161623095296126,1,0.999253354069792,40.0298881530762,1.98001835410672,10.7399998232722,40.943997328855,7.51281227680705,250,-0.0141588132353545,7.56655098238147,0.0175665648179836,299.994873,299.9962769,18434.611328125,18564.533203125,56.4648442292367,20.8115325153128,9.256284,0,0,0,40,4449,299.8747,18499.572265625,,,,,,,,,,,,,0,,,,18.88954735,,,,,,299.99557495,,,,
,15580358.465,299.99493405,18374.76953125,7.56975300669999,0.00170888828711023,1,0.999253354069792,40.0298881530762,1.98016084108122,10.7399998232722,40.9556649734962,7.51800605038646,250,-0.0136167244555448,7.56827485014316,0.0181163345228289,299.994873,299.9949951,18314.927734375,18434.611328125,56.1990905326983,20.814661091757,8.512546,0,0,0,40,4449,299.87535,18374.76953125,,,,,,,,,,,,,0,,,,18.88954735,,,,,,299.99493405,,,,
,15580359.64,299.99583435,18259.9736328125,7.57202752351877,0.00131103339814735,1,0.999253354069792,40.0298881530762,1.9802197352674,10.7399998232722,40.9703610877807,7.51399333105165,250,-0.0148215290710928,7.57055361870443,0.0169222107450395,299.9949951,299.9966736,18205.01953125,18314.927734375,56.3593243791406,20.8180852826992,9.256284,0,0,0,40,4449,299.8728,18259.9736328125,,,,,,,,,,,,,0,,,,18.79614355,,,,,,299.99583435,,,,
,15580360.69,299.99601745,18155.15625,7.56711787601364,0.00145403979735388,1,0.999253354069792,40.0298881530762,1.98040517418968,10.7500003650784,40.945953941951,7.51833629205122,250,-0.0132356559590321,7.56563822000583,0.0184876887544043,299.9953613,299.9966736,18105.29296875,18205.01953125,56.9775925378522,20.8141451897569,9.256284,0,0,0,40,4449,299.873,18155.15625,,,,,,,,,,,,,0,,,,18.79614355,,,,,,299.99601745,,,,
,15580361.765,299.99565125,18045.3466796875,7.56728883707674,0.00161591910558316,1,0.999253354069792,40.0298881530762,1.98025149199532,10.7399998232722,40.9421061469901,7.5269648114807,250,-0.0115672697455798,7.56580222011921,0.0201568165399922,299.9953613,299.9959412,17985.400390625,18105.29296875,56.8861420011022,20.8138632551235,8.512546,0,0,0,40,4449,299.87455,18045.3466796875,,,,,,,,,,,,,0,,,,18.9839077,,,,,,299.99565125,,,,
,15580362.92,299.99655155,17930.5048828125,7.56476816281434,0.00105271721575397,1,0.999253354069792,40.0298881530762,1.98018116267957,10.7399998232722,40.9307801131112,7.50407323022613,250,-0.0152847447977217,7.56329731714247,0.0164302912971657,299.9959412,299.9971619,17875.609375,17985.400390625,56.3343122665252,20.815819511168,9.256284,0,0,0,40,4449,299.8731,17930.5048828125,,,,,,,,,,,,,0,,,,18.9839077,,,,,,299.99655155,,,,
,15580364.025,299.9971161,17820.6640625,7.56241849402745,0.00153010335126527,1,0.999253354069792,40.0298881530762,1.98013711655791,10.7500003650784,40.9166394408578,7.50448319616931,250,-0.0147436494547793,7.56094564898248,0.0169619569316325,299.9970703,299.9971619,17765.71875,17875.609375,55.9075430950251,20.8127872953264,8.512546,0,0,0,40,4449,299.8733,17820.6640625,,,,,,,,,,,,,0,,,,19.07919695,,,,,,299.9971161,,,,
,15580365.135,299.99723815,17710.8447265625,7.55975267920071,0.00165090231809358,1,0.999253354069792,40.0298881530762,1.98014272321788,10.7399998232722,40.9001437477674,7.51364133340236,250,-0.0125602613072668,7.55827115365967,0.0191340872502026,299.9970703,299.997406,17655.970703125,17765.71875,55.659766854429,20.8175044292554,9.256284,0,0,0,40,4449,299.87485,17710.8447265625,,,,,,,,,,,,,0,,,,19.1744862,,,,,,299.99723815,,,,
,15580366.315,299.9969635,17595.947265625,7.55944099653799,0.001547994534234,1,0.999253354069792,40.0298881530762,1.98037668786347,10.7399998232722,40.9045387550452,7.50682120268946,250,-0.0139239035946111,7.55796527878153,0.0177699258337495,299.996521,299.997406,17535.923828125,17655.970703125,56.0263506299482,20.819013546477,8.512546,0,0,0,40,4449,299.8754,17595.947265625,,,,,,,,,,,,,0,,,,19.1744862,,,,,,299.9969635,,,,
,15580367.385,299.99612425,17485.99609375,7.56024502239458,0.00123721580192725,1,0.999253354069792,40.0298881530762,1.98014359017598,10.7399998232722,40.9045114310842,7.50504488287112,250,-0.0142426720312578,7.55877065780845,0.0174551595077515,299.9957275,299.996521,17436.068359375,17535.923828125,56.3327490094867,20.8139984198693,8.512546,0,0,0,40,4449,299.8753,17485.99609375,,,,,,,,,,,,,0,,,,18.9848366,,,,,,299.99612425,,,,
,15580368.405,299.99591065,17381.1220703125,7.55671883142856,0.00154708498857561,1,0.999253354069792,40.0298881530762,1.98014105708491,10.7500003650784,40.8848646647644,7.50432558863552,250,-0.0137206538741427,7.5552429995865,0.0179628537048272,299.9957275,299.9960938,17326.17578125,17436.068359375,55.9380266072751,20.8121941244516,8.512546,0,0,0,40,4449,299.875,17381.1220703125,,,,,,,,,,,,,0,,,,18.7017832,,,,,,299.99591065,,,,
,15580369.57,299.9966736,17266.4228515625,7.555905533697,0.001332719391937,1,0.999253354069792,40.0298881530762,1.98029999254625,10.7399998232722,40.883873636417,7.50297100689561,250,-0.0139295878161274,7.5544304594136,0.0177512964726094,299.9960938,299.9972534,17206.669921875,17326.17578125,56.3218062102175,20.8168167738068,8.512546,0,0,0,40,4449,299.87365,17266.4228515625,,,,,,,,,,,,,0,,,,18.7017832,,,,,,299.9966736,,,,
,15580370.64,299.9963379,17161.6494140625,7.55644602562635,0.001402474623597,1,0.999253354069792,40.0298881530762,1.98029999254625,10.7500003650784,40.8855053822336,7.51048094530775,250,-0.0126419585046401,7.55496548366905,0.0190414873700107,299.9954224,299.9972534,17116.62890625,17206.669921875,56.1889293619483,20.8168167738068,8.512546,0,0,0,40,4449,299.8734,17161.6494140625,,,,,,,,,,,,,0,,,,18.88954735,,,,,,299.9963379,,,,
,15580371.645,299.9959259,17061.7041015625,7.55241287523466,0.00177069554591791,1,0.999253354069792,40.0298881530762,1.98031874294021,10.7399998232722,40.8651888722667,7.5004598139501,250,-0.0137599710711775,7.55093791923247,0.0179071558190393,299.9954224,299.9964294,17006.779296875,17116.62890625,55.2556649099866,20.8208539633868,8.884414,0,0,0,40,4449,299.8745,17061.7041015625,,,,,,,,,,,,,0,,,,18.88954735,,,,,,299.9959259,,,,
,15580372.795,299.99685665,16946.90234375,7.55047247374736,0.00149976619764872,1,0.999253354069792,40.0298881530762,1.98024690712789,10.7500003650784,40.8542320222788,7.4929303655991,250,-0.0147435968994191,7.5490017301434,0.0169160802395839,299.9964294,299.9972839,16887.025390625,17006.779296875,56.4867298277752,20.8210650150107,8.512546,0,0,0,40,4449,299.8752,16946.90234375,,,,,,,,,,,,,0,,,,18.88954735,,,,,,299.99685665,,,,
,15580373.83,299.9965057,16842.0400390625,7.55079835523746,0.00152015004308943,1,0.999253354069792,40.0298881530762,1.98045165821545,10.7500003650784,40.8584606394583,7.50293636372273,250,-0.0130945410334661,7.54932067630904,0.0185667227275982,299.9957275,299.9972839,16797.0546875,16887.025390625,56.7751507513714,20.8211369149062,8.512546,0,0,0,40,4449,299.87495,16842.0400390625,,,,,,,,,,,,,0,,,,18.88954735,,,,,,299.9965057,,,,
,15580374.87,299.9958496,16737.1083984375,7.55117229891204,0.00143261139318193,1,0.999253354069792,40.0298881530762,1.98017100360952,10.7500003650784,40.8546652319869,7.50319680081671,250,-0.0129246485885583,7.54969395316639,0.0187387908892101,299.9957275,299.9959717,16677.162109375,16797.0546875,56.8126689202945,20.8162984367795,9.256284,0,0,0,40,4449,299.874,16737.1083984375,,,,,,,,,,,,,0,,,,18.88954735,,,,,,299.9958496,,,,
,15580375.97,299.99516295,16627.2705078125,7.54691689852621,0.00155609572529986,1,0.999253354069792,40.0298881530762,1.98020048143458,10.7399998232722,40.8323543286407,7.49843698152569,250,-0.0130363218128108,7.54544002412312,0.01860983917467,299.9943542,299.9959717,16577.37890625,16677.162109375,57.1683098965445,20.8177362014599,8.512546,0,0,0,40,4449,299.87405,16627.2705078125,,,,,,,,,,,,,0,,,,19.07919695,,,,,,299.99516295,,,,
,15580376.96,299.9959259,16527.1171875,7.54563080192301,0.00163676042449051,1,0.999253354069792,40.0298881530762,1.9801782828581,10.7500003650784,40.8257939609384,7.49251575959695,250,-0.0138778035518562,7.54415746663632,0.0177635333291109,299.9943542,299.9974976,16476.85546875,16577.37890625,56.5258112537367,20.8151150081362,9.256284,0,0,0,40,4449,299.87485,16527.1171875,,,,,,,,,,,,,0,,,,18.9848366,,,,,,299.9959259,,,,
,15580377.965,299.9970856,16426.8291015625,7.54430210572083,0.00154605298310671,1,0.999253354069792,40.0298881530762,1.98015647427673,10.7399998232722,40.8187757925524,7.48781916676827,250,-0.0144853195712743,7.542831218701,0.0171510541334468,299.9966736,299.9974976,16376.802734375,16476.85546875,57.0182372208522,20.8181723789626,9.256284,0,0,0,40,4449,299.87495,16426.8291015625,,,,,,,,,,,,,0,,,,18.9848366,,,,,,299.9970856,,,,
,15580379.045,299.99717715,16321.8686523438,7.54102786388644,0.00137489607611812,1,0.999253354069792,40.0298881530762,1.98039211034543,10.7500003650784,40.8060518446895,7.48405655132426,250,-0.0147349807996017,7.53955861111259,0.0168882597242626,299.9966736,299.9976807,16266.9345703125,16376.802734375,55.9161410087367,20.8186926005885,8.512546,0,0,0,40,4449,299.87475,16321.8686523438,,,,,,,,,,,,,0,,,,18.9848366,,,,,,299.99717715,,,,
,15580380.245,299.9971161,16202.0146484375,7.54203690806377,0.00155598446867646,1,0.999253354069792,40.0298881530762,1.9803238266669,10.7399998232722,40.8103554678492,7.48364020148814,250,-0.0149531234445782,7.54056832446961,0.0166749982257159,299.9965515,299.9976807,16137.0947265625,16266.9345703125,55.9614754628521,20.8161265682124,9.256284,0,0,0,40,4449,299.87465,16202.0146484375,,,,,,,,,,,,,0,,,,18.88954735,,,,,,299.9971161,,,,
,15580381.485,299.9963379,16077.12109375,7.54026620935097,0.00122120749745126,1,0.999253354069792,40.0298881530762,1.98010189546421,10.7399998232722,40.7935941920472,7.4957395760525,250,-0.0122369861993129,7.53878676172417,0.019383689651714,299.9961243,299.9965515,16017.1474609375,16137.0947265625,56.5140868259483,20.8159792896339,8.512546,0,0,0,40,4449,299.87535,16077.12109375,,,,,,,,,,,,,0,,,,18.88954735,,,,,,299.9963379,,,,
,15580382.715,299.99584965,15952.2387695313,7.5362257464495,0.00133564184759604,1,0.999253354069792,40.0298881530762,1.98036784260851,10.7500003650784,40.779742258435,7.47832810031268,250,-0.0148888571107213,7.53475831251921,0.0167160680297748,299.995575,299.9961243,15887.330078125,16017.1474609375,56.5453519667175,20.8155649295916,8.884414,0,0,0,40,4449,299.87505,15952.2387695313,,,,,,,,,,,,,0,,,,18.88954735,,,,,,299.99584965,,,,
,15580383.82,299.995575,15842.41796875,7.53695162254378,0.00125831900793959,1,0.999253354069792,40.0298881530762,1.98025312963454,10.7500003650784,40.7840458577222,7.46417326516823,250,-0.0175629408685977,7.53549527076502,0.0140462054841994,299.995575,299.995575,15797.505859375,15887.330078125,56.5148684544675,20.8210629711486,8.512546,0,0,0,40,4449,299.8743,15842.41796875,,,,,,,,,,,,,0,,,,18.88954735,,,,,,299.995575,,,,
,15580384.875,299.9958954,15737.5649414062,7.53738508877169,0.0017702810183606,1,0.999253354069792,40.0298881530762,1.98018860531917,10.7399998232722,40.7796136940975,7.4939231167377,250,-0.0120994406517341,7.53590561367529,0.0195107865255413,299.995575,299.9962158,15677.6240234375,15797.505859375,56.0982604537175,20.8144737777719,8.512546,0,0,0,40,4449,299.87545,15737.5649414062,,,,,,,,,,,,,0,,,,18.88954735,,,,,,299.9958954,,,,
,15580386.06,299.9960022,15617.7504882812,7.53423623420068,0.00176896263329852,1,0.999253354069792,40.0298881530762,1.98009359861598,10.7399998232722,40.7627500464939,7.4792207618885,250,-0.014169689254834,7.53276599480129,0.0174283356039396,299.9957886,299.9962158,15557.876953125,15677.6240234375,56.086536025929,20.8173861635968,8.512546,0,0,0,40,4449,299.8755,15617.7504882812,,,,,,,,,,,,,0,,,,18.9839077,,,,,,299.9960022,,,,
,15580387.255,299.99543765,15497.927734375,7.52815213577429,0.00156878929008505,1,0.999253354069792,40.0298881530762,1.9802579452181,10.7500003650784,40.7340593483295,7.46877945848924,250,-0.0150843667899144,7.52668707944046,0.0164887989134443,299.9950867,299.9957886,15437.978515625,15557.876953125,56.5430070811598,20.8211188440808,9.256284,0,0,0,40,4449,299.87645,15497.927734375,,,,,,,,,,,,,0,,,,18.88954735,,,,,,299.99543765,,,,
,15580388.335,299.99528505,15388.0620117188,7.52989390448062,0.00155898713357957,1,0.999253354069792,40.0298881530762,1.98030811776946,10.7500003650784,40.7430495283634,7.47846428881151,250,-0.0136515373985771,7.52842247339092,0.0179292167174691,299.9950867,299.9954834,15338.1455078125,15437.978515625,56.2905410694483,20.8157366528487,9.256284,0,0,0,40,4449,299.87615,15388.0620117188,,,,,,,,,,,,,0,,,,18.795187,,,,,,299.99528505,,,,
,15580389.455,299.99583435,15278.2299804687,7.53056646403592,0.00150744689002694,1,0.999253354069792,40.0298881530762,1.9801926583455,10.7399998232722,40.7446286612574,7.47731345570579,250,-0.013910983565008,7.52909577193578,0.0176732734536862,299.9954834,299.9961853,15218.314453125,15338.1455078125,56.4687523718329,20.8225365283363,9.256284,0,0,0,40,4449,299.8754,15278.2299804687,,,,,,,,,,,,,0,,,,18.88954735,,,,,,299.99583435,,,,
,15580390.54,299.9963379,15173.3369140625,7.52575317777158,0.00145860982863095,1,0.999253354069792,40.0298881530762,1.98036237523119,10.7399998232722,40.7235685863868,7.4646400689429,250,-0.015477430942911,7.52428984634172,0.0160874446804333,299.9961853,299.9964905,15128.359375,15218.314453125,55.9474061495059,20.8226985728186,8.512546,0,0,0,40,4449,299.8756,15173.3369140625,,,,,,,,,,,,,0,,,,18.88954735,,,,,,299.9963379,,,,
,15580391.49,299.99609375,15078.48828125,7.52847482500318,0.00143639350213798,1,0.999253354069792,40.0298881530762,1.98031622577441,10.7500003650784,40.7358528957418,7.47535261873455,250,-0.0139707502698959,7.52700464171108,0.0176057393731229,299.995697,299.9964905,15028.6171875,15128.359375,55.7387113348713,20.8251934986482,8.884414,0,0,0,40,4449,299.87525,15078.48828125,,,,,,,,,,,,,0,,,,18.795187,,,,,,299.99609375,,,,
,15580392.59,299.99630735,14968.6108398438,7.52265361372497,0.00166652398219723,1,0.999253354069792,40.0298881530762,1.98001205371169,10.7399998232722,40.6956528783096,7.48249251654124,250,-0.0113645681920782,7.52117357393917,0.0201874940362031,299.995697,299.9969177,14908.6044921875,15028.6171875,56.0208792303136,20.8198573537172,9.256284,0,0,0,40,4449,299.8754,14968.6108398438,,,,,,,,,,,,,0,,,,18.795187,,,,,,299.99630735,,,,
,15580393.575,299.9969177,14868.8251953125,7.52588009279135,0.00147416645487843,1,0.999253354069792,40.0298881530762,1.9799922992869,10.7500003650784,40.7153088694485,7.47161314600826,250,-0.0139613976370192,7.52441008099932,0.0176051270869266,299.9969177,299.9969177,14829.0458984375,14908.6044921875,56.5945945634291,20.8159856025614,9.256284,0,0,0,40,4449,299.87605,14868.8251953125,,,,,,,,,,,,,0,,,,18.795187,,,,,,299.9969177,,,,
,15580394.5,299.99542235,14774.171875,7.52351899367706,0.00119234414578849,1,0.999253354069792,40.0298881530762,1.98036421512888,10.7399998232722,40.7099701461364,7.47076909688378,250,-0.0139331614228425,7.52204971991822,0.0176238528508803,299.993927,299.9969177,14719.2978515625,14829.0458984375,57.2972786022176,20.815298576508,9.256284,0,0,0,40,4449,299.87655,14774.171875,,,,,,,,,,,,,0,,,,18.9848366,,,,,,299.99542235,,,,
,15580395.68,299.99450685,14659.3505859375,7.52090976722318,0.00153542030041889,1,0.999253354069792,40.0298881530762,1.98020771628794,10.7500003650784,40.6927002309613,7.46768690485776,250,-0.0139133091590665,7.51944114205827,0.0176333018226775,299.993927,299.9950867,14599.4033203125,14719.2978515625,56.2764717561021,20.817296820757,9.256284,0,0,0,40,4449,299.87665,14659.3505859375,,,,,,,,,,,,,0,,,,18.9848366,,,,,,299.99450685,,,,
,15580396.75,299.9950867,14554.4609375,7.5170474881696,0.00149960263423175,1,0.999253354069792,40.0298881530762,1.98007088269576,10.7500003650784,40.6679854482503,7.46914688648548,250,-0.0128345602278954,7.51557491727152,0.0186961018512719,299.9950867,299.9950867,14509.5185546875,14599.4033203125,57.1558038402368,20.8179091709061,8.512546,0,0,0,40,4449,299.87695,14554.4609375,,,,,,,,,,,,,0,,,,18.88954735,,,,,,299.9950867,,,,
,15580397.72,299.9949646,14454.5844726562,7.51876329244146,0.00133572380223566,1,0.999253354069792,40.0298881530762,1.98024628560316,10.7399998232722,40.6844284193641,7.45183600895467,250,-0.0164730244925642,7.51730561755608,0.0150660984722687,299.9948425,299.9950867,14399.650390625,14509.5185546875,56.5703640793329,20.8224538198456,8.512546,0,0,0,40,4449,299.8766,14454.5844726562,,,,,,,,,,,,,0,,,,18.9839077,,,,,,299.9949646,,,,
,15580398.865,299.9951782,14339.7944335938,7.51808550718681,0.00164168925529921,1,0.999253354069792,40.0298881530762,1.98031295303128,10.7399998232722,40.6787004662203,7.46972168883952,250,-0.0130864240338588,7.5166136595675,0.0184496592198339,299.9948425,299.9955139,14279.9384765625,14399.650390625,55.626156828102,20.818443530127,8.884414,0,0,0,40,4449,299.8771,14339.7944335938,,,,,,,,,,,,,0,,,,18.9839077,,,,,,299.9951782,,,,
,15580399.91,299.9953613,14234.8486328125,7.51577957772826,0.00155648383996884,1,0.999253354069792,40.0298881530762,1.98024702777324,10.7399998232722,40.6667527146297,7.45721055946604,250,-0.0149275499190493,7.51431582372007,0.0165997213873265,299.9952087,299.9955139,14189.7587890625,14279.9384765625,57.0205821064099,20.8230342377747,8.512546,0,0,0,40,4449,299.87725,14234.8486328125,,,,,,,,,,,,,0,,,,18.9839077,,,,,,299.9953613,,,,
,15580401.875,299.9949951,14039.98046875,7.51248292162625,0.00140158261412435,1,0.999253354069792,40.0298881530762,1.98031398626319,10.7500003650784,40.649760760805,7.45685400590404,250,-0.0144288419371618,7.51101773288521,0.0170856967691108,299.9949951,299.9949951,14030.05078125,14049.91015625,55.629283342179,20.821297441169,8.512546,0,0,0,40,4449,299.87515,14039.98046875,,,,,,,,,,,,,0,,,,18.795187,,,,,,299.9949951,,,,
,15580402.515,299.99572755,13975.197265625,7.51151070175344,0.00158560825457199,1,0.999253354069792,40.0298881530762,1.98003528207431,10.7399998232722,40.6376085308159,7.46193579455532,250,-0.0131197156173975,7.510040008185,0.0183905652094655,299.9949951,299.99646,13920.34375,14030.05078125,56.7134020983521,20.8155976170023,8.884414,0,0,0,40,4449,299.87695,13975.197265625,,,,,,,,,,,,,0,,,,18.9848366,,,,,,299.99572755,,,,
,15580403.47,299.99557495,13880.3940429688,7.5095677600339,0.00134378250459074,1,0.999253354069792,40.0298881530762,1.98023750021685,10.7399998232722,40.6315210580818,7.45871672967478,250,-0.0134922991527095,7.50809903954682,0.0180101870389106,299.9946899,299.99646,13840.4443359375,13920.34375,56.8298647477175,20.8166905712634,9.256284,0,0,0,40,4449,299.87835,13880.3940429688,,,,,,,,,,,,,0,,,,18.9848366,,,,,,299.99557495,,,,
,15580404.505,299.9954376,13780.4501953125,7.50482931775552,0.00150265061386148,1,0.999253354069792,40.0298881530762,1.98019576935054,10.7399998232722,40.6068260224179,7.44427083144193,250,-0.0152565536317796,7.50336896158345,0.0162267988992459,299.9946899,299.9961853,13720.4560546875,13840.4443359375,55.9294286935636,20.819522426228,8.884414,0,0,0,40,4449,299.8791,13780.4501953125,,,,,,,,,,,,,0,,,,18.795187,,,,,,299.9954376,,,,
,15580405.715,299.9958496,13660.599609375,7.5041631368181,0.00165996231579519,1,0.999253354069792,40.0298881530762,1.9802294935882,10.7500003650784,40.6020327674082,7.45377650504224,250,-0.0133990656103096,7.50269494830696,0.0180817666829249,299.9955139,299.9961853,13600.7431640625,13720.4560546875,56.5172133400252,20.8163044754829,9.256284,0,0,0,40,4449,299.87845,13660.599609375,,,,,,,,,,,,,0,,,,18.795187,,,,,,299.9958496,,,,
,15580406.65,299.9955139,13565.8076171875,7.50626192530153,0.00166659583669977,1,0.999253354069792,40.0298881530762,1.9802294935882,10.7399998232722,40.6143105323489,7.45089011364293,250,-0.0143223644898256,7.50479723160907,0.0171679291766559,299.9955139,299.9955139,13530.8720703125,13600.7431640625,56.3694855498906,20.8163044754829,8.512546,0,0,0,40,4449,299.8783,13565.8076171875,,,,,,,,,,,,,0,,,,18.795187,,,,,,299.9955139,,,,
,15580407.61,299.99519345,13465.88671875,7.50513919417697,0.00157895448607166,1,0.999253354069792,40.0298881530762,1.98037024675801,10.7399998232722,40.6105174559266,7.45317095171697,250,-0.0137886091969826,7.50367252230025,0.0176974531123487,299.994873,299.9955139,13400.9013671875,13530.8720703125,56.9095908566791,20.8173686278972,9.256284,0,0,0,40,4449,299.8774,13465.88671875,,,,,,,,,,,,,0,,,,18.795187,,,,,,299.99519345,,,,
,15580408.765,299.99493405,13350.9892578125,7.50146534084877,0.00145880315694861,1,0.999253354069792,40.0298881530762,1.98014366587733,10.7399998232722,40.5894060165897,7.43090708938418,250,-0.0170708114008923,7.50001317727853,0.0144013304494649,299.994873,299.9949951,13301.0771484375,13400.9013671875,57.1831608384099,20.8274931227942,8.884414,0,0,0,40,4449,299.87515,13350.9892578125,,,,,,,,,,,,,0,,,,18.88954735,,,,,,299.99493405,,,,
,15580409.695,299.9949951,13261.2075195313,7.49930119635127,0.00147004635283295,1,0.999253354069792,40.0298881530762,1.98014366587733,10.7500003650784,40.5735598768872,7.45106860132738,250,-0.0129420730053057,7.49783211146702,0.0185204027287304,299.9949951,299.9949951,13221.337890625,13301.0771484375,56.6946430138906,20.8274931227942,8.512546,0,0,0,40,4449,299.87655,13261.2075195313,,,,,,,,,,,,,0,,,,18.88954735,,,,,,299.9949951,,,,
,15580410.72,299.9949951,13155.830078125,7.49710648690511,0.001634170221762,1,0.999253354069792,40.0298881530762,1.98021242203728,10.7399998232722,40.5630584078971,7.44914545303345,250,-0.012937691684671,7.49563779438809,0.018515943877341,299.9949951,299.9949951,13090.322265625,13221.337890625,56.0193159732752,20.8210127079121,8.512546,0,0,0,40,4449,299.8776,13155.830078125,,,,,,,,,,,,,0,,,,18.795187,,,,,,299.9949951,,,,
,15580411.875,299.9943237,13040.3334960938,7.4987159161027,0.0015987406523114,1,0.999253354069792,40.0298881530762,1.98012258070916,10.7399998232722,40.5687165913929,7.45718278549403,250,-0.0116897339199189,7.49724179129333,0.0197709824376582,299.9936523,299.9949951,12990.3447265625,13090.322265625,56.7227816405829,20.817048863063,8.512546,0,0,0,40,4449,299.8773,13040.3334960938,,,,,,,,,,,,,0,,,,18.795187,,,,,,299.9943237,,,,
,15580412.93,299.99430845,12935.35546875,7.49555569781411,0.00135086785099608,1,0.999253354069792,40.0298881530762,1.98010581631948,10.7500003650784,40.5526596487292,7.44656175856884,250,-0.0130567242302886,7.49408789607366,0.0183916180698834,299.9936523,299.9949646,12880.3662109375,12990.3447265625,56.2366087016213,20.8205675323822,9.256284,0,0,0,40,4449,299.8764,12935.35546875,,,,,,,,,,,,,0,,,,18.9848366,,,,,,299.99430845,,,,
,15580414.07,299.9954376,12820.4887695313,7.49319116129685,0.00133046965015118,1,0.999253354069792,40.0298881530762,1.9802232961703,10.7500003650784,40.5457272226598,7.42568104098557,250,-0.0165587603465628,7.49173818512212,0.0148807390280023,299.9949646,299.9959106,12760.611328125,12880.3662109375,56.9150622563137,20.8213063596312,9.256284,0,0,0,40,4449,299.8778,12820.4887695313,,,,,,,,,,,,,0,,,,19.07919695,,,,,,299.9954376,,,,
,15580415.255,299.99490355,12700.6513671875,7.49266416600289,0.00146115892540486,1,0.999253354069792,40.0298881530762,1.98036179524202,10.7399998232722,40.5438698455005,7.435222451497,250,-0.0147912750646826,7.49120398168952,0.0166461546702036,299.9938965,299.9959106,12640.69140625,12760.611328125,56.9791557948906,20.8214319199607,9.256284,0,0,0,40,4449,299.8783,12700.6513671875,,,,,,,,,,,,,0,,,,18.88954735,,,,,,299.99490355,,,,
,15580416.32,299.99427795,12595.681640625,7.48943745230554,0.00170470204376071,1,0.999253354069792,40.0298881530762,1.98012687437988,10.7399998232722,40.5186776879685,7.44757393933147,250,-0.0117508360762979,7.48796528052797,0.0196730667720768,299.9938965,299.9946594,12550.671875,12640.69140625,56.1154562811405,20.8239358022583,8.884414,0,0,0,40,4449,299.8772,12595.681640625,,,,,,,,,,,,,0,,,,18.795187,,,,,,299.99427795,,,,
,15580417.385,299.99494935,12490.7431640625,7.48762246744417,0.0018061052009227,1,0.999253354069792,40.0298881530762,1.98017806047858,10.7399998232722,40.5141224611822,7.42307010620945,250,-0.0159797163745792,7.48616819454251,0.0154377100125706,299.9946594,299.9952393,12430.814453125,12550.671875,56.6782288149868,20.8219498807106,9.256284,0,0,0,40,4449,299.8789,12490.7431640625,,,,,,,,,,,,,0,,,,18.795187,,,,,,299.99494935,,,,
,15580418.515,299.99479675,12375.970703125,7.49025711301094,0.00185473512513702,1,0.999253354069792,40.0298881530762,1.98023170177491,10.7399998232722,40.5276547117869,7.43555386622694,250,-0.0141970050608248,7.48879481720036,0.0172316420025475,299.9943542,299.9952393,12321.126953125,12430.814453125,57.3371416566984,20.8191123293981,9.256284,0,0,0,40,4449,299.87895,12375.970703125,,,,,,,,,,,,,0,,,,18.795187,,,,,,299.99479675,,,,
,15580419.45,299.99459835,12281.275390625,7.48574549241954,0.00166266322432655,1,0.999253354069792,40.0298881530762,1.98019910329635,10.7399998232722,40.5045876779329,7.4202010636612,250,-0.0161771631192034,7.48429244872261,0.0152332434817918,299.9943542,299.9948425,12241.423828125,12321.126953125,56.7259081546598,20.8189026950249,9.256284,0,0,0,40,4449,299.8802,12281.275390625,,,,,,,,,,,,,0,,,,18.795187,,,,,,299.99459835,,,,
,15580420.465,299.99430845,12181.4790039062,7.48483579724538,0.00117869362803006,1,0.999253354069792,40.0298881530762,1.98013161355878,10.7399998232722,40.4986832878066,7.41708981131225,250,-0.0165385351430008,7.48338449579672,0.0148685362707492,299.9937744,299.9948425,12121.5341796875,12241.423828125,56.0013385173328,20.8216085137016,8.512546,0,0,0,40,4449,299.88065,12181.4790039062,,,,,,,,,,,,,0,,,,18.795187,,,,,,299.99430845,,,,
,15580421.625,299.9945526,12066.57421875,7.48223497831826,0.00164740535581808,1,0.999253354069792,40.0298881530762,1.98013501272286,10.7399998232722,40.4822191042541,7.42778501349412,250,-0.0140818246323467,7.48077375963029,0.0173145787283534,299.9937744,299.9953308,12011.6142578125,12121.5341796875,56.6618146160829,20.8203532935288,8.512546,0,0,0,40,4449,299.87895,12066.57421875,,,,,,,,,,,,,0,,,,18.795187,,,,,,299.9945526,,,,
,15580422.675,299.9945831,11961.59765625,7.48250744126811,0.00130944335309486,1,0.999253354069792,40.0298881530762,1.9802231498921,10.7399998232722,40.4870968539903,7.41949939757156,250,-0.0157243965021094,7.4810529973628,0.0156740440070284,299.9938354,299.9953308,11911.5810546875,12011.6142578125,56.5430070811598,20.8167340415059,8.512546,0,0,0,40,4449,299.87835,11961.59765625,,,,,,,,,,,,,0,,,,18.88954735,,,,,,299.9945831,,,,
,15580423.79,299.9946594,11851.6577148438,7.47809858188481,0.00171381686853182,1,0.999253354069792,40.0298881530762,1.98033338173556,10.7399998232722,40.4643538769327,7.42137414950557,250,-0.0146353610138629,7.4766403838853,0.0167449846786487,299.9938354,299.9954834,11791.734375,11911.5810546875,57.0596635323714,20.8223072737064,9.256284,0,0,0,40,4449,299.8774,11851.6577148438,,,,,,,,,,,,,0,,,,19.07919695,,,,,,299.9946594,,,,
,15580424.915,299.9950409,11736.7836914062,7.47891988442543,0.00152163924635834,1,0.999253354069792,40.0298881530762,1.98014403264319,10.7399998232722,40.4658194745062,7.41720166438877,250,-0.0154316267139532,7.47746470681745,0.015952837631949,299.9945984,299.9954834,11681.8330078125,11791.734375,56.3874630058329,20.8202632713783,8.512546,0,0,0,40,4449,299.87755,11736.7836914062,,,,,,,,,,,,,0,,,,19.07919695,,,,,,299.9950409,,,,
,15580425.98,299.9944763,11631.7973632812,7.47616522889857,0.0014843251771201,1,0.999253354069792,40.0298881530762,1.98015042086944,10.7399998232722,40.4501169493593,7.41948673339766,250,-0.0145031462010611,7.47470682661615,0.0168700356664508,299.9943542,299.9945984,11581.76171875,11681.8330078125,56.2850696698137,20.8199438857476,8.512546,0,0,0,40,4449,299.8777,11631.7973632812,,,,,,,,,,,,,0,,,,18.88954735,,,,,,299.9944763,,,,
,15580427.12,299.993927,11521.8959960938,7.47269392281595,0.00154295010756943,1,0.999253354069792,40.0298881530762,1.98000329481346,10.7399998232722,40.4295144317086,7.40952591301305,250,-0.0156021748934038,7.47124095910001,0.0157569774764526,299.9934998,299.9943542,11462.0302734375,11581.76171875,57.3871658819292,20.8206660160443,9.256284,0,0,0,40,4449,299.87925,11521.8959960938,,,,,,,,,,,,,0,,,,18.795187,,,,,,299.993927,,,,
,15580428.26,299.99377445,11406.9721679688,7.47277673841092,0.00154326382907197,1,0.999253354069792,40.0298881530762,1.98020222543587,10.7500003650784,40.4347517651465,7.4058729398554,250,-0.0164275295207229,7.47132722842436,0.0149325036712056,299.9934998,299.9940491,11351.9140625,11462.0302734375,56.4929828559291,20.8249720174875,9.256284,0,0,0,40,4449,299.88055,11406.9721679688,,,,,,,,,,,,,0,,,,18.795187,,,,,,299.99377445,,,,
,15580429.36,299.9941101,11297.0244140625,7.47057308438272,0.00167434574851037,1,0.999253354069792,40.0298881530762,1.98031377447802,10.7500003650784,40.4229043825801,7.41565660705709,250,-0.0142860322036299,7.46911487821437,0.017065006838076,299.9940491,299.9941711,11242.134765625,11351.9140625,56.9869720800829,20.821543313328,9.256284,0,0,0,40,4449,299.87905,11297.0244140625,,,,,,,,,,,,,0,,,,18.795187,,,,,,299.9941101,,,,
,15580430.47,299.993988,11187.1831054688,7.46993769006008,0.00173383760471252,1,0.999253354069792,40.0298881530762,1.9803005862523,10.7399998232722,40.4160473860819,7.43199902630397,250,-0.0111385444563062,7.4684663834713,0.0202097701517946,299.9938049,299.9941711,11132.2314453125,11242.134765625,57.1331366131791,20.8210445095131,9.256284,0,0,0,40,4449,299.8784,11187.1831054688,,,,,,,,,,,,,0,,,,18.9848366,,,,,,299.993988,,,,
,15580431.51,299.9935608,11082.1782226562,7.46615659530108,0.00158560682838702,1,0.999253354069792,40.0298881530762,1.98000949326507,10.7399998232722,40.3941243724425,7.40384373613562,250,-0.0154466250682497,7.46470423367058,0.0158868982826045,299.9933167,299.9938049,11032.125,11132.2314453125,56.9455457685637,20.8218655257398,8.512546,0,0,0,40,4449,299.88065,11082.1782226562,,,,,,,,,,,,,0,,,,19.07919695,,,,,,299.9935608,,,,
,15580432.545,299.99336245,10977.1567382813,7.46712868027581,0.0015322839909346,1,0.999253354069792,40.0298881530762,1.97978456701473,10.7399998232722,40.3938730044694,7.40956547665362,250,-0.0144174846261027,7.46567181932627,0.0169203055303962,299.9933167,299.9934082,10922.1884765625,11032.125,56.5617661656214,20.8207921618633,8.512546,0,0,0,40,4449,299.8813,10977.1567382813,,,,,,,,,,,,,0,,,,19.07919695,,,,,,299.99336245,,,,
,15580434.5,299.9931335,10777.201171875,7.46311913721917,0.00196594399287903,1,0.999253354069792,40.0298881530762,1.9801892191101,10.7399998232722,40.3783714588705,7.41709456716727,250,-0.0125561536828133,7.46165523961728,0.0187655172775937,299.9931335,299.9931335,10772.2236328125,10782.1787109375,56.2905410694483,20.8212753980805,9.256284,0,0,0,40,4449,299.87985,10777.201171875,,,,,,,,,,,,,0,,,,19.1744862,,,,,,299.9931335,,,,
,15580435.1,299.99305725,10717.3100585938,7.46126561326577,0.00161055575441028,1,0.999253354069792,40.0298881530762,1.98035373932008,10.7399998232722,40.3745276210274,7.40014305373046,250,-0.0154577710845559,7.45981425838757,0.0158570434354039,299.992981,299.9931335,10662.396484375,10772.2236328125,55.9169226372559,20.8221386256283,9.256284,0,0,0,40,4449,299.87935,10717.3100585938,,,,,,,,,,,,,0,,,,19.1744862,,,,,,299.99305725,,,,
,15580436.205,299.9940796,10607.34765625,7.46016600821678,0.00167584926558878,1,0.999253354069792,40.0298881530762,1.98028708670272,10.7399998232722,40.366349794802,7.40366650045395,250,-0.0145578944858202,7.45871078088629,0.0167525249801488,299.992981,299.9951782,10552.298828125,10662.396484375,56.2248842738329,20.8237336794044,9.256284,0,0,0,40,4449,299.8801,10607.34765625,,,,,,,,,,,,,0,,,,18.9848366,,,,,,299.9940796,,,,
,15580437.305,299.99394225,10497.384765625,7.46063802801117,0.00124075426155476,1,0.999253354069792,40.0298881530762,1.98019419877143,10.7399998232722,40.3665107201028,7.40674178184652,250,-0.0140146361456453,7.45918042258545,0.0172980744232667,299.9927063,299.9951782,10442.470703125,10552.298828125,56.6375841319868,20.8148218519669,8.884414,0,0,0,40,4449,299.8807,10497.384765625,,,,,,,,,,,,,0,,,,18.9848366,,,,,,299.99394225,,,,
,15580438.35,299.9924927,10392.5126953125,7.45813920035448,0.00156944348210044,1,0.999253354069792,40.0298881530762,1.98041180210034,10.7399998232722,40.3569182353945,7.40720985000727,250,-0.0136117926990625,7.45668079059045,0.0176905614332263,299.9922791,299.9927063,10342.5546875,10442.470703125,57.1714364106214,20.8191622762568,8.512546,0,0,0,40,4449,299.8828,10392.5126953125,,,,,,,,,,,,,0,,,,19.1744862,,,,,,299.9924927,,,,
,15580439.33,299.99237065,10297.625,7.4548815262961,0.00185071978933719,1,0.999253354069792,40.0298881530762,1.98020042271495,10.7399998232722,40.3355812326531,7.40056020629894,250,-0.0140947342705042,7.45342582420978,0.0171941998037776,299.9922791,299.9924622,10252.6953125,10342.5546875,56.5203398541021,20.8277356412237,9.256284,0,0,0,40,4449,299.885,10297.625,,,,,,,,,,,,,0,,,,18.9848366,,,,,,299.99237065,,,,
,15580440.425,299.99305725,10187.6430664062,7.45183113213758,0.0015300658585412,1,0.999253354069792,40.0298881530762,1.98023441095745,10.7399998232722,40.3196045363925,7.39844256411954,250,-0.0139439171870813,7.450375186832,0.0173326198791909,299.9924622,299.9936523,10122.5908203125,10252.6953125,55.4080824712366,20.8194349298866,8.512546,0,0,0,40,4449,299.88545,10187.6430664062,,,,,,,,,,,,,0,,,,18.795187,,,,,,299.99305725,,,,
,15580441.51,299.9936523,10077.5971679688,7.45081952199875,0.00194226405710306,1,0.999253354069792,40.0298881530762,1.97995461489256,10.7399998232722,40.306077024483,7.40988452689749,250,-0.0114523793396519,7.44935313026351,0.0198197415888121,299.9936523,299.9936523,10032.603515625,10122.5908203125,56.0802829977752,20.8205816767013,9.628152,0,0,0,40,4449,299.8867,10077.5971679688,,,,,,,,,,,,,0,,,,18.795187,,,,,,299.9936523,,,,
,15580442.57,299.99285885,9972.65087890625,7.4505174421311,0.00175620325499729,1,0.999253354069792,40.0298881530762,1.98001789672422,10.7500003650784,40.3064535045171,7.40575363867606,250,-0.0122032985737115,7.44905444543464,0.0190680819147663,299.9920654,299.9936523,9912.6982421875,10032.603515625,56.4437402592175,20.8187394137842,9.256284,0,0,0,40,4449,299.88745,9972.65087890625,,,,,,,,,,,,,0,,,,18.9848366,,,,,,299.99285885,,,,
,15580443.79,299.9934082,9852.3984375,7.45004765062924,0.00167949824019413,1,0.999253354069792,40.0298881530762,1.97996737706932,10.7399998232722,40.3044866484883,7.3965872146639,250,-0.0137778409924931,7.44859112701194,0.0174927234098616,299.9920654,299.994751,9792.0986328125,9912.6982421875,55.5659714321213,20.8201164608669,9.256284,0,0,0,40,4449,299.885,9852.3984375,,,,,,,,,,,,,0,,,,19.1744862,,,,,,299.9934082,,,,
,15580444.87,299.99421695,9747.05126953125,7.44735379655405,0.00187544935626285,1,0.999253354069792,40.0298881530762,1.98031764531389,10.7399998232722,40.2964969056639,7.39716534595927,250,-0.0134079788085858,7.44589598523377,0.0178518427395886,299.9936829,299.994751,9702.00390625,9792.0986328125,56.1842395908329,20.8232737897709,8.512546,0,0,0,40,4449,299.8836,9747.05126953125,,,,,,,,,,,,,0,,,,19.1744862,,,,,,299.99421695,,,,
,15580445.765,299.9936829,9657.06201171875,7.44493858849504,0.00177968692979166,1,0.999253354069792,40.0298881530762,1.9802496909322,10.7399998232722,40.2818615853914,7.39570166331469,250,-0.0131854033233389,7.44348044032497,0.0180646585227576,299.9936829,299.9936829,9612.1201171875,9702.00390625,55.4776474094482,20.8256526646903,8.512546,0,0,0,40,4449,299.8834,9657.06201171875,,,,,,,,,,,,,0,,,,18.9848366,,,,,,299.9936829,,,,
,15580446.835,299.9938965,9547.06982421875,7.44634171988493,0.00151761853177578,1,0.999253354069792,40.0298881530762,1.98016140823696,10.7399998232722,40.290436604277,7.38202015084971,250,-0.0159163172857048,7.44489462910599,0.0153408277189785,299.9936829,299.9941101,9482.01953125,9612.1201171875,57.085457273506,20.8222549034649,8.884414,0,0,0,40,4449,299.88215,9547.06982421875,,,,,,,,,,,,,0,,,,18.795187,,,,,,299.9938965,,,,
,15580447.885,299.9941101,9442.044921875,7.44342571579073,0.00181206215823873,1,0.999253354069792,40.0298881530762,1.98034539857845,10.7399998232722,40.2794105296313,7.3738543045742,250,-0.0170091690565875,7.44198372226642,0.0142362109436324,299.9941101,299.9941101,9402.0703125,9482.01953125,56.2569310431213,20.8214167591469,9.256284,0,0,0,40,4449,299.88385,9442.044921875,,,,,,,,,,,,,0,,,,18.9848366,,,,,,299.9941101,,,,
,15580448.86,299.993515,9347.0458984375,7.44056830437813,0.001952490224617,1,0.999253354069792,40.0298881530762,1.98016739968386,10.7500003650784,40.2551657740505,7.39870592847148,250,-0.0117653190700092,7.43910501665361,0.0194673013461106,299.9929199,299.9941101,9292.021484375,9402.0703125,56.5031440266791,20.8152476390745,8.884414,0,0,0,40,4449,299.8848,9347.0458984375,,,,,,,,,,,,,0,,,,18.9848366,,,,,,299.993515,,,,
,15580450.015,299.992218,9232.08203125,7.43835542121674,0.00171837885070079,1,0.999253354069792,40.0298881530762,1.98021155426695,10.7399998232722,40.2457593222257,7.38755832197374,250,-0.0134466261941218,7.43689991857383,0.01777785970397,299.9915161,299.9929199,9172.142578125,9292.021484375,57.1917587521214,20.8269525402393,8.512546,0,0,0,40,4449,299.8823,9232.08203125,,,,,,,,,,,,,0,,,,18.795187,,,,,,299.992218,,,,
,15580451.21,299.99261475,9112.21337890625,7.43956234526803,0.00130001551152861,1,0.999253354069792,40.0298881530762,1.98029969838742,10.7399998232722,40.2554730502207,7.38132894107045,250,-0.0148819505514969,7.43811245746686,0.016348477500906,299.9915161,299.9937134,9052.2841796875,9172.142578125,56.4992358840829,20.8178716469971,9.256284,0,0,0,40,4449,299.8818,9112.21337890625,,,,,,,,,,,,,0,,,,18.9848366,,,,,,299.99261475,,,,
,15580452.295,299.9934082,9002.3125,7.43505479368018,0.00154588381362891,1,0.999253354069792,40.0298881530762,1.98020274004593,10.7399998232722,40.2294887730647,7.37473126825967,250,-0.0152011340435745,7.43360690428757,0.0160108607246856,299.993103,299.9937134,8952.3408203125,9052.2841796875,56.6743206723906,20.8226728356612,8.512546,0,0,0,40,4449,299.88225,9002.3125,,,,,,,,,,,,,0,,,,19.1744862,,,,,,299.9934082,,,,
,15580453.335,299.99345395,8897.41259765625,7.4316083064792,0.00186261433208677,1,0.999253354069792,40.0298881530762,1.98025772709196,10.7500003650784,40.2091315337186,7.38660131094341,250,-0.0124046531543496,7.43014934526012,0.018792533464453,299.993103,299.9938049,8842.484375,8952.3408203125,56.3991874336214,20.8169293189509,9.256284,0,0,0,40,4449,299.8841,8897.41259765625,,,,,,,,,,,,,0,,,,18.9848366,,,,,,299.99345395,,,,
,15580454.365,299.9936981,8792.54150390625,7.43125360838203,0.00155231198064515,1,0.999253354069792,40.0298881530762,1.98011604000413,10.7500003650784,40.2082474047537,7.3650161972224,250,-0.016234961042547,7.4298106872488,0.0149619692133437,299.9935913,299.9938049,8742.5986328125,8842.484375,56.8806706014676,20.8215492362091,8.884414,0,0,0,40,4449,299.8841,8792.54150390625,,,,,,,,,,,,,0,,,,18.795187,,,,,,299.9936981,,,,
,15580455.465,299.9928436,8682.5595703125,7.43271848212294,0.00173184381857494,1,0.999253354069792,40.0298881530762,1.9802057160943,10.7399998232722,40.2140077117102,7.38805822391265,250,-0.012307260856464,7.43125895013217,0.0188956491769308,299.9920959,299.9935913,8622.5205078125,8742.5986328125,56.0185343447559,20.8240829853823,8.512546,0,0,0,40,4449,299.88285,8682.5595703125,,,,,,,,,,,,,0,,,,18.795187,,,,,,299.9928436,,,,
,15580456.67,299.99264525,8562.537109375,7.42641870820197,0.00160023904269823,1,0.999253354069792,40.0298881530762,1.9803140278121,10.7500003650784,40.1829876024716,7.3772258527863,250,-0.0132150676363823,7.4249642780685,0.0179620435389304,299.9920959,299.9931946,8502.5537109375,8622.5205078125,56.2233210167944,20.8210774276455,8.884414,0,0,0,40,4449,299.8833,8562.537109375,,,,,,,,,,,,,0,,,,18.795187,,,,,,299.99264525,,,,
,15580457.72,299.99349975,8457.55078125,7.42692334503054,0.00137498480519429,1,0.999253354069792,40.0298881530762,1.98023054070731,10.7399998232722,40.1859468538238,7.36727011267298,250,-0.0150937136948144,7.42547641164669,0.0160864525308112,299.9931946,299.9938049,8412.5478515625,8502.5537109375,57.464547105333,20.8285518305646,8.512546,0,0,0,40,4449,299.88245,8457.55078125,,,,,,,,,,,,,0,,,,18.795187,,,,,,299.99349975,,,,
,15580458.665,299.993927,8362.6298828125,7.42791876874859,0.00154505291870969,1,0.999253354069792,40.0298881530762,1.98031504091726,10.7500003650784,40.1897606823012,7.38605958861775,250,-0.0118616848256227,7.42645790540307,0.019322452084024,299.9938049,299.9940491,8312.7119140625,8412.5478515625,56.8900501436983,20.8185441744815,9.256284,0,0,0,40,4449,299.8821,8362.6298828125,,,,,,,,,,,,,0,,,,18.9848366,,,,,,299.993927,,,,
,15580459.775,299.9935913,8252.76708984375,7.42416226892285,0.00125396153810938,1,0.999253354069792,40.0298881530762,1.9802141365503,10.7399998232722,40.1716091198778,7.35947132750124,250,-0.0160135153489171,7.42271964408403,0.015156184296305,299.9931335,299.9940491,8192.822265625,8312.7119140625,56.353852979506,20.8273429732929,8.512546,0,0,0,40,4449,299.88195,8252.76708984375,,,,,,,,,,,,,0,,,,19.1744862,,,,,,299.9935913,,,,
,15580460.9,299.99252315,8142.83081054687,7.42079295511676,0.00179579774655521,1,0.999253354069792,40.0298881530762,1.98025328440741,10.7399998232722,40.1513279921526,7.37151163808388,250,-0.0131894597152117,7.41933940769931,0.0179659900194516,299.9919128,299.9931335,8092.83935546875,8192.822265625,56.6500901882945,20.8249267322124,9.256284,0,0,0,40,4449,299.88195,8142.83081054687,,,,,,,,,,,,,0,,,,18.9848366,,,,,,299.99252315,,,,
,15580461.99,299.99183655,8032.90649414062,7.42207891146438,0.00148140459469168,1,0.999253354069792,40.0298881530762,1.98001605453537,10.7399998232722,40.1554505331419,7.36191684330146,250,-0.0150432325688619,7.42063302994337,0.0161184413482441,299.9917603,299.9919128,7972.9736328125,8092.83935546875,56.6618146160829,20.8213652121942,8.884414,0,0,0,40,4449,299.8821,8032.90649414062,,,,,,,,,,,,,0,,,,18.9848366,,,,,,299.99183655,,,,
,15580463.225,299.99169925,7907.97680664062,7.41605965439994,0.00170583808421404,1,0.999253354069792,40.0298881530762,1.97992994535715,10.7399998232722,40.1209082918666,7.35711390030263,250,-0.0147580887435783,7.41461377571482,0.016378903184879,299.9916382,299.9917603,7842.97998046875,7972.9736328125,56.0513627425636,20.8237024243581,8.512546,0,0,0,40,4449,299.88115,7907.97680664062,,,,,,,,,,,,,0,,,,19.1744862,,,,,,299.99169925,,,,
,15580464.335,299.9915619,7797.96533203125,7.41600839836907,0.00176586398742999,1,0.999253354069792,40.0298881530762,1.97984563505771,10.7399998232722,40.1179656711466,7.36214468244039,250,-0.0137621651630031,7.4145583511181,0.0173747810464084,299.9914856,299.9916382,7752.95068359375,7842.97998046875,56.526592882256,20.8197713159837,9.256284,0,0,0,40,4449,299.8819,7797.96533203125,,,,,,,,,,,,,0,,,,18.9848366,,,,,,299.9915619,,,,
,15580465.345,299.99261475,7697.96655273437,7.41254855251153,0.0018689079801315,1,0.999253354069792,40.0298881530762,1.98019098907405,10.7500003650784,40.10422840096,7.36989272338945,250,-0.0119199537997859,7.41109115502046,0.0192024263439339,299.9914856,299.9937439,7642.982421875,7752.95068359375,56.6500901882945,20.8230014225764,9.256284,0,0,0,40,4449,299.8826,7697.96655273437,,,,,,,,,,,,,0,,,,18.795187,,,,,,299.99261475,,,,
,15580466.43,299.9930115,7588.0234375,7.41347726616757,0.00162536939226938,1,0.999253354069792,40.0298881530762,1.9802153081669,10.7500003650784,40.1106800198309,7.36579508006845,250,-0.0128666298166168,7.41202349062096,0.0182604194565835,299.9922791,299.9937439,7533.064453125,7642.982421875,56.0599606562752,20.8237357122184,8.512546,0,0,0,40,4449,299.88165,7588.0234375,,,,,,,,,,,,,0,,,,18.795187,,,,,,299.9930115,,,,
,15580467.405,299.9929657,7488.09716796875,7.41081833525309,0.00172836559173723,1,0.999253354069792,40.0298881530762,1.98027804128644,10.7399998232722,40.0977897162479,7.36199436723041,250,-0.0131188364430307,7.4093661231816,0.0179976109770011,299.9922791,299.9936523,7443.1298828125,7533.064453125,56.496109370006,20.8159032847423,9.256284,0,0,0,40,4449,299.8809,7488.09716796875,,,,,,,,,,,,,0,,,,18.795187,,,,,,299.9929657,,,,
,15580468.37,299.9930725,7393.2314453125,7.41002309341539,0.00162013789121349,1,0.999253354069792,40.0298881530762,1.9802074007504,10.7399998232722,40.0969652689917,7.33466519921196,250,-0.0179770992632859,7.40859138046245,0.0131373193821563,299.9924927,299.9936523,7343.3330078125,7443.1298828125,56.6563432164483,20.8247932802086,8.512546,0,0,0,40,4449,299.8815,7393.2314453125,,,,,,,,,,,,,0,,,,18.9848366,,,,,,299.9930725,,,,
,15580469.445,299.99263,7288.31201171875,7.41001651094866,0.00137448583199855,1,0.999253354069792,40.0298881530762,1.98050673002419,10.7399998232722,40.101236898539,7.34439618847018,250,-0.0163771821457422,7.40857818079542,0.0147371173499936,299.9924927,299.9927673,7233.291015625,7343.3330078125,57.4481329064291,20.8186899130438,8.512546,0,0,0,40,4449,299.88315,7288.31201171875,,,,,,,,,,,,,0,,,,18.9848366,,,,,,299.99263,,,,
,15580470.52,299.99183655,7178.2958984375,7.40783233725831,0.00170886681606935,1,0.999253354069792,40.0298881530762,1.98034746934738,10.7399998232722,40.0833672938316,7.35732714116637,250,-0.0134755280357238,7.40638244656994,0.0176294185183761,299.9909058,299.9927673,7123.30078125,7233.291015625,56.7579549239483,20.8232334342974,8.512546,0,0,0,40,4449,299.88355,7178.2958984375,,,,,,,,,,,,,0,,,,18.9848366,,,,,,299.99183655,,,,
,15580471.645,299.99177555,7063.3291015625,7.40280040739173,0.00162326006522994,1,0.999253354069792,40.0298881530762,1.98035484192063,10.7399998232722,40.0563452606981,7.35203215860238,250,-0.0135266270206145,7.40135173819019,0.0175575490502116,299.9909058,299.9926453,7003.357421875,7123.30078125,55.8778412112944,20.8235711238183,8.512546,0,0,0,40,4449,299.8846,7063.3291015625,,,,,,,,,,,,,0,,,,19.1744862,,,,,,299.99177555,,,,
,15580472.715,299.9926758,6958.41772460937,7.40651610690076,0.00138803578018066,1,0.999253354069792,40.0298881530762,1.98014027644766,10.7399998232722,40.0762751137582,7.33304409032652,250,-0.0175830468759319,7.40508343182658,0.0135179313389431,299.9926453,299.9927063,6913.47802734375,7003.357421875,56.167825391929,20.8226848799781,8.512546,0,0,0,40,4449,299.88505,6958.41772460937,,,,,,,,,,,,,0,,,,19.1744862,,,,,,299.9926758,,,,
,15580473.695,299.9926758,6863.42724609375,7.40288310048079,0.0016827133830147,1,0.999253354069792,40.0298881530762,1.98035353841647,10.7399998232722,40.056991050543,7.35089137185869,250,-0.0137528302214548,7.40143503254043,0.0173326401838099,299.9926453,299.9927063,6813.37646484375,6913.47802734375,57.2191157502945,20.8221039364611,8.512546,0,0,0,40,4449,299.88395,6863.42724609375,,,,,,,,,,,,,0,,,,18.9848366,,,,,,299.9926758,,,,
,15580474.71,299.99266055,6758.47021484375,7.39819280789788,0.00151307259270845,1,0.999253354069792,40.0298881530762,1.98022108641895,10.7399998232722,40.0302943882845,7.33877506071516,250,-0.0150350843339682,7.39675103119206,0.0160314873222029,299.9926453,299.9926758,6703.56396484375,6813.37646484375,56.516431711506,20.8236610533822,9.256284,0,0,0,40,4449,299.8831,6758.47021484375,,,,,,,,,,,,,0,,,,18.795187,,,,,,299.99266055,,,,
,15580475.755,299.99263,6653.361328125,7.39562652898001,0.00156919337167163,1,0.999253354069792,40.0298881530762,1.98022478521585,10.7399998232722,40.0140718726833,7.34923738050494,250,-0.0126277078049693,7.39417514179979,0.0184279415852342,299.9925842,299.9926758,6603.15869140625,6703.56396484375,55.7996783593713,20.8292296321599,8.884414,0,0,0,40,4449,299.8838,6653.361328125,,,,,,,,,,,,,0,,,,18.5177326,,,,,,299.99263,,,,
,15580476.83,299.99282835,6547.6142578125,7.39550106061601,0.00169485436199629,1,0.999253354069792,40.0298881530762,1.9802442042946,10.7399998232722,40.0175934413103,7.32859226366967,250,-0.0164347156287548,7.39406559432608,0.0146215558607388,299.9925842,299.9930725,6492.06982421875,6603.15869140625,56.5140868259483,20.8276412242938,9.256284,0,0,0,40,4449,299.88425,6547.6142578125,,,,,,,,,,,,,0,,,,18.4243288,,,,,,299.99282835,,,,
,15580477.995,299.99179075,6432.05102539063,7.3957689781559,0.00152309001502386,1,0.999253354069792,40.0298881530762,1.97990592394725,10.7500003650784,40.010247089921,7.33911964510979,250,-0.0143124814421757,7.39432478224604,0.0167449765710796,299.990509,299.9930725,6372.0322265625,6492.06982421875,57.1472059265253,20.820777953109,9.256284,0,0,0,40,4449,299.88405,6432.05102539063,,,,,,,,,,,,,0,,,,18.4243288,,,,,,299.99179075,,,,
,15580479.19,299.99186705,6312.0263671875,7.39001792147864,0.00163297292181579,1,0.999253354069792,40.0298881530762,1.98030734408899,10.7399998232722,39.9857219570323,7.34197262791153,250,-0.0129872678634978,7.38856927609273,0.0180461274615868,299.990509,299.9932251,6252.0205078125,6372.0322265625,56.3264959813329,20.8152507169584,8.512546,0,0,0,40,4449,299.8851,6312.0263671875,,,,,,,,,,,,,0,,,,18.33183475,,,,,,299.99186705,,,,
,15580480.26,299.99224855,6202.02368164062,7.38863032692474,0.00150964717828822,1,0.999253354069792,40.0298881530762,1.98034658997284,10.7399998232722,39.9803097508295,7.33359715083082,250,-0.0143049803114446,7.38718735435208,0.0167232614813648,299.991272,299.9932251,6152.02685546875,6252.0205078125,56.2475515008906,20.8174997154199,9.256284,0,0,0,40,4449,299.8854,6202.02368164062,,,,,,,,,,,,,0,,,,18.60928915,,,,,,299.99224855,,,,
,15580481.28,299.99176025,6102.00415039063,7.38540957325668,0.00152494375407584,1,0.999253354069792,40.0298881530762,1.98026938521883,10.7500003650784,39.9603268746982,7.33570907658936,250,-0.0132662180239271,7.38396298292076,0.0177487501823996,299.991272,299.9922485,6051.9814453125,6152.02685546875,55.8317251286598,20.8245797917367,9.256284,0,0,0,40,4449,299.8849,6102.00415039063,,,,,,,,,,,,,0,,,,18.88954735,,,,,,299.99176025,,,,
,15580482.375,299.99235535,5991.99169921875,7.38534618448967,0.00143405940684206,1,0.999253354069792,40.0298881530762,1.98013842478471,10.7500003650784,39.955940810898,7.34307028642301,250,-0.0118062216856436,7.38389328466299,0.0192084931332934,299.9922485,299.9924622,5932.001953125,6051.9814453125,56.0880992829675,20.8252996214555,8.512546,0,0,0,40,4449,299.88595,5991.99169921875,,,,,,,,,,,,,0,,,,18.88954735,,,,,,299.99235535,,,,
,15580483.47,299.99201965,5882.0263671875,7.38538932990605,0.0012397981333926,1,0.999253354069792,40.0298881530762,1.97990890675953,10.7399998232722,39.9533144354166,7.33334606685087,250,-0.0134592004594116,7.38394342089299,0.0175563771938136,299.9915771,299.9924622,5832.05078125,5932.001953125,55.5159472068905,20.828340918437,9.256284,0,0,0,40,4449,299.8867,5882.0263671875,,,,,,,,,,,,,0,,,,18.795187,,,,,,299.99201965,,,,
,15580484.57,299.9920959,5772.18408203125,7.3788831509781,0.00167852586925662,1,0.999253354069792,40.0298881530762,1.9803531192001,10.7399998232722,39.9280650389021,7.32195086075142,250,-0.0146565178257713,7.37744353061054,0.0163324231682901,299.9915771,299.9926147,5712.3173828125,5832.05078125,56.5625477941406,20.825254283722,9.256284,0,0,0,40,4449,299.88665,5772.18408203125,,,,,,,,,,,,,0,,,,18.9848366,,,,,,299.9920959,,,,
,15580485.75,299.9922943,5652.30029296875,7.38167982485282,0.00133969058153365,1,0.999253354069792,40.0298881530762,1.98045405575875,10.7399998232722,39.9452171781634,7.32490825465891,250,-0.0146959809615099,7.38023971798925,0.0163050192321172,299.9919739,299.9926147,5592.283203125,5712.3173828125,55.700411537429,20.8183598461626,9.256284,0,0,0,40,4449,299.888,5652.30029296875,,,,,,,,,,,,,0,,,,18.9848366,,,,,,299.9922943,,,,
,15580486.795,299.9918213,5547.27978515625,7.37539275618686,0.00184455771463978,1,0.999253354069792,40.0298881530762,1.98017041817582,10.7399998232722,39.9041340803103,7.32566339811,250,-0.0132018294471559,7.37394773862281,0.0177729265965882,299.9916687,299.9919739,5502.2763671875,5592.283203125,56.6446187886598,20.8288003142966,8.512546,0,0,0,40,4449,299.8876,5547.27978515625,,,,,,,,,,,,,0,,,,18.9848366,,,,,,299.9918213,,,,
,15580487.85,299.9915924,5442.29516601562,7.37565721805813,0.00150343961302466,1,0.999253354069792,40.0298881530762,1.98017657196213,10.7399998232722,39.9073002942676,7.31724273211799,250,-0.0148123409860105,7.37421892658636,0.0161643310283451,299.9915161,299.9916687,5382.31396484375,5502.2763671875,56.9189703989099,20.8246602020608,8.512546,0,0,0,40,4449,299.88705,5442.29516601562,,,,,,,,,,,,,0,,,,18.9848366,,,,,,299.9915924,,,,
,15580488.985,299.99191285,5332.3212890625,7.37119830254898,0.00167729641814713,1,0.999253354069792,40.0298881530762,1.98027986616482,10.7399998232722,39.883949965319,7.31994927433918,250,-0.013554268716226,7.36975551642781,0.0174037522512364,299.9915161,299.9923096,5282.32861328125,5382.31396484375,56.9353845978137,20.818497568373,9.256284,0,0,0,40,4449,299.88785,5332.3212890625,,,,,,,,,,,,,0,,,,18.795187,,,,,,299.99191285,,,,
,15580490.115,299.9926453,5217.32373046875,7.36936696126858,0.00157407232940659,1,0.999253354069792,40.0298881530762,1.98032273098908,10.7399998232722,39.8756520737247,7.31412934996253,250,-0.0143196897811633,7.36792751312646,0.0166313206718916,299.9923096,299.992981,5152.31884765625,5282.32861328125,56.7681160946983,20.8227971616939,9.256284,0,0,0,40,4449,299.8872,5217.32373046875,,,,,,,,,,,,,0,,,,18.9848366,,,,,,299.9926453,,,,
,15580491.335,299.9921875,5092.34375,7.36732668850957,0.00191825426572993,1,0.999253354069792,40.0298881530762,1.98013772297533,10.7500003650784,39.8597045627227,7.31831616926175,250,-0.0130445815460405,7.36588237255472,0.0178981504723116,299.991394,299.992981,5032.36865234375,5152.31884765625,55.944279635429,20.8269440702068,9.256284,0,0,0,40,4449,299.88665,5092.34375,,,,,,,,,,,,,0,,,,18.9848366,,,,,,299.9921875,,,,
,15580492.54,299.99134825,4972.56176757812,7.36638075240603,0.00161079789313168,1,0.999253354069792,40.0298881530762,1.98006691217554,10.7500003650784,39.8528116968455,7.31920278227378,250,-0.0126584642090443,7.36493519837352,0.0182806033710804,299.9913025,299.991394,4912.7548828125,5032.36865234375,56.9752476522945,20.8249629414984,8.884414,0,0,0,40,4449,299.88725,4972.56176757812,,,,,,,,,,,,,0,,,,18.9848366,,,,,,299.99134825,,,,
,15580493.595,299.99110415,4867.73583984375,7.36443941850573,0.00134996465623317,1,0.999253354069792,40.0298881530762,1.98043988573881,10.7399998232722,39.8524470800925,7.30342169378173,250,-0.015464803939956,7.36300607686398,0.0154670452987997,299.9909058,299.9913025,4822.716796875,4912.7548828125,57.3293253715061,20.828303030567,9.256284,0,0,0,40,4449,299.88755,4867.73583984375,,,,,,,,,,,,,0,,,,19.1744862,,,,,,299.99110415,,,,
,15580494.61,299.991684,4767.74438476562,7.36503102054937,0.00138974083671387,1,0.999253354069792,40.0298881530762,1.98032166150748,10.7399998232722,39.8516971985839,7.31237175851872,250,-0.0138414127049622,7.36359056394808,0.0170927934732864,299.9909058,299.9924622,4712.77197265625,4822.716796875,56.4945461129675,20.8249860742203,9.256284,0,0,0,40,4449,299.889,4767.74438476562,,,,,,,,,,,,,0,,,,19.1744862,,,,,,299.991684,,,,
,15580495.74,299.9923401,4657.78198242188,7.35941976912179,0.00160975942355506,1,0.999253354069792,40.0298881530762,1.9802967598729,10.7399998232722,39.8211496500916,7.30507041885657,250,-0.0141346363958017,7.35798145994251,0.0167765645170796,299.992218,299.9924622,4602.7919921875,4712.77197265625,56.1803314482367,20.8250516240431,8.512546,0,0,0,40,4449,299.8883,4657.78198242188,,,,,,,,,,,,,0,,,,18.9848366,,,,,,299.9923401,,,,
,15580496.79,299.99189755,4552.7587890625,7.36207571171916,0.00152453159322746,1,0.999253354069792,40.0298881530762,1.98000884518371,10.7399998232722,39.8302529125731,7.30461641262243,250,-0.0145200599461682,7.36063855210707,0.0164028858047805,299.9915771,299.992218,4502.7255859375,4602.7919921875,55.5417409480251,20.8198170028207,9.256284,0,0,0,40,4449,299.88735,4552.7587890625,,,,,,,,,,,,,0,,,,18.9848366,,,,,,299.99189755,,,,
,15580497.785,299.99189755,4452.7626953125,7.35267642710581,0.00164774670791953,1,0.999253354069792,40.0298881530762,1.98037173270469,10.7399998232722,39.7874593662584,7.29148544632745,250,-0.0154462345730412,7.35124505297683,0.0154376028906794,299.9915771,299.992218,4402.7998046875,4502.7255859375,56.4976726270444,20.825302212496,8.512546,0,0,0,40,4449,299.88895,4452.7626953125,,,,,,,,,,,,,0,,,,18.9848366,,,,,,299.99189755,,,,
,15580498.875,299.9914856,4342.84350585937,7.35715659687045,0.00121625215013309,1,0.999253354069792,40.0298881530762,1.98015969003532,10.7500003650784,39.8086385123816,7.28927174106926,250,-0.016546037787162,7.35572899246233,0.0143573599290448,299.9907532,299.992218,4282.88720703125,4402.7998046875,56.2553677860829,20.8206297746506,8.512546,0,0,0,40,4449,299.88805,4342.84350585937,,,,,,,,,,,,,0,,,,18.795187,,,,,,299.9914856,,,,
,15580499.89,299.9909363,4237.86767578125,7.35204276875752,0.00145438546952932,1,0.999253354069792,40.0298881530762,1.98007633639896,10.7399998232722,39.7757490801266,7.30324651114953,250,-0.0129591147739416,7.35060123410011,0.0179226476637728,299.9907532,299.9911194,4192.84814453125,4282.88720703125,56.7141837268714,20.8266306935322,9.256284,0,0,0,40,4449,299.88655,4237.86767578125,,,,,,,,,,,,,0,,,,18.795187,,,,,,299.9909363,,,,
,15580500.905,299.9911499,4137.98010253906,7.35208600864312,0.00127366200772879,1,0.999253354069792,40.0298881530762,1.98050317028026,10.7399998232722,39.786152113296,7.2950831512528,250,-0.0147603904259076,7.35065193999482,0.0161222643170916,299.9911194,299.9911804,4083.11206054687,4192.84814453125,56.4413953736598,20.8217859443297,9.256284,0,0,0,40,4449,299.88675,4137.98010253906,,,,,,,,,,,,,0,,,,18.795187,,,,,,299.9911499,,,,
,15580502,299.99134825,4033.0986328125,7.35048820223203,0.0015898646218849,1,0.999253354069792,40.0298881530762,1.98011075100863,10.7399998232722,39.7689683007947,7.29666789875317,250,-0.0139107369972431,7.34905080424955,0.0169653701053613,299.9911804,299.9915161,3983.08520507812,4083.11206054687,55.666801511102,20.8223695087538,9.256284,0,0,0,40,4449,299.88715,4033.0986328125,,,,,,,,,,,,,0,,,,18.88954735,,,,,,299.99134825,,,,
,15580503.11,299.9907379,3923.0400390625,7.34776871675607,0.00140054491557921,1,0.999253354069792,40.0298881530762,1.98032530663454,10.7500003650784,39.7590733089846,7.29141616090181,250,-0.0145203161858442,7.34633456419071,0.0163448461420489,299.9899597,299.9915161,3862.99487304687,3983.08520507812,56.7227816405829,20.8284257589767,8.884414,0,0,0,40,4449,299.88755,3923.0400390625,,,,,,,,,,,,,0,,,,18.88954735,,,,,,299.9907379,,,,
,15580504.35,299.9902191,3798.03186035156,7.3420099853606,0.00185054140802143,1,0.999253354069792,40.0298881530762,1.9802009204083,10.7399998232722,39.7235372895873,7.29572826425652,250,-0.012572872532779,7.34056894295323,0.0182679400394897,299.9899597,299.9904785,3733.06884765625,3862.99487304687,57.230840178083,20.8238054800751,8.512546,0,0,0,40,4449,299.88935,3798.03186035156,,,,,,,,,,,,,0,,,,18.795187,,,,,,299.9902191,,,,
,15580505.585,299.9902954,3673.08898925781,7.34249256243448,0.00194663059647992,1,0.999253354069792,40.0298881530762,1.98031362004118,10.7399998232722,39.7292794027779,7.29161817585236,250,-0.0134974215456141,7.3410552520242,0.017345946579503,299.9901123,299.9904785,3613.10913085937,3733.06884765625,56.0779381122175,20.8249564862928,8.512546,0,0,0,40,4449,299.89025,3673.08898925781,,,,,,,,,,,,,0,,,,18.795187,,,,,,299.9902954,,,,
,15580506.585,299.99031065,3573.07531738281,7.33694044231596,0.00209666744511663,1,0.999253354069792,40.0298881530762,1.98031362004118,10.7399998232722,39.6992155528079,7.2862218616052,250,-0.0134660295790544,7.33550407637329,0.0173545278147392,299.9901123,299.990509,3533.04150390625,3613.10913085937,56.5985027060252,20.8249564862928,9.256284,0,0,0,40,4449,299.88895,3573.07531738281,,,,,,,,,,,,,0,,,,18.795187,,,,,,299.99031065,,,,
,15580507.58,299.99104305,3473.03076171875,7.34108264880417,0.00132947547664952,1,0.999253354069792,40.0298881530762,1.98033324396178,10.7500003650784,39.7233027205369,7.28344109686994,250,-0.0147613855522711,7.33965066566904,0.0160770133562226,299.990509,299.9915771,3413.02001953125,3533.04150390625,55.7848274175059,20.824567095578,8.884414,0,0,0,40,4449,299.8904,3473.03076171875,,,,,,,,,,,,,0,,,,18.9848366,,,,,,299.99104305,,,,
,15580508.8,299.99186705,3347.83349609375,7.33884108501059,0.00159437649431133,1,0.999253354069792,40.0298881530762,1.98009249977043,10.7399998232722,39.7051517499808,7.28742669444366,250,-0.0134492991866882,7.33740380253979,0.0173796402948538,299.9915771,299.992157,3282.64697265625,3413.02001953125,56.4890747133329,20.8263273024137,8.884414,0,0,0,40,4449,299.8922,3347.83349609375,,,,,,,,,,,,,0,,,,18.9848366,,,,,,299.99186705,,,,
,15580509.875,299.99194335,3242.60888671875,7.3337971992367,0.00142993779492769,1,0.999253354069792,40.0298881530762,1.98011544671144,10.7399998232722,39.680935171303,7.26834921295905,250,-0.0160570547108529,7.33237182629147,0.0147517566857108,299.9917297,299.992157,3202.57080078125,3282.64697265625,56.2483331294098,20.8267242616381,8.884414,0,0,0,40,4449,299.8909,3242.60888671875,,,,,,,,,,,,,0,,,,18.9848366,,,,,,299.99194335,,,,
,15580510.875,299.9917755,3142.52075195313,7.332837022796,0.00149150747014608,1,0.999253354069792,40.0298881530762,1.98045922758046,10.7399998232722,39.6808638815989,7.27722890174335,250,-0.0144654331940462,7.33140516543183,0.0163394371231859,299.9917297,299.9918213,3082.470703125,3202.57080078125,56.6375841319868,20.8178897108066,9.256284,0,0,0,40,4449,299.89035,3142.52075195313,,,,,,,,,,,,,0,,,,19.1744862,,,,,,299.9917755,,,,
,15580512,299.9915314,3027.44299316406,7.33532706834593,0.00123399409543522,1,0.999253354069792,40.0298881530762,1.98020541610258,10.7399998232722,39.6909888090592,7.27009700104067,250,-0.0160779135067847,7.3339015118798,0.0147380765269461,299.9912415,299.9918213,2972.41528320313,3082.470703125,56.330404123929,20.8239534361829,8.884414,0,0,0,40,4449,299.8909,3027.44299316406,,,,,,,,,,,,,0,,,,18.9848366,,,,,,299.9915314,,,,
,15580513.045,299.9911957,2922.40808105469,7.32496668019037,0.00179252617287852,1,0.999253354069792,40.0298881530762,1.98026462833598,10.7399998232722,39.6354119250082,7.26367420561696,250,-0.015383723861137,7.32354037748572,0.0153889174914902,299.9911499,299.9912415,2872.40087890625,2972.41528320313,56.6766655579483,20.820637553167,9.256284,0,0,0,40,4449,299.8913,2922.40808105469,,,,,,,,,,,,,0,,,,18.795187,,,,,,299.9911957,,,,
,15580514.11,299.99053955,2817.38610839844,7.32181675987852,0.00178331018445222,1,0.999253354069792,40.0298881530762,1.98037674802719,10.7399998232722,39.6178651654575,7.27546493476577,250,-0.0126943595369221,7.32037994879808,0.0180648126222317,299.9899292,299.9911499,2762.37133789062,2872.40087890625,57.1448610409676,20.8251695299574,8.884414,0,0,0,40,4449,299.8917,2817.38610839844,,,,,,,,,,,,,0,,,,18.9848366,,,,,,299.99053955,,,,
,15580515.285,299.989975,2702.34777832031,7.32143925362899,0.00177806441335176,1,0.999253354069792,40.0298881530762,1.98009420435894,10.7399998232722,39.6129656751592,7.2597573645926,250,-0.0153418512782,7.32001375480346,0.0154166755210198,299.9899292,299.9900208,2642.32421875,2762.37133789062,57.6044586102753,20.8259136509278,8.512546,0,0,0,40,4449,299.8916,2702.34777832031,,,,,,,,,,,,,0,,,,18.9848366,,,,,,299.989975,,,,
,15580516.34,299.98999025,2597.32775878906,7.32050276475085,0.00179835424050208,1,0.999253354069792,40.0298881530762,1.98034799026942,10.7399998232722,39.6116238037402,7.2663487705516,250,-0.0141178524981117,7.31907226725707,0.016636946870647,299.9899597,299.9900208,2552.33129882813,2642.32421875,57.2378748347561,20.8294233559251,9.256284,0,0,0,40,4449,299.89075,2597.32775878906,,,,,,,,,,,,,0,,,,18.9848366,,,,,,299.98999025,,,,
,15580517.385,299.99053955,2492.384765625,7.32184556627945,0.00127238005520421,1,0.999253354069792,40.0298881530762,1.98046707312583,10.7399998232722,39.6224720190794,7.26131593905543,250,-0.0153761555609686,7.32041991723485,0.0153847074098631,299.9899597,299.9911194,2432.43823242187,2552.33129882813,56.4312342029098,20.8248028480928,8.884414,0,0,0,40,4449,299.89225,2492.384765625,,,,,,,,,,,,,0,,,,19.1744862,,,,,,299.99053955,,,,
,15580518.54,299.9906769,2377.42407226562,7.31387272481782,0.00154813198138521,1,0.999253354069792,40.0298881530762,1.98049376927204,10.7500003650784,39.5783124215495,7.26177781709821,250,-0.0138304173264431,7.31244212561139,0.0168970841451393,299.9902344,299.9911194,2322.40991210938,2432.43823242187,56.6602513590445,20.8234962502791,8.884414,0,0,0,40,4449,299.8917,2377.42407226562,,,,,,,,,,,,,0,,,,18.9848366,,,,,,299.9906769,,,,
,15580519.57,299.9903107,2272.46752929687,7.31719028786285,0.00150233230503512,1,0.999253354069792,40.0298881530762,1.98049376927204,10.7500003650784,39.596715936861,7.26264199172929,250,-0.0142863899551841,7.31576097758668,0.0164556663114694,299.9902344,299.990387,2222.52514648438,2322.40991210938,56.4335790884675,20.8234962502791,8.512546,0,0,0,40,4449,299.8902,2272.46752929687,,,,,,,,,,,,,0,,,,18.795187,,,,,,299.9903107,,,,
,15580520.65,299.9911194,2162.50146484375,7.31142811388204,0.00205987335543254,1,0.999253354069792,40.0298881530762,1.98022811457426,10.7500003650784,39.560574165739,7.25479846557598,250,-0.014492603650004,7.31000059666236,0.0162255824148753,299.990387,299.9918518,2102.47778320313,2222.52514648438,56.147503050429,20.8239822577007,8.884414,0,0,0,40,4449,299.8907,2162.50146484375,,,,,,,,,,,,,0,,,,18.9848366,,,,,,299.9911194,,,,
,15580521.895,299.99157715,2042.44317626953,7.30832921807471,0.00142014497882697,1,0.999253354069792,40.0298881530762,1.98024985097299,10.7500003650784,39.5425910420812,7.26063557018693,250,-0.0128534189296535,7.3068952936229,0.0178517137423471,299.9913025,299.9918518,1982.40856933594,2102.47778320313,56.4765686570252,20.8259073760618,8.512546,0,0,0,40,4449,299.8914,2042.44317626953,,,,,,,,,,,,,0,,,,19.1744862,,,,,,299.99157715,,,,
,15580523.105,299.9914093,1922.44750976562,7.3014038998203,0.00210959583359337,1,0.999253354069792,40.0298881530762,1.98033276467317,10.7399998232722,39.5082930231844,7.24564576900125,250,-0.0143955039937849,7.29997788773713,0.0162810706098301,299.9913025,299.9915161,1862.48645019531,1982.40856933594,56.7649895806214,20.8249672080668,8.884414,0,0,0,40,4449,299.8927,1922.44750976562,,,,,,,,,,,,,0,,,,18.9848366,,,,,,299.9914093,,,,
,15580524.23,299.9916687,1807.52288818359,7.30472310351424,0.00174592985828406,1,0.999253354069792,40.0298881530762,1.98009695972512,10.7399998232722,39.5195312880192,7.25958914997191,250,-0.0122776637903578,7.30328741494247,0.0184127762441289,299.9915161,299.9918213,1752.55932617187,1862.48645019531,56.0943523111213,20.8215045583875,8.512546,0,0,0,40,4449,299.89275,1807.52288818359,,,,,,,,,,,,,0,,,,18.795187,,,,,,299.9916687,,,,
,15580525.37,299.9909973,1692.65576171875,7.29844898671471,0.00162225965608558,1,0.999253354069792,40.0298881530762,1.98016059087158,10.7399998232722,39.4876042185932,7.24938392997415,250,-0.0130436013973378,7.29701793269543,0.0176210691889367,299.9901733,299.9918213,1632.75219726562,1752.55932617187,57.4043617093522,20.8225517443516,8.884414,0,0,0,40,4449,299.8921,1692.65576171875,,,,,,,,,,,,,0,,,,18.9848366,,,,,,299.9909973,,,,
,15580526.455,299.9911804,1582.79638671875,7.297728271941,0.00200616809407121,1,0.999253354069792,40.0298881530762,1.98028638578835,10.7500003650784,39.4865220612988,7.2471156015746,250,-0.013412806977437,7.29629882306565,0.0172493657321133,299.9901733,299.9921875,1532.84057617187,1632.75219726562,56.4648442292367,20.8240587446432,8.884414,0,0,0,40,4449,299.8911,1582.79638671875,,,,,,,,,,,,,0,,,,18.9848366,,,,,,299.9911804,,,,
,15580527.4,299.99147035,1487.82946777344,7.29659258118156,0.00145950201272946,1,0.999253354069792,40.0298881530762,1.98034993104816,10.7500003650784,39.4831633508246,7.23784984685445,250,-0.0149572662298167,7.29516975974309,0.0157006009847603,299.9907532,299.9921875,1442.818359375,1532.84057617187,56.8564401173714,20.8252543134459,9.256284,0,0,0,40,4449,299.8922,1487.82946777344,,,,,,,,,,,,,0,,,,18.9848366,,,,,,299.99147035,,,,
,15580528.42,299.99172975,1387.90576171875,7.2967568862821,0.00157283833740239,1,0.999253354069792,40.0298881530762,1.98001685998365,10.7399998232722,39.4751743894202,7.24976998625167,250,-0.0125641686114531,7.29532390134731,0.0180939670237281,299.9907532,299.9927063,1332.9931640625,1442.818359375,56.6711941583137,20.8266081369034,8.884414,0,0,0,40,4449,299.8941,1387.90576171875,,,,,,,,,,,,,0,,,,19.1744862,,,,,,299.99172975,,,,
,15580529.43,299.99102785,1287.96636962891,7.29016042037191,0.00175900062813006,1,0.999253354069792,40.0298881530762,1.98025743919134,10.7399998232722,39.4461697738526,7.23325104418953,250,-0.0145541271845946,7.28873730384553,0.0160769495282341,299.9893494,299.9927063,1242.93957519531,1332.9931640625,56.7814037795252,20.8214878898393,9.256284,0,0,0,40,4449,299.89445,1287.96636962891,,,,,,,,,,,,,0,,,,19.1744862,,,,,,299.99102785,,,,
,15580530.41,299.99069215,1187.93798828125,7.28635047760161,0.00197565222197849,1,0.999253354069792,40.0298881530762,1.98024889171923,10.7500003650784,39.4220002642391,7.24771488971877,250,-0.0111682488403657,7.28491396917539,0.0194464734071537,299.9893494,299.9920349,1132.93640136719,1242.93957519531,56.6461820456983,20.8180136033108,8.884414,0,0,0,40,4449,299.894,1187.93798828125,,,,,,,,,,,,,0,,,,19.1744862,,,,,,299.99069215,,,,
,15580531.43,299.9916229,1082.98651123047,7.28103014904503,0.0018333818822198,1,0.999253354069792,40.0298881530762,1.98033835852224,10.7500003650784,39.395626581919,7.23909149100487,250,-0.011835089974439,7.27959725888971,0.0187575896421949,299.9912109,299.9920349,1033.03662109375,1132.93640136719,56.4968909985252,20.8201436905017,9.256284,0,0,0,40,4449,299.895,1082.98651123047,,,,,,,,,,,,,0,,,,19.1744862,,,,,,299.9916229,,,,
,15580532.445,299.99119565,983.028289794922,7.28322815330168,0.00178840198695648,1,0.999253354069792,40.0298881530762,1.98014617511927,10.7500003650784,39.4029240704807,7.24525962259227,250,-0.0109758000145061,7.28179129766455,0.019626173629827,299.9911804,299.9912109,933.019958496094,1033.03662109375,56.4945461129675,20.8170974290123,8.512546,0,0,0,40,4449,299.89535,983.028289794922,,,,,,,,,,,,,0,,,,19.1744862,,,,,,299.99119565,,,,
,15580533.61,299.99116515,868.099822998047,7.2813608734774,0.00155630548772616,1,0.999253354069792,40.0298881530762,1.98041272292443,10.7399998232722,39.4020888895089,7.22226977041948,250,-0.0150558239527714,7.27994151383233,0.0155394944548584,299.9911499,299.9911804,803.1796875,933.019958496094,56.5242479966983,20.8235209201019,8.512546,0,0,0,40,4449,299.89495,868.099822998047,,,,,,,,,,,,,0,,,,19.1744862,,,,,,299.99116515,,,,
,15580534.65,299.9909973,763.169830322266,7.28196610524855,0.00160135667437174,1,0.999253354069792,40.0298881530762,1.98056012998312,10.7500003650784,39.405353377989,7.23887952813514,250,-0.0121950384204472,7.28053460649314,0.0184026743389108,299.9908447,299.9911499,723.159973144531,803.1796875,56.2256659023521,20.8213843547753,8.512546,0,0,0,40,4449,299.89365,763.169830322266,,,,,,,,,,,,,0,,,,19.1744862,,,,,,299.9909973,,,,
,15580535.64,299.99124145,663.248504638672,7.28237994794302,0.0011102833020215,1,0.999253354069792,40.0298881530762,1.98045475613124,10.7399998232722,39.4087031769134,7.22189620257249,250,-0.0153423124565211,7.2809614844419,0.0152581814330434,299.9908447,299.9916382,603.337036132813,723.159973144531,56.1639172493329,20.8185975065177,8.512546,0,0,0,40,4449,299.89245,663.248504638672,,,,,,,,,,,,,0,,,,19.1744862,,,,,,299.99124145,,,,
,15580536.805,299.99176025,548.303955078125,7.28029646797158,0.00123792119636446,1,0.999253354069792,40.0298881530762,1.98053893477939,10.7399998232722,39.3994865648604,7.2178337274863,250,-0.0157623877115584,7.27888004169192,0.0148295719809718,299.9916382,299.9918823,493.270874023438,603.337036132813,56.6516534453329,20.8194517479676,8.512546,0,0,0,40,4449,299.8937,548.303955078125,,,,,,,,,,,,,0,,,,19.1744862,,,,,,299.99176025,,,,
,15580537.76,299.9913635,453.27897644043,7.28192067469033,0.000985424530573322,1,0.999253354069792,40.0298881530762,1.98032612359095,10.7399998232722,39.4027416761079,7.22626471122146,250,-0.0143652077368071,7.28049813959597,0.0162334405743984,299.9908447,299.9918823,413.287078857422,493.270874023438,55.6324098562559,20.8291086767426,8.512546,0,0,0,40,4449,299.89435,453.27897644043,,,,,,,,,,,,,0,,,,18.9848366,,,,,,299.9913635,,,,
,15580538.75,299.9902191,353.380737304687,7.27065838037145,0.00150276399227389,1,0.999253354069792,40.0298881530762,1.9806202224521,10.7399998232722,39.3470075229427,7.2187967871345,250,-0.0138509295692948,7.26923626861813,0.0167004631145289,299.9895935,299.9908447,293.474395751953,413.287078857422,55.9841426899098,20.8190574965224,9.256284,0,0,0,40,4449,299.89485,353.380737304687,,,,,,,,,,,,,0,,,,18.9848366,,,,,,299.9902191,,,,
,15580539.79,299.99038695,248.477714538574,7.27053217304996,0.00149206563069461,1,0.999253354069792,40.0298881530762,1.98040835817015,10.7399998232722,39.3442683403338,7.20686659041875,250,-0.0158940644577959,7.26911859981707,0.0146574943128865,299.9895935,299.9911804,203.481033325195,293.474395751953,56.9150622563137,20.8252164998021,9.256284,0,0,0,40,4449,299.8944,248.477714538574,,,,,,,,,,,,,0,,,,19.1744862,,,,,,299.99038695,,,,
,15580540.695,299.9907074,158.520812988281,7.26455270386974,0.00159185559654851,1,0.999253354069792,40.0298881530762,1.98038358609106,10.7500003650784,39.3091282550521,7.21326639845869,250,-0.0135861075356323,7.26313054105338,0.0169401088671442,299.9902344,299.9911804,113.560592651367,203.481033325195,56.3984058051021,20.8189173643407,9.256284,0,0,0,40,4449,299.8938,158.520812988281,,,,,,,,,,,,,0,,,,18.9848366,,,,,,299.9907074,,,,
,15580541.71,299.9907837,58.608981013298,7.26829648252162,0.00138470579984163,1,0.999253354069792,40.0298881530762,1.98017365132553,10.7399998232722,39.3251982890149,7.21689072770614,250,-0.0134725263895136,7.26687304129926,0.0170695898547979,299.9902344,299.991333,3.65736937522888,113.560592651367,56.5297193963329,20.8233804242126,8.512546,0,0,0,40,4449,299.89365,58.608981013298,,,,,,,,,,,,,0,,,,18.795187,,,,,,299.9907837,,,,
,15580542.655,299.991333,-36.3818980455399,7.26097601454393,0.00158528131038951,1,0.999253354069792,40.0298881530762,1.98017365132553,10.7500003650784,39.284052644206,7.21791245006503,250,-0.0119261563818395,7.25954741639248,0.0185849190696869,299.991333,299.991333,-76.4211654663086,3.65736937522888,57.0666981890445,20.8233804242126,8.884414,0,0,0,40,4449,299.89365,-36.3818980455399,,,,,,,,,,,,,0,,,,18.795187,,,,,,299.991333,,,,
,15580543.625,299.99134825,-131.368061065674,7.25641133435405,0.00163445093047348,1,0.999253354069792,40.0298881530762,1.98041375366459,10.7399998232722,39.2657928838121,7.20455662304727,250,-0.0137064728542413,7.25499115135741,0.016785688928494,299.991333,299.9913635,-186.314956665039,-76.4211654663086,56.6946430138906,20.8304670342829,9.256284,0,0,0,40,4449,299.89315,-131.368061065674,,,,,,,,,,,,,0,,,,18.9848366,,,,,,299.99134825,,,,
,15580544.765,299.99183655,-246.249458312988,7.25972380988266,0.00144972089062517,1,0.999253354069792,40.0298881530762,1.9801213958176,10.7399998232722,39.2783245762026,7.20538216992355,250,-0.0139759787235032,7.25830398063568,0.0165298765894277,299.9913635,299.9923096,-306.183959960937,-186.314956665039,56.3319673809675,20.8221896311813,9.256284,0,0,0,40,4449,299.8936,-246.249458312988,,,,,,,,,,,,,0,,,,18.9848366,,,,,,299.99183655,,,,
,15580545.78,299.991745,-351.142684936523,7.24782975664624,0.00198247203003056,1,0.999253354069792,40.0298881530762,1.9804073042934,10.7500003650784,39.2134521278121,7.22718069651787,250,-0.0079276533336893,7.24638701117698,0.022526475359013,299.9911804,299.9923096,-396.101409912109,-306.183959960937,55.9497510350636,20.8214496376796,9.256284,0,0,0,40,4449,299.89605,-351.142684936523,,,,,,,,,,,,,0,,,,18.9848366,,,,,,299.991745,,,,
,15580546.86,299.99147035,-456.084091186523,7.24721868420441,0.00183839683920716,1,0.999253354069792,40.0298881530762,1.98043242366426,10.7500003650784,39.2122843742342,7.21774765907857,250,-0.00957458342604531,7.24578307002056,0.0208771704761623,299.9911804,299.9917603,-516.066772460937,-396.101409912109,56.1803314482367,20.8238650034924,8.512546,0,0,0,40,4449,299.89525,-456.084091186523,,,,,,,,,,,,,0,,,,19.1744862,,,,,,299.99147035,,,,
,15580548.11,299.9909821,-575.910125732422,7.24446280398279,0.00154404894666463,1,0.999253354069792,40.0298881530762,1.98032427282414,10.7399998232722,39.1985487966256,7.1970240650702,250,-0.0128237117185784,7.24304153902279,0.0176170608461562,299.9902039,299.9917603,-635.753479003906,-516.066772460937,57.3668435404292,20.8246123134036,8.512546,0,0,0,40,4449,299.8934,-575.910125732422,,,,,,,,,,,,,0,,,,18.9848366,,,,,,299.9909821,,,,
,15580549.225,299.99047855,-690.765716552734,7.2402211842966,0.00183453228271204,1,0.999253354069792,40.0298881530762,1.9803034135832,10.7399998232722,39.1727114786706,7.20613809912287,250,-0.0103380695482636,7.23879052026915,0.0200838911400323,299.9902039,299.9907532,-745.777954101562,-635.753479003906,56.8392442899483,20.8185134208403,9.256284,0,0,0,40,4449,299.89505,-690.765716552734,,,,,,,,,,,,,0,,,,18.795187,,,,,,299.99047855,,,,
,15580550.265,299.9910431,-795.666687011719,7.23983126648941,0.00187160092397407,1,0.999253354069792,40.0298881530762,1.98033923258901,10.7399998232722,39.1713772767831,7.20541873608189,250,-0.0104218427312813,7.23840092113772,0.0199981001792361,299.9907532,299.991333,-845.555419921875,-745.777954101562,56.2436433582944,20.8248868049193,8.512546,0,0,0,40,4449,299.8961,-795.666687011719,,,,,,,,,,,,,0,,,,18.9848366,,,,,,299.9910431,,,,
,15580551.375,299.990921,-905.437866210937,7.23221097488171,0.00182634170081565,1,0.999253354069792,40.0298881530762,1.98023072271348,10.7399998232722,39.1315245486289,7.17874711306912,250,-0.0138685625461389,7.23079671168698,0.0165198900940643,299.990509,299.991333,-965.3203125,-845.555419921875,56.4718788859098,20.8197559592605,9.256284,0,0,0,40,4449,299.89515,-905.437866210937,,,,,,,,,,,,,0,,,,19.1744862,,,,,,299.990921,,,,
,15580552.42,299.99031065,-1010.26324462891,7.23106795958477,0.00155116411092822,1,0.999253354069792,40.0298881530762,1.98036967581741,10.7399998232722,39.1259288697195,7.18937478401215,250,-0.0117824130222439,7.22964535698231,0.0186004994997722,299.9901123,299.990509,-1055.20617675781,-965.3203125,55.7473092485828,20.8215463143639,8.512546,0,0,0,40,4449,299.8954,-1010.26324462891,,,,,,,,,,,,,0,,,,18.9848366,,,,,,299.99031065,,,,
,15580553.515,299.990448,-1118.60119628906,7.23145828442656,0.00194533162457966,1,0.999253354069792,40.0298881530762,1.98020481223426,10.7399998232722,39.1248372748613,7.18932111660563,250,-0.0117565065795205,7.23003548323561,0.0186277652663783,299.9901123,299.9907837,-1181.99621582031,-1055.20617675781,56.8259566051214,20.8206277826825,8.884414,0,0,0,40,4449,299.8952,-1118.60119628906,,,,,,,,,,,,,0,,,,18.795187,,,,,,299.990448,,,,
,15580554.685,299.9910126,-1238.43670654297,7.22628003412105,0.00208017271386741,1,0.999253354069792,40.0298881530762,1.98009460487121,10.7399998232722,39.0921669240579,7.19743245866295,250,-0.00922407063405191,7.22484752316265,0.0211376580312566,299.9907837,299.9912415,-1294.87719726562,-1181.99621582031,57.3644986548715,20.8257597755108,9.256284,0,0,0,40,4449,299.89465,-1238.43670654297,,,,,,,,,,,,,0,,,,18.795187,,,,,,299.9910126,,,,
,15580555.59,299.99069215,-1330.11688232422,7.22235670067715,0.00188025450831639,1,0.999253354069792,40.0298881530762,1.98009460487121,10.7399998232722,39.0739281253147,7.17742882973226,250,-0.0121949239488393,7.22093757810824,0.0181506880532174,299.9901428,299.9912415,-1365.35656738281,-1294.87719726562,57.210517836583,20.8257597755108,9.256284,0,0,0,40,4449,299.89445,-1330.11688232422,,,,,,,,,,,,,0,,,,18.9848366,,,,,,299.99069215,,,,
,15580556.59,299.99038695,-1430.31231689453,7.21963198029459,0.00150896474892883,1,0.999253354069792,40.0298881530762,1.98043418815456,10.7399998232722,39.0668156905159,7.17001917755749,250,-0.0132811565021362,7.2182180827123,0.0170529624754278,299.9901428,299.9906311,-1495.26806640625,-1365.35656738281,57.0362146767945,20.8225633653548,8.884414,0,0,0,40,4449,299.89425,-1430.31231689453,,,,,,,,,,,,,0,,,,19.1744862,,,,,,299.99038695,,,,
,15580557.765,299.99057005,-1545.15185546875,7.21947140570025,0.00178489174991654,1,0.999253354069792,40.0298881530762,1.98052947681076,10.7399998232722,39.0676474813101,7.17091114720679,250,-0.0131483423573067,7.21805696756304,0.017184724288062,299.990509,299.9906311,-1595.03564453125,-1495.26806640625,57.1010898438907,20.8220407444628,8.512546,0,0,0,40,4449,299.89435,-1545.15185546875,,,,,,,,,,,,,0,,,,18.9848366,,,,,,299.99057005,,,,
,15580558.8,299.99079895,-1644.92602539062,7.21856470731974,0.00201926433805282,1,0.999253354069792,40.0298881530762,1.98042900235831,10.7399998232722,39.0592761829927,7.17791570272793,250,-0.0116194308694892,7.21714399584419,0.0187092408849653,299.990509,299.9910889,-1694.81640625,-1595.03564453125,57.1018714724099,20.8271940550548,9.256284,0,0,0,40,4449,299.89415,-1644.92602539062,,,,,,,,,,,,,0,,,,18.9848366,,,,,,299.99079895,,,,
,15580559.805,299.9909668,-1749.70556640625,7.21247124642693,0.00159092676337402,1,0.999253354069792,40.0298881530762,1.98027899008478,10.7500003650784,39.0236493183932,7.17009829333658,250,-0.011836059107147,7.21105270498757,0.0184663869969807,299.9908447,299.9910889,-1804.5947265625,-1694.81640625,56.5594212800637,20.8243984428213,8.512546,0,0,0,40,4449,299.8971,-1749.70556640625,,,,,,,,,,,,,0,,,,18.9848366,,,,,,299.9909668,,,,
,15580560.755,299.9908905,-1844.56231689453,7.20690493948504,0.00215729135494667,1,0.999253354069792,40.0298881530762,1.98036944456146,10.7399998232722,38.9936310319824,7.17372326302923,250,-0.0101920219334857,7.20548071901055,0.0200859307339562,299.9908447,299.9909363,-1884.52990722656,-1804.5947265625,57.6732419199676,20.8219750461463,8.512546,0,0,0,40,4449,299.90115,-1844.56231689453,,,,,,,,,,,,,0,,,,18.795187,,,,,,299.9908905,,,,
,15580561.61,299.9909363,-1929.45782470703,7.20306098950258,0.00192398950015244,1,0.999253354069792,40.0298881530762,1.98036944456146,10.7399998232722,38.9736524017385,7.16547847548003,250,-0.0110031737420886,7.2016409731725,0.0192585219442419,299.9909363,299.9909363,-1974.3857421875,-1884.52990722656,56.2201945027175,20.8219750461463,9.256284,0,0,0,40,4449,299.90125,-1929.45782470703,,,,,,,,,,,,,0,,,,18.9848366,,,,,,299.9909363,,,,
,15580562.58,299.99142455,-2029.34912109375,7.20124897599479,0.00209364184205435,1,0.999253354069792,40.0298881530762,1.98018544581068,10.7500003650784,38.9605943212209,7.16152830094827,250,-0.0112772150520195,7.19983037017474,0.0189767145824771,299.9909363,299.9919128,-2084.3125,-1974.3857421875,56.8970848003714,20.8238410805441,9.256284,0,0,0,40,4449,299.9004,-2029.34912109375,,,,,,,,,,,,,0,,,,19.1744862,,,,,,299.99142455,,,,
,15580563.655,299.99127195,-2134.3369140625,7.19598122579299,0.00197568500604437,1,0.999253354069792,40.0298881530762,1.98033626469581,10.7399998232722,38.9327991673104,7.16861995673107,250,-0.00908737682999787,7.19455456466485,0.0211436539735616,299.9906311,299.9919128,-2184.361328125,-2084.3125,55.8035865019674,20.8244379120923,9.256284,0,0,0,40,4449,299.90035,-2134.3369140625,,,,,,,,,,,,,0,,,,19.1744862,,,,,,299.99127195,,,,
,15580564.755,299.9908905,-2244.24731445313,7.19877588064924,0.00125110008171153,1,0.999253354069792,40.0298881530762,1.98044893455834,10.7399998232722,38.9542649954094,7.14924005642159,250,-0.0132615947093139,7.19736630727849,0.0169818143524727,299.9906311,299.9911499,-2304.13330078125,-2184.361328125,56.1584458496982,20.8231612149773,8.512546,0,0,0,40,4449,299.8992,-2244.24731445313,,,,,,,,,,,,,0,,,,19.1744862,,,,,,299.9908905,,,,
,15580565.975,299.99069215,-2364.11193847656,7.19007826157713,0.00157330740350295,1,0.999253354069792,40.0298881530762,1.9803347606585,10.7399998232722,38.9061228593526,7.13421455100308,250,-0.0143519651196717,7.18867512192605,0.015854810496043,299.9902344,299.9911499,-2424.09057617187,-2304.13330078125,55.9458428924675,20.8237219872674,9.256284,0,0,0,40,4449,299.89865,-2364.11193847656,,,,,,,,,,,,,0,,,,18.9848366,,,,,,299.99069215,,,,
,15580567.64,299.99006655,-2528.90905761719,7.17662899712611,0.0020025198405401,1,0.999253354069792,40.0298881530762,1.98032691625188,10.7500003650784,38.8273769949098,7.15223863850318,250,-0.00852015868976267,7.17520431984103,0.0216283343402005,299.9898987,299.9902344,-2633.7275390625,-2424.09057617187,56.1256174518906,20.8214466862247,9.256284,0,0,0,40,4449,299.8992,-2528.90905761719,,,,,,,,,,,,,0,,,,18.9848366,,,,,,299.99006655,,,,
,15580569.255,299.98954775,-2693.72204589844,7.16991336028579,0.00183719747083355,1,0.999253354069792,40.0298881530762,1.97997520084996,10.7399998232722,38.7863573837687,7.13334724084642,250,-0.0105383626849362,7.16849871975777,0.0195817555608073,299.9891968,299.9898987,-2753.71655273438,-2633.7275390625,56.4492116588521,20.8254280054244,8.512546,0,0,0,40,4449,299.8995,-2693.72204589844,,,,,,,,,,,,,0,,,,18.9848366,,,,,,299.98954775,,,,
,15580570.365,299.990036,-2800.14123535156,7.16272560975344,0.00431419467980611,1,0.999253354069792,40.0298881530762,1.9800873344488,10.7399998232722,38.7513728869435,7.1171065273382,250,-0.0122809007863305,7.16131965163997,0.0178090745475408,299.9891968,299.9908752,-2846.56591796875,-2753.71655273438,56.760299809506,20.8247215630857,9.256284,0,0,0,40,4449,299.8991,-2800.14123535156,,,,,,,,,,,,,0,,,,18.9848366,,,,,,299.990036,,,,
,15580571.445,299.9911346,-2904.49670410156,7.16436092351346,0.0016613786286129,1,0.999253354069792,40.0298881530762,1.98018400086626,10.7399998232722,38.7600825909234,7.12975747489774,250,-0.0103074917181194,7.16294607727612,0.0197886979456412,299.9908752,299.991394,-2962.42749023438,-2846.56591796875,56.7016776705637,20.8251283064425,8.512546,0,0,0,40,4449,299.8983,-2904.49670410156,,,,,,,,,,,,,0,,,,19.1744862,,,,,,299.9911346,,,,
,15580572.635,299.9909515,-3028.50207519531,7.16450130406739,0.0017998956471602,1,0.999253354069792,40.0298881530762,1.98053059168426,10.7500003650784,38.7676197758611,7.13025124279511,250,-0.0104669324785092,7.16308717927004,0.0196295462953323,299.990509,299.991394,-3094.57666015625,-2962.42749023438,56.445303516256,20.8242404340886,8.884414,0,0,0,40,4449,299.8976,-3028.50207519531,,,,,,,,,,,,,0,,,,18.9848366,,,,,,299.9909515,,,,
,15580573.61,299.990509,-3129.68762207031,7.15737485041033,0.00187341461492916,1,0.999253354069792,40.0298881530762,1.98053059168426,10.7399998232722,38.7325259148208,7.10446203697322,250,-0.0139123686142869,7.15597680401978,0.0161544698018493,299.990509,299.990509,-3164.79858398438,-3094.57666015625,57.0362146767945,20.8242404340886,8.512546,0,0,0,40,4449,299.89815,-3129.68762207031,,,,,,,,,,,,,0,,,,18.795187,,,,,,299.990509,,,,
,15580574.52,299.9915466,-3219.71496582031,7.15323707768771,0.00217591867691233,1,0.999253354069792,40.0298881530762,1.98007623394608,10.7399998232722,38.6931129291615,7.1438384620607,250,-0.00557012847781813,7.15180459402074,0.02447726575735,299.990509,299.9925842,-3274.63134765625,-3164.79858398438,56.5633294226598,20.8251869584601,9.256284,0,0,0,40,4449,299.89865,-3219.71496582031,,,,,,,,,,,,,0,,,,18.9848366,,,,,,299.9915466,,,,
,15580575.695,299.9912109,-3334.89636230469,7.14441347577851,0.00176616789638923,1,0.999253354069792,40.0298881530762,1.98045561551777,10.7399998232722,38.6572617442311,7.11125947153749,250,-0.0102030714550487,7.14300236961091,0.0198078575683392,299.9898376,299.9925842,-3395.16137695313,-3274.63134765625,56.4070037188137,20.8216708250493,9.256284,0,0,0,40,4449,299.89825,-3334.89636230469,,,,,,,,,,,,,0,,,,19.1744862,,,,,,299.9912109,,,,
,15580576.68,299.9898376,-3435.11120605469,7.1483738502004,0.0013830042842182,1,0.999253354069792,40.0298881530762,1.98047968825927,10.7399998232722,38.6829236662716,7.09494298972416,250,-0.0139691100395217,7.1469781457045,0.016058935692925,299.9898376,299.9898376,-3475.06103515625,-3395.16137695313,56.926005055583,20.822221404948,8.884414,0,0,0,40,4449,299.89775,-3435.11120605469,,,,,,,,,,,,,0,,,,18.9848366,,,,,,299.9898376,,,,
,15580577.67,299.9908752,-3534.95788574219,7.14101490794404,0.00128057934198282,1,0.999253354069792,40.0298881530762,1.9802763302598,10.7399998232722,38.6390605011157,7.08784186777301,250,-0.0137855433837989,7.13961969562118,0.0162111444787931,299.9898376,299.9919128,-3594.85473632812,-3475.06103515625,56.0021201458521,20.8225272867525,8.512546,0,0,0,40,4449,299.8983,-3534.95788574219,,,,,,,,,,,,,0,,,,18.795187,,,,,,299.9908752,,,,
,15580578.82,299.9913635,-3649.79772949219,7.12788200262859,0.0020063245429799,1,0.999253354069792,40.0298881530762,1.98015514820116,10.7500003650784,38.5657120826036,7.07430603467444,250,-0.0137743587756076,7.12648931752845,0.0161668495684233,299.9908142,299.9919128,-3704.74072265625,-3594.85473632812,56.5695824508137,20.8231079911555,8.512546,0,0,0,40,4449,299.8976,-3649.79772949219,,,,,,,,,,,,,0,,,,18.795187,,,,,,299.9913635,,,,
,15580579.89,299.9905548,-3759.73889160156,7.10560831686457,0.00195311821288512,1,0.999253354069792,40.0298881530762,1.98018772356452,10.7399998232722,38.4407995405253,7.07937388910555,250,-0.00872788099737187,7.10419920336523,0.021118506250517,299.9902954,299.9908142,-3814.73706054687,-3704.74072265625,56.7204367550252,20.8251980461459,8.884414,0,0,0,40,4449,299.8964,-3759.73889160156,,,,,,,,,,,,,0,,,,18.9848366,,,,,,299.9905548,,,,
,15580581.07,299.9902954,-3879.71911621094,7.10102872746403,0.00202515462859651,1,0.999253354069792,40.0298881530762,1.97978775063937,10.7399998232722,38.4082848521382,7.07434206541155,250,-0.00855086595059817,7.09961990938655,0.0212758423963304,299.9902954,299.9902954,-3944.701171875,-3814.73706054687,55.8653351549867,20.8184816444664,8.512546,0,0,0,40,4449,299.8963,-3879.71911621094,,,,,,,,,,,,,0,,,,18.9848366,,,,,,299.9902954,,,,
,15580582.275,299.9908447,-3999.58056640625,7.09501759198141,0.00179883947024108,1,0.999253354069792,40.0298881530762,1.98033806785609,10.7399998232722,38.3881464797914,7.05964196468892,250,-0.0105078850875141,7.09361812625519,0.0192934165991242,299.9902954,299.991394,-4054.4599609375,-3944.701171875,56.7376325824483,20.8292410514251,9.256284,0,0,0,40,4449,299.89745,-3999.58056640625,,,,,,,,,,,,,0,,,,18.795187,,,,,,299.9908447,,,,
,15580583.28,299.99060055,-4099.44897460937,7.08208283447582,0.00173032455069774,1,0.999253354069792,40.0298881530762,1.98052769703851,10.7399998232722,38.3227054498327,7.04223055136278,250,-0.0114495124208751,7.08069005341859,0.0182972963187125,299.9898071,299.991394,-4144.43798828125,-4054.4599609375,56.9588334533906,20.8265617613289,8.512546,0,0,0,40,4449,299.8975,-4099.44897460937,,,,,,,,,,,,,0,,,,18.9848366,,,,,,299.99060055,,,,
,15580584.38,299.99060055,-4209.36669921875,7.07287290917281,0.00156585893859956,1,0.999253354069792,40.0298881530762,1.98028661036845,10.7399998232722,38.2706226501925,7.01984392668404,250,-0.0137256502345177,7.0714915869884,0.0159826738144789,299.9898071,299.991394,-4274.29541015625,-4144.43798828125,55.9841426899098,20.8225525469122,8.512546,0,0,0,40,4449,299.89645,-4209.36669921875,,,,,,,,,,,,,0,,,,18.9848366,,,,,,299.99060055,,,,
,15580585.585,299.9908905,-4329.25463867188,7.06587055997946,0.00194204916843126,1,0.999253354069792,40.0298881530762,1.98033495113034,10.7399998232722,38.2328203725074,7.01750184168424,250,-0.0128904389001017,7.064487139389,0.0167876736744909,299.990387,299.991394,-4384.2138671875,-4274.29541015625,56.811105663256,20.8223490454253,9.256284,0,0,0,40,4449,299.8982,-4329.25463867188,,,,,,,,,,,,,0,,,,18.9848366,,,,,,299.9908905,,,,
,15580586.685,299.98962405,-4438.10400390625,7.0467868216204,0.00233475648362458,1,0.999253354069792,40.0298881530762,1.98001041301562,10.7399998232722,38.1213207563465,7.00900479514184,250,-0.0107150598997271,7.04539851636761,0.0188820446390582,299.9888611,299.990387,-4491.994140625,-4384.2138671875,56.2545861575636,20.8220325532093,8.512546,0,0,0,40,4449,299.89845,-4438.10400390625,,,,,,,,,,,,,0,,,,18.9848366,,,,,,299.98962405,,,,
,15580587.77,299.99028015,-4543.12133789063,7.02851523599989,0.00210648459862151,1,0.999253354069792,40.0298881530762,1.98040321239956,10.7399998232722,38.0300048181888,6.99125510929675,250,-0.0108586569237162,7.02713110840051,0.0186614457202666,299.9888611,299.9916992,-4594.24853515625,-4491.994140625,56.2717819849867,20.8258340012987,8.512546,0,0,0,40,4449,299.89775,-4543.12133789063,,,,,,,,,,,,,0,,,,18.795187,,,,,,299.99028015,,,,
,15580588.905,299.9908142,-4654.3154296875,7.00097636509206,0.00233975739665337,1,0.999253354069792,40.0298881530762,1.98028341902088,10.7399998232722,37.8766009509679,6.97510244223327,250,-0.00866177572185976,6.99958850179465,0.0207419475241652,299.9899292,299.9916992,-4714.38232421875,-4594.24853515625,56.6477453027368,20.8262390759346,8.512546,0,0,0,40,4449,299.8967,-4654.3154296875,,,,,,,,,,,,,0,,,,18.795187,,,,,,299.9908142,,,,
,15580590.1,299.99086,-4774.28247070313,6.97895139542643,0.0019412645785695,1,0.999253354069792,40.0298881530762,1.98034668267264,10.7399998232722,37.7627399155105,6.93114900928783,250,-0.0127431979232783,6.97758518167068,0.0165684387137646,299.9899292,299.9917908,-4834.1826171875,-4714.38232421875,56.5609845371021,20.8299543729415,8.512546,0,0,0,40,4449,299.8966,-4774.28247070313,,,,,,,,,,,,,0,,,,18.9848366,,,,,,299.99086,,,,
,15580591.195,299.99125675,-4884.15283203125,6.95901886351843,0.0031714249244524,1,0.999253354069792,40.0298881530762,1.98053293252243,10.7500003650784,37.6551378476049,6.92925514159235,250,-0.00951412609098276,6.95764309419972,0.0197125991131639,299.9907227,299.9917908,-4934.123046875,-4834.1826171875,56.7016776705637,20.8285409000211,9.256284,0,0,0,40,4449,299.8979,-4884.15283203125,,,,,,,,,,,,,0,,,,19.07919695,,,,,,299.99125675,,,,
,15580592.275,299.99139405,-4994.0322265625,6.93456709682696,0.00244690534692689,1,0.999253354069792,40.0298881530762,1.98013858935363,10.7399998232722,37.5124515823316,6.92023566878605,250,-0.00639847713485834,6.93318321223731,0.0227246185799828,299.9907227,299.9920654,-5053.94140625,-4934.123046875,56.719655126506,20.8265248900321,9.256284,0,0,0,40,4449,299.89715,-4994.0322265625,,,,,,,,,,,,,0,,,,18.88954735,,,,,,299.99139405,,,,
,15580593.37,299.99085995,-5103.896484375,6.90811773424124,0.00248808167929457,1,0.999253354069792,40.0298881530762,1.98042086465737,10.7399998232722,37.3780050380535,6.87628030505331,250,-0.00979734769542571,6.90675367191561,0.0192150330570954,299.9896545,299.9920654,-5153.8515625,-5053.94140625,56.8126689202945,20.8183283165281,9.256284,0,0,0,40,4449,299.8966,-5103.896484375,,,,,,,,,,,,,0,,,,18.9848366,,,,,,299.99085995,,,,
,15580594.385,299.99053955,-5203.88110351562,6.8869682269247,0.00211081077206912,1,0.999253354069792,40.0298881530762,1.98000325475792,10.7399998232722,37.2544658272302,6.86159065273733,250,-0.00832967491648757,6.88560243839438,0.0205930308365063,299.9896545,299.9914246,-5253.91064453125,-5153.8515625,55.9575673202559,20.8241079707699,9.256284,0,0,0,40,4449,299.89835,-5203.88110351562,,,,,,,,,,,,,0,,,,19.1744862,,,,,,299.99053955,,,,
,15580595.525,299.9907227,-5318.802734375,6.8557021173157,0.00208704622400111,1,0.999253354069792,40.0298881530762,1.98050246160789,10.7500003650784,37.0972689888323,6.81694043000859,250,-0.0110974064646056,6.85435430581107,0.0176941328488524,299.9900208,299.9914246,-5383.69482421875,-5253.91064453125,56.5101786833521,20.8241865220479,9.256284,0,0,0,40,4449,299.8985,-5318.802734375,,,,,,,,,,,,,0,,,,18.9848366,,,,,,299.9907227,,,,
,15580596.645,299.9910126,-5433.6787109375,6.82465824124169,0.00195638618981497,1,0.999253354069792,40.0298881530762,1.98017755746565,10.7399998232722,36.9246151816255,6.77830586348811,250,-0.0122818675241898,6.82332168329171,0.0163791470969923,299.9900208,299.9920044,-5483.66259765625,-5383.69482421875,56.4671891147944,20.8288582729144,9.256284,0,0,0,40,4449,299.8984,-5433.6787109375,,,,,,,,,,,,,0,,,,18.9848366,,,,,,299.9910126,,,,
,15580597.715,299.99179075,-5538.6533203125,6.78741914547617,0.00307571389697153,1,0.999253354069792,40.0298881530762,1.98021833382645,10.7399998232722,36.72037140143,6.76032724581817,250,-0.00872512650510904,6.78607508183027,0.0197782637350209,299.9915771,299.9920044,-5593.64404296875,-5483.66259765625,57.5302039009484,20.8206376834222,8.884414,0,0,0,40,4449,299.8997,-5538.6533203125,,,,,,,,,,,,,0,,,,18.9848366,,,,,,299.99179075,,,,
,15580598.875,299.99163815,-5653.66723632812,6.75167286263325,0.00201321407417797,1,0.999253354069792,40.0298881530762,1.98040791730363,10.7399998232722,36.5322286401959,6.71545282637594,250,-0.010508722024488,6.75034363926578,0.0178444962256832,299.9915771,299.9916992,-5713.6904296875,-5593.64404296875,56.0880992829675,20.825551601945,9.256284,0,0,0,40,4449,299.89985,-5653.66723632812,,,,,,,,,,,,,0,,,,18.9848366,,,,,,299.99163815,,,,
,15580599.915,299.99171445,-5758.603515625,6.71001999267592,0.00243517741635629,1,0.999253354069792,40.0298881530762,1.98029977156068,10.7500003650784,36.3078919276434,6.65762919594083,250,-0.0134087596658242,6.70871143216814,0.0147698116818921,299.9916992,299.9917297,-5803.5166015625,-5713.6904296875,56.3272776098521,20.8304024957553,9.256284,0,0,0,40,4449,299.89945,-5758.603515625,,,,,,,,,,,,,0,,,,18.9848366,,,,,,299.99171445,,,,
,15580600.94,299.9919281,-5858.45922851562,6.59619669674125,0.00307646027198587,1,0.999253354069792,40.0298881530762,1.9802387132255,10.7500003650784,35.6867500383166,6.56699105878498,250,-0.00902233813329351,6.59489285062646,0.0186770469374365,299.9917297,299.9921265,-5913.40185546875,-5803.5166015625,56.3952792910252,20.8263989855089,8.884414,0,0,0,40,4449,299.89935,-5858.45922851562,,,,,,,,,,,,,0,,,,18.9848366,,,,,,299.9919281,,,,
,15580602.135,299.9919281,-5978.32397460937,6.54546056312977,0.00232746154669272,1,0.999253354069792,40.0298881530762,1.98047923570237,10.7399998232722,35.4182902985932,6.5073427993881,250,-0.0107842185283356,6.54417448092471,0.0167020068381037,299.9917297,299.9921265,-6043.24609375,-5913.40185546875,57.2894623170253,20.8231377528639,8.512546,0,0,0,40,4449,299.89985,-5978.32397460937,,,,,,,,,,,,,0,,,,18.9848366,,,,,,299.9919281,,,,
,15580603.215,299.9917297,-6088.31298828125,6.4832129326277,0.0032514542715822,1,0.999253354069792,40.0298881530762,1.98029076292234,10.7399998232722,35.076493122823,6.45409083067985,250,-0.00897449319792779,6.4819320074344,0.0182494974073331,299.9917297,299.9917297,-6133.3798828125,-6043.24609375,57.1128142716791,20.8237319713954,9.256284,0,0,0,40,4449,299.90085,-6088.31298828125,,,,,,,,,,,,,0,,,,18.9848366,,,,,,299.9917297,,,,
,15580604.26,299.9922638,-6193.453125,6.42761599714019,0.00337610830099758,1,0.999253354069792,40.0298881530762,1.98047004152946,10.7399998232722,34.7792885401878,6.39648098478146,250,-0.00941972490143334,6.42634817247961,0.0175703910548103,299.9917297,299.9927979,-6253.5263671875,-6133.3798828125,55.8692432975828,20.8223607506591,8.884414,0,0,0,40,4449,299.9023,-6193.453125,,,,,,,,,,,,,0,,,,19.1744862,,,,,,299.9922638,,,,
,15580605.385,299.992569,-6304.46362304687,6.35493511094908,0.00965429268507193,1,0.999253354069792,40.0298881530762,1.98046582401868,10.7399998232722,34.3947104011592,6.27687833130426,250,-0.0180495310759479,6.35371826949746,0.00863677966455579,299.9923401,299.9927979,-6355.40087890625,-6253.5263671875,56.9377294833714,20.8210308761818,8.884414,0,0,0,40,4449,299.90235,-6304.46362304687,,,,,,,,,,,,,0,,,,18.9848366,,,,,,299.992569,,,,
,15580606.43,299.9919281,-6408.74780273437,6.3194108356546,0.0031180892895009,1,0.999253354069792,40.0298881530762,1.98025410741993,10.7500003650784,34.1876413120426,6.30173482516692,250,-0.00674552566692508,6.31815392582525,0.0197891325120887,299.9915161,299.9923401,-6462.0947265625,-6355.40087890625,56.445303516256,20.8273661596524,8.512546,0,0,0,40,4449,299.9008,-6408.74780273437,,,,,,,,,,,,,0,,,,18.9848366,,,,,,299.9919281,,,,
,15580608.39,299.9934998,-6610.64721679688,6.26421574950697,0.00275401593818113,1,0.999253354069792,40.0298881530762,1.98049055242183,10.7399998232722,33.8942388775828,6.24065489045917,250,-0.00793694144825458,6.26297475321152,0.0183657045143376,299.9934998,299.9934998,-6615.66064453125,-6605.6337890625,56.5688008222944,20.8318356602986,8.512546,0,0,0,40,4449,299.899,-6610.64721679688,,,,,,,,,,,,,0,,,,18.795187,,,,,,299.9934998,,,,
,15580608.975,299.9934235,-6665.86083984375,6.13798838687578,0.0039323896406799,1,0.999253354069792,40.0298881530762,1.98035338784741,10.7500003650784,33.2100997458104,6.10860288918799,250,-0.00886494719191041,6.13677701003914,0.0169076192943094,299.9933472,299.9934998,-6716.06103515625,-6615.66064453125,56.411693489929,20.8253620288111,8.512546,0,0,0,40,4449,299.9,-6665.86083984375,,,,,,,,,,,,,0,,,,18.9848366,,,,,,299.9934235,,,,
,15580610.1,299.9931946,-6776.033203125,6.07291695439372,0.0039120875448575,1,0.999253354069792,40.0298881530762,1.98039035360263,10.7500003650784,32.8594520834324,6.03948796604358,250,-0.00959587531593973,6.07172198814422,0.0159030728996301,299.993042,299.9933472,-6836.00537109375,-6716.06103515625,56.8580033744099,20.8277467218924,9.256284,0,0,0,40,4449,299.9019,-6776.033203125,,,,,,,,,,,,,0,,,,19.1744862,,,,,,299.9931946,,,,
,15580611.2,299.99317935,-6885.91528320312,6.0028366418812,0.00342188410143308,1,0.999253354069792,40.0298881530762,1.98012005102628,10.7500003650784,32.4776404608407,5.95980873714761,250,-0.0111839517814609,6.00166263495722,0.0140207339921037,299.993042,299.9933167,-6935.8251953125,-6836.00537109375,56.7454488676406,20.8277050854495,9.256284,0,0,0,40,4449,299.9018,-6885.91528320312,,,,,,,,,,,,,0,,,,19.1744862,,,,,,299.99317935,,,,
,15580612.305,299.9929352,-6995.73559570312,5.93575063569908,0.00331506367301164,1,0.999253354069792,40.0298881530762,1.98020800115029,10.7399998232722,32.1132094339894,5.90889238741306,250,-0.00820524635344936,5.93457785048598,0.016716875969966,299.9925537,299.9933167,-7055.64599609375,-6935.8251953125,56.902556200006,20.8208510096807,8.884414,0,0,0,40,4449,299.9012,-6995.73559570312,,,,,,,,,,,,,0,,,,18.9848366,,,,,,299.9929352,,,,
,15580613.415,299.99298095,-7110.54809570312,5.86449109158644,0.0034317888516706,1,0.999253354069792,40.0298881530762,1.98038269037969,10.7399998232722,31.732569650367,5.82684238508743,250,-0.0102537603220744,5.86334141734784,0.0143693175969156,299.9925537,299.9934082,-7165.4501953125,-7055.64599609375,56.6735390438714,20.8209160548397,8.884414,0,0,0,40,4449,299.9003,-7110.54809570312,,,,,,,,,,,,,0,,,,18.9848366,,,,,,299.99298095,,,,
,15580614.475,299.9932556,-7220.34204101562,5.80137677778004,0.00356782469671897,1,0.999253354069792,40.0298881530762,1.98028177162442,10.7500003650784,31.3885233947321,5.76911203226932,250,-0.00916960260043234,5.80023536387007,0.0151879202368372,299.993103,299.9934082,-7275.23388671875,-7165.4501953125,56.533627538929,20.8290433391994,8.884414,0,0,0,40,4449,299.90035,-7220.34204101562,,,,,,,,,,,,,0,,,,19.1744862,,,,,,299.9932556,,,,
,15580615.665,299.9935608,-7335.208984375,5.72495163789367,0.00450835953030489,1,0.999253354069792,40.0298881530762,1.98037606747104,10.7399998232722,30.9768487163317,5.69128735996793,250,-0.00943459142397123,5.72382685414157,0.0146017313227777,299.993103,299.9940186,-7395.18408203125,-7275.23388671875,57.1714364106214,20.8261751689668,9.256284,0,0,0,40,4449,299.9007,-7335.208984375,,,,,,,,,,,,,0,,,,19.1744862,,,,,,299.9935608,,,,
,15580616.885,299.9938965,-7455.07983398438,5.55339448688091,0.00427415434151748,1,0.999253354069792,40.0298881530762,1.98041878947122,10.7399998232722,30.0492404625677,5.52069591499329,250,-0.00918097121842175,5.552303494287,0.0141347384933569,299.9937744,299.9940186,-7514.9755859375,-7395.18408203125,57.0354330482753,20.819363986694,8.884414,0,0,0,40,4449,299.90025,-7455.07983398438,,,,,,,,,,,,,0,,,,18.9848366,,,,,,299.9938965,,,,
,15580618.05,299.9933319,-7574.9326171875,5.47756440110708,0.00427113176912589,1,0.999253354069792,40.0298881530762,1.98013621870361,10.7399998232722,29.6336595748779,5.45071695757282,250,-0.00791587401834928,5.47648367042223,0.0150808644252221,299.9928894,299.9937744,-7634.8896484375,-7514.9755859375,56.1490663074675,20.8281102216341,9.256284,0,0,0,40,4449,299.90025,-7574.9326171875,,,,,,,,,,,,,0,,,,18.795187,,,,,,299.9933319,,,,
,15580619.255,299.99357605,-7694.96728515625,5.39681756014866,0.00394459887185779,1,0.999253354069792,40.0298881530762,1.98001555855249,10.7399998232722,29.1952433339332,5.3691831528231,250,-0.00795852525622568,5.39575341250232,0.0146989157644919,299.9928894,299.9942627,-7755.044921875,-7634.8896484375,56.8509687177368,20.8209683971458,9.256284,0,0,0,40,4449,299.8998,-7694.96728515625,,,,,,,,,,,,,0,,,,18.795187,,,,,,299.99357605,,,,
,15580620.33,299.99409485,-7800.04248046875,5.3143039534161,0.0043602567052984,1,0.999253354069792,40.0298881530762,1.98017425100393,10.7399998232722,28.7495735347397,5.29582010057731,250,-0.00629907182084881,5.31324956302571,0.0160111775304339,299.993927,299.9942627,-7845.0400390625,-7755.044921875,57.0283983916022,20.8174288091972,8.884414,0,0,0,40,4449,299.90145,-7800.04248046875,,,,,,,,,,,,,0,,,,18.9848366,,,,,,299.99409485,,,,
,15580621.225,299.993927,-7890.09643554687,5.21500476615305,0.00468301306233961,1,0.999253354069792,40.0298881530762,1.98012825773816,10.7399998232722,28.2116185889719,5.19741035489426,250,-0.00605863821055666,5.21396963122467,0.0158343296280031,299.993927,299.993927,-7935.15283203125,-7845.0400390625,57.3895107674868,20.8270390287384,9.256284,0,0,0,40,4449,299.9028,-7890.09643554687,,,,,,,,,,,,,0,,,,18.9848366,,,,,,299.993927,,,,
,15580622.28,299.9938812,-8000.14208984375,5.12832879241714,0.00476218102292064,1,0.999253354069792,40.0298881530762,1.97965313879161,10.7500003650784,27.7355671509529,5.113431136248,250,-0.00529174516155747,5.12730810659909,0.0162368765407972,299.9938354,299.993927,-8065.13134765625,-7935.15283203125,56.6360208749483,20.8257565231471,9.256284,0,0,0,40,4449,299.903,-8000.14208984375,,,,,,,,,,,,,0,,,,18.88954735,,,,,,299.9938812,,,,
,15580623.43,299.99389645,-8115.15502929688,5.02852592692321,0.00516504378504014,1,0.999253354069792,40.0298881530762,1.98056038344864,10.7399998232722,27.2113145182527,4.99806641517271,250,-0.00853291431660987,5.02753917905501,0.0125770072667085,299.9938354,299.9939575,-8165.1787109375,-8065.13134765625,56.6407106460637,20.8260212704679,9.256284,0,0,0,40,4449,299.90395,-8115.15502929688,,,,,,,,,,,,,0,,,,18.88954735,,,,,,299.99389645,,,,
,15580624.455,299.9939575,-8215.138671875,4.93898086525998,0.00412701462310165,1,0.999253354069792,40.0298881530762,1.98056038344864,10.7399998232722,26.7280847103285,4.90187307912596,250,-0.00970994362300219,4.93801727979261,0.0110240888146953,299.9939575,299.9939575,-8265.0986328125,-8165.1787109375,57.1761261817368,20.8260212704679,9.256284,0,0,0,40,4449,299.9035,-8215.138671875,,,,,,,,,,,,,0,,,,18.9848366,,,,,,299.9939575,,,,
,15580625.555,299.9942169,-8325.12841796875,4.84848591540136,0.00412861043445954,1,0.999253354069792,40.0298881530762,1.98030902965497,10.7399998232722,26.2347724675758,4.81327600100281,250,-0.00919648571481891,4.84753855391676,0.0111573309428816,299.9939575,299.9944763,-8385.158203125,-8265.0986328125,56.411693489929,20.8227541982276,8.512546,0,0,0,40,4449,299.90275,-8325.12841796875,,,,,,,,,,,,,0,,,,19.1744862,,,,,,299.9942169,,,,
,15580626.78,299.9944,-8445.15625,4.66022657072256,0.00423498164783984,1,0.999253354069792,40.0298881530762,1.98027549379739,10.7399998232722,25.21591265663,4.62515822275324,250,-0.00905154560641042,4.65931688248727,0.0105116956492346,299.9943237,299.9944763,-8505.154296875,-8385.158203125,56.6532167023714,20.8241324797104,9.256284,0,0,0,40,4449,299.9026,-8445.15625,,,,,,,,,,,,,0,,,,18.9848366,,,,,,299.9944,,,,
,15580628.015,299.99472045,-8570.1748046875,4.55690163323552,0.00469523782143355,1,0.999253354069792,40.0298881530762,1.98032592379774,10.7399998232722,24.6544023743488,4.53913947469958,250,-0.00581553488045795,4.55599935338222,0.0133129877296159,299.9943237,299.9951172,-8635.1953125,-8505.154296875,56.4132567469675,20.826998254122,8.512546,0,0,0,40,4449,299.9029,-8570.1748046875,,,,,,,,,,,,,0,,,,18.795187,,,,,,299.99472045,,,,
,15580629.22,299.99491885,-8690.2177734375,4.46303593941868,0.00461321587925839,1,0.999253354069792,40.0298881530762,1.98029844777725,10.7399998232722,24.1471147385131,4.44080791634138,250,-0.00657759954436659,4.46215594280517,0.0121567826207101,299.9947205,299.9951172,-8745.240234375,-8635.1953125,57.1378263842945,20.8274888609082,9.256284,0,0,0,40,4449,299.90275,-8690.2177734375,,,,,,,,,,,,,0,,,,18.9848366,,,,,,299.99491885,,,,
,15580630.445,299.99435425,-8810.20263671875,4.35972053342308,0.00474420959754723,1,0.999253354069792,40.0298881530762,1.97991233038661,10.7500003650784,23.5822748658035,4.34456893921799,250,-0.0050592471722547,4.35885528211534,0.01324099167083,299.993988,299.9947205,-8875.1650390625,-8745.240234375,56.2538045290444,20.8219254076732,8.512546,0,0,0,40,4449,299.90105,-8810.20263671875,,,,,,,,,,,,,0,,,,19.1744862,,,,,,299.99435425,,,,
,15580631.535,299.9939117,-8920.24755859375,4.26016346346023,0.00428887004816212,1,0.999253354069792,40.0298881530762,1.97991233038661,10.7399998232722,23.0463905474811,4.23116481421848,250,-0.00756793004087601,4.25932908133067,0.0103146680278182,299.9938354,299.993988,-8965.330078125,-8875.1650390625,57.0065127930637,20.8219254076732,9.256284,0,0,0,40,4449,299.9011,-8920.24755859375,,,,,,,,,,,,,0,,,,19.1744862,,,,,,299.9939117,,,,
,15580632.59,299.99322505,-9030.31103515625,4.15841517494335,0.00500738681454642,1,0.999253354069792,40.0298881530762,1.98022739198656,10.7500003650784,22.4988482615117,4.13399933124902,250,-0.0067862783612763,4.15759832363231,0.0106688906934221,299.9926147,299.9938354,-9095.2919921875,-8965.330078125,56.8243933480829,20.8280698397178,8.884414,0,0,0,40,4449,299.9002,-9030.31103515625,,,,,,,,,,,,,0,,,,18.9848366,,,,,,299.99322505,,,,
,15580633.695,299.9932098,-9140.2919921875,4.05413026219729,0.00409593563825081,1,0.999253354069792,40.0298881530762,1.98049229599571,10.7500003650784,21.9378255840611,4.02900687757995,250,-0.00695709414072259,4.05333534860733,0.0100602022263491,299.9926147,299.9938049,-9185.2919921875,-9095.2919921875,56.8236117195637,20.8254698847906,9.256284,0,0,0,40,4449,299.8993,-9140.2919921875,,,,,,,,,,,,,0,,,,18.795187,,,,,,299.9932098,,,,
,15580634.72,299.99375915,-9240.34375,3.96179046513623,0.00491044941101954,1,0.999253354069792,40.0298881530762,1.98023300827129,10.7500003650784,21.4365078540327,3.93084783374847,250,-0.00788712328714738,3.96101816662387,0.00874257323436541,299.9937134,299.9938049,-9295.3955078125,-9185.2919921875,57.3301070000253,20.8284969913456,9.256284,0,0,0,40,4449,299.89915,-9240.34375,,,,,,,,,,,,,0,,,,18.795187,,,,,,299.99375915,,,,
,15580635.83,299.99365235,-9355.41064453125,3.75385245380765,0.00523408219334151,1,0.999253354069792,40.0298881530762,1.98045110688699,10.7399998232722,20.3121765315711,3.73248270243857,250,-0.00607746181049835,3.7531148682248,0.00967890406015984,299.9935913,299.9937134,-9415.42578125,-9295.3955078125,56.3788650921214,20.8238697427264,8.512546,0,0,0,40,4449,299.89865,-9355.41064453125,,,,,,,,,,,,,0,,,,18.9848366,,,,,,299.99365235,,,,
,15580637.035,299.9935608,-9475.4853515625,3.64902297188768,0.00494219485468848,1,0.999253354069792,40.0298881530762,1.98014394570225,10.7500003650784,19.7408724829325,3.63354003744262,250,-0.00482788941307994,3.64830149234574,0.0104879526857649,299.9935303,299.9935913,-9535.544921875,-9415.42578125,57.034651419756,20.8227699743237,8.884414,0,0,0,40,4449,299.89925,-9475.4853515625,,,,,,,,,,,,,0,,,,18.9848366,,,,,,299.9935608,,,,
,15580638.195,299.99388125,-9590.5869140625,3.55270575556492,0.00495323162166811,1,0.999253354069792,40.0298881530762,1.98018625913637,10.7399998232722,19.2213752386491,3.53139890324476,250,-0.00586615479874405,3.55200819494253,0.00904539792983529,299.9935303,299.9942322,-9645.62890625,-9535.544921875,57.4676736194099,20.8264449033031,8.512546,0,0,0,40,4449,299.89955,-9590.5869140625,,,,,,,,,,,,,0,,,,18.9848366,,,,,,299.99388125,,,,
,15580639.32,299.99409485,-9705.607421875,3.44989179269232,0.0047063376174517,1,0.999253354069792,40.0298881530762,1.98048259995611,10.7399998232722,18.670494312411,3.41538964560215,250,-0.00834198645158272,3.44922551546524,0.00613835711354093,299.9939575,299.9942322,-9765.5859375,-9645.62890625,55.7113543366982,20.8276133751584,9.256284,0,0,0,40,4449,299.89915,-9705.607421875,,,,,,,,,,,,,0,,,,18.9848366,,,,,,299.99409485,,,,
,15580640.37,299.99394225,-9810.64013671875,3.34918246196627,0.00471653202000978,1,0.999253354069792,40.0298881530762,1.9805008307287,10.7399998232722,18.1253309354547,3.3173176194821,250,-0.00780246742532032,3.34853442716043,0.00625493820337771,299.993927,299.9939575,-9855.6943359375,-9765.5859375,56.3108634109483,20.8240236697312,8.512546,0,0,0,40,4449,299.8984,-9810.64013671875,,,,,,,,,,,,,0,,,,18.795187,,,,,,299.99394225,,,,
,15580641.29,299.993927,-9901.04638671875,3.24355103907051,0.00513860814135192,1,0.999253354069792,40.0298881530762,1.98049506467253,10.7500003650784,17.5538329405351,3.21152273545251,250,-0.00777049075927504,3.24292436317384,0.00584338598175412,299.993927,299.993927,-9946.3984375,-9855.6943359375,56.3280592383713,20.8287067620592,9.256284,0,0,0,40,4449,299.89905,-9901.04638671875,,,,,,,,,,,,,0,,,,18.795187,,,,,,299.993927,,,,
,15580642.33,299.9944153,-10006.5161132813,3.14133230994312,0.00489755530151175,1,0.999253354069792,40.0298881530762,1.98034244417822,10.7399998232722,16.9980515113474,3.11711203221306,250,-0.00622519263728724,3.14071989757268,0.00695908948727849,299.993927,299.9949036,-10066.6337890625,-9946.3984375,55.6832157100059,20.8208717853496,8.512546,0,0,0,40,4449,299.90095,-10006.5161132813,,,,,,,,,,,,,0,,,,18.9848366,,,,,,299.9944153,,,,
,15580643.415,299.99473575,-10116.671875,3.03471623032756,0.00477989256328459,1,0.999253354069792,40.0298881530762,1.98023026626622,10.7399998232722,16.4211686420104,3.00611254112342,250,-0.00694536545161797,3.03412849349019,0.00579145243496697,299.9945679,299.9949036,-10166.7099609375,-10066.6337890625,56.8806706014676,20.8261930398448,8.512546,0,0,0,40,4449,299.9006,-10116.671875,,,,,,,,,,,,,0,,,,19.1744862,,,,,,299.99473575,,,,
,15580644.42,299.99427795,-10216.7119140625,2.93209714701212,0.00473580556744486,1,0.999253354069792,40.0298881530762,1.98055673244714,10.7399998232722,15.868903616297,2.90241457353157,250,-0.00717496437735915,2.9315312947022,0.00513112972530465,299.993988,299.9945679,-10266.7138671875,-10166.7099609375,57.0080760501022,20.8245892675596,8.512546,0,0,0,40,4449,299.8995,-10216.7119140625,,,,,,,,,,,,,0,,,,18.9848366,,,,,,299.99427795,,,,
,15580645.555,299.99423215,-10326.79296875,2.82659842672689,0.00469515360106775,1,0.999253354069792,40.0298881530762,1.98026251973039,10.7399998232722,15.2947252784891,2.80291008262859,250,-0.00593093992855459,2.82604881610743,0.0059320212163295,299.993988,299.9944763,-10386.8720703125,-10266.7138671875,56.4617177151598,20.8287625993292,9.256284,0,0,0,40,4449,299.89875,-10326.79296875,,,,,,,,,,,,,0,,,,18.9848366,,,,,,299.99423215,,,,
,15580646.62,299.9939575,-10431.9340820312,2.72526709852677,0.00470658595310248,1,0.999253354069792,40.0298881530762,1.98047748281271,10.7399998232722,14.7487204809175,2.69873681374941,250,-0.00645345357999908,2.72474031476609,0.00498426117546829,299.9934387,299.9944763,-10476.99609375,-10386.8720703125,57.2769562607176,20.8341972264229,9.256284,0,0,0,40,4449,299.89755,-10431.9340820312,,,,,,,,,,,,,0,,,,18.9848366,,,,,,299.9939575,,,,
,15580647.705,299.99427795,-10541.9809570312,2.61912606942315,0.00512246658033031,1,0.999253354069792,40.0298881530762,1.98058287471641,10.7399998232722,14.174205992909,2.59824750591541,250,-0.00537306736572136,2.61861631134114,0.0056188143545125,299.9934387,299.9951172,-10606.9658203125,-10476.99609375,56.8947399148137,20.825762707038,8.884414,0,0,0,40,4449,299.89815,-10541.9809570312,,,,,,,,,,,,,0,,,,18.88954735,,,,,,299.99427795,,,,
,15580649.01,299.99494935,-10671.9184570312,2.40174935932157,0.00505189517254977,1,0.999253354069792,40.0298881530762,1.98045662657575,10.7399998232722,12.9964447807063,2.38543235602643,250,-0.00437655328842616,2.401279563448,0.00570268137728225,299.9947815,299.9951172,-10736.87109375,-10606.9658203125,55.6996299089097,20.8240082573689,9.256284,0,0,0,40,4449,299.8998,-10671.9184570312,,,,,,,,,,,,,0,,,,19.07919695,,,,,,299.99494935,,,,
,15580650.15,299.99572755,-10786.875,2.29175207953537,0.00519417809658341,1,0.999253354069792,40.0298881530762,1.98031087245896,10.7399998232722,12.4003321960247,2.27602052716352,250,-0.00417566913703271,2.29130374626601,0.00544180028849018,299.9947815,299.9966736,-10836.87890625,-10736.87109375,56.1052951103906,20.8287636104298,8.884414,0,0,0,40,4449,299.8995,-10786.875,,,,,,,,,,,,,0,,,,18.9848366,,,,,,299.99572755,,,,
,15580651.135,299.9966736,-10886.8818359375,2.18093135968816,0.00536441646246293,1,0.999253354069792,40.0298881530762,1.98045530618594,10.7399998232722,11.8025830971268,2.16047177694344,250,-0.00501678864441428,2.18050901636133,0.00413572744612673,299.9966736,299.9966736,-10936.884765625,-10836.87890625,56.6555615879291,20.8254599817275,9.256284,0,0,0,40,4449,299.8986,-10886.8818359375,,,,,,,,,,,,,0,,,,18.795187,,,,,,299.9966736,,,,
,15580652.235,299.9967041,-10996.9145507813,2.07289443288908,0.00474151060343177,1,0.999253354069792,40.0298881530762,1.98026463749716,10.7500003650784,11.2176697197278,2.04891311142017,250,-0.00557090572197421,2.07249639544249,0.00312818794834784,299.9966736,299.9967346,-11056.9443359375,-10936.884765625,56.7048041846406,20.8239954822318,9.256284,0,0,0,40,4449,299.9003,-10996.9145507813,,,,,,,,,,,,,0,,,,18.795187,,,,,,299.9967041,,,,
,15580653.36,299.99552915,-11106.9750976562,1.96836348313157,0.00489968547706981,1,0.999253354069792,40.0298881530762,1.98052845888641,10.7399998232722,10.6539062040245,1.94297980569639,250,-0.00581936036826486,1.96798783901208,0.00244101094458394,299.9943237,299.9967346,-11157.005859375,-11056.9443359375,56.6844818431406,20.8300531506699,8.512546,0,0,0,40,4449,299.90105,-11106.9750976562,,,,,,,,,,,,,0,,,,18.795187,,,,,,299.99552915,,,,
,15580654.325,299.9943237,-11201.9975585938,1.85735691717238,0.00517973866699232,1,0.999253354069792,40.0298881530762,1.98053832210951,10.7500003650784,10.0521123909995,1.83887273537643,250,-0.00448199137072917,1.85699831148808,0.00331226692004041,299.9943237,299.9943237,-11246.9892578125,-11157.005859375,56.0529259996021,20.8275443814704,8.512546,0,0,0,40,4449,299.89955,-11201.9975585938,,,,,,,,,,,,,0,,,,18.9848366,,,,,,299.9943237,,,,
,15580655.355,299.9950714,-11307.0361328125,1.74888285526998,0.00495718641012914,1,0.999253354069792,40.0298881530762,1.98031421911244,10.7399998232722,9.46387481610688,1.73196363339363,250,-0.00409507649732176,1.74854462659228,0.00324387996991233,299.9943237,299.9958191,-11367.0830078125,-11246.9892578125,56.371048806929,20.8261953124658,8.884414,0,0,0,40,4449,299.8982,-11307.0361328125,,,,,,,,,,,,,0,,,,18.9848366,,,,,,299.9950714,,,,
,15580656.485,299.9957123,-11422.1025390625,1.64214684768645,0.00509559046232726,1,0.999253354069792,40.0298881530762,1.9802339325822,10.7500003650784,8.88596593281777,1.62602297878374,250,-0.0038769697905491,1.64182937020017,0.00301394125262638,299.9956055,299.9958191,-11477.1220703125,-11367.0830078125,56.841589175506,20.8226395692767,9.256284,0,0,0,40,4449,299.8994,-11422.1025390625,,,,,,,,,,,,,0,,,,18.795187,,,,,,299.9957123,,,,
,15580657.6,299.9951477,-11532.0590820312,1.53350667042703,0.00507865975535913,1,0.999253354069792,40.0298881530762,1.98017694293681,10.7399998232722,8.29753778170501,1.52014881494163,250,-0.00329828722544592,1.53320888968482,0.00313653469642476,299.9946899,299.9956055,-11586.99609375,-11477.1220703125,56.7008960420445,20.8226799426361,9.256284,0,0,0,40,4449,299.9008,-11532.0590820312,,,,,,,,,,,,,0,,,,18.795187,,,,,,299.9951477,,,,
,15580658.78,299.9949951,-11647.0600585938,1.42575996467392,0.00483978537127382,1,0.999253354069792,40.0298881530762,1.98054530969214,10.7500003650784,7.71614971057466,1.41246049948804,250,-0.00327658489761331,1.42548400220515,0.0027060908774236,299.9946899,299.9953003,-11707.1240234375,-11586.99609375,56.3952792910252,20.8271446298437,8.512546,0,0,0,40,4449,299.8994,-11647.0600585938,,,,,,,,,,,,,0,,,,18.9848366,,,,,,299.9949951,,,,
,15580659.85,299.9953003,-11757.1455078125,1.3175027554014,0.005242327678825,1,0.999253354069792,40.0298881530762,1.98020758864655,10.7500003650784,7.12923556263378,1.30415997314663,250,-0.00318230743235093,1.31724838584539,0.00234607737598539,299.9953003,299.9953003,-11807.1669921875,-11707.1240234375,56.0709034555444,20.8328879693119,9.256284,0,0,0,40,4449,299.8981,-11757.1455078125,,,,,,,,,,,,,0,,,,19.1744862,,,,,,299.9953003,,,,
,15580660.895,299.99562075,-11862.2006835938,1.10003752402099,0.0048928515397077,1,0.999253354069792,40.0298881530762,1.98012276180368,10.7399998232722,5.95182305439423,1.09112604184027,250,-0.00223640823634009,1.09982337201809,0.00237928385505374,299.9953003,299.9959412,-11917.234375,-11807.1669921875,56.6563432164483,20.828706755402,8.512546,0,0,0,40,4449,299.89965,-11862.2006835938,,,,,,,,,,,,,0,,,,19.1744862,,,,,,299.99562075,,,,
,15580662.06,299.99531555,-11977.2294921875,0.994626920066764,0.00501193846305879,1,0.999253354069792,40.0298881530762,1.98024605247075,10.7399998232722,5.38264904787199,0.982153978463729,250,-0.00284943593118839,0.994436778721666,0.00132404959623472,299.9946899,299.9959412,-12037.224609375,-11917.234375,57.5731934695061,20.8275101725297,8.512546,0,0,0,40,4449,299.9001,-11977.2294921875,,,,,,,,,,,,,0,,,,19.1744862,,,,,,299.99531555,,,,
,15580663.15,299.99508665,-12087.2421875,0.885298899689858,0.00501059309595984,1,0.999253354069792,40.0298881530762,1.98033201822124,10.7399998232722,4.79061109347688,0.877402422397081,250,-0.00195042056375176,0.885127212764161,0.0017641536391965,299.9946899,299.9954834,-12137.259765625,-12037.224609375,56.7556100383906,20.8254828098049,9.256284,0,0,0,40,4449,299.8993,-12087.2421875,,,,,,,,,,,,,0,,,,18.9848366,,,,,,299.99508665,,,,
,15580664.135,299.9953308,-12187.2895507813,0.775250593890698,0.00477651099235026,1,0.999253354069792,40.0298881530762,1.98029753816888,10.7399998232722,4.19527958667405,0.767010592759856,250,-0.00195048202766329,0.775101264719364,0.0013023378096037,299.9951782,299.9954834,-12237.3193359375,-12137.259765625,56.2248842738329,20.8276427906806,8.512546,0,0,0,40,4449,299.9001,-12187.2895507813,,,,,,,,,,,,,0,,,,18.795187,,,,,,299.9953308,,,,
,15580665.18,299.99542235,-12292.2841796875,0.667046673822042,0.00501795780113979,1,0.999253354069792,40.0298881530762,1.9804508953218,10.7399998232722,3.61007430533025,0.659633971278097,250,-0.00174708496138392,0.666918478120467,0.0010516945873898,299.9951782,299.9956665,-12347.2490234375,-12237.3193359375,57.0737328457176,20.8275010659015,8.884414,0,0,0,40,4449,299.9006,-12292.2841796875,,,,,,,,,,,,,0,,,,18.9848366,,,,,,299.99542235,,,,
,15580666.195,299.9956665,-12392.2890625,0.559034859839285,0.00495189386643127,1,0.999253354069792,40.0298881530762,1.98020903852771,10.7399998232722,3.02539076876525,0.551464113410742,250,-0.0017031235072749,0.558928422262825,0.000642483198088831,299.9956665,299.9956665,-12437.3291015625,-12347.2490234375,56.2178496171598,20.8273529569872,9.256284,0,0,0,40,4449,299.89985,-12392.2890625,,,,,,,,,,,,,0,,,,18.9848366,,,,,,299.9956665,,,,
,15580667.21,299.9954834,-12492.3271484375,0.452534295356566,0.00489911411229794,1,0.999253354069792,40.0298881530762,1.98019569105478,10.7500003650784,2.4489610770939,0.446687330553196,250,-0.00132604877799251,0.452447920132214,0.00057266053515841,299.9953003,299.9956665,-12547.3251953125,-12437.3291015625,56.231918930506,20.8277249865877,8.512546,0,0,0,40,4449,299.9001,-12492.3271484375,,,,,,,,,,,,,0,,,,18.795187,,,,,,299.9954834,,,,
,15580668.375,299.99546815,-12607.349609375,0.344593694442056,0.00505931471151243,1,0.999253354069792,40.0298881530762,1.98052481839153,10.7399998232722,1.86531062578692,0.339199417145782,250,-0.00119404975945591,0.344528697497994,0.000251783223868942,299.9953003,299.995636,-12667.3740234375,-12547.3251953125,57.5473997283715,20.8328311128995,9.256284,0,0,0,40,4449,299.9001,-12607.349609375,,,,,,,,,,,,,0,,,,18.9848366,,,,,,299.99546815,,,,
,15580672.97,299.9972839,-13067.5131835938,-0.0882579569913813,0.00492317777412645,1,0.999253354069792,40.0298881530762,1.98022750810782,10.7399998232722,-0.476890137875034,-0.087648548428378,25,0.000139610807101754,-0.0882406094851668,-0.00023063543968134,299.9972839,299.9972839,-13077.458984375,-13057.5673828125,56.3554162365444,20.8316869959517,9.256284,0,0,0,40,4449,299.90275,-13067.5131835938,,,,,,,,,,,,,0,,,,19.1744862,,,,,,299.9972839,,,,
,15580673.685,299.9970245,-13142.9990234375,-0.195722367217084,0.00491257616710407,1,0.999253354069792,40.0298881530762,1.98024594976502,10.7500003650784,-1.05756178243276,-0.194413849321857,25,0.000301978709084918,-0.195683867648253,-0.000519077180068655,299.9967651,299.9972839,-13208.5390625,-13077.458984375,56.435142345506,20.8248247850581,8.884414,0,0,0,40,4449,299.90205,-13142.9990234375,,,,,,,,,,,,,0,,,,18.9848366,,,,,,299.9970245,,,,
,15580674.78,299.9965515,-13253.634765625,-0.302942045955577,0.00489122126789867,1,0.999253354069792,40.0298881530762,1.98030232607761,10.7399998232722,-1.63714729783099,-0.299891476862968,25,0.000658729511310317,-0.302883264754945,-0.000612139525179176,299.9963379,299.9967651,-13298.73046875,-13208.5390625,56.6235148186406,20.8277838281278,8.884414,0,0,0,40,4449,299.90035,-13253.634765625,,,,,,,,,,,,,0,,,,18.795187,,,,,,299.9965515,,,,
,15580675.82,299.99624635,-13353.8271484375,-0.409556660183805,0.00490165065622931,1,0.999253354069792,40.0298881530762,1.98024262379691,10.7399998232722,-2.21310556083148,-0.406170884281499,25,0.000751638042446687,-0.409476616012355,-0.000966439158725002,299.9961548,299.9963379,-13408.923828125,-13298.73046875,56.8509687177368,20.8315076679309,9.256284,0,0,0,40,4449,299.8997,-13353.8271484375,,,,,,,,,,,,,0,,,,18.9848366,,,,,,299.99624635,,,,
,15580676.975,299.99591065,-13468.9541015625,-0.624730545708667,0.0048702187515857,1,0.999253354069792,40.0298881530762,1.98055331695751,10.7399998232722,-3.37647964779607,-0.618956642059202,25,0.00127681210488678,-0.6246090069812,-0.00134388599687411,299.9956665,299.9961548,-13528.984375,-13408.923828125,57.2292769210445,20.8331262243794,9.256284,0,0,0,40,4449,299.90045,-13468.9541015625,,,,,,,,,,,,,0,,,,19.1744862,,,,,,299.99591065,,,,
,15580678.075,299.995636,-13579.0170898438,-0.731536957600585,0.00484511872745654,1,0.999253354069792,40.0298881530762,1.98034276673217,10.7399998232722,-3.95349494452825,-0.723790253789235,25,0.00166358654756578,-0.731395360520367,-0.00140512463573661,299.9956055,299.9956665,-13629.0498046875,-13528.984375,56.4570279440444,20.8289679200491,8.512546,0,0,0,40,4449,299.9017,-13579.0170898438,,,,,,,,,,,,,0,,,,19.1744862,,,,,,299.995636,,,,
,15580679.1,299.9959412,-13684.1030273437,-0.836455499754659,0.00476680925138527,1,0.999253354069792,40.0298881530762,1.98022147355615,10.7399998232722,-4.52012532729613,-0.82818435760348,25,0.00178439335080255,-0.836293094715791,-0.00172437635883318,299.9956055,299.9962769,-13739.15625,-13629.0498046875,57.0409044479099,20.8242435449035,9.256284,0,0,0,40,4449,299.90045,-13684.1030273437,,,,,,,,,,,,,0,,,,18.9848366,,,,,,299.9959412,,,,
,15580680.15,299.99676515,-13789.1708984375,-0.941861725594934,0.00479396449687115,1,0.999253354069792,40.0298881530762,1.98010827328218,10.7500003650784,-5.08939436026685,-0.932777715881836,25,0.00195708879272533,-0.941678613371915,-0.00199376857844989,299.9962769,299.9972534,-13839.185546875,-13739.15625,56.8361177758714,20.8226661771273,8.884414,0,0,0,40,4449,299.9003,-13789.1708984375,,,,,,,,,,,,,0,,,,18.9848366,,,,,,299.99676515,,,,
,15580681.23,299.9965515,-13894.1826171875,-1.04709518439955,0.00480725740383406,1,0.999253354069792,40.0298881530762,1.98025273869264,10.7399998232722,-5.6586206522496,-1.03604764079152,25,0.00236489733652604,-1.04689242649843,-0.00202730099212433,299.9958496,299.9972534,-13949.1796875,-13839.185546875,57.187068981006,20.8293961359999,9.256284,0,0,0,40,4449,299.9034,-13894.1826171875,,,,,,,,,,,,,0,,,,19.1744862,,,,,,299.9965515,,,,
,15580682.26,299.9967346,-13999.1665039062,-1.15247654880103,0.00491079728317517,1,0.999253354069792,40.0298881530762,1.98017095247654,10.7500003650784,-6.22793005488069,-1.13990720086001,25,0.00267021137748781,-1.15225366756201,-0.00216395392108469,299.9958496,299.9976196,-14049.1533203125,-13949.1796875,56.7985996069483,20.8361054431829,8.884414,0,0,0,40,4449,299.9038,-13999.1665039062,,,,,,,,,,,,,0,,,,18.9848366,,,,,,299.9967346,,,,
,15580683.335,299.99723815,-14109.185546875,-1.25808177056144,0.00484167884287334,1,0.999253354069792,40.0298881530762,1.98042601030803,10.7399998232722,-6.79959346991253,-1.24385023164485,25,0.00303824628724141,-1.25783896588929,-0.00223885224414662,299.9968567,299.9976196,-14169.2177734375,-14049.1533203125,57.1550222117176,20.8338137110762,9.256284,0,0,0,40,4449,299.90255,-14109.185546875,,,,,,,,,,,,,0,,,,18.9848366,,,,,,299.99723815,,,,
,15580684.335,299.9965668,-14209.1987304687,-1.36274598480337,0.00480362116605147,1,0.999253354069792,40.0298881530762,1.98032521585414,10.7399998232722,-7.36473193571463,-1.34822381527943,25,0.00311318694538839,-1.36248227558431,-0.00260281886745183,299.9962769,299.9968567,-14249.1796875,-14169.2177734375,56.1623539922944,20.8281278539399,9.256284,0,0,0,40,4449,299.9021,-14209.1987304687,,,,,,,,,,,,,0,,,,19.1744862,,,,,,299.9965668,,,,
,15580685.335,299.9961548,-14309.2333984375,-1.466322871174,0.004703189597824,1,0.999253354069792,40.0298881530762,1.98050853155229,10.7500003650784,-7.92491934745924,-1.45240345889599,25,0.00305808822847668,-1.46603792617817,-0.00309221536654898,299.9960327,299.9962769,-14369.287109375,-14249.1796875,56.8658196596022,20.8244056866384,8.512546,0,0,0,40,4449,299.9021,-14309.2333984375,,,,,,,,,,,,,0,,,,18.9848366,,,,,,299.9961548,,,,
,15580686.57,299.99674985,-14434.2919921875,-1.57016771920056,0.00477230789493092,1,0.999253354069792,40.0298881530762,1.9806832820162,10.7500003650784,-8.48682211063369,-1.55577112990929,25,0.00320516507297301,-1.56986228122066,-0.00338055467995933,299.9960327,299.997467,-14499.296875,-14369.287109375,56.8837971155445,20.8240288517067,9.256284,0,0,0,40,4449,299.9024,-14434.2919921875,,,,,,,,,,,,,0,,,,18.9848366,,,,,,299.99674985,,,,
,15580687.675,299.997467,-14544.3237304687,-1.67346931482615,0.0045847706687946,1,0.999253354069792,40.0298881530762,1.98050968713865,10.7399998232722,-9.04504293500638,-1.65450632920455,25,0.00405963013850199,-1.67314644407354,-0.00295942059502193,299.997467,299.997467,-14589.3505859375,-14499.296875,55.8645535264675,20.8265791561589,9.256284,0,0,0,40,4449,299.90085,-14544.3237304687,,,,,,,,,,,,,0,,,,19.1744862,,,,,,299.997467,,,,
,15580688.755,299.99775695,-14649.390625,-1.77692409278501,0.00468285598619812,1,0.999253354069792,40.0298881530762,1.9800678260251,10.7500003650784,-9.60210837178288,-1.75648187777645,25,0.00429652030888038,-1.77658119559206,-0.0031563261400379,299.997467,299.9980469,-14709.4306640625,-14589.3505859375,56.9009929429675,20.830833928018,9.256284,0,0,0,40,4449,299.90095,-14649.390625,,,,,,,,,,,,,0,,,,18.9848366,,,,,,299.99775695,,,,
,15580690.89,299.9957581,-14864.2939453125,-1.98250840868622,0.00463058045988727,1,0.999253354069792,40.0298881530762,1.98020572287901,10.7500003650784,-10.7131582305943,-1.96313145691298,25,0.00418297009166965,-1.98212345018932,-0.00413175321153019,299.9957581,299.9957581,-14869.3310546875,-14859.2568359375,56.3601060076598,20.8196878325716,9.256284,0,0,0,40,4449,299.9008,-14864.2939453125,,,,,,,,,,,,,0,,,,18.9848366,,,,,,299.9957581,,,,
,15580691.46,299.9968567,-14919.3330078125,-2.08495309358353,0.00452166172069803,1,0.999253354069792,40.0298881530762,1.98025145410065,10.7399998232722,-11.2675769100124,-2.06154392058023,25,0.00496873449535523,-2.08455055394934,-0.00377568757455527,299.9957581,299.9979553,-14969.3349609375,-14869.3310546875,57.129228470583,20.8305302992477,9.256284,0,0,0,40,4449,299.9008,-14919.3330078125,,,,,,,,,,,,,0,,,,19.1744862,,,,,,299.9968567,,,,
,15580692.5,299.9977722,-15024.31640625,-2.18683433743945,0.00461632221950956,1,0.999253354069792,40.0298881530762,1.98025145410065,10.7399998232722,-11.8178544362127,-2.16396562449359,25,0.0048995980983111,-2.18641075642102,-0.00427194462586003,299.9975891,299.9979553,-15079.2978515625,-14969.3349609375,57.0033862789868,20.8305302992477,9.256284,0,0,0,40,4449,299.8998,-15024.31640625,,,,,,,,,,,,,0,,,,18.9848366,,,,,,299.9977722,,,,
,15580693.605,299.99757385,-15134.3061523438,-2.28865354942618,0.00469338083386563,1,0.999253354069792,40.0298881530762,1.98045878383794,10.7399998232722,-12.3700829261374,-2.26104210819118,25,0.00585118834195911,-2.28821331135415,-0.00374737779573465,299.9975586,299.9975891,-15189.314453125,-15079.2978515625,56.668849272756,20.831340359197,8.512546,0,0,0,40,4449,299.8995,-15134.3061523438,,,,,,,,,,,,,0,,,,18.795187,,,,,,299.99757385,,,,
,15580694.66,299.99710085,-15239.3984375,-2.39019169440341,0.00451987491280557,1,0.999253354069792,40.0298881530762,1.98008912370392,10.7399998232722,-12.915852785057,-2.36463669034688,25,0.00542349750955676,-2.38972910221687,-0.00460058968728964,299.9966431,299.9975586,-15289.482421875,-15189.314453125,55.8285986145828,20.8290973537536,8.884414,0,0,0,40,4449,299.90015,-15239.3984375,,,,,,,,,,,,,0,,,,18.795187,,,,,,299.99710085,,,,
,15580695.68,299.99761965,-15344.4545898438,-2.49070781792521,0.00465354999286578,1,0.999253354069792,40.0298881530762,1.98044271907253,10.7399998232722,-13.4607887369611,-2.46755972513191,25,0.00508641871469824,-2.4902233675293,-0.00535896567947778,299.9966431,299.9985962,-15399.4267578125,-15289.482421875,56.6110087623329,20.8289452651356,9.256284,0,0,0,40,4449,299.89935,-15344.4545898438,,,,,,,,,,,,,0,,,,18.9848366,,,,,,299.99761965,,,,
,15580696.75,299.9984894,-15449.4594726562,-2.59227059501292,0.00441114482077814,1,0.999253354069792,40.0298881530762,1.98053077758586,10.7399998232722,-14.0107746512904,-2.56563358805012,25,0.00578539049236174,-2.59176837898822,-0.00508591127294109,299.9983826,299.9985962,-15499.4921875,-15399.4267578125,56.6962062709291,20.8311216698108,9.256284,0,0,0,40,4449,299.8978,-15449.4594726562,,,,,,,,,,,,,0,,,,19.1744862,,,,,,299.9984894,,,,
,15580697.715,299.99780275,-15544.5361328125,-2.69260573387784,0.00462052038684071,1,0.999253354069792,40.0298881530762,1.98012269867018,10.7399998232722,-14.5506406680668,-2.66172598620316,25,0.00650463323256107,-2.69208623834522,-0.0047874020550903,299.9972229,299.9983826,-15589.580078125,-15499.4921875,57.0565370182945,20.8339979665273,9.256284,0,0,0,40,4449,299.89735,-15544.5361328125,,,,,,,,,,,,,0,,,,18.9848366,,,,,,299.99780275,,,,
,15580698.73,299.99713135,-15644.5356445313,-2.79063926628528,0.00448243682969511,1,0.999253354069792,40.0298881530762,1.98035823096616,10.7399998232722,-15.0803473055275,-2.76871332194914,25,0.00493489998703432,-2.79009337375077,-0.00676764991052502,299.9970398,299.9972229,-15699.4912109375,-15589.580078125,56.7735874943329,20.8230430622606,8.512546,0,0,0,40,4449,299.8987,-15644.5356445313,,,,,,,,,,,,,0,,,,18.9848366,,,,,,299.99713135,,,,
,15580699.875,299.9972534,-15759.5190429687,-2.98664589371791,0.00434723247748499,1,0.999253354069792,40.0298881530762,1.9803378318968,10.7399998232722,-16.1399949635297,-2.95986721896819,25,0.00588902865676432,-2.98606421260674,-0.00663539455811934,299.9970398,299.997467,-15819.546875,-15699.4912109375,57.5935158110061,20.8312308215867,9.256284,0,0,0,40,4449,299.8983,-15759.5190429687,,,,,,,,,,,,,0,,,,19.1744862,,,,,,299.9972534,,,,
,15580701.015,299.9980316,-15874.548828125,-3.0859612002168,0.00442575199981811,1,0.999253354069792,40.0298881530762,1.98028992591901,10.7399998232722,-16.6773377045726,-3.05265768075895,25,0.00711432999880399,-3.08536442165134,-0.00582659757354099,299.997467,299.9985962,-15929.55078125,-15819.546875,56.2248842738329,20.8335332615916,8.512546,0,0,0,40,4449,299.8973,-15874.548828125,,,,,,,,,,,,,0,,,,19.1744862,,,,,,299.9980316,,,,
,15580705.385,299.9989014,-16314.6772460938,-3.4674519228138,0.00431211329687437,1,0.999253354069792,40.0298881530762,1.98046483031122,10.7500003650784,-18.7659992118746,-3.42933837038904,250,0.00899983993427583,-3.4667855763776,-0.00554001279714311,299.9989014,299.9989014,-16319.7724609375,-16309.58203125,56.1037318533521,20.8342534967466,9.256284,0,0,0,40,4449,299.89825,-16314.6772460938,,,,,,,,,,,,,0,,,,19.1744862,,,,,,299.9989014,,,,
,15580706.86,299.9979858,-16465.18359375,-3.56139208901537,0.0038373210729931,1,0.999253354069792,40.0298881530762,1.98039866729748,10.7500003650784,-19.2724209162487,-3.52946192866293,250,0.00788814019127066,-3.5607021582786,-0.00704501934998896,299.9979858,299.9979858,-16470.36328125,-16460.00390625,56.6672860157175,20.8340040405907,9.256284,0,0,0,40,4449,299.8979,-16465.18359375,,,,,,,,,,,,,0,,,,18.9848366,,,,,,299.9979858,,,,
,15580707.515,299.9981079,-16525.4306640625,-3.65419102032241,0.00435536894789867,1,0.999253354069792,40.0298881530762,1.98043757237025,10.7500003650784,-19.774294615932,-3.62519355179695,250,0.00741047637246869,-3.65348023813129,-0.00791158426951456,299.9979858,299.99823,-16580.498046875,-16470.36328125,56.9416376259676,20.8297177711448,9.256284,0,0,0,40,4449,299.8967,-16525.4306640625,,,,,,,,,,,,,0,,,,18.9848366,,,,,,299.9981079,,,,
,15580708.58,299.9986267,-16630.5703125,-3.74892677504246,0.00419003688281625,1,0.999253354069792,40.0298881530762,1.98018411973166,10.7399998232722,-20.2859128913756,-3.71063622363534,250,0.00909565957555944,-3.74820377982941,-0.00662365690445022,299.99823,299.9990234,-16680.642578125,-16580.498046875,56.4953277414867,20.8385900391301,8.512546,0,0,0,40,4449,299.89695,-16630.5703125,,,,,,,,,,,,,0,,,,18.9848366,,,,,,299.9986267,,,,
,15580709.83,299.9983673,-16755.6533203125,-3.9315160656505,0.00424894096369092,1,0.999253354069792,40.0298881530762,1.98044677620882,10.7399998232722,-21.276330370405,-3.8937450277456,250,0.00919061416533622,-3.93075646713503,-0.00729390097454828,299.9977112,299.9990234,-16830.6640625,-16680.642578125,57.1722180391407,20.8300684886713,9.256284,0,0,0,40,4449,299.89705,-16755.6533203125,,,,,,,,,,,,,0,,,,18.795187,,,,,,299.9983673,,,,
,15580711.15,299.9983673,-16890.7548828125,-4.02058455853776,0.00433066909831186,1,0.999253354069792,40.0298881530762,1.98033710286651,10.7399998232722,-21.7569065220253,-3.98316666906769,250,0.00913518740790265,-4.01980668382363,-0.00772233217547249,299.9977112,299.9990234,-16950.845703125,-16830.6640625,56.8666012881214,20.8333865740583,9.256284,0,0,0,40,4449,299.89765,-16890.7548828125,,,,,,,,,,,,,0,,,,18.795187,,,,,,299.9983673,,,,
,15580712.3,299.99841305,-17005.8583984375,-4.11117919426707,0.00452157232090158,1,0.999253354069792,40.0298881530762,1.98029110267486,10.7399998232722,-22.2459271884836,-4.07669456641887,250,0.00862542126853993,-4.11038082112016,-0.00861141750882,299.9978027,299.9990234,-17060.87109375,-16950.845703125,56.4781319140637,20.8267264914591,8.884414,0,0,0,40,4449,299.89865,-17005.8583984375,,,,,,,,,,,,,0,,,,18.9848366,,,,,,299.99841305,,,,
,15580713.355,299.9979858,-17110.8681640625,-4.19832774574092,0.00375323274697536,1,0.999253354069792,40.0298881530762,1.98038880940149,10.7399998232722,-22.7194420075572,-4.15871154435812,250,0.0096586325750205,-4.19751609992273,-0.0079435522608244,299.9978027,299.9981689,-17160.865234375,-17060.87109375,57.0104209356599,20.8320811318082,9.256284,0,0,0,40,4449,299.8975,-17110.8681640625,,,,,,,,,,,,,0,,,,19.1744862,,,,,,299.9979858,,,,
,15580714.425,299.998291,-17220.8798828125,-4.28480775128076,0.0040005325055591,1,0.999253354069792,40.0298881530762,1.98019104722209,10.7399998232722,-23.1842867069164,-4.248746587278,250,0.00897273784708053,-4.28397565327361,-0.00899159306243501,299.9981689,299.9984131,-17280.89453125,-17160.865234375,57.2261504069676,20.8259456681639,9.256284,0,0,0,40,4449,299.8967,-17220.8798828125,,,,,,,,,,,,,0,,,,18.9848366,,,,,,299.998291,,,,
,15580715.62,299.9984131,-17340.8681640625,-4.37288390777938,0.0039205287454884,1,0.999253354069792,40.0298881530762,1.98014102387297,10.7399998232722,-23.6605267268587,-4.3345751897393,250,0.00941560319611652,-4.37203579997498,-0.00891772190391513,299.9984131,299.9984131,-17400.841796875,-17280.89453125,56.2710003564675,20.8295427668799,8.884414,0,0,0,40,4449,299.89635,-17340.8681640625,,,,,,,,,,,,,0,,,,18.9848366,,,,,,299.9984131,,,,
,15580716.82,299.998291,-17460.83203125,-4.54166604177882,0.0037441106996533,1,0.999253354069792,40.0298881530762,1.98025467649044,10.7399998232722,-24.5750475069064,-4.50262170450682,250,0.00968791232477194,-4.5407848706601,-0.00935266648644115,299.9981689,299.9984131,-17520.822265625,-17400.841796875,56.2710003564675,20.8263229296349,8.512546,0,0,0,40,4449,299.89615,-17460.83203125,,,,,,,,,,,,,0,,,,19.1744862,,,,,,299.998291,,,,
,15580718,299.9981842,-17575.859375,-4.62586962776633,0.00378297564928422,1,0.999253354069792,40.0298881530762,1.98038471086188,10.7399998232722,-25.031693338044,-4.58954981169979,250,0.00928396113616355,-4.62496972692241,-0.0101091428042591,299.9981689,299.9981995,-17630.896484375,-17520.822265625,56.4101302328906,20.8273272754577,9.256284,0,0,0,40,4449,299.8964,-17575.859375,,,,,,,,,,,,,0,,,,19.1744862,,,,,,299.9981842,,,,
,15580719.165,299.99803165,-17690.958984375,-4.7077481718987,0.00373180684628814,1,0.999253354069792,40.0298881530762,1.98044414033396,10.7399998232722,-25.4747430326744,-4.67502520523476,250,0.00868941074212097,-4.70682922537188,-0.0110464075625958,299.9978638,299.9981995,-17751.021484375,-17630.896484375,55.8700249261021,20.8362101093043,8.884414,0,0,0,40,4449,299.8968,-17690.958984375,,,,,,,,,,,,,0,,,,18.9848366,,,,,,299.99803165,,,,
,15580720.28,299.99879455,-17806.0068359375,-4.7883889167887,0.00411900723535586,1,0.999253354069792,40.0298881530762,1.97992814465463,10.7399998232722,-25.905650037156,-4.74782344961525,250,0.00996093846613135,-4.78745883528015,-0.0101128056720768,299.9978638,299.9997253,-17860.9921875,-17751.021484375,56.1865844763906,20.8284945290416,8.512546,0,0,0,40,4449,299.89675,-17806.0068359375,,,,,,,,,,,,,0,,,,18.795187,,,,,,299.99879455,,,,
,15580721.36,299.99897765,-17916.0400390625,-4.87003014114144,0.00385666885090645,1,0.999253354069792,40.0298881530762,1.98059542465304,10.7500003650784,-26.356179005196,-4.829383912971,250,0.0103109494491654,-4.86908495447997,-0.0101047672234425,299.99823,299.9997253,-17971.087890625,-17860.9921875,56.4679707433137,20.83407773772,8.512546,0,0,0,40,4449,299.89625,-17916.0400390625,,,,,,,,,,,,,0,,,,18.9848366,,,,,,299.99897765,,,,
,15580722.52,299.9984436,-18031.1171875,-4.94753230828073,0.00342543684267744,1,0.999253354069792,40.0298881530762,1.98006999538607,10.7399998232722,-26.7674585345514,-4.91159154235459,250,0.00925026265786472,-4.94656708505634,-0.0114896653122625,299.99823,299.9986572,-18091.146484375,-17971.087890625,56.1060767389098,20.8290588106706,8.512546,0,0,0,40,4449,299.89695,-18031.1171875,,,,,,,,,,,,,0,,,,18.9848366,,,,,,299.9984436,,,,
,15580723.565,299.99816895,-18136.0439453125,-5.02327580156959,0.00336094673945926,1,0.999253354069792,40.0298881530762,1.9802861661459,10.7399998232722,-27.1810430155852,-4.98247457556015,250,0.0102865450581585,-5.02229963944308,-0.0107706888872127,299.9976807,299.9986572,-18180.94140625,-18091.146484375,56.8564401173714,20.8342850563277,9.256284,0,0,0,40,4449,299.8974,-18136.0439453125,,,,,,,,,,,,,0,,,,18.795187,,,,,,299.99816895,,,,
,15580724.5,299.9984589,-18230.9208984375,-5.10157463799466,0.00354787973376017,1,0.999253354069792,40.0298881530762,1.98034373209386,10.7399998232722,-27.6053523422207,-5.06108845934651,250,0.0102972888642872,-5.1005826067228,-0.0110878429321931,299.9976807,299.9992371,-18280.900390625,-18180.94140625,56.3147715535444,20.8331050889687,8.512546,0,0,0,40,4449,299.89705,-18230.9208984375,,,,,,,,,,,,,0,,,,18.88954735,,,,,,299.9984589,,,,
,15580725.54,299.99902345,-18331.0029296875,-5.1742360075208,0.00355295733240515,1,0.999253354069792,40.0298881530762,1.98027692551314,10.7500003650784,-27.9970334487519,-5.13612274969361,250,0.0098671609732685,-5.17322734405227,-0.0118222039080748,299.9988098,299.9992371,-18381.10546875,-18280.900390625,57.0713879601599,20.832593269195,9.256284,0,0,0,40,4449,299.89575,-18331.0029296875,,,,,,,,,,,,,0,,,,19.07919695,,,,,,299.99902345,,,,
,15580726.565,299.99916075,-18431.095703125,-5.24846458014977,0.00357110344118513,1,0.999253354069792,40.0298881530762,1.98040390053562,10.7399998232722,-28.4007145174127,-5.2087013154077,250,0.0102724724401333,-5.2474425665511,-0.0117276661826439,299.9988098,299.9995117,-18481.0859375,-18381.10546875,56.5531682519098,20.8317544805777,8.512546,0,0,0,40,4449,299.89665,-18431.095703125,,,,,,,,,,,,,0,,,,19.07919695,,,,,,299.99916075,,,,
,15580727.65,299.99890135,-18541.1328125,-5.32352120710004,0.00344907200567237,1,0.999253354069792,40.0298881530762,1.98030777209182,10.7399998232722,-28.8066508573819,-5.27673677779138,250,0.0115656336528109,-5.32248947440918,-0.0107489209794584,299.998291,299.9995117,-18601.1796875,-18481.0859375,56.1818947052752,20.8352004063728,8.512546,0,0,0,40,4449,299.8971,-18541.1328125,,,,,,,,,,,,,0,,,,19.07919695,,,,,,299.99890135,,,,
,15580728.795,299.99812315,-18656.2666015625,-5.46081482301847,0.00344438226857116,1,0.999253354069792,40.0298881530762,1.98023805165626,10.7500003650784,-29.5481237480863,-5.414994634827,250,0.0114278705196385,-5.45975484568262,-0.011461723442912,299.9979553,299.998291,-18711.353515625,-18601.1796875,57.2628869473714,20.8322462678591,8.884414,0,0,0,40,4449,299.89645,-18656.2666015625,,,,,,,,,,,,,0,,,,19.1744862,,,,,,299.99812315,,,,
,15580729.975,299.9985504,-18776.32421875,-5.52862367043114,0.00330712594160378,1,0.999253354069792,40.0298881530762,1.98033800958293,10.7399998232722,-29.9155092929173,-5.48787861172656,250,0.0105756581465584,-5.52754633127552,-0.0125973956697429,299.9979553,299.9991455,-18841.294921875,-18711.353515625,56.5039256551983,20.8285479414306,8.512546,0,0,0,40,4449,299.89775,-18776.32421875,,,,,,,,,,,,,0,,,,18.9848366,,,,,,299.9985504,,,,
,15580731.17,299.9994354,-18896.2451171875,-5.59742445481142,0.00303872045216161,1,0.999253354069792,40.0298881530762,1.98042360508175,10.7399998232722,-30.2884655030359,-5.55965611466533,250,0.0101059785598694,-5.59633105719036,-0.0133547927131432,299.9991455,299.9997253,-18951.1953125,-18841.294921875,57.0573186468137,20.8327386918106,8.512546,0,0,0,40,4449,299.89865,-18896.2451171875,,,,,,,,,,,,,0,,,,18.88954735,,,,,,299.9994354,,,,
,15580732.365,299.99996945,-19016.216796875,-5.66074725870042,0.00327768162430546,1,0.999253354069792,40.0298881530762,1.98019659667913,10.7399998232722,-30.6293407791003,-5.61301607636932,250,0.0118665757184835,-5.65964832639939,-0.0118594455816894,299.9997253,300.0002136,-19081.23828125,-18951.1953125,56.435142345506,20.8309755234764,8.884414,0,0,0,40,4449,299.899,-19016.216796875,,,,,,,,,,,,,0,,,,18.88954735,,,,,,299.99996945,,,,
,15580733.445,300.0002136,-19121.3046875,-5.72571393394761,0.00335796108424469,1,0.999253354069792,40.0298881530762,1.98019659667913,10.7399998232722,-30.977429629304,-5.69595841977523,250,0.00857764189216865,-5.72458802032103,-0.0154195969617424,300.0002136,300.0002136,-19161.37109375,-19081.23828125,56.6930797568522,20.8309755234764,8.512546,0,0,0,40,4449,299.89875,-19121.3046875,,,,,,,,,,,,,0,,,,18.795187,,,,,,300.0002136,,,,
,15580734.49,299.99926755,-19226.353515625,-5.78663388856532,0.00288742541438393,1,0.999253354069792,40.0298881530762,1.98012784664968,10.7399998232722,-31.3088607686958,-5.74073189703965,250,0.0115594694644066,-5.78550833627383,-0.0126934163295463,299.9983215,300.0002136,-19291.3359375,-19161.37109375,56.6922981283329,20.8256300936384,9.256284,0,0,0,40,4449,299.8972,-19226.353515625,,,,,,,,,,,,,0,,,,18.9848366,,,,,,299.99926755,,,,
,15580735.695,299.99882505,-19351.3408203125,-5.84895437033923,0.00316454173609038,1,0.999253354069792,40.0298881530762,1.98035065845275,10.7399998232722,-31.6491490936748,-5.80521005476961,250,0.0113109739675303,-5.84781527239877,-0.0132025712571443,299.9983215,299.9993286,-19411.345703125,-19291.3359375,56.9252234270637,20.8308774363897,9.256284,0,0,0,40,4449,299.89685,-19351.3408203125,,,,,,,,,,,,,0,,,,18.9848366,,,,,,299.99882505,,,,
,15580736.765,299.99952695,-19456.3642578125,-5.96481088080658,0.00306097063136687,1,0.999253354069792,40.0298881530762,1.98037478703669,10.7500003650784,-32.2765653077484,-5.91959843443748,250,0.0116586913485306,-5.96364963515744,-0.0133399010453401,299.9993286,299.9997253,-19501.3828125,-19411.345703125,57.1987934087945,20.8306948573667,9.256284,0,0,0,40,4449,299.89805,-19456.3642578125,,,,,,,,,,,,,0,,,,18.795187,,,,,,299.99952695,,,,
,15580738.645,299.9973145,-19646.4951171875,-6.02373964769183,0.00273268703664625,1,0.999253354069792,40.0298881530762,1.98031766871154,10.7399998232722,-32.5961430623308,-5.9691843090991,250,0.0133867520884568,-6.0225742579545,-0.0118583158707513,299.9973145,299.9973145,-19651.4609375,-19641.529296875,56.5641110511791,20.8312203019219,9.256284,0,0,0,40,4449,299.8985,-19646.4951171875,,,,,,,,,,,,,0,,,,19.1744862,,,,,,299.9973145,,,,
,15580739.28,299.9978638,-19707.0185546875,-6.07850752492995,0.00266217237226501,1,0.999253354069792,40.0298881530762,1.98044523012877,10.7500003650784,-32.8933043906107,-6.03067822536327,250,0.0122431635421712,-6.07732612796173,-0.0132310307148281,299.9973145,299.9984131,-19762.576171875,-19651.4609375,55.9122328661405,20.8309692633548,8.884414,0,0,0,40,4449,299.89745,-19707.0185546875,,,,,,,,,,,,,0,,,,19.07919695,,,,,,299.9978638,,,,
,15580740.275,299.99850465,-19802.7060546875,-6.13102944237735,0.0024975109282485,1,0.999253354069792,40.0298881530762,1.98033222477251,10.7500003650784,-33.175915877702,-6.08114918544795,250,0.012588684859376,-6.12983873757717,-0.0131052447440414,299.9984131,299.9985962,-19842.8359375,-19762.576171875,56.1811130767559,20.8336266400804,9.256284,0,0,0,40,4449,299.8977,-19802.7060546875,,,,,,,,,,,,,0,,,,18.88954735,,,,,,299.99850465,,,,
,15580741.22,299.9984131,-19897.9912109375,-6.18669787568769,0.00307798133925359,1,0.999253354069792,40.0298881530762,1.98031945169686,10.7399998232722,-33.4775612736424,-6.13295319836488,250,0.0133260429588992,-6.18549904104728,-0.0126007837196725,299.99823,299.9985962,-19953.146484375,-19842.8359375,57.2542890336599,20.8286691780551,8.884414,0,0,0,40,4449,299.8989,-19897.9912109375,,,,,,,,,,,,,0,,,,18.88954735,,,,,,299.9984131,,,,
,15580742.235,299.9983368,-20003.185546875,-6.23655275260031,0.0030251711588443,1,0.999253354069792,40.0298881530762,1.98042688735314,10.7399998232722,-33.7472904948105,-6.19258445193337,250,0.0116060615069193,-6.23533666316487,-0.0145288444708872,299.99823,299.9984436,-20053.224609375,-19953.146484375,56.8392442899483,20.8290992234954,8.512546,0,0,0,40,4449,299.8992,-20003.185546875,,,,,,,,,,,,,0,,,,19.07919695,,,,,,299.9983368,,,,
,15580743.19,299.9983368,-20098.2509765625,-6.28477812298664,0.00232340092274885,1,0.999253354069792,40.0298881530762,1.98040852946651,10.7399998232722,-34.0077891921247,-6.24123106303998,250,0.011544202282363,-6.28355203795734,-0.0147923112121778,299.99823,299.9984436,-20143.27734375,-20053.224609375,57.3308886285445,20.830768085237,9.256284,0,0,0,40,4449,299.89965,-20098.2509765625,,,,,,,,,,,,,0,,,,19.1744862,,,,,,299.9983368,,,,
,15580744.245,299.9989319,-20203.322265625,-6.33536499482625,0.00238640747847533,1,0.999253354069792,40.0298881530762,1.98019152257239,10.7399998232722,-34.2768698312439,-6.29611974269574,250,0.0106521019770604,-6.33412482494439,-0.0158956683253103,299.99823,299.9996338,-20263.3671875,-20143.27734375,56.4234179177175,20.827660157561,8.512546,0,0,0,40,4449,299.90035,-20203.322265625,,,,,,,,,,,,,0,,,,19.1744862,,,,,,299.9989319,,,,
,15580745.43,299.9995575,-20323.3125,-6.37866903492222,0.00236002345994061,1,0.999253354069792,40.0298881530762,1.98025619856761,10.7399998232722,-34.5116096961403,-6.34286937251958,250,0.0100752427518013,-6.37741755382793,-0.0166534908001034,299.9994812,299.9996338,-20383.2578125,-20263.3671875,56.1357786226406,20.8245274846442,9.256284,0,0,0,40,4449,299.89885,-20323.3125,,,,,,,,,,,,,0,,,,19.1744862,,,,,,299.9995575,,,,
,15580746.505,299.9995575,-20433.34765625,-6.42577213232561,0.00253238590963899,1,0.999253354069792,40.0298881530762,1.98018393047169,10.7399998232722,-34.7670751669999,-6.37948788523693,250,0.0119969192703152,-6.4245191752544,-0.0149292991339466,299.9994812,299.9996338,-20483.4375,-20383.2578125,56.5578580230252,20.8312441351652,8.512546,0,0,0,40,4449,299.8968,-20433.34765625,,,,,,,,,,,,,0,,,,18.9848366,,,,,,299.9995575,,,,
,15580747.6,300.00042725,-20543.35546875,-6.47062020385526,0.00276440915660959,1,0.999253354069792,40.0298881530762,1.98053891907216,10.7399998232722,-35.0161172268882,-6.42369212369177,250,0.0123469969353754,-6.46935946451024,-0.0147666353620188,299.9996338,300.0012207,-20603.2734375,-20483.4375,55.5644081750828,20.8293937722931,8.512546,0,0,0,40,4449,299.89755,-20543.35546875,,,,,,,,,,,,,0,,,,18.795187,,,,,,300.00042725,,,,
,15580748.815,300.0008545,-20663.34765625,-6.55625380715326,0.00261677534915637,1,0.999253354069792,40.0298881530762,1.98042753975413,10.7500003650784,-35.476379643869,-6.51483098493706,250,0.011311237497761,-6.5549713135205,-0.016160368195267,300.0004883,300.0012207,-20723.421875,-20603.2734375,56.5711457078521,20.8324462947631,8.512546,0,0,0,40,4449,299.8982,-20663.34765625,,,,,,,,,,,,,0,,,,18.9848366,,,,,,300.0008545,,,,
,15580749.985,300.00054935,-20778.4052734375,-6.59603561776437,0.00266095079450719,1,0.999253354069792,40.0298881530762,1.98047643831053,10.7399998232722,-35.6926349220806,-6.55380332963183,250,0.0115118547317696,-6.59474600672781,-0.0161260777810728,300.0004883,300.0006104,-20833.388671875,-20723.421875,57.66073586366,20.8317032097943,8.884414,0,0,0,40,4449,299.897,-20778.4052734375,,,,,,,,,,,,,0,,,,19.07919695,,,,,,300.00054935,,,,
,15580751.18,300.00010685,-20898.46875,-6.63541136281739,0.00239710125255885,1,0.999253354069792,40.0298881530762,1.98039109034829,10.7500003650784,-35.904797986622,-6.58941197320851,250,0.0121786095179511,-6.63411672196111,-0.0156238561968294,299.9996033,300.0006104,-20963.548828125,-20833.388671875,56.9189703989099,20.8271334478682,9.256284,0,0,0,40,4449,299.89725,-20898.46875,,,,,,,,,,,,,0,,,,19.07919695,,,,,,300.00010685,,,,
,15580752.385,300.00057985,-21018.5712890625,-6.6750640958218,0.00208372191376518,1,0.999253354069792,40.0298881530762,1.98042859382645,10.7399998232722,-36.1206652783947,-6.62548212878802,250,0.0128848747823841,-6.6737643142979,-0.0150832513964883,299.9996033,300.0015564,-21073.59375,-20963.548828125,56.912717370756,20.8256303277082,9.256284,0,0,0,40,4449,299.8978,-21018.5712890625,,,,,,,,,,,,,0,,,,18.9848366,,,,,,300.00057985,,,,
,15580753.555,300.000473,-21133.609375,-6.71163887225326,0.00169708303255474,1,0.999253354069792,40.0298881530762,1.98037052599605,10.7399998232722,-36.317192956526,-6.66348494448158,250,0.0126056490881261,-6.71033056663395,-0.0155152635080813,299.9993896,300.0015564,-21193.625,-21073.59375,57.0260535060445,20.830787889464,9.256284,0,0,0,40,4449,299.8965,-21133.609375,,,,,,,,,,,,,0,,,,18.88954735,,,,,,300.000473,,,,
,15580754.65,299.99971005,-21243.63671875,-6.74675587425,0.0023586355602066,1,0.999253354069792,40.0298881530762,1.98045790476067,10.7500003650784,-36.508174449321,-6.70193741427965,250,0.0120612512795353,-6.74543840421651,-0.0162061665113522,299.9993896,300.0000305,-21293.6484375,-21193.625,56.6829185861022,20.8280438287079,8.512546,0,0,0,40,4449,299.89645,-21243.63671875,,,,,,,,,,,,,0,,,,18.88954735,,,,,,299.99971005,,,,
,15580755.73,300.00027465,-21353.5322265625,-6.77941530600743,0.00201222228906788,1,0.999253354069792,40.0298881530762,1.98037346692526,10.7399998232722,-36.6851719391067,-6.72441258906308,250,0.0139099766833126,-6.77809886778905,-0.014494113236871,300.0000305,300.0005188,-21413.416015625,-21293.6484375,58.1109538907369,20.8292075072814,9.256284,0,0,0,40,4449,299.89655,-21353.5322265625,,,,,,,,,,,,,0,,,,18.88954735,,,,,,300.00027465,,,,
,15580756.86,300.00032045,-21468.4677734375,-6.8474776672865,0.00189863161039943,1,0.999253354069792,40.0298881530762,1.98047974315023,10.7500003650784,-37.0538706440546,-6.80060571499999,250,0.0125096094885609,-6.84614160715955,-0.0161787258253603,300.0001221,300.0005188,-21523.51953125,-21413.416015625,56.6469636742175,20.822953216099,8.512546,0,0,0,40,4449,299.8971,-21468.4677734375,,,,,,,,,,,,,0,,,,18.9839077,,,,,,300.00032045,,,,
,15580758.005,300.00021365,-21583.564453125,-6.87748879881818,0.0017786524512365,1,0.999253354069792,40.0298881530762,1.98022048646858,10.7399998232722,-37.2114334987558,-6.83000037724799,250,0.0124785597471647,-6.87614661171702,-0.016334848529685,300.0001221,300.0003052,-21643.609375,-21523.51953125,57.0541921327368,20.8279908550248,9.256284,0,0,0,40,4449,299.89795,-21583.564453125,,,,,,,,,,,,,0,,,,19.07919695,,,,,,300.00021365,,,,
,15580759.145,300.00053405,-21698.609375,-6.91190132504734,0.00162546721299679,1,0.999253354069792,40.0298881530762,1.98039848741061,10.7399998232722,-37.4011645089009,-6.86337761984999,250,0.012799273612278,-6.91055346407436,-0.016157921424671,300.0003052,300.0007629,-21753.609375,-21643.609375,57.6091483813907,20.8304118289551,9.256284,0,0,0,40,4449,299.89695,-21698.609375,,,,,,,,,,,,,0,,,,19.07919695,,,,,,300.00053405,,,,
,15580761.09,300.0014954,-21888.5888671875,-6.9387488425982,0.00185075332826066,1,0.999253354069792,40.0298881530762,1.98044240229499,10.7500003650784,-37.5452796758546,-6.9008167099198,250,0.0108828681707832,-6.93738733996565,-0.0181856089944417,300.0014954,300.0014954,-21893.552734375,-21883.625,56.6782288149868,20.8325483643542,8.512546,0,0,0,40,4449,299.8959,-21888.5888671875,,,,,,,,,,,,,0,,,,19.07919695,,,,,,300.0014954,,,,
,15580761.665,300.00177005,-21943.638671875,-6.96641244040506,0.00160423051067701,1,0.999253354069792,40.0298881530762,1.98041053889773,10.7399998232722,-37.6949022062064,-6.9253746026177,250,0.0114518851141899,-6.96504768397798,-0.0177321389570902,300.0014954,300.0020447,-21993.724609375,-21893.552734375,56.8447156895829,20.8319876820951,8.512546,0,0,0,40,4449,299.8975,-21943.638671875,,,,,,,,,,,,,0,,,,18.9839077,,,,,,300.00177005,,,,
,15580762.75,300.001709,-22053.7431640625,-6.99401658945882,0.00185492963751313,1,0.999253354069792,40.0298881530762,1.98031451075914,10.7399998232722,-37.8438848689367,-6.94489680405097,250,0.0128999235438391,-6.9926523785667,-0.0163993744050196,300.0013733,300.0020447,-22113.76171875,-21993.724609375,56.5656743082175,20.8337441732038,8.512546,0,0,0,40,4449,299.8985,-22053.7431640625,,,,,,,,,,,,,0,,,,18.9839077,,,,,,300.001709,,,,
,15580764,300.0013275,-22178.7607421875,-7.04478533781364,0.00171528993668143,1,0.999253354069792,40.0298881530762,1.98056195751503,10.7399998232722,-38.1226407433771,-6.99937043704423,250,0.0123999202388817,-7.04340888403973,-0.0171114404882152,300.0012817,300.0013733,-22243.759765625,-22113.76171875,56.5133051974291,20.8267326625795,8.512546,0,0,0,40,4449,299.8975,-22178.7607421875,,,,,,,,,,,,,0,,,,19.17546175,,,,,,300.0013275,,,,
,15580765.17,300.00097655,-22293.70703125,-7.07477923269192,0.00139491757272589,1,0.999253354069792,40.0298881530762,1.98039009305174,10.7399998232722,-38.2820923625697,-7.02652572521978,250,0.0128312513925258,-7.0733986457314,-0.0168053077461356,300.0006714,300.0012817,-22343.654296875,-22243.759765625,56.9134989992753,20.8210523121461,9.256284,0,0,0,40,4449,299.89715,-22293.70703125,,,,,,,,,,,,,0,,,,19.270751,,,,,,300.00097655,,,,
,15580766.225,300.0006409,-22398.6826171875,-7.09452521519566,0.00154106277751248,1,0.999253354069792,40.0298881530762,1.98017267641092,10.7399998232722,-38.384541515855,-7.04693404508103,250,0.0125796460882616,-7.09313971446465,-0.0171389876283578,300.0006104,300.0006714,-22453.7109375,-22343.654296875,56.3460366943136,20.8269154692564,8.512546,0,0,0,40,4449,299.8977,-22398.6826171875,,,,,,,,,,,,,0,,,,19.07919695,,,,,,300.0006409,,,,
,15580767.455,300.00099185,-22523.7509765625,-7.11540626781966,0.0019034371551647,1,0.999253354069792,40.0298881530762,1.98045307011956,10.7500003650784,-38.503164523999,-7.06686903717413,250,0.0129456135363677,-7.11401802239729,-0.0168600578946588,300.0006104,300.0013733,-22593.791015625,-22453.7109375,56.1975272756598,20.8281708371052,8.512546,0,0,0,40,4449,299.89665,-22523.7509765625,,,,,,,,,,,,,0,,,,19.07919695,,,,,,300.00099185,,,,
,15580768.705,300.0011902,-22648.818359375,-7.15953011180004,0.00171822154890839,1,0.999253354069792,40.0298881530762,1.98038087034773,10.7399998232722,-38.7387228039283,-7.12030159613047,250,0.0112021561605732,-7.15812560938656,-0.0187875263299791,300.0010071,300.0013733,-22703.845703125,-22593.791015625,56.6719757868329,20.8315356677953,8.512546,0,0,0,40,4449,299.89515,-22648.818359375,,,,,,,,,,,,,0,,,,18.9848366,,,,,,300.0011902,,,,
,15580769.9,300.0018463,-22768.8779296875,-7.18156419424399,0.00128705372490843,1,0.999253354069792,40.0298881530762,1.98035327274939,10.7399998232722,-38.8609858436064,-7.12286403066757,250,0.0147955306974355,-7.18017015646975,-0.0152865947252509,300.0010071,300.0026855,-22833.91015625,-22703.845703125,57.2253687784484,20.8284574359873,9.256284,0,0,0,40,4449,299.8949,-22768.8779296875,,,,,,,,,,,,,0,,,,18.9848366,,,,,,300.0018463,,,,
,15580771.105,300.0023651,-22893.880859375,-7.20174265285283,0.00160613399020105,1,0.999253354069792,40.0298881530762,1.98030259114149,10.7399998232722,-38.9687946702309,-7.14489932692571,250,0.0144296798267694,-7.20034291731704,-0.0157362196213949,300.0020447,300.0026855,-22953.8515625,-22833.91015625,57.0713879601599,20.8288031011607,9.256284,0,0,0,40,4449,299.8952,-22893.880859375,,,,,,,,,,,,,0,,,,18.9848366,,,,,,300.0023651,,,,
,15580772.29,300.0026398,-23014.1611328125,-7.2196981400619,0.00157496287314935,1,0.999253354069792,40.0298881530762,1.98066352606026,10.7399998232722,-39.0684227427097,-7.18811685823031,250,0.0100046201893261,-7.21827622197887,-0.0202349099362219,300.0020447,300.0032349,-23074.470703125,-22953.8515625,56.4085669758521,20.8243790356655,9.256284,0,0,0,40,4449,299.89575,-23014.1611328125,,,,,,,,,,,,,0,,,,18.9848366,,,,,,300.0026398,,,,
,15580773.455,300.0028992,-23129.55078125,-7.24283833636911,0.000975954560513473,1,0.999253354069792,40.0298881530762,1.98043572220969,10.7399998232722,-39.193039208766,-7.18988921381674,250,0.013817973893157,-7.24142768584674,-0.0165186400655804,300.0025635,300.0032349,-23184.630859375,-23074.470703125,56.4304525743906,20.8347750779133,9.256284,0,0,0,40,4449,299.8959,-23129.55078125,,,,,,,,,,,,,0,,,,19.1744862,,,,,,300.0028992,,,,
,15580774.52,300.0024109,-23234.703125,-7.25715168518955,0.00151177814327164,1,0.999253354069792,40.0298881530762,1.98016239613378,10.7399998232722,-39.2644533152679,-7.20719487280752,250,0.0130929063120432,-7.25573527529937,-0.0173029943893227,300.0022583,300.0025635,-23284.775390625,-23184.630859375,56.8908317722176,20.8306637589968,9.256284,0,0,0,40,4449,299.8957,-23234.703125,,,,,,,,,,,,,0,,,,18.9848366,,,,,,300.0024109,,,,
,15580775.62,300.00260925,-23344.8505859375,-7.26916037269905,0.00158775735209296,1,0.999253354069792,40.0298881530762,1.98041955634878,10.7500003650784,-39.3320467317573,-7.23276795458901,250,0.0107600813096809,-7.26773176869581,-0.0196849740360285,300.0022583,300.0029602,-23404.92578125,-23284.775390625,55.7121359652174,20.8252242620238,9.256284,0,0,0,40,4449,299.89655,-23344.8505859375,,,,,,,,,,,,,0,,,,18.9848366,,,,,,300.00260925,,,,
,15580776.68,300.0027466,-23449.908203125,-7.28860643064091,0.0012721591911701,1,0.999253354069792,40.0298881530762,1.9806218780251,10.7399998232722,-39.4450250373021,-7.23218568854066,250,0.0146061019607495,-7.28719000504083,-0.0159206389233468,300.002533,300.0029602,-23494.890625,-23404.92578125,56.360887636179,20.8284862824377,9.256284,0,0,0,40,4449,299.8965,-23449.908203125,,,,,,,,,,,,,0,,,,19.07919695,,,,,,300.0027466,,,,
,15580777.695,300.0033112,-23549.9228515625,-7.30554383157415,0.00115450037328308,1,0.999253354069792,40.0298881530762,1.98023850845334,10.7399998232722,-39.5291753340217,-7.24788150627452,250,0.0145919409112529,-7.30412379557384,-0.0160053641247258,300.002533,300.0040894,-23604.955078125,-23494.890625,56.3460366943136,20.8326010565299,9.256284,0,0,0,40,4449,299.89525,-23549.9228515625,,,,,,,,,,,,,0,,,,19.07919695,,,,,,300.0033112,,,,
,15580778.875,300.0035248,-23669.9833984375,-7.32825630223186,0.00127840851522805,1,0.999253354069792,40.0298881530762,1.98042234183354,10.7399998232722,-39.6536439297665,-7.28194295638391,250,0.0126271849043308,-7.32682343710825,-0.0180641927549258,300.0029602,300.0040894,-23735.01171875,-23604.955078125,56.3319673809675,20.8212546718662,9.256284,0,0,0,40,4449,299.89545,-23669.9833984375,,,,,,,,,,,,,0,,,,19.1744862,,,,,,300.0035248,,,,
,15580780.025,300.0027008,-23785.001953125,-7.34749313980243,0.00167466071294751,1,0.999253354069792,40.0298881530762,1.98026465323417,10.7399998232722,-39.7554472131807,-7.29618867113351,250,0.0134553262489262,-7.34606011390281,-0.0173162728329445,300.0024414,300.0029602,-23834.9921875,-23735.01171875,56.8298647477175,20.8293904543864,8.884414,0,0,0,40,4449,299.8947,-23785.001953125,,,,,,,,,,,,,0,,,,19.270751,,,,,,300.0027008,,,,
,15580781.11,300.00250245,-23889.9765625,-7.35852895680634,0.00147693236357146,1,0.999253354069792,40.0298881530762,1.9804678803327,10.7399998232722,-39.8184120059994,-7.31183369845251,250,0.0127438648591959,-7.35709082494067,-0.0180732100941776,300.0024414,300.0025635,-23944.9609375,-23834.9921875,55.913796123179,20.8282107820295,9.256284,0,0,0,40,4449,299.8951,-23889.9765625,,,,,,,,,,,,,0,,,,19.17546175,,,,,,300.00250245,,,,
,15580782.275,300.00332645,-24005.0263671875,-7.37545237002409,0.00134991796291425,1,0.999253354069792,40.0298881530762,1.98053367926127,10.7500003650784,-39.9112573150395,-7.3290109208768,250,0.0127495717325626,-7.37401067483879,-0.0181376686098248,300.0025635,300.0040894,-24065.091796875,-23944.9609375,56.9174071418714,20.826027332509,9.256284,0,0,0,40,4449,299.89595,-24005.0263671875,,,,,,,,,,,,,0,,,,18.9839077,,,,,,300.00332645,,,,
,15580783.33,300.0039673,-24110.205078125,-7.38246123488961,0.00151605450457942,1,0.999253354069792,40.0298881530762,1.98041501845963,10.7399998232722,-39.9469587558603,-7.33495775176477,250,0.0128701999548294,-7.38101848636941,-0.0180460285792365,300.0038452,300.0040894,-24155.318359375,-24065.091796875,56.9439825115252,20.8295933300511,8.512546,0,0,0,40,4449,299.8946,-24110.205078125,,,,,,,,,,,,,0,,,,18.88954735,,,,,,300.0039673,,,,
,15580784.39,300.0036316,-24220.4580078125,-7.39584864555396,0.00126085470798345,1,0.999253354069792,40.0298881530762,1.98023803496832,10.7399998232722,-40.0180342524392,-7.33616902485192,250,0.0150098779239198,-7.39441228105515,-0.0159623511435904,300.003418,300.0038452,-24285.59765625,-24155.318359375,57.0119841926983,20.8269876727094,8.512546,0,0,0,40,4449,299.8939,-24220.4580078125,,,,,,,,,,,,,0,,,,18.9848366,,,,,,300.0036316,,,,
,15580785.555,300.003891,-24340.734375,-7.40362565154634,0.00173860092264354,1,0.999253354069792,40.0298881530762,1.98055116160125,10.7399998232722,-40.0660857804844,-7.34613458615093,250,0.0148181014586456,-7.40218691003141,-0.0161858819554617,300.003418,300.004364,-24395.87109375,-24285.59765625,56.7540467813522,20.8332532677457,8.512546,0,0,0,40,4449,299.89505,-24340.734375,,,,,,,,,,,,,0,,,,19.07919695,,,,,,300.003891,,,,
,15580786.58,300.0042267,-24440.9658203125,-7.41785209074783,0.00130325032638476,1,0.999253354069792,40.0298881530762,1.98040194217072,10.7500003650784,-40.1379796148137,-7.37127794189934,250,0.0127073397569789,-7.41640159543568,-0.0183551538564916,300.0040894,300.004364,-24486.060546875,-24395.87109375,56.4187281466021,20.8285601349249,8.512546,0,0,0,40,4449,299.8959,-24440.9658203125,,,,,,,,,,,,,0,,,,18.9839077,,,,,,300.0042267,,,,
,15580787.61,300.00442505,-24541.1396484375,-7.42572978816406,0.00148469710293478,1,0.999253354069792,40.0298881530762,1.98041152878803,10.7399998232722,-40.1830919742212,-7.36675530585554,250,0.0150101605949399,-7.42428731961841,-0.0160854096520116,300.0040894,300.0047607,-24596.21875,-24486.060546875,56.2248842738329,20.832945440804,9.256284,0,0,0,40,4449,299.89465,-24541.1396484375,,,,,,,,,,,,,0,,,,19.07919695,,,,,,300.00442505,,,,
,15580788.75,300.0038147,-24656.25,-7.44551844827596,0.0012257476443819,1,0.999253354069792,40.0298881530762,1.98048750103167,10.7399998232722,-40.2905770546345,-7.39263128229417,250,0.0139465603234781,-7.44406771808789,-0.0172312762787945,300.0028687,300.0047607,-24716.28125,-24596.21875,56.943200883006,20.8269967344758,8.512546,0,0,0,40,4449,299.89275,-24656.25,,,,,,,,,,,,,0,,,,19.1744862,,,,,,300.0038147,,,,
,15580789.98,300.0031891,-24781.357421875,-7.46021159404799,0.00106577461646224,1,0.999253354069792,40.0298881530762,1.98058187784913,10.7500003650784,-40.3728441779533,-7.40282294702929,250,0.0148499073175605,-7.45876190380449,-0.0163889638519959,300.0028687,300.0035095,-24846.43359375,-24716.28125,56.1193644237367,20.8296828968614,9.256284,0,0,0,40,4449,299.8928,-24781.357421875,,,,,,,,,,,,,0,,,,19.07919695,,,,,,300.0031891,,,,
,15580791.145,300.0043945,-24896.517578125,-7.46618384758092,0.00150263752372249,1,0.999253354069792,40.0298881530762,1.98058035443365,10.7399998232722,-40.4044257512127,-7.41255651977873,250,0.0141562790909557,-7.46472977395272,-0.0171067948896625,300.0035095,300.0052795,-24946.6015625,-24846.43359375,56.1600091067367,20.830468975608,9.256284,0,0,0,40,4449,299.8932,-24896.517578125,,,,,,,,,,,,,0,,,,18.9839077,,,,,,300.0043945,,,,
,15580792.3,300.0049133,-25011.7734375,-7.47049554997517,0.00139547950003246,1,0.999253354069792,40.0298881530762,1.98052618814235,10.7399998232722,-40.4270588694555,-7.41459718959372,250,0.0145415407399345,-7.46904211160749,-0.0167392529672353,300.0045471,300.0052795,-25076.9453125,-24946.6015625,56.5375356815252,20.8300744541838,8.512546,0,0,0,40,4449,299.89155,-25011.7734375,,,,,,,,,,,,,0,,,,18.9839077,,,,,,300.0049133,,,,
,15580793.345,300.00434875,-25117.03125,-7.47832057863945,0.00135974629172189,1,0.999253354069792,40.0298881530762,1.98060463596028,10.7399998232722,-40.4686245957688,-7.43529500397485,250,0.0122189217262255,-7.47685603761222,-0.0190936144640187,300.0041504,300.0045471,-25157.1171875,-25076.9453125,57.3082214014868,20.8253904264891,8.512546,0,0,0,40,4449,299.89145,-25117.03125,,,,,,,,,,,,,0,,,,19.07919695,,,,,,300.00434875,,,,
,15580794.365,300.00460815,-25222.255859375,-7.48795243233246,0.00115149302221167,1,0.999253354069792,40.0298881530762,1.98051652206779,10.7399998232722,-40.5211827034196,-7.4327150858095,250,0.0144215321267084,-7.48649514576752,-0.0169311832408068,300.0041504,300.0050659,-25287.39453125,-25157.1171875,56.811105663256,20.834944538672,8.512546,0,0,0,40,4449,299.8917,-25222.255859375,,,,,,,,,,,,,0,,,,19.1744862,,,,,,300.00460815,,,,
,15580795.57,300.0053711,-25342.5087890625,-7.49573668393189,0.00137993275360005,1,0.999253354069792,40.0298881530762,1.98061631001722,10.7399998232722,-40.5655239134426,-7.43959944300745,250,0.014659146464302,-7.4942786672061,-0.0167255379583065,300.0050659,300.0056763,-25397.623046875,-25287.39453125,57.1073428720445,20.8319808091757,9.256284,0,0,0,40,4449,299.8919,-25342.5087890625,,,,,,,,,,,,,0,,,,19.1744862,,,,,,300.0053711,,,,
,15580796.66,300.0054474,-25447.73046875,-7.50056571307159,0.00124048297545471,1,0.999253354069792,40.0298881530762,1.98050784171231,10.7500003650784,-40.5882010793877,-7.45094444910965,250,0.0133831860530684,-7.49910141994137,-0.018020768815838,300.0052185,300.0056763,-25497.837890625,-25397.623046875,56.8970848003714,20.824712146617,9.256284,0,0,0,40,4449,299.8929,-25447.73046875,,,,,,,,,,,,,0,,,,19.1744862,,,,,,300.0054474,,,,
,15580797.715,300.00523375,-25552.953125,-7.50686751090727,0.00104290285825837,1,0.999253354069792,40.0298881530762,1.98055691513086,10.7500003650784,-40.6252415659455,-7.44683079225227,250,0.0153449104350104,-7.505410257798,-0.0160853458602713,300.0052185,300.005249,-25608.068359375,-25497.837890625,56.5250296252175,20.8303063293197,8.512546,0,0,0,40,4449,299.8922,-25552.953125,,,,,,,,,,,,,0,,,,19.1744862,,,,,,300.00523375,,,,
,15580798.895,300.0056152,-25673.1806640625,-7.52287384180259,0.00117765002536511,1,0.999253354069792,40.0298881530762,1.98060595797921,10.7399998232722,-40.7135754300478,-7.45895915345277,250,0.0161035505489436,-7.52141646797126,-0.0153933077371897,300.005249,300.0059814,-25738.29296875,-25608.068359375,56.3687039213713,20.8250253697424,9.256284,0,0,0,40,4449,299.8915,-25673.1806640625,,,,,,,,,,,,,0,,,,19.1744862,,,,,,300.0056152,,,,
,15580799.995,300.00549315,-25783.4091796875,-7.52625630689511,0.00106858253433379,1,0.999253354069792,40.0298881530762,1.98063707004702,10.7500003650784,-40.7315051192488,-7.46782407651265,250,0.0151126110073391,-7.52479419054946,-0.0163975994493974,300.0050049,300.0059814,-25828.525390625,-25738.29296875,56.333530638006,20.8275368996097,8.512546,0,0,0,40,4449,299.8916,-25783.4091796875,,,,,,,,,,,,,0,,,,19.07919695,,,,,,300.00549315,,,,
,15580800.975,300.00575255,-25883.6181640625,-7.53363785551866,0.00167082081907681,1,0.999253354069792,40.0298881530762,1.98049474137716,10.7399998232722,-40.7666387071955,-7.48517826396897,250,0.0131760654513732,-7.53216610034579,-0.0183642732323427,300.0050049,300.0065002,-25938.7109375,-25828.525390625,56.6641595016406,20.8290313393568,9.256284,0,0,0,40,4449,299.8903,-25883.6181640625,,,,,,,,,,,,,0,,,,18.88954735,,,,,,300.00575255,,,,
,15580802.085,300.00637815,-25998.8359375,-7.5382138666972,0.00105763205193838,1,0.999253354069792,40.0298881530762,1.98055086766983,10.7500003650784,-40.7917958467452,-7.49387644937693,250,0.0124550762107318,-7.5367379715641,-0.0191044865481036,300.0062561,300.0065002,-26058.9609375,-25938.7109375,56.3030471257559,20.8262772620604,9.256284,0,0,0,40,4449,299.88355,-25998.8359375,,,,,,,,,,,,,0,,,,18.9848366,,,,,,300.00637815,,,,
,15580803.135,300.0060272,-26099.0537109375,-7.54948914437683,0.00105588707683376,1,0.999253354069792,40.0298881530762,1.98053852607519,10.7399998232722,-40.8532863980599,-7.5011347199552,250,0.0131957281756719,-7.54801414917867,-0.0184113202437006,300.0057983,300.0062561,-26139.146484375,-26058.9609375,56.117019538179,20.8277247800451,9.256284,0,0,0,40,4449,299.8781,-26099.0537109375,,,,,,,,,,,,,0,,,,19.07919695,,,,,,300.0060272,,,,
,15580804.19,300.00596615,-26204.2802734375,-7.54888999498801,0.00124492914331564,1,0.999253354069792,40.0298881530762,1.98070779709789,10.7399998232722,-40.8539701012228,-7.49835922906757,250,0.0137125920797656,-7.54741736460624,-0.017891394408977,300.0057983,300.006134,-26269.4140625,-26139.146484375,56.7352876968906,20.8289482958844,8.512546,0,0,0,40,4449,299.8788,-26204.2802734375,,,,,,,,,,,,,0,,,,18.88954735,,,,,,300.00596615,,,,
,15580805.385,300.0065155,-26324.548828125,-7.55716658261893,0.00105100635054708,1,0.999253354069792,40.0298881530762,1.98068963980126,10.7500003650784,-40.8996353659968,-7.49983000968151,250,0.0149621917965403,-7.55569742554201,-0.0166759286653641,300.006134,300.006897,-26379.68359375,-26269.4140625,56.5734905934098,20.8322030715993,8.512546,0,0,0,40,4449,299.8797,-26324.548828125,,,,,,,,,,,,,0,,,,18.9848366,,,,,,300.0065155,,,,
,15580806.375,300.0065918,-26424.83984375,-7.56085787307123,0.00123044756824791,1,0.999253354069792,40.0298881530762,1.98068963980126,10.7399998232722,-40.9196111084767,-7.50350309826434,250,0.014967115784086,-7.55938802198183,-0.0166858801984052,300.0062866,300.006897,-26469.99609375,-26379.68359375,56.6352392464291,20.8322030715993,8.512546,0,0,0,40,4449,299.87995,-26424.83984375,,,,,,,,,,,,,0,,,,19.1744862,,,,,,300.0065918,,,,
,15580807.365,300.0064697,-26525.0595703125,-7.56525561333994,0.00142958245489369,1,0.999253354069792,40.0298881530762,1.98046957988063,10.7500003650784,-40.9380143506397,-7.51223749438674,250,0.014016899156999,-7.56378099290085,-0.017653623339314,300.0062866,300.0066528,-26580.123046875,-26469.99609375,57.3035316303714,20.8309004913777,8.512546,0,0,0,40,4449,299.8811,-26525.0595703125,,,,,,,,,,,,,0,,,,19.07919695,,,,,,300.0064697,,,,
,15580808.53,300.0061493,-26640.2744140625,-7.56912004334056,0.00144354900169522,1,0.999253354069792,40.0298881530762,1.98051225636659,10.7500003650784,-40.9589803796515,-7.52058717279193,250,0.0132184229442783,-7.56764145609471,-0.0184673851318065,300.0056458,300.0066528,-26700.42578125,-26580.123046875,56.6313311038329,20.8316723911792,8.884414,0,0,0,40,4449,299.8819,-26640.2744140625,,,,,,,,,,,,,0,,,,18.9839077,,,,,,300.0061493,,,,
,15580809.585,300.0057831,-26745.5615234375,-7.57682003834932,0.00142426269075748,1,0.999253354069792,40.0298881530762,1.98053270066745,10.7399998232722,-41.001381024924,-7.52658922115836,250,0.0135499896940286,-7.57534144454494,-0.0181674470376005,300.0056458,300.0059204,-26790.697265625,-26700.42578125,56.3530713509867,20.8210441285335,8.512546,0,0,0,40,4449,299.88265,-26745.5615234375,,,,,,,,,,,,,0,,,,18.9839077,,,,,,300.0057831,,,,
,15580810.625,300.0059662,-26850.8134765625,-7.57844817512217,0.00133910263800586,1,0.999253354069792,40.0298881530762,1.98037128150351,10.7399998232722,-41.0083334610389,-7.52004688311352,250,0.0149501020776508,-7.57697512203861,-0.0167737880637224,300.0059204,300.006012,-26910.9296875,-26790.697265625,55.6245935710636,20.8306319668821,8.884414,0,0,0,40,4449,299.8832,-26850.8134765625,,,,,,,,,,,,,0,,,,19.17546175,,,,,,300.0059662,,,,
,15580811.735,300.00579835,-26966.033203125,-7.58397826595773,0.00134984240686126,1,0.999253354069792,40.0298881530762,1.9806367416016,10.7399998232722,-41.0424943221164,-7.53261053439915,250,0.0138340959605067,-7.5824995447361,-0.0179119083721781,300.0055847,300.006012,-27021.13671875,-26910.9296875,56.4937644844483,20.8317596048653,8.512546,0,0,0,40,4449,299.8846,-26966.033203125,,,,,,,,,,,,,0,,,,19.3670158,,,,,,300.00579835,,,,
,15580812.92,300.0055084,-27081.2607421875,-7.59245345947922,0.00118749709539402,1,0.999253354069792,40.0298881530762,1.98047511907038,10.7399998232722,-41.0856522253665,-7.53739864422992,250,0.0144086535126962,-7.59097559871467,-0.0173719762369334,300.0054321,300.0055847,-27141.384765625,-27021.13671875,57.1479875550445,20.8264042532187,9.256284,0,0,0,40,4449,299.88725,-27081.2607421875,,,,,,,,,,,,,0,,,,19.17546175,,,,,,300.0055084,,,,
,15580814.14,300.00502015,-27201.4541015625,-7.59729988436932,0.00129988093207234,1,0.999253354069792,40.0298881530762,1.98043629621145,10.7500003650784,-41.1107594205443,-7.54386559637888,250,0.0140844244741717,-7.59581989088636,-0.0177156939282613,300.0046082,300.0054321,-27261.5234375,-27141.384765625,56.2170679886406,20.8317834742924,9.256284,0,0,0,40,4449,299.8878,-27201.4541015625,,,,,,,,,,,,,0,,,,18.9839077,,,,,,300.00502015,,,,
,15580815.28,300.00444035,-27316.6318359375,-7.59970632898063,0.00136970930369326,1,0.999253354069792,40.0298881530762,1.98068984050661,10.7399998232722,-41.1298587621965,-7.54212129845091,250,0.0150267279633137,-7.59822999913299,-0.0167831814266296,300.0042725,300.0046082,-27371.740234375,-27261.5234375,56.5914680493521,20.8289503663872,8.512546,0,0,0,40,4449,299.8865,-27316.6318359375,,,,,,,,,,,,,0,,,,18.9839077,,,,,,300.00444035,,,,
,15580816.265,300.0052338,-27416.7763671875,-7.60277598157356,0.00140562428924041,1,0.999253354069792,40.0298881530762,1.98072083972055,10.7399998232722,-41.1463718792815,-7.54920459782215,250,0.0143071856590999,-7.60129586234677,-0.017514728391976,300.0042725,300.0061951,-27461.8125,-27371.740234375,56.9658681100637,20.8283786313224,8.884414,0,0,0,40,4449,299.88765,-27416.7763671875,,,,,,,,,,,,,0,,,,19.07919695,,,,,,300.0052338,,,,
,15580817.32,300.0059662,-27521.984375,-7.60794321515705,0.00122497479771042,1,0.999253354069792,40.0298881530762,1.98074485973269,10.7399998232722,-41.1756284226748,-7.5500826242176,250,0.0151186895943977,-7.60646531436592,-0.0167242325713109,300.0057373,300.0061951,-27582.15625,-27461.8125,57.1651833824676,20.8323866776363,9.256284,0,0,0,40,4449,299.88925,-27521.984375,,,,,,,,,,,,,0,,,,19.07919695,,,,,,300.0059662,,,,
,15580818.395,300.0058136,-27627.2265625,-7.61116895959179,0.00106075587781474,1,0.999253354069792,40.0298881530762,1.98063888336043,10.7500003650784,-41.1896735737444,-7.55970714092709,250,0.0138643040087598,-7.60968525857072,-0.0179912319601013,300.0057373,300.0058899,-27672.296875,-27582.15625,56.8861420011022,20.828935592251,9.256284,0,0,0,40,4449,299.88965,-27627.2265625,,,,,,,,,,,,,0,,,,18.9839077,,,,,,300.0058136,,,,
,15580819.35,300.0054779,-27722.4013671875,-7.61767829276824,0.000998853959754157,1,0.999253354069792,40.0298881530762,1.98063888336043,10.7399998232722,-41.2245757921987,-7.56792813291957,250,0.0135508786326193,-7.61619213039953,-0.018331051357545,300.0050659,300.0058899,-27772.505859375,-27672.296875,56.6368025034675,20.828935592251,8.512546,0,0,0,40,4449,299.8917,-27722.4013671875,,,,,,,,,,,,,0,,,,18.9839077,,,,,,300.0054779,,,,
,15580820.42,300.00567625,-27832.5654296875,-7.6172258095494,0.00117030301776322,1,0.999253354069792,40.0298881530762,1.98065340574677,10.7399998232722,-41.2235939730721,-7.56121168013165,250,0.0147177743513108,-7.61574463398949,-0.0171617873249801,300.0050659,300.0062866,-27892.625,-27772.505859375,56.424981174756,20.8297682680751,8.884414,0,0,0,40,4449,299.8925,-27832.5654296875,,,,,,,,,,,,,0,,,,18.88954735,,,,,,300.00567625,,,,
,15580821.475,300.00575255,-27937.8095703125,-7.62367539056906,0.0012525884933233,1,0.999253354069792,40.0298881530762,1.98065578245349,10.7399998232722,-41.2569863985912,-7.57603913456457,250,0.0131737591234445,-7.62218649762588,-0.0187317263348572,300.0052185,300.0062866,-27982.994140625,-27892.625,57.1073428720445,20.8273789429221,9.256284,0,0,0,40,4449,299.89385,-27937.8095703125,,,,,,,,,,,,,0,,,,18.9848366,,,,,,300.00575255,,,,
,15580822.54,300.0055237,-28043.0419921875,-7.62531597125903,0.000944210264908572,1,0.999253354069792,40.0298881530762,1.98064006326894,10.7399998232722,-41.2661064079827,-7.57458799155478,250,0.0137348159140075,-7.62382921085669,-0.0181770953033688,300.0052185,300.0058289,-28103.08984375,-27982.994140625,56.5461335952368,20.8274541512284,8.512546,0,0,0,40,4449,299.8936,-28043.0419921875,,,,,,,,,,,,,0,,,,19.1744862,,,,,,300.0055237,,,,
,15580823.765,300.00621035,-28168.16796875,-7.63287565296972,0.00111978075182307,1,0.999253354069792,40.0298881530762,1.98056977002028,10.7399998232722,-41.3064254574965,-7.57731079409238,250,0.0145842100663492,-7.63139076930377,-0.0173590179506344,300.0058289,300.0065918,-28233.24609375,-28103.08984375,56.5414438241214,20.8255711517769,8.884414,0,0,0,40,4449,299.89195,-28168.16796875,,,,,,,,,,,,,0,,,,19.1744862,,,,,,300.00621035,,,,
,15580824.985,300.0071869,-28288.3876953125,-7.63213741462847,0.00117204473657055,1,0.999253354069792,40.0298881530762,1.98066590282984,10.7399998232722,-41.306698244279,-7.56445850370695,250,0.0168884639865491,-7.63066212335569,-0.0150513456249539,300.0065918,300.007782,-28343.529296875,-28233.24609375,56.0583973992367,20.8313002700948,9.628152,0,0,0,40,4449,299.89295,-28288.3876953125,,,,,,,,,,,,,0,,,,19.1744862,,,,,,300.0071869,,,,
,15580826.125,300.0074463,-28403.658203125,-7.63791779696386,0.00132967511320115,1,0.999253354069792,40.0298881530762,1.98055663807382,10.7399998232722,-41.3321896603376,-7.58902869341255,250,0.0133422448504364,-7.63642650668639,-0.0186201521150669,300.0071106,300.007782,-28463.787109375,-28343.529296875,56.1826763337944,20.8257267238077,9.256284,0,0,0,40,4449,299.89485,-28403.658203125,,,,,,,,,,,,,0,,,,18.9848366,,,,,,300.0074463,,,,
,15580827.335,300.007843,-28523.888671875,-7.64068234783805,0.00139539000832186,1,0.999253354069792,40.0298881530762,1.98054598138192,10.7399998232722,-41.3489557455021,-7.58082449198763,250,0.0153633403756914,-7.63919891011402,-0.0166103242786193,300.0071106,300.0085754,-28583.990234375,-28463.787109375,56.5312826533714,20.8314727408633,9.256284,0,0,0,40,4449,299.89515,-28523.888671875,,,,,,,,,,,,,0,,,,18.88954735,,,,,,300.007843,,,,
,15580828.4,300.0081024,-28628.990234375,-7.64097424335129,0.00112323777532355,1,0.999253354069792,40.0298881530762,1.98069398645177,10.7399998232722,-41.3519966356406,-7.59003989970019,250,0.0138157896570198,-7.63948423781842,-0.0181583649287176,300.0076294,300.0085754,-28673.990234375,-28583.990234375,57.2628869473714,20.8316608246407,8.512546,0,0,0,40,4449,299.8938,-28628.990234375,,,,,,,,,,,,,0,,,,19.07919695,,,,,,300.0081024,,,,
,15580829.425,300.0078125,-28734.2607421875,-7.64503454173915,0.00118534312791155,1,0.999253354069792,40.0298881530762,1.98067828086184,10.7500003650784,-41.3736170258881,-7.59419833944627,250,0.0137887647528206,-7.64354371922623,-0.0182019857252462,300.0076294,300.0079956,-28794.53125,-28673.990234375,56.299920611679,20.8279744149136,9.256284,0,0,0,40,4449,299.8922,-28734.2607421875,,,,,,,,,,,,,0,,,,19.1744862,,,,,,300.0078125,,,,
,15580830.59,300.00845335,-28849.53125,-7.64725018743737,0.00107465209800262,1,0.999253354069792,40.0298881530762,1.98066948914681,10.7399998232722,-41.386964651837,-7.58807786186196,250,0.0153242385406142,-7.64576521426027,-0.0166755228006541,300.0079956,300.0089111,-28904.53125,-28794.53125,56.5922496778714,20.8301668322622,9.256284,0,0,0,40,4449,299.8916,-28849.53125,,,,,,,,,,,,,0,,,,19.07919695,,,,,,300.00845335,,,,
,15580831.62,300.00834655,-28954.619140625,-7.65078031146827,0.00106227324646871,1,0.999253354069792,40.0298881530762,1.98067318036328,10.7500003650784,-41.4068571851098,-7.58775611705833,250,0.0160401243072056,-7.64929771465834,-0.0159738559119595,300.007782,300.0089111,-29004.70703125,-28904.53125,56.5547315089483,20.8305929386847,8.884414,0,0,0,40,4449,299.89245,-28954.619140625,,,,,,,,,,,,,0,,,,18.9839077,,,,,,300.00834655,,,,
,15580832.635,300.0079346,-29059.8359375,-7.65211403405109,0.00127188808026012,1,0.999253354069792,40.0298881530762,1.98038531715463,10.7399998232722,-41.4055729108042,-7.60220265071503,250,0.0134171481283372,-7.65062037936678,-0.0186011395653924,300.007782,300.0080872,-29114.96484375,-29004.70703125,56.4093486043714,20.8285567712804,8.884414,0,0,0,40,4449,299.89365,-29059.8359375,,,,,,,,,,,,,0,,,,18.88954735,,,,,,300.0079346,,,,
,15580833.765,300.00843815,-29170.06640625,-7.65543798132556,0.00122404714199166,1,0.999253354069792,40.0298881530762,1.98058642167558,10.7399998232722,-41.4282061746781,-7.60331870347745,250,0.0139657862326573,-7.6539458584932,-0.0180659752652195,300.0080872,300.0087891,-29225.16796875,-29114.96484375,56.7079306987175,20.8294852980881,8.512546,0,0,0,40,4449,299.89305,-29170.06640625,,,,,,,,,,,,,0,,,,19.0811014,,,,,,300.00843815,,,,
,15580834.93,300.0091858,-29285.3095703125,-7.66013066031022,0.00125544714585914,1,0.999253354069792,40.0298881530762,1.98035928013796,10.7399998232722,-41.4483370943463,-7.61050527185011,250,0.013349478382328,-7.65863485010075,-0.018701236977983,300.0087891,300.0095825,-29345.451171875,-29225.16796875,56.1209276807752,20.8273138047813,9.256284,0,0,0,40,4449,299.8923,-29285.3095703125,,,,,,,,,,,,,0,,,,19.17546175,,,,,,300.0091858,,,,
,15580836.075,300.00971985,-29400.4931640625,-7.66135761939661,0.00118411044097434,1,0.999253354069792,40.0298881530762,1.98056216503426,10.7399998232722,-41.4581271620534,-7.6178282902269,250,0.0123632755453062,-7.65985733902419,-0.0196917934028157,300.0095825,300.0098572,-29455.53515625,-29345.451171875,56.8572217458906,20.8263798581643,9.256284,0,0,0,40,4449,299.89175,-29400.4931640625,,,,,,,,,,,,,0,,,,19.07919695,,,,,,300.00971985,,,,
,15580837.2,300.00990295,-29510.703125,-7.66379695744085,0.0011234769537612,1,0.999253354069792,40.0298881530762,1.98063448289901,10.7399998232722,-41.4744073984724,-7.61187838320228,250,0.0139650634783055,-7.6623028772366,-0.0181000649883011,300.0098572,300.0099487,-29565.87109375,-29455.53515625,57.8897530197946,20.8271170866371,9.256284,0,0,0,40,4449,299.89055,-29510.703125,,,,,,,,,,,,,0,,,,19.1744862,,,,,,300.00990295,,,,
,15580838.275,300.01042175,-29621.2978515625,-7.66534646187853,0.00139678256424131,1,0.999253354069792,40.0298881530762,1.98069521577082,10.7500003650784,-41.4839333940624,-7.61418237924562,250,0.0138680202830161,-7.66385156615668,-0.0182030347089146,300.0099487,300.0108948,-29676.724609375,-29565.87109375,57.3887291389676,20.8271866709796,9.256284,0,0,0,40,4449,299.88985,-29621.2978515625,,,,,,,,,,,,,0,,,,19.07919695,,,,,,300.01042175,,,,
,15580839.305,300.0111542,-29726.91015625,-7.66928168180966,0.00147140065639669,1,0.999253354069792,40.0298881530762,1.98048640462616,10.7399998232722,-41.5022633010738,-7.61028756764854,250,0.0151723886790295,-7.66779128752204,-0.0169148783813409,300.0108948,300.0114136,-29777.095703125,-29676.724609375,57.5231692442753,20.8321894312573,8.512546,0,0,0,40,4449,299.8892,-29726.91015625,,,,,,,,,,,,,0,,,,18.9839077,,,,,,300.0111542,,,,
,15580840.445,300.0104523,-29837.2666015625,-7.66720288865202,0.0014477351866157,1,0.999253354069792,40.0298881530762,1.98066764050987,10.7399998232722,-41.4941113327546,-7.61217965678568,250,0.0145621445889626,-7.66571062443173,-0.0175156346573798,300.009491,300.0114136,-29897.4375,-29777.095703125,56.9158438848329,20.8318493453571,8.512546,0,0,0,40,4449,299.88955,-29837.2666015625,,,,,,,,,,,,,0,,,,19.17546175,,,,,,300.0104523,,,,
,15580841.615,300.00971985,-29957.521484375,-7.67508785047119,0.00134169334742082,1,0.999253354069792,40.0298881530762,1.98060525966195,10.7500003650784,-41.5359763700089,-7.61725583118741,250,0.0150419603361723,-7.6735962680693,-0.0170682212815792,300.009491,300.0099487,-30017.60546875,-29897.4375,56.7157469839098,20.8320231148682,8.884414,0,0,0,40,4449,299.88955,-29957.521484375,,,,,,,,,,,,,0,,,,19.270751,,,,,,300.00971985,,,,
,15580842.835,300.0097656,-30082.798828125,-7.67308794279483,0.00108913449449071,1,0.999253354069792,40.0298881530762,1.98057483590126,10.7399998232722,-41.5236427854732,-7.619949639265,250,0.0141513754683231,-7.67159309619242,-0.0179495307236756,300.0095825,300.0099487,-30147.9921875,-30017.60546875,56.8939582862945,20.8302142415267,9.256284,0,0,0,40,4449,299.8897,-30082.798828125,,,,,,,,,,,,,0,,,,19.07919695,,,,,,300.0097656,,,,
,15580844.89,300.0102539,-30283.2158203125,-7.67729944498604,0.00133803578028747,1,0.999253354069792,40.0298881530762,1.98069229177292,10.7399998232722,-41.5501501008088,-7.6174877453875,250,0.0154682477709253,-7.67580916518058,-0.0166500235606611,300.0102539,300.0102539,-30288.16796875,-30278.263671875,57.5083183024099,20.831076233088,8.512546,0,0,0,40,4449,299.8848,-30283.2158203125,,,,,,,,,,,,,0,,,,19.1744862,,,,,,300.0102539,,,,
,15580845.53,300.0102234,-30348.404296875,-7.6795371035576,0.00140790780067929,1,0.999253354069792,40.0298881530762,1.98061584508924,10.7399998232722,-41.5599331658626,-7.62353662011711,250,0.0147113859899729,-7.6780432740638,-0.017415450544052,300.0101929,300.0102539,-30408.640625,-30288.16796875,57.1237570709483,20.8282409022371,9.256284,0,0,0,40,4449,299.88695,-30348.404296875,,,,,,,,,,,,,0,,,,19.1744862,,,,,,300.0102234,,,,
,15580846.61,300.0104523,-30458.572265625,-7.68129870191706,0.000883512350392108,1,0.999253354069792,40.0298881530762,1.98085519446826,10.7500003650784,-41.5748877325157,-7.62337170180409,250,0.0152338721164294,-7.67980670304116,-0.0168997366888725,300.0101929,300.0107117,-30508.50390625,-30408.640625,56.7728058658137,20.8300212715669,8.884414,0,0,0,40,4449,299.88755,-30458.572265625,,,,,,,,,,,,,0,,,,19.270751,,,,,,300.0104523,,,,
,15580847.595,300.0111847,-30553.6103515625,-7.68831254655084,0.000901812224281798,1,0.999253354069792,40.0298881530762,1.98070116015808,10.7500003650784,-41.6090915154554,-7.63299717402653,250,0.014647990557819,-7.68681649504289,-0.0175145619384146,300.0107117,300.0116577,-30598.716796875,-30508.50390625,56.9517987967176,20.8319249954046,8.512546,0,0,0,40,4449,299.88545,-30553.6103515625,,,,,,,,,,,,,0,,,,19.17546175,,,,,,300.0111847,,,,
,15580848.675,300.0111389,-30658.8310546875,-7.68533663465412,0.001387805668542,1,0.999253354069792,40.0298881530762,1.98067081876765,10.7399998232722,-41.5934068574493,-7.62430876111511,250,0.0156805213546496,-7.68384557593924,-0.0164691802693666,300.0106201,300.0116577,-30718.9453125,-30598.716796875,57.0260535060445,20.8314121946518,9.256284,0,0,0,40,4449,299.88555,-30658.8310546875,,,,,,,,,,,,,0,,,,19.07919695,,,,,,300.0111389,,,,
,15580849.735,300.0112152,-30769.021484375,-7.69036191190513,0.000852991568090967,1,0.999253354069792,40.0298881530762,1.98068730781739,10.7399998232722,-41.6206314516795,-7.63103098416557,250,0.0153806481962605,-7.68886861060743,-0.0167894725348479,300.0106201,300.0118103,-30819.09765625,-30718.9453125,56.8353361473522,20.8249364258216,8.512546,0,0,0,40,4449,299.88485,-30769.021484375,,,,,,,,,,,,,0,,,,19.07919695,,,,,,300.0112152,,,,
,15580850.74,300.01167295,-30874.263671875,-7.68932393647862,0.00114869476712104,1,0.999253354069792,40.0298881530762,1.98069273507127,10.7399998232722,-41.6152647579765,-7.6292654423343,250,0.0155178526819334,-7.6878313309437,-0.0166475176620913,300.0115356,300.0118103,-30929.4296875,-30819.09765625,57.7295191733523,20.8264354937256,8.512546,0,0,0,40,4449,299.88355,-30874.263671875,,,,,,,,,,,,,0,,,,18.9839077,,,,,,300.01167295,,,,
,15580851.88,300.011795,-30989.5537109375,-7.69681972969126,0.000662653983557487,1,0.999253354069792,40.0298881530762,1.98077268779767,10.7399998232722,-41.6568173528535,-7.64053825118381,250,0.0148790265746536,-7.69532295514621,-0.0173169775613803,300.0115356,300.0120544,-31049.677734375,-30929.4296875,56.9854088230445,20.8277435150379,9.256284,0,0,0,40,4449,299.883,-30989.5537109375,,,,,,,,,,,,,0,,,,18.9839077,,,,,,300.011795,,,,
,15580853.005,300.01159665,-31099.794921875,-7.69619484395925,0.000880863967054134,1,0.999253354069792,40.0298881530762,1.98082691756036,10.7500003650784,-41.654607297935,-7.6398037952456,250,0.0149359312375967,-7.69469855792581,-0.017256758035516,300.0111389,300.0120544,-31149.912109375,-31049.677734375,56.2741268705444,20.8298399394261,8.512546,0,0,0,40,4449,299.88365,-31099.794921875,,,,,,,,,,,,,0,,,,19.07919695,,,,,,300.01159665,,,,
,15580854.17,300.0115051,-31214.9970703125,-7.69748936830091,0.00117745559157532,1,0.999253354069792,40.0298881530762,1.98085556146144,10.7500003650784,-41.6633494011382,-7.6350076640844,250,0.0160815649695574,-7.69599771100962,-0.0161159973537745,300.0111389,300.0118713,-31280.08203125,-31149.912109375,56.2749084990636,20.8314357486687,8.512546,0,0,0,40,4449,299.88455,-31214.9970703125,,,,,,,,,,,,,0,,,,19.07919695,,,,,,300.0115051,,,,
,15580855.5,300.0122833,-31350.2216796875,-7.69656025067343,0.00149412870074896,1,0.999253354069792,40.0298881530762,1.98062647113995,10.7399998232722,-41.652017107324,-7.64187155024166,250,0.0144807715334542,-7.6950619150801,-0.017712058502842,300.0118713,300.0126953,-31420.361328125,-31280.08203125,57.2886806885061,20.8360789728013,8.512546,0,0,0,40,4449,299.88255,-31350.2216796875,,,,,,,,,,,,,0,,,,19.07919695,,,,,,300.0122833,,,,
,15580856.625,300.0126953,-31460.4287109375,-7.69662861821979,0.00138125054521548,1,0.999253354069792,40.0298881530762,1.9805678876024,10.7500003650784,-41.6503825332042,-7.64604675919994,250,0.0136805161271036,-7.69512683973137,-0.0185120713620669,300.0126953,300.0126953,-31500.49609375,-31420.361328125,56.6328943608714,20.8297925997614,8.512546,0,0,0,40,4449,299.88045,-31460.4287109375,,,,,,,,,,,,,0,,,,19.1744862,,,,,,300.0126953,,,,
,15580857.54,300.01293945,-31550.587890625,-7.69871868176338,0.00137137205651955,1,0.999253354069792,40.0298881530762,1.98051156641342,10.7399998232722,-41.6604728586661,-7.64825810515872,250,0.0136196047518621,-7.69721619845396,-0.0185812638269584,300.0126953,300.0131836,-31600.6796875,-31500.49609375,56.0943523111213,20.8294863492669,9.256284,0,0,0,40,4449,299.8799,-31550.587890625,,,,,,,,,,,,,0,,,,19.270751,,,,,,300.01293945,,,,
,15580858.605,300.0131378,-31660.8251953125,-7.70271280044704,0.0010530740667914,1,0.999253354069792,40.0298881530762,1.98063553582976,10.7399998232722,-41.6871134006263,-7.6393061793486,250,0.0161005939149407,-7.70121988674398,-0.01611686095449,300.013092,300.0131836,-31720.970703125,-31600.6796875,57.1331366131791,20.8322691400946,8.884414,0,0,0,40,4449,299.8798,-31660.8251953125,,,,,,,,,,,,,0,,,,19.17546175,,,,,,300.0131378,,,,
,15580859.595,300.013092,-31761.0458984375,-7.70113035722287,0.00115933972588822,1,0.999253354069792,40.0298881530762,1.98067392008386,10.7399998232722,-41.6777223659655,-7.64659115074815,250,0.0144868709143602,-7.6996310702389,-0.0177231959823727,300.013092,300.013092,-31801.12109375,-31720.970703125,56.6055373626983,20.8297085238475,9.256284,0,0,0,40,4449,299.87875,-31761.0458984375,,,,,,,,,,,,,0,,,,19.07919695,,,,,,300.013092,,,,
,15580860.555,300.0132141,-31856.2607421875,-7.70520980868105,0.00113985325876565,1,0.999253354069792,40.0298881530762,1.98061076353531,10.7399998232722,-41.6983112293657,-7.65143813953309,250,0.0143029975187017,-7.7037089245246,-0.0179237476772382,300.013092,300.0133362,-31911.400390625,-31801.12109375,57.0166739638137,20.8292413774888,8.884414,0,0,0,40,4449,299.87715,-31856.2607421875,,,,,,,,,,,,,0,,,,19.07919695,,,,,,300.0132141,,,,
,15580861.58,300.0132904,-31956.4912109375,-7.70725950508124,0.00116710625831622,1,0.999253354069792,40.0298881530762,1.98061191315731,10.7500003650784,-41.7085693036651,-7.65810559014847,250,0.0134508288440611,-7.70575467271346,-0.0187837638766734,300.0132446,300.0133362,-32001.58203125,-31911.400390625,56.7900016932368,20.8266810329202,9.256284,0,0,0,40,4449,299.87695,-31956.4912109375,,,,,,,,,,,,,0,,,,19.17546175,,,,,,300.0132904,,,,
,15580862.5,300.0136261,-32046.607421875,-7.70739633099492,0.00131860802859183,1,0.999253354069792,40.0298881530762,1.98048430670788,10.7399998232722,-41.7073183270639,-7.65436299422797,250,0.014078588250068,-7.70589404776439,-0.0181562097189818,300.0132446,300.0140076,-32091.6328125,-32001.58203125,56.4789135425829,20.8283639298322,8.512546,0,0,0,40,4449,299.87675,-32046.607421875,,,,,,,,,,,,,0,,,,19.3670158,,,,,,300.0136261,,,,
,15580863.52,300.01361085,-32151.6513671875,-7.71090864920603,0.00104526861929405,1,0.999253354069792,40.0298881530762,1.98063127559438,10.7399998232722,-41.7291448273933,-7.65948622429416,250,0.0138845270344366,-7.70940491453772,-0.0183642127434181,300.0132141,300.0140076,-32211.669921875,-32091.6328125,56.8533136032945,20.8315282842601,8.884414,0,0,0,40,4449,299.87755,-32151.6513671875,,,,,,,,,,,,,0,,,,19.3670158,,,,,,300.01361085,,,,
,15580864.59,300.0128174,-32261.7998046875,-7.70933959353332,0.0011546795214956,1,0.999253354069792,40.0298881530762,1.98070706673348,10.7399998232722,-41.7237911602111,-7.64969786830095,250,0.0154552465019321,-7.70784302013119,-0.0167867287926484,300.0124207,300.0132141,-32311.9296875,-32211.669921875,56.5734905934098,20.8313655839848,9.256284,0,0,0,40,4449,299.87665,-32261.7998046875,,,,,,,,,,,,,0,,,,19.3670158,,,,,,300.0128174,,,,
,15580865.59,300.0126038,-32362.0771484375,-7.71170130116681,0.0012738065044024,1,0.999253354069792,40.0298881530762,1.9807910114736,10.7399998232722,-41.7364473724502,-7.66234310367443,250,0.0136138923848375,-7.71019665487829,-0.0186371149146643,300.0124207,300.0127869,-32412.224609375,-32311.9296875,56.8908317722176,20.8308143195662,9.256284,0,0,0,40,4449,299.8758,-32362.0771484375,,,,,,,,,,,,,0,,,,19.17546175,,,,,,300.0126038,,,,
,15580866.685,300.01332095,-32467.349609375,-7.71287322975204,0.00121947056371012,1,0.999253354069792,40.0298881530762,1.9806597984592,10.7500003650784,-41.7421210286745,-7.65206997210172,250,0.0156378568725788,-7.71137667383553,-0.0166177443189878,300.0127869,300.013855,-32522.474609375,-32412.224609375,56.902556200006,20.8327658344216,9.256284,0,0,0,40,4449,299.87665,-32467.349609375,,,,,,,,,,,,,0,,,,18.9839077,,,,,,300.01332095,,,,
,15580867.82,300.0135193,-32577.5595703125,-7.71214078983978,0.00118124592771133,1,0.999253354069792,40.0298881530762,1.98061335130776,10.7399998232722,-41.7369067812308,-7.65276232903134,250,0.015341212230198,-7.71064313322931,-0.0169107616971197,300.0131836,300.013855,-32632.64453125,-32522.474609375,56.9908802226791,20.8343545288489,9.256284,0,0,0,40,4449,299.8756,-32577.5595703125,,,,,,,,,,,,,0,,,,19.07919695,,,,,,300.0135193,,,,
,15580868.93,300.01293945,-32692.712890625,-7.71704005202094,0.00120555158311339,1,0.999253354069792,40.0298881530762,1.98038965442788,10.7399998232722,-41.7570944594106,-7.6660936593285,250,0.0136287351569088,-7.71553445626653,-0.0186428643772579,300.0126953,300.0131836,-32752.78125,-32632.64453125,56.7939098358329,20.8267138285631,8.512546,0,0,0,40,4449,299.8744,-32692.712890625,,,,,,,,,,,,,0,,,,19.1744862,,,,,,300.01293945,,,,
,15580870.135,300.013031,-32812.9375,-7.7165833825605,0.00114861321671435,1,0.999253354069792,40.0298881530762,1.9806374317548,10.7399998232722,-41.75974292555,-7.66644679433988,250,0.0136510549764212,-7.71507800976708,-0.018617974574338,300.0126953,300.0133667,-32873.09375,-32752.78125,56.7946914643522,20.8298629043711,9.256284,0,0,0,40,4449,299.87415,-32812.9375,,,,,,,,,,,,,0,,,,19.07919695,,,,,,300.013031,,,,
,15580871.23,300.0133667,-32923.4765625,-7.71828066965933,0.00127347798972748,1,0.999253354069792,40.0298881530762,1.98059157178599,10.7399998232722,-41.7675142318328,-7.6704963816393,250,0.0131846740107922,-7.71677295526155,-0.0190908564136879,300.0133667,300.0133667,-32973.859375,-32873.09375,57.0838940164676,20.8259197448011,9.256284,0,0,0,40,4449,299.87305,-32923.4765625,,,,,,,,,,,,,0,,,,19.17546175,,,,,,300.0133667,,,,
,15580872.235,300.01356505,-33029.013671875,-7.71907264728271,0.00124253437928181,1,0.999253354069792,40.0298881530762,1.98059157178599,10.7399998232722,-41.7716287007761,-7.67220755334622,250,0.013014550996677,-7.71756406723052,-0.0192635995352952,300.0133667,300.0137634,-33084.16796875,-32973.859375,57.3199458292753,20.8259197448011,9.256284,0,0,0,40,4449,299.8734,-33029.013671875,,,,,,,,,,,,,0,,,,19.17546175,,,,,,300.01356505,,,,
,15580873.335,300.01315305,-33139.375,-7.71920664490959,0.00086343827578713,1,0.999253354069792,40.0298881530762,1.98067986820614,10.7399998232722,-41.7750686824771,-7.66783371352609,250,0.0139089520608774,-7.71770195256862,-0.0183693309748597,300.0125427,300.0137634,-33194.58203125,-33084.16796875,57.2675767184868,20.8296080103297,9.256284,0,0,0,40,4449,299.87315,-33139.375,,,,,,,,,,,,,0,,,,18.9839077,,,,,,300.01315305,,,,
,15580874.485,300.01289365,-33254.662109375,-7.72315627959847,0.00113549343221287,1,0.999253354069792,40.0298881530762,1.98059871179858,10.7500003650784,-41.7954678416864,-7.66770681950449,250,0.014607639056835,-7.7216538265478,-0.017686838881038,300.0125427,300.0132446,-33314.7421875,-33194.58203125,56.5093970548329,20.8337943339367,9.256284,0,0,0,40,4449,299.8715,-33254.662109375,,,,,,,,,,,,,0,,,,18.9839077,,,,,,300.01289365,,,,
,15580875.64,300.0131683,-33369.93359375,-7.72542686837183,0.00141427323241021,1,0.999253354069792,40.0298881530762,1.9807407928766,10.7500003650784,-41.8103391552117,-7.67234048403554,250,0.0142705395017918,-7.72392254313529,-0.0180325722768204,300.013092,300.0132446,-33425.125,-33314.7421875,57.0315249056791,20.8310884676227,8.512546,0,0,0,40,4449,299.87245,-33369.93359375,,,,,,,,,,,,,0,,,,19.17546175,,,,,,300.0131683,,,,
,15580876.79,300.0135803,-33480.205078125,-7.72332282044273,0.00109102400004232,1,0.999253354069792,40.0298881530762,1.98053138791628,10.7399998232722,-41.795703662795,-7.66373121917652,250,0.0153249901455963,-7.72182327343473,-0.0169688958284586,300.013092,300.0140686,-33535.28515625,-33425.125,57.2011382943522,20.827928790272,8.884414,0,0,0,40,4449,299.87245,-33480.205078125,,,,,,,,,,,,,0,,,,19.17546175,,,,,,300.0135803,,,,
,15580877.94,300.0139618,-33595.361328125,-7.72804417667215,0.00115137385901165,1,0.999253354069792,40.0298881530762,1.98082549834235,10.7399998232722,-41.828395401405,-7.66367833241962,250,0.0164147654733301,-7.72654817415735,-0.0158985236699885,300.013855,300.0140686,-33655.4375,-33535.28515625,56.8892685151791,20.8300326434374,8.512546,0,0,0,40,4449,299.87155,-33595.361328125,,,,,,,,,,,,,0,,,,18.9839077,,,,,,300.0139618,,,,
,15580879.01,300.01287845,-33705.537109375,-7.72889584834142,0.00125563652083574,1,0.999253354069792,40.0298881530762,1.98073494543326,10.7500003650784,-41.8290369044601,-7.67553358686642,250,0.0143178575677951,-7.72739125626912,-0.0179981353020682,300.0119019,300.013855,-33755.63671875,-33655.4375,56.2233210167944,20.8315844954247,9.256284,0,0,0,40,4449,299.8699,-33705.537109375,,,,,,,,,,,,,0,,,,18.9839077,,,,,,300.01287845,,,,
,15580880.09,300.0126801,-33810.69921875,-7.73293590754275,0.0011013338511637,1,0.999253354069792,40.0298881530762,1.98055137613001,10.7399998232722,-41.8487379354661,-7.67012217985309,250,0.0159383815743449,-7.73143738994324,-0.0163941906639964,300.0119019,300.0134583,-33865.76171875,-33755.63671875,56.7954730928714,20.8292935657643,9.256284,0,0,0,40,4449,299.8701,-33810.69921875,,,,,,,,,,,,,0,,,,18.9839077,,,,,,300.0126801,,,,
,15580881.15,300.0131989,-33915.87109375,-7.73133115316578,0.00142505195934453,1,0.999253354069792,40.0298881530762,1.98056372140371,10.7500003650784,-41.8380176082506,-7.6809264956522,250,0.0136514477424498,-7.72982332674749,-0.0186731600563164,300.0129395,300.0134583,-33965.98046875,-33865.76171875,56.7563916669098,20.8351389017771,8.884414,0,0,0,40,4449,299.8715,-33915.87109375,,,,,,,,,,,,,0,,,,18.9839077,,,,,,300.0131989,,,,
,15580882.125,300.01354985,-34015.970703125,-7.73145866316022,0.0014382849546046,1,0.999253354069792,40.0298881530762,1.9805111359082,10.7399998232722,-41.8384510096762,-7.67639282961162,250,0.0144759504738715,-7.72995419954028,-0.0178489179831262,300.0129395,300.0141602,-34065.9609375,-33965.98046875,56.6414922745829,20.829540900703,9.256284,0,0,0,40,4449,299.87035,-34015.970703125,,,,,,,,,,,,,0,,,,19.17546175,,,,,,300.01354985,,,,
,15580883.17,300.01446535,-34121.138671875,-7.7325296918824,0.00113424887562831,1,0.999253354069792,40.0298881530762,1.98061167397968,10.7399998232722,-41.8455573783758,-7.68193590394264,250,0.0137195981965269,-7.73102163854776,-0.0186090677879917,300.0141602,300.0147705,-34176.31640625,-34065.9609375,56.1060767389098,20.8319580448727,8.512546,0,0,0,40,4449,299.86965,-34121.138671875,,,,,,,,,,,,,0,,,,19.270751,,,,,,300.01446535,,,,
,15580884.215,300.01367185,-34226.390625,-7.73605613294608,0.00105118453992171,1,0.999253354069792,40.0298881530762,1.98046273653126,10.7399998232722,-41.8611909327082,-7.68693199030229,250,0.0133450137024014,-7.73454609669975,-0.0189975759906126,300.0125732,300.0147705,-34276.46484375,-34176.31640625,56.7407590965252,20.8252490707644,8.512546,0,0,0,40,4449,299.87065,-34226.390625,,,,,,,,,,,,,0,,,,19.07919695,,,,,,300.01367185,,,,
,15580885.28,300.0129089,-34331.564453125,-7.73611092208516,0.00146291882903093,1,0.999253354069792,40.0298881530762,1.98076390415487,10.7399998232722,-41.8682212481158,-7.68530425430201,250,0.0138662185355141,-7.73460332850041,-0.0184761027334704,300.0125732,300.0132446,-34386.6640625,-34276.46484375,56.5031440266791,20.8319630731734,8.512546,0,0,0,40,4449,299.87055,-34331.564453125,,,,,,,,,,,,,0,,,,18.9839077,,,,,,300.0129089,,,,
,15580886.46,300.01385495,-34446.796875,-7.73493588172475,0.00135977156253187,1,0.999253354069792,40.0298881530762,1.98061567909877,10.7399998232722,-41.8593549622228,-7.68061089044777,250,0.0144116624247417,-7.73343058538332,-0.0179253398849539,300.0132446,300.0144653,-34506.9296875,-34386.6640625,56.6751023009098,20.8348805265287,8.512546,0,0,0,40,4449,299.8693,-34446.796875,,,,,,,,,,,,,0,,,,18.9839077,,,,,,300.01385495,,,,
,15580887.555,300.01390075,-34557.013671875,-7.7394449801073,0.00107177567280624,1,0.999253354069792,40.0298881530762,1.98067950040856,10.7399998232722,-41.8838133398603,-7.69212668683434,250,0.0131631542924769,-7.73793359383167,-0.0191918676163117,300.0133362,300.0144653,-34607.09765625,-34506.9296875,57.3074397729676,20.8270293963573,8.884414,0,0,0,40,4449,299.86875,-34557.013671875,,,,,,,,,,,,,0,,,,18.9839077,,,,,,300.01390075,,,,
,15580888.595,300.01313785,-34662.193359375,-7.73865791169371,0.00154541181032858,1,0.999253354069792,40.0298881530762,1.98053021425833,10.7399998232722,-41.8763933952731,-7.69122809101414,250,0.0130783257964749,-7.73714659740702,-0.0192728671513716,300.0129395,300.0133362,-34717.2890625,-34607.09765625,57.0018230219483,20.8348897335807,9.256284,0,0,0,40,4449,299.868,-34662.193359375,,,,,,,,,,,,,0,,,,18.9839077,,,,,,300.01313785,,,,
,15580889.74,300.0130005,-34777.396484375,-7.74109200619499,0.00135880064667228,1,0.999253354069792,40.0298881530762,1.98054521602916,10.7500003650784,-41.8910840711581,-7.68718402364468,250,0.0142869515712591,-7.73958536407938,-0.0180738885193619,300.0129395,300.0130615,-34837.50390625,-34717.2890625,56.9369478548522,20.8264003353189,9.256284,0,0,0,40,4449,299.86875,-34777.396484375,,,,,,,,,,,,,0,,,,19.07919695,,,,,,300.0130005,,,,
,15580890.93,300.01309205,-34897.576171875,-7.74222502857274,0.00103612551477432,1,0.999253354069792,40.0298881530762,1.98073579922428,10.7399998232722,-41.9004653325403,-7.69271282632205,250,0.0136077044062018,-7.74071536440837,-0.0187569702380989,300.0130615,300.0131226,-34957.6484375,-34837.50390625,56.6196066760444,20.8312227522116,8.512546,0,0,0,40,4449,299.8692,-34897.576171875,,,,,,,,,,,,,0,,,,19.270751,,,,,,300.01309205,,,,
,15580892.035,300.0134125,-35007.81640625,-7.74544815128033,0.00117666440198002,1,0.999253354069792,40.0298881530762,1.98058854836876,10.7399998232722,-41.9157686138517,-7.69050496969907,250,0.0145098569366494,-7.74394155789576,-0.0178680141638454,300.0131226,300.0137024,-35057.984375,-34957.6484375,56.8548768603329,20.8329247283155,8.512546,0,0,0,40,4449,299.8677,-35007.81640625,,,,,,,,,,,,,0,,,,19.3670158,,,,,,300.0134125,,,,
,15580893.11,300.01460265,-35113.109375,-7.74715635062229,0.000980094318034474,1,0.999253354069792,40.0298881530762,1.98078469837613,10.7399998232722,-41.92969279671,-7.68953689701384,250,0.0151420748124591,-7.74565177977906,-0.0172423731466822,300.0137024,300.0155029,-35168.234375,-35057.984375,56.5312826533714,20.8327875335654,9.256284,0,0,0,40,4449,299.86825,-35113.109375,,,,,,,,,,,,,0,,,,19.17546175,,,,,,300.01460265,,,,
,15580894.11,300.01501465,-35213.37109375,-7.746181754215,0.00127211522428071,1,0.999253354069792,40.0298881530762,1.9806568508507,10.7399998232722,-41.9210668721677,-7.6919230058891,250,0.014430181614541,-7.74467434834388,-0.0179494065401241,300.0145264,300.0155029,-35258.5078125,-35168.234375,56.8564401173714,20.8338701328809,8.512546,0,0,0,40,4449,299.86865,-35213.37109375,,,,,,,,,,,,,0,,,,19.17546175,,,,,,300.01501465,,,,
,15580895.915,300.013916,-35398.69921875,-7.74726818265369,0.00136238022135145,1,0.999253354069792,40.0298881530762,1.98058660329445,10.7399998232722,-41.9241014956246,-7.70026948664038,250,0.0130386078851146,-7.74575515404937,-0.0193441914748101,300.013916,300.013916,-35408.6484375,-35388.75,56.8478422036599,20.8277048654264,9.256284,0,0,0,40,4449,299.8683,-35398.69921875,,,,,,,,,,,,,0,,,,19.17546175,,,,,,300.013916,,,,
,15580896.54,300.0131378,-35463.78125,-7.75048255092708,0.00101739241830547,1,0.999253354069792,40.0298881530762,1.9807917623435,10.7399998232722,-41.9473345434879,-7.69561477895802,250,0.0146384422115564,-7.74897581192195,-0.0177577888549964,300.0123596,300.013916,-35518.9140625,-35408.6484375,56.7814037795252,20.8337704926334,8.884414,0,0,0,40,4449,299.86785,-35463.78125,,,,,,,,,,,,,0,,,,19.3670158,,,,,,300.0131378,,,,
,15580897.62,300.01304625,-35568.927734375,-7.74771511774157,0.00118035752464695,1,0.999253354069792,40.0298881530762,1.98065443943524,10.7399998232722,-41.9291672577107,-7.69425757605328,250,0.0142795168238584,-7.74620751269694,-0.0181045685346283,300.0123596,300.0137329,-35618.94140625,-35518.9140625,56.6946430138906,20.8298177698935,9.256284,0,0,0,40,4449,299.86695,-35568.927734375,,,,,,,,,,,,,0,,,,19.3670158,,,,,,300.01304625,,,,
,15580898.65,300.01390075,-35674.0234375,-7.74797834848869,0.00133923986568099,1,0.999253354069792,40.0298881530762,1.9805843155108,10.7399998232722,-41.9309291444223,-7.68461882909064,250,0.0160602800872971,-7.74647794759011,-0.0163246439868881,300.0137329,300.0140686,-35729.10546875,-35618.94140625,56.6000659630637,20.8320986866112,8.512546,0,0,0,40,4449,299.86695,-35674.0234375,,,,,,,,,,,,,0,,,,19.3670158,,,,,,300.01390075,,,,
,15580899.71,300.01394655,-35779.2265625,-7.74861100705425,0.0012314062795682,1,0.999253354069792,40.0298881530762,1.98061754715891,10.7399998232722,-41.9323966119257,-7.69962665459261,250,0.0134259362057789,-7.74709952579605,-0.0189603560057819,300.0138245,300.0140686,-35829.34765625,-35729.10546875,57.1995750373137,20.8254217677291,8.512546,0,0,0,40,4449,299.8679,-35779.2265625,,,,,,,,,,,,,0,,,,19.270751,,,,,,300.01394655,,,,
,15580900.765,300.0139008,-35884.4765625,-7.75368345637944,0.00135232219548663,1,0.999253354069792,40.0298881530762,1.98073484102362,10.7399998232722,-41.9641645923065,-7.69489841843005,250,0.0153217678451746,-7.75217896419379,-0.0170852739250434,300.0138245,300.0139771,-35939.60546875,-35829.34765625,56.2209761312367,20.8338842167533,8.884414,0,0,0,40,4449,299.86955,-35884.4765625,,,,,,,,,,,,,0,,,,19.07919695,,,,,,300.0139008,,,,
,15580902.36,300.0135956,-36044.900390625,-7.75368192671019,0.00130871307239326,1,0.999253354069792,40.0298881530762,1.98064723195112,10.7500003650784,-41.9617885113109,-7.69757637108542,250,0.0147642850231908,-7.75217527397494,-0.0176417763087531,300.0132141,300.0139771,-36150.1953125,-35939.60546875,56.8540952318137,20.827989575396,9.256284,0,0,0,40,4449,299.86885,-36044.900390625,,,,,,,,,,,,,0,,,,19.17546175,,,,,,300.0135956,,,,
,15580903.945,300.01437375,-36200.474609375,-7.75709047979941,0.00098302292559046,1,0.999253354069792,40.0298881530762,1.98070583453402,10.7500003650784,-41.9822850362245,-7.69665554577866,250,0.0156068368797456,-7.75558649951523,-0.0168129705353723,300.0132141,300.0155334,-36250.75390625,-36150.1953125,57.3465211989291,20.8334729761722,8.512546,0,0,0,40,4449,299.86685,-36200.474609375,,,,,,,,,,,,,0,,,,19.17546175,,,,,,300.01437375,,,,
,15580905.04,300.0142059,-36310.978515625,-7.75592171571033,0.00115607571139829,1,0.999253354069792,40.0298881530762,1.98070938900682,10.7500003650784,-41.9754042427295,-7.69890408099941,250,0.0149762895893495,-7.75441545485998,-0.0174377674784365,300.0128784,300.0155334,-36371.203125,-36250.75390625,57.2066096939868,20.8299712127475,9.256284,0,0,0,40,4449,299.8675,-36310.978515625,,,,,,,,,,,,,0,,,,18.9839077,,,,,,300.0142059,,,,
,15580906.3,300.01405335,-36441.423828125,-7.7573971841286,0.000891961105375942,1,0.999253354069792,40.0298881530762,1.98085000033768,10.7399998232722,-41.9860793679875,-7.70207648782231,250,0.0147613055242783,-7.75588984175616,-0.017658118108397,300.0128784,300.0152283,-36511.64453125,-36371.203125,56.4382688595829,20.8263873905522,9.256284,0,0,0,40,4449,299.86735,-36441.423828125,,,,,,,,,,,,,0,,,,19.17546175,,,,,,300.01405335,,,,
,15580907.33,300.0152283,-36546.666015625,-7.75597153287114,0.00133879741243119,1,0.999253354069792,40.0298881530762,1.98085000033768,10.7500003650784,-41.9801486089967,-7.69102222476784,250,0.0165397040499919,-7.75447160596653,-0.0158737883216388,300.0152283,300.0152283,-36581.6875,-36511.64453125,56.6391473890252,20.8263873905522,9.256284,0,0,0,40,4449,299.86505,-36546.666015625,,,,,,,,,,,,,0,,,,19.17546175,,,,,,300.0152283,,,,
,15580908.26,300.015564,-36636.84375,-7.75782558191203,0.00112437651989987,1,0.999253354069792,40.0298881530762,1.98070394648082,10.7500003650784,-41.9860913914252,-7.69809183382741,250,0.0154738705275767,-7.75632078756154,-0.0169465472304227,300.0152283,300.0158997,-36692,-36581.6875,57.1769078102561,20.8253676387747,9.256284,0,0,0,40,4449,299.8656,-36636.84375,,,,,,,,,,,,,0,,,,19.17546175,,,,,,300.015564,,,,
,15580909.37,300.0153046,-36747.1328125,-7.76069629803588,0.00130492968773106,1,0.999253354069792,40.0298881530762,1.98072926886414,10.7399998232722,-42.0007211856318,-7.70875655962322,250,0.0140518035662831,-7.7591851364808,-0.0183794621581698,300.0147095,300.0158997,-36802.265625,-36692,56.9314764552176,20.8290680318886,8.512546,0,0,0,40,4449,299.8672,-36747.1328125,,,,,,,,,,,,,0,,,,19.3670158,,,,,,300.0153046,,,,
,15580910.33,300.0147095,-36842.326171875,-7.76265916320254,0.001244697293251,1,0.999253354069792,40.0298881530762,1.98072926886414,10.7500003650784,-42.0105520953335,-7.71498487308687,250,0.0132640263027185,-7.76114453337917,-0.0191747535114879,300.0147095,300.0147095,-36882.38671875,-36802.265625,55.8887840105636,20.8290680318886,8.884414,0,0,0,40,4449,299.8669,-36842.326171875,,,,,,,,,,,,,0,,,,19.17546175,,,,,,300.0147095,,,,
,15580911.345,300.0153046,-36942.529296875,-7.76145886508046,0.0010477758667313,1,0.999253354069792,40.0298881530762,1.98066052340868,10.7399998232722,-42.0027847945511,-7.71271566254627,250,0.0134120330113455,-7.75994498296025,-0.019021163750983,300.0147095,300.0158997,-37002.671875,-36882.38671875,56.9369478548522,20.8288062795479,8.884414,0,0,0,40,4449,299.8669,-36942.529296875,,,,,,,,,,,,,0,,,,18.9839077,,,,,,300.0153046,,,,
,15580912.54,300.0157776,-37062.71484375,-7.76638649312409,0.00110917777726866,1,0.999253354069792,40.0298881530762,1.98071541877374,10.7399998232722,-42.0332782344745,-7.70330861201098,250,0.0161022560070504,-7.7648827882033,-0.0163513507476279,300.0156555,300.0158997,-37122.7578125,-37002.671875,56.7008960420445,20.827355436513,9.256284,0,0,0,40,4449,299.86695,-37062.71484375,,,,,,,,,,,,,0,,,,18.9839077,,,,,,300.0157776,,,,
,15580913.655,300.01501465,-37172.837890625,-7.76575290442837,0.00100581217879097,1,0.999253354069792,40.0298881530762,1.98067615701883,10.7399998232722,-42.0280734158862,-7.70773384187839,250,0.015138783557694,-7.76424557244143,-0.0173114323504193,300.0143738,300.0156555,-37222.91796875,-37122.7578125,56.9572701963522,20.8298204185793,8.512546,0,0,0,40,4449,299.8661,-37172.837890625,,,,,,,,,,,,,0,,,,19.17546175,,,,,,300.01501465,,,,
,15580914.765,300.01416015,-37283.076171875,-7.76790260504618,0.00113898773413366,1,0.999253354069792,40.0298881530762,1.98051085302753,10.7500003650784,-42.0373861035364,-7.70331253207034,250,0.0162380775944392,-7.76639973902504,-0.0162206781004533,300.0139465,300.0143738,-37343.234375,-37222.91796875,56.7548284098714,20.8352504923769,8.884414,0,0,0,40,4449,299.86615,-37283.076171875,,,,,,,,,,,,,0,,,,19.3670158,,,,,,300.01416015,,,,
,15580916.015,300.01448055,-37413.3359375,-7.76627863604145,0.00110546873447129,1,0.999253354069792,40.0298881530762,1.98074773658985,10.7500003650784,-42.0328272420124,-7.70623209646297,250,0.0155628617717953,-7.76477323997323,-0.0168883972569641,300.0139465,300.0150146,-37483.4375,-37343.234375,56.9854088230445,20.8311024364849,9.256284,0,0,0,40,4449,299.86455,-37413.3359375,,,,,,,,,,,,,0,,,,19.17546175,,,,,,300.01448055,,,,
,15580917.125,300.0144348,-37528.513671875,-7.77107358479028,0.000664847773285442,1,0.999253354069792,40.0298881530762,1.9808200634665,10.7500003650784,-42.0591939073448,-7.71710583490641,250,0.0144921524104106,-7.7695628253424,-0.0179782218015667,300.013855,300.0150146,-37573.58984375,-37483.4375,56.7563916669098,20.8325089643241,8.512546,0,0,0,40,4449,299.86465,-37528.513671875,,,,,,,,,,,,,0,,,,19.07919695,,,,,,300.0144348,,,,
,15580918.19,300.0146637,-37633.701171875,-7.7679732420382,0.00122353243079089,1,0.999253354069792,40.0298881530762,1.98070246711577,10.7399998232722,-42.0409894894769,-7.70813316915017,250,0.0154925246918208,-7.76646728976926,-0.0169643988152115,300.013855,300.0154724,-37693.8125,-37573.58984375,56.3788650921214,20.8285236301585,8.512546,0,0,0,40,4449,299.8652,-37633.701171875,,,,,,,,,,,,,0,,,,19.1744862,,,,,,300.0146637,,,,
,15580919.385,300.0157776,-37748.943359375,-7.76766254335682,0.00128924910303944,1,0.999253354069792,40.0298881530762,1.98061520004743,10.7399998232722,-42.0353699745951,-7.71898067903271,250,0.0133681395993126,-7.76614749361413,-0.0190866966288599,300.0154724,300.0160828,-37804.07421875,-37693.8125,56.3999690621406,20.8298308626804,9.256284,0,0,0,40,4449,299.8626,-37748.943359375,,,,,,,,,,,,,0,,,,19.07919695,,,,,,300.0157776,,,,
,15580920.405,300.016449,-37849.123046875,-7.76990114035484,0.00119047179596946,1,0.999253354069792,40.0298881530762,1.98074040516165,10.7399998232722,-42.0492685842121,-7.72603661546824,250,0.0125663870083026,-7.76838214946826,-0.0198970769474674,300.0160828,300.0168152,-37894.171875,-37804.07421875,56.790783321756,20.8322807492978,9.256284,0,0,0,40,4449,299.8623,-37849.123046875,,,,,,,,,,,,,0,,,,19.07919695,,,,,,300.016449,,,,
,15580921.39,300.0162964,-37949.2109375,-7.77483889670665,0.000815692992370309,1,0.999253354069792,40.0298881530762,1.98096818488991,10.7399998232722,-42.0822827354609,-7.72333555389549,250,0.0141405317504679,-7.77332559761739,-0.0183431387644262,300.0157776,300.0168152,-38004.25,-37894.171875,57.4676736194099,20.8307957979069,8.512546,0,0,0,40,4449,299.8634,-37949.2109375,,,,,,,,,,,,,0,,,,19.270751,,,,,,300.0162964,,,,
,15580922.47,300.01582335,-38059.400390625,-7.77486444062755,0.00116373907815983,1,0.999253354069792,40.0298881530762,1.98075138780521,10.7399998232722,-42.0804291967955,-7.7090601269268,250,0.0166299544086381,-7.77336182197118,-0.015852740760978,300.0157776,300.0158691,-38114.55078125,-38004.25,56.7876568076791,20.831370320479,8.512546,0,0,0,40,4449,299.87065,-38059.400390625,,,,,,,,,,,,,0,,,,19.270751,,,,,,300.01582335,,,,
,15580923.515,300.0155487,-38164.6171875,-7.77486659641956,0.000910003588503831,1,0.999253354069792,40.0298881530762,1.98073713196117,10.7399998232722,-42.0792874700026,-7.71364197437577,250,0.0157720736135896,-7.77336060695352,-0.0167090349870596,300.0152283,300.0158691,-38214.68359375,-38114.55078125,57.1941036376791,20.8352702563977,8.512546,0,0,0,40,4449,299.87685,-38164.6171875,,,,,,,,,,,,,0,,,,19.07919695,,,,,,300.0155487,,,,
,15580924.6,300.01498415,-38274.931640625,-7.77392413510338,0.00110971059577091,1,0.999253354069792,40.0298881530762,1.98050921390948,10.7399998232722,-42.0674095217206,-7.72293176959913,250,0.0137193879734196,-7.77240998621656,-0.0187567063207881,300.01474,300.0152283,-38335.1796875,-38214.68359375,57.4622022197753,20.8326726430382,9.256284,0,0,0,40,4449,299.87685,-38274.931640625,,,,,,,,,,,,,0,,,,18.9839077,,,,,,300.01498415,,,,
,15580925.65,300.01480105,-38380.19140625,-7.77210682332112,0.00139234195808785,1,0.999253354069792,40.0298881530762,1.98057407573525,10.7500003650784,-42.0615954417913,-7.7069403087976,250,0.0163834931622413,-7.77060428082562,-0.0160849349994646,300.01474,300.0148621,-38425.203125,-38335.1796875,57.0135474497368,20.8347334072641,8.512546,0,0,0,40,4449,299.8767,-38380.19140625,,,,,,,,,,,,,0,,,,18.9839077,,,,,,300.01480105,,,,
,15580926.69,300.01490785,-38480.3125,-7.77348415310624,0.00127126667417057,1,0.999253354069792,40.0298881530762,1.98062866253573,10.7399998232722,-42.0679215309266,-7.72069583371169,250,0.014134133873056,-7.77197194050704,-0.0183392264902203,300.0148621,300.0149536,-38535.421875,-38425.203125,57.7568761715253,20.8306217123839,9.256284,0,0,0,40,4449,299.87485,-38480.3125,,,,,,,,,,,,,0,,,,19.17546175,,,,,,300.01490785,,,,
,15580927.815,300.015213,-38595.56640625,-7.77722487216763,0.00106956706074745,1,0.999253354069792,40.0298881530762,1.9806363001372,10.7399998232722,-42.0898465012733,-7.71622482066994,250,0.0156590596909621,-7.7757182278891,-0.016829788802852,300.0149536,300.0154724,-38655.7109375,-38535.421875,57.2042648084291,20.8289234359821,8.512546,0,0,0,40,4449,299.8729,-38595.56640625,,,,,,,,,,,,,0,,,,19.17546175,,,,,,300.015213,,,,
,15580928.965,300.01567075,-38710.748046875,-7.78038477774515,0.000972712706995644,1,0.999253354069792,40.0298881530762,1.98053476592726,10.7500003650784,-42.1034154141205,-7.72666779601808,250,0.0142425293375105,-7.7788715069862,-0.0182585948670074,300.0154724,300.0158691,-38765.78515625,-38655.7109375,57.5137897020446,20.8319485772074,8.512546,0,0,0,40,4449,299.87245,-38710.748046875,,,,,,,,,,,,,0,,,,19.17546175,,,,,,300.01567075,,,,
,15580930.035,300.0153656,-38815.890625,-7.77911741046706,0.00102922558736694,1,0.999253354069792,40.0298881530762,1.98065572215381,10.7399998232722,-42.0993400536346,-7.72438779581047,250,0.0145137372149896,-7.7776056497305,-0.0179817950200932,300.0148621,300.0158691,-38865.99609375,-38765.78515625,56.5992843345444,20.8306135213401,9.256284,0,0,0,40,4449,299.87025,-38815.890625,,,,,,,,,,,,,0,,,,19.17546175,,,,,,300.0153656,,,,
,15580931.175,300.0152588,-38931.10546875,-7.780270592633,0.00110967151014399,1,0.999253354069792,40.0298881530762,1.98069483205048,10.7399998232722,-42.1055402535099,-7.7302766474162,250,0.0136661401047501,-7.77875512906745,-0.0188336168009568,300.0148621,300.0156555,-38996.21484375,-38865.99609375,57.5567792706022,20.826973215453,8.512546,0,0,0,40,4449,299.8681,-38931.10546875,,,,,,,,,,,,,0,,,,18.9839077,,,,,,300.0152588,,,,
,15580932.315,300.0156555,-39046.3125,-7.7816461731405,0.000919823159873838,1,0.999253354069792,40.0298881530762,1.98056411317226,10.7399998232722,-42.1115728177707,-7.724138178736,250,0.0149631694405036,-7.78013580480032,-0.0175418612179923,300.0156555,300.0156555,-39096.41015625,-38996.21484375,57.2355299491984,20.8296219807936,9.256284,0,0,0,40,4449,299.8684,-39046.3125,,,,,,,,,,,,,0,,,,18.9839077,,,,,,300.0156555,,,,
,15580933.34,300.01559445,-39151.53515625,-7.78035604543112,0.00110907491911107,1,0.999253354069792,40.0298881530762,1.98076667200348,10.7399998232722,-42.1093154396876,-7.7208030245179,250,0.0154820739826941,-7.77884819618073,-0.0170168973553925,300.0155334,300.0156555,-39206.66015625,-39096.41015625,57.566158812833,20.8354505339554,9.256284,0,0,0,40,4449,299.8695,-39151.53515625,,,,,,,,,,,,,0,,,,19.17546175,,,,,,300.01559445,,,,
,15580935.26,300.0148315,-39341.943359375,-7.78339955388829,0.00115123848699167,1,0.999253354069792,40.0298881530762,1.98071170386336,10.7399998232722,-42.122803141454,-7.73356920912914,250,0.0136477139260381,-7.78188368354313,-0.0188632131540788,300.0148315,300.0148315,-39346.8671875,-39337.01953125,56.5344091674483,20.8309326799508,9.256284,0,0,0,40,4449,299.8635,-39341.943359375,,,,,,,,,,,,,0,,,,18.9839077,,,,,,300.0148315,,,,
,15580935.9,300.014801,-39407.068359375,-7.78548119803919,0.00127687679827371,1,0.999253354069792,40.0298881530762,1.98072691713679,10.7500003650784,-42.1340907095034,-7.73728078628648,250,0.013357953511008,-7.78396374300895,-0.0191612151762393,300.0147705,300.0148315,-39467.26953125,-39346.8671875,56.4562463155252,20.8302468693904,8.512546,0,0,0,40,4449,299.8635,-39407.068359375,,,,,,,,,,,,,0,,,,19.17546175,,,,,,300.014801,,,,
,15580937.015,300.0153961,-39517.80859375,-7.78459265129832,0.00102897415695834,1,0.999253354069792,40.0298881530762,1.98078324434685,10.7500003650784,-42.1320050604602,-7.72822456216509,250,0.0149061243782801,-7.78308172917225,-0.0176090328304908,300.0147705,300.0160217,-39568.34765625,-39467.26953125,56.5899047923137,20.8308831999657,9.256284,0,0,0,40,4449,299.86305,-39517.80859375,,,,,,,,,,,,,0,,,,19.3670158,,,,,,300.0153961,,,,
,15580938.125,300.016098,-39628.55078125,-7.78587038404945,0.00125874555643221,1,0.999253354069792,40.0298881530762,1.98071918672871,10.7500003650784,-42.1372270290422,-7.73120933897124,250,0.014545628345465,-7.78435755483372,-0.0179741786244758,300.0160217,300.0161743,-39688.75390625,-39568.34765625,56.6063189912175,20.8356707379847,9.256284,0,0,0,40,4449,299.8626,-39628.55078125,,,,,,,,,,,,,0,,,,19.3670158,,,,,,300.016098,,,,
,15580939.19,300.01608275,-39733.904296875,-7.78699464620776,0.00123630743835676,1,0.999253354069792,40.0298881530762,1.98058615644997,10.7500003650784,-42.1399405393878,-7.73511229556283,250,0.0139384807221007,-7.78547910816797,-0.018585375226637,300.0159912,300.0161743,-39779.0546875,-39688.75390625,56.7227816405829,20.8294845274472,9.256284,0,0,0,40,4449,299.8617,-39733.904296875,,,,,,,,,,,,,0,,,,19.17546175,,,,,,300.01608275,,,,
,15580940.125,300.01542665,-39829.162109375,-7.7863665902483,0.00120850307806225,1,0.999253354069792,40.0298881530762,1.98067895455006,10.7399998232722,-42.1390535993494,-7.73168684945554,250,0.0145202128956983,-7.78485383176432,-0.0180007710399556,300.0148621,300.0159912,-39879.26953125,-39779.0546875,57.2738297466407,20.8304113209052,9.256284,0,0,0,40,4449,299.86005,-39829.162109375,,,,,,,,,,,,,0,,,,18.9839077,,,,,,300.01542665,,,,
,15580943.175,300.015976,-40001.140625,-7.79261223517449,0.00077446363071118,1,0.999253354069792,40.0298881530762,1.98080729282329,10.7399998232722,-42.1776730207994,-7.72676068975471,250,0.0166783462166686,-7.79110713232438,-0.0158684958481682,300.0157166,300.0162354,-40001.859375,-40000.421875,56.3241510957752,20.8286097027288,9.256284,0,0,0,40,4417,299.85705,-40001.140625,,,,,,,,,,,,,0,,,,19.07919695,,,,,,300.015976,,,,
,15580956.355,300.01480105,-39959.7578125,-7.78737042369518,0.00127197033133927,1,0.999253354069792,40.0298881530762,1.98055572666651,10.7399998232722,-42.1403593504291,-7.74068452797511,250,0.0129564624172692,-7.78585110412392,-0.0195684736089128,300.01474,300.0148621,-39963.796875,-39955.71875,56.4578095725637,20.8272384618743,9.256284,0,0,0,40,4449,299.85325,-39959.7578125,,,,,,,,,,,,,0,,,,19.3670158,,,,,,300.01480105,,,,
,15580957.035,300.01435855,-39903.728515625,-7.78786751922338,0.00134267440307332,1,0.999253354069792,40.0298881530762,1.98048467826721,10.7399998232722,-42.1430810703599,-7.73278669136124,250,0.0144588079581382,-7.78635447790381,-0.0180687458779382,300.013855,300.0148621,-39955.71875,-39851.73828125,57.342613056333,20.8331733668397,8.512546,0,0,0,40,4449,299.85405,-39903.728515625,,,,,,,,,,,,,0,,,,19.3670158,,,,,,300.01435855,,,,
,15580958.245,300.01428225,-39795.59765625,-7.78822846833258,0.00122257549387019,1,0.999253354069792,40.0298881530762,1.98073400896898,10.7399998232722,-42.1515682796029,-7.72676455314136,250,0.0158149316126006,-7.78672098413462,-0.0167149895406036,300.013855,300.0147095,-39851.73828125,-39739.45703125,57.1331366131791,20.8325799010654,8.512546,0,0,0,40,4449,299.8546,-39795.59765625,,,,,,,,,,,,,0,,,,19.17546175,,,,,,300.01428225,,,,
,15580959.37,300.0136719,-39685.76953125,-7.78869385037723,0.000946957159846924,1,0.999253354069792,40.0298881530762,1.98051549578966,10.7500003650784,-42.1501443603258,-7.72319917626372,250,0.0164072020580246,-7.78718886698913,-0.0161253530506208,300.0126343,300.0147095,-39739.45703125,-39632.08203125,56.8501870892175,20.8275446851378,8.512546,0,0,0,40,4449,299.85535,-39685.76953125,,,,,,,,,,,,,0,,,,19.07919695,,,,,,300.0136719,,,,
,15580960.43,300.01339725,-39576.966796875,-7.78434392080464,0.00143312243685176,1,0.999253354069792,40.0298881530762,1.98066840188262,10.7399998232722,-42.1289201460915,-7.7240840074209,250,0.0155453404222569,-7.78283622882287,-0.0169695771547936,300.0126343,300.0141602,-39632.08203125,-39521.8515625,56.6407106460637,20.8316454150481,9.256284,0,0,0,40,4449,299.855,-39576.966796875,,,,,,,,,,,,,0,,,,19.270751,,,,,,300.01339725,,,,
,15580961.545,300.0134888,-39466.9921875,-7.78456358078699,0.00130809654967968,1,0.999253354069792,40.0298881530762,1.98053558918866,10.7399998232722,-42.1263664682343,-7.72911777306608,250,0.0145628360945004,-7.78305164970143,-0.0179534853736983,300.0128174,300.0141602,-39521.8515625,-39412.1328125,57.1909771236022,20.8339117653325,8.512546,0,0,0,40,4449,299.85485,-39466.9921875,,,,,,,,,,,,,0,,,,19.17546175,,,,,,300.0134888,,,,
,15580962.565,300.01202395,-39367.365234375,-7.78608810146168,0.00151880929207776,1,0.999253354069792,40.0298881530762,1.98068047887678,10.7500003650784,-42.137366292548,-7.73257884572491,250,0.0143081881054929,-7.78457517834257,-0.0182148810516213,300.0112305,300.0128174,-39412.1328125,-39322.59765625,56.8767624588714,20.8310217716164,9.256284,0,0,0,40,4449,299.8562,-39367.365234375,,,,,,,,,,,,,0,,,,18.9839077,,,,,,300.01202395,,,,
,15580963.625,300.01132205,-39262.8125,-7.78369058595256,0.00104696694516427,1,0.999253354069792,40.0298881530762,1.98064581416088,10.7500003650784,-42.1246241473694,-7.7249353655816,250,0.0152528853092309,-7.78218222461327,-0.0172610958284715,300.0112305,300.0114136,-39322.59765625,-39203.02734375,57.0455942190253,20.8316542087165,9.256284,0,0,0,40,4449,299.8554,-39262.8125,,,,,,,,,,,,,0,,,,19.17546175,,,,,,300.01132205,,,,
,15580964.82,300.0114441,-39143.357421875,-7.78724716087369,0.00108754623547645,1,0.999253354069792,40.0298881530762,1.98080340538872,10.7399998232722,-42.1476078326402,-7.72655210323325,250,0.0157251568724041,-7.7857399346323,-0.0168046630639808,300.0114136,300.0114746,-39203.02734375,-39083.6875,57.1323549846599,20.825656804171,9.256284,0,0,0,40,4449,299.8541,-39143.357421875,,,,,,,,,,,,,0,,,,19.3670158,,,,,,300.0114441,,,,
,15580965.955,300.0121765,-39029.00390625,-7.78424093072724,0.00111707898829346,1,0.999253354069792,40.0298881530762,1.9807305496684,10.7399998232722,-42.1294793400665,-7.72515130401909,250,0.0153759874078759,-7.78273258851331,-0.0171417808920286,300.0114746,300.0128784,-39083.6875,-38974.3203125,56.7376325824483,20.8306975910339,8.512546,0,0,0,40,4449,299.855,-39029.00390625,,,,,,,,,,,,,0,,,,19.17546175,,,,,,300.0121765,,,,
,15580967.01,300.0124359,-38924.509765625,-7.78181089015303,0.0013820312344281,1,0.999253354069792,40.0298881530762,1.98052000126372,10.7399998232722,-42.1100520643993,-7.73223091474561,250,0.013469203250031,-7.78029494657551,-0.0190385900916039,300.0119934,300.0128784,-38974.3203125,-38874.69921875,56.4007506906598,20.8305447466188,8.512546,0,0,0,40,4449,299.85555,-38924.509765625,,,,,,,,,,,,,0,,,,18.9839077,,,,,,300.0124359,,,,
,15580968.09,300.01168825,-38820.0625,-7.77859963145663,0.00119789674271277,1,0.999253354069792,40.0298881530762,1.98055122350123,10.7399998232722,-42.0949430986584,-7.72042062895399,250,0.0150796587557596,-7.77709121406174,-0.0174157214452287,300.0113831,300.0119934,-38874.69921875,-38765.42578125,56.1623539922944,20.8292140704812,8.884414,0,0,0,40,4449,299.8552,-38820.0625,,,,,,,,,,,,,0,,,,18.9839077,,,,,,300.01168825,,,,
,15580969.15,300.01135255,-38715.67578125,-7.78078783937051,0.00113656679670401,1,0.999253354069792,40.0298881530762,1.98063063533692,10.7500003650784,-42.1075378099091,-7.72771621851334,250,0.014193283913669,-7.77927531152568,-0.0183117129060771,300.011322,300.0113831,-38765.42578125,-38665.92578125,56.6532167023714,20.831411727093,9.256284,0,0,0,40,4449,299.855,-38715.67578125,,,,,,,,,,,,,0,,,,19.17546175,,,,,,300.01135255,,,,
,15580970.21,300.01138305,-38606.3125,-7.77658758815825,0.00128433656730877,1,0.999253354069792,40.0298881530762,1.9803860627851,10.7399998232722,-42.0779717526149,-7.73214170967566,250,0.0124246780797808,-7.77506847742683,-0.0200627815753454,300.011322,300.0114441,-38665.92578125,-38546.69921875,57.5786648691407,20.8293991277606,8.512546,0,0,0,40,4449,299.8573,-38606.3125,,,,,,,,,,,,,0,,,,19.17546175,,,,,,300.01138305,,,,
,15580971.33,300.0118866,-38491.869140625,-7.77983588993747,0.00134978911444136,1,0.999253354069792,40.0298881530762,1.98059584963638,10.7500003650784,-42.1022506622003,-7.72347190551679,250,0.0147777500801856,-7.77832575534838,-0.0177243090373671,300.0114441,300.0123291,-38546.69921875,-38437.0390625,56.7563916669098,20.8283594912408,8.884414,0,0,0,40,4449,299.85835,-38491.869140625,,,,,,,,,,,,,0,,,,18.9839077,,,,,,300.0118866,,,,
,15580972.37,300.01145935,-38392.244140625,-7.77925719762582,0.00136196046665748,1,0.999253354069792,40.0298881530762,1.98073113025729,10.7399998232722,-42.1035040614169,-7.71488962762482,250,0.0163525593796381,-7.77775381821347,-0.0161480642590135,300.0105896,300.0123291,-38437.0390625,-38347.44921875,56.5734905934098,20.8320507801798,8.512546,0,0,0,40,4449,299.85785,-38392.244140625,,,,,,,,,,,,,0,,,,18.9839077,,,,,,300.01145935,,,,
,15580973.44,300.01104735,-38287.61328125,-7.77850362423428,0.00145554425035467,1,0.999253354069792,40.0298881530762,1.98077018952372,10.7500003650784,-42.0996249619427,-7.71758382230828,250,0.0157430049709688,-7.7769979019654,-0.0167550537636783,300.0105896,300.0115051,-38347.44921875,-38227.77734375,56.455464687006,20.8312482438963,9.256284,0,0,0,40,4449,299.85725,-38287.61328125,,,,,,,,,,,,,0,,,,19.17546175,,,,,,300.01104735,,,,
,15580974.59,300.01174925,-38173.03515625,-7.77756797211328,0.00122984073667226,1,0.999253354069792,40.0298881530762,1.98064840037218,10.7399998232722,-42.0912101498566,-7.72064148586538,250,0.01491943464952,-7.77605873063645,-0.0175752501480323,300.0115051,300.0119934,-38227.77734375,-38118.29296875,57.3066581444484,20.8322290024023,8.884414,0,0,0,40,4449,299.85715,-38173.03515625,,,,,,,,,,,,,0,,,,19.3670158,,,,,,300.01174925,,,,
,15580975.61,300.0106964,-38068.505859375,-7.77545251948259,0.00107886132314519,1,0.999253354069792,40.0298881530762,1.98071812363347,10.7399998232722,-42.0810254512699,-7.71979000012481,250,0.0147342109299392,-7.77394317931681,-0.0177521701455646,300.0093994,300.0119934,-38118.29296875,-38018.71875,57.6622991206984,20.8252042702215,9.256284,0,0,0,40,4449,299.8576,-38068.505859375,,,,,,,,,,,,,0,,,,19.17546175,,,,,,300.0106964,,,,
,15580976.755,300.0102997,-37954.005859375,-7.77682400481297,0.00117371614142844,1,0.999253354069792,40.0298881530762,1.98076265477877,10.7500003650784,-42.0874985926248,-7.73142076542195,250,0.0128707273255162,-7.77530665024576,-0.0196217011329441,300.0093994,300.0112,-38018.71875,-37889.29296875,56.9603967104291,20.8275237222391,9.256284,0,0,0,40,4449,299.85755,-37954.005859375,,,,,,,,,,,,,0,,,,18.9839077,,,,,,300.0102997,,,,
,15580978.1,300.0112,-37824.544921875,-7.77306180795371,0.00130387001622099,1,0.999253354069792,40.0298881530762,1.9808355421481,10.7500003650784,-42.0693634044956,-7.72408777508191,250,0.013580621193188,-7.77154783781003,-0.01889711099677,300.0112,300.0112,-37889.29296875,-37759.796875,56.6641595016406,20.8370204258924,8.512546,0,0,0,40,4449,299.85675,-37824.544921875,,,,,,,,,,,,,0,,,,19.17546175,,,,,,300.0112,,,,
,15580979.26,300.01083375,-37704.9765625,-7.77098669899659,0.001201695365304,1,0.999253354069792,40.0298881530762,1.98094198402836,10.7500003650784,-42.0603168173132,-7.72253940293069,250,0.0135576675717466,-7.76947308123644,-0.0189121901117037,300.0104675,300.0112,-37759.796875,-37650.15625,56.7876568076791,20.8273784824372,8.512546,0,0,0,40,4449,299.8561,-37704.9765625,,,,,,,,,,,,,0,,,,19.17546175,,,,,,300.01083375,,,,
,15580980.34,300.01063535,-37595.27734375,-7.77465228356704,0.0012464846334248,1,0.999253354069792,40.0298881530762,1.98045526210566,10.7399998232722,-42.0713191710985,-7.71760543497018,250,0.0148078407216376,-7.77314315250857,-0.0176781398885663,300.0104675,300.0108032,-37650.15625,-37540.3984375,56.5656743082175,20.8305488759401,9.256284,0,0,0,40,4449,299.8569,-37595.27734375,,,,,,,,,,,,,0,,,,19.17546175,,,,,,300.01063535,,,,
,15580981.48,300.0104065,-37485.607421875,-7.77173891898311,0.00114911831724105,1,0.999253354069792,40.0298881530762,1.98068896916254,10.7399998232722,-42.0585450047274,-7.72557697508809,250,0.012959037831574,-7.77022265714866,-0.019515034632361,300.0100098,300.0108032,-37540.3984375,-37430.81640625,56.7141837268714,20.8290392802415,8.512546,0,0,0,40,4449,299.85705,-37485.607421875,,,,,,,,,,,,,0,,,,19.3670158,,,,,,300.0104065,,,,
,15580982.48,300.0100098,-37385.966796875,-7.76951132883819,0.00144108898606131,1,0.999253354069792,40.0298881530762,1.98055368031265,10.7500003650784,-42.0446978493748,-7.71740756983692,250,0.0139614441105352,-7.76799977988131,-0.018503935281731,300.0100098,300.0100098,-37430.81640625,-37341.1171875,56.5547315089483,20.8295172657063,9.256284,0,0,0,40,4449,299.8585,-37385.966796875,,,,,,,,,,,,,0,,,,19.17546175,,,,,,300.0100098,,,,
,15580983.44,300.0098114,-37286.265625,-7.77082974729923,0.00129401810819544,1,0.999253354069792,40.0298881530762,1.98072446556543,10.7399998232722,-42.0569651372229,-7.71075793215618,250,0.0155561084910595,-7.76932454316945,-0.016916246248752,300.009613,300.0100098,-37341.1171875,-37231.4140625,57.2691399755253,20.8329985569579,9.256284,0,0,0,40,4449,299.8542,-37286.265625,,,,,,,,,,,,,0,,,,18.9839077,,,,,,300.0098114,,,,
,15580984.58,300.0105743,-37171.609375,-7.76651133676494,0.00116655476257954,1,0.999253354069792,40.0298881530762,1.98090486832026,10.7399998232722,-42.0382712830811,-7.70205556054729,250,0.0164917543795294,-7.76501056333002,-0.0159641500410151,300.009613,300.0115356,-37231.4140625,-37111.8046875,56.1193644237367,20.8272814646539,8.512546,0,0,0,40,4449,299.84855,-37171.609375,,,,,,,,,,,,,0,,,,18.9839077,,,,,,300.0105743,,,,
,15580985.835,300.0111084,-37046.9765625,-7.76516822150591,0.00144181050432119,1,0.999253354069792,40.0298881530762,1.98069204067208,10.7399998232722,-42.0234861653667,-7.71668714155353,250,0.0133896362577651,-7.7636545427389,-0.0190606770530893,300.0106812,300.0115356,-37111.8046875,-36982.1484375,56.2631840712752,20.8312025971386,8.512546,0,0,0,40,4449,299.8493,-37046.9765625,,,,,,,,,,,,,0,,,,19.17546175,,,,,,300.0111084,,,,
,15580986.92,300.00968935,-36942.25390625,-7.7643031177748,0.00144874309903282,1,0.999253354069792,40.0298881530762,1.98058065423688,10.7399998232722,-42.0166553878087,-7.71457515999489,250,0.013541935736673,-7.76279061157577,-0.0189052662848895,300.0086975,300.0106812,-36982.1484375,-36902.359375,57.1120326431599,20.8299195932546,9.256284,0,0,0,40,4449,299.8505,-36942.25390625,,,,,,,,,,,,,0,,,,19.17546175,,,,,,300.00968935,,,,
,15580987.89,300.0094757,-36847.525390625,-7.76411738597285,0.0012231743157529,1,0.999253354069792,40.0298881530762,1.98053949315904,10.7399998232722,-42.0147139851421,-7.714691234293,250,0.0134576266783312,-7.76260457974363,-0.0189892707164325,300.0086975,300.0102539,-36902.359375,-36792.69140625,57.0924919301791,20.8307563771954,9.256284,0,0,0,40,4449,299.8511,-36847.525390625,,,,,,,,,,,,,0,,,,19.17546175,,,,,,300.0094757,,,,
,15580988.96,300.0095062,-36737.79296875,-7.76427929485322,0.00136222125920791,1,0.999253354069792,40.0298881530762,1.98069298634222,10.7399998232722,-42.0198024628412,-7.70984458382687,250,0.0144917317003813,-7.7627707263141,-0.0179564949703818,300.0087585,300.0102539,-36792.69140625,-36682.89453125,57.4661103623715,20.8352304685432,8.512546,0,0,0,40,4449,299.85275,-36737.79296875,,,,,,,,,,,,,0,,,,19.3670158,,,,,,300.0095062,,,,
,15580990.015,300.0084991,-36632.98046875,-7.76091007730761,0.00140776997262589,1,0.999253354069792,40.0298881530762,1.98064394984433,10.7399998232722,-41.9991895732325,-7.71368038840197,250,0.0131241587860531,-7.75939671394341,-0.0193102287195035,300.0082397,300.0087585,-36682.89453125,-36583.06640625,56.9713395096983,20.8285643734798,8.512546,0,0,0,40,4449,299.8536,-36632.98046875,,,,,,,,,,,,,0,,,,19.3670158,,,,,,300.0084991,,,,
,15580991.1,300.00866695,-36523.212890625,-7.76306470379238,0.00123836541166523,1,0.999253354069792,40.0298881530762,1.98064191139592,10.7399998232722,-42.013099789707,-7.70344724138533,250,0.0154144460038578,-7.76156036165642,-0.0170301059780636,300.0082397,300.0090942,-36583.06640625,-36463.359375,57.1784710672945,20.8296992234849,9.256284,0,0,0,40,4449,299.85325,-36523.212890625,,,,,,,,,,,,,0,,,,19.3670158,,,,,,300.00866695,,,,
,15580992.235,300.00868225,-36408.51953125,-7.76399857360561,0.000761945317516785,1,0.999253354069792,40.0298881530762,1.98081868300687,10.7399998232722,-42.0227175016888,-7.70015707092705,250,0.0163200611812894,-7.7624977842294,-0.0161289848116651,300.0082703,300.0090942,-36463.359375,-36353.6796875,57.4270289364099,20.8282150468116,9.256284,0,0,0,40,4449,299.8554,-36408.51953125,,,,,,,,,,,,,0,,,,19.3670158,,,,,,300.00868225,,,,
,15580993.275,300.0075684,-36303.453125,-7.75911361209549,0.00123838406850281,1,0.999253354069792,40.0298881530762,1.98081868300687,10.7399998232722,-41.9938509400427,-7.70840847514504,250,0.0138897932970344,-7.75760392397054,-0.0185388577880357,300.0068665,300.0082703,-36353.6796875,-36253.2265625,57.5567792706022,20.8282150468116,9.256284,0,0,0,40,4449,299.8563,-36303.453125,,,,,,,,,,,,,0,,,,19.3670158,,,,,,300.0075684,,,,
,15580994.405,300.00753785,-36188.259765625,-7.75923951723401,0.00129169328844537,1,0.999253354069792,40.0298881530762,1.98066634775002,10.7399998232722,-41.9905910272157,-7.71222107477958,250,0.0131023766174014,-7.75772643974365,-0.0193275039150907,300.0068665,300.0082092,-36253.2265625,-36123.29296875,56.2678738423906,20.8259030983681,9.256284,0,0,0,40,4449,299.8549,-36188.259765625,,,,,,,,,,,,,0,,,,19.17546175,,,,,,300.00753785,,,,
,15580995.57,300.0085144,-36073.392578125,-7.75582870266802,0.00127794446408344,1,0.999253354069792,40.0298881530762,1.98053620321344,10.7399998232722,-41.9701275941674,-7.70463392086772,250,0.013781514303432,-7.75431883105147,-0.0186346943668614,300.0082092,300.0088196,-36123.29296875,-36023.4921875,56.6289862182752,20.8264035838277,9.256284,0,0,0,40,4449,299.85675,-36073.392578125,,,,,,,,,,,,,0,,,,18.9839077,,,,,,300.0085144,,,,
,15580996.62,300.0088501,-35973.60546875,-7.7575893508206,0.00142710573666462,1,0.999253354069792,40.0298881530762,1.98029994640325,10.7399998232722,-41.9745639193928,-7.70659812997382,250,0.0135794865729853,-7.75607814315502,-0.018844459104083,300.0088196,300.0088806,-36023.4921875,-35923.71875,56.4585912010829,20.8315408703452,9.256284,0,0,0,40,4449,299.8581,-35973.60546875,,,,,,,,,,,,,0,,,,18.9839077,,,,,,300.0088501,,,,
,15580998.63,300.0105286,-35769.0546875,-7.75558472506317,0.00133166624742382,1,0.999253354069792,40.0298881530762,1.98069342251939,10.7500003650784,-41.9730448119365,-7.6996382287198,250,0.0147712367695132,-7.75407832894966,-0.0176455662033933,300.0105286,300.0105286,-35774.05078125,-35764.05859375,57.044812590506,20.8321706592083,8.884414,0,0,0,40,4449,299.8598,-35769.0546875,,,,,,,,,,,,,0,,,,18.9839077,,,,,,300.0105286,,,,
,15580999.225,300.00958255,-35709.11328125,-7.75572567322652,0.00132479018340784,1,0.999253354069792,40.0298881530762,1.98060740406247,10.7399998232722,-41.9718373337239,-7.70049671041177,250,0.0145787297771985,-7.75421868687285,-0.0178389151924685,300.0086365,300.0105286,-35764.05859375,-35654.16796875,57.4840878183138,20.829344765207,8.512546,0,0,0,40,4449,299.8603,-35709.11328125,,,,,,,,,,,,,0,,,,18.9839077,,,,,,300.00958255,,,,
,15581000.225,300.0089722,-35609.24609375,-7.75526243813178,0.00125538046422239,1,0.999253354069792,40.0298881530762,1.98060740406247,10.7399998232722,-41.9687680728747,-7.70307338795476,250,0.0140171840949335,-7.75375331440943,-0.0183990281035767,300.0086365,300.0093079,-35654.16796875,-35564.32421875,56.0607422847944,20.829344765207,8.512546,0,0,0,40,4449,299.8601,-35609.24609375,,,,,,,,,,,,,0,,,,18.9839077,,,,,,300.0089722,,,,
,15581001.18,300.00820925,-35514.537109375,-7.75413974638862,0.00116915447468423,1,0.999253354069792,40.0298881530762,1.98064545390555,10.7399998232722,-41.9646336539066,-7.69587890007368,250,0.0151661162273921,-7.75263582080352,-0.0172461519000763,300.0071106,300.0093079,-35564.32421875,-35464.75,57.2667950899676,20.8336340010126,8.512546,0,0,0,40,4449,299.86045,-35514.537109375,,,,,,,,,,,,,0,,,,19.07919695,,,,,,300.00820925,,,,
,15581002.235,300.00756835,-35409.7890625,-7.75275256819747,0.00143779791516578,1,0.999253354069792,40.0298881530762,1.98070501604678,10.7500003650784,-41.9558851287227,-7.70806384777166,250,0.0126989476038432,-7.75123874274356,-0.0197075670789594,300.0071106,300.0080261,-35464.75,-35354.828125,56.7556100383906,20.8276894318496,9.256284,0,0,0,40,4449,299.86105,-35409.7890625,,,,,,,,,,,,,0,,,,19.270751,,,,,,300.00756835,,,,
,15581003.25,300.0074768,-35309.966796875,-7.75170972459912,0.00120532761163755,1,0.999253354069792,40.0298881530762,1.98061319898956,10.7399998232722,-41.9514601515671,-7.68987530205591,250,0.015803913572069,-7.75020905373418,-0.0165995039979375,300.0069275,300.0080261,-35354.828125,-35265.10546875,56.5281561392944,20.8292035045552,8.884414,0,0,0,40,4449,299.8607,-35309.966796875,,,,,,,,,,,,,0,,,,19.17546175,,,,,,300.0074768,,,,
,15581004.33,300.0078888,-35205.2265625,-7.75192976643749,0.000825612823811347,1,0.999253354069792,40.0298881530762,1.98067786198912,10.7399998232722,-41.954447224384,-7.68785082777517,250,0.0162647006824019,-7.75043080743689,-0.0161402777195244,300.0069275,300.0088501,-35265.10546875,-35145.34765625,57.4473512779099,20.8307646314241,9.256284,0,0,0,40,4449,299.86125,-35205.2265625,,,,,,,,,,,,,0,,,,18.9839077,,,,,,300.0078888,,,,
,15581005.425,300.0084381,-35095.412109375,-7.74896141767037,0.00107911009514653,1,0.999253354069792,40.0298881530762,1.98079530674897,10.7399998232722,-41.9398111873573,-7.69071899712974,250,0.0152670181073114,-7.74745866783092,-0.0171260240966206,300.0080261,300.0088501,-35145.34765625,-35045.4765625,56.8189219484483,20.831683856396,8.512546,0,0,0,40,4449,299.86105,-35095.412109375,,,,,,,,,,,,,0,,,,19.17546175,,,,,,300.0084381,,,,
,15581006.43,300.00801085,-34990.560546875,-7.75091116670853,0.0011009445159089,1,0.999253354069792,40.0298881530762,1.98072364918783,10.7399998232722,-41.9478371425151,-7.69802901530811,250,0.0142277352647238,-7.74940375103277,-0.0181737695240452,300.0079956,300.0080261,-35045.4765625,-34935.64453125,57.2128627221407,20.8329558893772,9.256284,0,0,0,40,4449,299.8618,-34990.560546875,,,,,,,,,,,,,0,,,,19.17546175,,,,,,300.00801085,,,,
,15581007.555,300.008255,-34880.728515625,-7.74609355149431,0.00121615304950322,1,0.999253354069792,40.0298881530762,1.98048543917704,10.7399998232722,-41.9168248265382,-7.6924564219602,250,0.0141982958564428,-7.74458685917262,-0.0181836737959585,300.0079956,300.0085144,-34935.64453125,-34825.8125,56.4179465180829,20.8306613480018,9.256284,0,0,0,40,4449,299.8621,-34880.728515625,,,,,,,,,,,,,0,,,,19.17546175,,,,,,300.008255,,,,
,15581008.815,300.0080414,-34755.9453125,-7.7461142671249,0.00107265938643836,1,0.999253354069792,40.0298881530762,1.98074135539691,10.7399998232722,-41.9241024797178,-7.6832929496195,250,0.0160758904640888,-7.74461540327972,-0.0163073560561134,300.0075684,300.0085144,-34825.8125,-34686.078125,56.6063189912175,20.8310730528038,8.884414,0,0,0,40,4449,299.8615,-34755.9453125,,,,,,,,,,,,,0,,,,19.17546175,,,,,,300.0080414,,,,
,15581009.985,300.0078278,-34636.228515625,-7.74434080083353,0.00130585702660148,1,0.999253354069792,40.0298881530762,1.98071180886175,10.7500003650784,-41.9128908459727,-7.68683386903634,250,0.0150723958444035,-7.74283811549475,-0.0173037221679585,300.0075684,300.0080872,-34686.078125,-34586.37890625,57.5200427301984,20.8250247176294,9.256284,0,0,0,40,4449,299.8632,-34636.228515625,,,,,,,,,,,,,0,,,,19.17546175,,,,,,300.0078278,,,,
,15581011.085,300.007782,-34526.49609375,-7.74372658128376,0.00130736447537263,1,0.999253354069792,40.0298881530762,1.98046741975855,10.7399998232722,-41.9025918306431,-7.69571342518405,250,0.0131466836727263,-7.74221591896146,-0.0192271538818419,300.0074768,300.0080872,-34586.37890625,-34466.61328125,56.8861420011022,20.8268469009251,8.512546,0,0,0,40,4449,299.86295,-34526.49609375,,,,,,,,,,,,,0,,,,19.17546175,,,,,,300.007782,,,,
,15581012.22,300.00756835,-34411.70703125,-7.74350333430099,0.000999422525504155,1,0.999253354069792,40.0298881530762,1.98062991277571,10.7500003650784,-41.9074256577895,-7.68160638342146,250,0.0158275413665967,-7.74200391141696,-0.0165466807416422,300.0074768,300.0076599,-34466.61328125,-34356.80078125,56.0443280858905,20.8272835999941,9.256284,0,0,0,40,4449,299.86215,-34411.70703125,,,,,,,,,,,,,0,,,,19.17546175,,,,,,300.00756835,,,,
,15581013.285,300.0084076,-34306.884765625,-7.74158051368427,0.00149032504984561,1,0.999253354069792,40.0298881530762,1.98062991277571,10.7500003650784,-41.8942831967705,-7.69444782656966,250,0.0130978353749921,-7.74006977573379,-0.0192683537195184,300.0076599,300.0091553,-34356.80078125,-34256.96875,56.2577126716406,20.8272835999941,8.884414,0,0,0,40,4449,299.8626,-34306.884765625,,,,,,,,,,,,,0,,,,19.3670158,,,,,,300.0084076,,,,
,15581014.305,300.008194,-34207.015625,-7.74278070974351,0.00121199883798343,1,0.999253354069792,40.0298881530762,1.98038061132353,10.7399998232722,-41.8944048519933,-7.70132550348113,250,0.0118748547939719,-7.74126462100997,-0.0204966964733704,300.0072327,300.0091553,-34256.96875,-34157.0625,56.6829185861022,20.8219610328442,8.512546,0,0,0,40,4449,299.86255,-34207.015625,,,,,,,,,,,,,0,,,,19.3670158,,,,,,300.008194,,,,
,15581015.27,300.00790405,-34112.111328125,-7.73935384919937,0.00134352339792128,1,0.999253354069792,40.0298881530762,1.98069126846402,10.7399998232722,-41.8860585826942,-7.67866286410687,250,0.0156467858237807,-7.73785425525501,-0.0167117263433263,300.0072327,300.0085754,-34157.0625,-34067.16015625,56.719655126506,20.8342660878167,9.256284,0,0,0,40,4449,299.8628,-34112.111328125,,,,,,,,,,,,,0,,,,19.17546175,,,,,,300.00790405,,,,
,15581016.32,300.0088806,-34007.318359375,-7.74204391483555,0.000687261257787851,1,0.999253354069792,40.0298881530762,1.9808811025614,10.7399998232722,-41.9050522974822,-7.67924652784185,250,0.0161708358943185,-7.74054563758165,-0.0161995716234021,300.0085754,300.0091858,-34067.16015625,-33947.4765625,56.6242964471598,20.8315254222721,9.256284,0,0,0,40,4449,299.86335,-34007.318359375,,,,,,,,,,,,,0,,,,18.9839077,,,,,,300.0088806,,,,
,15581017.51,300.00891115,-33887.595703125,-7.74336992226956,0.000873939209087868,1,0.999253354069792,40.0298881530762,1.9806160279997,10.7399998232722,-41.9058997907104,-7.68419170997936,250,0.0153181059113197,-7.7418677269835,-0.0170584753589492,300.0086365,300.0091858,-33947.4765625,-33827.71484375,56.7345060683714,20.8280802351438,9.256284,0,0,0,40,4449,299.86255,-33887.595703125,,,,,,,,,,,,,0,,,,18.9839077,,,,,,300.00891115,,,,
,15581018.69,300.0079346,-33767.794921875,-7.73490027179065,0.00136785053787208,1,0.999253354069792,40.0298881530762,1.98027301264784,10.7500003650784,-41.852080544207,-7.6794137273291,250,0.0143920065297091,-7.7333961128765,-0.0179498561060094,300.0072327,300.0086365,-33827.71484375,-33707.875,56.8705094307176,20.8340995908761,8.512546,0,0,0,40,4449,299.86115,-33767.794921875,,,,,,,,,,,,,0,,,,18.9839077,,,,,,300.0079346,,,,
,15581019.805,300.00787355,-33658.015625,-7.73717902484806,0.00144920065428792,1,0.999253354069792,40.0298881530762,1.98065054011272,10.7399998232722,-41.8724753518297,-7.68159169691265,250,0.014676481769249,-7.73567555459721,-0.0176755688858367,300.0072327,300.0085144,-33707.875,-33608.15625,56.5101786833521,20.8302001296435,8.512546,0,0,0,40,4449,299.86145,-33658.015625,,,,,,,,,,,,,0,,,,18.9839077,,,,,,300.00787355,,,,
,15581020.945,300.00860595,-33548.216796875,-7.73439033224695,0.00110977401847055,1,0.999253354069792,40.0298881530762,1.98058427518845,10.7399998232722,-41.8551353085778,-7.68332256431073,250,0.0137935938132621,-7.73288347763232,-0.0185471256547501,300.0085144,300.0086975,-33608.15625,-33488.27734375,56.9502355396791,20.8297100124501,9.256284,0,0,0,40,4449,299.8625,-33548.216796875,,,,,,,,,,,,,0,,,,19.17546175,,,,,,300.00860595,,,,
,15581022.065,300.00845335,-33433.296875,-7.73898806590015,0.00103963685853943,1,0.999253354069792,40.0298881530762,1.98056414188994,10.7399998232722,-41.8810294540847,-7.68010855245812,250,0.0152269421565254,-7.73748623840172,-0.0171341266753521,300.0082092,300.0086975,-33488.27734375,-33378.31640625,56.0857543974098,20.8305551778097,8.884414,0,0,0,40,4449,299.8612,-33433.296875,,,,,,,,,,,,,0,,,,19.3670158,,,,,,300.00845335,,,,
,15581023.07,300.0084381,-33328.423828125,-7.73404523394179,0.00100052610210163,1,0.999253354069792,40.0298881530762,1.98068609233858,10.7500003650784,-41.8564720245588,-7.67739861791277,250,0.0148974592084078,-7.73254295393014,-0.0174437098108124,300.0082092,300.008667,-33378.31640625,-33278.53125,56.8150138058522,20.8320982242966,8.512546,0,0,0,40,4449,299.85945,-33328.423828125,,,,,,,,,,,,,0,,,,19.3670158,,,,,,300.0084381,,,,
,15581024.2,300.00776675,-33218.56640625,-7.73359051507266,0.00109442219880987,1,0.999253354069792,40.0298881530762,1.98073702940488,10.7399998232722,-41.8557546371306,-7.67340243271785,250,0.0155880493168386,-7.73209134530951,-0.0167519984188291,300.0068665,300.008667,-33278.53125,-33158.6015625,56.2530229005252,20.8328289032465,9.256284,0,0,0,40,4449,299.85945,-33218.56640625,,,,,,,,,,,,,0,,,,19.17546175,,,,,,300.00776675,,,,
,15581025.32,300.00701905,-33108.705078125,-7.73232601695902,0.000580601686326505,1,0.999253354069792,40.0298881530762,1.98076932548222,10.7399998232722,-41.8479380013693,-7.68111152390903,250,0.0139518047843287,-7.73082042447662,-0.0183831502282798,300.0068665,300.0071716,-33158.6015625,-33058.80859375,57.0604451608906,20.8273617748596,8.512546,0,0,0,40,4449,299.86035,-33108.705078125,,,,,,,,,,,,,0,,,,18.9839077,,,,,,300.00701905,,,,
,15581026.32,300.0067291,-33008.572265625,-7.73136186652121,0.000964550684003112,1,0.999253354069792,40.0298881530762,1.98053234819423,10.7399998232722,-41.8408892310511,-7.66279812332365,250,0.0169932348360256,-7.72986921708382,-0.0153388545995497,300.0062866,300.0071716,-33058.80859375,-32958.3359375,57.0776409883137,20.8299900483589,8.884414,0,0,0,40,4449,299.8606,-33008.572265625,,,,,,,,,,,,,0,,,,18.9839077,,,,,,300.0067291,,,,
,15581027.475,300.0078125,-32893.390625,-7.7266784070588,0.00129917108571789,1,0.999253354069792,40.0298881530762,1.98083570672255,10.7399998232722,-41.8206607088071,-7.66538027443459,250,0.0158599940608106,-7.72518157499827,-0.0164531538841301,300.0062866,300.0093384,-32958.3359375,-32828.4453125,57.291807202583,20.8295384623128,9.256284,0,0,0,40,4449,299.859,-32893.390625,,,,,,,,,,,,,0,,,,18.9839077,,,,,,300.0078125,,,,
,15581028.525,300.00787355,-32788.544921875,-7.73167343276506,0.000960127722851829,1,0.999253354069792,40.0298881530762,1.98068855308898,10.7399998232722,-41.8444637050275,-7.67085826616594,250,0.0156715590210401,-7.73017472286394,-0.0166630915333484,300.0064087,300.0093384,-32828.4453125,-32748.64453125,56.8697278021983,20.828503345838,9.256284,0,0,0,40,4449,299.85865,-32788.544921875,,,,,,,,,,,,,0,,,,19.17546175,,,,,,300.00787355,,,,
,15581029.5,300.00709535,-32688.673828125,-7.73039049634661,0.00109813300327016,1,0.999253354069792,40.0298881530762,1.98073589259356,10.7500003650784,-41.8377879711546,-7.67358598794469,250,0.014963189547999,-7.72888924814569,-0.0173665584737436,300.0064087,300.007782,-32748.64453125,-32628.703125,56.953362053756,20.8210944345583,9.256284,0,0,0,40,4449,299.85845,-32688.673828125,,,,,,,,,,,,,0,,,,19.3670158,,,,,,300.00709535,,,,
,15581030.6,300.00701905,-32578.7431640625,-7.72769298983001,0.00112726662608484,1,0.999253354069792,40.0298881530762,1.98073650686637,10.7399998232722,-41.8240787004843,-7.6661773973157,250,0.0158336735994578,-7.72619586953279,-0.0164858109288878,300.0062561,300.007782,-32628.703125,-32528.783203125,56.9650864815445,20.8236148235048,9.256284,0,0,0,40,4449,299.85685,-32578.7431640625,,,,,,,,,,,,,0,,,,19.17546175,,,,,,300.00701905,,,,
,15581031.58,300.00761415,-32483.8515625,-7.72629683734035,0.00124861389980005,1,0.999253354069792,40.0298881530762,1.98058011115498,10.7500003650784,-41.8121025231738,-7.67066475019611,250,0.0146365831287624,-7.72479478195644,-0.0176772622325595,300.0062561,300.0089722,-32528.783203125,-32438.919921875,55.873151440179,20.8323220766335,8.512546,0,0,0,40,4449,299.8577,-32483.8515625,,,,,,,,,,,,,0,,,,19.17546175,,,,,,300.00761415,,,,
,15581032.565,300.0086365,-32383.9638671875,-7.72495004412645,0.000992498673532375,1,0.999253354069792,40.0298881530762,1.98060180667171,10.7500003650784,-41.80534565082,-7.66894183113665,250,0.0147209070128634,-7.72344827809766,-0.0175877930151962,300.0083008,300.0089722,-32438.919921875,-32329.0078125,56.3968425480637,20.8251946491092,9.256284,0,0,0,40,4449,299.85855,-32383.9638671875,,,,,,,,,,,,,0,,,,19.17546175,,,,,,300.0086365,,,,
,15581033.72,300.00787355,-32269.177734375,-7.72607546312818,0.00153028037367353,1,0.999253354069792,40.0298881530762,1.98070578410106,10.7399998232722,-41.8133514607389,-7.67167271327553,250,0.0144982715857844,-7.724572673785,-0.0178159515581126,300.0074463,300.0083008,-32329.0078125,-32209.34765625,56.5531682519098,20.8309092852286,9.256284,0,0,0,40,4449,299.857,-32269.177734375,,,,,,,,,,,,,0,,,,18.9839077,,,,,,300.00787355,,,,
,15581034.87,300.00672915,-32154.4931640625,-7.72119600308067,0.00126302762947196,1,0.999253354069792,40.0298881530762,1.98052737737417,10.7500003650784,-41.7844631954701,-7.65974186437808,250,0.0156751639472267,-7.71969938527935,-0.0166195608661961,300.006012,300.0074463,-32209.34765625,-32099.638671875,57.1300100991022,20.8289525709758,8.512546,0,0,0,40,4449,299.85695,-32154.4931640625,,,,,,,,,,,,,0,,,,19.17546175,,,,,,300.00672915,,,,
,15581036.01,300.0065155,-32039.734375,-7.72431616456259,0.00114543841287828,1,0.999253354069792,40.0298881530762,1.98053877261417,10.7399998232722,-41.7995515548773,-7.67383709120856,250,0.0136565395615168,-7.72281048908934,-0.0186512987925701,300.006012,300.007019,-32099.638671875,-31979.830078125,56.7134020983521,20.8275689416756,8.884414,0,0,0,40,4449,299.85845,-32039.734375,,,,,,,,,,,,,0,,,,19.17546175,,,,,,300.0065155,,,,
,15581037.265,300.00679015,-31914.890625,-7.72384759894056,0.00120412617171034,1,0.999253354069792,40.0298881530762,1.98067715577577,10.7399998232722,-41.8020650167447,-7.66202149648973,250,0.0158511186774619,-7.72235104281013,-0.0164560009139246,300.0065613,300.007019,-31979.830078125,-31849.951171875,56.6227331901214,20.8323497084468,9.256284,0,0,0,40,4449,299.85785,-31914.890625,,,,,,,,,,,,,0,,,,19.17546175,,,,,,300.00679015,,,,
,15581038.4,300.0067139,-31799.970703125,-7.71756379786759,0.00144161549157853,1,0.999253354069792,40.0298881530762,1.98076465779537,10.7399998232722,-41.7668706553967,-7.67221911888472,250,0.0128629611446096,-7.71605596039706,-0.0194180811975006,300.0065613,300.0068665,-31849.951171875,-31749.990234375,56.7845302936022,20.8263764373192,9.256284,0,0,0,40,4449,299.8567,-31799.970703125,,,,,,,,,,,,,0,,,,19.3670158,,,,,,300.0067139,,,,
,15581040.28,300.0069275,-31615.2333984375,-7.72024199702465,0.00128744778375513,1,0.999253354069792,40.0298881530762,1.98067620136419,10.7500003650784,-41.7811442162591,-7.66591781773097,250,0.0144633766243965,-7.71874016629245,-0.0178300777022774,300.0069275,300.0069275,-31620.208984375,-31610.2578125,56.9752476522945,20.82831090816,9.256284,0,0,0,40,4449,299.8581,-31615.2333984375,,,,,,,,,,,,,0,,,,19.3670158,,,,,,300.0069275,,,,
,15581040.93,300.00720215,-31550.322265625,-7.71854841184745,0.00111948818545443,1,0.999253354069792,40.0298881530762,1.98064037295429,10.7399998232722,-41.7708313679044,-7.66631055047074,250,0.01405215531704,-7.7170450866042,-0.018234543791806,300.0069275,300.0074768,-31610.2578125,-31490.38671875,57.3488660844868,20.8283214839472,8.884414,0,0,0,40,4449,299.8578,-31550.322265625,,,,,,,,,,,,,0,,,,19.17546175,,,,,,300.00720215,,,,
,15581042.03,300.00708005,-31440.4755859375,-7.71484365923375,0.00129635672294241,1,0.999253354069792,40.0298881530762,1.98060903294663,10.7399998232722,-41.7517436521796,-7.65385111545373,250,0.0156471459762457,-7.71334772563708,-0.0166250565090886,300.0066833,300.0074768,-31490.38671875,-31390.564453125,57.2183341217753,20.8293231483425,8.884414,0,0,0,40,4449,299.85745,-31440.4755859375,,,,,,,,,,,,,0,,,,18.9839077,,,,,,300.00708005,,,,
,15581042.96,300.006546,-31345.6904296875,-7.71443580499051,0.00127973401983453,1,0.999253354069792,40.0298881530762,1.98067040247855,10.7500003650784,-41.7499271460859,-7.658378406811,250,0.0147780190100353,-7.71293641756459,-0.0174928594044262,300.0064087,300.0066833,-31390.564453125,-31300.81640625,57.0674798175637,20.830837509006,9.256284,0,0,0,40,4449,299.85735,-31345.6904296875,,,,,,,,,,,,,0,,,,19.17546175,,,,,,300.006546,,,,
,15581043.9,300.0066681,-31250.841796875,-7.7164291282461,0.00108332141278104,1,0.999253354069792,40.0298881530762,1.98065319608633,10.7399998232722,-41.7592373910202,-7.6663485988162,250,0.0136633380079888,-7.71492454616781,-0.0186166414165588,300.0064087,300.0069275,-31300.81640625,-31200.8671875,57.4215575367753,20.8275605205543,9.256284,0,0,0,40,4449,299.85385,-31250.841796875,,,,,,,,,,,,,0,,,,19.17546175,,,,,,300.0066681,,,,
,15581044.915,300.00698855,-31150.98046875,-7.71287959698808,0.00124727523152716,1,0.999253354069792,40.0298881530762,1.98031546022229,10.7399998232722,-41.7326204524619,-7.66405347204141,250,0.0131949014622925,-7.71137357331443,-0.0190712857496436,300.0069275,300.0070496,-31200.8671875,-31101.09375,56.4077853473329,20.8255912316072,9.256284,0,0,0,40,4449,299.8493,-31150.98046875,,,,,,,,,,,,,0,,,,19.07919695,,,,,,300.00698855,,,,
,15581045.915,300.00688175,-31051.150390625,-7.71348604270786,0.00119133016314848,1,0.999253354069792,40.0298881530762,1.98076143068345,10.7399998232722,-41.746770251338,-7.65716455565286,250,0.0148925451815967,-7.71198695798408,-0.0173772601381025,300.0067139,300.0070496,-31101.09375,-31001.20703125,57.1651833824676,20.8271202966645,9.256284,0,0,0,40,4449,299.848,-31051.150390625,,,,,,,,,,,,,0,,,,19.07919695,,,,,,300.00688175,,,,
,15581046.925,300.00639345,-30951.25,-7.71279582045471,0.00146102239252564,1,0.999253354069792,40.0298881530762,1.98057509336036,10.7399998232722,-41.7381086049997,-7.66169022580358,250,0.0137985352226182,-7.71129239967777,-0.0184685631169473,300.006073,300.0067139,-31001.20703125,-30901.29296875,56.1553193356213,20.8318921017987,8.512546,0,0,0,40,4449,299.84935,-30951.25,,,,,,,,,,,,,0,,,,18.9839077,,,,,,300.00639345,,,,
,15581047.875,300.00564575,-30856.3984375,-7.70826644793992,0.000949493059271937,1,0.999253354069792,40.0298881530762,1.98078742946074,10.7399998232722,-41.7199300362459,-7.64737013351426,250,0.0157539630374505,-7.70677230651913,-0.0164948991194557,300.0052185,300.006073,-30901.29296875,-30811.50390625,56.6438371601406,20.8280885786959,8.884414,0,0,0,40,4449,299.85115,-30856.3984375,,,,,,,,,,,,,0,,,,19.17546175,,,,,,300.00564575,,,,
,15581048.845,300.00619505,-30756.5947265625,-7.71041308333018,0.00132227066905461,1,0.999253354069792,40.0298881530762,1.98053264280264,10.7399998232722,-41.7244584515028,-7.65853459938771,250,0.0139113402503999,-7.70891058946704,-0.0183466934733717,300.0052185,300.0071716,-30811.50390625,-30701.685546875,56.2616208142367,20.8249299768863,9.256284,0,0,0,40,4449,299.8512,-30756.5947265625,,,,,,,,,,,,,0,,,,19.3670158,,,,,,300.00619505,,,,
,15581049.98,300.00627135,-30641.7294921875,-7.71050407357352,0.0015086217075248,1,0.999253354069792,40.0298881530762,1.98050175784213,10.7500003650784,-41.7244568138641,-7.65774778106061,250,0.0140527199177066,-7.70900207341363,-0.0182063293402879,300.0053711,300.0071716,-30701.685546875,-30581.7734375,57.2832092888714,20.8277899671394,9.256284,0,0,0,40,4449,299.8516,-30641.7294921875,,,,,,,,,,,,,0,,,,19.3670158,,,,,,300.00627135,,,,
,15581051.065,300.00576785,-30536.9677734375,-7.70872270275908,0.000991217636167049,1,0.999253354069792,40.0298881530762,1.98059795453575,10.7399998232722,-41.7174019271938,-7.65306210806782,250,0.0146562150110742,-7.70722367707882,-0.0175960715483166,300.0053711,300.0061646,-30581.7734375,-30492.162109375,56.9369478548522,20.8280928082188,9.256284,0,0,0,40,4449,299.85185,-30536.9677734375,,,,,,,,,,,,,0,,,,19.3670158,,,,,,300.00576785,,,,
,15581052.09,300.0053711,-30437.220703125,-7.71055115071006,0.00151966011519998,1,0.999253354069792,40.0298881530762,1.98063276938428,10.7399998232722,-41.7276995706635,-7.65669756994023,250,0.0143480408311156,-7.7090505273229,-0.0179123710170553,300.0045776,300.0061646,-30492.162109375,-30382.279296875,56.5226847396598,20.8328733410463,8.512546,0,0,0,40,4449,299.8521,-30437.220703125,,,,,,,,,,,,,0,,,,19.17546175,,,,,,300.0053711,,,,
,15581053.215,300.00505065,-30322.3564453125,-7.70520455088439,0.00129458557215056,1,0.999253354069792,40.0298881530762,1.98051151179765,10.7399998232722,-41.6965221835414,-7.64959976164609,250,0.0145848078146893,-7.7037060398076,-0.0176538255996343,300.0045776,300.0055237,-30382.279296875,-30262.43359375,56.6547799594098,20.8306750894743,9.256284,0,0,0,40,4449,299.853,-30322.3564453125,,,,,,,,,,,,,0,,,,19.17546175,,,,,,300.00505065,,,,
,15581054.305,300.00553895,-30212.5595703125,-7.70360781644184,0.00122162444706247,1,0.999253354069792,40.0298881530762,1.98060122921814,10.7399998232722,-41.6883584849645,-7.65570850719665,250,0.0132224937637778,-7.7021037429784,-0.0190096825195797,300.0055237,300.0055542,-30262.43359375,-30162.685546875,57.1511140691214,20.8286618747427,9.256284,0,0,0,40,4449,299.854,-30212.5595703125,,,,,,,,,,,,,0,,,,19.270751,,,,,,300.00553895,,,,
,15581055.35,300.00535585,-30107.6748046875,-7.70428335172054,0.00104289239502708,1,0.999253354069792,40.0298881530762,1.98080174487642,10.7399998232722,-41.6975064298284,-7.64971823379837,250,0.0145952102533409,-7.70278488459538,-0.0176406170148147,300.0051575,300.0055542,-30162.685546875,-30052.6640625,56.8689461736791,20.829952790521,9.256284,0,0,0,40,4449,299.8544,-30107.6748046875,,,,,,,,,,,,,0,,,,19.07919695,,,,,,300.00535585,,,,
,15581056.51,300.0049591,-29992.798828125,-7.70041900746062,0.00135324155380186,1,0.999253354069792,40.0298881530762,1.98059272422994,10.7399998232722,-41.67141927633,-7.64985747431197,250,0.0137080462036811,-7.69891766496198,-0.0185120498451549,300.0047607,300.0051575,-30052.6640625,-29932.93359375,56.6321127323521,20.827423504593,9.256284,0,0,0,40,4449,299.8547,-29992.798828125,,,,,,,,,,,,,0,,,,18.9839077,,,,,,300.0049591,,,,
,15581057.755,300.0043335,-29868.0126953125,-7.70053584022827,0.00128974772386087,1,0.999253354069792,40.0298881530762,1.9805111268217,10.7399998232722,-41.6706053816034,-7.64843818402404,250,0.0139358311027905,-7.69903555167789,-0.0182853577007228,300.0039063,300.0047607,-29932.93359375,-29803.091796875,56.4109118614098,20.8324301891319,8.512546,0,0,0,40,4449,299.8559,-29868.0126953125,,,,,,,,,,,,,0,,,,18.9839077,,,,,,300.0043335,,,,
,15581059.38,300.00473025,-29702.8193359375,-7.70098365135019,0.00111292625790626,1,0.999253354069792,40.0298881530762,1.98082356990699,10.7399998232722,-41.6812429383151,-7.64033588189646,250,0.0157346834883988,-7.69949061060176,-0.0164895354250529,300.0039063,300.0055542,-29803.091796875,-29602.546875,57.0268351345637,20.8337450467493,9.256284,0,0,0,40,4449,299.85705,-29702.8193359375,,,,,,,,,,,,,0,,,,18.9839077,,,,,,300.00473025,,,,
,15581060.94,300.0051117,-29547.66015625,-7.69578320154681,0.00130028807489326,1,0.999253354069792,40.0298881530762,1.98078257959073,10.7399998232722,-41.6515818700428,-7.63864711622105,250,0.0150548906896673,-7.6942881799071,-0.0171482861513355,300.0046692,300.0055542,-29602.546875,-29492.7734375,57.891316276833,20.8299017634112,8.884414,0,0,0,40,4449,299.85725,-29547.66015625,,,,,,,,,,,,,0,,,,18.9839077,,,,,,300.0051117,,,,
,15581061.905,300.005188,-29452.759765625,-7.69881536002251,0.00138304892242108,1,0.999253354069792,40.0298881530762,1.98074426111542,10.7399998232722,-41.6662172485068,-7.64684585032227,250,0.0140755031973506,-7.69731555987219,-0.0181406368350884,300.0046692,300.0057068,-29492.7734375,-29412.74609375,57.444224763833,20.8266875690411,8.512546,0,0,0,40,4449,299.85775,-29452.759765625,,,,,,,,,,,,,0,,,,19.17546175,,,,,,300.005188,,,,
,15581062.875,300.00561525,-29357.7783203125,-7.69760898789294,0.000958773703941822,1,0.999253354069792,40.0298881530762,1.9807246099926,10.7399998232722,-41.6587804594101,-7.64829078621375,250,0.0135715410888958,-7.69610715391753,-0.0186399552308064,300.0055237,300.0057068,-29412.74609375,-29302.810546875,57.3910740245253,20.8252804765382,9.256284,0,0,0,40,4449,299.858,-29357.7783203125,,,,,,,,,,,,,0,,,,19.3670158,,,,,,300.00561525,,,,
,15581063.955,300.0046234,-29247.8818359375,-7.69422026062583,0.00152371135034312,1,0.999253354069792,40.0298881530762,1.98060993482351,10.7399998232722,-41.6372118835839,-7.64923251870258,250,0.0126899148782443,-7.69271565076788,-0.0195077954526708,300.0037231,300.0055237,-29302.810546875,-29192.953125,56.1435949078329,20.8303906101853,9.256284,0,0,0,40,4449,299.8584,-29247.8818359375,,,,,,,,,,,,,0,,,,19.3670158,,,,,,300.0046234,,,,
,15581064.94,300.0037231,-29148.0595703125,-7.69660184090149,0.00121451929910799,1,0.999253354069792,40.0298881530762,1.98026986285437,10.7399998232722,-41.6447706689804,-7.64144747538363,250,0.0143343789657806,-7.69510384908897,-0.0178740110964814,300.0037231,300.0037231,-29192.953125,-29103.166015625,57.7068519462946,20.8231316786772,8.512546,0,0,0,40,4449,299.85985,-29148.0595703125,,,,,,,,,,,,,0,,,,19.3670158,,,,,,300.0037231,,,,
,15581066.02,300.00494385,-29043.2509765625,-7.69247578640255,0.00142957153814916,1,0.999253354069792,40.0298881530762,1.98075651728701,10.7399998232722,-41.6322622529867,-7.64003237914691,250,0.0141699490494039,-7.69097754114284,-0.018021714992165,300.0037231,300.0061646,-29103.166015625,-28983.3359375,56.147503050429,20.8299081919362,9.256284,0,0,0,40,4449,299.86,-29043.2509765625,,,,,,,,,,,,,0,,,,19.17546175,,,,,,300.00494385,,,,
,15581067.23,300.00584415,-28923.4560546875,-7.69159221372053,0.00130038899798256,1,0.999253354069792,40.0298881530762,1.98066774168839,10.7399998232722,-41.6275589353147,-7.62857313760884,250,0.0160630727159116,-7.69010175869122,-0.0161258580219653,300.0055237,300.0061646,-28983.3359375,-28863.576171875,56.8431524325445,20.8275609482635,8.512546,0,0,0,40,4449,299.86075,-28923.4560546875,,,,,,,,,,,,,0,,,,19.17546175,,,,,,300.00584415,,,,
,15581068.32,300.00505065,-28813.701171875,-7.69190050446414,0.00114387873587404,1,0.999253354069792,40.0298881530762,1.98070177169577,10.7399998232722,-41.629099894922,-7.63346270539134,250,0.0152405026221022,-7.6904067327922,-0.0169499432165505,300.0045776,300.0055237,-28863.576171875,-28763.826171875,56.5109603118714,20.8241740696598,8.512546,0,0,0,40,4449,299.86255,-28813.701171875,,,,,,,,,,,,,0,,,,19.3670158,,,,,,300.00505065,,,,
,15581069.43,300.0048523,-28703.935546875,-7.69139710452777,0.00120835597523666,1,0.999253354069792,40.0298881530762,1.98053298274154,10.7500003650784,-41.6224328054912,-7.63493232574452,250,0.0147588538780814,-7.68990141437086,-0.0174300319287989,300.0045776,300.005127,-28763.826171875,-28644.044921875,56.8689461736791,20.832006949789,9.256284,0,0,0,40,4449,299.86235,-28703.935546875,,,,,,,,,,,,,0,,,,19.270751,,,,,,300.0048523,,,,
,15581070.625,300.0048676,-28584.123046875,-7.6864182919266,0.0013865508544255,1,0.999253354069792,40.0298881530762,1.98051403972221,10.7399998232722,-41.5950433793514,-7.63023085435938,250,0.0146923735099078,-7.684923255551,-0.0174764206501986,300.0046082,300.005127,-28644.044921875,-28524.201171875,57.2066096939868,20.8327874111576,8.512546,0,0,0,40,4449,299.8617,-28584.123046875,,,,,,,,,,,,,0,,,,19.270751,,,,,,300.0048676,,,,
,15581071.755,300.00465395,-28469.2705078125,-7.68640310376359,0.00111242834772884,1,0.999253354069792,40.0298881530762,1.98062355731935,10.7399998232722,-41.5965150091894,-7.63434669322034,250,0.0140054619417794,-7.68490519623302,-0.0181637628678575,300.0046082,300.0046997,-28524.201171875,-28414.33984375,57.0401228193907,20.8362162125502,9.256284,0,0,0,40,4449,299.8618,-28469.2705078125,,,,,,,,,,,,,0,,,,19.17546175,,,,,,300.00465395,,,,
,15581072.82,300.0051117,-28364.3896484375,-7.68778468541522,0.00134729831982007,1,0.999253354069792,40.0298881530762,1.98066398349551,10.7399998232722,-41.6043938573321,-7.63816304501257,250,0.0135850207431517,-7.68628453658014,-0.0185906605713018,300.0046997,300.0055237,-28414.33984375,-28314.439453125,57.5771016121022,20.8270617903063,9.256284,0,0,0,40,4449,299.86045,-28364.3896484375,,,,,,,,,,,,,0,,,,18.9839077,,,,,,300.0051117,,,,
,15581073.955,300.00527955,-28249.5048828125,-7.68483347462397,0.00138278018091893,1,0.999253354069792,40.0298881530762,1.980618815099,10.7399998232722,-41.5899254294464,-7.62196363436788,250,0.0160015644499457,-7.68334391768816,-0.0161630080162227,300.0050354,300.0055237,-28314.439453125,-28184.5703125,57.2652318329291,20.8266530471178,9.256284,0,0,0,40,4449,299.8596,-28249.5048828125,,,,,,,,,,,,,0,,,,19.17546175,,,,,,300.00527955,,,,
,15581074.96,300.00483705,-28144.62890625,-7.68089023452987,0.00134080698656411,1,0.999253354069792,40.0298881530762,1.98071835390325,10.7399998232722,-41.5697461533733,-7.62315443554032,250,0.0151199037481812,-7.6793978625519,-0.0170285062732911,300.0046387,300.0050354,-28184.5703125,-28104.6875,56.1459397933906,20.8266184606112,9.256284,0,0,0,40,4449,299.86015,-28144.62890625,,,,,,,,,,,,,0,,,,19.17546175,,,,,,300.00483705,,,,
,15581076.325,300.00442505,-28009.8896484375,-7.67871098945068,0.00164146605281541,1,0.999253354069792,40.0298881530762,1.98050857188187,10.7500003650784,-41.5518606698245,-7.62990343031084,250,0.0133234184879692,-7.67721158515555,-0.0188162621997017,300.0042114,300.0046387,-28104.6875,-27915.091796875,56.6508718168137,20.8260287369378,8.512546,0,0,0,40,4449,299.86015,-28009.8896484375,,,,,,,,,,,,,0,,,,18.9839077,,,,,,300.00442505,,,,
,15581077.805,300.00463865,-27865.205078125,-7.6817626298515,0.00115722720383531,1,0.999253354069792,40.0298881530762,1.98042565332504,10.7399998232722,-41.5675104610283,-7.62812252086989,250,0.0141616177194591,-7.68026598227435,-0.0179917699280806,300.0042114,300.0050659,-27915.091796875,-27815.318359375,56.9244417985445,20.8269781508815,9.256284,0,0,0,40,4449,299.8605,-27865.205078125,,,,,,,,,,,,,0,,,,19.17546175,,,,,,300.00463865,,,,
,15581078.815,300.0051117,-27765.3544921875,-7.68044909383137,0.000790735005334361,1,0.999253354069792,40.0298881530762,1.98074872201343,10.7399998232722,-41.5694324936527,-7.61499061577687,250,0.0165700769215505,-7.67896261519443,-0.0155787579259179,300.0050659,300.0051575,-27815.318359375,-27715.390625,56.2780350131406,20.8335819941179,8.512546,0,0,0,40,4449,299.8613,-27765.3544921875,,,,,,,,,,,,,0,,,,19.17546175,,,,,,300.0051117,,,,
,15581079.94,300.0051575,-27655.4501953125,-7.67840313048024,0.00130125333256147,1,0.999253354069792,40.0298881530762,1.98063986065038,10.7399998232722,-41.5539230818424,-7.62446073743106,250,0.0143654026785763,-7.67690776280384,-0.0177750869633146,300.0051575,300.0051575,-27715.390625,-27595.509765625,57.105779615006,20.8310076334827,8.512546,0,0,0,40,4449,299.8609,-27655.4501953125,,,,,,,,,,,,,0,,,,19.17546175,,,,,,300.0051575,,,,
,15581080.98,300.0049744,-27550.5751953125,-7.67755321938439,0.00120422853617359,1,0.999253354069792,40.0298881530762,1.98059350012116,10.7399998232722,-41.5477854347903,-7.6266216828524,250,0.013776933567443,-7.6760555413746,-0.0183606294320936,300.0047913,300.0051575,-27595.509765625,-27505.640625,56.7352876968906,20.8201778819088,8.512546,0,0,0,40,4449,299.8596,-27550.5751953125,,,,,,,,,,,,,0,,,,19.3670158,,,,,,300.0049744,,,,
,15581081.995,300.0051575,-27445.6962890625,-7.67818650407861,0.0011776468302503,1,0.999253354069792,40.0298881530762,1.98049141659586,10.7500003650784,-41.550268032936,-7.62069242348067,250,0.0149200370630014,-7.67669338330981,-0.0172209045533296,300.0047913,300.0055237,-27505.640625,-27385.751953125,57.3942005386022,20.8318722719741,9.256284,0,0,0,40,4449,299.8603,-27445.6962890625,,,,,,,,,,,,,0,,,,19.17546175,,,,,,300.0051575,,,,
,15581083.15,300.0052948,-27330.8056640625,-7.67546448884983,0.00107361615801541,1,0.999253354069792,40.0298881530762,1.98053208309706,10.7500003650784,-41.5365907921706,-7.61694881900214,250,0.0151360950399713,-7.67397273325721,-0.016994042311927,300.0050659,300.0055237,-27385.751953125,-27275.859375,56.5609845371021,20.8244896816376,8.512546,0,0,0,40,4449,299.86105,-27330.8056640625,,,,,,,,,,,,,0,,,,19.07919695,,,,,,300.0052948,,,,
,15581084.125,300.0050659,-27236.0263671875,-7.67448159060046,0.00109137434938699,1,0.999253354069792,40.0298881530762,1.98053208309706,10.7399998232722,-41.530087660733,-7.62235973817621,250,0.0139541897119094,-7.67298509683172,-0.0181721724108193,300.0050659,300.0050659,-27275.859375,-27196.193359375,56.6016292201021,20.8244896816376,8.884414,0,0,0,40,4449,299.86065,-27236.0263671875,,,,,,,,,,,,,0,,,,19.07919695,,,,,,300.0050659,,,,
,15581085.13,300.0044403,-27136.337890625,-7.67253464180169,0.00135911994005133,1,0.999253354069792,40.0298881530762,1.98066299897686,10.7399998232722,-41.5223845250402,-7.62008105454821,250,0.0141057569635922,-7.67103930593815,-0.0180129907235495,300.0038147,300.0050659,-27196.193359375,-27076.482421875,56.5101786833521,20.8292660579765,9.256284,0,0,0,40,4449,299.86105,-27136.337890625,,,,,,,,,,,,,0,,,,19.17546175,,,,,,300.0044403,,,,
,15581086.285,300.00419615,-27021.46875,-7.67339472943758,0.0013283027595757,1,0.999253354069792,40.0298881530762,1.98062540623476,10.7399998232722,-41.5250364660882,-7.62744906157559,250,0.0128779617004009,-7.67189407679932,-0.0192448961057711,300.0038147,300.0045776,-27076.482421875,-26966.455078125,56.5250296252175,20.8258739652351,8.512546,0,0,0,40,4449,299.8601,-27021.46875,,,,,,,,,,,,,0,,,,19.3670158,,,,,,300.00419615,,,,
,15581087.255,300.0045776,-26921.625,-7.67265683810766,0.00101530131430294,1,0.999253354069792,40.0298881530762,1.98062540623476,10.7399998232722,-41.5220182398296,-7.62145278019528,250,0.0138501011039294,-7.67116024002509,-0.0182704570231411,300.0045776,300.0045776,-26966.455078125,-26876.794921875,56.8079791491791,20.8258739652351,9.256284,0,0,0,40,4449,299.8598,-26921.625,,,,,,,,,,,,,0,,,,19.3670158,,,,,,300.0045776,,,,
,15581088.265,300.0040741,-26816.8046875,-7.6717596634867,0.00117058010968807,1,0.999253354069792,40.0298881530762,1.98045704189288,10.7399998232722,-41.5136078793894,-7.62054149349451,250,0.0137358748451641,-7.67026286749964,-0.018381366489065,300.0035706,300.0045776,-26876.794921875,-26756.814453125,57.3988903097176,20.8225166950485,8.512546,0,0,0,40,4449,299.86075,-26816.8046875,,,,,,,,,,,,,0,,,,19.3670158,,,,,,300.0040741,,,,
,15581089.4,300.00454715,-26706.880859375,-7.67211235520655,0.00104731659137451,1,0.999253354069792,40.0298881530762,1.98041807493314,10.7500003650784,-41.5161461915212,-7.61304587513102,250,0.0151606123845328,-7.67062124874381,-0.0169591232608739,300.0035706,300.0055237,-26756.814453125,-26656.947265625,56.709493955756,20.8281574809151,9.256284,0,0,0,40,4449,299.8598,-26706.880859375,,,,,,,,,,,,,0,,,,19.17546175,,,,,,300.00454715,,,,
,15581090.415,300.0055237,-26607.0263671875,-7.67103290828479,0.00127078988470685,1,0.999253354069792,40.0298881530762,1.98062985743687,10.7399998232722,-41.5128537360524,-7.62236347733161,250,0.0133855152414639,-7.66953425069448,-0.0187300018975608,300.0055237,300.0055237,-26656.947265625,-26557.10546875,56.536754053006,20.8226427838931,8.512546,0,0,0,40,4449,299.85895,-26607.0263671875,,,,,,,,,,,,,0,,,,19.17546175,,,,,,300.0055237,,,,
,15581091.485,300.00509645,-26497.244140625,-7.66483444846527,0.00130252599955863,1,0.999253354069792,40.0298881530762,1.98039191316753,10.7500003650784,-41.4757860717733,-7.60810543201303,250,0.0147075920287583,-7.66334264226755,-0.0173828775699861,300.0046692,300.0055237,-26557.10546875,-26437.3828125,56.9142806277945,20.8229178242851,9.256284,0,0,0,40,4449,299.85875,-26497.244140625,,,,,,,,,,,,,0,,,,19.3670158,,,,,,300.00509645,,,,
,15581092.525,300.0041046,-26392.3779296875,-7.66297106224167,0.00140049958348021,1,0.999253354069792,40.0298881530762,1.98051411814061,10.7399998232722,-41.4675418280696,-7.61026301263132,250,0.0140485168137979,-7.661477099033,-0.0180346049038066,300.00354,300.0046692,-26437.3828125,-26347.373046875,57.4168677656599,20.8294767131503,8.512546,0,0,0,40,4449,299.8587,-26392.3779296875,,,,,,,,,,,,,0,,,,19.17546175,,,,,,300.0041046,,,,
,15581093.495,300.00354,-26297.4150390625,-7.66675446364703,0.00132056670441504,1,0.999253354069792,40.0298881530762,1.98062266219398,10.7500003650784,-41.490620339233,-7.61234322818589,250,0.014441079033378,-7.6652615037158,-0.0176583092283611,300.00354,300.00354,-26347.373046875,-26247.45703125,56.8806706014676,20.8285459105782,9.256284,0,0,0,40,4449,299.8601,-26297.4150390625,,,,,,,,,,,,,0,,,,19.17546175,,,,,,300.00354,,,,
,15581094.645,300.00370785,-26182.5498046875,-7.6614288923527,0.0013060598271617,1,0.999253354069792,40.0298881530762,1.98047230496722,10.7399998232722,-41.4585034842271,-7.60770825516211,250,0.0142070028065869,-7.65993591006795,-0.0178708214828476,300.00354,300.0038757,-26247.45703125,-26117.642578125,55.8997268098328,20.8238523445554,9.256284,0,0,0,40,4449,299.85895,-26182.5498046875,,,,,,,,,,,,,0,,,,19.17546175,,,,,,300.00370785,,,,
,15581095.79,300.0041046,-26067.7451171875,-7.66370453320056,0.00123780949051927,1,0.999253354069792,40.0298881530762,1.98060382467607,10.7399998232722,-41.4716348199416,-7.62053553550498,250,0.0123496845402315,-7.6622031265707,-0.0197380809647695,300.0038757,300.0043335,-26117.642578125,-26017.84765625,56.7180918694675,20.8278990689322,8.512546,0,0,0,40,4449,299.8577,-26067.7451171875,,,,,,,,,,,,,0,,,,19.17546175,,,,,,300.0041046,,,,
,15581096.93,300.00476075,-25952.875,-7.66402631005344,0.000954961560694379,1,0.999253354069792,40.0298881530762,1.98064747728706,10.7399998232722,-41.4761142296512,-7.61105302952153,250,0.0141930253444528,-7.66253230889142,-0.0178971059158247,300.0043335,300.005188,-26017.84765625,-25887.90234375,56.177986562679,20.8269316626752,8.884414,0,0,0,40,4449,299.8576,-25952.875,,,,,,,,,,,,,0,,,,19.3670158,,,,,,300.00476075,,,,
,15581098.125,300.00471495,-25832.9765625,-7.65837391845945,0.00140436156276137,1,0.999253354069792,40.0298881530762,1.98040672237882,10.7399998232722,-41.4420804551439,-7.59661131297157,250,0.015648469338435,-7.65688711885837,-0.0164188251731791,300.0042419,300.005188,-25887.90234375,-25778.05078125,57.3176009437176,20.8306403738767,8.512546,0,0,0,40,4449,299.8586,-25832.9765625,,,,,,,,,,,,,0,,,,19.3670158,,,,,,300.00471495,,,,
,15581099.085,300.00430295,-25738.146484375,-7.65920550430935,0.00085605862481976,1,0.999253354069792,40.0298881530762,1.98055868550623,10.7399998232722,-41.4508076948809,-7.59193876349227,250,0.0167718445327947,-7.65772332436917,-0.0152994915298918,300.0042419,300.004364,-25778.05078125,-25698.2421875,57.2152076076984,20.8279678282109,9.256284,0,0,0,40,4449,299.8601,-25738.146484375,,,,,,,,,,,,,0,,,,19.3670158,,,,,,300.00430295,,,,
,15581100.155,300.0044708,-25628.37109375,-7.65986039262376,0.00135256730056407,1,0.999253354069792,40.0298881530762,1.98055179497945,10.7399998232722,-41.450793824422,-7.61098905611353,250,0.0133677745043768,-7.65836370359267,-0.0187064183129984,300.004364,300.0045776,-25698.2421875,-25558.5,56.3022654972367,20.824815165915,8.512546,0,0,0,40,4449,299.8585,-25628.37109375,,,,,,,,,,,,,0,,,,19.3670158,,,,,,300.0044708,,,,
,15581101.515,300.0040741,-25493.544921875,-7.65678446338117,0.00138830894714592,1,0.999253354069792,40.0298881530762,1.98035733100744,10.7399998232722,-41.4321659256655,-7.59649759126788,250,0.0153426666886884,-7.65529669158998,-0.0167199641645579,300.0035706,300.0045776,-25558.5,-25428.58984375,56.7485753817175,20.82239245861,9.256284,0,0,0,40,4449,299.8571,-25493.544921875,,,,,,,,,,,,,0,,,,19.3670158,,,,,,300.0040741,,,,
,15581102.735,300.00364685,-25373.658203125,-7.65347995672415,0.00145715540287728,1,0.999253354069792,40.0298881530762,1.98043449768944,10.7399998232722,-41.4141627546214,-7.60265574089174,250,0.0136456444952813,-7.65198579941734,-0.0184035451679092,300.0035706,300.0037231,-25428.58984375,-25318.7265625,56.6227331901214,20.828203663607,9.256284,0,0,0,40,4449,299.85645,-25373.658203125,,,,,,,,,,,,,0,,,,19.17546175,,,,,,300.00364685,,,,
,15581103.795,300.0036621,-25268.837890625,-7.65468199731522,0.001244535299917,1,0.999253354069792,40.0298881530762,1.98045820110252,10.7500003650784,-41.420930190028,-7.60512781550659,250,0.0134279454923018,-7.65318667993738,-0.0186262392971471,300.0036011,300.0037231,-25318.7265625,-25218.94921875,56.5914680493521,20.8255443554771,9.256284,0,0,0,40,4449,299.86095,-25268.837890625,,,,,,,,,,,,,0,,,,18.9839077,,,,,,300.0036621,,,,
,15581104.915,300.00384525,-25158.98828125,-7.65151757825704,0.00123733019112869,1,0.999253354069792,40.0298881530762,1.98059644960434,10.7500003650784,-41.408768877103,-7.59094228438444,250,0.0155593180204116,-7.65003175394676,-0.0164822709785948,300.0036011,300.0040894,-25218.94921875,-25099.02734375,57.2019199228714,20.8248551196349,9.256284,0,0,0,40,4449,299.86395,-25158.98828125,,,,,,,,,,,,,0,,,,18.9839077,,,,,,300.00384525,,,,
,15581105.995,300.00364685,-25049.1005859375,-7.64938854686989,0.00154821958824284,1,0.999253354069792,40.0298881530762,1.98044275127291,10.7399998232722,-41.3902011850762,-7.60935502898147,250,0.011655292664998,-7.64788678599758,-0.0203773985489518,300.0032043,300.0040894,-25099.02734375,-24999.173828125,57.1573670972753,20.8244856441218,8.884414,0,0,0,40,4449,299.8623,-25049.1005859375,,,,,,,,,,,,,0,,,,19.07919695,,,,,,300.00364685,,,,
,15581106.955,300.00352475,-24954.236328125,-7.64943957356866,0.00162877066904928,1,0.999253354069792,40.0298881530762,1.98058304818781,10.7399998232722,-41.395523518065,-7.59814026428927,250,0.0138354588809725,-7.64794692254343,-0.0181983426324152,300.0032043,300.0038452,-24999.173828125,-24909.298828125,56.5617661656214,20.8226523137618,9.256284,0,0,0,40,4449,299.8628,-24954.236328125,,,,,,,,,,,,,0,,,,19.270751,,,,,,300.00352475,,,,
,15581108.025,300.0034027,-24849.5078125,-7.64838006304541,0.00130510061538154,1,0.999253354069792,40.0298881530762,1.98056083110075,10.7399998232722,-41.3874600067205,-7.60712730413575,250,0.0119629481933366,-7.64687976343472,-0.0200666334551,300.0029602,300.0038452,-24909.298828125,-24789.716796875,57.5067550453715,20.8268409904976,9.256284,0,0,0,40,4449,299.8626,-24849.5078125,,,,,,,,,,,,,0,,,,19.3670158,,,,,,300.0034027,,,,
,15581109.11,300.00234985,-24739.822265625,-7.64549306744433,0.00154661212124045,1,0.999253354069792,40.0298881530762,1.98040432604461,10.7500003650784,-41.3709052171123,-7.59150859017364,250,0.0142073813603589,-7.64400298181033,-0.0178112649169195,300.0017395,300.0029602,-24789.716796875,-24689.927734375,56.7751507513714,20.8298180343881,8.512546,0,0,0,40,4449,299.8618,-24739.822265625,,,,,,,,,,,,,0,,,,19.3670158,,,,,,300.00234985,,,,
,15581110.11,300.0029907,-24639.978515625,-7.64393419959394,0.0011242857359979,1,0.999253354069792,40.0298881530762,1.9805215461913,10.7399998232722,-41.3650550546633,-7.58932873073722,250,0.0144027914427415,-7.64244501837737,-0.0176098841525594,300.0017395,300.0042419,-24689.927734375,-24590.029296875,56.5891231637945,20.8264043737266,9.256284,0,0,0,40,4449,299.862,-24639.978515625,,,,,,,,,,,,,0,,,,19.3670158,,,,,,300.0029907,,,,
,15581111.155,300.00344845,-24535.1171875,-7.6460846585917,0.00148979668642921,1,0.999253354069792,40.0298881530762,1.98074737269591,10.7399998232722,-41.3789257495763,-7.60507424865999,250,0.0120478676116087,-7.6445849839441,-0.0199740380184747,300.002655,300.0042419,-24590.029296875,-24480.205078125,56.9549253107945,20.827797033458,9.256284,0,0,0,40,4449,299.86095,-24535.1171875,,,,,,,,,,,,,0,,,,19.3670158,,,,,,300.00344845,,,,
,15581112.17,300.00286865,-24430.3203125,-7.64525078583759,0.00144686486135168,1,0.999253354069792,40.0298881530762,1.98074737269591,10.7399998232722,-41.3786478187568,-7.58140899176105,250,0.016268139395588,-7.64376905269402,-0.0157518065799313,300.002655,300.0030823,-24480.205078125,-24380.435546875,56.4937644844483,20.827797033458,8.512546,0,0,0,40,4449,299.8601,-24430.3203125,,,,,,,,,,,,,0,,,,19.3670158,,,,,,300.00286865,,,,
,15581113.265,300.0027466,-24320.458984375,-7.64316856362811,0.00130886171540507,1,0.999253354069792,40.0298881530762,1.98043354812392,10.7399998232722,-41.3587829566826,-7.59005042635586,250,0.014068613224842,-7.64167801433829,-0.0179428135652957,300.0024109,300.0030823,-24380.435546875,-24260.482421875,56.7180918694675,20.8238729246284,9.256284,0,0,0,40,4449,299.8597,-24320.458984375,,,,,,,,,,,,,0,,,,19.3670158,,,,,,300.0027466,,,,
,15581114.485,300.0028076,-24200.580078125,-7.64335312867033,0.00148257203485227,1,0.999253354069792,40.0298881530762,1.98071754555544,10.7399998232722,-41.3668277154339,-7.58449165068291,250,0.0153272382527217,-7.64186772802499,-0.0166859295114588,300.0024109,300.0032043,-24260.482421875,-24140.677734375,56.8697278021983,20.8327924764832,8.512546,0,0,0,40,4449,299.8592,-24200.580078125,,,,,,,,,,,,,0,,,,19.17546175,,,,,,300.0028076,,,,
,15581115.71,300.0031433,-24080.779296875,-7.64028836680666,0.00133549687421951,1,0.999253354069792,40.0298881530762,1.98049759277304,10.7500003650784,-41.3429245941246,-7.5959278017428,250,0.0124936619140636,-7.63879156361089,-0.0195067509266417,300.0030823,300.0032043,-24140.677734375,-24020.880859375,57.0768593597945,20.8310035702103,8.512546,0,0,0,40,4449,299.85915,-24080.779296875,,,,,,,,,,,,,0,,,,19.17546175,,,,,,300.0031433,,,,
,15581116.82,300.00250245,-23970.9609375,-7.63804563640358,0.00130358333242275,1,0.999253354069792,40.0298881530762,1.98019103257052,10.7500003650784,-41.3270358601392,-7.57914196338599,250,0.0149699276482762,-7.63655977786882,-0.0170222392438261,300.0019226,300.0030823,-24020.880859375,-23921.041015625,57.2628869473714,20.8332972234464,8.512546,0,0,0,40,4449,299.85875,-23970.9609375,,,,,,,,,,,,,0,,,,19.3670158,,,,,,300.00250245,,,,
,15581117.915,300.00160215,-23856.13671875,-7.63677858338988,0.00150648191864574,1,0.999253354069792,40.0298881530762,1.98041635968311,10.7399998232722,-41.3236277444444,-7.58487221834863,250,0.013831775051201,-7.63528841420748,-0.0181554249887616,300.0012817,300.0019226,-23921.041015625,-23791.232421875,57.0268351345637,20.8263295238441,8.512546,0,0,0,40,4449,299.85915,-23856.13671875,,,,,,,,,,,,,0,,,,19.17546175,,,,,,300.00160215,,,,
,15581119.1,300.0011444,-23736.345703125,-7.63537160612865,0.00133456889957921,1,0.999253354069792,40.0298881530762,1.9805537528192,10.7399998232722,-41.3203840530355,-7.57550159867879,250,0.0153986704838316,-7.63388834731055,-0.01658365148618,300.0010071,300.0012817,-23791.232421875,-23681.458984375,56.0021201458521,20.8279224909869,9.256284,0,0,0,40,4449,299.85875,-23736.345703125,,,,,,,,,,,,,0,,,,18.9839077,,,,,,300.0011444,,,,
,15581120.055,300.00106815,-23646.482421875,-7.63734804756561,0.00121612081068164,1,0.999253354069792,40.0298881530762,1.98032822911866,10.7399998232722,-41.3236669002323,-7.59184291330716,250,0.0125890815367341,-7.63585258697477,-0.019401527918151,300.0010071,300.0011292,-23681.458984375,-23611.505859375,57.3879475104484,20.8237975512088,8.884414,0,0,0,40,4449,299.858,-23646.482421875,,,,,,,,,,,,,0,,,,18.9839077,,,,,,300.00106815,,,,
,15581121.07,300.001236,-23546.609375,-7.63507370304898,0.00140166990414226,1,0.999253354069792,40.0298881530762,1.98061901750375,10.7399998232722,-41.3177467394785,-7.58813640638464,250,0.0130541049273849,-7.63358054429041,-0.0189276989982762,300.0011292,300.0013428,-23611.505859375,-23481.712890625,57.3754414541407,20.8253686932298,8.884414,0,0,0,40,4449,299.8573,-23546.609375,,,,,,,,,,,,,0,,,,19.17546175,,,,,,300.001236,,,,
,15581122.27,300.00073245,-23421.7431640625,-7.63375306367399,0.00154104293414495,1,0.999253354069792,40.0298881530762,1.98014181020404,10.7399998232722,-41.3014906862706,-7.58181332371247,250,0.0136493165237141,-7.63226274099097,-0.0183277740416719,300.0001221,300.0013428,-23481.712890625,-23361.7734375,57.4864327038715,20.8240629718463,8.512546,0,0,0,40,4449,299.8571,-23421.7431640625,,,,,,,,,,,,,0,,,,19.270751,,,,,,300.00073245,,,,
,15581123.31,299.99990845,-23316.814453125,-7.62877771219156,0.00143340913147017,1,0.999253354069792,40.0298881530762,1.98045770849554,10.7500003650784,-41.2800457426268,-7.5831739257141,250,0.0126939413331642,-7.62728457504089,-0.0192626740738775,299.9996948,300.0001221,-23361.7734375,-23271.85546875,56.3937160339867,20.828717556322,8.512546,0,0,0,40,4449,299.85715,-23316.814453125,,,,,,,,,,,,,0,,,,19.270751,,,,,,299.99990845,,,,
,15581124.275,300.0001526,-23221.9384765625,-7.63120532874508,0.0014356966095288,1,0.999253354069792,40.0298881530762,1.9805697616705,10.7399998232722,-41.2967201811497,-7.57920907522153,250,0.0139548496336478,-7.62971686203717,-0.01801271788003,299.9996948,300.0006104,-23271.85546875,-23172.021484375,56.9244417985445,20.8319231168256,9.256284,0,0,0,40,4449,299.857,-23221.9384765625,,,,,,,,,,,,,0,,,,19.3670158,,,,,,300.0001526,,,,
,15581125.34,300.000351,-23116.8193359375,-7.628100502416,0.00142178998343722,1,0.999253354069792,40.0298881530762,1.98044287951448,10.7399998232722,-41.2769593441879,-7.57769541620873,250,0.0135719511639021,-7.62661095297568,-0.0183830846208931,300.0000916,300.0006104,-23172.021484375,-23061.6171875,57.3371416566984,20.821905040325,8.512546,0,0,0,40,4449,299.8571,-23116.8193359375,,,,,,,,,,,,,0,,,,19.3670158,,,,,,300.000351,,,,
,15581126.33,300.0000916,-23016.5986328125,-7.63031569335958,0.00142358470670318,1,0.999253354069792,40.0298881530762,1.98055753088364,10.7399998232722,-41.2912289625339,-7.58058696428544,250,0.0135277145320142,-7.62882554154359,-0.0184370215651802,300.0000916,300.0000916,-23061.6171875,-22971.580078125,56.9572701963522,20.8268809979484,9.256284,0,0,0,40,4449,299.85795,-23016.5986328125,,,,,,,,,,,,,0,,,,19.3670158,,,,,,300.0000916,,,,
,15581127.385,300.00050355,-22911.650390625,-7.62739448768449,0.00134270471530936,1,0.999253354069792,40.0298881530762,1.98048441745176,10.7399998232722,-41.2749367480986,-7.5720028760203,250,0.0145230757462178,-7.62590891981574,-0.0174302753673947,300.0000916,300.0009155,-22971.580078125,-22851.720703125,56.8705094307176,20.8261414188257,9.256284,0,0,0,40,4449,299.85725,-22911.650390625,,,,,,,,,,,,,0,,,,19.17546175,,,,,,300.00050355,,,,
,15581128.465,300.00053405,-22806.8115234375,-7.62467899584724,0.00141008403529648,1,0.999253354069792,40.0298881530762,1.98047444192198,10.7399998232722,-41.2587237135452,-7.57636325147504,250,0.013207378668016,-7.62318838545309,-0.0187350988169659,300.0001526,300.0009155,-22851.720703125,-22761.90234375,56.8908317722176,20.8250722947872,8.512546,0,0,0,40,4449,299.8556,-22806.8115234375,,,,,,,,,,,,,0,,,,18.9839077,,,,,,300.00053405,,,,
,15581129.48,300.00032045,-22706.9150390625,-7.62551657240727,0.00131257527223978,1,0.999253354069792,40.0298881530762,1.98046632663184,10.7500003650784,-41.2632521038679,-7.57629756259292,250,0.0133696538804021,-7.62402649194833,-0.0185767857687774,300.0001526,300.0004883,-22761.90234375,-22651.927734375,56.7220000120637,20.8250176930078,9.256284,0,0,0,40,4449,299.8565,-22706.9150390625,,,,,,,,,,,,,0,,,,19.17546175,,,,,,300.00032045,,,,
,15581130.675,299.99995425,-22587.0751953125,-7.62024896999105,0.0014796151590323,1,0.999253354069792,40.0298881530762,1.98061944272472,10.7399998232722,-41.2361130280064,-7.58104494252822,250,0.0116213779630477,-7.61875270095382,-0.0203030164306232,299.9994202,300.0004883,-22651.927734375,-22522.22265625,57.0151107067753,20.8256241282733,9.256284,0,0,0,40,4449,299.8586,-22587.0751953125,,,,,,,,,,,,,0,,,,19.3670158,,,,,,299.99995425,,,,
,15581131.8,299.99925235,-22472.267578125,-7.62188554953183,0.00131681701038116,1,0.999253354069792,40.0298881530762,1.98036662489414,10.7399998232722,-41.2408265870005,-7.57638081515132,250,0.0126132246976142,-7.6203932442949,-0.0193188201222039,299.9990845,299.9994202,-22522.22265625,-22422.3125,56.1623539922944,20.8281148985788,8.512546,0,0,0,40,4449,299.85875,-22472.267578125,,,,,,,,,,,,,0,,,,19.3670158,,,,,,299.99925235,,,,
,15581132.815,299.99943545,-22372.3896484375,-7.61997067575738,0.00157927809989984,1,0.999253354069792,40.0298881530762,1.98043249699188,10.7399998232722,-41.2324171006889,-7.57140930738536,250,0.013223089304466,-7.61848121984531,-0.0187015009631437,299.9990845,299.9997864,-22422.3125,-22322.466796875,56.4007506906598,20.8247922012432,8.512546,0,0,0,40,4449,299.85945,-22372.3896484375,,,,,,,,,,,,,0,,,,19.17546175,,,,,,299.99943545,,,,
,15581133.915,299.9990082,-22262.583984375,-7.61687749244852,0.00121919855334532,1,0.999253354069792,40.0298881530762,1.98045931328873,10.7399998232722,-41.2155799616628,-7.57191068966972,250,0.0125759588319505,-7.61538601514362,-0.0193361450745111,299.99823,299.9997864,-22322.466796875,-22202.701171875,56.729816297256,20.8306629524445,9.256284,0,0,0,40,4449,299.8593,-22262.583984375,,,,,,,,,,,,,0,,,,19.07919695,,,,,,299.9990082,,,,
,15581135,299.9981537,-22152.7802734375,-7.61743494527425,0.00114550872919746,1,0.999253354069792,40.0298881530762,1.98054901097867,10.7500003650784,-41.2226096993077,-7.56098039865891,250,0.0147624691140137,-7.61595268151021,-0.0171531857547675,299.9980774,299.99823,-22202.701171875,-22102.859375,56.6743206723906,20.82247889195,8.512546,0,0,0,40,4449,299.8578,-22152.7802734375,,,,,,,,,,,,,0,,,,18.9848366,,,,,,299.9981537,,,,
,15581136.07,299.9978485,-22042.9365234375,-7.61403328640077,0.00155906515835366,1,0.999253354069792,40.0298881530762,1.98055425127546,10.7500003650784,-41.2032962776866,-7.56307859740816,250,0.0137480127350614,-7.61254749715824,-0.0181537181247576,299.9976196,299.9980774,-22102.859375,-21983.013671875,56.4390504881021,20.8307341483832,8.512546,0,0,0,40,4449,299.8582,-22042.9365234375,,,,,,,,,,,,,0,,,,18.7017832,,,,,,299.9978485,,,,
,15581137.445,299.99801635,-21903.0830078125,-7.61642577619599,0.0015586027292007,1,0.999253354069792,40.0298881530762,1.98042160869067,10.7399998232722,-41.2131676702988,-7.56702405308992,250,0.0133716117935805,-7.61493781031344,-0.0185407758281014,299.9976196,299.9984131,-21983.013671875,-21823.15234375,56.3124266679867,20.8261758193518,9.256284,0,0,0,40,4449,299.85845,-21903.0830078125,,,,,,,,,,,,,0,,,,18.6083794,,,,,,299.99801635,,,,
,15581138.79,299.99801635,-21773.2373046875,-7.60988842472299,0.00150805509580971,1,0.999253354069792,40.0298881530762,1.98029612894383,10.7399998232722,-41.1762386840434,-7.55472072350282,250,0.0143483088519159,-7.60840580651568,-0.0175376187445417,299.9976196,299.9984131,-21823.15234375,-21723.322265625,56.9807190519291,20.8306492502745,8.512546,0,0,0,40,4449,299.8581,-21773.2373046875,,,,,,,,,,,,,0,,,,18.79614355,,,,,,299.99801635,,,,
,15581139.82,299.99742125,-21673.3740234375,-7.61242052332176,0.00130558652916073,1,0.999253354069792,40.0298881530762,1.98030658609987,10.7399998232722,-41.1899950352615,-7.55812223581977,250,0.014196639730985,-7.61093687907793,-0.0177003312580025,299.9972229,299.9976196,-21723.322265625,-21623.42578125,56.7305979257752,20.8294658071841,8.884414,0,0,0,40,4449,299.8586,-21673.3740234375,,,,,,,,,,,,,0,,,,19.07919695,,,,,,299.99742125,,,,
,15581140.945,299.9978943,-21558.66015625,-7.60857571799783,0.0013931225439336,1,0.999253354069792,40.0298881530762,1.98037152174238,10.7399998232722,-41.1690073661831,-7.56263369365715,250,0.0126948654362563,-7.60708637906315,-0.0191862096216979,299.9972229,299.9985657,-21623.42578125,-21493.89453125,57.0049495360253,20.8261495502953,9.256284,0,0,0,40,4449,299.8593,-21558.66015625,,,,,,,,,,,,,0,,,,19.07919695,,,,,,299.9978943,,,,
,15581142.945,299.997467,-21359.158203125,-7.6114569254734,0.00117711871341125,1,0.999253354069792,40.0298881530762,1.98043008392839,10.7399998232722,-41.1856913924335,-7.56622275355756,250,0.0126066437660843,-7.60996668649456,-0.0192871793217097,299.997467,299.997467,-21364.119140625,-21354.197265625,57.332451885583,20.8288961449744,9.256284,0,0,0,40,4449,299.86215,-21359.158203125,,,,,,,,,,,,,0,,,,19.3670158,,,,,,299.997467,,,,
,15581143.455,299.9972076,-21309.2451171875,-7.60515819025276,0.00123213820214047,1,0.999253354069792,40.0298881530762,1.98033035372845,10.7399998232722,-41.1496167084929,-7.55943442235049,250,0.0126252989535728,-7.60366935104899,-0.0192424310442095,299.9969482,299.997467,-21354.197265625,-21264.29296875,56.1639172493329,20.8254144104787,9.256284,0,0,0,40,4449,299.8619,-21309.2451171875,,,,,,,,,,,,,0,,,,19.3670158,,,,,,299.9972076,,,,
,15581144.5,299.997467,-21204.3701171875,-7.60375752836983,0.00149542754685927,1,0.999253354069792,40.0298881530762,1.98027989804967,10.7399998232722,-41.1422209354488,-7.55135060092615,250,0.0138258593465523,-7.60227388296562,-0.0180367463685949,299.9969482,299.9979858,-21264.29296875,-21144.447265625,56.557076394506,20.8271062819232,8.512546,0,0,0,40,4449,299.8623,-21204.3701171875,,,,,,,,,,,,,0,,,,19.17546175,,,,,,299.997467,,,,
,15581145.7,299.9975891,-21084.462890625,-7.60522690880482,0.00157073183562235,1,0.999253354069792,40.0298881530762,1.98066867854833,10.7500003650784,-41.1564849827172,-7.56270071998168,250,0.0122681465961142,-7.60373635152577,-0.0196008545194248,299.9971924,299.9979858,-21144.447265625,-21024.478515625,56.9244417985445,20.8331791037419,8.884414,0,0,0,40,4449,299.8629,-21084.462890625,,,,,,,,,,,,,0,,,,18.9839077,,,,,,299.9975891,,,,
,15581146.81,299.99765015,-20974.572265625,-7.60346320366702,0.00165889962851126,1,0.999253354069792,40.0298881530762,1.98031398240238,10.7500003650784,-41.1394881658531,-7.56105482442449,250,0.0120017013691446,-7.60197182020148,-0.019860381945404,299.9971924,299.9981079,-21024.478515625,-20924.666015625,56.0841911403713,20.8257698613008,8.512546,0,0,0,40,4449,299.8633,-20974.572265625,,,,,,,,,,,,,0,,,,19.17546175,,,,,,299.99765015,,,,
,15581147.88,299.9977417,-20864.7041015625,-7.60445630503687,0.00119237882263577,1,0.999253354069792,40.0298881530762,1.98042342602422,10.7399998232722,-41.1483110789896,-7.55580507476666,250,0.0132322091353118,-7.60296979986649,-0.0186348168374815,299.9973755,299.9981079,-20924.666015625,-20804.7421875,56.8697278021983,20.8253827789461,9.256284,0,0,0,40,4449,299.86365,-20864.7041015625,,,,,,,,,,,,,0,,,,19.3670158,,,,,,299.9977417,,,,
,15581149.02,299.9970703,-20749.8603515625,-7.60250884387527,0.00148195792836644,1,0.999253354069792,40.0298881530762,1.9805009020416,10.7399998232722,-41.1393220217199,-7.55427464796824,250,0.0132080882858313,-7.60102274902607,-0.0186515247780629,299.9967651,299.9973755,-20804.7421875,-20694.978515625,57.3183825722368,20.8285687186007,8.512546,0,0,0,40,4449,299.86245,-20749.8603515625,,,,,,,,,,,,,0,,,,19.3670158,,,,,,299.9970703,,,,
,15581150.06,299.9967651,-20650.0712890625,-7.60045836072133,0.00155475519338363,1,0.999253354069792,40.0298881530762,1.9805009020416,10.7399998232722,-41.1274275930125,-7.5565457547093,250,0.0124085519451691,-7.5989693694278,-0.0194428036960068,299.9967651,299.9967651,-20694.978515625,-20605.1640625,56.188147733429,20.8285687186007,8.512546,0,0,0,40,4449,299.86265,-20650.0712890625,,,,,,,,,,,,,0,,,,19.17546175,,,,,,299.9967651,,,,
,15581151.11,299.9966583,-20545.2626953125,-7.59941743105967,0.00165800067377228,1,0.999253354069792,40.0298881530762,1.9803159231995,10.7399998232722,-41.1198430305972,-7.5451449367887,250,0.0141966513292566,-7.59793611131079,-0.0176513590573706,299.9965515,299.9967651,-20605.1640625,-20485.361328125,56.6969878994483,20.8243167379984,9.256284,0,0,0,40,4449,299.8618,-20545.2626953125,,,,,,,,,,,,,0,,,,19.17546175,,,,,,299.9966583,,,,
,15581152.265,299.9966278,-20425.4921875,-7.59594896219351,0.0013354966661953,1,0.999253354069792,40.0298881530762,1.9802766448809,10.7399998232722,-41.1007969951976,-7.53876748324803,250,0.0147061048225869,-7.5944704392195,-0.01712799863789,299.9965515,299.9967041,-20485.361328125,-20365.623046875,57.4575124486599,20.8262379817613,8.884414,0,0,0,40,4449,299.8626,-20425.4921875,,,,,,,,,,,,,0,,,,19.3670158,,,,,,299.9966278,,,,
,15581153.265,299.9967041,-20325.6474609375,-7.59822871970243,0.00127176687831533,1,0.999253354069792,40.0298881530762,1.98038805571339,10.7500003650784,-41.1117513775003,-7.56105818229803,250,0.0110846888266898,-7.59673451347918,-0.0207584842894699,299.9967041,299.9967041,-20365.623046875,-20285.671875,56.5289377678137,20.8258937908362,9.256284,0,0,0,40,4449,299.86475,-20325.6474609375,,,,,,,,,,,,,0,,,,19.3670158,,,,,,299.9967041,,,,
,15581154.32,299.9974365,-20220.7109375,-7.5953550852814,0.00155443254571022,1,0.999253354069792,40.0298881530762,1.98044472032083,10.7500003650784,-41.099275670489,-7.54801585729978,250,0.0130025162398821,-7.59386923125236,-0.0188296557295223,299.9967041,299.9981689,-20285.671875,-20155.75,56.9994781363906,20.8313863128603,9.256284,0,0,0,40,4449,299.8639,-20220.7109375,,,,,,,,,,,,,0,,,,19.17546175,,,,,,299.9974365,,,,
,15581155.54,299.99703975,-20100.8779296875,-7.59278331031798,0.00172785134541717,1,0.999253354069792,40.0298881530762,1.98031516375983,10.7399998232722,-41.0814467569302,-7.5519437206109,250,0.0117111755847828,-7.5912926082732,-0.0201106803615695,299.9959106,299.9981689,-20155.75,-20046.005859375,56.1295255944867,20.8309231345803,9.256284,0,0,0,40,4449,299.8631,-20100.8779296875,,,,,,,,,,,,,0,,,,19.17546175,,,,,,299.99703975,,,,
,15581156.68,299.99583435,-19991.068359375,-7.59048881942825,0.00142759300243322,1,0.999253354069792,40.0298881530762,1.98028184155504,10.7399998232722,-41.0707717025621,-7.53653031966762,250,0.0141128964323612,-7.58900894446041,-0.017700257417999,299.9957581,299.9959106,-20046.005859375,-19936.130859375,56.6196066760444,20.8319099407453,8.512546,0,0,0,40,4449,299.86425,-19991.068359375,,,,,,,,,,,,,0,,,,19.3670158,,,,,,299.99583435,,,,
,15581157.805,299.99517825,-19875.5947265625,-7.58764510289932,0.00132090277839575,1,0.999253354069792,40.0298881530762,1.98027103889079,10.7399998232722,-41.0553926175346,-7.53245108923042,250,0.0143328435403457,-7.58616686595239,-0.0174688983835954,299.9945984,299.9957581,-19936.130859375,-19815.05859375,56.4523381729291,20.8309236078144,8.884414,0,0,0,40,4449,299.86535,-19875.5947265625,,,,,,,,,,,,,0,,,,19.17546175,,,,,,299.99517825,,,,
,15581158.98,299.99586485,-19755.09375,-7.58938264509921,0.00128025912194274,1,0.999253354069792,40.0298881530762,1.98027288906712,10.7399998232722,-41.0636911122377,-7.54032539907839,250,0.0132012535945295,-7.58789904468406,-0.0186083457867982,299.9945984,299.9971313,-19815.05859375,-19695.12890625,57.1339182416984,20.8250209565526,8.512546,0,0,0,40,4449,299.8639,-19755.09375,,,,,,,,,,,,,0,,,,19.17546175,,,,,,299.99586485,,,,
,15581160.15,299.99703975,-19640.1123046875,-7.58650890246328,0.0012788997719234,1,0.999253354069792,40.0298881530762,1.98036055489973,10.7399998232722,-41.0519859791604,-7.52661343788942,250,0.0152640468210197,-7.58503414602916,-0.0165345081576361,299.9969482,299.9971313,-19695.12890625,-19585.095703125,56.0935706826021,20.8299326741392,8.884414,0,0,0,40,4449,299.864,-19640.1123046875,,,,,,,,,,,,,0,,,,19.3670158,,,,,,299.99703975,,,,
,15581161.22,299.9968414,-19535.0927734375,-7.58669952599159,0.00146188502621778,1,0.999253354069792,40.0298881530762,1.98038554492723,10.7500003650784,-41.0513548113953,-7.53858779626019,250,0.0131031821416831,-7.58521569688647,-0.0186960816778319,299.9967346,299.9969482,-19585.095703125,-19485.08984375,56.8079791491791,20.8236170312455,9.256284,0,0,0,40,4449,299.86555,-19535.0927734375,,,,,,,,,,,,,0,,,,19.17546175,,,,,,299.9968414,,,,
,15581162.37,299.9962616,-19420.1171875,-7.5870189287973,0.0014028603148995,1,0.999253354069792,40.0298881530762,1.98012202496334,10.7399998232722,-41.0467224380476,-7.54349808391275,250,0.0120741576252151,-7.58553083547995,-0.0197267481483018,299.9957886,299.9967346,-19485.08984375,-19355.14453125,56.2889778124098,20.8270209067322,8.512546,0,0,0,40,4449,299.8662,-19420.1171875,,,,,,,,,,,,,0,,,,19.17546175,,,,,,299.9962616,,,,
,15581163.605,299.99583435,-19295.2548828125,-7.58130197007284,0.00128860398006495,1,0.999253354069792,40.0298881530762,1.98035374933101,10.7500003650784,-41.025040801469,-7.51405073934072,250,0.0166179489091333,-7.57983413602311,-0.015160585742279,299.9957886,299.9958801,-19355.14453125,-19235.365234375,56.6633778731214,20.8238469823388,8.512546,0,0,0,40,4449,299.866,-19295.2548828125,,,,,,,,,,,,,0,,,,19.3670158,,,,,,299.99583435,,,,
,15581164.72,299.99583435,-19180.392578125,-7.58061532959336,0.00130156108526502,1,0.999253354069792,40.0298881530762,1.98044983518513,10.7399998232722,-41.0189504016662,-7.53700089573098,250,0.0123142996113683,-7.57912954134539,-0.0194610686484551,299.9957886,299.9958801,-19235.365234375,-19125.419921875,56.5555131374675,20.8298355590206,8.512546,0,0,0,40,4449,299.86605,-19180.392578125,,,,,,,,,,,,,0,,,,19.3670158,,,,,,299.99583435,,,,
,15581165.85,299.9961548,-19065.611328125,-7.57883390173037,0.00150609305543499,1,0.999253354069792,40.0298881530762,1.98019454144161,10.7500003650784,-41.0046742153341,-7.53147713155709,250,0.012830506798976,-7.57735050219133,-0.0189379885259606,299.9957886,299.996521,-19125.419921875,-19005.802734375,55.6722729107367,20.8230970263489,9.256284,0,0,0,40,4449,299.86685,-19065.611328125,,,,,,,,,,,,,0,,,,19.3670158,,,,,,299.9961548,,,,
,15581166.915,299.99639895,-18960.890625,-7.57772261623057,0.00114626763875666,1,0.999253354069792,40.0298881530762,1.98027460687894,10.7399998232722,-41.0013243758934,-7.5250260348498,250,0.0138726183805942,-7.57624368410135,-0.0178920361223658,299.9962769,299.996521,-19005.802734375,-18915.978515625,56.9471090256022,20.8289155489834,8.884414,0,0,0,40,4449,299.8663,-18960.890625,,,,,,,,,,,,,0,,,,19.17546175,,,,,,299.99639895,,,,
,15581167.895,299.99595645,-18866.03515625,-7.57745119955417,0.00144535714761912,1,0.999253354069792,40.0298881530762,1.98012000404688,10.7399998232722,-40.9946036875793,-7.53567283996069,250,0.0117484058911135,-7.57596348771643,-0.0200152538962585,299.995636,299.9962769,-18915.978515625,-18816.091796875,56.4671891147944,20.8251499223506,9.256284,0,0,0,40,4449,299.8656,-18866.03515625,,,,,,,,,,,,,0,,,,19.17546175,,,,,,299.99595645,,,,
,15581168.955,299.9950714,-18761.1455078125,-7.57432222734363,0.00142016581870891,1,0.999253354069792,40.0298881530762,1.98031969224907,10.7399998232722,-40.9814879194391,-7.53448633588784,250,0.0115251822866763,-7.57283441035853,-0.0202258541197189,299.9945068,299.995636,-18816.091796875,-18706.19921875,56.7954730928714,20.8235944417316,9.256284,0,0,0,40,4449,299.8656,-18761.1455078125,,,,,,,,,,,,,0,,,,19.17546175,,,,,,299.9950714,,,,
,15581170.07,299.99475095,-18646.2314453125,-7.57509985084189,0.00141998174389691,1,0.999253354069792,40.0298881530762,1.98024233313933,10.7500003650784,-40.9847278281667,-7.53176982983282,250,0.0121190259657648,-7.57361440829926,-0.019635877658752,299.9945068,299.9949951,-18706.19921875,-18586.263671875,56.8931766577752,20.8259661295508,9.256284,0,0,0,40,4449,299.8664,-18646.2314453125,,,,,,,,,,,,,0,,,,18.9839077,,,,,,299.99475095,,,,
,15581171.165,299.99493405,-18536.380859375,-7.57098602500322,0.00158348684315477,1,0.999253354069792,40.0298881530762,1.9804088746571,10.7399998232722,-40.9677575792706,-7.51790051210359,250,0.014034874559414,-7.56950935127369,-0.017703646393243,299.994873,299.9949951,-18586.263671875,-18486.498046875,55.7402745919097,20.8228013013921,8.512546,0,0,0,40,4449,299.8671,-18536.380859375,,,,,,,,,,,,,0,,,,19.17546175,,,,,,299.99493405,,,,
,15581172.265,299.99526975,-18426.5869140625,-7.57258867754323,0.00163318074035761,1,0.999253354069792,40.0298881530762,1.97997919255461,10.7399998232722,-40.966898595416,-7.52253179354715,250,0.0131820388638927,-7.57110795745215,-0.0185635800619366,299.994873,299.9956665,-18486.498046875,-18366.67578125,56.963523224506,20.8241015384302,8.512546,0,0,0,40,4449,299.86715,-18426.5869140625,,,,,,,,,,,,,0,,,,19.17546175,,,,,,299.99526975,,,,
,15581173.41,299.9951477,-18311.6689453125,-7.56953128764575,0.00150461226964364,1,0.999253354069792,40.0298881530762,1.98030321119375,10.7500003650784,-40.9572730880182,-7.51865413039,250,0.0135547296033189,-7.56805271399598,-0.0181788837278593,299.9946289,299.9956665,-18366.67578125,-18256.662109375,56.5914680493521,20.8285010580463,8.512546,0,0,0,40,4449,299.86595,-18311.6689453125,,,,,,,,,,,,,0,,,,19.17546175,,,,,,299.9951477,,,,
,15581174.45,299.9946747,-18211.83203125,-7.56630065206145,0.00138073485217433,1,0.999253354069792,40.0298881530762,1.98042832549187,10.7500003650784,-40.942922579276,-7.51263760962802,250,0.0141540500444667,-7.56482533560113,-0.0175665872665117,299.9946289,299.9947205,-18256.662109375,-18167.001953125,56.7368509539291,20.829063099354,9.256284,0,0,0,40,4449,299.86645,-18211.83203125,,,,,,,,,,,,,0,,,,19.3670158,,,,,,299.9946747,,,,
,15581176.27,299.9948425,-18027.31640625,-7.56618268137816,0.00163884795635346,1,0.999253354069792,40.0298881530762,1.98029383479092,10.7399998232722,-40.9379098397517,-7.52098480509941,250,0.0124977814551138,-7.56470031924093,-0.0192228611484153,299.9948425,299.9948425,-18037.296875,-18017.3359375,56.5953761919483,20.8315804747143,9.256284,0,0,0,40,4449,299.86725,-18027.31640625,,,,,,,,,,,,,0,,,,18.9839077,,,,,,299.9948425,,,,
,15581176.895,299.99497985,-17962.4169921875,-7.56775935187392,0.00111610477531736,1,0.999253354069792,40.0298881530762,1.98036642234901,10.7500003650784,-40.9492479429646,-7.51557448709838,250,0.0138402375231197,-7.56628224108119,-0.0178874781023572,299.9948425,299.9951172,-18017.3359375,-17907.498046875,56.5492601093137,20.8224437134504,8.512546,0,0,0,40,4449,299.86835,-17962.4169921875,,,,,,,,,,,,,0,,,,18.9839077,,,,,,299.99497985,,,,
,15581177.905,299.9951172,-17862.5966796875,-7.56354399421123,0.00108343278594002,1,0.999253354069792,40.0298881530762,1.98043769384364,10.7500003650784,-40.9278119742971,-7.51199032995576,250,0.0137704667671757,-7.56206735783881,-0.0179400870997168,299.9951172,299.9951172,-17907.498046875,-17817.6953125,56.3593243791406,20.8240136446946,9.256284,0,0,0,40,4449,299.8682,-17862.5966796875,,,,,,,,,,,,,0,,,,19.17546175,,,,,,299.9951172,,,,
,15581178.975,299.9950104,-17757.6796875,-7.56227776061559,0.00141487534331048,1,0.999253354069792,40.0298881530762,1.98027715011929,10.7500003650784,-40.9207340809066,-7.49390795584047,250,0.0167694620337418,-7.56081393115884,-0.0149369408632912,299.9949036,299.9951172,-17817.6953125,-17697.6640625,56.4796951711021,20.8271106949841,9.256284,0,0,0,40,4449,299.86805,-17757.6796875,,,,,,,,,,,,,0,,,,19.270751,,,,,,299.9950104,,,,
,15581180.1,299.9950867,-17647.7666015625,-7.56360947942455,0.00112978109271632,1,0.999253354069792,40.0298881530762,1.98031458865586,10.7399998232722,-40.9258447349979,-7.51073483893413,250,0.0139316353688004,-7.56213340582556,-0.0177803607249604,299.9949036,299.9952698,-17697.6640625,-17597.869140625,57.0674798175637,20.8282411346513,9.256284,0,0,0,40,4449,299.8678,-17647.7666015625,,,,,,,,,,,,,0,,,,19.07919695,,,,,,299.9950867,,,,
,15581181.065,299.9943085,-17552.8974609375,-7.55982254333003,0.00147067160389389,1,0.999253354069792,40.0298881530762,1.98031458865586,10.7399998232722,-40.9049759931563,-7.50901840562559,250,0.0135472973135056,-7.55834579625473,-0.0181492420477149,299.9933472,299.9952698,-17597.869140625,-17507.92578125,56.7251265261406,20.8282411346513,8.512546,0,0,0,40,4449,299.86765,-17552.8974609375,,,,,,,,,,,,,0,,,,18.9839077,,,,,,299.9943085,,,,
,15581182.065,299.99295045,-17453.0537109375,-7.5606787877028,0.0012243597859338,1,0.999253354069792,40.0298881530762,1.98042311261706,10.7399998232722,-40.9117663689659,-7.51043791957022,250,0.013518601249135,-7.55920205875676,-0.0181822192527391,299.9925537,299.9933472,-17507.92578125,-17398.181640625,56.0114996880828,20.8276094226309,8.512546,0,0,0,40,4449,299.8661,-17453.0537109375,,,,,,,,,,,,,0,,,,18.9839077,,,,,,299.99295045,,,,
,15581183.17,299.9926758,-17343.3017578125,-7.55683875333932,0.00137892763754727,1,0.999253354069792,40.0298881530762,1.98031195643077,10.7399998232722,-40.8897017791885,-7.5010745710139,250,0.0144620451373647,-7.55536679388085,-0.0172233005563977,299.9925537,299.9927979,-17398.181640625,-17288.421875,57.0393411908714,20.8260523129948,8.512546,0,0,0,40,4449,299.86705,-17343.3017578125,,,,,,,,,,,,,0,,,,18.9839077,,,,,,299.9926758,,,,
,15581184.23,299.99276735,-17238.5283203125,-7.55684617667775,0.00138323875068464,1,0.999253354069792,40.0298881530762,1.98036793945118,10.7399998232722,-40.8907952236555,-7.50168727677706,250,0.014388703532015,-7.55537385168087,-0.0172969844904437,299.9927368,299.9927979,-17288.421875,-17188.634765625,57.7553129144869,20.8265561344399,9.256284,0,0,0,40,4449,299.86865,-17238.5283203125,,,,,,,,,,,,,0,,,,18.9839077,,,,,,299.99276735,,,,
,15581185.325,299.9925537,-17128.708984375,-7.5535619862322,0.00154904297841786,1,0.999253354069792,40.0298881530762,1.98029092694486,10.7399998232722,-40.8707096191231,-7.50226430791239,250,0.0136210098931215,-7.55208711455099,-0.0180513161699232,299.9923706,299.9927368,-17188.634765625,-17068.783203125,57.5114448164869,20.8324262049069,9.256284,0,0,0,40,4449,299.86855,-17128.708984375,,,,,,,,,,,,,0,,,,18.9839077,,,,,,299.9925537,,,,
,15581186.43,299.99256895,-17013.7958984375,-7.55490189377877,0.0010215437237888,1,0.999253354069792,40.0298881530762,1.98036538120569,10.7399998232722,-40.8813859193183,-7.49347488283792,250,0.0155457572627531,-7.55343476540243,-0.016133108533085,299.9923706,299.9927673,-17068.783203125,-16958.80859375,56.3499448369098,20.8311046801087,9.256284,0,0,0,40,4449,299.8689,-17013.7958984375,,,,,,,,,,,,,0,,,,19.17546175,,,,,,299.99256895,,,,
,15581187.48,299.9924011,-16908.8896484375,-7.55314281449676,0.00132829761483053,1,0.999253354069792,40.0298881530762,1.98044554622442,10.7399998232722,-40.8732901350615,-7.49305421047028,250,0.0153526572115513,-7.55167522126697,-0.0163194122137124,299.9920349,299.9927673,-16958.80859375,-16858.970703125,56.4992358840829,20.8254160997997,9.256284,0,0,0,40,4449,299.86815,-16908.8896484375,,,,,,,,,,,,,0,,,,19.270751,,,,,,299.9924011,,,,
,15581188.61,299.99217225,-16799.0927734375,-7.54959307162296,0.00130940733225711,1,0.999253354069792,40.0298881530762,1.98008392783195,10.7399998232722,-40.8458115442824,-7.49355632918944,250,0.0143554211303023,-7.54812202748014,-0.0173021231496911,299.9920349,299.9923096,-16858.970703125,-16739.21484375,55.9982120032559,20.8262961739821,8.884414,0,0,0,40,4449,299.86805,-16799.0927734375,,,,,,,,,,,,,0,,,,19.07919695,,,,,,299.99217225,,,,
,15581189.74,299.99269105,-16684.3125,-7.55035282777745,0.0012998519876271,1,0.999253354069792,40.0298881530762,1.98033899564791,10.7399998232722,-40.856446580807,-7.487740069878,250,0.0157459746065643,-7.54888728020641,-0.015915409391578,299.9923096,299.9930725,-16739.21484375,-16629.41015625,56.3366571520829,20.8318527301074,8.512546,0,0,0,40,4449,299.86965,-16684.3125,,,,,,,,,,,,,0,,,,19.17546175,,,,,,299.99269105,,,,
,15581190.79,299.9927826,-16579.1572265625,-7.54981131902367,0.0014562593355191,1,0.999253354069792,40.0298881530762,1.98024557635131,10.7399998232722,-40.8499824049734,-7.49577776562204,250,0.0140962739408838,-7.54833889660072,-0.017562947131024,299.9924927,299.9930725,-16629.41015625,-16528.904296875,57.5106631879676,20.8212936863393,9.256284,0,0,0,40,4449,299.8703,-16579.1572265625,,,,,,,,,,,,,0,,,,19.17546175,,,,,,299.9927826,,,,
,15581191.9,299.9925232,-16468.8544921875,-7.54527882210748,0.00152845457638801,1,0.999253354069792,40.0298881530762,1.9802736322626,10.7399998232722,-40.8257286935175,-7.49296593163839,250,0.0137954768949965,-7.54380606891498,-0.0178453201207223,299.9924927,299.9925537,-16528.904296875,-16408.8046875,57.0393411908714,20.8235348629123,8.884414,0,0,0,40,4449,299.86955,-16468.8544921875,,,,,,,,,,,,,0,,,,18.9839077,,,,,,299.9925232,,,,
,15581193.045,299.9926605,-16353.9038085938,-7.54307912857891,0.00134478618926474,1,0.999253354069792,40.0298881530762,1.98046929093244,10.7399998232722,-40.8176707139081,-7.49198192312715,250,0.0137034833146793,-7.54160634930576,-0.0179285792636957,299.9925537,299.9927673,-16408.8046875,-16299.0029296875,56.5852150211983,20.829617722308,8.512546,0,0,0,40,4449,299.87005,-16353.9038085938,,,,,,,,,,,,,0,,,,19.07919695,,,,,,299.9926605,,,,
,15581194.015,299.9926605,-16254.017578125,-7.5428814471495,0.00148971937579644,1,0.999253354069792,40.0298881530762,1.98046929093244,10.7399998232722,-40.8170274360278,-7.48948443587698,250,0.0141290226695715,-7.54141044343038,-0.0175028108359351,299.9925537,299.9927673,-16299.0029296875,-16209.0322265625,57.5974239536023,20.829617722308,8.512546,0,0,0,40,4449,299.8699,-16254.017578125,,,,,,,,,,,,,0,,,,18.8914328,,,,,,299.9926605,,,,
,15581195.015,299.9922943,-16154.1176757813,-7.540806801255,0.00133779810648309,1,0.999253354069792,40.0298881530762,1.98045083361072,10.7399998232722,-40.8038008699652,-7.49614389208266,250,0.0125010244737943,-7.53932945958762,-0.0191221365562781,299.9920349,299.9925537,-16209.0322265625,-16099.203125,57.1909771236022,20.8267397779429,9.256284,0,0,0,40,4449,299.871,-16154.1176757813,,,,,,,,,,,,,0,,,,18.6083794,,,,,,299.9922943,,,,
,15581196.055,299.99305725,-16054.20703125,-7.54098508387262,0.00131500043645519,1,0.999253354069792,40.0298881530762,1.9804606414656,10.7399998232722,-40.8069174208759,-7.48580813575596,250,0.0144517379094037,-7.53951564404707,-0.017172878775596,299.9920349,299.9940796,-16099.203125,-16009.2109375,55.9051982094675,20.8218203104078,8.884414,0,0,0,40,4449,299.87245,-16054.20703125,,,,,,,,,,,,,0,,,,18.6083794,,,,,,299.99305725,,,,
,15581197.075,299.99412535,-15954.3354492187,-7.5392512426764,0.00157030371056243,1,0.999253354069792,40.0298881530762,1.98027611220746,10.7500003650784,-40.7924627690574,-7.49075497740529,250,0.0130904715485986,-7.53777608834265,-0.0185272399523092,299.9940796,299.9941711,-16009.2109375,-15899.4599609375,56.167825391929,20.8286517304797,9.256284,0,0,0,40,4449,299.87125,-15954.3354492187,,,,,,,,,,,,,0,,,,18.6083794,,,,,,299.99412535,,,,
,15581198.19,299.9941711,-15839.5366210938,-7.5398777640896,0.00109712740602004,1,0.999253354069792,40.0298881530762,1.98023959451491,10.7399998232722,-40.7974822187939,-7.47849527567589,250,0.0154489493320593,-7.53841230081697,-0.0161724897919034,299.9941711,299.9941711,-15899.4599609375,-15779.61328125,56.2514596434867,20.8304043740023,9.256284,0,0,0,40,4449,299.8708,-15839.5366210938,,,,,,,,,,,,,0,,,,18.7017832,,,,,,299.9941711,,,,
,15581199.205,299.99375915,-15734.7006835938,-7.53310892646872,0.00130953240853422,1,0.999253354069792,40.0298881530762,1.98001912586275,10.7399998232722,-40.7535622519297,-7.48644006889267,250,0.0125751439223538,-7.5316328544899,-0.0190178052937478,299.9933472,299.9941711,-15779.61328125,-15689.7880859375,56.4398321166213,20.8232874318922,9.256284,0,0,0,40,4449,299.8711,-15734.7006835938,,,,,,,,,,,,,0,,,,19.0811014,,,,,,299.99375915,,,,
,15581200.27,299.9932251,-15629.9682617188,-7.53403161618393,0.0014576349075535,1,0.999253354069792,40.0298881530762,1.98031827042366,10.7399998232722,-40.7648650939864,-7.48681899834419,250,0.0128807074624146,-7.53255673402853,-0.0187167251192967,299.993103,299.9933472,-15689.7880859375,-15570.1484375,56.2553677860829,20.8236027074984,8.512546,0,0,0,40,4449,299.8708,-15629.9682617188,,,,,,,,,,,,,0,,,,19.17546175,,,,,,299.9932251,,,,
,15581201.33,299.9931488,-15525.2133789062,-7.53477521697453,0.00173970015646089,1,0.999253354069792,40.0298881530762,1.98003954035621,10.7399998232722,-40.7615764732426,-7.49577903989621,250,0.011172237119022,-7.53329300084635,-0.0204283812653671,299.993103,299.9931946,-15570.1484375,-15480.2783203125,56.8400259184676,20.8243360165021,9.256284,0,0,0,40,4449,299.8716,-15525.2133789062,,,,,,,,,,,,,0,,,,18.9839077,,,,,,299.9931488,,,,
,15581202.305,299.9930878,-15425.2646484375,-7.5309645950303,0.00135586066530354,1,0.999253354069792,40.0298881530762,1.98024537515808,10.7399998232722,-40.7469455105889,-7.48275517503506,250,0.0130144839977387,-7.52949085240123,-0.0185709735207273,299.992981,299.9931946,-15480.2783203125,-15370.2509765625,57.2691399755253,20.8283996132772,9.256284,0,0,0,40,4449,299.87195,-15425.2646484375,,,,,,,,,,,,,0,,,,18.9839077,,,,,,299.9930878,,,,
,15581204.42,299.9914856,-15215.484375,-7.53155815585595,0.00160164310832452,1,0.999253354069792,40.0298881530762,1.97991288702075,10.7399998232722,-40.7446403791489,-7.47589073829798,250,0.0141682258538411,-7.53008949089321,-0.0174208503590393,299.9914856,299.9914856,-15230.4599609375,-15200.5087890625,56.6133536478906,20.8256747058685,8.884414,0,0,0,40,4449,299.873,-15215.484375,,,,,,,,,,,,,0,,,,19.3670158,,,,,,299.9914856,,,,
,15581205.06,299.9920349,-15150.625,-7.52498958376157,0.0013134210222225,1,0.999253354069792,40.0298881530762,1.98036659883436,10.7399998232722,-40.7195251895413,-7.46391216471362,250,0.0154739070035272,-7.52352754668847,-0.0160881836431086,299.9914856,299.9925842,-15200.5087890625,-15100.7412109375,56.4836033136983,20.8223698174314,8.512546,0,0,0,40,4449,299.87315,-15150.625,,,,,,,,,,,,,0,,,,19.17546175,,,,,,299.9920349,,,,
,15581206.06,299.9920349,-15050.744140625,-7.52628804578345,0.00132755670097227,1,0.999253354069792,40.0298881530762,1.98042306289771,10.7500003650784,-40.7284240295043,-7.46141598057526,250,0.0162149255950535,-7.52482881270611,-0.0153531851327444,299.9914856,299.9925842,-15100.7412109375,-15000.7470703125,56.5750538504483,20.8277317391303,9.256284,0,0,0,40,4449,299.87365,-15050.744140625,,,,,,,,,,,,,0,,,,19.17546175,,,,,,299.9920349,,,,
,15581207.17,299.9913788,-14940.9282226562,-7.52736739186232,0.00134120212721608,1,0.999253354069792,40.0298881530762,1.98021769891909,10.7399998232722,-40.7289581795484,-7.46813528906635,250,0.015033744968391,-7.5259031225358,-0.0165391312358274,299.991272,299.9914856,-15000.7470703125,-14881.109375,57.095618444256,20.8262169580636,8.884414,0,0,0,40,4449,299.8741,-14940.9282226562,,,,,,,,,,,,,0,,,,19.17546175,,,,,,299.9913788,,,,
,15581208.31,299.99131775,-14826.2309570313,-7.52326915779821,0.0014417989245023,1,0.999253354069792,40.0298881530762,1.98033967653203,10.7399998232722,-40.7087544724687,-7.46707681311475,250,0.0145531188439897,-7.52180365754525,-0.0170031405386631,299.991272,299.9913635,-14881.109375,-14771.3525390625,56.7759323798906,20.8298580552654,8.512546,0,0,0,40,4449,299.8732,-14826.2309570313,,,,,,,,,,,,,0,,,,18.9839077,,,,,,299.99131775,,,,
,15581209.325,299.9920807,-14726.4272460938,-7.52282445087916,0.00131812192072234,1,0.999253354069792,40.0298881530762,1.98018445130279,10.7399998232722,-40.7019453374846,-7.47301738640027,250,0.013267220140967,-7.52135338880052,-0.0182874087891252,299.9913635,299.9927979,-14771.3525390625,-14681.501953125,56.5820885071214,20.832738601282,9.256284,0,0,0,40,4449,299.8731,-14726.4272460938,,,,,,,,,,,,,0,,,,19.17546175,,,,,,299.9920807,,,,
,15581210.45,299.9927521,-14616.6254882812,-7.51962076833023,0.00129491047539791,1,0.999253354069792,40.0298881530762,1.98019488949716,10.7500003650784,-40.68527049096,-7.46744276048671,250,0.0137114550337543,-7.51815198110832,-0.0178303766800345,299.9927063,299.9927979,-14681.501953125,-14551.7490234375,57.1245386994676,20.827431196536,8.884414,0,0,0,40,4449,299.87295,-14616.6254882812,,,,,,,,,,,,,0,,,,19.17546175,,,,,,299.9927521,,,,
,15581211.66,299.9918976,-14496.7578125,-7.52120336943258,0.00110689411110604,1,0.999253354069792,40.0298881530762,1.98044150292052,10.7500003650784,-40.6994775696892,-7.46614615154841,250,0.0144128681444082,-7.51973738878642,-0.0171362798362562,299.9910889,299.9927063,-14551.7490234375,-14441.7666015625,56.3866813773137,20.8237115964467,9.256284,0,0,0,40,4449,299.8733,-14496.7578125,,,,,,,,,,,,,0,,,,18.9839077,,,,,,299.9918976,,,,
,15581212.7,299.9911194,-14391.8134765625,-7.51402364813057,0.00190341986452632,1,0.999253354069792,40.0298881530762,1.98034100989555,10.7399998232722,-40.655253571912,-7.47677524961559,250,0.0110486581473179,-7.51254518898349,-0.0204701186479915,299.9910889,299.9911499,-14441.7666015625,-14341.8603515625,56.6438371601406,20.8215001014089,8.884414,0,0,0,40,4449,299.87395,-14391.8134765625,,,,,,,,,,,,,0,,,,18.9839077,,,,,,299.9911194,,,,
,15581213.765,299.99127195,-14281.9248046875,-7.51308347517121,0.00169273980170469,1,0.999253354069792,40.0298881530762,1.98017702992082,10.7399998232722,-40.6487752398058,-7.46503154767311,250,0.0129344623430692,-7.51161302386259,-0.0185812823339742,299.9911499,299.991394,-14341.8603515625,-14221.9892578125,56.7040225561214,20.8204352907137,8.884414,0,0,0,40,4449,299.87395,-14281.9248046875,,,,,,,,,,,,,0,,,,18.9839077,,,,,,299.99127195,,,,
,15581214.905,299.9915924,-14167.1000976563,-7.51357120439956,0.00127425230036536,1,0.999253354069792,40.0298881530762,1.98020649544362,10.7399998232722,-40.6537693625892,-7.45609970311321,250,0.0146969810238832,-7.51210789082948,-0.0168218739487658,299.991394,299.9917908,-14221.9892578125,-14112.2109375,56.1459397933906,20.8284788390578,9.256284,0,0,0,40,4449,299.8727,-14167.1000976563,,,,,,,,,,,,,0,,,,19.17546175,,,,,,299.9915924,,,,
,15581215.89,299.99195865,-14072.3041992187,-7.51422906342831,0.00124876253554507,1,0.999253354069792,40.0298881530762,1.98028215153814,10.7500003650784,-40.6597776267906,-7.45199094332848,250,0.0156303682677321,-7.51276938854894,-0.0158918715313402,299.9917908,299.9921265,-14112.2109375,-14032.3974609375,56.9471090256022,20.8235425933496,9.256284,0,0,0,40,4449,299.87285,-14072.3041992187,,,,,,,,,,,,,0,,,,19.17546175,,,,,,299.99195865,,,,
,15581216.955,299.99250795,-13967.513671875,-7.50989614473445,0.00129655895122211,1,0.999253354069792,40.0298881530762,1.98016440789949,10.7500003650784,-40.6302887453237,-7.46713818042908,250,0.0119467828974259,-7.50842171188934,-0.0195568929174776,299.9921265,299.9928894,-14032.3974609375,-13902.6298828125,56.249114757929,20.8246759821859,8.512546,0,0,0,40,4449,299.874,-13967.513671875,,,,,,,,,,,,,0,,,,18.9839077,,,,,,299.99250795,,,,
,15581218.22,299.9927063,-13837.7475585938,-7.50838065750274,0.00119715040144178,1,0.999253354069792,40.0298881530762,1.98016391116172,10.7500003650784,-40.625727950677,-7.44595122434279,250,0.0155832530771491,-7.50692167446656,-0.0159153993406935,299.9925232,299.9928894,-13902.6298828125,-13772.865234375,56.7915649502752,20.8323502712967,8.512546,0,0,0,40,4449,299.8742,-13837.7475585938,,,,,,,,,,,,,0,,,,19.17546175,,,,,,299.9927063,,,,
,15581219.275,299.9922638,-13732.8759765625,-7.50649776206136,0.00195570882519821,1,0.999253354069792,40.0298881530762,1.98015312579565,10.7399998232722,-40.6098243414959,-7.47370834193307,250,0.0100951703136038,-7.50501622618594,-0.0213948523448927,299.9920044,299.9925232,-13772.865234375,-13692.88671875,57.210517836583,20.824322241576,9.256284,0,0,0,40,4449,299.87515,-13732.8759765625,,,,,,,,,,,,,0,,,,19.270751,,,,,,299.9922638,,,,
,15581220.29,299.9919586,-13632.9291992187,-7.50401737340323,0.00159830312087179,1,0.999253354069792,40.0298881530762,1.98032024802634,10.7399998232722,-40.6020396954402,-7.45949319652402,250,0.0123774923776834,-7.50254595383937,-0.0191030651226314,299.9919128,299.9920044,-13692.88671875,-13572.9716796875,56.8540952318137,20.8289722345932,9.256284,0,0,0,40,4449,299.87515,-13632.9291992187,,,,,,,,,,,,,0,,,,19.07919695,,,,,,299.9919586,,,,
,15581221.47,299.99108885,-13513.0971679688,-7.50622692735081,0.00127162940940348,1,0.999253354069792,40.0298881530762,1.98023019711267,10.7399998232722,-40.6162754151427,-7.43935080370777,250,0.0164508252362375,-7.50477231442128,-0.0150405907970895,299.9902649,299.9919128,-13572.9716796875,-13453.22265625,56.4624993436791,20.8274780314804,8.884414,0,0,0,40,4449,299.8736,-13513.0971679688,,,,,,,,,,,,,0,,,,19.17546175,,,,,,299.99108885,,,,
,15581222.635,299.9915619,-13398.3369140625,-7.50136443830068,0.00150234896278931,1,0.999253354069792,40.0298881530762,1.98029393258823,10.7399998232722,-40.5888236814715,-7.44778370136482,250,0.0140337701719731,-7.49990049504421,-0.0174372520121266,299.9902649,299.9928589,-13453.22265625,-13343.451171875,56.5758354789675,20.8282027976534,9.256284,0,0,0,40,4449,299.874,-13398.3369140625,,,,,,,,,,,,,0,,,,19.3670158,,,,,,299.9915619,,,,
,15581223.71,299.9928589,-13293.0625,-7.50264234147931,0.00156777763213503,1,0.999253354069792,40.0298881530762,1.98035689020516,10.7500003650784,-40.5973157388602,-7.44755338731393,250,0.0143561965899198,-7.50117910764705,-0.0171205139097627,299.9928589,299.9928589,-13343.451171875,-13242.673828125,57.0088576786214,20.8271611390317,9.256284,0,0,0,40,4449,299.8759,-13293.0625,,,,,,,,,,,,,0,,,,19.17546175,,,,,,299.9928589,,,,
,15581224.81,299.99235535,-13182.607421875,-7.49876949532532,0.00148539002236306,1,0.999253354069792,40.0298881530762,1.9803711667764,10.7399998232722,-40.5749723288679,-7.45278180601942,250,0.012682373394398,-7.49730005035045,-0.0187789556322549,299.9918518,299.9928589,-13242.673828125,-13122.541015625,56.7845302936022,20.8316221926828,9.256284,0,0,0,40,4449,299.8704,-13182.607421875,,,,,,,,,,,,,0,,,,19.17546175,,,,,,299.99235535,,,,
,15581225.915,299.9915619,-13072.6528320312,-7.49859734883169,0.00158925238618671,1,0.999253354069792,40.0298881530762,1.97990669187142,10.7500003650784,-40.5657554222718,-7.44553558022426,250,0.0136761223885419,-7.49713223266148,-0.0177856773761366,299.991272,299.9918518,-13122.541015625,-13022.7646484375,56.6352392464291,20.8247279072001,9.256284,0,0,0,40,4449,299.8666,-13072.6528320312,,,,,,,,,,,,,0,,,,19.3670158,,,,,,299.9915619,,,,
,15581226.945,299.99139405,-12967.755859375,-7.49473552927898,0.00147512872613519,1,0.999253354069792,40.0298881530762,1.98010950801957,10.7399998232722,-40.5478149027165,-7.44837722708153,250,0.0125725350452411,-7.49326657952217,-0.0188731968415279,299.991272,299.9915161,-13022.7646484375,-12912.7470703125,57.2871174314676,20.8235752020142,9.256284,0,0,0,40,4449,299.8677,-12967.755859375,,,,,,,,,,,,,0,,,,19.17546175,,,,,,299.99139405,,,,
,15581228.085,299.992157,-12852.8403320312,-7.49480340090789,0.00150181502796825,1,0.999253354069792,40.0298881530762,1.98018878775167,10.7500003650784,-40.5512522620378,-7.44071028561772,250,0.0140569062474944,-7.49334040317795,-0.0173899454737971,299.9915161,299.9927979,-12912.7470703125,-12792.93359375,56.0122813166021,20.8288490552002,8.512546,0,0,0,40,4449,299.86775,-12852.8403320312,,,,,,,,,,,,,0,,,,18.9839077,,,,,,299.992157,,,,
,15581229.05,299.9927979,-12757.9521484375,-7.49246767726979,0.00154689218761199,1,0.999253354069792,40.0298881530762,1.98018878775167,10.7500003650784,-40.5371005724645,-7.44655053455051,250,0.0125442499703883,-7.49099860405364,-0.0188927726767627,299.9927979,299.9927979,-12792.93359375,-12722.970703125,56.6039741056598,20.8288490552002,8.512546,0,0,0,40,4449,299.8691,-12757.9521484375,,,,,,,,,,,,,0,,,,19.17546175,,,,,,299.9927979,,,,
,15581230.035,299.9931183,-12657.9970703125,-7.49246323767949,0.00107007847818569,1,0.999253354069792,40.0298881530762,1.98045510931197,10.7399998232722,-40.5465904484123,-7.42488934096675,250,0.0167287709717664,-7.49101159200274,-0.0147095139909629,299.9927979,299.9934387,-12722.970703125,-12593.0234375,55.8981635527944,20.8267351569653,8.512546,0,0,0,40,4449,299.8694,-12657.9970703125,,,,,,,,,,,,,0,,,,19.17546175,,,,,,299.9931183,,,,
,15581231.215,299.9937439,-12538.1259765625,-7.49060159234738,0.00143989375915952,1,0.999253354069792,40.0298881530762,1.98032394391824,10.7500003650784,-40.5316955866301,-7.43443186307905,250,0.0145311625620018,-7.48914088620746,-0.0168993451323759,299.9934387,299.9940491,-12593.0234375,-12483.228515625,56.4578095725637,20.825208193273,9.256284,0,0,0,40,4449,299.87005,-12538.1259765625,,,,,,,,,,,,,0,,,,18.9839077,,,,,,299.9937439,,,,
,15581232.27,299.99266055,-12433.376953125,-7.48954423683666,0.00161489838350075,1,0.999253354069792,40.0298881530762,1.9802424583683,10.7399998232722,-40.5212526561967,-7.44978368535882,250,0.0114420543139154,-7.48807105019866,-0.0199837430296365,299.991272,299.9940491,-12483.228515625,-12383.525390625,57.0760777312753,20.8280128669597,9.256284,0,0,0,40,4449,299.87115,-12433.376953125,,,,,,,,,,,,,0,,,,18.9839077,,,,,,299.99266055,,,,
,15581233.375,299.99165345,-12323.5610351562,-7.48533257136799,0.00158115924395773,1,0.999253354069792,40.0298881530762,1.98025289269605,10.7399998232722,-40.5014314322668,-7.4307697088429,250,0.0141840125587881,-7.48387197772472,-0.0172251398258712,299.991272,299.9920349,-12383.525390625,-12263.5966796875,56.4437402592175,20.8267208146114,8.512546,0,0,0,40,4449,299.8715,-12323.5610351562,,,,,,,,,,,,,0,,,,18.9839077,,,,,,299.99165345,,,,
,15581234.585,299.99212645,-12203.75390625,-7.48546041206085,0.0016668104576632,1,0.999253354069792,40.0298881530762,1.98007991975654,10.7399998232722,-40.4976401210619,-7.43582571783133,250,0.0131561544408387,-7.48399531453219,-0.0182536902260109,299.9920349,299.992218,-12263.5966796875,-12143.9111328125,56.8470605751406,20.8249434106898,9.256284,0,0,0,40,4449,299.87305,-12203.75390625,,,,,,,,,,,,,0,,,,19.17546175,,,,,,299.99212645,,,,
,15581235.695,299.9927368,-12093.9301757813,-7.4832389903017,0.00195520134321291,1,0.999253354069792,40.0298881530762,1.98006189371966,10.7399998232722,-40.4857025866921,-7.43117283047527,250,0.0135926498951834,-7.48177597437771,-0.0178083047453663,299.992218,299.9932556,-12143.9111328125,-12043.94921875,56.6063189912175,20.8313236756647,9.256284,0,0,0,40,4449,299.8744,-12093.9301757813,,,,,,,,,,,,,0,,,,19.3670158,,,,,,299.9927368,,,,
,15581236.77,299.9923706,-11983.9765625,-7.48053564876769,0.0013166579817749,1,0.999253354069792,40.0298881530762,1.98016012923363,10.7399998232722,-40.4731774807021,-7.42808360085268,250,0.0137294849436131,-7.47907381445477,-0.0176606021392432,299.9914856,299.9932556,-12043.94921875,-11924.00390625,56.7993812354675,20.8222837392307,8.884414,0,0,0,40,4449,299.8749,-11983.9765625,,,,,,,,,,,,,0,,,,19.17546175,,,,,,299.9923706,,,,
,15581237.965,299.991745,-11864.05859375,-7.48069803585085,0.00149654694660987,1,0.999253354069792,40.0298881530762,1.98018127890481,10.7399998232722,-40.4741586494954,-7.43004674678823,250,0.013411481791832,-7.47923495746235,-0.0179797394215661,299.9914856,299.9920044,-11924.00390625,-11804.11328125,57.095618444256,20.8251637992296,8.512546,0,0,0,40,4449,299.8752,-11864.05859375,,,,,,,,,,,,,0,,,,19.17546175,,,,,,299.991745,,,,
,15581239.075,299.99230955,-11754.1298828125,-7.48280594023327,0.00106867151185329,1,0.999253354069792,40.0298881530762,1.98019060813834,10.7399998232722,-40.4839530094153,-7.44185680045015,250,0.0116255128843173,-7.4813347445974,-0.0197746040046551,299.9920044,299.9926147,-11804.11328125,-11704.146484375,56.5250296252175,20.8237971854748,9.256284,0,0,0,40,4449,299.87595,-11754.1298828125,,,,,,,,,,,,,0,,,,19.17546175,,,,,,299.99230955,,,,
,15581240.13,299.9928894,-11649.24609375,-7.47779190377985,0.00123340261750453,1,0.999253354069792,40.0298881530762,1.98017267683794,10.7399998232722,-40.4595597825483,-7.42012707443502,250,0.0147015975081868,-7.47633443219529,-0.0166785443687467,299.9926147,299.9931641,-11704.146484375,-11594.345703125,57.0252718775253,20.8310285013271,9.256284,0,0,0,40,4449,299.8763,-11649.24609375,,,,,,,,,,,,,0,,,,18.9839077,,,,,,299.9928894,,,,
,15581241.25,299.9931488,-11539.3911132812,-7.47623060786603,0.00145889740131591,1,0.999253354069792,40.0298881530762,1.98029212183687,10.7399998232722,-40.4522619332032,-7.42564497636491,250,0.013473199032956,-7.47476817413888,-0.0179007020678439,299.9931335,299.9931641,-11594.345703125,-11484.4365234375,56.3327490094867,20.8266875980097,9.256284,0,0,0,40,4449,299.87585,-11539.3911132812,,,,,,,,,,,,,0,,,,18.9839077,,,,,,299.9931488,,,,
,15581242.245,299.9929657,-11439.4838867187,-7.47340430165856,0.00189138510471921,1,0.999253354069792,40.0298881530762,1.98038918376823,10.7500003650784,-40.4380460418771,-7.42781239686849,250,0.0126144086936769,-7.47193885593197,-0.0187478049915964,299.9927979,299.9931335,-11484.4365234375,-11394.53125,56.1764233056406,20.8318574467981,8.884414,0,0,0,40,4449,299.87675,-11439.4838867187,,,,,,,,,,,,,0,,,,18.9839077,,,,,,299.9929657,,,,
,15581243.22,299.9925995,-11339.56640625,-7.47519124171296,0.00159321705179892,1,0.999253354069792,40.0298881530762,1.97975793559016,10.7399998232722,-40.4339194713109,-7.433861422266,250,0.0114003192306495,-7.47372041748765,-0.0199693745620922,299.9924011,299.9927979,-11394.53125,-11284.6015625,57.6216544376984,20.8247634401125,8.512546,0,0,0,40,4449,299.8786,-11339.56640625,,,,,,,,,,,,,0,,,,18.9839077,,,,,,299.9925995,,,,
,15581244.35,299.9927826,-11224.6010742187,-7.46822054130882,0.00135270912357446,1,0.999253354069792,40.0298881530762,1.98009820247591,10.7399998232722,-40.4066271184618,-7.40853834693764,250,0.0150206491631146,-7.46676623925659,-0.016320899599703,299.9924011,299.9931641,-11284.6015625,-11164.6005859375,55.7387113348713,20.8289438961199,9.256284,0,0,0,40,4449,299.87985,-11224.6010742187,,,,,,,,,,,,,0,,,,18.9839077,,,,,,299.9927826,,,,
,15581245.415,299.9931488,-11119.6157226562,-7.47003957324841,0.0016185573408217,1,0.999253354069792,40.0298881530762,1.98030193403966,10.7500003650784,-40.4201089125661,-7.41332571343273,250,0.0146108992594316,-7.46858302464592,-0.0167387948947655,299.9931335,299.9931641,-11164.6005859375,-11074.630859375,56.2209761312367,20.8261533901998,9.256284,0,0,0,40,4449,299.8789,-11119.6157226562,,,,,,,,,,,,,0,,,,18.9839077,,,,,,299.9931488,,,,
,15581246.47,299.99226375,-11014.689453125,-7.46657969169337,0.00133862359526596,1,0.999253354069792,40.0298881530762,1.98009511721263,10.7399998232722,-40.3958361391718,-7.41688694661144,250,0.0131718932940276,-7.4651179932819,-0.0181635969550209,299.991394,299.9931335,-11074.630859375,-10954.748046875,56.6532167023714,20.8271473227428,9.256284,0,0,0,40,4449,299.87785,-11014.689453125,,,,,,,,,,,,,0,,,,19.17546175,,,,,,299.99226375,,,,
,15581247.61,299.99179075,-10899.693359375,-7.46700725835018,0.00138186544753526,1,0.999253354069792,40.0298881530762,1.98022253588406,10.7500003650784,-40.4032864796105,-7.40375047927323,250,0.0157663738074236,-7.46555645410206,-0.0155718236930194,299.991394,299.9921875,-10954.748046875,-10844.638671875,56.689171614256,20.8322011987213,9.256284,0,0,0,40,4449,299.87895,-10899.693359375,,,,,,,,,,,,,0,,,,19.17546175,,,,,,299.99179075,,,,
,15581248.705,299.99269105,-10789.75390625,-7.46361126955621,0.00173072991445721,1,0.999253354069792,40.0298881530762,1.9800734624901,10.7399998232722,-40.3786647867404,-7.41752471018883,250,0.0124897640135579,-7.46214710927224,-0.0188340196974021,299.9921875,299.9931946,-10844.638671875,-10734.869140625,56.2764717561021,20.8203183100889,9.256284,0,0,0,40,4449,299.8789,-10789.75390625,,,,,,,,,,,,,0,,,,19.17546175,,,,,,299.99269105,,,,
,15581249.82,299.99310305,-10679.9248046875,-7.46210920725638,0.00170887700217713,1,0.999253354069792,40.0298881530762,1.98013604125816,10.7399998232722,-40.3713901633313,-7.4183739663305,250,0.0120970570677979,-7.46064353402082,-0.0192209378299051,299.9930115,299.9931946,-10734.869140625,-10624.98046875,57.4489145349484,20.8257004365528,8.512546,0,0,0,40,4449,299.8781,-10679.9248046875,,,,,,,,,,,,,0,,,,19.17546175,,,,,,299.99310305,,,,
,15581250.985,299.99263,-10565.0473632813,-7.46132809178648,0.00167885122601649,1,0.999253354069792,40.0298881530762,1.9803457292385,10.7399998232722,-40.3724186579674,-7.41251481112194,250,0.0131775607630607,-7.45986719658903,-0.0181378502685901,299.9922485,299.9930115,-10624.98046875,-10505.1142578125,56.4132567469675,20.8295035963245,8.512546,0,0,0,40,4449,299.87845,-10565.0473632813,,,,,,,,,,,,,0,,,,19.17546175,,,,,,299.99263,,,,
,15581251.985,299.993103,-10465.1284179688,-7.45756397950861,0.00147167321149344,1,0.999253354069792,40.0298881530762,1.9803457292385,10.7399998232722,-40.3520391007649,-7.40883704131466,250,0.0131598479874327,-7.45610360907301,-0.0181401372880332,299.9922485,299.9939575,-10505.1142578125,-10425.142578125,56.5390989385637,20.8295035963245,9.256284,0,0,0,40,4449,299.87905,-10465.1284179688,,,,,,,,,,,,,0,,,,19.17546175,,,,,,299.993103,,,,
,15581253.045,299.9934082,-10360.1186523438,-7.45980890153573,0.0015446094248352,1,0.999253354069792,40.0298881530762,1.9801828426006,10.7500003650784,-40.3608430008095,-7.41103430670488,250,0.0130604351397228,-7.45834752818292,-0.0182494283306263,299.9928589,299.9939575,-10425.142578125,-10295.0947265625,56.3178980676213,20.8270969598096,8.884414,0,0,0,40,4449,299.879,-10360.1186523438,,,,,,,,,,,,,0,,,,18.9839077,,,,,,299.9934082,,,,
,15581254.13,299.9928589,-10250.1572265625,-7.45521346473445,0.00143276134704472,1,0.999253354069792,40.0298881530762,1.98025393385494,10.7399998232722,-40.3365405828787,-7.41132350505046,250,0.0122034191708782,-7.45374952377083,-0.0190875690740777,299.9928589,299.9928589,-10295.0947265625,-10205.2197265625,56.4968909985252,20.8289438305577,9.256284,0,0,0,40,4449,299.87825,-10250.1572265625,,,,,,,,,,,,,0,,,,19.17546175,,,,,,299.9928589,,,,
,15581255.06,299.9926758,-10155.2080078125,-7.4546957450366,0.00162048666899082,1,0.999253354069792,40.0298881530762,1.98025393385494,10.7500003650784,-40.3361096911591,-7.39802746893661,250,0.0145657916918608,-7.45324185730102,-0.0167236810036393,299.9924927,299.9928589,-10205.2197265625,-10105.1962890625,57.383257739333,20.8289438305577,9.256284,0,0,0,40,4449,299.88025,-10155.2080078125,,,,,,,,,,,,,0,,,,19.3670158,,,,,,299.9926758,,,,
,15581256.235,299.9927826,-10040.1748046875,-7.45679182725238,0.00144743364193807,1,0.999253354069792,40.0298881530762,1.98005538976575,10.7399998232722,-40.3439911604893,-7.39676261957754,250,0.0150550659265026,-7.45533948880262,-0.0162438159307459,299.9924927,299.9930725,-10105.1962890625,-9975.1533203125,57.3856026248907,20.8232518534036,9.256284,0,0,0,40,4449,299.88025,-10040.1748046875,,,,,,,,,,,,,0,,,,19.3670158,,,,,,299.9927826,,,,
,15581257.315,299.9930725,-9934.83154296875,-7.45049205545357,0.00155416028647892,1,0.999253354069792,40.0298881530762,1.97995783881181,10.7399998232722,-40.304205087264,-7.41045802698996,250,0.0112893948723403,-7.44902505208051,-0.01998292250513,299.9930725,299.9930725,-9975.1533203125,-9894.509765625,56.7055858131598,20.819623534561,8.512546,0,0,0,40,4449,299.87885,-9934.83154296875,,,,,,,,,,,,,0,,,,19.3670158,,,,,,299.9930725,,,,
,15581258.305,299.99261475,-9834.4599609375,-7.44696752134342,0.00172632382899999,1,0.999253354069792,40.0298881530762,1.98007668616062,10.7500003650784,-40.2886984216711,-7.40091177169271,250,0.0124814916652804,-7.4455063314067,-0.0187766096302426,299.992157,299.9930725,-9894.509765625,-9774.41015625,57.3308886285445,20.8263371319251,9.256284,0,0,0,40,4449,299.87975,-9834.4599609375,,,,,,,,,,,,,0,,,,19.270751,,,,,,299.99261475,,,,
,15581259.49,299.9922943,-9714.4541015625,-7.44698282686797,0.0014525397357011,1,0.999253354069792,40.0298881530762,1.98010099306282,10.7399998232722,-40.289226957655,-7.40121470241608,250,0.0124451814248272,-7.44552152457721,-0.0188134460671415,299.992157,299.9924316,-9774.41015625,-9654.498046875,55.8051497590059,20.826303938042,9.256284,0,0,0,40,4449,299.88025,-9714.4541015625,,,,,,,,,,,,,0,,,,19.270751,,,,,,299.9922943,,,,
,15581260.645,299.99293515,-9599.53369140625,-7.44348053762386,0.00152105254401699,1,0.999253354069792,40.0298881530762,1.98052890873767,10.7399998232722,-40.2803199031616,-7.39091439249316,250,0.0139887576218403,-7.44202619456341,-0.0172560644099889,299.9924316,299.9934387,-9654.498046875,-9544.5693359375,56.8611298884868,20.8287198628695,8.512546,0,0,0,40,4449,299.87965,-9599.53369140625,,,,,,,,,,,,,0,,,,19.270751,,,,,,299.99293515,,,,
,15581261.735,299.9935608,-9489.57568359375,-7.44191466054731,0.00152272631169289,1,0.999253354069792,40.0298881530762,1.98026706371214,10.7399998232722,-40.2676303005787,-7.38312910910854,250,0.0149621306347442,-7.44046448890809,-0.016276954434346,299.9934387,299.9936829,-9544.5693359375,-9434.58203125,56.5086154263137,20.8253636766503,8.512546,0,0,0,40,4449,299.8784,-9489.57568359375,,,,,,,,,,,,,0,,,,19.07919695,,,,,,299.9935608,,,,
,15581262.805,299.99253845,-9379.57373046875,-7.43983841899644,0.00137330610604359,1,0.999253354069792,40.0298881530762,1.98035896027139,10.7500003650784,-40.2592676743449,-7.37575009567189,250,0.0160036001089992,-7.4383932765027,-0.0152274530386777,299.991394,299.9936829,-9434.58203125,-9324.5654296875,55.8239088434674,20.8252232140361,9.256284,0,0,0,40,4449,299.8785,-9379.57373046875,,,,,,,,,,,,,0,,,,19.17546175,,,,,,299.99253845,,,,
,15581263.78,299.9919128,-9279.60693359375,-7.43965536452594,0.00163881178342575,1,0.999253354069792,40.0298881530762,1.98036372164516,10.7399998232722,-40.256935968306,-7.38333159639308,250,0.0145717191433162,-7.43820437840124,-0.0166587188482304,299.991394,299.9924316,-9324.5654296875,-9234.6484375,56.096697196679,20.8262741385234,8.884414,0,0,0,40,4449,299.87845,-9279.60693359375,,,,,,,,,,,,,0,,,,19.17546175,,,,,,299.9919128,,,,
,15581265.655,299.992218,-9094.83642578125,-7.44064133604034,0.00129440009227212,1,0.999253354069792,40.0298881530762,1.98044029748932,10.7399998232722,-40.263496246401,-7.38616583443771,250,0.0142830427275804,-7.43918875903181,-0.0169524727307197,299.992218,299.992218,-9104.8115234375,-9084.861328125,57.1651833824676,20.8284313374686,8.884414,0,0,0,40,4449,299.8769,-9094.83642578125,,,,,,,,,,,,,0,,,,19.17546175,,,,,,299.992218,,,,
,15581266.365,299.99298095,-9024.8623046875,-7.43436724848312,0.00157152101307477,1,0.999253354069792,40.0298881530762,1.98013314545151,10.7399998232722,-40.2230365359082,-7.38109603701163,250,0.0138505912976205,-7.43291390174357,-0.017358718005405,299.992218,299.9937439,-9084.861328125,-8964.86328125,57.2699216040445,20.8238889296167,9.256284,0,0,0,40,4449,299.8776,-9024.8623046875,,,,,,,,,,,,,0,,,,19.17546175,,,,,,299.99298095,,,,
,15581267.575,299.9933777,-8904.92333984375,-7.43405889176225,0.00159040089547235,1,0.999253354069792,40.0298881530762,1.98033615556488,10.7399998232722,-40.2273905794366,-7.37073641531192,250,0.0158454394977147,-7.43261383712142,-0.0153633536188446,299.9930115,299.9937439,-8964.86328125,-8844.9833984375,57.2933704596215,20.8301237599297,8.512546,0,0,0,40,4449,299.8788,-8904.92333984375,,,,,,,,,,,,,0,,,,19.17546175,,,,,,299.9933777,,,,
,15581268.665,299.99313355,-8795.00732421875,-7.43631386922414,0.00135197119851114,1,0.999253354069792,40.0298881530762,1.98047839463802,10.7399998232722,-40.243354747835,-7.36840443234668,250,0.01679061155318,-7.43487234530284,-0.0144283155578674,299.9930115,299.9932556,-8844.9833984375,-8745.03125,57.0776409883137,20.824150626412,8.512546,0,0,0,40,4449,299.8788,-8795.00732421875,,,,,,,,,,,,,0,,,,19.17546175,,,,,,299.99313355,,,,
,15581269.69,299.99264525,-8695.0693359375,-7.43377943595059,0.00131602829059181,1,0.999253354069792,40.0298881530762,1.98033678400981,10.7500003650784,-40.2267823123083,-7.36565741667215,250,0.0167340000856604,-7.43233827725947,-0.0144747640857139,299.9920349,299.9932556,-8745.03125,-8645.107421875,56.780622151006,20.8282219366955,9.256284,0,0,0,40,4449,299.87835,-8695.0693359375,,,,,,,,,,,,,0,,,,19.17546175,,,,,,299.99264525,,,,
,15581270.89,299.99220275,-8575.14501953125,-7.43122742945081,0.00143244446485208,1,0.999253354069792,40.0298881530762,1.98017874989789,10.7399998232722,-40.2062535263495,-7.38191268456932,250,0.0131498343328186,-7.42977182246633,-0.0180479374554737,299.9920349,299.9923706,-8645.107421875,-8505.1826171875,56.1537560785829,20.8292787767064,8.512546,0,0,0,40,4449,299.8789,-8575.14501953125,,,,,,,,,,,,,0,,,,19.07919695,,,,,,299.99220275,,,,
,15581271.95,299.9920807,-8465.19287109375,-7.42713832551695,0.00158253917524447,1,0.999253354069792,40.0298881530762,1.98017874989789,10.7399998232722,-40.1846898699284,-7.37482908303397,250,0.0137017942345352,-7.42568584943291,-0.0174794580662614,299.9917908,299.9923706,-8505.1826171875,-8425.203125,56.6008475915829,20.8292787767064,9.256284,0,0,0,40,4449,299.8784,-8465.19287109375,,,,,,,,,,,,,0,,,,19.07919695,,,,,,299.9920807,,,,
,15581272.93,299.9926453,-8370.3076171875,-7.42453509756132,0.00146755460508078,1,0.999253354069792,40.0298881530762,1.98033688300637,10.7399998232722,-40.1748223314031,-7.36694345949125,250,0.0147834909151358,-7.423087498395,-0.0163874591178147,299.9917908,299.9934998,-8425.203125,-8315.412109375,56.9291315696599,20.8335735087256,9.256284,0,0,0,40,4449,299.8784,-8370.3076171875,,,,,,,,,,,,,0,,,,19.17546175,,,,,,299.9926453,,,,
,15581273.985,299.99331665,-8265.41015625,-7.42316956920556,0.0016191849052401,1,0.999253354069792,40.0298881530762,1.98020241623251,10.7500003650784,-40.1640584606254,-7.36894782850505,250,0.0140698812886304,-7.42171902734424,-0.0170956203232908,299.9931335,299.9934998,-8315.412109375,-8215.408203125,56.3491632083906,20.8268298522725,8.512546,0,0,0,40,4449,299.87855,-8265.41015625,,,,,,,,,,,,,0,,,,19.17546175,,,,,,299.99331665,,,,
,15581274.975,299.99342345,-8165.43823242188,-7.4239559857578,0.00134675402430225,1,0.999253354069792,40.0298881530762,1.98020241623251,10.7399998232722,-40.1691451770107,-7.36524118748828,250,0.014901433703936,-7.42250870447651,-0.0162679704678519,299.9931335,299.9937134,-8215.408203125,-8115.46826171875,56.3218062102175,20.8268298522725,9.256284,0,0,0,40,4449,299.8785,-8165.43823242188,,,,,,,,,,,,,0,,,,18.9839077,,,,,,299.99342345,,,,
,15581276.08,299.9932709,-8055.48852539063,-7.42128011026973,0.00143403725652709,1,0.999253354069792,40.0298881530762,1.98033722822487,10.7399998232722,-40.158307062053,-7.3578232416591,250,0.0158674095959787,-7.41983743569747,-0.0152913201392419,299.9928284,299.9937134,-8115.46826171875,-7995.5087890625,56.8384626614291,20.8319220055356,9.256284,0,0,0,40,4449,299.87935,-8055.48852539063,,,,,,,,,,,,,0,,,,19.17546175,,,,,,299.9932709,,,,
,15581277.145,299.99328615,-7950.4677734375,-7.42122109578425,0.00160522868926759,1,0.999253354069792,40.0298881530762,1.98026851155514,10.7500003650784,-40.1544226249457,-7.3694106153828,250,0.0136686062861412,-7.41976915397721,-0.0174898919568071,299.9928284,299.9937439,-7995.5087890625,-7905.4267578125,56.2889778124098,20.8247849866209,9.256284,0,0,0,40,4449,299.8792,-7950.4677734375,,,,,,,,,,,,,0,,,,19.270751,,,,,,299.99328615,,,,
,15581278.2,299.9935303,-7845.43310546875,-7.41803084509469,0.00194727245251431,1,0.999253354069792,40.0298881530762,1.98012288880182,10.7399998232722,-40.1329018047643,-7.37315432893081,250,0.0122876116494355,-7.4165736382255,-0.0188577297396439,299.9933167,299.9937439,-7905.4267578125,-7785.439453125,55.6863422240828,20.8258156739693,8.512546,0,0,0,40,4449,299.8786,-7845.43310546875,,,,,,,,,,,,,0,,,,19.270751,,,,,,299.9935303,,,,
,15581279.41,299.99351505,-7720.50732421875,-7.41568404804081,0.00171883761104119,1,0.999253354069792,40.0298881530762,1.98029624280149,10.7500003650784,-40.1236082116291,-7.3715735979944,250,0.0122615291896214,-7.41422716994419,-0.0188744067010387,299.9933167,299.9937134,-7785.439453125,-7655.5751953125,56.7720242372945,20.830114751233,8.512546,0,0,0,40,4449,299.8792,-7720.50732421875,,,,,,,,,,,,,0,,,,19.3670158,,,,,,299.99351505,,,,
,15581280.625,299.9928131,-7600.54467773437,-7.41565590622418,0.0014711622005721,1,0.999253354069792,40.0298881530762,1.98020873539779,10.7399998232722,-40.1248804205263,-7.35422467998598,250,0.0154054949097136,-7.41421239358233,-0.0157312941722724,299.9919128,299.9937134,-7655.5751953125,-7545.51416015625,56.3616692646983,20.8280574655015,8.512546,0,0,0,40,4449,299.8806,-7600.54467773437,,,,,,,,,,,,,0,,,,19.3670158,,,,,,299.9928131,,,,
,15581281.75,299.99256895,-7490.74462890625,-7.40829324570028,0.00183749999049941,1,0.999253354069792,40.0298881530762,1.98021074509334,10.7500003650784,-40.0828746246679,-7.35883454457255,250,0.0131898539772052,-7.4068419401173,-0.0179161492116561,299.9919128,299.9932251,-7545.51416015625,-7435.97509765625,56.516431711506,20.8240774601954,8.512546,0,0,0,40,4449,299.87965,-7490.74462890625,,,,,,,,,,,,,0,,,,19.270751,,,,,,299.99256895,,,,
,15581283.26,299.9932556,-7340.97094726563,-7.40896945008833,0.0011761030136977,1,0.999253354069792,40.0298881530762,1.98021223215853,10.7500003650784,-40.0871851503751,-7.35614678982843,250,0.0138138365332988,-7.40752037091056,-0.0172958483428851,299.9932251,299.9932861,-7435.97509765625,-7245.966796875,56.7587365524675,20.825461564031,9.256284,0,0,0,40,4449,299.8789,-7340.97094726563,,,,,,,,,,,,,0,,,,19.07919695,,,,,,299.9932556,,,,
,15581284.775,299.99334715,-7186.0166015625,-7.403524397864,0.00158510817098323,1,0.999253354069792,40.0298881530762,1.98016627078308,10.7399998232722,-40.0561327421476,-7.35426256067506,250,0.0131223084053666,-7.40207344182039,-0.0179649617755748,299.9932861,299.9934082,-7245.966796875,-7126.06640625,56.1146746526213,20.8261371762727,9.256284,0,0,0,40,4449,299.87935,-7186.0166015625,,,,,,,,,,,,,0,,,,18.9839077,,,,,,299.99334715,,,,
,15581285.93,299.9929962,-7066.06494140625,-7.40383358871679,0.001354909372083,1,0.999253354069792,40.0298881530762,1.98006036876601,10.7399998232722,-40.0559290116766,-7.35304085223321,250,0.0133343578912274,-7.40238358121089,-0.0177539883024216,299.9925842,299.9934082,-7126.06640625,-7006.0634765625,57.5216059872369,20.8228058605685,8.512546,0,0,0,40,4449,299.88555,-7066.06494140625,,,,,,,,,,,,,0,,,,18.9839077,,,,,,299.9929962,,,,
,15581287,299.9927826,-6961.0947265625,-7.40165229084386,0.00159246383567683,1,0.999253354069792,40.0298881530762,1.98033702886623,10.7500003650784,-40.0511635102097,-7.34336709683871,250,0.0149032977800693,-7.40020939925987,-0.0161759296907245,299.9925842,299.992981,-7006.0634765625,-6916.1259765625,56.709493955756,20.8229922314428,9.256284,0,0,0,40,4449,299.89135,-6961.0947265625,,,,,,,,,,,,,0,,,,18.9839077,,,,,,299.9927826,,,,
,15581288.07,299.993454,-6856.14453125,-7.39898375934819,0.00170819341440286,1,0.999253354069792,40.0298881530762,1.98021923169623,10.7500003650784,-40.032496775311,-7.35055525054784,250,0.0130012403311506,-7.39753318754335,-0.0180669613933462,299.992981,299.993927,-6916.1259765625,-6796.1630859375,56.6328943608714,20.822714618822,9.256284,0,0,0,40,4449,299.89025,-6856.14453125,,,,,,,,,,,,,0,,,,19.17546175,,,,,,299.993454,,,,
,15581289.2,299.99409485,-6741.1328125,-7.40342291911397,0.00138127540698412,1,0.999253354069792,40.0298881530762,1.98010844401845,10.7399998232722,-40.0549504262676,-7.35120697329834,250,0.0136301733808997,-7.40197386454441,-0.0174572710404091,299.993927,299.9942627,-6796.1630859375,-6686.1025390625,57.0315249056791,20.830130248029,8.512546,0,0,0,40,4449,299.8902,-6741.1328125,,,,,,,,,,,,,0,,,,19.17546175,,,,,,299.99409485,,,,
,15581290.155,299.9943695,-6645.87426757812,-7.39349506048739,0.00163731281658219,1,0.999253354069792,40.0298881530762,1.98035264484935,10.7399998232722,-40.0067151885334,-7.33863717755447,250,0.0142769680701659,-7.39205062207496,-0.0167693915763911,299.9942627,299.9944763,-6686.1025390625,-6605.64599609375,56.9009929429675,20.8230547146711,9.256284,0,0,0,40,4449,299.88955,-6645.87426757812,,,,,,,,,,,,,0,,,,18.9839077,,,,,,299.9943695,,,,
,15581291.15,299.9939575,-6550.6533203125,-7.39733878384047,0.00150025629890345,1,0.999253354069792,40.0298881530762,1.98019392809111,10.7399998232722,-40.0231779868805,-7.34838789559936,250,0.0130816094720606,-7.39588858692168,-0.0179813765603024,299.9934387,299.9944763,-6605.64599609375,-6495.66064453125,57.1808159528522,20.8271834509642,9.256284,0,0,0,40,4449,299.88675,-6550.6533203125,,,,,,,,,,,,,0,,,,19.17546175,,,,,,299.9939575,,,,
,15581292.265,299.9929962,-6435.6650390625,-7.39422914046477,0.00170884932127775,1,0.999253354069792,40.0298881530762,1.98017608040369,10.7399998232722,-40.0068507723234,-7.34066111700024,250,0.0139222765321035,-7.39278331025637,-0.0171284309677345,299.9925537,299.9934387,-6495.66064453125,-6375.66943359375,56.2334821875444,20.8236913586284,8.884414,0,0,0,40,4449,299.8856,-6435.6650390625,,,,,,,,,,,,,0,,,,19.3670158,,,,,,299.9929962,,,,
,15581293.305,299.9929962,-6330.646484375,-7.38906987710831,0.00165672115153363,1,0.999253354069792,40.0298881530762,1.98040656911019,10.7399998232722,-39.9853566069878,-7.32622477358809,250,0.0157888873841049,-7.38763289341072,-0.0152409662188646,299.9925537,299.9934387,-6375.66943359375,-6285.62353515625,56.0771564836982,20.8265258305658,8.512546,0,0,0,40,4449,299.88555,-6330.646484375,,,,,,,,,,,,,0,,,,19.3670158,,,,,,299.9929962,,,,
,15581294.415,299.99401855,-6220.59912109375,-7.39157217604574,0.00173469554476765,1,0.999253354069792,40.0298881530762,1.98004578295663,10.7399998232722,-39.9915938058765,-7.32845240535416,250,0.0156006815036909,-7.39013357233477,-0.0154400829343734,299.9934387,299.9945984,-6285.62353515625,-6155.57470703125,56.1349969941213,20.826518591992,9.256284,0,0,0,40,4449,299.88555,-6220.59912109375,,,,,,,,,,,,,0,,,,19.17546175,,,,,,299.99401855,,,,
,15581295.615,299.99458315,-6100.63452148438,-7.38811997449997,0.00150148152364295,1,0.999253354069792,40.0298881530762,1.98019551238874,10.7399998232722,-39.9775625485009,-7.31640461156727,250,0.0172885969818412,-7.38668894179732,-0.0137387034552033,299.9945679,299.9945984,-6155.57470703125,-6045.6943359375,57.0823307594291,20.8311258536997,9.256284,0,0,0,40,4449,299.88385,-6100.63452148438,,,,,,,,,,,,,0,,,,18.9839077,,,,,,299.99458315,,,,
,15581296.685,299.99420165,-5995.72680664062,-7.3818154651537,0.00180457659708853,1,0.999253354069792,40.0298881530762,1.98023991079738,10.7500003650784,-39.9391564487336,-7.33817920855503,250,0.0121240663235104,-7.38036406700802,-0.0188763973436505,299.9938354,299.9945679,-6045.6943359375,-5945.75927734375,55.8028048734482,20.8223763597783,9.256284,0,0,0,40,4449,299.88165,-5995.72680664062,,,,,,,,,,,,,0,,,,19.07919695,,,,,,299.99420165,,,,
,15581297.805,299.9933929,-5880.81201171875,-7.38543931079423,0.00165743174643197,1,0.999253354069792,40.0298881530762,1.98019672826848,10.7399998232722,-39.9598588889953,-7.33113847535985,250,0.0140694391151995,-7.38399551851661,-0.0169471195944457,299.9929504,299.9938354,-5945.75927734375,-5815.86474609375,57.4567308201407,20.8278814831644,8.512546,0,0,0,40,4449,299.88145,-5880.81201171875,,,,,,,,,,,,,0,,,,19.07919695,,,,,,299.9933929,,,,
,15581299.285,299.9924316,-5730.90014648438,-7.37856786379757,0.00161989515143503,1,0.999253354069792,40.0298881530762,1.98037232319674,10.7500003650784,-39.9267790540931,-7.32147290543255,250,0.014700190594019,-7.37712830370991,-0.016288442443363,299.9919128,299.9929504,-5815.86474609375,-5645.935546875,56.5617661656214,20.8231739705583,9.256284,0,0,0,40,4449,299.87975,-5730.90014648438,,,,,,,,,,,,,0,,,,19.17546175,,,,,,299.9924316,,,,
,15581300.715,299.992691,-5591.0078125,-7.38014999628226,0.00166570275212513,1,0.999253354069792,40.0298881530762,1.98027741541971,10.7399998232722,-39.9325162416205,-7.32785867850289,250,0.0137504323356533,-7.3787059829421,-0.0172454097974008,299.9919128,299.9934692,-5645.935546875,-5536.080078125,57.0213637349291,20.8264712105801,8.512546,0,0,0,40,4449,299.87805,-5591.0078125,,,,,,,,,,,,,0,,,,19.17546175,,,,,,299.992691,,,,
,15581301.785,299.9927063,-5486.05102539063,-7.37333112991658,0.00175311711545347,1,0.999253354069792,40.0298881530762,1.98040058322736,10.7399998232722,-39.898485993902,-7.31913133523274,250,0.0141819743946938,-7.37189027423923,-0.0167857181509466,299.9919434,299.9934692,-5536.080078125,-5436.02197265625,55.8700249261021,20.826652592177,8.512546,0,0,0,40,4449,299.87815,-5486.05102539063,,,,,,,,,,,,,0,,,,18.9839077,,,,,,299.9927063,,,,
,15581302.845,299.99214175,-5381.04248046875,-7.37231974543999,0.00199941371264878,1,0.999253354069792,40.0298881530762,1.98017280967636,10.7399998232722,-39.8900237407445,-7.30929689499356,250,0.0156614533368156,-7.37088541158936,-0.0153028248708184,299.9919434,299.9923401,-5436.02197265625,-5326.06298828125,56.2952308405636,20.8259360425882,8.884414,0,0,0,40,4449,299.87715,-5381.04248046875,,,,,,,,,,,,,0,,,,19.07919695,,,,,,299.99214175,,,,
,15581303.97,299.99287415,-5271.1259765625,-7.37145863264854,0.00154842260895555,1,0.999253354069792,40.0298881530762,1.98014393541737,10.7399998232722,-39.8821763116686,-7.32246558186878,250,0.0130482181462731,-7.37001325377319,-0.0179123993552446,299.9923401,299.9934082,-5326.06298828125,-5216.18896484375,56.9619599674676,20.8200908963513,8.512546,0,0,0,40,4449,299.87665,-5271.1259765625,,,,,,,,,,,,,0,,,,19.1744862,,,,,,299.99287415,,,,
,15581304.995,299.9935608,-5166.23828125,-7.37450170499023,0.00134516790881296,1,0.999253354069792,40.0298881530762,1.98028836770109,10.7500003650784,-39.90160551394,-7.32532041531769,250,0.0131813721171636,-7.37305604179937,-0.0177924455458149,299.9934082,299.9937134,-5216.18896484375,-5116.28759765625,56.1099848815059,20.8288950830895,8.512546,0,0,0,40,4449,299.87675,-5166.23828125,,,,,,,,,,,,,0,,,,19.270751,,,,,,299.9935608,,,,
,15581306.01,299.99331665,-5061.3037109375,-7.37093328676097,0.0016195010176627,1,0.999253354069792,40.0298881530762,1.97996194183654,10.7500003650784,-39.8768792598739,-7.315239267673,250,0.01416661657811,-7.36949249334617,-0.0167930517120126,299.9929199,299.9937134,-5116.28759765625,-5006.31982421875,56.147503050429,20.8258747487838,9.256284,0,0,0,40,4449,299.87485,-5061.3037109375,,,,,,,,,,,,,0,,,,19.3670158,,,,,,299.99331665,,,,
,15581307.18,299.9928589,-4946.337890625,-7.37091828097849,0.00134323500815685,1,0.999253354069792,40.0298881530762,1.98004498072166,10.7500003650784,-39.8802200161758,-7.30586941435094,250,0.0159521007466824,-7.36948507299278,-0.0150082967958782,299.9927979,299.9929199,-5006.31982421875,-4886.35595703125,55.9098879805828,20.8292419238338,9.256284,0,0,0,40,4449,299.87495,-4946.337890625,,,,,,,,,,,,,0,,,,19.270751,,,,,,299.9928589,,,,
,15581308.255,299.99307255,-4841.3837890625,-7.36502877622801,0.00158160461679015,1,0.999253354069792,40.0298881530762,1.9803306799083,10.7500003650784,-39.8529104990134,-7.3067331214115,250,0.0148906480469054,-7.36359222618863,-0.0160450577907525,299.9927979,299.9933472,-4886.35595703125,-4796.41162109375,56.7157469839098,20.8258757735841,8.884414,0,0,0,40,4449,299.8761,-4841.3837890625,,,,,,,,,,,,,0,,,,19.07919695,,,,,,299.99307255,,,,
,15581309.32,299.99331665,-4731.4423828125,-7.36751593585976,0.000914643940131968,1,0.999253354069792,40.0298881530762,1.9800531523643,10.7399998232722,-39.8600194954894,-7.31305121532357,250,0.0139993250174907,-7.36607503345511,-0.016947026144378,299.9932861,299.9933472,-4796.41162109375,-4666.47314453125,56.5023623981598,20.8328316406998,9.256284,0,0,0,40,4449,299.8764,-4731.4423828125,,,,,,,,,,,,,0,,,,19.17546175,,,,,,299.99331665,,,,
,15581310.455,299.9934387,-4616.47387695313,-7.35933800702371,0.0018140788193634,1,0.999253354069792,40.0298881530762,1.98015974631013,10.7399998232722,-39.8174540592138,-7.30753444908418,250,0.0135743224020733,-7.35789690565812,-0.0173380718801134,299.9932861,299.9935913,-4666.47314453125,-4566.474609375,55.9528775491405,20.8301227432206,8.884414,0,0,0,40,4449,299.87605,-4616.47387695313,,,,,,,,,,,,,0,,,,19.17546175,,,,,,299.9934387,,,,
,15581311.54,299.99269105,-4511.44677734375,-7.36094319098454,0.00133930800445437,1,0.999253354069792,40.0298881530762,1.98011762583452,10.7500003650784,-39.8269037028328,-7.30040089766721,250,0.0151633688010907,-7.35950859756136,-0.0157565349872287,299.9917908,299.9935913,-4566.474609375,-4456.4189453125,56.0388566862559,20.8202530683824,8.884414,0,0,0,40,4449,299.87565,-4511.44677734375,,,,,,,,,,,,,0,,,,19.17546175,,,,,,299.99269105,,,,
,15581312.65,299.9915924,-4401.49145507812,-7.35693656368996,0.00159501149847174,1,0.999253354069792,40.0298881530762,1.98020241851819,10.7399998232722,-39.8062155481578,-7.30036706532517,250,0.0144834609733691,-7.35550019234608,-0.0164198513893408,299.991394,299.9917908,-4456.4189453125,-4346.56396484375,56.8869236296214,20.8228424359492,9.256284,0,0,0,40,4449,299.87595,-4401.49145507812,,,,,,,,,,,,,0,,,,19.3670158,,,,,,299.9915924,,,,
,15581313.76,299.99197385,-4286.52587890625,-7.35212906155141,0.00178066877492153,1,0.999253354069792,40.0298881530762,1.98021435479199,10.7399998232722,-39.7768286767433,-7.31509642978869,250,0.0108770919498726,-7.35067837631573,-0.0200057274686188,299.991394,299.9925537,-4346.56396484375,-4226.48779296875,56.6289862182752,20.8214508725406,8.512546,0,0,0,40,4449,299.8759,-4286.52587890625,,,,,,,,,,,,,0,,,,19.17546175,,,,,,299.99197385,,,,
,15581314.815,299.9920044,-4181.59033203125,-7.35591339312186,0.00123733298657116,1,0.999253354069792,40.0298881530762,1.98018160153181,10.7399998232722,-39.8002441891311,-7.29941797372478,250,0.0144561131926908,-7.35447692913541,-0.0164436753863654,299.9914551,299.9925537,-4226.48779296875,-4136.69287109375,57.4489145349484,20.8202299986895,9.256284,0,0,0,40,4449,299.87625,-4181.59033203125,,,,,,,,,,,,,0,,,,18.9839077,,,,,,299.9920044,,,,
,15581315.94,299.9915161,-4071.66259765625,-7.34717588919912,0.00177541658839499,1,0.999253354069792,40.0298881530762,1.98013145256355,10.7500003650784,-39.7498711594545,-7.30197849437087,250,0.0123296703689757,-7.34573235389734,-0.0185335120837882,299.9914551,299.9915771,-4136.69287109375,-4006.63232421875,56.3468183228329,20.8206452556841,9.256284,0,0,0,40,4449,299.87525,-4071.66259765625,,,,,,,,,,,,,0,,,,19.17546175,,,,,,299.9915161,,,,
,15581317.135,299.9914703,-3951.70239257812,-7.34846647051161,0.00125315677133973,1,0.999253354069792,40.0298881530762,1.98033605019695,10.7399998232722,-39.763178689818,-7.29149316343583,250,0.0146440324926734,-7.34703235496458,-0.0162255783107628,299.9913635,299.9915771,-4006.63232421875,-3896.7724609375,55.9325552076405,20.8228498643644,9.256284,0,0,0,40,4449,299.87445,-3951.70239257812,,,,,,,,,,,,,0,,,,19.3670158,,,,,,299.9914703,,,,
,15581318.135,299.9907684,-3851.77587890625,-7.3436560550995,0.00147969223943725,1,0.999253354069792,40.0298881530762,1.98054609698254,10.7399998232722,-39.7425440208693,-7.28055494161991,250,0.0159137313374058,-7.34222841776114,-0.0149361861433945,299.9901733,299.9913635,-3896.7724609375,-3806.779296875,56.8994296859291,20.8179395786887,9.256284,0,0,0,40,4449,299.87535,-3851.77587890625,,,,,,,,,,,,,0,,,,19.17546175,,,,,,299.9907684,,,,
,15581319.18,299.99031065,-3746.77294921875,-7.34957631659073,0.00124789011309102,1,0.999253354069792,40.0298881530762,1.98058507367333,10.7500003650784,-39.7790263942613,-7.26672434164799,250,0.0195943164731847,-7.34816302896833,-0.0112815309830167,299.9901733,299.990448,-3806.779296875,-3686.7666015625,56.3077368968713,20.8249987410959,9.256284,0,0,0,40,4449,299.8759,-3746.77294921875,,,,,,,,,,,,,0,,,,18.9839077,,,,,,299.99031065,,,,
,15581320.295,299.99038695,-3636.77709960937,-7.34786958411357,0.00187567744776701,1,0.999253354069792,40.0298881530762,1.97979830378221,10.7399998232722,-39.7499265162475,-7.28623445866713,250,0.015149594919006,-7.34643792355037,-0.0157184892937071,299.9903259,299.990448,-3686.7666015625,-3586.78759765625,56.2921043264867,20.8293094781324,9.256284,0,0,0,40,4449,299.8766,-3636.77709960937,,,,,,,,,,,,,0,,,,18.9839077,,,,,,299.99038695,,,,
,15581321.25,299.98982235,-3541.8115234375,-7.33950667814361,0.0020079572108147,1,0.999253354069792,40.0298881530762,1.98014345177133,10.7399998232722,-39.7070014131463,-7.30310372817557,250,0.0107091262525948,-7.33805820248846,-0.0201231070564178,299.9893188,299.9903259,-3586.78759765625,-3496.83544921875,56.7970363499099,20.8193747632417,8.512546,0,0,0,40,4449,299.8779,-3541.8115234375,,,,,,,,,,,,,0,,,,18.9839077,,,,,,299.98982235,,,,
,15581322.275,299.9898529,-3436.72497558594,-7.3375489198511,0.00161419378974948,1,0.999253354069792,40.0298881530762,1.98038536182703,10.7399998232722,-39.7037490858648,-7.2879547814652,250,0.0133078695575686,-7.33611171949646,-0.0175169934647106,299.9893188,299.990387,-3496.83544921875,-3376.61450195313,56.9580518248714,20.8298016835697,9.256284,0,0,0,40,4449,299.8783,-3436.72497558594,,,,,,,,,,,,,0,,,,19.17546175,,,,,,299.9898529,,,,
,15581323.335,299.98947145,-3331.41564941406,-7.33740977236669,0.00172112275160401,1,0.999253354069792,40.0298881530762,1.98026513539346,10.7500003650784,-39.7018346940873,-7.28097296151147,250,0.0144932781075415,-7.33597766606447,-0.0163314188513443,299.9885559,299.990387,-3376.61450195313,-3286.216796875,56.7438856106022,20.8249162417899,9.256284,0,0,0,40,4449,299.8799,-3331.41564941406,,,,,,,,,,,,,0,,,,19.17546175,,,,,,299.98947145,,,,
,15581324.35,299.9891815,-3231.15649414063,-7.33297228387411,0.00191058553758053,1,0.999253354069792,40.0298881530762,1.98024489359304,10.7399998232722,-39.6747996003109,-7.29067495711129,250,0.0118636049825595,-7.33153008127682,-0.0189422441277425,299.9885559,299.9898071,-3286.216796875,-3176.09619140625,56.7868751791599,20.827334722495,9.256284,0,0,0,40,4449,299.8801,-3231.15649414063,,,,,,,,,,,,,0,,,,19.17546175,,,,,,299.9891815,,,,
,15581325.485,299.9897461,-3116.146484375,-7.33278841920802,0.00138630902024495,1,0.999253354069792,40.0298881530762,1.98034679048119,10.7500003650784,-39.6784904980071,-7.27632146194307,250,0.0145511777452023,-7.33135734531144,-0.0162549253018608,299.9896851,299.9898071,-3176.09619140625,-3056.19677734375,56.0935706826021,20.8271302274995,9.256284,0,0,0,40,4449,299.87945,-3116.146484375,,,,,,,,,,,,,0,,,,19.3670158,,,,,,299.9897461,,,,
,15581326.61,299.98907475,-3001.12036132812,-7.32924296452308,0.0016941034168492,1,0.999253354069792,40.0298881530762,1.98020906630973,10.7399998232722,-39.6543459870121,-7.28455317771584,250,0.0122809255294262,-7.32780322339192,-0.0185101713850849,299.9884644,299.9896851,-3056.19677734375,-2946.0439453125,57.1237570709483,20.8219703432342,9.256284,0,0,0,40,4449,299.87985,-3001.12036132812,,,,,,,,,,,,,0,,,,19.3670158,,,,,,299.98907475,,,,
,15581327.67,299.9890442,-2896.09851074219,-7.32504596279555,0.00164661647384904,1,0.999253354069792,40.0298881530762,1.98028797123859,10.7399998232722,-39.6333891313944,-7.27952908196147,250,0.0124842702865151,-7.32360789729874,-0.0182896643486523,299.9884644,299.989624,-2946.0439453125,-2846.15307617187,57.4833061897945,20.821860439667,8.512546,0,0,0,40,4449,299.8793,-2896.09851074219,,,,,,,,,,,,,0,,,,19.3670158,,,,,,299.9890442,,,,
,15581328.79,299.9891052,-2786.140625,-7.32699173037568,0.00127209529671278,1,0.999253354069792,40.0298881530762,1.98032831762038,10.7399998232722,-39.6470117473239,-7.26916562898921,250,0.0147880488919501,-7.32556290273892,-0.0159948176418933,299.9885864,299.989624,-2846.15307617187,-2726.12817382813,57.2925888311022,20.8206120889411,9.256284,0,0,0,40,4449,299.88,-2786.140625,,,,,,,,,,,,,0,,,,19.3670158,,,,,,299.9891052,,,,
,15581329.84,299.98867795,-2681.11303710938,-7.32415878978615,0.00164403706480952,1,0.999253354069792,40.0298881530762,1.9803068380406,10.7500003650784,-39.6327842457776,-7.25807833920954,250,0.0162985046020657,-7.32273698052101,-0.0144729653648211,299.9885864,299.9887695,-2726.12817382813,-2636.09790039062,56.7681160946983,20.8318709342262,8.512546,0,0,0,40,4449,299.8813,-2681.11303710938,,,,,,,,,,,,,0,,,,19.17546175,,,,,,299.98867795,,,,
,15581330.87,299.9884491,-2576.19494628906,-7.32498826919621,0.00147811241942468,1,0.999253354069792,40.0298881530762,1.98025413494156,10.7399998232722,-39.633524391503,-7.27337826143688,250,0.0135891211130309,-7.32355494214428,-0.0171855853036702,299.9881287,299.9887695,-2636.09790039062,-2516.2919921875,55.8411046708905,20.8191404338685,9.256284,0,0,0,40,4449,299.8817,-2576.19494628906,,,,,,,,,,,,,0,,,,19.17546175,,,,,,299.9884491,,,,
,15581332.025,299.98783875,-2461.28442382813,-7.32256840328014,0.00100002838845526,1,0.999253354069792,40.0298881530762,1.98033646531325,10.7399998232722,-39.623703239177,-7.26229300243509,250,0.01524474846036,-7.32114264816519,-0.015520553742574,299.9875488,299.9881287,-2516.2919921875,-2406.27685546875,56.2991389831598,20.8239098716573,9.256284,0,0,0,40,4449,299.88135,-2461.28442382813,,,,,,,,,,,,,0,,,,19.3670158,,,,,,299.98783875,,,,
,15581333.1,299.98805235,-2356.29382324219,-7.3149529899742,0.00181786689017384,1,0.999253354069792,40.0298881530762,1.98021237324602,10.7399998232722,-39.5787820203644,-7.26127083557688,250,0.0139396838789843,-7.31352322616768,-0.0167935477155783,299.9875488,299.9885559,-2406.27685546875,-2306.31079101562,57.4012351952753,20.8261999216516,8.512546,0,0,0,40,4449,299.88265,-2356.29382324219,,,,,,,,,,,,,0,,,,19.3670158,,,,,,299.98805235,,,,
,15581334.125,299.9882965,-2251.32543945313,-7.31623925448353,0.00122421492032583,1,0.999253354069792,40.0298881530762,1.98035091395548,10.7500003650784,-39.5877264958085,-7.26690399072047,250,0.0132286013092746,-7.31480615417671,-0.0175101159882974,299.9880371,299.9885559,-2306.31079101562,-2196.34008789062,56.5930313063906,20.823136490776,8.512546,0,0,0,40,4449,299.8836,-2251.32543945313,,,,,,,,,,,,,0,,,,19.17546175,,,,,,299.9882965,,,,
,15581335.245,299.98745725,-2136.31030273438,-7.31098519683301,0.00142177442862731,1,0.999253354069792,40.0298881530762,1.98023573566774,10.7500003650784,-39.5603828955496,-7.2433220178289,250,0.0165383375820773,-7.30956726900911,-0.0141792671214099,299.9868774,299.9880371,-2196.34008789062,-2076.28051757813,56.3053920113137,20.8281126968955,9.256284,0,0,0,40,4449,299.8843,-2136.31030273438,,,,,,,,,,,,,0,,,,18.9839077,,,,,,299.98745725,,,,
,15581336.25,299.9874115,-2036.31713867187,-7.31028166603857,0.00161102093444031,1,0.999253354069792,40.0298881530762,1.98044372825757,10.7500003650784,-39.5585743023109,-7.25444481462734,250,0.0144889768074974,-7.30885527215427,-0.0162253805994659,299.9868774,299.9879456,-2076.28051757813,-1996.35375976562,55.9255205509675,20.8205821394766,9.256284,0,0,0,40,4449,299.8859,-2036.31713867187,,,,,,,,,,,,,0,,,,19.17546175,,,,,,299.9874115,,,,
,15581337.24,299.98802185,-1936.35095214844,-7.31275105460301,0.00169133522626409,1,0.999253354069792,40.0298881530762,1.98014574737613,10.7399998232722,-39.5672239915826,-7.24992278332537,250,0.0155863851925759,-7.31132857636237,-0.0151388613811101,299.9879456,299.9880981,-1996.35375976562,-1876.34814453125,55.6144324003136,20.8260992000886,9.256284,0,0,0,40,4449,299.8861,-1936.35095214844,,,,,,,,,,,,,0,,,,19.17546175,,,,,,299.98802185,,,,
,15581338.39,299.98820495,-1821.37902832031,-7.30521083604738,0.00178109852067923,1,0.999253354069792,40.0298881530762,1.98029891569591,10.7500003650784,-39.5253184517935,-7.2650463988502,250,0.0114935224261175,-7.30377262341983,-0.0191994698157775,299.9880981,299.9883118,-1876.34814453125,-1766.40991210938,56.6774471864675,20.8231975981728,8.884414,0,0,0,40,4449,299.88695,-1821.37902832031,,,,,,,,,,,,,0,,,,19.07919695,,,,,,299.98820495,,,,
,15581339.555,299.98873905,-1706.40252685547,-7.30320684565106,0.00143705396345093,1,0.999253354069792,40.0298881530762,1.98027509547118,10.7399998232722,-39.5148837335044,-7.25826290222584,250,0.0123604891567572,-7.30177251699529,-0.0183244935220195,299.9883118,299.9891663,-1766.40991210938,-1646.39514160156,56.8189219484483,20.8219190886248,9.256284,0,0,0,40,4449,299.88795,-1706.40252685547,,,,,,,,,,,,,0,,,,19.270751,,,,,,299.98873905,,,,
,15581340.685,299.98835755,-1591.43701171875,-7.30274556812751,0.00153664623187642,1,0.999253354069792,40.0298881530762,1.98027098046251,10.7399998232722,-39.5138529875844,-7.2494590300414,250,0.0139003753593782,-7.30131786051002,-0.0167834542500324,299.9875488,299.9891663,-1646.39514160156,-1536.47888183594,56.912717370756,20.8277764223913,8.512546,0,0,0,40,4449,299.88695,-1591.43701171875,,,,,,,,,,,,,0,,,,19.3670158,,,,,,299.98835755,,,,
,15581341.81,299.9872131,-1481.52453613281,-7.30048513115297,0.00144460419850678,1,0.999253354069792,40.0298881530762,1.98017922900074,10.7399998232722,-39.5009743192957,-7.24076270310008,250,0.0150288826316308,-7.29906290014309,-0.0156460224820407,299.9868774,299.9875488,-1536.47888183594,-1426.57019042969,56.3085185253906,20.8268415010448,8.884414,0,0,0,40,4449,299.88685,-1481.52453613281,,,,,,,,,,,,,0,,,,19.270751,,,,,,299.9872131,,,,
,15581342.78,299.9868774,-1386.54522705078,-7.29504860442305,0.00180224645138105,1,0.999253354069792,40.0298881530762,1.98041766718798,10.7399998232722,-39.4753209611789,-7.24093374962181,250,0.014146527881667,-7.2936238475012,-0.0165055169803488,299.9868774,299.9868774,-1426.57019042969,-1346.52026367188,57.0190188493714,20.8243723855327,8.512546,0,0,0,40,4449,299.88785,-1386.54522705078,,,,,,,,,,,,,0,,,,19.270751,,,,,,299.9868774,,,,
,15581343.725,299.9868927,-1291.54162597656,-7.29458023388917,0.0018398360563642,1,0.999253354069792,40.0298881530762,1.98028881056669,10.7399998232722,-39.46971021806,-7.24308894796915,250,0.0135764986698239,-7.29315315084044,-0.0170736971626402,299.9868774,299.986908,-1346.52026367188,-1236.56298828125,57.0901470446214,20.8210024868671,9.256284,0,0,0,40,4449,299.8882,-1291.54162597656,,,,,,,,,,,,,0,,,,19.3670158,,,,,,299.9868927,,,,
,15581344.795,299.986908,-1181.54382324219,-7.29133124545232,0.00175391548021746,1,0.999253354069792,40.0298881530762,1.98056484907953,10.7399998232722,-39.4570954920532,-7.24299770588109,250,0.0131731604694325,-7.28990310210394,-0.0174635399736725,299.986908,299.986908,-1236.56298828125,-1126.52465820312,56.2194128741983,20.821491088981,8.884414,0,0,0,40,4449,299.88885,-1181.54382324219,,,,,,,,,,,,,0,,,,19.17546175,,,,,,299.986908,,,,
,15581345.735,299.98710635,-1086.57232666016,-7.29013837286999,0.00190056012197823,1,0.999253354069792,40.0298881530762,1.98050891207161,10.7399998232722,-39.4483336417493,-7.2481888263207,250,0.0119558570769956,-7.28870526441215,-0.0186760029234487,299.986908,299.9873047,-1126.52465820312,-1046.61999511719,57.0534105042176,20.8222227246818,9.256284,0,0,0,40,4449,299.8876,-1086.57232666016,,,,,,,,,,,,,0,,,,19.17546175,,,,,,299.98710635,,,,
,15581346.76,299.98710635,-986.663421630859,-7.2879098561022,0.00162872918846509,1,0.999253354069792,40.0298881530762,1.98029987700468,10.7399998232722,-39.4363191518545,-7.22309283715486,250,0.0160447103558387,-7.28649434483756,-0.0145789920115562,299.986908,299.9873047,-1046.61999511719,-926.706848144531,56.9174071418714,20.821495119355,8.512546,0,0,0,40,4449,299.8868,-986.663421630859,,,,,,,,,,,,,0,,,,19.17546175,,,,,,299.98710635,,,,
,15581347.835,299.98692325,-881.811401367187,-7.28538181524197,0.00176489875435888,1,0.999253354069792,40.0298881530762,1.98022983555103,10.7500003650784,-39.4184122320263,-7.23580145372707,250,0.0131802989359528,-7.2839548274151,-0.0174322534627925,299.986908,299.9869385,-926.706848144531,-836.915954589844,56.9689946241406,20.8302830007634,8.884414,0,0,0,40,4449,299.8887,-881.811401367187,,,,,,,,,,,,,0,,,,19.17546175,,,,,,299.98692325,,,,
,15581348.875,299.98716735,-776.956298828125,-7.28338679977872,0.00121489893978013,1,0.999253354069792,40.0298881530762,1.98022983555103,10.7399998232722,-39.4097609341948,-7.22226092503386,250,0.0153140034962395,-7.28196909423996,-0.015290841995862,299.9869385,299.9873962,-836.915954589844,-716.996643066406,56.9385111118906,20.8302830007634,8.512546,0,0,0,40,4449,299.889,-776.956298828125,,,,,,,,,,,,,0,,,,19.3670158,,,,,,299.98716735,,,,
,15581350.05,299.98709105,-657.041320800781,-7.28175780545938,0.00134922048957629,1,0.999253354069792,40.0298881530762,1.98036462978303,10.7500003650784,-39.402482761233,-7.22694830407888,250,0.0142341749552445,-7.28033589991764,-0.0163637635302859,299.9867859,299.9873962,-716.996643066406,-597.085998535156,56.7274714116983,20.8249947711954,9.256284,0,0,0,40,4449,299.89025,-657.041320800781,,,,,,,,,,,,,0,,,,19.3670158,,,,,,299.98709105,,,,
,15581351.095,299.9869232,-552.133407592773,-7.27850541342291,0.00132892823269271,1,0.999253354069792,40.0298881530762,1.98026226250739,10.7399998232722,-39.3828065521754,-7.22385020075036,250,0.0141365752898924,-7.27708379652219,-0.0164477633746533,299.9867859,299.9870605,-597.085998535156,-507.180816650391,57.3168193151984,20.8225049581552,8.512546,0,0,0,40,4449,299.8917,-552.133407592773,,,,,,,,,,,,,0,,,,19.3670158,,,,,,299.9869232,,,,
,15581352.1,299.986557,-452.141555786133,-7.27445275163385,0.00197833766042206,1,0.999253354069792,40.0298881530762,1.98013229025816,10.7500003650784,-39.3547277727728,-7.23894739460177,250,0.0105084525178538,-7.27301679125308,-0.0200583534550388,299.9860535,299.9870605,-507.180816650391,-397.102294921875,56.1037318533521,20.8174383853965,8.512546,0,0,0,40,4449,299.89175,-452.141555786133,,,,,,,,,,,,,0,,,,19.17546175,,,,,,299.986557,,,,
,15581353.155,299.9871674,-347.22802734375,-7.27188749360712,0.00133917957439983,1,0.999253354069792,40.0298881530762,1.9802409269325,10.7399998232722,-39.349111028254,-7.20357823194826,250,0.0166437919302407,-7.27047764215265,-0.0139137776145196,299.9860535,299.9882813,-397.102294921875,-297.353759765625,55.7926437026982,20.8247822709856,9.256284,0,0,0,40,4449,299.8913,-347.22802734375,,,,,,,,,,,,,0,,,,19.17546175,,,,,,299.9871674,,,,
,15581354.095,299.98854065,-252.368499755859,-7.27182890476237,0.000940951474736312,1,0.999253354069792,40.0298881530762,1.98008328973221,10.7399998232722,-39.342326863438,-7.22134847314068,250,0.0132440121381762,-7.27040438934937,-0.0173128591505576,299.9882813,299.9888,-297.353759765625,-207.383239746094,56.015407830679,20.8254617480165,9.256284,0,0,0,40,4449,299.891,-252.368499755859,,,,,,,,,,,,,0,,,,19.3670158,,,,,,299.98854065,,,,
,15581355.12,299.9886322,-152.430713653564,-7.26431995105487,0.00192731779334223,1,0.999253354069792,40.0298881530762,1.98028202893548,10.7399998232722,-39.3053190718274,-7.21583770314954,250,0.0130012487602136,-7.2628959063188,-0.0175241608999846,299.9884644,299.9888,-207.383239746094,-97.4781875610352,56.5789619930445,20.8288689091684,8.884414,0,0,0,40,4449,299.8915,-152.430713653564,,,,,,,,,,,,,0,,,,19.3670158,,,,,,299.9886322,,,,
,15581357.14,299.9872589,0.562435954809189,-7.25839984201561,0.00184537652897012,1,0.999253354069792,40.0298881530762,1.97994798998058,10.7500003650784,-39.2627649606536,-7.23067881456832,250,0.0089394906264348,-7.25696032673477,-0.0215599749721697,299.9857788,299.988739,0.359959006309509,0.764912903308868,56.5445703381983,20.8150300701727,8.512546,0,0,0,40,4417,299.8955,0.562435954809189,,,,,,,,,,,,,0,,,,19.3670158,,,,,,299.9872589,,,,
